{"frameRate":30,"isGlobal":0,"armature":[{"skin":[{"name":"","slot":[{"display":[{"path":"zi_guangbo_eff/zise","type":"image","name":"zi_guangbo_eff/zise","transform":{"y":-8.77,"x":-0.92}}],"blendMode":"add","name":"zi_guangbo_eff/zise"},{"display":[{"path":"zi_guangbo_eff/sj_chongji_eff_05","type":"image","name":"zi_guangbo_eff/sj_chongji_eff_05","transform":{"y":-0.27,"x":0.07}}],"blendMode":"add","name":"zi_guangbo_eff/sj_chongji_eff_7"},{"display":[{"path":"zi_fangshe04_eff_pz","type":"image","name":"zi_fangshe04_eff_pz","transform":{"scX":35.931,"y":4.84,"scY":35.931,"x":-0.08}}],"name":"zi_fangshe04_eff_pz"},{"display":[{"path":"zi_leidian2/leiyu_001_eff","type":"image","name":"zi_leidian2/leiyu_001_eff","transform":{"y":138.01,"x":40.11}}],"blendMode":"add","name":"zi_leidian2/leiyu_001_eff"},{"display":[{"path":"zi_guangbo_eff/zi_fangshe_02_eff_03","type":"image","name":"zi_guangbo_eff/zi_fangshe_02_eff_03","transform":{"y":1.11,"x":-0.84}}],"name":"zi_guangbo_eff/zi_fangshe_02_eff_03"},{"display":[{"path":"zi_leidian1_eff/lan_leidianhuohua_eff_01","type":"image","name":"zi_leidian1_eff/lan_leidianhuohua_eff_01","transform":{"y":-12.43,"x":20.33}},{"path":"zi_leidian1_eff/lan_leidianhuohua_eff_02","type":"image","name":"zi_leidian1_eff/lan_leidianhuohua_eff_02","transform":{}},{"path":"zi_leidian1_eff/lan_leidianhuohua_eff_03","type":"image","name":"zi_leidian1_eff/lan_leidianhuohua_eff_03","transform":{}},{"path":"zi_leidian1_eff/lan_leidianhuohua_eff_04","type":"image","name":"zi_leidian1_eff/lan_leidianhuohua_eff_04","transform":{}},{"path":"zi_leidian1_eff/lan_leidianhuohua_eff_05","type":"image","name":"zi_leidian1_eff/lan_leidianhuohua_eff_05","transform":{}}],"blendMode":"add","name":"zi_leidian1_eff/lan_leidianhuohua_eff_01"}]}],"slot":[{"name":"zi_fangshe04_eff_pz","parent":"zi_fangshe04_eff_pz","color":{}},{"blendMode":"add","z":1,"parent":"zi_guangbo_eff/zise","name":"zi_guangbo_eff/zise","color":{}},{"z":2,"name":"zi_guangbo_eff/zi_fangshe_02_eff_03","parent":"zi_guangbo_eff/zi_fangshe_02_eff_03","color":{}},{"displayIndex":3,"blendMode":"add","z":3,"parent":"zi_leidian1_eff/lan_leidianhuohua_eff_01","name":"zi_leidian1_eff/lan_leidianhuohua_eff_01","color":{}},{"blendMode":"add","z":4,"parent":"zi_guangbo_eff/sj_chongji_eff_7","name":"zi_guangbo_eff/sj_chongji_eff_7","color":{}},{"displayIndex":-1,"blendMode":"add","z":5,"parent":"zi_leidian2/leiyu_001_eff","name":"zi_leidian2/leiyu_001_eff","color":{}}],"type":"Armature","ik":[],"defaultActions":[{"gotoAndPlay":"000_yanshi"}],"animation":[{"ffd":[],"frame":[],"duration":60,"ik":[],"bone":[{"frame":[{"duration":15,"curve":[0,0.77,0.75,1],"transform":{"scX":3.492,"scY":3.492}},{"duration":15,"curve":[0.25,0,1,0.05],"transform":{"scX":0.376,"scY":0.376}},{"duration":15,"transform":{"scX":6.353,"scY":6.353}},{"tweenEasing":0,"duration":15,"transform":{"scX":6.353,"scY":6.353}},{"duration":0,"transform":{"scX":10,"scY":10}}],"name":"zi_guangbo_eff/zise"},{"frame":[{"tweenEasing":0,"duration":5,"transform":{}},{"duration":20,"transform":{"scX":3.671,"scY":3.671}},{"duration":5,"transform":{"scX":3.671,"scY":3.671}},{"duration":10,"transform":{"scX":3.671,"scY":3.671}},{"duration":20,"transform":{"scX":3.671,"scY":3.671}},{"duration":0,"transform":{"scX":3.671,"scY":3.671}}],"name":"zi_guangbo_eff/zi_fangshe_02_eff_03"},{"frame":[{"duration":30,"transform":{"y":28.8,"x":5.33}},{"duration":15,"transform":{"y":28.8,"x":5.33}},{"duration":15,"curve":[0,0.61,0.75,1],"transform":{"scX":3,"y":28.8,"scY":3,"x":5.33}},{"duration":0,"transform":{"scX":5,"y":28.8,"scY":5,"x":5.33}}],"name":"zi_leidian1_eff/lan_leidianhuohua_eff_01"},{"frame":[{"tweenEasing":0,"duration":45,"transform":{}},{"duration":15,"curve":[0,0.42,0.75,1],"transform":{"scX":1.48,"scY":1.48}},{"duration":0,"transform":{"scX":20,"scY":20}}],"name":"zi_guangbo_eff/sj_chongji_eff_7"},{"frame":[{"tweenEasing":0,"duration":30,"transform":{}},{"tweenEasing":0,"duration":5,"transform":{"skX":-21.12,"skY":-21.12,"scX":3,"y":-677.82,"scY":3,"x":-551.07}},{"duration":5,"transform":{"skX":-132.03,"skY":-132.03,"scX":3,"y":690.58,"scY":3,"x":-448.84}},{"duration":20,"transform":{"skX":44.77,"skY":44.77,"scX":3,"y":-727.09,"scY":3,"x":458.62}}],"name":"zi_leidian2/leiyu_001_eff"},{"frame":[{"duration":30,"transform":{"scX":8.533,"scY":8.533}},{"duration":15,"transform":{"scX":8.533,"scY":8.533}},{"duration":15,"transform":{"scX":8.533,"scY":8.533}},{"duration":0,"transform":{"scX":8.533,"scY":8.533}}],"name":"zi_fangshe04_eff_pz"},{"frame":[{"duration":60,"transform":{}}],"name":"root"}],"slot":[{"frame":[{"tweenEasing":0,"displayIndex":-1,"duration":45},{"tweenEasing":0,"duration":5},{"tweenEasing":0,"duration":10},{"tweenEasing":null,"duration":0,"color":{"aM":0}}],"name":"zi_guangbo_eff/sj_chongji_eff_7"},{"frame":[{"tweenEasing":0,"duration":2,"color":{"aM":0}},{"tweenEasing":0,"duration":3},{"tweenEasing":null,"duration":55,"color":{"aM":0}}],"name":"zi_guangbo_eff/zi_fangshe_02_eff_03"},{"frame":[{"duration":10,"curve":[0,0.385,0.875,1],"color":{"aM":0}},{"tweenEasing":0,"duration":2},{"tweenEasing":0,"duration":2,"color":{"aM":71}},{"tweenEasing":0,"duration":2},{"tweenEasing":0,"duration":2,"color":{"aM":71}},{"tweenEasing":0,"duration":2},{"tweenEasing":0,"duration":2,"color":{"aM":71}},{"tweenEasing":0,"duration":2},{"tweenEasing":0,"duration":6,"color":{"aM":71}},{"tweenEasing":0,"duration":2},{"tweenEasing":0,"duration":2,"color":{"aM":52}},{"tweenEasing":0,"duration":2,"color":{"aM":27}},{"tweenEasing":0,"duration":2,"color":{"aM":52}},{"tweenEasing":0,"duration":2,"color":{"aM":27}},{"tweenEasing":0,"duration":2,"color":{"aM":52}},{"tweenEasing":0,"duration":2,"color":{"aM":27}},{"tweenEasing":0,"duration":1,"color":{"aM":52}},{"tweenEasing":0,"duration":5},{"tweenEasing":0,"duration":10},{"tweenEasing":null,"duration":0,"color":{"aM":0}}],"name":"zi_guangbo_eff/zise"},{"frame":[{"tweenEasing":0,"duration":3},{"tweenEasing":0,"displayIndex":1,"duration":3},{"tweenEasing":0,"displayIndex":2,"duration":3},{"tweenEasing":0,"displayIndex":3,"duration":3},{"tweenEasing":0,"displayIndex":4,"duration":3},{"tweenEasing":0,"duration":3},{"tweenEasing":0,"displayIndex":1,"duration":3},{"tweenEasing":0,"displayIndex":2,"duration":3},{"tweenEasing":0,"displayIndex":3,"duration":3},{"tweenEasing":0,"displayIndex":4,"duration":3},{"tweenEasing":0,"displayIndex":-1,"duration":15},{"tweenEasing":0,"duration":2},{"tweenEasing":0,"displayIndex":1,"duration":2},{"tweenEasing":0,"displayIndex":2,"duration":2},{"tweenEasing":0,"displayIndex":3,"duration":3},{"tweenEasing":0,"displayIndex":4,"duration":6},{"tweenEasing":null,"displayIndex":-1,"duration":0}],"name":"zi_leidian1_eff/lan_leidianhuohua_eff_01"},{"frame":[{"tweenEasing":0,"displayIndex":-1,"duration":30},{"tweenEasing":0,"duration":4},{"tweenEasing":null,"duration":1,"color":{"aM":0}},{"tweenEasing":0,"duration":4},{"tweenEasing":null,"duration":1,"color":{"aM":0}},{"tweenEasing":0,"duration":4},{"tweenEasing":null,"duration":16,"color":{"aM":0}}],"name":"zi_leidian2/leiyu_001_eff"}],"name":"000_yanshi"},{"ffd":[],"frame":[],"duration":30,"ik":[],"bone":[{"frame":[{"duration":15,"curve":[0,0.77,0.75,1],"transform":{"scX":3.492,"scY":3.492}},{"duration":15,"curve":[0.25,0,1,0.05],"transform":{"scX":0.376,"scY":0.376}},{"duration":0,"transform":{"scX":6.353,"scY":6.353}}],"name":"zi_guangbo_eff/zise"},{"frame":[{"tweenEasing":0,"duration":5,"transform":{}},{"duration":20,"transform":{"scX":3.671,"scY":3.671}},{"duration":5,"transform":{"scX":3.671,"scY":3.671}},{"duration":0,"transform":{"scX":3.671,"scY":3.671}}],"name":"zi_guangbo_eff/zi_fangshe_02_eff_03"},{"frame":[{"duration":30,"transform":{"y":28.8,"x":5.33}},{"duration":0,"transform":{"y":28.8,"x":5.33}}],"name":"zi_leidian1_eff/lan_leidianhuohua_eff_01"},{"frame":[{"duration":30,"transform":{}},{"duration":0,"transform":{}}],"name":"zi_guangbo_eff/sj_chongji_eff_7"},{"frame":[{"tweenEasing":0,"duration":30,"transform":{}},{"duration":0,"transform":{"skX":-21.12,"skY":-21.12,"scX":3,"y":-677.82,"scY":3,"x":-551.07}}],"name":"zi_leidian2/leiyu_001_eff"},{"frame":[{"duration":30,"transform":{"scX":8.533,"scY":8.533}},{"duration":0,"transform":{"scX":8.533,"scY":8.533}}],"name":"zi_fangshe04_eff_pz"},{"frame":[{"tweenEasing":0,"duration":30,"transform":{}},{"duration":0,"transform":{}}],"name":"root"}],"slot":[{"frame":[{"tweenEasing":0,"duration":30},{"tweenEasing":null,"duration":0}],"name":"zi_fangshe04_eff_pz"},{"frame":[{"tweenEasing":0,"displayIndex":-1,"duration":30},{"tweenEasing":null,"displayIndex":-1,"duration":0}],"name":"zi_guangbo_eff/sj_chongji_eff_7"},{"frame":[{"tweenEasing":0,"duration":2,"color":{"aM":0}},{"tweenEasing":0,"duration":3},{"tweenEasing":null,"duration":25,"color":{"aM":0}},{"tweenEasing":null,"duration":0,"color":{"aM":0}}],"name":"zi_guangbo_eff/zi_fangshe_02_eff_03"},{"frame":[{"duration":10,"curve":[0,0.385,0.875,1],"color":{"aM":0}},{"tweenEasing":0,"duration":2},{"tweenEasing":0,"duration":2,"color":{"aM":71}},{"tweenEasing":0,"duration":2},{"tweenEasing":0,"duration":2,"color":{"aM":71}},{"tweenEasing":0,"duration":2},{"tweenEasing":0,"duration":2,"color":{"aM":71}},{"tweenEasing":0,"duration":2},{"tweenEasing":0,"duration":6,"color":{"aM":71}},{"tweenEasing":null,"duration":0}],"name":"zi_guangbo_eff/zise"},{"frame":[{"tweenEasing":0,"duration":3},{"tweenEasing":0,"displayIndex":1,"duration":3},{"tweenEasing":0,"displayIndex":2,"duration":3},{"tweenEasing":0,"displayIndex":3,"duration":3},{"tweenEasing":0,"displayIndex":4,"duration":3},{"tweenEasing":0,"duration":3},{"tweenEasing":0,"displayIndex":1,"duration":3},{"tweenEasing":0,"displayIndex":2,"duration":3},{"tweenEasing":0,"displayIndex":3,"duration":3},{"tweenEasing":0,"displayIndex":4,"duration":3},{"tweenEasing":null,"displayIndex":-1,"duration":0}],"name":"zi_leidian1_eff/lan_leidianhuohua_eff_01"},{"frame":[{"tweenEasing":0,"displayIndex":-1,"duration":30},{"tweenEasing":null,"duration":0}],"name":"zi_leidian2/leiyu_001_eff"}],"name":"001_xuli"},{"ffd":[],"frame":[],"duration":30,"ik":[],"bone":[{"frame":[{"duration":30,"transform":{"scX":6.353,"scY":6.353}},{"duration":0,"transform":{"scX":6.353,"scY":6.353}}],"name":"zi_guangbo_eff/zise"},{"frame":[{"duration":16,"transform":{"scX":3.671,"scY":3.671}},{"duration":14,"transform":{"scX":3.671,"scY":3.671}},{"duration":0,"transform":{"scX":3.671,"scY":3.671}}],"name":"zi_guangbo_eff/zi_fangshe_02_eff_03"},{"frame":[{"duration":30,"transform":{"y":28.8,"x":5.33}},{"duration":0,"transform":{"scX":3,"y":28.8,"scY":3,"x":5.33}}],"name":"zi_leidian1_eff/lan_leidianhuohua_eff_01"},{"frame":[{"tweenEasing":0,"duration":30,"transform":{}},{"duration":0,"transform":{"scX":1.48,"scY":1.48}}],"name":"zi_guangbo_eff/sj_chongji_eff_7"},{"frame":[{"duration":6,"transform":{"skX":-21.12,"skY":-21.12,"scX":3,"y":-677.82,"scY":3,"x":-551.07}},{"duration":10,"transform":{"skX":-132.03,"skY":-132.03,"scX":3,"y":690.58,"scY":3,"x":-448.84}},{"duration":14,"transform":{"skX":44.77,"skY":44.77,"scX":3,"y":-727.09,"scY":3,"x":458.62}},{"duration":0,"transform":{"skX":44.77,"skY":44.77,"scX":3,"y":-727.09,"scY":3,"x":458.62}}],"name":"zi_leidian2/leiyu_001_eff"},{"frame":[{"duration":30,"transform":{"scX":8.533,"scY":8.533}},{"duration":0,"transform":{"scX":8.533,"scY":8.533}}],"name":"zi_fangshe04_eff_pz"},{"frame":[{"duration":30,"transform":{}}],"name":"root"}],"slot":[{"frame":[{"tweenEasing":0,"duration":30},{"tweenEasing":null,"duration":0}],"name":"zi_fangshe04_eff_pz"},{"frame":[{"tweenEasing":0,"displayIndex":-1,"duration":30},{"tweenEasing":null,"duration":0}],"name":"zi_guangbo_eff/sj_chongji_eff_7"},{"frame":[{"tweenEasing":0,"duration":30,"color":{"aM":0}},{"tweenEasing":null,"duration":0,"color":{"aM":0}}],"name":"zi_guangbo_eff/zi_fangshe_02_eff_03"},{"frame":[{"tweenEasing":0,"duration":2},{"tweenEasing":0,"duration":2,"color":{"aM":52}},{"tweenEasing":0,"duration":4,"color":{"aM":27}},{"tweenEasing":0,"duration":2,"color":{"aM":52}},{"tweenEasing":0,"duration":6,"color":{"aM":27}},{"tweenEasing":0,"duration":3,"color":{"aM":52}},{"tweenEasing":0,"duration":3,"color":{"aM":27}},{"tweenEasing":0,"duration":8,"color":{"aM":52}},{"tweenEasing":null,"duration":0,"color":{"aM":0}}],"name":"zi_guangbo_eff/zise"},{"frame":[{"tweenEasing":0,"displayIndex":-1,"duration":30},{"tweenEasing":null,"displayIndex":-1,"duration":0}],"name":"zi_leidian1_eff/lan_leidianhuohua_eff_01"},{"frame":[{"tweenEasing":0,"duration":4},{"tweenEasing":null,"duration":2,"color":{"aM":0}},{"tweenEasing":0,"duration":7},{"tweenEasing":null,"duration":3,"color":{"aM":0}},{"tweenEasing":0,"duration":6},{"tweenEasing":null,"duration":8,"color":{"aM":0}},{"tweenEasing":null,"duration":0,"color":{"aM":0}}],"name":"zi_leidian2/leiyu_001_eff"}],"name":"002_leidian"},{"ffd":[],"frame":[],"duration":30,"ik":[],"bone":[{"frame":[{"tweenEasing":0,"duration":30,"transform":{"scX":6.353,"scY":6.353}},{"duration":0,"transform":{"scX":10,"scY":10}}],"name":"zi_guangbo_eff/zise"},{"frame":[{"duration":30,"transform":{"scX":3.671,"scY":3.671}},{"duration":0,"transform":{"scX":3.671,"scY":3.671}}],"name":"zi_guangbo_eff/zi_fangshe_02_eff_03"},{"frame":[{"duration":30,"curve":[0,0.61,0.75,1],"transform":{"scX":3,"y":28.8,"scY":3,"x":5.33}},{"duration":0,"transform":{"scX":5,"y":28.8,"scY":5,"x":5.33}}],"name":"zi_leidian1_eff/lan_leidianhuohua_eff_01"},{"frame":[{"duration":30,"curve":[0,0.42,0.75,1],"transform":{"scX":1.48,"scY":1.48}},{"duration":0,"transform":{"scX":20,"scY":20}}],"name":"zi_guangbo_eff/sj_chongji_eff_7"},{"frame":[{"duration":30,"transform":{"skX":44.77,"skY":44.77,"scX":3,"y":-727.09,"scY":3,"x":458.62}},{"duration":0,"transform":{"skX":44.77,"skY":44.77,"scX":3,"y":-727.09,"scY":3,"x":458.62}}],"name":"zi_leidian2/leiyu_001_eff"},{"frame":[{"duration":30,"transform":{"scX":8.533,"scY":8.533}},{"duration":0,"transform":{"scX":8.533,"scY":8.533}}],"name":"zi_fangshe04_eff_pz"},{"frame":[{"duration":30,"transform":{}}],"name":"root"}],"slot":[{"frame":[{"tweenEasing":0,"duration":30},{"tweenEasing":null,"duration":0}],"name":"zi_fangshe04_eff_pz"},{"frame":[{"tweenEasing":0,"duration":5},{"tweenEasing":0,"duration":25},{"tweenEasing":null,"duration":0,"color":{"aM":0}}],"name":"zi_guangbo_eff/sj_chongji_eff_7"},{"frame":[{"tweenEasing":0,"duration":30,"color":{"aM":0}},{"tweenEasing":null,"duration":0,"color":{"aM":0}}],"name":"zi_guangbo_eff/zi_fangshe_02_eff_03"},{"frame":[{"tweenEasing":0,"duration":5},{"tweenEasing":0,"duration":25},{"tweenEasing":null,"duration":0,"color":{"aM":0}}],"name":"zi_guangbo_eff/zise"},{"frame":[{"tweenEasing":0,"duration":2},{"tweenEasing":0,"displayIndex":1,"duration":2},{"tweenEasing":0,"displayIndex":2,"duration":2},{"tweenEasing":0,"displayIndex":3,"duration":3},{"tweenEasing":0,"displayIndex":4,"duration":21},{"tweenEasing":null,"displayIndex":-1,"duration":0}],"name":"zi_leidian1_eff/lan_leidianhuohua_eff_01"},{"frame":[{"tweenEasing":0,"duration":30,"color":{"aM":0}},{"tweenEasing":null,"duration":0,"color":{"aM":0}}],"name":"zi_leidian2/leiyu_001_eff"}],"name":"003_baozha"}],"bone":[{"name":"root","transform":{}},{"transform":{},"name":"zi_fangshe04_eff_pz","parent":"root"},{"transform":{},"name":"zi_guangbo_eff/sj_chongji_eff_7","parent":"root"},{"transform":{},"name":"zi_guangbo_eff/zi_fangshe_02_eff_03","parent":"root"},{"transform":{},"name":"zi_guangbo_eff/zise","parent":"root"},{"transform":{},"name":"zi_leidian1_eff/lan_leidianhuohua_eff_01","parent":"root"},{"transform":{},"name":"zi_leidian2/leiyu_001_eff","parent":"root"}],"aabb":{"width":400,"y":-131.27,"height":245,"x":-200},"name":"armatureName","frameRate":30}],"name":"zi_fangshe04_eff","version":"4.0"}