{"frameRate":30,"isGlobal":0,"armature":[{"ik":[],"bone":[{"name":"root","transform":{}},{"length":80,"transform":{"y":-41.29,"skX":-90.61,"skY":-90.61,"x":0.22},"parent":"root","name":"ys_guilian_eff_01"},{"transform":{"y":-33.29,"x":-0.15},"name":"ys_guilian_eff_04","parent":"root"},{"transform":{"y":18.86,"x":0.38},"name":"ys_guilian_eff_02","parent":"root"},{"transform":{"y":14.61,"x":23.16},"name":"ys_guilian_eff_3","parent":"ys_guilian_eff_01"},{"transform":{"y":-18.27,"x":24.04},"name":"ys_guilian_eff_03","parent":"ys_guilian_eff_01"}],"type":"Armature","frameRate":30,"animation":[{"ik":[],"bone":[{"frame":[{"curve":[0,0.85,0.75,1],"transform":{},"duration":15},{"curve":[0.25,0,1,0.05],"transform":{"y":-40.52},"duration":5},{"transform":{},"duration":20},{"transform":{},"duration":0}],"name":"root"},{"frame":[{"curve":[0,0.85,0.75,1],"transform":{"y":5.69,"x":0.06},"duration":15},{"curve":[0.25,0,1,0.05],"transform":{"scY":0.994,"y":-12.8,"scX":1.061,"x":-0.14},"duration":5},{"tweenEasing":0,"transform":{"scY":1.025,"y":13.39,"scX":0.985,"x":0.14},"duration":20},{"transform":{"scY":1.025,"y":15.96,"scX":0.985,"x":0.17},"duration":0}],"name":"ys_guilian_eff_01"},{"frame":[{"curve":[0,0.85,0.75,1],"transform":{"y":-25.18},"duration":15},{"curve":[0.25,0,1,0.05],"transform":{"scY":1.113,"y":-5.65,"scX":0.964},"duration":5},{"tweenEasing":0,"transform":{"scY":1.09,"y":-29.81,"scX":1.003},"duration":20},{"transform":{"scY":1.09,"y":-32.38,"scX":1.003},"duration":0}],"name":"ys_guilian_eff_02"},{"frame":[{"curve":[0,0.85,0.75,1],"transform":{},"duration":15},{"curve":[0.25,0,1,0.05],"transform":{"scY":1.852,"skX":-14.83,"skY":-14.83,"scX":1.779},"duration":5},{"tweenEasing":0,"transform":{"scY":1.774,"skX":-17.12,"skY":-17.12,"scX":1.708},"duration":20},{"transform":{"skX":-39.95,"skY":-39.95},"duration":0}],"name":"ys_guilian_eff_03"},{"frame":[{"curve":[0,0.85,0.75,1],"transform":{},"duration":15},{"curve":[0.25,0,1,0.05],"transform":{"scY":1.852,"skX":-14.83,"skY":-14.83,"scX":1.779},"duration":5},{"tweenEasing":0,"transform":{"scY":1.774,"skX":-17.12,"skY":-17.12,"scX":1.708},"duration":20},{"transform":{"skX":-39.95,"skY":-39.95},"duration":0}],"name":"ys_guilian_eff_3"},{"frame":[{"curve":[0,0.61,0.529,0.88],"transform":{"scY":2,"y":-25.69,"scX":2},"duration":20},{"curve":[0.4,0.77,0.775,1],"transform":{"scY":0.678,"y":11.59,"skX":-113.24,"skY":-113.24,"scX":0.678},"duration":10},{"transform":{"scY":0.6,"y":13.82,"skX":-120,"skY":-120,"scX":0.6},"duration":10},{"transform":{"scY":0.6,"y":13.82,"skX":-120,"skY":-120,"scX":0.6},"duration":0}],"name":"ys_guilian_eff_04"}],"slot":[{"frame":[{"curve":[0,0.85,0.75,1],"color":{"aM":0},"duration":15},{"tweenEasing":null,"duration":5},{"tweenEasing":0,"duration":20},{"tweenEasing":null,"color":{"aM":0},"duration":0}],"name":"ys_guilian_eff_01"},{"frame":[{"curve":[0,0.85,0.75,1],"color":{"aM":0},"duration":15},{"tweenEasing":null,"duration":5},{"tweenEasing":0,"duration":20},{"tweenEasing":null,"color":{"aM":0},"duration":0}],"name":"ys_guilian_eff_02"},{"frame":[{"curve":[0,0.85,0.75,1],"color":{"aM":0},"duration":15},{"tweenEasing":null,"duration":5},{"tweenEasing":0,"duration":20},{"tweenEasing":null,"color":{"aM":0},"duration":0}],"name":"ys_guilian_eff_03"},{"frame":[{"curve":[0,0.425,0.875,1],"color":{"aM":0},"duration":15},{"tweenEasing":null,"duration":5},{"tweenEasing":0,"duration":20},{"tweenEasing":null,"color":{"aM":0},"duration":0}],"name":"ys_guilian_eff_3"},{"frame":[{"curve":[0,0.85,0.75,1],"color":{"aM":0},"duration":15},{"tweenEasing":null,"duration":5},{"tweenEasing":0,"duration":10},{"tweenEasing":null,"color":{"aM":0},"duration":10}],"name":"ys_guilian_eff_04"},{"frame":[{"tweenEasing":0,"duration":15},{"tweenEasing":0,"duration":5},{"tweenEasing":0,"duration":10},{"displayIndex":-1,"tweenEasing":null,"duration":10}],"name":"ys_guilian_eff_pz"}],"ffd":[],"frame":[],"name":"0000_yanshi","duration":40},{"ik":[],"bone":[{"frame":[{"transform":{},"duration":15},{"transform":{},"duration":5},{"transform":{},"duration":0}],"name":"root"},{"frame":[{"curve":[0,0.85,0.75,1],"transform":{"y":5.69,"x":0.06},"duration":15},{"curve":[0.25,0,1,0.05],"transform":{"scY":0.994,"y":-12.8,"scX":1.061,"x":-0.14},"duration":5},{"transform":{"scY":1.025,"y":13.39,"scX":0.985,"x":0.14},"duration":0}],"name":"ys_guilian_eff_01"},{"frame":[{"curve":[0,0.85,0.75,1],"transform":{"y":-25.18},"duration":15},{"curve":[0.25,0,1,0.05],"transform":{"scY":1.113,"y":-18.86,"scX":0.964},"duration":5},{"transform":{"scY":1.09,"y":-29.81,"scX":1.003},"duration":0}],"name":"ys_guilian_eff_02"},{"frame":[{"curve":[0,0.85,0.75,1],"transform":{},"duration":15},{"curve":[0.25,0,1,0.05],"transform":{"scY":1.852,"skX":-14.83,"skY":-14.83,"scX":1.779},"duration":5},{"transform":{"scY":1.774,"skX":-17.12,"skY":-17.12,"scX":1.708},"duration":0}],"name":"ys_guilian_eff_03"},{"frame":[{"curve":[0,0.85,0.75,1],"transform":{},"duration":15},{"curve":[0.25,0,1,0.05],"transform":{"scY":1.852,"skX":-14.83,"skY":-14.83,"scX":1.779},"duration":5},{"transform":{"scY":1.774,"skX":-17.12,"skY":-17.12,"scX":1.708},"duration":0}],"name":"ys_guilian_eff_3"},{"frame":[{"curve":[0,0.61,0.529,0.88],"transform":{"scY":2,"y":-25.69,"scX":2},"duration":20},{"transform":{"scY":0.678,"y":11.59,"skX":-113.24,"skY":-113.24,"scX":0.678},"duration":0}],"name":"ys_guilian_eff_04"}],"slot":[{"frame":[{"curve":[0,0.85,0.75,1],"color":{"aM":0},"duration":15},{"tweenEasing":null,"duration":5},{"tweenEasing":null,"duration":0}],"name":"ys_guilian_eff_01"},{"frame":[{"curve":[0,0.85,0.75,1],"color":{"aM":0},"duration":15},{"tweenEasing":null,"duration":5},{"tweenEasing":null,"duration":0}],"name":"ys_guilian_eff_02"},{"frame":[{"curve":[0,0.85,0.75,1],"color":{"aM":0},"duration":15},{"tweenEasing":null,"duration":5},{"tweenEasing":null,"duration":0}],"name":"ys_guilian_eff_03"},{"frame":[{"curve":[0,0.425,0.875,1],"color":{"aM":0},"duration":15},{"tweenEasing":null,"duration":5},{"tweenEasing":null,"duration":0}],"name":"ys_guilian_eff_3"},{"frame":[{"curve":[0,0.85,0.75,1],"color":{"aM":0},"duration":15},{"tweenEasing":null,"duration":5},{"tweenEasing":null,"duration":0}],"name":"ys_guilian_eff_04"},{"frame":[{"tweenEasing":0,"duration":15},{"tweenEasing":0,"duration":5},{"tweenEasing":null,"duration":0}],"name":"ys_guilian_eff_pz"}],"ffd":[],"frame":[],"name":"0001_guilian1","duration":20},{"ik":[],"bone":[{"frame":[{"transform":{},"duration":20},{"transform":{},"duration":0}],"name":"root"},{"frame":[{"tweenEasing":0,"transform":{"scY":1.025,"y":13.39,"scX":0.985,"x":0.14},"duration":20},{"transform":{"scY":1.025,"y":15.96,"scX":0.985,"x":0.17},"duration":0}],"name":"ys_guilian_eff_01"},{"frame":[{"tweenEasing":0,"transform":{"scY":1.09,"y":-29.81,"scX":1.003},"duration":20},{"transform":{"scY":1.09,"y":-32.38,"scX":1.003},"duration":0}],"name":"ys_guilian_eff_02"},{"frame":[{"tweenEasing":0,"transform":{"scY":1.774,"skX":-17.12,"skY":-17.12,"scX":1.708},"duration":20},{"transform":{"skX":-39.95,"skY":-39.95},"duration":0}],"name":"ys_guilian_eff_03"},{"frame":[{"tweenEasing":0,"transform":{"scY":1.774,"skX":-17.12,"skY":-17.12,"scX":1.708},"duration":20},{"transform":{"skX":-39.95,"skY":-39.95},"duration":0}],"name":"ys_guilian_eff_3"},{"frame":[{"curve":[0.4,0.77,0.775,1],"transform":{"scY":0.678,"y":11.59,"skX":-113.24,"skY":-113.24,"scX":0.678},"duration":10},{"transform":{"scY":0.6,"y":13.82,"skX":-120,"skY":-120,"scX":0.6},"duration":10},{"transform":{"scY":0.6,"y":13.82,"skX":-120,"skY":-120,"scX":0.6},"duration":0}],"name":"ys_guilian_eff_04"}],"slot":[{"frame":[{"tweenEasing":0,"duration":20},{"tweenEasing":null,"color":{"aM":0},"duration":0}],"name":"ys_guilian_eff_01"},{"frame":[{"tweenEasing":0,"duration":20},{"tweenEasing":null,"color":{"aM":0},"duration":0}],"name":"ys_guilian_eff_02"},{"frame":[{"tweenEasing":0,"duration":20},{"tweenEasing":null,"color":{"aM":0},"duration":0}],"name":"ys_guilian_eff_03"},{"frame":[{"tweenEasing":0,"duration":20},{"tweenEasing":null,"color":{"aM":0},"duration":0}],"name":"ys_guilian_eff_3"},{"frame":[{"tweenEasing":0,"duration":10},{"tweenEasing":null,"color":{"aM":0},"duration":10}],"name":"ys_guilian_eff_04"},{"frame":[{"tweenEasing":0,"duration":10},{"displayIndex":-1,"tweenEasing":null,"duration":10}],"name":"ys_guilian_eff_pz"}],"ffd":[],"frame":[],"name":"0002_guilian2","duration":20}],"skin":[{"slot":[{"display":[{"path":"ys_guilian_eff_03","type":"image","name":"ys_guilian_eff_03","transform":{"y":0.33,"skX":90.62,"skY":90.62,"x":-1.32}}],"blendMode":"add","name":"ys_guilian_eff_03"},{"display":[{"path":"ys_guilian_eff_02","type":"image","name":"ys_guilian_eff_02","transform":{"y":-2.59}}],"name":"ys_guilian_eff_02"},{"display":[{"path":"ys_guilian_eff_01","type":"image","name":"ys_guilian_eff_01","transform":{"y":-0.01,"skX":90.62,"skY":90.62,"x":53.66}}],"name":"ys_guilian_eff_01"},{"display":[{"path":"ys_guilian_eff_04","type":"image","name":"ys_guilian_eff_04","transform":{"y":2.05,"x":-3.08}}],"name":"ys_guilian_eff_04"},{"display":[{"path":"ys_guilian_eff_pz","type":"image","name":"ys_guilian_eff_pz","transform":{"scY":14.07,"y":-43.61,"scX":10.829,"x":0.81}}],"name":"ys_guilian_eff_pz"},{"display":[{"path":"ys_guilian_eff_03","type":"image","name":"ys_guilian_eff_03","transform":{"y":0.49,"skX":90.62,"skY":90.62,"x":-1.54}}],"blendMode":"add","name":"ys_guilian_eff_3"}],"name":""}],"defaultActions":[{"gotoAndPlay":"0000_yanshi"}],"aabb":{"width":175,"y":-172.44685243500507,"height":228.7068524350051,"x":-90.73},"slot":[{"name":"ys_guilian_eff_pz","parent":"root","color":{}},{"z":1,"name":"ys_guilian_eff_04","parent":"ys_guilian_eff_04","color":{}},{"z":2,"name":"ys_guilian_eff_01","parent":"ys_guilian_eff_01","color":{}},{"z":3,"name":"ys_guilian_eff_02","parent":"ys_guilian_eff_02","color":{}},{"blendMode":"add","z":4,"parent":"ys_guilian_eff_03","name":"ys_guilian_eff_03","color":{}},{"blendMode":"add","z":5,"parent":"ys_guilian_eff_3","name":"ys_guilian_eff_3","color":{}}],"name":"armatureName"}],"name":"ys_guilian_eff","version":"4.0"}