{"frameRate":30,"isGlobal":0,"armature":[{"slot":[{"name":"wave","parent":"wave","color":{}},{"z":1,"name":"boat","parent":"boat","color":{}},{"z":2,"name":"palne2","parent":"palne2","color":{}},{"z":3,"name":"plane1","parent":"plane1","color":{}},{"blendMode":"add","z":4,"parent":"g2","name":"g2","color":{}},{"blendMode":"add","z":5,"parent":"g3","name":"g3","color":{}},{"blendMode":"add","z":6,"parent":"g4","name":"g4","color":{}},{"blendMode":"add","z":7,"parent":"g5","name":"g5","color":{}},{"z":8,"name":"wave1","parent":"wave1","color":{}},{"z":9,"name":"wave2","parent":"wave4","color":{}},{"z":10,"name":"wave3","parent":"wave6","color":{"aM":51}},{"z":11,"name":"wave4","parent":"wave5","color":{"aM":50}},{"z":12,"displayIndex":-1,"name":"test1","parent":"root","color":{}},{"z":13,"displayIndex":-1,"name":"test2","parent":"root","color":{}}],"animation":[{"slot":[{"frame":[{"tweenEasing":0,"color":{"aM":0},"duration":80},{"tweenEasing":null,"color":{"aM":38},"duration":80},{"tweenEasing":0,"color":{"aM":31},"duration":80},{"tweenEasing":null,"color":{"aM":0},"duration":0}],"name":"g2"},{"frame":[{"tweenEasing":0,"color":{"aM":0},"duration":80},{"tweenEasing":null,"color":{"aM":27},"duration":80},{"tweenEasing":0,"color":{"aM":28},"duration":80},{"tweenEasing":null,"color":{"aM":0},"duration":0}],"name":"g3"},{"frame":[{"tweenEasing":0,"color":{"aM":0},"duration":78},{"tweenEasing":null,"color":{"aM":48},"duration":2},{"tweenEasing":null,"color":{"aM":48},"duration":80},{"tweenEasing":0,"color":{"aM":33},"duration":80},{"tweenEasing":null,"color":{"aM":0},"duration":0}],"name":"g4"},{"frame":[{"tweenEasing":null,"color":{"aM":0},"duration":40},{"tweenEasing":0,"color":{"aM":0},"duration":80},{"tweenEasing":0,"color":{"aM":23},"duration":80},{"tweenEasing":null,"color":{"aM":0},"duration":40},{"tweenEasing":null,"color":{"aM":0},"duration":0}],"name":"g5"},{"frame":[{"curve":[0.25,0,0.75,1],"color":{"aM":0},"duration":20},{"curve":[0.25,0,0.75,1],"duration":50},{"tweenEasing":null,"color":{"aM":0},"duration":10},{"curve":[0.25,0,0.75,1],"color":{"aM":0},"duration":20},{"curve":[0.25,0,0.75,1],"duration":50},{"tweenEasing":null,"color":{"aM":0},"duration":10},{"curve":[0.25,0,0.75,1],"color":{"aM":0},"duration":20},{"curve":[0.25,0,0.75,1],"duration":50},{"tweenEasing":null,"color":{"aM":0},"duration":10},{"tweenEasing":null,"color":{"aM":0},"duration":0}],"name":"wave"},{"frame":[{"tweenEasing":0,"duration":20},{"tweenEasing":0,"color":{"aM":0},"duration":20},{"tweenEasing":0,"duration":20},{"tweenEasing":0,"color":{"aM":0},"duration":20},{"tweenEasing":0,"duration":20},{"tweenEasing":0,"color":{"aM":0},"duration":20},{"tweenEasing":0,"duration":20},{"tweenEasing":0,"color":{"aM":0},"duration":20},{"tweenEasing":0,"duration":20},{"tweenEasing":0,"color":{"aM":0},"duration":20},{"tweenEasing":0,"duration":20},{"tweenEasing":0,"color":{"aM":0},"duration":20},{"tweenEasing":null,"duration":0}],"name":"wave1"},{"frame":[{"tweenEasing":0,"color":{"aM":0},"duration":20},{"tweenEasing":0,"duration":20},{"tweenEasing":0,"color":{"aM":0},"duration":20},{"tweenEasing":0,"duration":20},{"tweenEasing":0,"color":{"aM":0},"duration":20},{"tweenEasing":0,"duration":20},{"tweenEasing":0,"color":{"aM":0},"duration":20},{"tweenEasing":0,"duration":20},{"tweenEasing":0,"color":{"aM":0},"duration":20},{"tweenEasing":0,"duration":20},{"tweenEasing":0,"color":{"aM":0},"duration":20},{"tweenEasing":0,"duration":20},{"tweenEasing":null,"color":{"aM":0},"duration":0}],"name":"wave2"},{"frame":[{"tweenEasing":0,"color":{"aM":0},"duration":20},{"tweenEasing":0,"color":{"aM":51},"duration":20},{"tweenEasing":0,"color":{"aM":0},"duration":20},{"tweenEasing":0,"color":{"aM":51},"duration":20},{"tweenEasing":0,"color":{"aM":0},"duration":20},{"tweenEasing":0,"color":{"aM":51},"duration":20},{"tweenEasing":0,"color":{"aM":0},"duration":20},{"tweenEasing":0,"color":{"aM":51},"duration":20},{"tweenEasing":0,"color":{"aM":0},"duration":20},{"tweenEasing":0,"color":{"aM":51},"duration":20},{"tweenEasing":0,"color":{"aM":0},"duration":20},{"tweenEasing":0,"color":{"aM":51},"duration":20},{"tweenEasing":null,"color":{"aM":0},"duration":0}],"name":"wave3"},{"frame":[{"tweenEasing":0,"color":{"aM":50},"duration":20},{"tweenEasing":0,"color":{"aM":0},"duration":20},{"tweenEasing":0,"color":{"aM":50},"duration":20},{"tweenEasing":0,"color":{"aM":0},"duration":20},{"tweenEasing":0,"color":{"aM":50},"duration":20},{"tweenEasing":0,"color":{"aM":0},"duration":20},{"tweenEasing":0,"color":{"aM":50},"duration":20},{"tweenEasing":0,"color":{"aM":0},"duration":20},{"tweenEasing":0,"color":{"aM":50},"duration":20},{"tweenEasing":0,"color":{"aM":0},"duration":20},{"tweenEasing":0,"color":{"aM":50},"duration":20},{"tweenEasing":0,"color":{"aM":0},"duration":20},{"tweenEasing":null,"color":{"aM":50},"duration":0}],"name":"wave4"}],"ffd":[],"frame":[],"duration":240,"ik":[],"bone":[{"frame":[{"tweenEasing":0,"transform":{},"duration":120},{"tweenEasing":0,"transform":{"y":-13.99,"x":-8.74},"duration":120},{"transform":{},"duration":0}],"name":"palne2"},{"frame":[{"tweenEasing":0,"transform":{},"duration":120},{"tweenEasing":0,"transform":{"y":32.25,"x":7.28},"duration":120},{"transform":{},"duration":0}],"name":"plane1"},{"frame":[{"tweenEasing":0,"transform":{},"duration":40},{"tweenEasing":0,"transform":{"skX":2.77,"y":-0.94,"skY":2.77,"x":7.6},"duration":40},{"tweenEasing":0,"transform":{},"duration":40},{"tweenEasing":0,"transform":{"skX":2.77,"y":-0.94,"skY":2.77,"x":7.6},"duration":40},{"tweenEasing":0,"transform":{},"duration":40},{"tweenEasing":0,"transform":{"skX":2.77,"y":-0.94,"skY":2.77,"x":7.6},"duration":40},{"transform":{},"duration":0}],"name":"boat"},{"frame":[{"curve":[0.25,0,0.75,1],"transform":{"y":4.31,"scX":0.818,"scY":0.818,"x":46.02},"duration":60},{"curve":[0.25,0,0.75,1],"transform":{"y":7.19,"scX":0.818,"scY":0.818,"x":24.44},"duration":10},{"curve":[0.25,0,0.75,1],"transform":{"y":6.32,"scX":0.818,"scY":0.818,"x":30.92},"duration":10},{"curve":[0.25,0,0.75,1],"transform":{"y":4.31,"scX":0.818,"scY":0.818,"x":46.02},"duration":60},{"curve":[0.25,0,0.75,1],"transform":{"y":7.19,"scX":0.818,"scY":0.818,"x":24.44},"duration":10},{"curve":[0.25,0,0.75,1],"transform":{"y":6.32,"scX":0.818,"scY":0.818,"x":30.92},"duration":10},{"curve":[0.25,0,0.75,1],"transform":{"y":4.31,"scX":0.818,"scY":0.818,"x":46.02},"duration":60},{"curve":[0.25,0,0.75,1],"transform":{"y":7.19,"scX":0.818,"scY":0.818,"x":24.44},"duration":10},{"curve":[0.25,0,0.75,1],"transform":{"y":6.32,"scX":0.818,"scY":0.818,"x":30.92},"duration":10},{"transform":{"y":4.31,"scX":0.818,"scY":0.818,"x":46.02},"duration":0}],"name":"wave"},{"frame":[{"curve":[0.25,0,0.75,1],"transform":{},"duration":60},{"curve":[0.25,0,0.75,1],"transform":{"y":28.95,"x":84.85},"duration":10},{"curve":[0.25,0,0.75,1],"transform":{"y":20.26,"x":59.39},"duration":10},{"curve":[0.25,0,0.75,1],"transform":{},"duration":60},{"curve":[0.25,0,0.75,1],"transform":{"y":28.95,"x":84.85},"duration":10},{"curve":[0.25,0,0.75,1],"transform":{"y":20.26,"x":59.39},"duration":10},{"curve":[0.25,0,0.75,1],"transform":{},"duration":60},{"curve":[0.25,0,0.75,1],"transform":{"y":28.95,"x":84.85},"duration":10},{"curve":[0.25,0,0.75,1],"transform":{"y":20.26,"x":59.39},"duration":10},{"transform":{},"duration":0}],"name":"wave2"},{"frame":[{"curve":[0.25,0,0.75,1],"transform":{},"duration":70},{"curve":[0.25,0,0.75,1],"transform":{"y":24.43,"x":71.6},"duration":10},{"curve":[0.25,0,0.75,1],"transform":{},"duration":70},{"curve":[0.25,0,0.75,1],"transform":{"y":24.43,"x":71.6},"duration":10},{"curve":[0.25,0,0.75,1],"transform":{},"duration":70},{"curve":[0.25,0,0.75,1],"transform":{"y":24.43,"x":71.6},"duration":10},{"transform":{},"duration":0}],"name":"wave3"},{"frame":[{"tweenEasing":0,"transform":{},"duration":11},{"tweenEasing":0,"transform":{"y":-2.6339,"x":2.233},"duration":109},{"tweenEasing":0,"transform":{"y":-26.74,"x":22.67},"duration":19},{"tweenEasing":0,"transform":{"y":-22.5062,"x":19.0806},"duration":101},{"transform":{},"duration":0}],"name":"g3"},{"frame":[{"tweenEasing":0,"transform":{},"duration":11},{"tweenEasing":0,"transform":{"y":3.4761,"x":-9.7446},"duration":109},{"tweenEasing":0,"transform":{"y":35.29,"x":-98.93},"duration":120},{"transform":{},"duration":0}],"name":"g2"},{"frame":[{"tweenEasing":0,"transform":{},"duration":11},{"tweenEasing":0,"transform":{"y":-2.9481,"x":16.5175},"duration":109},{"tweenEasing":0,"transform":{"y":-29.93,"x":167.69},"duration":120},{"transform":{},"duration":0}],"name":"g4"},{"frame":[{"tweenEasing":0,"transform":{},"duration":11},{"tweenEasing":0,"transform":{"skX":0.8827,"skY":0.8827},"duration":109},{"tweenEasing":0,"transform":{"skX":9.63,"skY":9.63},"duration":120},{"transform":{},"duration":0}],"name":"g5"},{"frame":[{"transform":{},"duration":240}],"name":"root"},{"frame":[{"transform":{},"duration":240}],"name":"wave1"},{"frame":[{"transform":{},"duration":240}],"name":"wave4"},{"frame":[{"transform":{},"duration":240}],"name":"wave5"},{"frame":[{"transform":{},"duration":240}],"name":"wave6"}],"name":"animation"},{"slot":[{"frame":[{"tweenEasing":0,"color":{"aM":0},"duration":80},{"tweenEasing":null,"duration":80},{"tweenEasing":0,"duration":80},{"tweenEasing":null,"color":{"aM":0},"duration":0}],"name":"g2"},{"frame":[{"tweenEasing":0,"color":{"aM":0},"duration":80},{"tweenEasing":null,"duration":80},{"tweenEasing":0,"duration":80},{"tweenEasing":null,"color":{"aM":0},"duration":0}],"name":"g3"},{"frame":[{"tweenEasing":0,"color":{"aM":0},"duration":80},{"tweenEasing":null,"duration":80},{"tweenEasing":0,"duration":80},{"tweenEasing":null,"color":{"aM":0},"duration":0}],"name":"g4"},{"frame":[{"tweenEasing":null,"color":{"aM":0},"duration":40},{"tweenEasing":0,"color":{"aM":0},"duration":80},{"tweenEasing":0,"duration":80},{"tweenEasing":null,"color":{"aM":0},"duration":40},{"tweenEasing":null,"color":{"aM":0},"duration":0}],"name":"g5"},{"frame":[{"displayIndex":-1,"tweenEasing":0,"duration":240},{"displayIndex":-1,"tweenEasing":null,"duration":0}],"name":"palne2"},{"frame":[{"displayIndex":-1,"tweenEasing":0,"duration":240},{"displayIndex":-1,"tweenEasing":null,"duration":0}],"name":"plane1"},{"frame":[{"tweenEasing":0,"duration":240},{"tweenEasing":null,"duration":0}],"name":"test1"},{"frame":[{"tweenEasing":0,"duration":240},{"tweenEasing":null,"duration":0}],"name":"test2"},{"frame":[{"curve":[0.25,0,0.75,1],"color":{"aM":0},"duration":20},{"curve":[0.25,0,0.75,1],"duration":50},{"tweenEasing":null,"color":{"aM":0},"duration":10},{"curve":[0.25,0,0.75,1],"color":{"aM":0},"duration":20},{"curve":[0.25,0,0.75,1],"duration":50},{"tweenEasing":null,"color":{"aM":0},"duration":10},{"curve":[0.25,0,0.75,1],"color":{"aM":0},"duration":20},{"curve":[0.25,0,0.75,1],"duration":50},{"tweenEasing":null,"color":{"aM":0},"duration":10},{"tweenEasing":null,"color":{"aM":0},"duration":0}],"name":"wave"},{"frame":[{"tweenEasing":0,"duration":20},{"tweenEasing":0,"color":{"aM":0},"duration":20},{"tweenEasing":0,"duration":20},{"tweenEasing":0,"color":{"aM":0},"duration":20},{"tweenEasing":0,"duration":20},{"tweenEasing":0,"color":{"aM":0},"duration":20},{"tweenEasing":0,"duration":20},{"tweenEasing":0,"color":{"aM":0},"duration":20},{"tweenEasing":0,"duration":20},{"tweenEasing":0,"color":{"aM":0},"duration":20},{"tweenEasing":0,"duration":20},{"tweenEasing":0,"color":{"aM":0},"duration":20},{"tweenEasing":null,"duration":0}],"name":"wave1"},{"frame":[{"tweenEasing":0,"color":{"aM":0},"duration":20},{"tweenEasing":0,"duration":20},{"tweenEasing":0,"color":{"aM":0},"duration":20},{"tweenEasing":0,"duration":20},{"tweenEasing":0,"color":{"aM":0},"duration":20},{"tweenEasing":0,"duration":20},{"tweenEasing":0,"color":{"aM":0},"duration":20},{"tweenEasing":0,"duration":20},{"tweenEasing":0,"color":{"aM":0},"duration":20},{"tweenEasing":0,"duration":20},{"tweenEasing":0,"color":{"aM":0},"duration":20},{"tweenEasing":0,"duration":20},{"tweenEasing":null,"color":{"aM":0},"duration":0}],"name":"wave2"},{"frame":[{"tweenEasing":0,"color":{"aM":0},"duration":20},{"tweenEasing":0,"color":{"aM":51},"duration":20},{"tweenEasing":0,"color":{"aM":0},"duration":20},{"tweenEasing":0,"color":{"aM":51},"duration":20},{"tweenEasing":0,"color":{"aM":0},"duration":20},{"tweenEasing":0,"color":{"aM":51},"duration":20},{"tweenEasing":0,"color":{"aM":0},"duration":20},{"tweenEasing":0,"color":{"aM":51},"duration":20},{"tweenEasing":0,"color":{"aM":0},"duration":20},{"tweenEasing":0,"color":{"aM":51},"duration":20},{"tweenEasing":0,"color":{"aM":0},"duration":20},{"tweenEasing":0,"color":{"aM":51},"duration":20},{"tweenEasing":null,"color":{"aM":0},"duration":0}],"name":"wave3"},{"frame":[{"tweenEasing":0,"color":{"aM":50},"duration":20},{"tweenEasing":0,"color":{"aM":0},"duration":20},{"tweenEasing":0,"color":{"aM":50},"duration":20},{"tweenEasing":0,"color":{"aM":0},"duration":20},{"tweenEasing":0,"color":{"aM":50},"duration":20},{"tweenEasing":0,"color":{"aM":0},"duration":20},{"tweenEasing":0,"color":{"aM":50},"duration":20},{"tweenEasing":0,"color":{"aM":0},"duration":20},{"tweenEasing":0,"color":{"aM":50},"duration":20},{"tweenEasing":0,"color":{"aM":0},"duration":20},{"tweenEasing":0,"color":{"aM":50},"duration":20},{"tweenEasing":0,"color":{"aM":0},"duration":20},{"tweenEasing":null,"color":{"aM":50},"duration":0}],"name":"wave4"}],"ffd":[],"frame":[],"duration":240,"ik":[],"bone":[{"frame":[{"tweenEasing":0,"transform":{},"duration":120},{"tweenEasing":0,"transform":{"y":-13.99,"x":-8.74},"duration":120},{"transform":{},"duration":0}],"name":"palne2"},{"frame":[{"tweenEasing":0,"transform":{},"duration":120},{"tweenEasing":0,"transform":{"y":32.25,"x":7.28},"duration":120},{"transform":{},"duration":0}],"name":"plane1"},{"frame":[{"tweenEasing":0,"transform":{},"duration":40},{"tweenEasing":0,"transform":{"skX":2.77,"y":-0.94,"skY":2.77,"x":7.6},"duration":40},{"tweenEasing":0,"transform":{},"duration":40},{"tweenEasing":0,"transform":{"skX":2.77,"y":-0.94,"skY":2.77,"x":7.6},"duration":40},{"tweenEasing":0,"transform":{},"duration":40},{"tweenEasing":0,"transform":{"skX":2.77,"y":-0.94,"skY":2.77,"x":7.6},"duration":40},{"transform":{},"duration":0}],"name":"boat"},{"frame":[{"curve":[0.25,0,0.75,1],"transform":{"y":4.31,"scX":0.818,"scY":0.818,"x":46.02},"duration":60},{"curve":[0.25,0,0.75,1],"transform":{"y":7.19,"scX":0.818,"scY":0.818,"x":24.44},"duration":10},{"curve":[0.25,0,0.75,1],"transform":{"y":6.32,"scX":0.818,"scY":0.818,"x":30.92},"duration":10},{"curve":[0.25,0,0.75,1],"transform":{"y":4.31,"scX":0.818,"scY":0.818,"x":46.02},"duration":60},{"curve":[0.25,0,0.75,1],"transform":{"y":7.19,"scX":0.818,"scY":0.818,"x":24.44},"duration":10},{"curve":[0.25,0,0.75,1],"transform":{"y":6.32,"scX":0.818,"scY":0.818,"x":30.92},"duration":10},{"curve":[0.25,0,0.75,1],"transform":{"y":4.31,"scX":0.818,"scY":0.818,"x":46.02},"duration":60},{"curve":[0.25,0,0.75,1],"transform":{"y":7.19,"scX":0.818,"scY":0.818,"x":24.44},"duration":10},{"curve":[0.25,0,0.75,1],"transform":{"y":6.32,"scX":0.818,"scY":0.818,"x":30.92},"duration":10},{"transform":{"y":4.31,"scX":0.818,"scY":0.818,"x":46.02},"duration":0}],"name":"wave"},{"frame":[{"curve":[0.25,0,0.75,1],"transform":{},"duration":60},{"curve":[0.25,0,0.75,1],"transform":{"y":28.95,"x":84.85},"duration":10},{"curve":[0.25,0,0.75,1],"transform":{"y":20.26,"x":59.39},"duration":10},{"curve":[0.25,0,0.75,1],"transform":{},"duration":60},{"curve":[0.25,0,0.75,1],"transform":{"y":28.95,"x":84.85},"duration":10},{"curve":[0.25,0,0.75,1],"transform":{"y":20.26,"x":59.39},"duration":10},{"curve":[0.25,0,0.75,1],"transform":{},"duration":60},{"curve":[0.25,0,0.75,1],"transform":{"y":28.95,"x":84.85},"duration":10},{"curve":[0.25,0,0.75,1],"transform":{"y":20.26,"x":59.39},"duration":10},{"transform":{},"duration":0}],"name":"wave2"},{"frame":[{"curve":[0.25,0,0.75,1],"transform":{},"duration":70},{"curve":[0.25,0,0.75,1],"transform":{"y":24.43,"x":71.6},"duration":10},{"curve":[0.25,0,0.75,1],"transform":{},"duration":70},{"curve":[0.25,0,0.75,1],"transform":{"y":24.43,"x":71.6},"duration":10},{"curve":[0.25,0,0.75,1],"transform":{},"duration":70},{"curve":[0.25,0,0.75,1],"transform":{"y":24.43,"x":71.6},"duration":10},{"transform":{},"duration":0}],"name":"wave3"},{"frame":[{"tweenEasing":0,"transform":{},"duration":120},{"tweenEasing":0,"transform":{"y":-26.74,"x":22.67},"duration":120},{"transform":{},"duration":0}],"name":"g3"},{"frame":[{"tweenEasing":0,"transform":{},"duration":120},{"tweenEasing":0,"transform":{"y":35.29,"x":-98.93},"duration":120},{"transform":{},"duration":0}],"name":"g2"},{"frame":[{"tweenEasing":0,"transform":{},"duration":120},{"tweenEasing":0,"transform":{"y":-29.93,"x":167.69},"duration":120},{"transform":{},"duration":0}],"name":"g4"},{"frame":[{"tweenEasing":0,"transform":{},"duration":120},{"tweenEasing":0,"transform":{"skX":9.63,"skY":9.63},"duration":120},{"transform":{},"duration":0}],"name":"g5"},{"frame":[{"transform":{},"duration":240}],"name":"root"},{"frame":[{"transform":{},"duration":240}],"name":"wave1"},{"frame":[{"transform":{},"duration":240}],"name":"wave4"},{"frame":[{"transform":{},"duration":240}],"name":"wave5"},{"frame":[{"transform":{},"duration":240}],"name":"wave6"}],"name":"animation2"}],"type":"Armature","name":"armatureName","aabb":{"width":1648.4945427939003,"y":-817.2588565078797,"height":565.2582726131742,"x":-50.76329279390026},"skin":[{"slot":[{"display":[{"path":"wave2","type":"image","name":"wave2","transform":{"y":4.62,"scX":1.145,"scY":1.145,"x":-5.68}}],"name":"wave4"},{"display":[{"path":"g2","type":"image","name":"g2","transform":{"skX":-0.73,"y":0.73,"skY":-0.73,"x":167.06}}],"blendMode":"add","name":"g2"},{"display":[{"path":"test2","type":"image","name":"test2","transform":{"y":-432.36,"x":975.7}}],"name":"test2"},{"display":[{"path":"g2","type":"image","name":"g2","transform":{"skX":-0.97,"y":1.27,"skY":-0.97,"x":178.6}}],"blendMode":"add","name":"g4"},{"display":[{"path":"wave1","type":"image","name":"wave1","transform":{"y":1.35,"x":-0.32}}],"name":"wave1"},{"display":[{"path":"boat","type":"image","name":"boat","transform":{"skX":83.37,"y":3.83,"skY":83.37,"x":16.18}}],"name":"boat"},{"display":[{"path":"wave1","type":"image","name":"wave1","transform":{"y":0.02,"scX":0.827,"scY":0.827,"x":-6.02}}],"name":"wave3"},{"display":[{"path":"plane1","type":"image","name":"plane1","transform":{"skX":88.49,"y":6.44,"skY":88.49,"x":12.73}}],"name":"plane1"},{"display":[{"path":"test1","type":"image","name":"test1","transform":{"y":-531.26,"x":901.56}}],"name":"test1"},{"display":[{"path":"g2","type":"image","name":"g2","transform":{"skX":-0.62,"y":-0.41,"skY":-0.62,"x":169.92}}],"blendMode":"add","name":"g3"},{"display":[{"path":"g3","type":"image","name":"g3","transform":{"skX":-88.36,"y":-0.72,"skY":-88.36,"x":141.85}}],"blendMode":"add","name":"g5"},{"display":[{"slotPose":[1,0,0,1,0,0],"vertices":[1452.85,-317.77,1315.59,-322.8,1150.94,-328.84,1050.34,-332.59,1150.85,-360.89,1247.28,-359.55,1372.5,-357.87,1501.5,-356.13],"uvs":[0.91695,0.71208,0.6822,0.66958,0.40065,0.61861,0.22862,0.58746,0.40037,0.33003,0.56527,0.33979,0.7794,0.35246,0.99999,0.36552],"triangles":[6,0,7,6,1,0,5,1,6,5,2,1,4,2,5,4,3,2],"path":"wave","weights":[1,14,1,2,8,0.5,14,0.5,2,13,0.5,8,0.5,1,13,1,1,13,1,1,8,1,1,8,1,1,14,1],"userEdges":[],"edges":[3,2,2,1,1,0,0,7,7,6,6,5,5,4,4,3],"type":"mesh","transform":{},"bonePose":[14,-0.8169369773571423,0.4617486132350341,-0.4252704727894664,-0.8870108331782217,1421.109922640151,-360.1136745997537,8,-0.8718121527450757,0.32243091178579103,-0.29695886975471353,-0.9465929997232092,1345.3047,-366.57,13,-0.8821083126005689,0.2875276870339596,-0.26481299975827677,-0.9577723263849826,1244.0210557229782,-371.52654048084327],"width":635,"height":111,"name":"wave"}],"name":"wave"},{"display":[{"path":"wave2","type":"image","name":"wave2","transform":{"y":-2.58,"x":-7.1}}],"name":"wave2"},{"display":[{"path":"palne2","type":"image","name":"palne2","transform":{"skX":88.4,"y":4.06,"skY":88.4,"x":11.23}}],"name":"palne2"}],"name":""}],"bone":[{"name":"root","transform":{"scX":0.921}},{"length":27,"transform":{"skX":-83.38,"y":-258.87,"skY":-83.38,"x":971.82},"parent":"root","name":"boat"},{"length":325,"transform":{"skX":42.03,"y":-656.41,"skY":42.03,"scX":1.3,"x":145.16},"parent":"root","name":"g2"},{"length":381,"transform":{"skX":41.92,"y":-723.95,"skY":41.92,"scX":1.3,"x":159.7},"parent":"root","name":"g3"},{"length":409,"transform":{"skX":42.28,"y":-690.99,"skY":42.28,"scX":1.3,"x":-8.89},"parent":"root","name":"g4"},{"length":333,"transform":{"skX":37.08,"y":-626.21,"skY":37.08,"x":232.08},"parent":"root","name":"g5"},{"length":29,"transform":{"skX":-88.4,"y":-523.12,"skY":-88.4,"x":820.73},"parent":"root","name":"palne2"},{"length":31,"transform":{"skX":-88.49,"y":-577.04,"skY":-88.49,"x":972.69},"parent":"root","name":"plane1"},{"length":102,"transform":{"skX":161.19,"y":-366.57,"skY":161.19,"x":1460.7},"parent":"root","name":"wave"},{"transform":{"y":-277.52,"x":1222.64},"name":"wave1","parent":"root"},{"transform":{"y":-268.98,"x":1173.42},"name":"wave4","parent":"root"},{"transform":{"y":-298.61,"x":1404.85},"name":"wave5","parent":"root"},{"transform":{"y":-298.61,"x":1473.8},"name":"wave6","parent":"root"},{"length":70,"transform":{"skX":2.1,"y":40.15,"skY":2.1,"x":102.5},"parent":"wave","name":"wave2"},{"length":49,"transform":{"skX":-8.69,"y":-32.65,"skY":-8.69,"x":-75.83},"parent":"wave","name":"wave3"}],"frameRate":30,"defaultActions":[{"gotoAndPlay":"animation"}],"ik":[]}],"name":"middle_city","version":"4.0"}