{"frameRate":60,"isGlobal":0,"armature":[{"bone":[{"inheritScale":false,"name":"000_fuji","transform":{}},{"inheritScale":false,"transform":{},"name":"009_dianti1","parent":"000_fuji"},{"inheritScale":false,"transform":{},"name":"008_biaoqian","parent":"000_fuji"},{"inheritScale":false,"transform":{},"name":"002_zhantai_fuji","parent":"000_fuji"},{"inheritScale":false,"transform":{},"name":"012_dianti1_fuban3","parent":"009_dianti1"},{"inheritScale":false,"transform":{},"name":"010_dianti1_fuban1","parent":"009_dianti1"},{"inheritScale":false,"transform":{},"name":"011_dianti1_fuban2","parent":"009_dianti1"},{"inheritScale":false,"transform":{},"name":"015_dianti1_fuban6","parent":"009_dianti1"},{"inheritScale":false,"transform":{},"name":"016_dianti1_fuben7","parent":"009_dianti1"},{"inheritScale":false,"transform":{},"name":"014_dianti1_fuban5","parent":"009_dianti1"},{"inheritScale":false,"transform":{},"name":"013_dianti1_fuben4","parent":"009_dianti1"},{"inheritScale":false,"transform":{},"name":"003_zhantai1","parent":"002_zhantai_fuji"},{"inheritScale":false,"transform":{},"name":"009_xinxi01","parent":"008_biaoqian"},{"inheritScale":false,"transform":{},"name":"010_xinxi02","parent":"008_biaoqian"},{"inheritScale":false,"transform":{},"name":"011_xinxi03","parent":"008_biaoqian"},{"inheritScale":false,"transform":{},"name":"005_zhantai1_guangmu","parent":"003_zhantai1"},{"inheritScale":false,"transform":{},"name":"006_zhangtai1_guanghuan1","parent":"003_zhantai1"},{"inheritScale":false,"transform":{},"name":"008_zhantai1_juese","parent":"003_zhantai1"},{"inheritScale":false,"transform":{},"name":"007_zhantai1_guanghuan2","parent":"003_zhantai1"},{"inheritScale":false,"transform":{},"name":"004_zhantai1_dengguang","parent":"003_zhantai1"}],"animation":[{"bone":[{"frame":[{"tweenEasing":0,"transform":{"y":-30},"duration":10},{"tweenEasing":0,"transform":{"y":-30},"duration":20},{"tweenEasing":0,"transform":{"y":-30,"scX":0.11},"duration":30},{"transform":{"y":-30},"duration":0}],"name":"009_xinxi01"},{"frame":[{"tweenEasing":0,"transform":{},"duration":10},{"tweenEasing":0,"transform":{},"duration":20},{"tweenEasing":0,"transform":{"scX":0.11},"duration":30},{"transform":{},"duration":0}],"name":"010_xinxi02"},{"frame":[{"tweenEasing":0,"transform":{"y":30,"x":60},"duration":10},{"tweenEasing":0,"transform":{"y":30,"x":60},"duration":20},{"tweenEasing":0,"transform":{"y":30,"scX":0.11,"x":60},"duration":30},{"transform":{"y":30,"x":60},"duration":0}],"name":"011_xinxi03"},{"frame":[{"tweenEasing":0,"transform":{"scX":0},"duration":10},{"tweenEasing":0,"transform":{"y":-200},"duration":20},{"tweenEasing":0,"transform":{"scY":0.99,"y":-200,"scX":0.11},"duration":30},{"transform":{"y":-200},"duration":0}],"name":"008_biaoqian"},{"frame":[{"tweenEasing":0,"transform":{"y":-60,"x":0.6667},"duration":10},{"tweenEasing":0,"transform":{"y":-70.3448,"x":0.6667},"duration":19},{"tweenEasing":0,"transform":{"y":-90,"x":0.6667},"duration":1},{"tweenEasing":0,"transform":{"y":-30,"x":0.6667},"duration":30},{"transform":{"y":-60,"x":0.6667},"duration":0}],"name":"007_zhantai1_guanghuan2"},{"frame":[{"tweenEasing":0,"transform":{"y":-30,"x":0.6667},"duration":10},{"tweenEasing":0,"transform":{"scY":1.0667,"y":-40,"scX":1.0667,"x":0.6667},"duration":20},{"tweenEasing":0,"transform":{"scY":1.2,"y":-60,"scX":1.2,"x":0.6667},"duration":30},{"transform":{"y":-90,"x":0.6667},"duration":0}],"name":"006_zhangtai1_guanghuan1"},{"frame":[{"tweenEasing":0,"transform":{"scY":0.5,"y":-26},"duration":10},{"tweenEasing":0,"transform":{"scY":0.75,"y":-26,"scX":1.1933},"duration":50},{"transform":{"scY":0.5,"y":-26},"duration":0}],"name":"005_zhantai1_guangmu"},{"frame":[{"tweenEasing":0,"transform":{"y":-229.3007,"x":-1.6783},"duration":10},{"tweenEasing":0,"transform":{"scY":0.9,"y":-85,"x":-0.7692},"duration":10},{"tweenEasing":0,"transform":{"y":-93,"x":-0.7692},"duration":40},{"transform":{"y":-93.8462,"x":-0.7692},"duration":0}],"name":"008_zhantai1_juese"},{"frame":[{"tweenEasing":0,"transform":{},"duration":10},{"tweenEasing":0,"transform":{},"duration":20},{"tweenEasing":0,"transform":{},"duration":30},{"transform":{},"duration":0}],"name":"004_zhantai1_dengguang"},{"frame":[{"tweenEasing":0,"transform":{},"duration":10},{"tweenEasing":0,"transform":{"y":1},"duration":10},{"tweenEasing":0,"transform":{"y":2},"duration":40},{"transform":{},"duration":0}],"name":"003_zhantai1"},{"frame":[{"tweenEasing":0,"transform":{"y":-10},"duration":10},{"tweenEasing":0,"transform":{"y":4},"duration":20},{"tweenEasing":0,"transform":{},"duration":30},{"transform":{},"duration":0}],"name":"002_zhantai_fuji"},{"frame":[{"transform":{},"duration":60}],"name":"000_fuji"},{"frame":[{"transform":{},"duration":60}],"name":"009_dianti1"},{"frame":[{"transform":{},"duration":60}],"name":"012_dianti1_fuban3"},{"frame":[{"transform":{},"duration":60}],"name":"010_dianti1_fuban1"},{"frame":[{"transform":{},"duration":60}],"name":"011_dianti1_fuban2"},{"frame":[{"transform":{},"duration":60}],"name":"015_dianti1_fuban6"},{"frame":[{"transform":{},"duration":60}],"name":"016_dianti1_fuben7"},{"frame":[{"transform":{},"duration":60}],"name":"014_dianti1_fuban5"},{"frame":[{"transform":{},"duration":60}],"name":"013_dianti1_fuben4"}],"slot":[{"frame":[{"tweenEasing":0,"color":{"aM":0},"duration":10},{"tweenEasing":0,"duration":50},{"tweenEasing":null,"duration":0}],"name":"009_xinxi01"},{"frame":[{"tweenEasing":0,"color":{"aM":0},"duration":10},{"tweenEasing":0,"duration":50},{"tweenEasing":null,"duration":0}],"name":"010_xinxi02"},{"frame":[{"tweenEasing":0,"color":{"aM":0},"duration":10},{"tweenEasing":0,"duration":50},{"tweenEasing":null,"duration":0}],"name":"011_xinxi03"},{"frame":[{"tweenEasing":0,"color":{"aM":0},"duration":10},{"tweenEasing":0,"duration":20},{"tweenEasing":0,"duration":30},{"tweenEasing":null,"duration":0}],"name":"008_biaoqian"},{"frame":[{"tweenEasing":0,"color":{"aM":0},"duration":10},{"tweenEasing":0,"color":{"aM":65},"duration":19},{"tweenEasing":0,"color":{"aM":0},"duration":1},{"tweenEasing":0,"color":{"aM":0},"duration":30},{"tweenEasing":null,"duration":0}],"name":"007_zhantai1_guanghuan2"},{"frame":[{"tweenEasing":0,"color":{"aM":0},"duration":10},{"tweenEasing":0,"color":{"aM":33},"duration":20},{"tweenEasing":0,"duration":30},{"tweenEasing":null,"color":{"aM":0},"duration":0}],"name":"006_zhangtai1_guanghuan1"},{"frame":[{"tweenEasing":0,"color":{"aM":0},"duration":10},{"tweenEasing":0,"duration":50},{"tweenEasing":null,"duration":0}],"name":"005_zhantai1_guangmu"},{"frame":[{"tweenEasing":0,"color":{"aM":0},"duration":10},{"tweenEasing":0,"duration":10},{"tweenEasing":0,"duration":40},{"tweenEasing":null,"duration":0}],"name":"008_zhantai1_juese"},{"frame":[{"tweenEasing":0,"color":{"aM":0},"duration":10},{"tweenEasing":0,"color":{"aM":86},"duration":20},{"tweenEasing":0,"color":{"aM":56},"duration":30},{"tweenEasing":null,"duration":0}],"name":"004_zhantai1_dengguang"},{"frame":[{"tweenEasing":0,"color":{"aM":0},"duration":10},{"tweenEasing":0,"duration":10},{"tweenEasing":0,"duration":40},{"tweenEasing":null,"duration":0}],"name":"003_zhantai1"},{"frame":[{"displayIndex":-1,"tweenEasing":0,"color":{"aM":0},"duration":10},{"displayIndex":-1,"tweenEasing":0,"color":{"aM":0},"duration":20},{"displayIndex":-1,"tweenEasing":0,"duration":30},{"displayIndex":-1,"tweenEasing":null,"duration":0}],"name":"002_zhantai_fuji"},{"frame":[{"displayIndex":-1,"tweenEasing":null,"duration":60}],"name":"000_fuji"},{"frame":[{"displayIndex":-1,"tweenEasing":null,"duration":60}],"name":"009_dianti1"},{"frame":[{"displayIndex":-1,"tweenEasing":null,"duration":60}],"name":"010_dianti1_fuban1"},{"frame":[{"displayIndex":-1,"tweenEasing":null,"duration":60}],"name":"011_dianti1_fuban2"},{"frame":[{"displayIndex":-1,"tweenEasing":null,"duration":60}],"name":"012_dianti1_fuban3"},{"frame":[{"displayIndex":-1,"tweenEasing":null,"duration":60}],"name":"013_dianti1_fuben4"},{"frame":[{"displayIndex":-1,"tweenEasing":null,"duration":60}],"name":"014_dianti1_fuban5"},{"frame":[{"displayIndex":-1,"tweenEasing":null,"duration":60}],"name":"015_dianti1_fuban6"},{"frame":[{"displayIndex":-1,"tweenEasing":null,"duration":60}],"name":"016_dianti1_fuben7"}],"ffd":[],"frame":[],"name":"000_juese_chuxian","duration":60,"ik":[]},{"bone":[{"frame":[{"tweenEasing":0,"transform":{"y":-61.8182,"x":-77.7273},"duration":10},{"tweenEasing":0,"transform":{"y":-61.8182,"x":-77.7273},"duration":50},{"transform":{"y":-61.8182,"x":-77.7273},"duration":0}],"name":"016_dianti1_fuben7"},{"frame":[{"tweenEasing":0,"transform":{"y":-44.0909,"x":-50.4545},"duration":10},{"tweenEasing":0,"transform":{"y":-47.0321,"x":-54.7683},"duration":50},{"transform":{"y":-61.7379,"x":-76.3369},"duration":0}],"name":"015_dianti1_fuban6"},{"frame":[{"tweenEasing":0,"transform":{"y":-26.8182,"x":-24.0909},"duration":10},{"tweenEasing":0,"transform":{"y":-29.6557,"x":-28.409},"duration":50},{"transform":{"y":-43.8434,"x":-50},"duration":0}],"name":"014_dianti1_fuban5"},{"frame":[{"tweenEasing":0,"transform":{"y":-9.5455,"x":3.1818},"duration":10},{"tweenEasing":0,"transform":{"y":-12.3603,"x":-1.2978},"duration":50},{"transform":{"y":-26.4348,"x":-23.6957},"duration":0}],"name":"013_dianti1_fuben4"},{"frame":[{"tweenEasing":0,"transform":{"y":7.1429,"x":27.9871},"duration":10},{"tweenEasing":0,"transform":{"y":4.4524,"x":23.8225},"duration":50},{"transform":{"y":-9,"x":3},"duration":0}],"name":"012_dianti1_fuban3"},{"frame":[{"tweenEasing":0,"transform":{"y":24.2857,"x":54.4157},"duration":10},{"tweenEasing":0,"transform":{"y":21.4048,"x":49.8543},"duration":50},{"transform":{"y":7,"x":27.0473},"duration":0}],"name":"011_dianti1_fuban2"},{"frame":[{"tweenEasing":0,"transform":{"y":41.6883,"x":81.5585},"duration":10},{"tweenEasing":0,"transform":{"y":38.7403,"x":76.9654},"duration":50},{"transform":{"y":24,"x":54},"duration":0}],"name":"010_dianti1_fuban1"},{"frame":[{"tweenEasing":0,"transform":{"y":-62.1429,"scX":-1,"x":119.2857},"duration":10},{"tweenEasing":0,"transform":{"y":-62.1429,"scX":-1,"x":119.2857},"duration":50},{"transform":{"y":-62.1429,"scX":-1,"x":119.2857},"duration":0}],"name":"009_dianti1"},{"frame":[{"transform":{},"duration":60}],"name":"000_fuji"},{"frame":[{"transform":{},"duration":60}],"name":"008_biaoqian"},{"frame":[{"transform":{},"duration":60}],"name":"002_zhantai_fuji"},{"frame":[{"transform":{},"duration":60}],"name":"003_zhantai1"},{"frame":[{"transform":{},"duration":60}],"name":"009_xinxi01"},{"frame":[{"transform":{},"duration":60}],"name":"010_xinxi02"},{"frame":[{"transform":{},"duration":60}],"name":"011_xinxi03"},{"frame":[{"transform":{},"duration":60}],"name":"008_zhantai1_juese"},{"frame":[{"transform":{},"duration":60}],"name":"006_zhangtai1_guanghuan1"},{"frame":[{"transform":{},"duration":60}],"name":"005_zhantai1_guangmu"},{"frame":[{"transform":{},"duration":60}],"name":"007_zhantai1_guanghuan2"},{"frame":[{"transform":{},"duration":60}],"name":"004_zhantai1_dengguang"}],"slot":[{"frame":[{"tweenEasing":0,"color":{"aM":0},"duration":10},{"tweenEasing":0,"duration":50},{"tweenEasing":null,"duration":0}],"name":"016_dianti1_fuben7"},{"frame":[{"tweenEasing":0,"color":{"aM":0},"duration":10},{"tweenEasing":0,"duration":50},{"tweenEasing":null,"duration":0}],"name":"015_dianti1_fuban6"},{"frame":[{"tweenEasing":0,"color":{"aM":0},"duration":10},{"tweenEasing":0,"duration":50},{"tweenEasing":null,"duration":0}],"name":"014_dianti1_fuban5"},{"frame":[{"tweenEasing":0,"color":{"aM":0},"duration":10},{"tweenEasing":0,"duration":50},{"tweenEasing":null,"duration":0}],"name":"013_dianti1_fuben4"},{"frame":[{"tweenEasing":0,"color":{"aM":0},"duration":10},{"tweenEasing":0,"duration":50},{"tweenEasing":null,"duration":0}],"name":"012_dianti1_fuban3"},{"frame":[{"tweenEasing":0,"color":{"aM":0},"duration":10},{"tweenEasing":0,"duration":50},{"tweenEasing":null,"duration":0}],"name":"011_dianti1_fuban2"},{"frame":[{"tweenEasing":0,"color":{"aM":0},"duration":10},{"tweenEasing":0,"duration":50},{"tweenEasing":null,"duration":0}],"name":"010_dianti1_fuban1"},{"frame":[{"tweenEasing":0,"color":{"aM":0},"duration":10},{"tweenEasing":0,"duration":50},{"tweenEasing":null,"duration":0}],"name":"009_dianti1"},{"frame":[{"displayIndex":-1,"tweenEasing":null,"duration":60}],"name":"000_fuji"},{"frame":[{"displayIndex":-1,"tweenEasing":null,"duration":60}],"name":"002_zhantai_fuji"},{"frame":[{"displayIndex":-1,"tweenEasing":null,"duration":60}],"name":"003_zhantai1"},{"frame":[{"displayIndex":-1,"tweenEasing":null,"duration":60}],"name":"004_zhantai1_dengguang"},{"frame":[{"displayIndex":-1,"tweenEasing":null,"duration":60}],"name":"008_zhantai1_juese"},{"frame":[{"displayIndex":-1,"tweenEasing":null,"duration":60}],"name":"005_zhantai1_guangmu"},{"frame":[{"displayIndex":-1,"tweenEasing":null,"duration":60}],"name":"006_zhangtai1_guanghuan1"},{"frame":[{"displayIndex":-1,"tweenEasing":null,"duration":60}],"name":"007_zhantai1_guanghuan2"},{"frame":[{"displayIndex":-1,"tweenEasing":null,"duration":60}],"name":"008_biaoqian"},{"frame":[{"displayIndex":-1,"tweenEasing":null,"duration":60}],"name":"011_xinxi03"},{"frame":[{"displayIndex":-1,"tweenEasing":null,"duration":60}],"name":"010_xinxi02"},{"frame":[{"displayIndex":-1,"tweenEasing":null,"duration":60}],"name":"009_xinxi01"}],"ffd":[],"frame":[],"name":"001_dianti_chuxian","duration":60,"ik":[]},{"playTimes":0,"bone":[{"frame":[{"tweenEasing":0,"transform":{"y":-30},"duration":30},{"tweenEasing":0,"transform":{"scY":0.99,"y":-30,"scX":1.01},"duration":30},{"transform":{"y":-30},"duration":0}],"name":"009_xinxi01"},{"frame":[{"tweenEasing":0,"transform":{},"duration":30},{"tweenEasing":0,"transform":{"scY":0.99,"scX":1.01},"duration":30},{"transform":{},"duration":0}],"name":"010_xinxi02"},{"frame":[{"tweenEasing":0,"transform":{"y":30,"x":60},"duration":60},{"transform":{"y":30,"x":60},"duration":0}],"name":"011_xinxi03"},{"frame":[{"tweenEasing":0,"transform":{"y":-200},"duration":30},{"tweenEasing":0,"transform":{"scY":0.99,"y":-200,"scX":1.01},"duration":30},{"transform":{"y":-200},"duration":0}],"name":"008_biaoqian"},{"frame":[{"tweenEasing":0,"transform":{"y":-60,"x":0.6667},"duration":29},{"tweenEasing":0,"transform":{"y":-90,"x":0.6667},"duration":1},{"tweenEasing":0,"transform":{"y":-30,"x":0.6667},"duration":30},{"transform":{"y":-60,"x":0.6667},"duration":0}],"name":"007_zhantai1_guanghuan2"},{"frame":[{"tweenEasing":0,"transform":{"y":-30,"x":0.6667},"duration":30},{"tweenEasing":0,"transform":{"y":-60,"x":0.6667},"duration":30},{"transform":{"y":-90,"x":0.6667},"duration":0}],"name":"006_zhangtai1_guanghuan1"},{"frame":[{"tweenEasing":0,"transform":{"scY":0.5,"y":-26},"duration":30},{"tweenEasing":0,"transform":{"scY":0.55,"y":-26,"scX":0.98},"duration":30},{"transform":{"scY":0.5,"y":-26},"duration":0}],"name":"005_zhantai1_guangmu"},{"frame":[{"tweenEasing":0,"transform":{"y":-93.8462,"x":-0.7692},"duration":60},{"transform":{"y":-93.8462,"x":-0.7692},"duration":0}],"name":"008_zhantai1_juese"},{"frame":[{"tweenEasing":0,"transform":{},"duration":30},{"tweenEasing":0,"transform":{},"duration":30},{"transform":{},"duration":0}],"name":"004_zhantai1_dengguang"},{"frame":[{"tweenEasing":0,"transform":{},"duration":30},{"tweenEasing":0,"transform":{},"duration":30},{"transform":{},"duration":0}],"name":"003_zhantai1"},{"frame":[{"tweenEasing":0,"transform":{},"duration":60},{"transform":{},"duration":0}],"name":"002_zhantai_fuji"},{"frame":[{"transform":{},"duration":60}],"name":"000_fuji"},{"frame":[{"transform":{},"duration":60}],"name":"009_dianti1"},{"frame":[{"transform":{},"duration":60}],"name":"012_dianti1_fuban3"},{"frame":[{"transform":{},"duration":60}],"name":"010_dianti1_fuban1"},{"frame":[{"transform":{},"duration":60}],"name":"011_dianti1_fuban2"},{"frame":[{"transform":{},"duration":60}],"name":"015_dianti1_fuban6"},{"frame":[{"transform":{},"duration":60}],"name":"016_dianti1_fuben7"},{"frame":[{"transform":{},"duration":60}],"name":"014_dianti1_fuban5"},{"frame":[{"transform":{},"duration":60}],"name":"013_dianti1_fuben4"}],"slot":[{"frame":[{"tweenEasing":0,"duration":60},{"tweenEasing":null,"duration":0}],"name":"009_xinxi01"},{"frame":[{"tweenEasing":0,"duration":60},{"tweenEasing":null,"duration":0}],"name":"010_xinxi02"},{"frame":[{"tweenEasing":0,"duration":60},{"tweenEasing":null,"duration":0}],"name":"011_xinxi03"},{"frame":[{"tweenEasing":0,"duration":30},{"tweenEasing":0,"duration":30},{"tweenEasing":null,"duration":0}],"name":"008_biaoqian"},{"frame":[{"tweenEasing":0,"duration":29},{"tweenEasing":0,"color":{"aM":0},"duration":1},{"tweenEasing":0,"color":{"aM":0},"duration":30},{"tweenEasing":null,"duration":0}],"name":"007_zhantai1_guanghuan2"},{"frame":[{"tweenEasing":0,"color":{"aM":0},"duration":30},{"tweenEasing":0,"duration":30},{"tweenEasing":null,"color":{"aM":0},"duration":0}],"name":"006_zhangtai1_guanghuan1"},{"frame":[{"tweenEasing":0,"duration":30},{"tweenEasing":0,"duration":30},{"tweenEasing":null,"duration":0}],"name":"005_zhantai1_guangmu"},{"frame":[{"tweenEasing":0,"duration":60},{"tweenEasing":null,"duration":0}],"name":"008_zhantai1_juese"},{"frame":[{"tweenEasing":0,"duration":30},{"tweenEasing":0,"color":{"aM":56},"duration":30},{"tweenEasing":null,"duration":0}],"name":"004_zhantai1_dengguang"},{"frame":[{"tweenEasing":0,"duration":30},{"tweenEasing":0,"duration":30},{"tweenEasing":null,"duration":0}],"name":"003_zhantai1"},{"frame":[{"displayIndex":-1,"tweenEasing":0,"duration":60},{"displayIndex":-1,"tweenEasing":null,"duration":0}],"name":"002_zhantai_fuji"},{"frame":[{"displayIndex":-1,"tweenEasing":null,"duration":60}],"name":"000_fuji"},{"frame":[{"displayIndex":-1,"tweenEasing":null,"duration":60}],"name":"009_dianti1"},{"frame":[{"displayIndex":-1,"tweenEasing":null,"duration":60}],"name":"010_dianti1_fuban1"},{"frame":[{"displayIndex":-1,"tweenEasing":null,"duration":60}],"name":"011_dianti1_fuban2"},{"frame":[{"displayIndex":-1,"tweenEasing":null,"duration":60}],"name":"012_dianti1_fuban3"},{"frame":[{"displayIndex":-1,"tweenEasing":null,"duration":60}],"name":"013_dianti1_fuben4"},{"frame":[{"displayIndex":-1,"tweenEasing":null,"duration":60}],"name":"014_dianti1_fuban5"},{"frame":[{"displayIndex":-1,"tweenEasing":null,"duration":60}],"name":"015_dianti1_fuban6"},{"frame":[{"displayIndex":-1,"tweenEasing":null,"duration":60}],"name":"016_dianti1_fuben7"}],"ffd":[],"frame":[],"name":"002_juese_xunhuan","duration":60,"ik":[]},{"playTimes":0,"bone":[{"frame":[{"transform":{"y":-61.8182,"x":-77.7273},"duration":60}],"name":"016_dianti1_fuben7"},{"frame":[{"tweenEasing":0,"transform":{"y":-44.0909,"x":-50.4545},"duration":60},{"transform":{"y":-61.7379,"x":-76.3369},"duration":0}],"name":"015_dianti1_fuban6"},{"frame":[{"tweenEasing":0,"transform":{"y":-26.8182,"x":-24.0909},"duration":60},{"transform":{"y":-43.8434,"x":-50},"duration":0}],"name":"014_dianti1_fuban5"},{"frame":[{"tweenEasing":0,"transform":{"y":-9.5455,"x":3.1818},"duration":60},{"transform":{"y":-26.4348,"x":-23.6957},"duration":0}],"name":"013_dianti1_fuben4"},{"frame":[{"tweenEasing":0,"transform":{"y":7.1429,"x":27.9871},"duration":60},{"transform":{"y":-9,"x":3},"duration":0}],"name":"012_dianti1_fuban3"},{"frame":[{"tweenEasing":0,"transform":{"y":24.2857,"x":54.4157},"duration":60},{"transform":{"y":7,"x":27.0473},"duration":0}],"name":"011_dianti1_fuban2"},{"frame":[{"tweenEasing":0,"transform":{"y":41.6883,"x":81.5585},"duration":60},{"transform":{"y":24,"x":54},"duration":0}],"name":"010_dianti1_fuban1"},{"frame":[{"tweenEasing":0,"transform":{"y":-62.1429,"scX":-1,"x":119.2857},"duration":60},{"transform":{"y":-62.1429,"scX":-1,"x":119.2857},"duration":0}],"name":"009_dianti1"},{"frame":[{"transform":{},"duration":60}],"name":"000_fuji"},{"frame":[{"transform":{},"duration":60}],"name":"008_biaoqian"},{"frame":[{"transform":{},"duration":60}],"name":"002_zhantai_fuji"},{"frame":[{"transform":{},"duration":60}],"name":"003_zhantai1"},{"frame":[{"transform":{},"duration":60}],"name":"009_xinxi01"},{"frame":[{"transform":{},"duration":60}],"name":"010_xinxi02"},{"frame":[{"transform":{},"duration":60}],"name":"011_xinxi03"},{"frame":[{"transform":{},"duration":60}],"name":"008_zhantai1_juese"},{"frame":[{"transform":{},"duration":60}],"name":"006_zhangtai1_guanghuan1"},{"frame":[{"transform":{},"duration":60}],"name":"005_zhantai1_guangmu"},{"frame":[{"transform":{},"duration":60}],"name":"007_zhantai1_guanghuan2"},{"frame":[{"transform":{},"duration":60}],"name":"004_zhantai1_dengguang"}],"slot":[{"frame":[{"tweenEasing":null,"duration":60}],"name":"016_dianti1_fuben7"},{"frame":[{"tweenEasing":0,"duration":60},{"tweenEasing":null,"duration":0}],"name":"015_dianti1_fuban6"},{"frame":[{"tweenEasing":0,"duration":60},{"tweenEasing":null,"duration":0}],"name":"014_dianti1_fuban5"},{"frame":[{"tweenEasing":0,"duration":60},{"tweenEasing":null,"duration":0}],"name":"013_dianti1_fuben4"},{"frame":[{"tweenEasing":0,"duration":60},{"tweenEasing":null,"duration":0}],"name":"012_dianti1_fuban3"},{"frame":[{"tweenEasing":0,"duration":60},{"tweenEasing":null,"duration":0}],"name":"011_dianti1_fuban2"},{"frame":[{"tweenEasing":0,"duration":60},{"tweenEasing":null,"duration":0}],"name":"010_dianti1_fuban1"},{"frame":[{"tweenEasing":0,"duration":60},{"tweenEasing":null,"duration":0}],"name":"009_dianti1"},{"frame":[{"displayIndex":-1,"tweenEasing":null,"duration":60}],"name":"000_fuji"},{"frame":[{"displayIndex":-1,"tweenEasing":null,"duration":60}],"name":"002_zhantai_fuji"},{"frame":[{"displayIndex":-1,"tweenEasing":null,"duration":60}],"name":"003_zhantai1"},{"frame":[{"displayIndex":-1,"tweenEasing":null,"duration":60}],"name":"004_zhantai1_dengguang"},{"frame":[{"displayIndex":-1,"tweenEasing":null,"duration":60}],"name":"008_zhantai1_juese"},{"frame":[{"displayIndex":-1,"tweenEasing":null,"duration":60}],"name":"005_zhantai1_guangmu"},{"frame":[{"displayIndex":-1,"tweenEasing":null,"duration":60}],"name":"006_zhangtai1_guanghuan1"},{"frame":[{"displayIndex":-1,"tweenEasing":null,"duration":60}],"name":"007_zhantai1_guanghuan2"},{"frame":[{"displayIndex":-1,"tweenEasing":null,"duration":60}],"name":"008_biaoqian"},{"frame":[{"displayIndex":-1,"tweenEasing":null,"duration":60}],"name":"011_xinxi03"},{"frame":[{"displayIndex":-1,"tweenEasing":null,"duration":60}],"name":"010_xinxi02"},{"frame":[{"displayIndex":-1,"tweenEasing":null,"duration":60}],"name":"009_xinxi01"}],"ffd":[],"frame":[],"name":"003_dianti_xunhuan","duration":60,"ik":[]}],"type":"Armature","frameRate":60,"aabb":{"width":252,"y":-170.99869999999999,"height":249.49869999999999,"x":-126},"skin":[{"slot":[{"display":[{"path":"ui_gedou_02_ima/dianti","type":"image","name":"ui_gedou_02_ima/dianti","transform":{}}],"name":"010_dianti1_fuban1"},{"display":[{"path":"ui_gedou_02_ima/wenzi","type":"image","name":"ui_gedou_02_ima/wenzi","transform":{}}],"name":"011_xinxi03"},{"display":[{"path":"ui_gedou_02_ima/dianti","type":"image","name":"ui_gedou_02_ima/dianti","transform":{}}],"name":"014_dianti1_fuban5"},{"display":[{"path":"ui_gedou_02_ima/dianti","type":"image","name":"ui_gedou_02_ima/dianti","transform":{}}],"name":"013_dianti1_fuben4"},{"display":[{"path":"ui_gedou_02_ima/dianti_dizuo","type":"image","name":"ui_gedou_02_ima/dianti_dizuo","transform":{}}],"name":"009_dianti1"},{"display":[{"path":"ui_gedou_02_ima/BoardInterEnemyInfo","type":"image","name":"ui_gedou_02_ima/BoardInterEnemyInfo","transform":{}}],"name":"008_biaoqian"},{"display":[{"path":"ui_gedou_02_ima/dianti","type":"image","name":"ui_gedou_02_ima/dianti","transform":{}}],"name":"015_dianti1_fuban6"},{"display":[{"path":"ui_gedou_02_ima/wenzi","type":"image","name":"ui_gedou_02_ima/wenzi","transform":{}}],"name":"009_xinxi01"},{"display":[{"path":"ui_gedou_02_ima/dianti","type":"image","name":"ui_gedou_02_ima/dianti","transform":{}}],"name":"011_dianti1_fuban2"},{"display":[{"path":"ui_gedou_02_ima/dianti","type":"image","name":"ui_gedou_02_ima/dianti","transform":{}}],"name":"016_dianti1_fuben7"},{"display":[{"path":"ui_gedou_02_ima/guangmu","type":"image","name":"ui_gedou_02_ima/guangmu","transform":{"y":-81.4987,"x":-0.5035}}],"blendMode":"add","name":"005_zhantai1_guangmu"},{"display":[{"path":"ui_gedou_02_ima/guanhuan","type":"image","name":"ui_gedou_02_ima/guanhuan","transform":{}}],"blendMode":"add","name":"007_zhantai1_guanghuan2"},{"display":[{"path":"ui_gedou_02_ima/dizuo","type":"image","name":"ui_gedou_02_ima/dizuo","transform":{}}],"name":"003_zhantai1"},{"display":[{"path":"ui_gedou_02_ima/guanhuan","type":"image","name":"ui_gedou_02_ima/guanhuan","transform":{}}],"blendMode":"add","name":"006_zhangtai1_guanghuan1"},{"display":[{"path":"ui_gedou_02_ima/dengguang","type":"image","name":"ui_gedou_02_ima/dengguang","transform":{}}],"blendMode":"add","name":"004_zhantai1_dengguang"},{"display":[{"path":"ui_gedou_02_ima/juese","type":"image","name":"ui_gedou_02_ima/juese","transform":{}}],"name":"008_zhantai1_juese"},{"display":[{"path":"ui_gedou_02_ima/dianti","type":"image","name":"ui_gedou_02_ima/dianti","transform":{}}],"name":"012_dianti1_fuban3"},{"display":[{"path":"ui_gedou_02_ima/wenzi","type":"image","name":"ui_gedou_02_ima/wenzi","transform":{}}],"name":"010_xinxi02"}],"name":""}],"defaultActions":[{"gotoAndPlay":"000_juese_chuxian"}],"ik":[],"name":"armatureName","slot":[{"displayIndex":-1,"name":"000_fuji","parent":"000_fuji","color":{}},{"z":1,"name":"009_dianti1","parent":"009_dianti1","color":{}},{"z":2,"name":"010_dianti1_fuban1","parent":"010_dianti1_fuban1","color":{}},{"z":3,"name":"011_dianti1_fuban2","parent":"011_dianti1_fuban2","color":{}},{"z":4,"name":"012_dianti1_fuban3","parent":"012_dianti1_fuban3","color":{}},{"z":5,"name":"013_dianti1_fuben4","parent":"013_dianti1_fuben4","color":{}},{"z":6,"name":"014_dianti1_fuban5","parent":"014_dianti1_fuban5","color":{}},{"z":7,"name":"015_dianti1_fuban6","parent":"015_dianti1_fuban6","color":{}},{"z":8,"name":"016_dianti1_fuben7","parent":"016_dianti1_fuben7","color":{}},{"z":9,"displayIndex":-1,"name":"002_zhantai_fuji","parent":"002_zhantai_fuji","color":{}},{"z":10,"name":"003_zhantai1","parent":"003_zhantai1","color":{}},{"blendMode":"add","z":11,"parent":"004_zhantai1_dengguang","name":"004_zhantai1_dengguang","color":{}},{"z":12,"name":"008_zhantai1_juese","parent":"008_zhantai1_juese","color":{}},{"blendMode":"add","z":13,"parent":"005_zhantai1_guangmu","name":"005_zhantai1_guangmu","color":{}},{"blendMode":"add","z":14,"parent":"006_zhangtai1_guanghuan1","name":"006_zhangtai1_guanghuan1","color":{}},{"blendMode":"add","z":15,"parent":"007_zhantai1_guanghuan2","name":"007_zhantai1_guanghuan2","color":{}},{"z":16,"name":"008_biaoqian","parent":"008_biaoqian","color":{}},{"z":17,"name":"011_xinxi03","parent":"011_xinxi03","color":{}},{"z":18,"name":"010_xinxi02","parent":"010_xinxi02","color":{}},{"z":19,"name":"009_xinxi01","parent":"009_xinxi01","color":{}}]}],"name":"ui_gedou_01","version":"4.0"}