{"frameRate":30,"isGlobal":0,"armature":[{"bone":[{"name":"root","transform":{}},{"transform":{"y":-457,"x":627.71},"name":"baozha_eff/hong_fangshe_01_eff_01","parent":"root"},{"transform":{"y":-253.72,"x":-12.47},"name":"daoguang01/hong_daoguang2_eff_01","parent":"root"},{"transform":{"y":-253.72,"x":-12.47},"name":"daoguang01/hong_daoguang2_eff_1","parent":"root"},{"transform":{"y":-253.72,"x":-12.47},"name":"daoguang01/hong_daoguang2_eff_2","parent":"root"},{"transform":{"y":-255.17,"x":241.71},"name":"guanghuan/0_00000","parent":"root"},{"length":170,"transform":{"y":-186.03,"skX":-89.73,"skY":-89.73,"x":368.94},"parent":"root","name":"hong_leidian_01_eff/lan_daoguang_02_eff_01"},{"length":194,"transform":{"y":-453.27,"skX":180,"skY":180,"x":135.5},"parent":"root","name":"lan_daoguang_03_eff/lan_daoguang_03_eff_01"},{"length":46,"transform":{"y":-57.7,"skX":-90,"skY":-90,"x":372.88},"parent":"root","name":"lan_nianliranshao_eff/lan_nianliranshao_eff_01"},{"transform":{"y":-97.66},"name":"wj_017_xiba_eff_pz","parent":"root"},{"transform":{"y":-445,"x":354},"name":"zhuazi_eff/hong_fazhen_03_eff_01","parent":"root"}],"aabb":{"width":987.99,"y":-712.49,"height":689.29,"x":-197},"type":"Armature","name":"armatureName","animation":[{"frame":[],"bone":[{"frame":[{"transform":{"scY":1.266,"y":455.61,"scX":1.266,"x":-629.02},"duration":15}],"name":"baozha_eff/hong_fangshe_01_eff_01"},{"frame":[{"transform":{"scY":1.5,"y":457.95,"scX":1.5,"x":126.26},"duration":15}],"name":"lan_daoguang_03_eff/lan_daoguang_03_eff_01"},{"frame":[{"transform":{"y":91.91},"duration":15}],"name":"wj_017_xiba_eff_pz"},{"frame":[{"transform":{},"duration":15}],"name":"root"},{"frame":[{"transform":{},"duration":15}],"name":"daoguang01/hong_daoguang2_eff_01"},{"frame":[{"transform":{},"duration":15}],"name":"daoguang01/hong_daoguang2_eff_1"},{"frame":[{"transform":{},"duration":15}],"name":"daoguang01/hong_daoguang2_eff_2"},{"frame":[{"transform":{},"duration":15}],"name":"guanghuan/0_00000"},{"frame":[{"transform":{},"duration":15}],"name":"hong_leidian_01_eff/lan_daoguang_02_eff_01"},{"frame":[{"transform":{},"duration":15}],"name":"lan_nianliranshao_eff/lan_nianliranshao_eff_01"},{"frame":[{"transform":{},"duration":15}],"name":"zhuazi_eff/hong_fazhen_03_eff_01"}],"slot":[{"frame":[{"tweenEasing":0,"duration":3},{"displayIndex":1,"tweenEasing":0,"duration":3},{"displayIndex":2,"tweenEasing":0,"duration":9},{"displayIndex":2,"tweenEasing":null,"color":{"aM":0},"duration":0}],"name":"baozha_eff/hong_fangshe_01_eff_01"},{"frame":[{"displayIndex":-1,"tweenEasing":null,"duration":15}],"name":"daoguang01/hong_daoguang2_eff_01"},{"frame":[{"displayIndex":-1,"tweenEasing":null,"duration":15}],"name":"daoguang01/hong_daoguang2_eff_1"},{"frame":[{"displayIndex":-1,"tweenEasing":null,"duration":15}],"name":"daoguang01/hong_daoguang2_eff_2"},{"frame":[{"displayIndex":-1,"tweenEasing":null,"duration":15}],"name":"guanghuan/0_00000"},{"frame":[{"displayIndex":-1,"tweenEasing":null,"duration":15}],"name":"hong_leidian_01_eff/lan_daoguang_02_eff_01"},{"frame":[{"tweenEasing":0,"duration":3},{"displayIndex":1,"tweenEasing":0,"duration":3},{"displayIndex":2,"tweenEasing":0,"duration":3},{"displayIndex":3,"tweenEasing":0,"duration":3},{"displayIndex":4,"tweenEasing":0,"duration":3},{"displayIndex":-1,"tweenEasing":null,"duration":0}],"name":"lan_daoguang_03_eff/lan_daoguang_03_eff_01"},{"frame":[{"displayIndex":-1,"tweenEasing":null,"duration":15}],"name":"lan_nianliranshao_eff/lan_nianliranshao_eff_01"},{"frame":[{"displayIndex":-1,"tweenEasing":null,"duration":15}],"name":"zhuazi_eff/hong_fazhen_03_eff_01"}],"ffd":[],"ik":[],"name":"0000_gongji1","duration":15},{"frame":[],"bone":[{"frame":[{"transform":{"scY":2,"y":597.5,"scX":2,"x":-431.15},"duration":45}],"name":"zhuazi_eff/hong_fazhen_03_eff_01"},{"frame":[{"tweenEasing":0,"transform":{},"duration":30},{"transform":{"scY":3,"y":312.25,"scX":3,"x":-624.51},"duration":15},{"transform":{"scY":3,"y":312.25,"scX":3,"x":-624.51},"duration":0}],"name":"baozha_eff/hong_fangshe_01_eff_01"},{"frame":[{"transform":{"scY":3,"y":156.08,"scX":3,"x":-53.15},"duration":45}],"name":"daoguang01/hong_daoguang2_eff_01"},{"frame":[{"transform":{"scY":3.118,"y":-40.27,"scX":3.186,"x":4.17},"duration":30},{"transform":{"scY":3.118,"y":-40.27,"scX":3.186,"x":4.17},"duration":15}],"name":"wj_017_xiba_eff_pz"},{"frame":[{"transform":{"x":17.06},"duration":45}],"name":"root"},{"frame":[{"tweenEasing":0,"transform":{},"duration":30},{"transform":{"scY":-4,"y":138.95,"skX":-177.17,"skY":-177.17,"scX":-4,"x":-108.45},"duration":15}],"name":"daoguang01/hong_daoguang2_eff_2"},{"frame":[{"tweenEasing":0,"transform":{},"duration":10},{"transform":{"scY":2,"y":44.91,"skX":64.06,"skY":64.06,"scX":2,"x":-63.4},"duration":35}],"name":"daoguang01/hong_daoguang2_eff_1"},{"frame":[{"transform":{},"duration":45}],"name":"guanghuan/0_00000"},{"frame":[{"transform":{},"duration":45}],"name":"hong_leidian_01_eff/lan_daoguang_02_eff_01"},{"frame":[{"transform":{},"duration":45}],"name":"lan_daoguang_03_eff/lan_daoguang_03_eff_01"},{"frame":[{"transform":{},"duration":45}],"name":"lan_nianliranshao_eff/lan_nianliranshao_eff_01"}],"slot":[{"frame":[{"displayIndex":-1,"tweenEasing":0,"duration":30},{"tweenEasing":0,"duration":3},{"displayIndex":1,"tweenEasing":0,"duration":3},{"displayIndex":2,"tweenEasing":0,"duration":9},{"displayIndex":2,"tweenEasing":null,"color":{"aM":0},"duration":0}],"name":"baozha_eff/hong_fangshe_01_eff_01"},{"frame":[{"tweenEasing":0,"duration":3},{"displayIndex":1,"tweenEasing":0,"duration":3},{"displayIndex":2,"tweenEasing":0,"duration":3},{"displayIndex":3,"tweenEasing":0,"duration":6},{"displayIndex":3,"tweenEasing":null,"color":{"aM":0},"duration":30}],"name":"daoguang01/hong_daoguang2_eff_01"},{"frame":[{"displayIndex":-1,"tweenEasing":0,"duration":10},{"tweenEasing":0,"duration":3},{"displayIndex":1,"tweenEasing":0,"duration":3},{"displayIndex":2,"tweenEasing":0,"duration":3},{"displayIndex":3,"tweenEasing":0,"duration":6},{"displayIndex":3,"tweenEasing":null,"color":{"aM":0},"duration":20}],"name":"daoguang01/hong_daoguang2_eff_1"},{"frame":[{"displayIndex":-1,"tweenEasing":0,"duration":30},{"tweenEasing":0,"duration":3},{"displayIndex":1,"tweenEasing":0,"duration":3},{"displayIndex":2,"tweenEasing":0,"duration":3},{"displayIndex":3,"tweenEasing":0,"duration":6},{"displayIndex":3,"tweenEasing":null,"color":{"aM":0},"duration":0}],"name":"daoguang01/hong_daoguang2_eff_2"},{"frame":[{"displayIndex":-1,"tweenEasing":null,"duration":45}],"name":"guanghuan/0_00000"},{"frame":[{"displayIndex":-1,"tweenEasing":null,"duration":45}],"name":"hong_leidian_01_eff/lan_daoguang_02_eff_01"},{"frame":[{"displayIndex":-1,"tweenEasing":null,"duration":45}],"name":"lan_daoguang_03_eff/lan_daoguang_03_eff_01"},{"frame":[{"displayIndex":-1,"tweenEasing":null,"duration":45}],"name":"lan_nianliranshao_eff/lan_nianliranshao_eff_01"},{"frame":[{"tweenEasing":0,"duration":2},{"displayIndex":1,"tweenEasing":0,"duration":2},{"displayIndex":2,"tweenEasing":0,"duration":2},{"displayIndex":3,"tweenEasing":0,"duration":2},{"displayIndex":4,"tweenEasing":0,"duration":2},{"displayIndex":5,"tweenEasing":0,"duration":2},{"displayIndex":6,"tweenEasing":0,"duration":2},{"displayIndex":7,"tweenEasing":0,"duration":2},{"displayIndex":6,"tweenEasing":0,"duration":2},{"displayIndex":7,"tweenEasing":0,"duration":4},{"displayIndex":8,"tweenEasing":0,"duration":2},{"displayIndex":9,"tweenEasing":0,"duration":2},{"displayIndex":10,"tweenEasing":0,"duration":2},{"displayIndex":11,"tweenEasing":0,"duration":2},{"displayIndex":12,"tweenEasing":0,"duration":2},{"displayIndex":13,"tweenEasing":0,"duration":2},{"displayIndex":14,"tweenEasing":0,"duration":2},{"displayIndex":15,"tweenEasing":null,"duration":9}],"name":"zhuazi_eff/hong_fazhen_03_eff_01"}],"ffd":[],"ik":[],"name":"0001_gongji2","duration":45},{"frame":[],"bone":[{"frame":[{"transform":{"scY":2,"y":56.91,"scX":2,"x":-371.32},"duration":45}],"name":"lan_nianliranshao_eff/lan_nianliranshao_eff_01"},{"frame":[{"transform":{"scY":2,"y":254.3,"scX":3,"x":-241.09},"duration":45}],"name":"guanghuan/0_00000"},{"frame":[{"transform":{"y":127.84,"x":-368.21},"duration":45}],"name":"hong_leidian_01_eff/lan_daoguang_02_eff_01"},{"frame":[{"transform":{},"duration":45}],"name":"daoguang01/hong_daoguang2_eff_2"},{"frame":[{"transform":{},"duration":45}],"name":"root"},{"frame":[{"transform":{},"duration":45}],"name":"baozha_eff/hong_fangshe_01_eff_01"},{"frame":[{"transform":{},"duration":45}],"name":"daoguang01/hong_daoguang2_eff_01"},{"frame":[{"transform":{},"duration":45}],"name":"daoguang01/hong_daoguang2_eff_1"},{"frame":[{"transform":{},"duration":45}],"name":"lan_daoguang_03_eff/lan_daoguang_03_eff_01"},{"frame":[{"transform":{},"duration":45}],"name":"wj_017_xiba_eff_pz"},{"frame":[{"transform":{},"duration":45}],"name":"zhuazi_eff/hong_fazhen_03_eff_01"}],"slot":[{"frame":[{"displayIndex":-1,"tweenEasing":null,"duration":45}],"name":"baozha_eff/hong_fangshe_01_eff_01"},{"frame":[{"displayIndex":-1,"tweenEasing":null,"duration":45}],"name":"daoguang01/hong_daoguang2_eff_01"},{"frame":[{"displayIndex":-1,"tweenEasing":null,"duration":45}],"name":"daoguang01/hong_daoguang2_eff_1"},{"frame":[{"displayIndex":-1,"tweenEasing":null,"duration":45}],"name":"daoguang01/hong_daoguang2_eff_2"},{"frame":[{"tweenEasing":0,"duration":3},{"displayIndex":1,"tweenEasing":0,"duration":3},{"displayIndex":2,"tweenEasing":0,"duration":3},{"displayIndex":3,"tweenEasing":0,"duration":3},{"displayIndex":4,"tweenEasing":0,"duration":3},{"displayIndex":5,"tweenEasing":0,"duration":3},{"displayIndex":6,"tweenEasing":0,"duration":3},{"tweenEasing":0,"duration":3},{"displayIndex":1,"tweenEasing":0,"duration":3},{"displayIndex":2,"tweenEasing":0,"duration":3},{"displayIndex":3,"tweenEasing":0,"duration":3},{"displayIndex":4,"tweenEasing":0,"duration":3},{"displayIndex":5,"tweenEasing":0,"duration":3},{"displayIndex":6,"tweenEasing":0,"duration":3},{"tweenEasing":0,"duration":3},{"displayIndex":1,"tweenEasing":null,"color":{"aM":0},"duration":0}],"name":"guanghuan/0_00000"},{"frame":[{"tweenEasing":0,"duration":3},{"displayIndex":1,"tweenEasing":0,"duration":3},{"displayIndex":2,"tweenEasing":0,"duration":3},{"displayIndex":3,"tweenEasing":0,"duration":3},{"tweenEasing":0,"duration":3},{"displayIndex":1,"tweenEasing":0,"duration":3},{"displayIndex":2,"tweenEasing":0,"duration":3},{"displayIndex":3,"tweenEasing":0,"duration":3},{"tweenEasing":0,"duration":3},{"displayIndex":1,"tweenEasing":0,"duration":3},{"displayIndex":2,"tweenEasing":0,"duration":3},{"displayIndex":3,"tweenEasing":0,"duration":3},{"tweenEasing":0,"duration":3},{"displayIndex":1,"tweenEasing":0,"duration":3},{"displayIndex":2,"tweenEasing":0,"duration":3},{"displayIndex":3,"tweenEasing":null,"color":{"aM":0},"duration":0}],"name":"hong_leidian_01_eff/lan_daoguang_02_eff_01"},{"frame":[{"displayIndex":-1,"tweenEasing":null,"duration":45}],"name":"lan_daoguang_03_eff/lan_daoguang_03_eff_01"},{"frame":[{"tweenEasing":0,"duration":3},{"displayIndex":1,"tweenEasing":0,"duration":3},{"displayIndex":2,"tweenEasing":0,"duration":3},{"displayIndex":3,"tweenEasing":0,"duration":3},{"displayIndex":4,"tweenEasing":0,"duration":3},{"displayIndex":5,"tweenEasing":0,"duration":3},{"displayIndex":6,"tweenEasing":0,"duration":3},{"displayIndex":7,"tweenEasing":0,"duration":3},{"displayIndex":8,"tweenEasing":0,"duration":3},{"tweenEasing":0,"duration":3},{"displayIndex":1,"tweenEasing":0,"duration":3},{"displayIndex":2,"tweenEasing":0,"duration":3},{"displayIndex":3,"tweenEasing":0,"duration":3},{"displayIndex":4,"tweenEasing":0,"duration":3},{"displayIndex":5,"tweenEasing":0,"duration":3},{"displayIndex":6,"tweenEasing":null,"color":{"aM":0},"duration":0}],"name":"lan_nianliranshao_eff/lan_nianliranshao_eff_01"},{"frame":[{"displayIndex":-1,"tweenEasing":null,"duration":45}],"name":"zhuazi_eff/hong_fazhen_03_eff_01"}],"ffd":[],"ik":[],"name":"0002_xuli","duration":45},{"frame":[],"bone":[{"frame":[{"transform":{"scY":2,"y":597.5,"scX":2,"x":-431.15},"duration":40},{"transform":{"scY":2,"y":597.5,"scX":2,"x":-431.15},"duration":0}],"name":"zhuazi_eff/hong_fazhen_03_eff_01"},{"frame":[{"transform":{},"duration":40},{"transform":{},"duration":0}],"name":"baozha_eff/hong_fangshe_01_eff_01"},{"frame":[{"transform":{},"duration":40},{"transform":{},"duration":0}],"name":"lan_daoguang_03_eff/lan_daoguang_03_eff_01"},{"frame":[{"transform":{"scY":3,"y":156.08,"scX":3,"x":-53.15},"duration":40},{"transform":{"scY":3,"y":156.08,"scX":3,"x":-53.15},"duration":0}],"name":"daoguang01/hong_daoguang2_eff_01"},{"frame":[{"transform":{"scY":3.118,"y":-40.27,"scX":3.186,"x":4.17},"duration":30},{"transform":{"scY":3.118,"y":-40.27,"scX":3.186,"x":4.17},"duration":10},{"transform":{"scY":3.118,"y":-40.27,"scX":3.186,"x":4.17},"duration":0}],"name":"wj_017_xiba_eff_pz"},{"frame":[{"transform":{"x":17.06},"duration":40},{"transform":{"x":17.06},"duration":0}],"name":"root"},{"frame":[{"transform":{},"duration":40},{"transform":{},"duration":0}],"name":"daoguang01/hong_daoguang2_eff_2"},{"frame":[{"tweenEasing":0,"transform":{},"duration":10},{"transform":{"scY":2,"y":44.91,"skX":64.06,"skY":64.06,"scX":2,"x":-63.4},"duration":30},{"transform":{"scY":2,"y":44.91,"skX":64.06,"skY":64.06,"scX":2,"x":-63.4},"duration":0}],"name":"daoguang01/hong_daoguang2_eff_1"},{"frame":[{"transform":{},"duration":40},{"transform":{},"duration":0}],"name":"guanghuan/0_00000"},{"frame":[{"transform":{},"duration":40},{"transform":{},"duration":0}],"name":"hong_leidian_01_eff/lan_daoguang_02_eff_01"},{"frame":[{"transform":{},"duration":40},{"transform":{},"duration":0}],"name":"lan_nianliranshao_eff/lan_nianliranshao_eff_01"}],"slot":[{"frame":[{"displayIndex":-1,"tweenEasing":null,"duration":40}],"name":"baozha_eff/hong_fangshe_01_eff_01"},{"frame":[{"tweenEasing":0,"duration":3},{"displayIndex":1,"tweenEasing":0,"duration":3},{"displayIndex":2,"tweenEasing":0,"duration":3},{"displayIndex":3,"tweenEasing":0,"duration":6},{"displayIndex":3,"tweenEasing":null,"color":{"aM":0},"duration":25}],"name":"daoguang01/hong_daoguang2_eff_01"},{"frame":[{"displayIndex":-1,"tweenEasing":0,"duration":10},{"tweenEasing":0,"duration":3},{"displayIndex":1,"tweenEasing":0,"duration":3},{"displayIndex":2,"tweenEasing":0,"duration":3},{"displayIndex":3,"tweenEasing":0,"duration":6},{"displayIndex":3,"tweenEasing":null,"color":{"aM":0},"duration":15}],"name":"daoguang01/hong_daoguang2_eff_1"},{"frame":[{"displayIndex":-1,"tweenEasing":null,"duration":40}],"name":"daoguang01/hong_daoguang2_eff_2"},{"frame":[{"displayIndex":-1,"tweenEasing":null,"duration":40}],"name":"guanghuan/0_00000"},{"frame":[{"displayIndex":-1,"tweenEasing":null,"duration":40}],"name":"hong_leidian_01_eff/lan_daoguang_02_eff_01"},{"frame":[{"displayIndex":-1,"tweenEasing":null,"duration":40}],"name":"lan_daoguang_03_eff/lan_daoguang_03_eff_01"},{"frame":[{"displayIndex":-1,"tweenEasing":null,"duration":40}],"name":"lan_nianliranshao_eff/lan_nianliranshao_eff_01"},{"frame":[{"tweenEasing":0,"duration":2},{"displayIndex":1,"tweenEasing":0,"duration":2},{"displayIndex":2,"tweenEasing":0,"duration":2},{"displayIndex":3,"tweenEasing":0,"duration":2},{"displayIndex":4,"tweenEasing":0,"duration":2},{"displayIndex":5,"tweenEasing":0,"duration":2},{"displayIndex":6,"tweenEasing":0,"duration":2},{"displayIndex":7,"tweenEasing":0,"duration":2},{"displayIndex":6,"tweenEasing":0,"duration":2},{"displayIndex":7,"tweenEasing":0,"duration":4},{"displayIndex":8,"tweenEasing":0,"duration":2},{"displayIndex":9,"tweenEasing":0,"duration":2},{"displayIndex":10,"tweenEasing":0,"duration":2},{"displayIndex":11,"tweenEasing":0,"duration":2},{"displayIndex":12,"tweenEasing":0,"duration":2},{"displayIndex":13,"tweenEasing":0,"duration":3},{"displayIndex":14,"tweenEasing":0,"duration":5},{"displayIndex":15,"tweenEasing":null,"duration":0}],"name":"zhuazi_eff/hong_fazhen_03_eff_01"}],"ffd":[],"ik":[],"name":"0003_zhuazi","duration":40},{"frame":[],"bone":[{"frame":[{"transform":{"scY":2,"y":597.5,"scX":2,"x":-431.15},"duration":9},{"transform":{"scY":2,"y":597.5,"scX":2,"x":-431.15},"duration":0}],"name":"zhuazi_eff/hong_fazhen_03_eff_01"},{"frame":[{"transform":{"scY":2,"y":457,"scX":2,"x":-644.77},"duration":9},{"transform":{"scY":2,"y":457,"scX":2,"x":-644.77},"duration":0}],"name":"baozha_eff/hong_fangshe_01_eff_01"},{"frame":[{"transform":{},"duration":9},{"transform":{},"duration":0}],"name":"lan_daoguang_03_eff/lan_daoguang_03_eff_01"},{"frame":[{"transform":{"scY":3,"y":156.08,"scX":3,"x":-53.15},"duration":9},{"transform":{"scY":3,"y":156.08,"scX":3,"x":-53.15},"duration":0}],"name":"daoguang01/hong_daoguang2_eff_01"},{"frame":[{"transform":{"scY":1.6,"y":97.66,"scX":1.6,"x":-17.06},"duration":9},{"transform":{"scY":1.6,"y":97.66,"scX":1.6,"x":-17.06},"duration":0}],"name":"wj_017_xiba_eff_pz"},{"frame":[{"transform":{"x":17.06},"duration":9},{"transform":{"x":17.06},"duration":0}],"name":"root"},{"frame":[{"transform":{"scY":-3,"y":265.43,"skX":-177.17,"skY":-177.17,"scX":-3,"x":-64.29},"duration":9},{"transform":{"scY":-3,"y":265.43,"skX":-177.17,"skY":-177.17,"scX":-3,"x":-64.29},"duration":0}],"name":"daoguang01/hong_daoguang2_eff_2"},{"frame":[{"transform":{},"duration":9},{"transform":{},"duration":0}],"name":"daoguang01/hong_daoguang2_eff_1"},{"frame":[{"transform":{},"duration":9},{"transform":{},"duration":0}],"name":"guanghuan/0_00000"},{"frame":[{"transform":{},"duration":9},{"transform":{},"duration":0}],"name":"hong_leidian_01_eff/lan_daoguang_02_eff_01"},{"frame":[{"transform":{},"duration":9},{"transform":{},"duration":0}],"name":"lan_nianliranshao_eff/lan_nianliranshao_eff_01"}],"slot":[{"frame":[{"tweenEasing":0,"duration":2},{"displayIndex":1,"tweenEasing":0,"duration":2},{"displayIndex":2,"tweenEasing":0,"duration":5},{"displayIndex":2,"tweenEasing":null,"color":{"aM":0},"duration":0}],"name":"baozha_eff/hong_fangshe_01_eff_01"},{"frame":[{"displayIndex":-1,"tweenEasing":null,"duration":9}],"name":"daoguang01/hong_daoguang2_eff_01"},{"frame":[{"displayIndex":-1,"tweenEasing":null,"duration":9}],"name":"daoguang01/hong_daoguang2_eff_1"},{"frame":[{"tweenEasing":0,"duration":2},{"displayIndex":1,"tweenEasing":0,"duration":2},{"displayIndex":2,"tweenEasing":0,"duration":2},{"displayIndex":3,"tweenEasing":0,"duration":3},{"displayIndex":3,"tweenEasing":null,"color":{"aM":0},"duration":0}],"name":"daoguang01/hong_daoguang2_eff_2"},{"frame":[{"displayIndex":-1,"tweenEasing":null,"duration":9}],"name":"guanghuan/0_00000"},{"frame":[{"displayIndex":-1,"tweenEasing":null,"duration":9}],"name":"hong_leidian_01_eff/lan_daoguang_02_eff_01"},{"frame":[{"displayIndex":-1,"tweenEasing":null,"duration":9}],"name":"lan_daoguang_03_eff/lan_daoguang_03_eff_01"},{"frame":[{"displayIndex":-1,"tweenEasing":null,"duration":9}],"name":"lan_nianliranshao_eff/lan_nianliranshao_eff_01"},{"frame":[{"displayIndex":-1,"tweenEasing":null,"duration":9}],"name":"zhuazi_eff/hong_fazhen_03_eff_01"}],"ffd":[],"ik":[],"name":"0004_zhixiang1","duration":9},{"frame":[],"bone":[{"frame":[{"transform":{"scY":2,"y":597.5,"scX":2,"x":-431.15},"duration":9},{"transform":{"scY":2,"y":597.5,"scX":2,"x":-431.15},"duration":0}],"name":"zhuazi_eff/hong_fazhen_03_eff_01"},{"frame":[{"transform":{"scY":-2,"y":457,"scX":2,"x":-644.77},"duration":9},{"transform":{"scY":-2,"y":457,"scX":2,"x":-644.77},"duration":0}],"name":"baozha_eff/hong_fangshe_01_eff_01"},{"frame":[{"transform":{},"duration":9},{"transform":{},"duration":0}],"name":"lan_daoguang_03_eff/lan_daoguang_03_eff_01"},{"frame":[{"transform":{"scY":3,"y":156.08,"scX":3,"x":-53.15},"duration":9},{"transform":{"scY":3,"y":156.08,"scX":3,"x":-53.15},"duration":0}],"name":"daoguang01/hong_daoguang2_eff_01"},{"frame":[{"transform":{"scY":1.6,"y":97.66,"scX":1.6,"x":-17.06},"duration":9},{"transform":{"scY":1.6,"y":97.66,"scX":1.6,"x":-17.06},"duration":0}],"name":"wj_017_xiba_eff_pz"},{"frame":[{"transform":{"x":17.06},"duration":9},{"transform":{"x":17.06},"duration":0}],"name":"root"},{"frame":[{"transform":{"scY":-3,"y":276.47,"skX":-177.17,"skY":-177.17,"scX":3,"x":62.64},"duration":9},{"transform":{"scY":-3,"y":276.47,"skX":-177.17,"skY":-177.17,"scX":3,"x":62.64},"duration":0}],"name":"daoguang01/hong_daoguang2_eff_2"},{"frame":[{"transform":{},"duration":9},{"transform":{},"duration":0}],"name":"daoguang01/hong_daoguang2_eff_1"},{"frame":[{"transform":{},"duration":9},{"transform":{},"duration":0}],"name":"guanghuan/0_00000"},{"frame":[{"transform":{},"duration":9},{"transform":{},"duration":0}],"name":"hong_leidian_01_eff/lan_daoguang_02_eff_01"},{"frame":[{"transform":{},"duration":9},{"transform":{},"duration":0}],"name":"lan_nianliranshao_eff/lan_nianliranshao_eff_01"}],"slot":[{"frame":[{"tweenEasing":0,"duration":2},{"displayIndex":1,"tweenEasing":0,"duration":2},{"displayIndex":2,"tweenEasing":0,"duration":5},{"displayIndex":2,"tweenEasing":null,"color":{"aM":0},"duration":0}],"name":"baozha_eff/hong_fangshe_01_eff_01"},{"frame":[{"displayIndex":-1,"tweenEasing":null,"duration":9}],"name":"daoguang01/hong_daoguang2_eff_01"},{"frame":[{"displayIndex":-1,"tweenEasing":null,"duration":9}],"name":"daoguang01/hong_daoguang2_eff_1"},{"frame":[{"tweenEasing":0,"duration":2},{"displayIndex":1,"tweenEasing":0,"duration":2},{"displayIndex":2,"tweenEasing":0,"duration":2},{"displayIndex":3,"tweenEasing":0,"duration":3},{"displayIndex":3,"tweenEasing":null,"color":{"aM":0},"duration":0}],"name":"daoguang01/hong_daoguang2_eff_2"},{"frame":[{"displayIndex":-1,"tweenEasing":null,"duration":9}],"name":"guanghuan/0_00000"},{"frame":[{"displayIndex":-1,"tweenEasing":null,"duration":9}],"name":"hong_leidian_01_eff/lan_daoguang_02_eff_01"},{"frame":[{"displayIndex":-1,"tweenEasing":null,"duration":9}],"name":"lan_daoguang_03_eff/lan_daoguang_03_eff_01"},{"frame":[{"displayIndex":-1,"tweenEasing":null,"duration":9}],"name":"lan_nianliranshao_eff/lan_nianliranshao_eff_01"},{"frame":[{"displayIndex":-1,"tweenEasing":null,"duration":9}],"name":"zhuazi_eff/hong_fazhen_03_eff_01"}],"ffd":[],"ik":[],"name":"0005_zhixiang2","duration":9},{"frame":[],"bone":[{"frame":[{"transform":{"scY":2,"y":597.5,"scX":2,"x":-431.15},"duration":9},{"transform":{"scY":2,"y":597.5,"scX":2,"x":-431.15},"duration":0}],"name":"zhuazi_eff/hong_fazhen_03_eff_01"},{"frame":[{"transform":{"scY":2,"y":457,"skX":-0.6,"skY":-0.6,"scX":-2,"x":-644.77},"duration":9},{"transform":{"scY":2,"y":457,"skX":-0.6,"skY":-0.6,"scX":-2,"x":-644.77},"duration":0}],"name":"baozha_eff/hong_fangshe_01_eff_01"},{"frame":[{"transform":{},"duration":9},{"transform":{},"duration":0}],"name":"lan_daoguang_03_eff/lan_daoguang_03_eff_01"},{"frame":[{"transform":{"scY":3,"y":156.08,"scX":3,"x":-53.15},"duration":9},{"transform":{"scY":3,"y":156.08,"scX":3,"x":-53.15},"duration":0}],"name":"daoguang01/hong_daoguang2_eff_01"},{"frame":[{"transform":{"scY":1.6,"y":97.66,"scX":1.6,"x":-17.06},"duration":9},{"transform":{"scY":1.6,"y":97.66,"scX":1.6,"x":-17.06},"duration":0}],"name":"wj_017_xiba_eff_pz"},{"frame":[{"transform":{"x":17.06},"duration":9},{"transform":{"x":17.06},"duration":0}],"name":"root"},{"frame":[{"transform":{"scY":3,"y":233.4,"skX":-177.17,"skY":-177.17,"scX":-3,"x":-57.66},"duration":9},{"transform":{"scY":3,"y":233.4,"skX":-177.17,"skY":-177.17,"scX":-3,"x":-57.66},"duration":0}],"name":"daoguang01/hong_daoguang2_eff_2"},{"frame":[{"transform":{},"duration":9},{"transform":{},"duration":0}],"name":"daoguang01/hong_daoguang2_eff_1"},{"frame":[{"transform":{},"duration":9},{"transform":{},"duration":0}],"name":"guanghuan/0_00000"},{"frame":[{"transform":{},"duration":9},{"transform":{},"duration":0}],"name":"hong_leidian_01_eff/lan_daoguang_02_eff_01"},{"frame":[{"transform":{},"duration":9},{"transform":{},"duration":0}],"name":"lan_nianliranshao_eff/lan_nianliranshao_eff_01"}],"slot":[{"frame":[{"tweenEasing":0,"duration":2},{"displayIndex":1,"tweenEasing":0,"duration":2},{"displayIndex":2,"tweenEasing":0,"duration":5},{"displayIndex":2,"tweenEasing":null,"color":{"aM":0},"duration":0}],"name":"baozha_eff/hong_fangshe_01_eff_01"},{"frame":[{"displayIndex":-1,"tweenEasing":null,"duration":9}],"name":"daoguang01/hong_daoguang2_eff_01"},{"frame":[{"displayIndex":-1,"tweenEasing":null,"duration":9}],"name":"daoguang01/hong_daoguang2_eff_1"},{"frame":[{"tweenEasing":0,"duration":2},{"displayIndex":1,"tweenEasing":0,"duration":2},{"displayIndex":2,"tweenEasing":0,"duration":2},{"displayIndex":3,"tweenEasing":0,"duration":3},{"displayIndex":3,"tweenEasing":null,"color":{"aM":0},"duration":0}],"name":"daoguang01/hong_daoguang2_eff_2"},{"frame":[{"displayIndex":-1,"tweenEasing":null,"duration":9}],"name":"guanghuan/0_00000"},{"frame":[{"displayIndex":-1,"tweenEasing":null,"duration":9}],"name":"hong_leidian_01_eff/lan_daoguang_02_eff_01"},{"frame":[{"displayIndex":-1,"tweenEasing":null,"duration":9}],"name":"lan_daoguang_03_eff/lan_daoguang_03_eff_01"},{"frame":[{"displayIndex":-1,"tweenEasing":null,"duration":9}],"name":"lan_nianliranshao_eff/lan_nianliranshao_eff_01"},{"frame":[{"displayIndex":-1,"tweenEasing":null,"duration":9}],"name":"zhuazi_eff/hong_fazhen_03_eff_01"}],"ffd":[],"ik":[],"name":"0006_zhixiang3","duration":9},{"frame":[],"bone":[{"frame":[{"transform":{"scY":2,"y":597.5,"scX":2,"x":-431.15},"duration":9},{"transform":{"scY":2,"y":597.5,"scX":2,"x":-431.15},"duration":6}],"name":"zhuazi_eff/hong_fazhen_03_eff_01"},{"frame":[{"transform":{"scY":-3,"y":457,"scX":-3,"x":-644.77},"duration":9},{"transform":{"scY":-3,"y":457,"scX":-3,"x":-644.77},"duration":6}],"name":"baozha_eff/hong_fangshe_01_eff_01"},{"frame":[{"transform":{},"duration":9},{"transform":{},"duration":6}],"name":"lan_daoguang_03_eff/lan_daoguang_03_eff_01"},{"frame":[{"transform":{"scY":3,"y":156.08,"scX":3,"x":-53.15},"duration":9},{"transform":{"scY":3,"y":156.08,"scX":3,"x":-53.15},"duration":6}],"name":"daoguang01/hong_daoguang2_eff_01"},{"frame":[{"transform":{"scY":1.6,"y":97.66,"scX":1.6,"x":-17.06},"duration":9},{"transform":{"scY":1.6,"y":97.66,"scX":1.6,"x":-17.06},"duration":6}],"name":"wj_017_xiba_eff_pz"},{"frame":[{"transform":{"x":17.06},"duration":9},{"transform":{"x":17.06},"duration":6}],"name":"root"},{"frame":[{"transform":{"scY":3.5,"y":226.41,"skX":-177.17,"skY":-177.17,"scX":3.5,"x":99.26},"duration":15},{"transform":{"scY":3.5,"y":226.41,"skX":-177.17,"skY":-177.17,"scX":3.5,"x":99.26},"duration":0}],"name":"daoguang01/hong_daoguang2_eff_2"},{"frame":[{"transform":{},"duration":9},{"transform":{},"duration":6}],"name":"daoguang01/hong_daoguang2_eff_1"},{"frame":[{"transform":{},"duration":9},{"transform":{},"duration":6}],"name":"guanghuan/0_00000"},{"frame":[{"transform":{},"duration":9},{"transform":{},"duration":6}],"name":"hong_leidian_01_eff/lan_daoguang_02_eff_01"},{"frame":[{"transform":{},"duration":9},{"transform":{},"duration":6}],"name":"lan_nianliranshao_eff/lan_nianliranshao_eff_01"}],"slot":[{"frame":[{"tweenEasing":0,"duration":2},{"displayIndex":1,"tweenEasing":0,"duration":2},{"displayIndex":2,"tweenEasing":0,"duration":5},{"displayIndex":2,"tweenEasing":null,"color":{"aM":0},"duration":6}],"name":"baozha_eff/hong_fangshe_01_eff_01"},{"frame":[{"displayIndex":-1,"tweenEasing":null,"duration":15}],"name":"daoguang01/hong_daoguang2_eff_01"},{"frame":[{"displayIndex":-1,"tweenEasing":null,"duration":15}],"name":"daoguang01/hong_daoguang2_eff_1"},{"frame":[{"tweenEasing":0,"duration":3},{"displayIndex":1,"tweenEasing":0,"duration":3},{"displayIndex":2,"tweenEasing":0,"duration":4},{"displayIndex":3,"tweenEasing":0,"duration":5},{"displayIndex":3,"tweenEasing":null,"color":{"aM":0},"duration":0}],"name":"daoguang01/hong_daoguang2_eff_2"},{"frame":[{"displayIndex":-1,"tweenEasing":null,"duration":15}],"name":"guanghuan/0_00000"},{"frame":[{"displayIndex":-1,"tweenEasing":null,"duration":15}],"name":"hong_leidian_01_eff/lan_daoguang_02_eff_01"},{"frame":[{"displayIndex":-1,"tweenEasing":null,"duration":15}],"name":"lan_daoguang_03_eff/lan_daoguang_03_eff_01"},{"frame":[{"displayIndex":-1,"tweenEasing":null,"duration":15}],"name":"lan_nianliranshao_eff/lan_nianliranshao_eff_01"},{"frame":[{"displayIndex":-1,"tweenEasing":null,"duration":15}],"name":"zhuazi_eff/hong_fazhen_03_eff_01"}],"ffd":[],"ik":[],"name":"0007_zhixiang4","duration":15}],"skin":[{"slot":[{"display":[{"path":"guanghuan/0_00000","type":"image","name":"guanghuan/0_00000","transform":{"y":-25.1,"x":-2.19}},{"path":"guanghuan/0_00001","type":"image","name":"guanghuan/0_00001","transform":{"y":-25.1,"x":-2.19}},{"path":"guanghuan/0_00002","type":"image","name":"guanghuan/0_00002","transform":{"y":-25.1,"x":-2.19}},{"path":"guanghuan/0_00003","type":"image","name":"guanghuan/0_00003","transform":{"y":-25.1,"x":-2.19}},{"path":"guanghuan/0_00004","type":"image","name":"guanghuan/0_00004","transform":{"y":-25.1,"x":-2.19}},{"path":"guanghuan/0_00005","type":"image","name":"guanghuan/0_00005","transform":{"y":-25.1,"x":-2.19}},{"path":"guanghuan/0_00006","type":"image","name":"guanghuan/0_00006","transform":{"y":-25.1,"x":-2.19}}],"blendMode":"add","name":"guanghuan/0_00000"},{"display":[{"path":"daoguang01/hong_daoguang2_eff_01","type":"image","name":"daoguang01/hong_daoguang2_eff_01","transform":{"y":-21.74,"x":29.3}},{"path":"daoguang01/hong_daoguang2_eff_02","type":"image","name":"daoguang01/hong_daoguang2_eff_02","transform":{"y":-21.74,"x":29.3}},{"path":"daoguang01/hong_daoguang2_eff_03","type":"image","name":"daoguang01/hong_daoguang2_eff_03","transform":{"y":-21.74,"x":29.3}},{"path":"daoguang01/hong_daoguang2_eff_04","type":"image","name":"daoguang01/hong_daoguang2_eff_04","transform":{"y":-21.74,"x":29.3}}],"name":"daoguang01/hong_daoguang2_eff_2"},{"display":[{"path":"lan_nianliranshao_eff/lan_nianliranshao_eff_01","type":"image","name":"lan_nianliranshao_eff/lan_nianliranshao_eff_01","transform":{"y":-5.99,"skX":90,"skY":90,"x":115.5}},{"path":"lan_nianliranshao_eff/lan_nianliranshao_eff_02","type":"image","name":"lan_nianliranshao_eff/lan_nianliranshao_eff_02","transform":{"y":-5.99,"skX":90,"skY":90,"x":115.5}},{"path":"lan_nianliranshao_eff/lan_nianliranshao_eff_03","type":"image","name":"lan_nianliranshao_eff/lan_nianliranshao_eff_03","transform":{"y":-5.99,"skX":90,"skY":90,"x":115.5}},{"path":"lan_nianliranshao_eff/lan_nianliranshao_eff_04","type":"image","name":"lan_nianliranshao_eff/lan_nianliranshao_eff_04","transform":{"y":-5.99,"skX":90,"skY":90,"x":115.5}},{"path":"lan_nianliranshao_eff/lan_nianliranshao_eff_05","type":"image","name":"lan_nianliranshao_eff/lan_nianliranshao_eff_05","transform":{"y":-5.99,"skX":90,"skY":90,"x":115.5}},{"path":"lan_nianliranshao_eff/lan_nianliranshao_eff_06","type":"image","name":"lan_nianliranshao_eff/lan_nianliranshao_eff_06","transform":{"y":-5.99,"skX":90,"skY":90,"x":115.5}},{"path":"lan_nianliranshao_eff/lan_nianliranshao_eff_07","type":"image","name":"lan_nianliranshao_eff/lan_nianliranshao_eff_07","transform":{"y":-5.99,"skX":90,"skY":90,"x":115.5}},{"path":"lan_nianliranshao_eff/lan_nianliranshao_eff_08","type":"image","name":"lan_nianliranshao_eff/lan_nianliranshao_eff_08","transform":{"y":-5.99,"skX":90,"skY":90,"x":115.5}},{"path":"lan_nianliranshao_eff/lan_nianliranshao_eff_10","type":"image","name":"lan_nianliranshao_eff/lan_nianliranshao_eff_10","transform":{"y":-5.99,"skX":90,"skY":90,"x":115.5}}],"blendMode":"add","name":"lan_nianliranshao_eff/lan_nianliranshao_eff_01"},{"display":[{"path":"daoguang01/hong_daoguang2_eff_01","type":"image","name":"daoguang01/hong_daoguang2_eff_01","transform":{"y":-21.74,"x":29.3}},{"path":"daoguang01/hong_daoguang2_eff_02","type":"image","name":"daoguang01/hong_daoguang2_eff_02","transform":{"y":-21.74,"x":29.3}},{"path":"daoguang01/hong_daoguang2_eff_03","type":"image","name":"daoguang01/hong_daoguang2_eff_03","transform":{"y":-21.74,"x":29.3}},{"path":"daoguang01/hong_daoguang2_eff_04","type":"image","name":"daoguang01/hong_daoguang2_eff_04","transform":{"y":-21.74,"x":29.3}}],"name":"daoguang01/hong_daoguang2_eff_1"},{"display":[{"path":"wj_017_xiba_eff_pz","type":"image","name":"wj_017_xiba_eff_pz","transform":{"scY":20,"y":-6.3,"skX":0.6,"skY":0.6,"scX":20,"x":3.72}}],"name":"wj_017_xiba_eff_pz"},{"display":[{"path":"daoguang01/hong_daoguang2_eff_01","type":"image","name":"daoguang01/hong_daoguang2_eff_01","transform":{"y":-21.74,"x":29.3}},{"path":"daoguang01/hong_daoguang2_eff_02","type":"image","name":"daoguang01/hong_daoguang2_eff_02","transform":{"y":-21.74,"x":29.3}},{"path":"daoguang01/hong_daoguang2_eff_03","type":"image","name":"daoguang01/hong_daoguang2_eff_03","transform":{"y":-21.74,"x":29.3}},{"path":"daoguang01/hong_daoguang2_eff_04","type":"image","name":"daoguang01/hong_daoguang2_eff_04","transform":{"y":-21.74,"x":29.3}}],"name":"daoguang01/hong_daoguang2_eff_01"},{"display":[{"path":"baozha_eff/hong_fangshe_01_eff_01","type":"image","name":"baozha_eff/hong_fangshe_01_eff_01","transform":{"y":2,"x":13.28}},{"path":"baozha_eff/hong_fangshe_01_eff_02","type":"image","name":"baozha_eff/hong_fangshe_01_eff_02","transform":{"y":2,"x":13.28}},{"path":"baozha_eff/hong_fangshe_01_eff_03","type":"image","name":"baozha_eff/hong_fangshe_01_eff_03","transform":{"y":2,"x":13.28}}],"name":"baozha_eff/hong_fangshe_01_eff_01"},{"display":[{"path":"zhuazi_eff/hong_fazhen_03_eff_01","type":"image","name":"zhuazi_eff/hong_fazhen_03_eff_01","transform":{"y":-154.99,"x":61.99}},{"path":"zhuazi_eff/hong_fazhen_03_eff_02","type":"image","name":"zhuazi_eff/hong_fazhen_03_eff_02","transform":{"y":-154.99,"x":61.99}},{"path":"zhuazi_eff/hong_fazhen_03_eff_03","type":"image","name":"zhuazi_eff/hong_fazhen_03_eff_03","transform":{"y":-154.99,"x":61.99}},{"path":"zhuazi_eff/hong_fazhen_03_eff_04","type":"image","name":"zhuazi_eff/hong_fazhen_03_eff_04","transform":{"y":-154.99,"x":61.99}},{"path":"zhuazi_eff/hong_fazhen_03_eff_05","type":"image","name":"zhuazi_eff/hong_fazhen_03_eff_05","transform":{"y":-154.99,"x":61.99}},{"path":"zhuazi_eff/hong_fazhen_03_eff_06","type":"image","name":"zhuazi_eff/hong_fazhen_03_eff_06","transform":{"y":-154.99,"x":61.99}},{"path":"zhuazi_eff/hong_fazhen_03_eff_07","type":"image","name":"zhuazi_eff/hong_fazhen_03_eff_07","transform":{"y":-154.99,"x":61.99}},{"path":"zhuazi_eff/hong_fazhen_03_eff_08","type":"image","name":"zhuazi_eff/hong_fazhen_03_eff_08","transform":{"y":-154.99,"x":61.99}},{"path":"zhuazi_eff/hong_fazhen_03_eff_09","type":"image","name":"zhuazi_eff/hong_fazhen_03_eff_09","transform":{"y":-154.99,"x":61.99}},{"path":"zhuazi_eff/hong_fazhen_03_eff_10","type":"image","name":"zhuazi_eff/hong_fazhen_03_eff_10","transform":{"y":-154.99,"x":61.99}},{"path":"zhuazi_eff/hong_fazhen_03_eff_11","type":"image","name":"zhuazi_eff/hong_fazhen_03_eff_11","transform":{"y":-154.99,"x":61.99}},{"path":"zhuazi_eff/hong_fazhen_03_eff_12","type":"image","name":"zhuazi_eff/hong_fazhen_03_eff_12","transform":{"y":-154.99,"x":61.99}},{"path":"zhuazi_eff/hong_fazhen_03_eff_13","type":"image","name":"zhuazi_eff/hong_fazhen_03_eff_13","transform":{"y":-154.99,"x":61.99}},{"path":"zhuazi_eff/hong_fazhen_03_eff_14","type":"image","name":"zhuazi_eff/hong_fazhen_03_eff_14","transform":{"y":-154.99,"x":61.99}},{"path":"zhuazi_eff/hong_fazhen_03_eff_15","type":"image","name":"zhuazi_eff/hong_fazhen_03_eff_15","transform":{"y":-154.99,"x":61.99}},{"path":"zhuazi_eff/hong_fazhen_03_eff_16","type":"image","name":"zhuazi_eff/hong_fazhen_03_eff_16","transform":{"y":-154.99,"x":61.99}}],"name":"zhuazi_eff/hong_fazhen_03_eff_01"},{"display":[{"path":"lan_daoguang_03_eff/lan_daoguang_03_eff_01","type":"image","name":"lan_daoguang_03_eff/lan_daoguang_03_eff_01","transform":{"y":4.72,"skX":180,"skY":180,"x":207.5}},{"path":"lan_daoguang_03_eff/lan_daoguang_03_eff_02","type":"image","name":"lan_daoguang_03_eff/lan_daoguang_03_eff_02","transform":{"y":4.72,"skX":180,"skY":180,"x":207.5}},{"path":"lan_daoguang_03_eff/lan_daoguang_03_eff_03","type":"image","name":"lan_daoguang_03_eff/lan_daoguang_03_eff_03","transform":{"y":4.72,"skX":180,"skY":180,"x":207.5}},{"path":"lan_daoguang_03_eff/lan_daoguang_03_eff_04","type":"image","name":"lan_daoguang_03_eff/lan_daoguang_03_eff_04","transform":{"y":4.72,"skX":180,"skY":180,"x":207.5}},{"path":"lan_daoguang_03_eff/lan_daoguang_03_eff_05","type":"image","name":"lan_daoguang_03_eff/lan_daoguang_03_eff_05","transform":{"y":4.72,"skX":180,"skY":180,"x":207.5}}],"name":"lan_daoguang_03_eff/lan_daoguang_03_eff_01"},{"display":[{"path":"hong_leidian_01_eff/lan_daoguang_02_eff_01","type":"image","name":"hong_leidian_01_eff/lan_daoguang_02_eff_01","transform":{"y":0.74,"skX":89.72,"skY":89.72,"x":72.2}},{"path":"hong_leidian_01_eff/lan_daoguang_02_eff_02","type":"image","name":"hong_leidian_01_eff/lan_daoguang_02_eff_02","transform":{"y":0.74,"skX":89.72,"skY":89.72,"x":72.2}},{"path":"hong_leidian_01_eff/lan_daoguang_02_eff_03","type":"image","name":"hong_leidian_01_eff/lan_daoguang_02_eff_03","transform":{"y":0.74,"skX":89.72,"skY":89.72,"x":72.2}},{"path":"hong_leidian_01_eff/lan_daoguang_02_eff_04","type":"image","name":"hong_leidian_01_eff/lan_daoguang_02_eff_04","transform":{"y":0.74,"skX":89.72,"skY":89.72,"x":72.2}}],"blendMode":"add","name":"hong_leidian_01_eff/lan_daoguang_02_eff_01"}],"name":""}],"ik":[],"frameRate":30,"defaultActions":[{"gotoAndPlay":"0000_gongji1"}],"slot":[{"name":"wj_017_xiba_eff_pz","parent":"wj_017_xiba_eff_pz","color":{}},{"z":1,"name":"lan_daoguang_03_eff/lan_daoguang_03_eff_01","parent":"lan_daoguang_03_eff/lan_daoguang_03_eff_01","color":{}},{"z":2,"name":"zhuazi_eff/hong_fazhen_03_eff_01","parent":"zhuazi_eff/hong_fazhen_03_eff_01","color":{}},{"z":3,"name":"baozha_eff/hong_fangshe_01_eff_01","parent":"baozha_eff/hong_fangshe_01_eff_01","color":{}},{"z":4,"name":"daoguang01/hong_daoguang2_eff_01","parent":"daoguang01/hong_daoguang2_eff_01","color":{}},{"z":5,"name":"daoguang01/hong_daoguang2_eff_1","parent":"daoguang01/hong_daoguang2_eff_1","color":{}},{"z":6,"name":"daoguang01/hong_daoguang2_eff_2","parent":"daoguang01/hong_daoguang2_eff_2","color":{}},{"blendMode":"add","z":7,"parent":"guanghuan/0_00000","name":"guanghuan/0_00000","color":{}},{"blendMode":"add","z":8,"parent":"hong_leidian_01_eff/lan_daoguang_02_eff_01","name":"hong_leidian_01_eff/lan_daoguang_02_eff_01","color":{}},{"blendMode":"add","z":9,"parent":"lan_nianliranshao_eff/lan_nianliranshao_eff_01","name":"lan_nianliranshao_eff/lan_nianliranshao_eff_01","color":{}}]}],"name":"wj_017_xiba_eff","version":"4.0"}