{"frameRate":30,"isGlobal":0,"armature":[{"bone":[{"name":"root","transform":{}},{"transform":{},"name":"Fuji","parent":"root"},{"transform":{},"name":"buff_flo","parent":"root"},{"transform":{"y":5.07,"x":28.05},"name":"hand_r","parent":"root"},{"transform":{"y":-4.19,"x":21.96},"name":"arm_r","parent":"root"},{"transform":{"y":-8.19,"x":49.37},"name":"arm_l","parent":"root"},{"transform":{"y":-139.24},"name":"buff_up","parent":"root"},{"transform":{"y":-66.97},"name":"buff_mid","parent":"root"},{"transform":{"y":2.05,"x":-62.29},"name":"foot_r","parent":"root"},{"transform":{"y":-8.82,"x":-68.81},"name":"leg_r","parent":"root"},{"transform":{"y":-0.2,"x":-36.85},"name":"foot_l","parent":"root"},{"transform":{"y":-11.39,"x":-42.93},"name":"leg_l","parent":"root"},{"transform":{"y":2.5,"x":56.04},"name":"hand_l","parent":"root"},{"transform":{"y":-80,"x":-62},"name":"bip","parent":"Fuji"},{"length":44,"transform":{"y":16.16,"skX":110.88,"skY":110.88,"x":3.65},"parent":"bip","name":"Thigh_R"},{"length":35,"transform":{"y":-5.68,"skX":160.99,"skY":160.99,"x":-5.11},"parent":"bip","name":"Tail"},{"length":56,"transform":{"y":-0.24,"skX":10.58,"skY":10.58,"x":-0.96},"parent":"bip","name":"Body"},{"length":50,"transform":{"y":7.23,"skX":101.74,"skY":101.74,"x":24.56},"parent":"bip","name":"Thigh_L"},{"length":42,"transform":{"y":0.13,"skX":-18.38,"skY":-18.38,"x":59.81},"parent":"Body","name":"spine"},{"length":12,"transform":{"y":0.01,"skX":-33.44,"skY":-33.44,"x":50.4},"parent":"Thigh_L","name":"Leg_L"},{"transform":{"y":36.79,"x":48.49},"name":"belly","parent":"Body"},{"length":13,"transform":{"y":-0.21,"skX":-42.54,"skY":-42.54,"x":44.75},"parent":"Thigh_R","name":"Leg_R"},{"length":35,"transform":{"y":0.07,"skX":-33.69,"skY":-33.69,"x":35.52},"parent":"Tail","name":"Tail2"},{"length":12,"transform":{"y":-0.05,"skX":-9.11,"skY":-9.11,"x":14.07},"parent":"Leg_R","name":"Foot_R"},{"length":25,"transform":{"y":1.56,"skX":-6.44,"skY":-6.44,"x":44.59},"parent":"spine","name":"Neck"},{"length":48,"transform":{"y":0.17,"skX":49.78,"skY":49.78,"x":35.86},"parent":"Tail2","name":"Tail3"},{"length":12,"transform":{"y":0.02,"skX":-6.71,"skY":-6.71,"x":12.89},"parent":"Leg_L","name":"Foot_L"},{"length":45,"transform":{"y":3.67,"skX":114.64,"skY":114.64,"x":29.78},"parent":"spine","name":"UpArm_R"},{"length":40,"transform":{"y":8.48,"skX":96.89,"skY":96.89,"x":43.64},"parent":"spine","name":"UpArm_L"},{"length":49,"transform":{"y":-2.29,"skX":48.77,"skY":48.77,"x":22.63},"parent":"Neck","name":"Head"},{"length":21,"transform":{"y":-0.56,"skX":-41.22,"skY":-41.22,"x":47.22},"parent":"UpArm_R","name":"Arm_R"},{"length":20,"transform":{"y":0.08,"skX":-23.7,"skY":-23.7,"x":39.87},"parent":"UpArm_L","name":"Arm_L"},{"length":12,"transform":{"y":-0.06,"skX":-6.94,"skY":-6.94,"x":20.49},"parent":"Arm_L","name":"Hand_L"},{"length":11,"transform":{"y":-0.17,"skX":-8.66,"skY":-8.66,"x":22.02},"parent":"Arm_R","name":"Hand_R"},{"length":22,"transform":{"y":-26.46,"skX":-100.32,"skY":-100.32,"x":8.75},"parent":"Head","name":"Ear_L"},{"length":24,"transform":{"y":-15.16,"skX":-168.04,"skY":-168.04,"x":-8.42},"parent":"Head","name":"Ear_R"},{"length":27,"transform":{"y":-0.12,"skX":-1.35,"skY":-1.35,"x":24.67},"parent":"Ear_R","name":"Ear_R2"},{"length":19,"transform":{"skX":16.39,"skY":16.39,"x":22.08},"parent":"Ear_L","name":"Ear_L2"}],"type":"Armature","frameRate":30,"animation":[{"bone":[{"frame":[{"transform":{},"duration":40},{"transform":{},"duration":0}],"name":"Fuji"},{"frame":[{"curve":[0.25,0,0.75,1],"transform":{},"duration":20},{"curve":[0.25,0,0.75,1],"transform":{"y":1.67,"skX":0.56,"skY":0.56,"x":-1.79},"duration":20},{"transform":{},"duration":0}],"name":"bip"},{"frame":[{"curve":[0.25,0,0.75,1],"transform":{},"duration":20},{"curve":[0.25,0,0.75,1],"transform":{"skX":4.32,"skY":4.32},"duration":20},{"transform":{},"duration":0}],"name":"Body"},{"frame":[{"curve":[0.25,0,0.75,1],"transform":{},"duration":20},{"curve":[0.25,0,0.75,1],"transform":{"skX":-7.38,"skY":-7.38},"duration":20},{"transform":{},"duration":0}],"name":"spine"},{"frame":[{"curve":[0.25,0,0.75,1],"transform":{},"duration":20},{"curve":[0.25,0,0.75,1],"transform":{"skX":-2.26,"skY":-2.26},"duration":20},{"transform":{},"duration":0}],"name":"Neck"},{"frame":[{"curve":[0.25,0,0.75,1],"transform":{},"duration":20},{"curve":[0.25,0,0.75,1],"transform":{"skX":4.07,"skY":4.07},"duration":20},{"transform":{},"duration":0}],"name":"Head"},{"frame":[{"curve":[0.25,0,0.75,1],"transform":{},"duration":20},{"curve":[0.25,0,0.75,1],"transform":{"skX":-11.11,"skY":-11.11},"duration":20},{"transform":{},"duration":0}],"name":"Ear_R"},{"frame":[{"curve":[0.25,0,0.75,1],"transform":{},"duration":20},{"curve":[0.25,0,0.75,1],"transform":{"skX":-11.11,"skY":-11.11},"duration":20},{"transform":{},"duration":0}],"name":"Ear_R2"},{"frame":[{"curve":[0.25,0,0.75,1],"transform":{},"duration":20},{"curve":[0.25,0,0.75,1],"transform":{"skX":18.41,"skY":18.41},"duration":20},{"transform":{},"duration":0}],"name":"Ear_L"},{"frame":[{"curve":[0.25,0,0.75,1],"transform":{},"duration":20},{"curve":[0.25,0,0.75,1],"transform":{"skX":10.9,"skY":10.9},"duration":20},{"transform":{},"duration":0}],"name":"Ear_L2"},{"frame":[{"transform":{},"duration":40},{"transform":{},"duration":0}],"name":"UpArm_R"},{"frame":[{"transform":{},"duration":40},{"transform":{},"duration":0}],"name":"Arm_R"},{"frame":[{"transform":{},"duration":40},{"transform":{},"duration":0}],"name":"Hand_R"},{"frame":[{"transform":{},"duration":40},{"transform":{},"duration":0}],"name":"UpArm_L"},{"frame":[{"transform":{},"duration":40},{"transform":{},"duration":0}],"name":"Arm_L"},{"frame":[{"transform":{},"duration":40},{"transform":{},"duration":0}],"name":"Hand_L"},{"frame":[{"transform":{},"duration":40},{"transform":{},"duration":0}],"name":"Thigh_R"},{"frame":[{"transform":{},"duration":40},{"transform":{},"duration":0}],"name":"Leg_R"},{"frame":[{"transform":{},"duration":40},{"transform":{},"duration":0}],"name":"Foot_R"},{"frame":[{"transform":{},"duration":40},{"transform":{},"duration":0}],"name":"Thigh_L"},{"frame":[{"transform":{},"duration":40},{"transform":{},"duration":0}],"name":"Leg_L"},{"frame":[{"transform":{},"duration":40},{"transform":{},"duration":0}],"name":"Foot_L"},{"frame":[{"curve":[0.25,0,0.75,1],"transform":{},"duration":20},{"curve":[0.25,0,0.75,1],"transform":{"skX":-7.56,"skY":-7.56},"duration":20},{"transform":{},"duration":0}],"name":"Tail"},{"frame":[{"curve":[0.25,0,0.75,1],"transform":{},"duration":20},{"curve":[0.25,0,0.75,1],"transform":{"skX":-8.47,"skY":-8.47},"duration":20},{"transform":{},"duration":0}],"name":"Tail2"},{"frame":[{"curve":[0.25,0,0.75,1],"transform":{},"duration":20},{"curve":[0.25,0,0.75,1],"transform":{"skX":-18.67,"skY":-18.67},"duration":20},{"transform":{},"duration":0}],"name":"Tail3"},{"frame":[{"transform":{},"duration":40},{"transform":{},"duration":0}],"name":"hand_r"},{"frame":[{"transform":{},"duration":40},{"transform":{},"duration":0}],"name":"hand_l"},{"frame":[{"transform":{},"duration":40},{"transform":{},"duration":0}],"name":"leg_r"},{"frame":[{"transform":{},"duration":40},{"transform":{},"duration":0}],"name":"leg_l"},{"frame":[{"transform":{},"duration":40},{"transform":{},"duration":0}],"name":"arm_l"},{"frame":[{"transform":{},"duration":40},{"transform":{},"duration":0}],"name":"foot_l"},{"frame":[{"transform":{},"duration":40},{"transform":{},"duration":0}],"name":"arm_r"},{"frame":[{"transform":{},"duration":40},{"transform":{},"duration":0}],"name":"foot_r"},{"frame":[{"curve":[0.25,0,0.75,1],"transform":{},"duration":20},{"curve":[0.25,0,0.75,1],"transform":{"scY":1.141,"y":5.72,"skX":-0.74,"skY":-0.74,"scX":1.141,"x":-2.69},"duration":20},{"transform":{},"duration":0}],"name":"belly"},{"frame":[{"transform":{},"duration":40}],"name":"root"},{"frame":[{"transform":{},"duration":40}],"name":"buff_flo"},{"frame":[{"transform":{},"duration":40}],"name":"buff_up"},{"frame":[{"transform":{},"duration":40}],"name":"buff_mid"}],"slot":[{"frame":[{"displayIndex":-1,"tweenEasing":0,"duration":40},{"displayIndex":-1,"tweenEasing":null,"duration":0}],"name":"Eye"}],"ffd":[],"frame":[],"name":"0000_daiji","duration":40,"ik":[]},{"bone":[{"frame":[{"transform":{},"duration":32},{"transform":{},"duration":0}],"name":"Fuji"},{"frame":[{"curve":[0.25,0,0.75,1],"transform":{"y":-2},"duration":4},{"curve":[0.25,0,0.75,1],"transform":{"y":-5.4},"duration":4},{"curve":[0.25,0,0.75,1],"transform":{"y":-16.33,"skX":3.07,"skY":3.07},"duration":4},{"curve":[0.25,0,0.75,1],"transform":{"y":-5.08,"skX":3.07,"skY":3.07},"duration":4},{"curve":[0.25,0,0.75,1],"transform":{"y":-2},"duration":4},{"curve":[0.25,0,0.75,1],"transform":{"y":-5.4},"duration":4},{"curve":[0.25,0,0.75,1],"transform":{"y":-16.33,"skX":3.07,"skY":3.07},"duration":4},{"curve":[0.25,0,0.75,1],"transform":{"y":-5.08,"skX":3.07,"skY":3.07},"duration":4},{"transform":{"y":-2},"duration":0}],"name":"bip"},{"frame":[{"curve":[0.25,0,0.75,1],"transform":{"skX":5.23,"skY":5.23},"duration":4},{"curve":[0.25,0,0.75,1],"transform":{"skX":7.44,"skY":7.44},"duration":4},{"curve":[0.25,0,0.75,1],"transform":{"skX":-3.27,"skY":-3.27},"duration":4},{"curve":[0.25,0,0.75,1],"transform":{"skX":-5.53,"skY":-5.53},"duration":4},{"curve":[0.25,0,0.75,1],"transform":{"skX":5.23,"skY":5.23},"duration":4},{"curve":[0.25,0,0.75,1],"transform":{"skX":7.44,"skY":7.44},"duration":4},{"curve":[0.25,0,0.75,1],"transform":{"skX":-3.27,"skY":-3.27},"duration":4},{"curve":[0.25,0,0.75,1],"transform":{"skX":-5.53,"skY":-5.53},"duration":4},{"transform":{"skX":5.23,"skY":5.23},"duration":0}],"name":"Body"},{"frame":[{"curve":[0.25,0,0.75,1],"transform":{"skX":-5.05,"skY":-5.05},"duration":2},{"curve":[0.25,0,0.75,1],"transform":{"skX":-3.74,"skY":-3.74},"duration":2},{"curve":[0.25,0,0.75,1],"transform":{"skX":-5.04,"skY":-5.04},"duration":2},{"curve":[0.25,0,0.75,1],"transform":{"skX":4.8,"skY":4.8},"duration":2},{"curve":[0.25,0,0.75,1],"transform":{"skX":13.58,"skY":13.58},"duration":2},{"curve":[0.25,0,0.75,1],"transform":{"skX":10.88,"skY":10.88},"duration":2},{"curve":[0.25,0,0.75,1],"transform":{"skX":6.74,"skY":6.74},"duration":2},{"curve":[0.25,0,0.75,1],"transform":{"skX":-0.34,"skY":-0.34},"duration":2},{"curve":[0.25,0,0.75,1],"transform":{"skX":-5.05,"skY":-5.05},"duration":2},{"curve":[0.25,0,0.75,1],"transform":{"skX":-3.74,"skY":-3.74},"duration":2},{"curve":[0.25,0,0.75,1],"transform":{"skX":-5.04,"skY":-5.04},"duration":2},{"curve":[0.25,0,0.75,1],"transform":{"skX":4.8,"skY":4.8},"duration":2},{"curve":[0.25,0,0.75,1],"transform":{"skX":13.58,"skY":13.58},"duration":2},{"curve":[0.25,0,0.75,1],"transform":{"skX":10.88,"skY":10.88},"duration":2},{"curve":[0.25,0,0.75,1],"transform":{"skX":6.74,"skY":6.74},"duration":2},{"curve":[0.25,0,0.75,1],"transform":{"skX":-0.34,"skY":-0.34},"duration":2},{"transform":{"skX":-5.05,"skY":-5.05},"duration":0}],"name":"spine"},{"frame":[{"curve":[0.25,0,0.75,1],"transform":{"skX":3.62,"skY":3.62},"duration":2},{"curve":[0.25,0,0.75,1],"transform":{"skX":3.38,"skY":3.38},"duration":2},{"curve":[0.25,0,0.75,1],"transform":{"skX":3.67,"skY":3.67},"duration":2},{"curve":[0.25,0,0.75,1],"transform":{"skX":5.71,"skY":5.71},"duration":2},{"curve":[0.25,0,0.75,1],"transform":{"skX":3.96,"skY":3.96},"duration":2},{"curve":[0.25,0,0.75,1],"transform":{"skX":4.41,"skY":4.41},"duration":2},{"curve":[0.25,0,0.75,1],"transform":{"skX":4.9,"skY":4.9},"duration":2},{"curve":[0.25,0,0.75,1],"transform":{"skX":1.94,"skY":1.94},"duration":2},{"curve":[0.25,0,0.75,1],"transform":{"skX":3.62,"skY":3.62},"duration":2},{"curve":[0.25,0,0.75,1],"transform":{"skX":3.38,"skY":3.38},"duration":2},{"curve":[0.25,0,0.75,1],"transform":{"skX":3.67,"skY":3.67},"duration":2},{"curve":[0.25,0,0.75,1],"transform":{"skX":5.71,"skY":5.71},"duration":2},{"curve":[0.25,0,0.75,1],"transform":{"skX":3.96,"skY":3.96},"duration":2},{"curve":[0.25,0,0.75,1],"transform":{"skX":4.41,"skY":4.41},"duration":2},{"curve":[0.25,0,0.75,1],"transform":{"skX":4.9,"skY":4.9},"duration":2},{"curve":[0.25,0,0.75,1],"transform":{"skX":1.94,"skY":1.94},"duration":2},{"transform":{"skX":3.62,"skY":3.62},"duration":0}],"name":"Neck"},{"frame":[{"curve":[0.25,0,0.75,1],"transform":{"skX":1.19,"skY":1.19},"duration":2},{"curve":[0.25,0,0.75,1],"transform":{"skX":-0.5,"skY":-0.5},"duration":2},{"curve":[0.25,0,0.75,1],"transform":{"skX":-0.65,"skY":-0.65},"duration":2},{"curve":[0.25,0,0.75,1],"transform":{"skX":-3.98,"skY":-3.98},"duration":2},{"curve":[0.25,0,0.75,1],"transform":{"skX":-0.74,"skY":-0.74},"duration":2},{"curve":[0.25,0,0.75,1],"transform":{"skX":3.79,"skY":3.79},"duration":2},{"curve":[0.25,0,0.75,1],"transform":{"skX":1.59,"skY":1.59},"duration":2},{"curve":[0.25,0,0.75,1],"transform":{"skX":1.59,"skY":1.59},"duration":2},{"curve":[0.25,0,0.75,1],"transform":{"skX":1.19,"skY":1.19},"duration":2},{"curve":[0.25,0,0.75,1],"transform":{"skX":-0.5,"skY":-0.5},"duration":2},{"curve":[0.25,0,0.75,1],"transform":{"skX":-0.65,"skY":-0.65},"duration":2},{"curve":[0.25,0,0.75,1],"transform":{"skX":-3.98,"skY":-3.98},"duration":2},{"curve":[0.25,0,0.75,1],"transform":{"skX":-0.74,"skY":-0.74},"duration":2},{"curve":[0.25,0,0.75,1],"transform":{"skX":3.79,"skY":3.79},"duration":2},{"curve":[0.25,0,0.75,1],"transform":{"skX":1.59,"skY":1.59},"duration":2},{"curve":[0.25,0,0.75,1],"transform":{"skX":1.59,"skY":1.59},"duration":2},{"transform":{"skX":1.19,"skY":1.19},"duration":0}],"name":"Head"},{"frame":[{"curve":[0.25,0,0.75,1],"transform":{},"duration":8},{"curve":[0.25,0,0.75,1],"transform":{"skX":-9.12,"skY":-9.12},"duration":8},{"curve":[0.25,0,0.75,1],"transform":{},"duration":8},{"curve":[0.25,0,0.75,1],"transform":{"skX":-9.12,"skY":-9.12},"duration":8},{"transform":{},"duration":0}],"name":"Ear_R"},{"frame":[{"curve":[0.25,0,0.75,1],"transform":{},"duration":8},{"curve":[0.25,0,0.75,1],"transform":{"skX":-12.88,"skY":-12.88},"duration":8},{"curve":[0.25,0,0.75,1],"transform":{},"duration":8},{"curve":[0.25,0,0.75,1],"transform":{"skX":-12.88,"skY":-12.88},"duration":8},{"transform":{},"duration":0}],"name":"Ear_R2"},{"frame":[{"curve":[0.25,0,0.75,1],"transform":{},"duration":8},{"curve":[0.25,0,0.75,1],"transform":{"skX":8.87,"skY":8.87},"duration":8},{"curve":[0.25,0,0.75,1],"transform":{},"duration":8},{"curve":[0.25,0,0.75,1],"transform":{"skX":8.87,"skY":8.87},"duration":8},{"transform":{},"duration":0}],"name":"Ear_L"},{"frame":[{"curve":[0.25,0,0.75,1],"transform":{},"duration":8},{"curve":[0.25,0,0.75,1],"transform":{"skX":11.94,"skY":11.94},"duration":8},{"curve":[0.25,0,0.75,1],"transform":{},"duration":8},{"curve":[0.25,0,0.75,1],"transform":{"skX":11.94,"skY":11.94},"duration":8},{"transform":{},"duration":0}],"name":"Ear_L2"},{"frame":[{"curve":[0.25,0,0.75,1],"transform":{"skX":-44.14,"skY":-44.14,"scX":1.006},"duration":2},{"curve":[0.25,0,0.75,1],"transform":{"skX":-22.39,"skY":-22.39,"scX":0.886},"duration":2},{"curve":[0.25,0,0.75,1],"transform":{"skX":-2.54,"skY":-2.54,"scX":0.853},"duration":1},{"curve":[0.25,0,0.75,1],"transform":{"skX":9.96,"skY":9.96,"scX":0.853},"duration":1},{"curve":[0.25,0,0.75,1],"transform":{"skX":8.41,"skY":8.41,"scX":1.008},"duration":2},{"curve":[0.25,0,0.75,1],"transform":{"scY":0.983,"skX":27.61,"skY":27.61,"scX":1.051},"duration":1},{"curve":[0.25,0,0.75,1],"transform":{"scY":0.983,"skX":18.4,"skY":18.4,"scX":1.051},"duration":1},{"curve":[0.25,0,0.75,1],"transform":{"scY":0.987,"skX":19.21,"skY":19.21,"scX":1.011},"duration":2},{"curve":[0.25,0,0.75,1],"transform":{"scY":0.991,"skX":-15.86,"skY":-15.86,"scX":0.903},"duration":2},{"curve":[0.25,0,0.75,1],"transform":{"scY":0.995,"skX":-50.25,"skY":-50.25,"scX":1.002},"duration":2},{"curve":[0.25,0,0.75,1],"transform":{"skX":-44.14,"skY":-44.14,"scX":1.006},"duration":2},{"curve":[0.25,0,0.75,1],"transform":{"skX":-22.39,"skY":-22.39,"scX":0.886},"duration":2},{"curve":[0.25,0,0.75,1],"transform":{"skX":-2.54,"skY":-2.54,"scX":0.853},"duration":1},{"curve":[0.25,0,0.75,1],"transform":{"skX":9.96,"skY":9.96,"scX":0.853},"duration":1},{"curve":[0.25,0,0.75,1],"transform":{"skX":8.41,"skY":8.41,"scX":1.008},"duration":2},{"curve":[0.25,0,0.75,1],"transform":{"scY":0.983,"skX":27.61,"skY":27.61,"scX":1.051},"duration":1},{"curve":[0.25,0,0.75,1],"transform":{"scY":0.983,"skX":18.4,"skY":18.4,"scX":1.051},"duration":1},{"curve":[0.25,0,0.75,1],"transform":{"scY":0.987,"skX":19.21,"skY":19.21,"scX":1.011},"duration":2},{"curve":[0.25,0,0.75,1],"transform":{"scY":0.991,"skX":-15.86,"skY":-15.86,"scX":0.903},"duration":2},{"curve":[0.25,0,0.75,1],"transform":{"scY":0.995,"skX":-50.25,"skY":-50.25,"scX":1.002},"duration":2},{"transform":{"skX":-44.14,"skY":-44.14,"scX":1.006},"duration":0}],"name":"UpArm_R"},{"frame":[{"curve":[0.25,0,0.75,1],"transform":{"skX":20.1,"skY":20.1},"duration":1},{"curve":[0.25,0,0.75,1],"transform":{"skX":13.82,"skY":13.82},"duration":1},{"curve":[0.25,0,0.75,1],"transform":{"skX":2.61,"skY":2.61},"duration":2},{"curve":[0.25,0,0.75,1],"transform":{"skX":3.26,"skY":3.26},"duration":1},{"curve":[0.25,0,0.75,1],"transform":{"skX":1.54,"skY":1.54},"duration":1},{"curve":[0.25,0,0.75,1],"transform":{"skX":16.09,"skY":16.09},"duration":1},{"curve":[0.25,0,0.75,1],"transform":{"skX":17.87,"skY":17.87},"duration":1},{"curve":[0.25,0,0.75,1],"transform":{"skX":28.85,"skY":28.85},"duration":1},{"curve":[0.25,0,0.75,1],"transform":{"skX":27.33,"skY":27.33},"duration":1},{"curve":[0.25,0,0.75,1],"transform":{"skX":-3.16,"skY":-3.16},"duration":2},{"curve":[0.25,0,0.75,1],"transform":{"skX":-27.39,"skY":-27.39},"duration":2},{"curve":[0.25,0,0.75,1],"transform":{"skX":5.8,"skY":5.8},"duration":2},{"curve":[0.25,0,0.75,1],"transform":{"skX":20.1,"skY":20.1},"duration":1},{"curve":[0.25,0,0.75,1],"transform":{"skX":13.82,"skY":13.82},"duration":1},{"curve":[0.25,0,0.75,1],"transform":{"skX":2.61,"skY":2.61},"duration":2},{"curve":[0.25,0,0.75,1],"transform":{"skX":3.26,"skY":3.26},"duration":1},{"curve":[0.25,0,0.75,1],"transform":{"skX":1.54,"skY":1.54},"duration":1},{"curve":[0.25,0,0.75,1],"transform":{"skX":16.09,"skY":16.09},"duration":1},{"curve":[0.25,0,0.75,1],"transform":{"skX":17.87,"skY":17.87},"duration":1},{"curve":[0.25,0,0.75,1],"transform":{"skX":28.85,"skY":28.85},"duration":1},{"curve":[0.25,0,0.75,1],"transform":{"skX":27.33,"skY":27.33},"duration":1},{"curve":[0.25,0,0.75,1],"transform":{"skX":-3.16,"skY":-3.16},"duration":2},{"curve":[0.25,0,0.75,1],"transform":{"skX":-27.39,"skY":-27.39},"duration":2},{"curve":[0.25,0,0.75,1],"transform":{"skX":5.8,"skY":5.8},"duration":2},{"transform":{"skX":20.1,"skY":20.1},"duration":0}],"name":"Arm_R"},{"frame":[{"curve":[0.25,0,0.75,1],"transform":{"skX":14.32,"skY":14.32},"duration":1},{"curve":[0.25,0,0.75,1],"transform":{"skX":21.08,"skY":21.08},"duration":1},{"curve":[0.25,0,0.75,1],"transform":{"skX":17.99,"skY":17.99},"duration":2},{"curve":[0.25,0,0.75,1],"transform":{"skX":-8.64,"skY":-8.64},"duration":1},{"curve":[0.25,0,0.75,1],"transform":{"skX":-20.74,"skY":-20.74},"duration":1},{"curve":[0.25,0,0.75,1],"transform":{"skX":-33.02,"skY":-33.02},"duration":1},{"curve":[0.25,0,0.75,1],"transform":{"skX":-0.36,"skY":-0.36},"duration":1},{"curve":[0.25,0,0.75,1],"transform":{"skX":48.18,"skY":48.18},"duration":1},{"curve":[0.25,0,0.75,1],"transform":{"skX":39.93,"skY":39.93},"duration":1},{"curve":[0.25,0,0.75,1],"transform":{"skX":55.97,"skY":55.97},"duration":2},{"curve":[0.25,0,0.75,1],"transform":{"skX":56.98,"skY":56.98},"duration":2},{"curve":[0.25,0,0.75,1],"transform":{"skX":20.99,"skY":20.99},"duration":2},{"curve":[0.25,0,0.75,1],"transform":{"skX":14.32,"skY":14.32},"duration":1},{"curve":[0.25,0,0.75,1],"transform":{"skX":21.08,"skY":21.08},"duration":1},{"curve":[0.25,0,0.75,1],"transform":{"skX":17.99,"skY":17.99},"duration":2},{"curve":[0.25,0,0.75,1],"transform":{"skX":-8.64,"skY":-8.64},"duration":1},{"curve":[0.25,0,0.75,1],"transform":{"skX":-20.74,"skY":-20.74},"duration":1},{"curve":[0.25,0,0.75,1],"transform":{"skX":-33.02,"skY":-33.02},"duration":1},{"curve":[0.25,0,0.75,1],"transform":{"skX":-0.36,"skY":-0.36},"duration":1},{"curve":[0.25,0,0.75,1],"transform":{"skX":48.18,"skY":48.18},"duration":1},{"curve":[0.25,0,0.75,1],"transform":{"skX":39.93,"skY":39.93},"duration":1},{"curve":[0.25,0,0.75,1],"transform":{"skX":55.97,"skY":55.97},"duration":2},{"curve":[0.25,0,0.75,1],"transform":{"skX":56.98,"skY":56.98},"duration":2},{"curve":[0.25,0,0.75,1],"transform":{"skX":20.99,"skY":20.99},"duration":2},{"transform":{"skX":14.32,"skY":14.32},"duration":0}],"name":"Hand_R"},{"frame":[{"curve":[0.25,0,0.75,1],"transform":{"skX":31.2,"skY":31.2,"scX":0.845},"duration":1},{"curve":[0.25,0,0.75,1],"transform":{"skX":-7.32,"skY":-7.32,"scX":0.739},"duration":1},{"curve":[0.25,0,0.75,1],"transform":{"skX":-27.78,"skY":-27.78,"scX":0.735},"duration":1},{"curve":[0.25,0,0.75,1],"transform":{"skX":-43.83,"skY":-43.83,"scX":1.005},"duration":1},{"curve":[0.25,0,0.75,1],"transform":{"skX":-29.44,"skY":-29.44,"scX":1.075},"duration":1},{"curve":[0.25,0,0.75,1],"transform":{"skX":-22.58,"skY":-22.58,"scX":0.975},"duration":1},{"curve":[0.25,0,0.75,1],"transform":{"skX":-19.84,"skY":-19.84,"scX":1.009},"duration":1},{"curve":[0.25,0,0.75,1],"transform":{"skX":-3.86,"skY":-3.86,"scX":1.016},"duration":1},{"curve":[0.25,0,0.75,1],"transform":{"skX":3.15,"skY":3.15,"scX":1.056},"duration":1},{"curve":[0.25,0,0.75,1],"transform":{"skX":10.48,"skY":10.48,"scX":1.076},"duration":1},{"curve":[0.25,0,0.75,1],"transform":{"skX":24.41,"skY":24.41,"scX":1.155},"duration":1},{"curve":[0.25,0,0.75,1],"transform":{"skX":32.42,"skY":32.42,"scX":1.173},"duration":1},{"curve":[0.25,0,0.75,1],"transform":{"skX":33.31,"skY":33.31,"scX":1.122},"duration":1},{"curve":[0.25,0,0.75,1],"transform":{"skX":39.16,"skY":39.16,"scX":1.122},"duration":1},{"curve":[0.25,0,0.75,1],"transform":{"skX":41.5,"skY":41.5,"scX":1.122},"duration":1},{"curve":[0.25,0,0.75,1],"transform":{"skX":31.67,"skY":31.67,"scX":0.909},"duration":1},{"curve":[0.25,0,0.75,1],"transform":{"skX":31.2,"skY":31.2,"scX":0.845},"duration":1},{"curve":[0.25,0,0.75,1],"transform":{"skX":-7.32,"skY":-7.32,"scX":0.739},"duration":1},{"curve":[0.25,0,0.75,1],"transform":{"skX":-27.78,"skY":-27.78,"scX":0.735},"duration":1},{"curve":[0.25,0,0.75,1],"transform":{"skX":-43.83,"skY":-43.83,"scX":1.005},"duration":1},{"curve":[0.25,0,0.75,1],"transform":{"skX":-29.44,"skY":-29.44,"scX":1.075},"duration":1},{"curve":[0.25,0,0.75,1],"transform":{"skX":-22.58,"skY":-22.58,"scX":0.975},"duration":1},{"curve":[0.25,0,0.75,1],"transform":{"skX":-19.84,"skY":-19.84,"scX":1.009},"duration":1},{"curve":[0.25,0,0.75,1],"transform":{"skX":-3.86,"skY":-3.86,"scX":1.016},"duration":1},{"curve":[0.25,0,0.75,1],"transform":{"skX":3.15,"skY":3.15,"scX":1.056},"duration":1},{"curve":[0.25,0,0.75,1],"transform":{"skX":10.48,"skY":10.48,"scX":1.076},"duration":1},{"curve":[0.25,0,0.75,1],"transform":{"skX":24.41,"skY":24.41,"scX":1.155},"duration":1},{"curve":[0.25,0,0.75,1],"transform":{"skX":32.42,"skY":32.42,"scX":1.173},"duration":1},{"curve":[0.25,0,0.75,1],"transform":{"skX":33.31,"skY":33.31,"scX":1.122},"duration":1},{"curve":[0.25,0,0.75,1],"transform":{"skX":39.16,"skY":39.16,"scX":1.122},"duration":1},{"curve":[0.25,0,0.75,1],"transform":{"skX":41.5,"skY":41.5,"scX":1.122},"duration":1},{"curve":[0.25,0,0.75,1],"transform":{"skX":31.67,"skY":31.67,"scX":0.909},"duration":1},{"transform":{"skX":31.2,"skY":31.2,"scX":0.845},"duration":0}],"name":"UpArm_L"},{"frame":[{"curve":[0.25,0,0.75,1],"transform":{"skX":-6.67,"skY":-6.67},"duration":1},{"curve":[0.25,0,0.75,1],"transform":{"skX":22.29,"skY":22.29},"duration":1},{"curve":[0.25,0,0.75,1],"transform":{"skX":5.86,"skY":5.86},"duration":1},{"curve":[0.25,0,0.75,1],"transform":{"skX":-10.84,"skY":-10.84},"duration":1},{"curve":[0.25,0,0.75,1],"transform":{"skX":-10.97,"skY":-10.97},"duration":1},{"curve":[0.25,0,0.75,1],"transform":{"skX":-7.08,"skY":-7.08},"duration":1},{"curve":[0.25,0,0.75,1],"transform":{"skX":0.73,"skY":0.73},"duration":1},{"curve":[0.25,0,0.75,1],"transform":{"skX":2.82,"skY":2.82},"duration":1},{"curve":[0.25,0,0.75,1],"transform":{"skX":5.82,"skY":5.82},"duration":1},{"curve":[0.25,0,0.75,1],"transform":{"skX":10.14,"skY":10.14},"duration":1},{"curve":[0.25,0,0.75,1],"transform":{"skX":8.47,"skY":8.47},"duration":1},{"curve":[0.25,0,0.75,1],"transform":{"skX":19.98,"skY":19.98},"duration":1},{"curve":[0.25,0,0.75,1],"transform":{"skX":31.77,"skY":31.77},"duration":1},{"curve":[0.25,0,0.75,1],"transform":{"skX":15.25,"skY":15.25},"duration":1},{"curve":[0.25,0,0.75,1],"transform":{"skX":11.23,"skY":11.23},"duration":1},{"curve":[0.25,0,0.75,1],"transform":{"skX":3.12,"skY":3.12},"duration":1},{"curve":[0.25,0,0.75,1],"transform":{"skX":-6.67,"skY":-6.67},"duration":1},{"curve":[0.25,0,0.75,1],"transform":{"skX":22.29,"skY":22.29},"duration":1},{"curve":[0.25,0,0.75,1],"transform":{"skX":5.86,"skY":5.86},"duration":1},{"curve":[0.25,0,0.75,1],"transform":{"skX":-10.84,"skY":-10.84},"duration":1},{"curve":[0.25,0,0.75,1],"transform":{"skX":-10.97,"skY":-10.97},"duration":1},{"curve":[0.25,0,0.75,1],"transform":{"skX":-7.08,"skY":-7.08},"duration":1},{"curve":[0.25,0,0.75,1],"transform":{"skX":0.73,"skY":0.73},"duration":1},{"curve":[0.25,0,0.75,1],"transform":{"skX":2.82,"skY":2.82},"duration":1},{"curve":[0.25,0,0.75,1],"transform":{"skX":5.82,"skY":5.82},"duration":1},{"curve":[0.25,0,0.75,1],"transform":{"skX":10.14,"skY":10.14},"duration":1},{"curve":[0.25,0,0.75,1],"transform":{"skX":8.47,"skY":8.47},"duration":1},{"curve":[0.25,0,0.75,1],"transform":{"skX":19.98,"skY":19.98},"duration":1},{"curve":[0.25,0,0.75,1],"transform":{"skX":31.77,"skY":31.77},"duration":1},{"curve":[0.25,0,0.75,1],"transform":{"skX":15.25,"skY":15.25},"duration":1},{"curve":[0.25,0,0.75,1],"transform":{"skX":11.23,"skY":11.23},"duration":1},{"curve":[0.25,0,0.75,1],"transform":{"skX":3.12,"skY":3.12},"duration":1},{"transform":{"skX":-6.67,"skY":-6.67},"duration":0}],"name":"Arm_L"},{"frame":[{"curve":[0.25,0,0.75,1],"transform":{"skX":-2.03,"skY":-2.03},"duration":1},{"curve":[0.25,0,0.75,1],"transform":{"skX":22.86,"skY":22.86},"duration":1},{"curve":[0.25,0,0.75,1],"transform":{"skX":30.57,"skY":30.57},"duration":1},{"curve":[0.25,0,0.75,1],"transform":{"skX":2.25,"skY":2.25},"duration":1},{"curve":[0.25,0,0.75,1],"transform":{"skX":31.88,"skY":31.88},"duration":1},{"curve":[0.25,0,0.75,1],"transform":{"skX":20.19,"skY":20.19},"duration":1},{"curve":[0.25,0,0.75,1],"transform":{"skX":7.29,"skY":7.29},"duration":1},{"curve":[0.25,0,0.75,1],"transform":{"skX":-7.74,"skY":-7.74},"duration":1},{"curve":[0.25,0,0.75,1],"transform":{"skX":-20.97,"skY":-20.97},"duration":1},{"curve":[0.25,0,0.75,1],"transform":{"skX":-31.47,"skY":-31.47},"duration":1},{"curve":[0.25,0,0.75,1],"transform":{"skX":-36.36,"skY":-36.36},"duration":1},{"curve":[0.25,0,0.75,1],"transform":{"skX":-34.73,"skY":-34.73},"duration":1},{"curve":[0.25,0,0.75,1],"transform":{"skX":-12.55,"skY":-12.55},"duration":1},{"curve":[0.25,0,0.75,1],"transform":{"skX":11.56,"skY":11.56},"duration":1},{"curve":[0.25,0,0.75,1],"transform":{"skX":4.8,"skY":4.8},"duration":1},{"curve":[0.25,0,0.75,1],"transform":{"skX":-6.15,"skY":-6.15},"duration":1},{"curve":[0.25,0,0.75,1],"transform":{"skX":-2.03,"skY":-2.03},"duration":1},{"curve":[0.25,0,0.75,1],"transform":{"skX":22.86,"skY":22.86},"duration":1},{"curve":[0.25,0,0.75,1],"transform":{"skX":30.57,"skY":30.57},"duration":1},{"curve":[0.25,0,0.75,1],"transform":{"skX":2.25,"skY":2.25},"duration":1},{"curve":[0.25,0,0.75,1],"transform":{"skX":31.88,"skY":31.88},"duration":1},{"curve":[0.25,0,0.75,1],"transform":{"skX":20.19,"skY":20.19},"duration":1},{"curve":[0.25,0,0.75,1],"transform":{"skX":7.29,"skY":7.29},"duration":1},{"curve":[0.25,0,0.75,1],"transform":{"skX":-7.74,"skY":-7.74},"duration":1},{"curve":[0.25,0,0.75,1],"transform":{"skX":-20.97,"skY":-20.97},"duration":1},{"curve":[0.25,0,0.75,1],"transform":{"skX":-31.47,"skY":-31.47},"duration":1},{"curve":[0.25,0,0.75,1],"transform":{"skX":-36.36,"skY":-36.36},"duration":1},{"curve":[0.25,0,0.75,1],"transform":{"skX":-34.73,"skY":-34.73},"duration":1},{"curve":[0.25,0,0.75,1],"transform":{"skX":-12.55,"skY":-12.55},"duration":1},{"curve":[0.25,0,0.75,1],"transform":{"skX":11.56,"skY":11.56},"duration":1},{"curve":[0.25,0,0.75,1],"transform":{"skX":4.8,"skY":4.8},"duration":1},{"curve":[0.25,0,0.75,1],"transform":{"skX":-6.15,"skY":-6.15},"duration":1},{"transform":{"skX":-2.03,"skY":-2.03},"duration":0}],"name":"Hand_L"},{"frame":[{"curve":[0.25,0,0.75,1],"transform":{},"duration":2},{"curve":[0.25,0,0.75,1],"transform":{"skX":12.55,"skY":12.55},"duration":2},{"curve":[0.25,0,0.75,1],"transform":{"scY":0.982,"skX":21.23,"skY":21.23,"scX":1.029},"duration":2},{"curve":[0.25,0,0.75,1],"transform":{"scY":0.991,"skX":40.16,"skY":40.16,"scX":1.049},"duration":2},{"curve":[0.25,0,0.75,1],"transform":{"skX":28.29,"skY":28.29,"scX":0.998},"duration":2},{"curve":[0.25,0,0.75,1],"transform":{"skX":-6.58,"skY":-6.58,"scX":0.933},"duration":2},{"curve":[0.25,0,0.75,1],"transform":{"skX":-52.8,"skY":-52.8,"scX":1.055},"duration":2},{"curve":[0.25,0,0.75,1],"transform":{"skX":-37.7,"skY":-37.7,"scX":1.002},"duration":1},{"curve":[0.25,0,0.75,1],"transform":{"skX":-16.92,"skY":-16.92,"scX":0.983},"duration":1},{"curve":[0.25,0,0.75,1],"transform":{},"duration":2},{"curve":[0.25,0,0.75,1],"transform":{"skX":12.55,"skY":12.55},"duration":2},{"curve":[0.25,0,0.75,1],"transform":{"scY":0.982,"skX":21.23,"skY":21.23,"scX":1.029},"duration":2},{"curve":[0.25,0,0.75,1],"transform":{"scY":0.991,"skX":40.16,"skY":40.16,"scX":1.049},"duration":2},{"curve":[0.25,0,0.75,1],"transform":{"skX":28.29,"skY":28.29,"scX":0.998},"duration":2},{"curve":[0.25,0,0.75,1],"transform":{"skX":-6.58,"skY":-6.58,"scX":0.933},"duration":2},{"curve":[0.25,0,0.75,1],"transform":{"skX":-52.8,"skY":-52.8,"scX":1.055},"duration":2},{"curve":[0.25,0,0.75,1],"transform":{"skX":-37.7,"skY":-37.7,"scX":1.002},"duration":1},{"curve":[0.25,0,0.75,1],"transform":{"skX":-16.92,"skY":-16.92,"scX":0.983},"duration":1},{"transform":{},"duration":0}],"name":"Thigh_R"},{"frame":[{"curve":[0.25,0,0.75,1],"transform":{"skX":17.94,"skY":17.94},"duration":2},{"curve":[0.25,0,0.75,1],"transform":{"skX":39.34,"skY":39.34},"duration":2},{"curve":[0.25,0,0.75,1],"transform":{"skX":33.69,"skY":33.69},"duration":2},{"curve":[0.25,0,0.75,1],"transform":{"skX":6.46,"skY":6.46},"duration":2},{"curve":[0.25,0,0.75,1],"transform":{"skX":-5.49,"skY":-5.49},"duration":2},{"curve":[0.25,0,0.75,1],"transform":{"skX":-6.75,"skY":-6.75},"duration":2},{"curve":[0.25,0,0.75,1],"transform":{"skX":-5.35,"skY":-5.35},"duration":2},{"curve":[0.25,0,0.75,1],"transform":{"skX":29.47,"skY":29.47},"duration":1},{"curve":[0.25,0,0.75,1],"transform":{"skX":17.36,"skY":17.36},"duration":1},{"curve":[0.25,0,0.75,1],"transform":{"skX":17.94,"skY":17.94},"duration":2},{"curve":[0.25,0,0.75,1],"transform":{"skX":39.34,"skY":39.34},"duration":2},{"curve":[0.25,0,0.75,1],"transform":{"skX":33.69,"skY":33.69},"duration":2},{"curve":[0.25,0,0.75,1],"transform":{"skX":6.46,"skY":6.46},"duration":2},{"curve":[0.25,0,0.75,1],"transform":{"skX":-5.49,"skY":-5.49},"duration":2},{"curve":[0.25,0,0.75,1],"transform":{"skX":-6.75,"skY":-6.75},"duration":2},{"curve":[0.25,0,0.75,1],"transform":{"skX":-5.35,"skY":-5.35},"duration":2},{"curve":[0.25,0,0.75,1],"transform":{"skX":29.47,"skY":29.47},"duration":1},{"curve":[0.25,0,0.75,1],"transform":{"skX":17.36,"skY":17.36},"duration":1},{"transform":{"skX":17.94,"skY":17.94},"duration":0}],"name":"Leg_R"},{"frame":[{"curve":[0.25,0,0.75,1],"transform":{"skX":-17.42,"skY":-17.42},"duration":2},{"curve":[0.25,0,0.75,1],"transform":{"skX":-26.7,"skY":-26.7},"duration":2},{"curve":[0.25,0,0.75,1],"transform":{"skX":17.3,"skY":17.3},"duration":2},{"curve":[0.25,0,0.75,1],"transform":{"skX":34.76,"skY":34.76},"duration":2},{"curve":[0.25,0,0.75,1],"transform":{"skX":9.22,"skY":9.22},"duration":2},{"curve":[0.25,0,0.75,1],"transform":{"skX":9.62,"skY":9.62},"duration":2},{"curve":[0.25,0,0.75,1],"transform":{"skX":4.45,"skY":4.45},"duration":2},{"curve":[0.25,0,0.75,1],"transform":{"skX":-4.19,"skY":-4.19},"duration":1},{"curve":[0.25,0,0.75,1],"transform":{"skX":-1.94,"skY":-1.94},"duration":1},{"curve":[0.25,0,0.75,1],"transform":{"skX":-17.42,"skY":-17.42},"duration":2},{"curve":[0.25,0,0.75,1],"transform":{"skX":-26.7,"skY":-26.7},"duration":2},{"curve":[0.25,0,0.75,1],"transform":{"skX":17.3,"skY":17.3},"duration":2},{"curve":[0.25,0,0.75,1],"transform":{"skX":34.76,"skY":34.76},"duration":2},{"curve":[0.25,0,0.75,1],"transform":{"skX":9.22,"skY":9.22},"duration":2},{"curve":[0.25,0,0.75,1],"transform":{"skX":9.62,"skY":9.62},"duration":2},{"curve":[0.25,0,0.75,1],"transform":{"skX":4.45,"skY":4.45},"duration":2},{"curve":[0.25,0,0.75,1],"transform":{"skX":-4.19,"skY":-4.19},"duration":1},{"curve":[0.25,0,0.75,1],"transform":{"skX":-1.94,"skY":-1.94},"duration":1},{"transform":{"skX":-17.42,"skY":-17.42},"duration":0}],"name":"Foot_R"},{"frame":[{"curve":[0.25,0,0.75,1],"transform":{"skX":-32.44,"skY":-32.44,"scX":0.953},"duration":2},{"curve":[0.25,0,0.75,1],"transform":{"scY":0.972,"skX":-28.38,"skY":-28.38,"scX":1.062},"duration":2},{"curve":[0.25,0,0.75,1],"transform":{"skX":-7.87,"skY":-7.87,"scX":1.057},"duration":1},{"curve":[0.25,0,0.75,1],"transform":{"skX":-7.87,"skY":-7.87,"scX":1.105},"duration":1},{"curve":[0.25,0,0.75,1],"transform":{"skX":9.38,"skY":9.38,"scX":1.118},"duration":2},{"curve":[0.25,0,0.75,1],"transform":{"skX":29.83,"skY":29.83},"duration":2},{"curve":[0.25,0,0.75,1],"transform":{"skX":6.88,"skY":6.88},"duration":2},{"curve":[0.25,0,0.75,1],"transform":{"skX":-17.41,"skY":-17.41,"scX":0.923},"duration":2},{"curve":[0.25,0,0.75,1],"transform":{"skX":-40.65,"skY":-40.65,"scX":0.956},"duration":2},{"curve":[0.25,0,0.75,1],"transform":{"skX":-32.44,"skY":-32.44,"scX":0.953},"duration":2},{"curve":[0.25,0,0.75,1],"transform":{"scY":0.972,"skX":-28.38,"skY":-28.38,"scX":1.062},"duration":2},{"curve":[0.25,0,0.75,1],"transform":{"skX":-7.87,"skY":-7.87,"scX":1.057},"duration":1},{"curve":[0.25,0,0.75,1],"transform":{"skX":-7.87,"skY":-7.87,"scX":1.105},"duration":1},{"curve":[0.25,0,0.75,1],"transform":{"skX":9.38,"skY":9.38,"scX":1.118},"duration":2},{"curve":[0.25,0,0.75,1],"transform":{"skX":29.83,"skY":29.83},"duration":2},{"curve":[0.25,0,0.75,1],"transform":{"skX":6.88,"skY":6.88},"duration":2},{"curve":[0.25,0,0.75,1],"transform":{"skX":-17.41,"skY":-17.41,"scX":0.923},"duration":2},{"curve":[0.25,0,0.75,1],"transform":{"skX":-40.65,"skY":-40.65,"scX":0.956},"duration":2},{"transform":{"skX":-32.44,"skY":-32.44,"scX":0.953},"duration":0}],"name":"Thigh_L"},{"frame":[{"curve":[0.25,0,0.75,1],"transform":{"skX":4.46,"skY":4.46},"duration":2},{"curve":[0.25,0,0.75,1],"transform":{"skX":18.02,"skY":18.02},"duration":2},{"curve":[0.25,0,0.75,1],"transform":{"skX":26.81,"skY":26.81},"duration":1},{"curve":[0.25,0,0.75,1],"transform":{"skX":30.01,"skY":30.01},"duration":1},{"curve":[0.25,0,0.75,1],"transform":{"skX":39.51,"skY":39.51},"duration":2},{"curve":[0.25,0,0.75,1],"transform":{"skX":17.78,"skY":17.78},"duration":2},{"curve":[0.25,0,0.75,1],"transform":{"skX":39.14,"skY":39.14},"duration":2},{"curve":[0.25,0,0.75,1],"transform":{"skX":1.15,"skY":1.15},"duration":2},{"curve":[0.25,0,0.75,1],"transform":{"skX":-1.82,"skY":-1.82},"duration":2},{"curve":[0.25,0,0.75,1],"transform":{"skX":4.46,"skY":4.46},"duration":2},{"curve":[0.25,0,0.75,1],"transform":{"skX":18.02,"skY":18.02},"duration":2},{"curve":[0.25,0,0.75,1],"transform":{"skX":26.81,"skY":26.81},"duration":1},{"curve":[0.25,0,0.75,1],"transform":{"skX":30.01,"skY":30.01},"duration":1},{"curve":[0.25,0,0.75,1],"transform":{"skX":39.51,"skY":39.51},"duration":2},{"curve":[0.25,0,0.75,1],"transform":{"skX":17.78,"skY":17.78},"duration":2},{"curve":[0.25,0,0.75,1],"transform":{"skX":39.14,"skY":39.14},"duration":2},{"curve":[0.25,0,0.75,1],"transform":{"skX":1.15,"skY":1.15},"duration":2},{"curve":[0.25,0,0.75,1],"transform":{"skX":-1.82,"skY":-1.82},"duration":2},{"transform":{"skX":4.46,"skY":4.46},"duration":0}],"name":"Leg_L"},{"frame":[{"curve":[0.25,0,0.75,1],"transform":{"skX":-0.61,"skY":-0.61},"duration":2},{"curve":[0.25,0,0.75,1],"transform":{"skX":-2.42,"skY":-2.42},"duration":1},{"curve":[0.25,0,0.75,1],"transform":{"skX":-5.43,"skY":-5.43},"duration":1},{"curve":[0.25,0,0.75,1],"transform":{"skX":-20.51,"skY":-20.51},"duration":1},{"curve":[0.25,0,0.75,1],"transform":{"skX":-31.06,"skY":-31.06},"duration":1},{"curve":[0.25,0,0.75,1],"transform":{"skX":-26.8,"skY":-26.8},"duration":2},{"curve":[0.25,0,0.75,1],"transform":{"skX":17.29,"skY":17.29},"duration":2},{"curve":[0.25,0,0.75,1],"transform":{"skX":14.18,"skY":14.18},"duration":2},{"curve":[0.25,0,0.75,1],"transform":{"skX":-0.58,"skY":-0.58},"duration":2},{"curve":[0.25,0,0.75,1],"transform":{"skX":4.91,"skY":4.91},"duration":2},{"curve":[0.25,0,0.75,1],"transform":{"skX":-0.61,"skY":-0.61},"duration":2},{"curve":[0.25,0,0.75,1],"transform":{"skX":-2.42,"skY":-2.42},"duration":1},{"curve":[0.25,0,0.75,1],"transform":{"skX":-5.43,"skY":-5.43},"duration":1},{"curve":[0.25,0,0.75,1],"transform":{"skX":-20.51,"skY":-20.51},"duration":1},{"curve":[0.25,0,0.75,1],"transform":{"skX":-31.06,"skY":-31.06},"duration":1},{"curve":[0.25,0,0.75,1],"transform":{"skX":-26.8,"skY":-26.8},"duration":2},{"curve":[0.25,0,0.75,1],"transform":{"skX":17.29,"skY":17.29},"duration":2},{"curve":[0.25,0,0.75,1],"transform":{"skX":14.18,"skY":14.18},"duration":2},{"curve":[0.25,0,0.75,1],"transform":{"skX":-0.58,"skY":-0.58},"duration":2},{"curve":[0.25,0,0.75,1],"transform":{"skX":4.91,"skY":4.91},"duration":2},{"transform":{"skX":-0.61,"skY":-0.61},"duration":0}],"name":"Foot_L"},{"frame":[{"curve":[0.25,0,0.75,1],"transform":{"skX":13.21,"skY":13.21},"duration":1},{"curve":[0.25,0,0.75,1],"transform":{"skX":11.96,"skY":11.96},"duration":8},{"curve":[0.25,0,0.75,1],"transform":{"skX":-340.56,"skY":-340.56},"duration":7},{"curve":[0.25,0,0.75,1],"transform":{"skX":13.21,"skY":13.21},"duration":1},{"curve":[0.25,0,0.75,1],"transform":{"skX":11.96,"skY":11.96},"duration":8},{"curve":[0.25,0,0.75,1],"transform":{"skX":-340.56,"skY":-340.56},"duration":7},{"transform":{"skX":13.21,"skY":13.21},"duration":0}],"name":"Tail"},{"frame":[{"curve":[0.25,0,0.75,1],"transform":{},"duration":3},{"curve":[0.25,0,0.75,1],"transform":{"skX":-1.66,"skY":-1.66},"duration":8},{"curve":[0.25,0,0.75,1],"transform":{"skX":9.76,"skY":9.76},"duration":5},{"curve":[0.25,0,0.75,1],"transform":{},"duration":3},{"curve":[0.25,0,0.75,1],"transform":{"skX":-1.66,"skY":-1.66},"duration":8},{"curve":[0.25,0,0.75,1],"transform":{"skX":9.76,"skY":9.76},"duration":5},{"transform":{},"duration":0}],"name":"Tail2"},{"frame":[{"curve":[0.25,0,0.75,1],"transform":{},"duration":5},{"curve":[0.25,0,0.75,1],"transform":{"skX":-7.82,"skY":-7.82},"duration":8},{"curve":[0.25,0,0.75,1],"transform":{"skX":14.57,"skY":14.57},"duration":3},{"curve":[0.25,0,0.75,1],"transform":{},"duration":5},{"curve":[0.25,0,0.75,1],"transform":{"skX":-7.82,"skY":-7.82},"duration":8},{"curve":[0.25,0,0.75,1],"transform":{"skX":14.57,"skY":14.57},"duration":3},{"transform":{},"duration":0}],"name":"Tail3"},{"frame":[{"transform":{},"duration":32}],"name":"foot_r"},{"frame":[{"transform":{},"duration":32}],"name":"hand_r"},{"frame":[{"transform":{},"duration":32}],"name":"arm_r"},{"frame":[{"transform":{},"duration":32}],"name":"leg_r"},{"frame":[{"transform":{},"duration":32}],"name":"leg_l"},{"frame":[{"transform":{},"duration":32}],"name":"hand_l"},{"frame":[{"transform":{},"duration":32}],"name":"foot_l"},{"frame":[{"transform":{},"duration":16},{"transform":{},"duration":16},{"transform":{},"duration":0}],"name":"belly"},{"frame":[{"transform":{},"duration":32}],"name":"arm_l"},{"frame":[{"transform":{},"duration":32}],"name":"root"},{"frame":[{"transform":{},"duration":32}],"name":"buff_flo"},{"frame":[{"transform":{},"duration":32}],"name":"buff_up"},{"frame":[{"transform":{},"duration":32}],"name":"buff_mid"}],"slot":[{"frame":[{"displayIndex":-1,"tweenEasing":0,"duration":32},{"displayIndex":-1,"tweenEasing":null,"duration":0}],"name":"Eye"}],"ffd":[],"frame":[],"name":"0001_yidong","duration":32,"ik":[]},{"zOrder":{"frame":[{"zOrder":[12,4,13,4,14,4],"tweenEasing":null,"duration":30}]},"bone":[{"frame":[{"transform":{},"duration":30},{"transform":{},"duration":0}],"name":"Fuji"},{"frame":[{"curve":[0.29,0,0.629,0.37],"transform":{},"duration":5},{"curve":[0.314,0.26,0.6505000000000001,0.6],"transform":{"y":11.53,"skX":-19.58,"skY":-19.58,"x":-8.48},"duration":3},{"curve":[0.326,0.31,0.66,0.64],"transform":{"y":6.16,"skX":-19.58,"skY":-19.58,"x":-10.33},"duration":2},{"curve":[0.351,0.4,0.756,1],"transform":{"y":4.03,"skX":1.75,"skY":1.75,"x":5.64},"duration":15},{"curve":[0.351,0.4,0.756,1],"transform":{"y":3.99,"skX":1.19,"skY":1.19,"x":4.34},"duration":5},{"transform":{},"duration":0}],"name":"bip"},{"frame":[{"curve":[0.3065,0,0.6415,0.35],"transform":{},"duration":3},{"curve":[0.319,0.26,0.653,0.59],"transform":{"skX":-37.75,"skY":-37.75},"duration":2},{"curve":[0.3165,0.25,0.6515,0.59],"transform":{"y":1.76,"skX":-53.35,"skY":-53.35,"x":-1.9},"duration":3},{"curve":[0.329,0.32,0.663,0.65],"transform":{"y":1.76,"skX":-31.99,"skY":-31.99,"x":-1.9},"duration":1},{"curve":[0.33,0.32,0.663,0.65],"transform":{"y":1.76,"skX":-6.25,"skY":-6.25,"x":-1.9},"duration":1},{"curve":[0.351,0.4,0.756,1],"transform":{"skX":12.36,"skY":12.36},"duration":15},{"curve":[0.351,0.4,0.756,1],"transform":{"skX":14.68,"skY":14.68},"duration":5},{"transform":{},"duration":0}],"name":"Body"},{"frame":[{"curve":[0.304,0,0.64,0.35],"transform":{},"duration":3},{"curve":[0.319,0.26,0.653,0.59],"transform":{"skX":13.81,"skY":13.81},"duration":2},{"curve":[0.318,0.27,0.653,0.61],"transform":{"skX":-0.89,"skY":-0.89},"duration":3},{"curve":[0.329,0.32,0.663,0.65],"transform":{"skX":-24.77,"skY":-24.77},"duration":1},{"curve":[0.33,0.32,0.663,0.65],"transform":{"skX":-17.66,"skY":-17.66},"duration":1},{"curve":[0.351,0.4,0.756,1],"transform":{"skX":-1.54,"skY":-1.54},"duration":15},{"curve":[0.351,0.4,0.756,1],"transform":{"skX":-2.32,"skY":-2.32},"duration":5},{"transform":{},"duration":0}],"name":"spine"},{"frame":[{"curve":[0.304,0,0.64,0.35],"transform":{},"duration":3},{"curve":[0.319,0.26,0.653,0.59],"transform":{"skX":13,"skY":13},"duration":2},{"curve":[0.318,0.27,0.653,0.61],"transform":{"skX":15.3,"skY":15.3},"duration":3},{"curve":[0.326,0.31,0.66,0.64],"transform":{"skX":4.66,"skY":4.66},"duration":2},{"curve":[0.351,0.4,0.756,1],"transform":{"skX":-2,"skY":-2},"duration":15},{"curve":[0.351,0.4,0.756,1],"transform":{"skX":-2.26,"skY":-2.26},"duration":5},{"transform":{},"duration":0}],"name":"Neck"},{"frame":[{"curve":[0.304,0,0.64,0.35],"transform":{},"duration":3},{"curve":[0.319,0.26,0.653,0.59],"transform":{"skX":24.12,"skY":24.12},"duration":2},{"curve":[0.318,0.27,0.653,0.61],"transform":{"skX":38.62,"skY":38.62},"duration":3},{"curve":[0.326,0.31,0.66,0.64],"transform":{"skX":12.33,"skY":12.33},"duration":2},{"curve":[0.351,0.4,0.756,1],"transform":{"skX":-3.97,"skY":-3.97},"duration":15},{"curve":[0.351,0.4,0.756,1],"transform":{"skX":-5.76,"skY":-5.76},"duration":5},{"transform":{},"duration":0}],"name":"Head"},{"frame":[{"curve":[0.273,0,0.619,0.4],"transform":{},"duration":8},{"curve":[0.326,0.31,0.66,0.64],"transform":{"skX":9.97,"skY":9.97},"duration":2},{"curve":[0.351,0.4,0.756,1],"transform":{"skX":344.92,"skY":344.92},"duration":15},{"curve":[0.351,0.4,0.756,1],"transform":{"skX":347.81,"skY":347.81},"duration":5},{"transform":{},"duration":0}],"name":"Ear_R"},{"frame":[{"curve":[0.29,0,0.629,0.37],"transform":{},"duration":5},{"curve":[0.318,0.27,0.653,0.61],"transform":{"skX":-4.97,"skY":-4.97},"duration":3},{"curve":[0.329,0.32,0.663,0.65],"transform":{"skX":16.74,"skY":16.74},"duration":1},{"curve":[0.33,0.32,0.663,0.65],"transform":{"skX":15.97,"skY":15.97},"duration":1},{"curve":[0.351,0.4,0.756,1],"transform":{"skX":-10.32,"skY":-10.32},"duration":15},{"curve":[0.351,0.4,0.756,1],"transform":{"skX":-16.81,"skY":-16.81},"duration":5},{"transform":{},"duration":0}],"name":"Ear_R2"},{"frame":[{"curve":[0.273,0,0.619,0.4],"transform":{},"duration":8},{"curve":[0.326,0.31,0.66,0.64],"transform":{"skX":-2.87,"skY":-2.87},"duration":2},{"curve":[0.351,0.4,0.756,1],"transform":{"skX":20.08,"skY":20.08},"duration":15},{"curve":[0.351,0.4,0.756,1],"transform":{"skX":14.01,"skY":14.01},"duration":5},{"transform":{},"duration":0}],"name":"Ear_L"},{"frame":[{"curve":[0.29,0,0.629,0.37],"transform":{},"duration":5},{"curve":[0.318,0.27,0.653,0.61],"transform":{"skX":4.19,"skY":4.19},"duration":3},{"curve":[0.329,0.32,0.663,0.65],"transform":{"skX":-20.08,"skY":-20.08},"duration":1},{"curve":[0.33,0.32,0.663,0.65],"transform":{"skX":-19.12,"skY":-19.12},"duration":1},{"curve":[0.351,0.4,0.756,1],"transform":{"skX":16.43,"skY":16.43},"duration":15},{"curve":[0.351,0.4,0.756,1],"transform":{"skX":22.84,"skY":22.84},"duration":5},{"transform":{},"duration":0}],"name":"Ear_L2"},{"frame":[{"curve":[0.2815,0,0.624,0.385],"transform":{},"duration":5},{"curve":[0.318,0.27,0.653,0.61],"transform":{"skX":20.56,"skY":20.56},"duration":3},{"curve":[0.329,0.32,0.663,0.65],"transform":{"scY":1.096,"skX":-84.18,"skY":-84.18,"scX":1.303},"duration":1},{"curve":[0.33,0.32,0.663,0.65],"transform":{"scY":1.096,"skX":-111.46,"skY":-111.46,"scX":1.303},"duration":1},{"transform":{"scY":1.096,"scX":1.303},"duration":15},{"curve":[0.337,0.34,0.757,1],"transform":{"scY":1.096,"scX":1.303},"duration":5},{"transform":{},"duration":0}],"name":"UpArm_R"},{"frame":[{"curve":[0.29,0,0.629,0.37],"transform":{},"duration":5},{"curve":[0.318,0.27,0.653,0.61],"transform":{"skX":-21.59,"skY":-21.59},"duration":3},{"curve":[0.329,0.32,0.663,0.65],"transform":{"skX":-8.96,"skY":-8.96},"duration":1},{"curve":[0.33,0.32,0.663,0.65],"transform":{"skX":-14.93,"skY":-14.93},"duration":1},{"transform":{},"duration":15},{"transform":{},"duration":5},{"transform":{},"duration":0}],"name":"Arm_R"},{"frame":[{"curve":[0.29,0,0.629,0.37],"transform":{},"duration":5},{"curve":[0.318,0.27,0.653,0.61],"transform":{"skX":63.59,"skY":63.59},"duration":3},{"curve":[0.329,0.32,0.663,0.65],"transform":{"skX":7.27,"skY":7.27},"duration":1},{"curve":[0.33,0.32,0.663,0.65],"transform":{"skX":-53.97,"skY":-53.97},"duration":1},{"transform":{},"duration":15},{"transform":{},"duration":5},{"transform":{},"duration":0}],"name":"Hand_R"},{"frame":[{"curve":[0.2815,0,0.624,0.385],"transform":{},"duration":5},{"curve":[0.318,0.27,0.653,0.61],"transform":{"skX":37.8,"skY":37.8},"duration":3},{"curve":[0.329,0.32,0.663,0.65],"transform":{"scY":1.096,"skX":-98.31,"skY":-98.31,"scX":1.295},"duration":1},{"curve":[0.33,0.32,0.663,0.65],"transform":{"scY":1.096,"skX":-103.39,"skY":-103.39,"scX":1.295},"duration":1},{"transform":{"scY":1.096,"scX":1.295},"duration":15},{"curve":[0.337,0.34,0.757,1],"transform":{"scY":1.096,"scX":1.295},"duration":5},{"transform":{},"duration":0}],"name":"UpArm_L"},{"frame":[{"curve":[0.29,0,0.629,0.37],"transform":{},"duration":5},{"curve":[0.318,0.27,0.653,0.61],"transform":{"skX":-36.01,"skY":-36.01},"duration":3},{"curve":[0.329,0.32,0.663,0.65],"transform":{"skX":-22.67,"skY":-22.67},"duration":1},{"curve":[0.33,0.32,0.663,0.65],"transform":{"skX":-56.79,"skY":-56.79},"duration":1},{"transform":{},"duration":15},{"transform":{},"duration":5},{"transform":{},"duration":0}],"name":"Arm_L"},{"frame":[{"curve":[0.29,0,0.629,0.37],"transform":{},"duration":5},{"curve":[0.318,0.27,0.653,0.61],"transform":{"skX":44.3,"skY":44.3},"duration":3},{"curve":[0.329,0.32,0.663,0.65],"transform":{"skX":4.14,"skY":4.14},"duration":1},{"curve":[0.33,0.32,0.663,0.65],"transform":{"skX":-84.11,"skY":-84.11},"duration":1},{"transform":{},"duration":15},{"transform":{},"duration":5},{"transform":{},"duration":0}],"name":"Hand_L"},{"frame":[{"curve":[0.303,0,0.639,0.35],"transform":{},"duration":5},{"curve":[0.32,0.26,0.654,0.6],"transform":{"y":-6.74,"x":0.32},"duration":3},{"curve":[0.337,0.34,0.757,1],"transform":{"y":-2.22,"x":1.11},"duration":2},{"transform":{},"duration":20},{"transform":{},"duration":0}],"name":"Thigh_R"},{"frame":[{"transform":{},"duration":30},{"transform":{},"duration":0}],"name":"Leg_R"},{"frame":[{"transform":{},"duration":30},{"transform":{},"duration":0}],"name":"Foot_R"},{"frame":[{"transform":{},"duration":8},{"transform":{},"duration":22},{"transform":{},"duration":0}],"name":"Thigh_L"},{"frame":[{"transform":{},"duration":30},{"transform":{},"duration":0}],"name":"Leg_L"},{"frame":[{"transform":{},"duration":30},{"transform":{},"duration":0}],"name":"Foot_L"},{"frame":[{"curve":[0.332,0,0.665,0.33],"transform":{},"duration":2},{"curve":[0.331,0.18,0.665,0.51],"transform":{"skX":-3.52,"skY":-3.52},"duration":5},{"curve":[0.328,0.22,0.661,0.55],"transform":{"skX":-336.53,"skY":-336.53},"duration":5},{"curve":[0.315,0.17,0.649,0.51],"transform":{"skX":-2.68,"skY":-2.68},"duration":12},{"curve":[0.315,0.17,0.649,0.51],"transform":{"skX":-3.82,"skY":-3.82},"duration":6},{"transform":{},"duration":0}],"name":"Tail"},{"frame":[{"curve":[0.331,0,0.665,0.33],"transform":{},"duration":3},{"curve":[0.331,0.2,0.664,0.53],"transform":{"skX":0.78,"skY":0.78},"duration":5},{"curve":[0.328,0.23,0.661,0.57],"transform":{"skX":33,"skY":33},"duration":5},{"curve":[0.316,0.18,0.65,0.52],"transform":{"skX":1.53,"skY":1.53},"duration":12},{"curve":[0.316,0.18,0.65,0.52],"transform":{"skX":-1.13,"skY":-1.13},"duration":5},{"transform":{},"duration":0}],"name":"Tail2"},{"frame":[{"curve":[0.33,0,0.663,0.33],"transform":{},"duration":4},{"curve":[0.33,0.22,0.663,0.55],"transform":{"skX":-12.91,"skY":-12.91},"duration":5},{"curve":[0.326,0.24,0.659,0.58],"transform":{"skX":25,"skY":25},"duration":5},{"curve":[0.312,0.2,0.647,0.54],"transform":{"skX":-22.24,"skY":-22.24},"duration":12},{"curve":[0.312,0.2,0.647,0.54],"transform":{"skX":-24.81,"skY":-24.81},"duration":4},{"transform":{},"duration":0}],"name":"Tail3"},{"frame":[{"curve":[0.264,0,0.617,0.42],"transform":{},"duration":10},{"transform":{"x":74.86},"duration":15},{"curve":[0.351,0.4,0.756,1],"transform":{"x":74.86},"duration":5},{"transform":{},"duration":0}],"name":"arm_r"},{"frame":[{"curve":[0.264,0,0.617,0.42],"transform":{},"duration":10},{"transform":{"x":74.86},"duration":15},{"curve":[0.351,0.4,0.756,1],"transform":{"x":74.86},"duration":5},{"transform":{},"duration":0}],"name":"hand_r"},{"frame":[{"curve":[0.264,0,0.617,0.42],"transform":{},"duration":10},{"transform":{"x":54.03},"duration":15},{"curve":[0.351,0.4,0.756,1],"transform":{"x":54.03},"duration":5},{"transform":{},"duration":0}],"name":"arm_l"},{"frame":[{"curve":[0.264,0,0.617,0.42],"transform":{},"duration":10},{"transform":{"x":54.03},"duration":15},{"curve":[0.351,0.4,0.756,1],"transform":{"x":54.03},"duration":5},{"transform":{},"duration":0}],"name":"hand_l"},{"frame":[{"transform":{},"duration":30},{"transform":{},"duration":0}],"name":"leg_r"},{"frame":[{"transform":{},"duration":30},{"transform":{},"duration":0}],"name":"foot_r"},{"frame":[{"transform":{},"duration":30},{"transform":{},"duration":0}],"name":"leg_l"},{"frame":[{"transform":{},"duration":30},{"transform":{},"duration":0}],"name":"foot_l"},{"frame":[{"transform":{},"duration":30},{"transform":{},"duration":0}],"name":"belly"},{"frame":[{"transform":{},"duration":30}],"name":"root"},{"frame":[{"transform":{},"duration":30}],"name":"buff_flo"},{"frame":[{"transform":{},"duration":30}],"name":"buff_up"},{"frame":[{"transform":{},"duration":30}],"name":"buff_mid"}],"slot":[{"frame":[{"displayIndex":-1,"tweenEasing":0,"duration":30},{"displayIndex":-1,"tweenEasing":null,"duration":0}],"name":"Eye"}],"ffd":[],"frame":[],"name":"0002_shifa","duration":30,"ik":[]},{"bone":[{"frame":[{"transform":{},"duration":0}],"name":"Fuji"},{"frame":[{"transform":{},"duration":0}],"name":"bip"},{"frame":[{"transform":{},"duration":0}],"name":"Body"},{"frame":[{"transform":{},"duration":0}],"name":"spine"},{"frame":[{"transform":{},"duration":0}],"name":"Neck"},{"frame":[{"transform":{},"duration":0}],"name":"Head"},{"frame":[{"transform":{},"duration":0}],"name":"Ear_R"},{"frame":[{"transform":{},"duration":0}],"name":"Ear_R2"},{"frame":[{"transform":{},"duration":0}],"name":"Ear_L"},{"frame":[{"transform":{},"duration":0}],"name":"Ear_L2"},{"frame":[{"transform":{},"duration":0}],"name":"UpArm_R"},{"frame":[{"transform":{},"duration":0}],"name":"Arm_R"},{"frame":[{"transform":{},"duration":0}],"name":"Hand_R"},{"frame":[{"transform":{},"duration":0}],"name":"UpArm_L"},{"frame":[{"transform":{},"duration":0}],"name":"Arm_L"},{"frame":[{"transform":{},"duration":0}],"name":"Hand_L"},{"frame":[{"transform":{},"duration":0}],"name":"Thigh_R"},{"frame":[{"transform":{},"duration":0}],"name":"Leg_R"},{"frame":[{"transform":{},"duration":0}],"name":"Foot_R"},{"frame":[{"transform":{},"duration":0}],"name":"Thigh_L"},{"frame":[{"transform":{},"duration":0}],"name":"Leg_L"},{"frame":[{"transform":{},"duration":0}],"name":"Foot_L"},{"frame":[{"transform":{},"duration":0}],"name":"Tail"},{"frame":[{"transform":{},"duration":0}],"name":"Tail2"},{"frame":[{"transform":{},"duration":0}],"name":"Tail3"},{"frame":[{"transform":{},"duration":0}],"name":"root"},{"frame":[{"transform":{},"duration":0}],"name":"buff_flo"},{"frame":[{"transform":{},"duration":0}],"name":"hand_r"},{"frame":[{"transform":{},"duration":0}],"name":"arm_r"},{"frame":[{"transform":{},"duration":0}],"name":"arm_l"},{"frame":[{"transform":{},"duration":0}],"name":"buff_up"},{"frame":[{"transform":{},"duration":0}],"name":"buff_mid"},{"frame":[{"transform":{},"duration":0}],"name":"foot_r"},{"frame":[{"transform":{},"duration":0}],"name":"leg_r"},{"frame":[{"transform":{},"duration":0}],"name":"foot_l"},{"frame":[{"transform":{},"duration":0}],"name":"leg_l"},{"frame":[{"transform":{},"duration":0}],"name":"hand_l"},{"frame":[{"transform":{},"duration":0}],"name":"belly"}],"slot":[],"ffd":[],"frame":[],"name":"0003_shiluo","duration":0,"ik":[]}],"skin":[{"slot":[{"display":[{"vertices":[101.43,-133.89,85.46,-122.67,78.61,-109.76,78.64,-99.84,82.88,-95.86,94.98,-95.88,103.34,-110.13,105.56,-127.69,105.56,-133.9,95.11,-115.85],"uvs":[0.87517,-0.02778,0.23536,0.28282,-0.04,0.64086,-0.04,0.91694,0.12975,1.02778,0.61427,1.02778,0.94971,0.63224,1.04,0.14478,1.04,-0.02778,0.62075,0.47295],"path":"Ear_L","edges":[2,3,3,4,4,5,5,6,6,7,7,8,8,0,0,1,1,2],"triangles":[9,6,7,8,0,7,0,9,7,1,9,0,9,5,6,2,3,4,1,2,9,9,2,5,2,4,5],"type":"mesh","transform":{},"slotPose":[1,0,0,1,0,0],"userEdges":[],"width":25,"bonePose":[37,0.650774217265851,-0.7592713073348804,0.7592713073348804,0.650774217265851,92.83150569822055,-118.39958172852812,34,0.4100822225892887,-0.9120485572140492,0.9120485572140492,0.4100822225892887,83.77689022344907,-98.26154958524192],"height":36,"name":"Ear_L","weights":[1,37,1,2,34,0.60243,37,0.39756,1,34,1,1,34,1,1,34,1,1,34,1,2,34,0.64369,37,0.3563,1,37,1,1,37,1,2,34,0.67369,37,0.3263]}],"name":"Ear_L"},{"display":[{"vertices":[-38.99,-114.91,-83.42,-95.36,-83.42,-50.53,-50.94,-25.92,-23.55,-25.92,9.58,-30.12,47.44,-41.33,58.56,-58.27,58.57,-98.85,43.45,-113.05,2.61,-109.56,-24.54,-114.9,-3.87,-69.71,37.73,-74.92,-65.62,-71.21],"uvs":[0.3103,-0.01149,-0.00714,0.21318,-0.00714,0.72852,0.2249,1.01149,0.4206,1.01149,0.65721,0.96327,0.92763,0.83444,1.00714,0.63976,1.00714,0.1731,0.89917,0.00993,0.6074,0.05001,0.41348,-0.01149,0.56115,0.5081,0.85829,0.44815,0.11993,0.49089],"path":"Body","edges":[1,2,2,3,3,4,4,5,5,6,6,7,7,8,8,9,9,10,10,11,11,0,0,1],"triangles":[9,13,8,8,13,7,13,6,7,10,13,9,13,5,6,12,5,13,10,12,13,11,12,10,12,4,5,14,4,12,11,0,12,0,14,12,14,3,4,14,2,3,1,14,0,1,2,14],"type":"mesh","transform":{},"slotPose":[1,0,0,1,0,0],"userEdges":[],"width":140,"bonePose":[16,0.9829995003990384,0.18360823024919293,-0.18360823024919293,0.9829995003990384,-62.96,-80.24,18,0.9907478404714436,-0.13571557243430432,0.13571557243430432,0.9907478404714436,-4.190668951065902,-69.13060181374388,20,0.9829995003990384,0.18360823024919293,-0.18360823024919293,0.9829995003990384,-22.04930101651843,-35.17228529553601],"height":87,"name":"Body","weights":[1,16,1,1,16,1,1,16,1,3,16,0.6746,18,0.07539,20,0.25,3,16,0.2415,18,0.14849,20,0.61,3,16,0.07385,18,0.57614,20,0.35,1,18,1,1,18,1,1,18,1,2,16,0.02094,18,0.97905,2,16,0.60212,18,0.39787,2,16,0.97892,18,0.02107,3,16,0.45,18,0.45,20,0.1,1,18,1,1,16,1]}],"name":"Body"},{"display":[{"path":"Eye","type":"image","name":"Eye","transform":{"y":-4.65,"skX":-34.76,"skY":-34.76,"x":17.43}}],"name":"Eye"},{"display":[{"path":"buff_up","type":"image","name":"buff_up","transform":{"y":0.58,"x":0.58}}],"name":"buff_up"},{"display":[{"path":"UpArm_R","type":"image","name":"UpArm_R","transform":{"y":-2.34,"skX":-106.86,"skY":-106.86,"x":27.62}}],"name":"UpArm_R"},{"display":[{"path":"buff_mid","type":"image","name":"buff_mid","transform":{"y":-0.58,"x":0.58}}],"name":"buff_mid"},{"display":[{"path":"Leg_L","type":"image","name":"Leg_L","transform":{"y":1.12,"skX":-68.13,"skY":-68.13,"x":7.59}}],"name":"Leg_L"},{"display":[{"path":"Foot_R","type":"image","name":"Foot_R","transform":{"y":-3.31,"skX":-58.94,"skY":-58.94,"x":5.97}}],"name":"Foot_R"},{"display":[{"path":"Thigh_L","type":"image","name":"Thigh_L","transform":{"y":-2.6,"skX":-101.74,"skY":-101.74,"x":24.8}}],"name":"Thigh_L"},{"display":[{"path":"Neck","type":"image","name":"Neck","transform":{"y":1.91,"skX":14.31,"skY":14.31,"x":4.54}}],"name":"Neck"},{"display":[{"vertices":[25.63,-128.14,33.16,-104.62,50.04,-90.89,62.96,-90.86,69.54,-96.29,69.58,-110.62,57.41,-124.29,32.54,-137.93,25.66,-137.96,46.34,-114.22],"uvs":[-0.02381,0.19596,0.1568,0.71818,0.55965,1.02222,0.86739,1.02222,1.02381,0.90096,1.02381,0.58241,0.73311,0.27952,0.14001,-0.02222,-0.02381,-0.02222,0.47013,0.50414],"path":"Ear_R","edges":[0,1,1,2,2,3,3,4,4,5,5,6,6,7,7,8,8,0],"triangles":[9,2,3,3,4,5,9,3,5,6,9,5,7,9,6,7,0,9,9,1,2,0,1,9,8,0,7],"type":"mesh","transform":{},"slotPose":[1,0,0,1,0,0],"userEdges":[],"width":42,"bonePose":[36,-0.7053768842065832,-0.7088324563865656,0.7088324563865656,-0.7053768842065832,46.1546110310502,-116.49428282644617,35,-0.6884811669197088,-0.725254219427144,0.725254219427144,-0.6884811669197088,63.22647192529068,-98.6848789732089],"height":45,"name":"Ear_R","weights":[1,36,1,2,35,0.5,36,0.5,1,35,1,1,35,1,1,35,1,1,35,1,2,35,0.5,36,0.5,1,36,1,1,36,1,2,35,0.5,36,0.5]}],"name":"Ear_R"},{"display":[{"path":"Arm_L","type":"image","name":"Arm_L","transform":{"y":1.12,"skX":-65.15,"skY":-65.15,"x":10.35}}],"name":"Arm_L"},{"display":[{"path":"Arm_R","type":"image","name":"Arm_R","transform":{"y":1.37,"skX":-65.37,"skY":-65.37,"x":11.18}}],"name":"Arm_R"},{"display":[{"path":"Hand_R","type":"image","name":"Hand_R","transform":{"y":-2.9,"skX":-56.59,"skY":-56.59,"x":5.8}}],"name":"Hand_R"},{"display":[{"path":"Hand_L","type":"image","name":"Hand_L","transform":{"y":-3.28,"skX":-58.12,"skY":-58.12,"x":6.46}}],"name":"Hand_L"},{"display":[{"path":"UpArm_L","type":"image","name":"UpArm_L","transform":{"y":1.47,"skX":-89.04,"skY":-89.04,"x":20.72}}],"name":"UpArm_L"},{"display":[{"vertices":[-96.8,-91.92,-119.73,-83.58,-143.44,-59.48,-170.42,-58.92,-170.47,-39.96,-134.53,-24,-92.62,-28.45,-87.86,-63.81,-61.4,-77.68,-61.38,-91.84,-100.07,-74.08,-121.16,-45.75,-100.46,-33.74],"uvs":[0.67814,-0.01515,0.46392,0.11182,0.24279,0.4778,-0.00935,0.48713,-0.00935,0.77468,0.32686,1.01515,0.71846,0.94646,0.76222,0.41058,1.00935,0.19958,1.00935,-0.01515,0.64796,0.25523,0.45143,0.68518,0.64505,0.86652],"path":"Tail","edges":[3,4,4,5,5,6,6,7,7,8,8,9,9,0,0,1,1,2,2,3],"triangles":[0,7,8,0,8,9,12,5,6,11,12,7,10,11,7,0,10,7,12,6,7,1,10,0,1,11,10,11,5,12,2,11,1,2,5,11,2,4,5,3,4,2],"type":"mesh","transform":{},"slotPose":[1,0,0,1,0,0],"userEdges":[],"width":107,"bonePose":[15,-0.9454617388361848,0.32573317362046195,-0.32573317362046195,-0.9454617388361848,-67.11,-85.68,22,-0.6059884002657112,0.7954734808548958,-0.7954734808548958,-0.6059884002657112,-100.71560228561472,-74.17613999471973,25,-0.9987016360714308,0.05094155580906057,-0.05094155580906057,-0.9987016360714308,-122.58157681088844,-45.75347899930834],"height":66,"name":"Tail","weights":[2,15,0.94941,22,0.05058,3,15,0.1399,22,0.85288,25,0.00721,2,22,0.1078,25,0.89219,1,25,1,1,25,1,2,22,0.03723,25,0.96275,2,22,0.93232,25,0.06767,2,15,0.56496,22,0.43503,1,15,1,1,15,1,2,15,0.5,22,0.5,2,22,0.5,25,0.5,2,22,0.89091,25,0.10908]}],"name":"Tail"},{"display":[{"path":"Leg_R","type":"image","name":"Leg_R","transform":{"y":1.31,"skX":-68.18,"skY":-68.18,"x":9.15}}],"name":"Leg_R"},{"display":[{"path":"buff_flo","type":"image","name":"buff_flo","transform":{"y":-0.58,"x":1.74}}],"name":"buff_flo"},{"display":[{"path":"Foot_L","type":"image","name":"Foot_L","transform":{"y":-4.06,"skX":-61.32,"skY":-61.32,"x":6.16}}],"name":"Foot_L"},{"display":[{"path":"Thigh_R","type":"image","name":"Thigh_R","transform":{"y":-3.85,"skX":-110.97,"skY":-110.97,"x":18.74}}],"name":"Thigh_R"},{"display":[{"path":"Head","type":"image","name":"Head","transform":{"y":-0.11,"skX":-34.76,"skY":-34.76,"x":10.84}}],"name":"Head"}],"name":""}],"defaultActions":[{"gotoAndPlay":"0000_daiji"}],"aabb":{"width":274.926711757454,"y":-146.66,"height":154.07999999999998,"x":-167.36419049},"slot":[{"name":"Tail","parent":"Tail","color":{}},{"z":1,"name":"Thigh_L","parent":"Thigh_L","color":{}},{"z":2,"name":"Foot_L","parent":"Foot_L","color":{}},{"z":3,"name":"Leg_L","parent":"Leg_L","color":{}},{"z":4,"name":"UpArm_L","parent":"UpArm_L","color":{}},{"z":5,"name":"Hand_L","parent":"Hand_L","color":{}},{"z":6,"name":"Arm_L","parent":"Arm_L","color":{}},{"z":7,"name":"Body","parent":"Body","color":{}},{"z":8,"name":"Neck","parent":"Neck","color":{}},{"z":9,"name":"Thigh_R","parent":"Thigh_R","color":{}},{"z":10,"name":"Foot_R","parent":"Foot_R","color":{}},{"z":11,"name":"Leg_R","parent":"Leg_R","color":{}},{"z":12,"name":"UpArm_R","parent":"UpArm_R","color":{}},{"z":13,"name":"Hand_R","parent":"Hand_R","color":{}},{"z":14,"name":"Arm_R","parent":"Arm_R","color":{}},{"z":15,"name":"Ear_R","parent":"Ear_R","color":{}},{"z":16,"name":"Ear_L","parent":"Ear_L","color":{}},{"z":17,"name":"Head","parent":"Head","color":{}},{"z":18,"name":"Eye","parent":"Head","color":{}},{"z":19,"name":"buff_flo","parent":"buff_flo","color":{"aM":0}},{"z":20,"name":"buff_mid","parent":"buff_mid","color":{"aM":0}},{"z":21,"name":"buff_up","parent":"buff_up","color":{"aM":0}}],"name":"armatureName","ik":[{"chain":1,"bone":"Leg_R","name":"leg_r","bendPositive":"false","target":"leg_r"},{"chain":1,"bone":"Leg_L","name":"leg_l","bendPositive":"false","target":"leg_l"},{"bone":"Foot_R","name":"foot_r","bendPositive":"false","target":"foot_r"},{"bone":"Foot_L","name":"foot_l","bendPositive":"false","target":"foot_l"},{"chain":1,"bone":"Arm_R","name":"arm_r","bendPositive":"false","target":"arm_r"},{"chain":1,"bone":"Arm_L","name":"arm_l","bendPositive":"false","target":"arm_l"},{"bone":"Hand_L","name":"hand_l","bendPositive":"false","target":"hand_l"},{"bone":"Hand_R","name":"hand_r","bendPositive":"false","target":"hand_r"}]}],"name":"cw_002_huxiong_zj","version":"4.0"}