{"frameRate":60,"isGlobal":0,"armature":[{"bone":[{"name":"root","transform":{}},{"inheritScale":false,"transform":{},"name":"005_guangdian1","parent":"root"},{"inheritScale":false,"transform":{},"name":"002_beijing3","parent":"root"},{"inheritScale":false,"transform":{},"name":"000_beijing1","parent":"root"},{"inheritScale":false,"transform":{},"name":"004_saomiao1","parent":"root"},{"inheritScale":false,"transform":{},"name":"013_faguang1","parent":"root"},{"inheritScale":false,"transform":{},"name":"014_faguang2","parent":"root"},{"inheritScale":false,"transform":{},"name":"015_faguang3","parent":"root"},{"inheritScale":false,"transform":{},"name":"016_faguang4","parent":"root"},{"inheritScale":false,"transform":{},"name":"017_faguang5","parent":"root"},{"inheritScale":false,"transform":{},"name":"001_beijing2","parent":"root"},{"inheritScale":false,"transform":{},"name":"006_guangdian2","parent":"root"},{"inheritScale":false,"transform":{},"name":"007_guangdian3","parent":"root"},{"inheritScale":false,"transform":{},"name":"014_dafaguang2","parent":"root"},{"inheritScale":false,"transform":{},"name":"013_dafaguang1","parent":"root"},{"inheritScale":false,"transform":{},"name":"009_suoding2","parent":"014_faguang2"},{"inheritScale":false,"transform":{},"name":"010_suoding3","parent":"015_faguang3"},{"inheritScale":false,"transform":{},"name":"012_suoding5","parent":"017_faguang5"},{"inheritScale":false,"transform":{},"name":"008_suoding1","parent":"013_faguang1"},{"inheritScale":false,"transform":{},"name":"011_suoding4","parent":"016_faguang4"}],"type":"Armature","frameRate":60,"animation":[{"bone":[{"frame":[{"tweenEasing":0,"transform":{},"duration":59},{"tweenEasing":0,"transform":{},"duration":1},{"tweenEasing":0,"transform":{},"duration":3},{"tweenEasing":0,"transform":{"scY":1.6,"scX":1.6},"duration":42},{"transform":{"scY":1.8,"scX":1.8},"duration":0}],"name":"014_dafaguang2"},{"frame":[{"tweenEasing":0,"transform":{},"duration":54},{"tweenEasing":0,"transform":{},"duration":1},{"tweenEasing":0,"transform":{"scY":1.5,"scX":1.5},"duration":5},{"tweenEasing":0,"transform":{"scY":0.95,"scX":0.95},"duration":10},{"tweenEasing":0,"transform":{},"duration":35},{"transform":{},"duration":0}],"name":"013_dafaguang1"},{"frame":[{"tweenEasing":0,"transform":{"scY":1.5,"skX":360,"skY":360,"scX":1.5},"duration":60},{"tweenEasing":0,"transform":{},"duration":30},{"tweenEasing":0,"transform":{"skX":-360,"skY":-360},"duration":1},{"transform":{"skX":-360,"skY":-360},"duration":14}],"name":"012_suoding5"},{"frame":[{"tweenEasing":0,"transform":{"scY":1.5,"skX":360,"skY":360,"scX":1.5},"duration":60},{"tweenEasing":0,"transform":{},"duration":30},{"tweenEasing":0,"transform":{"skX":-360,"skY":-360},"duration":1},{"transform":{"skX":-360,"skY":-360},"duration":14}],"name":"011_suoding4"},{"frame":[{"tweenEasing":0,"transform":{"scY":1.5,"skX":360,"skY":360,"scX":1.5},"duration":60},{"tweenEasing":0,"transform":{},"duration":30},{"tweenEasing":0,"transform":{"skX":-360,"skY":-360},"duration":1},{"transform":{"skX":-360,"skY":-360},"duration":14}],"name":"009_suoding2"},{"frame":[{"tweenEasing":0,"transform":{"y":102,"x":153},"duration":15},{"tweenEasing":0,"transform":{"y":102,"x":153},"duration":15},{"tweenEasing":0,"transform":{"y":102,"x":153},"duration":15},{"tweenEasing":0,"transform":{"y":102,"x":153},"duration":15},{"tweenEasing":0,"transform":{},"duration":30},{"tweenEasing":0,"transform":{},"duration":1},{"transform":{},"duration":14}],"name":"017_faguang5"},{"frame":[{"tweenEasing":0,"transform":{"y":97,"x":-153},"duration":15},{"tweenEasing":0,"transform":{"y":97,"x":-153},"duration":15},{"tweenEasing":0,"transform":{"y":97,"x":-153},"duration":15},{"tweenEasing":0,"transform":{"y":97,"x":-153},"duration":15},{"tweenEasing":0,"transform":{},"duration":30},{"tweenEasing":0,"transform":{},"duration":1},{"transform":{},"duration":14}],"name":"016_faguang4"},{"frame":[{"tweenEasing":0,"transform":{"y":-175,"x":1},"duration":15},{"tweenEasing":0,"transform":{"y":-175,"x":1},"duration":15},{"tweenEasing":0,"transform":{"y":-175,"x":1},"duration":15},{"tweenEasing":0,"transform":{"y":-175,"x":1},"duration":15},{"tweenEasing":0,"transform":{},"duration":30},{"tweenEasing":0,"transform":{},"duration":1},{"transform":{},"duration":14}],"name":"014_faguang2"},{"frame":[{"transform":{},"duration":105}],"name":"root"},{"frame":[{"transform":{},"duration":105}],"name":"005_guangdian1"},{"frame":[{"transform":{},"duration":105}],"name":"002_beijing3"},{"frame":[{"transform":{},"duration":105}],"name":"000_beijing1"},{"frame":[{"transform":{},"duration":105}],"name":"004_saomiao1"},{"frame":[{"transform":{},"duration":105}],"name":"013_faguang1"},{"frame":[{"transform":{},"duration":105}],"name":"015_faguang3"},{"frame":[{"transform":{},"duration":105}],"name":"001_beijing2"},{"frame":[{"transform":{},"duration":105}],"name":"006_guangdian2"},{"frame":[{"transform":{},"duration":105}],"name":"007_guangdian3"},{"frame":[{"transform":{},"duration":105}],"name":"010_suoding3"},{"frame":[{"transform":{},"duration":105}],"name":"008_suoding1"}],"slot":[{"frame":[{"displayIndex":-1,"tweenEasing":0,"duration":59},{"displayIndex":-1,"tweenEasing":0,"duration":1},{"displayIndex":1,"tweenEasing":0,"color":{"aM":0},"duration":3},{"displayIndex":1,"tweenEasing":0,"duration":42},{"displayIndex":1,"tweenEasing":null,"color":{"aM":0},"duration":0}],"name":"014_dafaguang2"},{"frame":[{"displayIndex":-1,"tweenEasing":0,"duration":54},{"displayIndex":-1,"tweenEasing":0,"duration":1},{"tweenEasing":0,"color":{"aM":0},"duration":5},{"tweenEasing":0,"duration":10},{"tweenEasing":0,"duration":35},{"tweenEasing":null,"color":{"aM":0},"duration":0}],"name":"013_dafaguang1"},{"frame":[{"tweenEasing":0,"color":{"aM":0},"duration":60},{"tweenEasing":0,"duration":30},{"tweenEasing":0,"color":{"aM":0},"duration":1},{"displayIndex":-1,"tweenEasing":null,"color":{"aM":0},"duration":14}],"name":"012_suoding5"},{"frame":[{"tweenEasing":0,"color":{"aM":0},"duration":60},{"tweenEasing":0,"duration":30},{"tweenEasing":0,"color":{"aM":0},"duration":1},{"displayIndex":-1,"tweenEasing":null,"color":{"aM":0},"duration":14}],"name":"011_suoding4"},{"frame":[{"tweenEasing":0,"color":{"aM":0},"duration":60},{"tweenEasing":0,"duration":30},{"tweenEasing":0,"color":{"aM":0},"duration":1},{"displayIndex":-1,"tweenEasing":null,"color":{"aM":0},"duration":14}],"name":"009_suoding2"},{"frame":[{"displayIndex":-1,"tweenEasing":0,"color":{"aM":0},"duration":15},{"displayIndex":-1,"tweenEasing":0,"duration":15},{"displayIndex":-1,"tweenEasing":0,"color":{"aM":57},"duration":15},{"displayIndex":-1,"tweenEasing":0,"duration":15},{"displayIndex":-1,"tweenEasing":0,"duration":30},{"displayIndex":-1,"tweenEasing":0,"color":{"aM":0},"duration":1},{"displayIndex":-1,"tweenEasing":null,"color":{"aM":0},"duration":14}],"name":"017_faguang5"},{"frame":[{"displayIndex":-1,"tweenEasing":0,"color":{"aM":0},"duration":15},{"displayIndex":-1,"tweenEasing":0,"duration":15},{"displayIndex":-1,"tweenEasing":0,"color":{"aM":57},"duration":15},{"displayIndex":-1,"tweenEasing":0,"duration":15},{"displayIndex":-1,"tweenEasing":0,"duration":30},{"displayIndex":-1,"tweenEasing":0,"color":{"aM":0},"duration":1},{"displayIndex":-1,"tweenEasing":null,"color":{"aM":0},"duration":14}],"name":"016_faguang4"},{"frame":[{"displayIndex":-1,"tweenEasing":0,"color":{"aM":0},"duration":15},{"displayIndex":-1,"tweenEasing":0,"duration":15},{"displayIndex":-1,"tweenEasing":0,"color":{"aM":57},"duration":15},{"displayIndex":-1,"tweenEasing":0,"duration":15},{"displayIndex":-1,"tweenEasing":0,"duration":30},{"displayIndex":-1,"tweenEasing":0,"color":{"aM":0},"duration":1},{"displayIndex":-1,"tweenEasing":null,"color":{"aM":0},"duration":14}],"name":"014_faguang2"},{"frame":[{"displayIndex":-1,"tweenEasing":null,"duration":105}],"name":"001_beijing2"},{"frame":[{"displayIndex":-1,"tweenEasing":null,"duration":105}],"name":"002_beijing3"},{"frame":[{"displayIndex":-1,"tweenEasing":null,"duration":105}],"name":"000_beijing1"},{"frame":[{"displayIndex":-1,"tweenEasing":null,"duration":105}],"name":"004_saomiao1"},{"frame":[{"displayIndex":-1,"tweenEasing":null,"duration":105}],"name":"013_faguang1"},{"frame":[{"displayIndex":-1,"tweenEasing":null,"duration":105}],"name":"015_faguang3"},{"frame":[{"displayIndex":-1,"tweenEasing":null,"duration":105}],"name":"005_guangdian1"},{"frame":[{"displayIndex":-1,"tweenEasing":null,"duration":105}],"name":"006_guangdian2"},{"frame":[{"displayIndex":-1,"tweenEasing":null,"duration":105}],"name":"007_guangdian3"},{"frame":[{"displayIndex":-1,"tweenEasing":null,"duration":105}],"name":"008_suoding1"},{"frame":[{"displayIndex":-1,"tweenEasing":null,"duration":105}],"name":"010_suoding3"}],"ffd":[],"ik":[],"frame":[],"name":"000_duihua00","duration":105},{"bone":[{"frame":[{"tweenEasing":0,"transform":{"y":102,"x":153},"duration":15},{"tweenEasing":0,"transform":{"y":102,"x":153},"duration":15},{"tweenEasing":0,"transform":{"y":102,"x":153},"duration":15},{"tweenEasing":0,"transform":{"y":102,"x":153},"duration":15},{"tweenEasing":0,"transform":{},"duration":30},{"tweenEasing":0,"transform":{},"duration":1},{"transform":{},"duration":14}],"name":"017_faguang5"},{"frame":[{"tweenEasing":0,"transform":{"y":97,"x":-153},"duration":15},{"tweenEasing":0,"transform":{"y":97,"x":-153},"duration":15},{"tweenEasing":0,"transform":{"y":97,"x":-153},"duration":15},{"tweenEasing":0,"transform":{"y":97,"x":-153},"duration":15},{"tweenEasing":0,"transform":{},"duration":30},{"tweenEasing":0,"transform":{},"duration":1},{"transform":{},"duration":14}],"name":"016_faguang4"},{"frame":[{"tweenEasing":0,"transform":{"y":-175,"x":1},"duration":15},{"tweenEasing":0,"transform":{"y":-175,"x":1},"duration":15},{"tweenEasing":0,"transform":{"y":-175,"x":1},"duration":15},{"tweenEasing":0,"transform":{"y":-175,"x":1},"duration":15},{"tweenEasing":0,"transform":{},"duration":30},{"tweenEasing":0,"transform":{},"duration":1},{"transform":{},"duration":14}],"name":"014_faguang2"},{"frame":[{"tweenEasing":0,"transform":{"scY":1.5,"scX":1.5},"duration":15},{"tweenEasing":0,"transform":{"scY":1.5,"skX":-120,"skY":-120,"scX":1.5},"duration":30},{"tweenEasing":0,"transform":{"scY":1.5,"skX":-360,"skY":-360,"scX":1.5},"duration":25},{"tweenEasing":0,"transform":{"scY":1.5,"skX":-480.0001,"skY":-480.0001,"scX":1.5},"duration":1},{"transform":{"scY":1.5,"skX":-480.0001,"skY":-480.0001,"scX":1.5},"duration":34}],"name":"004_saomiao1"},{"frame":[{"tweenEasing":0,"transform":{"y":4,"x":-8},"duration":40},{"tweenEasing":0,"transform":{"y":-10.5,"x":5.5},"duration":40},{"tweenEasing":0,"transform":{"y":-34.6667,"x":28},"duration":25},{"transform":{"y":-54,"x":46},"duration":0}],"name":"000_beijing1"},{"frame":[{"tweenEasing":0,"transform":{"y":-14,"scX":-1,"x":-9},"duration":40},{"tweenEasing":0,"transform":{"y":-2.25,"scX":-1,"x":2.75},"duration":40},{"tweenEasing":0,"transform":{"y":17.3333,"scX":-1,"x":22.3333},"duration":25},{"transform":{"y":33,"scX":-1,"x":38},"duration":0}],"name":"002_beijing3"},{"frame":[{"tweenEasing":0,"transform":{"scY":-1,"y":-1,"x":17},"duration":40},{"tweenEasing":0,"transform":{"scY":-1,"y":-3,"x":3},"duration":40},{"tweenEasing":0,"transform":{"scY":-1,"y":-6.3333,"x":-20.3333},"duration":25},{"transform":{"scY":-1,"y":-9,"x":-39},"duration":0}],"name":"001_beijing2"},{"frame":[{"transform":{},"duration":105}],"name":"root"},{"frame":[{"transform":{},"duration":105}],"name":"005_guangdian1"},{"frame":[{"transform":{},"duration":105}],"name":"013_faguang1"},{"frame":[{"transform":{},"duration":105}],"name":"015_faguang3"},{"frame":[{"transform":{},"duration":105}],"name":"006_guangdian2"},{"frame":[{"transform":{},"duration":105}],"name":"007_guangdian3"},{"frame":[{"transform":{},"duration":105}],"name":"014_dafaguang2"},{"frame":[{"transform":{},"duration":105}],"name":"013_dafaguang1"},{"frame":[{"transform":{},"duration":105}],"name":"012_suoding5"},{"frame":[{"transform":{},"duration":105}],"name":"010_suoding3"},{"frame":[{"transform":{},"duration":105}],"name":"009_suoding2"},{"frame":[{"transform":{},"duration":105}],"name":"008_suoding1"},{"frame":[{"transform":{},"duration":105}],"name":"011_suoding4"}],"slot":[{"frame":[{"tweenEasing":0,"color":{"aM":0},"duration":15},{"tweenEasing":0,"duration":15},{"tweenEasing":0,"color":{"aM":57},"duration":15},{"tweenEasing":0,"duration":15},{"tweenEasing":0,"duration":30},{"tweenEasing":0,"color":{"aM":0},"duration":1},{"displayIndex":-1,"tweenEasing":null,"color":{"aM":0},"duration":14}],"name":"017_faguang5"},{"frame":[{"tweenEasing":0,"color":{"aM":0},"duration":15},{"tweenEasing":0,"duration":15},{"tweenEasing":0,"color":{"aM":57},"duration":15},{"tweenEasing":0,"duration":15},{"tweenEasing":0,"duration":30},{"tweenEasing":0,"color":{"aM":0},"duration":1},{"displayIndex":-1,"tweenEasing":null,"color":{"aM":0},"duration":14}],"name":"016_faguang4"},{"frame":[{"tweenEasing":0,"color":{"aM":0},"duration":15},{"tweenEasing":0,"duration":15},{"tweenEasing":0,"color":{"aM":57},"duration":15},{"tweenEasing":0,"duration":15},{"tweenEasing":0,"duration":30},{"tweenEasing":0,"color":{"aM":0},"duration":1},{"displayIndex":-1,"tweenEasing":null,"color":{"aM":0},"duration":14}],"name":"014_faguang2"},{"frame":[{"tweenEasing":0,"color":{"aM":0},"duration":15},{"tweenEasing":0,"duration":30},{"tweenEasing":0,"duration":25},{"tweenEasing":0,"color":{"aM":0},"duration":1},{"displayIndex":-1,"tweenEasing":null,"color":{"aM":0},"duration":34}],"name":"004_saomiao1"},{"frame":[{"tweenEasing":0,"color":{"aM":0},"duration":40},{"tweenEasing":0,"color":{"aM":19},"duration":40},{"tweenEasing":0,"color":{"aM":19},"duration":25},{"tweenEasing":null,"color":{"aM":0},"duration":0}],"name":"000_beijing1"},{"frame":[{"tweenEasing":0,"color":{"aM":0},"duration":40},{"tweenEasing":0,"color":{"aM":57},"duration":40},{"tweenEasing":0,"color":{"aM":19},"duration":25},{"tweenEasing":null,"color":{"aM":0},"duration":0}],"name":"002_beijing3"},{"frame":[{"tweenEasing":0,"color":{"aM":0},"duration":40},{"tweenEasing":0,"color":{"aM":19},"duration":40},{"tweenEasing":0,"color":{"aM":57},"duration":25},{"tweenEasing":null,"color":{"aM":0},"duration":0}],"name":"001_beijing2"},{"frame":[{"displayIndex":-1,"tweenEasing":null,"duration":105}],"name":"013_faguang1"},{"frame":[{"displayIndex":-1,"tweenEasing":null,"duration":105}],"name":"015_faguang3"},{"frame":[{"displayIndex":-1,"tweenEasing":null,"duration":105}],"name":"005_guangdian1"},{"frame":[{"displayIndex":-1,"tweenEasing":null,"duration":105}],"name":"006_guangdian2"},{"frame":[{"displayIndex":-1,"tweenEasing":null,"duration":105}],"name":"007_guangdian3"},{"frame":[{"displayIndex":-1,"tweenEasing":null,"duration":105}],"name":"008_suoding1"},{"frame":[{"displayIndex":-1,"tweenEasing":null,"duration":105}],"name":"009_suoding2"},{"frame":[{"displayIndex":-1,"tweenEasing":null,"duration":105}],"name":"010_suoding3"},{"frame":[{"displayIndex":-1,"tweenEasing":null,"duration":105}],"name":"011_suoding4"},{"frame":[{"displayIndex":-1,"tweenEasing":null,"duration":105}],"name":"012_suoding5"},{"frame":[{"displayIndex":-1,"tweenEasing":null,"duration":105}],"name":"013_dafaguang1"},{"frame":[{"displayIndex":-1,"tweenEasing":null,"duration":105}],"name":"014_dafaguang2"}],"ffd":[],"ik":[],"frame":[],"name":"001_duihua_di_00","duration":105},{"bone":[{"frame":[{"tweenEasing":0,"transform":{},"duration":59},{"tweenEasing":0,"transform":{},"duration":1},{"tweenEasing":0,"transform":{},"duration":3},{"tweenEasing":0,"transform":{"scY":1.6,"scX":1.6},"duration":42},{"transform":{"scY":1.8,"scX":1.8},"duration":0}],"name":"014_dafaguang2"},{"frame":[{"tweenEasing":0,"transform":{},"duration":54},{"tweenEasing":0,"transform":{},"duration":1},{"tweenEasing":0,"transform":{"scY":1.5,"scX":1.5},"duration":5},{"tweenEasing":0,"transform":{"scY":0.95,"scX":0.95},"duration":10},{"tweenEasing":0,"transform":{},"duration":35},{"transform":{},"duration":0}],"name":"013_dafaguang1"},{"frame":[{"tweenEasing":0,"transform":{"scY":1.5,"skX":360,"skY":360,"scX":1.5},"duration":60},{"tweenEasing":0,"transform":{},"duration":30},{"tweenEasing":0,"transform":{"skX":-360,"skY":-360},"duration":1},{"transform":{"skX":-360,"skY":-360},"duration":14}],"name":"012_suoding5"},{"frame":[{"tweenEasing":0,"transform":{"scY":1.5,"skX":360,"skY":360,"scX":1.5},"duration":60},{"tweenEasing":0,"transform":{},"duration":30},{"tweenEasing":0,"transform":{"skX":-360,"skY":-360},"duration":1},{"transform":{"skX":-360,"skY":-360},"duration":14}],"name":"011_suoding4"},{"frame":[{"tweenEasing":0,"transform":{"scY":1.5,"skX":360,"skY":360,"scX":1.5},"duration":60},{"tweenEasing":0,"transform":{},"duration":30},{"tweenEasing":0,"transform":{"skX":-360,"skY":-360},"duration":1},{"transform":{"skX":-360,"skY":-360},"duration":14}],"name":"010_suoding3"},{"frame":[{"tweenEasing":0,"transform":{"scY":1.5,"skX":360,"skY":360,"scX":1.5},"duration":60},{"tweenEasing":0,"transform":{},"duration":30},{"tweenEasing":0,"transform":{"skX":-360,"skY":-360},"duration":1},{"transform":{"skX":-360,"skY":-360},"duration":14}],"name":"008_suoding1"},{"frame":[{"tweenEasing":0,"transform":{"y":101,"x":152},"duration":15},{"tweenEasing":0,"transform":{"y":101,"x":152},"duration":15},{"tweenEasing":0,"transform":{"y":101,"x":152},"duration":15},{"tweenEasing":0,"transform":{"y":101,"x":152},"duration":15},{"tweenEasing":0,"transform":{},"duration":30},{"tweenEasing":0,"transform":{},"duration":1},{"transform":{},"duration":14}],"name":"017_faguang5"},{"frame":[{"tweenEasing":0,"transform":{"y":97,"x":-153},"duration":15},{"tweenEasing":0,"transform":{"y":97,"x":-153},"duration":15},{"tweenEasing":0,"transform":{"y":97,"x":-153},"duration":15},{"tweenEasing":0,"transform":{"y":97,"x":-153},"duration":15},{"tweenEasing":0,"transform":{},"duration":30},{"tweenEasing":0,"transform":{},"duration":1},{"transform":{},"duration":14}],"name":"016_faguang4"},{"frame":[{"tweenEasing":0,"transform":{"y":-93,"x":-153},"duration":15},{"tweenEasing":0,"transform":{"y":-93,"x":-153},"duration":15},{"tweenEasing":0,"transform":{"y":-93,"x":-153},"duration":15},{"tweenEasing":0,"transform":{"y":-93,"x":-153},"duration":15},{"tweenEasing":0,"transform":{},"duration":30},{"tweenEasing":0,"transform":{},"duration":1},{"transform":{},"duration":14}],"name":"015_faguang3"},{"frame":[{"tweenEasing":0,"transform":{"y":-88,"x":153},"duration":15},{"tweenEasing":0,"transform":{"y":-88,"x":153},"duration":15},{"tweenEasing":0,"transform":{"y":-88,"x":153},"duration":15},{"tweenEasing":0,"transform":{"y":-88,"x":153},"duration":15},{"tweenEasing":0,"transform":{},"duration":30},{"tweenEasing":0,"transform":{},"duration":1},{"transform":{},"duration":14}],"name":"013_faguang1"},{"frame":[{"transform":{},"duration":105}],"name":"root"},{"frame":[{"transform":{},"duration":105}],"name":"005_guangdian1"},{"frame":[{"transform":{},"duration":105}],"name":"002_beijing3"},{"frame":[{"transform":{},"duration":105}],"name":"000_beijing1"},{"frame":[{"transform":{},"duration":105}],"name":"004_saomiao1"},{"frame":[{"transform":{},"duration":105}],"name":"014_faguang2"},{"frame":[{"transform":{},"duration":105}],"name":"001_beijing2"},{"frame":[{"transform":{},"duration":105}],"name":"006_guangdian2"},{"frame":[{"transform":{},"duration":105}],"name":"007_guangdian3"},{"frame":[{"transform":{},"duration":105}],"name":"009_suoding2"}],"slot":[{"frame":[{"displayIndex":-1,"tweenEasing":0,"duration":59},{"displayIndex":-1,"tweenEasing":0,"duration":1},{"displayIndex":1,"tweenEasing":0,"color":{"aM":0},"duration":3},{"displayIndex":1,"tweenEasing":0,"duration":42},{"displayIndex":1,"tweenEasing":null,"color":{"aM":0},"duration":0}],"name":"014_dafaguang2"},{"frame":[{"displayIndex":-1,"tweenEasing":0,"duration":54},{"displayIndex":-1,"tweenEasing":0,"duration":1},{"tweenEasing":0,"color":{"aM":0},"duration":5},{"tweenEasing":0,"duration":10},{"tweenEasing":0,"duration":35},{"tweenEasing":null,"color":{"aM":0},"duration":0}],"name":"013_dafaguang1"},{"frame":[{"tweenEasing":0,"color":{"aM":0},"duration":60},{"tweenEasing":0,"duration":30},{"tweenEasing":0,"color":{"aM":0},"duration":1},{"displayIndex":-1,"tweenEasing":null,"color":{"aM":0},"duration":14}],"name":"012_suoding5"},{"frame":[{"tweenEasing":0,"color":{"aM":0},"duration":60},{"tweenEasing":0,"duration":30},{"tweenEasing":0,"color":{"aM":0},"duration":1},{"displayIndex":-1,"tweenEasing":null,"color":{"aM":0},"duration":14}],"name":"011_suoding4"},{"frame":[{"tweenEasing":0,"color":{"aM":0},"duration":60},{"tweenEasing":0,"duration":30},{"tweenEasing":0,"color":{"aM":0},"duration":1},{"displayIndex":-1,"tweenEasing":null,"color":{"aM":0},"duration":14}],"name":"010_suoding3"},{"frame":[{"tweenEasing":0,"color":{"aM":0},"duration":60},{"tweenEasing":0,"duration":30},{"tweenEasing":0,"color":{"aM":0},"duration":1},{"displayIndex":-1,"tweenEasing":null,"color":{"aM":0},"duration":14}],"name":"008_suoding1"},{"frame":[{"displayIndex":-1,"tweenEasing":0,"color":{"aM":0},"duration":15},{"displayIndex":-1,"tweenEasing":0,"duration":15},{"displayIndex":-1,"tweenEasing":0,"color":{"aM":57},"duration":15},{"displayIndex":-1,"tweenEasing":0,"duration":15},{"displayIndex":-1,"tweenEasing":0,"duration":30},{"displayIndex":-1,"tweenEasing":0,"color":{"aM":0},"duration":1},{"displayIndex":-1,"tweenEasing":null,"color":{"aM":0},"duration":14}],"name":"017_faguang5"},{"frame":[{"displayIndex":-1,"tweenEasing":0,"color":{"aM":0},"duration":15},{"displayIndex":-1,"tweenEasing":0,"duration":15},{"displayIndex":-1,"tweenEasing":0,"color":{"aM":57},"duration":15},{"displayIndex":-1,"tweenEasing":0,"duration":15},{"displayIndex":-1,"tweenEasing":0,"duration":30},{"displayIndex":-1,"tweenEasing":0,"color":{"aM":0},"duration":1},{"displayIndex":-1,"tweenEasing":null,"color":{"aM":0},"duration":14}],"name":"016_faguang4"},{"frame":[{"displayIndex":-1,"tweenEasing":0,"color":{"aM":0},"duration":15},{"displayIndex":-1,"tweenEasing":0,"duration":15},{"displayIndex":-1,"tweenEasing":0,"color":{"aM":57},"duration":15},{"displayIndex":-1,"tweenEasing":0,"duration":15},{"displayIndex":-1,"tweenEasing":0,"duration":30},{"displayIndex":-1,"tweenEasing":0,"color":{"aM":0},"duration":1},{"displayIndex":-1,"tweenEasing":null,"color":{"aM":0},"duration":14}],"name":"015_faguang3"},{"frame":[{"displayIndex":-1,"tweenEasing":0,"color":{"aM":0},"duration":15},{"displayIndex":-1,"tweenEasing":0,"duration":15},{"displayIndex":-1,"tweenEasing":0,"color":{"aM":57},"duration":15},{"displayIndex":-1,"tweenEasing":0,"duration":15},{"displayIndex":-1,"tweenEasing":0,"duration":30},{"displayIndex":-1,"tweenEasing":0,"color":{"aM":0},"duration":1},{"displayIndex":-1,"tweenEasing":null,"color":{"aM":0},"duration":14}],"name":"013_faguang1"},{"frame":[{"displayIndex":-1,"tweenEasing":null,"duration":105}],"name":"001_beijing2"},{"frame":[{"displayIndex":-1,"tweenEasing":null,"duration":105}],"name":"002_beijing3"},{"frame":[{"displayIndex":-1,"tweenEasing":null,"duration":105}],"name":"000_beijing1"},{"frame":[{"displayIndex":-1,"tweenEasing":null,"duration":105}],"name":"004_saomiao1"},{"frame":[{"displayIndex":-1,"tweenEasing":null,"duration":105}],"name":"014_faguang2"},{"frame":[{"displayIndex":-1,"tweenEasing":null,"duration":105}],"name":"005_guangdian1"},{"frame":[{"displayIndex":-1,"tweenEasing":null,"duration":105}],"name":"006_guangdian2"},{"frame":[{"displayIndex":-1,"tweenEasing":null,"duration":105}],"name":"007_guangdian3"},{"frame":[{"displayIndex":-1,"tweenEasing":null,"duration":105}],"name":"009_suoding2"}],"ffd":[],"ik":[],"frame":[],"name":"002_duihua01","duration":105},{"bone":[{"frame":[{"tweenEasing":0,"transform":{"y":101,"x":152},"duration":15},{"tweenEasing":0,"transform":{"y":101,"x":152},"duration":15},{"tweenEasing":0,"transform":{"y":101,"x":152},"duration":15},{"tweenEasing":0,"transform":{"y":101,"x":152},"duration":15},{"tweenEasing":0,"transform":{},"duration":30},{"tweenEasing":0,"transform":{},"duration":1},{"transform":{},"duration":14}],"name":"017_faguang5"},{"frame":[{"tweenEasing":0,"transform":{"y":97,"x":-153},"duration":15},{"tweenEasing":0,"transform":{"y":97,"x":-153},"duration":15},{"tweenEasing":0,"transform":{"y":97,"x":-153},"duration":15},{"tweenEasing":0,"transform":{"y":97,"x":-153},"duration":15},{"tweenEasing":0,"transform":{},"duration":30},{"tweenEasing":0,"transform":{},"duration":1},{"transform":{},"duration":14}],"name":"016_faguang4"},{"frame":[{"tweenEasing":0,"transform":{"y":-93,"x":-153},"duration":15},{"tweenEasing":0,"transform":{"y":-93,"x":-153},"duration":15},{"tweenEasing":0,"transform":{"y":-93,"x":-153},"duration":15},{"tweenEasing":0,"transform":{"y":-93,"x":-153},"duration":15},{"tweenEasing":0,"transform":{},"duration":30},{"tweenEasing":0,"transform":{},"duration":1},{"transform":{},"duration":14}],"name":"015_faguang3"},{"frame":[{"tweenEasing":0,"transform":{"y":-88,"x":153},"duration":15},{"tweenEasing":0,"transform":{"y":-88,"x":153},"duration":15},{"tweenEasing":0,"transform":{"y":-88,"x":153},"duration":15},{"tweenEasing":0,"transform":{"y":-88,"x":153},"duration":15},{"tweenEasing":0,"transform":{},"duration":30},{"tweenEasing":0,"transform":{},"duration":1},{"transform":{},"duration":14}],"name":"013_faguang1"},{"frame":[{"tweenEasing":0,"transform":{"scY":1.5,"scX":1.5},"duration":15},{"tweenEasing":0,"transform":{"scY":1.5,"skX":-120,"skY":-120,"scX":1.5},"duration":30},{"tweenEasing":0,"transform":{"scY":1.5,"skX":-360,"skY":-360,"scX":1.5},"duration":25},{"tweenEasing":0,"transform":{"scY":1.5,"skX":-480.0001,"skY":-480.0001,"scX":1.5},"duration":1},{"transform":{"scY":1.5,"skX":-480.0001,"skY":-480.0001,"scX":1.5},"duration":34}],"name":"004_saomiao1"},{"frame":[{"tweenEasing":0,"transform":{"y":4,"x":-8},"duration":40},{"tweenEasing":0,"transform":{"y":-10.5,"x":5.5},"duration":40},{"tweenEasing":0,"transform":{"y":-34.6667,"x":28},"duration":25},{"transform":{"y":-54,"x":46},"duration":0}],"name":"000_beijing1"},{"frame":[{"tweenEasing":0,"transform":{"y":-14,"scX":-1,"x":-9},"duration":40},{"tweenEasing":0,"transform":{"y":-2.25,"scX":-1,"x":2.75},"duration":40},{"tweenEasing":0,"transform":{"y":17.3333,"scX":-1,"x":22.3333},"duration":25},{"transform":{"y":33,"scX":-1,"x":38},"duration":0}],"name":"002_beijing3"},{"frame":[{"tweenEasing":0,"transform":{"scY":-1,"y":-1,"x":17},"duration":40},{"tweenEasing":0,"transform":{"scY":-1,"y":-3,"x":3},"duration":40},{"tweenEasing":0,"transform":{"scY":-1,"y":-6.3333,"x":-20.3333},"duration":25},{"transform":{"scY":-1,"y":-9,"x":-39},"duration":0}],"name":"001_beijing2"},{"frame":[{"transform":{},"duration":105}],"name":"root"},{"frame":[{"transform":{},"duration":105}],"name":"005_guangdian1"},{"frame":[{"transform":{},"duration":105}],"name":"014_faguang2"},{"frame":[{"transform":{},"duration":105}],"name":"006_guangdian2"},{"frame":[{"transform":{},"duration":105}],"name":"007_guangdian3"},{"frame":[{"transform":{},"duration":105}],"name":"014_dafaguang2"},{"frame":[{"transform":{},"duration":105}],"name":"013_dafaguang1"},{"frame":[{"transform":{},"duration":105}],"name":"012_suoding5"},{"frame":[{"transform":{},"duration":105}],"name":"010_suoding3"},{"frame":[{"transform":{},"duration":105}],"name":"009_suoding2"},{"frame":[{"transform":{},"duration":105}],"name":"008_suoding1"},{"frame":[{"transform":{},"duration":105}],"name":"011_suoding4"}],"slot":[{"frame":[{"tweenEasing":0,"color":{"aM":0},"duration":15},{"tweenEasing":0,"duration":15},{"tweenEasing":0,"color":{"aM":57},"duration":15},{"tweenEasing":0,"duration":15},{"tweenEasing":0,"duration":30},{"tweenEasing":0,"color":{"aM":0},"duration":1},{"displayIndex":-1,"tweenEasing":null,"color":{"aM":0},"duration":14}],"name":"017_faguang5"},{"frame":[{"tweenEasing":0,"color":{"aM":0},"duration":15},{"tweenEasing":0,"duration":15},{"tweenEasing":0,"color":{"aM":57},"duration":15},{"tweenEasing":0,"duration":15},{"tweenEasing":0,"duration":30},{"tweenEasing":0,"color":{"aM":0},"duration":1},{"displayIndex":-1,"tweenEasing":null,"color":{"aM":0},"duration":14}],"name":"016_faguang4"},{"frame":[{"tweenEasing":0,"color":{"aM":0},"duration":15},{"tweenEasing":0,"duration":15},{"tweenEasing":0,"color":{"aM":57},"duration":15},{"tweenEasing":0,"duration":15},{"tweenEasing":0,"duration":30},{"tweenEasing":0,"color":{"aM":0},"duration":1},{"displayIndex":-1,"tweenEasing":null,"color":{"aM":0},"duration":14}],"name":"015_faguang3"},{"frame":[{"tweenEasing":0,"color":{"aM":0},"duration":15},{"tweenEasing":0,"duration":15},{"tweenEasing":0,"color":{"aM":57},"duration":15},{"tweenEasing":0,"duration":15},{"tweenEasing":0,"duration":30},{"tweenEasing":0,"color":{"aM":0},"duration":1},{"displayIndex":-1,"tweenEasing":null,"color":{"aM":0},"duration":14}],"name":"013_faguang1"},{"frame":[{"tweenEasing":0,"color":{"aM":0},"duration":15},{"tweenEasing":0,"duration":30},{"tweenEasing":0,"duration":25},{"tweenEasing":0,"color":{"aM":0},"duration":1},{"displayIndex":-1,"tweenEasing":null,"color":{"aM":0},"duration":34}],"name":"004_saomiao1"},{"frame":[{"tweenEasing":0,"color":{"aM":0},"duration":40},{"tweenEasing":0,"color":{"aM":19},"duration":40},{"tweenEasing":0,"color":{"aM":19},"duration":25},{"tweenEasing":null,"color":{"aM":0},"duration":0}],"name":"000_beijing1"},{"frame":[{"tweenEasing":0,"color":{"aM":0},"duration":40},{"tweenEasing":0,"color":{"aM":57},"duration":40},{"tweenEasing":0,"color":{"aM":19},"duration":25},{"tweenEasing":null,"color":{"aM":0},"duration":0}],"name":"002_beijing3"},{"frame":[{"tweenEasing":0,"color":{"aM":0},"duration":40},{"tweenEasing":0,"color":{"aM":19},"duration":40},{"tweenEasing":0,"color":{"aM":57},"duration":25},{"tweenEasing":null,"color":{"aM":0},"duration":0}],"name":"001_beijing2"},{"frame":[{"displayIndex":-1,"tweenEasing":null,"duration":105}],"name":"014_faguang2"},{"frame":[{"displayIndex":-1,"tweenEasing":null,"duration":105}],"name":"005_guangdian1"},{"frame":[{"displayIndex":-1,"tweenEasing":null,"duration":105}],"name":"006_guangdian2"},{"frame":[{"displayIndex":-1,"tweenEasing":null,"duration":105}],"name":"007_guangdian3"},{"frame":[{"displayIndex":-1,"tweenEasing":null,"duration":105}],"name":"008_suoding1"},{"frame":[{"displayIndex":-1,"tweenEasing":null,"duration":105}],"name":"009_suoding2"},{"frame":[{"displayIndex":-1,"tweenEasing":null,"duration":105}],"name":"010_suoding3"},{"frame":[{"displayIndex":-1,"tweenEasing":null,"duration":105}],"name":"011_suoding4"},{"frame":[{"displayIndex":-1,"tweenEasing":null,"duration":105}],"name":"012_suoding5"},{"frame":[{"displayIndex":-1,"tweenEasing":null,"duration":105}],"name":"013_dafaguang1"},{"frame":[{"displayIndex":-1,"tweenEasing":null,"duration":105}],"name":"014_dafaguang2"}],"ffd":[],"ik":[],"frame":[],"name":"003_duihua_di_01","duration":105},{"bone":[{"frame":[{"tweenEasing":0,"transform":{},"duration":59},{"tweenEasing":0,"transform":{},"duration":1},{"tweenEasing":0,"transform":{},"duration":3},{"tweenEasing":0,"transform":{"scY":1.6,"scX":1.6},"duration":42},{"transform":{"scY":1.8,"scX":1.8},"duration":0}],"name":"014_dafaguang2"},{"frame":[{"tweenEasing":0,"transform":{},"duration":54},{"tweenEasing":0,"transform":{},"duration":1},{"tweenEasing":0,"transform":{"scY":1.5,"scX":1.5},"duration":5},{"tweenEasing":0,"transform":{"scY":0.95,"scX":0.95},"duration":10},{"tweenEasing":0,"transform":{},"duration":35},{"transform":{},"duration":0}],"name":"013_dafaguang1"},{"frame":[{"tweenEasing":0,"transform":{"scY":1.5,"skX":360,"skY":360,"scX":1.5},"duration":60},{"tweenEasing":0,"transform":{},"duration":30},{"tweenEasing":0,"transform":{"skX":-360,"skY":-360},"duration":1},{"transform":{"skX":-360,"skY":-360},"duration":14}],"name":"012_suoding5"},{"frame":[{"tweenEasing":0,"transform":{"scY":1.5,"skX":360,"skY":360,"scX":1.5},"duration":60},{"tweenEasing":0,"transform":{},"duration":30},{"tweenEasing":0,"transform":{"skX":-360,"skY":-360},"duration":1},{"transform":{"skX":-360,"skY":-360},"duration":14}],"name":"011_suoding4"},{"frame":[{"tweenEasing":0,"transform":{"scY":1.5,"skX":360,"skY":360,"scX":1.5},"duration":60},{"tweenEasing":0,"transform":{},"duration":30},{"tweenEasing":0,"transform":{"skX":-360,"skY":-360},"duration":1},{"transform":{"skX":-360,"skY":-360},"duration":14}],"name":"010_suoding3"},{"frame":[{"tweenEasing":0,"transform":{"scY":1.5,"skX":360,"skY":360,"scX":1.5},"duration":60},{"tweenEasing":0,"transform":{},"duration":30},{"tweenEasing":0,"transform":{"skX":-360,"skY":-360},"duration":1},{"transform":{"skX":-360,"skY":-360},"duration":14}],"name":"009_suoding2"},{"frame":[{"tweenEasing":0,"transform":{"scY":1.5,"skX":360,"skY":360,"scX":1.5},"duration":60},{"tweenEasing":0,"transform":{},"duration":30},{"tweenEasing":0,"transform":{"skX":-360,"skY":-360},"duration":1},{"transform":{"skX":-360,"skY":-360},"duration":14}],"name":"008_suoding1"},{"frame":[{"tweenEasing":0,"transform":{"y":125,"x":110},"duration":15},{"tweenEasing":0,"transform":{"y":125,"x":110},"duration":15},{"tweenEasing":0,"transform":{"y":125,"x":110},"duration":15},{"tweenEasing":0,"transform":{"y":125,"x":110},"duration":15},{"tweenEasing":0,"transform":{},"duration":30},{"tweenEasing":0,"transform":{},"duration":1},{"transform":{},"duration":14}],"name":"017_faguang5"},{"frame":[{"tweenEasing":0,"transform":{"y":125,"x":-106},"duration":15},{"tweenEasing":0,"transform":{"y":125,"x":-106},"duration":15},{"tweenEasing":0,"transform":{"y":125,"x":-106},"duration":15},{"tweenEasing":0,"transform":{"y":125,"x":-106},"duration":15},{"tweenEasing":0,"transform":{},"duration":30},{"tweenEasing":0,"transform":{},"duration":1},{"transform":{},"duration":14}],"name":"016_faguang4"},{"frame":[{"tweenEasing":0,"transform":{"y":-59,"x":-153},"duration":15},{"tweenEasing":0,"transform":{"y":-59,"x":-153},"duration":15},{"tweenEasing":0,"transform":{"y":-59,"x":-153},"duration":15},{"tweenEasing":0,"transform":{"y":-59,"x":-153},"duration":15},{"tweenEasing":0,"transform":{},"duration":30},{"tweenEasing":0,"transform":{},"duration":1},{"transform":{},"duration":14}],"name":"015_faguang3"},{"frame":[{"tweenEasing":0,"transform":{"y":-161,"x":1},"duration":15},{"tweenEasing":0,"transform":{"y":-161,"x":1},"duration":15},{"tweenEasing":0,"transform":{"y":-161,"x":1},"duration":15},{"tweenEasing":0,"transform":{"y":-161,"x":1},"duration":15},{"tweenEasing":0,"transform":{},"duration":30},{"tweenEasing":0,"transform":{},"duration":1},{"transform":{},"duration":14}],"name":"014_faguang2"},{"frame":[{"tweenEasing":0,"transform":{"y":-55,"x":153},"duration":15},{"tweenEasing":0,"transform":{"y":-55,"x":153},"duration":15},{"tweenEasing":0,"transform":{"y":-55,"x":153},"duration":15},{"tweenEasing":0,"transform":{"y":-55,"x":153},"duration":15},{"tweenEasing":0,"transform":{},"duration":30},{"tweenEasing":0,"transform":{},"duration":1},{"transform":{},"duration":14}],"name":"013_faguang1"},{"frame":[{"transform":{},"duration":105}],"name":"root"},{"frame":[{"transform":{},"duration":105}],"name":"005_guangdian1"},{"frame":[{"transform":{},"duration":105}],"name":"002_beijing3"},{"frame":[{"transform":{},"duration":105}],"name":"000_beijing1"},{"frame":[{"transform":{},"duration":105}],"name":"004_saomiao1"},{"frame":[{"transform":{},"duration":105}],"name":"001_beijing2"},{"frame":[{"transform":{},"duration":105}],"name":"006_guangdian2"},{"frame":[{"transform":{},"duration":105}],"name":"007_guangdian3"}],"slot":[{"frame":[{"displayIndex":-1,"tweenEasing":0,"duration":59},{"displayIndex":-1,"tweenEasing":0,"duration":1},{"displayIndex":1,"tweenEasing":0,"color":{"aM":0},"duration":3},{"displayIndex":1,"tweenEasing":0,"duration":42},{"displayIndex":1,"tweenEasing":null,"color":{"aM":0},"duration":0}],"name":"014_dafaguang2"},{"frame":[{"displayIndex":-1,"tweenEasing":0,"duration":54},{"displayIndex":-1,"tweenEasing":0,"duration":1},{"tweenEasing":0,"color":{"aM":0},"duration":5},{"tweenEasing":0,"duration":10},{"tweenEasing":0,"duration":35},{"tweenEasing":null,"color":{"aM":0},"duration":0}],"name":"013_dafaguang1"},{"frame":[{"tweenEasing":0,"color":{"aM":0},"duration":60},{"tweenEasing":0,"duration":30},{"tweenEasing":0,"color":{"aM":0},"duration":1},{"displayIndex":-1,"tweenEasing":null,"color":{"aM":0},"duration":14}],"name":"012_suoding5"},{"frame":[{"tweenEasing":0,"color":{"aM":0},"duration":60},{"tweenEasing":0,"duration":30},{"tweenEasing":0,"color":{"aM":0},"duration":1},{"displayIndex":-1,"tweenEasing":null,"color":{"aM":0},"duration":14}],"name":"011_suoding4"},{"frame":[{"tweenEasing":0,"color":{"aM":0},"duration":60},{"tweenEasing":0,"duration":30},{"tweenEasing":0,"color":{"aM":0},"duration":1},{"displayIndex":-1,"tweenEasing":null,"color":{"aM":0},"duration":14}],"name":"010_suoding3"},{"frame":[{"tweenEasing":0,"color":{"aM":0},"duration":60},{"tweenEasing":0,"duration":30},{"tweenEasing":0,"color":{"aM":0},"duration":1},{"displayIndex":-1,"tweenEasing":null,"color":{"aM":0},"duration":14}],"name":"009_suoding2"},{"frame":[{"tweenEasing":0,"color":{"aM":0},"duration":60},{"tweenEasing":0,"duration":30},{"tweenEasing":0,"color":{"aM":0},"duration":1},{"displayIndex":-1,"tweenEasing":null,"color":{"aM":0},"duration":14}],"name":"008_suoding1"},{"frame":[{"displayIndex":-1,"tweenEasing":0,"color":{"aM":0},"duration":15},{"displayIndex":-1,"tweenEasing":0,"duration":15},{"displayIndex":-1,"tweenEasing":0,"color":{"aM":57},"duration":15},{"displayIndex":-1,"tweenEasing":0,"duration":15},{"displayIndex":-1,"tweenEasing":0,"duration":30},{"displayIndex":-1,"tweenEasing":0,"color":{"aM":0},"duration":1},{"displayIndex":-1,"tweenEasing":null,"color":{"aM":0},"duration":14}],"name":"017_faguang5"},{"frame":[{"displayIndex":-1,"tweenEasing":0,"color":{"aM":0},"duration":15},{"displayIndex":-1,"tweenEasing":0,"duration":15},{"displayIndex":-1,"tweenEasing":0,"color":{"aM":57},"duration":15},{"displayIndex":-1,"tweenEasing":0,"duration":15},{"displayIndex":-1,"tweenEasing":0,"duration":30},{"displayIndex":-1,"tweenEasing":0,"color":{"aM":0},"duration":1},{"displayIndex":-1,"tweenEasing":null,"color":{"aM":0},"duration":14}],"name":"016_faguang4"},{"frame":[{"displayIndex":-1,"tweenEasing":0,"color":{"aM":0},"duration":15},{"displayIndex":-1,"tweenEasing":0,"duration":15},{"displayIndex":-1,"tweenEasing":0,"color":{"aM":57},"duration":15},{"displayIndex":-1,"tweenEasing":0,"duration":15},{"displayIndex":-1,"tweenEasing":0,"duration":30},{"displayIndex":-1,"tweenEasing":0,"color":{"aM":0},"duration":1},{"displayIndex":-1,"tweenEasing":null,"color":{"aM":0},"duration":14}],"name":"015_faguang3"},{"frame":[{"displayIndex":-1,"tweenEasing":0,"color":{"aM":0},"duration":15},{"displayIndex":-1,"tweenEasing":0,"duration":15},{"displayIndex":-1,"tweenEasing":0,"color":{"aM":57},"duration":15},{"displayIndex":-1,"tweenEasing":0,"duration":15},{"displayIndex":-1,"tweenEasing":0,"duration":30},{"displayIndex":-1,"tweenEasing":0,"color":{"aM":0},"duration":1},{"displayIndex":-1,"tweenEasing":null,"color":{"aM":0},"duration":14}],"name":"014_faguang2"},{"frame":[{"displayIndex":-1,"tweenEasing":0,"color":{"aM":0},"duration":15},{"displayIndex":-1,"tweenEasing":0,"duration":15},{"displayIndex":-1,"tweenEasing":0,"color":{"aM":57},"duration":15},{"displayIndex":-1,"tweenEasing":0,"duration":15},{"displayIndex":-1,"tweenEasing":0,"duration":30},{"displayIndex":-1,"tweenEasing":0,"color":{"aM":0},"duration":1},{"displayIndex":-1,"tweenEasing":null,"color":{"aM":0},"duration":14}],"name":"013_faguang1"},{"frame":[{"displayIndex":-1,"tweenEasing":null,"duration":105}],"name":"001_beijing2"},{"frame":[{"displayIndex":-1,"tweenEasing":null,"duration":105}],"name":"002_beijing3"},{"frame":[{"displayIndex":-1,"tweenEasing":null,"duration":105}],"name":"000_beijing1"},{"frame":[{"displayIndex":-1,"tweenEasing":null,"duration":105}],"name":"004_saomiao1"},{"frame":[{"displayIndex":-1,"tweenEasing":null,"duration":105}],"name":"005_guangdian1"},{"frame":[{"displayIndex":-1,"tweenEasing":null,"duration":105}],"name":"006_guangdian2"},{"frame":[{"displayIndex":-1,"tweenEasing":null,"duration":105}],"name":"007_guangdian3"}],"ffd":[],"ik":[],"frame":[],"name":"004_duihua02","duration":105},{"bone":[{"frame":[{"tweenEasing":0,"transform":{"y":125,"x":110},"duration":15},{"tweenEasing":0,"transform":{"y":125,"x":110},"duration":15},{"tweenEasing":0,"transform":{"y":125,"x":110},"duration":15},{"tweenEasing":0,"transform":{"y":125,"x":110},"duration":15},{"tweenEasing":0,"transform":{},"duration":30},{"tweenEasing":0,"transform":{},"duration":1},{"transform":{},"duration":14}],"name":"017_faguang5"},{"frame":[{"tweenEasing":0,"transform":{"y":125,"x":-106},"duration":15},{"tweenEasing":0,"transform":{"y":125,"x":-106},"duration":15},{"tweenEasing":0,"transform":{"y":125,"x":-106},"duration":15},{"tweenEasing":0,"transform":{"y":125,"x":-106},"duration":15},{"tweenEasing":0,"transform":{},"duration":30},{"tweenEasing":0,"transform":{},"duration":1},{"transform":{},"duration":14}],"name":"016_faguang4"},{"frame":[{"tweenEasing":0,"transform":{"y":-59,"x":-153},"duration":15},{"tweenEasing":0,"transform":{"y":-59,"x":-153},"duration":15},{"tweenEasing":0,"transform":{"y":-59,"x":-153},"duration":15},{"tweenEasing":0,"transform":{"y":-59,"x":-153},"duration":15},{"tweenEasing":0,"transform":{},"duration":30},{"tweenEasing":0,"transform":{},"duration":1},{"transform":{},"duration":14}],"name":"015_faguang3"},{"frame":[{"tweenEasing":0,"transform":{"y":-161,"x":1},"duration":15},{"tweenEasing":0,"transform":{"y":-161,"x":1},"duration":15},{"tweenEasing":0,"transform":{"y":-161,"x":1},"duration":15},{"tweenEasing":0,"transform":{"y":-161,"x":1},"duration":15},{"tweenEasing":0,"transform":{},"duration":30},{"tweenEasing":0,"transform":{},"duration":1},{"transform":{},"duration":14}],"name":"014_faguang2"},{"frame":[{"tweenEasing":0,"transform":{"y":-55,"x":153},"duration":15},{"tweenEasing":0,"transform":{"y":-55,"x":153},"duration":15},{"tweenEasing":0,"transform":{"y":-55,"x":153},"duration":15},{"tweenEasing":0,"transform":{"y":-55,"x":153},"duration":15},{"tweenEasing":0,"transform":{},"duration":30},{"tweenEasing":0,"transform":{},"duration":1},{"transform":{},"duration":14}],"name":"013_faguang1"},{"frame":[{"tweenEasing":0,"transform":{"scY":1.5,"scX":1.5},"duration":15},{"tweenEasing":0,"transform":{"scY":1.5,"skX":-120,"skY":-120,"scX":1.5},"duration":30},{"tweenEasing":0,"transform":{"scY":1.5,"skX":-360,"skY":-360,"scX":1.5},"duration":25},{"tweenEasing":0,"transform":{"scY":1.5,"skX":-480.0001,"skY":-480.0001,"scX":1.5},"duration":1},{"transform":{"scY":1.5,"skX":-480.0001,"skY":-480.0001,"scX":1.5},"duration":34}],"name":"004_saomiao1"},{"frame":[{"tweenEasing":0,"transform":{"y":4,"x":-8},"duration":40},{"tweenEasing":0,"transform":{"y":-10.5,"x":5.5},"duration":40},{"tweenEasing":0,"transform":{"y":-34.6667,"x":28},"duration":25},{"transform":{"y":-54,"x":46},"duration":0}],"name":"000_beijing1"},{"frame":[{"tweenEasing":0,"transform":{"y":-14,"scX":-1,"x":-9},"duration":40},{"tweenEasing":0,"transform":{"y":-2.25,"scX":-1,"x":2.75},"duration":40},{"tweenEasing":0,"transform":{"y":17.3333,"scX":-1,"x":22.3333},"duration":25},{"transform":{"y":33,"scX":-1,"x":38},"duration":0}],"name":"002_beijing3"},{"frame":[{"tweenEasing":0,"transform":{"scY":-1,"y":-1,"x":17},"duration":40},{"tweenEasing":0,"transform":{"scY":-1,"y":-3,"x":3},"duration":40},{"tweenEasing":0,"transform":{"scY":-1,"y":-6.3333,"x":-20.3333},"duration":25},{"transform":{"scY":-1,"y":-9,"x":-39},"duration":0}],"name":"001_beijing2"},{"frame":[{"transform":{},"duration":105}],"name":"root"},{"frame":[{"transform":{},"duration":105}],"name":"005_guangdian1"},{"frame":[{"transform":{},"duration":105}],"name":"006_guangdian2"},{"frame":[{"transform":{},"duration":105}],"name":"007_guangdian3"},{"frame":[{"transform":{},"duration":105}],"name":"014_dafaguang2"},{"frame":[{"transform":{},"duration":105}],"name":"013_dafaguang1"},{"frame":[{"transform":{},"duration":105}],"name":"012_suoding5"},{"frame":[{"transform":{},"duration":105}],"name":"010_suoding3"},{"frame":[{"transform":{},"duration":105}],"name":"009_suoding2"},{"frame":[{"transform":{},"duration":105}],"name":"008_suoding1"},{"frame":[{"transform":{},"duration":105}],"name":"011_suoding4"}],"slot":[{"frame":[{"tweenEasing":0,"color":{"aM":0},"duration":15},{"tweenEasing":0,"duration":15},{"tweenEasing":0,"color":{"aM":57},"duration":15},{"tweenEasing":0,"duration":15},{"tweenEasing":0,"duration":30},{"tweenEasing":0,"color":{"aM":0},"duration":1},{"displayIndex":-1,"tweenEasing":null,"color":{"aM":0},"duration":14}],"name":"017_faguang5"},{"frame":[{"tweenEasing":0,"color":{"aM":0},"duration":15},{"tweenEasing":0,"duration":15},{"tweenEasing":0,"color":{"aM":57},"duration":15},{"tweenEasing":0,"duration":15},{"tweenEasing":0,"duration":30},{"tweenEasing":0,"color":{"aM":0},"duration":1},{"displayIndex":-1,"tweenEasing":null,"color":{"aM":0},"duration":14}],"name":"016_faguang4"},{"frame":[{"tweenEasing":0,"color":{"aM":0},"duration":15},{"tweenEasing":0,"duration":15},{"tweenEasing":0,"color":{"aM":57},"duration":15},{"tweenEasing":0,"duration":15},{"tweenEasing":0,"duration":30},{"tweenEasing":0,"color":{"aM":0},"duration":1},{"displayIndex":-1,"tweenEasing":null,"color":{"aM":0},"duration":14}],"name":"015_faguang3"},{"frame":[{"tweenEasing":0,"color":{"aM":0},"duration":15},{"tweenEasing":0,"duration":15},{"tweenEasing":0,"color":{"aM":57},"duration":15},{"tweenEasing":0,"duration":15},{"tweenEasing":0,"duration":30},{"tweenEasing":0,"color":{"aM":0},"duration":1},{"displayIndex":-1,"tweenEasing":null,"color":{"aM":0},"duration":14}],"name":"014_faguang2"},{"frame":[{"tweenEasing":0,"color":{"aM":0},"duration":15},{"tweenEasing":0,"duration":15},{"tweenEasing":0,"color":{"aM":57},"duration":15},{"tweenEasing":0,"duration":15},{"tweenEasing":0,"duration":30},{"tweenEasing":0,"color":{"aM":0},"duration":1},{"displayIndex":-1,"tweenEasing":null,"color":{"aM":0},"duration":14}],"name":"013_faguang1"},{"frame":[{"tweenEasing":0,"color":{"aM":0},"duration":15},{"tweenEasing":0,"duration":30},{"tweenEasing":0,"duration":25},{"tweenEasing":0,"color":{"aM":0},"duration":1},{"displayIndex":-1,"tweenEasing":null,"color":{"aM":0},"duration":34}],"name":"004_saomiao1"},{"frame":[{"tweenEasing":0,"color":{"aM":0},"duration":40},{"tweenEasing":0,"color":{"aM":19},"duration":40},{"tweenEasing":0,"color":{"aM":19},"duration":25},{"tweenEasing":null,"color":{"aM":0},"duration":0}],"name":"000_beijing1"},{"frame":[{"tweenEasing":0,"color":{"aM":0},"duration":40},{"tweenEasing":0,"color":{"aM":57},"duration":40},{"tweenEasing":0,"color":{"aM":19},"duration":25},{"tweenEasing":null,"color":{"aM":0},"duration":0}],"name":"002_beijing3"},{"frame":[{"tweenEasing":0,"color":{"aM":0},"duration":40},{"tweenEasing":0,"color":{"aM":19},"duration":40},{"tweenEasing":0,"color":{"aM":57},"duration":25},{"tweenEasing":null,"color":{"aM":0},"duration":0}],"name":"001_beijing2"},{"frame":[{"displayIndex":-1,"tweenEasing":null,"duration":105}],"name":"005_guangdian1"},{"frame":[{"displayIndex":-1,"tweenEasing":null,"duration":105}],"name":"006_guangdian2"},{"frame":[{"displayIndex":-1,"tweenEasing":null,"duration":105}],"name":"007_guangdian3"},{"frame":[{"displayIndex":-1,"tweenEasing":null,"duration":105}],"name":"008_suoding1"},{"frame":[{"displayIndex":-1,"tweenEasing":null,"duration":105}],"name":"009_suoding2"},{"frame":[{"displayIndex":-1,"tweenEasing":null,"duration":105}],"name":"010_suoding3"},{"frame":[{"displayIndex":-1,"tweenEasing":null,"duration":105}],"name":"011_suoding4"},{"frame":[{"displayIndex":-1,"tweenEasing":null,"duration":105}],"name":"012_suoding5"},{"frame":[{"displayIndex":-1,"tweenEasing":null,"duration":105}],"name":"013_dafaguang1"},{"frame":[{"displayIndex":-1,"tweenEasing":null,"duration":105}],"name":"014_dafaguang2"}],"ffd":[],"ik":[],"frame":[],"name":"005_duihua_di_02","duration":105}],"defaultActions":[{"gotoAndPlay":"000_duihua00"}],"aabb":{"width":325,"y":-119.5,"height":256.16470000000004,"x":-162.5},"ik":[],"name":"armatureName","skin":[{"slot":[{"display":[{"path":"ui_saomiao_ima/beijing","type":"image","name":"ui_saomiao_ima/beijing","transform":{}}],"name":"002_beijing3"},{"display":[{"path":"ui_saomiao_ima/suoding","type":"image","name":"ui_saomiao_ima/suoding","transform":{}}],"name":"009_suoding2"},{"display":[{"path":"ui_saomiao_ima/saomiao","type":"image","name":"ui_saomiao_ima/saomiao","transform":{"y":31.1647,"x":7.8218}}],"name":"004_saomiao1"},{"display":[{"path":"ui_saomiao_ima/faguang","type":"image","name":"ui_saomiao_ima/faguang","transform":{}}],"name":"013_dafaguang1"},{"display":[{"path":"ui_saomiao_ima/faguang","type":"image","name":"ui_saomiao_ima/faguang","transform":{}}],"name":"014_faguang2"},{"display":[{"path":"ui_saomiao_ima/suoding","type":"image","name":"ui_saomiao_ima/suoding","transform":{}}],"name":"011_suoding4"},{"display":[{"path":"ui_saomiao_ima/faguang","type":"image","name":"ui_saomiao_ima/faguang","transform":{}}],"name":"016_faguang4"},{"display":[{"path":"ui_saomiao_ima/beijing","type":"image","name":"ui_saomiao_ima/beijing","transform":{}}],"name":"001_beijing2"},{"display":[{"path":"ui_saomiao_ima/faguang","type":"image","name":"ui_saomiao_ima/faguang","transform":{}}],"name":"017_faguang5"},{"display":[{"path":"ui_saomiao_ima/beijing","type":"image","name":"ui_saomiao_ima/beijing","transform":{}}],"name":"000_beijing1"},{"display":[{"path":"ui_saomiao_ima/guangdian","type":"image","name":"ui_saomiao_ima/guangdian","transform":{}},{"path":"ui_saomiao_ima/faguang","type":"image","name":"ui_saomiao_ima/faguang","transform":{}}],"name":"014_dafaguang2"},{"display":[{"path":"ui_saomiao_ima/suoding","type":"image","name":"ui_saomiao_ima/suoding","transform":{}}],"name":"008_suoding1"},{"display":[{"path":"ui_saomiao_ima/suoding","type":"image","name":"ui_saomiao_ima/suoding","transform":{}}],"name":"012_suoding5"},{"display":[{"path":"ui_saomiao_ima/faguang","type":"image","name":"ui_saomiao_ima/faguang","transform":{}}],"name":"015_faguang3"},{"display":[{"path":"ui_saomiao_ima/suoding","type":"image","name":"ui_saomiao_ima/suoding","transform":{}}],"name":"010_suoding3"},{"display":[{"path":"ui_saomiao_ima/faguang","type":"image","name":"ui_saomiao_ima/faguang","transform":{}}],"name":"013_faguang1"}],"name":""}],"slot":[{"name":"001_beijing2","parent":"001_beijing2","color":{}},{"z":1,"name":"002_beijing3","parent":"002_beijing3","color":{}},{"z":2,"name":"000_beijing1","parent":"000_beijing1","color":{}},{"z":3,"name":"004_saomiao1","parent":"004_saomiao1","color":{}},{"z":4,"name":"013_faguang1","parent":"013_faguang1","color":{}},{"z":5,"name":"014_faguang2","parent":"014_faguang2","color":{}},{"z":6,"name":"015_faguang3","parent":"015_faguang3","color":{}},{"z":7,"name":"016_faguang4","parent":"016_faguang4","color":{}},{"z":8,"name":"017_faguang5","parent":"017_faguang5","color":{}},{"z":9,"displayIndex":-1,"name":"005_guangdian1","parent":"005_guangdian1","color":{}},{"z":10,"displayIndex":-1,"name":"006_guangdian2","parent":"006_guangdian2","color":{}},{"z":11,"displayIndex":-1,"name":"007_guangdian3","parent":"007_guangdian3","color":{}},{"z":12,"name":"008_suoding1","parent":"008_suoding1","color":{}},{"z":13,"name":"009_suoding2","parent":"009_suoding2","color":{}},{"z":14,"name":"010_suoding3","parent":"010_suoding3","color":{}},{"z":15,"name":"011_suoding4","parent":"011_suoding4","color":{}},{"z":16,"name":"012_suoding5","parent":"012_suoding5","color":{}},{"z":17,"name":"013_dafaguang1","parent":"013_dafaguang1","color":{}},{"z":18,"name":"014_dafaguang2","parent":"014_dafaguang2","color":{}}]}],"name":"ui_tanlanzhidao_05","version":"4.0"}