{"frameRate":30,"name":"quqi","version":"5.5","compatibleVersion":"5.5","armature":[{"type":"Armature","frameRate":30,"name":"armatureName","aabb":{"x":-66.73,"y":-288.15,"width":121.35,"height":301.26},"bone":[{"name":"root"},{"name":"111","parent":"root","transform":{"x":-14.58,"y":-10.84}},{"name":"22","parent":"root","transform":{"x":2.44,"y":-17.33}},{"name":"quqi_kua","parent":"root","transform":{"x":2.8,"y":-112.43}},{"length":24,"name":"quqi_shenti","parent":"quqi_kua","transform":{"x":-4.66,"y":-14.24,"skX":-86.37,"skY":-86.37}},{"length":8,"name":"quqi_qunzi7","parent":"quqi_kua","transform":{"x":-3.85,"y":7.96,"skX":90,"skY":90}},{"name":"quqi_qunzi8","parent":"quqi_kua","transform":{"x":-8.24,"y":16.03}},{"length":15,"name":"quqi_qunzi1","parent":"quqi_kua","transform":{"x":-15.1,"y":-17.39,"skX":117.33,"skY":117.33}},{"length":10,"name":"quqi_qunzi4","parent":"quqi_kua","transform":{"x":13.61,"y":-13.53,"skX":79.36,"skY":79.36}},{"length":45,"name":"quqi_datui1","parent":"quqi_kua","transform":{"x":-16.24,"y":8.25,"skX":91.56,"skY":91.56}},{"length":43,"name":"quqi_datui2","parent":"quqi_kua","transform":{"x":7.49,"y":6.84,"skX":72.02,"skY":72.02}},{"length":6,"name":"quqi_qunzi5","parent":"quqi_qunzi4","transform":{"x":11.76,"y":0.16,"skX":4.47,"skY":4.47}},{"length":44,"name":"quqi_xiaotui1","parent":"quqi_datui1","transform":{"x":46.8,"y":-0.95,"skX":-0.35,"skY":-0.35}},{"length":35,"name":"quqi_shenti2","parent":"quqi_shenti","transform":{"x":32.47,"y":-2.05,"skX":-1.1,"skY":-1.1}},{"length":5,"name":"quqi_qunzi2","parent":"quqi_qunzi1","transform":{"x":18.92,"y":-1.61,"skX":-20.19,"skY":-20.19}},{"length":50,"name":"quqi_xiaotui2","parent":"quqi_datui2","transform":{"x":43.79,"y":0.75,"skX":41.83,"skY":41.83}},{"length":28,"name":"qushi_dabi1","parent":"quqi_shenti2","transform":{"x":9.89,"y":-20.45,"skX":-137.49,"skY":-137.49}},{"length":8,"name":"quqi_jiao1","parent":"quqi_xiaotui1","transform":{"x":46.76,"y":0.9,"skX":-24.06,"skY":-24.06}},{"length":7,"name":"quqi_jiao4","parent":"quqi_xiaotui2","transform":{"x":52.22,"y":4.13,"skX":-51.09,"skY":-51.09}},{"length":27,"name":"quqi_dabi2","parent":"quqi_shenti2","transform":{"x":14.56,"y":17.56,"skX":176.2,"skY":176.2}},{"length":52,"name":"quqi_tou","parent":"quqi_shenti2","transform":{"x":40.55,"y":-5.9,"skX":3.63,"skY":3.63}},{"length":6,"name":"quqi_qunzi3","parent":"quqi_qunzi2","transform":{"x":7.89,"y":0.67,"skX":-7.12,"skY":-7.12}},{"length":5,"name":"quqi_qunzi6","parent":"quqi_qunzi5","transform":{"x":8.27,"y":0.05,"skX":-3.53,"skY":-3.53}},{"length":22,"name":"quqi_toufa1","parent":"quqi_tou","transform":{"x":49.55,"y":-12.99,"skX":-176.77,"skY":-176.77}},{"length":5,"name":"quqi_jiao2","parent":"quqi_jiao1","transform":{"x":9.44,"y":-0.76,"skX":-10.82,"skY":-10.82}},{"name":"quqi_biyan","parent":"quqi_tou","transform":{"x":15.56,"y":23.09}},{"length":24,"name":"quqi_xiaobi1","parent":"qushi_dabi1","transform":{"x":31.16,"y":1.2,"skX":-89,"skY":-89}},{"length":6,"name":"quqi_jiao5","parent":"quqi_jiao4","transform":{"x":10.2,"y":-0.68,"skX":-15.13,"skY":-15.13}},{"length":45,"name":"quqi_toufa7","parent":"quqi_tou","transform":{"x":35.5,"y":33.21,"skX":172.35,"skY":172.35}},{"length":39,"name":"quqi_toufa4","parent":"quqi_tou","transform":{"x":38.43,"y":-23.76,"skX":-177.52,"skY":-177.52}},{"length":26,"name":"quqi_xiaobi2","parent":"quqi_dabi2","transform":{"x":31.04,"y":-1.46,"skX":-32.1,"skY":-32.1}},{"length":18,"name":"quqi_shou2","parent":"quqi_xiaobi2","transform":{"x":29.75,"y":1.05,"skX":29.83,"skY":29.83}},{"length":6,"name":"quqi_jiao3","parent":"quqi_jiao2","transform":{"x":6.45,"y":0.09,"skX":-5.69,"skY":-5.69}},{"length":15,"name":"quqi_shou1","parent":"quqi_xiaobi1","transform":{"x":29.78,"y":-1.84,"skX":-22.65,"skY":-22.65}},{"length":6,"name":"quqi_jiao6","parent":"quqi_jiao5","transform":{"x":7.67,"y":0.04,"skX":-9.73,"skY":-9.73}},{"length":35,"name":"quqi_toufa8","parent":"quqi_toufa7","transform":{"x":50.91,"y":-0.72,"skX":-3.78,"skY":-3.78}},{"length":28,"name":"quqi_toufa5","parent":"quqi_toufa4","transform":{"x":52.75,"y":0.61,"skX":12.92,"skY":12.92}},{"length":17,"name":"quqi_toufa2","parent":"quqi_toufa1","transform":{"x":28.56,"y":-0.68,"skX":-12.18,"skY":-12.18}},{"length":39,"name":"quqi_toufa6","parent":"quqi_toufa5","transform":{"x":38.31,"y":0.72,"skX":-15.35,"skY":-15.35}},{"length":21,"name":"quqi_toufa3","parent":"quqi_toufa2","transform":{"x":25.26,"y":-1.01,"skX":-3.08,"skY":-3.08}},{"length":37,"name":"quqi_toufa9","parent":"quqi_toufa8","transform":{"x":37.6,"y":-0.39,"skX":1.21,"skY":1.21}}],"slot":[{"name":"quqi_kua","parent":"quqi_kua"},{"name":"quqi_toufa3","parent":"quqi_toufa9"},{"name":"quqi_toufa2","parent":"quqi_toufa6"},{"name":"quqi_dabi2","parent":"quqi_dabi2"},{"name":"quqi_shou2","parent":"quqi_shou2"},{"name":"quqi_xiaobi2","parent":"quqi_xiaobi2"},{"name":"quqi_qunzi2","parent":"quqi_qunzi8"},{"name":"quqi_jiao2","parent":"quqi_jiao6"},{"name":"quqi_xiaotui1","parent":"quqi_xiaotui1"},{"name":"quqi_jiao1","parent":"quqi_jiao3"},{"name":"quqi_xiaotui2","parent":"quqi_xiaotui2"},{"name":"quqi_datui2","parent":"quqi_datui2"},{"name":"quqi_datui1","parent":"quqi_datui1"},{"name":"quqi_qunzi1","parent":"quqi_qunzi7"},{"name":"quqi_shenti","parent":"quqi_shenti2"},{"name":"qushi_dabi1","parent":"qushi_dabi1"},{"name":"quqi_shou1","parent":"quqi_shou1"},{"name":"quqi_xiaobi1","parent":"quqi_xiaobi1"},{"name":"quqi_tou","parent":"quqi_tou"},{"displayIndex":-1,"name":"quqi_biyan","parent":"quqi_biyan"},{"name":"quqi_toufa1","parent":"quqi_toufa3"}],"ik":[{"chain":1,"name":"111","bone":"quqi_xiaotui1","target":"111"},{"chain":1,"name":"22","bone":"quqi_xiaotui2","target":"22"}],"skin":[{"slot":[{"name":"quqi_qunzi1","display":[{"type":"mesh","name":"quqi_qunzi1","width":52,"height":45,"vertices":[25.49,-95.66,0.44,-92.51,-26.49,-94.63,-26.47,-122.52,-14.93,-137.49,-0.59,-137.49,9.95,-137.48,23.81,-126.09,-11.57,-122,-14.53,-109.98,-17.06,-101.12,14.37,-123.26,15.64,-111.66,17.53,-102.38,1.08,-99.43],"uvs":[0.99999,0.92966,0.51806,1,0.00001,0.95311,0.00001,0.33291,0.22185,0,0.49778,0,0.70066,0,0.96753,0.25319,0.28678,0.34448,0.22997,0.61174,0.18128,0.80868,0.78587,0.31634,0.81022,0.57423,0.84674,0.78054,0.53024,0.84619],"triangles":[6,11,7,11,12,7,13,1,0,7,12,0,12,13,0,12,14,13,14,1,13,11,8,12,8,14,12,6,5,11,5,8,11,8,9,14,4,8,5,10,2,1,10,1,14,9,10,14,4,3,8,3,9,8,3,10,9,3,2,10],"weights":[1,22,1,2,22,0.0318,5,0.96819,1,21,1,1,7,1,2,7,0.99369,8,0.0063,3,7,0.59673,8,0.38585,5,0.01741,3,7,0.23105,8,0.76174,5,0.00719,1,8,1,5,7,0.80642,14,0.05583,8,0.0392,11,0.00079,5,0.09774,5,7,0.07974,14,0.74721,21,0.00394,8,0.00252,5,0.16656,3,14,0.10049,21,0.77652,5,0.12298,4,7,0.01585,8,0.95832,11,0.002,5,0.02382,5,7,0.00178,8,0.02168,22,0.06015,11,0.84233,5,0.07404,3,22,0.8548,11,0.03881,5,0.10637,3,22,0.03184,11,0.00497,5,0.96318],"slotPose":[1,0,0,1,0,0],"bonePose":[21,-0.000349,1,-1,-0.000349,-21.20165,-104.527194,22,0.168489,0.985703,-0.985703,0.168489,19.263228,-106.145182,5,0,1,-1,0,-1.05,-104.47,7,-0.459115,0.888377,-0.888377,-0.459115,-12.3,-129.82,8,0.184638,0.982807,-0.982807,0.184638,16.41,-125.96,14,-0.124294,0.992245,-0.992245,-0.124294,-19.556165,-112.272733,11,0.107479,0.994207,-0.994207,0.107479,18.424088,-114.372651],"edges":[2,1,1,0,0,7,7,6,6,5,5,4,4,3,3,2],"userEdges":[]}]},{"name":"quqi_qunzi2","display":[{"type":"mesh","name":"quqi_qunzi2","width":52,"height":15,"vertices":[30.96,5.89,-21.03,5.89,-21.03,-9.1,30.96,-9.1],"uvs":[1,1,0,1,0,0,1,0],"triangles":[1,0,3,2,1,3],"edges":[1,0,0,3,3,2,2,1],"userEdges":[]}]},{"name":"qushi_dabi1","display":[{"type":"mesh","name":"qushi_dabi1","width":35,"height":59,"vertices":[-12.48,-165.02,-22.69,-149.88,-38.54,-142.13,-47.47,-145.77,-47.46,-158.59,-36.78,-175.04,-19.51,-179.48],"uvs":[0.99998,0.24525,0.708,0.50211,0.25514,0.63356,0.00001,0.57186,0,0.35449,0.30514,0.07567,0.79857,0],"triangles":[6,5,0,5,1,0,5,4,1,4,2,1,4,3,2],"weights":[1,16,1,1,16,1,1,16,1,1,16,1,1,16,1,1,16,1,1,16,1],"slotPose":[1,0,0,1,0,0],"bonePose":[16,-0.7076,0.706613,-0.706613,-0.7076,-21.843609,-169.987721],"edges":[4,3,3,2,2,1,1,0,0,6,6,5,5,4],"userEdges":[]}]},{"name":"quqi_jiao2","display":[{"type":"mesh","name":"quqi_jiao2","width":25,"height":27,"vertices":[14.19,-5.98,15.91,-3.28,17.06,-0.57,16.49,3.84,6.5,3.92,-7.52,-9.61,-7.5,-17.01,-2.02,-22.36,7.74,-18.23,10.34,-11.26,-1.27,-14.02,2.89,-7.29,9.72,-2.12],"uvs":[0.8688,0.61167,0.93768,0.71189,0.98359,0.81211,0.96063,0.9757,0.56097,0.97874,0,0.47763,0,0.20348,0.21995,0.00496,0.61017,0.15792,0.71464,0.41607,0.2495,0.31436,0.41596,0.56353,0.68998,0.75499],"triangles":[1,12,2,2,12,3,12,4,3,0,12,1,9,12,0,8,10,9,10,11,9,9,11,12,11,4,12,7,10,8,11,5,4,10,5,11,6,5,10,6,10,7],"weights":[2,27,0.41202,34,0.58797,2,27,0.10713,34,0.89286,2,27,0.01248,34,0.98751,1,34,1,2,27,0.07667,34,0.92332,2,18,0.97511,27,0.02488,1,18,1,1,18,1,2,18,0.682,27,0.31799,3,18,0.12395,27,0.86393,34,0.0121,2,18,0.85821,27,0.14178,3,18,0.46465,27,0.20443,34,0.3309,3,18,0.05522,27,0.25119,34,0.69357],"slotPose":[1,0,0,1,0,0],"bonePose":[27,0.673916,0.738808,-0.738808,0.673916,3.47511,-8.858613,34,0.789084,0.614285,-0.614285,0.789084,8.61449,-3.164996,18,0.457719,0.889097,-0.889097,0.457719,-1.798207,-17.616154],"edges":[6,5,5,4,4,3,3,2,2,1,1,0,0,9,9,8,8,7,7,6],"userEdges":[]}]},{"name":"quqi_toufa1","display":[{"type":"mesh","name":"quqi_toufa1","width":31,"height":100,"vertices":[-5.72,-242.06,-6.26,-216.28,-2.92,-185.92,-1.65,-166.05,-16.58,-161.15,-25.62,-188.12,-28.44,-215.13,-24.26,-245.26,-22.44,-257.5,0,-257.47],"uvs":[0.73247,0.15434,0.71575,0.41211,0.82443,0.71577,0.86623,0.91447,0.38457,0.96371,0.09196,0.69404,0,0.42393,0.13376,0.12242,0.19228,0,0.91639,0],"triangles":[6,5,1,1,5,2,5,4,2,2,4,3,8,0,9,7,6,1,7,1,0,8,7,0],"weights":[1,23,1,3,23,0.06129,37,0.93339,39,0.0053,1,39,1,1,39,1,1,39,1,2,37,0.01085,39,0.98914,1,37,1,1,23,1,1,23,1,1,23,1],"slotPose":[1,0,0,1,0,0],"bonePose":[23,-0.163154,0.986601,-0.986601,-0.163154,-13.552403,-250.633362,37,0.048675,0.998815,-0.998815,0.048675,-17.541187,-222.345103,39,0.102272,0.994757,-0.994757,0.102272,-15.302842,-197.164207],"edges":[6,5,5,4,4,3,3,2,2,1,1,0,0,9,9,8,8,7,7,6],"userEdges":[]}]},{"name":"quqi_kua","display":[{"type":"mesh","name":"quqi_kua","width":24,"height":19,"vertices":[15.51,-103.51,-8.48,-103.51,-8.48,-122.5,15.51,-122.5],"uvs":[1,1,0,1,0,0,1,0],"triangles":[1,0,3,2,1,3],"weights":[1,3,1,1,3,1,1,3,1,1,3,1],"slotPose":[1,0,0,1,0,0],"bonePose":[3,1,0,0,1,2.8,-112.43],"edges":[1,0,0,3,3,2,2,1],"userEdges":[]}]},{"name":"quqi_toufa3","display":[{"type":"mesh","name":"quqi_toufa3","width":65,"height":177,"vertices":[45.6,-207.77,46.77,-170.74,55.44,-121.68,50.87,-83.6,-9.63,-69.53,-9.56,-113.92,-1.37,-167.48,2.88,-204.49,2.32,-246.48,37.81,-246.44],"uvs":[0.84718,0.21854,0.8657,0.42771,0.99999,0.7049,0.93053,0.92007,0,1,0.00001,0.74912,0.12503,0.44642,0.18986,0.23725,0.1806,0,0.72678,0],"triangles":[1,6,2,6,5,2,5,3,2,0,7,1,5,4,3,8,7,9,9,7,0,7,6,1],"weights":[1,28,1,2,35,0.9513,40,0.04869,1,40,1,1,40,1,2,35,0.00291,40,0.99708,2,35,0.54623,40,0.45376,2,28,0.20814,35,0.79185,2,28,0.96401,35,0.03598,1,28,1,1,28,1],"slotPose":[1,0,0,1,0,0],"bonePose":[28,0.026002,0.999662,-0.999662,0.026002,30.873204,-231.706981,35,0.091849,0.995773,-0.995773,0.091849,32.916747,-180.832916,40,0.070801,0.99749,-0.99749,0.070801,36.758629,-143.427676],"edges":[4,3,3,2,2,1,1,0,0,9,9,8,8,7,7,6,6,5,5,4],"userEdges":[]}]},{"name":"quqi_xiaotui2","display":[{"type":"mesh","name":"quqi_xiaotui2","width":32,"height":59,"vertices":[29.51,-60.87,16.9,-36.99,6.68,-12.5,-2.52,-12.5,-1.12,-47.48,12.43,-71.51,29.5,-71.5,21.38,-60.15,13.16,-44.34,4.83,-22.21],"uvs":[1,0.18014,0.60667,0.58497,0.28743,1,0,1,0.0429,0.40726,0.46621,0,1,0,0.74591,0.19263,0.48946,0.46046,0.22997,0.83556],"triangles":[9,2,1,5,7,6,7,8,0,8,1,0,6,7,0,5,4,7,4,8,7,8,9,1,4,9,8,9,3,2,4,3,9],"weights":[1,15,1,1,15,1,1,15,1,1,15,1,1,15,1,1,15,1,1,15,1,1,15,1,1,15,1,1,15,1],"slotPose":[1,0,0,1,0,0],"bonePose":[15,-0.404344,0.914607,-0.914607,-0.404344,23.093943,-63.707],"edges":[3,2,2,1,1,0,0,6,6,5,5,4,4,3],"userEdges":[]}]},{"name":"quqi_tou","display":[{"type":"mesh","name":"quqi_tou","width":85,"height":113,"vertices":[46.55,-209.2,13.14,-177.74,-24.24,-193.19,-38.09,-222.06,-38.41,-253.35,-13,-272.49,18.19,-272.47,46.58,-252.67],"uvs":[0.99999,0.55974,0.60718,0.83847,0.16722,0.70193,0.00404,0.44642,0,0.16954,0.29874,0,0.6659,0,0.99999,0.175],"triangles":[2,1,0,6,3,0,3,2,0,6,0,7,4,3,5,5,3,6],"weights":[1,20,1,1,20,1,1,20,1,1,20,1,1,20,1,1,20,1,1,20,1,1,20,1],"slotPose":[1,0,0,1,0,0],"bonePose":[20,0.107305,-0.994226,0.994226,0.107305,-5.954383,-199.975562],"edges":[4,3,3,2,2,1,1,0,0,7,7,6,6,5,5,4],"userEdges":[]}]},{"name":"quqi_biyan","display":[{"type":"mesh","name":"quqi_biyan","width":76,"height":49,"vertices":[44.53,-188.45,-31.46,-188.51,-31.43,-237.5,44.57,-237.44],"uvs":[1,1,0,1,0,0,1,0],"triangles":[1,0,3,2,1,3],"weights":[1,25,1,1,25,1,1,25,1,1,25,1],"slotPose":[1,0,0,1,0,0],"bonePose":[25,0.107305,-0.994226,0.994226,0.107305,18.671968,-212.968042],"edges":[1,0,0,3,3,2,2,1],"userEdges":[]}]},{"name":"quqi_xiaotui1","display":[{"type":"mesh","name":"quqi_xiaotui1","width":18,"height":60,"vertices":[-7.52,-8.52,-25.51,-8.52,-25.49,-68.51,-7.5,-68.5,-14.92,-55.95,-15.29,-38.8,-14.23,-21.43],"uvs":[1,1,0,1,0,0,1,0,0.58727,0.20956,0.56752,0.49538,0.62708,0.7848],"triangles":[6,1,0,5,6,0,2,4,3,5,0,3,4,5,3,5,1,6,2,5,4,2,1,5],"weights":[1,12,1,1,12,1,1,12,1,1,12,1,1,12,1,1,12,1,1,12,1],"slotPose":[1,0,0,1,0,0],"bonePose":[12,-0.021117,0.999777,-0.999777,-0.021117,-13.764425,-57.371483],"edges":[1,0,0,3,3,2,2,1],"userEdges":[]}]},{"name":"quqi_xiaobi2","display":[{"type":"mesh","name":"quqi_xiaobi2","width":27,"height":35,"vertices":[38.08,-113.48,29.21,-113.49,12.98,-133.24,12.52,-148.49,25,-148.48,39.49,-122.63],"uvs":[0.94777,0.99998,0.61907,1,0.0174,0.436,0,0,0.4624,0.00001,0.99998,0.73857],"triangles":[2,1,5,4,2,5,1,0,5,3,2,4],"weights":[1,30,1,1,30,1,1,30,1,1,30,1,1,30,1,1,30,1],"slotPose":[1,0,0,1,0,0],"bonePose":[30,0.550044,0.835136,-0.835136,0.550044,18.483094,-141.975297],"edges":[3,2,2,1,1,0,0,5,5,4,4,3],"userEdges":[]}]},{"name":"quqi_shenti","display":[{"type":"mesh","name":"quqi_shenti","width":59,"height":80,"vertices":[32.52,-160.07,31.34,-149.5,24.14,-142.66,21.71,-121.74,7.37,-121.51,-16.13,-124.57,-11.19,-146.46,-26.46,-168.32,-26.46,-181.52,-12.15,-184.58,-7.39,-201.49,-0.34,-201.49,8.58,-201.49,11.85,-184.09,4.32,-153.51,26.65,-154.68,13.49,-141.29],"uvs":[0.99999,0.51756,0.98007,0.64975,0.85815,0.73527,0.81678,0.99706,0.57389,1,0.17525,0.96181,0.25889,0.68794,0,0.41475,0,0.24968,0.24249,0.21135,0.32296,0,0.44245,0,0.59381,0,0.64949,0.21737,0.52211,0.59981,0.9005,0.58512,0.67745,0.75256],"triangles":[15,1,0,13,15,0,13,14,15,15,2,1,16,3,2,16,2,15,14,16,15,16,4,3,9,14,13,12,11,13,6,4,16,14,6,16,6,5,4,11,9,13,9,7,14,7,6,14,10,9,11,8,7,9],"weights":[2,4,0.72845,13,0.27153,2,4,0.84395,13,0.15604,2,4,0.9481,13,0.05189,1,4,1,1,4,1,1,4,1,2,4,0.77753,13,0.22246,1,13,0.99999,1,13,1,1,13,1,1,13,1,1,13,1,1,13,1,2,4,0.02646,13,0.97353,2,4,0.57032,13,0.42967,2,4,0.75717,13,0.24282,2,4,0.97683,13,0.02316],"slotPose":[1,0,0,1,0,0],"bonePose":[4,0.063313,-0.997994,0.997994,0.063313,-1.86,-126.67,13,0.044142,-0.999025,0.999025,0.044142,-1.850112,-159.204648],"edges":[7,6,6,5,5,4,4,3,3,2,2,1,1,0,0,13,13,12,12,11,11,10,10,9,9,8,8,7],"userEdges":[]}]},{"name":"quqi_dabi2","display":[{"type":"mesh","name":"quqi_dabi2","width":20,"height":46,"vertices":[26.51,-141.77,17.47,-137.07,7.46,-142.02,6.55,-180.49,26.53,-180.47],"uvs":[0.99999,0.84163,0.54825,0.9438,0.04699,0.83652,0,0,0.99998,0],"triangles":[3,2,4,4,2,0,2,1,0],"weights":[1,19,1,1,19,1,1,19,1,1,19,1,1,19,1],"slotPose":[1,0,0,1,0,0],"bonePose":[19,0.022164,0.999754,-0.999754,0.022164,16.335486,-172.975313],"edges":[3,2,2,1,1,0,0,4,4,3],"userEdges":[]}]},{"name":"quqi_shou1","display":[{"type":"mesh","name":"quqi_shou1","width":25,"height":25,"vertices":[-3.5,-112.49,-12.85,-112.51,-18.63,-118.61,-28.49,-122.03,-28.48,-133.51,-18.01,-135.61,-3.49,-137.48],"uvs":[0.99998,0.99998,0.626,0.99999,0.39479,0.7556,0,0.619,0,0.15979,0.4192,0.0752,1,0],"triangles":[5,2,6,6,2,0,2,1,0,3,2,5,4,3,5],"weights":[1,33,1,1,33,1,1,33,1,1,33,1,1,33,1,1,33,1,1,33,1],"slotPose":[1,0,0,1,0,0],"bonePose":[33,0.917824,0.396988,-0.396988,0.917824,-22.743925,-128.659653],"edges":[3,2,2,1,1,0,0,6,6,5,5,4,4,3],"userEdges":[]}]},{"name":"quqi_jiao1","display":[{"type":"mesh","name":"quqi_jiao1","width":22,"height":27,"vertices":[-1.49,1.79,-0.01,4.41,0.48,6.46,-0.1,11.48,-7.44,11.47,-15.63,8.11,-18.32,1.63,-21.51,-2.9,-20.68,-11.75,-17.26,-15.52,-8.9,-15.51,-5.42,-3.79,-15.66,-8.09,-11.7,0.04,-6.79,6.15],"uvs":[0.91054,0.64093,0.97763,0.73811,1,0.81404,0.9739,0.99999,0.64019,0.99998,0.26747,0.87548,0.14536,0.63555,0.00001,0.46782,0.03727,0.1397,0.19292,0,0.5731,0,0.73163,0.43429,0.26542,0.27532,0.44617,0.57648,0.66954,0.80298],"triangles":[14,2,1,0,14,1,2,14,3,14,4,3,11,14,0,10,12,11,12,13,11,13,14,11,5,4,14,13,5,14,9,12,10,7,6,12,6,5,13,12,6,13,8,7,12,9,8,12],"weights":[2,24,0.29299,32,0.707,2,24,0.07346,32,0.92652,2,24,0.01696,32,0.98302,1,32,1,3,17,0.00393,24,0.00076,32,0.9953,3,17,0.23364,24,0.2156,32,0.55075,3,17,0.79359,24,0.13646,32,0.06993,3,17,0.99649,24,0.00284,32,0.00066,1,17,1,1,17,1,2,17,0.88892,24,0.11107,3,17,0.01705,24,0.95168,32,0.03125,3,17,0.77336,24,0.19903,32,0.0276,3,17,0.33272,24,0.54052,32,0.12673,3,17,0.07912,24,0.20635,32,0.71452],"slotPose":[1,0,0,1,0,0],"bonePose":[24,0.554409,0.832245,-0.832245,0.554409,-11.285552,-2.236846,32,0.634191,0.773177,-0.773177,0.634191,-7.784518,3.181028,17,0.38832,0.921525,-0.921525,0.38832,-15.651651,-10.640915],"edges":[7,6,6,5,5,4,4,3,3,2,2,1,1,0,0,11,11,10,10,9,9,8,8,7],"userEdges":[]}]},{"name":"quqi_xiaobi1","display":[{"type":"mesh","name":"quqi_xiaobi1","width":28,"height":31,"vertices":[-21.49,-125.67,-29.28,-124.51,-49.48,-142.61,-49.47,-154.33,-38.2,-155.5,-21.96,-135.05],"uvs":[0.99999,0.96209,0.72143,1,0.00001,0.41629,0.00001,0.0379,0.4025,0,0.98321,0.65951],"triangles":[2,1,5,4,2,5,1,0,5,3,2,4],"weights":[1,26,1,1,26,1,1,26,1,1,26,1,1,26,1,1,26,1],"slotPose":[1,0,0,1,0,0],"bonePose":[26,0.694156,0.719825,-0.719825,0.694156,-44.740368,-148.818782],"edges":[2,1,1,0,0,5,5,4,4,3,3,2],"userEdges":[]}]},{"name":"quqi_toufa2","display":[{"type":"mesh","name":"quqi_toufa2","width":90,"height":201,"vertices":[16.73,-216.24,15.07,-169.37,6.95,-122.11,4.49,-82.25,-20.61,-67.33,-61.27,-83.94,-70.51,-137.13,-58.34,-178.33,-47.41,-216.7,-34.45,-259.46,10.29,-252.96],"uvs":[0.96857,0.23495,0.95062,0.4681,0.86084,0.70326,0.83391,0.90151,0.55513,0.97588,0.10324,0.89347,0,0.6289,0.13466,0.42388,0.25586,0.23293,0.39951,0.02009,0.89675,0.05225],"triangles":[9,8,10,7,2,1,8,7,1,8,1,0,10,8,0,7,6,2,4,3,2,5,4,2,6,5,2],"weights":[2,29,0.88828,36,0.11171,3,29,0.22582,36,0.73187,38,0.0423,3,29,0.00069,36,0.39176,38,0.60754,2,36,0.08439,38,0.9156,2,36,0.02845,38,0.97154,1,38,1,1,38,1,3,29,0.01161,36,0.93161,38,0.05676,2,29,0.98364,36,0.01634,1,29,1,1,29,1],"slotPose":[1,0,0,1,0,0],"bonePose":[29,-0.150226,0.988652,-0.988652,-0.150226,-25.453453,-240.733245,36,-0.367475,0.930033,-0.930033,-0.367475,-33.980931,-188.673503,38,-0.108173,0.994132,-0.994132,-0.108173,-48.728536,-153.308512],"edges":[6,5,5,4,4,3,3,2,2,1,1,0,0,10,10,9,9,8,8,7,7,6],"userEdges":[]}]},{"name":"quqi_datui2","display":[{"type":"mesh","name":"quqi_datui2","width":30,"height":56,"vertices":[31.5,-55.5,21.33,-55.52,13.52,-57.47,4.07,-79.11,1.51,-111.51,27.5,-111.5,16.61,-100.4,21.52,-84.18,25.84,-66.72],"uvs":[1,1,0.661,0.99959,0.4006,0.96507,0.08538,0.57862,0,0,0.86636,0,0.5038,0.19849,0.66727,0.48805,0.81136,0.79976],"triangles":[6,7,5,7,8,5,8,1,0,5,8,0,7,3,8,4,6,5,3,2,8,2,1,8,6,3,7,4,3,6],"weights":[1,10,1,1,10,1,1,10,1,1,10,1,1,10,1,1,10,1,1,10,1,1,10,1,1,10,1],"slotPose":[1,0,0,1,0,0],"bonePose":[10,0.308685,0.951164,-0.951164,0.308685,10.29,-105.59],"edges":[4,3,3,2,2,1,1,0,0,5,5,4],"userEdges":[]}]},{"name":"quqi_shou2","display":[{"type":"mesh","name":"quqi_shou2","width":20,"height":32,"vertices":[42.47,-89.48,22.48,-89.49,22.5,-121.49,42.5,-121.47],"uvs":[1,1,0,1,0,0,1,0],"triangles":[1,0,3,2,1,3],"weights":[1,31,1,1,31,1,1,31,1,1,31,1],"slotPose":[1,0,0,1,0,0],"bonePose":[31,0.061745,0.998092,-0.998092,0.061745,33.969997,-116.552456],"edges":[1,0,0,3,3,2,2,1],"userEdges":[]}]},{"name":"quqi_datui1","display":[{"type":"mesh","name":"quqi_datui1","width":51,"height":57,"vertices":[-5.52,-53.52,-25.48,-53.52,-25.47,-110.51,1.25,-110.5,-12.67,-97.6,-13.41,-82.07,-13.94,-67.16],"uvs":[0.39182,0.99998,0,1,0,0,0.52421,0,0.25133,0.22674,0.23695,0.49906,0.2265,0.76061],"triangles":[5,6,0,2,4,3,5,0,3,4,5,3,6,1,0,1,6,5,2,5,4,2,1,5],"weights":[1,9,1,1,9,1,1,9,1,1,9,1,1,9,0.99999,1,9,0.99999,1,9,1],"slotPose":[1,0,0,1,0,0],"bonePose":[9,-0.027224,0.999629,-0.999629,-0.027224,-13.44,-104.18],"edges":[1,0,0,3,3,2,2,1],"userEdges":[]}]}]}],"animation":[{"duration":60,"name":"animation","bone":[{"name":"quqi_shenti","rotateFrame":[{"duration":24,"tweenEasing":0},{"duration":36,"tweenEasing":0,"rotate":-2.25},{"duration":0}]},{"name":"quqi_shenti2","rotateFrame":[{"duration":24,"tweenEasing":0},{"duration":36,"tweenEasing":0,"rotate":-4.7},{"duration":0}]},{"name":"quqi_tou","rotateFrame":[{"duration":24,"tweenEasing":0},{"duration":36,"tweenEasing":0,"rotate":3.69},{"duration":0}]},{"name":"quqi_toufa2","rotateFrame":[{"duration":24,"tweenEasing":0},{"duration":36,"tweenEasing":0,"rotate":8.44},{"duration":0}]},{"name":"quqi_toufa3","rotateFrame":[{"duration":24,"tweenEasing":0},{"duration":36,"tweenEasing":0,"rotate":2.85},{"duration":0}]},{"name":"quqi_toufa4","rotateFrame":[{"duration":24,"tweenEasing":0},{"duration":36,"tweenEasing":0,"rotate":4.92},{"duration":0}]},{"name":"quqi_toufa5","rotateFrame":[{"duration":24},{"duration":10,"tweenEasing":0},{"duration":26,"tweenEasing":0,"rotate":5.03},{"duration":0}]},{"name":"quqi_toufa6","rotateFrame":[{"duration":24},{"duration":10,"tweenEasing":0},{"duration":26,"tweenEasing":0,"rotate":6.26},{"duration":0}]},{"name":"quqi_toufa7","rotateFrame":[{"duration":24,"tweenEasing":0},{"duration":36,"tweenEasing":0,"rotate":-2.96},{"duration":0}]},{"name":"quqi_toufa8","rotateFrame":[{"duration":24},{"duration":10,"tweenEasing":0},{"duration":26,"tweenEasing":0,"rotate":-6.36},{"duration":0}]},{"name":"quqi_toufa9","rotateFrame":[{"duration":24},{"duration":10,"tweenEasing":0},{"duration":26,"tweenEasing":0,"rotate":-7.4},{"duration":0}]},{"name":"qushi_dabi1","rotateFrame":[{"duration":24,"tweenEasing":0},{"duration":36,"tweenEasing":0,"rotate":10.28},{"duration":0}]},{"name":"quqi_xiaobi1","rotateFrame":[{"duration":24,"tweenEasing":0},{"duration":36,"tweenEasing":0,"rotate":-10.55},{"duration":0}]},{"name":"quqi_dabi2","rotateFrame":[{"duration":24,"tweenEasing":0},{"duration":36,"tweenEasing":0,"rotate":11.28},{"duration":0}]},{"name":"quqi_xiaobi2","rotateFrame":[{"duration":24,"tweenEasing":0},{"duration":36,"tweenEasing":0,"rotate":10.21},{"duration":0}]},{"name":"quqi_qunzi2","rotateFrame":[{"duration":24,"tweenEasing":0},{"duration":36,"tweenEasing":0,"rotate":8.53},{"duration":0}]},{"name":"quqi_qunzi5","rotateFrame":[{"duration":24,"tweenEasing":0},{"duration":36,"tweenEasing":0,"rotate":-8.4},{"duration":0}]}],"slot":[{"name":"quqi_biyan","displayFrame":[{"duration":23,"value":-1},{},{"duration":36,"value":-1}]}],"ffd":[{"name":"quqi_datui1","slot":"quqi_datui1","frame":[{"duration":24,"tweenEasing":0},{"duration":36,"tweenEasing":0,"offset":8,"vertices":[-3.06,0.02,-3.06,0.02,-3.06,0.02]},{"duration":0}]},{"name":"quqi_datui2","slot":"quqi_datui2","frame":[{"duration":24,"tweenEasing":0},{"duration":36,"tweenEasing":0,"offset":12,"vertices":[2.87,-0.07,2.87,-0.07,2.87,-0.07]},{"duration":0}]},{"name":"quqi_jiao1","slot":"quqi_jiao1","frame":[{"duration":24,"tweenEasing":0},{"duration":36,"tweenEasing":0,"offset":12,"vertices":[-0.67,0.1,-0.44,0.43,0,0,-1.8,0.31,-1.8,0.31,0,0,-1.8,0.31,-1.8,0.31,-1.8,0.31]},{"duration":0}]},{"name":"quqi_jiao2","slot":"quqi_jiao2","frame":[{"duration":24,"tweenEasing":0},{"duration":36,"tweenEasing":0,"offset":8,"vertices":[0.99,0.02,0.99,0.02,0,0,0,0,0,0,0,0,0.99,0.02,0.99,0.02,0.99,0.02]},{"duration":0}]},{"name":"quqi_qunzi1","slot":"quqi_qunzi1","frame":[{"duration":24,"tweenEasing":0},{"duration":36,"tweenEasing":0,"offset":16,"vertices":[2.96,-2.66,1.48,-1.77,1.48,-1.77,0,-1.77,1.48,-1.77,1.48,-1.77,1.48,-1.77]},{"duration":0}]},{"name":"quqi_shenti","slot":"quqi_shenti","frame":[{"duration":24,"tweenEasing":0},{"duration":36,"tweenEasing":0,"offset":28,"vertices":[-0.52,-2.36,0.4,-2.76,1.19,-0.65]},{"duration":0}]},{"name":"quqi_xiaotui1","slot":"quqi_xiaotui1","frame":[{"duration":24,"tweenEasing":0},{"duration":36,"tweenEasing":0,"offset":8,"vertices":[-2.86,-0.03,-2.86,-0.03,-2.86,-0.03]},{"duration":0}]},{"name":"quqi_xiaotui2","slot":"quqi_xiaotui2","frame":[{"duration":24,"tweenEasing":0},{"duration":36,"tweenEasing":0,"offset":14,"vertices":[2.23,0.04,2.23,0.04,2.23,0.04]},{"duration":0}]}]}],"defaultActions":[{"gotoAndPlay":"animation"}]}]}