{"frameRate":30,"isGlobal":0,"armature":[{"bone":[{"name":"root","transform":{}},{"transform":{},"name":"Fuji","parent":"root"},{"transform":{"y":7.09,"x":-46.72},"name":"foot_r","parent":"root"},{"transform":{"y":-30.42,"x":-79.4},"name":"leg_r","parent":"root"},{"transform":{"y":-4.72,"x":4.53},"name":"foot_l","parent":"root"},{"transform":{"y":-40.02,"x":-28.96},"name":"leg_l","parent":"root"},{"transform":{"y":-50,"x":-65},"name":"bip","parent":"Fuji"},{"length":40,"transform":{"y":19.85,"skX":-58.34,"skY":-58.34,"x":8.13},"parent":"bip","name":"Body"},{"length":49,"transform":{"y":-6.19,"skX":51.39,"skY":51.39,"x":-8.14},"parent":"bip","name":"Thigh_R"},{"length":52,"transform":{"y":-17.44,"skX":47.08,"skY":47.08,"x":41.28},"parent":"bip","name":"Thigh_L"},{"length":51,"transform":{"y":-0.18,"skX":15.97,"skY":15.97,"x":40.91},"parent":"Body","name":"spine"},{"length":34,"transform":{"y":6.25,"skX":152.23,"skY":152.23,"x":47.14},"parent":"Thigh_L","name":"Leg1_L"},{"length":31,"transform":{"y":8.06,"skX":155.5,"skY":155.5,"x":44.71},"parent":"Thigh_R","name":"Leg1_R"},{"length":45,"transform":{"y":17.29,"skX":135.55,"skY":135.55,"x":25.09},"parent":"spine","name":"UpArm_R"},{"length":21,"transform":{"y":-0.41,"skX":-143.56,"skY":-143.56,"x":34.35},"parent":"Leg1_L","name":"Leg2_L"},{"length":19,"transform":{"y":-2.41,"skX":-155.61,"skY":-155.61,"x":30.96},"parent":"Leg1_R","name":"Leg2_R"},{"length":32,"transform":{"y":44.77,"skX":96.55,"skY":96.55,"x":47.3},"parent":"spine","name":"UpArm_L"},{"length":83,"transform":{"y":-0.04,"skX":29.48,"skY":29.48,"x":51.33},"parent":"spine","name":"head"},{"transform":{"y":83.59,"x":41.53},"name":"Belly","parent":"spine"},{"length":27,"transform":{"y":-0.04,"skX":-34.92,"skY":-34.92,"x":43.87},"parent":"UpArm_R","name":"Arm_R"},{"length":31,"transform":{"y":0.75,"skX":-15.76,"skY":-15.76,"x":17.4},"parent":"Leg2_L","name":"Foot_L"},{"length":23,"transform":{"y":0.25,"skX":-1.45,"skY":-1.45,"x":35.23},"parent":"UpArm_L","name":"Arm_L"},{"length":30,"transform":{"y":1.74,"skX":-11.02,"skY":-11.02,"x":18.72},"parent":"Leg2_R","name":"Foot_R"},{"length":31,"transform":{"y":-0.73,"skX":-44.28,"skY":-44.28,"x":26.92},"parent":"Arm_R","name":"Hand_R"},{"length":22,"transform":{"y":1.3,"skX":-2.97,"skY":-2.97,"x":23.19},"parent":"Arm_L","name":"Hand_L"}],"type":"Armature","frameRate":30,"animation":[{"bone":[{"frame":[{"transform":{},"duration":20},{"transform":{},"duration":20},{"transform":{},"duration":20},{"transform":{},"duration":20},{"transform":{},"duration":0}],"name":"Body"},{"frame":[{"curve":[0.25,0,0.75,1],"transform":{},"duration":20},{"curve":[0.25,0,0.75,1],"transform":{"scY":0.94,"y":-11.63,"scX":1.058,"x":-5.26},"duration":20},{"curve":[0.25,0,0.75,1],"transform":{},"duration":20},{"curve":[0.25,0,0.75,1],"transform":{"scY":0.94,"y":-11.63,"scX":1.058,"x":-5.26},"duration":20},{"transform":{},"duration":0}],"name":"Belly"},{"frame":[{"curve":[0.248,0,0.6915,0.765],"transform":{},"duration":20},{"curve":[0.25,0,0.75,1],"transform":{"scY":1.005,"skX":-13.07,"skY":-13.07,"scX":0.976},"duration":20},{"curve":[0.25,0,0.75,1],"transform":{},"duration":20},{"curve":[0.25,0,0.75,1],"transform":{"scY":1.005,"skX":-13.07,"skY":-13.07,"scX":0.976},"duration":20},{"transform":{},"duration":0}],"name":"UpArm_L"},{"frame":[{"curve":[0.25,0,0.75,1],"transform":{},"duration":20},{"curve":[0.25,0,0.75,1],"transform":{"skX":17.7,"skY":17.7},"duration":20},{"curve":[0.25,0,0.75,1],"transform":{},"duration":20},{"curve":[0.25,0,0.75,1],"transform":{"skX":17.7,"skY":17.7},"duration":20},{"transform":{},"duration":0}],"name":"Arm_L"},{"frame":[{"curve":[0.25,0,0.75,1],"transform":{},"duration":20},{"curve":[0.25,0,0.75,1],"transform":{"scY":1.015,"skX":-7.77,"skY":-7.77,"scX":0.988},"duration":20},{"curve":[0.25,0,0.75,1],"transform":{},"duration":20},{"curve":[0.25,0,0.75,1],"transform":{"scY":1.015,"skX":-7.77,"skY":-7.77,"scX":0.988},"duration":20},{"transform":{},"duration":0}],"name":"Hand_L"},{"frame":[{"curve":[0.248,0,0.6915,0.765],"transform":{},"duration":20},{"curve":[0.25,0,0.75,1],"transform":{"scY":1.026,"skX":-0.85,"skY":-0.85,"scX":0.974},"duration":20},{"curve":[0.25,0,0.75,1],"transform":{},"duration":20},{"curve":[0.25,0,0.75,1],"transform":{"scY":1.026,"skX":-0.85,"skY":-0.85,"scX":0.974},"duration":20},{"transform":{},"duration":0}],"name":"UpArm_R"},{"frame":[{"curve":[0.25,0,0.75,1],"transform":{},"duration":20},{"curve":[0.25,0,0.75,1],"transform":{"skX":-3.15,"skY":-3.15},"duration":20},{"curve":[0.25,0,0.75,1],"transform":{},"duration":20},{"curve":[0.25,0,0.75,1],"transform":{"skX":-3.15,"skY":-3.15},"duration":20},{"transform":{},"duration":0}],"name":"Arm_R"},{"frame":[{"curve":[0.25,0,0.75,1],"transform":{},"duration":20},{"curve":[0.25,0,0.75,1],"transform":{"scY":1.006,"skX":2.79,"skY":2.79,"scX":0.982},"duration":20},{"curve":[0.25,0,0.75,1],"transform":{},"duration":20},{"curve":[0.25,0,0.75,1],"transform":{"scY":1.006,"skX":2.79,"skY":2.79,"scX":0.982},"duration":20},{"transform":{},"duration":0}],"name":"Hand_R"},{"frame":[{"curve":[0.25,0,0.75,1],"transform":{"skX":0.09,"skY":0.09},"duration":2},{"curve":[0.25,0,0.75,1],"transform":{},"duration":20},{"curve":[0.245,0,0.71,0.83],"transform":{"skX":2.29,"skY":2.29},"duration":18},{"curve":[0.359,0.64,0.695,1],"transform":{"skX":0.09,"skY":0.09},"duration":2},{"curve":[0.25,0,0.75,1],"transform":{},"duration":20},{"curve":[0.245,0,0.71,0.83],"transform":{"skX":2.29,"skY":2.29},"duration":18},{"transform":{"skX":0.09,"skY":0.09},"duration":0}],"name":"head"},{"frame":[{"curve":[0.25,0,0.75,1],"transform":{},"duration":20},{"curve":[0.25,0,0.75,1],"transform":{"skX":-0.77,"skY":-0.77},"duration":20},{"curve":[0.25,0,0.75,1],"transform":{},"duration":20},{"curve":[0.25,0,0.75,1],"transform":{"skX":-0.77,"skY":-0.77},"duration":20},{"transform":{},"duration":0}],"name":"Thigh_L"},{"frame":[{"curve":[0.25,0,0.75,1],"transform":{},"duration":20},{"curve":[0.25,0,0.75,1],"transform":{"skX":3.72,"skY":3.72},"duration":20},{"curve":[0.25,0,0.75,1],"transform":{},"duration":20},{"curve":[0.25,0,0.75,1],"transform":{"skX":3.72,"skY":3.72},"duration":20},{"transform":{},"duration":0}],"name":"Leg1_L"},{"frame":[{"curve":[0.25,0,0.75,1],"transform":{},"duration":20},{"curve":[0.25,0,0.75,1],"transform":{"skX":-0.65,"skY":-0.65},"duration":20},{"curve":[0.25,0,0.75,1],"transform":{},"duration":20},{"curve":[0.25,0,0.75,1],"transform":{"skX":-0.65,"skY":-0.65},"duration":20},{"transform":{},"duration":0}],"name":"Leg2_L"},{"frame":[{"curve":[0.25,0,0.75,1],"transform":{},"duration":20},{"curve":[0.25,0,0.75,1],"transform":{"skX":-3.32,"skY":-3.32},"duration":20},{"curve":[0.25,0,0.75,1],"transform":{},"duration":20},{"curve":[0.25,0,0.75,1],"transform":{"skX":-3.32,"skY":-3.32},"duration":20},{"transform":{},"duration":0}],"name":"Foot_L"},{"frame":[{"curve":[0.25,0,0.75,1],"transform":{},"duration":20},{"curve":[0.25,0,0.75,1],"transform":{"skX":-1.07,"skY":-1.07},"duration":20},{"curve":[0.25,0,0.75,1],"transform":{},"duration":20},{"curve":[0.25,0,0.75,1],"transform":{"skX":-1.07,"skY":-1.07},"duration":20},{"transform":{},"duration":0}],"name":"Thigh_R"},{"frame":[{"curve":[0.25,0,0.75,1],"transform":{},"duration":20},{"curve":[0.25,0,0.75,1],"transform":{"skX":5.76,"skY":5.76},"duration":20},{"curve":[0.25,0,0.75,1],"transform":{},"duration":20},{"curve":[0.25,0,0.75,1],"transform":{"skX":5.76,"skY":5.76},"duration":20},{"transform":{},"duration":0}],"name":"Leg1_R"},{"frame":[{"curve":[0.25,0,0.75,1],"transform":{},"duration":20},{"curve":[0.25,0,0.75,1],"transform":{"skX":-0.85,"skY":-0.85},"duration":20},{"curve":[0.25,0,0.75,1],"transform":{},"duration":20},{"curve":[0.25,0,0.75,1],"transform":{"skX":-0.85,"skY":-0.85},"duration":20},{"transform":{},"duration":0}],"name":"Leg2_R"},{"frame":[{"curve":[0.25,0,0.75,1],"transform":{},"duration":20},{"curve":[0.25,0,0.75,1],"transform":{"skX":-4.13,"skY":-4.13},"duration":20},{"curve":[0.25,0,0.75,1],"transform":{},"duration":20},{"curve":[0.25,0,0.75,1],"transform":{"skX":-4.13,"skY":-4.13},"duration":20},{"transform":{},"duration":0}],"name":"Foot_R"},{"frame":[{"curve":[0.25,0,0.75,1],"transform":{},"duration":20},{"curve":[0.25,0,0.75,1],"transform":{"y":1.66,"skX":0.31,"skY":0.31},"duration":20},{"curve":[0.25,0,0.75,1],"transform":{},"duration":20},{"curve":[0.25,0,0.75,1],"transform":{"y":1.66,"skX":0.31,"skY":0.31},"duration":20},{"transform":{},"duration":0}],"name":"bip"},{"frame":[{"curve":[0.25,0,0.75,1],"transform":{},"duration":20},{"curve":[0.25,0,0.75,1],"transform":{"skX":1.85,"skY":1.85},"duration":20},{"curve":[0.25,0,0.75,1],"transform":{},"duration":20},{"curve":[0.25,0,0.75,1],"transform":{"skX":1.85,"skY":1.85},"duration":20},{"transform":{},"duration":0}],"name":"spine"},{"frame":[{"transform":{},"duration":40},{"transform":{},"duration":40},{"transform":{},"duration":0}],"name":"leg_l"},{"frame":[{"transform":{},"duration":40},{"transform":{},"duration":40},{"transform":{},"duration":0}],"name":"foot_l"},{"frame":[{"transform":{},"duration":40},{"transform":{},"duration":40},{"transform":{},"duration":0}],"name":"leg_r"},{"frame":[{"transform":{},"duration":40},{"transform":{},"duration":40},{"transform":{},"duration":0}],"name":"foot_r"},{"frame":[{"transform":{},"duration":80}],"name":"root"},{"frame":[{"transform":{},"duration":80}],"name":"Fuji"}],"slot":[{"frame":[{"tweenEasing":0,"duration":40},{"tweenEasing":0,"duration":40},{"tweenEasing":null,"duration":0}],"name":"Arm_L"},{"frame":[{"tweenEasing":0,"duration":40},{"tweenEasing":0,"duration":40},{"tweenEasing":null,"duration":0}],"name":"Arm_R"},{"frame":[{"tweenEasing":0,"duration":40},{"tweenEasing":0,"duration":40},{"tweenEasing":null,"duration":0}],"name":"Belly"},{"frame":[{"tweenEasing":0,"duration":40},{"tweenEasing":0,"duration":40},{"tweenEasing":null,"duration":0}],"name":"Body"},{"frame":[{"displayIndex":-1,"tweenEasing":0,"duration":40},{"displayIndex":-1,"tweenEasing":0,"duration":14},{"tweenEasing":0,"duration":3},{"displayIndex":-1,"tweenEasing":0,"duration":23},{"displayIndex":-1,"tweenEasing":null,"duration":0}],"name":"Eye"},{"frame":[{"tweenEasing":0,"duration":40},{"tweenEasing":0,"duration":40},{"tweenEasing":null,"duration":0}],"name":"Foot_L"},{"frame":[{"tweenEasing":0,"duration":40},{"tweenEasing":0,"duration":40},{"tweenEasing":null,"duration":0}],"name":"Foot_R"},{"frame":[{"tweenEasing":0,"duration":40},{"tweenEasing":0,"duration":40},{"tweenEasing":null,"duration":0}],"name":"Hand_L"},{"frame":[{"tweenEasing":0,"duration":40},{"tweenEasing":0,"duration":40},{"tweenEasing":null,"duration":0}],"name":"Hand_R"},{"frame":[{"tweenEasing":0,"duration":40},{"tweenEasing":0,"duration":40},{"tweenEasing":null,"duration":0}],"name":"Leg1_L"},{"frame":[{"tweenEasing":0,"duration":40},{"tweenEasing":0,"duration":40},{"tweenEasing":null,"duration":0}],"name":"Leg1_R"},{"frame":[{"tweenEasing":0,"duration":40},{"tweenEasing":0,"duration":40},{"tweenEasing":null,"duration":0}],"name":"Leg2_L"},{"frame":[{"tweenEasing":0,"duration":40},{"tweenEasing":0,"duration":40},{"tweenEasing":null,"duration":0}],"name":"Leg2_R"},{"frame":[{"tweenEasing":0,"duration":80},{"tweenEasing":null,"duration":0}],"name":"Thigh_L"},{"frame":[{"tweenEasing":0,"duration":40},{"tweenEasing":0,"duration":40},{"tweenEasing":null,"duration":0}],"name":"Thigh_R"},{"frame":[{"tweenEasing":0,"duration":40},{"tweenEasing":0,"duration":40},{"tweenEasing":null,"duration":0}],"name":"UpArm_L"},{"frame":[{"tweenEasing":0,"duration":40},{"tweenEasing":0,"duration":40},{"tweenEasing":null,"duration":0}],"name":"UpArm_R"}],"ffd":[{"frame":[{"offset":0,"tweenEasing":null,"vertices":[],"duration":80},{"offset":0,"tweenEasing":null,"vertices":[],"duration":0}],"slot":"Belly","scale":1,"offset":0,"skin":"","name":"Belly"},{"frame":[{"offset":0,"tweenEasing":null,"vertices":[],"duration":80},{"offset":0,"tweenEasing":null,"vertices":[],"duration":0}],"slot":"Body","scale":1,"offset":0,"skin":"","name":"Body"}],"frame":[],"name":"0000_daiji","duration":80,"ik":[]},{"bone":[{"frame":[{"curve":[0.25,0,0.75,1],"transform":{"skX":-17.33,"skY":-17.33},"duration":3},{"curve":[0.25,0,0.75,1],"transform":{"skX":-15.36,"skY":-15.36},"duration":3},{"curve":[0.25,0,0.75,1],"transform":{"skX":22.13,"skY":22.13},"duration":9},{"transform":{"skX":-17.33,"skY":-17.33},"duration":0}],"name":"Foot_R"},{"frame":[{"curve":[0.25,0,0.75,1],"transform":{"skX":3.54,"skY":3.54},"duration":3},{"curve":[0.25,0,0.75,1],"transform":{"skX":81.69,"skY":81.69},"duration":3},{"curve":[0.25,0,0.75,1],"transform":{"skX":100.11,"skY":100.11},"duration":9},{"transform":{"skX":3.54,"skY":3.54},"duration":0}],"name":"Leg2_L"},{"frame":[{"curve":[0.25,0,0.75,1],"transform":{"skX":22.01,"skY":22.01},"duration":3},{"curve":[0.25,0,0.75,1],"transform":{"skX":-34.72,"skY":-34.72},"duration":3},{"curve":[0.25,0,0.75,1],"transform":{"skX":-68.82,"skY":-68.82},"duration":9},{"transform":{"skX":22.01,"skY":22.01},"duration":0}],"name":"Leg1_R"},{"frame":[{"curve":[0.25,0,0.75,1],"transform":{"skX":-7.2,"skY":-7.2},"duration":3},{"curve":[0.25,0,0.75,1],"transform":{"skX":11.53,"skY":11.53},"duration":3},{"curve":[0.25,0,0.75,1],"transform":{"skX":2.39,"skY":2.39},"duration":3},{"curve":[0.25,0,0.75,1],"transform":{"skX":9.86,"skY":9.86},"duration":3},{"curve":[0.25,0,0.75,1],"transform":{"skX":17.1,"skY":17.1},"duration":3},{"transform":{"skX":-7.2,"skY":-7.2},"duration":0}],"name":"Hand_L"},{"frame":[{"curve":[0.25,0,0.75,1],"transform":{"skX":-15.04,"skY":-15.04},"duration":3},{"curve":[0.25,0,0.75,1],"transform":{"skX":-0.82,"skY":-0.82},"duration":3},{"curve":[0.25,0,0.75,1],"transform":{"skX":69.2,"skY":69.2},"duration":9},{"transform":{"skX":-15.04,"skY":-15.04},"duration":0}],"name":"Thigh_R"},{"frame":[{"curve":[0.25,0,0.75,1],"transform":{"skX":-11.92,"skY":-11.92},"duration":3},{"curve":[0.25,0,0.75,1],"transform":{"skX":13.03,"skY":13.03},"duration":3},{"curve":[0.25,0,0.75,1],"transform":{"skX":82.48,"skY":82.48},"duration":9},{"transform":{"skX":-11.92,"skY":-11.92},"duration":0}],"name":"Thigh_L"},{"frame":[{"curve":[0.25,0,0.75,1],"transform":{"skX":-4.43,"skY":-4.43},"duration":3},{"curve":[0.25,0,0.75,1],"transform":{"skX":-14.52,"skY":-14.52},"duration":3},{"curve":[0.25,0,0.75,1],"transform":{"skX":16.12,"skY":16.12},"duration":9},{"transform":{"skX":-4.43,"skY":-4.43},"duration":0}],"name":"Foot_L"},{"frame":[{"curve":[0.25,0,0.75,1],"transform":{"skX":3.31,"skY":3.31},"duration":3},{"curve":[0.25,0,0.75,1],"transform":{"skX":14.44,"skY":14.44},"duration":3},{"curve":[0.25,0,0.75,1],"transform":{"skX":-0.4,"skY":-0.4},"duration":3},{"curve":[0.25,0,0.75,1],"transform":{"skX":-17.14,"skY":-17.14},"duration":3},{"curve":[0.25,0,0.75,1],"transform":{"skX":-19.75,"skY":-19.75},"duration":3},{"transform":{"skX":3.31,"skY":3.31},"duration":0}],"name":"head"},{"frame":[{"curve":[0.25,0,0.75,1],"transform":{"skX":8.44,"skY":8.44},"duration":3},{"curve":[0.25,0,0.75,1],"transform":{"skX":92.52,"skY":92.52},"duration":3},{"curve":[0.25,0,0.75,1],"transform":{"skX":90.95,"skY":90.95},"duration":9},{"transform":{"skX":8.44,"skY":8.44},"duration":0}],"name":"Leg2_R"},{"frame":[{"curve":[0.25,0,0.75,1],"transform":{"skX":2,"skY":2},"duration":3},{"curve":[0.25,0,0.75,1],"transform":{"skX":7.04,"skY":7.04},"duration":3},{"curve":[0.25,0,0.75,1],"transform":{"skX":-15.89,"skY":-15.89},"duration":6},{"curve":[0.25,0,0.75,1],"transform":{"skX":3.65,"skY":3.65},"duration":3},{"transform":{"skX":2,"skY":2},"duration":0}],"name":"spine"},{"frame":[{"curve":[0.25,0,0.75,1],"transform":{"scY":1.101,"skX":10.18,"skY":10.18,"scX":1.067},"duration":3},{"curve":[0.25,0,0.75,1],"transform":{"scY":1.101,"skX":13.49,"skY":13.49,"scX":1.067},"duration":3},{"curve":[0.25,0,0.625,0.5],"transform":{"scY":1.101,"skX":27.29,"skY":27.29,"scX":1.067},"duration":3},{"curve":[0.375,0.5,0.75,1],"transform":{"scY":1.101,"skX":-2.98,"skY":-2.98,"scX":1.067},"duration":3},{"curve":[0.25,0,0.75,1],"transform":{"scY":1.101,"skX":12.25,"skY":12.25,"scX":1.067},"duration":3},{"transform":{"scY":1.101,"skX":10.18,"skY":10.18,"scX":1.067},"duration":0}],"name":"Hand_R"},{"frame":[{"curve":[0.25,0,0.75,1],"transform":{"skX":58.6,"skY":58.6},"duration":3},{"curve":[0.25,0,0.75,1],"transform":{"skX":37.94,"skY":37.94},"duration":3},{"curve":[0.25,0,0.75,1],"transform":{"skX":24.09,"skY":24.09},"duration":3},{"curve":[0.25,0,0.75,1],"transform":{"skX":30.62,"skY":30.62},"duration":3},{"curve":[0.25,0,0.75,1],"transform":{"skX":45.34,"skY":45.34},"duration":3},{"transform":{"skX":58.6,"skY":58.6},"duration":0}],"name":"Arm_L"},{"frame":[{"curve":[0.25,0,0.75,1],"transform":{"y":-8.25,"skX":-43.05,"skY":-43.05,"x":-5.13},"duration":3},{"curve":[0.25,0,0.75,1],"transform":{"scY":0.952,"y":-8.25,"skX":-0.53,"skY":-0.53,"scX":1.032,"x":-5.13},"duration":3},{"curve":[0.25,0,0.75,1],"transform":{"scY":1.003,"y":-8.25,"skX":-61.07,"skY":-61.07,"scX":0.996,"x":-5.13},"duration":3},{"curve":[0.25,0,0.75,1],"transform":{"scY":1.003,"y":-8.25,"skX":-100.98,"skY":-100.98,"scX":0.996,"x":-5.13},"duration":3},{"curve":[0.25,0,0.75,1],"transform":{"scY":0.97,"y":-8.25,"skX":-100.04,"skY":-100.04,"scX":1.06,"x":-5.13},"duration":3},{"transform":{"y":-8.25,"skX":-43.05,"skY":-43.05,"x":-5.13},"duration":0}],"name":"UpArm_L"},{"frame":[{"curve":[0.25,0,0.75,1],"transform":{"skX":3.25,"skY":3.25,"scX":0.904},"duration":3},{"curve":[0.25,0,0.75,1],"transform":{"scY":0.98,"skX":2.88,"skY":2.88,"scX":1.015},"duration":3},{"curve":[0.25,0,0.75,1],"transform":{"scY":0.998,"skX":-45.46,"skY":-45.46,"scX":1.004},"duration":3},{"curve":[0.25,0,0.75,1],"transform":{"scY":0.998,"skX":-83.16,"skY":-83.16,"scX":1.004},"duration":3},{"curve":[0.25,0,0.75,1],"transform":{"scY":0.98,"skX":-58.64,"skY":-58.64,"scX":1.03},"duration":3},{"transform":{"skX":3.25,"skY":3.25,"scX":0.904},"duration":0}],"name":"UpArm_R"},{"frame":[{"curve":[0.25,0,0.75,1],"transform":{},"duration":3},{"curve":[0.25,0,0.75,1],"transform":{"y":7.37,"x":12.84},"duration":6},{"curve":[0.243,0,0.648,0.6],"transform":{"y":-29.82,"x":14.01},"duration":6},{"transform":{},"duration":0}],"name":"Belly"},{"frame":[{"curve":[0.25,0,0.75,1],"transform":{"skX":7.1,"skY":7.1},"duration":3},{"curve":[0.25,0,0.75,1],"transform":{"scY":0.979,"y":-2.95,"skX":3.71,"skY":3.71,"scX":1.05,"x":-4.8},"duration":3},{"curve":[0.25,0,0.75,1],"transform":{"scY":0.948,"y":-25.97,"skX":35.02,"skY":35.02,"scX":1.06,"x":-24.36},"duration":3},{"curve":[0.25,0,0.75,1],"transform":{"scY":0.948,"y":-18.09,"skX":52.5,"skY":52.5,"scX":1.06,"x":-21.63},"duration":3},{"curve":[0.25,0,0.75,1],"transform":{"scY":1.041,"y":-24.48,"skX":56.46,"skY":56.46,"scX":0.959,"x":-18.13},"duration":3},{"transform":{"skX":7.1,"skY":7.1},"duration":0}],"name":"Body"},{"frame":[{"curve":[0.25,0,0.75,1],"transform":{"skX":-25.14,"skY":-25.14},"duration":3},{"curve":[0.25,0,0.75,1],"transform":{"skX":5.73,"skY":5.73},"duration":3},{"curve":[0.25,0,0.75,1],"transform":{"skX":9.91,"skY":9.91},"duration":3},{"curve":[0.25,0,0.75,1],"transform":{"skX":-1.09,"skY":-1.09},"duration":3},{"curve":[0.25,0,0.75,1],"transform":{"skX":-4.72,"skY":-4.72},"duration":3},{"transform":{"skX":-25.14,"skY":-25.14},"duration":0}],"name":"Arm_R"},{"frame":[{"curve":[0.25,0,0.75,1],"transform":{"y":4.4,"x":-1.1},"duration":3},{"curve":[0.25,0,0.75,1],"transform":{"y":-38.44,"skX":-3.2,"skY":-3.2,"x":-3.6},"duration":3},{"curve":[0.25,0,0.75,1],"transform":{"y":-84.82,"skX":-3.2,"skY":-3.2,"x":24.13},"duration":3},{"curve":[0.25,0,0.75,1],"transform":{"y":-114.07,"skX":-3.2,"skY":-3.2,"x":42.19},"duration":3},{"curve":[0.25,0,0.75,1],"transform":{"y":-64.74,"skX":-1.34,"skY":-1.34,"x":57.24},"duration":3},{"transform":{"y":4.4,"x":-1.1},"duration":0}],"name":"bip"},{"frame":[{"curve":[0.25,0,0.75,1],"transform":{"skX":18.45,"skY":18.45},"duration":3},{"curve":[0.25,0,0.75,1],"transform":{"skX":-52.52,"skY":-52.52},"duration":3},{"curve":[0.25,0,0.75,1],"transform":{"skX":-75.1,"skY":-75.1},"duration":9},{"transform":{"skX":18.45,"skY":18.45},"duration":0}],"name":"Leg1_L"},{"frame":[{"transform":{},"duration":15},{"transform":{},"duration":0}],"name":"leg_r"},{"frame":[{"transform":{},"duration":15},{"transform":{},"duration":0}],"name":"foot_r"},{"frame":[{"transform":{},"duration":15},{"transform":{},"duration":0}],"name":"leg_l"},{"frame":[{"transform":{},"duration":15},{"transform":{},"duration":0}],"name":"foot_l"},{"frame":[{"transform":{},"duration":15}],"name":"root"},{"frame":[{"transform":{},"duration":15}],"name":"Fuji"}],"slot":[{"frame":[{"tweenEasing":0,"duration":15},{"tweenEasing":null,"duration":0}],"name":"Arm_L"},{"frame":[{"tweenEasing":0,"duration":15},{"tweenEasing":null,"duration":0}],"name":"Arm_R"},{"frame":[{"displayIndex":-1,"tweenEasing":0,"duration":15},{"displayIndex":-1,"tweenEasing":null,"duration":0}],"name":"Belly"},{"frame":[{"tweenEasing":0,"duration":15},{"tweenEasing":null,"duration":0}],"name":"Body"},{"frame":[{"displayIndex":-1,"tweenEasing":0,"duration":15},{"displayIndex":-1,"tweenEasing":null,"duration":0}],"name":"Eye"},{"frame":[{"tweenEasing":0,"duration":15},{"tweenEasing":null,"duration":0}],"name":"Foot_L"},{"frame":[{"tweenEasing":0,"duration":15},{"tweenEasing":null,"duration":0}],"name":"Foot_R"},{"frame":[{"tweenEasing":0,"duration":15},{"tweenEasing":null,"duration":0}],"name":"Hand_L"},{"frame":[{"tweenEasing":0,"duration":15},{"tweenEasing":null,"duration":0}],"name":"Hand_R"},{"frame":[{"tweenEasing":0,"duration":15},{"tweenEasing":null,"duration":0}],"name":"Leg1_L"},{"frame":[{"tweenEasing":0,"duration":15},{"tweenEasing":null,"duration":0}],"name":"Leg1_R"},{"frame":[{"tweenEasing":0,"duration":15},{"tweenEasing":null,"duration":0}],"name":"Leg2_L"},{"frame":[{"tweenEasing":0,"duration":15},{"tweenEasing":null,"duration":0}],"name":"Leg2_R"},{"frame":[{"tweenEasing":0,"duration":15},{"tweenEasing":null,"duration":0}],"name":"Thigh_L"},{"frame":[{"tweenEasing":0,"duration":15},{"tweenEasing":null,"duration":0}],"name":"Thigh_R"},{"frame":[{"tweenEasing":0,"duration":15},{"tweenEasing":null,"duration":0}],"name":"UpArm_L"},{"frame":[{"tweenEasing":0,"duration":15},{"tweenEasing":null,"duration":0}],"name":"UpArm_R"}],"ffd":[{"frame":[{"offset":0,"tweenEasing":null,"vertices":[],"duration":15},{"offset":0,"tweenEasing":null,"vertices":[],"duration":0}],"slot":"Belly","scale":1,"offset":0,"skin":"","name":"Belly"},{"frame":[{"offset":0,"tweenEasing":null,"vertices":[],"duration":15},{"offset":0,"tweenEasing":null,"vertices":[],"duration":0}],"slot":"Body","scale":1,"offset":0,"skin":"","name":"Body"}],"frame":[],"name":"0001_yidong","duration":15,"ik":[]},{"bone":[{"frame":[{"curve":[0.25,0,0.75,1],"transform":{},"duration":4},{"curve":[0.25,0,0.75,1],"transform":{"scY":0.983,"y":-10.47,"skX":13.94,"skY":13.94,"x":-6.47},"duration":3},{"curve":[0.25,0,0.75,1],"transform":{"scY":0.958,"y":-11.71,"skX":-16.02,"skY":-16.02,"scX":1.046,"x":-4.71},"duration":3},{"curve":[0.25,0,0.75,1],"transform":{"scY":0.958,"y":-11.71,"skX":23.74,"skY":23.74,"scX":1.046,"x":-4.71},"duration":2},{"curve":[0.25,0,0.75,1],"transform":{"y":-19.23,"skX":32.57,"skY":32.57,"x":-27.5},"duration":13},{"curve":[0.25,0,0.75,1],"transform":{"y":-8.87,"skX":14.61,"skY":14.61,"x":-14.8},"duration":5},{"transform":{},"duration":0}],"name":"Body"},{"frame":[{"curve":[0.25,0,0.75,1],"transform":{},"duration":2},{"curve":[0.25,0,0.75,1],"transform":{"y":-27.62,"x":-17.51},"duration":1},{"curve":[0.25,0,0.75,1],"transform":{"y":-30.6,"x":-18.13},"duration":1},{"curve":[0.25,0,0.75,1],"transform":{"y":-7.97,"x":-14.91},"duration":3},{"curve":[0.25,0,0.75,1],"transform":{"y":-12.98,"x":-29.08},"duration":3},{"curve":[0.25,0,0.75,1],"transform":{"y":-11.37,"x":-10.68},"duration":2},{"curve":[0.25,0,0.75,1],"transform":{"y":-13.77,"x":-8.16},"duration":13},{"curve":[0.25,0,0.75,1],"transform":{"y":-6.55,"x":-3.45},"duration":5},{"transform":{},"duration":0}],"name":"Belly"},{"frame":[{"curve":[0.25,0,0.75,1],"transform":{},"duration":4},{"curve":[0.315,0.265,0.747,1],"transform":{"skX":-47.34,"skY":-47.34},"duration":2},{"curve":[0.25,0,0.75,1],"transform":{"skX":-42.66,"skY":-42.66},"duration":1},{"curve":[0.25,0,0.75,1],"transform":{"scY":1.368,"skX":-102.32,"skY":-102.32,"scX":1.368},"duration":3},{"curve":[0.25,0,0.75,1],"transform":{"scY":1.368,"skX":-86.16,"skY":-86.16,"scX":1.368},"duration":2},{"curve":[0.25,0,0.75,1],"transform":{"scY":1.368,"skX":-88.12,"skY":-88.12,"scX":1.368},"duration":13},{"curve":[0.25,0,0.75,1],"transform":{"scY":1.244,"skX":-72.28,"skY":-72.28,"scX":1.244},"duration":5},{"transform":{},"duration":0}],"name":"UpArm_L"},{"frame":[{"curve":[0.25,0,0.75,1],"transform":{},"duration":4},{"curve":[0.25,0,0.75,1],"transform":{"skX":64.99,"skY":64.99},"duration":2},{"curve":[0.25,0,0.75,1],"transform":{"skX":30.45,"skY":30.45},"duration":1},{"curve":[0.25,0,0.75,1],"transform":{"skX":-18.66,"skY":-18.66},"duration":3},{"curve":[0.25,0,0.75,1],"transform":{"skX":-38.77,"skY":-38.77},"duration":2},{"curve":[0.25,0,0.75,1],"transform":{"skX":30.41,"skY":30.41},"duration":13},{"curve":[0.25,0,0.75,1],"transform":{"skX":46.89,"skY":46.89},"duration":5},{"transform":{},"duration":0}],"name":"Arm_L"},{"frame":[{"curve":[0.25,0,0.75,1],"transform":{},"duration":4},{"curve":[0.25,0,0.75,1],"transform":{"skX":-30.51,"skY":-30.51},"duration":2},{"curve":[0.25,0,0.75,1],"transform":{"skX":-8.89,"skY":-8.89},"duration":1},{"curve":[0.25,0,0.75,1],"transform":{"skX":-31.13,"skY":-31.13},"duration":3},{"curve":[0.25,0,0.75,1],"transform":{"skX":-46.07,"skY":-46.07},"duration":2},{"curve":[0.25,0,0.75,1],"transform":{"skX":-12.39,"skY":-12.39},"duration":13},{"curve":[0.25,0,0.75,1],"transform":{"skX":9.84,"skY":9.84},"duration":5},{"transform":{},"duration":0}],"name":"Hand_L"},{"frame":[{"curve":[0.25,0,0.75,1],"transform":{},"duration":4},{"curve":[0.315,0.265,0.747,1],"transform":{"skX":-7.61,"skY":-7.61},"duration":2},{"curve":[0.25,0,0.75,1],"transform":{"skX":-68.54,"skY":-68.54},"duration":1},{"curve":[0.25,0,0.75,1],"transform":{"scY":1.418,"skX":-150.97,"skY":-150.97,"scX":1.418},"duration":3},{"curve":[0.25,0,0.75,1],"transform":{"scY":1.418,"skX":-116.03,"skY":-116.03,"scX":1.418},"duration":2},{"curve":[0.25,0,0.75,1],"transform":{"scY":1.418,"skX":-88.68,"skY":-88.68,"scX":1.418},"duration":13},{"curve":[0.25,0,0.75,1],"transform":{"scY":1.219,"skX":-64.79,"skY":-64.79,"scX":1.219},"duration":5},{"transform":{},"duration":0}],"name":"UpArm_R"},{"frame":[{"curve":[0.25,0,0.75,1],"transform":{},"duration":4},{"curve":[0.25,0,0.75,1],"transform":{"skX":-12.17,"skY":-12.17},"duration":2},{"curve":[0.25,0,0.75,1],"transform":{"skX":26.35,"skY":26.35},"duration":1},{"curve":[0.25,0,0.75,1],"transform":{"skX":-0.25,"skY":-0.25},"duration":3},{"curve":[0.25,0,0.75,1],"transform":{"skX":15.85,"skY":15.85},"duration":2},{"curve":[0.25,0,0.75,1],"transform":{"skX":18.67,"skY":18.67},"duration":13},{"curve":[0.25,0,0.75,1],"transform":{"skX":28.74,"skY":28.74},"duration":5},{"transform":{},"duration":0}],"name":"Arm_R"},{"frame":[{"curve":[0.25,0,0.75,1],"transform":{},"duration":4},{"curve":[0.25,0,0.75,1],"transform":{"skX":1.04,"skY":1.04},"duration":2},{"curve":[0.25,0,0.75,1],"transform":{"skX":20.14,"skY":20.14},"duration":1},{"curve":[0.25,0,0.75,1],"transform":{"skX":-11.35,"skY":-11.35},"duration":3},{"curve":[0.25,0,0.75,1],"transform":{"skX":-2.77,"skY":-2.77},"duration":2},{"curve":[0.25,0,0.75,1],"transform":{"skX":13.31,"skY":13.31},"duration":13},{"curve":[0.25,0,0.75,1],"transform":{"skX":-6.46,"skY":-6.46},"duration":5},{"transform":{},"duration":0}],"name":"Hand_R"},{"frame":[{"curve":[0.25,0,0.75,1],"transform":{"skX":0.09,"skY":0.09},"duration":4},{"curve":[0.25,0,0.75,1],"transform":{"skX":6.88,"skY":6.88},"duration":3},{"curve":[0.25,0,0.75,1],"transform":{"skX":13.83,"skY":13.83},"duration":3},{"curve":[0.25,0,0.75,1],"transform":{"skX":-14.88,"skY":-14.88},"duration":2},{"curve":[0.25,0,0.75,1],"transform":{"skX":-4.83,"skY":-4.83},"duration":13},{"curve":[0.25,0,0.75,1],"transform":{"skX":3.39,"skY":3.39},"duration":5},{"transform":{"skX":0.09,"skY":0.09},"duration":0}],"name":"head"},{"frame":[{"transform":{},"duration":30},{"transform":{},"duration":0}],"name":"Thigh_L"},{"frame":[{"transform":{},"duration":30},{"transform":{},"duration":0}],"name":"Leg1_L"},{"frame":[{"transform":{},"duration":30},{"transform":{},"duration":0}],"name":"Leg2_L"},{"frame":[{"transform":{},"duration":30},{"transform":{},"duration":0}],"name":"Foot_L"},{"frame":[{"transform":{},"duration":30},{"transform":{},"duration":0}],"name":"Thigh_R"},{"frame":[{"transform":{},"duration":30},{"transform":{},"duration":0}],"name":"Leg1_R"},{"frame":[{"transform":{},"duration":30},{"transform":{},"duration":0}],"name":"Leg2_R"},{"frame":[{"transform":{},"duration":30},{"transform":{},"duration":0}],"name":"Foot_R"},{"frame":[{"curve":[0.25,0,0.75,1],"transform":{},"duration":4},{"curve":[0.25,0,0.75,1],"transform":{"y":3.75,"skX":0.2,"skY":0.2,"x":-1.89},"duration":3},{"curve":[0.25,0,0.75,1],"transform":{"y":-49.68,"skX":-14.56,"skY":-14.56,"x":6.13},"duration":3},{"curve":[0.25,0,0.75,1],"transform":{"y":-59.91,"skX":-3.32,"skY":-3.32,"x":17.71},"duration":2},{"curve":[0.25,0,0.75,1],"transform":{"y":-2.12,"skX":5.5,"skY":5.5,"x":62.21},"duration":13},{"curve":[0.25,0,0.75,1],"transform":{"y":-5.12,"skX":3.81,"skY":3.81,"x":43.57},"duration":5},{"transform":{},"duration":0}],"name":"bip"},{"frame":[{"curve":[0.25,0,0.75,1],"transform":{},"duration":4},{"curve":[0.25,0,0.75,1],"transform":{"skX":-3.07,"skY":-3.07},"duration":3},{"curve":[0.25,0,0.75,1],"transform":{"skX":-16.09,"skY":-16.09},"duration":3},{"curve":[0.25,0,0.75,1],"transform":{"skX":-21.15,"skY":-21.15},"duration":2},{"curve":[0.25,0,0.75,1],"transform":{"skX":-5.51,"skY":-5.51},"duration":13},{"curve":[0.25,0,0.75,1],"transform":{"skX":-0.07,"skY":-0.07},"duration":5},{"transform":{},"duration":0}],"name":"spine"},{"frame":[{"transform":{},"duration":4},{"curve":[0.25,0,0.75,1],"transform":{},"duration":3},{"curve":[0.25,0,0.75,1],"transform":{"y":-1.94,"x":10.58},"duration":3},{"curve":[0.25,0,0.75,1],"transform":{"y":-2.52,"x":10.78},"duration":2},{"curve":[0.25,0,0.75,1],"transform":{"y":14.77,"x":35.2},"duration":13},{"curve":[0.25,0,0.75,1],"transform":{"y":-1.3,"x":18.6},"duration":3},{"curve":[0.25,0,0.75,1],"transform":{"y":-1.2,"x":20.26},"duration":2},{"transform":{},"duration":0}],"name":"leg_l"},{"frame":[{"transform":{},"duration":30},{"transform":{},"duration":0}],"name":"foot_l"},{"frame":[{"transform":{},"duration":30},{"transform":{},"duration":0}],"name":"foot_r"},{"frame":[{"curve":[0.25,0,0.75,1],"transform":{},"duration":4},{"curve":[0.25,0,0.75,1],"transform":{"y":-0.96,"x":5.32},"duration":3},{"curve":[0.25,0,0.75,1],"transform":{"y":-0.48,"x":1.93},"duration":3},{"curve":[0.25,0,0.75,1],"transform":{"y":-2.21,"x":14.11},"duration":2},{"curve":[0.25,0,0.75,1],"transform":{"y":2.71,"x":26.28},"duration":13},{"curve":[0.25,0,0.75,1],"transform":{"y":-2.78,"x":14.3},"duration":5},{"transform":{},"duration":0}],"name":"leg_r"},{"frame":[{"transform":{},"duration":30}],"name":"root"},{"frame":[{"transform":{},"duration":30}],"name":"Fuji"}],"slot":[{"frame":[{"tweenEasing":0,"duration":30},{"tweenEasing":null,"duration":0}],"name":"Arm_L"},{"frame":[{"tweenEasing":0,"duration":30},{"tweenEasing":null,"duration":0}],"name":"Arm_R"},{"frame":[{"tweenEasing":0,"duration":2},{"curve":[0.25,0,0.75,1],"duration":2},{"tweenEasing":null,"color":{"aM":0},"duration":6},{"curve":[0.25,0,0.75,1],"color":{"aM":0},"duration":2},{"tweenEasing":null,"duration":18},{"tweenEasing":null,"duration":0}],"name":"Belly"},{"frame":[{"tweenEasing":0,"duration":30},{"tweenEasing":null,"duration":0}],"name":"Body"},{"frame":[{"displayIndex":-1,"tweenEasing":0,"duration":30},{"displayIndex":-1,"tweenEasing":null,"duration":0}],"name":"Eye"},{"frame":[{"tweenEasing":0,"duration":30},{"tweenEasing":null,"duration":0}],"name":"Foot_L"},{"frame":[{"tweenEasing":0,"duration":30},{"tweenEasing":null,"duration":0}],"name":"Foot_R"},{"frame":[{"tweenEasing":0,"duration":30},{"tweenEasing":null,"duration":0}],"name":"Hand_L"},{"frame":[{"tweenEasing":0,"duration":30},{"tweenEasing":null,"duration":0}],"name":"Hand_R"},{"frame":[{"tweenEasing":0,"duration":30},{"tweenEasing":null,"duration":0}],"name":"Leg1_L"},{"frame":[{"tweenEasing":0,"duration":30},{"tweenEasing":null,"duration":0}],"name":"Leg1_R"},{"frame":[{"tweenEasing":0,"duration":30},{"tweenEasing":null,"duration":0}],"name":"Leg2_L"},{"frame":[{"tweenEasing":0,"duration":30},{"tweenEasing":null,"duration":0}],"name":"Leg2_R"},{"frame":[{"tweenEasing":0,"duration":30},{"tweenEasing":null,"duration":0}],"name":"Thigh_L"},{"frame":[{"tweenEasing":0,"duration":30},{"tweenEasing":null,"duration":0}],"name":"Thigh_R"},{"frame":[{"tweenEasing":0,"duration":30},{"tweenEasing":null,"duration":0}],"name":"UpArm_L"},{"frame":[{"tweenEasing":0,"duration":30},{"tweenEasing":null,"duration":0}],"name":"UpArm_R"}],"ffd":[{"frame":[{"offset":0,"tweenEasing":0,"vertices":[],"duration":10},{"offset":12,"tweenEasing":0,"vertices":[4.06,-10.73,9.09,-17.16,13.26,-19.35,0,0,0,0,0,0,0,0,0,0,0,0,0,0,0,0,0,0,0,0,0,0,0,0,0,0,0,0,0,0,0,0,0,0,0,0],"duration":2},{"offset":12,"tweenEasing":0,"vertices":[-1.61,-4.86,-2.2,-6.98,-1.56,-5.16,0,0,0,0,0,0,0,0,0,0,0,0,0,0,0,0,0,0,0,0,0,0,0,0,0,0,0,0,0,0,0,0,0,0,0,0],"duration":13},{"offset":12,"tweenEasing":0,"vertices":[-2.57,-2.42,-1.04,-3.22,-0.65,-2.07,0,0,0,0,0,0,0,0,0,0,0,0,0,0,0,0,0,0,0,0,0,0,0,0,0,0,0,0,0,0,0,0,0,0,0,0],"duration":5},{"offset":0,"tweenEasing":null,"vertices":[],"duration":0}],"slot":"Belly","scale":1,"offset":0,"skin":"","name":"Belly"},{"frame":[{"offset":0,"tweenEasing":null,"vertices":[],"duration":30},{"offset":0,"tweenEasing":null,"vertices":[],"duration":0}],"slot":"Body","scale":1,"offset":0,"skin":"","name":"Body"}],"frame":[],"name":"0002_shifa","duration":30,"ik":[]}],"skin":[{"slot":[{"display":[{"vertices":[13.96,-157.59,-55.8,-130.14,-80.56,-113.21,-80.57,-37.75,-56.71,-20.11,-25.69,-9.61,17.65,-12.59,54.01,-32.6,80.21,-62.93,91.45,-86.46,91.47,-116.7,75.87,-157.56,53.63,-141.36,-2.71,-137.21,-46.72,-113.02,-72.69,-82,-37.94,-61.98,-13.07,-92.55,17.73,-103.31,63.73,-111,70.1,-88.98,47.22,-86.14,23.23,-80.87,4.52,-64.16,0.77,-32.48,20.36,-52.06,43.9,-70.96,37.52,-35.55,62.38,-61.05],"uvs":[0.54995,-0.00685,0.13971,0.18127,-0.00588,0.2973,-0.00588,0.81416,0.13454,0.93501,0.31701,1.00685,0.57195,0.98624,0.78585,0.84912,0.93985,0.64118,1.00588,0.47994,1.00588,0.27289,0.91397,-0.00685,0.78326,0.10413,0.45197,0.13276,0.19315,0.29851,0.04045,0.51098,0.24491,0.6481,0.39114,0.43865,0.57232,0.36481,0.8428,0.31207,0.88032,0.46276,0.74574,0.48235,0.60468,0.51851,0.49468,0.63303,0.47267,0.85002,0.58785,0.71591,0.72632,0.58632,0.6888,0.82892,0.83503,0.65412],"path":"Body","edges":[2,3,3,4,4,5,5,6,6,7,7,8,8,9,9,10,10,11,11,0,0,1,1,2],"triangles":[28,7,8,20,8,9,11,12,10,12,19,10,20,9,10,19,20,10,0,12,11,20,28,8,21,28,20,21,26,28,19,21,20,27,6,7,27,7,28,26,27,28,12,18,19,18,21,19,25,27,26,22,26,21,18,22,21,22,25,26,25,24,27,24,6,27,18,17,22,17,23,22,23,25,22,23,24,25,1,13,0,13,17,18,24,5,6,14,17,13,16,24,23,17,16,23,16,5,24,1,14,13,16,4,5,14,16,17,14,15,16,3,4,16,15,3,16,1,2,14,2,15,14,2,3,15,0,12,13,13,18,12],"type":"mesh","transform":{},"slotPose":[1,0,0,1,0,0],"userEdges":[10,12,12,13,13,14,14,15,4,16,16,17,17,18,18,19,9,20,20,21,21,22,22,23,23,24,24,6,24,25,25,26,6,27,27,28,28,20,21,26],"width":170,"bonePose":[7,0.5248775448593879,-0.8511777504742363,0.8511777504742363,0.5248775448593879,-56.87,-30.15,10,0.7388083032884133,-0.673915640857293,0.673915640857293,0.7388083032884133,-35.550471634887806,-65.0661597299757,17,0.9748001438403604,-0.22307998468892848,0.22307998468892848,0.9748001438403604,2.3456019472721574,-99.68780190731208,18,0.7388083032884133,-0.673915640857293,0.673915640857293,0.7388083032884133,51.46484561994113,-31.296890222900604],"height":146,"name":"Body","weights":[3,7,0.00001,10,0.10907,17,0.89091,3,7,0.10068,10,0.83667,17,0.06263,3,7,0.24584,10,0.7517,17,0.00245,2,7,0.99355,10,0.00644,1,7,1,3,7,0.89048,10,0.08671,17,0.0228,4,7,0.18923,10,0.16773,17,0.12303,18,0.52,4,7,0.02067,10,0.06172,17,0.1676,18,0.75,4,7,0.00214,10,0.0361,17,0.70175,18,0.26,2,10,0.00414,17,0.99585,1,17,1,1,17,0.99999,2,10,0.00064,17,0.99935,2,10,0.37629,17,0.6237,3,7,0.14036,10,0.83064,17,0.02898,2,7,0.51958,10,0.48041,3,7,0.72523,10,0.27474,17,0.00001,3,7,0.00039,10,0.96464,17,0.03496,1,17,1,1,17,1,2,10,0.00375,17,0.99624,3,7,0.00022,10,0.02742,17,0.97235,4,7,0.01144,10,0.21906,17,0.69948,18,0.07,4,7,0.04092,10,0.60218,17,0.17689,18,0.18,4,7,0.25314,10,0.25602,17,0.12083,18,0.37,4,7,0.08895,10,0.30507,17,0.33596,18,0.27,4,7,0.01091,10,0.10606,17,0.70302,18,0.18,4,7,0.08169,10,0.18212,17,0.28617,18,0.45,4,7,0.01126,10,0.07338,17,0.53535,18,0.38]}],"name":"Body"},{"display":[{"path":"Leg2_R","type":"image","name":"Leg2_R","transform":{"y":-0.14,"skX":-51.03,"skY":-51.03,"x":9.69}}],"name":"Leg2_R"},{"display":[{"path":"UpArm_L","type":"image","name":"UpArm_L","transform":{"y":2.17,"skX":-53.88,"skY":-53.88,"x":17.28}}],"name":"UpArm_L"},{"display":[{"path":"Arm_R","type":"image","name":"Arm_R","transform":{"y":-1.87,"skX":-57.95,"skY":-57.95,"x":11.51}}],"name":"Arm_R"},{"display":[{"path":"Thigh_R","type":"image","name":"Thigh_R","transform":{"y":-1.89,"skX":-47.09,"skY":-47.09,"x":26.8}}],"name":"Thigh_L"},{"display":[{"path":"Hand_R","type":"image","name":"Hand_R","transform":{"y":3.25,"skX":-13.98,"skY":-13.98,"x":10.96}}],"name":"Hand_R"},{"display":[{"path":"Leg2_R","type":"image","name":"Leg2_R","transform":{"y":-1.68,"skX":-55.44,"skY":-55.44,"x":12.05}}],"name":"Leg2_L"},{"display":[{"path":"Eye","type":"image","name":"Eye","transform":{"y":-5.24,"skX":12.95,"skY":12.95,"x":32.6}}],"name":"Eye"},{"display":[{"path":"Foot_R","type":"image","name":"Foot_R","transform":{"y":0.12,"skX":-40.11,"skY":-40.11,"x":15.75}}],"name":"Foot_L"},{"display":[{"path":"Leg1_R","type":"image","name":"Leg1_R","transform":{"y":-0.88,"skX":152.92,"skY":152.92,"x":16.96}}],"name":"Leg1_R"},{"display":[{"path":"Arm_L","type":"image","name":"Arm_L","transform":{"y":1.26,"skX":-52.44,"skY":-52.44,"x":9.81}}],"name":"Arm_L"},{"display":[{"path":"Foot_R","type":"image","name":"Foot_R","transform":{"y":0.24,"skX":-40.37,"skY":-40.37,"x":11.75}}],"name":"Foot_R"},{"display":[{"path":"Hand_L","type":"image","name":"Hand_L","transform":{"y":-1.29,"skX":-49.56,"skY":-49.56,"x":10.7}}],"name":"Hand_L"},{"display":[{"path":"UpArm_R","type":"image","name":"UpArm_R","transform":{"y":0.98,"skX":-93.15,"skY":-93.15,"x":22.2}}],"name":"UpArm_R"},{"display":[{"path":"Leg1_R","type":"image","name":"Leg1_R","transform":{"y":-1.54,"skX":160.61,"skY":160.61,"x":17.88}}],"name":"Leg1_L"},{"display":[{"vertices":[80.44,-70.43,75.72,-73.55,58.71,-71.51,38.36,-64.1,19.79,-55.35,5.08,-44.39,-0.58,-31.75,-0.58,-18.08,3.39,-10.6,29.07,-10.58,47.13,-14.83,61.96,-23.34,73.7,-36.11,80.42,-51.45,20.56,-29.8,40.55,-31.21,54.48,-37.65,62.62,-48.22,65.2,-61.25,73.71,-56.09,68.54,-41.9,58.22,-30.95,43.13,-23.09,24.68,-19.61,25.59,-40.37,43.78,-47.07,52.3,-58.55],"uvs":[1.01266,0.03461,0.95284,-0.01639,0.73766,0.0171,0.48021,0.13889,0.24507,0.28269,0.05892,0.46245,-0.01266,0.66969,-0.01266,0.89385,0.03768,1.01639,0.36264,1.01639,0.59124,0.94672,0.77903,0.80715,0.92763,0.59778,1.01266,0.34614,0.25487,0.70141,0.50797,0.67815,0.68432,0.57241,0.78719,0.399,0.81985,0.18541,0.92763,0.27,0.86231,0.50262,0.73167,0.68238,0.54062,0.81137,0.30712,0.86848,0.31855,0.528,0.54878,0.41804,0.65657,0.22982],"path":"Belly","edges":[6,7,7,8,8,9,9,10,10,11,11,12,12,13,13,0,0,1,1,2,2,3,3,4,4,5,5,6],"triangles":[18,19,1,1,19,0,19,20,13,20,12,13,0,19,13,21,11,12,17,20,19,2,18,1,20,21,12,18,17,19,17,16,20,16,21,20,26,17,18,2,26,18,25,16,17,26,25,17,21,22,11,22,10,11,3,26,2,16,15,21,15,22,21,25,15,16,3,25,26,22,9,10,3,4,25,4,24,25,24,15,25,15,23,22,23,9,22,14,23,15,24,14,15,23,8,9,4,5,24,5,14,24,6,7,14,5,6,14,14,23,7,7,8,23],"type":"mesh","transform":{},"slotPose":[1,0,0,1,0,0],"userEdges":[6,14,14,15,15,16,16,17,17,18,18,2,1,19,19,20,20,21,21,22,22,23,23,7,5,24,24,25,25,26],"width":79,"bonePose":[17,0.9748001438403604,-0.22307998468892848,0.22307998468892848,0.9748001438403604,2.3456019472721574,-99.68780190731208,10,0.7388083032884133,-0.673915640857293,0.673915640857293,0.7388083032884133,-35.550471634887806,-65.0661597299757,7,0.5248775448593879,-0.8511777504742363,0.8511777504742363,0.5248775448593879,-56.87,-30.15,18,0.7388083032884133,-0.673915640857293,0.673915640857293,0.7388083032884133,51.46484561994113,-31.296890222900604],"height":61,"name":"Belly","weights":[1,17,1,1,17,1,1,17,1,2,10,0.5,17,0.5,2,7,0.33,10,0.67,2,7,0.5,10,0.5,1,7,1,1,7,1,1,7,1,1,18,1,1,18,1,1,18,1,1,18,1,2,17,0.16,18,0.84,3,7,0.275,10,0.275,18,0.45,3,7,0.18149,10,0.3685,18,0.45,3,10,0.3685,17,0.18149,18,0.45,3,10,0.275,17,0.275,18,0.45,2,17,0.55,18,0.45,2,17,0.37,18,0.63,3,10,0.185,17,0.185,18,0.63,3,10,0.2479,17,0.1221,18,0.63,3,7,0.1221,10,0.2479,18,0.63,3,7,0.185,10,0.185,18,0.63,3,7,0.2409,10,0.4891,18,0.27,3,10,0.4891,17,0.2409,18,0.27,3,10,0.365,17,0.365,18,0.27]}],"name":"Belly"},{"display":[{"path":"Thigh_R","type":"image","name":"Thigh_R","transform":{"y":-1.11,"skX":-51.16,"skY":-51.16,"x":22.76}}],"name":"Thigh_R"}],"name":""}],"defaultActions":[{"gotoAndPlay":"0000_daiji"}],"aabb":{"width":185.32173123840482,"y":-151.10339118333334,"height":170.51876416081063,"x":-89.88092684673818},"slot":[{"name":"Foot_L","parent":"Foot_L","color":{}},{"z":1,"name":"Leg2_L","parent":"Leg2_L","color":{}},{"z":2,"name":"Leg1_L","parent":"Leg1_L","color":{}},{"z":3,"name":"Thigh_L","parent":"Thigh_L","color":{}},{"z":4,"name":"Hand_L","parent":"Hand_L","color":{}},{"z":5,"name":"UpArm_L","parent":"UpArm_L","color":{}},{"z":6,"name":"Arm_L","parent":"Arm_L","color":{}},{"z":7,"name":"Body","parent":"Body","color":{}},{"z":8,"name":"Eye","parent":"head","color":{}},{"z":9,"name":"Belly","parent":"Belly","color":{}},{"z":10,"name":"Hand_R","parent":"Hand_R","color":{}},{"z":11,"name":"UpArm_R","parent":"UpArm_R","color":{}},{"z":12,"name":"Arm_R","parent":"Arm_R","color":{}},{"z":13,"name":"Foot_R","parent":"Foot_R","color":{}},{"z":14,"name":"Leg2_R","parent":"Leg2_R","color":{}},{"z":15,"name":"Leg1_R","parent":"Leg1_R","color":{}},{"z":16,"name":"Thigh_R","parent":"Thigh_R","color":{}}],"name":"armatureName","ik":[{"chain":1,"bone":"Leg1_R","name":"leg_r","target":"leg_r"},{"chain":1,"bone":"Leg1_L","name":"leg_l","target":"leg_l"},{"chain":1,"bone":"Foot_L","name":"foot_l","bendPositive":"false","target":"foot_l"},{"chain":1,"bone":"Foot_R","name":"foot_r","bendPositive":"false","target":"foot_r"}]}],"name":"cw_008_juxingchanchu_zj","version":"4.0"}