{
    "0": {
        "index": 0,
        "name": "副本列表",
        "info": "副本列表提示",
        "path": "ui_iconevent_maoxianfuben_png",
        "open": "未开启",
        "skip": "1"
    },
    "1": {
        "index": 1,
        "name": "冒险副本",
        "info": "任意关卡均可掉落",
        "path": "ui_iconevent_maoxianfuben_png",
        "open": "未开启",
        "skip": ""
    },
    "2": {
        "index": 2,
        "name": "挑战副本",
        "info": "关卡越高，掉率越大",
        "path": "ui_iconevent_tiaozhanfuben_png",
        "open": "未开启",
        "skip": ""
    },
    "3": {
        "index": 3,
        "name": "探索副本",
        "info": "探索成功有概率获得",
        "path": "ui_iconevent_tansuofuben_png",
        "open": "未开启",
        "skip": ""
    },
    "4": {
        "index": 4,
        "name": "普通商店",
        "info": "有概率出售",
        "path": "ui_iconevent_shangdian_png",
        "open": "队伍达到5级开启",
        "skip": "1"
    },
    "5": {
        "index": 5,
        "name": "格斗商店",
        "info": "正在出售",
        "path": "ui_iconevent_shangdian_png",
        "open": "队伍达到8级开启",
        "skip": "1"
    },
    "6": {
        "index": 6,
        "name": "荣誉商店",
        "info": "正在出售",
        "path": "ui_iconevent_shangdian_png",
        "open": "队伍达到40级开启",
        "skip": "1"
    },
    "7": {
        "index": 7,
        "name": "公会商店",
        "info": "正在出售",
        "path": "ui_iconevent_shangdian_png",
        "open": "队伍达到12级开启",
        "skip": "1"
    },
    "8": {
        "index": 8,
        "name": "酒馆商店",
        "info": "正在出售",
        "path": "ui_iconevent_shangdian_png",
        "open": "队伍达到5级开启",
        "skip": "1"
    },
    "9": {
        "index": 9,
        "name": "酒馆",
        "info": "有几率获得",
        "path": "ui_iconevent_shangdian_png",
        "open": "未开启",
        "skip": "1"
    },
    "10": {
        "index": 10,
        "name": "芬克斯の试炼",
        "info": "关卡越高，品质越高",
        "path": "ui_iconevent_liuxingjie_png",
        "open": "队伍达到18级开启",
        "skip": "1"
    },
    "11": {
        "index": 11,
        "name": "西索の试炼",
        "info": "通关后获得",
        "path": "ui_iconevent_liuxingjie_png",
        "open": "队伍达到18级开启",
        "skip": "1"
    },
    "12": {
        "index": 12,
        "name": "团长の试炼",
        "info": "关卡越高，品质越高",
        "path": "ui_iconevent_liuxingjie_png",
        "open": "队伍达到18级开启",
        "skip": "1"
    },
    "13": {
        "index": 13,
        "name": "窝金の试炼",
        "info": "通关后获得",
        "path": "ui_iconevent_liuxingjie_png",
        "open": "队伍达到24级开启",
        "skip": "1"
    },
    "14": {
        "index": 14,
        "name": "玛琪の试炼",
        "info": "通关后获得",
        "path": "ui_iconevent_liuxingjie_png",
        "open": "队伍达到30级开启",
        "skip": "1"
    },
    "15": {
        "index": 15,
        "name": "库哔の试炼",
        "info": "通关后获得",
        "path": "ui_iconevent_liuxingjie_png",
        "open": "队伍达到35级开启",
        "skip": "1"
    },
    "16": {
        "index": 16,
        "name": "流星街",
        "info": "有概率掉落",
        "path": "ui_iconevent_liuxingjie_png",
        "open": "队伍达到18级开启",
        "skip": "1"
    },
    "17": {
        "index": 17,
        "name": "贪婪之岛-兑换",
        "info": "使用果实兑换",
        "path": "ui_iconevent_duihuan_png",
        "open": "队伍达到15级开启",
        "skip": "1"
    },
    "18": {
        "index": 18,
        "name": "贪婪之岛-猜拳",
        "info": "参与玩法获得",
        "path": "ui_iconevent_caiquan_png",
        "open": "队伍达到15级开启",
        "skip": "1"
    },
    "19": {
        "index": 19,
        "name": "贪婪之岛-钓鱼",
        "info": "参与玩法获得",
        "path": "ui_iconevent_diaoyu_png",
        "open": "队伍达到15级开启",
        "skip": "1"
    },
    "20": {
        "index": 20,
        "name": "贪婪之岛-双色果",
        "info": "参与玩法获得",
        "path": "ui_iconevent_shuangseguo_png",
        "open": "队伍达到15级开启",
        "skip": "1"
    },
    "21": {
        "index": 21,
        "name": "贪婪之岛-采集",
        "info": "采集果树获得",
        "path": "ui_iconevent_guoshicaiji_png",
        "open": "队伍达到15级开启",
        "skip": "1"
    },
    "22": {
        "index": 22,
        "name": "天空竞技场",
        "info": "通关后获得",
        "path": "ui_iconevent_tiankongta_png",
        "open": "队伍达到20级开启",
        "skip": "1"
    },
    "23": {
        "index": 23,
        "name": "首充活动",
        "info": "充值任意金额获得",
        "path": "ui_iconevent_huodong_png",
        "open": "未开启",
        "skip": "1"
    },
    "24": {
        "index": 24,
        "name": "抓娃娃",
        "info": "参与玩法获得",
        "path": "ui_iconevent_zhuawawa_png",
        "open": "未开启",
        "skip": ""
    },
    "25": {
        "index": 25,
        "name": "关注活动",
        "info": "关注日常活动",
        "path": "ui_iconevent_huodong_png",
        "open": "",
        "skip": ""
    },
    "26": {
        "index": 26,
        "name": "日常任务",
        "info": "完成任务获得",
        "path": "ui_iconevent_huodong_png",
        "open": "未开启",
        "skip": ""
    },
    "27": {
        "index": 27,
        "name": "定时恢复",
        "info": "每小时恢复1个",
        "path": "ui_iconevent_huodong_png",
        "open": "未开启",
        "skip": ""
    },
    "28": {
        "index": 28,
        "name": "超值礼包",
        "info": "限时限购",
        "path": "ui_iconevent_libao_png",
        "open": "未开启",
        "skip": "1"
    },
    "29": {
        "index": 29,
        "name": "挑战副本",
        "info": "副本列表提示",
        "path": "ui_iconevent_tiaozhanfuben_png",
        "open": "未开启",
        "skip": "1"
    },
    "30": {
        "index": 30,
        "name": "贪婪之岛-盗贼的包裹",
        "info": "采集果树获得",
        "path": "ui_iconevent_daozeibaoguo_png",
        "open": "队伍达到15级开启",
        "skip": "1"
    },
    "31": {
        "index": 31,
        "name": "贪婪之岛-首领的皮包",
        "info": "采集黄金果树获得",
        "path": "ui_iconevent_daozeipibao_png",
        "open": "队伍达到15级开启",
        "skip": "1"
    },
    "32": {
        "index": 32,
        "name": "猎人合成",
        "info": "使用其他猎人合成",
        "path": "ui_iconevent_hecheng_png",
        "open": "队伍达到28级开启",
        "skip": "1"
    },
    "33": {
        "index": 33,
        "name": "飞龙营地",
        "info": "挑战指定难度获得",
        "path": "ui_iconevent_shanzei_png",
        "open": "队伍达到40级开启",
        "skip": "1"
    },
    "34": {
        "index": 34,
        "name": "战功商店",
        "info": "正在出售",
        "path": "ui_iconevent_shangdian_png",
        "open": "参与公会战可开启",
        "skip": "1"
    },
    "35": {
        "index": 35,
        "name": "通关普通副本第一章",
        "info": "通关奖励免费领取",
        "path": "ui_iconevent_maoxianfuben_png",
        "open": "未开启",
        "skip": "1"
    },
    "36": {
        "index": 36,
        "name": "七日奖",
        "info": "次日登录免费领取",
        "path": "ui_iconevent_qirijiang_png",
        "open": "未开启",
        "skip": "1"
    },
    "37": {
        "index": 37,
        "name": "双月卡活动",
        "info": "参与活动获得",
        "path": "ui_iconevent_shuangyueka_png",
        "open": "未开启",
        "skip": "1"
    },
    "38": {
        "index": 38,
        "name": "绝版新手礼包",
        "info": "仅限购买一次",
        "path": "ui_iconevent_juebanlieren_png",
        "open": "未开启",
        "skip": "1"
    },
    "39": {
        "index": 39,
        "name": "累计充值活动",
        "info": "参与活动获得",
        "path": "ui_iconevent_leijichongzhi_png",
        "open": "未开启",
        "skip": "1"
    },
    "40": {
        "index": 40,
        "name": "柯特の试炼",
        "info": "通关后获得",
        "path": "ui_iconevent_liuxingjie_png",
        "open": "通关库哔の试炼开启",
        "skip": "1"
    },
    "41": {
        "index": 41,
        "name": "新副本列表",
        "info": "新副本列表提示",
        "path": "ui_iconevent_maoxianfuben_png",
        "open": "未开启",
        "skip": "1"
    },
    "42": {
        "index": 42,
        "name": "窝金の试炼",
        "info": "通关15层几率获得整卡",
        "path": "ui_iconevent_liuxingjie_png",
        "open": "队伍达到24级开启",
        "skip": "1"
    },
    "43": {
        "index": 43,
        "name": "玛琪の试炼",
        "info": "通关15层几率获得整卡",
        "path": "ui_iconevent_liuxingjie_png",
        "open": "队伍达到30级开启",
        "skip": "1"
    },
    "44": {
        "index": 44,
        "name": "库哔の试炼",
        "info": "通关15层几率获得整卡",
        "path": "ui_iconevent_liuxingjie_png",
        "open": "队伍达到35级开启",
        "skip": "1"
    },
    "45": {
        "index": 45,
        "name": "卡片合成",
        "info": "碎片合成获得",
        "path": "ui_iconevent_kapianhecheng_png",
        "open": "通关冒险副本2-6后开启",
        "skip": ""
    },
    "46": {
        "index": 46,
        "name": "超级卡包",
        "info": "开启超级卡包获得整卡",
        "path": "ui_cardbag_icon_IconCardBag11_png",
        "open": "通关冒险副本2-6后开启",
        "skip": ""
    },
    "47": {
        "index": 47,
        "name": "遗迹探索",
        "info": "遗迹探索可获得",
        "path": "ui_iconevent_yijitansuo_png",
        "open": "队伍等级达到36级开启",
        "skip": "1"
    },
    "48": {
        "index": 48,
        "name": "许愿屋",
        "info": "参与许愿屋许愿可获得",
        "path": "ui_iconevent_xuyuanwu_png",
        "open": "队伍等级达到36级开启",
        "skip": ""
    },
    "49": {
        "index": 49,
        "name": "晶石商店",
        "info": "晶石商店有几率刷出",
        "path": "ui_iconevent_jingshishangdian_png",
        "open": "队伍等级达到36级开启",
        "skip": "1"
    },
    "50": {
        "index": 50,
        "name": "VipX1礼包",
        "info": "VipX1礼包获得",
        "path": "ui_iconevent_xuyuanwu_png",
        "open": "未开启",
        "skip": "1"
    },
    "51": {
        "index": 51,
        "name": "VipX2礼包",
        "info": "VipX2礼包获得",
        "path": "ui_iconevent_jingshishangdian_png",
        "open": "未开启",
        "skip": "1"
    },
    "52": {
        "index": 52,
        "name": "港口",
        "info": "参与港口玩法可获得",
        "path": "ui_iconevent_guoshiqiangduo_png",
        "open": "队伍等级达到32级开启",
        "skip": "1"
    },
    "53": {
        "index": 53,
        "name": "窝金の试炼",
        "info": "通关20层可获得",
        "path": "ui_iconevent_liuxingjie_png",
        "open": "队伍达到24级开启",
        "skip": ""
    },
    "54": {
        "index": 54,
        "name": "玛琪の试炼",
        "info": "通关20层可获得",
        "path": "ui_iconevent_liuxingjie_png",
        "open": "队伍达到30级开启",
        "skip": ""
    },
    "55": {
        "index": 55,
        "name": "库哔の试炼",
        "info": "通关20层可获得",
        "path": "ui_iconevent_liuxingjie_png",
        "open": "队伍达到35级开启",
        "skip": ""
    },
    "56": {
        "index": 56,
        "name": "窝金の试炼",
        "info": "通关窝金精英关卡可获得",
        "path": "ui_iconevent_liuxingjie_png",
        "open": "通关窝金の试炼20层可开启",
        "skip": ""
    },
    "57": {
        "index": 57,
        "name": "玛琪の试炼",
        "info": "通关玛琪精英关卡可获得",
        "path": "ui_iconevent_liuxingjie_png",
        "open": "通关玛琪の试炼20层可开启",
        "skip": ""
    },
    "58": {
        "index": 58,
        "name": "库哔の试炼",
        "info": "通关库哔精英关卡可获得",
        "path": "ui_iconevent_liuxingjie_png",
        "open": "通关库哔の试炼20层可开启",
        "skip": ""
    },
    "59": {
        "index": 59,
        "name": "卡包",
        "info": "开启卡包可获得",
        "path": "ui_cardbag_icon_IconCardBag11_png",
        "open": "通关冒险副本2-6后开启",
        "skip": ""
    },
    "60": {
        "index": 60,
        "name": "Vip5礼包",
        "info": "升级到Vip5可获得",
        "path": "ui_iconevent_leijichongzhi_png",
        "open": "未达成",
        "skip": "1"
    },
    "61": {
        "index": 61,
        "name": "Vip9礼包",
        "info": "升级到Vip9可获得",
        "path": "ui_iconevent_leijichongzhi_png",
        "open": "未达成",
        "skip": "1"
    },
    "62": {
        "index": 62,
        "name": "抓娃娃",
        "info": "参与玩法兑换获得",
        "path": "ui_iconevent_zhuawawa_png",
        "open": "即将开启",
        "skip": "0"
    },
    "63": {
        "index": 63,
        "name": "高阶竞技场",
        "info": "通关后可获得",
        "path": "ui_iconevent_tiankongta_png",
        "open": "天空竞技场90层后开启",
        "skip": "1"
    },
    "64": {
        "index": 64,
        "name": "猎人故事",
        "info": "对应猎人故事商店出售",
        "path": "ui_iconevent_lierengushi_png",
        "open": "队伍达到30级开启",
        "skip": "1"
    }}
