{
    "1": {
        "id": 1,
        "level": 1,
        "des": "每天凌晨四点游戏刷新"
    },
    "2": {
        "id": 2,
        "level": 1,
        "des": "累计的连击数越高伤害就越高"
    },
    "3": {
        "id": 3,
        "level": 1,
        "des": "战斗有时间限制，超时判负"
    },
    "4": {
        "id": 4,
        "level": 1,
        "des": "受伤或者击杀敌人时可以获得大量的怒气"
    },
    "5": {
        "id": 5,
        "level": 1,
        "des": "呼叫援助伙伴援助可以在关键时刻逆转战局"
    },
    "6": {
        "id": 6,
        "level": 1,
        "des": "流星街是卡片和觉醒材料的重要产出地点"
    },
    "7": {
        "id": 7,
        "level": 1,
        "des": "探索可以获得大量奖励"
    },
    "8": {
        "id": 8,
        "level": 1,
        "des": "在贪婪之岛中，长按地面可左右跑动"
    },
    "9": {
        "id": 9,
        "level": 1,
        "des": "能量胶囊每个小时可恢复1个"
    },
    "10": {
        "id": 10,
        "level": 1,
        "des": "点主界面左上角更换头像，可以改变贪婪之岛中的形象"
    },
    "11": {
        "id": 11,
        "level": 1,
        "des": "挑战副本难度很大，需要用合适的队伍去挑战"
    },
    "12": {
        "id": 12,
        "level": 1,
        "des": "浮空格挡生效时可以避免被击飞"
    },
    "13": {
        "id": 13,
        "level": 1,
        "des": "效果抵抗生效时可以避免被施加减益效果"
    },
    "14": {
        "id": 14,
        "level": 1,
        "des": "天空竞技场每两周刷新一次，要及时挑战哦"
    },
    "15": {
        "id": 15,
        "level": 1,
        "des": "技能点的合理分配很重要，要谨慎升级"
    },
    "16": {
        "id": 16,
        "level": 1,
        "des": "速度属性越高，手动技CD和入场CD时间越短"
    },
    "17": {
        "id": 17,
        "level": 1,
        "des": "改变全体属性的被动技和觉醒技在作为援护时是不生效的"
    },
    "18": {
        "id": 18,
        "level": 1,
        "des": "娃娃机中获得的积分要在本期及时兑换哦"
    },
    "19": {
        "id": 19,
        "level": 1,
        "des": "强化卡片可以大幅提升猎人的实力"
    },
    "20": {
        "id": 20,
        "level": 1,
        "des": "合理搭配阵容是取胜的关键"
    }}
