{
    "1": {
        "id": 1,
        "bg": "ui_login_boardloading_kulapika_jpg",
        "text": "ui_login_boardloading_kulapika_w_png"
    },
    "2": {
        "id": 2,
        "bg": "ui_login_boardloading_kuluoluo_jpg",
        "text": "ui_login_boardloading_kuluoluo_w_png"
    },
    "3": {
        "id": 3,
        "bg": "ui_login_boardloading_niteluo_jpg",
        "text": "ui_login_boardloading_niteluo_w_png"
    },
    "4": {
        "id": 4,
        "bg": "ui_login_boardloading_qiya_jpg",
        "text": "ui_login_boardloading_qiya_w_png"
    },
    "5": {
        "id": 5,
        "bg": "ui_login_boardloading_wang_jpg",
        "text": "ui_login_boardloading_wang_w_png"
    },
    "6": {
        "id": 6,
        "bg": "ui_login_boardloading_xiaodi_jpg",
        "text": "ui_login_boardloading_xiaodi_w_png"
    },
    "7": {
        "id": 7,
        "bg": "ui_login_boardloading_xiaojie_jpg",
        "text": "ui_login_boardloading_xiaojie_w_png"
    },
    "8": {
        "id": 8,
        "bg": "ui_login_boardloading_xisuo_jpg",
        "text": "ui_login_boardloading_xisuo_w_png"
    },
    "9": {
        "id": 9,
        "bg": "ui_login_boardloading_yiermi_jpg",
        "text": "ui_login_boardloading_yiermi_w_png"
    }}
