{
    "1": {
        "id": 1,
        "good_id": 20002,
        "good_count": 100,
        "show_type": 0,
        "vip_level_limit": 0
    },
    "2": {
        "id": 2,
        "good_id": 33050,
        "good_count": 15,
        "show_type": 1,
        "vip_level_limit": 0
    },
    "3": {
        "id": 3,
        "good_id": 30004,
        "good_count": 2,
        "show_type": 0,
        "vip_level_limit": 0
    },
    "4": {
        "id": 4,
        "good_id": 20002,
        "good_count": 150,
        "show_type": 1,
        "vip_level_limit": 0
    },
    "5": {
        "id": 5,
        "good_id": 20001,
        "good_count": 100000,
        "show_type": 0,
        "vip_level_limit": 0
    },
    "6": {
        "id": 6,
        "good_id": 20020,
        "good_count": 1,
        "show_type": 0,
        "vip_level_limit": 0
    },
    "7": {
        "id": 7,
        "good_id": 20002,
        "good_count": 100,
        "show_type": 1,
        "vip_level_limit": 0
    },
    "8": {
        "id": 8,
        "good_id": 33050,
        "good_count": 15,
        "show_type": 0,
        "vip_level_limit": 0
    },
    "9": {
        "id": 9,
        "good_id": 30004,
        "good_count": 2,
        "show_type": 1,
        "vip_level_limit": 0
    },
    "10": {
        "id": 10,
        "good_id": 20002,
        "good_count": 150,
        "show_type": 0,
        "vip_level_limit": 0
    },
    "11": {
        "id": 11,
        "good_id": 20001,
        "good_count": 100000,
        "show_type": 1,
        "vip_level_limit": 0
    },
    "12": {
        "id": 12,
        "good_id": 20020,
        "good_count": 1,
        "show_type": 0,
        "vip_level_limit": 0
    },
    "13": {
        "id": 13,
        "good_id": 20002,
        "good_count": 150,
        "show_type": 0,
        "vip_level_limit": 0
    },
    "14": {
        "id": 14,
        "good_id": 33050,
        "good_count": 20,
        "show_type": 1,
        "vip_level_limit": 0
    },
    "15": {
        "id": 15,
        "good_id": 30004,
        "good_count": 3,
        "show_type": 0,
        "vip_level_limit": 0
    },
    "16": {
        "id": 16,
        "good_id": 20002,
        "good_count": 200,
        "show_type": 1,
        "vip_level_limit": 0
    },
    "17": {
        "id": 17,
        "good_id": 20001,
        "good_count": 150000,
        "show_type": 0,
        "vip_level_limit": 0
    },
    "18": {
        "id": 18,
        "good_id": 20020,
        "good_count": 2,
        "show_type": 1,
        "vip_level_limit": 0
    },
    "19": {
        "id": 19,
        "good_id": 20002,
        "good_count": 150,
        "show_type": 0,
        "vip_level_limit": 0
    },
    "20": {
        "id": 20,
        "good_id": 33050,
        "good_count": 20,
        "show_type": 1,
        "vip_level_limit": 0
    },
    "21": {
        "id": 21,
        "good_id": 30004,
        "good_count": 3,
        "show_type": 1,
        "vip_level_limit": 0
    },
    "22": {
        "id": 22,
        "good_id": 20002,
        "good_count": 200,
        "show_type": 0,
        "vip_level_limit": 0
    },
    "23": {
        "id": 23,
        "good_id": 20001,
        "good_count": 150000,
        "show_type": 1,
        "vip_level_limit": 0
    },
    "24": {
        "id": 24,
        "good_id": 20020,
        "good_count": 2,
        "show_type": 0,
        "vip_level_limit": 0
    },
    "25": {
        "id": 25,
        "good_id": 20002,
        "good_count": 200,
        "show_type": 1,
        "vip_level_limit": 0
    },
    "26": {
        "id": 26,
        "good_id": 33050,
        "good_count": 30,
        "show_type": 1,
        "vip_level_limit": 0
    },
    "27": {
        "id": 27,
        "good_id": 30004,
        "good_count": 5,
        "show_type": 1,
        "vip_level_limit": 0
    },
    "28": {
        "id": 28,
        "good_id": 20002,
        "good_count": 250,
        "show_type": 1,
        "vip_level_limit": 0
    },
    "29": {
        "id": 29,
        "good_id": 20001,
        "good_count": 200000,
        "show_type": 0,
        "vip_level_limit": 0
    },
    "30": {
        "id": 30,
        "good_id": 20022,
        "good_count": 1,
        "show_type": 1,
        "vip_level_limit": 0
    },
    "31": {
        "id": 31,
        "good_id": 20002,
        "good_count": 50,
        "show_type": 0,
        "vip_level_limit": 0
    },
    "32": {
        "id": 32,
        "good_id": 33050,
        "good_count": 5,
        "show_type": 0,
        "vip_level_limit": 0
    },
    "33": {
        "id": 33,
        "good_id": 30004,
        "good_count": 1,
        "show_type": 1,
        "vip_level_limit": 0
    },
    "34": {
        "id": 34,
        "good_id": 20002,
        "good_count": 100,
        "show_type": 0,
        "vip_level_limit": 0
    },
    "35": {
        "id": 35,
        "good_id": 20001,
        "good_count": 50000,
        "show_type": 1,
        "vip_level_limit": 0
    },
    "36": {
        "id": 36,
        "good_id": 20020,
        "good_count": 1,
        "show_type": 0,
        "vip_level_limit": 0
    },
    "37": {
        "id": 37,
        "good_id": 20002,
        "good_count": 50,
        "show_type": 0,
        "vip_level_limit": 0
    },
    "38": {
        "id": 38,
        "good_id": 33050,
        "good_count": 5,
        "show_type": 1,
        "vip_level_limit": 0
    },
    "39": {
        "id": 39,
        "good_id": 30004,
        "good_count": 1,
        "show_type": 0,
        "vip_level_limit": 0
    },
    "40": {
        "id": 40,
        "good_id": 20002,
        "good_count": 100,
        "show_type": 1,
        "vip_level_limit": 0
    },
    "41": {
        "id": 41,
        "good_id": 20001,
        "good_count": 50000,
        "show_type": 0,
        "vip_level_limit": 0
    },
    "42": {
        "id": 42,
        "good_id": 20020,
        "good_count": 1,
        "show_type": 1,
        "vip_level_limit": 0
    },
    "43": {
        "id": 43,
        "good_id": 20002,
        "good_count": 100,
        "show_type": 0,
        "vip_level_limit": 0
    },
    "44": {
        "id": 44,
        "good_id": 33050,
        "good_count": 10,
        "show_type": 0,
        "vip_level_limit": 0
    },
    "45": {
        "id": 45,
        "good_id": 30004,
        "good_count": 2,
        "show_type": 1,
        "vip_level_limit": 0
    },
    "46": {
        "id": 46,
        "good_id": 20002,
        "good_count": 150,
        "show_type": 0,
        "vip_level_limit": 0
    },
    "47": {
        "id": 47,
        "good_id": 20001,
        "good_count": 75000,
        "show_type": 1,
        "vip_level_limit": 0
    },
    "48": {
        "id": 48,
        "good_id": 20020,
        "good_count": 1,
        "show_type": 0,
        "vip_level_limit": 0
    },
    "49": {
        "id": 49,
        "good_id": 20002,
        "good_count": 100,
        "show_type": 1,
        "vip_level_limit": 0
    },
    "50": {
        "id": 50,
        "good_id": 33050,
        "good_count": 10,
        "show_type": 0,
        "vip_level_limit": 0
    },
    "51": {
        "id": 51,
        "good_id": 30004,
        "good_count": 2,
        "show_type": 1,
        "vip_level_limit": 0
    },
    "52": {
        "id": 52,
        "good_id": 20002,
        "good_count": 150,
        "show_type": 1,
        "vip_level_limit": 0
    },
    "53": {
        "id": 53,
        "good_id": 20001,
        "good_count": 75000,
        "show_type": 0,
        "vip_level_limit": 0
    },
    "54": {
        "id": 54,
        "good_id": 20020,
        "good_count": 1,
        "show_type": 1,
        "vip_level_limit": 0
    },
    "55": {
        "id": 55,
        "good_id": 20002,
        "good_count": 150,
        "show_type": 0,
        "vip_level_limit": 0
    },
    "56": {
        "id": 56,
        "good_id": 33050,
        "good_count": 20,
        "show_type": 1,
        "vip_level_limit": 0
    },
    "57": {
        "id": 57,
        "good_id": 30004,
        "good_count": 3,
        "show_type": 1,
        "vip_level_limit": 0
    },
    "58": {
        "id": 58,
        "good_id": 20002,
        "good_count": 200,
        "show_type": 1,
        "vip_level_limit": 0
    },
    "59": {
        "id": 59,
        "good_id": 20001,
        "good_count": 100000,
        "show_type": 1,
        "vip_level_limit": 0
    },
    "60": {
        "id": 60,
        "good_id": 20021,
        "good_count": 1,
        "show_type": 0,
        "vip_level_limit": 0
    }}