{
    "10001": {
        "id": 10001,
        "name": "奇犽",
        "quality": 4,
        "price": 90000,
        "drop_count": 0,
        "drop_time": 5,
        "overdue_time": "",
        "match_general": 10001,
        "general_soul": 20,
        "des": "出生于杀手世家揍敌客家族，从小就接受非常严苛的训练，有着超强的战斗力。",
        "extrac": 0,
        "path": "hero_icon_head_wj_qiya_png",
        "from": [9,23]
    },
    "10002": {
        "id": 10002,
        "name": "智喜",
        "quality": 3,
        "price": 30000,
        "drop_count": 0,
        "drop_time": 5,
        "overdue_time": "",
        "match_general": 10002,
        "general_soul": 10,
        "des": "云古的徒弟，天赋异禀并十分努力，有着过人的潜力。",
        "extrac": 0,
        "path": "hero_icon_head_wj_zhixi_png",
        "from": [9,24]
    },
    "10003": {
        "id": 10003,
        "name": "小滴",
        "quality": 4,
        "price": 90000,
        "drop_count": 0,
        "drop_time": 5,
        "overdue_time": "",
        "match_general": 10003,
        "general_soul": 20,
        "des": "幻影旅团成员，号码6，念能力是可以具现化凸眼鱼，天生健忘。",
        "extrac": 0,
        "path": "hero_icon_head_wj_xiaodi_png",
        "from": [9,24,37]
    },
    "10004": {
        "id": 10004,
        "name": "伊尔谜",
        "quality": 4,
        "price": 90000,
        "drop_count": 0,
        "drop_time": 5,
        "overdue_time": "",
        "match_general": 10004,
        "general_soul": 20,
        "des": "揍敌客家族的长子，西索的朋友，一直想要让奇犽成为一名出色的杀手。",
        "extrac": 0,
        "path": "hero_icon_head_wj_yiermi_png",
        "from": [24]
    },
    "10005": {
        "id": 10005,
        "name": "凯特",
        "quality": 4,
        "price": 90000,
        "drop_count": 0,
        "drop_time": 5,
        "overdue_time": "",
        "match_general": 10005,
        "general_soul": 20,
        "des": "金的徒弟，念能力“疯狂小丑”可以变换成多种武器，是具现化系能力者。",
        "extrac": 0,
        "path": "hero_icon_head_wj_kaite_png",
        "from": [9,36]
    },
    "10006": {
        "id": 10006,
        "name": "萨次",
        "quality": 3,
        "price": 30000,
        "drop_count": 0,
        "drop_time": 5,
        "overdue_time": "",
        "match_general": 10006,
        "general_soul": 10,
        "des": "猎人考试第一场的考官，是一名致力于遗迹发掘和保护的遗迹猎人。",
        "extrac": 0,
        "path": "hero_icon_head_wj_saci_png",
        "from": [9,24]
    },
    "10007": {
        "id": 10007,
        "name": "窝金",
        "quality": 4,
        "price": 90000,
        "drop_count": 0,
        "drop_time": 5,
        "overdue_time": "",
        "match_general": 10007,
        "general_soul": 20,
        "des": "幻影旅团成员，号码11，在旅团内腕力排名第一，力大无穷。",
        "extrac": 0,
        "path": "hero_icon_head_wj_wojin_png",
        "from": [9,24]
    },
    "10008": {
        "id": 10008,
        "name": "半藏",
        "quality": 3,
        "price": 30000,
        "drop_count": 0,
        "drop_time": 5,
        "overdue_time": "",
        "match_general": 10008,
        "general_soul": 10,
        "des": "猎人考试中十分强大的忍者，没有人可以了解他的真实实力。",
        "extrac": 0,
        "path": "hero_icon_head_wj_banzang_png",
        "from": [9,24]
    },
    "10009": {
        "id": 10009,
        "name": "卜哈次",
        "quality": 3,
        "price": 30000,
        "drop_count": 0,
        "drop_time": 5,
        "overdue_time": "",
        "match_general": 10009,
        "general_soul": 10,
        "des": "猎人考试第二场的考官，胃口非常大，据说可以吃下一百头猪。",
        "extrac": 0,
        "path": "hero_icon_wu_png",
        "from": [9]
    },
    "10010": {
        "id": 10010,
        "name": "东巴",
        "quality": 3,
        "price": 30000,
        "drop_count": 0,
        "drop_time": 5,
        "overdue_time": "",
        "match_general": 10010,
        "general_soul": 10,
        "des": "参加了36次猎人考试的“新人杀手”，善于欺骗新人并制造麻烦，十分棘手。",
        "extrac": 0,
        "path": "hero_icon_head_wj_dongba_png",
        "from": [9,24]
    },
    "10011": {
        "id": 10011,
        "name": "飞坦",
        "quality": 4,
        "price": 90000,
        "drop_count": 0,
        "drop_time": 5,
        "overdue_time": "",
        "match_general": 10011,
        "general_soul": 20,
        "des": "幻影旅团成员，号码2，个性冷酷的杀手，战斗力极强。",
        "extrac": 0,
        "path": "hero_icon_head_wj_feitan_png",
        "from": [9,24]
    },
    "10012": {
        "id": 10012,
        "name": "芬克斯",
        "quality": 4,
        "price": 90000,
        "drop_count": 0,
        "drop_time": 5,
        "overdue_time": "",
        "match_general": 10012,
        "general_soul": 20,
        "des": "幻影旅团成员，号码5，性情急躁，旅团中腕力排名第二。",
        "extrac": 0,
        "path": "hero_icon_head_wj_fenkesi_png",
        "from": [9,24]
    },
    "10013": {
        "id": 10013,
        "name": "富兰克林",
        "quality": 5,
        "price": 180000,
        "drop_count": 0,
        "drop_time": 5,
        "overdue_time": "",
        "match_general": 10013,
        "general_soul": 30,
        "des": "幻影旅团成员，号码7，看似凶狠，其实个性老实，很体贴同伴。",
        "extrac": 0,
        "path": "hero_icon_head_wj_fulankelin_png",
        "from": [9]
    },
    "10014": {
        "id": 10014,
        "name": "华石斗郎",
        "quality": 4,
        "price": 90000,
        "drop_count": 0,
        "drop_time": 5,
        "overdue_time": "",
        "match_general": 10014,
        "general_soul": 10,
        "des": "天空斗技场中200层级斗士，与西索共同被认为是楼主最有力的竞争者，擅长使用分身和虎咬拳。",
        "extrac": 0,
        "path": "hero_icon_head_wj_huashidoulang_png",
        "from": [9,24]
    },
    "10015": {
        "id": 10015,
        "name": "疾斗",
        "quality": 3,
        "price": 30000,
        "drop_count": 0,
        "drop_time": 5,
        "overdue_time": "",
        "match_general": 10015,
        "general_soul": 10,
        "des": "天空斗技场中200层级斗士，专找经验不足的新人比赛，擅长控制陀螺攻击。",
        "extrac": 0,
        "path": "hero_icon_head_wj_jidou_png",
        "from": [9,24]
    },
    "10016": {
        "id": 10016,
        "name": "剥落裂夫",
        "quality": 3,
        "price": 30000,
        "drop_count": 0,
        "drop_time": 5,
        "overdue_time": "",
        "match_general": 10016,
        "general_soul": 10,
        "des": "幻影旅团成员，号码12，全身包裹着绷带，他的种族被称为“最美的战斗一族”。",
        "extrac": 0,
        "path": "hero_icon_head_wj_boluoliefu_png",
        "from": [9,24]
    },
    "10017": {
        "id": 10017,
        "name": "库洛洛",
        "quality": 5,
        "price": 180000,
        "drop_count": 0,
        "drop_time": 5,
        "overdue_time": "",
        "match_general": 10017,
        "general_soul": 30,
        "des": "幻影旅团团长，号码1，特质系能力者，可偷取他人念能力为自己所用。",
        "extrac": 0,
        "path": "hero_icon_head_wj_kuluoluo_png",
        "from": [61]
    },
    "10018": {
        "id": 10018,
        "name": "席巴",
        "quality": 5,
        "price": 180000,
        "drop_count": 0,
        "drop_time": 5,
        "overdue_time": "",
        "match_general": 10018,
        "general_soul": 30,
        "des": "奇犽的父亲，在杀手界赫赫有名，想要将儿子们培养成像自己一样的杀手。",
        "extrac": 0,
        "path": "hero_icon_head_wj_xiba_png",
        "from": [9]
    },
    "10019": {
        "id": 10019,
        "name": "桀诺",
        "quality": 5,
        "price": 180000,
        "drop_count": 0,
        "drop_time": 5,
        "overdue_time": "",
        "match_general": 10019,
        "general_soul": 30,
        "des": "奇犽的爷爷，拥有超强的念能力，甚至足以与会长匹敌，是令人闻风丧胆的杀手。",
        "extrac": 0,
        "path": "hero_icon_head_wj_jienuo_png",
        "from": [9,24]
    },
    "10020": {
        "id": 10020,
        "name": "柯特",
        "quality": 5,
        "price": 180000,
        "drop_count": 0,
        "drop_time": 5,
        "overdue_time": "",
        "match_general": 10020,
        "general_soul": 30,
        "des": "奇犽的弟弟，加入了幻影旅团成为4号，实力未知。",
        "extrac": 0,
        "path": "hero_icon_head_wj_kete_png",
        "from": [0,32]
    },
    "10021": {
        "id": 10021,
        "name": "库哔",
        "quality": 4,
        "price": 90000,
        "drop_count": 0,
        "drop_time": 5,
        "overdue_time": "",
        "match_general": 10021,
        "general_soul": 20,
        "des": "幻影旅团成员，号码13，拥有制造复制品的能力，平时负责警备工作。",
        "extrac": 0,
        "path": "hero_icon_head_wj_kubi_png",
        "from": [9,24]
    },
    "10022": {
        "id": 10022,
        "name": "狸狈多",
        "quality": 3,
        "price": 30000,
        "drop_count": 0,
        "drop_time": 5,
        "overdue_time": "",
        "match_general": 10022,
        "general_soul": 10,
        "des": "天空斗技场中200层级斗士，专找经验不足的新人比赛，操控两根鞭子，用攻守合一的方式进行战斗。",
        "extrac": 0,
        "path": "hero_icon_head_wj_libeiduo_png",
        "from": [9,24]
    },
    "10023": {
        "id": 10023,
        "name": "玛琪",
        "quality": 4,
        "price": 90000,
        "drop_count": 0,
        "drop_time": 5,
        "overdue_time": "",
        "match_general": 10023,
        "general_soul": 20,
        "des": "幻影旅团成员，号码10，可以为别人快速缝合伤口，有超强第六感，深得团长信任。",
        "extrac": 0,
        "path": "hero_icon_head_wj_maqi_png",
        "from": [9]
    },
    "10024": {
        "id": 10024,
        "name": "门琪",
        "quality": 3,
        "price": 30000,
        "drop_count": 0,
        "drop_time": 5,
        "overdue_time": "",
        "match_general": 10024,
        "general_soul": 10,
        "des": "猎人考试第二场的考官，对美食要求非常严苛，是一名出色的美食猎人。",
        "extrac": 0,
        "path": "hero_icon_head_wj_menqi_png",
        "from": [9,24]
    },
    "10025": {
        "id": 10025,
        "name": "糜稽",
        "quality": 3,
        "price": 30000,
        "drop_count": 0,
        "drop_time": 5,
        "overdue_time": "",
        "match_general": 10025,
        "general_soul": 10,
        "des": "奇犽的二哥，个性顽劣，好吃懒做，喜欢虐待别人。",
        "extrac": 0,
        "path": "hero_icon_head_wj_miji_png",
        "from": [9,24]
    },
    "10026": {
        "id": 10026,
        "name": "派克诺妲",
        "quality": 4,
        "price": 90000,
        "drop_count": 0,
        "drop_time": 5,
        "overdue_time": "",
        "match_general": 10026,
        "general_soul": 10,
        "des": "幻影旅团成员，号码9，特质系能力者，可以读取他人记忆。",
        "extrac": 0,
        "path": "hero_icon_head_wj_paike_png",
        "from": [9]
    },
    "10027": {
        "id": 10027,
        "name": "杀大索",
        "quality": 3,
        "price": 30000,
        "drop_count": 0,
        "drop_time": 5,
        "overdue_time": "",
        "match_general": 10027,
        "general_soul": 10,
        "des": "天空斗技场中200层级斗士，专找经验不足的新人比赛，擅长用气变化成肉眼看不见的左手。",
        "extrac": 0,
        "path": "hero_icon_head_wj_shadasuo_png",
        "from": [9,24]
    },
    "10028": {
        "id": 10028,
        "name": "信长",
        "quality": 5,
        "price": 180000,
        "drop_count": 0,
        "drop_time": 5,
        "overdue_time": "",
        "match_general": 10028,
        "general_soul": 30,
        "des": "幻影旅团成员，号码3，居合拔刀术高手，重视友情，与窝金一起多次出生入死。",
        "extrac": 0,
        "path": "hero_icon_head_wj_xinchang_png",
        "from": [9,25]
    },
    "10029": {
        "id": 10029,
        "name": "云古",
        "quality": 4,
        "price": 90000,
        "drop_count": 0,
        "drop_time": 5,
        "overdue_time": "",
        "match_general": 10029,
        "general_soul": 20,
        "des": "心源流拳法的代理师父，在天空斗技场与小杰和奇犽两人结识，帮助他们学会了运用念力。",
        "extrac": 0,
        "path": "hero_icon_head_wj_yungu_png",
        "from": [9,24,32]
    },
    "10030": {
        "id": 10030,
        "name": "侠客",
        "quality": 4,
        "price": 90000,
        "drop_count": 0,
        "drop_time": 5,
        "overdue_time": "",
        "match_general": 10030,
        "general_soul": 20,
        "des": "幻影旅团成员，号码8，是旅团中第一聪明的人，可以用自己研制的手机操纵别人。",
        "extrac": 0,
        "path": "hero_icon_head_wj_xiake_png",
        "from": [9]
    },
    "10031": {
        "id": 10031,
        "name": "雷欧力",
        "quality": 4,
        "price": 90000,
        "drop_count": 0,
        "drop_time": 5,
        "overdue_time": "",
        "match_general": 10031,
        "general_soul": 20,
        "des": "性格耿直并非常看重友情，因小时候无力救回好朋友而决心成为一名医生。",
        "extrac": 0,
        "path": "hero_icon_head_wj_leiouli_png",
        "from": [9]
    },
    "10032": {
        "id": 10032,
        "name": "小杰",
        "quality": 3,
        "price": 30000,
        "drop_count": 0,
        "drop_time": 5,
        "overdue_time": "",
        "match_general": 10032,
        "general_soul": 10,
        "des": "充满斗志的少年，有着坚韧的意志，为了寻找父亲而踏上了猎人的道路。",
        "extrac": 0,
        "path": "hero_icon_head_wj_xiaojie_png",
        "from": [9,24]
    },
    "10033": {
        "id": 10033,
        "name": "西索",
        "quality": 5,
        "price": 180000,
        "drop_count": 0,
        "drop_time": 5,
        "overdue_time": "",
        "match_general": 10033,
        "general_soul": 30,
        "des": "冷血的“魔术师”，手中的扑克牌可以杀人于无形。十分渴望一场实力相当的对决。",
        "extrac": 0,
        "path": "hero_icon_head_wj_xisuo_png",
        "from": [24]
    },
    "10034": {
        "id": 10034,
        "name": "酷拉皮卡",
        "quality": 4,
        "price": 90000,
        "drop_count": 0,
        "drop_time": 5,
        "overdue_time": "",
        "match_general": 10034,
        "general_soul": 10,
        "des": "已灭亡的窟卢塔族的幸存者，愤怒时眼睛会变成红色。目标是向幻影旅团复仇。",
        "extrac": 0,
        "path": "hero_icon_head_wj_kulapika_png",
        "from": [9,35]
    },
    "10035": {
        "id": 10035,
        "name": "尼特罗",
        "quality": 5,
        "price": 180000,
        "drop_count": 0,
        "drop_time": 5,
        "overdue_time": "",
        "match_general": 10035,
        "general_soul": 30,
        "des": "猎人协会的会长，心源流拳法的创始人，被认为是猎人中数一数二厉害的人。",
        "extrac": 0,
        "path": "hero_icon_head_wj_huizhang_png",
        "from": [24]
    },
    "10036": {
        "id": 10036,
        "name": "王",
        "quality": 5,
        "price": 180000,
        "drop_count": 0,
        "drop_time": 5,
        "overdue_time": "",
        "match_general": 10036,
        "general_soul": 30,
        "des": "嵌合蚁女王所生，原名梅路艾姆，有着超然于人类的强大能力，目标是统治人类。",
        "extrac": 0,
        "path": "hero_icon_head_wj_wang_png",
        "from": [24]
    },
    "10037": {
        "id": 10037,
        "name": "磊札",
        "quality": 5,
        "price": 180000,
        "drop_count": 0,
        "drop_time": 5,
        "overdue_time": "",
        "match_general": 10037,
        "general_soul": 30,
        "des": "贪婪之岛守卫者之一，负责考核闯关者和驱逐入侵者。",
        "extrac": 0,
        "path": "hero_icon_head_wj_leizha_png",
        "from": [9,24]
    },
    "10038": {
        "id": 10038,
        "name": "尼翁",
        "quality": 4,
        "price": 90000,
        "drop_count": 0,
        "drop_time": 5,
        "overdue_time": "",
        "match_general": 10038,
        "general_soul": 20,
        "des": "黑帮老大的女儿，有为他人预言未来的念能力。",
        "extrac": 0,
        "path": "hero_icon_head_wj_niweng_png",
        "from": [9,24]
    },
    "10039": {
        "id": 10039,
        "name": "旋律",
        "quality": 4,
        "price": 90000,
        "drop_count": 0,
        "drop_time": 5,
        "overdue_time": "",
        "match_general": 10039,
        "general_soul": 20,
        "des": "与酷拉皮卡同行作为妮翁的保镖，可以聆听他人心跳的声音来判断其此刻的心情。",
        "extrac": 0,
        "path": "hero_icon_head_wj_xuanlv_png",
        "from": [9]
    },
    "10040": {
        "id": 10040,
        "name": "比丝姬",
        "quality": 5,
        "price": 180000,
        "drop_count": 0,
        "drop_time": 5,
        "overdue_time": "",
        "match_general": 10040,
        "general_soul": 30,
        "des": "云古的老师，外表是个小女孩，实际上已年过半百，非常注重美貌。",
        "extrac": 0,
        "path": "hero_icon_head_wj_bisiji_png",
        "from": [9,24]
    },
    "10041": {
        "id": 10041,
        "name": "甘舒",
        "quality": 5,
        "price": 180000,
        "drop_count": 0,
        "drop_time": 5,
        "overdue_time": "",
        "match_general": 10041,
        "general_soul": 20,
        "des": "贪婪之岛中非常凶残的炸弹魔，为了通关杀死了很多玩家。",
        "extrac": 0,
        "path": "hero_icon_head_wj_ganshu_png",
        "from": [60]
    },
    "10042": {
        "id": 10042,
        "name": "枭亚普夫",
        "quality": 5,
        "price": 180000,
        "drop_count": 0,
        "drop_time": 5,
        "overdue_time": "",
        "match_general": 10042,
        "general_soul": 20,
        "des": "王的三护卫之一，平时以蝴蝶的形态存在，对蚁王十分忠心。",
        "extrac": 0,
        "path": "hero_icon_head_wj_hudie_png",
        "from": [9,24]
    },
    "10043": {
        "id": 10043,
        "name": "孟徒徒尤匹",
        "quality": 5,
        "price": 180000,
        "drop_count": 0,
        "drop_time": 5,
        "overdue_time": "",
        "match_general": 10043,
        "general_soul": 20,
        "des": "王的三护卫之一，由魔兽基因混合而成，可自由变换身体形态。",
        "extrac": 0,
        "path": "hero_icon_head_wj_renma_png",
        "from": [9]
    },
    "10044": {
        "id": 10044,
        "name": "尼飞彼多",
        "quality": 5,
        "price": 180000,
        "drop_count": 0,
        "drop_time": 5,
        "overdue_time": "",
        "match_general": 10044,
        "general_soul": 30,
        "des": "王的三护卫之一，具有与生俱来的特质系念能力，强大的念场可击溃对手精神，使其丧失战斗力。",
        "extrac": 0,
        "path": "hero_icon_head_wj_maonv_png",
        "from": [9,38]
    },
    "10045": {
        "id": 10045,
        "name": "幸运弩箭手",
        "quality": 2,
        "price": 10000,
        "drop_count": 0,
        "drop_time": 5,
        "overdue_time": "",
        "match_general": 10045,
        "general_soul": 20,
        "des": "身着黑衣的神射手，手中的弩枪威力十足。",
        "extrac": 0,
        "path": "hero_icon_head_gw_anshazhe_png",
        "from": [9]
    },
    "10046": {
        "id": 10046,
        "name": "单刀船长",
        "quality": 2,
        "price": 10000,
        "drop_count": 0,
        "drop_time": 5,
        "overdue_time": "",
        "match_general": 10046,
        "general_soul": 20,
        "des": "善用单刀的船长，嫉恶如仇。",
        "extrac": 0,
        "path": "hero_icon_head_gw_fuchuanzhang_png",
        "from": [9]
    },
    "10047": {
        "id": 10047,
        "name": "双棍打击者",
        "quality": 2,
        "price": 10000,
        "drop_count": 0,
        "drop_time": 5,
        "overdue_time": "",
        "match_general": 10047,
        "general_soul": 20,
        "des": "手持双棍的念能力者，可将念力附着到武器上对敌人发起猛烈攻击。",
        "extrac": 0,
        "path": "hero_icon_head_gw_egun_png",
        "from": [9]
    },
    "10048": {
        "id": 10048,
        "name": "双刀征战者",
        "quality": 2,
        "price": 10000,
        "drop_count": 0,
        "drop_time": 5,
        "overdue_time": "",
        "match_general": 10048,
        "general_soul": 20,
        "des": "手持双刀的战士，面部的伤疤是他长久以来的骄傲。",
        "extrac": 0,
        "path": "hero_icon_head_gw_fuchouzhe_png",
        "from": [9]
    },
    "10049": {
        "id": 10049,
        "name": "尖刺豪猪",
        "quality": 2,
        "price": 10000,
        "drop_count": 0,
        "drop_time": 5,
        "overdue_time": "",
        "match_general": 10049,
        "general_soul": 20,
        "des": "将自身包裹在尖刺中的念能力者，可释放尖刺保护自己。",
        "extrac": 0,
        "path": "hero_icon_head_gw_haozhu_png",
        "from": [9]
    },
    "10050": {
        "id": 10050,
        "name": "肥肥水手",
        "quality": 2,
        "price": 10000,
        "drop_count": 0,
        "drop_time": 5,
        "overdue_time": "",
        "match_general": 10050,
        "general_soul": 20,
        "des": "浑身充满力量的水手，对自己唯一不满意的地方就是体重。",
        "extrac": 0,
        "path": "hero_icon_head_gw_pangshuishou_png",
        "from": [9]
    },
    "10051": {
        "id": 10051,
        "name": "爱心姐姐",
        "quality": 2,
        "price": 10000,
        "drop_count": 0,
        "drop_time": 5,
        "overdue_time": "",
        "match_general": 10051,
        "general_soul": 20,
        "des": "充满爱心的少女，但生起气来也非常可怕。",
        "extrac": 0,
        "path": "hero_icon_head_gw_zhapianfan_png",
        "from": [9]
    },
    "10052": {
        "id": 10052,
        "name": "火焰猎手",
        "quality": 2,
        "price": 10000,
        "drop_count": 0,
        "drop_time": 5,
        "overdue_time": "",
        "match_general": 10052,
        "general_soul": 20,
        "des": "手持蜡烛的纵火犯，犯下多种罪行。",
        "extrac": 0,
        "path": "hero_icon_head_gw_zonghuofan_png",
        "from": [9]
    },
    "10053": {
        "id": 10053,
        "name": "梧桐",
        "quality": 2,
        "price": 10000,
        "drop_count": 0,
        "drop_time": 5,
        "overdue_time": "",
        "match_general": 10053,
        "general_soul": 20,
        "des": "揍敌客家族的管家，善于使用硬币攻击敌人。",
        "extrac": 0,
        "path": "hero_icon_head_gw_heiyiren_png",
        "from": [9]
    },
    "10054": {
        "id": 10054,
        "name": "卡娜莉亚",
        "quality": 2,
        "price": 10000,
        "drop_count": 0,
        "drop_time": 5,
        "overdue_time": "",
        "match_general": 10054,
        "general_soul": 20,
        "des": "揍敌客家族的见习管家，对家族十分忠诚。",
        "extrac": 0,
        "path": "hero_icon_head_gw_jianxiguanjia_png",
        "from": [9]
    },
    "10055": {
        "id": 10055,
        "name": "庞姆",
        "quality": 4,
        "price": 90000,
        "drop_count": 0,
        "drop_time": 5,
        "overdue_time": "",
        "match_general": 10055,
        "general_soul": 20,
        "des": "拥有狂暴和温柔的双重性格，善于使用水晶球探测其他人的位置。",
        "extrac": 0,
        "path": "hero_icon_head_wj_pangmu_png",
        "from": [9,24]
    },
    "10056": {
        "id": 10056,
        "name": "小麦",
        "quality": 4,
        "price": 90000,
        "drop_count": 0,
        "drop_time": 5,
        "overdue_time": "",
        "match_general": 10056,
        "general_soul": 20,
        "des": "喜欢下军仪棋的少女，在与蚁王的博弈中屡屡胜出，并最终感化了蚁王。",
        "extrac": 0,
        "path": "hero_icon_head_wj_xiaomai_png",
        "from": [9,24]
    },
    "10057": {
        "id": 10057,
        "name": "二星蘑菇",
        "quality": 2,
        "price": 10000,
        "drop_count": 0,
        "drop_time": 5,
        "overdue_time": "",
        "match_general": 10057,
        "general_soul": 20,
        "des": "蕴含强大力量的蘑菇，猎人吃掉后可以提升星级，实力会大幅增加哦。",
        "extrac": 0,
        "path": "hero_icon_head_gw_moguguai_png",
        "from": [4,9,25]
    },
    "10058": {
        "id": 10058,
        "name": "三星蘑菇",
        "quality": 3,
        "price": 30000,
        "drop_count": 0,
        "drop_time": 5,
        "overdue_time": "",
        "match_general": 10058,
        "general_soul": 20,
        "des": "蕴含强大力量的蘑菇，猎人吃掉后可以提升星级，实力会大幅增加哦。",
        "extrac": 0,
        "path": "hero_icon_head_gw_moguguai_png",
        "from": [9,25,7]
    },
    "10059": {
        "id": 10059,
        "name": "四星蘑菇",
        "quality": 4,
        "price": 90000,
        "drop_count": 0,
        "drop_time": 5,
        "overdue_time": "",
        "match_general": 10059,
        "general_soul": 20,
        "des": "蕴含强大力量的蘑菇，猎人吃掉后可以提升星级，实力会大幅增加哦。",
        "extrac": 0,
        "path": "hero_icon_head_gw_moguguai_png",
        "from": [25]
    },
    "10060": {
        "id": 10060,
        "name": "小杰·黑化",
        "quality": 5,
        "price": 180000,
        "drop_count": 0,
        "drop_time": 5,
        "overdue_time": "",
        "match_general": 10060,
        "general_soul": 30,
        "des": "蕴含强大力量的蘑菇，猎人吃掉后可以提升星级，实力会大幅增加哦。",
        "extrac": 0,
        "path": "hero_icon_head_wj_heijie_png",
        "from": [32]
    },
    "10061": {
        "id": 10061,
        "name": "莫老五",
        "quality": 5,
        "price": 180000,
        "drop_count": 0,
        "drop_time": 5,
        "overdue_time": "",
        "match_general": 10061,
        "general_soul": 30,
        "des": "善于使用烟斗的海洋猎人，性格豪放，做事沉稳冷静，并拥有惊人的肺活量。",
        "extrac": 0,
        "path": "hero_icon_head_wj_molaowu_png",
        "from": [9]
    },
    "10062": {
        "id": 10062,
        "name": "火红眼",
        "quality": 5,
        "price": 180000,
        "drop_count": 0,
        "drop_time": 5,
        "overdue_time": "",
        "match_general": 10062,
        "general_soul": 30,
        "des": "酷拉皮卡被激怒后，窟卢塔族血液被激发，眼睛变成血红色的同时实力也得到了大幅度的提升。",
        "extrac": 0,
        "path": "hero_icon_head_wj_hongyan_png",
        "from": [32]
    },
    "10063": {
        "id": 10063,
        "name": "拿酷戮",
        "quality": 4,
        "price": 90000,
        "drop_count": 0,
        "drop_time": 5,
        "overdue_time": "",
        "match_general": 10063,
        "general_soul": 30,
        "des": "莫老五的徒弟，外表凶狠实际心地善良，善于偷取敌方能力。",
        "extrac": 0,
        "path": "hero_icon_head_wj_nakulu_png",
        "from": [9]
    },
    "10064": {
        "id": 10064,
        "name": "梅雷翁",
        "quality": 4,
        "price": 90000,
        "drop_count": 0,
        "drop_time": 5,
        "overdue_time": "",
        "match_general": 10064,
        "general_soul": 30,
        "des": "莫老五的徒弟，外表凶狠实际心地善良，善于偷取敌方能力。",
        "extrac": 0,
        "path": "hero_icon_head_wj_meileiweng_png",
        "from": [9]
    },
    "10065": {
        "id": 10065,
        "name": "亚路嘉",
        "quality": 5,
        "price": 180000,
        "drop_count": 0,
        "drop_time": 5,
        "overdue_time": "",
        "match_general": 10065,
        "general_soul": 30,
        "des": "奇犽的双胞胎弟弟，身体内藏着神秘的灵魂，拥有强大的力量。",
        "extrac": 0,
        "path": "hero_icon_head_wj_yalujia_png",
        "from": [34]
    },
    "10066": {
        "id": 10066,
        "name": "雷神奇犽",
        "quality": 5,
        "price": 180000,
        "drop_count": 0,
        "drop_time": 5,
        "overdue_time": "",
        "match_general": 10066,
        "general_soul": 30,
        "des": "觉醒雷电能力的奇犽，将自身和雷电融合在一起，大大强化了自身的攻击能力。",
        "extrac": 0,
        "path": "hero_icon_head_wj_leishenqiya_png",
        "from": [32]
    },
    "10067": {
        "id": 10067,
        "name": "金",
        "quality": 5,
        "price": 180000,
        "drop_count": 0,
        "drop_time": 5,
        "overdue_time": "",
        "match_general": 10067,
        "general_soul": 30,
        "des": "小杰的父亲，由会长挑选的猎人协会十二支之一，没有人可以知道他的真实实力。",
        "extrac": 0,
        "path": "hero_icon_head_wj_jin_png",
        "from": [9]
    },
    "10068": {
        "id": 10068,
        "name": "傀儡凯特",
        "quality": 5,
        "price": 180000,
        "drop_count": 0,
        "drop_time": 5,
        "overdue_time": "",
        "match_general": 10068,
        "general_soul": 30,
        "des": "凯特被彼多杀死后制造成傀儡，失去灵魂但爆发力惊人。",
        "extrac": 0,
        "path": "hero_icon_head_wj_sikai_png",
        "from": [32]
    },
    "10069": {
        "id": 10069,
        "name": "拿尼加",
        "quality": 5,
        "price": 180000,
        "drop_count": 0,
        "drop_time": 5,
        "overdue_time": "",
        "match_general": 10069,
        "general_soul": 30,
        "des": "来自黑暗大陆的未知生物，拥有超人类的能力，依附在奇犽的弟弟亚璐嘉体内。",
        "extrac": 0,
        "path": "hero_icon_head_wj_nanijia_png",
        "from": [8]
    },
    "10070": {
        "id": 10070,
        "name": "蚁后",
        "quality": 5,
        "price": 180000,
        "drop_count": 0,
        "drop_time": 5,
        "overdue_time": "",
        "match_general": 10070,
        "general_soul": 30,
        "des": "来自未知世界的变异嵌合蚁，为了诞下蚁王，每天需要吞食大量人类补充营养。",
        "extrac": 0,
        "path": "hero_icon_head_wj_yihou_png",
        "from": [25]
    },
    "10071": {
        "id": 10071,
        "name": "暴走比丝姬",
        "quality": 5,
        "price": 180000,
        "drop_count": 0,
        "drop_time": 5,
        "overdue_time": "",
        "match_general": 10071,
        "general_soul": 30,
        "des": "比丝姬的暴走后的真实形态，拥有超强的破坏力和生存能力。",
        "extrac": 0,
        "path": "hero_icon_head_wj_bianshenbi_png",
        "from": [32]
    },
    "10072": {
        "id": 10072,
        "name": "帕里斯通",
        "quality": 5,
        "price": 180000,
        "drop_count": 0,
        "drop_time": 5,
        "overdue_time": "",
        "match_general": 10072,
        "general_soul": 30,
        "des": "隶属于十二支的三星猎人，同时任职猎人协会副会长，是比杨德尼特罗安插在协会的卧底，在会长尼特罗战死后与金一起退出了十二支。",
        "extrac": 0,
        "path": "hero_icon_head_wj_palisitong_png",
        "from": [24]
    },
    "10073": {
        "id": 10073,
        "name": "银达",
        "quality": 5,
        "price": 180000,
        "drop_count": 0,
        "drop_time": 5,
        "overdue_time": "",
        "match_general": 10073,
        "general_soul": 30,
        "des": "猎人协会十二支之一，是一名偷猎猎人，身形十分庞大但又感情细腻，重情重义，西索对其实力估价90分。",
        "extrac": 0,
        "path": "hero_icon_head_wj_yinda_png",
        "from": [9,24]
    },
    "10074": {
        "id": 10074,
        "name": "五星蘑菇",
        "quality": 4,
        "price": 180000,
        "drop_count": 0,
        "drop_time": 5,
        "overdue_time": "",
        "match_general": 10074,
        "general_soul": 20,
        "des": "蕴含强大力量的蘑菇，猎人吃掉后可以提升星级，实力会大幅增加哦。",
        "extrac": 0,
        "path": "hero_icon_head_gw_moguguai_png",
        "from": [25]
    },
    "10075": {
        "id": 10075,
        "name": "康宰",
        "quality": 5,
        "price": 180000,
        "drop_count": 0,
        "drop_time": 5,
        "overdue_time": "",
        "match_general": 10075,
        "general_soul": 30,
        "des": "猎人协会十二支之一，脾气暴躁却又心地善良，西索对其评分85。",
        "extrac": 0,
        "path": "hero_icon_head_wj_kangzai_png",
        "from": [9,25]
    },
    "10076": {
        "id": 10076,
        "name": "皮约恩",
        "quality": 5,
        "price": 180000,
        "drop_count": 0,
        "drop_time": 5,
        "overdue_time": "",
        "match_general": 10076,
        "general_soul": 30,
        "des": "古文书猎人，对语言、翻译等有很深的研究，十二支中的智慧担当，爱好玩手机。",
        "extrac": 0,
        "path": "hero_icon_head_wj_piyueen_png",
        "from": [9,25]
    },
    "10077": {
        "id": 10077,
        "name": "米哉斯顿",
        "quality": 5,
        "price": 180000,
        "drop_count": 0,
        "drop_time": 5,
        "overdue_time": "",
        "match_general": 10077,
        "general_soul": 30,
        "des": "二星犯罪猎人，民间警备公司经营律师。十二地支中的良心，非会长派也承认的有常识的人。禁止一切暴力行为，拥有特别搜查权。",
        "extrac": 0,
        "path": "ui_huntername_HunterName_mizaisidun_png",
        "from": [9,25]
    }}
