{
    "0": {
        "level": 0,
        "goods_content": [138003,139001,20023,130201,30003,20001],
        "goods_count": [1,1,1,1,1,10000],
        "consume_token": 0,
        "primer": 238
    },
    "1": {
        "level": 1,
        "goods_content": [30453,139007,10058,130202,30003,20001],
        "goods_count": [1,1,2,1,5,50000],
        "consume_token": 158,
        "primer": 588
    },
    "2": {
        "level": 2,
        "goods_content": [20021,139007,10059,130202,30003,20001],
        "goods_count": [1,1,1,1,10,100000],
        "consume_token": 688,
        "primer": 2888
    },
    "3": {
        "level": 3,
        "goods_content": [31001,139008,30812,130202,30003,20001],
        "goods_count": [1,1,20,2,20,200000],
        "consume_token": 888,
        "primer": 3888
    },
    "4": {
        "level": 4,
        "goods_content": [20007,139008,10059,130202,30003,20001],
        "goods_count": [5000,1,3,2,30,500000],
        "consume_token": 1288,
        "primer": 5888
    },
    "5": {
        "level": 5,
        "goods_content": [20022,139008,30507,130202,30004,20001],
        "goods_count": [1,2,1,3,20,1000000],
        "consume_token": 2588,
        "primer": 11880
    },
    "6": {
        "level": 6,
        "goods_content": [10020,139008,10074,130202,30004,20001],
        "goods_count": [1,2,1,3,20,1000000],
        "consume_token": 3188,
        "primer": 15880
    },
    "7": {
        "level": 7,
        "goods_content": [37034,100085,190011,130202,30004,20001],
        "goods_count": [10,1,20,4,40,2000000],
        "consume_token": 3788,
        "primer": 18880
    },
    "8": {
        "level": 8,
        "goods_content": [31002,100013,30813,130202,30004,20001],
        "goods_count": [1,1,30,4,40,2000000],
        "consume_token": 4288,
        "primer": 21880
    },
    "9": {
        "level": 9,
        "goods_content": [10028,139010,10074,130202,30004,20001],
        "goods_count": [1,1,2,5,60,3000000],
        "consume_token": 5088,
        "primer": 25880
    },
    "10": {
        "level": 10,
        "goods_content": [10028,139010,30506,130202,30004,20001],
        "goods_count": [1,1,30,5,60,3000000],
        "consume_token": 5588,
        "primer": 28880
    },
    "11": {
        "level": 11,
        "goods_content": [37030,100003,31002,130202,30004,20001],
        "goods_count": [15,1,1,6,100,5000000],
        "consume_token": 7088,
        "primer": 38880
    },
    "12": {
        "level": 12,
        "goods_content": [10044,100097,31002,130202,30004,20001],
        "goods_count": [1,1,2,6,100,5000000],
        "consume_token": 8688,
        "primer": 48880
    }}