{
    "10001": {
        "id": 10001,
        "quality": 1,
        "type": 1,
        "is_choose": 0,
        "exchange_goods": [[131001,1],[131101,3],[20001,5000]],
        "exchange_one": [],
        "exchange_two": [],
        "exchange_three": [],
        "is_only": 0,
        "exchange_times": 4,
        "daily_refresh": 1,
        "week_refresh": 0,
        "reward_goods": 30451,
        "reward_count": 1,
        "level_min": 1,
        "des": "每天可兑换4次"
    },
    "10002": {
        "id": 10002,
        "quality": 5,
        "type": 1,
        "is_choose": 0,
        "exchange_goods": [[131001,1],[131102,3],[20001,10000]],
        "exchange_one": [],
        "exchange_two": [],
        "exchange_three": [],
        "is_only": 0,
        "exchange_times": 3,
        "daily_refresh": 1,
        "week_refresh": 0,
        "reward_goods": 30003,
        "reward_count": 1,
        "level_min": 1,
        "des": "每天可兑换3次"
    },
    "10003": {
        "id": 10003,
        "quality": 2,
        "type": 1,
        "is_choose": 0,
        "exchange_goods": [[131001,1],[131103,3],[20001,5000]],
        "exchange_one": [],
        "exchange_two": [],
        "exchange_three": [],
        "is_only": 0,
        "exchange_times": 3,
        "daily_refresh": 1,
        "week_refresh": 0,
        "reward_goods": 20023,
        "reward_count": 1,
        "level_min": 1,
        "des": "每天可兑换3次"
    },
    "10004": {
        "id": 10004,
        "quality": 6,
        "type": 1,
        "is_choose": 0,
        "exchange_goods": [[131002,1],[131104,3],[20001,10000]],
        "exchange_one": [],
        "exchange_two": [],
        "exchange_three": [],
        "is_only": 0,
        "exchange_times": 2,
        "daily_refresh": 1,
        "week_refresh": 0,
        "reward_goods": 30004,
        "reward_count": 1,
        "level_min": 1,
        "des": "每天可兑换2次"
    },
    "10005": {
        "id": 10005,
        "quality": 7,
        "type": 1,
        "is_choose": 0,
        "exchange_goods": [[131002,1],[131105,3],[20001,20000]],
        "exchange_one": [],
        "exchange_two": [],
        "exchange_three": [],
        "is_only": 0,
        "exchange_times": 8,
        "daily_refresh": 0,
        "week_refresh": 1,
        "reward_goods": 31101,
        "reward_count": 1,
        "level_min": 1,
        "des": "每周可兑换5次"
    },
    "10006": {
        "id": 10006,
        "quality": 3,
        "type": 1,
        "is_choose": 0,
        "exchange_goods": [[131002,1],[131106,8],[20001,20000]],
        "exchange_one": [],
        "exchange_two": [],
        "exchange_three": [],
        "is_only": 0,
        "exchange_times": 3,
        "daily_refresh": 0,
        "week_refresh": 1,
        "reward_goods": 20020,
        "reward_count": 1,
        "level_min": 1,
        "des": "每周可兑换3次"
    },
    "10007": {
        "id": 10007,
        "quality": 8,
        "type": 1,
        "is_choose": 0,
        "exchange_goods": [[131003,1],[131107,5],[20001,30000]],
        "exchange_one": [],
        "exchange_two": [],
        "exchange_three": [],
        "is_only": 0,
        "exchange_times": 3,
        "daily_refresh": 0,
        "week_refresh": 1,
        "reward_goods": 31102,
        "reward_count": 1,
        "level_min": 1,
        "des": "每周可兑换3次"
    },
    "10008": {
        "id": 10008,
        "quality": 9,
        "type": 1,
        "is_choose": 0,
        "exchange_goods": [[131003,1],[131108,8],[20001,30000]],
        "exchange_one": [],
        "exchange_two": [],
        "exchange_three": [],
        "is_only": 0,
        "exchange_times": 3,
        "daily_refresh": 0,
        "week_refresh": 1,
        "reward_goods": 139007,
        "reward_count": 1,
        "level_min": 1,
        "des": "每周可兑换3次"
    },
    "10009": {
        "id": 10009,
        "quality": 4,
        "type": 1,
        "is_choose": 0,
        "exchange_goods": [[131003,1],[131109,10],[20001,50000]],
        "exchange_one": [],
        "exchange_two": [],
        "exchange_three": [],
        "is_only": 0,
        "exchange_times": 1,
        "daily_refresh": 0,
        "week_refresh": 1,
        "reward_goods": 20021,
        "reward_count": 1,
        "level_min": 1,
        "des": "每周可兑换1次"
    },
    "10010": {
        "id": 10010,
        "quality": 10,
        "type": 1,
        "is_choose": 0,
        "exchange_goods": [[131003,1],[131110,10],[20001,50000]],
        "exchange_one": [],
        "exchange_two": [],
        "exchange_three": [],
        "is_only": 0,
        "exchange_times": 1,
        "daily_refresh": 0,
        "week_refresh": 1,
        "reward_goods": 139008,
        "reward_count": 1,
        "level_min": 1,
        "des": "每周可兑换1次"
    },
    "10012": {
        "id": 10012,
        "quality": 12,
        "type": 1,
        "is_choose": 0,
        "exchange_goods": [[131001,1],[131101,1],[131201,1]],
        "exchange_one": [],
        "exchange_two": [],
        "exchange_three": [],
        "is_only": 0,
        "exchange_times": 2,
        "daily_refresh": 1,
        "week_refresh": 0,
        "reward_goods": 139003,
        "reward_count": 1,
        "level_min": 1,
        "des": "每天可兑换2次"
    },
    "10013": {
        "id": 10013,
        "quality": 13,
        "type": 1,
        "is_choose": 0,
        "exchange_goods": [[131002,1],[131102,1],[131202,1]],
        "exchange_one": [],
        "exchange_two": [],
        "exchange_three": [],
        "is_only": 0,
        "exchange_times": 2,
        "daily_refresh": 1,
        "week_refresh": 0,
        "reward_goods": 139004,
        "reward_count": 1,
        "level_min": 1,
        "des": "每天可兑换2次"
    },
    "10014": {
        "id": 10014,
        "quality": 14,
        "type": 1,
        "is_choose": 0,
        "exchange_goods": [[131003,1],[131103,1],[131203,1]],
        "exchange_one": [],
        "exchange_two": [],
        "exchange_three": [],
        "is_only": 0,
        "exchange_times": 2,
        "daily_refresh": 1,
        "week_refresh": 0,
        "reward_goods": 139005,
        "reward_count": 1,
        "level_min": 1,
        "des": "每天可兑换2次"
    },
    "10015": {
        "id": 10015,
        "quality": 15,
        "type": 1,
        "is_choose": 0,
        "exchange_goods": [[131001,2],[131101,2],[131204,1]],
        "exchange_one": [],
        "exchange_two": [],
        "exchange_three": [],
        "is_only": 0,
        "exchange_times": 2,
        "daily_refresh": 1,
        "week_refresh": 0,
        "reward_goods": 139006,
        "reward_count": 1,
        "level_min": 1,
        "des": "每天可兑换2次"
    }}
