{
    "1": {
        "id": 1,
        "type": 1,
        "value": 0,
        "reward_goods":[20027,50],
        "des": "每日登录游戏"
    },
    "2": {
        "id": 2,
        "type": 2,
        "value": 0,
        "reward_goods":[20027,50],
        "des": "拥有高级通行证"
    },
    "3": {
        "id": 3,
        "type": 3,
        "value": 50,
        "reward_goods":[20027,100],
        "des": "每日任务活跃度达到50点"
    },
    "4": {
        "id": 4,
        "type": 3,
        "value": 100,
        "reward_goods":[20027,100],
        "des": "每日任务活跃度达到100点"
    },
    "5": {
        "id": 5,
        "type": 3,
        "value": 150,
        "reward_goods":[20027,100],
        "des": "每日任务活跃度达到150点"
    }
}