{
    "10010": {
        "id": 10010,
        "name": "东巴",
        "level": 20,
        "step": 5,
        "star": 3,
        "awaken_level": 1
    },
    "10011": {
        "id": 10011,
        "name": "飞坦",
        "level": 20,
        "step": 5,
        "star": 4,
        "awaken_level": 1
    },
    "10056": {
        "id": 10056,
        "name": "小麦",
        "level": 20,
        "step": 5,
        "star": 4,
        "awaken_level": 1
    },
    "10057": {
        "id": 10057,
        "name": "二星蘑菇",
        "level": 1,
        "step": 0,
        "star": 2,
        "awaken_level": 0
    },
    "10058": {
        "id": 10058,
        "name": "三星蘑菇",
        "level": 1,
        "step": 0,
        "star": 3,
        "awaken_level": 0
    },
    "10059": {
        "id": 10059,
        "name": "四星蘑菇",
        "level": 1,
        "step": 0,
        "star": 4,
        "awaken_level": 0
    },
    "10074": {
        "id": 10074,
        "name": "五星蘑菇",
        "level": 1,
        "step": 0,
        "star": 5,
        "awaken_level": 0
    }}
