{
    "2": {
        "index": 2,
        "name": "第二期",
        "month_open_day": 8,
        "day_num": 7,
        "check_type": [1,2,5],
        "check_star": [1,2,3,4,5,6],
        "add_jewel_star": [2,2,5,8,8,0],
        "add_jewel_upstar": [0,3,3,8,15,15],
        "check_goods": [130201,130202],
        "add_jewel_goods": [1,6],
        "daily_limit": 100,
        "exchange_goods": [[30003,3],[20001,36000],[31101,1],[31102,1],[30453,1],[30506,3],[139008,1],[30813,1]],
        "exchange_jewel": [10,10,35,100,120,80,100,30],
        "exchange_count": [1,1,2,1,1,1,1,3],
        "exchange_daily_update": [1,1,0,0,0,0,0,0],
        "daily_mission": 7075,
        "final_mission": 7038
    },
    "4": {
        "index": 4,
        "name": "第四期",
        "month_open_day": 22,
        "day_num": 7,
        "check_type": [3,4,5],
        "check_star": [1,2,3,4,5,6],
        "add_jewel_star": [0,6,15,30,0,0],
        "add_jewel_upstar": [0,0,6,15,30,30],
        "check_goods": [130201,130202],
        "add_jewel_goods": [1,6],
        "daily_limit": 100,
        "exchange_goods": [[30003,3],[20001,36000],[31101,1],[31102,1],[30453,1],[30506,3],[139008,1],[130202,1]],
        "exchange_jewel": [10,10,35,100,120,80,100,30],
        "exchange_count": [1,1,2,1,1,1,1,3],
        "exchange_daily_update": [1,1,0,0,0,0,0,0],
        "daily_mission": 7075,
        "final_mission": 7018
    }}
