{
    "1": {
        "id": 1,
        "rank_min": 1,
        "rank_max": 1,
        "title_id": "160011",
        "reward_goods": [139010,30453,20001,33016],
        "reward_count": [1,1,250000,20]
    },
    "2": {
        "id": 2,
        "rank_min": 2,
        "rank_max": 2,
        "title_id": "160010",
        "reward_goods": [139010,30453,20001,33016],
        "reward_count": [1,1,200000,18]
    },
    "3": {
        "id": 3,
        "rank_min": 3,
        "rank_max": 3,
        "title_id": "160009",
        "reward_goods": [139010,30452,20001,33016],
        "reward_count": [1,1,150000,15]
    },
    "4": {
        "id": 4,
        "rank_min": 4,
        "rank_max": 20,
        "title_id": "",
        "reward_goods": [139008,30452,20001,33016],
        "reward_count": [1,1,100000,13]
    },
    "5": {
        "id": 5,
        "rank_min": 21,
        "rank_max": 100,
        "title_id": "",
        "reward_goods": [139008,30451,20001,33016],
        "reward_count": [1,1,80000,10]
    }}
