{
    "1": {
        "index": 1,
        "task_type": 1,
        "general_id": 10043,
        "general_name": "孟徒徒尤匹",
        "aptitude": 14,
        "img_path": "ui_acitivity_biography_IconHeroHalf1_png",
        "head_path": "hero_icon_head_wj_renma_png",
        "title_path": "ccbResources/common_ui/HXH_Acitivity/HXH_Biography/WordTitle6.png",
        "word_path": "ui_huntername_HunterName44_png",
        "text_path": "ccbResources/common_ui/Activity/wu.png",
        "name_path": "ui_huntername_HunterName44_png",
        "general_series": "ui_acitivity_biography_WordSeries5_png",
        "general_type_path": "ui_acitivity_biography_WordType2_png",
        "general_technique": "搭配回复型猎人可有效保护后排队友",
        "general_des": "回复提升，降低防御",
        "general_story": "王的三护卫之一，由魔兽基因混合而成，可自由变换身体形态。"
    },
    "2": {
        "index": 2,
        "task_type": 1,
        "general_id": 10041,
        "general_name": "甘舒",
        "aptitude": 14,
        "img_path": "ui_acitivity_biography_IconHeroHalf2_png",
        "head_path": "hero_icon_head_wj_ganshu_png",
        "title_path": "ccbResources/common_ui/HXH_Acitivity/HXH_Biography/WordTitle6.png",
        "word_path": "ui_huntername_HunterName41_png",
        "text_path": "ccbResources/common_ui/Activity/wu.png",
        "name_path": "ui_huntername_HunterName41_png",
        "general_series": "ui_acitivity_biography_WordSeries4_png",
        "general_type_path": "ui_acitivity_biography_WordType1_png",
        "general_technique": "合理分配速度属性可将技能伤害效果最大化",
        "general_des": "全体输出，爆炸伤害",
        "general_story": "具现化系能力者，善于使用炸药攻击敌人，可悄无声息地将定时炸弹安置在他人身上，引爆后有恐怖的破坏力。在贪婪之岛集卡比赛中，为了获得胜利残忍屠杀了大量玩家抢夺卡片，但最终在小杰和奇犽等正义力量的努力反抗下，使得他的计划全部付之一炬。"
    },
    "3": {
        "index": 3,
        "task_type": 1,
        "general_id": 10019,
        "general_name": "桀诺",
        "aptitude": 14,
        "img_path": "ui_acitivity_biography_IconHeroHalf3_png",
        "head_path": "hero_icon_head_wj_jienuo_png",
        "title_path": "ccbResources/common_ui/HXH_Acitivity/HXH_Biography/WordTitle6.png",
        "word_path": "ui_huntername_HunterName12_png",
        "text_path": "ccbResources/common_ui/Activity/wu.png",
        "name_path": "ui_huntername_HunterName12_png",
        "general_series": "ui_acitivity_biography_WordSeries1_png",
        "general_type_path": "ui_acitivity_biography_WordType3_png",
        "general_technique": "把握技能释放时机可打断敌方技能",
        "general_des": "浮空打断，护盾减速",
        "general_story": "奇犽的爷爷，拥有超强的念能力，甚至足以与会长匹敌，是令人闻风丧胆的杀手。"
    },
    "4": {
        "index": 4,
        "task_type": 1,
        "general_id": 10018,
        "general_name": "席巴",
        "aptitude": 14,
        "img_path": "ui_acitivity_biography_IconHeroHalf4_png",
        "head_path": "hero_icon_head_wj_xiba_png",
        "title_path": "",
        "word_path": "ui_huntername_xiba_png",
        "text_path": "",
        "name_path": "ui_huntername_xiba_png",
        "general_series": "ui_acitivity_biography_WordSeries1_png",
        "general_type_path": "ui_acitivity_biography_WordType1_png",
        "general_technique": "可针对性地对敌方后排逐个击杀",
        "general_des": "击杀后排，驱散禁锢",
        "general_story": "奇犽的父亲，在杀手界赫赫有名，想要将儿子们培养成像自己一样的杀手。"
    },
    "5": {
        "index": 5,
        "task_type": 1,
        "general_id": 10028,
        "general_name": "信长",
        "aptitude": 14,
        "img_path": "ui_acitivity_biography_IconHeroHalf5_png",
        "head_path": "hero_icon_head_wj_xinchang_png",
        "title_path": "",
        "word_path": "ui_huntername_HunterName32_png",
        "text_path": "",
        "name_path": "ui_huntername_HunterName32_png",
        "general_series": "ui_acitivity_biography_WordSeries5_png",
        "general_type_path": "ui_acitivity_biography_WordType1_png",
        "general_technique": "把握技能释放时机可有效针对敌方后排猎人",
        "general_des": "前排输出，真实伤害",
        "general_story": "幻影旅团成员，号码3，居合拔刀术高手，重视友情，与窝金一起多次出生入死。"
    },
    "6": {
        "index": 6,
        "task_type": 1,
        "general_id": 10034,
        "general_name": "酷拉皮卡",
        "aptitude": 13,
        "img_path": "ui_acitivity_biography_IconHeroHalf6_png",
        "head_path": "hero_icon_head_wj_kulapika_png",
        "title_path": "",
        "word_path": "ui_huntername_HunterName16_png",
        "text_path": "",
        "name_path": "ui_huntername_HunterName16_png",
        "general_series": "ui_acitivity_biography_WordSeries4_png",
        "general_type_path": "ui_acitivity_biography_WordType3_png",
        "general_technique": "把握技能释放时机有一定几率打断敌方技能",
        "general_des": "群体输出，沉默控制",
        "general_story": "窟卢塔族唯一的幸存者，在愤怒的时候瞳孔会变成红色，早在几年前，酷拉皮卡的族人惨遭盗贼团幻影旅团屠杀。夺去酷拉皮卡一切的幻影旅团，却讽刺地给予了酷拉皮卡生存的目标，他为了追杀幻影旅团，以成为赏金猎人为目的参加猎人考试，他抛弃了尊严以及人生，以复仇者的身份生存。"
    },
    "7": {
        "index": 7,
        "task_type": 1,
        "general_id": 10031,
        "general_name": "雷欧力",
        "aptitude": 13,
        "img_path": "",
        "head_path": "hero_icon_head_wj_leiouli_png",
        "title_path": "",
        "word_path": "ui_huntername_HunterName17_png",
        "text_path": "",
        "name_path": "ui_huntername_HunterName17_png",
        "general_series": "ui_acitivity_biography_WordSeries3_png",
        "general_type_path": "ui_acitivity_biography_WordType3_png",
        "general_technique": "合理搭配阵容可有效提升我方生存能力",
        "general_des": "群体回复，暴击提升",
        "general_story": "性格耿直并非常看重友情，因小时候无力救回好朋友而决心成为一名医生。"
    },
    "8": {
        "index": 8,
        "task_type": 1,
        "general_id": 10001,
        "general_name": "奇犽",
        "aptitude": 13,
        "img_path": "",
        "head_path": "hero_icon_head_wj_qiya_png",
        "title_path": "",
        "word_path": "ui_huntername_HunterName24_png",
        "text_path": "",
        "name_path": "ui_huntername_HunterName24_png",
        "general_series": "ui_acitivity_biography_WordSeries1_png",
        "general_type_path": "ui_acitivity_biography_WordType1_png",
        "general_technique": "合理分配暴击属性可将技能效果最大化",
        "general_des": "肉盾克星，暴击加速",
        "general_story": "出身在巴托奇亚共和国中位于海拔三千多公尺的枯枯戮山上的杀手揍敌客家族，从3岁起就接受面临死亡的恐怖杀手训练，被家族训练成是一个完全没有感情的杀手。资质为家族有史以来最好，因而被寄予厚望将来成为家主，但不愿意走这安排好的路，于是离家出走，并猎人考试中结识小杰一行人，与小杰成为挚友，开始冒险旅程。"
    },
    "9": {
        "index": 9,
        "task_type": 2,
        "general_id": 10028,
        "general_name": "信长",
        "aptitude": 14,
        "img_path": "",
        "head_path": "hero_icon_head_wj_xinchang_png",
        "title_path": "",
        "word_path": "ui_huntername_HunterName32_png",
        "text_path": "",
        "name_path": "ui_huntername_HunterName32_png",
        "general_series": "ui_acitivity_biography_WordSeries5_png",
        "general_type_path": "ui_acitivity_biography_WordType1_png",
        "general_technique": "把握技能释放时机可有效针对敌方后排猎人",
        "general_des": "前排输出，真实伤害",
        "general_story": "幻影旅团成员，号码3，居合拔刀术高手，重视友情，与窝金一起多次出生入死。"
    },
    "10": {
        "index": 10,
        "task_type": 2,
        "general_id": 10062,
        "general_name": "火红眼",
        "aptitude": 14,
        "img_path": "",
        "head_path": "hero_icon_head_wj_hongyan_png",
        "title_path": "",
        "word_path": "ui_huntername_hongyan_png",
        "text_path": "",
        "name_path": "ui_huntername_hongyan_png",
        "general_series": "ui_acitivity_biography_WordSeries6_png",
        "general_type_path": "ui_acitivity_biography_WordType3_png",
        "general_technique": "把握手动技施放时机，并合理搭配援助猎人可提升火红眼作用。",
        "general_des": "打断沉默，怒气提升",
        "general_story": "酷拉皮卡被激怒后，窟卢塔族血液被激发，眼睛变成血红色的同时实力也得到了大幅度的提升。"
    },
    "11": {
        "index": 11,
        "task_type": 2,
        "general_id": 10042,
        "general_name": "枭亚普夫",
        "aptitude": 14,
        "img_path": "",
        "head_path": "hero_icon_head_wj_hudie_png",
        "title_path": "",
        "word_path": "ui_huntername_HunterName43_png",
        "text_path": "",
        "name_path": "ui_huntername_HunterName43_png",
        "general_series": "ui_acitivity_biography_WordSeries2_png",
        "general_type_path": "ui_acitivity_biography_WordType3_png",
        "general_technique": "把握技能释放时机可大幅降低我方猎人受到的伤害",
        "general_des": "无敌格挡，群体免疫",
        "general_story": "王的三护卫之一，平时以蝴蝶的形态存在，对蚁王十分忠心。"
    },
    "12": {
        "index": 12,
        "task_type": 2,
        "general_id": 10036,
        "general_name": "王",
        "aptitude": 14,
        "img_path": "",
        "head_path": "hero_icon_head_wj_wang_png",
        "title_path": "",
        "word_path": "ui_huntername_HunterName42_png",
        "text_path": "",
        "name_path": "ui_huntername_HunterName42_png",
        "general_series": "ui_acitivity_biography_WordSeries6_png",
        "general_type_path": "ui_acitivity_biography_WordType2_png",
        "general_technique": "合理分配防御和生命值属性可大幅提升技能效果",
        "general_des": "真实伤害，最强复活",
        "general_story": "嵌合蚁女王所生，原名梅路艾姆，有着超然于人类的强大能力，目标是统治人类。"
    },
    "13": {
        "index": 13,
        "task_type": 2,
        "general_id": 10019,
        "general_name": "桀诺",
        "aptitude": 14,
        "img_path": "",
        "head_path": "hero_icon_head_wj_jienuo_png",
        "title_path": "",
        "word_path": "ui_huntername_HunterName12_png",
        "text_path": "",
        "name_path": "ui_huntername_HunterName12_png",
        "general_series": "ui_acitivity_biography_WordSeries1_png",
        "general_type_path": "ui_acitivity_biography_WordType3_png",
        "general_technique": "把握技能释放时机可打断敌方技能",
        "general_des": "浮空打断，护盾减速",
        "general_story": "奇犽的爷爷，拥有超强的念能力，甚至足以与会长匹敌，是令人闻风丧胆的杀手。"
    },
    "14": {
        "index": 14,
        "task_type": 2,
        "general_id": 10013,
        "general_name": "富兰克林",
        "aptitude": 14,
        "img_path": "",
        "head_path": "hero_icon_head_wj_fulankelin_png",
        "title_path": "",
        "word_path": "ui_huntername_HunterName9_png",
        "text_path": "",
        "name_path": "ui_huntername_HunterName9_png",
        "general_series": "ui_acitivity_biography_WordSeries3_png",
        "general_type_path": "ui_acitivity_biography_WordType1_png",
        "general_technique": "合理分配速度和效果命中属性可大幅提升技能效果",
        "general_des": "群体攻击，高额毒伤",
        "general_story": "幻影旅团成员，号码7，看似凶狠，其实个性老实，很体贴同伴。"
    },
    "15": {
        "index": 15,
        "task_type": 2,
        "general_id": 10043,
        "general_name": "孟徒徒尤匹",
        "aptitude": 14,
        "img_path": "",
        "head_path": "hero_icon_head_wj_renma_png",
        "title_path": "",
        "word_path": "ui_huntername_HunterName44_png",
        "text_path": "",
        "name_path": "ui_huntername_HunterName44_png",
        "general_series": "ui_acitivity_biography_WordSeries5_png",
        "general_type_path": "ui_acitivity_biography_WordType2_png",
        "general_technique": "搭配回复型猎人可有效保护后排队友",
        "general_des": "回复提升，降低防御",
        "general_story": "王的三护卫之一，由魔兽基因混合而成，可自由变换身体形态。"
    },
    "16": {
        "index": 16,
        "task_type": 2,
        "general_id": 10004,
        "general_name": "伊尔谜",
        "aptitude": 14,
        "img_path": "",
        "head_path": "hero_icon_head_wj_yiermi_png",
        "title_path": "",
        "word_path": "ui_huntername_HunterName33_png",
        "text_path": "",
        "name_path": "ui_huntername_HunterName33_png",
        "general_series": "ui_acitivity_biography_WordSeries2_png",
        "general_type_path": "ui_acitivity_biography_WordType3_png",
        "general_technique": "适用于针对生命值较高的敌人",
        "general_des": "最强控制，致命毒伤",
        "general_story": "揍敌客家族的长子，西索的朋友，一直想要让奇犽成为一名出色的杀手。"
    },
    "17": {
        "index": 17,
        "task_type": 3,
        "general_id": 10020,
        "general_name": "柯特",
        "aptitude": 14,
        "img_path": "",
        "head_path": "hero_icon_head_wj_kete_png",
        "title_path": "",
        "word_path": "ui_huntername_HunterName4_png",
        "text_path": "",
        "name_path": "ui_huntername_HunterName4_png",
        "general_series": "ui_acitivity_biography_WordSeries2_png",
        "general_type_path": "ui_acitivity_biography_WordType3_png",
        "general_technique": "合理搭配属性可在竞技场战斗中起到决定性作用",
        "general_des": "我方加速，敌方减速",
        "general_story": "奇犽的弟弟，加入了幻影旅团成为4号，实力未知。"
    },
    "18": {
        "index": 18,
        "task_type": 3,
        "general_id": 10062,
        "general_name": "火红眼",
        "aptitude": 14,
        "img_path": "",
        "head_path": "hero_icon_head_wj_hongyan_png",
        "title_path": "",
        "word_path": "ui_huntername_hongyan_png",
        "text_path": "",
        "name_path": "ui_huntername_hongyan_png",
        "general_series": "ui_acitivity_biography_WordSeries6_png",
        "general_type_path": "ui_acitivity_biography_WordType3_png",
        "general_technique": "把握手动技施放时机，并合理搭配援助猎人可提升火红眼作用。",
        "general_des": "打断沉默，怒气提升",
        "general_story": "酷拉皮卡被激怒后，窟卢塔族血液被激发，眼睛变成血红色的同时实力也得到了大幅度的提升。"
    },
    "19": {
        "index": 19,
        "task_type": 3,
        "general_id": 10066,
        "general_name": "雷神·奇犽",
        "aptitude": 14,
        "img_path": "",
        "head_path": "hero_icon_head_wj_leishenqiya_png",
        "title_path": "",
        "word_path": "ui_huntername_leishenqiya_png",
        "text_path": "",
        "name_path": "ui_huntername_leishenqiya_png",
        "general_series": "ui_acitivity_biography_WordSeries1_png",
        "general_type_path": "ui_acitivity_biography_WordType1_png",
        "general_technique": "利用速度优势可大幅提升输出和生存能力",
        "general_des": "雷神觉醒，无限斩杀",
        "general_story": "觉醒雷电能力的奇犽，将自身和雷电融合在一起，大大强化了自身的攻击能力。"
    },
    "20": {
        "index": 20,
        "task_type": 3,
        "general_id": 10033,
        "general_name": "西索",
        "aptitude": 14,
        "img_path": "",
        "head_path": "hero_icon_head_wj_xisuo_png",
        "title_path": "",
        "word_path": "ui_huntername_HunterName28_png",
        "text_path": "",
        "name_path": "ui_huntername_HunterName28_png",
        "general_series": "ui_acitivity_biography_WordSeries1_png",
        "general_type_path": "ui_acitivity_biography_WordType1_png",
        "general_technique": "针对生命值较高的敌人有一定克制作用",
        "general_des": "前排克星，濒死无敌",
        "general_story": "冷血的“魔术师”，手中的扑克牌可以杀人于无形。十分渴望一场实力相当的对决。"
    },
    "21": {
        "index": 21,
        "task_type": 3,
        "general_id": 10018,
        "general_name": "席巴",
        "aptitude": 14,
        "img_path": "",
        "head_path": "hero_icon_head_wj_xiba_png",
        "title_path": "",
        "word_path": "ui_huntername_xiba_png",
        "text_path": "",
        "name_path": "ui_huntername_xiba_png",
        "general_series": "ui_acitivity_biography_WordSeries1_png",
        "general_type_path": "ui_acitivity_biography_WordType1_png",
        "general_technique": "可针对性地对敌方后排逐个击杀",
        "general_des": "击杀后排，驱散禁锢",
        "general_story": "奇犽的父亲，在杀手界赫赫有名，想要将儿子们培养成像自己一样的杀手。"
    },
    "22": {
        "index": 22,
        "task_type": 3,
        "general_id": 10035,
        "general_name": "尼特罗",
        "aptitude": 14,
        "img_path": "",
        "head_path": "hero_icon_head_wj_huizhang_png",
        "title_path": "",
        "word_path": "ui_huntername_HunterName22_png",
        "text_path": "",
        "name_path": "ui_huntername_HunterName22_png",
        "general_series": "ui_acitivity_biography_WordSeries5_png",
        "general_type_path": "ui_acitivity_biography_WordType1_png",
        "general_technique": "搭配回复型猎人可将伤害效果最大化",
        "general_des": "群体输出，爆发伤害",
        "general_story": "猎人协会的会长，心源流拳法的创始人，被认为是猎人中数一数二厉害的人。"
    },
    "23": {
        "index": 23,
        "task_type": 3,
        "general_id": 10037,
        "general_name": "磊札",
        "aptitude": 14,
        "img_path": "",
        "head_path": "hero_icon_head_wj_leizha_png",
        "title_path": "",
        "word_path": "ui_huntername_HunterName37_png",
        "text_path": "",
        "name_path": "ui_huntername_HunterName37_png",
        "general_series": "ui_acitivity_biography_WordSeries3_png",
        "general_type_path": "ui_acitivity_biography_WordType2_png",
        "general_technique": "攻守兼备，强力克制多段伤害的敌人",
        "general_des": "霸体加防，最强反伤",
        "general_story": "贪婪之岛守卫者之一，负责考核闯关者和驱逐入侵者。"
    },
    "24": {
        "index": 24,
        "task_type": 3,
        "general_id": 10036,
        "general_name": "王",
        "aptitude": 14,
        "img_path": "",
        "head_path": "hero_icon_head_wj_wang_png",
        "title_path": "",
        "word_path": "ui_huntername_HunterName42_png",
        "text_path": "",
        "name_path": "ui_huntername_HunterName42_png",
        "general_series": "ui_acitivity_biography_WordSeries6_png",
        "general_type_path": "ui_acitivity_biography_WordType2_png",
        "general_technique": "合理分配防御和生命值属性可大幅提升技能效果",
        "general_des": "真实伤害，最强复活",
        "general_story": "嵌合蚁女王所生，原名梅路艾姆，有着超然于人类的强大能力，目标是统治人类。"
    },
    "25": {
        "index": 25,
        "task_type": 4,
        "general_id": 10020,
        "general_name": "柯特",
        "aptitude": 14,
        "img_path": "",
        "head_path": "hero_icon_head_wj_kete_png",
        "title_path": "",
        "word_path": "ui_huntername_HunterName4_png",
        "text_path": "",
        "name_path": "ui_huntername_HunterName4_png",
        "general_series": "ui_acitivity_biography_WordSeries2_png",
        "general_type_path": "ui_acitivity_biography_WordType3_png",
        "general_technique": "合理搭配属性可在竞技场战斗中起到决定性作用",
        "general_des": "我方加速，敌方减速",
        "general_story": "奇犽的弟弟，加入了幻影旅团成为4号，实力未知。"
    },
    "26": {
        "index": 26,
        "task_type": 4,
        "general_id": 10062,
        "general_name": "火红眼",
        "aptitude": 14,
        "img_path": "",
        "head_path": "hero_icon_head_wj_hongyan_png",
        "title_path": "",
        "word_path": "ui_huntername_hongyan_png",
        "text_path": "",
        "name_path": "ui_huntername_hongyan_png",
        "general_series": "ui_acitivity_biography_WordSeries6_png",
        "general_type_path": "ui_acitivity_biography_WordType3_png",
        "general_technique": "把握手动技施放时机，并合理搭配援助猎人可提升火红眼作用。",
        "general_des": "打断沉默，怒气提升",
        "general_story": "酷拉皮卡被激怒后，窟卢塔族血液被激发，眼睛变成血红色的同时实力也得到了大幅度的提升。"
    },
    "27": {
        "index": 27,
        "task_type": 4,
        "general_id": 10072,
        "general_name": "帕里斯通",
        "aptitude": 14,
        "img_path": "",
        "head_path": "hero_icon_head_wj_palisitong_png",
        "title_path": "",
        "word_path": "ui_huntername_palisitong_png",
        "text_path": "",
        "name_path": "ui_huntername_palisitong_png",
        "general_series": "ui_acitivity_biography_WordSeries4_png",
        "general_type_path": "ui_acitivity_biography_WordType3_png",
        "general_technique": "副本战斗中可有效保护攻击型队友，大幅减免受到的伤害。",
        "general_des": "驱散流血，回复净化",
        "general_story": "隶属于十二支的三星猎人，同时任职猎人协会副会长，是比杨德尼特罗安插在协会的卧底。"
    },
    "28": {
        "index": 28,
        "task_type": 4,
        "general_id": 10067,
        "general_name": "金",
        "aptitude": 14,
        "img_path": "",
        "head_path": "hero_icon_head_wj_jin_png",
        "title_path": "",
        "word_path": "ui_huntername_jin_png",
        "text_path": "",
        "name_path": "ui_huntername_jin_png",
        "general_series": "ui_acitivity_biography_WordSeries5_png",
        "general_type_path": "ui_acitivity_biography_WordType1_png",
        "general_technique": "有较强自保能力，同时可克制回复型猎人。",
        "general_des": "清怒护盾，克制回复",
        "general_story": "小杰的父亲，由会长挑选的猎人协会十二支之一，没有人可以知道他的真实实力。"
    },
    "29": {
        "index": 29,
        "task_type": 4,
        "general_id": 10060,
        "general_name": "黑化小杰",
        "aptitude": 14,
        "img_path": "",
        "head_path": "hero_icon_head_wj_heijie_png",
        "title_path": "",
        "word_path": "ui_huntername_heijie_png",
        "text_path": "",
        "name_path": "ui_huntername_heijie_png",
        "general_series": "ui_acitivity_biography_WordSeries5_png",
        "general_type_path": "ui_acitivity_biography_WordType2_png",
        "general_technique": "攻击会将敌人击飞至角落，配合单体攻击可使伤害翻倍。",
        "general_des": "击飞控制，清除状态",
        "general_story": "小杰被激怒后强制长大，将身体能力强化至极致后的形态。"
    },
    "30": {
        "index": 30,
        "task_type": 4,
        "general_id": 10075,
        "general_name": "康宰",
        "aptitude": 14,
        "img_path": "",
        "head_path": "hero_icon_head_wj_kangzai_png",
        "title_path": "",
        "word_path": "ui_huntername_HunterName_kangzai_png",
        "text_path": "",
        "name_path": "ui_huntername_HunterName_kangzai_png",
        "general_series": "ui_acitivity_biography_WordSeries5_png",
        "general_type_path": "ui_acitivity_biography_WordType1_png",
        "general_technique": "可有效针对防御较高的前排敌人。",
        "general_des": "降低防御，忽视减伤",
        "general_story": "猎人协会十二支之一，脾气暴躁却又心地善良，西索对其评分85。"
    },
    "31": {
        "index": 31,
        "task_type": 4,
        "general_id": 10061,
        "general_name": "莫老五",
        "aptitude": 14,
        "img_path": "",
        "head_path": "hero_icon_head_wj_molaowu_png",
        "title_path": "",
        "word_path": "ui_huntername_molaowu_png",
        "text_path": "",
        "name_path": "ui_huntername_molaowu_png",
        "general_series": "ui_acitivity_biography_WordSeries2_png",
        "general_type_path": "ui_acitivity_biography_WordType3_png",
        "general_technique": "把握技能释放时机可有效限制敌人BUFF效果。",
        "general_des": "全体回复，群体驱散",
        "general_story": "善于使用烟斗的海洋猎人，性格豪放，做事沉稳冷静，并拥有惊人的肺活量。"
    },
    "32": {
        "index": 32,
        "task_type": 4,
        "general_id": 10044,
        "general_name": "尼飞彼多",
        "aptitude": 14,
        "img_path": "",
        "head_path": "hero_icon_head_wj_maonv_png",
        "title_path": "",
        "word_path": "ui_huntername_HunterName45_png",
        "text_path": "",
        "name_path": "ui_huntername_HunterName45_png",
        "general_series": "ui_acitivity_biography_WordSeries6_png",
        "general_type_path": "ui_acitivity_biography_WordType3_png",
        "general_technique": "把握技能释放时机可有效降低敌方减益效果的作用",
        "general_des": "群体免疫，速度提升",
        "general_story": "王的三护卫之一，具有与生俱来的特质系念能力，强大的念场可击溃对手精神，使其丧失战斗力。"
    }
}