{
    "1": {
        "index": 1,
        "lottery_time": 5,
        "reward_goods": [10058,30002,20001],
        "reward_count": [1,5,10000],
        "show_type": [1,0,0]
    },
    "2": {
        "index": 2,
        "lottery_time": 10,
        "reward_goods": [20020,30002,20001],
        "reward_count": [1,10,20000],
        "show_type": [1,0,0]
    },
    "3": {
        "index": 3,
        "lottery_time": 15,
        "reward_goods": [10059,30002,20001],
        "reward_count": [1,15,30000],
        "show_type": [1,0,0]
    },
    "4": {
        "index": 4,
        "lottery_time": 20,
        "reward_goods": [190004,30003,20001],
        "reward_count": [1,5,50000],
        "show_type": [1,0,0]
    },
    "5": {
        "index": 5,
        "lottery_time": 30,
        "reward_goods": [31001,30003,20001],
        "reward_count": [1,10,80000],
        "show_type": [1,0,0]
    }}
