{
    "1002": {
        "index": 1002,
        "gift_type": 1,
        "trigger": 2,
        "trigger_add": "",
        "trigger_level": "",
        "trigger_gift": [100201,100202,100203,100204,100205,100210,100211],
        "trigger_duration": "",
        "des": "2级触发",
        "pic": "ui_mall_icon_button_shouchongbutton_png"
    },
    "1003": {
        "index": 1003,
        "gift_type": 1,
        "trigger": 3,
        "trigger_add": "",
        "trigger_level": "",
        "trigger_gift": [100302,100303],
        "trigger_duration": "",
        "des": "3级触发",
        "pic": "ui_mall_icon_button_shouchongbutton_png"
    },
    "1010": {
        "index": 1010,
        "gift_type": 1,
        "trigger": 10,
        "trigger_add": "",
        "trigger_level": "",
        "trigger_gift": [101001,101002,101003],
        "trigger_duration": "",
        "des": "10级触发",
        "pic": "ui_mall_icon_button_xinshoubutton_png"
    },
    "1015": {
        "index": 1015,
        "gift_type": 1,
        "trigger": 15,
        "trigger_add": "",
        "trigger_level": "",
        "trigger_gift": [101501,101502,101503,101504,101505,101506,101507],
        "trigger_duration": "",
        "des": "15级触发",
        "pic": "ui_mall_IconGemstone1_png"
    },
    "1025": {
        "index": 1025,
        "gift_type": 1,
        "trigger": 25,
        "trigger_add": "",
        "trigger_level": "",
        "trigger_gift": [102501,102502,102504,102505,102506,102507,102508],
        "trigger_duration": "",
        "des": "25级触发",
        "pic": "ui_mall_icon_button_chujibutton_png"
    },
    "1035": {
        "index": 1035,
        "gift_type": 1,
        "trigger": 35,
        "trigger_add": "",
        "trigger_level": "",
        "trigger_gift": [103501,103502],
        "trigger_duration": "",
        "des": "35级触发",
        "pic": "ui_mall_icon_button_zhongjibutton_png"
    },
    "1045": {
        "index": 1045,
        "gift_type": 1,
        "trigger": 45,
        "trigger_add": "",
        "trigger_level": "",
        "trigger_gift": [104501,104502],
        "trigger_duration": "",
        "des": "45级触发",
        "pic": "ui_mall_icon_button_chaojibutton_png"
    },
    "1055": {
        "index": 1055,
        "gift_type": 1,
        "trigger": 55,
        "trigger_add": "",
        "trigger_level": "",
        "trigger_gift": [105501,105502,105504],
        "trigger_duration": "",
        "des": "55级",
        "pic": "ui_mall_icon_button_tejibutton_png"
    },
    "4006": {
        "index": 4006,
        "gift_type": 4,
        "trigger": 6,
        "trigger_add": "",
        "trigger_level": "",
        "trigger_gift": [400601],
        "trigger_duration": "",
        "des": "6星武将触发",
        "pic": "ui_mall_IconGemstone1_png"
    },
    "2010": {
        "index": 2010,
        "gift_type": 2,
        "trigger": 10,
        "trigger_add": "",
        "trigger_level": "",
        "trigger_gift": [200501],
        "trigger_duration": "",
        "des": "回归礼包",
        "pic": "ui_mall_IconGemstone1_png"
    },
    "6000": {
        "index": 6000,
        "gift_type": 6,
        "trigger": 0,
        "trigger_add": "10000",
        "trigger_level": "",
        "trigger_gift": [600001,600002,600003,600004,600005],
        "trigger_duration": "",
        "des": "白色VIP礼包",
        "pic": "ui_mall_IconGemstone1_png"
    },
    "6001": {
        "index": 6001,
        "gift_type": 6,
        "trigger": 1,
        "trigger_add": "50000",
        "trigger_level": "",
        "trigger_gift": [600104,600105],
        "trigger_duration": "",
        "des": "5000元vip礼包",
        "pic": "ui_mall_IconGemstone1_png"
    },
    "6002": {
        "index": 6002,
        "gift_type": 6,
        "trigger": 2,
        "trigger_add": "100000",
        "trigger_level": "",
        "trigger_gift": [600201,600202,600203],
        "trigger_duration": "",
        "des": "1w元vip礼包",
        "pic": "ui_mall_IconGemstone1_png"
    },
    "6003": {
        "index": 6003,
        "gift_type": 6,
        "trigger": 3,
        "trigger_add": "300000",
        "trigger_level": "",
        "trigger_gift": [600301,600302],
        "trigger_duration": "",
        "des": "3w元vip礼包",
        "pic": "ui_mall_IconGemstone1_png"
    },
    "6004": {
        "index": 6004,
        "gift_type": 6,
        "trigger": 4,
        "trigger_add": "600000",
        "trigger_level": "",
        "trigger_gift": [600401],
        "trigger_duration": "",
        "des": "6w元vip礼包",
        "pic": "ui_mall_IconGemstone1_png"
    },
    "6005": {
        "index": 6005,
        "gift_type": 6,
        "trigger": 5,
        "trigger_add": "1000000",
        "trigger_level": "",
        "trigger_gift": [600501,600502],
        "trigger_duration": "",
        "des": "10wan",
        "pic": "ui_mall_IconGemstone1_png"
    },
    "6006": {
        "index": 6006,
        "gift_type": 6,
        "trigger": 6,
        "trigger_add": "20000",
        "trigger_level": "",
        "trigger_gift": [600104],
        "trigger_duration": "",
        "des": "2000元vip礼包",
        "pic": ""
    },
    "6007": {
        "index": 6007,
        "gift_type": 6,
        "trigger": 7,
        "trigger_add": "2000000",
        "trigger_level": "",
        "trigger_gift": [600602],
        "trigger_duration": "",
        "des": "20w",
        "pic": ""
    },
    "8002": {
        "index": 8002,
        "gift_type": 8,
        "trigger": 2,
        "trigger_add": "",
        "trigger_level": "",
        "trigger_gift": [800001],
        "trigger_duration": "",
        "des": "执照2级触发",
        "pic": "ui_mall_icon_button_chaozhibutton_png"
    },
    "8003": {
        "index": 8003,
        "gift_type": 8,
        "trigger": 3,
        "trigger_add": "",
        "trigger_level": "",
        "trigger_gift": [800002],
        "trigger_duration": "",
        "des": "执照3级触发",
        "pic": "ui_mall_icon_button_xianshibutton_png"
    },
    "8004": {
        "index": 8004,
        "gift_type": 8,
        "trigger": 4,
        "trigger_add": "",
        "trigger_level": "",
        "trigger_gift": [800003],
        "trigger_duration": "",
        "des": "执照4级触发",
        "pic": "ui_mall_icon_button_xianshibutton_png"
    },
    "8005": {
        "index": 8005,
        "gift_type": 8,
        "trigger": 5,
        "trigger_add": "",
        "trigger_level": "",
        "trigger_gift": [800004],
        "trigger_duration": "",
        "des": "执照4级触发",
        "pic": "ui_mall_icon_button_xianshibutton_png"
    },
    "5014": {
        "index": 5014,
        "gift_type": 5,
        "trigger": 14,
        "trigger_add": "36",
        "trigger_level": "",
        "trigger_gift": [500001],
        "trigger_duration": "",
        "des": "每次获得S猎人",
        "pic": "ui_mall_icon_button_xianshibutton_png"
    },
    "9001": {
        "index": 9001,
        "gift_type": 9,
        "trigger": 1,
        "trigger_add": "",
        "trigger_level": "36",
        "trigger_gift": [900002],
        "trigger_duration": "259200",
        "des": "随机弹出的礼包",
        "pic": "ui_mall_icon_button_xianshibutton_png"
    },
    "10014": {
        "index": 10014,
        "gift_type": 10,
        "trigger": 14,
        "trigger_add": "",
        "trigger_level": "",
        "trigger_gift": [1000001],
        "trigger_duration": "",
        "des": "首次获得S猎人",
        "pic": "ui_mall_icon_button_xianshibutton_png"
    },
    "11001": {
        "index": 11001,
        "gift_type": 11,
        "trigger": 1,
        "trigger_add": "50008",
        "trigger_level": "",
        "trigger_gift": [1100001],
        "trigger_duration": "",
        "des": "",
        "pic": ""
    },
    "11002": {
        "index": 11002,
        "gift_type": 11,
        "trigger": 2,
        "trigger_add": "50012",
        "trigger_level": "",
        "trigger_gift": [1100002],
        "trigger_duration": "",
        "des": "",
        "pic": ""
    }}
