{
    "1": {
        "id": 1,
        "index": 1,
        "rank_min": 1,
        "rank_max": 1,
        "title_id": 160007,
        "reward_goods": [139010,33015,20001,130103],
        "reward_count": [1,20,500000,3]
    },
    "2": {
        "id": 2,
        "index": 1,
        "rank_min": 2,
        "rank_max": 2,
        "title_id": 160006,
        "reward_goods": [139008,33015,20001,130103],
        "reward_count": [1,18,500000,2]
    },
    "3": {
        "id": 3,
        "index": 1,
        "rank_min": 3,
        "rank_max": 3,
        "title_id": 160005,
        "reward_goods": [139008,33015,20001,130103],
        "reward_count": [1,15,500000,1]
    },
    "4": {
        "id": 4,
        "index": 1,
        "rank_min": 4,
        "rank_max": 20,
        "title_id": 160008,
        "reward_goods": [139008,33015,20001,130103],
        "reward_count": [1,13,300000,1]
    },
    "5": {
        "id": 5,
        "index": 1,
        "rank_min": 21,
        "rank_max": 100,
        "title_id": 160008,
        "reward_goods": [139008,33015,20001,130103],
        "reward_count": [1,10,160000,1]
    },
    "6": {
        "id": 6,
        "index": 2,
        "rank_min": 1,
        "rank_max": 1,
        "title_id": 160007,
        "reward_goods": [139010,33015,20001,130103],
        "reward_count": [1,20,500000,3]
    },
    "7": {
        "id": 7,
        "index": 2,
        "rank_min": 2,
        "rank_max": 2,
        "title_id": 160006,
        "reward_goods": [139008,33015,20001,130103],
        "reward_count": [1,18,500000,2]
    },
    "8": {
        "id": 8,
        "index": 2,
        "rank_min": 3,
        "rank_max": 3,
        "title_id": 160005,
        "reward_goods": [139008,33015,20001,130103],
        "reward_count": [1,15,500000,1]
    },
    "9": {
        "id": 9,
        "index": 2,
        "rank_min": 4,
        "rank_max": 20,
        "title_id": 160008,
        "reward_goods": [139008,33015,20001,130103],
        "reward_count": [1,13,300000,1]
    },
    "10": {
        "id": 10,
        "index": 2,
        "rank_min": 21,
        "rank_max": 100,
        "title_id": 160008,
        "reward_goods": [139008,33015,20001,130103],
        "reward_count": [1,10,160000,1]
    },
    "11": {
        "id": 11,
        "index": 3,
        "rank_min": 1,
        "rank_max": 1,
        "title_id": 160007,
        "reward_goods": [139010,33015,20001,130103],
        "reward_count": [1,20,500000,3]
    },
    "12": {
        "id": 12,
        "index": 3,
        "rank_min": 2,
        "rank_max": 2,
        "title_id": 160006,
        "reward_goods": [139008,33015,20001,130103],
        "reward_count": [1,18,500000,2]
    },
    "13": {
        "id": 13,
        "index": 3,
        "rank_min": 3,
        "rank_max": 3,
        "title_id": 160005,
        "reward_goods": [139008,33015,20001,130103],
        "reward_count": [1,15,500000,1]
    },
    "14": {
        "id": 14,
        "index": 3,
        "rank_min": 4,
        "rank_max": 20,
        "title_id": 160008,
        "reward_goods": [139008,33015,20001,130103],
        "reward_count": [1,13,300000,1]
    },
    "15": {
        "id": 15,
        "index": 3,
        "rank_min": 21,
        "rank_max": 100,
        "title_id": 160008,
        "reward_goods": [139008,33015,20001,130103],
        "reward_count": [1,10,160000,1]
    },
    "16": {
        "id": 16,
        "index": 4,
        "rank_min": 1,
        "rank_max": 1,
        "title_id": 160007,
        "reward_goods": [139010,33015,20001,130103],
        "reward_count": [1,20,500000,3]
    },
    "17": {
        "id": 17,
        "index": 4,
        "rank_min": 2,
        "rank_max": 2,
        "title_id": 160006,
        "reward_goods": [139008,33015,20001,130103],
        "reward_count": [1,18,500000,2]
    },
    "18": {
        "id": 18,
        "index": 4,
        "rank_min": 3,
        "rank_max": 3,
        "title_id": 160005,
        "reward_goods": [139008,33015,20001,130103],
        "reward_count": [1,15,500000,1]
    },
    "19": {
        "id": 19,
        "index": 4,
        "rank_min": 4,
        "rank_max": 20,
        "title_id": 160008,
        "reward_goods": [139008,33015,20001,130103],
        "reward_count": [1,13,300000,1]
    },
    "20": {
        "id": 20,
        "index": 4,
        "rank_min": 21,
        "rank_max": 100,
        "title_id": 160008,
        "reward_goods": [139008,33015,20001,130103],
        "reward_count": [1,10,160000,1]
    },
    "21": {
        "id": 21,
        "index": 5,
        "rank_min": 1,
        "rank_max": 1,
        "title_id": 160007,
        "reward_goods": [139010,33015,20001,130103],
        "reward_count": [1,20,500000,3]
    },
    "22": {
        "id": 22,
        "index": 5,
        "rank_min": 2,
        "rank_max": 2,
        "title_id": 160006,
        "reward_goods": [139008,33015,20001,130103],
        "reward_count": [1,18,500000,2]
    },
    "23": {
        "id": 23,
        "index": 5,
        "rank_min": 3,
        "rank_max": 3,
        "title_id": 160005,
        "reward_goods": [139008,33015,20001,130103],
        "reward_count": [1,15,500000,1]
    },
    "24": {
        "id": 24,
        "index": 5,
        "rank_min": 4,
        "rank_max": 20,
        "title_id": 160008,
        "reward_goods": [139008,33015,20001,130103],
        "reward_count": [1,13,300000,1]
    },
    "25": {
        "id": 25,
        "index": 5,
        "rank_min": 21,
        "rank_max": 100,
        "title_id": 160008,
        "reward_goods": [139008,33015,20001,130103],
        "reward_count": [1,10,160000,1]
    }}
