{
    "10001": {
        "id": 10001,
        "name": "攻击",
        "type": 1,
        "attri_add": [2,5],
        "rand": [],
        "value": "",
        "b_fight": 1
    },
    "10002": {
        "id": 10002,
        "name": "效果命中",
        "type": 1,
        "attri_add": [4,5],
        "rand": [],
        "value": "",
        "b_fight": 1
    },
    "10003": {
        "id": 10003,
        "name": "格挡率",
        "type": 1,
        "attri_add": [10,5],
        "rand": [],
        "value": "",
        "b_fight": 1
    },
    "10004": {
        "id": 10004,
        "name": "效果抵抗",
        "type": 1,
        "attri_add": [5,5],
        "rand": [],
        "value": "",
        "b_fight": 1
    },
    "10005": {
        "id": 10005,
        "name": "暴击伤害",
        "type": 1,
        "attri_add": [8,10],
        "rand": [],
        "value": "",
        "b_fight": 1
    },
    "10006": {
        "id": 10006,
        "name": "防御",
        "type": 1,
        "attri_add": [3,3],
        "rand": [],
        "value": "",
        "b_fight": 1
    },
    "10007": {
        "id": 10007,
        "name": "生命值",
        "type": 1,
        "attri_add": [1,5],
        "rand": [],
        "value": "",
        "b_fight": 1
    },
    "10008": {
        "id": 10008,
        "name": "暴击率",
        "type": 1,
        "attri_add": [6,3],
        "rand": [],
        "value": "",
        "b_fight": 1
    },
    "10009": {
        "id": 10009,
        "name": "生命值",
        "type": 1,
        "attri_add": [1,5],
        "rand": [],
        "value": "",
        "b_fight": 1
    },
    "10010": {
        "id": 10010,
        "name": "效果抵抗",
        "type": 1,
        "attri_add": [5,5],
        "rand": [],
        "value": "",
        "b_fight": 1
    },
    "10011": {
        "id": 10011,
        "name": "格挡率",
        "type": 1,
        "attri_add": [10,5],
        "rand": [],
        "value": "",
        "b_fight": 1
    },
    "10012": {
        "id": 10012,
        "name": "暴击抵抗",
        "type": 1,
        "attri_add": [9,3],
        "rand": [],
        "value": "",
        "b_fight": 1
    },
    "10013": {
        "id": 10013,
        "name": "效果命中",
        "type": 1,
        "attri_add": [4,5],
        "rand": [],
        "value": "",
        "b_fight": 1
    },
    "10014": {
        "id": 10014,
        "name": "暴击伤害",
        "type": 1,
        "attri_add": [8,10],
        "rand": [],
        "value": "",
        "b_fight": 1
    },
    "10015": {
        "id": 10015,
        "name": "攻击",
        "type": 1,
        "attri_add": [2,5],
        "rand": [],
        "value": "",
        "b_fight": 1
    },
    "10016": {
        "id": 10016,
        "name": "防御",
        "type": 1,
        "attri_add": [3,3],
        "rand": [],
        "value": "",
        "b_fight": 1
    },
    "20001": {
        "id": 20001,
        "name": "攻击",
        "type": 1,
        "attri_add": [2,10],
        "rand": [],
        "value": "",
        "b_fight": 1
    },
    "20002": {
        "id": 20002,
        "name": "效果命中",
        "type": 1,
        "attri_add": [4,10],
        "rand": [],
        "value": "",
        "b_fight": 1
    },
    "20003": {
        "id": 20003,
        "name": "采集时间缩短",
        "type": 3,
        "attri_add": [],
        "rand": [],
        "value": "1",
        "b_fight": 0
    },
    "20004": {
        "id": 20004,
        "name": "效果抵抗",
        "type": 1,
        "attri_add": [5,10],
        "rand": [],
        "value": "",
        "b_fight": 1
    },
    "20005": {
        "id": 20005,
        "name": "采集时间缩短",
        "type": 3,
        "attri_add": [],
        "rand": [],
        "value": "1",
        "b_fight": 0
    },
    "20006": {
        "id": 20006,
        "name": "防御",
        "type": 1,
        "attri_add": [3,5],
        "rand": [],
        "value": "",
        "b_fight": 1
    },
    "20007": {
        "id": 20007,
        "name": "生命值",
        "type": 1,
        "attri_add": [1,10],
        "rand": [],
        "value": "",
        "b_fight": 1
    },
    "20008": {
        "id": 20008,
        "name": "暴击率",
        "type": 1,
        "attri_add": [6,5],
        "rand": [],
        "value": "",
        "b_fight": 1
    },
    "20009": {
        "id": 20009,
        "name": "生命值",
        "type": 1,
        "attri_add": [1,10],
        "rand": [],
        "value": "",
        "b_fight": 1
    },
    "20010": {
        "id": 20010,
        "name": "效果抵抗",
        "type": 1,
        "attri_add": [5,10],
        "rand": [],
        "value": "",
        "b_fight": 1
    },
    "20011": {
        "id": 20011,
        "name": "复活时间缩短",
        "type": 4,
        "attri_add": [],
        "rand": [],
        "value": "1",
        "b_fight": 0
    },
    "20012": {
        "id": 20012,
        "name": "暴击抵抗",
        "type": 1,
        "attri_add": [9,5],
        "rand": [],
        "value": "",
        "b_fight": 1
    },
    "20013": {
        "id": 20013,
        "name": "复活时间缩短",
        "type": 4,
        "attri_add": [],
        "rand": [],
        "value": "1",
        "b_fight": 0
    },
    "20014": {
        "id": 20014,
        "name": "暴击伤害",
        "type": 1,
        "attri_add": [8,15],
        "rand": [],
        "value": "",
        "b_fight": 1
    },
    "20015": {
        "id": 20015,
        "name": "攻击",
        "type": 1,
        "attri_add": [2,10],
        "rand": [],
        "value": "",
        "b_fight": 1
    },
    "20016": {
        "id": 20016,
        "name": "防御",
        "type": 1,
        "attri_add": [3,5],
        "rand": [],
        "value": "",
        "b_fight": 1
    },
    "30001": {
        "id": 30001,
        "name": "攻击",
        "type": 1,
        "attri_add": [2,15],
        "rand": [],
        "value": "",
        "b_fight": 1
    },
    "30002": {
        "id": 30002,
        "name": "效果命中",
        "type": 1,
        "attri_add": [4,15],
        "rand": [],
        "value": "",
        "b_fight": 1
    },
    "30003": {
        "id": 30003,
        "name": "复活时间缩短",
        "type": 4,
        "attri_add": [],
        "rand": [],
        "value": "2",
        "b_fight": 0
    },
    "30004": {
        "id": 30004,
        "name": "效果抵抗",
        "type": 1,
        "attri_add": [5,15],
        "rand": [],
        "value": "",
        "b_fight": 1
    },
    "30005": {
        "id": 30005,
        "name": "复活时间缩短",
        "type": 4,
        "attri_add": [],
        "rand": [],
        "value": "2",
        "b_fight": 0
    },
    "30006": {
        "id": 30006,
        "name": "防御",
        "type": 1,
        "attri_add": [3,7],
        "rand": [],
        "value": "",
        "b_fight": 1
    },
    "30007": {
        "id": 30007,
        "name": "生命值",
        "type": 1,
        "attri_add": [1,15],
        "rand": [],
        "value": "",
        "b_fight": 1
    },
    "30008": {
        "id": 30008,
        "name": "抢果",
        "type": 2,
        "attri_add": [],
        "rand": [30,100],
        "value": "",
        "b_fight": 0
    },
    "30009": {
        "id": 30009,
        "name": "生命值",
        "type": 1,
        "attri_add": [1,15],
        "rand": [],
        "value": "",
        "b_fight": 1
    },
    "30010": {
        "id": 30010,
        "name": "效果抵抗",
        "type": 1,
        "attri_add": [5,15],
        "rand": [],
        "value": "",
        "b_fight": 1
    },
    "30011": {
        "id": 30011,
        "name": "吸血",
        "type": 5,
        "attri_add": [],
        "rand": [],
        "value": "10",
        "b_fight": 0
    },
    "30012": {
        "id": 30012,
        "name": "暴击抵抗",
        "type": 1,
        "attri_add": [9,7],
        "rand": [],
        "value": "",
        "b_fight": 1
    },
    "30013": {
        "id": 30013,
        "name": "吸血",
        "type": 5,
        "attri_add": [],
        "rand": [],
        "value": "10",
        "b_fight": 0
    },
    "30014": {
        "id": 30014,
        "name": "暴击伤害",
        "type": 1,
        "attri_add": [8,20],
        "rand": [],
        "value": "",
        "b_fight": 1
    },
    "30015": {
        "id": 30015,
        "name": "攻击",
        "type": 1,
        "attri_add": [2,15],
        "rand": [],
        "value": "",
        "b_fight": 1
    },
    "30016": {
        "id": 30016,
        "name": "吸血",
        "type": 5,
        "attri_add": [],
        "rand": [],
        "value": "15",
        "b_fight": 0
    },
    "40001": {
        "id": 40001,
        "name": "攻击",
        "type": 1,
        "attri_add": [2,15],
        "rand": [],
        "value": "",
        "b_fight": 1
    },
    "40002": {
        "id": 40002,
        "name": "效果命中",
        "type": 1,
        "attri_add": [4,15],
        "rand": [],
        "value": "",
        "b_fight": 1
    },
    "40003": {
        "id": 40003,
        "name": "复活时间缩短",
        "type": 4,
        "attri_add": [],
        "rand": [],
        "value": "2",
        "b_fight": 0
    },
    "40004": {
        "id": 40004,
        "name": "效果抵抗",
        "type": 1,
        "attri_add": [5,15],
        "rand": [],
        "value": "",
        "b_fight": 1
    },
    "40005": {
        "id": 40005,
        "name": "复活时间缩短",
        "type": 4,
        "attri_add": [],
        "rand": [],
        "value": "2",
        "b_fight": 0
    },
    "40006": {
        "id": 40006,
        "name": "防御",
        "type": 1,
        "attri_add": [3,7],
        "rand": [],
        "value": "",
        "b_fight": 1
    },
    "40007": {
        "id": 40007,
        "name": "生命值",
        "type": 1,
        "attri_add": [1,15],
        "rand": [],
        "value": "",
        "b_fight": 1
    },
    "40008": {
        "id": 40008,
        "name": "抢果",
        "type": 2,
        "attri_add": [],
        "rand": [30,100],
        "value": "",
        "b_fight": 0
    },
    "40009": {
        "id": 40009,
        "name": "生命值",
        "type": 1,
        "attri_add": [1,15],
        "rand": [],
        "value": "",
        "b_fight": 1
    },
    "40010": {
        "id": 40010,
        "name": "效果抵抗",
        "type": 1,
        "attri_add": [5,15],
        "rand": [],
        "value": "",
        "b_fight": 1
    },
    "40011": {
        "id": 40011,
        "name": "吸血",
        "type": 5,
        "attri_add": [],
        "rand": [],
        "value": "10",
        "b_fight": 0
    },
    "40012": {
        "id": 40012,
        "name": "暴击抵抗",
        "type": 1,
        "attri_add": [9,7],
        "rand": [],
        "value": "",
        "b_fight": 1
    },
    "40013": {
        "id": 40013,
        "name": "吸血",
        "type": 5,
        "attri_add": [],
        "rand": [],
        "value": "10",
        "b_fight": 0
    },
    "40014": {
        "id": 40014,
        "name": "暴击伤害",
        "type": 1,
        "attri_add": [8,20],
        "rand": [],
        "value": "",
        "b_fight": 1
    },
    "40015": {
        "id": 40015,
        "name": "攻击",
        "type": 1,
        "attri_add": [2,15],
        "rand": [],
        "value": "",
        "b_fight": 1
    },
    "40016": {
        "id": 40016,
        "name": "吸血",
        "type": 5,
        "attri_add": [],
        "rand": [],
        "value": "15",
        "b_fight": 0
    },
    "21111": {
        "id": 21111,
        "name": "抢果",
        "type": 2,
        "attri_add": [],
        "rand": [70,100],
        "value": "",
        "b_fight": 0
    },
    "31111": {
        "id": 31111,
        "name": "采集",
        "type": 3,
        "attri_add": [],
        "rand": [],
        "value": "3",
        "b_fight": 0
    },
    "41111": {
        "id": 41111,
        "name": "复活",
        "type": 4,
        "attri_add": [],
        "rand": [],
        "value": "5",
        "b_fight": 0
    }}
