{
    "1": {
        "id": 1,
        "name": "幻影旅团",
        "rand_item": [121001],
        "rand_power": [10],
        "exchange_goods": [[40033,1],[40017,1],[31102,1],[31101,1],[30813,1],[30812,1],[20020,1],[20021,1]],
        "exchange_integral": [20,20,40,15,20,10,80,500],
        "exchange_count": [150,100,20,50,50,100,80,1],
        "consume_token": 1,
        "consume_token_ten": 10,
        "gift_content": [[20024,10],[30003,3],[20001,30000]],
        "gift_consume": 2500,
        "first_rand": 140002,
        "ten_rand": 140001,
        "get_integral": 10,
        "subject_duration": 259200,
        "background": "ui_acitivity_random_WordsRandomTitle4_png",
        "client_goods": [[10033,1],[10017,1],[40033,1],[30813,1],[31102,1],[31101,1],[10007,1],[10011,1],[10003,1]],
        "path": "ui_acitivity_random_IconGift_png"
    },
    "2": {
        "id": 2,
        "name": "蚂蚁军团",
        "rand_item": [121002],
        "rand_power": [10],
        "exchange_goods": [[40036,1],[130006,1],[31102,1],[31101,1],[30813,1],[30812,1],[20020,1],[20021,1]],
        "exchange_integral": [20,5,40,15,20,10,80,500],
        "exchange_count": [150,100,20,50,50,100,80,1],
        "consume_token": 1,
        "consume_token_ten": 10,
        "gift_content": [[20024,10],[30003,3],[20001,30000]],
        "gift_consume": 2500,
        "first_rand": 140003,
        "ten_rand": 140001,
        "get_integral": 10,
        "subject_duration": 259200,
        "background": "ui_acitivity_random_WordsRandomTitle2_png",
        "client_goods": [[10036,1],[10042,1],[40036,1],[30813,1],[31102,1],[31101,1],[10021,1],[10023,1],[10012,1]],
        "path": "ui_acitivity_random_IconGift_png"
    },
    "3": {
        "id": 3,
        "name": "揍敌客家族",
        "rand_item": [121003],
        "rand_power": [10],
        "exchange_goods": [[40004,1],[130005,1],[31102,1],[31101,1],[30813,1],[30812,1],[20020,1],[20021,1]],
        "exchange_integral": [20,5,40,15,20,10,80,500],
        "exchange_count": [150,100,20,50,50,100,80,1],
        "consume_token": 1,
        "consume_token_ten": 10,
        "gift_content": [[20024,10],[30003,3],[20001,30000]],
        "gift_consume": 2500,
        "first_rand": 140004,
        "ten_rand": 140001,
        "get_integral": 10,
        "subject_duration": 259200,
        "background": "ui_acitivity_random_WordsRandomTitle3_png",
        "client_goods": [[10004,1],[10037,1],[40004,1],[30813,1],[31102,1],[31101,1],[10005,1],[10001,1],[10014,1]],
        "path": "ui_acitivity_random_IconGift_png"
    },
    "4": {
        "id": 4,
        "name": "猎人协会",
        "rand_item": [121004],
        "rand_power": [10],
        "exchange_goods": [[40035,1],[130003,1],[31102,1],[31101,1],[30813,1],[30812,1],[20020,1],[20021,1]],
        "exchange_integral": [20,5,40,15,20,10,80,500],
        "exchange_count": [150,100,20,50,50,100,80,1],
        "consume_token": 1,
        "consume_token_ten": 10,
        "gift_content": [[20024,10],[30003,3],[20001,30000]],
        "gift_consume": 2500,
        "first_rand": 140005,
        "ten_rand": 140001,
        "get_integral": 10,
        "subject_duration": 259200,
        "background": "ui_acitivity_random_WordsRandomTitle1_png",
        "client_goods": [[10035,1],[10040,1],[40035,1],[30813,1],[31102,1],[31101,1],[10029,1],[10026,1],[10034,1]],
        "path": "ui_acitivity_random_IconGift_png"
    },
    "5": {
        "id": 5,
        "name": "十二地支",
        "rand_item": [121005],
        "rand_power": [10],
        "exchange_goods": [[40072,1],[130007,1],[31102,1],[31101,1],[30813,1],[30812,1],[20020,1],[20021,1]],
        "exchange_integral": [20,5,40,15,20,10,80,500],
        "exchange_count": [150,100,20,50,50,100,80,1],
        "consume_token": 1,
        "consume_token_ten": 10,
        "gift_content": [[20024,10],[30003,3],[20001,30000]],
        "gift_consume": 2500,
        "first_rand": 140006,
        "ten_rand": 140001,
        "get_integral": 10,
        "subject_duration": 259200,
        "background": "ui_acitivity_random_WordsRandomTitle5_png",
        "client_goods": [[10072,1],[10073,1],[40072,1],[30813,1],[31102,1],[31101,1],[10030,1],[10063,1],[10064,1]],
        "path": "ui_acitivity_random_IconGift_png"
    }}
