{
    "180001": {
        "id": 180001,
        "name": "杀手学院-奇犽",
        "quality": 6,
        "fashion_roleId": 1001,
        "buy_type": 31201,
        "buy_price": 100,
        "price": 10000,
        "appearance_count": 10,
        "drop_count": 0,
        "drop_time": 5,
        "overdue_time": "",
        "fashion_ratio": 770,
        "match_general": 10001,
        "pic_id": 140001,
        "des": "奇犽时装，百年难得一遇的天才杀手。_属性加成：_生命值+3%，攻击+4%，暴击率+3%，忽视格挡+2%。",
        "extrac": "奇犽时装",
        "path": "hero_icon_head_wj_qiyabs_png",
        "shadow": "buff_icon_wu_png",
        "general_hp": 3,
        "general_atk": 4,
        "general_def": 0,
        "atk_crit": 3,
        "crit_extra": 0,
        "dodge_rate": 0,
        "hit_rate": 2,
        "ignore_phyDef": 0,
        "rage_reduce": 0,
        "universal_resistance": 0,
        "ignore_resistance": 0,
        "float_resistance": 0,
        "cd_speed": 0,
        "support_consume": 0,
        "general_atk_all": 130,
        "general_def_all": 0,
        "all_crit": 0,
        "ignore_def_all": 0,
        "skill_atk": 0,
        "skill_def": 0,
        "skill_crit": 0,
        "crit_resistance": 0,
        "final_extra": 0,
        "final_reduce": 0,
        "ignore_magicDef": 0,
        "from": [18,19,22]
    },
    "180003": {
        "id": 180003,
        "name": "次元穿透-小滴",
        "quality": 6,
        "fashion_roleId": 1003,
        "buy_type": 31201,
        "buy_price": 100,
        "price": 10000,
        "appearance_count": 10,
        "drop_count": 0,
        "drop_time": 5,
        "overdue_time": "",
        "fashion_ratio": 770,
        "match_general": 10003,
        "pic_id": 140003,
        "des": "小滴时装，冲破次元之壁。_属性加成：_生命值+3%，效果命中+4%，暴击伤害+10%，速度+2%。",
        "extrac": "小滴时装",
        "path": "fashion_wojin_png",
        "shadow": "buff_icon_wu_png",
        "general_hp": 3,
        "general_atk": 0,
        "general_def": 0,
        "atk_crit": 0,
        "crit_extra": 10,
        "dodge_rate": 0,
        "hit_rate": 0,
        "ignore_phyDef": 0,
        "rage_reduce": 0,
        "universal_resistance": 0,
        "ignore_resistance": 0,
        "float_resistance": 0,
        "cd_speed": 2,
        "support_consume": 0,
        "general_atk_all": 130,
        "general_def_all": 0,
        "all_crit": 0,
        "ignore_def_all": 0,
        "skill_atk": 4,
        "skill_def": 0,
        "skill_crit": 0,
        "crit_resistance": 0,
        "final_extra": 0,
        "final_reduce": 0,
        "ignore_magicDef": 0,
        "from": [18,19,22]
    },
    "180004": {
        "id": 180004,
        "name": "军队执事-伊尔迷",
        "quality": 6,
        "fashion_roleId": 1004,
        "buy_type": 31201,
        "buy_price": 100,
        "price": 10000,
        "appearance_count": 10,
        "drop_count": 0,
        "drop_time": 5,
        "overdue_time": "",
        "fashion_ratio": 770,
        "match_general": 10004,
        "pic_id": 140004,
        "des": "伊尔迷时装，一切都在掌控之中。_属性加成：_生命值+2%，效果命中+5%，速度+3%，暴击抵抗+2%。",
        "extrac": "伊尔迷时装",
        "path": "fashion_wojin_png",
        "shadow": "buff_icon_wu_png",
        "general_hp": 2,
        "general_atk": 0,
        "general_def": 0,
        "atk_crit": 0,
        "crit_extra": 0,
        "dodge_rate": 0,
        "hit_rate": 0,
        "ignore_phyDef": 0,
        "rage_reduce": 0,
        "universal_resistance": 0,
        "ignore_resistance": 0,
        "float_resistance": 0,
        "cd_speed": 3,
        "support_consume": 0,
        "general_atk_all": 130,
        "general_def_all": 0,
        "all_crit": 0,
        "ignore_def_all": 0,
        "skill_atk": 5,
        "skill_def": 0,
        "skill_crit": 0,
        "crit_resistance": 2,
        "final_extra": 0,
        "final_reduce": 0,
        "ignore_magicDef": 0,
        "from": [18,19,22]
    },
    "180007": {
        "id": 180007,
        "name": "机车狂徒-窝金",
        "quality": 6,
        "fashion_roleId": 1007,
        "buy_type": 31201,
        "buy_price": 100,
        "price": 10000,
        "appearance_count": 10,
        "drop_count": 0,
        "drop_time": 5,
        "overdue_time": "",
        "fashion_ratio": 770,
        "match_general": 10007,
        "pic_id": 140007,
        "des": "窝金时装，速度与激情，机车是男人的浪漫。_属性加成：_生命值+3%，防御+3%，效果命中+4%，效果抵抗+4%。",
        "extrac": "窝金时装",
        "path": "fashion_wojin_png",
        "shadow": "buff_icon_wu_png",
        "general_hp": 3,
        "general_atk": 0,
        "general_def": 3,
        "atk_crit": 0,
        "crit_extra": 0,
        "dodge_rate": 0,
        "hit_rate": 0,
        "ignore_phyDef": 0,
        "rage_reduce": 0,
        "universal_resistance": 0,
        "ignore_resistance": 0,
        "float_resistance": 0,
        "cd_speed": 0,
        "support_consume": 0,
        "general_atk_all": 130,
        "general_def_all": 0,
        "all_crit": 0,
        "ignore_def_all": 0,
        "skill_atk": 4,
        "skill_def": 4,
        "skill_crit": 0,
        "crit_resistance": 0,
        "final_extra": 0,
        "final_reduce": 0,
        "ignore_magicDef": 0,
        "from": [18,19,22]
    },
    "180017": {
        "id": 180017,
        "name": "红色统帅-库洛洛",
        "quality": 6,
        "fashion_roleId": 1017,
        "buy_type": 31201,
        "buy_price": 100,
        "price": 10000,
        "appearance_count": 10,
        "drop_count": 0,
        "drop_time": 5,
        "overdue_time": "",
        "fashion_ratio": 770,
        "match_general": 10017,
        "pic_id": 140017,
        "des": "库洛洛时装，王者风范，统领天下。_属性加成：_攻击+3%，暴击率+4%，暴击伤害+10%，速度+2%。",
        "extrac": "库洛洛时装",
        "path": "fashion_wojin_png",
        "shadow": "buff_icon_wu_png",
        "general_hp": 0,
        "general_atk": 3,
        "general_def": 0,
        "atk_crit": 4,
        "crit_extra": 10,
        "dodge_rate": 0,
        "hit_rate": 0,
        "ignore_phyDef": 0,
        "rage_reduce": 0,
        "universal_resistance": 0,
        "ignore_resistance": 0,
        "float_resistance": 0,
        "cd_speed": 2,
        "support_consume": 0,
        "general_atk_all": 130,
        "general_def_all": 0,
        "all_crit": 0,
        "ignore_def_all": 0,
        "skill_atk": 0,
        "skill_def": 0,
        "skill_crit": 0,
        "crit_resistance": 0,
        "final_extra": 0,
        "final_reduce": 0,
        "ignore_magicDef": 0,
        "from": [18,19,22]
    },
    "180020": {
        "id": 180020,
        "name": "幻影之舞-柯特",
        "quality": 6,
        "fashion_roleId": 1020,
        "buy_type": 31201,
        "buy_price": 100,
        "price": 10000,
        "appearance_count": 10,
        "drop_count": 0,
        "drop_time": 5,
        "overdue_time": "",
        "fashion_ratio": 770,
        "match_general": 10020,
        "pic_id": 140020,
        "des": "柯特时装，人家这么可爱，一定是男孩子啦。_属性加成：_生命+3%，攻击+3%，速度+3%，效果命中+3%。",
        "extrac": "柯特时装",
        "path": "fashion_kete_png",
        "shadow": "buff_icon_wu_png",
        "general_hp": 3,
        "general_atk": 3,
        "general_def": 0,
        "atk_crit": 0,
        "crit_extra": 0,
        "dodge_rate": 0,
        "hit_rate": 0,
        "ignore_phyDef": 0,
        "rage_reduce": 0,
        "universal_resistance": 0,
        "ignore_resistance": 0,
        "float_resistance": 0,
        "cd_speed": 3,
        "support_consume": 0,
        "general_atk_all": 130,
        "general_def_all": 0,
        "all_crit": 0,
        "ignore_def_all": 0,
        "skill_atk": 3,
        "skill_def": 0,
        "skill_crit": 0,
        "crit_resistance": 0,
        "final_extra": 0,
        "final_reduce": 0,
        "ignore_magicDef": 0,
        "from": [18,19,22]
    },
    "180021": {
        "id": 180021,
        "name": "阴阳术士-库哔",
        "quality": 6,
        "fashion_roleId": 1021,
        "buy_type": 31201,
        "buy_price": 100,
        "price": 10000,
        "appearance_count": 10,
        "drop_count": 0,
        "drop_time": 5,
        "overdue_time": "",
        "fashion_ratio": 770,
        "match_general": 10021,
        "pic_id": 140021,
        "des": "库哔时装，拥有最强的守护力量。_属性加成：_生命值+3%，防御+3%，效果抵抗+3%，速度+2%。",
        "extrac": "库哔时装",
        "path": "fashion_kubi_png",
        "shadow": "buff_icon_wu_png",
        "general_hp": 3,
        "general_atk": 0,
        "general_def": 3,
        "atk_crit": 0,
        "crit_extra": 0,
        "dodge_rate": 0,
        "hit_rate": 0,
        "ignore_phyDef": 0,
        "rage_reduce": 0,
        "universal_resistance": 0,
        "ignore_resistance": 0,
        "float_resistance": 0,
        "cd_speed": 2,
        "support_consume": 0,
        "general_atk_all": 130,
        "general_def_all": 0,
        "all_crit": 0,
        "ignore_def_all": 0,
        "skill_atk": 0,
        "skill_def": 3,
        "skill_crit": 0,
        "crit_resistance": 0,
        "final_extra": 0,
        "final_reduce": 0,
        "ignore_magicDef": 0,
        "from": [18,19,22]
    },
    "180023": {
        "id": 180023,
        "name": "音乐公主-玛琪",
        "quality": 6,
        "fashion_roleId": 1023,
        "buy_type": 31201,
        "buy_price": 100,
        "price": 10000,
        "appearance_count": 10,
        "drop_count": 0,
        "drop_time": 5,
        "overdue_time": "",
        "fashion_ratio": 710,
        "match_general": 10023,
        "pic_id": 140023,
        "des": "玛琪时装，跟着音乐的节奏，是不是感觉到充满活力呢。_属性加成：_生命值+5%，防御+5%，速度+3%。",
        "extrac": "玛琪时装",
        "path": "fashion_maqi_png",
        "shadow": "buff_icon_wu_png",
        "general_hp": 5,
        "general_atk": 0,
        "general_def": 5,
        "atk_crit": 0,
        "crit_extra": 0,
        "dodge_rate": 0,
        "hit_rate": 0,
        "ignore_phyDef": 0,
        "rage_reduce": 0,
        "universal_resistance": 0,
        "ignore_resistance": 0,
        "float_resistance": 0,
        "cd_speed": 3,
        "support_consume": 0,
        "general_atk_all": 130,
        "general_def_all": 0,
        "all_crit": 0,
        "ignore_def_all": 0,
        "skill_atk": 0,
        "skill_def": 0,
        "skill_crit": 0,
        "crit_resistance": 0,
        "final_extra": 0,
        "final_reduce": 0,
        "ignore_magicDef": 0,
        "from": [18,19,22]
    },
    "180028": {
        "id": 180028,
        "name": "居合剑士-信长",
        "quality": 6,
        "fashion_roleId": 109,
        "buy_type": 31201,
        "buy_price": 100,
        "price": 10000,
        "appearance_count": 10,
        "drop_count": 0,
        "drop_time": 5,
        "overdue_time": "",
        "fashion_ratio": 770,
        "match_general": 10028,
        "pic_id": 143010,
        "des": "信长的时装，感受冰冷刺骨的感觉吧。_属性加成：_生命+3%，攻击+5%，暴击+4%，忽视防御+4%。",
        "extrac": "信长的时装",
        "path": "hero_icon_wj_xinchangbs_png",
        "shadow": "ccbResources/item_icon/wu.png",
        "general_hp": 3,
        "general_atk": 5,
        "general_def": 0,
        "atk_crit": 4,
        "crit_extra": 0,
        "dodge_rate": 0,
        "hit_rate": 0,
        "ignore_phyDef": 4,
        "rage_reduce": 0,
        "universal_resistance": 0,
        "ignore_resistance": 0,
        "float_resistance": 0,
        "cd_speed": 0,
        "support_consume": 0,
        "general_atk_all": 130,
        "general_def_all": 0,
        "all_crit": 0,
        "ignore_def_all": 0,
        "skill_atk": 0,
        "skill_def": 0,
        "skill_crit": 0,
        "crit_resistance": 0,
        "final_extra": 0,
        "final_reduce": 0,
        "ignore_magicDef": 0,
        "from": [18,19,22]
    },
    "180029": {
        "id": 180029,
        "name": "魔术导师-云古",
        "quality": 6,
        "fashion_roleId": 1029,
        "buy_type": 31201,
        "buy_price": 100,
        "price": 10000,
        "appearance_count": 10,
        "drop_count": 0,
        "drop_time": 5,
        "overdue_time": "",
        "fashion_ratio": 710,
        "match_general": 10029,
        "pic_id": 140029,
        "des": "云古时装，变换莫测的魔法世界。_属性加成：_生命值+3%，防御+3%，效果抵抗+3%，速度+2%。",
        "extrac": "云古时装",
        "path": "fashion_maqi_png",
        "shadow": "buff_icon_wu_png",
        "general_hp": 3,
        "general_atk": 0,
        "general_def": 3,
        "atk_crit": 0,
        "crit_extra": 0,
        "dodge_rate": 0,
        "hit_rate": 0,
        "ignore_phyDef": 0,
        "rage_reduce": 0,
        "universal_resistance": 0,
        "ignore_resistance": 0,
        "float_resistance": 0,
        "cd_speed": 2,
        "support_consume": 0,
        "general_atk_all": 130,
        "general_def_all": 0,
        "all_crit": 0,
        "ignore_def_all": 0,
        "skill_atk": 0,
        "skill_def": 3,
        "skill_crit": 0,
        "crit_resistance": 0,
        "final_extra": 0,
        "final_reduce": 0,
        "ignore_magicDef": 0,
        "from": [18,19,22]
    },
    "180034": {
        "id": 180034,
        "name": "绯色樱花-酷拉皮卡",
        "quality": 6,
        "fashion_roleId": 1034,
        "buy_type": 31201,
        "buy_price": 100,
        "price": 10000,
        "appearance_count": 10,
        "drop_count": 0,
        "drop_time": 5,
        "overdue_time": "",
        "fashion_ratio": 710,
        "match_general": 10034,
        "pic_id": 143011,
        "des": "酷拉皮卡时装，在绯红之中战栗吧。_属性加成：_生命+4%，攻击+4%，效果命中+4%。",
        "extrac": "酷拉皮卡时装",
        "path": "hero_icon_head_wj_kulapikabs_png",
        "shadow": "buff_icon_wu_png",
        "general_hp": 4,
        "general_atk": 4,
        "general_def": 0,
        "atk_crit": 0,
        "crit_extra": 0,
        "dodge_rate": 0,
        "hit_rate": 0,
        "ignore_phyDef": 0,
        "rage_reduce": 0,
        "universal_resistance": 0,
        "ignore_resistance": 0,
        "float_resistance": 0,
        "cd_speed": 0,
        "support_consume": 0,
        "general_atk_all": 130,
        "general_def_all": 0,
        "all_crit": 0,
        "ignore_def_all": 0,
        "skill_atk": 4,
        "skill_def": 0,
        "skill_crit": 0,
        "crit_resistance": 0,
        "final_extra": 0,
        "final_reduce": 0,
        "ignore_magicDef": 0,
        "from": [18,19,22]
    },
    "180035": {
        "id": 180035,
        "name": "朋克教父-尼特罗",
        "quality": 6,
        "fashion_roleId": 1035,
        "buy_type": 31201,
        "buy_price": 100,
        "price": 10000,
        "appearance_count": 10,
        "drop_count": 0,
        "drop_time": 5,
        "overdue_time": "",
        "fashion_ratio": 710,
        "match_general": 10035,
        "pic_id": 140035,
        "des": "尼特罗时装。_属性加成：_攻击+3%，暴击率+4%，暴击伤害+10%，速度+2%。",
        "extrac": "尼特罗时装",
        "path": "fashion_maqi_png",
        "shadow": "buff_icon_wu_png",
        "general_hp": 0,
        "general_atk": 3,
        "general_def": 0,
        "atk_crit": 4,
        "crit_extra": 10,
        "dodge_rate": 0,
        "hit_rate": 0,
        "ignore_phyDef": 0,
        "rage_reduce": 0,
        "universal_resistance": 0,
        "ignore_resistance": 0,
        "float_resistance": 0,
        "cd_speed": 2,
        "support_consume": 0,
        "general_atk_all": 130,
        "general_def_all": 0,
        "all_crit": 0,
        "ignore_def_all": 0,
        "skill_atk": 0,
        "skill_def": 0,
        "skill_crit": 0,
        "crit_resistance": 0,
        "final_extra": 0,
        "final_reduce": 0,
        "ignore_magicDef": 0,
        "from": [18,19,22]
    },
    "180036": {
        "id": 180036,
        "name": "黑暗机甲-王",
        "quality": 6,
        "fashion_roleId": 1036,
        "buy_type": 31201,
        "buy_price": 100,
        "price": 10000,
        "appearance_count": 10,
        "drop_count": 0,
        "drop_time": 5,
        "overdue_time": "",
        "fashion_ratio": 770,
        "match_general": 10036,
        "pic_id": 140036,
        "des": "王的时装，当王穿上拥有黑暗力量的盔甲，整个世界都将膜拜他。_属性加成：_生命+5%，攻击+5%，防御+5%。",
        "extrac": "王的时装",
        "path": "fashion_wang_png",
        "shadow": "buff_icon_wu_png",
        "general_hp": 5,
        "general_atk": 5,
        "general_def": 5,
        "atk_crit": 0,
        "crit_extra": 0,
        "dodge_rate": 0,
        "hit_rate": 0,
        "ignore_phyDef": 0,
        "rage_reduce": 0,
        "universal_resistance": 0,
        "ignore_resistance": 0,
        "float_resistance": 0,
        "cd_speed": 0,
        "support_consume": 0,
        "general_atk_all": 130,
        "general_def_all": 0,
        "all_crit": 0,
        "ignore_def_all": 0,
        "skill_atk": 0,
        "skill_def": 0,
        "skill_crit": 0,
        "crit_resistance": 0,
        "final_extra": 0,
        "final_reduce": 0,
        "ignore_magicDef": 0,
        "from": [18,19,22]
    },
    "180041": {
        "id": 180041,
        "name": "爆破专家-甘舒",
        "quality": 6,
        "fashion_roleId": 1041,
        "buy_type": 31201,
        "buy_price": 100,
        "price": 10000,
        "appearance_count": 10,
        "drop_count": 0,
        "drop_time": 5,
        "overdue_time": "",
        "fashion_ratio": 770,
        "match_general": 10041,
        "pic_id": 140041,
        "des": "甘舒的时装，极限的爆破艺术。_属性加成：_攻击+3%，暴击率+4%，暴击伤害+10%，速度+2%。",
        "extrac": "甘舒的时装",
        "path": "fashion_wang_png",
        "shadow": "buff_icon_wu_png",
        "general_hp": 0,
        "general_atk": 3,
        "general_def": 0,
        "atk_crit": 4,
        "crit_extra": 10,
        "dodge_rate": 0,
        "hit_rate": 0,
        "ignore_phyDef": 0,
        "rage_reduce": 0,
        "universal_resistance": 0,
        "ignore_resistance": 0,
        "float_resistance": 0,
        "cd_speed": 2,
        "support_consume": 0,
        "general_atk_all": 130,
        "general_def_all": 0,
        "all_crit": 0,
        "ignore_def_all": 0,
        "skill_atk": 0,
        "skill_def": 0,
        "skill_crit": 0,
        "crit_resistance": 0,
        "final_extra": 0,
        "final_reduce": 0,
        "ignore_magicDef": 0,
        "from": [18,19,22]
    },
    "180044": {
        "id": 180044,
        "name": "糖果仆从-尼飞彼多",
        "quality": 6,
        "fashion_roleId": 1044,
        "buy_type": 31201,
        "buy_price": 100,
        "price": 10000,
        "appearance_count": 10,
        "drop_count": 0,
        "drop_time": 5,
        "overdue_time": "",
        "fashion_ratio": 770,
        "match_general": 10044,
        "pic_id": 140044,
        "des": "尼飞彼多的时装，忠心的服侍您，我的主人。_属性加成：_生命+4%，攻击+4%，速度+4%。",
        "extrac": "尼飞彼多的时装",
        "path": "hero_icon_wj_maonv1_png",
        "shadow": "buff_icon_wu_png",
        "general_hp": 4,
        "general_atk": 4,
        "general_def": 0,
        "atk_crit": 0,
        "crit_extra": 0,
        "dodge_rate": 0,
        "hit_rate": 0,
        "ignore_phyDef": 0,
        "rage_reduce": 0,
        "universal_resistance": 0,
        "ignore_resistance": 0,
        "float_resistance": 0,
        "cd_speed": 4,
        "support_consume": 0,
        "general_atk_all": 130,
        "general_def_all": 0,
        "all_crit": 0,
        "ignore_def_all": 0,
        "skill_atk": 0,
        "skill_def": 0,
        "skill_crit": 0,
        "crit_resistance": 0,
        "final_extra": 0,
        "final_reduce": 0,
        "ignore_magicDef": 0,
        "from": [18,19,22]
    },
    "180045": {
        "id": 180045,
        "name": "黑暗女王-庞姆",
        "quality": 6,
        "fashion_roleId": 1045,
        "buy_type": 31201,
        "buy_price": 100,
        "price": 10000,
        "appearance_count": 10,
        "drop_count": 0,
        "drop_time": 5,
        "overdue_time": "",
        "fashion_ratio": 770,
        "match_general": 10055,
        "pic_id": 140045,
        "des": "庞姆的时装，感受到恐惧了吗。_属性加成：_生命值+3%，防御+3%，效果抵抗+3%，速度+2%。",
        "extrac": "庞姆的时装",
        "path": "fashion_maonv_png",
        "shadow": "buff_icon_wu_png",
        "general_hp": 3,
        "general_atk": 0,
        "general_def": 3,
        "atk_crit": 0,
        "crit_extra": 0,
        "dodge_rate": 0,
        "hit_rate": 0,
        "ignore_phyDef": 0,
        "rage_reduce": 0,
        "universal_resistance": 0,
        "ignore_resistance": 0,
        "float_resistance": 0,
        "cd_speed": 2,
        "support_consume": 0,
        "general_atk_all": 130,
        "general_def_all": 0,
        "all_crit": 0,
        "ignore_def_all": 0,
        "skill_atk": 0,
        "skill_def": 3,
        "skill_crit": 0,
        "crit_resistance": 0,
        "final_extra": 0,
        "final_reduce": 0,
        "ignore_magicDef": 0,
        "from": [18,19,22]
    },
    "180046": {
        "id": 180046,
        "name": "最强完全体-王",
        "quality": 6,
        "fashion_roleId": 104,
        "buy_type": 31201,
        "buy_price": 100,
        "price": 10000,
        "appearance_count": 10,
        "drop_count": 0,
        "drop_time": 5,
        "overdue_time": "",
        "fashion_ratio": 770,
        "match_general": 10036,
        "pic_id": 143005,
        "des": "王的时装，感觉力量充满了全身，一切尽在掌握。_属性加成：_防御+6%，生命+4%，速度+5%。",
        "extrac": "王时装",
        "path": "hero_icon_head_wj_wangbs_png",
        "shadow": "buff_icon_wu_png",
        "general_hp": 4,
        "general_atk": 0,
        "general_def": 6,
        "atk_crit": 0,
        "crit_extra": 0,
        "dodge_rate": 0,
        "hit_rate": 0,
        "ignore_phyDef": 0,
        "rage_reduce": 0,
        "universal_resistance": 0,
        "ignore_resistance": 0,
        "float_resistance": 0,
        "cd_speed": 5,
        "support_consume": 0,
        "general_atk_all": 130,
        "general_def_all": 0,
        "all_crit": 0,
        "ignore_def_all": 0,
        "skill_atk": 0,
        "skill_def": 0,
        "skill_crit": 0,
        "crit_resistance": 0,
        "final_extra": 0,
        "final_reduce": 0,
        "ignore_magicDef": 0,
        "from": [18,19,22]
    },
    "180047": {
        "id": 180047,
        "name": "黑舞-尼飞彼多",
        "quality": 6,
        "fashion_roleId": 105,
        "buy_type": 31201,
        "buy_price": 100,
        "price": 10000,
        "appearance_count": 10,
        "drop_count": 0,
        "drop_time": 5,
        "overdue_time": "",
        "fashion_ratio": 710,
        "match_general": 10044,
        "pic_id": 143006,
        "des": "尼飞彼多的时装，想成为我的人偶吗，要加油哦。_属性加成：_生命+5%，效果抵抗4%，速度+4%。",
        "extrac": "尼飞彼多的时装",
        "path": "hero_icon_head_wj_maonvbs_png",
        "shadow": "ccbResources/item_icon/wu.png",
        "general_hp": 5,
        "general_atk": 0,
        "general_def": 0,
        "atk_crit": 0,
        "crit_extra": 0,
        "dodge_rate": 0,
        "hit_rate": 0,
        "ignore_phyDef": 0,
        "rage_reduce": 0,
        "universal_resistance": 0,
        "ignore_resistance": 0,
        "float_resistance": 0,
        "cd_speed": 4,
        "support_consume": 0,
        "general_atk_all": 130,
        "general_def_all": 0,
        "all_crit": 0,
        "ignore_def_all": 0,
        "skill_atk": 0,
        "skill_def": 4,
        "skill_crit": 0,
        "crit_resistance": 0,
        "final_extra": 0,
        "final_reduce": 0,
        "ignore_magicDef": 0,
        "from": [18,19,22]
    },
    "180048": {
        "id": 180048,
        "name": "预言者-库洛洛",
        "quality": 6,
        "fashion_roleId": 100,
        "buy_type": 31201,
        "buy_price": 100,
        "price": 10000,
        "appearance_count": 10,
        "drop_count": 0,
        "drop_time": 5,
        "overdue_time": "",
        "fashion_ratio": 710,
        "match_general": 10017,
        "pic_id": 143001,
        "des": "库洛洛时装，过去与未来交界处的诡秘预言家。_属性加成：_攻击+3%，暴击率+4%，效果命中3%，速度+5%。",
        "extrac": "库洛洛时装",
        "path": "hero_icon_head_wj_kuluoluobs_png",
        "shadow": "ccbResources/item_icon/wu.png",
        "general_hp": 0,
        "general_atk": 3,
        "general_def": 0,
        "atk_crit": 4,
        "crit_extra": 0,
        "dodge_rate": 0,
        "hit_rate": 0,
        "ignore_phyDef": 0,
        "rage_reduce": 0,
        "universal_resistance": 0,
        "ignore_resistance": 0,
        "float_resistance": 0,
        "cd_speed": 5,
        "support_consume": 0,
        "general_atk_all": 130,
        "general_def_all": 0,
        "all_crit": 0,
        "ignore_def_all": 0,
        "skill_atk": 3,
        "skill_def": 0,
        "skill_crit": 0,
        "crit_resistance": 0,
        "final_extra": 0,
        "final_reduce": 0,
        "ignore_magicDef": 0,
        "from": [18,19,22]
    },
    "180049": {
        "id": 180049,
        "name": "白虎-康宰",
        "quality": 6,
        "fashion_roleId": 101,
        "buy_type": 31201,
        "buy_price": 100,
        "price": 10000,
        "appearance_count": 10,
        "drop_count": 0,
        "drop_time": 5,
        "overdue_time": "",
        "fashion_ratio": 770,
        "match_general": 10075,
        "pic_id": 143002,
        "des": "康宰时装，稍不留神就会被贯穿心脏哦。_属性加成：_攻击+3%，暴击率+4%，暴击伤害+10%，速度+2%。",
        "extrac": "康宰时装",
        "path": "hero_icon_head_wj_kangzaibs_png",
        "shadow": "ccbResources/item_icon/wu.png",
        "general_hp": 0,
        "general_atk": 3,
        "general_def": 0,
        "atk_crit": 4,
        "crit_extra": 10,
        "dodge_rate": 0,
        "hit_rate": 0,
        "ignore_phyDef": 0,
        "rage_reduce": 0,
        "universal_resistance": 0,
        "ignore_resistance": 0,
        "float_resistance": 0,
        "cd_speed": 2,
        "support_consume": 0,
        "general_atk_all": 130,
        "general_def_all": 0,
        "all_crit": 0,
        "ignore_def_all": 0,
        "skill_atk": 0,
        "skill_def": 0,
        "skill_crit": 0,
        "crit_resistance": 0,
        "final_extra": 0,
        "final_reduce": 0,
        "ignore_magicDef": 0,
        "from": [18,19,22]
    },
    "180050": {
        "id": 180050,
        "name": "玉兔-皮约恩",
        "quality": 6,
        "fashion_roleId": 102,
        "buy_type": 31201,
        "buy_price": 100,
        "price": 10000,
        "appearance_count": 10,
        "drop_count": 0,
        "drop_time": 5,
        "overdue_time": "",
        "fashion_ratio": 770,
        "match_general": 10076,
        "pic_id": 143003,
        "des": "皮约恩时装，人家才没那么健忘啦。你是？_属性加成：_生命+4%，攻击+4%，速度+4%。",
        "extrac": "皮约恩时装",
        "path": "hero_icon_head_wj_piyueenbs_png",
        "shadow": "ccbResources/item_icon/wu.png",
        "general_hp": 4,
        "general_atk": 4,
        "general_def": 0,
        "atk_crit": 0,
        "crit_extra": 0,
        "dodge_rate": 0,
        "hit_rate": 0,
        "ignore_phyDef": 0,
        "rage_reduce": 0,
        "universal_resistance": 0,
        "ignore_resistance": 0,
        "float_resistance": 0,
        "cd_speed": 4,
        "support_consume": 0,
        "general_atk_all": 130,
        "general_def_all": 0,
        "all_crit": 0,
        "ignore_def_all": 0,
        "skill_atk": 0,
        "skill_def": 0,
        "skill_crit": 0,
        "crit_resistance": 0,
        "final_extra": 0,
        "final_reduce": 0,
        "ignore_magicDef": 0,
        "from": [18,19,22]
    },
    "180051": {
        "id": 180051,
        "name": "诡鼠-帕里斯通",
        "quality": 6,
        "fashion_roleId": 103,
        "buy_type": 31201,
        "buy_price": 100,
        "price": 10000,
        "appearance_count": 10,
        "drop_count": 0,
        "drop_time": 5,
        "overdue_time": "",
        "fashion_ratio": 770,
        "match_general": 10072,
        "pic_id": 143004,
        "des": "帕里斯通时装，你能猜得中我的后手吗。_属性加成：_生命+4%，攻击+4%，效果命中+4%。",
        "extrac": "帕里斯通时装",
        "path": "hero_icon_head_wj_palisitongbs_png",
        "shadow": "ccbResources/item_icon/wu.png",
        "general_hp": 4,
        "general_atk": 4,
        "general_def": 0,
        "atk_crit": 0,
        "crit_extra": 0,
        "dodge_rate": 0,
        "hit_rate": 0,
        "ignore_phyDef": 0,
        "rage_reduce": 0,
        "universal_resistance": 0,
        "ignore_resistance": 0,
        "float_resistance": 0,
        "cd_speed": 0,
        "support_consume": 0,
        "general_atk_all": 130,
        "general_def_all": 0,
        "all_crit": 0,
        "ignore_def_all": 0,
        "skill_atk": 4,
        "skill_def": 0,
        "skill_crit": 0,
        "crit_resistance": 0,
        "final_extra": 0,
        "final_reduce": 0,
        "ignore_magicDef": 0,
        "from": [18,19,22]
    }}