{
    "1": {
        "id": 1,
        "compose_id": 10062,
        "exchange_ids": [10034,0,0,0,0],
        "exchange_aptitude": [0,14,13,12,12],
        "exchange_level": [50,1,1,1,1],
        "exchange_star": [6,6,6,5,5],
        "exchange_awaken": [0,0,0,0,0],
        "consume": 800000
    },
    "2": {
        "id": 2,
        "compose_id": 10020,
        "exchange_ids": [0,0,0,0,0],
        "exchange_aptitude": [14,14,13,12,12],
        "exchange_level": [50,1,1,1,1],
        "exchange_star": [6,6,6,5,5],
        "exchange_awaken": [0,0,0,0,0],
        "consume": 800000
    },
    "3": {
        "id": 3,
        "compose_id": 10068,
        "exchange_ids": [10005,0,0,0,0],
        "exchange_aptitude": [0,14,13,12,12],
        "exchange_level": [50,1,1,1,1],
        "exchange_star": [6,6,6,5,5],
        "exchange_awaken": [0,0,0,0,0],
        "consume": 800000
    },
    "4": {
        "id": 4,
        "compose_id": 10071,
        "exchange_ids": [10040,0,0,0,0],
        "exchange_aptitude": [0,14,13,12,12],
        "exchange_level": [50,1,1,1,1],
        "exchange_star": [6,6,6,5,5],
        "exchange_awaken": [0,0,0,0,0],
        "consume": 800000
    },
    "5": {
        "id": 5,
        "compose_id": 10066,
        "exchange_ids": [10001,0,0,0,0],
        "exchange_aptitude": [0,14,14,13,12],
        "exchange_level": [50,1,1,1,1],
        "exchange_star": [6,6,6,6,5],
        "exchange_awaken": [0,0,0,0,0],
        "consume": 1000000
    },
    "6": {
        "id": 6,
        "compose_id": 10060,
        "exchange_ids": [10032,0,0,0,0],
        "exchange_aptitude": [0,14,14,13,12],
        "exchange_level": [50,1,1,1,1],
        "exchange_star": [6,6,6,6,5],
        "exchange_awaken": [0,0,0,0,0],
        "consume": 1000000
    }}