{
    "1": {
        "chapter_id": 1,
        "chapter_name": "鲸鱼岛X起航",
        "chapter_pack": [200001,200002,200003,200004,200005],
        "chapter_bg": 1,
        "boss_roleId": 1,
        "boss_x": 0,
        "boss_y": 0,
        "star_score": [4,8,12],
        "goods_id": [[20002,30003,20001],[20002,30003,40005],[20002,30003,40011]],
        "goods_count": [[20,2,30000],[20,2,3],[50,5,3]],
        "chapter_num_pic": "ccbResources/common_ui/InstanceChapter/WordsChapterNum1.png",
        "chapter_name_pic": "ccbResources/common_ui/InstanceChapter/WordsChapterName1.png",
        "elite_drop_des": ["200011&一定概率掉落缠系卡片·1星","200012&一定概率掉落缠系卡片·2星","20002&一定概率掉落钻石","20023&一定概率掉落苏打水","20003&一定概率掉落体力","30003&一定概率掉落柳橙汁"]
    },
    "2": {
        "chapter_id": 2,
        "chapter_name": "猎人试炼开启",
        "chapter_pack": [200011,200012,200013,200014,200015],
        "chapter_bg": 1,
        "boss_roleId": 1,
        "boss_x": 0,
        "boss_y": 0,
        "star_score": [4,8,12],
        "goods_id": [[20002,30003,20001],[20002,30003,40005],[20002,30003,40013]],
        "goods_count": [[20,2,30000],[20,2,3],[50,5,3]],
        "chapter_num_pic": "ccbResources/common_ui/InstanceChapter/WordsChapterNum2.png",
        "chapter_name_pic": "ccbResources/common_ui/InstanceChapter/WordsChapterName2.png",
        "elite_drop_des": ["200011&一定概率掉落缠系卡片·1星","200012&一定概率掉落缠系卡片·2星","20002&一定概率掉落钻石","20023&一定概率掉落苏打水","20003&一定概率掉落体力","30003&一定概率掉落柳橙汁"]
    },
    "3": {
        "chapter_id": 3,
        "chapter_name": "决战的异变",
        "chapter_pack": [200021,200022,200023,200024,200025],
        "chapter_bg": 1,
        "boss_roleId": 1,
        "boss_x": 0,
        "boss_y": 0,
        "star_score": [4,8,12],
        "goods_id": [[20002,30003,20001],[20002,30003,40005],[20002,30003,40006]],
        "goods_count": [[20,2,40000],[20,2,3],[50,6,3]],
        "chapter_num_pic": "ccbResources/common_ui/InstanceChapter/WordsChapterNum3.png",
        "chapter_name_pic": "ccbResources/common_ui/InstanceChapter/WordsChapterName3.png",
        "elite_drop_des": ["200011&一定概率掉落缠系卡片·1星","200012&一定概率掉落缠系卡片·2星","20002&一定概率掉落钻石","20023&一定概率掉落苏打水","20003&一定概率掉落体力","30003&一定概率掉落柳橙汁"]
    },
    "4": {
        "chapter_id": 4,
        "chapter_name": "试练之门",
        "chapter_pack": [200031,200032,200033,200034,200035],
        "chapter_bg": 1,
        "boss_roleId": 1,
        "boss_x": 0,
        "boss_y": 0,
        "star_score": [4,8,12],
        "goods_id": [[20002,30003,20001],[20002,30003,40005],[20002,30003,40009]],
        "goods_count": [[30,5,50000],[30,5,3],[60,10,3]],
        "chapter_num_pic": "ccbResources/common_ui/InstanceChapter/WordsChapterNum4.png",
        "chapter_name_pic": "ccbResources/common_ui/InstanceChapter/WordsChapterName4.png",
        "elite_drop_des": ["200011&一定概率掉落缠系卡片·1星","200012&一定概率掉落缠系卡片·2星","20002&一定概率掉落钻石","20023&一定概率掉落苏打水","20003&一定概率掉落体力","30003&一定概率掉落柳橙汁"]
    },
    "5": {
        "chapter_id": 5,
        "chapter_name": "揍敌客家族",
        "chapter_pack": [200041,200042,200043,200044,200045],
        "chapter_bg": 1,
        "boss_roleId": 1,
        "boss_x": 0,
        "boss_y": 0,
        "star_score": [4,8,12],
        "goods_id": [[20002,30003,20001],[20002,30003,40005],[20002,30003,40010]],
        "goods_count": [[30,5,60000],[30,5,3],[60,10,3]],
        "chapter_num_pic": "ccbResources/common_ui/InstanceChapter/WordsChapterNum5.png",
        "chapter_name_pic": "ccbResources/common_ui/InstanceChapter/WordsChapterName5.png",
        "elite_drop_des": ["200011&一定概率掉落缠系卡片·1星","200012&一定概率掉落缠系卡片·2星","20002&一定概率掉落钻石","20023&一定概率掉落苏打水","20003&一定概率掉落体力","30003&一定概率掉落柳橙汁"]
    },
    "6": {
        "chapter_id": 6,
        "chapter_name": "天空竞技场",
        "chapter_pack": [200051,200052,200053,200054,200055],
        "chapter_bg": 1,
        "boss_roleId": 1,
        "boss_x": 0,
        "boss_y": 0,
        "star_score": [4,8,12],
        "goods_id": [[20002,30003,20001],[20002,30003,40005],[20002,30003,40004]],
        "goods_count": [[50,5,70000],[50,5,3],[100,10,3]],
        "chapter_num_pic": "ccbResources/common_ui/InstanceChapter/WordsChapterNum6.png",
        "chapter_name_pic": "ccbResources/common_ui/InstanceChapter/WordsChapterName6.png",
        "elite_drop_des": ["200011&一定概率掉落缠系卡片·1星","200012&一定概率掉落缠系卡片·2星","20002&一定概率掉落钻石","20023&一定概率掉落苏打水","20003&一定概率掉落体力","30003&一定概率掉落柳橙汁"]
    },
    "7": {
        "chapter_id": 7,
        "chapter_name": "旅团X集合",
        "chapter_pack": [200061,200062,200063,200064,200065],
        "chapter_bg": 1,
        "boss_roleId": 1,
        "boss_x": 0,
        "boss_y": 0,
        "star_score": [4,8,12],
        "goods_id": [[20002,30003,20001],[20002,30003,40005],[20002,30003,40004]],
        "goods_count": [[50,5,70000],[50,5,3],[100,10,3]],
        "chapter_num_pic": "ccbResources/common_ui/InstanceChapter/WordsChapterNum7.png",
        "chapter_name_pic": "ccbResources/common_ui/InstanceChapter/WordsChapterName7.png",
        "elite_drop_des": ["200011&一定概率掉落缠系卡片·1星","200012&一定概率掉落缠系卡片·2星","20002&一定概率掉落钻石","20023&一定概率掉落苏打水","20003&一定概率掉落体力","30003&一定概率掉落柳橙汁"]
    },
    "8": {
        "chapter_id": 8,
        "chapter_name": "火红眼的复仇",
        "chapter_pack": [200071,200072,200073,200074,200075],
        "chapter_bg": 1,
        "boss_roleId": 1,
        "boss_x": 0,
        "boss_y": 0,
        "star_score": [4,8,12],
        "goods_id": [[20002,30003,20001],[20002,30003,40005],[20002,30003,40004]],
        "goods_count": [[50,5,70000],[50,5,3],[100,10,3]],
        "chapter_num_pic": "ccbResources/common_ui/InstanceChapter/WordsChapterNum7.png",
        "chapter_name_pic": "ccbResources/common_ui/InstanceChapter/WordsChapterName7.png",
        "elite_drop_des": ["200011&一定概率掉落缠系卡片·1星","200012&一定概率掉落缠系卡片·2星","20002&一定概率掉落钻石","20023&一定概率掉落苏打水","20003&一定概率掉落体力","30003&一定概率掉落柳橙汁"]
    },
    "9": {
        "chapter_id": 9,
        "chapter_name": "旅团X落幕",
        "chapter_pack": [200081,200082,200083,200084,200085],
        "chapter_bg": 1,
        "boss_roleId": 1,
        "boss_x": 0,
        "boss_y": 0,
        "star_score": [4,8,12],
        "goods_id": [[20002,30003,20001],[20002,30003,40005],[20002,30003,40004]],
        "goods_count": [[50,5,70000],[50,5,3],[100,10,3]],
        "chapter_num_pic": "ccbResources/common_ui/InstanceChapter/WordsChapterNum7.png",
        "chapter_name_pic": "ccbResources/common_ui/InstanceChapter/WordsChapterName7.png",
        "elite_drop_des": ["200011&一定概率掉落缠系卡片·1星","200012&一定概率掉落缠系卡片·2星","20002&一定概率掉落钻石","20023&一定概率掉落苏打水","20003&一定概率掉落体力","30003&一定概率掉落柳橙汁"]
    },
    "10": {
        "chapter_id": 10,
        "chapter_name": "炸弹魔X修行",
        "chapter_pack": [200091,200092,200093,200094,200095],
        "chapter_bg": 1,
        "boss_roleId": 1,
        "boss_x": 0,
        "boss_y": 0,
        "star_score": [4,8,12],
        "goods_id": [[20002,30003,20001],[20002,30003,40005],[20002,30003,40004]],
        "goods_count": [[50,5,70000],[50,5,3],[100,10,3]],
        "chapter_num_pic": "ccbResources/common_ui/InstanceChapter/WordsChapterNum7.png",
        "chapter_name_pic": "ccbResources/common_ui/InstanceChapter/WordsChapterName7.png",
        "elite_drop_des": ["200011&一定概率掉落缠系卡片·1星","200012&一定概率掉落缠系卡片·2星","20002&一定概率掉落钻石","20023&一定概率掉落苏打水","20003&一定概率掉落体力","30003&一定概率掉落柳橙汁"]
    },
    "11": {
        "chapter_id": 11,
        "chapter_name": "躲避球对决",
        "chapter_pack": [200101,200102,200103,200104,200105],
        "chapter_bg": 1,
        "boss_roleId": 1,
        "boss_x": 0,
        "boss_y": 0,
        "star_score": [4,8,12],
        "goods_id": [[20002,30003,20001],[20002,30003,40005],[20002,30003,40004]],
        "goods_count": [[50,5,70000],[50,5,3],[100,10,3]],
        "chapter_num_pic": "ccbResources/common_ui/InstanceChapter/WordsChapterNum7.png",
        "chapter_name_pic": "ccbResources/common_ui/InstanceChapter/WordsChapterName7.png",
        "elite_drop_des": ["200011&一定概率掉落缠系卡片·1星","200012&一定概率掉落缠系卡片·2星","20002&一定概率掉落钻石","20023&一定概率掉落苏打水","20003&一定概率掉落体力","30003&一定概率掉落柳橙汁"]
    },
    "12": {
        "chapter_id": 12,
        "chapter_name": "统治者的祝福",
        "chapter_pack": [200111,200112,200113,200114,200115],
        "chapter_bg": 1,
        "boss_roleId": 1,
        "boss_x": 0,
        "boss_y": 0,
        "star_score": [4,8,12],
        "goods_id": [[20002,30003,20001],[20002,30003,40005],[20002,30003,40004]],
        "goods_count": [[50,5,70000],[50,5,3],[100,10,3]],
        "chapter_num_pic": "ccbResources/common_ui/InstanceChapter/WordsChapterNum7.png",
        "chapter_name_pic": "ccbResources/common_ui/InstanceChapter/WordsChapterName7.png",
        "elite_drop_des": ["200011&一定概率掉落缠系卡片·1星","200012&一定概率掉落缠系卡片·2星","20002&一定概率掉落钻石","20023&一定概率掉落苏打水","20003&一定概率掉落体力","30003&一定概率掉落柳橙汁"]
    },
    "13": {
        "chapter_id": 13,
        "chapter_name": "追踪嵌合蚁",
        "chapter_pack": [200121,200122,200123,200124,200125],
        "chapter_bg": 1,
        "boss_roleId": 1,
        "boss_x": 0,
        "boss_y": 0,
        "star_score": [4,8,12],
        "goods_id": [[20002,30003,20001],[20002,30003,40005],[20002,30003,40004]],
        "goods_count": [[50,5,70000],[50,5,3],[100,10,3]],
        "chapter_num_pic": "ccbResources/common_ui/InstanceChapter/WordsChapterNum7.png",
        "chapter_name_pic": "ccbResources/common_ui/InstanceChapter/WordsChapterName7.png",
        "elite_drop_des": ["200011&一定概率掉落缠系卡片·1星","200012&一定概率掉落缠系卡片·2星","20002&一定概率掉落钻石","20023&一定概率掉落苏打水","20003&一定概率掉落体力","30003&一定概率掉落柳橙汁"]
    },
    "14": {
        "chapter_id": 14,
        "chapter_name": "协会的考验",
        "chapter_pack": [200131,200132,200133,200134,200135],
        "chapter_bg": 1,
        "boss_roleId": 1,
        "boss_x": 0,
        "boss_y": 0,
        "star_score": [4,8,12],
        "goods_id": [[20002,30003,20001],[20002,30003,40005],[20002,30003,40004]],
        "goods_count": [[50,5,70000],[50,5,3],[100,10,3]],
        "chapter_num_pic": "ccbResources/common_ui/InstanceChapter/WordsChapterNum7.png",
        "chapter_name_pic": "ccbResources/common_ui/InstanceChapter/WordsChapterName7.png",
        "elite_drop_des": ["200011&一定概率掉落缠系卡片·1星","200012&一定概率掉落缠系卡片·2星","20002&一定概率掉落钻石","20023&一定概率掉落苏打水","20003&一定概率掉落体力","30003&一定概率掉落柳橙汁"]
    },
    "15": {
        "chapter_id": 15,
        "chapter_name": "蚁王X对弈",
        "chapter_pack": [200141,200142,200143,200144,200145],
        "chapter_bg": 1,
        "boss_roleId": 1,
        "boss_x": 0,
        "boss_y": 0,
        "star_score": [4,8,12],
        "goods_id": [[20002,30003,20001],[20002,30003,40005],[20002,30003,40004]],
        "goods_count": [[50,5,70000],[50,5,3],[100,10,3]],
        "chapter_num_pic": "ccbResources/common_ui/InstanceChapter/WordsChapterNum7.png",
        "chapter_name_pic": "ccbResources/common_ui/InstanceChapter/WordsChapterName7.png",
        "elite_drop_des": ["200011&一定概率掉落缠系卡片·1星","200012&一定概率掉落缠系卡片·2星","20002&一定概率掉落钻石","20023&一定概率掉落苏打水","20003&一定概率掉落体力","30003&一定概率掉落柳橙汁"]
    },
    "16": {
        "chapter_id": 16,
        "chapter_name": "蔷薇X绽放",
        "chapter_pack": [200151,200152,200153,200154,200155],
        "chapter_bg": 1,
        "boss_roleId": 1,
        "boss_x": 0,
        "boss_y": 0,
        "star_score": [4,8,12],
        "goods_id": [[20002,30003,20001],[20002,30003,40005],[20002,30003,40004]],
        "goods_count": [[50,5,70000],[50,5,3],[100,10,3]],
        "chapter_num_pic": "ccbResources/common_ui/InstanceChapter/WordsChapterNum7.png",
        "chapter_name_pic": "ccbResources/common_ui/InstanceChapter/WordsChapterName7.png",
        "elite_drop_des": ["200011&一定概率掉落缠系卡片·1星","200012&一定概率掉落缠系卡片·2星","20002&一定概率掉落钻石","20023&一定概率掉落苏打水","20003&一定概率掉落体力","30003&一定概率掉落柳橙汁"]
    },
    "17": {
        "chapter_id": 17,
        "chapter_name": "欺骗X黑化",
        "chapter_pack": [200161,200162,200163,200164,200165],
        "chapter_bg": 1,
        "boss_roleId": 1,
        "boss_x": 0,
        "boss_y": 0,
        "star_score": [4,8,12],
        "goods_id": [[20002,30003,20001],[20002,30003,40005],[20002,30003,40004]],
        "goods_count": [[50,5,70000],[50,5,3],[100,10,3]],
        "chapter_num_pic": "ccbResources/common_ui/InstanceChapter/WordsChapterNum7.png",
        "chapter_name_pic": "ccbResources/common_ui/InstanceChapter/WordsChapterName7.png",
        "elite_drop_des": ["200011&一定概率掉落缠系卡片·1星","200012&一定概率掉落缠系卡片·2星","20002&一定概率掉落钻石","20023&一定概率掉落苏打水","20003&一定概率掉落体力","30003&一定概率掉落柳橙汁"]
    },
    "18": {
        "chapter_id": 18,
        "chapter_name": "会长的选举",
        "chapter_pack": [200171,200172,200173,200174,200175],
        "chapter_bg": 1,
        "boss_roleId": 1,
        "boss_x": 0,
        "boss_y": 0,
        "star_score": [4,8,12],
        "goods_id": [[20002,30003,20001],[20002,30003,40005],[20002,30003,40004]],
        "goods_count": [[50,5,70000],[50,5,3],[100,10,3]],
        "chapter_num_pic": "ccbResources/common_ui/InstanceChapter/WordsChapterNum7.png",
        "chapter_name_pic": "ccbResources/common_ui/InstanceChapter/WordsChapterName7.png",
        "elite_drop_des": ["200011&一定概率掉落缠系卡片·1星","200012&一定概率掉落缠系卡片·2星","20002&一定概率掉落钻石","20023&一定概率掉落苏打水","20003&一定概率掉落体力","30003&一定概率掉落柳橙汁"]
    },
    "19": {
        "chapter_id": 19,
        "chapter_name": "许愿与重逢",
        "chapter_pack": [200181,200182,200183,200184,200185],
        "chapter_bg": 1,
        "boss_roleId": 1,
        "boss_x": 0,
        "boss_y": 0,
        "star_score": [4,8,12],
        "goods_id": [[20002,30003,20001],[20002,30003,40005],[20002,30003,40004]],
        "goods_count": [[50,5,70000],[50,5,3],[100,10,3]],
        "chapter_num_pic": "ccbResources/common_ui/InstanceChapter/WordsChapterNum7.png",
        "chapter_name_pic": "ccbResources/common_ui/InstanceChapter/WordsChapterName7.png",
        "elite_drop_des": ["200011&一定概率掉落缠系卡片·1星","200012&一定概率掉落缠系卡片·2星","20002&一定概率掉落钻石","20023&一定概率掉落苏打水","20003&一定概率掉落体力","30003&一定概率掉落柳橙汁"]
    },
    "20": {
        "chapter_id": 20,
        "chapter_name": "世界树X相聚",
        "chapter_pack": [200191,200192,200193,200194,200195],
        "chapter_bg": 1,
        "boss_roleId": 1,
        "boss_x": 0,
        "boss_y": 0,
        "star_score": [4,8,12],
        "goods_id": [[20002,30003,20001],[20002,30003,40005],[20002,30003,40004]],
        "goods_count": [[50,5,70000],[50,5,3],[100,10,3]],
        "chapter_num_pic": "ccbResources/common_ui/InstanceChapter/WordsChapterNum7.png",
        "chapter_name_pic": "ccbResources/common_ui/InstanceChapter/WordsChapterName7.png",
        "elite_drop_des": ["200011&一定概率掉落缠系卡片·1星","200012&一定概率掉落缠系卡片·2星","20002&一定概率掉落钻石","20023&一定概率掉落苏打水","20003&一定概率掉落体力","30003&一定概率掉落柳橙汁"]
    }}