{
    "1": {
        "id": 1,
        "name": "白星",
        "score_min": 0,
        "battle_reward": [[20005,100]],
        "daily_reward": [[20005,120],[30002,2],[20001,10000]]
    },
    "2": {
        "id": 2,
        "name": "绿色一星",
        "score_min": 1100,
        "battle_reward": [[20005,100]],
        "daily_reward": [[20005,130],[30002,3],[20001,15000]]
    },
    "3": {
        "id": 3,
        "name": "绿色二星",
        "score_min": 1200,
        "battle_reward": [[20005,100]],
        "daily_reward": [[20005,140],[30003,2],[20001,20000]]
    },
    "4": {
        "id": 4,
        "name": "蓝色一星",
        "score_min": 1300,
        "battle_reward": [[20005,100]],
        "daily_reward": [[20005,150],[30003,2],[20001,25000]]
    },
    "5": {
        "id": 5,
        "name": "蓝色二星",
        "score_min": 1400,
        "battle_reward": [[20005,100]],
        "daily_reward": [[20005,160],[30003,3],[20001,30000]]
    },
    "6": {
        "id": 6,
        "name": "紫色一星",
        "score_min": 1500,
        "battle_reward": [[20005,100]],
        "daily_reward": [[20005,170],[30003,3],[20001,35000]]
    },
    "7": {
        "id": 7,
        "name": "紫色二星",
        "score_min": 1600,
        "battle_reward": [[20005,100]],
        "daily_reward": [[20005,180],[30003,4],[20001,40000]]
    },
    "8": {
        "id": 8,
        "name": "紫色三星",
        "score_min": 1700,
        "battle_reward": [[20005,100]],
        "daily_reward": [[20005,190],[30003,4],[20001,45000]]
    },
    "9": {
        "id": 9,
        "name": "橙星",
        "score_min": 1800,
        "battle_reward": [[20005,100]],
        "daily_reward": [[20005,200],[30004,1],[20001,50000]]
    }}
