{
    "1": {
        "index": 1,
        "name": "绿",
        "quailty": 1,
        "power": 25,
        "rand_des": [1,2,3],
        "rand_item": [890001],
        "condition": [2],
        "condition_power": [1],
        "condition_enum": [3,5],
        "condition_enum_power": [1,1],
        "step": [5,10,15],
        "step_power": [20,20,20],
        "level": [5,10,15],
        "level_power": [20,20,20],
        "star": [3,4,5],
        "star_power": [20,20,0],
        "aptitude": [11,12,13,14],
        "aptitude_power": [20,20,20,20],
        "type": [1,2,3,4,5,6],
        "type_power": [20,20,20,20,20,20],
        "time": 7200
    },
    "2": {
        "index": 2,
        "name": "绿",
        "quailty": 1,
        "power": 25,
        "rand_des": [1,2,3],
        "rand_item": [890001],
        "condition": [2],
        "condition_power": [1],
        "condition_enum": [4,5],
        "condition_enum_power": [1,1],
        "step": [5,10,15],
        "step_power": [20,20,20],
        "level": [5,10,15],
        "level_power": [20,20,20],
        "star": [3,4,5],
        "star_power": [20,20,20],
        "aptitude": [11,12,13,14],
        "aptitude_power": [5,20,20,0],
        "type": [1,2,3,4,5,6],
        "type_power": [20,20,20,20,20,20],
        "time": 7200
    },
    "3": {
        "index": 3,
        "name": "蓝",
        "quailty": 2,
        "power": 50,
        "rand_des": [1,2,3],
        "rand_item": [890002],
        "condition": [2],
        "condition_power": [1],
        "condition_enum": [3,5],
        "condition_enum_power": [1,1],
        "step": [5,10,15],
        "step_power": [20,20,20],
        "level": [5,10,15],
        "level_power": [20,20,20],
        "star": [3,4,5],
        "star_power": [5,20,20],
        "aptitude": [11,12,13,14],
        "aptitude_power": [20,20,20,20],
        "type": [1,2,3,4,5,6],
        "type_power": [20,20,20,20,20,20],
        "time": 14400
    },
    "4": {
        "index": 4,
        "name": "蓝",
        "quailty": 2,
        "power": 50,
        "rand_des": [1,2,3],
        "rand_item": [890002],
        "condition": [2],
        "condition_power": [1],
        "condition_enum": [4,5],
        "condition_enum_power": [1,1],
        "step": [5,10,15],
        "step_power": [20,20,20],
        "level": [5,10,15],
        "level_power": [20,20,20],
        "star": [3,4,5],
        "star_power": [20,20,20],
        "aptitude": [11,12,13,14],
        "aptitude_power": [0,5,20,20],
        "type": [1,2,3,4,5,6],
        "type_power": [20,20,20,20,20,20],
        "time": 14400
    },
    "5": {
        "index": 5,
        "name": "紫",
        "quailty": 3,
        "power": 20,
        "rand_des": [1,2,3],
        "rand_item": [890003],
        "condition": [3],
        "condition_power": [1],
        "condition_enum": [3,5,5],
        "condition_enum_power": [1,1,1],
        "step": [5,10,15],
        "step_power": [20,20,20],
        "level": [5,10,15],
        "level_power": [20,20,20],
        "star": [3,4,5],
        "star_power": [0,5,20],
        "aptitude": [11,12,13,14],
        "aptitude_power": [20,20,20,20],
        "type": [1,2,3,4,5,6],
        "type_power": [20,20,20,20,20,20],
        "time": 21600
    },
    "6": {
        "index": 6,
        "name": "紫",
        "quailty": 3,
        "power": 20,
        "rand_des": [1,2,3],
        "rand_item": [890003],
        "condition": [3],
        "condition_power": [1],
        "condition_enum": [4,5,5],
        "condition_enum_power": [1,1,1],
        "step": [5,10,15],
        "step_power": [20,20,20],
        "level": [5,10,15],
        "level_power": [20,20,20],
        "star": [3,4,5],
        "star_power": [20,20,20],
        "aptitude": [11,12,13,14],
        "aptitude_power": [0,0,5,20],
        "type": [1,2,3,4,5,6],
        "type_power": [20,20,20,20,20,20],
        "time": 21600
    },
    "7": {
        "index": 7,
        "name": "橙",
        "quailty": 4,
        "power": 5,
        "rand_des": [1,2,3],
        "rand_item": [890004],
        "condition": [3],
        "condition_power": [1],
        "condition_enum": [3,5,5],
        "condition_enum_power": [1,1,1],
        "step": [5,10,15],
        "step_power": [20,20,20],
        "level": [5,10,15],
        "level_power": [20,20,20],
        "star": [3,4,5],
        "star_power": [0,0,20],
        "aptitude": [11,12,13,14],
        "aptitude_power": [20,20,20,20],
        "type": [1,2,3,4,5,6],
        "type_power": [20,20,20,20,20,20],
        "time": 28800
    },
    "8": {
        "index": 8,
        "name": "橙",
        "quailty": 4,
        "power": 5,
        "rand_des": [1,2,3],
        "rand_item": [890004],
        "condition": [3],
        "condition_power": [1],
        "condition_enum": [4,5,5],
        "condition_enum_power": [1,1,1],
        "step": [5,10,15],
        "step_power": [20,20,20],
        "level": [5,10,15],
        "level_power": [20,20,20],
        "star": [3,4,5],
        "star_power": [20,20,20],
        "aptitude": [11,12,13,14],
        "aptitude_power": [0,0,0,20],
        "type": [1,2,3,4,5,6],
        "type_power": [20,20,20,20,20,20],
        "time": 28800
    },
    "9": {
        "index": 9,
        "name": "红",
        "quailty": 5,
        "power": 50,
        "rand_des": [1,2,3],
        "rand_item": [890005],
        "condition": [4],
        "condition_power": [1],
        "condition_enum": [3,5,5,5],
        "condition_enum_power": [1,1,1,1],
        "step": [5,10,15],
        "step_power": [20,20,20],
        "level": [5,10,15],
        "level_power": [20,20,20],
        "star": [3,4,5,6],
        "star_power": [0,0,0,20],
        "aptitude": [11,12,13,14],
        "aptitude_power": [20,20,20,20],
        "type": [1,2,3,4,5,6],
        "type_power": [20,20,20,20,20,20],
        "time": 43200
    }}
