{
    "1": {
        "index": 1,
        "token": 60,
        "reward_goods": [10001,139001,20020,30004,20001],
        "reward_count": [1,1,3,3,30000],
        "show_type": [1,1,1,0,0],
        "star_path": "map_common_wu_png",
        "icon_path_title": "ui_mall_first_WordsTitle1_png",
        "icon_path_topic": "ui_mall_first_WordsTitleSmall1_png",
        "icon_path_tip": "ui_mall_charge_WordsTipInfo_png",
        "role_pic": "ui_mall_charge_BoardMain_png",
        "button_pic": "ui_mall_first_Words6Nor_png"
    },
    "2": {
        "index": 2,
        "token": 300,
        "reward_goods": [31001,10059,30812,30811,20001],
        "reward_count": [1,4,10,10,100000],
        "show_type": [1,1,1,0,0],
        "star_path": "map_common_wu_png",
        "icon_path_title": "ui_mall_first_WordsTitle2_png",
        "icon_path_topic": "ui_mall_first_WordsTitleSmall2_png",
        "icon_path_tip": "ui_mall_charge_WordsTipInfo1_png",
        "role_pic": "ui_mall_charge_BoardMain1_png",
        "button_pic": "ui_mall_first_Words30Nor_png"
    },
    "3": {
        "index": 3,
        "token": 980,
        "reward_goods": [180001,100087,100030,100026,100056,100027,100049],
        "reward_count": [1,1,1,1,1,1,1],
        "show_type": [1,1,1,1,1,1,1],
        "star_path": "map_common_wu_png",
        "icon_path_title": "ui_mall_first_WordsTitle3_png",
        "icon_path_topic": "ui_mall_first_WordsTitleSmall3_png",
        "icon_path_tip": "ui_mall_charge_WordsTipInfo1_png",
        "role_pic": "ui_mall_charge_BoardMain1_png",
        "button_pic": "ui_mall_first_Words128Nor_png"
    }}