{
    "1": {
        "wonderland_id": 1,
        "wonderland_name": "安多尼拔（新手）",
        "open_time": [0,86400],
        "mix_level": 15,
        "max_level": 200,
        "is_novice": 1,
        "is_battle": 0,
        "is_halo": 0,
        "optimize_degree": 0,
        "max_people": 0,
        "branch_condition": 0,
        "tree_pos": [[31001,1120,480]],
        "revive_x": [1520,1620],
        "revive_y": [440,540],
        "mobs_produce": [],
        "back_img": "buff_icon_wu_png",
        "name_img": "buff_icon_wu_png",
        "map_id": 18,
        "block_index": 1,
        "ani_id": [206,238,241]
    },
    "2": {
        "wonderland_id": 2,
        "wonderland_name": "安多尼拔",
        "open_time": [0,86400],
        "mix_level": 15,
        "max_level": 200,
        "is_novice": 0,
        "is_battle": 0,
        "is_halo": 1,
        "optimize_degree": 0,
        "max_people": 0,
        "branch_condition": 50,
        "tree_pos": [[11001,1120,480],[11002,1600,400],[11003,2000,560],[11004,880,400],[12004,800,720],[13004,1520,240],[14004,2240,720],[11005,1120,320],[12005,1360,800],[13005,1840,320],[14005,1760,800]],
        "revive_x": [1520,1620],
        "revive_y": [440,540],
        "mobs_produce": [],
        "back_img": "buff_icon_wu_png",
        "name_img": "buff_icon_wu_png",
        "map_id": 18,
        "block_index": 1,
        "ani_id": [206,238,241]
    },
    "3": {
        "wonderland_id": 3,
        "wonderland_name": "大草原",
        "open_time": [0,86400],
        "mix_level": 16,
        "max_level": 200,
        "is_novice": 0,
        "is_battle": 1,
        "is_halo": 1,
        "optimize_degree": 0,
        "max_people": 0,
        "branch_condition": 50,
        "tree_pos": [[21001,960,720],[22001,1440,720],[23001,1920,720],[24001,960,400],[25001,1440,400],[26001,1920,400],[21002,720,880],[22002,1680,880],[23002,1200,560],[24002,2160,560],[25002,720,240],[26002,1680,240],[21003,1200,880],[22003,2160,880],[23003,720,560],[24003,1680,560],[25003,1200,240],[26003,2160,240]],
        "revive_x": [100,150],
        "revive_y": [850,50],
        "mobs_produce": [],
        "back_img": "buff_icon_wu_png",
        "name_img": "buff_icon_wu_png",
        "map_id": 21,
        "block_index": 1,
        "ani_id": [207,239,242]
    },
    "4": {
        "wonderland_id": 4,
        "wonderland_name": "大草原（新手）",
        "open_time": [0,86400],
        "mix_level": 16,
        "max_level": 200,
        "is_novice": 1,
        "is_battle": 0,
        "is_halo": 0,
        "optimize_degree": 0,
        "max_people": 0,
        "branch_condition": 0,
        "tree_pos": [[41001,800,800]],
        "revive_x": [100,150],
        "revive_y": [850,50],
        "mobs_produce": [],
        "back_img": "buff_icon_wu_png",
        "name_img": "buff_icon_wu_png",
        "map_id": 21,
        "block_index": 1,
        "ani_id": [207,239,242]
    }}
