{
    "0": {
        "level": 0,
        "starLevelName": "普通用户",
        "reward_index": 0,
        "charge": "10000",
        "sum": 0,
        "halo_id": 0,
        "picFrame_id": 0,
        "weal_award": [0],
        "weal_count": [0]
    },
    "1": {
        "level": 1,
        "starLevelName": "白色星耀",
        "reward_index": 6,
        "charge": "40000",
        "sum": 10000,
        "halo_id": 601,
        "picFrame_id": 150007,
        "weal_award": [20021,20002,30452],
        "weal_count": [1,200,1]
    },
    "2": {
        "level": 2,
        "starLevelName": "绿色星耀",
        "reward_index": 1,
        "charge": "50000",
        "sum": 50000,
        "halo_id": 101,
        "picFrame_id": 150006,
        "weal_award": [139009,20002,30453],
        "weal_count": [1,500,1]
    },
    "3": {
        "level": 3,
        "starLevelName": "蓝色星耀",
        "reward_index": 2,
        "charge": "200000",
        "sum": 100000,
        "halo_id": 201,
        "picFrame_id": 150002,
        "weal_award": [139009,20002,30453],
        "weal_count": [2,1000,2]
    },
    "4": {
        "level": 4,
        "starLevelName": "紫色星耀",
        "reward_index": 3,
        "charge": "300000",
        "sum": 300000,
        "halo_id": 301,
        "picFrame_id": 150003,
        "weal_award": [139009,20002,30453],
        "weal_count": [3,3000,3]
    },
    "5": {
        "level": 5,
        "starLevelName": "橙色星耀",
        "reward_index": 4,
        "charge": "400000",
        "sum": 600000,
        "halo_id": 401,
        "picFrame_id": 150004,
        "weal_award": [139009,20002,30453],
        "weal_count": [6,6000,4]
    },
    "6": {
        "level": 6,
        "starLevelName": "红色星耀",
        "reward_index": 5,
        "charge": "1000000",
        "sum": 1000000,
        "halo_id": 501,
        "picFrame_id": 150005,
        "weal_award": [139009,20002,30453],
        "weal_count": [10,10000,5]
    },
    "7": {
        "level": 7,
        "starLevelName": "金色星耀",
        "reward_index": 7,
        "charge": "",
        "sum": 2000000,
        "halo_id": 701,
        "picFrame_id": 150008,
        "weal_award": [139009,20002,100110],
        "weal_count": [15,15000,1]
    }}
