{
    "1001": {
        "index": 1001,
        "general_id": [10034,10031,10001,10028,10018,10019,10041,10043],
        "own_count": 3,
        "general_name": "新手上路",
        "reward_goods": [20002,20001],
        "reward_count": [100,20000],
        "show_type": [1,0]
    },
    "1002": {
        "index": 1002,
        "general_id": [10034,10031,10001,10028,10018,10019,10041,10043],
        "own_count": 5,
        "general_name": "新手上路",
        "reward_goods": [20002,20001],
        "reward_count": [150,30000],
        "show_type": [1,0]
    },
    "1003": {
        "index": 1003,
        "general_id": [10034,10031,10001,10028,10018,10019,10041,10043],
        "own_count": 8,
        "general_name": "新手上路",
        "reward_goods": [139008,20002,20001],
        "reward_count": [1,200,50000],
        "show_type": [1,1,0]
    },
    "2001": {
        "index": 2001,
        "general_id": [10028,10062,10042,10036,10019,10043,10013,10004],
        "own_count": 3,
        "general_name": "扫荡流星街",
        "reward_goods": [20002,20001],
        "reward_count": [150,30000],
        "show_type": [1,0]
    },
    "2002": {
        "index": 2002,
        "general_id": [10028,10062,10042,10036,10019,10043,10013,10004],
        "own_count": 5,
        "general_name": "扫荡流星街",
        "reward_goods": [20002,20001],
        "reward_count": [200,50000],
        "show_type": [1,0]
    },
    "2003": {
        "index": 2003,
        "general_id": [10028,10062,10042,10036,10019,10043,10013,10004],
        "own_count": 8,
        "general_name": "扫荡流星街",
        "reward_goods": [139010,20002,20001],
        "reward_count": [1,300,100000],
        "show_type": [1,1,0]
    },
    "3001": {
        "index": 3001,
        "general_id": [10020,10062,10066,10018,10033,10035,10036,10037],
        "own_count": 3,
        "general_name": "天空霸主",
        "reward_goods": [20002,20001],
        "reward_count": [150,30000],
        "show_type": [1,0]
    },
    "3002": {
        "index": 3002,
        "general_id": [10020,10062,10066,10018,10033,10035,10036,10037],
        "own_count": 5,
        "general_name": "天空霸主",
        "reward_goods": [20002,20001],
        "reward_count": [200,50000],
        "show_type": [1,0]
    },
    "3003": {
        "index": 3003,
        "general_id": [10020,10062,10066,10018,10033,10035,10036,10037],
        "own_count": 8,
        "general_name": "天空霸主",
        "reward_goods": [139010,20002,20001],
        "reward_count": [1,300,100000],
        "show_type": [1,1,0]
    },
    "4001": {
        "index": 4001,
        "general_id": [10020,10062,10067,10072,10060,10061,10075,10044],
        "own_count": 3,
        "general_name": "最强王者",
        "reward_goods": [20002,20001],
        "reward_count": [250,50000],
        "show_type": [1,0]
    },
    "4002": {
        "index": 4002,
        "general_id": [10020,10062,10067,10072,10060,10061,10075,10044],
        "own_count": 5,
        "general_name": "最强王者",
        "reward_goods": [20002,20001],
        "reward_count": [350,100000],
        "show_type": [1,0]
    },
    "4003": {
        "index": 4003,
        "general_id": [10020,10062,10067,10072,10060,10061,10075,10044],
        "own_count": 8,
        "general_name": "最强王者",
        "reward_goods": [139009,20002,20001],
        "reward_count": [1,500,200000],
        "show_type": [1,1,0]
    }}