{
    "10001": {
        "id": 10001,
        "instance_name": "营地1层",
        "type": 1,
        "monster_stages": [100101,100201,100301],
        "first_reward": [[20020,1]],
        "static_reward_best": [[20001,50000],[20002,10],[30506,1]],
        "rand_reward_best": [102001],
        "static_reward_bad": [[20001,25000],[20002,5]],
        "rand_reward_bad": [102001],
        "friend_reward": [[20001,5000],[20003,3]],
        "des": "大领主",
        "client_reward_id": [20001,20002,201004,30506],
        "client_reward_count": [50000,10,1,1],
        "client_reward_show": [0,1,0,1],
        "reward_good_id2": [20002,20001,30002],
        "reward_good_count2": [10,1000,1],
        "reward_good_id3": [20002,20001,30002],
        "reward_good_count3": [10,1000,1],
        "feature": [[701,708,711,727],[701,708,711,727,709,726],[701,711,727,702,728]],
        "boss_roleId": [[10060,10002,10003,10004],[10036,10002,10003,10004],[10037,10002,10003,10004]],
        "boss_name": "营地领主",
        "boss_name1": ["暴怒领主","异变领主","残暴领主"],
        "monster_level": "10|10|10",
        "pic_path": "ui_meteor_BoardListBoss1_png"
    },
    "10002": {
        "id": 10002,
        "instance_name": "营地2层",
        "type": 1,
        "monster_stages": [100102,100202,100302],
        "first_reward": [[20002,300]],
        "static_reward_best": [[20001,80000],[20002,30],[30506,3]],
        "rand_reward_best": [102002],
        "static_reward_bad": [[20001,40000],[20002,20],[30506,1]],
        "rand_reward_bad": [102001],
        "friend_reward": [[20001,5000],[20003,3]],
        "des": "大领主",
        "client_reward_id": [20001,20002,201004,30506],
        "client_reward_count": [80000,30,1,3],
        "client_reward_show": [0,1,0,1],
        "reward_good_id2": [20002,20001,30002],
        "reward_good_count2": [10,1000,1],
        "reward_good_id3": [20002,20001,30002],
        "reward_good_count3": [10,1000,1],
        "feature": [[701,708,711,727],[701,708,711,727,709,726],[701,711,727,702,728]],
        "boss_roleId": [[10060,10002,10003,10004],[10036,10002,10003,10004],[10037,10002,10003,10004]],
        "boss_name": "营地领主",
        "boss_name1": ["暴怒领主","异变领主","残暴领主"],
        "monster_level": "10|10|10",
        "pic_path": "ui_meteor_BoardListBoss1_png"
    },
    "10003": {
        "id": 10003,
        "instance_name": "营地3层",
        "type": 1,
        "monster_stages": [100103,100203,100303],
        "first_reward": [[30506,25]],
        "static_reward_best": [[20001,120000],[20002,50],[30506,5]],
        "rand_reward_best": [102002],
        "static_reward_bad": [[20001,60000],[20002,30],[30506,2]],
        "rand_reward_bad": [102002],
        "friend_reward": [[20001,5000],[20003,3]],
        "des": "大领主",
        "client_reward_id": [20001,20002,201004,30506],
        "client_reward_count": [120000,50,1,5],
        "client_reward_show": [0,1,0,1],
        "reward_good_id2": [20002,20001,30002],
        "reward_good_count2": [10,1000,1],
        "reward_good_id3": [20002,20001,30002],
        "reward_good_count3": [10,1000,1],
        "feature": [[701,708,711,727],[701,708,711,727,709,726],[701,711,727,702,728]],
        "boss_roleId": [[10060,10002,10003,10004],[10036,10002,10003,10004],[10037,10002,10003,10004]],
        "boss_name": "营地领主",
        "boss_name1": ["暴怒领主","异变领主","残暴领主"],
        "monster_level": "10|10|10",
        "pic_path": "ui_meteor_BoardListBoss1_png"
    },
    "10004": {
        "id": 10004,
        "instance_name": "营地4层",
        "type": 1,
        "monster_stages": [100104,100204,100304],
        "first_reward": [[20002,500]],
        "static_reward_best": [[20001,180000],[20002,80],[30506,7]],
        "rand_reward_best": [102301],
        "static_reward_bad": [[20001,90000],[20002,50],[30506,3]],
        "rand_reward_bad": [102303],
        "friend_reward": [[20001,5000],[20003,3]],
        "des": "大领主",
        "client_reward_id": [20001,20002,20006,30506],
        "client_reward_count": [180000,80,16,7],
        "client_reward_show": [0,1,0,1],
        "reward_good_id2": [20002,20001,30002],
        "reward_good_count2": [10,1000,1],
        "reward_good_id3": [20002,20001,30002],
        "reward_good_count3": [10,1000,1],
        "feature": [[701,708,711,727],[701,708,711,727,709,726],[701,711,727,702,728]],
        "boss_roleId": [[10060,10002,10003,10004],[10036,10002,10003,10004],[10037,10002,10003,10004]],
        "boss_name": "营地领主",
        "boss_name1": ["暴怒领主","异变领主","残暴领主"],
        "monster_level": "10|10|10",
        "pic_path": "ui_meteor_BoardListBoss1_png"
    },
    "10005": {
        "id": 10005,
        "instance_name": "营地5层",
        "type": 1,
        "monster_stages": [100105,100205,100305],
        "first_reward": [[30506,50]],
        "static_reward_best": [[20001,250000],[20002,100],[30506,9]],
        "rand_reward_best": [102302],
        "static_reward_bad": [[20001,125000],[20002,60],[30506,4]],
        "rand_reward_bad": [102304],
        "friend_reward": [[20001,5000],[20003,3]],
        "des": "大领主",
        "client_reward_id": [20001,20002,20006,30506],
        "client_reward_count": [250000,100,20,9],
        "client_reward_show": [0,1,0,1],
        "reward_good_id2": [20002,20001,30002],
        "reward_good_count2": [10,1000,1],
        "reward_good_id3": [20002,20001,30002],
        "reward_good_count3": [10,1000,1],
        "feature": [[701,708,711,727],[701,708,711,727,709,726],[701,711,727,702,728]],
        "boss_roleId": [[10060,10002,10003,10004],[10036,10002,10003,10004],[10037,10002,10003,10004]],
        "boss_name": "营地领主",
        "boss_name1": ["暴怒领主","异变领主","残暴领主"],
        "monster_level": "10|10|10",
        "pic_path": "ui_meteor_BoardListBoss1_png"
    }}
