{
    "1": {
        "pic_id": 1,
        "path": "ui_acitivity_WordsTipAddUp_png",
        "path2": "ui_acitivity_OrnUpTop_png",
        "generalId": ""
    },
    "2": {
        "pic_id": 2,
        "path": "ui_acitivity_WordsTipAddUp1_png",
        "path2": "ui_acitivity_OrnUpTop1_png",
        "generalId": ""
    },
    "11": {
        "pic_id": 11,
        "path": "ui_acitivity_WordsTipChange_png",
        "path2": "hero_half_wj_jin_png",
        "generalId": ""
    },
    "12": {
        "pic_id": 12,
        "path": "ui_acitivity_WordsTipChange_png",
        "path2": "hero_half_wj_xinchang_png",
        "generalId": ""
    },
    "21": {
        "pic_id": 21,
        "path": "ui_activity_boss_BoardActivityName1_png",
        "path2": "ui_acitivity_boss_BoardActivityBoss1_png",
        "generalId": ""
    }}
