{
    "10001": {
        "index": 10001,
        "name": "猎人月度特惠礼包",
        "open_time": 14400,
        "duration": 432000,
        "price": 68,
        "raw_token": 300,
        "goods_id": [20021,20020,30453],
        "goods_num": [1,5,1],
        "chargeback_goods": [],
        "refrence": 1,
        "pay_index": "1000501",
        "token_price": "",
        "h5_show_type": 0,
        "path": "ui_acitivity_mouthgift_icon_lieren1_png",
        "name_path": "ui_acitivity_mouthgift_WordsTipOrdinary_png",
        "all_price": 300,
        "des": "每月限购1次，可获得钻石*300、红酒*1、啤酒*5、龙虾*1。 网页充值专享额外赠送68钻石"
    },
    "10002": {
        "index": 10002,
        "name": "猎人月度特惠礼包-豪华",
        "open_time": 14400,
        "duration": 432000,
        "price": 648,
        "raw_token": 3000,
        "goods_id": [20022,20020,30453],
        "goods_num": [1,15,5],
        "chargeback_goods": [],
        "refrence": 1,
        "pay_index": "1001001",
        "token_price": "",
        "h5_show_type": 1,
        "path": "ui_acitivity_mouthgift_icon_lieren2_png",
        "name_path": "ui_acitivity_mouthgift_WordsTipLuxury_png",
        "all_price": 3000,
        "des": "每月限购1次，可获得钻石*3000、香槟*1、啤酒*15、龙虾*5。 网页充值专享额外赠送648钻石"
    },
    "20001": {
        "index": 20001,
        "name": "卡片月度特惠礼包",
        "open_time": 878400,
        "duration": 432000,
        "price": 128,
        "raw_token": 600,
        "goods_id": [139010,139008,30453],
        "goods_num": [1,2,1],
        "chargeback_goods": [],
        "refrence": 2,
        "pay_index": "1000701",
        "token_price": "",
        "h5_show_type": 0,
        "path": "ui_acitivity_mouthgift_icon_kapian1_png",
        "name_path": "ui_acitivity_mouthgift_WordsTipOrdinary_png",
        "all_price": 600,
        "des": "每月限购1次，可获得钻石*600、荣誉卡包*1、高级卡包*2、龙虾大餐*1。 网页充值专享额外赠送128钻石"
    },
    "20002": {
        "index": 20002,
        "name": "卡片月度特惠礼包-豪华",
        "open_time": 878400,
        "duration": 432000,
        "price": 648,
        "raw_token": 3000,
        "goods_id": [139009,139008,30453],
        "goods_num": [2,3,5],
        "chargeback_goods": [],
        "refrence": 2,
        "pay_index": "1001001",
        "token_price": "",
        "h5_show_type": 1,
        "path": "ui_acitivity_mouthgift_icon_kapian2_png",
        "name_path": "ui_acitivity_mouthgift_WordsTipLuxury_png",
        "all_price": 3000,
        "des": "每月限购1次，可获得钻石*3000、超级卡包*2、高级卡包*3、龙虾大餐*5。 网页充值专享额外赠送648钻石"
    },
    "30001": {
        "index": 30001,
        "name": "综合月度特惠礼包",
        "open_time": 1742400,
        "duration": 432000,
        "price": 98,
        "raw_token": 500,
        "goods_id": [190011,30507,30453],
        "goods_num": [5,2,1],
        "chargeback_goods": [],
        "refrence": 3,
        "pay_index": "1000601",
        "token_price": "",
        "h5_show_type": 0,
        "path": "ui_acitivity_mouthgift_icon_zonghe1_png",
        "name_path": "ui_acitivity_mouthgift_WordsTipOrdinary_png",
        "all_price": 500,
        "des": "每月限购1次，可获得钻石*500、精华自选礼盒*5、龙虾*1。 网页充值专享额外赠送98钻石"
    },
    "30002": {
        "index": 30002,
        "name": "综合月度特惠礼包-豪华",
        "open_time": 1742400,
        "duration": 432000,
        "price": 648,
        "raw_token": 3000,
        "goods_id": [139009,190011,30507],
        "goods_num": [1,15,5],
        "chargeback_goods": [],
        "refrence": 3,
        "pay_index": "1001001",
        "token_price": "",
        "h5_show_type": 1,
        "path": "ui_acitivity_mouthgift_icon_zonghe2_png",
        "name_path": "ui_acitivity_mouthgift_WordsTipLuxury_png",
        "all_price": 3000,
        "des": "每月限购1次，可获得钻石*3000、超级卡包*1、精华自选礼盒*15、技能卷轴*5。 网页充值专享额外赠送648钻石"
    },
    "40001": {
        "index": 40001,
        "name": "钻石1",
        "open_time": 432000,
        "duration": 259200,
        "price": 0,
        "raw_token": 0,
        "goods_id": [20020,20001],
        "goods_num": [20,100000],
        "chargeback_goods": [],
        "refrence": 4,
        "pay_index": "",
        "token_price": "2888",
        "h5_show_type": 0,
        "path": "ui_acitivity_mouthgift_icon_zuanshi1_png",
        "name_path": "ui_acitivity_mouthgift_WordsTipOrdinary_png",
        "all_price": 4000,
        "des": "0"
    },
    "40002": {
        "index": 40002,
        "name": "钻石2",
        "open_time": 432000,
        "duration": 259200,
        "price": 0,
        "raw_token": 0,
        "goods_id": [20009,20001],
        "goods_num": [40,100000],
        "chargeback_goods": [],
        "refrence": 4,
        "pay_index": "",
        "token_price": "2888",
        "h5_show_type": 0,
        "path": "ui_acitivity_mouthgift_icon_zuanshi2_png",
        "name_path": "ui_acitivity_mouthgift_WordsTipLuxury_png",
        "all_price": 4000,
        "des": "0"
    },
    "50001": {
        "index": 50001,
        "name": "钻石1",
        "open_time": 1296000,
        "duration": 259200,
        "price": 0,
        "raw_token": 0,
        "goods_id": [20020,20001],
        "goods_num": [20,100000],
        "chargeback_goods": [],
        "refrence": 5,
        "pay_index": "",
        "token_price": "2888",
        "h5_show_type": 0,
        "path": "ui_acitivity_mouthgift_icon_zuanshi1_png",
        "name_path": "ui_acitivity_mouthgift_WordsTipOrdinary_png",
        "all_price": 4000,
        "des": "0"
    },
    "50002": {
        "index": 50002,
        "name": "钻石2",
        "open_time": 1296000,
        "duration": 259200,
        "price": 0,
        "raw_token": 0,
        "goods_id": [20009,20001],
        "goods_num": [40,100000],
        "chargeback_goods": [],
        "refrence": 5,
        "pay_index": "",
        "token_price": "2888",
        "h5_show_type": 0,
        "path": "ui_acitivity_mouthgift_icon_zuanshi2_png",
        "name_path": "ui_acitivity_mouthgift_WordsTipLuxury_png",
        "all_price": 4000,
        "des": "0"
    },
    "60001": {
        "index": 60001,
        "name": "钻石1",
        "open_time": 2160000,
        "duration": 259200,
        "price": 0,
        "raw_token": 0,
        "goods_id": [20020,20001],
        "goods_num": [20,100000],
        "chargeback_goods": [],
        "refrence": 6,
        "pay_index": "",
        "token_price": "2888",
        "h5_show_type": 0,
        "path": "ui_acitivity_mouthgift_icon_zuanshi1_png",
        "name_path": "ui_acitivity_mouthgift_WordsTipOrdinary_png",
        "all_price": 4000,
        "des": "0"
    },
    "60002": {
        "index": 60002,
        "name": "钻石2",
        "open_time": 2160000,
        "duration": 259200,
        "price": 0,
        "raw_token": 0,
        "goods_id": [20009,20001],
        "goods_num": [40,100000],
        "chargeback_goods": [],
        "refrence": 6,
        "pay_index": "",
        "token_price": "2888",
        "h5_show_type": 0,
        "path": "ui_acitivity_mouthgift_icon_zuanshi2_png",
        "name_path": "ui_acitivity_mouthgift_WordsTipLuxury_png",
        "all_price": 4000,
        "des": "0"
    }}
