{
    "110001": {
        "id": 110001,
        "name": "鞭炮",
        "quality": 4,
        "price": 200,
        "drop_count": 1,
        "drop_time": 5,
        "overdue_time": "",
        "path": "buff_icon_wu_png",
        "des": "噼里啪啦彭！红包拿来！",
        "red_tips": 0,
        "use_tips": 11
    },
    "110002": {
        "id": 110002,
        "name": "福字",
        "quality": 4,
        "price": 200,
        "drop_count": 1,
        "drop_time": 5,
        "overdue_time": "",
        "path": "buff_icon_wu_png",
        "des": "福到福到！收压岁钱啦！",
        "red_tips": 0,
        "use_tips": 11
    },
    "110003": {
        "id": 110003,
        "name": "饺子",
        "quality": 4,
        "price": 200,
        "drop_count": 1,
        "drop_time": 5,
        "overdue_time": "",
        "path": "buff_icon_wu_png",
        "des": "想伪装成萌萌的小熊饼干，但逃脱不了又白又胖的淳朴本性。",
        "red_tips": 0,
        "use_tips": 11
    },
    "110004": {
        "id": 110004,
        "name": "陀螺",
        "quality": 4,
        "price": 200,
        "drop_count": 1,
        "drop_time": 5,
        "overdue_time": "",
        "path": "buff_icon_wu_png",
        "des": "一直转啊转，根本停不下来。（Kao！难道被小乔睡了？）",
        "red_tips": 0,
        "use_tips": 11
    },
    "110005": {
        "id": 110005,
        "name": "玫瑰花",
        "quality": 4,
        "price": 200,
        "drop_count": 1,
        "drop_time": 5,
        "overdue_time": "",
        "path": "buff_icon_wu_png",
        "des": "一生只送一人的RoseOnly~~",
        "red_tips": 0,
        "use_tips": 11
    },
    "110006": {
        "id": 110006,
        "name": "巧克力",
        "quality": 4,
        "price": 200,
        "drop_count": 1,
        "drop_time": 5,
        "overdue_time": "",
        "path": "buff_icon_wu_png",
        "des": "小双双亲手做的巧克力，充满浓浓情谊。",
        "red_tips": 0,
        "use_tips": 11
    },
    "110007": {
        "id": 110007,
        "name": "圣诞树",
        "quality": 4,
        "price": 200,
        "drop_count": 1,
        "drop_time": 5,
        "overdue_time": "",
        "path": "buff_icon_wu_png",
        "des": "超迷你圣诞树小可爱，节日气氛+10分！",
        "red_tips": 0,
        "use_tips": 11
    },
    "110008": {
        "id": 110008,
        "name": "圣诞袜",
        "quality": 4,
        "price": 200,
        "drop_count": 1,
        "drop_time": 5,
        "overdue_time": "",
        "path": "buff_icon_wu_png",
        "des": "袜子备好啦，圣诞老公公快来呀~",
        "red_tips": 0,
        "use_tips": 11
    },
    "110009": {
        "id": 110009,
        "name": "汤圆",
        "quality": 4,
        "price": 200,
        "drop_count": 1,
        "drop_time": 5,
        "overdue_time": "",
        "path": "buff_icon_wu_png",
        "des": "不要问我跟元宵有什么区别，自己去找度娘OK？",
        "red_tips": 0,
        "use_tips": 11
    },
    "110010": {
        "id": 110010,
        "name": "元宵",
        "quality": 4,
        "price": 200,
        "drop_count": 1,
        "drop_time": 5,
        "overdue_time": "",
        "path": "buff_icon_wu_png",
        "des": "不要问我跟汤圆有什么区别，自己去找谷哥OK？",
        "red_tips": 0,
        "use_tips": 11
    },
    "110011": {
        "id": 110011,
        "name": "奇怪的鸡蛋",
        "quality": 4,
        "price": 200,
        "drop_count": 1,
        "drop_time": 5,
        "overdue_time": "",
        "path": "buff_icon_wu_png",
        "des": "据说在元旦那天吃掉它会带来好运呦",
        "red_tips": 0,
        "use_tips": 11
    },
    "110012": {
        "id": 110012,
        "name": "南瓜灯",
        "quality": 4,
        "price": 200,
        "drop_count": 1,
        "drop_time": 5,
        "overdue_time": "",
        "path": "buff_icon_wu_png",
        "des": "不给糖就捣蛋，我是调皮南瓜灯",
        "red_tips": 0,
        "use_tips": 11
    },
    "110013": {
        "id": 110013,
        "name": "龙舟",
        "quality": 4,
        "price": 200,
        "drop_count": 1,
        "drop_time": 5,
        "overdue_time": "",
        "path": "buff_icon_wu_png",
        "des": "据说我可以海上冲浪，浪起来！",
        "red_tips": 0,
        "use_tips": 11
    },
    "110014": {
        "id": 110014,
        "name": "粽子",
        "quality": 4,
        "price": 200,
        "drop_count": 1,
        "drop_time": 5,
        "overdue_time": "",
        "path": "buff_icon_wu_png",
        "des": "请不要拿黑驴蹄子怼我",
        "red_tips": 0,
        "use_tips": 11
    },
    "110015": {
        "id": 110015,
        "name": "棒棒糖",
        "quality": 4,
        "price": 200,
        "drop_count": 1,
        "drop_time": 5,
        "overdue_time": "",
        "path": "buff_icon_wu_png",
        "des": "甜不甜，尝过才知道",
        "red_tips": 0,
        "use_tips": 11
    },
    "110016": {
        "id": 110016,
        "name": "七巧板",
        "quality": 4,
        "price": 200,
        "drop_count": 1,
        "drop_time": 5,
        "overdue_time": "",
        "path": "buff_icon_wu_png",
        "des": "只有心灵手巧的人才能拼出来哟",
        "red_tips": 0,
        "use_tips": 11
    },
    "110017": {
        "id": 110017,
        "name": "大闸蟹",
        "quality": 4,
        "price": 200,
        "drop_count": 1,
        "drop_time": 5,
        "overdue_time": "",
        "path": "buff_icon_wu_png",
        "des": "性凉，请配合姜茶食用",
        "red_tips": 0,
        "use_tips": 11
    },
    "110018": {
        "id": 110018,
        "name": "姜茶",
        "quality": 4,
        "price": 200,
        "drop_count": 1,
        "drop_time": 5,
        "overdue_time": "",
        "path": "buff_icon_wu_png",
        "des": "暖胃，可缓解大闸蟹带来的负面影响",
        "red_tips": 0,
        "use_tips": 11
    },
    "110019": {
        "id": 110019,
        "name": "十一",
        "quality": 4,
        "price": 200,
        "drop_count": 1,
        "drop_time": 5,
        "overdue_time": "",
        "path": "buff_icon_wu_png",
        "des": "传说这两个字具有神秘的力量",
        "red_tips": 0,
        "use_tips": 11
    },
    "110020": {
        "id": 110020,
        "name": "中国结",
        "quality": 4,
        "price": 200,
        "drop_count": 1,
        "drop_time": 5,
        "overdue_time": "",
        "path": "buff_icon_wu_png",
        "des": "准备好了么！",
        "red_tips": 0,
        "use_tips": 11
    },
    "110021": {
        "id": 110021,
        "name": "腊八粥",
        "quality": 4,
        "price": 200,
        "drop_count": 1,
        "drop_time": 5,
        "overdue_time": "",
        "path": "buff_icon_wu_png",
        "des": "一碗热腾腾的腊八粥，充满了家的味道",
        "red_tips": 0,
        "use_tips": 11
    },
    "110022": {
        "id": 110022,
        "name": "火鸡",
        "quality": 4,
        "price": 200,
        "drop_count": 1,
        "drop_time": 5,
        "overdue_time": "",
        "path": "ui_acitivity_collect_turkey_png",
        "des": "感恩节晚宴必备的美食！东巴大神的最爱~",
        "red_tips": 0,
        "use_tips": 11
    },
    "110023": {
        "id": 110023,
        "name": "圣诞树",
        "quality": 4,
        "price": 200,
        "drop_count": 1,
        "drop_time": 5,
        "overdue_time": "",
        "path": "ui_acitivity_collect_christmastree_png",
        "des": "可爱的迷你圣诞树！上面挂满了小礼物哦~",
        "red_tips": 0,
        "use_tips": 11
    },
    "110024": {
        "id": 110024,
        "name": "拐杖糖",
        "quality": 4,
        "price": 200,
        "drop_count": 1,
        "drop_time": 5,
        "overdue_time": "",
        "path": "ui_acitivity_collect_sugarcane_png",
        "des": "孩子们最喜欢的拐杖糖，既好看又好吃~",
        "red_tips": 0,
        "use_tips": 11
    },
    "110025": {
        "id": 110025,
        "name": "青团",
        "quality": 4,
        "price": 200,
        "drop_count": 1,
        "drop_time": 5,
        "overdue_time": "",
        "path": "ui_acitivity_collect_qingtuan_png",
        "des": "春游踏青必备小吃，Q弹软糯，好吃不粘牙~",
        "red_tips": 0,
        "use_tips": 11
    },
    "110026": {
        "id": 110026,
        "name": "五",
        "quality": 4,
        "price": 200,
        "drop_count": 1,
        "drop_time": 5,
        "overdue_time": "",
        "path": "ui_acitivity_collect_ziwu_png",
        "des": "只有勤劳的人们才能享受节日的快乐，据说收集齐四个字会有惊喜哟~",
        "red_tips": 0,
        "use_tips": 11
    },
    "110027": {
        "id": 110027,
        "name": "一",
        "quality": 4,
        "price": 200,
        "drop_count": 1,
        "drop_time": 5,
        "overdue_time": "",
        "path": "ui_acitivity_collect_ziyi_png",
        "des": "只有勤劳的人们才能享受节日的快乐，据说收集齐四个字会有惊喜哟~",
        "red_tips": 0,
        "use_tips": 11
    },
    "110028": {
        "id": 110028,
        "name": "快",
        "quality": 4,
        "price": 200,
        "drop_count": 1,
        "drop_time": 5,
        "overdue_time": "",
        "path": "ui_acitivity_collect_zikuai_png",
        "des": "只有勤劳的人们才能享受节日的快乐，据说收集齐四个字会有惊喜哟~",
        "red_tips": 0,
        "use_tips": 11
    },
    "110029": {
        "id": 110029,
        "name": "乐",
        "quality": 4,
        "price": 200,
        "drop_count": 1,
        "drop_time": 5,
        "overdue_time": "",
        "path": "ui_acitivity_collect_zile_png",
        "des": "只有勤劳的人们才能享受节日的快乐，据说收集齐四个字会有惊喜哟~",
        "red_tips": 0,
        "use_tips": 11
    },
    "110030": {
        "id": 110030,
        "name": "端",
        "quality": 4,
        "price": 200,
        "drop_count": 1,
        "drop_time": 5,
        "overdue_time": "",
        "path": "ui_acitivity_collect_ziduan_png",
        "des": "这个节日里可以吃粽子，据说收集齐四个字会有惊喜哟~",
        "red_tips": 0,
        "use_tips": 11
    },
    "110031": {
        "id": 110031,
        "name": "午",
        "quality": 4,
        "price": 200,
        "drop_count": 1,
        "drop_time": 5,
        "overdue_time": "",
        "path": "ui_acitivity_collect_ziwu1_png",
        "des": "这个节日里可以吃粽子，据说收集齐四个字会有惊喜哟~",
        "red_tips": 0,
        "use_tips": 11
    },
    "110032": {
        "id": 110032,
        "name": "安",
        "quality": 4,
        "price": 200,
        "drop_count": 1,
        "drop_time": 5,
        "overdue_time": "",
        "path": "ui_acitivity_collect_zian_png",
        "des": "这个节日里可以吃粽子，据说收集齐四个字会有惊喜哟~",
        "red_tips": 0,
        "use_tips": 11
    },
    "110033": {
        "id": 110033,
        "name": "康",
        "quality": 4,
        "price": 200,
        "drop_count": 1,
        "drop_time": 5,
        "overdue_time": "",
        "path": "ui_acitivity_collect_zikang_png",
        "des": "这个节日里可以吃粽子，据说收集齐四个字会有惊喜哟~",
        "red_tips": 0,
        "use_tips": 11
    },
    "110034": {
        "id": 110034,
        "name": "雪糕",
        "quality": 4,
        "price": 200,
        "drop_count": 1,
        "drop_time": 5,
        "overdue_time": "",
        "path": "ui_acitivity_collect_xuegao_png",
        "des": "炎炎夏日消暑佳品之一",
        "red_tips": 0,
        "use_tips": 11
    },
    "110035": {
        "id": 110035,
        "name": "西瓜",
        "quality": 4,
        "price": 200,
        "drop_count": 1,
        "drop_time": 5,
        "overdue_time": "",
        "path": "ui_acitivity_collect_xigua_png",
        "des": "炎炎夏日消暑佳品之一",
        "red_tips": 0,
        "use_tips": 11
    },
    "110036": {
        "id": 110036,
        "name": "冰激凌",
        "quality": 4,
        "price": 200,
        "drop_count": 1,
        "drop_time": 5,
        "overdue_time": "",
        "path": "ui_acitivity_collect_bingjiling_png",
        "des": "炎炎夏日消暑佳品之一",
        "red_tips": 0,
        "use_tips": 11
    },
    "110037": {
        "id": 110037,
        "name": "冰镇饮料",
        "quality": 4,
        "price": 200,
        "drop_count": 1,
        "drop_time": 5,
        "overdue_time": "",
        "path": "ui_acitivity_collect_bingzhenyinliao_png",
        "des": "炎炎夏日消暑佳品之一",
        "red_tips": 0,
        "use_tips": 11
    },
    "110038": {
        "id": 110038,
        "name": "冰棍儿",
        "quality": 4,
        "price": 200,
        "drop_count": 1,
        "drop_time": 5,
        "overdue_time": "",
        "path": "ui_acitivity_collect_binggun_png",
        "des": "炎炎夏日消暑佳品之一",
        "red_tips": 0,
        "use_tips": 11
    },
    "110039": {
        "id": 110039,
        "name": "冰西瓜",
        "quality": 4,
        "price": 200,
        "drop_count": 1,
        "drop_time": 5,
        "overdue_time": "",
        "path": "ui_acitivity_collect_bingxigua_png",
        "des": "炎炎夏日消暑佳品之一",
        "red_tips": 0,
        "use_tips": 11
    },
    "110040": {
        "id": 110040,
        "name": "甜筒",
        "quality": 4,
        "price": 200,
        "drop_count": 1,
        "drop_time": 5,
        "overdue_time": "",
        "path": "ui_acitivity_collect_tiantong_png",
        "des": "炎炎夏日消暑佳品之一",
        "red_tips": 0,
        "use_tips": 11
    },
    "110041": {
        "id": 110041,
        "name": "冰可乐",
        "quality": 4,
        "price": 200,
        "drop_count": 1,
        "drop_time": 5,
        "overdue_time": "",
        "path": "ui_acitivity_collect_bingkele_png",
        "des": "炎炎夏日消暑佳品之一",
        "red_tips": 0,
        "use_tips": 11
    },
    "110042": {
        "id": 110042,
        "name": "戒尼",
        "quality": 4,
        "price": 200,
        "drop_count": 1,
        "drop_time": 5,
        "overdue_time": "",
        "path": "ui_acitivity_collect_jieni_png",
        "des": "在猎人世界里广泛流通的货币，可以用来兑换各种道具。",
        "red_tips": 0,
        "use_tips": 11
    },
    "110043": {
        "id": 110043,
        "name": "半",
        "quality": 4,
        "price": 200,
        "drop_count": 1,
        "drop_time": 5,
        "overdue_time": "",
        "path": "ui_acitivity_collect_ban_png",
        "des": "猎人半年庆典，感谢有你陪伴！据说收集齐四个字会有惊喜哟~",
        "red_tips": 0,
        "use_tips": 11
    },
    "110044": {
        "id": 110044,
        "name": "年",
        "quality": 4,
        "price": 200,
        "drop_count": 1,
        "drop_time": 5,
        "overdue_time": "",
        "path": "ui_acitivity_collect_nian_png",
        "des": "猎人半年庆典，感谢有你陪伴！据说收集齐四个字会有惊喜哟~",
        "red_tips": 0,
        "use_tips": 11
    },
    "110045": {
        "id": 110045,
        "name": "庆",
        "quality": 4,
        "price": 200,
        "drop_count": 1,
        "drop_time": 5,
        "overdue_time": "",
        "path": "ui_acitivity_collect_qing_png",
        "des": "猎人半年庆典，感谢有你陪伴！据说收集齐四个字会有惊喜哟~",
        "red_tips": 0,
        "use_tips": 11
    },
    "110046": {
        "id": 110046,
        "name": "典",
        "quality": 4,
        "price": 200,
        "drop_count": 1,
        "drop_time": 5,
        "overdue_time": "",
        "path": "ui_acitivity_collect_dian_png",
        "des": "猎人半年庆典，感谢有你陪伴！据说收集齐四个字会有惊喜哟~",
        "red_tips": 0,
        "use_tips": 11
    },
    "110047": {
        "id": 110047,
        "name": "蚁后的结晶",
        "quality": 4,
        "price": 200,
        "drop_count": 1,
        "drop_time": 5,
        "overdue_time": "",
        "path": "ui_acitivity_collect_jiejing_png",
        "des": "由嵌合蚁后产下的卵转化的结晶，可以用来兑换各种道具。",
        "red_tips": 0,
        "use_tips": 11
    },
    "110048": {
        "id": 110048,
        "name": "蛋黄月饼",
        "quality": 4,
        "price": 200,
        "drop_count": 1,
        "drop_time": 5,
        "overdue_time": "",
        "path": "ui_acitivity_collect_danhuang_png",
        "des": "中秋月~人团圆~蛋黄月饼香又甜~收集各类月饼可兑换惊喜好礼哟~",
        "red_tips": 0,
        "use_tips": 11
    },
    "110049": {
        "id": 110049,
        "name": "豆沙月饼",
        "quality": 4,
        "price": 200,
        "drop_count": 1,
        "drop_time": 5,
        "overdue_time": "",
        "path": "ui_acitivity_collect_dousha_png",
        "des": "中秋月~人团圆~豆沙月饼香又甜~收集各类月饼可兑换惊喜好礼哟~",
        "red_tips": 0,
        "use_tips": 11
    },
    "110050": {
        "id": 110050,
        "name": "五仁月饼",
        "quality": 4,
        "price": 200,
        "drop_count": 1,
        "drop_time": 5,
        "overdue_time": "",
        "path": "ui_acitivity_collect_wuren_png",
        "des": "中秋月~人团圆~五仁月饼香又甜~收集各类月饼可兑换惊喜好礼哟~",
        "red_tips": 0,
        "use_tips": 11
    },
    "110051": {
        "id": 110051,
        "name": "玉兔",
        "quality": 4,
        "price": 200,
        "drop_count": 1,
        "drop_time": 5,
        "overdue_time": "",
        "path": "ui_acitivity_collect_yuetu_png",
        "des": "玉兔常年伴月怀,清拂桂子送香来！这只玉兔会给你带来幸运哟~",
        "red_tips": 0,
        "use_tips": 11
    },
    "110052": {
        "id": 110052,
        "name": "国",
        "quality": 4,
        "price": 200,
        "drop_count": 1,
        "drop_time": 5,
        "overdue_time": "",
        "path": "ui_acitivity_collect_guo_png",
        "des": "迎国庆，大联欢！收集“国庆快乐”四个字会有惊喜哟~",
        "red_tips": 0,
        "use_tips": 11
    },
    "110053": {
        "id": 110053,
        "name": "庆",
        "quality": 4,
        "price": 200,
        "drop_count": 1,
        "drop_time": 5,
        "overdue_time": "",
        "path": "ui_acitivity_collect_qing1_png",
        "des": "迎国庆，大联欢！收集“国庆快乐”四个字会有惊喜哟~",
        "red_tips": 0,
        "use_tips": 11
    },
    "110054": {
        "id": 110054,
        "name": "快",
        "quality": 4,
        "price": 200,
        "drop_count": 1,
        "drop_time": 5,
        "overdue_time": "",
        "path": "ui_acitivity_collect_kuai_png",
        "des": "迎国庆，大联欢！收集“国庆快乐”四个字会有惊喜哟~",
        "red_tips": 0,
        "use_tips": 11
    },
    "110055": {
        "id": 110055,
        "name": "乐",
        "quality": 4,
        "price": 200,
        "drop_count": 1,
        "drop_time": 5,
        "overdue_time": "",
        "path": "ui_acitivity_collect_le_png",
        "des": "迎国庆，大联欢！收集“国庆快乐”四个字会有惊喜哟~",
        "red_tips": 0,
        "use_tips": 11
    },
    "110056": {
        "id": 110056,
        "name": "南瓜灯",
        "quality": 4,
        "price": 200,
        "drop_count": 1,
        "drop_time": 5,
        "overdue_time": "",
        "path": "ui_acitivity_collect_nanguadeng_png",
        "des": "用南瓜雕刻成的灯笼，万圣节的标志物之一，可以用来兑换各种道具。",
        "red_tips": 0,
        "use_tips": 11
    },
    "110057": {
        "id": 110057,
        "name": "糖果",
        "quality": 4,
        "price": 200,
        "drop_count": 1,
        "drop_time": 5,
        "overdue_time": "",
        "path": "ui_acitivity_collect_tangguo_png",
        "des": "为捣蛋鬼们准备的糖果，万圣节的标志物之一，可以用来兑换各种道具。",
        "red_tips": 0,
        "use_tips": 11
    },
    "110058": {
        "id": 110058,
        "name": "巫师帽",
        "quality": 4,
        "price": 200,
        "drop_count": 1,
        "drop_time": 5,
        "overdue_time": "",
        "path": "ui_acitivity_collect_wushimao_png",
        "des": "孩子们最喜欢的装扮，万圣节的标志物之一，可以用来兑换各种道具。",
        "red_tips": 0,
        "use_tips": 11
    },
    "110059": {
        "id": 110059,
        "name": "幽灵",
        "quality": 4,
        "price": 200,
        "drop_count": 1,
        "drop_time": 5,
        "overdue_time": "",
        "path": "ui_acitivity_collect_youling_png",
        "des": "用来吓人的小玩具，万圣节的标志物之一，可以用来兑换各种道具。",
        "red_tips": 0,
        "use_tips": 11
    },
    "110060": {
        "id": 110060,
        "name": "虎之印记",
        "quality": 4,
        "price": 200,
        "drop_count": 1,
        "drop_time": 5,
        "overdue_time": "",
        "path": "ui_acitivity_collect_yinji_png",
        "des": "猎人协会十二地支中康宰的标志，可以用来兑换各种道具。",
        "red_tips": 0,
        "use_tips": 11
    },
    "110061": {
        "id": 110061,
        "name": "单身的“1”",
        "quality": 4,
        "price": 200,
        "drop_count": 1,
        "drop_time": 5,
        "overdue_time": "",
        "path": "ui_acitivity_collect_shuangshiyi1_png",
        "des": "参与双十一活动获得，可以用来兑换各种道具。",
        "red_tips": 0,
        "use_tips": 11
    },
    "110062": {
        "id": 110062,
        "name": "快乐的“1”",
        "quality": 4,
        "price": 200,
        "drop_count": 1,
        "drop_time": 5,
        "overdue_time": "",
        "path": "ui_acitivity_collect_shuangshiyi2_png",
        "des": "参与双十一活动获得，可以用来兑换各种道具。",
        "red_tips": 0,
        "use_tips": 11
    },
    "110063": {
        "id": 110063,
        "name": "调皮的“1”",
        "quality": 4,
        "price": 200,
        "drop_count": 1,
        "drop_time": 5,
        "overdue_time": "",
        "path": "ui_acitivity_collect_shuangshiyi3_png",
        "des": "参与双十一活动获得，可以用来兑换各种道具。",
        "red_tips": 0,
        "use_tips": 11
    },
    "110064": {
        "id": 110064,
        "name": "可爱的“1”",
        "quality": 4,
        "price": 200,
        "drop_count": 1,
        "drop_time": 5,
        "overdue_time": "",
        "path": "ui_acitivity_collect_shuangshiyi4_png",
        "des": "参与双十一活动获得，可以用来兑换各种道具。",
        "red_tips": 0,
        "use_tips": 11
    },
    "110065": {
        "id": 110065,
        "name": "圣诞树",
        "quality": 4,
        "price": 200,
        "drop_count": 1,
        "drop_time": 5,
        "overdue_time": "",
        "path": "ui_acitivity_collect_christmastree_png",
        "des": "迷你圣诞树！上面挂满了小礼物哦~",
        "red_tips": 0,
        "use_tips": 11
    },
    "110066": {
        "id": 110066,
        "name": "圣诞老人",
        "quality": 4,
        "price": 200,
        "drop_count": 1,
        "drop_time": 5,
        "overdue_time": "",
        "path": "ui_acitivity_collect_laoren_png",
        "des": "和蔼可亲的圣诞老人！",
        "red_tips": 0,
        "use_tips": 11
    },
    "110067": {
        "id": 110067,
        "name": "圣诞铃铛",
        "quality": 4,
        "price": 200,
        "drop_count": 1,
        "drop_time": 5,
        "overdue_time": "",
        "path": "ui_acitivity_collect_lingdang_png",
        "des": "铃儿响叮当，圣诞快来到~",
        "red_tips": 0,
        "use_tips": 11
    },
    "110068": {
        "id": 110068,
        "name": "圣诞袜",
        "quality": 4,
        "price": 200,
        "drop_count": 1,
        "drop_time": 5,
        "overdue_time": "",
        "path": "ui_acitivity_collect_wazi_png",
        "des": "装满礼物的圣诞袜！",
        "red_tips": 0,
        "use_tips": 11
    },
    "110069": {
        "id": 110069,
        "name": "元",
        "quality": 4,
        "price": 200,
        "drop_count": 1,
        "drop_time": 5,
        "overdue_time": "",
        "path": "ui_acitivity_collect_yuanzi_png",
        "des": "喜迎元旦！收集“元旦快乐”四个字会有惊喜哟~",
        "red_tips": 0,
        "use_tips": 11
    },
    "110070": {
        "id": 110070,
        "name": "旦",
        "quality": 4,
        "price": 200,
        "drop_count": 1,
        "drop_time": 5,
        "overdue_time": "",
        "path": "ui_acitivity_collect_danzi_png",
        "des": "喜迎元旦！收集“元旦快乐”四个字会有惊喜哟~",
        "red_tips": 0,
        "use_tips": 11
    },
    "110071": {
        "id": 110071,
        "name": "快",
        "quality": 4,
        "price": 200,
        "drop_count": 1,
        "drop_time": 5,
        "overdue_time": "",
        "path": "ui_acitivity_collect_kuaizi_png",
        "des": "喜迎元旦！收集“元旦快乐”四个字会有惊喜哟~",
        "red_tips": 0,
        "use_tips": 11
    },
    "110072": {
        "id": 110072,
        "name": "乐",
        "quality": 4,
        "price": 200,
        "drop_count": 1,
        "drop_time": 5,
        "overdue_time": "",
        "path": "ui_acitivity_collect_lezi_png",
        "des": "喜迎元旦！收集“元旦快乐”四个字会有惊喜哟~",
        "red_tips": 0,
        "use_tips": 11
    },
    "110073": {
        "id": 110073,
        "name": "亥",
        "quality": 4,
        "price": 200,
        "drop_count": 1,
        "drop_time": 5,
        "overdue_time": "",
        "path": "ui_acitivity_collect_haizi_png",
        "des": "喜迎新春！收集“亥猪迎春”四个字会有惊喜哟~",
        "red_tips": 0,
        "use_tips": 11
    },
    "110074": {
        "id": 110074,
        "name": "猪",
        "quality": 4,
        "price": 200,
        "drop_count": 1,
        "drop_time": 5,
        "overdue_time": "",
        "path": "ui_acitivity_collect_zhuzi_png",
        "des": "喜迎新春！收集“亥猪迎春”四个字会有惊喜哟~",
        "red_tips": 0,
        "use_tips": 11
    },
    "110075": {
        "id": 110075,
        "name": "迎",
        "quality": 4,
        "price": 200,
        "drop_count": 1,
        "drop_time": 5,
        "overdue_time": "",
        "path": "ui_acitivity_collect_yingzi_png",
        "des": "喜迎新春！收集“亥猪迎春”四个字会有惊喜哟~",
        "red_tips": 0,
        "use_tips": 11
    },
    "110076": {
        "id": 110076,
        "name": "春",
        "quality": 4,
        "price": 200,
        "drop_count": 1,
        "drop_time": 5,
        "overdue_time": "",
        "path": "ui_acitivity_collect_chunzi_png",
        "des": "喜迎新春！收集“亥猪迎春”四个字会有惊喜哟~",
        "red_tips": 0,
        "use_tips": 11
    },
    "110077": {
        "id": 110077,
        "name": "元",
        "quality": 4,
        "price": 200,
        "drop_count": 1,
        "drop_time": 5,
        "overdue_time": "",
        "path": "ui_acitivity_collect_yuanxiao1_png",
        "des": "正月十五闹元宵！收集“元宵快乐”四个字会有惊喜哟~",
        "red_tips": 0,
        "use_tips": 11
    },
    "110078": {
        "id": 110078,
        "name": "宵",
        "quality": 4,
        "price": 200,
        "drop_count": 1,
        "drop_time": 5,
        "overdue_time": "",
        "path": "ui_acitivity_collect_yuanxiao2_png",
        "des": "正月十五闹元宵！收集“元宵快乐”四个字会有惊喜哟~",
        "red_tips": 0,
        "use_tips": 11
    },
    "110079": {
        "id": 110079,
        "name": "快",
        "quality": 4,
        "price": 200,
        "drop_count": 1,
        "drop_time": 5,
        "overdue_time": "",
        "path": "ui_acitivity_collect_yuanxiao3_png",
        "des": "正月十五闹元宵！收集“元宵快乐”四个字会有惊喜哟~",
        "red_tips": 0,
        "use_tips": 11
    },
    "110080": {
        "id": 110080,
        "name": "乐",
        "quality": 4,
        "price": 200,
        "drop_count": 1,
        "drop_time": 5,
        "overdue_time": "",
        "path": "ui_acitivity_collect_yuanxiao4_png",
        "des": "正月十五闹元宵！收集“元宵快乐”四个字会有惊喜哟~",
        "red_tips": 0,
        "use_tips": 11
    },
    "110098": {
        "id": 110098,
        "name": "大米",
        "quality": 4,
        "price": 200,
        "drop_count": 1,
        "drop_time": 5,
        "overdue_time": "",
        "path": "item_dami_png",
        "des": "瑞雪兆，丰年到，硕鼠纳粮真热闹！收集大米、瓜子、花生、栗子四种食材可兑换丰厚奖励~",
        "red_tips": 0,
        "use_tips": 11
    },
    "110099": {
        "id": 110099,
        "name": "瓜子",
        "quality": 4,
        "price": 200,
        "drop_count": 1,
        "drop_time": 5,
        "overdue_time": "",
        "path": "item_guazi_png",
        "des": "瑞雪兆，丰年到，硕鼠纳粮真热闹！收集大米、瓜子、花生、栗子四种食材可兑换丰厚奖励~",
        "red_tips": 0,
        "use_tips": 11
    },
    "110100": {
        "id": 110100,
        "name": "花生",
        "quality": 4,
        "price": 200,
        "drop_count": 1,
        "drop_time": 5,
        "overdue_time": "",
        "path": "item_huasheng_png",
        "des": "瑞雪兆，丰年到，硕鼠纳粮真热闹！收集大米、瓜子、花生、栗子四种食材可兑换丰厚奖励~",
        "red_tips": 0,
        "use_tips": 11
    },
    "110101": {
        "id": 110101,
        "name": "栗子",
        "quality": 4,
        "price": 200,
        "drop_count": 1,
        "drop_time": 5,
        "overdue_time": "",
        "path": "item_lizi_png",
        "des": "瑞雪兆，丰年到，硕鼠纳粮真热闹！收集大米、瓜子、花生、栗子四种食材可兑换丰厚奖励~",
        "red_tips": 0,
        "use_tips": 11
    }}
