{
    "1": {
        "id": 1,
        "name": "通关冒险副本1-7",
        "next_id": "2",
        "type": 3,
        "sub_type": 2,
        "condition": 100007,
        "reward_goods": [[20002,30],[20001,5000]],
        "race_km": "",
        "open_level": "",
        "open_instance": "",
        "description": "击败船长，得到他的认可并前往猎人考试考场。"
    },
    "2": {
        "id": 2,
        "name": "将任意猎人提升到10级",
        "next_id": "3",
        "type": 3,
        "sub_type": 7,
        "condition": 10,
        "reward_goods": [[10057,1],[20001,5000]],
        "race_km": "",
        "open_level": "",
        "open_instance": "",
        "description": "参与战斗和使用经验道具均可提升猎人等级，提升等级也是最快捷的提升猎人实力的方法。"
    },
    "3": {
        "id": 3,
        "name": "通关冒险副本2-7",
        "next_id": "4",
        "type": 3,
        "sub_type": 2,
        "condition": 100014,
        "reward_goods": [[20002,30],[20001,5000]],
        "race_km": "",
        "open_level": "",
        "open_instance": "",
        "description": "击败半藏，通过最终的考试。"
    },
    "4": {
        "id": 4,
        "name": "将任意猎人进阶到初级猎人+1",
        "next_id": "5",
        "type": 3,
        "sub_type": 8,
        "condition": 2,
        "reward_goods": [[20023,1],[20001,5000]],
        "race_km": "",
        "open_level": "",
        "open_instance": "",
        "description": "通关冒险副本可以获得徽章，当四个位置的徽章全部激活后就可以进阶猎人了，进阶可以提升猎人等级上限，还能获得珍贵的技能点属性。"
    },
    "5": {
        "id": 5,
        "name": "通关冒险副本3-7",
        "next_id": "6",
        "type": 3,
        "sub_type": 2,
        "condition": 100021,
        "reward_goods": [[20002,30],[20001,5000]],
        "race_km": "",
        "open_level": "",
        "open_instance": "",
        "description": "通过揍敌客家的试炼之门，击败看门的猛兽。"
    },
    "6": {
        "id": 6,
        "name": "将任意猎人进阶到中级猎人",
        "next_id": "7",
        "type": 3,
        "sub_type": 8,
        "condition": 3,
        "reward_goods": [[10057,1],[20001,5000]],
        "race_km": "",
        "open_level": "",
        "open_instance": "",
        "description": "经过一段时间的冒险之后，敌人的实力也越发强大，持续进阶猎人是有效提升队伍实力的好方法。"
    },
    "7": {
        "id": 7,
        "name": "通关冒险副本4-7",
        "next_id": "8",
        "type": 3,
        "sub_type": 2,
        "condition": 100028,
        "reward_goods": [[30451,1],[20001,5000]],
        "race_km": "",
        "open_level": "",
        "open_instance": "",
        "description": "获得奇犽爷爷桀诺揍敌客的认可，带奇犽离开枯枯戮山。"
    },
    "8": {
        "id": 8,
        "name": "将任意卡片提升到10级",
        "next_id": "9",
        "type": 3,
        "sub_type": 64,
        "condition": 10,
        "reward_goods": [[10057,1],[20001,5000]],
        "race_km": "",
        "open_level": "",
        "open_instance": "",
        "description": "强化是提升卡片主属性最有效的方式，强化后的卡片属性将获得大幅提升。"
    },
    "9": {
        "id": 9,
        "name": "将任意猎人进阶到中级猎人+1",
        "next_id": "10",
        "type": 3,
        "sub_type": 8,
        "condition": 4,
        "reward_goods": [[20002,30],[20001,5000]],
        "race_km": "",
        "open_level": "",
        "open_instance": "",
        "description": "几番挑战之后，是不是渴望拥有更加强大的实力了？不要停，继续进阶猎人吧~"
    },
    "10": {
        "id": 10,
        "name": "队伍等级达到15级",
        "next_id": "11",
        "type": 3,
        "sub_type": 1,
        "condition": 15,
        "reward_goods": [[30452,1],[30004,1]],
        "race_km": "",
        "open_level": "",
        "open_instance": "",
        "description": "继续提升队伍等级，准备迎接全新的挑战吧！"
    },
    "11": {
        "id": 11,
        "name": "采集三次果子",
        "next_id": "12",
        "type": 3,
        "sub_type": 17,
        "condition": 3,
        "reward_goods": [[20002,30],[30004,2]],
        "race_km": "",
        "open_level": "",
        "open_instance": "",
        "description": "贪婪之岛就像是个游乐场，在这里你可以参加猜拳活动，也可以和其他人互动，当然还可以采果子，会有意外的惊喜哟~"
    },
    "12": {
        "id": 12,
        "name": "购买一次体力",
        "next_id": "13",
        "type": 3,
        "sub_type": 5,
        "condition": 1,
        "reward_goods": [[20023,1],[30004,2]],
        "race_km": "",
        "open_level": "",
        "open_instance": "",
        "description": "几乎所有的挑战都是需要消耗体力的，合理分配体力很重要，通过使用道具和快速补给都可以获得体力。"
    },
    "13": {
        "id": 13,
        "name": "通关挑战副本2-5",
        "next_id": "14",
        "type": 3,
        "sub_type": 3,
        "condition": 200015,
        "reward_goods": [[20002,30],[30004,2]],
        "race_km": "",
        "open_level": "",
        "open_instance": "",
        "description": "向更高的挑战进发！挑战副本更能体现实力哦！"
    },
    "14": {
        "id": 14,
        "name": "队伍等级达到18级",
        "next_id": "15",
        "type": 3,
        "sub_type": 1,
        "condition": 18,
        "reward_goods": [[30452,1],[30004,2]],
        "race_km": "",
        "open_level": "",
        "open_instance": "",
        "description": "队伍等级不要落下太多哟，否则就要掉队了。赶快去提升吧~"
    },
    "15": {
        "id": 15,
        "name": "通关流星街“芬克斯の试炼”第2层",
        "next_id": "16",
        "type": 3,
        "sub_type": 55,
        "condition": 10002,
        "reward_goods": [[20002,30],[30004,2]],
        "race_km": "",
        "open_level": "",
        "open_instance": "",
        "description": "经验道具是猎人提升的重要资源，要努力收集哦！"
    },
    "16": {
        "id": 16,
        "name": "队伍等级达到20级",
        "next_id": "17",
        "type": 3,
        "sub_type": 1,
        "condition": 20,
        "reward_goods": [[30452,1],[30004,2]],
        "race_km": "",
        "open_level": "",
        "open_instance": "",
        "description": "继续提升队伍等级，准备迎接全新的挑战吧！"
    },
    "17": {
        "id": 17,
        "name": "通关天空竞技场10层",
        "next_id": "18",
        "type": 3,
        "sub_type": 25,
        "condition": 10,
        "reward_goods": [[20020,1],[30004,2]],
        "race_km": "",
        "open_level": "",
        "open_instance": "",
        "description": "念能力的考验！在天空竞技场证明自己！"
    },
    "18": {
        "id": 18,
        "name": "将任意猎人进阶到高级猎人",
        "next_id": "19",
        "type": 3,
        "sub_type": 8,
        "condition": 6,
        "reward_goods": [[10058,1],[30004,2]],
        "race_km": "",
        "open_level": "",
        "open_instance": "",
        "description": "面对强大的敌人，进阶依然是提升队伍实力最有效的办法。加油吧，猎人~"
    },
    "19": {
        "id": 19,
        "name": "队伍等级达到22级",
        "next_id": "20",
        "type": 3,
        "sub_type": 1,
        "condition": 22,
        "reward_goods": [[30452,1],[30004,3]],
        "race_km": "",
        "open_level": "",
        "open_instance": "",
        "description": "继续提升队伍等级，准备迎接全新的挑战吧！"
    },
    "20": {
        "id": 20,
        "name": "通关流星街“窝金の试炼”第3层",
        "next_id": "21",
        "type": 3,
        "sub_type": 69,
        "condition": 40003,
        "reward_goods": [[139001,1],[30004,3]],
        "race_km": "",
        "open_level": "",
        "open_instance": "",
        "description": "集齐卡片是所有猎人的梦想，也是实力提升的重要途径哦！"
    },
    "21": {
        "id": 21,
        "name": "通关流星街“窝金の试炼”第5层3次",
        "next_id": "22",
        "type": 3,
        "sub_type": 53,
        "condition": 340005,
        "reward_goods": [[100014,1],[30004,3]],
        "race_km": "",
        "open_level": "",
        "open_instance": "",
        "description": "集齐卡片是所有猎人的梦想，也是实力提升的重要途径哦！"
    },
    "22": {
        "id": 22,
        "name": "卡片升星一次",
        "next_id": "23",
        "type": 3,
        "sub_type": 52,
        "condition": 1,
        "reward_goods": [[139007,1],[30004,3]],
        "race_km": "",
        "open_level": "",
        "open_instance": "",
        "description": "卡片升星能够大幅提升主属性，同时也是激活副属性的唯一途径，最重要的一点是可以提升卡片的等级上限。"
    },
    "23": {
        "id": 23,
        "name": "通关冒险副本7-7",
        "next_id": "24",
        "type": 3,
        "sub_type": 2,
        "condition": 100049,
        "reward_goods": [[20002,50],[30004,4]],
        "race_km": "",
        "open_level": "",
        "open_instance": "",
        "description": "寻找新的伙伴！为了击败磊札与西索组队。"
    },
    "24": {
        "id": 24,
        "name": "将任意猎人进阶到高级猎人+1",
        "next_id": "25",
        "type": 3,
        "sub_type": 8,
        "condition": 7,
        "reward_goods": [[30451,1],[30004,4]],
        "race_km": "",
        "open_level": "",
        "open_instance": "",
        "description": "敌人越发强大，现在需要将猎人进阶到更高阶段。"
    },
    "25": {
        "id": 25,
        "name": "通关天空竞技场30层",
        "next_id": "26",
        "type": 3,
        "sub_type": 25,
        "condition": 30,
        "reward_goods": [[20020,1],[30004,4]],
        "race_km": "",
        "open_level": "",
        "open_instance": "",
        "description": "念能力的考验！在天空竞技场证明自己！"
    },
    "26": {
        "id": 26,
        "name": "将任意猎人进阶到高级猎人+2",
        "next_id": "27",
        "type": 3,
        "sub_type": 8,
        "condition": 8,
        "reward_goods": [[30451,1],[30004,4]],
        "race_km": "",
        "open_level": "",
        "open_instance": "",
        "description": "千万不要停下进阶的脚步，因为它真的太重要了~"
    },
    "27": {
        "id": 27,
        "name": "队伍等级达到30级",
        "next_id": "28",
        "type": 3,
        "sub_type": 1,
        "condition": 30,
        "reward_goods": [[30452,1],[30004,5]],
        "race_km": "",
        "open_level": "",
        "open_instance": "",
        "description": "继续提升队伍等级，准备迎接全新的挑战吧！"
    },
    "28": {
        "id": 28,
        "name": "拥有一名5星猎人",
        "next_id": "29",
        "type": 3,
        "sub_type": 9,
        "condition": 5,
        "reward_goods": [[10058,1],[30004,5]],
        "race_km": "",
        "open_level": "",
        "open_instance": "",
        "description": "猎人升星可以大幅提升猎人的综合实力，也是最快捷的途径之一。"
    },
    "29": {
        "id": 29,
        "name": "通关流星街“玛琪の试炼”第3层",
        "next_id": "30",
        "type": 3,
        "sub_type": 70,
        "condition": 50003,
        "reward_goods": [[139004,1],[30004,5]],
        "race_km": "",
        "open_level": "",
        "open_instance": "",
        "description": "集齐卡片是所有猎人的梦想，也是实力提升的重要途径哦！"
    },
    "30": {
        "id": 30,
        "name": "完成流星街“玛琪の试炼”第5层3次",
        "next_id": "31",
        "type": 3,
        "sub_type": 53,
        "condition": 350005,
        "reward_goods": [[30451,1],[30004,5]],
        "race_km": "",
        "open_level": "",
        "open_instance": "",
        "description": "集齐卡片是所有猎人的梦想，也是实力提升的重要途径哦！"
    },
    "31": {
        "id": 31,
        "name": "队伍等级达到33级",
        "next_id": "32",
        "type": 3,
        "sub_type": 1,
        "condition": 33,
        "reward_goods": [[30452,1],[20002,30]],
        "race_km": "",
        "open_level": "",
        "open_instance": "",
        "description": "继续提升队伍等级，准备迎接全新的挑战吧！"
    },
    "32": {
        "id": 32,
        "name": "将任意卡片升至4星",
        "next_id": "33",
        "type": 3,
        "sub_type": 68,
        "condition": 4,
        "reward_goods": [[139007,2],[20002,30]],
        "race_km": "",
        "open_level": "",
        "open_instance": "",
        "description": "卡片升星激活的副属性对猎人的提升很重要，根据猎人的特点合理搭配卡片会将猎人的特点放大。"
    },
    "33": {
        "id": 33,
        "name": "通关天空竞技场50层",
        "next_id": "34",
        "type": 3,
        "sub_type": 25,
        "condition": 50,
        "reward_goods": [[20020,1],[20002,30]],
        "race_km": "",
        "open_level": "",
        "open_instance": "",
        "description": "念能力的考验！在天空竞技场证明自己！"
    },
    "34": {
        "id": 34,
        "name": "队伍等级达到35级",
        "next_id": "35",
        "type": 3,
        "sub_type": 1,
        "condition": 35,
        "reward_goods": [[30452,1],[20002,50]],
        "race_km": "",
        "open_level": "",
        "open_instance": "",
        "description": "继续提升队伍等级，准备迎接全新的挑战吧！"
    },
    "35": {
        "id": 35,
        "name": "通关流星街“库哔の试炼”第3层",
        "next_id": "36",
        "type": 3,
        "sub_type": 71,
        "condition": 60003,
        "reward_goods": [[139006,1],[20002,50]],
        "race_km": "",
        "open_level": "",
        "open_instance": "",
        "description": "集齐卡片是所有猎人的梦想，也是实力提升的重要途径哦！"
    },
    "36": {
        "id": 36,
        "name": "通关流星街“库哔の试炼”第5层3次",
        "next_id": "37",
        "type": 3,
        "sub_type": 53,
        "condition": 360005,
        "reward_goods": [[100038,1],[20002,50]],
        "race_km": "",
        "open_level": "",
        "open_instance": "",
        "description": "集齐卡片是所有猎人的梦想，也是实力提升的重要途径哦！"
    },
    "37": {
        "id": 37,
        "name": "通关天空竞技场70层",
        "next_id": "38",
        "type": 3,
        "sub_type": 25,
        "condition": 70,
        "reward_goods": [[20020,1],[20002,50]],
        "race_km": "",
        "open_level": "",
        "open_instance": "",
        "description": "念能力的考验！在天空竞技场证明自己！"
    },
    "38": {
        "id": 38,
        "name": "队伍等级达到40级",
        "next_id": "39",
        "type": 3,
        "sub_type": 1,
        "condition": 40,
        "reward_goods": [[30452,1],[20002,80]],
        "race_km": "",
        "open_level": "",
        "open_instance": "",
        "description": "继续提升队伍等级，准备迎接全新的挑战吧！"
    },
    "39": {
        "id": 39,
        "name": "通关天空竞技场90层",
        "next_id": "40",
        "type": 3,
        "sub_type": 25,
        "condition": 90,
        "reward_goods": [[20020,1],[20002,80]],
        "race_km": "",
        "open_level": "",
        "open_instance": "",
        "description": "念能力的考验！在天空竞技场证明自己！"
    },
    "40": {
        "id": 40,
        "name": "通关流星街“窝金の试炼”第10层",
        "next_id": "41",
        "type": 3,
        "sub_type": 69,
        "condition": 40010,
        "reward_goods": [[100030,1],[20002,80]],
        "race_km": "",
        "open_level": "",
        "open_instance": "",
        "description": "集齐卡片是所有猎人的梦想，也是实力提升的重要途径哦！"
    },
    "41": {
        "id": 41,
        "name": "将任意3名猎人提升至5星",
        "next_id": "42",
        "type": 3,
        "sub_type": 10,
        "condition": 50003,
        "reward_goods": [[20020,1],[10074,1]],
        "race_km": "",
        "open_level": "",
        "open_instance": "",
        "description": "只有队伍整体实力强大的猎人，才能成为最强猎人，这是个永远不变的真理~"
    },
    "42": {
        "id": 42,
        "name": "通关流星街“玛琪の试炼”第10层",
        "next_id": "43",
        "type": 3,
        "sub_type": 70,
        "condition": 50010,
        "reward_goods": [[100037,1],[20002,80]],
        "race_km": "",
        "open_level": "",
        "open_instance": "",
        "description": "集齐卡片是所有猎人的梦想，也是实力提升的重要途径哦！"
    },
    "43": {
        "id": 43,
        "name": "拥有一名6星猎人",
        "next_id": "44",
        "type": 3,
        "sub_type": 9,
        "condition": 6,
        "reward_goods": [[20020,1],[10074,1]],
        "race_km": "",
        "open_level": "",
        "open_instance": "",
        "description": "这也许是个不小的挑战，但这确实是成为最强猎人的必经之路~"
    },
    "44": {
        "id": 44,
        "name": "队伍等级达到45级",
        "next_id": "45",
        "type": 3,
        "sub_type": 1,
        "condition": 45,
        "reward_goods": [[30452,1],[20002,100]],
        "race_km": "",
        "open_level": "",
        "open_instance": "",
        "description": "继续提升队伍等级，准备迎接全新的挑战吧！"
    },
    "45": {
        "id": 45,
        "name": "通关天空竞技场120层",
        "next_id": "46",
        "type": 3,
        "sub_type": 25,
        "condition": 120,
        "reward_goods": [[20020,2],[20002,100]],
        "race_km": "",
        "open_level": "",
        "open_instance": "",
        "description": "念能力的考验！在天空竞技场证明自己！"
    },
    "46": {
        "id": 46,
        "name": "通关流星街“库哔の试炼”第10层",
        "next_id": "47",
        "type": 3,
        "sub_type": 71,
        "condition": 60010,
        "reward_goods": [[100047,1],[20002,100]],
        "race_km": "",
        "open_level": "",
        "open_instance": "",
        "description": "集齐卡片是所有猎人的梦想，也是实力提升的重要途径哦！"
    },
    "47": {
        "id": 47,
        "name": "队伍等级达到50级",
        "next_id": "48",
        "type": 3,
        "sub_type": 1,
        "condition": 50,
        "reward_goods": [[30452,1],[20002,150]],
        "race_km": "",
        "open_level": "",
        "open_instance": "",
        "description": "继续提升队伍等级，准备迎接全新的挑战吧！"
    },
    "48": {
        "id": 48,
        "name": "猎人突破1次",
        "next_id": "49",
        "type": 3,
        "sub_type": 98,
        "condition": 1,
        "reward_goods": [[20020,1],[10074,1]],
        "race_km": "",
        "open_level": "",
        "open_instance": "",
        "description": "这也许是个不小的挑战，但这确实是成为最强猎人的必经之路~"
    },
    "49": {
        "id": 49,
        "name": "通关流星街“窝金の试炼”第15层",
        "next_id": "50",
        "type": 3,
        "sub_type": 69,
        "condition": 40015,
        "reward_goods": [[100030,1],[20002,150]],
        "race_km": "",
        "open_level": "",
        "open_instance": "",
        "description": "集齐卡片是所有猎人的梦想，也是实力提升的重要途径哦！"
    },
    "50": {
        "id": 50,
        "name": "通关流星街“玛琪の试炼”第15层",
        "next_id": "51",
        "type": 3,
        "sub_type": 70,
        "condition": 50015,
        "reward_goods": [[100037,1],[20002,150]],
        "race_km": "",
        "open_level": "",
        "open_instance": "",
        "description": "集齐卡片是所有猎人的梦想，也是实力提升的重要途径哦！"
    },
    "51": {
        "id": 51,
        "name": "通关流星街“库哔の试炼”第15层",
        "next_id": "52",
        "type": 3,
        "sub_type": 71,
        "condition": 60015,
        "reward_goods": [[100047,1],[20002,150]],
        "race_km": "",
        "open_level": "",
        "open_instance": "",
        "description": "集齐卡片是所有猎人的梦想，也是实力提升的重要途径哦！"
    },
    "52": {
        "id": 52,
        "name": "通关天空竞技场150层",
        "next_id": "53",
        "type": 3,
        "sub_type": 25,
        "condition": 150,
        "reward_goods": [[20020,2],[20002,200]],
        "race_km": "",
        "open_level": "",
        "open_instance": "",
        "description": "念能力的考验！在天空竞技场证明自己！"
    },
    "53": {
        "id": 53,
        "name": "通关流星街“柯特の试炼”第5层",
        "next_id": "54",
        "type": 3,
        "sub_type": 76,
        "condition": 70005,
        "reward_goods": [[100047,1],[20002,200]],
        "race_km": "",
        "open_level": "",
        "open_instance": "",
        "description": "集齐卡片是所有猎人的梦想，也是实力提升的重要途径哦！"
    },
    "54": {
        "id": 54,
        "name": "队伍等级达到55级",
        "next_id": "55",
        "type": 3,
        "sub_type": 1,
        "condition": 55,
        "reward_goods": [[30452,1],[20002,200]],
        "race_km": "",
        "open_level": "",
        "open_instance": "",
        "description": "继续提升队伍等级，准备迎接全新的挑战吧！"
    },
    "55": {
        "id": 55,
        "name": "通关流星街“窝金の试炼”第20层",
        "next_id": "56",
        "type": 3,
        "sub_type": 69,
        "condition": 40020,
        "reward_goods": [[100030,1],[20002,250]],
        "race_km": "",
        "open_level": "",
        "open_instance": "",
        "description": "集齐卡片是所有猎人的梦想，也是实力提升的重要途径哦！"
    },
    "56": {
        "id": 56,
        "name": "通关流星街“玛琪の试炼”第20层",
        "next_id": "57",
        "type": 3,
        "sub_type": 70,
        "condition": 50020,
        "reward_goods": [[100037,1],[20002,250]],
        "race_km": "",
        "open_level": "",
        "open_instance": "",
        "description": "集齐卡片是所有猎人的梦想，也是实力提升的重要途径哦！"
    },
    "57": {
        "id": 57,
        "name": "通关流星街“库哔の试炼”第20层",
        "next_id": "58",
        "type": 3,
        "sub_type": 71,
        "condition": 60020,
        "reward_goods": [[100047,1],[20002,250]],
        "race_km": "",
        "open_level": "",
        "open_instance": "",
        "description": "集齐卡片是所有猎人的梦想，也是实力提升的重要途径哦！"
    },
    "58": {
        "id": 58,
        "name": "通关天空竞技场200层",
        "next_id": "59",
        "type": 3,
        "sub_type": 25,
        "condition": 200,
        "reward_goods": [[20021,1],[20002,250]],
        "race_km": "",
        "open_level": "",
        "open_instance": "",
        "description": "念能力的考验！在天空竞技场证明自己！"
    },
    "59": {
        "id": 59,
        "name": "队伍等级达到60级",
        "next_id": "60",
        "type": 3,
        "sub_type": 1,
        "condition": 60,
        "reward_goods": [[30452,1],[20002,300]],
        "race_km": "",
        "open_level": "",
        "open_instance": "",
        "description": "继续提升队伍等级，准备迎接全新的挑战吧！"
    },
    "60": {
        "id": 60,
        "name": "通关流星街“柯特の试炼”第10层",
        "next_id": "61",
        "type": 3,
        "sub_type": 76,
        "condition": 70010,
        "reward_goods": [[139009,1],[20002,300]],
        "race_km": "",
        "open_level": "",
        "open_instance": "",
        "description": "集齐卡片是所有猎人的梦想，也是实力提升的重要途径哦！"
    },
    "61": {
        "id": 61,
        "name": "通关天空竞技场250层",
        "next_id": "62",
        "type": 3,
        "sub_type": 25,
        "condition": 250,
        "reward_goods": [[20022,1],[20002,350]],
        "race_km": "",
        "open_level": "",
        "open_instance": "",
        "description": "念能力的考验！在天空竞技场证明自己！"
    },
    "62": {
        "id": 62,
        "name": "通关天空竞技场300层",
        "next_id": "63",
        "type": 3,
        "sub_type": 25,
        "condition": 300,
        "reward_goods": [[20022,1],[20002,500]],
        "race_km": "",
        "open_level": "",
        "open_instance": "",
        "description": "念能力的考验！在天空竞技场证明自己！"
    },
    "63": {
        "id": 63,
        "name": "通关天空竞技场350层",
        "next_id": "",
        "type": 3,
        "sub_type": 25,
        "condition": 350,
        "reward_goods": [[20022,1],[20002,500]],
        "race_km": "",
        "open_level": "",
        "open_instance": "",
        "description": "念能力的考验！在天空竞技场证明自己！"
    },
    "61101": {
        "id": 61101,
        "name": "向好友赠送1次体力",
        "next_id": "",
        "type": 6,
        "sub_type": 67,
        "condition": 1,
        "reward_goods": [[30003,3]],
        "race_km": "2",
        "open_level": "1",
        "open_instance": "0",
        "description": "向好友赠送1次体力"
    },
    "61102": {
        "id": 61102,
        "name": "消耗80000金币",
        "next_id": "",
        "type": 6,
        "sub_type": 18,
        "condition": 80000,
        "reward_goods": [[20001,36000]],
        "race_km": "6",
        "open_level": "1",
        "open_instance": "0",
        "description": "消耗80000金币"
    },
    "61103": {
        "id": 61103,
        "name": "通关流星街10次",
        "next_id": "",
        "type": 6,
        "sub_type": 39,
        "condition": 10,
        "reward_goods": [[20002,60]],
        "race_km": "9",
        "open_level": "18",
        "open_instance": "0",
        "description": "通关流星街10次"
    },
    "61201": {
        "id": 61201,
        "name": "完成5次探索任务",
        "next_id": "",
        "type": 6,
        "sub_type": 62,
        "condition": 5,
        "reward_goods": [[30003,3]],
        "race_km": "2",
        "open_level": "14",
        "open_instance": "0",
        "description": "完成5次探索任务"
    },
    "61202": {
        "id": 61202,
        "name": "在贪婪之岛采集10次果子",
        "next_id": "",
        "type": 6,
        "sub_type": 17,
        "condition": 10,
        "reward_goods": [[20001,36000]],
        "race_km": "6",
        "open_level": "16",
        "open_instance": "0",
        "description": "在贪婪之岛采集10次果子"
    },
    "61203": {
        "id": 61203,
        "name": "通关流星街10次",
        "next_id": "",
        "type": 6,
        "sub_type": 39,
        "condition": 10,
        "reward_goods": [[20002,60]],
        "race_km": "9",
        "open_level": "18",
        "open_instance": "0",
        "description": "通关流星街10次"
    },
    "61301": {
        "id": 61301,
        "name": "在贪婪之岛猜拳1次",
        "next_id": "",
        "type": 6,
        "sub_type": 58,
        "condition": 1,
        "reward_goods": [[30003,3]],
        "race_km": "2",
        "open_level": "16",
        "open_instance": "0",
        "description": "在贪婪之岛猜拳1次"
    },
    "61302": {
        "id": 61302,
        "name": "猎人升星1次",
        "next_id": "",
        "type": 6,
        "sub_type": 72,
        "condition": 1,
        "reward_goods": [[20001,36000]],
        "race_km": "6",
        "open_level": "0",
        "open_instance": "100009",
        "description": "猎人升星1次"
    },
    "61303": {
        "id": 61303,
        "name": "通关流星街10次",
        "next_id": "",
        "type": 6,
        "sub_type": 39,
        "condition": 10,
        "reward_goods": [[20002,60]],
        "race_km": "9",
        "open_level": "18",
        "open_instance": "0",
        "description": "通关流星街10次"
    },
    "61401": {
        "id": 61401,
        "name": "贪婪之岛果实兑换1次",
        "next_id": "",
        "type": 6,
        "sub_type": 45,
        "condition": 1,
        "reward_goods": [[30003,3]],
        "race_km": "2",
        "open_level": "16",
        "open_instance": "0",
        "description": "贪婪之岛果实兑换1次"
    },
    "61402": {
        "id": 61402,
        "name": "在贪婪之岛采集10次果子",
        "next_id": "",
        "type": 6,
        "sub_type": 17,
        "condition": 10,
        "reward_goods": [[20001,36000]],
        "race_km": "6",
        "open_level": "16",
        "open_instance": "0",
        "description": "在贪婪之岛采集10次果子"
    },
    "61403": {
        "id": 61403,
        "name": "通关流星街10次",
        "next_id": "",
        "type": 6,
        "sub_type": 39,
        "condition": 10,
        "reward_goods": [[20002,60]],
        "race_km": "9",
        "open_level": "18",
        "open_instance": "0",
        "description": "通关流星街10次"
    },
    "61501": {
        "id": 61501,
        "name": "公会捐献1次",
        "next_id": "",
        "type": 6,
        "sub_type": 27,
        "condition": 1,
        "reward_goods": [[30003,3]],
        "race_km": "2",
        "open_level": "12",
        "open_instance": "0",
        "description": "公会捐献1次"
    },
    "61502": {
        "id": 61502,
        "name": "格斗场战斗3次",
        "next_id": "",
        "type": 6,
        "sub_type": 35,
        "condition": 3,
        "reward_goods": [[20001,36000]],
        "race_km": "6",
        "open_level": "10",
        "open_instance": "0",
        "description": "格斗场战斗3次"
    },
    "61503": {
        "id": 61503,
        "name": "通关流星街10次",
        "next_id": "",
        "type": 6,
        "sub_type": 39,
        "condition": 10,
        "reward_goods": [[20002,60]],
        "race_km": "9",
        "open_level": "18",
        "open_instance": "0",
        "description": "通关流星街10次"
    },
    "61601": {
        "id": 61601,
        "name": "格斗商店购买1次商品",
        "next_id": "",
        "type": 6,
        "sub_type": 19,
        "condition": 1,
        "reward_goods": [[30003,3]],
        "race_km": "2",
        "open_level": "10",
        "open_instance": "0",
        "description": "格斗商店购买1次商品"
    },
    "61602": {
        "id": 61602,
        "name": "在贪婪之岛采集10次果子",
        "next_id": "",
        "type": 6,
        "sub_type": 17,
        "condition": 10,
        "reward_goods": [[20001,36000]],
        "race_km": "6",
        "open_level": "16",
        "open_instance": "0",
        "description": "在贪婪之岛采集10次果子"
    },
    "61603": {
        "id": 61603,
        "name": "通关流星街10次",
        "next_id": "",
        "type": 6,
        "sub_type": 39,
        "condition": 10,
        "reward_goods": [[20002,60]],
        "race_km": "9",
        "open_level": "18",
        "open_instance": "0",
        "description": "通关流星街10次"
    },
    "61701": {
        "id": 61701,
        "name": "购买1次体力",
        "next_id": "",
        "type": 6,
        "sub_type": 5,
        "condition": 1,
        "reward_goods": [[30003,3]],
        "race_km": "2",
        "open_level": "1",
        "open_instance": "0",
        "description": "购买1次体力"
    },
    "61702": {
        "id": 61702,
        "name": "消耗300钻石",
        "next_id": "",
        "type": 6,
        "sub_type": 16,
        "condition": 300,
        "reward_goods": [[20001,50000]],
        "race_km": "6",
        "open_level": "1",
        "open_instance": "0",
        "description": "消耗300钻石"
    },
    "61703": {
        "id": 61703,
        "name": "通关流星街10次",
        "next_id": "",
        "type": 6,
        "sub_type": 39,
        "condition": 10,
        "reward_goods": [[20002,60]],
        "race_km": "9",
        "open_level": "18",
        "open_instance": "0",
        "description": "通关流星街10次"
    },
    "62101": {
        "id": 62101,
        "name": "向好友赠送1次体力",
        "next_id": "",
        "type": 6,
        "sub_type": 67,
        "condition": 1,
        "reward_goods": [[30003,3]],
        "race_km": "2",
        "open_level": "1",
        "open_instance": "0",
        "description": "向好友赠送1次体力"
    },
    "62102": {
        "id": 62102,
        "name": "消耗300点体力",
        "next_id": "",
        "type": 6,
        "sub_type": 38,
        "condition": 300,
        "reward_goods": [[20001,36000]],
        "race_km": "6",
        "open_level": "1",
        "open_instance": "0",
        "description": "消耗300点体力"
    },
    "62103": {
        "id": 62103,
        "name": "在贪婪之岛采集10次果子",
        "next_id": "",
        "type": 6,
        "sub_type": 17,
        "condition": 10,
        "reward_goods": [[20002,60]],
        "race_km": "9",
        "open_level": "16",
        "open_instance": "0",
        "description": "在贪婪之岛采集10次果子"
    },
    "62201": {
        "id": 62201,
        "name": "完成5次探索任务",
        "next_id": "",
        "type": 6,
        "sub_type": 62,
        "condition": 5,
        "reward_goods": [[30003,3]],
        "race_km": "2",
        "open_level": "14",
        "open_instance": "0",
        "description": "完成5次探索任务"
    },
    "62202": {
        "id": 62202,
        "name": "通关流星街10次",
        "next_id": "",
        "type": 6,
        "sub_type": 39,
        "condition": 10,
        "reward_goods": [[20001,50000]],
        "race_km": "6",
        "open_level": "18",
        "open_instance": "0",
        "description": "通关流星街10次"
    },
    "62203": {
        "id": 62203,
        "name": "在贪婪之岛采集10次果子",
        "next_id": "",
        "type": 6,
        "sub_type": 17,
        "condition": 10,
        "reward_goods": [[20002,60]],
        "race_km": "9",
        "open_level": "16",
        "open_instance": "0",
        "description": "在贪婪之岛采集10次果子"
    },
    "62301": {
        "id": 62301,
        "name": "在贪婪之岛猜拳1次",
        "next_id": "",
        "type": 6,
        "sub_type": 58,
        "condition": 1,
        "reward_goods": [[30003,3]],
        "race_km": "2",
        "open_level": "16",
        "open_instance": "0",
        "description": "在贪婪之岛猜拳1次"
    },
    "62302": {
        "id": 62302,
        "name": "消耗300点体力",
        "next_id": "",
        "type": 6,
        "sub_type": 38,
        "condition": 300,
        "reward_goods": [[20001,36000]],
        "race_km": "6",
        "open_level": "1",
        "open_instance": "0",
        "description": "消耗300点体力"
    },
    "62303": {
        "id": 62303,
        "name": "在贪婪之岛采集10次果子",
        "next_id": "",
        "type": 6,
        "sub_type": 17,
        "condition": 10,
        "reward_goods": [[20002,60]],
        "race_km": "9",
        "open_level": "16",
        "open_instance": "0",
        "description": "在贪婪之岛采集10次果子"
    },
    "62401": {
        "id": 62401,
        "name": "贪婪之岛果实兑换1次",
        "next_id": "",
        "type": 6,
        "sub_type": 45,
        "condition": 1,
        "reward_goods": [[30003,3]],
        "race_km": "2",
        "open_level": "16",
        "open_instance": "0",
        "description": "贪婪之岛果实兑换1次"
    },
    "62402": {
        "id": 62402,
        "name": "通关流星街10次",
        "next_id": "",
        "type": 6,
        "sub_type": 39,
        "condition": 10,
        "reward_goods": [[20001,50000]],
        "race_km": "6",
        "open_level": "18",
        "open_instance": "0",
        "description": "通关流星街10次"
    },
    "62403": {
        "id": 62403,
        "name": "在贪婪之岛采集10次果子",
        "next_id": "",
        "type": 6,
        "sub_type": 17,
        "condition": 10,
        "reward_goods": [[20002,60]],
        "race_km": "9",
        "open_level": "16",
        "open_instance": "0",
        "description": "在贪婪之岛采集10次果子"
    },
    "62501": {
        "id": 62501,
        "name": "公会捐献1次",
        "next_id": "",
        "type": 6,
        "sub_type": 27,
        "condition": 1,
        "reward_goods": [[30003,3]],
        "race_km": "2",
        "open_level": "12",
        "open_instance": "0",
        "description": "公会捐献1次"
    },
    "62502": {
        "id": 62502,
        "name": "与玩家进行1次切磋",
        "next_id": "",
        "type": 6,
        "sub_type": 74,
        "condition": 1,
        "reward_goods": [[20001,36000]],
        "race_km": "6",
        "open_level": "1",
        "open_instance": "0",
        "description": "与玩家进行1次切磋"
    },
    "62503": {
        "id": 62503,
        "name": "在贪婪之岛采集10次果子",
        "next_id": "",
        "type": 6,
        "sub_type": 17,
        "condition": 10,
        "reward_goods": [[20002,60]],
        "race_km": "9",
        "open_level": "16",
        "open_instance": "0",
        "description": "在贪婪之岛采集10次果子"
    },
    "62601": {
        "id": 62601,
        "name": "公会商店购买1次商品",
        "next_id": "",
        "type": 6,
        "sub_type": 23,
        "condition": 1,
        "reward_goods": [[30003,3]],
        "race_km": "2",
        "open_level": "12",
        "open_instance": "0",
        "description": "公会商店购买1次商品"
    },
    "62602": {
        "id": 62602,
        "name": "通关流星街10次",
        "next_id": "",
        "type": 6,
        "sub_type": 39,
        "condition": 10,
        "reward_goods": [[20001,50000]],
        "race_km": "6",
        "open_level": "18",
        "open_instance": "0",
        "description": "通关流星街10次"
    },
    "62603": {
        "id": 62603,
        "name": "在贪婪之岛采集10次果子",
        "next_id": "",
        "type": 6,
        "sub_type": 17,
        "condition": 10,
        "reward_goods": [[20002,60]],
        "race_km": "9",
        "open_level": "16",
        "open_instance": "0",
        "description": "在贪婪之岛采集10次果子"
    },
    "62701": {
        "id": 62701,
        "name": "购买1次体力",
        "next_id": "",
        "type": 6,
        "sub_type": 5,
        "condition": 1,
        "reward_goods": [[30003,3]],
        "race_km": "2",
        "open_level": "1",
        "open_instance": "0",
        "description": "购买1次体力"
    },
    "62702": {
        "id": 62702,
        "name": "消耗300钻石",
        "next_id": "",
        "type": 6,
        "sub_type": 16,
        "condition": 300,
        "reward_goods": [[20001,50000]],
        "race_km": "6",
        "open_level": "1",
        "open_instance": "0",
        "description": "消耗300钻石"
    },
    "62703": {
        "id": 62703,
        "name": "在贪婪之岛采集10次果子",
        "next_id": "",
        "type": 6,
        "sub_type": 17,
        "condition": 10,
        "reward_goods": [[20002,60]],
        "race_km": "9",
        "open_level": "16",
        "open_instance": "0",
        "description": "在贪婪之岛采集10次果子"
    },
    "7075": {
        "id": 7075,
        "name": "收集88个宝石",
        "next_id": "",
        "type": 7,
        "sub_type": 75,
        "condition": 88,
        "reward_goods": [[20002,60]],
        "race_km": "",
        "open_level": "",
        "open_instance": "0",
        "description": "收集88个宝石"
    },
    "7018": {
        "id": 7018,
        "name": "使用100万金币",
        "next_id": "",
        "type": 7,
        "sub_type": 18,
        "condition": 1000000,
        "reward_goods": [[20002,200]],
        "race_km": "",
        "open_level": "",
        "open_instance": "0",
        "description": "使用100万金币"
    },
    "7038": {
        "id": 7038,
        "name": "使用2000点体力",
        "next_id": "",
        "type": 7,
        "sub_type": 38,
        "condition": 2000,
        "reward_goods": [[20002,200]],
        "race_km": "",
        "open_level": "",
        "open_instance": "0",
        "description": "使用2000点体力"
    }}