{
    "1": {
        "work_id": 1,
        "work_des": "护卫大人物"
    },
    "2": {
        "work_id": 2,
        "work_des": "调查不明生物"
    },
    "3": {
        "work_id": 3,
        "work_des": "发掘古代遗迹"
    },
    "4": {
        "work_id": 4,
        "work_des": "寻找神秘食材"
    },
    "5": {
        "work_id": 5,
        "work_des": "调查神秘海岛"
    },
    "6": {
        "work_id": 6,
        "work_des": "收集藏宝图"
    },
    "7": {
        "work_id": 7,
        "work_des": "寻找宝藏"
    },
    "8": {
        "work_id": 8,
        "work_des": "探索王族陵墓"
    },
    "9": {
        "work_id": 9,
        "work_des": "控制NGL疫情"
    },
    "10": {
        "work_id": 10,
        "work_des": "寻找珍兽"
    },
    "11": {
        "work_id": 11,
        "work_des": "探索森林秘境"
    },
    "12": {
        "work_id": 12,
        "work_des": "破解古代遗物"
    },
    "13": {
        "work_id": 13,
        "work_des": "探索魔境"
    },
    "14": {
        "work_id": 14,
        "work_des": "探索海底秘境"
    },
    "15": {
        "work_id": 15,
        "work_des": "驯服魔兽"
    }
}