{
    "100001": {
        "instance_id": 100001,
        "goods_ids": [],
        "goods_counts": [],
        "show_type": []
    },
    "100002": {
        "instance_id": 100002,
        "goods_ids": [],
        "goods_counts": [],
        "show_type": []
    },
    "100003": {
        "instance_id": 100003,
        "goods_ids": [],
        "goods_counts": [],
        "show_type": []
    },
    "100004": {
        "instance_id": 100004,
        "goods_ids": [],
        "goods_counts": [],
        "show_type": []
    },
    "100005": {
        "instance_id": 100005,
        "goods_ids": [],
        "goods_counts": [],
        "show_type": []
    },
    "100006": {
        "instance_id": 100006,
        "goods_ids": [],
        "goods_counts": [],
        "show_type": []
    },
    "100007": {
        "instance_id": 100007,
        "goods_ids": [10005],
        "goods_counts": [1],
        "show_type": [1]
    },
    "100008": {
        "instance_id": 100008,
        "goods_ids": [],
        "goods_counts": [],
        "show_type": []
    },
    "100009": {
        "instance_id": 100009,
        "goods_ids": [],
        "goods_counts": [],
        "show_type": []
    },
    "100010": {
        "instance_id": 100010,
        "goods_ids": [],
        "goods_counts": [],
        "show_type": []
    },
    "100011": {
        "instance_id": 100011,
        "goods_ids": [],
        "goods_counts": [],
        "show_type": []
    },
    "100012": {
        "instance_id": 100012,
        "goods_ids": [],
        "goods_counts": [],
        "show_type": []
    },
    "100013": {
        "instance_id": 100013,
        "goods_ids": [],
        "goods_counts": [],
        "show_type": []
    },
    "100014": {
        "instance_id": 100014,
        "goods_ids": [20002],
        "goods_counts": [100],
        "show_type": [1]
    },
    "100015": {
        "instance_id": 100015,
        "goods_ids": [],
        "goods_counts": [],
        "show_type": []
    },
    "100016": {
        "instance_id": 100016,
        "goods_ids": [],
        "goods_counts": [],
        "show_type": []
    },
    "100017": {
        "instance_id": 100017,
        "goods_ids": [],
        "goods_counts": [],
        "show_type": []
    },
    "100018": {
        "instance_id": 100018,
        "goods_ids": [],
        "goods_counts": [],
        "show_type": []
    },
    "100019": {
        "instance_id": 100019,
        "goods_ids": [],
        "goods_counts": [],
        "show_type": []
    },
    "100020": {
        "instance_id": 100020,
        "goods_ids": [],
        "goods_counts": [],
        "show_type": []
    },
    "100021": {
        "instance_id": 100021,
        "goods_ids": [10031],
        "goods_counts": [1],
        "show_type": [1]
    },
    "100022": {
        "instance_id": 100022,
        "goods_ids": [],
        "goods_counts": [],
        "show_type": []
    },
    "100023": {
        "instance_id": 100023,
        "goods_ids": [],
        "goods_counts": [],
        "show_type": []
    },
    "100024": {
        "instance_id": 100024,
        "goods_ids": [],
        "goods_counts": [],
        "show_type": []
    },
    "100025": {
        "instance_id": 100025,
        "goods_ids": [],
        "goods_counts": [],
        "show_type": []
    },
    "100026": {
        "instance_id": 100026,
        "goods_ids": [],
        "goods_counts": [],
        "show_type": []
    },
    "100027": {
        "instance_id": 100027,
        "goods_ids": [],
        "goods_counts": [],
        "show_type": []
    },
    "100028": {
        "instance_id": 100028,
        "goods_ids": [20002],
        "goods_counts": [100],
        "show_type": [1]
    },
    "100029": {
        "instance_id": 100029,
        "goods_ids": [],
        "goods_counts": [],
        "show_type": []
    },
    "100030": {
        "instance_id": 100030,
        "goods_ids": [],
        "goods_counts": [],
        "show_type": []
    },
    "100031": {
        "instance_id": 100031,
        "goods_ids": [],
        "goods_counts": [],
        "show_type": []
    },
    "100032": {
        "instance_id": 100032,
        "goods_ids": [],
        "goods_counts": [],
        "show_type": []
    },
    "100033": {
        "instance_id": 100033,
        "goods_ids": [],
        "goods_counts": [],
        "show_type": []
    },
    "100034": {
        "instance_id": 100034,
        "goods_ids": [],
        "goods_counts": [],
        "show_type": []
    },
    "100035": {
        "instance_id": 100035,
        "goods_ids": [20002],
        "goods_counts": [150],
        "show_type": [1]
    },
    "100036": {
        "instance_id": 100036,
        "goods_ids": [],
        "goods_counts": [],
        "show_type": []
    },
    "100037": {
        "instance_id": 100037,
        "goods_ids": [],
        "goods_counts": [],
        "show_type": []
    },
    "100038": {
        "instance_id": 100038,
        "goods_ids": [],
        "goods_counts": [],
        "show_type": []
    },
    "100039": {
        "instance_id": 100039,
        "goods_ids": [],
        "goods_counts": [],
        "show_type": []
    },
    "100040": {
        "instance_id": 100040,
        "goods_ids": [],
        "goods_counts": [],
        "show_type": []
    },
    "100041": {
        "instance_id": 100041,
        "goods_ids": [],
        "goods_counts": [],
        "show_type": []
    },
    "100042": {
        "instance_id": 100042,
        "goods_ids": [20002],
        "goods_counts": [150],
        "show_type": [1]
    },
    "100043": {
        "instance_id": 100043,
        "goods_ids": [],
        "goods_counts": [],
        "show_type": []
    },
    "100044": {
        "instance_id": 100044,
        "goods_ids": [],
        "goods_counts": [],
        "show_type": []
    },
    "100045": {
        "instance_id": 100045,
        "goods_ids": [],
        "goods_counts": [],
        "show_type": []
    },
    "100046": {
        "instance_id": 100046,
        "goods_ids": [],
        "goods_counts": [],
        "show_type": []
    },
    "100047": {
        "instance_id": 100047,
        "goods_ids": [],
        "goods_counts": [],
        "show_type": []
    },
    "100048": {
        "instance_id": 100048,
        "goods_ids": [],
        "goods_counts": [],
        "show_type": []
    },
    "100049": {
        "instance_id": 100049,
        "goods_ids": [20002],
        "goods_counts": [150],
        "show_type": [1]
    },
    "100050": {
        "instance_id": 100050,
        "goods_ids": [],
        "goods_counts": [],
        "show_type": []
    },
    "100051": {
        "instance_id": 100051,
        "goods_ids": [],
        "goods_counts": [],
        "show_type": []
    },
    "100052": {
        "instance_id": 100052,
        "goods_ids": [],
        "goods_counts": [],
        "show_type": []
    },
    "100053": {
        "instance_id": 100053,
        "goods_ids": [],
        "goods_counts": [],
        "show_type": []
    },
    "100054": {
        "instance_id": 100054,
        "goods_ids": [],
        "goods_counts": [],
        "show_type": []
    },
    "100055": {
        "instance_id": 100055,
        "goods_ids": [],
        "goods_counts": [],
        "show_type": []
    },
    "100056": {
        "instance_id": 100056,
        "goods_ids": [20002],
        "goods_counts": [200],
        "show_type": [1]
    },
    "100057": {
        "instance_id": 100057,
        "goods_ids": [],
        "goods_counts": [],
        "show_type": []
    },
    "100058": {
        "instance_id": 100058,
        "goods_ids": [],
        "goods_counts": [],
        "show_type": []
    },
    "100059": {
        "instance_id": 100059,
        "goods_ids": [],
        "goods_counts": [],
        "show_type": []
    },
    "100060": {
        "instance_id": 100060,
        "goods_ids": [],
        "goods_counts": [],
        "show_type": []
    },
    "100061": {
        "instance_id": 100061,
        "goods_ids": [],
        "goods_counts": [],
        "show_type": []
    },
    "100062": {
        "instance_id": 100062,
        "goods_ids": [],
        "goods_counts": [],
        "show_type": []
    },
    "100063": {
        "instance_id": 100063,
        "goods_ids": [20002],
        "goods_counts": [200],
        "show_type": [1]
    },
    "100064": {
        "instance_id": 100064,
        "goods_ids": [],
        "goods_counts": [],
        "show_type": []
    },
    "100065": {
        "instance_id": 100065,
        "goods_ids": [],
        "goods_counts": [],
        "show_type": []
    },
    "100066": {
        "instance_id": 100066,
        "goods_ids": [],
        "goods_counts": [],
        "show_type": []
    },
    "100067": {
        "instance_id": 100067,
        "goods_ids": [],
        "goods_counts": [],
        "show_type": []
    },
    "100068": {
        "instance_id": 100068,
        "goods_ids": [],
        "goods_counts": [],
        "show_type": []
    },
    "100069": {
        "instance_id": 100069,
        "goods_ids": [],
        "goods_counts": [],
        "show_type": []
    },
    "100070": {
        "instance_id": 100070,
        "goods_ids": [20002],
        "goods_counts": [200],
        "show_type": [1]
    },
    "100071": {
        "instance_id": 100071,
        "goods_ids": [],
        "goods_counts": [],
        "show_type": []
    },
    "100072": {
        "instance_id": 100072,
        "goods_ids": [],
        "goods_counts": [],
        "show_type": []
    },
    "100073": {
        "instance_id": 100073,
        "goods_ids": [],
        "goods_counts": [],
        "show_type": []
    },
    "100074": {
        "instance_id": 100074,
        "goods_ids": [],
        "goods_counts": [],
        "show_type": []
    },
    "100075": {
        "instance_id": 100075,
        "goods_ids": [],
        "goods_counts": [],
        "show_type": []
    },
    "100076": {
        "instance_id": 100076,
        "goods_ids": [],
        "goods_counts": [],
        "show_type": []
    },
    "100077": {
        "instance_id": 100077,
        "goods_ids": [20002],
        "goods_counts": [250],
        "show_type": [1]
    },
    "100078": {
        "instance_id": 100078,
        "goods_ids": [],
        "goods_counts": [],
        "show_type": []
    },
    "100079": {
        "instance_id": 100079,
        "goods_ids": [],
        "goods_counts": [],
        "show_type": []
    },
    "100080": {
        "instance_id": 100080,
        "goods_ids": [],
        "goods_counts": [],
        "show_type": []
    },
    "100081": {
        "instance_id": 100081,
        "goods_ids": [],
        "goods_counts": [],
        "show_type": []
    },
    "100082": {
        "instance_id": 100082,
        "goods_ids": [],
        "goods_counts": [],
        "show_type": []
    },
    "100083": {
        "instance_id": 100083,
        "goods_ids": [],
        "goods_counts": [],
        "show_type": []
    },
    "100084": {
        "instance_id": 100084,
        "goods_ids": [20002],
        "goods_counts": [250],
        "show_type": [1]
    },
    "100085": {
        "instance_id": 100085,
        "goods_ids": [],
        "goods_counts": [],
        "show_type": []
    },
    "100086": {
        "instance_id": 100086,
        "goods_ids": [],
        "goods_counts": [],
        "show_type": []
    },
    "100087": {
        "instance_id": 100087,
        "goods_ids": [],
        "goods_counts": [],
        "show_type": []
    },
    "100088": {
        "instance_id": 100088,
        "goods_ids": [],
        "goods_counts": [],
        "show_type": []
    },
    "100089": {
        "instance_id": 100089,
        "goods_ids": [],
        "goods_counts": [],
        "show_type": []
    },
    "100090": {
        "instance_id": 100090,
        "goods_ids": [],
        "goods_counts": [],
        "show_type": []
    },
    "100091": {
        "instance_id": 100091,
        "goods_ids": [20002],
        "goods_counts": [250],
        "show_type": [1]
    },
    "100092": {
        "instance_id": 100092,
        "goods_ids": [],
        "goods_counts": [],
        "show_type": []
    },
    "100093": {
        "instance_id": 100093,
        "goods_ids": [],
        "goods_counts": [],
        "show_type": []
    },
    "100094": {
        "instance_id": 100094,
        "goods_ids": [],
        "goods_counts": [],
        "show_type": []
    },
    "100095": {
        "instance_id": 100095,
        "goods_ids": [],
        "goods_counts": [],
        "show_type": []
    },
    "100096": {
        "instance_id": 100096,
        "goods_ids": [],
        "goods_counts": [],
        "show_type": []
    },
    "100097": {
        "instance_id": 100097,
        "goods_ids": [],
        "goods_counts": [],
        "show_type": []
    },
    "100098": {
        "instance_id": 100098,
        "goods_ids": [20002],
        "goods_counts": [300],
        "show_type": [1]
    },
    "100099": {
        "instance_id": 100099,
        "goods_ids": [],
        "goods_counts": [],
        "show_type": []
    },
    "100100": {
        "instance_id": 100100,
        "goods_ids": [],
        "goods_counts": [],
        "show_type": []
    },
    "100101": {
        "instance_id": 100101,
        "goods_ids": [],
        "goods_counts": [],
        "show_type": []
    },
    "100102": {
        "instance_id": 100102,
        "goods_ids": [],
        "goods_counts": [],
        "show_type": []
    },
    "100103": {
        "instance_id": 100103,
        "goods_ids": [],
        "goods_counts": [],
        "show_type": []
    },
    "100104": {
        "instance_id": 100104,
        "goods_ids": [],
        "goods_counts": [],
        "show_type": []
    },
    "100105": {
        "instance_id": 100105,
        "goods_ids": [20002],
        "goods_counts": [300],
        "show_type": [1]
    },
    "100106": {
        "instance_id": 100106,
        "goods_ids": [],
        "goods_counts": [],
        "show_type": []
    },
    "100107": {
        "instance_id": 100107,
        "goods_ids": [],
        "goods_counts": [],
        "show_type": []
    },
    "100108": {
        "instance_id": 100108,
        "goods_ids": [],
        "goods_counts": [],
        "show_type": []
    },
    "100109": {
        "instance_id": 100109,
        "goods_ids": [],
        "goods_counts": [],
        "show_type": []
    },
    "100110": {
        "instance_id": 100110,
        "goods_ids": [],
        "goods_counts": [],
        "show_type": []
    },
    "100111": {
        "instance_id": 100111,
        "goods_ids": [],
        "goods_counts": [],
        "show_type": []
    },
    "100112": {
        "instance_id": 100112,
        "goods_ids": [20002],
        "goods_counts": [300],
        "show_type": [1]
    },
    "100113": {
        "instance_id": 100113,
        "goods_ids": [],
        "goods_counts": [],
        "show_type": []
    },
    "100114": {
        "instance_id": 100114,
        "goods_ids": [],
        "goods_counts": [],
        "show_type": []
    },
    "100115": {
        "instance_id": 100115,
        "goods_ids": [],
        "goods_counts": [],
        "show_type": []
    },
    "100116": {
        "instance_id": 100116,
        "goods_ids": [],
        "goods_counts": [],
        "show_type": []
    },
    "100117": {
        "instance_id": 100117,
        "goods_ids": [],
        "goods_counts": [],
        "show_type": []
    },
    "100118": {
        "instance_id": 100118,
        "goods_ids": [],
        "goods_counts": [],
        "show_type": []
    },
    "100119": {
        "instance_id": 100119,
        "goods_ids": [20002],
        "goods_counts": [350],
        "show_type": [1]
    },
    "100120": {
        "instance_id": 100120,
        "goods_ids": [],
        "goods_counts": [],
        "show_type": []
    },
    "100121": {
        "instance_id": 100121,
        "goods_ids": [],
        "goods_counts": [],
        "show_type": []
    },
    "100122": {
        "instance_id": 100122,
        "goods_ids": [],
        "goods_counts": [],
        "show_type": []
    },
    "100123": {
        "instance_id": 100123,
        "goods_ids": [],
        "goods_counts": [],
        "show_type": []
    },
    "100124": {
        "instance_id": 100124,
        "goods_ids": [],
        "goods_counts": [],
        "show_type": []
    },
    "100125": {
        "instance_id": 100125,
        "goods_ids": [],
        "goods_counts": [],
        "show_type": []
    },
    "100126": {
        "instance_id": 100126,
        "goods_ids": [20002],
        "goods_counts": [350],
        "show_type": [1]
    },
    "100127": {
        "instance_id": 100127,
        "goods_ids": [],
        "goods_counts": [],
        "show_type": []
    },
    "100128": {
        "instance_id": 100128,
        "goods_ids": [],
        "goods_counts": [],
        "show_type": []
    },
    "100129": {
        "instance_id": 100129,
        "goods_ids": [],
        "goods_counts": [],
        "show_type": []
    },
    "100130": {
        "instance_id": 100130,
        "goods_ids": [],
        "goods_counts": [],
        "show_type": []
    },
    "100131": {
        "instance_id": 100131,
        "goods_ids": [],
        "goods_counts": [],
        "show_type": []
    },
    "100132": {
        "instance_id": 100132,
        "goods_ids": [],
        "goods_counts": [],
        "show_type": []
    },
    "100133": {
        "instance_id": 100133,
        "goods_ids": [20002],
        "goods_counts": [350],
        "show_type": [1]
    },
    "100134": {
        "instance_id": 100134,
        "goods_ids": [],
        "goods_counts": [],
        "show_type": []
    },
    "100135": {
        "instance_id": 100135,
        "goods_ids": [],
        "goods_counts": [],
        "show_type": []
    },
    "100136": {
        "instance_id": 100136,
        "goods_ids": [],
        "goods_counts": [],
        "show_type": []
    },
    "100137": {
        "instance_id": 100137,
        "goods_ids": [],
        "goods_counts": [],
        "show_type": []
    },
    "100138": {
        "instance_id": 100138,
        "goods_ids": [],
        "goods_counts": [],
        "show_type": []
    },
    "100139": {
        "instance_id": 100139,
        "goods_ids": [],
        "goods_counts": [],
        "show_type": []
    },
    "100140": {
        "instance_id": 100140,
        "goods_ids": [20002],
        "goods_counts": [400],
        "show_type": [1]
    },
    "100141": {
        "instance_id": 100141,
        "goods_ids": [],
        "goods_counts": [],
        "show_type": []
    },
    "100142": {
        "instance_id": 100142,
        "goods_ids": [],
        "goods_counts": [],
        "show_type": []
    },
    "100143": {
        "instance_id": 100143,
        "goods_ids": [],
        "goods_counts": [],
        "show_type": []
    },
    "100144": {
        "instance_id": 100144,
        "goods_ids": [],
        "goods_counts": [],
        "show_type": []
    },
    "100145": {
        "instance_id": 100145,
        "goods_ids": [],
        "goods_counts": [],
        "show_type": []
    },
    "100146": {
        "instance_id": 100146,
        "goods_ids": [],
        "goods_counts": [],
        "show_type": []
    },
    "100147": {
        "instance_id": 100147,
        "goods_ids": [],
        "goods_counts": [],
        "show_type": []
    },
    "100148": {
        "instance_id": 100148,
        "goods_ids": [],
        "goods_counts": [],
        "show_type": []
    },
    "100149": {
        "instance_id": 100149,
        "goods_ids": [],
        "goods_counts": [],
        "show_type": []
    },
    "100150": {
        "instance_id": 100150,
        "goods_ids": [],
        "goods_counts": [],
        "show_type": []
    },
    "100151": {
        "instance_id": 100151,
        "goods_ids": [],
        "goods_counts": [],
        "show_type": []
    },
    "100152": {
        "instance_id": 100152,
        "goods_ids": [139010],
        "goods_counts": [1],
        "show_type": [1]
    },
    "100153": {
        "instance_id": 100153,
        "goods_ids": [],
        "goods_counts": [],
        "show_type": []
    },
    "100154": {
        "instance_id": 100154,
        "goods_ids": [],
        "goods_counts": [],
        "show_type": []
    },
    "100155": {
        "instance_id": 100155,
        "goods_ids": [],
        "goods_counts": [],
        "show_type": []
    },
    "100156": {
        "instance_id": 100156,
        "goods_ids": [],
        "goods_counts": [],
        "show_type": []
    },
    "100157": {
        "instance_id": 100157,
        "goods_ids": [],
        "goods_counts": [],
        "show_type": []
    },
    "100158": {
        "instance_id": 100158,
        "goods_ids": [],
        "goods_counts": [],
        "show_type": []
    },
    "100159": {
        "instance_id": 100159,
        "goods_ids": [],
        "goods_counts": [],
        "show_type": []
    },
    "100160": {
        "instance_id": 100160,
        "goods_ids": [],
        "goods_counts": [],
        "show_type": []
    },
    "100161": {
        "instance_id": 100161,
        "goods_ids": [],
        "goods_counts": [],
        "show_type": []
    },
    "100162": {
        "instance_id": 100162,
        "goods_ids": [139010],
        "goods_counts": [1],
        "show_type": [1]
    },
    "100163": {
        "instance_id": 100163,
        "goods_ids": [],
        "goods_counts": [],
        "show_type": []
    },
    "100164": {
        "instance_id": 100164,
        "goods_ids": [],
        "goods_counts": [],
        "show_type": []
    },
    "100165": {
        "instance_id": 100165,
        "goods_ids": [],
        "goods_counts": [],
        "show_type": []
    },
    "100166": {
        "instance_id": 100166,
        "goods_ids": [],
        "goods_counts": [],
        "show_type": []
    },
    "100167": {
        "instance_id": 100167,
        "goods_ids": [],
        "goods_counts": [],
        "show_type": []
    },
    "100168": {
        "instance_id": 100168,
        "goods_ids": [],
        "goods_counts": [],
        "show_type": []
    },
    "100169": {
        "instance_id": 100169,
        "goods_ids": [],
        "goods_counts": [],
        "show_type": []
    },
    "100170": {
        "instance_id": 100170,
        "goods_ids": [],
        "goods_counts": [],
        "show_type": []
    },
    "100171": {
        "instance_id": 100171,
        "goods_ids": [],
        "goods_counts": [],
        "show_type": []
    },
    "100172": {
        "instance_id": 100172,
        "goods_ids": [139010],
        "goods_counts": [1],
        "show_type": [1]
    },
    "200001": {
        "instance_id": 200001,
        "goods_ids": [],
        "goods_counts": [],
        "show_type": []
    },
    "200002": {
        "instance_id": 200002,
        "goods_ids": [],
        "goods_counts": [],
        "show_type": []
    },
    "200003": {
        "instance_id": 200003,
        "goods_ids": [],
        "goods_counts": [],
        "show_type": []
    },
    "200004": {
        "instance_id": 200004,
        "goods_ids": [],
        "goods_counts": [],
        "show_type": []
    },
    "200005": {
        "instance_id": 200005,
        "goods_ids": [20002],
        "goods_counts": [100],
        "show_type": [1]
    },
    "200011": {
        "instance_id": 200011,
        "goods_ids": [],
        "goods_counts": [],
        "show_type": []
    },
    "200012": {
        "instance_id": 200012,
        "goods_ids": [],
        "goods_counts": [],
        "show_type": []
    },
    "200013": {
        "instance_id": 200013,
        "goods_ids": [],
        "goods_counts": [],
        "show_type": []
    },
    "200014": {
        "instance_id": 200014,
        "goods_ids": [],
        "goods_counts": [],
        "show_type": []
    },
    "200015": {
        "instance_id": 200015,
        "goods_ids": [139007],
        "goods_counts": [1],
        "show_type": [1]
    },
    "200021": {
        "instance_id": 200021,
        "goods_ids": [],
        "goods_counts": [],
        "show_type": []
    },
    "200022": {
        "instance_id": 200022,
        "goods_ids": [],
        "goods_counts": [],
        "show_type": []
    },
    "200023": {
        "instance_id": 200023,
        "goods_ids": [],
        "goods_counts": [],
        "show_type": []
    },
    "200024": {
        "instance_id": 200024,
        "goods_ids": [],
        "goods_counts": [],
        "show_type": []
    },
    "200025": {
        "instance_id": 200025,
        "goods_ids": [20002],
        "goods_counts": [150],
        "show_type": [1]
    },
    "200031": {
        "instance_id": 200031,
        "goods_ids": [],
        "goods_counts": [],
        "show_type": []
    },
    "200032": {
        "instance_id": 200032,
        "goods_ids": [],
        "goods_counts": [],
        "show_type": []
    },
    "200033": {
        "instance_id": 200033,
        "goods_ids": [],
        "goods_counts": [],
        "show_type": []
    },
    "200034": {
        "instance_id": 200034,
        "goods_ids": [],
        "goods_counts": [],
        "show_type": []
    },
    "200035": {
        "instance_id": 200035,
        "goods_ids": [20020],
        "goods_counts": [1],
        "show_type": [1]
    },
    "200041": {
        "instance_id": 200041,
        "goods_ids": [],
        "goods_counts": [],
        "show_type": []
    },
    "200042": {
        "instance_id": 200042,
        "goods_ids": [],
        "goods_counts": [],
        "show_type": []
    },
    "200043": {
        "instance_id": 200043,
        "goods_ids": [],
        "goods_counts": [],
        "show_type": []
    },
    "200044": {
        "instance_id": 200044,
        "goods_ids": [],
        "goods_counts": [],
        "show_type": []
    },
    "200045": {
        "instance_id": 200045,
        "goods_ids": [20020],
        "goods_counts": [1],
        "show_type": [1]
    },
    "200051": {
        "instance_id": 200051,
        "goods_ids": [],
        "goods_counts": [],
        "show_type": []
    },
    "200052": {
        "instance_id": 200052,
        "goods_ids": [],
        "goods_counts": [],
        "show_type": []
    },
    "200053": {
        "instance_id": 200053,
        "goods_ids": [],
        "goods_counts": [],
        "show_type": []
    },
    "200054": {
        "instance_id": 200054,
        "goods_ids": [],
        "goods_counts": [],
        "show_type": []
    },
    "200055": {
        "instance_id": 200055,
        "goods_ids": [20002],
        "goods_counts": [250],
        "show_type": [1]
    },
    "200061": {
        "instance_id": 200061,
        "goods_ids": [],
        "goods_counts": [],
        "show_type": []
    },
    "200062": {
        "instance_id": 200062,
        "goods_ids": [],
        "goods_counts": [],
        "show_type": []
    },
    "200063": {
        "instance_id": 200063,
        "goods_ids": [],
        "goods_counts": [],
        "show_type": []
    },
    "200064": {
        "instance_id": 200064,
        "goods_ids": [],
        "goods_counts": [],
        "show_type": []
    },
    "200065": {
        "instance_id": 200065,
        "goods_ids": [20002],
        "goods_counts": [250],
        "show_type": [1]
    },
    "200071": {
        "instance_id": 200071,
        "goods_ids": [],
        "goods_counts": [],
        "show_type": []
    },
    "200072": {
        "instance_id": 200072,
        "goods_ids": [],
        "goods_counts": [],
        "show_type": []
    },
    "200073": {
        "instance_id": 200073,
        "goods_ids": [],
        "goods_counts": [],
        "show_type": []
    },
    "200074": {
        "instance_id": 200074,
        "goods_ids": [],
        "goods_counts": [],
        "show_type": []
    },
    "200075": {
        "instance_id": 200075,
        "goods_ids": [20020],
        "goods_counts": [2],
        "show_type": [1]
    },
    "200081": {
        "instance_id": 200081,
        "goods_ids": [],
        "goods_counts": [],
        "show_type": []
    },
    "200082": {
        "instance_id": 200082,
        "goods_ids": [],
        "goods_counts": [],
        "show_type": []
    },
    "200083": {
        "instance_id": 200083,
        "goods_ids": [],
        "goods_counts": [],
        "show_type": []
    },
    "200084": {
        "instance_id": 200084,
        "goods_ids": [],
        "goods_counts": [],
        "show_type": []
    },
    "200085": {
        "instance_id": 200085,
        "goods_ids": [20020],
        "goods_counts": [2],
        "show_type": [1]
    },
    "200091": {
        "instance_id": 200091,
        "goods_ids": [],
        "goods_counts": [],
        "show_type": []
    },
    "200092": {
        "instance_id": 200092,
        "goods_ids": [],
        "goods_counts": [],
        "show_type": []
    },
    "200093": {
        "instance_id": 200093,
        "goods_ids": [],
        "goods_counts": [],
        "show_type": []
    },
    "200094": {
        "instance_id": 200094,
        "goods_ids": [],
        "goods_counts": [],
        "show_type": []
    },
    "200095": {
        "instance_id": 200095,
        "goods_ids": [10059],
        "goods_counts": [1],
        "show_type": [1]
    },
    "200101": {
        "instance_id": 200101,
        "goods_ids": [],
        "goods_counts": [],
        "show_type": []
    },
    "200102": {
        "instance_id": 200102,
        "goods_ids": [],
        "goods_counts": [],
        "show_type": []
    },
    "200103": {
        "instance_id": 200103,
        "goods_ids": [],
        "goods_counts": [],
        "show_type": []
    },
    "200104": {
        "instance_id": 200104,
        "goods_ids": [],
        "goods_counts": [],
        "show_type": []
    },
    "200105": {
        "instance_id": 200105,
        "goods_ids": [139008],
        "goods_counts": [1],
        "show_type": [1]
    },
    "200111": {
        "instance_id": 200111,
        "goods_ids": [],
        "goods_counts": [],
        "show_type": []
    },
    "200112": {
        "instance_id": 200112,
        "goods_ids": [],
        "goods_counts": [],
        "show_type": []
    },
    "200113": {
        "instance_id": 200113,
        "goods_ids": [],
        "goods_counts": [],
        "show_type": []
    },
    "200114": {
        "instance_id": 200114,
        "goods_ids": [],
        "goods_counts": [],
        "show_type": []
    },
    "200115": {
        "instance_id": 200115,
        "goods_ids": [139008],
        "goods_counts": [1],
        "show_type": [1]
    },
    "200121": {
        "instance_id": 200121,
        "goods_ids": [],
        "goods_counts": [],
        "show_type": []
    },
    "200122": {
        "instance_id": 200122,
        "goods_ids": [],
        "goods_counts": [],
        "show_type": []
    },
    "200123": {
        "instance_id": 200123,
        "goods_ids": [],
        "goods_counts": [],
        "show_type": []
    },
    "200124": {
        "instance_id": 200124,
        "goods_ids": [],
        "goods_counts": [],
        "show_type": []
    },
    "200125": {
        "instance_id": 200125,
        "goods_ids": [33050],
        "goods_counts": [100],
        "show_type": [1]
    },
    "200131": {
        "instance_id": 200131,
        "goods_ids": [],
        "goods_counts": [],
        "show_type": []
    },
    "200132": {
        "instance_id": 200132,
        "goods_ids": [],
        "goods_counts": [],
        "show_type": []
    },
    "200133": {
        "instance_id": 200133,
        "goods_ids": [],
        "goods_counts": [],
        "show_type": []
    },
    "200134": {
        "instance_id": 200134,
        "goods_ids": [],
        "goods_counts": [],
        "show_type": []
    },
    "200135": {
        "instance_id": 200135,
        "goods_ids": [33050],
        "goods_counts": [100],
        "show_type": [1]
    },
    "200141": {
        "instance_id": 200141,
        "goods_ids": [],
        "goods_counts": [],
        "show_type": []
    },
    "200142": {
        "instance_id": 200142,
        "goods_ids": [],
        "goods_counts": [],
        "show_type": []
    },
    "200143": {
        "instance_id": 200143,
        "goods_ids": [],
        "goods_counts": [],
        "show_type": []
    },
    "200144": {
        "instance_id": 200144,
        "goods_ids": [],
        "goods_counts": [],
        "show_type": []
    },
    "200145": {
        "instance_id": 200145,
        "goods_ids": [20021],
        "goods_counts": [1],
        "show_type": [1]
    },
    "200151": {
        "instance_id": 200151,
        "goods_ids": [],
        "goods_counts": [],
        "show_type": []
    },
    "200152": {
        "instance_id": 200152,
        "goods_ids": [],
        "goods_counts": [],
        "show_type": []
    },
    "200153": {
        "instance_id": 200153,
        "goods_ids": [],
        "goods_counts": [],
        "show_type": []
    },
    "200154": {
        "instance_id": 200154,
        "goods_ids": [],
        "goods_counts": [],
        "show_type": []
    },
    "200155": {
        "instance_id": 200155,
        "goods_ids": [20021],
        "goods_counts": [1],
        "show_type": [1]
    },
    "200161": {
        "instance_id": 200161,
        "goods_ids": [],
        "goods_counts": [],
        "show_type": []
    },
    "200162": {
        "instance_id": 200162,
        "goods_ids": [],
        "goods_counts": [],
        "show_type": []
    },
    "200163": {
        "instance_id": 200163,
        "goods_ids": [],
        "goods_counts": [],
        "show_type": []
    },
    "200164": {
        "instance_id": 200164,
        "goods_ids": [],
        "goods_counts": [],
        "show_type": []
    },
    "200165": {
        "instance_id": 200165,
        "goods_ids": [139010],
        "goods_counts": [1],
        "show_type": [1]
    },
    "200171": {
        "instance_id": 200171,
        "goods_ids": [],
        "goods_counts": [],
        "show_type": []
    },
    "200172": {
        "instance_id": 200172,
        "goods_ids": [],
        "goods_counts": [],
        "show_type": []
    },
    "200173": {
        "instance_id": 200173,
        "goods_ids": [],
        "goods_counts": [],
        "show_type": []
    },
    "200174": {
        "instance_id": 200174,
        "goods_ids": [],
        "goods_counts": [],
        "show_type": []
    },
    "200175": {
        "instance_id": 200175,
        "goods_ids": [139010],
        "goods_counts": [1],
        "show_type": [1]
    },
    "200181": {
        "instance_id": 200181,
        "goods_ids": [],
        "goods_counts": [],
        "show_type": []
    },
    "200182": {
        "instance_id": 200182,
        "goods_ids": [],
        "goods_counts": [],
        "show_type": []
    },
    "200183": {
        "instance_id": 200183,
        "goods_ids": [],
        "goods_counts": [],
        "show_type": []
    },
    "200184": {
        "instance_id": 200184,
        "goods_ids": [],
        "goods_counts": [],
        "show_type": []
    },
    "200185": {
        "instance_id": 200185,
        "goods_ids": [139009],
        "goods_counts": [1],
        "show_type": [1]
    },
    "200191": {
        "instance_id": 200191,
        "goods_ids": [],
        "goods_counts": [],
        "show_type": []
    },
    "200192": {
        "instance_id": 200192,
        "goods_ids": [],
        "goods_counts": [],
        "show_type": []
    },
    "200193": {
        "instance_id": 200193,
        "goods_ids": [],
        "goods_counts": [],
        "show_type": []
    },
    "200194": {
        "instance_id": 200194,
        "goods_ids": [],
        "goods_counts": [],
        "show_type": []
    },
    "200195": {
        "instance_id": 200195,
        "goods_ids": [139009],
        "goods_counts": [1],
        "show_type": [1]
    }}