{
    "40001": {
        "id": 40001,
        "name": "奇犽碎片",
        "quality": 4,
        "price": 3000,
        "drop_count": 3,
        "drop_time": 10,
        "overdue_time": "",
        "path": "hero_icon_head_wj_qiya_png",
        "des": "<text>收集30个可以召唤</text><color>r=254,g=34,b=236</color><text>A级</text><text>资质猎人</text><color>r=200,g=38,b=0</color><text>奇犽</text><text>。</text>",
        "from": "0|9|23",
        "red_tips": 0,
        "use_tips": 0
    },
    "40002": {
        "id": 40002,
        "name": "智喜碎片",
        "quality": 3,
        "price": 3000,
        "drop_count": 3,
        "drop_time": 10,
        "overdue_time": "",
        "path": "hero_icon_head_wj_zhixi_png",
        "des": "<text>收集10个可以召唤</text><color>r=122,g=250,b=255</color><text>B级</text><text>资质猎人</text><color>r=200,g=38,b=0</color><text>智喜</text><text>。</text>",
        "from": "0|9|24",
        "red_tips": 0,
        "use_tips": 0
    },
    "40003": {
        "id": 40003,
        "name": "小滴碎片",
        "quality": 4,
        "price": 3000,
        "drop_count": 3,
        "drop_time": 10,
        "overdue_time": "",
        "path": "hero_icon_head_wj_xiaodi_png",
        "des": "<text>收集30个可以召唤</text><color>r=254,g=34,b=236</color><text>A级</text><text>资质猎人</text><color>r=200,g=38,b=0</color><text>小滴</text><text>。</text>",
        "from": "0|9|24|37",
        "red_tips": 0,
        "use_tips": 0
    },
    "40004": {
        "id": 40004,
        "name": "伊尔谜碎片",
        "quality": 5,
        "price": 3000,
        "drop_count": 3,
        "drop_time": 10,
        "overdue_time": "",
        "path": "hero_icon_head_wj_yiermi_png",
        "des": "<text>收集60个可以召唤</text><color>r=254,g=149,b=13</color><text>S级</text><text>资质猎人</text><color>r=200,g=38,b=0</color><text>伊尔谜</text><text>。</text>",
        "from": "0|24",
        "red_tips": 0,
        "use_tips": 0
    },
    "40005": {
        "id": 40005,
        "name": "凯特碎片",
        "quality": 4,
        "price": 3000,
        "drop_count": 3,
        "drop_time": 10,
        "overdue_time": "",
        "path": "hero_icon_head_wj_kaite_png",
        "des": "<text>收集30个可以召唤</text><color>r=254,g=34,b=236</color><text>A级</text><text>资质猎人</text><color>r=200,g=38,b=0</color><text>凯特</text><text>。</text>",
        "from": "0|9|36",
        "red_tips": 0,
        "use_tips": 0
    },
    "40006": {
        "id": 40006,
        "name": "萨次碎片",
        "quality": 3,
        "price": 3000,
        "drop_count": 3,
        "drop_time": 10,
        "overdue_time": "",
        "path": "hero_icon_head_wj_saci_png",
        "des": "<text>收集10个可以召唤</text><color>r=122,g=250,b=255</color><text>B级</text><text>资质猎人</text><color>r=200,g=38,b=0</color><text>萨次</text><text>。</text>",
        "from": "0|9|24",
        "red_tips": 0,
        "use_tips": 0
    },
    "40007": {
        "id": 40007,
        "name": "窝金碎片",
        "quality": 4,
        "price": 3000,
        "drop_count": 3,
        "drop_time": 10,
        "overdue_time": "",
        "path": "hero_icon_head_wj_wojin_png",
        "des": "<text>收集30个可以召唤</text><color>r=254,g=34,b=236</color><text>A级</text><text>资质猎人</text><color>r=200,g=38,b=0</color><text>窝金</text><text>。</text>",
        "from": "0|9|24",
        "red_tips": 0,
        "use_tips": 0
    },
    "40008": {
        "id": 40008,
        "name": "半藏碎片",
        "quality": 3,
        "price": 3000,
        "drop_count": 3,
        "drop_time": 10,
        "overdue_time": "",
        "path": "hero_icon_head_wj_banzang_png",
        "des": "<text>收集10个可以召唤</text><color>r=122,g=250,b=255</color><text>B级</text><text>资质猎人</text><color>r=200,g=38,b=0</color><text>半藏</text><text>。</text>",
        "from": "0|9|24",
        "red_tips": 0,
        "use_tips": 0
    },
    "40009": {
        "id": 40009,
        "name": "卜哈次碎片",
        "quality": 3,
        "price": 3000,
        "drop_count": 3,
        "drop_time": 10,
        "overdue_time": "",
        "path": "hero_icon_wu_png",
        "des": "<text>收集10个可以召唤</text><color>r=122,g=250,b=255</color><text>B级</text><text>资质猎人</text><color>r=200,g=38,b=0</color><text>卜哈次</text><text>。</text>",
        "from": "0|9",
        "red_tips": 0,
        "use_tips": 0
    },
    "40010": {
        "id": 40010,
        "name": "东巴碎片",
        "quality": 3,
        "price": 3000,
        "drop_count": 3,
        "drop_time": 10,
        "overdue_time": "",
        "path": "hero_icon_head_wj_dongba_png",
        "des": "<text>收集10个可以召唤</text><color>r=122,g=250,b=255</color><text>B级</text><text>资质猎人</text><color>r=200,g=38,b=0</color><text>东巴</text><text>。</text>",
        "from": "0|9|24",
        "red_tips": 0,
        "use_tips": 0
    },
    "40011": {
        "id": 40011,
        "name": "飞坦碎片",
        "quality": 4,
        "price": 3000,
        "drop_count": 3,
        "drop_time": 10,
        "overdue_time": "",
        "path": "hero_icon_head_wj_feitan_png",
        "des": "<text>收集30个可以召唤</text><color>r=254,g=34,b=236</color><text>A级</text><text>资质猎人</text><color>r=200,g=38,b=0</color><text>飞坦</text><text>。</text>",
        "from": "0|9|24",
        "red_tips": 0,
        "use_tips": 0
    },
    "40012": {
        "id": 40012,
        "name": "芬克斯碎片",
        "quality": 4,
        "price": 3000,
        "drop_count": 3,
        "drop_time": 10,
        "overdue_time": "",
        "path": "hero_icon_head_wj_fenkesi_png",
        "des": "<text>收集30个可以召唤</text><color>r=254,g=34,b=236</color><text>A级</text><text>资质猎人</text><color>r=200,g=38,b=0</color><text>芬克斯</text><text>。</text>",
        "from": "0|9|24",
        "red_tips": 0,
        "use_tips": 0
    },
    "40013": {
        "id": 40013,
        "name": "富兰克林碎片",
        "quality": 5,
        "price": 3000,
        "drop_count": 3,
        "drop_time": 10,
        "overdue_time": "",
        "path": "hero_icon_head_wj_fulankelin_png",
        "des": "<text>收集60个可以召唤</text><color>r=254,g=149,b=13</color><text>S级</text><text>资质猎人</text><color>r=200,g=38,b=0</color><text>富兰克林</text><text>。</text>",
        "from": "0|9",
        "red_tips": 0,
        "use_tips": 0
    },
    "40014": {
        "id": 40014,
        "name": "华石斗郎碎片",
        "quality": 4,
        "price": 3000,
        "drop_count": 3,
        "drop_time": 10,
        "overdue_time": "",
        "path": "hero_icon_head_wj_huashidoulang_png",
        "des": "<text>收集30个可以召唤</text><color>r=254,g=34,b=236</color><text>A级</text><text>资质猎人</text><color>r=200,g=38,b=0</color><text>华石斗郎</text><text>。</text>",
        "from": "0|9|24",
        "red_tips": 0,
        "use_tips": 0
    },
    "40015": {
        "id": 40015,
        "name": "疾斗碎片",
        "quality": 3,
        "price": 3000,
        "drop_count": 3,
        "drop_time": 10,
        "overdue_time": "",
        "path": "hero_icon_head_wj_jidou_png",
        "des": "<text>收集10个可以召唤</text><color>r=122,g=250,b=255</color><text>B级</text><text>资质猎人</text><color>r=200,g=38,b=0</color><text>疾斗</text><text>。</text>",
        "from": "0|9|24",
        "red_tips": 0,
        "use_tips": 0
    },
    "40016": {
        "id": 40016,
        "name": "剥落裂夫碎片",
        "quality": 3,
        "price": 3000,
        "drop_count": 3,
        "drop_time": 10,
        "overdue_time": "",
        "path": "hero_icon_head_wj_boluoliefu_png",
        "des": "<text>收集10个可以召唤</text><color>r=122,g=250,b=255</color><text>B级</text><text>资质猎人</text><color>r=200,g=38,b=0</color><text>剥落裂夫</text><text>。</text>",
        "from": "0|9|24",
        "red_tips": 0,
        "use_tips": 0
    },
    "40017": {
        "id": 40017,
        "name": "库洛洛碎片",
        "quality": 5,
        "price": 3000,
        "drop_count": 3,
        "drop_time": 10,
        "overdue_time": "",
        "path": "hero_icon_head_wj_kuluoluo_png",
        "des": "<text>收集60个可以召唤</text><color>r=254,g=149,b=13</color><text>S级</text><text>资质猎人</text><color>r=200,g=38,b=0</color><text>库洛洛</text><text>。</text>",
        "from": "0|61",
        "red_tips": 0,
        "use_tips": 0
    },
    "40018": {
        "id": 40018,
        "name": "席巴碎片",
        "quality": 5,
        "price": 3000,
        "drop_count": 3,
        "drop_time": 10,
        "overdue_time": "",
        "path": "hero_icon_head_wj_xiba_png",
        "des": "<text>收集60个可以召唤</text><color>r=254,g=149,b=13</color><text>S级</text><text>资质猎人</text><color>r=200,g=38,b=0</color><text>席巴</text><text>。</text>",
        "from": "0|9",
        "red_tips": 0,
        "use_tips": 0
    },
    "40019": {
        "id": 40019,
        "name": "桀诺碎片",
        "quality": 5,
        "price": 3000,
        "drop_count": 3,
        "drop_time": 10,
        "overdue_time": "",
        "path": "hero_icon_head_wj_jienuo_png",
        "des": "<text>收集60个可以召唤</text><color>r=254,g=149,b=13</color><text>S级</text><text>资质猎人</text><color>r=200,g=38,b=0</color><text>桀诺</text><text>。</text>",
        "from": "0|9|24",
        "red_tips": 0,
        "use_tips": 0
    },
    "40020": {
        "id": 40020,
        "name": "柯特碎片",
        "quality": 5,
        "price": 3000,
        "drop_count": 3,
        "drop_time": 10,
        "overdue_time": "",
        "path": "hero_icon_head_wj_kete_png",
        "des": "<text>收集60个可以召唤</text><color>r=254,g=149,b=13</color><text>S级</text><text>资质猎人</text><color>r=200,g=38,b=0</color><text>柯特</text><text>。</text>",
        "from": "0|32",
        "red_tips": 0,
        "use_tips": 0
    },
    "40021": {
        "id": 40021,
        "name": "库哔碎片",
        "quality": 4,
        "price": 3000,
        "drop_count": 3,
        "drop_time": 10,
        "overdue_time": "",
        "path": "hero_icon_head_wj_kubi_png",
        "des": "<text>收集30个可以召唤</text><color>r=254,g=34,b=236</color><text>A级</text><text>资质猎人</text><color>r=200,g=38,b=0</color><text>库哔</text><text>。</text>",
        "from": "0|9|24",
        "red_tips": 0,
        "use_tips": 0
    },
    "40022": {
        "id": 40022,
        "name": "狸狈多碎片",
        "quality": 3,
        "price": 3000,
        "drop_count": 3,
        "drop_time": 10,
        "overdue_time": "",
        "path": "hero_icon_head_wj_libeiduo_png",
        "des": "<text>收集10个可以召唤</text><color>r=122,g=250,b=255</color><text>B级</text><text>资质猎人</text><color>r=200,g=38,b=0</color><text>狸狈多</text><text>。</text>",
        "from": "0|9|24",
        "red_tips": 0,
        "use_tips": 0
    },
    "40023": {
        "id": 40023,
        "name": "玛琪碎片",
        "quality": 4,
        "price": 3000,
        "drop_count": 3,
        "drop_time": 10,
        "overdue_time": "",
        "path": "hero_icon_head_wj_maqi_png",
        "des": "<text>收集30个可以召唤</text><color>r=254,g=34,b=236</color><text>A级</text><text>资质猎人</text><color>r=200,g=38,b=0</color><text>玛琪</text><text>。</text>",
        "from": "0|9",
        "red_tips": 0,
        "use_tips": 0
    },
    "40024": {
        "id": 40024,
        "name": "门琪碎片",
        "quality": 3,
        "price": 3000,
        "drop_count": 3,
        "drop_time": 10,
        "overdue_time": "",
        "path": "hero_icon_head_wj_menqi_png",
        "des": "<text>收集10个可以召唤</text><color>r=122,g=250,b=255</color><text>B级</text><text>资质猎人</text><color>r=200,g=38,b=0</color><text>门琪</text><text>。</text>",
        "from": "0|9|24",
        "red_tips": 0,
        "use_tips": 0
    },
    "40025": {
        "id": 40025,
        "name": "糜稽碎片",
        "quality": 3,
        "price": 3000,
        "drop_count": 3,
        "drop_time": 10,
        "overdue_time": "",
        "path": "hero_icon_head_wj_miji_png",
        "des": "<text>收集10个可以召唤</text><color>r=122,g=250,b=255</color><text>B级</text><text>资质猎人</text><color>r=200,g=38,b=0</color><text>糜稽</text><text>。</text>",
        "from": "0|9|24",
        "red_tips": 0,
        "use_tips": 0
    },
    "40026": {
        "id": 40026,
        "name": "派克诺妲碎片",
        "quality": 4,
        "price": 3000,
        "drop_count": 3,
        "drop_time": 10,
        "overdue_time": "",
        "path": "hero_icon_head_wj_paike_png",
        "des": "<text>收集30个可以召唤</text><color>r=254,g=34,b=236</color><text>A级</text><text>资质猎人</text><color>r=200,g=38,b=0</color><text>派克诺妲</text><text>。</text>",
        "from": "0|9",
        "red_tips": 0,
        "use_tips": 0
    },
    "40027": {
        "id": 40027,
        "name": "杀大索碎片",
        "quality": 3,
        "price": 3000,
        "drop_count": 3,
        "drop_time": 10,
        "overdue_time": "",
        "path": "hero_icon_head_wj_shadasuo_png",
        "des": "<text>收集10个可以召唤</text><color>r=122,g=250,b=255</color><text>B级</text><text>资质猎人</text><color>r=200,g=38,b=0</color><text>杀大索</text><text>。</text>",
        "from": "0|9|24",
        "red_tips": 0,
        "use_tips": 0
    },
    "40028": {
        "id": 40028,
        "name": "信长碎片",
        "quality": 5,
        "price": 3000,
        "drop_count": 3,
        "drop_time": 10,
        "overdue_time": "",
        "path": "hero_icon_head_wj_xinchang_png",
        "des": "<text>收集60个可以召唤</text><color>r=254,g=149,b=13</color><text>S级</text><text>资质猎人</text><color>r=200,g=38,b=0</color><text>信长</text><text>。</text>",
        "from": "0|9|25",
        "red_tips": 0,
        "use_tips": 0
    },
    "40029": {
        "id": 40029,
        "name": "云古碎片",
        "quality": 4,
        "price": 3000,
        "drop_count": 3,
        "drop_time": 10,
        "overdue_time": "",
        "path": "hero_icon_head_wj_yungu_png",
        "des": "<text>收集30个可以召唤</text><color>r=254,g=34,b=236</color><text>A级</text><text>资质猎人</text><color>r=200,g=38,b=0</color><text>云古</text><text>。</text>",
        "from": "0|9|24|32",
        "red_tips": 0,
        "use_tips": 0
    },
    "40030": {
        "id": 40030,
        "name": "侠客碎片",
        "quality": 4,
        "price": 3000,
        "drop_count": 3,
        "drop_time": 10,
        "overdue_time": "",
        "path": "hero_icon_head_wj_xiake_png",
        "des": "<text>收集30个可以召唤</text><color>r=254,g=34,b=236</color><text>A级</text><text>资质猎人</text><color>r=200,g=38,b=0</color><text>侠客</text><text>。</text>",
        "from": "0|9",
        "red_tips": 0,
        "use_tips": 0
    },
    "40031": {
        "id": 40031,
        "name": "雷欧力碎片",
        "quality": 4,
        "price": 3000,
        "drop_count": 3,
        "drop_time": 10,
        "overdue_time": "",
        "path": "hero_icon_head_wj_leiouli_png",
        "des": "<text>收集30个可以召唤</text><color>r=254,g=34,b=236</color><text>A级</text><text>资质猎人</text><color>r=200,g=38,b=0</color><text>雷欧力</text><text>。</text>",
        "from": "0|9",
        "red_tips": 0,
        "use_tips": 0
    },
    "40032": {
        "id": 40032,
        "name": "小杰碎片",
        "quality": 3,
        "price": 3000,
        "drop_count": 3,
        "drop_time": 10,
        "overdue_time": "",
        "path": "hero_icon_head_wj_xiaojie_png",
        "des": "<text>收集10个可以召唤</text><color>r=122,g=250,b=255</color><text>B级</text><text>资质猎人</text><color>r=200,g=38,b=0</color><text>小杰</text><text>。</text>",
        "from": "0|9|24",
        "red_tips": 0,
        "use_tips": 0
    },
    "40033": {
        "id": 40033,
        "name": "西索碎片",
        "quality": 5,
        "price": 3000,
        "drop_count": 3,
        "drop_time": 10,
        "overdue_time": "",
        "path": "hero_icon_head_wj_xisuo_png",
        "des": "<text>收集60个可以召唤</text><color>r=254,g=149,b=13</color><text>S级</text><text>资质猎人</text><color>r=200,g=38,b=0</color><text>西索</text><text>。</text>",
        "from": "0|24",
        "red_tips": 0,
        "use_tips": 0
    },
    "40034": {
        "id": 40034,
        "name": "酷拉皮卡碎片",
        "quality": 4,
        "price": 3000,
        "drop_count": 3,
        "drop_time": 10,
        "overdue_time": "",
        "path": "hero_icon_head_wj_kulapika_png",
        "des": "<text>收集30个可以召唤</text><color>r=254,g=34,b=236</color><text>A级</text><text>资质猎人</text><color>r=200,g=38,b=0</color><text>酷拉皮卡</text><text>。</text>",
        "from": "0|9|35",
        "red_tips": 0,
        "use_tips": 0
    },
    "40035": {
        "id": 40035,
        "name": "尼特罗碎片",
        "quality": 5,
        "price": 3000,
        "drop_count": 3,
        "drop_time": 10,
        "overdue_time": "",
        "path": "hero_icon_head_wj_huizhang_png",
        "des": "<text>收集60个可以召唤</text><color>r=254,g=149,b=13</color><text>S级</text><text>资质猎人</text><color>r=200,g=38,b=0</color><text>尼特罗</text><text>。</text>",
        "from": "0|24",
        "red_tips": 0,
        "use_tips": 0
    },
    "40036": {
        "id": 40036,
        "name": "王碎片",
        "quality": 5,
        "price": 3000,
        "drop_count": 3,
        "drop_time": 10,
        "overdue_time": "",
        "path": "hero_icon_head_wj_wang_png",
        "des": "<text>收集60个可以召唤</text><color>r=254,g=149,b=13</color><text>S级</text><text>资质猎人</text><color>r=200,g=38,b=0</color><text>王</text><text>。</text>",
        "from": "0|24",
        "red_tips": 0,
        "use_tips": 0
    },
    "40037": {
        "id": 40037,
        "name": "磊札碎片",
        "quality": 5,
        "price": 3000,
        "drop_count": 3,
        "drop_time": 10,
        "overdue_time": "",
        "path": "hero_icon_head_wj_leizha_png",
        "des": "<text>收集60个可以召唤</text><color>r=254,g=149,b=13</color><text>S级</text><text>资质猎人</text><color>r=200,g=38,b=0</color><text>磊札</text><text>。</text>",
        "from": "0|9|24",
        "red_tips": 0,
        "use_tips": 0
    },
    "40038": {
        "id": 40038,
        "name": "妮翁碎片",
        "quality": 3,
        "price": 3000,
        "drop_count": 3,
        "drop_time": 10,
        "overdue_time": "",
        "path": "hero_icon_head_wj_niweng_png",
        "des": "<text>收集10个可以召唤</text><color>r=122,g=250,b=255</color><text>B级</text><text>资质猎人</text><color>r=200,g=38,b=0</color><text>妮翁</text><text>。</text>",
        "from": "0|9|24",
        "red_tips": 0,
        "use_tips": 0
    },
    "40039": {
        "id": 40039,
        "name": "旋律碎片",
        "quality": 4,
        "price": 3000,
        "drop_count": 3,
        "drop_time": 10,
        "overdue_time": "",
        "path": "hero_icon_head_wj_xuanlv_png",
        "des": "<text>收集30个可以召唤</text><color>r=254,g=34,b=236</color><text>A级</text><text>资质猎人</text><color>r=200,g=38,b=0</color><text>旋律</text><text>。</text>",
        "from": "0|9",
        "red_tips": 0,
        "use_tips": 0
    },
    "40040": {
        "id": 40040,
        "name": "比丝姬碎片",
        "quality": 5,
        "price": 3000,
        "drop_count": 3,
        "drop_time": 10,
        "overdue_time": "",
        "path": "hero_icon_head_wj_bisiji_png",
        "des": "<text>收集60个可以召唤</text><color>r=254,g=149,b=13</color><text>S级</text><text>资质猎人</text><color>r=200,g=38,b=0</color><text>比丝姬</text><text>。</text>",
        "from": "0|9|24",
        "red_tips": 0,
        "use_tips": 0
    },
    "40041": {
        "id": 40041,
        "name": "甘舒碎片",
        "quality": 5,
        "price": 3000,
        "drop_count": 3,
        "drop_time": 10,
        "overdue_time": "",
        "path": "hero_icon_head_wj_ganshu_png",
        "des": "<text>收集60个可以召唤</text><color>r=254,g=149,b=13</color><text>S级</text><text>资质猎人</text><color>r=200,g=38,b=0</color><text>甘舒</text><text>。</text>",
        "from": "0|60",
        "red_tips": 0,
        "use_tips": 0
    },
    "40042": {
        "id": 40042,
        "name": "枭亚普夫碎片",
        "quality": 5,
        "price": 3000,
        "drop_count": 3,
        "drop_time": 10,
        "overdue_time": "",
        "path": "hero_icon_head_wj_hudie_png",
        "des": "<text>收集60个可以召唤</text><color>r=254,g=149,b=13</color><text>S级</text><text>资质猎人</text><color>r=200,g=38,b=0</color><text>枭亚普夫</text><text>。</text>",
        "from": "0|9|24",
        "red_tips": 0,
        "use_tips": 0
    },
    "40043": {
        "id": 40043,
        "name": "孟徒徒尤匹碎片",
        "quality": 5,
        "price": 3000,
        "drop_count": 3,
        "drop_time": 10,
        "overdue_time": "",
        "path": "hero_icon_head_wj_renma_png",
        "des": "<text>收集60个可以召唤</text><color>r=254,g=149,b=13</color><text>S级</text><text>资质猎人</text><color>r=200,g=38,b=0</color><text>孟徒徒尤匹</text><text>。</text>",
        "from": "0|9",
        "red_tips": 0,
        "use_tips": 0
    },
    "40044": {
        "id": 40044,
        "name": "尼飞彼多碎片",
        "quality": 5,
        "price": 3000,
        "drop_count": 3,
        "drop_time": 10,
        "overdue_time": "",
        "path": "hero_icon_head_wj_maonv_png",
        "des": "<text>收集60个可以召唤</text><color>r=254,g=149,b=13</color><text>S级</text><text>资质猎人</text><color>r=200,g=38,b=0</color><text>尼飞彼多</text><text>。</text>",
        "from": "0|9|38",
        "red_tips": 0,
        "use_tips": 0
    },
    "40045": {
        "id": 40045,
        "name": "幸运弩箭手碎片",
        "quality": 2,
        "price": 3000,
        "drop_count": 3,
        "drop_time": 10,
        "overdue_time": "",
        "path": "hero_icon_head_gw_anshazhe_png",
        "des": "<text>收集5个可以召唤</text><color>r=25,g=227,b=68</color><text>C级</text><text>资质猎人</text><color>r=200,g=38,b=0</color><text>幸运弩箭手</text><text>。</text>",
        "from": "0|9",
        "red_tips": 0,
        "use_tips": 0
    },
    "40046": {
        "id": 40046,
        "name": "单刀船长碎片",
        "quality": 2,
        "price": 3000,
        "drop_count": 3,
        "drop_time": 10,
        "overdue_time": "",
        "path": "hero_icon_head_gw_fuchuanzhang_png",
        "des": "<text>收集5个可以召唤</text><color>r=25,g=227,b=68</color><text>C级</text><text>资质猎人</text><color>r=200,g=38,b=0</color><text>单刀船长</text><text>。</text>",
        "from": "0|9",
        "red_tips": 0,
        "use_tips": 0
    },
    "40047": {
        "id": 40047,
        "name": "双棍打击者碎片",
        "quality": 2,
        "price": 3000,
        "drop_count": 3,
        "drop_time": 10,
        "overdue_time": "",
        "path": "hero_icon_head_gw_egun_png",
        "des": "<text>收集5个可以召唤</text><color>r=25,g=227,b=68</color><text>C级</text><text>资质猎人</text><color>r=200,g=38,b=0</color><text>双棍打击者</text><text>。</text>",
        "from": "0|9",
        "red_tips": 0,
        "use_tips": 0
    },
    "40048": {
        "id": 40048,
        "name": "双刀征战者碎片",
        "quality": 2,
        "price": 3000,
        "drop_count": 3,
        "drop_time": 10,
        "overdue_time": "",
        "path": "hero_icon_head_gw_fuchouzhe_png",
        "des": "<text>收集5个可以召唤</text><color>r=25,g=227,b=68</color><text>C级</text><text>资质猎人</text><color>r=200,g=38,b=0</color><text>双刀征战者</text><text>。</text>",
        "from": "0|9",
        "red_tips": 0,
        "use_tips": 0
    },
    "40049": {
        "id": 40049,
        "name": "尖刺豪猪碎片",
        "quality": 2,
        "price": 3000,
        "drop_count": 3,
        "drop_time": 10,
        "overdue_time": "",
        "path": "hero_icon_head_gw_haozhu_png",
        "des": "<text>收集5个可以召唤</text><color>r=25,g=227,b=68</color><text>C级</text><text>资质猎人</text><color>r=200,g=38,b=0</color><text>尖刺豪猪</text><text>。</text>",
        "from": "0|9",
        "red_tips": 0,
        "use_tips": 0
    },
    "40050": {
        "id": 40050,
        "name": "肥肥水手碎片",
        "quality": 2,
        "price": 3000,
        "drop_count": 3,
        "drop_time": 10,
        "overdue_time": "",
        "path": "hero_icon_head_gw_pangshuishou_png",
        "des": "<text>收集5个可以召唤</text><color>r=25,g=227,b=68</color><text>C级</text><text>资质猎人</text><color>r=200,g=38,b=0</color><text>肥肥水手</text><text>。</text>",
        "from": "0|9",
        "red_tips": 0,
        "use_tips": 0
    },
    "40051": {
        "id": 40051,
        "name": "爱心姐姐碎片",
        "quality": 2,
        "price": 3000,
        "drop_count": 3,
        "drop_time": 10,
        "overdue_time": "",
        "path": "hero_icon_head_gw_zhapianfan_png",
        "des": "<text>收集5个可以召唤</text><color>r=25,g=227,b=68</color><text>C级</text><text>资质猎人</text><color>r=200,g=38,b=0</color><text>爱心姐姐</text><text>。</text>",
        "from": "0|9",
        "red_tips": 0,
        "use_tips": 0
    },
    "40052": {
        "id": 40052,
        "name": "火焰猎手碎片",
        "quality": 2,
        "price": 3000,
        "drop_count": 3,
        "drop_time": 10,
        "overdue_time": "",
        "path": "hero_icon_head_gw_zonghuofan_png",
        "des": "<text>收集5个可以召唤</text><color>r=25,g=227,b=68</color><text>C级</text><text>资质猎人</text><color>r=200,g=38,b=0</color><text>火焰猎手</text><text>。</text>",
        "from": "0|9",
        "red_tips": 0,
        "use_tips": 0
    },
    "40053": {
        "id": 40053,
        "name": "梧桐碎片",
        "quality": 2,
        "price": 3000,
        "drop_count": 3,
        "drop_time": 10,
        "overdue_time": "",
        "path": "hero_icon_head_gw_heiyiren_png",
        "des": "<text>收集5个可以召唤</text><color>r=25,g=227,b=68</color><text>C级</text><text>资质猎人</text><color>r=200,g=38,b=0</color><text>梧桐</text><text>。</text>",
        "from": "0|9",
        "red_tips": 0,
        "use_tips": 0
    },
    "40054": {
        "id": 40054,
        "name": "卡娜莉亚碎片",
        "quality": 2,
        "price": 3000,
        "drop_count": 3,
        "drop_time": 10,
        "overdue_time": "",
        "path": "hero_icon_head_gw_jianxiguanjia_png",
        "des": "<text>收集5个可以召唤</text><color>r=25,g=227,b=68</color><text>C级</text><text>资质猎人</text><color>r=200,g=38,b=0</color><text>卡娜莉亚</text><text>。</text>",
        "from": "0|9",
        "red_tips": 0,
        "use_tips": 0
    },
    "40055": {
        "id": 40055,
        "name": "庞姆碎片",
        "quality": 4,
        "price": 3000,
        "drop_count": 3,
        "drop_time": 10,
        "overdue_time": "",
        "path": "hero_icon_head_wj_pangmu_png",
        "des": "<text>收集30个可以召唤</text><color>r=254,g=34,b=236</color><text>A级</text><text>资质猎人</text><color>r=200,g=38,b=0</color><text>庞姆</text><text>。</text>",
        "from": "0|9|24",
        "red_tips": 0,
        "use_tips": 0
    },
    "40056": {
        "id": 40056,
        "name": "小麦碎片",
        "quality": 4,
        "price": 3000,
        "drop_count": 3,
        "drop_time": 10,
        "overdue_time": "",
        "path": "hero_icon_head_wj_xiaomai_png",
        "des": "<text>收集30个可以召唤</text><color>r=254,g=34,b=236</color><text>A级</text><text>资质猎人</text><color>r=200,g=38,b=0</color><text>小麦</text><text>。</text>",
        "from": "0|9|24",
        "red_tips": 0,
        "use_tips": 0
    },
    "40057": {
        "id": 40057,
        "name": "二星蘑菇碎片",
        "quality": 2,
        "price": 3000,
        "drop_count": 3,
        "drop_time": 10,
        "overdue_time": "",
        "path": "hero_icon_head_gw_moguguai_png",
        "des": "<text>收集5个可以召唤</text><color>r=25,g=227,b=68</color><text>C级</text><text>资质猎人</text><color>r=200,g=38,b=0</color><text>泡泡蘑菇</text><text>。</text>",
        "from": "0|4|9|25",
        "red_tips": 0,
        "use_tips": 0
    },
    "40058": {
        "id": 40058,
        "name": "三星蘑菇碎片",
        "quality": 3,
        "price": 3000,
        "drop_count": 3,
        "drop_time": 10,
        "overdue_time": "",
        "path": "hero_icon_head_gw_moguguai_png",
        "des": "<text>收集10个可以召唤</text><color>r=122,g=250,b=255</color><text>B级</text><text>资质猎人</text><color>r=200,g=38,b=0</color><text>泡泡蘑菇</text><text>。</text>",
        "from": "0|9|25|7",
        "red_tips": 0,
        "use_tips": 0
    },
    "40059": {
        "id": 40059,
        "name": "四星蘑菇碎片",
        "quality": 4,
        "price": 3000,
        "drop_count": 3,
        "drop_time": 10,
        "overdue_time": "",
        "path": "hero_icon_head_gw_moguguai_png",
        "des": "<text>收集30个可以召唤</text><color>r=254,g=34,b=236</color><text>A级</text><text>资质猎人</text><color>r=200,g=38,b=0</color><text>泡泡蘑菇</text><text>。</text>",
        "from": "0|25",
        "red_tips": 0,
        "use_tips": 0
    },
    "40060": {
        "id": 40060,
        "name": "小杰·黑化碎片",
        "quality": 5,
        "price": 3000,
        "drop_count": 3,
        "drop_time": 10,
        "overdue_time": "",
        "path": "hero_icon_head_wj_heijie_png",
        "des": "<text>收集60个可以召唤</text><color>r=254,g=149,b=13</color><text>S级</text><text>资质猎人</text><color>r=200,g=38,b=0</color><text>小杰·黑化</text><text>。</text>",
        "from": "0|32",
        "red_tips": 0,
        "use_tips": 0
    },
    "40061": {
        "id": 40061,
        "name": "莫老五碎片",
        "quality": 5,
        "price": 3000,
        "drop_count": 3,
        "drop_time": 10,
        "overdue_time": "",
        "path": "hero_icon_head_wj_molaowu_png",
        "des": "<text>收集60个可以召唤</text><color>r=254,g=149,b=13</color><text>S级</text><text>资质猎人</text><color>r=200,g=38,b=0</color><text>莫老五</text><text>。</text>",
        "from": "0|9",
        "red_tips": 0,
        "use_tips": 0
    },
    "40062": {
        "id": 40062,
        "name": "火红眼碎片",
        "quality": 5,
        "price": 3000,
        "drop_count": 3,
        "drop_time": 10,
        "overdue_time": "",
        "path": "hero_icon_head_wj_hongyan_png",
        "des": "<text>收集60个可以召唤</text><color>r=254,g=149,b=13</color><text>S级</text><text>资质猎人</text><color>r=200,g=38,b=0</color><text>火红眼</text><text>。</text>",
        "from": "0|32",
        "red_tips": 0,
        "use_tips": 0
    },
    "40063": {
        "id": 40063,
        "name": "拿酷戮碎片",
        "quality": 4,
        "price": 3000,
        "drop_count": 3,
        "drop_time": 10,
        "overdue_time": "",
        "path": "hero_icon_head_wj_nakulu_png",
        "des": "<text>收集30个可以召唤</text><color>r=254,g=34,b=236</color><text>A级</text><text>资质猎人</text><color>r=200,g=38,b=0</color><text>拿酷戮</text><text>。</text>",
        "from": "0|9",
        "red_tips": 0,
        "use_tips": 0
    },
    "40064": {
        "id": 40064,
        "name": "梅雷翁碎片",
        "quality": 4,
        "price": 3000,
        "drop_count": 3,
        "drop_time": 10,
        "overdue_time": "",
        "path": "hero_icon_head_wj_meileiweng_png",
        "des": "<text>收集30个可以召唤</text><color>r=254,g=34,b=236</color><text>A级</text><text>资质猎人</text><color>r=200,g=38,b=0</color><text>梅雷翁</text><text>。</text>",
        "from": "0|9",
        "red_tips": 0,
        "use_tips": 0
    },
    "40065": {
        "id": 40065,
        "name": "亚路嘉碎片",
        "quality": 5,
        "price": 3000,
        "drop_count": 3,
        "drop_time": 10,
        "overdue_time": "",
        "path": "hero_icon_head_wj_yalujia_png",
        "des": "<text>收集60个可以召唤</text><color>r=254,g=149,b=13</color><text>S级</text><text>资质猎人</text><color>r=200,g=38,b=0</color><text>亚路嘉</text><text>。</text>",
        "from": "0|34",
        "red_tips": 0,
        "use_tips": 0
    },
    "40066": {
        "id": 40066,
        "name": "雷神奇犽碎片",
        "quality": 5,
        "price": 3000,
        "drop_count": 3,
        "drop_time": 10,
        "overdue_time": "",
        "path": "hero_icon_head_wj_leishenqiya_png",
        "des": "<text>收集60个可以召唤</text><color>r=254,g=149,b=13</color><text>S级</text><text>资质猎人</text><color>r=200,g=38,b=0</color><text>雷神奇犽</text><text>。</text>",
        "from": "0|32",
        "red_tips": 0,
        "use_tips": 0
    },
    "40067": {
        "id": 40067,
        "name": "金碎片",
        "quality": 5,
        "price": 3000,
        "drop_count": 3,
        "drop_time": 10,
        "overdue_time": "",
        "path": "hero_icon_head_wj_jin_png",
        "des": "<text>收集60个可以召唤</text><color>r=254,g=149,b=13</color><text>S级</text><text>资质猎人</text><color>r=200,g=38,b=0</color><text>金</text><text>。</text>",
        "from": "0|25",
        "red_tips": 0,
        "use_tips": 0
    },
    "40068": {
        "id": 40068,
        "name": "傀儡凯特碎片",
        "quality": 5,
        "price": 3000,
        "drop_count": 3,
        "drop_time": 10,
        "overdue_time": "",
        "path": "hero_icon_head_wj_sikai_png",
        "des": "<text>收集60个可以召唤</text><color>r=254,g=149,b=13</color><text>S级</text><text>资质猎人</text><color>r=200,g=38,b=0</color><text>傀儡凯特</text><text>。</text>",
        "from": "0|32",
        "red_tips": 0,
        "use_tips": 0
    },
    "40069": {
        "id": 40069,
        "name": "拿尼加碎片",
        "quality": 5,
        "price": 3000,
        "drop_count": 3,
        "drop_time": 10,
        "overdue_time": "",
        "path": "hero_icon_head_wj_nanijia_png",
        "des": "<text>收集60个可以召唤</text><color>r=254,g=149,b=13</color><text>S级</text><text>资质猎人</text><color>r=200,g=38,b=0</color><text>拿尼加</text><text>。</text>",
        "from": "0|8",
        "red_tips": 0,
        "use_tips": 0
    },
    "40070": {
        "id": 40070,
        "name": "蚁后碎片",
        "quality": 5,
        "price": 3000,
        "drop_count": 3,
        "drop_time": 10,
        "overdue_time": "",
        "path": "hero_icon_head_wj_yihou_png",
        "des": "<text>收集60个可以召唤</text><color>r=254,g=149,b=13</color><text>S级</text><text>资质猎人</text><color>r=200,g=38,b=0</color><text>蚁后</text><text>。</text>",
        "from": "0|25",
        "red_tips": 0,
        "use_tips": 0
    },
    "40071": {
        "id": 40071,
        "name": "暴走比丝姬碎片",
        "quality": 5,
        "price": 3000,
        "drop_count": 3,
        "drop_time": 10,
        "overdue_time": "",
        "path": "hero_icon_head_wj_bianshenbi_png",
        "des": "<text>收集60个可以召唤</text><color>r=254,g=149,b=13</color><text>S级</text><text>资质猎人</text><color>r=200,g=38,b=0</color><text>暴走比丝姬</text><text>。</text>",
        "from": "0|32",
        "red_tips": 0,
        "use_tips": 0
    },
    "40072": {
        "id": 40072,
        "name": "帕里斯通碎片",
        "quality": 5,
        "price": 3000,
        "drop_count": 3,
        "drop_time": 10,
        "overdue_time": "",
        "path": "hero_icon_head_wj_palisitong_png",
        "des": "<text>收集60个可以召唤</text><color>r=254,g=149,b=13</color><text>S级</text><text>资质猎人</text><color>r=200,g=38,b=0</color><text>帕里斯通</text><text>。</text>",
        "from": "0|24",
        "red_tips": 0,
        "use_tips": 0
    },
    "40073": {
        "id": 40073,
        "name": "银达碎片",
        "quality": 5,
        "price": 3000,
        "drop_count": 3,
        "drop_time": 10,
        "overdue_time": "",
        "path": "hero_icon_head_wj_yinda_png",
        "des": "<text>收集60个可以召唤</text><color>r=254,g=149,b=13</color><text>S级</text><text>资质猎人</text><color>r=200,g=38,b=0</color><text>银达</text><text>。</text>",
        "from": "0|9|24",
        "red_tips": 0,
        "use_tips": 0
    },
    "40074": {
        "id": 40074,
        "name": "五星蘑菇碎片",
        "quality": 5,
        "price": 3000,
        "drop_count": 3,
        "drop_time": 10,
        "overdue_time": "",
        "path": "hero_icon_head_gw_moguguai_png",
        "des": "<text>收集30个可以召唤</text><color>r=254,g=34,b=236</color><text>A级</text><text>资质猎人</text><color>r=200,g=38,b=0</color><text>泡泡蘑菇</text><text>。</text>",
        "from": "0|25",
        "red_tips": 0,
        "use_tips": 0
    },
    "40075": {
        "id": 40075,
        "name": "康宰碎片",
        "quality": 5,
        "price": 3000,
        "drop_count": 3,
        "drop_time": 10,
        "overdue_time": "",
        "path": "hero_icon_head_wj_kangzai_png",
        "des": "<text>收集60个可以召唤</text><color>r=254,g=149,b=13</color><text>S级</text><text>资质猎人</text><color>r=200,g=38,b=0</color><text>康宰</text><text>。</text>",
        "from": "9|25",
        "red_tips": 0,
        "use_tips": 0
    },
    "40076": {
        "id": 40076,
        "name": "皮约恩碎片",
        "quality": 5,
        "price": 3000,
        "drop_count": 3,
        "drop_time": 10,
        "overdue_time": "",
        "path": "hero_icon_head_wj_piyueen_png",
        "des": "<text>收集60个可以召唤</text><color>r=254,g=149,b=13</color><text>S级</text><text>资质猎人</text><color>r=200,g=38,b=0</color><text>皮约恩</text><text>。</text>",
        "from": "9|25",
        "red_tips": 0,
        "use_tips": 0
},
    "40077": {
        "id": 40077,
        "name": "米哉斯顿碎片",
        "quality": 5,
        "price": 3000,
        "drop_count": 3,
        "drop_time": 10,
        "overdue_time": "",
        "path": "hero_icon_head_wj_mizaisidun_png",
        "des": "<text>收集60个可以召唤</text><color>r=254,g=149,b=13</color><text>S级</text><text>资质猎人</text><color>r=200,g=38,b=0</color><text>米哉斯顿</text><text>。</text>",
        "from": "9|25",
        "red_tips": 0,
        "use_tips": 0
    }}
