{
    "101": {
        "chest_id": 101,
        "open_time": 6,
        "price": [0,0,30,60,100,150],
        "rand_item": [171011,171012,171013,171014,171015,171016],
        "client_good": [39001,38006,38003,37006,37002,37015,37011,37031,37023,37036,37027,37024],
        "path": ["ui_darkland_relic_IconBox1Nor_png","ui_darkland_relic_IconBox1Sel_png","ui_darkland_relic_IconBox1Dis_png"]
    },
    "102": {
        "chest_id": 102,
        "open_time": 6,
        "price": [0,0,30,60,100,150],
        "rand_item": [171021,171022,171023,171024,171025,171026],
        "client_good": [39002,38006,38003,37006,37002,37015,37011,37031,37023,37036,37027,37024],
        "path": ["ui_darkland_relic_IconBox2Nor_png","ui_darkland_relic_IconBox2Sel_png","ui_darkland_relic_IconBox2Dis_png"]
    },
    "103": {
        "chest_id": 103,
        "open_time": 6,
        "price": [0,0,30,60,100,150],
        "rand_item": [171031,171032,171033,171034,171035,171036],
        "client_good": [39003,38006,38003,37006,37002,37015,37011,37031,37023,37036,37027,37024],
        "path": ["ui_darkland_relic_IconBox3Nor_png","ui_darkland_relic_IconBox3Sel_png","ui_darkland_relic_IconBox3Dis_png"]
    },
    "104": {
        "chest_id": 104,
        "open_time": 6,
        "price": [0,0,30,60,100,150],
        "rand_item": [171041,171042,171043,171044,171045,171046],
        "client_good": [39004,38006,38003,37006,37002,37015,37011,37031,37023,37036,37027,37024],
        "path": ["ui_darkland_relic_IconBox4Nor_png","ui_darkland_relic_IconBox4Sel_png","ui_darkland_relic_IconBox4Dis_png"]
    },
    "105": {
        "chest_id": 105,
        "open_time": 6,
        "price": [0,0,30,60,100,150],
        "rand_item": [171051,171052,171053,171054,171055,171056],
        "client_good": [39005,38006,38003,37006,37002,37015,37011,37031,37023,37036,37027,37024],
        "path": ["ui_darkland_relic_IconBox5Nor_png","ui_darkland_relic_IconBox5Sel_png","ui_darkland_relic_IconBox5Dis_png"]
    },
    "201": {
        "chest_id": 201,
        "open_time": 6,
        "price": [0,0,30,60,100,150],
        "rand_item": [172011,172012,172013,172014,172015,172016],
        "client_good": [39001,38001,38005,37030,37007,37009,37039,37037,37035,37029,37026,37041,37040,37033,37028],
        "path": ["ui_darkland_relic_IconBox1Nor_png","ui_darkland_relic_IconBox1Sel_png","ui_darkland_relic_IconBox1Dis_png"]
    },
    "202": {
        "chest_id": 202,
        "open_time": 6,
        "price": [0,0,30,60,100,150],
        "rand_item": [172021,172022,172023,172024,172025,172026],
        "client_good": [39002,38001,38005,37030,37007,37009,37039,37037,37035,37029,37026,37041,37040,37033,37028],
        "path": ["ui_darkland_relic_IconBox2Nor_png","ui_darkland_relic_IconBox2Sel_png","ui_darkland_relic_IconBox2Dis_png"]
    },
    "203": {
        "chest_id": 203,
        "open_time": 6,
        "price": [0,0,30,60,100,150],
        "rand_item": [172031,172032,172033,172034,172035,172036],
        "client_good": [39003,38001,38005,37030,37007,37009,37039,37037,37035,37029,37026,37041,37040,37033,37028],
        "path": ["ui_darkland_relic_IconBox3Nor_png","ui_darkland_relic_IconBox3Sel_png","ui_darkland_relic_IconBox3Dis_png"]
    },
    "204": {
        "chest_id": 204,
        "open_time": 6,
        "price": [0,0,30,60,100,150],
        "rand_item": [172041,172042,172043,172044,172045,172046],
        "client_good": [39004,38001,38005,37030,37007,37009,37039,37037,37035,37029,37026,37041,37040,37033,37028],
        "path": ["ui_darkland_relic_IconBox4Nor_png","ui_darkland_relic_IconBox4Sel_png","ui_darkland_relic_IconBox4Dis_png"]
    },
    "205": {
        "chest_id": 205,
        "open_time": 6,
        "price": [0,0,30,60,100,150],
        "rand_item": [172051,172052,172053,172054,172055,172056],
        "client_good": [39005,38001,38005,37030,37007,37009,37039,37037,37035,37029,37026,37041,37040,37033,37028],
        "path": ["ui_darkland_relic_IconBox5Nor_png","ui_darkland_relic_IconBox5Sel_png","ui_darkland_relic_IconBox5Dis_png"]
    },
    "301": {
        "chest_id": 301,
        "open_time": 6,
        "price": [0,0,30,60,100,150],
        "rand_item": [173011,173012,173013,173014,173015,173016],
        "client_good": [39001,38002,38004,37016,37010,37008,37004,37042,37038,37032,37034,37043,37025],
        "path": ["ui_darkland_relic_IconBox1Nor_png","ui_darkland_relic_IconBox1Sel_png","ui_darkland_relic_IconBox1Dis_png"]
    },
    "302": {
        "chest_id": 302,
        "open_time": 6,
        "price": [0,0,30,60,100,150],
        "rand_item": [173021,173022,173023,173024,173025,173026],
        "client_good": [39002,38002,38004,37016,37010,37008,37004,37042,37038,37032,37034,37043,37025],
        "path": ["ui_darkland_relic_IconBox2Nor_png","ui_darkland_relic_IconBox2Sel_png","ui_darkland_relic_IconBox2Dis_png"]
    },
    "303": {
        "chest_id": 303,
        "open_time": 6,
        "price": [0,0,30,60,100,150],
        "rand_item": [173031,173032,173033,173034,173035,173036],
        "client_good": [39003,38002,38004,37016,37010,37008,37004,37042,37038,37032,37034,37043,37025],
        "path": ["ui_darkland_relic_IconBox3Nor_png","ui_darkland_relic_IconBox3Sel_png","ui_darkland_relic_IconBox3Dis_png"]
    },
    "304": {
        "chest_id": 304,
        "open_time": 6,
        "price": [0,0,30,60,100,150],
        "rand_item": [173041,173042,173043,173044,173045,173046],
        "client_good": [39004,38002,38004,37016,37010,37008,37004,37042,37038,37032,37034,37043,37025],
        "path": ["ui_darkland_relic_IconBox4Nor_png","ui_darkland_relic_IconBox4Sel_png","ui_darkland_relic_IconBox4Dis_png"]
    },
    "305": {
        "chest_id": 305,
        "open_time": 6,
        "price": [0,0,30,60,100,150],
        "rand_item": [173051,173052,173053,173054,173055,173056],
        "client_good": [39005,38002,38004,37016,37010,37008,37004,37042,37038,37032,37034,37043,37025],
        "path": ["ui_darkland_relic_IconBox5Nor_png","ui_darkland_relic_IconBox5Sel_png","ui_darkland_relic_IconBox5Dis_png"]
    }}
