{
    "1": {
        "dayIndex": 1,
        "reward_goods": [20002,20020,20003,20001],
        "reward_count": [100,1,50,20000],
        "show_type": [1,1,0,0]
    },
    "2": {
        "dayIndex": 2,
        "reward_goods": [10034,20020,20003,20001],
        "reward_count": [1,1,50,20000],
        "show_type": [1,1,0,0]
    },
    "3": {
        "dayIndex": 3,
        "reward_goods": [180034,20020,20003,20001],
        "reward_count": [1,1,50,50000],
        "show_type": [1,1,0,0]
    },
    "4": {
        "dayIndex": 4,
        "reward_goods": [10059,20020,20003,20001],
        "reward_count": [1,1,100,50000],
        "show_type": [1,1,0,0]
    },
    "5": {
        "dayIndex": 5,
        "reward_goods": [20002,20020,20003,20001],
        "reward_count": [300,1,100,80000],
        "show_type": [1,1,0,0]
    },
    "6": {
        "dayIndex": 6,
        "reward_goods": [139010,20020,20003,20001],
        "reward_count": [1,1,100,80000],
        "show_type": [1,1,0,0]
    },
    "7": {
        "dayIndex": 7,
        "reward_goods": [20022,20020,20003,20001],
        "reward_count": [1,1,100,100000],
        "show_type": [1,1,0,0]
    }}