{
    "1": {
        "id": 1,
        "reward_goods": [31102,20001,30003],
        "reward_count": [2,50000,5]
    },
    "2": {
        "id": 2,
        "reward_goods": [10058,20001,30003],
        "reward_count": [1,80000,5]
    },
    "3": {
        "id": 3,
        "reward_goods": [20020,20001,30003],
        "reward_count": [2,110000,5]
    },
    "4": {
        "id": 4,
        "reward_goods": [139007,20001,30003],
        "reward_count": [1,140000,7]
    },
    "5": {
        "id": 5,
        "reward_goods": [31102,20001,30003],
        "reward_count": [3,170000,7]
    },
    "6": {
        "id": 6,
        "reward_goods": [30452,20001,30003],
        "reward_count": [1,200000,7]
    },
    "7": {
        "id": 7,
        "reward_goods": [139008,20001,30003],
        "reward_count": [1,230000,10]
    },
    "8": {
        "id": 8,
        "reward_goods": [10059,20001,30003],
        "reward_count": [1,260000,10]
    },
    "9": {
        "id": 9,
        "reward_goods": [30453,20001,30003],
        "reward_count": [1,290000,10]
    },
    "10": {
        "id": 10,
        "reward_goods": [31102,20001,30003],
        "reward_count": [5,320000,15]
    },
    "11": {
        "id": 11,
        "reward_goods": [20024,20001,30003],
        "reward_count": [2,350000,15]
    },
    "12": {
        "id": 12,
        "reward_goods": [30506,20001,30003],
        "reward_count": [15,380000,15]
    },
    "13": {
        "id": 13,
        "reward_goods": [20021,20001,30003],
        "reward_count": [1,410000,20]
    },
    "14": {
        "id": 14,
        "reward_goods": [138005,20001,30003],
        "reward_count": [1,450000,20]
    },
    "15": {
        "id": 15,
        "reward_goods": [31102,20001,30003],
        "reward_count": [10,500000,20]
    }}