{
    "1": {
        "instance_id": 1,
        "name": "老鼠1",
        "open_instance": 100001,
        "open_level": 20,
        "instance_stage": [140101,140102],
        "reward_goods": [[190005,1]],
        "battle_value": 6000,
        "battle_bg": 8,
        "feature": [408,1125,1139],
        "boss_roleId": 1113,
        "instance_pic1": "ui_instance_infoicon_IconElite_ac_1_1_png",
        "instance_pic2": "ui_instance_infoicon_IconInstanceInfomation_ac1_png"
    },
    "2": {
        "instance_id": 2,
        "name": "老鼠2",
        "open_instance": 100002,
        "open_level": 20,
        "instance_stage": [140103,140104],
        "reward_goods": [[190005,2]],
        "battle_value": 6300,
        "battle_bg": 8,
        "feature": [408,1125,1139],
        "boss_roleId": 1,
        "instance_pic1": "ui_instance_infoicon_IconElite_ac_1_2_png",
        "instance_pic2": "ui_instance_infoicon_IconInstanceInfomation_ac1_png"
    },
    "3": {
        "instance_id": 3,
        "name": "老鼠3",
        "open_instance": 100003,
        "open_level": 20,
        "instance_stage": [140105,140106],
        "reward_goods": [[190005,3]],
        "battle_value": 6600,
        "battle_bg": 8,
        "feature": [408,1125,1139],
        "boss_roleId": 34,
        "instance_pic1": "ui_instance_infoicon_IconElite_ac_1_3_png",
        "instance_pic2": "cui_instance_infoicon_IconInstanceInfomation_ac1_png"
    },
    "4": {
        "instance_id": 4,
        "name": "老鼠4",
        "open_instance": 100004,
        "open_level": 20,
        "instance_stage": [140107,140108],
        "reward_goods": [[190005,4]],
        "battle_value": 6900,
        "battle_bg": 8,
        "feature": [408,1125,1139],
        "boss_roleId": 31,
        "instance_pic1": "ui_instance_infoicon_IconElite_ac_1_4_png",
        "instance_pic2": "ui_instance_infoicon_IconInstanceInfomation_ac1_png"
    },
    "5": {
        "instance_id": 5,
        "name": "老鼠5",
        "open_instance": 100005,
        "open_level": 20,
        "instance_stage": [140109,140110],
        "reward_goods": [[190005,5]],
        "battle_value": 7200,
        "battle_bg": 8,
        "feature": [408,1125,1139],
        "boss_roleId": 5,
        "instance_pic1": "ui_instance_infoicon_IconElite_ac_1_5_png",
        "instance_pic2": "ui_instance_infoicon_IconInstanceInfomation_ac1_png"
    }}