{
    "101406": {
        "stat_id": 101406,
        "name": "初级生命",
        "is_battle": 0,
        "battle_value": 0,
        "battle_bg": 9,
        "quality": 1,
        "consume_goods": [40001,40005],
        "consume_count": [5,5],
        "assist_items": [20001],
        "rand_power": [100,100],
        "path": "ui_acitivity_special_getpower_Icon1_png",
        "path_open": "ui_hunter_UpStar0_1_png",
        "general_hp": 1709,
        "general_atk": 0,
        "general_def": 0,
        "atk_crit": 0,
        "crit_extra": 0,
        "dodge_rate": 0,
        "hit_rate": 0,
        "ignore_phyDef": 0,
        "rage_reduce": 0,
        "universal_resistance": 0,
        "ignore_resistance": 0,
        "float_resistance": 0,
        "cd_speed": 0,
        "support_consume": 0,
        "general_atk_all": 0,
        "general_def_all": 0,
        "all_crit": 0,
        "ignore_def_all": 0,
        "skill_atk": 0,
        "skill_def": 0,
        "skill_crit": 0,
        "crit_resistance": 0,
        "final_extra": 0,
        "final_reduce": 0,
        "ignore_magicDef": 0
    },
    "101306": {
        "stat_id": 101306,
        "name": "初级闪避",
        "is_battle": 0,
        "battle_value": 0,
        "battle_bg": 6,
        "quality": 2,
        "consume_goods": [40001,40018],
        "consume_count": [5,5],
        "assist_items": [20001],
        "rand_power": [75,100],
        "path": "ui_frame_FrameCardIcon7_png",
        "path_open": "ui_instance_infoicon_IconElite10_7_png",
        "general_hp": 0,
        "general_atk": 0,
        "general_def": 0,
        "atk_crit": 0,
        "crit_extra": 0,
        "dodge_rate": 513,
        "hit_rate": 0,
        "ignore_phyDef": 0,
        "rage_reduce": 0,
        "universal_resistance": 0,
        "ignore_resistance": 0,
        "float_resistance": 0,
        "cd_speed": 0,
        "support_consume": 0,
        "general_atk_all": 0,
        "general_def_all": 0,
        "all_crit": 0,
        "ignore_def_all": 0,
        "skill_atk": 0,
        "skill_def": 0,
        "skill_crit": 0,
        "crit_resistance": 0,
        "final_extra": 0,
        "final_reduce": 0,
        "ignore_magicDef": 0
    },
    "101405": {
        "stat_id": 101405,
        "name": "初级暴击",
        "is_battle": 0,
        "battle_value": 0,
        "battle_bg": 8,
        "quality": 2,
        "consume_goods": [40005,40019],
        "consume_count": [5,5],
        "assist_items": [20001],
        "rand_power": [75,100],
        "path": "ui_acitivity_special_getpower_Icon6_png",
        "path_open": "ui_instance_infoicon_IconElite10_6_png",
        "general_hp": 0,
        "general_atk": 0,
        "general_def": 0,
        "atk_crit": 0,
        "crit_extra": 0,
        "dodge_rate": 0,
        "hit_rate": 0,
        "ignore_phyDef": 0,
        "rage_reduce": 0,
        "universal_resistance": 0,
        "ignore_resistance": 0,
        "float_resistance": 0,
        "cd_speed": 0,
        "support_consume": 0,
        "general_atk_all": 0,
        "general_def_all": 0,
        "all_crit": 641,
        "ignore_def_all": 0,
        "skill_atk": 0,
        "skill_def": 0,
        "skill_crit": 0,
        "crit_resistance": 0,
        "final_extra": 0,
        "final_reduce": 0,
        "ignore_magicDef": 0
    },
    "101407": {
        "stat_id": 101407,
        "name": "初级命中",
        "is_battle": 0,
        "battle_value": 0,
        "battle_bg": 6,
        "quality": 2,
        "consume_goods": [40001,40003],
        "consume_count": [5,5],
        "assist_items": [20001],
        "rand_power": [75,100],
        "path": "ui_frame_FrameCardIcon8_png",
        "path_open": "card_005shenyindongxueS_8_png",
        "general_hp": 0,
        "general_atk": 0,
        "general_def": 0,
        "atk_crit": 0,
        "crit_extra": 0,
        "dodge_rate": 0,
        "hit_rate": 641,
        "ignore_phyDef": 0,
        "rage_reduce": 0,
        "universal_resistance": 0,
        "ignore_resistance": 0,
        "float_resistance": 0,
        "cd_speed": 0,
        "support_consume": 0,
        "general_atk_all": 0,
        "general_def_all": 0,
        "all_crit": 0,
        "ignore_def_all": 0,
        "skill_atk": 0,
        "skill_def": 0,
        "skill_crit": 0,
        "crit_resistance": 0,
        "final_extra": 0,
        "final_reduce": 0,
        "ignore_magicDef": 0
    },
    "101506": {
        "stat_id": 101506,
        "name": "初级暴抗",
        "is_battle": 0,
        "battle_value": 0,
        "battle_bg": 4,
        "quality": 2,
        "consume_goods": [40005,40015],
        "consume_count": [5,5],
        "assist_items": [20001],
        "rand_power": [75,100],
        "path": "ui_acitivity_special_getpower_Icon4_png",
        "path_open": "ui_instance_infoicon_IconElite10_4_png",
        "general_hp": 0,
        "general_atk": 0,
        "general_def": 0,
        "atk_crit": 0,
        "crit_extra": 0,
        "dodge_rate": 0,
        "hit_rate": 0,
        "ignore_phyDef": 0,
        "rage_reduce": 0,
        "universal_resistance": 0,
        "ignore_resistance": 0,
        "float_resistance": 0,
        "cd_speed": 0,
        "support_consume": 0,
        "general_atk_all": 0,
        "general_def_all": 0,
        "all_crit": 0,
        "ignore_def_all": 0,
        "skill_atk": 0,
        "skill_def": 0,
        "skill_crit": 0,
        "crit_resistance": 513,
        "final_extra": 0,
        "final_reduce": 0,
        "ignore_magicDef": 0
    },
    "101404": {
        "stat_id": 101404,
        "name": "初级攻击",
        "is_battle": 8000303,
        "battle_value": 1491762,
        "battle_bg": 5,
        "quality": 3,
        "consume_goods": [40005,40019],
        "consume_count": [5,5],
        "assist_items": [20001],
        "rand_power": [70,100],
        "path": "ui_acitivity_special_getpower_Icon3_png",
        "path_open": "ui_iconresources_menpaio1_3_png",
        "general_hp": 0,
        "general_atk": 0,
        "general_def": 0,
        "atk_crit": 0,
        "crit_extra": 0,
        "dodge_rate": 0,
        "hit_rate": 0,
        "ignore_phyDef": 0,
        "rage_reduce": 0,
        "universal_resistance": 0,
        "ignore_resistance": 0,
        "float_resistance": 0,
        "cd_speed": 0,
        "support_consume": 0,
        "general_atk_all": 43,
        "general_def_all": 0,
        "all_crit": 0,
        "ignore_def_all": 0,
        "skill_atk": 0,
        "skill_def": 0,
        "skill_crit": 0,
        "crit_resistance": 0,
        "final_extra": 0,
        "final_reduce": 0,
        "ignore_magicDef": 0
    },
    "101408": {
        "stat_id": 101408,
        "name": "初级生命",
        "is_battle": 8000303,
        "battle_value": 1491762,
        "battle_bg": 5,
        "quality": 3,
        "consume_goods": [40001,40003],
        "consume_count": [5,5],
        "assist_items": [20001],
        "rand_power": [70,100],
        "path": "ui_acitivity_special_getpower_Icon1_png",
        "path_open": "ui_hunter_UpStar0_1_png",
        "general_hp": 5128,
        "general_atk": 0,
        "general_def": 0,
        "atk_crit": 0,
        "crit_extra": 0,
        "dodge_rate": 0,
        "hit_rate": 0,
        "ignore_phyDef": 0,
        "rage_reduce": 0,
        "universal_resistance": 0,
        "ignore_resistance": 0,
        "float_resistance": 0,
        "cd_speed": 0,
        "support_consume": 0,
        "general_atk_all": 0,
        "general_def_all": 0,
        "all_crit": 0,
        "ignore_def_all": 0,
        "skill_atk": 0,
        "skill_def": 0,
        "skill_crit": 0,
        "crit_resistance": 0,
        "final_extra": 0,
        "final_reduce": 0,
        "ignore_magicDef": 0
    },
    "101606": {
        "stat_id": 101606,
        "name": "初级攻击",
        "is_battle": 8000303,
        "battle_value": 1491762,
        "battle_bg": 3,
        "quality": 3,
        "consume_goods": [40005,40015],
        "consume_count": [5,5],
        "assist_items": [20001],
        "rand_power": [70,100],
        "path": "ui_acitivity_special_getpower_Icon3_png",
        "path_open": "ui_iconresources_menpaio1_3_png",
        "general_hp": 0,
        "general_atk": 0,
        "general_def": 0,
        "atk_crit": 0,
        "crit_extra": 0,
        "dodge_rate": 0,
        "hit_rate": 0,
        "ignore_phyDef": 0,
        "rage_reduce": 0,
        "universal_resistance": 0,
        "ignore_resistance": 0,
        "float_resistance": 0,
        "cd_speed": 0,
        "support_consume": 0,
        "general_atk_all": 43,
        "general_def_all": 0,
        "all_crit": 0,
        "ignore_def_all": 0,
        "skill_atk": 0,
        "skill_def": 0,
        "skill_crit": 0,
        "crit_resistance": 0,
        "final_extra": 0,
        "final_reduce": 0,
        "ignore_magicDef": 0
    }}
