{
    "10001": {
        "general_id": 10001,
        "general_hp": [196.3,392.6,588.9,785.2,981.5,1177.8,1374.1],
        "general_atk": [4.8,9.6,14.4,19.2,24,28.8,33.6],
        "general_def": [3.3,6.6,9.9,13.2,16.5,19.8,23.1],
        "atk_crit": [0,0,0,0,0,0,0],
        "crit_extra": [0.15,0.3,0.45,0.6,0.75,0.9,1.05],
        "dodge_rate": [0,0,0,0,0,0,0],
        "hit_rate": [0,0,0,0,0,0,0],
        "ignore_phyDef": [0,0,0,0,0,0,0],
        "rage_reduce": [0,0,0,0,0,0,0],
        "universal_resistance": [0,0,0,0,0,0,0],
        "ignore_resistance": [0,0,0,0,0,0,0],
        "float_resistance": [0,0,0,0,0,0,0],
        "cd_speed": [0,0,0,0,0,0,0],
        "support_consume": [0,0,0,0,0,0,0],
        "general_atk_all": [0,0,0,0,0,0,0],
        "general_def_all": [0,0,0,0,0,0,0],
        "all_crit": [0,0,0,0,0,0,0],
        "ignore_def_all": [0,0,0,0,0,0,0],
        "skill_atk": [0,0,0,0,0,0,0],
        "skill_def": [0,0,0,0,0,0,0],
        "skill_crit": [0,0,0,0,0,0,0],
        "crit_resistance": [0,0,0,0,0,0,0],
        "final_extra": [0,0,0,0,0,0,0],
        "final_reduce": [0,0,0,0,0,0,0],
        "ignore_magicDef": [0,0,0,0,0,0,0]
    },
    "10002": {
        "general_id": 10002,
        "general_hp": [228.4,456.8,685.2,913.6,1142,1370.4,1598.8],
        "general_atk": [3.2,6.4,9.6,12.8,16,19.2,22.4],
        "general_def": [3.9,7.8,11.7,15.6,19.5,23.4,27.3],
        "atk_crit": [0,0,0,0,0,0,0],
        "crit_extra": [0.15,0.3,0.45,0.6,0.75,0.9,1.05],
        "dodge_rate": [0,0,0,0,0,0,0],
        "hit_rate": [0,0,0,0,0,0,0],
        "ignore_phyDef": [0,0,0,0,0,0,0],
        "rage_reduce": [0,0,0,0,0,0,0],
        "universal_resistance": [0,0,0,0,0,0,0],
        "ignore_resistance": [0,0,0,0,0,0,0],
        "float_resistance": [0,0,0,0,0,0,0],
        "cd_speed": [0,0,0,0,0,0,0],
        "support_consume": [0,0,0,0,0,0,0],
        "general_atk_all": [0,0,0,0,0,0,0],
        "general_def_all": [0,0,0,0,0,0,0],
        "all_crit": [0,0,0,0,0,0,0],
        "ignore_def_all": [0,0,0,0,0,0,0],
        "skill_atk": [0,0,0,0,0,0,0],
        "skill_def": [0,0,0,0,0,0,0],
        "skill_crit": [0,0,0,0,0,0,0],
        "crit_resistance": [0,0,0,0,0,0,0],
        "final_extra": [0,0,0,0,0,0,0],
        "final_reduce": [0,0,0,0,0,0,0],
        "ignore_magicDef": [0,0,0,0,0,0,0]
    },
    "10003": {
        "general_id": 10003,
        "general_hp": [218.1,436.2,654.3,872.4,1090.5,1308.6,1526.7],
        "general_atk": [3.7,7.4,11.1,14.8,18.5,22.2,25.9],
        "general_def": [3.7,7.4,11.1,14.8,18.5,22.2,25.9],
        "atk_crit": [0,0,0,0,0,0,0],
        "crit_extra": [0.15,0.3,0.45,0.6,0.75,0.9,1.05],
        "dodge_rate": [0,0,0,0,0,0,0],
        "hit_rate": [0,0,0,0,0,0,0],
        "ignore_phyDef": [0,0,0,0,0,0,0],
        "rage_reduce": [0,0,0,0,0,0,0],
        "universal_resistance": [0,0,0,0,0,0,0],
        "ignore_resistance": [0,0,0,0,0,0,0],
        "float_resistance": [0,0,0,0,0,0,0],
        "cd_speed": [0,0,0,0,0,0,0],
        "support_consume": [0,0,0,0,0,0,0],
        "general_atk_all": [0,0,0,0,0,0,0],
        "general_def_all": [0,0,0,0,0,0,0],
        "all_crit": [0,0,0,0,0,0,0],
        "ignore_def_all": [0,0,0,0,0,0,0],
        "skill_atk": [0,0,0,0,0,0,0],
        "skill_def": [0,0,0,0,0,0,0],
        "skill_crit": [0,0,0,0,0,0,0],
        "crit_resistance": [0,0,0,0,0,0,0],
        "final_extra": [0,0,0,0,0,0,0],
        "final_reduce": [0,0,0,0,0,0,0],
        "ignore_magicDef": [0,0,0,0,0,0,0]
    },
    "10004": {
        "general_id": 10004,
        "general_hp": [228.4,456.8,685.2,913.6,1142,1370.4,1598.8],
        "general_atk": [3.9,7.8,11.7,15.6,19.5,23.4,27.3],
        "general_def": [3.9,7.8,11.7,15.6,19.5,23.4,27.3],
        "atk_crit": [0,0,0,0,0,0,0],
        "crit_extra": [0.15,0.3,0.45,0.6,0.75,0.9,1.05],
        "dodge_rate": [0,0,0,0,0,0,0],
        "hit_rate": [0,0,0,0,0,0,0],
        "ignore_phyDef": [0,0,0,0,0,0,0],
        "rage_reduce": [0,0,0,0,0,0,0],
        "universal_resistance": [0,0,0,0,0,0,0],
        "ignore_resistance": [0,0,0,0,0,0,0],
        "float_resistance": [0,0,0,0,0,0,0],
        "cd_speed": [0,0,0,0,0,0,0],
        "support_consume": [0,0,0,0,0,0,0],
        "general_atk_all": [0,0,0,0,0,0,0],
        "general_def_all": [0,0,0,0,0,0,0],
        "all_crit": [0,0,0,0,0,0,0],
        "ignore_def_all": [0,0,0,0,0,0,0],
        "skill_atk": [0,0,0,0,0,0,0],
        "skill_def": [0,0,0,0,0,0,0],
        "skill_crit": [0,0,0,0,0,0,0],
        "crit_resistance": [0,0,0,0,0,0,0],
        "final_extra": [0,0,0,0,0,0,0],
        "final_reduce": [0,0,0,0,0,0,0],
        "ignore_magicDef": [0,0,0,0,0,0,0]
    },
    "10005": {
        "general_id": 10005,
        "general_hp": [196.3,392.6,588.9,785.2,981.5,1177.8,1374.1],
        "general_atk": [4.8,9.6,14.4,19.2,24,28.8,33.6],
        "general_def": [3.3,6.6,9.9,13.2,16.5,19.8,23.1],
        "atk_crit": [0,0,0,0,0,0,0],
        "crit_extra": [0.15,0.3,0.45,0.6,0.75,0.9,1.05],
        "dodge_rate": [0,0,0,0,0,0,0],
        "hit_rate": [0,0,0,0,0,0,0],
        "ignore_phyDef": [0,0,0,0,0,0,0],
        "rage_reduce": [0,0,0,0,0,0,0],
        "universal_resistance": [0,0,0,0,0,0,0],
        "ignore_resistance": [0,0,0,0,0,0,0],
        "float_resistance": [0,0,0,0,0,0,0],
        "cd_speed": [0,0,0,0,0,0,0],
        "support_consume": [0,0,0,0,0,0,0],
        "general_atk_all": [0,0,0,0,0,0,0],
        "general_def_all": [0,0,0,0,0,0,0],
        "all_crit": [0,0,0,0,0,0,0],
        "ignore_def_all": [0,0,0,0,0,0,0],
        "skill_atk": [0,0,0,0,0,0,0],
        "skill_def": [0,0,0,0,0,0,0],
        "skill_crit": [0,0,0,0,0,0,0],
        "crit_resistance": [0,0,0,0,0,0,0],
        "final_extra": [0,0,0,0,0,0,0],
        "final_reduce": [0,0,0,0,0,0,0],
        "ignore_magicDef": [0,0,0,0,0,0,0]
    },
    "10006": {
        "general_id": 10006,
        "general_hp": [186.9,373.8,560.7,747.6,934.5,1121.4,1308.3],
        "general_atk": [4.6,9.2,13.8,18.4,23,27.6,32.2],
        "general_def": [3.2,6.4,9.6,12.8,16,19.2,22.4],
        "atk_crit": [0,0,0,0,0,0,0],
        "crit_extra": [0.15,0.3,0.45,0.6,0.75,0.9,1.05],
        "dodge_rate": [0,0,0,0,0,0,0],
        "hit_rate": [0,0,0,0,0,0,0],
        "ignore_phyDef": [0,0,0,0,0,0,0],
        "rage_reduce": [0,0,0,0,0,0,0],
        "universal_resistance": [0,0,0,0,0,0,0],
        "ignore_resistance": [0,0,0,0,0,0,0],
        "float_resistance": [0,0,0,0,0,0,0],
        "cd_speed": [0,0,0,0,0,0,0],
        "support_consume": [0,0,0,0,0,0,0],
        "general_atk_all": [0,0,0,0,0,0,0],
        "general_def_all": [0,0,0,0,0,0,0],
        "all_crit": [0,0,0,0,0,0,0],
        "ignore_def_all": [0,0,0,0,0,0,0],
        "skill_atk": [0,0,0,0,0,0,0],
        "skill_def": [0,0,0,0,0,0,0],
        "skill_crit": [0,0,0,0,0,0,0],
        "crit_resistance": [0,0,0,0,0,0,0],
        "final_extra": [0,0,0,0,0,0,0],
        "final_reduce": [0,0,0,0,0,0,0],
        "ignore_magicDef": [0,0,0,0,0,0,0]
    },
    "10007": {
        "general_id": 10007,
        "general_hp": [300,600,900,1200,1500,1800,2100],
        "general_atk": [3.3,6.6,9.9,13.2,16.5,19.8,23.1],
        "general_def": [3.2,6.4,9.6,12.8,16,19.2,22.4],
        "atk_crit": [0,0,0,0,0,0,0],
        "crit_extra": [0.15,0.3,0.45,0.6,0.75,0.9,1.05],
        "dodge_rate": [0,0,0,0,0,0,0],
        "hit_rate": [0,0,0,0,0,0,0],
        "ignore_phyDef": [0,0,0,0,0,0,0],
        "rage_reduce": [0,0,0,0,0,0,0],
        "universal_resistance": [0,0,0,0,0,0,0],
        "ignore_resistance": [0,0,0,0,0,0,0],
        "float_resistance": [0,0,0,0,0,0,0],
        "cd_speed": [0,0,0,0,0,0,0],
        "support_consume": [0,0,0,0,0,0,0],
        "general_atk_all": [0,0,0,0,0,0,0],
        "general_def_all": [0,0,0,0,0,0,0],
        "all_crit": [0,0,0,0,0,0,0],
        "ignore_def_all": [0,0,0,0,0,0,0],
        "skill_atk": [0,0,0,0,0,0,0],
        "skill_def": [0,0,0,0,0,0,0],
        "skill_crit": [0,0,0,0,0,0,0],
        "crit_resistance": [0,0,0,0,0,0,0],
        "final_extra": [0,0,0,0,0,0,0],
        "final_reduce": [0,0,0,0,0,0,0],
        "ignore_magicDef": [0,0,0,0,0,0,0]
    },
    "10008": {
        "general_id": 10008,
        "general_hp": [186.9,373.8,560.7,747.6,934.5,1121.4,1308.3],
        "general_atk": [4.6,9.2,13.8,18.4,23,27.6,32.2],
        "general_def": [3.2,6.4,9.6,12.8,16,19.2,22.4],
        "atk_crit": [0,0,0,0,0,0,0],
        "crit_extra": [0.15,0.3,0.45,0.6,0.75,0.9,1.05],
        "dodge_rate": [0,0,0,0,0,0,0],
        "hit_rate": [0,0,0,0,0,0,0],
        "ignore_phyDef": [0,0,0,0,0,0,0],
        "rage_reduce": [0,0,0,0,0,0,0],
        "universal_resistance": [0,0,0,0,0,0,0],
        "ignore_resistance": [0,0,0,0,0,0,0],
        "float_resistance": [0,0,0,0,0,0,0],
        "cd_speed": [0,0,0,0,0,0,0],
        "support_consume": [0,0,0,0,0,0,0],
        "general_atk_all": [0,0,0,0,0,0,0],
        "general_def_all": [0,0,0,0,0,0,0],
        "all_crit": [0,0,0,0,0,0,0],
        "ignore_def_all": [0,0,0,0,0,0,0],
        "skill_atk": [0,0,0,0,0,0,0],
        "skill_def": [0,0,0,0,0,0,0],
        "skill_crit": [0,0,0,0,0,0,0],
        "crit_resistance": [0,0,0,0,0,0,0],
        "final_extra": [0,0,0,0,0,0,0],
        "final_reduce": [0,0,0,0,0,0,0],
        "ignore_magicDef": [0,0,0,0,0,0,0]
    },
    "10009": {
        "general_id": 10009,
        "general_hp": [228.4,456.8,685.2,913.6,1142,1370.4,1598.8],
        "general_atk": [3.2,6.4,9.6,12.8,16,19.2,22.4],
        "general_def": [3.9,7.8,11.7,15.6,19.5,23.4,27.3],
        "atk_crit": [0,0,0,0,0,0,0],
        "crit_extra": [0.15,0.3,0.45,0.6,0.75,0.9,1.05],
        "dodge_rate": [0,0,0,0,0,0,0],
        "hit_rate": [0,0,0,0,0,0,0],
        "ignore_phyDef": [0,0,0,0,0,0,0],
        "rage_reduce": [0,0,0,0,0,0,0],
        "universal_resistance": [0,0,0,0,0,0,0],
        "ignore_resistance": [0,0,0,0,0,0,0],
        "float_resistance": [0,0,0,0,0,0,0],
        "cd_speed": [0,0,0,0,0,0,0],
        "support_consume": [0,0,0,0,0,0,0],
        "general_atk_all": [0,0,0,0,0,0,0],
        "general_def_all": [0,0,0,0,0,0,0],
        "all_crit": [0,0,0,0,0,0,0],
        "ignore_def_all": [0,0,0,0,0,0,0],
        "skill_atk": [0,0,0,0,0,0,0],
        "skill_def": [0,0,0,0,0,0,0],
        "skill_crit": [0,0,0,0,0,0,0],
        "crit_resistance": [0,0,0,0,0,0,0],
        "final_extra": [0,0,0,0,0,0,0],
        "final_reduce": [0,0,0,0,0,0,0],
        "ignore_magicDef": [0,0,0,0,0,0,0]
    },
    "10010": {
        "general_id": 10010,
        "general_hp": [228.4,456.8,685.2,913.6,1142,1370.4,1598.8],
        "general_atk": [3.2,6.4,9.6,12.8,16,19.2,22.4],
        "general_def": [3.9,7.8,11.7,15.6,19.5,23.4,27.3],
        "atk_crit": [0,0,0,0,0,0,0],
        "crit_extra": [0.15,0.3,0.45,0.6,0.75,0.9,1.05],
        "dodge_rate": [0,0,0,0,0,0,0],
        "hit_rate": [0,0,0,0,0,0,0],
        "ignore_phyDef": [0,0,0,0,0,0,0],
        "rage_reduce": [0,0,0,0,0,0,0],
        "universal_resistance": [0,0,0,0,0,0,0],
        "ignore_resistance": [0,0,0,0,0,0,0],
        "float_resistance": [0,0,0,0,0,0,0],
        "cd_speed": [0,0,0,0,0,0,0],
        "support_consume": [0,0,0,0,0,0,0],
        "general_atk_all": [0,0,0,0,0,0,0],
        "general_def_all": [0,0,0,0,0,0,0],
        "all_crit": [0,0,0,0,0,0,0],
        "ignore_def_all": [0,0,0,0,0,0,0],
        "skill_atk": [0,0,0,0,0,0,0],
        "skill_def": [0,0,0,0,0,0,0],
        "skill_crit": [0,0,0,0,0,0,0],
        "crit_resistance": [0,0,0,0,0,0,0],
        "final_extra": [0,0,0,0,0,0,0],
        "final_reduce": [0,0,0,0,0,0,0],
        "ignore_magicDef": [0,0,0,0,0,0,0]
    },
    "10011": {
        "general_id": 10011,
        "general_hp": [196.3,392.6,588.9,785.2,981.5,1177.8,1374.1],
        "general_atk": [4.8,9.6,14.4,19.2,24,28.8,33.6],
        "general_def": [3.3,6.6,9.9,13.2,16.5,19.8,23.1],
        "atk_crit": [0,0,0,0,0,0,0],
        "crit_extra": [0.3,0.6,0.9,1.2,1.5,1.8,2.1],
        "dodge_rate": [0,0,0,0,0,0,0],
        "hit_rate": [0,0,0,0,0,0,0],
        "ignore_phyDef": [0,0,0,0,0,0,0],
        "rage_reduce": [0,0,0,0,0,0,0],
        "universal_resistance": [0,0,0,0,0,0,0],
        "ignore_resistance": [0,0,0,0,0,0,0],
        "float_resistance": [0,0,0,0,0,0,0],
        "cd_speed": [0,0,0,0,0,0,0],
        "support_consume": [0,0,0,0,0,0,0],
        "general_atk_all": [0,0,0,0,0,0,0],
        "general_def_all": [0,0,0,0,0,0,0],
        "all_crit": [0,0,0,0,0,0,0],
        "ignore_def_all": [0,0,0,0,0,0,0],
        "skill_atk": [0,0,0,0,0,0,0],
        "skill_def": [0,0,0,0,0,0,0],
        "skill_crit": [0,0,0,0,0,0,0],
        "crit_resistance": [0,0,0,0,0,0,0],
        "final_extra": [0,0,0,0,0,0,0],
        "final_reduce": [0,0,0,0,0,0,0],
        "ignore_magicDef": [0,0,0,0,0,0,0]
    },
    "10012": {
        "general_id": 10012,
        "general_hp": [196.3,392.6,588.9,785.2,981.5,1177.8,1374.1],
        "general_atk": [4.8,9.6,14.4,19.2,24,28.8,33.6],
        "general_def": [3.3,6.6,9.9,13.2,16.5,19.8,23.1],
        "atk_crit": [0,0,0,0,0,0,0],
        "crit_extra": [0.15,0.3,0.45,0.6,0.75,0.9,1.05],
        "dodge_rate": [0,0,0,0,0,0,0],
        "hit_rate": [0,0,0,0,0,0,0],
        "ignore_phyDef": [0,0,0,0,0,0,0],
        "rage_reduce": [0,0,0,0,0,0,0],
        "universal_resistance": [0,0,0,0,0,0,0],
        "ignore_resistance": [0,0,0,0,0,0,0],
        "float_resistance": [0,0,0,0,0,0,0],
        "cd_speed": [0,0,0,0,0,0,0],
        "support_consume": [0,0,0,0,0,0,0],
        "general_atk_all": [0,0,0,0,0,0,0],
        "general_def_all": [0,0,0,0,0,0,0],
        "all_crit": [0,0,0,0,0,0,0],
        "ignore_def_all": [0,0,0,0,0,0,0],
        "skill_atk": [0,0,0,0,0,0,0],
        "skill_def": [0,0,0,0,0,0,0],
        "skill_crit": [0,0,0,0,0,0,0],
        "crit_resistance": [0,0,0,0,0,0,0],
        "final_extra": [0,0,0,0,0,0,0],
        "final_reduce": [0,0,0,0,0,0,0],
        "ignore_magicDef": [0,0,0,0,0,0,0]
    },
    "10013": {
        "general_id": 10013,
        "general_hp": [205.6,411.2,616.8,822.4,1028,1233.6,1439.2],
        "general_atk": [5,10,15,20,25,30,35],
        "general_def": [3.5,7,10.5,14,17.5,21,24.5],
        "atk_crit": [0,0,0,0,0,0,0],
        "crit_extra": [0.15,0.3,0.45,0.6,0.75,0.9,1.05],
        "dodge_rate": [0,0,0,0,0,0,0],
        "hit_rate": [0,0,0,0,0,0,0],
        "ignore_phyDef": [0,0,0,0,0,0,0],
        "rage_reduce": [0,0,0,0,0,0,0],
        "universal_resistance": [0,0,0,0,0,0,0],
        "ignore_resistance": [0,0,0,0,0,0,0],
        "float_resistance": [0,0,0,0,0,0,0],
        "cd_speed": [0,0,0,0,0,0,0],
        "support_consume": [0,0,0,0,0,0,0],
        "general_atk_all": [0,0,0,0,0,0,0],
        "general_def_all": [0,0,0,0,0,0,0],
        "all_crit": [0,0,0,0,0,0,0],
        "ignore_def_all": [0,0,0,0,0,0,0],
        "skill_atk": [0,0,0,0,0,0,0],
        "skill_def": [0,0,0,0,0,0,0],
        "skill_crit": [0,0,0,0,0,0,0],
        "crit_resistance": [0,0,0,0,0,0,0],
        "final_extra": [0,0,0,0,0,0,0],
        "final_reduce": [0,0,0,0,0,0,0],
        "ignore_magicDef": [0,0,0,0,0,0,0]
    },
    "10014": {
        "general_id": 10014,
        "general_hp": [196.3,392.6,588.9,785.2,981.5,1177.8,1374.1],
        "general_atk": [4.8,9.6,14.4,19.2,24,28.8,33.6],
        "general_def": [3.3,6.6,9.9,13.2,16.5,19.8,23.1],
        "atk_crit": [0,0,0,0,0,0,0],
        "crit_extra": [0.15,0.3,0.45,0.6,0.75,0.9,1.05],
        "dodge_rate": [0,0,0,0,0,0,0],
        "hit_rate": [0,0,0,0,0,0,0],
        "ignore_phyDef": [0,0,0,0,0,0,0],
        "rage_reduce": [0,0,0,0,0,0,0],
        "universal_resistance": [0,0,0,0,0,0,0],
        "ignore_resistance": [0,0,0,0,0,0,0],
        "float_resistance": [0,0,0,0,0,0,0],
        "cd_speed": [0,0,0,0,0,0,0],
        "support_consume": [0,0,0,0,0,0,0],
        "general_atk_all": [0,0,0,0,0,0,0],
        "general_def_all": [0,0,0,0,0,0,0],
        "all_crit": [0,0,0,0,0,0,0],
        "ignore_def_all": [0,0,0,0,0,0,0],
        "skill_atk": [0,0,0,0,0,0,0],
        "skill_def": [0,0,0,0,0,0,0],
        "skill_crit": [0,0,0,0,0,0,0],
        "crit_resistance": [0,0,0,0,0,0,0],
        "final_extra": [0,0,0,0,0,0,0],
        "final_reduce": [0,0,0,0,0,0,0],
        "ignore_magicDef": [0,0,0,0,0,0,0]
    },
    "10015": {
        "general_id": 10015,
        "general_hp": [228.4,456.8,685.2,913.6,1142,1370.4,1598.8],
        "general_atk": [3.2,6.4,9.6,12.8,16,19.2,22.4],
        "general_def": [3.9,7.8,11.7,15.6,19.5,23.4,27.3],
        "atk_crit": [0,0,0,0,0,0,0],
        "crit_extra": [0.15,0.3,0.45,0.6,0.75,0.9,1.05],
        "dodge_rate": [0,0,0,0,0,0,0],
        "hit_rate": [0,0,0,0,0,0,0],
        "ignore_phyDef": [0,0,0,0,0,0,0],
        "rage_reduce": [0,0,0,0,0,0,0],
        "universal_resistance": [0,0,0,0,0,0,0],
        "ignore_resistance": [0,0,0,0,0,0,0],
        "float_resistance": [0,0,0,0,0,0,0],
        "cd_speed": [0,0,0,0,0,0,0],
        "support_consume": [0,0,0,0,0,0,0],
        "general_atk_all": [0,0,0,0,0,0,0],
        "general_def_all": [0,0,0,0,0,0,0],
        "all_crit": [0,0,0,0,0,0,0],
        "ignore_def_all": [0,0,0,0,0,0,0],
        "skill_atk": [0,0,0,0,0,0,0],
        "skill_def": [0,0,0,0,0,0,0],
        "skill_crit": [0,0,0,0,0,0,0],
        "crit_resistance": [0,0,0,0,0,0,0],
        "final_extra": [0,0,0,0,0,0,0],
        "final_reduce": [0,0,0,0,0,0,0],
        "ignore_magicDef": [0,0,0,0,0,0,0]
    },
    "10016": {
        "general_id": 10016,
        "general_hp": [207.7,415.4,623.1,830.8,1038.5,1246.2,1453.9],
        "general_atk": [3.5,7,10.5,14,17.5,21,24.5],
        "general_def": [3.5,7,10.5,14,17.5,21,24.5],
        "atk_crit": [0,0,0,0,0,0,0],
        "crit_extra": [0.15,0.3,0.45,0.6,0.75,0.9,1.05],
        "dodge_rate": [0,0,0,0,0,0,0],
        "hit_rate": [0,0,0,0,0,0,0],
        "ignore_phyDef": [0,0,0,0,0,0,0],
        "rage_reduce": [0,0,0,0,0,0,0],
        "universal_resistance": [0,0,0,0,0,0,0],
        "ignore_resistance": [0,0,0,0,0,0,0],
        "float_resistance": [0,0,0,0,0,0,0],
        "cd_speed": [0,0,0,0,0,0,0],
        "support_consume": [0,0,0,0,0,0,0],
        "general_atk_all": [0,0,0,0,0,0,0],
        "general_def_all": [0,0,0,0,0,0,0],
        "all_crit": [0,0,0,0,0,0,0],
        "ignore_def_all": [0,0,0,0,0,0,0],
        "skill_atk": [0,0,0,0,0,0,0],
        "skill_def": [0,0,0,0,0,0,0],
        "skill_crit": [0,0,0,0,0,0,0],
        "crit_resistance": [0,0,0,0,0,0,0],
        "final_extra": [0,0,0,0,0,0,0],
        "final_reduce": [0,0,0,0,0,0,0],
        "ignore_magicDef": [0,0,0,0,0,0,0]
    },
    "10017": {
        "general_id": 10017,
        "general_hp": [205.6,411.2,616.8,822.4,1028,1233.6,1439.2],
        "general_atk": [5,10,15,20,25,30,35],
        "general_def": [3.5,7,10.5,14,17.5,21,24.5],
        "atk_crit": [0,0,0,0,0,0,0],
        "crit_extra": [0.15,0.3,0.45,0.6,0.75,0.9,1.05],
        "dodge_rate": [0,0,0,0,0,0,0],
        "hit_rate": [0,0,0,0,0,0,0],
        "ignore_phyDef": [0,0,0,0,0,0,0],
        "rage_reduce": [0,0,0,0,0,0,0],
        "universal_resistance": [0,0,0,0,0,0,0],
        "ignore_resistance": [0,0,0,0,0,0,0],
        "float_resistance": [0,0,0,0,0,0,0],
        "cd_speed": [0,0,0,0,0,0,0],
        "support_consume": [0,0,0,0,0,0,0],
        "general_atk_all": [0,0,0,0,0,0,0],
        "general_def_all": [0,0,0,0,0,0,0],
        "all_crit": [0,0,0,0,0,0,0],
        "ignore_def_all": [0,0,0,0,0,0,0],
        "skill_atk": [0,0,0,0,0,0,0],
        "skill_def": [0,0,0,0,0,0,0],
        "skill_crit": [0,0,0,0,0,0,0],
        "crit_resistance": [0,0,0,0,0,0,0],
        "final_extra": [0,0,0,0,0,0,0],
        "final_reduce": [0,0,0,0,0,0,0],
        "ignore_magicDef": [0,0,0,0,0,0,0]
    },
    "10018": {
        "general_id": 10018,
        "general_hp": [205.6,411.2,616.8,822.4,1028,1233.6,1439.2],
        "general_atk": [5,10,15,20,25,30,35],
        "general_def": [3.5,7,10.5,14,17.5,21,24.5],
        "atk_crit": [0,0,0,0,0,0,0],
        "crit_extra": [0.15,0.3,0.45,0.6,0.75,0.9,1.05],
        "dodge_rate": [0,0,0,0,0,0,0],
        "hit_rate": [0,0,0,0,0,0,0],
        "ignore_phyDef": [0,0,0,0,0,0,0],
        "rage_reduce": [0,0,0,0,0,0,0],
        "universal_resistance": [0,0,0,0,0,0,0],
        "ignore_resistance": [0,0,0,0,0,0,0],
        "float_resistance": [0,0,0,0,0,0,0],
        "cd_speed": [0,0,0,0,0,0,0],
        "support_consume": [0,0,0,0,0,0,0],
        "general_atk_all": [0,0,0,0,0,0,0],
        "general_def_all": [0,0,0,0,0,0,0],
        "all_crit": [0,0,0,0,0,0,0],
        "ignore_def_all": [0,0,0,0,0,0,0],
        "skill_atk": [0,0,0,0,0,0,0],
        "skill_def": [0,0,0,0,0,0,0],
        "skill_crit": [0,0,0,0,0,0,0],
        "crit_resistance": [0,0,0,0,0,0,0],
        "final_extra": [0,0,0,0,0,0,0],
        "final_reduce": [0,0,0,0,0,0,0],
        "ignore_magicDef": [0,0,0,0,0,0,0]
    },
    "10019": {
        "general_id": 10019,
        "general_hp": [228.4,456.8,685.2,913.6,1142,1370.4,1598.8],
        "general_atk": [3.9,7.8,11.7,15.6,19.5,23.4,27.3],
        "general_def": [3.9,7.8,11.7,15.6,19.5,23.4,27.3],
        "atk_crit": [0,0,0,0,0,0,0],
        "crit_extra": [0.15,0.3,0.45,0.6,0.75,0.9,1.05],
        "dodge_rate": [0,0,0,0,0,0,0],
        "hit_rate": [0,0,0,0,0,0,0],
        "ignore_phyDef": [0,0,0,0,0,0,0],
        "rage_reduce": [0,0,0,0,0,0,0],
        "universal_resistance": [0,0,0,0,0,0,0],
        "ignore_resistance": [0,0,0,0,0,0,0],
        "float_resistance": [0,0,0,0,0,0,0],
        "cd_speed": [0,0,0,0,0,0,0],
        "support_consume": [0,0,0,0,0,0,0],
        "general_atk_all": [0,0,0,0,0,0,0],
        "general_def_all": [0,0,0,0,0,0,0],
        "all_crit": [0,0,0,0,0,0,0],
        "ignore_def_all": [0,0,0,0,0,0,0],
        "skill_atk": [0,0,0,0,0,0,0],
        "skill_def": [0,0,0,0,0,0,0],
        "skill_crit": [0,0,0,0,0,0,0],
        "crit_resistance": [0,0,0,0,0,0,0],
        "final_extra": [0,0,0,0,0,0,0],
        "final_reduce": [0,0,0,0,0,0,0],
        "ignore_magicDef": [0,0,0,0,0,0,0]
    },
    "10020": {
        "general_id": 10020,
        "general_hp": [228.4,456.8,685.2,913.6,1142,1370.4,1598.8],
        "general_atk": [3.9,7.8,11.7,15.6,19.5,23.4,27.3],
        "general_def": [3.9,7.8,11.7,15.6,19.5,23.4,27.3],
        "atk_crit": [0,0,0,0,0,0,0],
        "crit_extra": [0.15,0.3,0.45,0.6,0.75,0.9,1.05],
        "dodge_rate": [0,0,0,0,0,0,0],
        "hit_rate": [0,0,0,0,0,0,0],
        "ignore_phyDef": [0,0,0,0,0,0,0],
        "rage_reduce": [0,0,0,0,0,0,0],
        "universal_resistance": [0,0,0,0,0,0,0],
        "ignore_resistance": [0,0,0,0,0,0,0],
        "float_resistance": [0,0,0,0,0,0,0],
        "cd_speed": [0,0,0,0,0,0,0],
        "support_consume": [0,0,0,0,0,0,0],
        "general_atk_all": [0,0,0,0,0,0,0],
        "general_def_all": [0,0,0,0,0,0,0],
        "all_crit": [0,0,0,0,0,0,0],
        "ignore_def_all": [0,0,0,0,0,0,0],
        "skill_atk": [0,0,0,0,0,0,0],
        "skill_def": [0,0,0,0,0,0,0],
        "skill_crit": [0,0,0,0,0,0,0],
        "crit_resistance": [0,0,0,0,0,0,0],
        "final_extra": [0,0,0,0,0,0,0],
        "final_reduce": [0,0,0,0,0,0,0],
        "ignore_magicDef": [0,0,0,0,0,0,0]
    },
    "10021": {
        "general_id": 10021,
        "general_hp": [239.9,479.8,719.7,959.6,1199.5,1439.4,1679.3],
        "general_atk": [3.3,6.6,9.9,13.2,16.5,19.8,23.1],
        "general_def": [4,8,12,16,20,24,28],
        "atk_crit": [0,0,0,0,0,0,0],
        "crit_extra": [0.15,0.3,0.45,0.6,0.75,0.9,1.05],
        "dodge_rate": [0,0,0,0,0,0,0],
        "hit_rate": [0,0,0,0,0,0,0],
        "ignore_phyDef": [0,0,0,0,0,0,0],
        "rage_reduce": [0,0,0,0,0,0,0],
        "universal_resistance": [0,0,0,0,0,0,0],
        "ignore_resistance": [0,0,0,0,0,0,0],
        "float_resistance": [0,0,0,0,0,0,0],
        "cd_speed": [0,0,0,0,0,0,0],
        "support_consume": [0,0,0,0,0,0,0],
        "general_atk_all": [0,0,0,0,0,0,0],
        "general_def_all": [0,0,0,0,0,0,0],
        "all_crit": [0,0,0,0,0,0,0],
        "ignore_def_all": [0,0,0,0,0,0,0],
        "skill_atk": [0,0,0,0,0,0,0],
        "skill_def": [0,0,0,0,0,0,0],
        "skill_crit": [0,0,0,0,0,0,0],
        "crit_resistance": [0,0,0,0,0,0,0],
        "final_extra": [0,0,0,0,0,0,0],
        "final_reduce": [0,0,0,0,0,0,0],
        "ignore_magicDef": [0,0,0,0,0,0,0]
    },
    "10022": {
        "general_id": 10022,
        "general_hp": [228.4,456.8,685.2,913.6,1142,1370.4,1598.8],
        "general_atk": [3.2,6.4,9.6,12.8,16,19.2,22.4],
        "general_def": [3.9,7.8,11.7,15.6,19.5,23.4,27.3],
        "atk_crit": [0,0,0,0,0,0,0],
        "crit_extra": [0.15,0.3,0.45,0.6,0.75,0.9,1.05],
        "dodge_rate": [0,0,0,0,0,0,0],
        "hit_rate": [0,0,0,0,0,0,0],
        "ignore_phyDef": [0,0,0,0,0,0,0],
        "rage_reduce": [0,0,0,0,0,0,0],
        "universal_resistance": [0,0,0,0,0,0,0],
        "ignore_resistance": [0,0,0,0,0,0,0],
        "float_resistance": [0,0,0,0,0,0,0],
        "cd_speed": [0,0,0,0,0,0,0],
        "support_consume": [0,0,0,0,0,0,0],
        "general_atk_all": [0,0,0,0,0,0,0],
        "general_def_all": [0,0,0,0,0,0,0],
        "all_crit": [0,0,0,0,0,0,0],
        "ignore_def_all": [0,0,0,0,0,0,0],
        "skill_atk": [0,0,0,0,0,0,0],
        "skill_def": [0,0,0,0,0,0,0],
        "skill_crit": [0,0,0,0,0,0,0],
        "crit_resistance": [0,0,0,0,0,0,0],
        "final_extra": [0,0,0,0,0,0,0],
        "final_reduce": [0,0,0,0,0,0,0],
        "ignore_magicDef": [0,0,0,0,0,0,0]
    },
    "10023": {
        "general_id": 10023,
        "general_hp": [218.1,436.2,654.3,872.4,1090.5,1308.6,1526.7],
        "general_atk": [3.7,7.4,11.1,14.8,18.5,22.2,25.9],
        "general_def": [3.7,7.4,11.1,14.8,18.5,22.2,25.9],
        "atk_crit": [0,0,0,0,0,0,0],
        "crit_extra": [0.15,0.3,0.45,0.6,0.75,0.9,1.05],
        "dodge_rate": [0,0,0,0,0,0,0],
        "hit_rate": [0,0,0,0,0,0,0],
        "ignore_phyDef": [0,0,0,0,0,0,0],
        "rage_reduce": [0,0,0,0,0,0,0],
        "universal_resistance": [0,0,0,0,0,0,0],
        "ignore_resistance": [0,0,0,0,0,0,0],
        "float_resistance": [0,0,0,0,0,0,0],
        "cd_speed": [0,0,0,0,0,0,0],
        "support_consume": [0,0,0,0,0,0,0],
        "general_atk_all": [0,0,0,0,0,0,0],
        "general_def_all": [0,0,0,0,0,0,0],
        "all_crit": [0,0,0,0,0,0,0],
        "ignore_def_all": [0,0,0,0,0,0,0],
        "skill_atk": [0,0,0,0,0,0,0],
        "skill_def": [0,0,0,0,0,0,0],
        "skill_crit": [0,0,0,0,0,0,0],
        "crit_resistance": [0,0,0,0,0,0,0],
        "final_extra": [0,0,0,0,0,0,0],
        "final_reduce": [0,0,0,0,0,0,0],
        "ignore_magicDef": [0,0,0,0,0,0,0]
    },
    "10024": {
        "general_id": 10024,
        "general_hp": [207.7,415.4,623.1,830.8,1038.5,1246.2,1453.9],
        "general_atk": [3.5,7,10.5,14,17.5,21,24.5],
        "general_def": [3.5,7,10.5,14,17.5,21,24.5],
        "atk_crit": [0,0,0,0,0,0,0],
        "crit_extra": [0.15,0.3,0.45,0.6,0.75,0.9,1.05],
        "dodge_rate": [0,0,0,0,0,0,0],
        "hit_rate": [0,0,0,0,0,0,0],
        "ignore_phyDef": [0,0,0,0,0,0,0],
        "rage_reduce": [0,0,0,0,0,0,0],
        "universal_resistance": [0,0,0,0,0,0,0],
        "ignore_resistance": [0,0,0,0,0,0,0],
        "float_resistance": [0,0,0,0,0,0,0],
        "cd_speed": [0,0,0,0,0,0,0],
        "support_consume": [0,0,0,0,0,0,0],
        "general_atk_all": [0,0,0,0,0,0,0],
        "general_def_all": [0,0,0,0,0,0,0],
        "all_crit": [0,0,0,0,0,0,0],
        "ignore_def_all": [0,0,0,0,0,0,0],
        "skill_atk": [0,0,0,0,0,0,0],
        "skill_def": [0,0,0,0,0,0,0],
        "skill_crit": [0,0,0,0,0,0,0],
        "crit_resistance": [0,0,0,0,0,0,0],
        "final_extra": [0,0,0,0,0,0,0],
        "final_reduce": [0,0,0,0,0,0,0],
        "ignore_magicDef": [0,0,0,0,0,0,0]
    },
    "10025": {
        "general_id": 10025,
        "general_hp": [228.4,456.8,685.2,913.6,1142,1370.4,1598.8],
        "general_atk": [3.2,6.4,9.6,12.8,16,19.2,22.4],
        "general_def": [3.9,7.8,11.7,15.6,19.5,23.4,27.3],
        "atk_crit": [0,0,0,0,0,0,0],
        "crit_extra": [0.15,0.3,0.45,0.6,0.75,0.9,1.05],
        "dodge_rate": [0,0,0,0,0,0,0],
        "hit_rate": [0,0,0,0,0,0,0],
        "ignore_phyDef": [0,0,0,0,0,0,0],
        "rage_reduce": [0,0,0,0,0,0,0],
        "universal_resistance": [0,0,0,0,0,0,0],
        "ignore_resistance": [0,0,0,0,0,0,0],
        "float_resistance": [0,0,0,0,0,0,0],
        "cd_speed": [0,0,0,0,0,0,0],
        "support_consume": [0,0,0,0,0,0,0],
        "general_atk_all": [0,0,0,0,0,0,0],
        "general_def_all": [0,0,0,0,0,0,0],
        "all_crit": [0,0,0,0,0,0,0],
        "ignore_def_all": [0,0,0,0,0,0,0],
        "skill_atk": [0,0,0,0,0,0,0],
        "skill_def": [0,0,0,0,0,0,0],
        "skill_crit": [0,0,0,0,0,0,0],
        "crit_resistance": [0,0,0,0,0,0,0],
        "final_extra": [0,0,0,0,0,0,0],
        "final_reduce": [0,0,0,0,0,0,0],
        "ignore_magicDef": [0,0,0,0,0,0,0]
    },
    "10026": {
        "general_id": 10026,
        "general_hp": [196.3,392.6,588.9,785.2,981.5,1177.8,1374.1],
        "general_atk": [4.8,9.6,14.4,19.2,24,28.8,33.6],
        "general_def": [3.3,6.6,9.9,13.2,16.5,19.8,23.1],
        "atk_crit": [0,0,0,0,0,0,0],
        "crit_extra": [0.15,0.3,0.45,0.6,0.75,0.9,1.05],
        "dodge_rate": [0,0,0,0,0,0,0],
        "hit_rate": [0,0,0,0,0,0,0],
        "ignore_phyDef": [0,0,0,0,0,0,0],
        "rage_reduce": [0,0,0,0,0,0,0],
        "universal_resistance": [0,0,0,0,0,0,0],
        "ignore_resistance": [0,0,0,0,0,0,0],
        "float_resistance": [0,0,0,0,0,0,0],
        "cd_speed": [0,0,0,0,0,0,0],
        "support_consume": [0,0,0,0,0,0,0],
        "general_atk_all": [0,0,0,0,0,0,0],
        "general_def_all": [0,0,0,0,0,0,0],
        "all_crit": [0,0,0,0,0,0,0],
        "ignore_def_all": [0,0,0,0,0,0,0],
        "skill_atk": [0,0,0,0,0,0,0],
        "skill_def": [0,0,0,0,0,0,0],
        "skill_crit": [0,0,0,0,0,0,0],
        "crit_resistance": [0,0,0,0,0,0,0],
        "final_extra": [0,0,0,0,0,0,0],
        "final_reduce": [0,0,0,0,0,0,0],
        "ignore_magicDef": [0,0,0,0,0,0,0]
    },
    "10027": {
        "general_id": 10027,
        "general_hp": [207.7,415.4,623.1,830.8,1038.5,1246.2,1453.9],
        "general_atk": [3.5,7,10.5,14,17.5,21,24.5],
        "general_def": [3.5,7,10.5,14,17.5,21,24.5],
        "atk_crit": [0,0,0,0,0,0,0],
        "crit_extra": [0.15,0.3,0.45,0.6,0.75,0.9,1.05],
        "dodge_rate": [0,0,0,0,0,0,0],
        "hit_rate": [0,0,0,0,0,0,0],
        "ignore_phyDef": [0,0,0,0,0,0,0],
        "rage_reduce": [0,0,0,0,0,0,0],
        "universal_resistance": [0,0,0,0,0,0,0],
        "ignore_resistance": [0,0,0,0,0,0,0],
        "float_resistance": [0,0,0,0,0,0,0],
        "cd_speed": [0,0,0,0,0,0,0],
        "support_consume": [0,0,0,0,0,0,0],
        "general_atk_all": [0,0,0,0,0,0,0],
        "general_def_all": [0,0,0,0,0,0,0],
        "all_crit": [0,0,0,0,0,0,0],
        "ignore_def_all": [0,0,0,0,0,0,0],
        "skill_atk": [0,0,0,0,0,0,0],
        "skill_def": [0,0,0,0,0,0,0],
        "skill_crit": [0,0,0,0,0,0,0],
        "crit_resistance": [0,0,0,0,0,0,0],
        "final_extra": [0,0,0,0,0,0,0],
        "final_reduce": [0,0,0,0,0,0,0],
        "ignore_magicDef": [0,0,0,0,0,0,0]
    },
    "10028": {
        "general_id": 10028,
        "general_hp": [205.6,411.2,616.8,822.4,1028,1233.6,1439.2],
        "general_atk": [5,10,15,20,25,30,35],
        "general_def": [3.5,7,10.5,14,17.5,21,24.5],
        "atk_crit": [0,0,0,0,0,0,0],
        "crit_extra": [0.15,0.3,0.45,0.6,0.75,0.9,1.05],
        "dodge_rate": [0,0,0,0,0,0,0],
        "hit_rate": [0,0,0,0,0,0,0],
        "ignore_phyDef": [0,0,0,0,0,0,0],
        "rage_reduce": [0,0,0,0,0,0,0],
        "universal_resistance": [0,0,0,0,0,0,0],
        "ignore_resistance": [0,0,0,0,0,0,0],
        "float_resistance": [0,0,0,0,0,0,0],
        "cd_speed": [0,0,0,0,0,0,0],
        "support_consume": [0,0,0,0,0,0,0],
        "general_atk_all": [0,0,0,0,0,0,0],
        "general_def_all": [0,0,0,0,0,0,0],
        "all_crit": [0,0,0,0,0,0,0],
        "ignore_def_all": [0,0,0,0,0,0,0],
        "skill_atk": [0,0,0,0,0,0,0],
        "skill_def": [0,0,0,0,0,0,0],
        "skill_crit": [0,0,0,0,0,0,0],
        "crit_resistance": [0,0,0,0,0,0,0],
        "final_extra": [0,0,0,0,0,0,0],
        "final_reduce": [0,0,0,0,0,0,0],
        "ignore_magicDef": [0,0,0,0,0,0,0]
    },
    "10029": {
        "general_id": 10029,
        "general_hp": [225,450,675,900,1125,1350,1575],
        "general_atk": [3.3,6.6,9.9,13.2,16.5,19.8,23.1],
        "general_def": [5.5,11,16.5,22,27.5,33,38.5],
        "atk_crit": [0,0,0,0,0,0,0],
        "crit_extra": [0.15,0.3,0.45,0.6,0.75,0.9,1.05],
        "dodge_rate": [0,0,0,0,0,0,0],
        "hit_rate": [0,0,0,0,0,0,0],
        "ignore_phyDef": [0,0,0,0,0,0,0],
        "rage_reduce": [0,0,0,0,0,0,0],
        "universal_resistance": [0,0,0,0,0,0,0],
        "ignore_resistance": [0,0,0,0,0,0,0],
        "float_resistance": [0,0,0,0,0,0,0],
        "cd_speed": [0,0,0,0,0,0,0],
        "support_consume": [0,0,0,0,0,0,0],
        "general_atk_all": [0,0,0,0,0,0,0],
        "general_def_all": [0,0,0,0,0,0,0],
        "all_crit": [0,0,0,0,0,0,0],
        "ignore_def_all": [0,0,0,0,0,0,0],
        "skill_atk": [0,0,0,0,0,0,0],
        "skill_def": [0,0,0,0,0,0,0],
        "skill_crit": [0,0,0,0,0,0,0],
        "crit_resistance": [0,0,0,0,0,0,0],
        "final_extra": [0,0,0,0,0,0,0],
        "final_reduce": [0,0,0,0,0,0,0],
        "ignore_magicDef": [0,0,0,0,0,0,0]
    },
    "10030": {
        "general_id": 10030,
        "general_hp": [218.1,436.2,654.3,872.4,1090.5,1308.6,1526.7],
        "general_atk": [3.7,7.4,11.1,14.8,18.5,22.2,25.9],
        "general_def": [3.7,7.4,11.1,14.8,18.5,22.2,25.9],
        "atk_crit": [0,0,0,0,0,0,0],
        "crit_extra": [0.15,0.3,0.45,0.6,0.75,0.9,1.05],
        "dodge_rate": [0,0,0,0,0,0,0],
        "hit_rate": [0,0,0,0,0,0,0],
        "ignore_phyDef": [0,0,0,0,0,0,0],
        "rage_reduce": [0,0,0,0,0,0,0],
        "universal_resistance": [0,0,0,0,0,0,0],
        "ignore_resistance": [0,0,0,0,0,0,0],
        "float_resistance": [0,0,0,0,0,0,0],
        "cd_speed": [0,0,0,0,0,0,0],
        "support_consume": [0,0,0,0,0,0,0],
        "general_atk_all": [0,0,0,0,0,0,0],
        "general_def_all": [0,0,0,0,0,0,0],
        "all_crit": [0,0,0,0,0,0,0],
        "ignore_def_all": [0,0,0,0,0,0,0],
        "skill_atk": [0,0,0,0,0,0,0],
        "skill_def": [0,0,0,0,0,0,0],
        "skill_crit": [0,0,0,0,0,0,0],
        "crit_resistance": [0,0,0,0,0,0,0],
        "final_extra": [0,0,0,0,0,0,0],
        "final_reduce": [0,0,0,0,0,0,0],
        "ignore_magicDef": [0,0,0,0,0,0,0]
    },
    "10031": {
        "general_id": 10031,
        "general_hp": [218.1,436.2,654.3,872.4,1090.5,1308.6,1526.7],
        "general_atk": [3.7,7.4,11.1,14.8,18.5,22.2,25.9],
        "general_def": [3.7,7.4,11.1,14.8,18.5,22.2,25.9],
        "atk_crit": [0,0,0,0,0,0,0],
        "crit_extra": [0.15,0.3,0.45,0.6,0.75,0.9,1.05],
        "dodge_rate": [0,0,0,0,0,0,0],
        "hit_rate": [0,0,0,0,0,0,0],
        "ignore_phyDef": [0,0,0,0,0,0,0],
        "rage_reduce": [0,0,0,0,0,0,0],
        "universal_resistance": [0,0,0,0,0,0,0],
        "ignore_resistance": [0,0,0,0,0,0,0],
        "float_resistance": [0,0,0,0,0,0,0],
        "cd_speed": [0,0,0,0,0,0,0],
        "support_consume": [0,0,0,0,0,0,0],
        "general_atk_all": [0,0,0,0,0,0,0],
        "general_def_all": [0,0,0,0,0,0,0],
        "all_crit": [0,0,0,0,0,0,0],
        "ignore_def_all": [0,0,0,0,0,0,0],
        "skill_atk": [0,0,0,0,0,0,0],
        "skill_def": [0,0,0,0,0,0,0],
        "skill_crit": [0,0,0,0,0,0,0],
        "crit_resistance": [0,0,0,0,0,0,0],
        "final_extra": [0,0,0,0,0,0,0],
        "final_reduce": [0,0,0,0,0,0,0],
        "ignore_magicDef": [0,0,0,0,0,0,0]
    },
    "10032": {
        "general_id": 10032,
        "general_hp": [228.4,456.8,685.2,913.6,1142,1370.4,1598.8],
        "general_atk": [3.2,6.4,9.6,12.8,16,19.2,22.4],
        "general_def": [3.9,7.8,11.7,15.6,19.5,23.4,27.3],
        "atk_crit": [0,0,0,0,0,0,0],
        "crit_extra": [0.15,0.3,0.45,0.6,0.75,0.9,1.05],
        "dodge_rate": [0,0,0,0,0,0,0],
        "hit_rate": [0,0,0,0,0,0,0],
        "ignore_phyDef": [0,0,0,0,0,0,0],
        "rage_reduce": [0,0,0,0,0,0,0],
        "universal_resistance": [0,0,0,0,0,0,0],
        "ignore_resistance": [0,0,0,0,0,0,0],
        "float_resistance": [0,0,0,0,0,0,0],
        "cd_speed": [0,0,0,0,0,0,0],
        "support_consume": [0,0,0,0,0,0,0],
        "general_atk_all": [0,0,0,0,0,0,0],
        "general_def_all": [0,0,0,0,0,0,0],
        "all_crit": [0,0,0,0,0,0,0],
        "ignore_def_all": [0,0,0,0,0,0,0],
        "skill_atk": [0,0,0,0,0,0,0],
        "skill_def": [0,0,0,0,0,0,0],
        "skill_crit": [0,0,0,0,0,0,0],
        "crit_resistance": [0,0,0,0,0,0,0],
        "final_extra": [0,0,0,0,0,0,0],
        "final_reduce": [0,0,0,0,0,0,0],
        "ignore_magicDef": [0,0,0,0,0,0,0]
    },
    "10033": {
        "general_id": 10033,
        "general_hp": [205.6,411.2,616.8,822.4,1028,1233.6,1439.2],
        "general_atk": [5,10,15,20,25,30,35],
        "general_def": [3.5,7,10.5,14,17.5,21,24.5],
        "atk_crit": [0,0,0,0,0,0,0],
        "crit_extra": [0.15,0.3,0.45,0.6,0.75,0.9,1.05],
        "dodge_rate": [0,0,0,0,0,0,0],
        "hit_rate": [0,0,0,0,0,0,0],
        "ignore_phyDef": [0,0,0,0,0,0,0],
        "rage_reduce": [0,0,0,0,0,0,0],
        "universal_resistance": [0,0,0,0,0,0,0],
        "ignore_resistance": [0,0,0,0,0,0,0],
        "float_resistance": [0,0,0,0,0,0,0],
        "cd_speed": [0,0,0,0,0,0,0],
        "support_consume": [0,0,0,0,0,0,0],
        "general_atk_all": [0,0,0,0,0,0,0],
        "general_def_all": [0,0,0,0,0,0,0],
        "all_crit": [0,0,0,0,0,0,0],
        "ignore_def_all": [0,0,0,0,0,0,0],
        "skill_atk": [0,0,0,0,0,0,0],
        "skill_def": [0,0,0,0,0,0,0],
        "skill_crit": [0,0,0,0,0,0,0],
        "crit_resistance": [0,0,0,0,0,0,0],
        "final_extra": [0,0,0,0,0,0,0],
        "final_reduce": [0,0,0,0,0,0,0],
        "ignore_magicDef": [0,0,0,0,0,0,0]
    },
    "10034": {
        "general_id": 10034,
        "general_hp": [196.3,392.6,588.9,785.2,981.5,1177.8,1374.1],
        "general_atk": [4.8,9.6,14.4,19.2,24,28.8,33.6],
        "general_def": [3.3,6.6,9.9,13.2,16.5,19.8,23.1],
        "atk_crit": [0,0,0,0,0,0,0],
        "crit_extra": [0.15,0.3,0.45,0.6,0.75,0.9,1.05],
        "dodge_rate": [0,0,0,0,0,0,0],
        "hit_rate": [0,0,0,0,0,0,0],
        "ignore_phyDef": [0,0,0,0,0,0,0],
        "rage_reduce": [0,0,0,0,0,0,0],
        "universal_resistance": [0,0,0,0,0,0,0],
        "ignore_resistance": [0,0,0,0,0,0,0],
        "float_resistance": [0,0,0,0,0,0,0],
        "cd_speed": [0,0,0,0,0,0,0],
        "support_consume": [0,0,0,0,0,0,0],
        "general_atk_all": [0,0,0,0,0,0,0],
        "general_def_all": [0,0,0,0,0,0,0],
        "all_crit": [0,0,0,0,0,0,0],
        "ignore_def_all": [0,0,0,0,0,0,0],
        "skill_atk": [0,0,0,0,0,0,0],
        "skill_def": [0,0,0,0,0,0,0],
        "skill_crit": [0,0,0,0,0,0,0],
        "crit_resistance": [0,0,0,0,0,0,0],
        "final_extra": [0,0,0,0,0,0,0],
        "final_reduce": [0,0,0,0,0,0,0],
        "ignore_magicDef": [0,0,0,0,0,0,0]
    },
    "10035": {
        "general_id": 10035,
        "general_hp": [205.6,411.2,616.8,822.4,1028,1233.6,1439.2],
        "general_atk": [5,10,15,20,25,30,35],
        "general_def": [3.5,7,10.5,14,17.5,21,24.5],
        "atk_crit": [0,0,0,0,0,0,0],
        "crit_extra": [0.15,0.3,0.45,0.6,0.75,0.9,1.05],
        "dodge_rate": [0,0,0,0,0,0,0],
        "hit_rate": [0,0,0,0,0,0,0],
        "ignore_phyDef": [0,0,0,0,0,0,0],
        "rage_reduce": [0,0,0,0,0,0,0],
        "universal_resistance": [0,0,0,0,0,0,0],
        "ignore_resistance": [0,0,0,0,0,0,0],
        "float_resistance": [0,0,0,0,0,0,0],
        "cd_speed": [0,0,0,0,0,0,0],
        "support_consume": [0,0,0,0,0,0,0],
        "general_atk_all": [0,0,0,0,0,0,0],
        "general_def_all": [0,0,0,0,0,0,0],
        "all_crit": [0,0,0,0,0,0,0],
        "ignore_def_all": [0,0,0,0,0,0,0],
        "skill_atk": [0,0,0,0,0,0,0],
        "skill_def": [0,0,0,0,0,0,0],
        "skill_crit": [0,0,0,0,0,0,0],
        "crit_resistance": [0,0,0,0,0,0,0],
        "final_extra": [0,0,0,0,0,0,0],
        "final_reduce": [0,0,0,0,0,0,0],
        "ignore_magicDef": [0,0,0,0,0,0,0]
    },
    "10036": {
        "general_id": 10036,
        "general_hp": [251.3,502.6,753.9,1005.2,1256.5,1507.8,1759.1],
        "general_atk": [3.5,7,10.5,14,17.5,21,24.5],
        "general_def": [4.2,8.4,12.6,16.8,21,25.2,29.4],
        "atk_crit": [0,0,0,0,0,0,0],
        "crit_extra": [0.15,0.3,0.45,0.6,0.75,0.9,1.05],
        "dodge_rate": [0,0,0,0,0,0,0],
        "hit_rate": [0,0,0,0,0,0,0],
        "ignore_phyDef": [0,0,0,0,0,0,0],
        "rage_reduce": [0,0,0,0,0,0,0],
        "universal_resistance": [0,0,0,0,0,0,0],
        "ignore_resistance": [0,0,0,0,0,0,0],
        "float_resistance": [0,0,0,0,0,0,0],
        "cd_speed": [0,0,0,0,0,0,0],
        "support_consume": [0,0,0,0,0,0,0],
        "general_atk_all": [0,0,0,0,0,0,0],
        "general_def_all": [0,0,0,0,0,0,0],
        "all_crit": [0,0,0,0,0,0,0],
        "ignore_def_all": [0,0,0,0,0,0,0],
        "skill_atk": [0,0,0,0,0,0,0],
        "skill_def": [0,0,0,0,0,0,0],
        "skill_crit": [0,0,0,0,0,0,0],
        "crit_resistance": [0,0,0,0,0,0,0],
        "final_extra": [0,0,0,0,0,0,0],
        "final_reduce": [0,0,0,0,0,0,0],
        "ignore_magicDef": [0,0,0,0,0,0,0]
    },
    "10037": {
        "general_id": 10037,
        "general_hp": [330,660,990,1320,1650,1980,2310],
        "general_atk": [3.5,7,10.5,14,17.5,21,24.5],
        "general_def": [3.5,7,10.5,14,17.5,21,24.5],
        "atk_crit": [0,0,0,0,0,0,0],
        "crit_extra": [0.15,0.3,0.45,0.6,0.75,0.9,1.05],
        "dodge_rate": [0,0,0,0,0,0,0],
        "hit_rate": [0,0,0,0,0,0,0],
        "ignore_phyDef": [0,0,0,0,0,0,0],
        "rage_reduce": [0,0,0,0,0,0,0],
        "universal_resistance": [0,0,0,0,0,0,0],
        "ignore_resistance": [0,0,0,0,0,0,0],
        "float_resistance": [0,0,0,0,0,0,0],
        "cd_speed": [0,0,0,0,0,0,0],
        "support_consume": [0,0,0,0,0,0,0],
        "general_atk_all": [0,0,0,0,0,0,0],
        "general_def_all": [0,0,0,0,0,0,0],
        "all_crit": [0,0,0,0,0,0,0],
        "ignore_def_all": [0,0,0,0,0,0,0],
        "skill_atk": [0,0,0,0,0,0,0],
        "skill_def": [0,0,0,0,0,0,0],
        "skill_crit": [0,0,0,0,0,0,0],
        "crit_resistance": [0,0,0,0,0,0,0],
        "final_extra": [0,0,0,0,0,0,0],
        "final_reduce": [0,0,0,0,0,0,0],
        "ignore_magicDef": [0,0,0,0,0,0,0]
    },
    "10038": {
        "general_id": 10038,
        "general_hp": [207.7,415.4,623.1,830.8,1038.5,1246.2,1453.9],
        "general_atk": [3.5,7,10.5,14,17.5,21,24.5],
        "general_def": [3.5,7,10.5,14,17.5,21,24.5],
        "atk_crit": [0,0,0,0,0,0,0],
        "crit_extra": [0.15,0.3,0.45,0.6,0.75,0.9,1.05],
        "dodge_rate": [0,0,0,0,0,0,0],
        "hit_rate": [0,0,0,0,0,0,0],
        "ignore_phyDef": [0,0,0,0,0,0,0],
        "rage_reduce": [0,0,0,0,0,0,0],
        "universal_resistance": [0,0,0,0,0,0,0],
        "ignore_resistance": [0,0,0,0,0,0,0],
        "float_resistance": [0,0,0,0,0,0,0],
        "cd_speed": [0,0,0,0,0,0,0],
        "support_consume": [0,0,0,0,0,0,0],
        "general_atk_all": [0,0,0,0,0,0,0],
        "general_def_all": [0,0,0,0,0,0,0],
        "all_crit": [0,0,0,0,0,0,0],
        "ignore_def_all": [0,0,0,0,0,0,0],
        "skill_atk": [0,0,0,0,0,0,0],
        "skill_def": [0,0,0,0,0,0,0],
        "skill_crit": [0,0,0,0,0,0,0],
        "crit_resistance": [0,0,0,0,0,0,0],
        "final_extra": [0,0,0,0,0,0,0],
        "final_reduce": [0,0,0,0,0,0,0],
        "ignore_magicDef": [0,0,0,0,0,0,0]
    },
    "10039": {
        "general_id": 10039,
        "general_hp": [218.1,436.2,654.3,872.4,1090.5,1308.6,1526.7],
        "general_atk": [3.7,7.4,11.1,14.8,18.5,22.2,25.9],
        "general_def": [3.7,7.4,11.1,14.8,18.5,22.2,25.9],
        "atk_crit": [0,0,0,0,0,0,0],
        "crit_extra": [0.15,0.3,0.45,0.6,0.75,0.9,1.05],
        "dodge_rate": [0,0,0,0,0,0,0],
        "hit_rate": [0,0,0,0,0,0,0],
        "ignore_phyDef": [0,0,0,0,0,0,0],
        "rage_reduce": [0,0,0,0,0,0,0],
        "universal_resistance": [0,0,0,0,0,0,0],
        "ignore_resistance": [0,0,0,0,0,0,0],
        "float_resistance": [0,0,0,0,0,0,0],
        "cd_speed": [0,0,0,0,0,0,0],
        "support_consume": [0,0,0,0,0,0,0],
        "general_atk_all": [0,0,0,0,0,0,0],
        "general_def_all": [0,0,0,0,0,0,0],
        "all_crit": [0,0,0,0,0,0,0],
        "ignore_def_all": [0,0,0,0,0,0,0],
        "skill_atk": [0,0,0,0,0,0,0],
        "skill_def": [0.45,0.6,0.75,0.9,1.05,1.2,1.35],
        "skill_crit": [0,0,0,0,0,0,0],
        "crit_resistance": [0,0,0,0,0,0,0],
        "final_extra": [0,0,0,0,0,0,0],
        "final_reduce": [0,0,0,0,0,0,0],
        "ignore_magicDef": [0,0,0,0,0,0,0]
    },
    "10040": {
        "general_id": 10040,
        "general_hp": [228.4,456.8,685.2,913.6,1142,1370.4,1598.8],
        "general_atk": [3.9,7.8,11.7,15.6,19.5,23.4,27.3],
        "general_def": [3.9,7.8,11.7,15.6,19.5,23.4,27.3],
        "atk_crit": [0,0,0,0,0,0,0],
        "crit_extra": [0.15,0.3,0.45,0.6,0.75,0.9,1.05],
        "dodge_rate": [0,0,0,0,0,0,0],
        "hit_rate": [0,0,0,0,0,0,0],
        "ignore_phyDef": [0,0,0,0,0,0,0],
        "rage_reduce": [0,0,0,0,0,0,0],
        "universal_resistance": [0,0,0,0,0,0,0],
        "ignore_resistance": [0,0,0,0,0,0,0],
        "float_resistance": [0,0,0,0,0,0,0],
        "cd_speed": [0,0,0,0,0,0,0],
        "support_consume": [0,0,0,0,0,0,0],
        "general_atk_all": [0,0,0,0,0,0,0],
        "general_def_all": [0,0,0,0,0,0,0],
        "all_crit": [0,0,0,0,0,0,0],
        "ignore_def_all": [0,0,0,0,0,0,0],
        "skill_atk": [0,0,0,0,0,0,0],
        "skill_def": [0,0,0,0,0,0,0],
        "skill_crit": [0,0,0,0,0,0,0],
        "crit_resistance": [0,0,0,0,0,0,0],
        "final_extra": [0,0,0,0,0,0,0],
        "final_reduce": [0,0,0,0,0,0,0],
        "ignore_magicDef": [0,0,0,0,0,0,0]
    },
    "10041": {
        "general_id": 10041,
        "general_hp": [205.6,411.2,616.8,822.4,1028,1233.6,1439.2],
        "general_atk": [5,10,15,20,25,30,35],
        "general_def": [3.5,7,10.5,14,17.5,21,24.5],
        "atk_crit": [0,0,0,0,0,0,0],
        "crit_extra": [0.15,0.3,0.45,0.6,0.75,0.9,1.05],
        "dodge_rate": [0,0,0,0,0,0,0],
        "hit_rate": [0,0,0,0,0,0,0],
        "ignore_phyDef": [0,0,0,0,0,0,0],
        "rage_reduce": [0,0,0,0,0,0,0],
        "universal_resistance": [0,0,0,0,0,0,0],
        "ignore_resistance": [0,0,0,0,0,0,0],
        "float_resistance": [0,0,0,0,0,0,0],
        "cd_speed": [0,0,0,0,0,0,0],
        "support_consume": [0,0,0,0,0,0,0],
        "general_atk_all": [0,0,0,0,0,0,0],
        "general_def_all": [0,0,0,0,0,0,0],
        "all_crit": [0,0,0,0,0,0,0],
        "ignore_def_all": [0,0,0,0,0,0,0],
        "skill_atk": [0,0,0,0,0,0,0],
        "skill_def": [0,0,0,0,0,0,0],
        "skill_crit": [0,0,0,0,0,0,0],
        "crit_resistance": [0,0,0,0,0,0,0],
        "final_extra": [0,0,0,0,0,0,0],
        "final_reduce": [0,0,0,0,0,0,0],
        "ignore_magicDef": [0,0,0,0,0,0,0]
    },
    "10042": {
        "general_id": 10042,
        "general_hp": [228.4,456.8,685.2,913.6,1142,1370.4,1598.8],
        "general_atk": [3.9,7.8,11.7,15.6,19.5,23.4,27.3],
        "general_def": [3.9,7.8,11.7,15.6,19.5,23.4,27.3],
        "atk_crit": [0,0,0,0,0,0,0],
        "crit_extra": [0.15,0.3,0.45,0.6,0.75,0.9,1.05],
        "dodge_rate": [0,0,0,0,0,0,0],
        "hit_rate": [0,0,0,0,0,0,0],
        "ignore_phyDef": [0,0,0,0,0,0,0],
        "rage_reduce": [0,0,0,0,0,0,0],
        "universal_resistance": [0,0,0,0,0,0,0],
        "ignore_resistance": [0,0,0,0,0,0,0],
        "float_resistance": [0,0,0,0,0,0,0],
        "cd_speed": [0,0,0,0,0,0,0],
        "support_consume": [0,0,0,0,0,0,0],
        "general_atk_all": [0,0,0,0,0,0,0],
        "general_def_all": [0,0,0,0,0,0,0],
        "all_crit": [0,0,0,0,0,0,0],
        "ignore_def_all": [0,0,0,0,0,0,0],
        "skill_atk": [0,0,0,0,0,0,0],
        "skill_def": [0,0,0,0,0,0,0],
        "skill_crit": [0,0,0,0,0,0,0],
        "crit_resistance": [0,0,0,0,0,0,0],
        "final_extra": [0,0,0,0,0,0,0],
        "final_reduce": [0,0,0,0,0,0,0],
        "ignore_magicDef": [0,0,0,0,0,0,0]
    },
    "10043": {
        "general_id": 10043,
        "general_hp": [251.3,502.6,753.9,1005.2,1256.5,1507.8,1759.1],
        "general_atk": [3.5,7,10.5,14,17.5,21,24.5],
        "general_def": [4.2,8.4,12.6,16.8,21,25.2,29.4],
        "atk_crit": [0,0,0,0,0,0,0],
        "crit_extra": [0.15,0.3,0.45,0.6,0.75,0.9,1.05],
        "dodge_rate": [0.15,0.2,0.25,0.3,0.35,0.4,0.45],
        "hit_rate": [0,0,0,0,0,0,0],
        "ignore_phyDef": [0,0,0,0,0,0,0],
        "rage_reduce": [0,0,0,0,0,0,0],
        "universal_resistance": [0,0,0,0,0,0,0],
        "ignore_resistance": [0,0,0,0,0,0,0],
        "float_resistance": [0,0,0,0,0,0,0],
        "cd_speed": [0,0,0,0,0,0,0],
        "support_consume": [0,0,0,0,0,0,0],
        "general_atk_all": [0,0,0,0,0,0,0],
        "general_def_all": [0,0,0,0,0,0,0],
        "all_crit": [0,0,0,0,0,0,0],
        "ignore_def_all": [0,0,0,0,0,0,0],
        "skill_atk": [0,0,0,0,0,0,0],
        "skill_def": [0,0,0,0,0,0,0],
        "skill_crit": [0,0,0,0,0,0,0],
        "crit_resistance": [0,0,0,0,0,0,0],
        "final_extra": [0,0,0,0,0,0,0],
        "final_reduce": [0,0,0,0,0,0,0],
        "ignore_magicDef": [0,0,0,0,0,0,0]
    },
    "10044": {
        "general_id": 10044,
        "general_hp": [228.4,456.8,685.2,913.6,1142,1370.4,1598.8],
        "general_atk": [3.9,7.8,11.7,15.6,19.5,23.4,27.3],
        "general_def": [3.9,7.8,11.7,15.6,19.5,23.4,27.3],
        "atk_crit": [0,0,0,0,0,0,0],
        "crit_extra": [0.15,0.3,0.45,0.6,0.75,0.9,1.05],
        "dodge_rate": [0,0,0,0,0,0,0],
        "hit_rate": [0,0,0,0,0,0,0],
        "ignore_phyDef": [0,0,0,0,0,0,0],
        "rage_reduce": [0,0,0,0,0,0,0],
        "universal_resistance": [0,0,0,0,0,0,0],
        "ignore_resistance": [0,0,0,0,0,0,0],
        "float_resistance": [0,0,0,0,0,0,0],
        "cd_speed": [0,0,0,0,0,0,0],
        "support_consume": [0,0,0,0,0,0,0],
        "general_atk_all": [0,0,0,0,0,0,0],
        "general_def_all": [0,0,0,0,0,0,0],
        "all_crit": [0,0,0,0,0,0,0],
        "ignore_def_all": [0,0,0,0,0,0,0],
        "skill_atk": [0,0,0,0,0,0,0],
        "skill_def": [0,0,0,0,0,0,0],
        "skill_crit": [0,0,0,0,0,0,0],
        "crit_resistance": [0,0,0,0,0,0,0],
        "final_extra": [0,0,0,0,0,0,0],
        "final_reduce": [0,0,0,0,0,0,0],
        "ignore_magicDef": [0,0,0,0,0,0,0]
    },
    "10045": {
        "general_id": 10045,
        "general_hp": [158.9,317.8,476.7,635.6,794.5,953.4,1112.3],
        "general_atk": [3.9,7.8,11.7,15.6,19.5,23.4,27.3],
        "general_def": [2.7,5.4,8.1,10.8,13.5,16.2,18.9],
        "atk_crit": [0,0,0,0,0,0,0],
        "crit_extra": [0.15,0.3,0.45,0.6,0.75,0.9,1.05],
        "dodge_rate": [0,0,0,0,0,0,0],
        "hit_rate": [0,0,0,0,0,0,0],
        "ignore_phyDef": [0,0,0,0,0,0,0],
        "rage_reduce": [0,0,0,0,0,0,0],
        "universal_resistance": [0,0,0,0,0,0,0],
        "ignore_resistance": [0,0,0,0,0,0,0],
        "float_resistance": [0,0,0,0,0,0,0],
        "cd_speed": [0,0,0,0,0,0,0],
        "support_consume": [0,0,0,0,0,0,0],
        "general_atk_all": [0,0,0,0,0,0,0],
        "general_def_all": [0,0,0,0,0,0,0],
        "all_crit": [0,0,0,0,0,0,0],
        "ignore_def_all": [0,0,0,0,0,0,0],
        "skill_atk": [0,0,0,0,0,0,0],
        "skill_def": [0,0,0,0,0,0,0],
        "skill_crit": [0,0,0,0,0,0,0],
        "crit_resistance": [0,0,0,0,0,0,0],
        "final_extra": [0,0,0,0,0,0,0],
        "final_reduce": [0,0,0,0,0,0,0],
        "ignore_magicDef": [0,0,0,0,0,0,0]
    },
    "10046": {
        "general_id": 10046,
        "general_hp": [158.9,317.8,476.7,635.6,794.5,953.4,1112.3],
        "general_atk": [3.9,7.8,11.7,15.6,19.5,23.4,27.3],
        "general_def": [2.7,5.4,8.1,10.8,13.5,16.2,18.9],
        "atk_crit": [0,0,0,0,0,0,0],
        "crit_extra": [0.15,0.3,0.45,0.6,0.75,0.9,1.05],
        "dodge_rate": [0,0,0,0,0,0,0],
        "hit_rate": [0,0,0,0,0,0,0],
        "ignore_phyDef": [0,0,0,0,0,0,0],
        "rage_reduce": [0,0,0,0,0,0,0],
        "universal_resistance": [0,0,0,0,0,0,0],
        "ignore_resistance": [0,0,0,0,0,0,0],
        "float_resistance": [0,0,0,0,0,0,0],
        "cd_speed": [0,0,0,0,0,0,0],
        "support_consume": [0,0,0,0,0,0,0],
        "general_atk_all": [0,0,0,0,0,0,0],
        "general_def_all": [0,0,0,0,0,0,0],
        "all_crit": [0,0,0,0,0,0,0],
        "ignore_def_all": [0,0,0,0,0,0,0],
        "skill_atk": [0,0,0,0,0,0,0],
        "skill_def": [0,0,0,0,0,0,0],
        "skill_crit": [0,0,0,0,0,0,0],
        "crit_resistance": [0,0,0,0,0,0,0],
        "final_extra": [0,0,0,0,0,0,0],
        "final_reduce": [0,0,0,0,0,0,0],
        "ignore_magicDef": [0,0,0,0,0,0,0]
    },
    "10047": {
        "general_id": 10047,
        "general_hp": [158.9,317.8,476.7,635.6,794.5,953.4,1112.3],
        "general_atk": [3.9,7.8,11.7,15.6,19.5,23.4,27.3],
        "general_def": [2.7,5.4,8.1,10.8,13.5,16.2,18.9],
        "atk_crit": [0,0,0,0,0,0,0],
        "crit_extra": [0.15,0.3,0.45,0.6,0.75,0.9,1.05],
        "dodge_rate": [0,0,0,0,0,0,0],
        "hit_rate": [0,0,0,0,0,0,0],
        "ignore_phyDef": [0,0,0,0,0,0,0],
        "rage_reduce": [0,0,0,0,0,0,0],
        "universal_resistance": [0,0,0,0,0,0,0],
        "ignore_resistance": [0,0,0,0,0,0,0],
        "float_resistance": [0,0,0,0,0,0,0],
        "cd_speed": [0,0,0,0,0,0,0],
        "support_consume": [0,0,0,0,0,0,0],
        "general_atk_all": [0,0,0,0,0,0,0],
        "general_def_all": [0,0,0,0,0,0,0],
        "all_crit": [0,0,0,0,0,0,0],
        "ignore_def_all": [0,0,0,0,0,0,0],
        "skill_atk": [0,0,0,0,0,0,0],
        "skill_def": [0,0,0,0,0,0,0],
        "skill_crit": [0,0,0,0,0,0,0],
        "crit_resistance": [0,0,0,0,0,0,0],
        "final_extra": [0,0,0,0,0,0,0],
        "final_reduce": [0,0,0,0,0,0,0],
        "ignore_magicDef": [0,0,0,0,0,0,0]
    },
    "10048": {
        "general_id": 10048,
        "general_hp": [158.9,317.8,476.7,635.6,794.5,953.4,1112.3],
        "general_atk": [3.9,7.8,11.7,15.6,19.5,23.4,27.3],
        "general_def": [2.7,5.4,8.1,10.8,13.5,16.2,18.9],
        "atk_crit": [0,0,0,0,0,0,0],
        "crit_extra": [0.15,0.3,0.45,0.6,0.75,0.9,1.05],
        "dodge_rate": [0,0,0,0,0,0,0],
        "hit_rate": [0,0,0,0,0,0,0],
        "ignore_phyDef": [0,0,0,0,0,0,0],
        "rage_reduce": [0,0,0,0,0,0,0],
        "universal_resistance": [0,0,0,0,0,0,0],
        "ignore_resistance": [0,0,0,0,0,0,0],
        "float_resistance": [0,0,0,0,0,0,0],
        "cd_speed": [0,0,0,0,0,0,0],
        "support_consume": [0,0,0,0,0,0,0],
        "general_atk_all": [0,0,0,0,0,0,0],
        "general_def_all": [0,0,0,0,0,0,0],
        "all_crit": [0,0,0,0,0,0,0],
        "ignore_def_all": [0,0,0,0,0,0,0],
        "skill_atk": [0,0,0,0,0,0,0],
        "skill_def": [0,0,0,0,0,0,0],
        "skill_crit": [0,0,0,0,0,0,0],
        "crit_resistance": [0,0,0,0,0,0,0],
        "final_extra": [0,0,0,0,0,0,0],
        "final_reduce": [0,0,0,0,0,0,0],
        "ignore_magicDef": [0,0,0,0,0,0,0]
    },
    "10049": {
        "general_id": 10049,
        "general_hp": [194.2,388.4,582.6,776.8,971,1165.2,1359.4],
        "general_atk": [2.7,5.4,8.1,10.8,13.5,16.2,18.9],
        "general_def": [3.3,6.6,9.9,13.2,16.5,19.8,23.1],
        "atk_crit": [0,0,0,0,0,0,0],
        "crit_extra": [0.15,0.3,0.45,0.6,0.75,0.9,1.05],
        "dodge_rate": [0,0,0,0,0,0,0],
        "hit_rate": [0,0,0,0,0,0,0],
        "ignore_phyDef": [0,0,0,0,0,0,0],
        "rage_reduce": [0,0,0,0,0,0,0],
        "universal_resistance": [0,0,0,0,0,0,0],
        "ignore_resistance": [0,0,0,0,0,0,0],
        "float_resistance": [0,0,0,0,0,0,0],
        "cd_speed": [0,0,0,0,0,0,0],
        "support_consume": [0,0,0,0,0,0,0],
        "general_atk_all": [0,0,0,0,0,0,0],
        "general_def_all": [0,0,0,0,0,0,0],
        "all_crit": [0,0,0,0,0,0,0],
        "ignore_def_all": [0,0,0,0,0,0,0],
        "skill_atk": [0,0,0,0,0,0,0],
        "skill_def": [0,0,0,0,0,0,0],
        "skill_crit": [0,0,0,0,0,0,0],
        "crit_resistance": [0,0,0,0,0,0,0],
        "final_extra": [0,0,0,0,0,0,0],
        "final_reduce": [0,0,0,0,0,0,0],
        "ignore_magicDef": [0,0,0,0,0,0,0]
    },
    "10050": {
        "general_id": 10050,
        "general_hp": [194.2,388.4,582.6,776.8,971,1165.2,1359.4],
        "general_atk": [2.7,5.4,8.1,10.8,13.5,16.2,18.9],
        "general_def": [3.3,6.6,9.9,13.2,16.5,19.8,23.1],
        "atk_crit": [0,0,0,0,0,0,0],
        "crit_extra": [0.15,0.3,0.45,0.6,0.75,0.9,1.05],
        "dodge_rate": [0,0,0,0,0,0,0],
        "hit_rate": [0,0,0,0,0,0,0],
        "ignore_phyDef": [0,0,0,0,0,0,0],
        "rage_reduce": [0,0,0,0,0,0,0],
        "universal_resistance": [0,0,0,0,0,0,0],
        "ignore_resistance": [0,0,0,0,0,0,0],
        "float_resistance": [0,0,0,0,0,0,0],
        "cd_speed": [0,0,0,0,0,0,0],
        "support_consume": [0,0,0,0,0,0,0],
        "general_atk_all": [0,0,0,0,0,0,0],
        "general_def_all": [0,0,0,0,0,0,0],
        "all_crit": [0,0,0,0,0,0,0],
        "ignore_def_all": [0,0,0,0,0,0,0],
        "skill_atk": [0,0,0,0,0,0,0],
        "skill_def": [0,0,0,0,0,0,0],
        "skill_crit": [0,0,0,0,0,0,0],
        "crit_resistance": [0,0,0,0,0,0,0],
        "final_extra": [0,0,0,0,0,0,0],
        "final_reduce": [0,0,0,0,0,0,0],
        "ignore_magicDef": [0,0,0,0,0,0,0]
    },
    "10051": {
        "general_id": 10051,
        "general_hp": [176.5,353,529.5,706,882.5,1059,1235.5],
        "general_atk": [3,6,9,12,15,18,21],
        "general_def": [3,6,9,12,15,18,21],
        "atk_crit": [0,0,0,0,0,0,0],
        "crit_extra": [0.15,0.3,0.45,0.6,0.75,0.9,1.05],
        "dodge_rate": [0,0,0,0,0,0,0],
        "hit_rate": [0,0,0,0,0,0,0],
        "ignore_phyDef": [0,0,0,0,0,0,0],
        "rage_reduce": [0,0,0,0,0,0,0],
        "universal_resistance": [0,0,0,0,0,0,0],
        "ignore_resistance": [0,0,0,0,0,0,0],
        "float_resistance": [0,0,0,0,0,0,0],
        "cd_speed": [0,0,0,0,0,0,0],
        "support_consume": [0,0,0,0,0,0,0],
        "general_atk_all": [0,0,0,0,0,0,0],
        "general_def_all": [0,0,0,0,0,0,0],
        "all_crit": [0,0,0,0,0,0,0],
        "ignore_def_all": [0,0,0,0,0,0,0],
        "skill_atk": [0,0,0,0,0,0,0],
        "skill_def": [0,0,0,0,0,0,0],
        "skill_crit": [0,0,0,0,0,0,0],
        "crit_resistance": [0,0,0,0,0,0,0],
        "final_extra": [0,0,0,0,0,0,0],
        "final_reduce": [0,0,0,0,0,0,0],
        "ignore_magicDef": [0,0,0,0,0,0,0]
    },
    "10052": {
        "general_id": 10052,
        "general_hp": [158.9,317.8,476.7,635.6,794.5,953.4,1112.3],
        "general_atk": [3.9,7.8,11.7,15.6,19.5,23.4,27.3],
        "general_def": [2.7,5.4,8.1,10.8,13.5,16.2,18.9],
        "atk_crit": [0,0,0,0,0,0,0],
        "crit_extra": [0.15,0.3,0.45,0.6,0.75,0.9,1.05],
        "dodge_rate": [0,0,0,0,0,0,0],
        "hit_rate": [0,0,0,0,0,0,0],
        "ignore_phyDef": [0,0,0,0,0,0,0],
        "rage_reduce": [0,0,0,0,0,0,0],
        "universal_resistance": [0,0,0,0,0,0,0],
        "ignore_resistance": [0,0,0,0,0,0,0],
        "float_resistance": [0,0,0,0,0,0,0],
        "cd_speed": [0,0,0,0,0,0,0],
        "support_consume": [0,0,0,0,0,0,0],
        "general_atk_all": [0,0,0,0,0,0,0],
        "general_def_all": [0,0,0,0,0,0,0],
        "all_crit": [0,0,0,0,0,0,0],
        "ignore_def_all": [0,0,0,0,0,0,0],
        "skill_atk": [0,0,0,0,0,0,0],
        "skill_def": [0,0,0,0,0,0,0],
        "skill_crit": [0,0,0,0,0,0,0],
        "crit_resistance": [0,0,0,0,0,0,0],
        "final_extra": [0,0,0,0,0,0,0],
        "final_reduce": [0,0,0,0,0,0,0],
        "ignore_magicDef": [0,0,0,0,0,0,0]
    },
    "10053": {
        "general_id": 10053,
        "general_hp": [158.9,317.8,476.7,635.6,794.5,953.4,1112.3],
        "general_atk": [3.9,7.8,11.7,15.6,19.5,23.4,27.3],
        "general_def": [2.7,5.4,8.1,10.8,13.5,16.2,18.9],
        "atk_crit": [0,0,0,0,0,0,0],
        "crit_extra": [0.15,0.3,0.45,0.6,0.75,0.9,1.05],
        "dodge_rate": [0,0,0,0,0,0,0],
        "hit_rate": [0,0,0,0,0,0,0],
        "ignore_phyDef": [0,0,0,0,0,0,0],
        "rage_reduce": [0,0,0,0,0,0,0],
        "universal_resistance": [0,0,0,0,0,0,0],
        "ignore_resistance": [0,0,0,0,0,0,0],
        "float_resistance": [0,0,0,0,0,0,0],
        "cd_speed": [0,0,0,0,0,0,0],
        "support_consume": [0,0,0,0,0,0,0],
        "general_atk_all": [0,0,0,0,0,0,0],
        "general_def_all": [0,0,0,0,0,0,0],
        "all_crit": [0,0,0,0,0,0,0],
        "ignore_def_all": [0,0,0,0,0,0,0],
        "skill_atk": [0,0,0,0,0,0,0],
        "skill_def": [0,0,0,0,0,0,0],
        "skill_crit": [0,0,0,0,0,0,0],
        "crit_resistance": [0,0,0,0,0,0,0],
        "final_extra": [0,0,0,0,0,0,0],
        "final_reduce": [0,0,0,0,0,0,0],
        "ignore_magicDef": [0,0,0,0,0,0,0]
    },
    "10054": {
        "general_id": 10054,
        "general_hp": [158.9,317.8,476.7,635.6,794.5,953.4,1112.3],
        "general_atk": [3.9,7.8,11.7,15.6,19.5,23.4,27.3],
        "general_def": [2.7,5.4,8.1,10.8,13.5,16.2,18.9],
        "atk_crit": [0,0,0,0,0,0,0],
        "crit_extra": [0.15,0.3,0.45,0.6,0.75,0.9,1.05],
        "dodge_rate": [0,0,0,0,0,0,0],
        "hit_rate": [0,0,0,0,0,0,0],
        "ignore_phyDef": [0,0,0,0,0,0,0],
        "rage_reduce": [0,0,0,0,0,0,0],
        "universal_resistance": [0,0,0,0,0,0,0],
        "ignore_resistance": [0,0,0,0,0,0,0],
        "float_resistance": [0,0,0,0,0,0,0],
        "cd_speed": [0,0,0,0,0,0,0],
        "support_consume": [0,0,0,0,0,0,0],
        "general_atk_all": [0,0,0,0,0,0,0],
        "general_def_all": [0,0,0,0,0,0,0],
        "all_crit": [0,0,0,0,0,0,0],
        "ignore_def_all": [0,0,0,0,0,0,0],
        "skill_atk": [0,0,0,0,0,0,0],
        "skill_def": [0,0,0,0,0,0,0],
        "skill_crit": [0,0,0,0,0,0,0],
        "crit_resistance": [0,0,0,0,0,0,0],
        "final_extra": [0,0,0,0,0,0,0],
        "final_reduce": [0,0,0,0,0,0,0],
        "ignore_magicDef": [0,0,0,0,0,0,0]
    },
    "10055": {
        "general_id": 10055,
        "general_hp": [218.1,436.2,654.3,872.4,1090.5,1308.6,1526.7],
        "general_atk": [3.7,7.4,11.1,14.8,18.5,22.2,25.9],
        "general_def": [3.7,7.4,11.1,14.8,18.5,22.2,25.9],
        "atk_crit": [0,0,0,0,0,0,0],
        "crit_extra": [0.15,0.3,0.45,0.6,0.75,0.9,1.05],
        "dodge_rate": [0,0,0,0,0,0,0],
        "hit_rate": [0,0,0,0,0,0,0],
        "ignore_phyDef": [0,0,0,0,0,0,0],
        "rage_reduce": [0,0,0,0,0,0,0],
        "universal_resistance": [0,0,0,0,0,0,0],
        "ignore_resistance": [0,0,0,0,0,0,0],
        "float_resistance": [0,0,0,0,0,0,0],
        "cd_speed": [0,0,0,0,0,0,0],
        "support_consume": [0,0,0,0,0,0,0],
        "general_atk_all": [0,0,0,0,0,0,0],
        "general_def_all": [0,0,0,0,0,0,0],
        "all_crit": [0,0,0,0,0,0,0],
        "ignore_def_all": [0,0,0,0,0,0,0],
        "skill_atk": [0,0,0,0,0,0,0],
        "skill_def": [0,0,0,0,0,0,0],
        "skill_crit": [0,0,0,0,0,0,0],
        "crit_resistance": [0,0,0,0,0,0,0],
        "final_extra": [0,0,0,0,0,0,0],
        "final_reduce": [0,0,0,0,0,0,0],
        "ignore_magicDef": [0,0,0,0,0,0,0]
    },
    "10056": {
        "general_id": 10056,
        "general_hp": [218.1,436.2,654.3,872.4,1090.5,1308.6,1526.7],
        "general_atk": [3.7,7.4,11.1,14.8,18.5,22.2,25.9],
        "general_def": [3.7,7.4,11.1,14.8,18.5,22.2,25.9],
        "atk_crit": [0,0,0,0,0,0,0],
        "crit_extra": [0.15,0.3,0.45,0.6,0.75,0.9,1.05],
        "dodge_rate": [0,0,0,0,0,0,0],
        "hit_rate": [0,0,0,0,0,0,0],
        "ignore_phyDef": [0,0,0,0,0,0,0],
        "rage_reduce": [0,0,0,0,0,0,0],
        "universal_resistance": [0,0,0,0,0,0,0],
        "ignore_resistance": [0,0,0,0,0,0,0],
        "float_resistance": [0,0,0,0,0,0,0],
        "cd_speed": [0,0,0,0,0,0,0],
        "support_consume": [0,0,0,0,0,0,0],
        "general_atk_all": [0,0,0,0,0,0,0],
        "general_def_all": [0,0,0,0,0,0,0],
        "all_crit": [0,0,0,0,0,0,0],
        "ignore_def_all": [0,0,0,0,0,0,0],
        "skill_atk": [0,0,0,0,0,0,0],
        "skill_def": [0,0,0,0,0,0,0],
        "skill_crit": [0,0,0,0,0,0,0],
        "crit_resistance": [0,0,0,0,0,0,0],
        "final_extra": [0,0,0,0,0,0,0],
        "final_reduce": [0,0,0,0,0,0,0],
        "ignore_magicDef": [0,0,0,0,0,0,0]
    },
    "10057": {
        "general_id": 10057,
        "general_hp": [158.9,317.8,476.7,635.6,794.5,953.4,1112.3],
        "general_atk": [3.9,7.8,11.7,15.6,19.5,23.4,27.3],
        "general_def": [2.7,5.4,8.1,10.8,13.5,16.2,18.9],
        "atk_crit": [0,0,0,0,0,0,0],
        "crit_extra": [0.15,0.3,0.45,0.6,0.75,0.9,1.05],
        "dodge_rate": [0,0,0,0,0,0,0],
        "hit_rate": [0,0,0,0,0,0,0],
        "ignore_phyDef": [0,0,0,0,0,0,0],
        "rage_reduce": [0,0,0,0,0,0,0],
        "universal_resistance": [0,0,0,0,0,0,0],
        "ignore_resistance": [0,0,0,0,0,0,0],
        "float_resistance": [0,0,0,0,0,0,0],
        "cd_speed": [0,0,0,0,0,0,0],
        "support_consume": [0,0,0,0,0,0,0],
        "general_atk_all": [0,0,0,0,0,0,0],
        "general_def_all": [0,0,0,0,0,0,0],
        "all_crit": [0,0,0,0,0,0,0],
        "ignore_def_all": [0,0,0,0,0,0,0],
        "skill_atk": [0,0,0,0,0,0,0],
        "skill_def": [0,0,0,0,0,0,0],
        "skill_crit": [0,0,0,0,0,0,0],
        "crit_resistance": [0,0,0,0,0,0,0],
        "final_extra": [0,0,0,0,0,0,0],
        "final_reduce": [0,0,0,0,0,0,0],
        "ignore_magicDef": [0,0,0,0,0,0,0]
    },
    "10058": {
        "general_id": 10058,
        "general_hp": [186.9,373.8,560.7,747.6,934.5,1121.4,1308.3],
        "general_atk": [4.6,9.2,13.8,18.4,23,27.6,32.2],
        "general_def": [3.2,6.4,9.6,12.8,16,19.2,22.4],
        "atk_crit": [0,0,0,0,0,0,0],
        "crit_extra": [0.15,0.3,0.45,0.6,0.75,0.9,1.05],
        "dodge_rate": [0,0,0,0,0,0,0],
        "hit_rate": [0,0,0,0,0,0,0],
        "ignore_phyDef": [0,0,0,0,0,0,0],
        "rage_reduce": [0,0,0,0,0,0,0],
        "universal_resistance": [0,0,0,0,0,0,0],
        "ignore_resistance": [0,0,0,0,0,0,0],
        "float_resistance": [0,0,0,0,0,0,0],
        "cd_speed": [0,0,0,0,0,0,0],
        "support_consume": [0,0,0,0,0,0,0],
        "general_atk_all": [0,0,0,0,0,0,0],
        "general_def_all": [0,0,0,0,0,0,0],
        "all_crit": [0,0,0,0,0,0,0],
        "ignore_def_all": [0,0,0,0,0,0,0],
        "skill_atk": [0,0,0,0,0,0,0],
        "skill_def": [0,0,0,0,0,0,0],
        "skill_crit": [0,0,0,0,0,0,0],
        "crit_resistance": [0,0,0,0,0,0,0],
        "final_extra": [0,0,0,0,0,0,0],
        "final_reduce": [0,0,0,0,0,0,0],
        "ignore_magicDef": [0,0,0,0,0,0,0]
    },
    "10059": {
        "general_id": 10059,
        "general_hp": [196.3,392.6,588.9,785.2,981.5,1177.8,1374.1],
        "general_atk": [4.8,9.6,14.4,19.2,24,28.8,33.6],
        "general_def": [3.3,6.6,9.9,13.2,16.5,19.8,23.1],
        "atk_crit": [0,0,0,0,0,0,0],
        "crit_extra": [0.15,0.3,0.45,0.6,0.75,0.9,1.05],
        "dodge_rate": [0,0,0,0,0,0,0],
        "hit_rate": [0,0,0,0,0,0,0],
        "ignore_phyDef": [0,0,0,0,0,0,0],
        "rage_reduce": [0,0,0,0,0,0,0],
        "universal_resistance": [0,0,0,0,0,0,0],
        "ignore_resistance": [0,0,0,0,0,0,0],
        "float_resistance": [0,0,0,0,0,0,0],
        "cd_speed": [0,0,0,0,0,0,0],
        "support_consume": [0,0,0,0,0,0,0],
        "general_atk_all": [0,0,0,0,0,0,0],
        "general_def_all": [0,0,0,0,0,0,0],
        "all_crit": [0,0,0,0,0,0,0],
        "ignore_def_all": [0,0,0,0,0,0,0],
        "skill_atk": [0,0,0,0,0,0,0],
        "skill_def": [0,0,0,0,0,0,0],
        "skill_crit": [0,0,0,0,0,0,0],
        "crit_resistance": [0,0,0,0,0,0,0],
        "final_extra": [0,0,0,0,0,0,0],
        "final_reduce": [0,0,0,0,0,0,0],
        "ignore_magicDef": [0,0,0,0,0,0,0]
    },
    "10060": {
        "general_id": 10060,
        "general_hp": [251.3,502.6,753.9,1005.2,1256.5,1507.8,1759.1],
        "general_atk": [3.5,7,10.5,14,17.5,21,24.5],
        "general_def": [4.2,8.4,12.6,16.8,21,25.2,29.4],
        "atk_crit": [0,0,0,0,0,0,0],
        "crit_extra": [0.15,0.3,0.45,0.6,0.75,0.9,1.05],
        "dodge_rate": [0,0,0,0,0,0,0],
        "hit_rate": [0,0,0,0,0,0,0],
        "ignore_phyDef": [0,0,0,0,0,0,0],
        "rage_reduce": [0,0,0,0,0,0,0],
        "universal_resistance": [0,0,0,0,0,0,0],
        "ignore_resistance": [0,0,0,0,0,0,0],
        "float_resistance": [0,0,0,0,0,0,0],
        "cd_speed": [0,0,0,0,0,0,0],
        "support_consume": [0,0,0,0,0,0,0],
        "general_atk_all": [0,0,0,0,0,0,0],
        "general_def_all": [0,0,0,0,0,0,0],
        "all_crit": [0,0,0,0,0,0,0],
        "ignore_def_all": [0,0,0,0,0,0,0],
        "skill_atk": [0,0,0,0,0,0,0],
        "skill_def": [0,0,0,0,0,0,0],
        "skill_crit": [0,0,0,0,0,0,0],
        "crit_resistance": [0,0,0,0,0,0,0],
        "final_extra": [0,0,0,0,0,0,0],
        "final_reduce": [0,0,0,0,0,0,0],
        "ignore_magicDef": [0,0,0,0,0,0,0]
    },
    "10061": {
        "general_id": 10061,
        "general_hp": [228.4,456.8,685.2,913.6,1142,1370.4,1598.8],
        "general_atk": [3.9,7.8,11.7,15.6,19.5,23.4,27.3],
        "general_def": [3.9,7.8,11.7,15.6,19.5,23.4,27.3],
        "atk_crit": [0,0,0,0,0,0,0],
        "crit_extra": [0.15,0.3,0.45,0.6,0.75,0.9,1.05],
        "dodge_rate": [0,0,0,0,0,0,0],
        "hit_rate": [0,0,0,0,0,0,0],
        "ignore_phyDef": [0,0,0,0,0,0,0],
        "rage_reduce": [0,0,0,0,0,0,0],
        "universal_resistance": [0,0,0,0,0,0,0],
        "ignore_resistance": [0,0,0,0,0,0,0],
        "float_resistance": [0,0,0,0,0,0,0],
        "cd_speed": [0,0,0,0,0,0,0],
        "support_consume": [0,0,0,0,0,0,0],
        "general_atk_all": [0,0,0,0,0,0,0],
        "general_def_all": [0,0,0,0,0,0,0],
        "all_crit": [0,0,0,0,0,0,0],
        "ignore_def_all": [0,0,0,0,0,0,0],
        "skill_atk": [0,0,0,0,0,0,0],
        "skill_def": [0,0,0,0,0,0,0],
        "skill_crit": [0,0,0,0,0,0,0],
        "crit_resistance": [0,0,0,0,0,0,0],
        "final_extra": [0,0,0,0,0,0,0],
        "final_reduce": [0,0,0,0,0,0,0],
        "ignore_magicDef": [0,0,0,0,0,0,0]
    },
    "10062": {
        "general_id": 10062,
        "general_hp": [228.4,456.8,685.2,913.6,1142,1370.4,1598.8],
        "general_atk": [3.9,7.8,11.7,15.6,19.5,23.4,27.3],
        "general_def": [3.9,7.8,11.7,15.6,19.5,23.4,27.3],
        "atk_crit": [0,0,0,0,0,0,0],
        "crit_extra": [0.15,0.3,0.45,0.6,0.75,0.9,1.05],
        "dodge_rate": [0,0,0,0,0,0,0],
        "hit_rate": [0,0,0,0,0,0,0],
        "ignore_phyDef": [0,0,0,0,0,0,0],
        "rage_reduce": [0,0,0,0,0,0,0],
        "universal_resistance": [0,0,0,0,0,0,0],
        "ignore_resistance": [0,0,0,0,0,0,0],
        "float_resistance": [0,0,0,0,0,0,0],
        "cd_speed": [0,0,0,0,0,0,0],
        "support_consume": [0,0,0,0,0,0,0],
        "general_atk_all": [0,0,0,0,0,0,0],
        "general_def_all": [0,0,0,0,0,0,0],
        "all_crit": [0,0,0,0,0,0,0],
        "ignore_def_all": [0,0,0,0,0,0,0],
        "skill_atk": [0,0,0,0,0,0,0],
        "skill_def": [0,0,0,0,0,0,0],
        "skill_crit": [0,0,0,0,0,0,0],
        "crit_resistance": [0,0,0,0,0,0,0],
        "final_extra": [0,0,0,0,0,0,0],
        "final_reduce": [0,0,0,0,0,0,0],
        "ignore_magicDef": [0,0,0,0,0,0,0]
    },
    "10063": {
        "general_id": 10063,
        "general_hp": [239.9,479.8,719.7,959.6,1199.5,1439.4,1679.3],
        "general_atk": [3.3,6.6,9.9,13.2,16.5,19.8,23.1],
        "general_def": [4,8,12,16,20,24,28],
        "atk_crit": [0,0,0,0,0,0,0],
        "crit_extra": [0.15,0.3,0.45,0.6,0.75,0.9,1.05],
        "dodge_rate": [0,0,0,0,0,0,0],
        "hit_rate": [0,0,0,0,0,0,0],
        "ignore_phyDef": [0,0,0,0,0,0,0],
        "rage_reduce": [0,0,0,0,0,0,0],
        "universal_resistance": [0,0,0,0,0,0,0],
        "ignore_resistance": [0,0,0,0,0,0,0],
        "float_resistance": [0,0,0,0,0,0,0],
        "cd_speed": [0,0,0,0,0,0,0],
        "support_consume": [0,0,0,0,0,0,0],
        "general_atk_all": [0,0,0,0,0,0,0],
        "general_def_all": [0,0,0,0,0,0,0],
        "all_crit": [0,0,0,0,0,0,0],
        "ignore_def_all": [0,0,0,0,0,0,0],
        "skill_atk": [0,0,0,0,0,0,0],
        "skill_def": [0,0,0,0,0,0,0],
        "skill_crit": [0,0,0,0,0,0,0],
        "crit_resistance": [0,0,0,0,0,0,0],
        "final_extra": [0,0,0,0,0,0,0],
        "final_reduce": [0,0,0,0,0,0,0],
        "ignore_magicDef": [0,0,0,0,0,0,0]
    },
    "10064": {
        "general_id": 10064,
        "general_hp": [218.1,436.2,654.3,872.4,1090.5,1308.6,1526.7],
        "general_atk": [3.7,7.4,11.1,14.8,18.5,22.2,25.9],
        "general_def": [3.7,7.4,11.1,14.8,18.5,22.2,25.9],
        "atk_crit": [0,0,0,0,0,0,0],
        "crit_extra": [0.15,0.3,0.45,0.6,0.75,0.9,1.05],
        "dodge_rate": [0,0,0,0,0,0,0],
        "hit_rate": [0,0,0,0,0,0,0],
        "ignore_phyDef": [0,0,0,0,0,0,0],
        "rage_reduce": [0,0,0,0,0,0,0],
        "universal_resistance": [0,0,0,0,0,0,0],
        "ignore_resistance": [0,0,0,0,0,0,0],
        "float_resistance": [0,0,0,0,0,0,0],
        "cd_speed": [0,0,0,0,0,0,0],
        "support_consume": [0,0,0,0,0,0,0],
        "general_atk_all": [0,0,0,0,0,0,0],
        "general_def_all": [0,0,0,0,0,0,0],
        "all_crit": [0,0,0,0,0,0,0],
        "ignore_def_all": [0,0,0,0,0,0,0],
        "skill_atk": [0,0,0,0,0,0,0],
        "skill_def": [0,0,0,0,0,0,0],
        "skill_crit": [0,0,0,0,0,0,0],
        "crit_resistance": [0,0,0,0,0,0,0],
        "final_extra": [0,0,0,0,0,0,0],
        "final_reduce": [0,0,0,0,0,0,0],
        "ignore_magicDef": [0,0,0,0,0,0,0]
    },
    "10065": {
        "general_id": 10065,
        "general_hp": [228.4,456.8,685.2,913.6,1142,1370.4,1598.8],
        "general_atk": [3.9,7.8,11.7,15.6,19.5,23.4,27.3],
        "general_def": [3.9,7.8,11.7,15.6,19.5,23.4,27.3],
        "atk_crit": [0,0,0,0,0,0,0],
        "crit_extra": [0.15,0.3,0.45,0.6,0.75,0.9,1.05],
        "dodge_rate": [0,0,0,0,0,0,0],
        "hit_rate": [0,0,0,0,0,0,0],
        "ignore_phyDef": [0,0,0,0,0,0,0],
        "rage_reduce": [0,0,0,0,0,0,0],
        "universal_resistance": [0,0,0,0,0,0,0],
        "ignore_resistance": [0,0,0,0,0,0,0],
        "float_resistance": [0,0,0,0,0,0,0],
        "cd_speed": [0,0,0,0,0,0,0],
        "support_consume": [0,0,0,0,0,0,0],
        "general_atk_all": [0,0,0,0,0,0,0],
        "general_def_all": [0,0,0,0,0,0,0],
        "all_crit": [0,0,0,0,0,0,0],
        "ignore_def_all": [0,0,0,0,0,0,0],
        "skill_atk": [0,0,0,0,0,0,0],
        "skill_def": [0.45,0.6,0.75,0.9,1.05,1.2,1.35],
        "skill_crit": [0,0,0,0,0,0,0],
        "crit_resistance": [0,0,0,0,0,0,0],
        "final_extra": [0,0,0,0,0,0,0],
        "final_reduce": [0,0,0,0,0,0,0],
        "ignore_magicDef": [0,0,0,0,0,0,0]
    },
    "10066": {
        "general_id": 10066,
        "general_hp": [205.6,411.2,616.8,822.4,1028,1233.6,1439.2],
        "general_atk": [5,10,15,20,25,30,35],
        "general_def": [3.5,7,10.5,14,17.5,21,24.5],
        "atk_crit": [0,0,0,0,0,0,0],
        "crit_extra": [0.15,0.3,0.45,0.6,0.75,0.9,1.05],
        "dodge_rate": [0,0,0,0,0,0,0],
        "hit_rate": [0,0,0,0,0,0,0],
        "ignore_phyDef": [0,0,0,0,0,0,0],
        "rage_reduce": [0,0,0,0,0,0,0],
        "universal_resistance": [0,0,0,0,0,0,0],
        "ignore_resistance": [0,0,0,0,0,0,0],
        "float_resistance": [0,0,0,0,0,0,0],
        "cd_speed": [0,0,0,0,0,0,0],
        "support_consume": [0,0,0,0,0,0,0],
        "general_atk_all": [0,0,0,0,0,0,0],
        "general_def_all": [0,0,0,0,0,0,0],
        "all_crit": [0,0,0,0,0,0,0],
        "ignore_def_all": [0,0,0,0,0,0,0],
        "skill_atk": [0,0,0,0,0,0,0],
        "skill_def": [0,0,0,0,0,0,0],
        "skill_crit": [0,0,0,0,0,0,0],
        "crit_resistance": [0,0,0,0,0,0,0],
        "final_extra": [0,0,0,0,0,0,0],
        "final_reduce": [0,0,0,0,0,0,0],
        "ignore_magicDef": [0,0,0,0,0,0,0]
    },
    "10067": {
        "general_id": 10067,
        "general_hp": [205.6,411.2,616.8,822.4,1028,1233.6,1439.2],
        "general_atk": [5,10,15,20,25,30,35],
        "general_def": [3.5,7,10.5,14,17.5,21,24.5],
        "atk_crit": [0,0,0,0,0,0,0],
        "crit_extra": [0.15,0.3,0.45,0.6,0.75,0.9,1.05],
        "dodge_rate": [0,0,0,0,0,0,0],
        "hit_rate": [0,0,0,0,0,0,0],
        "ignore_phyDef": [0,0,0,0,0,0,0],
        "rage_reduce": [0,0,0,0,0,0,0],
        "universal_resistance": [0,0,0,0,0,0,0],
        "ignore_resistance": [0,0,0,0,0,0,0],
        "float_resistance": [0,0,0,0,0,0,0],
        "cd_speed": [0,0,0,0,0,0,0],
        "support_consume": [0,0,0,0,0,0,0],
        "general_atk_all": [0,0,0,0,0,0,0],
        "general_def_all": [0,0,0,0,0,0,0],
        "all_crit": [0,0,0,0,0,0,0],
        "ignore_def_all": [0,0,0,0,0,0,0],
        "skill_atk": [0,0,0,0,0,0,0],
        "skill_def": [0,0,0,0,0,0,0],
        "skill_crit": [0,0,0,0,0,0,0],
        "crit_resistance": [0,0,0,0,0,0,0],
        "final_extra": [0,0,0,0,0,0,0],
        "final_reduce": [0,0,0,0,0,0,0],
        "ignore_magicDef": [0,0,0,0,0,0,0]
    },
    "10068": {
        "general_id": 10068,
        "general_hp": [205.6,411.2,616.8,822.4,1028,1233.6,1439.2],
        "general_atk": [5,10,15,20,25,30,35],
        "general_def": [3.5,7,10.5,14,17.5,21,24.5],
        "atk_crit": [0,0,0,0,0,0,0],
        "crit_extra": [0.15,0.3,0.45,0.6,0.75,0.9,1.05],
        "dodge_rate": [0,0,0,0,0,0,0],
        "hit_rate": [0,0,0,0,0,0,0],
        "ignore_phyDef": [0,0,0,0,0,0,0],
        "rage_reduce": [0,0,0,0,0,0,0],
        "universal_resistance": [0,0,0,0,0,0,0],
        "ignore_resistance": [0,0,0,0,0,0,0],
        "float_resistance": [0,0,0,0,0,0,0],
        "cd_speed": [0,0,0,0,0,0,0],
        "support_consume": [0,0,0,0,0,0,0],
        "general_atk_all": [0,0,0,0,0,0,0],
        "general_def_all": [0,0,0,0,0,0,0],
        "all_crit": [0,0,0,0,0,0,0],
        "ignore_def_all": [0,0,0,0,0,0,0],
        "skill_atk": [0,0,0,0,0,0,0],
        "skill_def": [0,0,0,0,0,0,0],
        "skill_crit": [0,0,0,0,0,0,0],
        "crit_resistance": [0,0,0,0,0,0,0],
        "final_extra": [0,0,0,0,0,0,0],
        "final_reduce": [0,0,0,0,0,0,0],
        "ignore_magicDef": [0,0,0,0,0,0,0]
    },
    "10069": {
        "general_id": 10069,
        "general_hp": [205.6,411.2,616.8,822.4,1028,1233.6,1439.2],
        "general_atk": [5,10,15,20,25,30,35],
        "general_def": [3.5,7,10.5,14,17.5,21,24.5],
        "atk_crit": [0,0,0,0,0,0,0],
        "crit_extra": [0.15,0.3,0.45,0.6,0.75,0.9,1.05],
        "dodge_rate": [0,0,0,0,0,0,0],
        "hit_rate": [0,0,0,0,0,0,0],
        "ignore_phyDef": [0,0,0,0,0,0,0],
        "rage_reduce": [0,0,0,0,0,0,0],
        "universal_resistance": [0,0,0,0,0,0,0],
        "ignore_resistance": [0,0,0,0,0,0,0],
        "float_resistance": [0,0,0,0,0,0,0],
        "cd_speed": [0,0,0,0,0,0,0],
        "support_consume": [0,0,0,0,0,0,0],
        "general_atk_all": [0,0,0,0,0,0,0],
        "general_def_all": [0,0,0,0,0,0,0],
        "all_crit": [0,0,0,0,0,0,0],
        "ignore_def_all": [0,0,0,0,0,0,0],
        "skill_atk": [0,0,0,0,0,0,0],
        "skill_def": [0,0,0,0,0,0,0],
        "skill_crit": [0,0,0,0,0,0,0],
        "crit_resistance": [0,0,0,0,0,0,0],
        "final_extra": [0,0,0,0,0,0,0],
        "final_reduce": [0,0,0,0,0,0,0],
        "ignore_magicDef": [0,0,0,0,0,0,0]
    },
    "10070": {
        "general_id": 10070,
        "general_hp": [228.4,456.8,685.2,913.6,1142,1370.4,1598.8],
        "general_atk": [3.9,7.8,11.7,15.6,19.5,23.4,27.3],
        "general_def": [3.9,7.8,11.7,15.6,19.5,23.4,27.3],
        "atk_crit": [0,0,0,0,0,0,0],
        "crit_extra": [0.15,0.3,0.45,0.6,0.75,0.9,1.05],
        "dodge_rate": [0,0,0,0,0,0,0],
        "hit_rate": [0,0,0,0,0,0,0],
        "ignore_phyDef": [0,0,0,0,0,0,0],
        "rage_reduce": [0,0,0,0,0,0,0],
        "universal_resistance": [0,0,0,0,0,0,0],
        "ignore_resistance": [0,0,0,0,0,0,0],
        "float_resistance": [0,0,0,0,0,0,0],
        "cd_speed": [0,0,0,0,0,0,0],
        "support_consume": [0,0,0,0,0,0,0],
        "general_atk_all": [0,0,0,0,0,0,0],
        "general_def_all": [0,0,0,0,0,0,0],
        "all_crit": [0,0,0,0,0,0,0],
        "ignore_def_all": [0,0,0,0,0,0,0],
        "skill_atk": [0,0,0,0,0,0,0],
        "skill_def": [0,0,0,0,0,0,0],
        "skill_crit": [0,0,0,0,0,0,0],
        "crit_resistance": [0,0,0,0,0,0,0],
        "final_extra": [0,0,0,0,0,0,0],
        "final_reduce": [0,0,0,0,0,0,0],
        "ignore_magicDef": [0,0,0,0,0,0,0]
    },
    "10071": {
        "general_id": 10071,
        "general_hp": [251.3,502.6,753.9,1005.2,1256.5,1507.8,1759.1],
        "general_atk": [3.5,7,10.5,14,17.5,21,24.5],
        "general_def": [4.2,8.4,12.6,16.8,21,25.2,29.4],
        "atk_crit": [0,0,0,0,0,0,0],
        "crit_extra": [0.15,0.3,0.45,0.6,0.75,0.9,1.05],
        "dodge_rate": [0,0,0,0,0,0,0],
        "hit_rate": [0,0,0,0,0,0,0],
        "ignore_phyDef": [0,0,0,0,0,0,0],
        "rage_reduce": [0,0,0,0,0,0,0],
        "universal_resistance": [0,0,0,0,0,0,0],
        "ignore_resistance": [0,0,0,0,0,0,0],
        "float_resistance": [0,0,0,0,0,0,0],
        "cd_speed": [0,0,0,0,0,0,0],
        "support_consume": [0,0,0,0,0,0,0],
        "general_atk_all": [0,0,0,0,0,0,0],
        "general_def_all": [0,0,0,0,0,0,0],
        "all_crit": [0,0,0,0,0,0,0],
        "ignore_def_all": [0,0,0,0,0,0,0],
        "skill_atk": [0,0,0,0,0,0,0],
        "skill_def": [0,0,0,0,0,0,0],
        "skill_crit": [0,0,0,0,0,0,0],
        "crit_resistance": [0,0,0,0,0,0,0],
        "final_extra": [0,0,0,0,0,0,0],
        "final_reduce": [0,0,0,0,0,0,0],
        "ignore_magicDef": [0,0,0,0,0,0,0]
    },
    "10072": {
        "general_id": 10072,
        "general_hp": [228.4,456.8,685.2,913.6,1142,1370.4,1598.8],
        "general_atk": [3.9,7.8,11.7,15.6,19.5,23.4,27.3],
        "general_def": [3.9,7.8,11.7,15.6,19.5,23.4,27.3],
        "atk_crit": [0,0,0,0,0,0,0],
        "crit_extra": [0.15,0.3,0.45,0.6,0.75,0.9,1.05],
        "dodge_rate": [0,0,0,0,0,0,0],
        "hit_rate": [0,0,0,0,0,0,0],
        "ignore_phyDef": [0,0,0,0,0,0,0],
        "rage_reduce": [0,0,0,0,0,0,0],
        "universal_resistance": [0,0,0,0,0,0,0],
        "ignore_resistance": [0,0,0,0,0,0,0],
        "float_resistance": [0,0,0,0,0,0,0],
        "cd_speed": [0,0,0,0,0,0,0],
        "support_consume": [0,0,0,0,0,0,0],
        "general_atk_all": [0,0,0,0,0,0,0],
        "general_def_all": [0,0,0,0,0,0,0],
        "all_crit": [0,0,0,0,0,0,0],
        "ignore_def_all": [0,0,0,0,0,0,0],
        "skill_atk": [0,0,0,0,0,0,0],
        "skill_def": [0,0,0,0,0,0,0],
        "skill_crit": [0,0,0,0,0,0,0],
        "crit_resistance": [0,0,0,0,0,0,0],
        "final_extra": [0,0,0,0,0,0,0],
        "final_reduce": [0,0,0,0,0,0,0],
        "ignore_magicDef": [0,0,0,0,0,0,0]
    },
    "10073": {
        "general_id": 10073,
        "general_hp": [251.3,502.6,753.9,1005.2,1256.5,1507.8,1759.1],
        "general_atk": [3.5,7,10.5,14,17.5,21,24.5],
        "general_def": [4.2,8.4,12.6,16.8,21,25.2,29.4],
        "atk_crit": [0,0,0,0,0,0,0],
        "crit_extra": [0.15,0.3,0.45,0.6,0.75,0.9,1.05],
        "dodge_rate": [0,0,0,0,0,0,0],
        "hit_rate": [0,0,0,0,0,0,0],
        "ignore_phyDef": [0,0,0,0,0,0,0],
        "rage_reduce": [0,0,0,0,0,0,0],
        "universal_resistance": [0,0,0,0,0,0,0],
        "ignore_resistance": [0,0,0,0,0,0,0],
        "float_resistance": [0,0,0,0,0,0,0],
        "cd_speed": [0,0,0,0,0,0,0],
        "support_consume": [0,0,0,0,0,0,0],
        "general_atk_all": [0,0,0,0,0,0,0],
        "general_def_all": [0,0,0,0,0,0,0],
        "all_crit": [0,0,0,0,0,0,0],
        "ignore_def_all": [0,0,0,0,0,0,0],
        "skill_atk": [0,0,0,0,0,0,0],
        "skill_def": [0,0,0,0,0,0,0],
        "skill_crit": [0,0,0,0,0,0,0],
        "crit_resistance": [0,0,0,0,0,0,0],
        "final_extra": [0,0,0,0,0,0,0],
        "final_reduce": [0,0,0,0,0,0,0],
        "ignore_magicDef": [0,0,0,0,0,0,0]
    },
    "10074": {
        "general_id": 10074,
        "general_hp": [196.3,392.6,588.9,785.2,981.5,1177.8,1374.1],
        "general_atk": [4.8,9.6,14.4,19.2,24,28.8,33.6],
        "general_def": [3.3,6.6,9.9,13.2,16.5,19.8,23.1],
        "atk_crit": [0,0,0,0,0,0,0],
        "crit_extra": [0.15,0.3,0.45,0.6,0.75,0.9,1.05],
        "dodge_rate": [0,0,0,0,0,0,0],
        "hit_rate": [0,0,0,0,0,0,0],
        "ignore_phyDef": [0,0,0,0,0,0,0],
        "rage_reduce": [0,0,0,0,0,0,0],
        "universal_resistance": [0,0,0,0,0,0,0],
        "ignore_resistance": [0,0,0,0,0,0,0],
        "float_resistance": [0,0,0,0,0,0,0],
        "cd_speed": [0,0,0,0,0,0,0],
        "support_consume": [0,0,0,0,0,0,0],
        "general_atk_all": [0,0,0,0,0,0,0],
        "general_def_all": [0,0,0,0,0,0,0],
        "all_crit": [0,0,0,0,0,0,0],
        "ignore_def_all": [0,0,0,0,0,0,0],
        "skill_atk": [0,0,0,0,0,0,0],
        "skill_def": [0,0,0,0,0,0,0],
        "skill_crit": [0,0,0,0,0,0,0],
        "crit_resistance": [0,0,0,0,0,0,0],
        "final_extra": [0,0,0,0,0,0,0],
        "final_reduce": [0,0,0,0,0,0,0],
        "ignore_magicDef": [0,0,0,0,0,0,0]
    },
    "10075": {
        "general_id": 10075,
        "general_hp": [205.6,411.2,616.8,822.4,1028,1233.6,1439.2],
        "general_atk": [5,10,15,20,25,30,35],
        "general_def": [3.5,7,10.5,14,17.5,21,24.5],
        "atk_crit": [0,0,0,0,0,0,0],
        "crit_extra": [0.15,0.3,0.45,0.6,0.75,0.9,1.05],
        "dodge_rate": [0,0,0,0,0,0,0],
        "hit_rate": [0,0,0,0,0,0,0],
        "ignore_phyDef": [0,0,0,0,0,0,0],
        "rage_reduce": [0,0,0,0,0,0,0],
        "universal_resistance": [0,0,0,0,0,0,0],
        "ignore_resistance": [0,0,0,0,0,0,0],
        "float_resistance": [0,0,0,0,0,0,0],
        "cd_speed": [0,0,0,0,0,0,0],
        "support_consume": [0,0,0,0,0,0,0],
        "general_atk_all": [0,0,0,0,0,0,0],
        "general_def_all": [0,0,0,0,0,0,0],
        "all_crit": [0,0,0,0,0,0,0],
        "ignore_def_all": [0,0,0,0,0,0,0],
        "skill_atk": [0,0,0,0,0,0,0],
        "skill_def": [0,0,0,0,0,0,0],
        "skill_crit": [0,0,0,0,0,0,0],
        "crit_resistance": [0,0,0,0,0,0,0],
        "final_extra": [0,0,0,0,0,0,0],
        "final_reduce": [0,0,0,0,0,0,0],
        "ignore_magicDef": [0,0,0,0,0,0,0]
    },
    "10076": {
        "general_id": 10076,
        "general_hp": [228.4,456.8,685.2,913.6,1142,1370.4,1598.8],
        "general_atk": [3.9,7.8,11.7,15.6,19.5,23.4,27.3],
        "general_def": [3.9,7.8,11.7,15.6,19.5,23.4,27.3],
        "atk_crit": [0,0,0,0,0,0,0],
        "crit_extra": [0.15,0.3,0.45,0.6,0.75,0.9,1.05],
        "dodge_rate": [0,0,0,0,0,0,0],
        "hit_rate": [0,0,0,0,0,0,0],
        "ignore_phyDef": [0,0,0,0,0,0,0],
        "rage_reduce": [0,0,0,0,0,0,0],
        "universal_resistance": [0,0,0,0,0,0,0],
        "ignore_resistance": [0,0,0,0,0,0,0],
        "float_resistance": [0,0,0,0,0,0,0],
        "cd_speed": [0,0,0,0,0,0,0],
        "support_consume": [0,0,0,0,0,0,0],
        "general_atk_all": [0,0,0,0,0,0,0],
        "general_def_all": [0,0,0,0,0,0,0],
        "all_crit": [0,0,0,0,0,0,0],
        "ignore_def_all": [0,0,0,0,0,0,0],
        "skill_atk": [0,0,0,0,0,0,0],
        "skill_def": [0,0,0,0,0,0,0],
        "skill_crit": [0,0,0,0,0,0,0],
        "crit_resistance": [0,0,0,0,0,0,0],
        "final_extra": [0,0,0,0,0,0,0],
        "final_reduce": [0,0,0,0,0,0,0],
        "ignore_magicDef": [0,0,0,0,0,0,0]
    },
    "10077": {
        "general_id": 10077,
        "general_hp": [251.3,502.6,753.9,1005.2,1256.5,1507.8,1759.1],
        "general_atk": [3.5,7,10.5,14,17.5,21,24.5],
        "general_def": [4.2,8.4,12.6,16.8,21,25.2,29.4],
        "atk_crit": [0,0,0,0,0,0,0],
        "crit_extra": [0.15,0.3,0.45,0.6,0.75,0.9,1.05],
        "dodge_rate": [0,0,0,0,0,0,0],
        "hit_rate": [0,0,0,0,0,0,0],
        "ignore_phyDef": [0,0,0,0,0,0,0],
        "rage_reduce": [0,0,0,0,0,0,0],
        "universal_resistance": [0,0,0,0,0,0,0],
        "ignore_resistance": [0,0,0,0,0,0,0],
        "float_resistance": [0,0,0,0,0,0,0],
        "cd_speed": [0,0,0,0,0,0,0],
        "support_consume": [0,0,0,0,0,0,0],
        "general_atk_all": [0,0,0,0,0,0,0],
        "general_def_all": [0,0,0,0,0,0,0],
        "all_crit": [0,0,0,0,0,0,0],
        "ignore_def_all": [0,0,0,0,0,0,0],
        "skill_atk": [0,0,0,0,0,0,0],
        "skill_def": [0,0,0,0,0,0,0],
        "skill_crit": [0,0,0,0,0,0,0],
        "crit_resistance": [0,0,0,0,0,0,0],
        "final_extra": [0,0,0,0,0,0,0],
        "final_reduce": [0,0,0,0,0,0,0],
        "ignore_magicDef": [0,0,0,0,0,0,0]
    }}
