{
    "1": {
        "index": 1,
        "consume_token": [100,120,120,120,120,120,120],
        "reward_goods": [138001,31101,30003,20001],
        "reward_count": [1,1,5,10000],
        "primer": 500,
        "show_type": [1,1,1,0]
    },
    "2": {
        "index": 2,
        "consume_token": [0,200,240,240,240,240,240],
        "reward_goods": [138003,31101,30003,20001],
        "reward_count": [1,1,8,20000],
        "primer": 600,
        "show_type": [1,1,1,0]
    },
    "3": {
        "index": 3,
        "consume_token": [0,0,300,360,360,360,360],
        "reward_goods": [138002,31101,30003,20001],
        "reward_count": [1,2,10,30000],
        "primer": 1000,
        "show_type": [1,1,1,0]
    },
    "4": {
        "index": 4,
        "consume_token": [0,0,0,300,360,360,360],
        "reward_goods": [10059,31101,30003,20001],
        "reward_count": [1,2,12,30000],
        "primer": 1000,
        "show_type": [1,1,1,0]
    },
    "5": {
        "index": 5,
        "consume_token": [0,0,0,0,400,480,480],
        "reward_goods": [138005,31102,30003,20001],
        "reward_count": [1,1,15,40000],
        "primer": 1000,
        "show_type": [1,1,1,0]
    },
    "6": {
        "index": 6,
        "consume_token": [0,0,0,0,0,500,600],
        "reward_goods": [138004,31102,30003,20001],
        "reward_count": [1,1,15,50000],
        "primer": 1000,
        "show_type": [1,1,1,0]
    },
    "7": {
        "index": 7,
        "consume_token": [0,0,0,0,0,0,600],
        "reward_goods": [139008,31102,30004,20001],
        "reward_count": [1,1,3,60000],
        "primer": 1200,
        "show_type": [1,1,1,0]
    }}
