{
    "1": {
        "index": 1,
        "online_time": 60,
        "goods_id": [20001],
        "goods_count": [5000]
    },
    "2": {
        "index": 2,
        "online_time": 300,
        "goods_id": [20002],
        "goods_count": [50]
    },
    "3": {
        "index": 3,
        "online_time": 300,
        "goods_id": [30001],
        "goods_count": [5]
    },
    "4": {
        "index": 4,
        "online_time": 600,
        "goods_id": [20020],
        "goods_count": [1]
    },
    "5": {
        "index": 5,
        "online_time": 600,
        "goods_id": [20001],
        "goods_count": [20000]
    },
    "6": {
        "index": 6,
        "online_time": 1200,
        "goods_id": [20003],
        "goods_count": [50]
    },
    "7": {
        "index": 7,
        "online_time": 1200,
        "goods_id": [30002],
        "goods_count": [5]
    },
    "8": {
        "index": 8,
        "online_time": 1800,
        "goods_id": [10059],
        "goods_count": [1]
    },
    "9": {
        "index": 9,
        "online_time": 1800,
        "goods_id": [20001],
        "goods_count": [50000]
    },
    "10": {
        "index": 10,
        "online_time": 2400,
        "goods_id": [20002],
        "goods_count": [150]
    },
    "11": {
        "index": 11,
        "online_time": 2400,
        "goods_id": [30003],
        "goods_count": [5]
    },
    "12": {
        "index": 12,
        "online_time": 3600,
        "goods_id": [20020],
        "goods_count": [2]
    }}