{
    "1": {
        "id": 1,
        "des": "普通副本",
        "generals": 3,
        "reserves": 0,
        "supports": 1,
        "generals_limit_level": [100008],
        "generals_limit_number": [1],
        "supports_limit_level": [10,20,30],
        "supports_limit_number": [1,2,3],
        "unopen_des": "通关1-7开启"
    },
    "2": {
        "id": 2,
        "des": "精英副本",
        "generals": 4,
        "reserves": 0,
        "supports": 1,
        "generals_limit_level": [0],
        "generals_limit_number": [0],
        "supports_limit_level": [10,20,30],
        "supports_limit_number": [1,2,3],
        "unopen_des": ""
    },
    "3": {
        "id": 3,
        "des": "游戏币副本",
        "generals": 4,
        "reserves": 0,
        "supports": 4,
        "generals_limit_level": [0],
        "generals_limit_number": [0],
        "supports_limit_level": [1],
        "supports_limit_number": [0],
        "unopen_des": ""
    },
    "4": {
        "id": 4,
        "des": "经验副本",
        "generals": 4,
        "reserves": 0,
        "supports": 4,
        "generals_limit_level": [0],
        "generals_limit_number": [0],
        "supports_limit_level": [1],
        "supports_limit_number": [0],
        "unopen_des": ""
    },
    "5": {
        "id": 5,
        "des": "爬塔类型",
        "generals": 4,
        "reserves": 0,
        "supports": 1,
        "generals_limit_level": [0],
        "generals_limit_number": [0],
        "supports_limit_level": [10,20,30],
        "supports_limit_number": [1,2,3],
        "unopen_des": ""
    },
    "6": {
        "id": 6,
        "des": "竞技场类型",
        "generals": 4,
        "reserves": 0,
        "supports": 1,
        "generals_limit_level": [0],
        "generals_limit_number": [0],
        "supports_limit_level": [10,20,30],
        "supports_limit_number": [1,2,3],
        "unopen_des": ""
    },
    "7": {
        "id": 7,
        "des": "竞技场进攻类型",
        "generals": 4,
        "reserves": 0,
        "supports": 1,
        "generals_limit_level": [0],
        "generals_limit_number": [0],
        "supports_limit_level": [10,20,30],
        "supports_limit_number": [1,2,3],
        "unopen_des": ""
    },
    "8": {
        "id": 8,
        "des": "通缉令类型",
        "generals": 4,
        "reserves": 0,
        "supports": 1,
        "generals_limit_level": [0],
        "generals_limit_number": [0],
        "supports_limit_level": [10,20,30],
        "supports_limit_number": [1,2,3],
        "unopen_des": ""
    },
    "9": {
        "id": 9,
        "des": "特训类型",
        "generals": 4,
        "reserves": 0,
        "supports": 4,
        "generals_limit_level": [0],
        "generals_limit_number": [0],
        "supports_limit_level": [1],
        "supports_limit_number": [0],
        "unopen_des": ""
    },
    "10": {
        "id": 10,
        "des": "联盟boss",
        "generals": 4,
        "reserves": 0,
        "supports": 1,
        "generals_limit_level": [0],
        "generals_limit_number": [0],
        "supports_limit_level": [10,20,30],
        "supports_limit_number": [1,2,3],
        "unopen_des": ""
    },
    "11": {
        "id": 11,
        "des": "联盟副本",
        "generals": 4,
        "reserves": 0,
        "supports": 1,
        "generals_limit_level": [0],
        "generals_limit_number": [0],
        "supports_limit_level": [10,20,30],
        "supports_limit_number": [1,2,3],
        "unopen_des": ""
    },
    "12": {
        "id": 12,
        "des": "联盟战",
        "generals": 4,
        "reserves": 0,
        "supports": 4,
        "generals_limit_level": [0],
        "generals_limit_number": [0],
        "supports_limit_level": [1],
        "supports_limit_number": [0],
        "unopen_des": ""
    },
    "13": {
        "id": 13,
        "des": "仙境",
        "generals": 4,
        "reserves": 0,
        "supports": 4,
        "generals_limit_level": [0],
        "generals_limit_number": [0],
        "supports_limit_level": [1],
        "supports_limit_number": [0],
        "unopen_des": ""
    },
    "14": {
        "id": 14,
        "des": "猎人执照考试",
        "generals": 4,
        "reserves": 0,
        "supports": 1,
        "generals_limit_level": [0],
        "generals_limit_number": [0],
        "supports_limit_level": [10,20,30],
        "supports_limit_number": [1,2,3],
        "unopen_des": ""
    },
    "15": {
        "id": 15,
        "des": "跨服战类型",
        "generals": 4,
        "reserves": 0,
        "supports": 4,
        "generals_limit_level": [0],
        "generals_limit_number": [0],
        "supports_limit_level": [1],
        "supports_limit_number": [0],
        "unopen_des": ""
    },
    "16": {
        "id": 16,
        "des": "跨服战进攻阵型",
        "generals": 4,
        "reserves": 0,
        "supports": 4,
        "generals_limit_level": [0],
        "generals_limit_number": [0],
        "supports_limit_level": [1],
        "supports_limit_number": [0],
        "unopen_des": ""
    },
    "17": {
        "id": 17,
        "des": "魔域boss阵型",
        "generals": 4,
        "reserves": 0,
        "supports": 4,
        "generals_limit_level": [0],
        "generals_limit_number": [0],
        "supports_limit_level": [1],
        "supports_limit_number": [0],
        "unopen_des": ""
    },
    "18": {
        "id": 18,
        "des": "通缉令敌犯大本营",
        "generals": 4,
        "reserves": 0,
        "supports": 4,
        "generals_limit_level": [0],
        "generals_limit_number": [0],
        "supports_limit_level": [1],
        "supports_limit_number": [0],
        "unopen_des": ""
    },
    "19": {
        "id": 19,
        "des": "武将属性点",
        "generals": 4,
        "reserves": 0,
        "supports": 4,
        "generals_limit_level": [0],
        "generals_limit_number": [0],
        "supports_limit_level": [1],
        "supports_limit_number": [0],
        "unopen_des": ""
    },
    "20": {
        "id": 20,
        "des": "高级塔类型",
        "generals": 4,
        "reserves": 0,
        "supports": 1,
        "generals_limit_level": [0],
        "generals_limit_number": [0],
        "supports_limit_level": [10,20,30],
        "supports_limit_number": [1,2,3],
        "unopen_des": ""
    },
    "21": {
        "id": 21,
        "des": "一对一切磋",
        "generals": 4,
        "reserves": 0,
        "supports": 4,
        "generals_limit_level": [0],
        "generals_limit_number": [0],
        "supports_limit_level": [1],
        "supports_limit_number": [0],
        "unopen_des": ""
    },
    "22": {
        "id": 22,
        "des": "三对三切磋",
        "generals": 4,
        "reserves": 0,
        "supports": 4,
        "generals_limit_level": [0],
        "generals_limit_number": [0],
        "supports_limit_level": [1],
        "supports_limit_number": [0],
        "unopen_des": ""
    },
    "23": {
        "id": 23,
        "des": "组队战",
        "generals": 4,
        "reserves": 0,
        "supports": 4,
        "generals_limit_level": [0],
        "generals_limit_number": [0],
        "supports_limit_level": [1],
        "supports_limit_number": [0],
        "unopen_des": ""
    },
    "24": {
        "id": 24,
        "des": "帮会战进攻",
        "generals": 4,
        "reserves": 0,
        "supports": 4,
        "generals_limit_level": [0],
        "generals_limit_number": [0],
        "supports_limit_level": [1],
        "supports_limit_number": [0],
        "unopen_des": ""
    },
    "25": {
        "id": 25,
        "des": "帮会战防守",
        "generals": 4,
        "reserves": 0,
        "supports": 4,
        "generals_limit_level": [0],
        "generals_limit_number": [0],
        "supports_limit_level": [1],
        "supports_limit_number": [0],
        "unopen_des": ""
    },
    "26": {
        "id": 26,
        "des": "遗迹副本",
        "generals": 4,
        "reserves": 0,
        "supports": 4,
        "generals_limit_level": [0],
        "generals_limit_number": [0],
        "supports_limit_level": [1],
        "supports_limit_number": [0],
        "unopen_des": ""
    },
    "27": {
        "id": 27,
        "des": "争霸赛攻击",
        "generals": 4,
        "reserves": 0,
        "supports": 4,
        "generals_limit_level": [1],
        "generals_limit_number": [0],
        "supports_limit_level": [1],
        "supports_limit_number": [0],
        "unopen_des": ""
    },
    "28": {
        "id": 28,
        "des": "争霸赛防守",
        "generals": 4,
        "reserves": 0,
        "supports": 4,
        "generals_limit_level": [1],
        "generals_limit_number": [0],
        "supports_limit_level": [1],
        "supports_limit_number": [0],
        "unopen_des": ""
   },
    "29": {
        "id": 29,
        "des": "活动副本",
        "generals": 4,
        "reserves": 0,
        "supports": 4,
        "generals_limit_level": [1],
        "generals_limit_number": [0],
        "supports_limit_level": [1],
        "supports_limit_number": [0],
        "unopen_des": ""
    },
    "30": {
        "id": 30,
        "des": "圣泉争夺",
        "generals": 4,
        "reserves": 0,
        "supports": 4,
        "generals_limit_level": [1],
        "generals_limit_number": [0],
        "supports_limit_level": [1],
        "supports_limit_number": [0],
        "unopen_des": ""
    },
    "31": {
        "id": 31,
        "des": "圣泉防守",
        "generals": 4,
        "reserves": 0,
        "supports": 4,
        "generals_limit_level": [1],
        "generals_limit_number": [0],
        "supports_limit_level": [1],
        "supports_limit_number": [0],
        "unopen_des": ""
    },
    "32": {
        "id": 32,
        "des": "活动随机副本",
        "generals": 4,
        "reserves": 0,
        "supports": 4,
        "generals_limit_level": [1],
        "generals_limit_number": [0],
        "supports_limit_level": [1],
        "supports_limit_number": [0],
        "unopen_des": ""
    }}
