{
    "1000101": {
        "index": 1000101,
        "name": "",
        "coin": 250,
        "product_type": 1,
        "raw_token": 250,
        "give_token": 50,
        "discount_price": 25,
        "original_price": 25,
        "lieren_coin": 125,
        "chargeback_goods": [],
        "first_multiple": 1,
        "month_type": 1,
        "is_delete": 0,
        "ext1": 30,
        "ext2": [[20002,100]],
        "give_wechat": 0,
        "h5_show_type": 0,
        "img_path": "ccbResources/common_ui/VipCharge/VipChargeIcon2.png",
        "sort_index": 1,
        "des": ""
    },
    "1000201": {
        "index": 1000201,
        "name": "",
        "coin": 450,
        "product_type": 1,
        "raw_token": 450,
        "give_token": 50,
        "discount_price": 45,
        "original_price": 45,
        "lieren_coin": 225,
        "chargeback_goods": [],
        "first_multiple": 1,
        "month_type": 2,
        "is_delete": 0,
        "ext1": 30,
        "ext2": [[20002,200]],
        "give_wechat": 0,
        "h5_show_type": 0,
        "img_path": "ccbResources/common_ui/VipCharge/VipChargeIcon1.png",
        "sort_index": 2,
        "des": ""
    },
    "1000301": {
        "index": 1000301,
        "name": "60钻石",
        "coin": 60,
        "product_type": 2,
        "raw_token": 60,
        "give_token": 6,
        "discount_price": 6,
        "original_price": 6,
        "lieren_coin": 30,
        "chargeback_goods": [],
        "first_multiple": 2,
        "month_type": 0,
        "is_delete": 0,
        "ext1": 0,
        "ext2": [],
        "give_wechat": 6,
        "h5_show_type": 0,
        "img_path": "ui_mall_IconGemstone1_png",
        "sort_index": 11,
        "des": "购买后获得60钻石，赠送6钻石(首冲双倍时赠送60钻石)，网页充值专享额外再赠送6钻石"
    },
    "1000401": {
        "index": 1000401,
        "name": "300钻石",
        "coin": 300,
        "product_type": 2,
        "raw_token": 300,
        "give_token": 20,
        "discount_price": 30,
        "original_price": 30,
        "lieren_coin": 150,
        "chargeback_goods": [],
        "first_multiple": 2,
        "month_type": 0,
        "is_delete": 0,
        "ext1": 0,
        "ext2": [],
        "give_wechat": 30,
        "h5_show_type": 1,
        "img_path": "ui_mall_IconGemstone2_png",
        "sort_index": 10,
        "des": "购买后获得300钻石，赠送20钻石(首冲双倍时赠送300钻石)，网页充值专享额外再赠送30钻石"
    },
    "1000501": {
        "index": 1000501,
        "name": "680钻石",
        "coin": 680,
        "product_type": 2,
        "raw_token": 680,
        "give_token": 120,
        "discount_price": 68,
        "original_price": 68,
        "lieren_coin": 330,
        "chargeback_goods": [],
        "first_multiple": 2,
        "month_type": 0,
        "is_delete": 0,
        "ext1": 0,
        "ext2": [],
        "give_wechat": 68,
        "h5_show_type": 0,
        "img_path": "ui_mall_IconGemstone3_png",
        "sort_index": 8,
        "des": "购买后获得680钻石，赠送120钻石(首冲双倍时赠送680钻石)，网页充值专享额外再赠送68钻石"
    },
    "1000601": {
        "index": 1000601,
        "name": "980钻石",
        "coin": 980,
        "product_type": 2,
        "raw_token": 980,
        "give_token": 180,
        "discount_price": 98,
        "original_price": 98,
        "lieren_coin": 450,
        "chargeback_goods": [],
        "first_multiple": 2,
        "month_type": 0,
        "is_delete": 0,
        "ext1": 0,
        "ext2": [],
        "give_wechat": 98,
        "h5_show_type": 0,
        "img_path": "ui_mall_IconGemstone4_png",
        "sort_index": 8,
        "des": "购买后获得980钻石，赠送180钻石(首冲双倍时赠送980钻石)，网页充值专享额外再赠送98钻石"
    },
    "1000701": {
        "index": 1000701,
        "name": "1280钻石",
        "coin": 1280,
        "product_type": 2,
        "raw_token": 1280,
        "give_token": 280,
        "discount_price": 128,
        "original_price": 128,
        "lieren_coin": 590,
        "chargeback_goods": [],
        "first_multiple": 2,
        "month_type": 0,
        "is_delete": 0,
        "ext1": 0,
        "ext2": [],
        "give_wechat": 128,
        "h5_show_type": 0,
        "img_path": "ui_mall_IconGemstone5_png",
        "sort_index": 7,
        "des": "购买后获得1280钻石，赠送280钻石(首冲双倍时赠送1280钻石)，网页充值专享额外再赠送128钻石"
    },
    "1000801": {
        "index": 1000801,
        "name": "1980钻石",
        "coin": 1980,
        "product_type": 2,
        "raw_token": 1980,
        "give_token": 580,
        "discount_price": 198,
        "original_price": 198,
        "lieren_coin": 890,
        "chargeback_goods": [],
        "first_multiple": 2,
        "month_type": 0,
        "is_delete": 0,
        "ext1": 0,
        "ext2": [],
        "give_wechat": 198,
        "h5_show_type": 0,
        "img_path": "ui_mall_IconGemstone6_png",
        "sort_index": 6,
        "des": "购买后获得1980钻石，赠送580钻石(首冲双倍时赠送1980钻石)，网页充值专享额外再赠送198钻石"
    },
    "1000901": {
        "index": 1000901,
        "name": "3280钻石",
        "coin": 3280,
        "product_type": 2,
        "raw_token": 3280,
        "give_token": 980,
        "discount_price": 328,
        "original_price": 328,
        "lieren_coin": 1490,
        "chargeback_goods": [],
        "first_multiple": 2,
        "month_type": 0,
        "is_delete": 0,
        "ext1": 0,
        "ext2": [],
        "give_wechat": 328,
        "h5_show_type": 0,
        "img_path": "ui_mall_IconGemstone7_png",
        "sort_index": 5,
        "des": "购买后获得3280钻石，赠送980钻石(首冲双倍时赠送3280钻石)，网页充值专享额外再赠送328钻石"
    },
    "1001001": {
        "index": 1001001,
        "name": "6480钻石",
        "coin": 6480,
        "product_type": 2,
        "raw_token": 6480,
        "give_token": 1980,
        "discount_price": 648,
        "original_price": 648,
        "lieren_coin": 2990,
        "chargeback_goods": [],
        "first_multiple": 2,
        "month_type": 0,
        "is_delete": 0,
        "ext1": 0,
        "ext2": [],
        "give_wechat": 648,
        "h5_show_type": 0,
        "img_path": "ui_mall_IconGemstone8_png",
        "sort_index": 4,
        "des": "购买后获得6480钻石，赠送1980钻石(首冲双倍时赠送6480钻石)，网页充值专享额外再赠送648钻石"
    },
    "1001101": {
        "index": 1001101,
        "name": "12880钻石",
        "coin": 12880,
        "product_type": 2,
        "raw_token": 12880,
        "give_token": 2000,
        "discount_price": 1288,
        "original_price": 1288,
        "lieren_coin": 6440,
        "chargeback_goods": [],
        "first_multiple": 2,
        "month_type": 0,
        "is_delete": 0,
        "ext1": 0,
        "ext2": [],
        "give_wechat": 0,
        "h5_show_type": 0,
        "img_path": "ccbResources/common_ui/HXH_Mall/IconGemstone9.png",
        "sort_index": 3,
        "des": ""
    },
    "2000101": {
        "index": 2000101,
        "name": "",
        "coin": 6480,
        "product_type": 101,
        "raw_token": 6480,
        "give_token": 0,
        "discount_price": 648,
        "original_price": 1800,
        "lieren_coin": 2990,
        "chargeback_goods": [],
        "first_multiple": 1,
        "month_type": 0,
        "is_delete": 0,
        "ext1": 1,
        "ext2": [[20002,100]],
        "give_wechat": 0,
        "h5_show_type": 0,
        "img_path": "ccbResources/common_ui/VipCharge/VipChargeIcon2.png",
        "sort_index": 1,
        "des": "超值·稀有宝物礼包"
    },
    "2000102": {
        "index": 2000102,
        "name": "",
        "coin": 1980,
        "product_type": 101,
        "raw_token": 1980,
        "give_token": 0,
        "discount_price": 198,
        "original_price": 880,
        "lieren_coin": 890,
        "chargeback_goods": [],
        "first_multiple": 1,
        "month_type": 0,
        "is_delete": 0,
        "ext1": 1,
        "ext2": [[20002,100]],
        "give_wechat": 0,
        "h5_show_type": 0,
        "img_path": "ccbResources/common_ui/VipCharge/VipChargeIcon1.png",
        "sort_index": 2,
        "des": "超值·橙色突破礼包"
    },
    "2000103": {
        "index": 2000103,
        "name": "",
        "coin": 980,
        "product_type": 101,
        "raw_token": 102,
        "give_token": 0,
        "discount_price": 98,
        "original_price": 168,
        "lieren_coin": 450,
        "chargeback_goods": [],
        "first_multiple": 1,
        "month_type": 0,
        "is_delete": 0,
        "ext1": 1,
        "ext2": [[20002,100]],
        "give_wechat": 0,
        "h5_show_type": 0,
        "img_path": "ccbResources/common_ui/VipCharge/VipChargeIcon5.png",
        "sort_index": 3,
        "des": "超值·武将重生礼包"
    },
    "2000104": {
        "index": 2000104,
        "name": "",
        "coin": 60,
        "product_type": 101,
        "raw_token": 10,
        "give_token": 0,
        "discount_price": 6,
        "original_price": 6,
        "lieren_coin": 30,
        "chargeback_goods": [],
        "first_multiple": 1,
        "month_type": 0,
        "is_delete": 0,
        "ext1": 1,
        "ext2": [[20002,100]],
        "give_wechat": 0,
        "h5_show_type": 0,
        "img_path": "ccbResources/common_ui/VipCharge/VipChargeIcon8.png",
        "sort_index": 9,
        "des": "1元商品测试"
    },
    "2000105": {
        "index": 2000105,
        "name": "10钻石",
        "coin": 60,
        "product_type": 2,
        "raw_token": 10,
        "give_token": 0,
        "discount_price": 6,
        "original_price": 6,
        "lieren_coin": 30,
        "chargeback_goods": [],
        "first_multiple": 2,
        "month_type": 0,
        "is_delete": 0,
        "ext1": 0,
        "ext2": [],
        "give_wechat": 0,
        "h5_show_type": 0,
        "img_path": "ccbResources/common_ui/VipCharge/VipChargeIcon8.png",
        "sort_index": 9,
        "des": "1元商品测试"
    },
    "3000001": {
        "index": 3000001,
        "name": "H5礼包1",
        "coin": 60,
        "product_type": 2,
        "raw_token": 10,
        "give_token": 0,
        "discount_price": 6,
        "original_price": 6,
        "lieren_coin": 30,
        "chargeback_goods": [],
        "first_multiple": 2,
        "month_type": 0,
        "is_delete": 0,
        "ext1": 0,
        "ext2": [],
        "give_wechat": 0,
        "h5_show_type": 0,
        "img_path": "ccbResources/common_ui/VipCharge/VipChargeIcon8.png",
        "sort_index": 9,
        "des": "1元商品测试"
    },
    "3000002": {
        "index": 3000002,
        "name": "H5礼包2",
        "coin": 60,
        "product_type": 2,
        "raw_token": 10,
        "give_token": 0,
        "discount_price": 6,
        "original_price": 6,
        "lieren_coin": 30,
        "chargeback_goods": [],
        "first_multiple": 2,
        "month_type": 0,
        "is_delete": 0,
        "ext1": 0,
        "ext2": [],
        "give_wechat": 0,
        "h5_show_type": 0,
        "img_path": "ccbResources/common_ui/VipCharge/VipChargeIcon8.png",
        "sort_index": 9,
        "des": "1元商品测试"
    }}
