{
    "1": {
        "id": 1,
        "condition_aptitude": [13,14],
        "condition_transfer": 0,
        "condition_level": 0,
        "condition_star": 6,
        "condition_awaken": 0,
        "exchange_store": [30506,5],
        "exchange_generals": [1,0],
        "exchange_level": [0,0],
        "exchange_star": [4,6],
        "exchange_awaken": [0,0],
        "exchange_break": [0,0],
        "consume": 400000,
        "add_level": 0,
        "add_step": 0,
        "add_skillLevel": 0,
        "open_skill": 1,
        "break_skill_level": [1,0,0],
        "halo_front_aniId": 0,
        "halo_back_aniId": 0
    },
    "2": {
        "id": 2,
        "condition_aptitude": [13,14],
        "condition_transfer": 0,
        "condition_level": 0,
        "condition_star": 6,
        "condition_awaken": 0,
        "exchange_store": [30506,10],
        "exchange_generals": [0,0],
        "exchange_level": [0,0],
        "exchange_star": [6,6],
        "exchange_awaken": [0,0],
        "exchange_break": [0,0],
        "consume": 800000,
        "add_level": 0,
        "add_step": 0,
        "add_skillLevel": 1,
        "open_skill": 0,
        "break_skill_level": [2,0,0],
        "halo_front_aniId": 0,
        "halo_back_aniId": 0
    },
    "3": {
        "id": 3,
        "condition_aptitude": [13,14],
        "condition_transfer": 0,
        "condition_level": 0,
        "condition_star": 6,
        "condition_awaken": 0,
        "exchange_store": [30506,30],
        "exchange_generals": [0,0],
        "exchange_level": [0,0],
        "exchange_star": [6,6],
        "exchange_awaken": [0,0],
        "exchange_break": [1,1],
        "consume": 120000,
        "add_level": 5,
        "add_step": 0,
        "add_skillLevel": 0,
        "open_skill": 0,
        "break_skill_level": [3,0,0],
        "halo_front_aniId": 0,
        "halo_back_aniId": 0
    },
    "4": {
        "id": 4,
        "condition_aptitude": [14],
        "condition_transfer": 0,
        "condition_level": 0,
        "condition_star": 6,
        "condition_awaken": 0,
        "exchange_store": [30506,50],
        "exchange_generals": [1,1,0],
        "exchange_level": [0,0,0],
        "exchange_star": [4,4,6],
        "exchange_awaken": [0,0,0],
        "exchange_break": [0,0,3],
        "consume": 200000,
        "add_level": 0,
        "add_step": 0,
        "add_skillLevel": 0,
        "open_skill": 2,
        "break_skill_level": [3,1,0],
        "halo_front_aniId": 0,
        "halo_back_aniId": 0
    },
    "5": {
        "id": 5,
        "condition_aptitude": [14],
        "condition_transfer": 0,
        "condition_level": 0,
        "condition_star": 6,
        "condition_awaken": 0,
        "exchange_store": [30506,100],
        "exchange_generals": [1,0],
        "exchange_level": [0,0],
        "exchange_star": [4,6],
        "exchange_awaken": [0,0],
        "exchange_break": [0,3],
        "consume": 300000,
        "add_level": 0,
        "add_step": 0,
        "add_skillLevel": 1,
        "open_skill": 0,
        "break_skill_level": [3,2,0],
        "halo_front_aniId": 0,
        "halo_back_aniId": 0
    },
    "6": {
        "id": 6,
        "condition_aptitude": [14],
        "condition_transfer": 0,
        "condition_level": 0,
        "condition_star": 6,
        "condition_awaken": 0,
        "exchange_store": [30506,150],
        "exchange_generals": [1,0],
        "exchange_level": [0,0],
        "exchange_star": [4,6],
        "exchange_awaken": [0,0],
        "exchange_break": [0,4],
        "consume": 400000,
        "add_level": 5,
        "add_step": 0,
        "add_skillLevel": 0,
        "open_skill": 0,
        "break_skill_level": [3,3,0],
        "halo_front_aniId": 0,
        "halo_back_aniId": 0
    },
    "7": {
        "id": 7,
        "condition_aptitude": [14],
        "condition_transfer": 1,
        "condition_level": 0,
        "condition_star": 6,
        "condition_awaken": 0,
        "exchange_store": [30506,200],
        "exchange_generals": [1,1,1,0],
        "exchange_level": [0,0,0,0],
        "exchange_star": [4,4,4,6],
        "exchange_awaken": [0,0,0,0],
        "exchange_break": [0,0,0,5],
        "consume": 600000,
        "add_level": 0,
        "add_step": 0,
        "add_skillLevel": 0,
        "open_skill": 3,
        "break_skill_level": [3,3,1],
        "halo_front_aniId": 0,
        "halo_back_aniId": 0
    },
    "8": {
        "id": 8,
        "condition_aptitude": [14],
        "condition_transfer": 1,
        "condition_level": 0,
        "condition_star": 6,
        "condition_awaken": 0,
        "exchange_store": [30506,300],
        "exchange_generals": [1,1,0],
        "exchange_level": [0,0,0],
        "exchange_star": [4,4,6],
        "exchange_awaken": [0,0,0],
        "exchange_break": [0,0,5],
        "consume": 800000,
        "add_level": 0,
        "add_step": 0,
        "add_skillLevel": 1,
        "open_skill": 0,
        "break_skill_level": [3,3,2],
        "halo_front_aniId": 0,
        "halo_back_aniId": 0
    },
    "9": {
        "id": 9,
        "condition_aptitude": [14],
        "condition_transfer": 1,
        "condition_level": 0,
        "condition_star": 6,
        "condition_awaken": 0,
        "exchange_store": [30506,400],
        "exchange_generals": [1,1,0],
        "exchange_level": [0,0,0],
        "exchange_star": [4,4,6],
        "exchange_awaken": [0,0,0],
        "exchange_break": [0,0,6],
        "consume": 1000000,
        "add_level": 10,
        "add_step": 0,
        "add_skillLevel": 0,
        "open_skill": 0,
        "break_skill_level": [3,3,3],
        "halo_front_aniId": 0,
        "halo_back_aniId": 0
    }}