{
    "1": {
        "id": 1,
        "name": "主题1",
        "rand_item": [122001],
        "rand_power": [10],
        "exchange_goods": [[139008,1],[30813,1],[30506,1],[37014,1],[37017,1],[37030,1],[37009,1],[37036,1],[38001,1],[38002,1],[38003,1],[38004,1],[38005,1],[38006,1],[39003,1],[37041,1],[37039,1],[37037,1],[37031,1]],
        "exchange_xuyuan": [100,20,40,200,200,200,200,200,80,80,80,80,80,80,40,100,100,100,100],
        "exchange_count": [1,50,20,30,30,30,30,30,50,50,50,50,50,50,20,30,30,30,30],
        "consume_pai": 1,
        "consume_pai_ten": 9,
        "consume_good": 20009,
        "one_time_rand": 140201,
        "ten_time_rand": 140101,
        "score": 10,
        "integral_duration": 172800,
        "subject_duration": 259200,
        "step_score": [200,500,2000,4000,8000],
        "step_reward": [[190010,1],[190011,5],[190010,5],[190011,15],[190010,15]],
        "max_time": 999,
        "client_award": [[37014,37017,37030,37009,37003,38001,38002,38003,38004,38005,38006,39004,30506,30813],[37038,37041,37039,37037,37031,39003,30452,31101,30812],[37047,37055,37053,37054,37051,37050,37049,37044,37048,37056,37046,37052,39002,39001,30811]],
        "client_award_pic": [["ui_acitivity_wish_IconS_png","ui_acitivity_wish_BoardSFloor_png"],["ui_acitivity_wish_IconA_png","ui_acitivity_wish_BoardAFloor_png"],["ui_acitivity_wish_IconB_png","ui_acitivity_wish_BoardBFloor_png"]]
    },
    "2": {
        "id": 2,
        "name": "主题2",
        "rand_item": [122002],
        "rand_power": [10],
        "exchange_goods": [[139008,1],[30813,1],[30506,1],[37012,1],[37008,1],[37007,1],[37006,1],[38001,1],[38002,1],[38003,1],[38004,1],[38005,1],[38006,1],[39003,1],[37038,1],[37032,1],[37033,1],[37023,1],[37025,1]],
        "exchange_xuyuan": [100,20,40,200,200,200,200,80,80,80,80,80,80,40,100,100,100,100,100],
        "exchange_count": [1,50,20,30,30,30,30,50,50,50,50,50,50,20,30,30,30,30,30],
        "consume_pai": 1,
        "consume_pai_ten": 9,
        "consume_good": 20009,
        "one_time_rand": 140201,
        "ten_time_rand": 140102,
        "score": 10,
        "integral_duration": 172800,
        "subject_duration": 259200,
        "step_score": [200,500,2000,4000,8000],
        "step_reward": [[190010,1],[190011,5],[190010,5],[190011,15],[190010,15]],
        "max_time": 999,
        "client_award": [[37012,37008,37007,37006,37001,38001,38002,38003,38004,38005,38006,39004,30506,30813],[37038,37032,37033,37023,37025,39003,30452,31101,30812],[37047,37055,37053,37054,37051,37050,37049,37044,37048,37056,37046,37052,39002,39001,30811]],
        "client_award_pic": [["ui_acitivity_wish_IconS_png","ui_acitivity_wish_BoardSFloor_png"],["ui_acitivity_wish_IconA_png","ui_acitivity_wish_BoardAFloor_png"],["ui_acitivity_wish_IconB_png","ui_acitivity_wish_BoardBFloor_png"]]
    },
    "3": {
        "id": 3,
        "name": "主题3",
        "rand_item": [122003],
        "rand_power": [10],
        "exchange_goods": [[139008,1],[30813,1],[30506,1],[37018,1],[37011,1],[37016,1],[37015,1],[38001,1],[38002,1],[38003,1],[38004,1],[38005,1],[38006,1],[39003,1],[37040,1],[37042,1],[37035,1],[37026,1],[37043,1]],
        "exchange_xuyuan": [100,20,40,200,200,200,200,80,80,80,80,80,80,40,100,100,100,100,100],
        "exchange_count": [1,50,20,30,30,30,30,50,50,50,50,50,50,20,30,30,30,30,30],
        "consume_pai": 1,
        "consume_pai_ten": 9,
        "consume_good": 20009,
        "one_time_rand": 140201,
        "ten_time_rand": 140103,
        "score": 10,
        "integral_duration": 172800,
        "subject_duration": 259200,
        "step_score": [200,500,2000,4000,8000],
        "step_reward": [[190010,1],[190011,5],[190010,5],[190011,15],[190010,15]],
        "max_time": 999,
        "client_award": [[37018,37011,37016,37015,37057,38001,38002,38003,38004,38005,38006,39004,30506,30813],[37040,37042,37035,37026,37043,39003,30452,31101,30812],[37047,37055,37053,37054,37051,37050,37049,37044,37048,37056,37046,37052,39002,39001,30811]],
        "client_award_pic": [["ui_acitivity_wish_IconS_png","ui_acitivity_wish_BoardSFloor_png"],["ui_acitivity_wish_IconA_png","ui_acitivity_wish_BoardAFloor_png"],["ui_acitivity_wish_IconB_png","ui_acitivity_wish_BoardBFloor_png"]]
    },
    "4": {
        "id": 4,
        "name": "主题4",
        "rand_item": [122004],
        "rand_power": [10],
        "exchange_goods": [[139008,1],[30813,1],[30506,1],[37013,1],[37010,1],[37004,1],[37002,1],[37034,1],[38001,1],[38002,1],[38003,1],[38004,1],[38005,1],[38006,1],[39003,1],[37029,1],[37028,1],[37024,1],[37027,1],[37062,1]],
        "exchange_xuyuan": [100,20,40,200,200,200,200,200,80,80,80,80,80,80,40,100,100,100,100,200],
        "exchange_count": [1,50,20,30,30,30,30,30,50,50,50,50,50,50,20,30,30,30,30,30],
        "consume_pai": 1,
        "consume_pai_ten": 9,
        "consume_good": 20009,
        "one_time_rand": 140201,
        "ten_time_rand": 140104,
        "score": 10,
        "integral_duration": 172800,
        "subject_duration": 259200,
        "step_score": [200,500,2000,4000,8000],
        "step_reward": [[190010,1],[190011,5],[190010,5],[190011,15],[190010,15]],
        "max_time": 999,
        "client_award": [[37013,37010,37004,37002,37005,37062,37034,38001,38002,38003,38004,38005,38006,39004,30506,30813],[37029,37028,37024,37027,37045,39003,30452,31101,30812],[37047,37055,37053,37054,37051,37050,37049,37044,37048,37056,37046,37052,39002,39001,30811]],
        "client_award_pic": [["ui_acitivity_wish_IconS_png","ui_acitivity_wish_BoardSFloor_png"],["ui_acitivity_wish_IconA_png","ui_acitivity_wish_BoardAFloor_png"],["ui_acitivity_wish_IconB_png","ui_acitivity_wish_BoardBFloor_png"]]
    },
    "5": {
        "id": 5,
        "name": "主题5",
        "rand_item": [122005],
        "rand_power": [10],
        "exchange_goods": [[139008,1],[30813,1],[30506,1],[37059,1],[37060,1],[37020,1],[37022,1],[38001,1],[38002,1],[38003,1],[38004,1],[38005,1],[38006,1],[39003,1],[37041,1],[37033,1],[37035,1],[37043,1],[37029,1],[37061,1]],
        "exchange_xuyuan": [100,20,40,200,200,200,200,80,80,80,80,80,80,40,100,100,100,100,100,200],
        "exchange_count": [1,50,20,30,30,30,30,50,50,50,50,50,50,20,30,30,30,30,30,30],
        "consume_pai": 1,
        "consume_pai_ten": 9,
        "consume_good": 20009,
        "one_time_rand": 140201,
        "ten_time_rand": 140105,
        "score": 10,
        "integral_duration": 172800,
        "subject_duration": 259200,
        "step_score": [200,500,2000,4000,8000],
        "step_reward": [[190010,1],[190011,5],[190010,5],[190011,15],[190010,15]],
        "max_time": 999,
        "client_award": [[37059,37060,37061,37020,37022,37058,38001,38002,38003,38004,38005,38006,39004,30506,30813],[37041,37033,37035,37043,37029,39003,30452,31101,30812],[37047,37055,37053,37054,37051,37050,37049,37044,37048,37056,37046,37052,39002,39001,30811]],
        "client_award_pic": [["ui_acitivity_wish_IconS_png","ui_acitivity_wish_BoardSFloor_png"],["ui_acitivity_wish_IconA_png","ui_acitivity_wish_BoardAFloor_png"],["ui_acitivity_wish_IconB_png","ui_acitivity_wish_BoardBFloor_png"]]
    }}
