{
    "1": {
        "index": 1,
        "level": 5,
        "level_reward": [[20002,50],[20004,500],[10057,1]],
        "month_card": [100204],
        "month_reward": [[20002,300]]
    },
    "2": {
        "index": 2,
        "level": 10,
        "level_reward": [[20002,100],[20007,300],[30811,10]],
        "month_card": [100204],
        "month_reward": [[20002,300]]
    },
    "3": {
        "index": 3,
        "level": 15,
        "level_reward": [[20002,100],[30451,1],[30507,1]],
        "month_card": [100204],
        "month_reward": [[20002,300]]
    },
    "4": {
        "index": 4,
        "level": 20,
        "level_reward": [[20002,100],[20005,200],[30812,10]],
        "month_card": [100204],
        "month_reward": [[20002,300]]
    },
    "5": {
        "index": 5,
        "level": 25,
        "level_reward": [[20002,100],[20001,30000],[30003,5]],
        "month_card": [100204],
        "month_reward": [[20002,300]]
    },
    "6": {
        "index": 6,
        "level": 30,
        "level_reward": [[20002,200],[30004,1],[10058,1]],
        "month_card": [100204],
        "month_reward": [[20002,300]]
    },
    "7": {
        "index": 7,
        "level": 35,
        "level_reward": [[20002,200],[30453,1],[30813,5]],
        "month_card": [100204],
        "month_reward": [[20002,300]]
    },
    "8": {
        "index": 8,
        "level": 40,
        "level_reward": [[20002,200],[20019,300],[30507,1]],
        "month_card": [100204],
        "month_reward": [[20002,300]]
    },
    "9": {
        "index": 9,
        "level": 45,
        "level_reward": [[20002,200],[30453,1],[10059,1]],
        "month_card": [100204],
        "month_reward": [[20002,300]]
    },
    "10": {
        "index": 10,
        "level": 50,
        "level_reward": [[20002,300],[30004,3],[20021,1]],
        "month_card": [100204],
        "month_reward": [[20002,300]]
    },
    "11": {
        "index": 11,
        "level": 55,
        "level_reward": [[20002,300],[20001,100000],[30506,10]],
        "month_card": [100204],
        "month_reward": [[20002,500]]
    },
    "12": {
        "index": 12,
        "level": 60,
        "level_reward": [[20002,300],[30453,1],[138006,5]],
        "month_card": [100204],
        "month_reward": [[20002,500]]
    },
    "1001": {
        "index": 1001,
        "level": 5,
        "level_reward": [[20001,10000],[30003,2]],
        "month_card": [],
        "month_reward": []
    },
    "1002": {
        "index": 1002,
        "level": 8,
        "level_reward": [[20004,100],[20002,50]],
        "month_card": [],
        "month_reward": []
    },
    "1003": {
        "index": 1003,
        "level": 10,
        "level_reward": [[20023,2],[20003,30]],
        "month_card": [],
        "month_reward": []
    },
    "1004": {
        "index": 1004,
        "level": 12,
        "level_reward": [[20007,100],[20001,20000]],
        "month_card": [],
        "month_reward": []
    },
    "1005": {
        "index": 1005,
        "level": 14,
        "level_reward": [[20020,1],[20003,30]],
        "month_card": [],
        "month_reward": []
    },
    "1006": {
        "index": 1006,
        "level": 16,
        "level_reward": [[20015,2],[130201,1]],
        "month_card": [],
        "month_reward": []
    },
    "1007": {
        "index": 1007,
        "level": 18,
        "level_reward": [[139007,1],[20003,50]],
        "month_card": [],
        "month_reward": []
    },
    "1008": {
        "index": 1008,
        "level": 20,
        "level_reward": [[20002,80],[30452,1]],
        "month_card": [],
        "month_reward": []
    },
    "1009": {
        "index": 1009,
        "level": 28,
        "level_reward": [[20001,50000],[10058,1]],
        "month_card": [],
        "month_reward": []
    },
    "1010": {
        "index": 1010,
        "level": 32,
        "level_reward": [[20002,120],[20003,50]],
        "month_card": [],
        "month_reward": []
    },
    "1011": {
        "index": 1011,
        "level": 36,
        "level_reward": [[20020,1],[30004,2]],
        "month_card": [],
        "month_reward": []
    },
    "1012": {
        "index": 1012,
        "level": 40,
        "level_reward": [[20001,50000],[139008,1]],
        "month_card": [],
        "month_reward": []
    }}