{
    "1": {
        "area_id": 1,
        "area_name": "鲸鱼岛X起航",
        "area_normal": [1],
        "area_elite": [1],
        "area_search": [],
        "area_name_pic_big": "ccbResources/common_ui/HXH_Instance/HXH_Name/WordsInstanceNameNo1.png",
        "area_name_pic": "ccbResources/common_ui/HXH_Instance/HXH_Name/WordsInstanceNameopen1.png",
        "des": "12岁的小杰为了像父亲一样成为猎人，在达成与扶养他长大的米特阿姨的约定后，踏上猎人试验的旅途。",
        "elite_drop_des": "空着",
        "card_type": 1,
        "open_level": 1
    },
    "2": {
        "area_id": 2,
        "area_name": "猎人试炼开启",
        "area_normal": [2],
        "area_elite": [2],
        "area_search": [],
        "area_name_pic_big": "ccbResources/common_ui/HXH_Instance/HXH_Name/WordsInstanceNameNo2.png",
        "area_name_pic": "ccbResources/common_ui/HXH_Instance/HXH_Name/WordsInstanceNameopen2.png",
        "des": "小杰等人终于来到试验会场，此时早已聚集了许多考生，试验老手东巴、诡谲的西索、话痨忍者半藏，滑板少年奇犽等。猎人试验即将展开…",
        "elite_drop_des": "可掉落各品质的\"缠\"系卡片，层数越高，掉落高品质卡片的概率越大",
        "card_type": 3,
        "open_level": 1
    },
    "3": {
        "area_id": 3,
        "area_name": "决战的异变",
        "area_normal": [3],
        "area_elite": [3],
        "area_search": [],
        "area_name_pic_big": "ccbResources/common_ui/HXH_Instance/HXH_Name/WordsInstanceNameNo3.png",
        "area_name_pic": "ccbResources/common_ui/HXH_Instance/HXH_Name/WordsInstanceNameopen3.png",
        "des": "最终试验是赢的人就能先合格的淘汰赛！没打算认输的小杰最终通过了合格，醒来后发现最终淘汰的竟是奇犽!",
        "elite_drop_des": "可掉落各品质的\"练\"系卡片，层数越高，掉落高品质卡片的概率越大",
        "card_type": 2,
        "open_level": 1
    },
    "4": {
        "area_id": 4,
        "area_name": "试练之门",
        "area_normal": [4],
        "area_elite": [4],
        "area_search": [],
        "area_name_pic_big": "ccbResources/common_ui/HXH_Instance/HXH_Name/WordsInstanceNameNo4.png",
        "area_name_pic": "ccbResources/common_ui/HXH_Instance/HXH_Name/WordsInstanceNameopen4.png",
        "des": "小杰等人决定前往枯枯戮山，为了见到奇犽,决定从试炼之门进入，并为了打开门而在门卫的房间锻炼身体。",
        "elite_drop_des": "可掉落各品质的\"绝\"系卡片，层数越高，掉落高品质卡片的概率越大",
        "card_type": 4,
        "open_level": 1
    },
    "5": {
        "area_id": 5,
        "area_name": "揍敌客家族",
        "area_normal": [5],
        "area_elite": [5],
        "area_search": [],
        "area_name_pic_big": "ccbResources/common_ui/HXH_Instance/HXH_Name/WordsInstanceNameNo5.png",
        "area_name_pic": "ccbResources/common_ui/HXH_Instance/HXH_Name/WordsInstanceNameopen5.png",
        "des": "小杰等人受到心系奇犽的卡娜莉亚协助而来到了宅邸；而此时，席巴正在问奇犽：“想跟朋友见面吗？”",
        "elite_drop_des": "可掉落各品质的\"发\"系卡片，层数越高，掉落高品质卡片的概率越大",
        "card_type": 5,
        "open_level": 10
    },
    "6": {
        "area_id": 6,
        "area_name": "天空竞技场",
        "area_normal": [6],
        "area_elite": [6],
        "area_search": [],
        "area_name_pic_big": "ccbResources/common_ui/HXH_Instance/HXH_Name/WordsInstanceNameNo6.png",
        "area_name_pic": "ccbResources/common_ui/HXH_Instance/HXH_Name/WordsInstanceNameopen6.png",
        "des": "小杰、奇犽决定前往天空竞技场修行，抵达200层的时候，在云古的协助下，觉醒了念能力，小杰与西索的战斗即将揭开序幕…",
        "elite_drop_des": "可掉落各品质的\"圆\"系卡片，层数越高，掉落高品质卡片的概率越大",
        "card_type": 6,
        "open_level": 11
    },
    "7": {
        "area_id": 7,
        "area_name": "旅团X集合",
        "area_normal": [7],
        "area_elite": [7],
        "area_search": [],
        "area_name_pic_big": "ccbResources/common_ui/HXH_Instance/HXH_Name/WordsInstanceNameNo7.png",
        "area_name_pic": "ccbResources/common_ui/HXH_Instance/HXH_Name/WordsInstanceNameopen7.png",
        "des": "世界最大的拍卖会即将在举行。幻影旅团团员在团长库洛洛的召集之下在友克鑫集合。杀戮的强盗集团即将开始行动!",
        "elite_drop_des": "可掉落各品质的\"坚\"系卡片，层数越高，掉落高品质卡片的概率越大",
        "card_type": 1,
        "open_level": 12
    },
    "8": {
        "area_id": 8,
        "area_name": "火红眼的复仇",
        "area_normal": [8],
        "area_elite": [8],
        "area_search": [],
        "area_name_pic_big": "ccbResources/common_ui/HXH_Instance/HXH_Name/WordsInstanceNameNo8.png",
        "area_name_pic": "ccbResources/common_ui/HXH_Instance/HXH_Name/WordsInstanceNameopen8.png",
        "des": "酷拉皮卡与幻影旅团成员相遇。窟卢塔族的酷拉皮卡感到十分愤怒，火红眼期待着复仇，决斗终于揭开了序幕……",
        "elite_drop_des": "空着",
        "card_type": 3,
        "open_level": 15
    },
    "9": {
        "area_id": 9,
        "area_name": "旅团X落幕",
        "area_normal": [9],
        "area_elite": [9],
        "area_search": [],
        "area_name_pic_big": "ccbResources/common_ui/HXH_Instance/HXH_Name/WordsInstanceNameNo9.png",
        "area_name_pic": "ccbResources/common_ui/HXH_Instance/HXH_Name/WordsInstanceNameopen9.png",
        "des": "库洛洛成功窃取了妮翁的念能力，并在桀诺父子的联手下逃生。酷拉皮卡寻找时机成功俘获了库洛洛，与旅团的战斗终于迎向终幕。",
        "elite_drop_des": "空着",
        "card_type": 2,
        "open_level": 20
    },
    "10": {
        "area_id": 10,
        "area_name": "炸弹魔X修行",
        "area_normal": [10],
        "area_elite": [10],
        "area_search": [],
        "area_name_pic_big": "ccbResources/common_ui/HXH_Instance/HXH_Name/WordsInstanceNameNo9.png",
        "area_name_pic": "ccbResources/common_ui/HXH_Instance/HXH_Name/WordsInstanceNameopen9.png",
        "des": "进入贪婪之岛的小杰与奇犽决定要好好享受游戏，他们面对棘手的怪物陷入苦战，比司吉似乎对他们很感兴趣，比司吉的目的是…",
        "elite_drop_des": "空着",
        "card_type": 4,
        "open_level": 25
    },
    "11": {
        "area_id": 11,
        "area_name": "躲避球对决",
        "area_normal": [11],
        "area_elite": [11],
        "area_search": [],
        "area_name_pic_big": "ccbResources/common_ui/HXH_Instance/HXH_Name/WordsInstanceNameNo9.png",
        "area_name_pic": "ccbResources/common_ui/HXH_Instance/HXH_Name/WordsInstanceNameopen9.png",
        "des": "要把海盗从城镇赶出去才能得到一坪海岸线。为了打败磊札，小杰等人必须寻求更强的伙伴，于是决定找自称「库洛洛」的玩家…",
        "elite_drop_des": "空着",
        "card_type": 5,
        "open_level": 27
    },
    "12": {
        "area_id": 12,
        "area_name": "统治者的祝福",
        "area_normal": [12],
        "area_elite": [12],
        "area_search": [],
        "area_name_pic_big": "ccbResources/common_ui/HXH_Instance/HXH_Name/WordsInstanceNameNo9.png",
        "area_name_pic": "ccbResources/common_ui/HXH_Instance/HXH_Name/WordsInstanceNameopen9.png",
        "des": "小杰等人经过特训，终于打倒甘舒，集齐了所有卡片，最后获胜的小杰得到「统治者的招待」!而在前往的城堡里，他所见到的人是…",
        "elite_drop_des": "空着",
        "card_type": 6,
        "open_level": 30
    },
    "13": {
        "area_id": 13,
        "area_name": "追踪嵌合蚁",
        "area_normal": [13],
        "area_elite": [13],
        "area_search": [],
        "area_name_pic_big": "ccbResources/common_ui/HXH_Instance/HXH_Name/WordsInstanceNameNo9.png",
        "area_name_pic": "ccbResources/common_ui/HXH_Instance/HXH_Name/WordsInstanceNameopen9.png",
        "des": "小杰、奇犽决定加入嵌合蚁生态调查小组。捕食人类的嵌合蚁不断进化，拥有念能力的嵌合蚁终于诞生，众人将展开一决生死的战斗！",
        "elite_drop_des": "空着",
        "card_type": 1,
        "open_level": 32
    },
    "14": {
        "area_id": 14,
        "area_name": "协会的考验",
        "area_normal": [14],
        "area_elite": [14],
        "area_search": [],
        "area_name_pic_big": "ccbResources/common_ui/HXH_Instance/HXH_Name/WordsInstanceNameNo9.png",
        "area_name_pic": "ccbResources/common_ui/HXH_Instance/HXH_Name/WordsInstanceNameopen9.png",
        "des": "要回到NGL，就必须通过尼特罗会长的条件。小杰二人为了提升实力，决定展开特训。与此同时，蚁王终于诞生了。",
        "elite_drop_des": "空着",
        "card_type": 3,
        "open_level": 35
    },
    "15": {
        "area_id": 15,
        "area_name": "蚁王X对弈",
        "area_normal": [15],
        "area_elite": [15],
        "area_search": [],
        "area_name_pic_big": "ccbResources/common_ui/HXH_Instance/HXH_Name/WordsInstanceNameNo9.png",
        "area_name_pic": "ccbResources/common_ui/HXH_Instance/HXH_Name/WordsInstanceNameopen9.png",
        "des": "打发时间的蚁王遇到了一位盲眼的少女小麦。拄著拐杖，坐在蚁王面前的小麦，只要开始对弈就会睁开眼，凝视棋盤…",
        "elite_drop_des": "空着",
        "card_type": 2,
        "open_level": 38
    },
    "16": {
        "area_id": 16,
        "area_name": "蔷薇X绽放",
        "area_normal": [16],
        "area_elite": [16],
        "area_search": [],
        "area_name_pic_big": "ccbResources/common_ui/HXH_Instance/HXH_Name/WordsInstanceNameNo9.png",
        "area_name_pic": "ccbResources/common_ui/HXH_Instance/HXH_Name/WordsInstanceNameopen9.png",
        "des": "伴随一头巨龙从天空的云层窜出，人类与嵌合蚁的决斗，终于开始…",
        "elite_drop_des": "空着",
        "card_type": 4,
        "open_level": 42
    },
    "17": {
        "area_id": 17,
        "area_name": "欺骗X黑化",
        "area_normal": [17],
        "area_elite": [17],
        "area_search": [],
        "area_name_pic_big": "ccbResources/common_ui/HXH_Instance/HXH_Name/WordsInstanceNameNo9.png",
        "area_name_pic": "ccbResources/common_ui/HXH_Instance/HXH_Name/WordsInstanceNameopen9.png",
        "des": "小杰讶异地看著彼多，他让气缠绕自己身躯，口中喃喃说著：「骗子……」室内的烛光熄灭，开始刮起阵阵强风……",
        "elite_drop_des": "空着",
        "card_type": 5,
        "open_level": 60
    },
    "18": {
        "area_id": 18,
        "area_name": "会长的选举",
        "area_normal": [18],
        "area_elite": [18],
        "area_search": [],
        "area_name_pic_big": "ccbResources/common_ui/HXH_Instance/HXH_Name/WordsInstanceNameNo9.png",
        "area_name_pic": "ccbResources/common_ui/HXH_Instance/HXH_Name/WordsInstanceNameopen9.png",
        "des": "由于尼特罗会长牺牲，猎人协会开始选举下一任会长。奇犽为了治好小杰，决定回枯枯戮山寻找弟弟亚路嘉帮忙。",
        "elite_drop_des": "空着",
        "card_type": 6,
        "open_level": 60
    },
    "19": {
        "area_id": 19,
        "area_name": "许愿与重逢",
        "area_normal": [19],
        "area_elite": [19],
        "area_search": [],
        "area_name_pic_big": "ccbResources/common_ui/HXH_Instance/HXH_Name/WordsInstanceNameNo9.png",
        "area_name_pic": "ccbResources/common_ui/HXH_Instance/HXH_Name/WordsInstanceNameopen9.png",
        "des": "揍敌客家族为了阻止奇犽向拿尼加许愿，设下了重重埋伏。而猎人协会一边，雷欧力在会长选举中的演讲赢得了不少猎人的喝彩。",
        "elite_drop_des": "空着",
        "card_type": 1,
        "open_level": 60
    },
    "20": {
        "area_id": 20,
        "area_name": "世界树X相聚",
        "area_normal": [20],
        "area_elite": [20],
        "area_search": [],
        "area_name_pic_big": "ccbResources/common_ui/HXH_Instance/HXH_Name/WordsInstanceNameNo9.png",
        "area_name_pic": "ccbResources/common_ui/HXH_Instance/HXH_Name/WordsInstanceNameopen9.png",
        "des": "帕利士通当选了第13任会长。另一方面，拿尼加成功治好了小杰，小杰登上了世界最高的树，终于见到了自己的父亲——金",
        "elite_drop_des": "空着",
        "card_type": 3,
        "open_level": 60
    }}