{
    "10001": {
        "general_id": 10001,
        "general_hp": [23372,58429,99329,146072,146072,204500,204500,274614,274614],
        "general_atk": [508,1270,2159,2159,3302,3302,4699,4699,6604],
        "general_def": [0,0,0,0,0,0,0,0,0],
        "atk_crit": [0,0,0,5,10,15,15,15,15],
        "crit_extra": [0,0,0,0,0,0,0,0,0],
        "dodge_rate": [0,0,0,0,0,0,0,0,0],
        "hit_rate": [0,0,0,0,0,0,0,0,0],
        "ignore_phyDef": [0,0,0,0,0,0,0,0,0],
        "rage_reduce": [0,0,0,0,0,0,0,0,0],
        "universal_resistance": [0,0,0,0,0,0,0,0,0],
        "ignore_resistance": [0,0,0,0,0,0,0,0,0],
        "float_resistance": [0,0,0,0,0,0,0,0,0],
        "cd_speed": [0,0,0,0,0,0,5,10,15],
        "support_consume": [0,0,0,0,0,0,0,0,0],
        "general_atk_all": [0,0,0,0,0,0,0,0,0],
        "general_def_all": [0,0,0,0,0,0,0,0,0],
        "all_crit": [0,0,0,0,0,0,0,0,0],
        "ignore_def_all": [0,0,0,0,0,0,0,0,0],
        "skill_atk": [0,0,0,0,0,0,0,0,0],
        "skill_def": [0,0,0,0,0,0,0,0,0],
        "skill_crit": [0,0,0,0,0,0,0,0,0],
        "crit_resistance": [0,0,0,0,0,0,0,0,0],
        "final_extra": [0,0,0,0,0,0,0,0,0],
        "final_reduce": [0,0,0,0,0,0,0,0,0],
        "ignore_magicDef": [0,0,0,0,0,0,0,0,0]
    },
    "10002": {
        "general_id": 10002,
        "general_hp": [27540,68850,117045,172125,172125,240975,240975,323595,323595],
        "general_atk": [376,940,1598,1598,2444,2444,3478,3478,4888],
        "general_def": [0,0,0,0,0,0,0,0,0],
        "atk_crit": [0,0,0,0,0,0,0,0,0],
        "crit_extra": [0,0,0,0,0,0,0,0,0],
        "dodge_rate": [0,0,0,0,0,0,0,0,0],
        "hit_rate": [0,0,0,0,0,0,0,0,0],
        "ignore_phyDef": [0,0,0,0,0,0,0,0,0],
        "rage_reduce": [0,0,0,0,0,0,0,0,0],
        "universal_resistance": [0,0,0,0,0,0,0,0,0],
        "ignore_resistance": [0,0,0,0,0,0,0,0,0],
        "float_resistance": [0,0,0,0,0,0,0,0,0],
        "cd_speed": [0,0,0,0,0,0,5,10,15],
        "support_consume": [0,0,0,0,0,0,0,0,0],
        "general_atk_all": [0,0,0,0,0,0,0,0,0],
        "general_def_all": [0,0,0,0,0,0,0,0,0],
        "all_crit": [0,0,0,0,0,0,0,0,0],
        "ignore_def_all": [0,0,0,0,0,0,0,0,0],
        "skill_atk": [0,0,0,0,0,0,0,0,0],
        "skill_def": [0,0,0,0,0,0,0,0,0],
        "skill_crit": [0,0,0,0,0,0,0,0,0],
        "crit_resistance": [0,0,0,5,10,15,15,15,15],
        "final_extra": [0,0,0,0,0,0,0,0,0],
        "final_reduce": [0,0,0,0,0,0,0,0,0],
        "ignore_magicDef": [0,0,0,0,0,0,0,0,0]
    },
    "10003": {
        "general_id": 10003,
        "general_hp": [26136,65340,111078,163350,163350,228690,228690,307098,307098],
        "general_atk": [408,1020,1734,1734,2652,2652,3774,3774,5304],
        "general_def": [0,0,0,0,0,0,0,0,0],
        "atk_crit": [0,0,0,0,0,0,0,0,0],
        "crit_extra": [0,0,0,0,0,0,0,0,0],
        "dodge_rate": [0,0,0,0,0,0,0,0,0],
        "hit_rate": [0,0,0,0,0,0,0,0,0],
        "ignore_phyDef": [0,0,0,0,0,0,0,0,0],
        "rage_reduce": [0,0,0,0,0,0,0,0,0],
        "universal_resistance": [0,0,0,0,0,0,0,0,0],
        "ignore_resistance": [0,0,0,0,0,0,0,0,0],
        "float_resistance": [0,0,0,0,0,0,0,0,0],
        "cd_speed": [0,0,0,0,0,0,5,10,15],
        "support_consume": [0,0,0,0,0,0,0,0,0],
        "general_atk_all": [0,0,0,0,0,0,0,0,0],
        "general_def_all": [0,0,0,0,0,0,0,0,0],
        "all_crit": [0,0,0,0,0,0,0,0,0],
        "ignore_def_all": [0,0,0,0,0,0,0,0,0],
        "skill_atk": [0,0,0,5,10,15,15,15,15],
        "skill_def": [0,0,0,0,0,0,0,0,0],
        "skill_crit": [0,0,0,0,0,0,0,0,0],
        "crit_resistance": [0,0,0,0,0,0,0,0,0],
        "final_extra": [0,0,0,0,0,0,0,0,0],
        "final_reduce": [0,0,0,0,0,0,0,0,0],
        "ignore_magicDef": [0,0,0,0,0,0,0,0,0]
    },
    "10004": {
        "general_id": 10004,
        "general_hp": [28062,70155,119264,175388,175388,245543,245543,329729,329729],
        "general_atk": [396,990,1683,1683,2574,2574,3663,3663,5148],
        "general_def": [0,0,0,0,0,0,0,0,0],
        "atk_crit": [0,0,0,0,0,0,0,0,0],
        "crit_extra": [0,0,0,0,0,0,0,0,0],
        "dodge_rate": [0,0,0,0,0,0,0,0,0],
        "hit_rate": [0,0,0,0,0,0,0,0,0],
        "ignore_phyDef": [0,0,0,0,0,0,0,0,0],
        "rage_reduce": [0,0,0,0,0,0,0,0,0],
        "universal_resistance": [0,0,0,0,0,0,0,0,0],
        "ignore_resistance": [0,0,0,0,0,0,0,0,0],
        "float_resistance": [0,0,0,0,0,0,0,0,0],
        "cd_speed": [0,0,0,0,0,0,5,10,15],
        "support_consume": [0,0,0,0,0,0,0,0,0],
        "general_atk_all": [0,0,0,0,0,0,0,0,0],
        "general_def_all": [0,0,0,0,0,0,0,0,0],
        "all_crit": [0,0,0,0,0,0,0,0,0],
        "ignore_def_all": [0,0,0,0,0,0,0,0,0],
        "skill_atk": [0,0,0,5,10,15,15,15,15],
        "skill_def": [0,0,0,0,0,0,0,0,0],
        "skill_crit": [0,0,0,0,0,0,0,0,0],
        "crit_resistance": [0,0,0,0,0,0,0,0,0],
        "final_extra": [0,0,0,0,0,0,0,0,0],
        "final_reduce": [0,0,0,0,0,0,0,0,0],
        "ignore_magicDef": [0,0,0,0,0,0,0,0,0]
    },
    "10005": {
        "general_id": 10005,
        "general_hp": [23426,58564,99559,146410,146410,204973,204973,275249,275249],
        "general_atk": [498,1245,2117,2117,3238,3238,4608,4608,6476],
        "general_def": [0,0,0,0,0,0,0,0,0],
        "atk_crit": [0,0,0,5,10,15,15,15,15],
        "crit_extra": [0,0,0,0,0,0,0,0,0],
        "dodge_rate": [0,0,0,0,0,0,0,0,0],
        "hit_rate": [0,0,0,0,0,0,0,0,0],
        "ignore_phyDef": [0,0,0,0,0,0,0,0,0],
        "rage_reduce": [0,0,0,0,0,0,0,0,0],
        "universal_resistance": [0,0,0,0,0,0,0,0,0],
        "ignore_resistance": [0,0,0,0,0,0,0,0,0],
        "float_resistance": [0,0,0,0,0,0,0,0,0],
        "cd_speed": [0,0,0,0,0,0,5,10,15],
        "support_consume": [0,0,0,0,0,0,0,0,0],
        "general_atk_all": [0,0,0,0,0,0,0,0,0],
        "general_def_all": [0,0,0,0,0,0,0,0,0],
        "all_crit": [0,0,0,0,0,0,0,0,0],
        "ignore_def_all": [0,0,0,0,0,0,0,0,0],
        "skill_atk": [0,0,0,0,0,0,0,0,0],
        "skill_def": [0,0,0,0,0,0,0,0,0],
        "skill_crit": [0,0,0,0,0,0,0,0,0],
        "crit_resistance": [0,0,0,0,0,0,0,0,0],
        "final_extra": [0,0,0,0,0,0,0,0,0],
        "final_reduce": [0,0,0,0,0,0,0,0,0],
        "ignore_magicDef": [0,0,0,0,0,0,0,0,0]
    },
    "10006": {
        "general_id": 10006,
        "general_hp": [22432,56080,95336,140200,140200,196279,196279,263574,263574],
        "general_atk": [456,1140,1938,1938,2964,2964,4218,4218,5928],
        "general_def": [0,0,0,0,0,0,0,0,0],
        "atk_crit": [0,0,0,5,10,15,15,15,15],
        "crit_extra": [0,0,0,0,0,0,0,0,0],
        "dodge_rate": [0,0,0,0,0,0,0,0,0],
        "hit_rate": [0,0,0,0,0,0,0,0,0],
        "ignore_phyDef": [0,0,0,0,0,0,0,0,0],
        "rage_reduce": [0,0,0,0,0,0,0,0,0],
        "universal_resistance": [0,0,0,0,0,0,0,0,0],
        "ignore_resistance": [0,0,0,0,0,0,0,0,0],
        "float_resistance": [0,0,0,0,0,0,0,0,0],
        "cd_speed": [0,0,0,0,0,0,5,10,15],
        "support_consume": [0,0,0,0,0,0,0,0,0],
        "general_atk_all": [0,0,0,0,0,0,0,0,0],
        "general_def_all": [0,0,0,0,0,0,0,0,0],
        "all_crit": [0,0,0,0,0,0,0,0,0],
        "ignore_def_all": [0,0,0,0,0,0,0,0,0],
        "skill_atk": [0,0,0,0,0,0,0,0,0],
        "skill_def": [0,0,0,0,0,0,0,0,0],
        "skill_crit": [0,0,0,0,0,0,0,0,0],
        "crit_resistance": [0,0,0,0,0,0,0,0,0],
        "final_extra": [0,0,0,0,0,0,0,0,0],
        "final_reduce": [0,0,0,0,0,0,0,0,0],
        "ignore_magicDef": [0,0,0,0,0,0,0,0,0]
    },
    "10007": {
        "general_id": 10007,
        "general_hp": [36000,90000,153000,225000,225000,315000,315000,423000,423000],
        "general_atk": [330,825,1403,1403,2146,2146,3054,3054,4292],
        "general_def": [0,0,0,0,0,0,0,0,0],
        "atk_crit": [0,0,0,0,0,0,0,0,0],
        "crit_extra": [0,0,0,0,0,0,0,0,0],
        "dodge_rate": [0,0,0,0,0,0,0,0,0],
        "hit_rate": [0,0,0,0,0,0,0,0,0],
        "ignore_phyDef": [0,0,0,0,0,0,0,0,0],
        "rage_reduce": [0,0,0,0,0,0,0,0,0],
        "universal_resistance": [0,0,0,0,0,0,0,0,0],
        "ignore_resistance": [0,0,0,0,0,0,0,0,0],
        "float_resistance": [0,0,0,0,0,0,0,0,0],
        "cd_speed": [0,0,0,0,0,0,5,10,15],
        "support_consume": [0,0,0,0,0,0,0,0,0],
        "general_atk_all": [0,0,0,0,0,0,0,0,0],
        "general_def_all": [0,0,0,0,0,0,0,0,0],
        "all_crit": [0,0,0,0,0,0,0,0,0],
        "ignore_def_all": [0,0,0,0,0,0,0,0,0],
        "skill_atk": [0,0,0,0,0,0,0,0,0],
        "skill_def": [0,0,0,0,0,0,0,0,0],
        "skill_crit": [0,0,0,0,0,0,0,0,0],
        "crit_resistance": [0,0,0,5,10,15,15,15,15],
        "final_extra": [0,0,0,0,0,0,0,0,0],
        "final_reduce": [0,0,0,0,0,0,0,0,0],
        "ignore_magicDef": [0,0,0,0,0,0,0,0,0]
    },
    "10008": {
        "general_id": 10008,
        "general_hp": [22522,56305,95718,140762,140762,197066,197066,264631,264631],
        "general_atk": [450,1125,1913,1913,2926,2926,4164,4164,5852],
        "general_def": [0,0,0,0,0,0,0,0,0],
        "atk_crit": [0,0,0,5,10,15,15,15,15],
        "crit_extra": [0,0,0,0,0,0,0,0,0],
        "dodge_rate": [0,0,0,0,0,0,0,0,0],
        "hit_rate": [0,0,0,0,0,0,0,0,0],
        "ignore_phyDef": [0,0,0,0,0,0,0,0,0],
        "rage_reduce": [0,0,0,0,0,0,0,0,0],
        "universal_resistance": [0,0,0,0,0,0,0,0,0],
        "ignore_resistance": [0,0,0,0,0,0,0,0,0],
        "float_resistance": [0,0,0,0,0,0,0,0,0],
        "cd_speed": [0,0,0,0,0,0,5,10,15],
        "support_consume": [0,0,0,0,0,0,0,0,0],
        "general_atk_all": [0,0,0,0,0,0,0,0,0],
        "general_def_all": [0,0,0,0,0,0,0,0,0],
        "all_crit": [0,0,0,0,0,0,0,0,0],
        "ignore_def_all": [0,0,0,0,0,0,0,0,0],
        "skill_atk": [0,0,0,0,0,0,0,0,0],
        "skill_def": [0,0,0,0,0,0,0,0,0],
        "skill_crit": [0,0,0,0,0,0,0,0,0],
        "crit_resistance": [0,0,0,0,0,0,0,0,0],
        "final_extra": [0,0,0,0,0,0,0,0,0],
        "final_reduce": [0,0,0,0,0,0,0,0,0],
        "ignore_magicDef": [0,0,0,0,0,0,0,0,0]
    },
    "10009": {
        "general_id": 10009,
        "general_hp": [27414,68535,116510,171338,171338,239873,239873,322115,322115],
        "general_atk": [316,790,1343,1343,2054,2054,2923,2923,4108],
        "general_def": [0,0,0,0,0,0,0,0,0],
        "atk_crit": [0,0,0,0,0,0,0,0,0],
        "crit_extra": [0,0,0,0,0,0,0,0,0],
        "dodge_rate": [0,0,0,0,0,0,0,0,0],
        "hit_rate": [0,0,0,0,0,0,0,0,0],
        "ignore_phyDef": [0,0,0,0,0,0,0,0,0],
        "rage_reduce": [0,0,0,0,0,0,0,0,0],
        "universal_resistance": [0,0,0,0,0,0,0,0,0],
        "ignore_resistance": [0,0,0,0,0,0,0,0,0],
        "float_resistance": [0,0,0,0,0,0,0,0,0],
        "cd_speed": [0,0,0,0,0,0,5,10,15],
        "support_consume": [0,0,0,0,0,0,0,0,0],
        "general_atk_all": [0,0,0,0,0,0,0,0,0],
        "general_def_all": [0,0,0,0,0,0,0,0,0],
        "all_crit": [0,0,0,0,0,0,0,0,0],
        "ignore_def_all": [0,0,0,0,0,0,0,0,0],
        "skill_atk": [0,0,0,0,0,0,0,0,0],
        "skill_def": [0,0,0,0,0,0,0,0,0],
        "skill_crit": [0,0,0,0,0,0,0,0,0],
        "crit_resistance": [0,0,0,5,10,15,15,15,15],
        "final_extra": [0,0,0,0,0,0,0,0,0],
        "final_reduce": [0,0,0,0,0,0,0,0,0],
        "ignore_magicDef": [0,0,0,0,0,0,0,0,0]
    },
    "10010": {
        "general_id": 10010,
        "general_hp": [27432,68580,116586,171450,171450,240030,240030,322326,322326],
        "general_atk": [316,790,1343,1343,2054,2054,2923,2923,4108],
        "general_def": [0,0,0,0,0,0,0,0,0],
        "atk_crit": [0,0,0,0,0,0,0,0,0],
        "crit_extra": [0,0,0,0,0,0,0,0,0],
        "dodge_rate": [0,0,0,0,0,0,0,0,0],
        "hit_rate": [0,0,0,0,0,0,0,0,0],
        "ignore_phyDef": [0,0,0,0,0,0,0,0,0],
        "rage_reduce": [0,0,0,0,0,0,0,0,0],
        "universal_resistance": [0,0,0,0,0,0,0,0,0],
        "ignore_resistance": [0,0,0,0,0,0,0,0,0],
        "float_resistance": [0,0,0,0,0,0,0,0,0],
        "cd_speed": [0,0,0,0,0,0,5,10,15],
        "support_consume": [0,0,0,0,0,0,0,0,0],
        "general_atk_all": [0,0,0,0,0,0,0,0,0],
        "general_def_all": [0,0,0,0,0,0,0,0,0],
        "all_crit": [0,0,0,0,0,0,0,0,0],
        "ignore_def_all": [0,0,0,0,0,0,0,0,0],
        "skill_atk": [0,0,0,0,0,0,0,0,0],
        "skill_def": [0,0,0,0,0,0,0,0,0],
        "skill_crit": [0,0,0,0,0,0,0,0,0],
        "crit_resistance": [0,0,0,5,10,15,15,15,15],
        "final_extra": [0,0,0,0,0,0,0,0,0],
        "final_reduce": [0,0,0,0,0,0,0,0,0],
        "ignore_magicDef": [0,0,0,0,0,0,0,0,0]
    },
    "10011": {
        "general_id": 10011,
        "general_hp": [23660,59149,100553,147872,147872,207020,207020,277998,277998],
        "general_atk": [478,1195,2032,2032,3108,3108,4423,4423,6216],
        "general_def": [0,0,0,0,0,0,0,0,0],
        "atk_crit": [0,0,0,5,10,15,15,15,15],
        "crit_extra": [0,0,0,0,0,0,0,0,0],
        "dodge_rate": [0,0,0,0,0,0,0,0,0],
        "hit_rate": [0,0,0,0,0,0,0,0,0],
        "ignore_phyDef": [0,0,0,0,0,0,0,0,0],
        "rage_reduce": [0,0,0,0,0,0,0,0,0],
        "universal_resistance": [0,0,0,0,0,0,0,0,0],
        "ignore_resistance": [0,0,0,0,0,0,0,0,0],
        "float_resistance": [0,0,0,0,0,0,0,0,0],
        "cd_speed": [0,0,0,0,0,0,5,10,15],
        "support_consume": [0,0,0,0,0,0,0,0,0],
        "general_atk_all": [0,0,0,0,0,0,0,0,0],
        "general_def_all": [0,0,0,0,0,0,0,0,0],
        "all_crit": [0,0,0,0,0,0,0,0,0],
        "ignore_def_all": [0,0,0,0,0,0,0,0,0],
        "skill_atk": [0,0,0,0,0,0,0,0,0],
        "skill_def": [0,0,0,0,0,0,0,0,0],
        "skill_crit": [0,0,0,0,0,0,0,0,0],
        "crit_resistance": [0,0,0,0,0,0,0,0,0],
        "final_extra": [0,0,0,0,0,0,0,0,0],
        "final_reduce": [0,0,0,0,0,0,0,0,0],
        "ignore_magicDef": [0,0,0,0,0,0,0,0,0]
    },
    "10012": {
        "general_id": 10012,
        "general_hp": [23336,58339,99176,145847,145847,204185,204185,274191,274191],
        "general_atk": [488,1220,2074,2074,3172,3172,4514,4514,6344],
        "general_def": [0,0,0,0,0,0,0,0,0],
        "atk_crit": [0,0,0,5,10,15,15,15,15],
        "crit_extra": [0,0,0,0,0,0,0,0,0],
        "dodge_rate": [0,0,0,0,0,0,0,0,0],
        "hit_rate": [0,0,0,0,0,0,0,0,0],
        "ignore_phyDef": [0,0,0,0,0,0,0,0,0],
        "rage_reduce": [0,0,0,0,0,0,0,0,0],
        "universal_resistance": [0,0,0,0,0,0,0,0,0],
        "ignore_resistance": [0,0,0,0,0,0,0,0,0],
        "float_resistance": [0,0,0,0,0,0,0,0,0],
        "cd_speed": [0,0,0,0,0,0,5,10,15],
        "support_consume": [0,0,0,0,0,0,0,0,0],
        "general_atk_all": [0,0,0,0,0,0,0,0,0],
        "general_def_all": [0,0,0,0,0,0,0,0,0],
        "all_crit": [0,0,0,0,0,0,0,0,0],
        "ignore_def_all": [0,0,0,0,0,0,0,0,0],
        "skill_atk": [0,0,0,0,0,0,0,0,0],
        "skill_def": [0,0,0,0,0,0,0,0,0],
        "skill_crit": [0,0,0,0,0,0,0,0,0],
        "crit_resistance": [0,0,0,0,0,0,0,0,0],
        "final_extra": [0,0,0,0,0,0,0,0,0],
        "final_reduce": [0,0,0,0,0,0,0,0,0],
        "ignore_magicDef": [0,0,0,0,0,0,0,0,0]
    },
    "10013": {
        "general_id": 10013,
        "general_hp": [25031,62578,106382,156444,156444,219021,219021,294114,294114],
        "general_atk": [470,1175,1998,1998,3056,3056,4349,4349,6112],
        "general_def": [0,0,0,0,0,0,0,0,0],
        "atk_crit": [0,0,0,5,10,15,15,15,15],
        "crit_extra": [0,0,0,0,0,0,0,0,0],
        "dodge_rate": [0,0,0,0,0,0,0,0,0],
        "hit_rate": [0,0,0,0,0,0,0,0,0],
        "ignore_phyDef": [0,0,0,0,0,0,0,0,0],
        "rage_reduce": [0,0,0,0,0,0,0,0,0],
        "universal_resistance": [0,0,0,0,0,0,0,0,0],
        "ignore_resistance": [0,0,0,0,0,0,0,0,0],
        "float_resistance": [0,0,0,0,0,0,0,0,0],
        "cd_speed": [0,0,0,0,0,0,5,10,15],
        "support_consume": [0,0,0,0,0,0,0,0,0],
        "general_atk_all": [0,0,0,0,0,0,0,0,0],
        "general_def_all": [0,0,0,0,0,0,0,0,0],
        "all_crit": [0,0,0,0,0,0,0,0,0],
        "ignore_def_all": [0,0,0,0,0,0,0,0,0],
        "skill_atk": [0,0,0,0,0,0,0,0,0],
        "skill_def": [0,0,0,0,0,0,0,0,0],
        "skill_crit": [0,0,0,0,0,0,0,0,0],
        "crit_resistance": [0,0,0,0,0,0,0,0,0],
        "final_extra": [0,0,0,0,0,0,0,0,0],
        "final_reduce": [0,0,0,0,0,0,0,0,0],
        "ignore_magicDef": [0,0,0,0,0,0,0,0,0]
    },
    "10014": {
        "general_id": 10014,
        "general_hp": [23508,58770,99909,146925,146925,205695,205695,276219,276219],
        "general_atk": [494,1235,2100,2100,3212,3212,4571,4571,6424],
        "general_def": [0,0,0,0,0,0,0,0,0],
        "atk_crit": [0,0,0,5,10,15,15,15,15],
        "crit_extra": [0,0,0,0,0,0,0,0,0],
        "dodge_rate": [0,0,0,0,0,0,0,0,0],
        "hit_rate": [0,0,0,0,0,0,0,0,0],
        "ignore_phyDef": [0,0,0,0,0,0,0,0,0],
        "rage_reduce": [0,0,0,0,0,0,0,0,0],
        "universal_resistance": [0,0,0,0,0,0,0,0,0],
        "ignore_resistance": [0,0,0,0,0,0,0,0,0],
        "float_resistance": [0,0,0,0,0,0,0,0,0],
        "cd_speed": [0,0,0,0,0,0,5,10,15],
        "support_consume": [0,0,0,0,0,0,0,0,0],
        "general_atk_all": [0,0,0,0,0,0,0,0,0],
        "general_def_all": [0,0,0,0,0,0,0,0,0],
        "all_crit": [0,0,0,0,0,0,0,0,0],
        "ignore_def_all": [0,0,0,0,0,0,0,0,0],
        "skill_atk": [0,0,0,0,0,0,0,0,0],
        "skill_def": [0,0,0,0,0,0,0,0,0],
        "skill_crit": [0,0,0,0,0,0,0,0,0],
        "crit_resistance": [0,0,0,0,0,0,0,0,0],
        "final_extra": [0,0,0,0,0,0,0,0,0],
        "final_reduce": [0,0,0,0,0,0,0,0,0],
        "ignore_magicDef": [0,0,0,0,0,0,0,0,0]
    },
    "10015": {
        "general_id": 10015,
        "general_hp": [27414,68535,116510,171338,171338,239873,239873,322115,322115],
        "general_atk": [366,915,1556,1556,2380,2380,3387,3387,4760],
        "general_def": [0,0,0,0,0,0,0,0,0],
        "atk_crit": [0,0,0,0,0,0,0,0,0],
        "crit_extra": [0,0,0,0,0,0,0,0,0],
        "dodge_rate": [0,0,0,0,0,0,0,0,0],
        "hit_rate": [0,0,0,0,0,0,0,0,0],
        "ignore_phyDef": [0,0,0,0,0,0,0,0,0],
        "rage_reduce": [0,0,0,0,0,0,0,0,0],
        "universal_resistance": [0,0,0,0,0,0,0,0,0],
        "ignore_resistance": [0,0,0,0,0,0,0,0,0],
        "float_resistance": [0,0,0,0,0,0,0,0,0],
        "cd_speed": [0,0,0,0,0,0,5,10,15],
        "support_consume": [0,0,0,0,0,0,0,0,0],
        "general_atk_all": [0,0,0,0,0,0,0,0,0],
        "general_def_all": [0,0,0,0,0,0,0,0,0],
        "all_crit": [0,0,0,0,0,0,0,0,0],
        "ignore_def_all": [0,0,0,0,0,0,0,0,0],
        "skill_atk": [0,0,0,0,0,0,0,0,0],
        "skill_def": [0,0,0,0,0,0,0,0,0],
        "skill_crit": [0,0,0,0,0,0,0,0,0],
        "crit_resistance": [0,0,0,5,10,15,15,15,15],
        "final_extra": [0,0,0,0,0,0,0,0,0],
        "final_reduce": [0,0,0,0,0,0,0,0,0],
        "ignore_magicDef": [0,0,0,0,0,0,0,0,0]
    },
    "10016": {
        "general_id": 10016,
        "general_hp": [25013,62533,106306,156332,156332,218864,218864,293903,293903],
        "general_atk": [350,875,1488,1488,2276,2276,3239,3239,4552],
        "general_def": [0,0,0,0,0,0,0,0,0],
        "atk_crit": [0,0,0,0,0,0,0,0,0],
        "crit_extra": [0,0,0,0,0,0,0,0,0],
        "dodge_rate": [0,0,0,0,0,0,0,0,0],
        "hit_rate": [0,0,0,0,0,0,0,0,0],
        "ignore_phyDef": [0,0,0,0,0,0,0,0,0],
        "rage_reduce": [0,0,0,0,0,0,0,0,0],
        "universal_resistance": [0,0,0,0,0,0,0,0,0],
        "ignore_resistance": [0,0,0,0,0,0,0,0,0],
        "float_resistance": [0,0,0,0,0,0,0,0,0],
        "cd_speed": [0,0,0,0,0,0,5,10,15],
        "support_consume": [0,0,0,0,0,0,0,0,0],
        "general_atk_all": [0,0,0,0,0,0,0,0,0],
        "general_def_all": [0,0,0,0,0,0,0,0,0],
        "all_crit": [0,0,0,0,0,0,0,0,0],
        "ignore_def_all": [0,0,0,0,0,0,0,0,0],
        "skill_atk": [0,0,0,5,10,15,15,15,15],
        "skill_def": [0,0,0,0,0,0,0,0,0],
        "skill_crit": [0,0,0,0,0,0,0,0,0],
        "crit_resistance": [0,0,0,0,0,0,0,0,0],
        "final_extra": [0,0,0,0,0,0,0,0,0],
        "final_reduce": [0,0,0,0,0,0,0,0,0],
        "ignore_magicDef": [0,0,0,0,0,0,0,0,0]
    },
    "10017": {
        "general_id": 10017,
        "general_hp": [24621,61552,104638,153879,153879,215430,215430,289292,289292],
        "general_atk": [550,1375,2338,2338,3576,3576,5089,5089,7152],
        "general_def": [0,0,0,0,0,0,0,0,0],
        "atk_crit": [0,0,0,5,10,15,15,15,15],
        "crit_extra": [0,0,0,0,0,0,0,0,0],
        "dodge_rate": [0,0,0,0,0,0,0,0,0],
        "hit_rate": [0,0,0,0,0,0,0,0,0],
        "ignore_phyDef": [0,0,0,0,0,0,0,0,0],
        "rage_reduce": [0,0,0,0,0,0,0,0,0],
        "universal_resistance": [0,0,0,0,0,0,0,0,0],
        "ignore_resistance": [0,0,0,0,0,0,0,0,0],
        "float_resistance": [0,0,0,0,0,0,0,0,0],
        "cd_speed": [0,0,0,0,0,0,5,10,15],
        "support_consume": [0,0,0,0,0,0,0,0,0],
        "general_atk_all": [0,0,0,0,0,0,0,0,0],
        "general_def_all": [0,0,0,0,0,0,0,0,0],
        "all_crit": [0,0,0,0,0,0,0,0,0],
        "ignore_def_all": [0,0,0,0,0,0,0,0,0],
        "skill_atk": [0,0,0,0,0,0,0,0,0],
        "skill_def": [0,0,0,0,0,0,0,0,0],
        "skill_crit": [0,0,0,0,0,0,0,0,0],
        "crit_resistance": [0,0,0,0,0,0,0,0,0],
        "final_extra": [0,0,0,0,0,0,0,0,0],
        "final_reduce": [0,0,0,0,0,0,0,0,0],
        "ignore_magicDef": [0,0,0,0,0,0,0,0,0]
    },
    "10018": {
        "general_id": 10018,
        "general_hp": [24599,61498,104546,153744,153744,215241,215241,289038,289038],
        "general_atk": [554,1385,2355,2355,3602,3602,5126,5126,7204],
        "general_def": [0,0,0,0,0,0,0,0,0],
        "atk_crit": [0,0,0,5,10,15,15,15,15],
        "crit_extra": [0,0,0,0,0,0,0,0,0],
        "dodge_rate": [0,0,0,0,0,0,0,0,0],
        "hit_rate": [0,0,0,0,0,0,0,0,0],
        "ignore_phyDef": [0,0,0,0,0,0,0,0,0],
        "rage_reduce": [0,0,0,0,0,0,0,0,0],
        "universal_resistance": [0,0,0,0,0,0,0,0,0],
        "ignore_resistance": [0,0,0,0,0,0,0,0,0],
        "float_resistance": [0,0,0,0,0,0,0,0,0],
        "cd_speed": [0,0,0,0,0,0,5,10,15],
        "support_consume": [0,0,0,0,0,0,0,0,0],
        "general_atk_all": [0,0,0,0,0,0,0,0,0],
        "general_def_all": [0,0,0,0,0,0,0,0,0],
        "all_crit": [0,0,0,0,0,0,0,0,0],
        "ignore_def_all": [0,0,0,0,0,0,0,0,0],
        "skill_atk": [0,0,0,0,0,0,0,0,0],
        "skill_def": [0,0,0,0,0,0,0,0,0],
        "skill_crit": [0,0,0,0,0,0,0,0,0],
        "crit_resistance": [0,0,0,0,0,0,0,0,0],
        "final_extra": [0,0,0,0,0,0,0,0,0],
        "final_reduce": [0,0,0,0,0,0,0,0,0],
        "ignore_magicDef": [0,0,0,0,0,0,0,0,0]
    },
    "10019": {
        "general_id": 10019,
        "general_hp": [27846,69615,118346,174038,174038,243653,243653,327191,327191],
        "general_atk": [382,955,1624,1624,2484,2484,3535,3535,4968],
        "general_def": [0,0,0,0,0,0,0,0,0],
        "atk_crit": [0,0,0,0,0,0,0,0,0],
        "crit_extra": [0,0,0,0,0,0,0,0,0],
        "dodge_rate": [0,0,0,0,0,0,0,0,0],
        "hit_rate": [0,0,0,0,0,0,0,0,0],
        "ignore_phyDef": [0,0,0,0,0,0,0,0,0],
        "rage_reduce": [0,0,0,0,0,0,0,0,0],
        "universal_resistance": [0,0,0,0,0,0,0,0,0],
        "ignore_resistance": [0,0,0,0,0,0,0,0,0],
        "float_resistance": [0,0,0,0,0,0,0,0,0],
        "cd_speed": [0,0,0,0,0,0,5,10,15],
        "support_consume": [0,0,0,0,0,0,0,0,0],
        "general_atk_all": [0,0,0,0,0,0,0,0,0],
        "general_def_all": [0,0,0,0,0,0,0,0,0],
        "all_crit": [0,0,0,0,0,0,0,0,0],
        "ignore_def_all": [0,0,0,0,0,0,0,0,0],
        "skill_atk": [0,0,0,5,10,15,15,15,15],
        "skill_def": [0,0,0,0,0,0,0,0,0],
        "skill_crit": [0,0,0,0,0,0,0,0,0],
        "crit_resistance": [0,0,0,0,0,0,0,0,0],
        "final_extra": [0,0,0,0,0,0,0,0,0],
        "final_reduce": [0,0,0,0,0,0,0,0,0],
        "ignore_magicDef": [0,0,0,0,0,0,0,0,0]
    },
    "10020": {
        "general_id": 10020,
        "general_hp": [27422,68554,116542,171385,171385,239938,239938,322202,322202],
        "general_atk": [378,945,1607,1607,2458,2458,3498,3498,4916],
        "general_def": [0,0,0,0,0,0,0,0,0],
        "atk_crit": [0,0,0,0,0,0,0,0,0],
        "crit_extra": [0,0,0,0,0,0,0,0,0],
        "dodge_rate": [0,0,0,0,0,0,0,0,0],
        "hit_rate": [0,0,0,0,0,0,0,0,0],
        "ignore_phyDef": [0,0,0,0,0,0,0,0,0],
        "rage_reduce": [0,0,0,0,0,0,0,0,0],
        "universal_resistance": [0,0,0,0,0,0,0,0,0],
        "ignore_resistance": [0,0,0,0,0,0,0,0,0],
        "float_resistance": [0,0,0,0,0,0,0,0,0],
        "cd_speed": [0,0,0,0,0,0,5,10,15],
        "support_consume": [0,0,0,0,0,0,0,0,0],
        "general_atk_all": [0,0,0,0,0,0,0,0,0],
        "general_def_all": [0,0,0,0,0,0,0,0,0],
        "all_crit": [0,0,0,0,0,0,0,0,0],
        "ignore_def_all": [0,0,0,0,0,0,0,0,0],
        "skill_atk": [0,0,0,5,10,15,15,15,15],
        "skill_def": [0,0,0,0,0,0,0,0,0],
        "skill_crit": [0,0,0,0,0,0,0,0,0],
        "crit_resistance": [0,0,0,0,0,0,0,0,0],
        "final_extra": [0,0,0,0,0,0,0,0,0],
        "final_reduce": [0,0,0,0,0,0,0,0,0],
        "ignore_magicDef": [0,0,0,0,0,0,0,0,0]
    },
    "10021": {
        "general_id": 10021,
        "general_hp": [28786,71965,122340,179912,179912,251876,251876,338233,338233],
        "general_atk": [322,805,1369,1369,2094,2094,2980,2980,4188],
        "general_def": [0,0,0,0,0,0,0,0,0],
        "atk_crit": [0,0,0,0,0,0,0,0,0],
        "crit_extra": [0,0,0,0,0,0,0,0,0],
        "dodge_rate": [0,0,0,0,0,0,0,0,0],
        "hit_rate": [0,0,0,0,0,0,0,0,0],
        "ignore_phyDef": [0,0,0,0,0,0,0,0,0],
        "rage_reduce": [0,0,0,0,0,0,0,0,0],
        "universal_resistance": [0,0,0,0,0,0,0,0,0],
        "ignore_resistance": [0,0,0,0,0,0,0,0,0],
        "float_resistance": [0,0,0,0,0,0,0,0,0],
        "cd_speed": [0,0,0,0,0,0,5,10,15],
        "support_consume": [0,0,0,0,0,0,0,0,0],
        "general_atk_all": [0,0,0,0,0,0,0,0,0],
        "general_def_all": [0,0,0,0,0,0,0,0,0],
        "all_crit": [0,0,0,0,0,0,0,0,0],
        "ignore_def_all": [0,0,0,0,0,0,0,0,0],
        "skill_atk": [0,0,0,0,0,0,0,0,0],
        "skill_def": [0,0,0,0,0,0,0,0,0],
        "skill_crit": [0,0,0,0,0,0,0,0,0],
        "crit_resistance": [0,0,0,5,10,15,15,15,15],
        "final_extra": [0,0,0,0,0,0,0,0,0],
        "final_reduce": [0,0,0,0,0,0,0,0,0],
        "ignore_magicDef": [0,0,0,0,0,0,0,0,0]
    },
    "10022": {
        "general_id": 10022,
        "general_hp": [27414,68535,116510,171338,171338,239873,239873,322115,322115],
        "general_atk": [316,790,1343,1343,2054,2054,2923,2923,4108],
        "general_def": [0,0,0,0,0,0,0,0,0],
        "atk_crit": [0,0,0,0,0,0,0,0,0],
        "crit_extra": [0,0,0,0,0,0,0,0,0],
        "dodge_rate": [0,0,0,0,0,0,0,0,0],
        "hit_rate": [0,0,0,0,0,0,0,0,0],
        "ignore_phyDef": [0,0,0,0,0,0,0,0,0],
        "rage_reduce": [0,0,0,0,0,0,0,0,0],
        "universal_resistance": [0,0,0,0,0,0,0,0,0],
        "ignore_resistance": [0,0,0,0,0,0,0,0,0],
        "float_resistance": [0,0,0,0,0,0,0,0,0],
        "cd_speed": [0,0,0,0,0,0,5,10,15],
        "support_consume": [0,0,0,0,0,0,0,0,0],
        "general_atk_all": [0,0,0,0,0,0,0,0,0],
        "general_def_all": [0,0,0,0,0,0,0,0,0],
        "all_crit": [0,0,0,0,0,0,0,0,0],
        "ignore_def_all": [0,0,0,0,0,0,0,0,0],
        "skill_atk": [0,0,0,0,0,0,0,0,0],
        "skill_def": [0,0,0,0,0,0,0,0,0],
        "skill_crit": [0,0,0,0,0,0,0,0,0],
        "crit_resistance": [0,0,0,5,10,15,15,15,15],
        "final_extra": [0,0,0,0,0,0,0,0,0],
        "final_reduce": [0,0,0,0,0,0,0,0,0],
        "ignore_magicDef": [0,0,0,0,0,0,0,0,0]
    },
    "10023": {
        "general_id": 10023,
        "general_hp": [26529,66322,112747,165804,165804,232125,232125,311711,311711],
        "general_atk": [374,935,1590,1590,2432,2432,3461,3461,4864],
        "general_def": [0,0,0,0,0,0,0,0,0],
        "atk_crit": [0,0,0,0,0,0,0,0,0],
        "crit_extra": [0,0,0,0,0,0,0,0,0],
        "dodge_rate": [0,0,0,0,0,0,0,0,0],
        "hit_rate": [0,0,0,0,0,0,0,0,0],
        "ignore_phyDef": [0,0,0,0,0,0,0,0,0],
        "rage_reduce": [0,0,0,0,0,0,0,0,0],
        "universal_resistance": [0,0,0,0,0,0,0,0,0],
        "ignore_resistance": [0,0,0,0,0,0,0,0,0],
        "float_resistance": [0,0,0,0,0,0,0,0,0],
        "cd_speed": [0,0,0,0,0,0,5,10,15],
        "support_consume": [0,0,0,0,0,0,0,0,0],
        "general_atk_all": [0,0,0,0,0,0,0,0,0],
        "general_def_all": [0,0,0,0,0,0,0,0,0],
        "all_crit": [0,0,0,0,0,0,0,0,0],
        "ignore_def_all": [0,0,0,0,0,0,0,0,0],
        "skill_atk": [0,0,0,5,10,15,15,15,15],
        "skill_def": [0,0,0,0,0,0,0,0,0],
        "skill_crit": [0,0,0,0,0,0,0,0,0],
        "crit_resistance": [0,0,0,0,0,0,0,0,0],
        "final_extra": [0,0,0,0,0,0,0,0,0],
        "final_reduce": [0,0,0,0,0,0,0,0,0],
        "ignore_magicDef": [0,0,0,0,0,0,0,0,0]
    },
    "10024": {
        "general_id": 10024,
        "general_hp": [24966,62415,106106,156038,156038,218453,218453,293351,293351],
        "general_atk": [350,875,1488,1488,2276,2276,3239,3239,4552],
        "general_def": [0,0,0,0,0,0,0,0,0],
        "atk_crit": [0,0,0,0,0,0,0,0,0],
        "crit_extra": [0,0,0,0,0,0,0,0,0],
        "dodge_rate": [0,0,0,0,0,0,0,0,0],
        "hit_rate": [0,0,0,0,0,0,0,0,0],
        "ignore_phyDef": [0,0,0,0,0,0,0,0,0],
        "rage_reduce": [0,0,0,0,0,0,0,0,0],
        "universal_resistance": [0,0,0,0,0,0,0,0,0],
        "ignore_resistance": [0,0,0,0,0,0,0,0,0],
        "float_resistance": [0,0,0,0,0,0,0,0,0],
        "cd_speed": [0,0,0,0,0,0,5,10,15],
        "support_consume": [0,0,0,0,0,0,0,0,0],
        "general_atk_all": [0,0,0,0,0,0,0,0,0],
        "general_def_all": [0,0,0,0,0,0,0,0,0],
        "all_crit": [0,0,0,0,0,0,0,0,0],
        "ignore_def_all": [0,0,0,0,0,0,0,0,0],
        "skill_atk": [0,0,0,5,10,15,15,15,15],
        "skill_def": [0,0,0,0,0,0,0,0,0],
        "skill_crit": [0,0,0,0,0,0,0,0,0],
        "crit_resistance": [0,0,0,0,0,0,0,0,0],
        "final_extra": [0,0,0,0,0,0,0,0,0],
        "final_reduce": [0,0,0,0,0,0,0,0,0],
        "ignore_magicDef": [0,0,0,0,0,0,0,0,0]
    },
    "10025": {
        "general_id": 10025,
        "general_hp": [27594,68985,117275,172463,172463,241448,241448,324230,324230],
        "general_atk": [336,840,1428,1428,2184,2184,3108,3108,4368],
        "general_def": [0,0,0,0,0,0,0,0,0],
        "atk_crit": [0,0,0,0,0,0,0,0,0],
        "crit_extra": [0,0,0,0,0,0,0,0,0],
        "dodge_rate": [0,0,0,0,0,0,0,0,0],
        "hit_rate": [0,0,0,0,0,0,0,0,0],
        "ignore_phyDef": [0,0,0,0,0,0,0,0,0],
        "rage_reduce": [0,0,0,0,0,0,0,0,0],
        "universal_resistance": [0,0,0,0,0,0,0,0,0],
        "ignore_resistance": [0,0,0,0,0,0,0,0,0],
        "float_resistance": [0,0,0,0,0,0,0,0,0],
        "cd_speed": [0,0,0,0,0,0,5,10,15],
        "support_consume": [0,0,0,0,0,0,0,0,0],
        "general_atk_all": [0,0,0,0,0,0,0,0,0],
        "general_def_all": [0,0,0,0,0,0,0,0,0],
        "all_crit": [0,0,0,0,0,0,0,0,0],
        "ignore_def_all": [0,0,0,0,0,0,0,0,0],
        "skill_atk": [0,0,0,0,0,0,0,0,0],
        "skill_def": [0,0,0,0,0,0,0,0,0],
        "skill_crit": [0,0,0,0,0,0,0,0,0],
        "crit_resistance": [0,0,0,5,10,15,15,15,15],
        "final_extra": [0,0,0,0,0,0,0,0,0],
        "final_reduce": [0,0,0,0,0,0,0,0,0],
        "ignore_magicDef": [0,0,0,0,0,0,0,0,0]
    },
    "10026": {
        "general_id": 10026,
        "general_hp": [23444,58609,99635,146522,146522,205130,205130,275460,275460],
        "general_atk": [516,1290,2193,2193,3354,3354,4773,4773,6708],
        "general_def": [0,0,0,0,0,0,0,0,0],
        "atk_crit": [0,0,0,5,10,15,15,15,15],
        "crit_extra": [0,0,0,0,0,0,0,0,0],
        "dodge_rate": [0,0,0,0,0,0,0,0,0],
        "hit_rate": [0,0,0,0,0,0,0,0,0],
        "ignore_phyDef": [0,0,0,0,0,0,0,0,0],
        "rage_reduce": [0,0,0,0,0,0,0,0,0],
        "universal_resistance": [0,0,0,0,0,0,0,0,0],
        "ignore_resistance": [0,0,0,0,0,0,0,0,0],
        "float_resistance": [0,0,0,0,0,0,0,0,0],
        "cd_speed": [0,0,0,0,0,0,5,10,15],
        "support_consume": [0,0,0,0,0,0,0,0,0],
        "general_atk_all": [0,0,0,0,0,0,0,0,0],
        "general_def_all": [0,0,0,0,0,0,0,0,0],
        "all_crit": [0,0,0,0,0,0,0,0,0],
        "ignore_def_all": [0,0,0,0,0,0,0,0,0],
        "skill_atk": [0,0,0,0,0,0,0,0,0],
        "skill_def": [0,0,0,0,0,0,0,0,0],
        "skill_crit": [0,0,0,0,0,0,0,0,0],
        "crit_resistance": [0,0,0,0,0,0,0,0,0],
        "final_extra": [0,0,0,0,0,0,0,0,0],
        "final_reduce": [0,0,0,0,0,0,0,0,0],
        "ignore_magicDef": [0,0,0,0,0,0,0,0,0]
    },
    "10027": {
        "general_id": 10027,
        "general_hp": [24923,62308,105923,155769,155769,218076,218076,292845,292845],
        "general_atk": [360,900,1530,1530,2340,2340,3330,3330,4680],
        "general_def": [0,0,0,0,0,0,0,0,0],
        "atk_crit": [0,0,0,0,0,0,0,0,0],
        "crit_extra": [0,0,0,0,0,0,0,0,0],
        "dodge_rate": [0,0,0,0,0,0,0,0,0],
        "hit_rate": [0,0,0,0,0,0,0,0,0],
        "ignore_phyDef": [0,0,0,0,0,0,0,0,0],
        "rage_reduce": [0,0,0,0,0,0,0,0,0],
        "universal_resistance": [0,0,0,0,0,0,0,0,0],
        "ignore_resistance": [0,0,0,0,0,0,0,0,0],
        "float_resistance": [0,0,0,0,0,0,0,0,0],
        "cd_speed": [0,0,0,0,0,0,5,10,15],
        "support_consume": [0,0,0,0,0,0,0,0,0],
        "general_atk_all": [0,0,0,0,0,0,0,0,0],
        "general_def_all": [0,0,0,0,0,0,0,0,0],
        "all_crit": [0,0,0,0,0,0,0,0,0],
        "ignore_def_all": [0,0,0,0,0,0,0,0,0],
        "skill_atk": [0,0,0,5,10,15,15,15,15],
        "skill_def": [0,0,0,0,0,0,0,0,0],
        "skill_crit": [0,0,0,0,0,0,0,0,0],
        "crit_resistance": [0,0,0,0,0,0,0,0,0],
        "final_extra": [0,0,0,0,0,0,0,0,0],
        "final_reduce": [0,0,0,0,0,0,0,0,0],
        "ignore_magicDef": [0,0,0,0,0,0,0,0,0]
    },
    "10028": {
        "general_id": 10028,
        "general_hp": [24707,61768,105005,154419,154419,216186,216186,290307,290307],
        "general_atk": [530,1325,2253,2253,3446,3446,4904,4904,6892],
        "general_def": [0,0,0,0,0,0,0,0,0],
        "atk_crit": [0,0,0,5,10,15,15,15,15],
        "crit_extra": [0,0,0,0,0,0,0,0,0],
        "dodge_rate": [0,0,0,0,0,0,0,0,0],
        "hit_rate": [0,0,0,0,0,0,0,0,0],
        "ignore_phyDef": [0,0,0,0,0,0,0,0,0],
        "rage_reduce": [0,0,0,0,0,0,0,0,0],
        "universal_resistance": [0,0,0,0,0,0,0,0,0],
        "ignore_resistance": [0,0,0,0,0,0,0,0,0],
        "float_resistance": [0,0,0,0,0,0,0,0,0],
        "cd_speed": [0,0,0,0,0,0,5,10,15],
        "support_consume": [0,0,0,0,0,0,0,0,0],
        "general_atk_all": [0,0,0,0,0,0,0,0,0],
        "general_def_all": [0,0,0,0,0,0,0,0,0],
        "all_crit": [0,0,0,0,0,0,0,0,0],
        "ignore_def_all": [0,0,0,0,0,0,0,0,0],
        "skill_atk": [0,0,0,0,0,0,0,0,0],
        "skill_def": [0,0,0,0,0,0,0,0,0],
        "skill_crit": [0,0,0,0,0,0,0,0,0],
        "crit_resistance": [0,0,0,0,0,0,0,0,0],
        "final_extra": [0,0,0,0,0,0,0,0,0],
        "final_reduce": [0,0,0,0,0,0,0,0,0],
        "ignore_magicDef": [0,0,0,0,0,0,0,0,0]
    },
    "10029": {
        "general_id": 10029,
        "general_hp": [27000,67500,114750,168750,168750,236250,236250,317250,317250],
        "general_atk": [410,1025,1743,1743,2666,2666,3794,3794,5332],
        "general_def": [0,0,0,0,0,0,0,0,0],
        "atk_crit": [0,0,0,0,0,0,0,0,0],
        "crit_extra": [0,0,0,0,0,0,0,0,0],
        "dodge_rate": [0,0,0,0,0,0,0,0,0],
        "hit_rate": [0,0,0,0,0,0,0,0,0],
        "ignore_phyDef": [0,0,0,0,0,0,0,0,0],
        "rage_reduce": [0,0,0,0,0,0,0,0,0],
        "universal_resistance": [0,0,0,0,0,0,0,0,0],
        "ignore_resistance": [0,0,0,0,0,0,0,0,0],
        "float_resistance": [0,0,0,0,0,0,0,0,0],
        "cd_speed": [0,0,0,0,0,0,5,10,15],
        "support_consume": [0,0,0,0,0,0,0,0,0],
        "general_atk_all": [0,0,0,0,0,0,0,0,0],
        "general_def_all": [0,0,0,0,0,0,0,0,0],
        "all_crit": [0,0,0,0,0,0,0,0,0],
        "ignore_def_all": [0,0,0,0,0,0,0,0,0],
        "skill_atk": [0,0,0,0,0,0,0,0,0],
        "skill_def": [0,0,0,0,0,0,0,0,0],
        "skill_crit": [0,0,0,0,0,0,0,0,0],
        "crit_resistance": [0,0,0,5,10,15,15,15,15],
        "final_extra": [0,0,0,0,0,0,0,0,0],
        "final_reduce": [0,0,0,0,0,0,0,0,0],
        "ignore_magicDef": [0,0,0,0,0,0,0,0,0]
    },
    "10030": {
        "general_id": 10030,
        "general_hp": [26205,65512,111370,163779,163779,229290,229290,307904,307904],
        "general_atk": [358,895,1522,1522,2328,2328,3313,3313,4656],
        "general_def": [0,0,0,0,0,0,0,0,0],
        "atk_crit": [0,0,0,0,0,0,0,0,0],
        "crit_extra": [0,0,0,0,0,0,0,0,0],
        "dodge_rate": [0,0,0,0,0,0,0,0,0],
        "hit_rate": [0,0,0,0,0,0,0,0,0],
        "ignore_phyDef": [0,0,0,0,0,0,0,0,0],
        "rage_reduce": [0,0,0,0,0,0,0,0,0],
        "universal_resistance": [0,0,0,0,0,0,0,0,0],
        "ignore_resistance": [0,0,0,0,0,0,0,0,0],
        "float_resistance": [0,0,0,0,0,0,0,0,0],
        "cd_speed": [0,0,0,0,0,0,5,10,15],
        "support_consume": [0,0,0,0,0,0,0,0,0],
        "general_atk_all": [0,0,0,0,0,0,0,0,0],
        "general_def_all": [0,0,0,0,0,0,0,0,0],
        "all_crit": [0,0,0,0,0,0,0,0,0],
        "ignore_def_all": [0,0,0,0,0,0,0,0,0],
        "skill_atk": [0,0,0,5,10,15,15,15,15],
        "skill_def": [0,0,0,0,0,0,0,0,0],
        "skill_crit": [0,0,0,0,0,0,0,0,0],
        "crit_resistance": [0,0,0,0,0,0,0,0,0],
        "final_extra": [0,0,0,0,0,0,0,0,0],
        "final_reduce": [0,0,0,0,0,0,0,0,0],
        "ignore_magicDef": [0,0,0,0,0,0,0,0,0]
    },
    "10031": {
        "general_id": 10031,
        "general_hp": [26169,65422,111217,163554,163554,228975,228975,307481,307481],
        "general_atk": [368,920,1564,1564,2392,2392,3404,3404,4784],
        "general_def": [0,0,0,0,0,0,0,0,0],
        "atk_crit": [0,0,0,0,0,0,0,0,0],
        "crit_extra": [0,0,0,0,0,0,0,0,0],
        "dodge_rate": [0,0,0,0,0,0,0,0,0],
        "hit_rate": [0,0,0,0,0,0,0,0,0],
        "ignore_phyDef": [0,0,0,0,0,0,0,0,0],
        "rage_reduce": [0,0,0,0,0,0,0,0,0],
        "universal_resistance": [0,0,0,0,0,0,0,0,0],
        "ignore_resistance": [0,0,0,0,0,0,0,0,0],
        "float_resistance": [0,0,0,0,0,0,0,0,0],
        "cd_speed": [0,0,0,0,0,0,5,10,15],
        "support_consume": [0,0,0,0,0,0,0,0,0],
        "general_atk_all": [0,0,0,0,0,0,0,0,0],
        "general_def_all": [0,0,0,0,0,0,0,0,0],
        "all_crit": [0,0,0,0,0,0,0,0,0],
        "ignore_def_all": [0,0,0,0,0,0,0,0,0],
        "skill_atk": [0,0,0,5,10,15,15,15,15],
        "skill_def": [0,0,0,0,0,0,0,0,0],
        "skill_crit": [0,0,0,0,0,0,0,0,0],
        "crit_resistance": [0,0,0,0,0,0,0,0,0],
        "final_extra": [0,0,0,0,0,0,0,0,0],
        "final_reduce": [0,0,0,0,0,0,0,0,0],
        "ignore_magicDef": [0,0,0,0,0,0,0,0,0]
    },
    "10032": {
        "general_id": 10032,
        "general_hp": [27414,68535,116510,171338,171338,239873,239873,322115,322115],
        "general_atk": [316,790,1343,1343,2054,2054,2923,2923,4108],
        "general_def": [0,0,0,0,0,0,0,0,0],
        "atk_crit": [0,0,0,0,0,0,0,0,0],
        "crit_extra": [0,0,0,0,0,0,0,0,0],
        "dodge_rate": [0,0,0,0,0,0,0,0,0],
        "hit_rate": [0,0,0,0,0,0,0,0,0],
        "ignore_phyDef": [0,0,0,0,0,0,0,0,0],
        "rage_reduce": [0,0,0,0,0,0,0,0,0],
        "universal_resistance": [0,0,0,0,0,0,0,0,0],
        "ignore_resistance": [0,0,0,0,0,0,0,0,0],
        "float_resistance": [0,0,0,0,0,0,0,0,0],
        "cd_speed": [0,0,0,0,0,0,5,10,15],
        "support_consume": [0,0,0,0,0,0,0,0,0],
        "general_atk_all": [0,0,0,0,0,0,0,0,0],
        "general_def_all": [0,0,0,0,0,0,0,0,0],
        "all_crit": [0,0,0,0,0,0,0,0,0],
        "ignore_def_all": [0,0,0,0,0,0,0,0,0],
        "skill_atk": [0,0,0,0,0,0,0,0,0],
        "skill_def": [0,0,0,0,0,0,0,0,0],
        "skill_crit": [0,0,0,0,0,0,0,0,0],
        "crit_resistance": [0,0,0,5,10,15,15,15,15],
        "final_extra": [0,0,0,0,0,0,0,0,0],
        "final_reduce": [0,0,0,0,0,0,0,0,0],
        "ignore_magicDef": [0,0,0,0,0,0,0,0,0]
    },
    "10033": {
        "general_id": 10033,
        "general_hp": [24642,61605,104729,154013,154013,215618,215618,289544,289544],
        "general_atk": [526,1315,2236,2236,3420,3420,4867,4867,6840],
        "general_def": [0,0,0,0,0,0,0,0,0],
        "atk_crit": [0,0,0,5,10,15,15,15,15],
        "crit_extra": [0,0,0,0,0,0,0,0,0],
        "dodge_rate": [0,0,0,0,0,0,0,0,0],
        "hit_rate": [0,0,0,0,0,0,0,0,0],
        "ignore_phyDef": [0,0,0,0,0,0,0,0,0],
        "rage_reduce": [0,0,0,0,0,0,0,0,0],
        "universal_resistance": [0,0,0,0,0,0,0,0,0],
        "ignore_resistance": [0,0,0,0,0,0,0,0,0],
        "float_resistance": [0,0,0,0,0,0,0,0,0],
        "cd_speed": [0,0,0,0,0,0,5,10,15],
        "support_consume": [0,0,0,0,0,0,0,0,0],
        "general_atk_all": [0,0,0,0,0,0,0,0,0],
        "general_def_all": [0,0,0,0,0,0,0,0,0],
        "all_crit": [0,0,0,0,0,0,0,0,0],
        "ignore_def_all": [0,0,0,0,0,0,0,0,0],
        "skill_atk": [0,0,0,0,0,0,0,0,0],
        "skill_def": [0,0,0,0,0,0,0,0,0],
        "skill_crit": [0,0,0,0,0,0,0,0,0],
        "crit_resistance": [0,0,0,0,0,0,0,0,0],
        "final_extra": [0,0,0,0,0,0,0,0,0],
        "final_reduce": [0,0,0,0,0,0,0,0,0],
        "ignore_magicDef": [0,0,0,0,0,0,0,0,0]
    },
    "10034": {
        "general_id": 10034,
        "general_hp": [23012,57529,97799,143822,143822,201350,201350,270384,270384],
        "general_atk": [518,1295,2202,2202,3368,3368,4793,4793,6736],
        "general_def": [0,0,0,0,0,0,0,0,0],
        "atk_crit": [0,0,0,5,10,15,15,15,15],
        "crit_extra": [0,0,0,0,0,0,0,0,0],
        "dodge_rate": [0,0,0,0,0,0,0,0,0],
        "hit_rate": [0,0,0,0,0,0,0,0,0],
        "ignore_phyDef": [0,0,0,0,0,0,0,0,0],
        "rage_reduce": [0,0,0,0,0,0,0,0,0],
        "universal_resistance": [0,0,0,0,0,0,0,0,0],
        "ignore_resistance": [0,0,0,0,0,0,0,0,0],
        "float_resistance": [0,0,0,0,0,0,0,0,0],
        "cd_speed": [0,0,0,0,0,0,5,10,15],
        "support_consume": [0,0,0,0,0,0,0,0,0],
        "general_atk_all": [0,0,0,0,0,0,0,0,0],
        "general_def_all": [0,0,0,0,0,0,0,0,0],
        "all_crit": [0,0,0,0,0,0,0,0,0],
        "ignore_def_all": [0,0,0,0,0,0,0,0,0],
        "skill_atk": [0,0,0,0,0,0,0,0,0],
        "skill_def": [0,0,0,0,0,0,0,0,0],
        "skill_crit": [0,0,0,0,0,0,0,0,0],
        "crit_resistance": [0,0,0,0,0,0,0,0,0],
        "final_extra": [0,0,0,0,0,0,0,0,0],
        "final_reduce": [0,0,0,0,0,0,0,0,0],
        "ignore_magicDef": [0,0,0,0,0,0,0,0,0]
    },
    "10035": {
        "general_id": 10035,
        "general_hp": [24884,62209,105755,155522,155522,217730,217730,292380,292380],
        "general_atk": [494,1235,2100,2100,3212,3212,4571,4571,6424],
        "general_def": [0,0,0,0,0,0,0,0,0],
        "atk_crit": [0,0,0,5,10,15,15,15,15],
        "crit_extra": [0,0,0,0,0,0,0,0,0],
        "dodge_rate": [0,0,0,0,0,0,0,0,0],
        "hit_rate": [0,0,0,0,0,0,0,0,0],
        "ignore_phyDef": [0,0,0,0,0,0,0,0,0],
        "rage_reduce": [0,0,0,0,0,0,0,0,0],
        "universal_resistance": [0,0,0,0,0,0,0,0,0],
        "ignore_resistance": [0,0,0,0,0,0,0,0,0],
        "float_resistance": [0,0,0,0,0,0,0,0,0],
        "cd_speed": [0,0,0,0,0,0,5,10,15],
        "support_consume": [0,0,0,0,0,0,0,0,0],
        "general_atk_all": [0,0,0,0,0,0,0,0,0],
        "general_def_all": [0,0,0,0,0,0,0,0,0],
        "all_crit": [0,0,0,0,0,0,0,0,0],
        "ignore_def_all": [0,0,0,0,0,0,0,0,0],
        "skill_atk": [0,0,0,0,0,0,0,0,0],
        "skill_def": [0,0,0,0,0,0,0,0,0],
        "skill_crit": [0,0,0,0,0,0,0,0,0],
        "crit_resistance": [0,0,0,0,0,0,0,0,0],
        "final_extra": [0,0,0,0,0,0,0,0,0],
        "final_reduce": [0,0,0,0,0,0,0,0,0],
        "ignore_magicDef": [0,0,0,0,0,0,0,0,0]
    },
    "10036": {
        "general_id": 10036,
        "general_hp": [30600,76500,130050,191250,191250,267750,267750,359550,359550],
        "general_atk": [416,1040,1768,1768,2704,2704,3848,3848,5408],
        "general_def": [0,0,0,0,0,0,0,0,0],
        "atk_crit": [0,0,0,0,0,0,0,0,0],
        "crit_extra": [0,0,0,0,0,0,0,0,0],
        "dodge_rate": [0,0,0,0,0,0,0,0,0],
        "hit_rate": [0,0,0,0,0,0,0,0,0],
        "ignore_phyDef": [0,0,0,0,0,0,0,0,0],
        "rage_reduce": [0,0,0,0,0,0,0,0,0],
        "universal_resistance": [0,0,0,0,0,0,0,0,0],
        "ignore_resistance": [0,0,0,0,0,0,0,0,0],
        "float_resistance": [0,0,0,0,0,0,0,0,0],
        "cd_speed": [0,0,0,0,0,0,5,10,15],
        "support_consume": [0,0,0,0,0,0,0,0,0],
        "general_atk_all": [0,0,0,0,0,0,0,0,0],
        "general_def_all": [0,0,0,0,0,0,0,0,0],
        "all_crit": [0,0,0,0,0,0,0,0,0],
        "ignore_def_all": [0,0,0,0,0,0,0,0,0],
        "skill_atk": [0,0,0,0,0,0,0,0,0],
        "skill_def": [0,0,0,0,0,0,0,0,0],
        "skill_crit": [0,0,0,0,0,0,0,0,0],
        "crit_resistance": [0,0,0,5,10,15,15,15,15],
        "final_extra": [0,0,0,0,0,0,0,0,0],
        "final_reduce": [0,0,0,0,0,0,0,0,0],
        "ignore_magicDef": [0,0,0,0,0,0,0,0,0]
    },
    "10037": {
        "general_id": 10037,
        "general_hp": [39600,99000,168300,247500,247500,346500,346500,465300,465300],
        "general_atk": [406,1015,1726,1726,2640,2640,3757,3757,5280],
        "general_def": [0,0,0,0,0,0,0,0,0],
        "atk_crit": [0,0,0,0,0,0,0,0,0],
        "crit_extra": [0,0,0,0,0,0,0,0,0],
        "dodge_rate": [0,0,0,0,0,0,0,0,0],
        "hit_rate": [0,0,0,0,0,0,0,0,0],
        "ignore_phyDef": [0,0,0,0,0,0,0,0,0],
        "rage_reduce": [0,0,0,0,0,0,0,0,0],
        "universal_resistance": [0,0,0,0,0,0,0,0,0],
        "ignore_resistance": [0,0,0,0,0,0,0,0,0],
        "float_resistance": [0,0,0,0,0,0,0,0,0],
        "cd_speed": [0,0,0,0,0,0,5,10,15],
        "support_consume": [0,0,0,0,0,0,0,0,0],
        "general_atk_all": [0,0,0,0,0,0,0,0,0],
        "general_def_all": [0,0,0,0,0,0,0,0,0],
        "all_crit": [0,0,0,0,0,0,0,0,0],
        "ignore_def_all": [0,0,0,0,0,0,0,0,0],
        "skill_atk": [0,0,0,0,0,0,0,0,0],
        "skill_def": [0,0,0,0,0,0,0,0,0],
        "skill_crit": [0,0,0,0,0,0,0,0,0],
        "crit_resistance": [0,0,0,5,10,15,15,15,15],
        "final_extra": [0,0,0,0,0,0,0,0,0],
        "final_reduce": [0,0,0,0,0,0,0,0,0],
        "ignore_magicDef": [0,0,0,0,0,0,0,0,0]
    },
    "10038": {
        "general_id": 10038,
        "general_hp": [24804,62010,105417,155025,155025,217035,217035,291447,291447],
        "general_atk": [350,875,1488,1488,2276,2276,3239,3239,4552],
        "general_def": [0,0,0,0,0,0,0,0,0],
        "atk_crit": [0,0,0,0,0,0,0,0,0],
        "crit_extra": [0,0,0,0,0,0,0,0,0],
        "dodge_rate": [0,0,0,0,0,0,0,0,0],
        "hit_rate": [0,0,0,0,0,0,0,0,0],
        "ignore_phyDef": [0,0,0,0,0,0,0,0,0],
        "rage_reduce": [0,0,0,0,0,0,0,0,0],
        "universal_resistance": [0,0,0,0,0,0,0,0,0],
        "ignore_resistance": [0,0,0,0,0,0,0,0,0],
        "float_resistance": [0,0,0,0,0,0,0,0,0],
        "cd_speed": [0,0,0,0,0,0,5,10,15],
        "support_consume": [0,0,0,0,0,0,0,0,0],
        "general_atk_all": [0,0,0,0,0,0,0,0,0],
        "general_def_all": [0,0,0,0,0,0,0,0,0],
        "all_crit": [0,0,0,0,0,0,0,0,0],
        "ignore_def_all": [0,0,0,0,0,0,0,0,0],
        "skill_atk": [0,0,0,5,10,15,15,15,15],
        "skill_def": [0,0,0,0,0,0,0,0,0],
        "skill_crit": [0,0,0,0,0,0,0,0,0],
        "crit_resistance": [0,0,0,0,0,0,0,0,0],
        "final_extra": [0,0,0,0,0,0,0,0,0],
        "final_reduce": [0,0,0,0,0,0,0,0,0],
        "ignore_magicDef": [0,0,0,0,0,0,0,0,0]
    },
    "10039": {
        "general_id": 10039,
        "general_hp": [25812,64530,109701,161325,161325,225855,225855,303291,303291],
        "general_atk": [368,920,1564,1564,2392,2392,3404,3404,4784],
        "general_def": [0,0,0,0,0,0,0,0,0],
        "atk_crit": [0,0,0,0,0,0,0,0,0],
        "crit_extra": [0,0,0,0,0,0,0,0,0],
        "dodge_rate": [0,0,0,0,0,0,0,0,0],
        "hit_rate": [0,0,0,0,0,0,0,0,0],
        "ignore_phyDef": [0,0,0,0,0,0,0,0,0],
        "rage_reduce": [0,0,0,0,0,0,0,0,0],
        "universal_resistance": [0,0,0,0,0,0,0,0,0],
        "ignore_resistance": [0,0,0,0,0,0,0,0,0],
        "float_resistance": [0,0,0,0,0,0,0,0,0],
        "cd_speed": [0,0,0,0,0,0,5,10,15],
        "support_consume": [0,0,0,0,0,0,0,0,0],
        "general_atk_all": [0,0,0,0,0,0,0,0,0],
        "general_def_all": [0,0,0,0,0,0,0,0,0],
        "all_crit": [0,0,0,0,0,0,0,0,0],
        "ignore_def_all": [0,0,0,0,0,0,0,0,0],
        "skill_atk": [0,0,0,5,10,15,15,15,15],
        "skill_def": [0,0,0,0,0,0,0,0,0],
        "skill_crit": [0,0,0,0,0,0,0,0,0],
        "crit_resistance": [0,0,0,0,0,0,0,0,0],
        "final_extra": [0,0,0,0,0,0,0,0,0],
        "final_reduce": [0,0,0,0,0,0,0,0,0],
        "ignore_magicDef": [0,0,0,0,0,0,0,0,0]
    },
    "10040": {
        "general_id": 10040,
        "general_hp": [27875,69688,118469,174219,174219,243906,243906,327531,327531],
        "general_atk": [378,945,1607,1607,2458,2458,3498,3498,4916],
        "general_def": [0,0,0,0,0,0,0,0,0],
        "atk_crit": [0,0,0,0,0,0,0,0,0],
        "crit_extra": [0,0,0,0,0,0,0,0,0],
        "dodge_rate": [0,0,0,0,0,0,0,0,0],
        "hit_rate": [0,0,0,0,0,0,0,0,0],
        "ignore_phyDef": [0,0,0,0,0,0,0,0,0],
        "rage_reduce": [0,0,0,0,0,0,0,0,0],
        "universal_resistance": [0,0,0,0,0,0,0,0,0],
        "ignore_resistance": [0,0,0,0,0,0,0,0,0],
        "float_resistance": [0,0,0,0,0,0,0,0,0],
        "cd_speed": [0,0,0,0,0,0,5,10,15],
        "support_consume": [0,0,0,0,0,0,0,0,0],
        "general_atk_all": [0,0,0,0,0,0,0,0,0],
        "general_def_all": [0,0,0,0,0,0,0,0,0],
        "all_crit": [0,0,0,0,0,0,0,0,0],
        "ignore_def_all": [0,0,0,0,0,0,0,0,0],
        "skill_atk": [0,0,0,5,10,15,15,15,15],
        "skill_def": [0,0,0,0,0,0,0,0,0],
        "skill_crit": [0,0,0,0,0,0,0,0,0],
        "crit_resistance": [0,0,0,0,0,0,0,0,0],
        "final_extra": [0,0,0,0,0,0,0,0,0],
        "final_reduce": [0,0,0,0,0,0,0,0,0],
        "ignore_magicDef": [0,0,0,0,0,0,0,0,0]
    },
    "10041": {
        "general_id": 10041,
        "general_hp": [24671,61678,104852,154194,154194,215871,215871,289884,289884],
        "general_atk": [512,1280,2176,2176,3328,3328,4736,4736,6656],
        "general_def": [0,0,0,0,0,0,0,0,0],
        "atk_crit": [0,0,0,5,10,15,15,15,15],
        "crit_extra": [0,0,0,0,0,0,0,0,0],
        "dodge_rate": [0,0,0,0,0,0,0,0,0],
        "hit_rate": [0,0,0,0,0,0,0,0,0],
        "ignore_phyDef": [0,0,0,0,0,0,0,0,0],
        "rage_reduce": [0,0,0,0,0,0,0,0,0],
        "universal_resistance": [0,0,0,0,0,0,0,0,0],
        "ignore_resistance": [0,0,0,0,0,0,0,0,0],
        "float_resistance": [0,0,0,0,0,0,0,0,0],
        "cd_speed": [0,0,0,0,0,0,5,10,15],
        "support_consume": [0,0,0,0,0,0,0,0,0],
        "general_atk_all": [0,0,0,0,0,0,0,0,0],
        "general_def_all": [0,0,0,0,0,0,0,0,0],
        "all_crit": [0,0,0,0,0,0,0,0,0],
        "ignore_def_all": [0,0,0,0,0,0,0,0,0],
        "skill_atk": [0,0,0,0,0,0,0,0,0],
        "skill_def": [0,0,0,0,0,0,0,0,0],
        "skill_crit": [0,0,0,0,0,0,0,0,0],
        "crit_resistance": [0,0,0,0,0,0,0,0,0],
        "final_extra": [0,0,0,0,0,0,0,0,0],
        "final_reduce": [0,0,0,0,0,0,0,0,0],
        "ignore_magicDef": [0,0,0,0,0,0,0,0,0]
    },
    "10042": {
        "general_id": 10042,
        "general_hp": [27648,69120,117504,172800,172800,241920,241920,324864,324864],
        "general_atk": [368,920,1564,1564,2392,2392,3404,3404,4784],
        "general_def": [0,0,0,0,0,0,0,0,0],
        "atk_crit": [0,0,0,0,0,0,0,0,0],
        "crit_extra": [0,0,0,0,0,0,0,0,0],
        "dodge_rate": [0,0,0,0,0,0,0,0,0],
        "hit_rate": [0,0,0,0,0,0,0,0,0],
        "ignore_phyDef": [0,0,0,0,0,0,0,0,0],
        "rage_reduce": [0,0,0,0,0,0,0,0,0],
        "universal_resistance": [0,0,0,0,0,0,0,0,0],
        "ignore_resistance": [0,0,0,0,0,0,0,0,0],
        "float_resistance": [0,0,0,0,0,0,0,0,0],
        "cd_speed": [0,0,0,0,0,0,5,10,15],
        "support_consume": [0,0,0,0,0,0,0,0,0],
        "general_atk_all": [0,0,0,0,0,0,0,0,0],
        "general_def_all": [0,0,0,0,0,0,0,0,0],
        "all_crit": [0,0,0,0,0,0,0,0,0],
        "ignore_def_all": [0,0,0,0,0,0,0,0,0],
        "skill_atk": [0,0,0,5,10,15,15,15,15],
        "skill_def": [0,0,0,0,0,0,0,0,0],
        "skill_crit": [0,0,0,0,0,0,0,0,0],
        "crit_resistance": [0,0,0,0,0,0,0,0,0],
        "final_extra": [0,0,0,0,0,0,0,0,0],
        "final_reduce": [0,0,0,0,0,0,0,0,0],
        "ignore_magicDef": [0,0,0,0,0,0,0,0,0]
    },
    "10043": {
        "general_id": 10043,
        "general_hp": [30888,77220,131274,193050,193050,270270,270270,362934,362934],
        "general_atk": [346,865,1471,1471,2250,2250,3202,3202,4500],
        "general_def": [0,0,0,0,0,0,0,0,0],
        "atk_crit": [0,0,0,0,0,0,0,0,0],
        "crit_extra": [0,0,0,0,0,0,0,0,0],
        "dodge_rate": [0,0,0,0,0,0,0,0,0],
        "hit_rate": [0,0,0,0,0,0,0,0,0],
        "ignore_phyDef": [0,0,0,0,0,0,0,0,0],
        "rage_reduce": [0,0,0,0,0,0,0,0,0],
        "universal_resistance": [0,0,0,0,0,0,0,0,0],
        "ignore_resistance": [0,0,0,0,0,0,0,0,0],
        "float_resistance": [0,0,0,0,0,0,0,0,0],
        "cd_speed": [0,0,0,0,0,0,5,10,15],
        "support_consume": [0,0,0,0,0,0,0,0,0],
        "general_atk_all": [0,0,0,0,0,0,0,0,0],
        "general_def_all": [0,0,0,0,0,0,0,0,0],
        "all_crit": [0,0,0,0,0,0,0,0,0],
        "ignore_def_all": [0,0,0,0,0,0,0,0,0],
        "skill_atk": [0,0,0,0,0,0,0,0,0],
        "skill_def": [0,0,0,0,0,0,0,0,0],
        "skill_crit": [0,0,0,0,0,0,0,0,0],
        "crit_resistance": [0,0,0,5,10,15,15,15,15],
        "final_extra": [0,0,0,0,0,0,0,0,0],
        "final_reduce": [0,0,0,0,0,0,0,0,0],
        "ignore_magicDef": [0,0,0,0,0,0,0,0,0]
    },
    "10044": {
        "general_id": 10044,
        "general_hp": [27692,69229,117689,173072,173072,242300,242300,325374,325374],
        "general_atk": [380,950,1615,1615,2470,2470,3515,3515,4940],
        "general_def": [0,0,0,0,0,0,0,0,0],
        "atk_crit": [0,0,0,0,0,0,0,0,0],
        "crit_extra": [0,0,0,0,0,0,0,0,0],
        "dodge_rate": [0,0,0,0,0,0,0,0,0],
        "hit_rate": [0,0,0,0,0,0,0,0,0],
        "ignore_phyDef": [0,0,0,0,0,0,0,0,0],
        "rage_reduce": [0,0,0,0,0,0,0,0,0],
        "universal_resistance": [0,0,0,0,0,0,0,0,0],
        "ignore_resistance": [0,0,0,0,0,0,0,0,0],
        "float_resistance": [0,0,0,0,0,0,0,0,0],
        "cd_speed": [0,0,0,0,0,0,5,10,15],
        "support_consume": [0,0,0,0,0,0,0,0,0],
        "general_atk_all": [0,0,0,0,0,0,0,0,0],
        "general_def_all": [0,0,0,0,0,0,0,0,0],
        "all_crit": [0,0,0,0,0,0,0,0,0],
        "ignore_def_all": [0,0,0,0,0,0,0,0,0],
        "skill_atk": [0,0,0,5,10,15,15,15,15],
        "skill_def": [0,0,0,0,0,0,0,0,0],
        "skill_crit": [0,0,0,0,0,0,0,0,0],
        "crit_resistance": [0,0,0,0,0,0,0,0,0],
        "final_extra": [0,0,0,0,0,0,0,0,0],
        "final_reduce": [0,0,0,0,0,0,0,0,0],
        "ignore_magicDef": [0,0,0,0,0,0,0,0,0]
    },
    "10045": {
        "general_id": 10045,
        "general_hp": [19066,47665,81030,119162,119162,166826,166826,224023,224023],
        "general_atk": [386,965,1641,1641,2510,2510,3572,3572,5020],
        "general_def": [0,0,0,0,0,0,0,0,0],
        "atk_crit": [0,0,0,5,10,15,15,15,15],
        "crit_extra": [0,0,0,0,0,0,0,0,0],
        "dodge_rate": [0,0,0,0,0,0,0,0,0],
        "hit_rate": [0,0,0,0,0,0,0,0,0],
        "ignore_phyDef": [0,0,0,0,0,0,0,0,0],
        "rage_reduce": [0,0,0,0,0,0,0,0,0],
        "universal_resistance": [0,0,0,0,0,0,0,0,0],
        "ignore_resistance": [0,0,0,0,0,0,0,0,0],
        "float_resistance": [0,0,0,0,0,0,0,0,0],
        "cd_speed": [0,0,0,0,0,0,5,10,15],
        "support_consume": [0,0,0,0,0,0,0,0,0],
        "general_atk_all": [0,0,0,0,0,0,0,0,0],
        "general_def_all": [0,0,0,0,0,0,0,0,0],
        "all_crit": [0,0,0,0,0,0,0,0,0],
        "ignore_def_all": [0,0,0,0,0,0,0,0,0],
        "skill_atk": [0,0,0,0,0,0,0,0,0],
        "skill_def": [0,0,0,0,0,0,0,0,0],
        "skill_crit": [0,0,0,0,0,0,0,0,0],
        "crit_resistance": [0,0,0,0,0,0,0,0,0],
        "final_extra": [0,0,0,0,0,0,0,0,0],
        "final_reduce": [0,0,0,0,0,0,0,0,0],
        "ignore_magicDef": [0,0,0,0,0,0,0,0,0]
    },
    "10046": {
        "general_id": 10046,
        "general_hp": [19066,47665,81030,119162,119162,166826,166826,224023,224023],
        "general_atk": [386,965,1641,1641,2510,2510,3572,3572,5020],
        "general_def": [0,0,0,0,0,0,0,0,0],
        "atk_crit": [0,0,0,5,10,15,15,15,15],
        "crit_extra": [0,0,0,0,0,0,0,0,0],
        "dodge_rate": [0,0,0,0,0,0,0,0,0],
        "hit_rate": [0,0,0,0,0,0,0,0,0],
        "ignore_phyDef": [0,0,0,0,0,0,0,0,0],
        "rage_reduce": [0,0,0,0,0,0,0,0,0],
        "universal_resistance": [0,0,0,0,0,0,0,0,0],
        "ignore_resistance": [0,0,0,0,0,0,0,0,0],
        "float_resistance": [0,0,0,0,0,0,0,0,0],
        "cd_speed": [0,0,0,0,0,0,5,10,15],
        "support_consume": [0,0,0,0,0,0,0,0,0],
        "general_atk_all": [0,0,0,0,0,0,0,0,0],
        "general_def_all": [0,0,0,0,0,0,0,0,0],
        "all_crit": [0,0,0,0,0,0,0,0,0],
        "ignore_def_all": [0,0,0,0,0,0,0,0,0],
        "skill_atk": [0,0,0,0,0,0,0,0,0],
        "skill_def": [0,0,0,0,0,0,0,0,0],
        "skill_crit": [0,0,0,0,0,0,0,0,0],
        "crit_resistance": [0,0,0,0,0,0,0,0,0],
        "final_extra": [0,0,0,0,0,0,0,0,0],
        "final_reduce": [0,0,0,0,0,0,0,0,0],
        "ignore_magicDef": [0,0,0,0,0,0,0,0,0]
    },
    "10047": {
        "general_id": 10047,
        "general_hp": [19066,47665,81030,119162,119162,166826,166826,224023,224023],
        "general_atk": [386,965,1641,1641,2510,2510,3572,3572,5020],
        "general_def": [0,0,0,0,0,0,0,0,0],
        "atk_crit": [0,0,0,5,10,15,15,15,15],
        "crit_extra": [0,0,0,0,0,0,0,0,0],
        "dodge_rate": [0,0,0,0,0,0,0,0,0],
        "hit_rate": [0,0,0,0,0,0,0,0,0],
        "ignore_phyDef": [0,0,0,0,0,0,0,0,0],
        "rage_reduce": [0,0,0,0,0,0,0,0,0],
        "universal_resistance": [0,0,0,0,0,0,0,0,0],
        "ignore_resistance": [0,0,0,0,0,0,0,0,0],
        "float_resistance": [0,0,0,0,0,0,0,0,0],
        "cd_speed": [0,0,0,0,0,0,5,10,15],
        "support_consume": [0,0,0,0,0,0,0,0,0],
        "general_atk_all": [0,0,0,0,0,0,0,0,0],
        "general_def_all": [0,0,0,0,0,0,0,0,0],
        "all_crit": [0,0,0,0,0,0,0,0,0],
        "ignore_def_all": [0,0,0,0,0,0,0,0,0],
        "skill_atk": [0,0,0,0,0,0,0,0,0],
        "skill_def": [0,0,0,0,0,0,0,0,0],
        "skill_crit": [0,0,0,0,0,0,0,0,0],
        "crit_resistance": [0,0,0,0,0,0,0,0,0],
        "final_extra": [0,0,0,0,0,0,0,0,0],
        "final_reduce": [0,0,0,0,0,0,0,0,0],
        "ignore_magicDef": [0,0,0,0,0,0,0,0,0]
    },
    "10048": {
        "general_id": 10048,
        "general_hp": [19066,47665,81030,119162,119162,166826,166826,224023,224023],
        "general_atk": [386,965,1641,1641,2510,2510,3572,3572,5020],
        "general_def": [0,0,0,0,0,0,0,0,0],
        "atk_crit": [0,0,0,5,10,15,15,15,15],
        "crit_extra": [0,0,0,0,0,0,0,0,0],
        "dodge_rate": [0,0,0,0,0,0,0,0,0],
        "hit_rate": [0,0,0,0,0,0,0,0,0],
        "ignore_phyDef": [0,0,0,0,0,0,0,0,0],
        "rage_reduce": [0,0,0,0,0,0,0,0,0],
        "universal_resistance": [0,0,0,0,0,0,0,0,0],
        "ignore_resistance": [0,0,0,0,0,0,0,0,0],
        "float_resistance": [0,0,0,0,0,0,0,0,0],
        "cd_speed": [0,0,0,0,0,0,5,10,15],
        "support_consume": [0,0,0,0,0,0,0,0,0],
        "general_atk_all": [0,0,0,0,0,0,0,0,0],
        "general_def_all": [0,0,0,0,0,0,0,0,0],
        "all_crit": [0,0,0,0,0,0,0,0,0],
        "ignore_def_all": [0,0,0,0,0,0,0,0,0],
        "skill_atk": [0,0,0,0,0,0,0,0,0],
        "skill_def": [0,0,0,0,0,0,0,0,0],
        "skill_crit": [0,0,0,0,0,0,0,0,0],
        "crit_resistance": [0,0,0,0,0,0,0,0,0],
        "final_extra": [0,0,0,0,0,0,0,0,0],
        "final_reduce": [0,0,0,0,0,0,0,0,0],
        "ignore_magicDef": [0,0,0,0,0,0,0,0,0]
    },
    "10049": {
        "general_id": 10049,
        "general_hp": [23303,58258,99038,145644,145644,203901,203901,273810,273810],
        "general_atk": [268,670,1139,1139,1742,1742,2479,2479,3484],
        "general_def": [0,0,0,0,0,0,0,0,0],
        "atk_crit": [0,0,0,0,0,0,0,0,0],
        "crit_extra": [0,0,0,0,0,0,0,0,0],
        "dodge_rate": [0,0,0,0,0,0,0,0,0],
        "hit_rate": [0,0,0,0,0,0,0,0,0],
        "ignore_phyDef": [0,0,0,0,0,0,0,0,0],
        "rage_reduce": [0,0,0,0,0,0,0,0,0],
        "universal_resistance": [0,0,0,0,0,0,0,0,0],
        "ignore_resistance": [0,0,0,0,0,0,0,0,0],
        "float_resistance": [0,0,0,0,0,0,0,0,0],
        "cd_speed": [0,0,0,0,0,0,5,10,15],
        "support_consume": [0,0,0,0,0,0,0,0,0],
        "general_atk_all": [0,0,0,0,0,0,0,0,0],
        "general_def_all": [0,0,0,0,0,0,0,0,0],
        "all_crit": [0,0,0,0,0,0,0,0,0],
        "ignore_def_all": [0,0,0,0,0,0,0,0,0],
        "skill_atk": [0,0,0,0,0,0,0,0,0],
        "skill_def": [0,0,0,0,0,0,0,0,0],
        "skill_crit": [0,0,0,0,0,0,0,0,0],
        "crit_resistance": [0,0,0,5,10,15,15,15,15],
        "final_extra": [0,0,0,0,0,0,0,0,0],
        "final_reduce": [0,0,0,0,0,0,0,0,0],
        "ignore_magicDef": [0,0,0,0,0,0,0,0,0]
    },
    "10050": {
        "general_id": 10050,
        "general_hp": [23303,58258,99038,145644,145644,203901,203901,273810,273810],
        "general_atk": [268,670,1139,1139,1742,1742,2479,2479,3484],
        "general_def": [0,0,0,0,0,0,0,0,0],
        "atk_crit": [0,0,0,0,0,0,0,0,0],
        "crit_extra": [0,0,0,0,0,0,0,0,0],
        "dodge_rate": [0,0,0,0,0,0,0,0,0],
        "hit_rate": [0,0,0,0,0,0,0,0,0],
        "ignore_phyDef": [0,0,0,0,0,0,0,0,0],
        "rage_reduce": [0,0,0,0,0,0,0,0,0],
        "universal_resistance": [0,0,0,0,0,0,0,0,0],
        "ignore_resistance": [0,0,0,0,0,0,0,0,0],
        "float_resistance": [0,0,0,0,0,0,0,0,0],
        "cd_speed": [0,0,0,0,0,0,5,10,15],
        "support_consume": [0,0,0,0,0,0,0,0,0],
        "general_atk_all": [0,0,0,0,0,0,0,0,0],
        "general_def_all": [0,0,0,0,0,0,0,0,0],
        "all_crit": [0,0,0,0,0,0,0,0,0],
        "ignore_def_all": [0,0,0,0,0,0,0,0,0],
        "skill_atk": [0,0,0,0,0,0,0,0,0],
        "skill_def": [0,0,0,0,0,0,0,0,0],
        "skill_crit": [0,0,0,0,0,0,0,0,0],
        "crit_resistance": [0,0,0,5,10,15,15,15,15],
        "final_extra": [0,0,0,0,0,0,0,0,0],
        "final_reduce": [0,0,0,0,0,0,0,0,0],
        "ignore_magicDef": [0,0,0,0,0,0,0,0,0]
    },
    "10051": {
        "general_id": 10051,
        "general_hp": [21183,52957,90027,132392,132392,185348,185348,248896,248896],
        "general_atk": [298,745,1267,1267,1938,1938,2758,2758,3876],
        "general_def": [0,0,0,0,0,0,0,0,0],
        "atk_crit": [0,0,0,0,0,0,0,0,0],
        "crit_extra": [0,0,0,0,0,0,0,0,0],
        "dodge_rate": [0,0,0,0,0,0,0,0,0],
        "hit_rate": [0,0,0,0,0,0,0,0,0],
        "ignore_phyDef": [0,0,0,0,0,0,0,0,0],
        "rage_reduce": [0,0,0,0,0,0,0,0,0],
        "universal_resistance": [0,0,0,0,0,0,0,0,0],
        "ignore_resistance": [0,0,0,0,0,0,0,0,0],
        "float_resistance": [0,0,0,0,0,0,0,0,0],
        "cd_speed": [0,0,0,0,0,0,5,10,15],
        "support_consume": [0,0,0,0,0,0,0,0,0],
        "general_atk_all": [0,0,0,0,0,0,0,0,0],
        "general_def_all": [0,0,0,0,0,0,0,0,0],
        "all_crit": [0,0,0,0,0,0,0,0,0],
        "ignore_def_all": [0,0,0,0,0,0,0,0,0],
        "skill_atk": [0,0,0,5,10,15,15,15,15],
        "skill_def": [0,0,0,0,0,0,0,0,0],
        "skill_crit": [0,0,0,0,0,0,0,0,0],
        "crit_resistance": [0,0,0,0,0,0,0,0,0],
        "final_extra": [0,0,0,0,0,0,0,0,0],
        "final_reduce": [0,0,0,0,0,0,0,0,0],
        "ignore_magicDef": [0,0,0,0,0,0,0,0,0]
    },
    "10052": {
        "general_id": 10052,
        "general_hp": [19066,47665,81030,119162,119162,166826,166826,224023,224023],
        "general_atk": [386,965,1641,1641,2510,2510,3572,3572,5020],
        "general_def": [0,0,0,0,0,0,0,0,0],
        "atk_crit": [0,0,0,5,10,15,15,15,15],
        "crit_extra": [0,0,0,0,0,0,0,0,0],
        "dodge_rate": [0,0,0,0,0,0,0,0,0],
        "hit_rate": [0,0,0,0,0,0,0,0,0],
        "ignore_phyDef": [0,0,0,0,0,0,0,0,0],
        "rage_reduce": [0,0,0,0,0,0,0,0,0],
        "universal_resistance": [0,0,0,0,0,0,0,0,0],
        "ignore_resistance": [0,0,0,0,0,0,0,0,0],
        "float_resistance": [0,0,0,0,0,0,0,0,0],
        "cd_speed": [0,0,0,0,0,0,5,10,15],
        "support_consume": [0,0,0,0,0,0,0,0,0],
        "general_atk_all": [0,0,0,0,0,0,0,0,0],
        "general_def_all": [0,0,0,0,0,0,0,0,0],
        "all_crit": [0,0,0,0,0,0,0,0,0],
        "ignore_def_all": [0,0,0,0,0,0,0,0,0],
        "skill_atk": [0,0,0,0,0,0,0,0,0],
        "skill_def": [0,0,0,0,0,0,0,0,0],
        "skill_crit": [0,0,0,0,0,0,0,0,0],
        "crit_resistance": [0,0,0,0,0,0,0,0,0],
        "final_extra": [0,0,0,0,0,0,0,0,0],
        "final_reduce": [0,0,0,0,0,0,0,0,0],
        "ignore_magicDef": [0,0,0,0,0,0,0,0,0]
    },
    "10053": {
        "general_id": 10053,
        "general_hp": [19066,47665,81030,119162,119162,166826,166826,224023,224023],
        "general_atk": [386,965,1641,1641,2510,2510,3572,3572,5020],
        "general_def": [0,0,0,0,0,0,0,0,0],
        "atk_crit": [0,0,0,5,10,15,15,15,15],
        "crit_extra": [0,0,0,0,0,0,0,0,0],
        "dodge_rate": [0,0,0,0,0,0,0,0,0],
        "hit_rate": [0,0,0,0,0,0,0,0,0],
        "ignore_phyDef": [0,0,0,0,0,0,0,0,0],
        "rage_reduce": [0,0,0,0,0,0,0,0,0],
        "universal_resistance": [0,0,0,0,0,0,0,0,0],
        "ignore_resistance": [0,0,0,0,0,0,0,0,0],
        "float_resistance": [0,0,0,0,0,0,0,0,0],
        "cd_speed": [0,0,0,0,0,0,5,10,15],
        "support_consume": [0,0,0,0,0,0,0,0,0],
        "general_atk_all": [0,0,0,0,0,0,0,0,0],
        "general_def_all": [0,0,0,0,0,0,0,0,0],
        "all_crit": [0,0,0,0,0,0,0,0,0],
        "ignore_def_all": [0,0,0,0,0,0,0,0,0],
        "skill_atk": [0,0,0,0,0,0,0,0,0],
        "skill_def": [0,0,0,0,0,0,0,0,0],
        "skill_crit": [0,0,0,0,0,0,0,0,0],
        "crit_resistance": [0,0,0,0,0,0,0,0,0],
        "final_extra": [0,0,0,0,0,0,0,0,0],
        "final_reduce": [0,0,0,0,0,0,0,0,0],
        "ignore_magicDef": [0,0,0,0,0,0,0,0,0]
    },
    "10054": {
        "general_id": 10054,
        "general_hp": [19066,47665,81030,119162,119162,166826,166826,224023,224023],
        "general_atk": [386,965,1641,1641,2510,2510,3572,3572,5020],
        "general_def": [0,0,0,0,0,0,0,0,0],
        "atk_crit": [0,0,0,5,10,15,15,15,15],
        "crit_extra": [0,0,0,0,0,0,0,0,0],
        "dodge_rate": [0,0,0,0,0,0,0,0,0],
        "hit_rate": [0,0,0,0,0,0,0,0,0],
        "ignore_phyDef": [0,0,0,0,0,0,0,0,0],
        "rage_reduce": [0,0,0,0,0,0,0,0,0],
        "universal_resistance": [0,0,0,0,0,0,0,0,0],
        "ignore_resistance": [0,0,0,0,0,0,0,0,0],
        "float_resistance": [0,0,0,0,0,0,0,0,0],
        "cd_speed": [0,0,0,0,0,0,5,10,15],
        "support_consume": [0,0,0,0,0,0,0,0,0],
        "general_atk_all": [0,0,0,0,0,0,0,0,0],
        "general_def_all": [0,0,0,0,0,0,0,0,0],
        "all_crit": [0,0,0,0,0,0,0,0,0],
        "ignore_def_all": [0,0,0,0,0,0,0,0,0],
        "skill_atk": [0,0,0,0,0,0,0,0,0],
        "skill_def": [0,0,0,0,0,0,0,0,0],
        "skill_crit": [0,0,0,0,0,0,0,0,0],
        "crit_resistance": [0,0,0,0,0,0,0,0,0],
        "final_extra": [0,0,0,0,0,0,0,0,0],
        "final_reduce": [0,0,0,0,0,0,0,0,0],
        "ignore_magicDef": [0,0,0,0,0,0,0,0,0]
    },
    "10055": {
        "general_id": 10055,
        "general_hp": [25989,64972,110452,162429,162429,227400,227400,305366,305366],
        "general_atk": [378,945,1607,1607,2458,2458,3498,3498,4916],
        "general_def": [0,0,0,0,0,0,0,0,0],
        "atk_crit": [0,0,0,0,0,0,0,0,0],
        "crit_extra": [0,0,0,0,0,0,0,0,0],
        "dodge_rate": [0,0,0,0,0,0,0,0,0],
        "hit_rate": [0,0,0,0,0,0,0,0,0],
        "ignore_phyDef": [0,0,0,0,0,0,0,0,0],
        "rage_reduce": [0,0,0,0,0,0,0,0,0],
        "universal_resistance": [0,0,0,0,0,0,0,0,0],
        "ignore_resistance": [0,0,0,0,0,0,0,0,0],
        "float_resistance": [0,0,0,0,0,0,0,0,0],
        "cd_speed": [0,0,0,0,0,0,5,10,15],
        "support_consume": [0,0,0,0,0,0,0,0,0],
        "general_atk_all": [0,0,0,0,0,0,0,0,0],
        "general_def_all": [0,0,0,0,0,0,0,0,0],
        "all_crit": [0,0,0,0,0,0,0,0,0],
        "ignore_def_all": [0,0,0,0,0,0,0,0,0],
        "skill_atk": [0,0,0,5,10,15,15,15,15],
        "skill_def": [0,0,0,0,0,0,0,0,0],
        "skill_crit": [0,0,0,0,0,0,0,0,0],
        "crit_resistance": [0,0,0,0,0,0,0,0,0],
        "final_extra": [0,0,0,0,0,0,0,0,0],
        "final_reduce": [0,0,0,0,0,0,0,0,0],
        "ignore_magicDef": [0,0,0,0,0,0,0,0,0]
    },
    "10056": {
        "general_id": 10056,
        "general_hp": [26169,65422,111217,163554,163554,228975,228975,307481,307481],
        "general_atk": [388,970,1649,1649,2522,2522,3589,3589,5044],
        "general_def": [0,0,0,0,0,0,0,0,0],
        "atk_crit": [0,0,0,0,0,0,0,0,0],
        "crit_extra": [0,0,0,0,0,0,0,0,0],
        "dodge_rate": [0,0,0,0,0,0,0,0,0],
        "hit_rate": [0,0,0,0,0,0,0,0,0],
        "ignore_phyDef": [0,0,0,0,0,0,0,0,0],
        "rage_reduce": [0,0,0,0,0,0,0,0,0],
        "universal_resistance": [0,0,0,0,0,0,0,0,0],
        "ignore_resistance": [0,0,0,0,0,0,0,0,0],
        "float_resistance": [0,0,0,0,0,0,0,0,0],
        "cd_speed": [0,0,0,0,0,0,5,10,15],
        "support_consume": [0,0,0,0,0,0,0,0,0],
        "general_atk_all": [0,0,0,0,0,0,0,0,0],
        "general_def_all": [0,0,0,0,0,0,0,0,0],
        "all_crit": [0,0,0,0,0,0,0,0,0],
        "ignore_def_all": [0,0,0,0,0,0,0,0,0],
        "skill_atk": [0,0,0,5,10,15,15,15,15],
        "skill_def": [0,0,0,0,0,0,0,0,0],
        "skill_crit": [0,0,0,0,0,0,0,0,0],
        "crit_resistance": [0,0,0,0,0,0,0,0,0],
        "final_extra": [0,0,0,0,0,0,0,0,0],
        "final_reduce": [0,0,0,0,0,0,0,0,0],
        "ignore_magicDef": [0,0,0,0,0,0,0,0,0]
    },
    "10057": {
        "general_id": 10057,
        "general_hp": [19066,47665,81030,119162,119162,166826,166826,224023,224023],
        "general_atk": [386,965,1641,1641,2510,2510,3572,3572,5020],
        "general_def": [0,0,0,0,0,0,0,0,0],
        "atk_crit": [0,0,0,5,10,15,15,15,15],
        "crit_extra": [0,0,0,0,0,0,0,0,0],
        "dodge_rate": [0,0,0,0,0,0,0,0,0],
        "hit_rate": [0,0,0,0,0,0,0,0,0],
        "ignore_phyDef": [0,0,0,0,0,0,0,0,0],
        "rage_reduce": [0,0,0,0,0,0,0,0,0],
        "universal_resistance": [0,0,0,0,0,0,0,0,0],
        "ignore_resistance": [0,0,0,0,0,0,0,0,0],
        "float_resistance": [0,0,0,0,0,0,0,0,0],
        "cd_speed": [0,0,0,0,0,0,5,10,15],
        "support_consume": [0,0,0,0,0,0,0,0,0],
        "general_atk_all": [0,0,0,0,0,0,0,0,0],
        "general_def_all": [0,0,0,0,0,0,0,0,0],
        "all_crit": [0,0,0,0,0,0,0,0,0],
        "ignore_def_all": [0,0,0,0,0,0,0,0,0],
        "skill_atk": [0,0,0,0,0,0,0,0,0],
        "skill_def": [0,0,0,0,0,0,0,0,0],
        "skill_crit": [0,0,0,0,0,0,0,0,0],
        "crit_resistance": [0,0,0,0,0,0,0,0,0],
        "final_extra": [0,0,0,0,0,0,0,0,0],
        "final_reduce": [0,0,0,0,0,0,0,0,0],
        "ignore_magicDef": [0,0,0,0,0,0,0,0,0]
    },
    "10058": {
        "general_id": 10058,
        "general_hp": [22432,56080,95336,140200,140200,196279,196279,263574,263574],
        "general_atk": [456,1140,1938,1938,2964,2964,4218,4218,5928],
        "general_def": [0,0,0,0,0,0,0,0,0],
        "atk_crit": [0,0,0,5,10,15,15,15,15],
        "crit_extra": [0,0,0,0,0,0,0,0,0],
        "dodge_rate": [0,0,0,0,0,0,0,0,0],
        "hit_rate": [0,0,0,0,0,0,0,0,0],
        "ignore_phyDef": [0,0,0,0,0,0,0,0,0],
        "rage_reduce": [0,0,0,0,0,0,0,0,0],
        "universal_resistance": [0,0,0,0,0,0,0,0,0],
        "ignore_resistance": [0,0,0,0,0,0,0,0,0],
        "float_resistance": [0,0,0,0,0,0,0,0,0],
        "cd_speed": [0,0,0,0,0,0,5,10,15],
        "support_consume": [0,0,0,0,0,0,0,0,0],
        "general_atk_all": [0,0,0,0,0,0,0,0,0],
        "general_def_all": [0,0,0,0,0,0,0,0,0],
        "all_crit": [0,0,0,0,0,0,0,0,0],
        "ignore_def_all": [0,0,0,0,0,0,0,0,0],
        "skill_atk": [0,0,0,0,0,0,0,0,0],
        "skill_def": [0,0,0,0,0,0,0,0,0],
        "skill_crit": [0,0,0,0,0,0,0,0,0],
        "crit_resistance": [0,0,0,0,0,0,0,0,0],
        "final_extra": [0,0,0,0,0,0,0,0,0],
        "final_reduce": [0,0,0,0,0,0,0,0,0],
        "ignore_magicDef": [0,0,0,0,0,0,0,0,0]
    },
    "10059": {
        "general_id": 10059,
        "general_hp": [23552,58879,100094,147197,147197,206075,206075,276729,276729],
        "general_atk": [478,1195,2032,2032,3108,3108,4423,4423,6216],
        "general_def": [0,0,0,0,0,0,0,0,0],
        "atk_crit": [0,0,0,5,10,15,15,15,15],
        "crit_extra": [0,0,0,0,0,0,0,0,0],
        "dodge_rate": [0,0,0,0,0,0,0,0,0],
        "hit_rate": [0,0,0,0,0,0,0,0,0],
        "ignore_phyDef": [0,0,0,0,0,0,0,0,0],
        "rage_reduce": [0,0,0,0,0,0,0,0,0],
        "universal_resistance": [0,0,0,0,0,0,0,0,0],
        "ignore_resistance": [0,0,0,0,0,0,0,0,0],
        "float_resistance": [0,0,0,0,0,0,0,0,0],
        "cd_speed": [0,0,0,0,0,0,5,10,15],
        "support_consume": [0,0,0,0,0,0,0,0,0],
        "general_atk_all": [0,0,0,0,0,0,0,0,0],
        "general_def_all": [0,0,0,0,0,0,0,0,0],
        "all_crit": [0,0,0,0,0,0,0,0,0],
        "ignore_def_all": [0,0,0,0,0,0,0,0,0],
        "skill_atk": [0,0,0,0,0,0,0,0,0],
        "skill_def": [0,0,0,0,0,0,0,0,0],
        "skill_crit": [0,0,0,0,0,0,0,0,0],
        "crit_resistance": [0,0,0,0,0,0,0,0,0],
        "final_extra": [0,0,0,0,0,0,0,0,0],
        "final_reduce": [0,0,0,0,0,0,0,0,0],
        "ignore_magicDef": [0,0,0,0,0,0,0,0,0]
    },
    "10060": {
        "general_id": 10060,
        "general_hp": [30230,75574,128476,188935,188935,264508,264508,355196,355196],
        "general_atk": [346,865,1471,1471,2250,2250,3202,3202,4500],
        "general_def": [0,0,0,0,0,0,0,0,0],
        "atk_crit": [0,0,0,0,0,0,0,0,0],
        "crit_extra": [0,0,0,0,0,0,0,0,0],
        "dodge_rate": [0,0,0,0,0,0,0,0,0],
        "hit_rate": [0,0,0,0,0,0,0,0,0],
        "ignore_phyDef": [0,0,0,0,0,0,0,0,0],
        "rage_reduce": [0,0,0,0,0,0,0,0,0],
        "universal_resistance": [0,0,0,0,0,0,0,0,0],
        "ignore_resistance": [0,0,0,0,0,0,0,0,0],
        "float_resistance": [0,0,0,0,0,0,0,0,0],
        "cd_speed": [0,0,0,0,0,0,5,10,15],
        "support_consume": [0,0,0,0,0,0,0,0,0],
        "general_atk_all": [0,0,0,0,0,0,0,0,0],
        "general_def_all": [0,0,0,0,0,0,0,0,0],
        "all_crit": [0,0,0,0,0,0,0,0,0],
        "ignore_def_all": [0,0,0,0,0,0,0,0,0],
        "skill_atk": [0,0,0,0,0,0,0,0,0],
        "skill_def": [0,0,0,0,0,0,0,0,0],
        "skill_crit": [0,0,0,0,0,0,0,0,0],
        "crit_resistance": [0,0,0,5,10,15,15,15,15],
        "final_extra": [0,0,0,0,0,0,0,0,0],
        "final_reduce": [0,0,0,0,0,0,0,0,0],
        "ignore_magicDef": [0,0,0,0,0,0,0,0,0]
    },
    "10061": {
        "general_id": 10061,
        "general_hp": [27414,68535,116510,171338,171338,239873,239873,322115,322115],
        "general_atk": [386,965,1641,1641,2510,2510,3572,3572,5020],
        "general_def": [0,0,0,0,0,0,0,0,0],
        "atk_crit": [0,0,0,0,0,0,0,0,0],
        "crit_extra": [0,0,0,0,0,0,0,0,0],
        "dodge_rate": [0,0,0,0,0,0,0,0,0],
        "hit_rate": [0,0,0,0,0,0,0,0,0],
        "ignore_phyDef": [0,0,0,0,0,0,0,0,0],
        "rage_reduce": [0,0,0,0,0,0,0,0,0],
        "universal_resistance": [0,0,0,0,0,0,0,0,0],
        "ignore_resistance": [0,0,0,0,0,0,0,0,0],
        "float_resistance": [0,0,0,0,0,0,0,0,0],
        "cd_speed": [0,0,0,0,0,0,5,10,15],
        "support_consume": [0,0,0,0,0,0,0,0,0],
        "general_atk_all": [0,0,0,0,0,0,0,0,0],
        "general_def_all": [0,0,0,0,0,0,0,0,0],
        "all_crit": [0,0,0,0,0,0,0,0,0],
        "ignore_def_all": [0,0,0,0,0,0,0,0,0],
        "skill_atk": [0,0,0,5,10,15,15,15,15],
        "skill_def": [0,0,0,0,0,0,0,0,0],
        "skill_crit": [0,0,0,0,0,0,0,0,0],
        "crit_resistance": [0,0,0,0,0,0,0,0,0],
        "final_extra": [0,0,0,0,0,0,0,0,0],
        "final_reduce": [0,0,0,0,0,0,0,0,0],
        "ignore_magicDef": [0,0,0,0,0,0,0,0,0]
    },
    "10062": {
        "general_id": 10062,
        "general_hp": [27407,68518,116480,171294,171294,239811,239811,322032,322032],
        "general_atk": [416,1040,1768,1768,2704,2704,3848,3848,5408],
        "general_def": [0,0,0,0,0,0,0,0,0],
        "atk_crit": [0,0,0,0,0,0,0,0,0],
        "crit_extra": [0,0,0,0,0,0,0,0,0],
        "dodge_rate": [0,0,0,0,0,0,0,0,0],
        "hit_rate": [0,0,0,0,0,0,0,0,0],
        "ignore_phyDef": [0,0,0,0,0,0,0,0,0],
        "rage_reduce": [0,0,0,0,0,0,0,0,0],
        "universal_resistance": [0,0,0,0,0,0,0,0,0],
        "ignore_resistance": [0,0,0,0,0,0,0,0,0],
        "float_resistance": [0,0,0,0,0,0,0,0,0],
        "cd_speed": [0,0,0,0,0,0,5,10,15],
        "support_consume": [0,0,0,0,0,0,0,0,0],
        "general_atk_all": [0,0,0,0,0,0,0,0,0],
        "general_def_all": [0,0,0,0,0,0,0,0,0],
        "all_crit": [0,0,0,0,0,0,0,0,0],
        "ignore_def_all": [0,0,0,0,0,0,0,0,0],
        "skill_atk": [0,0,0,5,10,15,15,15,15],
        "skill_def": [0,0,0,0,0,0,0,0,0],
        "skill_crit": [0,0,0,0,0,0,0,0,0],
        "crit_resistance": [0,0,0,0,0,0,0,0,0],
        "final_extra": [0,0,0,0,0,0,0,0,0],
        "final_reduce": [0,0,0,0,0,0,0,0,0],
        "ignore_magicDef": [0,0,0,0,0,0,0,0,0]
    },
    "10063": {
        "general_id": 10063,
        "general_hp": [28779,71947,122310,179867,179867,251813,251813,338149,338149],
        "general_atk": [360,900,1530,1530,2340,2340,3330,3330,4680],
        "general_def": [0,0,0,0,0,0,0,0,0],
        "atk_crit": [0,0,0,0,0,0,0,0,0],
        "crit_extra": [0,0,0,0,0,0,0,0,0],
        "dodge_rate": [0,0,0,0,0,0,0,0,0],
        "hit_rate": [0,0,0,0,0,0,0,0,0],
        "ignore_phyDef": [0,0,0,0,0,0,0,0,0],
        "rage_reduce": [0,0,0,0,0,0,0,0,0],
        "universal_resistance": [0,0,0,0,0,0,0,0,0],
        "ignore_resistance": [0,0,0,0,0,0,0,0,0],
        "float_resistance": [0,0,0,0,0,0,0,0,0],
        "cd_speed": [0,0,0,0,0,0,5,10,15],
        "support_consume": [0,0,0,0,0,0,0,0,0],
        "general_atk_all": [0,0,0,0,0,0,0,0,0],
        "general_def_all": [0,0,0,0,0,0,0,0,0],
        "all_crit": [0,0,0,0,0,0,0,0,0],
        "ignore_def_all": [0,0,0,0,0,0,0,0,0],
        "skill_atk": [0,0,0,0,0,0,0,0,0],
        "skill_def": [0,0,0,0,0,0,0,0,0],
        "skill_crit": [0,0,0,0,0,0,0,0,0],
        "crit_resistance": [0,0,0,5,10,15,15,15,15],
        "final_extra": [0,0,0,0,0,0,0,0,0],
        "final_reduce": [0,0,0,0,0,0,0,0,0],
        "ignore_magicDef": [0,0,0,0,0,0,0,0,0]
    },
    "10064": {
        "general_id": 10064,
        "general_hp": [26187,65467,111294,163667,163667,229133,229133,307693,307693],
        "general_atk": [348,870,1479,1479,2262,2262,3219,3219,4524],
        "general_def": [0,0,0,0,0,0,0,0,0],
        "atk_crit": [0,0,0,0,0,0,0,0,0],
        "crit_extra": [0,0,0,0,0,0,0,0,0],
        "dodge_rate": [0,0,0,0,0,0,0,0,0],
        "hit_rate": [0,0,0,0,0,0,0,0,0],
        "ignore_phyDef": [0,0,0,0,0,0,0,0,0],
        "rage_reduce": [0,0,0,0,0,0,0,0,0],
        "universal_resistance": [0,0,0,0,0,0,0,0,0],
        "ignore_resistance": [0,0,0,0,0,0,0,0,0],
        "float_resistance": [0,0,0,0,0,0,0,0,0],
        "cd_speed": [0,0,0,0,0,0,5,10,15],
        "support_consume": [0,0,0,0,0,0,0,0,0],
        "general_atk_all": [0,0,0,0,0,0,0,0,0],
        "general_def_all": [0,0,0,0,0,0,0,0,0],
        "all_crit": [0,0,0,0,0,0,0,0,0],
        "ignore_def_all": [0,0,0,0,0,0,0,0,0],
        "skill_atk": [0,0,0,5,10,15,15,15,15],
        "skill_def": [0,0,0,0,0,0,0,0,0],
        "skill_crit": [0,0,0,0,0,0,0,0,0],
        "crit_resistance": [0,0,0,0,0,0,0,0,0],
        "final_extra": [0,0,0,0,0,0,0,0,0],
        "final_reduce": [0,0,0,0,0,0,0,0,0],
        "ignore_magicDef": [0,0,0,0,0,0,0,0,0]
    },
    "10065": {
        "general_id": 10065,
        "general_hp": [27450,68625,116663,171563,171563,240188,240188,322538,322538],
        "general_atk": [382,955,1624,1624,2484,2484,3535,3535,4968],
        "general_def": [0,0,0,0,0,0,0,0,0],
        "atk_crit": [0,0,0,0,0,0,0,0,0],
        "crit_extra": [0,0,0,0,0,0,0,0,0],
        "dodge_rate": [0,0,0,0,0,0,0,0,0],
        "hit_rate": [0,0,0,0,0,0,0,0,0],
        "ignore_phyDef": [0,0,0,0,0,0,0,0,0],
        "rage_reduce": [0,0,0,0,0,0,0,0,0],
        "universal_resistance": [0,0,0,0,0,0,0,0,0],
        "ignore_resistance": [0,0,0,0,0,0,0,0,0],
        "float_resistance": [0,0,0,0,0,0,0,0,0],
        "cd_speed": [0,0,0,0,0,0,5,10,15],
        "support_consume": [0,0,0,0,0,0,0,0,0],
        "general_atk_all": [0,0,0,0,0,0,0,0,0],
        "general_def_all": [0,0,0,0,0,0,0,0,0],
        "all_crit": [0,0,0,0,0,0,0,0,0],
        "ignore_def_all": [0,0,0,0,0,0,0,0,0],
        "skill_atk": [0,0,0,5,10,15,15,15,15],
        "skill_def": [0,0,0,0,0,0,0,0,0],
        "skill_crit": [0,0,0,0,0,0,0,0,0],
        "crit_resistance": [0,0,0,0,0,0,0,0,0],
        "final_extra": [0,0,0,0,0,0,0,0,0],
        "final_reduce": [0,0,0,0,0,0,0,0,0],
        "ignore_magicDef": [0,0,0,0,0,0,0,0,0]
    },
    "10066": {
        "general_id": 10066,
        "general_hp": [24704,61759,104990,154397,154397,216155,216155,290265,290265],
        "general_atk": [532,1330,2261,2261,3458,3458,4921,4921,6916],
        "general_def": [0,0,0,0,0,0,0,0,0],
        "atk_crit": [0,0,0,5,10,15,15,15,15],
        "crit_extra": [0,0,0,0,0,0,0,0,0],
        "dodge_rate": [0,0,0,0,0,0,0,0,0],
        "hit_rate": [0,0,0,0,0,0,0,0,0],
        "ignore_phyDef": [0,0,0,0,0,0,0,0,0],
        "rage_reduce": [0,0,0,0,0,0,0,0,0],
        "universal_resistance": [0,0,0,0,0,0,0,0,0],
        "ignore_resistance": [0,0,0,0,0,0,0,0,0],
        "float_resistance": [0,0,0,0,0,0,0,0,0],
        "cd_speed": [0,0,0,0,0,0,5,10,15],
        "support_consume": [0,0,0,0,0,0,0,0,0],
        "general_atk_all": [0,0,0,0,0,0,0,0,0],
        "general_def_all": [0,0,0,0,0,0,0,0,0],
        "all_crit": [0,0,0,0,0,0,0,0,0],
        "ignore_def_all": [0,0,0,0,0,0,0,0,0],
        "skill_atk": [0,0,0,0,0,0,0,0,0],
        "skill_def": [0,0,0,0,0,0,0,0,0],
        "skill_crit": [0,0,0,0,0,0,0,0,0],
        "crit_resistance": [0,0,0,0,0,0,0,0,0],
        "final_extra": [0,0,0,0,0,0,0,0,0],
        "final_reduce": [0,0,0,0,0,0,0,0,0],
        "ignore_magicDef": [0,0,0,0,0,0,0,0,0]
    },
    "10067": {
        "general_id": 10067,
        "general_hp": [24707,61768,105005,154419,154419,216186,216186,290307,290307],
        "general_atk": [516,1290,2193,2193,3354,3354,4773,4773,6708],
        "general_def": [0,0,0,0,0,0,0,0,0],
        "atk_crit": [0,0,0,5,10,15,15,15,15],
        "crit_extra": [0,0,0,0,0,0,0,0,0],
        "dodge_rate": [0,0,0,0,0,0,0,0,0],
        "hit_rate": [0,0,0,0,0,0,0,0,0],
        "ignore_phyDef": [0,0,0,0,0,0,0,0,0],
        "rage_reduce": [0,0,0,0,0,0,0,0,0],
        "universal_resistance": [0,0,0,0,0,0,0,0,0],
        "ignore_resistance": [0,0,0,0,0,0,0,0,0],
        "float_resistance": [0,0,0,0,0,0,0,0,0],
        "cd_speed": [0,0,0,0,0,0,5,10,15],
        "support_consume": [0,0,0,0,0,0,0,0,0],
        "general_atk_all": [0,0,0,0,0,0,0,0,0],
        "general_def_all": [0,0,0,0,0,0,0,0,0],
        "all_crit": [0,0,0,0,0,0,0,0,0],
        "ignore_def_all": [0,0,0,0,0,0,0,0,0],
        "skill_atk": [0,0,0,0,0,0,0,0,0],
        "skill_def": [0,0,0,0,0,0,0,0,0],
        "skill_crit": [0,0,0,0,0,0,0,0,0],
        "crit_resistance": [0,0,0,0,0,0,0,0,0],
        "final_extra": [0,0,0,0,0,0,0,0,0],
        "final_reduce": [0,0,0,0,0,0,0,0,0],
        "ignore_magicDef": [0,0,0,0,0,0,0,0,0]
    },
    "10068": {
        "general_id": 10068,
        "general_hp": [24678,61695,104882,154238,154238,215933,215933,289967,289967],
        "general_atk": [530,1325,2253,2253,3446,3446,4904,4904,6892],
        "general_def": [0,0,0,0,0,0,0,0,0],
        "atk_crit": [0,0,0,5,10,15,15,15,15],
        "crit_extra": [0,0,0,0,0,0,0,0,0],
        "dodge_rate": [0,0,0,0,0,0,0,0,0],
        "hit_rate": [0,0,0,0,0,0,0,0,0],
        "ignore_phyDef": [0,0,0,0,0,0,0,0,0],
        "rage_reduce": [0,0,0,0,0,0,0,0,0],
        "universal_resistance": [0,0,0,0,0,0,0,0,0],
        "ignore_resistance": [0,0,0,0,0,0,0,0,0],
        "float_resistance": [0,0,0,0,0,0,0,0,0],
        "cd_speed": [0,0,0,0,0,0,5,10,15],
        "support_consume": [0,0,0,0,0,0,0,0,0],
        "general_atk_all": [0,0,0,0,0,0,0,0,0],
        "general_def_all": [0,0,0,0,0,0,0,0,0],
        "all_crit": [0,0,0,0,0,0,0,0,0],
        "ignore_def_all": [0,0,0,0,0,0,0,0,0],
        "skill_atk": [0,0,0,0,0,0,0,0,0],
        "skill_def": [0,0,0,0,0,0,0,0,0],
        "skill_crit": [0,0,0,0,0,0,0,0,0],
        "crit_resistance": [0,0,0,0,0,0,0,0,0],
        "final_extra": [0,0,0,0,0,0,0,0,0],
        "final_reduce": [0,0,0,0,0,0,0,0,0],
        "ignore_magicDef": [0,0,0,0,0,0,0,0,0]
    },
    "10069": {
        "general_id": 10069,
        "general_hp": [24736,61840,105128,154600,154600,216439,216439,290646,290646],
        "general_atk": [538,1345,2287,2287,3498,3498,4978,4978,6996],
        "general_def": [0,0,0,0,0,0,0,0,0],
        "atk_crit": [0,0,0,5,10,15,15,15,15],
        "crit_extra": [0,0,0,0,0,0,0,0,0],
        "dodge_rate": [0,0,0,0,0,0,0,0,0],
        "hit_rate": [0,0,0,0,0,0,0,0,0],
        "ignore_phyDef": [0,0,0,0,0,0,0,0,0],
        "rage_reduce": [0,0,0,0,0,0,0,0,0],
        "universal_resistance": [0,0,0,0,0,0,0,0,0],
        "ignore_resistance": [0,0,0,0,0,0,0,0,0],
        "float_resistance": [0,0,0,0,0,0,0,0,0],
        "cd_speed": [0,0,0,0,0,0,5,10,15],
        "support_consume": [0,0,0,0,0,0,0,0,0],
        "general_atk_all": [0,0,0,0,0,0,0,0,0],
        "general_def_all": [0,0,0,0,0,0,0,0,0],
        "all_crit": [0,0,0,0,0,0,0,0,0],
        "ignore_def_all": [0,0,0,0,0,0,0,0,0],
        "skill_atk": [0,0,0,0,0,0,0,0,0],
        "skill_def": [0,0,0,0,0,0,0,0,0],
        "skill_crit": [0,0,0,0,0,0,0,0,0],
        "crit_resistance": [0,0,0,0,0,0,0,0,0],
        "final_extra": [0,0,0,0,0,0,0,0,0],
        "final_reduce": [0,0,0,0,0,0,0,0,0],
        "ignore_magicDef": [0,0,0,0,0,0,0,0,0]
    },
    "10070": {
        "general_id": 10070,
        "general_hp": [27418,68545,116526,171362,171362,239906,239906,322159,322159],
        "general_atk": [414,1035,1760,1760,2692,2692,3831,3831,5384],
        "general_def": [0,0,0,0,0,0,0,0,0],
        "atk_crit": [0,0,0,0,0,0,0,0,0],
        "crit_extra": [0,0,0,0,0,0,0,0,0],
        "dodge_rate": [0,0,0,0,0,0,0,0,0],
        "hit_rate": [0,0,0,0,0,0,0,0,0],
        "ignore_phyDef": [0,0,0,0,0,0,0,0,0],
        "rage_reduce": [0,0,0,0,0,0,0,0,0],
        "universal_resistance": [0,0,0,0,0,0,0,0,0],
        "ignore_resistance": [0,0,0,0,0,0,0,0,0],
        "float_resistance": [0,0,0,0,0,0,0,0,0],
        "cd_speed": [0,0,0,0,0,0,5,10,15],
        "support_consume": [0,0,0,0,0,0,0,0,0],
        "general_atk_all": [0,0,0,0,0,0,0,0,0],
        "general_def_all": [0,0,0,0,0,0,0,0,0],
        "all_crit": [0,0,0,0,0,0,0,0,0],
        "ignore_def_all": [0,0,0,0,0,0,0,0,0],
        "skill_atk": [0,0,0,5,10,15,15,15,15],
        "skill_def": [0,0,0,0,0,0,0,0,0],
        "skill_crit": [0,0,0,0,0,0,0,0,0],
        "crit_resistance": [0,0,0,0,0,0,0,0,0],
        "final_extra": [0,0,0,0,0,0,0,0,0],
        "final_reduce": [0,0,0,0,0,0,0,0,0],
        "ignore_magicDef": [0,0,0,0,0,0,0,0,0]
    },
    "10071": {
        "general_id": 10071,
        "general_hp": [30230,75574,128476,188935,188935,264508,264508,355196,355196],
        "general_atk": [376,940,1598,1598,2444,2444,3478,3478,4888],
        "general_def": [0,0,0,0,0,0,0,0,0],
        "atk_crit": [0,0,0,0,0,0,0,0,0],
        "crit_extra": [0,0,0,0,0,0,0,0,0],
        "dodge_rate": [0,0,0,0,0,0,0,0,0],
        "hit_rate": [0,0,0,0,0,0,0,0,0],
        "ignore_phyDef": [0,0,0,0,0,0,0,0,0],
        "rage_reduce": [0,0,0,0,0,0,0,0,0],
        "universal_resistance": [0,0,0,0,0,0,0,0,0],
        "ignore_resistance": [0,0,0,0,0,0,0,0,0],
        "float_resistance": [0,0,0,0,0,0,0,0,0],
        "cd_speed": [0,0,0,0,0,0,5,10,15],
        "support_consume": [0,0,0,0,0,0,0,0,0],
        "general_atk_all": [0,0,0,0,0,0,0,0,0],
        "general_def_all": [0,0,0,0,0,0,0,0,0],
        "all_crit": [0,0,0,0,0,0,0,0,0],
        "ignore_def_all": [0,0,0,0,0,0,0,0,0],
        "skill_atk": [0,0,0,0,0,0,0,0,0],
        "skill_def": [0,0,0,0,0,0,0,0,0],
        "skill_crit": [0,0,0,0,0,0,0,0,0],
        "crit_resistance": [0,0,0,5,10,15,15,15,15],
        "final_extra": [0,0,0,0,0,0,0,0,0],
        "final_reduce": [0,0,0,0,0,0,0,0,0],
        "ignore_magicDef": [0,0,0,0,0,0,0,0,0]
    },
    "10072": {
        "general_id": 10072,
        "general_hp": [27422,68554,116542,171385,171385,239938,239938,322202,322202],
        "general_atk": [418,1045,1777,1777,2718,2718,3868,3868,5436],
        "general_def": [0,0,0,0,0,0,0,0,0],
        "atk_crit": [0,0,0,0,0,0,0,0,0],
        "crit_extra": [0,0,0,0,0,0,0,0,0],
        "dodge_rate": [0,0,0,0,0,0,0,0,0],
        "hit_rate": [0,0,0,0,0,0,0,0,0],
        "ignore_phyDef": [0,0,0,0,0,0,0,0,0],
        "rage_reduce": [0,0,0,0,0,0,0,0,0],
        "universal_resistance": [0,0,0,0,0,0,0,0,0],
        "ignore_resistance": [0,0,0,0,0,0,0,0,0],
        "float_resistance": [0,0,0,0,0,0,0,0,0],
        "cd_speed": [0,0,0,0,0,0,5,10,15],
        "support_consume": [0,0,0,0,0,0,0,0,0],
        "general_atk_all": [0,0,0,0,0,0,0,0,0],
        "general_def_all": [0,0,0,0,0,0,0,0,0],
        "all_crit": [0,0,0,0,0,0,0,0,0],
        "ignore_def_all": [0,0,0,0,0,0,0,0,0],
        "skill_atk": [0,0,0,5,10,15,15,15,15],
        "skill_def": [0,0,0,0,0,0,0,0,0],
        "skill_crit": [0,0,0,0,0,0,0,0,0],
        "crit_resistance": [0,0,0,0,0,0,0,0,0],
        "final_extra": [0,0,0,0,0,0,0,0,0],
        "final_reduce": [0,0,0,0,0,0,0,0,0],
        "ignore_magicDef": [0,0,0,0,0,0,0,0,0]
    },
    "10073": {
        "general_id": 10073,
        "general_hp": [30222,75555,128444,188888,188888,264443,264443,355109,355109],
        "general_atk": [366,915,1556,1556,2380,2380,3387,3387,4760],
        "general_def": [0,0,0,0,0,0,0,0,0],
        "atk_crit": [0,0,0,0,0,0,0,0,0],
        "crit_extra": [0,0,0,0,0,0,0,0,0],
        "dodge_rate": [0,0,0,0,0,0,0,0,0],
        "hit_rate": [0,0,0,0,0,0,0,0,0],
        "ignore_phyDef": [0,0,0,0,0,0,0,0,0],
        "rage_reduce": [0,0,0,0,0,0,0,0,0],
        "universal_resistance": [0,0,0,0,0,0,0,0,0],
        "ignore_resistance": [0,0,0,0,0,0,0,0,0],
        "float_resistance": [0,0,0,0,0,0,0,0,0],
        "cd_speed": [0,0,0,0,0,0,5,10,15],
        "support_consume": [0,0,0,0,0,0,0,0,0],
        "general_atk_all": [0,0,0,0,0,0,0,0,0],
        "general_def_all": [0,0,0,0,0,0,0,0,0],
        "all_crit": [0,0,0,0,0,0,0,0,0],
        "ignore_def_all": [0,0,0,0,0,0,0,0,0],
        "skill_atk": [0,0,0,0,0,0,0,0,0],
        "skill_def": [0,0,0,0,0,0,0,0,0],
        "skill_crit": [0,0,0,0,0,0,0,0,0],
        "crit_resistance": [0,0,0,5,10,15,15,15,15],
        "final_extra": [0,0,0,0,0,0,0,0,0],
        "final_reduce": [0,0,0,0,0,0,0,0,0],
        "ignore_magicDef": [0,0,0,0,0,0,0,0,0]
    },
    "10074": {
        "general_id": 10074,
        "general_hp": [24671,61678,104852,154194,154194,215871,215871,289884,289884],
        "general_atk": [500,1250,2125,2125,3250,3250,4625,4625,6500],
        "general_def": [0,0,0,0,0,0,0,0,0],
        "atk_crit": [0,0,0,5,10,15,15,15,15],
        "crit_extra": [0,0,0,0,0,0,0,0,0],
        "dodge_rate": [0,0,0,0,0,0,0,0,0],
        "hit_rate": [0,0,0,0,0,0,0,0,0],
        "ignore_phyDef": [0,0,0,0,0,0,0,0,0],
        "rage_reduce": [0,0,0,0,0,0,0,0,0],
        "universal_resistance": [0,0,0,0,0,0,0,0,0],
        "ignore_resistance": [0,0,0,0,0,0,0,0,0],
        "float_resistance": [0,0,0,0,0,0,0,0,0],
        "cd_speed": [0,0,0,0,0,0,5,10,15],
        "support_consume": [0,0,0,0,0,0,0,0,0],
        "general_atk_all": [0,0,0,0,0,0,0,0,0],
        "general_def_all": [0,0,0,0,0,0,0,0,0],
        "all_crit": [0,0,0,0,0,0,0,0,0],
        "ignore_def_all": [0,0,0,0,0,0,0,0,0],
        "skill_atk": [0,0,0,0,0,0,0,0,0],
        "skill_def": [0,0,0,0,0,0,0,0,0],
        "skill_crit": [0,0,0,0,0,0,0,0,0],
        "crit_resistance": [0,0,0,0,0,0,0,0,0],
        "final_extra": [0,0,0,0,0,0,0,0,0],
        "final_reduce": [0,0,0,0,0,0,0,0,0],
        "ignore_magicDef": [0,0,0,0,0,0,0,0,0]
    },
    "10075": {
        "general_id": 10075,
        "general_hp": [24736,61840,105128,154600,154600,216439,216439,290646,290646],
        "general_atk": [520,1300,2210,2210,3380,3380,4810,4810,6760],
        "general_def": [0,0,0,0,0,0,0,0,0],
        "atk_crit": [0,0,0,5,10,15,15,15,15],
        "crit_extra": [0,0,0,0,0,0,0,0,0],
        "dodge_rate": [0,0,0,0,0,0,0,0,0],
        "hit_rate": [0,0,0,0,0,0,0,0,0],
        "ignore_phyDef": [0,0,0,0,0,0,0,0,0],
        "rage_reduce": [0,0,0,0,0,0,0,0,0],
        "universal_resistance": [0,0,0,0,0,0,0,0,0],
        "ignore_resistance": [0,0,0,0,0,0,0,0,0],
        "float_resistance": [0,0,0,0,0,0,0,0,0],
        "cd_speed": [0,0,0,0,0,0,5,10,15],
        "support_consume": [0,0,0,0,0,0,0,0,0],
        "general_atk_all": [0,0,0,0,0,0,0,0,0],
        "general_def_all": [0,0,0,0,0,0,0,0,0],
        "all_crit": [0,0,0,0,0,0,0,0,0],
        "ignore_def_all": [0,0,0,0,0,0,0,0,0],
        "skill_atk": [0,0,0,0,0,0,0,0,0],
        "skill_def": [0,0,0,0,0,0,0,0,0],
        "skill_crit": [0,0,0,0,0,0,0,0,0],
        "crit_resistance": [0,0,0,0,0,0,0,0,0],
        "final_extra": [0,0,0,0,0,0,0,0,0],
        "final_reduce": [0,0,0,0,0,0,0,0,0],
        "ignore_magicDef": [0,0,0,0,0,0,0,0,0]
    },
    "10076": {
        "general_id": 10076,
        "general_hp": [27479,68698,116786,171744,171744,240441,240441,322878,322878],
        "general_atk": [396,990,1683,1683,2574,2574,3663,3663,5148],
        "general_def": [0,0,0,0,0,0,0,0,0],
        "atk_crit": [0,0,0,0,0,0,0,0,0],
        "crit_extra": [0,0,0,0,0,0,0,0,0],
        "dodge_rate": [0,0,0,0,0,0,0,0,0],
        "hit_rate": [0,0,0,0,0,0,0,0,0],
        "ignore_phyDef": [0,0,0,0,0,0,0,0,0],
        "rage_reduce": [0,0,0,0,0,0,0,0,0],
        "universal_resistance": [0,0,0,0,0,0,0,0,0],
        "ignore_resistance": [0,0,0,0,0,0,0,0,0],
        "float_resistance": [0,0,0,0,0,0,0,0,0],
        "cd_speed": [0,0,0,0,0,0,5,10,15],
        "support_consume": [0,0,0,0,0,0,0,0,0],
        "general_atk_all": [0,0,0,0,0,0,0,0,0],
        "general_def_all": [0,0,0,0,0,0,0,0,0],
        "all_crit": [0,0,0,0,0,0,0,0,0],
        "ignore_def_all": [0,0,0,0,0,0,0,0,0],
        "skill_atk": [0,0,0,5,10,15,15,15,15],
        "skill_def": [0,0,0,0,0,0,0,0,0],
        "skill_crit": [0,0,0,0,0,0,0,0,0],
        "crit_resistance": [0,0,0,0,0,0,0,0,0],
        "final_extra": [0,0,0,0,0,0,0,0,0],
        "final_reduce": [0,0,0,0,0,0,0,0,0],
        "ignore_magicDef": [0,0,0,0,0,0,0,0,0]
    },
    "10077": {
        "general_id": 10077,
        "general_hp": [30222,75555,128444,188888,188888,264443,264443,355109,355109],
        "general_atk": [356,890,1513,1513,2314,2314,3293,3293,4628],
        "general_def": [0,0,0,0,0,0,0,0,0],
        "atk_crit": [0,0,0,0,0,0,0,0,0],
        "crit_extra": [0,0,0,0,0,0,0,0,0],
        "dodge_rate": [0,0,0,0,0,0,0,0,0],
        "hit_rate": [0,0,0,0,0,0,0,0,0],
        "ignore_phyDef": [0,0,0,0,0,0,0,0,0],
        "rage_reduce": [0,0,0,0,0,0,0,0,0],
        "universal_resistance": [0,0,0,0,0,0,0,0,0],
        "ignore_resistance": [0,0,0,0,0,0,0,0,0],
        "float_resistance": [0,0,0,0,0,0,0,0,0],
        "cd_speed": [0,0,0,0,0,0,5,10,15],
        "support_consume": [0,0,0,0,0,0,0,0,0],
        "general_atk_all": [0,0,0,0,0,0,0,0,0],
        "general_def_all": [0,0,0,0,0,0,0,0,0],
        "all_crit": [0,0,0,0,0,0,0,0,0],
        "ignore_def_all": [0,0,0,0,0,0,0,0,0],
        "skill_atk": [0,0,0,0,0,0,0,0,0],
        "skill_def": [0,0,0,0,0,0,0,0,0],
        "skill_crit": [0,0,0,0,0,0,0,0,0],
        "crit_resistance": [0,0,0,5,10,15,15,15,15],
        "final_extra": [0,0,0,0,0,0,0,0,0],
        "final_reduce": [0,0,0,0,0,0,0,0,0],
        "ignore_magicDef": [0,0,0,0,0,0,0,0,0]
    }}
