{
    "1": {
        "id": 1,
        "rank_min": 0,
        "rank_max": 1,
        "local_rank_reward": [[20005,2000],[20001,100000],[30453,1]],
        "local_craft_reward": [[40065,3],[20002,200],[20006,60]]
    },
    "2": {
        "id": 2,
        "rank_min": 1,
        "rank_max": 2,
        "local_rank_reward": [[20005,1600],[20001,80000],[30452,1]],
        "local_craft_reward": [[40065,2],[20002,100],[20006,50]]
    },
    "3": {
        "id": 3,
        "rank_min": 2,
        "rank_max": 3,
        "local_rank_reward": [[20005,1200],[20001,60000],[30452,1]],
        "local_craft_reward": [[40065,1],[20002,80],[20006,40]]
    },
    "4": {
        "id": 4,
        "rank_min": 3,
        "rank_max": 10,
        "local_rank_reward": [[20005,1000],[20001,50000],[30451,1]],
        "local_craft_reward": [[20002,50],[20006,30]]
    },
    "5": {
        "id": 5,
        "rank_min": 10,
        "rank_max": 20,
        "local_rank_reward": [[20005,800],[20001,40000],[30451,1]],
        "local_craft_reward": []
    },
    "6": {
        "id": 6,
        "rank_min": 20,
        "rank_max": 100,
        "local_rank_reward": [[20005,600],[20001,30000]],
        "local_craft_reward": []
    },
    "7": {
        "id": 7,
        "rank_min": 100,
        "rank_max": 9999,
        "local_rank_reward": [[20005,500],[20001,20000]],
        "local_craft_reward": []
    }}
