{
    "100302": {
        "index": 100302,
        "sort": 1,
        "name_str": "成长基金",
        "is_new": 0,
        "gift_form": 6,
        "duration": 0,
        "unpay_trigger_times": "",
        "unpay_trigger_duration": "",
        "trigger_charge_add": "",
        "limit_level": 40,
        "is_forever": 0,
        "buy_times": 1,
        "goods_id": [20001],
        "goods_count": [1],
        "is_permit": "",
        "is_passseason": "",
        "super": [1],
        "raw_token": 0,
        "pay_type": 2,
        "chargeback_goods": [],
        "primer": 1000,
        "price": 1000,
        "daily_num": "8",
        "daily_index": "10030201",
        "h5_show_type": "0",
        "name": "成长基金",
        "tips": [0,2],
        "pay_index": "",
        "des": "成长基金",
        "path": "ui_mall_icon_dengji2_png",
        "push_big_path": "ui_mall_icon_dengji1_png",
        "info": "<color>r=235,g=208,b=118</color><text>宝物系统已开启!特为您送上红色宝物礼包！</text>",
        "is_op": 0,
        "is_show_city": 0,
        "city_path": "ui_mall_icon_dengji2_png"
    },
    "100303": {
        "index": 100303,
        "sort": 2,
        "name_str": "成长礼包",
        "is_new": 0,
        "gift_form": 6,
        "duration": 0,
        "unpay_trigger_times": "",
        "unpay_trigger_duration": "",
        "trigger_charge_add": "",
        "limit_level": 50,
        "is_forever": 0,
        "buy_times": 1,
        "goods_id": [20020,30004],
        "goods_count": [3,3],
        "is_permit": "",
        "is_passseason": "",
        "super": [1],
        "raw_token": 1000,
        "pay_type": 1,
        "chargeback_goods": [],
        "primer": 3960,
        "price": 128,
        "daily_num": "10",
        "daily_index": "10030301",
        "h5_show_type": "1",
        "name": "成长礼包",
        "tips": [0,2],
        "pay_index": "1000701",
        "des": "最超值的礼包，一生一次，必买!（具体奖励信息请在游戏内查看）。 网页充值专享额外赠送128钻石",
        "path": "ui_mall_icon_dengji3_png",
        "push_big_path": "ui_mall_icon_dengji1_png",
        "info": "<color>r=235,g=208,b=118</color><text>恭喜您达到36级!鉴定符礼包正式上架！</text>",
        "is_op": 0,
        "is_show_city": 0,
        "city_path": "ui_mall_icon_dengji3_png"
    },
    "101001": {
        "index": 101001,
        "sort": 30,
        "name_str": "新手礼包A",
        "is_new": 0,
        "gift_form": 5,
        "duration": 172800,
        "unpay_trigger_times": "",
        "unpay_trigger_duration": "",
        "trigger_charge_add": "",
        "limit_level": 0,
        "is_forever": 0,
        "buy_times": 1,
        "goods_id": [20020,30003,20001],
        "goods_count": [6,25,30000],
        "is_permit": "",
        "is_passseason": "",
        "super": [1],
        "raw_token": 0,
        "pay_type": 1,
        "chargeback_goods": [],
        "primer": 150,
        "price": 30,
        "daily_num": "5",
        "daily_index": "10100101",
        "h5_show_type": "0",
        "name": "新手礼包A",
        "tips": [1010,3],
        "pay_index": "1000401",
        "des": "购买后立即获得啤酒*6、柳橙汁*10、金币*3w，之后还可每天领取50钻石，持续5天。 网页充值专享额外赠送30钻石",
        "path": "ui_mall_icon_xinshou1_png",
        "push_big_path": "ui_mall_icon_big_xinshoubig1_png",
        "info": "<color>r=235,g=208,b=118</color><text>恭喜您成为无双精英!特为您送上三日登录礼包！</text>",
        "is_op": 0,
        "is_show_city": 1010,
        "city_path": "ui_mall_icon_xinshou2_png"
    },
    "101002": {
        "index": 101002,
        "sort": 31,
        "name_str": "新手礼包B",
        "is_new": 0,
        "gift_form": 5,
        "duration": 172800,
        "unpay_trigger_times": "",
        "unpay_trigger_duration": "",
        "trigger_charge_add": "",
        "limit_level": 0,
        "is_forever": 0,
        "buy_times": 1,
        "goods_id": [20020,30003,20001],
        "goods_count": [22,50,100000],
        "is_permit": "",
        "is_passseason": "",
        "super": [1],
        "raw_token": 0,
        "pay_type": 1,
        "chargeback_goods": [],
        "primer": 990,
        "price": 198,
        "daily_num": "7",
        "daily_index": "10100201",
        "h5_show_type": "2",
        "name": "新手礼包B",
        "tips": [1010,2],
        "pay_index": "1000801",
        "des": "购买后立即获得啤酒*22、柳橙汁*20、金币*10w，之后还可每天领取100钻石，持续7天。 网页充值专享额外赠送198钻石",
        "path": "ui_mall_icon_xinshou2_png",
        "push_big_path": "ui_mall_icon_big_xinshoubig2_png",
        "info": "<color>r=235,g=208,b=118</color><text>恭喜您达到36级!铜钱礼包正式上架！</text>",
        "is_op": 0,
        "is_show_city": 1010,
        "city_path": "ui_mall_icon_xinshou3_png"
    },
    "101003": {
        "index": 101003,
        "sort": 31,
        "name_str": "新手礼包C",
        "is_new": 0,
        "gift_form": 5,
        "duration": 172800,
        "unpay_trigger_times": "",
        "unpay_trigger_duration": "",
        "trigger_charge_add": "",
        "limit_level": 0,
        "is_forever": 0,
        "buy_times": 1,
        "goods_id": [20020,30004,20001],
        "goods_count": [35,12,200000],
        "is_permit": "",
        "is_passseason": "",
        "super": [1],
        "raw_token": 0,
        "pay_type": 1,
        "chargeback_goods": [],
        "primer": 1640,
        "price": 328,
        "daily_num": "10",
        "daily_index": "10100301",
        "h5_show_type": "2",
        "name": "新手礼包C",
        "tips": [1010,2],
        "pay_index": "1000901",
        "des": "购买后立即获得啤酒*35、可乐爽*5，之后还可每天领取100钻石，持续10天。 网页充值专享额外赠送328钻石",
        "path": "ui_mall_icon_xinshou3_png",
        "push_big_path": "ui_mall_icon_big_xinshoubig3_png",
        "info": "<color>r=235,g=208,b=118</color><text>恭喜您达到36级!铜钱礼包正式上架！</text>",
        "is_op": 0,
        "is_show_city": 1010,
        "city_path": "ui_mall_icon_xinshou3_png"
    },
    "102501": {
        "index": 102501,
        "sort": 32,
        "name_str": "中级礼包A",
        "is_new": 0,
        "gift_form": 5,
        "duration": 432000,
        "unpay_trigger_times": "",
        "unpay_trigger_duration": "",
        "trigger_charge_add": "",
        "limit_level": 0,
        "is_forever": 0,
        "buy_times": 1,
        "goods_id": [31002,30813,30812,139008],
        "goods_count": [1,10,10,1],
        "is_permit": "",
        "is_passseason": "",
        "super": [1],
        "raw_token": 0,
        "pay_type": 1,
        "chargeback_goods": [],
        "primer": 640,
        "price": 128,
        "daily_num": "5",
        "daily_index": "10250101",
        "h5_show_type": "2",
        "name": "中级礼包A",
        "tips": [1025,3],
        "pay_index": "1000701",
        "des": "购买后立即获得高级人偶*1、高级觉醒石*10、中级觉醒石*10、高级卡包*1，之后还可每天领取100钻石，持续5天。 网页充值专享额外赠送128钻石",
        "path": "ui_mall_icon_chuji1_png",
        "push_big_path": "ui_mall_icon_big_chujibig1_png",
        "info": "<color>r=235,g=208,b=118</color><text>恭喜您成为无双达人!特为您送上三日登录礼包！</text>",
        "is_op": 0,
        "is_show_city": 1025,
        "city_path": "ui_mall_icon_chuji3_png"
    },
    "102502": {
        "index": 102502,
        "sort": 33,
        "name_str": "中级礼包B",
        "is_new": 0,
        "gift_form": 5,
        "duration": 432000,
        "unpay_trigger_times": "",
        "unpay_trigger_duration": "",
        "trigger_charge_add": "",
        "limit_level": 0,
        "is_forever": 0,
        "buy_times": 1,
        "goods_id": [31002,30813,30812,139008],
        "goods_count": [2,30,20,3],
        "is_permit": "",
        "is_passseason": "",
        "super": [1],
        "raw_token": 0,
        "pay_type": 1,
        "chargeback_goods": [],
        "primer": 1640,
        "price": 328,
        "daily_num": "10",
        "daily_index": "10250201",
        "h5_show_type": "2",
        "name": "中级礼包B",
        "tips": [1025,3],
        "pay_index": "1000901",
        "des": "购买后立即获得高级人偶*2、高级觉醒石*30、中级觉醒石*20、高级卡包*3，之后还可每天领取100钻石，持续10天。 网页充值专享额外赠送328钻石",
        "path": "ui_mall_icon_chuji2_png",
        "push_big_path": "ui_mall_icon_big_chujibig2_png",
        "info": "<color>r=235,g=208,b=118</color><text>恭喜您成为无双达人!特为您送上三日登录礼包！</text>",
        "is_op": 0,
        "is_show_city": 1025,
        "city_path": "ui_mall_icon_chuji3_png"
    },
    "102503": {
        "index": 102503,
        "sort": 33,
        "name_str": "0",
        "is_new": 0,
        "gift_form": 5,
        "duration": 432000,
        "unpay_trigger_times": "",
        "unpay_trigger_duration": "",
        "trigger_charge_add": "",
        "limit_level": 0,
        "is_forever": 0,
        "buy_times": 1,
        "goods_id": [20022,20020,139008],
        "goods_count": [1,10,3],
        "is_permit": "",
        "is_passseason": "",
        "super": [1],
        "raw_token": 0,
        "pay_type": 1,
        "chargeback_goods": [],
        "primer": 1640,
        "price": 328,
        "daily_num": "",
        "daily_index": "",
        "h5_show_type": "2",
        "name": "中级礼包C",
        "tips": [1025,3],
        "pay_index": "1000901",
        "des": "",
        "path": "ui_mall_icon_chuji3_png",
        "push_big_path": "ui_mall_icon_big_chujibig3_png",
        "info": "<color>r=235,g=208,b=118</color><text>恭喜您成为无双达人!特为您送上三日登录礼包！</text>",
        "is_op": 0,
        "is_show_city": 1025,
        "city_path": "ui_mall_icon_chuji3_png"
    },
    "103501": {
        "index": 103501,
        "sort": 34,
        "name_str": "高级礼包A",
        "is_new": 0,
        "gift_form": 5,
        "duration": 604800,
        "unpay_trigger_times": "",
        "unpay_trigger_duration": "",
        "trigger_charge_add": "",
        "limit_level": 0,
        "is_forever": 0,
        "buy_times": 1,
        "goods_id": [139009,31002,20001],
        "goods_count": [1,1,100000],
        "is_permit": "",
        "is_passseason": "",
        "super": [1],
        "raw_token": 0,
        "pay_type": 1,
        "chargeback_goods": [],
        "primer": 990,
        "price": 328,
        "daily_num": "10",
        "daily_index": "10350101",
        "h5_show_type": "0",
        "name": "高级礼包A",
        "tips": [1035,2],
        "pay_index": "1000901",
        "des": "购买后立即获得超级卡包*1、高级人偶*1、金币*10w，之后还可每天领取100钻石，持续10天。 网页充值专享额外赠送328钻石",
        "path": "ui_mall_icon_zhongji1_png",
        "push_big_path": "ui_mall_icon_big_zhongjibig1_png",
        "info": "<color>r=235,g=208,b=118</color><text>恭喜您达到60级!武将重生礼包正式上架！</text>",
        "is_op": 0,
        "is_show_city": 1035,
        "city_path": "ui_mall_icon_zhongji2_png"
    },
    "103502": {
        "index": 103502,
        "sort": 35,
        "name_str": "高级礼包B",
        "is_new": 0,
        "gift_form": 5,
        "duration": 604800,
        "unpay_trigger_times": "",
        "unpay_trigger_duration": "",
        "trigger_charge_add": "",
        "limit_level": 0,
        "is_forever": 0,
        "buy_times": 1,
        "goods_id": [139009,31002,20001],
        "goods_count": [2,2,200000],
        "is_permit": "",
        "is_passseason": "",
        "super": [1],
        "raw_token": 0,
        "pay_type": 1,
        "chargeback_goods": [],
        "primer": 3240,
        "price": 648,
        "daily_num": "10",
        "daily_index": "10350201",
        "h5_show_type": "2",
        "name": "高级礼包B",
        "tips": [1035,2],
        "pay_index": "1001001",
        "des": "购买后立即获得超级卡包*2、高级人偶*2、金币*20w，之后还可每天领取150钻石，持续10天。 网页充值专享额外赠送648钻石",
        "path": "ui_mall_icon_zhongji2_png",
        "push_big_path": "ui_mall_icon_big_zhongjibig2_png",
        "info": "<color>r=235,g=208,b=118</color><text>恭喜您达到60级!高级铜钱礼包正式上架！</text>",
        "is_op": 0,
        "is_show_city": 1035,
        "city_path": "ui_mall_icon_zhongji3_png"
    },
    "103503": {
        "index": 103503,
        "sort": 35,
        "name_str": "0",
        "is_new": 0,
        "gift_form": 5,
        "duration": 604800,
        "unpay_trigger_times": "",
        "unpay_trigger_duration": "",
        "trigger_charge_add": "",
        "limit_level": 0,
        "is_forever": 0,
        "buy_times": 1,
        "goods_id": [20022,31002,139008],
        "goods_count": [1,2,5],
        "is_permit": "",
        "is_passseason": "",
        "super": [1],
        "raw_token": 0,
        "pay_type": 1,
        "chargeback_goods": [],
        "primer": 3240,
        "price": 648,
        "daily_num": "",
        "daily_index": "",
        "h5_show_type": "2",
        "name": "高级礼包C",
        "tips": [1035,2],
        "pay_index": "1001001",
        "des": "",
        "path": "ui_mall_icon_zhongji3_png",
        "push_big_path": "ui_mall_icon_big_zhongjibig3_png",
        "info": "<color>r=235,g=208,b=118</color><text>恭喜您达到60级!高级铜钱礼包正式上架！</text>",
        "is_op": 0,
        "is_show_city": 1035,
        "city_path": "ui_mall_icon_zhongji3_png"
    },
    "104501": {
        "index": 104501,
        "sort": 36,
        "name_str": "超级礼包A",
        "is_new": 0,
        "gift_form": 5,
        "duration": 604800,
        "unpay_trigger_times": "",
        "unpay_trigger_duration": "",
        "trigger_charge_add": "",
        "limit_level": 0,
        "is_forever": 0,
        "buy_times": 1,
        "goods_id": [139009,30506,20001],
        "goods_count": [1,50,100000],
        "is_permit": "",
        "is_passseason": "",
        "super": [1],
        "raw_token": 0,
        "pay_type": 1,
        "chargeback_goods": [],
        "primer": 1640,
        "price": 328,
        "daily_num": "10",
        "daily_index": "10450101",
        "h5_show_type": "0",
        "name": "超级礼包A",
        "tips": [1045,2],
        "pay_index": "1000901",
        "des": "购买后立即获得超级卡包*1、突破芯片*50，金币*10w，之后还可每天领取100钻石，持续10天。 网页充值专享额外赠送328钻石",
        "path": "ui_mall_icon_chaoji1_png",
        "push_big_path": "ui_mall_icon_big_chaojibig1_png",
        "info": "<color>r=235,g=208,b=118</color><text>恭喜您达到60级!武将重生礼包正式上架！</text>",
        "is_op": 0,
        "is_show_city": 1045,
        "city_path": "ui_mall_icon_chaoji1_png"
    },
    "104502": {
        "index": 104502,
        "sort": 37,
        "name_str": "超级礼包B",
        "is_new": 0,
        "gift_form": 5,
        "duration": 604800,
        "unpay_trigger_times": "",
        "unpay_trigger_duration": "",
        "trigger_charge_add": "",
        "limit_level": 0,
        "is_forever": 0,
        "buy_times": 1,
        "goods_id": [139009,30506,20001],
        "goods_count": [2,100,200000],
        "is_permit": "",
        "is_passseason": "",
        "super": [1],
        "raw_token": 0,
        "pay_type": 1,
        "chargeback_goods": [],
        "primer": 3240,
        "price": 648,
        "daily_num": "10",
        "daily_index": "10450201",
        "h5_show_type": "2",
        "name": "超级礼包B",
        "tips": [1045,2],
        "pay_index": "1001001",
        "des": "购买后立即获得超级卡包*2、突破芯片*100、金币*20w、超级卡包*2，之后还可每天领取150钻石，持续10天。 网页充值专享额外赠送648钻石",
        "path": "ui_mall_icon_chaoji2_png",
        "push_big_path": "ui_mall_icon_big_chaojibig2_png",
        "info": "<color>r=235,g=208,b=118</color><text>恭喜您达到60级!高级铜钱礼包正式上架！</text>",
        "is_op": 0,
        "is_show_city": 1045,
        "city_path": "ui_mall_icon_chaoji2_png"
    },
    "104503": {
        "index": 104503,
        "sort": 37,
        "name_str": "0",
        "is_new": 0,
        "gift_form": 5,
        "duration": 604800,
        "unpay_trigger_times": "",
        "unpay_trigger_duration": "",
        "trigger_charge_add": "",
        "limit_level": 0,
        "is_forever": 0,
        "buy_times": 1,
        "goods_id": [20021,31002,139009],
        "goods_count": [4,2,2],
        "is_permit": "",
        "is_passseason": "",
        "super": [1],
        "raw_token": 0,
        "pay_type": 1,
        "chargeback_goods": [],
        "primer": 3240,
        "price": 648,
        "daily_num": "",
        "daily_index": "",
        "h5_show_type": "2",
        "name": "超级礼包C",
        "tips": [1045,2],
        "pay_index": "1001001",
        "des": "",
        "path": "ui_mall_icon_chaoji2_png",
        "push_big_path": "ui_mall_icon_big_chaojibig2_png",
        "info": "<color>r=235,g=208,b=118</color><text>恭喜您达到60级!高级铜钱礼包正式上架！</text>",
        "is_op": 0,
        "is_show_city": 1045,
        "city_path": "ui_mall_icon_chaoji2_png"
    },
    "105501": {
        "index": 105501,
        "sort": 38,
        "name_str": "特级礼包A",
        "is_new": 0,
        "gift_form": 5,
        "duration": 604800,
        "unpay_trigger_times": "",
        "unpay_trigger_duration": "",
        "trigger_charge_add": "",
        "limit_level": 0,
        "is_forever": 0,
        "buy_times": 1,
        "goods_id": [138007,30506,20001],
        "goods_count": [10,50,100000],
        "is_permit": "",
        "is_passseason": "",
        "super": [1],
        "raw_token": 0,
        "pay_type": 1,
        "chargeback_goods": [],
        "primer": 1640,
        "price": 328,
        "daily_num": "10",
        "daily_index": "10550101",
        "h5_show_type": "1",
        "name": "特级礼包A",
        "tips": [1055,2],
        "pay_index": "1000901",
        "des": "购买后立即获得高级能量体礼盒*10、突破芯片*50、金币*10w，之后还可每天领取100钻石，持续10天。 网页充值专享额外赠送328钻石",
        "path": "ui_mall_icon_teji1_png",
        "push_big_path": "ui_mall_icon_big_tejibig1_png",
        "info": "<color>r=235,g=208,b=118</color><text>恭喜您达到60级!武将重生礼包正式上架！</text>",
        "is_op": 0,
        "is_show_city": 1055,
        "city_path": "ui_mall_icon_teji1_png"
    },
    "105502": {
        "index": 105502,
        "sort": 39,
        "name_str": "特级礼包B",
        "is_new": 0,
        "gift_form": 5,
        "duration": 604800,
        "unpay_trigger_times": "",
        "unpay_trigger_duration": "",
        "trigger_charge_add": "",
        "limit_level": 0,
        "is_forever": 0,
        "buy_times": 1,
        "goods_id": [138007,30506,20001],
        "goods_count": [20,100,200000],
        "is_permit": "",
        "is_passseason": "",
        "super": [1],
        "raw_token": 0,
        "pay_type": 1,
        "chargeback_goods": [],
        "primer": 3240,
        "price": 648,
        "daily_num": "10",
        "daily_index": "10550201",
        "h5_show_type": "1",
        "name": "特级礼包B",
        "tips": [1055,2],
        "pay_index": "1001001",
        "des": "购买后立即获得高级能量体礼盒*20、突破芯片*100，之后还可每天领取150钻石，持续10天。 网页充值专享额外赠送648钻石",
        "path": "ui_mall_icon_teji2_png",
        "push_big_path": "ui_mall_icon_big_tejibig2_png",
        "info": "<color>r=235,g=208,b=118</color><text>恭喜您达到60级!高级铜钱礼包正式上架！</text>",
        "is_op": 0,
        "is_show_city": 1055,
        "city_path": "ui_mall_icon_teji2_png"
    },
    "105503": {
        "index": 105503,
        "sort": 39,
        "name_str": "0",
        "is_new": 0,
        "gift_form": 5,
        "duration": 604800,
        "unpay_trigger_times": "",
        "unpay_trigger_duration": "",
        "trigger_charge_add": "",
        "limit_level": 0,
        "is_forever": 0,
        "buy_times": 1,
        "goods_id": [30506,20021,20006],
        "goods_count": [240,3,360],
        "is_permit": "",
        "is_passseason": "",
        "super": [1],
        "raw_token": 0,
        "pay_type": 1,
        "chargeback_goods": [],
        "primer": 3240,
        "price": 648,
        "daily_num": "",
        "daily_index": "",
        "h5_show_type": "1",
        "name": "特级礼包C",
        "tips": [1055,2],
        "pay_index": "1001001",
        "des": "",
        "path": "ui_mall_icon_teji2_png",
        "push_big_path": "ui_mall_icon_big_tejibig2_png",
        "info": "<color>r=235,g=208,b=118</color><text>恭喜您达到60级!高级铜钱礼包正式上架！</text>",
        "is_op": 0,
        "is_show_city": 1055,
        "city_path": "ui_mall_icon_teji2_png"
    },
    "105504": {
        "index": 105504,
        "sort": 40,
        "name_str": "念力礼包",
        "is_new": 201,
        "gift_form": 4,
        "duration": 0,
        "unpay_trigger_times": "",
        "unpay_trigger_duration": "",
        "trigger_charge_add": "",
        "limit_level": 0,
        "is_forever": 0,
        "buy_times": 10,
        "goods_id": [20006,30003,20001],
        "goods_count": [200,3,30000],
        "is_permit": "",
        "is_passseason": "",
        "super": [0],
        "raw_token": 0,
        "pay_type": 2,
        "chargeback_goods": [],
        "primer": 1500,
        "price": 1500,
        "daily_num": "",
        "daily_index": "",
        "h5_show_type": "0",
        "name": "念力礼包",
        "tips": [0,2],
        "pay_index": "",
        "des": "购买后立即获得念力果*200，柳橙汁*3，金币*30000",
        "path": "ui_mall_icon_nianlizhou_png",
        "push_big_path": "ui_mall_icon_dengji1_png",
        "info": "<color>r=235,g=208,b=118</color><text>恭喜您达到65级!高级铜钱礼包正式上架！</text>",
        "is_op": 0,
        "is_show_city": 0,
        "city_path": "ui_mall_icon_nianlizhou_png"
    },
    "100201": {
        "index": 100201,
        "sort": 998,
        "name_str": "啤酒礼包",
        "is_new": 0,
        "gift_form": 2,
        "duration": 0,
        "unpay_trigger_times": "",
        "unpay_trigger_duration": "",
        "trigger_charge_add": "",
        "limit_level": 0,
        "is_forever": 0,
        "buy_times": 999,
        "goods_id": [20020,30003,20001],
        "goods_count": [10,3,30000],
        "is_permit": "",
        "is_passseason": "",
        "super": [0],
        "raw_token": 0,
        "pay_type": 2,
        "chargeback_goods": [],
        "primer": 1800,
        "price": 1800,
        "daily_num": "",
        "daily_index": "",
        "h5_show_type": "0",
        "name": "啤酒礼包",
        "tips": [0,2],
        "pay_index": "",
        "des": "啤酒礼包",
        "path": "ui_mall_icon_putongpijiu_png",
        "push_big_path": "ui_mall_icon_dengji1_png",
        "info": "<color>r=235,g=208,b=118</color><text>恭喜您达到60级!高级铜钱礼包正式上架！</text>",
        "is_op": 0,
        "is_show_city": 0,
        "city_path": "ui_mall_icon_putongpijiu_png"
    },
    "100202": {
        "index": 100202,
        "sort": 999,
        "name_str": "超值啤酒礼包",
        "is_new": 0,
        "gift_form": 1,
        "duration": 172800,
        "unpay_trigger_times": "",
        "unpay_trigger_duration": "",
        "trigger_charge_add": "",
        "limit_level": 0,
        "is_forever": 0,
        "buy_times": 2,
        "goods_id": [20020,30003,20001],
        "goods_count": [10,3,30000],
        "is_permit": "",
        "is_passseason": "",
        "super": [0],
        "raw_token": 0,
        "pay_type": 2,
        "chargeback_goods": [],
        "primer": 2000,
        "price": 1600,
        "daily_num": "",
        "daily_index": "",
        "h5_show_type": "0",
        "name": "超值啤酒礼包",
        "tips": [0,2],
        "pay_index": "",
        "des": "超值啤酒礼包",
        "path": "ui_mall_icon_putongpijiu_png",
        "push_big_path": "ui_mall_icon_dengji1_png",
        "info": "<color>r=235,g=208,b=118</color><text>恭喜您达到60级!高级铜钱礼包正式上架！</text>",
        "is_op": 999,
        "is_show_city": 0,
        "city_path": "ui_mall_icon_putongpijiu_png"
    },
    "100203": {
        "index": 100203,
        "sort": 5,
        "name_str": "初级月卡",
        "is_new": 0,
        "gift_form": 5,
        "duration": 0,
        "unpay_trigger_times": "",
        "unpay_trigger_duration": "",
        "trigger_charge_add": "",
        "limit_level": 0,
        "is_forever": 1,
        "buy_times": 100,
        "goods_id": [30453,20020,30003],
        "goods_count": [1,1,30],
        "is_permit": "1",
        "is_passseason": "",
        "super": [1],
        "raw_token": 600,
        "pay_type": 1,
        "chargeback_goods": [],
        "primer": 150,
        "price": 30,
        "daily_num": "30",
        "daily_index": "10020401",
        "h5_show_type": "1",
        "name": "初级月卡",
        "tips": [0,2],
        "pay_index": "1000401",
        "des": "购买后立即获得钻石*600、龙虾*1、柳橙汁*10，之后还可每天领取100钻石，持续30天。 网页充值专享额外赠送30钻石",
        "path": "ui_mall_icon_yueka1_png",
        "push_big_path": "ui_mall_icon_big_yuekabig1_png",
        "info": "<color>r=235,g=208,b=118</color><text>恭喜您达到60级!高级铜钱礼包正式上架！</text>",
        "is_op": 0,
        "is_show_city": 0,
        "city_path": "ui_mall_icon_yueka1_png"
    },
    "100204": {
        "index": 100204,
        "sort": 6,
        "name_str": "高级月卡",
        "is_new": 0,
        "gift_form": 5,
        "duration": 0,
        "unpay_trigger_times": "",
        "unpay_trigger_duration": "",
        "trigger_charge_add": "",
        "limit_level": 0,
        "is_forever": 1,
        "buy_times": 100,
        "goods_id": [30453,20020,30003],
        "goods_count": [2,3,60],
        "is_permit": "1",
        "is_passseason": "",
        "super": [1],
        "raw_token": 1000,
        "pay_type": 1,
        "chargeback_goods": [],
        "primer": 640,
        "price": 98,
        "daily_num": "30",
        "daily_index": "10020501",
        "h5_show_type": "1",
        "name": "高级月卡",
        "tips": [0,2],
        "pay_index": "1000601",
        "des": "购买后立即获得钻石*1000、龙虾*3、啤酒*3、柳橙汁*50，之后还可每天领取300钻石，持续30天。 网页充值专享额外赠送128钻石",
        "path": "ui_mall_icon_yueka_png",
        "push_big_path": "ui_mall_icon_big_yuekabig_png",
        "info": "<color>r=235,g=208,b=118</color><text>恭喜您达到60级!高级铜钱礼包正式上架！</text>",
        "is_op": 0,
        "is_show_city": 0,
        "city_path": "ui_mall_icon_yueka_png"
    },
    "100205": {
        "index": 100205,
        "sort": 7,
        "name_str": "新人啤酒特惠",
        "is_new": 0,
        "gift_form": 1,
        "duration": 2592000,
        "unpay_trigger_times": "",
        "unpay_trigger_duration": "",
        "trigger_charge_add": "",
        "limit_level": 0,
        "is_forever": 0,
        "buy_times": 1,
        "goods_id": [20020,30003,20001],
        "goods_count": [12,50,100000],
        "is_permit": "",
        "is_passseason": "",
        "super": [0],
        "raw_token": 0,
        "pay_type": 1,
        "chargeback_goods": [],
        "primer": 340,
        "price": 68,
        "daily_num": "",
        "daily_index": "",
        "h5_show_type": "1",
        "name": "新人啤酒特惠",
        "tips": [0,2],
        "pay_index": "1000501",
        "des": "购买后可获得啤酒12、柳橙汁*20、金币*10万。 网页充值专享额外赠送68钻石",
        "path": "ui_mall_icon_zhaohuanzhou_png",
        "push_big_path": "ui_mall_icon_dengji1_png",
        "info": "<color>r=235,g=208,b=118</color><text>恭喜您达到60级!高级铜钱礼包正式上架！</text>",
        "is_op": 0,
        "is_show_city": 0,
        "city_path": "ui_mall_icon_zhaohuanzhou_png"
    },
    "100206": {
        "index": 100206,
        "sort": 7,
        "name_str": "0",
        "is_new": 0,
        "gift_form": 4,
        "duration": 0,
        "unpay_trigger_times": "",
        "unpay_trigger_duration": "",
        "trigger_charge_add": "",
        "limit_level": 0,
        "is_forever": 0,
        "buy_times": 10,
        "goods_id": [20020,30004,20001],
        "goods_count": [11,3,100000],
        "is_permit": "",
        "is_passseason": "",
        "super": [0],
        "raw_token": 1000,
        "pay_type": 1,
        "chargeback_goods": [],
        "primer": 990,
        "price": 198,
        "daily_num": "",
        "daily_index": "",
        "h5_show_type": "0",
        "name": "招募礼包A",
        "tips": [0,2],
        "pay_index": "1000801",
        "des": "购买后可获得钻石*1000、啤酒*11、可乐爽*3、金币*10w。 网页充值专享额外赠送198钻石",
        "path": "ui_mall_icon_zhaohuanzhou1_png",
        "push_big_path": "ui_mall_icon_dengji1_png",
        "info": "<color>r=235,g=208,b=118</color><text>恭喜您达到60级!高级铜钱礼包正式上架！</text>",
        "is_op": 0,
        "is_show_city": 0,
        "city_path": "ui_mall_icon_zhaohuanzhou_png"
    },
    "100207": {
        "index": 100207,
        "sort": 8,
        "name_str": "0",
        "is_new": 0,
        "gift_form": 4,
        "duration": 0,
        "unpay_trigger_times": "",
        "unpay_trigger_duration": "",
        "trigger_charge_add": "",
        "limit_level": 0,
        "is_forever": 0,
        "buy_times": 10,
        "goods_id": [20020,30004,20001],
        "goods_count": [36,10,300000],
        "is_permit": "",
        "is_passseason": "",
        "super": [0],
        "raw_token": 3000,
        "pay_type": 1,
        "chargeback_goods": [],
        "primer": 3240,
        "price": 648,
        "daily_num": "",
        "daily_index": "",
        "h5_show_type": "2",
        "name": "招募礼包B",
        "tips": [0,2],
        "pay_index": "1001001",
        "des": "购买后可获得钻石*3000、啤酒*36、可乐爽*10、金币*30w。 网页充值专享额外赠送648钻石",
        "path": "ui_mall_icon_zongheri_png",
        "push_big_path": "ui_mall_icon_dengji1_png",
        "info": "<color>r=235,g=208,b=118</color><text>恭喜您达到60级!高级铜钱礼包正式上架！</text>",
        "is_op": 0,
        "is_show_city": 0,
        "city_path": "ui_mall_icon_zongheri_png"
    },
    "100208": {
        "index": 100208,
        "sort": 1,
        "name_str": "0",
        "is_new": 0,
        "gift_form": 5,
        "duration": 0,
        "unpay_trigger_times": "",
        "unpay_trigger_duration": "",
        "trigger_charge_add": "",
        "limit_level": 0,
        "is_forever": 1,
        "buy_times": 1,
        "goods_id": [20020,30003,20001],
        "goods_count": [1,5,50000],
        "is_permit": "",
        "is_passseason": "",
        "super": [1],
        "raw_token": 300,
        "pay_type": 1,
        "chargeback_goods": [],
        "primer": 150,
        "price": 30,
        "daily_num": "7",
        "daily_index": "10020801",
        "h5_show_type": "1",
        "name": "萌新周卡",
        "tips": [0,2],
        "pay_index": "1000301",
        "des": "购买后立即获得钻石*100、啤酒*1、金币*5w、柳橙汁*10，之后还可每天领啤酒*1，体力*30，柳橙汁*5，持续7天。 网页充值专享额外赠送6钻石",
        "path": "ui_mall_icon_mengxinzhouka_png",
        "push_big_path": "ui_mall_fresh_IconFresh_png",
        "info": "<color>r=235,g=208,b=118</color><text>恭喜您达到60级!高级铜钱礼包正式上架！</text>",
        "is_op": 0,
        "is_show_city": 0,
        "city_path": "ui_mall_icon_yueka1_png"
    },
    "100209": {
        "index": 100209,
        "sort": 1,
        "name_str": "0",
        "is_new": 0,
        "gift_form": 5,
        "duration": 0,
        "unpay_trigger_times": "",
        "unpay_trigger_duration": "",
        "trigger_charge_add": "",
        "limit_level": 0,
        "is_forever": 1,
        "buy_times": 1,
        "goods_id": [20021,30004,20001],
        "goods_count": [1,5,100000],
        "is_permit": "",
        "is_passseason": "",
        "super": [1],
        "raw_token": 300,
        "pay_type": 1,
        "chargeback_goods": [],
        "primer": 640,
        "price": 30,
        "daily_num": "7",
        "daily_index": "10020901",
        "h5_show_type": "1",
        "name": "超值周卡",
        "tips": [0,2],
        "pay_index": "1000401",
        "des": "购买后立即获得钻石*300，红酒*1，可乐爽*5、金币*10w，之后还可每天领取100钻石、啤酒*1、金币*10w、龙虾大餐*1，持续7天。 网页充值专享额外赠送30钻石",
        "path": "ui_mall_icon_chaozhizhouka_png",
        "push_big_path": "ui_mall_fresh_IconFresh1_png",
        "info": "<color>r=235,g=208,b=118</color><text>恭喜您达到60级!高级铜钱礼包正式上架！</text>",
        "is_op": 0,
        "is_show_city": 0,
        "city_path": "ui_mall_icon_yueka_png"
    },
    "101501": {
        "index": 101501,
        "sort": 13,
        "name_str": "觉醒礼包",
        "is_new": 0,
        "gift_form": 4,
        "duration": 0,
        "unpay_trigger_times": "",
        "unpay_trigger_duration": "",
        "trigger_charge_add": "",
        "limit_level": 0,
        "is_forever": 0,
        "buy_times": 10,
        "goods_id": [31002,30813,30812],
        "goods_count": [1,10,10],
        "is_permit": "",
        "is_passseason": "",
        "super": [0],
        "raw_token": 1000,
        "pay_type": 1,
        "chargeback_goods": [],
        "primer": 990,
        "price": 198,
        "daily_num": "",
        "daily_index": "",
        "h5_show_type": "2",
        "name": "觉醒礼包",
        "tips": [0,2],
        "pay_index": "1000801",
        "des": "购买后可获得钻石*1000、高级替身玩偶*1、高级觉醒石*10、中级觉醒石*10。 网页充值专享额外赠送198钻石",
        "path": "ui_mall_icon_juexing2_png",
        "push_big_path": "ui_mall_icon_dengji1_png",
        "info": "<color>r=235,g=208,b=118</color><text>恭喜您达到61级!高级铜钱礼包正式上架！</text>",
        "is_op": 0,
        "is_show_city": 0,
        "city_path": "ui_mall_icon_juexing2_png"
    },
    "101503": {
        "index": 101503,
        "sort": 11,
        "name_str": "招募礼包A",
        "is_new": 0,
        "gift_form": 4,
        "duration": 0,
        "unpay_trigger_times": "",
        "unpay_trigger_duration": "",
        "trigger_charge_add": "",
        "limit_level": 0,
        "is_forever": 0,
        "buy_times": 10,
        "goods_id": [20020,30004,20001],
        "goods_count": [11,3,100000],
        "is_permit": "",
        "is_passseason": "",
        "super": [0],
        "raw_token": 1000,
        "pay_type": 1,
        "chargeback_goods": [],
        "primer": 990,
        "price": 198,
        "daily_num": "",
        "daily_index": "",
        "h5_show_type": "0",
        "name": "招募礼包A",
        "tips": [0,2],
        "pay_index": "1000801",
        "des": "购买后可获得钻石*1000、啤酒*11、可乐爽*3、金币*10w。 网页充值专享额外赠送198钻石",
        "path": "ui_mall_icon_zhaohuanzhou1_png",
        "push_big_path": "ui_mall_icon_dengji1_png",
        "info": "<color>r=235,g=208,b=118</color><text>恭喜您达到60级!高级铜钱礼包正式上架！</text>",
        "is_op": 0,
        "is_show_city": 0,
        "city_path": "ui_mall_icon_zhaohuanzhou_png"
    },
    "101504": {
        "index": 101504,
        "sort": 12,
        "name_str": "招募礼包B",
        "is_new": 0,
        "gift_form": 4,
        "duration": 0,
        "unpay_trigger_times": "",
        "unpay_trigger_duration": "",
        "trigger_charge_add": "",
        "limit_level": 0,
        "is_forever": 0,
        "buy_times": 10,
        "goods_id": [20020,30004,20001],
        "goods_count": [36,10,300000],
        "is_permit": "",
        "is_passseason": "",
        "super": [0],
        "raw_token": 3000,
        "pay_type": 1,
        "chargeback_goods": [],
        "primer": 3240,
        "price": 648,
        "daily_num": "",
        "daily_index": "",
        "h5_show_type": "2",
        "name": "招募礼包B",
        "tips": [0,2],
        "pay_index": "1001001",
        "des": "购买后可获得钻石*3000、啤酒*36、可乐爽*10、金币*30w。 网页充值专享额外赠送648钻石",
        "path": "ui_mall_icon_zongheri_png",
        "push_big_path": "ui_mall_icon_dengji1_png",
        "info": "<color>r=235,g=208,b=118</color><text>恭喜您达到60级!高级铜钱礼包正式上架！</text>",
        "is_op": 0,
        "is_show_city": 0,
        "city_path": "ui_mall_icon_zongheri_png"
    },
    "101505": {
        "index": 101505,
        "sort": 8,
        "name_str": "新人觉醒特惠",
        "is_new": 0,
        "gift_form": 1,
        "duration": 1728000,
        "unpay_trigger_times": "",
        "unpay_trigger_duration": "",
        "trigger_charge_add": "",
        "limit_level": 0,
        "is_forever": 0,
        "buy_times": 1,
        "goods_id": [31002,30003,20001],
        "goods_count": [1,50,100000],
        "is_permit": "",
        "is_passseason": "",
        "super": [0],
        "raw_token": 0,
        "pay_type": 1,
        "chargeback_goods": [],
        "primer": 340,
        "price": 68,
        "daily_num": "",
        "daily_index": "",
        "h5_show_type": "1",
        "name": "新人觉醒特惠",
        "tips": [0,2],
        "pay_index": "1000501",
        "des": "购买后可获得高级替身人偶*1、柳橙汁*20、金币*10w。 网页充值专享额外赠送68钻石",
        "path": "ui_mall_icon_juexing1_png",
        "push_big_path": "ui_mall_icon_dengji1_png",
        "info": "<color>r=235,g=208,b=118</color><text>恭喜您达到60级!高级铜钱礼包正式上架！</text>",
        "is_op": 0,
        "is_show_city": 0,
        "city_path": "ui_mall_icon_juexing1_png"
    },
    "101506": {
        "index": 101506,
        "sort": 14,
        "name_str": "突破礼包",
        "is_new": 0,
        "gift_form": 4,
        "duration": 0,
        "unpay_trigger_times": "",
        "unpay_trigger_duration": "",
        "trigger_charge_add": "",
        "limit_level": 0,
        "is_forever": 0,
        "buy_times": 6,
        "goods_id": [30506,10059,20001],
        "goods_count": [60,1,100000],
        "is_permit": "",
        "is_passseason": "",
        "super": [0],
        "raw_token": 1000,
        "pay_type": 1,
        "chargeback_goods": [],
        "primer": 990,
        "price": 198,
        "daily_num": "",
        "daily_index": "",
        "h5_show_type": "2",
        "name": "突破礼包",
        "tips": [0,2],
        "pay_index": "1000801",
        "des": "购买后可获得钻石*1000、突破芯片*60、4星蘑菇*1、金币*10万。网页充值专享额外赠送198钻石",
        "path": "ui_mall_icon_xinpian1_png",
        "push_big_path": "ui_mall_icon_dengji1_png",
        "info": "<color>r=235,g=208,b=118</color><text>恭喜您达到65级!高级铜钱礼包正式上架！</text>",
        "is_op": 0,
        "is_show_city": 0,
        "city_path": "ui_mall_icon_xinpian1_png"
    },
    "101507": {
        "index": 101507,
        "sort": 18,
        "name_str": "信长来袭",
        "is_new": 0,
        "gift_form": 1,
        "duration": 86400,
        "unpay_trigger_times": "",
        "unpay_trigger_duration": "",
        "trigger_charge_add": "",
        "limit_level": 0,
        "is_forever": 0,
        "buy_times": 1,
        "goods_id": [10028,180028,20002,20020,20001],
        "goods_count": [1,1,3280,15,500000],
        "is_permit": "",
        "is_passseason": "",
        "super": [0],
        "raw_token": 3280,
        "pay_type": 1,
        "chargeback_goods": [],
        "primer": 1640,
        "price": 328,
        "daily_num": "",
        "daily_index": "",
        "h5_show_type": "2",
        "name": "信长来袭",
        "tips": [0,2],
        "pay_index": "1000901",
        "des": "购买后可获得S猎人-信长*1，信长皮肤*1，钻石*3280、啤酒*15、金币*50万。 网页充值专享额外赠送198钻石",
        "path": "ui_mall_icon_shizhuang_png",
        "push_big_path": "ui_mall_icon_dengji1_png",
        "info": "<color>r=235,g=208,b=118</color><text>恭喜您达到64级!高级铜钱礼包正式上架！</text>",
        "is_op": 0,
        "is_show_city": 0,
        "city_path": "ui_mall_icon_shizhuang_png"
    },
    "102504": {
        "index": 102504,
        "sort": 9,
        "name_str": "加油包A",
        "is_new": 0,
        "gift_form": 2,
        "duration": 0,
        "unpay_trigger_times": "",
        "unpay_trigger_duration": "",
        "trigger_charge_add": "",
        "limit_level": 0,
        "is_forever": 0,
        "buy_times": 1,
        "goods_id": [30004,30452,20001],
        "goods_count": [3,1,100000],
        "is_permit": "",
        "is_passseason": "",
        "super": [0],
        "raw_token": 120,
        "pay_type": 1,
        "chargeback_goods": [],
        "primer": 30,
        "price": 6,
        "daily_num": "",
        "daily_index": "",
        "h5_show_type": "1",
        "name": "加油包A",
        "tips": [0,2],
        "pay_index": "1000301",
        "des": "购买后可获得钻石*120、可乐爽*3、烤肉*1、金币*10万。 网页充值专享额外赠送6钻石",
        "path": "ui_mall_icon_jiayou1_png",
        "push_big_path": "ui_mall_icon_dengji1_png",
        "info": "<color>r=235,g=208,b=118</color><text>恭喜您达到64级!高级铜钱礼包正式上架！</text>",
        "is_op": 0,
        "is_show_city": 0,
        "city_path": "ui_mall_icon_jiayou_png"
    },
    "102505": {
        "index": 102505,
        "sort": 10,
        "name_str": "加油包B",
        "is_new": 0,
        "gift_form": 4,
        "duration": 0,
        "unpay_trigger_times": "",
        "unpay_trigger_duration": "",
        "trigger_charge_add": "",
        "limit_level": 0,
        "is_forever": 0,
        "buy_times": 1,
        "goods_id": [31102,30453,20001],
        "goods_count": [5,1,300000],
        "is_permit": "",
        "is_passseason": "",
        "super": [0],
        "raw_token": 300,
        "pay_type": 1,
        "chargeback_goods": [],
        "primer": 150,
        "price": 30,
        "daily_num": "",
        "daily_index": "",
        "h5_show_type": "1",
        "name": "加油包B",
        "tips": [0,2],
        "pay_index": "1000401",
        "des": "购买后可获得钻石*300、高级人偶碎片*5、龙虾*1、金币*30万。 网页充值专享额外赠送30钻石",
        "path": "ui_mall_icon_jiayou2_png",
        "push_big_path": "ui_mall_icon_dengji1_png",
        "info": "<color>r=235,g=208,b=118</color><text>恭喜您达到64级!高级铜钱礼包正式上架！</text>",
        "is_op": 0,
        "is_show_city": 0,
        "city_path": "ui_mall_icon_jiayou_png"
    },
    "102506": {
        "index": 102506,
        "sort": 15,
        "name_str": "金币礼包",
        "is_new": 0,
        "gift_form": 4,
        "duration": 0,
        "unpay_trigger_times": "",
        "unpay_trigger_duration": "",
        "trigger_charge_add": "",
        "limit_level": 0,
        "is_forever": 0,
        "buy_times": 20,
        "goods_id": [20001,30004],
        "goods_count": [1200000,5],
        "is_permit": "",
        "is_passseason": "",
        "super": [0],
        "raw_token": 500,
        "pay_type": 1,
        "chargeback_goods": [],
        "primer": 340,
        "price": 68,
        "daily_num": "",
        "daily_index": "",
        "h5_show_type": "2",
        "name": "金币礼包",
        "tips": [0,2],
        "pay_index": "1000501",
        "des": "购买后可获得钻石*500、金币*120w、可乐爽*5。 网页充值专享额外赠送68钻石",
        "path": "ui_mall_icon_jinbizhou_png",
        "push_big_path": "ui_mall_icon_dengji1_png",
        "info": "<color>r=235,g=208,b=118</color><text>恭喜您达到63级!高级铜钱礼包正式上架！</text>",
        "is_op": 0,
        "is_show_city": 0,
        "city_path": "ui_mall_icon_jinbizhou_png"
    },
    "102507": {
        "index": 102507,
        "sort": 16,
        "name_str": "经验礼包",
        "is_new": 171,
        "gift_form": 4,
        "duration": 0,
        "unpay_trigger_times": "",
        "unpay_trigger_duration": "",
        "trigger_charge_add": "",
        "limit_level": 0,
        "is_forever": 0,
        "buy_times": 20,
        "goods_id": [30004,30003,20001],
        "goods_count": [20,30,100000],
        "is_permit": "",
        "is_passseason": "",
        "super": [0],
        "raw_token": 300,
        "pay_type": 1,
        "chargeback_goods": [],
        "primer": 150,
        "price": 30,
        "daily_num": "",
        "daily_index": "",
        "h5_show_type": "0",
        "name": "经验礼包",
        "tips": [0,2],
        "pay_index": "1000401",
        "des": "购买后可获得钻石*300、可乐爽*20、柳橙汁*20、金币*10万。 网页充值专享额外赠送30钻石",
        "path": "ui_mall_icon_jingyan_png",
        "push_big_path": "ui_mall_icon_dengji1_png",
        "info": "<color>r=235,g=208,b=118</color><text>恭喜您达到62级!高级铜钱礼包正式上架！</text>",
        "is_op": 0,
        "is_show_city": 0,
        "city_path": "ui_mall_icon_jingyan_png"
    },
    "102508": {
        "index": 102508,
        "sort": 8,
        "name_str": "新人养成特惠",
        "is_new": 172,
        "gift_form": 1,
        "duration": 1728000,
        "unpay_trigger_times": "",
        "unpay_trigger_duration": "",
        "trigger_charge_add": "",
        "limit_level": 0,
        "is_forever": 0,
        "buy_times": 1,
        "goods_id": [30004,20001,10059],
        "goods_count": [50,300000,1],
        "is_permit": "",
        "is_passseason": "",
        "super": [0],
        "raw_token": 0,
        "pay_type": 1,
        "chargeback_goods": [],
        "primer": 150,
        "price": 30,
        "daily_num": "",
        "daily_index": "",
        "h5_show_type": "1",
        "name": "新人养成特惠",
        "tips": [0,2],
        "pay_index": "1000401",
        "des": "购买后可获得可乐爽*50、金币*30万,4星蘑菇*1。 网页充值专享额外赠送30钻石",
        "path": "ui_mall_icon_yangcheng_png",
        "push_big_path": "ui_mall_icon_dengji1_png",
        "info": "<color>r=235,g=208,b=118</color><text>恭喜您达到62级!高级铜钱礼包正式上架！</text>",
        "is_op": 0,
        "is_show_city": 0,
        "city_path": "ui_mall_icon_yangcheng_png"
    },
    "400601": {
        "index": 400601,
        "sort": 20,
        "name_str": "六星福利",
        "is_new": 0,
        "gift_form": 3,
        "duration": 604800,
        "unpay_trigger_times": "",
        "unpay_trigger_duration": "",
        "trigger_charge_add": "",
        "limit_level": 0,
        "is_forever": 0,
        "buy_times": 1,
        "goods_id": [20001],
        "goods_count": [1],
        "is_permit": "",
        "is_passseason": "",
        "super": [0],
        "raw_token": 0,
        "pay_type": 3,
        "chargeback_goods": [],
        "primer": 0,
        "price": 0,
        "daily_num": "5",
        "daily_index": "40060101",
        "h5_show_type": "0",
        "name": "六星福利",
        "tips": [4,3],
        "pay_index": "",
        "des": "六星福利",
        "path": "ui_mall_icon_shengxing_png",
        "push_big_path": "ui_mall_icon_dengji1_png",
        "info": "<color>r=235,g=208,b=118</color><text>恭喜您达到68级!高级铜钱礼包正式上架！</text>",
        "is_op": 0,
        "is_show_city": 0,
        "city_path": "ui_mall_icon_shengxing_png"
    },
    "200501": {
        "index": 200501,
        "sort": 21,
        "name_str": "回归礼包",
        "is_new": 0,
        "gift_form": 3,
        "duration": 604800,
        "unpay_trigger_times": "",
        "unpay_trigger_duration": "",
        "trigger_charge_add": "",
        "limit_level": 0,
        "is_forever": 0,
        "buy_times": 1,
        "goods_id": [20001],
        "goods_count": [1],
        "is_permit": "",
        "is_passseason": "",
        "super": [0],
        "raw_token": 0,
        "pay_type": 3,
        "chargeback_goods": [],
        "primer": 0,
        "price": 0,
        "daily_num": "5",
        "daily_index": "20050101",
        "h5_show_type": "0",
        "name": "回归礼包",
        "tips": [0,4],
        "pay_index": "",
        "des": "回归礼包",
        "path": "ui_mall_icon_huigui_png",
        "push_big_path": "ui_mall_icon_dengji1_png",
        "info": "<color>r=235,g=208,b=118</color><text>恭喜您达到69级!高级铜钱礼包正式上架！</text>",
        "is_op": 0,
        "is_show_city": 0,
        "city_path": "ui_mall_icon_huigui_png"
    },
    "600001": {
        "index": 600001,
        "sort": 1,
        "name_str": "星耀福利礼包A",
        "is_new": 0,
        "gift_form": 1,
        "duration": 50000000,
        "unpay_trigger_times": "",
        "unpay_trigger_duration": "",
        "trigger_charge_add": "",
        "limit_level": 0,
        "is_forever": 1,
        "buy_times": 1,
        "goods_id": [139008,30453,20001],
        "goods_count": [3,1,100000],
        "is_permit": "",
        "is_passseason": "",
        "super": [1],
        "raw_token": 0,
        "pay_type": 2,
        "chargeback_goods": [],
        "primer": 980,
        "price": 980,
        "daily_num": "",
        "daily_index": "",
        "h5_show_type": "3",
        "name": "星耀福利礼包A",
        "tips": [0,2],
        "pay_index": "",
        "des": "购买后可立即获得高级卡包*3、龙虾大餐*1、金币*10万",
        "path": "ui_mall_icon_fulitongyong_png",
        "push_big_path": "ui_mall_icon_dengji1_png",
        "info": "<color>r=235,g=208,b=118</color><text>恭喜您达到70级!高级铜钱礼包正式上架！</text>",
        "is_op": 2,
        "is_show_city": 0,
        "city_path": "ui_mall_icon_zhuanxiang_png"
    },
    "600002": {
        "index": 600002,
        "sort": 2,
        "name_str": "星耀特惠礼包A",
        "is_new": 0,
        "gift_form": 1,
        "duration": 50000000,
        "unpay_trigger_times": "",
        "unpay_trigger_duration": "",
        "trigger_charge_add": "",
        "limit_level": 0,
        "is_forever": 1,
        "buy_times": 1,
        "goods_id": [139009,31002],
        "goods_count": [1,1],
        "is_permit": "",
        "is_passseason": "",
        "super": [1],
        "raw_token": 1500,
        "pay_type": 1,
        "chargeback_goods": [],
        "primer": 1640,
        "price": 328,
        "daily_num": "",
        "daily_index": "",
        "h5_show_type": "3",
        "name": "星耀特惠礼包A",
        "tips": [0,2],
        "pay_index": "1000901",
        "des": "购买后可立即获得1500钻石、超级卡包*1、高级人偶*1。网页充值专享额外赠送328钻石",
        "path": "ui_mall_icon_zhuanxiang1_png",
        "push_big_path": "ui_mall_icon_dengji1_png",
        "info": "<color>r=235,g=208,b=118</color><text>恭喜您达到70级!高级铜钱礼包正式上架！</text>",
        "is_op": 2,
        "is_show_city": 0,
        "city_path": "ui_mall_icon_zhuanxiang_png"
    },
    "600003": {
        "index": 600003,
        "sort": 12,
        "name_str": "专享礼包A",
        "is_new": 0,
        "gift_form": 4,
        "duration": 0,
        "unpay_trigger_times": "",
        "unpay_trigger_duration": "",
        "trigger_charge_add": "",
        "limit_level": 0,
        "is_forever": 0,
        "buy_times": 10,
        "goods_id": [139009,20020,20001],
        "goods_count": [1,5,300000],
        "is_permit": "",
        "is_passseason": "",
        "super": [1],
        "raw_token": 3000,
        "pay_type": 1,
        "chargeback_goods": [],
        "primer": 3240,
        "price": 648,
        "daily_num": "",
        "daily_index": "",
        "h5_show_type": "3",
        "name": "专享礼包A",
        "tips": [0,2],
        "pay_index": "1001001",
        "des": "购买后可立即获得3000钻石、超级卡包*1、啤酒*5、金币*30万。网页充值专享额外赠送648钻石",
        "path": "ui_mall_icon_zhuanxiang_png",
        "push_big_path": "ui_mall_icon_dengji1_png",
        "info": "<color>r=235,g=208,b=118</color><text>恭喜您达到71级!高级铜钱礼包正式上架！</text>",
        "is_op": 2,
        "is_show_city": 0,
        "city_path": "ui_mall_icon_zhuanxiang_png"
    },
    "600004": {
        "index": 600004,
        "sort": 13,
        "name_str": "专享礼包B",
        "is_new": 0,
        "gift_form": 4,
        "duration": 0,
        "unpay_trigger_times": "",
        "unpay_trigger_duration": "",
        "trigger_charge_add": "",
        "limit_level": 0,
        "is_forever": 0,
        "buy_times": 10,
        "goods_id": [30506,20020,20001],
        "goods_count": [200,5,300000],
        "is_permit": "",
        "is_passseason": "",
        "super": [0],
        "raw_token": 3000,
        "pay_type": 1,
        "chargeback_goods": [],
        "primer": 3240,
        "price": 648,
        "daily_num": "",
        "daily_index": "",
        "h5_show_type": "2",
        "name": "专享礼包B",
        "tips": [0,2],
        "pay_index": "1001001",
        "des": "购买后可获得钻石*3000、突破芯片*200、啤酒*5、金币*30万。网页充值专享额外赠送648钻石",
        "path": "ui_mall_icon_xinpian2_png",
        "push_big_path": "ui_mall_icon_dengji1_png",
        "info": "<color>r=235,g=208,b=118</color><text>恭喜您达到66级!高级铜钱礼包正式上架！</text>",
        "is_op": 0,
        "is_show_city": 0,
        "city_path": "ui_mall_icon_xinpian2_png"
    },
    "600005": {
        "index": 600005,
        "sort": 14,
        "name_str": "专享礼包C",
        "is_new": 0,
        "gift_form": 4,
        "duration": 0,
        "unpay_trigger_times": "",
        "unpay_trigger_duration": "",
        "trigger_charge_add": "",
        "limit_level": 0,
        "is_forever": 0,
        "buy_times": 20,
        "goods_id": [30453,20009,20001],
        "goods_count": [5,5,300000],
        "is_permit": "",
        "is_passseason": "",
        "super": [0],
        "raw_token": 8000,
        "pay_type": 1,
        "chargeback_goods": [],
        "primer": 3240,
        "price": 648,
        "daily_num": "",
        "daily_index": "",
        "h5_show_type": "3",
        "name": "专享礼包C",
        "tips": [0,2],
        "pay_index": "1001001",
        "des": "购买后可立即获得8000钻石、龙虾大餐*5、许愿牌*5、金币*30万。网页充值专享额外赠送648钻石",
        "path": "ui_mall_icon_zhuanxiang_png",
        "push_big_path": "ui_mall_icon_dengji1_png",
        "info": "<color>r=235,g=208,b=118</color><text>恭喜您达到70级!高级铜钱礼包正式上架！</text>",
        "is_op": 2,
        "is_show_city": 0,
        "city_path": "ui_mall_icon_zhuanxiang_png"
    },
    "600104": {
        "index": 600104,
        "sort": 4,
        "name_str": "星耀特惠礼包B",
        "is_new": 0,
        "gift_form": 1,
        "duration": 50000000,
        "unpay_trigger_times": "",
        "unpay_trigger_duration": "",
        "trigger_charge_add": "",
        "limit_level": 0,
        "is_forever": 1,
        "buy_times": 1,
        "goods_id": [139009,30453,20001],
        "goods_count": [3,3,1000000],
        "is_permit": "",
        "is_passseason": "",
        "super": [1],
        "raw_token": 3000,
        "pay_type": 1,
        "chargeback_goods": [],
        "primer": 3240,
        "price": 648,
        "daily_num": "",
        "daily_index": "",
        "h5_show_type": "3",
        "name": "星耀特惠礼包B",
        "tips": [0,2],
        "pay_index": "1001001",
        "des": "购买后可立即获得3000钻石、超级卡包*3、龙虾大餐*3、金币*100万。网页充值专享额外赠送648钻石",
        "path": "ui_mall_icon_chaozhikabao_png",
        "push_big_path": "ui_mall_icon_dengji1_png",
        "info": "<color>r=235,g=208,b=118</color><text>恭喜您达到71级!高级铜钱礼包正式上架！</text>",
        "is_op": 2,
        "is_show_city": 0,
        "city_path": "ui_mall_icon_zhuanxiang_png"
    },
    "600105": {
        "index": 600105,
        "sort": 3,
        "name_str": "星耀福利礼包B",
        "is_new": 0,
        "gift_form": 1,
        "duration": 50000000,
        "unpay_trigger_times": "",
        "unpay_trigger_duration": "",
        "trigger_charge_add": "",
        "limit_level": 0,
        "is_forever": 1,
        "buy_times": 1,
        "goods_id": [139010,30453,20001],
        "goods_count": [1,2,200000],
        "is_permit": "",
        "is_passseason": "",
        "super": [1],
        "raw_token": 0,
        "pay_type": 2,
        "chargeback_goods": [],
        "primer": 1800,
        "price": 1800,
        "daily_num": "",
        "daily_index": "",
        "h5_show_type": "3",
        "name": "星耀福利礼包B",
        "tips": [0,2],
        "pay_index": "",
        "des": "",
        "path": "ui_mall_icon_fulitongyong_png",
        "push_big_path": "ui_mall_icon_dengji1_png",
        "info": "<color>r=235,g=208,b=118</color><text>恭喜您达到71级!高级铜钱礼包正式上架！</text>",
        "is_op": 2,
        "is_show_city": 0,
        "city_path": "ui_mall_icon_zhuanxiang_png"
    },
    "600201": {
        "index": 600201,
        "sort": 5,
        "name_str": "特效卡自选礼包",
        "is_new": 0,
        "gift_form": 1,
        "duration": 50000000,
        "unpay_trigger_times": "",
        "unpay_trigger_duration": "",
        "trigger_charge_add": "",
        "limit_level": 0,
        "is_forever": 1,
        "buy_times": 1,
        "goods_id": [190006,30453,20001],
        "goods_count": [1,2,1000000],
        "is_permit": "",
        "is_passseason": "",
        "super": [1],
        "raw_token": 3000,
        "pay_type": 1,
        "chargeback_goods": [],
        "primer": 3240,
        "price": 648,
        "daily_num": "",
        "daily_index": "",
        "h5_show_type": "3",
        "name": "特效卡自选礼包",
        "tips": [0,2],
        "pay_index": "1001001",
        "des": "购买后可获得钻石*3000、特效卡自选礼盒1个（可自由选择1张SS级紫星特效卡）、龙虾大餐*2、金币*100万。网页充值专享额外赠送648钻石。",
        "path": "ui_mall_icon_zhuanxiang1_png",
        "push_big_path": "ui_mall_icon_dengji1_png",
        "info": "<color>r=235,g=208,b=118</color><text>恭喜您达到73级!高级铜钱礼包正式上架！</text>",
        "is_op": 2,
        "is_show_city": 0,
        "city_path": "ui_mall_icon_zhuanxiang1_png"
    },
    "600202": {
        "index": 600202,
        "sort": 6,
        "name_str": "5星SS卡自选礼包",
        "is_new": 0,
        "gift_form": 1,
        "duration": 50000000,
        "unpay_trigger_times": "",
        "unpay_trigger_duration": "",
        "trigger_charge_add": "",
        "limit_level": 0,
        "is_forever": 1,
        "buy_times": 1,
        "goods_id": [190005,30453,20001],
        "goods_count": [2,2,1000000],
        "is_permit": "",
        "is_passseason": "",
        "super": [1],
        "raw_token": 3000,
        "pay_type": 1,
        "chargeback_goods": [],
        "primer": 3240,
        "price": 648,
        "daily_num": "",
        "daily_index": "",
        "h5_show_type": "3",
        "name": "5星SS卡自选礼包",
        "tips": [0,2],
        "pay_index": "1001001",
        "des": "购买后可获得钻石*3000、5星SS卡自选礼包2个（可自由选择1张SS级5星红卡）、龙虾大餐*2、金币*100万。网页充值专享额外赠送648钻石。",
        "path": "ui_mall_icon_zhuanxiang1_png",
        "push_big_path": "ui_mall_icon_dengji1_png",
        "info": "<color>r=235,g=208,b=118</color><text>恭喜您达到72级!高级铜钱礼包正式上架！</text>",
        "is_op": 2,
        "is_show_city": 0,
        "city_path": "ui_mall_icon_zhuanxiang1_png"
    },
    "600203": {
        "index": 600203,
        "sort": 7,
        "name_str": "拿尼加碎片礼包",
        "is_new": 0,
        "gift_form": 1,
        "duration": 50000000,
        "unpay_trigger_times": "",
        "unpay_trigger_duration": "",
        "trigger_charge_add": "",
        "limit_level": 0,
        "is_forever": 1,
        "buy_times": 3,
        "goods_id": [40069,30453,30813],
        "goods_count": [20,2,10],
        "is_permit": "",
        "is_passseason": "",
        "super": [1],
        "raw_token": 3000,
        "pay_type": 1,
        "chargeback_goods": [],
        "primer": 3240,
        "price": 648,
        "daily_num": "",
        "daily_index": "",
        "h5_show_type": "3",
        "name": "拿尼加碎片礼包",
        "tips": [0,2],
        "pay_index": "1001001",
        "des": "购买后可立即获得3000钻石、S级猎人拿尼加碎片*20、龙虾大餐*2、高级觉醒石*10。网页充值专享额外赠送648钻石",
        "path": "ui_mall_icon_lierensuipianlibao_png",
        "push_big_path": "ui_mall_icon_dengji1_png",
        "info": "<color>r=235,g=208,b=118</color><text>恭喜您达到71级!高级铜钱礼包正式上架！</text>",
        "is_op": 2,
        "is_show_city": 0,
        "city_path": "ui_mall_icon_zhuanxiang_png"
    },
    "600301": {
        "index": 600301,
        "sort": 8,
        "name_str": "支配者的祝福礼包",
        "is_new": 0,
        "gift_form": 1,
        "duration": 50000000,
        "unpay_trigger_times": "",
        "unpay_trigger_duration": "",
        "trigger_charge_add": "",
        "limit_level": 0,
        "is_forever": 1,
        "buy_times": 1,
        "goods_id": [100001,30453,20001],
        "goods_count": [1,2,1000000],
        "is_permit": "",
        "is_passseason": "",
        "super": [1],
        "raw_token": 3000,
        "pay_type": 1,
        "chargeback_goods": [],
        "primer": 3240,
        "price": 648,
        "daily_num": "",
        "daily_index": "",
        "h5_show_type": "3",
        "name": "支配者的祝福礼包",
        "tips": [0,2],
        "pay_index": "1001001",
        "des": "购买后可获得钻石*3000、5星绝版复活卡（支配者的祝福）一张、龙虾大餐*2、金币*100万。网页充值专享额外赠送648钻石。",
        "path": "ui_mall_icon_zhuanxiang1_png",
        "push_big_path": "ui_mall_icon_dengji1_png",
        "info": "<color>r=235,g=208,b=118</color><text>恭喜您达到74级!高级铜钱礼包正式上架！</text>",
        "is_op": 2,
        "is_show_city": 0,
        "city_path": "ui_mall_icon_zhuanxiang1_png"
    },
    "600302": {
        "index": 600302,
        "sort": 9,
        "name_str": "拿尼加碎片礼包",
        "is_new": 0,
        "gift_form": 1,
        "duration": 50000000,
        "unpay_trigger_times": "",
        "unpay_trigger_duration": "",
        "trigger_charge_add": "",
        "limit_level": 0,
        "is_forever": 1,
        "buy_times": 3,
        "goods_id": [40069,30453,30506],
        "goods_count": [20,2,10],
        "is_permit": "",
        "is_passseason": "",
        "super": [1],
        "raw_token": 3000,
        "pay_type": 1,
        "chargeback_goods": [],
        "primer": 3240,
        "price": 648,
        "daily_num": "",
        "daily_index": "",
        "h5_show_type": "3",
        "name": "拿尼加碎片礼包",
        "tips": [0,2],
        "pay_index": "1001001",
        "des": "购买后可立即获得3000钻石、S级猎人拿尼加碎片*20、龙虾大餐*2、突破芯片*10。网页充值专享额外赠送648钻石",
        "path": "ui_mall_icon_lierensuipianlibao_png",
        "push_big_path": "ui_mall_icon_dengji1_png",
        "info": "<color>r=235,g=208,b=118</color><text>恭喜您达到71级!高级铜钱礼包正式上架！</text>",
        "is_op": 2,
        "is_show_city": 0,
        "city_path": "ui_mall_icon_zhuanxiang_png"
    },
    "600401": {
        "index": 600401,
        "sort": 10,
        "name_str": "拿尼加碎片礼包",
        "is_new": 0,
        "gift_form": 1,
        "duration": 50000000,
        "unpay_trigger_times": "",
        "unpay_trigger_duration": "",
        "trigger_charge_add": "",
        "limit_level": 0,
        "is_forever": 1,
        "buy_times": 6,
        "goods_id": [40069,30453,30506],
        "goods_count": [20,2,10],
        "is_permit": "",
        "is_passseason": "",
        "super": [1],
        "raw_token": 3000,
        "pay_type": 1,
        "chargeback_goods": [],
        "primer": 3240,
        "price": 648,
        "daily_num": "",
        "daily_index": "",
        "h5_show_type": "3",
        "name": "拿尼加碎片礼包",
        "tips": [0,2],
        "pay_index": "1001001",
        "des": "购买后可立即获得3000钻石、S级猎人拿尼加碎片*20、龙虾大餐*2、突破芯片*10。网页充值专享额外赠送648钻石",
        "path": "ui_mall_icon_lierensuipianlibao_png",
        "push_big_path": "ui_mall_icon_dengji1_png",
        "info": "<color>r=235,g=208,b=118</color><text>恭喜您达到71级!高级铜钱礼包正式上架！</text>",
        "is_op": 2,
        "is_show_city": 0,
        "city_path": "ui_mall_icon_zhuanxiang_png"
    },
    "600501": {
        "index": 600501,
        "sort": 11,
        "name_str": "特效卡自选礼包",
        "is_new": 0,
        "gift_form": 1,
        "duration": 50000000,
        "unpay_trigger_times": "",
        "unpay_trigger_duration": "",
        "trigger_charge_add": "",
        "limit_level": 0,
        "is_forever": 1,
        "buy_times": 1,
        "goods_id": [190006,30453,20001],
        "goods_count": [1,2,1000000],
        "is_permit": "",
        "is_passseason": "",
        "super": [1],
        "raw_token": 3000,
        "pay_type": 1,
        "chargeback_goods": [],
        "primer": 3240,
        "price": 648,
        "daily_num": "",
        "daily_index": "",
        "h5_show_type": "3",
        "name": "特效卡自选礼包",
        "tips": [0,2],
        "pay_index": "1001001",
        "des": "购买后可获得钻石*3000、特效卡自选礼盒1个（可自由选择1张SS级紫星特效卡）、龙虾大餐*2、金币*100万。网页充值专享额外赠送648钻石。",
        "path": "ui_mall_icon_zhuanxiang1_png",
        "push_big_path": "ui_mall_icon_dengji1_png",
        "info": "<color>r=235,g=208,b=118</color><text>恭喜您达到75级!高级铜钱礼包正式上架！</text>",
        "is_op": 2,
        "is_show_city": 0,
        "city_path": "ui_mall_icon_zhuanxiang1_png"
    },
    "600502": {
        "index": 600502,
        "sort": 12,
        "name_str": "拿尼加碎片礼包",
        "is_new": 201,
        "gift_form": 1,
        "duration": 50000000,
        "unpay_trigger_times": "",
        "unpay_trigger_duration": "",
        "trigger_charge_add": "",
        "limit_level": 0,
        "is_forever": 1,
        "buy_times": 6,
        "goods_id": [40069,30453,30506],
        "goods_count": [20,2,10],
        "is_permit": "",
        "is_passseason": "",
        "super": [1],
        "raw_token": 3000,
        "pay_type": 1,
        "chargeback_goods": [],
        "primer": 3240,
        "price": 648,
        "daily_num": "",
        "daily_index": "",
        "h5_show_type": "3",
        "name": "拿尼加碎片礼包",
        "tips": [0,2],
        "pay_index": "1001001",
        "des": "购买后可立即获得3000钻石、S级猎人拿尼加碎片*20、龙虾大餐*2、突破芯片*10。网页充值专享额外赠送648钻石",
        "path": "ui_mall_icon_lierensuipianlibao_png",
        "push_big_path": "ui_mall_icon_dengji1_png",
        "info": "<color>r=235,g=208,b=118</color><text>恭喜您达到71级!高级铜钱礼包正式上架！</text>",
        "is_op": 2,
        "is_show_city": 0,
        "city_path": "ui_mall_icon_zhuanxiang_png"
    },
    "600601": {
        "index": 600601,
        "sort": 14,
        "name_str": "太阳罗盘碎片礼包",
        "is_new": 203,
        "gift_form": 2,
        "duration": 50000000,
        "unpay_trigger_times": "",
        "unpay_trigger_duration": "",
        "trigger_charge_add": "",
        "limit_level": 0,
        "is_forever": 1,
        "buy_times": 999,
        "goods_id": [30917,35001],
        "goods_count": [10,10],
        "is_permit": "",
        "is_passseason": "",
        "super": [1],
        "raw_token": 0,
        "pay_type": 2,
        "chargeback_goods": [],
        "primer": 2000,
        "price": 2000,
        "daily_num": "",
        "daily_index": "",
        "h5_show_type": "3",
        "name": "太阳罗盘碎片礼包",
        "tips": [0,2],
        "pay_index": "",
        "des": "购买后可获得太阳轮盘碎片*10、宠物进化石*10",
        "path": "ui_mail_taiyanglunpanlibao_png",
        "push_big_path": "ui_mall_icon_dengji1_png",
        "info": "<color>r=235,g=208,b=118</color><text>恭喜您达到75级!高级铜钱礼包正式上架！</text>",
        "is_op": 2,
        "is_show_city": 0,
        "city_path": "ui_mall_icon_zhuanxiang_png"
    },
    "600602": {
        "index": 600602,
        "sort": 15,
        "name_str": "特效卡自选礼包",
        "is_new": 203,
        "gift_form": 1,
        "duration": 50000000,
        "unpay_trigger_times": "",
        "unpay_trigger_duration": "",
        "trigger_charge_add": "",
        "limit_level": 0,
        "is_forever": 1,
        "buy_times": 1,
        "goods_id": [190012,30453,20001],
        "goods_count": [1,2,1000000],
        "is_permit": "",
        "is_passseason": "",
        "super": [1],
        "raw_token": 6480,
        "pay_type": 1,
        "chargeback_goods": [],
        "primer": 3240,
        "price": 648,
        "daily_num": "",
        "daily_index": "",
        "h5_show_type": "3",
        "name": "特效卡自选礼包",
        "tips": [0,2],
        "pay_index": "1001001",
        "des": "购买后可获得钻石*6480、特效卡自选礼盒1个（可自由选择1张SS级紫星特效卡）、龙虾大餐*2、金币*100万。网页充值专享额外赠送648钻石。",
        "path": "ui_mall_icon_zhuanxiang1_png",
        "push_big_path": "ui_mall_icon_dengji1_png",
        "info": "<color>r=235,g=208,b=118</color><text>恭喜您达到73级!高级铜钱礼包正式上架！</text>",
        "is_op": 2,
        "is_show_city": 0,
        "city_path": "ui_mall_icon_zhuanxiang1_png"
    },
    "800001": {
        "index": 800001,
        "sort": 17,
        "name_str": "2星执照特惠",
        "is_new": 0,
        "gift_form": 1,
        "duration": 86400,
        "unpay_trigger_times": "2",
        "unpay_trigger_duration": "691200",
        "trigger_charge_add": "",
        "limit_level": 0,
        "is_forever": 0,
        "buy_times": 1,
        "goods_id": [20021,139008,20001],
        "goods_count": [1,1,100000],
        "is_permit": "",
        "is_passseason": "",
        "super": [1],
        "raw_token": 120,
        "pay_type": 1,
        "chargeback_goods": [],
        "primer": 168,
        "price": 6,
        "daily_num": "",
        "daily_index": "",
        "h5_show_type": "1",
        "name": "2星执照特惠",
        "tips": [0,2],
        "pay_index": "1000301",
        "des": "购买后可获得钻石*120、浓醇红酒*1、高级卡包*1、金币*10万。网页充值专享额外赠送6钻石。",
        "path": "ui_mall_icon_zhuanxiang1_png",
        "push_big_path": "ui_mall_icon_dengji1_png",
        "info": "<color>r=235,g=208,b=118</color><text>恭喜您达到75级!高级铜钱礼包正式上架！</text>",
        "is_op": 8,
        "is_show_city": 1,
        "city_path": "ui_mall_icon_zhuanxiang1_png"
    },
    "800002": {
        "index": 800002,
        "sort": 18,
        "name_str": "3星执照特惠",
        "is_new": 0,
        "gift_form": 1,
        "duration": 86400,
        "unpay_trigger_times": "2",
        "unpay_trigger_duration": "950400",
        "trigger_charge_add": "",
        "limit_level": 0,
        "is_forever": 0,
        "buy_times": 1,
        "goods_id": [139008,20001,30452],
        "goods_count": [5,300000,1],
        "is_permit": "",
        "is_passseason": "",
        "super": [1],
        "raw_token": 600,
        "pay_type": 1,
        "chargeback_goods": [],
        "primer": 328,
        "price": 30,
        "daily_num": "",
        "daily_index": "",
        "h5_show_type": "1",
        "name": "3星执照特惠",
        "tips": [0,2],
        "pay_index": "1000401",
        "des": "购买后可获得钻石*600、高级卡包*5、金币*30万、烤肉*1。网页充值专享额外赠送30钻石。",
        "path": "ui_mall_icon_zhuanxiang1_png",
        "push_big_path": "ui_mall_icon_dengji1_png",
        "info": "<color>r=235,g=208,b=118</color><text>恭喜您达到75级!高级铜钱礼包正式上架！</text>",
        "is_op": 8,
        "is_show_city": 1,
        "city_path": "ui_mall_icon_zhuanxiang1_png"
    },
    "800003": {
        "index": 800003,
        "sort": 19,
        "name_str": "4星执照特惠",
        "is_new": 0,
        "gift_form": 1,
        "duration": 86400,
        "unpay_trigger_times": "2",
        "unpay_trigger_duration": "950400",
        "trigger_charge_add": "",
        "limit_level": 0,
        "is_forever": 0,
        "buy_times": 1,
        "goods_id": [31102,139008,30813],
        "goods_count": [6,3,10],
        "is_permit": "",
        "is_passseason": "",
        "super": [1],
        "raw_token": 300,
        "pay_type": 1,
        "chargeback_goods": [],
        "primer": 328,
        "price": 30,
        "daily_num": "",
        "daily_index": "",
        "h5_show_type": "1",
        "name": "4星执照特惠",
        "tips": [0,2],
        "pay_index": "1000401",
        "des": "购买后可获得钻石*300、高级人偶碎片*6、高级卡包*3、高级觉醒石*10。网页充值专享额外赠送30钻石。",
        "path": "ui_mall_icon_zhuanxiang1_png",
        "push_big_path": "ui_mall_icon_dengji1_png",
        "info": "<color>r=235,g=208,b=118</color><text>恭喜您达到75级!高级铜钱礼包正式上架！</text>",
        "is_op": 8,
        "is_show_city": 1,
        "city_path": "ui_mall_icon_zhuanxiang1_png"
    },
    "800004": {
        "index": 800004,
        "sort": 20,
        "name_str": "5星执照特惠",
        "is_new": 0,
        "gift_form": 1,
        "duration": 86400,
        "unpay_trigger_times": "2",
        "unpay_trigger_duration": "1209600",
        "trigger_charge_add": "",
        "limit_level": 0,
        "is_forever": 0,
        "buy_times": 1,
        "goods_id": [139010,31102,30453],
        "goods_count": [1,6,10],
        "is_permit": "",
        "is_passseason": "",
        "super": [1],
        "raw_token": 600,
        "pay_type": 1,
        "chargeback_goods": [],
        "primer": 648,
        "price": 68,
        "daily_num": "",
        "daily_index": "",
        "h5_show_type": "1",
        "name": "5星执照特惠",
        "tips": [0,2],
        "pay_index": "1000501",
        "des": "购买后可获得钻石*600、荣誉卡包*1、高级人偶碎片*6、龙虾*1。网页充值专享额外赠送68钻石。",
        "path": "ui_mall_icon_zhuanxiang1_png",
        "push_big_path": "ui_mall_icon_dengji1_png",
        "info": "<color>r=235,g=208,b=118</color><text>恭喜您达到75级!高级铜钱礼包正式上架！</text>",
        "is_op": 8,
        "is_show_city": 1,
        "city_path": "ui_mall_icon_zhuanxiang1_png"
    },
    "500001": {
        "index": 500001,
        "sort": 19,
        "name_str": "觉醒石礼包",
        "is_new": 0,
        "gift_form": 1,
        "duration": 86400,
        "unpay_trigger_times": "",
        "unpay_trigger_duration": "",
        "trigger_charge_add": "",
        "limit_level": 0,
        "is_forever": 0,
        "buy_times": 1,
        "goods_id": [30813,30812,20001],
        "goods_count": [10,10,50000],
        "is_permit": "",
        "is_passseason": "",
        "super": [1],
        "raw_token": 0,
        "pay_type": 2,
        "chargeback_goods": [],
        "primer": 1000,
        "price": 1000,
        "daily_num": "",
        "daily_index": "",
        "h5_show_type": "1",
        "name": "觉醒石礼包",
        "tips": [5,2],
        "pay_index": "",
        "des": "觉醒石礼包",
        "path": "ui_mall_icon_gaojijuexing_png",
        "push_big_path": "ui_mall_icon_dengji1_png",
        "info": "<color>r=235,g=208,b=118</color><text>恭喜您达到75级!高级铜钱礼包正式上架！</text>",
        "is_op": 0,
        "is_show_city": 0,
        "city_path": "ui_mall_icon_zhuanxiang1_png"
    },
    "900002": {
        "index": 900002,
        "sort": 21,
        "name_str": "惊喜包",
        "is_new": 0,
        "gift_form": 1,
        "duration": 21600,
        "unpay_trigger_times": "",
        "unpay_trigger_duration": "",
        "trigger_charge_add": "0",
        "limit_level": 0,
        "is_forever": 0,
        "buy_times": 1,
        "goods_id": [30453,190007,20001],
        "goods_count": [1,1,200000],
        "is_permit": "",
        "is_passseason": "",
        "super": [1],
        "raw_token": 300,
        "pay_type": 1,
        "chargeback_goods": [],
        "primer": 150,
        "price": 30,
        "daily_num": "",
        "daily_index": "",
        "h5_show_type": "1",
        "name": "惊喜包",
        "tips": [9,2],
        "pay_index": "1000401",
        "des": "购买后可获得钻石*300、惊喜自选包（可从啤酒*3、高级卡包*1、高级觉醒石*10、突破芯片*10中选择1项）、龙虾大餐*1、金币*20万。 网页充值专享额外赠送30钻石。",
        "path": "ui_mall_icon_zhuanxiang1_png",
        "push_big_path": "ui_mall_icon_dengji1_png",
        "info": "<color>r=235,g=208,b=118</color><text>恭喜您达到75级!高级铜钱礼包正式上架！</text>",
        "is_op": 9,
        "is_show_city": 900002,
        "city_path": "ui_mall_icon_button_jingxibutton_png"
    },
    "1100001": {
        "index": 1100001,
        "sort": 1,
        "name_str": "战力提升包",
        "is_new": 0,
        "gift_form": 1,
        "duration": 86400,
        "unpay_trigger_times": "",
        "unpay_trigger_duration": "",
        "trigger_charge_add": "",
        "limit_level": 0,
        "is_forever": 0,
        "buy_times": 1,
        "goods_id": [100023,100037,139008,20001],
        "goods_count": [1,1,2,100000],
        "is_permit": "",
        "is_passseason": "",
        "super": [1],
        "raw_token": 0,
        "pay_type": 1,
        "chargeback_goods": [],
        "primer": 150,
        "price": 30,
        "daily_num": "",
        "daily_index": "",
        "h5_show_type": "1",
        "name": "战力提升包",
        "tips": [0,2],
        "pay_index": "1000401",
        "des": "购买后可获得S级橙卡*2、高级卡包*3、金币*10万。网页充值专享额外赠送30钻石。",
        "path": "ui_mall_icon_zhuanxiang1_png",
        "push_big_path": "ui_mall_icon_dengji1_png",
        "info": "<color>r=235,g=208,b=118</color><text>恭喜您达到75级!高级铜钱礼包正式上架！</text>",
        "is_op": 8,
        "is_show_city": 1,
        "city_path": "ui_mall_icon_zhuanxiang1_png"
    },
    "1100002": {
        "index": 1100002,
        "sort": 2,
        "name_str": "战力提升包",
        "is_new": 0,
        "gift_form": 1,
        "duration": 86400,
        "unpay_trigger_times": "",
        "unpay_trigger_duration": "",
        "trigger_charge_add": "",
        "limit_level": 0,
        "is_forever": 0,
        "buy_times": 1,
        "goods_id": [100099,190011,20001],
        "goods_count": [1,5,100000],
        "is_permit": "",
        "is_passseason": "",
        "super": [1],
        "raw_token": 0,
        "pay_type": 1,
        "chargeback_goods": [],
        "primer": 490,
        "price": 98,
        "daily_num": "",
        "daily_index": "",
        "h5_show_type": "",
        "name": "战力提升包",
        "tips": [0,2],
        "pay_index": "1000601",
        "des": "购买后可获得SS级攻击红卡银犬*1、念力精华自选礼盒*5、金币*10w。网页充值专享额外赠送98钻石。",
        "path": "ui_mall_icon_zhuanxiang1_png",
        "push_big_path": "ui_mall_icon_dengji1_png",
        "info": "<color>r=235,g=208,b=118</color><text>恭喜您达到75级!高级铜钱礼包正式上架！</text>",
        "is_op": 8,
        "is_show_city": 1,
        "city_path": "ui_mall_icon_zhuanxiang1_png"
    },
    "1000001": {
        "index": 1000001,
        "sort": 22,
        "name_str": "超值人偶礼包",
        "is_new": 0,
        "gift_form": 1,
        "duration": 129600,
        "unpay_trigger_times": "",
        "unpay_trigger_duration": "",
        "trigger_charge_add": "",
        "limit_level": 0,
        "is_forever": 0,
        "buy_times": 1,
        "goods_id": [31002,30813,20001],
        "goods_count": [1,10,100000],
        "is_permit": "",
        "is_passseason": "",
        "super": [1],
        "raw_token": 500,
        "pay_type": 1,
        "chargeback_goods": [],
        "primer": 198,
        "price": 98,
        "daily_num": "",
        "daily_index": "",
        "h5_show_type": "1",
        "name": "超值人偶礼包",
        "tips": [10,2],
        "pay_index": "1000601",
        "des": "购买后可获得高级替身人偶*1、高级觉醒石*10、金币*5万。 网页充值专享额外赠送98钻石。",
        "path": "ui_mall_icon_zhuanxiang1_png",
        "push_big_path": "ui_mall_icon_dengji1_png",
        "info": "<color>r=235,g=208,b=118</color><text>恭喜您达到75级!高级铜钱礼包正式上架！</text>",
        "is_op": 10,
        "is_show_city": 1000001,
        "city_path": "ui_mall_icon_button_renoubutton_png"
    },
    "2000003": {
        "index": 2000003,
        "sort": 13,
        "name_str": "念力礼包A",
        "is_new": 0,
        "gift_form": 4,
        "duration": 0,
        "unpay_trigger_times": "",
        "unpay_trigger_duration": "",
        "trigger_charge_add": "",
        "limit_level": 0,
        "is_forever": 0,
        "buy_times": 20,
        "goods_id": [20006,30003,20001],
        "goods_count": [300,3,30000],
        "is_permit": "",
        "is_passseason": "",
        "super": [0],
        "raw_token": 0,
        "pay_type": 2,
        "chargeback_goods": [],
        "primer": 1980,
        "price": 1980,
        "daily_num": "",
        "daily_index": "",
        "h5_show_type": "0",
        "name": "念力礼包A",
        "tips": [0,2],
        "pay_index": "",
        "des": "念力礼包A",
        "path": "ui_mall_icon_nianlizhou_png",
        "push_big_path": "ui_mall_icon_dengji1_png",
        "info": "<color>r=235,g=208,b=118</color><text>恭喜您达到65级!高级铜钱礼包正式上架！</text>",
        "is_op": 0,
        "is_show_city": 0,
        "city_path": "ui_mall_icon_nianlizhou_png"
    },
    "2000004": {
        "index": 2000004,
        "sort": 14,
        "name_str": "念力礼包B",
        "is_new": 0,
        "gift_form": 4,
        "duration": 0,
        "unpay_trigger_times": "",
        "unpay_trigger_duration": "",
        "trigger_charge_add": "",
        "limit_level": 0,
        "is_forever": 0,
        "buy_times": 20,
        "goods_id": [20006,30004,20001],
        "goods_count": [360,10,100000],
        "is_permit": "",
        "is_passseason": "",
        "super": [0],
        "raw_token": 1980,
        "pay_type": 1,
        "chargeback_goods": [],
        "primer": 990,
        "price": 198,
        "daily_num": "",
        "daily_index": "",
        "h5_show_type": "0",
        "name": "念力礼包B",
        "tips": [0,2],
        "pay_index": "1000801",
        "des": "购买后可获得钻石*1980、念力果*360、可乐爽*10、金币*10w。 网页充值专享额外赠送198钻石",
        "path": "ui_mall_icon_nianliguo_png",
        "push_big_path": "ui_mall_icon_dengji1_png",
        "info": "<color>r=235,g=208,b=118</color><text>恭喜您达到66级!高级铜钱礼包正式上架！</text>",
        "is_op": 0,
        "is_show_city": 0,
        "city_path": "ui_mall_icon_nianliguo_png"
    },
    "2000005": {
        "index": 2000005,
        "sort": 1,
        "name_str": "S级猎人自选礼包",
        "is_new": 0,
        "gift_form": 1,
        "duration": 2592000,
        "unpay_trigger_times": "",
        "unpay_trigger_duration": "",
        "trigger_charge_add": "",
        "limit_level": 0,
        "is_forever": 1,
        "buy_times": 1,
        "goods_id": [190002,20001,20003],
        "goods_count": [1,100000,100],
        "is_permit": "",
        "is_passseason": "",
        "super": [1],
        "raw_token": 1980,
        "pay_type": 1,
        "chargeback_goods": [],
        "primer": 1980,
        "price": 198,
        "daily_num": "",
        "daily_index": "",
        "h5_show_type": "1",
        "name": "S级猎人自选礼包",
        "tips": [0,2],
        "pay_index": "1000801",
        "des": "购买后可获得1980钻石，以及S级猎人3选1礼包1个（尼飞彼多、孟徒徒尤匹、甘舒）。 网页充值专享额外赠送198钻石",
        "path": "ui_mall_icon_sanxuanyi_png",
        "push_big_path": "ui_mall_icon_dengji1_png",
        "info": "<color>r=235,g=208,b=118</color><text>恭喜您达到67级!高级铜钱礼包正式上架！</text>",
        "is_op": 0,
        "is_show_city": 100213,
        "city_path": "ui_mall_icon_button_juebanbutton_png"
    },
    "2000006": {
        "index": 2000006,
        "sort": 15,
        "name_str": "经验礼包",
        "is_new": 0,
        "gift_form": 4,
        "duration": 0,
        "unpay_trigger_times": "",
        "unpay_trigger_duration": "",
        "trigger_charge_add": "",
        "limit_level": 0,
        "is_forever": 0,
        "buy_times": 20,
        "goods_id": [30004,30003,30002],
        "goods_count": [10,20,50],
        "is_permit": "",
        "is_passseason": "",
        "super": [0],
        "raw_token": 300,
        "pay_type": 1,
        "chargeback_goods": [],
        "primer": 150,
        "price": 30,
        "daily_num": "",
        "daily_index": "",
        "h5_show_type": "0",
        "name": "经验礼包",
        "tips": [0,2],
        "pay_index": "1000401",
        "des": "购买后可获得钻石*300、可乐爽*10、柳橙汁*20、蜜瓜露*50。 网页充值专享额外赠送30钻石",
        "path": "ui_mall_icon_jingyan_png",
        "push_big_path": "ui_mall_icon_dengji1_png",
        "info": "<color>r=235,g=208,b=118</color><text>恭喜您达到62级!高级铜钱礼包正式上架！</text>",
        "is_op": 0,
        "is_show_city": 0,
        "city_path": "ui_mall_icon_jingyan_png"
    },
    "2000007": {
        "index": 2000007,
        "sort": 8,
        "name_str": "加油包B",
        "is_new": 0,
        "gift_form": 2,
        "duration": 0,
        "unpay_trigger_times": "",
        "unpay_trigger_duration": "",
        "trigger_charge_add": "",
        "limit_level": 0,
        "is_forever": 0,
        "buy_times": 1,
        "goods_id": [30452,20020,20001],
        "goods_count": [1,2,100000],
        "is_permit": "",
        "is_passseason": "",
        "super": [0],
        "raw_token": 300,
        "pay_type": 1,
        "chargeback_goods": [],
        "primer": 150,
        "price": 30,
        "daily_num": "",
        "daily_index": "",
        "h5_show_type": "1",
        "name": "加油包B",
        "tips": [0,2],
        "pay_index": "1000401",
        "des": "购买后可获得钻石*300、烤肉*1、啤酒*2、金币*10万。 网页充值专享额外赠送30钻石",
        "path": "ui_mall_icon_jiayou2_png",
        "push_big_path": "ui_mall_icon_dengji1_png",
        "info": "<color>r=235,g=208,b=118</color><text>恭喜您达到64级!高级铜钱礼包正式上架！</text>",
        "is_op": 0,
        "is_show_city": 0,
        "city_path": "ui_mall_icon_jiayou_png"
    },
    "2000008": {
        "index": 2000008,
        "sort": 20,
        "name_str": "惊喜包",
        "is_new": 0,
        "gift_form": 1,
        "duration": 21600,
        "unpay_trigger_times": "",
        "unpay_trigger_duration": "",
        "trigger_charge_add": "0",
        "limit_level": 0,
        "is_forever": 0,
        "buy_times": 1,
        "goods_id": [30452,20020,20001],
        "goods_count": [1,1,100000],
        "is_permit": "",
        "is_passseason": "",
        "super": [1],
        "raw_token": 100,
        "pay_type": 1,
        "chargeback_goods": [],
        "primer": 30,
        "price": 6,
        "daily_num": "",
        "daily_index": "",
        "h5_show_type": "1",
        "name": "惊喜包",
        "tips": [9,2],
        "pay_index": "1000301",
        "des": "购买后可获得钻石*100、啤酒*1、烤肉*1、金币*10万。 网页充值专享额外赠送6钻石。",
        "path": "ui_mall_icon_zhuanxiang1_png",
        "push_big_path": "ui_mall_icon_dengji1_png",
        "info": "<color>r=235,g=208,b=118</color><text>恭喜您达到75级!高级铜钱礼包正式上架！</text>",
        "is_op": 9,
        "is_show_city": 900001,
        "city_path": "ui_mall_icon_button_jingxibutton_png"
    },
    "100210": {
        "index": 100210,
        "sort": 103,
        "name_str": "10000点经验礼包",
        "is_new": 0,
        "gift_form": 2,
        "duration": 0,
        "unpay_trigger_times": "",
        "unpay_trigger_duration": "",
        "trigger_charge_add": "",
        "limit_level": 0,
        "is_forever": 0,
        "buy_times": 1,
        "goods_id": [20027,150012],
        "goods_count": [10000,1],
        "is_permit": "",
        "is_passseason": "1",
        "super": [0],
        "raw_token": 0,
        "pay_type": 1,
        "chargeback_goods": [],
        "primer": 68,
        "price": 68,
        "daily_num": "",
        "daily_index": "",
        "h5_show_type": "0",
        "name": "10000点经验",
        "tips": [0,2],
        "pay_index": "1000501",
        "des": "购买后可增加41000点通行证经验（可提升10级）和通行证专属头像框。",
        "path": "ui_battlePass_PassExp4000_png",
        "push_big_path": "ui_mall_icon_dengji1_png",
        "info": "<color>r=235,g=208,b=118</color><text>恭喜您达到67级!高级铜钱礼包正式上架！</text>",
        "is_op": 99,
        "is_show_city": 0,
        "city_path": "ui_mall_icon_xinpian1_png"
    },
    "100211": {
        "index": 100211,
        "sort": 998,
        "name_str": "朗姆酒礼包",
        "is_new": 0,
        "gift_form": 2,
        "duration": 0,
        "unpay_trigger_times": "",
        "unpay_trigger_duration": "",
        "trigger_charge_add": "",
        "limit_level": 0,
        "is_forever": 0,
        "buy_times": 999,
        "goods_id": [20032,30003,20001],
        "goods_count": [10,3,30000],
        "is_permit": "",
        "is_passseason": "",
        "super": [0],
        "raw_token": 0,
        "pay_type": 2,
        "chargeback_goods": [],
        "primer": 2500,
        "price": 2500,
        "daily_num": "",
        "daily_index": "",
        "h5_show_type": "0",
        "name": "朗姆酒礼包",
        "tips": [0,2],
        "pay_index": "",
        "des": "朗姆酒礼包",
        "path": "ui_mall_icon_putongpijiu_png",
        "push_big_path": "ui_mall_icon_dengji1_png",
        "info": "<color>r=235,g=208,b=118</color><text>恭喜您达到60级!高级铜钱礼包正式上架！</text>",
        "is_op": 0,
        "is_show_city": 0,
        "city_path": "ui_mall_icon_putongpijiu_png"
    }}
