{
    "101": {
        "index": 101,
        "name": "全民福利礼包",
        "vip_level": 0,
        "charge_token": 0,
        "comsume_token": 0,
        "reward_goods": [20023,30001],
        "reward_count": [1,5],
        "primer": ""
    },
    "102": {
        "index": 102,
        "name": "全民福利礼包",
        "vip_level": 0,
        "charge_token": 0,
        "comsume_token": 0,
        "reward_goods": [10058,30002],
        "reward_count": [1,2],
        "primer": ""
    },
    "103": {
        "index": 103,
        "name": "全民福利礼包",
        "vip_level": 0,
        "charge_token": 0,
        "comsume_token": 0,
        "reward_goods": [30451,30003],
        "reward_count": [1,2],
        "primer": ""
    },
    "104": {
        "index": 104,
        "name": "全民福利礼包",
        "vip_level": 0,
        "charge_token": 0,
        "comsume_token": 0,
        "reward_goods": [30812,30003],
        "reward_count": [5,2],
        "primer": ""
    },
    "105": {
        "index": 105,
        "name": "全民福利礼包",
        "vip_level": 0,
        "charge_token": 0,
        "comsume_token": 0,
        "reward_goods": [20009,30004],
        "reward_count": [1,1],
        "primer": ""
    },
    "106": {
        "index": 106,
        "name": "全民福利礼包",
        "vip_level": 0,
        "charge_token": 0,
        "comsume_token": 0,
        "reward_goods": [20020,30004],
        "reward_count": [1,1],
        "primer": ""
    },
    "107": {
        "index": 107,
        "name": "全民福利礼包",
        "vip_level": 0,
        "charge_token": 0,
        "comsume_token": 0,
        "reward_goods": [20002,30004],
        "reward_count": [200,2],
        "primer": ""
    },
    "201": {
        "index": 201,
        "name": "全民狂欢礼包",
        "vip_level": 0,
        "charge_token": 0,
        "comsume_token": 100,
        "reward_goods": [139007,20003,20001],
        "reward_count": [1,50,10000],
        "primer": "160"
    },
    "202": {
        "index": 202,
        "name": "全民狂欢礼包",
        "vip_level": 0,
        "charge_token": 0,
        "comsume_token": 500,
        "reward_goods": [10059,20003,20001],
        "reward_count": [1,50,50000],
        "primer": "700"
    },
    "203": {
        "index": 203,
        "name": "全民狂欢礼包",
        "vip_level": 0,
        "charge_token": 0,
        "comsume_token": 700,
        "reward_goods": [20020,20003,20001],
        "reward_count": [5,50,50000],
        "primer": "1100"
    },
    "204": {
        "index": 204,
        "name": "全民狂欢礼包",
        "vip_level": 0,
        "charge_token": 0,
        "comsume_token": 1500,
        "reward_goods": [30813,20003,20001],
        "reward_count": [20,100,100000],
        "primer": "2200"
    },
    "205": {
        "index": 205,
        "name": "全民狂欢礼包",
        "vip_level": 0,
        "charge_token": 0,
        "comsume_token": 3000,
        "reward_goods": [20024,20003,20001],
        "reward_count": [16,100,100000],
        "primer": "4200"
    },
    "206": {
        "index": 206,
        "name": "全民狂欢礼包",
        "vip_level": 0,
        "charge_token": 0,
        "comsume_token": 5500,
        "reward_goods": [20022,20003,20001],
        "reward_count": [1,100,100000],
        "primer": "8200"
    },
    "207": {
        "index": 207,
        "name": "全民狂欢礼包",
        "vip_level": 0,
        "charge_token": 0,
        "comsume_token": 7000,
        "reward_goods": [30506,20003,20001],
        "reward_count": [50,100,200000],
        "primer": "10300"
    },
    "301": {
        "index": 301,
        "name": "VIP1半价礼包",
        "vip_level": 1,
        "charge_token": 0,
        "comsume_token": 300,
        "reward_goods": [20020,138003,30003],
        "reward_count": [2,1,5],
        "primer": "600"
    },
    "302": {
        "index": 302,
        "name": "VIP2半价礼包",
        "vip_level": 2,
        "charge_token": 0,
        "comsume_token": 400,
        "reward_goods": [20020,30453,30003],
        "reward_count": [3,1,5],
        "primer": "800"
    },
    "303": {
        "index": 303,
        "name": "VIP3半价礼包",
        "vip_level": 3,
        "charge_token": 0,
        "comsume_token": 500,
        "reward_goods": [20024,10058,30003],
        "reward_count": [3,1,10],
        "primer": "1000"
    },
    "304": {
        "index": 304,
        "name": "VIP4半价礼包",
        "vip_level": 4,
        "charge_token": 0,
        "comsume_token": 600,
        "reward_goods": [20024,10058,30003],
        "reward_count": [4,1,10],
        "primer": "1200"
    },
    "305": {
        "index": 305,
        "name": "VIP5半价礼包",
        "vip_level": 5,
        "charge_token": 0,
        "comsume_token": 800,
        "reward_goods": [20021,10059,30004],
        "reward_count": [1,1,5],
        "primer": "1600"
    },
    "306": {
        "index": 306,
        "name": "VIP6半价礼包",
        "vip_level": 6,
        "charge_token": 0,
        "comsume_token": 1200,
        "reward_goods": [139010,20009,20020],
        "reward_count": [1,4,5],
        "primer": "2400"
    },
    "307": {
        "index": 307,
        "name": "VIP7半价礼包",
        "vip_level": 7,
        "charge_token": 0,
        "comsume_token": 2000,
        "reward_goods": [10074,190011,30004],
        "reward_count": [1,10,10],
        "primer": "4000"
    },
    "401": {
        "index": 401,
        "name": "100元累充礼包",
        "vip_level": 0,
        "charge_token": 1000,
        "comsume_token": 0,
        "reward_goods": [20002,20020],
        "reward_count": [500,2],
        "primer": ""
    },
    "402": {
        "index": 402,
        "name": "200元累充礼包",
        "vip_level": 0,
        "charge_token": 2000,
        "comsume_token": 0,
        "reward_goods": [20002,139008],
        "reward_count": [1000,1],
        "primer": ""
    },
    "403": {
        "index": 403,
        "name": "500元累充礼包",
        "vip_level": 0,
        "charge_token": 5000,
        "comsume_token": 0,
        "reward_goods": [20002,139009],
        "reward_count": [1500,1],
        "primer": ""
    },
    "404": {
        "index": 404,
        "name": "1000元累充礼包",
        "vip_level": 0,
        "charge_token": 10000,
        "comsume_token": 0,
        "reward_goods": [20002,31002],
        "reward_count": [2000,1],
        "primer": ""
    },
    "405": {
        "index": 405,
        "name": "2000元累充礼包",
        "vip_level": 0,
        "charge_token": 20000,
        "comsume_token": 0,
        "reward_goods": [20002,20022],
        "reward_count": [30000,1],
        "primer": ""
    },
    "406": {
        "index": 406,
        "name": "3000元累充礼包",
        "vip_level": 0,
        "charge_token": 30000,
        "comsume_token": 0,
        "reward_goods": [10044,20002],
        "reward_count": [1,5000],
        "primer": ""
    },
    "407": {
        "index": 407,
        "name": "5000元累充礼包",
        "vip_level": 0,
        "charge_token": 50000,
        "comsume_token": 0,
        "reward_goods": [180044,37006,20002],
        "reward_count": [1,30,10000],
        "primer": ""
    }}