{"frameRate":30,"isGlobal":0,"armature":[{"defaultActions":[{"gotoAndPlay":"000_chongji"}],"animation":[{"frame":[],"duration":60,"slot":[{"frame":[{"tweenEasing":0,"displayIndex":-1,"duration":15},{"tweenEasing":0,"duration":3},{"tweenEasing":0,"displayIndex":1,"duration":3},{"tweenEasing":0,"displayIndex":2,"duration":3},{"tweenEasing":0,"displayIndex":3,"duration":3},{"tweenEasing":0,"duration":6},{"tweenEasing":0,"displayIndex":1,"duration":2},{"tweenEasing":null,"displayIndex":2,"duration":25,"color":{"aM":0}}],"name":"dajianshe_eff/lan_dimianleidian_eff_01"},{"frame":[{"tweenEasing":0,"displayIndex":-1,"duration":15},{"tweenEasing":0,"duration":6},{"tweenEasing":0,"displayIndex":1,"duration":8},{"tweenEasing":null,"displayIndex":1,"duration":31,"color":{"aM":0}}],"name":"leihua_eff/spark02a"},{"frame":[{"tweenEasing":0,"displayIndex":-1,"duration":15},{"tweenEasing":0,"duration":2},{"tweenEasing":0,"displayIndex":1,"duration":3},{"tweenEasing":null,"displayIndex":1,"duration":40,"color":{"aM":0}}],"name":"leihua_eff/spark03a"},{"frame":[{"tweenEasing":0,"displayIndex":-1,"duration":17},{"tweenEasing":0,"duration":2},{"tweenEasing":0,"displayIndex":1,"duration":3},{"tweenEasing":null,"displayIndex":1,"duration":38,"color":{"aM":0}}],"name":"leihua_eff/spark04a"},{"frame":[{"tweenEasing":0,"displayIndex":-1,"duration":10},{"tweenEasing":0,"duration":2},{"tweenEasing":0,"displayIndex":1,"duration":2,"color":{"aM":45}},{"tweenEasing":0,"displayIndex":2,"duration":11},{"tweenEasing":null,"displayIndex":2,"duration":35,"color":{"aM":0}}],"name":"luolei_xiao_eff/00001"},{"frame":[{"tweenEasing":0,"displayIndex":-1,"duration":30},{"tweenEasing":0,"duration":2},{"tweenEasing":0,"displayIndex":1,"duration":2},{"tweenEasing":0,"displayIndex":2,"duration":6},{"tweenEasing":null,"displayIndex":2,"duration":20,"color":{"aM":0}}],"name":"luolei_xiao_eff/1"},{"frame":[{"tweenEasing":0,"displayIndex":-1,"duration":30},{"tweenEasing":0,"duration":2},{"tweenEasing":0,"displayIndex":1,"duration":2},{"tweenEasing":0,"displayIndex":2,"duration":6},{"tweenEasing":null,"displayIndex":2,"duration":20,"color":{"aM":0}}],"name":"luolei_xiao_eff/2"},{"frame":[{"tweenEasing":0,"displayIndex":-1,"duration":30},{"tweenEasing":0,"duration":2},{"tweenEasing":0,"displayIndex":1,"duration":2},{"tweenEasing":0,"displayIndex":2,"duration":6},{"tweenEasing":null,"displayIndex":2,"duration":20,"color":{"aM":0}}],"name":"luolei_xiao_eff/3"},{"frame":[{"tweenEasing":0,"displayIndex":-1,"duration":30},{"tweenEasing":0,"duration":3},{"tweenEasing":0,"displayIndex":1,"duration":3},{"tweenEasing":0,"displayIndex":2,"duration":2},{"tweenEasing":0,"displayIndex":2,"duration":2,"color":{"aM":0}},{"tweenEasing":0,"displayIndex":2,"duration":2},{"tweenEasing":0,"displayIndex":2,"duration":3,"color":{"aM":0}},{"tweenEasing":0,"displayIndex":2,"duration":15},{"tweenEasing":null,"displayIndex":2,"duration":0,"color":{"aM":0}}],"name":"luolei_xiao_eff/5"},{"frame":[{"tweenEasing":0,"displayIndex":-1,"duration":30},{"tweenEasing":0,"duration":3},{"tweenEasing":0,"displayIndex":1,"duration":3},{"tweenEasing":0,"displayIndex":2,"duration":3},{"tweenEasing":0,"displayIndex":3,"duration":3},{"tweenEasing":0,"displayIndex":4,"duration":3},{"tweenEasing":0,"displayIndex":-1,"duration":15},{"tweenEasing":null,"displayIndex":-1,"duration":0,"color":{"aM":0}}],"name":"xiaojianshe_eff/lan_leidianhuohua_eff_01"},{"frame":[{"tweenEasing":null,"displayIndex":-1,"duration":30},{"tweenEasing":null,"duration":3},{"tweenEasing":null,"displayIndex":1,"duration":3},{"tweenEasing":null,"displayIndex":2,"duration":3},{"tweenEasing":null,"displayIndex":3,"duration":3},{"tweenEasing":null,"displayIndex":4,"duration":3},{"tweenEasing":null,"displayIndex":-1,"duration":15}],"name":"zhongjianshe_eff/00001"}],"ffd":[],"bone":[{"frame":[{"tweenEasing":0,"duration":15,"transform":{}},{"tweenEasing":0,"duration":2,"transform":{"y":-293.605,"x":-496.16}},{"duration":43,"transform":{"scY":1.61,"y":-293.605,"scX":1.61,"x":-496.16}}],"name":"leihua_eff/spark04a"},{"frame":[{"tweenEasing":0,"duration":15,"transform":{}},{"duration":45,"transform":{"scY":1.54,"y":-243.215,"scX":1.54,"x":-397.365}}],"name":"leihua_eff/spark03a"},{"frame":[{"tweenEasing":0,"duration":15,"transform":{}},{"duration":45,"transform":{"scY":1.57,"y":-274.42,"scX":1.57,"x":-396.29}}],"name":"leihua_eff/spark02a"},{"frame":[{"duration":60,"transform":{"y":141.91,"x":-507.495}}],"name":"xiaojianshe_eff/lan_leidianhuohua_eff_01"},{"frame":[{"duration":60,"transform":{"scY":2.75,"x":-388.85}}],"name":"luolei_xiao_eff/00001"},{"frame":[{"tweenEasing":0,"duration":30,"transform":{}},{"duration":30,"transform":{"scY":1.86,"y":8.74,"scX":1.86,"x":-504.37}}],"name":"zhongjianshe_eff/00001"},{"frame":[{"tweenEasing":0,"duration":15,"transform":{}},{"duration":45,"transform":{"scY":1.44,"y":-22.985,"scX":1.44}}],"name":"dajianshe_eff/lan_dimianleidian_eff_01"},{"frame":[{"tweenEasing":0,"duration":30,"transform":{"y":1.92,"skX":72.43,"skY":72.43,"x":-327.585}},{"duration":30,"transform":{"scY":0.45,"y":1.92,"skX":77.5,"skY":77.5,"scX":2.33,"x":-327.585}}],"name":"luolei_xiao_eff/1"},{"frame":[{"tweenEasing":0,"duration":30,"transform":{"y":1.92,"skX":44.48,"skY":44.48,"x":-257.6}},{"duration":30,"transform":{"scY":1.51,"y":1.92,"skX":86.48,"skY":86.48,"scX":2.39,"x":-257.6}}],"name":"luolei_xiao_eff/2"},{"frame":[{"tweenEasing":0,"duration":30,"transform":{"y":1.92,"skX":13.19,"skY":13.19,"x":-179.84}},{"duration":30,"transform":{"scY":0.45,"y":1.92,"skX":91.13,"skY":91.13,"scX":2.65,"x":-179.84}}],"name":"luolei_xiao_eff/3"},{"frame":[{"tweenEasing":0,"duration":30,"transform":{"y":1.92,"skX":-38.03,"skY":-38.03,"x":-23.025}},{"curve":[0,0.4,0.875,1],"duration":3,"transform":{"scY":2.68,"y":-27.295,"skX":90.41,"skY":90.41,"scX":0.83,"x":-23.025}},{"duration":27,"transform":{"scY":2.68,"y":-27.295,"skX":90.41,"skY":90.41,"scX":2.71,"x":-23.025}}],"name":"luolei_xiao_eff/4"},{"frame":[{"duration":60,"transform":{}}],"name":"root"}],"name":"000_chongji","ik":[]},{"frame":[],"duration":60,"slot":[{"frame":[{"tweenEasing":0,"displayIndex":-1,"duration":15},{"tweenEasing":0,"duration":3},{"tweenEasing":0,"displayIndex":1,"duration":3},{"tweenEasing":0,"displayIndex":2,"duration":3},{"tweenEasing":0,"displayIndex":3,"duration":3},{"tweenEasing":0,"duration":6},{"tweenEasing":0,"displayIndex":1,"duration":2},{"tweenEasing":null,"displayIndex":2,"duration":25,"color":{"aM":0}}],"name":"dajianshe_eff/lan_dimianleidian_eff_01"},{"frame":[{"tweenEasing":0,"displayIndex":-1,"duration":15},{"tweenEasing":0,"duration":6},{"tweenEasing":0,"displayIndex":1,"duration":8},{"tweenEasing":null,"displayIndex":1,"duration":31,"color":{"aM":0}}],"name":"leihua_eff/spark02a"},{"frame":[{"tweenEasing":0,"displayIndex":-1,"duration":15},{"tweenEasing":0,"duration":2},{"tweenEasing":0,"displayIndex":1,"duration":3},{"tweenEasing":null,"displayIndex":1,"duration":40,"color":{"aM":0}}],"name":"leihua_eff/spark03a"},{"frame":[{"tweenEasing":0,"displayIndex":-1,"duration":17},{"tweenEasing":0,"duration":2},{"tweenEasing":0,"displayIndex":1,"duration":3},{"tweenEasing":null,"displayIndex":1,"duration":38,"color":{"aM":0}}],"name":"leihua_eff/spark04a"},{"frame":[{"tweenEasing":0,"displayIndex":-1,"duration":10},{"tweenEasing":0,"duration":2},{"tweenEasing":0,"displayIndex":1,"duration":2,"color":{"aM":45}},{"tweenEasing":0,"displayIndex":2,"duration":11},{"tweenEasing":null,"displayIndex":2,"duration":35,"color":{"aM":0}}],"name":"luolei_xiao_eff/00001"},{"frame":[{"tweenEasing":0,"displayIndex":-1,"duration":30},{"tweenEasing":0,"duration":3},{"tweenEasing":0,"displayIndex":1,"duration":3},{"tweenEasing":0,"displayIndex":2,"duration":3},{"tweenEasing":0,"displayIndex":3,"duration":3},{"tweenEasing":0,"displayIndex":4,"duration":3},{"tweenEasing":0,"displayIndex":-1,"duration":15},{"tweenEasing":null,"displayIndex":-1,"duration":0,"color":{"aM":0}}],"name":"xiaojianshe_eff/lan_leidianhuohua_eff_01"},{"frame":[{"tweenEasing":null,"displayIndex":-1,"duration":30},{"tweenEasing":null,"duration":3},{"tweenEasing":null,"displayIndex":1,"duration":3},{"tweenEasing":null,"displayIndex":2,"duration":3},{"tweenEasing":null,"displayIndex":3,"duration":3},{"tweenEasing":null,"displayIndex":4,"duration":3},{"tweenEasing":null,"displayIndex":-1,"duration":15}],"name":"zhongjianshe_eff/00001"}],"ffd":[],"bone":[{"frame":[{"tweenEasing":0,"duration":15,"transform":{}},{"tweenEasing":0,"duration":2,"transform":{"y":-293.605,"x":-496.16}},{"duration":43,"transform":{"scY":1.61,"y":-293.605,"scX":1.61,"x":-496.16}}],"name":"leihua_eff/spark04a"},{"frame":[{"tweenEasing":0,"duration":15,"transform":{}},{"duration":45,"transform":{"scY":1.54,"y":-243.215,"scX":1.54,"x":-397.365}}],"name":"leihua_eff/spark03a"},{"frame":[{"tweenEasing":0,"duration":15,"transform":{}},{"duration":45,"transform":{"scY":1.57,"y":-274.42,"scX":1.57,"x":-396.29}}],"name":"leihua_eff/spark02a"},{"frame":[{"duration":60,"transform":{"y":141.91,"x":-507.495}}],"name":"xiaojianshe_eff/lan_leidianhuohua_eff_01"},{"frame":[{"duration":60,"transform":{"scY":2.75,"x":-388.85}}],"name":"luolei_xiao_eff/00001"},{"frame":[{"tweenEasing":0,"duration":30,"transform":{}},{"duration":30,"transform":{"scY":1.86,"y":8.74,"scX":1.86,"x":-504.37}}],"name":"zhongjianshe_eff/00001"},{"frame":[{"tweenEasing":0,"duration":15,"transform":{}},{"duration":45,"transform":{"scY":1.44,"y":-22.985,"scX":1.44}}],"name":"dajianshe_eff/lan_dimianleidian_eff_01"},{"frame":[{"duration":60,"transform":{"y":1.92,"skX":72.43,"skY":72.43,"x":-327.585}}],"name":"luolei_xiao_eff/1"},{"frame":[{"duration":60,"transform":{"y":1.92,"skX":44.48,"skY":44.48,"x":-257.6}}],"name":"luolei_xiao_eff/2"},{"frame":[{"duration":60,"transform":{"y":1.92,"skX":13.19,"skY":13.19,"x":-179.84}}],"name":"luolei_xiao_eff/3"},{"frame":[{"duration":60,"transform":{"y":1.92,"skX":-38.03,"skY":-38.03,"x":-23.025}}],"name":"luolei_xiao_eff/4"},{"frame":[{"duration":60,"transform":{}}],"name":"root"}],"name":"001_xuli","ik":[]},{"frame":[],"duration":20,"slot":[{"frame":[{"tweenEasing":null,"displayIndex":-1,"duration":20}],"name":"dajianshe_eff/lan_dimianleidian_eff_01"},{"frame":[{"tweenEasing":0,"duration":2},{"tweenEasing":0,"displayIndex":1,"duration":2},{"tweenEasing":0,"displayIndex":2,"duration":6},{"tweenEasing":null,"displayIndex":2,"duration":10,"color":{"aM":0}}],"name":"luolei_xiao_eff/1"},{"frame":[{"tweenEasing":0,"duration":2},{"tweenEasing":0,"displayIndex":1,"duration":2},{"tweenEasing":0,"displayIndex":2,"duration":6},{"tweenEasing":null,"displayIndex":2,"duration":10,"color":{"aM":0}}],"name":"luolei_xiao_eff/2"},{"frame":[{"tweenEasing":0,"duration":2},{"tweenEasing":0,"displayIndex":1,"duration":2},{"tweenEasing":0,"displayIndex":2,"duration":6},{"tweenEasing":null,"displayIndex":2,"duration":10,"color":{"aM":0}}],"name":"luolei_xiao_eff/3"},{"frame":[{"tweenEasing":0,"duration":3},{"tweenEasing":0,"displayIndex":1,"duration":3},{"tweenEasing":0,"displayIndex":2,"duration":2},{"tweenEasing":0,"displayIndex":2,"duration":2,"color":{"aM":0}},{"tweenEasing":0,"displayIndex":2,"duration":2},{"tweenEasing":0,"displayIndex":2,"duration":3,"color":{"aM":0}},{"tweenEasing":0,"displayIndex":2,"duration":5},{"tweenEasing":null,"displayIndex":2,"duration":0,"color":{"aM":0}}],"name":"luolei_xiao_eff/5"},{"frame":[{"tweenEasing":0,"duration":3},{"tweenEasing":0,"displayIndex":1,"duration":3},{"tweenEasing":0,"displayIndex":2,"duration":3},{"tweenEasing":0,"displayIndex":3,"duration":3},{"tweenEasing":0,"displayIndex":4,"duration":3},{"tweenEasing":0,"displayIndex":-1,"duration":5},{"tweenEasing":null,"displayIndex":-1,"duration":0,"color":{"aM":0}}],"name":"xiaojianshe_eff/lan_leidianhuohua_eff_01"}],"ffd":[],"bone":[{"frame":[{"duration":20,"transform":{"scY":1.61,"y":-293.605,"scX":1.61,"x":-496.16}}],"name":"leihua_eff/spark04a"},{"frame":[{"duration":20,"transform":{"scY":1.57,"y":-274.42,"scX":1.57,"x":-396.29}}],"name":"leihua_eff/spark02a"},{"frame":[{"duration":20,"transform":{"y":141.91,"x":-507.495}}],"name":"xiaojianshe_eff/lan_leidianhuohua_eff_01"},{"frame":[{"duration":20,"transform":{"scY":2.75,"x":-388.85}}],"name":"luolei_xiao_eff/00001"},{"frame":[{"duration":20,"transform":{"scY":0.45,"y":1.92,"skX":77.5,"skY":77.5,"scX":2.33,"x":-327.585}}],"name":"luolei_xiao_eff/1"},{"frame":[{"duration":20,"transform":{"scY":1.51,"y":1.92,"skX":86.48,"skY":86.48,"scX":2.39,"x":-257.6}}],"name":"luolei_xiao_eff/2"},{"frame":[{"duration":20,"transform":{"scY":0.45,"y":1.92,"skX":91.13,"skY":91.13,"scX":2.65,"x":-179.84}}],"name":"luolei_xiao_eff/3"},{"frame":[{"curve":[0,0.4,0.875,1],"duration":3,"transform":{"scY":2.68,"y":-27.295,"skX":90.41,"skY":90.41,"scX":0.83,"x":-23.025}},{"duration":17,"transform":{"scY":2.68,"y":-27.295,"skX":90.41,"skY":90.41,"scX":2.71,"x":-23.025}}],"name":"luolei_xiao_eff/4"},{"frame":[{"duration":20,"transform":{}}],"name":"root"},{"frame":[{"duration":20,"transform":{}}],"name":"dajianshe_eff/lan_dimianleidian_eff_01"},{"frame":[{"duration":20,"transform":{}}],"name":"leihua_eff/spark03a"},{"frame":[{"duration":20,"transform":{}}],"name":"zhongjianshe_eff/00001"}],"name":"002_fangshe","ik":[]},{"frame":[],"duration":30,"slot":[{"frame":[{"tweenEasing":0,"duration":3},{"tweenEasing":0,"displayIndex":1,"duration":2},{"tweenEasing":null,"displayIndex":2,"duration":25,"color":{"aM":0}}],"name":"dajianshe_eff/lan_dimianleidian_eff_01"},{"frame":[{"tweenEasing":0,"duration":3},{"tweenEasing":0,"displayIndex":1,"duration":3},{"tweenEasing":0,"displayIndex":2,"duration":3},{"tweenEasing":0,"displayIndex":3,"duration":3},{"tweenEasing":0,"displayIndex":4,"duration":3},{"tweenEasing":0,"displayIndex":-1,"duration":15},{"tweenEasing":null,"displayIndex":-1,"duration":0,"color":{"aM":0}}],"name":"xiaojianshe_eff/lan_leidianhuohua_eff_01"},{"frame":[{"tweenEasing":null,"duration":3},{"tweenEasing":null,"displayIndex":1,"duration":3},{"tweenEasing":null,"displayIndex":2,"duration":3},{"tweenEasing":null,"displayIndex":3,"duration":3},{"tweenEasing":null,"displayIndex":4,"duration":3},{"tweenEasing":null,"displayIndex":-1,"duration":15}],"name":"zhongjianshe_eff/00001"}],"ffd":[],"bone":[{"frame":[{"duration":30,"transform":{"scY":1.61,"y":-293.605,"scX":1.61,"x":-496.16}}],"name":"leihua_eff/spark04a"},{"frame":[{"duration":30,"transform":{"scY":1.54,"y":-243.215,"scX":1.54,"x":-397.365}}],"name":"leihua_eff/spark03a"},{"frame":[{"duration":30,"transform":{"scY":1.57,"y":-274.42,"scX":1.57,"x":-396.29}}],"name":"leihua_eff/spark02a"},{"frame":[{"duration":30,"transform":{"y":141.91,"x":-507.495}}],"name":"xiaojianshe_eff/lan_leidianhuohua_eff_01"},{"frame":[{"duration":30,"transform":{"scY":2.75,"x":-388.85}}],"name":"luolei_xiao_eff/00001"},{"frame":[{"duration":30,"transform":{"scY":1.86,"y":8.74,"scX":1.86,"x":-504.37}}],"name":"zhongjianshe_eff/00001"},{"frame":[{"duration":30,"transform":{"scY":1.44,"y":-22.985,"scX":1.44}}],"name":"dajianshe_eff/lan_dimianleidian_eff_01"},{"frame":[{"curve":[0,0.92,0.75,1],"duration":30,"transform":{"skX":-90,"skY":-90,"x":-33.325}},{"duration":0,"transform":{"skX":-90,"skY":-90,"x":22.985}}],"name":"root"},{"frame":[{"duration":30,"transform":{"y":1.92,"skX":72.43,"skY":72.43,"x":-327.585}}],"name":"luolei_xiao_eff/1"},{"frame":[{"duration":30,"transform":{"y":1.92,"skX":44.48,"skY":44.48,"x":-257.6}}],"name":"luolei_xiao_eff/2"},{"frame":[{"duration":30,"transform":{"y":1.92,"skX":13.19,"skY":13.19,"x":-179.84}}],"name":"luolei_xiao_eff/3"},{"frame":[{"duration":30,"transform":{"y":1.92,"skX":-38.03,"skY":-38.03,"x":-23.025}}],"name":"luolei_xiao_eff/4"}],"name":"003_chongji","ik":[]}],"type":"Armature","frameRate":30,"ik":[],"bone":[{"name":"root","transform":{}},{"length":29.5,"transform":{"scY":2.227,"y":27.03,"skX":-89.36,"skY":-89.36,"scX":2.227,"x":-0.25},"parent":"root","name":"dajianshe_eff/lan_dimianleidian_eff_01"},{"length":45.5,"transform":{"y":75.48,"skX":129.71,"skY":129.71,"x":414.64},"parent":"root","name":"leihua_eff/spark02a"},{"length":35,"transform":{"y":182.09,"skX":65.46,"skY":65.46,"x":383.26},"parent":"root","name":"leihua_eff/spark03a"},{"length":36.5,"transform":{"y":198.505,"skX":-86.63,"skY":-86.63,"x":496.22},"parent":"root","name":"leihua_eff/spark04a"},{"length":198.5,"transform":{"scY":1.173,"y":-1.92,"skX":-90.48,"skY":-90.48,"scX":1.173,"x":394.975},"parent":"root","name":"luolei_xiao_eff/00001"},{"length":198.5,"transform":{"scY":1.173,"y":-1.92,"skX":-90.48,"skY":-90.48,"scX":1.173,"x":327.585},"parent":"root","name":"luolei_xiao_eff/1"},{"length":198.5,"transform":{"scY":1.173,"y":-1.92,"skX":-90.48,"skY":-90.48,"scX":1.173,"x":257.6},"parent":"root","name":"luolei_xiao_eff/2"},{"length":198.5,"transform":{"scY":1.173,"y":-1.92,"skX":-90.48,"skY":-90.48,"scX":1.173,"x":179.84},"parent":"root","name":"luolei_xiao_eff/3"},{"length":198.5,"transform":{"scY":1.173,"y":-1.92,"skX":-90.48,"skY":-90.48,"scX":1.173,"x":23.025},"parent":"root","name":"luolei_xiao_eff/4"},{"length":57,"transform":{"y":-170.07,"skX":-0.87,"skY":-0.87,"x":507.075},"parent":"root","name":"xiaojianshe_eff/lan_leidianhuohua_eff_01"},{"length":62,"transform":{"y":-1.405,"skX":-91.2,"skY":-91.2,"x":502.165},"parent":"root","name":"zhongjianshe_eff/00001"}],"aabb":{"width":82,"y":-62.41317407347459,"height":58.5,"x":-40.67782907911207},"skin":[{"slot":[{"display":[{"path":"leihua_eff/spark03a","type":"image","name":"leihua_eff/spark03a","transform":{"y":-0.785,"skX":-65.28,"skY":-65.28,"x":-0.455}},{"path":"leihua_eff/spark03b","type":"image","name":"leihua_eff/spark03b","transform":{"y":-0.785,"skX":-65.28,"skY":-65.28,"x":-0.455}}],"blendMode":"add","name":"leihua_eff/spark03a"},{"display":[{"path":"dajianshe_eff/lan_dimianleidian_eff_01","type":"image","name":"dajianshe_eff/lan_dimianleidian_eff_01","transform":{"y":-0.045,"skX":89.37,"skY":89.37,"x":27.03}},{"path":"dajianshe_eff/lan_dimianleidian_eff_02","type":"image","name":"dajianshe_eff/lan_dimianleidian_eff_02","transform":{"y":-0.045,"skX":89.37,"skY":89.37,"x":27.03}},{"path":"dajianshe_eff/lan_dimianleidian_eff_03","type":"image","name":"dajianshe_eff/lan_dimianleidian_eff_03","transform":{"y":-0.045,"skX":89.37,"skY":89.37,"x":27.03}},{"path":"dajianshe_eff/lan_dimianleidian_eff_04","type":"image","name":"dajianshe_eff/lan_dimianleidian_eff_04","transform":{"y":-0.045,"skX":89.37,"skY":89.37,"x":27.03}}],"blendMode":"add","name":"dajianshe_eff/lan_dimianleidian_eff_01"},{"display":[{"path":"zhongjianshe_eff/00001","type":"image","name":"zhongjianshe_eff/00001","transform":{"y":4.32,"skX":91.19,"skY":91.19,"x":61.165}},{"path":"zhongjianshe_eff/00002","type":"image","name":"zhongjianshe_eff/00002","transform":{"y":4.32,"skX":91.19,"skY":91.19,"x":61.165}},{"path":"zhongjianshe_eff/00003","type":"image","name":"zhongjianshe_eff/00003","transform":{"y":4.32,"skX":91.19,"skY":91.19,"x":61.165}},{"path":"zhongjianshe_eff/00004","type":"image","name":"zhongjianshe_eff/00004","transform":{"y":4.32,"skX":91.19,"skY":91.19,"x":61.165}},{"path":"zhongjianshe_eff/00005","type":"image","name":"zhongjianshe_eff/00005","transform":{"y":4.32,"skX":91.19,"skY":91.19,"x":61.165}}],"blendMode":"add","name":"zhongjianshe_eff/00001"},{"display":[{"path":"luolei_xiao_eff/00001","type":"image","name":"luolei_xiao_eff/00001","transform":{"y":2.915,"skX":90.47,"skY":90.47,"x":127.735}},{"path":"luolei_xiao_eff/00005","type":"image","name":"luolei_xiao_eff/00005","transform":{"y":2.915,"skX":90.47,"skY":90.47,"x":127.735}},{"path":"luolei_xiao_eff/00021","type":"image","name":"luolei_xiao_eff/00021","transform":{"y":2.915,"skX":90.47,"skY":90.47,"x":127.735}}],"blendMode":"add","name":"luolei_xiao_eff/2"},{"display":[{"path":"leihua_eff/spark02a","type":"image","name":"leihua_eff/spark02a","transform":{"y":0.41,"skX":-129.86,"skY":-129.86,"x":-0.57}},{"path":"leihua_eff/spark02b","type":"image","name":"leihua_eff/spark02b","transform":{"y":0.41,"skX":-129.86,"skY":-129.86,"x":-0.57}}],"blendMode":"add","name":"leihua_eff/spark02a"},{"display":[{"path":"luolei_xiao_eff/00001","type":"image","name":"luolei_xiao_eff/00001","transform":{"y":2.915,"skX":90.47,"skY":90.47,"x":127.735}},{"path":"luolei_xiao_eff/00005","type":"image","name":"luolei_xiao_eff/00005","transform":{"y":2.915,"skX":90.47,"skY":90.47,"x":127.735}},{"path":"luolei_xiao_eff/00021","type":"image","name":"luolei_xiao_eff/00021","transform":{"y":2.915,"skX":90.47,"skY":90.47,"x":127.735}}],"blendMode":"add","name":"luolei_xiao_eff/00001"},{"display":[{"path":"xiaojianshe_eff/lan_leidianhuohua_eff_01","type":"image","name":"xiaojianshe_eff/lan_leidianhuohua_eff_01","transform":{"y":-0.895,"skX":0.86,"skY":0.86,"x":12.305}},{"path":"xiaojianshe_eff/lan_leidianhuohua_eff_02","type":"image","name":"xiaojianshe_eff/lan_leidianhuohua_eff_02","transform":{"y":-0.895,"skX":0.86,"skY":0.86,"x":12.305}},{"path":"xiaojianshe_eff/lan_leidianhuohua_eff_03","type":"image","name":"xiaojianshe_eff/lan_leidianhuohua_eff_03","transform":{"y":-0.895,"skX":0.86,"skY":0.86,"x":12.305}},{"path":"xiaojianshe_eff/lan_leidianhuohua_eff_04","type":"image","name":"xiaojianshe_eff/lan_leidianhuohua_eff_04","transform":{"y":-0.895,"skX":0.86,"skY":0.86,"x":12.305}},{"path":"xiaojianshe_eff/lan_leidianhuohua_eff_05","type":"image","name":"xiaojianshe_eff/lan_leidianhuohua_eff_05","transform":{"y":-0.895,"skX":0.86,"skY":0.86,"x":12.305}}],"blendMode":"add","name":"xiaojianshe_eff/lan_leidianhuohua_eff_01"},{"display":[{"path":"luolei_xiao_eff/00001","type":"image","name":"luolei_xiao_eff/00001","transform":{"y":2.915,"skX":90.47,"skY":90.47,"x":127.735}},{"path":"luolei_xiao_eff/00005","type":"image","name":"luolei_xiao_eff/00005","transform":{"y":2.915,"skX":90.47,"skY":90.47,"x":127.735}},{"path":"luolei_xiao_eff/00021","type":"image","name":"luolei_xiao_eff/00021","transform":{"y":2.915,"skX":90.47,"skY":90.47,"x":127.735}}],"blendMode":"add","name":"luolei_xiao_eff/1"},{"display":[{"path":"luolei_xiao_eff/00001","type":"image","name":"luolei_xiao_eff/00001","transform":{"y":2.915,"skX":90.47,"skY":90.47,"x":127.735}},{"path":"luolei_xiao_eff/00005","type":"image","name":"luolei_xiao_eff/00005","transform":{"y":2.915,"skX":90.47,"skY":90.47,"x":127.735}},{"path":"luolei_xiao_eff/00021","type":"image","name":"luolei_xiao_eff/00021","transform":{"y":2.915,"skX":90.47,"skY":90.47,"x":127.735}}],"blendMode":"add","name":"luolei_xiao_eff/3"},{"display":[{"path":"luolei_xiao_eff/00001","type":"image","name":"luolei_xiao_eff/00001","transform":{"y":2.915,"skX":90.47,"skY":90.47,"x":127.735}},{"path":"luolei_xiao_eff/00005","type":"image","name":"luolei_xiao_eff/00005","transform":{"y":2.915,"skX":90.47,"skY":90.47,"x":127.735}},{"path":"luolei_xiao_eff/00021","type":"image","name":"luolei_xiao_eff/00021","transform":{"y":2.915,"skX":90.47,"skY":90.47,"x":127.735}}],"blendMode":"add","name":"luolei_xiao_eff/5"},{"display":[{"path":"leihua_eff/spark04a","type":"image","name":"leihua_eff/spark04a","transform":{"y":0.36,"skX":86.62,"skY":86.62,"x":0.08}},{"path":"leihua_eff/spark04b","type":"image","name":"leihua_eff/spark04b","transform":{"y":0.36,"skX":86.62,"skY":86.62,"x":0.08}}],"blendMode":"add","name":"leihua_eff/spark04a"}],"name":""}],"slot":[{"blendMode":"add","parent":"luolei_xiao_eff/00001","displayIndex":-1,"name":"luolei_xiao_eff/00001","color":{}},{"blendMode":"add","z":1,"parent":"luolei_xiao_eff/1","displayIndex":-1,"name":"luolei_xiao_eff/1","color":{}},{"blendMode":"add","z":2,"parent":"luolei_xiao_eff/2","displayIndex":-1,"name":"luolei_xiao_eff/2","color":{}},{"blendMode":"add","z":3,"parent":"luolei_xiao_eff/3","displayIndex":-1,"name":"luolei_xiao_eff/3","color":{}},{"blendMode":"add","z":4,"parent":"luolei_xiao_eff/4","displayIndex":-1,"name":"luolei_xiao_eff/5","color":{}},{"blendMode":"add","z":5,"parent":"zhongjianshe_eff/00001","displayIndex":-1,"name":"zhongjianshe_eff/00001","color":{}},{"blendMode":"add","z":6,"parent":"xiaojianshe_eff/lan_leidianhuohua_eff_01","displayIndex":-1,"name":"xiaojianshe_eff/lan_leidianhuohua_eff_01","color":{}},{"blendMode":"add","z":7,"parent":"leihua_eff/spark02a","displayIndex":-1,"name":"leihua_eff/spark02a","color":{}},{"blendMode":"add","z":8,"parent":"leihua_eff/spark03a","displayIndex":-1,"name":"leihua_eff/spark03a","color":{}},{"blendMode":"add","z":9,"parent":"leihua_eff/spark04a","displayIndex":-1,"name":"leihua_eff/spark04a","color":{}},{"blendMode":"add","z":10,"parent":"dajianshe_eff/lan_dimianleidian_eff_01","displayIndex":2,"name":"dajianshe_eff/lan_dimianleidian_eff_01","color":{}}],"name":"armatureName"}],"name":"lei_shiwanfute_eff","version":"4.0"}