{"frameRate":30,"isGlobal":0,"armature":[{"bone":[{"name":"root","transform":{}},{"transform":{},"name":"Fuji","parent":"root"},{"transform":{"y":-321.22},"name":"buff_up","parent":"root"},{"transform":{"y":-114.55},"name":"buff_mid","parent":"root"},{"transform":{},"name":"buff_flo","parent":"root"},{"transform":{"y":-39.73,"x":9.08},"name":"bip","parent":"Fuji"},{"length":117,"transform":{"y":27.73,"skX":-85,"skY":-85,"x":-6.08},"parent":"bip","name":"Body"},{"length":27,"transform":{"y":7.14,"skX":100.52,"skY":100.52,"x":-10.35},"parent":"bip","name":"Leg_R"},{"length":29,"transform":{"y":-2.99,"skX":91.76,"skY":91.76,"x":13.72},"parent":"bip","name":"Leg_L"},{"transform":{"y":48.72,"skX":-5,"skY":-5,"x":82.63},"name":"Brow_L","parent":"Body"},{"length":38,"transform":{"y":-4.73,"skX":40.97,"skY":40.97,"x":93.25},"parent":"Body","name":"Ear_L"},{"transform":{"y":13.46,"skX":-5,"skY":-5,"x":79.97},"name":"Brow_R","parent":"Body"},{"length":51,"transform":{"y":-12.96,"skX":-31.46,"skY":-31.46,"x":85},"parent":"Body","name":"Ear_R"},{"length":15,"transform":{"y":0.48,"skX":-78.01,"skY":-78.01,"x":31.7},"parent":"Leg_L","name":"Foot_L"},{"length":25,"transform":{"y":13.46,"skX":12.84,"skY":12.84,"x":88.32},"parent":"Body","name":"Hair_02"},{"length":57,"transform":{"y":36.8,"skX":119.84,"skY":119.84,"x":39.61},"parent":"Body","name":"Hand_L"},{"length":19,"transform":{"y":0.77,"skX":-84.54,"skY":-84.54,"x":29.59},"parent":"Leg_R","name":"Foot_R"},{"length":60,"transform":{"y":-20.92,"skX":-136.65,"skY":-136.65,"x":36.03},"parent":"Body","name":"Hand_R"},{"length":21,"transform":{"y":-7.35,"skX":-1.87,"skY":-1.87,"x":95.82},"parent":"Body","name":"Hair_01"},{"length":34,"transform":{"y":-24.88,"skX":-74.83,"skY":-74.83,"x":26.06},"parent":"Body","name":"Tail"},{"length":20,"transform":{"y":25.33,"skX":13.09,"skY":13.09,"x":84.34},"parent":"Body","name":"Hair_03"},{"length":24,"transform":{"y":0.47,"skX":30.02,"skY":30.02,"x":25.42},"parent":"Hair_02","name":"Hair_M2"},{"length":24,"transform":{"skX":-0.33,"skY":-0.33,"x":21.97},"parent":"Hair_01","name":"Hair_B2"},{"length":17,"transform":{"y":-0.02,"skX":71.84,"skY":71.84,"x":20.48},"parent":"Hair_03","name":"Hair_F2"},{"length":21,"transform":{"skX":-2.73,"skY":-2.73,"x":19.76},"parent":"Foot_R","name":"Foot_R2"},{"length":31,"transform":{"y":-0.05,"skX":5.91,"skY":5.91,"x":34.09},"parent":"Tail","name":"Tail2"},{"length":36,"transform":{"y":-0.09,"skX":-26.56,"skY":-26.56,"x":38.94},"parent":"Ear_L","name":"Ear_L2"},{"length":23,"transform":{"skX":-3.03,"skY":-3.03,"x":15.27},"parent":"Foot_L","name":"Foot_L2"},{"length":50,"transform":{"y":0.18,"skX":5.17,"skY":5.17,"x":51.96},"parent":"Ear_R","name":"Ear_R2"},{"length":31,"transform":{"y":-0.1,"skX":13.35,"skY":13.35,"x":24.86},"parent":"Hair_M2","name":"Hair_M3"},{"length":34,"transform":{"skX":-0.79,"skY":-0.79,"x":24.76},"parent":"Hair_B2","name":"Hair_B3"},{"length":21,"transform":{"y":0.02,"skX":28.76,"skY":28.76,"x":17.55},"parent":"Hair_F2","name":"Hair_F3"},{"length":57,"transform":{"y":0.01,"skX":3.5,"skY":3.5,"x":50.53},"parent":"Ear_R2","name":"Ear_R3"},{"length":42,"transform":{"skX":84.97,"skY":84.97,"x":31.6},"parent":"Tail2","name":"Tail3"},{"length":55,"transform":{"y":0.12,"skX":29.61,"skY":29.61,"x":36.85},"parent":"Ear_L2","name":"Ear_L3"},{"length":37,"transform":{"skX":-119.61,"skY":-119.61,"x":42.06},"parent":"Tail3","name":"Tail4"},{"length":32,"transform":{"y":0.15,"skX":104.42,"skY":104.42,"x":37.54},"parent":"Tail4","name":"Tail5"},{"length":32,"transform":{"y":-0.5,"skX":-4.72,"skY":-4.72,"x":37.42},"parent":"Tail5","name":"Tail6"},{"length":36,"transform":{"skX":-7.76,"skY":-7.76,"x":32.18},"parent":"Tail6","name":"Tail7"}],"type":"Armature","ik":[],"defaultActions":[{"gotoAndPlay":"0000_daiji"}],"animation":[{"ik":[],"frame":[],"slot":[{"frame":[{"displayIndex":-1,"tweenEasing":0,"duration":53},{"tweenEasing":0,"duration":3},{"displayIndex":-1,"tweenEasing":0,"duration":24},{"displayIndex":-1,"tweenEasing":null,"duration":0}],"name":"Eye"}],"ffd":[],"bone":[{"frame":[{"transform":{},"duration":40},{"transform":{},"duration":40}],"name":"Fuji"},{"frame":[{"curve":[0.25,0,0.75,1],"transform":{},"duration":20},{"curve":[0.25,0,0.75,1],"transform":{"y":-3.26},"duration":20},{"tweenEasing":0,"transform":{"y":-3.26},"duration":20},{"curve":[0.25,0,0.75,1],"transform":{"y":-3.26},"duration":20},{"transform":{},"duration":0}],"name":"bip"},{"frame":[{"curve":[0.348,0.65,0.682,1],"transform":{"scY":0.999,"skX":-0.02,"skY":-0.02},"duration":1},{"curve":[0.25,0,0.75,1],"transform":{},"duration":20},{"curve":[0.25,0,0.75,1],"transform":{"scY":0.973,"skX":-1.37,"skY":-1.37,"scX":1.032},"duration":19},{"tweenEasing":0,"transform":{"scY":0.9997,"skX":-0.0168,"skY":-0.0168,"scX":1.0004},"duration":1},{"curve":[0.25,0,0.75,1],"transform":{},"duration":20},{"curve":[0.247,0,0.729,0.9],"transform":{"scY":0.973,"skX":-1.37,"skY":-1.37,"scX":1.032},"duration":19},{"transform":{"scY":0.999,"skX":-0.02,"skY":-0.02},"duration":0}],"name":"Body"},{"frame":[{"curve":[0.359,0.64,0.695,1],"transform":{"skX":-19.13,"skY":-19.13},"duration":2},{"curve":[0.25,0,0.75,1],"transform":{"skX":-20.04,"skY":-20.04},"duration":20},{"curve":[0.25,0,0.75,1],"transform":{"skX":1.31,"skY":1.31},"duration":18},{"tweenEasing":0,"transform":{"skX":-19.1905,"skY":-19.1905},"duration":2},{"curve":[0.25,0,0.75,1],"transform":{"skX":-20.04,"skY":-20.04},"duration":2},{"tweenEasing":0,"transform":{"skX":-19.2387,"skY":-19.2387},"duration":18},{"curve":[0.245,0,0.71,0.83],"transform":{"skX":1.31,"skY":1.31},"duration":18},{"transform":{"skX":-19.13,"skY":-19.13},"duration":0}],"name":"Tail"},{"frame":[{"curve":[0.374,0.61,0.715,1],"transform":{"skX":-5.75,"skY":-5.75},"duration":4},{"curve":[0.25,0,0.75,1],"transform":{"skX":-8.94,"skY":-8.94},"duration":20},{"curve":[0.25,0,0.75,1],"transform":{"skX":15.52,"skY":15.52},"duration":16},{"tweenEasing":0,"transform":{"skX":-5.8503,"skY":-5.8503},"duration":4},{"curve":[0.25,0,0.75,1],"transform":{"skX":-8.9882,"skY":-8.9882},"duration":20},{"curve":[0.242,0,0.679,0.71],"transform":{"skX":15.52,"skY":15.52},"duration":16},{"transform":{"skX":-5.75,"skY":-5.75},"duration":0}],"name":"Tail2"},{"frame":[{"curve":[0.381,0.58,0.731,1],"transform":{"skX":14.64,"skY":14.64},"duration":6},{"curve":[0.25,0,0.75,1],"transform":{"skX":21.63,"skY":21.63},"duration":20},{"curve":[0.25,0,0.75,1],"transform":{"skX":-7.22,"skY":-7.22},"duration":14},{"tweenEasing":0,"transform":{"skX":16.236,"skY":16.236},"duration":4},{"tweenEasing":0,"transform":{"skX":20.4339,"skY":20.4339},"duration":2},{"curve":[0.25,0,0.75,1],"transform":{"skX":21.63,"skY":21.63},"duration":20},{"curve":[0.242,0,0.655,0.62],"transform":{"skX":-7.22,"skY":-7.22},"duration":14},{"transform":{"skX":14.64,"skY":14.64},"duration":0}],"name":"Tail3"},{"frame":[{"curve":[0.381,0.54,0.742,1],"transform":{"skX":2.06,"skY":2.06},"duration":8},{"curve":[0.25,0,0.75,1],"transform":{"skX":-17.48,"skY":-17.48},"duration":20},{"curve":[0.25,0,0.75,1],"transform":{"skX":35.65,"skY":35.65},"duration":12},{"tweenEasing":0,"transform":{"skX":-2.2573,"skY":-2.2573},"duration":4},{"tweenEasing":0,"transform":{"skX":-10.7256,"skY":-10.7256},"duration":4},{"curve":[0.25,0,0.75,1],"transform":{"skX":-17.48,"skY":-17.48},"duration":20},{"curve":[0.245,0,0.637,0.55],"transform":{"skX":35.65,"skY":35.65},"duration":12},{"transform":{"skX":2.06,"skY":2.06},"duration":0}],"name":"Tail4"},{"frame":[{"curve":[0.375,0.5,0.75,1],"transform":{"skX":-5.98,"skY":-5.98},"duration":10},{"curve":[0.25,0,0.75,1],"transform":{"skX":18.69,"skY":18.69},"duration":20},{"curve":[0.25,0,0.75,1],"transform":{"skX":-30.66,"skY":-30.66},"duration":10},{"tweenEasing":0,"transform":{"skX":-1.6436,"skY":-1.6436},"duration":4},{"tweenEasing":0,"transform":{"skX":6.7406,"skY":6.7406},"duration":6},{"curve":[0.25,0,0.75,1],"transform":{"skX":18.69,"skY":18.69},"duration":20},{"curve":[0.25,0,0.625,0.5],"transform":{"skX":-30.66,"skY":-30.66},"duration":10},{"transform":{"skX":-5.98,"skY":-5.98},"duration":0}],"name":"Tail5"},{"frame":[{"curve":[0.362,0.44,0.754,1],"transform":{"skX":2.98,"skY":2.98},"duration":12},{"curve":[0.25,0,0.75,1],"transform":{"skX":-11.12,"skY":-11.12},"duration":20},{"curve":[0.25,0,0.75,1],"transform":{"skX":11.19,"skY":11.19},"duration":8},{"tweenEasing":0,"transform":{"skX":1.0289,"skY":1.0289},"duration":4},{"tweenEasing":0,"transform":{"skX":-2.9668,"skY":-2.9668},"duration":8},{"curve":[0.25,0,0.75,1],"transform":{"skX":-11.12,"skY":-11.12},"duration":20},{"curve":[0.257,0,0.618,0.45],"transform":{"skX":11.19,"skY":11.19},"duration":8},{"transform":{"skX":2.98,"skY":2.98},"duration":0}],"name":"Tail6"},{"frame":[{"curve":[0.344,0.37,0.757,1],"transform":{"skX":8.94,"skY":8.94},"duration":14},{"curve":[0.25,0,0.75,1],"transform":{"skX":-10.92,"skY":-10.92},"duration":20},{"curve":[0.25,0,0.75,1],"transform":{"skX":15.29,"skY":15.29},"duration":6},{"tweenEasing":0,"transform":{"skX":6.9721,"skY":6.9721},"duration":4},{"tweenEasing":0,"transform":{"skX":2.1368,"skY":2.1368},"duration":10},{"curve":[0.25,0,0.75,1],"transform":{"skX":-10.92,"skY":-10.92},"duration":20},{"curve":[0.268,0,0.618,0.41],"transform":{"skX":15.29,"skY":15.29},"duration":6},{"transform":{"skX":8.94,"skY":8.94},"duration":0}],"name":"Tail7"},{"frame":[{"curve":[0.359,0.64,0.695,1],"transform":{"skX":0.42,"skY":0.42,"x":0.04},"duration":2},{"curve":[0.25,0,0.75,1],"transform":{},"duration":20},{"curve":[0.25,0,0.75,1],"transform":{"y":-0.07,"skX":10.05,"skY":10.05,"x":1.06},"duration":18},{"tweenEasing":0,"transform":{"y":-0.0028,"skX":0.3999,"skY":0.3999,"x":0.0422},"duration":2},{"curve":[0.25,0,0.75,1],"transform":{},"duration":20},{"curve":[0.245,0,0.71,0.83],"transform":{"y":-0.07,"skX":10.05,"skY":10.05,"x":1.06},"duration":18},{"transform":{"skX":0.42,"skY":0.42,"x":0.04},"duration":0}],"name":"Hand_R"},{"frame":[{"curve":[0.368,0.62,0.706,1],"transform":{"skX":-0.87,"skY":-0.87,"x":0.08},"duration":3},{"curve":[0.25,0,0.75,1],"transform":{},"duration":20},{"curve":[0.25,0,0.75,1],"transform":{"y":-0.07,"skX":-10.58,"skY":-10.58,"x":1.06},"duration":17},{"tweenEasing":0,"transform":{"y":-0.0056,"skX":-0.8489,"skY":-0.8489,"x":0.085},"duration":3},{"curve":[0.25,0,0.75,1],"transform":{},"duration":20},{"curve":[0.243,0,0.694,0.76],"transform":{"y":-0.07,"skX":-10.58,"skY":-10.58,"x":1.06},"duration":17},{"transform":{"skX":-0.87,"skY":-0.87,"x":0.08},"duration":0}],"name":"Hand_L"},{"frame":[{"curve":[0.368,0.62,0.706,1],"transform":{"skX":-7.02,"skY":-7.02},"duration":3},{"curve":[0.25,0,0.75,1],"transform":{"skX":-7.45,"skY":-7.45},"duration":20},{"curve":[0.25,0,0.75,1],"transform":{"skX":-2.25,"skY":-2.25},"duration":17},{"tweenEasing":0,"transform":{"skX":-7.0328,"skY":-7.0328},"duration":3},{"curve":[0.25,0,0.75,1],"transform":{"skX":-7.45,"skY":-7.45},"duration":20},{"curve":[0.243,0,0.694,0.76],"transform":{"skX":-2.25,"skY":-2.25},"duration":17},{"transform":{"skX":-7.02,"skY":-7.02},"duration":0}],"name":"Ear_R"},{"frame":[{"curve":[0.379,0.6,0.724,1],"transform":{"skX":-16.25,"skY":-16.25},"duration":5},{"curve":[0.25,0,0.75,1],"transform":{"skX":-17.98,"skY":-17.98},"duration":20},{"curve":[0.25,0,0.75,1],"transform":{"skX":-8.6,"skY":-8.6},"duration":15},{"tweenEasing":0,"transform":{"skX":-16.2672,"skY":-16.2672},"duration":5},{"curve":[0.25,0,0.75,1],"transform":{"skX":-17.98,"skY":-17.98},"duration":20},{"curve":[0.242,0,0.666,0.66],"transform":{"skX":-8.6,"skY":-8.6},"duration":15},{"transform":{"skX":-16.25,"skY":-16.25},"duration":0}],"name":"Ear_R2"},{"frame":[{"curve":[0.382,0.56,0.737,1],"transform":{"skX":-23.88,"skY":-23.88},"duration":7},{"curve":[0.25,0,0.75,1],"transform":{"skX":-29.43,"skY":-29.43},"duration":20},{"curve":[0.25,0,0.75,1],"transform":{"skX":-11.21,"skY":-11.21},"duration":13},{"tweenEasing":0,"transform":{"skX":-23.9027,"skY":-23.9027},"duration":7},{"curve":[0.25,0,0.75,1],"transform":{"skX":-29.43,"skY":-29.43},"duration":20},{"curve":[0.243,0,0.645,0.58],"transform":{"skX":-11.21,"skY":-11.21},"duration":13},{"transform":{"skX":-23.88,"skY":-23.88},"duration":0}],"name":"Ear_R3"},{"frame":[{"curve":[0.379,0.6,0.724,1],"transform":{"skX":3.5,"skY":3.5},"duration":5},{"curve":[0.25,0,0.75,1],"transform":{"skX":4.29,"skY":4.29},"duration":20},{"curve":[0.25,0,0.75,1],"transform":{},"duration":15},{"tweenEasing":0,"transform":{"skX":3.5066,"skY":3.5066},"duration":5},{"curve":[0.25,0,0.75,1],"transform":{"skX":4.29,"skY":4.29},"duration":20},{"curve":[0.242,0,0.666,0.66],"transform":{},"duration":15},{"transform":{"skX":3.5,"skY":3.5},"duration":0}],"name":"Ear_L"},{"frame":[{"curve":[0.382,0.56,0.737,1],"transform":{"skX":3.86,"skY":3.86},"duration":7},{"curve":[0.25,0,0.75,1],"transform":{"skX":5.55,"skY":5.55},"duration":20},{"curve":[0.25,0,0.75,1],"transform":{},"duration":13},{"tweenEasing":0,"transform":{"skX":3.8663,"skY":3.8663},"duration":7},{"curve":[0.25,0,0.75,1],"transform":{"skX":5.55,"skY":5.55},"duration":20},{"curve":[0.243,0,0.645,0.58],"transform":{},"duration":13},{"transform":{"skX":3.86,"skY":3.86},"duration":0}],"name":"Ear_L2"},{"frame":[{"curve":[0.378,0.52,0.746,1],"transform":{"skX":5.72,"skY":5.72},"duration":9},{"curve":[0.25,0,0.75,1],"transform":{"skX":10.11,"skY":10.11},"duration":20},{"curve":[0.25,0,0.75,1],"transform":{},"duration":11},{"tweenEasing":0,"transform":{"skX":5.7274,"skY":5.7274},"duration":9},{"curve":[0.25,0,0.75,1],"transform":{"skX":10.11,"skY":10.11},"duration":20},{"curve":[0.247,0,0.63,0.52],"transform":{},"duration":11},{"transform":{"skX":5.72,"skY":5.72},"duration":0}],"name":"Ear_L3"},{"frame":[{"curve":[0.374,0.61,0.715,1],"transform":{"skX":2.33,"skY":2.33},"duration":4},{"curve":[0.25,0,0.75,1],"transform":{"skX":3.05,"skY":3.05},"duration":20},{"curve":[0.25,0,0.75,1],"transform":{"skX":-2.43,"skY":-2.43},"duration":16},{"tweenEasing":0,"transform":{"skX":2.3484,"skY":2.3484},"duration":4},{"curve":[0.25,0,0.75,1],"transform":{"skX":3.05,"skY":3.05},"duration":20},{"curve":[0.242,0,0.679,0.71],"transform":{"skX":-2.43,"skY":-2.43},"duration":16},{"transform":{"skX":2.33,"skY":2.33},"duration":0}],"name":"Hair_01"},{"frame":[{"curve":[0.381,0.58,0.731,1],"transform":{"skX":3.36,"skY":3.36},"duration":6},{"curve":[0.25,0,0.75,1],"transform":{"skX":6.29,"skY":6.29},"duration":20},{"curve":[0.25,0,0.75,1],"transform":{"skX":-5.79,"skY":-5.79},"duration":14},{"tweenEasing":0,"transform":{"skX":3.3768,"skY":3.3768},"duration":6},{"curve":[0.25,0,0.75,1],"transform":{"skX":6.29,"skY":6.29},"duration":20},{"curve":[0.242,0,0.655,0.62],"transform":{"skX":-5.79,"skY":-5.79},"duration":14},{"transform":{"skX":3.36,"skY":3.36},"duration":0}],"name":"Hair_B2"},{"frame":[{"curve":[0.381,0.54,0.742,1],"transform":{"skX":1.59,"skY":1.59},"duration":8},{"curve":[0.25,0,0.75,1],"transform":{"skX":7.53,"skY":7.53},"duration":20},{"curve":[0.25,0,0.75,1],"transform":{"skX":-8.6,"skY":-8.6},"duration":12},{"tweenEasing":0,"transform":{"skX":1.6004,"skY":1.6004},"duration":8},{"curve":[0.25,0,0.75,1],"transform":{"skX":7.53,"skY":7.53},"duration":20},{"curve":[0.245,0,0.637,0.55],"transform":{"skX":-8.6,"skY":-8.6},"duration":12},{"transform":{"skX":1.59,"skY":1.59},"duration":0}],"name":"Hair_B3"},{"frame":[{"curve":[0.359,0.64,0.695,1],"transform":{"skX":3.47,"skY":3.47},"duration":2},{"curve":[0.25,0,0.75,1],"transform":{"skX":3.81,"skY":3.81},"duration":20},{"curve":[0.25,0,0.75,1],"transform":{"skX":-4.16,"skY":-4.16},"duration":18},{"tweenEasing":0,"transform":{"skX":3.4929,"skY":3.4929},"duration":2},{"curve":[0.25,0,0.75,1],"transform":{"skX":3.81,"skY":3.81},"duration":20},{"curve":[0.245,0,0.71,0.83],"transform":{"skX":-4.16,"skY":-4.16},"duration":18},{"transform":{"skX":3.47,"skY":3.47},"duration":0}],"name":"Hair_02"},{"frame":[{"curve":[0.374,0.61,0.715,1],"transform":{"skX":3.69,"skY":3.69},"duration":4},{"curve":[0.25,0,0.75,1],"transform":{"skX":5.63,"skY":5.63},"duration":20},{"curve":[0.25,0,0.75,1],"transform":{"skX":-9.27,"skY":-9.27},"duration":16},{"tweenEasing":0,"transform":{"skX":3.7223,"skY":3.7223},"duration":4},{"curve":[0.25,0,0.75,1],"transform":{"skX":5.63,"skY":5.63},"duration":20},{"curve":[0.242,0,0.679,0.71],"transform":{"skX":-9.27,"skY":-9.27},"duration":16},{"transform":{"skX":3.69,"skY":3.69},"duration":0}],"name":"Hair_M2"},{"frame":[{"curve":[0.381,0.58,0.731,1],"transform":{"skX":0.62,"skY":0.62},"duration":6},{"curve":[0.25,0,0.75,1],"transform":{"skX":5.51,"skY":5.51},"duration":20},{"curve":[0.25,0,0.75,1],"transform":{"skX":-14.65,"skY":-14.65},"duration":14},{"tweenEasing":0,"transform":{"skX":0.6482,"skY":0.6482},"duration":6},{"curve":[0.25,0,0.75,1],"transform":{"skX":5.51,"skY":5.51},"duration":20},{"curve":[0.242,0,0.655,0.62],"transform":{"skX":-14.65,"skY":-14.65},"duration":14},{"transform":{"skX":0.62,"skY":0.62},"duration":0}],"name":"Hair_M3"},{"frame":[{"curve":[0.368,0.62,0.706,1],"transform":{"skX":3.12,"skY":3.12},"duration":3},{"curve":[0.25,0,0.75,1],"transform":{"skX":3.81,"skY":3.81},"duration":20},{"curve":[0.25,0,0.75,1],"transform":{"skX":-4.41,"skY":-4.41},"duration":17},{"tweenEasing":0,"transform":{"skX":3.1505,"skY":3.1505},"duration":3},{"curve":[0.25,0,0.75,1],"transform":{"skX":3.81,"skY":3.81},"duration":20},{"curve":[0.243,0,0.694,0.76],"transform":{"skX":-4.41,"skY":-4.41},"duration":17},{"transform":{"skX":3.12,"skY":3.12},"duration":0}],"name":"Hair_03"},{"frame":[{"curve":[0.379,0.6,0.724,1],"transform":{"skX":3.75,"skY":3.75},"duration":5},{"curve":[0.25,0,0.75,1],"transform":{"skX":6.95,"skY":6.95},"duration":20},{"curve":[0.25,0,0.75,1],"transform":{"skX":-10.4,"skY":-10.4},"duration":15},{"tweenEasing":0,"transform":{"skX":3.7818,"skY":3.7818},"duration":5},{"curve":[0.25,0,0.75,1],"transform":{"skX":6.95,"skY":6.95},"duration":20},{"curve":[0.242,0,0.666,0.66],"transform":{"skX":-10.4,"skY":-10.4},"duration":15},{"transform":{"skX":3.75,"skY":3.75},"duration":0}],"name":"Hair_F2"},{"frame":[{"curve":[0.382,0.56,0.737,1],"transform":{"skX":-5.76,"skY":-5.76},"duration":7},{"curve":[0.25,0,0.75,1],"transform":{},"duration":20},{"curve":[0.25,0,0.75,1],"transform":{"skX":-18.91,"skY":-18.91},"duration":13},{"tweenEasing":0,"transform":{"skX":-5.7366,"skY":-5.7366},"duration":7},{"curve":[0.25,0,0.75,1],"transform":{},"duration":20},{"curve":[0.243,0,0.645,0.58],"transform":{"skX":-18.91,"skY":-18.91},"duration":13},{"transform":{"skX":-5.76,"skY":-5.76},"duration":0}],"name":"Hair_F3"},{"frame":[{"curve":[0.368,0.62,0.706,1],"transform":{"y":0.1,"skX":0.15,"skY":0.15,"x":0.12},"duration":3},{"curve":[0.25,0,0.75,1],"transform":{},"duration":20},{"curve":[0.25,0,0.75,1],"transform":{"y":1.23,"skX":1.86,"skY":1.86,"x":1.53},"duration":17},{"tweenEasing":0,"transform":{"y":0.0987,"skX":0.1492,"skY":0.1492,"x":0.1228},"duration":3},{"curve":[0.25,0,0.75,1],"transform":{},"duration":20},{"curve":[0.243,0,0.694,0.76],"transform":{"y":1.23,"skX":1.86,"skY":1.86,"x":1.53},"duration":17},{"transform":{"y":0.1,"skX":0.15,"skY":0.15,"x":0.12},"duration":0}],"name":"Brow_R"},{"frame":[{"curve":[0.359,0.64,0.695,1],"transform":{"y":-0.02,"skX":0.09,"skY":0.09,"x":0.05},"duration":2},{"curve":[0.25,0,0.75,1],"transform":{},"duration":20},{"curve":[0.25,0,0.75,1],"transform":{"y":-0.52,"skX":2.19,"skY":2.19,"x":1.27},"duration":18},{"tweenEasing":0,"transform":{"y":-0.0207,"skX":0.0871,"skY":0.0871,"x":0.0505},"duration":2},{"curve":[0.25,0,0.75,1],"transform":{},"duration":20},{"curve":[0.245,0,0.71,0.83],"transform":{"y":-0.52,"skX":2.19,"skY":2.19,"x":1.27},"duration":18},{"transform":{"y":-0.02,"skX":0.09,"skY":0.09,"x":0.05},"duration":0}],"name":"Brow_L"},{"frame":[{"curve":[0.25,0,0.75,1],"transform":{},"duration":20},{"curve":[0.25,0,0.75,1],"transform":{"y":1.05,"skX":-0.92,"skY":-0.92,"scX":1.048},"duration":20},{"tweenEasing":0,"transform":{"y":1.05,"skX":-0.92,"skY":-0.92,"scX":1.048},"duration":20},{"curve":[0.25,0,0.75,1],"transform":{"y":1.05,"skX":-0.92,"skY":-0.92,"scX":1.048},"duration":20},{"transform":{},"duration":0}],"name":"Leg_R"},{"frame":[{"curve":[0.25,0,0.75,1],"transform":{},"duration":20},{"curve":[0.25,0,0.75,1],"transform":{"skX":0.33,"skY":0.33},"duration":20},{"tweenEasing":0,"transform":{"skX":0.33,"skY":0.33},"duration":20},{"curve":[0.25,0,0.75,1],"transform":{"skX":0.33,"skY":0.33},"duration":20},{"transform":{},"duration":0}],"name":"Foot_R"},{"frame":[{"curve":[0.25,0,0.75,1],"transform":{},"duration":20},{"curve":[0.25,0,0.75,1],"transform":{"skX":3.28,"skY":3.28},"duration":20},{"tweenEasing":0,"transform":{"skX":3.28,"skY":3.28},"duration":20},{"curve":[0.25,0,0.75,1],"transform":{"skX":3.28,"skY":3.28},"duration":20},{"transform":{},"duration":0}],"name":"Foot_R2"},{"frame":[{"curve":[0.25,0,0.75,1],"transform":{},"duration":20},{"curve":[0.25,0,0.75,1],"transform":{"y":1.48,"skX":-0.61,"skY":-0.61,"scX":1.018},"duration":20},{"tweenEasing":0,"transform":{"y":1.48,"skX":-0.61,"skY":-0.61,"scX":1.018},"duration":20},{"curve":[0.25,0,0.75,1],"transform":{"y":1.48,"skX":-0.61,"skY":-0.61,"scX":1.018},"duration":20},{"transform":{},"duration":0}],"name":"Leg_L"},{"frame":[{"curve":[0.25,0,0.75,1],"transform":{},"duration":20},{"curve":[0.25,0,0.75,1],"transform":{"skX":-0.37,"skY":-0.37},"duration":20},{"tweenEasing":0,"transform":{"skX":-0.37,"skY":-0.37},"duration":20},{"curve":[0.25,0,0.75,1],"transform":{"skX":-0.37,"skY":-0.37},"duration":20},{"transform":{},"duration":0}],"name":"Foot_L"},{"frame":[{"curve":[0.25,0,0.75,1],"transform":{},"duration":20},{"curve":[0.25,0,0.75,1],"transform":{"skX":5.28,"skY":5.28},"duration":20},{"tweenEasing":0,"transform":{"skX":5.28,"skY":5.28},"duration":20},{"curve":[0.25,0,0.75,1],"transform":{"skX":5.28,"skY":5.28},"duration":20},{"transform":{},"duration":0}],"name":"Foot_L2"},{"frame":[{"transform":{},"duration":40},{"transform":{},"duration":40}],"name":"root"},{"frame":[{"transform":{},"duration":80}],"name":"buff_up"},{"frame":[{"transform":{},"duration":40},{"transform":{},"duration":40}],"name":"buff_mid"},{"frame":[{"transform":{},"duration":40},{"transform":{},"duration":40}],"name":"buff_flo"}],"name":"0000_daiji","duration":80},{"ik":[],"frame":[],"slot":[{"frame":[{"displayIndex":-1,"tweenEasing":0,"duration":30},{"displayIndex":-1,"tweenEasing":null,"duration":0}],"name":"Eye"}],"ffd":[],"bone":[{"frame":[{"transform":{},"duration":30}],"name":"Fuji"},{"frame":[{"tweenEasing":0,"transform":{"y":-1.26,"x":-9.08},"duration":3},{"tweenEasing":0,"transform":{"y":-20.05,"skX":2,"skY":2,"x":-1.99},"duration":3},{"tweenEasing":0,"transform":{"y":-40.07,"skX":1.5,"skY":1.5,"x":-0.99},"duration":3},{"tweenEasing":0,"transform":{"y":-47.18,"skX":0.5,"skY":0.5,"x":0.66},"duration":3},{"tweenEasing":0,"transform":{"y":-50.26,"x":1.91},"duration":3},{"tweenEasing":0,"transform":{"y":-46.06,"skX":-3,"skY":-3,"x":3.9},"duration":3},{"tweenEasing":0,"transform":{"y":-36.1,"skX":-8,"skY":-8,"x":5.99},"duration":3},{"tweenEasing":0,"transform":{"y":-9.96,"skX":-10,"skY":-10,"x":7.89},"duration":3},{"tweenEasing":0,"transform":{"y":7.73,"x":6.91},"duration":3},{"tweenEasing":0,"transform":{"y":4.81,"skX":0.5,"skY":0.5,"x":-0.09},"duration":3},{"transform":{"y":-1.26,"x":-9.08},"duration":0}],"name":"bip"},{"frame":[{"curve":[0.191,0.285,0.8674999999999999,1],"transform":{"scY":0.999,"skX":9.11,"skY":9.11,"scX":1.004},"duration":3},{"curve":[0.0545,0.1,0.875,1],"transform":{"scY":0.971,"y":-0.49,"skX":10.94,"skY":10.94,"scX":1.033,"x":0.14},"duration":9},{"curve":[0.125,0,0.875,1],"transform":{"scY":1.011,"y":-2.5,"skX":-1.97,"skY":-1.97,"scX":0.986,"x":0.19},"duration":6},{"curve":[0.125,0,0.875,1],"transform":{"scY":0.965,"y":-10.14,"skX":-2.1,"skY":-2.1,"scX":1.034,"x":0.56},"duration":6},{"curve":[0.1215,0,0.8240000000000001,0.8],"transform":{"scY":1.051,"y":0.89,"skX":-0.42,"skY":-0.42,"scX":0.954,"x":-0.19},"duration":6},{"transform":{"scY":0.999,"skX":9.11,"skY":9.11,"scX":1.004},"duration":0}],"name":"Body"},{"frame":[{"curve":[0.25,0,0.75,1],"transform":{"skX":-26.4,"skY":-26.4},"duration":15},{"curve":[0.25,0,0.75,1],"transform":{"skX":-2.78,"skY":-2.78,"scX":1.049},"duration":15},{"transform":{"skX":-26.4,"skY":-26.4},"duration":0}],"name":"Tail"},{"frame":[{"curve":[0.352,0.65,0.686,1],"transform":{"skX":-34.1,"skY":-34.1},"duration":1},{"curve":[0.25,0,0.75,1],"transform":{"skX":-35.11,"skY":-35.11},"duration":15},{"curve":[0.246,0,0.722,0.88],"transform":{"skX":9.45,"skY":9.45},"duration":14},{"transform":{"skX":-34.1,"skY":-34.1},"duration":0}],"name":"Tail2"},{"frame":[{"curve":[0.365,0.63,0.702,1],"transform":{"skX":25.15,"skY":25.15},"duration":2},{"curve":[0.25,0,0.75,1],"transform":{"skX":30.34,"skY":30.34},"duration":15},{"curve":[0.244,0,0.699,0.78],"transform":{"skX":-44.33,"skY":-44.33},"duration":13},{"transform":{"skX":25.15,"skY":25.15},"duration":0}],"name":"Tail3"},{"frame":[{"curve":[0.374,0.61,0.715,1],"transform":{"skX":-5.25,"skY":-5.25},"duration":3},{"curve":[0.25,0,0.75,1],"transform":{"skX":-15.32,"skY":-15.32},"duration":15},{"curve":[0.242,0,0.679,0.71],"transform":{"skX":62.08,"skY":62.08},"duration":12},{"transform":{"skX":-5.25,"skY":-5.25},"duration":0}],"name":"Tail4"},{"frame":[{"curve":[0.38,0.59,0.726,1],"transform":{"skX":9.79,"skY":9.79},"duration":4},{"curve":[0.25,0,0.75,1],"transform":{"skX":24.48,"skY":24.48},"duration":15},{"curve":[0.242,0,0.662,0.65],"transform":{"skX":-48.03,"skY":-48.03},"duration":11},{"transform":{"skX":9.79,"skY":9.79},"duration":0}],"name":"Tail5"},{"frame":[{"curve":[0.382,0.57,0.735,1],"transform":{"skX":23.41,"skY":23.41},"duration":5},{"curve":[0.25,0,0.75,1],"transform":{"skX":35.68,"skY":35.68},"duration":15},{"curve":[0.243,0,0.648,0.6],"transform":{"skX":-7.57,"skY":-7.57},"duration":10},{"transform":{"skX":23.41,"skY":23.41},"duration":0}],"name":"Tail6"},{"frame":[{"curve":[0.381,0.54,0.742,1],"transform":{"skX":17.38,"skY":17.38},"duration":6},{"curve":[0.25,0,0.75,1],"transform":{"skX":31.51,"skY":31.51},"duration":15},{"curve":[0.245,0,0.637,0.55],"transform":{"skX":-6.89,"skY":-6.89},"duration":9},{"transform":{"skX":17.38,"skY":17.38},"duration":0}],"name":"Tail7"},{"frame":[{"tweenEasing":0,"transform":{"skX":-124.04,"skY":-124.04},"duration":3},{"tweenEasing":0,"transform":{"skX":218.49,"skY":218.49},"duration":6},{"tweenEasing":0,"transform":{"skX":-17.2,"skY":-17.2},"duration":6},{"tweenEasing":0,"transform":{"skX":3.11,"skY":3.11},"duration":3},{"tweenEasing":0,"transform":{"skX":-8.47,"skY":-8.47},"duration":9},{"tweenEasing":0,"transform":{"skX":271.02,"skY":271.02},"duration":3},{"transform":{"skX":-124.04,"skY":-124.04},"duration":0}],"name":"Hand_R"},{"frame":[{"tweenEasing":0,"transform":{"skX":-25.55,"skY":-25.55},"duration":3},{"tweenEasing":0,"transform":{"skX":-46.79,"skY":-46.79},"duration":6},{"tweenEasing":0,"transform":{"skX":-279.34,"skY":-279.34},"duration":6},{"tweenEasing":0,"transform":{"skX":-258.53,"skY":-258.53},"duration":3},{"tweenEasing":0,"transform":{"skX":-268.19,"skY":-268.19},"duration":9},{"tweenEasing":0,"transform":{"skX":17.07,"skY":17.07},"duration":3},{"transform":{"skX":-25.55,"skY":-25.55},"duration":0}],"name":"Hand_L"},{"frame":[{"curve":[0.365,0.63,0.702,1],"transform":{"y":1.66,"skX":-18.72,"skY":-18.72,"x":-4.61},"duration":2},{"curve":[0.25,0,0.75,1],"transform":{"y":1.66,"skX":-19.69,"skY":-19.69,"x":-4.61},"duration":15},{"curve":[0.244,0,0.699,0.78],"transform":{"y":1.66,"skX":-5.85,"skY":-5.85,"x":-4.61},"duration":13},{"transform":{"y":1.66,"skX":-18.72,"skY":-18.72,"x":-4.61},"duration":0}],"name":"Ear_R"},{"frame":[{"curve":[0.38,0.59,0.726,1],"transform":{"skX":-21.96,"skY":-21.96},"duration":4},{"curve":[0.25,0,0.75,1],"transform":{"skX":-31.49,"skY":-31.49},"duration":15},{"curve":[0.242,0,0.662,0.65],"transform":{"skX":15.54,"skY":15.54},"duration":11},{"transform":{"skX":-21.96,"skY":-21.96},"duration":0}],"name":"Ear_R2"},{"frame":[{"curve":[0.381,0.54,0.742,1],"transform":{"skX":-14.27,"skY":-14.27},"duration":6},{"curve":[0.25,0,0.75,1],"transform":{"skX":-34.36,"skY":-34.36},"duration":15},{"curve":[0.245,0,0.637,0.55],"transform":{"skX":20.25,"skY":20.25},"duration":9},{"transform":{"skX":-14.27,"skY":-14.27},"duration":0}],"name":"Ear_R3"},{"frame":[{"curve":[0.352,0.65,0.686,1],"transform":{"y":4.74,"skX":17.69,"skY":17.69,"x":-7.78},"duration":1},{"curve":[0.25,0,0.75,1],"transform":{"y":4.74,"skX":17.9,"skY":17.9,"x":-7.78},"duration":15},{"curve":[0.246,0,0.722,0.88],"transform":{"y":4.74,"skX":8.79,"skY":8.79,"x":-7.78},"duration":14},{"transform":{"y":4.74,"skX":17.69,"skY":17.69,"x":-7.78},"duration":0}],"name":"Ear_L"},{"frame":[{"curve":[0.374,0.61,0.715,1],"transform":{"skX":17,"skY":17},"duration":3},{"curve":[0.25,0,0.75,1],"transform":{"skX":19.57,"skY":19.57},"duration":15},{"curve":[0.242,0,0.679,0.71],"transform":{"skX":-0.2,"skY":-0.2},"duration":12},{"transform":{"skX":17,"skY":17},"duration":0}],"name":"Ear_L2"},{"frame":[{"curve":[0.382,0.57,0.735,1],"transform":{"skX":6.86,"skY":6.86},"duration":5},{"curve":[0.25,0,0.75,1],"transform":{"skX":20.04,"skY":20.04},"duration":15},{"curve":[0.243,0,0.648,0.6],"transform":{"skX":-29.57,"skY":-29.57},"duration":10},{"transform":{"skX":6.86,"skY":6.86},"duration":0}],"name":"Ear_L3"},{"frame":[{"curve":[0.38,0.59,0.726,1],"transform":{"skX":4.86,"skY":4.86},"duration":4},{"curve":[0.25,0,0.75,1],"transform":{"skX":7.37,"skY":7.37},"duration":15},{"curve":[0.242,0,0.662,0.65],"transform":{"skX":-5.02,"skY":-5.02},"duration":11},{"transform":{"skX":4.86,"skY":4.86},"duration":0}],"name":"Hair_01"},{"frame":[{"curve":[0.381,0.54,0.742,1],"transform":{"skX":5.49,"skY":5.49},"duration":6},{"curve":[0.25,0,0.75,1],"transform":{"skX":13.99,"skY":13.99},"duration":15},{"curve":[0.245,0,0.637,0.55],"transform":{"skX":-9.12,"skY":-9.12},"duration":9},{"transform":{"skX":5.49,"skY":5.49},"duration":0}],"name":"Hair_B2"},{"frame":[{"curve":[0.371,0.48,0.751,1],"transform":{"skX":0.93,"skY":0.93},"duration":8},{"curve":[0.25,0,0.75,1],"transform":{"skX":16.5,"skY":16.5},"duration":15},{"curve":[0.252,0,0.622,0.48],"transform":{"skX":-12.1,"skY":-12.1},"duration":7},{"transform":{"skX":0.93,"skY":0.93},"duration":0}],"name":"Hair_B3"},{"frame":[{"curve":[0.374,0.61,0.715,1],"transform":{"skX":7.55,"skY":7.55},"duration":3},{"curve":[0.25,0,0.75,1],"transform":{"skX":9.57,"skY":9.57},"duration":15},{"curve":[0.242,0,0.679,0.71],"transform":{"skX":-5.97,"skY":-5.97},"duration":12},{"transform":{"skX":7.55,"skY":7.55},"duration":0}],"name":"Hair_02"},{"frame":[{"curve":[0.382,0.57,0.735,1],"transform":{"skX":6.61,"skY":6.61},"duration":5},{"curve":[0.25,0,0.75,1],"transform":{"skX":13.59,"skY":13.59},"duration":15},{"curve":[0.243,0,0.648,0.6],"transform":{"skX":-10.99,"skY":-10.99},"duration":10},{"transform":{"skX":6.61,"skY":6.61},"duration":0}],"name":"Hair_M2"},{"frame":[{"curve":[0.377,0.51,0.747,1],"transform":{"skX":1.81,"skY":1.81},"duration":7},{"curve":[0.25,0,0.75,1],"transform":{"skX":17.56,"skY":17.56},"duration":15},{"curve":[0.248,0,0.628,0.51],"transform":{"skX":-16.97,"skY":-16.97},"duration":8},{"transform":{"skX":1.81,"skY":1.81},"duration":0}],"name":"Hair_M3"},{"frame":[{"curve":[0.365,0.63,0.702,1],"transform":{"skX":2.81,"skY":2.81},"duration":2},{"curve":[0.25,0,0.75,1],"transform":{"skX":3.91,"skY":3.91},"duration":15},{"curve":[0.244,0,0.699,0.78],"transform":{"skX":-11.88,"skY":-11.88},"duration":13},{"transform":{"skX":2.81,"skY":2.81},"duration":0}],"name":"Hair_03"},{"frame":[{"curve":[0.38,0.59,0.726,1],"transform":{"skX":2.21,"skY":2.21},"duration":4},{"curve":[0.25,0,0.75,1],"transform":{"skX":6.73,"skY":6.73},"duration":15},{"curve":[0.242,0,0.662,0.65],"transform":{"skX":-15.55,"skY":-15.55},"duration":11},{"transform":{"skX":2.21,"skY":2.21},"duration":0}],"name":"Hair_F2"},{"frame":[{"curve":[0.381,0.54,0.742,1],"transform":{"skX":-4.01,"skY":-4.01},"duration":6},{"curve":[0.25,0,0.75,1],"transform":{"skX":11.09,"skY":11.09},"duration":15},{"curve":[0.245,0,0.637,0.55],"transform":{"skX":-29.97,"skY":-29.97},"duration":9},{"transform":{"skX":-4.01,"skY":-4.01},"duration":0}],"name":"Hair_F3"},{"frame":[{"curve":[0.25,0,0.75,1],"transform":{},"duration":15},{"curve":[0.25,0,0.75,1],"transform":{"y":-0.78,"skX":-1.2,"skY":-1.2,"x":2.18},"duration":15},{"transform":{},"duration":0}],"name":"Brow_R"},{"frame":[{"curve":[0.25,0,0.75,1],"transform":{},"duration":15},{"curve":[0.25,0,0.75,1],"transform":{"y":0.47,"skX":3.6,"skY":3.6,"x":2.16},"duration":15},{"transform":{},"duration":0}],"name":"Brow_L"},{"frame":[{"tweenEasing":0,"transform":{"y":2.4,"skX":9.55,"skY":9.55,"scX":0.834,"x":-0.32},"duration":3},{"tweenEasing":0,"transform":{"y":3.61,"skX":17.78,"skY":17.78,"x":-2.47},"duration":3},{"tweenEasing":0,"transform":{"scY":0.959,"y":3.61,"skX":22.17,"skY":22.17,"scX":1.042,"x":-2.47},"duration":3},{"tweenEasing":0,"transform":{"scY":1.03,"y":3.61,"skX":14.85,"skY":14.85,"scX":0.926,"x":-2.47},"duration":6},{"tweenEasing":0,"transform":{"scY":1.038,"y":-5.89,"skX":1.5,"skY":1.5,"scX":0.931,"x":0.7},"duration":6},{"tweenEasing":0,"transform":{"scY":1.078,"y":-7.72,"skX":-14.47,"skY":-14.47,"scX":0.992,"x":-0.98},"duration":3},{"tweenEasing":0,"transform":{"y":-7.72,"skX":2.69,"skY":2.69,"scX":0.868,"x":-0.98},"duration":3},{"tweenEasing":0,"transform":{"y":1.19,"skX":14.38,"skY":14.38,"scX":0.833,"x":-0.19},"duration":3},{"transform":{"y":2.4,"skX":9.55,"skY":9.55,"scX":0.834,"x":-0.32},"duration":0}],"name":"Leg_R"},{"frame":[{"tweenEasing":0,"transform":{"skX":-10.93,"skY":-10.93},"duration":3},{"tweenEasing":0,"transform":{"skX":17.29,"skY":17.29},"duration":3},{"tweenEasing":0,"transform":{"skX":13.09,"skY":13.09},"duration":9},{"tweenEasing":0,"transform":{"skX":0.33,"skY":0.33},"duration":9},{"tweenEasing":0,"transform":{"skX":-6.93,"skY":-6.93},"duration":3},{"tweenEasing":0,"transform":{"skX":-19.21,"skY":-19.21},"duration":3},{"transform":{"skX":-10.93,"skY":-10.93},"duration":0}],"name":"Foot_R"},{"frame":[{"tweenEasing":0,"transform":{"skX":12.39,"skY":12.39},"duration":3},{"tweenEasing":0,"transform":{"skX":18.49,"skY":18.49},"duration":3},{"tweenEasing":0,"transform":{"skX":27.33,"skY":27.33},"duration":9},{"tweenEasing":0,"transform":{"skX":11.52,"skY":11.52},"duration":6},{"tweenEasing":0,"transform":{"skX":-22.09,"skY":-22.09},"duration":6},{"tweenEasing":0,"transform":{"skX":12.53,"skY":12.53},"duration":3},{"transform":{"skX":12.39,"skY":12.39},"duration":0}],"name":"Foot_R2"},{"frame":[{"tweenEasing":0,"transform":{"y":0.57,"skX":4.68,"skY":4.68,"scX":0.987,"x":-1.95},"duration":3},{"tweenEasing":0,"transform":{"y":4.97,"skX":16.29,"skY":16.29,"x":-2.19},"duration":3},{"tweenEasing":0,"transform":{"scY":0.991,"y":4.97,"skX":12.56,"skY":12.56,"scX":1.019,"x":-2.19},"duration":3},{"tweenEasing":0,"transform":{"y":4.97,"skX":5.17,"skY":5.17,"scX":1.034,"x":-2.19},"duration":6},{"tweenEasing":0,"transform":{"scY":1.038,"y":0.89,"skX":5.44,"skY":5.44,"scX":0.892,"x":-0.77},"duration":6},{"tweenEasing":0,"transform":{"scY":1.015,"y":-11.5,"skX":-9.05,"skY":-9.05,"scX":1.084,"x":-2.75},"duration":3},{"tweenEasing":0,"transform":{"y":-11.5,"skX":8.04,"skY":8.04,"scX":0.937,"x":-2.75},"duration":3},{"tweenEasing":0,"transform":{"y":-5.87,"skX":9.84,"skY":9.84,"scX":1.037,"x":-1.76},"duration":3},{"transform":{"y":0.57,"skX":4.68,"skY":4.68,"scX":0.987,"x":-1.95},"duration":0}],"name":"Leg_L"},{"frame":[{"tweenEasing":0,"transform":{"skX":0.15,"skY":0.15},"duration":3},{"tweenEasing":0,"transform":{"skX":20.21,"skY":20.21},"duration":3},{"tweenEasing":0,"transform":{"skX":25.37,"skY":25.37},"duration":9},{"tweenEasing":0,"transform":{"skX":-2.16,"skY":-2.16},"duration":9},{"tweenEasing":0,"transform":{"skX":-3.45,"skY":-3.45},"duration":3},{"tweenEasing":0,"transform":{"skX":-10.75,"skY":-10.75},"duration":3},{"transform":{"skX":0.15,"skY":0.15},"duration":0}],"name":"Foot_L"},{"frame":[{"tweenEasing":0,"transform":{"skX":12.9,"skY":12.9},"duration":3},{"tweenEasing":0,"transform":{"skX":25.22,"skY":25.22},"duration":3},{"tweenEasing":0,"transform":{"skX":27.96,"skY":27.96},"duration":9},{"tweenEasing":0,"transform":{"skX":11.08,"skY":11.08},"duration":6},{"tweenEasing":0,"transform":{"skX":-17.83,"skY":-17.83},"duration":6},{"tweenEasing":0,"transform":{"skX":10.05,"skY":10.05},"duration":3},{"transform":{"skX":12.9,"skY":12.9},"duration":0}],"name":"Foot_L2"},{"frame":[{"transform":{},"duration":30}],"name":"root"},{"frame":[{"transform":{},"duration":30}],"name":"buff_up"},{"frame":[{"transform":{},"duration":30}],"name":"buff_mid"},{"frame":[{"transform":{},"duration":30}],"name":"buff_flo"}],"name":"0001_yidong","duration":30},{"ik":[],"frame":[],"slot":[{"frame":[{"displayIndex":-1,"tweenEasing":0,"duration":3},{"tweenEasing":0,"duration":17},{"displayIndex":-1,"tweenEasing":0,"duration":17},{"displayIndex":-1,"tweenEasing":null,"duration":0}],"name":"Eye"}],"ffd":[],"bone":[{"frame":[{"transform":{},"duration":37}],"name":"Fuji"},{"frame":[{"curve":[0.25,0,0.75,1],"transform":{},"duration":5},{"transform":{"y":6.02},"duration":12},{"transform":{"y":6.02},"duration":2},{"curve":[0.25,0,1,0.56],"transform":{"y":6.02},"duration":3},{"curve":[0.25,0,0.75,1],"transform":{"y":-82.55},"duration":3},{"curve":[0.25,0,0.75,1],"transform":{"y":-88.86},"duration":5},{"curve":[0.25,0,0.75,1],"transform":{"y":-84.34},"duration":7},{"transform":{},"duration":0}],"name":"bip"},{"frame":[{"curve":[0.25,0,0.75,1],"transform":{"scY":0.999,"skX":-0.02,"skY":-0.02},"duration":5},{"curve":[0.25,0,0.75,1],"transform":{"scY":1.045,"skX":2.23,"skY":2.23,"scX":0.93},"duration":3},{"curve":[0.25,0,0.75,1],"transform":{"scY":1.03,"skX":2.23,"skY":2.23,"scX":0.967},"duration":3},{"curve":[0.25,0,0.75,1],"transform":{"scY":1.049,"skX":2.23,"skY":2.23,"scX":0.903},"duration":3},{"curve":[0.25,0,0.75,1],"transform":{"scY":1.054,"skX":2.23,"skY":2.23,"scX":0.928},"duration":3},{"transform":{"scY":1.055,"skX":3.1,"skY":3.1,"scX":0.919},"duration":2},{"curve":[0.25,0,1,0.56],"transform":{"scY":1.055,"skX":3.1,"skY":3.1,"scX":0.919},"duration":3},{"curve":[0.25,0,0.75,1],"transform":{"scY":0.932,"skX":-2.83,"skY":-2.83,"scX":1.104},"duration":3},{"curve":[0.25,0,0.75,1],"transform":{"skX":-4.32,"skY":-4.32},"duration":5},{"curve":[0.25,0,0.75,1],"transform":{"skX":-4.32,"skY":-4.32},"duration":3},{"curve":[0.162,0.38,0.75,1],"transform":{"scY":0.952,"skX":-4.37,"skY":-4.37,"scX":1.117},"duration":4},{"transform":{"scY":0.999,"skX":-0.02,"skY":-0.02},"duration":0}],"name":"Body"},{"frame":[{"curve":[0.25,0,0.75,1],"transform":{"skX":-19.13,"skY":-19.13},"duration":5},{"curve":[0.25,0,0.75,1],"transform":{"scY":1.062,"skX":-43.45,"skY":-43.45,"scX":0.999},"duration":3},{"curve":[0.25,0,0.75,1],"transform":{"scY":1.062,"skX":-33.37,"skY":-33.37,"scX":0.999},"duration":3},{"curve":[0.25,0,0.75,1],"transform":{"scY":1.062,"skX":-39.52,"skY":-39.52,"scX":0.999},"duration":3},{"curve":[0.25,0,0.75,1],"transform":{"scY":1.062,"skX":-34.89,"skY":-34.89,"scX":0.999},"duration":3},{"curve":[0.25,0,0.75,1],"transform":{"scY":1.062,"skX":-39.66,"skY":-39.66,"scX":0.999},"duration":2},{"curve":[0.25,0,1,0.56],"transform":{"scY":1.062,"skX":-40.11,"skY":-40.11,"scX":0.999},"duration":3},{"curve":[0.25,0,0.75,1],"transform":{"scY":1.196,"skX":-6.45,"skY":-6.45,"scX":1.201},"duration":3},{"curve":[0.25,0,0.75,1],"transform":{"scY":1.196,"skX":-22.24,"skY":-22.24,"scX":1.201},"duration":5},{"curve":[0.25,0,0.75,1],"transform":{"scY":1.19,"skX":-22.59,"skY":-22.59,"scX":1.188},"duration":3},{"curve":[0.162,0.38,0.75,1],"transform":{"scY":1.19,"skX":-0.49,"skY":-0.49,"scX":1.188},"duration":4},{"transform":{"skX":-19.13,"skY":-19.13},"duration":0}],"name":"Tail"},{"frame":[{"curve":[0.25,0,0.75,1],"transform":{"skX":-5.75,"skY":-5.75},"duration":5},{"curve":[0.25,0,0.75,1],"transform":{"skX":23.27,"skY":23.27},"duration":3},{"curve":[0.25,0,0.75,1],"transform":{"skX":15.73,"skY":15.73},"duration":3},{"curve":[0.25,0,0.75,1],"transform":{"skX":23.03,"skY":23.03},"duration":3},{"curve":[0.25,0,0.75,1],"transform":{"skX":18.57,"skY":18.57},"duration":3},{"transform":{"skX":23.27,"skY":23.27},"duration":2},{"curve":[0.25,0,1,0.56],"transform":{"skX":23.27,"skY":23.27},"duration":3},{"curve":[0.25,0,0.75,1],"transform":{"skX":24.73,"skY":24.73},"duration":3},{"curve":[0.25,0,0.75,1],"transform":{"skX":23.46,"skY":23.46},"duration":5},{"curve":[0.25,0,0.75,1],"transform":{"skX":22.93,"skY":22.93},"duration":3},{"curve":[0.162,0.38,0.75,1],"transform":{"skX":14.92,"skY":14.92},"duration":4},{"transform":{"skX":-5.75,"skY":-5.75},"duration":0}],"name":"Tail2"},{"frame":[{"curve":[0.25,0,0.75,1],"transform":{"skX":14.64,"skY":14.64},"duration":5},{"curve":[0.25,0,0.75,1],"transform":{"skX":39.66,"skY":39.66},"duration":3},{"curve":[0.25,0,0.75,1],"transform":{"skX":31.1,"skY":31.1},"duration":3},{"curve":[0.25,0,0.75,1],"transform":{"skX":41.28,"skY":41.28},"duration":3},{"curve":[0.25,0,0.75,1],"transform":{"skX":36.08,"skY":36.08},"duration":3},{"transform":{"skX":39.66,"skY":39.66},"duration":2},{"curve":[0.25,0,1,0.56],"transform":{"skX":39.66,"skY":39.66},"duration":3},{"curve":[0.25,0,0.75,1],"transform":{"skX":-27.66,"skY":-27.66},"duration":3},{"curve":[0.25,0,0.75,1],"transform":{"skX":14.62,"skY":14.62},"duration":5},{"curve":[0.25,0,0.75,1],"transform":{"skX":26.85,"skY":26.85},"duration":3},{"curve":[0.162,0.38,0.75,1],"transform":{"skX":-5.54,"skY":-5.54},"duration":4},{"transform":{"skX":14.64,"skY":14.64},"duration":0}],"name":"Tail3"},{"frame":[{"curve":[0.25,0,0.75,1],"transform":{"skX":2.06,"skY":2.06},"duration":5},{"curve":[0.25,0,0.75,1],"transform":{"skX":-40.45,"skY":-40.45},"duration":3},{"curve":[0.25,0,0.75,1],"transform":{"skX":-27.36,"skY":-27.36},"duration":3},{"curve":[0.25,0,0.75,1],"transform":{"skX":-40.08,"skY":-40.08},"duration":3},{"curve":[0.25,0,0.75,1],"transform":{"skX":-32.11,"skY":-32.11},"duration":3},{"transform":{"skX":-40.45,"skY":-40.45},"duration":2},{"curve":[0.25,0,1,0.56],"transform":{"skX":-40.45,"skY":-40.45},"duration":3},{"curve":[0.25,0,0.75,1],"transform":{"skX":35.3,"skY":35.3},"duration":3},{"curve":[0.25,0,0.75,1],"transform":{"skX":-11.42,"skY":-11.42},"duration":5},{"curve":[0.25,0,0.75,1],"transform":{"skX":-19.81,"skY":-19.81},"duration":3},{"curve":[0.162,0.38,0.75,1],"transform":{"skX":15.7,"skY":15.7},"duration":4},{"transform":{"skX":2.06,"skY":2.06},"duration":0}],"name":"Tail4"},{"frame":[{"curve":[0.25,0,0.75,1],"transform":{"skX":-5.98,"skY":-5.98},"duration":5},{"curve":[0.25,0,0.75,1],"transform":{"skX":33.93,"skY":33.93},"duration":3},{"curve":[0.25,0,0.75,1],"transform":{"skX":25.92,"skY":25.92},"duration":3},{"curve":[0.25,0,0.75,1],"transform":{"skX":33.2,"skY":33.2},"duration":3},{"curve":[0.25,0,0.75,1],"transform":{"skX":29.74,"skY":29.74},"duration":3},{"transform":{"skX":33.93,"skY":33.93},"duration":2},{"curve":[0.25,0,1,0.56],"transform":{"skX":33.93,"skY":33.93},"duration":3},{"curve":[0.25,0,0.75,1],"transform":{"skX":-48.19,"skY":-48.19},"duration":3},{"curve":[0.25,0,0.75,1],"transform":{"skX":4.37,"skY":4.37},"duration":5},{"curve":[0.25,0,0.75,1],"transform":{"skX":16.9,"skY":16.9},"duration":3},{"curve":[0.162,0.38,0.75,1],"transform":{"skX":-17.79,"skY":-17.79},"duration":4},{"transform":{"skX":-5.98,"skY":-5.98},"duration":0}],"name":"Tail5"},{"frame":[{"curve":[0.25,0,0.75,1],"transform":{"skX":2.98,"skY":2.98},"duration":5},{"curve":[0.25,0,0.75,1],"transform":{"skX":5.64,"skY":5.64},"duration":3},{"curve":[0.25,0,0.75,1],"transform":{"skX":19.16,"skY":19.16},"duration":3},{"curve":[0.25,0,0.75,1],"transform":{"skX":7.71,"skY":7.71},"duration":3},{"curve":[0.25,0,0.75,1],"transform":{"skX":19.92,"skY":19.92},"duration":3},{"curve":[0.25,0,0.75,1],"transform":{"skX":7.48,"skY":7.48},"duration":2},{"curve":[0.25,0,1,0.56],"transform":{"skX":15.02,"skY":15.02},"duration":3},{"curve":[0.25,0,0.75,1],"transform":{"skX":17.73,"skY":17.73},"duration":3},{"curve":[0.25,0,0.75,1],"transform":{"skX":6.71,"skY":6.71},"duration":5},{"curve":[0.25,0,0.75,1],"transform":{"skX":-4.34,"skY":-4.34},"duration":3},{"curve":[0.162,0.38,0.75,1],"transform":{"skX":3.5,"skY":3.5},"duration":4},{"transform":{"skX":2.98,"skY":2.98},"duration":0}],"name":"Tail6"},{"frame":[{"curve":[0.25,0,0.75,1],"transform":{"skX":8.94,"skY":8.94},"duration":5},{"curve":[0.25,0,0.75,1],"transform":{"skX":-11.99,"skY":-11.99},"duration":3},{"curve":[0.25,0,0.75,1],"transform":{"skX":25.96,"skY":25.96},"duration":3},{"curve":[0.25,0,0.75,1],"transform":{"skX":9.51,"skY":9.51},"duration":3},{"curve":[0.25,0,0.75,1],"transform":{"skX":32.26,"skY":32.26},"duration":3},{"curve":[0.25,0,0.75,1],"transform":{"skX":9.94,"skY":9.94},"duration":2},{"curve":[0.25,0,1,0.56],"transform":{"skX":19.72,"skY":19.72},"duration":3},{"curve":[0.25,0,0.75,1],"transform":{"skX":25.73,"skY":25.73},"duration":3},{"curve":[0.25,0,0.75,1],"transform":{"skX":-11.45,"skY":-11.45},"duration":5},{"curve":[0.25,0,0.75,1],"transform":{"skX":6.42,"skY":6.42},"duration":3},{"curve":[0.162,0.38,0.75,1],"transform":{"skX":-4.5,"skY":-4.5},"duration":4},{"transform":{"skX":8.94,"skY":8.94},"duration":0}],"name":"Tail7"},{"frame":[{"curve":[0.25,0,0.75,1],"transform":{"skX":0.42,"skY":0.42,"x":0.04},"duration":5},{"curve":[0.25,0,0.75,1],"transform":{"skX":20.74,"skY":20.74,"x":0.04},"duration":3},{"curve":[0.25,0,0.75,1],"transform":{"skX":16.75,"skY":16.75,"x":0.04},"duration":3},{"curve":[0.25,0,0.75,1],"transform":{"skX":23.74,"skY":23.74,"x":0.04},"duration":3},{"curve":[0.25,0,0.75,1],"transform":{"skX":15.39,"skY":15.39,"x":0.04},"duration":3},{"curve":[0.25,0,0.75,1],"transform":{"skX":22.86,"skY":22.86,"x":0.04},"duration":2},{"curve":[0.25,0,1,0.56],"transform":{"skX":28.69,"skY":28.69,"x":0.04},"duration":3},{"curve":[0.25,0,0.75,1],"transform":{"skX":-31.77,"skY":-31.77,"x":0.04},"duration":3},{"curve":[0.25,0,0.75,1],"transform":{"skX":-28.97,"skY":-28.97,"x":0.04},"duration":12},{"transform":{"skX":0.42,"skY":0.42,"x":0.04},"duration":0}],"name":"Hand_R"},{"frame":[{"curve":[0.25,0,0.75,1],"transform":{"skX":-0.87,"skY":-0.87,"x":0.08},"duration":5},{"curve":[0.25,0,0.75,1],"transform":{"skX":-26.77,"skY":-26.77,"x":0.08},"duration":3},{"curve":[0.25,0,0.75,1],"transform":{"skX":-21.02,"skY":-21.02,"x":0.08},"duration":3},{"curve":[0.25,0,0.75,1],"transform":{"skX":-32.1,"skY":-32.1,"x":0.08},"duration":3},{"curve":[0.25,0,0.75,1],"transform":{"skX":-21.81,"skY":-21.81,"x":0.08},"duration":3},{"curve":[0.25,0,0.75,1],"transform":{"skX":-29.37,"skY":-29.37,"x":0.08},"duration":2},{"curve":[0.25,0,1,0.56],"transform":{"skX":-34.14,"skY":-34.14,"x":0.08},"duration":3},{"curve":[0.25,0,0.75,1],"transform":{"skX":37.07,"skY":37.07,"x":0.08},"duration":3},{"curve":[0.25,0,0.75,1],"transform":{"skX":38.05,"skY":38.05,"x":0.08},"duration":12},{"transform":{"skX":-0.87,"skY":-0.87,"x":0.08},"duration":0}],"name":"Hand_L"},{"frame":[{"curve":[0.25,0,0.75,1],"transform":{"skX":-7.02,"skY":-7.02},"duration":5},{"curve":[0.25,0,0.75,1],"transform":{"y":1.02,"skX":-14.49,"skY":-14.49,"x":-2.38},"duration":6},{"curve":[0.25,0,0.75,1],"transform":{"y":1.02,"skX":-8.9,"skY":-8.9,"x":-2.38},"duration":6},{"curve":[0.257,0,0.618,0.45],"transform":{"y":1.02,"skX":-13.6,"skY":-13.6,"x":-2.38},"duration":2},{"curve":[0.28049999999999997,0,0.629,0.4],"transform":{"y":1.02,"skX":-12.03,"skY":-12.03,"x":-2.38},"duration":3},{"curve":[0.281,0.13,0.7095,0.835],"transform":{"y":-0.56,"skX":0.07,"skY":0.07,"x":0.19},"duration":8},{"curve":[0.272,0.47,0.7435,1],"transform":{"y":1.45,"skX":-12.4,"skY":-12.4,"x":-2.36},"duration":7},{"transform":{"skX":-7.02,"skY":-7.02},"duration":0}],"name":"Ear_R"},{"frame":[{"curve":[0.25,0,0.75,1],"transform":{"skX":-16.25,"skY":-16.25},"duration":6},{"curve":[0.25,0,0.75,1],"transform":{"skX":-37.47,"skY":-37.47},"duration":6},{"curve":[0.25,0,0.75,1],"transform":{"skX":-29.48,"skY":-29.48},"duration":6},{"curve":[0.25,0,0.75,1],"transform":{"skX":-40.07,"skY":-40.07},"duration":2},{"curve":[0.25,0,1,0.56],"transform":{"skX":-43.51,"skY":-43.51},"duration":3},{"curve":[0.25,0,0.75,1],"transform":{"skX":4.43,"skY":4.43},"duration":8},{"curve":[0.162,0.38,0.75,1],"transform":{"skX":-31.59,"skY":-31.59},"duration":6},{"transform":{"skX":-16.25,"skY":-16.25},"duration":0}],"name":"Ear_R2"},{"frame":[{"curve":[0.25,0,0.75,1],"transform":{"skX":-23.88,"skY":-23.88},"duration":7},{"curve":[0.25,0,0.75,1],"transform":{"skX":-49.02,"skY":-49.02},"duration":6},{"curve":[0.25,0,0.75,1],"transform":{"skX":-41.19,"skY":-41.19},"duration":6},{"curve":[0.25,0,0.75,1],"transform":{"skX":-45.44,"skY":-45.44},"duration":2},{"curve":[0.25,0,1,0.56],"transform":{"skX":-48.72,"skY":-48.72},"duration":3},{"curve":[0.25,0,0.75,1],"transform":{"skX":8.28,"skY":8.28},"duration":8},{"curve":[0.162,0.38,0.75,1],"transform":{"skX":-38.16,"skY":-38.16},"duration":5},{"transform":{"skX":-23.88,"skY":-23.88},"duration":0}],"name":"Ear_R3"},{"frame":[{"curve":[0.25,0,0.75,1],"transform":{"skX":3.5,"skY":3.5},"duration":6},{"curve":[0.25,0,0.75,1],"transform":{"skX":11.39,"skY":11.39},"duration":6},{"curve":[0.25,0,0.75,1],"transform":{"skX":10.03,"skY":10.03},"duration":6},{"curve":[0.25,0,0.75,1],"transform":{"skX":11.39,"skY":11.39},"duration":2},{"curve":[0.25,0,1,0.56],"transform":{"skX":11.7,"skY":11.7},"duration":3},{"curve":[0.25,0,0.75,1],"transform":{"skX":3.92,"skY":3.92},"duration":8},{"curve":[0.162,0.38,0.75,1],"transform":{"skX":11.82,"skY":11.82},"duration":6},{"transform":{"skX":3.5,"skY":3.5},"duration":0}],"name":"Ear_L"},{"frame":[{"curve":[0.25,0,0.75,1],"transform":{"skX":3.86,"skY":3.86},"duration":7},{"curve":[0.25,0,0.75,1],"transform":{"skX":18.2,"skY":18.2},"duration":6},{"curve":[0.25,0,0.75,1],"transform":{"skX":16.09,"skY":16.09},"duration":6},{"curve":[0.25,0,0.75,1],"transform":{"skX":18.2,"skY":18.2},"duration":2},{"curve":[0.25,0,1,0.56],"transform":{"skX":18.85,"skY":18.85},"duration":3},{"curve":[0.25,0,0.75,1],"transform":{"skX":0.91,"skY":0.91},"duration":8},{"curve":[0.162,0.38,0.75,1],"transform":{"skX":12.2,"skY":12.2},"duration":5},{"transform":{"skX":3.86,"skY":3.86},"duration":0}],"name":"Ear_L2"},{"frame":[{"curve":[0.25,0,0.75,1],"transform":{"skX":5.72,"skY":5.72},"duration":8},{"curve":[0.25,0,0.75,1],"transform":{"skX":23.43,"skY":23.43},"duration":6},{"curve":[0.25,0,0.75,1],"transform":{"skX":19.81,"skY":19.81},"duration":6},{"curve":[0.25,0,0.75,1],"transform":{"skX":23.43,"skY":23.43},"duration":2},{"curve":[0.25,0,1,0.56],"transform":{"skX":25.05,"skY":25.05},"duration":3},{"curve":[0.25,0,0.75,1],"transform":{"skX":-9.48,"skY":-9.48},"duration":8},{"curve":[0.162,0.38,0.75,1],"transform":{"skX":20.2,"skY":20.2},"duration":4},{"transform":{"skX":5.72,"skY":5.72},"duration":0}],"name":"Ear_L3"},{"frame":[{"curve":[0.25,0,0.75,1],"transform":{"skX":2.33,"skY":2.33},"duration":5},{"curve":[0.25,0,0.75,1],"transform":{"skX":9.98,"skY":9.98},"duration":6},{"curve":[0.25,0,0.75,1],"transform":{"skX":9.33,"skY":9.33},"duration":6},{"curve":[0.25,0,0.75,1],"transform":{"skX":9.98,"skY":9.98},"duration":2},{"curve":[0.25,0,1,0.56],"transform":{"skX":10.2,"skY":10.2},"duration":3},{"curve":[0.25,0,0.75,1],"transform":{"skX":-2.44,"skY":-2.44},"duration":8},{"curve":[0.162,0.38,0.75,1],"transform":{"skX":11.75,"skY":11.75},"duration":7},{"transform":{"skX":2.33,"skY":2.33},"duration":0}],"name":"Hair_01"},{"frame":[{"curve":[0.25,0,0.75,1],"transform":{"skX":3.36,"skY":3.36},"duration":6},{"curve":[0.25,0,0.75,1],"transform":{"skX":16.41,"skY":16.41},"duration":6},{"curve":[0.25,0,0.75,1],"transform":{"skX":15.02,"skY":15.02},"duration":6},{"curve":[0.25,0,0.75,1],"transform":{"skX":16.41,"skY":16.41},"duration":2},{"curve":[0.25,0,1,0.56],"transform":{"skX":17.25,"skY":17.25},"duration":3},{"curve":[0.25,0,0.75,1],"transform":{"skX":-2.29,"skY":-2.29},"duration":8},{"curve":[0.162,0.38,0.75,1],"transform":{"skX":17.77,"skY":17.77},"duration":6},{"transform":{"skX":3.36,"skY":3.36},"duration":0}],"name":"Hair_B2"},{"frame":[{"curve":[0.25,0,0.75,1],"transform":{"skX":1.59,"skY":1.59},"duration":7},{"curve":[0.25,0,0.75,1],"transform":{"skX":18.54,"skY":18.54},"duration":6},{"curve":[0.25,0,0.75,1],"transform":{"skX":14.05,"skY":14.05},"duration":6},{"curve":[0.25,0,0.75,1],"transform":{"skX":18.54,"skY":18.54},"duration":2},{"curve":[0.25,0,1,0.56],"transform":{"skX":20.88,"skY":20.88},"duration":3},{"curve":[0.25,0,0.75,1],"transform":{"skX":-3.64,"skY":-3.64},"duration":8},{"curve":[0.162,0.38,0.75,1],"transform":{"skX":18.69,"skY":18.69},"duration":5},{"transform":{"skX":1.59,"skY":1.59},"duration":0}],"name":"Hair_B3"},{"frame":[{"curve":[0.25,0,0.75,1],"transform":{"skX":3.47,"skY":3.47},"duration":6},{"curve":[0.25,0,0.75,1],"transform":{"skX":8.76,"skY":8.76},"duration":6},{"curve":[0.25,0,0.75,1],"transform":{"skX":7.01,"skY":7.01},"duration":6},{"curve":[0.25,0,0.75,1],"transform":{"skX":8.76,"skY":8.76},"duration":2},{"curve":[0.25,0,1,0.56],"transform":{"skX":9.84,"skY":9.84},"duration":3},{"curve":[0.25,0,0.75,1],"transform":{"skX":0.66,"skY":0.66},"duration":8},{"curve":[0.162,0.38,0.75,1],"transform":{"skX":17.26,"skY":17.26},"duration":6},{"transform":{"skX":3.47,"skY":3.47},"duration":0}],"name":"Hair_02"},{"frame":[{"curve":[0.25,0,0.75,1],"transform":{"skX":3.69,"skY":3.69},"duration":7},{"curve":[0.25,0,0.75,1],"transform":{"skX":12.18,"skY":12.18},"duration":6},{"curve":[0.25,0,0.75,1],"transform":{"skX":8.29,"skY":8.29},"duration":6},{"curve":[0.25,0,0.75,1],"transform":{"skX":12.18,"skY":12.18},"duration":2},{"curve":[0.25,0,1,0.56],"transform":{"skX":13.69,"skY":13.69},"duration":3},{"curve":[0.25,0,0.75,1],"transform":{"skX":-4,"skY":-4},"duration":8},{"curve":[0.162,0.38,0.75,1],"transform":{"skX":13.96,"skY":13.96},"duration":5},{"transform":{"skX":3.69,"skY":3.69},"duration":0}],"name":"Hair_M2"},{"frame":[{"curve":[0.25,0,0.75,1],"transform":{"skX":0.62,"skY":0.62},"duration":8},{"curve":[0.25,0,0.75,1],"transform":{"skX":13.18,"skY":13.18},"duration":6},{"curve":[0.25,0,0.75,1],"transform":{"skX":7.28,"skY":7.28},"duration":6},{"curve":[0.25,0,0.75,1],"transform":{"skX":13.18,"skY":13.18},"duration":2},{"curve":[0.25,0,1,0.56],"transform":{"skX":15.31,"skY":15.31},"duration":3},{"curve":[0.25,0,0.75,1],"transform":{"skX":-14.86,"skY":-14.86},"duration":8},{"curve":[0.162,0.38,0.75,1],"transform":{"skX":11.65,"skY":11.65},"duration":4},{"transform":{"skX":0.62,"skY":0.62},"duration":0}],"name":"Hair_M3"},{"frame":[{"curve":[0.25,0,0.75,1],"transform":{"skX":3.12,"skY":3.12},"duration":7},{"curve":[0.25,0,0.75,1],"transform":{"skX":8.98,"skY":8.98},"duration":6},{"curve":[0.25,0,0.75,1],"transform":{"skX":6.44,"skY":6.44},"duration":6},{"curve":[0.25,0,0.75,1],"transform":{"skX":8.98,"skY":8.98},"duration":2},{"curve":[0.25,0,1,0.56],"transform":{"skX":8.84,"skY":8.84},"duration":3},{"curve":[0.25,0,0.75,1],"transform":{"skX":-6.05,"skY":-6.05},"duration":8},{"curve":[0.162,0.38,0.75,1],"transform":{"skX":19.03,"skY":19.03},"duration":5},{"transform":{"skX":3.12,"skY":3.12},"duration":0}],"name":"Hair_03"},{"frame":[{"curve":[0.25,0,0.75,1],"transform":{"skX":3.75,"skY":3.75},"duration":8},{"curve":[0.25,0,0.75,1],"transform":{"skX":13.9,"skY":13.9},"duration":6},{"curve":[0.25,0,0.75,1],"transform":{"skX":9.28,"skY":9.28},"duration":6},{"curve":[0.25,0,0.75,1],"transform":{"skX":13.9,"skY":13.9},"duration":2},{"curve":[0.25,0,1,0.56],"transform":{"skX":14.19,"skY":14.19},"duration":3},{"curve":[0.25,0,0.75,1],"transform":{"skX":-12.85,"skY":-12.85},"duration":8},{"curve":[0.162,0.38,0.75,1],"transform":{"skX":4.62,"skY":4.62},"duration":4},{"transform":{"skX":3.75,"skY":3.75},"duration":0}],"name":"Hair_F2"},{"frame":[{"curve":[0.25,0,0.75,1],"transform":{"skX":-5.76,"skY":-5.76},"duration":9},{"curve":[0.25,0,0.75,1],"transform":{"skX":10.83,"skY":10.83},"duration":6},{"curve":[0.25,0,0.75,1],"transform":{"skX":2.72,"skY":2.72},"duration":6},{"curve":[0.25,0,0.75,1],"transform":{"skX":10.83,"skY":10.83},"duration":2},{"curve":[0.25,0,1,0.56],"transform":{"skX":11.97,"skY":11.97},"duration":3},{"curve":[0.25,0,0.75,1],"transform":{"skX":-19.44,"skY":-19.44},"duration":8},{"curve":[0.162,0.38,0.75,1],"transform":{"skX":0.25,"skY":0.25},"duration":3},{"transform":{"skX":-5.76,"skY":-5.76},"duration":0}],"name":"Hair_F3"},{"frame":[{"curve":[0.296,0,0.633,0.36],"transform":{"y":0.1,"skX":0.15,"skY":0.15,"x":0.12},"duration":5},{"curve":[0.293,0.19,0.643,0.58],"transform":{"y":-0.26,"skX":0.15,"skY":0.15,"x":-1.94},"duration":12},{"curve":[0.333,0.33,0.669,0.67],"transform":{"y":0.04,"skX":0.15,"skY":0.15,"x":-2.45},"duration":5},{"curve":[0.337,0.34,0.672,0.68],"transform":{"y":-0.23,"skX":0.15,"skY":0.15,"x":5.11},"duration":3},{"curve":[0.382,0.57,0.734,1],"transform":{"y":-0.11,"skX":0.15,"skY":0.15,"x":1.86},"duration":12},{"transform":{"y":0.1,"skX":0.15,"skY":0.15,"x":0.12},"duration":0}],"name":"Brow_R"},{"frame":[{"curve":[0.296,0,0.633,0.36],"transform":{"y":-0.02,"skX":0.09,"skY":0.09,"x":0.05},"duration":5},{"curve":[0.293,0.19,0.643,0.58],"transform":{"y":0.2,"skX":0.09,"skY":0.09,"x":-1.93},"duration":12},{"curve":[0.333,0.33,0.669,0.67],"transform":{"y":0.27,"skX":0.09,"skY":0.09,"x":-2.47},"duration":5},{"curve":[0.337,0.34,0.672,0.68],"transform":{"y":-3.39,"skX":0.09,"skY":0.09,"x":3.84},"duration":3},{"curve":[0.382,0.57,0.734,1],"transform":{"y":-2.42,"skX":0.09,"skY":0.09,"x":-0.3},"duration":12},{"transform":{"y":-0.02,"skX":0.09,"skY":0.09,"x":0.05},"duration":0}],"name":"Brow_L"},{"frame":[{"curve":[0.25,0,0.75,1],"transform":{},"duration":5},{"transform":{"scY":1.009,"skX":0.84,"skY":0.84,"scX":0.836},"duration":12},{"transform":{"scY":1.009,"skX":0.84,"skY":0.84,"scX":0.836},"duration":2},{"curve":[0.25,0,1,0.56],"transform":{"scY":1.009,"skX":0.84,"skY":0.84,"scX":0.836},"duration":3},{"curve":[0.25,0,0.75,1],"transform":{"scY":0.893,"skX":1.56,"skY":1.56,"scX":1.057},"duration":3},{"curve":[0.25,0,0.75,1],"transform":{"skX":-3.21,"skY":-3.21},"duration":12},{"transform":{},"duration":0}],"name":"Leg_R"},{"frame":[{"curve":[0.25,0,0.75,1],"transform":{},"duration":5},{"transform":{"scY":1.049,"skX":1.06,"skY":1.06},"duration":12},{"transform":{"scY":1.049,"skX":1.06,"skY":1.06},"duration":2},{"curve":[0.25,0,1,0.56],"transform":{"scY":1.049,"skX":1.06,"skY":1.06},"duration":3},{"curve":[0.25,0,0.75,1],"transform":{"skX":13.78,"skY":13.78},"duration":3},{"curve":[0.25,0,0.75,1],"transform":{"skX":14.67,"skY":14.67},"duration":5},{"curve":[0.25,0,0.75,1],"transform":{"skX":-0.43,"skY":-0.43},"duration":3},{"curve":[0.162,0.38,0.75,1],"transform":{"skX":-4.56,"skY":-4.56},"duration":4},{"transform":{},"duration":0}],"name":"Foot_R"},{"frame":[{"curve":[0.25,0,0.75,1],"transform":{},"duration":5},{"curve":[0.25,0,0.75,1],"transform":{"skX":3.84,"skY":3.84},"duration":12},{"transform":{"skX":6.05,"skY":6.05},"duration":2},{"curve":[0.25,0,1,0.56],"transform":{"skX":6.05,"skY":6.05},"duration":3},{"curve":[0.25,0,0.75,1],"transform":{"skX":12.36,"skY":12.36},"duration":3},{"curve":[0.25,0,0.75,1],"transform":{"skX":16.51,"skY":16.51},"duration":8},{"curve":[0.162,0.38,0.75,1],"transform":{"skX":-11.91,"skY":-11.91},"duration":4},{"transform":{},"duration":0}],"name":"Foot_R2"},{"frame":[{"curve":[0.25,0,0.75,1],"transform":{},"duration":5},{"transform":{"scY":1.015,"skX":-1.57,"skY":-1.57,"scX":0.867},"duration":12},{"transform":{"scY":1.015,"skX":-1.57,"skY":-1.57,"scX":0.867},"duration":2},{"curve":[0.25,0,1,0.56],"transform":{"scY":1.015,"skX":-1.57,"skY":-1.57,"scX":0.867},"duration":3},{"curve":[0.25,0,0.75,1],"transform":{"scY":0.951,"skX":3.61,"skY":3.61,"scX":1.015},"duration":3},{"curve":[0.25,0,0.75,1],"transform":{"skX":-0.82,"skY":-0.82},"duration":12},{"transform":{},"duration":0}],"name":"Leg_L"},{"frame":[{"curve":[0.25,0,0.75,1],"transform":{},"duration":5},{"transform":{"scY":1.087,"skX":0.7,"skY":0.7},"duration":12},{"transform":{"scY":1.087,"skX":0.7,"skY":0.7},"duration":2},{"curve":[0.25,0,1,0.56],"transform":{"scY":1.087,"skX":0.7,"skY":0.7},"duration":3},{"curve":[0.25,0,0.75,1],"transform":{"skX":12.56,"skY":12.56},"duration":3},{"curve":[0.25,0,0.75,1],"transform":{"skX":9.94,"skY":9.94},"duration":5},{"curve":[0.25,0,0.75,1],"transform":{"skX":-0.12,"skY":-0.12},"duration":3},{"curve":[0.162,0.38,0.75,1],"transform":{"skX":-9.06,"skY":-9.06},"duration":4},{"transform":{},"duration":0}],"name":"Foot_L"},{"frame":[{"curve":[0.25,0,0.75,1],"transform":{},"duration":5},{"curve":[0.25,0,0.75,1],"transform":{"skX":10.8,"skY":10.8},"duration":12},{"transform":{"skX":13.08,"skY":13.08},"duration":2},{"curve":[0.25,0,1,0.56],"transform":{"skX":13.08,"skY":13.08},"duration":3},{"curve":[0.25,0,0.75,1],"transform":{"skX":13.63,"skY":13.63},"duration":3},{"curve":[0.25,0,0.75,1],"transform":{"skX":14.68,"skY":14.68},"duration":8},{"curve":[0.162,0.38,0.75,1],"transform":{"skX":-14.55,"skY":-14.55},"duration":4},{"transform":{},"duration":0}],"name":"Foot_L2"},{"frame":[{"transform":{},"duration":37}],"name":"root"},{"frame":[{"transform":{},"duration":37}],"name":"buff_up"},{"frame":[{"transform":{},"duration":37}],"name":"buff_mid"},{"frame":[{"transform":{},"duration":37}],"name":"buff_flo"}],"name":"0002_shifa","duration":37}],"aabb":{"width":230.10105664999995,"y":-327.97,"height":342.2499996083334,"x":-135.83705664999997},"skin":[{"slot":[{"display":[{"vertices":[-106.72,-144.81,-106.74,-102.23,-95.33,-89.43,-68.56,-95.12,-75.66,-78.53,-86.09,-63.14,-76.85,-47.03,-54.82,-43.7,-22.59,-33.81,-15.97,-37.06,-14.31,-45.81,-52.68,-60.04,-67.85,-61.95,-49.36,-93.7,-63.57,-112.18,-93.2,-105.07,-91.29,-126.4,-82.28,-136.11,-90.1,-144.8,-99.59,-103.88,-91.77,-97.97,-66.41,-102.71,-58.84,-93.46,-72.35,-71.9,-76.13,-59.35,-66.66,-52.47,-50.79,-51.28,-19.51,-40.13,-97.22,-129.48],"edges":[0,1,1,2,2,3,3,4,4,5,5,6,6,7,7,8,8,9,9,10,10,11,11,12,12,13,13,14,14,15,15,16,16,17,17,18,18,0],"path":"Tail","uvs":[-0.01099,-0.00917,-0.01099,0.38147,0.11454,0.49889,0.40883,0.44671,0.3307,0.59891,0.2161,0.74024,0.31768,0.88809,0.55989,0.91853,0.91409,1.00917,0.98701,0.97942,1.00524,0.89897,0.58333,0.76851,0.41665,0.75111,0.61979,0.45975,0.46353,0.29016,0.13797,0.35538,0.15881,0.1597,0.25778,0.07055,0.17183,-0.00917,0.06766,0.36626,0.1536,0.42062,0.43227,0.37713,0.51562,0.46192,0.36716,0.65979,0.3255,0.77503,0.42967,0.83808,0.60416,0.84896,0.94794,0.95115,0.0937,0.13143],"bonePose":[35,-0.988860535448249,0.1488450248849521,-0.1488450248849521,-0.988860535448249,-64.80597772408485,-104.982192801556,36,0.10209807822423753,-0.9947743374368468,0.9947743374368468,0.10209807822423753,-101.95012897854488,-99.54287964769216,33,0.3591825155992308,-0.9332673360231828,0.9332673360231828,0.3591825155992308,-79.9131943301885,-65.72896864842095,25,-0.8981810887869786,-0.43962567230023986,0.43962567230023986,-0.8981810887869786,-51.530671924519986,-51.83679740373336,19,-0.9386736918189144,-0.3448067578906334,0.3448067578906334,-0.9386736918189144,-19.514045432518657,-40.129268711832616],"triangles":[26,27,10,11,26,10,27,9,10,27,8,9,26,8,27,26,7,8,14,21,22,14,22,13,4,23,22,11,25,26,25,7,26,12,25,11,3,4,22,25,6,7,21,3,22,15,21,14,20,3,21,15,20,21,12,24,25,24,6,25,23,24,12,4,5,23,5,24,23,5,6,24,18,28,17,28,16,17,19,15,16,28,19,16,0,28,18,1,19,28,15,19,20,19,2,20,19,1,2,0,1,28,20,2,3,22,23,13,23,12,13],"type":"mesh","transform":{},"slotPose":[1,0,0,1,0,0],"userEdges":[19,20,20,21,21,22,22,23,23,24,24,25,25,26,26,27,19,28],"width":91,"height":109,"name":"Tail","weights":[1,36,0.99999,2,35,0.04965,36,0.95034,2,35,0.92,36,0.08,2,33,0.77999,35,0.22,1,33,1,2,25,0.66562,33,0.33437,1,25,1,2,19,0.43538,25,0.56461,1,19,1,1,19,1,1,19,1,2,19,0.17163,25,0.82836,2,25,0.93841,33,0.06158,2,33,0.94,35,0.06,2,33,0.18267,35,0.81732,2,35,0.69966,36,0.30033,1,36,1,1,36,1,1,36,1,2,35,0.45208,36,0.5479,2,35,0.82,36,0.18,2,33,0.81568,35,0.18431,2,33,0.84,35,0.16,2,25,0.26582,33,0.73417,2,25,0.94,33,0.06,1,25,1,2,19,0.5,25,0.5,1,19,1,1,36,1]}],"name":"Tail"},{"display":[{"vertices":[49.67,-167.81,30.39,-150.48,16.5,-129.43,14.22,-105.68,24.11,-98.81,44.72,-98.81,47.4,-115.08,67.12,-129.41,83.23,-145.08,73.43,-167.79,32.17,-122.71,51.44,-141.06],"edges":[3,4,4,5,5,6,6,7,7,8,8,9,9,0,0,1,1,2,2,3],"path":"Hair_02","uvs":[0.51394,-0.01493,0.22642,0.24371,0.01914,0.55797,-0.01493,0.91236,0.13281,1.01493,0.44039,1.01493,0.48052,0.77194,0.77472,0.55797,1.01493,0.32395,0.86834,-0.01493,0.25317,0.65828,0.54069,0.38412],"bonePose":[14,0.3063599421253558,-0.9519157451481453,0.9519157451481453,0.3063599421253558,24.106375835788064,-98.81079943807948,21,0.7415076141228768,-0.6709444523936378,0.6709444523936378,0.7415076141228768,32.341445964834236,-122.8645085069464,29,0.8763907485744891,-0.4816007223967238,0.4816007223967238,0.8763907485744891,50.708230806689585,-139.61833835486453],"triangles":[9,11,8,11,7,8,0,11,9,11,6,7,10,6,11,1,10,11,0,1,11,10,4,5,10,5,6,3,4,10,2,3,10,1,2,10],"type":"mesh","transform":{},"slotPose":[1,0,0,1,0,0],"userEdges":[4,10,10,11,11,9],"width":67,"height":67,"name":"Hair_02","weights":[3,14,0.00003,21,0.08461,29,0.91535,3,14,0.00281,21,0.82546,29,0.17171,2,14,0.58806,21,0.41193,1,14,1,1,14,1,2,14,0.96485,21,0.03514,3,14,0.42113,21,0.5651,29,0.01376,2,21,0.20088,29,0.79911,1,29,1,1,29,0.99999,2,14,0.5,21,0.5,2,21,0.21495,29,0.78504]}],"name":"Hair_02"},{"display":[{"path":"Brow_R","type":"image","name":"Brow_R","transform":{"y":-1.66,"skX":90,"skY":90,"x":-0.68}}],"name":"Brow_R"},{"display":[{"path":"Hand_R","type":"image","name":"Hand_R","transform":{"y":8.35,"skX":-138.28,"skY":-138.28,"x":34.83}}],"name":"Hand_R"},{"display":[{"vertices":[-110.67,-200.8,-121.58,-169.3,-136.72,-151.06,-136.73,-133.53,-125.89,-129.01,-113.33,-104.8,-88.93,-104.8,-70.9,-129.22,-64.74,-137.98,-64.72,-154.33,-79.4,-179.93,-96.45,-200.79,-97.67,-167.63,-98.63,-136.82],"edges":[2,3,3,4,4,5,5,6,6,7,7,8,8,9,9,10,10,11,11,0,0,1,1,2],"path":"Tail_02","uvs":[0.3574,-0.01064,0.20166,0.32458,-0.01429,0.51872,-0.01429,0.70529,0.14072,0.75319,0.32015,1.01064,0.66889,1.01064,0.9262,0.75067,1.01429,0.65739,1.01429,0.48341,0.80431,0.21112,0.56054,-0.01064,0.54361,0.34222,0.53008,0.66999],"bonePose":[36,0.10209807822423753,-0.9947743374368468,0.9947743374368468,0.10209807822423753,-101.95012897854488,-99.54287964769216,38,-0.11528389599264044,-0.9933325844473028,0.9933325844473028,-0.11528389599264044,-97.98677077811996,-168.99201488177388,37,0.01989544070827777,-0.9998020661306034,0.9998020661306034,0.01989544070827777,-98.62700606011232,-136.81838439369108],"triangles":[10,12,9,12,13,9,9,13,8,13,7,8,13,6,7,11,12,10,0,12,11,13,5,6,0,1,12,1,2,13,2,4,13,4,5,13,12,1,13,2,3,4],"type":"mesh","transform":{},"slotPose":[1,0,0,1,0,0],"userEdges":[12,13],"width":70,"height":94,"name":"Tail_02","weights":[1,38,0.99999,3,36,0.00163,37,0.6126,38,0.38575,3,36,0.10486,37,0.86865,38,0.02648,2,36,0.24366,37,0.75633,2,36,0.44724,37,0.55275,2,36,0.9993,37,0.00069,1,36,0.99999,2,36,0.55058,37,0.4494,3,36,0.34701,37,0.64924,38,0.00372,3,36,0.1433,37,0.79472,38,0.06197,3,36,0.0001,37,0.2304,38,0.76949,3,36,0.00004,37,0.00152,38,0.99843,2,37,0.5,38,0.5,1,37,1]}],"name":"Tail_02"},{"display":[{"path":"buff_up","type":"image","name":"buff_up","transform":{"y":1.25,"x":0.62}}],"name":"buff_up"},{"display":[{"vertices":[15.78,-20.81,14.73,-16.53,-3.8,-14.42,-2.06,-3.93,14.53,-5.09,33.32,0.06,50.53,5.19,61.19,2.04,61.18,-12.34,41.81,-13.38,28.06,-13.91,25.86,-20.81,21.25,-12.85,0.67,-9.81,18.2,-9.81,35.83,-8.44,53.78,-2.68],"edges":[2,3,3,4,4,5,5,6,6,7,7,8,8,9,9,10,10,11,11,0,0,1,1,2],"path":"Foot_L","uvs":[0.29504,-0.04167,0.27838,0.13635,-0.01587,0.22385,0.01172,0.66135,0.27505,0.61322,0.57338,0.8276,0.84671,1.04167,1.01587,0.91072,1.01587,0.31135,0.70838,0.2676,0.49004,0.24573,0.45505,-0.04167,0.38171,0.28948,0.05505,0.41634,0.33338,0.41634,0.61338,0.47322,0.89838,0.71385],"bonePose":[8,-0.030712964265252673,0.9995282456369312,-0.9995282456369312,-0.030712964265252673,22.8,-42.72,13,0.9713420698132617,0.23768589232617304,-0.23768589232617304,0.9713420698132617,21.34662547488577,-11.04969683615661,27,0.9825479268057468,0.186009600638593,-0.186009600638593,0.9825479268057468,36.179018880934265,-7.420233260335948],"triangles":[16,6,7,16,7,8,9,16,8,15,6,16,9,15,16,15,5,6,10,15,9,14,4,5,11,12,10,0,12,11,1,14,12,0,1,12,2,13,1,13,3,4,2,3,13,4,13,14,1,13,14,5,14,15,10,14,15,12,14,10],"type":"mesh","transform":{},"slotPose":[1,0,0,1,0,0],"userEdges":[1,12,12,10,13,14,14,15,15,16],"width":63,"height":24,"name":"Foot_L","weights":[1,8,1,2,8,0.55011,13,0.44988,1,13,1,1,13,1,1,13,1,2,13,0.65223,27,0.34776,2,13,0.00001,27,0.99998,1,27,0.99999,1,27,1,2,13,0.3,27,0.7,2,8,0.46123,13,0.53876,1,8,1,2,8,0.5,13,0.5,1,13,1,1,13,1,2,13,0.5,27,0.5,1,27,0.99999]}],"name":"Foot_L"},{"display":[{"path":"Brow_L","type":"image","name":"Brow_L","transform":{"y":2.97,"skX":90,"skY":90,"x":0.74}}],"name":"Brow_L"},{"display":[{"vertices":[-65.31,-246.78,-73.75,-195.43,-65.37,-138.31,-29.75,-97.81,-2.5,-97.81,14.21,-105.29,5.88,-148.24,5.91,-189.1,-29.19,-213.22,-50.65,-246.81,-42.83,-189.65,-25.55,-143.54],"edges":[1,2,2,3,3,4,4,5,5,6,6,7,7,8,8,9,9,0,0,1],"path":"Ear_R","uvs":[0.08597,-0.00654,-0.01163,0.34279,0.08597,0.73134,0.5003,1.0068,0.81713,1.0068,1.01163,0.95591,0.91462,0.66361,0.91462,0.38557,0.50639,0.22159,0.25658,-0.0068,0.34796,0.38201,0.54903,0.6957],"bonePose":[32,-0.30552912237986,-0.952182732135903,0.952182732135903,-0.30552912237986,-43.83082011038541,-191.4884462423924,28,-0.36308861414583826,-0.931754612694595,0.931754612694595,-0.36308861414583826,-25.49326998372315,-144.40325477679306,12,-0.44557292237689633,-0.8952456483248117,0.8952456483248117,-0.44557292237689633,-2.5024451537180816,-97.80608776380802],"triangles":[7,11,6,11,4,6,6,4,5,11,3,4,10,11,7,8,10,7,2,3,11,10,2,11,1,2,10,1,0,10,0,10,8,9,0,8],"type":"mesh","transform":{},"slotPose":[1,0,0,1,0,0],"userEdges":[0,10,10,11,11,4],"width":86,"height":147,"name":"Ear_R","weights":[1,32,1,2,28,0.21373,32,0.78626,2,12,0.23914,28,0.76085,2,12,0.99485,28,0.00514,1,12,1,1,12,1,2,12,0.67339,28,0.32659,3,12,0.04606,28,0.90487,32,0.04906,2,28,0.49,32,0.51,1,32,0.99999,2,28,0.72617,32,0.27382,2,12,0.5,28,0.5]}],"name":"Ear_R"},{"display":[{"path":"Body","type":"image","name":"Body","transform":{"y":-3.61,"skX":85,"skY":85,"x":55.2}}],"name":"Body"},{"display":[{"vertices":[-28.77,-129.41,-21.76,-108.59,-4.33,-111.55,11.8,-102.8,28.8,-106.02,38.58,-128.11,43.69,-155.71,43.29,-190.76,24.17,-190.77,0.79,-178.26,-28.75,-155.33,-4.33,-127.7,-2.63,-153.62,13.51,-128.97,16.49,-156.15],"edges":[0,1,1,2,2,3,3,4,4,5,5,6,6,7,7,8,8,9,9,10,10,0],"path":"Hair_01","uvs":[-0.0137,0.70234,0.08225,0.94449,0.32096,0.9099,0.54218,1.01163,0.77507,0.97415,0.90897,0.71717,0.97883,0.39595,0.973,-0.01163,0.71102,-0.01163,0.39082,0.13402,-0.0137,0.40089,0.32096,0.72211,0.34424,0.42066,0.56548,0.70728,0.60622,0.391],"bonePose":[18,0.05460163812585183,-0.9985082178499952,0.9985082178499952,0.05460163812585183,4.029232239106273,-108.09597068034634,22,0.04884976979561323,-0.998806137341434,0.998806137341434,0.04884976979561323,5.228830228731238,-130.03319622651074,30,0.03507392277452277,-0.9993847206862864,0.9993847206862864,0.03507392277452277,6.438350528870622,-154.76363618708464],"triangles":[14,13,5,14,5,6,8,14,6,8,6,7,13,4,5,9,14,8,13,3,4,12,11,13,2,3,13,11,2,13,12,13,14,9,12,14,0,11,12,10,0,12,10,12,9,1,2,11,0,1,11],"type":"mesh","transform":{},"slotPose":[1,0,0,1,0,0],"userEdges":[2,11,11,12,12,9,3,13,13,14,14,8],"width":73,"height":86,"name":"Hair_01","weights":[3,18,0.52517,22,0.44441,30,0.0304,2,18,0.86175,22,0.13823,2,18,0.97715,22,0.02284,1,18,1,2,18,0.91612,22,0.08387,3,18,0.45452,22,0.49427,30,0.0512,3,18,0.04105,22,0.45515,30,0.50378,1,30,1,3,18,0.00002,22,0.00204,30,0.99792,2,22,0.00335,30,0.99664,3,18,0.12125,22,0.61342,30,0.2653,2,18,0.72434,22,0.27565,3,18,0.01405,22,0.62501,30,0.36093,3,18,0.551,22,0.44483,30,0.00415,3,18,0.00474,22,0.46252,30,0.53271]}],"name":"Hair_01"},{"display":[{"path":"buff_flo","type":"image","name":"buff_flo","transform":{"y":-0.61,"x":-0.09}}],"name":"buff_flo"},{"display":[{"path":"Hand_L","type":"image","name":"Hand_L","transform":{"y":4.18,"skX":-35.09,"skY":-35.09,"x":21.9}}],"name":"Hand_L"},{"display":[{"path":"Leg_R","type":"image","name":"Leg_R","transform":{"y":0.46,"skX":-100.5,"skY":-100.5,"x":14.1}}],"name":"Leg_R"},{"display":[{"vertices":[67.62,-226.79,20.6,-179.78,12.86,-141.06,0.21,-122.82,0.23,-99.81,27.23,-99.81,56,-120.06,60.41,-151.57,101.23,-174.79,101.25,-226.81,43.27,-165.96,33.87,-131.67,13.96,-109,86.43,-201.89],"edges":[3,4,4,5,5,6,6,7,7,8,8,9,9,0,0,1,1,2,2,3],"path":"Ear_L","uvs":[0.67057,-0.0078,0.19577,0.36825,0.11757,0.67792,-0.0101,0.82391,-0.0101,1.008,0.26279,1.008,0.55326,0.84603,0.59795,0.59387,1.0101,0.40806,1.0101,-0.008,0.42479,0.47885,0.32983,0.75313,0.12874,0.93451,0.86049,0.19128],"bonePose":[34,0.7549385420414514,-0.6557955456850313,0.6557955456850313,0.7549385420414514,46.70902724380266,-167.1525089277574,26,0.3323257502333702,-0.9431646705278076,0.9431646705278076,0.3323257502333702,34.349643587239626,-132.43676990883569,10,0.7189759794774961,-0.6950349206582178,0.6950349206582178,0.7189759794774961,6.415272089245164,-105.3074022602517],"triangles":[13,7,8,0,13,9,13,8,9,0,10,13,10,7,13,11,6,7,1,10,0,10,11,7,11,5,6,12,5,11,2,11,10,1,2,10,2,12,11,2,3,12,12,4,5,3,4,12],"type":"mesh","transform":{},"slotPose":[1,0,0,1,0,0],"userEdges":[10,11,11,12,12,4,10,13,13,9],"width":99,"height":125,"name":"Ear_L","weights":[1,34,1,2,26,0.5,34,0.5,2,10,0.5,26,0.5,1,10,1,1,10,1,1,10,1,2,10,0.5,26,0.5,2,26,0.5,34,0.5,1,34,1,1,34,1,2,26,0.5,34,0.5,2,10,0.5,26,0.5,1,10,1,1,34,1]}],"name":"Ear_L"},{"display":[{"path":"buff_mid","type":"image","name":"buff_mid","transform":{"y":-0.62,"x":1.25}}],"name":"buff_mid"},{"display":[{"vertices":[36.22,-123.81,23.21,-108.37,23.22,-98.2,35.58,-93.81,48.62,-93.8,50.61,-101.52,66.96,-97.31,81.21,-103.05,72.93,-119.19,53.49,-123.8,42.22,-113.67,61.22,-112.13],"edges":[1,2,2,3,3,4,4,5,5,6,6,7,7,8,8,9,9,0,0,1],"path":"Hair_03","uvs":[0.21418,-0.03571,-0.01786,0.51573,-0.01786,0.87887,0.20312,1.03571,0.43596,1.03571,0.47148,0.76048,0.76352,0.91044,1.01786,0.70523,0.87007,0.12905,0.52279,-0.03571,0.32152,0.32637,0.66091,0.38162],"bonePose":[20,0.3105105286086123,-0.95056994041638,0.95056994041638,0.3105105286086123,35.584327046001405,-93.81140587325964,23,0.9999992536874144,-0.0012217301724650187,0.0012217301724650187,0.9999992536874144,41.924571273097456,-113.28528846355928,31,0.8772299651572214,0.4800703992439651,-0.4800703992439651,0.8772299651572214,59.474582609915025,-113.2867298430123],"triangles":[8,11,7,11,6,7,9,11,8,11,5,6,9,10,11,10,5,11,0,10,9,3,4,5,10,3,5,0,1,10,1,3,10,1,2,3],"type":"mesh","transform":{},"slotPose":[1,0,0,1,0,0],"userEdges":[3,10,10,11,11,7],"width":56,"height":28,"name":"Hair_03","weights":[3,20,0.42263,23,0.57515,31,0.00221,2,20,0.99963,31,0.00036,2,20,0.99989,31,0.0001,1,20,1,3,20,0.91963,23,0.07466,31,0.00569,3,20,0.47314,23,0.3862,31,0.14065,2,23,0.00778,31,0.99221,1,31,1,1,31,1,2,23,0.95536,31,0.04463,2,20,0.5,23,0.5,1,31,1]}],"name":"Hair_03"},{"display":[{"vertices":[-11.92,-14.79,-12.45,-9.72,-27.8,-6.61,-27.8,1.63,-16.3,2.48,-0.03,8.35,19.43,18.18,41.19,15.72,40.51,-4.61,18.36,-3.84,0.38,-6.62,-0.27,-14.81,-6.03,-5.98,-24.75,-2.34,-8.7,-2.23,8.53,1.39,30.77,10.37],"edges":[2,3,3,4,4,5,5,6,6,7,7,8,8,9,9,10,10,11,11,0,0,1,1,2],"path":"Foot_R","uvs":[0.22227,-0.03226,0.21428,0.13165,-0.01493,0.23174,-0.01493,0.49752,0.15679,0.52513,0.39954,0.71497,0.69019,1.03226,1.01493,0.95313,1.0048,0.29733,0.67422,0.32148,0.40592,0.23174,0.39634,-0.03226,0.31011,0.25246,0.03062,0.36981,0.27018,0.37326,0.52729,0.49061,0.85947,0.78054],"bonePose":[7,-0.1825787350932219,0.9831912354632536,-0.9831912354632536,-0.1825787350932219,-1.2699999999999996,-32.589999999999996,16,0.961357852960964,0.2753017953996767,-0.2753017953996767,0.961357852960964,-7.429562022715141,-3.637956968664099,24,0.9733792584604484,0.22920039092241395,-0.22920039092241395,0.9733792584604484,11.566869151793508,1.8020065084335128],"triangles":[16,6,7,16,7,8,9,16,8,15,5,6,10,15,9,12,14,10,12,10,11,0,12,11,14,4,5,1,14,12,0,1,12,2,13,1,13,3,4,2,3,13,4,13,14,1,13,14,5,14,15,10,14,15,6,15,16,9,15,16],"type":"mesh","transform":{},"slotPose":[1,0,0,1,0,0],"userEdges":[1,12,12,10,13,14,14,15,15,16],"width":67,"height":31,"name":"Foot_R","weights":[1,7,1,2,7,0.57805,16,0.42193,1,16,1,1,16,1,1,16,1,2,16,0.6,24,0.39999,2,16,0.02436,24,0.97563,1,24,1,1,24,1,2,16,0.49,24,0.51,2,7,0.53893,16,0.46106,1,7,1,2,7,0.39999,16,0.6,1,16,1,1,16,1,2,16,0.5,24,0.5,1,24,1]}],"name":"Foot_R"},{"display":[{"path":"Leg_L","type":"image","name":"Leg_L","transform":{"y":1.17,"skX":-91.74,"skY":-91.74,"x":13.95}}],"name":"Leg_L"},{"display":[{"path":"Eye","type":"image","name":"Eye","transform":{"y":24.84,"skX":85,"skY":85,"x":62.71}}],"name":"Eye"}],"name":""}],"slot":[{"displayIndex":-1,"name":"Foot_L2","parent":"root","color":{}},{"displayIndex":-1,"z":1,"name":"Foot_R2","parent":"root","color":{}},{"z":2,"name":"Hand_L","parent":"Hand_L","color":{}},{"z":3,"name":"Tail_02","parent":"Tail6","color":{}},{"z":4,"name":"Tail","parent":"Tail","color":{}},{"z":5,"name":"Leg_L","parent":"Leg_L","color":{}},{"z":6,"name":"Foot_L","parent":"Foot_L","color":{}},{"z":7,"name":"Leg_R","parent":"Leg_R","color":{}},{"z":8,"name":"Foot_R","parent":"Foot_R","color":{}},{"z":9,"name":"Ear_L","parent":"Ear_L","color":{}},{"z":10,"name":"Body","parent":"Body","color":{}},{"z":11,"name":"Eye","parent":"Body","color":{}},{"z":12,"name":"Brow_R","parent":"Brow_R","color":{}},{"z":13,"name":"Brow_L","parent":"Brow_L","color":{}},{"z":14,"name":"Hair_01","parent":"Hair_01","color":{}},{"z":15,"name":"Hair_02","parent":"Hair_02","color":{}},{"z":16,"name":"Hair_03","parent":"Hair_03","color":{}},{"z":17,"name":"Ear_R","parent":"Ear_R","color":{}},{"z":18,"name":"Hand_R","parent":"Hand_R","color":{}},{"z":19,"name":"buff_flo","parent":"buff_flo","color":{"aM":0}},{"z":20,"name":"buff_mid","parent":"buff_mid","color":{"aM":0}},{"z":21,"name":"buff_up","parent":"buff_up","color":{"aM":0}}],"frameRate":30,"name":"armatureName"}],"name":"cw_005_tiaotiaoshu_gj","version":"4.0"}