{"frameRate":30,"name":"wj_049_molaowu","version":"5.5","compatibleVersion":"5.5","armature":[{"type":"Armature","frameRate":30,"name":"armatureName","aabb":{"x":-100.56,"y":-256.34,"width":243,"height":268.3},"bone":[{"name":"root"},{"name":"bone","parent":"root","transform":{"x":-0.72,"y":-106.79,"scX":0.95,"scY":0.95}},{"name":"buff_flo","parent":"root"},{"name":"buff_mid","parent":"root","transform":{"y":-110}},{"name":"buff_up","parent":"root","transform":{"y":-220}},{"name":"iao2","parent":"root","transform":{"x":-28.52,"y":3.84}},{"name":"jiao2","parent":"root","transform":{"x":54.28,"y":-0.53}},{"name":"tui2","parent":"root","transform":{"x":-32.1,"y":-19.24}},{"name":"tui3","parent":"root","transform":{"x":32.78,"y":-16.45}},{"name":"wj_049_molaowu_pz","parent":"root","transform":{"x":-12.28,"y":-17.49}},{"length":21,"name":"mlw_dj_kua","parent":"bone","transform":{"x":-0.85,"y":2.13,"skX":61.15,"skY":61.15}},{"length":51,"name":"mlw_dj_datui2","parent":"bone","transform":{"x":8.12,"y":10.68,"skX":58.68,"skY":58.68}},{"length":48,"name":"mlw_dj_datui1","parent":"bone","transform":{"x":-11.11,"y":7.69,"skX":101.62,"skY":101.62}},{"length":96,"name":"mlw_dj_shengti","parent":"bone","transform":{"y":-0.85,"skX":-79.76,"skY":-79.76}},{"length":55,"name":"mlw_dj_shangbi1","parent":"mlw_dj_shengti","transform":{"x":70.44,"y":-30.95,"skX":-161.21,"skY":-161.21}},{"length":47,"name":"mlw_dj_xiaotui2","parent":"mlw_dj_datui2","transform":{"x":46.42,"y":0.22,"skX":32.11,"skY":32.11}},{"length":50,"name":"mlw_dj_shangbi2","parent":"mlw_dj_shengti","transform":{"x":68.93,"y":13.63,"skX":135.95,"skY":135.95}},{"length":34,"name":"mlw_dj_lingdai","parent":"mlw_dj_shengti","transform":{"x":70.65,"y":11.14,"skX":168.31,"skY":168.31}},{"length":44,"name":"mlw_dj_tou","parent":"mlw_dj_shengti","transform":{"x":91.59,"y":-0.45,"skX":14.66,"skY":14.66}},{"length":43,"name":"mlw_dj_xiaotui1","parent":"mlw_dj_datui1","transform":{"x":46.37,"y":0.5,"skX":6.28,"skY":6.28}},{"length":39,"name":"mlw_dj_toufa1","parent":"mlw_dj_tou","transform":{"x":48.94,"y":-5.25,"skX":-179.41,"skY":-179.41}},{"length":29,"name":"mlw_dj_jiao2","parent":"mlw_dj_xiaotui2","transform":{"x":47.5,"y":1.5,"skX":-54.28,"skY":-54.28}},{"length":44,"name":"mlw_dj_xiaobi2","parent":"mlw_dj_shangbi2","transform":{"x":50.04,"y":-0.93,"skX":-87.69,"skY":-87.69}},{"length":38,"name":"mlw_dj_shou1","parent":"mlw_dj_shangbi1","transform":{"x":52.11,"y":1.39,"skX":-35.01,"skY":-35.01}},{"length":41,"name":"mlw_dj_toufa2","parent":"mlw_dj_tou","transform":{"x":43.03,"y":-19,"skX":-168.69,"skY":-168.69}},{"length":23,"name":"mlw_dj_jiao1","parent":"mlw_dj_xiaotui1","transform":{"x":42.45,"y":0.67,"skX":-28.8,"skY":-28.8}},{"length":41,"name":"mlw_dj_toufa3","parent":"mlw_dj_tou","transform":{"x":47.95,"y":14.99,"skX":163.27,"skY":163.27}},{"length":18,"name":"mlw_dj_shou3","parent":"mlw_dj_xiaobi2","transform":{"x":39.38,"y":-0.4,"skX":-30.41,"skY":-30.41}},{"length":31,"name":"mlw_dj_shou2","parent":"mlw_dj_shou1","transform":{"x":41.22,"y":0.45,"skX":-5.01,"skY":-5.01}},{"length":54,"name":"mlw_dj_yandou","parent":"mlw_dj_shou3","transform":{"x":8.6,"y":-0.22,"skX":-94.72,"skY":-94.72}}],"slot":[{"blendMode":"erase","name":"wj_049_molaowu_pz","parent":"wj_049_molaowu_pz","color":{"aM":0}},{"name":"mlw_dj_yandou","parent":"mlw_dj_yandou"},{"name":"mlw_dj_shangbi2","parent":"mlw_dj_shangbi2"},{"name":"mlw_dj_xiaobi2","parent":"mlw_dj_xiaobi2"},{"name":"mlw_dj_shou2","parent":"mlw_dj_shou3"},{"name":"mlw_dj_jiao2","parent":"mlw_dj_jiao2"},{"name":"mlw_dj_xiaotui2","parent":"mlw_dj_xiaotui2"},{"name":"mlw_dj_datui2","parent":"mlw_dj_datui2"},{"name":"mlw_dj_kua","parent":"mlw_dj_kua"},{"name":"mlw_dj_jiao1","parent":"mlw_dj_jiao1"},{"name":"mlw_dj_xiaotui1","parent":"mlw_dj_xiaotui1"},{"name":"mlw_dj_datui1","parent":"mlw_dj_datui1"},{"name":"mlw_dj_toufa3","parent":"mlw_dj_toufa3"},{"name":"mlw_dj_shengti","parent":"mlw_dj_shengti"},{"name":"mlw_dj_lingdai","parent":"mlw_dj_lingdai"},{"name":"mlw_dj_shangbi1","parent":"mlw_dj_shangbi1"},{"name":"mlw_dj_tou","parent":"mlw_dj_tou"},{"name":"mlw_dj_toufa2","parent":"mlw_dj_toufa2"},{"name":"mlw_dj_toufa1","parent":"mlw_dj_toufa1"},{"name":"mlw_dj_shou1","parent":"mlw_dj_shou2"},{"name":"mlw_dj_xiaobi1","parent":"mlw_dj_shou1"},{"blendMode":"erase","name":"buff_flo","parent":"buff_flo","color":{"aM":0}},{"blendMode":"erase","name":"buff_mid","parent":"buff_mid","color":{"aM":0}},{"blendMode":"erase","name":"buff_up","parent":"buff_up","color":{"aM":0}}],"ik":[{"chain":1,"name":"tui2","bone":"mlw_dj_xiaotui2","target":"tui3"},{"chain":1,"name":"tui1","bone":"mlw_dj_xiaotui1","target":"tui2"},{"bendPositive":false,"name":"jiao2","bone":"mlw_dj_jiao2","target":"jiao2"},{"bendPositive":false,"name":"jiao1","bone":"mlw_dj_jiao1","target":"iao2"}],"skin":[{"slot":[{"name":"mlw_dj_tou","display":[{"name":"mlw_dj_tou","transform":{"x":17.43,"y":2.87,"skX":64.94,"skY":64.94}}]},{"name":"mlw_dj_yandou","display":[{"name":"mlw_dj_yandou","transform":{"x":78.28,"y":7.95,"skX":156.51,"skY":156.51}}]},{"name":"mlw_dj_toufa1","display":[{"name":"mlw_dj_toufa1","transform":{"x":38,"y":-13.24,"skX":-115.64,"skY":-115.64}}]},{"name":"mlw_dj_shangbi2","display":[{"name":"mlw_dj_shangbi2","transform":{"x":26.07,"y":-0.1,"skX":-55.88,"skY":-55.88}}]},{"name":"mlw_dj_datui1","display":[{"name":"mlw_dj_datui1","transform":{"x":23.58,"y":-0.12,"skX":-101.63,"skY":-101.63}}]},{"name":"mlw_dj_shou2","display":[{"name":"mlw_dj_shou2","transform":{"x":9.37,"y":-2.6,"skX":61.73,"skY":61.73}},{"name":"mlw_gongji_shou1","transform":{"x":9.31,"y":-0.07,"skX":-114.85,"skY":-114.85}},{"name":"mlw_gongji_shou4","transform":{"x":11.66,"y":12.23,"skX":-104.55,"skY":-104.55}}]},{"name":"mlw_dj_toufa3","display":[{"name":"mlw_dj_toufa3","transform":{"x":38.96,"y":6.9,"skX":-98.12,"skY":-98.12}}]},{"name":"mlw_dj_shengti","display":[{"name":"mlw_dj_shengti","transform":{"x":62.98,"y":-7.54,"skX":79.75,"skY":79.75}}]},{"name":"buff_flo","display":[{"name":"buff_flo","transform":{"x":0.72,"y":-1.81}}]},{"name":"mlw_dj_xiaotui2","display":[{"name":"mlw_dj_xiaotui2","transform":{"x":19.4,"y":2.04,"skX":-90.76,"skY":-90.76}}]},{"name":"mlw_dj_xiaobi2","display":[{"name":"mlw_dj_xiaobi2","transform":{"x":18.44,"y":1.41,"skX":31.81,"skY":31.81}}]},{"name":"mlw_dj_datui2","display":[{"name":"mlw_dj_datui2","transform":{"x":22.64,"y":2.49,"skX":-58.4,"skY":-58.4}}]},{"name":"wj_049_molaowu_pz","display":[{"name":"wj_049_molaowu_pz","transform":{"x":14.33,"y":-92.86,"scX":10,"scY":22}}]},{"name":"mlw_dj_toufa2","display":[{"name":"mlw_dj_toufa2","transform":{"x":39.82,"y":-10.64,"skX":-126.44,"skY":-126.44}}]},{"name":"mlw_dj_jiao1","display":[{"name":"mlw_dj_jiao1","transform":{"x":11.59,"y":3.87,"skX":-79.04,"skY":-79.04}},{"name":"mlw_dj_jiao2","transform":{"x":7.99,"y":1.19,"skX":-34.04,"skY":-34.04}}]},{"name":"mlw_dj_xiaotui1","display":[{"name":"mlw_dj_xiaotui1","transform":{"x":13.96,"y":-14.71,"skX":-107.96,"skY":-107.96}}]},{"name":"mlw_dj_shou1","display":[{"name":"mlw_dj_shou1","transform":{"x":15.71,"y":-1.91,"skX":-78.97,"skY":-78.97}}]},{"name":"mlw_dj_kua","display":[{"name":"mlw_dj_kua","transform":{"x":7.55,"y":1.17,"skX":-60.91,"skY":-60.91}}]},{"name":"mlw_dj_xiaobi1","display":[{"name":"mlw_dj_xiaobi1","transform":{"x":18.68,"y":0.22,"skX":-84,"skY":-84}}]},{"name":"mlw_dj_jiao2","display":[{"name":"mlw_dj_jiao2","transform":{"x":8.1,"y":1.98,"skX":-36.74,"skY":-36.74}}]},{"name":"mlw_dj_lingdai","display":[{"name":"mlw_dj_lingdai","transform":{"x":37.75,"y":-0.27,"skX":-88.52,"skY":-88.52}}]},{"name":"buff_mid","display":[{"name":"buff_mid","transform":{"x":1.4,"y":-0.88}}]},{"name":"buff_up","display":[{"name":"buff_up","transform":{"x":-0.44,"y":-0.76}}]},{"name":"mlw_dj_shangbi1","display":[{"name":"mlw_dj_shangbi1","transform":{"x":28.54,"y":-0.08,"skX":-119.26,"skY":-119.26}}]}]}],"animation":[{"duration":20,"name":"0000_chuchang","bone":[{"name":"root","rotateFrame":[{"duration":20,"rotate":-0.03}]},{"name":"bone","translateFrame":[{"duration":5,"tweenEasing":0,"x":-8.18,"y":-116.73},{"duration":5,"tweenEasing":0,"x":-8.24,"y":-6.87},{"duration":10,"tweenEasing":0,"x":-8.22,"y":24.03},{"duration":0}],"rotateFrame":[{"duration":20,"rotate":-0.03}]},{"name":"mlw_dj_kua","rotateFrame":[{"duration":20,"rotate":-0.03}]},{"name":"tui2","translateFrame":[{"duration":5,"tweenEasing":0,"x":5.56,"y":-116.04},{"duration":5,"tweenEasing":0,"x":5.49,"y":-6.17},{"duration":10}],"rotateFrame":[{"duration":20,"rotate":-0.03}]},{"name":"iao2","translateFrame":[{"duration":5,"tweenEasing":0,"x":0.06,"y":-109.86},{"duration":15}],"rotateFrame":[{"duration":20,"rotate":-0.03}]},{"name":"tui3","translateFrame":[{"duration":5,"tweenEasing":0,"x":-11.6,"y":-120.86},{"duration":5,"tweenEasing":0,"x":-11.67,"y":-10.99},{"duration":10}],"rotateFrame":[{"duration":20,"rotate":-0.03}]},{"name":"jiao2","translateFrame":[{"duration":5,"tweenEasing":0,"x":-23.29,"y":-116.74},{"duration":5,"tweenEasing":0,"x":-23.35,"y":-6.88},{"duration":10}],"rotateFrame":[{"duration":20,"rotate":-0.03}]},{"name":"mlw_dj_shengti","rotateFrame":[{"duration":5,"rotate":-3.64},{"duration":5,"tweenEasing":0,"rotate":-3.64},{"duration":10,"tweenEasing":0,"rotate":20.75},{"duration":0,"rotate":-0.03}]},{"name":"mlw_dj_shangbi1","rotateFrame":[{"duration":5,"rotate":36.27},{"duration":5,"tweenEasing":0,"rotate":36.27},{"duration":10,"tweenEasing":0,"rotate":16.72},{"duration":0,"rotate":-0.03}]},{"name":"mlw_dj_shou1","rotateFrame":[{"duration":5,"rotate":8.98},{"duration":5,"tweenEasing":0,"rotate":8.98},{"duration":10,"tweenEasing":0,"rotate":-26.94},{"duration":0,"rotate":-0.03}]},{"name":"mlw_dj_shou2","rotateFrame":[{"duration":20,"rotate":-0.03}]},{"name":"mlw_dj_lingdai","rotateFrame":[{"duration":20,"rotate":-0.03}]},{"name":"mlw_dj_shangbi2","rotateFrame":[{"duration":5,"rotate":-18.77},{"duration":5,"tweenEasing":0,"rotate":-18.77},{"duration":10,"tweenEasing":0,"rotate":-15.07},{"duration":0,"rotate":-0.03}]},{"name":"mlw_dj_xiaobi2","rotateFrame":[{"duration":5,"rotate":27.57},{"duration":5,"tweenEasing":0,"rotate":27.57},{"duration":10,"rotate":-0.03}]},{"name":"mlw_dj_shou3","rotateFrame":[{"duration":5,"rotate":21.71},{"duration":5,"tweenEasing":0,"rotate":21.71},{"duration":10,"rotate":-0.03}]},{"name":"mlw_dj_yandou","rotateFrame":[{"duration":20,"rotate":-0.03}]},{"name":"mlw_dj_tou","rotateFrame":[{"duration":5,"rotate":2.82},{"duration":5,"tweenEasing":0,"rotate":2.82},{"duration":10,"tweenEasing":0,"rotate":-21.18},{"duration":0,"rotate":-0.03}]},{"name":"mlw_dj_toufa2","rotateFrame":[{"duration":20,"rotate":-0.03}]},{"name":"mlw_dj_toufa1","rotateFrame":[{"duration":20,"rotate":-0.03}]},{"name":"mlw_dj_toufa3","rotateFrame":[{"duration":20,"rotate":-0.03}]}]},{"duration":40,"name":"0001_daiji","bone":[{"name":"bone","translateFrame":[{"duration":15,"tweenEasing":0},{"duration":25,"tweenEasing":0,"y":1.95},{"duration":0}]},{"name":"mlw_dj_shengti","rotateFrame":[{"duration":20,"tweenEasing":0},{"duration":20,"tweenEasing":0,"rotate":0.49},{"duration":0}]},{"name":"mlw_dj_shangbi1","translateFrame":[{"duration":18,"tweenEasing":0},{"duration":2,"tweenEasing":0,"x":-1.81,"y":0.99},{"duration":20,"tweenEasing":0,"x":-1.81,"y":0.99},{"duration":0}],"rotateFrame":[{"duration":18,"tweenEasing":0},{"duration":2,"tweenEasing":0},{"duration":20,"tweenEasing":0,"rotate":3.73},{"duration":0}]},{"name":"mlw_dj_shou1","rotateFrame":[{"duration":20,"tweenEasing":0},{"duration":20,"tweenEasing":0,"rotate":-8.88},{"duration":0}]},{"name":"mlw_dj_shou2","rotateFrame":[{"duration":20,"tweenEasing":0},{"duration":20,"tweenEasing":0,"rotate":-3.27},{"duration":0}]},{"name":"mlw_dj_lingdai","rotateFrame":[{"duration":20,"tweenEasing":0},{"duration":20,"tweenEasing":0,"rotate":5.96},{"duration":0}]},{"name":"mlw_dj_shangbi2","translateFrame":[{"duration":18,"tweenEasing":0},{"duration":22,"tweenEasing":0,"x":-1.28,"y":0.23},{"duration":0}]},{"name":"mlw_dj_tou","rotateFrame":[{"duration":20,"tweenEasing":0},{"duration":20,"tweenEasing":0,"rotate":-1.76},{"duration":0}]},{"name":"mlw_dj_toufa2","rotateFrame":[{"duration":20,"tweenEasing":0},{"duration":20,"tweenEasing":0,"rotate":0.44},{"duration":0}]},{"name":"mlw_dj_toufa1","rotateFrame":[{"duration":20,"tweenEasing":0},{"duration":20,"tweenEasing":0,"rotate":0.7},{"duration":0}]},{"name":"mlw_dj_toufa3","rotateFrame":[{"duration":20,"tweenEasing":0},{"duration":20,"tweenEasing":0,"rotate":-1.8},{"duration":0}]}]},{"duration":30,"name":"0002_pao","bone":[{"name":"bone","translateFrame":[{"duration":8,"tweenEasing":0,"x":8.12,"y":18.21},{"duration":7,"tweenEasing":0,"x":8.12,"y":10.18},{"duration":8,"tweenEasing":0,"x":8.12,"y":18.21},{"duration":7,"tweenEasing":0,"x":8.12,"y":10.18},{"duration":0,"x":8.12,"y":18.21}]},{"name":"tui2","translateFrame":[{"duration":5,"tweenEasing":0,"x":20.23,"y":10.21},{"duration":5,"tweenEasing":0,"x":-18.26,"y":3.13},{"duration":5,"tweenEasing":0,"x":-17.15,"y":-25.62},{"duration":5,"tweenEasing":0,"x":4.3,"y":-30.05},{"duration":5,"tweenEasing":0,"x":56.96,"y":-4.68},{"duration":5,"tweenEasing":0,"x":83.29,"y":0.55},{"duration":0,"x":20.23,"y":10.21}]},{"name":"mlw_dj_datui1","translateFrame":[{"duration":5,"tweenEasing":0,"x":1.91,"y":-1.91},{"duration":10,"tweenEasing":0,"x":3.23,"y":-2.35},{"duration":15,"x":1.91,"y":-1.91}]},{"name":"iao2","translateFrame":[{"duration":5,"tweenEasing":0,"x":38.27,"y":-4.54},{"duration":5,"tweenEasing":0,"x":-0.22,"y":-4.1},{"duration":5,"tweenEasing":0,"x":-29.64,"y":-34.85},{"duration":5,"tweenEasing":0,"x":-5.08,"y":-28.43},{"duration":5,"tweenEasing":0,"x":65.56,"y":-14.72},{"duration":5,"tweenEasing":0,"x":102.8,"y":-26.44},{"duration":0,"x":38.27,"y":-4.54}]},{"name":"tui3","translateFrame":[{"duration":5,"tweenEasing":0,"x":-54.97,"y":-30.59},{"duration":5,"tweenEasing":0,"x":-24,"y":-25.28},{"duration":5,"tweenEasing":0,"x":35.29,"y":1.7},{"duration":5,"tweenEasing":0,"x":-46.12,"y":3.47},{"duration":5,"tweenEasing":0,"x":-82.26,"y":-12.74},{"duration":5,"tweenEasing":0,"x":-64.19,"y":-39.37},{"duration":0,"x":-54.97,"y":-30.59}]},{"name":"mlw_dj_datui2","translateFrame":[{"duration":5,"tweenEasing":0,"x":0.47,"y":-8.12},{"duration":10,"tweenEasing":0,"x":-0.4,"y":-4.14},{"duration":15,"x":0.47,"y":-8.12}]},{"name":"jiao2","translateFrame":[{"duration":5,"tweenEasing":0,"x":-83.65,"y":-20.55},{"duration":5,"tweenEasing":0,"x":-52.68,"y":-16.13},{"duration":5,"tweenEasing":0,"x":39.79,"y":-18.34},{"duration":5,"tweenEasing":0,"x":-45.6,"y":-2.41},{"duration":5,"tweenEasing":0,"x":-107.4,"y":-8.01},{"duration":5,"tweenEasing":0,"x":-100.39,"y":-35.08},{"duration":0,"x":-83.65,"y":-20.55}]},{"name":"mlw_dj_shengti","rotateFrame":[{"duration":8,"tweenEasing":0,"rotate":2.77},{"duration":7,"tweenEasing":0,"rotate":0.9},{"duration":8,"tweenEasing":0,"rotate":2.77},{"duration":7,"tweenEasing":0,"rotate":0.9},{"duration":0,"rotate":2.77}]},{"name":"mlw_dj_shangbi1","rotateFrame":[{"duration":7,"tweenEasing":0},{"rotate":8.69},{"duration":7,"tweenEasing":0,"rotate":8.69},{"duration":7,"tweenEasing":0},{"duration":8,"tweenEasing":0,"rotate":8.69},{"duration":0}]},{"name":"mlw_dj_shou1","rotateFrame":[{"duration":7,"tweenEasing":0},{"rotate":4.41},{"duration":7,"tweenEasing":0,"rotate":4.41},{"duration":7,"tweenEasing":0},{"duration":8,"tweenEasing":0,"rotate":4.41},{"duration":0}]},{"name":"mlw_dj_shou2","rotateFrame":[{"duration":7,"tweenEasing":0},{"rotate":-4.8},{"duration":7,"tweenEasing":0,"rotate":-4.8},{"duration":7,"tweenEasing":0},{"duration":8,"tweenEasing":0,"rotate":-4.8},{"duration":0}]},{"name":"mlw_dj_lingdai","rotateFrame":[{"duration":7,"tweenEasing":0},{"duration":8,"tweenEasing":0,"rotate":4.57},{"duration":8,"tweenEasing":0},{"duration":7,"tweenEasing":0,"rotate":4.57},{"duration":0}]},{"name":"mlw_dj_toufa2","rotateFrame":[{"duration":8,"tweenEasing":0},{"duration":7,"tweenEasing":0,"rotate":1.92},{"duration":8,"tweenEasing":0},{"duration":7,"tweenEasing":0,"rotate":1.92},{"duration":0}]},{"name":"mlw_dj_toufa1","rotateFrame":[{"duration":8,"tweenEasing":0},{"duration":7,"tweenEasing":0,"rotate":2.69},{"duration":8,"tweenEasing":0},{"duration":7,"tweenEasing":0,"rotate":2.69},{"duration":0}]},{"name":"mlw_dj_toufa3","rotateFrame":[{"duration":8,"tweenEasing":0},{"duration":7,"tweenEasing":0,"rotate":2.59},{"duration":8,"tweenEasing":0},{"duration":7,"tweenEasing":0,"rotate":2.59},{"duration":0}]}],"slot":[{"name":"mlw_dj_jiao1","displayFrame":[{"duration":30,"value":1},{"duration":0}]}]},{"duration":30,"name":"0003_chongci","bone":[{"name":"bone","translateFrame":[{"duration":8,"tweenEasing":0,"x":8.12,"y":18.21},{"duration":7,"tweenEasing":0,"x":8.12,"y":10.18},{"duration":8,"tweenEasing":0,"x":8.12,"y":18.21},{"duration":7,"tweenEasing":0,"x":8.12,"y":10.18},{"duration":0,"x":8.12,"y":18.21}]},{"name":"tui2","translateFrame":[{"duration":5,"tweenEasing":0,"x":20.23,"y":10.21},{"duration":5,"tweenEasing":0,"x":-18.26,"y":3.13},{"duration":5,"tweenEasing":0,"x":-17.15,"y":-25.62},{"duration":5,"tweenEasing":0,"x":4.3,"y":-30.05},{"duration":5,"tweenEasing":0,"x":56.96,"y":-4.68},{"duration":5,"tweenEasing":0,"x":83.29,"y":0.55},{"duration":0,"x":20.23,"y":10.21}]},{"name":"mlw_dj_datui1","translateFrame":[{"duration":5,"tweenEasing":0,"x":1.91,"y":-1.91},{"duration":10,"tweenEasing":0,"x":3.23,"y":-2.35},{"duration":15,"x":1.91,"y":-1.91}]},{"name":"iao2","translateFrame":[{"duration":5,"tweenEasing":0,"x":38.27,"y":-4.54},{"duration":5,"tweenEasing":0,"x":-0.22,"y":-4.1},{"duration":5,"tweenEasing":0,"x":-29.64,"y":-34.85},{"duration":5,"tweenEasing":0,"x":-5.08,"y":-28.43},{"duration":5,"tweenEasing":0,"x":65.56,"y":-14.72},{"duration":5,"tweenEasing":0,"x":102.8,"y":-26.44},{"duration":0,"x":38.27,"y":-4.54}]},{"name":"tui3","translateFrame":[{"duration":5,"tweenEasing":0,"x":-54.97,"y":-30.59},{"duration":5,"tweenEasing":0,"x":-24,"y":-25.28},{"duration":5,"tweenEasing":0,"x":35.29,"y":1.7},{"duration":5,"tweenEasing":0,"x":-46.12,"y":3.47},{"duration":5,"tweenEasing":0,"x":-82.26,"y":-12.74},{"duration":5,"tweenEasing":0,"x":-64.19,"y":-39.37},{"duration":0,"x":-54.97,"y":-30.59}]},{"name":"mlw_dj_datui2","translateFrame":[{"duration":5,"tweenEasing":0,"x":0.47,"y":-8.12},{"duration":10,"tweenEasing":0,"x":-0.4,"y":-4.14},{"duration":15,"x":0.47,"y":-8.12}]},{"name":"jiao2","translateFrame":[{"duration":5,"tweenEasing":0,"x":-83.65,"y":-20.55},{"duration":5,"tweenEasing":0,"x":-52.68,"y":-16.13},{"duration":5,"tweenEasing":0,"x":39.79,"y":-18.34},{"duration":5,"tweenEasing":0,"x":-45.6,"y":-2.41},{"duration":5,"tweenEasing":0,"x":-107.4,"y":-8.01},{"duration":5,"tweenEasing":0,"x":-100.39,"y":-35.08},{"duration":0,"x":-83.65,"y":-20.55}]},{"name":"mlw_dj_shengti","rotateFrame":[{"duration":8,"tweenEasing":0,"rotate":2.77},{"duration":7,"tweenEasing":0,"rotate":0.9},{"duration":8,"tweenEasing":0,"rotate":2.77},{"duration":7,"tweenEasing":0,"rotate":0.9},{"duration":0,"rotate":2.77}]},{"name":"mlw_dj_shangbi1","rotateFrame":[{"duration":7,"tweenEasing":0},{"rotate":8.69},{"duration":7,"tweenEasing":0,"rotate":8.69},{"duration":7,"tweenEasing":0},{"duration":8,"tweenEasing":0,"rotate":8.69},{"duration":0}]},{"name":"mlw_dj_shou1","rotateFrame":[{"duration":7,"tweenEasing":0},{"rotate":4.41},{"duration":7,"tweenEasing":0,"rotate":4.41},{"duration":7,"tweenEasing":0},{"duration":8,"tweenEasing":0,"rotate":4.41},{"duration":0}]},{"name":"mlw_dj_shou2","rotateFrame":[{"duration":7,"tweenEasing":0},{"rotate":-4.8},{"duration":7,"tweenEasing":0,"rotate":-4.8},{"duration":7,"tweenEasing":0},{"duration":8,"tweenEasing":0,"rotate":-4.8},{"duration":0}]},{"name":"mlw_dj_lingdai","rotateFrame":[{"duration":7,"tweenEasing":0},{"duration":8,"tweenEasing":0,"rotate":4.57},{"duration":8,"tweenEasing":0},{"duration":7,"tweenEasing":0,"rotate":4.57},{"duration":0}]},{"name":"mlw_dj_toufa2","rotateFrame":[{"duration":8,"tweenEasing":0},{"duration":7,"tweenEasing":0,"rotate":1.92},{"duration":8,"tweenEasing":0},{"duration":7,"tweenEasing":0,"rotate":1.92},{"duration":0}]},{"name":"mlw_dj_toufa1","rotateFrame":[{"duration":8,"tweenEasing":0},{"duration":7,"tweenEasing":0,"rotate":2.69},{"duration":8,"tweenEasing":0},{"duration":7,"tweenEasing":0,"rotate":2.69},{"duration":0}]},{"name":"mlw_dj_toufa3","rotateFrame":[{"duration":8,"tweenEasing":0},{"duration":7,"tweenEasing":0,"rotate":2.59},{"duration":8,"tweenEasing":0},{"duration":7,"tweenEasing":0,"rotate":2.59},{"duration":0}]}],"slot":[{"name":"mlw_dj_jiao1","displayFrame":[{"duration":30,"value":1},{"duration":0}]}]},{"duration":3,"name":"0004_tiaoyueyanshi","bone":[{"name":"root","rotateFrame":[{"duration":3,"rotate":-0.03}]},{"name":"bone","translateFrame":[{"duration":3,"x":-8.24,"y":-6.87}],"rotateFrame":[{"duration":3,"rotate":-0.03}]},{"name":"mlw_dj_kua","rotateFrame":[{"duration":3,"rotate":-0.03}]},{"name":"tui2","translateFrame":[{"duration":3,"x":5.49,"y":-6.17}],"rotateFrame":[{"duration":3,"rotate":-0.03}]},{"name":"iao2","rotateFrame":[{"duration":3,"rotate":-0.03}]},{"name":"tui3","translateFrame":[{"duration":3,"x":-11.67,"y":-10.99}],"rotateFrame":[{"duration":3,"rotate":-0.03}]},{"name":"jiao2","translateFrame":[{"duration":3,"x":-23.35,"y":-6.88}],"rotateFrame":[{"duration":3,"rotate":-0.03}]},{"name":"mlw_dj_shengti","rotateFrame":[{"duration":3,"rotate":-3.64}]},{"name":"mlw_dj_shangbi1","rotateFrame":[{"duration":3,"rotate":36.27}]},{"name":"mlw_dj_shou1","rotateFrame":[{"duration":3,"rotate":8.98}]},{"name":"mlw_dj_shou2","rotateFrame":[{"duration":3,"rotate":-0.03}]},{"name":"mlw_dj_lingdai","rotateFrame":[{"duration":3,"rotate":-0.03}]},{"name":"mlw_dj_shangbi2","rotateFrame":[{"duration":3,"rotate":-18.77}]},{"name":"mlw_dj_xiaobi2","rotateFrame":[{"duration":3,"rotate":27.57}]},{"name":"mlw_dj_shou3","rotateFrame":[{"duration":3,"rotate":21.71}]},{"name":"mlw_dj_yandou","rotateFrame":[{"duration":3,"rotate":-0.03}]},{"name":"mlw_dj_tou","rotateFrame":[{"duration":3,"rotate":2.82}]},{"name":"mlw_dj_toufa2","rotateFrame":[{"duration":3,"rotate":-0.03}]},{"name":"mlw_dj_toufa1","rotateFrame":[{"duration":3,"rotate":-0.03}]},{"name":"mlw_dj_toufa3","rotateFrame":[{"duration":3,"rotate":-0.03}]}]},{"duration":3,"name":"0005_tiaoyueshang","bone":[{"name":"root","rotateFrame":[{"duration":3,"rotate":-0.03}]},{"name":"bone","translateFrame":[{"duration":3,"x":-8.24,"y":-6.87}],"rotateFrame":[{"duration":3,"rotate":-0.03}]},{"name":"mlw_dj_kua","rotateFrame":[{"duration":3,"rotate":-0.03}]},{"name":"tui2","translateFrame":[{"duration":3,"x":5.49,"y":-6.17}],"rotateFrame":[{"duration":3,"rotate":-0.03}]},{"name":"iao2","rotateFrame":[{"duration":3,"rotate":-0.03}]},{"name":"tui3","translateFrame":[{"duration":3,"x":-11.67,"y":-10.99}],"rotateFrame":[{"duration":3,"rotate":-0.03}]},{"name":"jiao2","translateFrame":[{"duration":3,"x":-23.35,"y":-6.88}],"rotateFrame":[{"duration":3,"rotate":-0.03}]},{"name":"mlw_dj_shengti","rotateFrame":[{"duration":3,"rotate":-3.64}]},{"name":"mlw_dj_shangbi1","rotateFrame":[{"duration":3,"rotate":36.27}]},{"name":"mlw_dj_shou1","rotateFrame":[{"duration":3,"rotate":8.98}]},{"name":"mlw_dj_shou2","rotateFrame":[{"duration":3,"rotate":-0.03}]},{"name":"mlw_dj_lingdai","rotateFrame":[{"duration":3,"rotate":-0.03}]},{"name":"mlw_dj_shangbi2","rotateFrame":[{"duration":3,"rotate":-18.77}]},{"name":"mlw_dj_xiaobi2","rotateFrame":[{"duration":3,"rotate":27.57}]},{"name":"mlw_dj_shou3","rotateFrame":[{"duration":3,"rotate":21.71}]},{"name":"mlw_dj_yandou","rotateFrame":[{"duration":3,"rotate":-0.03}]},{"name":"mlw_dj_tou","rotateFrame":[{"duration":3,"rotate":2.82}]},{"name":"mlw_dj_toufa2","rotateFrame":[{"duration":3,"rotate":-0.03}]},{"name":"mlw_dj_toufa1","rotateFrame":[{"duration":3,"rotate":-0.03}]},{"name":"mlw_dj_toufa3","rotateFrame":[{"duration":3,"rotate":-0.03}]}]},{"duration":3,"name":"0006_tiaoyuezhong","bone":[{"name":"root","rotateFrame":[{"duration":3,"rotate":-0.03}]},{"name":"bone","translateFrame":[{"duration":3,"x":-8.24,"y":-6.87}],"rotateFrame":[{"duration":3,"rotate":-0.03}]},{"name":"mlw_dj_kua","rotateFrame":[{"duration":3,"rotate":-0.03}]},{"name":"tui2","translateFrame":[{"duration":3,"x":5.49,"y":-6.17}],"rotateFrame":[{"duration":3,"rotate":-0.03}]},{"name":"iao2","rotateFrame":[{"duration":3,"rotate":-0.03}]},{"name":"tui3","translateFrame":[{"duration":3,"x":-11.67,"y":-10.99}],"rotateFrame":[{"duration":3,"rotate":-0.03}]},{"name":"jiao2","translateFrame":[{"duration":3,"x":-23.35,"y":-6.88}],"rotateFrame":[{"duration":3,"rotate":-0.03}]},{"name":"mlw_dj_shengti","rotateFrame":[{"duration":3,"rotate":-3.64}]},{"name":"mlw_dj_shangbi1","rotateFrame":[{"duration":3,"rotate":36.27}]},{"name":"mlw_dj_shou1","rotateFrame":[{"duration":3,"rotate":8.98}]},{"name":"mlw_dj_shou2","rotateFrame":[{"duration":3,"rotate":-0.03}]},{"name":"mlw_dj_lingdai","rotateFrame":[{"duration":3,"rotate":-0.03}]},{"name":"mlw_dj_shangbi2","rotateFrame":[{"duration":3,"rotate":-18.77}]},{"name":"mlw_dj_xiaobi2","rotateFrame":[{"duration":3,"rotate":27.57}]},{"name":"mlw_dj_shou3","rotateFrame":[{"duration":3,"rotate":21.71}]},{"name":"mlw_dj_yandou","rotateFrame":[{"duration":3,"rotate":-0.03}]},{"name":"mlw_dj_tou","rotateFrame":[{"duration":3,"rotate":2.82}]},{"name":"mlw_dj_toufa2","rotateFrame":[{"duration":3,"rotate":-0.03}]},{"name":"mlw_dj_toufa1","rotateFrame":[{"duration":3,"rotate":-0.03}]},{"name":"mlw_dj_toufa3","rotateFrame":[{"duration":3,"rotate":-0.03}]}]},{"duration":3,"name":"0007_tiaoyuexia","bone":[{"name":"root","rotateFrame":[{"duration":3,"rotate":-0.03}]},{"name":"bone","translateFrame":[{"duration":3,"x":-8.24,"y":-6.87}],"rotateFrame":[{"duration":3,"rotate":-0.03}]},{"name":"mlw_dj_kua","rotateFrame":[{"duration":3,"rotate":-0.03}]},{"name":"tui2","translateFrame":[{"duration":3,"x":5.49,"y":-6.17}],"rotateFrame":[{"duration":3,"rotate":-0.03}]},{"name":"iao2","rotateFrame":[{"duration":3,"rotate":-0.03}]},{"name":"tui3","translateFrame":[{"duration":3,"x":-11.67,"y":-10.99}],"rotateFrame":[{"duration":3,"rotate":-0.03}]},{"name":"jiao2","translateFrame":[{"duration":3,"x":-23.35,"y":-6.88}],"rotateFrame":[{"duration":3,"rotate":-0.03}]},{"name":"mlw_dj_shengti","rotateFrame":[{"duration":3,"rotate":-3.64}]},{"name":"mlw_dj_shangbi1","rotateFrame":[{"duration":3,"rotate":36.27}]},{"name":"mlw_dj_shou1","rotateFrame":[{"duration":3,"rotate":8.98}]},{"name":"mlw_dj_shou2","rotateFrame":[{"duration":3,"rotate":-0.03}]},{"name":"mlw_dj_lingdai","rotateFrame":[{"duration":3,"rotate":-0.03}]},{"name":"mlw_dj_shangbi2","rotateFrame":[{"duration":3,"rotate":-18.77}]},{"name":"mlw_dj_xiaobi2","rotateFrame":[{"duration":3,"rotate":27.57}]},{"name":"mlw_dj_shou3","rotateFrame":[{"duration":3,"rotate":21.71}]},{"name":"mlw_dj_yandou","rotateFrame":[{"duration":3,"rotate":-0.03}]},{"name":"mlw_dj_tou","rotateFrame":[{"duration":3,"rotate":2.82}]},{"name":"mlw_dj_toufa2","rotateFrame":[{"duration":3,"rotate":-0.03}]},{"name":"mlw_dj_toufa1","rotateFrame":[{"duration":3,"rotate":-0.03}]},{"name":"mlw_dj_toufa3","rotateFrame":[{"duration":3,"rotate":-0.03}]}]},{"duration":15,"name":"0008_shouji1","bone":[{"name":"bone","translateFrame":[{"duration":3,"tweenEasing":0},{"duration":12,"tweenEasing":0,"x":-5.6,"y":7},{"duration":0}]},{"name":"mlw_dj_shengti","rotateFrame":[{"duration":3,"tweenEasing":0},{"duration":12,"tweenEasing":0,"rotate":7.91},{"duration":0}]},{"name":"mlw_dj_shangbi1","rotateFrame":[{"duration":3,"tweenEasing":0},{"duration":12,"tweenEasing":0,"rotate":9.3},{"duration":0}]},{"name":"mlw_dj_shou1","rotateFrame":[{"duration":7,"tweenEasing":0},{"duration":8,"tweenEasing":0,"rotate":-15.44},{"duration":0}]},{"name":"mlw_dj_shou2","rotateFrame":[{"duration":7,"tweenEasing":0},{"duration":8,"tweenEasing":0,"rotate":-3.28},{"duration":0}]},{"name":"mlw_dj_lingdai","rotateFrame":[{"duration":7,"tweenEasing":0},{"duration":8,"tweenEasing":0,"rotate":-10.89},{"duration":0}]},{"name":"mlw_dj_yandou","rotateFrame":[{"duration":7,"tweenEasing":0},{"duration":8,"tweenEasing":0,"rotate":3.11},{"duration":0}]},{"name":"mlw_dj_tou","rotateFrame":[{"duration":5,"tweenEasing":0},{"duration":10,"tweenEasing":0,"rotate":3.65},{"duration":0}]},{"name":"mlw_dj_toufa2","rotateFrame":[{"duration":7,"tweenEasing":0},{"duration":8,"tweenEasing":0,"rotate":-1.27},{"duration":0}]},{"name":"mlw_dj_toufa1","rotateFrame":[{"duration":7,"tweenEasing":0},{"duration":8,"tweenEasing":0,"rotate":-4.78},{"duration":0}]},{"name":"mlw_dj_toufa3","rotateFrame":[{"duration":7,"tweenEasing":0},{"duration":8,"tweenEasing":0,"rotate":-6.43},{"duration":0}]}]},{"duration":15,"name":"0009_shouji2","bone":[{"name":"bone","translateFrame":[{"duration":3,"tweenEasing":0},{"duration":12,"tweenEasing":0,"x":-0.53,"y":9.15},{"duration":0}]},{"name":"mlw_dj_shengti","rotateFrame":[{"duration":3,"tweenEasing":0},{"duration":12,"tweenEasing":0,"rotate":-10.96},{"duration":0}]},{"name":"mlw_dj_shangbi1","rotateFrame":[{"duration":3,"tweenEasing":0},{"duration":12,"tweenEasing":0,"rotate":-15.73},{"duration":0}]},{"name":"mlw_dj_shou1","rotateFrame":[{"duration":7,"tweenEasing":0},{"duration":8,"tweenEasing":0,"rotate":-7.1},{"duration":0}]},{"name":"mlw_dj_shou2","rotateFrame":[{"duration":10,"tweenEasing":0},{"duration":5,"tweenEasing":0,"rotate":-7.35},{"duration":0}]},{"name":"mlw_dj_lingdai","rotateFrame":[{"duration":3,"tweenEasing":0},{"duration":12,"tweenEasing":0,"rotate":-4.85},{"duration":0}]},{"name":"mlw_dj_shangbi2","rotateFrame":[{"duration":3,"tweenEasing":0},{"duration":12,"tweenEasing":0,"rotate":-1.11},{"duration":0}]},{"name":"mlw_dj_yandou","rotateFrame":[{"duration":3,"tweenEasing":0},{"duration":12,"tweenEasing":0,"rotate":2.04},{"duration":0}]},{"name":"mlw_dj_tou","rotateFrame":[{"duration":7,"tweenEasing":0},{"duration":8,"tweenEasing":0,"rotate":-18.17},{"duration":0}]},{"name":"mlw_dj_toufa2","rotateFrame":[{"duration":3,"tweenEasing":0},{"duration":12,"tweenEasing":0,"rotate":-0.5},{"duration":0}]},{"name":"mlw_dj_toufa1","rotateFrame":[{"duration":3,"tweenEasing":0},{"duration":12,"tweenEasing":0,"rotate":-2.62},{"duration":0}]},{"name":"mlw_dj_toufa3","rotateFrame":[{"duration":3,"tweenEasing":0},{"duration":12,"tweenEasing":0,"rotate":-8.76},{"duration":0}]}]},{"duration":18,"name":"0010_fukongdaodi","bone":[{"name":"bone","translateFrame":[{"duration":3},{"duration":3,"tweenEasing":0},{"duration":3,"tweenEasing":0,"x":-1.21,"y":17.02},{"duration":3,"tweenEasing":0,"x":-2.43,"y":26.13},{"duration":3,"tweenEasing":0,"y":92.4},{"duration":3,"tweenEasing":0,"y":70.51},{"duration":0,"y":91.68}],"rotateFrame":[{"duration":3},{"duration":3,"tweenEasing":0},{"duration":3,"tweenEasing":0,"rotate":-41.72},{"duration":3,"tweenEasing":0,"rotate":-47.75},{"duration":6,"rotate":-89.91}]},{"name":"mlw_dj_kua","rotateFrame":[{"duration":9},{"duration":3,"tweenEasing":0},{"duration":6,"rotate":0.01}]},{"name":"mlw_dj_datui1","rotateFrame":[{"duration":3,"tweenEasing":0},{"duration":3,"tweenEasing":0,"rotate":-30.39},{"duration":3,"rotate":-28.95},{"duration":3,"tweenEasing":0,"rotate":-28.95},{"duration":3,"tweenEasing":0,"rotate":-43.11},{"duration":3,"tweenEasing":0,"rotate":-10.47},{"duration":0,"rotate":-13.87}]},{"name":"mlw_dj_xiaotui1","rotateFrame":[{"duration":3},{"duration":3,"tweenEasing":0},{"duration":9,"rotate":14.54},{"duration":3,"tweenEasing":0,"rotate":14.54},{"duration":0,"rotate":-0.26}]},{"name":"mlw_dj_jiao1","rotateFrame":[{"duration":3},{"duration":3,"tweenEasing":0},{"duration":12,"rotate":13.16}]},{"name":"mlw_dj_datui2","rotateFrame":[{"duration":3,"tweenEasing":0},{"duration":3,"tweenEasing":0,"rotate":-20.27},{"duration":3,"rotate":-19.23},{"duration":3,"tweenEasing":0,"rotate":-19.23},{"duration":3,"tweenEasing":0,"rotate":-24.14},{"duration":3,"tweenEasing":0,"rotate":20.22},{"duration":0,"rotate":11.51}]},{"name":"mlw_dj_xiaotui2","rotateFrame":[{"duration":3},{"duration":3,"tweenEasing":0},{"duration":3,"rotate":-12.34},{"duration":3,"tweenEasing":0,"rotate":-12.34},{"duration":3,"tweenEasing":0,"rotate":-15.37},{"duration":3,"tweenEasing":0,"rotate":25.17},{"duration":0,"rotate":18.89}]},{"name":"mlw_dj_jiao2","rotateFrame":[{"duration":9},{"duration":3,"tweenEasing":0},{"duration":3,"tweenEasing":0,"rotate":26.11},{"duration":3,"rotate":-3.86}]},{"name":"mlw_dj_shengti","rotateFrame":[{"duration":3,"tweenEasing":0},{"duration":3,"tweenEasing":0,"rotate":-14.4},{"duration":3,"rotate":1.18},{"duration":3,"tweenEasing":0,"rotate":1.18},{"duration":3,"tweenEasing":0,"rotate":-7.71},{"duration":3,"rotate":-16.2}]},{"name":"mlw_dj_shangbi1","rotateFrame":[{"duration":3,"tweenEasing":0},{"duration":3,"tweenEasing":0,"rotate":-22.86},{"duration":3,"rotate":-48.88},{"duration":3,"tweenEasing":0,"rotate":-48.88},{"duration":3,"tweenEasing":0,"rotate":-50.44},{"duration":3,"tweenEasing":0,"rotate":-1},{"duration":0,"rotate":-9.25}]},{"name":"mlw_dj_shou1","rotateFrame":[{"duration":3},{"duration":3,"tweenEasing":0},{"duration":6,"rotate":-4.63},{"duration":3,"tweenEasing":0,"rotate":-4.63},{"duration":3,"rotate":16.88}]},{"name":"mlw_dj_shou2","rotateFrame":[{"duration":3},{"duration":3,"tweenEasing":0},{"duration":12,"rotate":-4.68}]},{"name":"mlw_dj_shangbi2","rotateFrame":[{"duration":3,"tweenEasing":0},{"duration":6,"rotate":-30.3},{"duration":3,"tweenEasing":0,"rotate":-30.3},{"duration":3,"tweenEasing":0,"rotate":18.44},{"duration":3,"tweenEasing":0,"rotate":54.97},{"duration":0,"rotate":55.58}]},{"name":"mlw_dj_xiaobi2","rotateFrame":[{"duration":3,"tweenEasing":0},{"duration":3,"tweenEasing":0,"rotate":-19.98},{"duration":3,"tweenEasing":0,"rotate":46.48},{"duration":3,"tweenEasing":0,"rotate":64.98},{"duration":3,"tweenEasing":0,"rotate":76.83},{"duration":3,"rotate":75.7}]},{"name":"mlw_dj_shou3","rotateFrame":[{"duration":3,"tweenEasing":0},{"duration":6,"rotate":24.65},{"duration":3,"tweenEasing":0,"rotate":24.65},{"duration":3,"tweenEasing":0,"rotate":63.08},{"duration":3,"rotate":24.65}]},{"name":"mlw_dj_yandou","rotateFrame":[{"duration":12},{"duration":3,"tweenEasing":0},{"duration":3,"tweenEasing":0,"rotate":32.96},{"duration":0,"rotate":121.05}]},{"name":"mlw_dj_tou","rotateFrame":[{"duration":3,"tweenEasing":0},{"duration":3,"tweenEasing":0,"rotate":13.19},{"duration":6,"rotate":21.61},{"duration":3,"tweenEasing":0,"rotate":21.61},{"duration":3,"tweenEasing":0,"rotate":-13.69},{"duration":0,"rotate":8.13}]},{"name":"wj_049_molaowu_pz","translateFrame":[{"duration":9},{"duration":3,"tweenEasing":0},{"duration":3,"tweenEasing":0,"x":-29.74,"y":7.87},{"duration":3,"tweenEasing":0,"x":-34.12,"y":14.87},{"duration":0,"x":-34.12,"y":18.37}],"scaleFrame":[{"duration":6},{"duration":3,"tweenEasing":0},{"duration":3,"tweenEasing":0,"x":1.55,"y":0.91},{"duration":6,"x":2.57,"y":0.48}]}],"ik":[{"name":"tui1","frame":[{"duration":18,"weight":0}]},{"name":"tui2","frame":[{"duration":18,"weight":0}]},{"name":"jiao1","frame":[{"duration":18,"bendPositive":false,"weight":0}]},{"name":"jiao2","frame":[{"duration":18,"bendPositive":false,"weight":0}]}]},{"duration":3,"name":"0011_jifeishangsheng","bone":[{"name":"mlw_dj_datui1","rotateFrame":[{"duration":3,"tweenEasing":0},{"duration":0,"rotate":-30.39}]},{"name":"mlw_dj_datui2","rotateFrame":[{"duration":3,"tweenEasing":0},{"duration":0,"rotate":-20.27}]},{"name":"mlw_dj_shengti","rotateFrame":[{"duration":3,"tweenEasing":0},{"duration":0,"rotate":-14.4}]},{"name":"mlw_dj_shangbi1","rotateFrame":[{"duration":3,"tweenEasing":0},{"duration":0,"rotate":-22.86}]},{"name":"mlw_dj_shangbi2","rotateFrame":[{"duration":3,"tweenEasing":0},{"duration":0,"rotate":-30.3}]},{"name":"mlw_dj_xiaobi2","rotateFrame":[{"duration":3,"tweenEasing":0},{"duration":0,"rotate":-19.98}]},{"name":"mlw_dj_shou3","rotateFrame":[{"duration":3,"tweenEasing":0},{"duration":0,"rotate":24.65}]},{"name":"mlw_dj_tou","rotateFrame":[{"duration":3,"tweenEasing":0},{"duration":0,"rotate":13.19}]}],"ik":[{"name":"tui1","frame":[{"duration":3,"weight":0}]},{"name":"tui2","frame":[{"duration":3,"weight":0}]},{"name":"jiao1","frame":[{"duration":3,"bendPositive":false,"weight":0}]},{"name":"jiao2","frame":[{"duration":3,"bendPositive":false,"weight":0}]}]},{"duration":3,"name":"0012_jifeixialuo","bone":[{"name":"bone","translateFrame":[{"duration":3,"x":-1.21,"y":17.02}],"rotateFrame":[{"duration":3,"rotate":-41.72}]},{"name":"mlw_dj_datui1","rotateFrame":[{"duration":3,"rotate":-28.95}]},{"name":"mlw_dj_xiaotui1","rotateFrame":[{"duration":3,"rotate":14.54}]},{"name":"mlw_dj_jiao1","rotateFrame":[{"duration":3,"rotate":13.16}]},{"name":"mlw_dj_datui2","rotateFrame":[{"duration":3,"rotate":-19.23}]},{"name":"mlw_dj_xiaotui2","rotateFrame":[{"duration":3,"rotate":-12.34}]},{"name":"mlw_dj_shengti","rotateFrame":[{"duration":3,"rotate":1.18}]},{"name":"mlw_dj_shangbi1","rotateFrame":[{"duration":3,"rotate":-48.88}]},{"name":"mlw_dj_shou1","rotateFrame":[{"duration":3,"rotate":-4.63}]},{"name":"mlw_dj_shou2","rotateFrame":[{"duration":3,"rotate":-4.68}]},{"name":"mlw_dj_shangbi2","rotateFrame":[{"duration":3,"rotate":-30.3}]},{"name":"mlw_dj_xiaobi2","rotateFrame":[{"duration":3,"rotate":46.48}]},{"name":"mlw_dj_shou3","rotateFrame":[{"duration":3,"rotate":24.65}]},{"name":"mlw_dj_tou","rotateFrame":[{"duration":3,"rotate":21.61}]}],"ik":[{"name":"tui1","frame":[{"duration":3,"weight":0}]},{"name":"tui2","frame":[{"duration":3,"weight":0}]},{"name":"jiao1","frame":[{"duration":3,"bendPositive":false,"weight":0}]},{"name":"jiao2","frame":[{"duration":3,"bendPositive":false,"weight":0}]}]},{"duration":9,"name":"0013_daodi","bone":[{"name":"bone","translateFrame":[{"duration":3,"tweenEasing":0,"x":-2.43,"y":26.13},{"duration":3,"tweenEasing":0,"y":92.4},{"duration":3,"tweenEasing":0,"y":70.51},{"duration":0,"y":91.68}],"rotateFrame":[{"duration":3,"tweenEasing":0,"rotate":-47.75},{"duration":6,"rotate":-89.91}]},{"name":"mlw_dj_kua","rotateFrame":[{"duration":3,"tweenEasing":0},{"duration":6,"rotate":0.01}]},{"name":"mlw_dj_datui1","rotateFrame":[{"duration":3,"tweenEasing":0,"rotate":-28.95},{"duration":3,"tweenEasing":0,"rotate":-43.11},{"duration":3,"tweenEasing":0,"rotate":-10.47},{"duration":0,"rotate":-13.87}]},{"name":"mlw_dj_xiaotui1","rotateFrame":[{"duration":6,"rotate":14.54},{"duration":3,"tweenEasing":0,"rotate":14.54},{"duration":0,"rotate":-0.26}]},{"name":"mlw_dj_jiao1","rotateFrame":[{"duration":9,"rotate":13.16}]},{"name":"mlw_dj_datui2","rotateFrame":[{"duration":3,"tweenEasing":0,"rotate":-19.23},{"duration":3,"tweenEasing":0,"rotate":-24.14},{"duration":3,"tweenEasing":0,"rotate":20.22},{"duration":0,"rotate":11.51}]},{"name":"mlw_dj_xiaotui2","rotateFrame":[{"duration":3,"tweenEasing":0,"rotate":-12.34},{"duration":3,"tweenEasing":0,"rotate":-15.37},{"duration":3,"tweenEasing":0,"rotate":25.17},{"duration":0,"rotate":18.89}]},{"name":"mlw_dj_jiao2","rotateFrame":[{"duration":3,"tweenEasing":0},{"duration":3,"tweenEasing":0,"rotate":26.11},{"duration":3,"rotate":-3.86}]},{"name":"mlw_dj_shengti","rotateFrame":[{"duration":3,"tweenEasing":0,"rotate":1.18},{"duration":3,"tweenEasing":0,"rotate":-7.71},{"duration":3,"rotate":-16.2}]},{"name":"mlw_dj_shangbi1","rotateFrame":[{"duration":3,"tweenEasing":0,"rotate":-48.88},{"duration":3,"tweenEasing":0,"rotate":-50.44},{"duration":3,"tweenEasing":0,"rotate":-1},{"duration":0,"rotate":-9.25}]},{"name":"mlw_dj_shou1","rotateFrame":[{"duration":3,"rotate":-4.63},{"duration":3,"tweenEasing":0,"rotate":-4.63},{"duration":3,"rotate":16.88}]},{"name":"mlw_dj_shou2","rotateFrame":[{"duration":9,"rotate":-4.68}]},{"name":"mlw_dj_shangbi2","rotateFrame":[{"duration":3,"tweenEasing":0,"rotate":-30.3},{"duration":3,"tweenEasing":0,"rotate":18.44},{"duration":3,"tweenEasing":0,"rotate":54.97},{"duration":0,"rotate":55.58}]},{"name":"mlw_dj_xiaobi2","rotateFrame":[{"duration":3,"tweenEasing":0,"rotate":64.98},{"duration":3,"tweenEasing":0,"rotate":76.83},{"duration":3,"rotate":75.7}]},{"name":"mlw_dj_shou3","rotateFrame":[{"duration":3,"tweenEasing":0,"rotate":24.65},{"duration":3,"tweenEasing":0,"rotate":63.08},{"duration":3,"rotate":24.65}]},{"name":"mlw_dj_yandou","rotateFrame":[{"duration":3},{"duration":3,"tweenEasing":0},{"duration":3,"tweenEasing":0,"rotate":32.96},{"duration":0,"rotate":121.05}]},{"name":"mlw_dj_tou","rotateFrame":[{"duration":3,"rotate":21.61},{"duration":3,"tweenEasing":0,"rotate":21.61},{"duration":3,"tweenEasing":0,"rotate":-13.69},{"duration":0,"rotate":8.13}]},{"name":"wj_049_molaowu_pz","translateFrame":[{"duration":3,"tweenEasing":0},{"duration":3,"tweenEasing":0,"x":-29.74,"y":7.87},{"duration":3,"tweenEasing":0,"x":-34.12,"y":14.87},{"duration":0,"x":-34.12,"y":18.37}],"scaleFrame":[{"duration":3,"tweenEasing":0,"x":1.55,"y":0.91},{"duration":6,"x":2.57,"y":0.48}]}],"ik":[{"name":"tui1","frame":[{"duration":9,"weight":0}]},{"name":"tui2","frame":[{"duration":9,"weight":0}]},{"name":"jiao1","frame":[{"duration":9,"bendPositive":false,"weight":0}]},{"name":"jiao2","frame":[{"duration":9,"bendPositive":false,"weight":0}]}]},{"duration":3,"name":"0014_siwang","bone":[{"name":"bone","translateFrame":[{"duration":3,"y":91.68}],"rotateFrame":[{"duration":3,"rotate":-89.91}]},{"name":"mlw_dj_kua","rotateFrame":[{"duration":3,"rotate":0.01}]},{"name":"mlw_dj_datui1","rotateFrame":[{"duration":3,"rotate":-13.87}]},{"name":"mlw_dj_xiaotui1","rotateFrame":[{"duration":3,"rotate":-0.26}]},{"name":"mlw_dj_jiao1","rotateFrame":[{"duration":3,"rotate":13.16}]},{"name":"mlw_dj_datui2","rotateFrame":[{"duration":3,"rotate":11.51}]},{"name":"mlw_dj_xiaotui2","rotateFrame":[{"duration":3,"rotate":18.89}]},{"name":"mlw_dj_jiao2","rotateFrame":[{"duration":3,"rotate":-3.86}]},{"name":"mlw_dj_shengti","rotateFrame":[{"duration":3,"rotate":-16.2}]},{"name":"mlw_dj_shangbi1","rotateFrame":[{"duration":3,"rotate":-9.25}]},{"name":"mlw_dj_shou1","rotateFrame":[{"duration":3,"rotate":16.88}]},{"name":"mlw_dj_shou2","rotateFrame":[{"duration":3,"rotate":-4.68}]},{"name":"mlw_dj_shangbi2","rotateFrame":[{"duration":3,"rotate":55.58}]},{"name":"mlw_dj_xiaobi2","rotateFrame":[{"duration":3,"rotate":75.7}]},{"name":"mlw_dj_shou3","rotateFrame":[{"duration":3,"rotate":24.65}]},{"name":"mlw_dj_yandou","rotateFrame":[{"duration":3,"rotate":121.05}]},{"name":"mlw_dj_tou","rotateFrame":[{"duration":3,"rotate":8.13}]},{"name":"wj_049_molaowu_pz","translateFrame":[{"duration":3,"x":-34.12,"y":18.37}],"scaleFrame":[{"duration":3,"x":2.57,"y":0.48}]}],"ik":[{"name":"tui1","frame":[{"duration":3,"weight":0}]},{"name":"tui2","frame":[{"duration":3,"weight":0}]},{"name":"jiao1","frame":[{"duration":3,"bendPositive":false,"weight":0}]},{"name":"jiao2","frame":[{"duration":3,"bendPositive":false,"weight":0}]}]},{"duration":10,"name":"0015_daodiqishen","bone":[{"name":"bone","translateFrame":[{"duration":10,"tweenEasing":0,"y":91.68},{"duration":0,"x":-48.94,"y":91.68}],"rotateFrame":[{"duration":10,"rotate":-89.91}]},{"name":"mlw_dj_kua","translateFrame":[{"duration":10,"tweenEasing":0},{"duration":0,"x":-0.01,"y":-8.81}],"rotateFrame":[{"duration":10,"rotate":0.01}]},{"name":"mlw_dj_datui1","rotateFrame":[{"duration":10,"rotate":-13.87}]},{"name":"mlw_dj_xiaotui1","rotateFrame":[{"duration":10,"rotate":-0.26}]},{"name":"mlw_dj_jiao1","rotateFrame":[{"duration":10,"rotate":13.16}]},{"name":"mlw_dj_datui2","rotateFrame":[{"duration":10,"rotate":11.51}]},{"name":"mlw_dj_xiaotui2","rotateFrame":[{"duration":10,"tweenEasing":0,"rotate":18.89},{"duration":0,"rotate":38.36}]},{"name":"mlw_dj_jiao2","rotateFrame":[{"duration":10,"rotate":-3.86}]},{"name":"mlw_dj_shengti","rotateFrame":[{"duration":10,"tweenEasing":0,"rotate":-16.2},{"duration":0,"rotate":96.15}]},{"name":"mlw_dj_shangbi1","rotateFrame":[{"duration":10,"rotate":-9.25}]},{"name":"mlw_dj_shou1","rotateFrame":[{"duration":10,"tweenEasing":0,"rotate":16.88},{"duration":0,"rotate":-34.45}]},{"name":"mlw_dj_shou2","rotateFrame":[{"duration":10,"rotate":-4.68}]},{"name":"mlw_dj_shangbi2","rotateFrame":[{"duration":10,"tweenEasing":0,"rotate":55.58},{"duration":0,"rotate":-6.98}]},{"name":"mlw_dj_xiaobi2","rotateFrame":[{"duration":10,"tweenEasing":0,"rotate":75.7},{"duration":0,"rotate":-12.41}]},{"name":"mlw_dj_shou3","rotateFrame":[{"duration":10,"rotate":24.65}]},{"name":"mlw_dj_yandou","rotateFrame":[{"duration":10,"tweenEasing":0,"rotate":121.05},{"duration":0,"rotate":-14.92}]},{"name":"mlw_dj_tou","rotateFrame":[{"duration":10,"rotate":8.13}]},{"name":"wj_049_molaowu_pz","translateFrame":[{"duration":10,"x":-34.12,"y":18.37}],"scaleFrame":[{"duration":10,"x":2.57,"y":0.48}]}],"ik":[{"name":"tui1","frame":[{"duration":10,"weight":0}]},{"name":"tui2","frame":[{"duration":10,"weight":0}]},{"name":"jiao1","frame":[{"duration":10,"bendPositive":false,"weight":0}]},{"name":"jiao2","frame":[{"duration":10,"bendPositive":false,"weight":0}]}]},{"duration":40,"name":"0016_xuruo","bone":[{"name":"bone","translateFrame":[{"duration":15,"tweenEasing":0},{"duration":25,"tweenEasing":0,"y":1.95},{"duration":0}]},{"name":"mlw_dj_shengti","rotateFrame":[{"duration":20,"tweenEasing":0},{"duration":20,"tweenEasing":0,"rotate":0.49},{"duration":0}]},{"name":"mlw_dj_shangbi1","translateFrame":[{"duration":18,"tweenEasing":0},{"duration":2,"tweenEasing":0,"x":-1.81,"y":0.99},{"duration":20,"tweenEasing":0,"x":-1.81,"y":0.99},{"duration":0}],"rotateFrame":[{"duration":18,"tweenEasing":0},{"duration":2,"tweenEasing":0},{"duration":20,"tweenEasing":0,"rotate":3.73},{"duration":0}]},{"name":"mlw_dj_shou1","rotateFrame":[{"duration":20,"tweenEasing":0},{"duration":20,"tweenEasing":0,"rotate":-8.88},{"duration":0}]},{"name":"mlw_dj_shou2","rotateFrame":[{"duration":20,"tweenEasing":0},{"duration":20,"tweenEasing":0,"rotate":-3.27},{"duration":0}]},{"name":"mlw_dj_lingdai","rotateFrame":[{"duration":20,"tweenEasing":0},{"duration":20,"tweenEasing":0,"rotate":5.96},{"duration":0}]},{"name":"mlw_dj_shangbi2","translateFrame":[{"duration":18,"tweenEasing":0},{"duration":22,"tweenEasing":0,"x":-1.28,"y":0.23},{"duration":0}]},{"name":"mlw_dj_tou","rotateFrame":[{"duration":20,"tweenEasing":0},{"duration":20,"tweenEasing":0,"rotate":-1.76},{"duration":0}]},{"name":"mlw_dj_toufa2","rotateFrame":[{"duration":20,"tweenEasing":0},{"duration":20,"tweenEasing":0,"rotate":0.44},{"duration":0}]},{"name":"mlw_dj_toufa1","rotateFrame":[{"duration":20,"tweenEasing":0},{"duration":20,"tweenEasing":0,"rotate":0.7},{"duration":0}]},{"name":"mlw_dj_toufa3","rotateFrame":[{"duration":20,"tweenEasing":0},{"duration":20,"tweenEasing":0,"rotate":-1.8},{"duration":0}]}]},{"duration":40,"name":"0017_shengli","bone":[{"name":"bone","translateFrame":[{"duration":15,"tweenEasing":0},{"duration":25,"tweenEasing":0,"y":1.95},{"duration":0}]},{"name":"mlw_dj_shengti","rotateFrame":[{"duration":20,"tweenEasing":0},{"duration":20,"tweenEasing":0,"rotate":0.49},{"duration":0}]},{"name":"mlw_dj_shangbi1","translateFrame":[{"duration":18,"tweenEasing":0},{"duration":2,"tweenEasing":0,"x":-1.81,"y":0.99},{"duration":20,"tweenEasing":0,"x":-1.81,"y":0.99},{"duration":0}],"rotateFrame":[{"duration":18,"tweenEasing":0},{"duration":2,"tweenEasing":0},{"duration":20,"tweenEasing":0,"rotate":3.73},{"duration":0}]},{"name":"mlw_dj_shou1","rotateFrame":[{"duration":20,"tweenEasing":0},{"duration":20,"tweenEasing":0,"rotate":-8.88},{"duration":0}]},{"name":"mlw_dj_shou2","rotateFrame":[{"duration":20,"tweenEasing":0},{"duration":20,"tweenEasing":0,"rotate":-3.27},{"duration":0}]},{"name":"mlw_dj_lingdai","rotateFrame":[{"duration":20,"tweenEasing":0},{"duration":20,"tweenEasing":0,"rotate":5.96},{"duration":0}]},{"name":"mlw_dj_shangbi2","translateFrame":[{"duration":18,"tweenEasing":0},{"duration":22,"tweenEasing":0,"x":-1.28,"y":0.23},{"duration":0}]},{"name":"mlw_dj_tou","rotateFrame":[{"duration":20,"tweenEasing":0},{"duration":20,"tweenEasing":0,"rotate":-1.76},{"duration":0}]},{"name":"mlw_dj_toufa2","rotateFrame":[{"duration":20,"tweenEasing":0},{"duration":20,"tweenEasing":0,"rotate":0.44},{"duration":0}]},{"name":"mlw_dj_toufa1","rotateFrame":[{"duration":20,"tweenEasing":0},{"duration":20,"tweenEasing":0,"rotate":0.7},{"duration":0}]},{"name":"mlw_dj_toufa3","rotateFrame":[{"duration":20,"tweenEasing":0},{"duration":20,"tweenEasing":0,"rotate":-1.8},{"duration":0}]}]},{"duration":3,"name":"0018_dingshen","bone":[{"name":"bone","translateFrame":[{"duration":3,"x":-5.6,"y":7}]},{"name":"mlw_dj_shengti","rotateFrame":[{"duration":3,"rotate":7.91}]},{"name":"mlw_dj_shangbi1","rotateFrame":[{"duration":3,"rotate":9.3}]},{"name":"mlw_dj_shou1","rotateFrame":[{"duration":3,"rotate":-15.44}]},{"name":"mlw_dj_shou2","rotateFrame":[{"duration":3,"rotate":-3.28}]},{"name":"mlw_dj_lingdai","rotateFrame":[{"duration":3,"rotate":-10.89}]},{"name":"mlw_dj_yandou","rotateFrame":[{"duration":3,"rotate":3.11}]},{"name":"mlw_dj_tou","rotateFrame":[{"duration":3,"rotate":3.65}]},{"name":"mlw_dj_toufa2","rotateFrame":[{"duration":3,"rotate":-1.27}]},{"name":"mlw_dj_toufa1","rotateFrame":[{"duration":3,"rotate":-4.78}]},{"name":"mlw_dj_toufa3","rotateFrame":[{"duration":3,"rotate":-6.43}]}]},{"duration":3,"name":"0019_gedang","bone":[{"name":"bone","translateFrame":[{"duration":3,"x":-7.24,"y":6.79}]},{"name":"mlw_dj_shengti","rotateFrame":[{"duration":3,"rotate":0.49}]},{"name":"mlw_dj_shangbi1","translateFrame":[{"duration":3,"x":-1.81,"y":0.99}],"rotateFrame":[{"duration":3,"rotate":-96.38}]},{"name":"mlw_dj_shou1","rotateFrame":[{"duration":3,"rotate":-19.42}]},{"name":"mlw_dj_shou2","rotateFrame":[{"duration":3,"rotate":-18.46}]},{"name":"mlw_dj_lingdai","rotateFrame":[{"duration":3,"rotate":5.96}]},{"name":"mlw_dj_shangbi2","translateFrame":[{"duration":3,"x":-1.28,"y":0.23}]},{"name":"mlw_dj_tou","rotateFrame":[{"duration":3,"rotate":-1.76}]},{"name":"mlw_dj_toufa2","rotateFrame":[{"duration":3,"rotate":0.44}]},{"name":"mlw_dj_toufa1","rotateFrame":[{"duration":3,"rotate":0.7}]},{"name":"mlw_dj_toufa3","rotateFrame":[{"duration":3,"rotate":-1.8}]}]},{"duration":3,"name":"0020_wu","bone":[{"name":"bone","translateFrame":[{"duration":3,"x":-7.24,"y":6.79}]},{"name":"mlw_dj_shengti","rotateFrame":[{"duration":3,"rotate":0.49}]},{"name":"mlw_dj_shangbi1","translateFrame":[{"duration":3,"x":-1.81,"y":0.99}],"rotateFrame":[{"duration":3,"rotate":-96.38}]},{"name":"mlw_dj_shou1","rotateFrame":[{"duration":3,"rotate":-19.42}]},{"name":"mlw_dj_shou2","rotateFrame":[{"duration":3,"rotate":-18.46}]},{"name":"mlw_dj_lingdai","rotateFrame":[{"duration":3,"rotate":5.96}]},{"name":"mlw_dj_shangbi2","translateFrame":[{"duration":3,"x":-1.28,"y":0.23}]},{"name":"mlw_dj_tou","rotateFrame":[{"duration":3,"rotate":-1.76}]},{"name":"mlw_dj_toufa2","rotateFrame":[{"duration":3,"rotate":0.44}]},{"name":"mlw_dj_toufa1","rotateFrame":[{"duration":3,"rotate":0.7}]},{"name":"mlw_dj_toufa3","rotateFrame":[{"duration":3,"rotate":-1.8}]}]},{"duration":3,"name":"0021_wu","bone":[{"name":"bone","translateFrame":[{"duration":3,"x":-7.24,"y":6.79}]},{"name":"mlw_dj_shengti","rotateFrame":[{"duration":3,"rotate":0.49}]},{"name":"mlw_dj_shangbi1","translateFrame":[{"duration":3,"x":-1.81,"y":0.99}],"rotateFrame":[{"duration":3,"rotate":-96.38}]},{"name":"mlw_dj_shou1","rotateFrame":[{"duration":3,"rotate":-19.42}]},{"name":"mlw_dj_shou2","rotateFrame":[{"duration":3,"rotate":-18.46}]},{"name":"mlw_dj_lingdai","rotateFrame":[{"duration":3,"rotate":5.96}]},{"name":"mlw_dj_shangbi2","translateFrame":[{"duration":3,"x":-1.28,"y":0.23}]},{"name":"mlw_dj_tou","rotateFrame":[{"duration":3,"rotate":-1.76}]},{"name":"mlw_dj_toufa2","rotateFrame":[{"duration":3,"rotate":0.44}]},{"name":"mlw_dj_toufa1","rotateFrame":[{"duration":3,"rotate":0.7}]},{"name":"mlw_dj_toufa3","rotateFrame":[{"duration":3,"rotate":-1.8}]}]},{"duration":3,"name":"0022_wu","bone":[{"name":"bone","translateFrame":[{"duration":3,"x":-7.24,"y":6.79}]},{"name":"mlw_dj_shengti","rotateFrame":[{"duration":3,"rotate":0.49}]},{"name":"mlw_dj_shangbi1","translateFrame":[{"duration":3,"x":-1.81,"y":0.99}],"rotateFrame":[{"duration":3,"rotate":-96.38}]},{"name":"mlw_dj_shou1","rotateFrame":[{"duration":3,"rotate":-19.42}]},{"name":"mlw_dj_shou2","rotateFrame":[{"duration":3,"rotate":-18.46}]},{"name":"mlw_dj_lingdai","rotateFrame":[{"duration":3,"rotate":5.96}]},{"name":"mlw_dj_shangbi2","translateFrame":[{"duration":3,"x":-1.28,"y":0.23}]},{"name":"mlw_dj_tou","rotateFrame":[{"duration":3,"rotate":-1.76}]},{"name":"mlw_dj_toufa2","rotateFrame":[{"duration":3,"rotate":0.44}]},{"name":"mlw_dj_toufa1","rotateFrame":[{"duration":3,"rotate":0.7}]},{"name":"mlw_dj_toufa3","rotateFrame":[{"duration":3,"rotate":-1.8}]}]},{"duration":3,"name":"0023_wu","bone":[{"name":"bone","translateFrame":[{"duration":3,"x":-7.24,"y":6.79}]},{"name":"mlw_dj_shengti","rotateFrame":[{"duration":3,"rotate":0.49}]},{"name":"mlw_dj_shangbi1","translateFrame":[{"duration":3,"x":-1.81,"y":0.99}],"rotateFrame":[{"duration":3,"rotate":-96.38}]},{"name":"mlw_dj_shou1","rotateFrame":[{"duration":3,"rotate":-19.42}]},{"name":"mlw_dj_shou2","rotateFrame":[{"duration":3,"rotate":-18.46}]},{"name":"mlw_dj_lingdai","rotateFrame":[{"duration":3,"rotate":5.96}]},{"name":"mlw_dj_shangbi2","translateFrame":[{"duration":3,"x":-1.28,"y":0.23}]},{"name":"mlw_dj_tou","rotateFrame":[{"duration":3,"rotate":-1.76}]},{"name":"mlw_dj_toufa2","rotateFrame":[{"duration":3,"rotate":0.44}]},{"name":"mlw_dj_toufa1","rotateFrame":[{"duration":3,"rotate":0.7}]},{"name":"mlw_dj_toufa3","rotateFrame":[{"duration":3,"rotate":-1.8}]}]},{"duration":3,"name":"0024_wu","bone":[{"name":"bone","translateFrame":[{"duration":3,"x":-7.24,"y":6.79}]},{"name":"mlw_dj_shengti","rotateFrame":[{"duration":3,"rotate":0.49}]},{"name":"mlw_dj_shangbi1","translateFrame":[{"duration":3,"x":-1.81,"y":0.99}],"rotateFrame":[{"duration":3,"rotate":-96.38}]},{"name":"mlw_dj_shou1","rotateFrame":[{"duration":3,"rotate":-19.42}]},{"name":"mlw_dj_shou2","rotateFrame":[{"duration":3,"rotate":-18.46}]},{"name":"mlw_dj_lingdai","rotateFrame":[{"duration":3,"rotate":5.96}]},{"name":"mlw_dj_shangbi2","translateFrame":[{"duration":3,"x":-1.28,"y":0.23}]},{"name":"mlw_dj_tou","rotateFrame":[{"duration":3,"rotate":-1.76}]},{"name":"mlw_dj_toufa2","rotateFrame":[{"duration":3,"rotate":0.44}]},{"name":"mlw_dj_toufa1","rotateFrame":[{"duration":3,"rotate":0.7}]},{"name":"mlw_dj_toufa3","rotateFrame":[{"duration":3,"rotate":-1.8}]}]},{"duration":45,"name":"0025_gongji1","bone":[{"name":"root","translateFrame":[{"duration":20,"x":-6.03},{"duration":5,"tweenEasing":0,"x":-6.03},{"duration":20,"x":8.51}]},{"name":"bone","translateFrame":[{"duration":20,"tweenEasing":0,"x":-6.04,"y":7.24},{"duration":5,"tweenEasing":0,"x":-9.66,"y":15.09},{"duration":20,"tweenEasing":0,"x":9.05,"y":19.32},{"duration":0,"x":16.91,"y":24.15}],"rotateFrame":[{"duration":20,"tweenEasing":0},{"duration":5,"tweenEasing":0,"rotate":-13.46},{"duration":20}]},{"name":"tui2","translateFrame":[{"duration":20,"x":-12.07},{"duration":5,"tweenEasing":0,"x":-12.07},{"duration":20,"x":-21.74}]},{"name":"iao2","translateFrame":[{"duration":20,"x":-12.07},{"duration":5,"tweenEasing":0,"x":-12.07},{"duration":20,"x":-21.74}]},{"name":"tui3","translateFrame":[{"duration":20,"x":7.85},{"duration":5,"tweenEasing":0,"x":7.85},{"duration":20}]},{"name":"jiao2","translateFrame":[{"duration":20,"x":7.85},{"duration":5,"tweenEasing":0,"x":7.85},{"duration":20}]},{"name":"mlw_dj_shengti","rotateFrame":[{"duration":20,"rotate":-10.33},{"duration":5,"tweenEasing":0,"rotate":-10.33},{"duration":20,"rotate":24.28}]},{"name":"mlw_dj_shangbi1","translateFrame":[{"duration":20,"tweenEasing":0},{"duration":5,"tweenEasing":0},{"duration":20,"x":-7.97,"y":2.26}],"rotateFrame":[{"duration":20,"tweenEasing":0,"rotate":23.22},{"duration":5,"tweenEasing":0,"rotate":26.6},{"duration":20,"tweenEasing":0,"rotate":36.53},{"duration":0,"rotate":33.94}]},{"name":"mlw_dj_shou1","rotateFrame":[{"duration":20,"rotate":12.47},{"duration":5,"tweenEasing":0,"rotate":12.47},{"duration":20,"tweenEasing":0,"rotate":14.49},{"duration":0,"rotate":18.15}]},{"name":"mlw_dj_lingdai","rotateFrame":[{"duration":20,"rotate":14},{"duration":5,"tweenEasing":0,"rotate":14},{"duration":3,"tweenEasing":0},{"duration":3,"tweenEasing":0,"rotate":-1.37},{"duration":3,"tweenEasing":0},{"duration":3,"tweenEasing":0,"rotate":-1.37},{"duration":3,"tweenEasing":0},{"duration":5,"tweenEasing":0,"rotate":-1.37},{"duration":0}]},{"name":"mlw_dj_shangbi2","rotateFrame":[{"duration":20,"rotate":10.51},{"duration":5,"tweenEasing":0,"rotate":10.51},{"duration":20,"tweenEasing":0,"rotate":0.52},{"duration":0,"rotate":-1.31}]},{"name":"mlw_dj_xiaobi2","rotateFrame":[{"duration":20,"rotate":3.06},{"duration":5,"tweenEasing":0,"rotate":3.06},{"duration":20,"tweenEasing":0,"rotate":21.4},{"duration":0,"rotate":23.6}]},{"name":"mlw_dj_shou3","translateFrame":[{"duration":20},{"duration":5,"tweenEasing":0},{"duration":20,"x":-1.46,"y":6.95}],"rotateFrame":[{"duration":20,"rotate":-9.13},{"duration":5,"tweenEasing":0,"rotate":-9.13},{"duration":20,"rotate":-54.13}]},{"name":"mlw_dj_yandou","translateFrame":[{"duration":45,"x":5.23,"y":-6.39}],"rotateFrame":[{"duration":45,"rotate":-175.18}],"scaleFrame":[{"duration":45,"y":-0.95}]},{"name":"mlw_dj_tou","rotateFrame":[{"duration":20,"rotate":19.5},{"duration":5,"tweenEasing":0,"rotate":19.5},{"duration":20,"rotate":-34.04}]},{"name":"mlw_dj_toufa2","rotateFrame":[{"duration":20,"tweenEasing":0,"rotate":-4.2},{"duration":5,"tweenEasing":0,"rotate":-7.92},{"duration":3,"tweenEasing":0},{"duration":3,"tweenEasing":0,"rotate":1.09},{"duration":3,"tweenEasing":0},{"duration":3,"tweenEasing":0,"rotate":1.09},{"duration":3,"tweenEasing":0},{"duration":5,"tweenEasing":0,"rotate":1.09},{"duration":0}]},{"name":"mlw_dj_toufa1","rotateFrame":[{"duration":20,"tweenEasing":0,"rotate":-4.15},{"duration":5,"tweenEasing":0,"rotate":5.59},{"duration":3,"tweenEasing":0},{"duration":3,"tweenEasing":0,"rotate":0.88},{"duration":3,"tweenEasing":0},{"duration":3,"tweenEasing":0,"rotate":0.88},{"duration":3,"tweenEasing":0},{"duration":5,"tweenEasing":0,"rotate":0.88},{"duration":0}]},{"name":"mlw_dj_toufa3","rotateFrame":[{"duration":20,"tweenEasing":0,"rotate":-2.54},{"duration":5,"tweenEasing":0,"rotate":-9.94},{"duration":3,"tweenEasing":0},{"duration":3,"tweenEasing":0,"rotate":-1.55},{"duration":3,"tweenEasing":0},{"duration":3,"tweenEasing":0,"rotate":-1.55},{"duration":3,"tweenEasing":0},{"duration":5,"tweenEasing":0,"rotate":-1.55},{"duration":0}]}],"slot":[{"name":"mlw_dj_shou2","displayFrame":[{"duration":45,"value":2}]}]},{"duration":45,"name":"0026_gongji2","bone":[{"name":"root","translateFrame":[{"duration":20,"x":-6.03},{"duration":5,"tweenEasing":0,"x":-6.03},{"duration":20,"x":8.51}]},{"name":"bone","translateFrame":[{"duration":20,"tweenEasing":0,"x":-6.04,"y":7.24},{"duration":5,"tweenEasing":0,"x":-9.66,"y":15.09},{"duration":20,"tweenEasing":0,"x":9.05,"y":19.32},{"duration":0,"x":16.91,"y":24.15}],"rotateFrame":[{"duration":20,"tweenEasing":0},{"duration":5,"tweenEasing":0,"rotate":-13.46},{"duration":20}]},{"name":"tui2","translateFrame":[{"duration":20,"x":-12.07},{"duration":5,"tweenEasing":0,"x":-12.07},{"duration":20,"x":-21.74}]},{"name":"iao2","translateFrame":[{"duration":20,"x":-12.07},{"duration":5,"tweenEasing":0,"x":-12.07},{"duration":20,"x":-21.74}]},{"name":"tui3","translateFrame":[{"duration":20,"x":7.85},{"duration":5,"tweenEasing":0,"x":7.85},{"duration":20}]},{"name":"jiao2","translateFrame":[{"duration":20,"x":7.85},{"duration":5,"tweenEasing":0,"x":7.85},{"duration":20}]},{"name":"mlw_dj_shengti","rotateFrame":[{"duration":20,"rotate":-10.33},{"duration":5,"tweenEasing":0,"rotate":-10.33},{"duration":20,"rotate":24.28}]},{"name":"mlw_dj_shangbi1","translateFrame":[{"duration":20,"tweenEasing":0},{"duration":5,"tweenEasing":0},{"duration":20,"x":-7.97,"y":2.26}],"rotateFrame":[{"duration":20,"tweenEasing":0,"rotate":23.22},{"duration":5,"tweenEasing":0,"rotate":26.6},{"duration":20,"tweenEasing":0,"rotate":36.53},{"duration":0,"rotate":33.94}]},{"name":"mlw_dj_shou1","rotateFrame":[{"duration":20,"rotate":12.47},{"duration":5,"tweenEasing":0,"rotate":12.47},{"duration":20,"tweenEasing":0,"rotate":14.49},{"duration":0,"rotate":18.15}]},{"name":"mlw_dj_lingdai","rotateFrame":[{"duration":20,"rotate":14},{"duration":5,"tweenEasing":0,"rotate":14},{"duration":3,"tweenEasing":0},{"duration":3,"tweenEasing":0,"rotate":-1.37},{"duration":3,"tweenEasing":0},{"duration":3,"tweenEasing":0,"rotate":-1.37},{"duration":3,"tweenEasing":0},{"duration":5,"tweenEasing":0,"rotate":-1.37},{"duration":0}]},{"name":"mlw_dj_shangbi2","rotateFrame":[{"duration":20,"rotate":10.51},{"duration":5,"tweenEasing":0,"rotate":10.51},{"duration":20,"tweenEasing":0,"rotate":0.52},{"duration":0,"rotate":-1.31}]},{"name":"mlw_dj_xiaobi2","rotateFrame":[{"duration":20,"rotate":3.06},{"duration":5,"tweenEasing":0,"rotate":3.06},{"duration":20,"tweenEasing":0,"rotate":21.4},{"duration":0,"rotate":23.6}]},{"name":"mlw_dj_shou3","translateFrame":[{"duration":20},{"duration":5,"tweenEasing":0},{"duration":20,"x":-1.46,"y":6.95}],"rotateFrame":[{"duration":20,"rotate":-9.13},{"duration":5,"tweenEasing":0,"rotate":-9.13},{"duration":20,"rotate":-54.13}]},{"name":"mlw_dj_yandou","translateFrame":[{"duration":45,"x":5.23,"y":-6.39}],"rotateFrame":[{"duration":45,"rotate":-175.18}],"scaleFrame":[{"duration":45,"y":-0.95}]},{"name":"mlw_dj_tou","rotateFrame":[{"duration":20,"rotate":19.5},{"duration":5,"tweenEasing":0,"rotate":19.5},{"duration":20,"rotate":-34.04}]},{"name":"mlw_dj_toufa2","rotateFrame":[{"duration":20,"tweenEasing":0,"rotate":-4.2},{"duration":5,"tweenEasing":0,"rotate":-7.92},{"duration":3,"tweenEasing":0},{"duration":3,"tweenEasing":0,"rotate":1.09},{"duration":3,"tweenEasing":0},{"duration":3,"tweenEasing":0,"rotate":1.09},{"duration":3,"tweenEasing":0},{"duration":5,"tweenEasing":0,"rotate":1.09},{"duration":0}]},{"name":"mlw_dj_toufa1","rotateFrame":[{"duration":20,"tweenEasing":0,"rotate":-4.15},{"duration":5,"tweenEasing":0,"rotate":5.59},{"duration":3,"tweenEasing":0},{"duration":3,"tweenEasing":0,"rotate":0.88},{"duration":3,"tweenEasing":0},{"duration":3,"tweenEasing":0,"rotate":0.88},{"duration":3,"tweenEasing":0},{"duration":5,"tweenEasing":0,"rotate":0.88},{"duration":0}]},{"name":"mlw_dj_toufa3","rotateFrame":[{"duration":20,"tweenEasing":0,"rotate":-2.54},{"duration":5,"tweenEasing":0,"rotate":-9.94},{"duration":3,"tweenEasing":0},{"duration":3,"tweenEasing":0,"rotate":-1.55},{"duration":3,"tweenEasing":0},{"duration":3,"tweenEasing":0,"rotate":-1.55},{"duration":3,"tweenEasing":0},{"duration":5,"tweenEasing":0,"rotate":-1.55},{"duration":0}]}],"slot":[{"name":"mlw_dj_shou2","displayFrame":[{"duration":45,"value":2}]}]},{"duration":45,"name":"0027_shifa1","bone":[{"name":"root","translateFrame":[{"duration":20,"x":-6.03},{"duration":5,"tweenEasing":0,"x":-6.03},{"duration":20,"x":8.51}]},{"name":"bone","translateFrame":[{"duration":20,"tweenEasing":0,"x":-6.04,"y":7.24},{"duration":5,"tweenEasing":0,"x":-9.66,"y":15.09},{"duration":20,"tweenEasing":0,"x":9.05,"y":19.32},{"duration":0,"x":16.91,"y":24.15}],"rotateFrame":[{"duration":20,"tweenEasing":0},{"duration":5,"tweenEasing":0,"rotate":-13.46},{"duration":20}]},{"name":"tui2","translateFrame":[{"duration":20,"x":-12.07},{"duration":5,"tweenEasing":0,"x":-12.07},{"duration":20,"x":-21.74}]},{"name":"iao2","translateFrame":[{"duration":20,"x":-12.07},{"duration":5,"tweenEasing":0,"x":-12.07},{"duration":20,"x":-21.74}]},{"name":"tui3","translateFrame":[{"duration":20,"x":7.85},{"duration":5,"tweenEasing":0,"x":7.85},{"duration":20}]},{"name":"jiao2","translateFrame":[{"duration":20,"x":7.85},{"duration":5,"tweenEasing":0,"x":7.85},{"duration":20}]},{"name":"mlw_dj_shengti","rotateFrame":[{"duration":20,"rotate":-10.33},{"duration":5,"tweenEasing":0,"rotate":-10.33},{"duration":20,"rotate":24.28}]},{"name":"mlw_dj_shangbi1","translateFrame":[{"duration":20,"tweenEasing":0},{"duration":5,"tweenEasing":0},{"duration":20,"x":-7.97,"y":2.26}],"rotateFrame":[{"duration":20,"tweenEasing":0,"rotate":23.22},{"duration":5,"tweenEasing":0,"rotate":26.6},{"duration":20,"tweenEasing":0,"rotate":36.53},{"duration":0,"rotate":33.94}]},{"name":"mlw_dj_shou1","rotateFrame":[{"duration":20,"rotate":12.47},{"duration":5,"tweenEasing":0,"rotate":12.47},{"duration":20,"tweenEasing":0,"rotate":14.49},{"duration":0,"rotate":18.15}]},{"name":"mlw_dj_lingdai","rotateFrame":[{"duration":20,"rotate":14},{"duration":5,"tweenEasing":0,"rotate":14},{"duration":3,"tweenEasing":0},{"duration":3,"tweenEasing":0,"rotate":-1.37},{"duration":3,"tweenEasing":0},{"duration":3,"tweenEasing":0,"rotate":-1.37},{"duration":3,"tweenEasing":0},{"duration":5,"tweenEasing":0,"rotate":-1.37},{"duration":0}]},{"name":"mlw_dj_shangbi2","rotateFrame":[{"duration":20,"rotate":10.51},{"duration":5,"tweenEasing":0,"rotate":10.51},{"duration":20,"tweenEasing":0,"rotate":0.52},{"duration":0,"rotate":-1.31}]},{"name":"mlw_dj_xiaobi2","rotateFrame":[{"duration":20,"rotate":3.06},{"duration":5,"tweenEasing":0,"rotate":3.06},{"duration":20,"tweenEasing":0,"rotate":21.4},{"duration":0,"rotate":23.6}]},{"name":"mlw_dj_shou3","translateFrame":[{"duration":20},{"duration":5,"tweenEasing":0},{"duration":20,"x":-1.46,"y":6.95}],"rotateFrame":[{"duration":20,"rotate":-9.13},{"duration":5,"tweenEasing":0,"rotate":-9.13},{"duration":20,"rotate":-54.13}]},{"name":"mlw_dj_yandou","translateFrame":[{"duration":45,"x":5.23,"y":-6.39}],"rotateFrame":[{"duration":45,"rotate":-175.18}],"scaleFrame":[{"duration":45,"y":-0.95}]},{"name":"mlw_dj_tou","rotateFrame":[{"duration":20,"rotate":19.5},{"duration":5,"tweenEasing":0,"rotate":19.5},{"duration":20,"rotate":-34.04}]},{"name":"mlw_dj_toufa2","rotateFrame":[{"duration":20,"tweenEasing":0,"rotate":-4.2},{"duration":5,"tweenEasing":0,"rotate":-7.92},{"duration":3,"tweenEasing":0},{"duration":3,"tweenEasing":0,"rotate":1.09},{"duration":3,"tweenEasing":0},{"duration":3,"tweenEasing":0,"rotate":1.09},{"duration":3,"tweenEasing":0},{"duration":5,"tweenEasing":0,"rotate":1.09},{"duration":0}]},{"name":"mlw_dj_toufa1","rotateFrame":[{"duration":20,"tweenEasing":0,"rotate":-4.15},{"duration":5,"tweenEasing":0,"rotate":5.59},{"duration":3,"tweenEasing":0},{"duration":3,"tweenEasing":0,"rotate":0.88},{"duration":3,"tweenEasing":0},{"duration":3,"tweenEasing":0,"rotate":0.88},{"duration":3,"tweenEasing":0},{"duration":5,"tweenEasing":0,"rotate":0.88},{"duration":0}]},{"name":"mlw_dj_toufa3","rotateFrame":[{"duration":20,"tweenEasing":0,"rotate":-2.54},{"duration":5,"tweenEasing":0,"rotate":-9.94},{"duration":3,"tweenEasing":0},{"duration":3,"tweenEasing":0,"rotate":-1.55},{"duration":3,"tweenEasing":0},{"duration":3,"tweenEasing":0,"rotate":-1.55},{"duration":3,"tweenEasing":0},{"duration":5,"tweenEasing":0,"rotate":-1.55},{"duration":0}]}],"slot":[{"name":"mlw_dj_shou2","displayFrame":[{"duration":45,"value":2}]}]},{"duration":45,"name":"0028_shifa2","bone":[{"name":"root","translateFrame":[{"duration":20,"x":-6.03},{"duration":5,"tweenEasing":0,"x":-6.03},{"duration":20,"tweenEasing":0,"x":8.51},{"duration":0,"x":10.94}]},{"name":"bone","translateFrame":[{"duration":20,"tweenEasing":0,"x":-6.04,"y":7.24},{"duration":5,"tweenEasing":0,"x":-9.66,"y":15.09},{"duration":20,"tweenEasing":0,"x":9.05,"y":19.32},{"duration":0,"x":16.91,"y":24.15}],"rotateFrame":[{"duration":20,"tweenEasing":0},{"duration":5,"tweenEasing":0,"rotate":-13.46},{"duration":20}]},{"name":"tui2","translateFrame":[{"duration":20,"x":-12.07},{"duration":5,"tweenEasing":0,"x":-12.07},{"duration":20,"x":-21.74}]},{"name":"iao2","translateFrame":[{"duration":20,"x":-12.07},{"duration":5,"tweenEasing":0,"x":-12.07},{"duration":20,"x":-21.74}]},{"name":"tui3","translateFrame":[{"duration":20,"x":7.85},{"duration":5,"tweenEasing":0,"x":7.85},{"duration":20}]},{"name":"jiao2","translateFrame":[{"duration":20,"x":7.85},{"duration":5,"tweenEasing":0,"x":7.85},{"duration":20}]},{"name":"mlw_dj_shengti","rotateFrame":[{"duration":20,"rotate":-10.33},{"duration":5,"tweenEasing":0,"rotate":-10.33},{"duration":20,"rotate":24.28}]},{"name":"mlw_dj_shangbi1","translateFrame":[{"duration":20,"tweenEasing":0},{"duration":5,"tweenEasing":0},{"duration":20,"x":-7.97,"y":2.26}],"rotateFrame":[{"duration":20,"tweenEasing":0,"rotate":23.22},{"duration":5,"tweenEasing":0,"rotate":26.6},{"duration":20,"tweenEasing":0,"rotate":36.53},{"duration":0,"rotate":33.94}]},{"name":"mlw_dj_shou1","rotateFrame":[{"duration":20,"rotate":12.47},{"duration":5,"tweenEasing":0,"rotate":12.47},{"duration":20,"tweenEasing":0,"rotate":14.49},{"duration":0,"rotate":18.15}]},{"name":"mlw_dj_lingdai","rotateFrame":[{"duration":20,"rotate":14},{"duration":5,"tweenEasing":0,"rotate":14},{"duration":3,"tweenEasing":0},{"duration":3,"tweenEasing":0,"rotate":-1.37},{"duration":3,"tweenEasing":0},{"duration":3,"tweenEasing":0,"rotate":-1.37},{"duration":3,"tweenEasing":0},{"duration":5,"tweenEasing":0,"rotate":-1.37},{"duration":0}]},{"name":"mlw_dj_shangbi2","rotateFrame":[{"duration":20,"rotate":10.51},{"duration":5,"tweenEasing":0,"rotate":10.51},{"duration":20,"tweenEasing":0,"rotate":0.52},{"duration":0,"rotate":-1.31}]},{"name":"mlw_dj_xiaobi2","rotateFrame":[{"duration":20,"rotate":3.06},{"duration":5,"tweenEasing":0,"rotate":3.06},{"duration":20,"tweenEasing":0,"rotate":21.4},{"duration":0,"rotate":23.6}]},{"name":"mlw_dj_shou3","translateFrame":[{"duration":20},{"duration":5,"tweenEasing":0},{"duration":20,"x":-1.46,"y":6.95}],"rotateFrame":[{"duration":20,"rotate":-9.13},{"duration":5,"tweenEasing":0,"rotate":-9.13},{"duration":20,"rotate":-54.13}]},{"name":"mlw_dj_yandou","translateFrame":[{"duration":45,"x":5.23,"y":-6.39}],"rotateFrame":[{"duration":45,"rotate":-175.18}],"scaleFrame":[{"duration":45,"y":-0.95}]},{"name":"mlw_dj_tou","rotateFrame":[{"duration":20,"rotate":19.5},{"duration":5,"tweenEasing":0,"rotate":19.5},{"duration":20,"rotate":-34.04}]},{"name":"mlw_dj_toufa2","rotateFrame":[{"duration":20,"tweenEasing":0,"rotate":-4.2},{"duration":5,"tweenEasing":0,"rotate":-7.92},{"duration":3,"tweenEasing":0},{"duration":3,"tweenEasing":0,"rotate":1.09},{"duration":3,"tweenEasing":0},{"duration":3,"tweenEasing":0,"rotate":1.09},{"duration":3,"tweenEasing":0},{"duration":5,"tweenEasing":0,"rotate":1.09},{"duration":0}]},{"name":"mlw_dj_toufa1","rotateFrame":[{"duration":20,"tweenEasing":0,"rotate":-4.15},{"duration":5,"tweenEasing":0,"rotate":5.59},{"duration":3,"tweenEasing":0},{"duration":3,"tweenEasing":0,"rotate":0.88},{"duration":3,"tweenEasing":0},{"duration":3,"tweenEasing":0,"rotate":0.88},{"duration":3,"tweenEasing":0},{"duration":5,"tweenEasing":0,"rotate":0.88},{"duration":0}]},{"name":"mlw_dj_toufa3","rotateFrame":[{"duration":20,"tweenEasing":0,"rotate":-2.54},{"duration":5,"tweenEasing":0,"rotate":-9.94},{"duration":3,"tweenEasing":0},{"duration":3,"tweenEasing":0,"rotate":-1.55},{"duration":3,"tweenEasing":0},{"duration":3,"tweenEasing":0,"rotate":-1.55},{"duration":3,"tweenEasing":0},{"duration":5,"tweenEasing":0,"rotate":-1.55},{"duration":0}]}],"slot":[{"name":"mlw_dj_shou2","displayFrame":[{"duration":45,"value":2}]}]},{"duration":60,"name":"0029_bisha_yanshi","bone":[{"name":"bone","translateFrame":[{"duration":20,"tweenEasing":0,"x":-10.33,"y":7.38},{"duration":8,"tweenEasing":0,"x":-9.72,"y":24.93},{"duration":2,"tweenEasing":0,"x":4.54,"y":22.3},{"duration":5,"tweenEasing":0,"x":8.11,"y":1.71},{"duration":25,"tweenEasing":0,"x":0.24,"y":2.5},{"duration":0,"x":8.11,"y":6.43}],"rotateFrame":[{"duration":20,"tweenEasing":0},{"duration":8,"tweenEasing":0},{"duration":2,"tweenEasing":0,"rotate":-0.26},{"duration":5,"tweenEasing":0},{"duration":25,"tweenEasing":0,"rotate":-0.44},{"duration":0}]},{"name":"mlw_dj_kua","rotateFrame":[{"duration":20},{"duration":10,"tweenEasing":0},{"duration":30,"rotate":-10.09}]},{"name":"tui2","translateFrame":[{"duration":20,"tweenEasing":0},{"duration":10,"tweenEasing":0,"x":-21.78},{"duration":30}]},{"name":"iao2","translateFrame":[{"duration":20,"tweenEasing":0},{"duration":10,"tweenEasing":0,"x":-18.75},{"duration":30}]},{"name":"mlw_dj_shengti","rotateFrame":[{"duration":20,"tweenEasing":0,"rotate":14},{"duration":8,"tweenEasing":0,"rotate":22.95},{"duration":2,"tweenEasing":0,"rotate":16.13},{"duration":5,"tweenEasing":0,"rotate":-14.28},{"duration":25,"tweenEasing":0,"rotate":-16.6},{"duration":0,"rotate":-9.49}]},{"name":"mlw_dj_shangbi1","translateFrame":[{"duration":20,"tweenEasing":0,"x":-7.73,"y":3.99},{"duration":8,"tweenEasing":0,"x":-8.89,"y":4.51},{"tweenEasing":0,"x":-7.1,"y":5.91},{"tweenEasing":0,"x":-10.85,"y":2.72},{"duration":30,"x":-6.12,"y":33.88}],"rotateFrame":[{"duration":20,"tweenEasing":0,"rotate":-5.52},{"duration":8,"tweenEasing":0,"rotate":22.94},{"tweenEasing":0,"rotate":38.57},{"tweenEasing":0,"rotate":30.39},{"duration":5,"tweenEasing":0,"rotate":-79.14},{"duration":25,"tweenEasing":0,"rotate":-81.1},{"duration":0,"rotate":-79.14}]},{"name":"mlw_dj_shou1","rotateFrame":[{"duration":20,"tweenEasing":0},{"duration":9,"tweenEasing":0,"rotate":-22},{"tweenEasing":0,"rotate":5.17},{"duration":5,"tweenEasing":0,"rotate":11.24},{"duration":25,"tweenEasing":0,"rotate":8.12},{"duration":0,"rotate":6.7}]},{"name":"mlw_dj_shou2","rotateFrame":[{"duration":20,"tweenEasing":0},{"duration":10,"tweenEasing":0,"rotate":-3.78},{"duration":5,"tweenEasing":0},{"duration":25,"tweenEasing":0,"rotate":-1.82},{"duration":0,"rotate":4.96}]},{"name":"mlw_dj_lingdai","rotateFrame":[{"duration":20},{"duration":10,"tweenEasing":0},{"duration":5,"tweenEasing":0,"rotate":-19.59},{"duration":25,"tweenEasing":0,"rotate":-32.08},{"duration":0,"rotate":-19.59}]},{"name":"mlw_dj_shangbi2","translateFrame":[{"duration":20,"tweenEasing":0},{"duration":8,"tweenEasing":0},{"duration":2,"tweenEasing":0,"x":4.59,"y":-0.83},{"duration":5,"tweenEasing":0,"x":-4.78,"y":-47.97},{"duration":25,"tweenEasing":0,"x":-5.03,"y":-45.87},{"duration":0,"x":-4.78,"y":-47.97}],"rotateFrame":[{"duration":20,"tweenEasing":0,"rotate":-5.96},{"duration":8,"tweenEasing":0,"rotate":-1.91},{"duration":2,"tweenEasing":0,"rotate":-26.34},{"duration":5,"tweenEasing":0,"rotate":159.85},{"duration":25,"tweenEasing":0,"rotate":159.1},{"duration":0,"rotate":159.85}]},{"name":"mlw_dj_xiaobi2","rotateFrame":[{"duration":20,"tweenEasing":0,"rotate":116.96},{"duration":8,"tweenEasing":0,"rotate":138.4},{"duration":2,"tweenEasing":0,"rotate":117.25},{"duration":5,"tweenEasing":0,"rotate":103.93},{"duration":25,"tweenEasing":0,"rotate":100.18},{"duration":0,"rotate":103.93}]},{"name":"mlw_dj_shou3","rotateFrame":[{"duration":20,"tweenEasing":0,"rotate":44.19},{"duration":8,"tweenEasing":0,"rotate":18.94},{"tweenEasing":0,"rotate":45.61},{"tweenEasing":0,"rotate":40.57},{"duration":30,"rotate":3.12}]},{"name":"mlw_dj_yandou","rotateFrame":[{"duration":20,"rotate":156},{"duration":8,"tweenEasing":0,"rotate":156},{"tweenEasing":0,"rotate":165.77},{"tweenEasing":0,"rotate":139.32},{"duration":30,"rotate":154.08}]},{"name":"mlw_dj_tou","rotateFrame":[{"duration":20,"tweenEasing":0,"rotate":-16.71},{"duration":8,"tweenEasing":0,"rotate":-25.43},{"duration":2,"tweenEasing":0,"rotate":-21.83},{"duration":5,"tweenEasing":0,"rotate":0.36},{"duration":25,"tweenEasing":0,"rotate":-4.88},{"duration":0,"rotate":3.62}]},{"name":"mlw_dj_toufa2","translateFrame":[{"duration":30},{"duration":5,"tweenEasing":0},{"duration":25,"tweenEasing":0,"x":-2.15,"y":3.5},{"duration":0}],"rotateFrame":[{"duration":30},{"duration":5,"tweenEasing":0},{"duration":25,"tweenEasing":0,"rotate":-5.26},{"duration":0}]},{"name":"mlw_dj_toufa1","translateFrame":[{"duration":30},{"duration":5,"tweenEasing":0},{"duration":25,"tweenEasing":0,"x":-2.61,"y":0.37},{"duration":0}],"rotateFrame":[{"duration":30},{"duration":5,"tweenEasing":0},{"duration":25,"tweenEasing":0,"rotate":-9.47},{"duration":0}]},{"name":"mlw_dj_toufa3","rotateFrame":[{"duration":30},{"duration":5,"tweenEasing":0},{"duration":25,"tweenEasing":0,"rotate":-17.61},{"duration":0}]}],"slot":[{"name":"mlw_dj_shou2","displayFrame":[{"duration":60,"value":1}]}],"zOrder":{"frame":[{"duration":60,"zOrder":[1,17,3,16,4,16]}]}},{"duration":30,"name":"0030_bisha_xuli","bone":[{"name":"bone","translateFrame":[{"duration":20,"tweenEasing":0,"x":-10.33,"y":7.38},{"duration":8,"tweenEasing":0,"x":-9.72,"y":24.93},{"duration":2,"tweenEasing":0,"x":4.54,"y":22.3},{"duration":0,"x":8.11,"y":1.71}],"rotateFrame":[{"duration":20,"tweenEasing":0},{"duration":8,"tweenEasing":0},{"duration":2,"tweenEasing":0,"rotate":-0.26},{"duration":0}]},{"name":"mlw_dj_kua","rotateFrame":[{"duration":20},{"duration":10,"tweenEasing":0},{"duration":0,"rotate":-10.09}]},{"name":"tui2","translateFrame":[{"duration":20,"tweenEasing":0},{"duration":10,"tweenEasing":0,"x":-21.78},{"duration":0}]},{"name":"iao2","translateFrame":[{"duration":20,"tweenEasing":0},{"duration":10,"tweenEasing":0,"x":-18.75},{"duration":0}]},{"name":"mlw_dj_shengti","rotateFrame":[{"duration":20,"tweenEasing":0,"rotate":14},{"duration":8,"tweenEasing":0,"rotate":22.95},{"duration":2,"tweenEasing":0,"rotate":16.13},{"duration":0,"rotate":-14.28}]},{"name":"mlw_dj_shangbi1","translateFrame":[{"duration":20,"tweenEasing":0,"x":-7.73,"y":3.99},{"duration":8,"tweenEasing":0,"x":-8.89,"y":4.51},{"tweenEasing":0,"x":-7.1,"y":5.91},{"tweenEasing":0,"x":-10.85,"y":2.72},{"duration":0,"x":-6.12,"y":33.88}],"rotateFrame":[{"duration":20,"tweenEasing":0,"rotate":-5.52},{"duration":8,"tweenEasing":0,"rotate":22.94},{"tweenEasing":0,"rotate":38.57},{"tweenEasing":0,"rotate":30.39},{"duration":0,"rotate":-79.14}]},{"name":"mlw_dj_shou1","rotateFrame":[{"duration":20,"tweenEasing":0},{"duration":9,"tweenEasing":0,"rotate":-22},{"tweenEasing":0,"rotate":5.17},{"duration":0,"rotate":11.24}]},{"name":"mlw_dj_shou2","rotateFrame":[{"duration":20,"tweenEasing":0},{"duration":10,"tweenEasing":0,"rotate":-3.78},{"duration":0}]},{"name":"mlw_dj_lingdai","rotateFrame":[{"duration":20},{"duration":10,"tweenEasing":0},{"duration":0,"rotate":-19.59}]},{"name":"mlw_dj_shangbi2","translateFrame":[{"duration":20,"tweenEasing":0},{"duration":8,"tweenEasing":0},{"duration":2,"tweenEasing":0,"x":4.59,"y":-0.83},{"duration":0,"x":-4.78,"y":-47.97}],"rotateFrame":[{"duration":20,"tweenEasing":0,"rotate":-5.96},{"duration":8,"tweenEasing":0,"rotate":-1.91},{"duration":2,"tweenEasing":0,"rotate":-26.34},{"duration":0,"rotate":159.85}]},{"name":"mlw_dj_xiaobi2","rotateFrame":[{"duration":20,"tweenEasing":0,"rotate":116.96},{"duration":8,"tweenEasing":0,"rotate":138.4},{"duration":2,"tweenEasing":0,"rotate":117.25},{"duration":0,"rotate":103.93}]},{"name":"mlw_dj_shou3","rotateFrame":[{"duration":20,"tweenEasing":0,"rotate":44.19},{"duration":8,"tweenEasing":0,"rotate":18.94},{"tweenEasing":0,"rotate":45.61},{"tweenEasing":0,"rotate":40.57},{"duration":0,"rotate":3.12}]},{"name":"mlw_dj_yandou","rotateFrame":[{"duration":20,"rotate":156},{"duration":8,"tweenEasing":0,"rotate":156},{"tweenEasing":0,"rotate":165.77},{"tweenEasing":0,"rotate":139.32},{"duration":0,"rotate":154.08}]},{"name":"mlw_dj_tou","rotateFrame":[{"duration":20,"tweenEasing":0,"rotate":-16.71},{"duration":8,"tweenEasing":0,"rotate":-25.43},{"duration":2,"tweenEasing":0,"rotate":-21.83},{"duration":0,"rotate":0.36}]}],"slot":[{"name":"mlw_dj_shou2","displayFrame":[{"duration":30,"value":1}]}],"zOrder":{"frame":[{"duration":30,"zOrder":[1,17,3,16,4,16]}]}},{"duration":30,"name":"0031_bisha_qujian1","bone":[{"name":"bone","translateFrame":[{"duration":5,"tweenEasing":0,"x":8.11,"y":1.71},{"duration":25,"tweenEasing":0,"x":0.24,"y":2.5},{"duration":0,"x":8.11,"y":6.43}],"rotateFrame":[{"duration":5,"tweenEasing":0},{"duration":25,"tweenEasing":0,"rotate":-0.44},{"duration":0}]},{"name":"mlw_dj_kua","rotateFrame":[{"duration":30,"rotate":-10.09}]},{"name":"mlw_dj_shengti","rotateFrame":[{"duration":5,"tweenEasing":0,"rotate":-14.28},{"duration":25,"tweenEasing":0,"rotate":-16.6},{"duration":0,"rotate":-9.49}]},{"name":"mlw_dj_shangbi1","translateFrame":[{"duration":30,"x":-6.12,"y":33.88}],"rotateFrame":[{"duration":5,"tweenEasing":0,"rotate":-79.14},{"duration":25,"tweenEasing":0,"rotate":-81.1},{"duration":0,"rotate":-79.14}]},{"name":"mlw_dj_shou1","rotateFrame":[{"duration":5,"tweenEasing":0,"rotate":11.24},{"duration":25,"tweenEasing":0,"rotate":8.12},{"duration":0,"rotate":6.7}]},{"name":"mlw_dj_shou2","rotateFrame":[{"duration":5,"tweenEasing":0},{"duration":25,"tweenEasing":0,"rotate":-1.82},{"duration":0,"rotate":4.96}]},{"name":"mlw_dj_lingdai","rotateFrame":[{"duration":5,"tweenEasing":0,"rotate":-19.59},{"duration":25,"tweenEasing":0,"rotate":-32.08},{"duration":0,"rotate":-19.59}]},{"name":"mlw_dj_shangbi2","translateFrame":[{"duration":5,"tweenEasing":0,"x":-4.78,"y":-47.97},{"duration":25,"tweenEasing":0,"x":-5.03,"y":-45.87},{"duration":0,"x":-4.78,"y":-47.97}],"rotateFrame":[{"duration":5,"tweenEasing":0,"rotate":159.85},{"duration":25,"tweenEasing":0,"rotate":159.1},{"duration":0,"rotate":159.85}]},{"name":"mlw_dj_xiaobi2","rotateFrame":[{"duration":5,"tweenEasing":0,"rotate":103.93},{"duration":25,"tweenEasing":0,"rotate":100.18},{"duration":0,"rotate":103.93}]},{"name":"mlw_dj_shou3","rotateFrame":[{"duration":30,"rotate":3.12}]},{"name":"mlw_dj_yandou","rotateFrame":[{"duration":30,"rotate":154.08}]},{"name":"mlw_dj_tou","rotateFrame":[{"duration":5,"tweenEasing":0,"rotate":0.36},{"duration":25,"tweenEasing":0,"rotate":-4.88},{"duration":0,"rotate":3.62}]},{"name":"mlw_dj_toufa2","translateFrame":[{"duration":5,"tweenEasing":0},{"duration":25,"tweenEasing":0,"x":-2.15,"y":3.5},{"duration":0}],"rotateFrame":[{"duration":5,"tweenEasing":0},{"duration":25,"tweenEasing":0,"rotate":-5.26},{"duration":0}]},{"name":"mlw_dj_toufa1","translateFrame":[{"duration":5,"tweenEasing":0},{"duration":25,"tweenEasing":0,"x":-2.61,"y":0.37},{"duration":0}],"rotateFrame":[{"duration":5,"tweenEasing":0},{"duration":25,"tweenEasing":0,"rotate":-9.47},{"duration":0}]},{"name":"mlw_dj_toufa3","rotateFrame":[{"duration":5,"tweenEasing":0},{"duration":25,"tweenEasing":0,"rotate":-17.61},{"duration":0}]}],"slot":[{"name":"mlw_dj_shou2","displayFrame":[{"duration":30,"value":1}]}]}],"defaultActions":[{"gotoAndPlay":"0000_chuchang"}]}]}