{"frameRate":60,"isGlobal":0,"armature":[{"bone":[{"inheritScale":false,"name":"000_xiao_fuji","transform":{"y":-16.9231,"x":0.7692}},{"inheritScale":false,"transform":{},"name":"001_xiao_shugan","parent":"000_xiao_fuji"},{"inheritScale":false,"transform":{},"name":"002_xiao_shuguan","parent":"001_xiao_shugan"},{"inheritScale":false,"transform":{},"name":"003_xiao_shuye1","parent":"002_xiao_shuguan"},{"inheritScale":false,"transform":{"y":0.2778,"x":-1.9444},"name":"004_xiao_shuye2","parent":"002_xiao_shuguan"},{"inheritScale":false,"transform":{"y":-0.5556,"x":-1.3889},"name":"005_xiao_shuye3","parent":"002_xiao_shuguan"},{"inheritScale":false,"transform":{"y":-1.9445,"x":0.8333},"name":"006_xiao_shuye4","parent":"002_xiao_shuguan"},{"inheritScale":false,"transform":{"y":0.8547,"x":-0.0855},"name":"007_xiao_guozi1","parent":"006_xiao_shuye4"},{"inheritScale":false,"transform":{"y":-9.7222,"x":-25.5556},"name":"008_xiao_guozi2","parent":"004_xiao_shuye2"},{"inheritScale":false,"transform":{"y":2.7778,"x":44.4445},"name":"009_xiao_guozi3","parent":"005_xiao_shuye3"}],"type":"Armature","frameRate":60,"animation":[{"playTimes":0,"bone":[{"frame":[{"tweenEasing":0,"transform":{"scY":0.9,"y":17.5,"scX":0.9,"x":7.5},"duration":60},{"tweenEasing":0,"transform":{"scY":0.9,"y":17.5,"scX":0.9,"x":7.5},"duration":60},{"transform":{"scY":0.9,"y":17.5,"scX":0.9,"x":7.5},"duration":0}],"name":"009_xiao_guozi3"},{"frame":[{"tweenEasing":0,"transform":{"y":3,"x":8.5},"duration":60},{"tweenEasing":0,"transform":{"y":3,"x":8.5},"duration":60},{"transform":{"y":3,"x":8.5},"duration":0}],"name":"008_xiao_guozi2"},{"frame":[{"tweenEasing":0,"transform":{"y":-14,"x":14},"duration":60},{"tweenEasing":0,"transform":{"y":-14,"x":14},"duration":60},{"transform":{"y":-14,"x":14},"duration":0}],"name":"007_xiao_guozi1"},{"frame":[{"tweenEasing":0,"transform":{"y":9,"x":-48},"duration":60},{"tweenEasing":0,"transform":{"y":8.4442,"x":-47.9903},"duration":60},{"transform":{"y":9,"x":-48},"duration":0}],"name":"006_xiao_shuye4"},{"frame":[{"tweenEasing":0,"transform":{"y":-8,"x":-1},"duration":60},{"tweenEasing":0,"transform":{"y":-8.0194,"x":0.1116},"duration":60},{"transform":{"y":-8,"x":-1},"duration":0}],"name":"005_xiao_shuye3"},{"frame":[{"tweenEasing":0,"transform":{"y":-12,"x":33.5},"duration":60},{"tweenEasing":0,"transform":{"y":-13.1116,"x":33.5194},"duration":60},{"transform":{"y":-12,"x":33.5},"duration":0}],"name":"004_xiao_shuye2"},{"frame":[{"tweenEasing":0,"transform":{"y":20.5,"x":15.5},"duration":60},{"tweenEasing":0,"transform":{"y":20.4903,"x":16.0558},"duration":60},{"transform":{"y":20.5,"x":15.5},"duration":0}],"name":"003_xiao_shuye1"},{"frame":[{"tweenEasing":0,"transform":{"y":-42.5,"x":0.5},"duration":60},{"tweenEasing":0,"transform":{"y":-42.5,"skX":1,"skY":1,"x":0.5},"duration":60},{"transform":{"y":-42.5,"x":0.5},"duration":0}],"name":"002_xiao_shuguan"},{"frame":[{"tweenEasing":0,"transform":{"y":-11.5,"x":-5},"duration":60},{"tweenEasing":0,"transform":{"y":-11.5,"x":-5},"duration":60},{"transform":{"y":-11.5,"x":-5},"duration":0}],"name":"001_xiao_shugan"},{"frame":[{"tweenEasing":0,"transform":{},"duration":60},{"tweenEasing":0,"transform":{},"duration":60},{"transform":{},"duration":0}],"name":"000_xiao_fuji"}],"slot":[{"frame":[{"tweenEasing":0,"duration":60},{"tweenEasing":0,"duration":60},{"tweenEasing":null,"duration":0}],"name":"009_xiao_guozi3"},{"frame":[{"tweenEasing":0,"duration":60},{"tweenEasing":0,"duration":60},{"tweenEasing":null,"duration":0}],"name":"008_xiao_guozi2"},{"frame":[{"tweenEasing":0,"duration":60},{"tweenEasing":0,"duration":60},{"tweenEasing":null,"duration":0}],"name":"007_xiao_guozi1"},{"frame":[{"tweenEasing":0,"duration":60},{"tweenEasing":0,"duration":60},{"tweenEasing":null,"duration":0}],"name":"006_xiao_shuye4"},{"frame":[{"tweenEasing":0,"duration":60},{"tweenEasing":0,"duration":60},{"tweenEasing":null,"duration":0}],"name":"005_xiao_shuye3"},{"frame":[{"tweenEasing":0,"duration":60},{"tweenEasing":0,"duration":60},{"tweenEasing":null,"duration":0}],"name":"004_xiao_shuye2"},{"frame":[{"tweenEasing":0,"duration":60},{"tweenEasing":0,"duration":60},{"tweenEasing":null,"duration":0}],"name":"003_xiao_shuye1"},{"frame":[{"tweenEasing":0,"duration":60},{"tweenEasing":0,"duration":60},{"tweenEasing":null,"duration":0}],"name":"002_xiao_shuguan"},{"frame":[{"tweenEasing":0,"duration":60},{"tweenEasing":0,"duration":60},{"tweenEasing":null,"duration":0}],"name":"001_xiao_shugan"},{"frame":[{"displayIndex":-1,"tweenEasing":0,"duration":60},{"displayIndex":-1,"tweenEasing":0,"duration":60},{"displayIndex":-1,"tweenEasing":null,"duration":0}],"name":"000_xiao_fuji"}],"ffd":[],"ik":[],"frame":[],"name":"000_xiaoshu_guozi","duration":120},{"playTimes":0,"bone":[{"frame":[{"tweenEasing":0,"transform":{"y":9,"x":-48},"duration":60},{"tweenEasing":0,"transform":{"y":8.4442,"x":-47.9903},"duration":60},{"transform":{"y":9,"x":-48},"duration":0}],"name":"006_xiao_shuye4"},{"frame":[{"tweenEasing":0,"transform":{"y":-8,"x":-1},"duration":60},{"tweenEasing":0,"transform":{"y":-8.0194,"x":0.1116},"duration":60},{"transform":{"y":-8,"x":-1},"duration":0}],"name":"005_xiao_shuye3"},{"frame":[{"tweenEasing":0,"transform":{"y":-12,"x":33.5},"duration":60},{"tweenEasing":0,"transform":{"y":-13.1116,"x":33.5194},"duration":60},{"transform":{"y":-12,"x":33.5},"duration":0}],"name":"004_xiao_shuye2"},{"frame":[{"tweenEasing":0,"transform":{"y":20.5,"x":15.5},"duration":60},{"tweenEasing":0,"transform":{"y":20.4903,"x":16.0558},"duration":60},{"transform":{"y":20.5,"x":15.5},"duration":0}],"name":"003_xiao_shuye1"},{"frame":[{"tweenEasing":0,"transform":{"y":-42.5,"x":0.5},"duration":60},{"tweenEasing":0,"transform":{"y":-42.5,"skX":1,"skY":1,"x":0.5},"duration":60},{"transform":{"y":-42.5,"x":0.5},"duration":0}],"name":"002_xiao_shuguan"},{"frame":[{"tweenEasing":0,"transform":{"y":-11.5,"x":-5},"duration":60},{"tweenEasing":0,"transform":{"y":-11.5,"x":-5},"duration":60},{"transform":{"y":-11.5,"x":-5},"duration":0}],"name":"001_xiao_shugan"},{"frame":[{"tweenEasing":0,"transform":{},"duration":60},{"tweenEasing":0,"transform":{},"duration":60},{"transform":{},"duration":0}],"name":"000_xiao_fuji"},{"frame":[{"transform":{},"duration":120}],"name":"007_xiao_guozi1"},{"frame":[{"transform":{},"duration":120}],"name":"008_xiao_guozi2"},{"frame":[{"transform":{},"duration":120}],"name":"009_xiao_guozi3"}],"slot":[{"frame":[{"tweenEasing":0,"duration":60},{"tweenEasing":0,"duration":60},{"tweenEasing":null,"duration":0}],"name":"006_xiao_shuye4"},{"frame":[{"tweenEasing":0,"duration":60},{"tweenEasing":0,"duration":60},{"tweenEasing":null,"duration":0}],"name":"005_xiao_shuye3"},{"frame":[{"tweenEasing":0,"duration":60},{"tweenEasing":0,"duration":60},{"tweenEasing":null,"duration":0}],"name":"004_xiao_shuye2"},{"frame":[{"tweenEasing":0,"duration":60},{"tweenEasing":0,"duration":60},{"tweenEasing":null,"duration":0}],"name":"003_xiao_shuye1"},{"frame":[{"tweenEasing":0,"duration":60},{"tweenEasing":0,"duration":60},{"tweenEasing":null,"duration":0}],"name":"002_xiao_shuguan"},{"frame":[{"tweenEasing":0,"duration":60},{"tweenEasing":0,"duration":60},{"tweenEasing":null,"duration":0}],"name":"001_xiao_shugan"},{"frame":[{"displayIndex":-1,"tweenEasing":0,"duration":60},{"displayIndex":-1,"tweenEasing":0,"duration":60},{"displayIndex":-1,"tweenEasing":null,"duration":0}],"name":"000_xiao_fuji"},{"frame":[{"displayIndex":-1,"tweenEasing":null,"duration":120}],"name":"007_xiao_guozi1"},{"frame":[{"displayIndex":-1,"tweenEasing":null,"duration":120}],"name":"008_xiao_guozi2"},{"frame":[{"displayIndex":-1,"tweenEasing":null,"duration":120}],"name":"009_xiao_guozi3"}],"ffd":[],"ik":[],"frame":[],"name":"001_xiaoshu","duration":120}],"defaultActions":[{"gotoAndPlay":"000_xiaoshu_guozi"}],"aabb":{"width":158,"y":-63.923100000000005,"height":94,"x":-78.2308},"ik":[],"name":"armatureName","skin":[{"slot":[{"display":[{"path":"huang_xiao/02","type":"image","name":"huang_xiao/02","transform":{}}],"name":"004_xiao_shuye2"},{"display":[{"path":"huang_xiao/03","type":"image","name":"huang_xiao/03","transform":{}}],"name":"005_xiao_shuye3"},{"display":[{"path":"huang_xiao/04","type":"image","name":"huang_xiao/04","transform":{}}],"name":"006_xiao_shuye4"},{"display":[{"path":"huang_xiao/guozi","type":"image","name":"huang_xiao/guozi","transform":{"y":-0.4914,"x":0.8761}}],"name":"007_xiao_guozi1"},{"display":[{"path":"huang_xiao/guozi","type":"image","name":"huang_xiao/guozi","transform":{}}],"name":"009_xiao_guozi3"},{"display":[{"path":"huang_xiao/guozi","type":"image","name":"huang_xiao/guozi","transform":{}}],"name":"008_xiao_guozi2"},{"display":[{"path":"huang_xiao/shugan","type":"image","name":"huang_xiao/shugan","transform":{}}],"name":"001_xiao_shugan"},{"display":[{"path":"huang_xiao/ditu","type":"image","name":"huang_xiao/ditu","transform":{}}],"name":"002_xiao_shuguan"},{"display":[{"path":"huang_xiao/01","type":"image","name":"huang_xiao/01","transform":{}}],"name":"003_xiao_shuye1"}],"name":""}],"slot":[{"displayIndex":-1,"name":"000_xiao_fuji","parent":"000_xiao_fuji","color":{}},{"z":1,"name":"001_xiao_shugan","parent":"001_xiao_shugan","color":{}},{"z":2,"name":"002_xiao_shuguan","parent":"002_xiao_shuguan","color":{}},{"z":3,"name":"003_xiao_shuye1","parent":"003_xiao_shuye1","color":{}},{"z":4,"name":"004_xiao_shuye2","parent":"004_xiao_shuye2","color":{}},{"z":5,"name":"005_xiao_shuye3","parent":"005_xiao_shuye3","color":{}},{"z":6,"name":"006_xiao_shuye4","parent":"006_xiao_shuye4","color":{}},{"z":7,"name":"007_xiao_guozi1","parent":"007_xiao_guozi1","color":{}},{"z":8,"name":"008_xiao_guozi2","parent":"008_xiao_guozi2","color":{}},{"z":9,"name":"009_xiao_guozi3","parent":"009_xiao_guozi3","color":{}}]}],"name":"ui_tanlanzhidao_02","version":"4.0"}