{"frameRate":30,"name":"gw_017_haozhu","version":"5.5","compatibleVersion":"5.5","armature":[{"type":"Armature","frameRate":30,"name":"armatureName","aabb":{"x":-84.81,"y":-320.37,"width":182.12,"height":332.31},"bone":[{"name":"root"},{"name":"haozhu_kua","parent":"root","transform":{"x":-3.91,"y":-111.68,"skX":-9.46,"skY":-9.46}},{"name":"buff_up","parent":"root","transform":{"y":-269.18}},{"length":317,"name":"canying","parent":"root","transform":{"x":204.76,"y":3.67,"skX":-89.8,"skY":-89.8}},{"name":"gw_017_haozhu_pz","parent":"root","transform":{"x":-16.64,"y":-17.46}},{"name":"tui2","parent":"root","transform":{"x":21.24,"y":-13.27}},{"name":"tui1","parent":"root","transform":{"x":-49.4,"y":-13.69}},{"name":"jiao2","parent":"root","transform":{"x":49.64,"y":-4.27}},{"name":"buff_flo","parent":"root"},{"name":"jiao1","parent":"root","transform":{"x":-27.96,"y":3.53}},{"name":"buff_mid","parent":"root","transform":{"y":-149.23}},{"length":62,"name":"haozhu_datui2","parent":"haozhu_kua","transform":{"x":9.29,"y":-7.88,"skX":93.02,"skY":93.02,"scX":0.924,"scY":0.924}},{"length":33,"name":"haozhu_shenti","parent":"haozhu_kua","transform":{"x":-9.32,"y":-12.44,"skX":-85.23,"skY":-85.23}},{"length":61,"name":"haozhu_datui1","parent":"haozhu_kua","transform":{"x":-17.75,"y":-5.37,"skX":92.35,"skY":92.35,"scX":0.921,"scY":0.921}},{"length":67,"name":"haozhu_xiaotui2","parent":"haozhu_datui2","transform":{"x":61.39,"y":-0.28,"skX":3.99,"skY":3.99}},{"length":66,"name":"haozhu_xiaotui1","parent":"haozhu_datui1","transform":{"x":59.73,"y":-0.78,"skX":2.95,"skY":2.95}},{"length":42,"name":"haozhu_shenti2","parent":"haozhu_shenti","transform":{"x":43.04,"y":0.84,"skX":13.06,"skY":13.06}},{"length":51,"name":"haozhu_dabi1","parent":"haozhu_shenti2","transform":{"x":31.2,"y":-29.22,"skX":-149.66,"skY":-149.66}},{"length":55,"name":"haozhu_dabi2","parent":"haozhu_shenti2","transform":{"x":31.04,"y":27.52,"skX":148.4,"skY":148.4}},{"length":59,"name":"haozhu_tou","parent":"haozhu_shenti2","transform":{"x":46.7,"y":-4.64,"skX":3.3,"skY":3.3}},{"length":12,"name":"haozhu_jiao1","parent":"haozhu_xiaotui1","transform":{"x":66.14,"y":-0.27,"skX":-61.75,"skY":-61.75}},{"length":10,"name":"haozhu_jiao3","parent":"haozhu_xiaotui2","transform":{"x":68.03,"y":-0.75,"skX":-59.12,"skY":-59.12}},{"length":17,"name":"haozhu_jiao2","parent":"haozhu_jiao1","transform":{"x":15.34,"y":-2.07,"skX":-41.04,"skY":-41.04}},{"length":47,"name":"haozhu_xiaobi1","parent":"haozhu_dabi1","transform":{"x":51.23,"y":0.38,"skX":-147.92,"skY":-147.92}},{"length":39,"name":"2","parent":"haozhu_dabi2","transform":{"x":10.94,"y":-9.43,"skX":-108.65,"skY":-108.65}},{"length":48,"name":"haozhu_xiaobi2","parent":"haozhu_dabi2","transform":{"x":54.92,"y":-0.06,"skX":-93.79,"skY":-93.79}},{"length":29,"name":"3","parent":"haozhu_dabi1","transform":{"x":4.81,"y":10.03,"skX":112.6,"skY":112.6}},{"length":34,"name":"6","parent":"haozhu_tou","transform":{"x":52.22,"y":-12.94,"skX":-56.79,"skY":-56.79}},{"length":30,"name":"1","parent":"haozhu_tou","transform":{"x":69.75,"y":5.58,"skX":-2.75,"skY":-2.75}},{"length":18,"name":"haozhu_jiao4","parent":"haozhu_jiao3","transform":{"x":15.4,"y":-4.02,"skX":-39.26,"skY":-39.26}},{"length":29,"name":"5","parent":"haozhu_xiaobi1","transform":{"x":28.62,"y":9.22,"skX":82.67,"skY":82.67}},{"length":30,"name":"4","parent":"haozhu_xiaobi2","transform":{"x":25.74,"y":-12.33,"skX":-82.69,"skY":-82.69}},{"length":22,"name":"haozhu_shou1","parent":"haozhu_xiaobi1","transform":{"x":48.93,"y":0.18,"skX":-5.47,"skY":-5.47}},{"length":23,"name":"haozhu_shou2","parent":"haozhu_xiaobi2","transform":{"x":46.67,"y":-0.35,"skX":-1.61,"skY":-1.61}}],"slot":[{"blendMode":"erase","name":"gw_017_haozhu_pz","parent":"gw_017_haozhu_pz","color":{"aM":0}},{"blendMode":"erase","name":"buff_flo","parent":"buff_flo","color":{"aM":0}},{"name":"haozhu_shou2","parent":"haozhu_shou2"},{"name":"haozhu_dabi2","parent":"haozhu_dabi2"},{"name":"2","parent":"2"},{"name":"4","parent":"4"},{"name":"haozhu_xiaobi2","parent":"haozhu_xiaobi2"},{"name":"haozhu_jiao2","parent":"haozhu_jiao4"},{"name":"haozhu_xiaotui2","parent":"haozhu_xiaotui2"},{"name":"haozhu_datui2","parent":"haozhu_datui2"},{"name":"haozhu_kua","parent":"haozhu_kua"},{"name":"haozhu_jiao1","parent":"haozhu_jiao2"},{"name":"haozhu_xiaotui1","parent":"haozhu_xiaotui1"},{"name":"haozhu_datui1","parent":"haozhu_datui1"},{"name":"haozhu_shenti","parent":"haozhu_shenti2"},{"name":"6","parent":"6"},{"name":"haozhu_tou","parent":"haozhu_tou"},{"name":"1","parent":"1"},{"name":"haozhu_dabi1","parent":"haozhu_dabi1"},{"name":"haozhu_shou1","parent":"haozhu_shou1"},{"name":"haozhu_xiaobi1","parent":"haozhu_xiaobi1"},{"name":"5","parent":"5"},{"name":"3","parent":"3"},{"blendMode":"erase","name":"buff_mid","parent":"buff_mid","color":{"aM":0}},{"blendMode":"erase","name":"buff_up","parent":"buff_up","color":{"aM":0}},{"displayIndex":-1,"name":"canying","parent":"canying"}],"ik":[{"chain":1,"name":"tui2","bone":"haozhu_xiaotui2","target":"tui2"},{"chain":1,"name":"tui1","bone":"haozhu_xiaotui1","target":"tui1"},{"bendPositive":false,"chain":1,"name":"jiao1","bone":"haozhu_jiao2","target":"jiao1"},{"bendPositive":false,"chain":1,"name":"jiao2","bone":"haozhu_jiao4","target":"jiao2"}],"skin":[{"slot":[{"name":"haozhu_dabi1","display":[{"type":"mesh","name":"haozhu_dabi1","width":33,"height":70,"vertices":[-60.71,-139.9,-91.31,-156.86,-56.41,-219.82,-25.8,-202.86],"uvs":[1.0303,1.01429,-0.0303,1.01429,-0.0303,-0.01429,1.0303,-0.01429],"triangles":[1,0,3,2,1,3],"weights":[1,17,1,1,17,1,1,17,1,1,17,1],"slotPose":[1,0,0,1,0,0],"bonePose":[17,-0.625379,0.780321,-0.780321,-0.625379,-42.196979,-200.504657],"edges":[1,0,0,3,3,2,2,1],"userEdges":[]}]},{"name":"haozhu_kua","display":[{"type":"mesh","name":"haozhu_kua","width":73,"height":40,"vertices":[31.48,18.99,-43.51,18.99,-43.51,-23,31.48,-23],"uvs":[1.0137,1.025,-0.0137,1.025,-0.0137,-0.025,1.0137,-0.025],"triangles":[1,0,3,2,1,3],"edges":[1,0,0,3,3,2,2,1],"userEdges":[]}]},{"name":"4","display":[{"type":"mesh","name":"4","width":44,"height":48,"vertices":[40.98,23.7,-4.78,28.36,-9.84,-21.38,35.92,-26.04],"uvs":[1.02273,1.02083,-0.02273,1.02083,-0.02273,-0.02083,1.02273,-0.02083],"triangles":[1,0,3,2,1,3],"edges":[1,0,0,3,3,2,2,1],"userEdges":[]}]},{"name":"gw_017_haozhu_pz","display":[{"name":"gw_017_haozhu_pz","transform":{"x":19.57,"y":-120.49,"scX":10.134,"scY":27.922}}]},{"name":"haozhu_datui1","display":[{"type":"mesh","name":"haozhu_datui1","width":55,"height":75,"vertices":[13.02,-54.15,-38.76,-45.53,-50.41,-115.47,1.37,-124.09],"uvs":[1.01818,1.01333,-0.01818,1.01333,-0.01818,-0.01333,1.01818,-0.01333],"triangles":[1,0,3,2,1,3],"weights":[1,13,1,1,13,1,1,13,1,1,13,1],"slotPose":[1,0,0,1,0,0],"bonePose":[13,0.113996,0.913918,-0.913918,0.113996,-22.301218,-114.059599],"edges":[1,0,0,3,3,2,2,1],"userEdges":[]}]},{"name":"haozhu_xiaobi2","display":[{"type":"mesh","name":"haozhu_xiaobi2","width":28,"height":63,"vertices":[74.59,-179.43,87.51,-152.36,28.86,-124.36,15.93,-151.42],"uvs":[1.03571,1.01587,-0.03571,1.01587,-0.03571,-0.01587,1.03571,-0.01587],"triangles":[1,0,3,2,1,3],"weights":[1,25,1,1,25,1,1,25,1,1,25,1],"slotPose":[1,0,0,1,0,0],"bonePose":[25,0.890848,-0.454301,0.454301,0.890848,35.632229,-141.643089],"edges":[1,0,0,3,3,2,2,1],"userEdges":[]}]},{"name":"haozhu_xiaobi1","display":[{"type":"mesh","name":"haozhu_xiaobi1","width":29,"height":64,"vertices":[-32.11,-194.9,-18.96,-166.85,-78.71,-138.83,-91.86,-166.89],"uvs":[1.03448,1.01563,-0.03448,1.01563,-0.03448,-0.01563,1.03448,-0.01563],"triangles":[1,0,3,2,1,3],"weights":[1,23,1,1,23,1,1,23,1,1,23,1],"slotPose":[1,0,0,1,0,0],"bonePose":[23,0.944319,-0.329031,0.329031,0.944319,-74.53166,-160.766442],"edges":[1,0,0,3,3,2,2,1],"userEdges":[]}]},{"name":"2","display":[{"type":"mesh","name":"2","width":51,"height":66,"vertices":[70.24,-173.82,18.63,-161.86,3.26,-228.09,54.9,-240.06],"uvs":[1.01961,1.01515,-0.01961,1.01515,-0.01961,-0.01515,1.01961,-0.01515],"triangles":[1,0,3,2,1,3],"weights":[1,24,1,1,24,1,1,24,1,1,24,1],"slotPose":[1,0,0,1,0,0],"bonePose":[24,0.744545,-0.667573,0.667573,0.744545,26.895864,-185.753329],"edges":[1,0,0,3,3,2,2,1],"userEdges":[]}]},{"name":"1","display":[{"type":"mesh","name":"1","width":119,"height":76,"vertices":[65.93,-236.26,-54.15,-251.07,-44.61,-328.47,75.47,-313.67],"uvs":[1.0084,1.01316,-0.0084,1.01316,-0.0084,-0.01316,1.0084,-0.01316],"triangles":[1,0,3,2,1,3],"weights":[1,28,1,1,28,1,1,28,1,1,28,1],"slotPose":[1,0,0,1,0,0],"bonePose":[28,0.155055,-0.987906,0.987906,0.155055,3.950775,-279.441069],"edges":[1,0,0,3,3,2,2,1],"userEdges":[]}]},{"name":"haozhu_jiao2","display":[{"type":"mesh","name":"haozhu_jiao2","width":43,"height":36,"vertices":[25.29,-7.77,33.42,-7.12,36.57,-8.24,40.58,-8.25,43.33,-6.4,47.53,2.38,39.13,11,22.7,14.61,8.56,17.09,1.94,3.53,1.62,-9.74,18.47,-17.97],"uvs":[0.63023,0.33762,0.80697,0.46262,0.89069,0.47373,0.9814,0.5265,1.02326,0.61262,1.02092,0.90556,0.73581,1.02776,0.32419,0.90833,-0.02325,0.78888,-0.02326,0.33485,0.11628,-0.02776,0.58837,-0.02778],"triangles":[2,1,4,6,5,4,1,6,4,3,2,4,7,6,1,0,7,1,9,7,0,11,10,0,10,9,0,9,8,7],"weights":[2,21,0.17311,29,0.82688,1,29,1,1,29,1,1,29,1,1,29,1,1,29,1,2,21,0.00098,29,0.99901,2,21,0.65927,29,0.34072,1,21,1,1,21,1,2,21,0.99245,29,0.00754,2,21,0.63058,29,0.36941],"slotPose":[1,0,0,1,0,0],"bonePose":[21,0.812565,0.439902,-0.439902,0.812565,13.957421,-1.869693,29,0.907543,-0.173616,0.173616,0.907543,28.23933,1.638291],"edges":[9,8,8,7,7,6,6,5,5,4,4,3,3,2,2,1,1,0,0,11,11,10,10,9],"userEdges":[]}]},{"name":"buff_mid","display":[{"name":"buff_mid","transform":{"x":0.48}}]},{"name":"haozhu_dabi2","display":[{"type":"mesh","name":"haozhu_dabi2","width":34,"height":71,"vertices":[48.95,-132.96,13.88,-124.82,-2.62,-195.93,32.44,-204.07],"uvs":[1.02941,1.01408,-0.02941,1.01408,-0.02941,-0.01408,1.02941,-0.01408],"triangles":[1,0,3,2,1,3],"weights":[1,18,1,1,18,1,1,18,1,1,18,1],"slotPose":[1,0,0,1,0,0],"bonePose":[18,0.394423,0.918929,-0.918929,0.394423,13.915375,-192.087001],"edges":[1,0,0,3,3,2,2,1],"userEdges":[]}]},{"name":"haozhu_xiaotui1","display":[{"type":"mesh","name":"haozhu_xiaotui1","width":47,"height":81,"vertices":[15.68,4.62,-28.84,12.02,-41.36,-63.38,3.15,-70.78],"uvs":[1.02128,1.01235,-0.02128,1.01235,-0.02128,-0.01235,1.02128,-0.01235],"triangles":[1,0,3,2,1,3],"weights":[1,15,1,1,15,1,1,15,1,1,15,1],"slotPose":[1,0,0,1,0,0],"bonePose":[15,0.066811,0.918574,-0.918574,0.066811,-14.779353,-59.560204],"edges":[1,0,0,3,3,2,2,1],"userEdges":[]}]},{"name":"haozhu_xiaotui2","display":[{"type":"mesh","name":"haozhu_xiaotui2","width":43,"height":81,"vertices":[38.12,0.3,-2.89,7.09,-15.44,-68.56,25.57,-75.36],"uvs":[1.02326,1.01235,-0.02326,1.01235,-0.02326,-0.01235,1.02326,-0.01235],"triangles":[1,0,3,2,1,3],"weights":[1,14,1,1,14,1,1,14,1,1,14,1],"slotPose":[1,0,0,1,0,0],"bonePose":[14,0.039499,0.923155,-0.923155,0.039499,10.577956,-64.642329],"edges":[1,0,0,3,3,2,2,1],"userEdges":[]}]},{"name":"haozhu_shou2","display":[{"type":"mesh","name":"haozhu_shou2","width":22,"height":30,"vertices":[95.57,-188.21,105.91,-166.55,77.04,-152.76,66.7,-174.41],"uvs":[1.04545,1.03333,-0.04545,1.03333,-0.04545,-0.03333,1.04545,-0.03333],"triangles":[1,0,3,2,1,3],"weights":[1,33,1,1,33,1,1,33,1,1,33,1],"slotPose":[1,0,0,1,0,0],"bonePose":[33,0.877732,-0.479152,0.479152,0.877732,77.049099,-163.157136],"edges":[1,0,0,3,3,2,2,1],"userEdges":[]}]},{"name":"haozhu_tou","display":[{"type":"mesh","name":"haozhu_tou","width":76,"height":79,"vertices":[32.37,-194.91,-45.04,-204.44,-35.14,-284.83,42.26,-275.3],"uvs":[1.01316,1.01266,-0.01316,1.01266,-0.01316,-0.01266,1.01316,-0.01266],"triangles":[1,0,3,2,1,3],"weights":[1,19,1,1,19,1,1,19,1,1,19,1],"slotPose":[1,0,0,1,0,0],"bonePose":[19,0.202275,-0.979329,0.979329,0.202275,-15.62253,-212.261573],"edges":[1,0,0,3,3,2,2,1],"userEdges":[]}]},{"name":"6","display":[{"name":"6","transform":{"x":19.25,"y":1.15,"skX":135.38,"skY":135.38}}]},{"name":"3","display":[{"type":"mesh","name":"3","width":55,"height":72,"vertices":[-50.34,-173.02,-100.18,-200.68,-64.28,-265.38,-14.44,-237.71],"uvs":[1.01818,1.01389,-0.01818,1.01389,-0.01818,-0.01389,1.01818,-0.01389],"triangles":[1,0,3,2,1,3],"weights":[1,26,1,1,26,1,1,26,1,1,26,1],"slotPose":[1,0,0,1,0,0],"bonePose":[26,-0.48007,-0.87723,0.87723,-0.48007,-53.031673,-203.023861],"edges":[1,0,0,3,3,2,2,1],"userEdges":[]}]},{"name":"canying","display":[{"name":"canying","transform":{"x":169.54,"y":1.78,"skX":89.81,"skY":89.81}}]},{"name":"buff_flo","display":[{"name":"buff_flo","transform":{"x":0.71,"y":-0.3}}]},{"name":"haozhu_jiao1","display":[{"type":"mesh","name":"haozhu_jiao1","width":44,"height":37,"vertices":[7.32,-8.9,10.06,-9.67,13.48,-9.94,18.66,-8.44,24.87,-1.22,20.79,9.88,14.17,16.23,-2.14,17.64,-13.45,19.18,-26.51,3.99,-5.61,-13.14,1.01,-7.91],"uvs":[0.81817,0.3339,0.88181,0.36903,0.94999,0.42849,1.02273,0.56092,1.02271,0.84053,0.76765,1.00964,0.54182,1.02431,0.21363,0.74324,-0.02273,0.56092,-0.02273,-0.02703,0.64409,-0.00812,0.68408,0.23513],"triangles":[1,5,2,2,5,3,3,5,4,6,5,0,0,5,1,7,6,11,11,6,0,8,7,11,10,9,11,9,8,11],"weights":[2,20,0.00498,22,0.995,2,20,0.00015,22,0.99984,1,22,1,1,22,1,1,22,1,1,22,1,2,20,0.00212,22,0.99786,2,20,0.63883,22,0.36116,2,20,0.99301,22,0.00698,1,20,1,2,20,0.50333,22,0.49666,2,20,0.15873,22,0.84126],"slotPose":[1,0,0,1,0,0],"bonePose":[20,0.840786,0.375926,-0.375926,0.840786,-10.112451,1.176208,22,0.880991,-0.268506,0.268506,0.880991,3.56337,5.202481],"edges":[8,7,7,6,6,5,5,4,4,3,3,2,2,1,1,0,0,11,11,10,10,9,9,8],"userEdges":[]}]},{"name":"haozhu_shou1","display":[{"type":"mesh","name":"haozhu_shou1","width":24,"height":31,"vertices":[-7.23,-201.37,1.72,-176.96,-29.26,-165.61,-38.2,-190.02],"uvs":[1.04167,1.03226,-0.04167,1.03226,-0.04167,-0.03226,1.04167,-0.03226],"triangles":[1,0,3,2,1,3],"weights":[1,32,1,1,32,1,1,32,1,1,32,1],"slotPose":[1,0,0,1,0,0],"bonePose":[32,0.908654,-0.41755,0.41755,0.908654,-28.266907,-176.695974],"edges":[1,0,0,3,3,2,2,1],"userEdges":[]}]},{"name":"haozhu_datui2","display":[{"type":"mesh","name":"haozhu_datui2","width":43,"height":75,"vertices":[30.36,-59.72,-10.64,-52.9,-22.31,-123.08,18.69,-129.9],"uvs":[1.02326,1.01333,-0.02326,1.01333,-0.02326,-0.01333,1.02326,-0.01333],"triangles":[1,0,3,2,1,3],"weights":[1,11,1,1,11,1,1,11,1,1,11,1],"slotPose":[1,0,0,1,0,0],"bonePose":[11,0.103638,0.918169,-0.918169,0.103638,3.958512,-120.979732],"edges":[1,0,0,3,3,2,2,1],"userEdges":[]}]},{"name":"haozhu_shenti","display":[{"type":"mesh","name":"haozhu_shenti","width":87,"height":127,"vertices":[23.6,-194.98,24.81,-171.98,29.7,-139.48,31.99,-110.62,-4.22,-103.93,-49.99,-107.54,-51.68,-139.37,-57.68,-179.25,-54.14,-206.64,-31.08,-215.52,-18.72,-232.85,11.31,-229.16,10.71,-210.39,-18.67,-172.61,12.06,-169.86,-10.65,-147.19,12.6,-146.52],"uvs":[0.89201,0.2482,0.94245,0.43736,0.99822,0.73385,0.99556,0.97149,0.57524,1.00787,0.05223,0.95876,0.05754,0.71202,-0.01149,0.43554,-0.01149,0.23,0.23808,0.13945,0.35486,-0.00787,0.70268,-0.00787,0.72207,0.13945,0.43983,0.46282,0.79827,0.46282,0.5301,0.66472,0.80624,0.672],"triangles":[14,16,1,1,16,2,2,16,3,16,4,3,0,14,1,12,13,14,15,4,16,12,14,0,13,15,14,14,15,16,9,13,12,11,10,12,10,9,12,6,5,15,15,5,4,13,6,15,8,7,9,9,7,13,7,6,13],"weights":[2,12,0.01559,16,0.9844,2,12,0.19587,16,0.80412,2,12,0.84208,16,0.15791,2,12,0.99672,16,0.00327,1,12,1,1,12,1,2,12,0.9177,16,0.08229,2,12,0.21834,16,0.78165,2,12,0.01607,16,0.98392,1,16,1,1,16,1,1,16,1,1,16,1,1,16,1,2,12,0.19655,16,0.80344,2,12,0.99544,16,0.00455,2,12,0.78441,16,0.21558],"slotPose":[1,0,0,1,0,0],"bonePose":[12,-0.081765,-0.996652,0.996652,-0.081765,-15.14788,-122.418997,16,0.145565,-0.989349,0.989349,0.145565,-17.829839,-165.383568],"edges":[7,6,6,5,5,4,4,3,3,2,2,1,1,0,0,12,12,11,11,10,10,9,9,8,8,7],"userEdges":[]}]},{"name":"5","display":[{"type":"mesh","name":"5","width":48,"height":51,"vertices":[-19.55,-179.22,-2.34,-132.29,-52.09,-114.04,-69.3,-160.98],"uvs":[1.02083,1.01961,-0.02083,1.01961,-0.02083,-0.01961,1.02083,-0.01961],"triangles":[1,0,3,2,1,3],"weights":[1,30,1,1,30,1,1,30,1,1,30,1],"slotPose":[1,0,0,1,0,0],"bonePose":[30,0.446822,0.894623,-0.894623,0.446822,-44.471581,-161.476702],"edges":[1,0,0,3,3,2,2,1],"userEdges":[]}]},{"name":"buff_up","display":[{"name":"buff_up","transform":{"x":0.32,"y":-0.21}}]}]}],"animation":[{"duration":20,"name":"0000_chuchang","bone":[{"name":"haozhu_kua","translateFrame":[{"duration":5,"curve":[0.25,0,1,0.57],"x":1.35,"y":-43.25},{"duration":5,"curve":[0,0.59,0.75,1],"x":2.02,"y":-17.57},{"duration":10,"curve":[0.25,0,1,0.61],"x":0.67,"y":18.25},{"duration":0}]},{"name":"haozhu_shenti","rotateFrame":[{"duration":5,"rotate":-0.93},{"duration":5,"curve":[0,0.59,0.75,1],"rotate":-0.93},{"duration":10}]},{"name":"haozhu_shenti2","translateFrame":[{"duration":5,"x":-0.73,"y":0.65},{"duration":5,"curve":[0,0.59,0.75,1],"x":-0.73,"y":0.65},{"duration":10,"curve":[0.25,0,1,0.61],"x":-2.75,"y":0.45},{"duration":0}]},{"name":"haozhu_tou","rotateFrame":[{"duration":5,"rotate":9.27},{"duration":5,"curve":[0,0.59,0.75,1],"rotate":9.27},{"duration":10,"curve":[0.25,0,1,0.61],"rotate":4.94},{"duration":0}]},{"name":"haozhu_dabi1","rotateFrame":[{"duration":5,"rotate":1.47},{"duration":5,"curve":[0,0.59,0.75,1],"rotate":1.47},{"duration":10,"curve":[0.25,0,1,0.61],"rotate":-15.74},{"duration":0}]},{"name":"haozhu_xiaobi1","rotateFrame":[{"duration":5,"rotate":-10.67},{"duration":5,"curve":[0,0.59,0.75,1],"rotate":-10.67},{"duration":10}]},{"name":"haozhu_dabi2","rotateFrame":[{"duration":5,"rotate":-20.16},{"duration":5,"curve":[0,0.59,0.75,1],"rotate":-20.16},{"duration":10,"curve":[0.25,0,1,0.61],"rotate":13.16},{"duration":0}]},{"name":"haozhu_xiaobi2","rotateFrame":[{"duration":5,"rotate":-16.23},{"duration":5,"curve":[0,0.59,0.75,1],"rotate":-16.23},{"duration":10,"curve":[0.25,0,1,0.61],"rotate":-41.72},{"duration":0}]},{"name":"tui1","translateFrame":[{"duration":5,"curve":[0.25,0,1,0.57],"x":18.92,"y":-34.47},{"duration":5,"curve":[0,0.59,0.75,1],"x":12.16,"y":-12.84},{"duration":10,"curve":[0.25,0,1,0.61],"x":-3.37},{"duration":0}]},{"name":"jiao1","translateFrame":[{"duration":5,"curve":[0.25,0,1,0.57],"x":2.02,"y":-25},{"duration":5,"curve":[0,0.59,0.75,1],"x":-2.02,"y":-4.05},{"duration":10,"curve":[0.25,0,1,0.61],"x":-3.37},{"duration":0}]},{"name":"tui2","translateFrame":[{"duration":5,"curve":[0.25,0,1,0.57],"x":7.43,"y":-52.04},{"duration":5,"curve":[0,0.59,0.75,1],"x":8.78,"y":-14.19},{"duration":10,"curve":[0.25,0,1,0.61],"x":4.05},{"duration":0}]},{"name":"jiao2","translateFrame":[{"duration":5,"curve":[0.25,0,1,0.57],"x":-3.37,"y":-33.79},{"duration":5,"curve":[0,0.59,0.75,1],"x":1.35},{"duration":10,"curve":[0.25,0,1,0.61],"x":4.05},{"duration":0}]}]},{"duration":60,"name":"0001_daiji","bone":[{"name":"haozhu_kua","translateFrame":[{"duration":25,"curve":[0.25,0,0.75,1]},{"duration":35,"curve":[0.25,0,0.75,1],"x":-0.74,"y":-3.73},{"duration":0}]},{"name":"haozhu_shenti","rotateFrame":[{"duration":30,"curve":[0.25,0,0.75,1]},{"duration":30,"curve":[0.25,0,0.75,1],"rotate":-0.59},{"duration":0}]},{"name":"haozhu_shenti2","translateFrame":[{"duration":30,"curve":[0.25,0,0.75,1]},{"duration":30,"curve":[0.25,0,0.75,1],"x":1.07,"y":0.08},{"duration":0}],"rotateFrame":[{"duration":30,"curve":[0.25,0,0.75,1]},{"duration":30,"curve":[0.25,0,0.75,1],"rotate":0.53},{"duration":0}]},{"name":"haozhu_tou","rotateFrame":[{"duration":30,"curve":[0.25,0,0.75,1]},{"duration":30,"curve":[0.25,0,0.75,1],"rotate":1.61},{"duration":0}]},{"name":"haozhu_dabi1","translateFrame":[{"duration":30,"curve":[0.25,0,0.75,1]},{"duration":30,"curve":[0.25,0,0.75,1],"x":1.06,"y":-0.15},{"duration":0}],"rotateFrame":[{"duration":30,"curve":[0.25,0,0.75,1]},{"duration":30,"curve":[0.25,0,0.75,1],"rotate":2.81},{"duration":0}]},{"name":"haozhu_xiaobi1","rotateFrame":[{"duration":30,"curve":[0.25,0,0.75,1]},{"duration":30,"curve":[0.25,0,0.75,1],"rotate":-1.27},{"duration":0}]},{"name":"haozhu_shou1","rotateFrame":[{"duration":30,"curve":[0.25,0,0.75,1]},{"duration":30,"curve":[0.25,0,0.75,1],"rotate":0.4},{"duration":0}]},{"name":"haozhu_dabi2","translateFrame":[{"duration":30,"curve":[0.25,0,0.75,1]},{"duration":30,"curve":[0.25,0,0.75,1],"x":0.99,"y":-0.69},{"duration":0}],"rotateFrame":[{"duration":30,"curve":[0.25,0,0.75,1]},{"duration":30,"curve":[0.25,0,0.75,1],"rotate":4.76},{"duration":0}]},{"name":"haozhu_xiaobi2","rotateFrame":[{"duration":30,"curve":[0.25,0,0.75,1]},{"duration":30,"curve":[0.25,0,0.75,1],"rotate":-6.82},{"duration":0}]}]},{"duration":30,"name":"0002_pao","bone":[{"name":"haozhu_kua","translateFrame":[{"duration":8,"tweenEasing":0,"x":26.51,"y":2.5},{"duration":7,"tweenEasing":0,"x":27.04,"y":-3.79},{"duration":8,"tweenEasing":0,"x":26.51,"y":2.5},{"duration":7,"tweenEasing":0,"x":27.04,"y":-3.79},{"duration":0,"x":26.51,"y":2.5}],"rotateFrame":[{"duration":30,"rotate":5.49}]},{"name":"haozhu_shenti","rotateFrame":[{"duration":8,"tweenEasing":0,"rotate":4.45},{"duration":7,"tweenEasing":0,"rotate":3.79},{"duration":8,"tweenEasing":0,"rotate":4.45},{"duration":7,"tweenEasing":0,"rotate":3.79},{"duration":0,"rotate":4.45}]},{"name":"haozhu_shenti2","rotateFrame":[{"duration":30,"rotate":5.18}]},{"name":"haozhu_tou","rotateFrame":[{"duration":30,"rotate":-10.35}]},{"name":"haozhu_dabi1","translateFrame":[{"duration":20,"tweenEasing":0},{"duration":5,"tweenEasing":0},{"duration":5,"tweenEasing":0,"x":-2.55,"y":1.08},{"duration":0}],"rotateFrame":[{"duration":5,"tweenEasing":0,"rotate":-47.04},{"duration":5,"tweenEasing":0,"rotate":-4.76},{"duration":5,"tweenEasing":0,"rotate":7.65},{"duration":5,"tweenEasing":0,"rotate":-47.04},{"duration":5,"tweenEasing":0,"rotate":-79.62},{"duration":5,"tweenEasing":0,"rotate":-84.39},{"duration":0,"rotate":-47.04}]},{"name":"haozhu_xiaobi1","rotateFrame":[{"duration":10,"tweenEasing":0,"rotate":105.06},{"duration":5,"tweenEasing":0,"rotate":59.87},{"duration":10,"tweenEasing":0,"rotate":105.06},{"duration":5,"tweenEasing":0,"rotate":77.45},{"duration":0,"rotate":105.06}]},{"name":"haozhu_dabi2","translateFrame":[{"duration":30,"x":8.86,"y":-3.16}],"rotateFrame":[{"duration":5,"tweenEasing":0,"rotate":75.25},{"duration":5,"tweenEasing":0,"rotate":4.54},{"duration":5,"tweenEasing":0,"rotate":-1.06},{"duration":5,"tweenEasing":0,"rotate":75.25},{"duration":5,"tweenEasing":0,"rotate":86.3},{"duration":5,"tweenEasing":0,"rotate":100.06},{"duration":0,"rotate":75.25}]},{"name":"haozhu_xiaobi2","rotateFrame":[{"duration":10,"tweenEasing":0,"rotate":44.05},{"duration":5,"tweenEasing":0,"rotate":15.28},{"duration":10,"tweenEasing":0,"rotate":44.05},{"duration":5,"tweenEasing":0,"rotate":28.94},{"duration":0,"rotate":44.05}]},{"name":"tui1","translateFrame":[{"duration":5,"tweenEasing":0,"x":22.42,"y":-41.04},{"duration":5,"tweenEasing":0,"x":73.86,"y":-27.39},{"duration":5,"tweenEasing":0,"x":115.7,"y":-5.9},{"duration":5,"tweenEasing":0,"x":44.22,"y":-1.44},{"duration":5,"tweenEasing":0,"x":-9.97,"y":-7.29},{"duration":5,"tweenEasing":0,"x":-13.03,"y":-60.17},{"duration":0,"x":22.42,"y":-41.04}]},{"name":"haozhu_datui1","translateFrame":[{"duration":5,"tweenEasing":0,"x":0.2,"y":-1.23},{"duration":10,"tweenEasing":0,"x":11.83,"y":-3.89},{"duration":15,"tweenEasing":0,"x":2.14,"y":-1.1},{"duration":0,"x":0.2,"y":-1.23}]},{"name":"haozhu_xiaotui1","translateFrame":[{"duration":5,"tweenEasing":0},{"duration":10,"tweenEasing":0,"x":-8.38,"y":1.28},{"duration":15}]},{"name":"jiao1","translateFrame":[{"duration":5,"tweenEasing":0,"x":-2.05,"y":-28.79},{"duration":5,"tweenEasing":0,"x":65.19,"y":-20.02},{"duration":5,"tweenEasing":0,"x":122.58,"y":-27.76},{"duration":5,"tweenEasing":0,"x":49.51,"y":-9.83},{"duration":5,"tweenEasing":0,"x":-10.19,"y":-7.37},{"duration":5,"tweenEasing":0,"x":-45.71,"y":-51.25},{"duration":0,"x":-2.05,"y":-28.79}]},{"name":"tui2","translateFrame":[{"duration":5,"tweenEasing":0,"x":-29.42,"y":-1.87},{"duration":5,"tweenEasing":0,"x":-80.26,"y":-4.1},{"duration":5,"tweenEasing":0,"x":-74.53,"y":-57.85},{"duration":5,"tweenEasing":0,"x":-37.03,"y":-48.83},{"duration":5,"tweenEasing":0,"x":7.75,"y":-28.15},{"duration":5,"tweenEasing":0,"x":62,"y":1.32},{"duration":0,"x":-29.42,"y":-1.87}]},{"name":"haozhu_datui2","translateFrame":[{"duration":5,"tweenEasing":0,"x":-7.1,"y":0.72},{"duration":10,"tweenEasing":0,"x":-25.53,"y":0.48},{"duration":15,"tweenEasing":0,"x":-9.56,"y":2.49},{"duration":0,"x":-7.1,"y":0.72}]},{"name":"jiao2","translateFrame":[{"duration":5,"tweenEasing":0,"x":-28.16,"y":-1.25},{"duration":5,"tweenEasing":0,"x":-82.48,"y":0.58},{"duration":5,"tweenEasing":0,"x":-109.36,"y":-39.86},{"duration":5,"tweenEasing":0,"x":-80.8,"y":-30.41},{"duration":5,"tweenEasing":0,"x":-18.33,"y":-4.98},{"duration":5,"tweenEasing":0,"x":64.46,"y":-11.66},{"duration":0,"x":-28.16,"y":-1.25}]}]},{"duration":30,"name":"0003_chongci","bone":[{"name":"haozhu_kua","translateFrame":[{"duration":8,"tweenEasing":0,"x":26.51,"y":2.5},{"duration":7,"tweenEasing":0,"x":27.04,"y":-3.79},{"duration":8,"tweenEasing":0,"x":26.51,"y":2.5},{"duration":7,"tweenEasing":0,"x":27.04,"y":-3.79},{"duration":0,"x":26.51,"y":2.5}],"rotateFrame":[{"duration":30,"rotate":5.49}]},{"name":"haozhu_shenti","rotateFrame":[{"duration":8,"tweenEasing":0,"rotate":4.45},{"duration":7,"tweenEasing":0,"rotate":3.79},{"duration":8,"tweenEasing":0,"rotate":4.45},{"duration":7,"tweenEasing":0,"rotate":3.79},{"duration":0,"rotate":4.45}]},{"name":"haozhu_shenti2","rotateFrame":[{"duration":30,"rotate":5.18}]},{"name":"haozhu_tou","rotateFrame":[{"duration":30,"rotate":-10.35}]},{"name":"haozhu_dabi1","translateFrame":[{"duration":20,"tweenEasing":0},{"duration":5,"tweenEasing":0},{"duration":5,"tweenEasing":0,"x":-2.55,"y":1.08},{"duration":0}],"rotateFrame":[{"duration":5,"tweenEasing":0,"rotate":-47.04},{"duration":5,"tweenEasing":0,"rotate":-4.76},{"duration":5,"tweenEasing":0,"rotate":7.65},{"duration":5,"tweenEasing":0,"rotate":-47.04},{"duration":5,"tweenEasing":0,"rotate":-79.62},{"duration":5,"tweenEasing":0,"rotate":-84.39},{"duration":0,"rotate":-47.04}]},{"name":"haozhu_xiaobi1","rotateFrame":[{"duration":10,"tweenEasing":0,"rotate":105.06},{"duration":5,"tweenEasing":0,"rotate":59.87},{"duration":10,"tweenEasing":0,"rotate":105.06},{"duration":5,"tweenEasing":0,"rotate":77.45},{"duration":0,"rotate":105.06}]},{"name":"haozhu_dabi2","translateFrame":[{"duration":30,"x":8.86,"y":-3.16}],"rotateFrame":[{"duration":5,"tweenEasing":0,"rotate":75.25},{"duration":5,"tweenEasing":0,"rotate":4.54},{"duration":5,"tweenEasing":0,"rotate":-1.06},{"duration":5,"tweenEasing":0,"rotate":75.25},{"duration":5,"tweenEasing":0,"rotate":86.3},{"duration":5,"tweenEasing":0,"rotate":100.06},{"duration":0,"rotate":75.25}]},{"name":"haozhu_xiaobi2","rotateFrame":[{"duration":10,"tweenEasing":0,"rotate":44.05},{"duration":5,"tweenEasing":0,"rotate":15.28},{"duration":10,"tweenEasing":0,"rotate":44.05},{"duration":5,"tweenEasing":0,"rotate":28.94},{"duration":0,"rotate":44.05}]},{"name":"tui1","translateFrame":[{"duration":5,"tweenEasing":0,"x":22.42,"y":-41.04},{"duration":5,"tweenEasing":0,"x":73.86,"y":-27.39},{"duration":5,"tweenEasing":0,"x":115.7,"y":-5.9},{"duration":5,"tweenEasing":0,"x":44.22,"y":-1.44},{"duration":5,"tweenEasing":0,"x":-9.97,"y":-7.29},{"duration":5,"tweenEasing":0,"x":-13.03,"y":-60.17},{"duration":0,"x":22.42,"y":-41.04}]},{"name":"haozhu_datui1","translateFrame":[{"duration":5,"tweenEasing":0,"x":0.2,"y":-1.23},{"duration":10,"tweenEasing":0,"x":11.83,"y":-3.89},{"duration":15,"tweenEasing":0,"x":2.14,"y":-1.1},{"duration":0,"x":0.2,"y":-1.23}]},{"name":"haozhu_xiaotui1","translateFrame":[{"duration":5,"tweenEasing":0},{"duration":10,"tweenEasing":0,"x":-8.38,"y":1.28},{"duration":15}]},{"name":"jiao1","translateFrame":[{"duration":5,"tweenEasing":0,"x":-2.05,"y":-28.79},{"duration":5,"tweenEasing":0,"x":65.19,"y":-20.02},{"duration":5,"tweenEasing":0,"x":122.58,"y":-27.76},{"duration":5,"tweenEasing":0,"x":49.51,"y":-9.83},{"duration":5,"tweenEasing":0,"x":-10.19,"y":-7.37},{"duration":5,"tweenEasing":0,"x":-45.71,"y":-51.25},{"duration":0,"x":-2.05,"y":-28.79}]},{"name":"tui2","translateFrame":[{"duration":5,"tweenEasing":0,"x":-29.42,"y":-1.87},{"duration":5,"tweenEasing":0,"x":-80.26,"y":-4.1},{"duration":5,"tweenEasing":0,"x":-74.53,"y":-57.85},{"duration":5,"tweenEasing":0,"x":-37.03,"y":-48.83},{"duration":5,"tweenEasing":0,"x":7.75,"y":-28.15},{"duration":5,"tweenEasing":0,"x":62,"y":1.32},{"duration":0,"x":-29.42,"y":-1.87}]},{"name":"haozhu_datui2","translateFrame":[{"duration":5,"tweenEasing":0,"x":-7.1,"y":0.72},{"duration":10,"tweenEasing":0,"x":-25.53,"y":0.48},{"duration":15,"tweenEasing":0,"x":-9.56,"y":2.49},{"duration":0,"x":-7.1,"y":0.72}]},{"name":"jiao2","translateFrame":[{"duration":5,"tweenEasing":0,"x":-28.16,"y":-1.25},{"duration":5,"tweenEasing":0,"x":-82.48,"y":0.58},{"duration":5,"tweenEasing":0,"x":-109.36,"y":-39.86},{"duration":5,"tweenEasing":0,"x":-80.8,"y":-30.41},{"duration":5,"tweenEasing":0,"x":-18.33,"y":-4.98},{"duration":5,"tweenEasing":0,"x":64.46,"y":-11.66},{"duration":0,"x":-28.16,"y":-1.25}]}]},{"duration":0,"name":"0004_tiaoyue_yanshi","bone":[{"name":"haozhu_kua","translateFrame":[{"duration":0,"x":2.02,"y":-17.57}]},{"name":"haozhu_shenti","rotateFrame":[{"duration":0,"rotate":-0.93}]},{"name":"haozhu_shenti2","translateFrame":[{"duration":0,"x":-0.73,"y":0.65}]},{"name":"haozhu_tou","rotateFrame":[{"duration":0,"rotate":9.27}]},{"name":"haozhu_dabi1","rotateFrame":[{"duration":0,"rotate":1.47}]},{"name":"haozhu_xiaobi1","rotateFrame":[{"duration":0,"rotate":-10.67}]},{"name":"haozhu_dabi2","rotateFrame":[{"duration":0,"rotate":-20.16}]},{"name":"haozhu_xiaobi2","rotateFrame":[{"duration":0,"rotate":-16.23}]},{"name":"tui1","translateFrame":[{"duration":0,"x":12.16,"y":-12.84}]},{"name":"jiao1","translateFrame":[{"duration":0,"x":-2.02,"y":-4.05}]},{"name":"tui2","translateFrame":[{"duration":0,"x":8.78,"y":-14.19}]},{"name":"jiao2","translateFrame":[{"duration":0,"x":1.35}]}]},{"duration":0,"name":"0005_tiaoyueshang","bone":[{"name":"haozhu_kua","translateFrame":[{"duration":0,"x":2.02,"y":-17.57}]},{"name":"haozhu_shenti","rotateFrame":[{"duration":0,"rotate":-0.93}]},{"name":"haozhu_shenti2","translateFrame":[{"duration":0,"x":-0.73,"y":0.65}]},{"name":"haozhu_tou","rotateFrame":[{"duration":0,"rotate":9.27}]},{"name":"haozhu_dabi1","rotateFrame":[{"duration":0,"rotate":1.47}]},{"name":"haozhu_xiaobi1","rotateFrame":[{"duration":0,"rotate":-10.67}]},{"name":"haozhu_dabi2","rotateFrame":[{"duration":0,"rotate":-20.16}]},{"name":"haozhu_xiaobi2","rotateFrame":[{"duration":0,"rotate":-16.23}]},{"name":"tui1","translateFrame":[{"duration":0,"x":12.16,"y":-12.84}]},{"name":"jiao1","translateFrame":[{"duration":0,"x":-2.02,"y":-4.05}]},{"name":"tui2","translateFrame":[{"duration":0,"x":8.78,"y":-14.19}]},{"name":"jiao2","translateFrame":[{"duration":0,"x":1.35}]}]},{"duration":0,"name":"0006_tiaoyuezhong","bone":[{"name":"haozhu_kua","translateFrame":[{"duration":0,"x":2.02,"y":-17.57}]},{"name":"haozhu_shenti","rotateFrame":[{"duration":0,"rotate":-0.93}]},{"name":"haozhu_shenti2","translateFrame":[{"duration":0,"x":-0.73,"y":0.65}]},{"name":"haozhu_tou","rotateFrame":[{"duration":0,"rotate":9.27}]},{"name":"haozhu_dabi1","rotateFrame":[{"duration":0,"rotate":1.47}]},{"name":"haozhu_xiaobi1","rotateFrame":[{"duration":0,"rotate":-10.67}]},{"name":"haozhu_dabi2","rotateFrame":[{"duration":0,"rotate":-20.16}]},{"name":"haozhu_xiaobi2","rotateFrame":[{"duration":0,"rotate":-16.23}]},{"name":"tui1","translateFrame":[{"duration":0,"x":12.16,"y":-12.84}]},{"name":"jiao1","translateFrame":[{"duration":0,"x":-2.02,"y":-4.05}]},{"name":"tui2","translateFrame":[{"duration":0,"x":8.78,"y":-14.19}]},{"name":"jiao2","translateFrame":[{"duration":0,"x":1.35}]}]},{"duration":0,"name":"0007_tiaoyuexia","bone":[{"name":"haozhu_kua","translateFrame":[{"duration":0,"x":2.02,"y":-17.57}]},{"name":"haozhu_shenti","rotateFrame":[{"duration":0,"rotate":-0.93}]},{"name":"haozhu_shenti2","translateFrame":[{"duration":0,"x":-0.73,"y":0.65}]},{"name":"haozhu_tou","rotateFrame":[{"duration":0,"rotate":9.27}]},{"name":"haozhu_dabi1","rotateFrame":[{"duration":0,"rotate":1.47}]},{"name":"haozhu_xiaobi1","rotateFrame":[{"duration":0,"rotate":-10.67}]},{"name":"haozhu_dabi2","rotateFrame":[{"duration":0,"rotate":-20.16}]},{"name":"haozhu_xiaobi2","rotateFrame":[{"duration":0,"rotate":-16.23}]},{"name":"tui1","translateFrame":[{"duration":0,"x":12.16,"y":-12.84}]},{"name":"jiao1","translateFrame":[{"duration":0,"x":-2.02,"y":-4.05}]},{"name":"tui2","translateFrame":[{"duration":0,"x":8.78,"y":-14.19}]},{"name":"jiao2","translateFrame":[{"duration":0,"x":1.35}]}]},{"duration":15,"name":"0008_shouji1","bone":[{"name":"root","translateFrame":[{"duration":3,"curve":[0.32,0,0.654,0.34]},{"duration":12,"curve":[0.297,0.12,0.635,0.48],"x":-17.02},{"duration":0}]},{"name":"haozhu_kua","translateFrame":[{"duration":3,"curve":[0.32,0,0.654,0.34]},{"duration":12,"curve":[0.297,0.12,0.635,0.48],"x":1.21,"y":6.08},{"duration":0}],"rotateFrame":[{"duration":3,"curve":[0.32,0,0.654,0.34]},{"duration":12,"curve":[0.297,0.12,0.635,0.48],"rotate":6.21},{"duration":0}]},{"name":"haozhu_shenti","rotateFrame":[{"duration":3,"curve":[0.32,0,0.654,0.34]},{"duration":12,"curve":[0.297,0.12,0.635,0.48],"rotate":0.84},{"duration":0}]},{"name":"haozhu_shenti2","rotateFrame":[{"duration":5,"curve":[0.313,0,0.647,0.34]},{"duration":10,"curve":[0.305,0.18,0.641,0.53],"rotate":5.52},{"duration":0}]},{"name":"haozhu_tou","rotateFrame":[{"duration":8,"curve":[0.303,0,0.638,0.35]},{"duration":7,"curve":[0.315,0.24,0.65,0.58],"rotate":11.28},{"duration":0}]},{"name":"haozhu_dabi1","rotateFrame":[{"duration":3,"curve":[0.32,0,0.654,0.34]},{"duration":12,"curve":[0.305,0.18,0.641,0.53],"rotate":-28.95},{"duration":0}]},{"name":"haozhu_xiaobi1","rotateFrame":[{"duration":7,"curve":[0.306,0,0.641,0.35]},{"duration":8,"curve":[0.312,0.22,0.647,0.57],"rotate":-6.75},{"duration":0}]},{"name":"haozhu_dabi2","rotateFrame":[{"duration":3,"curve":[0.32,0,0.654,0.34]},{"duration":12,"curve":[0.297,0.12,0.635,0.48],"rotate":6.7},{"duration":0}]},{"name":"haozhu_xiaobi2","rotateFrame":[{"duration":7,"curve":[0.306,0,0.641,0.35]},{"duration":8,"curve":[0.312,0.22,0.647,0.57],"rotate":-29.05},{"duration":0}]}]},{"duration":15,"name":"0009_shouji2","bone":[{"name":"root","translateFrame":[{"duration":3,"curve":[0.33,0,0.664,0.33]},{"duration":12,"curve":[0.323,0.11,0.657,0.45],"x":-17.73},{"duration":0}]},{"name":"haozhu_kua","translateFrame":[{"duration":5,"curve":[0.329,0,0.663,0.33]},{"duration":10,"curve":[0.328,0.205,0.661,0.54],"x":-13.11,"y":-3.85},{"duration":0}],"rotateFrame":[{"duration":5,"curve":[0.329,0,0.663,0.33]},{"duration":10,"curve":[0.328,0.205,0.661,0.54],"rotate":-0.02},{"duration":0}]},{"name":"haozhu_shenti","rotateFrame":[{"duration":7,"curve":[0.327,0,0.66,0.33]},{"duration":8,"curve":[0.326,0.21,0.66,0.54],"rotate":-5.61},{"duration":0}]},{"name":"haozhu_shenti2","rotateFrame":[{"duration":7,"curve":[0.323,0,0.657,0.34]},{"duration":8,"curve":[0.323,0.21,0.657,0.55],"rotate":-2.47},{"duration":0}]},{"name":"haozhu_tou","rotateFrame":[{"duration":10,"curve":[0.312,0,0.646,0.34]},{"duration":5,"curve":[0.324,0.27,0.658,0.6],"rotate":-20.69},{"duration":0}]},{"name":"haozhu_dabi1","rotateFrame":[{"duration":3,"curve":[0.33,0,0.664,0.33]},{"duration":12,"curve":[0.324,0.14,0.657,0.48],"rotate":-33.57},{"duration":0}]},{"name":"haozhu_xiaobi1","rotateFrame":[{"duration":7,"curve":[0.319,0,0.653,0.34]},{"duration":8,"curve":[0.32,0.21,0.654,0.55],"rotate":51.42},{"duration":0}]},{"name":"haozhu_dabi2","rotateFrame":[{"duration":3,"curve":[0.33,0,0.664,0.33]},{"duration":12,"curve":[0.323,0.11,0.657,0.45],"rotate":-3.01},{"duration":0}]},{"name":"haozhu_xiaobi2","rotateFrame":[{"duration":7,"curve":[0.319,0,0.653,0.34]},{"duration":8,"curve":[0.32,0.21,0.654,0.55],"rotate":53.03},{"duration":0}]},{"name":"1","rotateFrame":[{"duration":3,"curve":[0.32,0,0.654,0.34]},{"duration":12,"curve":[0.297,0.12,0.635,0.48],"rotate":0.28},{"duration":0}]}]},{"duration":15,"name":"0010_fukongdaodi_yanshi","bone":[{"name":"haozhu_kua","translateFrame":[{"duration":3,"curve":[0.33,0,0.664,0.33],"x":-0.58,"y":-16.32},{"duration":3,"curve":[0.329,0,0.663,0.33],"x":-0.58,"y":-16.32},{"duration":3,"curve":[0.329,0,0.663,0.33],"x":7.6,"y":24.29},{"duration":6,"curve":[0.328,0,0.662,0.33],"x":6.88,"y":75.88},{"duration":0,"x":7.29,"y":76}],"rotateFrame":[{"duration":3,"curve":[0.33,0,0.664,0.33]},{"duration":3,"curve":[0.329,0,0.663,0.33],"rotate":-17.34},{"duration":3,"curve":[0.329,0,0.663,0.33],"rotate":-38.62},{"duration":6,"rotate":-74.62}]},{"name":"haozhu_shenti","rotateFrame":[{"duration":3},{"duration":3,"curve":[0.327,0,0.66,0.33]},{"duration":3,"rotate":-4.76},{"duration":6,"curve":[0.327,0,0.66,0.33],"rotate":-4.76},{"duration":0,"rotate":-15.19}]},{"name":"haozhu_shenti2","rotateFrame":[{"duration":3,"rotate":3.79},{"duration":3,"curve":[0.323,0,0.657,0.34],"rotate":3.79},{"duration":3,"curve":[0.323,0,0.657,0.34],"rotate":11.41},{"duration":6,"curve":[0.323,0,0.657,0.34],"rotate":9.26},{"duration":0,"rotate":-3.85}]},{"name":"haozhu_tou","rotateFrame":[{"duration":3,"curve":[0.312,0,0.646,0.34],"rotate":8.54},{"duration":3,"curve":[0.312,0,0.646,0.34],"rotate":17.59},{"duration":3,"curve":[0.312,0,0.646,0.34],"rotate":12.04},{"duration":6,"curve":[0.312,0,0.646,0.34],"rotate":15.24},{"duration":0,"rotate":-14.6}]},{"name":"haozhu_dabi1","rotateFrame":[{"duration":3,"curve":[0.33,0,0.664,0.33],"rotate":-17.68},{"duration":3,"curve":[0.33,0,0.664,0.33],"rotate":-45.01},{"duration":3,"curve":[0.33,0,0.664,0.33],"rotate":-87.29},{"duration":6,"curve":[0.33,0,0.664,0.33],"rotate":-120.58},{"duration":0,"rotate":-23.31}]},{"name":"haozhu_xiaobi1","rotateFrame":[{"duration":3,"curve":[0.319,0,0.653,0.34],"rotate":66.07},{"duration":3,"curve":[0.319,0,0.653,0.34],"rotate":103.2},{"duration":9,"rotate":122.81}]},{"name":"haozhu_dabi2","rotateFrame":[{"duration":3,"curve":[0.33,0,0.664,0.33],"rotate":2.48},{"duration":3,"curve":[0.33,0,0.664,0.33],"rotate":-19.15},{"duration":3,"curve":[0.33,0,0.664,0.33],"rotate":-59.68},{"duration":6,"curve":[0.33,0,0.664,0.33],"rotate":-62.26},{"duration":0,"rotate":53.21}]},{"name":"haozhu_xiaobi2","rotateFrame":[{"duration":3,"curve":[0.319,0,0.653,0.34],"rotate":54.8},{"duration":3,"curve":[0.319,0,0.653,0.34],"rotate":59.1},{"duration":9,"rotate":73.24}]},{"name":"haozhu_datui1","rotateFrame":[{"duration":3,"curve":[0.284,0,0.625,0.38],"rotate":-8.5},{"duration":3,"curve":[0.284,0,0.625,0.38],"rotate":-12.33},{"duration":3,"rotate":-31.65},{"duration":6,"curve":[0.284,0,0.625,0.38],"rotate":-31.65},{"duration":0,"rotate":-9.16}]},{"name":"haozhu_xiaotui1","rotateFrame":[{"duration":3,"curve":[0.284,0,0.625,0.38],"rotate":31.19},{"duration":3,"curve":[0.284,0,0.625,0.38],"rotate":40.69},{"duration":3,"curve":[0.284,0,0.625,0.38],"rotate":28.66},{"duration":6,"rotate":8.54}]},{"name":"haozhu_jiao1","rotateFrame":[{"duration":3,"rotate":23.26},{"duration":3,"curve":[0.284,0,0.625,0.38],"rotate":23.26},{"duration":3,"curve":[0.284,0,0.625,0.38],"rotate":33.46},{"duration":6,"rotate":52.74}]},{"name":"haozhu_datui2","rotateFrame":[{"duration":3,"curve":[0.284,0,0.625,0.38],"rotate":-22.03},{"duration":3,"curve":[0.284,0,0.625,0.38],"rotate":-27.53},{"duration":3,"curve":[0.284,0,0.625,0.38],"rotate":-52.75},{"duration":6,"curve":[0.284,0,0.625,0.38],"rotate":-47.38},{"duration":0,"rotate":-19.82}]},{"name":"haozhu_xiaotui2","rotateFrame":[{"duration":3,"curve":[0.284,0,0.625,0.38],"rotate":34.45},{"duration":3,"curve":[0.284,0,0.625,0.38],"rotate":39.14},{"duration":3,"curve":[0.284,0,0.625,0.38],"rotate":24.55},{"duration":6,"curve":[0.284,0,0.625,0.38],"rotate":14.15},{"duration":0,"rotate":48.31}]},{"name":"haozhu_jiao3","rotateFrame":[{"duration":3,"rotate":30.73},{"duration":3,"curve":[0.284,0,0.625,0.38],"rotate":30.73},{"duration":9,"rotate":45.13}]},{"name":"gw_017_haozhu_pz","translateFrame":[{"duration":6,"tweenEasing":0},{"duration":3,"tweenEasing":0,"x":-14.31,"y":-16.46},{"duration":6,"tweenEasing":0,"x":-32.21,"y":8.59},{"duration":0,"x":-46.53,"y":13.6}],"scaleFrame":[{"duration":6,"tweenEasing":0},{"duration":3,"tweenEasing":0,"x":2.48,"y":0.71},{"duration":6,"tweenEasing":0,"x":2.48,"y":0.46},{"duration":0,"x":3,"y":0.31}]}],"ik":[{"name":"tui2","frame":[{"duration":15,"weight":0}]},{"name":"tui1","frame":[{"duration":15,"weight":0}]},{"name":"jiao1","frame":[{"duration":15,"bendPositive":false,"weight":0}]},{"name":"jiao2","frame":[{"duration":15,"bendPositive":false,"weight":0}]}]},{"duration":3,"name":"0011_jifeishangsheng","bone":[{"name":"haozhu_kua","translateFrame":[{"duration":3,"x":-0.58,"y":-16.32}],"rotateFrame":[{"duration":3,"curve":[0.33,0,0.664,0.33]},{"duration":0,"rotate":-17.34}]},{"name":"haozhu_shenti2","rotateFrame":[{"duration":3,"rotate":3.79}]},{"name":"haozhu_tou","rotateFrame":[{"duration":3,"curve":[0.312,0,0.646,0.34],"rotate":8.54},{"duration":0,"rotate":17.59}]},{"name":"haozhu_dabi1","rotateFrame":[{"duration":3,"curve":[0.33,0,0.664,0.33],"rotate":-17.68},{"duration":0,"rotate":-45}]},{"name":"haozhu_xiaobi1","rotateFrame":[{"duration":3,"curve":[0.319,0,0.653,0.34],"rotate":66.07},{"duration":0,"rotate":103.2}]},{"name":"haozhu_dabi2","rotateFrame":[{"duration":3,"curve":[0.33,0,0.664,0.33],"rotate":2.48},{"duration":0,"rotate":-19.15}]},{"name":"haozhu_xiaobi2","rotateFrame":[{"duration":3,"curve":[0.319,0,0.653,0.34],"rotate":54.8},{"duration":0,"rotate":59.1}]},{"name":"haozhu_datui1","rotateFrame":[{"duration":3,"curve":[0.284,0,0.625,0.38],"rotate":-8.5},{"duration":0,"rotate":-12.33}]},{"name":"haozhu_xiaotui1","rotateFrame":[{"duration":3,"curve":[0.284,0,0.625,0.38],"rotate":31.19},{"duration":0,"rotate":40.69}]},{"name":"haozhu_jiao1","rotateFrame":[{"duration":3,"rotate":23.26}]},{"name":"haozhu_datui2","rotateFrame":[{"duration":3,"curve":[0.284,0,0.625,0.38],"rotate":-22.03},{"duration":0,"rotate":-27.53}]},{"name":"haozhu_xiaotui2","rotateFrame":[{"duration":3,"curve":[0.284,0,0.625,0.38],"rotate":34.45},{"duration":0,"rotate":39.14}]},{"name":"haozhu_jiao3","rotateFrame":[{"duration":3,"rotate":30.73}]},{"name":"gw_017_haozhu_pz","translateFrame":[{"duration":3,"tweenEasing":0},{"duration":0,"x":-7.15,"y":-8.23}],"scaleFrame":[{"duration":3,"tweenEasing":0},{"duration":0,"x":1.74,"y":0.86}]}],"ik":[{"name":"tui1","frame":[{"duration":3,"weight":0}]},{"name":"jiao1","frame":[{"duration":3,"bendPositive":false,"weight":0}]}]},{"duration":0,"name":"0012_jifeixialuo","bone":[{"name":"haozhu_kua","translateFrame":[{"duration":0,"x":7.6,"y":24.29}],"rotateFrame":[{"duration":0,"rotate":-38.62}]},{"name":"haozhu_shenti","rotateFrame":[{"duration":0,"rotate":-4.76}]},{"name":"haozhu_shenti2","rotateFrame":[{"duration":0,"rotate":11.41}]},{"name":"haozhu_tou","rotateFrame":[{"duration":0,"rotate":12.04}]},{"name":"haozhu_dabi1","rotateFrame":[{"duration":0,"rotate":-87.29}]},{"name":"haozhu_xiaobi1","rotateFrame":[{"duration":0,"rotate":122.81}]},{"name":"haozhu_dabi2","rotateFrame":[{"duration":0,"rotate":-59.68}]},{"name":"haozhu_xiaobi2","rotateFrame":[{"duration":0,"rotate":73.24}]},{"name":"haozhu_datui1","rotateFrame":[{"duration":0,"rotate":-31.65}]},{"name":"haozhu_xiaotui1","rotateFrame":[{"duration":0,"rotate":28.66}]},{"name":"haozhu_jiao1","rotateFrame":[{"duration":0,"rotate":33.46}]},{"name":"haozhu_datui2","rotateFrame":[{"duration":0,"rotate":-52.75}]},{"name":"haozhu_xiaotui2","rotateFrame":[{"duration":0,"rotate":24.55}]},{"name":"haozhu_jiao3","rotateFrame":[{"duration":0,"rotate":45.13}]},{"name":"gw_017_haozhu_pz","translateFrame":[{"duration":0,"x":-14.31,"y":-16.46}],"scaleFrame":[{"duration":0,"x":2.48,"y":0.71}]}],"ik":[{"name":"tui2","frame":[{"duration":0,"weight":0}]},{"name":"tui1","frame":[{"duration":0,"weight":0}]},{"name":"jiao1","frame":[{"duration":0,"bendPositive":false,"weight":0}]},{"name":"jiao2","frame":[{"duration":0,"bendPositive":false,"weight":0}]}]},{"duration":6,"name":"0013_daodi","bone":[{"name":"haozhu_kua","translateFrame":[{"duration":6,"curve":[0.328,0,0.662,0.33],"x":6.88,"y":75.88},{"duration":0,"x":7.29,"y":76}],"rotateFrame":[{"duration":6,"rotate":-74.62}]},{"name":"haozhu_shenti","rotateFrame":[{"duration":6,"curve":[0.327,0,0.66,0.33],"rotate":-4.76},{"duration":0,"rotate":-15.19}]},{"name":"haozhu_shenti2","rotateFrame":[{"duration":6,"curve":[0.323,0,0.657,0.34],"rotate":9.26},{"duration":0,"rotate":-3.85}]},{"name":"haozhu_tou","rotateFrame":[{"duration":6,"curve":[0.312,0,0.646,0.34],"rotate":15.24},{"duration":0,"rotate":-14.6}]},{"name":"haozhu_dabi1","rotateFrame":[{"duration":6,"curve":[0.33,0,0.664,0.33],"rotate":-120.58},{"duration":0,"rotate":-23.31}]},{"name":"haozhu_xiaobi1","rotateFrame":[{"duration":6,"rotate":122.81}]},{"name":"haozhu_dabi2","rotateFrame":[{"duration":6,"curve":[0.33,0,0.664,0.33],"rotate":-62.26},{"duration":0,"rotate":53.21}]},{"name":"haozhu_xiaobi2","rotateFrame":[{"duration":6,"rotate":73.24}]},{"name":"haozhu_datui1","rotateFrame":[{"duration":6,"curve":[0.284,0,0.625,0.38],"rotate":-31.65},{"duration":0,"rotate":-9.16}]},{"name":"haozhu_xiaotui1","rotateFrame":[{"duration":6,"rotate":8.54}]},{"name":"haozhu_jiao1","rotateFrame":[{"duration":6,"rotate":52.74}]},{"name":"haozhu_datui2","rotateFrame":[{"duration":6,"curve":[0.284,0,0.625,0.38],"rotate":-47.38},{"duration":0,"rotate":-19.82}]},{"name":"haozhu_xiaotui2","rotateFrame":[{"duration":6,"curve":[0.284,0,0.625,0.38],"rotate":14.15},{"duration":0,"rotate":48.31}]},{"name":"haozhu_jiao3","rotateFrame":[{"duration":6,"rotate":45.13}]},{"name":"gw_017_haozhu_pz","translateFrame":[{"duration":6,"tweenEasing":0,"x":-32.21,"y":8.59},{"duration":0,"x":-46.53,"y":13.6}],"scaleFrame":[{"duration":6,"tweenEasing":0,"x":2.48,"y":0.46},{"duration":0,"x":3,"y":0.31}]}],"ik":[{"name":"tui2","frame":[{"duration":6,"weight":0}]},{"name":"tui1","frame":[{"duration":6,"weight":0}]},{"name":"jiao1","frame":[{"duration":6,"bendPositive":false,"weight":0}]},{"name":"jiao2","frame":[{"duration":6,"bendPositive":false,"weight":0}]}]},{"duration":0,"name":"0014_siwang","bone":[{"name":"haozhu_kua","translateFrame":[{"duration":0,"x":7.29,"y":76}],"rotateFrame":[{"duration":0,"rotate":-74.62}]},{"name":"haozhu_shenti","rotateFrame":[{"duration":0,"rotate":-15.19}]},{"name":"haozhu_shenti2","rotateFrame":[{"duration":0,"rotate":-3.85}]},{"name":"haozhu_tou","rotateFrame":[{"duration":0,"rotate":-14.6}]},{"name":"haozhu_dabi1","rotateFrame":[{"duration":0,"rotate":-23.31}]},{"name":"haozhu_xiaobi1","rotateFrame":[{"duration":0,"rotate":122.81}]},{"name":"haozhu_dabi2","rotateFrame":[{"duration":0,"rotate":53.21}]},{"name":"haozhu_xiaobi2","rotateFrame":[{"duration":0,"rotate":73.24}]},{"name":"haozhu_datui1","rotateFrame":[{"duration":0,"rotate":-9.16}]},{"name":"haozhu_xiaotui1","rotateFrame":[{"duration":0,"rotate":8.54}]},{"name":"haozhu_jiao1","rotateFrame":[{"duration":0,"rotate":52.74}]},{"name":"haozhu_datui2","rotateFrame":[{"duration":0,"rotate":-19.82}]},{"name":"haozhu_xiaotui2","rotateFrame":[{"duration":0,"rotate":48.31}]},{"name":"haozhu_jiao3","rotateFrame":[{"duration":0,"rotate":45.13}]},{"name":"gw_017_haozhu_pz","translateFrame":[{"duration":0,"x":-46.53,"y":13.6}],"scaleFrame":[{"duration":0,"x":3,"y":0.31}]}],"ik":[{"name":"tui2","frame":[{"duration":0,"weight":0}]},{"name":"tui1","frame":[{"duration":0,"weight":0}]},{"name":"jiao1","frame":[{"duration":0,"bendPositive":false,"weight":0}]},{"name":"jiao2","frame":[{"duration":0,"bendPositive":false,"weight":0}]}]},{"duration":3,"name":"0015_daodiqishen","bone":[{"name":"haozhu_kua","translateFrame":[{"duration":3,"curve":[0.329,0,0.663,0.33],"x":7.29,"y":76},{"duration":0,"x":7.29,"y":84.59}],"rotateFrame":[{"duration":3,"curve":[0.329,0,0.663,0.33],"rotate":-74.62},{"duration":0,"rotate":-46.01}]},{"name":"haozhu_shenti","rotateFrame":[{"duration":3,"curve":[0.327,0,0.66,0.33],"rotate":-15.19},{"duration":0,"rotate":-11}]},{"name":"haozhu_shenti2","rotateFrame":[{"duration":3,"curve":[0.323,0,0.657,0.34],"rotate":-3.85},{"duration":0,"rotate":30.36}]},{"name":"haozhu_tou","rotateFrame":[{"duration":3,"curve":[0.312,0,0.646,0.34],"rotate":-14.6},{"duration":0,"rotate":7.97}]},{"name":"haozhu_dabi1","rotateFrame":[{"duration":3,"curve":[0.33,0,0.664,0.33],"rotate":-23.31},{"duration":0,"rotate":-16.09}]},{"name":"haozhu_xiaobi1","rotateFrame":[{"duration":3,"curve":[0.319,0,0.653,0.34],"rotate":122.81},{"duration":0,"rotate":71.63}]},{"name":"haozhu_dabi2","rotateFrame":[{"duration":3,"curve":[0.33,0,0.664,0.33],"rotate":53.21},{"duration":0,"rotate":5.29}]},{"name":"haozhu_xiaobi2","rotateFrame":[{"duration":3,"rotate":73.24}]},{"name":"haozhu_datui1","rotateFrame":[{"duration":3,"curve":[0.284,0,0.625,0.38],"rotate":-9.16},{"duration":0,"rotate":-41.72}]},{"name":"haozhu_xiaotui1","rotateFrame":[{"duration":3,"curve":[0.284,0,0.625,0.38],"rotate":8.54},{"duration":0,"rotate":13.87}]},{"name":"haozhu_jiao1","rotateFrame":[{"duration":3,"rotate":52.74}]},{"name":"haozhu_datui2","rotateFrame":[{"duration":3,"curve":[0.284,0,0.625,0.38],"rotate":-19.82},{"duration":0,"rotate":-72.14}]},{"name":"haozhu_xiaotui2","rotateFrame":[{"duration":3,"curve":[0.284,0,0.625,0.38],"rotate":48.31},{"duration":0,"rotate":98.48}]},{"name":"haozhu_jiao3","rotateFrame":[{"duration":3,"curve":[0.284,0,0.625,0.38],"rotate":45.13},{"duration":0,"rotate":31.03}]},{"name":"gw_017_haozhu_pz","translateFrame":[{"duration":3,"tweenEasing":0,"x":-46.53,"y":13.6},{"duration":0,"x":-15.03,"y":12.17}],"scaleFrame":[{"duration":3,"tweenEasing":0,"x":3,"y":0.31},{"duration":0,"x":2.41,"y":0.63}]}],"ik":[{"name":"tui2","frame":[{"duration":3,"weight":0}]},{"name":"tui1","frame":[{"duration":3,"weight":0}]},{"name":"jiao1","frame":[{"duration":3,"bendPositive":false,"weight":0}]},{"name":"jiao2","frame":[{"duration":3,"bendPositive":false,"weight":0}]}]},{"duration":60,"name":"0016_xuruo","bone":[{"name":"haozhu_kua","translateFrame":[{"duration":30,"curve":[0.25,0,0.75,1]},{"duration":30,"curve":[0.25,0,0.75,1],"x":1.43,"y":1.43},{"duration":0}]},{"name":"haozhu_shenti","rotateFrame":[{"duration":30,"curve":[0.25,0,0.75,1]},{"duration":30,"curve":[0.25,0,0.75,1],"rotate":0.96},{"duration":0}]},{"name":"haozhu_shenti2","rotateFrame":[{"duration":30,"curve":[0.25,0,0.75,1],"rotate":11.41},{"duration":30,"curve":[0.25,0,0.75,1],"rotate":13},{"duration":0,"rotate":11.41}]},{"name":"haozhu_tou","rotateFrame":[{"duration":30,"curve":[0.25,0,0.75,1],"rotate":7.21},{"duration":30,"curve":[0.25,0,0.75,1],"rotate":9.13},{"duration":0,"rotate":7.21}]},{"name":"haozhu_dabi1","rotateFrame":[{"duration":30,"curve":[0.25,0,0.75,1],"rotate":-27.52},{"duration":30,"curve":[0.25,0,0.75,1],"rotate":-26},{"duration":0,"rotate":-27.52}]},{"name":"haozhu_xiaobi1","rotateFrame":[{"duration":30,"curve":[0.25,0,0.75,1],"rotate":121.48},{"duration":30,"curve":[0.25,0,0.75,1],"rotate":113.54},{"duration":0,"rotate":121.48}]},{"name":"haozhu_shou1","rotateFrame":[{"duration":30,"curve":[0.25,0,0.75,1]},{"duration":30,"curve":[0.25,0,0.75,1],"rotate":2.78},{"duration":0}]},{"name":"haozhu_dabi2","rotateFrame":[{"duration":30,"curve":[0.25,0,0.75,1],"rotate":12.66},{"duration":30,"curve":[0.25,0,0.75,1],"rotate":11.2},{"duration":0,"rotate":12.66}]},{"name":"haozhu_xiaobi2","rotateFrame":[{"duration":30,"curve":[0.25,0,0.75,1],"rotate":74.34},{"duration":30,"curve":[0.25,0,0.75,1],"rotate":69.04},{"duration":0,"rotate":74.34}]},{"name":"haozhu_shou2","rotateFrame":[{"duration":30,"curve":[0.25,0,0.75,1]},{"duration":30,"curve":[0.25,0,0.75,1],"rotate":8.7},{"duration":0}]}]},{"duration":30,"name":"0017_shengli","bone":[{"name":"haozhu_kua","translateFrame":[{"duration":10,"curve":[0.264,0,0.617,0.42]},{"duration":5,"curve":[0.33799999999999997,0.35,0.7090000000000001,0.825],"x":-3.64,"y":5.83},{"duration":5,"x":9.84,"y":-5.39},{"duration":10,"curve":[0.374,0.5,0.749,1],"x":9.84,"y":-5.39},{"duration":0}],"rotateFrame":[{"duration":10,"curve":[0.264,0,0.617,0.42]},{"duration":10,"curve":[0.33799999999999997,0.35,0.7090000000000001,0.825],"rotate":7.99},{"duration":10,"curve":[0.374,0.5,0.749,1],"rotate":7.99},{"duration":0}]},{"name":"haozhu_shenti2","rotateFrame":[{"duration":10,"curve":[0.264,0,0.617,0.42]},{"duration":5,"curve":[0.325,0.3,0.662,0.65],"rotate":3.85},{"duration":5,"rotate":-2.32},{"duration":10,"curve":[0.374,0.5,0.749,1],"rotate":-2.32},{"duration":0}]},{"name":"haozhu_tou","rotateFrame":[{"duration":10,"curve":[0.264,0,0.617,0.42]},{"duration":5,"curve":[0.325,0.3,0.662,0.65],"rotate":4.93},{"duration":5,"rotate":-15.66},{"duration":10,"curve":[0.374,0.5,0.749,1],"rotate":-15.66},{"duration":0}]},{"name":"haozhu_dabi1","rotateFrame":[{"duration":10,"curve":[0.264,0,0.617,0.42]},{"duration":5,"curve":[0.325,0.3,0.662,0.65],"rotate":-48.96},{"duration":5,"rotate":3.54},{"duration":10,"curve":[0.374,0.5,0.749,1],"rotate":3.54},{"duration":0}]},{"name":"haozhu_xiaobi1","rotateFrame":[{"duration":10,"curve":[0.264,0,0.617,0.42]},{"duration":5,"curve":[0.325,0.3,0.662,0.65],"rotate":51.54},{"duration":5,"rotate":116.25},{"duration":10,"curve":[0.374,0.5,0.749,1],"rotate":116.25},{"duration":0}]},{"name":"haozhu_dabi2","rotateFrame":[{"duration":10,"curve":[0.264,0,0.617,0.42]},{"duration":5,"curve":[0.325,0.3,0.662,0.65],"rotate":50.24},{"duration":5,"rotate":-125.84},{"duration":10,"curve":[0.374,0.5,0.749,1],"rotate":-125.84},{"duration":0}]},{"name":"haozhu_xiaobi2","rotateFrame":[{"duration":15,"curve":[0.25,0,0.625,0.5]},{"duration":5,"rotate":65.38},{"duration":10,"curve":[0.375,0.5,0.75,1],"rotate":65.38},{"duration":0}]}]},{"duration":0,"name":"0018_dingshen","bone":[{"name":"haozhu_kua","translateFrame":[{"duration":0,"x":1.21,"y":6.08}],"rotateFrame":[{"duration":0,"rotate":6.21}]},{"name":"haozhu_shenti","rotateFrame":[{"duration":0,"rotate":0.84}]},{"name":"haozhu_shenti2","rotateFrame":[{"duration":0,"rotate":5.52}]},{"name":"haozhu_tou","rotateFrame":[{"duration":0,"rotate":11.28}]},{"name":"haozhu_dabi1","rotateFrame":[{"duration":0,"rotate":-28.95}]},{"name":"haozhu_xiaobi1","rotateFrame":[{"duration":0,"rotate":-6.75}]},{"name":"haozhu_dabi2","rotateFrame":[{"duration":0,"rotate":6.7}]},{"name":"haozhu_xiaobi2","rotateFrame":[{"duration":0,"rotate":-29.05}]}]},{"duration":0,"name":"0019_gedang","bone":[{"name":"haozhu_kua","translateFrame":[{"duration":0,"x":-1.45,"y":7.29}]},{"name":"haozhu_tou","rotateFrame":[{"duration":0,"rotate":7.85}]},{"name":"haozhu_dabi1","rotateFrame":[{"duration":0,"rotate":-100.1}]},{"name":"haozhu_xiaobi1","rotateFrame":[{"duration":0,"rotate":46.54}]},{"name":"haozhu_dabi2","translateFrame":[{"duration":0,"x":0.15,"y":-14.02}],"rotateFrame":[{"duration":0,"rotate":-33.63}]},{"name":"haozhu_xiaobi2","rotateFrame":[{"duration":0,"rotate":-6.91}]},{"name":"haozhu_shou2","rotateFrame":[{"duration":0,"rotate":-5.63}]}]},{"duration":0,"name":"0020_wu","bone":[{"name":"haozhu_kua","translateFrame":[{"duration":0,"x":-1.45,"y":7.29}]},{"name":"haozhu_tou","rotateFrame":[{"duration":0,"rotate":7.85}]},{"name":"haozhu_dabi1","rotateFrame":[{"duration":0,"rotate":-100.1}]},{"name":"haozhu_xiaobi1","rotateFrame":[{"duration":0,"rotate":46.54}]},{"name":"haozhu_dabi2","translateFrame":[{"duration":0,"x":0.15,"y":-14.02}],"rotateFrame":[{"duration":0,"rotate":-33.63}]},{"name":"haozhu_xiaobi2","rotateFrame":[{"duration":0,"rotate":-6.91}]},{"name":"haozhu_shou2","rotateFrame":[{"duration":0,"rotate":-5.63}]}]},{"duration":0,"name":"0021_wu","bone":[{"name":"haozhu_kua","translateFrame":[{"duration":0,"x":-1.45,"y":7.29}]},{"name":"haozhu_tou","rotateFrame":[{"duration":0,"rotate":7.85}]},{"name":"haozhu_dabi1","rotateFrame":[{"duration":0,"rotate":-100.1}]},{"name":"haozhu_xiaobi1","rotateFrame":[{"duration":0,"rotate":46.54}]},{"name":"haozhu_dabi2","translateFrame":[{"duration":0,"x":0.15,"y":-14.02}],"rotateFrame":[{"duration":0,"rotate":-33.63}]},{"name":"haozhu_xiaobi2","rotateFrame":[{"duration":0,"rotate":-6.91}]},{"name":"haozhu_shou2","rotateFrame":[{"duration":0,"rotate":-5.63}]}]},{"duration":0,"name":"0022_wu","bone":[{"name":"haozhu_kua","translateFrame":[{"duration":0,"x":-1.45,"y":7.29}]},{"name":"haozhu_tou","rotateFrame":[{"duration":0,"rotate":7.85}]},{"name":"haozhu_dabi1","rotateFrame":[{"duration":0,"rotate":-100.1}]},{"name":"haozhu_xiaobi1","rotateFrame":[{"duration":0,"rotate":46.54}]},{"name":"haozhu_dabi2","translateFrame":[{"duration":0,"x":0.15,"y":-14.02}],"rotateFrame":[{"duration":0,"rotate":-33.63}]},{"name":"haozhu_xiaobi2","rotateFrame":[{"duration":0,"rotate":-6.91}]},{"name":"haozhu_shou2","rotateFrame":[{"duration":0,"rotate":-5.63}]}]},{"duration":0,"name":"0023_wu","bone":[{"name":"haozhu_kua","translateFrame":[{"duration":0,"x":-1.45,"y":7.29}]},{"name":"haozhu_tou","rotateFrame":[{"duration":0,"rotate":7.85}]},{"name":"haozhu_dabi1","rotateFrame":[{"duration":0,"rotate":-100.1}]},{"name":"haozhu_xiaobi1","rotateFrame":[{"duration":0,"rotate":46.54}]},{"name":"haozhu_dabi2","translateFrame":[{"duration":0,"x":0.15,"y":-14.02}],"rotateFrame":[{"duration":0,"rotate":-33.63}]},{"name":"haozhu_xiaobi2","rotateFrame":[{"duration":0,"rotate":-6.91}]},{"name":"haozhu_shou2","rotateFrame":[{"duration":0,"rotate":-5.63}]}]},{"duration":0,"name":"0024_wu","bone":[{"name":"haozhu_kua","translateFrame":[{"duration":0,"x":-1.45,"y":7.29}]},{"name":"haozhu_tou","rotateFrame":[{"duration":0,"rotate":7.85}]},{"name":"haozhu_dabi1","rotateFrame":[{"duration":0,"rotate":-100.1}]},{"name":"haozhu_xiaobi1","rotateFrame":[{"duration":0,"rotate":46.54}]},{"name":"haozhu_dabi2","translateFrame":[{"duration":0,"x":0.15,"y":-14.02}],"rotateFrame":[{"duration":0,"rotate":-33.63}]},{"name":"haozhu_xiaobi2","rotateFrame":[{"duration":0,"rotate":-6.91}]},{"name":"haozhu_shou2","rotateFrame":[{"duration":0,"rotate":-5.63}]}]},{"duration":45,"name":"0025_gongji1","bone":[{"name":"root","translateFrame":[{"duration":17,"curve":[0,0.31,0.75,1]},{"duration":3,"curve":[0.63,0,1,0.74],"x":-12.02},{"duration":15,"curve":[0,0.37,0.75,1],"x":19.81},{"duration":10,"curve":[0.25,0,0.75,1],"x":30.83},{"duration":0}]},{"name":"haozhu_kua","translateFrame":[{"duration":17,"curve":[0,0.31,0.75,1]},{"duration":3,"curve":[0.63,0,1,0.74],"x":-2.43,"y":6.49},{"duration":15,"curve":[0,0.37,0.75,1],"x":20.29,"y":11.36},{"duration":10,"curve":[0.25,0,0.75,1],"x":26.78,"y":15.42},{"duration":0}],"rotateFrame":[{"duration":17,"curve":[0,0.31,0.75,1]},{"duration":3,"curve":[0.63,0,1,0.74]},{"duration":15,"curve":[0,0.37,0.75,1],"rotate":17.66},{"duration":10,"curve":[0.25,0,0.75,1],"rotate":17.66},{"duration":0}]},{"name":"haozhu_shenti2","rotateFrame":[{"duration":17},{"duration":3,"curve":[0.63,0,1,0.74]},{"duration":15,"curve":[0,0.37,0.75,1],"rotate":-16.68},{"duration":10,"curve":[0.25,0,0.75,1],"rotate":-12.74},{"duration":0}]},{"name":"haozhu_tou","rotateFrame":[{"duration":17,"curve":[0,0.31,0.75,1]},{"duration":3,"curve":[0.63,0,1,0.74],"rotate":0.57},{"duration":15,"curve":[0,0.37,0.75,1],"rotate":-1.8},{"duration":10,"curve":[0.25,0,0.75,1],"rotate":3.26},{"duration":0}]},{"name":"haozhu_dabi1","rotateFrame":[{"duration":17,"curve":[0,0.31,0.75,1]},{"duration":3,"curve":[0.63,0,1,0.74],"rotate":-84.13},{"duration":15,"curve":[0,0.37,0.75,1],"rotate":20.34},{"duration":10,"curve":[0.25,0,0.75,1],"rotate":21.76},{"duration":0}]},{"name":"haozhu_xiaobi1","rotateFrame":[{"duration":17,"curve":[0,0.31,0.75,1]},{"duration":3,"curve":[0.63,0,1,0.74],"rotate":109.65},{"duration":15,"rotate":34.22},{"duration":10,"curve":[0.25,0,0.75,1],"rotate":34.22},{"duration":0}]},{"name":"haozhu_shou1","rotateFrame":[{"duration":17},{"duration":3,"curve":[0.63,0,1,0.74]},{"duration":15,"curve":[0,0.37,0.75,1],"rotate":-7.16},{"duration":10,"curve":[0.25,0,0.75,1],"rotate":-6.38},{"duration":0}]},{"name":"haozhu_dabi2","rotateFrame":[{"duration":17,"curve":[0,0.31,0.75,1]},{"duration":3,"curve":[0.63,0,1,0.74],"rotate":78.37},{"duration":15,"curve":[0,0.37,0.75,1],"rotate":-62.2},{"duration":10,"curve":[0.25,0,0.75,1],"rotate":-67.56},{"duration":0}]},{"name":"haozhu_xiaobi2","rotateFrame":[{"duration":17,"curve":[0,0.31,0.75,1]},{"duration":3,"curve":[0.63,0,1,0.74],"rotate":-59.53},{"duration":15,"rotate":87.31},{"duration":10,"curve":[0.25,0,0.75,1],"rotate":87.31},{"duration":0}]},{"name":"tui1","translateFrame":[{"duration":17},{"duration":3,"curve":[0.63,0,1,0.74]},{"duration":15,"x":-15.42},{"duration":10,"curve":[0.25,0,0.75,1],"x":-15.42},{"duration":0}]},{"name":"jiao1","translateFrame":[{"duration":17},{"duration":3,"curve":[0.63,0,1,0.74]},{"duration":15,"x":-15.42},{"duration":10,"curve":[0.25,0,0.75,1],"x":-15.42},{"duration":0}]},{"name":"tui2","translateFrame":[{"duration":17},{"duration":3,"curve":[0.63,0,1,0.74]},{"duration":15,"x":21.91},{"duration":10,"curve":[0.25,0,0.75,1],"x":21.91},{"duration":0}]},{"name":"jiao2","translateFrame":[{"duration":17},{"duration":3,"curve":[0.63,0,1,0.74]},{"duration":15,"x":21.91},{"duration":10,"curve":[0.25,0,0.75,1],"x":21.91},{"duration":0}]}]},{"duration":45,"name":"0026_gongji2","bone":[{"name":"root","translateFrame":[{"duration":20},{"duration":5,"curve":[0.25,0,1,0.74]},{"duration":10,"x":13.79},{"duration":10,"curve":[0.25,0,0.75,1],"x":13.79},{"duration":0}]},{"name":"haozhu_kua","translateFrame":[{"duration":20,"curve":[0,0.31,0.75,1]},{"duration":5,"curve":[0.25,0,1,0.74],"x":-2.43,"y":6.49},{"duration":10,"curve":[0,0.37,0.75,1],"x":20.29,"y":11.36},{"duration":10,"curve":[0.25,0,0.75,1],"x":26.78,"y":15.42},{"duration":0}],"rotateFrame":[{"duration":20,"curve":[0,0.31,0.75,1]},{"duration":5,"curve":[0.25,0,1,0.74]},{"duration":10,"curve":[0,0.37,0.75,1],"rotate":17.66},{"duration":10,"curve":[0.25,0,0.75,1],"rotate":17.66},{"duration":0}]},{"name":"haozhu_shenti2","rotateFrame":[{"duration":20},{"duration":5,"curve":[0.25,0,1,0.74]},{"duration":10,"curve":[0,0.37,0.75,1],"rotate":-16.68},{"duration":10,"curve":[0.25,0,0.75,1],"rotate":-12.74},{"duration":0}]},{"name":"haozhu_tou","rotateFrame":[{"duration":20,"curve":[0,0.31,0.75,1]},{"duration":5,"curve":[0.25,0,1,0.74],"rotate":0.57},{"duration":10,"curve":[0,0.37,0.75,1],"rotate":-1.8},{"duration":10,"curve":[0.25,0,0.75,1],"rotate":3.26},{"duration":0}]},{"name":"haozhu_dabi1","rotateFrame":[{"duration":20,"curve":[0,0.31,0.75,1]},{"duration":5,"curve":[0.25,0,1,0.74],"rotate":-84.13},{"duration":10,"curve":[0,0.37,0.75,1],"rotate":20.34},{"duration":10,"curve":[0.25,0,0.75,1],"rotate":21.76},{"duration":0}]},{"name":"haozhu_xiaobi1","rotateFrame":[{"duration":20,"curve":[0,0.31,0.75,1]},{"duration":5,"curve":[0.25,0,1,0.74],"rotate":109.65},{"duration":10,"rotate":34.22},{"duration":10,"curve":[0.25,0,0.75,1],"rotate":34.22},{"duration":0}]},{"name":"haozhu_shou1","rotateFrame":[{"duration":20},{"duration":5,"curve":[0.25,0,1,0.74]},{"duration":10,"curve":[0,0.37,0.75,1],"rotate":-7.16},{"duration":10,"curve":[0.25,0,0.75,1],"rotate":-6.38},{"duration":0}]},{"name":"haozhu_dabi2","rotateFrame":[{"duration":20,"curve":[0,0.31,0.75,1]},{"duration":5,"curve":[0.25,0,1,0.74],"rotate":78.37},{"duration":10,"curve":[0,0.37,0.75,1],"rotate":-62.2},{"duration":10,"curve":[0.25,0,0.75,1],"rotate":-67.56},{"duration":0}]},{"name":"haozhu_xiaobi2","rotateFrame":[{"duration":20,"curve":[0,0.31,0.75,1]},{"duration":5,"curve":[0.25,0,1,0.74],"rotate":-59.53},{"duration":10,"rotate":87.31},{"duration":10,"curve":[0.25,0,0.75,1],"rotate":87.31},{"duration":0}]},{"name":"tui1","translateFrame":[{"duration":20},{"duration":5,"curve":[0.25,0,1,0.74]},{"duration":10,"x":-15.42},{"duration":10,"curve":[0.25,0,0.75,1],"x":-15.42},{"duration":0}]},{"name":"jiao1","translateFrame":[{"duration":20},{"duration":5,"curve":[0.25,0,1,0.74]},{"duration":10,"x":-15.42},{"duration":10,"curve":[0.25,0,0.75,1],"x":-15.42},{"duration":0}]},{"name":"tui2","translateFrame":[{"duration":20},{"duration":5,"curve":[0.25,0,1,0.74]},{"duration":10,"x":21.91},{"duration":10,"curve":[0.25,0,0.75,1],"x":21.91},{"duration":0}]},{"name":"jiao2","translateFrame":[{"duration":20},{"duration":5,"curve":[0.25,0,1,0.74]},{"duration":10,"x":21.91},{"duration":10,"curve":[0.25,0,0.75,1],"x":21.91},{"duration":0}]}]},{"duration":45,"name":"0027_shifa1","bone":[{"name":"root","translateFrame":[{"duration":20},{"duration":5,"curve":[0.63,0,1,0.74]},{"duration":10,"x":13.79},{"duration":10,"curve":[0.25,0,0.75,1],"x":13.79},{"duration":0}]},{"name":"haozhu_kua","translateFrame":[{"duration":20,"curve":[0,0.31,0.75,1]},{"duration":5,"curve":[0.63,0,1,0.74],"x":-2.43,"y":6.49},{"duration":10,"curve":[0,0.37,0.75,1],"x":20.29,"y":11.36},{"duration":10,"curve":[0.25,0,0.75,1],"x":26.78,"y":15.42},{"duration":0}],"rotateFrame":[{"duration":20,"curve":[0,0.31,0.75,1]},{"duration":5,"curve":[0.63,0,1,0.74]},{"duration":10,"curve":[0,0.37,0.75,1],"rotate":17.66},{"duration":10,"curve":[0.25,0,0.75,1],"rotate":17.66},{"duration":0}]},{"name":"haozhu_shenti2","rotateFrame":[{"duration":20},{"duration":5,"curve":[0.63,0,1,0.74]},{"duration":10,"curve":[0,0.37,0.75,1],"rotate":-16.68},{"duration":10,"curve":[0.25,0,0.75,1],"rotate":-12.74},{"duration":0}]},{"name":"haozhu_tou","rotateFrame":[{"duration":20,"curve":[0,0.31,0.75,1]},{"duration":5,"curve":[0.63,0,1,0.74],"rotate":0.57},{"duration":10,"curve":[0,0.37,0.75,1],"rotate":-1.8},{"duration":10,"curve":[0.25,0,0.75,1],"rotate":3.26},{"duration":0}]},{"name":"haozhu_dabi1","rotateFrame":[{"duration":20,"curve":[0,0.31,0.75,1]},{"duration":5,"curve":[0.63,0,1,0.74],"rotate":-84.13},{"duration":10,"curve":[0,0.37,0.75,1],"rotate":20.34},{"duration":10,"curve":[0.25,0,0.75,1],"rotate":21.76},{"duration":0}]},{"name":"haozhu_xiaobi1","rotateFrame":[{"duration":20,"curve":[0,0.31,0.75,1]},{"duration":5,"curve":[0.63,0,1,0.74],"rotate":109.65},{"duration":10,"rotate":34.22},{"duration":10,"curve":[0.25,0,0.75,1],"rotate":34.22},{"duration":0}]},{"name":"haozhu_shou1","rotateFrame":[{"duration":20},{"duration":5,"curve":[0.63,0,1,0.74]},{"duration":10,"curve":[0,0.37,0.75,1],"rotate":-7.16},{"duration":10,"curve":[0.25,0,0.75,1],"rotate":-6.38},{"duration":0}]},{"name":"haozhu_dabi2","rotateFrame":[{"duration":20,"curve":[0,0.31,0.75,1]},{"duration":5,"curve":[0.63,0,1,0.74],"rotate":78.37},{"duration":10,"curve":[0,0.37,0.75,1],"rotate":-62.2},{"duration":10,"curve":[0.25,0,0.75,1],"rotate":-67.56},{"duration":0}]},{"name":"haozhu_xiaobi2","rotateFrame":[{"duration":20,"curve":[0,0.31,0.75,1]},{"duration":5,"curve":[0.63,0,1,0.74],"rotate":-59.53},{"duration":10,"rotate":87.31},{"duration":10,"curve":[0.25,0,0.75,1],"rotate":87.31},{"duration":0}]},{"name":"tui1","translateFrame":[{"duration":20},{"duration":5,"curve":[0.63,0,1,0.74]},{"duration":10,"x":-15.42},{"duration":10,"curve":[0.25,0,0.75,1],"x":-15.42},{"duration":0}]},{"name":"jiao1","translateFrame":[{"duration":20},{"duration":5,"curve":[0.63,0,1,0.74]},{"duration":10,"x":-15.42},{"duration":10,"curve":[0.25,0,0.75,1],"x":-15.42},{"duration":0}]},{"name":"tui2","translateFrame":[{"duration":20},{"duration":5,"curve":[0.63,0,1,0.74]},{"duration":10,"x":21.91},{"duration":10,"curve":[0.25,0,0.75,1],"x":21.91},{"duration":0}]},{"name":"jiao2","translateFrame":[{"duration":20},{"duration":5,"curve":[0.63,0,1,0.74]},{"duration":10,"x":21.91},{"duration":10,"curve":[0.25,0,0.75,1],"x":21.91},{"duration":0}]}]},{"duration":45,"name":"0028_shifa2","bone":[{"name":"root","translateFrame":[{"duration":20},{"duration":5,"curve":[0.63,0,1,0.74]},{"duration":10,"x":13.79},{"duration":10,"curve":[0.25,0,0.75,1],"x":13.79},{"duration":0}]},{"name":"haozhu_kua","translateFrame":[{"duration":20,"curve":[0,0.31,0.75,1]},{"duration":5,"curve":[0.63,0,1,0.74],"x":-2.43,"y":6.49},{"duration":10,"curve":[0,0.37,0.75,1],"x":20.29,"y":11.36},{"duration":10,"curve":[0.25,0,0.75,1],"x":26.78,"y":15.42},{"duration":0}],"rotateFrame":[{"duration":20,"curve":[0,0.31,0.75,1]},{"duration":5,"curve":[0.63,0,1,0.74]},{"duration":10,"curve":[0,0.37,0.75,1],"rotate":17.66},{"duration":10,"curve":[0.25,0,0.75,1],"rotate":17.66},{"duration":0}]},{"name":"haozhu_shenti2","rotateFrame":[{"duration":20},{"duration":5,"curve":[0.63,0,1,0.74]},{"duration":10,"curve":[0,0.37,0.75,1],"rotate":-16.68},{"duration":10,"curve":[0.25,0,0.75,1],"rotate":-12.74},{"duration":0}]},{"name":"haozhu_tou","rotateFrame":[{"duration":20,"curve":[0,0.31,0.75,1]},{"duration":5,"curve":[0.63,0,1,0.74],"rotate":0.57},{"duration":10,"curve":[0,0.37,0.75,1],"rotate":-1.8},{"duration":10,"curve":[0.25,0,0.75,1],"rotate":3.26},{"duration":0}]},{"name":"haozhu_dabi1","rotateFrame":[{"duration":20,"curve":[0,0.31,0.75,1]},{"duration":5,"curve":[0.63,0,1,0.74],"rotate":-84.13},{"duration":10,"curve":[0,0.37,0.75,1],"rotate":20.34},{"duration":10,"curve":[0.25,0,0.75,1],"rotate":21.76},{"duration":0}]},{"name":"haozhu_xiaobi1","rotateFrame":[{"duration":20,"curve":[0,0.31,0.75,1]},{"duration":5,"curve":[0.63,0,1,0.74],"rotate":109.65},{"duration":10,"rotate":34.22},{"duration":10,"curve":[0.25,0,0.75,1],"rotate":34.22},{"duration":0}]},{"name":"haozhu_shou1","rotateFrame":[{"duration":20},{"duration":5,"curve":[0.63,0,1,0.74]},{"duration":10,"curve":[0,0.37,0.75,1],"rotate":-7.16},{"duration":10,"curve":[0.25,0,0.75,1],"rotate":-6.38},{"duration":0}]},{"name":"haozhu_dabi2","rotateFrame":[{"duration":20,"curve":[0,0.31,0.75,1]},{"duration":5,"curve":[0.63,0,1,0.74],"rotate":78.37},{"duration":10,"curve":[0,0.37,0.75,1],"rotate":-62.2},{"duration":10,"curve":[0.25,0,0.75,1],"rotate":-67.56},{"duration":0}]},{"name":"haozhu_xiaobi2","rotateFrame":[{"duration":20,"curve":[0,0.31,0.75,1]},{"duration":5,"curve":[0.63,0,1,0.74],"rotate":-59.53},{"duration":10,"rotate":87.31},{"duration":10,"curve":[0.25,0,0.75,1],"rotate":87.31},{"duration":0}]},{"name":"tui1","translateFrame":[{"duration":20},{"duration":5,"curve":[0.63,0,1,0.74]},{"duration":10,"x":-15.42},{"duration":10,"curve":[0.25,0,0.75,1],"x":-15.42},{"duration":0}]},{"name":"jiao1","translateFrame":[{"duration":20},{"duration":5,"curve":[0.63,0,1,0.74]},{"duration":10,"x":-15.42},{"duration":10,"curve":[0.25,0,0.75,1],"x":-15.42},{"duration":0}]},{"name":"tui2","translateFrame":[{"duration":20},{"duration":5,"curve":[0.63,0,1,0.74]},{"duration":10,"x":21.91},{"duration":10,"curve":[0.25,0,0.75,1],"x":21.91},{"duration":0}]},{"name":"jiao2","translateFrame":[{"duration":20},{"duration":5,"curve":[0.63,0,1,0.74]},{"duration":10,"x":21.91},{"duration":10,"curve":[0.25,0,0.75,1],"x":21.91},{"duration":0}]}]},{"duration":60,"name":"0029_bisha_yanshi","bone":[{"name":"haozhu_kua","translateFrame":[{"duration":25,"curve":[0,0.51,0.75,1]},{"duration":5,"curve":[0.63,0,1,0.74],"x":-2.43,"y":6.49},{"duration":20,"x":13.46,"y":-21.01},{"duration":10,"curve":[0,0.46,0.75,1],"x":13.46,"y":-21.01},{"duration":0}],"rotateFrame":[{"duration":25,"curve":[0,0.51,0.75,1]},{"duration":5,"curve":[0.63,0,1,0.74]},{"duration":20,"rotate":12.69},{"duration":10,"curve":[0,0.46,0.75,1],"rotate":12.69},{"duration":0}]},{"name":"haozhu_shenti","rotateFrame":[{"duration":25,"curve":[0,0.51,0.75,1]},{"duration":5,"curve":[0.63,0,1,0.74],"rotate":-12.64},{"duration":20,"rotate":-15.52},{"duration":10,"curve":[0,0.46,0.75,1],"rotate":-15.52},{"duration":0}]},{"name":"haozhu_shenti2","rotateFrame":[{"duration":25,"curve":[0,0.51,0.75,1]},{"duration":5,"curve":[0.63,0,1,0.74],"rotate":20.53},{"duration":20,"rotate":-22.6},{"duration":10,"curve":[0,0.46,0.75,1],"rotate":-22.6},{"duration":0}]},{"name":"haozhu_tou","rotateFrame":[{"duration":25,"curve":[0,0.51,0.75,1]},{"duration":5,"curve":[0.63,0,1,0.74],"rotate":0.57},{"duration":20,"rotate":-8.83},{"duration":10,"curve":[0,0.46,0.75,1],"rotate":-8.83},{"duration":0}]},{"name":"haozhu_dabi1","rotateFrame":[{"duration":25,"curve":[0,0.51,0.75,1]},{"duration":5,"curve":[0.63,0,1,0.74],"rotate":-147.64},{"duration":20,"rotate":25.42},{"duration":10,"curve":[0,0.46,0.75,1],"rotate":25.42},{"duration":0}]},{"name":"haozhu_xiaobi1","rotateFrame":[{"duration":25,"curve":[0,0.51,0.75,1]},{"duration":3,"curve":[0.456,0,0.798,0.49],"rotate":38.44},{"duration":2,"curve":[0.653,0.39,1,0.78],"rotate":39.4},{"duration":20,"rotate":130.16},{"duration":10,"curve":[0,0.46,0.75,1],"rotate":130.16},{"duration":0}]},{"name":"haozhu_dabi2","rotateFrame":[{"duration":25,"curve":[0,0.51,0.75,1]},{"duration":3,"curve":[0.456,0,0.798,0.49],"rotate":-106.38},{"duration":2,"curve":[0.653,0.39,1,0.78],"rotate":-40.25},{"duration":20,"rotate":87.34},{"duration":10,"curve":[0,0.46,0.75,1],"rotate":87.34},{"duration":0}]},{"name":"haozhu_xiaobi2","rotateFrame":[{"duration":25,"curve":[0,0.51,0.75,1]},{"duration":3,"curve":[0.456,0,0.798,0.49],"rotate":-15.61},{"duration":2,"curve":[0.653,0.39,1,0.78],"rotate":-20.86},{"duration":20,"rotate":65.12},{"duration":10,"curve":[0,0.46,0.75,1],"rotate":65.12},{"duration":0}]},{"name":"tui1","translateFrame":[{"duration":25},{"duration":5,"curve":[0.63,0,1,0.74]},{"duration":20,"x":41.08,"y":-16.03},{"duration":10,"curve":[0,0.46,0.75,1],"x":41.08,"y":-16.03},{"duration":0}]},{"name":"jiao1","translateFrame":[{"duration":25},{"duration":5,"curve":[0.63,0,1,0.74]},{"duration":20,"x":36.07,"y":-7.01},{"duration":10,"curve":[0,0.46,0.75,1],"x":36.07,"y":-7.01},{"duration":0}]},{"name":"tui2","translateFrame":[{"duration":25},{"duration":5,"curve":[0.63,0,1,0.74]},{"duration":20,"x":-8.01,"y":-57.11},{"duration":10,"curve":[0,0.46,0.75,1],"x":-8.01,"y":-57.11},{"duration":0}]},{"name":"jiao2","translateFrame":[{"duration":25},{"duration":5,"curve":[0.63,0,1,0.74]},{"duration":20,"x":-37.07,"y":-34.06},{"duration":10,"curve":[0,0.46,0.75,1],"x":-37.07,"y":-34.06},{"duration":0}]},{"name":"canying","translateFrame":[{"duration":60,"x":-207.04,"y":-0.67}],"scaleFrame":[{"duration":30},{"duration":2,"tweenEasing":0},{"duration":2,"tweenEasing":0,"y":1.03},{"duration":2,"tweenEasing":0},{"duration":2,"tweenEasing":0,"y":1.03},{"duration":2,"tweenEasing":0},{"duration":2,"tweenEasing":0,"y":1.03},{"duration":2,"tweenEasing":0},{"duration":2,"tweenEasing":0,"y":1.03},{"duration":2,"tweenEasing":0},{"duration":2,"tweenEasing":0,"y":1.03},{"duration":10}]}],"slot":[{"name":"canying","displayFrame":[{"duration":30,"value":-1},{"duration":30}],"colorFrame":[{"duration":30,"tweenEasing":0},{"duration":2,"tweenEasing":0,"value":{"aM":0}},{"duration":2,"tweenEasing":0},{"duration":2,"tweenEasing":0,"value":{"aM":83}},{"duration":2,"tweenEasing":0},{"duration":2,"tweenEasing":0,"value":{"aM":83}},{"duration":2,"tweenEasing":0},{"duration":2,"tweenEasing":0,"value":{"aM":83}},{"duration":2,"tweenEasing":0},{"duration":2,"tweenEasing":0,"value":{"aM":83}},{"duration":2,"tweenEasing":0},{"duration":10,"value":{"aM":0}}]}]},{"duration":30,"name":"0030_bisha_xuli","bone":[{"name":"haozhu_kua","translateFrame":[{"duration":25,"curve":[0,0.51,0.75,1]},{"duration":5,"curve":[0.63,0,1,0.74],"x":-2.43,"y":6.49},{"duration":0,"x":13.46,"y":-21.01}],"rotateFrame":[{"duration":25,"curve":[0,0.51,0.75,1]},{"duration":5,"curve":[0.63,0,1,0.74]},{"duration":0,"rotate":12.69}]},{"name":"haozhu_shenti","rotateFrame":[{"duration":25,"curve":[0,0.51,0.75,1]},{"duration":5,"curve":[0.63,0,1,0.74],"rotate":-12.64},{"duration":0,"rotate":-15.52}]},{"name":"haozhu_shenti2","rotateFrame":[{"duration":25,"curve":[0,0.51,0.75,1]},{"duration":5,"curve":[0.63,0,1,0.74],"rotate":20.53},{"duration":0,"rotate":-22.6}]},{"name":"haozhu_tou","rotateFrame":[{"duration":25,"curve":[0,0.51,0.75,1]},{"duration":5,"curve":[0.63,0,1,0.74],"rotate":0.57},{"duration":0,"rotate":-8.83}]},{"name":"haozhu_dabi1","rotateFrame":[{"duration":25,"curve":[0,0.51,0.75,1]},{"duration":5,"curve":[0.63,0,1,0.74],"rotate":-147.64},{"duration":0,"rotate":25.42}]},{"name":"haozhu_xiaobi1","rotateFrame":[{"duration":25,"curve":[0,0.51,0.75,1]},{"duration":3,"curve":[0.456,0,0.798,0.49],"rotate":38.44},{"duration":2,"curve":[0.653,0.39,1,0.78],"rotate":39.4},{"duration":0,"rotate":130.16}]},{"name":"haozhu_dabi2","rotateFrame":[{"duration":25,"curve":[0,0.51,0.75,1]},{"duration":3,"curve":[0.456,0,0.798,0.49],"rotate":-106.38},{"duration":2,"curve":[0.653,0.39,1,0.78],"rotate":-40.25},{"duration":0,"rotate":87.34}]},{"name":"haozhu_xiaobi2","rotateFrame":[{"duration":25,"curve":[0,0.51,0.75,1]},{"duration":3,"curve":[0.456,0,0.798,0.49],"rotate":-15.61},{"duration":2,"curve":[0.653,0.39,1,0.78],"rotate":-20.86},{"duration":0,"rotate":65.12}]},{"name":"tui1","translateFrame":[{"duration":25},{"duration":5,"curve":[0.63,0,1,0.74]},{"duration":0,"x":41.08,"y":-16.03}]},{"name":"jiao1","translateFrame":[{"duration":25},{"duration":5,"curve":[0.63,0,1,0.74]},{"duration":0,"x":36.07,"y":-7.01}]},{"name":"tui2","translateFrame":[{"duration":25},{"duration":5,"curve":[0.63,0,1,0.74]},{"duration":0,"x":-8.01,"y":-57.11}]},{"name":"jiao2","translateFrame":[{"duration":25},{"duration":5,"curve":[0.63,0,1,0.74]},{"duration":0,"x":-37.07,"y":-34.06}]},{"name":"canying","translateFrame":[{"duration":30,"x":-207.04,"y":-0.67}]}],"slot":[{"name":"canying","displayFrame":[{"duration":30,"value":-1},{"duration":0}],"colorFrame":[{"duration":30,"tweenEasing":0},{"duration":0,"value":{"aM":0}}]}]},{"duration":30,"name":"0031_bisha_qujian1","bone":[{"name":"haozhu_kua","translateFrame":[{"duration":20,"x":13.46,"y":-21.01},{"duration":10,"curve":[0,0.46,0.75,1],"x":13.46,"y":-21.01},{"duration":0}],"rotateFrame":[{"duration":20,"rotate":12.69},{"duration":10,"curve":[0,0.46,0.75,1],"rotate":12.69},{"duration":0}]},{"name":"haozhu_shenti","rotateFrame":[{"duration":20,"rotate":-15.52},{"duration":10,"curve":[0,0.46,0.75,1],"rotate":-15.52},{"duration":0}]},{"name":"haozhu_shenti2","rotateFrame":[{"duration":20,"rotate":-22.6},{"duration":10,"curve":[0,0.46,0.75,1],"rotate":-22.6},{"duration":0}]},{"name":"haozhu_tou","rotateFrame":[{"duration":20,"rotate":-8.83},{"duration":10,"curve":[0,0.46,0.75,1],"rotate":-8.83},{"duration":0}]},{"name":"haozhu_dabi1","rotateFrame":[{"duration":20,"rotate":25.42},{"duration":10,"curve":[0,0.46,0.75,1],"rotate":25.42},{"duration":0}]},{"name":"haozhu_xiaobi1","rotateFrame":[{"duration":20,"rotate":130.16},{"duration":10,"curve":[0,0.46,0.75,1],"rotate":130.16},{"duration":0}]},{"name":"haozhu_dabi2","rotateFrame":[{"duration":20,"rotate":87.34},{"duration":10,"curve":[0,0.46,0.75,1],"rotate":87.34},{"duration":0}]},{"name":"haozhu_xiaobi2","rotateFrame":[{"duration":20,"rotate":65.12},{"duration":10,"curve":[0,0.46,0.75,1],"rotate":65.12},{"duration":0}]},{"name":"tui1","translateFrame":[{"duration":20,"x":41.08,"y":-16.03},{"duration":10,"curve":[0,0.46,0.75,1],"x":41.08,"y":-16.03},{"duration":0}]},{"name":"jiao1","translateFrame":[{"duration":20,"x":36.07,"y":-7.01},{"duration":10,"curve":[0,0.46,0.75,1],"x":36.07,"y":-7.01},{"duration":0}]},{"name":"tui2","translateFrame":[{"duration":20,"x":-8.01,"y":-57.11},{"duration":10,"curve":[0,0.46,0.75,1],"x":-8.01,"y":-57.11},{"duration":0}]},{"name":"jiao2","translateFrame":[{"duration":20,"x":-37.07,"y":-34.06},{"duration":10,"curve":[0,0.46,0.75,1],"x":-37.07,"y":-34.06},{"duration":0}]},{"name":"canying","translateFrame":[{"duration":30,"x":-207.04,"y":-0.67}],"scaleFrame":[{"duration":2,"tweenEasing":0},{"duration":2,"tweenEasing":0,"y":1.03},{"duration":2,"tweenEasing":0},{"duration":2,"tweenEasing":0,"y":1.03},{"duration":2,"tweenEasing":0},{"duration":2,"tweenEasing":0,"y":1.03},{"duration":2,"tweenEasing":0},{"duration":2,"tweenEasing":0,"y":1.03},{"duration":2,"tweenEasing":0},{"duration":2,"tweenEasing":0,"y":1.03},{"duration":10}]}],"slot":[{"name":"canying","displayFrame":[{"duration":30}],"colorFrame":[{"duration":2,"tweenEasing":0,"value":{"aM":0}},{"duration":2,"tweenEasing":0},{"duration":2,"tweenEasing":0,"value":{"aM":83}},{"duration":2,"tweenEasing":0},{"duration":2,"tweenEasing":0,"value":{"aM":83}},{"duration":2,"tweenEasing":0},{"duration":2,"tweenEasing":0,"value":{"aM":83}},{"duration":2,"tweenEasing":0},{"duration":2,"tweenEasing":0,"value":{"aM":83}},{"duration":2,"tweenEasing":0},{"duration":10,"value":{"aM":0}}]}]}],"defaultActions":[{"gotoAndPlay":"0000_chuchang"}]}]}