{"frameRate":30,"isGlobal":0,"armature":[{"bone":[{"name":"root","transform":{}},{"transform":{},"name":"Fuji","parent":"root"},{"transform":{"y":-166.23,"x":-0.84},"name":"buff_up","parent":"root"},{"transform":{"y":-86.16},"name":"buff_mid","parent":"root"},{"transform":{},"name":"buff_flo","parent":"root"},{"transform":{"y":-85.1,"x":59.53},"name":"bip","parent":"Fuji"},{"length":29,"transform":{"skX":174.99,"skY":174.99,"x":-0.74},"parent":"bip","name":"Body"},{"length":61,"transform":{"y":0.95,"skX":1.04,"skY":1.04,"x":2.51},"parent":"bip","name":"Head"},{"length":31,"transform":{"y":34.49,"skX":43.43,"skY":43.43,"x":-0.81},"parent":"Body","name":"Fin_B1"},{"length":20,"transform":{"y":-25.77,"skX":-94.98,"skY":-94.98,"x":24.82},"parent":"Body","name":"3"},{"length":56,"transform":{"y":10.55,"skX":8.34,"skY":8.34,"x":12.65},"parent":"Body","name":"Fin_X"},{"length":53,"transform":{"y":0.01,"skX":12.72,"skY":12.72,"x":29.95},"parent":"Body","name":"body2"},{"length":13,"transform":{"y":-29.77,"skX":-54.8,"skY":-54.8,"x":20.09},"parent":"Body","name":"1-1"},{"length":31,"transform":{"y":32.4,"skX":31.06,"skY":31.06,"x":10.17},"parent":"body2","name":"Fin_B2"},{"length":16,"transform":{"y":-26.49,"skX":-68.61,"skY":-68.61,"x":7.63},"parent":"body2","name":"2-1"},{"length":23,"transform":{"y":25.92,"skX":37.04,"skY":37.04,"x":44.78},"parent":"body2","name":"Fin_B3"},{"length":49,"transform":{"y":-0.01,"skX":3.7,"skY":3.7,"x":53.07},"parent":"body2","name":"body3"},{"length":20,"transform":{"y":1.3,"skX":124.29,"skY":124.29,"x":13.16},"parent":"1-1","name":"1-2"},{"length":24,"transform":{"y":-25.21,"skX":-105.29,"skY":-105.29,"x":9.3},"parent":"body2","name":"4"},{"length":27,"transform":{"y":0.06,"skX":-148.51,"skY":-148.51,"x":19.46},"parent":"1-2","name":"1-3"},{"length":42,"transform":{"y":1.04,"skX":-9.87,"skY":-9.87,"x":43.96},"parent":"body3","name":"Tail"},{"length":22,"transform":{"y":13.12,"skX":32.82,"skY":32.82,"x":20.2},"parent":"body3","name":"Fin_B4"},{"length":21,"transform":{"y":1.15,"skX":128.16,"skY":128.16,"x":16.32},"parent":"2-1","name":"2-2"},{"length":27,"transform":{"y":-0.78,"skX":-150.76,"skY":-150.76,"x":21.98},"parent":"2-2","name":"2-3"}],"type":"Armature","frameRate":30,"animation":[{"bone":[{"frame":[{"curve":[0.25,0,0.75,1],"transform":{},"duration":20},{"curve":[0.25,0,0.75,1],"transform":{"y":-9.89,"skX":-3.74,"skY":-3.74},"duration":20},{"curve":[0.25,0,0.75,1],"transform":{},"duration":20},{"curve":[0.25,0,0.75,1],"transform":{"y":-9.89,"skX":-3.74,"skY":-3.74},"duration":20},{"transform":{},"duration":0}],"name":"bip"},{"frame":[{"curve":[0.359,0.64,0.695,1],"transform":{"skX":-1.09,"skY":-1.09,"scX":0.999},"duration":2},{"curve":[0.25,0,0.75,1],"transform":{"skX":358.82,"skY":358.82},"duration":20},{"curve":[0.245,0,0.71,0.83],"transform":{"scY":1.021,"skX":0.5,"skY":0.5,"scX":0.989},"duration":18},{"curve":[0.359,0.64,0.695,1],"transform":{"skX":-1.09,"skY":-1.09,"scX":0.999},"duration":2},{"curve":[0.25,0,0.75,1],"transform":{"skX":358.82,"skY":358.82},"duration":20},{"curve":[0.245,0,0.71,0.83],"transform":{"scY":1.021,"skX":0.5,"skY":0.5,"scX":0.989},"duration":18},{"transform":{"skX":-1.09,"skY":-1.09,"scX":0.999},"duration":0}],"name":"Body"},{"frame":[{"curve":[0.374,0.61,0.715,1],"transform":{"scY":1.004,"skX":-1.77,"skY":-1.77,"scX":0.998},"duration":4},{"curve":[0.25,0,0.75,1],"transform":{"skX":-2.24,"skY":-2.24},"duration":20},{"curve":[0.242,0,0.679,0.71],"transform":{"scY":1.033,"skX":1.38,"skY":1.38,"scX":0.989},"duration":16},{"curve":[0.374,0.61,0.715,1],"transform":{"scY":1.004,"skX":-1.77,"skY":-1.77,"scX":0.998},"duration":4},{"curve":[0.25,0,0.75,1],"transform":{"skX":-2.24,"skY":-2.24},"duration":20},{"curve":[0.242,0,0.679,0.71],"transform":{"scY":1.033,"skX":1.38,"skY":1.38,"scX":0.989},"duration":16},{"transform":{"scY":1.004,"skX":-1.77,"skY":-1.77,"scX":0.998},"duration":0}],"name":"body2"},{"frame":[{"curve":[0.381,0.58,0.731,1],"transform":{"scY":1.005,"skX":-2.03,"skY":-2.03,"scX":0.997},"duration":6},{"curve":[0.25,0,0.75,1],"transform":{"skX":-3.3,"skY":-3.3},"duration":20},{"curve":[0.242,0,0.655,0.62],"transform":{"scY":1.022,"skX":1.91,"skY":1.91,"scX":0.989},"duration":14},{"curve":[0.381,0.58,0.731,1],"transform":{"scY":1.005,"skX":-2.03,"skY":-2.03,"scX":0.997},"duration":6},{"curve":[0.25,0,0.75,1],"transform":{"skX":-3.3,"skY":-3.3},"duration":20},{"curve":[0.242,0,0.655,0.62],"transform":{"scY":1.022,"skX":1.91,"skY":1.91,"scX":0.989},"duration":14},{"transform":{"scY":1.005,"skX":-2.03,"skY":-2.03,"scX":0.997},"duration":0}],"name":"body3"},{"frame":[{"curve":[0.381,0.54,0.742,1],"transform":{"skX":0.57,"skY":0.57},"duration":8},{"curve":[0.25,0,0.75,1],"transform":{"skX":0.28,"skY":0.28},"duration":20},{"curve":[0.245,0,0.637,0.55],"transform":{"skX":1.07,"skY":1.07},"duration":12},{"curve":[0.381,0.54,0.742,1],"transform":{"skX":0.57,"skY":0.57},"duration":8},{"curve":[0.25,0,0.75,1],"transform":{"skX":0.28,"skY":0.28},"duration":20},{"curve":[0.245,0,0.637,0.55],"transform":{"skX":1.07,"skY":1.07},"duration":12},{"transform":{"skX":0.57,"skY":0.57},"duration":0}],"name":"Tail"},{"frame":[{"curve":[0.381,0.58,0.731,1],"transform":{"scY":0.976,"skX":3.99,"skY":3.99,"scX":1.022},"duration":6},{"curve":[0.25,0,0.75,1],"transform":{},"duration":20},{"curve":[0.242,0,0.655,0.62],"transform":{"scY":0.901,"skX":16.48,"skY":16.48,"scX":1.094},"duration":14},{"curve":[0.381,0.58,0.731,1],"transform":{"scY":0.976,"skX":3.99,"skY":3.99,"scX":1.022},"duration":6},{"curve":[0.25,0,0.75,1],"transform":{},"duration":20},{"curve":[0.242,0,0.655,0.62],"transform":{"scY":0.901,"skX":16.48,"skY":16.48,"scX":1.094},"duration":14},{"transform":{"scY":0.976,"skX":3.99,"skY":3.99,"scX":1.022},"duration":0}],"name":"Fin_B3"},{"frame":[{"curve":[0.374,0.61,0.715,1],"transform":{"scY":0.986,"skX":2.25,"skY":2.25,"scX":1.008},"duration":4},{"curve":[0.25,0,0.75,1],"transform":{},"duration":20},{"curve":[0.242,0,0.679,0.71],"transform":{"scY":0.894,"skX":17.29,"skY":17.29,"scX":1.063},"duration":16},{"curve":[0.374,0.61,0.715,1],"transform":{"scY":0.986,"skX":2.25,"skY":2.25,"scX":1.008},"duration":4},{"curve":[0.25,0,0.75,1],"transform":{},"duration":20},{"curve":[0.242,0,0.679,0.71],"transform":{"scY":0.894,"skX":17.29,"skY":17.29,"scX":1.063},"duration":16},{"transform":{"scY":0.986,"skX":2.25,"skY":2.25,"scX":1.008},"duration":0}],"name":"Fin_B2"},{"frame":[{"curve":[0.359,0.64,0.695,1],"transform":{"scY":0.992,"skX":-4.89,"skY":-4.89,"scX":1.003},"duration":2},{"curve":[0.25,0,0.75,1],"transform":{"skX":-5.48,"skY":-5.48},"duration":20},{"curve":[0.245,0,0.71,0.83],"transform":{"scY":0.962,"skX":6.39,"skY":6.39,"scX":1.054},"duration":18},{"curve":[0.359,0.64,0.695,1],"transform":{"scY":0.992,"skX":-4.89,"skY":-4.89,"scX":1.003},"duration":2},{"curve":[0.25,0,0.75,1],"transform":{"skX":-5.48,"skY":-5.48},"duration":20},{"curve":[0.245,0,0.71,0.83],"transform":{"scY":0.962,"skX":6.39,"skY":6.39,"scX":1.054},"duration":18},{"transform":{"scY":0.992,"skX":-4.89,"skY":-4.89,"scX":1.003},"duration":0}],"name":"Fin_B1"},{"frame":[{"curve":[0.359,0.64,0.695,1],"transform":{"scY":1.001,"skX":-0.03,"skY":-0.03,"scX":0.998},"duration":2},{"curve":[0.25,0,0.75,1],"transform":{},"duration":20},{"curve":[0.245,0,0.71,0.83],"transform":{"scY":1.03,"skX":-0.79,"skY":-0.79,"scX":0.976},"duration":18},{"curve":[0.359,0.64,0.695,1],"transform":{"scY":1.001,"skX":-0.03,"skY":-0.03,"scX":0.998},"duration":2},{"curve":[0.25,0,0.75,1],"transform":{},"duration":20},{"curve":[0.245,0,0.71,0.83],"transform":{"scY":1.03,"skX":-0.79,"skY":-0.79,"scX":0.976},"duration":18},{"transform":{"scY":1.001,"skX":-0.03,"skY":-0.03,"scX":0.998},"duration":0}],"name":"Head"},{"frame":[{"curve":[0.359,0.64,0.695,1],"transform":{"skX":7.4,"skY":7.4},"duration":2},{"curve":[0.25,0,0.75,1],"transform":{"skX":7.3,"skY":7.3},"duration":20},{"curve":[0.245,0,0.71,0.83],"transform":{"skX":9.53,"skY":9.53},"duration":18},{"curve":[0.359,0.64,0.695,1],"transform":{"skX":7.4,"skY":7.4},"duration":2},{"curve":[0.25,0,0.75,1],"transform":{"skX":7.3,"skY":7.3},"duration":20},{"curve":[0.245,0,0.71,0.83],"transform":{"skX":9.53,"skY":9.53},"duration":18},{"transform":{"skX":7.4,"skY":7.4},"duration":0}],"name":"1-1"},{"frame":[{"curve":[0.374,0.61,0.715,1],"transform":{"skX":2.17,"skY":2.17},"duration":4},{"curve":[0.25,0,0.75,1],"transform":{},"duration":20},{"curve":[0.242,0,0.679,0.71],"transform":{"skX":16.7,"skY":16.7},"duration":16},{"curve":[0.374,0.61,0.715,1],"transform":{"skX":2.17,"skY":2.17},"duration":4},{"curve":[0.25,0,0.75,1],"transform":{},"duration":20},{"curve":[0.242,0,0.679,0.71],"transform":{"skX":16.7,"skY":16.7},"duration":16},{"transform":{"skX":2.17,"skY":2.17},"duration":0}],"name":"1-2"},{"frame":[{"curve":[0.381,0.58,0.731,1],"transform":{"skX":-0.92,"skY":-0.92},"duration":6},{"curve":[0.25,0,0.75,1],"transform":{},"duration":20},{"curve":[0.242,0,0.655,0.62],"transform":{"skX":4.31,"skY":4.31},"duration":14},{"curve":[0.381,0.58,0.731,1],"transform":{"skX":-0.92,"skY":-0.92},"duration":6},{"curve":[0.25,0,0.75,1],"transform":{},"duration":20},{"curve":[0.242,0,0.655,0.62],"transform":{"skX":5.04,"skY":5.04},"duration":14},{"transform":{"skX":-0.92,"skY":-0.92},"duration":0}],"name":"1-3"},{"frame":[{"curve":[0.374,0.61,0.715,1],"transform":{"skX":9.46,"skY":9.46},"duration":4},{"curve":[0.25,0,0.75,1],"transform":{"skX":8.75,"skY":8.75},"duration":20},{"curve":[0.242,0,0.679,0.71],"transform":{"skX":14.2,"skY":14.2},"duration":16},{"curve":[0.374,0.61,0.715,1],"transform":{"skX":9.46,"skY":9.46},"duration":4},{"curve":[0.25,0,0.75,1],"transform":{"skX":8.75,"skY":8.75},"duration":20},{"curve":[0.242,0,0.679,0.71],"transform":{"skX":14.2,"skY":14.2},"duration":16},{"transform":{"skX":9.46,"skY":9.46},"duration":0}],"name":"2-1"},{"frame":[{"curve":[0.381,0.58,0.731,1],"transform":{"skX":3.67,"skY":3.67},"duration":6},{"curve":[0.25,0,0.75,1],"transform":{},"duration":20},{"curve":[0.242,0,0.655,0.62],"transform":{"skX":15.17,"skY":15.17},"duration":14},{"curve":[0.381,0.58,0.731,1],"transform":{"skX":3.67,"skY":3.67},"duration":6},{"curve":[0.25,0,0.75,1],"transform":{},"duration":20},{"curve":[0.242,0,0.655,0.62],"transform":{"skX":15.17,"skY":15.17},"duration":14},{"transform":{"skX":3.67,"skY":3.67},"duration":0}],"name":"2-2"},{"frame":[{"curve":[0.381,0.54,0.742,1],"transform":{"skX":-3.34,"skY":-3.34},"duration":8},{"curve":[0.25,0,0.75,1],"transform":{},"duration":20},{"curve":[0.245,0,0.637,0.55],"transform":{"skX":5.95,"skY":5.95},"duration":12},{"curve":[0.381,0.54,0.742,1],"transform":{"skX":-3.34,"skY":-3.34},"duration":8},{"curve":[0.25,0,0.75,1],"transform":{},"duration":20},{"curve":[0.245,0,0.637,0.55],"transform":{"skX":1.1,"skY":1.1},"duration":12},{"transform":{"skX":-3.34,"skY":-3.34},"duration":0}],"name":"2-3"},{"frame":[{"curve":[0.25,0,0.75,1],"transform":{},"duration":10},{"curve":[0.25,0,0.75,1],"transform":{"scY":0.955,"skX":13.9,"skY":13.9,"scX":1.055},"duration":10},{"curve":[0.25,0,0.75,1],"transform":{},"duration":10},{"curve":[0.25,0,0.75,1],"transform":{"scY":0.955,"skX":13.9,"skY":13.9,"scX":1.055},"duration":10},{"curve":[0.25,0,0.75,1],"transform":{},"duration":10},{"curve":[0.25,0,0.75,1],"transform":{"scY":0.955,"skX":13.9,"skY":13.9,"scX":1.055},"duration":10},{"curve":[0.25,0,0.75,1],"transform":{},"duration":10},{"curve":[0.25,0,0.75,1],"transform":{"scY":0.955,"skX":13.9,"skY":13.9,"scX":1.055},"duration":10},{"transform":{},"duration":0}],"name":"Fin_X"},{"frame":[{"curve":[0.381,0.54,0.742,1],"transform":{"scY":0.966,"skX":3.2,"skY":3.2,"scX":1.067},"duration":8},{"curve":[0.25,0,0.75,1],"transform":{},"duration":20},{"curve":[0.245,0,0.637,0.55],"transform":{"scY":0.907,"skX":8.71,"skY":8.71,"scX":1.132},"duration":12},{"curve":[0.381,0.54,0.742,1],"transform":{"scY":0.966,"skX":3.2,"skY":3.2,"scX":1.067},"duration":8},{"curve":[0.25,0,0.75,1],"transform":{},"duration":20},{"curve":[0.245,0,0.637,0.55],"transform":{"scY":0.907,"skX":8.71,"skY":8.71,"scX":1.132},"duration":12},{"transform":{"scY":0.966,"skX":3.2,"skY":3.2,"scX":1.067},"duration":0}],"name":"Fin_B4"},{"frame":[{"curve":[0.348,0.65,0.682,1],"transform":{"skX":-0.14,"skY":-0.14},"duration":1},{"tweenEasing":0,"transform":{},"duration":20},{"curve":[0.25,0,0.75,1],"transform":{"skX":-8.42,"skY":-8.42},"duration":20},{"curve":[0.25,0,0.75,1],"transform":{},"duration":20},{"curve":[0.247,0,0.729,0.9],"transform":{"skX":-8.42,"skY":-8.42},"duration":19},{"transform":{"skX":-0.14,"skY":-0.14},"duration":0}],"name":"3"},{"frame":[{"curve":[0.368,0.62,0.706,1],"transform":{"skX":-0.8,"skY":-0.8},"duration":3},{"tweenEasing":0,"transform":{},"duration":20},{"curve":[0.25,0,0.75,1],"transform":{"skX":-9.72,"skY":-9.72},"duration":20},{"curve":[0.25,0,0.75,1],"transform":{},"duration":20},{"curve":[0.243,0,0.694,0.76],"transform":{"skX":-9.72,"skY":-9.72},"duration":17},{"transform":{"skX":-0.8,"skY":-0.8},"duration":0}],"name":"4"},{"frame":[{"transform":{},"duration":80}],"name":"root"},{"frame":[{"transform":{},"duration":80}],"name":"Fuji"},{"frame":[{"transform":{},"duration":80}],"name":"buff_up"},{"frame":[{"transform":{},"duration":80}],"name":"buff_mid"},{"frame":[{"transform":{},"duration":80}],"name":"buff_flo"}],"slot":[],"ffd":[],"frame":[],"name":"0000_daiji","duration":80,"ik":[]},{"bone":[{"frame":[{"curve":[0.382,0.57,0.735,1],"transform":{"scY":1.044,"skX":-1.27,"skY":-1.27,"scX":0.99},"duration":5},{"curve":[0.25,0,0.75,1],"transform":{"skX":-7.8,"skY":-7.8},"duration":15},{"curve":[0.243,0,0.648,0.6],"transform":{"scY":1.156,"skX":15.19,"skY":15.19,"scX":0.967},"duration":10},{"transform":{"scY":1.044,"skX":-1.27,"skY":-1.27,"scX":0.99},"duration":0}],"name":"Fin_B3"},{"frame":[{"curve":[0.382,0.55,0.739,1],"transform":{"scY":1.053,"skX":-1.87,"skY":-1.87,"scX":0.981},"duration":3},{"curve":[0.25,0,0.75,1],"transform":{"skX":-12.34,"skY":-12.34},"duration":7},{"curve":[0.25,0,0.75,1],"transform":{"scY":1.158,"skX":18.82,"skY":18.82,"scX":0.943},"duration":8},{"curve":[0.25,0,0.75,1],"transform":{"skX":-12.34,"skY":-12.34},"duration":7},{"curve":[0.244,0,0.641,0.57],"transform":{"scY":1.158,"skX":18.82,"skY":18.82,"scX":0.943},"duration":5},{"transform":{"scY":1.053,"skX":-1.87,"skY":-1.87,"scX":0.981},"duration":0}],"name":"Fin_X"},{"frame":[{"curve":[0.352,0.65,0.686,1],"transform":{"skX":-12.65,"skY":-12.65},"duration":1},{"curve":[0.25,0,0.75,1],"transform":{"skX":-13.13,"skY":-13.13},"duration":15},{"curve":[0.246,0,0.722,0.88],"transform":{"skX":8.14,"skY":8.14},"duration":14},{"transform":{"skX":-12.65,"skY":-12.65},"duration":0}],"name":"1-1"},{"frame":[{"curve":[0.374,0.61,0.715,1],"transform":{"skX":-4.86,"skY":-4.86},"duration":3},{"curve":[0.25,0,0.75,1],"transform":{"skX":-7.41,"skY":-7.41},"duration":15},{"curve":[0.242,0,0.679,0.71],"transform":{"skX":12.12,"skY":12.12},"duration":12},{"transform":{"skX":-4.86,"skY":-4.86},"duration":0}],"name":"2-1"},{"frame":[{"curve":[0.25,0,0.75,1],"transform":{},"duration":15},{"curve":[0.25,0,0.75,1],"transform":{"y":-26.03,"skX":0.94,"skY":0.94,"x":4.81},"duration":15},{"transform":{},"duration":0}],"name":"bip"},{"frame":[{"curve":[0.377,0.51,0.747,1],"transform":{"scY":1.057,"skX":-6.38,"skY":-6.38,"scX":0.979},"duration":7},{"curve":[0.25,0,0.75,1],"transform":{"skX":-18.62,"skY":-18.62},"duration":15},{"curve":[0.248,0,0.628,0.51],"transform":{"scY":1.126,"skX":8.2,"skY":8.2,"scX":0.954},"duration":8},{"transform":{"scY":1.057,"skX":-6.38,"skY":-6.38,"scX":0.979},"duration":0}],"name":"Fin_B4"},{"frame":[{"curve":[0.365,0.63,0.702,1],"transform":{"skX":-12.15,"skY":-12.15},"duration":2},{"curve":[0.25,0,0.75,1],"transform":{"skX":-14.82,"skY":-14.82},"duration":15},{"curve":[0.244,0,0.699,0.78],"transform":{"skX":23.65,"skY":23.65},"duration":13},{"transform":{"skX":-12.15,"skY":-12.15},"duration":0}],"name":"1-2"},{"frame":[{"curve":[0.38,0.59,0.726,1],"transform":{"skX":0.27,"skY":0.27},"duration":4},{"curve":[0.25,0,0.75,1],"transform":{"skX":-10.59,"skY":-10.59},"duration":15},{"curve":[0.242,0,0.662,0.65],"transform":{"skX":43.05,"skY":43.05},"duration":11},{"transform":{"skX":0.27,"skY":0.27},"duration":0}],"name":"2-2"},{"frame":[{"curve":[0.38,0.59,0.726,1],"transform":{"skX":-3.23,"skY":-3.23},"duration":4},{"curve":[0.25,0,0.75,1],"transform":{"skX":-4.58,"skY":-4.58},"duration":15},{"curve":[0.242,0,0.662,0.65],"transform":{"skX":2.08,"skY":2.08},"duration":11},{"transform":{"skX":-3.23,"skY":-3.23},"duration":0}],"name":"body2"},{"frame":[{"curve":[0.374,0.61,0.715,1],"transform":{"skX":-6.81,"skY":-6.81},"duration":3},{"curve":[0.25,0,0.75,1],"transform":{"skX":-10.98,"skY":-10.98},"duration":15},{"curve":[0.242,0,0.679,0.71],"transform":{"skX":21.08,"skY":21.08},"duration":12},{"transform":{"skX":-6.81,"skY":-6.81},"duration":0}],"name":"1-3"},{"frame":[{"curve":[0.374,0.61,0.715,1],"transform":{"scY":1.018,"skX":-6.48,"skY":-6.48,"scX":0.992},"duration":3},{"curve":[0.25,0,0.75,1],"transform":{"skX":-9.92,"skY":-9.92},"duration":15},{"curve":[0.242,0,0.679,0.71],"transform":{"scY":1.144,"skX":16.52,"skY":16.52,"scX":0.94},"duration":12},{"transform":{"scY":1.018,"skX":-6.48,"skY":-6.48,"scX":0.992},"duration":0}],"name":"Fin_B2"},{"frame":[{"curve":[0.365,0.63,0.702,1],"transform":{"skX":-4.89,"skY":-4.89},"duration":2},{"curve":[0.25,0,0.75,1],"transform":{"skX":-5.57,"skY":-5.57},"duration":15},{"curve":[0.244,0,0.699,0.78],"transform":{"skX":4.19,"skY":4.19},"duration":13},{"transform":{"skX":-4.89,"skY":-4.89},"duration":0}],"name":"Head"},{"frame":[{"curve":[0.381,0.54,0.742,1],"transform":{"skX":-2.23,"skY":-2.23},"duration":6},{"curve":[0.25,0,0.75,1],"transform":{"skX":-5.42,"skY":-5.42},"duration":15},{"curve":[0.245,0,0.637,0.55],"transform":{"skX":3.25,"skY":3.25},"duration":9},{"transform":{"skX":-2.23,"skY":-2.23},"duration":0}],"name":"body3"},{"frame":[{"curve":[0.365,0.63,0.702,1],"transform":{"skX":-2.46,"skY":-2.46},"duration":2},{"curve":[0.25,0,0.75,1],"transform":{"skX":357.23,"skY":357.23},"duration":15},{"curve":[0.244,0,0.699,0.78],"transform":{"skX":0.05,"skY":0.05},"duration":13},{"transform":{"skX":-2.46,"skY":-2.46},"duration":0}],"name":"Body"},{"frame":[{"curve":[0.371,0.48,0.751,1],"transform":{"skX":0.14,"skY":0.14},"duration":8},{"curve":[0.25,0,0.75,1],"transform":{"skX":-4.63,"skY":-4.63},"duration":15},{"curve":[0.252,0,0.622,0.48],"transform":{"skX":2.08,"skY":2.08},"duration":7},{"transform":{"skX":0.14,"skY":0.14},"duration":0}],"name":"Tail"},{"frame":[{"curve":[0.382,0.57,0.735,1],"transform":{"skX":-4.62,"skY":-4.62},"duration":5},{"curve":[0.25,0,0.75,1],"transform":{"skX":-11.31,"skY":-11.31},"duration":15},{"curve":[0.243,0,0.648,0.6],"transform":{"skX":12.27,"skY":12.27},"duration":10},{"transform":{"skX":-4.62,"skY":-4.62},"duration":0}],"name":"2-3"},{"frame":[{"curve":[0.352,0.65,0.686,1],"transform":{"scY":1.002,"skX":-10.98,"skY":-10.98,"scX":0.998},"duration":1},{"curve":[0.25,0,0.75,1],"transform":{"skX":-11.4,"skY":-11.4},"duration":15},{"curve":[0.246,0,0.722,0.88],"transform":{"scY":1.116,"skX":7.04,"skY":7.04,"scX":0.928},"duration":14},{"transform":{"scY":1.002,"skX":-10.98,"skY":-10.98,"scX":0.998},"duration":0}],"name":"Fin_B1"},{"frame":[{"curve":[0.382,0.57,0.735,1],"transform":{"skX":10.66,"skY":10.66},"duration":5},{"tweenEasing":0,"transform":{"skX":21.01,"skY":21.01},"duration":15},{"curve":[0.243,0,0.648,0.6],"transform":{"skX":-15.47,"skY":-15.47},"duration":10},{"transform":{"skX":10.66,"skY":10.66},"duration":0}],"name":"4"},{"frame":[{"curve":[0.374,0.61,0.715,1],"transform":{"skX":11.71,"skY":11.71},"duration":3},{"tweenEasing":0,"transform":{"skX":16.19,"skY":16.19},"duration":15},{"curve":[0.242,0,0.679,0.71],"transform":{"skX":-18.24,"skY":-18.24},"duration":12},{"transform":{"skX":11.71,"skY":11.71},"duration":0}],"name":"3"},{"frame":[{"transform":{},"duration":30}],"name":"root"},{"frame":[{"transform":{},"duration":30}],"name":"Fuji"},{"frame":[{"transform":{},"duration":30}],"name":"buff_up"},{"frame":[{"transform":{},"duration":30}],"name":"buff_mid"},{"frame":[{"transform":{},"duration":30}],"name":"buff_flo"}],"slot":[],"ffd":[],"frame":[],"name":"0001_yidong","duration":30,"ik":[]},{"bone":[{"frame":[{"curve":[0.381,0.58,0.731,1],"transform":{"scY":0.976,"skX":3.99,"skY":3.99,"scX":1.022},"duration":5},{"curve":[0.25,0,0.75,1],"transform":{"scY":0.976,"skX":21.34,"skY":21.34,"scX":1.022},"duration":4},{"curve":[0.25,0,0.75,1],"transform":{"scY":0.976,"skX":18.05,"skY":18.05,"scX":1.022},"duration":3},{"curve":[0.25,0,0.967,0.66],"transform":{"scY":0.976,"skX":23.49,"skY":23.49,"scX":1.022},"duration":3},{"curve":[0.25,0,0.75,1],"transform":{"scY":0.976,"skX":-6.85,"skY":-6.85,"scX":1.022},"duration":15},{"transform":{"scY":0.976,"skX":3.99,"skY":3.99,"scX":1.022},"duration":0}],"name":"Fin_B3"},{"frame":[{"curve":[0.25,0,0.75,1],"transform":{},"duration":5},{"curve":[0.25,0,0.75,1],"transform":{"skX":9.79,"skY":9.79},"duration":4},{"curve":[0.25,0,0.75,1],"transform":{"skX":-15.06,"skY":-15.06},"duration":3},{"curve":[0.25,0,0.967,0.66],"transform":{"skX":-15.19,"skY":-15.19},"duration":3},{"curve":[0.25,0,0.75,1],"transform":{"skX":34.17,"skY":34.17},"duration":15},{"transform":{},"duration":0}],"name":"Fin_X"},{"frame":[{"curve":[0.359,0.64,0.695,1],"transform":{"skX":7.4,"skY":7.4},"duration":5},{"curve":[0.25,0,0.75,1],"transform":{"skX":-115.38,"skY":-115.38},"duration":4},{"curve":[0.25,0,0.75,1],"transform":{"skX":-103.93,"skY":-103.93},"duration":3},{"curve":[0.25,0,0.75,1],"transform":{"skX":-115.38,"skY":-115.38},"duration":3},{"curve":[0.25,0,0.75,1],"transform":{"skX":-0.49,"skY":-0.49},"duration":15},{"transform":{"skX":7.4,"skY":7.4},"duration":0}],"name":"1-1"},{"frame":[{"curve":[0.374,0.61,0.715,1],"transform":{"skX":9.46,"skY":9.46},"duration":5},{"curve":[0.25,0,0.75,1],"transform":{"skX":-79.16,"skY":-79.16},"duration":4},{"curve":[0.25,0,0.75,1],"transform":{"skX":-65.62,"skY":-65.62},"duration":3},{"curve":[0.25,0,0.75,1],"transform":{"skX":-79.16,"skY":-79.16},"duration":3},{"curve":[0.25,0,0.75,1],"transform":{"skX":0.14,"skY":0.14},"duration":15},{"transform":{"skX":9.46,"skY":9.46},"duration":0}],"name":"2-1"},{"frame":[{"curve":[0.25,0,0.75,1],"transform":{},"duration":5},{"curve":[0.25,0,0.75,1],"transform":{"y":-25.63,"skX":0.93,"skY":0.93,"x":-43.96},"duration":4},{"curve":[0.25,0,0.75,1],"transform":{"y":-35.55,"skX":0.93,"skY":0.93,"x":-34.3},"duration":3},{"curve":[0.25,0,0.967,0.66],"transform":{"y":-42.32,"skX":0.59,"skY":0.59,"x":-53.04},"duration":3},{"curve":[0.25,0,0.75,1],"transform":{"y":1.17,"skX":5.89,"skY":5.89,"x":166.93},"duration":2},{"curve":[0.25,0,0.75,1],"transform":{"y":1.09,"skX":2.45,"skY":2.45,"x":99.81},"duration":13},{"transform":{},"duration":0}],"name":"bip"},{"frame":[{"curve":[0.381,0.54,0.742,1],"transform":{"scY":0.966,"skX":3.2,"skY":3.2,"scX":1.067},"duration":5},{"curve":[0.25,0,0.75,1],"transform":{"scY":0.966,"skX":10.49,"skY":10.49,"scX":1.067},"duration":4},{"curve":[0.25,0,0.75,1],"transform":{"scY":0.966,"skX":-5.06,"skY":-5.06,"scX":1.067},"duration":3},{"curve":[0.25,0,0.967,0.66],"transform":{"scY":0.966,"skX":3.25,"skY":3.25,"scX":1.067},"duration":3},{"curve":[0.25,0,0.75,1],"transform":{"scY":0.966,"skX":-20.6,"skY":-20.6,"scX":1.067},"duration":15},{"transform":{"scY":0.966,"skX":3.2,"skY":3.2,"scX":1.067},"duration":0}],"name":"Fin_B4"},{"frame":[{"curve":[0.374,0.61,0.715,1],"transform":{"skX":2.17,"skY":2.17},"duration":5},{"curve":[0.25,0,0.75,1],"transform":{"skX":45.57,"skY":45.57},"duration":4},{"curve":[0.25,0,0.75,1],"transform":{"skX":27.27,"skY":27.27},"duration":3},{"curve":[0.25,0,0.75,1],"transform":{"skX":45.57,"skY":45.57},"duration":3},{"curve":[0.25,0,0.75,1],"transform":{"skX":-37.72,"skY":-37.72},"duration":15},{"transform":{"skX":2.17,"skY":2.17},"duration":0}],"name":"1-2"},{"frame":[{"curve":[0.381,0.58,0.731,1],"transform":{"skX":3.67,"skY":3.67},"duration":5},{"curve":[0.25,0,0.75,1],"transform":{"skX":40.45,"skY":40.45},"duration":4},{"curve":[0.25,0,0.75,1],"transform":{"skX":26.54,"skY":26.54},"duration":3},{"curve":[0.25,0,0.75,1],"transform":{"skX":40.45,"skY":40.45},"duration":3},{"curve":[0.25,0,0.75,1],"transform":{"skX":-33.55,"skY":-33.55},"duration":15},{"transform":{"skX":3.67,"skY":3.67},"duration":0}],"name":"2-2"},{"frame":[{"curve":[0.374,0.61,0.715,1],"transform":{"scY":1.004,"skX":-1.77,"skY":-1.77,"scX":0.998},"duration":5},{"curve":[0.25,0,0.75,1],"transform":{"scY":1.025,"skX":-11.9,"skY":-11.9,"scX":0.963},"duration":7},{"curve":[0.25,0,0.967,0.66],"transform":{"scY":1.022,"skX":-22.47,"skY":-22.47,"scX":0.906},"duration":3},{"curve":[0.25,0,0.75,1],"transform":{"scY":0.975,"skX":-0.59,"skY":-0.59,"scX":1.009},"duration":2},{"curve":[0.25,0,0.75,1],"transform":{"scY":0.985,"skX":-4.92,"skY":-4.92,"scX":0.99},"duration":13},{"transform":{"scY":1.004,"skX":-1.77,"skY":-1.77,"scX":0.998},"duration":0}],"name":"body2"},{"frame":[{"curve":[0.381,0.58,0.731,1],"transform":{"skX":-0.92,"skY":-0.92},"duration":5},{"curve":[0.25,0,0.75,1],"transform":{"skX":-23,"skY":-23},"duration":4},{"curve":[0.25,0,0.75,1],"transform":{"skX":-12.72,"skY":-12.72},"duration":3},{"curve":[0.25,0,0.75,1],"transform":{"skX":-23,"skY":-23},"duration":3},{"curve":[0.25,0,0.75,1],"transform":{"skX":87.77,"skY":87.77},"duration":15},{"transform":{"skX":-0.92,"skY":-0.92},"duration":0}],"name":"1-3"},{"frame":[{"curve":[0.374,0.61,0.715,1],"transform":{"scY":0.986,"skX":2.25,"skY":2.25,"scX":1.008},"duration":5},{"curve":[0.25,0,0.75,1],"transform":{"scY":0.986,"skX":22.34,"skY":22.34,"scX":1.008},"duration":4},{"curve":[0.25,0,0.75,1],"transform":{"scY":0.986,"skX":-1.11,"skY":-1.11,"scX":1.008},"duration":3},{"curve":[0.25,0,0.967,0.66],"transform":{"scY":0.986,"skX":10.23,"skY":10.23,"scX":1.008},"duration":3},{"curve":[0.25,0,0.75,1],"transform":{"scY":0.986,"skX":-12.04,"skY":-12.04,"scX":1.008},"duration":15},{"transform":{"scY":0.986,"skX":2.25,"skY":2.25,"scX":1.008},"duration":0}],"name":"Fin_B2"},{"frame":[{"curve":[0.359,0.64,0.695,1],"transform":{"scY":1.001,"skX":-0.03,"skY":-0.03,"scX":0.998},"duration":5},{"curve":[0.25,0,0.75,1],"transform":{"scY":1.027,"skX":-3.87,"skY":-3.87,"scX":0.988},"duration":7},{"curve":[0.25,0,0.967,0.66],"transform":{"scY":1.027,"skX":-1.56,"skY":-1.56,"scX":0.988},"duration":3},{"curve":[0.25,0,0.75,1],"transform":{"scY":0.979,"skX":0.37,"skY":0.37,"scX":1.035},"duration":2},{"curve":[0.25,0,0.75,1],"transform":{"scY":0.979,"skX":-2.63,"skY":-2.63,"scX":1.035},"duration":13},{"transform":{"scY":1.001,"skX":-0.03,"skY":-0.03,"scX":0.998},"duration":0}],"name":"Head"},{"frame":[{"curve":[0.381,0.58,0.731,1],"transform":{"scY":1.005,"skX":-2.03,"skY":-2.03,"scX":0.997},"duration":5},{"curve":[0.25,0,0.75,1],"transform":{"scY":1.045,"skX":-15.42,"skY":-15.42,"scX":0.922},"duration":7},{"curve":[0.25,0,0.967,0.66],"transform":{"scY":1.097,"skX":-19.3,"skY":-19.3,"scX":0.859},"duration":3},{"curve":[0.25,0,0.75,1],"transform":{"scY":0.97,"skX":6.74,"skY":6.74,"scX":0.977},"duration":2},{"curve":[0.25,0,0.75,1],"transform":{"scY":0.999,"skX":9.61,"skY":9.61,"scX":0.935},"duration":13},{"transform":{"scY":1.005,"skX":-2.03,"skY":-2.03,"scX":0.997},"duration":0}],"name":"body3"},{"frame":[{"curve":[0.359,0.64,0.695,1],"transform":{"skX":-1.09,"skY":-1.09,"scX":0.999},"duration":5},{"curve":[0.25,0,0.75,1],"transform":{"scY":1.008,"skX":352.62,"skY":352.62,"scX":0.97},"duration":7},{"curve":[0.25,0,0.967,0.66],"transform":{"scY":1.03,"skX":353.08,"skY":353.08,"scX":0.942},"duration":3},{"curve":[0.25,0,0.75,1],"transform":{"scY":0.961,"skX":358.66,"skY":358.66,"scX":0.995},"duration":2},{"curve":[0.25,0,0.75,1],"transform":{"scY":0.972,"skX":356.24,"skY":356.24,"scX":0.987},"duration":13},{"transform":{"skX":-1.09,"skY":-1.09,"scX":0.999},"duration":0}],"name":"Body"},{"frame":[{"curve":[0.3155,0.27,0.746,1],"transform":{"skX":0.57,"skY":0.57},"duration":5},{"curve":[0.25,0,0.75,1],"transform":{"scY":1.018,"skX":-7.31,"skY":-7.31,"scX":0.951},"duration":7},{"curve":[0.25,0,0.967,0.66],"transform":{"scY":0.96,"skX":-13.53,"skY":-13.53,"scX":0.874},"duration":3},{"curve":[0.25,0,0.75,1],"transform":{"scY":0.926,"skX":5.1,"skY":5.1,"scX":0.98},"duration":2},{"curve":[0.25,0,0.75,1],"transform":{"scY":0.972,"skX":3.36,"skY":3.36,"scX":0.903},"duration":13},{"transform":{"skX":0.57,"skY":0.57},"duration":0}],"name":"Tail"},{"frame":[{"curve":[0.381,0.54,0.742,1],"transform":{"skX":-3.34,"skY":-3.34},"duration":5},{"curve":[0.25,0,0.75,1],"transform":{"skX":-20.05,"skY":-20.05},"duration":4},{"curve":[0.25,0,0.75,1],"transform":{"skX":0.53,"skY":0.53},"duration":3},{"curve":[0.25,0,0.75,1],"transform":{"skX":-20.05,"skY":-20.05},"duration":3},{"curve":[0.25,0,0.75,1],"transform":{"skX":82.77,"skY":82.77},"duration":15},{"transform":{"skX":-3.34,"skY":-3.34},"duration":0}],"name":"2-3"},{"frame":[{"curve":[0.359,0.64,0.695,1],"transform":{"scY":0.992,"skX":-4.89,"skY":-4.89,"scX":1.003},"duration":5},{"curve":[0.25,0,0.75,1],"transform":{"scY":0.992,"skX":13.5,"skY":13.5,"scX":1.003},"duration":4},{"curve":[0.25,0,0.75,1],"transform":{"scY":0.992,"skX":-2.61,"skY":-2.61,"scX":1.003},"duration":3},{"curve":[0.25,0,0.967,0.66],"transform":{"scY":0.992,"skX":7.29,"skY":7.29,"scX":1.003},"duration":3},{"curve":[0.25,0,0.75,1],"transform":{"scY":0.992,"skX":-18.45,"skY":-18.45,"scX":1.003},"duration":15},{"transform":{"scY":0.992,"skX":-4.89,"skY":-4.89,"scX":1.003},"duration":0}],"name":"Fin_B1"},{"frame":[{"curve":[0.25,0,0.75,1],"transform":{"skX":-0.14,"skY":-0.14},"duration":5},{"curve":[0.25,0,0.75,1],"transform":{"skX":-48.73,"skY":-48.73},"duration":4},{"curve":[0.25,0,0.75,1],"transform":{"skX":-45.06,"skY":-45.06},"duration":3},{"curve":[0.25,0,0.75,1],"transform":{"skX":-48.73,"skY":-48.73},"duration":3},{"curve":[0.25,0,0.75,1],"transform":{"skX":49.92,"skY":49.92},"duration":15},{"transform":{"skX":-0.14,"skY":-0.14},"duration":0}],"name":"3"},{"frame":[{"curve":[0.25,0,0.75,1],"transform":{"skX":-0.8,"skY":-0.8},"duration":5},{"curve":[0.25,0,0.75,1],"transform":{"skX":-43.03,"skY":-43.03},"duration":4},{"curve":[0.25,0,0.75,1],"transform":{"skX":-39.73,"skY":-39.73},"duration":3},{"curve":[0.25,0,0.75,1],"transform":{"skX":-43.03,"skY":-43.03},"duration":3},{"curve":[0.25,0,0.75,1],"transform":{"skX":70.52,"skY":70.52},"duration":15},{"transform":{"skX":-0.8,"skY":-0.8},"duration":0}],"name":"4"},{"frame":[{"transform":{},"duration":30}],"name":"root"},{"frame":[{"transform":{},"duration":30}],"name":"Fuji"},{"frame":[{"transform":{},"duration":30}],"name":"buff_up"},{"frame":[{"transform":{},"duration":30}],"name":"buff_mid"},{"frame":[{"transform":{},"duration":30}],"name":"buff_flo"}],"slot":[],"ffd":[],"frame":[],"name":"0002_shifa","duration":30,"ik":[]}],"skin":[{"slot":[{"display":[{"path":"1-1","type":"image","name":"1-1","transform":{"y":0.39,"skX":-120.42,"skY":-120.42,"x":5.06}}],"name":"1-1"},{"display":[{"path":"Fin_B2","type":"image","name":"Fin_B2","transform":{"y":1.51,"skX":141.05,"skY":141.05,"x":14.94}}],"name":"Fin_B2"},{"display":[{"path":"Fin_B1","type":"image","name":"Fin_B1","transform":{"y":0.13,"skX":141.38,"skY":141.38,"x":14.25}}],"name":"Fin_B1"},{"display":[{"path":"1-3","type":"image","name":"1-3","transform":{"y":0.38,"skX":-95.91,"skY":-95.91,"x":13.65}}],"name":"1-3"},{"display":[{"path":"buff_mid","type":"image","name":"buff_mid","transform":{"y":0.33,"x":1.29}}],"name":"buff_mid"},{"display":[{"path":"buff_up","type":"image","name":"buff_up","transform":{"y":-0.14,"x":0.66}}],"name":"buff_up"},{"display":[{"path":"buff_flo","type":"image","name":"buff_flo","transform":{"y":-0.7,"x":0.66}}],"name":"buff_flo"},{"display":[{"path":"Fin_B4","type":"image","name":"Fin_B4","transform":{"y":1.49,"skX":135.97,"skY":135.97,"x":8.61}}],"name":"Fin_B4"},{"display":[{"path":"2-1","type":"image","name":"2-1","transform":{"y":0.8,"skX":-119.32,"skY":-119.32,"x":6.46}}],"name":"2-1"},{"display":[{"path":"4","type":"image","name":"4","transform":{"y":-0.43,"skX":-82.38,"skY":-82.38,"x":12.92}}],"name":"4"},{"display":[{"path":"1-2","type":"image","name":"1-2","transform":{"y":-0.02,"skX":115.75,"skY":115.75,"x":8.37}}],"name":"1-2"},{"display":[{"path":"Tail","type":"image","name":"Tail","transform":{"y":-3.72,"skX":178.5,"skY":178.5,"x":16.87}}],"name":"Tail"},{"display":[{"path":"Head","type":"image","name":"Head","transform":{"y":-1.24,"skX":-1.02,"skY":-1.02,"x":22.42}}],"name":"Head"},{"display":[{"vertices":[24.3,-130,-6.79,-130.01,-31.75,-124.64,-51.51,-118.53,-74.98,-115.14,-75,-82.68,-51.76,-76.99,-33.37,-63.12,-15.44,-51.31,29.73,-35,63.77,-34.99,95.98,-46.29,95.99,-58.33,65.14,-65.59,61.96,-97.59,78.76,-106.21,77.41,-125.06,53.35,-128.24,30.2,-103.27,-17.15,-102.76,29.37,-57.29,-14.47,-68.07,-51.32,-89.08,29.38,-82.31,-17.96,-87.44],"uvs":[0.58158,-0.01075,0.39757,-0.01075,0.24981,0.04713,0.13296,0.11302,-0.00592,0.14963,-0.00592,0.49868,0.13162,0.5597,0.24041,0.70859,0.34652,0.83551,0.61382,1.01075,0.8153,1.01075,1.00592,0.88921,1.00592,0.75985,0.82336,0.68175,0.80455,0.33758,0.90395,0.24483,0.89589,0.04224,0.75352,0.00807,0.61651,0.27657,0.33635,0.2822,0.61172,0.77104,0.35226,0.65533,0.1342,0.42972,0.61172,0.50203,0.33157,0.44708],"path":"Body","edges":[4,5,5,6,6,7,7,8,8,9,9,10,10,11,11,12,12,13,13,14,14,15,15,16,16,17,17,0,0,1,1,2,2,3,3,4],"triangles":[13,10,11,13,11,12,17,14,16,16,14,15,17,18,14,20,9,10,14,23,13,23,20,13,20,10,13,18,23,14,0,18,17,0,1,18,1,19,18,24,23,18,19,24,18,23,21,20,8,9,20,21,8,20,24,21,23,2,19,1,21,7,8,2,3,19,22,24,19,4,5,22,22,5,6,3,19,4,4,22,19,24,21,22,22,6,7,22,7,21],"type":"mesh","transform":{},"slotPose":[1,0,0,1,0,0],"userEdges":[14,18,18,19,19,4,13,20,20,21,21,22,23,24],"width":169,"bonePose":[6,-0.9961794713721802,0.0873296101940437,-0.0873296101940437,-0.9961794713721802,58.79,-85.1,11,-0.9909597996205404,-0.13415914257335737,0.13415914257335737,-0.9909597996205404,28.953551536301266,-82.49443996940211,16,-0.9802366619777098,-0.19782842696335953,0.19782842696335953,-0.9802366619777098,-23.63802662098655,-89.60435606777399],"height":93,"name":"Body","weights":[3,6,0.41538,11,0.57541,16,0.0092,3,6,0.05372,11,0.72245,16,0.22381,2,11,0.28803,16,0.71196,2,11,0.02306,16,0.97693,1,16,1,1,16,1,2,11,0.02109,16,0.9789,2,11,0.50502,16,0.49497,3,6,0.01051,11,0.89039,16,0.09909,2,6,0.5712,11,0.42879,2,6,0.94267,11,0.05732,1,6,0.99999,1,6,0.99999,2,6,0.98601,11,0.01398,3,6,0.99561,11,0.00425,16,0.00012,2,6,0.99961,16,0.00038,3,6,0.99821,11,0.00134,16,0.00044,2,6,0.88392,11,0.11607,2,6,0.58902,11,0.41097,3,6,0.00224,11,0.73073,16,0.26701,2,6,0.50691,11,0.49307,3,6,0.00295,11,0.8998,16,0.09723,1,16,1,2,6,0.5,11,0.5,2,11,0.74664,16,0.25334]}],"name":"Body"},{"display":[{"path":"Fin_X","type":"image","name":"Fin_X","transform":{"y":-1.02,"skX":176.7,"skY":176.7,"x":26.24}}],"name":"Fin_X"},{"display":[{"path":"3","type":"image","name":"3","transform":{"y":1.14,"skX":-79.96,"skY":-79.96,"x":13.26}}],"name":"3"},{"display":[{"path":"2-3","type":"image","name":"2-3","transform":{"y":-1.46,"skX":-96.45,"skY":-96.45,"x":14.44}}],"name":"2-3"},{"display":[{"path":"2-2","type":"image","name":"2-2","transform":{"y":0.52,"skX":112.93,"skY":112.93,"x":10.02}}],"name":"2-2"},{"display":[{"path":"Fin_B3","type":"image","name":"Fin_B3","transform":{"y":1.3,"skX":135.47,"skY":135.47,"x":10.5}}],"name":"Fin_B3"}],"name":""}],"defaultActions":[{"gotoAndPlay":"0000_daiji"}],"aabb":{"width":225.96618299106353,"y":-174.36999999999998,"height":181.67,"x":-103.98736976535436},"slot":[{"name":"Fin_B1","parent":"Fin_B1","color":{}},{"z":1,"name":"Fin_B2","parent":"Fin_B2","color":{}},{"z":2,"name":"Fin_B3","parent":"Fin_B3","color":{}},{"z":3,"name":"Fin_B4","parent":"Fin_B4","color":{}},{"z":4,"name":"3","parent":"3","color":{}},{"z":5,"name":"4","parent":"4","color":{}},{"z":6,"name":"Tail","parent":"Tail","color":{}},{"z":7,"name":"Head","parent":"Head","color":{}},{"z":8,"name":"Body","parent":"Body","color":{}},{"z":9,"name":"1-1","parent":"1-1","color":{}},{"z":10,"name":"1-2","parent":"1-2","color":{}},{"z":11,"name":"1-3","parent":"1-3","color":{}},{"z":12,"name":"2-1","parent":"2-1","color":{}},{"z":13,"name":"2-2","parent":"2-2","color":{}},{"z":14,"name":"2-3","parent":"2-3","color":{}},{"z":15,"name":"Fin_X","parent":"Fin_X","color":{}},{"z":16,"name":"buff_up","parent":"buff_up","color":{"aM":0}},{"z":17,"name":"buff_mid","parent":"buff_mid","color":{"aM":0}},{"z":18,"name":"buff_flo","parent":"buff_flo","color":{"aM":0}}],"name":"armatureName","ik":[]}],"name":"cw_006_zhaozezhizhu_cj","version":"4.0"}