{"frameRate":30,"name":"wj_038_xuanlv","version":"5.5","compatibleVersion":"5.5","armature":[{"type":"Armature","frameRate":30,"name":"armatureName","aabb":{"x":-103.86,"y":-249.36,"width":181,"height":260.26},"bone":[{"name":"root"},{"name":"bone","parent":"root","transform":{"x":4.77,"y":-104.39}},{"name":"buff_flo","parent":"root"},{"name":"buff_mid","parent":"root","transform":{"y":-134.6}},{"name":"buff_up","parent":"root","transform":{"y":-235.4}},{"name":"jiao3","parent":"root","transform":{"x":32.94,"y":2.19}},{"name":"tui1","parent":"root","transform":{"x":-28.68,"y":-16.14}},{"name":"tui2","parent":"root","transform":{"x":21.31,"y":-13.67}},{"name":"jiao2","parent":"root","transform":{"x":-15.72,"y":3.12}},{"name":"wj_038_xuanlv_pz","parent":"root","transform":{"x":-35.58,"y":-39.53}},{"length":25,"name":"qunzi3","parent":"bone","transform":{"x":22.02,"y":-9.9,"skX":73.82,"skY":73.82}},{"length":25,"name":"qunzi","parent":"bone","transform":{"x":-18.71,"y":-14.31,"skX":110.52,"skY":110.52}},{"length":73,"name":"shangyi","parent":"bone","transform":{"x":-0.55,"y":-0.55,"skX":-92.56,"skY":-92.56}},{"length":43,"name":"datui1","parent":"bone","transform":{"x":-18.02,"y":19.73,"skX":68.89,"skY":68.89}},{"length":45,"name":"tuyiban_datui2","parent":"bone","transform":{"x":8.25,"y":18.16,"skX":66.36,"skY":66.36}},{"length":24,"name":"weijin1","parent":"shangyi","transform":{"x":76.01,"y":-11.48,"skX":-131.6,"skY":-131.6}},{"length":42,"name":"shangbi2","parent":"shangyi","transform":{"x":61.16,"y":24.77,"skX":167.59,"skY":167.59}},{"length":35,"name":"qunzi2","parent":"qunzi","transform":{"x":25.64,"y":0.98,"skX":11.7,"skY":11.7}},{"length":35,"name":"xiaotui1","parent":"datui1","transform":{"x":37.83,"y":-0.15,"skX":43.62,"skY":43.62}},{"length":66,"name":"tuyiban_tou","parent":"shangyi","transform":{"x":71.29,"y":-4.52,"skX":8.7,"skY":8.7}},{"length":46,"name":"tuyiban_dabi","parent":"shangyi","transform":{"x":59.07,"y":-27.11,"skX":-153.41,"skY":-153.41}},{"length":43,"name":"weijin2","parent":"shangyi","transform":{"x":81.17,"y":8.58,"skX":176.77,"skY":176.77}},{"length":33,"name":"qunzi4","parent":"qunzi3","transform":{"x":27.37,"y":0.49,"skX":11.44,"skY":11.44}},{"length":37,"name":"tuyiban_xiaotui2","parent":"tuyiban_datui2","transform":{"x":41.42,"y":0.09,"skX":36.51,"skY":36.51}},{"length":35,"name":"weijn3","parent":"shangyi","transform":{"x":76.38,"y":17.19,"skX":132.48,"skY":132.48}},{"length":15,"name":"tuyiban_jiao2","parent":"tuyiban_xiaotui2","transform":{"x":36.44,"y":1.26,"skX":-49.22,"skY":-49.22}},{"length":41,"name":"toufa1","parent":"tuyiban_tou","transform":{"x":30.1,"y":-18.73,"skX":-145.16,"skY":-145.16}},{"length":33,"name":"tuyiban_xiaobi1","parent":"tuyiban_dabi","transform":{"x":41.64,"y":0.11,"skX":-35.8,"skY":-35.8}},{"length":68,"name":"toufa","parent":"tuyiban_tou","transform":{"x":41.54,"y":-5.01,"skX":-171.63,"skY":-171.63}},{"length":17,"name":"jiao1","parent":"xiaotui1","transform":{"x":34.18,"y":1.93,"skX":-55.4,"skY":-55.4}},{"name":"tuyiban_biyan","parent":"tuyiban_tou","transform":{"x":32.94,"y":18.05}},{"length":32,"name":"xiaobi2","parent":"shangbi2","transform":{"x":42.3,"y":1.63,"skX":-10.74,"skY":-10.74}},{"length":24,"name":"tuyiban_shou2","parent":"tuyiban_xiaobi1","transform":{"x":32.83,"y":-1.03,"skX":-1.03,"skY":-1.03}},{"length":22,"name":"shou2","parent":"xiaobi2","transform":{"x":33.49,"y":0.24,"skX":11.7,"skY":11.7}},{"length":49,"name":"tuyiban_dizi","parent":"tuyiban_shou2","transform":{"x":25.57,"y":-3.21,"skX":-62.78,"skY":-62.78}}],"slot":[{"blendMode":"erase","name":"wj_038_xuanlv_pz","parent":"wj_038_xuanlv_pz","color":{"aM":0}},{"blendMode":"erase","name":"buff_flo","parent":"buff_flo","color":{"aM":0}},{"name":"shangbi2","parent":"shangbi2"},{"name":"shou2","parent":"shou2"},{"name":"xiaobi2","parent":"xiaobi2"},{"name":"toufa1","parent":"toufa1"},{"name":"toufa","parent":"toufa"},{"name":"tuyiban_jiao2","parent":"tuyiban_jiao2"},{"name":"tuyiban_xiaotui2","parent":"tuyiban_xiaotui2"},{"name":"tuyiban_datui2","parent":"tuyiban_datui2"},{"name":"jiao1","parent":"jiao1"},{"name":"xiaotui1","parent":"xiaotui1"},{"name":"datui1","parent":"datui1"},{"name":"shangyi","parent":"shangyi"},{"name":"qunzi","parent":"qunzi4"},{"name":"tuyiban_dabi","parent":"tuyiban_dabi"},{"name":"weijn3","parent":"weijn3"},{"name":"weijin1","parent":"weijin1"},{"name":"weijin2","parent":"weijin2"},{"name":"tuyiban_tou","parent":"tuyiban_tou"},{"name":"tuyiban_dizi","parent":"tuyiban_dizi"},{"name":"tuyiban_shou2","parent":"tuyiban_shou2"},{"name":"tuyiban_xiaobi1","parent":"tuyiban_xiaobi1"},{"displayIndex":-1,"name":"tuyiban_biyan","parent":"tuyiban_biyan"},{"blendMode":"erase","name":"buff_up","parent":"buff_up","color":{"aM":0}},{"blendMode":"erase","name":"buff_mid","parent":"buff_mid","color":{"aM":0}}],"ik":[{"chain":1,"name":"tui1","bone":"xiaotui1","target":"tui1"},{"chain":1,"name":"tui2","bone":"tuyiban_xiaotui2","target":"tui2"},{"bendPositive":false,"name":"jiao2","bone":"tuyiban_jiao2","target":"jiao3"},{"bendPositive":false,"name":"jiao1","bone":"jiao1","target":"jiao2"}],"skin":[{"slot":[{"name":"toufa","display":[{"name":"toufa","transform":{"x":35.54,"y":-0.08,"skX":-104.53,"skY":-104.53}}]},{"name":"shangyi","display":[{"name":"shangyi","transform":{"x":29.01,"y":-1.27,"skX":92.56,"skY":92.56}}]},{"name":"tuyiban_dizi","display":[{"name":"tuyiban_dizi","transform":{"x":12.86,"y":-0.99,"skX":-14.44,"skY":-14.44}}]},{"name":"buff_mid","display":[{"name":"buff_mid","transform":{"x":0.98,"y":-0.98}}]},{"name":"shangbi2","display":[{"name":"shangbi2","transform":{"x":23.88,"y":0.79,"skX":-74.96,"skY":-74.96}}]},{"name":"tuyiban_datui2","display":[{"name":"tuyiban_datui2","transform":{"x":24.33,"y":0.14,"skX":-66.2,"skY":-66.2}}]},{"name":"weijn3","display":[{"name":"weijn3","transform":{"x":28.02,"y":10.64,"skX":-40.06,"skY":-40.06}}]},{"name":"toufa1","display":[{"name":"toufa1","transform":{"x":28.95,"y":2.3,"skX":-131.07,"skY":-131.07}}]},{"name":"datui1","display":[{"name":"datui1","transform":{"x":18.75,"y":-0.27,"skX":-68.76,"skY":-68.76}}]},{"name":"tuyiban_tou","display":[{"name":"tuyiban_tou","transform":{"x":32.77,"y":1.64,"skX":83.86,"skY":83.86}}]},{"name":"buff_up","display":[{"name":"buff_up","transform":{"x":0.07,"y":-0.85}}]},{"name":"buff_flo","display":[{"name":"buff_flo","transform":{"y":0.49}}]},{"name":"tuyiban_xiaotui2","display":[{"name":"tuyiban_xiaotui2","transform":{"x":14.76,"y":0.11,"skX":-102.91,"skY":-102.91}}]},{"name":"tuyiban_dabi","display":[{"name":"tuyiban_dabi","transform":{"x":22.66,"y":-0.42,"skX":-114.2,"skY":-114.2}}]},{"name":"tuyiban_xiaobi1","display":[{"name":"tuyiban_xiaobi1","transform":{"x":15.72,"y":-0.01,"skX":-78.2,"skY":-78.2}}]},{"name":"xiaobi2","display":[{"name":"xiaobi2","transform":{"x":16.77,"y":-0.29,"skX":-64.08,"skY":-64.08}}]},{"name":"xiaotui1","display":[{"name":"xiaotui1","transform":{"x":11.55,"y":-1.26,"skX":-112.65,"skY":-112.65}}]},{"name":"weijin2","display":[{"name":"weijin2","transform":{"x":34.93,"y":3.58,"skX":-84.19,"skY":-84.19}}]},{"name":"tuyiban_biyan","display":[{"name":"tuyiban_biyan","transform":{"x":1.44,"y":-6.02,"skX":83.86,"skY":83.86}}]},{"name":"wj_038_xuanlv_pz","display":[{"name":"wj_038_xuanlv_pz","transform":{"x":41.24,"y":-86.13,"scX":11.872,"scY":23.755}}]},{"name":"tuyiban_jiao2","display":[{"name":"tuyiban_jiao2","transform":{"x":12.5,"y":-1.75,"skX":-47.13,"skY":-47.13}}]},{"name":"qunzi","display":[{"type":"mesh","name":"qunzi","width":122,"height":104,"vertices":[63.19,-94.09,63.17,-67.07,63.15,-33.7,44.54,-33.71,-26,-33.74,-60.79,-66.78,-60.78,-82.93,-48.05,-98.35,-38.04,-119.81,-28.74,-139.71,0.37,-139.7,29.15,-139.69,54.06,-139.69,-2.44,-109.57,31.59,-108.5,56.9,-121.42,34.39,-83.59,-5.61,-85.35,-16.5,-60.09,36.14,-59.02],"uvs":[1.0082,0.42881,1.0082,0.68868,1.0082,1.00962,0.8556,1.00962,0.27731,1.00962,-0.0082,0.69206,-0.0082,0.5368,0.09605,0.38831,0.17813,0.18192,0.25429,-0.00962,0.49309,-0.00962,0.729,-0.00962,0.93327,-0.00962,0.47007,0.2803,0.74914,0.29044,0.95665,0.16608,0.77216,0.53006,0.44417,0.51319,0.35498,0.75618,0.78654,0.7663],"triangles":[15,14,0,14,16,0,12,15,0,19,3,1,0,16,1,16,19,1,1,3,2,12,11,15,11,14,15,19,18,3,18,4,3,10,13,11,11,13,14,13,17,14,14,17,16,16,17,19,17,18,19,9,8,13,9,13,10,7,17,13,8,7,13,7,18,17,7,6,18,6,5,18,5,4,18],"weights":[3,22,0.40543,17,0.00002,10,0.59453,4,22,0.93818,11,0.00001,17,0.00003,10,0.06175,1,22,1,2,22,0.9974,17,0.00259,2,22,0.20792,17,0.79207,1,17,1,2,11,0.00995,17,0.99004,2,11,0.26058,17,0.7394,3,11,0.92629,17,0.07365,10,0.00005,1,11,1,2,11,0.72919,10,0.2708,2,11,0.07857,10,0.92142,1,10,1,4,22,0.00739,11,0.85543,17,0.01002,10,0.12714,1,10,1,2,22,0.01703,10,0.98296,1,22,1,4,22,0.18073,11,0.25001,17,0.47803,10,0.09121,4,22,0.21761,11,0.00781,17,0.77027,10,0.00429,1,22,1],"slotPose":[1,0,0,1,0,0],"bonePose":[22,0.082634,0.99658,-0.99658,0.082634,33.94622,-87.867557,11,-0.350534,0.93655,-0.93655,-0.350534,-13.94,-118.7,17,-0.533172,0.846007,-0.846007,-0.533172,-23.845519,-95.030385,10,0.278656,0.960391,-0.960391,0.278656,26.79,-114.29],"edges":[5,4,4,3,3,2,2,1,1,0,0,12,12,11,11,10,10,9,9,8,8,7,7,6,6,5],"userEdges":[8,13,13,10,11,14,13,14,15,14,12,15,15,0,0,16,14,16,16,17,13,17,17,7,17,18,6,18,18,4,18,19,19,1,16,19,19,3]}]},{"name":"tuyiban_shou2","display":[{"name":"tuyiban_shou2","transform":{"x":13.03,"y":-1.15,"skX":-77.15,"skY":-77.15}}]},{"name":"shou2","display":[{"name":"shou2","transform":{"x":10.68,"y":-2.72,"skX":-75.91,"skY":-75.91}},{"name":"tuyiban_shou1","transform":{"skX":-75.91,"skY":-75.91}}]},{"name":"jiao1","display":[{"name":"jiao1","transform":{"x":15.36,"y":-3.57,"skX":-62.25,"skY":-62.25}}]},{"name":"weijin1","display":[{"name":"weijin1","transform":{"x":27.42,"y":-1.69,"skX":-135.97,"skY":-135.97}}]}]}],"animation":[{"duration":20,"name":"0000_chuchang","bone":[{"name":"bone","translateFrame":[{"duration":5,"curve":[0.476,0,1,0.55],"x":-10.53,"y":-69.68},{"duration":5,"curve":[0,0.38,0.75,1],"x":-11.31,"y":-1.39},{"duration":10,"curve":[0.25,0,1,0.65],"x":-1.23,"y":21.56},{"duration":0}]},{"name":"qunzi","translateFrame":[{"duration":5,"x":-3.49,"y":-1.39},{"duration":5,"curve":[0,0.38,0.75,1],"x":-3.49,"y":-1.39},{"duration":10}]},{"name":"qunzi2","rotateFrame":[{"duration":5,"rotate":4.91},{"duration":5,"curve":[0,0.38,0.75,1],"rotate":4.91},{"duration":10,"curve":[0.25,0,1,0.65],"rotate":19},{"duration":0}]},{"name":"qunzi4","rotateFrame":[{"duration":5,"rotate":-17.7},{"duration":5,"curve":[0,0.38,0.75,1],"rotate":-17.7},{"duration":10,"curve":[0.25,0,1,0.65],"rotate":-27.3},{"duration":0}]},{"name":"shangyi","rotateFrame":[{"duration":5,"rotate":11.86},{"duration":5,"curve":[0,0.38,0.75,1],"rotate":11.86},{"duration":10,"curve":[0.25,0,1,0.65],"rotate":16.28},{"duration":0}]},{"name":"tuyiban_tou","rotateFrame":[{"duration":10,"rotate":-4.72},{"duration":10,"curve":[0.25,0,1,0.65],"rotate":-4.72},{"duration":0}]},{"name":"toufa1","rotateFrame":[{"duration":10,"rotate":5.29},{"duration":10,"curve":[0.25,0,1,0.65],"rotate":5.29},{"duration":0}]},{"name":"toufa","rotateFrame":[{"duration":10,"rotate":3.43},{"duration":10,"curve":[0.25,0,1,0.65],"rotate":3.43},{"duration":0}]},{"name":"tuyiban_dabi","rotateFrame":[{"duration":5,"rotate":47.87},{"duration":5,"curve":[0,0.38,0.75,1],"rotate":47.87},{"duration":10,"curve":[0.25,0,1,0.65],"rotate":43.3},{"duration":0}]},{"name":"tuyiban_xiaobi1","rotateFrame":[{"duration":5,"rotate":-12.01},{"duration":5,"curve":[0,0.38,0.75,1],"rotate":-12.01},{"duration":10,"curve":[0.25,0,1,0.65],"rotate":-61.84},{"duration":0}]},{"name":"shangbi2","rotateFrame":[{"duration":5,"rotate":-48.84},{"duration":5,"curve":[0,0.38,0.75,1],"rotate":-48.84},{"duration":10,"curve":[0.25,0,1,0.65],"rotate":-41.18},{"duration":0}]},{"name":"xiaobi2","rotateFrame":[{"duration":5,"rotate":19.17},{"duration":5,"curve":[0,0.38,0.75,1],"rotate":19.17},{"duration":10,"curve":[0.25,0,1,0.65],"rotate":55.86},{"duration":0}]},{"name":"weijin1","rotateFrame":[{"duration":10,"rotate":16.38},{"duration":10,"curve":[0.25,0,1,0.65],"rotate":16.38},{"duration":0}]},{"name":"weijin2","rotateFrame":[{"duration":10,"rotate":-6.62},{"duration":10,"curve":[0.25,0,1,0.65],"rotate":-6.62},{"duration":0}]},{"name":"weijn3","rotateFrame":[{"duration":10,"rotate":-22.57},{"duration":10,"curve":[0.25,0,1,0.65],"rotate":-22.57},{"duration":0}]},{"name":"tui2","translateFrame":[{"duration":5,"curve":[0.476,0,1,0.55],"x":-9.83,"y":-76.99},{"duration":15,"x":3.36,"y":-5.59}]},{"name":"tui1","translateFrame":[{"duration":5,"curve":[0.476,0,1,0.55],"x":15.52,"y":-65.78},{"duration":15,"y":-4.47}]},{"name":"jiao2","translateFrame":[{"duration":5,"curve":[0.476,0,1,0.55],"x":11.03,"y":-61.86},{"duration":15,"x":-4.48,"y":-0.56}]},{"name":"jiao3","translateFrame":[{"duration":5,"curve":[0.476,0,1,0.55],"x":-17.11,"y":-71.95},{"duration":15,"x":-3.91,"y":-0.56}]}]},{"duration":60,"name":"0001_daiji","bone":[{"name":"bone","translateFrame":[{"duration":30,"curve":[0.25,0,0.75,1]},{"duration":30,"curve":[0.25,0,0.75,1],"x":-0.51,"y":2.55},{"duration":0}]},{"name":"qunzi2","rotateFrame":[{"duration":30,"curve":[0.25,0,0.75,1]},{"duration":30,"curve":[0.25,0,0.75,1],"rotate":4.54},{"duration":0}]},{"name":"qunzi4","rotateFrame":[{"duration":30,"curve":[0.25,0,0.75,1]},{"duration":30,"curve":[0.25,0,0.75,1],"rotate":-6.74},{"duration":0}]},{"name":"shangyi","translateFrame":[{"duration":30,"curve":[0.25,0,0.75,1]},{"duration":30,"curve":[0.25,0,0.75,1],"x":0.51,"y":1.53},{"duration":0}]},{"name":"tuyiban_tou","rotateFrame":[{"duration":30,"curve":[0.25,0,0.75,1]},{"duration":30,"curve":[0.25,0,0.75,1],"rotate":0.99},{"duration":0}]},{"name":"toufa1","rotateFrame":[{"duration":30,"curve":[0.25,0,0.6875,0.75]},{"duration":30,"curve":[0.3125,0.25,0.75,1],"rotate":1.75},{"duration":0}],"scaleFrame":[{"duration":30,"curve":[0.25,0,0.6875,0.75]},{"duration":30,"curve":[0.3125,0.25,0.75,1],"x":1.01},{"duration":0}]},{"name":"toufa","rotateFrame":[{"duration":30,"curve":[0.25,0,0.75,1]},{"duration":30,"curve":[0.25,0,0.75,1],"rotate":2.75},{"duration":0}]},{"name":"tuyiban_dabi","rotateFrame":[{"duration":30,"curve":[0.25,0,0.75,1]},{"duration":30,"curve":[0.25,0,0.75,1],"rotate":4.6},{"duration":0}]},{"name":"tuyiban_xiaobi1","rotateFrame":[{"duration":30,"curve":[0.25,0,0.75,1]},{"duration":30,"curve":[0.25,0,0.75,1],"rotate":-4.99},{"duration":0}]},{"name":"tuyiban_shou2","rotateFrame":[{"duration":30,"curve":[0.25,0,0.75,1]},{"duration":30,"curve":[0.25,0,0.75,1],"rotate":-1.68},{"duration":0}]},{"name":"shangbi2","rotateFrame":[{"duration":30,"curve":[0.25,0,0.75,1]},{"duration":30,"curve":[0.25,0,0.75,1],"rotate":-2.56},{"duration":0}]},{"name":"xiaobi2","rotateFrame":[{"duration":30,"curve":[0.25,0,0.75,1]},{"duration":30,"curve":[0.25,0,0.75,1],"rotate":2.05},{"duration":0}]},{"name":"weijin1","rotateFrame":[{"duration":30,"curve":[0.25,0,0.6875,0.75]},{"duration":30,"curve":[0.3125,0.25,0.75,1],"rotate":5.61},{"duration":0}],"scaleFrame":[{"duration":30,"curve":[0.25,0,0.6875,0.75]},{"duration":30,"curve":[0.3125,0.25,0.75,1],"x":1.02},{"duration":0}]},{"name":"weijin2","scaleFrame":[{"duration":30,"curve":[0.25,0,0.625,0.5]},{"duration":30,"curve":[0.375,0.5,0.75,1],"x":0.99,"y":1.03},{"duration":0}]},{"name":"weijn3","rotateFrame":[{"duration":30,"curve":[0.25,0,0.6875,0.75]},{"duration":30,"curve":[0.3125,0.25,0.75,1],"rotate":-5.94},{"duration":0}],"scaleFrame":[{"duration":30,"curve":[0.25,0,0.6875,0.75]},{"duration":30,"curve":[0.3125,0.25,0.75,1],"x":1.02},{"duration":0}]}],"slot":[{"name":"tuyiban_biyan","displayFrame":[{"duration":5,"value":-1},{"duration":3},{"duration":52,"value":-1}]}]},{"duration":30,"name":"0002_pao","bone":[{"name":"bone","translateFrame":[{"duration":7,"curve":[0.252,0,0.622,0.48]},{"duration":8,"curve":[0.371,0.48,0.751,1],"x":0.97,"y":-7.76},{"duration":7,"curve":[0.25,0,0.75,1]},{"duration":8,"curve":[0.371,0.48,0.751,1],"x":0.97,"y":-7.76},{"duration":0}],"rotateFrame":[{"duration":30,"rotate":13.75}]},{"name":"qunzi","translateFrame":[{"duration":30,"x":-10.16,"y":0.92}],"rotateFrame":[{"duration":30,"rotate":3.14}]},{"name":"qunzi2","rotateFrame":[{"duration":8,"curve":[0.248,0,0.628,0.51]},{"duration":7,"curve":[0.377,0.51,0.747,1],"rotate":-17.84},{"duration":8,"curve":[0.25,0,0.75,1]},{"duration":7,"curve":[0.377,0.51,0.747,1],"rotate":-17.84},{"duration":0}]},{"name":"qunzi3","translateFrame":[{"duration":30,"x":-8.48,"y":7.79}],"rotateFrame":[{"duration":30,"rotate":2.48}]},{"name":"qunzi4","translateFrame":[{"duration":5,"curve":[0.2535,0,0.6325000000000001,0.51],"x":-6.06,"y":-8.06},{"duration":5,"curve":[0.351,0.4,0.756,1],"x":-11.31,"y":-21.13},{"duration":5,"curve":[0.382,0.57,0.735,1],"x":-11.31,"y":-21.13},{"duration":5,"curve":[0.2535,0,0.6325000000000001,0.51],"x":-6.06,"y":-8.06},{"duration":5,"curve":[0.351,0.4,0.756,1],"x":-11.55,"y":-18.47},{"duration":5,"curve":[0.382,0.57,0.735,1],"x":-11.55,"y":-18.47},{"duration":0,"x":-6.06,"y":-8.06}],"rotateFrame":[{"duration":5,"curve":[0.2535,0,0.6325000000000001,0.51]},{"duration":5,"curve":[0.351,0.4,0.756,1]},{"duration":5,"curve":[0.382,0.57,0.735,1],"rotate":-17.3},{"duration":5,"curve":[0.2535,0,0.6325000000000001,0.51]},{"duration":5,"curve":[0.351,0.4,0.756,1]},{"duration":5,"curve":[0.382,0.57,0.735,1],"rotate":-17.63},{"duration":0}]},{"name":"shangyi","rotateFrame":[{"duration":8,"curve":[0.248,0,0.628,0.51]},{"duration":7,"curve":[0.377,0.51,0.747,1],"rotate":-0.34},{"duration":8,"curve":[0.25,0,0.75,1]},{"duration":7,"curve":[0.377,0.51,0.747,1],"rotate":-0.34},{"duration":0}]},{"name":"tuyiban_tou","rotateFrame":[{"duration":8,"curve":[0.248,0,0.628,0.51],"rotate":-5.67},{"duration":7,"curve":[0.377,0.51,0.747,1],"rotate":-7.14},{"duration":8,"curve":[0.25,0,0.75,1],"rotate":-5.67},{"duration":7,"curve":[0.377,0.51,0.747,1],"rotate":-7.14},{"duration":0,"rotate":-5.67}]},{"name":"toufa1","rotateFrame":[{"duration":8,"curve":[0.248,0,0.628,0.51],"rotate":7.52},{"duration":7,"curve":[0.377,0.51,0.747,1],"rotate":16.01},{"duration":8,"curve":[0.25,0,0.75,1],"rotate":7.52},{"duration":7,"curve":[0.377,0.51,0.747,1],"rotate":16.01},{"duration":0,"rotate":7.52}]},{"name":"toufa","rotateFrame":[{"duration":8,"curve":[0.248,0,0.628,0.51],"rotate":9.02},{"duration":7,"curve":[0.377,0.51,0.747,1],"rotate":12.96},{"duration":8,"curve":[0.25,0,0.75,1],"rotate":9.02},{"duration":7,"curve":[0.377,0.51,0.747,1],"rotate":12.96},{"duration":0,"rotate":9.02}]},{"name":"tuyiban_dabi","rotateFrame":[{"duration":8,"curve":[0.248,0,0.628,0.51],"rotate":16.37},{"duration":7,"curve":[0.377,0.51,0.747,1],"rotate":18.09},{"duration":8,"curve":[0.25,0,0.75,1],"rotate":16.37},{"duration":7,"curve":[0.377,0.51,0.747,1],"rotate":18.09},{"duration":0,"rotate":16.37}]},{"name":"tuyiban_xiaobi1","rotateFrame":[{"duration":8,"curve":[0.248,0,0.628,0.51]},{"duration":7,"curve":[0.377,0.51,0.747,1],"rotate":-4.79},{"duration":8,"curve":[0.25,0,0.75,1]},{"duration":7,"curve":[0.377,0.51,0.747,1],"rotate":-4.79},{"duration":0}]},{"name":"tuyiban_shou2","rotateFrame":[{"duration":8,"curve":[0.248,0,0.628,0.51]},{"duration":7,"curve":[0.377,0.51,0.747,1],"rotate":-3.48},{"duration":8,"curve":[0.25,0,0.75,1]},{"duration":7,"curve":[0.377,0.51,0.747,1],"rotate":-3.48},{"duration":0}]},{"name":"shangbi2","rotateFrame":[{"duration":8,"curve":[0.248,0,0.628,0.51],"rotate":-11.4},{"duration":7,"curve":[0.377,0.51,0.747,1],"rotate":-15.97},{"duration":8,"curve":[0.25,0,0.75,1],"rotate":-11.4},{"duration":7,"curve":[0.377,0.51,0.747,1],"rotate":-15.97},{"duration":0,"rotate":-11.4}]},{"name":"xiaobi2","rotateFrame":[{"duration":8,"curve":[0.248,0,0.628,0.51]},{"duration":7,"curve":[0.377,0.51,0.747,1],"rotate":7.66},{"duration":8,"curve":[0.25,0,0.75,1]},{"duration":7,"curve":[0.377,0.51,0.747,1],"rotate":7.66},{"duration":0}]},{"name":"tuyiban_dizi","rotateFrame":[{"duration":8,"curve":[0.248,0,0.628,0.51]},{"duration":7,"curve":[0.377,0.51,0.747,1],"rotate":-0.56},{"duration":8,"curve":[0.25,0,0.75,1]},{"duration":7,"curve":[0.377,0.51,0.747,1],"rotate":-0.56},{"duration":0}]},{"name":"datui1","translateFrame":[{"duration":5,"curve":[0.264,0,0.617,0.42]},{"duration":5,"curve":[0.325,0.3,0.674,0.69],"x":24.61,"y":-0.63},{"duration":5,"curve":[0.382,0.57,0.735,1],"x":30.58,"y":1.12},{"duration":5,"curve":[0.264,0,0.617,0.42],"x":28.98,"y":-1.44},{"duration":10,"curve":[0.351,0.4,0.756,1],"x":5.71,"y":4.33},{"duration":0}]},{"name":"tuyiban_datui2","translateFrame":[{"duration":5,"curve":[0.264,0,0.617,0.42]},{"duration":5,"curve":[0.325,0.3,0.674,0.69],"x":-24.24,"y":2.16},{"duration":5,"curve":[0.382,0.57,0.735,1],"x":-27.17,"y":6.22},{"duration":5,"curve":[0.264,0,0.617,0.42],"x":-24.85,"y":-0.12},{"duration":5,"curve":[0.325,0.3,0.674,0.69],"x":-4.78,"y":2.36},{"duration":5,"curve":[0.382,0.57,0.735,1],"x":0.22,"y":0.42},{"duration":0}]},{"name":"weijin1","rotateFrame":[{"duration":8,"curve":[0.248,0,0.628,0.51],"rotate":4.44},{"duration":7,"curve":[0.377,0.51,0.747,1],"rotate":7.14},{"duration":8,"curve":[0.25,0,0.75,1],"rotate":4.44},{"duration":7,"curve":[0.377,0.51,0.747,1],"rotate":7.14},{"duration":0,"rotate":4.44}]},{"name":"weijin2","rotateFrame":[{"duration":8,"curve":[0.248,0,0.628,0.51],"rotate":3.55},{"duration":7,"curve":[0.377,0.51,0.747,1],"rotate":6.37},{"duration":8,"curve":[0.25,0,0.75,1],"rotate":3.55},{"duration":7,"curve":[0.377,0.51,0.747,1],"rotate":6.37},{"duration":0,"rotate":3.55}]},{"name":"weijn3","rotateFrame":[{"duration":8,"curve":[0.248,0,0.628,0.51],"rotate":3.87},{"duration":7,"curve":[0.377,0.51,0.747,1],"rotate":1.21},{"duration":8,"curve":[0.25,0,0.75,1],"rotate":3.87},{"duration":7,"curve":[0.377,0.51,0.747,1],"rotate":1.21},{"duration":0,"rotate":3.87}]},{"name":"tui2","translateFrame":[{"duration":5,"tweenEasing":0,"x":-26.25},{"duration":5,"tweenEasing":0,"x":-71.75,"y":-8.36},{"duration":5,"tweenEasing":0,"x":-87.7,"y":-30.33},{"duration":5,"tweenEasing":0,"x":-64.61,"y":-23.01},{"duration":5,"tweenEasing":0,"x":-2.5,"y":-14.24},{"duration":5,"tweenEasing":0,"x":25.07,"y":-2.19},{"duration":0,"x":-26.25}]},{"name":"jiao3","translateFrame":[{"duration":5,"tweenEasing":0,"x":-18.99,"y":0.55},{"duration":5,"tweenEasing":0,"x":-80.18,"y":-13.56},{"duration":5,"tweenEasing":0,"x":-113.39,"y":-27.42},{"duration":5,"tweenEasing":0,"x":-88.58,"y":-9.3},{"duration":5,"tweenEasing":0,"x":-5.11,"y":-16.97},{"duration":5,"tweenEasing":0,"x":27.95,"y":-8.75},{"duration":0,"x":-18.99,"y":0.55}]},{"name":"tui1","translateFrame":[{"duration":5,"tweenEasing":0,"x":-14.52,"y":-25.69},{"duration":5,"tweenEasing":0,"x":44.05,"y":-18.89},{"duration":5,"tweenEasing":0,"x":71.77,"y":-1.37},{"duration":5,"tweenEasing":0,"x":21.64,"y":-1.03},{"duration":5,"tweenEasing":0,"x":-26.58,"y":-13.64},{"duration":5,"tweenEasing":0,"x":-34.25,"y":-38.3},{"duration":0,"x":-14.52,"y":-25.69}],"rotateFrame":[{"duration":15,"tweenEasing":0},{"duration":5,"tweenEasing":0},{"duration":5,"tweenEasing":0,"rotate":1.52},{"duration":5,"tweenEasing":0,"rotate":1.52},{"duration":0}]},{"name":"jiao2","translateFrame":[{"duration":5,"tweenEasing":0,"x":-36.87,"y":-31.28},{"duration":5,"tweenEasing":0,"x":44.71,"y":-7.22},{"duration":5,"tweenEasing":0,"x":68.25,"y":-13.5},{"duration":5,"tweenEasing":0,"x":22.86,"y":-0.59},{"duration":5,"tweenEasing":0,"x":-34.86,"y":-9.18},{"duration":5,"tweenEasing":0,"x":-69.29,"y":-33.38},{"duration":0,"x":-36.87,"y":-31.28}]}]},{"duration":30,"name":"0003_chongci","bone":[{"name":"bone","translateFrame":[{"duration":7,"curve":[0.252,0,0.622,0.48]},{"duration":8,"curve":[0.371,0.48,0.751,1],"x":0.97,"y":-7.76},{"duration":7,"curve":[0.25,0,0.75,1]},{"duration":8,"curve":[0.371,0.48,0.751,1],"x":0.97,"y":-7.76},{"duration":0}],"rotateFrame":[{"duration":30,"rotate":13.75}]},{"name":"qunzi","translateFrame":[{"duration":30,"x":-10.16,"y":0.92}],"rotateFrame":[{"duration":30,"rotate":3.14}]},{"name":"qunzi2","rotateFrame":[{"duration":8,"curve":[0.248,0,0.628,0.51]},{"duration":7,"curve":[0.377,0.51,0.747,1],"rotate":-17.84},{"duration":8,"curve":[0.25,0,0.75,1]},{"duration":7,"curve":[0.377,0.51,0.747,1],"rotate":-17.84},{"duration":0}]},{"name":"qunzi3","translateFrame":[{"duration":30,"x":-8.48,"y":7.79}],"rotateFrame":[{"duration":30,"rotate":2.48}]},{"name":"qunzi4","translateFrame":[{"duration":5,"curve":[0.2535,0,0.6325000000000001,0.51],"x":-6.06,"y":-8.06},{"duration":5,"curve":[0.351,0.4,0.756,1],"x":-11.31,"y":-21.13},{"duration":5,"curve":[0.382,0.57,0.735,1],"x":-11.31,"y":-21.13},{"duration":5,"curve":[0.2535,0,0.6325000000000001,0.51],"x":-6.06,"y":-8.06},{"duration":5,"curve":[0.351,0.4,0.756,1],"x":-11.55,"y":-18.47},{"duration":5,"curve":[0.382,0.57,0.735,1],"x":-11.55,"y":-18.47},{"duration":0,"x":-6.06,"y":-8.06}],"rotateFrame":[{"duration":5,"curve":[0.2535,0,0.6325000000000001,0.51]},{"duration":5,"curve":[0.351,0.4,0.756,1]},{"duration":5,"curve":[0.382,0.57,0.735,1],"rotate":-17.3},{"duration":5,"curve":[0.2535,0,0.6325000000000001,0.51]},{"duration":5,"curve":[0.351,0.4,0.756,1]},{"duration":5,"curve":[0.382,0.57,0.735,1],"rotate":-17.63},{"duration":0}]},{"name":"shangyi","rotateFrame":[{"duration":8,"curve":[0.248,0,0.628,0.51]},{"duration":7,"curve":[0.377,0.51,0.747,1],"rotate":-0.34},{"duration":8,"curve":[0.25,0,0.75,1]},{"duration":7,"curve":[0.377,0.51,0.747,1],"rotate":-0.34},{"duration":0}]},{"name":"tuyiban_tou","rotateFrame":[{"duration":8,"curve":[0.248,0,0.628,0.51],"rotate":-5.67},{"duration":7,"curve":[0.377,0.51,0.747,1],"rotate":-7.14},{"duration":8,"curve":[0.25,0,0.75,1],"rotate":-5.67},{"duration":7,"curve":[0.377,0.51,0.747,1],"rotate":-7.14},{"duration":0,"rotate":-5.67}]},{"name":"toufa1","rotateFrame":[{"duration":8,"curve":[0.248,0,0.628,0.51],"rotate":7.52},{"duration":7,"curve":[0.377,0.51,0.747,1],"rotate":16.01},{"duration":8,"curve":[0.25,0,0.75,1],"rotate":7.52},{"duration":7,"curve":[0.377,0.51,0.747,1],"rotate":16.01},{"duration":0,"rotate":7.52}]},{"name":"toufa","rotateFrame":[{"duration":8,"curve":[0.248,0,0.628,0.51],"rotate":9.02},{"duration":7,"curve":[0.377,0.51,0.747,1],"rotate":12.96},{"duration":8,"curve":[0.25,0,0.75,1],"rotate":9.02},{"duration":7,"curve":[0.377,0.51,0.747,1],"rotate":12.96},{"duration":0,"rotate":9.02}]},{"name":"tuyiban_dabi","rotateFrame":[{"duration":8,"curve":[0.248,0,0.628,0.51],"rotate":16.37},{"duration":7,"curve":[0.377,0.51,0.747,1],"rotate":18.09},{"duration":8,"curve":[0.25,0,0.75,1],"rotate":16.37},{"duration":7,"curve":[0.377,0.51,0.747,1],"rotate":18.09},{"duration":0,"rotate":16.37}]},{"name":"tuyiban_xiaobi1","rotateFrame":[{"duration":8,"curve":[0.248,0,0.628,0.51]},{"duration":7,"curve":[0.377,0.51,0.747,1],"rotate":-4.79},{"duration":8,"curve":[0.25,0,0.75,1]},{"duration":7,"curve":[0.377,0.51,0.747,1],"rotate":-4.79},{"duration":0}]},{"name":"tuyiban_shou2","rotateFrame":[{"duration":8,"curve":[0.248,0,0.628,0.51]},{"duration":7,"curve":[0.377,0.51,0.747,1],"rotate":-3.48},{"duration":8,"curve":[0.25,0,0.75,1]},{"duration":7,"curve":[0.377,0.51,0.747,1],"rotate":-3.48},{"duration":0}]},{"name":"shangbi2","rotateFrame":[{"duration":8,"curve":[0.248,0,0.628,0.51],"rotate":-11.4},{"duration":7,"curve":[0.377,0.51,0.747,1],"rotate":-15.97},{"duration":8,"curve":[0.25,0,0.75,1],"rotate":-11.4},{"duration":7,"curve":[0.377,0.51,0.747,1],"rotate":-15.97},{"duration":0,"rotate":-11.4}]},{"name":"xiaobi2","rotateFrame":[{"duration":8,"curve":[0.248,0,0.628,0.51]},{"duration":7,"curve":[0.377,0.51,0.747,1],"rotate":7.66},{"duration":8,"curve":[0.25,0,0.75,1]},{"duration":7,"curve":[0.377,0.51,0.747,1],"rotate":7.66},{"duration":0}]},{"name":"tuyiban_dizi","rotateFrame":[{"duration":8,"curve":[0.248,0,0.628,0.51]},{"duration":7,"curve":[0.377,0.51,0.747,1],"rotate":-0.56},{"duration":8,"curve":[0.25,0,0.75,1]},{"duration":7,"curve":[0.377,0.51,0.747,1],"rotate":-0.56},{"duration":0}]},{"name":"datui1","translateFrame":[{"duration":5,"curve":[0.264,0,0.617,0.42]},{"duration":5,"curve":[0.325,0.3,0.674,0.69],"x":24.61,"y":-0.63},{"duration":5,"curve":[0.382,0.57,0.735,1],"x":30.58,"y":1.12},{"duration":5,"curve":[0.264,0,0.617,0.42],"x":28.98,"y":-1.44},{"duration":10,"curve":[0.351,0.4,0.756,1],"x":5.71,"y":4.33},{"duration":0}]},{"name":"tuyiban_datui2","translateFrame":[{"duration":5,"curve":[0.264,0,0.617,0.42]},{"duration":5,"curve":[0.325,0.3,0.674,0.69],"x":-24.24,"y":2.16},{"duration":5,"curve":[0.382,0.57,0.735,1],"x":-27.17,"y":6.22},{"duration":5,"curve":[0.264,0,0.617,0.42],"x":-24.85,"y":-0.12},{"duration":5,"curve":[0.325,0.3,0.674,0.69],"x":-4.78,"y":2.36},{"duration":5,"curve":[0.382,0.57,0.735,1],"x":0.22,"y":0.42},{"duration":0}]},{"name":"weijin1","rotateFrame":[{"duration":8,"curve":[0.248,0,0.628,0.51],"rotate":4.44},{"duration":7,"curve":[0.377,0.51,0.747,1],"rotate":7.14},{"duration":8,"curve":[0.25,0,0.75,1],"rotate":4.44},{"duration":7,"curve":[0.377,0.51,0.747,1],"rotate":7.14},{"duration":0,"rotate":4.44}]},{"name":"weijin2","rotateFrame":[{"duration":8,"curve":[0.248,0,0.628,0.51],"rotate":3.55},{"duration":7,"curve":[0.377,0.51,0.747,1],"rotate":6.37},{"duration":8,"curve":[0.25,0,0.75,1],"rotate":3.55},{"duration":7,"curve":[0.377,0.51,0.747,1],"rotate":6.37},{"duration":0,"rotate":3.55}]},{"name":"weijn3","rotateFrame":[{"duration":8,"curve":[0.248,0,0.628,0.51],"rotate":3.87},{"duration":7,"curve":[0.377,0.51,0.747,1],"rotate":1.21},{"duration":8,"curve":[0.25,0,0.75,1],"rotate":3.87},{"duration":7,"curve":[0.377,0.51,0.747,1],"rotate":1.21},{"duration":0,"rotate":3.87}]},{"name":"tui2","translateFrame":[{"duration":5,"tweenEasing":0,"x":-26.25},{"duration":5,"tweenEasing":0,"x":-71.75,"y":-8.36},{"duration":5,"tweenEasing":0,"x":-87.7,"y":-30.33},{"duration":5,"tweenEasing":0,"x":-64.61,"y":-23.01},{"duration":5,"tweenEasing":0,"x":-2.5,"y":-14.24},{"duration":5,"tweenEasing":0,"x":25.07,"y":-2.19},{"duration":0,"x":-26.25}]},{"name":"jiao3","translateFrame":[{"duration":5,"tweenEasing":0,"x":-18.99,"y":0.55},{"duration":5,"tweenEasing":0,"x":-80.18,"y":-13.56},{"duration":5,"tweenEasing":0,"x":-113.39,"y":-27.42},{"duration":5,"tweenEasing":0,"x":-88.58,"y":-9.3},{"duration":5,"tweenEasing":0,"x":-5.11,"y":-16.97},{"duration":5,"tweenEasing":0,"x":27.95,"y":-8.75},{"duration":0,"x":-18.99,"y":0.55}]},{"name":"tui1","translateFrame":[{"duration":5,"tweenEasing":0,"x":-14.52,"y":-25.69},{"duration":5,"tweenEasing":0,"x":44.05,"y":-18.89},{"duration":5,"tweenEasing":0,"x":71.77,"y":-1.37},{"duration":5,"tweenEasing":0,"x":21.64,"y":-1.03},{"duration":5,"tweenEasing":0,"x":-26.58,"y":-13.64},{"duration":5,"tweenEasing":0,"x":-34.25,"y":-38.3},{"duration":0,"x":-14.52,"y":-25.69}],"rotateFrame":[{"duration":15,"tweenEasing":0},{"duration":5,"tweenEasing":0},{"duration":5,"tweenEasing":0,"rotate":1.52},{"duration":5,"tweenEasing":0,"rotate":1.52},{"duration":0}]},{"name":"jiao2","translateFrame":[{"duration":5,"tweenEasing":0,"x":-36.87,"y":-31.28},{"duration":5,"tweenEasing":0,"x":44.71,"y":-7.22},{"duration":5,"tweenEasing":0,"x":68.25,"y":-13.5},{"duration":5,"tweenEasing":0,"x":22.86,"y":-0.59},{"duration":5,"tweenEasing":0,"x":-34.86,"y":-9.18},{"duration":5,"tweenEasing":0,"x":-69.29,"y":-33.38},{"duration":0,"x":-36.87,"y":-31.28}]}]},{"duration":3,"name":"0004_tiaoyue_yanshi","bone":[{"name":"bone","translateFrame":[{"duration":3,"x":-12.05,"y":-13.33}]},{"name":"qunzi","translateFrame":[{"duration":3,"x":-3.49,"y":-1.39}]},{"name":"qunzi2","rotateFrame":[{"duration":3,"rotate":4.91}]},{"name":"qunzi4","rotateFrame":[{"duration":3,"rotate":-17.7}]},{"name":"shangyi","rotateFrame":[{"duration":3,"rotate":11.86}]},{"name":"tuyiban_tou","rotateFrame":[{"duration":3,"rotate":-4.72}]},{"name":"toufa1","rotateFrame":[{"duration":3,"rotate":5.29}]},{"name":"toufa","rotateFrame":[{"duration":3,"rotate":3.43}]},{"name":"tuyiban_dabi","rotateFrame":[{"duration":3,"rotate":-6.71}]},{"name":"tuyiban_xiaobi1","rotateFrame":[{"duration":3,"rotate":-12.01}]},{"name":"shangbi2","rotateFrame":[{"duration":3,"rotate":-20.01}]},{"name":"xiaobi2","rotateFrame":[{"duration":3,"rotate":-8.85}]},{"name":"weijin1","rotateFrame":[{"duration":3,"rotate":-5.59}]},{"name":"weijin2","rotateFrame":[{"duration":3,"rotate":-6.62}]},{"name":"weijn3","rotateFrame":[{"duration":3,"rotate":-10.88}]},{"name":"tui2","translateFrame":[{"duration":3,"x":-11.55,"y":-13.8}]},{"name":"tui1","translateFrame":[{"duration":3,"x":10.44,"y":-19.39}]},{"name":"jiao2","translateFrame":[{"duration":3,"x":-4.48,"y":-0.56}]},{"name":"jiao3","translateFrame":[{"duration":3,"x":-21.07,"y":6.15}]}]},{"duration":3,"name":"0005_tiaoyueshang","bone":[{"name":"bone","translateFrame":[{"duration":3,"x":-12.05,"y":-13.33}]},{"name":"qunzi","translateFrame":[{"duration":3,"x":-3.49,"y":-1.39}]},{"name":"qunzi2","rotateFrame":[{"duration":3,"rotate":4.91}]},{"name":"qunzi4","rotateFrame":[{"duration":3,"rotate":-17.7}]},{"name":"shangyi","rotateFrame":[{"duration":3,"rotate":11.86}]},{"name":"tuyiban_tou","rotateFrame":[{"duration":3,"rotate":-4.72}]},{"name":"toufa1","rotateFrame":[{"duration":3,"rotate":5.29}]},{"name":"toufa","rotateFrame":[{"duration":3,"rotate":3.43}]},{"name":"tuyiban_dabi","rotateFrame":[{"duration":3,"rotate":-6.71}]},{"name":"tuyiban_xiaobi1","rotateFrame":[{"duration":3,"rotate":-12.01}]},{"name":"shangbi2","rotateFrame":[{"duration":3,"rotate":-20.01}]},{"name":"xiaobi2","rotateFrame":[{"duration":3,"rotate":-8.85}]},{"name":"weijin1","rotateFrame":[{"duration":3,"rotate":-5.59}]},{"name":"weijin2","rotateFrame":[{"duration":3,"rotate":-6.62}]},{"name":"weijn3","rotateFrame":[{"duration":3,"rotate":-10.88}]},{"name":"tui2","translateFrame":[{"duration":3,"x":-11.55,"y":-13.8}]},{"name":"tui1","translateFrame":[{"duration":3,"x":10.44,"y":-19.39}]},{"name":"jiao2","translateFrame":[{"duration":3,"x":-4.48,"y":-0.56}]},{"name":"jiao3","translateFrame":[{"duration":3,"x":-21.07,"y":6.15}]}]},{"duration":3,"name":"0006_tiaoyuezhong","bone":[{"name":"bone","translateFrame":[{"duration":3,"x":-12.05,"y":-13.33}]},{"name":"qunzi","translateFrame":[{"duration":3,"x":-3.49,"y":-1.39}]},{"name":"qunzi2","rotateFrame":[{"duration":3,"rotate":4.91}]},{"name":"qunzi4","rotateFrame":[{"duration":3,"rotate":-17.7}]},{"name":"shangyi","rotateFrame":[{"duration":3,"rotate":11.86}]},{"name":"tuyiban_tou","rotateFrame":[{"duration":3,"rotate":-4.72}]},{"name":"toufa1","rotateFrame":[{"duration":3,"rotate":5.29}]},{"name":"toufa","rotateFrame":[{"duration":3,"rotate":3.43}]},{"name":"tuyiban_dabi","rotateFrame":[{"duration":3,"rotate":-6.71}]},{"name":"tuyiban_xiaobi1","rotateFrame":[{"duration":3,"rotate":-12.01}]},{"name":"shangbi2","rotateFrame":[{"duration":3,"rotate":-20.01}]},{"name":"xiaobi2","rotateFrame":[{"duration":3,"rotate":-8.85}]},{"name":"weijin1","rotateFrame":[{"duration":3,"rotate":-5.59}]},{"name":"weijin2","rotateFrame":[{"duration":3,"rotate":-6.62}]},{"name":"weijn3","rotateFrame":[{"duration":3,"rotate":-10.88}]},{"name":"tui2","translateFrame":[{"duration":3,"x":-11.55,"y":-13.8}]},{"name":"tui1","translateFrame":[{"duration":3,"x":10.44,"y":-19.39}]},{"name":"jiao2","translateFrame":[{"duration":3,"x":-4.48,"y":-0.56}]},{"name":"jiao3","translateFrame":[{"duration":3,"x":-21.07,"y":6.15}]}]},{"duration":3,"name":"0007_tiaoyuexia","bone":[{"name":"bone","translateFrame":[{"duration":3,"x":-12.05,"y":-13.33}]},{"name":"qunzi","translateFrame":[{"duration":3,"x":-3.49,"y":-1.39}]},{"name":"qunzi2","rotateFrame":[{"duration":3,"rotate":4.91}]},{"name":"qunzi4","rotateFrame":[{"duration":3,"rotate":-17.7}]},{"name":"shangyi","rotateFrame":[{"duration":3,"rotate":11.86}]},{"name":"tuyiban_tou","rotateFrame":[{"duration":3,"rotate":-4.72}]},{"name":"toufa1","rotateFrame":[{"duration":3,"rotate":5.29}]},{"name":"toufa","rotateFrame":[{"duration":3,"rotate":3.43}]},{"name":"tuyiban_dabi","rotateFrame":[{"duration":3,"rotate":-6.71}]},{"name":"tuyiban_xiaobi1","rotateFrame":[{"duration":3,"rotate":-12.01}]},{"name":"shangbi2","rotateFrame":[{"duration":3,"rotate":-20.01}]},{"name":"xiaobi2","rotateFrame":[{"duration":3,"rotate":-8.85}]},{"name":"weijin1","rotateFrame":[{"duration":3,"rotate":-5.59}]},{"name":"weijin2","rotateFrame":[{"duration":3,"rotate":-6.62}]},{"name":"weijn3","rotateFrame":[{"duration":3,"rotate":-10.88}]},{"name":"tui2","translateFrame":[{"duration":3,"x":-11.55,"y":-13.8}]},{"name":"tui1","translateFrame":[{"duration":3,"x":10.44,"y":-19.39}]},{"name":"jiao2","translateFrame":[{"duration":3,"x":-4.48,"y":-0.56}]},{"name":"jiao3","translateFrame":[{"duration":3,"x":-21.07,"y":6.15}]}]},{"duration":15,"name":"0008_shouji1","bone":[{"name":"bone","translateFrame":[{"duration":3,"curve":[0.284,0,0.625,0.38]},{"duration":12,"curve":[0.32,0.28,0.757,1],"x":1.33,"y":11.35},{"duration":0}],"rotateFrame":[{"duration":3,"curve":[0.284,0,0.625,0.38]},{"duration":12,"curve":[0.32,0.28,0.757,1],"rotate":9.63},{"duration":0}]},{"name":"qunzi4","rotateFrame":[{"duration":3,"curve":[0.284,0,0.625,0.38]},{"duration":12,"curve":[0.32,0.28,0.757,1],"rotate":-19.7},{"duration":0}]},{"name":"tuyiban_tou","rotateFrame":[{"duration":3,"curve":[0.284,0,0.625,0.38]},{"duration":12,"curve":[0.32,0.28,0.757,1],"rotate":11.25},{"duration":0}]},{"name":"toufa1","rotateFrame":[{"duration":3,"curve":[0.284,0,0.625,0.38]},{"duration":12,"curve":[0.32,0.28,0.757,1],"rotate":0.73},{"duration":0}]},{"name":"tuyiban_dabi","rotateFrame":[{"duration":3,"curve":[0.284,0,0.625,0.38]},{"duration":12,"curve":[0.32,0.28,0.757,1],"rotate":13.37},{"duration":0}]},{"name":"tuyiban_xiaobi1","rotateFrame":[{"duration":3,"curve":[0.284,0,0.625,0.38]},{"duration":12,"curve":[0.32,0.28,0.757,1],"rotate":-8},{"duration":0}]},{"name":"shangbi2","rotateFrame":[{"duration":3,"curve":[0.284,0,0.625,0.38]},{"duration":12,"curve":[0.32,0.28,0.757,1],"rotate":-18.17},{"duration":0}]},{"name":"xiaobi2","rotateFrame":[{"duration":3,"curve":[0.284,0,0.625,0.38]},{"duration":12,"curve":[0.32,0.28,0.757,1],"rotate":4.36},{"duration":0}]},{"name":"weijin1","rotateFrame":[{"duration":3,"curve":[0.284,0,0.625,0.38]},{"duration":12,"curve":[0.32,0.28,0.757,1],"rotate":2.39},{"duration":0}]},{"name":"weijin2","rotateFrame":[{"duration":3,"curve":[0.284,0,0.625,0.38]},{"duration":12,"curve":[0.32,0.28,0.757,1],"rotate":-5.66},{"duration":0}]},{"name":"weijn3","rotateFrame":[{"duration":3,"curve":[0.284,0,0.625,0.38]},{"duration":12,"curve":[0.32,0.28,0.757,1],"rotate":-9.9},{"duration":0}]}],"slot":[{"name":"tuyiban_biyan","displayFrame":[{"duration":15}]}]},{"duration":15,"name":"0009_shouji2","bone":[{"name":"bone","translateFrame":[{"duration":3,"curve":[0.32,0,0.654,0.34]},{"duration":12,"curve":[0.297,0.12,0.635,0.48],"x":-2.15,"y":7.19},{"duration":0}],"rotateFrame":[{"duration":3,"curve":[0.32,0,0.654,0.34]},{"duration":12,"curve":[0.297,0.12,0.635,0.48],"rotate":-5.6},{"duration":0}]},{"name":"qunzi4","rotateFrame":[{"duration":3,"curve":[0.32,0,0.654,0.34]},{"duration":12,"curve":[0.297,0.12,0.635,0.48],"rotate":-23.38},{"duration":0}]},{"name":"tuyiban_tou","rotateFrame":[{"duration":3,"curve":[0.32,0,0.654,0.34]},{"duration":12,"curve":[0.297,0.12,0.635,0.48],"rotate":-6.61},{"duration":0}]},{"name":"tuyiban_dabi","rotateFrame":[{"duration":3,"curve":[0.32,0,0.654,0.34]},{"duration":12,"curve":[0.297,0.12,0.635,0.48],"rotate":-4.27},{"duration":0}]},{"name":"tuyiban_xiaobi1","rotateFrame":[{"duration":3,"curve":[0.32,0,0.654,0.34]},{"duration":12,"curve":[0.297,0.12,0.635,0.48],"rotate":-12.47},{"duration":0}]},{"name":"tuyiban_shou2","rotateFrame":[{"duration":3,"curve":[0.284,0,0.625,0.38]},{"duration":12,"curve":[0.32,0.28,0.757,1],"rotate":-2.64},{"duration":0}]},{"name":"shangbi2","rotateFrame":[{"duration":3,"curve":[0.32,0,0.654,0.34]},{"duration":12,"curve":[0.297,0.12,0.635,0.48],"rotate":-12},{"duration":0}]},{"name":"xiaobi2","rotateFrame":[{"duration":3,"curve":[0.32,0,0.654,0.34]},{"duration":12,"curve":[0.297,0.12,0.635,0.48],"rotate":-7.53},{"duration":0}]},{"name":"weijin1","rotateFrame":[{"duration":3,"curve":[0.32,0,0.654,0.34]},{"duration":12,"curve":[0.297,0.12,0.635,0.48],"rotate":-1.31},{"duration":0}]},{"name":"weijin2","rotateFrame":[{"duration":3,"curve":[0.32,0,0.654,0.34]},{"duration":12,"curve":[0.297,0.12,0.635,0.48],"rotate":-6.98},{"duration":0}]},{"name":"weijn3","rotateFrame":[{"duration":3,"curve":[0.32,0,0.654,0.34]},{"duration":12,"curve":[0.297,0.12,0.635,0.48],"rotate":-5.35},{"duration":0}]}],"slot":[{"name":"tuyiban_biyan","displayFrame":[{"duration":15}]}]},{"duration":15,"name":"0010_fukongdaodi","bone":[{"name":"bone","translateFrame":[{"duration":3,"curve":[0.32,0,0.654,0.34]},{"duration":3,"curve":[0.32,0,0.654,0.34],"x":-14.42,"y":-3.27},{"duration":3,"curve":[0.32,0,0.654,0.34],"x":-9.98,"y":2.93},{"duration":6,"x":-8.43,"y":67.95}],"rotateFrame":[{"duration":3,"curve":[0.32,0,0.654,0.34]},{"duration":3,"curve":[0.32,0,0.654,0.34],"rotate":-27.57},{"duration":3,"curve":[0.32,0,0.654,0.34],"rotate":-42.88},{"duration":6,"rotate":-84.23}]},{"name":"qunzi","translateFrame":[{"duration":3},{"duration":3,"curve":[0.25,0,0.75,1]},{"duration":9,"x":-3.02,"y":1.29}]},{"name":"qunzi2","rotateFrame":[{"duration":3},{"duration":3,"curve":[0.25,0,0.75,1]},{"duration":9,"rotate":-21.83}]},{"name":"qunzi4","rotateFrame":[{"duration":3,"curve":[0.32,0,0.654,0.34]},{"duration":6,"rotate":-31.48},{"duration":6,"curve":[0.32,0,0.654,0.34],"rotate":-31.48},{"duration":0,"rotate":11.45}]},{"name":"shangyi","rotateFrame":[{"duration":3,"curve":[0.25,0,0.75,1]},{"duration":3,"rotate":10.67},{"duration":3,"curve":[0.25,0,0.75,1],"rotate":10.67},{"duration":6,"rotate":0.27}]},{"name":"tuyiban_tou","rotateFrame":[{"duration":3,"curve":[0.32,0,0.654,0.34]},{"duration":3,"curve":[0.32,0,0.654,0.34],"rotate":2.21},{"duration":3,"curve":[0.32,0,0.654,0.34],"rotate":4.8},{"duration":6,"curve":[0.32,0,0.654,0.34],"rotate":-10.63},{"duration":0,"rotate":-13.47}]},{"name":"toufa1","rotateFrame":[{"duration":3},{"duration":3,"curve":[0.284,0,0.625,0.38]},{"duration":9,"rotate":-13.63}]},{"name":"toufa","rotateFrame":[{"duration":3},{"duration":3,"curve":[0.25,0,0.75,1]},{"duration":9,"rotate":-5.92}]},{"name":"tuyiban_dabi","rotateFrame":[{"duration":3,"curve":[0.32,0,0.654,0.34]},{"duration":3,"curve":[0.32,0,0.654,0.34],"rotate":-24.54},{"duration":3,"curve":[0.32,0,0.654,0.34],"rotate":-69.23},{"duration":6,"curve":[0.32,0,0.654,0.34],"rotate":-46.98},{"duration":0,"rotate":-23.63}]},{"name":"tuyiban_xiaobi1","rotateFrame":[{"duration":6},{"duration":3,"curve":[0.32,0,0.654,0.34]},{"duration":6,"curve":[0.32,0,0.654,0.34],"rotate":-26.56},{"duration":0,"rotate":16.45}]},{"name":"tuyiban_shou2","rotateFrame":[{"duration":6},{"duration":3,"curve":[0.284,0,0.625,0.38]},{"duration":6,"curve":[0.284,0,0.625,0.38],"rotate":-8.53},{"duration":0,"rotate":-0.94}]},{"name":"shangbi2","rotateFrame":[{"duration":3,"curve":[0.32,0,0.654,0.34]},{"duration":3,"curve":[0.32,0,0.654,0.34],"rotate":-16.54},{"duration":3,"curve":[0.32,0,0.654,0.34],"rotate":-50.09},{"duration":6,"curve":[0.32,0,0.654,0.34],"rotate":-41.97},{"duration":0,"rotate":30.54}]},{"name":"xiaobi2","rotateFrame":[{"duration":3,"curve":[0.32,0,0.654,0.34]},{"duration":3,"rotate":-13.3},{"duration":3,"curve":[0.32,0,0.654,0.34],"rotate":-13.3},{"duration":6,"curve":[0.32,0,0.654,0.34],"rotate":-39.81},{"duration":0,"rotate":-6.52}]},{"name":"shou2","rotateFrame":[{"duration":3},{"duration":3,"curve":[0.25,0,0.75,1]},{"duration":9,"rotate":-29.07}]},{"name":"tuyiban_dizi","translateFrame":[{"duration":9},{"duration":6,"curve":[0.25,0,0.75,1]},{"duration":0,"x":-25.16,"y":29.81}],"rotateFrame":[{"duration":6},{"duration":3,"curve":[0.25,0,0.75,1]},{"duration":6,"curve":[0.25,0,0.75,1],"rotate":-2.95},{"duration":0,"rotate":66.22}]},{"name":"datui1","rotateFrame":[{"duration":3},{"duration":3,"curve":[0.25,0,0.75,1]},{"duration":3,"curve":[0.25,0,0.75,1],"rotate":-5.53},{"duration":6,"curve":[0.25,0,0.75,1],"rotate":-22.68},{"duration":0,"rotate":9.12}]},{"name":"xiaotui1","rotateFrame":[{"duration":3},{"duration":3,"curve":[0.25,0,0.75,1]},{"duration":3,"curve":[0.25,0,0.75,1],"rotate":-27.03},{"duration":6,"curve":[0.25,0,0.75,1],"rotate":-10.29},{"duration":0,"rotate":-15.7}]},{"name":"jiao1","rotateFrame":[{"duration":9},{"duration":6,"curve":[0.25,0,0.75,1]},{"duration":0,"rotate":21.01}]},{"name":"tuyiban_datui2","translateFrame":[{"duration":15,"x":5.74,"y":-5.74}],"rotateFrame":[{"duration":3,"curve":[0.25,0,0.75,1]},{"duration":3,"curve":[0.25,0,0.75,1],"rotate":-14.74},{"duration":3,"curve":[0.25,0,0.75,1],"rotate":-28.29},{"duration":6,"curve":[0.25,0,0.75,1],"rotate":-38.01},{"duration":0,"rotate":11.6}]},{"name":"tuyiban_xiaotui2","rotateFrame":[{"duration":3},{"duration":3,"curve":[0.25,0,0.75,1]},{"duration":3,"curve":[0.25,0,0.75,1],"rotate":-16.9},{"duration":6,"rotate":7.28}]},{"name":"tuyiban_jiao2","rotateFrame":[{"duration":3,"curve":[0.25,0,0.75,1]},{"duration":12,"rotate":11.65}]},{"name":"weijin1","rotateFrame":[{"duration":3,"curve":[0.32,0,0.654,0.34]},{"duration":3,"curve":[0.32,0,0.654,0.34],"rotate":-11.02},{"duration":3,"rotate":-30.3},{"duration":6,"curve":[0.32,0,0.654,0.34],"rotate":-30.3},{"duration":0,"rotate":-10.56}]},{"name":"weijin2","rotateFrame":[{"duration":3,"curve":[0.32,0,0.654,0.34]},{"duration":3,"curve":[0.32,0,0.654,0.34],"rotate":-3.73},{"duration":3,"rotate":-20.53},{"duration":6,"curve":[0.32,0,0.654,0.34],"rotate":-20.53},{"duration":0,"rotate":-5.78}]},{"name":"weijn3","rotateFrame":[{"duration":3,"curve":[0.32,0,0.654,0.34]},{"duration":3,"curve":[0.32,0,0.654,0.34],"rotate":-4.94},{"duration":3,"rotate":-16.95},{"duration":6,"curve":[0.32,0,0.654,0.34],"rotate":-16.95},{"duration":0,"rotate":-10.48}]},{"name":"wj_038_xuanlv_pz","translateFrame":[{"duration":3},{"duration":3,"tweenEasing":0},{"duration":3,"tweenEasing":0,"x":-18.95,"y":-13.12},{"duration":6,"tweenEasing":0,"x":-69.25,"y":29.88},{"duration":0,"x":-68.52,"y":35.72}],"scaleFrame":[{"duration":3},{"duration":3,"tweenEasing":0},{"duration":3,"tweenEasing":0,"x":1.61,"y":0.85},{"duration":6,"tweenEasing":0,"x":1.97,"y":0.53},{"duration":0,"x":2.13,"y":0.45}]}],"slot":[{"name":"tuyiban_biyan","displayFrame":[{"duration":15}]}],"ik":[{"name":"tui1","frame":[{"duration":15,"weight":0}]},{"name":"tui2","frame":[{"duration":15,"weight":0}]},{"name":"jiao1","frame":[{"duration":15,"bendPositive":false,"weight":0}]},{"name":"jiao2","frame":[{"duration":15,"bendPositive":false,"weight":0}]}]},{"duration":3,"name":"0011_jifeshangsheng","bone":[{"name":"bone","translateFrame":[{"duration":3,"curve":[0.32,0,0.654,0.34]},{"duration":0,"x":-14.42,"y":-3.27}],"rotateFrame":[{"duration":3,"curve":[0.32,0,0.654,0.34]},{"duration":0,"rotate":-27.57}]},{"name":"qunzi4","rotateFrame":[{"duration":3,"curve":[0.32,0,0.654,0.34]},{"duration":0,"rotate":-31.48}]},{"name":"shangyi","rotateFrame":[{"duration":3,"curve":[0.25,0,0.75,1]},{"duration":0,"rotate":10.67}]},{"name":"tuyiban_tou","rotateFrame":[{"duration":3,"curve":[0.32,0,0.654,0.34]},{"duration":0,"rotate":2.21}]},{"name":"tuyiban_dabi","rotateFrame":[{"duration":3,"curve":[0.32,0,0.654,0.34]},{"duration":0,"rotate":-24.54}]},{"name":"shangbi2","rotateFrame":[{"duration":3,"curve":[0.32,0,0.654,0.34]},{"duration":0,"rotate":-16.54}]},{"name":"xiaobi2","rotateFrame":[{"duration":3,"curve":[0.32,0,0.654,0.34]},{"duration":0,"rotate":-13.3}]},{"name":"tuyiban_datui2","translateFrame":[{"duration":3,"x":5.74,"y":-5.74}],"rotateFrame":[{"duration":3,"curve":[0.25,0,0.75,1]},{"duration":0,"rotate":-14.74}]},{"name":"tuyiban_jiao2","rotateFrame":[{"duration":3,"curve":[0.25,0,0.75,1]},{"duration":0,"rotate":11.65}]},{"name":"weijin1","rotateFrame":[{"duration":3,"curve":[0.32,0,0.654,0.34]},{"duration":0,"rotate":-11.02}]},{"name":"weijin2","rotateFrame":[{"duration":3,"curve":[0.32,0,0.654,0.34]},{"duration":0,"rotate":-3.73}]},{"name":"weijn3","rotateFrame":[{"duration":3,"curve":[0.32,0,0.654,0.34]},{"duration":0,"rotate":-4.94}]}],"slot":[{"name":"tuyiban_biyan","displayFrame":[{"duration":3}]}],"ik":[{"name":"tui1","frame":[{"duration":3,"weight":0}]},{"name":"tui2","frame":[{"duration":3,"weight":0}]},{"name":"jiao1","frame":[{"duration":3,"bendPositive":false,"weight":0}]},{"name":"jiao2","frame":[{"duration":3,"bendPositive":false,"weight":0}]}]},{"duration":3,"name":"0012_jifexialuo","bone":[{"name":"bone","translateFrame":[{"duration":3,"x":-9.98,"y":2.93}],"rotateFrame":[{"duration":3,"rotate":-42.88}]},{"name":"qunzi","translateFrame":[{"duration":3,"x":-3.02,"y":1.29}]},{"name":"qunzi2","rotateFrame":[{"duration":3,"rotate":-21.83}]},{"name":"qunzi4","rotateFrame":[{"duration":3,"rotate":-31.48}]},{"name":"shangyi","rotateFrame":[{"duration":3,"rotate":10.67}]},{"name":"tuyiban_tou","rotateFrame":[{"duration":3,"rotate":4.8}]},{"name":"toufa1","rotateFrame":[{"duration":3,"rotate":-13.63}]},{"name":"toufa","rotateFrame":[{"duration":3,"rotate":-5.92}]},{"name":"tuyiban_dabi","rotateFrame":[{"duration":3,"rotate":-69.23}]},{"name":"shangbi2","rotateFrame":[{"duration":3,"rotate":-50.09}]},{"name":"xiaobi2","rotateFrame":[{"duration":3,"rotate":-13.3}]},{"name":"shou2","rotateFrame":[{"duration":3,"rotate":-29.07}]},{"name":"datui1","rotateFrame":[{"duration":3,"rotate":-5.53}]},{"name":"xiaotui1","rotateFrame":[{"duration":3,"rotate":-27.03}]},{"name":"tuyiban_datui2","translateFrame":[{"duration":3,"x":5.74,"y":-5.74}],"rotateFrame":[{"duration":3,"rotate":-28.29}]},{"name":"tuyiban_xiaotui2","rotateFrame":[{"duration":3,"rotate":-16.9}]},{"name":"tuyiban_jiao2","rotateFrame":[{"duration":3,"rotate":11.65}]},{"name":"weijin1","rotateFrame":[{"duration":3,"rotate":-30.3}]},{"name":"weijin2","rotateFrame":[{"duration":3,"rotate":-20.53}]},{"name":"weijn3","rotateFrame":[{"duration":3,"rotate":-16.95}]},{"name":"wj_038_xuanlv_pz","translateFrame":[{"duration":3,"x":-18.95,"y":-13.12}],"scaleFrame":[{"duration":3,"x":1.61,"y":0.85}]}],"slot":[{"name":"tuyiban_biyan","displayFrame":[{"duration":3}]}],"ik":[{"name":"tui1","frame":[{"duration":3,"weight":0}]},{"name":"tui2","frame":[{"duration":3,"weight":0}]},{"name":"jiao1","frame":[{"duration":3,"bendPositive":false,"weight":0}]},{"name":"jiao2","frame":[{"duration":3,"bendPositive":false,"weight":0}]}]},{"duration":6,"name":"0013_daodi","bone":[{"name":"bone","translateFrame":[{"duration":6,"x":-8.43,"y":67.95}],"rotateFrame":[{"duration":6,"rotate":-84.23}]},{"name":"qunzi","translateFrame":[{"duration":6,"x":-3.02,"y":1.29}]},{"name":"qunzi2","rotateFrame":[{"duration":6,"rotate":-21.83}]},{"name":"qunzi4","rotateFrame":[{"duration":6,"curve":[0.32,0,0.654,0.34],"rotate":-31.48},{"duration":0,"rotate":11.45}]},{"name":"shangyi","rotateFrame":[{"duration":6,"rotate":0.27}]},{"name":"tuyiban_tou","rotateFrame":[{"duration":6,"curve":[0.32,0,0.654,0.34],"rotate":-10.63},{"duration":0,"rotate":-13.47}]},{"name":"toufa1","rotateFrame":[{"duration":6,"rotate":-13.63}]},{"name":"toufa","rotateFrame":[{"duration":6,"rotate":-5.92}]},{"name":"tuyiban_dabi","rotateFrame":[{"duration":6,"curve":[0.32,0,0.654,0.34],"rotate":-46.98},{"duration":0,"rotate":-23.63}]},{"name":"tuyiban_xiaobi1","rotateFrame":[{"duration":6,"curve":[0.32,0,0.654,0.34],"rotate":-26.56},{"duration":0,"rotate":16.45}]},{"name":"tuyiban_shou2","rotateFrame":[{"duration":6,"curve":[0.284,0,0.625,0.38],"rotate":-8.53},{"duration":0,"rotate":-0.94}]},{"name":"shangbi2","rotateFrame":[{"duration":6,"curve":[0.32,0,0.654,0.34],"rotate":-41.97},{"duration":0,"rotate":30.54}]},{"name":"xiaobi2","rotateFrame":[{"duration":6,"curve":[0.32,0,0.654,0.34],"rotate":-39.81},{"duration":0,"rotate":-6.52}]},{"name":"shou2","rotateFrame":[{"duration":6,"rotate":-29.07}]},{"name":"tuyiban_dizi","translateFrame":[{"duration":6,"curve":[0.25,0,0.75,1]},{"duration":0,"x":-25.16,"y":29.81}],"rotateFrame":[{"duration":6,"curve":[0.25,0,0.75,1],"rotate":-2.95},{"duration":0,"rotate":66.22}]},{"name":"datui1","rotateFrame":[{"duration":6,"curve":[0.25,0,0.75,1],"rotate":-22.68},{"duration":0,"rotate":9.12}]},{"name":"xiaotui1","rotateFrame":[{"duration":6,"curve":[0.25,0,0.75,1],"rotate":-10.29},{"duration":0,"rotate":-15.7}]},{"name":"jiao1","rotateFrame":[{"duration":6,"curve":[0.25,0,0.75,1]},{"duration":0,"rotate":21.01}]},{"name":"tuyiban_datui2","translateFrame":[{"duration":6,"x":5.74,"y":-5.74}],"rotateFrame":[{"duration":6,"curve":[0.25,0,0.75,1],"rotate":-38.01},{"duration":0,"rotate":11.6}]},{"name":"tuyiban_xiaotui2","rotateFrame":[{"duration":6,"rotate":7.28}]},{"name":"tuyiban_jiao2","rotateFrame":[{"duration":6,"rotate":11.65}]},{"name":"weijin1","rotateFrame":[{"duration":6,"curve":[0.32,0,0.654,0.34],"rotate":-30.3},{"duration":0,"rotate":-10.56}]},{"name":"weijin2","rotateFrame":[{"duration":6,"curve":[0.32,0,0.654,0.34],"rotate":-20.53},{"duration":0,"rotate":-5.78}]},{"name":"weijn3","rotateFrame":[{"duration":6,"curve":[0.32,0,0.654,0.34],"rotate":-16.95},{"duration":0,"rotate":-10.48}]},{"name":"wj_038_xuanlv_pz","translateFrame":[{"duration":6,"tweenEasing":0,"x":-69.25,"y":29.88},{"duration":0,"x":-68.52,"y":35.72}],"scaleFrame":[{"duration":6,"tweenEasing":0,"x":1.97,"y":0.53},{"duration":0,"x":2.13,"y":0.45}]}],"slot":[{"name":"tuyiban_biyan","displayFrame":[{"duration":6}]}],"ik":[{"name":"tui1","frame":[{"duration":6,"weight":0}]},{"name":"tui2","frame":[{"duration":6,"weight":0}]},{"name":"jiao1","frame":[{"duration":6,"bendPositive":false,"weight":0}]},{"name":"jiao2","frame":[{"duration":6,"bendPositive":false,"weight":0}]}]},{"duration":3,"name":"0014_siwang","bone":[{"name":"bone","translateFrame":[{"duration":3,"x":-8.43,"y":67.95}],"rotateFrame":[{"duration":3,"rotate":-84.23}]},{"name":"qunzi","translateFrame":[{"duration":3,"x":-3.02,"y":1.29}]},{"name":"qunzi2","rotateFrame":[{"duration":3,"rotate":-21.83}]},{"name":"qunzi4","rotateFrame":[{"duration":3,"rotate":11.45}]},{"name":"shangyi","rotateFrame":[{"duration":3,"rotate":0.27}]},{"name":"tuyiban_tou","rotateFrame":[{"duration":3,"rotate":-13.47}]},{"name":"toufa1","rotateFrame":[{"duration":3,"rotate":-13.63}]},{"name":"toufa","rotateFrame":[{"duration":3,"rotate":-5.92}]},{"name":"tuyiban_dabi","rotateFrame":[{"duration":3,"rotate":-23.63}]},{"name":"tuyiban_xiaobi1","rotateFrame":[{"duration":3,"rotate":16.45}]},{"name":"tuyiban_shou2","rotateFrame":[{"duration":3,"rotate":-0.94}]},{"name":"shangbi2","rotateFrame":[{"duration":3,"rotate":30.54}]},{"name":"xiaobi2","rotateFrame":[{"duration":3,"rotate":-6.52}]},{"name":"shou2","rotateFrame":[{"duration":3,"rotate":-29.07}]},{"name":"tuyiban_dizi","translateFrame":[{"duration":3,"x":-25.16,"y":29.81}],"rotateFrame":[{"duration":3,"rotate":66.22}]},{"name":"datui1","rotateFrame":[{"duration":3,"rotate":9.12}]},{"name":"xiaotui1","rotateFrame":[{"duration":3,"rotate":-15.7}]},{"name":"jiao1","rotateFrame":[{"duration":3,"rotate":21.01}]},{"name":"tuyiban_datui2","translateFrame":[{"duration":3,"x":5.74,"y":-5.74}],"rotateFrame":[{"duration":3,"rotate":11.6}]},{"name":"tuyiban_xiaotui2","rotateFrame":[{"duration":3,"rotate":7.28}]},{"name":"tuyiban_jiao2","rotateFrame":[{"duration":3,"rotate":11.65}]},{"name":"weijin1","rotateFrame":[{"duration":3,"rotate":-10.56}]},{"name":"weijin2","rotateFrame":[{"duration":3,"rotate":-5.78}]},{"name":"weijn3","rotateFrame":[{"duration":3,"rotate":-10.48}]},{"name":"wj_038_xuanlv_pz","translateFrame":[{"duration":3,"x":-68.52,"y":35.72}],"scaleFrame":[{"duration":3,"x":2.13,"y":0.45}]}],"slot":[{"name":"tuyiban_biyan","displayFrame":[{"duration":3}]}],"ik":[{"name":"tui1","frame":[{"duration":3,"weight":0}]},{"name":"tui2","frame":[{"duration":3,"weight":0}]},{"name":"jiao1","frame":[{"duration":3,"bendPositive":false,"weight":0}]},{"name":"jiao2","frame":[{"duration":3,"bendPositive":false,"weight":0}]}]},{"duration":6,"name":"0015_daodiqishen","bone":[{"name":"bone","translateFrame":[{"duration":6,"curve":[0.32,0,0.654,0.34],"x":-8.43,"y":67.95},{"duration":0,"x":-36.15,"y":69.84}],"rotateFrame":[{"duration":6,"rotate":-84.23}]},{"name":"qunzi","translateFrame":[{"duration":6,"x":-3.02,"y":1.29}]},{"name":"qunzi2","rotateFrame":[{"duration":6,"rotate":-21.83}]},{"name":"qunzi4","rotateFrame":[{"duration":6,"rotate":11.45}]},{"name":"shangyi","translateFrame":[{"duration":6,"curve":[0.25,0,0.75,1]},{"duration":0,"x":-3.09,"y":-24.38}],"rotateFrame":[{"duration":6,"curve":[0.25,0,0.75,1],"rotate":0.27},{"duration":0,"rotate":90.35}]},{"name":"tuyiban_tou","rotateFrame":[{"duration":6,"curve":[0.32,0,0.654,0.34],"rotate":-13.47},{"duration":0,"rotate":6.74}]},{"name":"toufa1","rotateFrame":[{"duration":6,"rotate":-13.63}]},{"name":"toufa","rotateFrame":[{"duration":6,"rotate":-5.92}]},{"name":"tuyiban_dabi","rotateFrame":[{"duration":6,"curve":[0.32,0,0.654,0.34],"rotate":-23.63},{"duration":0,"rotate":-7.74}]},{"name":"tuyiban_xiaobi1","rotateFrame":[{"duration":6,"curve":[0.32,0,0.654,0.34],"rotate":16.45},{"duration":0,"rotate":-3.3}]},{"name":"tuyiban_shou2","rotateFrame":[{"duration":6,"rotate":-0.94}]},{"name":"shangbi2","rotateFrame":[{"duration":6,"curve":[0.32,0,0.654,0.34],"rotate":30.54},{"duration":0,"rotate":-50.01}]},{"name":"xiaobi2","rotateFrame":[{"duration":6,"rotate":-6.52}]},{"name":"shou2","rotateFrame":[{"duration":6,"rotate":-29.07}]},{"name":"tuyiban_dizi","translateFrame":[{"duration":6,"curve":[0.25,0,0.75,1],"x":-25.16,"y":29.81},{"duration":0,"x":-6.93,"y":7.38}],"rotateFrame":[{"duration":6,"curve":[0.25,0,0.75,1],"rotate":66.22},{"duration":0,"rotate":3.59}]},{"name":"datui1","rotateFrame":[{"duration":6,"rotate":9.12}]},{"name":"xiaotui1","rotateFrame":[{"duration":6,"rotate":-15.7}]},{"name":"jiao1","rotateFrame":[{"duration":6,"rotate":21.01}]},{"name":"tuyiban_datui2","translateFrame":[{"duration":6,"x":5.74,"y":-5.74}],"rotateFrame":[{"duration":6,"curve":[0.25,0,0.75,1],"rotate":11.6},{"duration":0,"rotate":1.29}]},{"name":"tuyiban_xiaotui2","rotateFrame":[{"duration":6,"curve":[0.25,0,0.75,1],"rotate":7.28},{"duration":0,"rotate":42.17}]},{"name":"tuyiban_jiao2","rotateFrame":[{"duration":6,"rotate":11.65}]},{"name":"weijin1","rotateFrame":[{"duration":6,"rotate":-10.56}]},{"name":"weijin2","rotateFrame":[{"duration":6,"rotate":-5.78}]},{"name":"weijn3","rotateFrame":[{"duration":6,"rotate":-10.48}]},{"name":"wj_038_xuanlv_pz","translateFrame":[{"duration":6,"tweenEasing":0,"x":-68.52,"y":35.72},{"duration":0,"x":-42.69,"y":21.86}],"scaleFrame":[{"duration":6,"tweenEasing":0,"x":2.13,"y":0.45},{"duration":0,"x":1.62,"y":0.74}]}],"slot":[{"name":"tuyiban_biyan","displayFrame":[{"duration":6}]}],"ik":[{"name":"tui1","frame":[{"duration":6,"weight":0}]},{"name":"tui2","frame":[{"duration":6,"weight":0}]},{"name":"jiao1","frame":[{"duration":6,"bendPositive":false,"weight":0}]},{"name":"jiao2","frame":[{"duration":6,"bendPositive":false,"weight":0}]}]},{"duration":60,"name":"0016_xuruo","bone":[{"name":"bone","translateFrame":[{"duration":30,"curve":[0.25,0,0.625,0.5],"x":-6.98,"y":3.88},{"duration":30,"curve":[0.375,0.5,0.75,1],"x":-6.98,"y":8.18},{"duration":0,"x":-6.98,"y":3.88}],"rotateFrame":[{"duration":30,"curve":[0.25,0,0.625,0.5]},{"duration":30,"curve":[0.375,0.5,0.75,1],"rotate":0.89},{"duration":0}]},{"name":"qunzi2","rotateFrame":[{"duration":30,"curve":[0.25,0,0.625,0.5]},{"duration":30,"curve":[0.375,0.5,0.75,1],"rotate":4.25},{"duration":0}]},{"name":"qunzi4","rotateFrame":[{"duration":30,"curve":[0.25,0,0.625,0.5]},{"duration":30,"curve":[0.375,0.5,0.75,1],"rotate":0.62},{"duration":0}]},{"name":"shangyi","rotateFrame":[{"duration":60,"rotate":10.56}]},{"name":"tuyiban_tou","rotateFrame":[{"duration":30,"curve":[0.25,0,0.625,0.5],"rotate":7.11},{"duration":30,"curve":[0.375,0.5,0.75,1],"rotate":8.32},{"duration":0,"rotate":7.11}]},{"name":"toufa1","rotateFrame":[{"duration":30,"curve":[0.25,0,0.625,0.5],"rotate":-3.76},{"duration":30,"curve":[0.375,0.5,0.75,1],"rotate":-6.15},{"duration":0,"rotate":-3.76}]},{"name":"toufa","rotateFrame":[{"duration":60,"rotate":-4.62}]},{"name":"tuyiban_dabi","translateFrame":[{"duration":30,"curve":[0.25,0,0.625,0.5]},{"duration":30,"curve":[0.375,0.5,0.75,1],"x":-2.81,"y":-2.05},{"duration":0}],"rotateFrame":[{"duration":30,"curve":[0.25,0,0.625,0.5],"rotate":-12.97},{"duration":30,"curve":[0.375,0.5,0.75,1],"rotate":-9.42},{"duration":0,"rotate":-12.97}]},{"name":"tuyiban_xiaobi1","rotateFrame":[{"duration":30,"curve":[0.25,0,0.625,0.5],"rotate":8.7},{"duration":30,"curve":[0.375,0.5,0.75,1],"rotate":5.4},{"duration":0,"rotate":8.7}]},{"name":"tuyiban_shou2","rotateFrame":[{"duration":30,"curve":[0.25,0,0.625,0.5]},{"duration":30,"curve":[0.375,0.5,0.75,1],"rotate":2.77},{"duration":0}]},{"name":"shangbi2","translateFrame":[{"duration":30,"curve":[0.25,0,0.625,0.5]},{"duration":30,"curve":[0.375,0.5,0.75,1],"x":-0.6,"y":0.09},{"duration":0}],"rotateFrame":[{"duration":30,"curve":[0.25,0,0.625,0.5],"rotate":-0.49},{"duration":30,"curve":[0.375,0.5,0.75,1],"rotate":-2.32},{"duration":0,"rotate":-0.49}]},{"name":"tuyiban_dizi","rotateFrame":[{"duration":30,"curve":[0.25,0,0.625,0.5]},{"duration":30,"curve":[0.375,0.5,0.75,1],"rotate":0.51},{"duration":0}]},{"name":"weijin1","rotateFrame":[{"duration":30,"curve":[0.25,0,0.625,0.5]},{"duration":30,"curve":[0.375,0.5,0.75,1],"rotate":-0.74},{"duration":0}]},{"name":"weijin2","rotateFrame":[{"duration":30,"curve":[0.25,0,0.625,0.5]},{"duration":30,"curve":[0.375,0.5,0.75,1],"rotate":-0.99},{"duration":0}]},{"name":"weijn3","rotateFrame":[{"duration":30,"curve":[0.25,0,0.625,0.5]},{"duration":30,"curve":[0.375,0.5,0.75,1],"rotate":0.84},{"duration":0}]}],"slot":[{"name":"tuyiban_biyan","displayFrame":[{"duration":60}]}]},{"duration":30,"name":"0017_shengli","bone":[{"name":"bone","translateFrame":[{"duration":15,"curve":[0.25,0,0.625,0.5]},{"duration":15,"curve":[0.375,0.5,0.75,1],"x":0.65,"y":1.32},{"duration":0}],"rotateFrame":[{"duration":15,"curve":[0.25,0,0.625,0.5]},{"duration":15,"curve":[0.375,0.5,0.75,1],"rotate":1.42},{"duration":0}]},{"name":"qunzi2","rotateFrame":[{"duration":15,"curve":[0.25,0,0.625,0.5]},{"duration":15,"curve":[0.375,0.5,0.75,1],"rotate":1.13},{"duration":0}]},{"name":"qunzi3","translateFrame":[{"duration":30,"x":-6.62,"y":0.94}]},{"name":"qunzi4","rotateFrame":[{"duration":15,"curve":[0.25,0,0.625,0.5]},{"duration":15,"curve":[0.375,0.5,0.75,1],"rotate":-11.63},{"duration":0}]},{"name":"toufa1","rotateFrame":[{"duration":15,"curve":[0.25,0,0.625,0.5]},{"duration":15,"curve":[0.375,0.5,0.75,1],"rotate":1.24},{"duration":0}]},{"name":"tuyiban_dabi","rotateFrame":[{"duration":30,"rotate":-13.9}]},{"name":"tuyiban_xiaobi1","rotateFrame":[{"duration":30,"rotate":165.07}]},{"name":"tuyiban_shou2","rotateFrame":[{"duration":30,"rotate":20.86}]},{"name":"shangbi2","translateFrame":[{"duration":30,"x":-11.03,"y":13.76}],"rotateFrame":[{"duration":30,"rotate":69.41}]},{"name":"xiaobi2","rotateFrame":[{"duration":30,"rotate":89.36}]},{"name":"shou2","translateFrame":[{"duration":30,"x":3.38,"y":-5.82}],"rotateFrame":[{"duration":30,"rotate":177.45}],"scaleFrame":[{"duration":30,"x":-1}]},{"name":"tuyiban_dizi","translateFrame":[{"duration":30,"x":-14.29,"y":40.13}],"rotateFrame":[{"duration":30,"rotate":167.61}],"scaleFrame":[{"duration":30,"x":-1}]},{"name":"weijin2","rotateFrame":[{"duration":15,"curve":[0.25,0,0.625,0.5],"rotate":12.33},{"duration":15,"curve":[0.375,0.5,0.75,1],"rotate":13.92},{"duration":0,"rotate":12.33}]},{"name":"weijn3","rotateFrame":[{"duration":30,"rotate":-0.98}]}],"slot":[{"name":"tuyiban_biyan","displayFrame":[{"duration":30}]}],"zOrder":{"frame":[{"duration":30,"zOrder":[2,17,3,17,4,17]}]}},{"duration":3,"name":"0018_dingshen","bone":[{"name":"bone","translateFrame":[{"duration":3,"x":1.33,"y":11.35}],"rotateFrame":[{"duration":3,"rotate":9.63}]},{"name":"qunzi4","rotateFrame":[{"duration":3,"rotate":-19.7}]},{"name":"tuyiban_tou","rotateFrame":[{"duration":3,"rotate":11.25}]},{"name":"toufa1","rotateFrame":[{"duration":3,"rotate":0.73}]},{"name":"tuyiban_dabi","rotateFrame":[{"duration":3,"rotate":13.37}]},{"name":"tuyiban_xiaobi1","rotateFrame":[{"duration":3,"rotate":-8}]},{"name":"shangbi2","rotateFrame":[{"duration":3,"rotate":-18.17}]},{"name":"xiaobi2","rotateFrame":[{"duration":3,"rotate":4.36}]},{"name":"weijin1","rotateFrame":[{"duration":3,"rotate":2.39}]},{"name":"weijin2","rotateFrame":[{"duration":3,"rotate":-5.66}]},{"name":"weijn3","rotateFrame":[{"duration":3,"rotate":-9.9}]}],"slot":[{"name":"tuyiban_biyan","displayFrame":[{"duration":3}]}]},{"duration":3,"name":"0019_gedang","bone":[{"name":"tuyiban_dabi","rotateFrame":[{"duration":3,"rotate":-18.18}]},{"name":"tuyiban_xiaobi1","rotateFrame":[{"duration":3,"rotate":-57.6}]},{"name":"tuyiban_shou2","rotateFrame":[{"duration":3,"rotate":0.98}]}]},{"duration":3,"name":"0020_wu","bone":[{"name":"tuyiban_dabi","rotateFrame":[{"duration":3,"rotate":-18.18}]},{"name":"tuyiban_xiaobi1","rotateFrame":[{"duration":3,"rotate":-57.6}]},{"name":"tuyiban_shou2","rotateFrame":[{"duration":3,"rotate":0.98}]}]},{"duration":3,"name":"0021_wu","bone":[{"name":"tuyiban_dabi","rotateFrame":[{"duration":3,"rotate":-18.18}]},{"name":"tuyiban_xiaobi1","rotateFrame":[{"duration":3,"rotate":-57.6}]},{"name":"tuyiban_shou2","rotateFrame":[{"duration":3,"rotate":0.98}]}]},{"duration":3,"name":"0022_wu","bone":[{"name":"tuyiban_dabi","rotateFrame":[{"duration":3,"rotate":-18.18}]},{"name":"tuyiban_xiaobi1","rotateFrame":[{"duration":3,"rotate":-57.6}]},{"name":"tuyiban_shou2","rotateFrame":[{"duration":3,"rotate":0.98}]}]},{"duration":3,"name":"0023_wu","bone":[{"name":"tuyiban_dabi","rotateFrame":[{"duration":3,"rotate":-18.18}]},{"name":"tuyiban_xiaobi1","rotateFrame":[{"duration":3,"rotate":-57.6}]},{"name":"tuyiban_shou2","rotateFrame":[{"duration":3,"rotate":0.98}]}]},{"duration":3,"name":"0024_wu","bone":[{"name":"tuyiban_dabi","rotateFrame":[{"duration":3,"rotate":-18.18}]},{"name":"tuyiban_xiaobi1","rotateFrame":[{"duration":3,"rotate":-57.6}]},{"name":"tuyiban_shou2","rotateFrame":[{"duration":3,"rotate":0.98}]}]},{"duration":45,"name":"0025_gongji1","bone":[{"name":"bone","translateFrame":[{"duration":20,"curve":[0.25,0,0.625,0.5]},{"duration":25,"curve":[0.375,0.5,0.75,1],"x":0.65,"y":1.32},{"duration":0}],"rotateFrame":[{"duration":20,"curve":[0.25,0,0.625,0.5]},{"duration":25,"curve":[0.375,0.5,0.75,1],"rotate":1.42},{"duration":0}]},{"name":"qunzi2","rotateFrame":[{"duration":20,"curve":[0.25,0,0.625,0.5]},{"duration":25,"curve":[0.375,0.5,0.75,1],"rotate":1.13},{"duration":0}]},{"name":"qunzi3","translateFrame":[{"duration":45,"x":-6.62,"y":0.94}]},{"name":"qunzi4","rotateFrame":[{"duration":20,"curve":[0.25,0,0.625,0.5]},{"duration":25,"curve":[0.375,0.5,0.75,1],"rotate":-11.63},{"duration":0}]},{"name":"toufa1","rotateFrame":[{"duration":20,"curve":[0.25,0,0.625,0.5]},{"duration":25,"curve":[0.375,0.5,0.75,1],"rotate":1.24},{"duration":0}]},{"name":"tuyiban_dabi","rotateFrame":[{"duration":45,"rotate":-13.9}]},{"name":"tuyiban_xiaobi1","rotateFrame":[{"duration":45,"rotate":165.07}]},{"name":"tuyiban_shou2","rotateFrame":[{"duration":45,"rotate":20.86}]},{"name":"shangbi2","translateFrame":[{"duration":45,"x":-11.03,"y":13.76}],"rotateFrame":[{"duration":45,"rotate":69.41}]},{"name":"xiaobi2","rotateFrame":[{"duration":45,"rotate":89.36}]},{"name":"shou2","translateFrame":[{"duration":45,"x":3.38,"y":-5.82}],"rotateFrame":[{"duration":45,"rotate":177.45}],"scaleFrame":[{"duration":45,"x":-1}]},{"name":"tuyiban_dizi","translateFrame":[{"duration":45,"x":-14.29,"y":40.13}],"rotateFrame":[{"duration":45,"rotate":167.61}],"scaleFrame":[{"duration":45,"x":-1}]},{"name":"weijin2","rotateFrame":[{"duration":20,"curve":[0.25,0,0.625,0.5],"rotate":12.33},{"duration":25,"curve":[0.375,0.5,0.75,1],"rotate":13.92},{"duration":0,"rotate":12.33}]},{"name":"weijn3","rotateFrame":[{"duration":45,"rotate":-0.98}]}],"slot":[{"name":"tuyiban_biyan","displayFrame":[{"duration":45}]}],"zOrder":{"frame":[{"duration":45,"zOrder":[2,17,3,17,4,17]}]}},{"duration":45,"name":"0026_gongji2","bone":[{"name":"bone","translateFrame":[{"duration":20,"curve":[0.25,0,0.625,0.5]},{"duration":25,"curve":[0.375,0.5,0.75,1],"x":0.65,"y":1.32},{"duration":0}],"rotateFrame":[{"duration":20,"curve":[0.25,0,0.625,0.5]},{"duration":25,"curve":[0.375,0.5,0.75,1],"rotate":1.42},{"duration":0}]},{"name":"qunzi2","rotateFrame":[{"duration":20,"curve":[0.25,0,0.625,0.5]},{"duration":25,"curve":[0.375,0.5,0.75,1],"rotate":1.13},{"duration":0}]},{"name":"qunzi3","translateFrame":[{"duration":45,"x":-6.62,"y":0.94}]},{"name":"qunzi4","rotateFrame":[{"duration":20,"curve":[0.25,0,0.625,0.5]},{"duration":25,"curve":[0.375,0.5,0.75,1],"rotate":-11.63},{"duration":0}]},{"name":"toufa1","rotateFrame":[{"duration":20,"curve":[0.25,0,0.625,0.5]},{"duration":25,"curve":[0.375,0.5,0.75,1],"rotate":1.24},{"duration":0}]},{"name":"tuyiban_dabi","rotateFrame":[{"duration":45,"rotate":-13.9}]},{"name":"tuyiban_xiaobi1","rotateFrame":[{"duration":45,"rotate":165.07}]},{"name":"tuyiban_shou2","rotateFrame":[{"duration":45,"rotate":20.86}]},{"name":"shangbi2","translateFrame":[{"duration":45,"x":-11.03,"y":13.76}],"rotateFrame":[{"duration":45,"rotate":69.41}]},{"name":"xiaobi2","rotateFrame":[{"duration":45,"rotate":89.36}]},{"name":"shou2","translateFrame":[{"duration":45,"x":3.38,"y":-5.82}],"rotateFrame":[{"duration":45,"rotate":177.45}],"scaleFrame":[{"duration":45,"x":-1}]},{"name":"tuyiban_dizi","translateFrame":[{"duration":45,"x":-14.29,"y":40.13}],"rotateFrame":[{"duration":45,"rotate":167.61}],"scaleFrame":[{"duration":45,"x":-1}]},{"name":"weijin2","rotateFrame":[{"duration":20,"curve":[0.25,0,0.625,0.5],"rotate":12.33},{"duration":25,"curve":[0.375,0.5,0.75,1],"rotate":13.92},{"duration":0,"rotate":12.33}]},{"name":"weijn3","rotateFrame":[{"duration":45,"rotate":-0.98}]}],"slot":[{"name":"tuyiban_biyan","displayFrame":[{"duration":45}]}],"zOrder":{"frame":[{"duration":45,"zOrder":[2,17,3,17,4,17]}]}},{"duration":45,"name":"0027_shifa1","bone":[{"name":"bone","translateFrame":[{"duration":20,"curve":[0.25,0,0.625,0.5]},{"duration":25,"curve":[0.375,0.5,0.75,1],"x":0.65,"y":1.32},{"duration":0}],"rotateFrame":[{"duration":20,"curve":[0.25,0,0.625,0.5]},{"duration":25,"curve":[0.375,0.5,0.75,1],"rotate":1.42},{"duration":0}]},{"name":"qunzi2","rotateFrame":[{"duration":20,"curve":[0.25,0,0.625,0.5]},{"duration":25,"curve":[0.375,0.5,0.75,1],"rotate":1.13},{"duration":0}]},{"name":"qunzi3","translateFrame":[{"duration":45,"x":-6.62,"y":0.94}]},{"name":"qunzi4","rotateFrame":[{"duration":20,"curve":[0.25,0,0.625,0.5]},{"duration":25,"curve":[0.375,0.5,0.75,1],"rotate":-11.63},{"duration":0}]},{"name":"toufa1","rotateFrame":[{"duration":20,"curve":[0.25,0,0.625,0.5]},{"duration":25,"curve":[0.375,0.5,0.75,1],"rotate":1.24},{"duration":0}]},{"name":"tuyiban_dabi","rotateFrame":[{"duration":45,"rotate":-13.9}]},{"name":"tuyiban_xiaobi1","rotateFrame":[{"duration":45,"rotate":165.07}]},{"name":"tuyiban_shou2","rotateFrame":[{"duration":45,"rotate":20.86}]},{"name":"shangbi2","translateFrame":[{"duration":45,"x":-11.03,"y":13.76}],"rotateFrame":[{"duration":45,"rotate":69.41}]},{"name":"xiaobi2","rotateFrame":[{"duration":45,"rotate":89.36}]},{"name":"shou2","translateFrame":[{"duration":45,"x":3.38,"y":-5.82}],"rotateFrame":[{"duration":45,"rotate":177.45}],"scaleFrame":[{"duration":45,"x":-1}]},{"name":"tuyiban_dizi","translateFrame":[{"duration":45,"x":-14.29,"y":40.13}],"rotateFrame":[{"duration":45,"rotate":167.61}],"scaleFrame":[{"duration":45,"x":-1}]},{"name":"weijin2","rotateFrame":[{"duration":20,"curve":[0.25,0,0.625,0.5],"rotate":12.33},{"duration":25,"curve":[0.375,0.5,0.75,1],"rotate":13.92},{"duration":0,"rotate":12.33}]},{"name":"weijn3","rotateFrame":[{"duration":45,"rotate":-0.98}]}],"slot":[{"name":"tuyiban_biyan","displayFrame":[{"duration":45}]}],"zOrder":{"frame":[{"duration":45,"zOrder":[2,17,3,17,4,17]}]}},{"duration":45,"name":"0028_shifa2","bone":[{"name":"bone","translateFrame":[{"duration":20,"curve":[0.25,0,0.625,0.5]},{"duration":25,"curve":[0.375,0.5,0.75,1],"x":0.65,"y":1.32},{"duration":0}],"rotateFrame":[{"duration":20,"curve":[0.25,0,0.625,0.5]},{"duration":25,"curve":[0.375,0.5,0.75,1],"rotate":1.42},{"duration":0}]},{"name":"qunzi2","rotateFrame":[{"duration":20,"curve":[0.25,0,0.625,0.5]},{"duration":25,"curve":[0.375,0.5,0.75,1],"rotate":1.13},{"duration":0}]},{"name":"qunzi3","translateFrame":[{"duration":45,"x":-6.62,"y":0.94}]},{"name":"qunzi4","rotateFrame":[{"duration":20,"curve":[0.25,0,0.625,0.5]},{"duration":25,"curve":[0.375,0.5,0.75,1],"rotate":-11.63},{"duration":0}]},{"name":"toufa1","rotateFrame":[{"duration":20,"curve":[0.25,0,0.625,0.5]},{"duration":25,"curve":[0.375,0.5,0.75,1],"rotate":1.24},{"duration":0}]},{"name":"tuyiban_dabi","rotateFrame":[{"duration":45,"rotate":-13.9}]},{"name":"tuyiban_xiaobi1","rotateFrame":[{"duration":45,"rotate":165.07}]},{"name":"tuyiban_shou2","rotateFrame":[{"duration":45,"rotate":20.86}]},{"name":"shangbi2","translateFrame":[{"duration":45,"x":-11.03,"y":13.76}],"rotateFrame":[{"duration":45,"rotate":69.41}]},{"name":"xiaobi2","rotateFrame":[{"duration":45,"rotate":89.36}]},{"name":"shou2","translateFrame":[{"duration":45,"x":3.38,"y":-5.82}],"rotateFrame":[{"duration":45,"rotate":177.45}],"scaleFrame":[{"duration":45,"x":-1}]},{"name":"tuyiban_dizi","translateFrame":[{"duration":45,"x":-14.29,"y":40.13}],"rotateFrame":[{"duration":45,"rotate":167.61}],"scaleFrame":[{"duration":45,"x":-1}]},{"name":"weijin2","rotateFrame":[{"duration":20,"curve":[0.25,0,0.625,0.5],"rotate":12.33},{"duration":25,"curve":[0.375,0.5,0.75,1],"rotate":13.92},{"duration":0,"rotate":12.33}]},{"name":"weijn3","rotateFrame":[{"duration":45,"rotate":-0.98}]}],"slot":[{"name":"tuyiban_biyan","displayFrame":[{"duration":45}]}],"zOrder":{"frame":[{"duration":45,"zOrder":[2,17,3,17,4,17]}]}},{"duration":60,"name":"0029_bisha_yanshi","bone":[{"name":"bone","translateFrame":[{"duration":15,"curve":[0.25,0,0.625,0.5]},{"duration":15,"curve":[0.375,0.5,0.75,1],"x":0.65,"y":1.32},{"duration":15,"curve":[0.342,0.36,0.685,0.72],"x":3.87,"y":-2.7},{"duration":15,"curve":[0.379,0.6,0.724,1],"x":-9.83,"y":-5},{"duration":0}],"rotateFrame":[{"duration":15,"curve":[0.25,0,0.625,0.5]},{"duration":15,"curve":[0.375,0.5,0.75,1],"rotate":1.42},{"duration":15,"curve":[0.342,0.36,0.685,0.72],"rotate":1.42},{"duration":15,"curve":[0.379,0.6,0.724,1],"rotate":-5.79},{"duration":0}]},{"name":"qunzi2","rotateFrame":[{"duration":15,"curve":[0.25,0,0.625,0.5]},{"duration":15,"curve":[0.375,0.5,0.75,1],"rotate":1.13},{"duration":30,"curve":[0.375,0.5,0.75,1],"rotate":3.66},{"duration":0}]},{"name":"qunzi3","translateFrame":[{"duration":60,"x":-6.62,"y":0.94}]},{"name":"qunzi4","rotateFrame":[{"duration":15,"curve":[0.25,0,0.625,0.5]},{"duration":15,"curve":[0.375,0.5,0.75,1],"rotate":-11.63},{"duration":30,"curve":[0.375,0.5,0.75,1],"rotate":-17.09},{"duration":0}]},{"name":"shangyi","rotateFrame":[{"duration":15},{"duration":15,"curve":[0.25,0,0.75,1]},{"duration":30,"curve":[0.25,0,0.75,1],"rotate":6.94},{"duration":0}]},{"name":"toufa1","rotateFrame":[{"duration":15,"curve":[0.25,0,0.625,0.5]},{"duration":15,"curve":[0.375,0.5,0.75,1],"rotate":1.24},{"duration":30,"curve":[0.375,0.5,0.75,1],"rotate":3.79},{"duration":0}]},{"name":"tuyiban_dabi","rotateFrame":[{"duration":60,"rotate":-13.9}]},{"name":"tuyiban_xiaobi1","rotateFrame":[{"duration":60,"rotate":165.07}]},{"name":"tuyiban_shou2","rotateFrame":[{"duration":60,"rotate":20.86}]},{"name":"shangbi2","translateFrame":[{"duration":60,"x":-11.03,"y":13.76}],"rotateFrame":[{"duration":60,"rotate":69.41}]},{"name":"xiaobi2","rotateFrame":[{"duration":60,"rotate":89.36}]},{"name":"shou2","translateFrame":[{"duration":60,"x":3.38,"y":-5.82}],"rotateFrame":[{"duration":60,"rotate":177.45}],"scaleFrame":[{"duration":60,"x":-1}]},{"name":"tuyiban_dizi","translateFrame":[{"duration":60,"x":-14.29,"y":40.13}],"rotateFrame":[{"duration":60,"rotate":167.61}],"scaleFrame":[{"duration":60,"x":-1}]},{"name":"weijin2","rotateFrame":[{"duration":15,"curve":[0.25,0,0.625,0.5],"rotate":12.33},{"duration":15,"rotate":13.92},{"duration":30,"curve":[0.375,0.5,0.75,1],"rotate":13.92},{"duration":0,"rotate":12.33}]},{"name":"weijn3","rotateFrame":[{"duration":60,"rotate":-0.98}]}],"slot":[{"name":"tuyiban_biyan","displayFrame":[{"duration":60}]}],"zOrder":{"frame":[{"duration":60,"zOrder":[2,17,3,17,4,17]}]}},{"duration":30,"name":"0030_bisha_xuli","bone":[{"name":"bone","translateFrame":[{"duration":15,"curve":[0.25,0,0.625,0.5]},{"duration":15,"curve":[0.375,0.5,0.75,1],"x":0.65,"y":1.32},{"duration":0,"x":3.87,"y":-2.7}],"rotateFrame":[{"duration":15,"curve":[0.25,0,0.625,0.5]},{"duration":15,"rotate":1.42}]},{"name":"qunzi2","rotateFrame":[{"duration":15,"curve":[0.25,0,0.625,0.5]},{"duration":15,"curve":[0.375,0.5,0.75,1],"rotate":1.13},{"duration":0,"rotate":3.66}]},{"name":"qunzi3","translateFrame":[{"duration":30,"x":-6.62,"y":0.94}]},{"name":"qunzi4","rotateFrame":[{"duration":15,"curve":[0.25,0,0.625,0.5]},{"duration":15,"curve":[0.375,0.5,0.75,1],"rotate":-11.63},{"duration":0,"rotate":-17.09}]},{"name":"shangyi","rotateFrame":[{"duration":15},{"duration":15,"curve":[0.25,0,0.75,1]},{"duration":0,"rotate":6.94}]},{"name":"toufa1","rotateFrame":[{"duration":15,"curve":[0.25,0,0.625,0.5]},{"duration":15,"curve":[0.375,0.5,0.75,1],"rotate":1.24},{"duration":0,"rotate":3.79}]},{"name":"tuyiban_dabi","rotateFrame":[{"duration":30,"rotate":-13.9}]},{"name":"tuyiban_xiaobi1","rotateFrame":[{"duration":30,"rotate":165.07}]},{"name":"tuyiban_shou2","rotateFrame":[{"duration":30,"rotate":20.86}]},{"name":"shangbi2","translateFrame":[{"duration":30,"x":-11.03,"y":13.76}],"rotateFrame":[{"duration":30,"rotate":69.41}]},{"name":"xiaobi2","rotateFrame":[{"duration":30,"rotate":89.36}]},{"name":"shou2","translateFrame":[{"duration":30,"x":3.38,"y":-5.82}],"rotateFrame":[{"duration":30,"rotate":177.45}],"scaleFrame":[{"duration":30,"x":-1}]},{"name":"tuyiban_dizi","translateFrame":[{"duration":30,"x":-14.29,"y":40.13}],"rotateFrame":[{"duration":30,"rotate":167.61}],"scaleFrame":[{"duration":30,"x":-1}]},{"name":"weijin2","rotateFrame":[{"duration":15,"curve":[0.25,0,0.625,0.5],"rotate":12.33},{"duration":15,"rotate":13.92}]},{"name":"weijn3","rotateFrame":[{"duration":30,"rotate":-0.98}]}],"slot":[{"name":"tuyiban_biyan","displayFrame":[{"duration":30}]}],"zOrder":{"frame":[{"duration":30,"zOrder":[2,17,3,17,4,17]}]}},{"duration":30,"name":"0031_bisha_qujian","bone":[{"name":"bone","translateFrame":[{"duration":15,"curve":[0.342,0.36,0.685,0.72],"x":3.87,"y":-2.7},{"duration":15,"curve":[0.379,0.6,0.724,1],"x":-9.83,"y":-5},{"duration":0}],"rotateFrame":[{"duration":15,"curve":[0.342,0.36,0.685,0.72],"rotate":1.42},{"duration":15,"curve":[0.379,0.6,0.724,1],"rotate":-5.79},{"duration":0}]},{"name":"qunzi2","rotateFrame":[{"duration":30,"curve":[0.375,0.5,0.75,1],"rotate":3.66},{"duration":0}]},{"name":"qunzi3","translateFrame":[{"duration":30,"x":-6.62,"y":0.94}]},{"name":"qunzi4","rotateFrame":[{"duration":30,"curve":[0.375,0.5,0.75,1],"rotate":-17.09},{"duration":0}]},{"name":"shangyi","rotateFrame":[{"duration":30,"curve":[0.25,0,0.75,1],"rotate":6.94},{"duration":0}]},{"name":"toufa1","rotateFrame":[{"duration":30,"curve":[0.375,0.5,0.75,1],"rotate":3.79},{"duration":0}]},{"name":"tuyiban_dabi","rotateFrame":[{"duration":30,"rotate":-13.9}]},{"name":"tuyiban_xiaobi1","rotateFrame":[{"duration":30,"rotate":165.07}]},{"name":"tuyiban_shou2","rotateFrame":[{"duration":30,"rotate":20.86}]},{"name":"shangbi2","translateFrame":[{"duration":30,"x":-11.03,"y":13.76}],"rotateFrame":[{"duration":30,"rotate":69.41}]},{"name":"xiaobi2","rotateFrame":[{"duration":30,"rotate":89.36}]},{"name":"shou2","translateFrame":[{"duration":30,"x":3.38,"y":-5.82}],"rotateFrame":[{"duration":30,"rotate":177.45}],"scaleFrame":[{"duration":30,"x":-1}]},{"name":"tuyiban_dizi","translateFrame":[{"duration":30,"x":-14.29,"y":40.13}],"rotateFrame":[{"duration":30,"rotate":167.61}],"scaleFrame":[{"duration":30,"x":-1}]},{"name":"weijin2","rotateFrame":[{"duration":30,"curve":[0.375,0.5,0.75,1],"rotate":13.92},{"duration":0,"rotate":12.33}]},{"name":"weijn3","rotateFrame":[{"duration":30,"rotate":-0.98}]}],"slot":[{"name":"tuyiban_biyan","displayFrame":[{"duration":30}]}],"zOrder":{"frame":[{"duration":30,"zOrder":[2,17,3,17,4,17]}]}}],"defaultActions":[{"gotoAndPlay":"0000_chuchang"}]}]}