{
	"COMMON_CANCEL": {
		"en": "cancel",
		"ko": "",
		"zhcn": "取消",
		"zhtw": ""
	},
	"COMMON_ENTRY": {
		"en": "Entry2",
		"ko": "",
		"zhcn": "开始游戏",
		"zhtw": ""
	},
	"COMMON_OK": {
		"en": "ok",
		"ko": "",
		"zhcn": "确定",
		"zhtw": ""
	},
	"HUNTER_1": {
		"en": "Hunter",
		"ko": "",
		"zhcn": "猎人",
		"zhtw": ""
	},
	"HUNTER_2": {
		"en": "Hunter2",
		"ko": "",
		"zhcn": "猎人2",
		"zhtw": ""
	},
	"HUNTER_MAIL": {
		"en": "恭喜你获得{0}钻石，{1}金币",
		"ko": "",
		"zhcn": "恭喜你获得{0}钻石，{1}金币",
		"zhtw": ""
	},
	"LOGIN_ACCOUNT": {
		"en": "Account",
		"ko": "",
		"zhcn": "账号",
		"zhtw": ""
	},
	"LOGIN_AONE_LOGIN": {
		"en": "Login",
		"ko": "",
		"zhcn": "确认登录",
		"zhtw": ""
	},
	"LOGIN_AONE_REGISTER": {
		"en": "Register",
		"ko": "",
		"zhcn": "注册账号",
		"zhtw": ""
	},
	"LOGIN_PASSWORD": {
		"en": "Password",
		"ko": "",
		"zhcn": "密码",
		"zhtw": ""
	},
	"LOGIN_PASSWORD_AGAIN": {
		"en": "Again",
		"ko": "",
		"zhcn": "确认密码",
		"zhtw": ""
	},
	"LOGIN_QUICK_LOGIN": {
		"en": "QuickLogin",
		"ko": "",
		"zhcn": "快速登录",
		"zhtw": ""
	},
	"client_bind_phone_content": {
		"en": "<text>Congratulations on your identity verification, you may claim the following rewards.</text>",
		"ko": "",
		"zhcn": "<text>恭喜您通过了身份认证，为您发放以下奖励，请查收。</text>",
		"zhtw": ""
	},
	"client_chat_darkland_1": {
		"en": "<color>r=241,g=34,b=0</color><text>Lv{0}{1} has been summoned in </text>route {2}<text>!</text>",
		"ko": "",
		"zhcn": "<color>r=241,g=34,b=0</color><text>Lv{0}{1}在{2}号分线</text><text>被召唤了出来！</text>",
		"zhtw": ""
	},
	"client_chat_darkland_close": {
		"en": "<text>The port will close in 5 min. Please be ready!</text>",
		"ko": "",
		"zhcn": "港口将在五分钟后关闭，请大家做好退出准备！",
		"zhtw": ""
	},
	"client_chat_darkland_open": {
		"en": "<text>The port will open in 5 min. Please be ready!</text>",
		"ko": "",
		"zhcn": "港口将在五分钟后开启，请大家做好进入准备！",
		"zhtw": ""
	},
	"client_chat_double_fruit": {
		"en": "<text>Today's Double Chromosphere prize: Red {0} + Blue {1}, {2} ,{3} and {4}. Jackpot: {5}.1st Prize: {6}. 2nd Prize: {7}. The rewards have been delivered to winners' mailbox. </text>",
		"ko": "<text>?? ??? ??:??{0}?+??{1}?,{2}?,{3}?,{4}?,? ??? ???{5}? ,1??{6}?,2??{7}?.??? ?? ???? ????????.</text>",
		"zhcn": "<text>今日双色球的开奖结果为：红色{0}号+蓝色{1}号,{2}号,{3}号,{4}号,共产生特等奖{5}注,一等奖{6}注,二等奖{7}注.奖励已经发送至邮箱.</text>",
		"zhtw": "<text>今日雙色球的開獎結果為：紅色{0}號+藍色{1}號,{2}號,{3}號,{4}號,共產生特等獎{5}注,一等獎{6}注,二等獎{7}注.獎勵已經發送至郵箱.</text>"
	},
	"client_chat_fine_player_1": {
		"en": "<text>Congratulations! </text><color>r=30,g=200,b=255</color><text>{0}</text>'s player </text><color>r=30,g=200,b=255</color><text>{1}</text><text> has become the final </text><color>r=255,g=200,b=0</color><text>Leg}ary Hunter</text><text> of this cross-server tournament! </text>",
		"ko": "<color>r=30,g=200,b=255</color><text>{0}??? </text><text>?? </text><color>r=30,g=200,b=255</color><text>{1}</text><text>???? ??? ??? ???? </text><color>r=255,g=200,b=0</color><text>????</text><text>? ???????.??????!</text>",
		"zhcn": "<text>恭喜</text><color>r=30,g=200,b=255</color><text>{0}区</text>玩家</text><color>r=30,g=200,b=255</color><text>{1}</text><text>最终成为本赛季跨服格斗</text><color>r=255,g=200,b=0</color><text>传奇猎人</text><text>！</text>",
		"zhtw": "<text>恭喜</text><color>r=30,g=200,b=255</color><text>{0}區</text>玩家</text><color>r=30,g=200,b=255</color><text>{1}</text><text>最終成為本賽季跨服格鬥</text><color>r=255,g=200,b=0</color><text>傳奇獵人</text><text>！</text>"
	},
	"client_chat_fine_player_2": {
		"en": "<text>Congratulations! </text><color>r=30,g=200,b=255</color><text>{0}</text>'s player </text><color>r=30,g=200,b=255</color><text>{1}</text><text> has become the final </text><color>r=255,g=200,b=0</color><text>Master Hunter</text><text> of this cross-server tournament! </text>",
		"ko": "<color>r=30,g=200,b=255</color><text>{0}??? </text><text>?? </text><color>r=30,g=200,b=255</color><text>{1}</text><text>???? ??? ??? ???? </text><color>r=255,g=200,b=0</color><text>????</text><text>? ???????.??????!</text>",
		"zhcn": "<text>恭喜</text><color>r=30,g=200,b=255</color><text>{0}区</text>玩家</text><color>r=30,g=200,b=255</color><text>{1}</text><text>最终成为本赛季跨服格斗</text><color>r=255,g=200,b=0</color><text>宗师猎人</text><text>！</text>",
		"zhtw": "<text>恭喜</text><color>r=30,g=200,b=255</color><text>{0}區</text>玩家</text><color>r=30,g=200,b=255</color><text>{1}</text><text>最終成為本賽季跨服格鬥</text><color>r=255,g=200,b=0</color><text>宗師獵人</text><text>！</text>"
	},
	"client_chat_fine_player_3": {
		"en": "<text>Congratulations! </text><color>r=30,g=200,b=255</color><text>{0}</text>'s player </text><color>r=30,g=200,b=255</color><text>{1}</text><text> has become the final </text><color>r=255,g=200,b=0</color><text>Super Hunter</text><text> of this cross-server tournament! </text>",
		"ko": "<color>r=30,g=200,b=255</color><text>{0}??? </text>?? </text><color>r=30,g=200,b=255</color><text>{1}</text><text>???? ??? ??? ???? </text><color>r=255,g=200,b=0</color><text>????</text><text>? ???????.??????!</text>",
		"zhcn": "<text>恭喜</text><color>r=30,g=200,b=255</color><text>{0}区</text>玩家</text><color>r=30,g=200,b=255</color><text>{1}</text><text>最终成为本赛季跨服格斗</text><color>r=255,g=200,b=0</color><text>超级猎人</text><text>！</text>",
		"zhtw": "<text>恭喜</text><color>r=30,g=200,b=255</color><text>{0}區</text>玩家</text><color>r=30,g=200,b=255</color><text>{1}</text><text>最終成為本賽季跨服格鬥</text><color>r=255,g=200,b=0</color><text>超級獵人</text><text>！</text>"
	},
	"client_chat_landwonder_1": {
		"en": "<color>r=241,g=34,b=0</color><text>Level-{0}{1}</text><text> has been summoned! </text>",
		"ko": "<color>r=241,g=34,b=0</color><text>Lv{0}{1}</text><text>? ???????!</text>",
		"zhcn": "<color>r=241,g=34,b=0</color><text>Lv{0}{1}</text><text>被召唤了出来！</text>",
		"zhtw": "<color>r=241,g=34,b=0</color><text>Lv{0}{1}</text><text>被召喚了出來！</text>"
	},
	"client_chat_landwonder_2": {
		"en": "<text>The fruit tree in Antokiba (safety area) is mature! Don't forget to gather the fruits! </text>",
		"ko": "<text>????(????)? ??? ?? ???????.?? ??? ?????!</text>",
		"zhcn": "<text>安多尼拔（和平区域）的果树已经成熟,请大家快去采集啊！</text>",
		"zhtw": "<text>安多尼拔（和平區域）的果樹已經成熟,請大家快去採集啊！</text>"
	},
	"client_chat_landwonder_3": {
		"en": "<color>r=255,g=255,b=0</color><text>{0}</text><text> accidentally triggered a trap during the gathering, and </text><color>r=241,g=34,b=0</color><text>Level-{1}{2}</text><text> was summoned! </text>",
		"ko": "<color>r=255,g=255,b=0</color><text>{0}</text><text>???? ?????? ???? ??? ??? </text><color>r=241,g=34,b=0</color><text>Lv{1}{2}</text><text>? ??????.</text>",
		"zhcn": "<color>r=255,g=255,b=0</color><text>{0}</text><text>在采集中不小心碰到机关，</text><color>r=241,g=34,b=0</color><text>Lv{1}{2}</text><text>被召唤了出来！</text>",
		"zhtw": "<color>r=255,g=255,b=0</color><text>{0}</text><text>在採集中不小心碰到機關，</text><color>r=241,g=34,b=0</color><text>Lv{1}{2}</text><text>被召喚了出來！</text>"
	},
	"client_chat_landwonder_4": {
		"en": "<text>Player</text><color>r=241,g=34,b=0</color><text>{0}</text><text> in </text><color>r=255,g=200,b=0</color><text>{1}</text><text> in Grassland has defeated </text><color>r=241,g=34,b=0</color><text>{2} opponents in a row</text><text>! That was horrifying! </text>",
		"ko": "<text>?? </text><color>r=241,g=34,b=0</color><text>{0}</text><text>???? ?? </text><color>r=255,g=200,b=0</color><text>{1}</text><text>?? </text><color>r=241,g=34,b=0</color><text>{2}? ?? ??</text><text>? ???????.???????!</text>",
		"zhcn": "<text>玩家</text><color>r=241,g=34,b=0</color><text>{0}</text><text>在大草原</text><color>r=255,g=200,b=0</color><text>{1}</text><text>中已经完成</text><color>r=241,g=34,b=0</color><text>{2}连杀</text><text>了！简直就是个杀人恶魔啊！</text>",
		"zhtw": "<text>玩家</text><color>r=241,g=34,b=0</color><text>{0}</text><text>在大草原</text><color>r=255,g=200,b=0</color><text>{1}</text><text>中已經完成</text><color>r=241,g=34,b=0</color><text>{2}連殺</text><text>了！簡直就是個殺人惡魔啊！</text>"
	},
	"client_chat_landwonder_5": {
		"en": "<color>r=241,g=34,b=0</color><text>{0}</text><text> has switched to Battle Mode! Please be careful! </text>",
		"ko": "<color>r=241,g=34,b=0</color><text>{0}</text><text>???? ?? ??? ???????.?????!</text>",
		"zhcn": "<color>r=241,g=34,b=0</color><text>{0}</text><text>开启了战斗模式！大家小心！</text>",
		"zhtw": "<color>r=241,g=34,b=0</color><text>{0}</text><text>開啟了戰鬥模式！大家小心！</text>"
	},
	"client_chat_landwonder_6": {
		"en": "<color>r=255,g=255,b=0</color><text>{0}</text><text> defeated </text><color>r=241,g=34,b=0</color><text>{1}</text><text> and acquired </text><color>r=255,g=200,b=0</color><text>{2} x {3}</text>",
		"ko": "<color>r=255,g=255,b=0</color><text>{0}</text><text>???? ?????? </text><color>r=241,g=34,b=0</color><text>{1}</text><text>? ???? </text><color>r=255,g=200,b=0</color><text>{2}x{3}</text><text>? ???????.</text>",
		"zhcn": "<color>r=255,g=255,b=0</color><text>{0}</text><text>奋力一击将</text><color>r=241,g=34,b=0</color><text>{1}</text><text>消灭，获得了</text><color>r=255,g=200,b=0</color><text>{2}x{3}</text>",
		"zhtw": "<color>r=255,g=255,b=0</color><text>{0}</text><text>奮力一擊將</text><color>r=241,g=34,b=0</color><text>{1}</text><text>消滅，獲得了</text><color>r=255,g=200,b=0</color><text>{2}x{3}</text>"
	},
	"client_chat_landwonder_7": {
		"en": "<text>Congratulations! </text><color>r=255,g=255,b=0</color><text>{0}</text><text> has found </text><color>r=241,g=34,b=0</color><text>{1}x{2} during the gathering! </text>",
		"ko": "<text>?? </text><color>r=255,g=255,b=0</color><text>{0}</text><text>???? ?? ???? ??? </text><color>r=241,g=34,b=0</color><text>{1}x{2}</text><text>? ???????.</text>",
		"zhcn": "<text>恭喜玩家</text><color>r=255,g=255,b=0</color><text>{0}</text><text>在采集中意外收获了</text><color>r=241,g=34,b=0</color><text>{1}x{2}！</text>",
		"zhtw": "<text>恭喜玩家</text><color>r=255,g=255,b=0</color><text>{0}</text><text>在採集中意外收獲了</text><color>r=241,g=34,b=0</color><text>{1}x{2}！</text>"
	},
	"client_chat_landwonder_8": {
		"en": "<color>r=255,g=200,b=0</color><text>{0}</text><text> will become mature in </text><color>r=255,g=200,b=0</color> <text>{1} minutes</text><text>. Don't forget to gather the fruits! </text>",
		"ko": "<color>r=255,g=200,b=0</color><text>{0}</text><text>? </text><color>r=255,g=200,b=0</color> <text>{1}?</text><text> ? ?????.??? ?????!</text>",
		"zhcn": "<color>r=255,g=200,b=0</color><text>{0}</text><text>将在</text><color>r=255,g=200,b=0</color> <text>{1}分钟</text><text>后成熟，请大家快去采集啊！</text>",
		"zhtw": "<color>r=255,g=200,b=0</color><text>{0}</text><text>將在</text><color>r=255,g=200,b=0</color> <text>{1}分鐘</text><text>後成熟，請大家快去採集啊！</text>"
	},
	"client_chat_league_1": {
		"en": "<color>r=255,g=200,b=0</color><text>Guild War</text><text> will start in </text><color>r=255,g=200,b=0</color><text>{0} minutes</text><text>. All players, please be prepared! </text>",
		"ko": "<color>r=255,g=200,b=0</color><text>???</text><text>? </text><color>r=255,g=200,b=0</color><text>{0}?</text><text> ? ?????.??? ?? ???? ??? ??? ????.</text>",
		"zhcn": "<color>r=255,g=200,b=0</color><text>公会战</text><text>将于</text><color>r=255,g=200,b=0</color><text>{0}分钟</text><text>后开启，请已经报名的玩家做好准备!</text>",
		"zhtw": "<color>r=255,g=200,b=0</color><text>公會戰</text><text>將於</text><color>r=255,g=200,b=0</color><text>{0}分鐘</text><text>後開啟，請已經報名的玩家做好準備!</text>"
	},
	"client_chat_league_10": {
		"en": "<text>You have been </text><color>r=30,g=200,b=255</color><text>{0}</text><text>removed from the guild, you may reapply or create a guild in 12 hours.</text>",
		"ko": "",
		"zhcn": "<text>您已被</text><color>r=30,g=200,b=255</color><text>{0}</text><text>踢出公会,12小时后您可以再次申请入会或创建公会。</text>",
		"zhtw": ""
	},
	"client_chat_league_2": {
		"en": "<text>Guild</text><color>r=255,g=200,b=0</color><text>{0}</text><text> has won the round </text><color>r=255,g=200,b=0</color><text>{1}</text><text> match by a bye. </text>",
		"ko": "<color>r=255,g=200,b=0</color><text>{0}???</text><text>? </text><color>r=255,g=200,b=0</color><text>{1}?</text><text> ? ?????.??? ?? ???? ??? ??? ????.</text>",
		"zhcn": "<text>公会</text><color>r=255,g=200,b=0</color><text>{0}</text><text>在第</text><color>r=255,g=200,b=0</color><text>{1}</text><text>轮中轮空自动获得胜利。</text>",
		"zhtw": "<text>公會</text><color>r=255,g=200,b=0</color><text>{0}</text><text>在第</text><color>r=255,g=200,b=0</color><text>{1}</text><text>輪中輪空自動獲得勝利。</text>"
	},
	"client_chat_league_3": {
		"en": "<text>Guild boss has been defeated by {0}. The celebration feast is on! </text>",
		"ko": "<text>?? ?? ??? {0}?? ???????.???? ?? ?????? ?? ???????.</text>",
		"zhcn": "<text>本次公会boss被{0}击杀了，庆功宴已经开启，大家快去赴宴。</text>",
		"zhtw": "<text>本次公會boss被{0}擊殺了，慶功宴已經開啟，大家快去赴宴。</text>"
	},
	"client_chat_league_4": {
		"en": "<text>{0} has summoned a guild boss! Join in the fight now! </text>",
		"ko": "<text>{0}???? ?? ??? ???????.???????!</text>",
		"zhcn": "<text>{0}开启了公会boss，大家快去打啊。</text>",
		"zhtw": "<text>{0}開啟了公會boss，大家快去打啊。</text>"
	},
	"client_chat_league_5": {
		"en": "<text>The guild leader {0} has remained inactive for over 5 days. The deputy leader {1} has become the new leader, and the original leader has been demoted to the deputy one. </text>",
		"ko": "<text>?? {0}??? 5? ?? ??? ???? ???? ???? ??? {1}?? ???????.? ??? ????? ???????.</text>",
		"zhcn": "<text>会长{0}超过5天未登录游戏，自动禅让予副会{1}，原会长降为副会。</text>",
		"zhtw": "<text>會長{0}超過5天未登錄遊戲，自動禪讓予副會{1}，原會長降為副會。</text>"
	},
	"client_chat_league_6": {
		"en": "<text>The guild leader {0} has remained inactive for over 5 days. {1} has become the new leader, and the original leader has been demoted to a common member. </text>",
		"ko": "<text>?? {0}??? 5? ?? ??? ???? ???? ???? ??? {1}?? ???????.? ??? ???? ???????</text>",
		"zhcn": "<text>会长{0}超过5天未登录游戏，自动禅让予{1}，原会长降为成员。</text>",
		"zhtw": "<text>會長{0}超過5天未登錄遊戲，自動禪讓予{1}，原會長降為成員。</text>"
	},
	"client_chat_league_7": {
		"en": "<color>r=30,g=200,b=255</color><text>{0}</text><text> opened the guild dungeon: </text><color>r=0,g=150,b=0</color><text>{1}</text><text>. All guild members, please prepare for the challenge! </text>",
		"ko": "<color>r=30,g=200,b=255</color><text>{0}</text><text>???? ?? ?? </text><color>r=0,g=150,b=0</color><text>{1}</text><text>? ???????.?? ???? ???!</text>",
		"zhcn": "<color>r=30,g=200,b=255</color><text>{0}</text><text>开启了公会副本:</text><color>r=0,g=150,b=0</color><text>{1}</text><text>，请各位公会成员速速前往挑战！</text>",
		"zhtw": "<color>r=30,g=200,b=255</color><text>{0}</text><text>開啟了公會副本:</text><color>r=0,g=150,b=0</color><text>{1}</text><text>，請各位公會成員速速前往挑戰！</text>"
	},
	"client_chat_league_8": {
		"en": "<color>r=30,g=200,b=255</color><text>{0}</text><text> has purchased guild dungeon challenge chances for all the guild members! Everyone, prepare for the challenge! </text>",
		"ko": "<color>r=30,g=200,b=255</color><text>{0}</text><text>???? ?? ???? ?? ?? ??? ??? ?????.?? ??? ?????!</text>",
		"zhcn": "<color>r=30,g=200,b=255</color><text>{0}</text><text>为全员购买了公会副本挑战次数，大家快去挑战！</text>",
		"zhtw": "<color>r=30,g=200,b=255</color><text>{0}</text><text>為全員購買了公會副本挑戰次數，大家快去挑戰！</text>"
	},
	"client_chat_league_9": {
		"en": "<text>You have been </text><color>r=30,g=200,b=255</color><text>{0}</text><text>removed from the guild.</text>",
		"ko": "",
		"zhcn": "<text>您已被</text><color>r=30,g=200,b=255</color><text>{0}</text><text>踢出公会。</text>",
		"zhtw": ""
	},
	"client_chat_league_match_battle_lose": {
		"en": "<text><color>r=30,g=200,b=255</color><text>{0}</text><text>has failed to defeat lineup {1}{2} in Guild War!</text></text>",
		"ko": "?? <color>r=30,g=200,b=255</color><text>{0}</text><text>?? {1}{2} ? ??? ?? ???????!</text>",
		"zhcn": "成员<color>r=30,g=200,b=255</color><text>{0}</text><text>在公会战中进攻{1}{2}号阵容失败！</text>",
		"zhtw": "成員<color>r=30,g=200,b=255</color><text>{0}</text><text>在公會戰中進攻{1}{2}號陣容失敗！</text>"
	},
	"client_chat_league_match_battle_win": {
		"en": "<color>r=30,g=200,b=255</color><text>{0}</text><text> has defeated lineup {1}{2} in Guild War!</text>",
		"ko": "?? <color>r=30,g=200,b=255</color><text>{0}</text><text>?? ????? {1}{2} ? ??? ?? ???????!</text>",
		"zhcn": "成员<color>r=30,g=200,b=255</color><text>{0}</text><text>在公会战中进攻{1}{2}号阵容成功！</text>",
		"zhtw": "成員<color>r=30,g=200,b=255</color><text>{0}</text><text>在公會戰中進攻{1}{2}號陣容成功！</text>"
	},
	"client_chat_league_match_finish": {
		"en": "<text>The latest Guild War has come to an } and it's time to prepare for the next one! Guild leaders and guild mates, prepare your lineups!:</text>",
		"ko": "<text>??? ???? ?? ?????. ?? ???? ?????.</text>",
		"zhcn": "<text>上轮公会战已经结束，新一轮备战开始，请各位会长及时安排成员布置阵容</text>",
		"zhtw": "<text>上輪公會戰已經結束，新一輪備戰開始，請各位會長及時安排成員佈置陣容</text>"
	},
	"client_chat_league_match_start": {
		"en": "<text>Guild War has started. Please join now.</text>",
		"ko": "<text>???? ?? ???????. ?? ???? ???.</text>",
		"zhcn": "<text>公会战已经开始，请大家踊跃参与</text>",
		"zhtw": "<text>公會戰已經開始，請大家踴躍參與</text>"
	},
	"client_chat_role_1": {
		"en": "<text>Honorable </text><color>r=255,g=200,b=0</color> <text>VIP{0}</text> <text>player </text><color>r=0,g=150,b=0</color> <text>{1}</text> <text>is online. </text>",
		"ko": "<text>???? </text><color>r=255,g=200,b=0</color> <text>Vip{0}?</text> <text> ???? </text><color>r=0,g=150,b=0</color> <text>{1}</text> <text>?? ??? ???????.</text>",
		"zhcn": "<text>尊贵的</text><color>r=255,g=200,b=0</color> <text>Vip{0}级</text> <text>玩家</text><color>r=0,g=150,b=0</color> <text>{1}</text> <text>刚刚上线了。</text>",
		"zhtw": "<text>尊貴的</text><color>r=255,g=200,b=0</color> <text>Vip{0}級</text> <text>玩家</text><color>r=0,g=150,b=0</color> <text>{1}</text> <text>剛剛上線了。</text>"
	},
	"client_chat_role_10": {
		"en": "<color>r=0,g=255,b=255</color><text>{0}</text><text> acquired the hunter </text><color>r=255,g=200,b=0</color><text>{1}</text><text> from the First Recharge Pack. </text>",
		"ko": "<color>r=0,g=255,b=255</color><text>{0}</text><text>??? ? ?? ????? ?? </text><color>r=255,g=200,b=0</color><text>{1}</text><text>? ???????.</text>",
		"zhcn": "<color>r=0,g=255,b=255</color><text>{0}</text><text>在首冲大礼包中获得猎人</text><color>r=255,g=200,b=0</color><text>{1}</text><text>。</text>",
		"zhtw": "<color>r=0,g=255,b=255</color><text>{0}</text><text>在首儲大禮包中獲得獵人</text><color>r=255,g=200,b=0</color><text>{1}</text><text>。</text>"
	},
	"client_chat_role_11": {
		"en": "<color>r=30,g=200,b=255</color>How fortunate! <text>{0}</text><text> opened </text><color>r=255,g=200,b=0</color><text>{1}</text><text> acquired </text><color>r=255,g=200,b=0</color><text>{2} × {3}</text><text>. </text>",
		"ko": "<color>r=30,g=200,b=255</color><text>{0}/text><text>???? </text><color>r=255,g=200,b=0</color><text>{1}</text><text>?? </text><color>r=255,g=200,b=0</color><text>{2}×{3}</text><text>? ???????.??????.</text>",
		"zhcn": "<color>r=30,g=200,b=255</color><text>{0}</text><text>运气爆棚！居然在</text><color>r=255,g=200,b=0</color><text>{1}</text><text>中开出了</text><color>r=255,g=200,b=0</color><text>{2}×{3}</text><text>。</text>",
		"zhtw": "<color>r=30,g=200,b=255</color><text>{0}</text><text>運氣爆棚！居然在</text><color>r=255,g=200,b=0</color><text>{1}</text><text>中開出了</text><color>r=255,g=200,b=0</color><text>{2}×{3}</text><text>。</text>"
	},
	"client_chat_role_12": {
		"en": "<color>r=30,g=200,b=255</color>How fortunate! <text>{0}</text><text> slided a jade and acquired </text><color>r=255,g=200,b=0</color><text>{1}</text><text> from it. </text>",
		"ko": "<color>r=30,g=200,b=255</color><text>{0}</text><text>???? ?? ???? </text><color>r=255,g=200,b=0</color><text>{1}</text><text>? ???????.??????</text>",
		"zhcn": "<color>r=30,g=200,b=255</color><text>{0}</text><text>运气爆棚！切玉石切出了</text><color>r=255,g=200,b=0</color><text>{1}</text><text>。</text>",
		"zhtw": "<color>r=30,g=200,b=255</color><text>{0}</text><text>運氣爆棚！切玉石切出了</text><color>r=255,g=200,b=0</color><text>{1}</text><text>。</text>"
	},
	"client_chat_role_13": {
		"en": "<text>Congratulations! </text><color>r=30,g=200,b=255</color><text>{0}</text><text> has acquired the relic </text><color>r=255,g=200,b=0</color><text>{1}</text><text>. </text>",
		"ko": "<color>r=30,g=200,b=255</color><text>{0}</text><text>??? ?? </text><color>r=255,g=200,b=0</color><text>{1}</text><text>? ???? ?? ??? ???????.??????.</text>",
		"zhcn": "<text>恭喜</text><color>r=30,g=200,b=255</color><text>{0}</text><text>获取了神兵</text><color>r=255,g=200,b=0</color><text>{1}</text><text>，队伍实力大增。</text>",
		"zhtw": "<text>恭喜</text><color>r=30,g=200,b=255</color><text>{0}</text><text>獲取了神兵</text><color>r=255,g=200,b=0</color><text>{1}</text><text>，隊伍實力大增。</text>"
	},
	"client_chat_role_14": {
		"en": "<color>r=30,g=200,b=255</color><text>{0}</text><text> has upgraded the hunter </text><color>r=255,g=200,b=0</color><text>{1}</text><text> to </text><color>r=255,g=200,b=0</color><text>{2}-star</text><text>. </text>",
		"ko": "<color>r=30,g=200,b=255</color><text>{0}</text><text>???? ?? </text><color>r=255,g=200,b=0</color><text>{1}</text><text>? </text><color>r=255,g=200,b=0</color><text>{2}?</text><text>?? ???????.??????.</text>",
		"zhcn": "<color>r=30,g=200,b=255</color><text>{0}</text><text>将猎人</text><color>r=255,g=200,b=0</color><text>{1}</text><text>提升至</text><color>r=255,g=200,b=0</color><text>{2}星</text><text>。</text>",
		"zhtw": "<color>r=30,g=200,b=255</color><text>{0}</text><text>將獵人</text><color>r=255,g=200,b=0</color><text>{1}</text><text>提升至</text><color>r=255,g=200,b=0</color><text>{2}星</text><text>。</text>"
	},
	"client_chat_role_15": {
		"en": "<color>r=30,g=200,b=255</color><text>{0}</text><text> has upgraded the relic </text><color>r=255,g=200,b=0</color><text>{1}</text><text> to </text><color>r=255,g=200,b=0</color><text>+{2}</text><text>. </text>",
		"ko": "<color>r=30,g=200,b=255</color><text>{0}</text><text>???? ?? </text><color>r=255,g=200,b=0</color><text>{1}</text><text>? </text><color>r=255,g=200,b=0</color><text>+{2}</text><text>?? ???????.??????.</text>",
		"zhcn": "<color>r=30,g=200,b=255</color><text>{0}</text><text>将神兵</text><color>r=255,g=200,b=0</color><text>{1}</text><text>突破至</text><color>r=255,g=200,b=0</color><text>+{2}</text><text>。</text>",
		"zhtw": "<color>r=30,g=200,b=255</color><text>{0}</text><text>將神兵</text><color>r=255,g=200,b=0</color><text>{1}</text><text>突破至</text><color>r=255,g=200,b=0</color><text>+{2}</text><text>。</text>"
	},
	"client_chat_role_16": {
		"en": "<color>r=30,g=200,b=255</color><text>{0}</text><text> has upgraded the hunter </text><color>r=255,g=200,b=0</color><text>{1}</text><text> to </text><color>r=255,g=200,b=0</color><text>rank-{2} </text><text> Engraving Master. </text>",
		"ko": "<color>r=30,g=200,b=255</color><text>{0}</text><text>???? ?? </text><color>r=255,g=200,b=0</color><text>{1}</text><text>? </text><color>r=255,g=200,b=0</color><text>{2}??</text><text>?? ???????.??????.</text>",
		"zhcn": "<color>r=30,g=200,b=255</color><text>{0}</text><text>将猎人</text><color>r=255,g=200,b=0</color><text>{1}</text><text>提升至</text><color>r=255,g=200,b=0</color><text>{2}阶</text><text>刻印大师。</text>",
		"zhtw": "<color>r=30,g=200,b=255</color><text>{0}</text><text>將獵人</text><color>r=255,g=200,b=0</color><text>{1}</text><text>提升至</text><color>r=255,g=200,b=0</color><text>{2}階</text><text>刻印大師。</text>"
	},
	"client_chat_role_17": {
		"en": "<color>r=30,g=200,b=255</color><text>{0}</text><text> successfully summoned the Nen Beast </text><color>r=255,g=200,b=0</color><text>{1}</text><text>. </text>",
		"ko": "<color>r=30,g=200,b=255</color><text>{0}</text><text>???? ??? ???? ??? ?? </text><color>r=255,g=200,b=0</color><text>{1}</text><text>? ????? ???????.</text>",
		"zhcn": "<color>r=30,g=200,b=255</color><text>{0}</text><text>经过不懈的努力，终于召唤出了念兽</text><color>r=255,g=200,b=0</color><text>{1}</text><text>。</text>",
		"zhtw": "<color>r=30,g=200,b=255</color><text>{0}</text><text>經過不懈的努力，終於召喚出了念獸</text><color>r=255,g=200,b=0</color><text>{1}</text><text>。</text>"
	},
	"client_chat_role_18": {
		"en": "<color>r=30,g=200,b=255</color><text>{0}</text><text> cleared </text><color>r=255,g=200,b=0</color><text>floor {1}</text><text> in Heaven's Arena. </text>",
		"ko": "<color>r=30,g=200,b=255</color><text>{0}</text><text>???? ????? </text><color>r=255,g=200,b=0</color><text>{1}?</text><text>? ???????.</text>",
		"zhcn": "<color>r=30,g=200,b=255</color><text>{0}</text><text>神勇过人，突破了天空竞技场</text><color>r=255,g=200,b=0</color><text>{1}层</text><text>。</text>",
		"zhtw": "<color>r=30,g=200,b=255</color><text>{0}</text><text>神勇過人，突破了天空競技場</text><color>r=255,g=200,b=0</color><text>{1}層</text><text>。</text>"
	},
	"client_chat_role_19_1": {
		"en": "<color>r=30,g=200,b=255</color><text>{0}</text><text> made to the </text><color>r=255,g=200,b=0</color><text>top 50</text><text> in arena for the first time! Well done! </text>",
		"ko": "<color>r=30,g=200,b=255</color><text>{0}</text><text>???? ???? ? ?? ???? </text><color>r=255,g=200,b=0</color><text>?? 50?</text><text>? ???????.??????.</text>",
		"zhcn": "<color>r=30,g=200,b=255</color><text>{0}</text><text>首次进入本服格斗</text><color>r=255,g=200,b=0</color><text>前50名</text><text>，大家快来恭喜他啊！</text>",
		"zhtw": "<color>r=30,g=200,b=255</color><text>{0}</text><text>首次進入本服格鬥</text><color>r=255,g=200,b=0</color><text>前50名</text><text>，大家快來恭喜他啊！</text>"
	},
	"client_chat_role_19_2": {
		"en": "<color>r=30,g=200,b=255</color><text>{0}</text><text> made to the </text><color>r=255,g=200,b=0</color><text>top 10</text><text> in arena for the first time! Well done! </text>",
		"ko": "<color>r=30,g=200,b=255</color><text>{0}</text><text>???? ???? ? ?? ???? </text><color>r=255,g=200,b=0</color><text>?? 10?</text><text>? ???????.??????.</text>",
		"zhcn": "<color>r=30,g=200,b=255</color><text>{0}</text><text>首次进入本服格斗</text><color>r=255,g=200,b=0</color><text>前10名</text><text>，大家快来恭喜他啊！</text>",
		"zhtw": "<color>r=30,g=200,b=255</color><text>{0}</text><text>首次進入本服格鬥</text><color>r=255,g=200,b=0</color><text>前10名</text><text>，大家快來恭喜他啊！</text>"
	},
	"client_chat_role_2": {
		"en": "<text></text><color>r=30,g=200,b=255</color> <text>{0}</text> <text>is unstoppable! This player has won </text><color>r=255,g=200,b=0</color> <text>{1} Arena matches</text> <text>in a row! </text>",
		"ko": "<text>?? </text><color>r=30,g=200,b=255</color> <text>{0}</text> <text>???? ? ?? ???? ?? ?? </text><color>r=255,g=200,b=0</color> <text>{1}?</text> <text> ???????!</text>",
		"zhcn": "<text>玩家</text><color>r=30,g=200,b=255</color> <text>{0}</text> <text>无人能挡了！在本服格斗中连胜</text><color>r=255,g=200,b=0</color> <text>{1}次</text> <text>！</text>",
		"zhtw": "<text>玩家</text><color>r=30,g=200,b=255</color> <text>{0}</text> <text>無人能擋了！在本服格鬥中連勝</text><color>r=255,g=200,b=0</color> <text>{1}次</text> <text>！</text>"
	},
	"client_chat_role_20": {
		"en": "<color>r=30,g=200,b=255</color><text>{0}</text><text> cleared </text><color>r=255,g=200,b=0</color><text>floor {1}</text><text> in Advanced Heaven's Arena. </text>",
		"ko": "<color>r=30,g=200,b=255</color><text>{0}</text><text>???? ?? ????? </text><color>r=255,g=200,b=0</color><text>{1}?</text><text>? ???????.</text>",
		"zhcn": "<color>r=30,g=200,b=255</color><text>{0}</text><text>神勇过人，突破了高级天空竞技场</text><color>r=255,g=200,b=0</color><text>{1}层</text><text>。</text>",
		"zhtw": "<color>r=30,g=200,b=255</color><text>{0}</text><text>神勇過人，突破了高級天空競技場</text><color>r=255,g=200,b=0</color><text>{1}層</text><text>。</text>"
	},
	"client_chat_role_21": {
		"en": "<text>Congratulations! </text><color>r=30,g=200,b=255</color><text>{0}</text><text> has acquired the </text><color>r=230,g=200,b=100</color><text>{1}-star</text><text> card </text><color>r=230,g=200,b=100</color><text>{2}</text><text>. </text>",
		"ko": "<color>r=30,g=200,b=255</color><text>{0}</text><text>???? </text><color>r=230,g=200,b=100</color><text>{1}?</text><text> ?? </text><color>r=230,g=200,b=100</color><text>{2}</text><text>? ???? ?? ??? ???????.</text>",
		"zhcn": "<text>恭喜玩家</text><color>r=30,g=200,b=255</color><text>{0}</text><text>获取了</text><color>r=230,g=200,b=100</color><text>{1}星</text><text>卡片</text><color>r=230,g=200,b=100</color><text>{2}</text><text>，队伍实力大增。</text>",
		"zhtw": "<text>恭喜玩家</text><color>r=30,g=200,b=255</color><text>{0}</text><text>獲取了</text><color>r=230,g=200,b=100</color><text>{1}星</text><text>卡片</text><color>r=230,g=200,b=100</color><text>{2}</text><text>，隊伍實力大增。</text>"
	},
	"client_chat_role_22": {
		"en": "<text>Congratulations! </text><color>r=30,g=200,b=255</color><text>{0}</text><text> has upgraded the card </text><color>r=230,g=200,b=100</color><text>{1}</text><text> to </text><color>r=255,g=200,b=0</color><text>{2}-star</text><text>. </text>",
		"ko": "<color>r=30,g=200,b=255</color><text>{0}</text><text>???? ?? </text><color>r=230,g=200,b=100</color><text>{1}</text><text>? </text><color>r=255,g=200,b=0</color><text>{2}?</text><text>?? ???? ?? ??? ???????.</text>",
		"zhcn": "<text>恭喜玩家</text><color>r=30,g=200,b=255</color><text>{0}</text><text>将卡片</text><color>r=230,g=200,b=100</color><text>{1}</text><text>升至</text><color>r=255,g=200,b=0</color><text>{2}星</text><text>，队伍实力大增。</text>",
		"zhtw": "<text>恭喜玩家</text><color>r=30,g=200,b=255</color><text>{0}</text><text>將卡片</text><color>r=230,g=200,b=100</color><text>{1}</text><text>升至</text><color>r=255,g=200,b=0</color><text>{2}星</text><text>，隊伍實力大增。</text>"
	},
	"client_chat_role_23": {
		"en": "<text>Congratulations! </text><color>r=30,g=200,b=255</color><text>{0}</text><text> acquired the S-class hunter </text><color>r=230,g=200,b=100</color><text>{1}</text><text> from </text><color>r=230,g=200,b=100</color><text>Gacha. </text>",
		"ko": "<color>r=30,g=200,b=255</color><text>{0}</text><text>???? </text><color>r=230,g=200,b=100</color><text>?? ?? ??</text><text>?? S? ??? ?????.??????.</text><color>r=230,g=200,b=100</color><text>{1}。</text>",
		"zhcn": "<text>恭喜玩家</text><color>r=30,g=200,b=255</color><text>{0}</text><text>在</text><color>r=230,g=200,b=100</color><text>欢乐娃娃机</text><text>中抓到了S级猎人</text><color>r=230,g=200,b=100</color><text>{1}。</text>",
		"zhtw": "<text>恭喜玩家</text><color>r=30,g=200,b=255</color><text>{0}</text><text>在</text><color>r=230,g=200,b=100</color><text>歡樂娃娃機</text><text>中抓到了S級獵人</text><color>r=230,g=200,b=100</color><text>{1}。</text>"
	},
	"client_chat_role_24": {
		"en": "<color>r=30,g=200,b=255</color><text>{0}</text><text> used shards and recruited the </text><color>r=255,g=200,b=0</color><text>S-class </text><text>hunter </text><color>r=255,g=200,b=0</color><text>{1}. </text>",
		"ko": "<color>r=30,g=200,b=255</color><text>{0}</text><text>???? ??? ???? </text><color>r=255,g=200,b=0</color><text>S?</text><text>?? </text><color>r=255,g=200,b=0</color><text>{1}? ???????.</text>",
		"zhcn": "<color>r=30,g=200,b=255</color><text>{0}</text><text>使用碎片招募出</text><color>r=255,g=200,b=0</color><text>S级</text><text>猎人</text><color>r=255,g=200,b=0</color><text>{1}。</text>",
		"zhtw": "<color>r=30,g=200,b=255</color><text>{0}</text><text>使用碎片招募出</text><color>r=255,g=200,b=0</color><text>S級</text><text>獵人</text><color>r=255,g=200,b=0</color><text>{1}。</text>"
	},
	"client_chat_role_25": {
		"en": "<color>r=30,g=200,b=255</color><text>{0}</text><text> opened a pack and acquired the </text><color>r=255,g=200,b=0</color><text>S-class</text><text> hunter </text><color>r=255,g=200,b=0</color><text>{1}. </text>",
		"ko": "<color>r=30,g=200,b=255</color><text>{0}</text><text>???? ????? </text><color>r=255,g=200,b=0</color><text>S级</text><text>?? </text><color>r=255,g=200,b=0</color><text>? ???????{1}.</text>",
		"zhcn": "<color>r=30,g=200,b=255</color><text>{0}</text><text>在礼包中获得</text><color>r=255,g=200,b=0</color><text>S级</text><text>猎人</text><color>r=255,g=200,b=0</color><text>{1}。</text>",
		"zhtw": "<color>r=30,g=200,b=255</color><text>{0}</text><text>在禮包中獲得</text><color>r=255,g=200,b=0</color><text>S級</text><text>獵人</text><color>r=255,g=200,b=0</color><text>{1}。</text>"
	},
	"client_chat_role_26": {
		"en": "<color>r=30,g=200,b=255</color><text>{0}</text><text> crafted the </text><color>r=255,g=200,b=0</color><text>S-class </text><text>hunter </text><color>r=255,g=200,b=0</color><text>{1}. </text>",
		"ko": "<color>r=30,g=200,b=255</color><text>{0}</text><text>???? ??? ???? </text><color>r=255,g=200,b=0</color><text>S级</text><text>?? </text><color>r=255,g=200,b=0</color><text>{1}? ???????.</text>",
		"zhcn": "<color>r=30,g=200,b=255</color><text>{0}</text><text>经过不懈努力合成出</text><color>r=255,g=200,b=0</color><text>S级</text><text>猎人</text><color>r=255,g=200,b=0</color><text>{1}。</text>",
		"zhtw": "<color>r=30,g=200,b=255</color><text>{0}</text><text>經過不懈努力合成出</text><color>r=255,g=200,b=0</color><text>S級</text><text>獵人</text><color>r=255,g=200,b=0</color><text>{1}。</text>"
	},
	"client_chat_role_27": {
		"en": "<color>r=30,g=200,b=255</color><text>{0}</text><text> upgraded the hunter </text><color>r=255,g=200,b=0</color><text>{1}</text><text> to </text><color>r=255,g=200,b=0</color><text>+{2}</text><text>. </text>",
		"ko": "<color>r=30,g=200,b=255</color><text>{0}</text><text>???? ??? ???? ??? </text><color>r=255,g=200,b=0</color><text>{1}</text><text></text><color>r=255,g=200,b=0</color><text>+{2}</text><text>?? ???????.</text>",
		"zhcn": "<color>r=30,g=200,b=255</color><text>{0}</text><text>经过不懈努力将猎人</text><color>r=255,g=200,b=0</color><text>{1}</text><text>觉醒至</text><color>r=255,g=200,b=0</color><text>+{2}</text><text>。</text>",
		"zhtw": "<color>r=30,g=200,b=255</color><text>{0}</text><text>經過不懈努力將獵人</text><color>r=255,g=200,b=0</color><text>{1}</text><text>覺醒至</text><color>r=255,g=200,b=0</color><text>+{2}</text><text>。</text>"
	},
	"client_chat_role_28": {
		"en": "<text>Congratulations! </text><color>r=30,g=200,b=255</color><text>{0}</text><text>has acquired the </text><color>r=230,g=200,b=100</color><text>{1}-star</text><text> hunter license. </text>",
		"ko": "<color>r=30,g=200,b=255</color><text>{0}</text><text>??? </text><color>r=230,g=200,b=100</color><text>{1}? </text><text>?? ???? ???????.??????.</text>",
		"zhcn": "<text>恭喜玩家</text><color>r=30,g=200,b=255</color><text>{0}</text><text>获得了</text><color>r=230,g=200,b=100</color><text>{1}星</text><text>猎人执照。</text>",
		"zhtw": "<text>恭喜玩家</text><color>r=30,g=200,b=255</color><text>{0}</text><text>獲得了</text><color>r=230,g=200,b=100</color><text>{1}星</text><text>獵人執照。</text>"
	},
	"client_chat_role_3": {
		"en": "<text></text><color>r=30,g=200,b=255</color> <text>{0}</text> <text> has won </text><color>r=255,g=200,b=0</color> <text>{1} Arena matches</text> in a row<text>! A new record of highest winning streaks has been established! Is there anyone who can best them? </text>",
		"ko": "<text>?? </text><color>r=30,g=200,b=255</color> <text>{0}</text> <text>???? ? ?? ???? ?? ?? </text><color>r=255,g=200,b=0</color> <text>{1}?</text> <text> ???????.??? ?? ?? ??? ???????.??????!</text>",
		"zhcn": "<text>玩家</text><color>r=30,g=200,b=255</color> <text>{0}</text> <text>在本服格斗中连胜</text><color>r=255,g=200,b=0</color> <text>{1}次</text> <text>！刷新了服务器最高连胜纪录！难道没有人可以阻止他了么？</text>",
		"zhtw": "<text>玩家</text><color>r=30,g=200,b=255</color> <text>{0}</text> <text>在本服格鬥中連勝</text><color>r=255,g=200,b=0</color> <text>{1}次</text> <text>！刷新了服務器最高連勝紀錄！難道沒有人可以阻止他了嗎？</text>"
	},
	"client_chat_role_4": {
		"en": "<text></text><color>r=30,g=200,b=255</color> <text>{0}</text> <text> made into the top 5 in Arena for the first time! How promising!</text>",
		"ko": "<text>?? </text><color>r=30,g=200,b=255</color> <text>{0}</text> <text>???? ? ?? ???? ???? ?? 5?? ???????!??????!</text>",
		"zhcn": "<text>玩家</text><color>r=30,g=200,b=255</color> <text>{0}</text> <text>在本服格斗中首次冲进前五名，实力超群，前途无可限量！</text>",
		"zhtw": "<text>玩家</text><color>r=30,g=200,b=255</color> <text>{0}</text> <text>在本服格鬥中首次衝進前五名，實力超群，前途無可限量！</text>"
	},
	"client_chat_role_5": {
		"en": "<text></text><color>r=30,g=200,b=255</color> <text>{0}</text> <text> has become the champion of the Arena! That was marvellous! </text>",
		"ko": "<text>?? </text><color>r=30,g=200,b=255</color> <text>{0}</text> <text>???? ? ?? ???? ???? ???? ? ?? 1?? ?????.??????!</text>",
		"zhcn": "<text>玩家</text><color>r=30,g=200,b=255</color> <text>{0}</text> <text>在本服格斗中脱颖而出，成为全服第一名，全服的小伙伴们都惊呆了！</text>",
		"zhtw": "<text>玩家</text><color>r=30,g=200,b=255</color> <text>{0}</text> <text>在本服格鬥中脫穎而出，成為全服第一名，全服的小伙伴們都驚呆了！</text>"
	},
	"client_chat_role_6": {
		"en": "<text></text><color>r=30,g=200,b=255</color> <text>{0}</text> <text>has upgraded to </text><color>r=255,g=200,b=0</color> <text>VIP {1}. </text>",
		"ko": "<text>?? </text><color>r=30,g=200,b=255</color> <text>{0}</text> <text>???? </text><color>r=255,g=200,b=0</color> <text>{1}?Vip? ?????.</text>",
		"zhcn": "<text>玩家</text><color>r=30,g=200,b=255</color> <text>{0}</text> <text>成为了</text><color>r=255,g=200,b=0</color> <text>{1}级Vip。</text>",
		"zhtw": "<text>玩家</text><color>r=30,g=200,b=255</color> <text>{0}</text> <text>成為了</text><color>r=255,g=200,b=0</color> <text>{1}級Vip。</text>"
	},
	"client_chat_role_7": {
		"en": "<color>r=30,g=200,b=255</color><text>{0}</text><text> recruited the </text><color>r=255,g=200,b=0</color><text>S-class </text><text>hunter</text><color>r=255,g=200,b=0</color><text> {1}</text><text> from the tavern. </text>",
		"ko": "<color>r=30,g=200,b=255</color><text>{0}</text><text>??? ???? </text><color>r=255,g=200,b=0</color><text>S?</text><text> ??</text><color>r=255,g=200,b=0</color><text>{1}</text><text>? ???????.</text>",
		"zhcn": "<color>r=30,g=200,b=255</color><text>{0}</text><text>在酒馆中招募到</text><color>r=255,g=200,b=0</color><text>S级</text><text>猎人</text><color>r=255,g=200,b=0</color><text>{1}</text><text>。</text>",
		"zhtw": "<color>r=30,g=200,b=255</color><text>{0}</text><text>在酒館中招募到</text><color>r=255,g=200,b=0</color><text>S級</text><text>獵人</text><color>r=255,g=200,b=0</color><text>{1}</text><text>。</text>"
	},
	"client_chat_role_8": {
		"en": "<color>r=30,g=200,b=255</color><text>{0}</text><text> acquired </text><color>r=255,g=200,b=0</color><text>{1} x {2} from a chest. </text>",
		"ko": "<color>r=30,g=200,b=255</color><text>{0}</text><text>??? ?? ???? </text><color>r=255,g=200,b=0</color><text>{1}x{2} ? ???? ?????.</text>",
		"zhcn": "<color>r=30,g=200,b=255</color><text>{0}</text><text>在宝箱中开出</text><color>r=255,g=200,b=0</color><text>{1}x{2}。</text>",
		"zhtw": "<color>r=30,g=200,b=255</color><text>{0}</text><text>在寶箱中開出</text><color>r=255,g=200,b=0</color><text>{1}x{2}。</text>"
	},
	"client_chat_role_9": {
		"en": "<color>r=30,g=200,b=255</color><text>{0}</text><text> acquired </text><color>r=255,g=200,b=0</color><text>{1} x {2} from the Meteor City Chest. </text>",
		"ko": "<color>r=30,g=200,b=255</color><text>{0}</text><text>??? ??? ?? ???? </text><color>r=255,g=200,b=0</color><text>{1}x{2} ? ???? ???????.</text>",
		"zhcn": "<color>r=30,g=200,b=255</color><text>{0}</text><text>在流星街宝箱中得到了</text><color>r=255,g=200,b=0</color><text>{1}x{2}。</text>",
		"zhtw": "<color>r=30,g=200,b=255</color><text>{0}</text><text>在流星街寶箱中得到了</text><color>r=255,g=200,b=0</color><text>{1}x{2}。</text>"
	},
	"client_chat_scene_boss_1": {
		"en": "Bomber will appear in {0} minutes with lots of treasures! Challenge him and earn rewards!",
		"ko": "???? {0}? ? ?? ??? ???? ?????.?? ??? ?? ??????!",
		"zhcn": "炸弹魔将在{0}分钟后携带大量宝物出现，请各位猎人速去挑战！",
		"zhtw": "炸彈魔將在{0}分鐘後攜帶大量寶物出現，請各位獵人速去挑戰！"
	},
	"client_chat_scene_boss_2": {
		"en": "Bomber has appeared! Hunters, challenge him and win rewards!",
		"ko": "???? ???????.??? ???,???? ???!",
		"zhcn": "炸弹魔出现了，请各位猎人速去挑战！",
		"zhtw": "炸彈魔出現了，請各位獵人速去挑戰！"
	},
	"client_chat_scene_boss_3": {
		"en": "{0} delivered the last blow to Bomber and earned {1} x {2}",
		"ko": "{0}???? ?????? ???? ???? {1}x{2}? ???????.",
		"zhcn": "{0}奋力一击将炸弹魔消灭，获得了{1}x{2}",
		"zhtw": "{0}奮力一擊將炸彈魔消滅，獲得了{1}x{2}"
	},
	"client_chat_scene_boss_4": {
		"en": "Unfortunately! You failed to defeat Bomber within the time limit!",
		"ko": "?????? ?? ??? ??? ??? ???? ???? ??? ?????.",
		"zhcn": "真遗憾！世界BOSS活动时间到，炸弹魔逃跑了！",
		"zhtw": "真遺憾！世界BOSS活動時間到，炸彈魔逃跑了！"
	},
	"client_chat_scene_boss_5": {
		"en": "Congratulations! {0}'s damage ranking is {1}!",
		"ko": "????? ???? {0}?? ??? ?? ?{1}?? ???????.??????.",
		"zhcn": "恭喜！玩家{0}在与炸弹魔的战斗中伤害排名第{1}名！",
		"zhtw": "恭喜！玩家{0}在與炸彈魔的戰鬥中傷害排名第{1}名！"
	},
	"client_chat_scene_boss_6": {
		"en": "{0} dealt {1} damage to Bomber!",
		"ko": "{0}?? ????? {1}? ???? ???????.",
		"zhcn": "玩家{0}对炸弹魔造成了{1}伤害！",
		"zhtw": "玩家{0}對炸彈魔造成了{1}傷害！"
	},
	"client_identification_content": {
		"en": "<text>Congratulations on your identity verification, you may claim the following rewards.</text>",
		"ko": "?? ??? ???????.??? ??? ?????.??????.</text>",
		"zhcn": "<text>恭喜您通过了身份认证，为您发放以下奖励，请查收。</text>",
		"zhtw": "<text>恭喜您通過了身份認證，為您發放以下獎勵，請查收。</text>"
	},
	"client_mail_charge_reward": {
		"en": "<text>Here are the cumulative recharge rewards for you: </text>",
		"ko": "<text>??? ?? ?? ?? ?????.??:</text>",
		"zhcn": "<text>这是您的累计充值奖励，如下：</text>",
		"zhtw": "<text>這是您的累計儲值獎勵，如下：</text>"
	},
	"client_mail_darkland_rank_reward": {
		"en": "<text>Congratulations on earning {0} points and ranked {1} in the Port today, your rewards: </text>",
		"ko": "",
		"zhcn": "<text>恭喜您在今日港口活动中获得{0}分排名第{1}，获得奖励如下：</text>",
		"zhtw": ""
	},
	"client_mail_double_fruit_none": {
		"en": "<text>Today's prize: </text><color>r=255,g=38,b=0</color><text>Red {0} </text><text>+</text><color>r=0,g=128,b=255</color><text>Blue: {1}</text><text>, </text><color>r=0,g=128,b=255</color><text>{2}</text><text>, </text><color>r=0,g=128,b=255</color><text>{3}</text><text>, </text><color>r=0,g=128,b=255</color><text>{4}</text><text>. \nYour bet: </text><color>r=255,g=38,b=0</color><text>Red {5} </text><text>+</text><color>r=0,g=128,b=255</color><text>Blue: {6}</text><text>, </text><color>r=0,g=128,b=255</color><text>{7}</text><text>, </text><color>r=0,g=128,b=255</color><text>{8}</text><text>, </text><color>r=0,g=128,b=255</color><text>{9}</text><text>. \nUnfortunately, you haven't won the prize. Wish you better luck next time! </text>",
		"ko": "<text>?? ?? ??:</text><color>r=255,g=38,b=0</color><text>??{0}?</text><text>+</text><color>r=0,g=128,b=255</color><text>??{1}?</text><text>、</text><color>r=0,g=128,b=255</color><text>{2}?</text><text>、</text><color>r=0,g=128,b=255</color><text>{3}?</text><text>、</text><color>r=0,g=128,b=255</color><text>{4}?</text><text> \n?? ?? ??:</text><color>r=255,g=38,b=0</color><text>??{5}?</text><text>+</text><color>r=0,g=128,b=255</color><text>??{6}?</text><text>、</text><color>r=0,g=128,b=255</color><text>{7}?</text><text>、</text><color>r=0,g=128,b=255</color><text>{8}?</text><text>、</text><color>r=0,g=128,b=255</color><text>{9}?</text><text> \n???? ???? ????.???? ??? ???!</text>",
		"zhcn": "<text>今日开奖结果：</text><color>r=255,g=38,b=0</color><text>红色{0}号</text><text>+</text><color>r=0,g=128,b=255</color><text>蓝色{1}号</text><text>、</text><color>r=0,g=128,b=255</color><text>{2}号</text><text>、</text><color>r=0,g=128,b=255</color><text>{3}号</text><text>、</text><color>r=0,g=128,b=255</color><text>{4}号</text><text> \n您的投注结果：</text><color>r=255,g=38,b=0</color><text>红色{5}号</text><text>+</text><color>r=0,g=128,b=255</color><text>蓝色{6}号</text><text>、</text><color>r=0,g=128,b=255</color><text>{7}号</text><text>、</text><color>r=0,g=128,b=255</color><text>{8}号</text><text>、</text><color>r=0,g=128,b=255</color><text>{9}号</text><text> \n很遗憾，您没有中奖。请下期继续努力！</text>",
		"zhtw": "<text>今日開獎結果：</text><color>r=255,g=38,b=0</color><text>紅色{0}號</text><text>+</text><color>r=0,g=128,b=255</color><text>藍色{1}號</text><text>、</text><color>r=0,g=128,b=255</color><text>{2}號</text><text>、</text><color>r=0,g=128,b=255</color><text>{3}號</text><text>、</text><color>r=0,g=128,b=255</color><text>{4}號</text><text> \n您的投注結果：</text><color>r=255,g=38,b=0</color><text>紅色{5}號</text><text>+</text><color>r=0,g=128,b=255</color><text>藍色{6}號</text><text>、</text><color>r=0,g=128,b=255</color><text>{7}號</text><text>、</text><color>r=0,g=128,b=255</color><text>{8}號</text><text>、</text><color>r=0,g=128,b=255</color><text>{9}號</text><text> \n很遺憾，您沒有中獎。請下期繼續努力！</text>"
	},
	"client_mail_double_fruit_reward": {
		"en": "<text>Today's prize: </text><color>r=255,g=38,b=0</color><text>Red {0} </text><text>+</text><color>r=0,g=128,b=255</color><text>Blue: {1}</text><text>, </text><color>r=0,g=128,b=255</color><text>{2}</text><text>, </text><color>r=0,g=128,b=255</color><text>{3}</text><text>, </text><color>r=0,g=128,b=255</color><text>{4}</text><text>. \nYour bet: </text><color>r=255,g=38,b=0</color><text>Red {5} </text><text>+</text><color>r=0,g=128,b=255</color><text>Blue: {6}</text><text>, </text><color>r=0,g=128,b=255</color><text>{7}</text><text>, </text><color>r=0,g=128,b=255</color><text>{8}</text><text>, </text><color>r=0,g=128,b=255</color><text>{9}</text><text>. \nCongratulations, you have won </text><color>r=0,g=150,b=0</color><text>{10}</text><text>! Here are your rewards: </text>",
		"ko": "<text>?? ?? ??:</text><color>r=255,g=38,b=0</color><text>??{0}?</text><text>+</text><color>r=0,g=128,b=255</color><text>??{1}?</text><text>、</text><color>r=0,g=128,b=255</color><text>{2}?</text><text>、</text><color>r=0,g=128,b=255</color><text>{3}?</text><text>、</text><color>r=0,g=128,b=255</color><text>{4}?</text><text> \n?? ?? ??:</text><color>r=255,g=38,b=0</color><text>??{5}?</text><text>+</text><color>r=0,g=128,b=255</color><text>??{6}?</text><text>、</text><color>r=0,g=128,b=255</color><text>{7}?</text><text>、</text><color>r=0,g=128,b=255</color><text>{8}?</text><text>、</text><color>r=0,g=128,b=255</color><text>{9}?</text><text> \n</text><color>r=0,g=150,b=0</color><text>{10}</text><text>? ???????.??????.??:</text>",
		"zhcn": "<text>今日中奖号码：</text><color>r=255,g=38,b=0</color><text>红色{0}号</text><text>+</text><color>r=0,g=128,b=255</color><text>蓝色{1}号</text><text>、</text><color>r=0,g=128,b=255</color><text>{2}号</text><text>、</text><color>r=0,g=128,b=255</color><text>{3}号</text><text>、</text><color>r=0,g=128,b=255</color><text>{4}号</text><text> \n您的投注结果：</text><color>r=255,g=38,b=0</color><text>红色{5}号</text><text>+</text><color>r=0,g=128,b=255</color><text>蓝色{6}号</text><text>、</text><color>r=0,g=128,b=255</color><text>{7}号</text><text>、</text><color>r=0,g=128,b=255</color><text>{8}号</text><text>、</text><color>r=0,g=128,b=255</color><text>{9}号</text><text> \n恭喜您获得</text><color>r=0,g=150,b=0</color><text>{10}</text><text>！奖励如下：</text>",
		"zhtw": "<text>今日中獎號碼：</text><color>r=255,g=38,b=0</color><text>紅色{0}號</text><text>+</text><color>r=0,g=128,b=255</color><text>藍色{1}號</text><text>、</text><color>r=0,g=128,b=255</color><text>{2}號</text><text>、</text><color>r=0,g=128,b=255</color><text>{3}號</text><text>、</text><color>r=0,g=128,b=255</color><text>{4}號</text><text> \n您的投注結果：</text><color>r=255,g=38,b=0</color><text>紅色{5}號</text><text>+</text><color>r=0,g=128,b=255</color><text>藍色{6}號</text><text>、</text><color>r=0,g=128,b=255</color><text>{7}號</text><text>、</text><color>r=0,g=128,b=255</color><text>{8}號</text><text>、</text><color>r=0,g=128,b=255</color><text>{9}號</text><text> \n恭喜您獲得</text><color>r=0,g=150,b=0</color><text>{10}</text><text>！獎勵如下：</text>"
	},
	"client_mail_group_fight_reward": {
		"en": "<text>Player {0}({1} Server) used your party as supportive party in Dragon Camp and claimed victory, you may claim the following rewards: </text>",
		"ko": "",
		"zhcn": "<text>玩家{0}({1}区)在飞龙营地中使用了您的队伍助战并取得了胜利，您的助战奖励如下：</text>",
		"zhtw": ""
	},
	"client_mail_group_fight_rewardOne": {
		"en": "<text>{0} (server {1}) used your hunters to defeat the bandits. Here are the rewards for you: </text>",
		"ko": "<text>??{0}({1}??)???? ??? ???? ?? ?? ???? ?? ??? ??????.?? ??? ??:</text>",
		"zhcn": "<text>玩家{0}({1}区)在山贼讨伐中使用了您的队伍助战并取得了胜利，您的助战奖励如下：</text>",
		"zhtw": "<text>玩家{0}({1}區)在山賊討伐中使用了您的隊伍助戰並取得了勝利，您的助戰獎勵如下：</text>"
	},
	"client_mail_ladder_fail_1": {
		"en": "<text>role</text><color>r=30,g=160,b=255</color> <text>{0}</text> <text>challenged you in the area but was defeated by you.</text>",
		"ko": "<text>?? </text><color>r=30,g=160,b=255</color> <text>{0}</text> <text>??? ? ?? ???? ?? ???? ??? ??? ??? ??????.</text>",
		"zhcn": "<text>玩家</text><color>r=30,g=160,b=255</color> <text>{0}</text> <text>在本服格斗中对您发起了挑战，但由于实力不济失败了。</text>",
		"zhtw": "<text>玩家</text><color>r=30,g=160,b=255</color> <text>{0}</text> <text>在本服格鬥中對您發起了挑戰，但由於實力不濟失敗了。</text>"
	},
	"client_mail_ladder_fail_2": {
		"en": "<text>You challenged </text><color>r=30,g=160,b=255</color> <text>{0}</text> <text>in the area but got defeated.</text>",
		"ko": "<text>??? ? ?? ???? ?? </text><color>r=30,g=160,b=255</color> <text>{0}</text> <text>?? ???? ??? ??? ??? ??????.</text>",
		"zhcn": "<text>您在本服格斗中挑战玩家</text><color>r=30,g=160,b=255</color> <text>{0}</text> <text>但由于实力不济失败了。</text>",
		"zhtw": "<text>您在本服格鬥中挑戰玩家</text><color>r=30,g=160,b=255</color> <text>{0}</text> <text>但由於實力不濟失敗了。</text>"
	},
	"client_mail_ladder_reward": {
		"en": "<text>Your ranking in the arena is </text><color>r=0,g=150,b=0</color> <text>{0}</text> <text>. Here are the rewards for you:</text>",
		"ko": "<text>??? ? ?? ???? ???? ?</text><color>r=0,g=150,b=0</color> <text>{0}</text> <text>?? ???????.??? ??:</text>",
		"zhcn": "<text>您在今日的本服格斗中排行第</text><color>r=0,g=150,b=0</color> <text>{0}</text> <text>名，获得奖励如下：</text>",
		"zhtw": "<text>您在今日的本服格鬥中排行第</text><color>r=0,g=150,b=0</color> <text>{0}</text> <text>名，獲得獎勵如下：</text>"
	},
	"client_mail_ladder_reward_empty": {
		"en": "<text>Your ranking in the arena is </text><color>r=0,g=150,b=0</color> <text>{0}</text> <text>. Unfortunately, you cannot get rewards</text>",
		"ko": "<text>??? ? ?? ???? ???? ?</text><color>r=0,g=150,b=0</color> <text>{0}</text> <text>?? ???????.??? ??? ? ????.</text>",
		"zhcn": "<text>您在今日的本服格斗中排行第</text><color>r=0,g=150,b=0</color> <text>{0}</text> <text>名，未获得奖励</text>",
		"zhtw": "<text>您在今日的本服格鬥中排行第</text><color>r=0,g=150,b=0</color> <text>{0}</text> <text>名，未獲得獎勵</text>"
	},
	"client_mail_ladder_win_1": {
		"en": "<text>role</text><color>r=0,g=150,b=0</color> <text>{0}</text> <text> has defeated you in the area. Your ranking is reduced by </text><color>r=0,g=150,b=0</color><text>{1}</text> <text>. </text>",
		"ko": "<text>?? </text><color>r=0,g=150,b=0</color> <text>{0}</text> <text>?? ? ?? ????? ?? ???????.?? ??? </text><color>r=0,g=150,b=0</color><text>{1}</text> <text>?? ???????.</text>",
		"zhcn": "<text>玩家</text><color>r=0,g=150,b=0</color> <text>{0}</text> <text>在本服格斗战胜了您，使您的排名下降了</text><color>r=0,g=150,b=0</color><text>{1}</text> <text>。</text>",
		"zhtw": "<text>玩家</text><color>r=0,g=150,b=0</color> <text>{0}</text> <text>在本服格鬥戰勝了您，使您的排名下降了</text><color>r=0,g=150,b=0</color><text>{1}</text> <text>。</text>"
	},
	"client_mail_ladder_win_2": {
		"en": "<text>You have defeated </text><color>r=0,g=150,b=0</color> <text>{0}</text> <text> in the arena. Your ranking is increased by </text><color>r=0,g=150,b=0</color><text>{1}</text> <text>. </text>",
		"ko": "<text>??? ? ?? ???? ?? </text><color>r=0,g=150,b=0</color> <text>{0}</text> <text>?? ???? ? ?? ?? ??? </text><color>r=0,g=150,b=0</color><text>{1}</text> <text>?? ???????.??????.</text>",
		"zhcn": "<text>您在本服格斗中挑战玩家</text><color>r=0,g=150,b=0</color> <text>{0}</text> <text>胜利，您在本服格斗排行中实力上升</text><color>r=0,g=150,b=0</color><text>{1}</text> <text>。</text>",
		"zhtw": "<text>您在本服格鬥中挑戰玩家</text><color>r=0,g=150,b=0</color> <text>{0}</text> <text>勝利，您在本服格鬥排行中實力上升</text><color>r=0,g=150,b=0</color><text>{1}</text> <text>。</text>"
	},
	"client_mail_league_1": {
		"en": "<text>The manager of Guild </text><color>r=0,g=150,b=0</color> <text>{0}</text> <text> {1} your application. </text>",
		"ko": "<text>?? </text><color>r=0,g=150,b=0</color> <text>{0}</text> <text>? ????? ?? ??? {1}?????.</text>",
		"zhcn": "<text>公会</text><color>r=0,g=150,b=0</color> <text>{0}</text> <text>的管理员{1}了你的申请。</text>",
		"zhtw": "<text>公會</text><color>r=0,g=150,b=0</color> <text>{0}</text> <text>的管理員{1}了你的申請。</text>"
	},
	"client_mail_league_2": {
		"en": "<text>{0} acquired a beast egg. Please help incubate it. </text>",
		"ko": "<text>{0} ????  ?? ??? ???????.??? ?? ???? ???!</text>",
		"zhcn": "<text>{0}领养了一个兽蛋，大家快去喂养。</text>",
		"zhtw": "<text>{0}領養了一個獸蛋，大家快去餵養。</text>"
	},
	"client_mail_league_3": {
		"en": "<text>In round </text><color>r=0,g=150,b=0</color><text>{0}</text><text> of this Guild War, your guild won the competition by a bye. Here are the rewards for you: </text>",
		"ko": "<text>?? ??? ???? ?? ???? ?</text><color>r=0,g=150,b=0</color><text>{0}</text><text>??? ????????.??? ??:</text>",
		"zhcn": "<text>您所在的公会在本期公会战的第</text><color>r=0,g=150,b=0</color><text>{0}</text><text>轮中轮空，系统自动判定为获胜，现发放以下奖励：</text>",
		"zhtw": "<text>您所在的公會在本期公會戰的第</text><color>r=0,g=150,b=0</color><text>{0}</text><text>輪中輪空，系統自動判定為獲勝，現發放以下獎勵：</text>"
	},
	"client_mail_league_4": {
		"en": "<text>You have defeated the guild boss. Here are the rewards for you: </text>",
		"ko": "<text>??? ?? ??? ?? ?????? ?? ??? ??????.??:</text>",
		"zhcn": "<text>本次公会boss被您击杀了，奖励获得如下：</text>",
		"zhtw": "<text>本次公會boss被您擊殺了，獎勵獲得如下：</text>"
	},
	"client_mail_league_boss_fail_1": {
		"en": "<text>Your guild failed to defeat the guild boss within the time limit. The top 3 damage dealers are: {0} with {1} damage, {2} with {3} damage and {4} with {5} damage. Your damage ranking is {6}. Here are the rewards for you:</text>",
		"ko": "<text>??? ?? ?? ??? ???????.?? 1? ??:{0},????:{1};?? 2? ??:{2},????:{3};?? 3? ??:{4},????:{5}.??? ?? ???? ?? ??? ??? {6}???.??? ?????.??: </text>",
		"zhcn": "<text>本次公会boss未被击杀，玩家{0}排名第一伤害{1}，玩家{2}排名第二伤害{3}，玩家{4}排名第三伤害{5}，您本次公会boss伤害排名{6}，奖励获得如下：</text>",
		"zhtw": "<text>本次公會boss未被擊殺，玩家{0}排名第一傷害{1}，玩家{2}排名第二傷害{3}，玩家{4}排名第三傷害{5}，您本次公會boss傷害排名{6}，獎勵獲得如下：</text>"
	},
	"client_mail_league_boss_fail_2": {
		"en": "<text>Your guild failed to defeat the guild boss within the time limit. The top 2 damage dealers are: {0} with {1} damage and {2} with {3} damage. Your damage ranking is {4}. Here are the rewards for you:</text>",
		"ko": "<text>??? ?? ?? ??? ???????.?? 1? ??:{0},????:{1};?? 2? ??:{2},????:{3}.??? ?? ???? ?? ??? ??? {4}???.??? ?????.??: </text>",
		"zhcn": "<text>本次公会boss未被击杀，玩家{0}排名第一伤害{1}，玩家{2}排名第二伤害{3}，您本次公会boss伤害排名{4}，奖励获得如下：</text>",
		"zhtw": "<text>本次公會boss未被擊殺，玩家{0 }排名第一傷害{1}，玩家{2}排名第二傷害{3}，您本次公會boss傷害排名{4}，獎勵獲得如下：</text>"
	},
	"client_mail_league_boss_fail_3": {
		"en": "<text>Your guild failed to defeat the guild boss within the time limit. The top 1 damage dealer is: {0} with {1} damage. Your damage ranking is {2}. Here are the rewards for you:</text>",
		"ko": "<text>??? ?? ?? ??? ???????.?? 1? ??:{0},????:{1}.??? ?? ???? ?? ??? ??? {2}???.??? ?????.??: </text>",
		"zhcn": "<text>本次公会boss未被击杀，玩家{0}排名第一伤害{1}，您本次公会boss伤害排名{2}，奖励获得如下：</text>",
		"zhtw": "<text>本次公會boss未被擊殺，玩家{0}排名第一傷害{1}，您本次公會boss傷害排名{2}，獎勵獲得如下：</text>"
	},
	"client_mail_league_boss_fail_4": {
		"en": "<text>Your guild failed to defeat the guild boss within the time limit. The top 3 damage dealers are: {0} with {1} damage, {2} with {3} damage and {4} with {5} damage.</text>",
		"ko": "<text>??? ?? ?? ??? ???????.?? 1? ??:{0},????:{1};?? 2? ??:{2},????:{3};?? 3? ??:{4},????:{5}.</text>",
		"zhcn": "<text>本次公会boss未被击杀，玩家{0}排名第一伤害{1}，玩家{2}排名第二伤害{3}，玩家{4}排名第三伤害{5}.</text>",
		"zhtw": "<text>本次公會boss未被擊殺，玩家{0}排名第一傷害{1}，玩家{2}排名第二傷害{3}，玩家{4}排名第三傷害{5}.</text>"
	},
	"client_mail_league_boss_fail_5": {
		"en": "<text>Your guild failed to defeat the guild boss within the time limit. The top 2 damage dealers are: {0} with {1} damage and {2} with {3} damage.</text>",
		"ko": "<text>??? ?? ?? ??? ???????.?? 1? ??:{0},????:{1};?? 2? ??:{2},????:{3}.</text>",
		"zhcn": "<text>本次公会boss未被击杀，玩家{0}排名第一伤害{1}，玩家{2}排名第二伤害{3}。</text>",
		"zhtw": "<text>本次公會boss未被擊殺，玩家{0}排名第一傷害{1}，玩家{2}排名第二傷害{3}。</text>"
	},
	"client_mail_league_boss_fail_6": {
		"en": "<text>Your guild failed to defeat the guild boss within the time limit. The top 1 damage dealer is: {0} with {1} damage.</text>",
		"ko": "<text>??? ?? ?? ??? ???????.?? 1? ??:{0},????:{1}</text>",
		"zhcn": "<text>本次公会boss未被击杀，玩家{0}排名第一伤害{1}。</text>",
		"zhtw": "<text>本次公會boss未被擊殺，玩家{0}排名第一傷害{1}。</text>"
	},
	"client_mail_league_boss_win_1": {
		"en": "The guild boss has been defeated by {0}. The top 3 damage dealers are: {1} with {2} damage, {3} with {4} damage and {5} with {6} damage. Your damage ranking is {7}. Here are the rewards for you:",
		"ko": "<text>??? ?? ??? {0}?? ????? ???????.?? 1? ??:{1},????:{2};?? 2? ??:{3},????:{4};?? 3? ??:{5},????:{6}.??? ?? ???? ?? ??? ??? {7}???.??? ?????.??: </text>",
		"zhcn": "<text>本次公会boss被{0}成功击杀，玩家{1}排名第一伤害{2}，玩家{3}排名第二伤害{4}，玩家{5}排名第三伤害{6}，您本次公会boss伤害排名{7}，奖励获得如下：</text>",
		"zhtw": "<text>本次公會boss被{0}成功擊殺，玩家{1}排名第一傷害{2}，玩家{3}排名第二傷害{4}，玩家{5}排名第三傷害{6}，您本次公會boss傷害排名{7}，獎勵獲得如下：</text>"
	},
	"client_mail_league_boss_win_2": {
		"en": "<text>The guild boss has been defeated by {0}. The top 2 damage dealers are: {1} with {2} damage and {3} with {4} damage. Your damage ranking is {5}. Here are the rewards for you: </text>",
		"ko": "<text>??? ?? ??? {0}?? ????? ???????.?? 1? ??:{1},????:{2};?? 2? ??:{3},????:{4}.??? ?? ???? ?? ??? ??? {5}???.??? ?????.??: </text>",
		"zhcn": "<text>本次公会boss被{0}成功击杀，玩家{1}排名第一伤害{2}，玩家{3}排名第二伤害{4}，您本次公会boss伤害排名{5}，奖励获得如下：</text>",
		"zhtw": "<text>本次公會boss被{0}成功擊殺，玩家{1}排名第一傷害{2}，玩家{3}排名第二傷害{4}，您本次公會boss傷害排名{5}，獎勵獲得如下：</text>"
	},
	"client_mail_league_boss_win_3": {
		"en": "<text>The guild boss has been defeated by {0}. The top 1 damage dealer is: {1} with {2} damage. Your damage ranking is {3}. Here are the rewards for you:</text>",
		"ko": "<text>??? ?? ??? {0}?? ????? ???????.?? 1? ??:{1},????:{2}.??? ?? ???? ?? ??? ??? {3}???.??? ?????.??: </text>",
		"zhcn": "<text>本次公会boss被{0}成功击杀，玩家{1}排名第一伤害{2}，您本次公会boss伤害排名{3}，奖励获得如下：</text>",
		"zhtw": "<text>本次公會boss被{0}成功擊殺，玩家{1}排名第一傷害{2}，您本次公會boss傷害排名{3}，獎勵獲得如下：</text>"
	},
	"client_mail_league_boss_win_4": {
		"en": "<text>The guild boss has been defeated by {0}. The top 3 damage dealers are: {1} with {2} damage, {3} with {4} damage and {5} with {6} damage.</text>",
		"ko": "<text>??? ?? ??? {0}?? ????? ???????.?? 1? ??:{1},????{2};?? 2? ??:{3},????:{4};?? 3? ??:{5},????:{6}</text>",
		"zhcn": "<text>本次公会boss被{0}成功击杀，玩家{1}排名第一伤害{2}，玩家{3}排名第二伤害{4}，玩家{5}排名第三伤害{6}。</text>",
		"zhtw": "<text>本次公會boss被{0}成功擊殺，玩家{1}排名第一傷害{2}，玩家{3}排名第二傷害{4}，玩家{5}排名第三傷害{6}。</text>"
	},
	"client_mail_league_boss_win_5": {
		"en": "<text>The guild boss has been defeated by {0}. The top 2 damage dealers are: {1} with {2} damage and {3} with {4} damage.</text>",
		"ko": "<text>??? ?? ??? {0}?? ????? ???????.?? 1? ??:{1},????{2};?? 2? ??:{3},????:{4}</text>",
		"zhcn": "<text>本次公会boss被{0}成功击杀，玩家{1}排名第一伤害{2}，玩家{3}排名第二伤害{4}。</text>",
		"zhtw": "<text>本次公會boss被{0}成功擊殺，玩家{1}排名第一傷害{2}，玩家{3}排名第二傷害{4}。</text>"
	},
	"client_mail_league_boss_win_6": {
		"en": "<text>The guild boss has been defeated by {0}. The top 1 damage dealer is: {1} with {2} damage.</text>",
		"ko": "<text>??? ?? ??? {0}?? ????? ???????.?? 1? ??:{1},????{2}</text>",
		"zhcn": "<text>本次公会boss被{0}成功击杀，玩家{1}排名第一伤害{2}。</text>",
		"zhtw": "<text>本次公會boss被{0}成功擊殺，玩家{1}排名第一傷害{2}。</text>"
	},
	"client_mail_league_chargeback_reward": {
		"en": "<text>Guild member {0} has purchased {1}. Everyone will enjoy the following rewards: </text>",
		"ko": "<text>?? ?? {0}?? {1}? ???????.??? ?????? ?? ???? ???????.???:</text>",
		"zhcn": "<text>公会成员{0}购买了{1}，并给大家发送公会福利如下：</text>",
		"zhtw": "<text>公會成員{0}購買了{1}，並給大家發送公會福利如下：</text>"
	},
	"client_mail_league_chargeback_reward_update": {
		"en": "<text>A guild member has purchased {0}. Everyone will enjoy the following rewards: </text>",
		"ko": "<text>?? ??? {0}? ???????.??? ?????? ?? ???? ???????.???:</text>",
		"zhcn": "<text>有公会成员购买了{0}，并为全体成员送上公会福利，内容如下：</text>",
		"zhtw": "<text>有公會成員購買了{0}，並為全體成員送上公會福利，內容如下：</text>"
	},
	"client_mail_league_instance_reward": {
		"en": "<text>The guild dungeon has been reset. Here are the rewards from your unclaimed chest: </text>",
		"ko": "<text>???? ?? ??? ?? ????????.??? ???? ?? ?? ?? ?????.</text>",
		"zhcn": "<text>上周公会副本已经重置，您没有领取的宝箱奖励如下：</text>",
		"zhtw": "<text>上周公會副本已經重置，您沒有領取的寶箱獎勵如下：</text>"
	},
	"client_mail_league_match_daily_reward": {
		"en": "<text>Your guild took part in today's Guild War，and reached grade </text><color>r=0,g=150,b=0</color><text>{0}</text><color>r=0,g=0,b=0</color><text>. Thank you for your participation. Here are your rewards: </text>",
		"ko": "<text>?? ??? ??? ???? ???????. ?? ??? </text><color>r=0,g=150,b=0</color><text>{0}</text><color>r=0,g=0,b=0</color><text>? ???????. ?? ??? ?? ????: </text>",
		"zhcn": "<text>您的公会参与了今日的公会战，达到段位</text><color>r=0,g=150,b=0</color><text>{0}</text><color>r=0,g=0,b=0</color><text>。鉴于您的积极参与，获得了以下奖励: </text>",
		"zhtw": "<text>您的公會參與了今日的公會戰，達到段位</text><color>r=0,g=150,b=0</color><text>{0}</text><color>r=0,g=0,b=0</color><text>。鑑於您的積極參與，獲得了以下獎勵: </text>"
	},
	"client_mail_league_match_daily_reward_empty": {
		"en": "<text>Your guild took part in today's Guild War，and reached grade </text><color>r=0,g=150,b=0</color><text>{0}</text><color>r=0,g=0,b=0</color><text>, but you were not active enough and thus did not win any rewards.</text>",
		"ko": "<text>?? ??? ??? ???? ???????. ?? ??? </text><color>r=0,g=150,b=0</color><text>{0}</text><color>r=0,g=0,b=0</color><text>? ???????. ?? ?? ???? ?? ??? ???? ??? ?? ? ????!</text>",
		"zhcn": "<text>您的公会参与了今日的公会战，达到段位</text><color>r=0,g=150,b=0</color><text>{0}</text><color>r=0,g=0,b=0</color><text>，由于您参与次数不足所以没有奖励！</text>",
		"zhtw": "<text>您的公會參與了今日的公會戰，達到段位</text><color>r=0,g=150,b=0</color><text>{0}</text><color>r=0,g=0,b=0</color><text>，由於您參與次數不足所以沒有獎勵！</text>"
	},
	"client_mail_league_match_let_craft_reward": {
		"en": "<text>Your guild's server ranking in this week's challenge is {0}. You won the following rewards: </text>",
		"ko": "<text>?? ??? ?? ? ???? ? {0} ? ???? ??? ?? ??? ???????. </text>",
		"zhcn": "<text>您公会在本周本服争霸排名第{0}名，获得了以下奖励: </text>",
		"zhtw": "<text>您公會在本周本服爭霸排名第{0}名，獲得了以下獎勵: </text>"
	},
	"client_mail_league_match_let_craft_reward_empty": {
		"en": "<text>Your guild's server ranking in this week's challenge is {0}, but you were not active enough and thus did not win any rewards.</text>",
		"ko": "<text>?? ??? ?? ? ???? ? {0} ? ?????? ?? ??? ??? ???? ??? ??? ? ????.</text>",
		"zhcn": "<text>您公会在本周本服争霸排名第{0}名，由于您参与次数不足所以没有奖励！ </text>",
		"zhtw": "<text>您公會在本周本服爭霸排名第{0}名，由於您參與次數不足所以沒有獎勵！ </text>"
	},
	"client_mail_league_match_rank_reward": {
		"en": "<text>Your guild's final server ranking this week is {0}. You won the following rewards: </text>",
		"ko": "<text>?? 1???? ?? ??? ??? ????? ??? ?  {0} ????. ??? ?? ??? ???????. </text>",
		"zhcn": "<text>在过去的一周里，您公会在本服排名第{0}名，获得了以下奖励: </text>",
		"zhtw": "<text>在過去的一周裡，您公會在本服排名第{0}名，獲得了以下獎勵: </text>"
	},
	"client_mail_league_match_rank_reward_empty": {
		"en": "<text>Your guild's final server ranking this week is {0}, but you were not active enough and thus did not win any rewards.</text>",
		"ko": "<text>?? 1???? ?? ??? ??? ????? ??? ?  {0} ????. ?? ?? ??? ???? ??? ??? ? ????!</text>",
		"zhcn": "<text>在过去的一周里，您公会在本服排名第{0}名，由于您参与次数不足所以没有奖励！</text>",
		"zhtw": "<text>在過去的一周裡，您公會在本服排名第{0}名，由於您參與次數不足所以沒有獎勵！</text>"
	},
	"client_mail_mission_race_reward": {
		"en": "<text>Race Against Time event has }ed. Here are your unclaimed rewards: </text>",
		"ko": "<text>?? ??? ??? ???? ?? ?????.??? ???? ??:</text>",
		"zhcn": "<text>上期与时间赛跑活动已结束，您的未领取的奖励如下：</text>",
		"zhtw": "<text>上期與時間賽跑活動已結束，您的未領取的獎勵如下：</text>"
	},
	"client_mail_relic_chest_reset": {
		"en": "<text>Relic Exploration Dungeon has refreshed. Here are the chest rewards you haven't collected: </text>",
		"ko": "",
		"zhcn": "<text>遗迹探索副本已刷新，您未领取的宝箱奖励如下：</text>",
		"zhtw": ""
	},
	"client_mail_role_1": {
		"en": "<text>You have reached level {0}. Your ranking for this level rush event is {1}. You may claim the tier-{2} pack that contains the following rewards: </text>",
		"ko": "<text>?????? ?? ??? ????? {0}??? ???? ?{1}?? ???????.{2}? ???? ??? ? ????.??:</text>",
		"zhcn": "<text>您在本次冲级活动中达到{0}级，获得第{1}名，可领取{2}等奖礼包，奖励如下：</text>",
		"zhtw": "<text>您在本次衝級活動中達到{0}級，獲得第{1}名，可領取{2}等獎禮包，獎勵如下：</text>"
	},
	"client_mail_role_2": {
		"en": "<text>Dear </text><color>r=0,g=150,b=0</color><text>[{0}]</text><text>: \n  Thank you for your support to us! At</text><color>r=0,g=150,b=0</color><text> {1} </text><text>, you have successfully recharged for </text><color>r=0,g=150,b=0</color><text>{2}</text><text> Diamonds. Please enjoy your game! </text>",
		"ko": "<text>???? </text><color>r=0,g=150,b=0</color><text>【{0}】</text><text>? ?????:\n  ??? ??? ??? ??? ??????.??? </text><color>r=0,g=150,b=0</color><text> {1} </text><text>? ??? </text><color>r=0,g=150,b=0</color><text>{2}</text><text>??? ?? ????? ???????.?? ?? ???.</text>",
		"zhcn": "<text>尊敬的</text><color>r=0,g=150,b=0</color><text>【{0}】</text><text> 您好：\n  感谢您对我们的支持！您于</text><color>r=0,g=150,b=0</color><text> {1} </text><text>充值的</text><color>r=0,g=150,b=0</color><text>{2}</text><text>钻石已经成功为您添加。祝您游戏愉快！</text>",
		"zhtw": "<text>尊敬的</text><color>r=0,g=150,b=0</color><text>【{0}】</text><text> 您好：\n  感謝您對我們的支持！您於</text><color>r=0,g=150,b=0</color><text> {1} </text><text>儲值獲得的</text><color>r=0,g=150,b=0</color><text>{2}</text><text>鑽石已經成功為您添加。祝您遊戲愉快！</text>"
	},
	"client_mail_role_3": {
		"en": "<text>Dear [{0}]: Your recharge (at {1}) {2} was successful. You have earned {3} Diamonds. From tomorrow onwards, you may claim daily Diamonds from Reward screen. Please don't forget to claim them. Please enjoy your game! </text>",
		"ko": "<text>???? 【{0}】? ?????.??? ‘{1}’? ??? ‘{2}’? ?? ????? ???????.‘{3}’??? ?? ??? ???????.???? ?? ???? ?? ???? ??? ??? ? ????.?? ???? ??? ????? ?? ???.?? ?? ???.</text>",
		"zhcn": "<text>尊敬的【{0}】 您好:您于‘{1}’ 充值的‘{2}’已成功生效，{3}钻石已为您添加，即日起每日登陆即可在领奖页面领取钻石，请您记得每日上线领取。祝您游戏愉快！</text>",
		"zhtw": "<text>尊敬的【{0}】 您好:您於‘{1}’ 儲值的‘{2}’已成功生效，{3}鑽石已為您添加，即日起每日登陸即可在領獎頁面領取鑽石，請您記得每日上線領取。祝您遊戲愉快！</text>"
	},
	"client_mail_role_4": {
		"en": "<text>Dear player: \n  Welcome back to Hunter's World! Your returning shall once more bring glory to this land! During the alpha test, you have recharged ${0}. Here are {1} Diamonds for you as your reward! ~ Please enjoy your game! </text>",
		"ko": "<text>???? ???:\n[?? ??]? ????? ?????!?? ???? ?? ??? ? ?? ?? ??? ? ??? ?????.CBT??? ? ‘{0}?’? ???????.‘{1}??’? CBT ?? ??? ??????.?? ?? ???.</text>",
		"zhcn": "<text>尊敬的玩家：\n  欢迎您回归！您的降临必将引领猎人大陆走向新的辉煌！您在游戏内测期间一共充值了‘{0}元’，特此，我们为您奉上‘{1}钻石’的内测充值补偿奖励！~祝您游戏愉快！</text>",
		"zhtw": "<text>尊敬的玩家：\n  歡迎您回歸！您的降臨必將引領獵人大陸走向新的輝煌！您在遊戲內測期間一共儲值了‘{0}圓’，特此，我們為您奉上‘{1}鑽石’的內測儲值補償獎勵！~祝您遊戲愉快！</text>"
	},
	"client_mail_role_5": {
		"en": "<text>Tournament season {0} has }ed. Your points: {1}. Grade: {2}. Final ranking: {3}. Here are the ranking rewards for you: </text>",
		"ko": "<text>???? ?{0}??? ?? ?????.?? ??? ??:{1}???,?? ??:{2},?? ??:?{3}?.???? ?? ?? ?????: </text>",
		"zhcn": "<text>群英争霸第{0}赛季已结束，您的积分成绩为：{1}积分，所属段位：{2}， 最终排名：第{3}名。以下是您的赛季排名奖励：</text>",
		"zhtw": "<text>群英爭霸第{0}賽季已結束，您的積分成績為：{1}積分，所屬段位：{2}， 最終排名：第{3}名。以下是您的賽季排名獎勵：</text>"
	},
	"client_mail_role_6": {
		"en": "<text>You have been defeated in the arena. Here are the rewards for you: </text>",
		"ko": "<text>? ?? ?? ?? ?? ??:</text>",
		"zhcn": "<text>本服格斗战斗失败奖励如下：</text>",
		"zhtw": "<text>本服格鬥戰鬥失敗獎勵如下：</text>"
	},
	"client_mail_role_7": {
		"en": "<text>Dear player, you have won {0} finger guessing games yesterday. Here are your unclaimed rewards: </text>",
		"ko": "<text>???? ???,?? ????? ??? ?????? ??? {0}????.??? ???? ???? ?? ???? ???????.??:</text>",
		"zhcn": "<text>亲爱的玩家，昨日您最后一次猜拳的结果是{0}胜，未能及时领取奖励，现由系统发放给您，奖励如下：</text>",
		"zhtw": "<text>親愛的玩家，昨日您最後一次猜拳的結果是{0}勝，未能即時領取獎勵，現由系統發放給您，獎勵如下：</text>"
	},
	"client_mail_role_8": {
		"en": "<text>Congratulations! Your ranking in this recharge event is {0} with {1} Diamond recharged. Here are the ranking rewards for you! If you haven't claimed the rewards from each tier of recharging, please claim them now, or else they will expire after this event }s. Please enjoy your game! Here are your rewards: </text>",
		"ko": "<text>?? ?? ?? ????? ?{0}?? ????? ?? ??? {1}?????.??? ??? ?? ??? ???????.??? ?? ?? ??? ??? ??? ????? ????.???? ?? ? ??? ??? ? ????.??:</text>",
		"zhcn": "<text>恭喜您在本次充值排行榜活动中最终排名为第{0}名，充值金额为{1}钻石，现在为您奉上冲榜达人奖励，如果您未领取档位奖励请您及时领取，活动结束后将不能领取，祝您游戏愉快！奖励如下：</text>",
		"zhtw": "<text>恭喜您在本次儲值排行榜活動中最終排名為第{0}名，儲值金額為{1}鑽石，現在為您奉上衝榜達人獎勵，如果您未領取檔位獎勵請您即時領取，活動結束後將不能領取，祝您遊戲愉快！獎勵如下：</text>"
	},
	"client_mail_role_9": {
		"en": "<text>Please note that the recharging event has }ed. Your final ranking {0} with {1} Diamond recharged. You may claim your rewards now~ If you haven't claimed the rewards from each tier of recharging, please claim them now, or else they will expire after this event }s. Please DO NOT forget to claim your rewards!!</text>",
		"ko": "<text>??:?? ?? ???? ?? ?????.?? ?? ??? ?{0}??? ?? ??? {1}?????.?? ??? ??? ? ?? ?????.??? ?? ?? ??? ??? ??? ????? ????.???? ?? ? ??? ??? ? ????.</text>",
		"zhcn": "<text>温馨提示，充值排行榜活动已经结束，您最终排名为第{0}名，充值金额为{1}钻石，能够领取个人奖励呦~如果您未领取个人奖励请您及时领取，活动结束后将不能领取。请您一定记得领取个人奖励呦！！</text>",
		"zhtw": "<text>溫馨提示，儲值排行榜活動已經結束，您最終排名為第{0}名，儲值金額為{1}鑽石，能夠領取個人獎勵呦~如果您未領取個人獎勵請您即時領取，活動結束後將不能領取。請您一定記得領取個人獎勵呦！！"
	},
	"client_mail_role_gift": {
		"en": "<text>Dear player: \n  You have gained {0}. The Diamonds and items have been delivered~ Please enjoy your game! </text>",
		"ko": "<text>???? ???:\n?? ??? {0}???? ?? ???????.??? ???? ?? ???????.?? ?? ???!</text>",
		"zhcn": "<text>尊敬的玩家：\n  您购买的{0}元{1}礼包已经生效，钻石和道具已经发放，~祝您游戏愉快！</text>",
		"zhtw": "<text>尊敬的玩家：\n  您購買的{0}禮包已經生效，鑽石和道具已經發放，~祝您遊戲愉快！</text>"
	},
	"client_mail_role_potato": {
		"en": "<text>Dear player, your card inventory is full. The reward cards have been delivered to you mailbox. Please clear for some space before claiming the attachment! </text>",
		"ko": "<text>???? ???,?? ?? ???? ?? ??????.??? ??? ?? ???? ??? ??????.?? ???? ??? ????? ????.</text>",
		"zhcn": "<text>尊敬的玩家，您的卡包已满，获得的卡片以该邮件发送给您，请注意清理卡包再查收！</text>",
		"zhtw": "<text>尊敬的玩家，您的卡包已滿，獲得的卡片以該郵件發送給您，請注意清理卡包再查收！</text>"
	},
	"client_mail_role_secret_gift": {
		"en": "<text>Dear player: \n  The Discount pack {0} you purchased has been delivered, Enjoy the game!</text>",
		"ko": "",
		"zhcn": "<text>尊敬的玩家：\n  您从神秘商店购买的折扣礼包{0}已经发放，祝您游戏愉快！</text>",
		"zhtw": ""
	},
	"client_mail_scene_boss_1": {
		"en": "<text>Congratulations! You did the last blow to the Bomber! Here are the rewards for you:</text>",
		"ko": "<text>??? ?? ?? ????? ????? ????? ???? ??? ??????.??:</text>",
		"zhcn": "<text>恭喜！您在世界BOSS活动中对炸弹魔完成最后一击，特发放以下奖励：</text>",
		"zhtw": "<text>恭喜！您在世界BOSS活動中對炸彈魔完成最後一擊，特發放以下獎勵：</text>"
	},
	"client_mail_scene_boss_2_1": {
		"en": "<text>Bomber has been defeated! Thank you for your participation in the world boss event! Congratulations! Your ranking for this world boss event is </text><color>r=0,g=150,b=0</color><text>{0}</text><text>. Here are the rewards for you:</text>",
		"ko": "<text>???? ?? ???????.?? ?? ?? ????? ?? ??? ??? </text><color>r=0,g=150,b=0</color><text>?{0}?</text><text>???.??????.??:</text>",
		"zhcn": "<text>炸弹魔已经被击杀，感谢您在这次活动中做出的贡献！恭喜！您在本次世界BOSS活动中伤害排名</text><color>r=0,g=150,b=0</color><text>第{0}名</text><text>，特发放以下奖励：</text>",
		"zhtw": "<text>炸彈魔已經被擊殺，感謝您在這次活動中做出的貢獻！恭喜！您在本次世界BOSS活動中傷害排名</text><color>r=0,g=150,b=0</color><text>第{0}名</text><text>，特發放以下獎勵：</text>"
	},
	"client_mail_scene_boss_2_2": {
		"en": "<text>You failed to defeat Bomber within the time limit. The next world boss will be weaker. Please be prepared for the next challenge! Congratulations! Your ranking for this world boss event is </text><color>r=0,g=150,b=0</color><text>{0}</text><text>. Here are the rewards for you: </text>",
		"ko": "<text>??? ??? ???? ???? ??????.???? ??? ???? ????? ????? ????.?? ?? ?? ????? ?? ??? ??? </text><color>r=0,g=150,b=0</color><text>?{0}?</text><text>???.??????.??:</text>",
		"zhcn": "<text>活动时间到，炸弹魔未被击杀，下次活动的难度将有所降低，欢迎届时挑战！恭喜！您在本次世界BOSS活动中伤害排名</text><color>r=0,g=150,b=0</color><text>第{0}名</text><text>，特发放以下奖励：</text>",
		"zhtw": "<text>活動時間到，炸彈魔未被擊殺，下次活動的難度將有所降低，歡迎屆時挑戰！恭喜！您在本次世界BOSS活動中傷害排名</text><color>r=0,g=150,b=0</color><text>第{0}名</text><text>，特發放以下獎勵：</text>"
	},
	"client_mail_scene_boss_3": {
		"en": "<text>You have dealt </text><color>r=0,g=150,b=0</color><text>%.2f%%</text><text> damage to Bomber in total. Here are the rewards for you: </text>",
		"ko": "<text>?? ?? ?? ????? ??? ???????.????? ? </text><color>r=0,g=150,b=0</color><text>%.2f%%</text><text>? ???? ???????.??? ??????.??:</text>",
		"zhcn": "<text>您在本次世界BOSS活动中表现出色，共对炸弹魔造成了</text><color>r=0,g=150,b=0</color><text>%.2f%%</text><text>的伤害，特发放以下奖励：</text>",
		"zhtw": "<text>您在本次世界BOSS活動中表現出色，共對炸彈魔造成了</text><color>r=0,g=150,b=0</color><text>%.2f%%</text><text>的傷害，特發放以下獎勵：</text>"
	},
	"client_mail_singlecraft_fail_1": {
		"en": "<text>Player</text><color>r=0,g=150,b=0</color> from <text>server {0} </text> <text>({1})</text><text> has defeated you in cross-battle arena. You have lost {2} points. </text>",
		"ko": "<text>?? </text><color>r=0,g=150,b=0</color> <text>{0}??</text> <text>（{1}）</text><text>? ??? ???? ?? ???????.?? ???? {2}???????.</text>",
		"zhcn": "<text>玩家</text><color>r=0,g=150,b=0</color> <text>{0}区</text> <text>（{1}）</text><text>在跨服格斗中战胜了您，您的积分减少了{2}点。</text>",
		"zhtw": "<text>玩家</text><color>r=0,g=150,b=0</color> <text>{0}區</text> <text>（{1}）</text><text>在跨服格鬥中戰勝了您，您的積分減少了{2}點。</text>"
	},
	"client_mail_singlecraft_fail_2": {
		"en": "<text>You have been defeated by </text><color>r=0,g=150,b=0</color> <text>server {0}</text> <text>player</text><color>r=0,g=150,b=0</color> <text>{1}</text><text>. You have lost {2} points. </text>",
		"ko": "<text>?? ??? ???? </text><color>r=0,g=150,b=0</color> <text>{0}??</text> <text>??</text><color>r=0,g=150,b=0</color> <text>{1}</text><text>?? ??? ??????.?? ???? {2}???????.</text>",
		"zhcn": "<text>您在跨服格斗中输给了</text><color>r=0,g=150,b=0</color> <text>{0}区</text> <text>玩家</text><color>r=0,g=150,b=0</color> <text>{1}</text><text>，您的积分减少了{2}点。</text>",
		"zhtw": "<text>您在跨服格鬥中輸給了</text><color>r=0,g=150,b=0</color> <text>{0}區</text> <text>玩家</text><color>r=0,g=150,b=0</color> <text>{1}</text><text>，您的積分減少了{2}點。</text>"
	},
	"client_mail_singlecraft_fail_3": {
		"en": "<text>You have abandoned the battle in cross-server arena and lost to </text><color>r=0,g=150,b=0</color> <text>server {0}</text> <text>player</text><color>r=0,g=150,b=0</color> <text>{1}</text><text>. </text>",
		"ko": "<text>??? ??? ??? ???? ?????? </text><color>r=0,g=150,b=0</color> <text>{0}??? </text> <text>?? </text><color>r=0,g=150,b=0</color> <text>{1}</text><text>?? ??? ??????.</text>",
		"zhcn": "<text>您在跨服格斗中中途退出，输给了</text><color>r=0,g=150,b=0</color> <text>{0}区</text> <text>玩家</text><color>r=0,g=150,b=0</color> <text>{1}</text><text>。</text>",
		"zhtw": "<text>您在跨服格鬥中中途退出，輸給了</text><color>r=0,g=150,b=0</color> <text>{0}區</text> <text>玩家</text><color>r=0,g=150,b=0</color> <text>{1}</text><text>。</text>"
	},
	"client_mail_singlecraft_win_1": {
		"en": "<text>Player</text><color>r=0,g=150,b=0</color>from <text>server {0}</text> <text> ({1}) </text><text>has been defeated by you in cross-battle arena. You have earned {2} points. </text>",
		"ko": "<text>??</text><color>r=0,g=150,b=0</color> <text>{0}??</text> <text>（{1}）</text><text>? ??? ???? ??? ??? ??????.?? ???? {2}???????.</text>",
		"zhcn": "<text>玩家</text><color>r=0,g=150,b=0</color> <text>{0}区</text> <text>（{1}）</text><text>在跨服格斗中输给了您，您的积分增加了{2}点。</text>",
		"zhtw": "<text>玩家</text><color>r=0,g=150,b=0</color> <text>{0}區</text> <text>（{1}）</text><text>在跨服格鬥中輸給了您，您的積分增加了{2}點。</text>"
	},
	"client_mail_singlecraft_win_2": {
		"en": "<text>You have defeated </text><color>r=0,g=150,b=0</color> <text>server {0}</text> <text> player </text><color>r=0,g=150,b=0</color> <text>{1}</text> <text> and earned {2} points. </text>",
		"ko": "<text>?? ??? ???? </text><color>r=0,g=150,b=0</color> <text>{0}??? </text> <text>?? </text><color>r=0,g=150,b=0</color> <text>{1}</text> <text>? ???????.?? ???? {2}???????.</text>",
		"zhcn": "<text>您在跨服格斗中战胜了</text><color>r=0,g=150,b=0</color> <text>{0}区</text> <text>玩家</text><color>r=0,g=150,b=0</color> <text>{1}</text> <text>，您的积分增加了{2}点。</text>",
		"zhtw": "<text>您在跨服格鬥中戰勝了</text><color>r=0,g=150,b=0</color> <text>{0}區</text> <text>玩家</text><color>r=0,g=150,b=0</color> <text>{1}</text> <text>，您的積分增加了{2}點。</text>"
	},
	"client_mail_wonderland_get_fruit_1": {
		"en": "<text>You defeated {0} and looted {1} x {2} from your opponent</text>",
		"ko": "<text>{0}?? ???? ??? ??????.??? ??? ??? {1}x{2}? ???????.</text>",
		"zhcn": "<text>您在和{0}的战斗中取得了胜利，并且幸运的从对手身上抢夺了{1}x{2}</text>",
		"zhtw": "<text>您在和{0}的戰鬥中取得了勝利，並且幸運的從對手身上搶奪了{1}x{2}</text>"
	},
	"client_mail_wonderland_get_fruit_2": {
		"en": "<text>You were defeated by {0} and lost {1} x {2}</text>",
		"ko": "<text>{0}?? ???? ???????.??? ???? {1}x{2}? ??????.</text>",
		"zhcn": "<text>您在和{0}的战斗中败下阵来，更不幸的是对手抢走了你的{1}x{2}</text>",
		"zhtw": "<text>您在和{0}的戰鬥中敗下陣來，更不幸的是對手搶走了你的{1}x{2}</text>"
	},
	"client_mail_wonderland_no_fruit_1": {
		"en": "<text>You defeated {0}, but you failed to loot fruits from your opponent</text>",
		"ko": "<text>{0}?? ???? ??? ??????.???? ??? ??? ???? ??????.</text>",
		"zhcn": "<text>您在和{0}的战斗中取得了胜利，但很遗憾没有抢到对方的果实</text>",
		"zhtw": "<text>您在和{0}的戰鬥中取得了勝利，但很遺憾沒有搶到對方的果實</text>"
	},
	"client_mail_wonderland_no_fruit_2": {
		"en": "<text>You were defeated by {0}. Fortunately, your fruits were not looted</text>",
		"ko": "<text>{0}?? ???? ???????.?? ??? ??? ??? ?????.</text>",
		"zhcn": "<text>您在和{0}的战斗中败下阵来，幸运的是对手没有抢走你的果实</text>",
		"zhtw": "<text>您在和{0}的戰鬥中敗下陣來，幸運的是對手沒有搶走你的果實</text>"
	},
	"client_mail_xuyuan_chest_reset": {
		"en": "<text>The Wish Hut event has come to an }. Here are the gifts you haven't collected. Enjoy!</text>",
		"ko": "",
		"zhcn": "<text>许愿屋活动已经圆满结束，以下是您未领取的积分礼物，请查收。祝您游戏愉快！</text>",
		"zhtw": ""
	},
	"client_mail_tower_reward": {
		"en": "",
		"ko": "",
		"zhcn": "<text>您在本周的天空竞技场中排行第</text><color>r=0,g=150,b=0</color> <text>{0}</text> <text>名，获得奖励如下：</text>",
		"zhtw": ""
	},
	"client_mail_tower_max_reward": {
		"en": "",
		"ko": "",
		"zhcn": "<text>您在本周的天空竞技场中闯到了第</text><color>r=0,g=150,b=0</color> <text>{0}</text> <text>层，获得奖励如下：</text>",
		"zhtw": "<text>ninzaibenzhoude tiankongjingjichangzhong chuangdaoledi</text><color>r=0,g=150,b=0</color> <text>{0}</text> <text>ceng,huodejiangli ruxia:</text>"
	},
	"client_mail_permit_reward": {
		"en": "",
		"ko": "",
		"zhcn": "<text>尊敬的玩家，通行证赛季已重置，您上赛季未领取的通行证等级奖励如下：</text>",
		"zhtw": "<text>bossshanghaipaiming,jianglihuoderuxia:</text>"
	},
	"client_singlecraft_1": {
		"en": "<text>Greetings, dear player! Your grade for today is </text><color>r=0,g=150,b=0</color><text>{0}</text><text>. Here is the daily reward for your grade. Please don't forget to claim it. </text>",
		"ko": "<text>???? ??? ?????.?? ?? ?? ??? </text><color>r=0,g=150,b=0</color><text>{0}</text><text>???.??? ??? ?? ?????.??????.</text>",
		"zhcn": "<text>亲爱的玩家，您好！您今日的最终段位为</text><color>r=0,g=150,b=0</color><text>{0}</text><text>，以下是段位日常奖励，请注意查收。</text>",
		"zhtw": "<text>親愛的玩家，您好！您今日的最終段位為</text><color>r=0,g=150,b=0</color><text>{0}</text><text>，以下是段位日常獎勵，請注意查收。</text>"
	},
	"client_singlecraft_2": {
		"en": "<text>Greetings, dear player! Your grade for this season is </text><color>r=0,g=150,b=0</color><text>{0}</text><text>. Here is the season reward for your grade. Please don't forget to claim it. </text>",
		"ko": "<text>???? ??? ?????.? ???? ?? ?? ??? </text><color>r=0,g=150,b=0</color><text>{0}</text><text>???.??? ? ??? ?? ?????.??????.</text>",
		"zhcn": "<text>亲爱的玩家，您好！您本赛季的最终段位为</text><color>r=0,g=150,b=0</color><text>{0}</text><text>，以下是本赛季的段位奖励，请注意查收。</text>",
		"zhtw": "<text>親愛的玩家，您好！您本賽季的最終段位為</text><color>r=0,g=150,b=0</color><text>{0}</text><text>，以下是本賽季的段位獎勵，請注意查收。</text>"
	},
	"client_singlecraft_3": {
		"en": "<text>Greetings, dear player! Congratulations! Your final ranking for this season is </text><color>r=0,g=150,b=0</color><text>{0}</text><text>! you have won the title </text><color>r=0,g=150,b=0</color><text>{1}</text><text>! Here are your ranking rewards. Please don't forget to claim them. </text>",
		"ko": "<text>???? ??? ?????.? ???? ?? ?? ??? </text><color>r=0,g=150,b=0</color><text>?{0}?</text><text>??? </text><color>r=0,g=150,b=0</color><text>{1}</text><text>??? ???????.??? ? ??? ?? ??????.??????.</text>",
		"zhcn": "<text>亲爱的玩家，您好！恭喜您本赛季最终排名</text><color>r=0,g=150,b=0</color><text>第{0}名</text><text>，获得了</text><color>r=0,g=150,b=0</color><text>{1}</text><text>称号！以下是本赛季的排名礼包，请注意查收。</text>",
		"zhtw": "<text>親愛的玩家，您好！恭喜您本賽季最終排名</text><color>r=0,g=150,b=0</color><text>第{0}名</text><text>，獲得了</text><color>r=0,g=150,b=0</color><text>{1}</text><text>稱號！以下是本賽季的排名禮包，請注意查收。</text>"
	},
	"client_singlecraft_4": {
		"en": "<text>Greetings, dear player! This season of cross-server arena has }ed! The new season will start at 10:00 tomorrow! We are looking forward to your participation! </text>",
		"ko": "<text>???? ??? ?????.? ??? ??? ??? ?? ?????.? ??? ?? 10?? ?????.????? ???? ????? ????.</text>",
		"zhcn": "<text>亲爱的玩家，您好！本赛季跨服格斗已经圆满结束！新赛季将在明日10点开启，届时欢迎您准时参加！</text>",
		"zhtw": "<text>親愛的玩家，您好！本賽季跨服格鬥已經圓滿結束！新賽季將在明日10點開啟，屆時歡迎您準時參加！</text>"
	},
	"client_singlecraft_5_1": {
		"en": "<text>Greetings, dear player! Congratulations! Your final server ranking for this season is </text><color>r=0,g=150,b=0</color><text>{0}! </text><color>r=0,g=0,b=0</color><text> Here are your server ranking rewards. Please don't forget to claim them. </text>",
		"ko": "text>???? ??? ?????.? ??? ? ???? ?? ?? ??? </text><color>r=0,g=150,b=0</color><text>?{0}?</text><color>r=0,g=0,b=0</color><text>???.??? ? ??? ? ?? ?? ??????.??????.</text>",
		"zhcn": "<text>亲爱的玩家，您好！恭喜您在本赛季本服最终排名</text><color>r=0,g=150,b=0</color><text>第{0}名！</text><color>r=0,g=0,b=0</color><text>以下是本赛季的本服排名礼包，请注意查收。</text>",
		"zhtw": "<text>親愛的玩家，您好！恭喜您在本賽季本服最終排名</text><color>r=0,g=150,b=0</color><text>第{0}名！</text><color>r=0,g=0,b=0</color><text>以下是本賽季的本服排名禮包，請注意查收。</text>"
	},
	"client_singlecraft_5_2": {
		"en": "<text>Greetings, dear player! Congratulations! Your final server ranking for this season is </text><color>r=0,g=150,b=0</color><text>{0}</text><text>! you have won the title </text><color>r=0,g=150,b=0</color><text>{1}</text><text>! Here are your server ranking rewards. Please don't forget to claim them. </text>",
		"ko": "<text>???? ??? ?????.? ??? ? ???? ?? ?? ??? </text><color>r=0,g=150,b=0</color><text>?{0}?</text><color>r=0,g=0,b=0</color><text>??? </text><color>r=0,g=150,b=0</color><text>{1}</text><text>??? ???????.??? ? ??? ? ?? ?? ??????.??????.</text>",
		"zhcn": "<text>亲爱的玩家，您好！恭喜您在本赛季本服最终排名</text><color>r=0,g=150,b=0</color><text>第{0}名</text><text>，获得了</text><color>r=0,g=150,b=0</color><text>{1}</text><text>称号！以下是本赛季的本服排名礼包，请注意查收。</text>",
		"zhtw": "<text>親愛的玩家，您好！恭喜您在本賽季本服最終排名</text><color>r=0,g=150,b=0</color><text>第{0}名</text><text>，獲得了</text><color>r=0,g=150,b=0</color><text>{1}</text><text>稱號！以下是本賽季的本服排名禮包，請注意查收。</text>"
	},
	"mail_craft_title_1": {
		"en": "I challenged {0}",
		"ko": "{0}? ?????.",
		"zhcn": "我挑战了{0}",
		"zhtw": "我挑戰了{0}"
	},
	"mail_craft_title_2": {
		"en": "{0} challenged me",
		"ko": "{0}?? ??? ????.",
		"zhcn": "{0}挑战了我",
		"zhtw": "{0}挑戰了我"
	},
	"mail_ladder_title_1": {
		"en": "I challenged {0}",
		"ko": "{0}? ?????.",
		"zhcn": "我挑战了{0}",
		"zhtw": "我挑戰了{0}"
	},
	"mail_ladder_title_2": {
		"en": "{0} challenged me",
		"ko": "{0}? ??? ????.",
		"zhcn": "{0}挑战了我",
		"zhtw": "{0}挑戰了我"
	},
	"mail_pvp_ladder_1": {
		"en": "<text>{0} ({1}) defeated you in a team fight. </text>",
		"ko": "<text>{0}({1})??? ??? ?? ??? ???????.?? ???????.</text>",
		"zhcn": "<text>{0}({1})向您发起了单队挑战，您战败了。</text>",
		"zhtw": "<text>{0}({1})向您發起了單隊挑戰，您戰敗了。</text>"
	},
	"mail_pvp_ladder_2": {
		"en": "<text>{0} ({1}) was defeated by you in a team fight.</text>",
		"ko": "<text>{0}({1})??? ??? ?? ??? ???????.?? ???????.</text>",
		"zhcn": "<text>{0}({1})向您发起了单队挑战，您胜利了。</text>",
		"zhtw": "<text>{0}({1})向您發起了單隊挑戰，您勝利了。</text>"
	},
	"mail_pvp_single_1": {
		"en": "<text>{0} ({1}) defeated you on in a triple fight.</text>",
		"ko": "<text>{0}({1})??? ??? 3? ??? ???????.?? ???????.</text>",
		"zhcn": "<text>{0}({1})向您发起了三队挑战，您战败了。</text>",
		"zhtw": "<text>{0}({1})向您發起了三隊挑戰，您戰敗了。</text>"
	},
	"mail_pvp_single_2": {
		"en": "<text>{0} ({1}) was defeated by you in a triple fight.</text>",
		"ko": "<text>{0}({1})??? ??? 3? ??? ???????.?? ???????.</text>",
		"zhcn": "<text>{0}({1})向您发起了三队挑战，您胜利了。</text>",
		"zhtw": "<text>{0}({1})向您發起了三隊挑戰，您勝利了。</text>"
	},
	"mail_title_pvp_1": {
		"en": "Team Fight: {0}",
		"ko": "?? ???:{0}",
		"zhcn": "单队切磋：{0}",
		"zhtw": "單隊切磋：{0}"
	},
	"mail_title_pvp_2": {
		"en": "Triple Fight: {0}",
		"ko": "3? ???",
		"zhcn": "三队切磋：{0}",
		"zhtw": "三隊切磋：{0}"
	}
}