{"frameRate":30,"isGlobal":0,"armature":[{"bone":[{"name":"root","transform":{"scY":0.803,"scX":0.803}},{"transform":{},"name":"Fuji","parent":"root"},{"transform":{"y":-73.62,"x":-94.6},"name":"leg_r","parent":"root"},{"transform":{"y":-7.96,"x":31.44},"name":"arm_r","parent":"root"},{"transform":{"y":-222},"name":"buff_up","parent":"root"},{"transform":{"y":-8.79,"x":48.71},"name":"arm_l","parent":"root"},{"transform":{"y":-99.02},"name":"buff_mid","parent":"root"},{"transform":{},"name":"buff_flo","parent":"root"},{"transform":{"y":-70.36,"x":-76.08},"name":"leg_l","parent":"root"},{"transform":{"y":5.39,"x":34.47},"name":"hand_r","parent":"root"},{"transform":{"y":4.2,"x":52.33},"name":"hand_l","parent":"root"},{"transform":{"y":4.33,"x":-98.97},"name":"foot_r","parent":"root"},{"transform":{"y":0.77,"x":-80.8},"name":"foot_l","parent":"root"},{"transform":{"y":-155,"x":-60},"name":"bip","parent":"Fuji"},{"length":52,"transform":{"y":-13.26,"skX":103.5,"skY":103.5,"x":4.35},"parent":"bip","name":"Thigh_R"},{"length":45,"transform":{"y":-4.75,"skX":101.41,"skY":101.41,"x":21.93},"parent":"bip","name":"Thigh_L"},{"length":47,"transform":{"y":-10.42,"skX":38.97,"skY":38.97,"x":-4.71},"parent":"bip","name":"Body"},{"length":34,"transform":{"y":-9.86,"skX":-163.86,"skY":-163.86,"x":-16.05},"parent":"bip","name":"Tail"},{"length":25,"transform":{"y":-0.03,"skX":3.51,"skY":3.51,"x":34.81},"parent":"Tail","name":"Tail_01"},{"length":64,"transform":{"y":0.28,"skX":-39.64,"skY":-39.64,"x":48.35},"parent":"Body","name":"spine"},{"length":51,"transform":{"y":0.1,"skX":17.62,"skY":17.62,"x":53.08},"parent":"Thigh_R","name":"Fibula_R"},{"length":53,"transform":{"y":0.04,"skX":21.14,"skY":21.14,"x":45.7},"parent":"Thigh_L","name":"Fibula_L"},{"length":36,"transform":{"y":0.21,"skX":-40.7,"skY":-40.7,"x":64.65},"parent":"spine","name":"waist"},{"length":81,"transform":{"y":0.11,"skX":90.61,"skY":90.61,"x":56.48},"parent":"spine","name":"UpArm_R"},{"length":46,"transform":{"y":0.14,"skX":-23.89,"skY":-23.89,"x":53.22},"parent":"Fibula_L","name":"Leg_L"},{"length":79,"transform":{"y":-3.06,"skX":92.01,"skY":92.01,"x":74.33},"parent":"spine","name":"UpArm_L"},{"length":47,"transform":{"y":0.43,"skX":-20.28,"skY":-20.28,"x":50.57},"parent":"Fibula_R","name":"Leg_R"},{"length":32,"transform":{"skX":-6.34,"skY":-6.34,"x":25.28},"parent":"Tail_01","name":"Tail_02"},{"length":30,"transform":{"y":-0.41,"skX":-19.46,"skY":-19.46,"x":48.41},"parent":"Leg_R","name":"Foot_R"},{"length":50,"transform":{"y":-0.1,"skX":0.67,"skY":0.67,"x":79.97},"parent":"UpArm_L","name":"Arm_L"},{"length":48,"transform":{"y":-0.03,"skX":3.82,"skY":3.82,"x":79.96},"parent":"UpArm_R","name":"Arm_R"},{"length":26,"transform":{"y":-1.63,"skX":-3.6,"skY":-3.6,"x":32.44},"parent":"waist","name":"Neck"},{"length":24,"transform":{"y":-0.13,"skX":-14.09,"skY":-14.09,"x":47.58},"parent":"Leg_L","name":"Foot_L"},{"length":30,"transform":{"skX":6.83,"skY":6.83,"x":26.46},"parent":"Neck","name":"neck_01"},{"length":13,"transform":{"y":-0.02,"skX":-17.08,"skY":-17.08,"x":50.87},"parent":"Arm_L","name":"Hand_L"},{"length":13,"transform":{"y":-0.01,"skX":-16,"skY":-16,"x":48.24},"parent":"Arm_R","name":"Hand_R"},{"length":41,"transform":{"y":-3.72,"skX":78.14,"skY":78.14,"x":31.05},"parent":"neck_01","name":"Head"},{"length":33,"transform":{"y":-20.21,"skX":-128.26,"skY":-128.26,"x":8.21},"parent":"Head","name":"Ear_L"},{"length":31,"transform":{"y":-13.42,"skX":-129.15,"skY":-129.15,"x":-1.63},"parent":"Head","name":"Ear_R"},{"transform":{"y":0.62,"x":57.51},"name":"mouth","parent":"Head"}],"type":"Armature","ik":[{"bone":"Fibula_R","name":"leg_r","chain":1,"target":"leg_r"},{"bone":"Fibula_L","name":"leg_l","chain":1,"target":"leg_l"},{"bone":"Arm_R","name":"arm_r","chain":1,"target":"arm_r"},{"bone":"Foot_L","bendPositive":"false","name":"foot_l","chain":1,"target":"foot_l"},{"bone":"Arm_L","name":"arm_l","chain":1,"target":"arm_l"},{"bone":"Foot_R","bendPositive":"false","name":"foot_r","chain":1,"target":"foot_r"},{"bone":"Hand_L","bendPositive":"false","name":"hand_l","target":"hand_l"},{"bone":"Hand_R","bendPositive":"false","name":"hand_r","target":"hand_r"}],"defaultActions":[{"gotoAndPlay":"0000_daiji"}],"animation":[{"ik":[],"frame":[],"slot":[],"ffd":[],"bone":[{"frame":[{"curve":[0.25,0,0.75,1],"transform":{},"duration":20},{"curve":[0.25,0,0.75,1],"transform":{"x":-3},"duration":20},{"transform":{},"duration":0}],"name":"Fuji"},{"frame":[{"curve":[0.25,0,0.75,1],"transform":{},"duration":20},{"curve":[0.25,0,0.75,1],"transform":{"y":1.46,"skX":-2,"skY":-2},"duration":20},{"transform":{},"duration":0}],"name":"bip"},{"frame":[{"curve":[0.25,0,0.75,1],"transform":{"skX":-0.05,"skY":-0.05},"duration":20},{"curve":[0.25,0,0.75,1],"transform":{"skX":2.14,"skY":2.14,"scX":0.992},"duration":20},{"transform":{"skX":-0.05,"skY":-0.05},"duration":0}],"name":"Body"},{"frame":[{"curve":[0.25,0,0.75,1],"transform":{"skX":-0.22,"skY":-0.22},"duration":20},{"curve":[0.25,0,0.75,1],"transform":{"skX":-0.75,"skY":-0.75},"duration":20},{"transform":{"skX":-0.22,"skY":-0.22},"duration":0}],"name":"spine"},{"frame":[{"curve":[0.25,0,0.75,1],"transform":{"skX":-2.13,"skY":-2.13},"duration":20},{"curve":[0.25,0,0.75,1],"transform":{"skX":1.88,"skY":1.88},"duration":20},{"transform":{"skX":-2.13,"skY":-2.13},"duration":0}],"name":"waist"},{"frame":[{"curve":[0.25,0,0.75,1],"transform":{"skX":-2.27,"skY":-2.27},"duration":20},{"curve":[0.25,0,0.75,1],"transform":{"skX":-4.3,"skY":-4.3},"duration":20},{"transform":{"skX":-2.27,"skY":-2.27},"duration":0}],"name":"Neck"},{"frame":[{"curve":[0.25,0,0.75,1],"transform":{"skX":-2.31,"skY":-2.31},"duration":20},{"curve":[0.25,0,0.75,1],"transform":{"skX":-5.6,"skY":-5.6},"duration":20},{"transform":{"skX":-2.31,"skY":-2.31},"duration":0}],"name":"neck_01"},{"frame":[{"curve":[0.25,0,0.75,1],"transform":{"skX":-0.91,"skY":-0.91},"duration":20},{"curve":[0.25,0,0.75,1],"transform":{"skX":4.53,"skY":4.53},"duration":20},{"transform":{"skX":-0.91,"skY":-0.91},"duration":0}],"name":"Head"},{"frame":[{"curve":[0.25,0,0.75,1],"transform":{},"duration":20},{"curve":[0.25,0,0.75,1],"transform":{"scY":0.749,"scX":0.749},"duration":20},{"transform":{},"duration":0}],"name":"mouth"},{"frame":[{"curve":[0.25,0,0.75,1],"transform":{"skX":-3.8,"skY":-3.8},"duration":20},{"curve":[0.25,0,0.75,1],"transform":{"skX":3.96,"skY":3.96},"duration":20},{"transform":{"skX":-3.8,"skY":-3.8},"duration":0}],"name":"Ear_R"},{"frame":[{"curve":[0.25,0,0.75,1],"transform":{"skX":-2.53,"skY":-2.53},"duration":20},{"curve":[0.25,0,0.75,1],"transform":{"skX":2.96,"skY":2.96},"duration":20},{"transform":{"skX":-2.53,"skY":-2.53},"duration":0}],"name":"Ear_L"},{"frame":[{"transform":{"y":-2.12,"x":-0.12},"duration":20},{"transform":{"y":-2.12,"x":-0.12},"duration":20},{"transform":{"y":-2.12,"x":-0.12},"duration":0}],"name":"UpArm_R"},{"frame":[{"transform":{},"duration":20},{"transform":{},"duration":20},{"transform":{},"duration":0}],"name":"Arm_R"},{"frame":[{"transform":{},"duration":20},{"transform":{},"duration":20},{"transform":{},"duration":0}],"name":"Hand_R"},{"frame":[{"transform":{},"duration":20},{"transform":{},"duration":20},{"transform":{},"duration":0}],"name":"UpArm_L"},{"frame":[{"transform":{},"duration":20},{"transform":{},"duration":20},{"transform":{},"duration":0}],"name":"Arm_L"},{"frame":[{"transform":{},"duration":20},{"transform":{},"duration":20},{"transform":{},"duration":0}],"name":"Hand_L"},{"frame":[{"transform":{},"duration":20},{"transform":{},"duration":20},{"transform":{},"duration":0}],"name":"Thigh_R"},{"frame":[{"transform":{},"duration":20},{"transform":{},"duration":20},{"transform":{},"duration":0}],"name":"Fibula_R"},{"frame":[{"transform":{},"duration":20},{"transform":{},"duration":20},{"transform":{},"duration":0}],"name":"Leg_R"},{"frame":[{"transform":{},"duration":20},{"transform":{},"duration":20},{"transform":{},"duration":0}],"name":"Foot_R"},{"frame":[{"transform":{"y":1.02,"x":-7.09},"duration":20},{"transform":{"y":1.02,"x":-7.09},"duration":20},{"transform":{"y":1.02,"x":-7.09},"duration":0}],"name":"Thigh_L"},{"frame":[{"transform":{},"duration":20},{"transform":{},"duration":20},{"transform":{},"duration":0}],"name":"Fibula_L"},{"frame":[{"transform":{},"duration":20},{"transform":{},"duration":20},{"transform":{},"duration":0}],"name":"Leg_L"},{"frame":[{"transform":{},"duration":20},{"transform":{},"duration":20},{"transform":{},"duration":0}],"name":"Foot_L"},{"frame":[{"curve":[0.25,0,0.75,1],"transform":{"skX":322.93,"skY":322.93},"duration":20},{"curve":[0.25,0,0.75,1],"transform":{"skX":317.14,"skY":317.14},"duration":20},{"transform":{"skX":322.93,"skY":322.93},"duration":0}],"name":"Tail"},{"frame":[{"curve":[0.25,0,0.75,1],"transform":{"skX":3.29,"skY":3.29},"duration":20},{"curve":[0.25,0,0.75,1],"transform":{"skX":-10.79,"skY":-10.79},"duration":20},{"transform":{"skX":3.29,"skY":3.29},"duration":0}],"name":"Tail_01"},{"frame":[{"curve":[0.25,0,0.75,1],"transform":{"skX":7.85,"skY":7.85},"duration":20},{"curve":[0.25,0,0.75,1],"transform":{"skX":-13.55,"skY":-13.55},"duration":20},{"transform":{"skX":7.85,"skY":7.85},"duration":0}],"name":"Tail_02"},{"frame":[{"transform":{"y":-0.49,"x":-4.41},"duration":20},{"transform":{"y":-0.49,"x":-4.41},"duration":20},{"transform":{"y":-0.49,"x":-4.41},"duration":0}],"name":"leg_r"},{"frame":[{"transform":{"y":-2.74,"x":-13.52},"duration":20},{"transform":{"y":-2.74,"x":-13.52},"duration":20},{"transform":{"y":-2.74,"x":-13.52},"duration":0}],"name":"arm_r"},{"frame":[{"transform":{"y":-1.47,"x":-0.49},"duration":20},{"transform":{"y":-1.47,"x":-0.49},"duration":20},{"transform":{"y":-1.47,"x":-0.49},"duration":0}],"name":"foot_r"},{"frame":[{"transform":{"y":-2.94,"x":21.6},"duration":20},{"transform":{"y":-2.94,"x":21.6},"duration":20},{"transform":{"y":-2.94,"x":21.6},"duration":0}],"name":"hand_l"},{"frame":[{"curve":[0.25,0,0.75,1],"transform":{"y":0.98,"x":9.46},"duration":20},{"curve":[0.25,0,0.75,1],"transform":{"y":0.98,"x":10.03},"duration":20},{"transform":{"y":0.98,"x":9.46},"duration":0}],"name":"leg_l"},{"frame":[{"transform":{"y":-2.94,"x":21.6},"duration":20},{"transform":{"y":-2.94,"x":21.6},"duration":20},{"transform":{"y":-2.94,"x":21.6},"duration":0}],"name":"arm_l"},{"frame":[{"transform":{"y":0.49,"x":13.1},"duration":20},{"transform":{"y":0.49,"x":13.1},"duration":20},{"transform":{"y":0.49,"x":13.1},"duration":0}],"name":"foot_l"},{"frame":[{"transform":{"y":-2.74,"x":-13.52},"duration":20},{"transform":{"y":-2.74,"x":-13.52},"duration":20},{"transform":{"y":-2.74,"x":-13.52},"duration":0}],"name":"hand_r"},{"frame":[{"transform":{},"duration":40}],"name":"root"},{"frame":[{"transform":{},"duration":40}],"name":"buff_up"},{"frame":[{"transform":{},"duration":40}],"name":"buff_mid"},{"frame":[{"transform":{},"duration":40}],"name":"buff_flo"}],"name":"0000_daiji","duration":40},{"ik":[{"frame":[{"tweenEasing":null,"bendPositive":true,"weight":0,"duration":30}],"offset":0,"name":"arm_r","scale":1},{"frame":[{"tweenEasing":null,"bendPositive":true,"weight":0,"duration":30}],"offset":0,"name":"arm_l","scale":1},{"frame":[{"tweenEasing":null,"bendPositive":false,"weight":0,"duration":30}],"offset":0,"name":"hand_l","scale":1},{"frame":[{"tweenEasing":null,"bendPositive":false,"weight":0,"duration":30}],"offset":0,"name":"hand_r","scale":1},{"frame":[{"tweenEasing":null,"bendPositive":true,"weight":0,"duration":30}],"offset":0,"name":"leg_r","scale":1},{"frame":[{"tweenEasing":null,"bendPositive":true,"weight":0,"duration":30}],"offset":0,"name":"leg_l","scale":1},{"frame":[{"tweenEasing":null,"bendPositive":false,"weight":0,"duration":30}],"offset":0,"name":"foot_r","scale":1},{"frame":[{"tweenEasing":null,"bendPositive":false,"weight":0,"duration":30}],"offset":0,"name":"foot_l","scale":1}],"frame":[],"slot":[],"ffd":[],"bone":[{"frame":[{"transform":{},"duration":30},{"transform":{},"duration":0}],"name":"Fuji"},{"frame":[{"curve":[0.2245,0.11,0.6859999999999999,0.6699999999999999],"transform":{"y":14.3},"duration":3},{"curve":[0.267,0.37,0.77,1],"transform":{"y":16.8},"duration":9},{"curve":[0.071,0.23,0.75,1],"transform":{"y":16.8,"skX":2.66,"skY":2.66},"duration":3},{"curve":[0.239,0,0.614,0.4],"transform":{"y":1.75,"skX":2.66,"skY":2.66},"duration":6},{"curve":[0.414,0.28,0.847,0.69],"transform":{"y":10.18,"skX":2.66,"skY":2.66},"duration":3},{"curve":[0.25,0,0.837,0.78],"transform":{"y":10.18,"skX":-2.84,"skY":-2.84},"duration":6},{"transform":{"y":14.3},"duration":0}],"name":"bip"},{"frame":[{"tweenEasing":0,"transform":{"skX":-8.43,"skY":-8.43},"duration":3},{"tweenEasing":0,"transform":{"skX":-6.69,"skY":-6.69},"duration":6},{"tweenEasing":0,"transform":{"skX":-15.73,"skY":-15.73},"duration":6},{"tweenEasing":0,"transform":{"skX":-24.07,"skY":-24.07},"duration":15},{"transform":{"skX":-8.43,"skY":-8.43},"duration":0}],"name":"Body"},{"frame":[{"tweenEasing":0,"transform":{"skX":-0.72,"skY":-0.72},"duration":3},{"tweenEasing":0,"transform":{"skX":-0.86,"skY":-0.86},"duration":6},{"tweenEasing":0,"transform":{"skX":16.17,"skY":16.17},"duration":6},{"tweenEasing":0,"transform":{"skX":33.41,"skY":33.41},"duration":15},{"transform":{"skX":-0.72,"skY":-0.72},"duration":0}],"name":"spine"},{"frame":[{"tweenEasing":0,"transform":{"skX":-13.27,"skY":-13.27},"duration":6},{"tweenEasing":0,"transform":{"skX":-9.79,"skY":-9.79},"duration":9},{"tweenEasing":0,"transform":{"skX":-3.7,"skY":-3.7},"duration":15},{"transform":{"skX":-13.27,"skY":-13.27},"duration":0}],"name":"waist"},{"frame":[{"tweenEasing":0,"transform":{"skX":8.86,"skY":8.86},"duration":6},{"tweenEasing":0,"transform":{"skX":12.83,"skY":12.83},"duration":9},{"tweenEasing":0,"transform":{"skX":-0.83,"skY":-0.83},"duration":15},{"transform":{"skX":8.86,"skY":8.86},"duration":0}],"name":"Neck"},{"frame":[{"tweenEasing":0,"transform":{"skX":0.24,"skY":0.24},"duration":6},{"tweenEasing":0,"transform":{"skX":-1.22,"skY":-1.22},"duration":9},{"tweenEasing":0,"transform":{"skX":-14.82,"skY":-14.82},"duration":15},{"transform":{"skX":0.24,"skY":0.24},"duration":0}],"name":"neck_01"},{"frame":[{"tweenEasing":0,"transform":{"skX":0.29,"skY":0.29},"duration":6},{"tweenEasing":0,"transform":{"skX":-1.72,"skY":-1.72},"duration":9},{"tweenEasing":0,"transform":{"skX":10.1,"skY":10.1},"duration":15},{"transform":{"skX":0.29,"skY":0.29},"duration":0}],"name":"Head"},{"frame":[{"tweenEasing":0,"transform":{},"duration":15},{"tweenEasing":0,"transform":{"scY":0.823,"scX":0.823,"x":-6.57},"duration":15},{"transform":{},"duration":0}],"name":"mouth"},{"frame":[{"tweenEasing":0,"transform":{"skX":-3.8,"skY":-3.8},"duration":15},{"tweenEasing":0,"transform":{"skX":3.04,"skY":3.04},"duration":15},{"transform":{"skX":-3.8,"skY":-3.8},"duration":0}],"name":"Ear_R"},{"frame":[{"tweenEasing":0,"transform":{"skX":-2.53,"skY":-2.53},"duration":15},{"tweenEasing":0,"transform":{"skX":7.49,"skY":7.49},"duration":15},{"transform":{"skX":-2.53,"skY":-2.53},"duration":0}],"name":"Ear_L"},{"frame":[{"tweenEasing":0,"transform":{"skX":-32.29,"skY":-32.29},"duration":3},{"tweenEasing":0,"transform":{"skX":-20.6,"skY":-20.6},"duration":3},{"tweenEasing":0,"transform":{"skX":-6.24,"skY":-6.24,"scX":0.951},"duration":2},{"tweenEasing":0,"transform":{"skX":-6.24,"skY":-6.24,"scX":0.96},"duration":1},{"tweenEasing":0,"transform":{"skX":16.81,"skY":16.81},"duration":3},{"tweenEasing":0,"transform":{"skX":16.35,"skY":16.35},"duration":3},{"tweenEasing":0,"transform":{"skX":-5.11,"skY":-5.11},"duration":3},{"tweenEasing":0,"transform":{"skX":-26.03,"skY":-26.03},"duration":3},{"tweenEasing":0,"transform":{"skX":-39.16,"skY":-39.16},"duration":3},{"tweenEasing":0,"transform":{"skX":-48.59,"skY":-48.59},"duration":3},{"tweenEasing":0,"transform":{"skX":-54.21,"skY":-54.21},"duration":3},{"transform":{"skX":-32.29,"skY":-32.29},"duration":0}],"name":"UpArm_R"},{"frame":[{"tweenEasing":0,"transform":{"skX":2.06,"skY":2.06},"duration":3},{"tweenEasing":0,"transform":{"skX":5.46,"skY":5.46},"duration":3},{"tweenEasing":0,"transform":{"skX":0.67,"skY":0.67},"duration":3},{"tweenEasing":0,"transform":{"skX":-5.91,"skY":-5.91},"duration":3},{"tweenEasing":0,"transform":{"skX":30.21,"skY":30.21},"duration":3},{"tweenEasing":0,"transform":{"skX":52.15,"skY":52.15},"duration":3},{"tweenEasing":0,"transform":{"skX":76.39,"skY":76.39},"duration":3},{"tweenEasing":0,"transform":{"skX":62.56,"skY":62.56},"duration":3},{"tweenEasing":0,"transform":{"skX":36.91,"skY":36.91},"duration":3},{"tweenEasing":0,"transform":{"skX":28.19,"skY":28.19},"duration":3},{"transform":{"skX":2.06,"skY":2.06},"duration":0}],"name":"Arm_R"},{"frame":[{"tweenEasing":0,"transform":{"skX":22.64,"skY":22.64},"duration":3},{"tweenEasing":0,"transform":{"skX":21.74,"skY":21.74},"duration":3},{"tweenEasing":0,"transform":{"skX":9.07,"skY":9.07},"duration":3},{"tweenEasing":0,"transform":{"skX":-12.95,"skY":-12.95},"duration":3},{"tweenEasing":0,"transform":{"skX":31.84,"skY":31.84},"duration":3},{"tweenEasing":0,"transform":{"skX":44.19,"skY":44.19},"duration":3},{"tweenEasing":0,"transform":{"skX":58.93,"skY":58.93},"duration":3},{"tweenEasing":0,"transform":{"skX":50.15,"skY":50.15},"duration":3},{"tweenEasing":0,"transform":{"skX":37.71,"skY":37.71},"duration":3},{"tweenEasing":0,"transform":{"skX":30.69,"skY":30.69},"duration":3},{"transform":{"skX":22.64,"skY":22.64},"duration":0}],"name":"Hand_R"},{"frame":[{"tweenEasing":0,"transform":{"skX":-55.19,"skY":-55.19},"duration":3},{"tweenEasing":0,"transform":{"skX":-60.2,"skY":-60.2},"duration":3},{"tweenEasing":0,"transform":{"skX":-41.39,"skY":-41.39},"duration":3},{"tweenEasing":0,"transform":{"skX":-18.96,"skY":-18.96},"duration":3},{"tweenEasing":0,"transform":{"skX":-11.32,"skY":-11.32,"scX":0.968},"duration":3},{"tweenEasing":0,"transform":{"skX":-0.7,"skY":-0.7},"duration":3},{"tweenEasing":0,"transform":{"skX":17.36,"skY":17.36},"duration":3},{"tweenEasing":0,"transform":{"skX":17.04,"skY":17.04},"duration":3},{"tweenEasing":0,"transform":{"skX":-13.56,"skY":-13.56},"duration":3},{"tweenEasing":0,"transform":{"skX":-31.06,"skY":-31.06},"duration":3},{"transform":{"skX":-55.19,"skY":-55.19},"duration":0}],"name":"UpArm_L"},{"frame":[{"tweenEasing":0,"transform":{"skX":73.07,"skY":73.07},"duration":3},{"tweenEasing":0,"transform":{"skX":35.3,"skY":35.3},"duration":3},{"tweenEasing":0,"transform":{"skX":1.22,"skY":1.22},"duration":3},{"tweenEasing":0,"transform":{"skX":0.89,"skY":0.89},"duration":3},{"tweenEasing":0,"transform":{"skX":-0.93,"skY":-0.93},"duration":3},{"tweenEasing":0,"transform":{"skX":-2.88,"skY":-2.88},"duration":3},{"tweenEasing":0,"transform":{"skX":8.36,"skY":8.36},"duration":3},{"tweenEasing":0,"transform":{"skX":31.32,"skY":31.32},"duration":3},{"tweenEasing":0,"transform":{"skX":56.47,"skY":56.47},"duration":3},{"tweenEasing":0,"transform":{"skX":56.77,"skY":56.77},"duration":3},{"transform":{"skX":73.07,"skY":73.07},"duration":0}],"name":"Arm_L"},{"frame":[{"tweenEasing":0,"transform":{"skX":33.96,"skY":33.96},"duration":3},{"tweenEasing":0,"transform":{"skX":58.26,"skY":58.26},"duration":3},{"tweenEasing":0,"transform":{"skX":15.05,"skY":15.05},"duration":3},{"tweenEasing":0,"transform":{"skX":15.57,"skY":15.57},"duration":3},{"tweenEasing":0,"transform":{"skX":1.63,"skY":1.63},"duration":3},{"tweenEasing":0,"transform":{"skX":-7.43,"skY":-7.43},"duration":3},{"tweenEasing":0,"transform":{"skX":20.32,"skY":20.32},"duration":3},{"tweenEasing":0,"transform":{"skX":38.04,"skY":38.04},"duration":3},{"tweenEasing":0,"transform":{"skX":60.67,"skY":60.67},"duration":3},{"tweenEasing":0,"transform":{"skX":61.14,"skY":61.14},"duration":3},{"transform":{"skX":33.96,"skY":33.96},"duration":0}],"name":"Hand_L"},{"frame":[{"tweenEasing":0,"transform":{"skX":5.11,"skY":5.11},"duration":3},{"tweenEasing":0,"transform":{"skX":13.56,"skY":13.56},"duration":3},{"tweenEasing":0,"transform":{"skX":2.52,"skY":2.52},"duration":3},{"tweenEasing":0,"transform":{"skX":-6.38,"skY":-6.38},"duration":3},{"tweenEasing":0,"transform":{"skX":-14.22,"skY":-14.22},"duration":3},{"tweenEasing":0,"transform":{"skX":-21.03,"skY":-21.03},"duration":3},{"tweenEasing":0,"transform":{"skX":-24.58,"skY":-24.58},"duration":3},{"tweenEasing":0,"transform":{"skX":-25.54,"skY":-25.54},"duration":3},{"tweenEasing":0,"transform":{"skX":-14.6,"skY":-14.6},"duration":3},{"tweenEasing":0,"transform":{"skX":-0.87,"skY":-0.87},"duration":3},{"transform":{"skX":5.11,"skY":5.11},"duration":0}],"name":"Thigh_R"},{"frame":[{"tweenEasing":0,"transform":{"skX":15.95,"skY":15.95},"duration":3},{"tweenEasing":0,"transform":{"skX":18.35,"skY":18.35},"duration":3},{"tweenEasing":0,"transform":{"skX":35.35,"skY":35.35},"duration":3},{"tweenEasing":0,"transform":{"skX":35.22,"skY":35.22},"duration":3},{"tweenEasing":0,"transform":{"skX":31.16,"skY":31.16},"duration":3},{"tweenEasing":0,"transform":{"skX":23.87,"skY":23.87},"duration":3},{"tweenEasing":0,"transform":{"skX":22.16,"skY":22.16},"duration":3},{"tweenEasing":0,"transform":{"skX":17.31,"skY":17.31},"duration":3},{"tweenEasing":0,"transform":{"skX":18.61,"skY":18.61},"duration":3},{"tweenEasing":0,"transform":{"skX":19.33,"skY":19.33},"duration":3},{"transform":{"skX":15.95,"skY":15.95},"duration":0}],"name":"Fibula_R"},{"frame":[{"tweenEasing":0,"transform":{"skX":-18.24,"skY":-18.24},"duration":3},{"tweenEasing":0,"transform":{"skX":4.65,"skY":4.65},"duration":3},{"tweenEasing":0,"transform":{"skX":-13.55,"skY":-13.55},"duration":3},{"tweenEasing":0,"transform":{"skX":-28.52,"skY":-28.52},"duration":3},{"tweenEasing":0,"transform":{"skX":-46.03,"skY":-46.03},"duration":3},{"tweenEasing":0,"transform":{"skX":-65.57,"skY":-65.57},"duration":3},{"tweenEasing":0,"transform":{"skX":-68.29,"skY":-68.29},"duration":3},{"tweenEasing":0,"transform":{"skX":-48.59,"skY":-48.59},"duration":3},{"tweenEasing":0,"transform":{"skX":-46.13,"skY":-46.13},"duration":3},{"tweenEasing":0,"transform":{"skX":-47.51,"skY":-47.51},"duration":3},{"transform":{"skX":-18.24,"skY":-18.24},"duration":0}],"name":"Leg_R"},{"frame":[{"tweenEasing":0,"transform":{"skX":-6.25,"skY":-6.25},"duration":3},{"tweenEasing":0,"transform":{"skX":30.1,"skY":30.1},"duration":3},{"tweenEasing":0,"transform":{"skX":40.92,"skY":40.92},"duration":3},{"tweenEasing":0,"transform":{"skX":47.88,"skY":47.88},"duration":3},{"tweenEasing":0,"transform":{"skX":38.04,"skY":38.04},"duration":3},{"tweenEasing":0,"transform":{"skX":46.54,"skY":46.54},"duration":3},{"tweenEasing":0,"transform":{"skX":31.37,"skY":31.37},"duration":3},{"tweenEasing":0,"transform":{"skX":19.1,"skY":19.1},"duration":3},{"tweenEasing":0,"transform":{"skX":39.12,"skY":39.12},"duration":3},{"tweenEasing":0,"transform":{"skX":27.89,"skY":27.89},"duration":3},{"transform":{"skX":-6.25,"skY":-6.25},"duration":0}],"name":"Foot_R"},{"frame":[{"tweenEasing":0,"transform":{"skX":-2.51,"skY":-2.51},"duration":3},{"tweenEasing":0,"transform":{"skX":12.28,"skY":12.28},"duration":3},{"tweenEasing":0,"transform":{"skX":17.04,"skY":17.04},"duration":3},{"tweenEasing":0,"transform":{"skX":2.93,"skY":2.93},"duration":3},{"tweenEasing":0,"transform":{"skX":-15.92,"skY":-15.92},"duration":3},{"tweenEasing":0,"transform":{"skX":-23.2,"skY":-23.2},"duration":3},{"tweenEasing":0,"transform":{"skX":-27.35,"skY":-27.35},"duration":3},{"tweenEasing":0,"transform":{"skX":-29.83,"skY":-29.83},"duration":3},{"tweenEasing":0,"transform":{"skX":-19.43,"skY":-19.43},"duration":3},{"tweenEasing":0,"transform":{"skX":-18.1,"skY":-18.1},"duration":3},{"transform":{"skX":-2.51,"skY":-2.51},"duration":0}],"name":"Thigh_L"},{"frame":[{"tweenEasing":0,"transform":{"skX":-1.52,"skY":-1.52},"duration":3},{"tweenEasing":0,"transform":{"skX":6.3,"skY":6.3},"duration":3},{"tweenEasing":0,"transform":{"skX":27.9,"skY":27.9},"duration":3},{"tweenEasing":0,"transform":{"skX":36.87,"skY":36.87},"duration":3},{"tweenEasing":0,"transform":{"skX":30.9,"skY":30.9},"duration":3},{"tweenEasing":0,"transform":{"skX":25.98,"skY":25.98},"duration":3},{"tweenEasing":0,"transform":{"skX":22.31,"skY":22.31},"duration":3},{"tweenEasing":0,"transform":{"skX":16.83,"skY":16.83},"duration":3},{"tweenEasing":0,"transform":{"skX":14.89,"skY":14.89},"duration":3},{"tweenEasing":0,"transform":{"skX":10.53,"skY":10.53},"duration":3},{"transform":{"skX":-1.52,"skY":-1.52},"duration":0}],"name":"Fibula_L"},{"frame":[{"tweenEasing":0,"transform":{"skX":-53.4,"skY":-53.4},"duration":3},{"tweenEasing":0,"transform":{"skX":-12.07,"skY":-12.07},"duration":3},{"tweenEasing":0,"transform":{"skX":-15.13,"skY":-15.13},"duration":3},{"tweenEasing":0,"transform":{"skX":-18.8,"skY":-18.8},"duration":3},{"tweenEasing":0,"transform":{"skX":-25.06,"skY":-25.06},"duration":3},{"tweenEasing":0,"transform":{"skX":-48.14,"skY":-48.14},"duration":3},{"tweenEasing":0,"transform":{"skX":-61.71,"skY":-61.71},"duration":3},{"tweenEasing":0,"transform":{"skX":-62.99,"skY":-62.99},"duration":3},{"tweenEasing":0,"transform":{"skX":-53.55,"skY":-53.55},"duration":3},{"tweenEasing":0,"transform":{"skX":-44.45,"skY":-44.45},"duration":3},{"transform":{"skX":-53.4,"skY":-53.4},"duration":0}],"name":"Leg_L"},{"frame":[{"tweenEasing":0,"transform":{"skX":55.81,"skY":55.81},"duration":3},{"tweenEasing":0,"transform":{"skX":-8.98,"skY":-8.98},"duration":3},{"tweenEasing":0,"transform":{"skX":16.45,"skY":16.45},"duration":3},{"tweenEasing":0,"transform":{"skX":45.28,"skY":45.28},"duration":3},{"tweenEasing":0,"transform":{"skX":40.93,"skY":40.93},"duration":3},{"tweenEasing":0,"transform":{"skX":38.68,"skY":38.68},"duration":3},{"tweenEasing":0,"transform":{"skX":36.41,"skY":36.41},"duration":3},{"tweenEasing":0,"transform":{"skX":20.65,"skY":20.65},"duration":3},{"tweenEasing":0,"transform":{"skX":30.88,"skY":30.88},"duration":3},{"tweenEasing":0,"transform":{"skX":51.25,"skY":51.25},"duration":3},{"transform":{"skX":55.81,"skY":55.81},"duration":0}],"name":"Foot_L"},{"frame":[{"curve":[0.25,0,0.75,1],"transform":{"skX":314.3,"skY":314.3},"duration":15},{"curve":[0.25,0,0.75,1],"transform":{"skX":-12.79,"skY":-12.79},"duration":15},{"transform":{"skX":314.3,"skY":314.3},"duration":0}],"name":"Tail"},{"frame":[{"curve":[0.374,0.61,0.715,1],"transform":{"skX":-5.79,"skY":-5.79},"duration":3},{"curve":[0.25,0,0.75,1],"transform":{"skX":-10.57,"skY":-10.57},"duration":15},{"curve":[0.242,0,0.679,0.71],"transform":{"skX":26.11,"skY":26.11},"duration":12},{"transform":{"skX":-5.79,"skY":-5.79},"duration":0}],"name":"Tail_01"},{"frame":[{"curve":[0.381,0.54,0.742,1],"transform":{"skX":6.11,"skY":6.11},"duration":6},{"curve":[0.25,0,0.75,1],"transform":{"skX":-9.52,"skY":-9.52},"duration":15},{"curve":[0.245,0,0.637,0.55],"transform":{"skX":33,"skY":33},"duration":9},{"transform":{"skX":6.11,"skY":6.11},"duration":0}],"name":"Tail_02"},{"frame":[{"transform":{},"duration":30},{"transform":{},"duration":0}],"name":"leg_r"},{"frame":[{"transform":{},"duration":30},{"transform":{},"duration":0}],"name":"arm_r"},{"frame":[{"transform":{},"duration":30},{"transform":{},"duration":0}],"name":"foot_r"},{"frame":[{"transform":{},"duration":30},{"transform":{},"duration":0}],"name":"hand_l"},{"frame":[{"transform":{},"duration":30},{"transform":{},"duration":0}],"name":"leg_l"},{"frame":[{"transform":{},"duration":30},{"transform":{},"duration":0}],"name":"arm_l"},{"frame":[{"transform":{},"duration":30},{"transform":{},"duration":0}],"name":"foot_l"},{"frame":[{"transform":{},"duration":30},{"transform":{},"duration":0}],"name":"hand_r"},{"frame":[{"transform":{},"duration":30}],"name":"root"},{"frame":[{"transform":{},"duration":30}],"name":"buff_up"},{"frame":[{"transform":{},"duration":30}],"name":"buff_mid"},{"frame":[{"transform":{},"duration":30}],"name":"buff_flo"}],"name":"0001_yidong","duration":30},{"ik":[{"frame":[{"tweenEasing":null,"bendPositive":true,"weight":1,"duration":30}],"offset":0,"name":"leg_r","scale":1},{"frame":[{"tweenEasing":null,"bendPositive":true,"weight":1,"duration":30}],"offset":0,"name":"leg_l","scale":1},{"frame":[{"tweenEasing":null,"bendPositive":false,"weight":1,"duration":30}],"offset":0,"name":"foot_r","scale":1},{"frame":[{"tweenEasing":null,"bendPositive":false,"weight":1,"duration":30}],"offset":0,"name":"foot_l","scale":1}],"frame":[],"slot":[],"ffd":[],"bone":[{"frame":[{"transform":{},"duration":30}],"name":"Fuji"},{"frame":[{"curve":[0.25,0,0.75,1],"transform":{},"duration":6},{"tweenEasing":0,"transform":{"y":10.34,"skX":-5.89,"skY":-5.89,"x":-34.64},"duration":3},{"tweenEasing":0,"transform":{"y":13.15,"skX":-5.89,"skY":-5.89,"x":-10.32},"duration":1},{"tweenEasing":0,"transform":{"y":20.52,"skX":0.97,"skY":0.97,"x":-2.45},"duration":12},{"tweenEasing":0,"transform":{"y":18.45,"skX":-0.76,"skY":-0.76,"x":-2.15},"duration":8},{"transform":{},"duration":0}],"name":"bip"},{"frame":[{"curve":[0.25,0,0.75,1],"transform":{"skX":-0.05,"skY":-0.05},"duration":6},{"tweenEasing":0,"transform":{"skX":-43.76,"skY":-43.76},"duration":4},{"tweenEasing":0,"transform":{"skX":-10.72,"skY":-10.72},"duration":12},{"tweenEasing":0,"transform":{"skX":-12.2,"skY":-12.2},"duration":8},{"transform":{"skX":-0.05,"skY":-0.05},"duration":0}],"name":"Body"},{"frame":[{"curve":[0.25,0,0.75,1],"transform":{"skX":-0.22,"skY":-0.22},"duration":6},{"tweenEasing":0,"transform":{"skX":-0.01,"skY":-0.01},"duration":4},{"tweenEasing":0,"transform":{"skX":31.74,"skY":31.74},"duration":12},{"tweenEasing":0,"transform":{"skX":34.23,"skY":34.23},"duration":8},{"transform":{"skX":-0.22,"skY":-0.22},"duration":0}],"name":"spine"},{"frame":[{"curve":[0.25,0,0.75,1],"transform":{"skX":-2.13,"skY":-2.13},"duration":6},{"tweenEasing":0,"transform":{"skX":-32.12,"skY":-32.12},"duration":4},{"tweenEasing":0,"transform":{"skX":-12.14,"skY":-12.14},"duration":12},{"tweenEasing":0,"transform":{"skX":-11.49,"skY":-11.49},"duration":8},{"transform":{"skX":-2.13,"skY":-2.13},"duration":0}],"name":"waist"},{"frame":[{"curve":[0.25,0,0.75,1],"transform":{"skX":-2.27,"skY":-2.27},"duration":6},{"tweenEasing":0,"transform":{"skX":25.72,"skY":25.72},"duration":4},{"tweenEasing":0,"transform":{"skX":4.3,"skY":4.3},"duration":12},{"tweenEasing":0,"transform":{"skX":3.94,"skY":3.94},"duration":8},{"transform":{"skX":-2.27,"skY":-2.27},"duration":0}],"name":"Neck"},{"frame":[{"curve":[0.25,0,0.75,1],"transform":{"skX":-2.31,"skY":-2.31},"duration":6},{"tweenEasing":0,"transform":{"skX":14.11,"skY":14.11},"duration":4},{"tweenEasing":0,"transform":{"skX":12.57,"skY":12.57},"duration":12},{"tweenEasing":0,"transform":{"skX":22.56,"skY":22.56},"duration":8},{"transform":{"skX":-2.31,"skY":-2.31},"duration":0}],"name":"neck_01"},{"frame":[{"curve":[0.25,0,0.75,1],"transform":{"skX":-0.91,"skY":-0.91},"duration":6},{"tweenEasing":0,"transform":{"skX":8.15,"skY":8.15},"duration":4},{"tweenEasing":0,"transform":{"skX":-37.59,"skY":-37.59},"duration":12},{"tweenEasing":0,"transform":{"skX":-40.49,"skY":-40.49},"duration":8},{"transform":{"skX":-0.91,"skY":-0.91},"duration":0}],"name":"Head"},{"frame":[{"curve":[0.284,0,0.625,0.38],"transform":{},"duration":6},{"curve":[0.259,0.75,0.75,1],"transform":{"scY":0.447,"scX":0.447,"x":-11.31},"duration":4},{"curve":[0.327,0.31,0.662,0.65],"transform":{"scY":1.485,"scX":1.485,"x":-1.62},"duration":4},{"curve":[0.332,0.32,0.666,0.66],"transform":{"scY":0.79,"scX":0.79,"x":-10.36},"duration":2},{"curve":[0.334,0.33,0.669,0.67],"transform":{"scY":1.115,"scX":1.115,"x":-1.01},"duration":3},{"curve":[0.337,0.34,0.671,0.68],"transform":{"scY":0.574,"scX":0.574,"x":-11.68},"duration":3},{"curve":[0.35850000000000004,0.455,0.7015,0.835],"transform":{"scY":1.156,"scX":1.156,"x":-2.92},"duration":3},{"curve":[0.337,0.34,0.67,0.68],"transform":{"scY":0.903,"scX":0.903,"x":-2.92},"duration":5},{"transform":{},"duration":0}],"name":"mouth"},{"frame":[{"transform":{"skX":-3.8,"skY":-3.8},"duration":30},{"transform":{"skX":-3.8,"skY":-3.8},"duration":0}],"name":"Ear_R"},{"frame":[{"transform":{"skX":-2.53,"skY":-2.53},"duration":30},{"transform":{"skX":-2.53,"skY":-2.53},"duration":0}],"name":"Ear_L"},{"frame":[{"transform":{"y":-2.12,"x":-0.12},"duration":30},{"transform":{"y":-2.12,"x":-0.12},"duration":0}],"name":"UpArm_R"},{"frame":[{"transform":{},"duration":30},{"transform":{},"duration":0}],"name":"Arm_R"},{"frame":[{"transform":{},"duration":30},{"transform":{},"duration":0}],"name":"Hand_R"},{"frame":[{"transform":{},"duration":30},{"transform":{},"duration":0}],"name":"UpArm_L"},{"frame":[{"transform":{},"duration":30},{"transform":{},"duration":0}],"name":"Arm_L"},{"frame":[{"transform":{},"duration":30},{"transform":{},"duration":0}],"name":"Hand_L"},{"frame":[{"transform":{},"duration":30},{"transform":{},"duration":0}],"name":"Thigh_R"},{"frame":[{"transform":{},"duration":30},{"transform":{},"duration":0}],"name":"Fibula_R"},{"frame":[{"transform":{},"duration":30},{"transform":{},"duration":0}],"name":"Leg_R"},{"frame":[{"transform":{},"duration":30},{"transform":{},"duration":0}],"name":"Foot_R"},{"frame":[{"transform":{"y":1.02,"x":-7.09},"duration":30},{"transform":{"y":1.02,"x":-7.09},"duration":0}],"name":"Thigh_L"},{"frame":[{"transform":{},"duration":30},{"transform":{},"duration":0}],"name":"Fibula_L"},{"frame":[{"transform":{},"duration":30},{"transform":{},"duration":0}],"name":"Leg_L"},{"frame":[{"transform":{},"duration":30},{"transform":{},"duration":0}],"name":"Foot_L"},{"frame":[{"transform":{"skX":322.93,"skY":322.93},"duration":30},{"transform":{"skX":322.93,"skY":322.93},"duration":0}],"name":"Tail"},{"frame":[{"transform":{"skX":3.29,"skY":3.29},"duration":30},{"transform":{"skX":3.29,"skY":3.29},"duration":0}],"name":"Tail_01"},{"frame":[{"transform":{"skX":7.85,"skY":7.85},"duration":30},{"transform":{"skX":7.85,"skY":7.85},"duration":0}],"name":"Tail_02"},{"frame":[{"curve":[0.25,0,0.75,1],"transform":{"y":-2.94,"x":21.6},"duration":6},{"tweenEasing":0,"transform":{"y":-166.55,"x":34.71},"duration":4},{"curve":[0.25,0,0.75,1],"transform":{"y":-3.27,"x":92.84},"duration":12},{"curve":[0.25,0,0.75,1],"transform":{"y":-3.27,"x":88.8},"duration":8},{"transform":{"y":-2.94,"x":21.6},"duration":0}],"name":"arm_l"},{"frame":[{"curve":[0.25,0,0.75,1],"transform":{"y":-2.74,"x":-13.52},"duration":6},{"tweenEasing":0,"transform":{"y":-128.09,"x":7.39},"duration":3},{"tweenEasing":0,"transform":{"y":-28.39,"x":14.97},"duration":1},{"curve":[0.25,0,0.75,1],"transform":{"y":-5.46,"x":84.05},"duration":12},{"curve":[0.25,0,0.75,1],"transform":{"y":-5.46,"x":82.03},"duration":8},{"transform":{"y":-2.74,"x":-13.52},"duration":0}],"name":"arm_r"},{"frame":[{"curve":[0.25,0,0.75,1],"transform":{"y":0.49,"x":13.1},"duration":6},{"tweenEasing":0,"transform":{"x":27.12},"duration":4},{"transform":{"x":26.82},"duration":12},{"curve":[0.25,0,0.75,1],"transform":{"x":26.82},"duration":8},{"transform":{"y":0.49,"x":13.1},"duration":0}],"name":"foot_l"},{"frame":[{"curve":[0.25,0,0.75,1],"transform":{"y":-1.47,"x":-0.49},"duration":6},{"tweenEasing":0,"transform":{"y":-1.7,"x":-39.37},"duration":3},{"tweenEasing":0,"transform":{"y":-1.84,"x":-39.25},"duration":1},{"transform":{"y":-1.89,"x":-38.98},"duration":12},{"curve":[0.25,0,0.75,1],"transform":{"y":-1.89,"x":-38.98},"duration":8},{"transform":{"y":-1.47,"x":-0.49},"duration":0}],"name":"foot_r"},{"frame":[{"curve":[0.25,0,0.75,1],"transform":{"y":-2.94,"x":21.6},"duration":6},{"tweenEasing":0,"transform":{"y":-162.54,"x":30.98},"duration":4},{"curve":[0.25,0,0.75,1],"transform":{"y":-3.27,"x":92.84},"duration":12},{"curve":[0.25,0,0.75,1],"transform":{"y":-3.27,"x":88.8},"duration":8},{"transform":{"y":-2.94,"x":21.6},"duration":0}],"name":"hand_l"},{"frame":[{"curve":[0.25,0,0.75,1],"transform":{"y":-2.74,"x":-13.52},"duration":6},{"tweenEasing":0,"transform":{"y":-127.14,"x":-0.51},"duration":3},{"tweenEasing":0,"transform":{"y":-28.07,"x":15.92},"duration":1},{"curve":[0.25,0,0.75,1],"transform":{"y":-5.46,"x":84.05},"duration":12},{"curve":[0.25,0,0.75,1],"transform":{"y":-5.46,"x":82.03},"duration":8},{"transform":{"y":-2.74,"x":-13.52},"duration":0}],"name":"hand_r"},{"frame":[{"curve":[0.25,0,0.75,1],"transform":{"y":0.98,"x":9.46},"duration":6},{"tweenEasing":0,"transform":{"y":0.43,"x":13.3},"duration":3},{"tweenEasing":0,"transform":{"y":0.77,"x":26.91},"duration":1},{"curve":[0.25,0,0.75,1],"transform":{"y":0.89,"x":26.81},"duration":12},{"curve":[0.25,0,0.75,1],"transform":{"y":0.89,"x":26.87},"duration":8},{"transform":{"y":0.98,"x":9.46},"duration":0}],"name":"leg_l"},{"frame":[{"curve":[0.25,0,0.75,1],"transform":{"y":-0.49,"x":-4.41},"duration":6},{"tweenEasing":0,"transform":{"y":1.54,"x":-33.61},"duration":3},{"tweenEasing":0,"transform":{"y":2.44,"x":-29.91},"duration":1},{"transform":{"y":4.78,"x":-23.67},"duration":12},{"curve":[0.25,0,0.75,1],"transform":{"y":4.78,"x":-23.67},"duration":8},{"transform":{"y":-0.49,"x":-4.41},"duration":0}],"name":"leg_r"},{"frame":[{"transform":{},"duration":30}],"name":"root"},{"frame":[{"transform":{},"duration":30}],"name":"buff_up"},{"frame":[{"transform":{},"duration":30}],"name":"buff_mid"},{"frame":[{"transform":{},"duration":30}],"name":"buff_flo"}],"name":"0002_shifa","duration":30},{"ik":[],"frame":[],"slot":[],"ffd":[],"bone":[{"frame":[{"transform":{},"duration":40}],"name":"Fuji"},{"frame":[{"curve":[0.25,0,0.75,1],"transform":{},"duration":20},{"curve":[0.25,0,0.75,1],"transform":{"y":1.46,"skX":-2,"skY":-2},"duration":20},{"transform":{},"duration":0}],"name":"bip"},{"frame":[{"curve":[0.25,0,0.75,1],"transform":{"skX":-0.05,"skY":-0.05},"duration":20},{"curve":[0.25,0,0.75,1],"transform":{"skX":2.14,"skY":2.14,"scX":0.992},"duration":20},{"transform":{"skX":-0.05,"skY":-0.05},"duration":0}],"name":"Body"},{"frame":[{"curve":[0.25,0,0.75,1],"transform":{"skX":-0.22,"skY":-0.22},"duration":20},{"curve":[0.25,0,0.75,1],"transform":{"skX":-0.75,"skY":-0.75},"duration":20},{"transform":{"skX":-0.22,"skY":-0.22},"duration":0}],"name":"spine"},{"frame":[{"curve":[0.25,0,0.75,1],"transform":{"skX":-2.13,"skY":-2.13},"duration":20},{"curve":[0.25,0,0.75,1],"transform":{"skX":1.88,"skY":1.88},"duration":20},{"transform":{"skX":-2.13,"skY":-2.13},"duration":0}],"name":"waist"},{"frame":[{"curve":[0.25,0,0.75,1],"transform":{"skX":-2.27,"skY":-2.27},"duration":20},{"curve":[0.25,0,0.75,1],"transform":{"skX":-4.3,"skY":-4.3},"duration":20},{"transform":{"skX":-2.27,"skY":-2.27},"duration":0}],"name":"Neck"},{"frame":[{"curve":[0.25,0,0.75,1],"transform":{"skX":-2.31,"skY":-2.31},"duration":20},{"curve":[0.25,0,0.75,1],"transform":{"skX":-5.6,"skY":-5.6},"duration":20},{"transform":{"skX":-2.31,"skY":-2.31},"duration":0}],"name":"neck_01"},{"frame":[{"curve":[0.25,0,0.75,1],"transform":{"skX":-0.91,"skY":-0.91},"duration":20},{"curve":[0.25,0,0.75,1],"transform":{"skX":4.53,"skY":4.53},"duration":20},{"transform":{"skX":-0.91,"skY":-0.91},"duration":0}],"name":"Head"},{"frame":[{"curve":[0.25,0,0.75,1],"transform":{},"duration":20},{"curve":[0.25,0,0.75,1],"transform":{"scY":0.749,"scX":0.749},"duration":20},{"transform":{},"duration":0}],"name":"mouth"},{"frame":[{"curve":[0.25,0,0.75,1],"transform":{"skX":-3.8,"skY":-3.8},"duration":20},{"curve":[0.25,0,0.75,1],"transform":{"skX":3.96,"skY":3.96},"duration":20},{"transform":{"skX":-3.8,"skY":-3.8},"duration":0}],"name":"Ear_R"},{"frame":[{"curve":[0.25,0,0.75,1],"transform":{"skX":-2.53,"skY":-2.53},"duration":20},{"curve":[0.25,0,0.75,1],"transform":{"skX":2.96,"skY":2.96},"duration":20},{"transform":{"skX":-2.53,"skY":-2.53},"duration":0}],"name":"Ear_L"},{"frame":[{"transform":{"y":-2.12,"x":-0.12},"duration":20},{"transform":{"y":-2.12,"x":-0.12},"duration":20},{"transform":{"y":-2.12,"x":-0.12},"duration":0}],"name":"UpArm_R"},{"frame":[{"transform":{},"duration":20},{"transform":{},"duration":20},{"transform":{},"duration":0}],"name":"Arm_R"},{"frame":[{"transform":{},"duration":20},{"transform":{},"duration":20},{"transform":{},"duration":0}],"name":"Hand_R"},{"frame":[{"transform":{},"duration":20},{"transform":{},"duration":20},{"transform":{},"duration":0}],"name":"UpArm_L"},{"frame":[{"transform":{},"duration":20},{"transform":{},"duration":20},{"transform":{},"duration":0}],"name":"Arm_L"},{"frame":[{"transform":{},"duration":20},{"transform":{},"duration":20},{"transform":{},"duration":0}],"name":"Hand_L"},{"frame":[{"transform":{},"duration":20},{"transform":{},"duration":20},{"transform":{},"duration":0}],"name":"Thigh_R"},{"frame":[{"transform":{},"duration":20},{"transform":{},"duration":20},{"transform":{},"duration":0}],"name":"Fibula_R"},{"frame":[{"transform":{},"duration":20},{"transform":{},"duration":20},{"transform":{},"duration":0}],"name":"Leg_R"},{"frame":[{"transform":{},"duration":20},{"transform":{},"duration":20},{"transform":{},"duration":0}],"name":"Foot_R"},{"frame":[{"transform":{"y":1.02,"x":-7.09},"duration":20},{"transform":{"y":1.02,"x":-7.09},"duration":20},{"transform":{"y":1.02,"x":-7.09},"duration":0}],"name":"Thigh_L"},{"frame":[{"transform":{},"duration":20},{"transform":{},"duration":20},{"transform":{},"duration":0}],"name":"Fibula_L"},{"frame":[{"transform":{},"duration":20},{"transform":{},"duration":20},{"transform":{},"duration":0}],"name":"Leg_L"},{"frame":[{"transform":{},"duration":20},{"transform":{},"duration":20},{"transform":{},"duration":0}],"name":"Foot_L"},{"frame":[{"curve":[0.25,0,0.75,1],"transform":{"skX":322.93,"skY":322.93},"duration":20},{"curve":[0.25,0,0.75,1],"transform":{"skX":317.14,"skY":317.14},"duration":20},{"transform":{"skX":322.93,"skY":322.93},"duration":0}],"name":"Tail"},{"frame":[{"curve":[0.25,0,0.75,1],"transform":{"skX":3.29,"skY":3.29},"duration":20},{"curve":[0.25,0,0.75,1],"transform":{"skX":-10.79,"skY":-10.79},"duration":20},{"transform":{"skX":3.29,"skY":3.29},"duration":0}],"name":"Tail_01"},{"frame":[{"curve":[0.25,0,0.75,1],"transform":{"skX":7.85,"skY":7.85},"duration":20},{"curve":[0.25,0,0.75,1],"transform":{"skX":-13.55,"skY":-13.55},"duration":20},{"transform":{"skX":7.85,"skY":7.85},"duration":0}],"name":"Tail_02"},{"frame":[{"transform":{"y":-0.49,"x":-4.41},"duration":20},{"transform":{"y":-0.49,"x":-4.41},"duration":20},{"transform":{"y":-0.49,"x":-4.41},"duration":0}],"name":"leg_r"},{"frame":[{"transform":{"y":-2.74,"x":-13.52},"duration":20},{"transform":{"y":-2.74,"x":-13.52},"duration":20},{"transform":{"y":-2.74,"x":-13.52},"duration":0}],"name":"arm_r"},{"frame":[{"transform":{"y":-1.47,"x":-0.49},"duration":20},{"transform":{"y":-1.47,"x":-0.49},"duration":20},{"transform":{"y":-1.47,"x":-0.49},"duration":0}],"name":"foot_r"},{"frame":[{"transform":{"y":-2.94,"x":21.6},"duration":20},{"transform":{"y":-2.94,"x":21.6},"duration":20},{"transform":{"y":-2.94,"x":21.6},"duration":0}],"name":"hand_l"},{"frame":[{"curve":[0.25,0,0.75,1],"transform":{"y":0.98,"x":9.46},"duration":20},{"curve":[0.25,0,0.75,1],"transform":{"y":0.98,"x":10.03},"duration":20},{"transform":{"y":0.98,"x":9.46},"duration":0}],"name":"leg_l"},{"frame":[{"transform":{"y":-2.94,"x":21.6},"duration":20},{"transform":{"y":-2.94,"x":21.6},"duration":20},{"transform":{"y":-2.94,"x":21.6},"duration":0}],"name":"arm_l"},{"frame":[{"transform":{"y":0.49,"x":13.1},"duration":20},{"transform":{"y":0.49,"x":13.1},"duration":20},{"transform":{"y":0.49,"x":13.1},"duration":0}],"name":"foot_l"},{"frame":[{"transform":{"y":-2.74,"x":-13.52},"duration":20},{"transform":{"y":-2.74,"x":-13.52},"duration":20},{"transform":{"y":-2.74,"x":-13.52},"duration":0}],"name":"hand_r"},{"frame":[{"transform":{},"duration":40}],"name":"root"},{"frame":[{"transform":{},"duration":40}],"name":"buff_up"},{"frame":[{"transform":{},"duration":40}],"name":"buff_mid"},{"frame":[{"transform":{},"duration":40}],"name":"buff_flo"}],"name":"0003_shiluo","duration":40}],"aabb":{"width":269.3412658575758,"y":-197.58239233176707,"height":205.11665233176706,"x":-135.5365309909091},"skin":[{"slot":[{"display":[{"path":"UpArm_L","type":"image","name":"UpArm_L","transform":{"y":-2.24,"skX":-91.29,"skY":-91.29,"x":33.51}}],"name":"UpArm_L"},{"display":[{"path":"buff_up","type":"image","name":"buff_up","transform":{"y":-1.16,"x":1.16}}],"name":"buff_up"},{"display":[{"path":"Foot_L","type":"image","name":"Foot_L","transform":{"y":-2.32,"skX":-84.53,"skY":-84.53,"x":10.65}}],"name":"Foot_L"},{"display":[{"path":"Ear_R","type":"image","name":"Ear_R","transform":{"y":-4.51,"skX":89.16,"skY":89.16,"x":13.44}}],"name":"Ear_R"},{"display":[{"path":"Thigh_R","type":"image","name":"Thigh_R","transform":{"y":0.73,"skX":-103.5,"skY":-103.5,"x":26.43}}],"name":"Thigh_R"},{"display":[{"path":"UpArm_R","type":"image","name":"UpArm_R","transform":{"y":-2.74,"skX":-89.9,"skY":-89.9,"x":33.65}}],"name":"UpArm_R"},{"display":[{"path":"buff_mid","type":"image","name":"buff_mid","transform":{"y":-1.16,"x":1.16}}],"name":"buff_mid"},{"display":[{"vertices":[-106.16,-163.57,-129.71,-156.73,-129.69,-145.39,-116.84,-125.81,-94.14,-121.84,-66.7,-126.71,-55,-127.34,-55.02,-137.66,-63.83,-139.91,-78.92,-159.29,-94.4,-163.59,-87.77,-139.88,-107.16,-147.09],"edges":[1,2,2,3,3,4,4,5,5,6,6,7,7,8,8,9,9,10,10,0,0,1],"path":"Tail","uvs":[0.3114,-0.02,-0.01099,0.14937,-0.01099,0.43208,0.16455,0.92038,0.47521,1.02,0.85081,0.89982,1.01099,0.88439,1.01099,0.6274,0.89035,0.57086,0.68419,0.0877,0.47238,-0.02,0.56269,0.57103,0.29737,0.39039],"bonePose":[17,-0.7713500102630286,-0.22322222485054155,0.22322222485054155,-0.7713500102630286,-61.06815,-132.38258,18,-0.7562367789897351,-0.27002765433049747,0.27002765433049747,-0.7562367789897351,-87.92554052400155,-140.12980514673944,27,-0.78143038148119,-0.18486632710735015,0.18486632710735015,-0.78143038148119,-107.04320629686204,-146.95610424821442,13,0.803,0,0,0.803,-48.18,-124.465],"triangles":[7,8,6,8,5,6,11,5,8,9,11,8,11,4,5,10,11,9,12,4,11,10,12,11,0,12,10,12,3,4,2,3,12,1,12,0,1,2,12],"type":"mesh","transform":{},"slotPose":[1,0,0,1,0,0],"userEdges":[],"width":91,"height":50,"name":"Tail","weights":[3,17,0.00073,18,0.42301,27,0.57625,1,27,1,2,18,0.00643,27,0.99356,3,17,0.00165,18,0.50116,27,0.49717,3,17,0.37145,18,0.60179,27,0.02675,1,17,1,2,17,0.75,13,0.25,2,17,0.75,13,0.25,1,17,1,2,17,0.49018,18,0.5098,3,17,0.06676,18,0.7959,27,0.13733,2,17,0.5,18,0.5,2,18,0.5,27,0.5]}],"name":"Tail"},{"display":[{"path":"Hand_R","type":"image","name":"Hand_R","transform":{"y":-3.3,"skX":-77.66,"skY":-77.66,"x":6.93}}],"name":"Hand_R"},{"display":[{"path":"buff_flo","type":"image","name":"buff_flo","transform":{"y":-0.58,"x":0.58}}],"name":"buff_flo"},{"display":[{"vertices":[-57.04,-146.51,-64.73,-134.71,-64.67,-115.53,-48.38,-95.26,-13.74,-76.81,36.27,-76.98,62.28,-88.04,62.17,-122.87,47.43,-146.86,33.59,-146.83,18.64,-143.03,-19.3,-140.9,-32.05,-146.6,-20.1,-111.27,28.57,-109.92],"edges":[1,2,2,3,3,4,4,5,5,6,6,7,7,8,8,9,9,10,10,11,11,12,12,0,0,1],"path":"Body","uvs":[0.05529,-0.01176,-0.00641,0.16076,-0.00641,0.44203,0.12301,0.73965,0.39922,1.01176,0.79841,1.01176,1.00641,0.85086,1.00641,0.34064,0.88929,-0.01176,0.7788,-0.01176,0.65941,0.04301,0.35645,0.07245,0.25488,-0.01176,0.34928,0.50642,0.7378,0.52868],"bonePose":[16,0.6243127191378087,0.5050174538793245,-0.5050174538793245,0.6243127191378087,-51.96213,-132.83226,19,0.8029450984075841,-0.009389831906652655,0.009389831906652655,0.8029450984075841,-21.91801491677316,-108.23985854357606,22,0.6026171547858284,-0.5307179710145804,0.5307179710145804,0.6026171547858284,29.994357559977555,-108.67829270567556,31,0.5681039703621051,-0.5675093645560507,0.5675093645560507,0.5681039703621051,48.678187768476064,-126.87704964768945],"triangles":[14,5,6,14,6,7,8,14,7,10,14,9,9,14,8,14,4,5,10,13,14,13,4,14,11,13,10,12,13,11,13,3,4,1,2,12,12,2,13,2,3,13,0,1,12],"type":"mesh","transform":{},"slotPose":[1,0,0,1,0,0],"userEdges":[],"width":156,"height":85,"name":"Body","weights":[1,16,1,1,16,1,1,16,1,2,16,0.92433,19,0.07566,2,16,0.06894,19,0.93104,2,19,0.6307,22,0.36929,1,22,1,2,22,0.64999,31,0.35,2,22,0.64999,31,0.35,1,22,1,2,19,0.45952,22,0.54047,2,16,0.72555,19,0.27444,1,16,1,2,16,0.62357,19,0.37641,2,19,0.5,22,0.5]}],"name":"Body"},{"display":[{"vertices":[83.4,-180.97,75.06,-170.75,75.11,-146.32,79.73,-134.27,98.67,-130.04,102.26,-127.39,104.19,-125.36,104.69,-122.2,110.01,-121.8,119.02,-128.41,124.11,-136.66,124.1,-141.91,122.02,-144.82,118.18,-144.44,116.01,-146.04,113.96,-149.19,110.22,-164.21,96.75,-181.18,114.02,-133.11,111.02,-136.04,107.35,-139.63,98.54,-149.83],"edges":[1,2,2,3,3,4,4,5,5,6,6,7,7,8,8,9,9,10,10,11,11,12,12,13,13,14,14,15,15,16,16,17,17,0,0,1],"path":"Head","uvs":[0.15972,-0.01091,-0.01695,0.16565,-0.01695,0.58833,0.0799,0.79699,0.47949,0.87082,0.55522,0.91684,0.59571,0.95214,0.60615,1.00672,0.71845,1.01389,0.9091,0.89971,1.01694,0.7574,1.01694,0.66644,0.97309,0.61615,0.89213,0.62256,0.84643,0.59474,0.80334,0.54018,0.72498,0.28015,0.44148,-0.01389,0.80367,0.81824,0.74055,0.76758,0.66326,0.7053,0.47778,0.52848],"bonePose":[36,0.6151336878245395,0.5161584505782911,-0.5161584505782911,0.6151336878245395,81.47541694174656,-159.6411030562997,39,0.6151336878245395,0.5161584505782911,-0.5161584505782911,0.6151336878245395,116.53173708917728,-129.57544767709098],"triangles":[18,9,10,13,18,10,13,10,11,12,13,11,19,18,13,14,19,13,18,8,9,20,19,14,16,21,15,6,8,18,15,20,14,5,6,19,21,20,15,19,6,18,20,5,19,4,5,20,17,21,16,6,7,8,17,1,21,21,4,20,0,1,17,3,4,21,1,2,21,2,3,21],"type":"mesh","transform":{},"slotPose":[1,0,0,1,0,0],"userEdges":[],"width":59,"height":72,"name":"Head","weights":[1,36,1,1,36,1,1,36,1,1,36,1,2,36,0.95,39,0.05,2,36,0.9,39,0.1,2,36,0.6,39,0.4,2,36,0.5,39,0.5,2,36,0.39999,39,0.6,2,36,0.39999,39,0.6,2,36,0.39999,39,0.6,2,36,0.39999,39,0.6,2,36,0.5,39,0.5,2,36,0.6,39,0.4,2,36,0.9,39,0.1,2,36,0.95,39,0.05,1,36,1,1,36,1,2,36,0.6,39,0.4,2,36,0.9,39,0.1,2,36,0.95,39,0.05,1,36,1]}],"name":"Head"},{"display":[{"path":"Hand_L","type":"image","name":"Hand_L","transform":{"y":-2.67,"skX":-74.8,"skY":-74.8,"x":3.07}}],"name":"Hand_L"},{"display":[{"path":"Ear_L","type":"image","name":"Ear_L","transform":{"y":-4.62,"skX":88.28,"skY":88.28,"x":13.51}}],"name":"Ear_L"},{"display":[{"path":"Leg_R","type":"image","name":"Leg_R","transform":{"y":0.28,"skX":-100.82,"skY":-100.82,"x":24.84}}],"name":"Leg_R"},{"display":[{"path":"Fibula_L","type":"image","name":"Fibula_L","transform":{"y":-5.99,"skX":-122.79,"skY":-122.79,"x":23.14}}],"name":"Fibula_L"},{"display":[{"path":"Thigh_L","type":"image","name":"Thigh_L","transform":{"y":1.68,"skX":-101.4,"skY":-101.4,"x":24.34}}],"name":"Thigh_L"},{"display":[{"path":"Leg_L","type":"image","name":"Leg_L","transform":{"y":0.88,"skX":-98.63,"skY":-98.63,"x":21.82}}],"name":"Leg_L"},{"display":[{"path":"Arm_R","type":"image","name":"Arm_R","transform":{"y":-0.51,"skX":-93.71,"skY":-93.71,"x":21.71}}],"name":"Arm_R"},{"display":[{"path":"Arm_L","type":"image","name":"Arm_L","transform":{"y":-0.42,"skX":-91.94,"skY":-91.94,"x":21.6}}],"name":"Arm_L"},{"display":[{"path":"Foot_R","type":"image","name":"Foot_R","transform":{"y":-1.48,"skX":-81.33,"skY":-81.33,"x":15.11}}],"name":"Foot_R"},{"display":[{"vertices":[32.56,-137.24,41.2,-119.86,54.86,-108.92,62.23,-108.95,77.76,-128.72,97.54,-150.46,97.46,-169.43,92.96,-179.72,81.58,-179.68,68.2,-173.77,53.74,-161.87,32.52,-146.38,62.97,-142.94,79.72,-157.44],"edges":[0,1,1,2,2,3,3,4,4,5,5,6,6,7,7,8,8,9,9,10,10,11,11,0],"path":"Neck","uvs":[-0.01266,0.60007,0.12238,0.85221,0.33703,1.01163,0.45315,1.01163,0.69949,0.72614,1.01266,0.41258,1.01266,0.13782,0.94229,-0.01163,0.76283,-0.01163,0.55169,0.07317,0.32296,0.24449,-0.01266,0.46754,0.46725,0.51931,0.73229,0.31029],"bonePose":[31,0.5681039703621051,-0.5675093645560507,0.5675093645560507,0.5681039703621051,48.678187768476064,-126.87704964768945,22,0.6026171547858284,-0.5307179710145804,0.5307179710145804,0.6026171547858284,29.994357559977555,-108.67829270567556,33,0.6315627585098238,-0.4959208425378612,0.4959208425378612,0.6315627585098238,63.71021882425737,-141.89334743384256],"triangles":[7,8,6,8,13,6,6,13,5,13,4,5,12,4,13,9,13,8,9,10,13,10,12,13,12,3,4,2,3,12,1,2,12,0,1,12,10,11,12,11,0,12],"type":"mesh","transform":{},"slotPose":[1,0,0,1,0,0],"userEdges":[],"width":79,"height":86,"name":"Neck","weights":[2,31,0.7,22,0.3,2,31,0.7,22,0.3,2,31,0.7,22,0.3,1,31,1,2,31,0.46532,33,0.53467,1,33,1,1,33,1,1,33,1,1,33,1,1,33,1,2,31,0.31883,33,0.68116,1,31,1,2,31,0.5,33,0.5,1,33,1]}],"name":"Neck"},{"display":[{"path":"Fibula_R","type":"image","name":"Fibula_R","transform":{"y":-7.29,"skX":-121.35,"skY":-121.35,"x":20.63}}],"name":"Fibula_R"}],"name":""}],"slot":[{"name":"Foot_L","parent":"Foot_L","color":{}},{"z":1,"name":"Leg_L","parent":"Leg_L","color":{}},{"z":2,"name":"Fibula_L","parent":"Fibula_L","color":{}},{"z":3,"name":"Thigh_L","parent":"Thigh_L","color":{}},{"z":4,"name":"Hand_L","parent":"Hand_L","color":{}},{"z":5,"name":"Arm_L","parent":"Arm_L","color":{}},{"z":6,"name":"UpArm_L","parent":"UpArm_L","color":{}},{"z":7,"name":"Body","parent":"Body","color":{}},{"z":8,"name":"Neck","parent":"Neck","color":{}},{"z":9,"name":"Hand_R","parent":"Hand_R","color":{}},{"z":10,"name":"Arm_R","parent":"Arm_R","color":{}},{"z":11,"name":"UpArm_R","parent":"UpArm_R","color":{}},{"z":12,"name":"Tail","parent":"Tail","color":{}},{"z":13,"name":"Foot_R","parent":"Foot_R","color":{}},{"z":14,"name":"Leg_R","parent":"Leg_R","color":{}},{"z":15,"name":"Fibula_R","parent":"Fibula_R","color":{}},{"z":16,"name":"Thigh_R","parent":"Thigh_R","color":{}},{"z":17,"name":"Ear_L","parent":"Ear_L","color":{}},{"z":18,"name":"Head","parent":"Head","color":{}},{"z":19,"name":"Ear_R","parent":"Ear_R","color":{}},{"z":20,"name":"buff_flo","parent":"buff_flo","color":{"aM":0}},{"z":21,"name":"buff_mid","parent":"buff_mid","color":{"aM":0}},{"z":22,"name":"buff_up","parent":"buff_up","color":{"aM":0}}],"frameRate":30,"name":"armatureName"}],"name":"cw_003_paopaoma_zj","version":"4.0"}