{"frameRate":30,"isGlobal":0,"armature":[{"bone":[{"name":"root","transform":{"scY":0.827,"scX":0.827}},{"transform":{},"name":"Fuji","parent":"root"},{"transform":{"y":-5.18,"x":61.4},"name":"foot_l","parent":"root"},{"transform":{"y":3.97,"x":-46.65},"name":"foot_r2","parent":"root"},{"transform":{"y":-324.27},"name":"buff_up","parent":"Fuji"},{"transform":{"y":-165.22},"name":"buff_mid","parent":"Fuji"},{"transform":{},"name":"buff_flo","parent":"Fuji"},{"transform":{"y":-123,"x":10},"name":"bip","parent":"Fuji"},{"transform":{"y":-3,"x":20.62},"name":"foot_r","parent":"foot_r2"},{"transform":{"y":-47.61,"x":-34.95},"name":"leg_l","parent":"foot_l"},{"length":23,"transform":{"y":-0.13,"skX":84.74,"skY":84.74,"x":2.71},"parent":"bip","name":"Dress"},{"length":66,"transform":{"y":3.59,"skX":48.32,"skY":48.32,"x":10.4},"parent":"bip","name":"Thigh_L"},{"length":33,"transform":{"y":-9.16,"skX":-74.45,"skY":-74.45,"x":-4.32},"parent":"bip","name":"Body"},{"transform":{"y":-51.09,"x":-26.24},"name":"leg_r","parent":"foot_r"},{"length":40,"transform":{"y":-1.34,"skX":93.69,"skY":93.69,"x":-0.02},"parent":"bip","name":"Kua"},{"length":66,"transform":{"y":-2.33,"skX":82.28,"skY":82.28,"x":-22.97},"parent":"bip","name":"Thigh_R"},{"length":20,"transform":{"skX":-1.5,"skY":-1.5,"x":23.74},"parent":"Dress","name":"Dress2"},{"length":41,"transform":{"y":0.31,"skX":108.44,"skY":108.44,"x":66.99},"parent":"Thigh_L","name":"Leg_L"},{"length":41,"transform":{"y":-0.02,"skX":-4.84,"skY":-4.84,"x":33.53},"parent":"Body","name":"spine"},{"length":48,"transform":{"y":0.55,"skX":87.33,"skY":87.33,"x":66.98},"parent":"Thigh_R","name":"Leg_R"},{"length":33,"transform":{"y":0.11,"skX":-94.83,"skY":-94.83,"x":48.87},"parent":"Leg_R","name":"Foot_R"},{"length":61,"transform":{"y":18.66,"skX":165.7,"skY":165.7,"x":38.96},"parent":"spine","name":"UpArm_L"},{"length":35,"transform":{"y":0.12,"skX":-64.46,"skY":-64.46,"x":48.61},"parent":"Leg_R","name":"Foot_R2"},{"length":17,"transform":{"skX":-6.47,"skY":-6.47,"x":20.02},"parent":"Dress2","name":"Dress3"},{"length":36,"transform":{"y":-0.46,"skX":-92.59,"skY":-92.59,"x":43.22},"parent":"Leg_L","name":"Foot_L"},{"length":66,"transform":{"y":-33.96,"skX":-149.04,"skY":-149.04,"x":41.42},"parent":"spine","name":"UpArm_R"},{"length":38,"transform":{"skX":38.25,"skY":38.25,"x":41.35},"parent":"spine","name":"neck"},{"length":24,"transform":{"y":0.1,"skX":-30.21,"skY":-30.21,"x":35.08},"parent":"Foot_R","name":"Finger_R"},{"length":66,"transform":{"y":-5.03,"skX":107.29,"skY":107.29,"x":33.68},"parent":"neck","name":"Head"},{"length":47,"transform":{"y":0.29,"skX":-57.79,"skY":-57.79,"x":66.04},"parent":"UpArm_R","name":"Arm_R"},{"length":24,"transform":{"y":0.09,"skX":-31.41,"skY":-31.41,"x":37.02},"parent":"Foot_L","name":"Finger_L"},{"length":46,"transform":{"y":2.21,"skX":-56.74,"skY":-56.74,"x":61.74},"parent":"UpArm_L","name":"Arm_L"},{"length":24,"transform":{"y":-0.44,"skX":-51.14,"skY":-51.14,"x":35.59},"parent":"Foot_R2","name":"Finger_R2"},{"length":25,"transform":{"y":-5.15,"skX":177.78,"skY":177.78,"x":-3.14},"parent":"Head","name":"Ear_R"},{"length":38,"transform":{"y":-0.64,"skX":-21.01,"skY":-21.01,"x":47},"parent":"Arm_L","name":"Hand_L"},{"length":30,"transform":{"y":-16.79,"skX":-130.76,"skY":-130.76,"x":8.61},"parent":"Head","name":"Ear_L"},{"length":33,"transform":{"y":1.2,"skX":-3.79,"skY":-3.79,"x":46.37},"parent":"Arm_R","name":"Hand_R"},{"length":28,"transform":{"y":0.16,"skX":9.28,"skY":9.28,"x":26.07},"parent":"Ear_R","name":"Ear_R2"},{"length":24,"transform":{"y":0.07,"skX":-0.76,"skY":-0.76,"x":30.32},"parent":"Ear_L","name":"Ear_L2"},{"length":47,"transform":{"skX":-20.82,"skY":-20.82,"x":28.07},"parent":"Ear_R2","name":"Ear_R3"},{"length":45,"transform":{"skX":-15.79,"skY":-15.79,"x":24.71},"parent":"Ear_L2","name":"Ear_L3"}],"type":"Armature","frameRate":30,"animation":[{"bone":[{"frame":[{"curve":[0.25,0,0.75,1],"transform":{},"duration":20},{"curve":[0.25,0,0.75,1],"transform":{"y":-4.45,"skX":0.61,"skY":0.61,"x":-1.85},"duration":20},{"transform":{},"duration":0}],"name":"bip"},{"frame":[{"curve":[0.25,0,0.75,1],"transform":{"skX":1.31,"skY":1.31},"duration":20},{"curve":[0.25,0,0.75,1],"transform":{"scY":1.007,"y":-2.51,"skX":-3.55,"skY":-3.55,"scX":1.007,"x":0.97},"duration":20},{"transform":{"skX":1.31,"skY":1.31},"duration":0}],"name":"Body"},{"frame":[{"curve":[0.359,0.64,0.695,1],"transform":{"skX":1.86,"skY":1.86},"duration":2},{"curve":[0.25,0,0.75,1],"transform":{"skX":1.71,"skY":1.71},"duration":20},{"curve":[0.245,0,0.71,0.83],"transform":{"scY":1.018,"skX":6.52,"skY":6.52,"scX":1.018},"duration":18},{"transform":{"skX":1.86,"skY":1.86},"duration":0}],"name":"spine"},{"frame":[{"curve":[0.374,0.61,0.715,1],"transform":{"skX":1.6,"skY":1.6},"duration":4},{"curve":[0.25,0,0.75,1],"transform":{"skX":1.6,"skY":1.6},"duration":20},{"curve":[0.242,0,0.679,0.71],"transform":{"skX":1.64,"skY":1.64},"duration":16},{"transform":{"skX":1.6,"skY":1.6},"duration":0}],"name":"neck"},{"frame":[{"curve":[0.381,0.58,0.731,1],"transform":{"y":-0.17,"skX":0.16,"skY":0.16,"x":0.1},"duration":6},{"curve":[0.25,0,0.75,1],"transform":{"skX":0.15,"skY":0.15},"duration":20},{"curve":[0.242,0,0.655,0.62],"transform":{"y":-0.74,"skX":0.18,"skY":0.18,"x":0.41},"duration":14},{"transform":{"y":-0.17,"skX":0.16,"skY":0.16,"x":0.1},"duration":0}],"name":"Head"},{"frame":[{"curve":[0.381,0.58,0.731,1],"transform":{"skX":0.59,"skY":0.59},"duration":6},{"curve":[0.25,0,0.75,1],"transform":{},"duration":20},{"curve":[0.242,0,0.655,0.62],"transform":{"skX":2.45,"skY":2.45},"duration":14},{"transform":{"skX":0.59,"skY":0.59},"duration":0}],"name":"Ear_R"},{"frame":[{"curve":[0.382,0.56,0.737,1],"transform":{"skX":-0.47,"skY":-0.47},"duration":7},{"curve":[0.25,0,0.75,1],"transform":{},"duration":20},{"curve":[0.243,0,0.645,0.58],"transform":{"skX":-1.56,"skY":-1.56},"duration":13},{"transform":{"skX":-0.47,"skY":-0.47},"duration":0}],"name":"Ear_L"},{"frame":[{"curve":[0.378,0.52,0.746,1],"transform":{"skX":-2.33,"skY":-2.33},"duration":9},{"curve":[0.25,0,0.75,1],"transform":{},"duration":20},{"curve":[0.247,0,0.63,0.52],"transform":{"skX":-8.41,"skY":-8.41},"duration":11},{"transform":{"skX":-2.33,"skY":-2.33},"duration":0}],"name":"Ear_L2"},{"frame":[{"curve":[0.369,0.47,0.752,1],"transform":{"skX":-5.53,"skY":-5.53},"duration":11},{"curve":[0.25,0,0.75,1],"transform":{},"duration":20},{"curve":[0.253,0,0.621,0.47],"transform":{"skX":-9.77,"skY":-9.77},"duration":9},{"transform":{"skX":-5.53,"skY":-5.53},"duration":0}],"name":"Ear_L3"},{"frame":[{"curve":[0.381,0.54,0.742,1],"transform":{"skX":1.6,"skY":1.6},"duration":8},{"curve":[0.25,0,0.75,1],"transform":{},"duration":20},{"curve":[0.245,0,0.637,0.55],"transform":{"skX":4.35,"skY":4.35},"duration":12},{"transform":{"skX":1.6,"skY":1.6},"duration":0}],"name":"Ear_R2"},{"frame":[{"curve":[0.375,0.5,0.75,1],"transform":{"skX":3.86,"skY":3.86},"duration":10},{"curve":[0.25,0,0.75,1],"transform":{},"duration":20},{"curve":[0.25,0,0.625,0.5],"transform":{"skX":7.72,"skY":7.72},"duration":10},{"transform":{"skX":3.86,"skY":3.86},"duration":0}],"name":"Ear_R3"},{"frame":[{"curve":[0.368,0.62,0.706,1],"transform":{"skX":-0.99,"skY":-0.99},"duration":3},{"curve":[0.25,0,0.75,1],"transform":{"skX":-1.7,"skY":-1.7},"duration":20},{"curve":[0.243,0,0.694,0.76],"transform":{"skX":6.76,"skY":6.76},"duration":17},{"transform":{"skX":-0.99,"skY":-0.99},"duration":0}],"name":"UpArm_R"},{"frame":[{"curve":[0.379,0.6,0.724,1],"transform":{"skX":0.18,"skY":0.18},"duration":5},{"curve":[0.25,0,0.75,1],"transform":{"skX":-1.43,"skY":-1.43},"duration":20},{"curve":[0.242,0,0.666,0.66],"transform":{"skX":7.35,"skY":7.35},"duration":15},{"transform":{"skX":0.18,"skY":0.18},"duration":0}],"name":"Arm_R"},{"frame":[{"curve":[0.382,0.56,0.737,1],"transform":{"skX":1.11,"skY":1.11},"duration":7},{"curve":[0.25,0,0.75,1],"transform":{"skX":-1.42,"skY":-1.42},"duration":20},{"curve":[0.243,0,0.645,0.58],"transform":{"skX":6.91,"skY":6.91},"duration":13},{"transform":{"skX":1.11,"skY":1.11},"duration":0}],"name":"Hand_R"},{"frame":[{"curve":[0.374,0.61,0.715,1],"transform":{"skX":0.02,"skY":0.02},"duration":4},{"curve":[0.25,0,0.75,1],"transform":{"skX":0.97,"skY":0.97},"duration":20},{"curve":[0.242,0,0.679,0.71],"transform":{"skX":-6.37,"skY":-6.37},"duration":16},{"transform":{"skX":0.02,"skY":0.02},"duration":0}],"name":"UpArm_L"},{"frame":[{"curve":[0.381,0.58,0.731,1],"transform":{"skX":0.21,"skY":0.21},"duration":6},{"curve":[0.25,0,0.75,1],"transform":{"skX":2.21,"skY":2.21},"duration":20},{"curve":[0.242,0,0.655,0.62],"transform":{"skX":-6.02,"skY":-6.02},"duration":14},{"transform":{"skX":0.21,"skY":0.21},"duration":0}],"name":"Arm_L"},{"frame":[{"curve":[0.381,0.54,0.742,1],"transform":{"skX":1.24,"skY":1.24},"duration":8},{"curve":[0.25,0,0.75,1],"transform":{"skX":5.03,"skY":5.03},"duration":20},{"curve":[0.245,0,0.637,0.55],"transform":{"skX":-5.26,"skY":-5.26},"duration":12},{"transform":{"skX":1.24,"skY":1.24},"duration":0}],"name":"Hand_L"},{"frame":[{"curve":[0.359,0.64,0.695,1],"transform":{"skX":-3.14,"skY":-3.14},"duration":2},{"curve":[0.25,0,0.75,1],"transform":{"skX":-2.82,"skY":-2.82},"duration":20},{"curve":[0.245,0,0.71,0.83],"transform":{"skX":-10.44,"skY":-10.44},"duration":18},{"transform":{"skX":-3.14,"skY":-3.14},"duration":0}],"name":"Dress"},{"frame":[{"curve":[0.374,0.61,0.715,1],"transform":{"skX":1.17,"skY":1.17},"duration":4},{"curve":[0.25,0,0.75,1],"transform":{"skX":2.53,"skY":2.53},"duration":20},{"curve":[0.242,0,0.679,0.71],"transform":{"skX":-7.91,"skY":-7.91},"duration":16},{"transform":{"skX":1.17,"skY":1.17},"duration":0}],"name":"Dress2"},{"frame":[{"curve":[0.381,0.58,0.731,1],"transform":{"skX":3.68,"skY":3.68},"duration":6},{"curve":[0.25,0,0.75,1],"transform":{"skX":9.63,"skY":9.63},"duration":20},{"curve":[0.242,0,0.655,0.62],"transform":{"skX":-14.93,"skY":-14.93},"duration":14},{"transform":{"skX":3.68,"skY":3.68},"duration":0}],"name":"Dress3"},{"frame":[{"transform":{},"duration":40},{"transform":{},"duration":0}],"name":"foot_r2"},{"frame":[{"transform":{},"duration":40},{"transform":{},"duration":0}],"name":"foot_r"},{"frame":[{"transform":{},"duration":40},{"transform":{},"duration":0}],"name":"leg_r"},{"frame":[{"transform":{},"duration":40},{"transform":{},"duration":0}],"name":"Thigh_R"},{"frame":[{"transform":{},"duration":40},{"transform":{},"duration":0}],"name":"Leg_R"},{"frame":[{"transform":{},"duration":40},{"transform":{},"duration":0}],"name":"Foot_R"},{"frame":[{"transform":{},"duration":40},{"transform":{},"duration":0}],"name":"Finger_R"},{"frame":[{"transform":{},"duration":40},{"transform":{},"duration":0}],"name":"foot_l"},{"frame":[{"transform":{},"duration":40},{"transform":{},"duration":0}],"name":"leg_l"},{"frame":[{"transform":{},"duration":40},{"transform":{},"duration":0}],"name":"Thigh_L"},{"frame":[{"transform":{},"duration":40},{"transform":{},"duration":0}],"name":"Leg_L"},{"frame":[{"transform":{},"duration":40},{"transform":{},"duration":0}],"name":"Foot_L"},{"frame":[{"transform":{},"duration":40},{"transform":{},"duration":0}],"name":"Finger_L"},{"frame":[{"transform":{},"duration":40},{"transform":{},"duration":0}],"name":"Foot_R2"},{"frame":[{"transform":{},"duration":40},{"transform":{},"duration":0}],"name":"Finger_R2"},{"frame":[{"transform":{},"duration":40}],"name":"root"},{"frame":[{"transform":{},"duration":40}],"name":"Fuji"},{"frame":[{"transform":{},"duration":40}],"name":"buff_up"},{"frame":[{"transform":{},"duration":40}],"name":"buff_mid"},{"frame":[{"transform":{},"duration":40}],"name":"buff_flo"},{"frame":[{"transform":{},"duration":40}],"name":"Kua"}],"slot":[{"frame":[{"displayIndex":-1,"tweenEasing":0,"duration":40},{"displayIndex":-1,"tweenEasing":null,"duration":0}],"name":"Eye"},{"frame":[{"displayIndex":1,"tweenEasing":0,"duration":40},{"displayIndex":1,"tweenEasing":null,"duration":0}],"name":"Foot_R"}],"ffd":[],"frame":[],"name":"0000_daiji","duration":40,"ik":[]},{"bone":[{"frame":[{"curve":[0.25,0,0.75,1],"transform":{"y":-13.31,"skX":6.99,"skY":6.99},"duration":3},{"curve":[0.25,0,0.75,1],"transform":{"y":-5,"skX":6.99,"skY":6.99},"duration":6},{"curve":[0.25,0,0.625,0.5],"transform":{"y":-26.63,"skX":6.99,"skY":6.99},"duration":3},{"curve":[0.25,0,0.75,1],"transform":{"y":-13.31,"skX":6.99,"skY":6.99},"duration":3},{"curve":[0.25,0,0.75,1],"transform":{"y":-5,"skX":6.99,"skY":6.99},"duration":6},{"curve":[0.25,0,0.625,0.5],"transform":{"y":-26.63,"skX":6.99,"skY":6.99},"duration":3},{"transform":{"y":-13.31,"skX":6.99,"skY":6.99},"duration":0}],"name":"bip"},{"frame":[{"curve":[0.375,0.5,0.75,1],"transform":{"skX":-1.64,"skY":-1.64},"duration":3},{"curve":[0.25,0,0.75,1],"transform":{"skX":-0.9,"skY":-0.9},"duration":6},{"curve":[0.25,0,0.75,1],"transform":{"skX":-2.38,"skY":-2.38},"duration":3},{"transform":{"skX":-2.38,"skY":-2.38},"duration":3},{"curve":[0.25,0,0.75,1],"transform":{"skX":-0.9,"skY":-0.9},"duration":6},{"curve":[0.25,0,0.625,0.5],"transform":{"skX":-2.38,"skY":-2.38},"duration":3},{"transform":{"skX":-1.64,"skY":-1.64},"duration":0}],"name":"Body"},{"frame":[{"curve":[0.351,0.4,0.756,1],"transform":{"skX":3.89,"skY":3.89},"duration":4},{"curve":[0.25,0,0.75,1],"transform":{"skX":6.28,"skY":6.28},"duration":6},{"curve":[0.25,0,0.75,1],"transform":{"skX":2.94,"skY":2.94},"duration":2},{"transform":{"skX":2.94,"skY":2.94},"duration":4},{"curve":[0.25,0,0.75,1],"transform":{"skX":6.28,"skY":6.28},"duration":6},{"curve":[0.264,0,0.617,0.42],"transform":{"skX":2.94,"skY":2.94},"duration":2},{"transform":{"skX":3.89,"skY":3.89},"duration":0}],"name":"spine"},{"frame":[{"curve":[0.31,0.25,0.756,1],"transform":{"skX":4.14,"skY":4.14},"duration":5},{"curve":[0.25,0,0.75,1],"transform":{"skX":5.93,"skY":5.93},"duration":6},{"curve":[0.25,0,0.75,1],"transform":{"skX":3.95,"skY":3.95},"duration":1},{"transform":{"skX":3.95,"skY":3.95},"duration":5},{"curve":[0.25,0,0.75,1],"transform":{"skX":5.93,"skY":5.93},"duration":6},{"curve":[0.29,0,0.629,0.37],"transform":{"skX":3.95,"skY":3.95},"duration":1},{"transform":{"skX":4.14,"skY":4.14},"duration":0}],"name":"neck"},{"frame":[{"curve":[0.25,0,0.75,1],"transform":{"skX":-9.18,"skY":-9.18},"duration":6},{"curve":[0.25,0,0.75,1],"transform":{"skX":-7.69,"skY":-7.69},"duration":6},{"curve":[0.25,0,0.75,1],"transform":{"skX":-9.18,"skY":-9.18},"duration":6},{"curve":[0.25,0,0.75,1],"transform":{"skX":-7.69,"skY":-7.69},"duration":6},{"transform":{"skX":-9.18,"skY":-9.18},"duration":0}],"name":"Head"},{"frame":[{"curve":[0.25,0,0.75,1],"transform":{},"duration":6},{"curve":[0.25,0,0.75,1],"transform":{"skX":-4.38,"skY":-4.38},"duration":6},{"curve":[0.25,0,0.75,1],"transform":{},"duration":6},{"curve":[0.25,0,0.75,1],"transform":{"skX":-4.38,"skY":-4.38},"duration":6},{"transform":{},"duration":0}],"name":"Ear_R"},{"frame":[{"curve":[0.37,0.62,0.709,1],"transform":{"skX":-0.57,"skY":-0.57},"duration":1},{"curve":[0.25,0,0.75,1],"transform":{},"duration":6},{"curve":[0.25,0,0.75,1],"transform":{"skX":-6,"skY":-6},"duration":6},{"curve":[0.25,0,0.75,1],"transform":{},"duration":6},{"curve":[0.243,0,0.689,0.75],"transform":{"skX":-6,"skY":-6},"duration":5},{"transform":{"skX":-0.57,"skY":-0.57},"duration":0}],"name":"Ear_L"},{"frame":[{"curve":[0.382,0.57,0.735,1],"transform":{"skX":-3.66,"skY":-3.66},"duration":2},{"curve":[0.25,0,0.75,1],"transform":{},"duration":6},{"curve":[0.25,0,0.75,1],"transform":{"skX":-12.92,"skY":-12.92},"duration":6},{"curve":[0.25,0,0.75,1],"transform":{},"duration":6},{"curve":[0.243,0,0.648,0.6],"transform":{"skX":-12.92,"skY":-12.92},"duration":4},{"transform":{"skX":-3.66,"skY":-3.66},"duration":0}],"name":"Ear_L2"},{"frame":[{"curve":[0.375,0.5,0.75,1],"transform":{"skX":-8.33,"skY":-8.33},"duration":3},{"curve":[0.25,0,0.75,1],"transform":{},"duration":6},{"curve":[0.25,0,0.75,1],"transform":{"skX":-16.66,"skY":-16.66},"duration":6},{"curve":[0.25,0,0.75,1],"transform":{},"duration":6},{"curve":[0.25,0,0.625,0.5],"transform":{"skX":-16.66,"skY":-16.66},"duration":3},{"transform":{"skX":-8.33,"skY":-8.33},"duration":0}],"name":"Ear_L3"},{"frame":[{"curve":[0.37,0.62,0.709,1],"transform":{"skX":-1.29,"skY":-1.29},"duration":1},{"curve":[0.25,0,0.75,1],"transform":{},"duration":6},{"curve":[0.25,0,0.75,1],"transform":{"skX":-13.42,"skY":-13.42},"duration":6},{"curve":[0.25,0,0.75,1],"transform":{},"duration":6},{"curve":[0.243,0,0.689,0.75],"transform":{"skX":-13.42,"skY":-13.42},"duration":5},{"transform":{"skX":-1.29,"skY":-1.29},"duration":0}],"name":"Ear_R2"},{"frame":[{"curve":[0.382,0.57,0.735,1],"transform":{"skX":-4.31,"skY":-4.31},"duration":2},{"curve":[0.25,0,0.75,1],"transform":{},"duration":6},{"curve":[0.25,0,0.75,1],"transform":{"skX":-15.22,"skY":-15.22},"duration":6},{"curve":[0.25,0,0.75,1],"transform":{},"duration":6},{"curve":[0.243,0,0.648,0.6],"transform":{"skX":-15.22,"skY":-15.22},"duration":4},{"transform":{"skX":-4.31,"skY":-4.31},"duration":0}],"name":"Ear_R3"},{"frame":[{"curve":[0.25,0,0.75,1],"transform":{"y":1.21,"skX":-72.21,"skY":-72.21,"x":1.6},"duration":12},{"curve":[0.25,0,0.75,1],"transform":{"skX":15.82,"skY":15.82},"duration":12},{"transform":{"y":1.21,"skX":-72.21,"skY":-72.21,"x":1.6},"duration":0}],"name":"UpArm_R"},{"frame":[{"curve":[0.356,0.64,0.69,1],"transform":{"skX":-4.32,"skY":-4.32},"duration":1},{"curve":[0.25,0,0.75,1],"transform":{"skX":-5.04,"skY":-5.04},"duration":11},{"transform":{"skX":-5.04,"skY":-5.04},"duration":1},{"curve":[0.245,0,0.716,0.85],"transform":{"skX":19.63,"skY":19.63},"duration":11},{"transform":{"skX":-4.32,"skY":-4.32},"duration":0}],"name":"Arm_R"},{"frame":[{"curve":[0.37,0.62,0.709,1],"transform":{"skX":-2.44,"skY":-2.44},"duration":2},{"curve":[0.25,0,0.75,1],"transform":{"skX":-3.23,"skY":-3.23},"duration":10},{"transform":{"skX":-3.23,"skY":-3.23},"duration":2},{"curve":[0.243,0,0.689,0.75],"transform":{"skX":4.95,"skY":4.95},"duration":10},{"transform":{"skX":-2.44,"skY":-2.44},"duration":0}],"name":"Hand_R"},{"frame":[{"curve":[0.356,0.64,0.69,1],"transform":{"y":-9.14,"skX":56.56,"skY":56.56,"x":-2.55},"duration":1},{"curve":[0.25,0,0.75,1],"transform":{"y":-9.41,"skX":59.13,"skY":59.13,"x":-2.63},"duration":12},{"curve":[0.245,0,0.716,0.85],"transform":{"skX":-29.46,"skY":-29.46},"duration":11},{"transform":{"y":-9.14,"skX":56.56,"skY":56.56,"x":-2.55},"duration":0}],"name":"UpArm_L"},{"frame":[{"curve":[0.37,0.62,0.709,1],"transform":{"skX":32.03,"skY":32.03},"duration":2},{"curve":[0.25,0,0.75,1],"transform":{"skX":34.73,"skY":34.73},"duration":12},{"curve":[0.243,0,0.689,0.75],"transform":{"skX":6.74,"skY":6.74},"duration":10},{"transform":{"skX":32.03,"skY":32.03},"duration":0}],"name":"Arm_L"},{"frame":[{"curve":[0.379,0.6,0.724,1],"transform":{"skX":15.78,"skY":15.78},"duration":3},{"curve":[0.25,0,0.75,1],"transform":{"skX":18.93,"skY":18.93},"duration":12},{"curve":[0.242,0,0.666,0.66],"transform":{"skX":1.83,"skY":1.83},"duration":9},{"transform":{"skX":15.78,"skY":15.78},"duration":0}],"name":"Hand_L"},{"frame":[{"curve":[0.25,0,0.75,1],"transform":{"skX":4.89,"skY":4.89},"duration":12},{"curve":[0.25,0,0.75,1],"transform":{"skX":-30.7,"skY":-30.7},"duration":12},{"transform":{"skX":4.89,"skY":4.89},"duration":0}],"name":"Dress"},{"frame":[{"curve":[0.379,0.6,0.724,1],"transform":{"skX":4.32,"skY":4.32},"duration":3},{"curve":[0.25,0,0.75,1],"transform":{"skX":10.21,"skY":10.21},"duration":12},{"curve":[0.242,0,0.666,0.66],"transform":{"skX":-21.7,"skY":-21.7},"duration":9},{"transform":{"skX":4.32,"skY":4.32},"duration":0}],"name":"Dress2"},{"frame":[{"curve":[0.375,0.5,0.75,1],"transform":{"skX":-1.37,"skY":-1.37},"duration":6},{"curve":[0.25,0,0.75,1],"transform":{"skX":14.29,"skY":14.29},"duration":12},{"curve":[0.25,0,0.625,0.5],"transform":{"skX":-17.05,"skY":-17.05},"duration":6},{"transform":{"skX":-1.37,"skY":-1.37},"duration":0}],"name":"Dress3"},{"frame":[{"transform":{},"duration":24},{"transform":{},"duration":0}],"name":"foot_r2"},{"frame":[{"transform":{"y":-35.91,"x":-94.47},"duration":24},{"transform":{"y":-35.91,"x":-94.47},"duration":0}],"name":"foot_r"},{"frame":[{"transform":{"y":-24,"x":-23.55},"duration":24},{"transform":{"y":-24,"x":-23.55},"duration":0}],"name":"leg_r"},{"frame":[{"curve":[0.25,0,0.75,1],"transform":{"skX":38.2,"skY":38.2,"x":7.57},"duration":3},{"curve":[0.25,0,0.75,1],"transform":{"skX":19.33,"skY":19.33,"x":7.57},"duration":3},{"curve":[0.25,0,0.75,1],"transform":{"skX":-22.95,"skY":-22.95,"x":7.57},"duration":3},{"curve":[0.25,0,0.75,1],"transform":{"y":4.27,"skX":-55.73,"skY":-55.73,"x":6.54},"duration":3},{"curve":[0.25,0,0.75,1],"transform":{"y":2.5,"skX":-46.54,"skY":-46.54,"x":5.61},"duration":3},{"curve":[0.25,0,0.75,1],"transform":{"scY":1.015,"y":2.5,"skX":-32.21,"skY":-32.21,"scX":0.84,"x":5.61},"duration":3},{"curve":[0.25,0,0.75,1],"transform":{"y":5.89,"skX":30.44,"skY":30.44,"x":3.44},"duration":6},{"transform":{"skX":38.2,"skY":38.2,"x":7.57},"duration":0}],"name":"Thigh_R"},{"frame":[{"curve":[0.25,0,0.75,1],"transform":{"skX":0.59,"skY":0.59},"duration":3},{"curve":[0.25,0,0.75,1],"transform":{"skX":6.48,"skY":6.48},"duration":3},{"curve":[0.25,0,0.75,1],"transform":{"skX":12.28,"skY":12.28},"duration":3},{"curve":[0.25,0,0.75,1],"transform":{"skX":-34.78,"skY":-34.78},"duration":3},{"curve":[0.25,0,0.75,1],"transform":{"skX":-44.65,"skY":-44.65},"duration":1},{"curve":[0.25,0,0.75,1],"transform":{"skX":-31.43,"skY":-31.43},"duration":1},{"curve":[0.25,0,0.75,1],"transform":{"skX":-29.15,"skY":-29.15},"duration":1},{"curve":[0.25,0,0.75,1],"transform":{"skX":-24.96,"skY":-24.96},"duration":1},{"curve":[0.25,0,0.75,1],"transform":{"skX":-25.29,"skY":-25.29},"duration":1},{"curve":[0.25,0,0.75,1],"transform":{"skX":-41.7,"skY":-41.7},"duration":1},{"curve":[0.25,0,0.75,1],"transform":{"skX":-62.36,"skY":-62.36},"duration":3},{"curve":[0.25,0,0.75,1],"transform":{"skX":-37.62,"skY":-37.62},"duration":3},{"transform":{"skX":0.59,"skY":0.59},"duration":0}],"name":"Leg_R"},{"frame":[{"curve":[0.25,0,0.75,1],"transform":{"skX":13.89,"skY":13.89},"duration":3},{"curve":[0.25,0,0.75,1],"transform":{"skX":9.78,"skY":9.78},"duration":3},{"curve":[0.25,0,0.75,1],"transform":{"skX":-15.52,"skY":-15.52},"duration":3},{"curve":[0.25,0,0.75,1],"transform":{"skX":39.88,"skY":39.88},"duration":3},{"curve":[0.25,0,0.75,1],"transform":{"skX":57.04,"skY":57.04},"duration":1},{"curve":[0.25,0,0.75,1],"transform":{"skX":40.62,"skY":40.62},"duration":1},{"curve":[0.25,0,0.75,1],"transform":{"skX":38.9,"skY":38.9},"duration":1},{"curve":[0.25,0,0.75,1],"transform":{"skX":40.37,"skY":40.37},"duration":1},{"curve":[0.25,0,0.75,1],"transform":{"skX":27.39,"skY":27.39},"duration":1},{"curve":[0.25,0,0.75,1],"transform":{"skX":15.94,"skY":15.94},"duration":1},{"curve":[0.25,0,0.75,1],"transform":{"skX":30.71,"skY":30.71},"duration":3},{"curve":[0.25,0,0.75,1],"transform":{"skX":40.31,"skY":40.31},"duration":3},{"transform":{"skX":13.89,"skY":13.89},"duration":0}],"name":"Foot_R"},{"frame":[{"curve":[0.25,0,0.75,1],"transform":{"skX":25.88,"skY":25.88},"duration":3},{"curve":[0.25,0,0.75,1],"transform":{"skX":35.35,"skY":35.35},"duration":3},{"curve":[0.25,0,0.75,1],"transform":{"skX":30.68,"skY":30.68},"duration":3},{"curve":[0.25,0,0.75,1],"transform":{"skX":6.63,"skY":6.63},"duration":3},{"curve":[0.25,0,0.75,1],"transform":{"skX":17.51,"skY":17.51},"duration":1},{"curve":[0.25,0,0.75,1],"transform":{"skX":17.78,"skY":17.78},"duration":1},{"curve":[0.25,0,0.75,1],"transform":{"skX":15.33,"skY":15.33},"duration":1},{"curve":[0.25,0,0.75,1],"transform":{"skX":9.27,"skY":9.27},"duration":2},{"curve":[0.25,0,0.75,1],"transform":{"skX":1.24,"skY":1.24},"duration":1},{"curve":[0.25,0,0.75,1],"transform":{"skX":-8.6,"skY":-8.6},"duration":1},{"curve":[0.25,0,0.75,1],"transform":{"skX":21.43,"skY":21.43},"duration":2},{"curve":[0.25,0,0.75,1],"transform":{"skX":30.22,"skY":30.22},"duration":3},{"transform":{"skX":25.88,"skY":25.88},"duration":0}],"name":"Finger_R"},{"frame":[{"transform":{"y":8.52,"x":11.23},"duration":24},{"transform":{"y":8.52,"x":11.23},"duration":0}],"name":"foot_l"},{"frame":[{"transform":{"y":9.18,"x":8.17},"duration":24},{"transform":{"y":9.18,"x":8.17},"duration":0}],"name":"leg_l"},{"frame":[{"curve":[0.25,0,0.75,1],"transform":{"scY":1.009,"skX":1.92,"skY":1.92,"scX":0.91},"duration":3},{"curve":[0.25,0,0.75,1],"transform":{"scY":1.047,"skX":5.85,"skY":5.85,"scX":0.895},"duration":3},{"curve":[0.25,0,0.75,1],"transform":{"y":6.05,"skX":62.51,"skY":62.51,"scX":0.995,"x":-14.96},"duration":3},{"curve":[0.25,0,0.75,1],"transform":{"y":-0.09,"skX":74.21,"skY":74.21,"scX":0.995,"x":-13.41},"duration":3},{"curve":[0.25,0,0.71875,0.875],"transform":{"y":-1.41,"skX":82.42,"skY":82.42,"x":-9.88},"duration":3},{"curve":[0.375,0.5,0.75,1],"transform":{"y":-1.41,"skX":57.43,"skY":57.43,"x":-9.88},"duration":3},{"curve":[0.25,0,0.625,0.5],"transform":{"y":-1.41,"skX":27.16,"skY":27.16,"x":-9.88},"duration":3},{"curve":[0.375,0.5,0.75,1],"transform":{"y":-1.41,"skX":1.82,"skY":1.82,"x":-9.88},"duration":3},{"transform":{"scY":1.009,"skX":1.92,"skY":1.92,"scX":0.91},"duration":0}],"name":"Thigh_L"},{"frame":[{"curve":[0.264,0,0.617,0.42],"transform":{"skX":-79.13,"skY":-79.13},"duration":1},{"curve":[0.325,0.3,0.674,0.69],"transform":{"skX":-57.6,"skY":-57.6},"duration":1},{"curve":[0.382,0.57,0.735,1],"transform":{"skX":-38.96,"skY":-38.96},"duration":1},{"curve":[0.264,0,0.617,0.42],"transform":{"skX":-29.43,"skY":-29.43},"duration":1},{"curve":[0.325,0.3,0.674,0.69],"transform":{"skX":-31.85,"skY":-31.85},"duration":1},{"curve":[0.382,0.57,0.735,1],"transform":{"skX":-48.86,"skY":-48.86},"duration":1},{"curve":[0.25,0,0.75,1],"transform":{"skX":-69.52,"skY":-69.52},"duration":3},{"curve":[0.25,0,0.75,1],"transform":{"skX":-66.13,"skY":-66.13},"duration":3},{"curve":[0.25,0,0.75,1],"transform":{"skX":-34.83,"skY":-34.83},"duration":3},{"curve":[0.25,0,0.75,1],"transform":{"skX":-5.21,"skY":-5.21},"duration":3},{"curve":[0.25,0,0.75,1],"transform":{"skX":-7.98,"skY":-7.98},"duration":3},{"curve":[0.25,0,0.75,1],"transform":{"skX":-77.45,"skY":-77.45},"duration":3},{"transform":{"skX":-79.13,"skY":-79.13},"duration":0}],"name":"Leg_L"},{"frame":[{"curve":[0.264,0,0.617,0.42],"transform":{"skX":58.71,"skY":58.71},"duration":1},{"curve":[0.325,0.3,0.674,0.69],"transform":{"skX":32.63,"skY":32.63},"duration":1},{"curve":[0.382,0.57,0.735,1],"transform":{"skX":16.01,"skY":16.01},"duration":1},{"curve":[0.264,0,0.617,0.42],"transform":{"skX":7.73,"skY":7.73},"duration":1},{"curve":[0.325,0.3,0.674,0.69],"transform":{"skX":3.11,"skY":3.11},"duration":1},{"curve":[0.382,0.57,0.735,1],"transform":{"skX":6.23,"skY":6.23},"duration":1},{"curve":[0.25,0,0.75,1],"transform":{"skX":15.34,"skY":15.34},"duration":3},{"curve":[0.25,0,0.75,1],"transform":{"skX":50.34,"skY":50.34},"duration":3},{"curve":[0.25,0,0.75,1],"transform":{"skX":21.09,"skY":21.09},"duration":3},{"curve":[0.25,0,0.75,1],"transform":{"skX":10.37,"skY":10.37},"duration":3},{"curve":[0.25,0,0.75,1],"transform":{"skX":-8.6,"skY":-8.6},"duration":3},{"curve":[0.25,0,0.75,1],"transform":{"skX":37.04,"skY":37.04},"duration":3},{"transform":{"skX":58.71,"skY":58.71},"duration":0}],"name":"Foot_L"},{"frame":[{"curve":[0.264,0,0.617,0.42],"transform":{"skX":24.77,"skY":24.77},"duration":1},{"curve":[0.325,0.3,0.674,0.69],"transform":{"skX":27.61,"skY":27.61},"duration":1},{"curve":[0.382,0.57,0.735,1],"transform":{"skX":25.03,"skY":25.03},"duration":1},{"curve":[0.264,0,0.617,0.42],"transform":{"skX":19.24,"skY":19.24},"duration":1},{"curve":[0.325,0.3,0.674,0.69],"transform":{"skX":15.56,"skY":15.56},"duration":1},{"curve":[0.382,0.57,0.735,1],"transform":{"skX":-1.74,"skY":-1.74},"duration":1},{"curve":[0.25,0,0.75,1],"transform":{"skX":-6.32,"skY":-6.32},"duration":3},{"curve":[0.25,0,0.75,1],"transform":{"skX":3.32,"skY":3.32},"duration":3},{"curve":[0.25,0,0.75,1],"transform":{"skX":33.03,"skY":33.03},"duration":3},{"curve":[0.25,0,0.75,1],"transform":{"skX":19.24,"skY":19.24},"duration":3},{"curve":[0.25,0,0.75,1],"transform":{"skX":18.39,"skY":18.39},"duration":3},{"curve":[0.25,0,0.75,1],"transform":{"skX":7.42,"skY":7.42},"duration":3},{"transform":{"skX":24.77,"skY":24.77},"duration":0}],"name":"Finger_L"},{"frame":[{"transform":{},"duration":12},{"transform":{},"duration":12},{"transform":{},"duration":0}],"name":"Foot_R2"},{"frame":[{"transform":{},"duration":24}],"name":"Finger_R2"},{"frame":[{"curve":[0.25,0,0.75,1],"transform":{},"duration":12},{"curve":[0.25,0,0.75,1],"transform":{"scY":0.883},"duration":12},{"transform":{},"duration":0}],"name":"Kua"},{"frame":[{"transform":{},"duration":24}],"name":"root"},{"frame":[{"transform":{},"duration":24}],"name":"Fuji"},{"frame":[{"transform":{},"duration":24}],"name":"buff_up"},{"frame":[{"transform":{},"duration":24}],"name":"buff_mid"},{"frame":[{"transform":{},"duration":24}],"name":"buff_flo"}],"slot":[{"frame":[{"displayIndex":-1,"tweenEasing":0,"duration":24},{"displayIndex":-1,"tweenEasing":null,"duration":0}],"name":"Eye"}],"ffd":[],"frame":[],"name":"0001_yidong","duration":24,"ik":[{"frame":[{"tweenEasing":null,"bendPositive":true,"weight":0,"duration":24}],"offset":0,"name":"leg_l","scale":1},{"frame":[{"tweenEasing":null,"bendPositive":true,"weight":0,"duration":24}],"offset":0,"name":"leg_r","scale":1},{"frame":[{"tweenEasing":null,"bendPositive":false,"weight":0,"duration":24}],"offset":0,"name":"foot_r","scale":1},{"frame":[{"tweenEasing":null,"bendPositive":false,"weight":0,"duration":24}],"offset":0,"name":"foot_r2","scale":1},{"frame":[{"tweenEasing":null,"bendPositive":false,"weight":0,"duration":24}],"offset":0,"name":"foot_l","scale":1}]},{"bone":[{"frame":[{"curve":[0.25,0,0.75,1],"transform":{"skX":1.86,"skY":1.86},"duration":7},{"curve":[0.25,0,0.875,0.73],"transform":{"skX":-10.78,"skY":-10.78},"duration":3},{"transform":{"skX":-7.22,"skY":-7.22},"duration":12},{"curve":[0.25,0,0.75,1],"transform":{"skX":-7.22,"skY":-7.22},"duration":8},{"transform":{"skX":1.86,"skY":1.86},"duration":0}],"name":"spine"},{"frame":[{"transform":{},"duration":30},{"transform":{},"duration":0}],"name":"Foot_R"},{"frame":[{"curve":[0.25,0,0.75,1],"transform":{"y":-0.17,"skX":0.16,"skY":0.16,"x":0.1},"duration":7},{"curve":[0.25,0,0.875,0.73],"transform":{"y":-0.17,"skX":-3.17,"skY":-3.17,"x":0.1},"duration":3},{"curve":[0.25,0,0.75,1],"transform":{"y":-0.17,"skX":-39.75,"skY":-39.75,"x":0.1},"duration":5},{"curve":[0.25,0,0.75,1],"transform":{"y":-0.17,"skX":-43.17,"skY":-43.17,"x":0.1},"duration":7},{"curve":[0.25,0,0.75,1],"transform":{"y":-0.17,"skX":-39.75,"skY":-39.75,"x":0.1},"duration":8},{"transform":{"y":-0.17,"skX":0.16,"skY":0.16,"x":0.1},"duration":0}],"name":"Head"},{"frame":[{"curve":[0.25,0,0.75,1],"transform":{},"duration":7},{"curve":[0.25,0,0.875,0.73],"transform":{"y":-11.58,"skX":-14.53,"skY":-14.53,"x":-17.38},"duration":3},{"transform":{"y":12.96,"skX":19.06,"skY":19.06,"x":25.86},"duration":12},{"curve":[0.25,0,0.75,1],"transform":{"y":12.96,"skX":19.06,"skY":19.06,"x":25.86},"duration":8},{"transform":{},"duration":0}],"name":"bip"},{"frame":[{"curve":[0.25,0,0.75,1],"transform":{"skX":3.86,"skY":3.86},"duration":10},{"curve":[0.25,0,0.948,0.8],"transform":{"skX":18.53,"skY":18.53},"duration":3},{"curve":[0.25,0,0.75,1],"transform":{"skX":-8.04,"skY":-8.04},"duration":12},{"curve":[0.25,0,0.75,1],"transform":{"skX":-1.57,"skY":-1.57},"duration":5},{"transform":{"skX":3.86,"skY":3.86},"duration":0}],"name":"Ear_R3"},{"frame":[{"transform":{},"duration":30},{"transform":{},"duration":0}],"name":"Finger_R"},{"frame":[{"transform":{},"duration":30},{"transform":{},"duration":0}],"name":"Foot_L"},{"frame":[{"curve":[0.25,0,0.75,1],"transform":{"skX":0.21,"skY":0.21},"duration":7},{"curve":[0.25,0,0.875,0.73],"transform":{"skX":-19.41,"skY":-19.41},"duration":3},{"curve":[0.25,0,0.75,1],"transform":{"skX":-63.01,"skY":-63.01},"duration":5},{"curve":[0.25,0,0.75,1],"transform":{"skX":-65.83,"skY":-65.83},"duration":7},{"curve":[0.25,0,0.75,1],"transform":{"skX":-63.01,"skY":-63.01},"duration":8},{"transform":{"skX":0.21,"skY":0.21},"duration":0}],"name":"Arm_L"},{"frame":[{"curve":[0.25,0,0.75,1],"transform":{"skX":1.17,"skY":1.17},"duration":9},{"curve":[0.25,0,0.948,0.8],"transform":{"skX":-17.88,"skY":-17.88},"duration":3},{"curve":[0.25,0,0.75,1],"transform":{"skX":9.91,"skY":9.91},"duration":12},{"curve":[0.25,0,0.75,1],"transform":{"skX":-0.58,"skY":-0.58},"duration":6},{"transform":{"skX":1.17,"skY":1.17},"duration":0}],"name":"Dress2"},{"frame":[{"transform":{},"duration":30},{"transform":{},"duration":0}],"name":"Leg_R"},{"frame":[{"transform":{},"duration":30},{"transform":{},"duration":0}],"name":"Leg_L"},{"frame":[{"curve":[0.25,0,0.75,1],"transform":{"skX":1.31,"skY":1.31},"duration":7},{"curve":[0.25,0,0.875,0.73],"transform":{"skX":-0.85,"skY":-0.85},"duration":3},{"curve":[0.325,0.3,0.662,0.65],"transform":{"skX":16.27,"skY":16.27},"duration":5},{"curve":[0.337,0.34,0.674,0.69],"transform":{"scY":0.97,"skX":16.27,"skY":16.27,"scX":0.97},"duration":7},{"curve":[0.25,0,0.75,1],"transform":{"skX":16.27,"skY":16.27},"duration":8},{"transform":{"skX":1.31,"skY":1.31},"duration":0}],"name":"Body"},{"frame":[{"transform":{},"duration":30},{"transform":{},"duration":0}],"name":"Foot_R2"},{"frame":[{"curve":[0.25,0,0.75,1],"transform":{"skX":-2.33,"skY":-2.33},"duration":8},{"curve":[0.25,0,0.948,0.8],"transform":{"skX":4.27,"skY":4.27},"duration":3},{"curve":[0.25,0,0.75,1],"transform":{"skX":-21.32,"skY":-21.32},"duration":12},{"curve":[0.25,0,0.75,1],"transform":{"skX":-14.54,"skY":-14.54},"duration":7},{"transform":{"skX":-2.33,"skY":-2.33},"duration":0}],"name":"Ear_L2"},{"frame":[{"curve":[0.25,0,0.75,1],"transform":{"skX":-5.53,"skY":-5.53},"duration":9},{"curve":[0.25,0,0.948,0.8],"transform":{"skX":1.07,"skY":1.07},"duration":3},{"curve":[0.25,0,0.75,1],"transform":{"skX":-13.89,"skY":-13.89},"duration":12},{"curve":[0.25,0,0.75,1],"transform":{"skX":-15.19,"skY":-15.19},"duration":6},{"transform":{"skX":-5.53,"skY":-5.53},"duration":0}],"name":"Ear_L3"},{"frame":[{"curve":[0.25,0,0.75,1],"transform":{"skX":-0.99,"skY":-0.99},"duration":7},{"curve":[0.25,0,0.875,0.73],"transform":{"scY":1.029,"skX":241.74,"skY":241.74,"scX":1.029},"duration":3},{"curve":[0.25,0,0.75,1],"transform":{"scY":1.028,"skX":27.35,"skY":27.35,"scX":1.028},"duration":5},{"curve":[0.25,0,0.75,1],"transform":{"scY":1.028,"skX":30.28,"skY":30.28,"scX":1.028},"duration":7},{"curve":[0.25,0,0.75,1],"transform":{"scY":1.028,"skX":27.35,"skY":27.35,"scX":1.028},"duration":8},{"transform":{"skX":-0.99,"skY":-0.99},"duration":0}],"name":"UpArm_R"},{"frame":[{"transform":{},"duration":30},{"transform":{},"duration":0}],"name":"Finger_L"},{"frame":[{"curve":[0.25,0,0.75,1],"transform":{"skX":0.59,"skY":0.59},"duration":8},{"curve":[0.25,0,0.948,0.8],"transform":{"skX":-344.73,"skY":-344.73},"duration":3},{"curve":[0.25,0,0.75,1],"transform":{"skX":1.43,"skY":1.43},"duration":12},{"curve":[0.25,0,0.75,1],"transform":{"skX":3.95,"skY":3.95},"duration":7},{"transform":{"skX":0.59,"skY":0.59},"duration":0}],"name":"Ear_R"},{"frame":[{"curve":[0.25,0,0.75,1],"transform":{"skX":1.6,"skY":1.6},"duration":9},{"curve":[0.25,0,0.948,0.8],"transform":{"skX":16.27,"skY":16.27},"duration":3},{"curve":[0.25,0,0.75,1],"transform":{"skX":-11.29,"skY":-11.29},"duration":12},{"curve":[0.25,0,0.75,1],"transform":{"skX":-2.29,"skY":-2.29},"duration":6},{"transform":{"skX":1.6,"skY":1.6},"duration":0}],"name":"Ear_R2"},{"frame":[{"transform":{},"duration":30},{"transform":{},"duration":0}],"name":"Thigh_R"},{"frame":[{"curve":[0.25,0,0.75,1],"transform":{"skX":0.18,"skY":0.18},"duration":7},{"curve":[0.25,0,0.875,0.73],"transform":{"skX":-19.25,"skY":-19.25},"duration":3},{"curve":[0.25,0,0.75,1],"transform":{"skX":-34.76,"skY":-34.76},"duration":5},{"curve":[0.25,0,0.75,1],"transform":{"skX":-37.6,"skY":-37.6},"duration":7},{"curve":[0.25,0,0.75,1],"transform":{"skX":-34.76,"skY":-34.76},"duration":8},{"transform":{"skX":0.18,"skY":0.18},"duration":0}],"name":"Arm_R"},{"frame":[{"curve":[0.25,0,0.75,1],"transform":{"skX":1.6,"skY":1.6},"duration":7},{"curve":[0.25,0,0.875,0.73],"transform":{"skX":-1.99,"skY":-1.99},"duration":3},{"curve":[0.25,0,0.75,1],"transform":{"skX":2.25,"skY":2.25},"duration":5},{"curve":[0.25,0,0.75,1],"transform":{"skX":4.84,"skY":4.84},"duration":7},{"curve":[0.25,0,0.75,1],"transform":{"skX":2.25,"skY":2.25},"duration":8},{"transform":{"skX":1.6,"skY":1.6},"duration":0}],"name":"neck"},{"frame":[{"curve":[0.25,0,0.75,1],"transform":{"skX":0.02,"skY":0.02},"duration":7},{"curve":[0.25,0,0.875,0.73],"transform":{"scY":1.053,"y":-16.05,"skX":-80.78,"skY":-80.78,"scX":1.053,"x":0.14},"duration":3},{"curve":[0.25,0,0.75,1],"transform":{"scY":1.086,"y":-19.56,"skX":-290.42,"skY":-290.42,"scX":1.086,"x":-6.31},"duration":5},{"curve":[0.25,0,0.75,1],"transform":{"scY":1.086,"y":-19.56,"skX":-288.81,"skY":-288.81,"scX":1.086,"x":-6.31},"duration":7},{"curve":[0.25,0,0.75,1],"transform":{"scY":1.086,"y":-19.56,"skX":-290.42,"skY":-290.42,"scX":1.086,"x":-6.31},"duration":8},{"transform":{"skX":0.02,"skY":0.02},"duration":0}],"name":"UpArm_L"},{"frame":[{"transform":{},"duration":30},{"transform":{},"duration":0}],"name":"Thigh_L"},{"frame":[{"curve":[0.25,0,0.75,1],"transform":{"skX":1.11,"skY":1.11},"duration":7},{"curve":[0.25,0,0.875,0.73],"transform":{"skX":-37.52,"skY":-37.52},"duration":3},{"curve":[0.25,0,0.75,1],"transform":{"skX":-20.44,"skY":-20.44},"duration":5},{"curve":[0.25,0,0.75,1],"transform":{"skX":-24.49,"skY":-24.49},"duration":7},{"curve":[0.25,0,0.75,1],"transform":{"skX":-20.44,"skY":-20.44},"duration":8},{"transform":{"skX":1.11,"skY":1.11},"duration":0}],"name":"Hand_R"},{"frame":[{"curve":[0.25,0,0.75,1],"transform":{"skX":1.24,"skY":1.24},"duration":7},{"curve":[0.25,0,0.875,0.73],"transform":{"skX":-8.51,"skY":-8.51},"duration":3},{"curve":[0.25,0,0.75,1],"transform":{"skX":11.16,"skY":11.16},"duration":5},{"curve":[0.25,0,0.75,1],"transform":{"skX":5.69,"skY":5.69},"duration":7},{"curve":[0.25,0,0.75,1],"transform":{"skX":11.16,"skY":11.16},"duration":8},{"transform":{"skX":1.24,"skY":1.24},"duration":0}],"name":"Hand_L"},{"frame":[{"curve":[0.25,0,0.75,1],"transform":{"skX":-0.47,"skY":-0.47},"duration":7},{"curve":[0.25,0,0.948,0.8],"transform":{"skX":6.13,"skY":6.13},"duration":3},{"curve":[0.25,0,0.75,1],"transform":{"skX":-8.83,"skY":-8.83},"duration":12},{"curve":[0.25,0,0.75,1],"transform":{"skX":1.74,"skY":1.74},"duration":8},{"transform":{"skX":-0.47,"skY":-0.47},"duration":0}],"name":"Ear_L"},{"frame":[{"curve":[0.25,0,0.75,1],"transform":{"skX":3.68,"skY":3.68},"duration":11},{"curve":[0.25,0,0.948,0.8],"transform":{"skX":-15.37,"skY":-15.37},"duration":3},{"curve":[0.25,0,0.75,1],"transform":{"skX":12.43,"skY":12.43},"duration":12},{"curve":[0.25,0,0.75,1],"transform":{"skX":1.93,"skY":1.93},"duration":4},{"transform":{"skX":3.68,"skY":3.68},"duration":0}],"name":"Dress3"},{"frame":[{"curve":[0.25,0,0.75,1],"transform":{"skX":-3.14,"skY":-3.14},"duration":7},{"curve":[0.25,0,0.948,0.8],"transform":{"skX":-22.2,"skY":-22.2},"duration":3},{"curve":[0.25,0,0.75,1],"transform":{"skX":5.59,"skY":5.59},"duration":12},{"curve":[0.25,0,0.75,1],"transform":{"skX":-4.9,"skY":-4.9},"duration":8},{"transform":{"skX":-3.14,"skY":-3.14},"duration":0}],"name":"Dress"},{"frame":[{"transform":{},"duration":7},{"curve":[0.243,0,0.608,0.4],"transform":{},"duration":1},{"curve":[0.408,0.29,0.873,0.78],"transform":{"y":-10.24,"x":5.78},"duration":2},{"transform":{"y":-1.85},"duration":15},{"curve":[0.25,0,0.75,1],"transform":{"y":-1.85},"duration":5},{"transform":{},"duration":0}],"name":"leg_l"},{"frame":[{"transform":{},"duration":7},{"curve":[0.243,0,0.608,0.4],"transform":{},"duration":1},{"curve":[0.408,0.29,0.873,0.78],"transform":{"y":-10.24,"x":5.78},"duration":2},{"transform":{"y":4.33,"x":52.61},"duration":15},{"curve":[0.25,0,0.75,1],"transform":{"y":4.33,"x":52.61},"duration":5},{"transform":{},"duration":0}],"name":"foot_l"},{"frame":[{"transform":{},"duration":30},{"transform":{},"duration":0}],"name":"foot_r"},{"frame":[{"transform":{},"duration":30},{"transform":{},"duration":0}],"name":"foot_r2"},{"frame":[{"transform":{},"duration":30},{"transform":{},"duration":0}],"name":"leg_r"},{"frame":[{"transform":{},"duration":30}],"name":"root"},{"frame":[{"transform":{},"duration":30}],"name":"Fuji"},{"frame":[{"transform":{},"duration":30}],"name":"buff_up"},{"frame":[{"transform":{},"duration":30}],"name":"buff_mid"},{"frame":[{"transform":{},"duration":30}],"name":"buff_flo"},{"frame":[{"transform":{},"duration":30}],"name":"Kua"},{"frame":[{"transform":{},"duration":30}],"name":"Finger_R2"}],"slot":[{"frame":[{"displayIndex":-1,"tweenEasing":0,"duration":30},{"displayIndex":-1,"tweenEasing":null,"duration":0}],"name":"Eye"},{"frame":[{"displayIndex":1,"tweenEasing":0,"duration":30},{"displayIndex":1,"tweenEasing":null,"duration":0}],"name":"Foot_R"}],"ffd":[],"frame":[],"name":"0002_shifa","duration":30,"ik":[]}],"skin":[{"slot":[{"display":[{"path":"Thigh_L","type":"image","name":"Thigh_L","transform":{"y":0.15,"skX":-48.32,"skY":-48.32,"x":31.88}}],"name":"Thigh_L"},{"display":[{"path":"buff_flo","type":"image","name":"buff_flo","transform":{"y":-0.78,"x":1.11}}],"name":"buff_flo"},{"display":[{"vertices":[-9.04,-120.72,-14.05,-113.35,-6.23,-101.3,-2.88,-84.68,-1.94,-67.67,1.53,-52.94,21.76,-52.93,23.77,-67.94,27.28,-79.59,27.28,-108.26,21.09,-118.57,14.39,-117.5,13.19,-110.53,-0.73,-114.28,-5.15,-120.73,-0.6,-103.84,10.51,-101.83,19.88,-104.5,12.12,-82.81,13.46,-66.87],"uvs":[0.10556,-0.01218,-0.02083,0.09919,0.17644,0.28145,0.26081,0.53254,0.28444,0.78972,0.37219,1.0125,0.88181,1.0125,0.93244,0.78567,1.02083,0.60949,1.02083,0.17614,0.86494,0.02022,0.69619,0.03642,0.66581,0.14172,0.31481,0.08502,0.20344,-0.0125,0.31819,0.24297,0.59831,0.27334,0.83456,0.23284,0.63881,0.5609,0.67256,0.80187],"path":"Dress","edges":[1,2,2,3,3,4,4,5,5,6,6,7,7,8,8,9,9,10,10,11,11,12,12,13,13,14,14,0,0,1],"triangles":[16,18,17,19,6,7,18,7,8,17,18,8,17,8,9,10,17,9,12,17,10,11,12,10,18,19,7,19,5,6,12,16,17,16,3,18,18,4,19,4,5,19,15,3,16,3,4,18,15,16,12,13,15,12,2,3,15,14,0,13,1,2,15,0,1,15,0,15,13],"type":"mesh","transform":{},"slotPose":[1,0,0,1,0,0],"userEdges":[0,15,15,16,16,17,16,18,18,19],"width":48,"bonePose":[7,0.827,0,0,0.827,8.27,-101.721,10,0.07581557069907353,0.8235174553338707,-0.8235174553338707,0.07581557069907353,10.51117,-101.82851,16,0.09734676445543708,0.8212506361946135,-0.8212506361946135,0.09734676445543708,12.311031648396003,-82.2782056103739,23,0.18926771910029977,0.8050507626892666,-0.8050507626892666,0.18926771910029977,14.259913872793856,-65.83676787375774],"height":80,"name":"Dress","weights":[1,7,1,1,7,1,1,7,1,4,7,0.43831,10,0.18924,16,0.37038,23,0.00205,3,7,0.00146,16,0.6854,23,0.31312,2,16,0.14693,23,0.85305,1,23,1,3,10,0.04083,16,0.62216,23,0.33699,2,10,0.50074,16,0.49925,1,10,1,1,10,1,2,7,0.00423,10,0.99576,2,7,0.12874,10,0.87125,2,7,0.99777,10,0.00221,1,7,1,1,7,1,1,10,1,1,10,1,2,10,0.5,16,0.5,2,16,0.5,23,0.5]}],"name":"Dress"},{"display":[{"path":"UpArm_R","type":"image","name":"UpArm_R","transform":{"y":0.87,"skX":-131.71,"skY":-131.71,"x":27.52}}],"name":"UpArm_R"},{"display":[{"path":"Eye","type":"image","name":"Eye","transform":{"y":-7.23,"skX":-66.02,"skY":-66.02,"x":18.54}}],"name":"Eye"},{"display":[{"path":"UpArm_L","type":"image","name":"UpArm_L","transform":{"y":-0.97,"skX":-86.38,"skY":-86.38,"x":28.92}}],"name":"UpArm_L"},{"display":[{"vertices":[1.65,-58.75,1.64,-37.76,20.73,-18.02,16.34,-9.85,24.3,1.63,58.69,1,54.75,-18.78,39.12,-20.7,19.02,-58.74,31.42,-18.98,34.8,-14.93],"uvs":[-0.01493,-0.01408,-0.01493,0.34336,0.32961,0.67941,0.25048,0.81857,0.39436,1.01408,1.01493,1.00302,0.94372,0.66619,0.66174,0.63363,0.2987,-0.01408,0.52257,0.66285,0.58377,0.73186],"path":"Foot_L","edges":[0,1,1,2,2,3,3,4,4,5,5,6,6,7,7,8,8,0],"triangles":[6,10,5,10,4,5,7,10,6,9,10,7,8,9,7,3,4,10,9,2,10,2,3,10,1,2,9,0,1,9,8,0,9],"type":"mesh","transform":{},"slotPose":[1,0,0,1,0,0],"userEdges":[0,9,9,10],"width":67,"bonePose":[24,0.3603259224256924,0.7443750597837584,-0.7443750597837584,0.3603259224256924,20.826477322279068,-42.75130253573899,30,0.6954611695605859,0.4475072755089262,-0.4475072755089262,0.6954611695605859,34.09874921509766,-15.16210848952594],"height":71,"name":"Foot_L","weights":[2,24,0.9975,30,0.00249,2,24,0.99958,30,0.00041,2,24,0.8619,30,0.13809,2,24,0.44695,30,0.55304,2,24,0.08891,30,0.91108,2,24,0.00001,30,0.99998,1,30,1,2,24,0.42468,30,0.57531,2,24,0.99653,30,0.00346,2,24,0.83871,30,0.16128,2,24,0.09135,30,0.90864]}],"name":"Foot_L"},{"display":[{"path":"Arm_L","type":"image","name":"Arm_L","transform":{"y":4.04,"skX":-29.89,"skY":-29.89,"x":16.23}}],"name":"Arm_L"},{"display":[{"path":"Head","type":"image","name":"Head","transform":{"y":8.15,"skX":-66.02,"skY":-66.02,"x":15.03}}],"name":"Head"},{"display":[{"path":"buff_up","type":"image","name":"buff_up","transform":{"y":0.45,"x":1.11}}],"name":"buff_up"},{"display":[{"path":"Leg_L","type":"image","name":"Leg_L","transform":{"y":0.99,"skX":-156.58,"skY":-156.58,"x":16.67}}],"name":"Leg_L"},{"display":[{"path":"Thigh_R","type":"image","name":"Thigh_R","transform":{"y":1.02,"skX":-82.28,"skY":-82.28,"x":33.5}}],"name":"Thigh_R"},{"display":[{"vertices":[20.42,-197.63,-0.87,-190.07,-25.61,-188.95,-25.62,-160.08,-13.84,-147.68,-14.41,-108.08,1.69,-95.11,23.35,-99.2,38.9,-136.56,46.68,-160.8,52.94,-160.98,52.96,-188.93,44.48,-197.62,33.36,-181.35,18.73,-168.96,6.52,-178.77,33.35,-163.39,12.61,-135.84,-2.9,-142.73,28.37,-135.75],"uvs":[0.58758,-0.0082,0.31082,0.06689,-0.01075,0.07791,-0.01075,0.36411,0.14234,0.48703,0.13513,0.87963,0.34451,1.0082,0.62609,0.96769,0.82825,0.59711,0.92934,0.35677,1.01075,0.35493,1.01075,0.07791,0.90046,-0.0082,0.75605,0.15313,0.56593,0.27605,0.40708,0.17881,0.75605,0.33109,0.48651,0.60444,0.28465,0.53605,0.69142,0.60523],"path":"Body","edges":[2,3,3,4,4,5,5,6,6,7,7,8,8,9,9,10,10,11,11,12,12,0,0,1,1,2],"triangles":[19,7,8,13,16,9,13,9,11,12,13,11,11,9,10,16,19,8,16,8,9,0,13,12,17,7,19,0,15,13,15,14,13,17,19,16,14,17,16,13,14,16,18,17,14,17,6,7,5,6,17,15,18,14,1,15,0,4,18,15,18,5,17,2,3,1,1,3,15,3,4,15,4,5,18],"type":"mesh","transform":{},"slotPose":[1,0,0,1,0,0],"userEdges":[11,13,13,14,1,15,15,14,14,16,16,9,14,17,17,6,15,18,18,5,16,19,19,7],"width":93,"bonePose":[18,0.1536881176667983,-0.812593971481475,0.812593971481475,0.1536881176667983,12.11507666875934,-136.01508468083262,26,0.6237658918687579,-0.5429964200076949,0.5429964200076949,0.6237658918687579,18.47008033428145,-169.6158454015916,12,0.2217014987504394,-0.796729217144576,0.796729217144576,0.2217014987504394,4.69736,-109.29632],"height":122,"name":"Body","weights":[2,18,0.01644,26,0.98355,2,18,0.50767,26,0.49232,1,18,1,2,12,0.03156,18,0.96843,2,12,0.19898,18,0.80101,2,12,0.99923,18,0.00076,1,12,1,1,12,1,2,12,0.28994,18,0.71005,2,18,0.29854,26,0.70145,2,18,0.21448,26,0.78551,2,18,0.00153,26,0.99846,1,26,1,1,26,1,2,18,0.5,26,0.5,2,18,0.4318,26,0.56818,2,18,0.35429,26,0.64569,2,12,0.5,18,0.5,2,12,0.34031,18,0.65968,2,12,0.41859,18,0.58139]}],"name":"Body"},{"display":[{"path":"buff_mid","type":"image","name":"buff_mid","transform":{"y":0.71,"x":0.22}}],"name":"buff_mid"},{"display":[{"path":"Arm_R","type":"image","name":"Arm_R","transform":{"y":5.24,"skX":-76.44,"skY":-76.44,"x":13.99}}],"name":"Arm_R"},{"display":[{"vertices":[-2.34,-272.1,-2.36,-259.64,15.21,-230.71,22.7,-210.03,29.03,-195.15,39.6,-195.13,44.71,-200.77,37.79,-216.39,29.29,-242.83,5.18,-272.08,23.3,-236.33,30.58,-214.12],"uvs":[-0.01818,-0.01099,-0.01818,0.1546,0.36892,0.5386,0.53421,0.81333,0.67368,1.01099,0.90612,1.01099,1.01818,0.93586,0.86576,0.7285,0.67808,0.37721,0.14708,-0.01099,0.54667,0.46377,0.70744,0.75879],"path":"Ear_R","edges":[0,1,1,2,2,3,3,4,4,5,5,6,6,7,7,8,8,9,9,0],"triangles":[8,10,7,11,4,5,11,5,6,7,11,6,3,4,11,10,11,7,10,2,11,2,3,11,1,2,10,1,0,10,9,10,8,9,0,10],"type":"mesh","transform":{},"slotPose":[1,0,0,1,0,0],"userEdges":[0,10,10,11,11,5],"width":55,"bonePose":[33,-0.36214369634591537,-0.743492396193073,0.743492396193073,-0.36214369634591537,39.59975638563482,-195.1336880957413,39,-0.5035602057346105,-0.6560153345772618,0.6560153345772618,-0.5035602057346105,23.610754310983232,-236.8104278185841,37,-0.2375088954151928,-0.7921606684244396,0.7921606684244396,-0.2375088954151928,30.277629005287697,-214.57447785591003],"height":91,"name":"Ear_R","weights":[1,39,1,1,39,1,2,37,0.61532,39,0.38467,2,33,0.61507,37,0.38492,1,33,1,1,33,1,1,33,0.99999,3,33,0.57481,37,0.4246,39,0.00058,3,33,0.00016,37,0.22119,39,0.77864,1,39,0.99999,2,37,0.5,39,0.5,2,33,0.5,37,0.5]}],"name":"Ear_R"},{"display":[{"path":"Hand_R","type":"image","name":"Hand_R","transform":{"y":-1.31,"skX":-72.62,"skY":-72.62,"x":17.64}}],"name":"Hand_R"},{"display":[{"vertices":[76.04,-267.88,69,-262.31,64.28,-230.89,56.06,-214.12,48.84,-199.29,52.32,-190.12,59.93,-187.67,70.11,-208.83,79.3,-230.09,80.34,-265.43,71.89,-230.5,62.89,-211.97],"uvs":[0.8829,-0.01053,0.6469,0.06042,0.48957,0.46037,0.21424,0.67402,-0.02778,0.86281,0.08968,0.97957,0.34535,1.01053,0.68624,0.74109,0.99435,0.47031,1.02778,0.02067,0.74524,0.46535,0.44369,0.70134],"path":"Ear_L","edges":[4,5,5,6,6,7,7,8,8,9,9,0,0,1,1,2,2,3,3,4],"triangles":[1,2,10,11,7,10,10,7,8,2,11,10,11,6,7,3,11,2,3,4,11,1,0,10,10,8,9,0,10,9,4,11,5,5,6,11],"type":"mesh","transform":{},"slotPose":[1,0,0,1,0,0],"userEdges":[0,10,10,11,11,5],"width":36,"bonePose":[40,0.128515861729653,-0.8169532870879977,0.8169532870879977,0.128515861729653,71.7165112312797,-231.2863470631601,38,0.34596942139196807,-0.751155216624172,0.751155216624172,0.34596942139196807,63.16760682868417,-212.7253016603768,35,0.35590239362555076,-0.7465001582127117,0.7465001582127117,0.35590239362555076,52.324391242882584,-190.1163300309212],"height":95,"name":"Ear_L","weights":[1,40,1,1,40,1,2,38,0.76935,40,0.23064,2,35,0.72242,38,0.27757,1,35,1,1,35,1,1,35,1,2,35,0.55084,38,0.44915,2,38,0.41788,40,0.58211,1,40,1,2,38,0.5,40,0.5,2,35,0.5,38,0.5]}],"name":"Ear_L"},{"display":[{"path":"Leg_R","type":"image","name":"Leg_R","transform":{"y":2.19,"skX":-169.61,"skY":-169.61,"x":22.42}}],"name":"Leg_R"},{"display":[{"path":"Hand_L","type":"image","name":"Hand_L","transform":{"y":0.5,"skX":-8.63,"skY":-8.63,"x":15.69}}],"name":"Hand_L"},{"display":[{"path":"Kua","type":"image","name":"Kua","transform":{"y":4.01,"skX":-93.68,"skY":-93.68,"x":15.13}}],"name":"Kua"},{"display":[{"vertices":[-56.18,-64.67,-62.03,-45.04,-49.35,-19.19,-55.36,-13.04,-49.4,0.34,-26.91,7.06,-17.73,6.01,-16.59,2.19,-21.51,-13.29,-30.94,-17.32,-39.43,-59.67,-38.43,-18.35,-37.2,-13,-24.99,1.55],"uvs":[-0.01493,-0.01408,-0.01493,0.33471,0.33778,0.69504,0.2656,0.82468,0.4379,1.01408,0.86165,1.01408,1.01493,0.95212,1.01493,0.884,0.85002,0.65549,0.66607,0.63572,0.30053,-0.01408,0.53103,0.65549,0.57993,0.73679,0.86632,0.91476],"path":"Foot_L","edges":[0,1,1,2,2,3,3,4,4,5,5,6,6,7,7,8,8,9,9,10,10,0],"triangles":[13,5,6,13,6,7,8,13,7,10,11,9,9,12,8,4,5,13,12,4,13,8,12,13,1,2,11,11,12,9,3,4,12,2,3,12,11,2,12,1,0,11,10,0,11],"type":"mesh","transform":{},"slotPose":[1,0,0,1,0,0],"userEdges":[0,11,11,12,12,13],"width":67,"bonePose":[20,0.217109016029094,0.7979929042033385,-0.7979929042033385,0.217109016029094,-43.50513407253426,-41.497052557562704,27,0.5891495029409826,0.5803721764388721,-0.5803721764388721,0.5891495029409826,-35.96874908065398,-13.481750576506684],"height":71,"name":"Foot_L","weights":[1,20,1,1,20,1,2,20,0.77088,27,0.22911,2,20,0.36361,27,0.63638,2,20,0.03855,27,0.96144,1,27,1,1,27,1,1,27,1,1,27,1,2,20,0.22367,27,0.77632,1,20,1,2,20,0.80547,27,0.19452,1,27,1,1,27,1]},{"vertices":[-55.63,-63.66,-57.85,-19.63,-62.82,-14.26,-62.82,-7.59,-58.23,3.31,-22.85,3.32,-29.89,-13.89,-36.93,-13.33,-39.51,-17.22,-32.66,-37.6,-37.47,-63.66,-41.92,-40.38,-48.04,-17.97,-49.15,-12.22,-40.82,-5.18],"uvs":[0.16363,-0.01266,0.10644,0.66136,-0.02128,0.74359,-0.02128,0.84566,0.09691,1.01266,1.0072,1.01266,0.8261,0.74926,0.645,0.75776,0.57827,0.69822,0.75461,0.38632,0.63069,-0.01266,0.51632,0.34379,0.35904,0.68688,0.33044,0.77478,0.54491,0.88253],"path":"Foot_R","edges":[2,3,3,4,4,5,5,6,6,7,7,8,8,9,9,10,10,0,0,1,1,2],"triangles":[10,11,9,14,4,5,6,14,5,11,8,9,7,14,6,11,12,8,0,11,10,8,13,7,13,14,7,1,12,11,12,13,8,13,4,14,0,1,11,3,4,13,1,13,12,1,2,13,2,3,13],"type":"mesh","transform":{},"slotPose":[1,0,0,1,0,0],"userEdges":[11,12,12,13,13,14],"width":47,"bonePose":[22,-0.2161339219894244,0.7982575572867879,-0.7982575572867879,-0.2161339219894244,-43.29513123720003,-41.543965268543666,32,0.4859816237579454,0.6691418843336523,-0.6691418843336523,0.4859816237579454,-50.63610419559746,-13.038879879031535],"height":79,"name":"Foot_R","weights":[1,22,1,2,22,0.90554,32,0.09445,2,22,0.58079,32,0.4192,2,22,0.3278,32,0.67219,2,22,0.03286,32,0.96712,1,32,1,2,22,0.02048,32,0.97951,2,22,0.19224,32,0.80775,2,22,0.70077,32,0.29922,1,22,1,1,22,1,1,22,1,1,22,1,2,22,0.5,32,0.5,2,22,0.0017,32,0.99829]}],"name":"Foot_R"}],"name":""}],"defaultActions":[{"gotoAndPlay":"0000_daiji"}],"aabb":{"width":174.0251009874803,"y":-275.79914,"height":291.7567058438062,"x":-72.08593949417448},"slot":[{"name":"UpArm_L","parent":"UpArm_L","color":{}},{"z":1,"name":"Arm_L","parent":"Arm_L","color":{}},{"z":2,"name":"Hand_L","parent":"Hand_L","color":{}},{"z":3,"name":"Kua","parent":"Kua","color":{}},{"z":4,"name":"Leg_L","parent":"Leg_L","color":{}},{"z":5,"name":"Foot_L","parent":"Foot_L","color":{}},{"z":6,"name":"Thigh_L","parent":"Thigh_L","color":{}},{"z":7,"name":"Body","parent":"Body","color":{}},{"z":8,"name":"Leg_R","parent":"Leg_R","color":{}},{"z":9,"name":"Foot_R","parent":"Foot_R2","color":{}},{"z":10,"name":"Thigh_R","parent":"Thigh_R","color":{}},{"z":11,"name":"Dress","parent":"Dress","color":{}},{"z":12,"name":"UpArm_R","parent":"UpArm_R","color":{}},{"z":13,"name":"Arm_R","parent":"Arm_R","color":{}},{"z":14,"name":"Hand_R","parent":"Hand_R","color":{}},{"z":15,"name":"Ear_L","parent":"Ear_L","color":{}},{"z":16,"name":"Head","parent":"Head","color":{}},{"z":17,"name":"Eye","parent":"Head","color":{}},{"z":18,"name":"Ear_R","parent":"Ear_R","color":{}},{"z":19,"name":"buff_flo","parent":"buff_flo","color":{"aM":0}},{"z":20,"name":"buff_mid","parent":"buff_mid","color":{"aM":0}},{"z":21,"name":"buff_up","parent":"buff_up","color":{"aM":0}}],"name":"armatureName","ik":[{"chain":1,"bone":"Leg_L","name":"leg_l","target":"leg_l"},{"chain":1,"bone":"Leg_R","name":"leg_r","target":"leg_r"},{"chain":1,"bone":"Finger_R","name":"foot_r","bendPositive":"false","target":"foot_r"},{"chain":1,"bone":"Finger_R2","name":"foot_r2","bendPositive":"false","target":"foot_r2"},{"chain":1,"bone":"Finger_L","name":"foot_l","bendPositive":"false","target":"foot_l"}]}],"name":"cw_007_mohu_zj","version":"4.0"}