{"frameRate":30,"isGlobal":0,"armature":[{"bone":[{"name":"root","transform":{}},{"transform":{"y":289.12},"name":"mlw_jiejie/0_00000","parent":"root"},{"length":94,"transform":{"y":416.67,"skX":-179.58,"skY":-179.58,"x":-184.41},"parent":"root","name":"mlw_tuowei/0_00000"},{"length":43,"transform":{"y":433.37,"skX":-90,"skY":-90,"x":-0.7},"parent":"root","name":"mlw_tuzi/0_00000"},{"length":59,"transform":{"y":294.76,"skX":-90,"skY":-90,"x":349.4},"parent":"root","name":"mlw_xuli/0_00000"},{"transform":{"y":414.12,"x":300.68},"name":"mlw_yanquan01/0_00003","parent":"root"},{"transform":{"y":402.08,"x":-375.34},"name":"mlw_yanquan02/0_00000","parent":"root"},{"transform":{},"name":"wj_049_molaowu_eff_pz","parent":"root"}],"aabb":{"width":908.5899999999999,"y":-54.99,"height":561.18,"x":-483.79999999999995},"type":"Armature","name":"armatureName","animation":[{"frame":[],"bone":[{"frame":[{"transform":{"y":-294.77,"x":-349.4},"duration":20}],"name":"mlw_xuli/0_00000"},{"frame":[{"transform":{},"duration":20}],"name":"root"},{"frame":[{"transform":{},"duration":20}],"name":"mlw_jiejie/0_00000"},{"frame":[{"transform":{},"duration":20}],"name":"mlw_tuowei/0_00000"},{"frame":[{"transform":{},"duration":20}],"name":"mlw_tuzi/0_00000"},{"frame":[{"transform":{},"duration":20}],"name":"mlw_yanquan01/0_00003"},{"frame":[{"transform":{},"duration":20}],"name":"mlw_yanquan02/0_00000"},{"frame":[{"transform":{},"duration":20}],"name":"wj_049_molaowu_eff_pz"}],"slot":[{"frame":[{"displayIndex":-1,"tweenEasing":null,"duration":20}],"name":"mlw_jiejie/0_00000"},{"frame":[{"displayIndex":-1,"tweenEasing":null,"duration":20}],"name":"mlw_tuowei/0_00000"},{"frame":[{"tweenEasing":0,"duration":3},{"displayIndex":1,"tweenEasing":0,"duration":3},{"displayIndex":2,"tweenEasing":0,"duration":3},{"displayIndex":3,"tweenEasing":0,"duration":3},{"displayIndex":4,"tweenEasing":0,"duration":3},{"displayIndex":5,"tweenEasing":0,"duration":5},{"displayIndex":5,"tweenEasing":null,"color":{"aM":0},"duration":0}],"name":"mlw_xuli/0_00000"},{"frame":[{"displayIndex":-1,"tweenEasing":0,"duration":15},{"displayIndex":-1,"tweenEasing":null,"duration":5}],"name":"mlw_yanquan01/0_00003"},{"frame":[{"displayIndex":-1,"tweenEasing":null,"duration":20}],"name":"mlw_yanquan02/0_00000"}],"ffd":[],"ik":[],"name":"0000_xuli","duration":20},{"frame":[],"bone":[{"frame":[{"tweenEasing":0,"transform":{"scY":1.379,"y":-414.12,"scX":0.62,"x":-293.21},"duration":5},{"tweenEasing":0,"transform":{"scY":1.64,"y":-414.12,"scX":0.665,"x":-293.21},"duration":5},{"tweenEasing":0,"transform":{"scY":1.379,"y":-414.12,"scX":0.62,"x":-293.21},"duration":5},{"tweenEasing":0,"transform":{"scY":1.64,"y":-414.12,"scX":0.665,"x":-293.21},"duration":5},{"transform":{"scY":1.379,"y":-414.12,"scX":0.62,"x":-293.21},"duration":0}],"name":"mlw_yanquan01/0_00003"},{"frame":[{"transform":{"y":-416.49,"x":209.48},"duration":20}],"name":"mlw_tuowei/0_00000"},{"frame":[{"transform":{"scY":1.381,"y":-402.08,"scX":0.774,"x":375.78},"duration":20}],"name":"mlw_yanquan02/0_00000"},{"frame":[{"transform":{"scY":2,"y":99.58},"duration":20}],"name":"wj_049_molaowu_eff_pz"},{"frame":[{"transform":{},"duration":20}],"name":"root"},{"frame":[{"transform":{},"duration":20}],"name":"mlw_jiejie/0_00000"},{"frame":[{"transform":{},"duration":20}],"name":"mlw_tuzi/0_00000"},{"frame":[{"transform":{},"duration":20}],"name":"mlw_xuli/0_00000"}],"slot":[{"frame":[{"displayIndex":-1,"tweenEasing":null,"duration":20}],"name":"mlw_jiejie/0_00000"},{"frame":[{"tweenEasing":0,"duration":3},{"displayIndex":1,"tweenEasing":0,"duration":3},{"displayIndex":2,"tweenEasing":0,"duration":3},{"displayIndex":3,"tweenEasing":0,"duration":1},{"displayIndex":3,"tweenEasing":0,"duration":2},{"displayIndex":4,"tweenEasing":0,"duration":3},{"displayIndex":5,"tweenEasing":0,"duration":5},{"displayIndex":6,"tweenEasing":null,"color":{"aM":0},"duration":0}],"name":"mlw_tuowei/0_00000"},{"frame":[{"displayIndex":-1,"tweenEasing":null,"duration":20}],"name":"mlw_xuli/0_00000"},{"frame":[{"tweenEasing":0,"color":{"aM":0},"duration":3},{"displayIndex":1,"tweenEasing":0,"duration":2},{"displayIndex":1,"tweenEasing":null,"duration":1},{"displayIndex":2,"tweenEasing":0,"duration":3},{"displayIndex":3,"tweenEasing":0,"duration":3},{"displayIndex":4,"tweenEasing":0,"duration":3},{"displayIndex":5,"tweenEasing":0,"duration":5},{"displayIndex":5,"tweenEasing":null,"color":{"aM":0},"duration":0}],"name":"mlw_yanquan02/0_00000"}],"ffd":[],"ik":[],"name":"0001_yanquan","duration":20},{"frame":[],"bone":[{"frame":[{"tweenEasing":0,"transform":{"y":-306.98,"x":284.34},"duration":10},{"tweenEasing":0,"transform":{"scY":1.068,"y":-306.98,"x":284.34},"duration":10},{"tweenEasing":0,"transform":{"y":-306.98,"x":284.34},"duration":10},{"tweenEasing":0,"transform":{"scY":1.068,"y":-306.98,"x":284.34},"duration":10},{"tweenEasing":0,"transform":{"y":-306.98,"x":284.34},"duration":11},{"transform":{"scY":1.068,"y":-306.98,"x":284.34},"duration":0}],"name":"mlw_jiejie/0_00000"},{"frame":[{"transform":{},"duration":51}],"name":"root"},{"frame":[{"transform":{},"duration":51}],"name":"mlw_tuowei/0_00000"},{"frame":[{"transform":{},"duration":51}],"name":"mlw_tuzi/0_00000"},{"frame":[{"transform":{},"duration":51}],"name":"mlw_xuli/0_00000"},{"frame":[{"transform":{},"duration":51}],"name":"mlw_yanquan01/0_00003"},{"frame":[{"transform":{},"duration":51}],"name":"mlw_yanquan02/0_00000"},{"frame":[{"transform":{},"duration":51}],"name":"wj_049_molaowu_eff_pz"}],"slot":[{"frame":[{"tweenEasing":0,"color":{"aM":0},"duration":3},{"displayIndex":1,"tweenEasing":0,"duration":3},{"displayIndex":2,"tweenEasing":0,"duration":3},{"displayIndex":3,"tweenEasing":0,"duration":1},{"displayIndex":3,"tweenEasing":null,"duration":2},{"displayIndex":4,"tweenEasing":0,"duration":3},{"displayIndex":5,"tweenEasing":0,"duration":3},{"tweenEasing":0,"duration":3},{"displayIndex":1,"tweenEasing":0,"duration":3},{"displayIndex":2,"tweenEasing":0,"duration":3},{"displayIndex":3,"tweenEasing":0,"duration":3},{"displayIndex":4,"tweenEasing":0,"duration":3},{"displayIndex":5,"tweenEasing":0,"duration":3},{"tweenEasing":0,"duration":3},{"displayIndex":1,"tweenEasing":0,"duration":3},{"displayIndex":2,"tweenEasing":0,"duration":3},{"displayIndex":3,"tweenEasing":0,"duration":3},{"displayIndex":4,"tweenEasing":0,"duration":3},{"displayIndex":5,"tweenEasing":null,"color":{"aM":0},"duration":0}],"name":"mlw_jiejie/0_00000"},{"frame":[{"displayIndex":-1,"tweenEasing":null,"duration":51}],"name":"mlw_tuowei/0_00000"},{"frame":[{"displayIndex":-1,"tweenEasing":null,"duration":51}],"name":"mlw_xuli/0_00000"},{"frame":[{"displayIndex":-1,"tweenEasing":null,"duration":51}],"name":"mlw_yanquan01/0_00003"},{"frame":[{"displayIndex":-1,"tweenEasing":null,"duration":51}],"name":"mlw_yanquan02/0_00000"}],"ffd":[],"ik":[],"name":"0002_jiejie01","duration":51},{"frame":[],"bone":[{"frame":[{"transform":{},"duration":51}],"name":"mlw_tuzi/0_00000"},{"frame":[{"transform":{"y":-301.26,"x":284},"duration":51}],"name":"mlw_jiejie/0_00000"},{"frame":[{"transform":{},"duration":51}],"name":"root"},{"frame":[{"transform":{},"duration":51}],"name":"mlw_tuowei/0_00000"},{"frame":[{"transform":{},"duration":51}],"name":"mlw_xuli/0_00000"},{"frame":[{"transform":{},"duration":51}],"name":"mlw_yanquan01/0_00003"},{"frame":[{"transform":{},"duration":51}],"name":"mlw_yanquan02/0_00000"},{"frame":[{"transform":{},"duration":51}],"name":"wj_049_molaowu_eff_pz"}],"slot":[{"frame":[{"tweenEasing":0,"color":{"aM":0},"duration":3},{"displayIndex":1,"tweenEasing":0,"duration":3},{"displayIndex":2,"tweenEasing":0,"duration":3},{"displayIndex":3,"tweenEasing":0,"duration":1},{"displayIndex":3,"tweenEasing":null,"duration":2},{"displayIndex":4,"tweenEasing":0,"duration":3},{"displayIndex":5,"tweenEasing":0,"duration":3},{"tweenEasing":0,"duration":3},{"displayIndex":1,"tweenEasing":0,"duration":3},{"displayIndex":2,"tweenEasing":0,"duration":3},{"displayIndex":3,"tweenEasing":0,"duration":3},{"displayIndex":4,"tweenEasing":0,"duration":3},{"displayIndex":5,"tweenEasing":0,"duration":3},{"tweenEasing":0,"duration":3},{"displayIndex":1,"tweenEasing":0,"duration":3},{"displayIndex":2,"tweenEasing":0,"duration":3},{"displayIndex":3,"tweenEasing":0,"duration":3},{"displayIndex":4,"tweenEasing":0,"duration":3},{"displayIndex":5,"tweenEasing":null,"color":{"aM":0},"duration":0}],"name":"mlw_jiejie/0_00000"},{"frame":[{"displayIndex":-1,"tweenEasing":null,"duration":51}],"name":"mlw_tuowei/0_00000"},{"frame":[{"displayIndex":-1,"tweenEasing":null,"duration":51}],"name":"mlw_xuli/0_00000"},{"frame":[{"displayIndex":-1,"tweenEasing":null,"duration":51}],"name":"mlw_yanquan01/0_00003"},{"frame":[{"displayIndex":-1,"tweenEasing":null,"duration":51}],"name":"mlw_yanquan02/0_00000"}],"ffd":[],"ik":[],"name":"0003_jiejie02","duration":51},{"frame":[],"bone":[{"frame":[{"transform":{"y":-313.53,"x":-348.37},"duration":15},{"transform":{"y":-313.53,"x":-348.37},"duration":15}],"name":"mlw_xuli/0_00000"},{"frame":[{"tweenEasing":0,"transform":{"y":-557.96},"duration":10},{"tweenEasing":0,"transform":{"y":-515.82},"duration":5},{"tweenEasing":0,"transform":{"y":-680.66},"duration":5},{"tweenEasing":0,"transform":{"y":-685.68},"duration":5},{"transform":{"y":-630.5},"duration":5}],"name":"mlw_tuzi/0_00000"},{"frame":[{"tweenEasing":0,"transform":{"scY":0.747,"y":-414.12,"skX":-90,"skY":-90,"scX":0.336,"x":-306.28},"duration":8},{"tweenEasing":0,"transform":{"scY":2.147,"y":-538.45,"skX":-90,"skY":-90,"scX":0.965,"x":-310.64},"duration":17},{"transform":{"scY":2.464,"y":-608.82,"skX":-90,"skY":-90,"scX":1.108,"x":-311.73},"duration":5}],"name":"mlw_yanquan01/0_00003"},{"frame":[{"transform":{"y":-431.36,"skX":89.58,"skY":89.58,"x":184.44},"duration":30}],"name":"mlw_tuowei/0_00000"},{"frame":[{"transform":{"scY":1.381,"y":-397.38,"skX":90,"skY":90,"scX":0.473,"x":369.52},"duration":30}],"name":"mlw_yanquan02/0_00000"},{"frame":[{"transform":{"scY":1.732,"y":3.73,"scX":1.653},"duration":30}],"name":"wj_049_molaowu_eff_pz"},{"frame":[{"transform":{},"duration":30}],"name":"root"},{"frame":[{"transform":{},"duration":30}],"name":"mlw_jiejie/0_00000"}],"slot":[{"frame":[{"displayIndex":-1,"tweenEasing":null,"duration":30}],"name":"mlw_jiejie/0_00000"},{"frame":[{"tweenEasing":0,"duration":3},{"displayIndex":1,"tweenEasing":0,"duration":3},{"displayIndex":2,"tweenEasing":0,"duration":3},{"displayIndex":3,"tweenEasing":0,"duration":1},{"displayIndex":3,"tweenEasing":0,"duration":2},{"displayIndex":4,"tweenEasing":0,"duration":3},{"displayIndex":5,"tweenEasing":0,"duration":5},{"displayIndex":6,"tweenEasing":null,"color":{"aM":0},"duration":10}],"name":"mlw_tuowei/0_00000"},{"frame":[{"tweenEasing":0,"color":{"aM":0},"duration":15},{"tweenEasing":0,"color":{"aM":0},"duration":3},{"displayIndex":1,"tweenEasing":0,"duration":3},{"displayIndex":2,"tweenEasing":0,"duration":3},{"displayIndex":3,"tweenEasing":0,"duration":3},{"displayIndex":4,"tweenEasing":0,"duration":3},{"displayIndex":5,"tweenEasing":null,"duration":0}],"name":"mlw_xuli/0_00000"},{"frame":[{"tweenEasing":0,"duration":8},{"displayIndex":1,"tweenEasing":0,"duration":3},{"displayIndex":2,"tweenEasing":0,"duration":3},{"displayIndex":3,"tweenEasing":0,"duration":3},{"displayIndex":4,"tweenEasing":0,"duration":3},{"displayIndex":5,"tweenEasing":0,"duration":5},{"displayIndex":5,"tweenEasing":null,"color":{"aM":0},"duration":5}],"name":"mlw_yanquan01/0_00003"},{"frame":[{"tweenEasing":0,"color":{"aM":0},"duration":3},{"displayIndex":1,"tweenEasing":0,"duration":2},{"displayIndex":1,"tweenEasing":null,"duration":1},{"displayIndex":2,"tweenEasing":0,"duration":3},{"displayIndex":3,"tweenEasing":0,"duration":3},{"displayIndex":4,"tweenEasing":0,"duration":3},{"displayIndex":5,"tweenEasing":0,"duration":5},{"displayIndex":5,"tweenEasing":null,"color":{"aM":0},"duration":10}],"name":"mlw_yanquan02/0_00000"}],"ffd":[],"ik":[],"name":"0004_yanquan2","duration":30}],"skin":[{"slot":[{"display":[{"path":"mlw_yanquan01/0_00000","type":"image","name":"mlw_yanquan01/0_00000","transform":{}},{"path":"mlw_yanquan01/0_00001","type":"image","name":"mlw_yanquan01/0_00001","transform":{}},{"path":"mlw_yanquan01/0_00002","type":"image","name":"mlw_yanquan01/0_00002","transform":{}},{"path":"mlw_yanquan01/0_00003","type":"image","name":"mlw_yanquan01/0_00003","transform":{"y":-7.93,"x":-2.64}},{"path":"mlw_yanquan01/0_00004","type":"image","name":"mlw_yanquan01/0_00004","transform":{}},{"path":"mlw_yanquan01/0_00005","type":"image","name":"mlw_yanquan01/0_00005","transform":{}}],"name":"mlw_yanquan01/0_00003"},{"display":[{"path":"mlw_yanquan02/0_00000","type":"image","name":"mlw_yanquan02/0_00000","transform":{"y":-6.54,"x":-8.46}},{"path":"mlw_yanquan02/0_00001","type":"image","name":"mlw_yanquan02/0_00001","transform":{"y":-6.54,"x":-8.46}},{"path":"mlw_yanquan02/0_00002","type":"image","name":"mlw_yanquan02/0_00002","transform":{"y":-6.54,"x":-8.46}},{"path":"mlw_yanquan02/0_00003","type":"image","name":"mlw_yanquan02/0_00003","transform":{"y":-6.54,"x":-8.46}},{"path":"mlw_yanquan02/0_00004","type":"image","name":"mlw_yanquan02/0_00004","transform":{"y":-6.54,"x":-8.46}},{"path":"mlw_yanquan02/0_00005","type":"image","name":"mlw_yanquan02/0_00005","transform":{"y":-6.54,"x":-8.46}}],"name":"mlw_yanquan02/0_00000"},{"display":[{"path":"mlw_tuowei/0_00000","type":"image","name":"mlw_tuowei/0_00000","transform":{"y":0.1,"skX":179.59,"skY":179.59,"x":97.63}},{"path":"mlw_tuowei/0_00001","type":"image","name":"mlw_tuowei/0_00001","transform":{"y":0.1,"skX":179.59,"skY":179.59,"x":97.63}},{"path":"mlw_tuowei/0_00002","type":"image","name":"mlw_tuowei/0_00002","transform":{"y":0.1,"skX":179.59,"skY":179.59,"x":97.63}},{"path":"mlw_tuowei/0_00003","type":"image","name":"mlw_tuowei/0_00003","transform":{"y":0.1,"skX":179.59,"skY":179.59,"x":97.63}},{"path":"mlw_tuowei/0_00004","type":"image","name":"mlw_tuowei/0_00004","transform":{"y":0.1,"skX":179.59,"skY":179.59,"x":97.63}},{"path":"mlw_tuowei/0_00005","type":"image","name":"mlw_tuowei/0_00005","transform":{"y":0.1,"skX":179.59,"skY":179.59,"x":97.63}},{"path":"mlw_tuowei/0_00006","type":"image","name":"mlw_tuowei/0_00006","transform":{"y":0.1,"skX":179.59,"skY":179.59,"x":97.63}}],"name":"mlw_tuowei/0_00000"},{"display":[{"path":"wj_049_molaowu_eff_pz","type":"image","name":"wj_049_molaowu_eff_pz","transform":{"scY":10,"y":-49.99,"scX":10}}],"name":"wj_049_molaowu_eff_pz"},{"display":[{"path":"mlw_xuli/0_00000","type":"image","name":"mlw_xuli/0_00000","transform":{"y":0.39,"skX":90,"skY":90,"x":90.9}},{"path":"mlw_xuli/0_00001","type":"image","name":"mlw_xuli/0_00001","transform":{"y":0.39,"skX":90,"skY":90,"x":90.9}},{"path":"mlw_xuli/0_00002","type":"image","name":"mlw_xuli/0_00002","transform":{"y":0.39,"skX":90,"skY":90,"x":90.9}},{"path":"mlw_xuli/0_00003","type":"image","name":"mlw_xuli/0_00003","transform":{"y":0.39,"skX":90,"skY":90,"x":90.9}},{"path":"mlw_xuli/0_00004","type":"image","name":"mlw_xuli/0_00004","transform":{"y":0.39,"skX":90,"skY":90,"x":90.9}},{"path":"mlw_xuli/0_00005","type":"image","name":"mlw_xuli/0_00005","transform":{"y":0.39,"skX":90,"skY":90,"x":90.9}}],"name":"mlw_xuli/0_00000"},{"display":[{"path":"mlw_jiejie/0_00000","type":"image","name":"mlw_jiejie/0_00000","transform":{"y":-143.5}},{"path":"mlw_jiejie/0_00001","type":"image","name":"mlw_jiejie/0_00001","transform":{"y":-143.5}},{"path":"mlw_jiejie/0_00002","type":"image","name":"mlw_jiejie/0_00002","transform":{"y":-143.5}},{"path":"mlw_jiejie/0_00003","type":"image","name":"mlw_jiejie/0_00003","transform":{"y":-143.5}},{"path":"mlw_jiejie/0_00004","type":"image","name":"mlw_jiejie/0_00004","transform":{"y":-143.5}},{"path":"mlw_jiejie/0_00005","type":"image","name":"mlw_jiejie/0_00005","transform":{"y":-143.5}}],"name":"mlw_jiejie/0_00000"}],"name":""}],"ik":[],"frameRate":30,"defaultActions":[{"gotoAndPlay":"0000_xuli"}],"slot":[{"name":"wj_049_molaowu_eff_pz","parent":"wj_049_molaowu_eff_pz","color":{}},{"z":1,"name":"mlw_jiejie/0_00000","parent":"mlw_jiejie/0_00000","color":{}},{"z":2,"name":"mlw_tuowei/0_00000","parent":"mlw_tuowei/0_00000","color":{}},{"z":3,"name":"mlw_xuli/0_00000","parent":"mlw_xuli/0_00000","color":{}},{"z":4,"displayIndex":3,"name":"mlw_yanquan01/0_00003","parent":"mlw_yanquan01/0_00003","color":{}},{"z":5,"name":"mlw_yanquan02/0_00000","parent":"mlw_yanquan02/0_00000","color":{}}]}],"name":"wj_049_molaowu_eff","version":"4.0"}