{"frameRate":30,"isGlobal":0,"armature":[{"defaultActions":[{"gotoAndPlay":"000_leidun_xuli"}],"animation":[{"frame":[],"duration":45,"slot":[{"frame":[{"tweenEasing":0,"duration":2},{"tweenEasing":0,"duration":2,"color":{"aM":52}},{"tweenEasing":0,"duration":2},{"tweenEasing":0,"duration":2,"color":{"aM":52}},{"tweenEasing":0,"duration":2},{"tweenEasing":0,"duration":2,"color":{"aM":52}},{"tweenEasing":0,"duration":2},{"tweenEasing":0,"duration":2,"color":{"aM":52}},{"tweenEasing":0,"duration":2},{"tweenEasing":0,"duration":2,"color":{"aM":52}},{"tweenEasing":0,"duration":2},{"tweenEasing":0,"duration":2,"color":{"aM":52}},{"tweenEasing":0,"duration":2},{"tweenEasing":0,"duration":2,"color":{"aM":52}},{"tweenEasing":0,"duration":17},{"tweenEasing":null,"duration":0,"color":{"aM":0}}],"name":"00002 (3)"},{"frame":[{"tweenEasing":0,"displayIndex":5,"duration":3},{"tweenEasing":0,"displayIndex":4,"duration":3},{"tweenEasing":0,"displayIndex":3,"duration":3},{"tweenEasing":0,"displayIndex":2,"duration":3},{"tweenEasing":0,"displayIndex":1,"duration":3},{"tweenEasing":0,"duration":30},{"tweenEasing":null,"duration":0,"color":{"aM":0}}],"name":"leibao_eff/lei_fangshe001"},{"frame":[{"tweenEasing":null,"displayIndex":-1,"duration":45}],"name":"leidun_eff/leidun001"},{"frame":[{"tweenEasing":null,"displayIndex":-1,"duration":45}],"name":"leidun_eff/leidun1"},{"frame":[{"tweenEasing":null,"displayIndex":-1,"duration":45}],"name":"leidun_eff/leidun2"},{"frame":[{"tweenEasing":0,"displayIndex":-1,"duration":10},{"tweenEasing":0,"duration":2},{"tweenEasing":0,"displayIndex":1,"duration":8},{"tweenEasing":null,"displayIndex":1,"duration":25,"color":{"aM":0}}],"name":"leihua_eff/spark01a"},{"frame":[{"tweenEasing":0,"displayIndex":-1,"duration":10},{"tweenEasing":0,"duration":2},{"tweenEasing":0,"displayIndex":1,"duration":8},{"tweenEasing":null,"displayIndex":1,"duration":25,"color":{"aM":0}}],"name":"leihua_eff/spark02a"},{"frame":[{"tweenEasing":0,"displayIndex":-1,"duration":10},{"tweenEasing":0,"duration":2},{"tweenEasing":0,"displayIndex":1,"duration":8},{"tweenEasing":null,"displayIndex":1,"duration":25,"color":{"aM":0}}],"name":"leihua_eff/spark02a2"},{"frame":[{"tweenEasing":null,"displayIndex":-1,"duration":45}],"name":"leihuan_eff/00001 (3)"}],"ffd":[],"bone":[{"frame":[{"duration":45,"transform":{"scY":1.5,"scX":1.5}}],"name":"leibao_eff/lei_fangshe001"},{"frame":[{"curve":[0,0.89,0.75,1],"duration":45,"transform":{}},{"duration":0,"transform":{"scY":1.48,"skX":115.46,"skY":115.46,"scX":1.48}}],"name":"cichang"},{"frame":[{"duration":45,"transform":{}}],"name":"root"},{"frame":[{"duration":45,"transform":{}}],"name":"leidun_eff/leidun001"},{"frame":[{"duration":45,"transform":{}}],"name":"leidun_eff/leidun1"},{"frame":[{"duration":45,"transform":{}}],"name":"leidun_eff/leidun2"},{"frame":[{"duration":45,"transform":{}}],"name":"leihua_eff/spark01a"},{"frame":[{"duration":45,"transform":{}}],"name":"leihua_eff/spark02a"},{"frame":[{"duration":45,"transform":{}}],"name":"leihua_eff/spark02a2"},{"frame":[{"duration":45,"transform":{}}],"name":"leihuan_eff/00001 (3)"}],"name":"000_leidun_xuli","ik":[]},{"frame":[],"duration":30,"slot":[{"frame":[{"tweenEasing":null,"duration":30,"color":{"aM":0}}],"name":"00002 (3)"},{"frame":[{"tweenEasing":null,"displayIndex":5,"duration":30,"color":{"aM":0}}],"name":"leibao_eff/lei_fangshe001"},{"frame":[{"tweenEasing":0,"duration":3},{"tweenEasing":0,"displayIndex":1,"duration":3},{"tweenEasing":0,"displayIndex":2,"duration":3},{"tweenEasing":0,"displayIndex":3,"duration":3},{"tweenEasing":0,"displayIndex":4,"duration":3},{"tweenEasing":0,"displayIndex":5,"duration":3},{"tweenEasing":0,"displayIndex":6,"duration":3},{"tweenEasing":0,"displayIndex":7,"duration":9},{"tweenEasing":null,"displayIndex":7,"duration":0,"color":{"aM":0}}],"name":"leidun_eff/leidun001"},{"frame":[{"tweenEasing":0,"duration":3},{"tweenEasing":0,"displayIndex":1,"duration":3},{"tweenEasing":0,"displayIndex":2,"duration":3},{"tweenEasing":0,"displayIndex":3,"duration":3},{"tweenEasing":0,"displayIndex":4,"duration":3},{"tweenEasing":0,"displayIndex":5,"duration":3},{"tweenEasing":0,"displayIndex":6,"duration":3},{"tweenEasing":0,"displayIndex":7,"duration":9},{"tweenEasing":null,"displayIndex":7,"duration":0,"color":{"aM":0}}],"name":"leidun_eff/leidun1"},{"frame":[{"tweenEasing":0,"duration":3},{"tweenEasing":0,"displayIndex":1,"duration":3},{"tweenEasing":0,"displayIndex":2,"duration":3},{"tweenEasing":0,"displayIndex":3,"duration":3},{"tweenEasing":0,"displayIndex":4,"duration":3},{"tweenEasing":0,"displayIndex":5,"duration":3},{"tweenEasing":0,"displayIndex":6,"duration":3},{"tweenEasing":0,"displayIndex":7,"duration":9},{"tweenEasing":null,"displayIndex":7,"duration":0,"color":{"aM":0}}],"name":"leidun_eff/leidun2"},{"frame":[{"tweenEasing":null,"displayIndex":-1,"duration":30}],"name":"leihua_eff/spark01a"},{"frame":[{"tweenEasing":null,"displayIndex":-1,"duration":30}],"name":"leihua_eff/spark02a"},{"frame":[{"tweenEasing":null,"displayIndex":-1,"duration":30}],"name":"leihua_eff/spark02a2"},{"frame":[{"tweenEasing":null,"displayIndex":3,"duration":3},{"tweenEasing":null,"displayIndex":4,"duration":3},{"tweenEasing":null,"displayIndex":5,"duration":3},{"tweenEasing":null,"displayIndex":6,"duration":3},{"tweenEasing":null,"duration":3},{"tweenEasing":null,"displayIndex":1,"duration":3},{"tweenEasing":null,"displayIndex":2,"duration":3},{"tweenEasing":null,"displayIndex":-1,"duration":9}],"name":"leihuan_eff/00001 (3)"}],"ffd":[],"bone":[{"frame":[{"duration":30,"transform":{"scY":1.5,"scX":1.5}}],"name":"leibao_eff/lei_fangshe001"},{"frame":[{"tweenEasing":0,"duration":30,"transform":{}},{"duration":0,"transform":{"skX":-25.93,"skY":-25.93}}],"name":"leidun_eff/leidun001"},{"frame":[{"duration":30,"transform":{"scY":2.5,"scX":2.5}}],"name":"leihuan_eff/00001 (3)"},{"frame":[{"duration":30,"transform":{"scY":1.48,"skX":115.46,"skY":115.46,"scX":1.48}}],"name":"cichang"},{"frame":[{"curve":[0,0.25,0.9375,1],"duration":30,"transform":{}},{"duration":0,"transform":{"skX":46.28,"skY":46.28}}],"name":"leidun_eff/leidun1"},{"frame":[{"curve":[0,0.2175,0.9375,1],"duration":30,"transform":{}},{"duration":0,"transform":{"skX":-57.22,"skY":-57.22}}],"name":"leidun_eff/leidun2"},{"frame":[{"duration":30,"transform":{}}],"name":"root"},{"frame":[{"duration":30,"transform":{}}],"name":"leihua_eff/spark01a"},{"frame":[{"duration":30,"transform":{}}],"name":"leihua_eff/spark02a"},{"frame":[{"duration":30,"transform":{}}],"name":"leihua_eff/spark02a2"}],"name":"001_leidun_baofa","ik":[]}],"type":"Armature","frameRate":30,"ik":[],"bone":[{"name":"root","transform":{}},{"length":50.5,"transform":{"skX":42.96,"skY":42.96},"parent":"root","name":"cichang"},{"transform":{},"name":"leibao_eff/lei_fangshe001","parent":"root"},{"transform":{},"name":"leidun_eff/leidun001","parent":"root"},{"transform":{"scY":2.362,"scX":-2.36},"name":"leidun_eff/leidun1","parent":"root"},{"transform":{"scY":4,"scX":4},"name":"leidun_eff/leidun2","parent":"root"},{"length":30,"transform":{"y":23.095,"skX":-51.88,"skY":-51.88,"x":68.205},"parent":"root","name":"leihua_eff/spark01a"},{"length":52,"transform":{"y":27.585,"skX":124.52,"skY":124.52,"x":-41.455},"parent":"root","name":"leihua_eff/spark02a"},{"length":52,"transform":{"scY":-0.711,"y":-84.805,"skX":68.71,"skY":68.71,"scX":0.746,"x":-46.265},"parent":"root","name":"leihua_eff/spark02a2"},{"length":74,"transform":{"y":0.28,"skX":-47.58,"skY":-47.58,"x":-0.35},"parent":"root","name":"leihuan_eff/00001 (3)"}],"aabb":{"width":260,"y":-173.99,"height":289.21000000000004,"x":-129.755},"skin":[{"slot":[{"display":[{"path":"00002 (3)","type":"image","name":"00002 (3)","transform":{"y":-2.92,"skX":-42.92,"skY":-42.92,"x":-1.995}}],"name":"00002 (3)"},{"display":[{"path":"leihuan_eff/00005","type":"image","name":"leihuan_eff/00005","transform":{"y":0.065,"skX":47.56,"skY":47.56,"x":0.445}},{"path":"leihuan_eff/00006","type":"image","name":"leihuan_eff/00006","transform":{"y":0.065,"skX":47.56,"skY":47.56,"x":0.445}},{"path":"leihuan_eff/00007","type":"image","name":"leihuan_eff/00007","transform":{"y":0.065,"skX":47.56,"skY":47.56,"x":0.445}},{"path":"leihuan_eff/00001 (3)","type":"image","name":"leihuan_eff/00001 (3)","transform":{"y":2.06,"skX":47.56,"skY":47.56,"x":2.265}},{"path":"leihuan_eff/00002 (4)","type":"image","name":"leihuan_eff/00002 (4)","transform":{"y":0.065,"skX":47.56,"skY":47.56,"x":0.445}},{"path":"leihuan_eff/00003 (3)","type":"image","name":"leihuan_eff/00003 (3)","transform":{"y":0.065,"skX":47.56,"skY":47.56,"x":0.445}},{"path":"leihuan_eff/00004 (2)","type":"image","name":"leihuan_eff/00004 (2)","transform":{"y":0.065,"skX":47.56,"skY":47.56,"x":0.445}}],"blendMode":"add","name":"leihuan_eff/00001 (3)"},{"display":[{"path":"leidun_eff/leidun001","type":"image","name":"leidun_eff/leidun001","transform":{"y":-26.31,"x":9.225}},{"path":"leidun_eff/leidun002","type":"image","name":"leidun_eff/leidun002","transform":{"y":-26.31,"x":9.225}},{"path":"leidun_eff/leidun003","type":"image","name":"leidun_eff/leidun003","transform":{"y":-26.31,"x":9.225}},{"path":"leidun_eff/leidun004","type":"image","name":"leidun_eff/leidun004","transform":{"y":-26.31,"x":9.225}},{"path":"leidun_eff/leidun006","type":"image","name":"leidun_eff/leidun006","transform":{"y":-26.31,"x":9.225}},{"path":"leidun_eff/leidun008","type":"image","name":"leidun_eff/leidun008","transform":{"y":-26.31,"x":9.225}},{"path":"leidun_eff/leidun009","type":"image","name":"leidun_eff/leidun009","transform":{"y":-26.31,"x":9.225}},{"path":"leidun_eff/leidun011","type":"image","name":"leidun_eff/leidun011","transform":{"y":-26.31,"x":9.225}}],"name":"leidun_eff/leidun2"},{"display":[{"path":"leihua_eff/spark01a","type":"image","name":"leihua_eff/spark01a","transform":{"y":0.64,"skX":68.54,"skY":68.54,"x":-0.47}},{"path":"leihua_eff/spark01b","type":"image","name":"leihua_eff/spark01b","transform":{"y":0.64,"skX":68.54,"skY":68.54,"x":-0.47}}],"blendMode":"add","name":"leihua_eff/spark01a"},{"display":[{"path":"leidun_eff/leidun001","type":"image","name":"leidun_eff/leidun001","transform":{"y":-26.31,"x":9.225}},{"path":"leidun_eff/leidun002","type":"image","name":"leidun_eff/leidun002","transform":{"y":-26.31,"x":9.225}},{"path":"leidun_eff/leidun003","type":"image","name":"leidun_eff/leidun003","transform":{"y":-26.31,"x":9.225}},{"path":"leidun_eff/leidun004","type":"image","name":"leidun_eff/leidun004","transform":{"y":-26.31,"x":9.225}},{"path":"leidun_eff/leidun006","type":"image","name":"leidun_eff/leidun006","transform":{"y":-26.31,"x":9.225}},{"path":"leidun_eff/leidun008","type":"image","name":"leidun_eff/leidun008","transform":{"y":-26.31,"x":9.225}},{"path":"leidun_eff/leidun009","type":"image","name":"leidun_eff/leidun009","transform":{"y":-26.31,"x":9.225}},{"path":"leidun_eff/leidun011","type":"image","name":"leidun_eff/leidun011","transform":{"y":-26.31,"x":9.225}}],"name":"leidun_eff/leidun1"},{"display":[{"path":"leihua_eff/spark02a","type":"image","name":"leihua_eff/spark02a","transform":{"y":-3.125,"skX":-124.78,"skY":-124.78,"x":7.5}},{"path":"leihua_eff/spark02b","type":"image","name":"leihua_eff/spark02b","transform":{"y":-1.88,"skX":-124.78,"skY":-124.78,"x":12.32}}],"blendMode":"add","name":"leihua_eff/spark02a2"},{"display":[{"path":"leidun_eff/leidun001","type":"image","name":"leidun_eff/leidun001","transform":{"y":-26.31,"x":9.225}},{"path":"leidun_eff/leidun002","type":"image","name":"leidun_eff/leidun002","transform":{"y":-26.31,"x":9.225}},{"path":"leidun_eff/leidun003","type":"image","name":"leidun_eff/leidun003","transform":{"y":-26.31,"x":9.225}},{"path":"leidun_eff/leidun004","type":"image","name":"leidun_eff/leidun004","transform":{"y":-26.31,"x":9.225}},{"path":"leidun_eff/leidun006","type":"image","name":"leidun_eff/leidun006","transform":{"y":-26.31,"x":9.225}},{"path":"leidun_eff/leidun008","type":"image","name":"leidun_eff/leidun008","transform":{"y":-26.31,"x":9.225}},{"path":"leidun_eff/leidun009","type":"image","name":"leidun_eff/leidun009","transform":{"y":-26.31,"x":9.225}},{"path":"leidun_eff/leidun011","type":"image","name":"leidun_eff/leidun011","transform":{"y":-26.31,"x":9.225}}],"name":"leidun_eff/leidun001"},{"display":[{"path":"leihua_eff/spark02a","type":"image","name":"leihua_eff/spark02a","transform":{"y":-3.125,"skX":-124.78,"skY":-124.78,"x":7.5}},{"path":"leihua_eff/spark02b","type":"image","name":"leihua_eff/spark02b","transform":{"y":-1.88,"skX":-124.78,"skY":-124.78,"x":12.32}}],"blendMode":"add","name":"leihua_eff/spark02a"},{"display":[{"path":"leibao_eff/lei_fangshe001","type":"image","name":"leibao_eff/lei_fangshe001","transform":{"y":-4.78,"x":0.245}},{"path":"leibao_eff/lei_fangshe002.png","type":"image","name":"leibao_eff/lei_fangshe002.png","transform":{"y":-4.78,"x":0.245}},{"path":"leibao_eff/lei_fangshe003.png","type":"image","name":"leibao_eff/lei_fangshe003.png","transform":{"y":-4.78,"x":0.245}},{"path":"leibao_eff/lei_fangshe004.png","type":"image","name":"leibao_eff/lei_fangshe004.png","transform":{"y":-4.78,"x":0.245}},{"path":"leibao_eff/lei_fangshe005.png","type":"image","name":"leibao_eff/lei_fangshe005.png","transform":{"y":-4.78,"x":0.245}},{"path":"leibao_eff/lei_fangshe006.png","type":"image","name":"leibao_eff/lei_fangshe006.png","transform":{"y":-4.78,"x":0.245}}],"name":"leibao_eff/lei_fangshe001"}],"name":""}],"slot":[{"name":"leibao_eff/lei_fangshe001","parent":"leibao_eff/lei_fangshe001","color":{}},{"z":1,"name":"leidun_eff/leidun001","parent":"leidun_eff/leidun001","color":{}},{"z":2,"name":"leidun_eff/leidun1","parent":"leidun_eff/leidun1","color":{}},{"z":3,"name":"leidun_eff/leidun2","parent":"leidun_eff/leidun2","color":{}},{"blendMode":"add","z":4,"parent":"leihuan_eff/00001 (3)","name":"leihuan_eff/00001 (3)","color":{}},{"z":5,"name":"00002 (3)","parent":"cichang","color":{}},{"blendMode":"add","z":6,"parent":"leihua_eff/spark01a","name":"leihua_eff/spark01a","color":{}},{"blendMode":"add","z":7,"parent":"leihua_eff/spark02a","name":"leihua_eff/spark02a","color":{}},{"blendMode":"add","z":8,"parent":"leihua_eff/spark02a2","name":"leihua_eff/spark02a2","color":{}}],"name":"armatureName"}],"name":"lei_cichang-leidun_eff","version":"4.0"}