{"frameRate":30,"isGlobal":0,"armature":[{"skin":[{"name":"","slot":[{"display":[{"path":"zi_fangshe_03_eff_pz","type":"image","name":"zi_fangshe_03_eff_pz","transform":{"scX":9.277,"scY":9.277,"x":-0.7}}],"name":"zi_fangshe_03_eff_pz"},{"display":[{"path":"zi_fangshe_03_eff_02","type":"image","name":"zi_fangshe_03_eff_02","transform":{"y":0.9,"x":-1.28}},{"path":"zi_fangshe_03_eff_03","type":"image","name":"zi_fangshe_03_eff_03","transform":{"y":0.9,"x":-3.73}},{"path":"zi_fangshe_03_eff_04","type":"image","name":"zi_fangshe_03_eff_04","transform":{"y":0.9,"x":-3.73}},{"path":"zi_fangshe_03_eff_05","type":"image","name":"zi_fangshe_03_eff_05","transform":{"y":0.9,"x":-3.73}},{"path":"zi_fangshe_03_eff_06","type":"image","name":"zi_fangshe_03_eff_06","transform":{"y":0.9,"x":-3.73}}],"name":"zi_fangshe_03_eff_02"},{"display":[{"path":"zi_fangshe_03_eff_01","type":"image","name":"zi_fangshe_03_eff_01","transform":{"y":-1.79,"x":-0.41}}],"name":"zi_fangshe_03_eff_01"}]}],"slot":[{"name":"zi_fangshe_03_eff_pz","parent":"root","color":{}},{"z":1,"name":"zi_fangshe_03_eff_01","parent":"zi_fangshe_03_eff_01","color":{}},{"z":2,"name":"zi_fangshe_03_eff_02","parent":"zi_fangshe_03_eff_02","color":{}}],"type":"Armature","ik":[],"defaultActions":[{"gotoAndPlay":"000_animation"}],"animation":[{"ffd":[],"frame":[],"duration":30,"ik":[],"bone":[{"frame":[{"tweenEasing":0,"duration":30,"transform":{}},{"duration":0,"transform":{}}],"name":"zi_fangshe_03_eff_02"},{"frame":[{"tweenEasing":0,"duration":10,"transform":{}},{"tweenEasing":0,"duration":5,"transform":{"skX":-240,"skY":-240}},{"tweenEasing":0,"duration":5,"transform":{"skX":-240,"skY":-240,"scX":1.177,"scY":1.177}},{"tweenEasing":0,"duration":10,"transform":{"skX":-120,"skY":-120,"scX":1.177,"scY":1.177}},{"duration":0,"transform":{}}],"name":"zi_fangshe_03_eff_01"},{"frame":[{"tweenEasing":0,"duration":30,"transform":{}},{"duration":0,"transform":{}}],"name":"root"}],"slot":[{"frame":[{"tweenEasing":0,"duration":10,"color":{"aM":0}},{"tweenEasing":null,"duration":10},{"tweenEasing":0,"duration":10},{"tweenEasing":null,"duration":0,"color":{"aM":0}}],"name":"zi_fangshe_03_eff_01"},{"frame":[{"tweenEasing":0,"duration":3,"color":{"aM":0}},{"tweenEasing":0,"displayIndex":1,"duration":3},{"tweenEasing":0,"displayIndex":2,"duration":3},{"tweenEasing":0,"displayIndex":3,"duration":1},{"tweenEasing":null,"displayIndex":3,"duration":2},{"tweenEasing":0,"displayIndex":4,"duration":3},{"tweenEasing":0,"duration":3},{"tweenEasing":0,"displayIndex":1,"duration":2},{"tweenEasing":0,"displayIndex":1,"duration":1},{"tweenEasing":0,"displayIndex":2,"duration":3},{"tweenEasing":0,"displayIndex":3,"duration":3},{"tweenEasing":0,"displayIndex":4,"duration":3},{"tweenEasing":null,"duration":0,"color":{"aM":0}}],"name":"zi_fangshe_03_eff_02"}],"name":"000_animation"},{"ffd":[],"frame":[],"duration":15,"ik":[],"bone":[{"frame":[{"duration":15,"transform":{}},{"duration":0,"transform":{}}],"name":"zi_fangshe_03_eff_02"},{"frame":[{"tweenEasing":0,"duration":5,"transform":{}},{"tweenEasing":0,"duration":5,"transform":{"skX":-240,"skY":-240}},{"tweenEasing":0,"duration":5,"transform":{"skX":-120,"skY":-120}},{"duration":0,"transform":{}}],"name":"zi_fangshe_03_eff_01"},{"frame":[{"duration":15,"transform":{"scY":0.372}}],"name":"root"}],"slot":[{"frame":[{"tweenEasing":null,"duration":5},{"tweenEasing":null,"duration":5},{"tweenEasing":0,"duration":5},{"tweenEasing":null,"duration":0,"color":{"aM":0}}],"name":"zi_fangshe_03_eff_01"},{"frame":[{"tweenEasing":0,"duration":3},{"tweenEasing":0,"displayIndex":1,"duration":3},{"tweenEasing":0,"displayIndex":2,"duration":3},{"tweenEasing":0,"displayIndex":3,"duration":1},{"tweenEasing":0,"displayIndex":3,"duration":2},{"tweenEasing":0,"displayIndex":4,"duration":3},{"tweenEasing":null,"duration":0,"color":{"aM":0}}],"name":"zi_fangshe_03_eff_02"}],"name":"001_animation2"},{"ffd":[],"frame":[],"duration":30,"ik":[],"bone":[{"frame":[{"tweenEasing":0,"duration":30,"transform":{"y":-200}},{"duration":0,"transform":{}}],"name":"zi_fangshe_03_eff_02"},{"frame":[{"tweenEasing":0,"duration":10,"transform":{"y":-200}},{"tweenEasing":0,"duration":5,"transform":{"skX":-240,"skY":-240,"y":-200}},{"tweenEasing":0,"duration":5,"transform":{"skX":-240,"skY":-240,"scX":1.177,"y":-200,"scY":1.177}},{"tweenEasing":0,"duration":10,"transform":{"skX":-120,"skY":-120,"scX":1.177,"y":-200,"scY":1.177}},{"duration":0,"transform":{}}],"name":"zi_fangshe_03_eff_01"},{"frame":[{"tweenEasing":0,"duration":10,"transform":{}},{"tweenEasing":0,"duration":10,"transform":{"skX":-240,"skY":-240}},{"tweenEasing":0,"duration":10,"transform":{"skX":-120,"skY":-120}},{"duration":0,"transform":{"scX":0.363,"scY":0.363}}],"name":"root"}],"slot":[{"frame":[{"tweenEasing":0,"duration":10,"color":{"aM":0}},{"tweenEasing":null,"duration":10},{"tweenEasing":0,"duration":10},{"tweenEasing":null,"duration":0,"color":{"aM":0}}],"name":"zi_fangshe_03_eff_01"},{"frame":[{"tweenEasing":0,"duration":3,"color":{"aM":0}},{"tweenEasing":0,"displayIndex":1,"duration":3},{"tweenEasing":0,"displayIndex":2,"duration":3},{"tweenEasing":0,"displayIndex":3,"duration":1},{"tweenEasing":null,"displayIndex":3,"duration":2},{"tweenEasing":0,"displayIndex":4,"duration":3},{"tweenEasing":0,"duration":3},{"tweenEasing":0,"displayIndex":1,"duration":2},{"tweenEasing":0,"displayIndex":1,"duration":1},{"tweenEasing":0,"displayIndex":2,"duration":3},{"tweenEasing":0,"displayIndex":3,"duration":3},{"tweenEasing":0,"displayIndex":4,"duration":3},{"tweenEasing":null,"duration":0,"color":{"aM":0}}],"name":"zi_fangshe_03_eff_02"}],"name":"002_animation3"},{"ffd":[],"frame":[],"duration":30,"ik":[],"bone":[{"frame":[{"tweenEasing":0,"duration":30,"transform":{"y":-200}},{"duration":0,"transform":{}}],"name":"zi_fangshe_03_eff_02"},{"frame":[{"tweenEasing":0,"duration":10,"transform":{"y":-200}},{"tweenEasing":0,"duration":5,"transform":{"skX":-240,"skY":-240,"y":-200}},{"tweenEasing":0,"duration":5,"transform":{"skX":-240,"skY":-240,"scX":1.177,"y":-200,"scY":1.177}},{"tweenEasing":0,"duration":10,"transform":{"skX":-120,"skY":-120,"scX":1.177,"y":-200,"scY":1.177}},{"duration":0,"transform":{}}],"name":"zi_fangshe_03_eff_01"},{"frame":[{"tweenEasing":0,"duration":10,"transform":{"skX":-240,"skY":-240}},{"tweenEasing":0,"duration":10,"transform":{"skX":-120,"skY":-120}},{"tweenEasing":0,"duration":10,"transform":{}},{"duration":0,"transform":{"skX":-240,"skY":-240,"scX":0.363,"scY":0.363}}],"name":"root"}],"slot":[{"frame":[{"tweenEasing":0,"duration":10,"color":{"aM":0}},{"tweenEasing":null,"duration":10},{"tweenEasing":0,"duration":10},{"tweenEasing":null,"duration":0,"color":{"aM":0}}],"name":"zi_fangshe_03_eff_01"},{"frame":[{"tweenEasing":0,"duration":3,"color":{"aM":0}},{"tweenEasing":0,"displayIndex":1,"duration":3},{"tweenEasing":0,"displayIndex":2,"duration":3},{"tweenEasing":0,"displayIndex":3,"duration":1},{"tweenEasing":null,"displayIndex":3,"duration":2},{"tweenEasing":0,"displayIndex":4,"duration":3},{"tweenEasing":0,"duration":3},{"tweenEasing":0,"displayIndex":1,"duration":2},{"tweenEasing":0,"displayIndex":1,"duration":1},{"tweenEasing":0,"displayIndex":2,"duration":3},{"tweenEasing":0,"displayIndex":3,"duration":3},{"tweenEasing":0,"displayIndex":4,"duration":3},{"tweenEasing":null,"duration":0,"color":{"aM":0}}],"name":"zi_fangshe_03_eff_02"}],"name":"003_animation4"},{"ffd":[],"frame":[],"duration":30,"ik":[],"bone":[{"frame":[{"tweenEasing":0,"duration":30,"transform":{"y":-200}},{"duration":0,"transform":{}}],"name":"zi_fangshe_03_eff_02"},{"frame":[{"tweenEasing":0,"duration":10,"transform":{"y":-200}},{"tweenEasing":0,"duration":5,"transform":{"skX":-240,"skY":-240,"y":-200}},{"tweenEasing":0,"duration":5,"transform":{"skX":-240,"skY":-240,"scX":1.177,"y":-200,"scY":1.177}},{"tweenEasing":0,"duration":10,"transform":{"skX":-120,"skY":-120,"scX":1.177,"y":-200,"scY":1.177}},{"duration":0,"transform":{}}],"name":"zi_fangshe_03_eff_01"},{"frame":[{"tweenEasing":0,"duration":10,"transform":{"skX":-120,"skY":-120}},{"tweenEasing":0,"duration":10,"transform":{}},{"tweenEasing":0,"duration":10,"transform":{"skX":-240,"skY":-240}},{"duration":0,"transform":{"skX":-120,"skY":-120,"scX":0.363,"scY":0.363}}],"name":"root"}],"slot":[{"frame":[{"tweenEasing":0,"duration":10,"color":{"aM":0}},{"tweenEasing":null,"duration":10},{"tweenEasing":0,"duration":10},{"tweenEasing":null,"duration":0,"color":{"aM":0}}],"name":"zi_fangshe_03_eff_01"},{"frame":[{"tweenEasing":0,"duration":3,"color":{"aM":0}},{"tweenEasing":0,"displayIndex":1,"duration":3},{"tweenEasing":0,"displayIndex":2,"duration":3},{"tweenEasing":0,"displayIndex":3,"duration":1},{"tweenEasing":null,"displayIndex":3,"duration":2},{"tweenEasing":0,"displayIndex":4,"duration":3},{"tweenEasing":0,"duration":3},{"tweenEasing":0,"displayIndex":1,"duration":2},{"tweenEasing":0,"displayIndex":1,"duration":1},{"tweenEasing":0,"displayIndex":2,"duration":3},{"tweenEasing":0,"displayIndex":3,"duration":3},{"tweenEasing":0,"displayIndex":4,"duration":3},{"tweenEasing":null,"duration":0,"color":{"aM":0}}],"name":"zi_fangshe_03_eff_02"}],"name":"004_animation5"}],"bone":[{"name":"root","transform":{}},{"transform":{"x":0.41},"name":"zi_fangshe_03_eff_01","parent":"root"},{"transform":{"x":0.06},"name":"zi_fangshe_03_eff_02","parent":"root"}],"aabb":{"width":168.22,"y":-85.79,"height":170.69,"x":-84.72},"name":"armatureName","frameRate":30}],"name":"zi_fangshe_03_eff","version":"4.0"}