{"frameRate":30,"isGlobal":0,"armature":[{"skin":[{"name":"","slot":[{"display":[{"path":"ys_tianshi_06","type":"image","name":"ys_tianshi_06","transform":{"y":-2.29,"x":2.29}}],"name":"ys_tianshi_06"},{"display":[{"path":"ys_tianshi_08","type":"image","name":"ys_tianshi_08","transform":{"y":1.62,"x":-0.18}}],"name":"ys_tianshi_12"},{"display":[{"path":"guangbo_eff","type":"image","name":"guangbo_eff","transform":{"y":-0.92,"x":0.92}}],"blendMode":"add","name":"guangbo_eff2"},{"display":[{"path":"ys_tianshi_08","type":"image","name":"ys_tianshi_08","transform":{"y":1.62,"x":-0.18}}],"name":"ys_tianshi_11"},{"display":[{"path":"ys_tianshi_01","type":"image","name":"ys_tianshi_01","transform":{"y":-28.34,"x":2}}],"name":"ys_tianshi_01"},{"display":[{"path":"ys_tianshi_08","type":"image","name":"ys_tianshi_08","transform":{"y":1.62,"x":-0.18}}],"name":"ys_tianshi_9"},{"display":[{"path":"ys_tianshi_04","type":"image","name":"ys_tianshi_04","transform":{"y":1.15,"x":0.5}}],"name":"ys_tianshi_5"},{"display":[{"path":"ys_tianshi_07","type":"image","name":"ys_tianshi_07","transform":{"y":-6.87,"x":5.73}}],"name":"ys_tianshi_07"},{"display":[{"path":"ys_tianshi_08","type":"image","name":"ys_tianshi_08","transform":{}}],"name":"ys_tianshi_08"},{"display":[{"path":"ys_tianshi_05","type":"image","name":"ys_tianshi_05","transform":{"y":-3.43,"x":-13.75}}],"name":"ys_tianshi_05"},{"display":[{"path":"ys_tianshi_03","type":"image","name":"ys_tianshi_03","transform":{"y":1}}],"name":"ys_tianshi_03"},{"display":[{"path":"ys_tianshi_08","type":"image","name":"ys_tianshi_08","transform":{"y":1.62,"x":-0.18}}],"name":"ys_tianshi_8"},{"display":[{"path":"ys_tianshi_08","type":"image","name":"ys_tianshi_08","transform":{"y":1.62,"x":-0.18}}],"name":"ys_tianshi_10"},{"display":[{"path":"guangbo_eff","type":"image","name":"guangbo_eff","transform":{"y":-0.92,"x":0.92}}],"blendMode":"add","name":"guangbo_eff"}]}],"slot":[{"blendMode":"add","parent":"guangbo_eff","name":"guangbo_eff","color":{}},{"blendMode":"add","z":1,"parent":"guangbo_eff2","name":"guangbo_eff2","color":{}},{"z":2,"name":"ys_tianshi_01","parent":"ys_tianshi_01","color":{}},{"z":3,"name":"ys_tianshi_03","parent":"ys_tianshi_03","color":{}},{"z":4,"name":"ys_tianshi_5","parent":"ys_tianshi_5","color":{}},{"z":5,"name":"ys_tianshi_05","parent":"ys_tianshi_05","color":{}},{"z":6,"name":"ys_tianshi_06","parent":"ys_tianshi_06","color":{}},{"z":7,"name":"ys_tianshi_07","parent":"ys_tianshi_07","color":{}},{"z":8,"name":"ys_tianshi_08","parent":"ys_tianshi_08","color":{}},{"z":9,"name":"ys_tianshi_8","parent":"ys_tianshi_8","color":{}},{"z":10,"name":"ys_tianshi_9","parent":"ys_tianshi_9","color":{}},{"z":11,"name":"ys_tianshi_10","parent":"ys_tianshi_10","color":{}},{"z":12,"name":"ys_tianshi_11","parent":"ys_tianshi_11","color":{}},{"z":13,"name":"ys_tianshi_12","parent":"ys_tianshi_12","color":{}}],"type":"Armature","ik":[],"defaultActions":[{"gotoAndPlay":"animation"}],"animation":[{"ffd":[],"frame":[],"duration":30,"ik":[],"bone":[{"frame":[{"duration":30,"transform":{}}],"name":"root"},{"frame":[{"tweenEasing":0,"duration":5,"transform":{"y":222.48}},{"tweenEasing":0,"duration":25,"transform":{"scX":1.2,"y":222.48,"scY":1.2}},{"duration":0,"transform":{"scX":1.6,"y":222.48,"scY":1.6}}],"name":"ys_tianshi_01"},{"frame":[{"tweenEasing":0,"duration":30,"transform":{"y":346.26}},{"duration":0,"transform":{"scX":4,"y":345.11,"scY":4}}],"name":"ys_tianshi_03"},{"frame":[{"duration":5,"transform":{"y":228.33,"x":1.28}},{"tweenEasing":0,"duration":25,"transform":{"y":228.33,"x":1.28}},{"duration":0,"transform":{"skX":-27.8,"skY":-27.8,"y":278.36,"x":1.28}}],"name":"ys_tianshi_06"},{"frame":[{"duration":5,"transform":{"y":260.4,"x":-2.56}},{"tweenEasing":0,"duration":25,"transform":{"y":260.4,"x":-2.56}},{"duration":0,"transform":{"skX":52.68,"skY":52.68,"y":310.43,"x":-2.56}}],"name":"ys_tianshi_05"},{"frame":[{"duration":5,"transform":{"y":212.94,"x":2.56}},{"tweenEasing":0,"duration":25,"transform":{"y":212.94,"x":2.56}},{"duration":0,"transform":{"skX":-63.56,"skY":-63.56,"y":262.96,"x":2.56}}],"name":"ys_tianshi_07"},{"frame":[{"tweenEasing":0,"duration":5,"transform":{"scX":1.499,"y":21.15,"scY":1.499,"x":0.5}},{"tweenEasing":0,"duration":25,"transform":{"scX":2,"y":21.15,"scY":2,"x":0.5}},{"duration":0,"transform":{"scX":2.629,"y":21.15,"scY":2.629,"x":0.5}}],"name":"ys_tianshi_5"},{"frame":[{"tweenEasing":0,"duration":30,"transform":{"scX":1.665,"y":6.84,"scY":1.665}},{"duration":0,"transform":{"y":6.84}}],"name":"ys_tianshi_08"},{"frame":[{"tweenEasing":0,"duration":25,"transform":{"scX":0.547,"scY":0.547}},{"duration":5,"transform":{}}],"name":"ys_tianshi_12"},{"frame":[{"duration":15,"transform":{"scX":0.547,"scY":0.547}},{"tweenEasing":0,"duration":15,"transform":{"scX":0.547,"scY":0.547}},{"duration":0,"transform":{}}],"name":"ys_tianshi_11"},{"frame":[{"duration":10,"transform":{"scX":0.547,"scY":0.547}},{"tweenEasing":0,"duration":20,"transform":{"scX":0.547,"scY":0.547}},{"duration":0,"transform":{}}],"name":"ys_tianshi_10"},{"frame":[{"duration":5,"transform":{}},{"duration":25,"transform":{}},{"duration":0,"transform":{}}],"name":"ys_tianshi_9"},{"frame":[{"duration":25,"transform":{}},{"duration":5,"transform":{}}],"name":"ys_tianshi_8"},{"frame":[{"duration":30,"curve":[0,0.7,0.75,1],"transform":{"y":-164.06}},{"duration":0,"transform":{"scX":2.498,"y":-164.06,"scY":2.498}}],"name":"guangbo_eff"},{"frame":[{"tweenEasing":0,"duration":30,"transform":{"y":-164.79}},{"duration":0,"transform":{"scX":2.128,"y":-164.79,"scY":2.128}}],"name":"guangbo_eff2"}],"slot":[{"frame":[{"tweenEasing":0,"duration":5,"color":{"aM":0}},{"tweenEasing":0,"duration":25},{"tweenEasing":null,"duration":0,"color":{"aM":0}}],"name":"guangbo_eff"},{"frame":[{"tweenEasing":0,"duration":5,"color":{"aM":0}},{"tweenEasing":0,"duration":25},{"tweenEasing":null,"duration":0,"color":{"aM":0}}],"name":"guangbo_eff2"},{"frame":[{"tweenEasing":0,"duration":5,"color":{"aM":0}},{"tweenEasing":0,"duration":25},{"tweenEasing":null,"duration":0,"color":{"aM":0}}],"name":"ys_tianshi_01"},{"frame":[{"tweenEasing":0,"duration":30},{"tweenEasing":null,"duration":0,"color":{"aM":0}}],"name":"ys_tianshi_03"},{"frame":[{"tweenEasing":null,"duration":5,"color":{"aM":0}},{"tweenEasing":0,"duration":5,"color":{"aM":0}},{"tweenEasing":0,"duration":20},{"tweenEasing":null,"duration":0,"color":{"aM":0}}],"name":"ys_tianshi_05"},{"frame":[{"tweenEasing":0,"duration":5,"color":{"aM":0}},{"tweenEasing":0,"duration":25},{"tweenEasing":null,"duration":0,"color":{"aM":0}}],"name":"ys_tianshi_5"},{"frame":[{"tweenEasing":null,"duration":5,"color":{"aM":0}},{"tweenEasing":0,"duration":5,"color":{"aM":0}},{"tweenEasing":0,"duration":20},{"tweenEasing":null,"duration":0,"color":{"aM":0}}],"name":"ys_tianshi_06"},{"frame":[{"tweenEasing":null,"duration":5,"color":{"aM":0}},{"tweenEasing":0,"duration":5,"color":{"aM":0}},{"tweenEasing":0,"duration":20},{"tweenEasing":null,"duration":0,"color":{"aM":0}}],"name":"ys_tianshi_07"},{"frame":[{"tweenEasing":0,"duration":5,"color":{"aM":0}},{"tweenEasing":0,"duration":25},{"tweenEasing":null,"duration":0,"color":{"aM":0}}],"name":"ys_tianshi_08"},{"frame":[{"tweenEasing":0,"duration":5,"color":{"aM":0}},{"tweenEasing":0,"duration":20},{"tweenEasing":null,"duration":5,"color":{"aM":0}}],"name":"ys_tianshi_8"},{"frame":[{"tweenEasing":null,"duration":5,"color":{"aM":0}},{"tweenEasing":0,"duration":5,"color":{"aM":0}},{"tweenEasing":0,"duration":20},{"tweenEasing":null,"duration":0,"color":{"aM":0}}],"name":"ys_tianshi_9"},{"frame":[{"tweenEasing":null,"duration":10,"color":{"aM":0}},{"tweenEasing":0,"duration":5,"color":{"aM":0}},{"tweenEasing":0,"duration":15},{"tweenEasing":null,"duration":0,"color":{"aM":0}}],"name":"ys_tianshi_10"},{"frame":[{"tweenEasing":null,"duration":15,"color":{"aM":0}},{"tweenEasing":0,"duration":5,"color":{"aM":0}},{"tweenEasing":0,"duration":10},{"tweenEasing":null,"duration":0,"color":{"aM":0}}],"name":"ys_tianshi_11"},{"frame":[{"tweenEasing":0,"duration":5,"color":{"aM":0}},{"tweenEasing":0,"duration":20},{"tweenEasing":null,"duration":5,"color":{"aM":0}}],"name":"ys_tianshi_12"}],"name":"animation"}],"bone":[{"name":"root","transform":{}},{"transform":{"y":164.37,"x":0.3},"name":"guangbo_eff","parent":"root"},{"transform":{"y":164.37,"x":0.3},"name":"guangbo_eff2","parent":"root"},{"transform":{"y":-260.15,"x":1.5},"name":"ys_tianshi_01","parent":"root"},{"transform":{"y":-347.15,"x":-1.49},"name":"ys_tianshi_03","parent":"root"},{"transform":{"scX":0.666,"y":-195.1,"scY":0.666,"x":10.22},"name":"ys_tianshi_05","parent":"root"},{"transform":{"y":-21.15,"x":-0.5},"name":"ys_tianshi_5","parent":"root"},{"transform":{"scX":0.602,"y":-197.39,"scY":0.602,"x":-74.61},"name":"ys_tianshi_06","parent":"root"},{"transform":{"scX":0.622,"y":-196.25,"scY":0.622,"x":70.99},"name":"ys_tianshi_07","parent":"root"},{"transform":{"scX":0.6,"y":-1.62,"scY":0.6,"x":0.18},"name":"ys_tianshi_08","parent":"root"},{"transform":{"scX":0.36,"y":-64.55,"scY":0.36,"x":164.05},"name":"ys_tianshi_8","parent":"root"},{"transform":{"scX":0.388,"y":45.56,"scY":0.388,"x":97.19},"name":"ys_tianshi_9","parent":"root"},{"transform":{"scX":0.36,"y":46.87,"scY":0.36,"x":-98.13},"name":"ys_tianshi_10","parent":"root"},{"transform":{"scX":0.244,"y":-60.62,"scY":0.244,"x":-53.56},"name":"ys_tianshi_11","parent":"root"},{"transform":{"scX":0.405,"y":-44.89,"scY":0.405,"x":-178.1},"name":"ys_tianshi_12","parent":"root"}],"aabb":{"width":652.1581000000001,"y":-368.65,"height":596.0999999999999,"x":-333.1729},"name":"armatureName","frameRate":30}],"name":"ys_tianshi_eff","version":"4.0"}