{"frameRate":60,"isGlobal":0,"armature":[{"slot":[{"displayIndex":-1,"name":"000_fuji","parent":"000_fuji","color":{}},{"z":1,"name":"001_diban","parent":"001_diban","color":{}},{"z":2,"name":"002_suduxian1","parent":"002_suduxian1","color":{}},{"z":3,"name":"004_juese2","parent":"004_juese2","color":{}},{"z":4,"name":"003_juese","parent":"003_juese","color":{}},{"z":5,"name":"008_wenzi","parent":"008_wenzi","color":{}},{"z":6,"name":"003_suduxian2","parent":"003_suduxian2","color":{}}],"animation":[{"slot":[{"frame":[{"tweenEasing":0,"color":{"aM":0},"duration":5},{"tweenEasing":0,"duration":10},{"tweenEasing":0,"duration":10},{"tweenEasing":0,"duration":10},{"tweenEasing":0,"duration":10},{"tweenEasing":0,"duration":10},{"tweenEasing":0,"duration":5},{"tweenEasing":0,"duration":15},{"tweenEasing":null,"color":{"aM":0},"duration":0}],"name":"003_suduxian2"},{"frame":[{"tweenEasing":0,"color":{"aM":0},"duration":5},{"tweenEasing":0,"duration":55},{"tweenEasing":0,"duration":15},{"tweenEasing":null,"color":{"aM":0},"duration":0}],"name":"008_wenzi"},{"frame":[{"tweenEasing":0,"color":{"aM":0},"duration":5},{"tweenEasing":0,"duration":55},{"tweenEasing":0,"duration":15},{"tweenEasing":null,"color":{"aM":0},"duration":0}],"name":"003_juese"},{"frame":[{"tweenEasing":0,"color":{"bM":0,"rM":0,"gM":0,"aM":0},"duration":5},{"tweenEasing":0,"color":{"bM":0,"rM":0,"gM":0,"aM":57},"duration":55},{"tweenEasing":0,"color":{"bM":0,"rM":0,"gM":0,"aM":57},"duration":15},{"tweenEasing":null,"color":{"bM":0,"rM":0,"gM":0,"aM":0},"duration":0}],"name":"004_juese2"},{"frame":[{"tweenEasing":0,"color":{"aM":0},"duration":5},{"tweenEasing":0,"duration":10},{"tweenEasing":0,"duration":10},{"tweenEasing":0,"duration":10},{"tweenEasing":0,"duration":10},{"tweenEasing":0,"duration":10},{"tweenEasing":0,"duration":5},{"tweenEasing":0,"duration":15},{"tweenEasing":null,"color":{"aM":0},"duration":0}],"name":"002_suduxian1"},{"frame":[{"tweenEasing":0,"color":{"aM":0},"duration":5},{"tweenEasing":0,"color":{"aM":39},"duration":55},{"tweenEasing":0,"color":{"aM":39},"duration":15},{"tweenEasing":null,"color":{"aM":0},"duration":0}],"name":"001_diban"},{"frame":[{"displayIndex":-1,"tweenEasing":0,"color":{"aM":0},"duration":5},{"displayIndex":-1,"tweenEasing":0,"duration":55},{"displayIndex":-1,"tweenEasing":0,"duration":15},{"displayIndex":-1,"tweenEasing":null,"color":{"aM":0},"duration":0}],"name":"000_fuji"}],"ffd":[],"frame":[],"duration":75,"ik":[],"bone":[{"frame":[{"tweenEasing":0,"transform":{},"duration":5},{"tweenEasing":0,"transform":{},"duration":10},{"tweenEasing":0,"transform":{"scX":1.2},"duration":10},{"tweenEasing":0,"transform":{},"duration":10},{"tweenEasing":0,"transform":{"scX":1.2},"duration":10},{"tweenEasing":0,"transform":{},"duration":10},{"tweenEasing":0,"transform":{"scX":1.2},"duration":5},{"tweenEasing":0,"transform":{},"duration":15},{"transform":{},"duration":0}],"name":"003_suduxian2"},{"frame":[{"tweenEasing":0,"transform":{"y":-86,"x":407},"duration":5},{"tweenEasing":0,"transform":{"y":-86,"x":350},"duration":55},{"tweenEasing":0,"transform":{"y":-86,"x":413},"duration":15},{"transform":{"y":-86,"x":413},"duration":0}],"name":"008_wenzi"},{"frame":[{"tweenEasing":0,"transform":{"y":-6,"x":270},"duration":5},{"tweenEasing":0,"transform":{"y":-6,"x":270},"duration":55},{"tweenEasing":0,"transform":{"y":-6,"x":295},"duration":15},{"transform":{"y":-6,"x":295},"duration":0}],"name":"003_juese"},{"frame":[{"tweenEasing":0,"transform":{"y":-6,"x":310},"duration":5},{"tweenEasing":0,"transform":{"y":-6,"x":310},"duration":55},{"tweenEasing":0,"transform":{"y":-6,"x":250},"duration":15},{"transform":{"y":-6,"x":250},"duration":0}],"name":"004_juese2"},{"frame":[{"tweenEasing":0,"transform":{},"duration":5},{"tweenEasing":0,"transform":{},"duration":10},{"tweenEasing":0,"transform":{"scX":1.2},"duration":10},{"tweenEasing":0,"transform":{},"duration":10},{"tweenEasing":0,"transform":{"scX":1.2},"duration":10},{"tweenEasing":0,"transform":{},"duration":10},{"tweenEasing":0,"transform":{"scX":1.2},"duration":5},{"tweenEasing":0,"transform":{},"duration":15},{"transform":{},"duration":0}],"name":"002_suduxian1"},{"frame":[{"tweenEasing":0,"transform":{},"duration":5},{"tweenEasing":0,"transform":{},"duration":55},{"tweenEasing":0,"transform":{},"duration":15},{"transform":{},"duration":0}],"name":"001_diban"},{"frame":[{"tweenEasing":0,"transform":{"x":-300},"duration":5},{"tweenEasing":0,"transform":{},"duration":55},{"tweenEasing":0,"transform":{},"duration":15},{"transform":{"x":-500},"duration":0}],"name":"000_fuji"}],"name":"000_yuanhu_zuo"},{"slot":[{"frame":[{"tweenEasing":0,"color":{"aM":0},"duration":5},{"tweenEasing":0,"duration":10},{"tweenEasing":0,"duration":10},{"tweenEasing":0,"duration":10},{"tweenEasing":0,"duration":10},{"tweenEasing":0,"duration":10},{"tweenEasing":0,"duration":5},{"tweenEasing":0,"duration":15},{"tweenEasing":null,"color":{"aM":0},"duration":0}],"name":"003_suduxian2"},{"frame":[{"tweenEasing":0,"color":{"aM":0},"duration":5},{"tweenEasing":0,"duration":55},{"tweenEasing":0,"duration":15},{"tweenEasing":null,"color":{"aM":0},"duration":0}],"name":"008_wenzi"},{"frame":[{"tweenEasing":0,"color":{"aM":0},"duration":5},{"tweenEasing":0,"duration":55},{"tweenEasing":0,"duration":15},{"tweenEasing":null,"color":{"aM":0},"duration":0}],"name":"003_juese"},{"frame":[{"tweenEasing":0,"color":{"bM":0,"rM":0,"gM":0,"aM":0},"duration":5},{"tweenEasing":0,"color":{"bM":0,"rM":0,"gM":0,"aM":57},"duration":55},{"tweenEasing":0,"color":{"bM":0,"rM":0,"gM":0,"aM":57},"duration":15},{"tweenEasing":null,"color":{"bM":0,"rM":0,"gM":0,"aM":0},"duration":0}],"name":"004_juese2"},{"frame":[{"tweenEasing":0,"color":{"aM":0},"duration":5},{"tweenEasing":0,"duration":10},{"tweenEasing":0,"duration":10},{"tweenEasing":0,"duration":10},{"tweenEasing":0,"duration":10},{"tweenEasing":0,"duration":10},{"tweenEasing":0,"duration":5},{"tweenEasing":0,"duration":15},{"tweenEasing":null,"color":{"aM":0},"duration":0}],"name":"002_suduxian1"},{"frame":[{"tweenEasing":0,"color":{"aM":0},"duration":5},{"tweenEasing":0,"color":{"aM":39},"duration":55},{"tweenEasing":0,"color":{"aM":39},"duration":15},{"tweenEasing":null,"color":{"aM":0},"duration":0}],"name":"001_diban"},{"frame":[{"displayIndex":-1,"tweenEasing":0,"color":{"aM":0},"duration":5},{"displayIndex":-1,"tweenEasing":0,"duration":55},{"displayIndex":-1,"tweenEasing":0,"duration":15},{"displayIndex":-1,"tweenEasing":null,"color":{"aM":0},"duration":0}],"name":"000_fuji"}],"ffd":[],"frame":[],"duration":75,"ik":[],"bone":[{"frame":[{"tweenEasing":0,"transform":{},"duration":5},{"tweenEasing":0,"transform":{},"duration":10},{"tweenEasing":0,"transform":{"scX":1.2},"duration":10},{"tweenEasing":0,"transform":{},"duration":10},{"tweenEasing":0,"transform":{"scX":1.2},"duration":10},{"tweenEasing":0,"transform":{},"duration":10},{"tweenEasing":0,"transform":{"scX":1.2},"duration":5},{"tweenEasing":0,"transform":{},"duration":15},{"transform":{},"duration":0}],"name":"003_suduxian2"},{"frame":[{"tweenEasing":0,"transform":{"y":-86,"scX":-1,"x":407},"duration":5},{"tweenEasing":0,"transform":{"y":-86,"scX":-1,"x":350},"duration":55},{"tweenEasing":0,"transform":{"y":-86,"scX":-1,"x":413},"duration":15},{"transform":{"y":-86,"scX":-1,"x":413},"duration":0}],"name":"008_wenzi"},{"frame":[{"tweenEasing":0,"transform":{"y":-6,"x":270},"duration":5},{"tweenEasing":0,"transform":{"y":-6,"x":270},"duration":55},{"tweenEasing":0,"transform":{"y":-6,"x":295},"duration":15},{"transform":{"y":-6,"x":295},"duration":0}],"name":"003_juese"},{"frame":[{"tweenEasing":0,"transform":{"y":-6,"x":310},"duration":5},{"tweenEasing":0,"transform":{"y":-6,"x":310},"duration":55},{"tweenEasing":0,"transform":{"y":-6,"x":250},"duration":15},{"transform":{"y":-6,"x":250},"duration":0}],"name":"004_juese2"},{"frame":[{"tweenEasing":0,"transform":{},"duration":5},{"tweenEasing":0,"transform":{},"duration":10},{"tweenEasing":0,"transform":{"scX":1.2},"duration":10},{"tweenEasing":0,"transform":{},"duration":10},{"tweenEasing":0,"transform":{"scX":1.2},"duration":10},{"tweenEasing":0,"transform":{},"duration":10},{"tweenEasing":0,"transform":{"scX":1.2},"duration":5},{"tweenEasing":0,"transform":{},"duration":15},{"transform":{},"duration":0}],"name":"002_suduxian1"},{"frame":[{"tweenEasing":0,"transform":{},"duration":5},{"tweenEasing":0,"transform":{},"duration":55},{"tweenEasing":0,"transform":{},"duration":15},{"transform":{},"duration":0}],"name":"001_diban"},{"frame":[{"tweenEasing":0,"transform":{"scX":-1.1429,"x":300},"duration":5},{"tweenEasing":0,"transform":{"scX":-1.1429},"duration":55},{"tweenEasing":0,"transform":{"scX":-1.1429},"duration":15},{"transform":{"scX":-1.1429,"x":500},"duration":0}],"name":"000_fuji"}],"name":"001_yuanhu_you"}],"type":"Armature","name":"armatureName","defaultActions":[{"gotoAndPlay":"000_yuanhu_zuo"}],"aabb":{"width":795.9884999999999,"y":-88.99430000000001,"height":172.99530000000001,"x":-202},"skin":[{"slot":[{"display":[{"path":"zd_yuanhu_eff/diban","type":"image","name":"zd_yuanhu_eff/diban","transform":{"y":-5.4943,"x":296.4885}}],"name":"001_diban"},{"display":[{"path":"zd_yuanhu_eff/juese","type":"image","name":"zd_yuanhu_eff/juese","transform":{"y":0.501,"x":-1}}],"name":"003_juese"},{"display":[{"path":"zd_yuanhu_eff/juese","type":"image","name":"zd_yuanhu_eff/juese","transform":{"y":0.501}}],"name":"004_juese2"},{"display":[{"path":"zd_yuanhu_eff/wenzi","type":"image","name":"zd_yuanhu_eff/wenzi","transform":{}}],"name":"008_wenzi"},{"display":[{"path":"zd_yuanhu_eff/02","type":"image","name":"zd_yuanhu_eff/02","transform":{"x":103.5}}],"name":"003_suduxian2"},{"display":[{"path":"zd_yuanhu_eff/03","type":"image","name":"zd_yuanhu_eff/03","transform":{"y":0.4935,"x":204}}],"name":"002_suduxian1"}],"name":""}],"bone":[{"inheritScale":false,"name":"000_fuji","transform":{"scX":0.7,"scY":0.7}},{"inheritScale":false,"transform":{},"name":"001_diban","parent":"000_fuji"},{"inheritScale":false,"transform":{},"name":"002_suduxian1","parent":"000_fuji"},{"inheritScale":false,"transform":{},"name":"004_juese2","parent":"000_fuji"},{"inheritScale":false,"transform":{},"name":"003_juese","parent":"000_fuji"},{"inheritScale":false,"transform":{},"name":"003_suduxian2","parent":"000_fuji"},{"inheritScale":false,"transform":{},"name":"008_wenzi","parent":"001_diban"}],"frameRate":60,"ik":[]}],"name":"ui_zhandou_yuanhu","version":"4.0"}