{"frameRate":30,"isGlobal":0,"armature":[{"defaultActions":[{"gotoAndPlay":"0000_huolong"}],"animation":[{"frame":[],"duration":18,"slot":[{"frame":[{"tweenEasing":null,"displayIndex":-1,"duration":18}],"name":"cheng_huoyan_01_eff/cheng_huoyan_01_eff_01"},{"frame":[{"tweenEasing":null,"displayIndex":-1,"duration":18}],"name":"cheng_huoyan_01_eff/cheng_huoyan_01_eff_1"},{"frame":[{"tweenEasing":null,"displayIndex":-1,"duration":18}],"name":"cheng_huoyan_01_eff/cheng_huoyan_01_eff_2"},{"frame":[{"tweenEasing":null,"displayIndex":-1,"duration":18}],"name":"cheng_huoyan_01_eff/cheng_huoyan_01_eff_3"},{"frame":[{"tweenEasing":null,"displayIndex":-1,"duration":18}],"name":"cheng_huoyan_01_eff/cheng_huoyan_01_eff_4"},{"frame":[{"tweenEasing":null,"displayIndex":-1,"duration":18}],"name":"dimian_eff/0_00002"},{"frame":[{"tweenEasing":0,"duration":3},{"tweenEasing":0,"displayIndex":1,"duration":3},{"tweenEasing":0,"displayIndex":2,"duration":3},{"tweenEasing":0,"displayIndex":3,"duration":3},{"tweenEasing":0,"displayIndex":4,"duration":3},{"tweenEasing":0,"displayIndex":5,"duration":3},{"tweenEasing":null,"duration":0}],"name":"huolong_eff/0_00000"},{"frame":[{"tweenEasing":null,"displayIndex":-1,"duration":18}],"name":"huozhu_eff/0_00000"},{"frame":[{"tweenEasing":null,"displayIndex":-1,"duration":18}],"name":"yanjiang2_eff/0_00000"},{"frame":[{"tweenEasing":null,"displayIndex":-1,"duration":18}],"name":"yanjiang_eff/0_00000"}],"ffd":[],"bone":[{"frame":[{"duration":18,"transform":{"y":143.15,"scX":-1,"x":-36.98}},{"duration":0,"transform":{"y":143.15,"scX":-1,"x":-36.98}}],"name":"huolong_eff/0_00000"},{"frame":[{"duration":18,"transform":{"scY":2.547,"y":18.83}},{"duration":0,"transform":{"scY":2.547,"y":18.83}}],"name":"wj_053_jin_eff_pz"},{"frame":[{"duration":18,"transform":{}}],"name":"root"},{"frame":[{"duration":18,"transform":{}}],"name":"cheng_huoyan_01_eff/cheng_huoyan_01_eff_01"},{"frame":[{"duration":18,"transform":{}}],"name":"cheng_huoyan_01_eff/cheng_huoyan_01_eff_1"},{"frame":[{"duration":18,"transform":{}}],"name":"cheng_huoyan_01_eff/cheng_huoyan_01_eff_2"},{"frame":[{"duration":18,"transform":{}}],"name":"cheng_huoyan_01_eff/cheng_huoyan_01_eff_3"},{"frame":[{"duration":18,"transform":{}}],"name":"cheng_huoyan_01_eff/cheng_huoyan_01_eff_4"},{"frame":[{"duration":18,"transform":{}}],"name":"dimian_eff/0_00002"},{"frame":[{"duration":18,"transform":{}}],"name":"huozhu_eff/0_00000"},{"frame":[{"duration":18,"transform":{}}],"name":"yanjiang2_eff/0_00000"},{"frame":[{"duration":18,"transform":{}}],"name":"yanjiang_eff/0_00000"}],"name":"0000_huolong","ik":[]},{"frame":[],"duration":55,"slot":[{"frame":[{"tweenEasing":0,"displayIndex":-1,"duration":30},{"tweenEasing":0,"duration":3},{"tweenEasing":0,"displayIndex":1,"duration":3},{"tweenEasing":0,"displayIndex":2,"duration":3},{"tweenEasing":0,"displayIndex":3,"duration":3},{"tweenEasing":0,"displayIndex":4,"duration":3},{"tweenEasing":0,"displayIndex":5,"duration":10},{"tweenEasing":null,"displayIndex":5,"duration":0,"color":{"aM":0}}],"name":"cheng_huoyan_01_eff/cheng_huoyan_01_eff_01"},{"frame":[{"tweenEasing":0,"displayIndex":-1,"duration":30},{"tweenEasing":0,"duration":3},{"tweenEasing":0,"displayIndex":1,"duration":3},{"tweenEasing":0,"displayIndex":2,"duration":3},{"tweenEasing":0,"displayIndex":3,"duration":3},{"tweenEasing":0,"displayIndex":4,"duration":3},{"tweenEasing":0,"displayIndex":5,"duration":10},{"tweenEasing":null,"displayIndex":5,"duration":0,"color":{"aM":0}}],"name":"cheng_huoyan_01_eff/cheng_huoyan_01_eff_1"},{"frame":[{"tweenEasing":0,"displayIndex":-1,"duration":30},{"tweenEasing":0,"duration":3},{"tweenEasing":0,"displayIndex":1,"duration":3},{"tweenEasing":0,"displayIndex":2,"duration":3},{"tweenEasing":0,"displayIndex":3,"duration":3},{"tweenEasing":0,"displayIndex":4,"duration":3},{"tweenEasing":0,"displayIndex":5,"duration":10},{"tweenEasing":null,"displayIndex":5,"duration":0,"color":{"aM":0}}],"name":"cheng_huoyan_01_eff/cheng_huoyan_01_eff_2"},{"frame":[{"tweenEasing":0,"displayIndex":-1,"duration":30},{"tweenEasing":0,"duration":3},{"tweenEasing":0,"displayIndex":1,"duration":3},{"tweenEasing":0,"displayIndex":2,"duration":3},{"tweenEasing":0,"displayIndex":3,"duration":3},{"tweenEasing":0,"displayIndex":4,"duration":3},{"tweenEasing":0,"displayIndex":5,"duration":10},{"tweenEasing":null,"displayIndex":5,"duration":0,"color":{"aM":0}}],"name":"cheng_huoyan_01_eff/cheng_huoyan_01_eff_3"},{"frame":[{"tweenEasing":0,"displayIndex":-1,"duration":30},{"tweenEasing":0,"duration":3},{"tweenEasing":0,"displayIndex":1,"duration":3},{"tweenEasing":0,"displayIndex":2,"duration":3},{"tweenEasing":0,"displayIndex":3,"duration":3},{"tweenEasing":0,"displayIndex":4,"duration":3},{"tweenEasing":0,"displayIndex":5,"duration":10},{"tweenEasing":null,"displayIndex":5,"duration":0,"color":{"aM":0}}],"name":"cheng_huoyan_01_eff/cheng_huoyan_01_eff_4"},{"frame":[{"tweenEasing":0,"duration":3,"color":{"aM":0}},{"tweenEasing":0,"displayIndex":1,"duration":3},{"tweenEasing":0,"displayIndex":2,"duration":3},{"tweenEasing":0,"displayIndex":3,"duration":3},{"tweenEasing":0,"displayIndex":4,"duration":3},{"tweenEasing":0,"displayIndex":4,"duration":24,"color":{"aM":0}},{"tweenEasing":0,"duration":3,"color":{"aM":0}},{"tweenEasing":0,"displayIndex":1,"duration":3},{"tweenEasing":0,"displayIndex":2,"duration":3},{"tweenEasing":0,"displayIndex":3,"duration":3},{"tweenEasing":0,"displayIndex":4,"duration":3},{"tweenEasing":null,"displayIndex":4,"duration":1,"color":{"aM":0}}],"name":"dimian_eff/0_00002"},{"frame":[{"tweenEasing":0,"displayIndex":-1,"duration":44},{"tweenEasing":null,"displayIndex":-1,"duration":11}],"name":"huolong_eff/0_00000"},{"frame":[{"tweenEasing":0,"displayIndex":-1,"duration":24,"color":{"aM":0}},{"tweenEasing":0,"duration":3},{"tweenEasing":0,"displayIndex":1,"duration":3},{"tweenEasing":0,"displayIndex":2,"duration":3},{"tweenEasing":0,"displayIndex":3,"duration":3},{"tweenEasing":0,"displayIndex":4,"duration":3},{"tweenEasing":0,"displayIndex":5,"duration":3},{"tweenEasing":0,"displayIndex":6,"duration":3},{"tweenEasing":0,"displayIndex":7,"duration":4},{"tweenEasing":null,"displayIndex":7,"duration":6,"color":{"aM":0}}],"name":"huozhu_eff/0_00000"},{"frame":[{"tweenEasing":0,"duration":10,"color":{"aM":0}},{"tweenEasing":0,"duration":3,"color":{"aM":0}},{"tweenEasing":0,"displayIndex":1,"duration":3},{"tweenEasing":0,"displayIndex":2,"duration":3},{"tweenEasing":0,"displayIndex":3,"duration":3},{"tweenEasing":0,"displayIndex":4,"duration":3},{"tweenEasing":0,"displayIndex":5,"duration":3},{"tweenEasing":0,"displayIndex":6,"duration":2},{"tweenEasing":0,"displayIndex":6,"duration":1},{"tweenEasing":0,"displayIndex":7,"duration":3},{"tweenEasing":0,"duration":3},{"tweenEasing":0,"displayIndex":1,"duration":3},{"tweenEasing":0,"displayIndex":2,"duration":3},{"tweenEasing":0,"displayIndex":3,"duration":2},{"tweenEasing":null,"displayIndex":4,"duration":10,"color":{"aM":0}}],"name":"yanjiang2_eff/0_00000"},{"frame":[{"tweenEasing":0,"duration":3},{"tweenEasing":0,"displayIndex":1,"duration":3},{"tweenEasing":0,"displayIndex":2,"duration":3},{"tweenEasing":0,"displayIndex":3,"duration":3},{"tweenEasing":0,"displayIndex":4,"duration":3},{"tweenEasing":0,"displayIndex":5,"duration":3},{"tweenEasing":0,"displayIndex":6,"duration":3},{"tweenEasing":0,"displayIndex":7,"duration":9,"color":{"aM":0}},{"tweenEasing":0,"duration":3},{"tweenEasing":0,"displayIndex":1,"duration":3},{"tweenEasing":0,"displayIndex":2,"duration":3},{"tweenEasing":0,"displayIndex":3,"duration":3},{"tweenEasing":0,"displayIndex":4,"duration":3},{"tweenEasing":0,"displayIndex":5,"duration":3},{"tweenEasing":0,"displayIndex":6,"duration":3},{"tweenEasing":null,"displayIndex":7,"duration":4,"color":{"aM":0}}],"name":"yanjiang_eff/0_00000"}],"ffd":[],"bone":[{"frame":[{"duration":24,"transform":{}},{"duration":20,"transform":{}},{"duration":11,"transform":{}}],"name":"huolong_eff/0_00000"},{"frame":[{"duration":15,"transform":{"scY":3,"y":0.275,"scX":3,"x":-202.735}},{"duration":24,"transform":{"scY":3,"y":0.275,"scX":3,"x":-202.735}},{"duration":15,"transform":{"scY":3,"y":0.275,"scX":3,"x":-202.735}},{"duration":1,"transform":{"scY":3,"y":0.275,"scX":3,"x":-202.735}}],"name":"dimian_eff/0_00002"},{"frame":[{"tweenEasing":0,"duration":24,"transform":{"y":138.5,"x":-381.35}},{"duration":21,"transform":{"scY":1.5,"y":138.5,"scX":1.5,"x":-381.35}},{"duration":4,"transform":{"scY":1.5,"y":138.5,"scX":1.5,"x":-381.35}},{"duration":6,"transform":{"scY":1.5,"y":138.5,"scX":1.5,"x":-381.35}}],"name":"huozhu_eff/0_00000"},{"frame":[{"duration":55,"transform":{}}],"name":"root"},{"frame":[{"duration":21,"transform":{"scY":1.5,"y":-80.52,"scX":1.5,"x":-221.73}},{"duration":9,"transform":{"scY":1.5,"y":-80.52,"scX":1.5,"x":-221.73}},{"duration":25,"transform":{"scY":1.5,"y":-80.52,"scX":1.5,"x":-221.73}}],"name":"yanjiang_eff/0_00000"},{"frame":[{"duration":10,"transform":{"scY":1.5,"y":-156.16,"scX":1.5,"x":-251.77}},{"duration":45,"transform":{"scY":1.5,"y":-156.16,"scX":1.5,"x":-251.77}}],"name":"yanjiang2_eff/0_00000"},{"frame":[{"tweenEasing":0,"duration":30,"transform":{}},{"duration":25,"transform":{"y":-298.1,"x":-350.455}}],"name":"cheng_huoyan_01_eff/cheng_huoyan_01_eff_01"},{"frame":[{"tweenEasing":0,"duration":30,"transform":{}},{"duration":25,"transform":{"y":-311.99,"x":6.41}}],"name":"cheng_huoyan_01_eff/cheng_huoyan_01_eff_1"},{"frame":[{"tweenEasing":0,"duration":30,"transform":{}},{"duration":25,"transform":{"y":-243.61,"x":-344.045}}],"name":"cheng_huoyan_01_eff/cheng_huoyan_01_eff_2"},{"frame":[{"tweenEasing":0,"duration":30,"transform":{}},{"duration":25,"transform":{"y":-270.32,"x":-240.405}}],"name":"cheng_huoyan_01_eff/cheng_huoyan_01_eff_3"},{"frame":[{"tweenEasing":0,"duration":30,"transform":{}},{"duration":25,"transform":{"y":-236.13,"x":-193.39}}],"name":"cheng_huoyan_01_eff/cheng_huoyan_01_eff_4"},{"frame":[{"duration":30,"transform":{"scY":5.624,"y":-63.415,"scX":5.624}},{"duration":25,"transform":{"scY":5.624,"y":-63.415,"scX":5.624}},{"duration":0,"transform":{"scY":5.624,"y":-63.415,"scX":5.624}}],"name":"wj_053_jin_eff_pz"}],"name":"0001_huoyu","ik":[]},{"frame":[],"duration":55,"slot":[{"frame":[{"tweenEasing":0,"displayIndex":-1,"duration":30},{"tweenEasing":0,"duration":3},{"tweenEasing":0,"displayIndex":1,"duration":3},{"tweenEasing":0,"displayIndex":2,"duration":3},{"tweenEasing":0,"displayIndex":3,"duration":3},{"tweenEasing":0,"displayIndex":4,"duration":3},{"tweenEasing":0,"displayIndex":5,"duration":10},{"tweenEasing":null,"displayIndex":5,"duration":0,"color":{"aM":0}}],"name":"cheng_huoyan_01_eff/cheng_huoyan_01_eff_01"},{"frame":[{"tweenEasing":0,"displayIndex":-1,"duration":30},{"tweenEasing":0,"duration":3},{"tweenEasing":0,"displayIndex":1,"duration":3},{"tweenEasing":0,"displayIndex":2,"duration":3},{"tweenEasing":0,"displayIndex":3,"duration":3},{"tweenEasing":0,"displayIndex":4,"duration":3},{"tweenEasing":0,"displayIndex":5,"duration":10},{"tweenEasing":null,"displayIndex":5,"duration":0,"color":{"aM":0}}],"name":"cheng_huoyan_01_eff/cheng_huoyan_01_eff_1"},{"frame":[{"tweenEasing":0,"displayIndex":-1,"duration":30},{"tweenEasing":0,"duration":3},{"tweenEasing":0,"displayIndex":1,"duration":3},{"tweenEasing":0,"displayIndex":2,"duration":3},{"tweenEasing":0,"displayIndex":3,"duration":3},{"tweenEasing":0,"displayIndex":4,"duration":3},{"tweenEasing":0,"displayIndex":5,"duration":10},{"tweenEasing":null,"displayIndex":5,"duration":0,"color":{"aM":0}}],"name":"cheng_huoyan_01_eff/cheng_huoyan_01_eff_2"},{"frame":[{"tweenEasing":0,"displayIndex":-1,"duration":30},{"tweenEasing":0,"duration":3},{"tweenEasing":0,"displayIndex":1,"duration":3},{"tweenEasing":0,"displayIndex":2,"duration":3},{"tweenEasing":0,"displayIndex":3,"duration":3},{"tweenEasing":0,"displayIndex":4,"duration":3},{"tweenEasing":0,"displayIndex":5,"duration":10},{"tweenEasing":null,"displayIndex":5,"duration":0,"color":{"aM":0}}],"name":"cheng_huoyan_01_eff/cheng_huoyan_01_eff_3"},{"frame":[{"tweenEasing":0,"displayIndex":-1,"duration":30},{"tweenEasing":0,"duration":3},{"tweenEasing":0,"displayIndex":1,"duration":3},{"tweenEasing":0,"displayIndex":2,"duration":3},{"tweenEasing":0,"displayIndex":3,"duration":3},{"tweenEasing":0,"displayIndex":4,"duration":3},{"tweenEasing":0,"displayIndex":5,"duration":10},{"tweenEasing":null,"displayIndex":5,"duration":0,"color":{"aM":0}}],"name":"cheng_huoyan_01_eff/cheng_huoyan_01_eff_4"},{"frame":[{"tweenEasing":0,"duration":3,"color":{"aM":0}},{"tweenEasing":0,"displayIndex":1,"duration":3},{"tweenEasing":0,"displayIndex":2,"duration":3},{"tweenEasing":0,"displayIndex":3,"duration":3},{"tweenEasing":0,"displayIndex":4,"duration":3},{"tweenEasing":0,"displayIndex":4,"duration":24,"color":{"aM":0}},{"tweenEasing":0,"duration":3,"color":{"aM":0}},{"tweenEasing":0,"displayIndex":1,"duration":3},{"tweenEasing":0,"displayIndex":2,"duration":3},{"tweenEasing":0,"displayIndex":3,"duration":3},{"tweenEasing":0,"displayIndex":4,"duration":3},{"tweenEasing":null,"displayIndex":4,"duration":1,"color":{"aM":0}}],"name":"dimian_eff/0_00002"},{"frame":[{"tweenEasing":0,"displayIndex":-1,"duration":44},{"tweenEasing":null,"displayIndex":-1,"duration":11}],"name":"huolong_eff/0_00000"},{"frame":[{"tweenEasing":null,"displayIndex":-1,"duration":55,"color":{"aM":0}}],"name":"huozhu_eff/0_00000"},{"frame":[{"tweenEasing":0,"duration":10,"color":{"aM":0}},{"tweenEasing":0,"duration":3,"color":{"aM":0}},{"tweenEasing":0,"displayIndex":1,"duration":3},{"tweenEasing":0,"displayIndex":2,"duration":3},{"tweenEasing":0,"displayIndex":3,"duration":3},{"tweenEasing":0,"displayIndex":4,"duration":3},{"tweenEasing":0,"displayIndex":5,"duration":3},{"tweenEasing":0,"displayIndex":6,"duration":2},{"tweenEasing":0,"displayIndex":6,"duration":1},{"tweenEasing":0,"displayIndex":7,"duration":3},{"tweenEasing":0,"duration":3},{"tweenEasing":0,"displayIndex":1,"duration":3},{"tweenEasing":0,"displayIndex":2,"duration":3},{"tweenEasing":0,"displayIndex":3,"duration":2},{"tweenEasing":null,"displayIndex":4,"duration":10,"color":{"aM":0}}],"name":"yanjiang2_eff/0_00000"},{"frame":[{"tweenEasing":0,"duration":3},{"tweenEasing":0,"displayIndex":1,"duration":3},{"tweenEasing":0,"displayIndex":2,"duration":3},{"tweenEasing":0,"displayIndex":3,"duration":3},{"tweenEasing":0,"displayIndex":4,"duration":3},{"tweenEasing":0,"displayIndex":5,"duration":3},{"tweenEasing":0,"displayIndex":6,"duration":3},{"tweenEasing":0,"displayIndex":7,"duration":9,"color":{"aM":0}},{"tweenEasing":0,"duration":3},{"tweenEasing":0,"displayIndex":1,"duration":3},{"tweenEasing":0,"displayIndex":2,"duration":3},{"tweenEasing":0,"displayIndex":3,"duration":3},{"tweenEasing":0,"displayIndex":4,"duration":3},{"tweenEasing":0,"displayIndex":5,"duration":3},{"tweenEasing":0,"displayIndex":6,"duration":3},{"tweenEasing":null,"displayIndex":7,"duration":4,"color":{"aM":0}}],"name":"yanjiang_eff/0_00000"}],"ffd":[],"bone":[{"frame":[{"duration":24,"transform":{}},{"duration":20,"transform":{}},{"duration":11,"transform":{}}],"name":"huolong_eff/0_00000"},{"frame":[{"duration":15,"transform":{"scY":3,"y":0.275,"scX":3,"x":-202.735}},{"duration":24,"transform":{"scY":3,"y":0.275,"scX":3,"x":-202.735}},{"duration":15,"transform":{"scY":3,"y":0.275,"scX":3,"x":-202.735}},{"duration":1,"transform":{"scY":3,"y":0.275,"scX":3,"x":-202.735}}],"name":"dimian_eff/0_00002"},{"frame":[{"duration":55,"transform":{"y":138.5,"x":-381.35}}],"name":"huozhu_eff/0_00000"},{"frame":[{"duration":55,"transform":{}}],"name":"root"},{"frame":[{"duration":21,"transform":{"scY":1.5,"y":-80.52,"scX":1.5,"x":-221.73}},{"duration":9,"transform":{"scY":1.5,"y":-80.52,"scX":1.5,"x":-221.73}},{"duration":25,"transform":{"scY":1.5,"y":-80.52,"scX":1.5,"x":-221.73}}],"name":"yanjiang_eff/0_00000"},{"frame":[{"duration":10,"transform":{"scY":1.5,"y":-156.16,"scX":1.5,"x":-251.77}},{"duration":45,"transform":{"scY":1.5,"y":-156.16,"scX":1.5,"x":-251.77}}],"name":"yanjiang2_eff/0_00000"},{"frame":[{"tweenEasing":0,"duration":30,"transform":{}},{"duration":25,"transform":{"y":-298.1,"x":-350.455}}],"name":"cheng_huoyan_01_eff/cheng_huoyan_01_eff_01"},{"frame":[{"tweenEasing":0,"duration":30,"transform":{}},{"duration":25,"transform":{"y":-311.99,"x":6.41}}],"name":"cheng_huoyan_01_eff/cheng_huoyan_01_eff_1"},{"frame":[{"tweenEasing":0,"duration":30,"transform":{}},{"duration":25,"transform":{"y":-243.61,"x":-344.045}}],"name":"cheng_huoyan_01_eff/cheng_huoyan_01_eff_2"},{"frame":[{"tweenEasing":0,"duration":30,"transform":{}},{"duration":25,"transform":{"y":-270.32,"x":-240.405}}],"name":"cheng_huoyan_01_eff/cheng_huoyan_01_eff_3"},{"frame":[{"tweenEasing":0,"duration":30,"transform":{}},{"duration":25,"transform":{"y":-236.13,"x":-193.39}}],"name":"cheng_huoyan_01_eff/cheng_huoyan_01_eff_4"},{"frame":[{"duration":30,"transform":{"scY":5.624,"y":-63.415,"scX":5.624}},{"duration":25,"transform":{"scY":5.624,"y":-63.415,"scX":5.624}},{"duration":0,"transform":{"scY":5.624,"y":-63.415,"scX":5.624}}],"name":"wj_053_jin_eff_pz"}],"name":"0002_huozhu_xuli","ik":[]},{"frame":[],"duration":25,"slot":[{"frame":[{"tweenEasing":null,"displayIndex":-1,"duration":25}],"name":"cheng_huoyan_01_eff/cheng_huoyan_01_eff_01"},{"frame":[{"tweenEasing":null,"displayIndex":-1,"duration":25}],"name":"cheng_huoyan_01_eff/cheng_huoyan_01_eff_1"},{"frame":[{"tweenEasing":null,"displayIndex":-1,"duration":25}],"name":"cheng_huoyan_01_eff/cheng_huoyan_01_eff_2"},{"frame":[{"tweenEasing":null,"displayIndex":-1,"duration":25}],"name":"cheng_huoyan_01_eff/cheng_huoyan_01_eff_3"},{"frame":[{"tweenEasing":null,"displayIndex":-1,"duration":25}],"name":"cheng_huoyan_01_eff/cheng_huoyan_01_eff_4"},{"frame":[{"tweenEasing":null,"displayIndex":-1,"duration":25}],"name":"dimian_eff/0_00002"},{"frame":[{"tweenEasing":null,"displayIndex":-1,"duration":25}],"name":"huolong_eff/0_00000"},{"frame":[{"tweenEasing":0,"duration":1},{"tweenEasing":0,"displayIndex":1,"duration":1},{"tweenEasing":0,"displayIndex":2,"duration":3},{"tweenEasing":0,"displayIndex":3,"duration":3},{"tweenEasing":0,"displayIndex":4,"duration":3},{"tweenEasing":0,"displayIndex":5,"duration":3},{"tweenEasing":0,"displayIndex":6,"duration":3},{"tweenEasing":0,"displayIndex":7,"duration":8},{"tweenEasing":null,"displayIndex":7,"duration":0,"color":{"aM":0}}],"name":"huozhu_eff/0_00000"},{"frame":[{"tweenEasing":null,"displayIndex":-1,"duration":25}],"name":"yanjiang2_eff/0_00000"},{"frame":[{"tweenEasing":null,"displayIndex":-1,"duration":25}],"name":"yanjiang_eff/0_00000"}],"ffd":[],"bone":[{"frame":[{"duration":17,"transform":{"scY":1.5,"y":138.5,"scX":1.5,"x":-359.81}},{"duration":8,"transform":{"scY":1.5,"y":138.5,"scX":1.5,"x":-359.81}},{"duration":0,"transform":{"scY":1.5,"y":138.5,"scX":1.5,"x":-359.81}}],"name":"huozhu_eff/0_00000"},{"frame":[{"duration":25,"transform":{}}],"name":"cheng_huoyan_01_eff/cheng_huoyan_01_eff_4"},{"frame":[{"duration":25,"transform":{"scY":6.776,"y":-74.41,"scX":5.714}}],"name":"wj_053_jin_eff_pz"},{"frame":[{"duration":25,"transform":{}}],"name":"root"},{"frame":[{"duration":25,"transform":{}}],"name":"cheng_huoyan_01_eff/cheng_huoyan_01_eff_01"},{"frame":[{"duration":25,"transform":{}}],"name":"cheng_huoyan_01_eff/cheng_huoyan_01_eff_1"},{"frame":[{"duration":25,"transform":{}}],"name":"cheng_huoyan_01_eff/cheng_huoyan_01_eff_2"},{"frame":[{"duration":25,"transform":{}}],"name":"cheng_huoyan_01_eff/cheng_huoyan_01_eff_3"},{"frame":[{"duration":25,"transform":{}}],"name":"dimian_eff/0_00002"},{"frame":[{"duration":25,"transform":{}}],"name":"huolong_eff/0_00000"},{"frame":[{"duration":25,"transform":{}}],"name":"yanjiang2_eff/0_00000"},{"frame":[{"duration":25,"transform":{}}],"name":"yanjiang_eff/0_00000"}],"name":"0003_huozhu_baofa","ik":[]}],"type":"Armature","frameRate":30,"ik":[],"bone":[{"name":"root","transform":{}},{"length":93,"transform":{"y":289.985,"skX":-90,"skY":-90,"x":149.085},"parent":"root","name":"cheng_huoyan_01_eff/cheng_huoyan_01_eff_01"},{"length":93,"transform":{"y":289.985,"skX":-90,"skY":-90,"x":195.295},"parent":"root","name":"cheng_huoyan_01_eff/cheng_huoyan_01_eff_1"},{"length":93,"transform":{"y":289.985,"skX":-90,"skY":-90,"x":236.365},"parent":"root","name":"cheng_huoyan_01_eff/cheng_huoyan_01_eff_2"},{"length":93,"transform":{"y":289.985,"skX":-90,"skY":-90,"x":277.435},"parent":"root","name":"cheng_huoyan_01_eff/cheng_huoyan_01_eff_3"},{"length":93,"transform":{"y":289.985,"skX":-90,"skY":-90,"x":317.225},"parent":"root","name":"cheng_huoyan_01_eff/cheng_huoyan_01_eff_4"},{"transform":{"y":-3.835,"x":202.735},"name":"dimian_eff/0_00002","parent":"root"},{"length":178,"transform":{"scY":2,"y":-144.095,"scX":2,"x":140.445},"parent":"root","name":"huolong_eff/0_00000"},{"length":226.5,"transform":{"scY":2,"y":-6.27,"skX":-90.22,"skY":-90.22,"scX":2,"x":382.605},"parent":"root","name":"huozhu_eff/0_00000"},{"transform":{"y":16.445,"x":-0.54},"name":"wj_053_jin_eff_pz","parent":"root"},{"transform":{"y":165.165,"x":261.31},"name":"yanjiang2_eff/0_00000","parent":"root"},{"transform":{"y":74.505,"x":224.285},"name":"yanjiang_eff/0_00000","parent":"root"}],"aabb":{"width":433.3391663875995,"y":-261.54501385687377,"height":570.0050138568738,"x":-2.5},"skin":[{"slot":[{"display":[{"path":"cheng_huoyan_01_eff/cheng_huoyan_01_eff_01","type":"image","name":"cheng_huoyan_01_eff/cheng_huoyan_01_eff_01","transform":{"y":-0.2,"skX":90,"skY":90,"x":61.525}},{"path":"cheng_huoyan_01_eff/cheng_huoyan_01_eff_02","type":"image","name":"cheng_huoyan_01_eff/cheng_huoyan_01_eff_02","transform":{"y":-0.2,"skX":90,"skY":90,"x":61.525}},{"path":"cheng_huoyan_01_eff/cheng_huoyan_01_eff_03","type":"image","name":"cheng_huoyan_01_eff/cheng_huoyan_01_eff_03","transform":{"y":-0.2,"skX":90,"skY":90,"x":61.525}},{"path":"cheng_huoyan_01_eff/cheng_huoyan_01_eff_04","type":"image","name":"cheng_huoyan_01_eff/cheng_huoyan_01_eff_04","transform":{"y":-0.2,"skX":90,"skY":90,"x":61.525}},{"path":"cheng_huoyan_01_eff/cheng_huoyan_01_eff_05","type":"image","name":"cheng_huoyan_01_eff/cheng_huoyan_01_eff_05","transform":{"y":-0.2,"skX":90,"skY":90,"x":61.525}},{"path":"cheng_huoyan_01_eff/cheng_huoyan_01_eff_06","type":"image","name":"cheng_huoyan_01_eff/cheng_huoyan_01_eff_06","transform":{"y":-0.2,"skX":90,"skY":90,"x":61.525}}],"blendMode":"add","name":"cheng_huoyan_01_eff/cheng_huoyan_01_eff_01"},{"display":[{"path":"huolong_eff/0_00000","type":"image","name":"huolong_eff/0_00000","transform":{"y":-0.605,"x":88.325}},{"path":"huolong_eff/0_00001","type":"image","name":"huolong_eff/0_00001","transform":{"y":-0.605,"x":88.325}},{"path":"huolong_eff/0_00002","type":"image","name":"huolong_eff/0_00002","transform":{"y":-0.605,"x":88.325}},{"path":"huolong_eff/0_00003","type":"image","name":"huolong_eff/0_00003","transform":{"y":-0.605,"x":88.325}},{"path":"huolong_eff/0_00004","type":"image","name":"huolong_eff/0_00004","transform":{"y":-0.605,"x":88.325}},{"path":"huolong_eff/0_00005","type":"image","name":"huolong_eff/0_00005","transform":{"y":-0.605,"x":88.325}}],"blendMode":"add","name":"huolong_eff/0_00000"},{"display":[{"path":"yanjiang2_eff/0_00000","type":"image","name":"yanjiang2_eff/0_00000","transform":{"y":-18.28,"x":1.055}},{"path":"yanjiang2_eff/0_00001","type":"image","name":"yanjiang2_eff/0_00001","transform":{"y":-18.28,"x":1.055}},{"path":"yanjiang2_eff/0_00002","type":"image","name":"yanjiang2_eff/0_00002","transform":{"y":-18.28,"x":1.055}},{"path":"yanjiang2_eff/0_00003","type":"image","name":"yanjiang2_eff/0_00003","transform":{"y":-18.28,"x":1.055}},{"path":"yanjiang2_eff/0_00004","type":"image","name":"yanjiang2_eff/0_00004","transform":{"y":-18.28,"x":1.055}},{"path":"yanjiang2_eff/0_00005","type":"image","name":"yanjiang2_eff/0_00005","transform":{"y":-18.28,"x":1.055}},{"path":"yanjiang2_eff/0_00006","type":"image","name":"yanjiang2_eff/0_00006","transform":{"y":-18.28,"x":1.055}},{"path":"yanjiang2_eff/0_00007","type":"image","name":"yanjiang2_eff/0_00007","transform":{"y":-18.28,"x":1.055}}],"blendMode":"add","name":"yanjiang2_eff/0_00000"},{"display":[{"path":"wj_053_jin_eff_pz","type":"image","name":"wj_053_jin_eff_pz","transform":{"scY":10,"y":-16.445,"scX":10,"x":0.54}}],"name":"wj_053_jin_eff_pz"},{"display":[{"path":"yanjiang_eff/0_00000","type":"image","name":"yanjiang_eff/0_00000","transform":{"y":-11.32,"x":-0.92}},{"path":"yanjiang_eff/0_00001","type":"image","name":"yanjiang_eff/0_00001","transform":{"y":-11.32,"x":-0.92}},{"path":"yanjiang_eff/0_00002","type":"image","name":"yanjiang_eff/0_00002","transform":{"y":-11.32,"x":-0.92}},{"path":"yanjiang_eff/0_00003","type":"image","name":"yanjiang_eff/0_00003","transform":{"y":-11.32,"x":-0.92}},{"path":"yanjiang_eff/0_00004","type":"image","name":"yanjiang_eff/0_00004","transform":{"y":-11.32,"x":-0.92}},{"path":"yanjiang_eff/0_00005","type":"image","name":"yanjiang_eff/0_00005","transform":{"y":-11.32,"x":-0.92}},{"path":"yanjiang_eff/0_00006","type":"image","name":"yanjiang_eff/0_00006","transform":{"y":-11.32,"x":-0.92}},{"path":"yanjiang_eff/0_00007","type":"image","name":"yanjiang_eff/0_00007","transform":{"y":-11.32,"x":-0.92}}],"blendMode":"add","name":"yanjiang_eff/0_00000"},{"display":[{"path":"huozhu_eff/0_00000","type":"image","name":"huozhu_eff/0_00000","transform":{"y":-1.77,"skX":90.23,"skY":90.23,"x":94.52}},{"path":"huozhu_eff/0_00001","type":"image","name":"huozhu_eff/0_00001","transform":{"y":-7.145,"skX":90.23,"skY":90.23,"x":94.54}},{"path":"huozhu_eff/0_00002","type":"image","name":"huozhu_eff/0_00002","transform":{"y":-7.145,"skX":90.23,"skY":90.23,"x":94.54}},{"path":"huozhu_eff/0_00003","type":"image","name":"huozhu_eff/0_00003","transform":{"y":-7.145,"skX":90.23,"skY":90.23,"x":94.54}},{"path":"huozhu_eff/0_00004","type":"image","name":"huozhu_eff/0_00004","transform":{"y":-7.145,"skX":90.23,"skY":90.23,"x":94.54}},{"path":"huozhu_eff/0_00005","type":"image","name":"huozhu_eff/0_00005","transform":{"y":-7.145,"skX":90.23,"skY":90.23,"x":94.54}},{"path":"huozhu_eff/0_00006","type":"image","name":"huozhu_eff/0_00006","transform":{"y":-7.145,"skX":90.23,"skY":90.23,"x":94.54}},{"path":"huozhu_eff/0_00007","type":"image","name":"huozhu_eff/0_00007","transform":{"y":-7.145,"skX":90.23,"skY":90.23,"x":94.54}}],"blendMode":"add","name":"huozhu_eff/0_00000"},{"display":[{"path":"dimian_eff/0_00002","type":"image","name":"dimian_eff/0_00002","transform":{"y":-63.44,"x":0.2}},{"path":"dimian_eff/0_00003","type":"image","name":"dimian_eff/0_00003","transform":{"y":-63.44,"x":0.2}},{"path":"dimian_eff/0_00004","type":"image","name":"dimian_eff/0_00004","transform":{"y":-63.44,"x":0.2}},{"path":"dimian_eff/0_00005","type":"image","name":"dimian_eff/0_00005","transform":{"y":-63.44,"x":0.2}},{"path":"dimian_eff/0_00006","type":"image","name":"dimian_eff/0_00006","transform":{"y":-63.44,"x":0.2}}],"blendMode":"add","name":"dimian_eff/0_00002"},{"display":[{"path":"cheng_huoyan_01_eff/cheng_huoyan_01_eff_01","type":"image","name":"cheng_huoyan_01_eff/cheng_huoyan_01_eff_01","transform":{"y":-0.2,"skX":90,"skY":90,"x":61.525}},{"path":"cheng_huoyan_01_eff/cheng_huoyan_01_eff_02","type":"image","name":"cheng_huoyan_01_eff/cheng_huoyan_01_eff_02","transform":{"y":-0.2,"skX":90,"skY":90,"x":61.525}},{"path":"cheng_huoyan_01_eff/cheng_huoyan_01_eff_03","type":"image","name":"cheng_huoyan_01_eff/cheng_huoyan_01_eff_03","transform":{"y":-0.2,"skX":90,"skY":90,"x":61.525}},{"path":"cheng_huoyan_01_eff/cheng_huoyan_01_eff_04","type":"image","name":"cheng_huoyan_01_eff/cheng_huoyan_01_eff_04","transform":{"y":-0.2,"skX":90,"skY":90,"x":61.525}},{"path":"cheng_huoyan_01_eff/cheng_huoyan_01_eff_05","type":"image","name":"cheng_huoyan_01_eff/cheng_huoyan_01_eff_05","transform":{"y":-0.2,"skX":90,"skY":90,"x":61.525}},{"path":"cheng_huoyan_01_eff/cheng_huoyan_01_eff_06","type":"image","name":"cheng_huoyan_01_eff/cheng_huoyan_01_eff_06","transform":{"y":-0.2,"skX":90,"skY":90,"x":61.525}}],"blendMode":"add","name":"cheng_huoyan_01_eff/cheng_huoyan_01_eff_4"},{"display":[{"path":"cheng_huoyan_01_eff/cheng_huoyan_01_eff_01","type":"image","name":"cheng_huoyan_01_eff/cheng_huoyan_01_eff_01","transform":{"y":-0.2,"skX":90,"skY":90,"x":61.525}},{"path":"cheng_huoyan_01_eff/cheng_huoyan_01_eff_02","type":"image","name":"cheng_huoyan_01_eff/cheng_huoyan_01_eff_02","transform":{"y":-0.2,"skX":90,"skY":90,"x":61.525}},{"path":"cheng_huoyan_01_eff/cheng_huoyan_01_eff_03","type":"image","name":"cheng_huoyan_01_eff/cheng_huoyan_01_eff_03","transform":{"y":-0.2,"skX":90,"skY":90,"x":61.525}},{"path":"cheng_huoyan_01_eff/cheng_huoyan_01_eff_04","type":"image","name":"cheng_huoyan_01_eff/cheng_huoyan_01_eff_04","transform":{"y":-0.2,"skX":90,"skY":90,"x":61.525}},{"path":"cheng_huoyan_01_eff/cheng_huoyan_01_eff_05","type":"image","name":"cheng_huoyan_01_eff/cheng_huoyan_01_eff_05","transform":{"y":-0.2,"skX":90,"skY":90,"x":61.525}},{"path":"cheng_huoyan_01_eff/cheng_huoyan_01_eff_06","type":"image","name":"cheng_huoyan_01_eff/cheng_huoyan_01_eff_06","transform":{"y":-0.2,"skX":90,"skY":90,"x":61.525}}],"blendMode":"add","name":"cheng_huoyan_01_eff/cheng_huoyan_01_eff_3"},{"display":[{"path":"cheng_huoyan_01_eff/cheng_huoyan_01_eff_01","type":"image","name":"cheng_huoyan_01_eff/cheng_huoyan_01_eff_01","transform":{"y":-0.2,"skX":90,"skY":90,"x":61.525}},{"path":"cheng_huoyan_01_eff/cheng_huoyan_01_eff_02","type":"image","name":"cheng_huoyan_01_eff/cheng_huoyan_01_eff_02","transform":{"y":-0.2,"skX":90,"skY":90,"x":61.525}},{"path":"cheng_huoyan_01_eff/cheng_huoyan_01_eff_03","type":"image","name":"cheng_huoyan_01_eff/cheng_huoyan_01_eff_03","transform":{"y":-0.2,"skX":90,"skY":90,"x":61.525}},{"path":"cheng_huoyan_01_eff/cheng_huoyan_01_eff_04","type":"image","name":"cheng_huoyan_01_eff/cheng_huoyan_01_eff_04","transform":{"y":-0.2,"skX":90,"skY":90,"x":61.525}},{"path":"cheng_huoyan_01_eff/cheng_huoyan_01_eff_05","type":"image","name":"cheng_huoyan_01_eff/cheng_huoyan_01_eff_05","transform":{"y":-0.2,"skX":90,"skY":90,"x":61.525}},{"path":"cheng_huoyan_01_eff/cheng_huoyan_01_eff_06","type":"image","name":"cheng_huoyan_01_eff/cheng_huoyan_01_eff_06","transform":{"y":-0.2,"skX":90,"skY":90,"x":61.525}}],"blendMode":"add","name":"cheng_huoyan_01_eff/cheng_huoyan_01_eff_2"},{"display":[{"path":"cheng_huoyan_01_eff/cheng_huoyan_01_eff_01","type":"image","name":"cheng_huoyan_01_eff/cheng_huoyan_01_eff_01","transform":{"y":-0.2,"skX":90,"skY":90,"x":61.525}},{"path":"cheng_huoyan_01_eff/cheng_huoyan_01_eff_02","type":"image","name":"cheng_huoyan_01_eff/cheng_huoyan_01_eff_02","transform":{"y":-0.2,"skX":90,"skY":90,"x":61.525}},{"path":"cheng_huoyan_01_eff/cheng_huoyan_01_eff_03","type":"image","name":"cheng_huoyan_01_eff/cheng_huoyan_01_eff_03","transform":{"y":-0.2,"skX":90,"skY":90,"x":61.525}},{"path":"cheng_huoyan_01_eff/cheng_huoyan_01_eff_04","type":"image","name":"cheng_huoyan_01_eff/cheng_huoyan_01_eff_04","transform":{"y":-0.2,"skX":90,"skY":90,"x":61.525}},{"path":"cheng_huoyan_01_eff/cheng_huoyan_01_eff_05","type":"image","name":"cheng_huoyan_01_eff/cheng_huoyan_01_eff_05","transform":{"y":-0.2,"skX":90,"skY":90,"x":61.525}},{"path":"cheng_huoyan_01_eff/cheng_huoyan_01_eff_06","type":"image","name":"cheng_huoyan_01_eff/cheng_huoyan_01_eff_06","transform":{"y":-0.2,"skX":90,"skY":90,"x":61.525}}],"blendMode":"add","name":"cheng_huoyan_01_eff/cheng_huoyan_01_eff_1"}],"name":""}],"slot":[{"name":"wj_053_jin_eff_pz","parent":"wj_053_jin_eff_pz","color":{}},{"blendMode":"add","z":1,"parent":"huolong_eff/0_00000","name":"huolong_eff/0_00000","color":{}},{"blendMode":"add","z":2,"parent":"dimian_eff/0_00002","name":"dimian_eff/0_00002","color":{}},{"blendMode":"add","z":3,"parent":"huozhu_eff/0_00000","name":"huozhu_eff/0_00000","color":{}},{"blendMode":"add","z":4,"parent":"yanjiang_eff/0_00000","name":"yanjiang_eff/0_00000","color":{}},{"blendMode":"add","z":5,"parent":"yanjiang2_eff/0_00000","name":"yanjiang2_eff/0_00000","color":{}},{"blendMode":"add","z":6,"parent":"cheng_huoyan_01_eff/cheng_huoyan_01_eff_01","name":"cheng_huoyan_01_eff/cheng_huoyan_01_eff_01","color":{}},{"blendMode":"add","z":7,"parent":"cheng_huoyan_01_eff/cheng_huoyan_01_eff_1","name":"cheng_huoyan_01_eff/cheng_huoyan_01_eff_1","color":{}},{"blendMode":"add","z":8,"parent":"cheng_huoyan_01_eff/cheng_huoyan_01_eff_2","name":"cheng_huoyan_01_eff/cheng_huoyan_01_eff_2","color":{}},{"blendMode":"add","z":9,"parent":"cheng_huoyan_01_eff/cheng_huoyan_01_eff_3","name":"cheng_huoyan_01_eff/cheng_huoyan_01_eff_3","color":{}},{"blendMode":"add","z":10,"parent":"cheng_huoyan_01_eff/cheng_huoyan_01_eff_4","name":"cheng_huoyan_01_eff/cheng_huoyan_01_eff_4","color":{}}],"name":"armatureName"}],"name":"wj_053_jin_eff","version":"4.0"}