{"frameRate":30,"isGlobal":0,"armature":[{"bone":[{"name":"root","transform":{}},{"transform":{},"name":"Fuji","parent":"root"},{"transform":{"y":-7.46,"x":-37.49},"name":"leg_l2","parent":"root"},{"transform":{"y":-0.31,"x":90.16},"name":"hand_l","parent":"root"},{"transform":{"y":0.45,"x":-93.53},"name":"leg_r2","parent":"root"},{"transform":{"y":-10.26,"x":76.26},"name":"arm_l2","parent":"root"},{"transform":{"y":-22.95,"x":64.58},"name":"arm_l","parent":"root"},{"transform":{"y":-147.4},"name":"buff_up","parent":"root"},{"transform":{"y":-73.38},"name":"buff_mid","parent":"root"},{"transform":{"y":-13.76,"x":32.14},"name":"arm_r","parent":"root"},{"transform":{},"name":"buff_flo","parent":"root"},{"transform":{"y":-2.82,"x":-25.31},"name":"foot_l","parent":"root"},{"transform":{"y":-32.17,"x":-97.69},"name":"leg_r","parent":"root"},{"transform":{"y":12.19,"x":57.76},"name":"hand_r","parent":"root"},{"transform":{"y":-0.22,"x":44.02},"name":"arm_r2","parent":"root"},{"transform":{"y":10.25,"x":-82.99},"name":"foot_r","parent":"root"},{"transform":{"y":-35.23,"x":-53.23},"name":"leg_l","parent":"root"},{"transform":{"y":-95,"x":-50},"name":"bip","parent":"Fuji"},{"length":24,"transform":{"y":-14.02,"skX":158.83,"skY":158.83,"x":-6.52},"parent":"bip","name":"Tail"},{"length":45,"transform":{"y":-3.95,"skX":51.36,"skY":51.36,"x":3.67},"parent":"bip","name":"Thigh_L"},{"length":44,"transform":{"y":-2.11,"skX":82.85,"skY":82.85,"x":-11.73},"parent":"bip","name":"Thigh_R"},{"length":26,"transform":{"y":-2.45,"skX":23.22,"skY":23.22,"x":8.63},"parent":"bip","name":"Body"},{"length":33,"transform":{"y":0.06,"skX":-41.86,"skY":-41.86,"x":24.23},"parent":"Tail","name":"Tail2"},{"length":45,"transform":{"y":-0.05,"skX":90.31,"skY":90.31,"x":45.55},"parent":"Thigh_L","name":"Fibula_L"},{"length":46,"transform":{"y":-0.02,"skX":70.26,"skY":70.26,"x":44.02},"parent":"Thigh_R","name":"Fibula_R"},{"length":23,"transform":{"y":-0.05,"skX":-11.27,"skY":-11.27,"x":26.47},"parent":"Body","name":"spine"},{"length":28,"transform":{"y":0.03,"skX":12.29,"skY":12.29,"x":33.85},"parent":"Tail2","name":"Tail3"},{"length":31,"transform":{"y":-0.11,"skX":-81.07,"skY":-81.07,"x":45.28},"parent":"Fibula_L","name":"Leg_L"},{"length":28,"transform":{"y":0.01,"skX":-18.44,"skY":-18.44,"x":23.97},"parent":"spine","name":"waist"},{"length":33,"transform":{"y":-0.22,"skX":-70.21,"skY":-70.21,"x":46.62},"parent":"Fibula_R","name":"Leg_R"},{"length":29,"transform":{"y":15.42,"skX":133.84,"skY":133.84,"x":50.4},"parent":"waist","name":"UpArm_L"},{"length":14,"transform":{"y":-0.07,"skX":-40.03,"skY":-40.03,"x":32.82},"parent":"Leg_R","name":"Foot_R"},{"length":12,"transform":{"y":-0.06,"skX":-39.53,"skY":-39.53,"x":31.93},"parent":"Leg_L","name":"Foot_L"},{"transform":{"y":31.75,"skX":6.53,"skY":6.53,"x":-5.08},"name":"belly","parent":"waist"},{"length":53,"transform":{"skX":52.39,"skY":52.39,"x":28.44},"parent":"Tail3","name":"Tail4"},{"length":28,"transform":{"y":16.09,"skX":138.08,"skY":138.08,"x":20.77},"parent":"waist","name":"UpArm_R"},{"length":21,"transform":{"y":0.91,"skX":5.31,"skY":5.31,"x":35.76},"parent":"waist","name":"Neck"},{"length":45,"transform":{"y":4.63,"skX":31.4,"skY":31.4,"x":26.51},"parent":"Neck","name":"Head"},{"length":40,"transform":{"y":0.2,"skX":-76.3,"skY":-76.3,"x":29.43},"parent":"UpArm_R","name":"Arm_R"},{"length":35,"transform":{"y":-0.07,"skX":-81.89,"skY":-81.89,"x":30.39},"parent":"UpArm_L","name":"Arm_L"},{"length":17,"transform":{"y":0.24,"skX":1.8,"skY":1.8,"x":35.33},"parent":"Arm_L","name":"Wrist_L"},{"length":24,"transform":{"y":-14.62,"skX":-143.87,"skY":-143.87,"x":3.91},"parent":"Head","name":"Ear_R"},{"length":27,"transform":{"y":-19.23,"skX":-107.96,"skY":-107.96,"x":17.94},"parent":"Head","name":"Ear_L"},{"length":17,"transform":{"y":-0.05,"skX":-6.43,"skY":-6.43,"x":40.03},"parent":"Arm_R","name":"Wrist_R"},{"length":18,"transform":{"skX":-6.69,"skY":-6.69,"x":17.97},"parent":"Wrist_R","name":"Hand_R"},{"length":16,"transform":{"y":0.09,"skX":-11.69,"skY":-11.69,"x":17.21},"parent":"Wrist_L","name":"Hand_L"},{"length":26,"transform":{"y":0.03,"skX":-7,"skY":-7,"x":27.16},"parent":"Ear_L","name":"Ear_L2"},{"length":31,"transform":{"y":-0.12,"skX":20.88,"skY":20.88,"x":24.67},"parent":"Ear_R","name":"Ear_R2"}],"type":"Armature","frameRate":30,"animation":[{"bone":[{"frame":[{"transform":{},"duration":40},{"transform":{},"duration":40}],"name":"Fuji"},{"frame":[{"curve":[0.25,0,0.75,1],"transform":{"skX":-0.59,"skY":-0.59},"duration":20},{"curve":[0.25,0,0.75,1],"transform":{"y":2.11,"skX":0.67,"skY":0.67,"x":-1.07},"duration":20},{"tweenEasing":0,"transform":{"skX":-0.59,"skY":-0.59},"duration":20},{"curve":[0.25,0,0.75,1],"transform":{"y":2.11,"skX":0.67,"skY":0.67,"x":-1.07},"duration":20},{"transform":{"skX":-0.59,"skY":-0.59},"duration":0}],"name":"bip"},{"frame":[{"curve":[0.25,0,0.75,1],"transform":{"skX":-1.17,"skY":-1.17},"duration":20},{"curve":[0.25,0,0.75,1],"transform":{"skX":0.17,"skY":0.17},"duration":20},{"tweenEasing":0,"transform":{"skX":-1.17,"skY":-1.17},"duration":20},{"curve":[0.25,0,0.75,1],"transform":{"skX":0.17,"skY":0.17},"duration":20},{"transform":{"skX":-1.17,"skY":-1.17},"duration":0}],"name":"Body"},{"frame":[{"curve":[0.25,0,0.75,1],"transform":{"skX":-1.9,"skY":-1.9},"duration":20},{"curve":[0.25,0,0.75,1],"transform":{"skX":0.58,"skY":0.58},"duration":20},{"tweenEasing":0,"transform":{"skX":-1.9,"skY":-1.9},"duration":20},{"curve":[0.25,0,0.75,1],"transform":{"skX":0.58,"skY":0.58},"duration":20},{"transform":{"skX":-1.9,"skY":-1.9},"duration":0}],"name":"spine"},{"frame":[{"curve":[0.25,0,0.75,1],"transform":{"skX":2.78,"skY":2.78},"duration":20},{"curve":[0.25,0,0.75,1],"transform":{"skX":-5.96,"skY":-5.96},"duration":20},{"tweenEasing":0,"transform":{"skX":2.78,"skY":2.78},"duration":20},{"curve":[0.25,0,0.75,1],"transform":{"skX":-5.96,"skY":-5.96},"duration":20},{"transform":{"skX":2.78,"skY":2.78},"duration":0}],"name":"waist"},{"frame":[{"curve":[0.25,0,0.75,1],"transform":{"skX":-1.93,"skY":-1.93},"duration":20},{"curve":[0.25,0,0.75,1],"transform":{"scY":1.009,"skX":-0.68,"skY":-0.68,"scX":1.009},"duration":20},{"tweenEasing":0,"transform":{"skX":-1.93,"skY":-1.93},"duration":20},{"curve":[0.25,0,0.75,1],"transform":{"scY":1.009,"skX":-0.68,"skY":-0.68,"scX":1.009},"duration":20},{"transform":{"skX":-1.93,"skY":-1.93},"duration":0}],"name":"Neck"},{"frame":[{"curve":[0.25,0,0.75,1],"transform":{"skX":2.25,"skY":2.25},"duration":20},{"curve":[0.25,0,0.75,1],"transform":{"skX":6.56,"skY":6.56},"duration":20},{"tweenEasing":0,"transform":{"skX":2.25,"skY":2.25},"duration":20},{"curve":[0.25,0,0.75,1],"transform":{"skX":6.56,"skY":6.56},"duration":20},{"transform":{"skX":2.25,"skY":2.25},"duration":0}],"name":"Head"},{"frame":[{"transform":{},"duration":40},{"transform":{},"duration":40},{"transform":{},"duration":0}],"name":"UpArm_R"},{"frame":[{"transform":{},"duration":40},{"transform":{},"duration":40},{"transform":{},"duration":0}],"name":"Arm_R"},{"frame":[{"transform":{},"duration":40},{"transform":{},"duration":40},{"transform":{},"duration":0}],"name":"Wrist_R"},{"frame":[{"transform":{},"duration":40},{"transform":{},"duration":40},{"transform":{},"duration":0}],"name":"Hand_R"},{"frame":[{"transform":{},"duration":40},{"transform":{},"duration":40},{"transform":{},"duration":0}],"name":"UpArm_L"},{"frame":[{"transform":{},"duration":40},{"transform":{},"duration":40},{"transform":{},"duration":0}],"name":"Arm_L"},{"frame":[{"transform":{},"duration":40},{"transform":{},"duration":40},{"transform":{},"duration":0}],"name":"Wrist_L"},{"frame":[{"transform":{},"duration":40},{"transform":{},"duration":40},{"transform":{},"duration":0}],"name":"Hand_L"},{"frame":[{"transform":{},"duration":40},{"transform":{},"duration":40},{"transform":{},"duration":0}],"name":"Thigh_R"},{"frame":[{"transform":{},"duration":40},{"transform":{},"duration":40},{"transform":{},"duration":0}],"name":"Fibula_R"},{"frame":[{"transform":{},"duration":40},{"transform":{},"duration":40},{"transform":{},"duration":0}],"name":"Leg_R"},{"frame":[{"transform":{},"duration":40},{"transform":{},"duration":40},{"transform":{},"duration":0}],"name":"Foot_R"},{"frame":[{"transform":{},"duration":40},{"transform":{},"duration":40},{"transform":{},"duration":0}],"name":"Thigh_L"},{"frame":[{"transform":{},"duration":40},{"transform":{},"duration":40},{"transform":{},"duration":0}],"name":"Fibula_L"},{"frame":[{"transform":{},"duration":40},{"transform":{},"duration":40},{"transform":{},"duration":0}],"name":"Leg_L"},{"frame":[{"transform":{},"duration":40},{"transform":{},"duration":40},{"transform":{},"duration":0}],"name":"Foot_L"},{"frame":[{"curve":[0.25,0,0.75,1],"transform":{"skX":3.53,"skY":3.53},"duration":20},{"curve":[0.25,0,0.75,1],"transform":{"skX":-1.77,"skY":-1.77},"duration":20},{"tweenEasing":0,"transform":{"skX":3.53,"skY":3.53},"duration":20},{"curve":[0.25,0,0.75,1],"transform":{"skX":-1.77,"skY":-1.77},"duration":20},{"transform":{"skX":3.53,"skY":3.53},"duration":0}],"name":"Tail"},{"frame":[{"curve":[0.25,0,0.75,1],"transform":{"skX":3.53,"skY":3.53},"duration":20},{"curve":[0.25,0,0.75,1],"transform":{"skX":-4.34,"skY":-4.34},"duration":20},{"tweenEasing":0,"transform":{"skX":3.53,"skY":3.53},"duration":20},{"curve":[0.25,0,0.75,1],"transform":{"skX":-4.34,"skY":-4.34},"duration":20},{"transform":{"skX":3.53,"skY":3.53},"duration":0}],"name":"Tail2"},{"frame":[{"curve":[0.25,0,0.75,1],"transform":{"skX":3.53,"skY":3.53},"duration":20},{"curve":[0.25,0,0.75,1],"transform":{"skX":-8.56,"skY":-8.56},"duration":20},{"tweenEasing":0,"transform":{"skX":3.53,"skY":3.53},"duration":20},{"curve":[0.25,0,0.75,1],"transform":{"skX":-8.56,"skY":-8.56},"duration":20},{"transform":{"skX":3.53,"skY":3.53},"duration":0}],"name":"Tail3"},{"frame":[{"curve":[0.25,0,0.75,1],"transform":{"skX":3.53,"skY":3.53},"duration":20},{"curve":[0.25,0,0.75,1],"transform":{"skX":-10.6,"skY":-10.6},"duration":20},{"tweenEasing":0,"transform":{"skX":3.53,"skY":3.53},"duration":20},{"curve":[0.25,0,0.75,1],"transform":{"skX":-10.6,"skY":-10.6},"duration":20},{"transform":{"skX":3.53,"skY":3.53},"duration":0}],"name":"Tail4"},{"frame":[{"curve":[0.25,0,0.75,1],"transform":{},"duration":20},{"curve":[0.25,0,0.75,1],"transform":{"skX":-4.41,"skY":-4.41},"duration":20},{"tweenEasing":0,"transform":{},"duration":15},{"tweenEasing":0,"transform":{"skX":-2.32,"skY":-2.32},"duration":3},{"tweenEasing":0,"transform":{"skX":-14,"skY":-14},"duration":2},{"tweenEasing":0,"transform":{"skX":0.31,"skY":0.31},"duration":2},{"tweenEasing":0,"transform":{"skX":-14,"skY":-14},"duration":1},{"tweenEasing":0,"transform":{"skX":0.31,"skY":0.31},"duration":17},{"transform":{},"duration":0}],"name":"Ear_R"},{"frame":[{"curve":[0.25,0,0.75,1],"transform":{},"duration":20},{"curve":[0.25,0,0.75,1],"transform":{"skX":-13.13,"skY":-13.13},"duration":20},{"tweenEasing":0,"transform":{},"duration":15},{"tweenEasing":0,"transform":{"skX":-3.52,"skY":-3.52},"duration":3},{"tweenEasing":0,"transform":{"skX":-33.65,"skY":-33.65},"duration":2},{"tweenEasing":0,"transform":{"skX":-10.18,"skY":-10.18},"duration":2},{"tweenEasing":0,"transform":{"skX":-33.65,"skY":-33.65},"duration":1},{"tweenEasing":0,"transform":{"skX":-10.18,"skY":-10.18},"duration":17},{"transform":{},"duration":0}],"name":"Ear_R2"},{"frame":[{"curve":[0.25,0,0.75,1],"transform":{},"duration":20},{"curve":[0.25,0,0.75,1],"transform":{"skX":3.79,"skY":3.79},"duration":20},{"tweenEasing":0,"transform":{},"duration":15},{"tweenEasing":0,"transform":{"skX":1.41,"skY":1.41},"duration":3},{"tweenEasing":0,"transform":{"skX":9.33,"skY":9.33},"duration":2},{"tweenEasing":0,"transform":{"skX":-3.55,"skY":-3.55},"duration":2},{"tweenEasing":0,"transform":{"skX":9.33,"skY":9.33},"duration":1},{"tweenEasing":0,"transform":{"skX":-3.55,"skY":-3.55},"duration":17},{"transform":{},"duration":0}],"name":"Ear_L"},{"frame":[{"curve":[0.25,0,0.75,1],"transform":{},"duration":20},{"curve":[0.25,0,0.75,1],"transform":{"skX":12.56,"skY":12.56},"duration":20},{"tweenEasing":0,"transform":{},"duration":15},{"tweenEasing":0,"transform":{"skX":6.8,"skY":6.8},"duration":3},{"tweenEasing":0,"transform":{"skX":23.99,"skY":23.99},"duration":2},{"tweenEasing":0,"transform":{"skX":0.13,"skY":0.13},"duration":2},{"tweenEasing":0,"transform":{"skX":23.99,"skY":23.99},"duration":1},{"tweenEasing":0,"transform":{"skX":0.13,"skY":0.13},"duration":17},{"transform":{},"duration":0}],"name":"Ear_L2"},{"frame":[{"transform":{},"duration":40},{"transform":{},"duration":40},{"transform":{},"duration":0}],"name":"arm_r"},{"frame":[{"transform":{},"duration":40},{"transform":{},"duration":40},{"transform":{},"duration":0}],"name":"arm_r2"},{"frame":[{"transform":{},"duration":40},{"transform":{},"duration":40},{"transform":{},"duration":0}],"name":"hand_r"},{"frame":[{"transform":{},"duration":40},{"transform":{},"duration":40},{"transform":{},"duration":0}],"name":"arm_l"},{"frame":[{"transform":{},"duration":40},{"transform":{},"duration":40},{"transform":{},"duration":0}],"name":"arm_l2"},{"frame":[{"transform":{},"duration":40},{"transform":{},"duration":40},{"transform":{},"duration":0}],"name":"hand_l"},{"frame":[{"transform":{},"duration":40},{"transform":{},"duration":40},{"transform":{},"duration":0}],"name":"leg_r"},{"frame":[{"transform":{},"duration":40},{"transform":{},"duration":40},{"transform":{},"duration":0}],"name":"leg_r2"},{"frame":[{"transform":{},"duration":40},{"transform":{},"duration":40},{"transform":{},"duration":0}],"name":"foot_r"},{"frame":[{"transform":{},"duration":40},{"transform":{},"duration":40},{"transform":{},"duration":0}],"name":"leg_l"},{"frame":[{"transform":{},"duration":40},{"transform":{},"duration":40},{"transform":{},"duration":0}],"name":"leg_l2"},{"frame":[{"transform":{},"duration":40},{"transform":{},"duration":40},{"transform":{},"duration":0}],"name":"foot_l"},{"frame":[{"curve":[0.25,0,0.75,1],"transform":{},"duration":20},{"curve":[0.25,0,0.75,1],"transform":{"scY":1.246,"y":1.51,"skX":-3.9,"skY":-3.9,"scX":1.246,"x":-9.17},"duration":20},{"tweenEasing":0,"transform":{},"duration":20},{"curve":[0.25,0,0.75,1],"transform":{"scY":1.246,"y":1.51,"skX":-3.9,"skY":-3.9,"scX":1.246,"x":-9.17},"duration":20},{"transform":{},"duration":0}],"name":"belly"},{"frame":[{"transform":{},"duration":80}],"name":"root"},{"frame":[{"transform":{},"duration":80}],"name":"buff_up"},{"frame":[{"transform":{},"duration":80}],"name":"buff_mid"},{"frame":[{"transform":{},"duration":80}],"name":"buff_flo"}],"slot":[{"frame":[{"displayIndex":-1,"tweenEasing":0,"duration":40},{"displayIndex":-1,"tweenEasing":0,"duration":10},{"tweenEasing":0,"duration":3},{"displayIndex":-1,"tweenEasing":0,"duration":27},{"displayIndex":-1,"tweenEasing":null,"duration":0}],"name":"Eye"}],"ffd":[],"frame":[],"name":"0000_daiji","duration":80,"ik":[]},{"bone":[{"frame":[{"transform":{},"duration":32}],"name":"Fuji"},{"frame":[{"tweenEasing":0,"transform":{"y":-21.83,"skX":-3.82,"skY":-3.82,"x":-0.17},"duration":2},{"tweenEasing":0,"transform":{"y":-20.17,"skX":-10.8,"skY":-10.8,"x":0.88},"duration":2},{"tweenEasing":0,"transform":{"y":-20.17,"skX":-12.13,"skY":-12.13,"x":0.88},"duration":2},{"tweenEasing":0,"transform":{"y":-3.25,"skX":-4.19,"skY":-4.19,"x":0.61},"duration":2},{"tweenEasing":0,"transform":{"y":-3.25,"skX":-5,"skY":-5,"x":0.61},"duration":2},{"tweenEasing":0,"transform":{"y":-11.3,"skX":0.93,"skY":0.93,"x":1.04},"duration":2},{"tweenEasing":0,"transform":{"y":-11.3,"skX":1.63,"skY":1.63,"x":1.04},"duration":2},{"tweenEasing":0,"transform":{"y":-11.3,"skX":1.47,"skY":1.47,"x":1.04},"duration":2},{"tweenEasing":0,"transform":{"y":-21.83,"skX":-3.82,"skY":-3.82,"x":-0.17},"duration":2},{"tweenEasing":0,"transform":{"y":-20.17,"skX":-10.8,"skY":-10.8,"x":0.88},"duration":2},{"tweenEasing":0,"transform":{"y":-20.17,"skX":-12.13,"skY":-12.13,"x":0.88},"duration":2},{"tweenEasing":0,"transform":{"y":-3.25,"skX":-4.19,"skY":-4.19,"x":0.61},"duration":2},{"tweenEasing":0,"transform":{"y":-3.25,"skX":-5,"skY":-5,"x":0.61},"duration":2},{"tweenEasing":0,"transform":{"y":-11.3,"skX":0.93,"skY":0.93,"x":1.04},"duration":2},{"tweenEasing":0,"transform":{"y":-11.3,"skX":1.63,"skY":1.63,"x":1.04},"duration":2},{"tweenEasing":0,"transform":{"y":-11.3,"skX":1.47,"skY":1.47,"x":1.04},"duration":2},{"transform":{"y":-21.83,"skX":-3.82,"skY":-3.82,"x":-0.17},"duration":0}],"name":"bip"},{"frame":[{"tweenEasing":0,"transform":{"skX":-8.06,"skY":-8.06},"duration":2},{"tweenEasing":0,"transform":{"skX":-21.7,"skY":-21.7},"duration":2},{"tweenEasing":0,"transform":{"skX":-24.5,"skY":-24.5},"duration":2},{"tweenEasing":0,"transform":{"skX":-22.71,"skY":-22.71},"duration":2},{"tweenEasing":0,"transform":{"skX":-8.46,"skY":-8.46},"duration":2},{"tweenEasing":0,"transform":{"skX":-9.71,"skY":-9.71},"duration":2},{"tweenEasing":0,"transform":{"skX":-6.92,"skY":-6.92},"duration":2},{"tweenEasing":0,"transform":{"skX":-12.83,"skY":-12.83},"duration":2},{"tweenEasing":0,"transform":{"skX":-8.06,"skY":-8.06},"duration":2},{"tweenEasing":0,"transform":{"skX":-21.7,"skY":-21.7},"duration":2},{"tweenEasing":0,"transform":{"skX":-24.5,"skY":-24.5},"duration":2},{"tweenEasing":0,"transform":{"skX":-22.71,"skY":-22.71},"duration":2},{"tweenEasing":0,"transform":{"skX":-8.46,"skY":-8.46},"duration":2},{"tweenEasing":0,"transform":{"skX":-9.71,"skY":-9.71},"duration":2},{"tweenEasing":0,"transform":{"skX":-6.92,"skY":-6.92},"duration":2},{"tweenEasing":0,"transform":{"skX":-12.83,"skY":-12.83},"duration":2},{"transform":{"skX":-8.06,"skY":-8.06},"duration":0}],"name":"Body"},{"frame":[{"tweenEasing":0,"transform":{"skX":20.93,"skY":20.93},"duration":2},{"tweenEasing":0,"transform":{"skX":51.07,"skY":51.07},"duration":2},{"tweenEasing":0,"transform":{"skX":22.79,"skY":22.79},"duration":2},{"tweenEasing":0,"transform":{"skX":11.96,"skY":11.96},"duration":2},{"tweenEasing":0,"transform":{"skX":5.71,"skY":5.71},"duration":2},{"tweenEasing":0,"transform":{"skX":7.6,"skY":7.6},"duration":2},{"tweenEasing":0,"transform":{"skX":15.36,"skY":15.36},"duration":2},{"tweenEasing":0,"transform":{"skX":24.75,"skY":24.75},"duration":2},{"tweenEasing":0,"transform":{"skX":20.93,"skY":20.93},"duration":2},{"tweenEasing":0,"transform":{"skX":51.07,"skY":51.07},"duration":2},{"tweenEasing":0,"transform":{"skX":22.79,"skY":22.79},"duration":2},{"tweenEasing":0,"transform":{"skX":11.96,"skY":11.96},"duration":2},{"tweenEasing":0,"transform":{"skX":5.71,"skY":5.71},"duration":2},{"tweenEasing":0,"transform":{"skX":7.6,"skY":7.6},"duration":2},{"tweenEasing":0,"transform":{"skX":15.36,"skY":15.36},"duration":2},{"tweenEasing":0,"transform":{"skX":24.75,"skY":24.75},"duration":2},{"transform":{"skX":20.93,"skY":20.93},"duration":0}],"name":"spine"},{"frame":[{"tweenEasing":0,"transform":{"skX":6.79,"skY":6.79},"duration":2},{"tweenEasing":0,"transform":{"skX":-0.96,"skY":-0.96},"duration":2},{"tweenEasing":0,"transform":{"skX":11.47,"skY":11.47},"duration":2},{"tweenEasing":0,"transform":{"skX":0.95,"skY":0.95},"duration":2},{"tweenEasing":0,"transform":{"skX":-5.34,"skY":-5.34},"duration":2},{"tweenEasing":0,"transform":{"skX":-7.48,"skY":-7.48},"duration":2},{"tweenEasing":0,"transform":{"skX":-6.54,"skY":-6.54},"duration":2},{"tweenEasing":0,"transform":{"skX":-4.39,"skY":-4.39},"duration":2},{"tweenEasing":0,"transform":{"skX":6.79,"skY":6.79},"duration":2},{"tweenEasing":0,"transform":{"skX":-0.96,"skY":-0.96},"duration":2},{"tweenEasing":0,"transform":{"skX":11.47,"skY":11.47},"duration":2},{"tweenEasing":0,"transform":{"skX":0.95,"skY":0.95},"duration":2},{"tweenEasing":0,"transform":{"skX":-5.34,"skY":-5.34},"duration":2},{"tweenEasing":0,"transform":{"skX":-7.48,"skY":-7.48},"duration":2},{"tweenEasing":0,"transform":{"skX":-6.54,"skY":-6.54},"duration":2},{"tweenEasing":0,"transform":{"skX":-4.39,"skY":-4.39},"duration":2},{"transform":{"skX":6.79,"skY":6.79},"duration":0}],"name":"waist"},{"frame":[{"tweenEasing":0,"transform":{"skX":-4.35,"skY":-4.35},"duration":2},{"tweenEasing":0,"transform":{"skX":-1.06,"skY":-1.06},"duration":2},{"tweenEasing":0,"transform":{"skX":6.78,"skY":6.78},"duration":2},{"tweenEasing":0,"transform":{"skX":3.06,"skY":3.06},"duration":2},{"tweenEasing":0,"transform":{"skX":1.72,"skY":1.72},"duration":2},{"tweenEasing":0,"transform":{"skX":0.71,"skY":0.71},"duration":2},{"tweenEasing":0,"transform":{"skX":-1.29,"skY":-1.29},"duration":2},{"tweenEasing":0,"transform":{"skX":-2.51,"skY":-2.51},"duration":2},{"tweenEasing":0,"transform":{"skX":-4.35,"skY":-4.35},"duration":2},{"tweenEasing":0,"transform":{"skX":-1.06,"skY":-1.06},"duration":2},{"tweenEasing":0,"transform":{"skX":6.78,"skY":6.78},"duration":2},{"tweenEasing":0,"transform":{"skX":3.06,"skY":3.06},"duration":2},{"tweenEasing":0,"transform":{"skX":1.72,"skY":1.72},"duration":2},{"tweenEasing":0,"transform":{"skX":0.71,"skY":0.71},"duration":2},{"tweenEasing":0,"transform":{"skX":-1.29,"skY":-1.29},"duration":2},{"tweenEasing":0,"transform":{"skX":-2.51,"skY":-2.51},"duration":2},{"transform":{"skX":-4.35,"skY":-4.35},"duration":0}],"name":"Neck"},{"frame":[{"tweenEasing":0,"transform":{"skX":-7.68,"skY":-7.68},"duration":2},{"tweenEasing":0,"transform":{"skX":-7.78,"skY":-7.78},"duration":2},{"tweenEasing":0,"transform":{"skX":-2.1,"skY":-2.1},"duration":2},{"tweenEasing":0,"transform":{"skX":1.89,"skY":1.89},"duration":2},{"tweenEasing":0,"transform":{"skX":-1.44,"skY":-1.44},"duration":2},{"tweenEasing":0,"transform":{"skX":-4.68,"skY":-4.68},"duration":2},{"tweenEasing":0,"transform":{"skX":-11.27,"skY":-11.27},"duration":2},{"tweenEasing":0,"transform":{"skX":-8.51,"skY":-8.51},"duration":2},{"tweenEasing":0,"transform":{"skX":-7.68,"skY":-7.68},"duration":2},{"tweenEasing":0,"transform":{"skX":-7.78,"skY":-7.78},"duration":2},{"tweenEasing":0,"transform":{"skX":-2.1,"skY":-2.1},"duration":2},{"tweenEasing":0,"transform":{"skX":1.89,"skY":1.89},"duration":2},{"tweenEasing":0,"transform":{"skX":-1.44,"skY":-1.44},"duration":2},{"tweenEasing":0,"transform":{"skX":-4.68,"skY":-4.68},"duration":2},{"tweenEasing":0,"transform":{"skX":-11.27,"skY":-11.27},"duration":2},{"tweenEasing":0,"transform":{"skX":-8.51,"skY":-8.51},"duration":2},{"transform":{"skX":-7.68,"skY":-7.68},"duration":0}],"name":"Head"},{"frame":[{"tweenEasing":0,"transform":{"skX":15.58,"skY":15.58},"duration":2},{"tweenEasing":0,"transform":{"skX":-17.94,"skY":-17.94},"duration":2},{"tweenEasing":0,"transform":{"skX":-57.55,"skY":-57.55},"duration":2},{"tweenEasing":0,"transform":{"skX":-61.59,"skY":-61.59},"duration":2},{"tweenEasing":0,"transform":{"skX":-57.93,"skY":-57.93},"duration":2},{"tweenEasing":0,"transform":{"skX":-37.5,"skY":-37.5},"duration":2},{"tweenEasing":0,"transform":{"skX":-14.82,"skY":-14.82},"duration":2},{"tweenEasing":0,"transform":{"skX":9.4,"skY":9.4},"duration":2},{"tweenEasing":0,"transform":{"skX":15.58,"skY":15.58},"duration":2},{"tweenEasing":0,"transform":{"skX":-17.94,"skY":-17.94},"duration":2},{"tweenEasing":0,"transform":{"skX":-57.55,"skY":-57.55},"duration":2},{"tweenEasing":0,"transform":{"skX":-61.59,"skY":-61.59},"duration":2},{"tweenEasing":0,"transform":{"skX":-57.93,"skY":-57.93},"duration":2},{"tweenEasing":0,"transform":{"skX":-37.5,"skY":-37.5},"duration":2},{"tweenEasing":0,"transform":{"skX":-14.82,"skY":-14.82},"duration":2},{"tweenEasing":0,"transform":{"skX":9.4,"skY":9.4},"duration":2},{"transform":{"skX":15.58,"skY":15.58},"duration":0}],"name":"UpArm_R"},{"frame":[{"tweenEasing":0,"transform":{"skX":24.95,"skY":24.95},"duration":2},{"tweenEasing":0,"transform":{"skX":-16.33,"skY":-16.33},"duration":2},{"tweenEasing":0,"transform":{"skX":6.2,"skY":6.2},"duration":2},{"tweenEasing":0,"transform":{"skX":3.95,"skY":3.95},"duration":2},{"tweenEasing":0,"transform":{"skX":42.95,"skY":42.95},"duration":2},{"tweenEasing":0,"transform":{"skX":48.62,"skY":48.62},"duration":2},{"tweenEasing":0,"transform":{"skX":26.7,"skY":26.7},"duration":2},{"tweenEasing":0,"transform":{"skX":47.62,"skY":47.62},"duration":2},{"tweenEasing":0,"transform":{"skX":24.95,"skY":24.95},"duration":2},{"tweenEasing":0,"transform":{"skX":-16.33,"skY":-16.33},"duration":2},{"tweenEasing":0,"transform":{"skX":6.2,"skY":6.2},"duration":2},{"tweenEasing":0,"transform":{"skX":3.95,"skY":3.95},"duration":2},{"tweenEasing":0,"transform":{"skX":42.95,"skY":42.95},"duration":2},{"tweenEasing":0,"transform":{"skX":48.62,"skY":48.62},"duration":2},{"tweenEasing":0,"transform":{"skX":26.7,"skY":26.7},"duration":2},{"tweenEasing":0,"transform":{"skX":47.62,"skY":47.62},"duration":2},{"transform":{"skX":24.95,"skY":24.95},"duration":0}],"name":"Arm_R"},{"frame":[{"tweenEasing":0,"transform":{"skX":21.9,"skY":21.9},"duration":2},{"tweenEasing":0,"transform":{"skX":26.11,"skY":26.11},"duration":2},{"tweenEasing":0,"transform":{"skX":6.01,"skY":6.01},"duration":2},{"tweenEasing":0,"transform":{"skX":-13.46,"skY":-13.46},"duration":2},{"tweenEasing":0,"transform":{"skX":-8.62,"skY":-8.62},"duration":2},{"tweenEasing":0,"transform":{"skX":5.94,"skY":5.94},"duration":2},{"tweenEasing":0,"transform":{"skX":-21.52,"skY":-21.52},"duration":2},{"tweenEasing":0,"transform":{"skX":21.51,"skY":21.51},"duration":2},{"tweenEasing":0,"transform":{"skX":21.9,"skY":21.9},"duration":2},{"tweenEasing":0,"transform":{"skX":26.11,"skY":26.11},"duration":2},{"tweenEasing":0,"transform":{"skX":6.01,"skY":6.01},"duration":2},{"tweenEasing":0,"transform":{"skX":-13.46,"skY":-13.46},"duration":2},{"tweenEasing":0,"transform":{"skX":-8.62,"skY":-8.62},"duration":2},{"tweenEasing":0,"transform":{"skX":5.94,"skY":5.94},"duration":2},{"tweenEasing":0,"transform":{"skX":-21.52,"skY":-21.52},"duration":2},{"tweenEasing":0,"transform":{"skX":21.51,"skY":21.51},"duration":2},{"transform":{"skX":21.9,"skY":21.9},"duration":0}],"name":"Wrist_R"},{"frame":[{"tweenEasing":0,"transform":{"skX":27.01,"skY":27.01},"duration":2},{"tweenEasing":0,"transform":{"skX":62.23,"skY":62.23},"duration":2},{"tweenEasing":0,"transform":{"skX":53.84,"skY":53.84},"duration":2},{"tweenEasing":0,"transform":{"skX":-8.13,"skY":-8.13},"duration":2},{"tweenEasing":0,"transform":{"skX":-9.15,"skY":-9.15},"duration":2},{"tweenEasing":0,"transform":{"skX":-13.54,"skY":-13.54},"duration":2},{"tweenEasing":0,"transform":{"skX":5.03,"skY":5.03},"duration":2},{"tweenEasing":0,"transform":{"skX":-32.01,"skY":-32.01},"duration":2},{"tweenEasing":0,"transform":{"skX":27.01,"skY":27.01},"duration":2},{"tweenEasing":0,"transform":{"skX":62.23,"skY":62.23},"duration":2},{"tweenEasing":0,"transform":{"skX":53.84,"skY":53.84},"duration":2},{"tweenEasing":0,"transform":{"skX":-8.13,"skY":-8.13},"duration":2},{"tweenEasing":0,"transform":{"skX":-9.15,"skY":-9.15},"duration":2},{"tweenEasing":0,"transform":{"skX":-13.54,"skY":-13.54},"duration":2},{"tweenEasing":0,"transform":{"skX":5.03,"skY":5.03},"duration":2},{"tweenEasing":0,"transform":{"skX":-32.01,"skY":-32.01},"duration":2},{"transform":{"skX":27.01,"skY":27.01},"duration":0}],"name":"Hand_R"},{"frame":[{"tweenEasing":0,"transform":{"skX":-9.39,"skY":-9.39},"duration":2},{"tweenEasing":0,"transform":{"skX":14.62,"skY":14.62},"duration":2},{"tweenEasing":0,"transform":{"skX":0.01,"skY":0.01},"duration":2},{"tweenEasing":0,"transform":{"skX":-12.88,"skY":-12.88},"duration":2},{"tweenEasing":0,"transform":{"skX":-32.56,"skY":-32.56},"duration":2},{"tweenEasing":0,"transform":{"skX":-49.81,"skY":-49.81},"duration":2},{"tweenEasing":0,"transform":{"skX":-61.16,"skY":-61.16},"duration":2},{"tweenEasing":0,"transform":{"skX":-23.35,"skY":-23.35},"duration":1},{"tweenEasing":0,"transform":{"skX":-15.41,"skY":-15.41},"duration":1},{"tweenEasing":0,"transform":{"skX":-9.39,"skY":-9.39},"duration":2},{"tweenEasing":0,"transform":{"skX":14.62,"skY":14.62},"duration":2},{"tweenEasing":0,"transform":{"skX":0.01,"skY":0.01},"duration":2},{"tweenEasing":0,"transform":{"skX":-12.88,"skY":-12.88},"duration":2},{"tweenEasing":0,"transform":{"skX":-32.56,"skY":-32.56},"duration":2},{"tweenEasing":0,"transform":{"skX":-49.81,"skY":-49.81},"duration":2},{"tweenEasing":0,"transform":{"skX":-61.16,"skY":-61.16},"duration":2},{"tweenEasing":0,"transform":{"skX":-23.35,"skY":-23.35},"duration":1},{"tweenEasing":0,"transform":{"skX":-15.41,"skY":-15.41},"duration":1},{"transform":{"skX":-9.39,"skY":-9.39},"duration":0}],"name":"UpArm_L"},{"frame":[{"tweenEasing":0,"transform":{"skX":45.47,"skY":45.47},"duration":2},{"tweenEasing":0,"transform":{"skX":60.3,"skY":60.3},"duration":2},{"tweenEasing":0,"transform":{"skX":52.28,"skY":52.28},"duration":2},{"tweenEasing":0,"transform":{"skX":4.3,"skY":4.3},"duration":2},{"tweenEasing":0,"transform":{"skX":24.62,"skY":24.62},"duration":2},{"tweenEasing":0,"transform":{"skX":49.97,"skY":49.97},"duration":2},{"tweenEasing":0,"transform":{"skX":56.48,"skY":56.48},"duration":2},{"tweenEasing":0,"transform":{"skX":41.88,"skY":41.88},"duration":1},{"tweenEasing":0,"transform":{"skX":39.53,"skY":39.53},"duration":1},{"tweenEasing":0,"transform":{"skX":45.47,"skY":45.47},"duration":2},{"tweenEasing":0,"transform":{"skX":60.3,"skY":60.3},"duration":2},{"tweenEasing":0,"transform":{"skX":52.28,"skY":52.28},"duration":2},{"tweenEasing":0,"transform":{"skX":4.3,"skY":4.3},"duration":2},{"tweenEasing":0,"transform":{"skX":24.62,"skY":24.62},"duration":2},{"tweenEasing":0,"transform":{"skX":49.97,"skY":49.97},"duration":2},{"tweenEasing":0,"transform":{"skX":56.48,"skY":56.48},"duration":2},{"tweenEasing":0,"transform":{"skX":41.88,"skY":41.88},"duration":1},{"tweenEasing":0,"transform":{"skX":39.53,"skY":39.53},"duration":1},{"transform":{"skX":45.47,"skY":45.47},"duration":0}],"name":"Arm_L"},{"frame":[{"tweenEasing":0,"transform":{"skX":5.72,"skY":5.72},"duration":2},{"tweenEasing":0,"transform":{"skX":22.54,"skY":22.54},"duration":2},{"tweenEasing":0,"transform":{"skX":13.09,"skY":13.09},"duration":2},{"tweenEasing":0,"transform":{"skX":22.21,"skY":22.21},"duration":2},{"tweenEasing":0,"transform":{"skX":-1.52,"skY":-1.52},"duration":2},{"tweenEasing":0,"transform":{"skX":-4.49,"skY":-4.49},"duration":2},{"tweenEasing":0,"transform":{"skX":-9.74,"skY":-9.74},"duration":2},{"tweenEasing":0,"transform":{"skX":-25.15,"skY":-25.15},"duration":1},{"tweenEasing":0,"transform":{"skX":-19.17,"skY":-19.17},"duration":1},{"tweenEasing":0,"transform":{"skX":5.72,"skY":5.72},"duration":2},{"tweenEasing":0,"transform":{"skX":22.54,"skY":22.54},"duration":2},{"tweenEasing":0,"transform":{"skX":13.09,"skY":13.09},"duration":2},{"tweenEasing":0,"transform":{"skX":22.21,"skY":22.21},"duration":2},{"tweenEasing":0,"transform":{"skX":-1.52,"skY":-1.52},"duration":2},{"tweenEasing":0,"transform":{"skX":-4.49,"skY":-4.49},"duration":2},{"tweenEasing":0,"transform":{"skX":-9.74,"skY":-9.74},"duration":2},{"tweenEasing":0,"transform":{"skX":-25.15,"skY":-25.15},"duration":1},{"tweenEasing":0,"transform":{"skX":-19.17,"skY":-19.17},"duration":1},{"transform":{"skX":5.72,"skY":5.72},"duration":0}],"name":"Wrist_L"},{"frame":[{"tweenEasing":0,"transform":{"skX":-62.05,"skY":-62.05},"duration":2},{"tweenEasing":0,"transform":{"skX":12.65,"skY":12.65},"duration":2},{"tweenEasing":0,"transform":{"skX":8.35,"skY":8.35},"duration":2},{"tweenEasing":0,"transform":{"skX":24.52,"skY":24.52},"duration":2},{"tweenEasing":0,"transform":{"skX":-0.22,"skY":-0.22},"duration":2},{"tweenEasing":0,"transform":{"skX":-20.82,"skY":-20.82},"duration":2},{"tweenEasing":0,"transform":{"skX":-24.37,"skY":-24.37},"duration":2},{"tweenEasing":0,"transform":{"skX":-9.87,"skY":-9.87},"duration":1},{"tweenEasing":0,"transform":{"skX":-24.19,"skY":-24.19},"duration":1},{"tweenEasing":0,"transform":{"skX":-62.05,"skY":-62.05},"duration":2},{"tweenEasing":0,"transform":{"skX":12.65,"skY":12.65},"duration":2},{"tweenEasing":0,"transform":{"skX":8.35,"skY":8.35},"duration":2},{"tweenEasing":0,"transform":{"skX":24.52,"skY":24.52},"duration":2},{"tweenEasing":0,"transform":{"skX":-0.22,"skY":-0.22},"duration":2},{"tweenEasing":0,"transform":{"skX":-20.82,"skY":-20.82},"duration":2},{"tweenEasing":0,"transform":{"skX":-24.37,"skY":-24.37},"duration":2},{"tweenEasing":0,"transform":{"skX":-9.87,"skY":-9.87},"duration":1},{"tweenEasing":0,"transform":{"skX":-24.19,"skY":-24.19},"duration":1},{"transform":{"skX":-62.05,"skY":-62.05},"duration":0}],"name":"Hand_L"},{"frame":[{"tweenEasing":0,"transform":{"skX":-17.83,"skY":-17.83},"duration":2},{"tweenEasing":0,"transform":{"skX":-40.27,"skY":-40.27},"duration":2},{"tweenEasing":0,"transform":{"skX":-46.65,"skY":-46.65},"duration":2},{"tweenEasing":0,"transform":{"skX":-40.81,"skY":-40.81},"duration":1},{"tweenEasing":0,"transform":{"skX":-35.92,"skY":-35.92},"duration":1},{"tweenEasing":0,"transform":{"skX":4.11,"skY":4.11},"duration":1},{"tweenEasing":0,"transform":{"skX":15.71,"skY":15.71},"duration":1},{"tweenEasing":0,"transform":{"skX":15.22,"skY":15.22},"duration":2},{"tweenEasing":0,"transform":{"skX":16.82,"skY":16.82},"duration":2},{"tweenEasing":0,"transform":{"skX":-5,"skY":-5},"duration":2},{"tweenEasing":0,"transform":{"skX":-17.83,"skY":-17.83},"duration":2},{"tweenEasing":0,"transform":{"skX":-40.27,"skY":-40.27},"duration":2},{"tweenEasing":0,"transform":{"skX":-46.65,"skY":-46.65},"duration":2},{"tweenEasing":0,"transform":{"skX":-40.81,"skY":-40.81},"duration":1},{"tweenEasing":0,"transform":{"skX":-35.92,"skY":-35.92},"duration":1},{"tweenEasing":0,"transform":{"skX":4.11,"skY":4.11},"duration":1},{"tweenEasing":0,"transform":{"skX":15.71,"skY":15.71},"duration":1},{"tweenEasing":0,"transform":{"skX":15.22,"skY":15.22},"duration":2},{"tweenEasing":0,"transform":{"skX":16.82,"skY":16.82},"duration":2},{"tweenEasing":0,"transform":{"skX":-5,"skY":-5},"duration":2},{"transform":{"skX":-17.83,"skY":-17.83},"duration":0}],"name":"Thigh_R"},{"frame":[{"tweenEasing":0,"transform":{"skX":31.64,"skY":31.64},"duration":2},{"tweenEasing":0,"transform":{"skX":56.89,"skY":56.89},"duration":2},{"tweenEasing":0,"transform":{"skX":-34.79,"skY":-34.79},"duration":2},{"tweenEasing":0,"transform":{"skX":-6.91,"skY":-6.91},"duration":1},{"tweenEasing":0,"transform":{"skX":27.86,"skY":27.86},"duration":1},{"tweenEasing":0,"transform":{"skX":2.43,"skY":2.43},"duration":1},{"tweenEasing":0,"transform":{"skX":-14.25,"skY":-14.25},"duration":1},{"tweenEasing":0,"transform":{"skX":-9.01,"skY":-9.01},"duration":2},{"tweenEasing":0,"transform":{"skX":22.55,"skY":22.55},"duration":2},{"tweenEasing":0,"transform":{"skX":38.24,"skY":38.24},"duration":2},{"tweenEasing":0,"transform":{"skX":31.64,"skY":31.64},"duration":2},{"tweenEasing":0,"transform":{"skX":56.89,"skY":56.89},"duration":2},{"tweenEasing":0,"transform":{"skX":-34.79,"skY":-34.79},"duration":2},{"tweenEasing":0,"transform":{"skX":-6.91,"skY":-6.91},"duration":1},{"tweenEasing":0,"transform":{"skX":27.86,"skY":27.86},"duration":1},{"tweenEasing":0,"transform":{"skX":2.43,"skY":2.43},"duration":1},{"tweenEasing":0,"transform":{"skX":-14.25,"skY":-14.25},"duration":1},{"tweenEasing":0,"transform":{"skX":-9.01,"skY":-9.01},"duration":2},{"tweenEasing":0,"transform":{"skX":22.55,"skY":22.55},"duration":2},{"tweenEasing":0,"transform":{"skX":38.24,"skY":38.24},"duration":2},{"transform":{"skX":31.64,"skY":31.64},"duration":0}],"name":"Fibula_R"},{"frame":[{"tweenEasing":0,"transform":{"skX":-13.45,"skY":-13.45},"duration":2},{"tweenEasing":0,"transform":{"skX":-46.57,"skY":-46.57},"duration":2},{"tweenEasing":0,"transform":{"skX":3.65,"skY":3.65},"duration":2},{"tweenEasing":0,"transform":{"skX":2.05,"skY":2.05},"duration":1},{"tweenEasing":0,"transform":{"skX":7.62,"skY":7.62},"duration":1},{"tweenEasing":0,"transform":{"skX":25.62,"skY":25.62},"duration":1},{"tweenEasing":0,"transform":{"skX":25.01,"skY":25.01},"duration":1},{"tweenEasing":0,"transform":{"skX":44.83,"skY":44.83},"duration":2},{"tweenEasing":0,"transform":{"skX":30.06,"skY":30.06},"duration":2},{"tweenEasing":0,"transform":{"skX":1.59,"skY":1.59},"duration":2},{"tweenEasing":0,"transform":{"skX":-13.45,"skY":-13.45},"duration":2},{"tweenEasing":0,"transform":{"skX":-46.57,"skY":-46.57},"duration":2},{"tweenEasing":0,"transform":{"skX":3.65,"skY":3.65},"duration":2},{"tweenEasing":0,"transform":{"skX":2.05,"skY":2.05},"duration":1},{"tweenEasing":0,"transform":{"skX":7.62,"skY":7.62},"duration":1},{"tweenEasing":0,"transform":{"skX":25.62,"skY":25.62},"duration":1},{"tweenEasing":0,"transform":{"skX":25.01,"skY":25.01},"duration":1},{"tweenEasing":0,"transform":{"skX":44.83,"skY":44.83},"duration":2},{"tweenEasing":0,"transform":{"skX":30.06,"skY":30.06},"duration":2},{"tweenEasing":0,"transform":{"skX":1.59,"skY":1.59},"duration":2},{"transform":{"skX":-13.45,"skY":-13.45},"duration":0}],"name":"Leg_R"},{"frame":[{"tweenEasing":0,"transform":{"skX":41.85,"skY":41.85},"duration":2},{"tweenEasing":0,"transform":{"skX":53.01,"skY":53.01},"duration":2},{"tweenEasing":0,"transform":{"skX":15.75,"skY":15.75},"duration":2},{"tweenEasing":0,"transform":{"skX":52.69,"skY":52.69},"duration":1},{"tweenEasing":0,"transform":{"skX":9.13,"skY":9.13},"duration":1},{"tweenEasing":0,"transform":{"skX":-24.77,"skY":-24.77},"duration":1},{"tweenEasing":0,"transform":{"skX":-21.59,"skY":-21.59},"duration":1},{"tweenEasing":0,"transform":{"skX":42.69,"skY":42.69},"duration":2},{"tweenEasing":0,"transform":{"skX":40.37,"skY":40.37},"duration":2},{"tweenEasing":0,"transform":{"skX":52.71,"skY":52.71},"duration":2},{"tweenEasing":0,"transform":{"skX":41.85,"skY":41.85},"duration":2},{"tweenEasing":0,"transform":{"skX":53.01,"skY":53.01},"duration":2},{"tweenEasing":0,"transform":{"skX":15.75,"skY":15.75},"duration":2},{"tweenEasing":0,"transform":{"skX":52.69,"skY":52.69},"duration":1},{"tweenEasing":0,"transform":{"skX":9.13,"skY":9.13},"duration":1},{"tweenEasing":0,"transform":{"skX":-24.77,"skY":-24.77},"duration":1},{"tweenEasing":0,"transform":{"skX":-21.59,"skY":-21.59},"duration":1},{"tweenEasing":0,"transform":{"skX":42.69,"skY":42.69},"duration":2},{"tweenEasing":0,"transform":{"skX":40.37,"skY":40.37},"duration":2},{"tweenEasing":0,"transform":{"skX":52.71,"skY":52.71},"duration":2},{"transform":{"skX":41.85,"skY":41.85},"duration":0}],"name":"Foot_R"},{"frame":[{"tweenEasing":0,"transform":{"skX":-2.92,"skY":-2.92},"duration":2},{"tweenEasing":0,"transform":{"skX":6.14,"skY":6.14},"duration":2},{"tweenEasing":0,"transform":{"skX":44.13,"skY":44.13},"duration":2},{"tweenEasing":0,"transform":{"skX":74.41,"skY":74.41},"duration":2},{"tweenEasing":0,"transform":{"skX":78.57,"skY":78.57},"duration":2},{"tweenEasing":0,"transform":{"skX":58.21,"skY":58.21},"duration":2},{"tweenEasing":0,"transform":{"skX":41.35,"skY":41.35},"duration":2},{"tweenEasing":0,"transform":{"skX":14.75,"skY":14.75},"duration":2},{"tweenEasing":0,"transform":{"skX":-2.92,"skY":-2.92},"duration":2},{"tweenEasing":0,"transform":{"skX":6.14,"skY":6.14},"duration":2},{"tweenEasing":0,"transform":{"skX":44.13,"skY":44.13},"duration":2},{"tweenEasing":0,"transform":{"skX":74.41,"skY":74.41},"duration":2},{"tweenEasing":0,"transform":{"skX":78.57,"skY":78.57},"duration":2},{"tweenEasing":0,"transform":{"skX":58.21,"skY":58.21},"duration":2},{"tweenEasing":0,"transform":{"skX":41.35,"skY":41.35},"duration":2},{"tweenEasing":0,"transform":{"skX":14.75,"skY":14.75},"duration":2},{"transform":{"skX":-2.92,"skY":-2.92},"duration":0}],"name":"Thigh_L"},{"frame":[{"tweenEasing":0,"transform":{"skX":11.69,"skY":11.69},"duration":2},{"tweenEasing":0,"transform":{"skX":-41.47,"skY":-41.47},"duration":2},{"tweenEasing":0,"transform":{"skX":-31.94,"skY":-31.94},"duration":1},{"tweenEasing":0,"transform":{"skX":-45.63,"skY":-45.63},"duration":1},{"tweenEasing":0,"transform":{"skX":-69.05,"skY":-69.05},"duration":2},{"tweenEasing":0,"transform":{"skX":-44.06,"skY":-44.06},"duration":2},{"tweenEasing":0,"transform":{"skX":-28.35,"skY":-28.35},"duration":2},{"tweenEasing":0,"transform":{"skX":-2.93,"skY":-2.93},"duration":2},{"tweenEasing":0,"transform":{"skX":10.13,"skY":10.13},"duration":2},{"tweenEasing":0,"transform":{"skX":11.69,"skY":11.69},"duration":2},{"tweenEasing":0,"transform":{"skX":-41.47,"skY":-41.47},"duration":2},{"tweenEasing":0,"transform":{"skX":-31.94,"skY":-31.94},"duration":1},{"tweenEasing":0,"transform":{"skX":-45.63,"skY":-45.63},"duration":1},{"tweenEasing":0,"transform":{"skX":-69.05,"skY":-69.05},"duration":2},{"tweenEasing":0,"transform":{"skX":-44.06,"skY":-44.06},"duration":2},{"tweenEasing":0,"transform":{"skX":-28.35,"skY":-28.35},"duration":2},{"tweenEasing":0,"transform":{"skX":-2.93,"skY":-2.93},"duration":2},{"tweenEasing":0,"transform":{"skX":10.13,"skY":10.13},"duration":2},{"transform":{"skX":11.69,"skY":11.69},"duration":0}],"name":"Fibula_L"},{"frame":[{"tweenEasing":0,"transform":{"skX":-19.09,"skY":-19.09},"duration":2},{"tweenEasing":0,"transform":{"skX":8.38,"skY":8.38},"duration":1},{"tweenEasing":0,"transform":{"skX":20.98,"skY":20.98},"duration":1},{"tweenEasing":0,"transform":{"skX":21.19,"skY":21.19},"duration":2},{"tweenEasing":0,"transform":{"skX":51.2,"skY":51.2},"duration":2},{"tweenEasing":0,"transform":{"skX":38.2,"skY":38.2},"duration":2},{"tweenEasing":0,"transform":{"skX":22.18,"skY":22.18},"duration":2},{"tweenEasing":0,"transform":{"skX":49.32,"skY":49.32},"duration":2},{"tweenEasing":0,"transform":{"skX":5.63,"skY":5.63},"duration":2},{"tweenEasing":0,"transform":{"skX":-19.09,"skY":-19.09},"duration":2},{"tweenEasing":0,"transform":{"skX":8.38,"skY":8.38},"duration":1},{"tweenEasing":0,"transform":{"skX":20.98,"skY":20.98},"duration":1},{"tweenEasing":0,"transform":{"skX":21.19,"skY":21.19},"duration":2},{"tweenEasing":0,"transform":{"skX":51.2,"skY":51.2},"duration":2},{"tweenEasing":0,"transform":{"skX":38.2,"skY":38.2},"duration":2},{"tweenEasing":0,"transform":{"skX":22.18,"skY":22.18},"duration":2},{"tweenEasing":0,"transform":{"skX":49.32,"skY":49.32},"duration":2},{"tweenEasing":0,"transform":{"skX":5.63,"skY":5.63},"duration":2},{"transform":{"skX":-19.09,"skY":-19.09},"duration":0}],"name":"Leg_L"},{"frame":[{"tweenEasing":0,"transform":{"skX":58.02,"skY":58.02},"duration":2},{"tweenEasing":0,"transform":{"skX":25.17,"skY":25.17},"duration":2},{"tweenEasing":0,"transform":{"skX":-18.28,"skY":-18.28},"duration":1},{"tweenEasing":0,"transform":{"skX":-38.52,"skY":-38.52},"duration":1},{"tweenEasing":0,"transform":{"skX":-52.32,"skY":-52.32},"duration":1},{"tweenEasing":0,"transform":{"skX":29.4,"skY":29.4},"duration":1},{"tweenEasing":0,"transform":{"skX":65.49,"skY":65.49},"duration":2},{"tweenEasing":0,"transform":{"skX":45.4,"skY":45.4},"duration":2},{"tweenEasing":0,"transform":{"skX":73.93,"skY":73.93},"duration":2},{"tweenEasing":0,"transform":{"skX":55.48,"skY":55.48},"duration":2},{"tweenEasing":0,"transform":{"skX":58.02,"skY":58.02},"duration":2},{"tweenEasing":0,"transform":{"skX":25.17,"skY":25.17},"duration":2},{"tweenEasing":0,"transform":{"skX":-18.28,"skY":-18.28},"duration":1},{"tweenEasing":0,"transform":{"skX":-38.52,"skY":-38.52},"duration":1},{"tweenEasing":0,"transform":{"skX":-52.32,"skY":-52.32},"duration":1},{"tweenEasing":0,"transform":{"skX":29.4,"skY":29.4},"duration":1},{"tweenEasing":0,"transform":{"skX":65.49,"skY":65.49},"duration":2},{"tweenEasing":0,"transform":{"skX":45.4,"skY":45.4},"duration":2},{"tweenEasing":0,"transform":{"skX":73.93,"skY":73.93},"duration":2},{"tweenEasing":0,"transform":{"skX":55.48,"skY":55.48},"duration":2},{"transform":{"skX":58.02,"skY":58.02},"duration":0}],"name":"Foot_L"},{"frame":[{"tweenEasing":0,"transform":{"skX":8.91,"skY":8.91},"duration":2},{"tweenEasing":0,"transform":{"skX":11.28,"skY":11.28},"duration":2},{"tweenEasing":0,"transform":{"skX":17.35,"skY":17.35},"duration":2},{"tweenEasing":0,"transform":{"skX":-336.52,"skY":-336.52},"duration":2},{"tweenEasing":0,"transform":{"skX":-331.94,"skY":-331.94},"duration":2},{"tweenEasing":0,"transform":{"skX":-324.61,"skY":-324.61},"duration":2},{"tweenEasing":0,"transform":{"skX":-327.11,"skY":-327.11},"duration":2},{"tweenEasing":0,"transform":{"skX":19.76,"skY":19.76},"duration":2},{"tweenEasing":0,"transform":{"skX":8.91,"skY":8.91},"duration":2},{"tweenEasing":0,"transform":{"skX":11.28,"skY":11.28},"duration":2},{"tweenEasing":0,"transform":{"skX":17.35,"skY":17.35},"duration":2},{"tweenEasing":0,"transform":{"skX":-336.52,"skY":-336.52},"duration":2},{"tweenEasing":0,"transform":{"skX":-331.94,"skY":-331.94},"duration":2},{"tweenEasing":0,"transform":{"skX":-324.61,"skY":-324.61},"duration":2},{"tweenEasing":0,"transform":{"skX":-327.11,"skY":-327.11},"duration":2},{"tweenEasing":0,"transform":{"skX":19.76,"skY":19.76},"duration":2},{"transform":{"skX":8.91,"skY":8.91},"duration":0}],"name":"Tail"},{"frame":[{"tweenEasing":0,"transform":{"skX":12.19,"skY":12.19},"duration":2},{"tweenEasing":0,"transform":{"skX":5.12,"skY":5.12},"duration":2},{"tweenEasing":0,"transform":{"skX":10.16,"skY":10.16},"duration":2},{"tweenEasing":0,"transform":{"skX":19.22,"skY":19.22},"duration":2},{"tweenEasing":0,"transform":{"skX":23.16,"skY":23.16},"duration":2},{"tweenEasing":0,"transform":{"skX":35.69,"skY":35.69},"duration":2},{"tweenEasing":0,"transform":{"skX":34.37,"skY":34.37},"duration":2},{"tweenEasing":0,"transform":{"skX":19.74,"skY":19.74},"duration":2},{"tweenEasing":0,"transform":{"skX":12.19,"skY":12.19},"duration":2},{"tweenEasing":0,"transform":{"skX":5.12,"skY":5.12},"duration":2},{"tweenEasing":0,"transform":{"skX":10.16,"skY":10.16},"duration":2},{"tweenEasing":0,"transform":{"skX":19.22,"skY":19.22},"duration":2},{"tweenEasing":0,"transform":{"skX":23.16,"skY":23.16},"duration":2},{"tweenEasing":0,"transform":{"skX":35.69,"skY":35.69},"duration":2},{"tweenEasing":0,"transform":{"skX":34.37,"skY":34.37},"duration":2},{"tweenEasing":0,"transform":{"skX":19.74,"skY":19.74},"duration":2},{"transform":{"skX":12.19,"skY":12.19},"duration":0}],"name":"Tail2"},{"frame":[{"tweenEasing":0,"transform":{"skX":9.32,"skY":9.32},"duration":2},{"tweenEasing":0,"transform":{"skX":8.03,"skY":8.03},"duration":2},{"tweenEasing":0,"transform":{"skX":-6.18,"skY":-6.18},"duration":2},{"tweenEasing":0,"transform":{"skX":-25.06,"skY":-25.06},"duration":2},{"tweenEasing":0,"transform":{"skX":-13.5,"skY":-13.5},"duration":2},{"tweenEasing":0,"transform":{"skX":-26.81,"skY":-26.81},"duration":2},{"tweenEasing":0,"transform":{"skX":1.51,"skY":1.51},"duration":2},{"tweenEasing":0,"transform":{"skX":13.84,"skY":13.84},"duration":2},{"tweenEasing":0,"transform":{"skX":9.32,"skY":9.32},"duration":2},{"tweenEasing":0,"transform":{"skX":8.03,"skY":8.03},"duration":2},{"tweenEasing":0,"transform":{"skX":-6.18,"skY":-6.18},"duration":2},{"tweenEasing":0,"transform":{"skX":-25.06,"skY":-25.06},"duration":2},{"tweenEasing":0,"transform":{"skX":-13.5,"skY":-13.5},"duration":2},{"tweenEasing":0,"transform":{"skX":-26.81,"skY":-26.81},"duration":2},{"tweenEasing":0,"transform":{"skX":1.51,"skY":1.51},"duration":2},{"tweenEasing":0,"transform":{"skX":13.84,"skY":13.84},"duration":2},{"transform":{"skX":9.32,"skY":9.32},"duration":0}],"name":"Tail3"},{"frame":[{"tweenEasing":0,"transform":{"skX":0.84,"skY":0.84},"duration":2},{"tweenEasing":0,"transform":{"skX":-5.66,"skY":-5.66},"duration":2},{"tweenEasing":0,"transform":{"skX":-17.09,"skY":-17.09},"duration":2},{"tweenEasing":0,"transform":{"skX":-39.28,"skY":-39.28},"duration":2},{"tweenEasing":0,"transform":{"skX":-74.87,"skY":-74.87},"duration":2},{"tweenEasing":0,"transform":{"skX":-80.7,"skY":-80.7},"duration":2},{"tweenEasing":0,"transform":{"skX":-78.4,"skY":-78.4},"duration":2},{"tweenEasing":0,"transform":{"skX":-43.3,"skY":-43.3},"duration":2},{"tweenEasing":0,"transform":{"skX":0.84,"skY":0.84},"duration":2},{"tweenEasing":0,"transform":{"skX":-5.66,"skY":-5.66},"duration":2},{"tweenEasing":0,"transform":{"skX":-17.09,"skY":-17.09},"duration":2},{"tweenEasing":0,"transform":{"skX":-39.28,"skY":-39.28},"duration":2},{"tweenEasing":0,"transform":{"skX":-74.87,"skY":-74.87},"duration":2},{"tweenEasing":0,"transform":{"skX":-80.7,"skY":-80.7},"duration":2},{"tweenEasing":0,"transform":{"skX":-78.4,"skY":-78.4},"duration":2},{"tweenEasing":0,"transform":{"skX":-43.3,"skY":-43.3},"duration":2},{"transform":{"skX":0.84,"skY":0.84},"duration":0}],"name":"Tail4"},{"frame":[{"tweenEasing":0,"transform":{"skX":-11.69,"skY":-11.69},"duration":4},{"tweenEasing":0,"transform":{"skX":-11.49,"skY":-11.49},"duration":4},{"tweenEasing":0,"transform":{"skX":-0.24,"skY":-0.24},"duration":4},{"tweenEasing":0,"transform":{"skX":-3.27,"skY":-3.27},"duration":4},{"tweenEasing":0,"transform":{"skX":-11.69,"skY":-11.69},"duration":4},{"tweenEasing":0,"transform":{"skX":-11.49,"skY":-11.49},"duration":4},{"tweenEasing":0,"transform":{"skX":-0.24,"skY":-0.24},"duration":4},{"tweenEasing":0,"transform":{"skX":-3.27,"skY":-3.27},"duration":4},{"transform":{"skX":-11.69,"skY":-11.69},"duration":0}],"name":"Ear_R"},{"frame":[{"tweenEasing":0,"transform":{"skX":-23.59,"skY":-23.59},"duration":4},{"tweenEasing":0,"transform":{"skX":-37.34,"skY":-37.34},"duration":4},{"tweenEasing":0,"transform":{"skX":-18.39,"skY":-18.39},"duration":4},{"tweenEasing":0,"transform":{"skX":-20.09,"skY":-20.09},"duration":4},{"tweenEasing":0,"transform":{"skX":-23.59,"skY":-23.59},"duration":4},{"tweenEasing":0,"transform":{"skX":-37.34,"skY":-37.34},"duration":4},{"tweenEasing":0,"transform":{"skX":-18.39,"skY":-18.39},"duration":4},{"tweenEasing":0,"transform":{"skX":-20.09,"skY":-20.09},"duration":4},{"transform":{"skX":-23.59,"skY":-23.59},"duration":0}],"name":"Ear_R2"},{"frame":[{"tweenEasing":0,"transform":{"skX":1.11,"skY":1.11},"duration":4},{"tweenEasing":0,"transform":{"skX":-1.65,"skY":-1.65},"duration":4},{"tweenEasing":0,"transform":{"skX":-5.83,"skY":-5.83},"duration":4},{"tweenEasing":0,"transform":{"skX":4.8,"skY":4.8},"duration":4},{"tweenEasing":0,"transform":{"skX":1.11,"skY":1.11},"duration":4},{"tweenEasing":0,"transform":{"skX":-1.65,"skY":-1.65},"duration":4},{"tweenEasing":0,"transform":{"skX":-5.83,"skY":-5.83},"duration":4},{"tweenEasing":0,"transform":{"skX":4.8,"skY":4.8},"duration":4},{"transform":{"skX":1.11,"skY":1.11},"duration":0}],"name":"Ear_L"},{"frame":[{"tweenEasing":0,"transform":{"skX":3.26,"skY":3.26},"duration":4},{"tweenEasing":0,"transform":{"skX":13.06,"skY":13.06},"duration":4},{"tweenEasing":0,"transform":{"skX":-0.13,"skY":-0.13},"duration":4},{"tweenEasing":0,"transform":{"skX":-7.57,"skY":-7.57},"duration":4},{"tweenEasing":0,"transform":{"skX":3.26,"skY":3.26},"duration":4},{"tweenEasing":0,"transform":{"skX":13.06,"skY":13.06},"duration":4},{"tweenEasing":0,"transform":{"skX":-0.13,"skY":-0.13},"duration":4},{"tweenEasing":0,"transform":{"skX":-7.57,"skY":-7.57},"duration":4},{"transform":{"skX":3.26,"skY":3.26},"duration":0}],"name":"Ear_L2"},{"frame":[{"transform":{},"duration":32}],"name":"leg_l"},{"frame":[{"transform":{},"duration":16},{"transform":{},"duration":16},{"transform":{},"duration":0}],"name":"belly"},{"frame":[{"transform":{},"duration":32}],"name":"leg_r2"},{"frame":[{"transform":{},"duration":32}],"name":"leg_l2"},{"frame":[{"transform":{},"duration":32}],"name":"arm_l2"},{"frame":[{"transform":{},"duration":32}],"name":"hand_r"},{"frame":[{"transform":{},"duration":32}],"name":"arm_l"},{"frame":[{"transform":{},"duration":32}],"name":"foot_r"},{"frame":[{"transform":{},"duration":32}],"name":"leg_r"},{"frame":[{"transform":{},"duration":32}],"name":"arm_r"},{"frame":[{"transform":{},"duration":32}],"name":"foot_l"},{"frame":[{"transform":{},"duration":32}],"name":"arm_r2"},{"frame":[{"transform":{},"duration":32}],"name":"hand_l"},{"frame":[{"transform":{},"duration":32}],"name":"root"},{"frame":[{"transform":{},"duration":32}],"name":"buff_up"},{"frame":[{"transform":{},"duration":32}],"name":"buff_mid"},{"frame":[{"transform":{},"duration":32}],"name":"buff_flo"}],"slot":[{"frame":[{"displayIndex":-1,"tweenEasing":0,"duration":32},{"displayIndex":-1,"tweenEasing":null,"duration":0}],"name":"Eye"}],"ffd":[],"frame":[],"name":"0001_yidong","duration":32,"ik":[{"frame":[{"tweenEasing":null,"bendPositive":true,"weight":0,"duration":32}],"offset":0,"name":"leg_l","scale":1},{"frame":[{"tweenEasing":null,"bendPositive":true,"weight":0,"duration":32}],"offset":0,"name":"leg_r","scale":1},{"frame":[{"tweenEasing":null,"bendPositive":false,"weight":0,"duration":32}],"offset":0,"name":"leg_l2","scale":1},{"frame":[{"tweenEasing":null,"bendPositive":false,"weight":0,"duration":32}],"offset":0,"name":"leg_r2","scale":1},{"frame":[{"tweenEasing":null,"bendPositive":false,"weight":0,"duration":32}],"offset":0,"name":"arm_l","scale":1},{"frame":[{"tweenEasing":null,"bendPositive":false,"weight":0,"duration":32}],"offset":0,"name":"foot_r","scale":1},{"frame":[{"tweenEasing":null,"bendPositive":false,"weight":0,"duration":32}],"offset":0,"name":"foot_l","scale":1},{"frame":[{"tweenEasing":null,"bendPositive":false,"weight":0,"duration":32}],"offset":0,"name":"arm_r","scale":1},{"frame":[{"tweenEasing":null,"bendPositive":false,"weight":0,"duration":32}],"offset":0,"name":"arm_l2","scale":1},{"frame":[{"tweenEasing":null,"bendPositive":false,"weight":0,"duration":32}],"offset":0,"name":"arm_r2","scale":1},{"frame":[{"tweenEasing":null,"bendPositive":false,"weight":0,"duration":32}],"offset":0,"name":"hand_r","scale":1},{"frame":[{"tweenEasing":null,"bendPositive":false,"weight":0,"duration":32}],"offset":0,"name":"hand_l","scale":1}]},{"bone":[{"frame":[{"transform":{},"duration":30}],"name":"Fuji"},{"frame":[{"tweenEasing":0,"transform":{"skX":-0.59,"skY":-0.59},"duration":7},{"tweenEasing":0,"transform":{"y":6.49,"skX":-5.69,"skY":-5.69,"x":-11.83},"duration":3},{"tweenEasing":0,"transform":{"y":3.03,"skX":1.95,"skY":1.95,"x":18.93},"duration":13},{"tweenEasing":0,"transform":{"y":1.92,"skX":2.9,"skY":2.9,"x":20.03},"duration":7},{"transform":{"skX":-0.59,"skY":-0.59},"duration":0}],"name":"bip"},{"frame":[{"tweenEasing":0,"transform":{"skX":-1.17,"skY":-1.17},"duration":7},{"tweenEasing":0,"transform":{"skX":-6.34,"skY":-6.34},"duration":3},{"tweenEasing":0,"transform":{"skX":-0.61,"skY":-0.61},"duration":13},{"tweenEasing":0,"transform":{"skX":-1.92,"skY":-1.92},"duration":7},{"transform":{"skX":-1.17,"skY":-1.17},"duration":0}],"name":"Body"},{"frame":[{"tweenEasing":0,"transform":{"skX":-1.9,"skY":-1.9},"duration":7},{"tweenEasing":0,"transform":{"skX":7,"skY":7},"duration":3},{"tweenEasing":0,"transform":{"skX":-8.46,"skY":-8.46},"duration":13},{"tweenEasing":0,"transform":{"skX":-10.59,"skY":-10.59},"duration":7},{"transform":{"skX":-1.9,"skY":-1.9},"duration":0}],"name":"spine"},{"frame":[{"tweenEasing":0,"transform":{"skX":2.78,"skY":2.78},"duration":7},{"tweenEasing":0,"transform":{"skX":14.81,"skY":14.81},"duration":3},{"tweenEasing":0,"transform":{"skX":-6.2,"skY":-6.2},"duration":13},{"tweenEasing":0,"transform":{"skX":-8.06,"skY":-8.06},"duration":7},{"transform":{"skX":2.78,"skY":2.78},"duration":0}],"name":"waist"},{"frame":[{"tweenEasing":0,"transform":{"skX":-1.93,"skY":-1.93},"duration":7},{"tweenEasing":0,"transform":{"skX":2.28,"skY":2.28},"duration":3},{"tweenEasing":0,"transform":{"skX":-10.49,"skY":-10.49},"duration":13},{"tweenEasing":0,"transform":{"skX":-11.53,"skY":-11.53},"duration":7},{"transform":{"skX":-1.93,"skY":-1.93},"duration":0}],"name":"Neck"},{"frame":[{"tweenEasing":0,"transform":{"skX":2.25,"skY":2.25},"duration":7},{"tweenEasing":0,"transform":{"scY":0.951,"y":-2.18,"skX":8.81,"skY":8.81,"scX":0.976,"x":-2.53},"duration":3},{"tweenEasing":0,"transform":{"scY":0.954,"y":-7.1,"skX":-32.87,"skY":-32.87,"scX":1.032,"x":0.84},"duration":13},{"tweenEasing":0,"transform":{"scY":0.954,"y":-7.1,"skX":-35.3,"skY":-35.3,"scX":1.032,"x":0.84},"duration":7},{"transform":{"skX":2.25,"skY":2.25},"duration":0}],"name":"Head"},{"frame":[{"tweenEasing":0,"transform":{},"duration":7},{"tweenEasing":0,"transform":{"scX":0.972},"duration":3},{"transform":{"scX":0.988},"duration":13},{"tweenEasing":0,"transform":{"scX":0.988},"duration":7},{"transform":{},"duration":0}],"name":"UpArm_R"},{"frame":[{"transform":{},"duration":30},{"transform":{},"duration":0}],"name":"Arm_R"},{"frame":[{"transform":{},"duration":30},{"transform":{},"duration":0}],"name":"Wrist_R"},{"frame":[{"transform":{},"duration":30},{"transform":{},"duration":0}],"name":"Hand_R"},{"frame":[{"tweenEasing":0,"transform":{},"duration":7},{"tweenEasing":0,"transform":{"scX":0.951},"duration":3},{"transform":{"scX":0.987},"duration":13},{"tweenEasing":0,"transform":{"scX":0.987},"duration":7},{"transform":{},"duration":0}],"name":"UpArm_L"},{"frame":[{"transform":{},"duration":30},{"transform":{},"duration":0}],"name":"Arm_L"},{"frame":[{"transform":{},"duration":30},{"transform":{},"duration":0}],"name":"Wrist_L"},{"frame":[{"transform":{},"duration":30},{"transform":{},"duration":0}],"name":"Hand_L"},{"frame":[{"transform":{},"duration":30},{"transform":{},"duration":0}],"name":"Thigh_R"},{"frame":[{"transform":{},"duration":30},{"transform":{},"duration":0}],"name":"Fibula_R"},{"frame":[{"transform":{},"duration":30},{"transform":{},"duration":0}],"name":"Leg_R"},{"frame":[{"transform":{},"duration":30},{"transform":{},"duration":0}],"name":"Foot_R"},{"frame":[{"transform":{},"duration":30},{"transform":{},"duration":0}],"name":"Thigh_L"},{"frame":[{"transform":{},"duration":30},{"transform":{},"duration":0}],"name":"Fibula_L"},{"frame":[{"transform":{},"duration":30},{"transform":{},"duration":0}],"name":"Leg_L"},{"frame":[{"transform":{},"duration":30},{"transform":{},"duration":0}],"name":"Foot_L"},{"frame":[{"tweenEasing":0,"transform":{"skX":3.53,"skY":3.53},"duration":7},{"tweenEasing":0,"transform":{"skX":10.51,"skY":10.51},"duration":3},{"tweenEasing":0,"transform":{"skX":5.85,"skY":5.85},"duration":13},{"tweenEasing":0,"transform":{"skX":2.9,"skY":2.9},"duration":7},{"transform":{"skX":3.53,"skY":3.53},"duration":0}],"name":"Tail"},{"frame":[{"tweenEasing":0,"transform":{"skX":3.53,"skY":3.53},"duration":7},{"tweenEasing":0,"transform":{"skX":12.64,"skY":12.64},"duration":3},{"tweenEasing":0,"transform":{"skX":6.41,"skY":6.41},"duration":13},{"tweenEasing":0,"transform":{"skX":1.19,"skY":1.19},"duration":7},{"transform":{"skX":3.53,"skY":3.53},"duration":0}],"name":"Tail2"},{"frame":[{"tweenEasing":0,"transform":{"skX":3.53,"skY":3.53},"duration":7},{"tweenEasing":0,"transform":{"skX":-12.42,"skY":-12.42},"duration":3},{"tweenEasing":0,"transform":{"skX":-11.92,"skY":-11.92},"duration":13},{"tweenEasing":0,"transform":{"skX":4.14,"skY":4.14},"duration":7},{"transform":{"skX":3.53,"skY":3.53},"duration":0}],"name":"Tail3"},{"frame":[{"tweenEasing":0,"transform":{"skX":3.53,"skY":3.53},"duration":7},{"tweenEasing":0,"transform":{"skX":-17.25,"skY":-17.25},"duration":3},{"tweenEasing":0,"transform":{"skX":-0.64,"skY":-0.64},"duration":13},{"tweenEasing":0,"transform":{"skX":3.83,"skY":3.83},"duration":7},{"transform":{"skX":3.53,"skY":3.53},"duration":0}],"name":"Tail4"},{"frame":[{"tweenEasing":0,"transform":{},"duration":7},{"tweenEasing":0,"transform":{"skX":2.6,"skY":2.6},"duration":3},{"tweenEasing":0,"transform":{"skX":0.55,"skY":0.55},"duration":13},{"tweenEasing":0,"transform":{"skX":-6.6,"skY":-6.6},"duration":7},{"transform":{},"duration":0}],"name":"Ear_R"},{"frame":[{"tweenEasing":0,"transform":{},"duration":7},{"tweenEasing":0,"transform":{"skX":-19.59,"skY":-19.59},"duration":3},{"tweenEasing":0,"transform":{"skX":-37.42,"skY":-37.42},"duration":13},{"tweenEasing":0,"transform":{"skX":-43.04,"skY":-43.04},"duration":7},{"transform":{},"duration":0}],"name":"Ear_R2"},{"frame":[{"tweenEasing":0,"transform":{},"duration":7},{"tweenEasing":0,"transform":{"skX":3.08,"skY":3.08},"duration":3},{"tweenEasing":0,"transform":{"skX":-1.25,"skY":-1.25},"duration":13},{"tweenEasing":0,"transform":{"skX":-14.57,"skY":-14.57},"duration":7},{"transform":{},"duration":0}],"name":"Ear_L"},{"frame":[{"tweenEasing":0,"transform":{},"duration":7},{"tweenEasing":0,"transform":{"skX":4.56,"skY":4.56},"duration":3},{"tweenEasing":0,"transform":{"skX":-11.49,"skY":-11.49},"duration":13},{"tweenEasing":0,"transform":{"skX":-13.46,"skY":-13.46},"duration":7},{"transform":{},"duration":0}],"name":"Ear_L2"},{"frame":[{"transform":{},"duration":30},{"transform":{},"duration":0}],"name":"belly"},{"frame":[{"tweenEasing":0,"transform":{},"duration":7},{"tweenEasing":0,"transform":{"y":4.11,"x":-0.91},"duration":3},{"transform":{"y":-1.37,"x":5.94},"duration":13},{"tweenEasing":0,"transform":{"y":-1.37,"x":5.94},"duration":7},{"transform":{},"duration":0}],"name":"arm_r"},{"frame":[{"tweenEasing":0,"transform":{},"duration":7},{"tweenEasing":0,"transform":{"y":4.11,"x":-1.37},"duration":3},{"transform":{"y":-2.28,"x":8.68},"duration":13},{"tweenEasing":0,"transform":{"y":-2.28,"x":8.68},"duration":7},{"transform":{},"duration":0}],"name":"arm_l"},{"frame":[{"transform":{},"duration":7},{"transform":{},"duration":3},{"transform":{},"duration":13},{"transform":{},"duration":7},{"transform":{},"duration":0}],"name":"hand_r"},{"frame":[{"transform":{},"duration":7},{"transform":{},"duration":3},{"transform":{},"duration":13},{"transform":{},"duration":7},{"transform":{},"duration":0}],"name":"foot_r"},{"frame":[{"transform":{},"duration":7},{"transform":{},"duration":3},{"transform":{},"duration":13},{"transform":{},"duration":7},{"transform":{},"duration":0}],"name":"arm_r2"},{"frame":[{"tweenEasing":0,"transform":{},"duration":7},{"tweenEasing":0,"transform":{"x":-4.4},"duration":3},{"tweenEasing":0,"transform":{},"duration":13},{"tweenEasing":0,"transform":{"x":1.65},"duration":7},{"transform":{},"duration":0}],"name":"leg_r"},{"frame":[{"transform":{},"duration":7},{"transform":{},"duration":3},{"transform":{},"duration":13},{"transform":{},"duration":7},{"transform":{},"duration":0}],"name":"hand_l"},{"frame":[{"transform":{},"duration":7},{"transform":{},"duration":3},{"transform":{},"duration":13},{"transform":{},"duration":7},{"transform":{},"duration":0}],"name":"arm_l2"},{"frame":[{"transform":{},"duration":7},{"transform":{},"duration":3},{"transform":{},"duration":13},{"transform":{},"duration":7},{"transform":{},"duration":0}],"name":"leg_r2"},{"frame":[{"transform":{},"duration":7},{"transform":{},"duration":3},{"transform":{},"duration":13},{"transform":{},"duration":7},{"transform":{},"duration":0}],"name":"foot_l"},{"frame":[{"tweenEasing":0,"transform":{},"duration":7},{"tweenEasing":0,"transform":{"y":2.75,"x":-2.75},"duration":3},{"transform":{},"duration":13},{"transform":{},"duration":7},{"transform":{},"duration":0}],"name":"leg_l"},{"frame":[{"transform":{},"duration":7},{"transform":{},"duration":3},{"transform":{},"duration":13},{"transform":{},"duration":7},{"transform":{},"duration":0}],"name":"leg_l2"},{"frame":[{"transform":{},"duration":30}],"name":"root"},{"frame":[{"transform":{},"duration":30}],"name":"buff_up"},{"frame":[{"transform":{},"duration":30}],"name":"buff_mid"},{"frame":[{"transform":{},"duration":30}],"name":"buff_flo"}],"slot":[{"frame":[{"displayIndex":-1,"tweenEasing":0,"duration":30},{"displayIndex":-1,"tweenEasing":null,"duration":0}],"name":"Eye"}],"ffd":[],"frame":[],"name":"0002_shifa","duration":30,"ik":[]},{"bone":[{"frame":[{"transform":{},"duration":0}],"name":"Fuji"},{"frame":[{"transform":{},"duration":0}],"name":"bip"},{"frame":[{"transform":{},"duration":0}],"name":"Body"},{"frame":[{"transform":{},"duration":0}],"name":"spine"},{"frame":[{"transform":{},"duration":0}],"name":"waist"},{"frame":[{"transform":{},"duration":0}],"name":"Neck"},{"frame":[{"transform":{},"duration":0}],"name":"Head"},{"frame":[{"transform":{},"duration":0}],"name":"UpArm_R"},{"frame":[{"transform":{},"duration":0}],"name":"Arm_R"},{"frame":[{"transform":{},"duration":0}],"name":"Wrist_R"},{"frame":[{"transform":{},"duration":0}],"name":"Hand_R"},{"frame":[{"transform":{},"duration":0}],"name":"UpArm_L"},{"frame":[{"transform":{},"duration":0}],"name":"Arm_L"},{"frame":[{"transform":{},"duration":0}],"name":"Wrist_L"},{"frame":[{"transform":{},"duration":0}],"name":"Hand_L"},{"frame":[{"transform":{},"duration":0}],"name":"Thigh_R"},{"frame":[{"transform":{},"duration":0}],"name":"Fibula_R"},{"frame":[{"transform":{},"duration":0}],"name":"Leg_R"},{"frame":[{"transform":{},"duration":0}],"name":"Foot_R"},{"frame":[{"transform":{},"duration":0}],"name":"Thigh_L"},{"frame":[{"transform":{},"duration":0}],"name":"Fibula_L"},{"frame":[{"transform":{},"duration":0}],"name":"Leg_L"},{"frame":[{"transform":{},"duration":0}],"name":"Foot_L"},{"frame":[{"transform":{},"duration":0}],"name":"Tail"},{"frame":[{"transform":{},"duration":0}],"name":"Tail2"},{"frame":[{"transform":{},"duration":0}],"name":"Tail3"},{"frame":[{"transform":{},"duration":0}],"name":"Tail4"},{"frame":[{"transform":{},"duration":0}],"name":"Ear_R"},{"frame":[{"transform":{},"duration":0}],"name":"Ear_R2"},{"frame":[{"transform":{},"duration":0}],"name":"Ear_L"},{"frame":[{"transform":{},"duration":0}],"name":"Ear_L2"},{"frame":[{"transform":{},"duration":0}],"name":"root"},{"frame":[{"transform":{},"duration":0}],"name":"leg_l2"},{"frame":[{"transform":{},"duration":0}],"name":"hand_l"},{"frame":[{"transform":{},"duration":0}],"name":"leg_r2"},{"frame":[{"transform":{},"duration":0}],"name":"arm_l2"},{"frame":[{"transform":{},"duration":0}],"name":"arm_l"},{"frame":[{"transform":{},"duration":0}],"name":"buff_up"},{"frame":[{"transform":{},"duration":0}],"name":"buff_mid"},{"frame":[{"transform":{},"duration":0}],"name":"arm_r"},{"frame":[{"transform":{},"duration":0}],"name":"buff_flo"},{"frame":[{"transform":{},"duration":0}],"name":"foot_l"},{"frame":[{"transform":{},"duration":0}],"name":"leg_r"},{"frame":[{"transform":{},"duration":0}],"name":"hand_r"},{"frame":[{"transform":{},"duration":0}],"name":"arm_r2"},{"frame":[{"transform":{},"duration":0}],"name":"foot_r"},{"frame":[{"transform":{},"duration":0}],"name":"leg_l"},{"frame":[{"transform":{},"duration":0}],"name":"belly"}],"slot":[],"ffd":[],"frame":[],"name":"0003_shiluo","duration":0,"ik":[]}],"skin":[{"slot":[{"display":[{"path":"Thigh_L","type":"image","name":"Thigh_L","transform":{"y":1.82,"skX":-51.16,"skY":-51.16,"x":23.31}}],"name":"Thigh_L"},{"display":[{"path":"UpArm_R","type":"image","name":"UpArm_R","transform":{"y":-1.69,"skX":-131.73,"skY":-131.73,"x":16.39}}],"name":"UpArm_R"},{"display":[{"path":"Eye","type":"image","name":"Eye","transform":{"y":-4.15,"skX":-30.28,"skY":-30.28,"x":30.67}}],"name":"Eye"},{"display":[{"vertices":[-51.1,-111.87,-65.55,-116.49,-80.66,-116.53,-93.73,-110.15,-111.9,-77.69,-117.65,-66.95,-136.44,-64.03,-167.26,-54.28,-167.29,-44.9,-130.37,-33.69,-94.41,-33.57,-81.78,-45.54,-73.93,-66.36,-67.45,-94.29,-51.13,-103.41,-79.39,-99.88,-94.51,-70.12,-112.16,-48.14],"uvs":[1.00877,0.04429,0.88188,-0.01235,0.74931,-0.01235,0.6348,0.0669,0.47612,0.46836,0.42589,0.60123,0.26118,0.63798,-0.00877,0.75955,-0.00877,0.87547,0.31542,1.01235,0.6308,1.01235,0.74127,0.86415,0.80957,0.60689,0.86582,0.26197,1.00877,0.14889,0.76086,0.19328,0.62888,0.56124,0.47465,0.83314],"path":"Tail","edges":[7,8,8,9,9,10,10,11,11,12,12,13,13,14,14,0,0,1,1,2,2,3,3,4,4,5,5,6,6,7],"triangles":[1,13,14,1,14,0,15,16,12,15,12,13,15,13,1,2,15,1,16,11,12,3,4,15,4,16,15,2,3,15,16,17,11,17,10,11,5,17,16,17,9,10,4,5,16,5,6,17,6,9,17,7,8,6,6,8,9],"type":"mesh","transform":{},"slotPose":[1,0,0,1,0,0],"userEdges":[],"width":114,"bonePose":[18,-0.9325130195880528,0.3611363569329066,-0.3611363569329066,-0.9325130195880528,-56.52,-109.02,22,-0.45352390760371375,0.8912441109100571,-0.8912441109100571,-0.45352390760371375,-79.1364586460345,-100.32561685269096,26,-0.6328404759386015,0.7742822043762884,-0.7742822043762884,-0.6328404759386015,-94.51498024174752,-70.17060941561364,34,-0.9995853681937396,-0.02879395236826382,0.02879395236826382,-0.9995853681937396,-112.51296337744134,-48.150023523152],"height":81,"name":"Tail","weights":[1,18,1,1,18,0.99999,2,18,0.8074,22,0.19259,2,18,0.31294,22,0.68704,4,18,0.00001,22,0.43378,26,0.5524,34,0.01379,3,22,0.04338,26,0.63763,34,0.31897,2,26,0.02703,34,0.97296,1,34,1,1,34,1,1,34,1,2,26,0.91566,34,0.08433,2,22,0.06403,26,0.93596,2,22,0.67176,26,0.32823,2,18,0.71175,22,0.28823,1,18,1,2,18,0.5,22,0.5,2,22,0.5,26,0.5,2,26,0.5,34,0.5]}],"name":"Tail"},{"display":[{"path":"Leg_R","type":"image","name":"Leg_R","transform":{"y":0.11,"skX":-82.89,"skY":-82.89,"x":17.17}}],"name":"Leg_R"},{"display":[{"path":"Hand_R","type":"image","name":"Hand_R","transform":{"y":-1.39,"skX":-42.31,"skY":-42.31,"x":10.67}}],"name":"Hand_R"},{"display":[{"path":"buff_up","type":"image","name":"buff_up","transform":{}}],"name":"buff_up"},{"display":[{"path":"Fibula_L","type":"image","name":"Fibula_L","transform":{"y":0.93,"skX":-141.37,"skY":-141.37,"x":25.86}}],"name":"Fibula_L"},{"display":[{"path":"Fibula_R","type":"image","name":"Fibula_R","transform":{"y":2.72,"skX":-152.88,"skY":-152.88,"x":24.92}}],"name":"Fibula_R"},{"display":[{"path":"Head","type":"image","name":"Head","transform":{"y":-4.12,"skX":-30.4,"skY":-30.4,"x":27.24}}],"name":"Head"},{"display":[{"path":"Arm_L","type":"image","name":"Arm_L","transform":{"y":0.83,"skX":-45.58,"skY":-45.58,"x":14.21}}],"name":"Arm_L"},{"display":[{"path":"Foot_L","type":"image","name":"Foot_L","transform":{"y":-0.43,"skX":-21.16,"skY":-21.16,"x":7.68}}],"name":"Foot_L"},{"display":[{"path":"Wrist_R","type":"image","name":"Wrist_R","transform":{"y":0.51,"skX":-48.7,"skY":-48.7,"x":13.03}}],"name":"Wrist_R"},{"display":[{"path":"buff_mid","type":"image","name":"buff_mid","transform":{"y":-0.58,"x":1.16}}],"name":"buff_mid"},{"display":[{"path":"Hand_L","type":"image","name":"Hand_L","transform":{"y":-2.16,"skX":-35.75,"skY":-35.75,"x":10.26}}],"name":"Hand_L"},{"display":[{"path":"Wrist_L","type":"image","name":"Wrist_L","transform":{"y":0.72,"skX":-46.92,"skY":-46.92,"x":11.43}}],"name":"Wrist_L"},{"display":[{"path":"Thigh_R","type":"image","name":"Thigh_R","transform":{"y":0.52,"skX":-82.84,"skY":-82.84,"x":24.64}}],"name":"Thigh_R"},{"display":[{"vertices":[96.49,-142.5,89.46,-117.83,83.82,-93.29,89.1,-85.51,102.61,-85.5,107.81,-99.45,107.65,-116.15,105.16,-142.49,99.31,-115.31],"uvs":[0.52897,-0.01818,0.21016,0.43037,-0.04545,0.87672,0.19497,1.01818,0.80984,1.01818,1.04545,0.76437,1.03757,0.46073,0.9237,-0.01818,0.65816,0.47598],"path":"Ear_L","edges":[2,3,3,4,4,5,5,6,6,7,7,0,0,1,1,2],"triangles":[0,1,8,2,3,4,0,8,7,7,8,6,2,4,5,8,2,5,6,8,5,1,2,8],"type":"mesh","transform":{},"slotPose":[1,0,0,1,0,0],"userEdges":[],"width":22,"bonePose":[46,0.09167541801580822,-0.9957889423626004,0.9957889423626004,0.09167541801580822,99.63497715265824,-115.26280014634278,42,0.2123482279275364,-0.9771940595890024,0.9771940595890024,0.2123482279275364,93.83828346035868,-88.7285799347433],"height":55,"name":"Ear_L","weights":[1,46,1,2,42,0.5,46,0.5,1,42,1,1,42,1,1,42,1,1,42,1,2,42,0.5,46,0.5,1,46,1,2,42,0.5,46,0.5]}],"name":"Ear_L"},{"display":[{"vertices":[-36.86,-123.52,-58.26,-121.17,-81.23,-102.58,-80.75,-77.77,-63.37,-60.14,-41.99,-65.63,-16.82,-53.27,5.12,-44.14,17.36,-40.65,40.3,-40.69,58.83,-47.12,58.77,-87.58,55.31,-115.62,41.53,-119.85,8.38,-118.08,-9.46,-113.46,-15.26,-86.43,9.04,-82,41.52,-83.68,-47.88,-99.37],"uvs":[0.31478,-0.01235,0.15957,0.01611,-0.00725,0.24487,-0.00427,0.5513,0.12137,0.76957,0.27659,0.70241,0.45891,0.85561,0.61782,0.96895,0.70652,1.01235,0.87283,1.01235,1.00725,0.93327,1.00725,0.43376,0.98246,0.08747,0.88268,0.035,0.64247,0.05599,0.51312,0.11266,0.47072,0.44621,0.64683,0.50158,0.88218,0.48164,0.23442,0.28563],"path":"Body","edges":[2,3,3,4,4,5,5,6,6,7,7,8,8,9,9,10,10,11,11,12,12,13,13,14,14,15,15,0,0,1,1,2],"triangles":[13,18,12,12,18,11,11,18,10,18,9,10,8,9,18,17,8,18,13,14,18,14,17,18,15,16,17,6,7,17,15,17,14,17,7,8,16,6,17,5,6,16,19,16,15,0,19,15,19,5,16,19,4,5,1,19,0,3,4,19,1,2,19,2,3,19],"type":"mesh","transform":{},"slotPose":[1,0,0,1,0,0],"userEdges":[],"width":138,"bonePose":[21,0.9189977715934212,0.39426272434295095,-0.39426272434295095,0.9189977715934212,-41.37,-97.45,25,0.9783286654377108,0.20705801694903803,-0.20705801694903803,0.9783286654377108,-17.024415849704987,-87.05981557522176,17,1,0,0,1,-50,-95,28,0.9935915982315634,-0.11302980104223656,0.11302980104223656,0.9935915982315634,6.424051680667447,-82.08685162229894,33,0.999999756306074,0.0006981316440875379,-0.0006981316440875379,0.999999756306074,4.965302544742116,-49.96612698915224,36,0.9997879328481812,-0.02059342932006955,0.02059342932006955,0.9997879328481812,42.05774435237659,-85.2246289531786],"height":81,"name":"Body","weights":[3,21,0.79699,25,0.003,17,0.2,1,17,1,1,17,1,1,17,1,1,17,1,2,21,0.8,17,0.2,4,21,0.14834,25,0.46093,28,0.07072,33,0.32,4,21,0.0035,25,0.16325,28,0.15324,33,0.68,3,25,0.0893,28,0.3807,33,0.52999,2,28,0.45891,36,0.54108,3,25,0.00859,28,0.26931,36,0.72209,1,36,1,3,25,0.0002,28,0.27702,36,0.72275,3,21,0.00001,28,0.44665,36,0.55333,3,21,0.06129,25,0.3373,28,0.60139,3,21,0.43265,25,0.39659,28,0.17074,2,21,0.5,25,0.5,2,25,0.26394,28,0.73605,2,28,0.52999,36,0.47,2,21,0.79999,17,0.2]}],"name":"Body"},{"display":[{"vertices":[46,-131.53,13.82,-125.79,21.81,-79.32,36.49,-40.55,61.49,-40.54,78.05,-51.74,108.82,-53.07,115.78,-74.52,106.83,-112.9,72.03,-126.43,71.81,-85.14],"uvs":[0.31177,-0.01124,-0.01,0.05346,0.07009,0.57564,0.21712,1.01124,0.46725,1.01124,0.63287,0.88515,0.94045,0.86997,1.01,0.62881,0.92017,0.19777,0.57202,0.04586,0.5702,0.51002],"path":"Neck","edges":[1,2,2,3,3,4,4,5,5,6,6,7,7,8,8,9,9,0,0,1],"triangles":[8,10,7,5,6,7,10,5,7,9,10,8,3,4,10,0,10,9,10,4,5,0,2,10,2,3,10,1,2,0],"type":"mesh","transform":{},"slotPose":[1,0,0,1,0,0],"userEdges":[],"width":100,"bonePose":[36,0.9997879328481812,-0.02059342932006955,0.02059342932006955,0.9997879328481812,42.05774435237659,-85.2246289531786,37,0.864099162217201,0.5033216047971033,-0.5033216047971033,0.864099162217201,68.6574700299338,-81.14154263536656,28,0.9935915982315634,-0.11302980104223656,0.11302980104223656,0.9935915982315634,6.424051680667447,-82.08685162229894],"height":89,"name":"Neck","weights":[2,36,0.99786,37,0.00212,2,36,0.66,28,0.34,2,36,0.77,28,0.23,2,36,0.93,28,0.07,1,36,1,2,36,0.63,37,0.37,1,37,1,1,37,1,2,36,0.08,37,0.92,2,36,0.89724,37,0.10275,2,36,0.22092,37,0.77907]}],"name":"Neck"},{"display":[{"path":"Leg_L","type":"image","name":"Leg_L","transform":{"y":-0.33,"skX":-60.35,"skY":-60.35,"x":15.83}}],"name":"Leg_L"},{"display":[{"path":"Arm_R","type":"image","name":"Arm_R","transform":{"y":2.23,"skX":-54.99,"skY":-54.99,"x":19.13}}],"name":"Arm_R"},{"display":[{"path":"buff_flo","type":"image","name":"buff_flo","transform":{"y":-0.58,"x":0.58}}],"name":"buff_flo"},{"display":[{"path":"UpArm_L","type":"image","name":"UpArm_L","transform":{"y":-0.88,"skX":-127.53,"skY":-127.53,"x":14.31}}],"name":"UpArm_L"},{"display":[{"path":"Foot_R","type":"image","name":"Foot_R","transform":{"y":-2.08,"skX":-43,"skY":-43,"x":8.12}}],"name":"Foot_R"},{"display":[{"vertices":[65.63,-142.57,60.81,-112.39,60.8,-105.88,72.59,-87.55,82.27,-89.77,88.74,-94.75,82.54,-112.8,79.38,-116.66,72.64,-142.54,71.35,-112.68],"uvs":[0.14199,-0.01887,-0.03846,0.55076,-0.03846,0.67363,0.41819,1.01887,0.79072,0.97612,1.03846,0.8816,0.79714,0.5413,0.67511,0.46883,0.41176,-0.01887,0.36699,0.54464],"path":"Ear_R","edges":[1,2,2,3,3,4,4,5,5,6,6,7,7,8,8,0,0,1],"triangles":[6,9,4,6,4,5,9,2,3,8,0,7,0,9,7,7,9,6,9,3,4,0,1,9,1,2,9],"type":"mesh","transform":{},"slotPose":[1,0,0,1,0,0],"userEdges":[],"width":26,"bonePose":[47,-0.04832678945271668,-0.9988315781057348,0.9988315781057348,-0.04832678945271668,69.38840314522224,-114.3565880480324,41,-0.4011485573524662,-0.9160130102427776,0.9160130102427776,-0.4011485573524662,79.39465961633671,-91.80668491222538],"height":53,"name":"Ear_R","weights":[1,47,1,2,41,0.6133,47,0.38669,2,41,0.93508,47,0.06491,1,41,1,1,41,1,1,41,1,2,41,0.87105,47,0.12894,2,41,0.55158,47,0.44841,1,47,1,2,41,0.5,47,0.5]}],"name":"Ear_R"}],"name":""}],"defaultActions":[{"gotoAndPlay":"0000_daiji"}],"aabb":{"width":291.14500673382776,"y":-155.4,"height":168.79496048296804,"x":-156.37579051333336},"slot":[{"name":"UpArm_L","parent":"UpArm_L","color":{}},{"z":1,"name":"Arm_L","parent":"Arm_L","color":{}},{"z":2,"name":"Wrist_L","parent":"Wrist_L","color":{}},{"z":3,"name":"Hand_L","parent":"Hand_L","color":{}},{"z":4,"name":"Thigh_L","parent":"Thigh_L","color":{}},{"z":5,"name":"Leg_L","parent":"Leg_L","color":{}},{"z":6,"name":"Foot_L","parent":"Foot_L","color":{}},{"z":7,"name":"Fibula_L","parent":"Fibula_L","color":{}},{"z":8,"name":"Tail","parent":"Tail","color":{}},{"z":9,"name":"Body","parent":"Body","color":{}},{"z":10,"name":"Neck","parent":"Neck","color":{}},{"z":11,"name":"Leg_R","parent":"Leg_R","color":{}},{"z":12,"name":"Foot_R","parent":"Foot_R","color":{}},{"z":13,"name":"Thigh_R","parent":"Thigh_R","color":{}},{"z":14,"name":"Fibula_R","parent":"Fibula_R","color":{}},{"z":15,"name":"UpArm_R","parent":"UpArm_R","color":{}},{"z":16,"name":"Arm_R","parent":"Arm_R","color":{}},{"z":17,"name":"Wrist_R","parent":"Wrist_R","color":{}},{"z":18,"name":"Hand_R","parent":"Hand_R","color":{}},{"z":19,"name":"Ear_R","parent":"Ear_R","color":{}},{"z":20,"name":"Ear_L","parent":"Ear_L","color":{}},{"z":21,"name":"Head","parent":"Head","color":{}},{"z":22,"name":"Eye","parent":"Head","color":{}},{"z":23,"name":"buff_flo","parent":"buff_flo","color":{"aM":0}},{"z":24,"name":"buff_mid","parent":"buff_mid","color":{"aM":0}},{"z":25,"name":"buff_up","parent":"buff_up","color":{"aM":0}}],"name":"armatureName","ik":[{"chain":1,"bone":"Fibula_L","name":"leg_l","target":"leg_l"},{"chain":1,"bone":"Fibula_R","name":"leg_r","target":"leg_r"},{"bone":"Leg_L","name":"leg_l2","bendPositive":"false","target":"leg_l2"},{"bone":"Leg_R","name":"leg_r2","bendPositive":"false","target":"leg_r2"},{"chain":1,"bone":"Arm_L","name":"arm_l","bendPositive":"false","target":"arm_l"},{"bone":"Foot_R","name":"foot_r","bendPositive":"false","target":"foot_r"},{"bone":"Foot_L","name":"foot_l","bendPositive":"false","target":"foot_l"},{"chain":1,"bone":"Arm_R","name":"arm_r","bendPositive":"false","target":"arm_r"},{"bone":"Wrist_L","name":"arm_l2","bendPositive":"false","target":"arm_l2"},{"bone":"Wrist_R","name":"arm_r2","bendPositive":"false","target":"arm_r2"},{"bone":"Hand_R","name":"hand_r","bendPositive":"false","target":"hand_r"},{"bone":"Hand_L","name":"hand_l","bendPositive":"false","target":"hand_l"}]}],"name":"cw_001_sanmao_zj","version":"4.0"}