{"frameRate":30,"isGlobal":0,"armature":[{"bone":[{"name":"root","transform":{}},{"length":120,"transform":{"y":7.13,"skX":-119.93,"skY":-119.93,"x":323.74},"parent":"root","name":"shashi_eff/bai_shashi_03_eff_01"},{"length":120,"transform":{"y":7.13,"skX":-119.93,"skY":-119.93,"x":537.64},"parent":"root","name":"shashi_eff/bai_shashi_03_eff_1"},{"length":120,"transform":{"y":7.13,"skX":-119.93,"skY":-119.93,"x":777.52},"parent":"root","name":"shashi_eff/bai_shashi_03_eff_2"},{"length":120,"transform":{"y":7.13,"skX":-119.93,"skY":-119.93,"x":991.41},"parent":"root","name":"shashi_eff/bai_shashi_03_eff_3"},{"length":191,"transform":{"y":202.39,"skX":1.1,"skY":1.1,"x":180.62},"parent":"root","name":"shatu_eff/bai_shashi_04_eff_01"},{"length":191,"transform":{"y":202.39,"skX":1.1,"skY":1.1,"x":438.49},"parent":"root","name":"shatu_eff/bai_shashi_04_eff_1"},{"length":191,"transform":{"y":202.39,"skX":1.1,"skY":1.1,"x":702.36},"parent":"root","name":"shatu_eff/bai_shashi_04_eff_2"},{"length":299,"transform":{"y":-241.39,"skX":-161.33,"skY":-161.33,"x":890.73},"parent":"root","name":"shazi"},{"transform":{"y":-234.13,"x":-48.68},"name":"yan_yanbeng_eff_pz","parent":"root"},{"length":223,"transform":{"y":376.99,"skX":-179.78,"skY":-179.78,"x":387.46},"parent":"root","name":"yanwu_eff/bai_chongciyanwu_01_eff_01"}],"type":"Armature","frameRate":30,"animation":[{"bone":[{"frame":[{"transform":{"scY":1.272,"y":-7.2,"skX":238.07,"skY":238.07,"scX":-1.27,"x":-147.16},"duration":30}],"name":"shashi_eff/bai_shashi_03_eff_01"},{"frame":[{"transform":{"scY":1.808,"y":-5.76,"skX":233.31,"skY":233.31,"scX":-1.81,"x":-163.9},"duration":30}],"name":"shashi_eff/bai_shashi_03_eff_1"},{"frame":[{"transform":{"scY":2.263,"y":-10.08,"skX":233.3,"skY":233.3,"scX":-2.26,"x":-195.7},"duration":30}],"name":"shashi_eff/bai_shashi_03_eff_2"},{"frame":[{"transform":{"scY":2.919,"y":-5.76,"skX":234.91,"skY":234.91,"scX":-2.92,"x":-167.11},"duration":30}],"name":"shashi_eff/bai_shashi_03_eff_3"},{"frame":[{"transform":{"scY":2.252,"y":-237.11,"skX":-2.57,"skY":-2.57,"scX":2.252,"x":-108.16},"duration":30}],"name":"shatu_eff/bai_shashi_04_eff_01"},{"frame":[{"transform":{"scY":4.054,"y":-266.57,"skX":-1.78,"skY":-1.78,"scX":4.054,"x":-342.1},"duration":30}],"name":"shatu_eff/bai_shashi_04_eff_1"},{"frame":[{"transform":{"scY":2.73,"y":-250.69,"skX":-1.82,"skY":-1.82,"scX":2.73,"x":-289.84},"duration":30}],"name":"shatu_eff/bai_shashi_04_eff_2"},{"frame":[{"curve":[0,0.89,0.75,1],"transform":{"scY":4.415,"y":-420.1,"skX":-0.75,"skY":-0.75,"scX":1.66,"x":-144.64},"duration":30},{"transform":{"scY":4.415,"y":-420.1,"skX":359.56,"skY":359.56,"scX":7.358,"x":707.54},"duration":0}],"name":"yanwu_eff/bai_chongciyanwu_01_eff_01"},{"frame":[{"curve":[0,0.98,0.75,1],"transform":{"scY":2.28,"y":38.73,"scX":2.28,"x":-688.63},"duration":30},{"transform":{"scY":2.28,"y":135.57,"skX":-11.22,"skY":-11.22,"scX":2.28,"x":393.81},"duration":0}],"name":"shazi"},{"frame":[{"transform":{"scY":5,"y":3.33,"scX":10,"x":600.87},"duration":30}],"name":"yan_yanbeng_eff_pz"},{"frame":[{"transform":{},"duration":30}],"name":"root"}],"slot":[{"frame":[{"tweenEasing":0,"duration":3},{"displayIndex":1,"tweenEasing":0,"duration":3},{"displayIndex":2,"tweenEasing":0,"duration":3},{"displayIndex":3,"tweenEasing":0,"duration":3},{"displayIndex":4,"tweenEasing":0,"duration":3},{"displayIndex":5,"tweenEasing":0,"duration":3},{"tweenEasing":0,"duration":3},{"displayIndex":1,"tweenEasing":0,"duration":3},{"displayIndex":2,"tweenEasing":0,"duration":3},{"displayIndex":3,"tweenEasing":0,"duration":3},{"displayIndex":4,"tweenEasing":null,"color":{"aM":0},"duration":0}],"name":"shashi_eff/bai_shashi_03_eff_01"},{"frame":[{"tweenEasing":0,"duration":3},{"displayIndex":1,"tweenEasing":0,"duration":3},{"displayIndex":2,"tweenEasing":0,"duration":3},{"displayIndex":3,"tweenEasing":0,"duration":3},{"displayIndex":4,"tweenEasing":0,"duration":3},{"displayIndex":5,"tweenEasing":0,"duration":3},{"tweenEasing":0,"duration":3},{"displayIndex":1,"tweenEasing":0,"duration":3},{"displayIndex":2,"tweenEasing":0,"duration":3},{"displayIndex":3,"tweenEasing":0,"duration":3},{"displayIndex":4,"tweenEasing":null,"color":{"aM":0},"duration":0}],"name":"shashi_eff/bai_shashi_03_eff_1"},{"frame":[{"tweenEasing":0,"duration":3},{"displayIndex":1,"tweenEasing":0,"duration":3},{"displayIndex":2,"tweenEasing":0,"duration":3},{"displayIndex":3,"tweenEasing":0,"duration":3},{"displayIndex":4,"tweenEasing":0,"duration":3},{"displayIndex":5,"tweenEasing":0,"duration":3},{"tweenEasing":0,"duration":3},{"displayIndex":1,"tweenEasing":0,"duration":3},{"displayIndex":2,"tweenEasing":0,"duration":3},{"displayIndex":3,"tweenEasing":0,"duration":3},{"displayIndex":4,"tweenEasing":null,"color":{"aM":0},"duration":0}],"name":"shashi_eff/bai_shashi_03_eff_2"},{"frame":[{"tweenEasing":0,"duration":3},{"displayIndex":1,"tweenEasing":0,"duration":3},{"displayIndex":2,"tweenEasing":0,"duration":3},{"displayIndex":3,"tweenEasing":0,"duration":3},{"displayIndex":4,"tweenEasing":0,"duration":3},{"displayIndex":5,"tweenEasing":0,"duration":3},{"tweenEasing":0,"duration":3},{"displayIndex":1,"tweenEasing":0,"duration":3},{"displayIndex":2,"tweenEasing":0,"duration":3},{"displayIndex":3,"tweenEasing":0,"duration":3},{"displayIndex":4,"tweenEasing":null,"color":{"aM":0},"duration":0}],"name":"shashi_eff/bai_shashi_03_eff_3"},{"frame":[{"tweenEasing":0,"duration":2},{"displayIndex":1,"tweenEasing":0,"duration":2},{"displayIndex":2,"tweenEasing":0,"duration":2},{"displayIndex":3,"tweenEasing":0,"duration":3},{"displayIndex":4,"tweenEasing":0,"duration":3},{"displayIndex":5,"tweenEasing":0,"duration":3},{"displayIndex":6,"tweenEasing":0,"duration":15},{"displayIndex":6,"tweenEasing":null,"color":{"aM":0},"duration":0}],"name":"shatu_eff/bai_shashi_04_eff_01"},{"frame":[{"tweenEasing":0,"duration":2},{"displayIndex":1,"tweenEasing":0,"duration":2},{"displayIndex":2,"tweenEasing":0,"duration":2},{"displayIndex":3,"tweenEasing":0,"duration":2},{"displayIndex":4,"tweenEasing":0,"duration":3},{"displayIndex":5,"tweenEasing":0,"duration":4},{"displayIndex":6,"tweenEasing":0,"duration":15},{"displayIndex":6,"tweenEasing":null,"color":{"aM":0},"duration":0}],"name":"shatu_eff/bai_shashi_04_eff_1"},{"frame":[{"tweenEasing":0,"duration":2},{"displayIndex":1,"tweenEasing":0,"duration":2},{"displayIndex":2,"tweenEasing":0,"duration":2},{"displayIndex":3,"tweenEasing":0,"duration":3},{"displayIndex":4,"tweenEasing":0,"duration":3},{"displayIndex":5,"tweenEasing":0,"duration":3},{"displayIndex":6,"tweenEasing":0,"duration":15},{"displayIndex":6,"tweenEasing":null,"color":{"aM":0},"duration":0}],"name":"shatu_eff/bai_shashi_04_eff_2"},{"frame":[{"tweenEasing":0,"duration":30},{"tweenEasing":null,"color":{"aM":0},"duration":0}],"name":"shazi"},{"frame":[{"tweenEasing":0,"duration":20},{"displayIndex":-1,"tweenEasing":null,"duration":10}],"name":"yan_yanbeng_eff_pz"},{"frame":[{"tweenEasing":0,"duration":3},{"displayIndex":1,"tweenEasing":0,"duration":3},{"displayIndex":2,"tweenEasing":0,"duration":3},{"displayIndex":3,"tweenEasing":0,"duration":3},{"tweenEasing":0,"duration":3},{"displayIndex":1,"tweenEasing":0,"duration":3},{"displayIndex":2,"tweenEasing":0,"duration":3},{"displayIndex":3,"tweenEasing":0,"duration":3},{"tweenEasing":0,"duration":3},{"displayIndex":1,"tweenEasing":0,"duration":3},{"displayIndex":2,"tweenEasing":null,"color":{"aM":0},"duration":0}],"name":"yanwu_eff/bai_chongciyanwu_01_eff_01"}],"ffd":[],"frame":[],"name":"animation","duration":30,"ik":[]}],"skin":[{"slot":[{"display":[{"path":"shashi_eff/bai_shashi_03_eff_01","type":"image","name":"shashi_eff/bai_shashi_03_eff_01","transform":{"y":16.92,"skX":120.19,"skY":120.19,"x":83.22}},{"path":"shashi_eff/bai_shashi_03_eff_02","type":"image","name":"shashi_eff/bai_shashi_03_eff_02","transform":{"y":16.92,"skX":120.19,"skY":120.19,"x":83.22}},{"path":"shashi_eff/bai_shashi_03_eff_03","type":"image","name":"shashi_eff/bai_shashi_03_eff_03","transform":{"y":16.92,"skX":120.19,"skY":120.19,"x":83.22}},{"path":"shashi_eff/bai_shashi_03_eff_04","type":"image","name":"shashi_eff/bai_shashi_03_eff_04","transform":{"y":16.92,"skX":120.19,"skY":120.19,"x":83.22}},{"path":"shashi_eff/bai_shashi_03_eff_05","type":"image","name":"shashi_eff/bai_shashi_03_eff_05","transform":{"y":16.92,"skX":120.19,"skY":120.19,"x":83.22}},{"path":"shashi_eff/bai_shashi_03_eff_06","type":"image","name":"shashi_eff/bai_shashi_03_eff_06","transform":{"y":16.92,"skX":120.19,"skY":120.19,"x":83.22}}],"name":"shashi_eff/bai_shashi_03_eff_1"},{"display":[{"path":"shatu_eff/bai_shashi_04_eff_01","type":"image","name":"shatu_eff/bai_shashi_04_eff_01","transform":{"y":-51.85,"skX":-1.08,"skY":-1.08,"x":65.67}},{"path":"shatu_eff/bai_shashi_04_eff_02","type":"image","name":"shatu_eff/bai_shashi_04_eff_02","transform":{"y":-51.85,"skX":-1.08,"skY":-1.08,"x":65.67}},{"path":"shatu_eff/bai_shashi_04_eff_03","type":"image","name":"shatu_eff/bai_shashi_04_eff_03","transform":{"y":-51.85,"skX":-1.08,"skY":-1.08,"x":65.67}},{"path":"shatu_eff/bai_shashi_04_eff_04","type":"image","name":"shatu_eff/bai_shashi_04_eff_04","transform":{"y":-51.85,"skX":-1.08,"skY":-1.08,"x":65.67}},{"path":"shatu_eff/bai_shashi_04_eff_05","type":"image","name":"shatu_eff/bai_shashi_04_eff_05","transform":{"y":-51.85,"skX":-1.08,"skY":-1.08,"x":65.67}},{"path":"shatu_eff/bai_shashi_04_eff_06","type":"image","name":"shatu_eff/bai_shashi_04_eff_06","transform":{"y":-51.85,"skX":-1.08,"skY":-1.08,"x":65.67}},{"path":"shatu_eff/bai_shashi_04_eff_07","type":"image","name":"shatu_eff/bai_shashi_04_eff_07","transform":{"y":-51.85,"skX":-1.08,"skY":-1.08,"x":65.67}}],"name":"shatu_eff/bai_shashi_04_eff_01"},{"display":[{"path":"shatu_eff/bai_shashi_04_eff_01","type":"image","name":"shatu_eff/bai_shashi_04_eff_01","transform":{"y":-51.85,"skX":-1.08,"skY":-1.08,"x":65.67}},{"path":"shatu_eff/bai_shashi_04_eff_02","type":"image","name":"shatu_eff/bai_shashi_04_eff_02","transform":{"y":-51.85,"skX":-1.08,"skY":-1.08,"x":65.67}},{"path":"shatu_eff/bai_shashi_04_eff_03","type":"image","name":"shatu_eff/bai_shashi_04_eff_03","transform":{"y":-51.85,"skX":-1.08,"skY":-1.08,"x":65.67}},{"path":"shatu_eff/bai_shashi_04_eff_04","type":"image","name":"shatu_eff/bai_shashi_04_eff_04","transform":{"y":-51.85,"skX":-1.08,"skY":-1.08,"x":65.67}},{"path":"shatu_eff/bai_shashi_04_eff_05","type":"image","name":"shatu_eff/bai_shashi_04_eff_05","transform":{"y":-51.85,"skX":-1.08,"skY":-1.08,"x":65.67}},{"path":"shatu_eff/bai_shashi_04_eff_06","type":"image","name":"shatu_eff/bai_shashi_04_eff_06","transform":{"y":-51.85,"skX":-1.08,"skY":-1.08,"x":65.67}},{"path":"shatu_eff/bai_shashi_04_eff_07","type":"image","name":"shatu_eff/bai_shashi_04_eff_07","transform":{"y":-51.85,"skX":-1.08,"skY":-1.08,"x":65.67}}],"name":"shatu_eff/bai_shashi_04_eff_2"},{"display":[{"path":"yan_yanbeng_eff_pz","type":"image","name":"yan_yanbeng_eff_pz","transform":{"scY":10,"y":-3.8,"scX":10,"x":0.39}}],"name":"yan_yanbeng_eff_pz"},{"display":[{"path":"shashi_eff/bai_shashi_03_eff_01","type":"image","name":"shashi_eff/bai_shashi_03_eff_01","transform":{"y":16.92,"skX":120.19,"skY":120.19,"x":83.22}},{"path":"shashi_eff/bai_shashi_03_eff_02","type":"image","name":"shashi_eff/bai_shashi_03_eff_02","transform":{"y":16.92,"skX":120.19,"skY":120.19,"x":83.22}},{"path":"shashi_eff/bai_shashi_03_eff_03","type":"image","name":"shashi_eff/bai_shashi_03_eff_03","transform":{"y":16.92,"skX":120.19,"skY":120.19,"x":83.22}},{"path":"shashi_eff/bai_shashi_03_eff_04","type":"image","name":"shashi_eff/bai_shashi_03_eff_04","transform":{"y":16.92,"skX":120.19,"skY":120.19,"x":83.22}},{"path":"shashi_eff/bai_shashi_03_eff_05","type":"image","name":"shashi_eff/bai_shashi_03_eff_05","transform":{"y":16.92,"skX":120.19,"skY":120.19,"x":83.22}},{"path":"shashi_eff/bai_shashi_03_eff_06","type":"image","name":"shashi_eff/bai_shashi_03_eff_06","transform":{"y":16.92,"skX":120.19,"skY":120.19,"x":83.22}}],"name":"shashi_eff/bai_shashi_03_eff_2"},{"display":[{"path":"shashi_eff/bai_shashi_03_eff_01","type":"image","name":"shashi_eff/bai_shashi_03_eff_01","transform":{"y":16.92,"skX":120.19,"skY":120.19,"x":83.22}},{"path":"shashi_eff/bai_shashi_03_eff_02","type":"image","name":"shashi_eff/bai_shashi_03_eff_02","transform":{"y":16.92,"skX":120.19,"skY":120.19,"x":83.22}},{"path":"shashi_eff/bai_shashi_03_eff_03","type":"image","name":"shashi_eff/bai_shashi_03_eff_03","transform":{"y":16.92,"skX":120.19,"skY":120.19,"x":83.22}},{"path":"shashi_eff/bai_shashi_03_eff_04","type":"image","name":"shashi_eff/bai_shashi_03_eff_04","transform":{"y":16.92,"skX":120.19,"skY":120.19,"x":83.22}},{"path":"shashi_eff/bai_shashi_03_eff_05","type":"image","name":"shashi_eff/bai_shashi_03_eff_05","transform":{"y":16.92,"skX":120.19,"skY":120.19,"x":83.22}},{"path":"shashi_eff/bai_shashi_03_eff_06","type":"image","name":"shashi_eff/bai_shashi_03_eff_06","transform":{"y":16.92,"skX":120.19,"skY":120.19,"x":83.22}}],"name":"shashi_eff/bai_shashi_03_eff_01"},{"display":[{"path":"shashi_eff/bai_shashi_03_eff_01","type":"image","name":"shashi_eff/bai_shashi_03_eff_01","transform":{"y":16.92,"skX":120.19,"skY":120.19,"x":83.22}},{"path":"shashi_eff/bai_shashi_03_eff_02","type":"image","name":"shashi_eff/bai_shashi_03_eff_02","transform":{"y":16.92,"skX":120.19,"skY":120.19,"x":83.22}},{"path":"shashi_eff/bai_shashi_03_eff_03","type":"image","name":"shashi_eff/bai_shashi_03_eff_03","transform":{"y":16.92,"skX":120.19,"skY":120.19,"x":83.22}},{"path":"shashi_eff/bai_shashi_03_eff_04","type":"image","name":"shashi_eff/bai_shashi_03_eff_04","transform":{"y":16.92,"skX":120.19,"skY":120.19,"x":83.22}},{"path":"shashi_eff/bai_shashi_03_eff_05","type":"image","name":"shashi_eff/bai_shashi_03_eff_05","transform":{"y":16.92,"skX":120.19,"skY":120.19,"x":83.22}},{"path":"shashi_eff/bai_shashi_03_eff_06","type":"image","name":"shashi_eff/bai_shashi_03_eff_06","transform":{"y":16.92,"skX":120.19,"skY":120.19,"x":83.22}}],"name":"shashi_eff/bai_shashi_03_eff_3"},{"display":[{"path":"shatu_eff/bai_shashi_04_eff_01","type":"image","name":"shatu_eff/bai_shashi_04_eff_01","transform":{"y":-51.85,"skX":-1.08,"skY":-1.08,"x":65.67}},{"path":"shatu_eff/bai_shashi_04_eff_02","type":"image","name":"shatu_eff/bai_shashi_04_eff_02","transform":{"y":-51.85,"skX":-1.08,"skY":-1.08,"x":65.67}},{"path":"shatu_eff/bai_shashi_04_eff_03","type":"image","name":"shatu_eff/bai_shashi_04_eff_03","transform":{"y":-51.85,"skX":-1.08,"skY":-1.08,"x":65.67}},{"path":"shatu_eff/bai_shashi_04_eff_04","type":"image","name":"shatu_eff/bai_shashi_04_eff_04","transform":{"y":-51.85,"skX":-1.08,"skY":-1.08,"x":65.67}},{"path":"shatu_eff/bai_shashi_04_eff_05","type":"image","name":"shatu_eff/bai_shashi_04_eff_05","transform":{"y":-51.85,"skX":-1.08,"skY":-1.08,"x":65.67}},{"path":"shatu_eff/bai_shashi_04_eff_06","type":"image","name":"shatu_eff/bai_shashi_04_eff_06","transform":{"y":-51.85,"skX":-1.08,"skY":-1.08,"x":65.67}},{"path":"shatu_eff/bai_shashi_04_eff_07","type":"image","name":"shatu_eff/bai_shashi_04_eff_07","transform":{"y":-51.85,"skX":-1.08,"skY":-1.08,"x":65.67}}],"name":"shatu_eff/bai_shashi_04_eff_1"},{"display":[{"path":"shazi","type":"image","name":"shazi","transform":{"y":8.5,"skX":161.24,"skY":161.24,"x":138.98}}],"name":"shazi"},{"display":[{"path":"yanwu_eff/bai_chongciyanwu_01_eff_01","type":"image","name":"yanwu_eff/bai_chongciyanwu_01_eff_01","transform":{"y":22.08,"skX":179.79,"skY":179.79,"x":77.77}},{"path":"yanwu_eff/bai_chongciyanwu_01_eff_02","type":"image","name":"yanwu_eff/bai_chongciyanwu_01_eff_02","transform":{"y":22.08,"skX":179.79,"skY":179.79,"x":77.77}},{"path":"yanwu_eff/bai_chongciyanwu_01_eff_03","type":"image","name":"yanwu_eff/bai_chongciyanwu_01_eff_03","transform":{"y":22.08,"skX":179.79,"skY":179.79,"x":77.77}},{"path":"yanwu_eff/bai_chongciyanwu_01_eff_04","type":"image","name":"yanwu_eff/bai_chongciyanwu_01_eff_04","transform":{"y":22.08,"skX":179.79,"skY":179.79,"x":77.77}}],"name":"yanwu_eff/bai_chongciyanwu_01_eff_01"}],"name":""}],"slot":[{"name":"yan_yanbeng_eff_pz","parent":"yan_yanbeng_eff_pz","color":{}},{"z":1,"name":"shashi_eff/bai_shashi_03_eff_01","parent":"shashi_eff/bai_shashi_03_eff_01","color":{}},{"z":2,"name":"shashi_eff/bai_shashi_03_eff_1","parent":"shashi_eff/bai_shashi_03_eff_1","color":{}},{"z":3,"name":"shashi_eff/bai_shashi_03_eff_2","parent":"shashi_eff/bai_shashi_03_eff_2","color":{}},{"z":4,"name":"shashi_eff/bai_shashi_03_eff_3","parent":"shashi_eff/bai_shashi_03_eff_3","color":{}},{"z":5,"displayIndex":3,"name":"shatu_eff/bai_shashi_04_eff_01","parent":"shatu_eff/bai_shashi_04_eff_01","color":{}},{"z":6,"displayIndex":3,"name":"shatu_eff/bai_shashi_04_eff_1","parent":"shatu_eff/bai_shashi_04_eff_1","color":{}},{"z":7,"displayIndex":3,"name":"shatu_eff/bai_shashi_04_eff_2","parent":"shatu_eff/bai_shashi_04_eff_2","color":{}},{"z":8,"name":"yanwu_eff/bai_chongciyanwu_01_eff_01","parent":"yanwu_eff/bai_chongciyanwu_01_eff_01","color":{}},{"z":9,"name":"shazi","parent":"shazi","color":{}}],"aabb":{"width":1142.8415566557605,"y":-433.4325722381578,"height":825.544120376742,"x":-53.29},"defaultActions":[{"gotoAndPlay":"animation"}],"name":"armatureName","ik":[]}],"name":"yan_yanbeng_eff","version":"4.0"}