{"frameRate":30,"isGlobal":0,"armature":[{"skin":[{"name":"","slot":[{"display":[{"path":"ys_pukepai_eff_01","type":"image","name":"ys_pukepai_eff_01","transform":{"y":-0.16,"x":0.61}},{"path":"ys_pukepai_eff_02","type":"image","name":"ys_pukepai_eff_02","transform":{}}],"name":"ys_pukepai_eff_7"},{"display":[{"path":"ys_pukepai_eff_01","type":"image","name":"ys_pukepai_eff_01","transform":{"y":-0.16,"x":0.61}},{"path":"ys_pukepai_eff_02","type":"image","name":"ys_pukepai_eff_02","transform":{}}],"name":"ys_pukepai_eff_3"},{"display":[{"path":"ys_pukepai_eff_01","type":"image","name":"ys_pukepai_eff_01","transform":{"y":-0.16,"x":0.61}},{"path":"ys_pukepai_eff_02","type":"image","name":"ys_pukepai_eff_02","transform":{}}],"name":"ys_pukepai_eff_4"},{"display":[{"path":"ys_pukepai_eff_01","type":"image","name":"ys_pukepai_eff_01","transform":{"y":-0.16,"x":0.61}},{"path":"ys_pukepai_eff_02","type":"image","name":"ys_pukepai_eff_02","transform":{}}],"name":"ys_pukepai_eff_2"},{"display":[{"path":"ys_pukepai_eff_01","type":"image","name":"ys_pukepai_eff_01","transform":{"y":-0.16,"x":0.61}},{"path":"ys_pukepai_eff_02","type":"image","name":"ys_pukepai_eff_02","transform":{}}],"name":"ys_pukepai_eff_8"},{"display":[{"path":"ys_pukepai_eff_01","type":"image","name":"ys_pukepai_eff_01","transform":{"y":-0.16,"x":0.61}},{"path":"ys_pukepai_eff_02","type":"image","name":"ys_pukepai_eff_02","transform":{}}],"name":"ys_pukepai_eff_1"},{"display":[{"path":"ys_pukepai_eff_01","type":"image","name":"ys_pukepai_eff_01","transform":{"y":-0.16,"x":0.61}},{"path":"ys_pukepai_eff_02","type":"image","name":"ys_pukepai_eff_02","transform":{}}],"name":"ys_pukepai_eff_6"},{"display":[{"path":"ys_pukepai_eff_01","type":"image","name":"ys_pukepai_eff_01","transform":{"y":-0.16,"x":0.61}},{"path":"ys_pukepai_eff_02","type":"image","name":"ys_pukepai_eff_02","transform":{}}],"name":"ys_pukepai_eff_9"},{"display":[{"path":"ys_pukepai_eff_01","type":"image","name":"ys_pukepai_eff_01","transform":{"y":-0.16,"x":0.61}},{"path":"ys_pukepai_eff_02","type":"image","name":"ys_pukepai_eff_02","transform":{}}],"name":"ys_pukepai_eff_5"},{"display":[{"path":"ys_pukepai_eff_01","type":"image","name":"ys_pukepai_eff_01","transform":{"y":-0.16,"x":0.61}},{"path":"ys_pukepai_eff_02","type":"image","name":"ys_pukepai_eff_02","transform":{}}],"name":"ys_pukepai_eff_01"}]}],"slot":[{"displayIndex":1,"name":"ys_pukepai_eff_01","parent":"ys_pukepai_eff_01","color":{}},{"z":1,"displayIndex":1,"name":"ys_pukepai_eff_1","parent":"ys_pukepai_eff_1","color":{}},{"z":2,"displayIndex":1,"name":"ys_pukepai_eff_2","parent":"ys_pukepai_eff_2","color":{}},{"z":3,"displayIndex":1,"name":"ys_pukepai_eff_3","parent":"ys_pukepai_eff_3","color":{}},{"z":4,"displayIndex":1,"name":"ys_pukepai_eff_4","parent":"ys_pukepai_eff_4","color":{}},{"z":5,"displayIndex":1,"name":"ys_pukepai_eff_5","parent":"ys_pukepai_eff_5","color":{}},{"z":6,"displayIndex":1,"name":"ys_pukepai_eff_6","parent":"ys_pukepai_eff_6","color":{}},{"z":7,"displayIndex":1,"name":"ys_pukepai_eff_7","parent":"ys_pukepai_eff_7","color":{}},{"z":8,"displayIndex":1,"name":"ys_pukepai_eff_8","parent":"ys_pukepai_eff_8","color":{}},{"z":9,"displayIndex":1,"name":"ys_pukepai_eff_9","parent":"ys_pukepai_eff_0","color":{}}],"type":"Armature","ik":[],"defaultActions":[{"gotoAndPlay":"animation"}],"animation":[{"ffd":[],"frame":[],"duration":15,"ik":[],"bone":[{"frame":[{"tweenEasing":0,"duration":4,"transform":{"scX":0.856,"y":0.34,"scY":0.856,"x":-158.8}},{"duration":1,"transform":{"scX":0.1,"y":0.34,"scY":0.856,"x":-158.8}},{"tweenEasing":0,"duration":5,"transform":{"scX":0.1,"y":0.34,"scY":0.856,"x":-158.8}},{"tweenEasing":0,"duration":5,"transform":{"scX":0.856,"y":0.34,"scY":0.856,"x":-158.8}},{"duration":0,"transform":{"scX":1.556,"y":0.34,"scY":1.333,"x":-158.8}}],"name":"ys_pukepai_eff_0"},{"frame":[{"tweenEasing":0,"duration":4,"transform":{"scX":0.843,"scY":0.843,"x":160.26}},{"duration":1,"transform":{"scX":0.1,"scY":0.843,"x":160.26}},{"tweenEasing":0,"duration":5,"transform":{"scX":0.1,"scY":0.843,"x":160.26}},{"tweenEasing":0,"duration":5,"transform":{"scX":0.843,"scY":0.843,"x":160.26}},{"duration":0,"transform":{"scX":1.556,"scY":1.313,"x":160.26}}],"name":"ys_pukepai_eff_8"},{"frame":[{"tweenEasing":0,"duration":4,"transform":{"scX":0.906,"y":78.6,"scY":0.906,"x":111.56}},{"duration":1,"transform":{"scX":0.1,"y":78.6,"scY":0.906,"x":111.56}},{"tweenEasing":0,"duration":5,"transform":{"scX":0.1,"y":78.6,"scY":0.906,"x":111.56}},{"tweenEasing":0,"duration":5,"transform":{"scX":0.906,"y":78.6,"scY":0.906,"x":111.56}},{"duration":0,"transform":{"scX":1.556,"y":78.6,"scY":1.41,"x":111.56}}],"name":"ys_pukepai_eff_7"},{"frame":[{"tweenEasing":0,"duration":4,"transform":{"scX":0.88,"y":-74.44,"scY":0.88,"x":109.93}},{"duration":1,"transform":{"scX":0.1,"y":-74.44,"scY":0.88,"x":109.93}},{"tweenEasing":0,"duration":5,"transform":{"scX":0.1,"y":-74.44,"scY":0.88,"x":109.93}},{"tweenEasing":0,"duration":5,"transform":{"scX":0.88,"y":-74.44,"scY":0.88,"x":109.93}},{"duration":0,"transform":{"scX":1.556,"y":-74.44,"scY":1.37,"x":109.93}}],"name":"ys_pukepai_eff_6"},{"frame":[{"tweenEasing":0,"duration":4,"transform":{"scX":0.967,"scY":0.967,"x":55.57}},{"duration":1,"transform":{"scX":0.1,"scY":0.967,"x":55.57}},{"tweenEasing":0,"duration":5,"transform":{"scX":0.1,"scY":0.967,"x":55.57}},{"tweenEasing":0,"duration":5,"transform":{"scX":0.967,"scY":0.967,"x":55.57}},{"duration":0,"transform":{"scX":1.556,"scY":1.505,"x":55.57}}],"name":"ys_pukepai_eff_5"},{"frame":[{"tweenEasing":0,"duration":4,"transform":{"y":80.43,"x":0.18}},{"duration":1,"transform":{"scX":0.1,"y":80.43,"x":0.18}},{"tweenEasing":0,"duration":5,"transform":{"scX":0.1,"y":80.43,"x":0.18}},{"tweenEasing":0,"duration":5,"transform":{"y":80.43,"x":0.18}},{"duration":0,"transform":{"scX":1.556,"y":80.43,"scY":1.556,"x":0.18}}],"name":"ys_pukepai_eff_4"},{"frame":[{"tweenEasing":0,"duration":4,"transform":{"y":-78.08,"x":0.5}},{"duration":1,"transform":{"scX":0.1,"y":-78.08,"x":0.5}},{"tweenEasing":0,"duration":5,"transform":{"scX":0.1,"y":-78.08,"x":0.5}},{"tweenEasing":0,"duration":5,"transform":{"y":-78.08,"x":0.5}},{"duration":0,"transform":{"scX":1.556,"y":-78.08,"scY":1.556,"x":0.5}}],"name":"ys_pukepai_eff_3"},{"frame":[{"tweenEasing":0,"duration":4,"transform":{"scX":0.959,"y":1.1,"scY":0.959,"x":-62.6}},{"duration":1,"transform":{"scX":0.1,"y":1.1,"scY":0.959,"x":-62.6}},{"tweenEasing":0,"duration":5,"transform":{"scX":0.1,"y":1.1,"scY":0.959,"x":-62.6}},{"tweenEasing":0,"duration":5,"transform":{"scX":0.959,"y":1.1,"scY":0.959,"x":-62.6}},{"duration":0,"transform":{"scX":1.556,"y":1.1,"scY":1.492,"x":-62.6}}],"name":"ys_pukepai_eff_2"},{"frame":[{"tweenEasing":0,"duration":4,"transform":{"scX":0.915,"y":79.63,"scY":0.915,"x":-102.87}},{"duration":1,"transform":{"scX":0.1,"y":79.63,"scY":0.915,"x":-102.87}},{"tweenEasing":0,"duration":5,"transform":{"scX":0.1,"y":79.63,"scY":0.915,"x":-102.87}},{"tweenEasing":0,"duration":5,"transform":{"scX":0.915,"y":79.63,"scY":0.915,"x":-102.87}},{"duration":0,"transform":{"scX":1.556,"y":79.63,"scY":1.424,"x":-102.87}}],"name":"ys_pukepai_eff_1"},{"frame":[{"tweenEasing":0,"duration":4,"transform":{"scX":0.868,"y":-72.85,"scY":0.868,"x":-105.34}},{"duration":1,"transform":{"scX":0.1,"y":-72.85,"scY":0.868,"x":-105.34}},{"tweenEasing":0,"duration":5,"transform":{"scX":0.1,"y":-72.85,"scY":0.868,"x":-105.34}},{"tweenEasing":0,"duration":5,"transform":{"scX":0.868,"y":-72.85,"scY":0.868,"x":-105.34}},{"duration":0,"transform":{"scX":1.556,"y":-72.85,"scY":1.352,"x":-105.34}}],"name":"ys_pukepai_eff_01"},{"frame":[{"duration":15,"transform":{}}],"name":"root"}],"slot":[{"frame":[{"tweenEasing":0,"displayIndex":1,"duration":4,"color":{"aM":0}},{"tweenEasing":0,"displayIndex":1,"duration":1},{"tweenEasing":0,"duration":5},{"tweenEasing":0,"duration":5},{"tweenEasing":null,"duration":0,"color":{"aM":0}}],"name":"ys_pukepai_eff_1"},{"frame":[{"tweenEasing":0,"displayIndex":1,"duration":4,"color":{"aM":0}},{"tweenEasing":0,"displayIndex":1,"duration":1},{"tweenEasing":0,"duration":5},{"tweenEasing":0,"duration":5},{"tweenEasing":null,"duration":0,"color":{"aM":0}}],"name":"ys_pukepai_eff_01"},{"frame":[{"tweenEasing":0,"displayIndex":1,"duration":4,"color":{"aM":0}},{"tweenEasing":0,"displayIndex":1,"duration":1},{"tweenEasing":0,"duration":5},{"tweenEasing":0,"duration":5},{"tweenEasing":null,"duration":0,"color":{"aM":0}}],"name":"ys_pukepai_eff_2"},{"frame":[{"tweenEasing":0,"displayIndex":1,"duration":4,"color":{"aM":0}},{"tweenEasing":0,"displayIndex":1,"duration":1},{"tweenEasing":0,"duration":5},{"tweenEasing":0,"duration":5},{"tweenEasing":null,"duration":0,"color":{"aM":0}}],"name":"ys_pukepai_eff_3"},{"frame":[{"tweenEasing":0,"displayIndex":1,"duration":4,"color":{"aM":0}},{"tweenEasing":0,"displayIndex":1,"duration":1},{"tweenEasing":0,"duration":5},{"tweenEasing":0,"duration":5},{"tweenEasing":null,"duration":0,"color":{"aM":0}}],"name":"ys_pukepai_eff_4"},{"frame":[{"tweenEasing":0,"displayIndex":1,"duration":4,"color":{"aM":0}},{"tweenEasing":0,"displayIndex":1,"duration":1},{"tweenEasing":0,"duration":5},{"tweenEasing":0,"duration":5},{"tweenEasing":null,"duration":0,"color":{"aM":0}}],"name":"ys_pukepai_eff_5"},{"frame":[{"tweenEasing":0,"displayIndex":1,"duration":4,"color":{"aM":0}},{"tweenEasing":0,"displayIndex":1,"duration":1},{"tweenEasing":0,"duration":5},{"tweenEasing":0,"duration":5},{"tweenEasing":null,"duration":0,"color":{"aM":0}}],"name":"ys_pukepai_eff_6"},{"frame":[{"tweenEasing":0,"displayIndex":1,"duration":4,"color":{"aM":0}},{"tweenEasing":0,"displayIndex":1,"duration":1},{"tweenEasing":0,"duration":5},{"tweenEasing":0,"duration":5},{"tweenEasing":null,"duration":0,"color":{"aM":0}}],"name":"ys_pukepai_eff_7"},{"frame":[{"tweenEasing":0,"displayIndex":1,"duration":4,"color":{"aM":0}},{"tweenEasing":0,"displayIndex":1,"duration":1},{"tweenEasing":0,"duration":5},{"tweenEasing":0,"duration":5},{"tweenEasing":null,"duration":0,"color":{"aM":0}}],"name":"ys_pukepai_eff_8"},{"frame":[{"tweenEasing":0,"displayIndex":1,"duration":4,"color":{"aM":0}},{"tweenEasing":0,"displayIndex":1,"duration":1},{"tweenEasing":0,"duration":5},{"tweenEasing":0,"duration":5},{"tweenEasing":null,"duration":0,"color":{"aM":0}}],"name":"ys_pukepai_eff_9"}],"name":"animation"}],"bone":[{"name":"root","transform":{}},{"transform":{"y":0.16,"x":-0.61},"name":"ys_pukepai_eff_0","parent":"root"},{"transform":{"y":0.16,"x":-0.61},"name":"ys_pukepai_eff_01","parent":"root"},{"transform":{"y":0.16,"x":-0.61},"name":"ys_pukepai_eff_1","parent":"root"},{"transform":{"y":0.16,"x":-0.61},"name":"ys_pukepai_eff_2","parent":"root"},{"transform":{"y":0.16,"x":-0.61},"name":"ys_pukepai_eff_3","parent":"root"},{"transform":{"y":0.16,"x":-0.61},"name":"ys_pukepai_eff_4","parent":"root"},{"transform":{"y":0.16,"x":-0.61},"name":"ys_pukepai_eff_5","parent":"root"},{"transform":{"y":0.16,"x":-0.61},"name":"ys_pukepai_eff_6","parent":"root"},{"transform":{"y":0.16,"x":-0.61},"name":"ys_pukepai_eff_7","parent":"root"},{"transform":{"y":0.16,"x":-0.61},"name":"ys_pukepai_eff_8","parent":"root"}],"aabb":{"width":300,"y":-149.84,"height":300,"x":-150.61},"name":"armatureName","frameRate":30}],"name":"ys_pukepai_eff_02","version":"4.0"}