{"frameRate":30,"name":"gw_016_shashou","version":"5.5","compatibleVersion":"5.5","armature":[{"type":"Armature","frameRate":30,"name":"armatureName","aabb":{"x":-43.85,"y":-226.11,"width":105.09,"height":235.9},"bone":[{"name":"root"},{"name":"bone","parent":"root","transform":{"x":0.26,"y":-102.85,"skX":-15.15,"skY":-15.15}},{"name":"buff_flo","parent":"root"},{"name":"buff_mid","parent":"root","transform":{"y":-122.75}},{"name":"buff_up","parent":"root","transform":{"y":-218.8}},{"name":"gw_016_shashou_pz","parent":"root","transform":{"x":-11.16,"y":-20.44}},{"name":"tui2","parent":"root","transform":{"x":13.63,"y":-13.4}},{"name":"jiao1","parent":"root","transform":{"x":-6.8,"y":3.03}},{"name":"tui1","parent":"root","transform":{"x":-33.55,"y":-10.4}},{"name":"jiao2","parent":"root","transform":{"x":38.41,"y":-1.81}},{"length":19,"name":"heiyi_kua","parent":"bone","transform":{"x":-0.02,"y":-0.67,"skX":91,"skY":91}},{"length":23,"name":"heiyi_dj_shneti_4","parent":"bone","transform":{"x":-9.4,"y":-16.08,"skX":120.1,"skY":120.1}},{"length":22,"name":"heiyi_dj_shneti_001","parent":"bone","transform":{"x":-0.02,"y":-0.47,"skX":-72.19,"skY":-72.19}},{"length":43,"name":"heiyi_dj_shneti_1","parent":"heiyi_dj_shneti_001","transform":{"x":22.78,"skX":2,"skY":2}},{"inheritScale":false,"length":55,"name":"heiyi_dj_tui_002","parent":"heiyi_kua","transform":{"x":2.62,"y":-6.47,"skX":-0.28,"skY":-0.28,"scX":1.007}},{"inheritScale":false,"length":54,"name":"heiyi_dj_tui_004","parent":"heiyi_kua","transform":{"x":-0.14,"y":8.34,"skX":6.41,"skY":6.41,"scX":0.959}},{"length":26,"name":"heiyi_dj_shneti_5","parent":"heiyi_dj_shneti_001","transform":{"x":13.81,"y":8.15,"skX":142.14,"skY":142.14}},{"length":34,"name":"heiyi_dj_shneti_2","parent":"heiyi_dj_shneti_1","transform":{"x":42.5,"y":-0.83,"skX":-96.89,"skY":-96.89}},{"inheritScale":false,"length":56,"name":"heiyi_dj_tui_001","parent":"heiyi_dj_tui_002","transform":{"x":54.27,"y":0.33,"skX":-1.04,"skY":-1.04,"scX":0.764}},{"inheritScale":false,"length":61,"name":"heiyi_dj_tui_003","parent":"heiyi_dj_tui_004","transform":{"x":53.39,"y":0.19,"skX":-2.05,"skY":-2.05,"scX":0.799}},{"length":18,"name":"heiyi_dj_shneti_3","parent":"heiyi_dj_shneti_1","transform":{"x":44,"y":5.85,"skX":132.32,"skY":132.32}},{"length":18,"name":"heiyi_dj_bozi_001","parent":"heiyi_dj_shneti_1","transform":{"x":34.91,"y":-2.46,"skX":19.53,"skY":19.53}},{"length":33,"name":"heiyi_dj_gebo_004","parent":"heiyi_dj_shneti_2","transform":{"x":22.86,"y":-1.88,"skX":-60.05,"skY":-60.05}},{"length":63,"name":"heiyi_dj_tou_001","parent":"heiyi_dj_bozi_001","transform":{"x":18.46,"y":-0.54,"skX":-7.37,"skY":-7.37}},{"inheritScale":false,"length":11,"name":"heiyi_dj_jiao_001","parent":"heiyi_dj_tui_001","transform":{"x":55.94,"y":0.33,"skX":-40.24,"skY":-40.24}},{"length":36,"name":"heiyi_dj_gebo_002","parent":"heiyi_dj_shneti_3","transform":{"x":15.68,"y":0.69,"skX":41.42,"skY":41.42}},{"inheritScale":false,"length":9,"name":"heiyi_dj_jiao_2","parent":"heiyi_dj_tui_003","transform":{"x":59.66,"y":-0.02,"skX":-47.22,"skY":-47.22}},{"length":18,"name":"heiyi_dj_jiao_1","parent":"heiyi_dj_jiao_001","transform":{"x":11.88,"y":0.03,"skX":-30.58,"skY":-30.58}},{"length":34,"name":"heiyi_dj_gebo_001","parent":"heiyi_dj_gebo_002","transform":{"x":35.33,"y":0.55,"skX":-31.42,"skY":-31.42,"scX":0.865,"scY":0.885}},{"length":35,"name":"heiyi_dj_gebo_003","parent":"heiyi_dj_gebo_004","transform":{"x":31.68,"y":0.21,"skX":-86.84,"skY":-86.84}},{"length":20,"name":"heiyi_dj_jiao_3","parent":"heiyi_dj_jiao_2","transform":{"x":9.14,"y":-0.11,"skX":-30.04,"skY":-30.04}},{"inheritScale":false,"length":16,"name":"heiyi_dj_shou_001","parent":"heiyi_dj_gebo_001","transform":{"x":33.23,"y":2.49,"skX":4.88,"skY":4.88}},{"length":18,"name":"xinchang_gj_shou1","parent":"heiyi_dj_gebo_003","transform":{"x":35.01,"y":0.5,"skX":1.66,"skY":1.66}},{"length":56,"name":"heiyi_dj_wuqi_001","parent":"xinchang_gj_shou1","transform":{"x":13.94,"y":-1.15,"skX":-72.86,"skY":-72.86}}],"slot":[{"blendMode":"erase","name":"gw_016_shashou_pz","parent":"gw_016_shashou_pz","color":{"aM":0}},{"blendMode":"erase","name":"buff_flo","parent":"buff_flo","color":{"aM":0}},{"name":"heiyi_dj_shou_001","parent":"heiyi_dj_shou_001"},{"name":"heiyi_dj_gebo_001","parent":"heiyi_dj_gebo_001"},{"name":"heiyi_dj_gebo_002","parent":"heiyi_dj_gebo_002"},{"name":"heiyi_dj_jiao_001","parent":"heiyi_dj_jiao_1"},{"name":"heiyi_dj_tui_001","parent":"heiyi_dj_tui_001"},{"name":"heiyi_dj_tui_002","parent":"heiyi_dj_tui_002"},{"name":"heiyi_kua","parent":"heiyi_kua"},{"name":"heiyi_dj_tui_003","parent":"heiyi_dj_tui_003"},{"name":"heiyi_dj_tui_004","parent":"heiyi_dj_tui_004"},{"name":"heiyi_dj_jiao_1","parent":"heiyi_dj_jiao_3"},{"name":"heiyi_dj_bozi_001","parent":"heiyi_dj_bozi_001"},{"name":"heiyi_dj_shneti_001","parent":"heiyi_dj_shneti_5"},{"name":"heiyi_dj_tou_001","parent":"heiyi_dj_tou_001"},{"name":"heiyi_dj_wuqi_001","parent":"heiyi_dj_wuqi_001"},{"name":"xinchang_gj_shou1","parent":"xinchang_gj_shou1"},{"name":"heiyi_dj_gebo_003","parent":"heiyi_dj_gebo_003"},{"name":"heiyi_dj_gebo_004","parent":"heiyi_dj_gebo_004"},{"blendMode":"erase","name":"buff_mid","parent":"buff_mid","color":{"aM":0}},{"blendMode":"erase","name":"buff_up","parent":"buff_up","color":{"aM":0}}],"ik":[{"chain":1,"name":"tui2","bone":"heiyi_dj_tui_001","target":"tui2"},{"chain":1,"name":"tui1","bone":"heiyi_dj_tui_003","target":"tui1"},{"bendPositive":false,"chain":1,"name":"jiao2","bone":"heiyi_dj_jiao_1","target":"jiao2"},{"bendPositive":false,"chain":1,"name":"jiao1","bone":"heiyi_dj_jiao_3","target":"jiao1"}],"skin":[{"slot":[{"name":"heiyi_dj_wuqi_001","display":[{"name":"heiyi_dj_wuqi_001","transform":{"x":28.74,"y":0.1,"skX":-29.81,"skY":-29.81}}]},{"name":"heiyi_dj_tui_004","display":[{"type":"mesh","name":"heiyi_dj_tui_004","width":27,"height":66,"vertices":[57.27,-19.97,60.99,8.78,-6.44,17.49,-10.16,-11.26],"uvs":[1.03704,1.01515,-0.03704,1.01515,-0.03704,-0.01515,1.03704,-0.01515],"triangles":[1,0,3,2,1,3],"edges":[1,0,0,3,3,2,2,1],"userEdges":[]}]},{"name":"heiyi_dj_shneti_001","display":[{"type":"mesh","name":"heiyi_dj_shneti_001","width":66,"height":83,"vertices":[21.83,-144.56,18.41,-122.68,27.22,-94.09,4.87,-91.05,-30.82,-87.38,-33.56,-119.81,-22.55,-166.5,-16.47,-175.39,1.21,-179.79,13.15,-176.67,29.14,-161.45,2.78,-145.99,19.43,-142.53,4.89,-121.63,14.37,-117.62],"uvs":[1.00048,0.36779,1.01515,0.62146,1.01514,0.98288,0.71065,1.01205,0.13518,0.96831,0.19385,0.62437,-0.01515,0.25991,-0.01514,0.12499,0.42831,-0.01205,0.69964,0.03751,1.01514,0.17746,0.48698,0.39695,0.8683,0.39695,0.61531,0.67393,0.85364,0.65644],"triangles":[9,12,10,14,3,2,12,14,1,14,2,1,12,1,0,10,12,0,9,11,12,11,13,12,12,13,14,13,3,14,13,4,3,8,11,9,11,5,13,5,4,13,7,6,8,8,6,11,6,5,11],"weights":[3,20,0.64406,13,0.14774,16,0.20819,3,20,0.04144,13,0.0369,16,0.92164,1,16,1,3,12,0.79833,11,0.00655,16,0.1951,1,11,1,4,17,0.08628,13,0.12633,12,0.00001,11,0.78736,1,17,1,1,17,1,3,17,0.91187,20,0.00018,13,0.08794,3,17,0.07895,20,0.79572,13,0.12532,1,20,1,3,17,0.08628,13,0.78521,11,0.1285,3,20,0.51634,13,0.29384,16,0.1898,3,13,0.05097,12,0.50176,11,0.44726,1,16,1],"slotPose":[1,0,0,1,0,0],"bonePose":[20,0.682254,0.731116,-0.731116,0.682254,10.580402,-169.433175,13,0.081243,-0.996694,0.996694,0.081243,1.175061,-126.053893,16,0.576432,0.817145,-0.817145,0.576432,8.89999,-116.715324,12,0.046409,-0.998923,0.998923,0.046409,0.117862,-103.298438,11,-0.257976,0.966151,-0.966151,-0.257976,-13.015761,-115.914477,17,-0.999243,0.038911,-0.038911,-0.999243,3.80062,-168.480834],"edges":[6,5,5,4,4,3,3,2,2,1,1,0,0,10,10,9,9,8,8,7,7,6],"userEdges":[]}]},{"name":"heiyi_dj_tui_003","display":[{"name":"heiyi_dj_tui_001","transform":{"x":29.51,"y":-1.24,"skX":-91.5,"skY":-91.5}}]},{"name":"xinchang_gj_shou1","display":[{"type":"mesh","name":"xinchang_gj_shou1","width":20,"height":29,"vertices":[21.66,-17.19,27.64,3.97,-2.18,12.4,-8.16,-8.76],"uvs":[1.05,1.03448,-0.05,1.03448,-0.05,-0.03448,1.05,-0.03448],"triangles":[1,0,3,2,1,3],"edges":[1,0,0,3,3,2,2,1],"userEdges":[]}]},{"name":"gw_016_shashou_pz","display":[{"name":"gw_016_shashou_pz","transform":{"x":15.47,"y":-95.65,"scX":8.78,"scY":22.971}}]},{"name":"heiyi_dj_tui_002","display":[{"type":"mesh","name":"heiyi_dj_tui_002","width":22,"height":63,"vertices":[58.89,-11.75,59.19,12.24,-5.8,13.04,-6.09,-10.95],"uvs":[1.04545,1.01587,-0.04545,1.01587,-0.04545,-0.01587,1.04545,-0.01587],"triangles":[1,0,3,2,1,3],"edges":[1,0,0,3,3,2,2,1],"userEdges":[]}]},{"name":"heiyi_dj_tou_001","display":[{"type":"mesh","name":"heiyi_dj_tou_001","width":70,"height":83,"vertices":[-7.02,43.22,-23.66,-26.83,59.04,-46.48,75.68,23.57],"uvs":[1.01429,1.01205,-0.01429,1.01205,-0.01429,-0.01205,1.01429,-0.01205],"triangles":[1,0,3,2,1,3],"edges":[1,0,0,3,3,2,2,1],"userEdges":[]}]},{"name":"heiyi_dj_shou_001","display":[{"type":"mesh","name":"heiyi_dj_shou_001","width":20,"height":27,"vertices":[20.61,-11.98,22.37,9.94,-6.53,12.27,-8.29,-9.66],"uvs":[1.05,1.03704,-0.05,1.03704,-0.05,-0.03704,1.05,-0.03704],"triangles":[1,0,3,2,1,3],"edges":[1,0,0,3,3,2,2,1],"userEdges":[]}]},{"name":"heiyi_kua","display":[{"type":"mesh","name":"heiyi_kua","width":34,"height":19,"vertices":[23.23,-20.97,24.01,24.75,-14.22,25.4,-15,-20.32],"uvs":[1.02941,1.05263,-0.02941,1.05263,-0.02941,-0.05263,1.02941,-0.05263],"triangles":[1,0,3,2,1,3],"edges":[1,0,0,3,3,2,2,1],"userEdges":[]}]},{"name":"buff_up","display":[{"name":"buff_up","transform":{"x":0.69,"y":0.69}}]},{"name":"buff_mid","display":[{"name":"buff_mid","transform":{"x":0.69,"y":-1.39}}]},{"name":"heiyi_dj_bozi_001","display":[{"name":"heiyi_dj_bozi_001","transform":{"x":8.87,"y":-9.44,"skX":81.62,"skY":81.62}}]},{"name":"heiyi_dj_gebo_004","display":[{"name":"heiyi_dj_gebo_004","transform":{"x":17.24,"y":-1.01,"skX":-99.22,"skY":-99.22}}]},{"name":"heiyi_dj_gebo_003","display":[{"name":"heiyi_dj_gebo_003","transform":{"x":17.88,"y":-0.32,"skX":-105.71,"skY":-105.71}}]},{"name":"heiyi_dj_gebo_002","display":[{"name":"heiyi_dj_gebo_002","transform":{"x":17.2,"y":-0.33,"skX":84.85,"skY":84.85}}]},{"name":"heiyi_dj_jiao_1","display":[{"type":"mesh","name":"heiyi_dj_jiao_001","width":36,"height":24,"vertices":[17.78,-8.13,24.62,-6.17,36.49,-7.82,39.09,0.8,19,5.73,14.71,6.78,2.27,9.83,0.57,4.19,-0.87,-0.63,-3.49,-9.31,13.41,-13.45,14,-2.31],"uvs":[0.53064,0.29491,0.69781,0.48666,1.02778,0.55303,1.02778,1.04167,0.45197,1.04167,0.32905,1.04167,-0.02778,1.04167,-0.02778,0.72266,-0.02778,0.44979,-0.02778,-0.04167,0.45689,-0.04167,0.38314,0.55303],"triangles":[2,1,3,1,4,3,0,11,1,11,4,1,11,5,4,7,5,11,8,7,11,7,6,5,10,8,0,9,8,10,8,11,0],"weights":[2,26,0.55251,30,0.44748,2,26,0.00951,30,0.99048,1,30,1,1,30,1,2,26,0.08831,30,0.91168,2,26,0.29653,30,0.70346,2,26,0.72418,30,0.27581,2,26,0.82876,30,0.17123,2,26,0.96432,30,0.03567,1,26,1,2,26,0.99139,30,0.0086,2,26,0.5,30,0.5],"slotPose":[1,0,0,1,0,0],"bonePose":[26,0.812703,0.388998,-0.572948,0.66859,6.513864,-5.792859,30,0.990358,0.002048,-0.089145,0.773517,14.004995,-2.310957],"edges":[6,5,5,4,4,3,3,2,2,1,1,0,0,10,10,9,9,8,8,7,7,6],"userEdges":[0,8,0,11,11,1,11,5,11,4,1,4,11,8,11,7]}]},{"name":"buff_flo","display":[{"name":"buff_flo","transform":{"x":0.69}}]},{"name":"heiyi_dj_tui_001","display":[{"type":"mesh","name":"heiyi_dj_tui_001","width":23,"height":69,"vertices":[62.84,-12.66,62.69,12.33,-8.3,11.91,-8.15,-13.08],"uvs":[1.04348,1.01449,-0.04348,1.01449,-0.04348,-0.01449,1.04348,-0.01449],"triangles":[1,0,3,2,1,3],"edges":[1,0,0,3,3,2,2,1],"userEdges":[]}]},{"name":"heiyi_dj_jiao_001","display":[{"type":"mesh","name":"heiyi_dj_jiao_001","width":36,"height":24,"vertices":[39.82,-12.19,44.01,-11,49.35,-9.59,54.59,-9.77,58.46,-9.26,62.3,-7.04,62.49,0.44,53.5,1.56,43.52,2.68,39.02,3.74,29.53,8.81,26.51,3.75,24.18,0.03,21.74,-3.9,19.02,-8.29,33.71,-15.24,40.78,-4.23],"uvs":[0.51348,0.23316,0.57581,0.34366,0.67781,0.43717,0.81381,0.44566,0.92147,0.49666,1.02778,0.64116,1.02778,1.04167,0.77414,1.04167,0.48514,1.04167,0.30947,1.04167,-0.02778,1.04167,-0.02778,0.71766,-0.02778,0.47967,-0.02778,0.23316,-0.02778,-0.04167,0.42848,-0.04167,0.42848,0.64966],"triangles":[7,6,5,4,7,5,3,7,4,1,16,2,16,9,8,15,13,0,14,13,15,13,0,12,12,11,0,0,11,1,11,16,1,11,16,10,9,10,16,16,8,2,2,8,3,7,8,3],"weights":[2,27,0.14038,24,0.8596,2,27,0.45316,24,0.54683,2,27,0.86466,24,0.13533,2,27,0.99257,24,0.00742,1,27,1,1,27,1,1,27,1,1,27,1,2,27,0.91189,24,0.0881,2,27,0.44224,24,0.55775,2,27,0.04482,24,0.95517,2,27,0.01283,24,0.98716,1,24,1,1,24,1,1,24,1,2,27,0.00049,24,0.9995,2,27,0.4605,24,0.53949],"slotPose":[1,0,0,1,0,0],"bonePose":[27,0.977631,-0.008434,-0.122892,0.788011,40.673096,-3.260222,24,0.779141,0.393633,-0.603162,0.682705,31.434991,-7.957059],"edges":[10,9,9,8,8,7,7,6,6,5,5,4,4,3,3,2,2,1,1,0,0,15,15,14,14,13,13,12,12,11,11,10],"userEdges":[0,12,1,11,2,16,16,10,16,9,3,8,4,7,15,13]}]},{"name":"heiyi_dj_gebo_001","display":[{"name":"heiyi_dj_gebo_001","transform":{"x":14.12,"y":-0.77,"skX":-76.47,"skY":-76.47}}]}]}],"animation":[{"duration":20,"name":"0000_chuchang","bone":[{"name":"bone","translateFrame":[{"duration":5,"curve":[0.25,0,1,0.57],"x":4.79,"y":-32.29},{"duration":5,"curve":[0,0.38,0.75,1],"x":0.44,"y":-4.02},{"duration":10,"curve":[0.25,0,1,0.64],"x":-4.02,"y":14.3},{"duration":0}]},{"name":"heiyi_dj_shneti_1","rotateFrame":[{"duration":10,"rotate":12.8},{"duration":10,"curve":[0.25,0,1,0.64],"rotate":12.8},{"duration":0}]},{"name":"heiyi_dj_shneti_2","rotateFrame":[{"duration":5,"rotate":-5.53},{"duration":5,"curve":[0,0.38,0.75,1],"rotate":-5.53},{"duration":10,"curve":[0.25,0,1,0.64],"rotate":-9.04},{"duration":0}]},{"name":"heiyi_dj_shneti_3","rotateFrame":[{"duration":10,"rotate":-10.84},{"duration":10,"curve":[0.25,0,1,0.64],"rotate":-10.84},{"duration":0}]},{"name":"heiyi_dj_gebo_002","rotateFrame":[{"duration":5,"rotate":-23.47},{"duration":5,"curve":[0,0.38,0.75,1],"rotate":-23.47},{"duration":10,"curve":[0.25,0,1,0.64],"rotate":15.04},{"duration":0}]},{"name":"heiyi_dj_gebo_001","rotateFrame":[{"duration":5,"curve":[0.25,0,1,0.57],"rotate":2.69},{"duration":5,"curve":[0,0.38,0.75,1],"rotate":-7.72},{"duration":10,"curve":[0.25,0,1,0.64],"rotate":-49.87},{"duration":0}]},{"name":"heiyi_dj_gebo_004","translateFrame":[{"duration":5,"x":-3.86,"y":1.85},{"duration":5,"curve":[0,0.38,0.75,1],"x":-3.86,"y":1.85},{"duration":10}],"rotateFrame":[{"duration":5,"rotate":42.23},{"duration":5,"curve":[0,0.38,0.75,1],"rotate":42.23},{"duration":10,"curve":[0.25,0,1,0.64],"rotate":22.11},{"duration":0}]},{"name":"heiyi_dj_gebo_003","rotateFrame":[{"duration":5,"curve":[0.25,0,1,0.57],"rotate":40.45},{"duration":5,"curve":[0,0.38,0.75,1],"rotate":27.7},{"duration":10,"curve":[0.25,0,1,0.64],"rotate":-4.36},{"duration":0}]},{"name":"heiyi_dj_tou_001","rotateFrame":[{"duration":5,"rotate":-8.86},{"duration":5,"curve":[0,0.38,0.75,1],"rotate":-8.86},{"duration":10,"curve":[0.25,0,1,0.64],"rotate":8.6},{"duration":0}]},{"name":"tui1","translateFrame":[{"duration":5,"curve":[0.25,0,1,0.57],"x":4.66,"y":-32.06},{"duration":5,"curve":[0,0.38,0.75,1],"x":3.57,"y":-7.59},{"duration":10}]},{"name":"tui2","translateFrame":[{"duration":5,"curve":[0.25,0,1,0.57],"x":2.54,"y":-47.57},{"duration":5,"curve":[0,0.38,0.75,1],"x":5.81,"y":-6.25},{"duration":10}]},{"name":"jiao2","translateFrame":[{"duration":5,"curve":[0.25,0,1,0.57],"x":-11.95,"y":-32.61},{"duration":15}]},{"name":"jiao1","translateFrame":[{"duration":5,"curve":[0.25,0,1,0.57],"x":1.08,"y":-24.46},{"duration":15}]}],"ik":[{"name":"jiao1","frame":[{"duration":20,"bendPositive":false}]}]},{"duration":60,"name":"0001_daiji","bone":[{"name":"bone","translateFrame":[{"duration":25,"curve":[0.25,0,0.75,1]},{"duration":35,"curve":[0.25,0,0.75,1],"x":0.67,"y":-2.02},{"duration":0}]},{"name":"heiyi_dj_shneti_001","rotateFrame":[{"duration":25,"curve":[0.25,0,0.75,1]},{"duration":35,"curve":[0.25,0,0.75,1],"rotate":-2.72},{"duration":0}]},{"name":"heiyi_dj_shneti_1","rotateFrame":[{"duration":30,"curve":[0.25,0,0.75,1]},{"duration":30,"curve":[0.25,0,0.75,1],"rotate":1.32},{"duration":0}]},{"name":"heiyi_dj_shneti_2","rotateFrame":[{"duration":30,"curve":[0.25,0,0.75,1]},{"duration":30,"curve":[0.25,0,0.75,1],"rotate":0.39},{"duration":0}]},{"name":"heiyi_dj_shneti_3","rotateFrame":[{"duration":30,"curve":[0.25,0,0.75,1]},{"duration":30,"curve":[0.25,0,0.75,1],"rotate":-0.73},{"duration":0}]},{"name":"heiyi_dj_gebo_002","rotateFrame":[{"duration":30,"curve":[0.25,0,0.75,1]},{"duration":30,"curve":[0.25,0,0.75,1],"rotate":3.04},{"duration":0}]},{"name":"heiyi_dj_gebo_001","rotateFrame":[{"duration":35,"curve":[0.25,0,0.75,1]},{"duration":25,"curve":[0.25,0,0.75,1],"rotate":-3.85},{"duration":0}]},{"name":"heiyi_dj_gebo_004","rotateFrame":[{"duration":30,"curve":[0.25,0,0.75,1]},{"duration":30,"curve":[0.25,0,0.75,1],"rotate":1.71},{"duration":0}]},{"name":"heiyi_dj_gebo_003","rotateFrame":[{"duration":35,"curve":[0.25,0,0.75,1]},{"duration":25,"curve":[0.25,0,0.75,1],"rotate":-2.66},{"duration":0}]},{"name":"xinchang_gj_shou1","rotateFrame":[{"duration":40,"curve":[0.25,0,0.75,1]},{"duration":20,"curve":[0.25,0,0.75,1],"rotate":-3.96},{"duration":0}]},{"name":"heiyi_dj_shneti_4","rotateFrame":[{"duration":30,"curve":[0.25,0,0.625,0.5]},{"duration":30,"curve":[0.375,0.5,0.75,1],"rotate":6.39},{"duration":0}]},{"name":"heiyi_dj_shneti_5","rotateFrame":[{"duration":30,"curve":[0.25,0,0.625,0.5]},{"duration":30,"curve":[0.375,0.5,0.75,1],"rotate":-3.41},{"duration":0}]},{"name":"heiyi_dj_tou_001","rotateFrame":[{"duration":35,"curve":[0.25,0,0.75,1]},{"duration":25,"curve":[0.25,0,0.75,1],"rotate":2.78},{"duration":0}]}]},{"duration":30,"name":"0002_pao","bone":[{"name":"bone","translateFrame":[{"duration":8,"tweenEasing":0,"x":-1.97,"y":-1.13},{"duration":7,"tweenEasing":0,"x":-1.29,"y":-6.91},{"duration":8,"tweenEasing":0,"x":-1.97,"y":-1.13},{"duration":7,"tweenEasing":0,"x":-1.29,"y":-6.91},{"duration":0,"x":-1.97,"y":-1.13}],"rotateFrame":[{"duration":30,"rotate":16.57}]},{"name":"heiyi_dj_shneti_001","rotateFrame":[{"duration":30,"rotate":-5.47}]},{"name":"heiyi_dj_shneti_1","rotateFrame":[{"duration":8,"tweenEasing":0,"rotate":9.28},{"duration":7,"tweenEasing":0,"rotate":7.1},{"duration":8,"tweenEasing":0,"rotate":9.28},{"duration":7,"tweenEasing":0,"rotate":7.1},{"duration":0,"rotate":9.28}]},{"name":"heiyi_dj_shneti_2","rotateFrame":[{"duration":30,"rotate":-21.33}]},{"name":"heiyi_dj_gebo_002","rotateFrame":[{"duration":15,"tweenEasing":0,"rotate":23.68},{"duration":15,"tweenEasing":0,"rotate":46.85},{"duration":0,"rotate":23.68}]},{"name":"heiyi_dj_gebo_004","rotateFrame":[{"duration":15,"tweenEasing":0},{"duration":15,"tweenEasing":0,"rotate":-16.08},{"duration":0}]},{"name":"heiyi_dj_gebo_003","rotateFrame":[{"duration":30,"rotate":42}]},{"name":"xinchang_gj_shou1","rotateFrame":[{"duration":30,"rotate":-10.94}]},{"name":"heiyi_dj_tou_001","rotateFrame":[{"duration":8,"tweenEasing":0,"rotate":-17.67},{"duration":7,"tweenEasing":0,"rotate":-11.56},{"duration":8,"tweenEasing":0,"rotate":-17.67},{"duration":7,"tweenEasing":0,"rotate":-11.56},{"duration":0,"rotate":-17.67}]},{"name":"tui1","translateFrame":[{"duration":5,"tweenEasing":0,"x":-3.33,"y":-45.16},{"duration":5,"tweenEasing":0,"x":45.87,"y":-35.22},{"duration":5,"tweenEasing":0,"x":79.55,"y":-2.44},{"duration":5,"tweenEasing":0,"x":24.47,"y":-2.99},{"duration":5,"tweenEasing":0,"x":-22.05,"y":-6.92},{"duration":5,"tweenEasing":0,"x":-26.86,"y":-49.94},{"duration":0,"x":-3.33,"y":-45.16}]},{"name":"heiyi_dj_tui_004","translateFrame":[{"duration":5,"tweenEasing":0},{"duration":25,"tweenEasing":0,"x":2.03,"y":-9.4},{"duration":0}]},{"name":"tui2","translateFrame":[{"duration":5,"tweenEasing":0,"x":-22.12},{"duration":5,"tweenEasing":0,"x":-67.88,"y":-4.28},{"duration":5,"tweenEasing":0,"x":-79.31,"y":-42.82},{"duration":5,"tweenEasing":0,"x":-49.21,"y":-39.35},{"duration":5,"tweenEasing":0,"x":-0.9,"y":-35.95},{"duration":5,"tweenEasing":0,"x":37.89,"y":-2.18},{"duration":0,"x":-22.12}]},{"name":"heiyi_dj_tui_002","translateFrame":[{"duration":5,"tweenEasing":0},{"duration":25,"tweenEasing":0,"x":-0.01,"y":9.32},{"duration":0}]},{"name":"jiao2","translateFrame":[{"duration":5,"tweenEasing":0,"x":-22.12},{"duration":5,"tweenEasing":0,"x":-77.12,"y":0.9},{"duration":5,"tweenEasing":0,"x":-115.04,"y":-29.63},{"duration":5,"tweenEasing":0,"x":-90.31,"y":-29.62},{"duration":5,"tweenEasing":0,"x":-20.6,"y":-20.56},{"duration":5,"tweenEasing":0,"x":40.19,"y":-14.73},{"duration":0,"x":-22.12}]},{"name":"jiao1","translateFrame":[{"duration":5,"tweenEasing":0,"x":-39.39,"y":-34.32},{"duration":5,"tweenEasing":0,"x":29.79,"y":-23.96},{"duration":5,"tweenEasing":0,"x":79.29,"y":-23.89},{"duration":5,"tweenEasing":0,"x":24.57,"y":-6.37},{"duration":5,"tweenEasing":0,"x":-29.14,"y":-5.15},{"duration":5,"tweenEasing":0,"x":-64.64,"y":-37.56},{"duration":0,"x":-39.39,"y":-34.32}]}]},{"duration":30,"name":"0003_chongci","bone":[{"name":"bone","translateFrame":[{"duration":8,"tweenEasing":0,"x":-1.97,"y":-1.13},{"duration":7,"tweenEasing":0,"x":-1.29,"y":-6.91},{"duration":8,"tweenEasing":0,"x":-1.97,"y":-1.13},{"duration":7,"tweenEasing":0,"x":-1.29,"y":-6.91},{"duration":0,"x":-1.97,"y":-1.13}],"rotateFrame":[{"duration":30,"rotate":16.57}]},{"name":"heiyi_dj_shneti_001","rotateFrame":[{"duration":30,"rotate":-5.47}]},{"name":"heiyi_dj_shneti_1","rotateFrame":[{"duration":8,"tweenEasing":0,"rotate":9.28},{"duration":7,"tweenEasing":0,"rotate":7.1},{"duration":8,"tweenEasing":0,"rotate":9.28},{"duration":7,"tweenEasing":0,"rotate":7.1},{"duration":0,"rotate":9.28}]},{"name":"heiyi_dj_shneti_2","rotateFrame":[{"duration":30,"rotate":-21.33}]},{"name":"heiyi_dj_gebo_002","rotateFrame":[{"duration":15,"tweenEasing":0,"rotate":23.68},{"duration":15,"tweenEasing":0,"rotate":46.85},{"duration":0,"rotate":23.68}]},{"name":"heiyi_dj_gebo_004","rotateFrame":[{"duration":15,"tweenEasing":0},{"duration":15,"tweenEasing":0,"rotate":-16.08},{"duration":0}]},{"name":"heiyi_dj_gebo_003","rotateFrame":[{"duration":30,"rotate":42}]},{"name":"xinchang_gj_shou1","rotateFrame":[{"duration":30,"rotate":-10.94}]},{"name":"heiyi_dj_tou_001","rotateFrame":[{"duration":8,"tweenEasing":0,"rotate":-17.67},{"duration":7,"tweenEasing":0,"rotate":-11.56},{"duration":8,"tweenEasing":0,"rotate":-17.67},{"duration":7,"tweenEasing":0,"rotate":-11.56},{"duration":0,"rotate":-17.67}]},{"name":"tui1","translateFrame":[{"duration":5,"tweenEasing":0,"x":-3.33,"y":-45.16},{"duration":5,"tweenEasing":0,"x":45.87,"y":-35.22},{"duration":5,"tweenEasing":0,"x":79.55,"y":-2.44},{"duration":5,"tweenEasing":0,"x":24.47,"y":-2.99},{"duration":5,"tweenEasing":0,"x":-22.05,"y":-6.92},{"duration":5,"tweenEasing":0,"x":-26.86,"y":-49.94},{"duration":0,"x":-3.33,"y":-45.16}]},{"name":"heiyi_dj_tui_004","translateFrame":[{"duration":5,"tweenEasing":0},{"duration":25,"tweenEasing":0,"x":2.03,"y":-9.4},{"duration":0}]},{"name":"tui2","translateFrame":[{"duration":5,"tweenEasing":0,"x":-22.12},{"duration":5,"tweenEasing":0,"x":-67.88,"y":-4.28},{"duration":5,"tweenEasing":0,"x":-79.31,"y":-42.82},{"duration":5,"tweenEasing":0,"x":-49.21,"y":-39.35},{"duration":5,"tweenEasing":0,"x":-0.9,"y":-35.95},{"duration":5,"tweenEasing":0,"x":37.89,"y":-2.18},{"duration":0,"x":-22.12}]},{"name":"heiyi_dj_tui_002","translateFrame":[{"duration":5,"tweenEasing":0},{"duration":25,"tweenEasing":0,"x":-0.01,"y":9.32},{"duration":0}]},{"name":"jiao2","translateFrame":[{"duration":5,"tweenEasing":0,"x":-22.12},{"duration":5,"tweenEasing":0,"x":-77.12,"y":0.9},{"duration":5,"tweenEasing":0,"x":-115.04,"y":-29.63},{"duration":5,"tweenEasing":0,"x":-90.31,"y":-29.62},{"duration":5,"tweenEasing":0,"x":-20.6,"y":-20.56},{"duration":5,"tweenEasing":0,"x":40.19,"y":-14.73},{"duration":0,"x":-22.12}]},{"name":"jiao1","translateFrame":[{"duration":5,"tweenEasing":0,"x":-39.39,"y":-34.32},{"duration":5,"tweenEasing":0,"x":29.79,"y":-23.96},{"duration":5,"tweenEasing":0,"x":79.29,"y":-23.89},{"duration":5,"tweenEasing":0,"x":24.57,"y":-6.37},{"duration":5,"tweenEasing":0,"x":-29.14,"y":-5.15},{"duration":5,"tweenEasing":0,"x":-64.64,"y":-37.56},{"duration":0,"x":-39.39,"y":-34.32}]}]},{"duration":0,"name":"0004_tiaoyue_yanshi","bone":[{"name":"bone","translateFrame":[{"duration":0,"x":0.44,"y":-4.02}]},{"name":"heiyi_dj_shneti_1","rotateFrame":[{"duration":0,"rotate":12.8}]},{"name":"heiyi_dj_shneti_2","rotateFrame":[{"duration":0,"rotate":-5.53}]},{"name":"heiyi_dj_shneti_3","rotateFrame":[{"duration":0,"rotate":-10.84}]},{"name":"heiyi_dj_gebo_002","rotateFrame":[{"duration":0,"rotate":-23.47}]},{"name":"heiyi_dj_gebo_001","rotateFrame":[{"duration":0,"rotate":-7.72}]},{"name":"heiyi_dj_gebo_004","translateFrame":[{"duration":0,"x":-3.86,"y":1.85}],"rotateFrame":[{"duration":0,"rotate":42.23}]},{"name":"heiyi_dj_gebo_003","rotateFrame":[{"duration":0,"rotate":27.7}]},{"name":"heiyi_dj_tou_001","rotateFrame":[{"duration":0,"rotate":-8.86}]},{"name":"tui1","translateFrame":[{"duration":0,"x":3.57,"y":-7.59}]},{"name":"tui2","translateFrame":[{"duration":0,"x":5.81,"y":-6.25}]}]},{"duration":0,"name":"0005_tiaoyueshang","bone":[{"name":"bone","translateFrame":[{"duration":0,"x":0.44,"y":-4.02}]},{"name":"heiyi_dj_shneti_1","rotateFrame":[{"duration":0,"rotate":12.8}]},{"name":"heiyi_dj_shneti_2","rotateFrame":[{"duration":0,"rotate":-5.53}]},{"name":"heiyi_dj_shneti_3","rotateFrame":[{"duration":0,"rotate":-10.84}]},{"name":"heiyi_dj_gebo_002","rotateFrame":[{"duration":0,"rotate":-23.47}]},{"name":"heiyi_dj_gebo_001","rotateFrame":[{"duration":0,"rotate":-7.72}]},{"name":"heiyi_dj_gebo_004","translateFrame":[{"duration":0,"x":-3.86,"y":1.85}],"rotateFrame":[{"duration":0,"rotate":42.23}]},{"name":"heiyi_dj_gebo_003","rotateFrame":[{"duration":0,"rotate":27.7}]},{"name":"heiyi_dj_tou_001","rotateFrame":[{"duration":0,"rotate":-8.86}]},{"name":"tui1","translateFrame":[{"duration":0,"x":3.57,"y":-7.59}]},{"name":"tui2","translateFrame":[{"duration":0,"x":5.81,"y":-6.25}]}]},{"duration":0,"name":"0006_tiaoyuezhong","bone":[{"name":"bone","translateFrame":[{"duration":0,"x":0.44,"y":-4.02}]},{"name":"heiyi_dj_shneti_1","rotateFrame":[{"duration":0,"rotate":12.8}]},{"name":"heiyi_dj_shneti_2","rotateFrame":[{"duration":0,"rotate":-5.53}]},{"name":"heiyi_dj_shneti_3","rotateFrame":[{"duration":0,"rotate":-10.84}]},{"name":"heiyi_dj_gebo_002","rotateFrame":[{"duration":0,"rotate":-23.47}]},{"name":"heiyi_dj_gebo_001","rotateFrame":[{"duration":0,"rotate":-7.72}]},{"name":"heiyi_dj_gebo_004","translateFrame":[{"duration":0,"x":-3.86,"y":1.85}],"rotateFrame":[{"duration":0,"rotate":42.23}]},{"name":"heiyi_dj_gebo_003","rotateFrame":[{"duration":0,"rotate":27.7}]},{"name":"heiyi_dj_tou_001","rotateFrame":[{"duration":0,"rotate":-8.86}]},{"name":"tui1","translateFrame":[{"duration":0,"x":3.57,"y":-7.59}]},{"name":"tui2","translateFrame":[{"duration":0,"x":5.81,"y":-6.25}]}]},{"duration":0,"name":"0007_tiaoyuexia","bone":[{"name":"bone","translateFrame":[{"duration":0,"x":0.44,"y":-4.02}]},{"name":"heiyi_dj_shneti_1","rotateFrame":[{"duration":0,"rotate":12.8}]},{"name":"heiyi_dj_shneti_2","rotateFrame":[{"duration":0,"rotate":-5.53}]},{"name":"heiyi_dj_shneti_3","rotateFrame":[{"duration":0,"rotate":-10.84}]},{"name":"heiyi_dj_gebo_002","rotateFrame":[{"duration":0,"rotate":-23.47}]},{"name":"heiyi_dj_gebo_001","rotateFrame":[{"duration":0,"rotate":-7.72}]},{"name":"heiyi_dj_gebo_004","translateFrame":[{"duration":0,"x":-3.86,"y":1.85}],"rotateFrame":[{"duration":0,"rotate":42.23}]},{"name":"heiyi_dj_gebo_003","rotateFrame":[{"duration":0,"rotate":27.7}]},{"name":"heiyi_dj_tou_001","rotateFrame":[{"duration":0,"rotate":-8.86}]},{"name":"tui1","translateFrame":[{"duration":0,"x":3.57,"y":-7.59}]},{"name":"tui2","translateFrame":[{"duration":0,"x":5.81,"y":-6.25}]}]},{"duration":15,"name":"0008_shouji","bone":[{"name":"root","translateFrame":[{"duration":3,"curve":[0.284,0,0.625,0.38]},{"duration":12,"curve":[0.32,0.28,0.757,1],"x":-8.59},{"duration":0}]},{"name":"bone","translateFrame":[{"duration":3,"curve":[0.284,0,0.625,0.38]},{"duration":12,"curve":[0.32,0.28,0.757,1],"x":-2.29,"y":4.58},{"duration":0}]},{"name":"heiyi_dj_shneti_001","rotateFrame":[{"duration":5,"curve":[0.264,0,0.617,0.42]},{"duration":10,"curve":[0.351,0.4,0.756,1],"rotate":-10.93},{"duration":0}]},{"name":"heiyi_dj_shneti_1","rotateFrame":[{"duration":8,"curve":[0.248,0,0.628,0.51]},{"duration":7,"curve":[0.377,0.51,0.747,1],"rotate":2.44},{"duration":0}]},{"name":"heiyi_dj_gebo_002","rotateFrame":[{"duration":5,"curve":[0.264,0,0.617,0.42]},{"duration":10,"curve":[0.351,0.4,0.756,1],"rotate":-10.42},{"duration":0}]},{"name":"heiyi_dj_gebo_001","rotateFrame":[{"duration":10,"curve":[0.243,0,0.648,0.6]},{"duration":5,"curve":[0.382,0.57,0.735,1],"rotate":-41.34},{"duration":0}]},{"name":"heiyi_dj_gebo_004","rotateFrame":[{"duration":5,"curve":[0.264,0,0.617,0.42]},{"duration":10,"curve":[0.351,0.4,0.756,1],"rotate":13.66},{"duration":0}]},{"name":"heiyi_dj_gebo_003","rotateFrame":[{"duration":10,"curve":[0.243,0,0.648,0.6]},{"duration":5,"curve":[0.382,0.57,0.735,1],"rotate":-15.35},{"duration":0}]},{"name":"heiyi_dj_tou_001","rotateFrame":[{"duration":8,"curve":[0.248,0,0.628,0.51]},{"duration":7,"curve":[0.377,0.51,0.747,1],"rotate":8.25},{"duration":0}]}]},{"duration":15,"name":"0009_shouji2","bone":[{"name":"root","translateFrame":[{"duration":3,"curve":[0.302,0,0.6395,0.36]},{"duration":12,"curve":[0.3085,0.2,0.696,0.74],"x":-11.45},{"duration":0}],"rotateFrame":[{"duration":3,"curve":[0.302,0,0.6395,0.36]},{"duration":12,"curve":[0.3085,0.2,0.696,0.74],"rotate":0.03},{"duration":0}]},{"name":"bone","translateFrame":[{"duration":5,"curve":[0.2885,0,0.632,0.38]},{"duration":10,"curve":[0.32799999999999996,0.29000000000000004,0.6985,0.765],"x":-4.58,"y":-2.29},{"duration":0}],"rotateFrame":[{"duration":5,"curve":[0.2885,0,0.632,0.38]},{"duration":10,"curve":[0.32799999999999996,0.29000000000000004,0.6985,0.765],"rotate":-2.91},{"duration":0}]},{"name":"heiyi_dj_shneti_001","rotateFrame":[{"duration":3,"curve":[0.313,0,0.647,0.34]},{"duration":2,"curve":[0.322,0.25,0.656,0.59],"rotate":-0.02},{"duration":10,"curve":[0.298,0.19,0.64,0.56],"rotate":-10.36},{"duration":0}]},{"name":"heiyi_dj_shneti_1","rotateFrame":[{"duration":3,"curve":[0.303,0,0.638,0.35]},{"duration":5,"curve":[0.303,0.2,0.641,0.56],"rotate":-0.07},{"duration":7,"curve":[0.318,0.28,0.661,0.64],"rotate":-11.36},{"duration":0}]},{"name":"heiyi_dj_shneti_2","rotateFrame":[{"duration":3,"curve":[0.284,0,0.625,0.38]},{"duration":12,"curve":[0.32,0.28,0.757,1],"rotate":-0.02},{"duration":0}]},{"name":"heiyi_dj_gebo_002","rotateFrame":[{"duration":5,"curve":[0.302,0,0.638,0.35]},{"duration":10,"curve":[0.298,0.19,0.64,0.56],"rotate":-18.11},{"duration":0}]},{"name":"heiyi_dj_gebo_001","rotateFrame":[{"duration":5,"curve":[0.28,0,0.622,0.39]},{"duration":10,"curve":[0.307,0.25,0.67,0.67],"rotate":8.96},{"duration":0}]},{"name":"heiyi_dj_gebo_004","rotateFrame":[{"duration":3,"curve":[0.313,0,0.647,0.34]},{"duration":2,"curve":[0.322,0.25,0.656,0.59],"rotate":-0.02},{"duration":10,"curve":[0.298,0.19,0.64,0.56],"rotate":-26.25},{"duration":0}]},{"name":"heiyi_dj_gebo_003","rotateFrame":[{"duration":3},{"duration":2,"curve":[0.317,0.26,0.652,0.6]},{"duration":10,"curve":[0.307,0.25,0.67,0.67],"rotate":34.59},{"duration":0}]},{"name":"xinchang_gj_shou1","rotateFrame":[{"duration":3},{"duration":2,"curve":[0.316,0.27,0.653,0.61]},{"duration":10,"curve":[0.351,0.39,0.756,1],"rotate":10.6},{"duration":0}]},{"name":"heiyi_dj_wuqi_001","rotateFrame":[{"duration":3,"curve":[0.284,0,0.625,0.38]},{"duration":12,"curve":[0.32,0.28,0.757,1],"rotate":0.1},{"duration":0}]},{"name":"heiyi_dj_tou_001","rotateFrame":[{"duration":8,"curve":[0.27,0,0.618,0.41]},{"duration":7,"curve":[0.318,0.28,0.661,0.64],"rotate":-16.18},{"duration":0}]},{"name":"tui2","translateFrame":[{"duration":5,"curve":[0.264,0,0.617,0.42]},{"duration":10,"curve":[0.351,0.4,0.756,1],"x":6.3,"y":-5.73},{"duration":0}]}]},{"duration":15,"name":"0010_fukongdaodi","bone":[{"name":"root","rotateFrame":[{"duration":15,"rotate":0.03}]},{"name":"bone","translateFrame":[{"duration":3,"curve":[0.351,0.4,0.756,1],"x":-2.64,"y":-16.84},{"duration":3,"curve":[0.32799999999999996,0.29000000000000004,0.6985,0.765],"x":-2.64,"y":-16.84},{"duration":3,"curve":[0.32799999999999996,0.29000000000000004,0.6985,0.765],"x":-2.1,"y":2.6},{"duration":6,"curve":[0.305,0.18,0.641,0.53],"x":-0.02,"y":73.46},{"duration":0,"x":-1.08,"y":86.76}],"rotateFrame":[{"duration":3,"curve":[0.351,0.4,0.756,1],"rotate":-2.91},{"duration":3,"curve":[0.32799999999999996,0.29000000000000004,0.6985,0.765],"rotate":-19.75},{"duration":3,"curve":[0.32799999999999996,0.29000000000000004,0.6985,0.765],"rotate":-36.13},{"duration":6,"rotate":-83.5}]},{"name":"heiyi_dj_shneti_001","rotateFrame":[{"duration":15,"rotate":-6.24}]},{"name":"heiyi_dj_shneti_1","rotateFrame":[{"duration":3,"curve":[0.318,0.28,0.661,0.64],"rotate":11.48},{"duration":3,"rotate":13.31},{"duration":3,"curve":[0.318,0.28,0.661,0.64],"rotate":13.31},{"duration":6,"curve":[0.318,0.28,0.661,0.64],"rotate":19.05},{"duration":0,"rotate":-5.7}]},{"name":"heiyi_dj_shneti_2","rotateFrame":[{"duration":15,"rotate":-0.02}]},{"name":"heiyi_dj_gebo_002","rotateFrame":[{"duration":3,"curve":[0.298,0.19,0.64,0.56],"rotate":-8.07},{"duration":3,"curve":[0.298,0.19,0.64,0.56],"rotate":-28.99},{"duration":3,"curve":[0.298,0.19,0.64,0.56],"rotate":-74.24},{"duration":6,"curve":[0.298,0.19,0.64,0.56],"rotate":-117.1},{"duration":0,"rotate":27.68}]},{"name":"heiyi_dj_gebo_001","translateFrame":[{"duration":3,"curve":[0.307,0.25,0.67,0.67]},{"duration":3,"curve":[0.27849999999999997,0.125,0.71,0.835]},{"duration":9,"x":-2.47,"y":-1.21}],"rotateFrame":[{"duration":3,"curve":[0.307,0.25,0.67,0.67],"rotate":-13.34},{"duration":3,"curve":[0.27849999999999997,0.125,0.71,0.835],"rotate":8.96},{"duration":3,"curve":[0.307,0.25,0.67,0.67],"rotate":-5.94},{"duration":6,"rotate":15.07}]},{"name":"heiyi_dj_gebo_004","translateFrame":[{"duration":3,"curve":[0.298,0.19,0.64,0.56]},{"duration":3,"curve":[0.274,0.095,0.6950000000000001,0.78]},{"duration":9,"x":-5.07,"y":-3.09}],"rotateFrame":[{"duration":3,"curve":[0.298,0.19,0.64,0.56],"rotate":6.14},{"duration":3,"curve":[0.274,0.095,0.6950000000000001,0.78],"rotate":-38.25},{"duration":3,"curve":[0.298,0.19,0.64,0.56],"rotate":-103.22},{"duration":6,"curve":[0.298,0.19,0.64,0.56],"rotate":-118.15},{"duration":0,"rotate":-7.21}]},{"name":"heiyi_dj_gebo_003","rotateFrame":[{"duration":3,"curve":[0.307,0.25,0.67,0.67],"rotate":35.6},{"duration":3,"rotate":41.42},{"duration":3,"curve":[0.307,0.25,0.67,0.67],"rotate":41.42},{"duration":6,"curve":[0.307,0.25,0.67,0.67],"rotate":47.32},{"duration":0,"rotate":61.45}]},{"name":"xinchang_gj_shou1","rotateFrame":[{"duration":15,"rotate":16.12}]},{"name":"heiyi_dj_wuqi_001","rotateFrame":[{"duration":15,"rotate":12.02}]},{"name":"heiyi_dj_shneti_4","rotateFrame":[{"duration":3},{"duration":3,"curve":[0.25,0,0.625,0.5]},{"duration":9,"rotate":-10.8}]},{"name":"heiyi_dj_shneti_5","translateFrame":[{"duration":3,"curve":[0.25,0,0.75,1]},{"duration":12,"x":2.72,"y":2.62}]},{"name":"heiyi_dj_bozi_001","rotateFrame":[{"duration":3,"curve":[0.25,0,0.75,1]},{"duration":6,"rotate":1.97},{"duration":6,"curve":[0.25,0,0.75,1],"rotate":1.97},{"duration":0,"rotate":-0.7}]},{"name":"heiyi_dj_tou_001","rotateFrame":[{"duration":9,"rotate":16.88},{"duration":6,"curve":[0.318,0.28,0.661,0.64],"rotate":16.88},{"duration":0,"rotate":-8.53}]},{"name":"heiyi_dj_tui_004","rotateFrame":[{"duration":3,"rotate":3.27},{"duration":3,"curve":[0.25,0,0.75,1],"rotate":3.27},{"duration":3,"rotate":-20.65},{"duration":6,"curve":[0.25,0,0.75,1],"rotate":-20.65},{"duration":0,"rotate":-2.62}]},{"name":"heiyi_dj_tui_003","rotateFrame":[{"duration":3,"curve":[0.25,0,0.75,1],"rotate":37.08},{"duration":3,"curve":[0.25,0,0.75,1],"rotate":20.88},{"duration":3,"curve":[0.25,0,0.75,1],"rotate":39.31},{"duration":6,"rotate":17.32}]},{"name":"tui2","translateFrame":[{"duration":15,"x":6.3,"y":-5.73}]},{"name":"heiyi_dj_tui_002","rotateFrame":[{"duration":3,"curve":[0.25,0,0.75,1],"rotate":-12.82},{"duration":3,"curve":[0.25,0,0.75,1],"rotate":-16.13},{"duration":3,"curve":[0.25,0,0.75,1],"rotate":-36.27},{"duration":6,"curve":[0.25,0,0.75,1],"rotate":-42.87},{"duration":0,"rotate":-2.7}]},{"name":"heiyi_dj_tui_001","rotateFrame":[{"duration":3,"curve":[0.25,0,0.75,1],"rotate":55.39},{"duration":3,"curve":[0.25,0,0.75,1],"rotate":43.55},{"duration":3,"curve":[0.25,0,0.75,1],"rotate":23.84},{"duration":6,"curve":[0.25,0,0.75,1],"rotate":21.1},{"duration":0,"rotate":42}]},{"name":"heiyi_dj_jiao_001","rotateFrame":[{"duration":3},{"duration":3,"curve":[0.25,0,0.75,1]},{"duration":3,"curve":[0.25,0,0.75,1],"rotate":0.29},{"duration":6,"rotate":36.13}]},{"name":"heiyi_dj_jiao_1","rotateFrame":[{"duration":3},{"duration":3,"curve":[0.25,0,0.75,1]},{"duration":9,"rotate":-38.75}]},{"name":"heiyi_dj_jiao_2","rotateFrame":[{"duration":3,"rotate":-1.86},{"duration":3,"curve":[0.25,0,0.75,1],"rotate":-1.86},{"duration":3,"curve":[0.25,0,0.75,1],"rotate":18.97},{"duration":6,"rotate":36.36}]},{"name":"heiyi_dj_jiao_3","rotateFrame":[{"duration":3},{"duration":3,"curve":[0.25,0,0.75,1]},{"duration":9,"rotate":-8.99}]},{"name":"gw_016_shashou_pz","translateFrame":[{"duration":3},{"duration":3,"tweenEasing":0},{"duration":3,"tweenEasing":0,"x":1.38,"y":-13.22},{"duration":6,"tweenEasing":0,"x":-29.92,"y":4.17},{"duration":0,"x":-40.36,"y":29.23}],"scaleFrame":[{"duration":3},{"duration":3,"tweenEasing":0},{"duration":3,"tweenEasing":0,"x":1.87,"y":0.94},{"duration":6,"tweenEasing":0,"x":2.71,"y":0.51},{"duration":0,"x":2.75,"y":0.27}]}],"ik":[{"name":"tui2","frame":[{"duration":15,"weight":0}]},{"name":"tui1","frame":[{"duration":15,"weight":0}]},{"name":"jiao2","frame":[{"duration":15,"bendPositive":false,"weight":0}]},{"name":"jiao1","frame":[{"duration":15,"bendPositive":false,"weight":0}]}]},{"duration":3,"name":"0011_jifeishangsheng","bone":[{"name":"root","rotateFrame":[{"duration":3,"rotate":0.03}]},{"name":"bone","translateFrame":[{"duration":3,"x":-2.64,"y":-16.84}],"rotateFrame":[{"duration":3,"curve":[0.351,0.4,0.756,1],"rotate":-2.91},{"duration":0,"rotate":-19.75}]},{"name":"heiyi_dj_shneti_001","rotateFrame":[{"duration":3,"rotate":-6.24}]},{"name":"heiyi_dj_shneti_1","rotateFrame":[{"duration":3,"curve":[0.318,0.28,0.661,0.64],"rotate":11.48},{"duration":0,"rotate":13.31}]},{"name":"heiyi_dj_shneti_2","rotateFrame":[{"duration":3,"rotate":-0.02}]},{"name":"heiyi_dj_gebo_002","rotateFrame":[{"duration":3,"curve":[0.298,0.19,0.64,0.56],"rotate":-8.07},{"duration":0,"rotate":-28.99}]},{"name":"heiyi_dj_gebo_001","rotateFrame":[{"duration":3,"curve":[0.307,0.25,0.67,0.67],"rotate":-13.34},{"duration":0,"rotate":8.96}]},{"name":"heiyi_dj_gebo_004","rotateFrame":[{"duration":3,"curve":[0.298,0.19,0.64,0.56],"rotate":6.14},{"duration":0,"rotate":-38.25}]},{"name":"heiyi_dj_gebo_003","rotateFrame":[{"duration":3,"curve":[0.307,0.25,0.67,0.67],"rotate":35.6},{"duration":0,"rotate":41.42}]},{"name":"xinchang_gj_shou1","rotateFrame":[{"duration":3,"rotate":16.12}]},{"name":"heiyi_dj_wuqi_001","rotateFrame":[{"duration":3,"rotate":12.02}]},{"name":"heiyi_dj_shneti_5","translateFrame":[{"duration":3,"curve":[0.25,0,0.75,1]},{"duration":0,"x":2.72,"y":2.62}]},{"name":"heiyi_dj_bozi_001","rotateFrame":[{"duration":3,"curve":[0.25,0,0.75,1]},{"duration":0,"rotate":1.97}]},{"name":"heiyi_dj_tou_001","rotateFrame":[{"duration":3,"rotate":16.88}]},{"name":"heiyi_dj_tui_004","rotateFrame":[{"duration":3,"rotate":3.27}]},{"name":"heiyi_dj_tui_003","rotateFrame":[{"duration":3,"curve":[0.25,0,0.75,1],"rotate":37.08},{"duration":0,"rotate":20.88}]},{"name":"tui2","translateFrame":[{"duration":3,"x":6.3,"y":-5.73}]},{"name":"heiyi_dj_tui_002","rotateFrame":[{"duration":3,"curve":[0.25,0,0.75,1],"rotate":-12.82},{"duration":0,"rotate":-16.13}]},{"name":"heiyi_dj_tui_001","rotateFrame":[{"duration":3,"curve":[0.25,0,0.75,1],"rotate":55.39},{"duration":0,"rotate":43.55}]},{"name":"heiyi_dj_jiao_2","rotateFrame":[{"duration":3,"rotate":-1.86}]}],"ik":[{"name":"jiao2","frame":[{"duration":3,"bendPositive":false,"weight":0}]},{"name":"jiao1","frame":[{"duration":3,"bendPositive":false,"weight":0}]}]},{"duration":0,"name":"0012_jifeixialuo","bone":[{"name":"root","rotateFrame":[{"duration":0,"rotate":0.03}]},{"name":"bone","translateFrame":[{"duration":0,"x":-2.1,"y":2.6}],"rotateFrame":[{"duration":0,"rotate":-36.13}]},{"name":"heiyi_dj_shneti_001","rotateFrame":[{"duration":0,"rotate":-6.24}]},{"name":"heiyi_dj_shneti_1","rotateFrame":[{"duration":0,"rotate":13.31}]},{"name":"heiyi_dj_shneti_2","rotateFrame":[{"duration":0,"rotate":-0.02}]},{"name":"heiyi_dj_gebo_002","rotateFrame":[{"duration":0,"rotate":-74.24}]},{"name":"heiyi_dj_gebo_001","translateFrame":[{"duration":0,"x":-2.47,"y":-1.21}],"rotateFrame":[{"duration":0,"rotate":-5.94}]},{"name":"heiyi_dj_gebo_004","translateFrame":[{"duration":0,"x":-5.07,"y":-3.09}],"rotateFrame":[{"duration":0,"rotate":-103.22}]},{"name":"heiyi_dj_gebo_003","rotateFrame":[{"duration":0,"rotate":41.42}]},{"name":"xinchang_gj_shou1","rotateFrame":[{"duration":0,"rotate":16.12}]},{"name":"heiyi_dj_wuqi_001","rotateFrame":[{"duration":0,"rotate":12.02}]},{"name":"heiyi_dj_shneti_4","rotateFrame":[{"duration":0,"rotate":-10.8}]},{"name":"heiyi_dj_shneti_5","translateFrame":[{"duration":0,"x":2.72,"y":2.62}]},{"name":"heiyi_dj_bozi_001","rotateFrame":[{"duration":0,"rotate":1.97}]},{"name":"heiyi_dj_tou_001","rotateFrame":[{"duration":0,"rotate":16.88}]},{"name":"heiyi_dj_tui_004","rotateFrame":[{"duration":0,"rotate":-20.65}]},{"name":"heiyi_dj_tui_003","rotateFrame":[{"duration":0,"rotate":39.31}]},{"name":"tui2","translateFrame":[{"duration":0,"x":6.3,"y":-5.73}]},{"name":"heiyi_dj_tui_002","rotateFrame":[{"duration":0,"rotate":-36.27}]},{"name":"heiyi_dj_tui_001","rotateFrame":[{"duration":0,"rotate":23.84}]},{"name":"heiyi_dj_jiao_001","rotateFrame":[{"duration":0,"rotate":0.29}]},{"name":"heiyi_dj_jiao_1","rotateFrame":[{"duration":0,"rotate":-38.75}]},{"name":"heiyi_dj_jiao_2","rotateFrame":[{"duration":0,"rotate":18.97}]},{"name":"heiyi_dj_jiao_3","rotateFrame":[{"duration":0,"rotate":-8.99}]},{"name":"gw_016_shashou_pz","translateFrame":[{"duration":0,"x":1.38,"y":-13.22}],"scaleFrame":[{"duration":0,"x":1.87,"y":0.94}]}]},{"duration":6,"name":"0013_daodi","bone":[{"name":"root","rotateFrame":[{"duration":6,"rotate":0.03}]},{"name":"bone","translateFrame":[{"duration":6,"curve":[0.305,0.18,0.641,0.53],"x":-0.02,"y":73.46},{"duration":0,"x":-1.08,"y":86.76}],"rotateFrame":[{"duration":6,"rotate":-83.5}]},{"name":"heiyi_dj_shneti_001","rotateFrame":[{"duration":6,"rotate":-6.24}]},{"name":"heiyi_dj_shneti_1","rotateFrame":[{"duration":6,"curve":[0.318,0.28,0.661,0.64],"rotate":19.05},{"duration":0,"rotate":-5.7}]},{"name":"heiyi_dj_shneti_2","rotateFrame":[{"duration":6,"rotate":-0.02}]},{"name":"heiyi_dj_gebo_002","rotateFrame":[{"duration":6,"curve":[0.298,0.19,0.64,0.56],"rotate":-117.1},{"duration":0,"rotate":27.68}]},{"name":"heiyi_dj_gebo_001","translateFrame":[{"duration":6,"x":-2.47,"y":-1.21}],"rotateFrame":[{"duration":6,"rotate":15.07}]},{"name":"heiyi_dj_gebo_004","translateFrame":[{"duration":6,"x":-5.07,"y":-3.09}],"rotateFrame":[{"duration":6,"curve":[0.298,0.19,0.64,0.56],"rotate":-118.15},{"duration":0,"rotate":-7.21}]},{"name":"heiyi_dj_gebo_003","rotateFrame":[{"duration":6,"curve":[0.307,0.25,0.67,0.67],"rotate":47.32},{"duration":0,"rotate":61.45}]},{"name":"xinchang_gj_shou1","rotateFrame":[{"duration":6,"rotate":16.12}]},{"name":"heiyi_dj_wuqi_001","rotateFrame":[{"duration":6,"rotate":12.02}]},{"name":"heiyi_dj_shneti_4","rotateFrame":[{"duration":6,"rotate":-10.8}]},{"name":"heiyi_dj_shneti_5","translateFrame":[{"duration":6,"x":2.72,"y":2.62}]},{"name":"heiyi_dj_bozi_001","rotateFrame":[{"duration":6,"curve":[0.25,0,0.75,1],"rotate":1.97},{"duration":0,"rotate":-0.7}]},{"name":"heiyi_dj_tou_001","rotateFrame":[{"duration":6,"curve":[0.318,0.28,0.661,0.64],"rotate":16.88},{"duration":0,"rotate":-8.53}]},{"name":"heiyi_dj_tui_004","rotateFrame":[{"duration":6,"curve":[0.25,0,0.75,1],"rotate":-20.65},{"duration":0,"rotate":-2.62}]},{"name":"heiyi_dj_tui_003","rotateFrame":[{"duration":6,"rotate":17.32}]},{"name":"tui2","translateFrame":[{"duration":6,"x":6.3,"y":-5.73}]},{"name":"heiyi_dj_tui_002","rotateFrame":[{"duration":6,"curve":[0.25,0,0.75,1],"rotate":-42.87},{"duration":0,"rotate":-2.7}]},{"name":"heiyi_dj_tui_001","rotateFrame":[{"duration":6,"curve":[0.25,0,0.75,1],"rotate":21.1},{"duration":0,"rotate":42}]},{"name":"heiyi_dj_jiao_001","rotateFrame":[{"duration":6,"rotate":36.13}]},{"name":"heiyi_dj_jiao_1","rotateFrame":[{"duration":6,"rotate":-38.75}]},{"name":"heiyi_dj_jiao_2","rotateFrame":[{"duration":6,"rotate":36.36}]},{"name":"heiyi_dj_jiao_3","rotateFrame":[{"duration":6,"rotate":-8.99}]},{"name":"gw_016_shashou_pz","translateFrame":[{"duration":6,"tweenEasing":0,"x":-29.92,"y":4.17},{"duration":0,"x":-40.36,"y":29.23}],"scaleFrame":[{"duration":6,"tweenEasing":0,"x":2.71,"y":0.51},{"duration":0,"x":2.75,"y":0.27}]}],"ik":[{"name":"tui2","frame":[{"duration":6,"weight":0}]},{"name":"tui1","frame":[{"duration":6,"weight":0}]},{"name":"jiao2","frame":[{"duration":6,"bendPositive":false,"weight":0}]},{"name":"jiao1","frame":[{"duration":6,"bendPositive":false,"weight":0}]}]},{"duration":0,"name":"0014_siwang","bone":[{"name":"root","rotateFrame":[{"duration":0,"rotate":0.03}]},{"name":"bone","translateFrame":[{"duration":0,"x":-1.08,"y":86.76}],"rotateFrame":[{"duration":0,"rotate":-83.5}]},{"name":"heiyi_dj_shneti_001","rotateFrame":[{"duration":0,"rotate":-6.24}]},{"name":"heiyi_dj_shneti_1","rotateFrame":[{"duration":0,"rotate":-5.7}]},{"name":"heiyi_dj_shneti_2","rotateFrame":[{"duration":0,"rotate":-0.02}]},{"name":"heiyi_dj_gebo_002","rotateFrame":[{"duration":0,"rotate":27.68}]},{"name":"heiyi_dj_gebo_001","translateFrame":[{"duration":0,"x":-2.47,"y":-1.21}],"rotateFrame":[{"duration":0,"rotate":15.07}]},{"name":"heiyi_dj_gebo_004","translateFrame":[{"duration":0,"x":-5.07,"y":-3.09}],"rotateFrame":[{"duration":0,"rotate":-7.21}]},{"name":"heiyi_dj_gebo_003","rotateFrame":[{"duration":0,"rotate":61.45}]},{"name":"xinchang_gj_shou1","rotateFrame":[{"duration":0,"rotate":16.12}]},{"name":"heiyi_dj_wuqi_001","rotateFrame":[{"duration":0,"rotate":12.02}]},{"name":"heiyi_dj_shneti_4","rotateFrame":[{"duration":0,"rotate":-10.8}]},{"name":"heiyi_dj_shneti_5","translateFrame":[{"duration":0,"x":2.72,"y":2.62}]},{"name":"heiyi_dj_bozi_001","rotateFrame":[{"duration":0,"rotate":-0.7}]},{"name":"heiyi_dj_tou_001","rotateFrame":[{"duration":0,"rotate":-8.53}]},{"name":"heiyi_dj_tui_004","rotateFrame":[{"duration":0,"rotate":-2.62}]},{"name":"heiyi_dj_tui_003","rotateFrame":[{"duration":0,"rotate":17.32}]},{"name":"tui2","translateFrame":[{"duration":0,"x":6.3,"y":-5.73}]},{"name":"heiyi_dj_tui_002","rotateFrame":[{"duration":0,"rotate":-2.7}]},{"name":"heiyi_dj_tui_001","rotateFrame":[{"duration":0,"rotate":42}]},{"name":"heiyi_dj_jiao_001","rotateFrame":[{"duration":0,"rotate":36.13}]},{"name":"heiyi_dj_jiao_1","rotateFrame":[{"duration":0,"rotate":-38.75}]},{"name":"heiyi_dj_jiao_2","rotateFrame":[{"duration":0,"rotate":36.36}]},{"name":"heiyi_dj_jiao_3","rotateFrame":[{"duration":0,"rotate":-8.99}]},{"name":"gw_016_shashou_pz","translateFrame":[{"duration":0,"x":-40.36,"y":29.23}],"scaleFrame":[{"duration":0,"x":2.75,"y":0.27}]}],"ik":[{"name":"tui2","frame":[{"duration":0,"weight":0}]},{"name":"tui1","frame":[{"duration":0,"weight":0}]},{"name":"jiao2","frame":[{"duration":0,"bendPositive":false,"weight":0}]},{"name":"jiao1","frame":[{"duration":0,"bendPositive":false,"weight":0}]}]},{"duration":5,"name":"0015_daodiqishen","bone":[{"name":"root","rotateFrame":[{"duration":5,"rotate":0.03}]},{"name":"bone","translateFrame":[{"duration":5,"x":-1.08,"y":86.76}],"rotateFrame":[{"duration":5,"rotate":-83.5}]},{"name":"heiyi_dj_shneti_001","rotateFrame":[{"duration":5,"curve":[0.298,0.19,0.64,0.56],"rotate":-6.24},{"duration":0,"rotate":35.83}]},{"name":"heiyi_dj_shneti_1","rotateFrame":[{"duration":5,"curve":[0.318,0.28,0.661,0.64],"rotate":-5.7},{"duration":0,"rotate":17.23}]},{"name":"heiyi_dj_shneti_2","rotateFrame":[{"duration":5,"curve":[0.32,0.28,0.757,1],"rotate":-0.02},{"duration":0,"rotate":15.89}]},{"name":"heiyi_dj_gebo_002","rotateFrame":[{"duration":5,"curve":[0.298,0.19,0.64,0.56],"rotate":27.68},{"duration":0,"rotate":-27.37}]},{"name":"heiyi_dj_gebo_001","translateFrame":[{"duration":5,"x":-2.47,"y":-1.21}],"rotateFrame":[{"duration":5,"rotate":15.07}]},{"name":"heiyi_dj_gebo_004","translateFrame":[{"duration":5,"curve":[0.274,0.095,0.6950000000000001,0.78],"x":-5.07,"y":-3.09},{"duration":0,"x":-2.64,"y":-1.37}],"rotateFrame":[{"duration":5,"curve":[0.274,0.095,0.6950000000000001,0.78],"rotate":-7.21},{"duration":0,"rotate":-0.4}]},{"name":"heiyi_dj_gebo_003","rotateFrame":[{"duration":5,"curve":[0.307,0.25,0.67,0.67],"rotate":61.45},{"duration":0,"rotate":22.55}]},{"name":"xinchang_gj_shou1","rotateFrame":[{"duration":5,"rotate":16.12}]},{"name":"heiyi_dj_wuqi_001","rotateFrame":[{"duration":5,"rotate":12.02}]},{"name":"heiyi_dj_shneti_4","rotateFrame":[{"duration":5,"rotate":-10.8}]},{"name":"heiyi_dj_shneti_5","translateFrame":[{"duration":5,"x":2.72,"y":2.62}]},{"name":"heiyi_dj_bozi_001","rotateFrame":[{"duration":5,"curve":[0.25,0,0.75,1],"rotate":-0.7},{"duration":0,"rotate":4.97}]},{"name":"heiyi_dj_tou_001","rotateFrame":[{"duration":5,"curve":[0.318,0.28,0.661,0.64],"rotate":-8.53},{"duration":0,"rotate":17.85}]},{"name":"heiyi_dj_tui_004","rotateFrame":[{"duration":5,"curve":[0.25,0,0.75,1],"rotate":-2.62},{"duration":0,"rotate":-7.43}]},{"name":"heiyi_dj_tui_003","rotateFrame":[{"duration":5,"curve":[0.25,0,0.75,1],"rotate":17.32},{"duration":0,"rotate":19.05}]},{"name":"tui2","translateFrame":[{"duration":5,"x":6.3,"y":-5.73}]},{"name":"heiyi_dj_tui_002","rotateFrame":[{"duration":5,"curve":[0.25,0,0.75,1],"rotate":-2.7},{"duration":0,"rotate":-23.93}]},{"name":"heiyi_dj_tui_001","rotateFrame":[{"duration":5,"curve":[0.25,0,0.75,1],"rotate":42},{"duration":0,"rotate":86.52}]},{"name":"heiyi_dj_jiao_001","rotateFrame":[{"duration":5,"rotate":36.13}]},{"name":"heiyi_dj_jiao_1","rotateFrame":[{"duration":5,"rotate":-38.75}]},{"name":"heiyi_dj_jiao_2","rotateFrame":[{"duration":5,"rotate":36.36}]},{"name":"heiyi_dj_jiao_3","rotateFrame":[{"duration":5,"rotate":-8.99}]},{"name":"gw_016_shashou_pz","translateFrame":[{"duration":5,"tweenEasing":0,"x":-40.36,"y":29.23},{"duration":0,"x":5.78,"y":13.68}],"scaleFrame":[{"duration":5,"tweenEasing":0,"x":2.75,"y":0.27},{"duration":0,"x":1.98,"y":0.66}]}],"ik":[{"name":"tui2","frame":[{"duration":5,"weight":0}]},{"name":"tui1","frame":[{"duration":5,"weight":0}]},{"name":"jiao2","frame":[{"duration":5,"bendPositive":false,"weight":0}]},{"name":"jiao1","frame":[{"duration":5,"bendPositive":false,"weight":0}]}]},{"duration":60,"name":"0016_xuruo","bone":[{"name":"bone","translateFrame":[{"duration":25,"curve":[0.25,0,0.75,1],"x":-1.72,"y":1.29},{"duration":35,"curve":[0.25,0,0.75,1],"x":-1.72,"y":2.5},{"duration":0,"x":-1.72,"y":1.29}]},{"name":"heiyi_dj_shneti_001","rotateFrame":[{"duration":30,"curve":[0.25,0,0.75,1]},{"duration":30,"curve":[0.25,0,0.75,1],"rotate":-6.86},{"duration":0}]},{"name":"heiyi_dj_shneti_1","rotateFrame":[{"duration":30,"curve":[0.25,0,0.75,1],"rotate":3.4},{"duration":30,"curve":[0.25,0,0.75,1],"rotate":5.85},{"duration":0,"rotate":3.4}]},{"name":"heiyi_dj_shneti_2","rotateFrame":[{"duration":30,"curve":[0.25,0,0.75,1],"rotate":-9.03},{"duration":30,"curve":[0.25,0,0.75,1],"rotate":-8.67},{"duration":0,"rotate":-9.03}]},{"name":"heiyi_dj_shneti_3","rotateFrame":[{"duration":30,"curve":[0.25,0,0.75,1]},{"duration":30,"curve":[0.25,0,0.75,1],"rotate":-1.17},{"duration":0}]},{"name":"heiyi_dj_gebo_002","rotateFrame":[{"duration":30,"curve":[0.25,0,0.75,1],"rotate":1.74},{"duration":30,"curve":[0.25,0,0.75,1],"rotate":5.38},{"duration":0,"rotate":1.74}]},{"name":"heiyi_dj_gebo_001","rotateFrame":[{"duration":35,"curve":[0.25,0,0.75,1],"rotate":11.74},{"duration":25,"curve":[0.25,0,0.75,1],"rotate":9.57},{"duration":0,"rotate":11.74}]},{"name":"heiyi_dj_gebo_004","translateFrame":[{"duration":60,"x":1.8,"y":-0.6}],"rotateFrame":[{"duration":30,"curve":[0.25,0,0.75,1],"rotate":-2.81},{"duration":30,"curve":[0.25,0,0.75,1],"rotate":-0.69},{"duration":0,"rotate":-2.81}]},{"name":"heiyi_dj_gebo_003","rotateFrame":[{"duration":35,"curve":[0.25,0,0.75,1],"rotate":59.59},{"duration":25,"curve":[0.25,0,0.75,1],"rotate":61.84},{"duration":0,"rotate":59.59}]},{"name":"xinchang_gj_shou1","rotateFrame":[{"duration":35,"curve":[0.25,0,0.75,1]},{"duration":25,"curve":[0.25,0,0.75,1],"rotate":5.31},{"duration":0}]},{"name":"heiyi_dj_shneti_4","rotateFrame":[{"duration":35,"curve":[0.25,0,0.75,1]},{"duration":25,"curve":[0.25,0,0.75,1],"rotate":-1.92},{"duration":0}]},{"name":"heiyi_dj_shneti_5","rotateFrame":[{"duration":35,"curve":[0.25,0,0.75,1]},{"duration":25,"curve":[0.25,0,0.75,1],"rotate":0.98},{"duration":0}]},{"name":"heiyi_dj_tou_001","rotateFrame":[{"duration":35,"curve":[0.25,0,0.75,1],"rotate":12.8},{"duration":25,"curve":[0.25,0,0.75,1],"rotate":14.11},{"duration":0,"rotate":12.8}]}]},{"duration":30,"name":"0017_shengli","bone":[{"name":"bone","translateFrame":[{"duration":15,"curve":[0.25,0,0.625,0.5]},{"duration":15,"curve":[0.375,0.5,0.75,1],"x":-4.46,"y":-1.98},{"duration":0}]},{"name":"heiyi_dj_shneti_2","rotateFrame":[{"duration":15,"curve":[0.25,0,0.625,0.5]},{"duration":15,"curve":[0.375,0.5,0.75,1],"rotate":-7.06},{"duration":0}]},{"name":"heiyi_dj_gebo_002","rotateFrame":[{"duration":15,"curve":[0.25,0,0.625,0.5]},{"duration":15,"curve":[0.375,0.5,0.75,1],"rotate":22.88},{"duration":0}]},{"name":"heiyi_dj_gebo_004","translateFrame":[{"duration":15,"curve":[0.25,0,0.625,0.5]},{"duration":15,"curve":[0.375,0.5,0.75,1],"x":-3.92,"y":-3.65},{"duration":0}],"rotateFrame":[{"duration":15,"curve":[0.25,0,0.625,0.5]},{"duration":15,"curve":[0.375,0.5,0.75,1],"rotate":-84.96},{"duration":0}]},{"name":"heiyi_dj_gebo_003","rotateFrame":[{"duration":15,"curve":[0.25,0,0.625,0.5]},{"duration":15,"curve":[0.375,0.5,0.75,1],"rotate":73.02},{"duration":0}]},{"name":"heiyi_dj_wuqi_001","rotateFrame":[{"duration":2,"curve":[0.304,0,0.64,0.35]},{"duration":2,"curve":[0.313,0.23,0.648,0.57],"rotate":-17.13},{"duration":2,"curve":[0.32,0.28,0.655,0.62],"rotate":-107.13},{"duration":2,"curve":[0.325,0.3,0.66,0.64],"rotate":162.87},{"duration":2,"curve":[0.362,0.44,0.754,1],"rotate":72.87},{"duration":2,"curve":[0.313,0.23,0.648,0.57],"rotate":-17.13},{"duration":2,"curve":[0.32,0.28,0.655,0.62],"rotate":-107.13},{"duration":2,"curve":[0.325,0.3,0.66,0.64],"rotate":162.87},{"duration":2,"curve":[0.362,0.44,0.754,1],"rotate":72.87},{"duration":2,"curve":[0.313,0.23,0.648,0.57],"rotate":-17.13},{"duration":2,"curve":[0.32,0.28,0.655,0.62],"rotate":-107.13},{"duration":2,"curve":[0.325,0.3,0.66,0.64],"rotate":162.87},{"duration":2,"curve":[0.362,0.44,0.754,1],"rotate":72.87},{"duration":4,"curve":[0.313,0.23,0.648,0.57],"rotate":-17.13},{"duration":0}]},{"name":"heiyi_dj_tou_001","rotateFrame":[{"duration":15,"curve":[0.25,0,0.625,0.5]},{"duration":15,"curve":[0.375,0.5,0.75,1],"rotate":3.52},{"duration":0}]}]},{"duration":0,"name":"0018_dingshen","bone":[{"name":"bone","translateFrame":[{"duration":0,"x":-2.29,"y":4.58}]},{"name":"heiyi_dj_shneti_001","rotateFrame":[{"duration":0,"rotate":-10.93}]},{"name":"heiyi_dj_shneti_1","rotateFrame":[{"duration":0,"rotate":2.44}]},{"name":"heiyi_dj_gebo_002","rotateFrame":[{"duration":0,"rotate":-10.42}]},{"name":"heiyi_dj_gebo_001","rotateFrame":[{"duration":0,"rotate":-41.34}]},{"name":"heiyi_dj_gebo_004","rotateFrame":[{"duration":0,"rotate":13.66}]},{"name":"heiyi_dj_gebo_003","rotateFrame":[{"duration":0,"rotate":-15.35}]},{"name":"heiyi_dj_tou_001","rotateFrame":[{"duration":0,"rotate":8.25}]}]},{"duration":0,"name":"0019_gedang","bone":[{"name":"bone","translateFrame":[{"duration":0,"x":-3.36,"y":9.94}]},{"name":"heiyi_dj_shneti_001","rotateFrame":[{"duration":0,"rotate":-10.93}]},{"name":"heiyi_dj_shneti_1","rotateFrame":[{"duration":0,"rotate":2.44}]},{"name":"heiyi_dj_gebo_002","rotateFrame":[{"duration":0,"rotate":-34.4}]},{"name":"heiyi_dj_gebo_001","translateFrame":[{"duration":0,"x":-5.34,"y":-5.26}],"rotateFrame":[{"duration":0,"rotate":-103.01}]},{"name":"heiyi_dj_gebo_004","rotateFrame":[{"duration":0,"rotate":-67.55}]},{"name":"heiyi_dj_gebo_003","rotateFrame":[{"duration":0,"rotate":35.4}]},{"name":"heiyi_dj_tou_001","rotateFrame":[{"duration":0,"rotate":8.25}]},{"name":"tui1","translateFrame":[{"duration":0,"x":-10.71,"y":-1.07}]},{"name":"jiao1","translateFrame":[{"duration":0,"x":-10.71,"y":-1.07}]}],"ik":[{"name":"tui2","frame":[{"duration":0}]},{"name":"tui1","frame":[{"duration":0}]},{"name":"jiao1","frame":[{"duration":0,"bendPositive":false}]}]},{"duration":0,"name":"0020_wu","bone":[{"name":"bone","translateFrame":[{"duration":0,"x":-3.36,"y":9.94}]},{"name":"heiyi_dj_shneti_001","rotateFrame":[{"duration":0,"rotate":-10.93}]},{"name":"heiyi_dj_shneti_1","rotateFrame":[{"duration":0,"rotate":2.44}]},{"name":"heiyi_dj_gebo_002","rotateFrame":[{"duration":0,"rotate":-34.4}]},{"name":"heiyi_dj_gebo_001","translateFrame":[{"duration":0,"x":-5.34,"y":-5.26}],"rotateFrame":[{"duration":0,"rotate":-103.01}]},{"name":"heiyi_dj_gebo_004","rotateFrame":[{"duration":0,"rotate":-67.55}]},{"name":"heiyi_dj_gebo_003","rotateFrame":[{"duration":0,"rotate":35.4}]},{"name":"heiyi_dj_tou_001","rotateFrame":[{"duration":0,"rotate":8.25}]},{"name":"tui1","translateFrame":[{"duration":0,"x":-10.71,"y":-1.07}]},{"name":"jiao1","translateFrame":[{"duration":0,"x":-10.71,"y":-1.07}]}]},{"duration":0,"name":"0021_wu","bone":[{"name":"bone","translateFrame":[{"duration":0,"x":-3.36,"y":9.94}]},{"name":"heiyi_dj_shneti_001","rotateFrame":[{"duration":0,"rotate":-10.93}]},{"name":"heiyi_dj_shneti_1","rotateFrame":[{"duration":0,"rotate":2.44}]},{"name":"heiyi_dj_gebo_002","rotateFrame":[{"duration":0,"rotate":-34.4}]},{"name":"heiyi_dj_gebo_001","translateFrame":[{"duration":0,"x":-5.34,"y":-5.26}],"rotateFrame":[{"duration":0,"rotate":-103.01}]},{"name":"heiyi_dj_gebo_004","rotateFrame":[{"duration":0,"rotate":-67.55}]},{"name":"heiyi_dj_gebo_003","rotateFrame":[{"duration":0,"rotate":35.4}]},{"name":"heiyi_dj_tou_001","rotateFrame":[{"duration":0,"rotate":8.25}]},{"name":"tui1","translateFrame":[{"duration":0,"x":-10.71,"y":-1.07}]},{"name":"jiao1","translateFrame":[{"duration":0,"x":-10.71,"y":-1.07}]}]},{"duration":0,"name":"0022_wu","bone":[{"name":"bone","translateFrame":[{"duration":0,"x":-3.36,"y":9.94}]},{"name":"heiyi_dj_shneti_001","rotateFrame":[{"duration":0,"rotate":-10.93}]},{"name":"heiyi_dj_shneti_1","rotateFrame":[{"duration":0,"rotate":2.44}]},{"name":"heiyi_dj_gebo_002","rotateFrame":[{"duration":0,"rotate":-34.4}]},{"name":"heiyi_dj_gebo_001","translateFrame":[{"duration":0,"x":-5.34,"y":-5.26}],"rotateFrame":[{"duration":0,"rotate":-103.01}]},{"name":"heiyi_dj_gebo_004","rotateFrame":[{"duration":0,"rotate":-67.55}]},{"name":"heiyi_dj_gebo_003","rotateFrame":[{"duration":0,"rotate":35.4}]},{"name":"heiyi_dj_tou_001","rotateFrame":[{"duration":0,"rotate":8.25}]},{"name":"tui1","translateFrame":[{"duration":0,"x":-10.71,"y":-1.07}]},{"name":"jiao1","translateFrame":[{"duration":0,"x":-10.71,"y":-1.07}]}]},{"duration":0,"name":"0023_wu","bone":[{"name":"bone","translateFrame":[{"duration":0,"x":-3.36,"y":9.94}]},{"name":"heiyi_dj_shneti_001","rotateFrame":[{"duration":0,"rotate":-10.93}]},{"name":"heiyi_dj_shneti_1","rotateFrame":[{"duration":0,"rotate":2.44}]},{"name":"heiyi_dj_gebo_002","rotateFrame":[{"duration":0,"rotate":-34.4}]},{"name":"heiyi_dj_gebo_001","translateFrame":[{"duration":0,"x":-5.34,"y":-5.26}],"rotateFrame":[{"duration":0,"rotate":-103.01}]},{"name":"heiyi_dj_gebo_004","rotateFrame":[{"duration":0,"rotate":-67.55}]},{"name":"heiyi_dj_gebo_003","rotateFrame":[{"duration":0,"rotate":35.4}]},{"name":"heiyi_dj_tou_001","rotateFrame":[{"duration":0,"rotate":8.25}]},{"name":"tui1","translateFrame":[{"duration":0,"x":-10.71,"y":-1.07}]},{"name":"jiao1","translateFrame":[{"duration":0,"x":-10.71,"y":-1.07}]}]},{"duration":0,"name":"0024_wu","bone":[{"name":"bone","translateFrame":[{"duration":0,"x":-3.36,"y":9.94}]},{"name":"heiyi_dj_shneti_001","rotateFrame":[{"duration":0,"rotate":-10.93}]},{"name":"heiyi_dj_shneti_1","rotateFrame":[{"duration":0,"rotate":2.44}]},{"name":"heiyi_dj_gebo_002","rotateFrame":[{"duration":0,"rotate":-34.4}]},{"name":"heiyi_dj_gebo_001","translateFrame":[{"duration":0,"x":-5.34,"y":-5.26}],"rotateFrame":[{"duration":0,"rotate":-103.01}]},{"name":"heiyi_dj_gebo_004","rotateFrame":[{"duration":0,"rotate":-67.55}]},{"name":"heiyi_dj_gebo_003","rotateFrame":[{"duration":0,"rotate":35.4}]},{"name":"heiyi_dj_tou_001","rotateFrame":[{"duration":0,"rotate":8.25}]},{"name":"tui1","translateFrame":[{"duration":0,"x":-10.71,"y":-1.07}]},{"name":"jiao1","translateFrame":[{"duration":0,"x":-10.71,"y":-1.07}]}]},{"duration":45,"name":"0025_gongji1","bone":[{"name":"root","translateFrame":[{"duration":15,"curve":[0,0.49,0.75,1]},{"duration":5,"curve":[0.25,0,1,0.54],"x":-60.15},{"duration":15,"curve":[0,0.45,0.75,1],"x":29.52},{"duration":10,"curve":[0,0.46,0.75,1],"x":32.87},{"duration":0}]},{"name":"bone","translateFrame":[{"duration":15,"curve":[0,0.49,0.75,1]},{"duration":5,"curve":[0.25,0,1,0.54],"x":-5.63,"y":7.29},{"duration":15,"curve":[0,0.45,0.75,1],"x":6.12,"y":7.24},{"duration":10,"curve":[0,0.46,0.75,1],"x":13.8,"y":9.15},{"duration":0}],"rotateFrame":[{"duration":15,"curve":[0,0.49,0.75,1]},{"duration":5,"curve":[0.25,0,1,0.54],"rotate":3.84},{"duration":15,"curve":[0,0.45,0.75,1],"rotate":23.91},{"duration":10,"curve":[0,0.46,0.75,1],"rotate":23.91},{"duration":0}]},{"name":"heiyi_dj_shneti_001","rotateFrame":[{"duration":15},{"duration":5,"curve":[0.25,0,1,0.54]},{"duration":15,"rotate":8.92},{"duration":10,"curve":[0,0.46,0.75,1],"rotate":8.92},{"duration":0}]},{"name":"heiyi_dj_shneti_1","rotateFrame":[{"duration":15,"curve":[0,0.49,0.75,1]},{"duration":5,"curve":[0.25,0,1,0.54],"rotate":24.4},{"duration":15,"rotate":-9.05},{"duration":10,"curve":[0,0.46,0.75,1],"rotate":-9.05},{"duration":0}]},{"name":"heiyi_dj_gebo_002","translateFrame":[{"duration":15,"curve":[0,0.49,0.75,1]},{"duration":5,"curve":[0.25,0,1,0.54]},{"duration":15,"curve":[0,0.45,0.75,1],"x":-7.76,"y":1.85},{"duration":10,"curve":[0,0.46,0.75,1],"x":-7.76,"y":1.85},{"duration":0}],"rotateFrame":[{"duration":15,"curve":[0,0.49,0.75,1]},{"duration":5,"curve":[0.25,0,1,0.54],"rotate":-35.49},{"duration":15,"curve":[0,0.45,0.75,1],"rotate":64.94},{"duration":10,"curve":[0,0.46,0.75,1],"rotate":67.3},{"duration":0}]},{"name":"heiyi_dj_gebo_001","rotateFrame":[{"duration":15,"curve":[0,0.49,0.75,1]},{"duration":5,"curve":[0.25,0,1,0.54],"rotate":5.55},{"duration":15,"curve":[0,0.45,0.75,1]},{"duration":10,"curve":[0,0.46,0.75,1],"rotate":2.02},{"duration":0}]},{"name":"heiyi_dj_gebo_004","translateFrame":[{"duration":15,"curve":[0,0.49,0.75,1]},{"duration":5,"curve":[0.25,0,1,0.54]},{"duration":15,"curve":[0,0.45,0.75,1],"x":-7.11,"y":-2.34},{"duration":10,"curve":[0,0.46,0.75,1],"x":-7.11,"y":-2.34},{"duration":0}],"rotateFrame":[{"duration":15,"curve":[0,0.49,0.75,1]},{"duration":5,"curve":[0.25,0,1,0.54],"rotate":29.71},{"duration":15,"curve":[0,0.45,0.75,1],"rotate":-120.41},{"duration":10,"curve":[0,0.46,0.75,1],"rotate":-121.53},{"duration":0}]},{"name":"heiyi_dj_gebo_003","rotateFrame":[{"duration":15,"curve":[0,0.49,0.75,1]},{"duration":5,"curve":[0.25,0,1,0.54],"rotate":-25.71},{"duration":15,"curve":[0,0.45,0.75,1],"rotate":80.1},{"duration":10,"curve":[0,0.46,0.75,1],"rotate":83.63},{"duration":0}]},{"name":"xinchang_gj_shou1","rotateFrame":[{"duration":15,"curve":[0,0.49,0.75,1]},{"duration":5,"curve":[0.25,0,1,0.54],"rotate":18.93},{"duration":15,"rotate":10.16},{"duration":10,"curve":[0,0.46,0.75,1],"rotate":10.16},{"duration":0}]},{"name":"heiyi_dj_wuqi_001","translateFrame":[{"duration":15},{"duration":5,"curve":[0.25,0,1,0.54]},{"duration":15,"x":-3.21,"y":-2.07},{"duration":10,"curve":[0,0.45,0.75,1],"x":-3.21,"y":-2.07},{"duration":0}],"rotateFrame":[{"duration":15},{"duration":5,"curve":[0.25,0,1,0.54]},{"duration":15,"rotate":43.64},{"duration":10,"curve":[0,0.45,0.75,1],"rotate":43.64},{"duration":0}]},{"name":"heiyi_dj_shneti_4","rotateFrame":[{"duration":20},{"duration":15,"curve":[0,0.45,0.75,1]},{"duration":10,"curve":[0,0.46,0.75,1],"rotate":7},{"duration":0}]},{"name":"heiyi_dj_shneti_5","rotateFrame":[{"duration":20},{"duration":15,"curve":[0,0.45,0.75,1]},{"duration":10,"curve":[0,0.46,0.75,1],"rotate":3.9},{"duration":0}]},{"name":"heiyi_dj_bozi_001","rotateFrame":[{"duration":15,"curve":[0,0.49,0.75,1]},{"duration":5,"curve":[0.25,0,1,0.54],"rotate":-0.62},{"duration":25}]},{"name":"heiyi_dj_tou_001","rotateFrame":[{"duration":15,"curve":[0,0.49,0.75,1]},{"duration":5,"curve":[0.25,0,1,0.54],"rotate":-24.21},{"duration":15,"curve":[0,0.45,0.75,1],"rotate":-18.66},{"duration":10,"curve":[0,0.46,0.75,1],"rotate":-13.84},{"duration":0}]},{"name":"tui1","translateFrame":[{"duration":15,"curve":[0,0.49,0.75,1]},{"duration":5,"curve":[0.25,0,1,0.54],"x":58.31,"y":1},{"duration":15,"x":-11.69,"y":-7.79},{"duration":10,"curve":[0,0.46,0.75,1],"x":-11.69,"y":-7.79},{"duration":0}]},{"name":"heiyi_dj_tui_004","translateFrame":[{"duration":15,"curve":[0,0.49,0.75,1]},{"duration":5,"curve":[0.25,0,1,0.54],"x":0.75,"y":-6.14},{"duration":25}]},{"name":"tui2","translateFrame":[{"duration":15,"curve":[0,0.49,0.75,1]},{"duration":5,"curve":[0.25,0,1,0.54],"x":-44.4,"y":-5.52},{"duration":15,"x":23.95,"y":-0.55},{"duration":10,"curve":[0,0.46,0.75,1],"x":23.95,"y":-0.55},{"duration":0}]},{"name":"heiyi_dj_tui_002","translateFrame":[{"duration":15,"curve":[0,0.49,0.75,1]},{"duration":5,"curve":[0.25,0,1,0.54],"x":3.69,"y":12.02},{"duration":25}]},{"name":"jiao2","translateFrame":[{"duration":15,"curve":[0,0.49,0.75,1]},{"duration":5,"curve":[0.25,0,1,0.54],"x":-54.77,"y":3.68},{"duration":15,"x":23.95,"y":-0.55},{"duration":10,"curve":[0,0.46,0.75,1],"x":23.95,"y":-0.55},{"duration":0}]},{"name":"jiao1","translateFrame":[{"duration":15,"curve":[0,0.49,0.75,1]},{"duration":5,"curve":[0.25,0,1,0.54],"x":59.46,"y":-5.14},{"duration":15,"x":-21.16,"y":-4.45},{"duration":10,"curve":[0,0.46,0.75,1],"x":-21.16,"y":-4.45},{"duration":0}]}]},{"duration":45,"name":"0026_gongji2","bone":[{"name":"root","translateFrame":[{"duration":15,"curve":[0,0.49,0.75,1]},{"duration":5,"curve":[0.25,0,1,0.54],"x":-60.15},{"duration":15,"curve":[0,0.45,0.75,1],"x":29.52},{"duration":10,"curve":[0,0.46,0.75,1],"x":32.87},{"duration":0}]},{"name":"bone","translateFrame":[{"duration":15,"curve":[0,0.49,0.75,1]},{"duration":5,"curve":[0.25,0,1,0.54],"x":-5.63,"y":7.29},{"duration":15,"curve":[0,0.45,0.75,1],"x":6.12,"y":7.24},{"duration":10,"curve":[0,0.46,0.75,1],"x":13.8,"y":9.15},{"duration":0}],"rotateFrame":[{"duration":15,"curve":[0,0.49,0.75,1]},{"duration":5,"curve":[0.25,0,1,0.54],"rotate":3.84},{"duration":15,"curve":[0,0.45,0.75,1],"rotate":23.91},{"duration":10,"curve":[0,0.46,0.75,1],"rotate":23.91},{"duration":0}]},{"name":"heiyi_dj_shneti_001","rotateFrame":[{"duration":15},{"duration":5,"curve":[0.25,0,1,0.54]},{"duration":15,"rotate":8.92},{"duration":10,"curve":[0,0.46,0.75,1],"rotate":8.92},{"duration":0}]},{"name":"heiyi_dj_shneti_1","rotateFrame":[{"duration":15,"curve":[0,0.49,0.75,1]},{"duration":5,"curve":[0.25,0,1,0.54],"rotate":24.4},{"duration":15,"rotate":-9.05},{"duration":10,"curve":[0,0.46,0.75,1],"rotate":-9.05},{"duration":0}]},{"name":"heiyi_dj_gebo_002","translateFrame":[{"duration":15,"curve":[0,0.49,0.75,1]},{"duration":5,"curve":[0.25,0,1,0.54]},{"duration":15,"curve":[0,0.45,0.75,1],"x":-7.76,"y":1.85},{"duration":10,"curve":[0,0.46,0.75,1],"x":-7.76,"y":1.85},{"duration":0}],"rotateFrame":[{"duration":15,"curve":[0,0.49,0.75,1]},{"duration":5,"curve":[0.25,0,1,0.54],"rotate":-35.49},{"duration":15,"curve":[0,0.45,0.75,1],"rotate":64.94},{"duration":10,"curve":[0,0.46,0.75,1],"rotate":67.3},{"duration":0}]},{"name":"heiyi_dj_gebo_001","rotateFrame":[{"duration":15,"curve":[0,0.49,0.75,1]},{"duration":5,"curve":[0.25,0,1,0.54],"rotate":5.55},{"duration":15,"curve":[0,0.45,0.75,1]},{"duration":10,"curve":[0,0.46,0.75,1],"rotate":2.02},{"duration":0}]},{"name":"heiyi_dj_gebo_004","translateFrame":[{"duration":15,"curve":[0,0.49,0.75,1]},{"duration":5,"curve":[0.25,0,1,0.54]},{"duration":15,"curve":[0,0.45,0.75,1],"x":-7.11,"y":-2.34},{"duration":10,"curve":[0,0.46,0.75,1],"x":-7.11,"y":-2.34},{"duration":0}],"rotateFrame":[{"duration":15,"curve":[0,0.49,0.75,1]},{"duration":5,"curve":[0.25,0,1,0.54],"rotate":29.71},{"duration":15,"curve":[0,0.45,0.75,1],"rotate":-120.41},{"duration":10,"curve":[0,0.46,0.75,1],"rotate":-121.53},{"duration":0}]},{"name":"heiyi_dj_gebo_003","rotateFrame":[{"duration":15,"curve":[0,0.49,0.75,1]},{"duration":5,"curve":[0.25,0,1,0.54],"rotate":-25.71},{"duration":15,"curve":[0,0.45,0.75,1],"rotate":80.1},{"duration":10,"curve":[0,0.46,0.75,1],"rotate":83.63},{"duration":0}]},{"name":"xinchang_gj_shou1","rotateFrame":[{"duration":15,"curve":[0,0.49,0.75,1]},{"duration":5,"curve":[0.25,0,1,0.54],"rotate":18.93},{"duration":15,"rotate":10.16},{"duration":10,"curve":[0,0.46,0.75,1],"rotate":10.16},{"duration":0}]},{"name":"heiyi_dj_wuqi_001","rotateFrame":[{"duration":15},{"duration":5,"curve":[0.25,0,1,0.54]},{"duration":15,"rotate":10.51},{"duration":10,"curve":[0,0.46,0.75,1],"rotate":10.51},{"duration":0}]},{"name":"heiyi_dj_shneti_4","rotateFrame":[{"duration":20},{"duration":15,"curve":[0,0.45,0.75,1]},{"duration":10,"curve":[0,0.46,0.75,1],"rotate":7},{"duration":0}]},{"name":"heiyi_dj_shneti_5","rotateFrame":[{"duration":20},{"duration":15,"curve":[0,0.45,0.75,1]},{"duration":10,"curve":[0,0.46,0.75,1],"rotate":3.9},{"duration":0}]},{"name":"heiyi_dj_bozi_001","rotateFrame":[{"duration":15,"curve":[0,0.49,0.75,1]},{"duration":5,"curve":[0.25,0,1,0.54],"rotate":-0.62},{"duration":25}]},{"name":"heiyi_dj_tou_001","rotateFrame":[{"duration":15,"curve":[0,0.49,0.75,1]},{"duration":5,"curve":[0.25,0,1,0.54],"rotate":-24.21},{"duration":15,"curve":[0,0.45,0.75,1],"rotate":-18.66},{"duration":10,"curve":[0,0.46,0.75,1],"rotate":-13.84},{"duration":0}]},{"name":"tui1","translateFrame":[{"duration":15,"curve":[0,0.49,0.75,1]},{"duration":5,"curve":[0.25,0,1,0.54],"x":58.31,"y":1},{"duration":15,"x":-11.69,"y":-7.79},{"duration":10,"curve":[0,0.46,0.75,1],"x":-11.69,"y":-7.79},{"duration":0}]},{"name":"heiyi_dj_tui_004","translateFrame":[{"duration":15,"curve":[0,0.49,0.75,1]},{"duration":5,"curve":[0.25,0,1,0.54],"x":0.75,"y":-6.14},{"duration":25}]},{"name":"tui2","translateFrame":[{"duration":15,"curve":[0,0.49,0.75,1]},{"duration":5,"curve":[0.25,0,1,0.54],"x":-44.4,"y":-5.52},{"duration":15,"x":23.95,"y":-0.55},{"duration":10,"curve":[0,0.46,0.75,1],"x":23.95,"y":-0.55},{"duration":0}]},{"name":"heiyi_dj_tui_002","translateFrame":[{"duration":15,"curve":[0,0.49,0.75,1]},{"duration":5,"curve":[0.25,0,1,0.54],"x":3.69,"y":12.02},{"duration":25}]},{"name":"jiao2","translateFrame":[{"duration":15,"curve":[0,0.49,0.75,1]},{"duration":5,"curve":[0.25,0,1,0.54],"x":-54.77,"y":3.68},{"duration":15,"x":23.95,"y":-0.55},{"duration":10,"curve":[0,0.46,0.75,1],"x":23.95,"y":-0.55},{"duration":0}]},{"name":"jiao1","translateFrame":[{"duration":15,"curve":[0,0.49,0.75,1]},{"duration":5,"curve":[0.25,0,1,0.54],"x":59.46,"y":-5.14},{"duration":15,"x":-21.16,"y":-4.45},{"duration":10,"curve":[0,0.46,0.75,1],"x":-21.16,"y":-4.45},{"duration":0}]}]}],"defaultActions":[{"gotoAndPlay":"0000_chuchang"}]}]}