{"frameRate":30,"isGlobal":0,"armature":[{"bone":[{"name":"root","transform":{"scY":1.185,"scX":1.185}},{"transform":{},"name":"Fuji","parent":"root"},{"transform":{"y":-4.67,"x":38.13},"name":"foot_l","parent":"root"},{"transform":{"y":-0.1,"x":-34.4},"name":"foot_r2","parent":"root"},{"transform":{"y":-219.17},"name":"buff_up","parent":"Fuji"},{"transform":{"y":-119.7},"name":"buff_mid","parent":"Fuji"},{"transform":{"y":-77,"x":5},"name":"bip","parent":"Fuji"},{"transform":{"y":-4.64,"x":15.36},"name":"foot_r","parent":"foot_r2"},{"transform":{},"name":"buff_flo","parent":"Fuji"},{"transform":{"y":-29.86,"x":-19.09},"name":"leg_l","parent":"foot_l"},{"length":40,"transform":{"y":3.7,"skX":36.02,"skY":36.02,"x":8.29},"parent":"bip","name":"Thigh_L"},{"length":28,"transform":{"y":-5.02,"skX":93.99,"skY":93.99,"x":-5.43},"parent":"bip","name":"Kua"},{"length":42,"transform":{"y":-6.34,"skX":86.16,"skY":86.16,"x":-19.13},"parent":"bip","name":"Thigh_R"},{"transform":{"y":-29.92,"x":-19.93},"name":"leg_r","parent":"foot_r"},{"length":27,"transform":{"y":-3.35,"skX":-78.92,"skY":-78.92,"x":-0.74},"parent":"bip","name":"Body"},{"length":27,"transform":{"y":0.64,"skX":80.53,"skY":80.53,"x":42.31},"parent":"Thigh_R","name":"Leg_R"},{"length":29,"transform":{"y":1.5,"skX":116.48,"skY":116.48,"x":40.43},"parent":"Thigh_L","name":"Leg_L"},{"length":23,"transform":{"y":-0.01,"skX":4.75,"skY":4.75,"x":27.56},"parent":"Body","name":"spine"},{"length":18,"transform":{"y":3.99,"skX":155.47,"skY":155.47,"x":-2.99},"parent":"Body","name":"Dress"},{"length":17,"transform":{"skX":23.48,"skY":23.48,"x":23.92},"parent":"spine","name":"neck"},{"length":19,"transform":{"y":0.04,"skX":-96.11,"skY":-96.11,"x":27.86},"parent":"Leg_R","name":"Foot_R"},{"length":40,"transform":{"y":13.74,"skX":172.92,"skY":172.92,"x":33.63},"parent":"spine","name":"UpArm_L"},{"length":22,"transform":{"skX":-61.54,"skY":-61.54,"x":27.81},"parent":"Leg_R","name":"Foot_R2"},{"length":16,"transform":{"y":0.04,"skX":8.89,"skY":8.89,"x":18.78},"parent":"Dress","name":"Dress2"},{"length":18,"transform":{"y":-0.17,"skX":-85.67,"skY":-85.67,"x":29.49},"parent":"Leg_L","name":"Foot_L"},{"length":39,"transform":{"y":-25.27,"skX":-140.94,"skY":-140.94,"x":26.45},"parent":"spine","name":"UpArm_R"},{"length":30,"transform":{"y":-1.74,"skX":-67.91,"skY":-67.91,"x":40.77},"parent":"UpArm_R","name":"Arm_R"},{"length":17,"transform":{"y":-0.1,"skX":-18.98,"skY":-18.98,"x":18.53},"parent":"Foot_L","name":"Finger_L"},{"length":47,"transform":{"y":-1.37,"skX":114.83,"skY":114.83,"x":32.63},"parent":"neck","name":"Head"},{"length":17,"transform":{"skX":-0.34,"skY":-0.34,"x":16.47},"parent":"Dress2","name":"Dress3"},{"length":17,"transform":{"y":-0.05,"skX":-30.27,"skY":-30.27,"x":19.55},"parent":"Foot_R","name":"Finger_R"},{"length":29,"transform":{"y":0.42,"skX":-63.81,"skY":-63.81,"x":40.33},"parent":"UpArm_L","name":"Arm_L"},{"length":16,"transform":{"y":-0.1,"skX":-55.57,"skY":-55.57,"x":23.13},"parent":"Foot_R2","name":"Finger_R2"},{"length":31,"transform":{"y":-7.62,"skX":156.77,"skY":156.77,"x":-3.46},"parent":"Head","name":"Ear_R"},{"length":19,"transform":{"y":-0.23,"skX":24.31,"skY":24.31,"x":27.51},"parent":"Arm_L","name":"Hand_L"},{"length":17,"transform":{"y":-13.04,"skX":-129.67,"skY":-129.67,"x":5.83},"parent":"Head","name":"Ear_L"},{"length":21,"transform":{"y":0.32,"skX":-2.8,"skY":-2.8,"x":28.97},"parent":"Arm_R","name":"Hand_R"},{"length":22,"transform":{"y":0.1,"skX":-8.5,"skY":-8.5,"x":31.4},"parent":"Ear_R","name":"Ear_R2"},{"length":27,"transform":{"y":0.05,"skX":-38.52,"skY":-38.52,"x":17.98},"parent":"Ear_L","name":"Ear_L2"},{"length":24,"transform":{"skX":55.94,"skY":55.94,"x":22.09},"parent":"Ear_R2","name":"Ear_R3"},{"length":19,"transform":{"y":0.1,"skX":42.7,"skY":42.7,"x":27.23},"parent":"Ear_L2","name":"Ear_L3"}],"type":"Armature","frameRate":30,"animation":[{"bone":[{"frame":[{"curve":[0.25,0,0.75,1],"transform":{},"duration":20},{"curve":[0.25,0,0.75,1],"transform":{"y":-4.45,"skX":0.61,"skY":0.61,"x":-1.85},"duration":20},{"transform":{},"duration":0}],"name":"bip"},{"frame":[{"curve":[0.25,0,0.75,1],"transform":{"skX":1.31,"skY":1.31},"duration":20},{"curve":[0.25,0,0.75,1],"transform":{"scY":1.007,"y":-2.51,"skX":-3.55,"skY":-3.55,"scX":1.007,"x":0.97},"duration":20},{"transform":{"skX":1.31,"skY":1.31},"duration":0}],"name":"Body"},{"frame":[{"curve":[0.359,0.64,0.695,1],"transform":{"skX":1.86,"skY":1.86},"duration":2},{"curve":[0.25,0,0.75,1],"transform":{"skX":1.71,"skY":1.71},"duration":20},{"curve":[0.245,0,0.71,0.83],"transform":{"scY":1.018,"skX":6.52,"skY":6.52,"scX":1.018},"duration":18},{"transform":{"skX":1.86,"skY":1.86},"duration":0}],"name":"spine"},{"frame":[{"curve":[0.374,0.61,0.715,1],"transform":{"skX":1.6,"skY":1.6},"duration":4},{"curve":[0.25,0,0.75,1],"transform":{"skX":1.6,"skY":1.6},"duration":20},{"curve":[0.242,0,0.679,0.71],"transform":{"skX":1.64,"skY":1.64},"duration":16},{"transform":{"skX":1.6,"skY":1.6},"duration":0}],"name":"neck"},{"frame":[{"curve":[0.381,0.58,0.731,1],"transform":{"y":-0.17,"skX":0.16,"skY":0.16,"x":0.1},"duration":6},{"curve":[0.25,0,0.75,1],"transform":{"skX":0.15,"skY":0.15},"duration":20},{"curve":[0.242,0,0.655,0.62],"transform":{"y":-0.74,"skX":0.18,"skY":0.18,"x":0.41},"duration":14},{"transform":{"y":-0.17,"skX":0.16,"skY":0.16,"x":0.1},"duration":0}],"name":"Head"},{"frame":[{"curve":[0.381,0.58,0.731,1],"transform":{"skX":0.59,"skY":0.59},"duration":6},{"curve":[0.25,0,0.75,1],"transform":{},"duration":20},{"curve":[0.242,0,0.655,0.62],"transform":{"skX":2.45,"skY":2.45},"duration":14},{"transform":{"skX":0.59,"skY":0.59},"duration":0}],"name":"Ear_R"},{"frame":[{"curve":[0.382,0.56,0.737,1],"transform":{"skX":-0.47,"skY":-0.47},"duration":7},{"curve":[0.25,0,0.75,1],"transform":{},"duration":20},{"curve":[0.243,0,0.645,0.58],"transform":{"skX":-1.56,"skY":-1.56},"duration":13},{"transform":{"skX":-0.47,"skY":-0.47},"duration":0}],"name":"Ear_L"},{"frame":[{"curve":[0.378,0.52,0.746,1],"transform":{"skX":-2.33,"skY":-2.33},"duration":9},{"curve":[0.25,0,0.75,1],"transform":{},"duration":20},{"curve":[0.247,0,0.63,0.52],"transform":{"skX":-8.41,"skY":-8.41},"duration":11},{"transform":{"skX":-2.33,"skY":-2.33},"duration":0}],"name":"Ear_L2"},{"frame":[{"curve":[0.369,0.47,0.752,1],"transform":{"skX":-5.53,"skY":-5.53},"duration":11},{"curve":[0.25,0,0.75,1],"transform":{},"duration":20},{"curve":[0.253,0,0.621,0.47],"transform":{"skX":-9.77,"skY":-9.77},"duration":9},{"transform":{"skX":-5.53,"skY":-5.53},"duration":0}],"name":"Ear_L3"},{"frame":[{"curve":[0.381,0.54,0.742,1],"transform":{"skX":1.6,"skY":1.6},"duration":8},{"curve":[0.25,0,0.75,1],"transform":{},"duration":20},{"curve":[0.245,0,0.637,0.55],"transform":{"skX":4.35,"skY":4.35},"duration":12},{"transform":{"skX":1.6,"skY":1.6},"duration":0}],"name":"Ear_R2"},{"frame":[{"curve":[0.375,0.5,0.75,1],"transform":{"skX":3.86,"skY":3.86},"duration":10},{"curve":[0.25,0,0.75,1],"transform":{},"duration":20},{"curve":[0.25,0,0.625,0.5],"transform":{"skX":7.72,"skY":7.72},"duration":10},{"transform":{"skX":3.86,"skY":3.86},"duration":0}],"name":"Ear_R3"},{"frame":[{"curve":[0.368,0.62,0.706,1],"transform":{"skX":-0.99,"skY":-0.99},"duration":3},{"curve":[0.25,0,0.75,1],"transform":{"skX":-1.7,"skY":-1.7},"duration":20},{"curve":[0.243,0,0.694,0.76],"transform":{"skX":6.76,"skY":6.76},"duration":17},{"transform":{"skX":-0.99,"skY":-0.99},"duration":0}],"name":"UpArm_R"},{"frame":[{"curve":[0.379,0.6,0.724,1],"transform":{"skX":0.18,"skY":0.18},"duration":5},{"curve":[0.25,0,0.75,1],"transform":{"skX":-1.43,"skY":-1.43},"duration":20},{"curve":[0.242,0,0.666,0.66],"transform":{"skX":7.35,"skY":7.35},"duration":15},{"transform":{"skX":0.18,"skY":0.18},"duration":0}],"name":"Arm_R"},{"frame":[{"curve":[0.382,0.56,0.737,1],"transform":{"skX":1.11,"skY":1.11},"duration":7},{"curve":[0.25,0,0.75,1],"transform":{"skX":-1.42,"skY":-1.42},"duration":20},{"curve":[0.243,0,0.645,0.58],"transform":{"skX":6.91,"skY":6.91},"duration":13},{"transform":{"skX":1.11,"skY":1.11},"duration":0}],"name":"Hand_R"},{"frame":[{"curve":[0.374,0.61,0.715,1],"transform":{"skX":0.02,"skY":0.02},"duration":4},{"curve":[0.25,0,0.75,1],"transform":{"skX":0.97,"skY":0.97},"duration":20},{"curve":[0.242,0,0.679,0.71],"transform":{"skX":-6.37,"skY":-6.37},"duration":16},{"transform":{"skX":0.02,"skY":0.02},"duration":0}],"name":"UpArm_L"},{"frame":[{"curve":[0.381,0.58,0.731,1],"transform":{"skX":0.21,"skY":0.21},"duration":6},{"curve":[0.25,0,0.75,1],"transform":{"skX":2.21,"skY":2.21},"duration":20},{"curve":[0.242,0,0.655,0.62],"transform":{"skX":-6.02,"skY":-6.02},"duration":14},{"transform":{"skX":0.21,"skY":0.21},"duration":0}],"name":"Arm_L"},{"frame":[{"curve":[0.381,0.54,0.742,1],"transform":{"skX":1.24,"skY":1.24},"duration":8},{"curve":[0.25,0,0.75,1],"transform":{"skX":5.03,"skY":5.03},"duration":20},{"curve":[0.245,0,0.637,0.55],"transform":{"skX":-5.26,"skY":-5.26},"duration":12},{"transform":{"skX":1.24,"skY":1.24},"duration":0}],"name":"Hand_L"},{"frame":[{"curve":[0.359,0.64,0.695,1],"transform":{"skX":-3.14,"skY":-3.14},"duration":2},{"curve":[0.25,0,0.75,1],"transform":{"skX":-2.82,"skY":-2.82},"duration":20},{"curve":[0.245,0,0.71,0.83],"transform":{"skX":-10.44,"skY":-10.44},"duration":18},{"transform":{"skX":-3.14,"skY":-3.14},"duration":0}],"name":"Dress"},{"frame":[{"curve":[0.374,0.61,0.715,1],"transform":{"skX":1.17,"skY":1.17},"duration":4},{"curve":[0.25,0,0.75,1],"transform":{"skX":2.53,"skY":2.53},"duration":20},{"curve":[0.242,0,0.679,0.71],"transform":{"skX":-7.91,"skY":-7.91},"duration":16},{"transform":{"skX":1.17,"skY":1.17},"duration":0}],"name":"Dress2"},{"frame":[{"curve":[0.381,0.58,0.731,1],"transform":{"skX":3.68,"skY":3.68},"duration":6},{"curve":[0.25,0,0.75,1],"transform":{"skX":9.63,"skY":9.63},"duration":20},{"curve":[0.242,0,0.655,0.62],"transform":{"skX":-14.93,"skY":-14.93},"duration":14},{"transform":{"skX":3.68,"skY":3.68},"duration":0}],"name":"Dress3"},{"frame":[{"transform":{},"duration":40},{"transform":{},"duration":0}],"name":"foot_r2"},{"frame":[{"transform":{},"duration":40},{"transform":{},"duration":0}],"name":"foot_r"},{"frame":[{"transform":{},"duration":40},{"transform":{},"duration":0}],"name":"leg_r"},{"frame":[{"transform":{},"duration":40},{"transform":{},"duration":0}],"name":"Thigh_R"},{"frame":[{"transform":{},"duration":40},{"transform":{},"duration":0}],"name":"Leg_R"},{"frame":[{"transform":{},"duration":40},{"transform":{},"duration":0}],"name":"Foot_R"},{"frame":[{"transform":{},"duration":40},{"transform":{},"duration":0}],"name":"Finger_R"},{"frame":[{"transform":{},"duration":40},{"transform":{},"duration":0}],"name":"foot_l"},{"frame":[{"transform":{},"duration":40},{"transform":{},"duration":0}],"name":"leg_l"},{"frame":[{"transform":{},"duration":40},{"transform":{},"duration":0}],"name":"Thigh_L"},{"frame":[{"transform":{},"duration":40},{"transform":{},"duration":0}],"name":"Leg_L"},{"frame":[{"transform":{},"duration":40},{"transform":{},"duration":0}],"name":"Foot_L"},{"frame":[{"transform":{},"duration":40},{"transform":{},"duration":0}],"name":"Finger_L"},{"frame":[{"transform":{},"duration":40},{"transform":{},"duration":0}],"name":"Foot_R2"},{"frame":[{"transform":{},"duration":40},{"transform":{},"duration":0}],"name":"Finger_R2"},{"frame":[{"transform":{},"duration":40},{"transform":{},"duration":0}],"name":"Kua"},{"frame":[{"transform":{},"duration":40}],"name":"root"},{"frame":[{"transform":{},"duration":40}],"name":"Fuji"},{"frame":[{"transform":{},"duration":40}],"name":"buff_up"},{"frame":[{"transform":{},"duration":40}],"name":"buff_mid"},{"frame":[{"transform":{},"duration":40}],"name":"buff_flo"}],"slot":[{"frame":[{"displayIndex":-1,"tweenEasing":0,"duration":40},{"displayIndex":-1,"tweenEasing":null,"duration":0}],"name":"Eye"},{"frame":[{"displayIndex":1,"tweenEasing":0,"duration":40},{"displayIndex":1,"tweenEasing":null,"duration":0}],"name":"Foot_R"}],"ffd":[],"frame":[],"name":"0000_daiji","duration":40,"ik":[]},{"bone":[{"frame":[{"curve":[0.25,0,0.75,1],"transform":{"y":-7.43,"skX":6.99,"skY":6.99},"duration":3},{"curve":[0.25,0,0.75,1],"transform":{"y":0.88,"skX":6.99,"skY":6.99},"duration":6},{"curve":[0.25,0,0.625,0.5],"transform":{"y":-12,"skX":6.99,"skY":6.99},"duration":3},{"curve":[0.25,0,0.75,1],"transform":{"y":-7.43,"skX":6.99,"skY":6.99},"duration":3},{"curve":[0.25,0,0.75,1],"transform":{"y":0.88,"skX":6.99,"skY":6.99},"duration":6},{"curve":[0.25,0,0.625,0.5],"transform":{"y":-12,"skX":6.99,"skY":6.99},"duration":3},{"transform":{"y":-7.43,"skX":6.99,"skY":6.99},"duration":0}],"name":"bip"},{"frame":[{"curve":[0.375,0.5,0.75,1],"transform":{"skX":-1.88,"skY":-1.88},"duration":3},{"curve":[0.25,0,0.75,1],"transform":{"skX":-0.9,"skY":-0.9},"duration":6},{"curve":[0.25,0,0.75,1],"transform":{"skX":-2.85,"skY":-2.85},"duration":3},{"transform":{"skX":-2.85,"skY":-2.85},"duration":3},{"curve":[0.25,0,0.75,1],"transform":{"skX":-0.9,"skY":-0.9},"duration":6},{"curve":[0.25,0,0.625,0.5],"transform":{"skX":-2.85,"skY":-2.85},"duration":3},{"transform":{"skX":-1.88,"skY":-1.88},"duration":0}],"name":"Body"},{"frame":[{"curve":[0.351,0.4,0.756,1],"transform":{"skX":2.3,"skY":2.3},"duration":4},{"curve":[0.25,0,0.75,1],"transform":{"skX":6.28,"skY":6.28},"duration":6},{"curve":[0.25,0,0.75,1],"transform":{"skX":0.73,"skY":0.73},"duration":2},{"transform":{"skX":0.73,"skY":0.73},"duration":4},{"curve":[0.25,0,0.75,1],"transform":{"skX":6.28,"skY":6.28},"duration":6},{"curve":[0.264,0,0.617,0.42],"transform":{"skX":0.73,"skY":0.73},"duration":2},{"transform":{"skX":2.3,"skY":2.3},"duration":0}],"name":"spine"},{"frame":[{"curve":[0.31,0.25,0.756,1],"transform":{"skX":3.64,"skY":3.64},"duration":5},{"curve":[0.25,0,0.75,1],"transform":{"skX":5.93,"skY":5.93},"duration":6},{"curve":[0.25,0,0.75,1],"transform":{"skX":3.39,"skY":3.39},"duration":1},{"transform":{"skX":3.39,"skY":3.39},"duration":5},{"curve":[0.25,0,0.75,1],"transform":{"skX":5.93,"skY":5.93},"duration":6},{"curve":[0.29,0,0.629,0.37],"transform":{"skX":3.39,"skY":3.39},"duration":1},{"transform":{"skX":3.64,"skY":3.64},"duration":0}],"name":"neck"},{"frame":[{"curve":[0.25,0,0.75,1],"transform":{"y":-13.97,"skX":-9.55,"skY":-9.55,"x":3.71},"duration":6},{"curve":[0.25,0,0.75,1],"transform":{"y":-13.97,"skX":-7.69,"skY":-7.69,"x":3.71},"duration":6},{"curve":[0.25,0,0.75,1],"transform":{"y":-13.97,"skX":-9.55,"skY":-9.55,"x":3.71},"duration":6},{"curve":[0.25,0,0.75,1],"transform":{"y":-13.97,"skX":-7.69,"skY":-7.69,"x":3.71},"duration":6},{"transform":{"y":-13.97,"skX":-9.55,"skY":-9.55,"x":3.71},"duration":0}],"name":"Head"},{"frame":[{"curve":[0.25,0,0.75,1],"transform":{},"duration":6},{"curve":[0.25,0,0.75,1],"transform":{"skX":-5.39,"skY":-5.39},"duration":6},{"curve":[0.25,0,0.75,1],"transform":{},"duration":6},{"curve":[0.25,0,0.75,1],"transform":{"skX":-5.39,"skY":-5.39},"duration":6},{"transform":{},"duration":0}],"name":"Ear_R"},{"frame":[{"curve":[0.37,0.62,0.709,1],"transform":{"skX":-0.64,"skY":-0.64},"duration":1},{"curve":[0.25,0,0.75,1],"transform":{},"duration":6},{"curve":[0.25,0,0.75,1],"transform":{"skX":-6.7,"skY":-6.7},"duration":5},{"transform":{"skX":-6.7,"skY":-6.7},"duration":1},{"curve":[0.25,0,0.75,1],"transform":{},"duration":6},{"curve":[0.243,0,0.689,0.75],"transform":{"skX":-6.7,"skY":-6.7},"duration":5},{"transform":{"skX":-0.64,"skY":-0.64},"duration":0}],"name":"Ear_L"},{"frame":[{"curve":[0.382,0.57,0.735,1],"transform":{"skX":-3.44,"skY":-3.44},"duration":2},{"curve":[0.25,0,0.75,1],"transform":{},"duration":6},{"curve":[0.25,0,0.75,1],"transform":{"skX":-12.13,"skY":-12.13},"duration":4},{"transform":{"skX":-12.13,"skY":-12.13},"duration":2},{"curve":[0.25,0,0.75,1],"transform":{},"duration":6},{"curve":[0.243,0,0.648,0.6],"transform":{"skX":-12.13,"skY":-12.13},"duration":4},{"transform":{"skX":-3.44,"skY":-3.44},"duration":0}],"name":"Ear_L2"},{"frame":[{"curve":[0.375,0.5,0.75,1],"transform":{"skX":-11.41,"skY":-11.41},"duration":3},{"curve":[0.25,0,0.75,1],"transform":{},"duration":6},{"curve":[0.25,0,0.75,1],"transform":{"skX":-22.83,"skY":-22.83},"duration":3},{"transform":{"skX":-22.83,"skY":-22.83},"duration":3},{"curve":[0.25,0,0.75,1],"transform":{},"duration":6},{"curve":[0.25,0,0.625,0.5],"transform":{"skX":-22.83,"skY":-22.83},"duration":3},{"transform":{"skX":-11.41,"skY":-11.41},"duration":0}],"name":"Ear_L3"},{"frame":[{"curve":[0.37,0.62,0.709,1],"transform":{"skX":-1.14,"skY":-1.14},"duration":1},{"curve":[0.25,0,0.75,1],"transform":{},"duration":6},{"curve":[0.25,0,0.75,1],"transform":{"skX":-11.87,"skY":-11.87},"duration":5},{"transform":{"skX":-11.87,"skY":-11.87},"duration":1},{"curve":[0.25,0,0.75,1],"transform":{},"duration":6},{"curve":[0.243,0,0.689,0.75],"transform":{"skX":-11.87,"skY":-11.87},"duration":5},{"transform":{"skX":-1.14,"skY":-1.14},"duration":0}],"name":"Ear_R2"},{"frame":[{"curve":[0.382,0.57,0.735,1],"transform":{"skX":-5.35,"skY":-5.35},"duration":2},{"curve":[0.25,0,0.75,1],"transform":{},"duration":6},{"curve":[0.25,0,0.75,1],"transform":{"skX":-18.86,"skY":-18.86},"duration":4},{"transform":{"skX":-18.86,"skY":-18.86},"duration":2},{"curve":[0.25,0,0.75,1],"transform":{},"duration":6},{"curve":[0.243,0,0.648,0.6],"transform":{"skX":-18.86,"skY":-18.86},"duration":4},{"transform":{"skX":-5.35,"skY":-5.35},"duration":0}],"name":"Ear_R3"},{"frame":[{"curve":[0.25,0,0.75,1],"transform":{"y":1.21,"skX":-72.21,"skY":-72.21,"x":1.6},"duration":12},{"curve":[0.25,0,0.75,1],"transform":{"skX":15.82,"skY":15.82},"duration":12},{"transform":{"y":1.21,"skX":-72.21,"skY":-72.21,"x":1.6},"duration":0}],"name":"UpArm_R"},{"frame":[{"curve":[0.356,0.64,0.69,1],"transform":{"skX":-4.32,"skY":-4.32},"duration":1},{"curve":[0.25,0,0.75,1],"transform":{"skX":-5.04,"skY":-5.04},"duration":11},{"transform":{"skX":-5.04,"skY":-5.04},"duration":1},{"curve":[0.245,0,0.716,0.85],"transform":{"skX":19.63,"skY":19.63},"duration":11},{"transform":{"skX":-4.32,"skY":-4.32},"duration":0}],"name":"Arm_R"},{"frame":[{"curve":[0.37,0.62,0.709,1],"transform":{"skX":-2.44,"skY":-2.44},"duration":2},{"curve":[0.25,0,0.75,1],"transform":{"skX":-3.23,"skY":-3.23},"duration":10},{"transform":{"skX":-3.23,"skY":-3.23},"duration":2},{"curve":[0.243,0,0.689,0.75],"transform":{"skX":4.95,"skY":4.95},"duration":10},{"transform":{"skX":-2.44,"skY":-2.44},"duration":0}],"name":"Hand_R"},{"frame":[{"curve":[0.356,0.64,0.69,1],"transform":{"y":-9.14,"skX":56.56,"skY":56.56,"x":-2.55},"duration":1},{"curve":[0.25,0,0.75,1],"transform":{"y":-9.41,"skX":59.13,"skY":59.13,"x":-2.63},"duration":12},{"curve":[0.245,0,0.716,0.85],"transform":{"skX":-29.46,"skY":-29.46},"duration":11},{"transform":{"y":-9.14,"skX":56.56,"skY":56.56,"x":-2.55},"duration":0}],"name":"UpArm_L"},{"frame":[{"curve":[0.37,0.62,0.709,1],"transform":{"skX":32.03,"skY":32.03},"duration":2},{"curve":[0.25,0,0.75,1],"transform":{"skX":34.73,"skY":34.73},"duration":10},{"transform":{"skX":34.73,"skY":34.73},"duration":2},{"curve":[0.243,0,0.689,0.75],"transform":{"skX":6.74,"skY":6.74},"duration":10},{"transform":{"skX":32.03,"skY":32.03},"duration":0}],"name":"Arm_L"},{"frame":[{"curve":[0.379,0.6,0.724,1],"transform":{"skX":15.78,"skY":15.78},"duration":3},{"curve":[0.25,0,0.75,1],"transform":{"skX":18.93,"skY":18.93},"duration":9},{"transform":{"skX":18.93,"skY":18.93},"duration":3},{"curve":[0.242,0,0.666,0.66],"transform":{"skX":1.83,"skY":1.83},"duration":9},{"transform":{"skX":15.78,"skY":15.78},"duration":0}],"name":"Hand_L"},{"frame":[{"curve":[0.25,0,0.75,1],"transform":{"skX":4.13,"skY":4.13},"duration":12},{"curve":[0.25,0,0.75,1],"transform":{"skX":-30.7,"skY":-30.7},"duration":12},{"transform":{"skX":4.13,"skY":4.13},"duration":0}],"name":"Dress"},{"frame":[{"curve":[0.379,0.6,0.724,1],"transform":{"skX":5.31,"skY":5.31},"duration":3},{"curve":[0.25,0,0.75,1],"transform":{"skX":11.42,"skY":11.42},"duration":12},{"curve":[0.242,0,0.666,0.66],"transform":{"skX":-21.7,"skY":-21.7},"duration":9},{"transform":{"skX":5.31,"skY":5.31},"duration":0}],"name":"Dress2"},{"frame":[{"curve":[0.375,0.5,0.75,1],"transform":{"skX":-1.06,"skY":-1.06},"duration":6},{"curve":[0.25,0,0.75,1],"transform":{"skX":14.92,"skY":14.92},"duration":12},{"curve":[0.25,0,0.625,0.5],"transform":{"skX":-17.05,"skY":-17.05},"duration":6},{"transform":{"skX":-1.06,"skY":-1.06},"duration":0}],"name":"Dress3"},{"frame":[{"transform":{},"duration":24},{"transform":{},"duration":0}],"name":"foot_r2"},{"frame":[{"transform":{"y":-35.91,"x":-94.47},"duration":24},{"transform":{"y":-35.91,"x":-94.47},"duration":0}],"name":"foot_r"},{"frame":[{"transform":{"y":-24,"x":-23.55},"duration":24},{"transform":{"y":-24,"x":-23.55},"duration":0}],"name":"leg_r"},{"frame":[{"curve":[0.246,0,0.708,0.8300000000000001],"transform":{"skX":38.2,"skY":38.2,"x":7.57},"duration":3},{"curve":[0.25,0,0.75,1],"transform":{"skX":19.33,"skY":19.33,"x":7.57},"duration":3},{"curve":[0.25,0,0.75,1],"transform":{"skX":-30.1,"skY":-30.1,"x":7.57},"duration":3},{"curve":[0.3145,0.3,0.737,1],"transform":{"y":4.37,"skX":-56.46,"skY":-56.46,"x":10.68},"duration":3},{"curve":[0.25,0,0.75,1],"transform":{"y":3.36,"skX":-42.74,"skY":-42.74,"x":11.14},"duration":3},{"curve":[0.25,0,0.75,1],"transform":{"scY":1.015,"y":3.36,"skX":-42.74,"skY":-42.74,"scX":0.916,"x":11.14},"duration":3},{"curve":[0.25,0,0.625,0.5],"transform":{"y":3.36,"skX":24.12,"skY":24.12,"x":11.14},"duration":3},{"curve":[0.375,0.5,0.75,1],"transform":{"y":3.36,"skX":35.08,"skY":35.08,"x":11.14},"duration":3},{"transform":{"skX":38.2,"skY":38.2,"x":7.57},"duration":0}],"name":"Thigh_R"},{"frame":[{"curve":[0.25,0,0.75,1],"transform":{"skX":0.59,"skY":0.59},"duration":3},{"curve":[0.25,0,0.75,1],"transform":{"skX":6.48,"skY":6.48},"duration":3},{"curve":[0.25,0,0.75,1],"transform":{"skX":12.28,"skY":12.28},"duration":3},{"curve":[0.25,0,0.75,1],"transform":{"skX":-34.78,"skY":-34.78},"duration":3},{"curve":[0.25,0,0.75,1],"transform":{"skX":-42.36,"skY":-42.36},"duration":3},{"curve":[0.264,0,0.617,0.42],"transform":{"skX":-8.97,"skY":-8.97},"duration":1},{"curve":[0.325,0.3,0.674,0.69],"transform":{"skX":-7.15,"skY":-7.15},"duration":1},{"curve":[0.382,0.57,0.735,1],"transform":{"skX":-31.05,"skY":-31.05},"duration":1},{"curve":[0.25,0,0.75,1],"transform":{"skX":-62.36,"skY":-62.36},"duration":3},{"curve":[0.25,0,0.75,1],"transform":{"skX":-28.78,"skY":-28.78},"duration":3},{"transform":{"skX":0.59,"skY":0.59},"duration":0}],"name":"Leg_R"},{"frame":[{"curve":[0.25,0,0.75,1],"transform":{"skX":13.89,"skY":13.89},"duration":3},{"curve":[0.25,0,0.75,1],"transform":{"skX":9.78,"skY":9.78},"duration":3},{"curve":[0.25,0,0.75,1],"transform":{"skX":-15.52,"skY":-15.52},"duration":3},{"curve":[0.25,0,0.75,1],"transform":{"skX":39.88,"skY":39.88},"duration":3},{"curve":[0.25,0,0.75,1],"transform":{"skX":64.3,"skY":64.3},"duration":3},{"curve":[0.264,0,0.617,0.42],"transform":{"skX":35.07,"skY":35.07},"duration":1},{"curve":[0.325,0.3,0.674,0.69],"transform":{"skX":22.65,"skY":22.65},"duration":1},{"curve":[0.382,0.57,0.735,1],"transform":{"skX":33.72,"skY":33.72},"duration":1},{"curve":[0.25,0,0.75,1],"transform":{"skX":65.71,"skY":65.71},"duration":3},{"curve":[0.25,0,0.75,1],"transform":{"skX":48.89,"skY":48.89},"duration":3},{"transform":{"skX":13.89,"skY":13.89},"duration":0}],"name":"Foot_R"},{"frame":[{"curve":[0.25,0,0.75,1],"transform":{"skX":25.88,"skY":25.88},"duration":3},{"curve":[0.25,0,0.75,1],"transform":{"skX":35.35,"skY":35.35},"duration":3},{"curve":[0.25,0,0.75,1],"transform":{"skX":30.68,"skY":30.68},"duration":3},{"curve":[0.25,0,0.75,1],"transform":{"skX":6.63,"skY":6.63},"duration":3},{"curve":[0.25,0,0.75,1],"transform":{"skX":17.66,"skY":17.66},"duration":3},{"curve":[0.264,0,0.617,0.42],"transform":{"skX":16.62,"skY":16.62},"duration":1},{"curve":[0.325,0.3,0.674,0.69],"transform":{"skX":8.78,"skY":8.78},"duration":1},{"curve":[0.382,0.57,0.735,1],"transform":{"skX":-12.53,"skY":-12.53},"duration":1},{"curve":[0.25,0,0.75,1],"transform":{"skX":-28.16,"skY":-28.16},"duration":3},{"curve":[0.25,0,0.75,1],"transform":{"skX":28.78,"skY":28.78},"duration":3},{"transform":{"skX":25.88,"skY":25.88},"duration":0}],"name":"Finger_R"},{"frame":[{"transform":{"y":8.52,"x":11.23},"duration":24},{"transform":{"y":8.52,"x":11.23},"duration":0}],"name":"foot_l"},{"frame":[{"transform":{"y":9.18,"x":8.17},"duration":24},{"transform":{"y":9.18,"x":8.17},"duration":0}],"name":"leg_l"},{"frame":[{"curve":[0.25625,0,0.7175,0.85],"transform":{"scY":1.009,"skX":1.92,"skY":1.92,"scX":0.91},"duration":3},{"curve":[0.25,0,0.75,1],"transform":{"scY":0.953,"skX":9.57,"skY":9.57,"scX":0.815},"duration":3},{"curve":[0.26775,0.0725,0.7265,0.9075],"transform":{"y":-3.45,"skX":62.51,"skY":62.51,"scX":0.995,"x":-17.5},"duration":3},{"curve":[0.28900000000000003,0.155,0.7070000000000001,0.825],"transform":{"y":-5.41,"skX":82.54,"skY":82.54,"scX":0.995,"x":-19.54},"duration":3},{"curve":[0.25625,0,0.7175,0.85],"transform":{"y":-3.1,"skX":81.18,"skY":81.18,"x":-19.68},"duration":3},{"curve":[0.2915,0.165,0.7535000000000001,1],"transform":{"y":-7.36,"skX":57.43,"skY":57.43,"x":-20.69},"duration":3},{"curve":[0.25,0,0.75,1],"transform":{"y":-7.36,"skX":18.72,"skY":18.72,"x":-20.69},"duration":3},{"curve":[0.25,0,0.75,1],"transform":{"y":-7.36,"skX":1.82,"skY":1.82,"x":-20.69},"duration":3},{"transform":{"scY":1.009,"skX":1.92,"skY":1.92,"scX":0.91},"duration":0}],"name":"Thigh_L"},{"frame":[{"curve":[0.25,0,0.75,1],"transform":{"skX":-62.6,"skY":-62.6},"duration":3},{"curve":[0.264,0,0.617,0.42],"transform":{"skX":-48.16,"skY":-48.16},"duration":1},{"curve":[0.325,0.3,0.674,0.69],"transform":{"skX":-45.33,"skY":-45.33},"duration":1},{"curve":[0.382,0.57,0.735,1],"transform":{"skX":-54.96,"skY":-54.96},"duration":1},{"curve":[0.25,0,0.75,1],"transform":{"skX":-71.89,"skY":-71.89},"duration":3},{"curve":[0.25,0,0.75,1],"transform":{"skX":-68.15,"skY":-68.15},"duration":3},{"curve":[0.25,0,0.75,1],"transform":{"skX":-26.37,"skY":-26.37},"duration":3},{"curve":[0.25,0,0.75,1],"transform":{"skX":-5.21,"skY":-5.21},"duration":3},{"curve":[0.25,0,0.75,1],"transform":{"skX":-6.32,"skY":-6.32},"duration":3},{"curve":[0.25,0,0.75,1],"transform":{"skX":-77.45,"skY":-77.45},"duration":3},{"transform":{"skX":-62.6,"skY":-62.6},"duration":0}],"name":"Leg_L"},{"frame":[{"curve":[0.25,0,0.75,1],"transform":{"skX":39.66,"skY":39.66},"duration":3},{"curve":[0.264,0,0.617,0.42],"transform":{"skX":20.13,"skY":20.13},"duration":1},{"curve":[0.325,0.3,0.674,0.69],"transform":{"skX":6.97,"skY":6.97},"duration":1},{"curve":[0.382,0.57,0.735,1],"transform":{"skX":4.05,"skY":4.05},"duration":1},{"curve":[0.25,0,0.75,1],"transform":{"skX":17.3,"skY":17.3},"duration":3},{"curve":[0.25,0,0.75,1],"transform":{"skX":41.62,"skY":41.62},"duration":3},{"curve":[0.25,0,0.75,1],"transform":{"skX":8.89,"skY":8.89},"duration":3},{"curve":[0.25,0,0.75,1],"transform":{"skX":10.37,"skY":10.37},"duration":3},{"curve":[0.25,0,0.75,1],"transform":{"skX":-8.6,"skY":-8.6},"duration":3},{"curve":[0.25,0,0.75,1],"transform":{"skX":37.04,"skY":37.04},"duration":3},{"transform":{"skX":39.66,"skY":39.66},"duration":0}],"name":"Foot_L"},{"frame":[{"curve":[0.25,0,0.75,1],"transform":{"skX":20.86,"skY":20.86},"duration":3},{"curve":[0.264,0,0.617,0.42],"transform":{"skX":22.06,"skY":22.06},"duration":1},{"curve":[0.325,0.3,0.674,0.69],"transform":{"skX":16.36,"skY":16.36},"duration":1},{"curve":[0.382,0.57,0.735,1],"transform":{"skX":2.52,"skY":2.52},"duration":1},{"curve":[0.25,0,0.75,1],"transform":{"skX":-9.03,"skY":-9.03},"duration":3},{"curve":[0.25,0,0.75,1],"transform":{"skX":9.45,"skY":9.45},"duration":3},{"curve":[0.25,0,0.75,1],"transform":{"skX":33.03,"skY":33.03},"duration":3},{"curve":[0.25,0,0.75,1],"transform":{"skX":19.24,"skY":19.24},"duration":3},{"curve":[0.25,0,0.75,1],"transform":{"skX":18.39,"skY":18.39},"duration":3},{"curve":[0.25,0,0.75,1],"transform":{"skX":7.42,"skY":7.42},"duration":3},{"transform":{"skX":20.86,"skY":20.86},"duration":0}],"name":"Finger_L"},{"frame":[{"transform":{},"duration":12},{"transform":{},"duration":12},{"transform":{},"duration":0}],"name":"Foot_R2"},{"frame":[{"transform":{},"duration":24},{"transform":{},"duration":0}],"name":"Finger_R2"},{"frame":[{"curve":[0.25,0,0.625,0.5],"transform":{"scY":0.813,"scX":0.722},"duration":6},{"curve":[0.375,0.5,0.75,1],"transform":{"scY":0.801,"scX":0.595},"duration":6},{"curve":[0.25,0,0.75,1],"transform":{"scY":0.79,"scX":0.431},"duration":12},{"transform":{"scY":0.813,"scX":0.722},"duration":0}],"name":"Kua"},{"frame":[{"transform":{},"duration":24}],"name":"root"},{"frame":[{"transform":{},"duration":24}],"name":"Fuji"},{"frame":[{"transform":{},"duration":24}],"name":"buff_up"},{"frame":[{"transform":{},"duration":24}],"name":"buff_mid"},{"frame":[{"transform":{},"duration":24}],"name":"buff_flo"}],"slot":[{"frame":[{"displayIndex":-1,"tweenEasing":0,"duration":24},{"displayIndex":-1,"tweenEasing":null,"duration":0}],"name":"Eye"},{"frame":[{"tweenEasing":0,"duration":24},{"tweenEasing":null,"duration":0}],"name":"Foot_R"}],"ffd":[],"frame":[],"name":"0001_yidong","duration":24,"ik":[{"frame":[{"tweenEasing":null,"bendPositive":true,"weight":0,"duration":24}],"offset":0,"name":"leg_l","scale":1},{"frame":[{"tweenEasing":null,"bendPositive":true,"weight":0,"duration":24}],"offset":0,"name":"leg_r","scale":1},{"frame":[{"tweenEasing":null,"bendPositive":false,"weight":0,"duration":24}],"offset":0,"name":"foot_r","scale":1},{"frame":[{"tweenEasing":null,"bendPositive":false,"weight":0,"duration":24}],"offset":0,"name":"foot_r2","scale":1},{"frame":[{"tweenEasing":null,"bendPositive":false,"weight":0,"duration":24}],"offset":0,"name":"foot_l","scale":1}]},{"bone":[{"frame":[{"curve":[0.359,0.64,0.695,1],"transform":{"skX":1.86,"skY":1.86},"duration":7},{"curve":[0.25,0,0.875,0.73],"transform":{"skX":-10.78,"skY":-10.78},"duration":3},{"transform":{"skX":-7.22,"skY":-7.22},"duration":12},{"curve":[0.25,0,0.75,1],"transform":{"skX":-7.22,"skY":-7.22},"duration":8},{"transform":{"skX":1.86,"skY":1.86},"duration":0}],"name":"spine"},{"frame":[{"transform":{},"duration":30},{"transform":{},"duration":0}],"name":"Foot_R"},{"frame":[{"curve":[0.381,0.58,0.731,1],"transform":{"y":-0.17,"skX":0.16,"skY":0.16,"x":0.1},"duration":7},{"curve":[0.25,0,0.875,0.73],"transform":{"y":-0.17,"skX":-3.17,"skY":-3.17,"x":0.1},"duration":3},{"curve":[0.25,0,0.75,1],"transform":{"y":-0.17,"skX":-39.75,"skY":-39.75,"x":0.1},"duration":5},{"curve":[0.25,0,0.75,1],"transform":{"y":-0.17,"skX":-43.17,"skY":-43.17,"x":0.1},"duration":7},{"curve":[0.25,0,0.75,1],"transform":{"y":-0.17,"skX":-39.75,"skY":-39.75,"x":0.1},"duration":8},{"transform":{"y":-0.17,"skX":0.16,"skY":0.16,"x":0.1},"duration":0}],"name":"Head"},{"frame":[{"curve":[0.25,0,0.75,1],"transform":{},"duration":7},{"curve":[0.25,0,0.875,0.73],"transform":{"y":-13.86,"skX":-14.53,"skY":-14.53,"x":-26.5},"duration":3},{"transform":{"y":12.96,"skX":19.06,"skY":19.06,"x":25.86},"duration":12},{"curve":[0.25,0,0.75,1],"transform":{"y":12.96,"skX":19.06,"skY":19.06,"x":25.86},"duration":8},{"transform":{},"duration":0}],"name":"bip"},{"frame":[{"curve":[0.375,0.5,0.75,1],"transform":{"skX":3.86,"skY":3.86},"duration":10},{"curve":[0.25,0,0.948,0.8],"transform":{"skX":18.53,"skY":18.53},"duration":3},{"curve":[0.25,0,0.75,1],"transform":{"skX":-8.04,"skY":-8.04},"duration":12},{"curve":[0.25,0,0.75,1],"transform":{"skX":-1.57,"skY":-1.57},"duration":5},{"transform":{"skX":3.86,"skY":3.86},"duration":0}],"name":"Ear_R3"},{"frame":[{"transform":{},"duration":30},{"transform":{},"duration":0}],"name":"Finger_R"},{"frame":[{"transform":{},"duration":30},{"transform":{},"duration":0}],"name":"Foot_L"},{"frame":[{"curve":[0.381,0.58,0.731,1],"transform":{"skX":0.21,"skY":0.21},"duration":7},{"curve":[0.25,0,0.875,0.73],"transform":{"skX":-19.41,"skY":-19.41},"duration":3},{"curve":[0.25,0,0.75,1],"transform":{"skX":-63.01,"skY":-63.01},"duration":5},{"curve":[0.25,0,0.75,1],"transform":{"skX":-65.83,"skY":-65.83},"duration":7},{"curve":[0.25,0,0.75,1],"transform":{"skX":-63.01,"skY":-63.01},"duration":8},{"transform":{"skX":0.21,"skY":0.21},"duration":0}],"name":"Arm_L"},{"frame":[{"curve":[0.374,0.61,0.715,1],"transform":{"skX":1.17,"skY":1.17},"duration":9},{"curve":[0.25,0,0.948,0.8],"transform":{"skX":-17.88,"skY":-17.88},"duration":3},{"curve":[0.25,0,0.75,1],"transform":{"skX":9.91,"skY":9.91},"duration":12},{"curve":[0.25,0,0.75,1],"transform":{"skX":-0.58,"skY":-0.58},"duration":6},{"transform":{"skX":1.17,"skY":1.17},"duration":0}],"name":"Dress2"},{"frame":[{"transform":{},"duration":30},{"transform":{},"duration":0}],"name":"Leg_R"},{"frame":[{"transform":{},"duration":30},{"transform":{},"duration":0}],"name":"Leg_L"},{"frame":[{"curve":[0.25,0,0.75,1],"transform":{"skX":1.31,"skY":1.31},"duration":7},{"curve":[0.25,0,0.875,0.73],"transform":{"skX":-0.85,"skY":-0.85},"duration":3},{"curve":[0.325,0.3,0.662,0.65],"transform":{"skX":16.27,"skY":16.27},"duration":5},{"curve":[0.337,0.34,0.674,0.69],"transform":{"scY":0.97,"skX":16.27,"skY":16.27,"scX":0.97},"duration":7},{"curve":[0.25,0,0.75,1],"transform":{"skX":16.27,"skY":16.27},"duration":8},{"transform":{"skX":1.31,"skY":1.31},"duration":0}],"name":"Body"},{"frame":[{"transform":{},"duration":30},{"transform":{},"duration":0}],"name":"Foot_R2"},{"frame":[{"curve":[0.378,0.52,0.746,1],"transform":{"skX":-2.33,"skY":-2.33},"duration":8},{"curve":[0.25,0,0.948,0.8],"transform":{"skX":4.27,"skY":4.27},"duration":3},{"curve":[0.25,0,0.75,1],"transform":{"skX":-21.32,"skY":-21.32},"duration":12},{"curve":[0.25,0,0.75,1],"transform":{"skX":-14.54,"skY":-14.54},"duration":7},{"transform":{"skX":-2.33,"skY":-2.33},"duration":0}],"name":"Ear_L2"},{"frame":[{"curve":[0.369,0.47,0.752,1],"transform":{"skX":-5.53,"skY":-5.53},"duration":9},{"curve":[0.25,0,0.948,0.8],"transform":{"skX":1.07,"skY":1.07},"duration":3},{"curve":[0.25,0,0.75,1],"transform":{"skX":-13.89,"skY":-13.89},"duration":12},{"curve":[0.25,0,0.75,1],"transform":{"skX":-15.19,"skY":-15.19},"duration":6},{"transform":{"skX":-5.53,"skY":-5.53},"duration":0}],"name":"Ear_L3"},{"frame":[{"curve":[0.27949999999999997,0.155,0.739,1],"transform":{"skX":-0.99,"skY":-0.99},"duration":7},{"curve":[0.268,0.0725,0.8205,0.705],"transform":{"scY":1.029,"y":-2.8,"skX":241.74,"skY":241.74,"scX":1.029,"x":0.5},"duration":3},{"curve":[0.25,0,0.75,1],"transform":{"scY":1.028,"y":-1.18,"skX":27.35,"skY":27.35,"scX":1.028,"x":1.62},"duration":5},{"curve":[0.25,0,0.75,1],"transform":{"scY":1.028,"y":-1.18,"skX":30.28,"skY":30.28,"scX":1.028,"x":1.62},"duration":7},{"curve":[0.27525,0.1,0.7515000000000001,1],"transform":{"scY":1.028,"y":-1.18,"skX":27.35,"skY":27.35,"scX":1.028,"x":1.62},"duration":8},{"transform":{"skX":-0.99,"skY":-0.99},"duration":0}],"name":"UpArm_R"},{"frame":[{"transform":{},"duration":30},{"transform":{},"duration":0}],"name":"Finger_L"},{"frame":[{"curve":[0.381,0.58,0.731,1],"transform":{"skX":0.59,"skY":0.59},"duration":8},{"curve":[0.25,0,0.948,0.8],"transform":{"skX":-344.73,"skY":-344.73},"duration":3},{"curve":[0.25,0,0.75,1],"transform":{"skX":1.43,"skY":1.43},"duration":12},{"curve":[0.25,0,0.75,1],"transform":{"skX":3.95,"skY":3.95},"duration":7},{"transform":{"skX":0.59,"skY":0.59},"duration":0}],"name":"Ear_R"},{"frame":[{"curve":[0.381,0.54,0.742,1],"transform":{"skX":1.6,"skY":1.6},"duration":9},{"curve":[0.25,0,0.948,0.8],"transform":{"skX":16.27,"skY":16.27},"duration":3},{"curve":[0.25,0,0.75,1],"transform":{"skX":-11.29,"skY":-11.29},"duration":12},{"curve":[0.25,0,0.75,1],"transform":{"skX":-2.29,"skY":-2.29},"duration":6},{"transform":{"skX":1.6,"skY":1.6},"duration":0}],"name":"Ear_R2"},{"frame":[{"transform":{},"duration":30},{"transform":{},"duration":0}],"name":"Thigh_R"},{"frame":[{"curve":[0.379,0.6,0.724,1],"transform":{"skX":0.18,"skY":0.18},"duration":7},{"curve":[0.25,0,0.875,0.73],"transform":{"skX":-19.25,"skY":-19.25},"duration":3},{"curve":[0.25,0,0.75,1],"transform":{"skX":-34.76,"skY":-34.76},"duration":5},{"curve":[0.25,0,0.75,1],"transform":{"skX":-37.6,"skY":-37.6},"duration":7},{"curve":[0.25,0,0.75,1],"transform":{"skX":-34.76,"skY":-34.76},"duration":8},{"transform":{"skX":0.18,"skY":0.18},"duration":0}],"name":"Arm_R"},{"frame":[{"curve":[0.374,0.61,0.715,1],"transform":{"skX":1.6,"skY":1.6},"duration":7},{"curve":[0.25,0,0.875,0.73],"transform":{"skX":-1.99,"skY":-1.99},"duration":3},{"curve":[0.25,0,0.75,1],"transform":{"skX":2.25,"skY":2.25},"duration":5},{"curve":[0.25,0,0.75,1],"transform":{"skX":4.84,"skY":4.84},"duration":7},{"curve":[0.25,0,0.75,1],"transform":{"skX":2.25,"skY":2.25},"duration":8},{"transform":{"skX":1.6,"skY":1.6},"duration":0}],"name":"neck"},{"frame":[{"curve":[0.281,0.1525,0.74125,1],"transform":{"skX":0.02,"skY":0.02},"duration":7},{"curve":[0.25,0,0.875,0.73],"transform":{"scY":1.053,"y":-16.05,"skX":-80.78,"skY":-80.78,"scX":1.053,"x":0.14},"duration":3},{"curve":[0.25,0,0.75,1],"transform":{"scY":1.086,"y":-19.56,"skX":-290.42,"skY":-290.42,"scX":1.086,"x":-6.31},"duration":5},{"curve":[0.25,0,0.75,1],"transform":{"scY":1.086,"y":-19.56,"skX":-288.81,"skY":-288.81,"scX":1.086,"x":-6.31},"duration":7},{"curve":[0.25,0,0.75,1],"transform":{"scY":1.086,"y":-19.56,"skX":-290.42,"skY":-290.42,"scX":1.086,"x":-6.31},"duration":8},{"transform":{"skX":0.02,"skY":0.02},"duration":0}],"name":"UpArm_L"},{"frame":[{"transform":{},"duration":30},{"transform":{},"duration":0}],"name":"Thigh_L"},{"frame":[{"curve":[0.382,0.56,0.737,1],"transform":{"skX":1.11,"skY":1.11},"duration":7},{"curve":[0.25,0,0.875,0.73],"transform":{"skX":-37.52,"skY":-37.52},"duration":3},{"curve":[0.25,0,0.75,1],"transform":{"skX":-20.44,"skY":-20.44},"duration":5},{"curve":[0.25,0,0.75,1],"transform":{"skX":-24.49,"skY":-24.49},"duration":7},{"curve":[0.25,0,0.75,1],"transform":{"skX":-20.44,"skY":-20.44},"duration":8},{"transform":{"skX":1.11,"skY":1.11},"duration":0}],"name":"Hand_R"},{"frame":[{"curve":[0.381,0.54,0.742,1],"transform":{"skX":1.24,"skY":1.24},"duration":7},{"curve":[0.25,0,0.875,0.73],"transform":{"skX":-8.51,"skY":-8.51},"duration":3},{"curve":[0.25,0,0.75,1],"transform":{"skX":11.16,"skY":11.16},"duration":5},{"curve":[0.25,0,0.75,1],"transform":{"skX":5.69,"skY":5.69},"duration":7},{"curve":[0.25,0,0.75,1],"transform":{"skX":11.16,"skY":11.16},"duration":8},{"transform":{"skX":1.24,"skY":1.24},"duration":0}],"name":"Hand_L"},{"frame":[{"curve":[0.382,0.56,0.737,1],"transform":{"skX":-0.47,"skY":-0.47},"duration":7},{"curve":[0.25,0,0.948,0.8],"transform":{"skX":6.13,"skY":6.13},"duration":3},{"curve":[0.25,0,0.75,1],"transform":{"skX":-8.83,"skY":-8.83},"duration":12},{"curve":[0.25,0,0.75,1],"transform":{"skX":1.74,"skY":1.74},"duration":8},{"transform":{"skX":-0.47,"skY":-0.47},"duration":0}],"name":"Ear_L"},{"frame":[{"curve":[0.381,0.58,0.731,1],"transform":{"skX":3.68,"skY":3.68},"duration":11},{"curve":[0.25,0,0.948,0.8],"transform":{"skX":-15.37,"skY":-15.37},"duration":3},{"curve":[0.25,0,0.75,1],"transform":{"skX":12.43,"skY":12.43},"duration":12},{"curve":[0.25,0,0.75,1],"transform":{"skX":1.93,"skY":1.93},"duration":4},{"transform":{"skX":3.68,"skY":3.68},"duration":0}],"name":"Dress3"},{"frame":[{"curve":[0.359,0.64,0.695,1],"transform":{"skX":-3.14,"skY":-3.14},"duration":7},{"curve":[0.25,0,0.948,0.8],"transform":{"skX":-22.2,"skY":-22.2},"duration":3},{"curve":[0.25,0,0.75,1],"transform":{"skX":5.59,"skY":5.59},"duration":12},{"curve":[0.25,0,0.75,1],"transform":{"skX":-4.9,"skY":-4.9},"duration":8},{"transform":{"skX":-3.14,"skY":-3.14},"duration":0}],"name":"Dress"},{"frame":[{"transform":{},"duration":7},{"curve":[0.243,0,0.608,0.4],"transform":{},"duration":3},{"transform":{"x":-5.38},"duration":15},{"curve":[0.25,0,0.75,1],"transform":{"x":-5.38},"duration":5},{"transform":{},"duration":0}],"name":"leg_l"},{"frame":[{"transform":{},"duration":7},{"curve":[0.289,0,0.626,0.35],"transform":{},"duration":1},{"curve":[0.29,0.18,0.636,0.54],"transform":{"y":-10.57,"x":3.69},"duration":2},{"transform":{"y":8.08,"x":34.58},"duration":15},{"curve":[0.25,0,0.75,1],"transform":{"y":8.08,"x":34.58},"duration":5},{"transform":{},"duration":0}],"name":"foot_l"},{"frame":[{"transform":{},"duration":30},{"transform":{},"duration":0}],"name":"foot_r"},{"frame":[{"transform":{},"duration":30},{"transform":{},"duration":0}],"name":"foot_r2"},{"frame":[{"transform":{},"duration":30},{"transform":{},"duration":0}],"name":"leg_r"},{"frame":[{"transform":{},"duration":30},{"transform":{},"duration":0}],"name":"Kua"},{"frame":[{"transform":{},"duration":30},{"transform":{},"duration":0}],"name":"Finger_R2"},{"frame":[{"transform":{},"duration":30}],"name":"root"},{"frame":[{"transform":{},"duration":30}],"name":"Fuji"},{"frame":[{"transform":{},"duration":30}],"name":"buff_up"},{"frame":[{"transform":{},"duration":30}],"name":"buff_mid"},{"frame":[{"transform":{},"duration":30}],"name":"buff_flo"}],"slot":[{"frame":[{"displayIndex":-1,"tweenEasing":0,"duration":30},{"displayIndex":-1,"tweenEasing":null,"duration":0}],"name":"Eye"},{"frame":[{"displayIndex":1,"tweenEasing":0,"duration":30},{"displayIndex":1,"tweenEasing":null,"duration":0}],"name":"Foot_R"}],"ffd":[],"frame":[],"name":"0002_shifa","duration":30,"ik":[]}],"skin":[{"slot":[{"display":[{"path":"UpArm_R","type":"image","name":"UpArm_R","transform":{"y":0.61,"skX":-144.6,"skY":-144.6,"x":17.82}}],"name":"UpArm_R"},{"display":[{"vertices":[21.66,-48.59,14.22,-44.08,14.21,-36.63,21.93,-19.56,17.76,-14.12,27.21,-3.57,55.64,-5.62,55.65,-10.21,49.02,-18.68,43.28,-19.54,39.28,-24.13,31.54,-41.64,25.24,-48.59,30.96,-22.13,34.11,-16.54,44.28,-10.5],"uvs":[0.16023,-0.02778,-0.0303,0.0782,-0.0303,0.25297,0.16757,0.65294,0.06124,0.78066,0.30324,1.02778,1.0303,0.97897,1.0303,0.87142,0.86061,0.67311,0.71393,0.65294,0.61127,0.54539,0.41327,0.13534,0.25193,-0.02778,0.39861,0.59245,0.47928,0.72352,0.7396,0.86469],"path":"Foot_L","edges":[1,2,2,3,3,4,4,5,5,6,6,7,7,8,8,9,9,10,10,11,11,12,12,0,0,1],"triangles":[8,15,7,7,15,6,15,5,6,9,15,8,14,5,15,14,15,9,10,14,9,13,14,10,11,13,10,2,3,13,13,3,14,12,0,11,1,2,0,2,0,13,11,0,13,5,4,14,4,3,14],"type":"mesh","transform":{},"slotPose":[1,0,0,1,0,0],"userEdges":[0,13,13,14,14,15,4,14],"width":33,"bonePose":[24,0.46625080800668206,1.0894196546937804,-1.0894196546937804,0.46625080800668206,22.549016850431222,-40.933988436767365,27,0.7952225237052324,0.8785477436041144,-0.8785477436041144,0.7952225237052324,31.29758628826442,-20.79366731609228],"height":36,"name":"Foot_L","weights":[1,24,1,1,24,1,1,24,1,2,24,0.64104,27,0.35895,2,24,0.34529,27,0.6547,2,24,0.03768,27,0.96231,1,27,1,1,27,1,1,27,1,2,24,0.01249,27,0.9875,2,24,0.34598,27,0.65401,1,24,1,1,24,1,1,24,1,1,27,1,1,27,1]}],"name":"Foot_L"},{"display":[{"path":"Hand_R","type":"image","name":"Hand_R","transform":{"y":0.36,"skX":-74.11,"skY":-74.11,"x":9.33}}],"name":"Hand_R"},{"display":[{"vertices":[23.45,-191.94,6.74,-183.36,-22.49,-176.89,-22.5,-153.5,-15.1,-130.12,-22.5,-101.37,4.5,-85.31,31,-92.69,36.35,-122.32,47.93,-145.24,44.59,-151.93,61.63,-168.4,52.85,-191.93,39.25,-173.77,9.18,-167.09,18.54,-155.72,32.78,-151.48,-3.07,-131.44,11.4,-125.89,24.98,-124.32],"uvs":[0.54736,-0.01136,0.34302,0.07104,-0.01449,0.13299,-0.01449,0.35731,0.076,0.58162,-0.01449,0.85722,0.31577,1.01136,0.63999,0.94053,0.70539,0.6564,0.84707,0.43636,0.80621,0.37226,1.01449,0.21417,0.90702,-0.01136,0.74081,0.1629,0.37298,0.22699,0.48742,0.33594,0.6618,0.37654,0.22313,0.56881,0.40023,0.62222,0.56643,0.63717],"path":"Body","edges":[2,3,3,4,4,5,5,6,6,7,7,8,8,9,9,10,10,11,11,12,12,0,0,1,1,2],"triangles":[12,13,11,13,10,11,0,13,12,13,16,10,10,16,9,16,8,9,16,19,8,19,7,8,0,14,13,14,15,13,15,16,13,15,19,16,1,14,0,15,18,19,19,18,7,18,6,7,17,18,15,5,6,18,14,17,15,4,5,17,3,17,14,17,5,18,1,2,14,2,3,14,3,4,17],"type":"mesh","transform":{},"slotPose":[1,0,0,1,0,0],"userEdges":[],"width":69,"bonePose":[17,0.3232490706408262,-1.1400592257991873,1.1400592257991873,0.3232490706408262,11.31278166112608,-127.26686472067406,19,0.7507163694368048,-0.9168696377673452,0.9168696377673452,0.7507163694368048,19.04489943085464,-154.53708140179063,14,0.2277326115689272,-1.1629113713555286,1.1629113713555286,0.2277326115689272,5.048100000000001,-95.21475],"height":88,"name":"Body","weights":[2,17,0.00782,19,0.99217,2,17,0.21525,19,0.78474,1,17,1,2,14,0.05705,17,0.94294,2,14,0.49241,17,0.50758,2,14,0.98708,17,0.01291,1,14,1,2,14,0.99645,17,0.00354,2,14,0.49834,17,0.50164,2,17,0.41837,19,0.58161,2,17,0.2348,19,0.76519,1,19,1,1,19,1,1,19,1,2,17,0.28536,19,0.71463,2,17,0.5,19,0.5,2,17,0.19348,19,0.80651,2,14,0.3593,17,0.64069,2,14,0.5,17,0.5,2,14,0.53955,17,0.46044]}],"name":"Body"},{"display":[{"path":"UpArm_L","type":"image","name":"UpArm_L","transform":{"y":-2.6,"skX":-98.72,"skY":-98.72,"x":19.86}}],"name":"UpArm_L"},{"display":[{"path":"buff_up","type":"image","name":"buff_up","transform":{"y":0.68,"x":0.55}}],"name":"buff_up"},{"display":[{"path":"Eye","type":"image","name":"Eye","transform":{"y":-4.25,"skX":-63.89,"skY":-63.89,"x":14.91}}],"name":"Eye"},{"display":[{"vertices":[-4.23,-260.73,-10.56,-252.65,-10.59,-224.33,13.81,-211.31,31.69,-194.77,48.62,-193.11,48.64,-202.02,27.19,-225.46,8.52,-237.67,1.27,-260.72,0.44,-230.6,21.68,-216.42],"uvs":[0.09016,-0.01818,-0.02083,0.10576,-0.02083,0.54037,0.40832,0.73957,0.72303,0.99309,1.02083,1.01818,1.02083,0.88142,0.64349,0.52226,0.31495,0.33514,0.18699,-0.01818,0.17316,0.44379,0.54666,0.66109],"path":"Ear_R","edges":[1,2,2,3,3,4,4,5,5,6,6,7,7,8,8,9,9,0,0,1],"triangles":[7,11,6,11,3,4,8,11,7,10,3,11,8,10,11,10,2,3,1,2,10,1,0,10,0,10,8,9,0,8,4,11,5,6,11,5],"type":"mesh","transform":{},"slotPose":[1,0,0,1,0,0],"userEdges":[0,10,10,11,11,5],"width":48,"bonePose":[39,-0.03412083355639184,-1.1845086613095817,1.1845086613095817,-0.03412083355639184,-1.5201291535176544,-231.59778482165888,37,-1.000417755971284,-0.6351293675601694,0.6351293675601694,-1.000417755971284,20.579099075888006,-217.56777709225472,33,-0.8955509328343401,-0.776024179197751,0.776024179197751,-0.8955509328343401,48.62179594896651,-193.11106277216192],"height":55,"name":"Ear_R","weights":[1,39,1,1,39,1,2,37,0.65392,39,0.34607,2,33,0.37227,37,0.62772,1,33,1,1,33,1,1,33,0.99999,2,33,0.54094,37,0.45905,2,37,0.50012,39,0.49987,1,39,0.99999,1,37,1,2,33,0.5,37,0.5]}],"name":"Ear_R"},{"display":[{"path":"Thigh_R","type":"image","name":"Thigh_R","transform":{"y":-0.57,"skX":-86.16,"skY":-86.16,"x":23.43}}],"name":"Thigh_R"},{"display":[{"path":"buff_flo","type":"image","name":"buff_flo","transform":{"y":-0.47,"x":0.55}}],"name":"buff_flo"},{"display":[{"path":"Leg_L","type":"image","name":"Leg_L","transform":{"y":0.86,"skX":-152.25,"skY":-152.25,"x":12.08}}],"name":"Leg_L"},{"display":[{"path":"Arm_R","type":"image","name":"Arm_R","transform":{"y":2.76,"skX":-76.93,"skY":-76.93,"x":11.55}}],"name":"Arm_R"},{"display":[{"path":"Thigh_L","type":"image","name":"Thigh_L","transform":{"y":-0.5,"skX":-36.27,"skY":-36.27,"x":19.05}}],"name":"Thigh_L"},{"display":[{"vertices":[65.16,-258.09,53.38,-241.37,53.38,-228.4,60.01,-207.73,53.35,-194.75,59.2,-186.01,69.62,-185.99,74.68,-199.85,74.68,-209.09,68.67,-233.1,74.72,-253.36,72.24,-258.29,60.61,-233.51,68.07,-205.18],"uvs":[0.55784,-0.0141,-0.0625,0.22506,-0.0625,0.41075,0.28808,0.70617,-0.0625,0.89187,0.24658,1.01695,0.79646,1.01695,1.0625,0.81872,1.0625,0.68648,0.74459,0.34323,1.0625,0.05343,0.93134,-0.01695,0.31921,0.3376,0.71346,0.74275],"path":"Ear_L","edges":[1,2,2,3,3,4,4,5,5,6,6,7,7,8,8,9,9,10,10,11,11,0,0,1],"triangles":[5,6,13,8,13,7,13,6,7,4,5,13,3,4,13,1,2,12,1,12,0,0,12,11,11,12,10,12,9,10,12,2,3,12,3,13,12,13,9,9,13,8],"type":"mesh","transform":{},"slotPose":[1,0,0,1,0,0],"userEdges":[11,12,12,13,13,5],"width":16,"bonePose":[35,0.49084682650219913,-1.0785612606211663,1.0785612606211663,0.49084682650219913,59.20302615525824,-186.00620405196491,38,-0.28768072716671544,-1.149549824590839,1.149549824590839,-0.28768072716671544,68.08238015879883,-205.37419317660837,40,0.5681575644032492,-1.03991441090667,1.03991441090667,0.5681575644032492,60.36378894050825,-236.7052029729336],"height":59,"name":"Ear_L","weights":[1,40,0.99999,2,38,0.21554,40,0.78445,2,38,0.99657,40,0.00342,2,35,0.35317,38,0.64682,1,35,1,1,35,1,1,35,1,2,35,0.90134,38,0.09865,2,35,0.1538,38,0.84618,2,38,0.72192,40,0.27805,1,40,1,1,40,1,1,38,1,2,35,0.5,38,0.5]}],"name":"Ear_L"},{"display":[{"vertices":[-48.98,-48.15,-57.17,-44.46,-57.51,-35.98,-50.22,-20,-52.75,-13.63,-46.95,-3.01,-17.28,-3.95,-19.59,-16.51,-28.17,-17.57,-31.92,-22.75,-39.56,-41.5,-45.65,-48.02,-40.58,-21.3,-38.42,-15.94,-31.98,-8.97],"uvs":[0.17514,-0.02778,-0.0303,0.06642,-0.0303,0.26561,0.17208,0.63314,0.11393,0.78464,0.27308,1.02778,1.0303,0.97822,0.95865,0.68644,0.73829,0.66961,0.63728,0.55178,0.42304,0.11973,0.26083,-0.02778,0.41692,0.59386,0.47814,0.71731,0.64953,0.87442],"path":"Foot_L","edges":[1,2,2,3,3,4,4,5,5,6,6,7,7,8,8,9,9,10,10,11,11,0,0,1],"triangles":[14,5,6,7,14,6,8,14,7,10,12,9,9,13,8,13,14,8,13,5,14,12,13,9,2,3,12,4,5,13,12,3,13,3,4,13,11,0,10,1,2,0,2,0,12,0,12,10],"type":"mesh","transform":{},"slotPose":[1,0,0,1,0,0],"userEdges":[0,12,12,13,13,14],"width":33,"bonePose":[20,0.3940010747748818,1.1175813854374266,-1.1175813854374266,0.3940010747748818,-46.28123589780134,-41.127954441533014,30,0.9036281868820224,0.7666036132658838,-0.7666036132658838,0.9036281868820224,-38.52263581668053,-19.29893840997007],"height":36,"name":"Foot_L","weights":[1,20,1,1,20,1,1,20,1,2,20,0.78849,30,0.2115,2,20,0.38921,30,0.61078,2,20,0.04778,30,0.95221,1,30,1,1,30,1,2,20,0.03286,30,0.96713,2,20,0.42679,30,0.5732,1,20,1,1,20,1,1,20,1,1,30,1,1,30,1]},{"vertices":[-53.65,-49.76,-59.19,-21.08,-65.14,-14.42,-65.13,-7.41,-58.47,2.36,-26.04,2.37,-27.78,-10.69,-38.78,-13.23,-41.68,-18.18,-35.4,-38.96,-41.32,-49.78,-50.62,-18.79,-51.23,-11.78,-46.03,-6.21,-33.1,-1.38],"uvs":[0.28093,-0.02381,0.12957,0.55272,-0.03226,0.68629,-0.03226,0.82715,0.14932,1.02381,1.03226,1.02381,0.98506,0.76157,0.68563,0.71057,0.60666,0.61101,0.77776,0.19329,0.61654,-0.02381,0.36319,0.59886,0.34673,0.73972,0.48822,0.85143,0.84028,0.94857],"path":"Foot_R","edges":[2,3,3,4,4,5,5,6,6,7,7,8,8,9,9,10,10,0,0,1,1,2],"triangles":[14,4,5,6,14,5,7,14,6,11,8,9,13,4,14,7,13,14,0,1,11,8,12,7,12,13,7,11,12,8,12,4,13,3,4,12,1,12,11,1,2,12,2,3,12,0,10,11,11,10,9],"type":"mesh","transform":{},"slotPose":[1,0,0,1,0,0],"userEdges":[10,11,11,12,12,13,13,14],"width":31,"bonePose":[22,-0.3096961276390181,1.1438152423033174,-1.1438152423033174,-0.3096961276390181,-46.21266502107949,-41.095468177272615,32,0.7683370409778965,0.9021547491762874,-0.9021547491762874,0.7683370409778965,-53.26155492913964,-14.608052010032978],"height":42,"name":"Foot_R","weights":[1,22,1,2,22,0.9267,32,0.07329,2,22,0.45292,32,0.54707,2,22,0.21736,32,0.78263,2,22,0.00897,32,0.99102,1,32,1,1,32,1,2,22,0.12282,32,0.87717,2,22,0.62176,32,0.37823,1,22,1,1,22,1,2,22,0.94388,32,0.05611,1,32,1,2,22,0.00235,32,0.99764,1,32,1]}],"name":"Foot_R"},{"display":[{"path":"Head","type":"image","name":"Head","transform":{"y":5.84,"skX":-63.89,"skY":-63.89,"x":11.67}}],"name":"Head"},{"display":[{"path":"Arm_L","type":"image","name":"Arm_L","transform":{"y":2.8,"skX":-35.16,"skY":-35.16,"x":11.22}}],"name":"Arm_L"},{"display":[{"path":"Leg_R","type":"image","name":"Leg_R","transform":{"y":1.95,"skX":-166.67,"skY":-166.67,"x":12.94}}],"name":"Leg_R"},{"display":[{"path":"buff_mid","type":"image","name":"buff_mid","transform":{"y":-0.52,"x":-0.51}}],"name":"buff_mid"},{"display":[{"path":"Hand_L","type":"image","name":"Hand_L","transform":{"y":-1.65,"skX":-58.92,"skY":-58.92,"x":8.74}}],"name":"Hand_L"},{"display":[{"path":"Kua","type":"image","name":"Kua","transform":{"y":-0.12,"skX":-93.93,"skY":-93.93,"x":10.04}}],"name":"Kua"},{"display":[{"vertices":[-16.44,-111.39,-21.31,-101.94,-9.77,-88.86,-4.17,-71.27,0.94,-51.5,17.16,-28.45,29.62,-46.18,29.63,-68.21,29.16,-95.15,24.74,-107.43,12.35,-100.36,-1.51,-103.12,-13.3,-111.39,-5.05,-93.09,9.01,-90.83,20.41,-92.99,14.02,-69.88,16.67,-48.84,-11.65,-100.07],"uvs":[0.07554,-0.01471,-0.02439,0.10249,0.2132,0.26483,0.32859,0.48331,0.43385,0.72864,0.76787,1.01471,1.02439,0.79456,1.02439,0.52114,1.01485,0.18671,0.92375,0.03414,0.66868,0.12202,0.38324,0.08784,0.14032,-0.01471,0.31037,0.21234,0.59985,0.24041,0.83468,0.21357,0.7031,0.5004,0.75775,0.7616,0.17459,0.12572],"path":"Dress","edges":[1,2,2,3,3,4,4,5,5,6,6,7,7,8,8,9,9,10,10,11,11,12,12,0,0,1],"triangles":[15,16,7,16,17,7,15,7,8,9,15,8,7,17,6,17,5,6,14,16,15,10,15,9,16,4,17,17,4,5,10,14,15,14,3,16,3,4,16,13,3,14,11,14,10,13,2,3,11,13,14,18,13,11,12,18,11,18,2,13,12,0,18,0,1,18,18,1,2],"type":"mesh","transform":{},"slotPose":[1,0,0,1,0,0],"userEdges":[14,16,16,17,17,5],"width":41,"bonePose":[14,0.2277326115689272,-1.1629113713555286,1.1629113713555286,0.2277326115689272,5.048100000000001,-95.21475,18,0.27562711585593164,1.1524993245138762,-1.1524993245138762,0.27562711585593164,9.007195863117467,-90.82899187948696,23,0.09421108096057684,1.181249030570709,-1.181249030570709,0.09421108096057684,14.137373125911308,-69.17402948048212,29,0.10121905391778048,1.1806691759862242,-1.1806691759862242,0.10121905391778048,15.689029629332008,-49.71885794698254],"height":68,"name":"Dress","weights":[1,14,1,2,14,0.7,18,0.3,2,14,0.2,18,0.8,2,18,0.4266,23,0.57339,3,18,0.00011,23,0.7864,29,0.21348,1,29,1,2,23,0.30193,29,0.69806,3,18,0.50132,23,0.49502,29,0.00364,2,14,0.3,18,0.7,1,14,1,2,14,0.8,18,0.2,2,14,0.9,18,0.1,1,14,1,2,14,0.5,18,0.5,2,14,0.5,18,0.5,2,14,0.5,18,0.5,2,18,0.5,23,0.5,2,23,0.5,29,0.5,2,14,0.5,18,0.5]}],"name":"Dress"}],"name":""}],"defaultActions":[{"gotoAndPlay":"0000_daiji"}],"aabb":{"width":137.3786686594666,"y":-266.91065000000003,"height":274.3537,"x":-62.437400466862755},"slot":[{"name":"UpArm_L","parent":"UpArm_L","color":{}},{"z":1,"name":"Arm_L","parent":"Arm_L","color":{}},{"z":2,"name":"Hand_L","parent":"Hand_L","color":{}},{"z":3,"name":"Kua","parent":"Kua","color":{}},{"z":4,"name":"Leg_L","parent":"Leg_L","color":{}},{"z":5,"name":"Foot_L","parent":"Foot_L","color":{}},{"z":6,"name":"Thigh_L","parent":"Thigh_L","color":{}},{"z":7,"name":"Body","parent":"Body","color":{}},{"z":8,"displayIndex":1,"name":"Foot_R","parent":"Foot_R2","color":{}},{"z":9,"name":"Leg_R","parent":"Leg_R","color":{}},{"z":10,"name":"Thigh_R","parent":"Thigh_R","color":{}},{"z":11,"name":"Dress","parent":"Dress","color":{}},{"z":12,"name":"UpArm_R","parent":"UpArm_R","color":{}},{"z":13,"name":"Arm_R","parent":"Arm_R","color":{}},{"z":14,"name":"Hand_R","parent":"Hand_R","color":{}},{"z":15,"name":"Ear_L","parent":"Ear_L","color":{}},{"z":16,"name":"Head","parent":"Head","color":{}},{"z":17,"name":"Eye","parent":"Head","color":{}},{"z":18,"name":"Ear_R","parent":"Ear_R","color":{}},{"z":19,"name":"buff_flo","parent":"buff_flo","color":{"aM":0}},{"z":20,"name":"buff_mid","parent":"buff_mid","color":{"aM":0}},{"z":21,"name":"buff_up","parent":"buff_up","color":{"aM":0}}],"name":"armatureName","ik":[{"chain":1,"bone":"Leg_L","name":"leg_l","target":"leg_l"},{"chain":1,"bone":"Leg_R","name":"leg_r","target":"leg_r"},{"chain":1,"bone":"Finger_R","name":"foot_r","bendPositive":"false","target":"foot_r"},{"chain":1,"bone":"Finger_R2","name":"foot_r2","bendPositive":"false","target":"foot_r2"},{"chain":1,"bone":"Finger_L","name":"foot_l","bendPositive":"false","target":"foot_l"}]}],"name":"cw_007_mohu_cj","version":"4.0"}