{"frameRate":30,"isGlobal":0,"armature":[{"defaultActions":[{"gotoAndPlay":"000_heidong_yanshi"}],"animation":[{"frame":[],"duration":60,"slot":[{"frame":[{"tweenEasing":0,"duration":15,"color":{"aM":0}},{"tweenEasing":0,"duration":13},{"tweenEasing":0,"duration":2,"color":{"rM":98}},{"tweenEasing":0,"duration":15,"color":{"bM":0,"gM":6}},{"tweenEasing":0,"duration":15,"color":{"bM":5,"gM":0}},{"tweenEasing":null,"duration":0,"color":{"aM":0}}],"name":"dark01@2x"},{"frame":[{"tweenEasing":0,"duration":28,"color":{"aM":0}},{"tweenEasing":0,"duration":2},{"tweenEasing":0,"duration":15,"color":{"bM":0,"gM":0}},{"tweenEasing":0,"duration":15,"color":{"bM":1,"gM":0}},{"tweenEasing":null,"duration":0,"color":{"aM":0}}],"name":"dark01@2x2"},{"frame":[{"tweenEasing":0,"duration":15,"color":{"aM":0}},{"tweenEasing":null,"duration":35},{"tweenEasing":0,"duration":10},{"tweenEasing":null,"duration":0,"color":{"aM":0}}],"name":"dark01@2x3"},{"frame":[{"tweenEasing":0,"duration":15,"color":{"aM":0}},{"tweenEasing":0,"duration":15},{"tweenEasing":0,"duration":2,"color":{"bM":0,"gM":8}},{"tweenEasing":0,"duration":13,"color":{"bM":98,"rM":99}},{"tweenEasing":0,"duration":15},{"tweenEasing":null,"duration":0,"color":{"aM":0}}],"name":"dark02@2x"},{"frame":[{"tweenEasing":0,"duration":15,"color":{"aM":0}},{"tweenEasing":0,"duration":15},{"tweenEasing":0,"duration":2,"color":{"bM":2,"gM":0}},{"tweenEasing":0,"duration":13,"color":{"bM":99,"rM":99}},{"tweenEasing":0,"duration":15},{"tweenEasing":null,"duration":0,"color":{"aM":0}}],"name":"dark02@2x2"},{"frame":[{"tweenEasing":0,"displayIndex":-1,"duration":15,"color":{"aM":0}},{"tweenEasing":null,"displayIndex":-1,"duration":15},{"tweenEasing":0,"duration":15},{"tweenEasing":0,"duration":15},{"tweenEasing":null,"duration":0,"color":{"aM":0}}],"name":"fangshe1"},{"frame":[{"tweenEasing":0,"displayIndex":-1,"duration":15,"color":{"aM":0}},{"tweenEasing":null,"displayIndex":-1,"duration":15},{"tweenEasing":0,"duration":15},{"tweenEasing":0,"duration":15},{"tweenEasing":null,"duration":0,"color":{"aM":0}}],"name":"fangshe2"},{"frame":[{"tweenEasing":0,"displayIndex":-1,"duration":30,"color":{"aM":0}},{"tweenEasing":0,"displayIndex":4,"duration":3},{"tweenEasing":0,"displayIndex":5,"duration":3},{"tweenEasing":0,"duration":3},{"tweenEasing":0,"displayIndex":1,"duration":3},{"tweenEasing":0,"displayIndex":2,"duration":3},{"tweenEasing":0,"displayIndex":3,"duration":3},{"tweenEasing":0,"displayIndex":4,"duration":3},{"tweenEasing":0,"displayIndex":5,"duration":3},{"tweenEasing":0,"duration":3},{"tweenEasing":0,"displayIndex":1,"duration":3},{"tweenEasing":null,"displayIndex":2,"duration":0,"color":{"aM":0}}],"name":"guangqiu_eff/0_00000 (3)"},{"frame":[{"tweenEasing":0,"displayIndex":-1,"duration":30},{"tweenEasing":0,"duration":1},{"tweenEasing":0,"displayIndex":1,"duration":4},{"tweenEasing":null,"displayIndex":1,"duration":1,"color":{"aM":0}},{"tweenEasing":0,"duration":2},{"tweenEasing":0,"displayIndex":1,"duration":7},{"tweenEasing":null,"displayIndex":1,"duration":15,"color":{"aM":0}}],"name":"lightning01-1"},{"frame":[{"tweenEasing":0,"displayIndex":-1,"duration":30},{"tweenEasing":0,"duration":1},{"tweenEasing":0,"displayIndex":1,"duration":4},{"tweenEasing":null,"displayIndex":1,"duration":1,"color":{"aM":0}},{"tweenEasing":0,"duration":2},{"tweenEasing":0,"displayIndex":1,"duration":7},{"tweenEasing":null,"displayIndex":1,"duration":15,"color":{"aM":0}}],"name":"lightning02-1"},{"frame":[{"tweenEasing":0,"displayIndex":-1,"duration":30},{"tweenEasing":0,"duration":1},{"tweenEasing":0,"displayIndex":1,"duration":4},{"tweenEasing":null,"displayIndex":1,"duration":1,"color":{"aM":0}},{"tweenEasing":0,"duration":2},{"tweenEasing":0,"displayIndex":1,"duration":7},{"tweenEasing":null,"displayIndex":1,"duration":15,"color":{"aM":0}}],"name":"lightning03-1"},{"frame":[{"tweenEasing":0,"duration":15,"color":{"aM":0}},{"tweenEasing":null,"duration":30},{"tweenEasing":0,"duration":15},{"tweenEasing":null,"duration":0,"color":{"aM":0}}],"name":"zi_fangshe_03_eff_04"}],"ffd":[],"bone":[{"frame":[{"tweenEasing":0,"duration":30,"transform":{}},{"tweenEasing":0,"duration":3,"transform":{"skX":90,"skY":90}},{"tweenEasing":0,"duration":2,"transform":{"scY":1.185,"skX":90,"skY":90,"scX":1.185}},{"tweenEasing":0,"duration":5,"transform":{"scY":1.185,"skX":180,"skY":180,"scX":1.185}},{"tweenEasing":0,"duration":5,"transform":{"scY":1.185,"skX":-90,"skY":-90,"scX":1.185}},{"tweenEasing":0,"duration":5,"transform":{"scY":1.185,"scX":1.185}},{"tweenEasing":0,"duration":5,"transform":{"scY":1.185,"skX":90,"skY":90,"scX":1.185}},{"tweenEasing":0,"duration":5,"transform":{"scY":1.185,"skX":180,"skY":180,"scX":1.185}},{"duration":0,"transform":{"skX":270,"skY":270}}],"name":"dark01@2x3"},{"frame":[{"tweenEasing":0,"duration":30,"transform":{"skX":-180,"skY":-180}},{"tweenEasing":0,"duration":30,"transform":{"skX":90,"skY":90}},{"duration":0,"transform":{}}],"name":"dark01@2x2"},{"frame":[{"tweenEasing":0,"duration":60,"transform":{"skX":-180,"skY":-180}},{"duration":0,"transform":{}}],"name":"dark01@2x"},{"frame":[{"curve":[0.25,0,1,0.54],"duration":10,"transform":{"y":-382.99,"x":-2.705}},{"curve":[0,0.8,0.75,1],"duration":18,"transform":{"y":36.15,"x":0.255}},{"tweenEasing":0,"duration":2,"transform":{"y":-28.49,"x":-0.2}},{"tweenEasing":0,"duration":2,"transform":{"scY":1.437,"y":28.92,"x":0.205}},{"tweenEasing":0,"duration":2,"transform":{"scY":1.358,"y":28.92,"x":0.205}},{"tweenEasing":0,"duration":2,"transform":{"scY":1.488,"y":28.92,"x":0.205}},{"tweenEasing":0,"duration":2,"transform":{"scY":1.358,"y":28.92,"x":0.205}},{"tweenEasing":0,"duration":2,"transform":{"scY":1.488,"y":28.92,"x":0.205}},{"tweenEasing":0,"duration":2,"transform":{"scY":1.358,"y":28.92,"x":0.205}},{"tweenEasing":0,"duration":2,"transform":{"scY":1.488,"y":28.92,"x":0.205}},{"tweenEasing":0,"duration":2,"transform":{"scY":1.358,"y":28.92,"x":0.205}},{"tweenEasing":0,"duration":14,"transform":{"scY":1.488,"y":28.92,"x":0.205}},{"duration":0,"transform":{"scY":1.437,"y":29.695,"x":0.21}}],"name":"dark02@2x"},{"frame":[{"curve":[0.25,0,1,0.54],"duration":10,"transform":{"y":-382.775,"x":-2.715}},{"curve":[0,0.8,0.75,1],"duration":18,"transform":{"y":46.395,"x":0.325}},{"tweenEasing":0,"duration":2,"transform":{"y":-18.765,"x":-0.13}},{"tweenEasing":0,"duration":2,"transform":{"scY":-1.491,"y":-41.495,"skX":2.81,"skY":2.81,"x":3.125}},{"tweenEasing":0,"duration":2,"transform":{"scY":-1.572,"y":-41.495,"skX":2.81,"skY":2.81,"x":3.125}},{"tweenEasing":0,"duration":2,"transform":{"scY":-1.424,"y":-41.495,"skX":2.81,"skY":2.81,"x":3.125}},{"tweenEasing":0,"duration":2,"transform":{"scY":-1.572,"y":-41.495,"skX":2.81,"skY":2.81,"x":3.125}},{"tweenEasing":0,"duration":2,"transform":{"scY":-1.424,"y":-41.495,"skX":2.81,"skY":2.81,"x":3.125}},{"tweenEasing":0,"duration":2,"transform":{"scY":-1.572,"y":-41.495,"skX":2.81,"skY":2.81,"x":3.125}},{"tweenEasing":0,"duration":2,"transform":{"scY":-1.424,"y":-41.495,"skX":2.81,"skY":2.81,"x":3.125}},{"tweenEasing":0,"duration":2,"transform":{"scY":-1.572,"y":-41.495,"skX":2.81,"skY":2.81,"x":3.125}},{"tweenEasing":0,"duration":14,"transform":{"scY":-1.424,"y":-41.495,"skX":2.81,"skY":2.81,"x":3.125}},{"duration":0,"transform":{"scY":-1.491,"y":-42.005,"skX":2.81,"skY":2.81,"x":3.155}}],"name":"dark02@2x2"},{"frame":[{"tweenEasing":0,"duration":15,"transform":{}},{"tweenEasing":0,"duration":15,"transform":{"skX":90,"skY":90}},{"tweenEasing":0,"duration":30,"transform":{"skX":-180,"skY":-180}},{"duration":0,"transform":{}}],"name":"zi_fangshe_03_eff_04"},{"frame":[{"tweenEasing":0,"duration":30,"transform":{"scY":1.5,"scX":1.5}},{"curve":[0,0.66,0.75,1],"duration":30,"transform":{}},{"duration":0,"transform":{"scY":0.7,"scX":0.7}}],"name":"guangqiu_eff"},{"frame":[{"duration":30,"transform":{}},{"duration":1,"transform":{}},{"duration":4,"transform":{}},{"duration":1,"transform":{}},{"duration":2,"transform":{}},{"duration":7,"transform":{}},{"duration":15,"transform":{}},{"duration":0,"transform":{}}],"name":"leidian3"},{"frame":[{"duration":30,"transform":{}},{"duration":1,"transform":{}},{"duration":4,"transform":{}},{"duration":1,"transform":{}},{"duration":2,"transform":{}},{"duration":7,"transform":{}},{"duration":15,"transform":{}},{"duration":0,"transform":{}}],"name":"leidian2"},{"frame":[{"duration":30,"transform":{}},{"duration":1,"transform":{}},{"duration":4,"transform":{}},{"duration":1,"transform":{}},{"duration":2,"transform":{}},{"duration":7,"transform":{}},{"duration":15,"transform":{}},{"duration":0,"transform":{}}],"name":"leidian1"},{"frame":[{"duration":60,"transform":{}}],"name":"root"},{"frame":[{"duration":60,"transform":{}}],"name":"fangshe2"}],"name":"000_heidong_yanshi","ik":[]},{"frame":[],"duration":60,"slot":[{"frame":[{"tweenEasing":null,"duration":60,"color":{"aM":0}}],"name":"dark01@2x"},{"frame":[{"tweenEasing":null,"duration":60,"color":{"aM":0}}],"name":"dark01@2x2"},{"frame":[{"tweenEasing":0,"duration":15,"color":{"aM":0}},{"tweenEasing":null,"duration":35},{"tweenEasing":0,"duration":10},{"tweenEasing":null,"duration":0,"color":{"aM":0}}],"name":"dark01@2x3"},{"frame":[{"tweenEasing":null,"duration":60,"color":{"aM":0}}],"name":"dark02@2x"},{"frame":[{"tweenEasing":null,"duration":60,"color":{"aM":0}}],"name":"dark02@2x2"},{"frame":[{"tweenEasing":null,"displayIndex":-1,"duration":60,"color":{"aM":0}}],"name":"fangshe1"},{"frame":[{"tweenEasing":null,"displayIndex":-1,"duration":60,"color":{"aM":0}}],"name":"fangshe2"},{"frame":[{"tweenEasing":null,"displayIndex":-1,"duration":60,"color":{"aM":0}}],"name":"guangqiu_eff/0_00000 (3)"},{"frame":[{"tweenEasing":0,"displayIndex":-1,"duration":30},{"tweenEasing":0,"duration":1},{"tweenEasing":0,"displayIndex":1,"duration":4},{"tweenEasing":null,"displayIndex":1,"duration":1,"color":{"aM":0}},{"tweenEasing":0,"duration":2},{"tweenEasing":0,"displayIndex":1,"duration":7},{"tweenEasing":null,"displayIndex":1,"duration":15,"color":{"aM":0}}],"name":"lightning01-1"},{"frame":[{"tweenEasing":0,"displayIndex":-1,"duration":30},{"tweenEasing":0,"duration":1},{"tweenEasing":0,"displayIndex":1,"duration":4},{"tweenEasing":null,"displayIndex":1,"duration":1,"color":{"aM":0}},{"tweenEasing":0,"duration":2},{"tweenEasing":0,"displayIndex":1,"duration":7},{"tweenEasing":null,"displayIndex":1,"duration":15,"color":{"aM":0}}],"name":"lightning02-1"},{"frame":[{"tweenEasing":0,"displayIndex":-1,"duration":30},{"tweenEasing":0,"duration":1},{"tweenEasing":0,"displayIndex":1,"duration":4},{"tweenEasing":null,"displayIndex":1,"duration":1,"color":{"aM":0}},{"tweenEasing":0,"duration":2},{"tweenEasing":0,"displayIndex":1,"duration":7},{"tweenEasing":null,"displayIndex":1,"duration":15,"color":{"aM":0}}],"name":"lightning03-1"},{"frame":[{"tweenEasing":null,"duration":60,"color":{"aM":0}}],"name":"zi_fangshe_03_eff_04"}],"ffd":[],"bone":[{"frame":[{"tweenEasing":0,"duration":30,"transform":{}},{"tweenEasing":0,"duration":3,"transform":{"skX":90,"skY":90}},{"tweenEasing":0,"duration":2,"transform":{"scY":1.185,"skX":90,"skY":90,"scX":1.185}},{"tweenEasing":0,"duration":5,"transform":{"scY":1.185,"skX":180,"skY":180,"scX":1.185}},{"tweenEasing":0,"duration":5,"transform":{"scY":1.185,"skX":-90,"skY":-90,"scX":1.185}},{"tweenEasing":0,"duration":5,"transform":{"scY":1.185,"scX":1.185}},{"tweenEasing":0,"duration":5,"transform":{"scY":1.185,"skX":90,"skY":90,"scX":1.185}},{"tweenEasing":0,"duration":5,"transform":{"scY":1.185,"skX":180,"skY":180,"scX":1.185}},{"duration":0,"transform":{"skX":270,"skY":270}}],"name":"dark01@2x3"},{"frame":[{"duration":60,"transform":{"skX":-180,"skY":-180}}],"name":"dark01@2x2"},{"frame":[{"duration":60,"transform":{"skX":-180,"skY":-180}}],"name":"dark01@2x"},{"frame":[{"duration":60,"transform":{"y":-382.99,"x":-2.705}}],"name":"dark02@2x"},{"frame":[{"duration":60,"transform":{"y":-382.775,"x":-2.715}}],"name":"dark02@2x2"},{"frame":[{"duration":60,"transform":{}}],"name":"zi_fangshe_03_eff_04"},{"frame":[{"duration":60,"transform":{"scY":1.5,"scX":1.5}}],"name":"guangqiu_eff"},{"frame":[{"duration":30,"transform":{}},{"duration":1,"transform":{}},{"duration":4,"transform":{}},{"duration":1,"transform":{}},{"duration":2,"transform":{}},{"duration":7,"transform":{}},{"duration":15,"transform":{}},{"duration":0,"transform":{}}],"name":"leidian3"},{"frame":[{"duration":30,"transform":{}},{"duration":1,"transform":{}},{"duration":4,"transform":{}},{"duration":1,"transform":{}},{"duration":2,"transform":{}},{"duration":7,"transform":{}},{"duration":15,"transform":{}},{"duration":0,"transform":{}}],"name":"leidian2"},{"frame":[{"duration":30,"transform":{}},{"duration":1,"transform":{}},{"duration":4,"transform":{}},{"duration":1,"transform":{}},{"duration":2,"transform":{}},{"duration":7,"transform":{}},{"duration":15,"transform":{}},{"duration":0,"transform":{}}],"name":"leidian1"},{"frame":[{"duration":60,"transform":{}}],"name":"root"},{"frame":[{"duration":60,"transform":{}}],"name":"fangshe2"}],"name":"001_heidong_qian","ik":[]},{"frame":[],"duration":60,"slot":[{"frame":[{"tweenEasing":0,"duration":15,"color":{"aM":0}},{"tweenEasing":0,"duration":13},{"tweenEasing":0,"duration":2,"color":{"rM":98}},{"tweenEasing":0,"duration":15,"color":{"bM":0,"gM":6}},{"tweenEasing":0,"duration":15,"color":{"bM":5,"gM":0}},{"tweenEasing":null,"duration":0,"color":{"aM":0}}],"name":"dark01@2x"},{"frame":[{"tweenEasing":0,"duration":28,"color":{"aM":0}},{"tweenEasing":0,"duration":2},{"tweenEasing":0,"duration":15,"color":{"bM":0,"gM":0}},{"tweenEasing":0,"duration":15,"color":{"bM":1,"gM":0}},{"tweenEasing":null,"duration":0,"color":{"aM":0}}],"name":"dark01@2x2"},{"frame":[{"tweenEasing":null,"duration":60,"color":{"aM":0}}],"name":"dark01@2x3"},{"frame":[{"tweenEasing":0,"duration":15,"color":{"aM":0}},{"tweenEasing":0,"duration":15},{"tweenEasing":0,"duration":2,"color":{"bM":0,"gM":8}},{"tweenEasing":0,"duration":13,"color":{"bM":98,"rM":99}},{"tweenEasing":0,"duration":15},{"tweenEasing":null,"duration":0,"color":{"aM":0}}],"name":"dark02@2x"},{"frame":[{"tweenEasing":0,"duration":15,"color":{"aM":0}},{"tweenEasing":0,"duration":15},{"tweenEasing":0,"duration":2,"color":{"bM":2,"gM":0}},{"tweenEasing":0,"duration":13,"color":{"bM":99,"rM":99}},{"tweenEasing":0,"duration":15},{"tweenEasing":null,"duration":0,"color":{"aM":0}}],"name":"dark02@2x2"},{"frame":[{"tweenEasing":0,"displayIndex":-1,"duration":15,"color":{"aM":0}},{"tweenEasing":null,"displayIndex":-1,"duration":15},{"tweenEasing":0,"duration":15},{"tweenEasing":0,"duration":15},{"tweenEasing":null,"duration":0,"color":{"aM":0}}],"name":"fangshe1"},{"frame":[{"tweenEasing":0,"displayIndex":-1,"duration":15,"color":{"aM":0}},{"tweenEasing":null,"displayIndex":-1,"duration":15},{"tweenEasing":0,"duration":15},{"tweenEasing":0,"duration":15},{"tweenEasing":null,"duration":0,"color":{"aM":0}}],"name":"fangshe2"},{"frame":[{"tweenEasing":0,"displayIndex":-1,"duration":30,"color":{"aM":0}},{"tweenEasing":0,"displayIndex":4,"duration":3},{"tweenEasing":0,"displayIndex":5,"duration":3},{"tweenEasing":0,"duration":3},{"tweenEasing":0,"displayIndex":1,"duration":3},{"tweenEasing":0,"displayIndex":2,"duration":3},{"tweenEasing":0,"displayIndex":3,"duration":3},{"tweenEasing":0,"displayIndex":4,"duration":3},{"tweenEasing":0,"displayIndex":5,"duration":3},{"tweenEasing":0,"duration":3},{"tweenEasing":0,"displayIndex":1,"duration":3},{"tweenEasing":null,"displayIndex":2,"duration":0,"color":{"aM":0}}],"name":"guangqiu_eff/0_00000 (3)"},{"frame":[{"tweenEasing":0,"duration":15,"color":{"aM":0}},{"tweenEasing":null,"duration":30},{"tweenEasing":0,"duration":15},{"tweenEasing":null,"duration":0,"color":{"aM":0}}],"name":"zi_fangshe_03_eff_04"}],"ffd":[],"bone":[{"frame":[{"duration":60,"transform":{}}],"name":"dark01@2x3"},{"frame":[{"tweenEasing":0,"duration":30,"transform":{"skX":-180,"skY":-180}},{"tweenEasing":0,"duration":30,"transform":{"skX":90,"skY":90}},{"duration":0,"transform":{}}],"name":"dark01@2x2"},{"frame":[{"tweenEasing":0,"duration":60,"transform":{"skX":-180,"skY":-180}},{"duration":0,"transform":{}}],"name":"dark01@2x"},{"frame":[{"curve":[0.25,0,1,0.54],"duration":10,"transform":{"y":-382.99,"x":-2.705}},{"curve":[0,0.8,0.75,1],"duration":18,"transform":{"y":36.15,"x":0.255}},{"tweenEasing":0,"duration":2,"transform":{"y":-28.49,"x":-0.2}},{"tweenEasing":0,"duration":2,"transform":{"scY":1.437,"y":28.92,"x":0.205}},{"tweenEasing":0,"duration":2,"transform":{"scY":1.358,"y":28.92,"x":0.205}},{"tweenEasing":0,"duration":2,"transform":{"scY":1.488,"y":28.92,"x":0.205}},{"tweenEasing":0,"duration":2,"transform":{"scY":1.358,"y":28.92,"x":0.205}},{"tweenEasing":0,"duration":2,"transform":{"scY":1.488,"y":28.92,"x":0.205}},{"tweenEasing":0,"duration":2,"transform":{"scY":1.358,"y":28.92,"x":0.205}},{"tweenEasing":0,"duration":2,"transform":{"scY":1.488,"y":28.92,"x":0.205}},{"tweenEasing":0,"duration":2,"transform":{"scY":1.358,"y":28.92,"x":0.205}},{"tweenEasing":0,"duration":14,"transform":{"scY":1.488,"y":28.92,"x":0.205}},{"duration":0,"transform":{"scY":1.437,"y":29.695,"x":0.21}}],"name":"dark02@2x"},{"frame":[{"curve":[0.25,0,1,0.54],"duration":10,"transform":{"y":-382.775,"x":-2.715}},{"curve":[0,0.8,0.75,1],"duration":18,"transform":{"y":46.395,"x":0.325}},{"tweenEasing":0,"duration":2,"transform":{"y":-18.765,"x":-0.13}},{"tweenEasing":0,"duration":2,"transform":{"scY":-1.491,"y":-41.495,"skX":2.81,"skY":2.81,"x":3.125}},{"tweenEasing":0,"duration":2,"transform":{"scY":-1.572,"y":-41.495,"skX":2.81,"skY":2.81,"x":3.125}},{"tweenEasing":0,"duration":2,"transform":{"scY":-1.424,"y":-41.495,"skX":2.81,"skY":2.81,"x":3.125}},{"tweenEasing":0,"duration":2,"transform":{"scY":-1.572,"y":-41.495,"skX":2.81,"skY":2.81,"x":3.125}},{"tweenEasing":0,"duration":2,"transform":{"scY":-1.424,"y":-41.495,"skX":2.81,"skY":2.81,"x":3.125}},{"tweenEasing":0,"duration":2,"transform":{"scY":-1.572,"y":-41.495,"skX":2.81,"skY":2.81,"x":3.125}},{"tweenEasing":0,"duration":2,"transform":{"scY":-1.424,"y":-41.495,"skX":2.81,"skY":2.81,"x":3.125}},{"tweenEasing":0,"duration":2,"transform":{"scY":-1.572,"y":-41.495,"skX":2.81,"skY":2.81,"x":3.125}},{"tweenEasing":0,"duration":14,"transform":{"scY":-1.424,"y":-41.495,"skX":2.81,"skY":2.81,"x":3.125}},{"duration":0,"transform":{"scY":-1.491,"y":-42.005,"skX":2.81,"skY":2.81,"x":3.155}}],"name":"dark02@2x2"},{"frame":[{"tweenEasing":0,"duration":15,"transform":{}},{"tweenEasing":0,"duration":15,"transform":{"skX":90,"skY":90}},{"tweenEasing":0,"duration":30,"transform":{"skX":-180,"skY":-180}},{"duration":0,"transform":{}}],"name":"zi_fangshe_03_eff_04"},{"frame":[{"tweenEasing":0,"duration":30,"transform":{"scY":1.5,"scX":1.5}},{"curve":[0,0.66,0.75,1],"duration":30,"transform":{}},{"duration":0,"transform":{"scY":0.7,"scX":0.7}}],"name":"guangqiu_eff"},{"frame":[{"duration":60,"transform":{}}],"name":"leidian3"},{"frame":[{"duration":60,"transform":{}}],"name":"leidian2"},{"frame":[{"duration":60,"transform":{}}],"name":"leidian1"},{"frame":[{"duration":60,"transform":{}}],"name":"root"},{"frame":[{"duration":60,"transform":{}}],"name":"fangshe2"}],"name":"002_heidong_hou","ik":[]}],"type":"Armature","frameRate":30,"ik":[],"bone":[{"name":"root","transform":{}},{"transform":{},"name":"dark01@2x","parent":"root"},{"transform":{"scY":1.459,"scX":1.459},"name":"dark01@2x2","parent":"root"},{"transform":{"scY":2.465,"scX":2.465},"name":"dark01@2x3","parent":"root"},{"length":217,"transform":{"scY":0.94,"y":9.265,"skX":-0.39,"skY":-0.39,"x":0.31},"parent":"root","name":"dark02@2x"},{"length":217,"transform":{"scY":0.565,"y":-2.76,"skX":-0.39,"skY":-0.39,"scX":0.686,"x":0.225},"parent":"root","name":"dark02@2x2"},{"length":80.5,"transform":{"scY":0.313,"skX":-80.76,"skY":-80.76,"scX":0.313},"parent":"root","name":"fangshe2"},{"transform":{},"name":"guangqiu_eff","parent":"root"},{"transform":{"scY":3,"y":-102.825,"scX":3,"x":-99.425},"name":"leidian1","parent":"root"},{"transform":{"scY":3,"y":105.075,"scX":3,"x":-21.31},"name":"leidian2","parent":"root"},{"transform":{"scY":3,"y":-75.24,"scX":3,"x":121.115},"name":"leidian3","parent":"root"},{"transform":{"scY":4.098,"scX":4.098},"name":"zi_fangshe_03_eff_04","parent":"root"}],"aabb":{"width":493.23302638130485,"y":-141.5,"height":283,"x":-253.9508391574126},"skin":[{"slot":[{"display":[{"path":"yihou_heidong_tex@yihou_heidong@dark02@2x","type":"image","name":"2x","transform":{"y":20.935,"skX":0.4,"skY":0.4,"x":-9.145}}],"name":"dark02@2x"},{"display":[{"path":"zi_fangshe_03_eff_04","type":"image","name":"zi_fangshe_03_eff_04","transform":{}}],"name":"zi_fangshe_03_eff_04"},{"display":[{"path":"lightning03-1","type":"image","name":"lightning03-1","transform":{}},{"path":"lightning03-2","type":"image","name":"lightning03-2","transform":{"y":-4.585,"x":0.915}}],"blendMode":"add","name":"lightning03-1"},{"display":[{"path":"yihou_heidong_tex@yihou_heidong@dark01@2x","type":"image","name":"2x","transform":{}}],"name":"dark01@2x2"},{"display":[{"path":"lightning01-1","type":"image","name":"lightning01-1","transform":{}},{"path":"lightning01-2","type":"image","name":"lightning01-2","transform":{"y":-3.975,"x":9.175}}],"blendMode":"add","name":"lightning01-1"},{"display":[{"path":"fangshe1","type":"image","name":"fangshe1","transform":{"scY":2.019,"y":7.775,"skX":80.74,"skY":80.74,"scX":2.019,"x":-0.935}}],"name":"fangshe1"},{"display":[{"path":"yihou_heidong_tex@yihou_heidong@dark02@2x","type":"image","name":"2x","transform":{"y":20.935,"skX":0.4,"skY":0.4,"x":-9.145}}],"name":"dark02@2x2"},{"display":[{"path":"guangqiu_eff/0_00000 (3)","type":"image","name":"guangqiu_eff/0_00000 (3)","transform":{}},{"path":"guangqiu_eff/0_00001 (3)","type":"image","name":"guangqiu_eff/0_00001 (3)","transform":{}},{"path":"guangqiu_eff/0_00002 (3)","type":"image","name":"guangqiu_eff/0_00002 (3)","transform":{}},{"path":"guangqiu_eff/0_00003 (3)","type":"image","name":"guangqiu_eff/0_00003 (3)","transform":{}},{"path":"guangqiu_eff/0_00004 (3)","type":"image","name":"guangqiu_eff/0_00004 (3)","transform":{}},{"path":"guangqiu_eff/0_00005 (3)","type":"image","name":"guangqiu_eff/0_00005 (3)","transform":{}}],"blendMode":"add","name":"guangqiu_eff/0_00000 (3)"},{"display":[{"path":"fangshe2","type":"image","name":"fangshe2","transform":{"y":6.465,"skX":80.74,"skY":80.74,"x":3.39}}],"name":"fangshe2"},{"display":[{"path":"lightning02-1","type":"image","name":"lightning02-1","transform":{"y":-4.715,"x":2.83}},{"path":"lightning02-2","type":"image","name":"lightning02-2","transform":{"y":-1.525,"x":3.67}}],"blendMode":"add","name":"lightning02-1"},{"display":[{"path":"yihou_heidong_tex@yihou_heidong@dark01@2x","type":"image","name":"2x","transform":{}}],"name":"dark01@2x"},{"display":[{"path":"yihou_heidong_tex@yihou_heidong@dark01@2x","type":"image","name":"2x","transform":{}}],"name":"dark01@2x3"}],"name":""}],"slot":[{"name":"fangshe1","parent":"fangshe2","color":{}},{"z":1,"name":"dark01@2x","parent":"dark01@2x","color":{}},{"z":2,"name":"dark01@2x2","parent":"dark01@2x2","color":{}},{"z":3,"name":"fangshe2","parent":"fangshe2","color":{}},{"z":4,"name":"zi_fangshe_03_eff_04","parent":"zi_fangshe_03_eff_04","color":{}},{"blendMode":"add","z":5,"parent":"guangqiu_eff","displayIndex":2,"name":"guangqiu_eff/0_00000 (3)","color":{}},{"z":6,"name":"dark02@2x","parent":"dark02@2x","color":{}},{"z":7,"name":"dark02@2x2","parent":"dark02@2x2","color":{}},{"z":8,"name":"dark01@2x3","parent":"dark01@2x3","color":{}},{"blendMode":"add","z":9,"parent":"leidian1","displayIndex":-1,"name":"lightning01-1","color":{}},{"blendMode":"add","z":10,"parent":"leidian2","displayIndex":-1,"name":"lightning02-1","color":{}},{"blendMode":"add","z":11,"parent":"leidian3","displayIndex":-1,"name":"lightning03-1","color":{}}],"name":"armatureName"}],"name":"yihou_heidong","version":"4.0"}