{"frameRate":60,"isGlobal":0,"armature":[{"bone":[{"name":"root","transform":{}},{"inheritScale":false,"transform":{},"name":"Layer1","parent":"root"},{"inheritScale":false,"transform":{},"name":"002_yuandian_faduji","parent":"root"},{"inheritScale":false,"transform":{},"name":"002_yuandian_fuji_1","parent":"002_yuandian_faduji"},{"inheritScale":false,"transform":{},"name":"002_yuandian_fuji_4","parent":"002_yuandian_faduji"},{"inheritScale":false,"transform":{},"name":"002_yuandian_fuji_2","parent":"002_yuandian_faduji"},{"inheritScale":false,"transform":{},"name":"002_yuandian_fuji_5","parent":"002_yuandian_faduji"},{"inheritScale":false,"transform":{},"name":"002_yuandian_fuji_3","parent":"002_yuandian_faduji"},{"inheritScale":false,"transform":{},"name":"002_yuandian_fuji_7","parent":"002_yuandian_faduji"},{"inheritScale":false,"transform":{},"name":"002_yuandian_fuji_6","parent":"002_yuandian_faduji"},{"inheritScale":false,"transform":{},"name":"002_yuandian1","parent":"002_yuandian_fuji_1"},{"inheritScale":false,"transform":{},"name":"002_yuandian4","parent":"002_yuandian_fuji_4"},{"inheritScale":false,"transform":{},"name":"002_yuandian3","parent":"002_yuandian_fuji_3"},{"inheritScale":false,"transform":{},"name":"002_yuandian2","parent":"002_yuandian_fuji_2"},{"inheritScale":false,"transform":{},"name":"002_yuandian6","parent":"002_yuandian_fuji_6"},{"inheritScale":false,"transform":{},"name":"002_yuandian5","parent":"002_yuandian_fuji_5"},{"inheritScale":false,"transform":{},"name":"002_yuandian7","parent":"002_yuandian_fuji_7"}],"type":"Armature","frameRate":60,"animation":[{"playTimes":0,"bone":[{"frame":[{"tweenEasing":0,"transform":{"scY":0.2,"y":-30,"scX":0.2},"duration":120},{"transform":{"scY":0.2,"y":-30,"scX":0.2},"duration":0}],"name":"002_yuandian7"},{"frame":[{"tweenEasing":0,"transform":{"skX":270,"skY":270},"duration":120},{"transform":{"skX":270,"skY":270},"duration":0}],"name":"002_yuandian_fuji_7"},{"frame":[{"tweenEasing":0,"transform":{"scY":0.25,"y":-30,"scX":0.25},"duration":120},{"transform":{"scY":0.25,"y":-30,"scX":0.25},"duration":0}],"name":"002_yuandian6"},{"frame":[{"tweenEasing":0,"transform":{"skX":225,"skY":225},"duration":120},{"transform":{"skX":225,"skY":225},"duration":0}],"name":"002_yuandian_fuji_6"},{"frame":[{"tweenEasing":0,"transform":{"scY":0.3,"y":-30,"scX":0.3},"duration":120},{"transform":{"scY":0.3,"y":-30,"scX":0.3},"duration":0}],"name":"002_yuandian5"},{"frame":[{"tweenEasing":0,"transform":{"skX":180,"skY":180},"duration":120},{"transform":{"skX":180,"skY":180},"duration":0}],"name":"002_yuandian_fuji_5"},{"frame":[{"tweenEasing":0,"transform":{"scY":0.33,"y":-30,"scX":0.33},"duration":120},{"transform":{"scY":0.33,"y":-30,"scX":0.33},"duration":0}],"name":"002_yuandian4"},{"frame":[{"tweenEasing":0,"transform":{"skX":135,"skY":135},"duration":120},{"transform":{"skX":135,"skY":135},"duration":0}],"name":"002_yuandian_fuji_4"},{"frame":[{"tweenEasing":0,"transform":{"scY":0.36,"y":-30,"scX":0.36},"duration":120},{"transform":{"scY":0.36,"y":-30,"scX":0.36},"duration":0}],"name":"002_yuandian3"},{"frame":[{"tweenEasing":0,"transform":{"skX":90,"skY":90},"duration":120},{"transform":{"skX":90,"skY":90},"duration":0}],"name":"002_yuandian_fuji_3"},{"frame":[{"tweenEasing":0,"transform":{"scY":0.39,"y":-30,"scX":0.39},"duration":120},{"transform":{"scY":0.39,"y":-30,"scX":0.39},"duration":0}],"name":"002_yuandian2"},{"frame":[{"tweenEasing":0,"transform":{"skX":45,"skY":45},"duration":120},{"transform":{"skX":45,"skY":45},"duration":0}],"name":"002_yuandian_fuji_2"},{"frame":[{"tweenEasing":0,"transform":{"scY":0.42,"y":-30,"scX":0.42},"duration":120},{"transform":{"scY":0.42,"y":-30,"scX":0.42},"duration":0}],"name":"002_yuandian1"},{"frame":[{"tweenEasing":0,"transform":{},"duration":120},{"transform":{},"duration":0}],"name":"002_yuandian_fuji_1"},{"frame":[{"tweenEasing":0,"transform":{"scY":1.5,"scX":1.5},"duration":30},{"tweenEasing":0,"transform":{"scY":1.5,"skX":-90,"skY":-90,"scX":1.5},"duration":30},{"tweenEasing":0,"transform":{"scY":1.5,"skX":-180,"skY":-180,"scX":1.5},"duration":30},{"tweenEasing":0,"transform":{"scY":1.5,"skX":90,"skY":90,"scX":1.5},"duration":30},{"transform":{"scY":1.5,"skX":-720,"skY":-720,"scX":1.5},"duration":0}],"name":"002_yuandian_faduji"},{"frame":[{"tweenEasing":0,"transform":{"scY":0.9,"scX":0.9},"duration":120},{"transform":{"scY":0.9,"scX":0.9},"duration":0}],"name":"Layer1"},{"frame":[{"transform":{},"duration":120}],"name":"root"}],"slot":[{"frame":[{"tweenEasing":0,"color":{"aM":19},"duration":120},{"tweenEasing":null,"color":{"aM":19},"duration":0}],"name":"002_yuandian7"},{"frame":[{"displayIndex":-1,"tweenEasing":0,"duration":120},{"displayIndex":-1,"tweenEasing":null,"duration":0}],"name":"002_yuandian_fuji_7"},{"frame":[{"tweenEasing":0,"color":{"aM":39},"duration":120},{"tweenEasing":null,"color":{"aM":39},"duration":0}],"name":"002_yuandian6"},{"frame":[{"displayIndex":-1,"tweenEasing":0,"duration":120},{"displayIndex":-1,"tweenEasing":null,"duration":0}],"name":"002_yuandian_fuji_6"},{"frame":[{"tweenEasing":0,"color":{"aM":39},"duration":120},{"tweenEasing":null,"color":{"aM":39},"duration":0}],"name":"002_yuandian5"},{"frame":[{"displayIndex":-1,"tweenEasing":0,"duration":120},{"displayIndex":-1,"tweenEasing":null,"duration":0}],"name":"002_yuandian_fuji_5"},{"frame":[{"tweenEasing":0,"color":{"aM":57},"duration":120},{"tweenEasing":null,"color":{"aM":57},"duration":0}],"name":"002_yuandian4"},{"frame":[{"displayIndex":-1,"tweenEasing":0,"duration":120},{"displayIndex":-1,"tweenEasing":null,"duration":0}],"name":"002_yuandian_fuji_4"},{"frame":[{"tweenEasing":0,"color":{"aM":57},"duration":120},{"tweenEasing":null,"color":{"aM":57},"duration":0}],"name":"002_yuandian3"},{"frame":[{"displayIndex":-1,"tweenEasing":0,"duration":120},{"displayIndex":-1,"tweenEasing":null,"duration":0}],"name":"002_yuandian_fuji_3"},{"frame":[{"tweenEasing":0,"color":{"aM":78},"duration":120},{"tweenEasing":null,"color":{"aM":78},"duration":0}],"name":"002_yuandian2"},{"frame":[{"displayIndex":-1,"tweenEasing":0,"duration":120},{"displayIndex":-1,"tweenEasing":null,"duration":0}],"name":"002_yuandian_fuji_2"},{"frame":[{"tweenEasing":0,"color":{"aM":78},"duration":120},{"tweenEasing":null,"color":{"aM":78},"duration":0}],"name":"002_yuandian1"},{"frame":[{"displayIndex":-1,"tweenEasing":0,"duration":120},{"displayIndex":-1,"tweenEasing":null,"duration":0}],"name":"002_yuandian_fuji_1"},{"frame":[{"displayIndex":-1,"tweenEasing":0,"duration":120},{"displayIndex":-1,"tweenEasing":null,"duration":0}],"name":"002_yuandian_faduji"},{"frame":[{"tweenEasing":0,"color":{"aM":39},"duration":120},{"tweenEasing":null,"color":{"aM":39},"duration":0}],"name":"Layer1"}],"ffd":[],"ik":[],"frame":[],"name":"002_jiazai_3","duration":120}],"defaultActions":[{"gotoAndPlay":"002_jiazai_3"}],"aabb":{"width":148,"y":-74,"height":148,"x":-74},"ik":[],"name":"armatureName","skin":[{"slot":[{"display":[{"path":"jiazai_yuandian","type":"image","name":"jiazai_yuandian","transform":{}}],"name":"002_yuandian2"},{"display":[{"path":"jiazai_yuandian","type":"image","name":"jiazai_yuandian","transform":{}}],"name":"002_yuandian1"},{"display":[{"path":"jiazai_yuandian","type":"image","name":"jiazai_yuandian","transform":{}}],"name":"002_yuandian7"},{"display":[{"path":"jiazai_yuandian","type":"image","name":"jiazai_yuandian","transform":{}}],"name":"002_yuandian6"},{"display":[{"path":"jiazai_yuandian","type":"image","name":"jiazai_yuandian","transform":{}}],"name":"002_yuandian4"},{"display":[{"path":"bantouheikuang","type":"image","name":"bantouheikuang","transform":{}}],"name":"Layer1"},{"display":[{"path":"jiazai_yuandian","type":"image","name":"jiazai_yuandian","transform":{}}],"name":"002_yuandian5"},{"display":[{"path":"jiazai_yuandian","type":"image","name":"jiazai_yuandian","transform":{}}],"name":"002_yuandian3"}],"name":""}],"slot":[{"name":"Layer1","parent":"Layer1","color":{}},{"z":1,"displayIndex":-1,"name":"002_yuandian_faduji","parent":"002_yuandian_faduji","color":{}},{"z":2,"displayIndex":-1,"name":"002_yuandian_fuji_1","parent":"002_yuandian_fuji_1","color":{}},{"z":3,"name":"002_yuandian1","parent":"002_yuandian1","color":{}},{"z":4,"displayIndex":-1,"name":"002_yuandian_fuji_2","parent":"002_yuandian_fuji_2","color":{}},{"z":5,"name":"002_yuandian2","parent":"002_yuandian2","color":{}},{"z":6,"displayIndex":-1,"name":"002_yuandian_fuji_3","parent":"002_yuandian_fuji_3","color":{}},{"z":7,"name":"002_yuandian3","parent":"002_yuandian3","color":{}},{"z":8,"displayIndex":-1,"name":"002_yuandian_fuji_4","parent":"002_yuandian_fuji_4","color":{}},{"z":9,"name":"002_yuandian4","parent":"002_yuandian4","color":{}},{"z":10,"displayIndex":-1,"name":"002_yuandian_fuji_5","parent":"002_yuandian_fuji_5","color":{}},{"z":11,"name":"002_yuandian5","parent":"002_yuandian5","color":{}},{"z":12,"displayIndex":-1,"name":"002_yuandian_fuji_6","parent":"002_yuandian_fuji_6","color":{}},{"z":13,"name":"002_yuandian6","parent":"002_yuandian6","color":{}},{"z":14,"displayIndex":-1,"name":"002_yuandian_fuji_7","parent":"002_yuandian_fuji_7","color":{}},{"z":15,"name":"002_yuandian7","parent":"002_yuandian7","color":{}}]}],"name":"ui_tongyong_loading","version":"4.0"}