{"frameRate":30,"isGlobal":0,"armature":[{"defaultActions":[{"gotoAndPlay":"000_daiji"}],"animation":[{"frame":[],"duration":60,"slot":[{"frame":[{"tweenEasing":0,"duration":30,"color":{"aM":48}},{"tweenEasing":0,"duration":30,"color":{"aM":23}},{"tweenEasing":null,"duration":0,"color":{"aM":48}}],"name":"dengguang"},{"frame":[{"curve":[0.25,0,0.75,1],"duration":30,"color":{"aM":32}},{"curve":[0.25,0,0.75,1],"duration":30,"color":{"aM":42}},{"tweenEasing":null,"duration":0,"color":{"aM":32}}],"name":"fanguang"},{"frame":[{"curve":[0.25,0,0.75,1],"duration":30},{"curve":[0.25,0,0.75,1],"duration":30,"color":{"aM":85}},{"tweenEasing":null,"duration":0}],"name":"fanguang2"},{"frame":[{"tweenEasing":0,"duration":30,"color":{"aM":56}},{"curve":[0.25,0,0.75,1],"duration":30},{"tweenEasing":null,"duration":0,"color":{"aM":56}}],"name":"huoyan2"},{"frame":[{"tweenEasing":0,"duration":4},{"tweenEasing":0,"displayIndex":1,"duration":4},{"tweenEasing":0,"displayIndex":2,"duration":4},{"tweenEasing":0,"displayIndex":3,"duration":4},{"tweenEasing":0,"displayIndex":4,"duration":4},{"tweenEasing":0,"displayIndex":5,"duration":4},{"tweenEasing":0,"displayIndex":6,"duration":4},{"tweenEasing":0,"displayIndex":7,"duration":2},{"tweenEasing":0,"displayIndex":8,"duration":2},{"tweenEasing":0,"duration":4},{"tweenEasing":0,"displayIndex":1,"duration":4},{"tweenEasing":0,"displayIndex":2,"duration":4},{"tweenEasing":0,"displayIndex":3,"duration":4},{"tweenEasing":0,"displayIndex":4,"duration":4},{"tweenEasing":0,"displayIndex":5,"duration":3},{"tweenEasing":0,"displayIndex":6,"duration":3},{"tweenEasing":0,"displayIndex":7,"duration":2},{"tweenEasing":null,"displayIndex":8,"duration":0}],"name":"huoyan_eff/0_00000"}],"ffd":[],"bone":[{"frame":[{"duration":60,"transform":{}},{"duration":0,"transform":{}}],"name":"zuobiao"},{"frame":[{"duration":60,"transform":{}},{"duration":0,"transform":{}}],"name":"root"},{"frame":[{"duration":60,"transform":{}},{"duration":0,"transform":{}}],"name":"zhuozi"},{"frame":[{"duration":60,"transform":{}},{"duration":0,"transform":{}}],"name":"bone"},{"frame":[{"duration":60,"transform":{}},{"duration":0,"transform":{}}],"name":"geban"},{"frame":[{"duration":60,"transform":{}},{"duration":0,"transform":{}}],"name":"bilu"},{"frame":[{"curve":[0.25,0,0.75,1],"duration":30,"transform":{}},{"curve":[0.25,0,0.75,1],"duration":30,"transform":{"skX":-11,"skY":-11}},{"duration":0,"transform":{}}],"name":"diaodeng"},{"frame":[{"tweenEasing":0,"duration":30,"transform":{}},{"tweenEasing":0,"duration":30,"transform":{"y":-1.23,"x":-0.1}},{"duration":0,"transform":{}}],"name":"huoyan"},{"frame":[{"duration":60,"transform":{}},{"duration":0,"transform":{}}],"name":"rukou"},{"frame":[{"curve":[0.25,0,0.75,1],"duration":30,"transform":{}},{"curve":[0.25,0,0.75,1],"duration":30,"transform":{"scX":0.89}},{"duration":0,"transform":{}}],"name":"men02"},{"frame":[{"curve":[0.25,0,0.75,1],"duration":30,"transform":{}},{"curve":[0.25,0,0.75,1],"duration":30,"transform":{"scX":0.962}},{"duration":0,"transform":{}}],"name":"men01"},{"frame":[{"duration":60,"transform":{}},{"duration":0,"transform":{}}],"name":"jiedao"},{"frame":[{"duration":60,"transform":{}},{"duration":0,"transform":{}}],"name":"guizi"},{"frame":[{"tweenEasing":0,"duration":30,"transform":{}},{"tweenEasing":0,"duration":30,"transform":{"y":0.075,"x":1.23}},{"duration":0,"transform":{}}],"name":"dengguang"},{"frame":[{"curve":[0.25,0,0.75,1],"duration":30,"transform":{"y":-1.39,"x":7.105}},{"curve":[0.25,0,0.75,1],"duration":30,"transform":{"scY":1.293,"scX":1.293}},{"duration":0,"transform":{"y":-1.39,"x":7.105}}],"name":"fanguang"},{"frame":[{"curve":[0.25,0,0.75,1],"duration":30,"transform":{}},{"curve":[0.25,0,0.75,1],"duration":30,"transform":{"skX":-16.08,"skY":-16.08}},{"duration":0,"transform":{}}],"name":"fanguang2"},{"frame":[{"duration":60,"transform":{}}],"name":"huoyan_eff/0_00000"},{"frame":[{"duration":60,"transform":{}}],"name":"ditan"},{"frame":[{"duration":60,"transform":{}}],"name":"fangshe_eff/cheng_fangshe_03_eff_2"},{"frame":[{"duration":60,"transform":{}}],"name":"fangshe_eff/cheng_fangshe_03_eff_02"},{"frame":[{"duration":60,"transform":{}}],"name":"men_guang01"},{"frame":[{"duration":60,"transform":{}}],"name":"menkuang"},{"frame":[{"duration":60,"transform":{}}],"name":"shandian01"},{"frame":[{"duration":60,"transform":{}}],"name":"shandian02"},{"frame":[{"duration":60,"transform":{}}],"name":"shandian03"}],"name":"000_daiji","ik":[]},{"frame":[{"tweenEasing":null,"duration":60},{"tweenEasing":null,"duration":0,"event":"cuxian"}],"duration":105,"slot":[{"frame":[{"tweenEasing":null,"duration":60},{"tweenEasing":null,"duration":30},{"tweenEasing":null,"duration":15},{"tweenEasing":null,"duration":0}],"name":"bilu"},{"frame":[{"curve":[0,0.48,0.75,1],"duration":90,"color":{"aM":48}},{"curve":[0.25,0,1,0.75],"duration":15,"color":{"aM":50}},{"tweenEasing":null,"duration":0,"color":{"aM":48}}],"name":"dengguang"},{"frame":[{"tweenEasing":0,"duration":5,"color":{"aM":0}},{"tweenEasing":0,"duration":5,"color":{"aM":16}},{"tweenEasing":0,"duration":5,"color":{"aM":0}},{"tweenEasing":0,"duration":10,"color":{"aM":16}},{"tweenEasing":0,"duration":35,"color":{"aM":0}},{"curve":[0,0.405,0.875,1],"duration":3,"color":{"aM":47}},{"tweenEasing":0,"duration":22,"color":{"aM":56}},{"tweenEasing":0,"displayIndex":1,"duration":2},{"tweenEasing":0,"displayIndex":2,"duration":3},{"tweenEasing":null,"displayIndex":2,"duration":15,"color":{"aM":0}}],"name":"fangshe_eff/cheng_fangshe_03_eff_02"},{"frame":[{"tweenEasing":0,"displayIndex":2,"duration":60},{"curve":[0,0.405,0.875,1],"duration":10},{"tweenEasing":null,"displayIndex":2,"duration":35,"color":{"aM":0}}],"name":"fangshe_eff/cheng_fangshe_03_eff_2"},{"frame":[{"tweenEasing":null,"duration":105,"color":{"aM":32}},{"tweenEasing":null,"duration":0,"color":{"aM":32}}],"name":"fanguang"},{"frame":[{"curve":[0,0.42,0.62,0.86],"duration":60,"color":{"bM":72,"rM":72,"gM":72}},{"tweenEasing":null,"duration":30},{"curve":[0.25,0,1,0.75],"duration":15},{"tweenEasing":null,"duration":0,"color":{"bM":72,"rM":72,"gM":72}}],"name":"fanguang2"},{"frame":[{"tweenEasing":null,"duration":60},{"tweenEasing":null,"duration":30},{"tweenEasing":null,"duration":15}],"name":"geban"},{"frame":[{"tweenEasing":null,"duration":25,"color":{"aM":56}},{"curve":[0.65,0,1,0],"duration":35,"color":{"aM":56}},{"curve":[0,0.81,0.75,1],"duration":7,"color":{"aM":83}},{"curve":[0,0.33,0.342,0.66],"duration":8,"color":{"aM":56}},{"curve":[0.068,0.5,0.761,1],"duration":7,"color":{"aM":83}},{"curve":[0,0.33,0.342,0.66],"duration":8,"color":{"aM":56}},{"curve":[0.068,0.5,0.761,1],"duration":15,"color":{"aM":83}},{"tweenEasing":null,"duration":0,"color":{"aM":56}}],"name":"huoyan2"},{"frame":[{"tweenEasing":0,"duration":4},{"tweenEasing":0,"displayIndex":1,"duration":4},{"tweenEasing":0,"displayIndex":2,"duration":4},{"tweenEasing":0,"displayIndex":3,"duration":4},{"tweenEasing":0,"displayIndex":4,"duration":4},{"tweenEasing":0,"displayIndex":5,"duration":4},{"tweenEasing":0,"displayIndex":6,"duration":4},{"tweenEasing":0,"displayIndex":7,"duration":4},{"tweenEasing":0,"displayIndex":8,"duration":3},{"tweenEasing":0,"duration":3},{"tweenEasing":0,"displayIndex":1,"duration":3},{"tweenEasing":0,"displayIndex":2,"duration":3},{"tweenEasing":0,"displayIndex":3,"duration":18},{"tweenEasing":0,"displayIndex":4,"duration":3},{"tweenEasing":0,"displayIndex":5,"duration":3},{"tweenEasing":0,"displayIndex":6,"duration":3},{"tweenEasing":0,"displayIndex":7,"duration":3},{"tweenEasing":0,"displayIndex":8,"duration":3},{"tweenEasing":0,"duration":4},{"tweenEasing":0,"displayIndex":1,"duration":4},{"tweenEasing":0,"displayIndex":2,"duration":4},{"tweenEasing":0,"displayIndex":3,"duration":4},{"tweenEasing":0,"displayIndex":4,"duration":4},{"tweenEasing":0,"displayIndex":5,"duration":4},{"tweenEasing":0,"displayIndex":6,"duration":4},{"tweenEasing":null,"displayIndex":7,"duration":0}],"name":"huoyan_eff/0_00000"},{"frame":[{"tweenEasing":null,"duration":25},{"tweenEasing":null,"duration":15},{"tweenEasing":0,"duration":20},{"tweenEasing":0,"duration":30,"color":{"aM":44}},{"tweenEasing":null,"duration":15,"color":{"aM":51}}],"name":"men01"},{"frame":[{"tweenEasing":null,"duration":25},{"tweenEasing":null,"duration":15},{"tweenEasing":0,"duration":20},{"tweenEasing":0,"duration":30,"color":{"aM":41}},{"tweenEasing":0,"duration":15,"color":{"aM":51}},{"tweenEasing":null,"duration":0}],"name":"men02"},{"frame":[{"tweenEasing":0,"duration":5,"color":{"aM":0}},{"tweenEasing":0,"duration":5,"color":{"aM":47}},{"tweenEasing":0,"duration":5,"color":{"aM":0}},{"tweenEasing":0,"duration":10,"color":{"aM":47}},{"tweenEasing":0,"duration":35,"color":{"aM":0}},{"curve":[0,0.405,0.875,1],"duration":5},{"tweenEasing":0,"duration":25,"color":{"aM":81}},{"tweenEasing":0,"duration":15},{"tweenEasing":null,"duration":0,"color":{"aM":0}}],"name":"men_guang01"},{"frame":[{"tweenEasing":0,"duration":5,"color":{"aM":0}},{"tweenEasing":0,"duration":5,"color":{"aM":18}},{"tweenEasing":0,"duration":5,"color":{"aM":0}},{"tweenEasing":0,"duration":10,"color":{"aM":20}},{"curve":[0.25,0,1,0.2],"duration":35,"color":{"aM":0}},{"tweenEasing":0,"duration":30,"color":{"aM":21}},{"tweenEasing":0,"duration":15,"color":{"aM":50}},{"tweenEasing":null,"duration":0,"color":{"aM":0}}],"name":"menkuang"},{"frame":[{"tweenEasing":0,"duration":25,"color":{"aM":0}},{"tweenEasing":null,"duration":35,"color":{"aM":16}},{"tweenEasing":0,"duration":30,"color":{"aM":16}},{"tweenEasing":0,"duration":15,"color":{"aM":0}},{"tweenEasing":null,"duration":0,"color":{"aM":0}}],"name":"rukou2"}],"ffd":[],"bone":[{"frame":[{"duration":5,"transform":{}},{"duration":20,"transform":{}},{"duration":35,"transform":{}},{"duration":30,"transform":{}},{"duration":15,"transform":{}},{"duration":0,"transform":{}}],"name":"zuobiao"},{"frame":[{"duration":5,"transform":{}},{"duration":20,"transform":{}},{"duration":35,"transform":{}},{"duration":30,"transform":{}},{"duration":15,"transform":{}},{"duration":0,"transform":{}}],"name":"root"},{"frame":[{"duration":5,"transform":{}},{"duration":20,"transform":{}},{"duration":35,"transform":{}},{"duration":30,"transform":{}},{"duration":15,"transform":{}},{"duration":0,"transform":{}}],"name":"zhuozi"},{"frame":[{"duration":5,"transform":{}},{"duration":20,"transform":{}},{"duration":35,"transform":{}},{"duration":30,"transform":{}},{"duration":15,"transform":{}},{"duration":0,"transform":{}}],"name":"bone"},{"frame":[{"duration":5,"transform":{}},{"duration":20,"transform":{}},{"duration":35,"transform":{}},{"duration":30,"transform":{}},{"duration":15,"transform":{}},{"duration":0,"transform":{}}],"name":"geban"},{"frame":[{"duration":5,"transform":{}},{"duration":20,"transform":{}},{"duration":35,"transform":{}},{"duration":30,"transform":{}},{"duration":15,"transform":{}},{"duration":0,"transform":{}}],"name":"bilu"},{"frame":[{"curve":[0.25,0,0.75,1],"duration":60,"transform":{}},{"curve":[0.25,0,0.75,1],"duration":45,"transform":{"skX":-13.71,"skY":-13.71}},{"duration":0,"transform":{}}],"name":"diaodeng"},{"frame":[{"duration":5,"transform":{}},{"duration":20,"transform":{}},{"duration":35,"transform":{}},{"duration":30,"transform":{}},{"duration":15,"transform":{}},{"duration":0,"transform":{}}],"name":"huoyan"},{"frame":[{"duration":5,"transform":{}},{"duration":20,"transform":{}},{"duration":35,"transform":{}},{"duration":30,"transform":{}},{"duration":15,"transform":{}},{"duration":0,"transform":{}}],"name":"rukou"},{"frame":[{"curve":[0,0.95,0.75,1],"duration":5,"transform":{}},{"curve":[0.1195,0.365,0.52,0.72],"duration":5,"transform":{"skX":-0.81,"skY":-0.81,"scX":0.856}},{"curve":[0,0.95,0.75,1],"duration":5,"transform":{}},{"curve":[0.1195,0.365,0.52,0.72],"duration":10,"transform":{"skX":-0.81,"skY":-0.81,"scX":0.856}},{"duration":15,"transform":{"skX":-2.07,"skY":-2.07}},{"curve":[0.65,0,1,0],"duration":20,"transform":{"skX":-2.07,"skY":-2.07}},{"duration":30,"transform":{"skX":21.04,"skY":21.04,"scX":-0.757}},{"curve":[0.235,0.565,0.761,1],"duration":15,"transform":{"skX":21.04,"skY":21.04,"scX":-0.757}},{"duration":0,"transform":{}}],"name":"men02"},{"frame":[{"curve":[0,0.84,0.75,1],"duration":5,"transform":{}},{"curve":[0.25,0,1,0.39],"duration":5,"transform":{"skX":-0.22,"skY":-0.22,"scX":0.857}},{"curve":[0,0.8,0.75,1],"duration":5,"transform":{}},{"curve":[0.25,0,1,0.18],"duration":10,"transform":{"skX":-0.22,"skY":-0.22,"scX":0.857}},{"duration":15,"transform":{"skX":-0.57,"skY":-0.57}},{"curve":[0.5025,0,0.844,0],"duration":20,"transform":{"skX":-0.57,"skY":-0.57}},{"curve":[0,0.81,0.75,1],"duration":30,"transform":{"skX":-10.64,"skY":-10.64,"scX":-0.533}},{"curve":[0.235,0.565,0.761,1],"duration":15,"transform":{"skX":349.35,"skY":349.35,"scX":-0.533}},{"duration":0,"transform":{}}],"name":"men01"},{"frame":[{"duration":5,"transform":{}},{"duration":20,"transform":{}},{"duration":35,"transform":{}},{"duration":30,"transform":{}},{"duration":15,"transform":{}},{"duration":0,"transform":{}}],"name":"jiedao"},{"frame":[{"duration":5,"transform":{}},{"duration":20,"transform":{}},{"duration":35,"transform":{}},{"duration":30,"transform":{}},{"duration":15,"transform":{}},{"duration":0,"transform":{}}],"name":"guizi"},{"frame":[{"duration":5,"transform":{}},{"duration":20,"transform":{}},{"duration":35,"transform":{}},{"duration":30,"transform":{}},{"duration":15,"transform":{}},{"duration":0,"transform":{}}],"name":"dengguang"},{"frame":[{"curve":[0.25,0,0.75,1],"duration":60,"transform":{"y":-1.39,"x":7.105}},{"curve":[0.25,0,0.75,1],"duration":45,"transform":{"y":-0.86,"x":-0.67}},{"duration":0,"transform":{"y":-1.39,"x":7.105}}],"name":"fanguang"},{"frame":[{"curve":[0,0.33,0.337,0.66],"duration":5,"transform":{}},{"curve":[0.1,0.33,0.448,0.66],"duration":20,"transform":{"skX":-1.94,"skY":-1.94}},{"curve":[0.65,0,1,0],"duration":35,"transform":{"skX":-4.85,"skY":-4.85}},{"curve":[0,0.81,0.75,1],"duration":30,"transform":{"skX":-6,"skY":-6}},{"curve":[0.25,0,1,0.75],"duration":15,"transform":{"skX":-8.66,"skY":-8.66}},{"duration":0,"transform":{}}],"name":"fanguang2"},{"frame":[{"duration":5,"transform":{}},{"duration":20,"transform":{}},{"duration":35,"transform":{}},{"duration":30,"transform":{}},{"duration":15,"transform":{}},{"duration":0,"transform":{}}],"name":"menkuang"},{"frame":[{"tweenEasing":0,"duration":25,"transform":{}},{"curve":[0.65,0,1,0],"duration":35,"transform":{}},{"curve":[0,0.81,0.75,1],"duration":3,"transform":{"scY":1.68,"skX":32.16,"skY":32.16,"scX":1.68}},{"tweenEasing":0,"duration":27,"transform":{"scY":4.35,"skX":32.16,"skY":32.16,"scX":4.35}},{"duration":15,"transform":{"scY":6.233,"skX":32.16,"skY":32.16,"scX":6.233}}],"name":"fangshe_eff/cheng_fangshe_03_eff_02"},{"frame":[{"tweenEasing":0,"duration":5,"transform":{"skX":148.29,"skY":148.29}},{"duration":20,"transform":{"skX":148.29,"skY":148.29}},{"duration":35,"transform":{"skX":148.29,"skY":148.29}},{"duration":10,"transform":{"skX":0.34,"skY":0.34}},{"duration":35,"transform":{"skX":0.34,"skY":0.34}}],"name":"fangshe_eff/cheng_fangshe_03_eff_2"},{"frame":[{"duration":25,"transform":{}},{"duration":35,"transform":{}},{"duration":30,"transform":{}},{"duration":15,"transform":{}},{"duration":0,"transform":{}}],"name":"men_guang01"},{"frame":[{"tweenEasing":0,"duration":5,"transform":{}},{"duration":20,"transform":{}},{"duration":80,"transform":{}}],"name":"shandian01"},{"frame":[{"tweenEasing":0,"duration":5,"transform":{}},{"duration":20,"transform":{}},{"duration":80,"transform":{}}],"name":"shandian02"},{"frame":[{"tweenEasing":0,"duration":5,"transform":{}},{"duration":20,"transform":{}},{"duration":80,"transform":{}}],"name":"shandian03"},{"frame":[{"duration":105,"transform":{}}],"name":"huoyan_eff/0_00000"},{"frame":[{"duration":105,"transform":{}}],"name":"ditan"}],"name":"001_putong","ik":[]},{"frame":[{"tweenEasing":null,"duration":50},{"tweenEasing":null,"duration":0,"event":"cuxian"}],"duration":105,"slot":[{"frame":[{"tweenEasing":0,"duration":60},{"tweenEasing":null,"duration":30,"color":{"bM":69,"rM":69,"gM":69}},{"tweenEasing":0,"duration":15,"color":{"bM":69,"rM":69,"gM":69}},{"tweenEasing":null,"duration":0}],"name":"bilu"},{"frame":[{"curve":[0,0.48,0.75,1],"duration":90,"color":{"aM":48}},{"curve":[0.25,0,1,0.75],"duration":15,"color":{"aM":50}},{"tweenEasing":null,"duration":0,"color":{"aM":48}}],"name":"dengguang"},{"frame":[{"tweenEasing":0,"duration":1,"color":{"aM":0}},{"tweenEasing":0,"duration":9,"color":{"aM":45}},{"tweenEasing":0,"duration":1,"color":{"aM":0}},{"tweenEasing":0,"duration":14,"color":{"aM":44}},{"tweenEasing":0,"duration":15,"color":{"aM":0}},{"tweenEasing":0,"duration":20},{"curve":[0,0.62,0.75,1],"duration":20,"color":{"aM":56}},{"tweenEasing":0,"displayIndex":1,"duration":2},{"tweenEasing":0,"displayIndex":2,"duration":3},{"tweenEasing":null,"displayIndex":2,"duration":20,"color":{"aM":0}}],"name":"fangshe_eff/cheng_fangshe_03_eff_02"},{"frame":[{"tweenEasing":0,"displayIndex":2,"duration":60},{"displayIndex":2,"curve":[0,0.62,0.75,1],"duration":1},{"tweenEasing":0,"duration":2},{"tweenEasing":0,"displayIndex":2,"duration":2},{"tweenEasing":0,"displayIndex":1,"duration":2},{"tweenEasing":0,"duration":3},{"tweenEasing":null,"displayIndex":2,"duration":35,"color":{"aM":0}}],"name":"fangshe_eff/cheng_fangshe_03_eff_2"},{"frame":[{"curve":[0,0.48,0.75,1],"duration":90,"color":{"aM":32}},{"curve":[0.25,0,1,0.75],"duration":15,"color":{"aM":82}},{"tweenEasing":null,"duration":0,"color":{"aM":32}}],"name":"fanguang"},{"frame":[{"curve":[0,0.42,0.62,0.86],"duration":60,"color":{"bM":72,"rM":72,"gM":72}},{"tweenEasing":null,"duration":30},{"curve":[0.25,0,1,0.75],"duration":15},{"tweenEasing":null,"duration":0,"color":{"bM":72,"rM":72,"gM":72}}],"name":"fanguang2"},{"frame":[{"tweenEasing":0,"duration":60},{"tweenEasing":null,"duration":30,"color":{"bM":65,"rM":65,"gM":65}},{"tweenEasing":null,"duration":15,"color":{"bM":65,"rM":65,"gM":65}}],"name":"geban"},{"frame":[{"curve":[0,0.33,0.342,0.66],"duration":60,"color":{"aM":0}},{"curve":[0,0.62,0.75,1],"duration":10,"color":{"aM":83}},{"curve":[0,0.33,0.342,0.66],"duration":10,"color":{"aM":56}},{"curve":[0.068,0.5,0.761,1],"duration":10,"color":{"aM":83}},{"curve":[0.25,0,1,0.75],"duration":7,"color":{"aM":56}},{"curve":[0.068,0.5,0.761,1],"duration":8,"color":{"aM":83}},{"tweenEasing":null,"duration":0,"color":{"aM":56}}],"name":"huoyan2"},{"frame":[{"tweenEasing":0,"duration":4},{"tweenEasing":0,"displayIndex":1,"duration":4},{"tweenEasing":0,"displayIndex":2,"duration":4},{"tweenEasing":0,"displayIndex":3,"duration":4},{"tweenEasing":0,"displayIndex":4,"duration":4},{"tweenEasing":0,"displayIndex":5,"duration":4},{"tweenEasing":0,"displayIndex":6,"duration":4},{"tweenEasing":0,"displayIndex":7,"duration":4},{"tweenEasing":0,"displayIndex":8,"duration":4},{"tweenEasing":0,"duration":4},{"tweenEasing":0,"displayIndex":1,"duration":4},{"tweenEasing":0,"displayIndex":2,"duration":18},{"tweenEasing":0,"displayIndex":3,"duration":3},{"tweenEasing":0,"displayIndex":4,"duration":3},{"tweenEasing":0,"displayIndex":5,"duration":3},{"tweenEasing":0,"displayIndex":6,"duration":3},{"tweenEasing":0,"displayIndex":7,"duration":3},{"tweenEasing":0,"displayIndex":8,"duration":3},{"tweenEasing":0,"duration":3},{"tweenEasing":0,"displayIndex":1,"duration":3},{"tweenEasing":0,"displayIndex":2,"duration":3},{"tweenEasing":0,"displayIndex":3,"duration":3},{"tweenEasing":0,"displayIndex":4,"duration":3},{"tweenEasing":0,"displayIndex":5,"duration":3},{"tweenEasing":0,"displayIndex":6,"duration":3},{"tweenEasing":0,"displayIndex":7,"duration":4},{"tweenEasing":null,"displayIndex":8,"duration":0}],"name":"huoyan_eff/0_00000"},{"frame":[{"tweenEasing":null,"duration":40},{"tweenEasing":0,"duration":20},{"tweenEasing":null,"duration":30,"color":{"aM":46}},{"tweenEasing":0,"duration":15,"color":{"aM":46}},{"tweenEasing":null,"duration":0}],"name":"men01"},{"frame":[{"tweenEasing":null,"duration":40},{"tweenEasing":0,"duration":20},{"tweenEasing":null,"duration":30,"color":{"aM":43}},{"tweenEasing":0,"duration":15,"color":{"aM":43}},{"tweenEasing":null,"duration":0}],"name":"men02"},{"frame":[{"tweenEasing":0,"duration":1,"color":{"aM":0}},{"tweenEasing":0,"duration":9,"color":{"aM":76}},{"tweenEasing":0,"duration":1,"color":{"aM":0}},{"tweenEasing":0,"duration":9,"color":{"aM":76}},{"tweenEasing":null,"duration":10,"color":{"aM":0}},{"tweenEasing":0,"duration":30,"color":{"aM":0}},{"curve":[0,0.31,0.875,1],"duration":5},{"tweenEasing":0,"duration":25,"color":{"aM":81}},{"tweenEasing":0,"duration":15},{"tweenEasing":null,"duration":0,"color":{"aM":0}}],"name":"men_guang01"},{"frame":[{"tweenEasing":0,"duration":1,"color":{"aM":0}},{"tweenEasing":0,"duration":9,"color":{"aM":50}},{"tweenEasing":0,"duration":1,"color":{"aM":0}},{"tweenEasing":0,"duration":9,"color":{"aM":50}},{"tweenEasing":null,"duration":10,"color":{"aM":0}},{"tweenEasing":0,"duration":30,"color":{"aM":0}},{"tweenEasing":null,"duration":30,"color":{"aM":50}},{"tweenEasing":0,"duration":15,"color":{"aM":50}},{"tweenEasing":null,"duration":0,"color":{"aM":0}}],"name":"menkuang"},{"frame":[{"tweenEasing":0,"duration":1,"color":{"aM":0}},{"tweenEasing":0,"duration":9,"color":{"aM":43}},{"tweenEasing":0,"duration":1,"color":{"aM":0}},{"tweenEasing":0,"duration":9,"color":{"aM":43}},{"tweenEasing":null,"duration":10,"color":{"aM":0}},{"tweenEasing":0,"duration":30,"color":{"aM":0}},{"curve":[0,0.62,0.75,1],"duration":30,"color":{"aM":19}},{"tweenEasing":null,"duration":15,"color":{"aM":0}},{"tweenEasing":null,"duration":0,"color":{"aM":0}}],"name":"rukou2"},{"frame":[{"tweenEasing":0,"duration":1,"color":{"aM":0}},{"tweenEasing":0,"duration":4,"color":{"aM":44}},{"tweenEasing":null,"duration":5,"color":{"aM":0}},{"tweenEasing":0,"duration":1,"color":{"aM":0}},{"tweenEasing":0,"duration":4,"color":{"aM":44}},{"tweenEasing":null,"duration":90,"color":{"aM":0}}],"name":"shandian01"},{"frame":[{"tweenEasing":0,"duration":1,"color":{"aM":0}},{"tweenEasing":0,"duration":4,"color":{"aM":52}},{"tweenEasing":null,"duration":5,"color":{"aM":0}},{"tweenEasing":0,"duration":1,"color":{"aM":0}},{"tweenEasing":0,"duration":4,"color":{"aM":52}},{"tweenEasing":null,"duration":90,"color":{"aM":0}}],"name":"shandian02"},{"frame":[{"tweenEasing":0,"duration":1,"color":{"aM":0}},{"tweenEasing":0,"duration":4,"color":{"aM":45}},{"tweenEasing":null,"duration":5,"color":{"aM":0}},{"tweenEasing":0,"duration":1,"color":{"aM":0}},{"tweenEasing":0,"duration":4,"color":{"aM":45}},{"tweenEasing":null,"duration":90,"color":{"aM":0}}],"name":"shandian03"}],"ffd":[],"bone":[{"frame":[{"curve":[0,0.4,0.571,0.81],"duration":60,"transform":{}},{"curve":[0,0.62,0.75,1],"duration":30,"transform":{"scY":1.1,"y":15.905,"scX":1.1,"x":-56.605}},{"curve":[0.25,0,1,0.75],"duration":15,"transform":{"scY":1.2,"y":29.735,"scX":1.2,"x":-112.66}},{"duration":0,"transform":{}}],"name":"zuobiao"},{"frame":[{"duration":60,"transform":{}},{"duration":30,"transform":{}},{"duration":15,"transform":{}},{"duration":0,"transform":{}}],"name":"root"},{"frame":[{"curve":[0,0.4,0.571,0.81],"duration":60,"transform":{}},{"curve":[0,0.62,0.75,1],"duration":30,"transform":{"scY":1.223,"y":16.24,"x":0.095}},{"curve":[0.25,0,1,0.75],"duration":15,"transform":{"scY":1.243,"y":17.72,"x":0.105}},{"duration":0,"transform":{}}],"name":"zhuozi"},{"frame":[{"curve":[0,0.4,0.571,0.81],"duration":60,"transform":{}},{"curve":[0,0.62,0.75,1],"duration":30,"transform":{"scY":0.962,"y":-5.83,"skX":-0.33,"skY":-0.33,"scX":0.962}},{"curve":[0.25,0,1,0.75],"duration":15,"transform":{"scY":0.958,"y":-6.36,"skX":-0.36,"skY":-0.36,"scX":0.958}},{"duration":0,"transform":{}}],"name":"bone"},{"frame":[{"curve":[0,0.4,0.571,0.81],"duration":60,"transform":{}},{"curve":[0,0.62,0.75,1],"duration":30,"transform":{"scY":1.017,"skX":-0.3,"skY":-0.3}},{"curve":[0.25,0,1,0.75],"duration":15,"transform":{"scY":1.019,"skX":-0.33,"skY":-0.33}},{"duration":0,"transform":{}}],"name":"geban"},{"frame":[{"curve":[0,0.4,0.571,0.81],"duration":60,"transform":{}},{"curve":[0,0.62,0.75,1],"duration":30,"transform":{"skX":-0.36,"skY":-0.36,"scX":0.981}},{"curve":[0.25,0,1,0.75],"duration":15,"transform":{"skX":-0.4,"skY":-0.4,"scX":0.979}},{"duration":0,"transform":{}}],"name":"bilu"},{"frame":[{"curve":[0,0.34,0.421,0.69],"duration":60,"transform":{}},{"curve":[0,0.62,0.75,1],"duration":30,"transform":{"skX":-13.71,"skY":-13.71}},{"curve":[0.25,0,1,0.75],"duration":15,"transform":{"skX":-19.29,"skY":-19.29}},{"duration":0,"transform":{}}],"name":"diaodeng"},{"frame":[{"curve":[0,0.34,0.421,0.69],"duration":60,"transform":{}},{"curve":[0,0.62,0.75,1],"duration":30,"transform":{"y":1.69,"x":0.12}},{"curve":[0.25,0,1,0.75],"duration":15,"transform":{"y":2.38,"x":0.17}},{"duration":0,"transform":{}}],"name":"huoyan"},{"frame":[{"curve":[0,0.4,0.571,0.81],"duration":60,"transform":{}},{"curve":[0,0.62,0.75,1],"duration":30,"transform":{"scY":0.919,"y":-14.51,"scX":0.919,"x":-5.16}},{"curve":[0.25,0,1,0.75],"duration":15,"transform":{"scY":0.912,"y":-15.835,"scX":0.912,"x":-5.635}},{"duration":0,"transform":{}}],"name":"rukou"},{"frame":[{"curve":[0,0.33,0.342,0.66],"duration":2,"transform":{}},{"curve":[0,0.33,0.342,0.66],"duration":8,"transform":{"scX":0.872}},{"curve":[0,0.33,0.342,0.66],"duration":2,"transform":{}},{"curve":[0,0.33,0.342,0.66],"duration":13,"transform":{"scX":0.872}},{"curve":[0,0.38,0.545,0.79],"duration":15,"transform":{}},{"curve":[0.25,0,1,0],"duration":20,"transform":{"skX":-2.07,"skY":-2.07}},{"duration":30,"transform":{"skX":21.04,"skY":21.04,"scX":-0.757}},{"curve":[0.235,0.565,0.761,1],"duration":15,"transform":{"skX":21.04,"skY":21.04,"scX":-0.757}},{"duration":0,"transform":{}}],"name":"men02"},{"frame":[{"curve":[0,0.33,0.342,0.66],"duration":2,"transform":{}},{"curve":[0,0.33,0.342,0.66],"duration":8,"transform":{"scX":0.837}},{"curve":[0,0.33,0.342,0.66],"duration":2,"transform":{}},{"curve":[0,0.33,0.342,0.66],"duration":13,"transform":{"scX":0.837}},{"curve":[0,0.38,0.545,0.79],"duration":15,"transform":{}},{"curve":[0.25,0,1,0],"duration":20,"transform":{"skX":-0.57,"skY":-0.57}},{"curve":[0,0.62,0.75,1],"duration":30,"transform":{"skX":-10.64,"skY":-10.64,"scX":-0.533}},{"curve":[0.235,0.565,0.761,1],"duration":15,"transform":{"skX":349.35,"skY":349.35,"scX":-0.533}},{"duration":0,"transform":{}}],"name":"men01"},{"frame":[{"duration":60,"transform":{}},{"duration":30,"transform":{}},{"duration":15,"transform":{}},{"duration":0,"transform":{}}],"name":"jiedao"},{"frame":[{"curve":[0,0.4,0.571,0.81],"duration":60,"transform":{}},{"curve":[0,0.62,0.75,1],"duration":30,"transform":{"scY":0.962,"y":13.12}},{"curve":[0.25,0,1,0.75],"duration":15,"transform":{"scY":0.958,"y":14.315}},{"duration":0,"transform":{}}],"name":"guizi"},{"frame":[{"duration":60,"transform":{}},{"duration":30,"transform":{}},{"duration":15,"transform":{}},{"duration":0,"transform":{}}],"name":"dengguang"},{"frame":[{"curve":[0,0.34,0.421,0.69],"duration":60,"transform":{"y":-1.39,"x":7.105}},{"curve":[0,0.62,0.75,1],"duration":30,"transform":{"y":-0.86,"x":-0.67}},{"curve":[0.25,0,1,0.75],"duration":15,"transform":{"y":-0.64,"x":-3.835}},{"duration":0,"transform":{"y":-1.39,"x":7.105}}],"name":"fanguang"},{"frame":[{"curve":[0,0.33,0.372,0.67],"duration":60,"transform":{}},{"curve":[0,0.62,0.75,1],"duration":30,"transform":{"skX":-6,"skY":-6}},{"curve":[0.25,0,1,0.75],"duration":15,"transform":{"skX":-8.66,"skY":-8.66}},{"duration":0,"transform":{}}],"name":"fanguang2"},{"frame":[{"tweenEasing":0,"duration":5,"transform":{}},{"tweenEasing":0,"duration":5,"transform":{"scY":1.636,"scX":1.796}},{"tweenEasing":0,"duration":5,"transform":{}},{"duration":45,"transform":{"scY":1.636,"scX":1.796}},{"duration":45,"transform":{"scY":1.636,"scX":1.796}}],"name":"shandian01"},{"frame":[{"tweenEasing":0,"duration":5,"transform":{}},{"tweenEasing":0,"duration":5,"transform":{"scY":1.363,"scX":1.354}},{"tweenEasing":0,"duration":5,"transform":{}},{"duration":45,"transform":{"scY":1.363,"scX":1.354}},{"duration":45,"transform":{"scY":1.363,"scX":1.354}}],"name":"shandian02"},{"frame":[{"tweenEasing":0,"duration":5,"transform":{}},{"tweenEasing":0,"duration":5,"transform":{"scY":1.427,"scX":1.262}},{"tweenEasing":0,"duration":5,"transform":{}},{"duration":45,"transform":{"scY":1.427,"scX":1.262}},{"duration":45,"transform":{"scY":1.427,"scX":1.262}}],"name":"shandian03"},{"frame":[{"duration":60,"transform":{}},{"duration":30,"transform":{}},{"duration":15,"transform":{}},{"duration":0,"transform":{}}],"name":"menkuang"},{"frame":[{"tweenEasing":0,"duration":40,"transform":{}},{"curve":[0.25,0,1,0],"duration":20,"transform":{"scY":1.68,"scX":1.68}},{"curve":[0,0.62,0.75,1],"duration":25,"transform":{"scY":4.35,"scX":4.35}},{"duration":20,"transform":{"scY":6.233,"skX":32.16,"skY":32.16,"scX":6.233}}],"name":"fangshe_eff/cheng_fangshe_03_eff_02"},{"frame":[{"tweenEasing":0,"duration":60,"transform":{"skX":148.29,"skY":148.29}},{"duration":10,"transform":{"skX":0.34,"skY":0.34}},{"duration":35,"transform":{"skX":0.34,"skY":0.34}}],"name":"fangshe_eff/cheng_fangshe_03_eff_2"},{"frame":[{"duration":60,"transform":{}},{"duration":30,"transform":{}},{"duration":15,"transform":{}},{"duration":0,"transform":{}}],"name":"men_guang01"},{"frame":[{"duration":105,"transform":{}}],"name":"ditan"},{"frame":[{"duration":105,"transform":{}}],"name":"huoyan_eff/0_00000"}],"name":"002_gaoji","ik":[]}],"type":"Armature","frameRate":30,"ik":[],"bone":[{"name":"root","transform":{}},{"transform":{"y":174.265,"x":-313.22},"name":"zuobiao","parent":"root"},{"transform":{"y":-286.15,"x":293.885},"name":"bone","parent":"zuobiao"},{"length":77.5,"transform":{"y":-172.17,"skX":-1.59,"skY":-1.59,"x":534.83},"parent":"zuobiao","name":"guizi"},{"length":110.5,"transform":{"y":-41.04,"skX":7.87,"skY":7.87,"x":146.48},"parent":"zuobiao","name":"zhuozi"},{"transform":{"y":223.895,"x":104.78},"name":"rukou","parent":"bone"},{"length":318,"transform":{"y":97.005,"skX":-1.08,"skY":-1.08,"x":6.765},"parent":"bone","name":"geban"},{"length":290.5,"transform":{"y":97.005,"skX":-175.24,"skY":-175.24,"x":-85.495},"parent":"bone","name":"bilu"},{"transform":{"y":26.535,"x":20.625},"name":"fanguang2","parent":"guizi"},{"length":32,"transform":{"y":-87.11,"skX":98.41,"skY":98.41,"x":-72.055},"parent":"geban","name":"diaodeng"},{"transform":{"scY":1.471,"y":-158.785,"scX":1.471,"x":-194.63},"name":"ditan","parent":"bilu"},{"transform":{"y":-35.685,"x":-33.12},"name":"fanguang","parent":"bilu"},{"transform":{"y":-71.09,"x":57.6},"name":"fangshe_eff/cheng_fangshe_03_eff_2","parent":"rukou"},{"transform":{"y":-71.09,"x":57.6},"name":"fangshe_eff/cheng_fangshe_03_eff_02","parent":"rukou"},{"transform":{"y":-116.24,"x":54.815},"name":"huoyan","parent":"bilu"},{"length":41,"transform":{"y":-143.56,"skX":83.03,"skY":83.03,"x":50.41},"parent":"bilu","name":"huoyan_eff/0_00000"},{"transform":{"y":-103.165,"x":60.11},"name":"jiedao","parent":"rukou"},{"length":25,"transform":{"y":-66.415,"skX":-171.86,"skY":-171.86,"x":81.54},"parent":"rukou","name":"men01"},{"length":21,"transform":{"y":-65.495,"skX":-9.76,"skY":-9.76,"x":33.39},"parent":"rukou","name":"men02"},{"transform":{"y":-41.235,"x":56.695},"name":"men_guang01","parent":"rukou"},{"length":51.5,"transform":{"y":55.95,"skX":1.95,"skY":1.95,"x":8.68},"parent":"geban","name":"menkuang"},{"length":87.5,"transform":{"y":-28.43,"skX":90.61,"skY":90.61,"x":46.29},"parent":"rukou","name":"shandian01"},{"length":113.5,"transform":{"y":-134.96,"skX":-155.38,"skY":-155.38,"x":58.545},"parent":"rukou","name":"shandian02"},{"length":106.5,"transform":{"y":-82.165,"skX":-178.47,"skY":-178.47,"x":4.81},"parent":"rukou","name":"shandian03"},{"length":81.5,"transform":{"scY":1.305,"y":-0.765,"skX":2.1,"skY":2.1,"scX":1.305,"x":23.44},"parent":"diaodeng","name":"dengguang"}],"aabb":{"width":847.928440273846,"y":-174.73602518311063,"height":349.04587486712205,"x":-313.2184152827367},"skin":[{"slot":[{"display":[{"path":"men01","type":"image","name":"men01","transform":{"y":4.875,"skX":171.85,"skY":171.85,"x":13.1}}],"name":"men01"},{"display":[{"path":"geban","type":"image","name":"geban","transform":{"y":17.42,"skX":1.08,"skY":1.08,"x":146.04}}],"name":"geban"},{"display":[{"path":"fanguang","type":"image","name":"fanguang","transform":{"scY":2.599,"y":0.74,"skX":1.59,"skY":1.59,"scX":2.599,"x":1.38}}],"blendMode":"add","name":"fanguang2"},{"display":[{"path":"men02","type":"image","name":"men02","transform":{"y":-9.07,"skX":9.78,"skY":9.78,"x":13.095}}],"name":"men02"},{"display":[{"path":"shandian03","type":"image","name":"shandian03","transform":{"y":-1.205,"skX":178.47,"skY":178.47,"x":45.235}}],"blendMode":"add","name":"shandian03"},{"display":[{"path":"zhuozi","type":"image","name":"zhuozi","transform":{"y":-30.33,"skX":-7.86,"skY":-7.86,"x":61.195}}],"name":"zhuozi"},{"display":[{"path":"men_guang01","type":"image","name":"men_guang01","transform":{"scY":3.64,"y":-29.4,"scX":3.64,"x":-27.415}}],"blendMode":"add","name":"men_guang01"},{"display":[{"path":"rukou","type":"image","name":"rukou","transform":{"y":-73.685,"x":10.82}}],"blendMode":"add","name":"rukou2"},{"display":[{"path":"rukou","type":"image","name":"rukou","transform":{"y":-73.685,"x":10.82}}],"name":"rukou"},{"display":[{"path":"guizi","type":"image","name":"guizi","transform":{"y":1.245,"skX":1.59,"skY":1.59,"x":128.615}}],"name":"guizi2"},{"display":[{"path":"menkuang","type":"image","name":"menkuang","transform":{"y":-18.71,"skX":-0.85,"skY":-0.85,"x":149.01}}],"name":"menkuang"},{"display":[{"path":"bilu","type":"image","name":"bilu","transform":{"y":-17.5,"skX":175.24,"skY":175.24,"x":33.69}}],"name":"bilu"},{"display":[{"path":"dengguang","type":"image","name":"dengguang","transform":{"y":-2.695,"skX":-90.82,"skY":-90.82,"x":67.51}}],"blendMode":"add","name":"dengguang"},{"display":[{"path":"fanguang","type":"image","name":"fanguang","transform":{"y":1.055,"skX":175.24,"skY":175.24}}],"blendMode":"add","name":"fanguang"},{"display":[{"path":"shandian01","type":"image","name":"shandian01","transform":{"y":12.74,"skX":-90.6,"skY":-90.6,"x":43.5}}],"blendMode":"add","name":"shandian01"},{"display":[{"path":"ditan","type":"image","name":"ditan","transform":{"y":7.24,"skX":175.24,"skY":175.24,"x":-7.935}}],"name":"ditan"},{"display":[{"path":"fangshe_eff/cheng_fangshe_03_eff_02","type":"image","name":"fangshe_eff/cheng_fangshe_03_eff_02","transform":{}},{"path":"fangshe_eff/cheng_fangshe_03_eff_03","type":"image","name":"fangshe_eff/cheng_fangshe_03_eff_03","transform":{"y":-1.035,"x":-0.745}},{"path":"fangshe_eff/cheng_fangshe_03_eff_04","type":"image","name":"fangshe_eff/cheng_fangshe_03_eff_04","transform":{"y":-1.035,"x":-0.745}}],"blendMode":"add","name":"fangshe_eff/cheng_fangshe_03_eff_02"},{"display":[{"path":"jiedao","type":"image","name":"jiedao","transform":{"y":17.725,"x":-0.535}}],"name":"jiedao"},{"display":[{"path":"huoyan","type":"image","name":"huoyan","transform":{"y":2.885,"skX":175.24,"skY":175.24,"x":-11.815}}],"name":"huoyan"},{"display":[{"path":"diaodeng","type":"image","name":"diaodeng","transform":{"y":-0.45,"skX":-91.34,"skY":-91.34,"x":17.615}}],"name":"diaodeng"},{"display":[{"path":"shandian02","type":"image","name":"shandian02","transform":{"y":1.785,"skX":155.2,"skY":155.2,"x":52.67}}],"blendMode":"add","name":"shandian02"},{"display":[{"path":"huoyan_eff/0_00000","type":"image","name":"huoyan_eff/0_00000","transform":{"y":0.635,"skX":92.19,"skY":92.19,"x":36.445}},{"path":"huoyan_eff/0_00001","type":"image","name":"huoyan_eff/0_00001","transform":{"y":0.635,"skX":92.19,"skY":92.19,"x":36.445}},{"path":"huoyan_eff/0_00002","type":"image","name":"huoyan_eff/0_00002","transform":{"y":0.635,"skX":92.19,"skY":92.19,"x":36.445}},{"path":"huoyan_eff/0_00003","type":"image","name":"huoyan_eff/0_00003","transform":{"y":0.635,"skX":92.19,"skY":92.19,"x":36.445}},{"path":"huoyan_eff/0_00004","type":"image","name":"huoyan_eff/0_00004","transform":{"y":0.635,"skX":92.19,"skY":92.19,"x":36.445}},{"path":"huoyan_eff/0_00005","type":"image","name":"huoyan_eff/0_00005","transform":{"y":0.635,"skX":92.19,"skY":92.19,"x":36.445}},{"path":"huoyan_eff/0_00006","type":"image","name":"huoyan_eff/0_00006","transform":{"y":0.635,"skX":92.19,"skY":92.19,"x":36.445}},{"path":"huoyan_eff/0_00007","type":"image","name":"huoyan_eff/0_00007","transform":{"y":0.635,"skX":92.19,"skY":92.19,"x":36.445}},{"path":"huoyan_eff/0_00008","type":"image","name":"huoyan_eff/0_00008","transform":{"y":0.635,"skX":92.19,"skY":92.19,"x":36.445}}],"name":"huoyan_eff/0_00000"},{"display":[{"path":"huoyan","type":"image","name":"huoyan","transform":{"y":2.885,"skX":175.24,"skY":175.24,"x":-11.815}}],"blendMode":"add","name":"huoyan2"},{"display":[{"path":"fangshe_eff/cheng_fangshe_03_eff_02","type":"image","name":"fangshe_eff/cheng_fangshe_03_eff_02","transform":{}},{"path":"fangshe_eff/cheng_fangshe_03_eff_03","type":"image","name":"fangshe_eff/cheng_fangshe_03_eff_03","transform":{"y":-1.035,"x":-0.745}},{"path":"fangshe_eff/cheng_fangshe_03_eff_04","type":"image","name":"fangshe_eff/cheng_fangshe_03_eff_04","transform":{"y":-1.035,"x":-0.745}}],"blendMode":"add","name":"fangshe_eff/cheng_fangshe_03_eff_2"}],"name":""}],"slot":[{"name":"jiedao","parent":"jiedao","color":{}},{"blendMode":"add","z":1,"parent":"fangshe_eff/cheng_fangshe_03_eff_2","displayIndex":-1,"name":"fangshe_eff/cheng_fangshe_03_eff_2","color":{}},{"z":2,"name":"rukou","parent":"rukou","color":{}},{"blendMode":"add","z":3,"parent":"rukou","displayIndex":-1,"name":"rukou2","color":{}},{"blendMode":"add","z":4,"parent":"men_guang01","displayIndex":-1,"name":"men_guang01","color":{}},{"z":5,"name":"men01","parent":"men01","color":{}},{"z":6,"name":"men02","parent":"men02","color":{}},{"blendMode":"add","z":7,"parent":"shandian02","displayIndex":-1,"name":"shandian02","color":{}},{"blendMode":"add","z":8,"parent":"shandian03","displayIndex":-1,"name":"shandian03","color":{}},{"z":9,"name":"huoyan","parent":"huoyan","color":{}},{"displayIndex":4,"z":10,"name":"huoyan_eff/0_00000","parent":"huoyan_eff/0_00000","color":{}},{"blendMode":"add","z":11,"parent":"huoyan","name":"huoyan2","color":{"aM":43}},{"z":12,"name":"bilu","parent":"bilu","color":{}},{"z":13,"name":"geban","parent":"geban","color":{}},{"z":14,"name":"ditan","parent":"ditan","color":{}},{"displayIndex":-1,"z":15,"name":"menkuang","parent":"menkuang","color":{}},{"blendMode":"add","z":16,"parent":"shandian01","displayIndex":-1,"name":"shandian01","color":{}},{"z":17,"name":"diaodeng","parent":"diaodeng","color":{}},{"z":18,"name":"guizi2","parent":"guizi","color":{}},{"z":19,"name":"zhuozi","parent":"zhuozi","color":{}},{"blendMode":"add","z":20,"parent":"dengguang","name":"dengguang","color":{}},{"blendMode":"add","z":21,"parent":"fanguang","name":"fanguang","color":{}},{"blendMode":"add","z":22,"parent":"fanguang2","name":"fanguang2","color":{}},{"blendMode":"add","z":23,"parent":"fangshe_eff/cheng_fangshe_03_eff_02","displayIndex":-1,"name":"fangshe_eff/cheng_fangshe_03_eff_02","color":{}}],"name":"armatureName"}],"name":"jg_zhaomu","version":"4.0"}