{"frameRate":30,"name":"cheng_shangshengleidian_eff","version":"5.5","compatibleVersion":"5.5","armature":[{"type":"Armature","frameRate":30,"name":"armatureName","aabb":{"x":-113.49,"y":-342.37,"width":225,"height":375},"bone":[{"name":"root"},{"length":93,"name":"lan_shangshengleidian_eff_01","parent":"root","transform":{"x":-0.99,"y":-154.87,"skX":-90,"skY":-90}},{"length":93,"name":"lan_shangshengleidian_eff_1","parent":"root","transform":{"x":89.99,"y":-154.87,"skX":-90,"skY":-90}},{"length":93,"name":"lan_shangshengleidian_eff_2","parent":"root","transform":{"x":180,"y":-154.87,"skX":-90,"skY":-90}},{"length":93,"name":"lan_shangshengleidian_eff_3","parent":"root","transform":{"x":270,"y":-154.87,"skX":-90,"skY":-90}},{"length":93,"name":"lan_shangshengleidian_eff_4","parent":"root","transform":{"x":360,"y":-154.87,"skX":-90,"skY":-90}},{"length":93,"name":"lan_shangshengleidian_eff_5","parent":"root","transform":{"x":450,"y":-154.87,"skX":-90,"skY":-90}},{"length":93,"name":"lan_shangshengleidian_eff_6","parent":"root","transform":{"x":540,"y":-154.87,"skX":-90,"skY":-90}},{"length":89,"name":"lan_shangshengleidian_eff_pz","parent":"root","transform":{"x":-2.99,"y":-171.81}}],"slot":[{"name":"lan_shangshengleidian_eff_pz","parent":"lan_shangshengleidian_eff_pz"},{"name":"lan_shangshengleidian_eff_01","parent":"lan_shangshengleidian_eff_01"},{"displayIndex":-1,"name":"lan_shangshengleidian_eff_1","parent":"lan_shangshengleidian_eff_1"},{"displayIndex":-1,"name":"lan_shangshengleidian_eff_2","parent":"lan_shangshengleidian_eff_2"},{"displayIndex":-1,"name":"lan_shangshengleidian_eff_3","parent":"lan_shangshengleidian_eff_3"},{"displayIndex":-1,"name":"lan_shangshengleidian_eff_4","parent":"lan_shangshengleidian_eff_4"},{"displayIndex":-1,"name":"lan_shangshengleidian_eff_5","parent":"lan_shangshengleidian_eff_5"},{"displayIndex":-1,"name":"lan_shangshengleidian_eff_6","parent":"lan_shangshengleidian_eff_6"}],"skin":[{"slot":[{"name":"lan_shangshengleidian_eff_2","display":[{"name":"cheng_shangshengleidian_eff_01","transform":{"skX":90,"skY":90}},{"name":"cheng_shangshengleidian_eff_02","transform":{"skX":90,"skY":90}},{"name":"cheng_shangshengleidian_eff_03","transform":{"skX":90,"skY":90}},{"name":"cheng_shangshengleidian_eff_04","transform":{"skX":90,"skY":90}},{"name":"cheng_shangshengleidian_eff_05","transform":{"skX":90,"skY":90}}]},{"name":"lan_shangshengleidian_eff_01","display":[{"name":"cheng_shangshengleidian_eff_01","transform":{"skX":90,"skY":90}},{"name":"cheng_shangshengleidian_eff_02","transform":{"skX":90,"skY":90}},{"name":"cheng_shangshengleidian_eff_03","transform":{"skX":90,"skY":90}},{"name":"cheng_shangshengleidian_eff_04","transform":{"skX":90,"skY":90}},{"name":"cheng_shangshengleidian_eff_05","transform":{"skX":90,"skY":90}}]},{"name":"lan_shangshengleidian_eff_1","display":[{"name":"cheng_shangshengleidian_eff_01","transform":{"skX":90,"skY":90}},{"name":"cheng_shangshengleidian_eff_02","transform":{"skX":90,"skY":90}},{"name":"cheng_shangshengleidian_eff_03","transform":{"skX":90,"skY":90}},{"name":"cheng_shangshengleidian_eff_04","transform":{"skX":90,"skY":90}},{"name":"cheng_shangshengleidian_eff_05","transform":{"skX":90,"skY":90}}]},{"name":"lan_shangshengleidian_eff_3","display":[{"name":"cheng_shangshengleidian_eff_01","transform":{"skX":90,"skY":90}},{"name":"cheng_shangshengleidian_eff_02","transform":{"skX":90,"skY":90}},{"name":"cheng_shangshengleidian_eff_03","transform":{"skX":90,"skY":90}},{"name":"cheng_shangshengleidian_eff_04","transform":{"skX":90,"skY":90}},{"name":"cheng_shangshengleidian_eff_05","transform":{"skX":90,"skY":90}}]},{"name":"lan_shangshengleidian_eff_6","display":[{"name":"cheng_shangshengleidian_eff_01","transform":{"skX":90,"skY":90}},{"name":"cheng_shangshengleidian_eff_02","transform":{"skX":90,"skY":90}},{"name":"cheng_shangshengleidian_eff_03","transform":{"skX":90,"skY":90}},{"name":"cheng_shangshengleidian_eff_04","transform":{"skX":90,"skY":90}},{"name":"cheng_shangshengleidian_eff_05","transform":{"skX":90,"skY":90}}]},{"name":"lan_shangshengleidian_eff_5","display":[{"name":"cheng_shangshengleidian_eff_01","transform":{"skX":90,"skY":90}},{"name":"cheng_shangshengleidian_eff_02","transform":{"skX":90,"skY":90}},{"name":"cheng_shangshengleidian_eff_03","transform":{"skX":90,"skY":90}},{"name":"cheng_shangshengleidian_eff_04","transform":{"skX":90,"skY":90}},{"name":"cheng_shangshengleidian_eff_05","transform":{"skX":90,"skY":90}}]},{"name":"lan_shangshengleidian_eff_pz","display":[{"name":"cheng_shangshengleidian_eff_pz","transform":{"scX":11.924,"scY":34.937}}]},{"name":"lan_shangshengleidian_eff_4","display":[{"name":"cheng_shangshengleidian_eff_01","transform":{"skX":90,"skY":90}},{"name":"cheng_shangshengleidian_eff_02","transform":{"skX":90,"skY":90}},{"name":"cheng_shangshengleidian_eff_03","transform":{"skX":90,"skY":90}},{"name":"cheng_shangshengleidian_eff_04","transform":{"skX":90,"skY":90}},{"name":"cheng_shangshengleidian_eff_05","transform":{"skX":90,"skY":90}}]}]}],"animation":[{"duration":20,"name":"animation","slot":[{"name":"lan_shangshengleidian_eff_01","displayFrame":[{"duration":3},{"duration":3,"value":1},{"duration":3,"value":2},{"duration":3,"value":3},{"duration":8,"value":4}],"colorFrame":[{"duration":12,"tweenEasing":0},{"duration":8,"tweenEasing":0},{"duration":0,"value":{"aM":0}}]},{"name":"lan_shangshengleidian_eff_pz","displayFrame":[{"duration":12},{"duration":8,"value":-1}]}]},{"duration":50,"name":"animation2","bone":[{"name":"lan_shangshengleidian_eff_pz","translateFrame":[{"duration":7},{"tweenEasing":0},{"duration":4,"x":89.01},{"tweenEasing":0,"x":89.01},{"duration":4,"x":181.49},{"tweenEasing":0,"x":181.49},{"duration":4,"x":269.34},{"tweenEasing":0,"x":269.34},{"duration":4,"x":358.35},{"tweenEasing":0,"x":358.35},{"duration":4,"x":448.73},{"tweenEasing":0,"x":448.73},{"duration":17,"x":540.38}]}],"slot":[{"name":"lan_shangshengleidian_eff_01","displayFrame":[{"duration":3},{"duration":3,"value":1},{"duration":3,"value":2},{"duration":3,"value":3},{"duration":38,"value":4}],"colorFrame":[{"duration":12,"tweenEasing":0},{"duration":8,"tweenEasing":0},{"duration":30,"value":{"aM":0}}]},{"name":"lan_shangshengleidian_eff_1","displayFrame":[{"duration":5,"value":-1},{"duration":3},{"duration":3,"value":1},{"duration":3,"value":2},{"duration":3,"value":3},{"duration":33,"value":4}],"colorFrame":[{"duration":17,"tweenEasing":0},{"duration":8,"tweenEasing":0},{"duration":25,"value":{"aM":0}}]},{"name":"lan_shangshengleidian_eff_2","displayFrame":[{"duration":10,"value":-1},{"duration":3},{"duration":3,"value":1},{"duration":3,"value":2},{"duration":3,"value":3},{"duration":28,"value":4}],"colorFrame":[{"duration":22,"tweenEasing":0},{"duration":8,"tweenEasing":0},{"duration":20,"value":{"aM":0}}]},{"name":"lan_shangshengleidian_eff_3","displayFrame":[{"duration":15,"value":-1},{"duration":3},{"duration":3,"value":1},{"duration":3,"value":2},{"duration":3,"value":3},{"duration":23,"value":4}],"colorFrame":[{"duration":27,"tweenEasing":0},{"duration":8,"tweenEasing":0},{"duration":15,"value":{"aM":0}}]},{"name":"lan_shangshengleidian_eff_4","displayFrame":[{"duration":20,"value":-1},{"duration":3},{"duration":3,"value":1},{"duration":3,"value":2},{"duration":3,"value":3},{"duration":18,"value":4}],"colorFrame":[{"duration":32,"tweenEasing":0},{"duration":8,"tweenEasing":0},{"duration":10,"value":{"aM":0}}]},{"name":"lan_shangshengleidian_eff_5","displayFrame":[{"duration":25,"value":-1},{"duration":3},{"duration":3,"value":1},{"duration":3,"value":2},{"duration":3,"value":3},{"duration":13,"value":4}],"colorFrame":[{"duration":37,"tweenEasing":0},{"duration":8,"tweenEasing":0},{"duration":5,"value":{"aM":0}}]},{"name":"lan_shangshengleidian_eff_6","displayFrame":[{"duration":30,"value":-1},{"duration":3},{"duration":3,"value":1},{"duration":3,"value":2},{"duration":3,"value":3},{"duration":8,"value":4}],"colorFrame":[{"duration":42,"tweenEasing":0},{"duration":8,"tweenEasing":0},{"duration":0,"value":{"aM":0}}]},{"name":"lan_shangshengleidian_eff_pz","displayFrame":[{"duration":38},{"duration":12,"value":-1}]}]},{"duration":20,"name":"animation3","bone":[{"name":"lan_shangshengleidian_eff_pz","translateFrame":[{"duration":20,"x":270.41}],"scaleFrame":[{"duration":20,"x":5.51}]}],"slot":[{"name":"lan_shangshengleidian_eff_01","displayFrame":[{"duration":3},{"duration":3,"value":1},{"duration":3,"value":2},{"duration":3,"value":3},{"duration":8,"value":4}],"colorFrame":[{"duration":12,"tweenEasing":0},{"duration":8,"tweenEasing":0},{"duration":0,"value":{"aM":0}}]},{"name":"lan_shangshengleidian_eff_1","displayFrame":[{"duration":3},{"duration":3,"value":1},{"duration":3,"value":2},{"duration":3,"value":3},{"duration":8,"value":4}],"colorFrame":[{"duration":12,"tweenEasing":0},{"duration":8,"tweenEasing":0},{"duration":0,"value":{"aM":0}}]},{"name":"lan_shangshengleidian_eff_2","displayFrame":[{"duration":3},{"duration":3,"value":1},{"duration":3,"value":2},{"duration":3,"value":3},{"duration":8,"value":4}],"colorFrame":[{"duration":12,"tweenEasing":0},{"duration":8,"tweenEasing":0},{"duration":0,"value":{"aM":0}}]},{"name":"lan_shangshengleidian_eff_3","displayFrame":[{"duration":3},{"duration":3,"value":1},{"duration":3,"value":2},{"duration":3,"value":3},{"duration":8,"value":4}],"colorFrame":[{"duration":12,"tweenEasing":0},{"duration":8,"tweenEasing":0},{"duration":0,"value":{"aM":0}}]},{"name":"lan_shangshengleidian_eff_4","displayFrame":[{"duration":3},{"duration":3,"value":1},{"duration":3,"value":2},{"duration":3,"value":3},{"duration":8,"value":4}],"colorFrame":[{"duration":12,"tweenEasing":0},{"duration":8,"tweenEasing":0},{"duration":0,"value":{"aM":0}}]},{"name":"lan_shangshengleidian_eff_5","displayFrame":[{"duration":3},{"duration":3,"value":1},{"duration":3,"value":2},{"duration":3,"value":3},{"duration":8,"value":4}],"colorFrame":[{"duration":12,"tweenEasing":0},{"duration":8,"tweenEasing":0},{"duration":0,"value":{"aM":0}}]},{"name":"lan_shangshengleidian_eff_6","displayFrame":[{"duration":3},{"duration":3,"value":1},{"duration":3,"value":2},{"duration":3,"value":3},{"duration":8,"value":4}],"colorFrame":[{"duration":12,"tweenEasing":0},{"duration":8,"tweenEasing":0},{"duration":0,"value":{"aM":0}}]},{"name":"lan_shangshengleidian_eff_pz","displayFrame":[{"duration":10},{"duration":10,"value":-1}]}]}],"defaultActions":[{"gotoAndPlay":"animation"}]}]}