{"frameRate":30,"isGlobal":0,"armature":[{"skin":[{"name":"","slot":[{"display":[{"path":"ys_shouzhang_eff_01","type":"image","name":"ys_shouzhang_eff_01","transform":{"skX":-0.51,"skY":-0.51,"y":-6.72,"x":59.38}}],"name":"ys_shouzhang_eff_8"},{"display":[{"path":"ys_shouzhang_eff_01","type":"image","name":"ys_shouzhang_eff_01","transform":{"skX":-0.51,"skY":-0.51,"y":-6.72,"x":59.38}}],"name":"ys_shouzhang_eff_4"},{"display":[{"path":"ys_shouzhang_eff_01","type":"image","name":"ys_shouzhang_eff_01","transform":{"skX":-0.51,"skY":-0.51,"y":-6.72,"x":59.38}}],"name":"ys_shouzhang_eff_5"},{"display":[{"path":"ys_shouzhang_eff_01","type":"image","name":"ys_shouzhang_eff_01","transform":{"skX":-0.51,"skY":-0.51,"y":-6.72,"x":59.38}}],"name":"ys_shouzhang_eff_6"},{"display":[{"path":"ys_shouzhang_eff_01","type":"image","name":"ys_shouzhang_eff_01","transform":{"skX":-0.51,"skY":-0.51,"y":-6.72,"x":59.38}}],"name":"ys_shouzhang_eff_7"},{"display":[{"path":"ys_shouzhang_eff_01","type":"image","name":"ys_shouzhang_eff_01","transform":{"skX":-0.51,"skY":-0.51,"y":-6.72,"x":59.38}}],"name":"ys_shouzhang_eff_01"},{"display":[{"path":"ys_shouzhang_eff_01","type":"image","name":"ys_shouzhang_eff_01","transform":{"skX":-1.26,"skY":-1.26,"y":-4.68,"x":61.79}}],"name":"ys_shouzhang_eff_19"},{"display":[{"path":"ys_shouzhang_eff_01","type":"image","name":"ys_shouzhang_eff_01","transform":{"skX":-0.51,"skY":-0.51,"y":-6.72,"x":59.38}}],"name":"ys_shouzhang_eff_2"},{"display":[{"path":"ys_shouzhang_eff_01","type":"image","name":"ys_shouzhang_eff_01","transform":{"skX":-0.51,"skY":-0.51,"y":-6.72,"x":59.38}}],"name":"ys_shouzhang_eff_13"},{"display":[{"path":"ys_shouzhang_eff_01","type":"image","name":"ys_shouzhang_eff_01","transform":{"skX":-0.51,"skY":-0.51,"y":-6.72,"x":59.38}}],"name":"ys_shouzhang_eff_3"},{"display":[{"path":"ys_shouzhang_eff_01","type":"image","name":"ys_shouzhang_eff_01","transform":{"skX":-1.26,"skY":-1.26,"y":-4.68,"scY":-1,"x":61.79}}],"name":"ys_shouzhang_eff_20"},{"display":[{"path":"ys_shouzhang_eff_01","type":"image","name":"ys_shouzhang_eff_01","transform":{"skX":-0.51,"skY":-0.51,"y":-6.72,"x":59.38}}],"name":"ys_shouzhang_eff_10"},{"display":[{"path":"ys_shouzhang_eff_01","type":"image","name":"ys_shouzhang_eff_01","transform":{"skX":-0.51,"skY":-0.51,"y":-6.72,"x":59.38}}],"name":"ys_shouzhang_eff_11"},{"display":[{"path":"ys_shouzhang_eff_01","type":"image","name":"ys_shouzhang_eff_01","transform":{"skX":-0.51,"skY":-0.51,"y":-6.72,"x":59.38}}],"name":"ys_shouzhang_eff_18"},{"display":[{"path":"ys_shouzhang_eff_01","type":"image","name":"ys_shouzhang_eff_01","transform":{"skX":-0.51,"skY":-0.51,"y":-6.72,"x":59.38}}],"name":"ys_shouzhang_eff_9"},{"display":[{"path":"ys_shouzhang_eff_01","type":"image","name":"ys_shouzhang_eff_01","transform":{"skX":-0.51,"skY":-0.51,"y":-6.72,"x":59.38}}],"name":"ys_shouzhang_eff_17"},{"display":[{"path":"ys_shouzhang_eff_01","type":"image","name":"ys_shouzhang_eff_01","transform":{"skX":-0.51,"skY":-0.51,"y":-6.72,"x":59.38}}],"name":"ys_shouzhang_eff_16"},{"display":[{"path":"ys_shouzhang_eff_01","type":"image","name":"ys_shouzhang_eff_01","transform":{"skX":-0.51,"skY":-0.51,"y":-6.72,"x":59.38}}],"name":"ys_shouzhang_eff_1"},{"display":[{"path":"ys_shouzhang_eff_01","type":"image","name":"ys_shouzhang_eff_01","transform":{"skX":-0.51,"skY":-0.51,"y":-6.72,"x":59.38}}],"name":"ys_shouzhang_eff_15"},{"display":[{"path":"ys_shouzhang_eff_01","type":"image","name":"ys_shouzhang_eff_01","transform":{"skX":-0.51,"skY":-0.51,"y":-6.72,"x":59.38}}],"name":"ys_shouzhang_eff_14"},{"display":[{"path":"ys_shouzhang_eff_01","type":"image","name":"ys_shouzhang_eff_01","transform":{"skX":-0.51,"skY":-0.51,"y":-6.72,"x":59.38}}],"name":"ys_shouzhang_eff_12"}]}],"slot":[{"name":"ys_shouzhang_eff_01","parent":"ys_shouzhang_eff_1","color":{}},{"z":1,"name":"ys_shouzhang_eff_1","parent":"ys_shouzhang_eff_3","color":{}},{"z":2,"name":"ys_shouzhang_eff_2","parent":"ys_shouzhang_eff_5","color":{}},{"z":3,"name":"ys_shouzhang_eff_3","parent":"ys_shouzhang_eff_7","color":{}},{"z":4,"name":"ys_shouzhang_eff_4","parent":"ys_shouzhang_eff_9","color":{}},{"z":5,"name":"ys_shouzhang_eff_5","parent":"ys_shouzhang_eff_11","color":{}},{"z":6,"name":"ys_shouzhang_eff_6","parent":"ys_shouzhang_eff_13","color":{}},{"z":7,"name":"ys_shouzhang_eff_7","parent":"ys_shouzhang_eff_15","color":{}},{"z":8,"name":"ys_shouzhang_eff_8","parent":"ys_shouzhang_eff_17","color":{}},{"z":9,"name":"ys_shouzhang_eff_9","parent":"ys_shouzhang_eff_19","color":{}},{"z":10,"name":"ys_shouzhang_eff_10","parent":"ys_shouzhang_eff_21","color":{}},{"z":11,"name":"ys_shouzhang_eff_11","parent":"ys_shouzhang_eff_23","color":{}},{"z":12,"name":"ys_shouzhang_eff_12","parent":"ys_shouzhang_eff_25","color":{}},{"z":13,"name":"ys_shouzhang_eff_13","parent":"ys_shouzhang_eff_27","color":{}},{"z":14,"name":"ys_shouzhang_eff_14","parent":"ys_shouzhang_eff_29","color":{}},{"z":15,"name":"ys_shouzhang_eff_15","parent":"ys_shouzhang_eff_31","color":{}},{"z":16,"name":"ys_shouzhang_eff_16","parent":"ys_shouzhang_eff_33","color":{}},{"z":17,"name":"ys_shouzhang_eff_17","parent":"ys_shouzhang_eff_35","color":{}},{"z":18,"name":"ys_shouzhang_eff_18","parent":"ys_shouzhang_eff_37","color":{}},{"z":19,"name":"ys_shouzhang_eff_19","parent":"ys_shouzhang_eff_38","color":{}},{"z":20,"name":"ys_shouzhang_eff_20","parent":"ys_shouzhang_eff_39","color":{}}],"type":"Armature","ik":[],"defaultActions":[{"gotoAndPlay":"animation"}],"animation":[{"ffd":[],"frame":[],"duration":45,"ik":[],"bone":[{"frame":[{"duration":14,"transform":{"skX":-0.54,"skY":-0.54,"y":-1.69,"x":-179.99}},{"duration":1,"transform":{"skX":-0.54,"skY":-0.54,"y":-1.69,"x":-179.99}},{"tweenEasing":0,"duration":30,"transform":{"skX":-0.54,"skY":-0.54,"y":-1.69,"x":-179.99}},{"duration":0,"transform":{"skX":-0.15,"skY":-0.15}}],"name":"ys_shouzhang_eff_1"},{"frame":[{"duration":14,"transform":{"skX":-0.54,"skY":-0.54,"y":-1.69,"x":-179.99}},{"duration":1,"transform":{"skX":-0.54,"skY":-0.54,"y":-1.69,"x":-179.99}},{"tweenEasing":0,"duration":30,"transform":{"skX":-0.54,"skY":-0.54,"y":-1.69,"x":-179.99}},{"duration":0,"transform":{"skX":-0.15,"skY":-0.15}}],"name":"ys_shouzhang_eff_3"},{"frame":[{"duration":14,"transform":{"skX":-0.54,"skY":-0.54,"y":-1.69,"x":-179.99}},{"duration":1,"transform":{"skX":-0.54,"skY":-0.54,"y":-1.69,"x":-179.99}},{"tweenEasing":0,"duration":30,"transform":{"skX":-0.54,"skY":-0.54,"y":-1.69,"x":-179.99}},{"duration":0,"transform":{"skX":-0.15,"skY":-0.15}}],"name":"ys_shouzhang_eff_5"},{"frame":[{"duration":14,"transform":{"skX":-0.54,"skY":-0.54,"y":-1.69,"x":-179.99}},{"duration":1,"transform":{"skX":-0.54,"skY":-0.54,"y":-1.69,"x":-179.99}},{"tweenEasing":0,"duration":30,"transform":{"skX":-0.54,"skY":-0.54,"y":-1.69,"x":-179.99}},{"duration":0,"transform":{"skX":-0.15,"skY":-0.15}}],"name":"ys_shouzhang_eff_7"},{"frame":[{"duration":14,"transform":{"skX":-0.54,"skY":-0.54,"y":-1.69,"x":-179.99}},{"duration":1,"transform":{"skX":-0.54,"skY":-0.54,"y":-1.69,"x":-179.99}},{"tweenEasing":0,"duration":30,"transform":{"skX":-0.54,"skY":-0.54,"y":-1.69,"x":-179.99}},{"duration":0,"transform":{"skX":-0.15,"skY":-0.15}}],"name":"ys_shouzhang_eff_9"},{"frame":[{"duration":14,"transform":{"skX":-0.54,"skY":-0.54,"y":-1.69,"x":-179.99}},{"duration":1,"transform":{"skX":-0.54,"skY":-0.54,"y":-1.69,"x":-179.99}},{"tweenEasing":0,"duration":30,"transform":{"skX":-0.54,"skY":-0.54,"y":-1.69,"x":-179.99}},{"duration":0,"transform":{"skX":-0.15,"skY":-0.15}}],"name":"ys_shouzhang_eff_11"},{"frame":[{"duration":14,"transform":{"skX":-0.54,"skY":-0.54,"y":-1.69,"x":-179.99}},{"duration":1,"transform":{"skX":-0.54,"skY":-0.54,"y":-1.69,"x":-179.99}},{"tweenEasing":0,"duration":30,"transform":{"skX":-0.54,"skY":-0.54,"y":-1.69,"x":-179.99}},{"duration":0,"transform":{"skX":-0.15,"skY":-0.15}}],"name":"ys_shouzhang_eff_13"},{"frame":[{"duration":14,"transform":{"skX":-0.54,"skY":-0.54,"y":-1.69,"x":-179.99}},{"duration":1,"transform":{"skX":-0.54,"skY":-0.54,"y":-1.69,"x":-179.99}},{"tweenEasing":0,"duration":30,"transform":{"skX":-0.54,"skY":-0.54,"y":-1.69,"x":-179.99}},{"duration":0,"transform":{"skX":-0.15,"skY":-0.15}}],"name":"ys_shouzhang_eff_15"},{"frame":[{"duration":14,"transform":{"skX":-0.54,"skY":-0.54,"y":-1.69,"x":-179.99}},{"duration":1,"transform":{"skX":-0.54,"skY":-0.54,"y":-1.69,"x":-179.99}},{"tweenEasing":0,"duration":30,"transform":{"skX":-0.54,"skY":-0.54,"y":-1.69,"x":-179.99}},{"duration":0,"transform":{"skX":-0.15,"skY":-0.15}}],"name":"ys_shouzhang_eff_17"},{"frame":[{"duration":14,"transform":{"skX":-0.54,"skY":-0.54,"y":-1.69,"x":-179.99}},{"duration":1,"transform":{"skX":-0.54,"skY":-0.54,"y":-1.69,"x":-179.99}},{"tweenEasing":0,"duration":30,"transform":{"skX":-0.54,"skY":-0.54,"y":-1.69,"x":-179.99}},{"duration":0,"transform":{"skX":-0.15,"skY":-0.15}}],"name":"ys_shouzhang_eff_19"},{"frame":[{"duration":14,"transform":{"skX":-0.54,"skY":-0.54,"y":-1.69,"x":-179.99}},{"duration":1,"transform":{"skX":-0.54,"skY":-0.54,"y":-1.69,"x":-179.99}},{"tweenEasing":0,"duration":30,"transform":{"skX":-0.54,"skY":-0.54,"y":-1.69,"x":-179.99}},{"duration":0,"transform":{"skX":-0.15,"skY":-0.15}}],"name":"ys_shouzhang_eff_21"},{"frame":[{"duration":14,"transform":{"skX":-0.54,"skY":-0.54,"y":-1.69,"x":-179.99}},{"duration":1,"transform":{"skX":-0.54,"skY":-0.54,"y":-1.69,"x":-179.99}},{"tweenEasing":0,"duration":30,"transform":{"skX":-0.54,"skY":-0.54,"y":-1.69,"x":-179.99}},{"duration":0,"transform":{"skX":-0.15,"skY":-0.15}}],"name":"ys_shouzhang_eff_23"},{"frame":[{"duration":14,"transform":{"skX":-0.54,"skY":-0.54,"y":-1.69,"x":-179.99}},{"duration":1,"transform":{"skX":-0.54,"skY":-0.54,"y":-1.69,"x":-179.99}},{"tweenEasing":0,"duration":30,"transform":{"skX":-0.54,"skY":-0.54,"y":-1.69,"x":-179.99}},{"duration":0,"transform":{"skX":-0.15,"skY":-0.15}}],"name":"ys_shouzhang_eff_25"},{"frame":[{"duration":14,"transform":{"skX":-0.54,"skY":-0.54,"y":-1.69,"x":-179.99}},{"duration":1,"transform":{"skX":-0.54,"skY":-0.54,"y":-1.69,"x":-179.99}},{"tweenEasing":0,"duration":30,"transform":{"skX":-0.54,"skY":-0.54,"y":-1.69,"x":-179.99}},{"duration":0,"transform":{"skX":-0.15,"skY":-0.15}}],"name":"ys_shouzhang_eff_27"},{"frame":[{"duration":14,"transform":{"skX":-0.54,"skY":-0.54,"y":-1.69,"x":-179.99}},{"duration":1,"transform":{"skX":-0.54,"skY":-0.54,"y":-1.69,"x":-179.99}},{"tweenEasing":0,"duration":30,"transform":{"skX":-0.54,"skY":-0.54,"y":-1.69,"x":-179.99}},{"duration":0,"transform":{"skX":-0.15,"skY":-0.15}}],"name":"ys_shouzhang_eff_29"},{"frame":[{"duration":14,"transform":{"skX":-0.54,"skY":-0.54,"y":-1.69,"x":-179.99}},{"duration":1,"transform":{"skX":-0.54,"skY":-0.54,"y":-1.69,"x":-179.99}},{"tweenEasing":0,"duration":30,"transform":{"skX":-0.54,"skY":-0.54,"y":-1.69,"x":-179.99}},{"duration":0,"transform":{"skX":-0.15,"skY":-0.15}}],"name":"ys_shouzhang_eff_31"},{"frame":[{"duration":14,"transform":{"skX":-0.54,"skY":-0.54,"y":-1.69,"x":-179.99}},{"duration":1,"transform":{"skX":-0.54,"skY":-0.54,"y":-1.69,"x":-179.99}},{"tweenEasing":0,"duration":30,"transform":{"skX":-0.54,"skY":-0.54,"y":-1.69,"x":-179.99}},{"duration":0,"transform":{"skX":-0.15,"skY":-0.15}}],"name":"ys_shouzhang_eff_33"},{"frame":[{"duration":14,"transform":{"skX":-0.54,"skY":-0.54,"y":-1.69,"x":-179.99}},{"duration":1,"transform":{"skX":-0.54,"skY":-0.54,"y":-1.69,"x":-179.99}},{"tweenEasing":0,"duration":30,"transform":{"skX":-0.54,"skY":-0.54,"y":-1.69,"x":-179.99}},{"duration":0,"transform":{"skX":-0.15,"skY":-0.15}}],"name":"ys_shouzhang_eff_35"},{"frame":[{"duration":14,"transform":{"skX":-0.54,"skY":-0.54,"y":-1.69,"x":-179.99}},{"duration":1,"transform":{"skX":-0.54,"skY":-0.54,"y":-1.69,"x":-179.99}},{"tweenEasing":0,"duration":30,"transform":{"skX":-0.54,"skY":-0.54,"y":-1.69,"x":-179.99}},{"duration":0,"transform":{"skX":-0.15,"skY":-0.15}}],"name":"ys_shouzhang_eff_37"},{"frame":[{"duration":30,"transform":{}},{"duration":15,"transform":{}}],"name":"root"},{"frame":[{"duration":14,"transform":{"skX":-90,"skY":-90}},{"duration":1,"transform":{"skX":-90,"skY":-90}},{"tweenEasing":0,"duration":30,"transform":{"skX":-90,"skY":-90}},{"duration":0,"transform":{}}],"name":"ys_shouzhang_eff_01"},{"frame":[{"duration":14,"transform":{"skX":-80,"skY":-80}},{"duration":1,"transform":{"skX":-80,"skY":-80}},{"tweenEasing":0,"duration":30,"transform":{"skX":-80,"skY":-80}},{"duration":0,"transform":{}}],"name":"ys_shouzhang_eff_2"},{"frame":[{"duration":14,"transform":{"skX":-70,"skY":-70}},{"duration":1,"transform":{"skX":-70,"skY":-70}},{"tweenEasing":0,"duration":30,"transform":{"skX":-70,"skY":-70}},{"duration":0,"transform":{}}],"name":"ys_shouzhang_eff_4"},{"frame":[{"duration":14,"transform":{"skX":-60,"skY":-60}},{"duration":1,"transform":{"skX":-60,"skY":-60}},{"tweenEasing":0,"duration":30,"transform":{"skX":-60,"skY":-60}},{"duration":0,"transform":{}}],"name":"ys_shouzhang_eff_6"},{"frame":[{"duration":14,"transform":{"skX":-50,"skY":-50}},{"duration":1,"transform":{"skX":-50,"skY":-50}},{"tweenEasing":0,"duration":30,"transform":{"skX":-50,"skY":-50}},{"duration":0,"transform":{}}],"name":"ys_shouzhang_eff_8"},{"frame":[{"duration":14,"transform":{"skX":-40,"skY":-40}},{"duration":1,"transform":{"skX":-40,"skY":-40}},{"tweenEasing":0,"duration":30,"transform":{"skX":-40,"skY":-40}},{"duration":0,"transform":{}}],"name":"ys_shouzhang_eff_10"},{"frame":[{"duration":14,"transform":{"skX":-30,"skY":-30}},{"duration":1,"transform":{"skX":-30,"skY":-30}},{"tweenEasing":0,"duration":30,"transform":{"skX":-30,"skY":-30}},{"duration":0,"transform":{}}],"name":"ys_shouzhang_eff_12"},{"frame":[{"duration":14,"transform":{"skX":-20,"skY":-20}},{"duration":1,"transform":{"skX":-20,"skY":-20}},{"tweenEasing":0,"duration":30,"transform":{"skX":-20,"skY":-20}},{"duration":0,"transform":{}}],"name":"ys_shouzhang_eff_14"},{"frame":[{"duration":14,"transform":{"skX":-10,"skY":-10}},{"duration":1,"transform":{"skX":-10,"skY":-10}},{"tweenEasing":0,"duration":30,"transform":{"skX":-10,"skY":-10}},{"duration":0,"transform":{}}],"name":"ys_shouzhang_eff_16"},{"frame":[{"duration":14,"transform":{}},{"duration":1,"transform":{}},{"duration":30,"transform":{}},{"duration":0,"transform":{}}],"name":"ys_shouzhang_eff_18"},{"frame":[{"duration":14,"transform":{"skX":10,"skY":10}},{"duration":1,"transform":{"skX":10,"skY":10}},{"tweenEasing":0,"duration":30,"transform":{"skX":10,"skY":10}},{"duration":0,"transform":{}}],"name":"ys_shouzhang_eff_20"},{"frame":[{"duration":14,"transform":{"skX":20,"skY":20}},{"duration":1,"transform":{"skX":20,"skY":20}},{"tweenEasing":0,"duration":30,"transform":{"skX":20,"skY":20}},{"duration":0,"transform":{}}],"name":"ys_shouzhang_eff_22"},{"frame":[{"duration":14,"transform":{"skX":30,"skY":30}},{"duration":1,"transform":{"skX":30,"skY":30}},{"tweenEasing":0,"duration":30,"transform":{"skX":30,"skY":30}},{"duration":0,"transform":{}}],"name":"ys_shouzhang_eff_24"},{"frame":[{"duration":14,"transform":{"skX":40,"skY":40}},{"duration":1,"transform":{"skX":40,"skY":40}},{"tweenEasing":0,"duration":30,"transform":{"skX":40,"skY":40}},{"duration":0,"transform":{}}],"name":"ys_shouzhang_eff_26"},{"frame":[{"duration":14,"transform":{"skX":50,"skY":50}},{"duration":1,"transform":{"skX":50,"skY":50}},{"tweenEasing":0,"duration":30,"transform":{"skX":50,"skY":50}},{"duration":0,"transform":{}}],"name":"ys_shouzhang_eff_28"},{"frame":[{"duration":14,"transform":{"skX":60,"skY":60}},{"duration":1,"transform":{"skX":60,"skY":60}},{"tweenEasing":0,"duration":30,"transform":{"skX":60,"skY":60}},{"duration":0,"transform":{}}],"name":"ys_shouzhang_eff_30"},{"frame":[{"duration":14,"transform":{"skX":70,"skY":70}},{"duration":1,"transform":{"skX":70,"skY":70}},{"tweenEasing":0,"duration":30,"transform":{"skX":70,"skY":70}},{"duration":0,"transform":{}}],"name":"ys_shouzhang_eff_32"},{"frame":[{"duration":14,"transform":{"skX":80,"skY":80}},{"duration":1,"transform":{"skX":80,"skY":80}},{"tweenEasing":0,"duration":30,"transform":{"skX":80,"skY":80}},{"duration":0,"transform":{}}],"name":"ys_shouzhang_eff_34"},{"frame":[{"duration":14,"transform":{"skX":90,"skY":90}},{"duration":1,"transform":{"skX":90,"skY":90}},{"tweenEasing":0,"duration":30,"transform":{"skX":90,"skY":90}},{"duration":0,"transform":{}}],"name":"ys_shouzhang_eff_36"},{"frame":[{"tweenEasing":0,"duration":10,"transform":{"y":-63.07,"x":-58.21}},{"tweenEasing":0,"duration":5,"transform":{"y":-58.49,"scY":0.449,"x":26.44}},{"duration":5,"transform":{"y":-56.93,"x":35.21}},{"duration":25,"transform":{"y":-56.93,"x":35.21}}],"name":"ys_shouzhang_eff_38"},{"frame":[{"tweenEasing":0,"duration":10,"transform":{"y":-60.67,"x":52.15}},{"tweenEasing":0,"duration":5,"transform":{"y":-59.73,"scY":0.425,"x":-30.11}},{"duration":5,"transform":{"y":-58.68,"x":-43.99}},{"duration":25,"transform":{"y":-58.68,"x":-43.99}}],"name":"ys_shouzhang_eff_39"}],"slot":[{"frame":[{"tweenEasing":null,"duration":14,"color":{"aM":0}},{"tweenEasing":0,"duration":1,"color":{"aM":0}},{"tweenEasing":0,"duration":30},{"tweenEasing":null,"duration":0,"color":{"aM":0}}],"name":"ys_shouzhang_eff_01"},{"frame":[{"tweenEasing":null,"duration":14,"color":{"aM":0}},{"tweenEasing":0,"duration":1,"color":{"aM":0}},{"tweenEasing":0,"duration":30},{"tweenEasing":null,"duration":0,"color":{"aM":0}}],"name":"ys_shouzhang_eff_1"},{"frame":[{"tweenEasing":null,"duration":14,"color":{"aM":0}},{"tweenEasing":0,"duration":1,"color":{"aM":0}},{"tweenEasing":0,"duration":30},{"tweenEasing":null,"duration":0,"color":{"aM":0}}],"name":"ys_shouzhang_eff_2"},{"frame":[{"tweenEasing":null,"duration":14,"color":{"aM":0}},{"tweenEasing":0,"duration":1,"color":{"aM":0}},{"tweenEasing":0,"duration":30},{"tweenEasing":null,"duration":0,"color":{"aM":0}}],"name":"ys_shouzhang_eff_3"},{"frame":[{"tweenEasing":null,"duration":14,"color":{"aM":0}},{"tweenEasing":0,"duration":1,"color":{"aM":0}},{"tweenEasing":0,"duration":30},{"tweenEasing":null,"duration":0,"color":{"aM":0}}],"name":"ys_shouzhang_eff_4"},{"frame":[{"tweenEasing":null,"duration":14,"color":{"aM":0}},{"tweenEasing":0,"duration":1,"color":{"aM":0}},{"tweenEasing":0,"duration":30},{"tweenEasing":null,"duration":0,"color":{"aM":0}}],"name":"ys_shouzhang_eff_5"},{"frame":[{"tweenEasing":null,"duration":14,"color":{"aM":0}},{"tweenEasing":0,"duration":1,"color":{"aM":0}},{"tweenEasing":0,"duration":30},{"tweenEasing":null,"duration":0,"color":{"aM":0}}],"name":"ys_shouzhang_eff_6"},{"frame":[{"tweenEasing":null,"duration":14,"color":{"aM":0}},{"tweenEasing":0,"duration":1,"color":{"aM":0}},{"tweenEasing":0,"duration":30},{"tweenEasing":null,"duration":0,"color":{"aM":0}}],"name":"ys_shouzhang_eff_7"},{"frame":[{"tweenEasing":null,"duration":14,"color":{"aM":0}},{"tweenEasing":0,"duration":1,"color":{"aM":0}},{"tweenEasing":0,"duration":30},{"tweenEasing":null,"duration":0,"color":{"aM":0}}],"name":"ys_shouzhang_eff_8"},{"frame":[{"tweenEasing":null,"duration":14,"color":{"aM":0}},{"tweenEasing":0,"duration":1,"color":{"aM":0}},{"tweenEasing":0,"duration":30},{"tweenEasing":null,"duration":0,"color":{"aM":0}}],"name":"ys_shouzhang_eff_9"},{"frame":[{"tweenEasing":null,"duration":14,"color":{"aM":0}},{"tweenEasing":0,"duration":1,"color":{"aM":0}},{"tweenEasing":0,"duration":30},{"tweenEasing":null,"duration":0,"color":{"aM":0}}],"name":"ys_shouzhang_eff_10"},{"frame":[{"tweenEasing":null,"duration":14,"color":{"aM":0}},{"tweenEasing":0,"duration":1,"color":{"aM":0}},{"tweenEasing":0,"duration":30},{"tweenEasing":null,"duration":0,"color":{"aM":0}}],"name":"ys_shouzhang_eff_11"},{"frame":[{"tweenEasing":null,"duration":14,"color":{"aM":0}},{"tweenEasing":0,"duration":1,"color":{"aM":0}},{"tweenEasing":0,"duration":30},{"tweenEasing":null,"duration":0,"color":{"aM":0}}],"name":"ys_shouzhang_eff_12"},{"frame":[{"tweenEasing":null,"duration":14,"color":{"aM":0}},{"tweenEasing":0,"duration":1,"color":{"aM":0}},{"tweenEasing":0,"duration":30},{"tweenEasing":null,"duration":0,"color":{"aM":0}}],"name":"ys_shouzhang_eff_13"},{"frame":[{"tweenEasing":null,"duration":14,"color":{"aM":0}},{"tweenEasing":0,"duration":1,"color":{"aM":0}},{"tweenEasing":0,"duration":30},{"tweenEasing":null,"duration":0,"color":{"aM":0}}],"name":"ys_shouzhang_eff_14"},{"frame":[{"tweenEasing":null,"duration":14,"color":{"aM":0}},{"tweenEasing":0,"duration":1,"color":{"aM":0}},{"tweenEasing":0,"duration":30},{"tweenEasing":null,"duration":0,"color":{"aM":0}}],"name":"ys_shouzhang_eff_15"},{"frame":[{"tweenEasing":null,"duration":14,"color":{"aM":0}},{"tweenEasing":0,"duration":1,"color":{"aM":0}},{"tweenEasing":0,"duration":30},{"tweenEasing":null,"duration":0,"color":{"aM":0}}],"name":"ys_shouzhang_eff_16"},{"frame":[{"tweenEasing":null,"duration":14,"color":{"aM":0}},{"tweenEasing":0,"duration":1,"color":{"aM":0}},{"tweenEasing":0,"duration":30},{"tweenEasing":null,"duration":0,"color":{"aM":0}}],"name":"ys_shouzhang_eff_17"},{"frame":[{"tweenEasing":null,"duration":14,"color":{"aM":0}},{"tweenEasing":0,"duration":1,"color":{"aM":0}},{"tweenEasing":0,"duration":30},{"tweenEasing":null,"duration":0,"color":{"aM":0}}],"name":"ys_shouzhang_eff_18"},{"frame":[{"tweenEasing":0,"duration":10,"color":{"aM":0}},{"tweenEasing":null,"duration":5},{"tweenEasing":0,"duration":5},{"tweenEasing":null,"duration":25,"color":{"aM":0}}],"name":"ys_shouzhang_eff_19"},{"frame":[{"tweenEasing":0,"duration":10,"color":{"aM":0}},{"tweenEasing":null,"duration":5},{"tweenEasing":0,"duration":5},{"tweenEasing":null,"duration":25,"color":{"aM":0}}],"name":"ys_shouzhang_eff_20"}],"name":"animation"},{"ffd":[],"frame":[],"duration":15,"ik":[],"bone":[{"frame":[{"duration":15,"transform":{}}],"name":"root"},{"frame":[{"duration":14,"transform":{"skX":-90,"skY":-90}},{"duration":1,"transform":{"skX":-90,"skY":-90}},{"duration":0,"transform":{"skX":-90,"skY":-90}}],"name":"ys_shouzhang_eff_01"},{"frame":[{"duration":14,"transform":{"skX":-80,"skY":-80}},{"duration":1,"transform":{"skX":-80,"skY":-80}},{"duration":0,"transform":{"skX":-80,"skY":-80}}],"name":"ys_shouzhang_eff_2"},{"frame":[{"duration":14,"transform":{"skX":-70,"skY":-70}},{"duration":1,"transform":{"skX":-70,"skY":-70}},{"duration":0,"transform":{"skX":-70,"skY":-70}}],"name":"ys_shouzhang_eff_4"},{"frame":[{"duration":14,"transform":{"skX":-60,"skY":-60}},{"duration":1,"transform":{"skX":-60,"skY":-60}},{"duration":0,"transform":{"skX":-60,"skY":-60}}],"name":"ys_shouzhang_eff_6"},{"frame":[{"duration":14,"transform":{"skX":-50,"skY":-50}},{"duration":1,"transform":{"skX":-50,"skY":-50}},{"duration":0,"transform":{"skX":-50,"skY":-50}}],"name":"ys_shouzhang_eff_8"},{"frame":[{"duration":14,"transform":{"skX":-40,"skY":-40}},{"duration":1,"transform":{"skX":-40,"skY":-40}},{"duration":0,"transform":{"skX":-40,"skY":-40}}],"name":"ys_shouzhang_eff_10"},{"frame":[{"duration":14,"transform":{"skX":-30,"skY":-30}},{"duration":1,"transform":{"skX":-30,"skY":-30}},{"duration":0,"transform":{"skX":-30,"skY":-30}}],"name":"ys_shouzhang_eff_12"},{"frame":[{"duration":14,"transform":{"skX":-20,"skY":-20}},{"duration":1,"transform":{"skX":-20,"skY":-20}},{"duration":0,"transform":{"skX":-20,"skY":-20}}],"name":"ys_shouzhang_eff_14"},{"frame":[{"duration":14,"transform":{"skX":-10,"skY":-10}},{"duration":1,"transform":{"skX":-10,"skY":-10}},{"duration":0,"transform":{"skX":-10,"skY":-10}}],"name":"ys_shouzhang_eff_16"},{"frame":[{"duration":14,"transform":{}},{"duration":1,"transform":{}},{"duration":0,"transform":{}}],"name":"ys_shouzhang_eff_18"},{"frame":[{"duration":14,"transform":{"skX":10,"skY":10}},{"duration":1,"transform":{"skX":10,"skY":10}},{"duration":0,"transform":{"skX":10,"skY":10}}],"name":"ys_shouzhang_eff_20"},{"frame":[{"duration":14,"transform":{"skX":20,"skY":20}},{"duration":1,"transform":{"skX":20,"skY":20}},{"duration":0,"transform":{"skX":20,"skY":20}}],"name":"ys_shouzhang_eff_22"},{"frame":[{"duration":14,"transform":{"skX":30,"skY":30}},{"duration":1,"transform":{"skX":30,"skY":30}},{"duration":0,"transform":{"skX":30,"skY":30}}],"name":"ys_shouzhang_eff_24"},{"frame":[{"duration":14,"transform":{"skX":40,"skY":40}},{"duration":1,"transform":{"skX":40,"skY":40}},{"duration":0,"transform":{"skX":40,"skY":40}}],"name":"ys_shouzhang_eff_26"},{"frame":[{"duration":14,"transform":{"skX":50,"skY":50}},{"duration":1,"transform":{"skX":50,"skY":50}},{"duration":0,"transform":{"skX":50,"skY":50}}],"name":"ys_shouzhang_eff_28"},{"frame":[{"duration":14,"transform":{"skX":60,"skY":60}},{"duration":1,"transform":{"skX":60,"skY":60}},{"duration":0,"transform":{"skX":60,"skY":60}}],"name":"ys_shouzhang_eff_30"},{"frame":[{"duration":14,"transform":{"skX":70,"skY":70}},{"duration":1,"transform":{"skX":70,"skY":70}},{"duration":0,"transform":{"skX":70,"skY":70}}],"name":"ys_shouzhang_eff_32"},{"frame":[{"duration":14,"transform":{"skX":80,"skY":80}},{"duration":1,"transform":{"skX":80,"skY":80}},{"duration":0,"transform":{"skX":80,"skY":80}}],"name":"ys_shouzhang_eff_34"},{"frame":[{"duration":14,"transform":{"skX":90,"skY":90}},{"duration":1,"transform":{"skX":90,"skY":90}},{"duration":0,"transform":{"skX":90,"skY":90}}],"name":"ys_shouzhang_eff_36"},{"frame":[{"tweenEasing":0,"duration":10,"transform":{"y":-63.07,"x":-58.21}},{"tweenEasing":0,"duration":5,"transform":{"y":-58.49,"scY":0.449,"x":26.44}},{"duration":0,"transform":{"y":-56.93,"x":35.21}}],"name":"ys_shouzhang_eff_38"},{"frame":[{"tweenEasing":0,"duration":10,"transform":{"y":-60.67,"x":52.15}},{"tweenEasing":0,"duration":5,"transform":{"y":-59.73,"scY":0.425,"x":-30.11}},{"duration":0,"transform":{"y":-58.68,"x":-43.99}}],"name":"ys_shouzhang_eff_39"},{"frame":[{"duration":15,"transform":{}}],"name":"ys_shouzhang_eff_15"},{"frame":[{"duration":15,"transform":{}}],"name":"ys_shouzhang_eff_17"},{"frame":[{"duration":15,"transform":{}}],"name":"ys_shouzhang_eff_23"},{"frame":[{"duration":15,"transform":{}}],"name":"ys_shouzhang_eff_13"},{"frame":[{"duration":15,"transform":{}}],"name":"ys_shouzhang_eff_25"},{"frame":[{"duration":15,"transform":{}}],"name":"ys_shouzhang_eff_11"},{"frame":[{"duration":15,"transform":{}}],"name":"ys_shouzhang_eff_27"},{"frame":[{"duration":15,"transform":{}}],"name":"ys_shouzhang_eff_9"},{"frame":[{"duration":15,"transform":{}}],"name":"ys_shouzhang_eff_29"},{"frame":[{"duration":15,"transform":{}}],"name":"ys_shouzhang_eff_7"},{"frame":[{"duration":15,"transform":{}}],"name":"ys_shouzhang_eff_31"},{"frame":[{"duration":15,"transform":{}}],"name":"ys_shouzhang_eff_5"},{"frame":[{"duration":15,"transform":{}}],"name":"ys_shouzhang_eff_33"},{"frame":[{"duration":15,"transform":{}}],"name":"ys_shouzhang_eff_3"},{"frame":[{"duration":15,"transform":{}}],"name":"ys_shouzhang_eff_35"},{"frame":[{"duration":15,"transform":{}}],"name":"ys_shouzhang_eff_1"},{"frame":[{"duration":15,"transform":{}}],"name":"ys_shouzhang_eff_37"},{"frame":[{"duration":15,"transform":{}}],"name":"ys_shouzhang_eff_21"},{"frame":[{"duration":15,"transform":{}}],"name":"ys_shouzhang_eff_19"}],"slot":[{"frame":[{"tweenEasing":null,"duration":15,"color":{"aM":0}},{"tweenEasing":null,"duration":0,"color":{"aM":0}}],"name":"ys_shouzhang_eff_01"},{"frame":[{"tweenEasing":null,"duration":15,"color":{"aM":0}},{"tweenEasing":null,"duration":0,"color":{"aM":0}}],"name":"ys_shouzhang_eff_1"},{"frame":[{"tweenEasing":null,"duration":15,"color":{"aM":0}},{"tweenEasing":null,"duration":0,"color":{"aM":0}}],"name":"ys_shouzhang_eff_2"},{"frame":[{"tweenEasing":null,"duration":15,"color":{"aM":0}},{"tweenEasing":null,"duration":0,"color":{"aM":0}}],"name":"ys_shouzhang_eff_3"},{"frame":[{"tweenEasing":null,"duration":15,"color":{"aM":0}},{"tweenEasing":null,"duration":0,"color":{"aM":0}}],"name":"ys_shouzhang_eff_4"},{"frame":[{"tweenEasing":null,"duration":15,"color":{"aM":0}},{"tweenEasing":null,"duration":0,"color":{"aM":0}}],"name":"ys_shouzhang_eff_5"},{"frame":[{"tweenEasing":null,"duration":15,"color":{"aM":0}},{"tweenEasing":null,"duration":0,"color":{"aM":0}}],"name":"ys_shouzhang_eff_6"},{"frame":[{"tweenEasing":null,"duration":15,"color":{"aM":0}},{"tweenEasing":null,"duration":0,"color":{"aM":0}}],"name":"ys_shouzhang_eff_7"},{"frame":[{"tweenEasing":null,"duration":15,"color":{"aM":0}},{"tweenEasing":null,"duration":0,"color":{"aM":0}}],"name":"ys_shouzhang_eff_8"},{"frame":[{"tweenEasing":null,"duration":15,"color":{"aM":0}},{"tweenEasing":null,"duration":0,"color":{"aM":0}}],"name":"ys_shouzhang_eff_9"},{"frame":[{"tweenEasing":null,"duration":15,"color":{"aM":0}},{"tweenEasing":null,"duration":0,"color":{"aM":0}}],"name":"ys_shouzhang_eff_10"},{"frame":[{"tweenEasing":null,"duration":15,"color":{"aM":0}},{"tweenEasing":null,"duration":0,"color":{"aM":0}}],"name":"ys_shouzhang_eff_11"},{"frame":[{"tweenEasing":null,"duration":15,"color":{"aM":0}},{"tweenEasing":null,"duration":0,"color":{"aM":0}}],"name":"ys_shouzhang_eff_12"},{"frame":[{"tweenEasing":null,"duration":15,"color":{"aM":0}},{"tweenEasing":null,"duration":0,"color":{"aM":0}}],"name":"ys_shouzhang_eff_13"},{"frame":[{"tweenEasing":null,"duration":15,"color":{"aM":0}},{"tweenEasing":null,"duration":0,"color":{"aM":0}}],"name":"ys_shouzhang_eff_14"},{"frame":[{"tweenEasing":null,"duration":15,"color":{"aM":0}},{"tweenEasing":null,"duration":0,"color":{"aM":0}}],"name":"ys_shouzhang_eff_15"},{"frame":[{"tweenEasing":null,"duration":15,"color":{"aM":0}},{"tweenEasing":null,"duration":0,"color":{"aM":0}}],"name":"ys_shouzhang_eff_16"},{"frame":[{"tweenEasing":null,"duration":15,"color":{"aM":0}},{"tweenEasing":null,"duration":0,"color":{"aM":0}}],"name":"ys_shouzhang_eff_17"},{"frame":[{"tweenEasing":null,"duration":15,"color":{"aM":0}},{"tweenEasing":null,"duration":0,"color":{"aM":0}}],"name":"ys_shouzhang_eff_18"},{"frame":[{"tweenEasing":0,"duration":10,"color":{"aM":0}},{"tweenEasing":0,"duration":5},{"tweenEasing":null,"duration":0,"color":{"aM":0}}],"name":"ys_shouzhang_eff_19"},{"frame":[{"tweenEasing":0,"duration":10,"color":{"aM":0}},{"tweenEasing":0,"duration":5},{"tweenEasing":null,"duration":0,"color":{"aM":0}}],"name":"ys_shouzhang_eff_20"}],"name":"animation2"},{"ffd":[],"frame":[],"duration":30,"ik":[],"bone":[{"frame":[{"tweenEasing":0,"duration":30,"transform":{"skX":-0.54,"skY":-0.54,"y":-1.69,"x":-179.99}},{"duration":0,"transform":{"skX":-0.15,"skY":-0.15}}],"name":"ys_shouzhang_eff_1"},{"frame":[{"tweenEasing":0,"duration":30,"transform":{"skX":-0.54,"skY":-0.54,"y":-1.69,"x":-179.99}},{"duration":0,"transform":{"skX":-0.15,"skY":-0.15}}],"name":"ys_shouzhang_eff_3"},{"frame":[{"tweenEasing":0,"duration":30,"transform":{"skX":-0.54,"skY":-0.54,"y":-1.69,"x":-179.99}},{"duration":0,"transform":{"skX":-0.15,"skY":-0.15}}],"name":"ys_shouzhang_eff_5"},{"frame":[{"tweenEasing":0,"duration":30,"transform":{"skX":-0.54,"skY":-0.54,"y":-1.69,"x":-179.99}},{"duration":0,"transform":{"skX":-0.15,"skY":-0.15}}],"name":"ys_shouzhang_eff_7"},{"frame":[{"tweenEasing":0,"duration":30,"transform":{"skX":-0.54,"skY":-0.54,"y":-1.69,"x":-179.99}},{"duration":0,"transform":{"skX":-0.15,"skY":-0.15}}],"name":"ys_shouzhang_eff_9"},{"frame":[{"tweenEasing":0,"duration":30,"transform":{"skX":-0.54,"skY":-0.54,"y":-1.69,"x":-179.99}},{"duration":0,"transform":{"skX":-0.15,"skY":-0.15}}],"name":"ys_shouzhang_eff_11"},{"frame":[{"tweenEasing":0,"duration":30,"transform":{"skX":-0.54,"skY":-0.54,"y":-1.69,"x":-179.99}},{"duration":0,"transform":{"skX":-0.15,"skY":-0.15}}],"name":"ys_shouzhang_eff_13"},{"frame":[{"tweenEasing":0,"duration":30,"transform":{"skX":-0.54,"skY":-0.54,"y":-1.69,"x":-179.99}},{"duration":0,"transform":{"skX":-0.15,"skY":-0.15}}],"name":"ys_shouzhang_eff_15"},{"frame":[{"tweenEasing":0,"duration":30,"transform":{"skX":-0.54,"skY":-0.54,"y":-1.69,"x":-179.99}},{"duration":0,"transform":{"skX":-0.15,"skY":-0.15}}],"name":"ys_shouzhang_eff_17"},{"frame":[{"tweenEasing":0,"duration":30,"transform":{"skX":-0.54,"skY":-0.54,"y":-1.69,"x":-179.99}},{"duration":0,"transform":{"skX":-0.15,"skY":-0.15}}],"name":"ys_shouzhang_eff_19"},{"frame":[{"tweenEasing":0,"duration":30,"transform":{"skX":-0.54,"skY":-0.54,"y":-1.69,"x":-179.99}},{"duration":0,"transform":{"skX":-0.15,"skY":-0.15}}],"name":"ys_shouzhang_eff_21"},{"frame":[{"tweenEasing":0,"duration":30,"transform":{"skX":-0.54,"skY":-0.54,"y":-1.69,"x":-179.99}},{"duration":0,"transform":{"skX":-0.15,"skY":-0.15}}],"name":"ys_shouzhang_eff_23"},{"frame":[{"tweenEasing":0,"duration":30,"transform":{"skX":-0.54,"skY":-0.54,"y":-1.69,"x":-179.99}},{"duration":0,"transform":{"skX":-0.15,"skY":-0.15}}],"name":"ys_shouzhang_eff_25"},{"frame":[{"tweenEasing":0,"duration":30,"transform":{"skX":-0.54,"skY":-0.54,"y":-1.69,"x":-179.99}},{"duration":0,"transform":{"skX":-0.15,"skY":-0.15}}],"name":"ys_shouzhang_eff_27"},{"frame":[{"tweenEasing":0,"duration":30,"transform":{"skX":-0.54,"skY":-0.54,"y":-1.69,"x":-179.99}},{"duration":0,"transform":{"skX":-0.15,"skY":-0.15}}],"name":"ys_shouzhang_eff_29"},{"frame":[{"tweenEasing":0,"duration":30,"transform":{"skX":-0.54,"skY":-0.54,"y":-1.69,"x":-179.99}},{"duration":0,"transform":{"skX":-0.15,"skY":-0.15}}],"name":"ys_shouzhang_eff_31"},{"frame":[{"tweenEasing":0,"duration":30,"transform":{"skX":-0.54,"skY":-0.54,"y":-1.69,"x":-179.99}},{"duration":0,"transform":{"skX":-0.15,"skY":-0.15}}],"name":"ys_shouzhang_eff_33"},{"frame":[{"tweenEasing":0,"duration":30,"transform":{"skX":-0.54,"skY":-0.54,"y":-1.69,"x":-179.99}},{"duration":0,"transform":{"skX":-0.15,"skY":-0.15}}],"name":"ys_shouzhang_eff_35"},{"frame":[{"tweenEasing":0,"duration":30,"transform":{"skX":-0.54,"skY":-0.54,"y":-1.69,"x":-179.99}},{"duration":0,"transform":{"skX":-0.15,"skY":-0.15}}],"name":"ys_shouzhang_eff_37"},{"frame":[{"tweenEasing":0,"duration":15,"transform":{}},{"duration":15,"transform":{}}],"name":"root"},{"frame":[{"tweenEasing":0,"duration":30,"transform":{"skX":-90,"skY":-90}},{"duration":0,"transform":{}}],"name":"ys_shouzhang_eff_01"},{"frame":[{"tweenEasing":0,"duration":30,"transform":{"skX":-80,"skY":-80}},{"duration":0,"transform":{}}],"name":"ys_shouzhang_eff_2"},{"frame":[{"tweenEasing":0,"duration":30,"transform":{"skX":-70,"skY":-70}},{"duration":0,"transform":{}}],"name":"ys_shouzhang_eff_4"},{"frame":[{"tweenEasing":0,"duration":30,"transform":{"skX":-60,"skY":-60}},{"duration":0,"transform":{}}],"name":"ys_shouzhang_eff_6"},{"frame":[{"tweenEasing":0,"duration":30,"transform":{"skX":-50,"skY":-50}},{"duration":0,"transform":{}}],"name":"ys_shouzhang_eff_8"},{"frame":[{"tweenEasing":0,"duration":30,"transform":{"skX":-40,"skY":-40}},{"duration":0,"transform":{}}],"name":"ys_shouzhang_eff_10"},{"frame":[{"tweenEasing":0,"duration":30,"transform":{"skX":-30,"skY":-30}},{"duration":0,"transform":{}}],"name":"ys_shouzhang_eff_12"},{"frame":[{"tweenEasing":0,"duration":30,"transform":{"skX":-20,"skY":-20}},{"duration":0,"transform":{}}],"name":"ys_shouzhang_eff_14"},{"frame":[{"tweenEasing":0,"duration":30,"transform":{"skX":-10,"skY":-10}},{"duration":0,"transform":{}}],"name":"ys_shouzhang_eff_16"},{"frame":[{"duration":30,"transform":{}},{"duration":0,"transform":{}}],"name":"ys_shouzhang_eff_18"},{"frame":[{"tweenEasing":0,"duration":30,"transform":{"skX":10,"skY":10}},{"duration":0,"transform":{}}],"name":"ys_shouzhang_eff_20"},{"frame":[{"tweenEasing":0,"duration":30,"transform":{"skX":20,"skY":20}},{"duration":0,"transform":{}}],"name":"ys_shouzhang_eff_22"},{"frame":[{"tweenEasing":0,"duration":30,"transform":{"skX":30,"skY":30}},{"duration":0,"transform":{}}],"name":"ys_shouzhang_eff_24"},{"frame":[{"tweenEasing":0,"duration":30,"transform":{"skX":40,"skY":40}},{"duration":0,"transform":{}}],"name":"ys_shouzhang_eff_26"},{"frame":[{"tweenEasing":0,"duration":30,"transform":{"skX":50,"skY":50}},{"duration":0,"transform":{}}],"name":"ys_shouzhang_eff_28"},{"frame":[{"tweenEasing":0,"duration":30,"transform":{"skX":60,"skY":60}},{"duration":0,"transform":{}}],"name":"ys_shouzhang_eff_30"},{"frame":[{"tweenEasing":0,"duration":30,"transform":{"skX":70,"skY":70}},{"duration":0,"transform":{}}],"name":"ys_shouzhang_eff_32"},{"frame":[{"tweenEasing":0,"duration":30,"transform":{"skX":80,"skY":80}},{"duration":0,"transform":{}}],"name":"ys_shouzhang_eff_34"},{"frame":[{"tweenEasing":0,"duration":30,"transform":{"skX":90,"skY":90}},{"duration":0,"transform":{}}],"name":"ys_shouzhang_eff_36"},{"frame":[{"duration":5,"transform":{"y":-56.93,"x":35.21}},{"duration":25,"transform":{"y":-56.93,"x":35.21}}],"name":"ys_shouzhang_eff_38"},{"frame":[{"duration":5,"transform":{"y":-58.68,"x":-43.99}},{"duration":25,"transform":{"y":-58.68,"x":-43.99}}],"name":"ys_shouzhang_eff_39"}],"slot":[{"frame":[{"tweenEasing":null,"duration":20},{"tweenEasing":0,"duration":10},{"tweenEasing":null,"duration":0,"color":{"aM":0}}],"name":"ys_shouzhang_eff_01"},{"frame":[{"tweenEasing":null,"duration":20},{"tweenEasing":0,"duration":10},{"tweenEasing":null,"duration":0,"color":{"aM":0}}],"name":"ys_shouzhang_eff_1"},{"frame":[{"tweenEasing":null,"duration":20},{"tweenEasing":0,"duration":10},{"tweenEasing":null,"duration":0,"color":{"aM":0}}],"name":"ys_shouzhang_eff_2"},{"frame":[{"tweenEasing":null,"duration":20},{"tweenEasing":0,"duration":10},{"tweenEasing":null,"duration":0,"color":{"aM":0}}],"name":"ys_shouzhang_eff_3"},{"frame":[{"tweenEasing":null,"duration":20},{"tweenEasing":0,"duration":10},{"tweenEasing":null,"duration":0,"color":{"aM":0}}],"name":"ys_shouzhang_eff_4"},{"frame":[{"tweenEasing":null,"duration":20},{"tweenEasing":0,"duration":10},{"tweenEasing":null,"duration":0,"color":{"aM":0}}],"name":"ys_shouzhang_eff_5"},{"frame":[{"tweenEasing":null,"duration":20},{"tweenEasing":0,"duration":10},{"tweenEasing":null,"duration":0,"color":{"aM":0}}],"name":"ys_shouzhang_eff_6"},{"frame":[{"tweenEasing":null,"duration":20},{"tweenEasing":0,"duration":10},{"tweenEasing":null,"duration":0,"color":{"aM":0}}],"name":"ys_shouzhang_eff_7"},{"frame":[{"tweenEasing":null,"duration":20},{"tweenEasing":0,"duration":10},{"tweenEasing":null,"duration":0,"color":{"aM":0}}],"name":"ys_shouzhang_eff_8"},{"frame":[{"tweenEasing":null,"duration":20},{"tweenEasing":0,"duration":10},{"tweenEasing":null,"duration":0,"color":{"aM":0}}],"name":"ys_shouzhang_eff_9"},{"frame":[{"tweenEasing":null,"duration":20},{"tweenEasing":0,"duration":10},{"tweenEasing":null,"duration":0,"color":{"aM":0}}],"name":"ys_shouzhang_eff_10"},{"frame":[{"tweenEasing":null,"duration":20},{"tweenEasing":0,"duration":10},{"tweenEasing":null,"duration":0,"color":{"aM":0}}],"name":"ys_shouzhang_eff_11"},{"frame":[{"tweenEasing":null,"duration":20},{"tweenEasing":0,"duration":10},{"tweenEasing":null,"duration":0,"color":{"aM":0}}],"name":"ys_shouzhang_eff_12"},{"frame":[{"tweenEasing":null,"duration":20},{"tweenEasing":0,"duration":10},{"tweenEasing":null,"duration":0,"color":{"aM":0}}],"name":"ys_shouzhang_eff_13"},{"frame":[{"tweenEasing":null,"duration":20},{"tweenEasing":0,"duration":10},{"tweenEasing":null,"duration":0,"color":{"aM":0}}],"name":"ys_shouzhang_eff_14"},{"frame":[{"tweenEasing":null,"duration":20},{"tweenEasing":0,"duration":10},{"tweenEasing":null,"duration":0,"color":{"aM":0}}],"name":"ys_shouzhang_eff_15"},{"frame":[{"tweenEasing":null,"duration":20},{"tweenEasing":0,"duration":10},{"tweenEasing":null,"duration":0,"color":{"aM":0}}],"name":"ys_shouzhang_eff_16"},{"frame":[{"tweenEasing":null,"duration":20},{"tweenEasing":0,"duration":10},{"tweenEasing":null,"duration":0,"color":{"aM":0}}],"name":"ys_shouzhang_eff_17"},{"frame":[{"tweenEasing":null,"duration":20},{"tweenEasing":0,"duration":10},{"tweenEasing":null,"duration":0,"color":{"aM":0}}],"name":"ys_shouzhang_eff_18"},{"frame":[{"tweenEasing":0,"duration":5},{"tweenEasing":null,"duration":25,"color":{"aM":0}}],"name":"ys_shouzhang_eff_19"},{"frame":[{"tweenEasing":0,"duration":5},{"tweenEasing":null,"duration":25,"color":{"aM":0}}],"name":"ys_shouzhang_eff_20"}],"name":"animation3"}],"bone":[{"name":"root","transform":{}},{"length":134,"transform":{"skX":-88.74,"skY":-88.74,"y":62.86,"x":47.82},"parent":"root","name":"ys_shouzhang_eff_39"},{"transform":{"skX":-100,"skY":-100},"name":"ys_shouzhang_eff_20","parent":"root"},{"transform":{"skX":-10,"skY":-10},"name":"ys_shouzhang_eff_2","parent":"root"},{"transform":{},"name":"ys_shouzhang_eff_01","parent":"root"},{"transform":{"skX":-20,"skY":-20},"name":"ys_shouzhang_eff_4","parent":"root"},{"length":134,"transform":{"skX":-88.74,"skY":-88.74,"y":60.88,"x":-41.76},"parent":"root","name":"ys_shouzhang_eff_38"},{"transform":{"skX":-30,"skY":-30},"name":"ys_shouzhang_eff_6","parent":"root"},{"transform":{"skX":180,"skY":180},"name":"ys_shouzhang_eff_36","parent":"root"},{"transform":{"skX":-40,"skY":-40},"name":"ys_shouzhang_eff_8","parent":"root"},{"transform":{"skX":-170,"skY":-170},"name":"ys_shouzhang_eff_34","parent":"root"},{"transform":{"skX":-50,"skY":-50},"name":"ys_shouzhang_eff_10","parent":"root"},{"transform":{"skX":-160,"skY":-160},"name":"ys_shouzhang_eff_32","parent":"root"},{"transform":{"skX":-60,"skY":-60},"name":"ys_shouzhang_eff_12","parent":"root"},{"transform":{"skX":-150,"skY":-150},"name":"ys_shouzhang_eff_30","parent":"root"},{"transform":{"skX":-70,"skY":-70},"name":"ys_shouzhang_eff_14","parent":"root"},{"transform":{"skX":-140,"skY":-140},"name":"ys_shouzhang_eff_28","parent":"root"},{"transform":{"skX":-80,"skY":-80},"name":"ys_shouzhang_eff_16","parent":"root"},{"transform":{"skX":-130,"skY":-130},"name":"ys_shouzhang_eff_26","parent":"root"},{"transform":{"skX":-90,"skY":-90},"name":"ys_shouzhang_eff_18","parent":"root"},{"transform":{"skX":-120,"skY":-120},"name":"ys_shouzhang_eff_24","parent":"root"},{"transform":{"skX":-110,"skY":-110},"name":"ys_shouzhang_eff_22","parent":"root"},{"length":102,"transform":{"skX":0.54,"skY":0.54,"y":1.69,"x":179.99},"parent":"ys_shouzhang_eff_6","name":"ys_shouzhang_eff_7"},{"length":102,"transform":{"skX":0.54,"skY":0.54,"y":1.69,"x":179.99},"parent":"ys_shouzhang_eff_16","name":"ys_shouzhang_eff_17"},{"length":102,"transform":{"skX":0.54,"skY":0.54,"y":1.69,"x":179.99},"parent":"ys_shouzhang_eff_22","name":"ys_shouzhang_eff_23"},{"length":102,"transform":{"skX":0.54,"skY":0.54,"y":1.69,"x":179.99},"parent":"ys_shouzhang_eff_12","name":"ys_shouzhang_eff_13"},{"length":102,"transform":{"skX":0.54,"skY":0.54,"y":1.69,"x":179.99},"parent":"ys_shouzhang_eff_24","name":"ys_shouzhang_eff_25"},{"length":102,"transform":{"skX":0.54,"skY":0.54,"y":1.69,"x":179.99},"parent":"ys_shouzhang_eff_10","name":"ys_shouzhang_eff_11"},{"length":102,"transform":{"skX":0.54,"skY":0.54,"y":1.69,"x":179.99},"parent":"ys_shouzhang_eff_26","name":"ys_shouzhang_eff_27"},{"length":102,"transform":{"skX":0.54,"skY":0.54,"y":1.69,"x":179.99},"parent":"ys_shouzhang_eff_8","name":"ys_shouzhang_eff_9"},{"length":102,"transform":{"skX":0.54,"skY":0.54,"y":1.69,"x":179.99},"parent":"ys_shouzhang_eff_28","name":"ys_shouzhang_eff_29"},{"length":102,"transform":{"skX":0.54,"skY":0.54,"y":1.69,"x":179.99},"parent":"ys_shouzhang_eff_14","name":"ys_shouzhang_eff_15"},{"length":102,"transform":{"skX":0.54,"skY":0.54,"y":1.69,"x":179.99},"parent":"ys_shouzhang_eff_30","name":"ys_shouzhang_eff_31"},{"length":102,"transform":{"skX":0.54,"skY":0.54,"y":1.69,"x":179.99},"parent":"ys_shouzhang_eff_4","name":"ys_shouzhang_eff_5"},{"length":102,"transform":{"skX":0.54,"skY":0.54,"y":1.69,"x":179.99},"parent":"ys_shouzhang_eff_32","name":"ys_shouzhang_eff_33"},{"length":102,"transform":{"skX":0.54,"skY":0.54,"y":1.69,"x":179.99},"parent":"ys_shouzhang_eff_2","name":"ys_shouzhang_eff_3"},{"length":102,"transform":{"skX":0.54,"skY":0.54,"y":1.69,"x":179.99},"parent":"ys_shouzhang_eff_34","name":"ys_shouzhang_eff_35"},{"length":102,"transform":{"skX":0.54,"skY":0.54,"y":1.69,"x":179.99},"parent":"ys_shouzhang_eff_01","name":"ys_shouzhang_eff_1"},{"length":102,"transform":{"skX":0.54,"skY":0.54,"y":1.69,"x":179.99},"parent":"ys_shouzhang_eff_36","name":"ys_shouzhang_eff_37"},{"length":102,"transform":{"skX":0.54,"skY":0.54,"y":1.69,"x":179.99},"parent":"ys_shouzhang_eff_20","name":"ys_shouzhang_eff_21"},{"length":102,"transform":{"skX":0.54,"skY":0.54,"y":1.69,"x":179.99},"parent":"ys_shouzhang_eff_18","name":"ys_shouzhang_eff_19"}],"aabb":{"width":678.8613926656003,"y":-314.43069633280015,"height":393.9007628480123,"x":-339.43069633280015},"name":"armatureName","frameRate":30}],"name":"ys_shouzhang_eff","version":"4.0"}