{"frameRate":30,"isGlobal":0,"armature":[{"skin":[{"name":"","slot":[{"display":[{"path":"ys_zhizhuwang_eff_01","type":"image","name":"ys_zhizhuwang_eff_01","transform":{}},{"path":"ys_zhizhuwang_eff_02","type":"image","name":"ys_zhizhuwang_eff_02","transform":{"y":-0.23,"x":0.79}}],"blendMode":"add","name":"ys_zhizhuwang_eff_01"},{"display":[{"path":"ys_zhizhuwang_eff_03","type":"image","name":"ys_zhizhuwang_eff_03","transform":{}}],"blendMode":"add","name":"ys_zhizhuwang_eff_03"},{"display":[{"path":"ys_zhizhuwang_eff_05","type":"image","name":"ys_zhizhuwang_eff_05","transform":{}}],"blendMode":"add","name":"ys_zhizhuwang_eff_4"},{"display":[{"path":"ys_zhizhuwang_eff_04","type":"image","name":"ys_zhizhuwang_eff_04","transform":{"y":0.29,"x":0.59}}],"blendMode":"add","name":"ys_zhizhuwang_eff_04"},{"display":[{"path":"ys_zhizhuwang_eff_pz","type":"image","name":"ys_zhizhuwang_eff_pz","transform":{"scX":82.996,"y":13.6,"scY":82.996,"x":-27.21}}],"name":"ys_zhizhuwang_eff_pz"},{"display":[{"path":"ys_kulou_eff_01","type":"image","name":"ys_kulou_eff_01","transform":{"y":-15.84,"x":1.08}}],"blendMode":"add","name":"ys_kulou_eff_01"},{"display":[{"path":"zhizhu","type":"image","name":"zhizhu","transform":{"skX":-91.06,"skY":-91.06,"y":-0.18,"scY":-1,"x":32.55}}],"blendMode":"add","name":"zhizhu"}]}],"slot":[{"name":"ys_zhizhuwang_eff_pz","parent":"ys_zhizhuwang_eff_pz","color":{}},{"blendMode":"add","z":1,"parent":"ys_zhizhuwang_eff_04","name":"ys_zhizhuwang_eff_04","color":{}},{"blendMode":"add","z":2,"parent":"ys_zhizhuwang_eff_4","name":"ys_zhizhuwang_eff_4","color":{}},{"blendMode":"add","z":3,"parent":"ys_zhizhuwang_eff_03","name":"ys_zhizhuwang_eff_03","color":{}},{"blendMode":"add","z":4,"parent":"ys_zhizhuwang_eff_01","name":"ys_zhizhuwang_eff_01","color":{}},{"blendMode":"add","z":5,"parent":"zhizhu","name":"zhizhu","color":{}},{"displayIndex":-1,"blendMode":"add","z":6,"parent":"ys_kulou_eff_01","name":"ys_kulou_eff_01","color":{}}],"type":"Armature","ik":[],"defaultActions":[{"gotoAndPlay":"0000_zhuwang_chuxian"}],"animation":[{"ffd":[],"frame":[],"duration":75,"ik":[],"bone":[{"frame":[{"tweenEasing":0,"duration":10,"transform":{"skX":60,"skY":60}},{"tweenEasing":0,"duration":20,"transform":{"skX":60,"skY":60,"scX":1.291,"scY":1.291}},{"duration":30,"curve":[0,0.76,0.75,1],"transform":{"scX":0.844,"scY":0.844}},{"duration":15,"curve":[0,0.69,0.75,1],"transform":{"scX":2.444,"scY":2.444}},{"duration":0,"transform":{"scX":1.464,"scY":1.464}}],"name":"ys_zhizhuwang_eff_04"},{"frame":[{"duration":30,"transform":{}},{"duration":10,"transform":{}},{"duration":20,"transform":{}},{"duration":15,"transform":{}},{"duration":0,"transform":{}}],"name":"root"},{"frame":[{"tweenEasing":0,"duration":30,"transform":{"y":0.29,"x":0.59}},{"duration":30,"curve":[0,0.77,0.75,1],"transform":{"skX":35.19,"skY":35.19}},{"duration":15,"curve":[0,0.69,0.75,1],"transform":{"skX":52.96,"skY":52.96,"scX":2.856,"scY":2.856}},{"duration":0,"transform":{"skX":52.96,"skY":52.96,"scX":3.938,"scY":3.938}}],"name":"ys_zhizhuwang_eff_4"},{"frame":[{"duration":30,"transform":{}},{"duration":30,"transform":{}},{"duration":15,"curve":[0,0.69,0.75,1],"transform":{}},{"duration":0,"transform":{"scX":4.402,"scY":4.402}}],"name":"ys_zhizhuwang_eff_01"},{"frame":[{"tweenEasing":0,"duration":15,"transform":{"scX":1.987,"scY":1.987}},{"tweenEasing":0,"duration":2,"transform":{"scX":0.483,"scY":0.483}},{"tweenEasing":0,"duration":2,"transform":{"scX":0.496,"scY":0.496}},{"tweenEasing":0,"duration":2,"transform":{"scX":0.483,"scY":0.483}},{"tweenEasing":0,"duration":2,"transform":{"scX":0.496,"scY":0.496}},{"tweenEasing":0,"duration":2,"transform":{"scX":0.483,"scY":0.483}},{"tweenEasing":0,"duration":2,"transform":{"scX":0.496,"scY":0.496}},{"tweenEasing":0,"duration":2,"transform":{"scX":0.483,"scY":0.483}},{"tweenEasing":0,"duration":1,"transform":{"scX":0.496,"scY":0.496}},{"duration":15,"curve":[0,0.65,0.75,1],"transform":{"scX":0.351,"scY":0.351}},{"duration":15,"transform":{"scX":2.642,"scY":2.642}},{"duration":15,"transform":{"scX":2.642,"scY":2.642}},{"duration":0,"transform":{"scX":2.642,"scY":2.642}}],"name":"ys_zhizhuwang_eff_03"},{"frame":[{"duration":10,"curve":[0.25,0,0.75,1],"transform":{}},{"duration":5,"curve":[0.25,0,1,0.33],"transform":{"skX":-1.46,"skY":-1.46,"y":136.48,"x":-1.33}},{"duration":5,"curve":[0.538,0.22,1,0.55],"transform":{"skX":-1.46,"skY":-1.46,"scX":0.974,"y":136.48,"scY":1.112,"x":-1.33}},{"tweenEasing":0,"duration":5,"transform":{"skX":-1.46,"skY":-1.46,"scX":0.974,"y":139.88,"scY":1.112,"x":-1.3}},{"duration":5,"transform":{"skX":-1.46,"skY":-1.46,"y":139.88,"x":-1.3}},{"duration":15,"transform":{"skX":-1.46,"skY":-1.46,"y":140.07,"x":-1}},{"duration":15,"transform":{"skX":-1.46,"skY":-1.46,"y":140.07,"x":-1}},{"duration":15,"transform":{"skX":-1.46,"skY":-1.46,"y":140.07,"x":-1}},{"duration":0,"transform":{"skX":-1.46,"skY":-1.46,"y":140.07,"x":-1}}],"name":"zhizhu"},{"frame":[{"duration":30,"transform":{}},{"tweenEasing":0,"duration":30,"transform":{}},{"duration":15,"curve":[0,0.69,0.75,1],"transform":{"scX":1.208,"scY":1.208}},{"duration":0,"transform":{"scX":5.025,"scY":5.025}}],"name":"ys_kulou_eff_01"},{"frame":[{"duration":75,"transform":{}}],"name":"ys_zhizhuwang_eff_pz"}],"slot":[{"frame":[{"tweenEasing":0,"displayIndex":-1,"duration":30},{"tweenEasing":0,"displayIndex":-1,"duration":30},{"duration":15,"curve":[0,0.345,0.875,1]},{"tweenEasing":null,"duration":0,"color":{"aM":0}}],"name":"ys_kulou_eff_01"},{"frame":[{"tweenEasing":0,"displayIndex":-1,"duration":30},{"tweenEasing":0,"displayIndex":-1,"duration":30},{"duration":2,"curve":[0,0.345,0.875,1]},{"tweenEasing":0,"displayIndex":1,"duration":13},{"tweenEasing":null,"displayIndex":1,"duration":0,"color":{"aM":0}}],"name":"ys_zhizhuwang_eff_01"},{"frame":[{"tweenEasing":0,"displayIndex":-1,"duration":15,"color":{"aM":0}},{"tweenEasing":0,"duration":2},{"tweenEasing":0,"duration":2,"color":{"aM":49}},{"tweenEasing":0,"duration":2},{"tweenEasing":0,"duration":2,"color":{"aM":49}},{"tweenEasing":0,"duration":2},{"tweenEasing":0,"duration":2,"color":{"aM":49}},{"tweenEasing":0,"duration":2},{"tweenEasing":0,"duration":1,"color":{"aM":49}},{"duration":15,"curve":[0,0.325,0.875,1]},{"tweenEasing":0,"duration":15,"color":{"aM":0}},{"tweenEasing":0,"duration":15,"color":{"aM":0}},{"tweenEasing":null,"duration":0,"color":{"aM":0}}],"name":"ys_zhizhuwang_eff_03"},{"frame":[{"tweenEasing":0,"duration":10,"color":{"aM":0}},{"tweenEasing":0,"duration":20,"color":{"aM":47}},{"duration":3,"curve":[0,0.175,0.6759999999999999,0.845],"color":{"aM":50}},{"duration":3,"curve":[0.126,0.75,0.77,1],"color":{"aM":0}},{"duration":3,"curve":[0,0.35,0.352,0.69],"color":{"aM":50}},{"duration":3,"curve":[0.126,0.75,0.77,1],"color":{"aM":0}},{"duration":3,"curve":[0,0.35,0.352,0.69],"color":{"aM":50}},{"duration":3,"curve":[0.126,0.75,0.77,1],"color":{"aM":0}},{"duration":3,"curve":[0,0.35,0.352,0.69],"color":{"aM":50}},{"duration":3,"curve":[0.126,0.75,0.77,1],"color":{"aM":0}},{"duration":3,"curve":[0,0.35,0.352,0.69],"color":{"aM":50}},{"duration":3,"curve":[0.126,0.75,0.77,1],"color":{"aM":0}},{"duration":15,"curve":[0,0.345,0.875,1],"color":{"aM":50}},{"tweenEasing":null,"duration":0,"color":{"aM":0}}],"name":"ys_zhizhuwang_eff_04"},{"frame":[{"tweenEasing":0,"duration":10,"color":{"aM":0}},{"tweenEasing":0,"duration":20,"color":{"aM":18}},{"duration":15,"curve":[0.0925,0.34,0.86,0.975],"color":{"aM":16}},{"duration":15,"curve":[0.374,0.67,0.711,1],"color":{"aM":11}},{"duration":15,"curve":[0,0.345,0.875,1],"color":{"aM":48}},{"tweenEasing":null,"duration":0,"color":{"aM":0}}],"name":"ys_zhizhuwang_eff_4"},{"frame":[{"tweenEasing":0,"duration":10},{"tweenEasing":null,"duration":20},{"tweenEasing":0,"duration":15},{"tweenEasing":null,"duration":15,"color":{"aM":0}},{"tweenEasing":0,"duration":15,"color":{"aM":0}},{"tweenEasing":null,"duration":0,"color":{"aM":0}}],"name":"zhizhu"}],"name":"0000_zhuwang_chuxian"},{"ffd":[],"frame":[],"duration":30,"ik":[],"bone":[{"frame":[{"tweenEasing":0,"duration":10,"transform":{"skX":60,"skY":60}},{"tweenEasing":0,"duration":20,"transform":{"skX":60,"skY":60,"scX":1.291,"scY":1.291}},{"duration":0,"transform":{"scX":0.844,"scY":0.844}}],"name":"ys_zhizhuwang_eff_04"},{"frame":[{"duration":30,"transform":{}},{"duration":0,"transform":{}}],"name":"root"},{"frame":[{"tweenEasing":0,"duration":30,"transform":{"y":0.29,"x":0.59}},{"duration":0,"transform":{"skX":35.19,"skY":35.19}}],"name":"ys_zhizhuwang_eff_4"},{"frame":[{"duration":30,"transform":{}},{"duration":0,"transform":{}}],"name":"ys_zhizhuwang_eff_01"},{"frame":[{"tweenEasing":0,"duration":15,"transform":{"scX":1.987,"scY":1.987}},{"tweenEasing":0,"duration":2,"transform":{"scX":0.483,"scY":0.483}},{"tweenEasing":0,"duration":2,"transform":{"scX":0.496,"scY":0.496}},{"tweenEasing":0,"duration":2,"transform":{"scX":0.483,"scY":0.483}},{"tweenEasing":0,"duration":2,"transform":{"scX":0.496,"scY":0.496}},{"tweenEasing":0,"duration":2,"transform":{"scX":0.483,"scY":0.483}},{"tweenEasing":0,"duration":2,"transform":{"scX":0.496,"scY":0.496}},{"tweenEasing":0,"duration":2,"transform":{"scX":0.483,"scY":0.483}},{"tweenEasing":0,"duration":1,"transform":{"scX":0.496,"scY":0.496}},{"duration":0,"transform":{"scX":0.351,"scY":0.351}}],"name":"ys_zhizhuwang_eff_03"},{"frame":[{"duration":10,"curve":[0.25,0,0.75,1],"transform":{}},{"duration":5,"curve":[0.25,0,1,0.33],"transform":{"skX":-1.46,"skY":-1.46,"y":136.48,"x":-1.33}},{"duration":5,"curve":[0.538,0.22,1,0.55],"transform":{"skX":-1.46,"skY":-1.46,"scX":0.974,"y":136.48,"scY":1.112,"x":-1.33}},{"tweenEasing":0,"duration":5,"transform":{"skX":-1.46,"skY":-1.46,"scX":0.974,"y":139.88,"scY":1.112,"x":-1.3}},{"duration":5,"transform":{"skX":-1.46,"skY":-1.46,"y":139.88,"x":-1.3}},{"duration":0,"transform":{"skX":-1.46,"skY":-1.46,"y":140.07,"x":-1}}],"name":"zhizhu"},{"frame":[{"duration":30,"transform":{}},{"duration":0,"transform":{}}],"name":"ys_kulou_eff_01"},{"frame":[{"duration":30,"transform":{}}],"name":"ys_zhizhuwang_eff_pz"}],"slot":[{"frame":[{"tweenEasing":0,"displayIndex":-1,"duration":30},{"tweenEasing":null,"displayIndex":-1,"duration":0}],"name":"ys_kulou_eff_01"},{"frame":[{"tweenEasing":0,"displayIndex":-1,"duration":30},{"tweenEasing":null,"displayIndex":-1,"duration":0}],"name":"ys_zhizhuwang_eff_01"},{"frame":[{"tweenEasing":0,"displayIndex":-1,"duration":15,"color":{"aM":0}},{"tweenEasing":0,"duration":2},{"tweenEasing":0,"duration":2,"color":{"aM":49}},{"tweenEasing":0,"duration":2},{"tweenEasing":0,"duration":2,"color":{"aM":49}},{"tweenEasing":0,"duration":2},{"tweenEasing":0,"duration":2,"color":{"aM":49}},{"tweenEasing":0,"duration":2},{"tweenEasing":0,"duration":1,"color":{"aM":49}},{"tweenEasing":null,"duration":0}],"name":"ys_zhizhuwang_eff_03"},{"frame":[{"tweenEasing":0,"duration":10,"color":{"aM":0}},{"tweenEasing":0,"duration":20,"color":{"aM":47}},{"tweenEasing":null,"duration":0,"color":{"aM":50}}],"name":"ys_zhizhuwang_eff_04"},{"frame":[{"tweenEasing":0,"duration":10,"color":{"aM":0}},{"tweenEasing":0,"duration":20,"color":{"aM":18}},{"tweenEasing":null,"duration":0,"color":{"aM":16}}],"name":"ys_zhizhuwang_eff_4"},{"frame":[{"tweenEasing":0,"duration":10},{"tweenEasing":null,"duration":20},{"tweenEasing":null,"duration":0}],"name":"zhizhu"}],"name":"0001_zhuwang_01"},{"ffd":[],"frame":[],"duration":30,"ik":[],"bone":[{"frame":[{"duration":30,"curve":[0,0.76,0.75,1],"transform":{"scX":0.844,"scY":0.844}},{"duration":0,"transform":{"scX":2.444,"scY":2.444}}],"name":"ys_zhizhuwang_eff_04"},{"frame":[{"duration":10,"transform":{}},{"duration":20,"transform":{}},{"duration":0,"transform":{}}],"name":"root"},{"frame":[{"duration":30,"curve":[0,0.77,0.75,1],"transform":{"skX":35.19,"skY":35.19}},{"duration":0,"transform":{"skX":52.96,"skY":52.96,"scX":2.856,"scY":2.856}}],"name":"ys_zhizhuwang_eff_4"},{"frame":[{"duration":30,"transform":{}},{"duration":0,"transform":{}}],"name":"ys_zhizhuwang_eff_01"},{"frame":[{"duration":15,"curve":[0,0.65,0.75,1],"transform":{"scX":0.351,"scY":0.351}},{"duration":15,"transform":{"scX":2.642,"scY":2.642}},{"duration":0,"transform":{"scX":2.642,"scY":2.642}}],"name":"ys_zhizhuwang_eff_03"},{"frame":[{"tweenEasing":0,"duration":5,"transform":{"skX":-1.46,"skY":-1.46,"y":140.07,"x":-1}},{"tweenEasing":0,"duration":10,"transform":{"skX":-1.46,"skY":-1.46,"scX":1.922,"y":98.62,"scY":1.922,"x":-1.28}},{"duration":15,"transform":{"skX":-1.46,"skY":-1.46,"scX":1.922,"y":98.62,"scY":1.922,"x":-1.28}},{"duration":0,"transform":{"skX":-1.46,"skY":-1.46,"scX":2.381,"y":98.62,"scY":2.381,"x":-1.28}}],"name":"zhizhu"},{"frame":[{"tweenEasing":0,"duration":30,"transform":{}},{"duration":0,"transform":{"scX":1.208,"scY":1.208}}],"name":"ys_kulou_eff_01"},{"frame":[{"duration":30,"transform":{}}],"name":"ys_zhizhuwang_eff_pz"}],"slot":[{"frame":[{"tweenEasing":0,"displayIndex":-1,"duration":30},{"tweenEasing":null,"duration":0}],"name":"ys_kulou_eff_01"},{"frame":[{"tweenEasing":0,"displayIndex":-1,"duration":30},{"tweenEasing":null,"duration":0}],"name":"ys_zhizhuwang_eff_01"},{"frame":[{"duration":15,"curve":[0,0.325,0.875,1]},{"tweenEasing":0,"duration":15,"color":{"aM":0}},{"tweenEasing":null,"duration":0,"color":{"aM":0}}],"name":"ys_zhizhuwang_eff_03"},{"frame":[{"duration":3,"curve":[0,0.175,0.6759999999999999,0.845],"color":{"aM":50}},{"duration":3,"curve":[0.126,0.75,0.77,1],"color":{"aM":0}},{"duration":3,"curve":[0,0.35,0.352,0.69],"color":{"aM":50}},{"duration":3,"curve":[0.126,0.75,0.77,1],"color":{"aM":0}},{"duration":3,"curve":[0,0.35,0.352,0.69],"color":{"aM":50}},{"duration":3,"curve":[0.126,0.75,0.77,1],"color":{"aM":0}},{"duration":3,"curve":[0,0.35,0.352,0.69],"color":{"aM":50}},{"duration":3,"curve":[0.126,0.75,0.77,1],"color":{"aM":0}},{"duration":3,"curve":[0,0.35,0.352,0.69],"color":{"aM":50}},{"duration":3,"curve":[0.126,0.75,0.77,1],"color":{"aM":0}},{"tweenEasing":null,"duration":0,"color":{"aM":50}}],"name":"ys_zhizhuwang_eff_04"},{"frame":[{"duration":15,"curve":[0.0925,0.34,0.86,0.975],"color":{"aM":16}},{"duration":15,"curve":[0.374,0.67,0.711,1],"color":{"aM":71}},{"tweenEasing":null,"duration":0,"color":{"aM":48}}],"name":"ys_zhizhuwang_eff_4"},{"frame":[{"tweenEasing":0,"duration":25},{"tweenEasing":null,"duration":5,"color":{"aM":0}},{"tweenEasing":null,"duration":0,"color":{"aM":0}}],"name":"zhizhu"}],"name":"0002_zhuwang_02"},{"ffd":[],"frame":[],"duration":15,"ik":[],"bone":[{"frame":[{"duration":15,"curve":[0,0.69,0.75,1],"transform":{"scX":2.444,"scY":2.444}},{"duration":0,"transform":{"scX":1.464,"scY":1.464}}],"name":"ys_zhizhuwang_eff_04"},{"frame":[{"duration":15,"transform":{}},{"duration":0,"transform":{}}],"name":"root"},{"frame":[{"duration":15,"curve":[0,0.69,0.75,1],"transform":{"skX":52.96,"skY":52.96,"scX":2.856,"scY":2.856}},{"duration":0,"transform":{"skX":52.96,"skY":52.96,"scX":3.938,"scY":3.938}}],"name":"ys_zhizhuwang_eff_4"},{"frame":[{"duration":15,"curve":[0,0.69,0.75,1],"transform":{}},{"duration":0,"transform":{"scX":4.402,"scY":4.402}}],"name":"ys_zhizhuwang_eff_01"},{"frame":[{"duration":15,"transform":{"scX":2.642,"scY":2.642}},{"duration":0,"transform":{"scX":2.642,"scY":2.642}}],"name":"ys_zhizhuwang_eff_03"},{"frame":[{"duration":15,"transform":{"skX":-1.46,"skY":-1.46,"y":140.07,"x":-1}},{"duration":0,"transform":{"skX":-1.46,"skY":-1.46,"y":140.07,"x":-1}}],"name":"zhizhu"},{"frame":[{"duration":15,"curve":[0,0.69,0.75,1],"transform":{"scX":1.208,"scY":1.208}},{"duration":0,"transform":{"scX":5.025,"scY":5.025}}],"name":"ys_kulou_eff_01"},{"frame":[{"duration":15,"transform":{}}],"name":"ys_zhizhuwang_eff_pz"}],"slot":[{"frame":[{"duration":15,"curve":[0,0.345,0.875,1]},{"tweenEasing":null,"duration":0,"color":{"aM":0}}],"name":"ys_kulou_eff_01"},{"frame":[{"duration":2,"curve":[0,0.345,0.875,1]},{"tweenEasing":0,"displayIndex":1,"duration":13},{"tweenEasing":null,"displayIndex":1,"duration":0,"color":{"aM":0}}],"name":"ys_zhizhuwang_eff_01"},{"frame":[{"tweenEasing":0,"duration":15,"color":{"aM":0}},{"tweenEasing":null,"duration":0,"color":{"aM":0}}],"name":"ys_zhizhuwang_eff_03"},{"frame":[{"duration":15,"curve":[0,0.345,0.875,1],"color":{"aM":50}},{"tweenEasing":null,"duration":0,"color":{"aM":0}}],"name":"ys_zhizhuwang_eff_04"},{"frame":[{"duration":15,"curve":[0,0.345,0.875,1],"color":{"aM":48}},{"tweenEasing":null,"duration":0,"color":{"aM":0}}],"name":"ys_zhizhuwang_eff_4"},{"frame":[{"tweenEasing":0,"duration":15,"color":{"aM":0}},{"tweenEasing":null,"duration":0,"color":{"aM":0}}],"name":"zhizhu"}],"name":"0003_zhuwang_03"}],"bone":[{"name":"root","transform":{}},{"transform":{},"name":"ys_kulou_eff_01","parent":"root"},{"transform":{},"name":"ys_zhizhuwang_eff_01","parent":"root"},{"transform":{},"name":"ys_zhizhuwang_eff_03","parent":"root"},{"transform":{"y":-0.29,"x":-0.59},"name":"ys_zhizhuwang_eff_04","parent":"root"},{"transform":{"y":-0.29,"x":-0.59},"name":"ys_zhizhuwang_eff_4","parent":"root"},{"transform":{"scX":2.614,"y":-11.01,"scY":2.614,"x":70.48},"name":"ys_zhizhuwang_eff_pz","parent":"root"},{"length":45,"transform":{"skX":91.08,"skY":91.08,"y":-159.47,"x":0.87},"parent":"root","name":"zhizhu"}],"aabb":{"width":300,"y":-227.9223897108559,"height":377.9223897108559,"x":-150},"name":"armatureName","frameRate":30}],"name":"ys_zhizhuwang_eff","version":"4.0"}