{"frameRate":60,"isGlobal":0,"armature":[{"bone":[{"name":"root","transform":{}},{"inheritScale":false,"transform":{},"name":"001_guang2","parent":"root"},{"inheritScale":false,"transform":{},"name":"001_shanguang1","parent":"root"},{"inheritScale":false,"transform":{},"name":"001_shanguang2","parent":"root"},{"inheritScale":false,"transform":{},"name":"000_fuji","parent":"root"},{"inheritScale":false,"transform":{},"name":"001_shanguang3","parent":"root"},{"inheritScale":false,"transform":{},"name":"001_kapai1","parent":"000_fuji"},{"inheritScale":false,"transform":{},"name":"006_faguang01","parent":"001_kapai1"}],"animation":[{"bone":[{"frame":[{"tweenEasing":0,"transform":{},"duration":15},{"tweenEasing":0,"transform":{"scY":1.0222,"scX":1.0222},"duration":30},{"transform":{"scY":1.05,"scX":1.05},"duration":0}],"name":"001_guang2"},{"frame":[{"tweenEasing":0,"transform":{},"duration":15},{"tweenEasing":0,"transform":{"scY":1.0333,"scX":1.0333},"duration":30},{"transform":{"scY":1.1,"scX":1.1},"duration":0}],"name":"006_faguang01"},{"frame":[{"tweenEasing":0,"transform":{"scY":0.95,"scX":0.95},"duration":15},{"tweenEasing":0,"transform":{"scY":1.03,"scX":1.03},"duration":30},{"transform":{},"duration":0}],"name":"001_kapai1"},{"frame":[{"tweenEasing":0,"transform":{},"duration":45},{"transform":{},"duration":0}],"name":"000_fuji"},{"frame":[{"transform":{},"duration":45}],"name":"root"},{"frame":[{"transform":{},"duration":45}],"name":"001_shanguang1"},{"frame":[{"transform":{},"duration":45}],"name":"001_shanguang2"},{"frame":[{"transform":{},"duration":45}],"name":"001_shanguang3"}],"slot":[{"frame":[{"tweenEasing":0,"color":{"aM":0},"duration":15},{"tweenEasing":0,"color":{"aM":57},"duration":30},{"tweenEasing":null,"color":{"aM":0},"duration":0}],"name":"001_guang2"},{"frame":[{"displayIndex":1,"tweenEasing":0,"color":{"aM":0},"duration":15},{"displayIndex":1,"tweenEasing":0,"duration":30},{"displayIndex":1,"tweenEasing":null,"color":{"aM":0},"duration":0}],"name":"006_faguang01"},{"frame":[{"tweenEasing":0,"duration":15},{"tweenEasing":0,"duration":30},{"tweenEasing":null,"duration":0}],"name":"001_kapai1"},{"frame":[{"displayIndex":-1,"tweenEasing":0,"duration":45},{"displayIndex":-1,"tweenEasing":null,"duration":0}],"name":"000_fuji"},{"frame":[{"displayIndex":-1,"tweenEasing":null,"duration":45}],"name":"001_shanguang1"},{"frame":[{"displayIndex":-1,"tweenEasing":null,"duration":45}],"name":"001_shanguang2"},{"frame":[{"displayIndex":-1,"tweenEasing":null,"duration":45}],"name":"001_shanguang3"}],"ffd":[],"frame":[],"ik":[],"name":"000_lan","duration":45},{"bone":[{"frame":[{"tweenEasing":0,"transform":{"scY":0.8,"y":76,"skX":-39,"skY":-39,"scX":0.8,"x":-20},"duration":45},{"transform":{"scY":0.8,"y":76,"skX":-39,"skY":-39,"scX":0.8,"x":-20},"duration":0}],"name":"001_shanguang3"},{"frame":[{"tweenEasing":0,"transform":{"scY":1.2,"scX":1.2,"x":57},"duration":4},{"tweenEasing":0,"transform":{"scY":1.2,"scX":1.2,"x":57},"duration":1},{"tweenEasing":0,"transform":{"scY":1.2,"scX":1.2,"x":57},"duration":15},{"tweenEasing":0,"transform":{"scY":1.4,"y":-11.5556,"skX":-27.5556,"skY":-27.5556,"scX":1.4,"x":51.5556},"duration":25},{"transform":{"scY":1.5,"y":-26,"skX":-62,"skY":-62,"scX":1.5,"x":56},"duration":0}],"name":"001_shanguang2"},{"frame":[{"tweenEasing":0,"transform":{"scY":0.7,"y":-51,"scX":0.7,"x":-55},"duration":20},{"tweenEasing":0,"transform":{"scY":0.8,"y":-58.5556,"skX":26.2222,"skY":26.2222,"scX":0.8,"x":-60},"duration":25},{"transform":{"scY":0.8,"y":-68,"skX":59,"skY":59,"scX":0.8,"x":-55},"duration":0}],"name":"001_shanguang1"},{"frame":[{"tweenEasing":0,"transform":{},"duration":15},{"tweenEasing":0,"transform":{"scY":1.0222,"scX":1.0222},"duration":30},{"transform":{"scY":1.05,"scX":1.05},"duration":0}],"name":"001_guang2"},{"frame":[{"tweenEasing":0,"transform":{},"duration":15},{"tweenEasing":0,"transform":{"scY":1.0333,"scX":1.0333},"duration":30},{"transform":{"scY":1.1,"scX":1.1},"duration":0}],"name":"006_faguang01"},{"frame":[{"tweenEasing":0,"transform":{"scY":0.95,"scX":0.95},"duration":15},{"tweenEasing":0,"transform":{"scY":1.03,"scX":1.03},"duration":30},{"transform":{},"duration":0}],"name":"001_kapai1"},{"frame":[{"tweenEasing":0,"transform":{},"duration":45},{"transform":{},"duration":0}],"name":"000_fuji"},{"frame":[{"transform":{},"duration":45}],"name":"root"}],"slot":[{"frame":[{"displayIndex":-1,"tweenEasing":0,"color":{"aM":0},"duration":45},{"displayIndex":-1,"tweenEasing":null,"color":{"aM":0},"duration":0}],"name":"001_shanguang3"},{"frame":[{"displayIndex":-1,"tweenEasing":0,"color":{"aM":0},"duration":4},{"displayIndex":-1,"tweenEasing":0,"color":{"aM":0},"duration":1},{"displayIndex":1,"tweenEasing":0,"color":{"aM":0},"duration":15},{"displayIndex":1,"tweenEasing":0,"duration":25},{"displayIndex":1,"tweenEasing":null,"color":{"aM":0},"duration":0}],"name":"001_shanguang2"},{"frame":[{"displayIndex":1,"tweenEasing":0,"color":{"aM":0},"duration":20},{"displayIndex":1,"tweenEasing":0,"duration":25},{"displayIndex":1,"tweenEasing":null,"color":{"aM":0},"duration":0}],"name":"001_shanguang1"},{"frame":[{"displayIndex":1,"tweenEasing":0,"color":{"aM":0},"duration":15},{"displayIndex":1,"tweenEasing":0,"color":{"aM":57},"duration":30},{"displayIndex":1,"tweenEasing":null,"color":{"aM":0},"duration":0}],"name":"001_guang2"},{"frame":[{"displayIndex":2,"tweenEasing":0,"color":{"aM":0},"duration":15},{"displayIndex":2,"tweenEasing":0,"duration":30},{"displayIndex":2,"tweenEasing":null,"color":{"aM":0},"duration":0}],"name":"006_faguang01"},{"frame":[{"tweenEasing":0,"duration":15},{"tweenEasing":0,"duration":30},{"tweenEasing":null,"duration":0}],"name":"001_kapai1"},{"frame":[{"displayIndex":-1,"tweenEasing":0,"duration":45},{"displayIndex":-1,"tweenEasing":null,"duration":0}],"name":"000_fuji"}],"ffd":[],"frame":[],"ik":[],"name":"001_zi","duration":45},{"bone":[{"frame":[{"tweenEasing":0,"transform":{"scY":0.8,"y":76,"skX":-39,"skY":-39,"scX":0.8,"x":-20},"duration":44},{"transform":{"scY":0.8,"y":76,"skX":-39,"skY":-39,"scX":0.8,"x":-20},"duration":1}],"name":"001_shanguang3"},{"frame":[{"tweenEasing":0,"transform":{"scY":1.2,"scX":1.2,"x":57},"duration":17},{"tweenEasing":0,"transform":{"scY":1.4,"y":-11.5556,"skX":-27.5556,"skY":-27.5556,"scX":1.4,"x":51.5556},"duration":28},{"transform":{"scY":1.5,"y":-26,"skX":-62,"skY":-62,"scX":1.5,"x":56},"duration":0}],"name":"001_shanguang2"},{"frame":[{"tweenEasing":0,"transform":{"scY":0.7,"y":-51,"scX":0.7,"x":-55},"duration":20},{"tweenEasing":0,"transform":{"scY":0.8,"y":-58.5556,"skX":26.2222,"skY":26.2222,"scX":0.8,"x":-60},"duration":25},{"transform":{"scY":0.8,"y":-68,"skX":59,"skY":59,"scX":0.8,"x":-55},"duration":0}],"name":"001_shanguang1"},{"frame":[{"tweenEasing":0,"transform":{},"duration":15},{"tweenEasing":0,"transform":{"scY":1.0222,"scX":1.0222},"duration":30},{"transform":{"scY":1.05,"scX":1.05},"duration":0}],"name":"001_guang2"},{"frame":[{"tweenEasing":0,"transform":{},"duration":15},{"tweenEasing":0,"transform":{"scY":1.0333,"scX":1.0333},"duration":30},{"transform":{"scY":1.1,"scX":1.1},"duration":0}],"name":"006_faguang01"},{"frame":[{"tweenEasing":0,"transform":{"scY":0.95,"scX":0.95},"duration":15},{"tweenEasing":0,"transform":{"scY":1.03,"scX":1.03},"duration":30},{"transform":{},"duration":0}],"name":"001_kapai1"},{"frame":[{"tweenEasing":0,"transform":{},"duration":45},{"transform":{},"duration":0}],"name":"000_fuji"},{"frame":[{"transform":{},"duration":45}],"name":"root"}],"slot":[{"frame":[{"displayIndex":-1,"tweenEasing":0,"color":{"aM":0},"duration":44},{"displayIndex":-1,"tweenEasing":null,"color":{"aM":0},"duration":1}],"name":"001_shanguang3"},{"frame":[{"displayIndex":2,"tweenEasing":0,"color":{"aM":0},"duration":17},{"displayIndex":2,"tweenEasing":0,"duration":28},{"displayIndex":2,"tweenEasing":null,"color":{"aM":0},"duration":0}],"name":"001_shanguang2"},{"frame":[{"displayIndex":3,"tweenEasing":0,"color":{"aM":0},"duration":20},{"displayIndex":3,"tweenEasing":0,"duration":25},{"displayIndex":3,"tweenEasing":null,"color":{"aM":0},"duration":0}],"name":"001_shanguang1"},{"frame":[{"displayIndex":2,"tweenEasing":0,"color":{"aM":0},"duration":15},{"displayIndex":2,"tweenEasing":0,"color":{"aM":57},"duration":30},{"displayIndex":2,"tweenEasing":null,"color":{"aM":0},"duration":0}],"name":"001_guang2"},{"frame":[{"tweenEasing":0,"color":{"aM":0},"duration":15},{"tweenEasing":0,"duration":30},{"tweenEasing":null,"color":{"aM":0},"duration":0}],"name":"006_faguang01"},{"frame":[{"tweenEasing":0,"duration":15},{"tweenEasing":0,"duration":30},{"tweenEasing":null,"duration":0}],"name":"001_kapai1"},{"frame":[{"displayIndex":-1,"tweenEasing":0,"duration":45},{"displayIndex":-1,"tweenEasing":null,"duration":0}],"name":"000_fuji"}],"ffd":[],"frame":[],"ik":[],"name":"002_cheng","duration":45},{"playTimes":0,"bone":[{"frame":[{"tweenEasing":0,"transform":{"scY":1.05,"scX":1.05},"duration":45},{"tweenEasing":0,"transform":{"scY":1.0222,"scX":1.0222},"duration":45},{"transform":{"scY":1.05,"scX":1.05},"duration":0}],"name":"001_guang2"},{"frame":[{"tweenEasing":0,"transform":{},"duration":45},{"tweenEasing":0,"transform":{"scY":1.0333,"scX":1.0333},"duration":45},{"transform":{"scY":1.1,"scX":1.1},"duration":0}],"name":"006_faguang01"},{"frame":[{"tweenEasing":0,"transform":{},"duration":90},{"transform":{},"duration":0}],"name":"001_kapai1"},{"frame":[{"tweenEasing":0,"transform":{},"duration":90},{"transform":{},"duration":0}],"name":"000_fuji"},{"frame":[{"transform":{},"duration":90}],"name":"root"},{"frame":[{"transform":{},"duration":90}],"name":"001_shanguang1"},{"frame":[{"transform":{},"duration":90}],"name":"001_shanguang2"},{"frame":[{"transform":{},"duration":90}],"name":"001_shanguang3"}],"slot":[{"frame":[{"tweenEasing":0,"color":{"aM":0},"duration":45},{"tweenEasing":0,"color":{"aM":19},"duration":45},{"tweenEasing":null,"color":{"aM":0},"duration":0}],"name":"001_guang2"},{"frame":[{"displayIndex":1,"tweenEasing":0,"color":{"aM":0},"duration":45},{"displayIndex":1,"tweenEasing":0,"color":{"aM":19},"duration":45},{"displayIndex":1,"tweenEasing":null,"color":{"aM":0},"duration":0}],"name":"006_faguang01"},{"frame":[{"tweenEasing":0,"duration":90},{"tweenEasing":null,"duration":0}],"name":"001_kapai1"},{"frame":[{"displayIndex":-1,"tweenEasing":0,"duration":90},{"displayIndex":-1,"tweenEasing":null,"duration":0}],"name":"000_fuji"},{"frame":[{"displayIndex":-1,"tweenEasing":null,"duration":90}],"name":"001_shanguang1"},{"frame":[{"displayIndex":-1,"tweenEasing":null,"duration":90}],"name":"001_shanguang2"},{"frame":[{"displayIndex":-1,"tweenEasing":null,"duration":90}],"name":"001_shanguang3"}],"ffd":[],"frame":[],"ik":[],"name":"003_lan_xunhuan","duration":90},{"playTimes":0,"bone":[{"frame":[{"tweenEasing":0,"transform":{"scY":0.8,"y":76,"skX":-39,"skY":-39,"scX":0.8,"x":-20},"duration":44},{"tweenEasing":0,"transform":{"scY":0.8,"y":76,"skX":-39,"skY":-39,"scX":0.8,"x":-20},"duration":1},{"tweenEasing":0,"transform":{"scY":0.8,"y":76,"skX":-39,"skY":-39,"scX":0.8,"x":-20},"duration":20},{"tweenEasing":0,"transform":{"y":64.7778,"skX":-0.7778,"skY":-0.7778,"x":-25.1111},"duration":25},{"tweenEasing":0,"transform":{"scY":1.2,"y":53,"skX":47,"skY":47,"scX":1.2,"x":-18},"duration":1},{"transform":{"scY":1.2,"y":53,"skX":47,"skY":47,"scX":1.2,"x":-18},"duration":9}],"name":"001_shanguang3"},{"frame":[{"tweenEasing":0,"transform":{"scY":1.2,"scX":1.2,"x":57},"duration":9},{"tweenEasing":0,"transform":{"scY":1.2,"scX":1.2,"x":57},"duration":1},{"tweenEasing":0,"transform":{"scY":1.2,"scX":1.2,"x":57},"duration":20},{"tweenEasing":0,"transform":{"scY":1.4,"y":-11.5556,"skX":-27.5556,"skY":-27.5556,"scX":1.4,"x":51.5556},"duration":25},{"tweenEasing":0,"transform":{"scY":1.5,"y":-26,"skX":-62,"skY":-62,"scX":1.5,"x":56},"duration":1},{"transform":{"scY":1.5,"y":-26,"skX":-62,"skY":-62,"scX":1.5,"x":56},"duration":44}],"name":"001_shanguang2"},{"frame":[{"tweenEasing":0,"transform":{"scY":0.7,"y":-51,"scX":0.7,"x":-55},"duration":20},{"tweenEasing":0,"transform":{"scY":0.8,"y":-58.5556,"skX":26.2222,"skY":26.2222,"scX":0.8,"x":-60},"duration":25},{"tweenEasing":0,"transform":{"scY":0.8,"y":-68,"skX":59,"skY":59,"scX":0.8,"x":-55},"duration":1},{"transform":{"scY":0.8,"y":-68,"skX":59,"skY":59,"scX":0.8,"x":-55},"duration":54}],"name":"001_shanguang1"},{"frame":[{"tweenEasing":0,"transform":{"scY":1.05,"scX":1.05},"duration":45},{"tweenEasing":0,"transform":{"scY":1.0222,"scX":1.0222},"duration":55},{"transform":{"scY":1.05,"scX":1.05},"duration":0}],"name":"001_guang2"},{"frame":[{"tweenEasing":0,"transform":{},"duration":45},{"tweenEasing":0,"transform":{"scY":1.0333,"scX":1.0333},"duration":55},{"transform":{"scY":1.1,"scX":1.1},"duration":0}],"name":"006_faguang01"},{"frame":[{"tweenEasing":0,"transform":{},"duration":100},{"transform":{},"duration":0}],"name":"001_kapai1"},{"frame":[{"tweenEasing":0,"transform":{},"duration":100},{"transform":{},"duration":0}],"name":"000_fuji"},{"frame":[{"transform":{},"duration":100}],"name":"root"}],"slot":[{"frame":[{"displayIndex":-1,"tweenEasing":0,"color":{"aM":0},"duration":44},{"displayIndex":-1,"tweenEasing":0,"color":{"aM":0},"duration":1},{"tweenEasing":0,"color":{"aM":0},"duration":20},{"tweenEasing":0,"duration":25},{"tweenEasing":0,"color":{"aM":0},"duration":1},{"displayIndex":-1,"tweenEasing":null,"color":{"aM":0},"duration":9}],"name":"001_shanguang3"},{"frame":[{"displayIndex":-1,"tweenEasing":0,"color":{"aM":0},"duration":9},{"displayIndex":-1,"tweenEasing":0,"color":{"aM":0},"duration":1},{"displayIndex":1,"tweenEasing":0,"color":{"aM":0},"duration":20},{"displayIndex":1,"tweenEasing":0,"duration":25},{"displayIndex":1,"tweenEasing":0,"color":{"aM":0},"duration":1},{"displayIndex":-1,"tweenEasing":null,"color":{"aM":0},"duration":44}],"name":"001_shanguang2"},{"frame":[{"displayIndex":1,"tweenEasing":0,"color":{"aM":0},"duration":20},{"displayIndex":1,"tweenEasing":0,"duration":25},{"displayIndex":1,"tweenEasing":0,"color":{"aM":0},"duration":1},{"displayIndex":-1,"tweenEasing":null,"color":{"aM":0},"duration":54}],"name":"001_shanguang1"},{"frame":[{"displayIndex":1,"tweenEasing":0,"color":{"aM":0},"duration":45},{"displayIndex":1,"tweenEasing":0,"color":{"aM":19},"duration":55},{"displayIndex":1,"tweenEasing":null,"color":{"aM":0},"duration":0}],"name":"001_guang2"},{"frame":[{"displayIndex":2,"tweenEasing":0,"color":{"aM":0},"duration":45},{"displayIndex":2,"tweenEasing":0,"color":{"aM":19},"duration":55},{"displayIndex":2,"tweenEasing":null,"color":{"aM":0},"duration":0}],"name":"006_faguang01"},{"frame":[{"tweenEasing":0,"duration":100},{"tweenEasing":null,"duration":0}],"name":"001_kapai1"},{"frame":[{"displayIndex":-1,"tweenEasing":0,"duration":100},{"displayIndex":-1,"tweenEasing":null,"duration":0}],"name":"000_fuji"}],"ffd":[],"frame":[],"ik":[],"name":"004_zi_xunhuan","duration":100},{"playTimes":0,"bone":[{"frame":[{"tweenEasing":0,"transform":{"scY":0.8,"y":76,"skX":-39,"skY":-39,"scX":0.8,"x":-20},"duration":44},{"tweenEasing":0,"transform":{"scY":0.8,"y":76,"skX":-39,"skY":-39,"scX":0.8,"x":-20},"duration":1},{"tweenEasing":0,"transform":{"scY":0.8,"y":76,"skX":-39,"skY":-39,"scX":0.8,"x":-20},"duration":20},{"tweenEasing":0,"transform":{"y":64.7778,"skX":-0.7778,"skY":-0.7778,"x":-25.1111},"duration":25},{"tweenEasing":0,"transform":{"scY":1.2,"y":53,"skX":47,"skY":47,"scX":1.2,"x":-18},"duration":1},{"transform":{"scY":1.2,"y":53,"skX":47,"skY":47,"scX":1.2,"x":-18},"duration":9}],"name":"001_shanguang3"},{"frame":[{"tweenEasing":0,"transform":{"scY":1.2,"scX":1.2,"x":57},"duration":9},{"tweenEasing":0,"transform":{"scY":1.2,"scX":1.2,"x":57},"duration":1},{"tweenEasing":0,"transform":{"scY":1.2,"scX":1.2,"x":57},"duration":20},{"tweenEasing":0,"transform":{"scY":1.4,"y":-11.5556,"skX":-27.5556,"skY":-27.5556,"scX":1.4,"x":51.5556},"duration":25},{"tweenEasing":0,"transform":{"scY":1.5,"y":-26,"skX":-62,"skY":-62,"scX":1.5,"x":56},"duration":1},{"transform":{"scY":1.5,"y":-26,"skX":-62,"skY":-62,"scX":1.5,"x":56},"duration":44}],"name":"001_shanguang2"},{"frame":[{"tweenEasing":0,"transform":{"scY":0.7,"y":-51,"scX":0.7,"x":-55},"duration":20},{"tweenEasing":0,"transform":{"scY":0.8,"y":-58.5556,"skX":26.2222,"skY":26.2222,"scX":0.8,"x":-60},"duration":25},{"tweenEasing":0,"transform":{"scY":0.8,"y":-68,"skX":59,"skY":59,"scX":0.8,"x":-55},"duration":1},{"transform":{"scY":0.8,"y":-68,"skX":59,"skY":59,"scX":0.8,"x":-55},"duration":54}],"name":"001_shanguang1"},{"frame":[{"tweenEasing":0,"transform":{"scY":1.05,"scX":1.05},"duration":45},{"tweenEasing":0,"transform":{"scY":1.0222,"scX":1.0222},"duration":55},{"transform":{"scY":1.05,"scX":1.05},"duration":0}],"name":"001_guang2"},{"frame":[{"tweenEasing":0,"transform":{},"duration":45},{"tweenEasing":0,"transform":{"scY":1.0333,"scX":1.0333},"duration":55},{"transform":{"scY":1.1,"scX":1.1},"duration":0}],"name":"006_faguang01"},{"frame":[{"tweenEasing":0,"transform":{},"duration":100},{"transform":{},"duration":0}],"name":"001_kapai1"},{"frame":[{"tweenEasing":0,"transform":{},"duration":100},{"transform":{},"duration":0}],"name":"000_fuji"},{"frame":[{"transform":{},"duration":100}],"name":"root"}],"slot":[{"frame":[{"displayIndex":-1,"tweenEasing":0,"color":{"aM":0},"duration":44},{"displayIndex":-1,"tweenEasing":0,"color":{"aM":0},"duration":1},{"displayIndex":2,"tweenEasing":0,"color":{"aM":0},"duration":20},{"displayIndex":2,"tweenEasing":0,"duration":25},{"displayIndex":2,"tweenEasing":0,"color":{"aM":0},"duration":1},{"displayIndex":-1,"tweenEasing":null,"color":{"aM":0},"duration":9}],"name":"001_shanguang3"},{"frame":[{"displayIndex":-1,"tweenEasing":0,"color":{"aM":0},"duration":9},{"displayIndex":-1,"tweenEasing":0,"color":{"aM":0},"duration":1},{"displayIndex":2,"tweenEasing":0,"color":{"aM":0},"duration":20},{"displayIndex":2,"tweenEasing":0,"duration":25},{"displayIndex":2,"tweenEasing":0,"color":{"aM":0},"duration":1},{"displayIndex":-1,"tweenEasing":null,"color":{"aM":0},"duration":44}],"name":"001_shanguang2"},{"frame":[{"displayIndex":3,"tweenEasing":0,"color":{"aM":0},"duration":20},{"displayIndex":3,"tweenEasing":0,"duration":25},{"displayIndex":3,"tweenEasing":0,"color":{"aM":0},"duration":1},{"displayIndex":-1,"tweenEasing":null,"color":{"aM":0},"duration":54}],"name":"001_shanguang1"},{"frame":[{"displayIndex":2,"tweenEasing":0,"color":{"aM":0},"duration":45},{"displayIndex":2,"tweenEasing":0,"color":{"aM":19},"duration":55},{"displayIndex":2,"tweenEasing":null,"color":{"aM":0},"duration":0}],"name":"001_guang2"},{"frame":[{"tweenEasing":0,"color":{"aM":0},"duration":45},{"tweenEasing":0,"color":{"aM":19},"duration":55},{"tweenEasing":null,"color":{"aM":0},"duration":0}],"name":"006_faguang01"},{"frame":[{"tweenEasing":0,"duration":100},{"tweenEasing":null,"duration":0}],"name":"001_kapai1"},{"frame":[{"displayIndex":-1,"tweenEasing":0,"duration":100},{"displayIndex":-1,"tweenEasing":null,"duration":0}],"name":"000_fuji"}],"ffd":[],"frame":[],"ik":[],"name":"005_cheng_xunhuan","duration":100}],"type":"Armature","frameRate":60,"aabb":{"width":226,"y":-171.5,"height":343,"x":-113},"skin":[{"slot":[{"display":[{"path":"ys_guilian_eff_02","type":"image","name":"ys_guilian_eff_02","transform":{}},{"path":"ys_guilian_eff_01","type":"image","name":"ys_guilian_eff_01","transform":{}},{"path":"ys_guilian_eff_03","type":"image","name":"ys_guilian_eff_03","transform":{}}],"blendMode":"add","name":"001_shanguang3"},{"display":[{"path":"biaoqian1","type":"image","name":"biaoqian1","transform":{}},{"path":"biaoqian3","type":"image","name":"biaoqian3","transform":{}},{"path":"biaoqian2","type":"image","name":"biaoqian2","transform":{}}],"blendMode":"add","name":"006_faguang01"},{"display":[{"path":"biaoqian0","type":"image","name":"biaoqian0","transform":{}}],"blendMode":"add","name":"001_kapai1"},{"display":[{"path":"biaoqian3","type":"image","name":"biaoqian3","transform":{}},{"path":"biaoqian2","type":"image","name":"biaoqian2","transform":{}},{"path":"biaoqian1","type":"image","name":"biaoqian1","transform":{}}],"blendMode":"add","name":"001_guang2"},{"display":[{"path":"ys_guilian_eff_01","type":"image","name":"ys_guilian_eff_01","transform":{}},{"path":"ys_guilian_eff_02","type":"image","name":"ys_guilian_eff_02","transform":{}},{"path":"ys_guilian_eff_03","type":"image","name":"ys_guilian_eff_03","transform":{}}],"blendMode":"add","name":"001_shanguang2"},{"display":[{"path":"ys_guilian_eff_01","type":"image","name":"ys_guilian_eff_01","transform":{}},{"path":"ys_guilian_eff_02","type":"image","name":"ys_guilian_eff_02","transform":{}},{"path":"biaoqian1","type":"image","name":"biaoqian1","transform":{}},{"path":"ys_guilian_eff_03","type":"image","name":"ys_guilian_eff_03","transform":{}}],"blendMode":"add","name":"001_shanguang1"}],"name":""}],"defaultActions":[{"gotoAndPlay":"000_lan"}],"ik":[],"slot":[{"displayIndex":-1,"name":"000_fuji","parent":"000_fuji","color":{}},{"blendMode":"add","z":1,"parent":"001_kapai1","name":"001_kapai1","color":{}},{"blendMode":"add","z":2,"parent":"006_faguang01","name":"006_faguang01","color":{}},{"blendMode":"add","z":3,"parent":"001_guang2","name":"001_guang2","color":{}},{"blendMode":"add","z":4,"parent":"001_shanguang1","name":"001_shanguang1","color":{}},{"blendMode":"add","z":5,"parent":"001_shanguang2","name":"001_shanguang2","color":{}},{"blendMode":"add","z":6,"parent":"001_shanguang3","name":"001_shanguang3","color":{}}],"name":"armatureName"}],"name":"ui_jiuguan_sudashui_new","version":"4.0"}