{"frameRate":30,"isGlobal":0,"armature":[{"bone":[{"name":"root","transform":{}},{"transform":{},"name":"00000007","parent":"root"},{"transform":{},"name":"fangshe","parent":"root"},{"transform":{},"name":"guangyun01@2x","parent":"root"},{"length":60,"transform":{"skX":-34.82,"skY":-34.82},"parent":"root","name":"particle1"},{"length":60,"transform":{"scY":0.839,"skX":-150.84,"skY":-150.84,"scX":0.839},"parent":"root","name":"particle2"},{"length":60,"transform":{"scY":1.02,"skX":-179.53,"skY":-179.53,"scX":1.02},"parent":"root","name":"particle3"},{"length":60,"transform":{"scY":0.724,"skX":52.04,"skY":52.04,"scX":0.724},"parent":"root","name":"particle4"},{"length":60,"transform":{"scY":1.043,"skX":118.13,"skY":118.13,"scX":1.043},"parent":"root","name":"particle5"},{"length":60,"transform":{"scY":1.043,"skX":13.64,"skY":13.64,"scX":1.043},"parent":"root","name":"particle6"},{"length":60,"transform":{"scY":1.043,"skX":-90.77,"skY":-90.77,"scX":1.043},"parent":"root","name":"particle7"},{"transform":{"y":-0.38,"x":-0.29},"name":"pin","parent":"root"},{"length":38,"transform":{"y":-0.75,"skX":-28.98,"skY":-28.98,"x":1.15},"parent":"root","name":"tockarrow"},{"length":62,"transform":{"y":-1.08,"skX":-90.99,"skY":-90.99,"x":0.36},"parent":"pin","name":"tickarrow"}],"aabb":{"width":168.20999999999998,"y":-107.41855186202095,"height":209.62626920818587,"x":-83.5},"type":"Armature","name":"armatureName","animation":[{"frame":[],"bone":[{"frame":[{"transform":{},"duration":15},{"transform":{},"duration":5},{"transform":{},"duration":15},{"transform":{},"duration":0}],"name":"root"},{"frame":[{"transform":{"scY":0.255,"scX":0.255},"duration":10},{"tweenEasing":0,"transform":{"scY":0.255,"scX":0.255},"duration":8},{"tweenEasing":0,"transform":{"scY":0.439,"scX":0.439},"duration":2},{"tweenEasing":0,"transform":{"scY":1.416,"scX":1.416},"duration":2},{"tweenEasing":0,"transform":{"scY":1.416,"scX":1.416,"x":-1.56},"duration":2},{"tweenEasing":0,"transform":{"scY":1.416,"scX":1.416,"x":2.73},"duration":2},{"tweenEasing":0,"transform":{"scY":1.416,"scX":1.416,"x":-1.56},"duration":2},{"tweenEasing":0,"transform":{"scY":1.416,"scX":1.416,"x":2.73},"duration":2},{"transform":{},"duration":5}],"name":"guangyun01@2x"},{"frame":[{"tweenEasing":0,"transform":{"scY":0.362,"y":-47.18,"x":67.84},"duration":10},{"tweenEasing":0,"transform":{"y":0.23,"scX":0.504,"x":-0.34},"duration":5},{"tweenEasing":0,"transform":{"y":0.23,"scX":0.294,"x":-0.34},"duration":5},{"tweenEasing":0,"transform":{"y":0.23,"skX":21.32,"skY":21.32,"scX":0.504,"x":-0.34},"duration":15},{"transform":{},"duration":0}],"name":"particle1"},{"frame":[{"tweenEasing":0,"transform":{"scY":0.597,"y":-47.71,"x":-85.56},"duration":10},{"tweenEasing":0,"transform":{"scX":0.463},"duration":5},{"tweenEasing":0,"transform":{"scX":0.267},"duration":5},{"tweenEasing":0,"transform":{"skX":21.32,"skY":21.32,"scX":0.463},"duration":15},{"transform":{},"duration":0}],"name":"particle2"},{"frame":[{"tweenEasing":0,"transform":{"scY":0.522,"y":-0.67,"x":-82.27},"duration":10},{"tweenEasing":0,"transform":{"scX":0.319},"duration":5},{"tweenEasing":0,"transform":{"scX":0.189},"duration":5},{"tweenEasing":0,"transform":{"skX":21.32,"skY":21.32,"scX":0.319},"duration":15},{"transform":{},"duration":0}],"name":"particle3"},{"frame":[{"tweenEasing":0,"transform":{"scY":0.503,"y":66.02,"x":51.52},"duration":10},{"tweenEasing":0,"transform":{"y":2.27,"scX":0.733,"x":1.77},"duration":5},{"tweenEasing":0,"transform":{"y":2.27,"scX":0.434,"x":1.77},"duration":5},{"tweenEasing":0,"transform":{"y":2.27,"skX":21.32,"skY":21.32,"scX":0.733,"x":1.77},"duration":15},{"transform":{},"duration":0}],"name":"particle4"},{"frame":[{"tweenEasing":0,"transform":{"scY":0.507,"y":77.55,"x":-41.43},"duration":10},{"tweenEasing":0,"transform":{"scY":0.471,"y":-1.95,"scX":0.471,"x":1.04},"duration":5},{"tweenEasing":0,"transform":{"scY":0.471,"y":-1.95,"scX":0.271,"x":1.04},"duration":5},{"tweenEasing":0,"transform":{"scY":0.471,"y":-1.95,"skX":21.32,"skY":21.32,"scX":0.471,"x":1.04},"duration":15},{"transform":{},"duration":0}],"name":"particle5"},{"frame":[{"tweenEasing":0,"transform":{"scY":0.212,"y":19.21,"x":79.23},"duration":10},{"tweenEasing":0,"transform":{"y":0.11,"scX":0.602,"x":0.47},"duration":5},{"tweenEasing":0,"transform":{"y":0.11,"scX":0.347,"x":0.47},"duration":5},{"tweenEasing":0,"transform":{"y":0.11,"skX":21.32,"skY":21.32,"scX":0.602,"x":0.47},"duration":15},{"transform":{},"duration":0}],"name":"particle6"},{"frame":[{"tweenEasing":0,"transform":{"scY":0.332,"y":-74.49,"x":-1.01},"duration":10},{"tweenEasing":0,"transform":{"scY":0.573,"scX":0.573},"duration":5},{"tweenEasing":0,"transform":{"scY":0.573,"scX":0.339},"duration":5},{"tweenEasing":0,"transform":{"scY":0.573,"skX":21.32,"skY":21.32,"scX":0.573},"duration":15},{"transform":{},"duration":0}],"name":"particle7"},{"frame":[{"tweenEasing":0,"transform":{},"duration":2},{"tweenEasing":0,"transform":{"skX":90.49,"skY":90.49},"duration":2},{"tweenEasing":0,"transform":{"skX":180.28,"skY":180.28},"duration":2},{"tweenEasing":0,"transform":{"skX":270.3,"skY":270.3},"duration":2},{"tweenEasing":0,"transform":{"skX":0.17,"skY":0.17},"duration":2},{"tweenEasing":0,"transform":{"skX":90.49,"skY":90.49},"duration":2},{"tweenEasing":0,"transform":{"skX":180.28,"skY":180.28},"duration":2},{"tweenEasing":0,"transform":{"skX":270.3,"skY":270.3},"duration":2},{"transform":{"skX":0.17,"skY":0.17},"duration":4},{"transform":{"skX":0.17,"skY":0.17},"duration":15}],"name":"tickarrow"},{"frame":[{"tweenEasing":0,"transform":{},"duration":8},{"tweenEasing":0,"transform":{"skX":30.52,"skY":30.52},"duration":8},{"transform":{"skX":55.79,"skY":55.79},"duration":4},{"transform":{"skX":55.79,"skY":55.79},"duration":15}],"name":"tockarrow"},{"frame":[{"tweenEasing":0,"transform":{},"duration":20},{"curve":[0,0.76,0.75,1],"transform":{},"duration":15},{"transform":{"scY":1.919,"scX":1.919},"duration":0}],"name":"00000007"},{"frame":[{"transform":{"scY":0.432,"scX":0.432},"duration":20},{"tweenEasing":0,"transform":{"scY":0.432,"scX":0.432},"duration":15},{"transform":{"scY":1.404,"scX":1.404},"duration":0}],"name":"fangshe"},{"frame":[{"transform":{},"duration":35}],"name":"pin"}],"slot":[{"frame":[{"displayIndex":-1,"tweenEasing":0,"duration":20},{"tweenEasing":0,"duration":5},{"tweenEasing":0,"duration":10},{"tweenEasing":null,"color":{"aM":0},"duration":0}],"name":"00000007"},{"frame":[{"tweenEasing":null,"color":{"aM":0},"duration":20},{"tweenEasing":0,"color":{"aM":0},"duration":3},{"tweenEasing":0,"duration":12},{"tweenEasing":null,"color":{"aM":0},"duration":0}],"name":"fangshe"},{"frame":[{"tweenEasing":0,"color":{"aM":0},"duration":10},{"tweenEasing":null,"duration":8},{"tweenEasing":null,"duration":2},{"tweenEasing":0,"duration":10},{"tweenEasing":null,"color":{"aM":0},"duration":5}],"name":"guangyun01@2x"},{"frame":[{"tweenEasing":0,"color":{"aM":0},"duration":10},{"tweenEasing":0,"duration":10},{"tweenEasing":null,"color":{"aM":0},"duration":15}],"name":"particle1"},{"frame":[{"tweenEasing":0,"color":{"aM":0},"duration":10},{"tweenEasing":0,"duration":10},{"tweenEasing":null,"color":{"aM":0},"duration":15}],"name":"particle2"},{"frame":[{"tweenEasing":0,"color":{"aM":0},"duration":10},{"tweenEasing":0,"duration":10},{"tweenEasing":null,"color":{"aM":0},"duration":15}],"name":"particle3"},{"frame":[{"tweenEasing":0,"color":{"aM":0},"duration":10},{"tweenEasing":0,"duration":10},{"tweenEasing":null,"color":{"aM":0},"duration":15}],"name":"particle4"},{"frame":[{"tweenEasing":0,"color":{"aM":0},"duration":10},{"tweenEasing":0,"duration":10},{"tweenEasing":null,"color":{"aM":0},"duration":15}],"name":"particle5"},{"frame":[{"tweenEasing":0,"color":{"aM":0},"duration":10},{"tweenEasing":0,"duration":10},{"tweenEasing":null,"color":{"aM":0},"duration":15}],"name":"particle6"},{"frame":[{"tweenEasing":0,"color":{"aM":0},"duration":10},{"tweenEasing":0,"duration":10},{"tweenEasing":null,"color":{"aM":0},"duration":15}],"name":"particle7"},{"frame":[{"tweenEasing":null,"duration":16},{"tweenEasing":0,"duration":4},{"tweenEasing":null,"color":{"aM":0},"duration":15}],"name":"pin"},{"frame":[{"tweenEasing":null,"duration":16},{"tweenEasing":0,"duration":4},{"tweenEasing":null,"color":{"aM":0},"duration":15}],"name":"tickarrow"},{"frame":[{"tweenEasing":null,"duration":16},{"tweenEasing":0,"duration":4},{"tweenEasing":null,"color":{"aM":0},"duration":15}],"name":"tockarrow"}],"ffd":[],"ik":[],"name":"animation","duration":35}],"skin":[{"slot":[{"display":[{"path":"tickarrow","type":"image","name":"tickarrow","transform":{"scY":2,"y":0.46,"skX":90.99,"skY":90.99,"scX":2,"x":30.68}}],"name":"tickarrow"},{"display":[{"path":"particle1","type":"image","name":"particle1","transform":{"y":0.17,"skX":-90.47,"skY":-90.47,"x":41.63}}],"blendMode":"add","name":"particle2"},{"display":[{"path":"pin","type":"image","name":"pin","transform":{"scY":2,"y":0.38,"scX":2,"x":0.29}}],"name":"pin"},{"display":[{"path":"particle1","type":"image","name":"particle1","transform":{"y":0.17,"skX":-90.47,"skY":-90.47,"x":41.63}}],"blendMode":"add","name":"particle4"},{"display":[{"path":"fangshe","type":"image","name":"fangshe","transform":{"y":-2.96,"x":-1.45}}],"name":"fangshe"},{"display":[{"path":"particle1","type":"image","name":"particle1","transform":{"y":0.17,"skX":-90.47,"skY":-90.47,"x":41.63}}],"blendMode":"add","name":"particle6"},{"display":[{"path":"particle1","type":"image","name":"particle1","transform":{"y":0.17,"skX":-90.47,"skY":-90.47,"x":41.63}}],"blendMode":"add","name":"particle7"},{"display":[{"path":"particle1","type":"image","name":"particle1","transform":{"y":0.17,"skX":-90.47,"skY":-90.47,"x":41.63}}],"blendMode":"add","name":"particle1"},{"display":[{"path":"tockarrow","type":"image","name":"tockarrow","transform":{"scY":2,"y":-1.03,"skX":29.21,"skY":29.21,"scX":2,"x":19.42}}],"name":"tockarrow"},{"display":[{"path":"particle1","type":"image","name":"particle1","transform":{"y":0.17,"skX":-90.47,"skY":-90.47,"x":41.63}}],"blendMode":"add","name":"particle3"},{"display":[{"path":"00000007","type":"image","name":"00000007","transform":{"y":-2.14,"x":2.71}}],"blendMode":"add","name":"00000007"},{"display":[{"path":"particle1","type":"image","name":"particle1","transform":{"y":0.17,"skX":-90.47,"skY":-90.47,"x":41.63}}],"blendMode":"add","name":"particle5"},{"display":[{"path":"wj_029_xiake_eff2@guangyun01@2x","type":"image","name":"2x","transform":{}}],"blendMode":"add","name":"guangyun01@2x"}],"name":""}],"ik":[],"frameRate":30,"defaultActions":[{"gotoAndPlay":"animation"}],"slot":[{"blendMode":"add","parent":"guangyun01@2x","name":"guangyun01@2x","color":{}},{"blendMode":"add","z":1,"parent":"particle1","name":"particle1","color":{}},{"blendMode":"add","z":2,"parent":"particle2","name":"particle2","color":{}},{"blendMode":"add","z":3,"parent":"particle3","name":"particle3","color":{}},{"blendMode":"add","z":4,"parent":"particle4","name":"particle4","color":{}},{"blendMode":"add","z":5,"parent":"particle5","name":"particle5","color":{}},{"blendMode":"add","z":6,"parent":"particle6","name":"particle6","color":{}},{"blendMode":"add","z":7,"parent":"particle7","name":"particle7","color":{}},{"z":8,"name":"tickarrow","parent":"tickarrow","color":{}},{"z":9,"name":"tockarrow","parent":"tockarrow","color":{}},{"z":10,"name":"pin","parent":"pin","color":{}},{"blendMode":"add","z":11,"parent":"00000007","name":"00000007","color":{}},{"z":12,"name":"fangshe","parent":"fangshe","color":{}}]}],"name":"wj_029_xiake_eff2","version":"4.0"}