{"frameRate":60,"isGlobal":0,"armature":[{"bone":[{"name":"root","transform":{}},{"inheritScale":false,"transform":{},"name":"deng_fuji","parent":"root"},{"inheritScale":false,"transform":{},"name":"xingxing_fuji","parent":"root"},{"inheritScale":false,"transform":{},"name":"deng1_mie","parent":"deng_fuji"},{"inheritScale":false,"transform":{},"name":"deng3_mie","parent":"deng_fuji"},{"inheritScale":false,"transform":{},"name":"deng2_mie","parent":"deng_fuji"},{"inheritScale":false,"transform":{},"name":"xingxing1","parent":"xingxing_fuji"},{"inheritScale":false,"transform":{},"name":"deng4_mie","parent":"deng_fuji"},{"inheritScale":false,"transform":{},"name":"deng1_gaoliang","parent":"deng1_mie"},{"inheritScale":false,"transform":{},"name":"deng2_gaoliang","parent":"deng2_mie"},{"inheritScale":false,"transform":{},"name":"deng2_liang","parent":"deng2_mie"},{"inheritScale":false,"transform":{},"name":"deng3_gaoliang","parent":"deng3_mie"},{"inheritScale":false,"transform":{},"name":"deng4_liang","parent":"deng4_mie"},{"inheritScale":false,"transform":{},"name":"deng1_liang","parent":"deng1_mie"},{"inheritScale":false,"transform":{},"name":"deng4_gaoliang","parent":"deng4_mie"},{"inheritScale":false,"transform":{},"name":"deng3_liang","parent":"deng3_mie"},{"inheritScale":false,"transform":{},"name":"xingxing1_liang","parent":"xingxing1"}],"type":"Armature","frameRate":60,"animation":[{"playTimes":0,"bone":[{"frame":[{"tweenEasing":0,"transform":{"y":-0.6,"x":-0.6},"duration":29},{"tweenEasing":0,"transform":{"y":-0.6,"x":-0.6},"duration":1},{"tweenEasing":0,"transform":{"y":-0.6,"x":-0.6},"duration":15},{"tweenEasing":0,"transform":{"y":-0.6,"x":-0.6},"duration":15},{"tweenEasing":0,"transform":{"y":-0.6,"x":-0.6},"duration":1},{"tweenEasing":0,"transform":{"y":-0.6,"x":-0.6},"duration":43},{"tweenEasing":0,"transform":{"y":-0.6,"x":-0.6},"duration":1},{"tweenEasing":0,"transform":{"y":-0.6,"x":-0.6},"duration":15},{"tweenEasing":0,"transform":{"y":-0.6,"x":-0.6},"duration":15},{"tweenEasing":0,"transform":{"y":-0.6,"x":-0.6},"duration":1},{"tweenEasing":0,"transform":{"y":-0.6,"x":-0.6},"duration":12},{"tweenEasing":0,"transform":{"y":-0.6,"x":-0.6},"duration":1},{"tweenEasing":0,"transform":{"y":-0.6,"x":-0.6},"duration":15},{"tweenEasing":0,"transform":{"y":-0.6,"x":-0.6},"duration":15},{"tweenEasing":0,"transform":{"y":-0.6,"x":-0.6},"duration":1},{"transform":{"y":-0.6,"x":-0.6},"duration":0}],"name":"deng4_gaoliang"},{"frame":[{"tweenEasing":0,"transform":{"y":-0.6,"x":-0.4},"duration":29},{"tweenEasing":0,"transform":{"y":-0.6,"x":-0.4},"duration":1},{"tweenEasing":0,"transform":{"y":-0.6,"x":-0.4},"duration":15},{"tweenEasing":0,"transform":{"y":-0.6,"x":-0.4},"duration":15},{"tweenEasing":0,"transform":{"y":-0.6,"x":-0.4},"duration":1},{"tweenEasing":0,"transform":{"y":-0.6,"x":-0.4},"duration":43},{"tweenEasing":0,"transform":{"y":-0.6,"x":-0.4},"duration":1},{"tweenEasing":0,"transform":{"y":-0.6,"x":-0.4},"duration":15},{"tweenEasing":0,"transform":{"y":-0.6,"x":-0.4},"duration":15},{"tweenEasing":0,"transform":{"y":-0.6,"x":-0.4},"duration":1},{"tweenEasing":0,"transform":{"y":-0.6,"x":-0.4},"duration":12},{"tweenEasing":0,"transform":{"y":-0.6,"x":-0.4},"duration":1},{"tweenEasing":0,"transform":{"y":-0.6,"x":-0.4},"duration":15},{"tweenEasing":0,"transform":{"y":-0.6,"x":-0.4},"duration":15},{"tweenEasing":0,"transform":{"y":-0.6,"x":-0.4},"duration":1},{"transform":{"y":-0.6,"x":-0.4},"duration":0}],"name":"deng4_liang"},{"frame":[{"tweenEasing":0,"transform":{"scY":0.9,"y":-7,"scX":0.9,"x":128},"duration":180},{"transform":{"scY":0.9,"y":-7,"scX":0.9,"x":128},"duration":0}],"name":"deng4_mie"},{"frame":[{"tweenEasing":0,"transform":{"y":-0.6,"x":-0.6},"duration":29},{"tweenEasing":0,"transform":{"y":-0.6,"x":-0.6},"duration":1},{"tweenEasing":0,"transform":{"y":-0.6,"x":-0.6},"duration":15},{"tweenEasing":0,"transform":{"y":-0.6,"x":-0.6},"duration":15},{"tweenEasing":0,"transform":{"y":-0.6,"x":-0.6},"duration":1},{"tweenEasing":0,"transform":{"y":-0.6,"x":-0.6},"duration":13},{"tweenEasing":0,"transform":{"y":-0.6,"x":-0.6},"duration":1},{"tweenEasing":0,"transform":{"y":-0.6,"x":-0.6},"duration":15},{"tweenEasing":0,"transform":{"y":-0.6,"x":-0.6},"duration":15},{"tweenEasing":0,"transform":{"y":-0.6,"x":-0.6},"duration":1},{"tweenEasing":0,"transform":{"y":-0.6,"x":-0.6},"duration":42},{"tweenEasing":0,"transform":{"y":-0.6,"x":-0.6},"duration":1},{"tweenEasing":0,"transform":{"y":-0.6,"x":-0.6},"duration":15},{"tweenEasing":0,"transform":{"y":-0.6,"x":-0.6},"duration":15},{"tweenEasing":0,"transform":{"y":-0.6,"x":-0.6},"duration":1},{"transform":{"y":-0.6,"x":-0.6},"duration":0}],"name":"deng3_gaoliang"},{"frame":[{"tweenEasing":0,"transform":{"y":-0.6,"x":-0.4},"duration":29},{"tweenEasing":0,"transform":{"y":-0.6,"x":-0.4},"duration":1},{"tweenEasing":0,"transform":{"y":-0.6,"x":-0.4},"duration":15},{"tweenEasing":0,"transform":{"y":-0.6,"x":-0.4},"duration":15},{"tweenEasing":0,"transform":{"y":-0.6,"x":-0.4},"duration":1},{"tweenEasing":0,"transform":{"y":-0.6,"x":-0.4},"duration":13},{"tweenEasing":0,"transform":{"y":-0.6,"x":-0.4},"duration":1},{"tweenEasing":0,"transform":{"y":-0.6,"x":-0.4},"duration":15},{"tweenEasing":0,"transform":{"y":-0.6,"x":-0.4},"duration":15},{"tweenEasing":0,"transform":{"y":-0.6,"x":-0.4},"duration":1},{"tweenEasing":0,"transform":{"y":-0.6,"x":-0.4},"duration":42},{"tweenEasing":0,"transform":{"y":-0.6,"x":-0.4},"duration":1},{"tweenEasing":0,"transform":{"y":-0.6,"x":-0.4},"duration":15},{"tweenEasing":0,"transform":{"y":-0.6,"x":-0.4},"duration":15},{"tweenEasing":0,"transform":{"y":-0.6,"x":-0.4},"duration":1},{"transform":{"y":-0.6,"x":-0.4},"duration":0}],"name":"deng3_liang"},{"frame":[{"tweenEasing":0,"transform":{"scY":0.9,"y":-7,"scX":0.9,"x":44},"duration":180},{"transform":{"scY":0.9,"y":-7,"scX":0.9,"x":44},"duration":0}],"name":"deng3_mie"},{"frame":[{"tweenEasing":0,"transform":{"y":-0.6,"x":-0.6},"duration":15},{"tweenEasing":0,"transform":{"y":-0.6,"x":-0.6},"duration":15},{"tweenEasing":0,"transform":{"y":-0.6,"x":-0.6},"duration":1},{"tweenEasing":0,"transform":{"y":-0.6,"x":-0.6},"duration":58},{"tweenEasing":0,"transform":{"y":-0.6,"x":-0.6},"duration":1},{"tweenEasing":0,"transform":{"y":-0.6,"x":-0.6},"duration":15},{"tweenEasing":0,"transform":{"y":-0.6,"x":-0.6},"duration":15},{"tweenEasing":0,"transform":{"y":-0.6,"x":-0.6},"duration":1},{"tweenEasing":0,"transform":{"y":-0.6,"x":-0.6},"duration":27},{"tweenEasing":0,"transform":{"y":-0.6,"x":-0.6},"duration":1},{"tweenEasing":0,"transform":{"y":-0.6,"x":-0.6},"duration":15},{"tweenEasing":0,"transform":{"y":-0.6,"x":-0.6},"duration":15},{"tweenEasing":0,"transform":{"y":-0.6,"x":-0.6},"duration":1},{"transform":{"y":-0.6,"x":-0.6},"duration":0}],"name":"deng2_gaoliang"},{"frame":[{"tweenEasing":0,"transform":{"y":-0.6,"x":-0.4},"duration":15},{"tweenEasing":0,"transform":{"y":-0.6,"x":-0.4},"duration":15},{"tweenEasing":0,"transform":{"y":-0.6,"x":-0.4},"duration":1},{"tweenEasing":0,"transform":{"y":-0.6,"x":-0.4},"duration":58},{"tweenEasing":0,"transform":{"y":-0.6,"x":-0.4},"duration":1},{"tweenEasing":0,"transform":{"y":-0.6,"x":-0.4},"duration":15},{"tweenEasing":0,"transform":{"y":-0.6,"x":-0.4},"duration":15},{"tweenEasing":0,"transform":{"y":-0.6,"x":-0.4},"duration":1},{"tweenEasing":0,"transform":{"y":-0.6,"x":-0.4},"duration":27},{"tweenEasing":0,"transform":{"y":-0.6,"x":-0.4},"duration":1},{"tweenEasing":0,"transform":{"y":-0.6,"x":-0.4},"duration":15},{"tweenEasing":0,"transform":{"y":-0.6,"x":-0.4},"duration":15},{"tweenEasing":0,"transform":{"y":-0.6,"x":-0.4},"duration":1},{"transform":{"y":-0.6,"x":-0.4},"duration":0}],"name":"deng2_liang"},{"frame":[{"tweenEasing":0,"transform":{"y":6,"x":82},"duration":180},{"transform":{"y":6,"x":82},"duration":0}],"name":"deng2_mie"},{"frame":[{"tweenEasing":0,"transform":{"y":-0.6,"x":-0.6},"duration":15},{"tweenEasing":0,"transform":{"y":-0.6,"x":-0.6},"duration":15},{"tweenEasing":0,"transform":{"y":-0.6,"x":-0.6},"duration":1},{"tweenEasing":0,"transform":{"y":-0.6,"x":-0.6},"duration":28},{"tweenEasing":0,"transform":{"y":-0.6,"x":-0.6},"duration":1},{"tweenEasing":0,"transform":{"y":-0.6,"x":-0.6},"duration":15},{"tweenEasing":0,"transform":{"y":-0.6,"x":-0.6},"duration":15},{"tweenEasing":0,"transform":{"y":-0.6,"x":-0.6},"duration":1},{"tweenEasing":0,"transform":{"y":-0.6,"x":-0.6},"duration":57},{"tweenEasing":0,"transform":{"y":-0.6,"x":-0.6},"duration":1},{"tweenEasing":0,"transform":{"y":-0.6,"x":-0.6},"duration":15},{"tweenEasing":0,"transform":{"y":-0.6,"x":-0.6},"duration":15},{"tweenEasing":0,"transform":{"y":-0.6,"x":-0.6},"duration":1},{"transform":{"y":-0.6,"x":-0.6},"duration":0}],"name":"deng1_gaoliang"},{"frame":[{"tweenEasing":0,"transform":{"y":-0.6,"x":-0.4},"duration":15},{"tweenEasing":0,"transform":{"y":-0.6,"x":-0.4},"duration":15},{"tweenEasing":0,"transform":{"y":-0.6,"x":-0.4},"duration":1},{"tweenEasing":0,"transform":{"y":-0.6,"x":-0.4},"duration":28},{"tweenEasing":0,"transform":{"y":-0.6,"x":-0.4},"duration":1},{"tweenEasing":0,"transform":{"y":-0.6,"x":-0.4},"duration":15},{"tweenEasing":0,"transform":{"y":-0.6,"x":-0.4},"duration":15},{"tweenEasing":0,"transform":{"y":-0.6,"x":-0.4},"duration":1},{"tweenEasing":0,"transform":{"y":-0.6,"x":-0.4},"duration":57},{"tweenEasing":0,"transform":{"y":-0.6,"x":-0.4},"duration":1},{"tweenEasing":0,"transform":{"y":-0.6,"x":-0.4},"duration":15},{"tweenEasing":0,"transform":{"y":-0.6,"x":-0.4},"duration":15},{"tweenEasing":0,"transform":{"y":-0.6,"x":-0.4},"duration":1},{"transform":{"y":-0.6,"x":-0.4},"duration":0}],"name":"deng1_liang"},{"frame":[{"tweenEasing":0,"transform":{},"duration":180},{"transform":{},"duration":0}],"name":"deng1_mie"},{"frame":[{"tweenEasing":0,"transform":{},"duration":60},{"transform":{},"duration":120}],"name":"deng_fuji"},{"frame":[{"transform":{},"duration":180}],"name":"root"},{"frame":[{"transform":{},"duration":180}],"name":"xingxing_fuji"},{"frame":[{"transform":{},"duration":180}],"name":"xingxing1"},{"frame":[{"transform":{},"duration":180}],"name":"xingxing1_liang"}],"slot":[{"frame":[{"displayIndex":-1,"tweenEasing":0,"color":{"aM":0},"duration":29},{"displayIndex":-1,"tweenEasing":0,"color":{"aM":0},"duration":1},{"tweenEasing":0,"color":{"aM":0},"duration":15},{"tweenEasing":0,"duration":15},{"tweenEasing":0,"color":{"aM":0},"duration":1},{"displayIndex":-1,"tweenEasing":0,"color":{"aM":0},"duration":43},{"displayIndex":-1,"tweenEasing":0,"color":{"aM":0},"duration":1},{"tweenEasing":0,"color":{"aM":0},"duration":15},{"tweenEasing":0,"duration":15},{"tweenEasing":0,"color":{"aM":0},"duration":1},{"displayIndex":-1,"tweenEasing":0,"color":{"aM":0},"duration":12},{"displayIndex":-1,"tweenEasing":0,"color":{"aM":0},"duration":1},{"tweenEasing":0,"color":{"aM":0},"duration":15},{"tweenEasing":0,"duration":15},{"tweenEasing":0,"color":{"aM":0},"duration":1},{"displayIndex":-1,"tweenEasing":null,"color":{"aM":0},"duration":0}],"name":"deng4_gaoliang"},{"frame":[{"displayIndex":-1,"tweenEasing":0,"duration":29},{"displayIndex":-1,"tweenEasing":0,"duration":1},{"tweenEasing":0,"duration":15},{"tweenEasing":0,"duration":15},{"tweenEasing":0,"color":{"aM":0},"duration":1},{"displayIndex":-1,"tweenEasing":0,"color":{"aM":0},"duration":43},{"displayIndex":-1,"tweenEasing":0,"duration":1},{"tweenEasing":0,"duration":15},{"tweenEasing":0,"duration":15},{"tweenEasing":0,"color":{"aM":0},"duration":1},{"displayIndex":-1,"tweenEasing":0,"color":{"aM":0},"duration":12},{"displayIndex":-1,"tweenEasing":0,"duration":1},{"tweenEasing":0,"duration":15},{"tweenEasing":0,"duration":15},{"tweenEasing":0,"color":{"aM":0},"duration":1},{"displayIndex":-1,"tweenEasing":null,"color":{"aM":0},"duration":0}],"name":"deng4_liang"},{"frame":[{"tweenEasing":0,"duration":180},{"tweenEasing":null,"duration":0}],"name":"deng4_mie"},{"frame":[{"displayIndex":-1,"tweenEasing":0,"color":{"aM":0},"duration":29},{"displayIndex":-1,"tweenEasing":0,"color":{"aM":0},"duration":1},{"tweenEasing":0,"color":{"aM":0},"duration":15},{"tweenEasing":0,"duration":15},{"tweenEasing":0,"color":{"aM":0},"duration":1},{"displayIndex":-1,"tweenEasing":0,"color":{"aM":0},"duration":13},{"displayIndex":-1,"tweenEasing":0,"color":{"aM":0},"duration":1},{"tweenEasing":0,"color":{"aM":0},"duration":15},{"tweenEasing":0,"duration":15},{"tweenEasing":0,"color":{"aM":0},"duration":1},{"displayIndex":-1,"tweenEasing":0,"color":{"aM":0},"duration":42},{"displayIndex":-1,"tweenEasing":0,"color":{"aM":0},"duration":1},{"tweenEasing":0,"color":{"aM":0},"duration":15},{"tweenEasing":0,"duration":15},{"tweenEasing":0,"color":{"aM":0},"duration":1},{"displayIndex":-1,"tweenEasing":null,"color":{"aM":0},"duration":0}],"name":"deng3_gaoliang"},{"frame":[{"displayIndex":-1,"tweenEasing":0,"duration":29},{"displayIndex":-1,"tweenEasing":0,"duration":1},{"tweenEasing":0,"duration":15},{"tweenEasing":0,"duration":15},{"tweenEasing":0,"color":{"aM":0},"duration":1},{"displayIndex":-1,"tweenEasing":0,"color":{"aM":0},"duration":13},{"displayIndex":-1,"tweenEasing":0,"duration":1},{"tweenEasing":0,"duration":15},{"tweenEasing":0,"duration":15},{"tweenEasing":0,"color":{"aM":0},"duration":1},{"displayIndex":-1,"tweenEasing":0,"color":{"aM":0},"duration":42},{"displayIndex":-1,"tweenEasing":0,"duration":1},{"tweenEasing":0,"duration":15},{"tweenEasing":0,"duration":15},{"tweenEasing":0,"color":{"aM":0},"duration":1},{"displayIndex":-1,"tweenEasing":null,"color":{"aM":0},"duration":0}],"name":"deng3_liang"},{"frame":[{"tweenEasing":0,"duration":180},{"tweenEasing":null,"duration":0}],"name":"deng3_mie"},{"frame":[{"tweenEasing":0,"color":{"aM":0},"duration":15},{"tweenEasing":0,"duration":15},{"tweenEasing":0,"color":{"aM":0},"duration":1},{"displayIndex":-1,"tweenEasing":0,"color":{"aM":0},"duration":58},{"displayIndex":-1,"tweenEasing":0,"color":{"aM":0},"duration":1},{"tweenEasing":0,"color":{"aM":0},"duration":15},{"tweenEasing":0,"duration":15},{"tweenEasing":0,"color":{"aM":0},"duration":1},{"displayIndex":-1,"tweenEasing":0,"color":{"aM":0},"duration":27},{"displayIndex":-1,"tweenEasing":0,"color":{"aM":0},"duration":1},{"tweenEasing":0,"color":{"aM":0},"duration":15},{"tweenEasing":0,"duration":15},{"tweenEasing":0,"color":{"aM":0},"duration":1},{"displayIndex":-1,"tweenEasing":null,"color":{"aM":0},"duration":0}],"name":"deng2_gaoliang"},{"frame":[{"tweenEasing":0,"duration":15},{"tweenEasing":0,"duration":15},{"tweenEasing":0,"color":{"aM":0},"duration":1},{"displayIndex":-1,"tweenEasing":0,"color":{"aM":0},"duration":58},{"displayIndex":-1,"tweenEasing":0,"duration":1},{"tweenEasing":0,"duration":15},{"tweenEasing":0,"duration":15},{"tweenEasing":0,"color":{"aM":0},"duration":1},{"displayIndex":-1,"tweenEasing":0,"color":{"aM":0},"duration":27},{"displayIndex":-1,"tweenEasing":0,"duration":1},{"tweenEasing":0,"duration":15},{"tweenEasing":0,"duration":15},{"tweenEasing":0,"color":{"aM":0},"duration":1},{"displayIndex":-1,"tweenEasing":null,"color":{"aM":0},"duration":0}],"name":"deng2_liang"},{"frame":[{"tweenEasing":0,"duration":180},{"tweenEasing":null,"duration":0}],"name":"deng2_mie"},{"frame":[{"tweenEasing":0,"color":{"aM":0},"duration":15},{"tweenEasing":0,"duration":15},{"tweenEasing":0,"color":{"aM":0},"duration":1},{"displayIndex":-1,"tweenEasing":0,"color":{"aM":0},"duration":28},{"displayIndex":-1,"tweenEasing":0,"color":{"aM":0},"duration":1},{"tweenEasing":0,"color":{"aM":0},"duration":15},{"tweenEasing":0,"duration":15},{"tweenEasing":0,"color":{"aM":0},"duration":1},{"displayIndex":-1,"tweenEasing":0,"color":{"aM":0},"duration":57},{"displayIndex":-1,"tweenEasing":0,"color":{"aM":0},"duration":1},{"tweenEasing":0,"color":{"aM":0},"duration":15},{"tweenEasing":0,"duration":15},{"tweenEasing":0,"color":{"aM":0},"duration":1},{"displayIndex":-1,"tweenEasing":null,"color":{"aM":0},"duration":0}],"name":"deng1_gaoliang"},{"frame":[{"tweenEasing":0,"duration":15},{"tweenEasing":0,"duration":15},{"tweenEasing":0,"color":{"aM":0},"duration":1},{"displayIndex":-1,"tweenEasing":0,"color":{"aM":0},"duration":28},{"displayIndex":-1,"tweenEasing":0,"duration":1},{"tweenEasing":0,"duration":15},{"tweenEasing":0,"duration":15},{"tweenEasing":0,"color":{"aM":0},"duration":1},{"displayIndex":-1,"tweenEasing":0,"color":{"aM":0},"duration":57},{"displayIndex":-1,"tweenEasing":0,"duration":1},{"tweenEasing":0,"duration":15},{"tweenEasing":0,"duration":15},{"tweenEasing":0,"color":{"aM":0},"duration":1},{"displayIndex":-1,"tweenEasing":null,"color":{"aM":0},"duration":0}],"name":"deng1_liang"},{"frame":[{"tweenEasing":0,"duration":180},{"tweenEasing":null,"duration":0}],"name":"deng1_mie"},{"frame":[{"displayIndex":-1,"tweenEasing":0,"duration":60},{"displayIndex":-1,"tweenEasing":null,"duration":120}],"name":"deng_fuji"},{"frame":[{"displayIndex":-1,"tweenEasing":null,"duration":180}],"name":"xingxing_fuji"},{"frame":[{"displayIndex":-1,"tweenEasing":null,"duration":180}],"name":"xingxing1"},{"frame":[{"displayIndex":-1,"tweenEasing":null,"duration":180}],"name":"xingxing1_liang"}],"ffd":[],"ik":[],"frame":[],"name":"000_deng_you","duration":180},{"playTimes":0,"bone":[{"frame":[{"tweenEasing":0,"transform":{"y":-0.6,"x":-0.6},"duration":29},{"tweenEasing":0,"transform":{"y":-0.6,"x":-0.6},"duration":1},{"tweenEasing":0,"transform":{"y":-0.6,"x":-0.6},"duration":15},{"tweenEasing":0,"transform":{"y":-0.6,"x":-0.6},"duration":15},{"tweenEasing":0,"transform":{"y":-0.6,"x":-0.6},"duration":1},{"tweenEasing":0,"transform":{"y":-0.6,"x":-0.6},"duration":43},{"tweenEasing":0,"transform":{"y":-0.6,"x":-0.6},"duration":1},{"tweenEasing":0,"transform":{"y":-0.6,"x":-0.6},"duration":15},{"tweenEasing":0,"transform":{"y":-0.6,"x":-0.6},"duration":15},{"tweenEasing":0,"transform":{"y":-0.6,"x":-0.6},"duration":1},{"tweenEasing":0,"transform":{"y":-0.6,"x":-0.6},"duration":12},{"tweenEasing":0,"transform":{"y":-0.6,"x":-0.6},"duration":1},{"tweenEasing":0,"transform":{"y":-0.6,"x":-0.6},"duration":15},{"tweenEasing":0,"transform":{"y":-0.6,"x":-0.6},"duration":15},{"tweenEasing":0,"transform":{"y":-0.6,"x":-0.6},"duration":1},{"transform":{"y":-0.6,"x":-0.6},"duration":0}],"name":"deng4_gaoliang"},{"frame":[{"tweenEasing":0,"transform":{"y":-0.6,"x":-0.4},"duration":29},{"tweenEasing":0,"transform":{"y":-0.6,"x":-0.4},"duration":1},{"tweenEasing":0,"transform":{"y":-0.6,"x":-0.4},"duration":15},{"tweenEasing":0,"transform":{"y":-0.6,"x":-0.4},"duration":15},{"tweenEasing":0,"transform":{"y":-0.6,"x":-0.4},"duration":1},{"tweenEasing":0,"transform":{"y":-0.6,"x":-0.4},"duration":43},{"tweenEasing":0,"transform":{"y":-0.6,"x":-0.4},"duration":1},{"tweenEasing":0,"transform":{"y":-0.6,"x":-0.4},"duration":15},{"tweenEasing":0,"transform":{"y":-0.6,"x":-0.4},"duration":15},{"tweenEasing":0,"transform":{"y":-0.6,"x":-0.4},"duration":1},{"tweenEasing":0,"transform":{"y":-0.6,"x":-0.4},"duration":12},{"tweenEasing":0,"transform":{"y":-0.6,"x":-0.4},"duration":1},{"tweenEasing":0,"transform":{"y":-0.6,"x":-0.4},"duration":15},{"tweenEasing":0,"transform":{"y":-0.6,"x":-0.4},"duration":15},{"tweenEasing":0,"transform":{"y":-0.6,"x":-0.4},"duration":1},{"transform":{"y":-0.6,"x":-0.4},"duration":0}],"name":"deng4_liang"},{"frame":[{"tweenEasing":0,"transform":{"scY":0.9,"y":-7,"scX":0.9,"x":128},"duration":180},{"transform":{"scY":0.9,"y":-7,"scX":0.9,"x":128},"duration":0}],"name":"deng4_mie"},{"frame":[{"tweenEasing":0,"transform":{"y":-0.6,"x":-0.6},"duration":29},{"tweenEasing":0,"transform":{"y":-0.6,"x":-0.6},"duration":1},{"tweenEasing":0,"transform":{"y":-0.6,"x":-0.6},"duration":15},{"tweenEasing":0,"transform":{"y":-0.6,"x":-0.6},"duration":15},{"tweenEasing":0,"transform":{"y":-0.6,"x":-0.6},"duration":1},{"tweenEasing":0,"transform":{"y":-0.6,"x":-0.6},"duration":13},{"tweenEasing":0,"transform":{"y":-0.6,"x":-0.6},"duration":1},{"tweenEasing":0,"transform":{"y":-0.6,"x":-0.6},"duration":15},{"tweenEasing":0,"transform":{"y":-0.6,"x":-0.6},"duration":15},{"tweenEasing":0,"transform":{"y":-0.6,"x":-0.6},"duration":1},{"tweenEasing":0,"transform":{"y":-0.6,"x":-0.6},"duration":42},{"tweenEasing":0,"transform":{"y":-0.6,"x":-0.6},"duration":1},{"tweenEasing":0,"transform":{"y":-0.6,"x":-0.6},"duration":15},{"tweenEasing":0,"transform":{"y":-0.6,"x":-0.6},"duration":15},{"tweenEasing":0,"transform":{"y":-0.6,"x":-0.6},"duration":1},{"transform":{"y":-0.6,"x":-0.6},"duration":0}],"name":"deng3_gaoliang"},{"frame":[{"tweenEasing":0,"transform":{"y":-0.6,"x":-0.4},"duration":29},{"tweenEasing":0,"transform":{"y":-0.6,"x":-0.4},"duration":1},{"tweenEasing":0,"transform":{"y":-0.6,"x":-0.4},"duration":15},{"tweenEasing":0,"transform":{"y":-0.6,"x":-0.4},"duration":15},{"tweenEasing":0,"transform":{"y":-0.6,"x":-0.4},"duration":1},{"tweenEasing":0,"transform":{"y":-0.6,"x":-0.4},"duration":13},{"tweenEasing":0,"transform":{"y":-0.6,"x":-0.4},"duration":1},{"tweenEasing":0,"transform":{"y":-0.6,"x":-0.4},"duration":15},{"tweenEasing":0,"transform":{"y":-0.6,"x":-0.4},"duration":15},{"tweenEasing":0,"transform":{"y":-0.6,"x":-0.4},"duration":1},{"tweenEasing":0,"transform":{"y":-0.6,"x":-0.4},"duration":42},{"tweenEasing":0,"transform":{"y":-0.6,"x":-0.4},"duration":1},{"tweenEasing":0,"transform":{"y":-0.6,"x":-0.4},"duration":15},{"tweenEasing":0,"transform":{"y":-0.6,"x":-0.4},"duration":15},{"tweenEasing":0,"transform":{"y":-0.6,"x":-0.4},"duration":1},{"transform":{"y":-0.6,"x":-0.4},"duration":0}],"name":"deng3_liang"},{"frame":[{"tweenEasing":0,"transform":{"scY":0.9,"y":-7,"scX":0.9,"x":44},"duration":180},{"transform":{"scY":0.9,"y":-7,"scX":0.9,"x":44},"duration":0}],"name":"deng3_mie"},{"frame":[{"tweenEasing":0,"transform":{"y":-0.6,"x":-0.6},"duration":15},{"tweenEasing":0,"transform":{"y":-0.6,"x":-0.6},"duration":15},{"tweenEasing":0,"transform":{"y":-0.6,"x":-0.6},"duration":1},{"tweenEasing":0,"transform":{"y":-0.6,"x":-0.6},"duration":58},{"tweenEasing":0,"transform":{"y":-0.6,"x":-0.6},"duration":1},{"tweenEasing":0,"transform":{"y":-0.6,"x":-0.6},"duration":15},{"tweenEasing":0,"transform":{"y":-0.6,"x":-0.6},"duration":15},{"tweenEasing":0,"transform":{"y":-0.6,"x":-0.6},"duration":1},{"tweenEasing":0,"transform":{"y":-0.6,"x":-0.6},"duration":27},{"tweenEasing":0,"transform":{"y":-0.6,"x":-0.6},"duration":1},{"tweenEasing":0,"transform":{"y":-0.6,"x":-0.6},"duration":15},{"tweenEasing":0,"transform":{"y":-0.6,"x":-0.6},"duration":15},{"tweenEasing":0,"transform":{"y":-0.6,"x":-0.6},"duration":1},{"transform":{"y":-0.6,"x":-0.6},"duration":0}],"name":"deng2_gaoliang"},{"frame":[{"tweenEasing":0,"transform":{"y":-0.6,"x":-0.4},"duration":15},{"tweenEasing":0,"transform":{"y":-0.6,"x":-0.4},"duration":15},{"tweenEasing":0,"transform":{"y":-0.6,"x":-0.4},"duration":1},{"tweenEasing":0,"transform":{"y":-0.6,"x":-0.4},"duration":58},{"tweenEasing":0,"transform":{"y":-0.6,"x":-0.4},"duration":1},{"tweenEasing":0,"transform":{"y":-0.6,"x":-0.4},"duration":15},{"tweenEasing":0,"transform":{"y":-0.6,"x":-0.4},"duration":15},{"tweenEasing":0,"transform":{"y":-0.6,"x":-0.4},"duration":1},{"tweenEasing":0,"transform":{"y":-0.6,"x":-0.4},"duration":27},{"tweenEasing":0,"transform":{"y":-0.6,"x":-0.4},"duration":1},{"tweenEasing":0,"transform":{"y":-0.6,"x":-0.4},"duration":15},{"tweenEasing":0,"transform":{"y":-0.6,"x":-0.4},"duration":15},{"tweenEasing":0,"transform":{"y":-0.6,"x":-0.4},"duration":1},{"transform":{"y":-0.6,"x":-0.4},"duration":0}],"name":"deng2_liang"},{"frame":[{"tweenEasing":0,"transform":{"y":6,"x":82},"duration":180},{"transform":{"y":6,"x":82},"duration":0}],"name":"deng2_mie"},{"frame":[{"tweenEasing":0,"transform":{"y":-0.6,"x":-0.6},"duration":15},{"tweenEasing":0,"transform":{"y":-0.6,"x":-0.6},"duration":15},{"tweenEasing":0,"transform":{"y":-0.6,"x":-0.6},"duration":1},{"tweenEasing":0,"transform":{"y":-0.6,"x":-0.6},"duration":28},{"tweenEasing":0,"transform":{"y":-0.6,"x":-0.6},"duration":1},{"tweenEasing":0,"transform":{"y":-0.6,"x":-0.6},"duration":15},{"tweenEasing":0,"transform":{"y":-0.6,"x":-0.6},"duration":15},{"tweenEasing":0,"transform":{"y":-0.6,"x":-0.6},"duration":1},{"tweenEasing":0,"transform":{"y":-0.6,"x":-0.6},"duration":57},{"tweenEasing":0,"transform":{"y":-0.6,"x":-0.6},"duration":1},{"tweenEasing":0,"transform":{"y":-0.6,"x":-0.6},"duration":15},{"tweenEasing":0,"transform":{"y":-0.6,"x":-0.6},"duration":15},{"tweenEasing":0,"transform":{"y":-0.6,"x":-0.6},"duration":1},{"transform":{"y":-0.6,"x":-0.6},"duration":0}],"name":"deng1_gaoliang"},{"frame":[{"tweenEasing":0,"transform":{"y":-0.6,"x":-0.4},"duration":15},{"tweenEasing":0,"transform":{"y":-0.6,"x":-0.4},"duration":15},{"tweenEasing":0,"transform":{"y":-0.6,"x":-0.4},"duration":1},{"tweenEasing":0,"transform":{"y":-0.6,"x":-0.4},"duration":28},{"tweenEasing":0,"transform":{"y":-0.6,"x":-0.4},"duration":1},{"tweenEasing":0,"transform":{"y":-0.6,"x":-0.4},"duration":15},{"tweenEasing":0,"transform":{"y":-0.6,"x":-0.4},"duration":15},{"tweenEasing":0,"transform":{"y":-0.6,"x":-0.4},"duration":1},{"tweenEasing":0,"transform":{"y":-0.6,"x":-0.4},"duration":57},{"tweenEasing":0,"transform":{"y":-0.6,"x":-0.4},"duration":1},{"tweenEasing":0,"transform":{"y":-0.6,"x":-0.4},"duration":15},{"tweenEasing":0,"transform":{"y":-0.6,"x":-0.4},"duration":15},{"tweenEasing":0,"transform":{"y":-0.6,"x":-0.4},"duration":1},{"transform":{"y":-0.6,"x":-0.4},"duration":0}],"name":"deng1_liang"},{"frame":[{"tweenEasing":0,"transform":{},"duration":180},{"transform":{},"duration":0}],"name":"deng1_mie"},{"frame":[{"tweenEasing":0,"transform":{"scX":-1},"duration":180},{"transform":{"scX":-1},"duration":0}],"name":"deng_fuji"},{"frame":[{"transform":{},"duration":180}],"name":"root"},{"frame":[{"transform":{},"duration":180}],"name":"xingxing_fuji"},{"frame":[{"transform":{},"duration":180}],"name":"xingxing1"},{"frame":[{"transform":{},"duration":180}],"name":"xingxing1_liang"}],"slot":[{"frame":[{"displayIndex":-1,"tweenEasing":0,"color":{"aM":0},"duration":29},{"displayIndex":-1,"tweenEasing":0,"color":{"aM":0},"duration":1},{"tweenEasing":0,"color":{"aM":0},"duration":15},{"tweenEasing":0,"duration":15},{"tweenEasing":0,"color":{"aM":0},"duration":1},{"displayIndex":-1,"tweenEasing":0,"color":{"aM":0},"duration":43},{"displayIndex":-1,"tweenEasing":0,"color":{"aM":0},"duration":1},{"tweenEasing":0,"color":{"aM":0},"duration":15},{"tweenEasing":0,"duration":15},{"tweenEasing":0,"color":{"aM":0},"duration":1},{"displayIndex":-1,"tweenEasing":0,"color":{"aM":0},"duration":12},{"displayIndex":-1,"tweenEasing":0,"color":{"aM":0},"duration":1},{"tweenEasing":0,"color":{"aM":0},"duration":15},{"tweenEasing":0,"duration":15},{"tweenEasing":0,"color":{"aM":0},"duration":1},{"displayIndex":-1,"tweenEasing":null,"color":{"aM":0},"duration":0}],"name":"deng4_gaoliang"},{"frame":[{"displayIndex":-1,"tweenEasing":0,"duration":29},{"displayIndex":-1,"tweenEasing":0,"duration":1},{"tweenEasing":0,"duration":15},{"tweenEasing":0,"duration":15},{"tweenEasing":0,"color":{"aM":0},"duration":1},{"displayIndex":-1,"tweenEasing":0,"color":{"aM":0},"duration":43},{"displayIndex":-1,"tweenEasing":0,"duration":1},{"tweenEasing":0,"duration":15},{"tweenEasing":0,"duration":15},{"tweenEasing":0,"color":{"aM":0},"duration":1},{"displayIndex":-1,"tweenEasing":0,"color":{"aM":0},"duration":12},{"displayIndex":-1,"tweenEasing":0,"duration":1},{"tweenEasing":0,"duration":15},{"tweenEasing":0,"duration":15},{"tweenEasing":0,"color":{"aM":0},"duration":1},{"displayIndex":-1,"tweenEasing":null,"color":{"aM":0},"duration":0}],"name":"deng4_liang"},{"frame":[{"tweenEasing":0,"duration":180},{"tweenEasing":null,"duration":0}],"name":"deng4_mie"},{"frame":[{"displayIndex":-1,"tweenEasing":0,"color":{"aM":0},"duration":29},{"displayIndex":-1,"tweenEasing":0,"color":{"aM":0},"duration":1},{"tweenEasing":0,"color":{"aM":0},"duration":15},{"tweenEasing":0,"duration":15},{"tweenEasing":0,"color":{"aM":0},"duration":1},{"displayIndex":-1,"tweenEasing":0,"color":{"aM":0},"duration":13},{"displayIndex":-1,"tweenEasing":0,"color":{"aM":0},"duration":1},{"tweenEasing":0,"color":{"aM":0},"duration":15},{"tweenEasing":0,"duration":15},{"tweenEasing":0,"color":{"aM":0},"duration":1},{"displayIndex":-1,"tweenEasing":0,"color":{"aM":0},"duration":42},{"displayIndex":-1,"tweenEasing":0,"color":{"aM":0},"duration":1},{"tweenEasing":0,"color":{"aM":0},"duration":15},{"tweenEasing":0,"duration":15},{"tweenEasing":0,"color":{"aM":0},"duration":1},{"displayIndex":-1,"tweenEasing":null,"color":{"aM":0},"duration":0}],"name":"deng3_gaoliang"},{"frame":[{"displayIndex":-1,"tweenEasing":0,"duration":29},{"displayIndex":-1,"tweenEasing":0,"duration":1},{"tweenEasing":0,"duration":15},{"tweenEasing":0,"duration":15},{"tweenEasing":0,"color":{"aM":0},"duration":1},{"displayIndex":-1,"tweenEasing":0,"color":{"aM":0},"duration":13},{"displayIndex":-1,"tweenEasing":0,"duration":1},{"tweenEasing":0,"duration":15},{"tweenEasing":0,"duration":15},{"tweenEasing":0,"color":{"aM":0},"duration":1},{"displayIndex":-1,"tweenEasing":0,"color":{"aM":0},"duration":42},{"displayIndex":-1,"tweenEasing":0,"duration":1},{"tweenEasing":0,"duration":15},{"tweenEasing":0,"duration":15},{"tweenEasing":0,"color":{"aM":0},"duration":1},{"displayIndex":-1,"tweenEasing":null,"color":{"aM":0},"duration":0}],"name":"deng3_liang"},{"frame":[{"tweenEasing":0,"duration":180},{"tweenEasing":null,"duration":0}],"name":"deng3_mie"},{"frame":[{"tweenEasing":0,"color":{"aM":0},"duration":15},{"tweenEasing":0,"duration":15},{"tweenEasing":0,"color":{"aM":0},"duration":1},{"displayIndex":-1,"tweenEasing":0,"color":{"aM":0},"duration":58},{"displayIndex":-1,"tweenEasing":0,"color":{"aM":0},"duration":1},{"tweenEasing":0,"color":{"aM":0},"duration":15},{"tweenEasing":0,"duration":15},{"tweenEasing":0,"color":{"aM":0},"duration":1},{"displayIndex":-1,"tweenEasing":0,"color":{"aM":0},"duration":27},{"displayIndex":-1,"tweenEasing":0,"color":{"aM":0},"duration":1},{"tweenEasing":0,"color":{"aM":0},"duration":15},{"tweenEasing":0,"duration":15},{"tweenEasing":0,"color":{"aM":0},"duration":1},{"displayIndex":-1,"tweenEasing":null,"color":{"aM":0},"duration":0}],"name":"deng2_gaoliang"},{"frame":[{"tweenEasing":0,"duration":15},{"tweenEasing":0,"duration":15},{"tweenEasing":0,"color":{"aM":0},"duration":1},{"displayIndex":-1,"tweenEasing":0,"color":{"aM":0},"duration":58},{"displayIndex":-1,"tweenEasing":0,"duration":1},{"tweenEasing":0,"duration":15},{"tweenEasing":0,"duration":15},{"tweenEasing":0,"color":{"aM":0},"duration":1},{"displayIndex":-1,"tweenEasing":0,"color":{"aM":0},"duration":27},{"displayIndex":-1,"tweenEasing":0,"duration":1},{"tweenEasing":0,"duration":15},{"tweenEasing":0,"duration":15},{"tweenEasing":0,"color":{"aM":0},"duration":1},{"displayIndex":-1,"tweenEasing":null,"color":{"aM":0},"duration":0}],"name":"deng2_liang"},{"frame":[{"tweenEasing":0,"duration":180},{"tweenEasing":null,"duration":0}],"name":"deng2_mie"},{"frame":[{"tweenEasing":0,"color":{"aM":0},"duration":15},{"tweenEasing":0,"duration":15},{"tweenEasing":0,"color":{"aM":0},"duration":1},{"displayIndex":-1,"tweenEasing":0,"color":{"aM":0},"duration":28},{"displayIndex":-1,"tweenEasing":0,"color":{"aM":0},"duration":1},{"tweenEasing":0,"color":{"aM":0},"duration":15},{"tweenEasing":0,"duration":15},{"tweenEasing":0,"color":{"aM":0},"duration":1},{"displayIndex":-1,"tweenEasing":0,"color":{"aM":0},"duration":57},{"displayIndex":-1,"tweenEasing":0,"color":{"aM":0},"duration":1},{"tweenEasing":0,"color":{"aM":0},"duration":15},{"tweenEasing":0,"duration":15},{"tweenEasing":0,"color":{"aM":0},"duration":1},{"displayIndex":-1,"tweenEasing":null,"color":{"aM":0},"duration":0}],"name":"deng1_gaoliang"},{"frame":[{"tweenEasing":0,"duration":15},{"tweenEasing":0,"duration":15},{"tweenEasing":0,"color":{"aM":0},"duration":1},{"displayIndex":-1,"tweenEasing":0,"color":{"aM":0},"duration":28},{"displayIndex":-1,"tweenEasing":0,"duration":1},{"tweenEasing":0,"duration":15},{"tweenEasing":0,"duration":15},{"tweenEasing":0,"color":{"aM":0},"duration":1},{"displayIndex":-1,"tweenEasing":0,"color":{"aM":0},"duration":57},{"displayIndex":-1,"tweenEasing":0,"duration":1},{"tweenEasing":0,"duration":15},{"tweenEasing":0,"duration":15},{"tweenEasing":0,"color":{"aM":0},"duration":1},{"displayIndex":-1,"tweenEasing":null,"color":{"aM":0},"duration":0}],"name":"deng1_liang"},{"frame":[{"tweenEasing":0,"duration":180},{"tweenEasing":null,"duration":0}],"name":"deng1_mie"},{"frame":[{"displayIndex":-1,"tweenEasing":0,"duration":180},{"displayIndex":-1,"tweenEasing":null,"duration":0}],"name":"deng_fuji"},{"frame":[{"displayIndex":-1,"tweenEasing":null,"duration":180}],"name":"xingxing_fuji"},{"frame":[{"displayIndex":-1,"tweenEasing":null,"duration":180}],"name":"xingxing1"},{"frame":[{"displayIndex":-1,"tweenEasing":null,"duration":180}],"name":"xingxing1_liang"}],"ffd":[],"ik":[],"frame":[],"name":"001_deng_zuo","duration":180},{"playTimes":0,"bone":[{"frame":[{"tweenEasing":0,"transform":{},"duration":30},{"tweenEasing":0,"transform":{},"duration":30},{"transform":{},"duration":0}],"name":"xingxing1_liang"},{"frame":[{"tweenEasing":0,"transform":{},"duration":60},{"transform":{},"duration":0}],"name":"xingxing1"},{"frame":[{"tweenEasing":0,"transform":{},"duration":60},{"transform":{},"duration":0}],"name":"xingxing_fuji"},{"frame":[{"transform":{},"duration":60}],"name":"root"},{"frame":[{"transform":{},"duration":60}],"name":"deng_fuji"},{"frame":[{"transform":{},"duration":60}],"name":"deng1_mie"},{"frame":[{"transform":{},"duration":60}],"name":"deng3_mie"},{"frame":[{"transform":{},"duration":60}],"name":"deng2_mie"},{"frame":[{"transform":{},"duration":60}],"name":"deng4_mie"},{"frame":[{"transform":{},"duration":60}],"name":"deng1_gaoliang"},{"frame":[{"transform":{},"duration":60}],"name":"deng2_gaoliang"},{"frame":[{"transform":{},"duration":60}],"name":"deng2_liang"},{"frame":[{"transform":{},"duration":60}],"name":"deng3_gaoliang"},{"frame":[{"transform":{},"duration":60}],"name":"deng4_liang"},{"frame":[{"transform":{},"duration":60}],"name":"deng1_liang"},{"frame":[{"transform":{},"duration":60}],"name":"deng4_gaoliang"},{"frame":[{"transform":{},"duration":60}],"name":"deng3_liang"}],"slot":[{"frame":[{"tweenEasing":0,"color":{"aM":0},"duration":30},{"tweenEasing":0,"duration":30},{"tweenEasing":null,"color":{"aM":0},"duration":0}],"name":"xingxing1_liang"},{"frame":[{"tweenEasing":0,"duration":60},{"tweenEasing":null,"duration":0}],"name":"xingxing1"},{"frame":[{"displayIndex":-1,"tweenEasing":0,"duration":60},{"displayIndex":-1,"tweenEasing":null,"duration":0}],"name":"xingxing_fuji"},{"frame":[{"displayIndex":-1,"tweenEasing":null,"duration":60}],"name":"deng_fuji"},{"frame":[{"displayIndex":-1,"tweenEasing":null,"duration":60}],"name":"deng1_mie"},{"frame":[{"displayIndex":-1,"tweenEasing":null,"duration":60}],"name":"deng1_liang"},{"frame":[{"displayIndex":-1,"tweenEasing":null,"duration":60}],"name":"deng1_gaoliang"},{"frame":[{"displayIndex":-1,"tweenEasing":null,"duration":60}],"name":"deng2_mie"},{"frame":[{"displayIndex":-1,"tweenEasing":null,"duration":60}],"name":"deng2_liang"},{"frame":[{"displayIndex":-1,"tweenEasing":null,"duration":60}],"name":"deng2_gaoliang"},{"frame":[{"displayIndex":-1,"tweenEasing":null,"duration":60}],"name":"deng3_mie"},{"frame":[{"displayIndex":-1,"tweenEasing":null,"duration":60}],"name":"deng3_liang"},{"frame":[{"displayIndex":-1,"tweenEasing":null,"duration":60}],"name":"deng3_gaoliang"},{"frame":[{"displayIndex":-1,"tweenEasing":null,"duration":60}],"name":"deng4_mie"},{"frame":[{"displayIndex":-1,"tweenEasing":null,"duration":60}],"name":"deng4_liang"},{"frame":[{"displayIndex":-1,"tweenEasing":null,"duration":60}],"name":"deng4_gaoliang"}],"ffd":[],"ik":[],"frame":[],"name":"002_xingxing_zuo","duration":60},{"playTimes":0,"bone":[{"frame":[{"tweenEasing":0,"transform":{},"duration":30},{"tweenEasing":0,"transform":{},"duration":30},{"transform":{},"duration":0}],"name":"xingxing1_liang"},{"frame":[{"tweenEasing":0,"transform":{},"duration":60},{"transform":{},"duration":0}],"name":"xingxing1"},{"frame":[{"tweenEasing":0,"transform":{"skX":-20,"skY":-20},"duration":60},{"transform":{"skX":-20,"skY":-20},"duration":0}],"name":"xingxing_fuji"},{"frame":[{"transform":{},"duration":60}],"name":"root"},{"frame":[{"transform":{},"duration":60}],"name":"deng_fuji"},{"frame":[{"transform":{},"duration":60}],"name":"deng1_mie"},{"frame":[{"transform":{},"duration":60}],"name":"deng3_mie"},{"frame":[{"transform":{},"duration":60}],"name":"deng2_mie"},{"frame":[{"transform":{},"duration":60}],"name":"deng4_mie"},{"frame":[{"transform":{},"duration":60}],"name":"deng1_gaoliang"},{"frame":[{"transform":{},"duration":60}],"name":"deng2_gaoliang"},{"frame":[{"transform":{},"duration":60}],"name":"deng2_liang"},{"frame":[{"transform":{},"duration":60}],"name":"deng3_gaoliang"},{"frame":[{"transform":{},"duration":60}],"name":"deng4_liang"},{"frame":[{"transform":{},"duration":60}],"name":"deng1_liang"},{"frame":[{"transform":{},"duration":60}],"name":"deng4_gaoliang"},{"frame":[{"transform":{},"duration":60}],"name":"deng3_liang"}],"slot":[{"frame":[{"tweenEasing":0,"color":{"aM":0},"duration":30},{"tweenEasing":0,"duration":30},{"tweenEasing":null,"color":{"aM":0},"duration":0}],"name":"xingxing1_liang"},{"frame":[{"tweenEasing":0,"duration":60},{"tweenEasing":null,"duration":0}],"name":"xingxing1"},{"frame":[{"displayIndex":-1,"tweenEasing":0,"duration":60},{"displayIndex":-1,"tweenEasing":null,"duration":0}],"name":"xingxing_fuji"},{"frame":[{"displayIndex":-1,"tweenEasing":null,"duration":60}],"name":"deng_fuji"},{"frame":[{"displayIndex":-1,"tweenEasing":null,"duration":60}],"name":"deng1_mie"},{"frame":[{"displayIndex":-1,"tweenEasing":null,"duration":60}],"name":"deng1_liang"},{"frame":[{"displayIndex":-1,"tweenEasing":null,"duration":60}],"name":"deng1_gaoliang"},{"frame":[{"displayIndex":-1,"tweenEasing":null,"duration":60}],"name":"deng2_mie"},{"frame":[{"displayIndex":-1,"tweenEasing":null,"duration":60}],"name":"deng2_liang"},{"frame":[{"displayIndex":-1,"tweenEasing":null,"duration":60}],"name":"deng2_gaoliang"},{"frame":[{"displayIndex":-1,"tweenEasing":null,"duration":60}],"name":"deng3_mie"},{"frame":[{"displayIndex":-1,"tweenEasing":null,"duration":60}],"name":"deng3_liang"},{"frame":[{"displayIndex":-1,"tweenEasing":null,"duration":60}],"name":"deng3_gaoliang"},{"frame":[{"displayIndex":-1,"tweenEasing":null,"duration":60}],"name":"deng4_mie"},{"frame":[{"displayIndex":-1,"tweenEasing":null,"duration":60}],"name":"deng4_liang"},{"frame":[{"displayIndex":-1,"tweenEasing":null,"duration":60}],"name":"deng4_gaoliang"}],"ffd":[],"ik":[],"frame":[],"name":"003_xingxing_you","duration":60}],"defaultActions":[{"gotoAndPlay":"000_deng_you"}],"aabb":{"width":36,"y":-18,"height":36,"x":-18},"ik":[],"name":"armatureName","skin":[{"slot":[{"display":[{"path":"demg1","type":"image","name":"demg1","transform":{}}],"name":"deng4_liang"},{"display":[{"path":"demg2","type":"image","name":"demg2","transform":{}}],"name":"deng3_gaoliang"},{"display":[{"path":"demg1","type":"image","name":"demg1","transform":{}}],"name":"deng1_liang"},{"display":[{"path":"demg0","type":"image","name":"demg0","transform":{}}],"name":"deng3_mie"},{"display":[{"path":"003","type":"image","name":"003","transform":{}}],"name":"xingxing1_liang"},{"display":[{"path":"demg0","type":"image","name":"demg0","transform":{}}],"name":"deng2_mie"},{"display":[{"path":"demg2","type":"image","name":"demg2","transform":{}}],"name":"deng2_gaoliang"},{"display":[{"path":"demg1","type":"image","name":"demg1","transform":{}}],"name":"deng2_liang"},{"display":[{"path":"demg0","type":"image","name":"demg0","transform":{}}],"name":"deng1_mie"},{"display":[{"path":"002","type":"image","name":"002","transform":{}}],"name":"xingxing1"},{"display":[{"path":"demg1","type":"image","name":"demg1","transform":{}}],"name":"deng3_liang"},{"display":[{"path":"demg2","type":"image","name":"demg2","transform":{}}],"name":"deng1_gaoliang"},{"display":[{"path":"demg0","type":"image","name":"demg0","transform":{}}],"name":"deng4_mie"},{"display":[{"path":"demg2","type":"image","name":"demg2","transform":{}}],"name":"deng4_gaoliang"}],"name":""}],"slot":[{"displayIndex":-1,"name":"deng_fuji","parent":"deng_fuji","color":{}},{"z":1,"name":"deng1_mie","parent":"deng1_mie","color":{}},{"z":2,"name":"deng1_liang","parent":"deng1_liang","color":{}},{"z":3,"name":"deng1_gaoliang","parent":"deng1_gaoliang","color":{}},{"z":4,"name":"deng2_mie","parent":"deng2_mie","color":{}},{"z":5,"name":"deng2_liang","parent":"deng2_liang","color":{}},{"z":6,"name":"deng2_gaoliang","parent":"deng2_gaoliang","color":{}},{"z":7,"name":"deng3_mie","parent":"deng3_mie","color":{}},{"z":8,"name":"deng3_liang","parent":"deng3_liang","color":{}},{"z":9,"name":"deng3_gaoliang","parent":"deng3_gaoliang","color":{}},{"z":10,"name":"deng4_mie","parent":"deng4_mie","color":{}},{"z":11,"name":"deng4_liang","parent":"deng4_liang","color":{}},{"z":12,"displayIndex":-1,"name":"xingxing_fuji","parent":"xingxing_fuji","color":{}},{"z":13,"name":"deng4_gaoliang","parent":"deng4_gaoliang","color":{}},{"z":14,"name":"xingxing1","parent":"xingxing1","color":{}},{"z":15,"name":"xingxing1_liang","parent":"xingxing1_liang","color":{}}]}],"name":"shenmishangcheng_eff","version":"4.0"}