{"frameRate":30,"name":"NPC_Wish","version":"5.5","compatibleVersion":"5.5","armature":[{"type":"Armature","frameRate":30,"name":"armatureName","aabb":{"x":-372.62,"y":-543.08,"width":681.97,"height":554.99},"bone":[{"name":"root"},{"name":"Fuji","parent":"root"},{"length":292,"name":"Toy","parent":"Fuji","transform":{"x":-280.39,"y":7.09,"skX":-79.76,"skY":-79.76}},{"name":"bip","parent":"Fuji","transform":{"x":-10,"y":-85}},{"length":109,"name":"Body","parent":"bip","transform":{"x":-17.03,"y":-35.09,"skX":-87.77,"skY":-87.77}},{"length":99,"name":"spine","parent":"Body","transform":{"x":109.69,"skX":-14.43,"skY":-14.43}},{"length":59,"name":"Xiuzi_R","parent":"Body","transform":{"x":21.75,"y":-34.78,"skX":-144.79,"skY":-144.79}},{"length":91,"name":"HDJ","parent":"Body","transform":{"x":56.33,"y":-57.53,"skX":-94.61,"skY":-94.61}},{"length":42,"name":"neck","parent":"spine","transform":{"x":106.64,"y":-6.02,"skX":17.89,"skY":17.89}},{"length":115,"name":"UpArm_R","parent":"spine","transform":{"x":113.35,"y":-67.82,"skX":-170.37,"skY":-170.37}},{"length":39,"name":"Xiuzi_R2","parent":"Xiuzi_R","transform":{"x":59,"y":0.04,"skX":37.68,"skY":37.68}},{"length":58,"name":"UpArm_L","parent":"spine","transform":{"x":37.1,"y":52.13,"skX":146.93,"skY":146.93}},{"length":100,"name":"Arm_L","parent":"UpArm_L","transform":{"x":75.7,"y":-0.02,"skX":151.7,"skY":151.7}},{"length":174,"name":"Head","parent":"neck","transform":{"x":40.23,"y":-1.46,"skX":12.28,"skY":12.28}},{"length":87,"name":"Arm_R","parent":"UpArm_R","transform":{"x":119,"y":-2.83,"skX":-74.62,"skY":-74.62}},{"length":58,"name":"Xiuzi_R3","parent":"Xiuzi_R2","transform":{"x":39.19,"y":0.48,"skX":-5.22,"skY":-5.22}},{"length":69,"name":"Hair_L_03","parent":"Head","transform":{"x":89.31,"y":60.38,"skX":167.58,"skY":167.58}},{"length":116,"name":"Hair_B","parent":"Head","transform":{"x":125.23,"y":6.1,"skX":-167.92,"skY":-167.92}},{"length":62,"name":"Xiuzi_R4","parent":"Xiuzi_R3","transform":{"x":58.4,"y":-0.69,"skX":-12.16,"skY":-12.16}},{"length":52,"name":"Body_01","parent":"Arm_L","transform":{"x":55.26,"y":-44.3,"skX":64.37,"skY":64.37}},{"length":39,"name":"Hair_L_01","parent":"Head","transform":{"x":153.72,"y":22.72,"skX":130.22,"skY":130.22}},{"length":37,"name":"Hair_L_02","parent":"Head","transform":{"x":89.76,"y":62.24,"skX":172.98,"skY":172.98}},{"length":43,"name":"Hair_R_01","parent":"Head","transform":{"x":158.42,"y":-9.49,"skX":-140.1,"skY":-140.1}},{"length":47,"name":"Hair_R_05","parent":"Head","transform":{"x":81.81,"y":-79.44,"skX":-174.77,"skY":-174.77}},{"length":48,"name":"Hair_L_04","parent":"Head","transform":{"x":43.19,"y":78.74,"skX":145.92,"skY":145.92}},{"length":44,"name":"Hair_R_04","parent":"Head","transform":{"x":125.57,"y":-81.97,"skX":-166.3,"skY":-166.3}},{"length":62,"name":"Hand_R","parent":"Arm_R","transform":{"x":86.99,"y":0.05,"skX":-22.12,"skY":-22.12}},{"length":67,"name":"Hair_R_03","parent":"Head","transform":{"x":117.09,"y":-67.85,"skX":175.87,"skY":175.87}},{"length":47,"name":"Xiuzi_L","parent":"Arm_L","transform":{"x":8.42,"y":-26.99,"skX":-107.77,"skY":-107.77}},{"length":33,"name":"Hair_R_02","parent":"Head","transform":{"x":99.98,"y":-52.49,"skX":-175.54,"skY":-175.54}},{"length":38,"name":"Hair_L_3","parent":"Hair_L_02","transform":{"x":36.27,"y":0.35,"skX":33.98,"skY":33.98}},{"length":26,"name":"Hair_L_6","parent":"Hair_L_03","transform":{"x":69.31,"y":-0.03,"skX":15.81,"skY":15.81}},{"length":35,"name":"Hair_L_1","parent":"Hair_L_01","transform":{"x":38.84,"y":-0.48,"skX":22.22,"skY":22.22}},{"length":40,"name":"Hair_L_4","parent":"Hair_L_04","transform":{"x":48.59,"y":-0.24,"skX":-20.94,"skY":-20.94}},{"length":57,"name":"Hair_R_3","parent":"Hair_R_03","transform":{"x":67.65,"y":-0.78,"skX":-22.8,"skY":-22.8}},{"length":104,"name":"Hair_B2","parent":"Hair_B","transform":{"x":115.66,"y":1.17,"skX":-26.53,"skY":-26.53}},{"name":"Hand_R2","parent":"Body_01","transform":{"x":-3.98,"y":-29.03,"skX":99.25,"skY":99.25}},{"length":41,"name":"Hair_R_1","parent":"Hair_R_01","transform":{"x":43.31,"y":-0.42,"skX":-22.24,"skY":-22.24}},{"length":45,"name":"Leg_R","parent":"Body_01","transform":{"x":-21.66,"y":-5.3,"skX":-163.29,"skY":-163.29}},{"length":41,"name":"Hair_R_6","parent":"Hair_R_04","transform":{"x":44.94,"y":0.26,"skX":-8.11,"skY":-8.11}},{"length":32,"name":"Hair_R_11","parent":"Hair_R_02","transform":{"x":33.06,"y":-0.06,"skX":-17.66,"skY":-17.66}},{"length":52,"name":"Hair_R_8","parent":"Hair_R_05","transform":{"x":47.25,"y":-0.12,"skX":13.02,"skY":13.02}},{"length":36,"name":"Leg_L","parent":"Body_01","transform":{"x":-36.48,"y":16.58,"skX":-171.65,"skY":-171.65}},{"length":43,"name":"Xiuzi_L2","parent":"Xiuzi_L","transform":{"x":45.76,"y":0.45,"skX":1.57,"skY":1.57}},{"length":96,"name":"Head_01","parent":"Body_01","transform":{"x":55.41,"y":1.9,"skX":27.45,"skY":27.45}},{"length":78,"name":"Hair_B3","parent":"Hair_B2","transform":{"x":103.62,"y":-0.15,"skX":-5.22,"skY":-5.22}},{"length":76,"name":"Hair_R_4","parent":"Hair_R_3","transform":{"x":56.6,"y":-0.49,"skX":-2.74,"skY":-2.74}},{"length":37,"name":"Hair_R_12","parent":"Hair_R_11","transform":{"x":32.82,"y":0.03,"skX":-31.49,"skY":-31.49}},{"length":45,"name":"Hair_R_2","parent":"Hair_R_1","transform":{"x":40.43,"y":-0.09,"skX":-24.2,"skY":-24.2}},{"length":58,"name":"Xiuzi_L3","parent":"Xiuzi_L2","transform":{"x":43.84,"y":0.18,"skX":-58.71,"skY":-58.71}},{"length":51,"name":"Hair_R_7","parent":"Hair_R_6","transform":{"x":41.46,"y":0.63,"skX":25.12,"skY":25.12}},{"length":47,"name":"Hair_L_7","parent":"Hair_L_6","transform":{"x":24.62,"skX":-3.39,"skY":-3.39}},{"length":56,"name":"Hair_R_9","parent":"Hair_R_8","transform":{"x":50.1,"y":0.87,"skX":12.8,"skY":12.8}},{"length":47,"name":"Hair_L_2","parent":"Hair_L_1","transform":{"x":35.05,"y":-0.05,"skX":19.38,"skY":19.38}},{"length":40,"name":"Hair_L_5","parent":"Hair_L_4","transform":{"x":42.04,"y":-0.83,"skX":-8.63,"skY":-8.63}},{"length":36,"name":"Xiuzi_L4","parent":"Xiuzi_L3","transform":{"x":59.49,"y":0.36,"skX":-7.7,"skY":-7.7}},{"length":68,"name":"Hair_R_5","parent":"Hair_R_4","transform":{"x":77.99,"y":-0.73,"skX":8.56,"skY":8.56}},{"length":74,"name":"Hair_R_10","parent":"Hair_R_9","transform":{"x":55.89,"y":-0.32,"skX":0.9,"skY":0.9}},{"length":74,"name":"Hair_B4","parent":"Hair_B3","transform":{"x":77.1,"y":0.34,"skX":-22.37,"skY":-22.37}},{"length":41,"name":"Xiuzi_L5","parent":"Xiuzi_L4","transform":{"x":36.68,"y":-0.06,"skX":-8.34,"skY":-8.34}}],"slot":[{"name":"Hair_B","parent":"Hair_B4"},{"name":"Toy","parent":"Toy"},{"name":"HDJ","parent":"HDJ"},{"name":"Dress","parent":"Fuji"},{"name":"Body","parent":"Body"},{"name":"Xiuzi_L","parent":"Arm_R"},{"name":"UpArm_L","parent":"UpArm_L"},{"name":"Body_01","parent":"Body_01"},{"name":"Leg_L","parent":"Leg_L"},{"name":"Leg_R","parent":"Leg_R"},{"name":"Hair_R_05","parent":"Hair_R_10"},{"name":"Hair_R_04","parent":"Hair_R_7"},{"name":"Hair_L_04","parent":"Hair_L_5"},{"name":"Head","parent":"Head"},{"displayIndex":-1,"name":"Eye_C","parent":"Head"},{"name":"Xiuzi_R","parent":"Xiuzi_R4"},{"name":"UpArm_R","parent":"UpArm_R"},{"name":"Jian","parent":"spine"},{"name":"Hand_R","parent":"Hand_R"},{"name":"Arm_R","parent":"Arm_R"},{"name":"Hair_L_03","parent":"Hair_L_7"},{"name":"Head_01","parent":"Head_01"},{"name":"Arm_L","parent":"Arm_L"},{"name":"Hair_R_03","parent":"Hair_R_5"},{"name":"Hair_R_02","parent":"Hair_R_12"},{"name":"Hair_L_02","parent":"Hair_L_3"},{"name":"Hair_L_01","parent":"Hair_L_2"},{"name":"Hair_R_01","parent":"Hair_R_2"}],"ik":[{"bendPositive":false,"chain":1,"name":"Hand","bone":"Arm_R","target":"Hand_R2"}],"skin":[{"slot":[{"name":"Hair_L_02","display":[{"type":"mesh","name":"Hair_L_02","width":38,"height":61,"vertices":[33.93,-439.02,27.91,-427.73,23.88,-406.02,4.42,-381.71,6.26,-378.05,25.48,-383.9,38.65,-402.08,42.49,-428.86,38.25,-439.01,31.02,-403.47],"uvs":[0.77434,0,0.61629,0.18522,0.51092,0.54119,0,0.94007,0.0485,1,0.55391,0.90377,0.90018,0.60529,1,0.16636,0.8881,0,0.69886,0.58272],"triangles":[1,2,9,9,5,6,9,6,7,0,1,8,1,9,8,8,9,7,2,3,9,3,4,9,5,4,9],"weights":[1,21,1,1,21,1,2,21,0.5,30,0.5,1,30,1,1,30,1,1,30,1,2,21,0.5,30,0.5,1,21,1,1,21,1,2,21,0.5,30,0.5],"slotPose":[1,0,0,1,0,0],"bonePose":[21,-0.189952,0.981793,-0.981793,-0.189952,38.250753,-439.012044,30,-0.706242,0.70797,-0.70797,-0.706242,31.017556,-403.468883],"edges":[3,4,4,5,5,6,6,7,7,8,8,0,0,1,1,2,2,3],"userEdges":[8,9,9,4]}]},{"name":"Hand_R","display":[{"name":"Hand_R","transform":{"x":38.84,"y":-2.75,"skX":9.34,"skY":9.34}}]},{"name":"Hair_R_04","display":[{"type":"mesh","name":"Hair_R_04","width":86,"height":113,"vertices":[-102.09,-518.04,-127.3,-486.64,-141.66,-451.78,-172.53,-425.28,-165.37,-409.46,-147.24,-405.21,-112.98,-432.73,-94.51,-478.25,-86.44,-501.91,-87.88,-517.57,-111.69,-479.46,-128.84,-441.7],"uvs":[0.81777,0.00115,0.52499,0.27917,0.35845,0.58785,0,0.8228,0.08367,0.96266,0.29442,1,0.69233,0.75607,0.90645,0.35315,1,0.14376,0.98311,0.00518,0.7066,0.34265,0.50765,0.67691],"triangles":[10,6,7,10,7,8,11,6,10,1,10,0,11,5,6,1,2,10,2,11,10,2,3,11,0,9,10,9,10,8,3,11,4,4,5,11],"weights":[1,25,1,2,25,0.44268,39,0.55731,2,39,0.53037,50,0.46962,1,50,1,1,50,1,1,50,1,2,39,0.64665,50,0.35333,2,25,0.78845,39,0.21154,1,25,1,1,25,1,2,25,0.5,39,0.5,2,39,0.5,50,0.5],"slotPose":[1,0,0,1,0,0],"bonePose":[25,-0.525026,0.851086,-0.851086,-0.525026,-87.876357,-517.566689,39,-0.399709,0.916642,-0.916642,-0.399709,-111.692312,-479.455385,50,-0.751034,0.660264,-0.660264,-0.751034,-128.841739,-441.703225],"edges":[3,4,4,5,5,6,6,7,7,8,8,9,9,0,0,1,1,2,2,3],"userEdges":[9,10,10,11,11,4]}]},{"name":"Body","display":[{"type":"mesh","name":"Body","width":183,"height":266,"vertices":[-101.3,-386.11,-97.51,-355.65,-152.6,-324.75,-152.61,-293.27,-104.61,-210.23,-108.41,-148.38,-27.03,-120.09,30.35,-120.09,30.36,-195.26,20.39,-231.2,30.37,-273.4,18.34,-333.6,-5.06,-342.38,-37.64,-386.08,-69.01,-332.37,-40.6,-331.11,-46.86,-354.66,-21.32,-270.3,-22.15,-224.43,-84.62,-273.9],"uvs":[0.28019,0,0.30095,0.11446,0,0.23073,0,0.34903,0.2624,0.66111,0.24165,0.89365,0.68638,1,1,1,1,0.71738,0.94555,0.58224,1,0.42352,0.93413,0.19724,0.80622,0.16424,0.62805,0,0.45674,0.20195,0.61207,0.20667,0.57775,0.11815,0.7175,0.43525,0.71306,0.60773,0.37157,0.42179],"triangles":[12,17,11,9,18,8,6,7,8,18,6,8,17,9,10,11,17,10,15,17,12,17,18,9,5,6,18,4,5,18,13,16,12,16,15,12,14,19,15,19,4,18,19,18,17,15,19,17,0,16,13,0,1,16,16,14,15,1,14,16,2,3,19,2,19,14,1,2,14,3,4,19],"weights":[2,5,0.00064,8,0.99935,2,5,0.66999,8,0.33,1,5,1,1,5,1,2,4,0.80855,5,0.19144,2,4,0.99959,5,0.0004,1,4,1,1,4,0.99999,2,4,0.94164,5,0.05835,2,4,0.46816,5,0.53183,2,4,0.02777,5,0.97222,1,5,1,2,5,0.85,8,0.14999,1,8,0.99999,2,5,0.78,8,0.22,2,5,0.9,8,0.1,1,8,1,1,5,1,2,4,0.75278,5,0.24721,2,4,0.00999,5,0.99],"slotPose":[1,0,0,1,0,0],"bonePose":[5,-0.211325,-0.977416,0.977416,-0.211325,-22.761851,-229.69693,8,0.099146,-0.995073,0.995073,0.099146,-51.181571,-332.656385,4,0.038911,-0.999243,0.999243,0.038911,-27.03,-120.09],"edges":[2,3,3,4,4,5,5,6,6,7,7,8,8,9,9,10,10,11,11,12,12,13,13,0,0,1,1,2],"userEdges":[1,14,14,15,15,12,15,17,17,18,18,6]}]},{"name":"Toy","display":[{"name":"Toy","transform":{"x":143.75,"y":-6.89,"skX":79.75,"skY":79.75}}]},{"name":"Arm_L","display":[{"name":"Arm_L","transform":{"x":65.13,"y":-1.1,"skX":163.54,"skY":163.54}}]},{"name":"Xiuzi_R","display":[{"type":"mesh","name":"Xiuzi_R","width":232,"height":165,"vertices":[-137.52,-198.13,-113.77,-151.39,-143.21,-109.7,-204.56,-94.51,-241.26,-57.6,-241.2,-32.76,-229.76,-32.8,-177.9,-41.51,-125.68,-66.19,-57.99,-75.47,-12.31,-130.51,-9.64,-192.14,-63.09,-198.08,-61.03,-143.12,-96.84,-96.36,-134.84,-86.76,-189.44,-66.04],"uvs":[0.44871,0,0.55112,0.28308,0.4231,0.53508,0.15853,0.62628,0,0.84948,0,1,0.04929,1,0.2729,0.94788,0.49821,0.79908,0.79009,0.74388,0.98809,0.41028,1,0.03588,0.7696,0,0.77814,0.33348,0.62281,0.61668,0.45895,0.67428,0.2234,0.79908],"triangles":[13,9,10,13,10,11,12,13,11,12,1,13,1,14,13,14,8,9,13,14,9,0,1,12,1,2,14,2,15,14,15,8,14,15,7,8,2,16,15,16,7,15,3,16,2,16,6,7,3,4,16,4,16,5,5,6,16],"weights":[1,14,1,3,14,0.83,6,0.15143,10,0.01854,3,6,0.05469,10,0.42371,15,0.52159,2,15,0.50214,18,0.49785,1,18,1,1,18,1,1,18,1,2,15,0.55793,18,0.44206,2,10,0.63087,15,0.36912,2,6,0.93263,10,0.06736,2,14,0.5,6,0.49999,1,14,1,1,14,1,2,14,0.5,6,0.5,2,6,0.5,10,0.5,2,10,0.5,15,0.5,2,15,0.5,18,0.5],"slotPose":[1,0,0,1,0,0],"bonePose":[14,0.975111,0.221719,-0.221719,0.975111,-104.840758,-207.401562,6,-0.60793,0.79399,-0.79399,-0.60793,-60.937346,-143.176853,10,-0.966466,0.256795,-0.256795,-0.966466,-96.836993,-96.355737,15,-0.939094,0.34366,-0.34366,-0.939094,-134.836049,-86.755827,18,-0.845635,0.533762,-0.533762,-0.845635,-189.442028,-66.038126],"edges":[4,5,5,6,6,7,7,8,8,9,9,10,10,11,11,12,12,0,0,1,1,2,2,3,3,4],"userEdges":[12,13,13,14,14,15,15,16,16,5]}]},{"name":"Leg_L","display":[{"name":"Leg_L","transform":{"x":15.88,"y":2.76,"skX":-89.09,"skY":-89.09}}]},{"name":"Hair_L_01","display":[{"type":"mesh","name":"Hair_L_01","width":41,"height":115,"vertices":[19.74,-501.44,29.83,-478.27,31.7,-448.62,23.19,-411.52,38.84,-397.75,56.67,-396.97,60.42,-414.34,60.47,-446.39,51.75,-481.13,29.14,-512.03,20.39,-512.04,41.27,-479.29,47.16,-444.74],"uvs":[0.00419,0.09234,0.25107,0.29353,0.29809,0.55129,0.09236,0.87402,0.47443,0.99347,0.90941,1,1,0.84887,1,0.57015,0.78597,0.26838,0.23343,0,0.01985,0,0.53037,0.28451,0.67549,0.58485],"triangles":[11,2,12,9,11,8,11,12,8,8,12,7,4,5,6,7,12,6,1,2,11,2,3,12,0,1,11,0,10,11,9,10,11,3,12,4,12,4,6],"weights":[1,20,1,2,20,0.5,32,0.5,2,32,0.67159,53,0.3284,1,53,1,1,53,1,1,53,1,1,53,1,2,32,0.58499,53,0.41499,2,20,0.5,32,0.5,1,20,1,1,20,1,2,20,0.5,32,0.5,2,32,0.5,53,0.5],"slotPose":[1,0,0,1,0,0],"bonePose":[20,0.527104,0.849801,-0.849801,0.527104,20.391485,-512.044629,32,0.166597,0.986025,-0.986025,0.166597,41.272113,-479.29138,53,-0.170038,0.985438,-0.985438,-0.170038,47.160627,-444.739529],"edges":[0,1,1,2,2,3,3,4,4,5,5,6,6,7,7,8,8,9,9,10,10,0],"userEdges":[10,11,11,12,12,4]}]},{"name":"Arm_R","display":[{"name":"Arm_R","transform":{"x":41.53,"y":-0.92,"skX":-12.81,"skY":-12.81}}]},{"name":"Hair_L_04","display":[{"type":"mesh","name":"Hair_L_04","width":77,"height":130,"vertices":[31.39,-334.36,50,-294.2,71.26,-261.95,95.64,-264.08,108.3,-281.55,79.28,-309.96,99.47,-339.87,74.31,-349.72,48.93,-392,39.58,-389.62,31.46,-387.56,53.29,-343.01],"uvs":[0,0.44349,0.24264,0.75216,0.5195,1,0.83602,0.98329,1,0.84875,0.62264,0.63063,0.8842,0.40029,0.55725,0.32486,0.22686,0,0.10549,0.01831,0,0.03424,0.28442,0.3767],"triangles":[5,3,4,5,2,3,7,5,6,1,2,5,8,11,7,7,11,5,11,1,5,8,9,11,0,1,11,9,10,11,10,0,11],"weights":[2,24,0.5,33,0.5,2,33,0.5708,54,0.42919,2,33,0.05757,54,0.94242,2,33,0.0105,54,0.98949,1,54,1,2,33,0.17,54,0.83,2,33,0.66,54,0.33999,2,24,0.5,33,0.5,1,24,1,1,24,1,1,24,1,2,24,0.5,33,0.5],"slotPose":[1,0,0,1,0,0],"bonePose":[24,0.277482,0.960731,-0.960731,0.277482,39.578125,-389.62325,33,0.602512,0.79811,-0.79811,0.602512,53.291567,-343.007939,54,0.715449,0.698665,-0.698665,0.715449,79.283591,-309.955478],"edges":[0,1,1,2,2,3,3,4,4,5,5,6,6,7,7,8,8,9,9,10,10,0],"userEdges":[9,11,11,5]}]},{"name":"Xiuzi_L","display":[{"type":"mesh","name":"Xiuzi_L","width":163,"height":194,"vertices":[26.37,-239.06,29.1,-199.21,24.97,-154.53,19.28,-111.68,19.25,-84.78,58.64,-82.91,103.32,-66.91,137.5,-50.91,151.17,-44.96,168.38,-44.94,182.21,-53.21,169.69,-75.93,144.1,-79.16,115.31,-89.43,94.85,-112.17,105.77,-154.09,95.54,-201.46,77.65,-234.43,49.82,-239.05,58.43,-200.21,59.05,-154.45,58.7,-110.61,109.22,-79.2,142.8,-64.44],"uvs":[0.04307,0,0.05986,0.20549,0.03468,0.43584,0,0.65679,0,0.79547,0.2417,0.80487,0.51586,0.88714,0.72568,0.96941,0.8096,1,0.9152,1,1,0.95734,0.92306,0.84023,0.766,0.82373,0.58931,0.77095,0.46367,0.65384,0.53042,0.43775,0.4676,0.19363,0.35766,0.02373,0.18686,0,0.23987,0.20023,0.24379,0.4361,0.24183,0.66208,0.55201,0.82373,0.75815,0.89961],"triangles":[23,8,9,12,23,11,23,7,8,22,23,12,13,22,12,6,7,23,22,6,23,14,22,13,20,14,15,16,20,15,5,6,22,19,20,16,20,21,14,17,19,16,18,19,17,0,1,18,1,2,20,1,20,19,18,1,19,20,2,21,2,3,21,4,5,21,3,4,21,5,21,22,14,21,22,9,23,10,11,23,10],"weights":[1,12,1,2,12,0.15451,28,0.84548,2,28,0.45483,43,0.54516,3,28,0.00639,43,0.75999,49,0.2336,3,28,0.00001,43,0.55487,49,0.4451,2,43,0.08278,49,0.91721,2,49,0.457,55,0.54299,2,55,0.47864,59,0.52135,2,55,0.04742,59,0.95257,1,59,1,1,59,1,1,59,1,2,55,0.61738,59,0.38261,2,49,0.44886,55,0.55113,3,28,0.01016,43,0.1678,49,0.82202,4,12,0.0024,28,0.5521,43,0.38083,49,0.06465,3,12,0.30766,28,0.69075,43,0.00157,1,12,1,1,12,1,2,12,0.3,28,0.7,2,28,0.5,43,0.5,2,43,0.5,49,0.5,2,49,0.5,55,0.5,2,55,0.5,59,0.5],"slotPose":[1,0,0,1,0,0],"bonePose":[12,-0.959166,-0.282844,0.282844,-0.959166,74.144398,-223.714484,55,0.914819,0.403865,-0.403865,0.914819,109.223022,-79.203176,28,0.023385,0.999727,-0.999727,0.023385,58.434268,-200.208138,49,0.852458,0.522796,-0.522796,0.852458,58.698519,-110.611204,43,-0.004014,0.999992,-0.999992,-0.004014,59.054502,-154.450128,59,0.963724,0.266902,-0.266902,0.963724,142.802806,-64.44431],"edges":[3,4,4,5,5,6,6,7,7,8,8,9,9,10,10,11,11,12,12,13,13,14,14,15,15,16,16,17,17,18,18,0,0,1,1,2,2,3],"userEdges":[18,19,19,20,20,21,21,22,22,23,23,10]}]},{"name":"HDJ","display":[{"name":"HDJ","transform":{"x":43.18,"y":3.77,"skX":-177.6,"skY":-177.6}}]},{"name":"Hair_R_03","display":[{"type":"mesh","name":"Hair_R_03","width":59,"height":264,"vertices":[-92.04,-505.16,-107.63,-479.56,-106.33,-463.34,-109.51,-447.21,-103.42,-435.12,-93.66,-381.99,-101.27,-364.3,-89.2,-352.21,-78.01,-307.78,-81.69,-287.28,-73.55,-279.69,-74.17,-241.12,-53.67,-241.08,-53.33,-279.66,-50.71,-293.98,-53.88,-309.74,-68.31,-357.91,-65.1,-374.73,-69.76,-385.97,-79.71,-438.81,-76.28,-451.37,-83.73,-462.46,-67.49,-494.61,-77.06,-505.14,-94.79,-463.34,-92.49,-439.27,-83.19,-383.44,-80.02,-356.39,-66.66,-307.22,-63.72,-280.8],"uvs":[0.29486,0,0.03118,0.09701,0.05362,0.15845,0,0.21956,0.10348,0.26532,0.27018,0.46649,0.14158,0.53355,0.34638,0.57932,0.53689,0.74749,0.47497,0.82519,0.61309,0.85393,0.60357,1,0.95124,1,0.95601,0.85393,1,0.79967,0.94591,0.73996,0.70042,0.55762,0.75457,0.49388,0.67515,0.45135,0.50547,0.25126,0.56323,0.20366,0.43688,0.16171,0.71125,0.03988,0.54879,0,0.24915,0.15839,0.28886,0.24956,0.44771,0.46099,0.50186,0.56346,0.7293,0.74961,0.77984,0.84965],"triangles":[27,7,8,16,27,28,27,8,28,10,11,29,13,29,12,29,11,12,16,28,15,29,13,14,15,28,14,28,29,14,25,4,26,25,26,19,19,26,18,8,9,28,27,16,17,28,9,29,9,10,29,4,5,26,18,26,17,26,27,17,26,5,27,5,6,27,25,19,20,21,25,20,24,25,21,6,7,27,24,3,25,1,2,24,2,3,24,3,4,25,1,24,0,0,24,23,23,24,22,24,21,22],"weights":[1,27,0.99999,1,27,0.99999,1,27,1,2,27,0.88789,34,0.1121,2,27,0.32033,34,0.67966,2,34,0.51873,46,0.48126,2,34,0.00107,46,0.99892,1,46,1,2,46,0.53744,56,0.46255,1,56,1,1,56,1,1,56,1,1,56,1,1,56,1,2,46,0.01169,56,0.9883,2,46,0.43701,56,0.56298,1,46,1,2,34,0.1046,46,0.89539,2,34,0.54179,46,0.4582,2,27,0.44651,34,0.55348,2,27,0.95887,34,0.04112,1,27,1,1,27,1,1,27,1,1,27,1,2,27,0.5,34,0.5,2,34,0.5,46,0.5,1,46,1,2,46,0.5,56,0.5,1,56,1],"slotPose":[1,0,0,1,0,0],"bonePose":[27,-0.239211,0.970968,-0.970968,-0.239211,-77.061397,-505.144071,34,0.155745,0.987797,-0.987797,0.155745,-92.486692,-439.271534,46,0.202787,0.979223,-0.979223,0.202787,-83.187511,-383.438521,56,0.054776,0.998499,-0.998499,0.054776,-66.657297,-307.216969],"edges":[3,4,4,5,5,6,6,7,7,8,8,9,9,10,10,11,11,12,12,13,13,14,14,15,15,16,16,17,17,18,18,19,19,20,20,21,21,22,22,23,23,0,0,1,1,2,2,3],"userEdges":[23,24,24,25,25,26,26,27,27,28,28,29]}]},{"name":"UpArm_R","display":[{"name":"UpArm_R","transform":{"x":73.8,"y":-4.08,"skX":-87.41,"skY":-87.41}}]},{"name":"Leg_R","display":[{"name":"Leg_R","transform":{"x":21.18,"y":-0.23,"skX":-97.47,"skY":-97.47}}]},{"name":"Hair_R_01","display":[{"type":"mesh","name":"Hair_R_01","width":84,"height":105,"vertices":[-31.07,-527.11,-62.41,-508.88,-86.82,-475.27,-91.51,-448.61,-91.53,-434.22,-77.38,-427,-58.12,-422.14,-55.31,-442.52,-48.54,-468.03,-29.48,-495.85,-7.42,-509.52,-8.8,-526.45,-45.25,-503.06,-68.73,-470.15],"uvs":[0.71826,0,0.34541,0.1739,0.05541,0.49428,0,0.74837,0,0.88536,0.16865,0.95386,0.39788,1,0.43103,0.80582,0.51112,0.56277,0.7376,0.29763,1,0.16727,0.98341,0.00598,0.54979,0.22914,0.27084,0.54289],"triangles":[12,8,9,1,12,0,13,7,8,13,8,12,1,13,12,2,13,1,5,6,7,3,4,5,2,3,13,0,11,12,12,9,11,11,9,10,3,13,5,5,13,7],"weights":[1,22,1,2,22,0.10478,37,0.89521,2,37,0.4592,48,0.54079,1,48,1,1,48,1,1,48,0.99999,1,48,1,2,37,0.0066,48,0.99339,2,37,0.73822,48,0.26177,2,22,0.82265,37,0.17734,1,22,1,1,22,1,2,22,0.5,37,0.5,2,37,0.5,48,0.5],"slotPose":[1,0,0,1,0,0],"bonePose":[22,-0.846844,0.531842,-0.531842,-0.846844,-8.797214,-526.452751,37,-0.582549,0.812796,-0.812796,-0.582549,-45.250635,-503.062997,48,-0.198171,0.980168,-0.980168,-0.198171,-68.729925,-470.149232],"edges":[3,4,4,5,5,6,6,7,7,8,8,9,9,10,10,11,11,0,0,1,1,2,2,3],"userEdges":[11,12,12,13,13,5]}]},{"name":"Hair_L_03","display":[{"type":"mesh","name":"Hair_L_03","width":44,"height":136,"vertices":[25.34,-438.03,18.82,-422.01,26.16,-415.29,21.52,-394.1,23.17,-375,7.84,-364.12,11.38,-350.47,4.37,-329.3,5.44,-302.03,16.56,-302.01,26.66,-325.91,27.74,-343.75,42.22,-350.01,37.84,-368.69,46.89,-394.71,43.57,-414.43,48.49,-420.92,47.04,-438.01,35.09,-419.34,34.16,-394.6,29.67,-370.17,20.7,-347.24,13.81,-325.51],"uvs":[0.47345,0,0.32566,0.11778,0.49252,0.16714,0.38764,0.32293,0.42578,0.46329,0.07775,0.5435,0.1588,0.64375,0,0.79954,0.0253,1,0.27798,1,0.50683,0.82422,0.53066,0.69311,0.85963,0.64684,0.75951,0.50956,0.96451,0.3183,0.88823,0.17331,1,0.12557,0.96676,0,0.69557,0.13734,0.67526,0.31916,0.57369,0.49879,0.37056,0.66747,0.21483,0.82739],"triangles":[19,20,13,15,19,14,19,13,14,0,18,17,17,18,16,18,15,16,4,20,19,13,20,12,20,11,12,21,11,20,2,3,19,3,4,19,0,1,18,1,2,18,5,6,21,22,9,10,22,10,11,21,22,11,4,5,20,5,21,20,22,8,9,7,22,21,6,7,21,7,8,22,2,18,19,18,19,15],"weights":[1,16,1,1,16,1,1,16,1,1,16,1,3,16,0.70001,31,0.29949,51,0.00047,3,16,0.00291,31,0.77854,51,0.21854,2,31,0.21848,51,0.78151,1,51,1,1,51,1,1,51,1,1,51,1,2,31,0.0543,51,0.94569,2,31,0.74382,51,0.25617,3,16,0.47819,31,0.51475,51,0.00704,1,16,1,1,16,1,1,16,1,1,16,1,1,16,1,1,16,1,2,16,0.5,31,0.5,1,51,1,1,51,1],"slotPose":[1,0,0,1,0,0],"bonePose":[16,-0.096714,0.995312,-0.995312,-0.096714,36.342654,-439.157841,31,-0.364227,0.93131,-0.93131,-0.364227,29.669241,-370.169853,51,-0.308519,0.951218,-0.951218,-0.308519,20.70198,-347.240992],"edges":[7,8,8,9,9,10,10,11,11,12,12,13,13,14,14,15,15,16,16,17,17,0,0,1,1,2,2,3,3,4,4,5,5,6,6,7],"userEdges":[18,19,19,20,20,21,21,22,22,8]}]},{"name":"Head","display":[{"name":"Head","transform":{"x":77.6,"y":0.22,"skX":72,"skY":72}}]},{"name":"UpArm_L","display":[{"name":"UpArm_L","transform":{"x":32.1,"y":3.26,"skX":-44.5,"skY":-44.5}}]},{"name":"Dress","display":[{"name":"Dress","transform":{"x":14.35,"y":-163.09}}]},{"name":"Hair_R_02","display":[{"type":"mesh","name":"Hair_R_02","width":32,"height":96,"vertices":[-78.73,-484.13,-94.49,-457.3,-94.54,-421.27,-78.85,-388.14,-63.42,-388.12,-72.05,-420.69,-65.78,-451.05,-62.47,-472.1,-67.73,-484.13,-80.29,-453.55,-83.05,-420.84],"uvs":[0.49116,0.00017,0,0.27964,0,0.65509,0.49116,1,0.97388,1,0.70288,0.66074,0.89766,0.34457,1,0.12529,0.83523,0,0.44425,0.31869,0.35894,0.65935],"triangles":[9,10,5,9,5,6,9,6,7,2,10,9,10,2,3,1,9,0,1,2,9,0,8,9,8,9,7,3,10,4,5,10,4],"weights":[1,29,1,2,29,0.56117,40,0.43882,2,40,0.70402,47,0.29597,1,47,1,1,47,1,2,40,0.35066,47,0.64933,2,29,0.57742,40,0.42257,1,29,1,1,29,1,2,29,0.5,40,0.5,2,40,0.5,47,0.5],"slotPose":[1,0,0,1,0,0],"bonePose":[29,-0.381554,0.924346,-0.924346,-0.381554,-67.729445,-484.129876,40,-0.083156,0.996537,-0.996537,-0.083156,-80.288173,-453.548092,47,0.449631,0.893214,-0.893214,0.449631,-83.047252,-420.844257],"edges":[1,2,2,3,3,4,4,5,5,6,6,7,7,8,8,0,0,1],"userEdges":[8,9,9,10,10,4]}]},{"name":"Jian","display":[{"name":"Jian","transform":{"x":91.59,"y":-64.44,"skX":102.24,"skY":102.24}}]},{"name":"Hair_R_05","display":[{"type":"mesh","name":"Hair_R_05","width":164,"height":168,"vertices":[-108.93,-475.18,-128.29,-436.85,-160.07,-400.65,-201.54,-368.63,-259.68,-341.47,-245.82,-308.32,-206.82,-307.27,-173.98,-342.7,-132.85,-383.37,-105.18,-427.16,-95.48,-466.83,-98.97,-475.16,-117.47,-431.68,-147.78,-391.78,-189.76,-354.89],"uvs":[0.9179,0,0.8001,0.22817,0.60656,0.44379,0.35412,0.63477,0,0.797,0.08485,0.99415,0.32257,1,0.52241,0.78879,0.77275,0.54647,0.94104,0.28567,1,0.04956,0.97865,0,0.8661,0.25884,0.68162,0.49651,0.42605,0.71646],"triangles":[1,12,0,12,8,9,12,9,10,13,8,12,1,13,12,2,13,1,13,7,8,2,14,13,14,7,13,3,14,2,14,6,7,0,11,12,11,12,10,3,4,14,4,5,14,5,6,14],"weights":[1,23,1,2,23,0.44004,41,0.55995,1,52,0.99999,2,52,0.5266,57,0.47339,1,57,1,1,57,1,1,57,1,2,52,0.63971,57,0.36028,1,41,1,2,23,0.5912,41,0.40879,1,23,1,1,23,1,2,23,0.5,41,0.5,1,52,1,2,52,0.5,57,0.5],"slotPose":[1,0,0,1,0,0],"bonePose":[23,-0.393942,0.919135,-0.919135,-0.393942,-98.970565,-475.160828,41,-0.590887,0.806754,-0.806754,-0.590887,-117.474024,-431.684411,52,-0.754939,0.655796,-0.655796,-0.754939,-147.779355,-391.780102,57,-0.765146,0.643857,-0.643857,-0.765146,-189.763015,-354.886109],"edges":[4,5,5,6,6,7,7,8,8,9,9,10,10,11,11,0,0,1,1,2,2,3,3,4],"userEdges":[11,12,12,13,13,14,14,5]}]},{"name":"Hair_B","display":[{"type":"mesh","name":"Hair_B","width":345,"height":349,"vertices":[-106.97,-490.18,-164.53,-411.62,-208.57,-331.21,-238.75,-258.23,-238.83,-190.62,-147.25,-153.34,-37.06,-141.06,69.07,-140.91,106.19,-168.57,106.27,-230.77,68.62,-315.33,55.84,-380.93,44.44,-472.9,-4.21,-490.07,-17.85,-383.05,-14.57,-295.83,12.37,-202.49,-109.77,-400.05,-132.88,-299.35,-145.82,-226.35,-67.4,-210.03,-69.35,-287.11,-63.14,-390.54],"uvs":[0.38113,0,0.21458,0.22527,0.08722,0.45577,0,0.66497,0,0.85866,0.26552,0.96519,0.58491,1,0.89254,1,1,0.92064,1,0.74244,0.89058,0.50032,0.85335,0.31244,0.82004,0.04901,0.67896,0,0.63977,0.30663,0.64957,0.5565,0.72795,0.8238,0.37329,0.2582,0.30667,0.54681,0.26944,0.756,0.49673,0.80249,0.49086,0.58168,0.50849,0.28532],"triangles":[16,7,8,16,8,9,10,16,9,12,14,11,14,15,11,16,6,7,11,15,10,15,16,10,13,14,12,21,20,15,22,14,13,15,20,16,20,6,16,14,22,15,22,21,15,0,22,13,18,21,22,0,17,22,20,5,6,18,19,21,21,19,20,19,5,20,17,18,22,1,2,18,1,18,17,1,17,0,4,5,19,3,19,18,2,3,18,3,4,19],"weights":[2,17,0.94634,35,0.05365,3,17,0.35293,35,0.58791,45,0.05915,4,17,0.0259,35,0.58654,45,0.38239,58,0.00515,3,35,0.31502,45,0.6248,58,0.06017,3,35,0.19708,45,0.68008,58,0.12282,3,35,0.05511,45,0.53741,58,0.40747,1,58,1,3,35,0.01403,45,0.0485,58,0.93745,3,35,0.03266,45,0.07582,58,0.89151,4,17,0.00352,35,0.10939,45,0.15444,58,0.73263,4,17,0.14208,35,0.42186,45,0.17841,58,0.25763,4,17,0.56403,35,0.35676,45,0.03406,58,0.04512,2,17,0.98134,35,0.01865,1,17,1,4,17,0.48107,35,0.50151,45,0.00597,58,0.01142,4,17,0.04199,35,0.54426,45,0.27836,58,0.13537,3,35,0.02629,45,0.17537,58,0.79832,3,17,0.45324,35,0.52494,45,0.0218,4,17,0.0015,35,0.50025,45,0.49258,58,0.00565,3,35,0.18227,45,0.68527,58,0.13245,2,45,0.5,58,0.5,2,35,0.5,45,0.5,2,17,0.5,35,0.5],"slotPose":[1,0,0,1,0,0],"bonePose":[17,-0.500756,0.865589,-0.865589,-0.500756,-4.207467,-490.072009,35,-0.061397,0.998113,-0.998113,-0.061397,-63.137594,-390.543899,58,0.407852,0.913048,-0.913048,0.407852,-67.402412,-210.034024,45,0.029666,0.99956,-0.99956,0.029666,-69.349829,-287.110176],"edges":[3,4,4,5,5,6,6,7,7,8,8,9,9,10,10,11,11,12,12,13,13,0,0,1,1,2,2,3],"userEdges":[13,14,14,15,15,16,16,7,0,17,17,18,18,19,19,5,6,20,20,21,21,22]}]},{"name":"Head_01","display":[{"name":"Head_01","transform":{"x":49.07,"y":-13.24,"skX":71.72,"skY":71.72}}]},{"name":"Eye_C","display":[{"name":"Eye_C","transform":{"x":48.05,"y":14.5,"skX":72,"skY":72}}]},{"name":"Body_01","display":[{"name":"Body_01","transform":{"x":20.96,"y":-9.03,"skX":99.25,"skY":99.25}}]}]}],"animation":[{"duration":160,"name":"stand","bone":[{"name":"Body","translateFrame":[{"duration":40,"curve":[0.25,0,0.75,1]},{"duration":40,"curve":[0.25,0,0.75,1],"x":-2.68,"y":3.49},{"duration":40,"curve":[0.25,0,0.75,1]},{"duration":40,"curve":[0.25,0,0.75,1],"x":-2.68,"y":3.49},{"duration":0}],"rotateFrame":[{"duration":40,"curve":[0.25,0,0.75,1],"rotate":-1.18},{"duration":40,"curve":[0.25,0,0.75,1],"rotate":1.68},{"duration":40,"curve":[0.25,0,0.75,1],"rotate":-1.18},{"duration":40,"curve":[0.25,0,0.75,1],"rotate":1.68},{"duration":0,"rotate":-1.18}],"scaleFrame":[{"duration":40,"curve":[0.25,0,0.75,1]},{"duration":40,"curve":[0.25,0,0.75,1],"x":0.99,"y":1.01},{"duration":40,"curve":[0.25,0,0.75,1]},{"duration":40,"curve":[0.25,0,0.75,1],"x":0.99,"y":1.01},{"duration":0}]},{"name":"spine","rotateFrame":[{"duration":4,"curve":[0.359,0.64,0.695,1],"rotate":1.38},{"duration":40,"curve":[0.25,0,0.75,1],"rotate":1.27},{"duration":40,"curve":[0.25,0,0.75,1],"rotate":1.56},{"duration":40,"curve":[0.25,0,0.75,1],"rotate":1.27},{"duration":36,"curve":[0.25,0,0.75,1],"rotate":1.56},{"duration":0,"rotate":1.38}]},{"name":"neck","rotateFrame":[{"duration":8,"curve":[0.374,0.61,0.715,1],"rotate":-1.63},{"duration":40,"curve":[0.25,0,0.75,1],"rotate":-1.94},{"duration":40,"curve":[0.25,0,0.75,1],"rotate":-0.75},{"duration":40,"curve":[0.25,0,0.75,1],"rotate":-1.94},{"duration":32,"curve":[0.25,0,0.75,1],"rotate":-0.75},{"duration":0,"rotate":-1.63}]},{"name":"Head","rotateFrame":[{"duration":12,"curve":[0.381,0.58,0.731,1],"rotate":-1.95},{"duration":40,"curve":[0.25,0,0.75,1],"rotate":-2.54},{"duration":40,"curve":[0.25,0,0.75,1],"rotate":-1.42},{"duration":40,"curve":[0.25,0,0.75,1],"rotate":-2.54},{"duration":28,"curve":[0.25,0,0.75,1],"rotate":-1.42},{"duration":0,"rotate":-1.95}]},{"name":"Hair_R_01","rotateFrame":[{"duration":4,"curve":[0.359,0.64,0.695,1],"rotate":2.18},{"duration":40,"curve":[0.25,0,0.75,1],"rotate":2.43},{"duration":40,"curve":[0.25,0,0.75,1],"rotate":-3.5},{"duration":40,"curve":[0.25,0,0.75,1],"rotate":2.43},{"duration":36,"curve":[0.245,0,0.71,0.83],"rotate":-3.5},{"duration":0,"rotate":2.18}]},{"name":"Hair_R_1","rotateFrame":[{"duration":8,"curve":[0.374,0.61,0.715,1],"rotate":1.66},{"duration":40,"curve":[0.25,0,0.75,1],"rotate":2.43},{"duration":40,"curve":[0.25,0,0.75,1],"rotate":-3.5},{"duration":40,"curve":[0.25,0,0.75,1],"rotate":2.43},{"duration":32,"curve":[0.242,0,0.679,0.71],"rotate":-3.5},{"duration":0,"rotate":1.66}]},{"name":"Hair_R_2","rotateFrame":[{"duration":12,"curve":[0.381,0.58,0.731,1],"rotate":0.99},{"duration":40,"curve":[0.25,0,0.75,1],"rotate":2.43},{"duration":40,"curve":[0.25,0,0.75,1],"rotate":-3.5},{"duration":40,"curve":[0.25,0,0.75,1],"rotate":2.43},{"duration":28,"curve":[0.242,0,0.655,0.62],"rotate":-3.5},{"duration":0,"rotate":0.99}]},{"name":"Hair_L_01","rotateFrame":[{"duration":6,"curve":[0.368,0.62,0.706,1],"rotate":-2.56},{"duration":40,"curve":[0.25,0,0.75,1],"rotate":-2.98},{"duration":40,"curve":[0.25,0,0.75,1],"rotate":2},{"duration":40,"curve":[0.25,0,0.75,1],"rotate":-2.98},{"duration":34,"curve":[0.243,0,0.694,0.76],"rotate":2},{"duration":0,"rotate":-2.56}]},{"name":"Hair_L_1","rotateFrame":[{"duration":10,"curve":[0.379,0.6,0.724,1],"rotate":0.1},{"duration":40,"curve":[0.25,0,0.75,1],"rotate":-0.99},{"duration":40,"curve":[0.25,0,0.75,1],"rotate":4.96},{"duration":40,"curve":[0.25,0,0.75,1],"rotate":-0.99},{"duration":30,"curve":[0.242,0,0.666,0.66],"rotate":4.96},{"duration":0,"rotate":0.1}]},{"name":"Hair_L_2","rotateFrame":[{"duration":14,"curve":[0.382,0.56,0.737,1],"rotate":1.95},{"duration":40,"curve":[0.25,0,0.75,1],"rotate":-0.99},{"duration":40,"curve":[0.25,0,0.75,1],"rotate":8.68},{"duration":40,"curve":[0.25,0,0.75,1],"rotate":-0.99},{"duration":26,"curve":[0.243,0,0.645,0.58],"rotate":8.68},{"duration":0,"rotate":1.95}]},{"name":"Hair_B","rotateFrame":[{"duration":12,"curve":[0.381,0.58,0.731,1],"rotate":0.95},{"duration":40,"curve":[0.25,0,0.75,1],"rotate":1.69},{"duration":40,"curve":[0.25,0,0.75,1],"rotate":-1.34},{"duration":40,"curve":[0.25,0,0.75,1],"rotate":1.69},{"duration":28,"curve":[0.242,0,0.655,0.62],"rotate":-1.34},{"duration":0,"rotate":0.95}]},{"name":"Hair_B2","rotateFrame":[{"duration":14,"curve":[0.382,0.56,0.737,1],"rotate":0.76},{"duration":40,"curve":[0.25,0,0.75,1],"rotate":1.69},{"duration":40,"curve":[0.25,0,0.75,1],"rotate":-1.34},{"duration":40,"curve":[0.25,0,0.75,1],"rotate":1.69},{"duration":26,"curve":[0.243,0,0.645,0.58],"rotate":-1.34},{"duration":0,"rotate":0.76}]},{"name":"Hair_B3","rotateFrame":[{"duration":16,"curve":[0.381,0.54,0.742,1],"rotate":0.57},{"duration":40,"curve":[0.25,0,0.75,1],"rotate":1.69},{"duration":40,"curve":[0.25,0,0.75,1],"rotate":-1.34},{"duration":40,"curve":[0.25,0,0.75,1],"rotate":1.69},{"duration":24,"curve":[0.245,0,0.637,0.55],"rotate":-1.34},{"duration":0,"rotate":0.57}]},{"name":"Hair_B4","rotateFrame":[{"duration":18,"curve":[0.378,0.52,0.746,1],"rotate":0.37},{"duration":40,"curve":[0.25,0,0.75,1],"rotate":1.69},{"duration":40,"curve":[0.25,0,0.75,1],"rotate":-1.34},{"duration":40,"curve":[0.25,0,0.75,1],"rotate":1.69},{"duration":22,"curve":[0.247,0,0.63,0.52],"rotate":-1.34},{"duration":0,"rotate":0.37}]},{"name":"Hair_R_03","rotateFrame":[{"duration":40,"curve":[0.25,0,0.75,1],"rotate":3.09},{"duration":40,"curve":[0.25,0,0.75,1],"rotate":-1.6},{"duration":40,"curve":[0.25,0,0.75,1],"rotate":3.09},{"duration":40,"curve":[0.25,0,0.75,1],"rotate":-1.6},{"duration":0,"rotate":3.09}]},{"name":"Hair_R_3","rotateFrame":[{"duration":4,"curve":[0.359,0.64,0.695,1],"rotate":5.28},{"duration":40,"curve":[0.25,0,0.75,1],"rotate":5.48},{"duration":40,"curve":[0.25,0,0.75,1],"rotate":0.78},{"duration":40,"curve":[0.25,0,0.75,1],"rotate":5.48},{"duration":36,"curve":[0.245,0,0.71,0.83],"rotate":0.78},{"duration":0,"rotate":5.28}]},{"name":"Hair_R_4","rotateFrame":[{"duration":8,"curve":[0.374,0.61,0.715,1],"rotate":10.38},{"duration":40,"curve":[0.25,0,0.75,1],"rotate":11.66},{"duration":40,"curve":[0.25,0,0.75,1],"rotate":1.83},{"duration":40,"curve":[0.25,0,0.75,1],"rotate":11.66},{"duration":32,"curve":[0.242,0,0.679,0.71],"rotate":1.83},{"duration":0,"rotate":10.38}]},{"name":"Hair_R_5","rotateFrame":[{"duration":12,"curve":[0.381,0.58,0.731,1],"rotate":10.95},{"duration":40,"curve":[0.25,0,0.75,1],"rotate":15.89},{"duration":40,"curve":[0.25,0,0.75,1],"rotate":-4.49},{"duration":40,"curve":[0.25,0,0.75,1],"rotate":15.89},{"duration":28,"curve":[0.242,0,0.655,0.62],"rotate":-4.49},{"duration":0,"rotate":10.95}]},{"name":"Hair_R_04","rotateFrame":[{"duration":12,"curve":[0.381,0.58,0.731,1],"rotate":-0.17},{"duration":40,"curve":[0.25,0,0.75,1],"rotate":1.79},{"duration":40,"curve":[0.25,0,0.75,1],"rotate":-6.35},{"duration":40,"curve":[0.25,0,0.75,1],"rotate":1.79},{"duration":28,"curve":[0.242,0,0.655,0.62],"rotate":-6.35},{"duration":0,"rotate":-0.17}]},{"name":"Hair_R_6","rotateFrame":[{"duration":16,"curve":[0.381,0.54,0.742,1],"rotate":1.8},{"duration":40,"curve":[0.25,0,0.75,1],"rotate":4.8},{"duration":40,"curve":[0.25,0,0.75,1],"rotate":-3.35},{"duration":40,"curve":[0.25,0,0.75,1],"rotate":4.8},{"duration":24,"curve":[0.245,0,0.637,0.55],"rotate":-3.35},{"duration":0,"rotate":1.8}]},{"name":"Hair_R_7","rotateFrame":[{"duration":20,"curve":[0.375,0.5,0.75,1],"rotate":0.72},{"duration":40,"curve":[0.25,0,0.75,1],"rotate":4.8},{"duration":40,"curve":[0.25,0,0.75,1],"rotate":-3.35},{"duration":40,"curve":[0.25,0,0.75,1],"rotate":4.8},{"duration":20,"curve":[0.25,0,0.625,0.5],"rotate":-3.35},{"duration":0,"rotate":0.72}]},{"name":"Hair_L_02","rotateFrame":[{"duration":10,"curve":[0.379,0.6,0.724,1],"rotate":-7.58},{"duration":40,"curve":[0.25,0,0.75,1],"rotate":-9.19},{"duration":40,"curve":[0.25,0,0.75,1],"rotate":-0.45},{"duration":40,"curve":[0.25,0,0.75,1],"rotate":-9.19},{"duration":30,"curve":[0.242,0,0.666,0.66],"rotate":-0.45},{"duration":0,"rotate":-7.58}]},{"name":"Hair_L_3","rotateFrame":[{"duration":14,"curve":[0.382,0.56,0.737,1],"rotate":0.05},{"duration":40,"curve":[0.25,0,0.75,1],"rotate":-3.72},{"duration":40,"curve":[0.25,0,0.75,1],"rotate":8.68},{"duration":40,"curve":[0.25,0,0.75,1],"rotate":-3.72},{"duration":26,"curve":[0.243,0,0.645,0.58],"rotate":8.68},{"duration":0,"rotate":0.05}]},{"name":"Hair_R_05","rotateFrame":[{"duration":10,"curve":[0.379,0.6,0.724,1],"rotate":2.05},{"duration":40,"curve":[0.25,0,0.75,1],"rotate":2.98},{"duration":40,"curve":[0.25,0,0.75,1],"rotate":-2.05},{"duration":40,"curve":[0.25,0,0.75,1],"rotate":2.98},{"duration":30,"curve":[0.242,0,0.666,0.66],"rotate":-2.05},{"duration":0,"rotate":2.05}]},{"name":"Hair_R_8","rotateFrame":[{"duration":14,"curve":[0.382,0.56,0.737,1],"rotate":-4.55},{"duration":40,"curve":[0.25,0,0.75,1],"rotate":-2.59},{"duration":40,"curve":[0.25,0,0.75,1],"rotate":-9.03},{"duration":40,"curve":[0.25,0,0.75,1],"rotate":-2.59},{"duration":26,"curve":[0.243,0,0.645,0.58],"rotate":-9.03},{"duration":0,"rotate":-4.55}]},{"name":"Hair_R_9","rotateFrame":[{"duration":18,"curve":[0.378,0.52,0.746,1],"rotate":-1.1},{"duration":40,"curve":[0.25,0,0.75,1],"rotate":2.98},{"duration":40,"curve":[0.25,0,0.75,1],"rotate":-6.45},{"duration":40,"curve":[0.25,0,0.75,1],"rotate":2.98},{"duration":22,"curve":[0.247,0,0.63,0.52],"rotate":-6.45},{"duration":0,"rotate":-1.1}]},{"name":"Hair_R_10","rotateFrame":[{"duration":22,"curve":[0.369,0.47,0.752,1],"rotate":-3.5},{"duration":40,"curve":[0.25,0,0.75,1],"rotate":2.98},{"duration":40,"curve":[0.25,0,0.75,1],"rotate":-8.48},{"duration":40,"curve":[0.25,0,0.75,1],"rotate":2.98},{"duration":18,"curve":[0.253,0,0.621,0.47],"rotate":-8.48},{"duration":0,"rotate":-3.5}]},{"name":"Hair_R_02","rotateFrame":[{"duration":8,"curve":[0.374,0.61,0.715,1],"rotate":2.95},{"duration":40,"curve":[0.25,0,0.75,1],"rotate":4.15},{"duration":40,"curve":[0.25,0,0.75,1],"rotate":-5.06},{"duration":40,"curve":[0.25,0,0.75,1],"rotate":4.15},{"duration":32,"curve":[0.242,0,0.679,0.71],"rotate":-5.06},{"duration":0,"rotate":2.95}]},{"name":"Hair_R_11","rotateFrame":[{"duration":12,"curve":[0.381,0.58,0.731,1],"rotate":1.92},{"duration":40,"curve":[0.25,0,0.75,1],"rotate":4.15},{"duration":40,"curve":[0.25,0,0.75,1],"rotate":-5.05},{"duration":40,"curve":[0.25,0,0.75,1],"rotate":4.15},{"duration":28,"curve":[0.242,0,0.655,0.62],"rotate":-5.05},{"duration":0,"rotate":1.92}]},{"name":"Hair_R_12","rotateFrame":[{"duration":16,"curve":[0.381,0.54,0.742,1],"rotate":0.76},{"duration":40,"curve":[0.25,0,0.75,1],"rotate":4.15},{"duration":40,"curve":[0.25,0,0.75,1],"rotate":-5.05},{"duration":40,"curve":[0.25,0,0.75,1],"rotate":4.15},{"duration":24,"curve":[0.245,0,0.637,0.55],"rotate":-5.05},{"duration":0,"rotate":0.76}]},{"name":"Hair_L_04","rotateFrame":[{"duration":14,"curve":[0.382,0.56,0.737,1],"rotate":-1.65},{"duration":40,"curve":[0.25,0,0.75,1],"rotate":-4.77},{"duration":40,"curve":[0.25,0,0.75,1],"rotate":5.45},{"duration":40,"curve":[0.25,0,0.75,1],"rotate":-4.77},{"duration":26,"curve":[0.243,0,0.645,0.58],"rotate":5.45},{"duration":0,"rotate":-1.65}]},{"name":"Hair_L_4","rotateFrame":[{"duration":18,"curve":[0.378,0.52,0.746,1],"rotate":-0.33},{"duration":40,"curve":[0.25,0,0.75,1],"rotate":-4.77},{"duration":40,"curve":[0.25,0,0.75,1],"rotate":5.45},{"duration":40,"curve":[0.25,0,0.75,1],"rotate":-4.77},{"duration":22,"curve":[0.247,0,0.63,0.52],"rotate":5.45},{"duration":0,"rotate":-0.33}]},{"name":"Hair_L_5","rotateFrame":[{"duration":22,"curve":[0.369,0.47,0.752,1],"rotate":1.01},{"duration":40,"curve":[0.25,0,0.75,1],"rotate":-4.77},{"duration":40,"curve":[0.25,0,0.75,1],"rotate":5.45},{"duration":40,"curve":[0.25,0,0.75,1],"rotate":-4.77},{"duration":18,"curve":[0.253,0,0.621,0.47],"rotate":5.45},{"duration":0,"rotate":1.01}]},{"name":"Hair_L_03","rotateFrame":[{"duration":2,"curve":[0.348,0.65,0.682,1],"rotate":-9.81},{"duration":40,"curve":[0.25,0,0.75,1],"rotate":-10.04},{"duration":40,"curve":[0.25,0,0.75,1],"rotate":3.25},{"duration":40,"curve":[0.25,0,0.75,1],"rotate":-10.04},{"duration":38,"curve":[0.247,0,0.729,0.9],"rotate":3.25},{"duration":0,"rotate":-9.81}]},{"name":"Hair_L_6","rotateFrame":[{"duration":6,"curve":[0.368,0.62,0.706,1],"rotate":-5.82},{"duration":40,"curve":[0.25,0,0.75,1],"rotate":-6.92},{"duration":40,"curve":[0.25,0,0.75,1],"rotate":6.37},{"duration":40,"curve":[0.25,0,0.75,1],"rotate":-6.92},{"duration":34,"curve":[0.243,0,0.694,0.76],"rotate":6.37},{"duration":0,"rotate":-5.82}]},{"name":"Hair_L_7","rotateFrame":[{"duration":10,"curve":[0.379,0.6,0.724,1],"rotate":-9.3},{"duration":40,"curve":[0.25,0,0.75,1],"rotate":-14.03},{"duration":40,"curve":[0.25,0,0.75,1],"rotate":11.62},{"duration":40,"curve":[0.25,0,0.75,1],"rotate":-14.03},{"duration":30,"curve":[0.242,0,0.666,0.66],"rotate":11.62},{"duration":0,"rotate":-9.3}]},{"name":"Hand_R","rotateFrame":[{"duration":12,"curve":[0.381,0.58,0.731,1],"rotate":-0.35},{"duration":40,"curve":[0.25,0,0.75,1]},{"duration":40,"curve":[0.25,0,0.75,1],"rotate":-1.47},{"duration":40,"curve":[0.25,0,0.75,1]},{"duration":28,"curve":[0.242,0,0.655,0.62],"rotate":-1.47},{"duration":0,"rotate":-0.35}]},{"name":"UpArm_L","rotateFrame":[{"duration":6,"curve":[0.368,0.62,0.706,1],"rotate":-2.36},{"duration":40,"curve":[0.25,0,0.75,1],"rotate":-2.65},{"duration":40,"curve":[0.25,0,0.75,1],"rotate":0.8},{"duration":40,"curve":[0.25,0,0.75,1],"rotate":-2.65},{"duration":34,"curve":[0.243,0,0.694,0.76],"rotate":0.8},{"duration":0,"rotate":-2.36}]},{"name":"Arm_L","rotateFrame":[{"duration":8,"curve":[0.374,0.61,0.715,1],"rotate":1.18},{"duration":40,"curve":[0.25,0,0.75,1],"rotate":1.63},{"duration":40,"curve":[0.25,0,0.75,1],"rotate":-1.8},{"duration":40,"curve":[0.25,0,0.75,1],"rotate":1.63},{"duration":32,"curve":[0.242,0,0.679,0.71],"rotate":-1.8},{"duration":0,"rotate":1.18}]},{"name":"Xiuzi_L","rotateFrame":[{"duration":40,"curve":[0.25,0,0.75,1],"rotate":3.1},{"duration":40,"curve":[0.25,0,0.75,1],"rotate":4.31},{"duration":40,"curve":[0.25,0,0.75,1],"rotate":3.1},{"duration":40,"curve":[0.25,0,0.75,1],"rotate":4.31},{"duration":0,"rotate":3.1}],"scaleFrame":[{"duration":40,"curve":[0.25,0,0.75,1]},{"duration":40,"curve":[0.25,0,0.75,1],"x":0.95,"y":1.05},{"duration":40,"curve":[0.25,0,0.75,1]},{"duration":40,"curve":[0.25,0,0.75,1],"x":0.95,"y":1.05},{"duration":0}]},{"name":"Xiuzi_L2","rotateFrame":[{"duration":40,"curve":[0.25,0,0.75,1],"rotate":-7.02},{"duration":40,"curve":[0.25,0,0.75,1],"rotate":-8.2},{"duration":40,"curve":[0.25,0,0.75,1],"rotate":-7.02},{"duration":40,"curve":[0.25,0,0.75,1],"rotate":-8.2},{"duration":0,"rotate":-7.02}]},{"name":"Xiuzi_L3","rotateFrame":[{"duration":40,"curve":[0.25,0,0.75,1],"rotate":2.64},{"duration":40,"curve":[0.25,0,0.75,1],"rotate":1.9},{"duration":40,"curve":[0.25,0,0.75,1],"rotate":2.64},{"duration":40,"curve":[0.25,0,0.75,1],"rotate":1.9},{"duration":0,"rotate":2.64}],"scaleFrame":[{"duration":40,"curve":[0.25,0,0.75,1]},{"duration":40,"curve":[0.25,0,0.75,1],"x":0.9,"y":1.03},{"duration":40,"curve":[0.25,0,0.75,1]},{"duration":40,"curve":[0.25,0,0.75,1],"x":0.9,"y":1.03},{"duration":0}]},{"name":"Xiuzi_L4","rotateFrame":[{"duration":40,"curve":[0.25,0,0.75,1],"rotate":5.26},{"duration":40,"curve":[0.25,0,0.75,1],"rotate":6.72},{"duration":40,"curve":[0.25,0,0.75,1],"rotate":5.26},{"duration":40,"curve":[0.25,0,0.75,1],"rotate":6.72},{"duration":0,"rotate":5.26}]},{"name":"Xiuzi_L5","rotateFrame":[{"duration":40,"curve":[0.25,0,0.75,1],"rotate":25.21},{"duration":40,"curve":[0.25,0,0.75,1],"rotate":1.77},{"duration":40,"curve":[0.25,0,0.75,1],"rotate":25.21},{"duration":40,"curve":[0.25,0,0.75,1],"rotate":1.77},{"duration":0,"rotate":25.21}]},{"name":"Body_01","rotateFrame":[{"duration":10,"curve":[0.379,0.6,0.724,1],"rotate":0.34},{"duration":40,"curve":[0.25,0,0.75,1]},{"duration":40,"curve":[0.25,0,0.75,1],"rotate":1.85},{"duration":40,"curve":[0.25,0,0.75,1]},{"duration":30,"curve":[0.242,0,0.666,0.66],"rotate":1.85},{"duration":0,"rotate":0.34}],"scaleFrame":[{"duration":10,"curve":[0.379,0.6,0.724,1],"x":0.99,"y":1.01},{"duration":40,"curve":[0.25,0,0.75,1]},{"duration":40,"curve":[0.25,0,0.75,1],"x":0.97,"y":1.05},{"duration":40,"curve":[0.25,0,0.75,1]},{"duration":30,"curve":[0.242,0,0.666,0.66],"x":0.97,"y":1.05},{"duration":0,"x":0.99,"y":1.01}]},{"name":"Head_01","translateFrame":[{"duration":12,"curve":[0.381,0.58,0.731,1],"x":-0.18,"y":-0.1},{"duration":40,"curve":[0.25,0,0.75,1]},{"duration":40,"curve":[0.25,0,0.75,1],"x":-0.74,"y":-0.43},{"duration":40,"curve":[0.25,0,0.75,1]},{"duration":28,"curve":[0.242,0,0.655,0.62],"x":-0.74,"y":-0.43},{"duration":0,"x":-0.18,"y":-0.1}],"rotateFrame":[{"duration":12,"curve":[0.381,0.58,0.731,1],"rotate":0.64},{"duration":40,"curve":[0.25,0,0.75,1]},{"duration":40,"curve":[0.25,0,0.75,1],"rotate":2.65},{"duration":40,"curve":[0.25,0,0.75,1]},{"duration":28,"curve":[0.242,0,0.655,0.62],"rotate":2.65},{"duration":0,"rotate":0.64}]},{"name":"Leg_R","rotateFrame":[{"duration":14,"curve":[0.382,0.56,0.737,1],"rotate":-4.49},{"duration":40,"curve":[0.25,0,0.75,1],"rotate":-10.08},{"duration":40,"curve":[0.25,0,0.75,1],"rotate":5.78},{"duration":40,"curve":[0.25,0,0.75,1],"rotate":-10.08},{"duration":26,"curve":[0.25,0,0.75,1],"rotate":5.78},{"duration":0,"rotate":-4.49}]},{"name":"Leg_L","rotateFrame":[{"duration":18,"curve":[0.378,0.52,0.746,1],"rotate":-0.19},{"duration":40,"curve":[0.25,0,0.75,1],"rotate":-7.59},{"duration":40,"curve":[0.25,0,0.75,1],"rotate":7.78},{"duration":40,"curve":[0.25,0,0.75,1],"rotate":-7.59},{"duration":22,"curve":[0.25,0,0.75,1],"rotate":7.78},{"duration":0,"rotate":-0.19}]},{"name":"HDJ","rotateFrame":[{"duration":2,"curve":[0.348,0.65,0.682,1],"rotate":-0.13},{"duration":40,"curve":[0.25,0,0.75,1]},{"duration":40,"curve":[0.25,0,0.75,1],"rotate":-7.74},{"duration":40,"curve":[0.25,0,0.75,1]},{"duration":38,"curve":[0.247,0,0.729,0.9],"rotate":-7.74},{"duration":0,"rotate":-0.13}],"scaleFrame":[{"duration":2,"curve":[0.348,0.65,0.682,1]},{"duration":40,"curve":[0.25,0,0.75,1]},{"duration":40,"curve":[0.25,0,0.75,1],"x":0.95,"y":1.03},{"duration":40,"curve":[0.25,0,0.75,1]},{"duration":38,"curve":[0.247,0,0.729,0.9],"x":0.95,"y":1.03},{"duration":0}]},{"name":"Hand_R2","scaleFrame":[{"duration":40,"curve":[0.25,0,0.75,1]},{"duration":40,"curve":[0.25,0,0.75,1],"x":0.98,"y":1.02},{"duration":40,"curve":[0.25,0,0.75,1]},{"duration":40,"curve":[0.25,0,0.75,1],"x":0.98,"y":1.02},{"duration":0}]},{"name":"Xiuzi_R4","rotateFrame":[{"duration":40,"curve":[0.25,0,0.75,1],"rotate":6.87},{"duration":40,"curve":[0.25,0,0.75,1],"rotate":25.37},{"duration":40,"curve":[0.25,0,0.75,1],"rotate":6.87},{"duration":40,"curve":[0.25,0,0.75,1],"rotate":25.37},{"duration":0,"rotate":6.87}]},{"name":"Xiuzi_R","rotateFrame":[{"duration":40,"curve":[0.25,0,0.75,1],"rotate":3.36},{"duration":40,"curve":[0.25,0,0.75,1],"rotate":-2.15},{"duration":40,"curve":[0.25,0,0.75,1],"rotate":3.36},{"duration":40,"curve":[0.25,0,0.75,1],"rotate":-2.15},{"duration":0,"rotate":3.36}]},{"name":"Xiuzi_R2","rotateFrame":[{"duration":40,"curve":[0.25,0,0.75,1],"rotate":6.11},{"duration":40,"curve":[0.25,0,0.75,1],"rotate":-5.55},{"duration":40,"curve":[0.25,0,0.75,1],"rotate":6.11},{"duration":40,"curve":[0.25,0,0.75,1],"rotate":-5.55},{"duration":0,"rotate":6.11}]},{"name":"Xiuzi_R3","rotateFrame":[{"duration":40,"curve":[0.25,0,0.75,1],"rotate":0.85},{"duration":40,"curve":[0.25,0,0.75,1],"rotate":15.7},{"duration":40,"curve":[0.25,0,0.75,1],"rotate":0.85},{"duration":40,"curve":[0.25,0,0.75,1],"rotate":15.7},{"duration":0,"rotate":0.85}]},{"name":"Toy","translateFrame":[{"duration":40,"curve":[0.25,0,0.75,1]},{"duration":40,"curve":[0.25,0,0.75,1],"x":-1.28,"y":-0.25},{"duration":40,"curve":[0.25,0,0.75,1]},{"duration":40,"curve":[0.25,0,0.75,1],"x":-1.28,"y":-0.25},{"duration":0}],"scaleFrame":[{"duration":40,"curve":[0.25,0,0.75,1]},{"duration":40,"curve":[0.25,0,0.75,1],"x":0.96,"y":1.03},{"duration":40,"curve":[0.25,0,0.75,1]},{"duration":40,"curve":[0.25,0,0.75,1],"x":0.96,"y":1.03},{"duration":0}]}],"slot":[{"name":"Eye_C","displayFrame":[{"duration":100,"value":-1},{"duration":3},{"duration":57,"value":-1}]}]}],"defaultActions":[{"gotoAndPlay":"stand"}]}]}