{"frameRate":30,"isGlobal":0,"armature":[{"defaultActions":[{"gotoAndPlay":"0000_gongji"}],"animation":[{"frame":[],"duration":20,"slot":[{"frame":[{"tweenEasing":null,"displayIndex":-1,"duration":20}],"name":"0_00003"},{"frame":[{"tweenEasing":null,"displayIndex":-1,"duration":20}],"name":"0_3"},{"frame":[{"tweenEasing":null,"displayIndex":-1,"duration":20}],"name":"daphiang1_eff/0_00000"},{"frame":[{"tweenEasing":0,"displayIndex":-1,"duration":10},{"tweenEasing":0,"duration":2},{"tweenEasing":0,"displayIndex":1,"duration":2},{"tweenEasing":0,"displayIndex":2,"duration":2},{"tweenEasing":0,"displayIndex":3,"duration":2},{"tweenEasing":0,"displayIndex":4,"duration":2},{"tweenEasing":null,"displayIndex":-1,"duration":0}],"name":"hong_fazhen_01_eff/hong_fazhen_01_eff_01"},{"frame":[{"tweenEasing":0,"displayIndex":-1,"duration":6},{"tweenEasing":0,"duration":2},{"tweenEasing":0,"displayIndex":1,"duration":2},{"tweenEasing":0,"displayIndex":2,"duration":2},{"tweenEasing":0,"displayIndex":3,"duration":2},{"tweenEasing":0,"displayIndex":4,"duration":2},{"tweenEasing":null,"displayIndex":-1,"duration":4}],"name":"hong_fazhen_01_eff/hong_fazhen_01_eff_1"},{"frame":[{"tweenEasing":0,"displayIndex":-1,"duration":4},{"tweenEasing":0,"duration":2},{"tweenEasing":0,"displayIndex":1,"duration":2},{"tweenEasing":0,"displayIndex":2,"duration":2},{"tweenEasing":0,"displayIndex":3,"duration":2},{"tweenEasing":0,"displayIndex":4,"duration":2},{"tweenEasing":null,"displayIndex":-1,"duration":6}],"name":"hong_fazhen_01_eff/hong_fazhen_01_eff_2"},{"frame":[{"tweenEasing":0,"displayIndex":-1,"duration":2},{"tweenEasing":0,"duration":2},{"tweenEasing":0,"displayIndex":1,"duration":2},{"tweenEasing":0,"displayIndex":2,"duration":2},{"tweenEasing":0,"displayIndex":3,"duration":2},{"tweenEasing":0,"displayIndex":4,"duration":2},{"tweenEasing":null,"displayIndex":-1,"duration":8}],"name":"hong_fazhen_01_eff/hong_fazhen_01_eff_3"},{"frame":[{"tweenEasing":0,"duration":2},{"tweenEasing":0,"displayIndex":1,"duration":2},{"tweenEasing":0,"displayIndex":2,"duration":2},{"tweenEasing":0,"displayIndex":3,"duration":2},{"tweenEasing":0,"displayIndex":4,"duration":2},{"tweenEasing":null,"displayIndex":-1,"duration":10}],"name":"hong_fazhen_01_eff/hong_fazhen_01_eff_4"},{"frame":[{"tweenEasing":null,"displayIndex":-1,"duration":20}],"name":"jianshe2_eff/0_00000"},{"frame":[{"tweenEasing":null,"displayIndex":-1,"duration":20}],"name":"jianshe2_eff/0_0"},{"frame":[{"tweenEasing":null,"displayIndex":-1,"duration":20}],"name":"jianshe2_eff/0_1"},{"frame":[{"tweenEasing":null,"displayIndex":-1,"duration":20}],"name":"jianshe2_eff/0_2"},{"frame":[{"tweenEasing":null,"displayIndex":-1,"duration":20}],"name":"jianshe_eff/0_00000"},{"frame":[{"tweenEasing":null,"displayIndex":-1,"duration":20}],"name":"shizixuli_eff/0_00000"},{"frame":[{"tweenEasing":0,"duration":10},{"tweenEasing":0,"duration":10},{"tweenEasing":null,"duration":0}],"name":"wj_054_sikai_eff_pz"},{"frame":[{"tweenEasing":null,"displayIndex":-1,"duration":20}],"name":"ys_guilian_eff/ys_guilian_eff_01"},{"frame":[{"tweenEasing":null,"displayIndex":-1,"duration":20}],"name":"ys_guilian_eff/ys_guilian_eff_02"},{"frame":[{"tweenEasing":null,"displayIndex":-1,"duration":20}],"name":"ys_guilian_eff/ys_guilian_eff_3"},{"frame":[{"tweenEasing":null,"displayIndex":-1,"duration":20}],"name":"ys_guilian_eff/ys_guilian_eff_03"}],"ffd":[],"bone":[{"frame":[{"duration":20,"transform":{"y":-55.735,"x":-122.05}}],"name":"jianshe_eff/0_00000"},{"frame":[{"duration":10,"transform":{"scY":1.346,"scX":1.346,"x":272.335}},{"duration":10,"transform":{"scY":1.346,"scX":1.346,"x":272.335}}],"name":"hong_fazhen_01_eff/hong_fazhen_01_eff_01"},{"frame":[{"duration":6,"transform":{"scY":1.164,"scX":1.164,"x":276.695}},{"duration":14,"transform":{"scY":1.164,"scX":1.164,"x":276.695}}],"name":"hong_fazhen_01_eff/hong_fazhen_01_eff_1"},{"frame":[{"duration":4,"transform":{"scY":0.943,"scX":0.943,"x":286.66}},{"duration":16,"transform":{"scY":0.943,"scX":0.943,"x":286.66}}],"name":"hong_fazhen_01_eff/hong_fazhen_01_eff_2"},{"frame":[{"duration":2,"transform":{"scY":0.83,"scX":0.83,"x":302.235}},{"duration":18,"transform":{"scY":0.83,"scX":0.83,"x":302.235}}],"name":"hong_fazhen_01_eff/hong_fazhen_01_eff_3"},{"frame":[{"duration":20,"transform":{"scY":0.653,"scX":0.653,"x":320.925}}],"name":"hong_fazhen_01_eff/hong_fazhen_01_eff_4"},{"frame":[{"duration":20,"transform":{"x":119.975}}],"name":"FUJI"},{"frame":[{"tweenEasing":0,"duration":10,"transform":{"scY":2.428,"y":-54,"scX":1.085,"x":-2}},{"duration":10,"transform":{"scY":2.428,"y":-54,"scX":5.634,"x":130.765}},{"duration":0,"transform":{"scY":2.428,"y":-54,"scX":5.634,"x":130.765}}],"name":"wj_054_sikai_eff_pz"},{"frame":[{"duration":20,"transform":{}}],"name":"root"},{"frame":[{"duration":20,"transform":{}}],"name":"0_3"},{"frame":[{"duration":20,"transform":{}}],"name":"0_00003"},{"frame":[{"duration":20,"transform":{}}],"name":"bone"},{"frame":[{"duration":20,"transform":{}}],"name":"daphiang1_eff/0_00000"},{"frame":[{"duration":20,"transform":{}}],"name":"jianshe2_eff/0_0"},{"frame":[{"duration":20,"transform":{}}],"name":"jianshe2_eff/0_1"},{"frame":[{"duration":20,"transform":{}}],"name":"jianshe2_eff/0_2"},{"frame":[{"duration":20,"transform":{}}],"name":"shizixuli_eff/0_00000"},{"frame":[{"duration":20,"transform":{}}],"name":"jianshe2_eff/0_00000"},{"frame":[{"duration":20,"transform":{}}],"name":"ys_guilian_eff/ys_guilian_eff_01"},{"frame":[{"duration":20,"transform":{}}],"name":"ys_guilian_eff/ys_guilian_eff_02"},{"frame":[{"duration":20,"transform":{}}],"name":"ys_guilian_eff/ys_guilian_eff_03"},{"frame":[{"duration":20,"transform":{}}],"name":"ys_guilian_eff/ys_guilian_eff_3"}],"name":"0000_gongji","ik":[]},{"frame":[],"duration":60,"slot":[{"frame":[{"tweenEasing":null,"duration":30,"color":{"aM":0}},{"tweenEasing":0,"duration":1,"color":{"aM":0}},{"tweenEasing":null,"duration":3},{"tweenEasing":0,"duration":1},{"tweenEasing":null,"duration":25,"color":{"aM":0}}],"name":"0_00003"},{"frame":[{"tweenEasing":null,"duration":30,"color":{"aM":0}},{"tweenEasing":0,"duration":1,"color":{"aM":0}},{"tweenEasing":null,"duration":3},{"tweenEasing":0,"duration":1},{"tweenEasing":null,"duration":25,"color":{"aM":0}}],"name":"0_3"},{"frame":[{"tweenEasing":0,"displayIndex":-1,"duration":30},{"tweenEasing":0,"duration":2},{"tweenEasing":0,"displayIndex":1,"duration":2},{"tweenEasing":0,"displayIndex":2,"duration":2},{"tweenEasing":0,"displayIndex":3,"duration":2},{"tweenEasing":0,"displayIndex":4,"duration":2},{"tweenEasing":null,"displayIndex":-1,"duration":20}],"name":"daphiang1_eff/0_00000"},{"frame":[{"tweenEasing":null,"displayIndex":-1,"duration":60}],"name":"hong_fazhen_01_eff/hong_fazhen_01_eff_1"},{"frame":[{"tweenEasing":0,"displayIndex":-1,"duration":30},{"tweenEasing":0,"duration":2},{"tweenEasing":0,"displayIndex":1,"duration":2},{"tweenEasing":0,"displayIndex":2,"duration":2},{"tweenEasing":0,"displayIndex":3,"duration":2},{"tweenEasing":0,"displayIndex":4,"duration":2},{"tweenEasing":null,"displayIndex":-1,"duration":20}],"name":"hong_fazhen_01_eff/hong_fazhen_01_eff_01"},{"frame":[{"tweenEasing":null,"displayIndex":-1,"duration":60}],"name":"hong_fazhen_01_eff/hong_fazhen_01_eff_2"},{"frame":[{"tweenEasing":null,"displayIndex":-1,"duration":60}],"name":"hong_fazhen_01_eff/hong_fazhen_01_eff_3"},{"frame":[{"tweenEasing":null,"displayIndex":-1,"duration":60}],"name":"hong_fazhen_01_eff/hong_fazhen_01_eff_4"},{"frame":[{"tweenEasing":0,"displayIndex":-1,"duration":30},{"tweenEasing":0,"displayIndex":-1,"duration":10},{"tweenEasing":0,"duration":2},{"tweenEasing":0,"displayIndex":1,"duration":2},{"tweenEasing":0,"displayIndex":2,"duration":2},{"tweenEasing":0,"displayIndex":3,"duration":2},{"tweenEasing":0,"displayIndex":4,"duration":2},{"tweenEasing":null,"displayIndex":-1,"duration":10}],"name":"jianshe2_eff/0_00000"},{"frame":[{"tweenEasing":0,"displayIndex":-1,"duration":30},{"tweenEasing":0,"displayIndex":-1,"duration":15},{"tweenEasing":0,"duration":2},{"tweenEasing":0,"displayIndex":1,"duration":2},{"tweenEasing":0,"displayIndex":2,"duration":2},{"tweenEasing":0,"displayIndex":3,"duration":2},{"tweenEasing":0,"displayIndex":4,"duration":2},{"tweenEasing":null,"displayIndex":-1,"duration":5}],"name":"jianshe2_eff/0_0"},{"frame":[{"tweenEasing":0,"displayIndex":-1,"duration":30},{"tweenEasing":0,"displayIndex":-1,"duration":5},{"tweenEasing":0,"duration":2},{"tweenEasing":0,"displayIndex":1,"duration":2},{"tweenEasing":0,"displayIndex":2,"duration":2},{"tweenEasing":0,"displayIndex":3,"duration":2},{"tweenEasing":0,"displayIndex":4,"duration":2},{"tweenEasing":null,"displayIndex":-1,"duration":15}],"name":"jianshe2_eff/0_1"},{"frame":[{"tweenEasing":null,"displayIndex":-1,"duration":60}],"name":"jianshe2_eff/0_2"},{"frame":[{"tweenEasing":0,"displayIndex":-1,"duration":30},{"tweenEasing":0,"displayIndex":-1,"duration":2},{"tweenEasing":0,"duration":3},{"tweenEasing":0,"displayIndex":1,"duration":3},{"tweenEasing":0,"displayIndex":2,"duration":1},{"tweenEasing":0,"displayIndex":2,"duration":2},{"tweenEasing":0,"displayIndex":3,"duration":3},{"tweenEasing":0,"displayIndex":4,"duration":3},{"tweenEasing":null,"displayIndex":-1,"duration":13}],"name":"jianshe_eff/0_00000"},{"frame":[{"tweenEasing":0,"duration":3},{"tweenEasing":0,"displayIndex":1,"duration":3},{"tweenEasing":0,"displayIndex":2,"duration":3},{"tweenEasing":0,"displayIndex":3,"duration":3},{"tweenEasing":0,"displayIndex":4,"duration":3},{"tweenEasing":0,"displayIndex":5,"duration":3},{"tweenEasing":0,"displayIndex":6,"duration":10,"color":{"aM":32}},{"tweenEasing":0,"displayIndex":6,"duration":2,"color":{"aM":0}},{"tweenEasing":0,"displayIndex":-1,"duration":2},{"tweenEasing":0,"duration":3},{"tweenEasing":0,"displayIndex":1,"duration":3},{"tweenEasing":0,"displayIndex":2,"duration":3},{"tweenEasing":0,"displayIndex":3,"duration":3},{"tweenEasing":0,"displayIndex":4,"duration":3},{"tweenEasing":0,"displayIndex":5,"duration":3},{"tweenEasing":0,"displayIndex":6,"duration":10,"color":{"aM":32}},{"tweenEasing":null,"displayIndex":6,"duration":0,"color":{"aM":0}}],"name":"shizixuli_eff/0_00000"},{"frame":[{"curve":[0,1,0.75,1],"duration":10,"color":{"aM":0}},{"tweenEasing":null,"duration":20},{"tweenEasing":null,"duration":5},{"tweenEasing":0,"duration":10},{"tweenEasing":null,"duration":15,"color":{"aM":0}}],"name":"ys_guilian_eff/ys_guilian_eff_01"},{"frame":[{"curve":[0,1,0.75,1],"duration":10,"color":{"aM":0}},{"tweenEasing":null,"duration":20},{"tweenEasing":null,"duration":5},{"tweenEasing":0,"duration":10},{"tweenEasing":null,"duration":15,"color":{"aM":0}}],"name":"ys_guilian_eff/ys_guilian_eff_02"},{"frame":[{"tweenEasing":0,"duration":5,"color":{"aM":0}},{"tweenEasing":null,"duration":10},{"tweenEasing":0,"duration":5},{"tweenEasing":null,"duration":40,"color":{"aM":0}}],"name":"ys_guilian_eff/ys_guilian_eff_3"},{"frame":[{"tweenEasing":0,"duration":5,"color":{"aM":0}},{"tweenEasing":null,"duration":10},{"tweenEasing":0,"duration":5},{"tweenEasing":null,"duration":40,"color":{"aM":0}}],"name":"ys_guilian_eff/ys_guilian_eff_03"}],"ffd":[],"bone":[{"frame":[{"duration":26,"transform":{"y":-55.34,"x":-122.84}},{"duration":4,"transform":{"y":-55.34,"x":-122.84}},{"tweenEasing":0,"duration":2,"transform":{"y":-55.34,"x":-122.84}},{"duration":28,"transform":{"scY":2,"y":-55.34,"scX":2,"x":-122.84}}],"name":"jianshe_eff/0_00000"},{"frame":[{"duration":30,"transform":{"y":51.69,"skX":-330,"skY":-330,"x":-533.555}},{"tweenEasing":0,"duration":5,"transform":{"y":51.69,"skX":-330,"skY":-330,"x":-533.555}},{"duration":25,"transform":{"scY":0.503,"y":290.2,"skX":-330,"skY":-330,"scX":1.485,"x":-120.235}}],"name":"0_00003"},{"frame":[{"duration":30,"transform":{"y":222.455,"skX":-30,"skY":-30,"x":-529.93}},{"tweenEasing":0,"duration":5,"transform":{"y":222.455,"skX":-30,"skY":-30,"x":-529.93}},{"duration":25,"transform":{"scY":0.504,"y":-19.11,"skX":-30,"skY":-30,"scX":1.43,"x":-111.58}}],"name":"0_3"},{"frame":[{"tweenEasing":0,"duration":28,"transform":{"scY":2,"y":-166.88,"scX":2,"x":-128.245}},{"duration":2,"transform":{"scY":1.066,"y":-166.88,"scX":1.066,"x":-128.245}},{"tweenEasing":0,"duration":2,"transform":{"y":-166.88,"x":-128.245}},{"duration":28,"transform":{"scY":2,"y":-166.88,"scX":2,"x":-128.245}}],"name":"shizixuli_eff/0_00000"},{"frame":[{"duration":30,"transform":{"y":15,"x":-180.5}},{"tweenEasing":0,"duration":10,"transform":{"y":15,"x":-180.5}},{"duration":20,"transform":{"y":-3.495,"x":-206}}],"name":"jianshe2_eff/0_00000"},{"frame":[{"duration":60,"transform":{"scY":0.893,"y":286.775,"scX":0.893,"x":-75.31}}],"name":"jianshe2_eff/0_2"},{"frame":[{"duration":30,"transform":{}},{"tweenEasing":0,"duration":15,"transform":{}},{"duration":15,"transform":{"scY":0.856,"y":189.2,"scX":0.856,"x":-42.505}}],"name":"jianshe2_eff/0_0"},{"frame":[{"duration":30,"transform":{"scY":0.654,"y":325.895,"scX":0.654,"x":-166.7}},{"duration":5,"transform":{"scY":0.654,"y":325.895,"scX":0.654,"x":-166.7}},{"duration":25,"transform":{"scY":0.654,"y":325.895,"scX":0.654,"x":-166.7}}],"name":"jianshe2_eff/0_1"},{"frame":[{"duration":25,"transform":{"y":26.99,"x":74.39}},{"tweenEasing":0,"duration":5,"transform":{"y":26.99,"x":74.39}},{"duration":30,"transform":{"y":37.49,"x":74.39}}],"name":"bone"},{"frame":[{"curve":[0,1,0.75,1],"duration":2,"transform":{"scY":2,"scX":2}},{"tweenEasing":0,"duration":2,"transform":{"scY":2.078,"scX":1.968}},{"tweenEasing":0,"duration":2,"transform":{"scY":2,"scX":2}},{"tweenEasing":0,"duration":2,"transform":{"scY":2.078,"scX":1.968}},{"tweenEasing":0,"duration":2,"transform":{"scY":2,"scX":2}},{"tweenEasing":0,"duration":2,"transform":{"scY":2.078,"scX":1.968}},{"tweenEasing":0,"duration":2,"transform":{"scY":2,"scX":2}},{"tweenEasing":0,"duration":2,"transform":{"scY":2.078,"scX":1.968}},{"tweenEasing":0,"duration":2,"transform":{"scY":2,"scX":2}},{"tweenEasing":0,"duration":2,"transform":{"scY":2.078,"scX":1.968}},{"tweenEasing":0,"duration":2,"transform":{"scY":2,"scX":2}},{"tweenEasing":0,"duration":2,"transform":{"scY":2.078,"scX":1.968}},{"tweenEasing":0,"duration":2,"transform":{"scY":2,"scX":2}},{"curve":[0.25,0,1,0.01],"duration":4,"transform":{"scY":2.078,"y":-4.31,"scX":1.968,"x":0.03}},{"tweenEasing":0,"duration":5,"transform":{"scY":2.078,"y":7.425,"scX":1.968,"x":-0.055}},{"duration":25,"transform":{"scY":2.216,"y":7.425,"scX":1.864,"x":-0.055}}],"name":"ys_guilian_eff/ys_guilian_eff_01"},{"frame":[{"curve":[0,1,0.75,1],"duration":2,"transform":{"scY":2,"scX":2}},{"tweenEasing":0,"duration":2,"transform":{"scY":2.046,"scX":1.827}},{"tweenEasing":0,"duration":2,"transform":{"scY":2,"scX":2}},{"tweenEasing":0,"duration":2,"transform":{"scY":2.046,"scX":1.827}},{"tweenEasing":0,"duration":2,"transform":{"scY":2,"scX":2}},{"tweenEasing":0,"duration":2,"transform":{"scY":2.046,"scX":1.827}},{"tweenEasing":0,"duration":2,"transform":{"scY":2,"scX":2}},{"tweenEasing":0,"duration":2,"transform":{"scY":2.046,"scX":1.827}},{"tweenEasing":0,"duration":2,"transform":{"scY":2,"scX":2}},{"tweenEasing":0,"duration":2,"transform":{"scY":2.046,"scX":1.827}},{"tweenEasing":0,"duration":2,"transform":{"scY":2,"scX":2}},{"tweenEasing":0,"duration":2,"transform":{"scY":2.046,"scX":1.827}},{"tweenEasing":0,"duration":2,"transform":{"scY":2,"scX":2}},{"curve":[0.25,0,1,0.01],"duration":4,"transform":{"scY":2.046,"y":6.315,"scX":1.827,"x":-0.175}},{"tweenEasing":0,"duration":5,"transform":{"scY":2.046,"y":-18.48,"scX":1.827,"x":0.52}},{"tweenEasing":0,"duration":10,"transform":{"scY":2.109,"y":-18.48,"scX":1.827,"x":0.52}},{"duration":15,"transform":{"scY":2.046,"y":-18.48,"scX":1.827,"x":0.52}}],"name":"ys_guilian_eff/ys_guilian_eff_02"},{"frame":[{"tweenEasing":0,"duration":5,"transform":{}},{"tweenEasing":0,"duration":15,"transform":{"scY":1.532,"scX":1.532}},{"duration":40,"transform":{"scY":1.126,"skX":-13.62,"skY":-13.62,"scX":1.126}}],"name":"ys_guilian_eff/ys_guilian_eff_3"},{"frame":[{"tweenEasing":0,"duration":5,"transform":{}},{"tweenEasing":0,"duration":15,"transform":{"scY":2.294,"scX":2.294}},{"duration":40,"transform":{"scY":1.717,"skX":-17.06,"skY":-17.06,"scX":1.717}}],"name":"ys_guilian_eff/ys_guilian_eff_03"},{"frame":[{"duration":30,"transform":{"scY":2,"y":-39.755,"scX":2,"x":-0.955}},{"duration":30,"transform":{"scY":2,"y":-39.755,"scX":2,"x":-0.955}}],"name":"daphiang1_eff/0_00000"},{"frame":[{"tweenEasing":0,"duration":30,"transform":{"y":47,"x":163.495}},{"duration":30,"transform":{"scY":3,"y":47,"scX":2,"x":163.495}}],"name":"hong_fazhen_01_eff/hong_fazhen_01_eff_01"},{"frame":[{"duration":60,"transform":{"y":-44.985}}],"name":"FUJI"},{"frame":[{"duration":60,"transform":{"scY":3.049,"y":-68.995,"scX":4.457}}],"name":"wj_054_sikai_eff_pz"},{"frame":[{"duration":60,"transform":{}}],"name":"root"},{"frame":[{"duration":60,"transform":{}}],"name":"hong_fazhen_01_eff/hong_fazhen_01_eff_1"},{"frame":[{"duration":60,"transform":{}}],"name":"hong_fazhen_01_eff/hong_fazhen_01_eff_3"},{"frame":[{"duration":60,"transform":{}}],"name":"hong_fazhen_01_eff/hong_fazhen_01_eff_4"},{"frame":[{"duration":60,"transform":{}}],"name":"hong_fazhen_01_eff/hong_fazhen_01_eff_2"}],"name":"0001_bisha_yanshi","ik":[]},{"frame":[],"duration":45,"slot":[{"frame":[{"tweenEasing":null,"duration":45,"color":{"aM":0}}],"name":"0_00003"},{"frame":[{"tweenEasing":null,"duration":45,"color":{"aM":0}}],"name":"0_3"},{"frame":[{"tweenEasing":null,"displayIndex":-1,"duration":45}],"name":"daphiang1_eff/0_00000"},{"frame":[{"tweenEasing":null,"displayIndex":-1,"duration":45}],"name":"hong_fazhen_01_eff/hong_fazhen_01_eff_1"},{"frame":[{"tweenEasing":null,"displayIndex":-1,"duration":45}],"name":"hong_fazhen_01_eff/hong_fazhen_01_eff_01"},{"frame":[{"tweenEasing":null,"displayIndex":-1,"duration":45}],"name":"hong_fazhen_01_eff/hong_fazhen_01_eff_2"},{"frame":[{"tweenEasing":null,"displayIndex":-1,"duration":45}],"name":"hong_fazhen_01_eff/hong_fazhen_01_eff_3"},{"frame":[{"tweenEasing":null,"displayIndex":-1,"duration":45}],"name":"hong_fazhen_01_eff/hong_fazhen_01_eff_4"},{"frame":[{"tweenEasing":null,"displayIndex":-1,"duration":45}],"name":"jianshe2_eff/0_00000"},{"frame":[{"tweenEasing":null,"displayIndex":-1,"duration":45}],"name":"jianshe2_eff/0_0"},{"frame":[{"tweenEasing":null,"displayIndex":-1,"duration":45}],"name":"jianshe2_eff/0_1"},{"frame":[{"tweenEasing":null,"displayIndex":-1,"duration":45}],"name":"jianshe2_eff/0_2"},{"frame":[{"tweenEasing":null,"displayIndex":-1,"duration":45}],"name":"jianshe_eff/0_00000"},{"frame":[{"tweenEasing":0,"duration":3},{"tweenEasing":0,"displayIndex":1,"duration":3},{"tweenEasing":0,"displayIndex":2,"duration":3},{"tweenEasing":0,"displayIndex":3,"duration":3},{"tweenEasing":0,"displayIndex":4,"duration":3},{"tweenEasing":0,"displayIndex":5,"duration":3},{"tweenEasing":0,"displayIndex":6,"duration":10,"color":{"aM":32}},{"tweenEasing":null,"displayIndex":6,"duration":17,"color":{"aM":0}}],"name":"shizixuli_eff/0_00000"},{"frame":[{"curve":[0,1,0.75,1],"duration":10,"color":{"aM":0}},{"tweenEasing":null,"duration":20},{"tweenEasing":null,"duration":5},{"tweenEasing":0,"duration":10},{"tweenEasing":null,"duration":0,"color":{"aM":0}}],"name":"ys_guilian_eff/ys_guilian_eff_01"},{"frame":[{"curve":[0,1,0.75,1],"duration":10,"color":{"aM":0}},{"tweenEasing":null,"duration":20},{"tweenEasing":null,"duration":5},{"tweenEasing":0,"duration":10},{"tweenEasing":null,"duration":0,"color":{"aM":0}}],"name":"ys_guilian_eff/ys_guilian_eff_02"},{"frame":[{"tweenEasing":0,"duration":5,"color":{"aM":0}},{"tweenEasing":null,"duration":10},{"tweenEasing":0,"duration":5},{"tweenEasing":null,"duration":25,"color":{"aM":0}}],"name":"ys_guilian_eff/ys_guilian_eff_3"},{"frame":[{"tweenEasing":0,"duration":5,"color":{"aM":0}},{"tweenEasing":null,"duration":10},{"tweenEasing":0,"duration":5},{"tweenEasing":null,"duration":25,"color":{"aM":0}}],"name":"ys_guilian_eff/ys_guilian_eff_03"}],"ffd":[],"bone":[{"frame":[{"duration":45,"transform":{"y":-55.34,"x":-122.84}}],"name":"jianshe_eff/0_00000"},{"frame":[{"duration":45,"transform":{"y":51.69,"skX":-330,"skY":-330,"x":-533.555}}],"name":"0_00003"},{"frame":[{"duration":45,"transform":{"y":222.455,"skX":-30,"skY":-30,"x":-529.93}}],"name":"0_3"},{"frame":[{"tweenEasing":0,"duration":28,"transform":{"scY":2,"y":-166.88,"scX":2,"x":-128.245}},{"duration":17,"transform":{"scY":1.066,"y":-166.88,"scX":1.066,"x":-128.245}}],"name":"shizixuli_eff/0_00000"},{"frame":[{"duration":45,"transform":{"y":15,"x":-180.5}}],"name":"jianshe2_eff/0_00000"},{"frame":[{"duration":45,"transform":{"scY":0.893,"y":286.775,"scX":0.893,"x":-75.31}}],"name":"jianshe2_eff/0_2"},{"frame":[{"duration":45,"transform":{}}],"name":"jianshe2_eff/0_0"},{"frame":[{"duration":45,"transform":{"scY":0.654,"y":325.895,"scX":0.654,"x":-166.7}}],"name":"jianshe2_eff/0_1"},{"frame":[{"duration":25,"transform":{"y":26.99,"x":74.39}},{"tweenEasing":0,"duration":5,"transform":{"y":26.99,"x":74.39}},{"duration":15,"transform":{"y":37.49,"x":74.39}}],"name":"bone"},{"frame":[{"curve":[0,1,0.75,1],"duration":2,"transform":{"scY":2,"scX":2}},{"tweenEasing":0,"duration":2,"transform":{"scY":2.078,"scX":1.968}},{"tweenEasing":0,"duration":2,"transform":{"scY":2,"scX":2}},{"tweenEasing":0,"duration":2,"transform":{"scY":2.078,"scX":1.968}},{"tweenEasing":0,"duration":2,"transform":{"scY":2,"scX":2}},{"tweenEasing":0,"duration":2,"transform":{"scY":2.078,"scX":1.968}},{"tweenEasing":0,"duration":2,"transform":{"scY":2,"scX":2}},{"tweenEasing":0,"duration":2,"transform":{"scY":2.078,"scX":1.968}},{"tweenEasing":0,"duration":2,"transform":{"scY":2,"scX":2}},{"tweenEasing":0,"duration":2,"transform":{"scY":2.078,"scX":1.968}},{"tweenEasing":0,"duration":2,"transform":{"scY":2,"scX":2}},{"tweenEasing":0,"duration":2,"transform":{"scY":2.078,"scX":1.968}},{"tweenEasing":0,"duration":2,"transform":{"scY":2,"scX":2}},{"curve":[0.25,0,1,0.01],"duration":4,"transform":{"scY":2.078,"y":-4.31,"scX":1.968,"x":0.03}},{"tweenEasing":0,"duration":5,"transform":{"scY":2.078,"y":7.425,"scX":1.968,"x":-0.055}},{"duration":10,"transform":{"scY":2.216,"y":7.425,"scX":1.864,"x":-0.055}}],"name":"ys_guilian_eff/ys_guilian_eff_01"},{"frame":[{"curve":[0,1,0.75,1],"duration":2,"transform":{"scY":2,"scX":2}},{"tweenEasing":0,"duration":2,"transform":{"scY":2.046,"scX":1.827}},{"tweenEasing":0,"duration":2,"transform":{"scY":2,"scX":2}},{"tweenEasing":0,"duration":2,"transform":{"scY":2.046,"scX":1.827}},{"tweenEasing":0,"duration":2,"transform":{"scY":2,"scX":2}},{"tweenEasing":0,"duration":2,"transform":{"scY":2.046,"scX":1.827}},{"tweenEasing":0,"duration":2,"transform":{"scY":2,"scX":2}},{"tweenEasing":0,"duration":2,"transform":{"scY":2.046,"scX":1.827}},{"tweenEasing":0,"duration":2,"transform":{"scY":2,"scX":2}},{"tweenEasing":0,"duration":2,"transform":{"scY":2.046,"scX":1.827}},{"tweenEasing":0,"duration":2,"transform":{"scY":2,"scX":2}},{"tweenEasing":0,"duration":2,"transform":{"scY":2.046,"scX":1.827}},{"tweenEasing":0,"duration":2,"transform":{"scY":2,"scX":2}},{"curve":[0.25,0,1,0.01],"duration":4,"transform":{"scY":2.046,"y":6.315,"scX":1.827,"x":-0.175}},{"tweenEasing":0,"duration":5,"transform":{"scY":2.046,"y":-18.48,"scX":1.827,"x":0.52}},{"tweenEasing":0,"duration":10,"transform":{"scY":2.109,"y":-18.48,"scX":1.827,"x":0.52}},{"duration":0,"transform":{"scY":2.046,"y":-18.48,"scX":1.827,"x":0.52}}],"name":"ys_guilian_eff/ys_guilian_eff_02"},{"frame":[{"tweenEasing":0,"duration":5,"transform":{}},{"tweenEasing":0,"duration":15,"transform":{"scY":1.532,"scX":1.532}},{"duration":25,"transform":{"scY":1.126,"skX":-13.62,"skY":-13.62,"scX":1.126}}],"name":"ys_guilian_eff/ys_guilian_eff_3"},{"frame":[{"tweenEasing":0,"duration":5,"transform":{}},{"tweenEasing":0,"duration":15,"transform":{"scY":2.294,"scX":2.294}},{"duration":25,"transform":{"scY":1.717,"skX":-17.06,"skY":-17.06,"scX":1.717}}],"name":"ys_guilian_eff/ys_guilian_eff_03"},{"frame":[{"duration":45,"transform":{"scY":2,"y":-39.755,"scX":2,"x":-0.955}}],"name":"daphiang1_eff/0_00000"},{"frame":[{"duration":45,"transform":{"y":47,"x":163.495}}],"name":"hong_fazhen_01_eff/hong_fazhen_01_eff_01"},{"frame":[{"duration":45,"transform":{"y":-44.985}}],"name":"FUJI"},{"frame":[{"duration":45,"transform":{"scY":3.049,"y":-68.995,"scX":4.457}}],"name":"wj_054_sikai_eff_pz"},{"frame":[{"duration":45,"transform":{}}],"name":"root"},{"frame":[{"duration":45,"transform":{}}],"name":"hong_fazhen_01_eff/hong_fazhen_01_eff_1"},{"frame":[{"duration":45,"transform":{}}],"name":"hong_fazhen_01_eff/hong_fazhen_01_eff_3"},{"frame":[{"duration":45,"transform":{}}],"name":"hong_fazhen_01_eff/hong_fazhen_01_eff_4"},{"frame":[{"duration":45,"transform":{}}],"name":"hong_fazhen_01_eff/hong_fazhen_01_eff_2"}],"name":"0002_bisha_qujian1","ik":[]},{"frame":[],"duration":30,"slot":[{"frame":[{"tweenEasing":0,"duration":1,"color":{"aM":0}},{"tweenEasing":null,"duration":3},{"tweenEasing":0,"duration":1},{"tweenEasing":null,"duration":25,"color":{"aM":0}}],"name":"0_00003"},{"frame":[{"tweenEasing":0,"duration":1,"color":{"aM":0}},{"tweenEasing":null,"duration":3},{"tweenEasing":0,"duration":1},{"tweenEasing":null,"duration":25,"color":{"aM":0}}],"name":"0_3"},{"frame":[{"tweenEasing":0,"duration":2},{"tweenEasing":0,"displayIndex":1,"duration":2},{"tweenEasing":0,"displayIndex":2,"duration":2},{"tweenEasing":0,"displayIndex":3,"duration":2},{"tweenEasing":0,"displayIndex":4,"duration":2},{"tweenEasing":null,"displayIndex":-1,"duration":20}],"name":"daphiang1_eff/0_00000"},{"frame":[{"tweenEasing":null,"displayIndex":-1,"duration":30}],"name":"hong_fazhen_01_eff/hong_fazhen_01_eff_1"},{"frame":[{"tweenEasing":0,"duration":2},{"tweenEasing":0,"displayIndex":1,"duration":2},{"tweenEasing":0,"displayIndex":2,"duration":2},{"tweenEasing":0,"displayIndex":3,"duration":2},{"tweenEasing":0,"displayIndex":4,"duration":2},{"tweenEasing":null,"displayIndex":-1,"duration":20}],"name":"hong_fazhen_01_eff/hong_fazhen_01_eff_01"},{"frame":[{"tweenEasing":null,"displayIndex":-1,"duration":30}],"name":"hong_fazhen_01_eff/hong_fazhen_01_eff_2"},{"frame":[{"tweenEasing":null,"displayIndex":-1,"duration":30}],"name":"hong_fazhen_01_eff/hong_fazhen_01_eff_3"},{"frame":[{"tweenEasing":null,"displayIndex":-1,"duration":30}],"name":"hong_fazhen_01_eff/hong_fazhen_01_eff_4"},{"frame":[{"tweenEasing":0,"displayIndex":-1,"duration":10},{"tweenEasing":0,"duration":2},{"tweenEasing":0,"displayIndex":1,"duration":2},{"tweenEasing":0,"displayIndex":2,"duration":2},{"tweenEasing":0,"displayIndex":3,"duration":2},{"tweenEasing":0,"displayIndex":4,"duration":2},{"tweenEasing":null,"displayIndex":-1,"duration":10}],"name":"jianshe2_eff/0_00000"},{"frame":[{"tweenEasing":0,"displayIndex":-1,"duration":15},{"tweenEasing":0,"duration":2},{"tweenEasing":0,"displayIndex":1,"duration":2},{"tweenEasing":0,"displayIndex":2,"duration":2},{"tweenEasing":0,"displayIndex":3,"duration":2},{"tweenEasing":0,"displayIndex":4,"duration":2},{"tweenEasing":null,"displayIndex":-1,"duration":5}],"name":"jianshe2_eff/0_0"},{"frame":[{"tweenEasing":0,"displayIndex":-1,"duration":5},{"tweenEasing":0,"duration":2},{"tweenEasing":0,"displayIndex":1,"duration":2},{"tweenEasing":0,"displayIndex":2,"duration":2},{"tweenEasing":0,"displayIndex":3,"duration":2},{"tweenEasing":0,"displayIndex":4,"duration":2},{"tweenEasing":null,"displayIndex":-1,"duration":15}],"name":"jianshe2_eff/0_1"},{"frame":[{"tweenEasing":null,"displayIndex":-1,"duration":30}],"name":"jianshe2_eff/0_2"},{"frame":[{"tweenEasing":0,"displayIndex":-1,"duration":2},{"tweenEasing":0,"duration":3},{"tweenEasing":0,"displayIndex":1,"duration":3},{"tweenEasing":0,"displayIndex":2,"duration":1},{"tweenEasing":0,"displayIndex":2,"duration":2},{"tweenEasing":0,"displayIndex":3,"duration":3},{"tweenEasing":0,"displayIndex":4,"duration":3},{"tweenEasing":null,"displayIndex":-1,"duration":13}],"name":"jianshe_eff/0_00000"},{"frame":[{"tweenEasing":0,"displayIndex":-1,"duration":2},{"tweenEasing":0,"duration":3},{"tweenEasing":0,"displayIndex":1,"duration":3},{"tweenEasing":0,"displayIndex":2,"duration":3},{"tweenEasing":0,"displayIndex":3,"duration":3},{"tweenEasing":0,"displayIndex":4,"duration":3},{"tweenEasing":0,"displayIndex":5,"duration":3},{"tweenEasing":0,"displayIndex":6,"duration":10,"color":{"aM":32}},{"tweenEasing":null,"displayIndex":6,"duration":0,"color":{"aM":0}}],"name":"shizixuli_eff/0_00000"},{"frame":[{"tweenEasing":null,"duration":5},{"tweenEasing":0,"duration":10},{"tweenEasing":null,"duration":15,"color":{"aM":0}}],"name":"ys_guilian_eff/ys_guilian_eff_01"},{"frame":[{"tweenEasing":null,"duration":5},{"tweenEasing":0,"duration":10},{"tweenEasing":null,"duration":15,"color":{"aM":0}}],"name":"ys_guilian_eff/ys_guilian_eff_02"},{"frame":[{"tweenEasing":null,"duration":30,"color":{"aM":0}}],"name":"ys_guilian_eff/ys_guilian_eff_3"},{"frame":[{"tweenEasing":null,"duration":30,"color":{"aM":0}}],"name":"ys_guilian_eff/ys_guilian_eff_03"}],"ffd":[],"bone":[{"frame":[{"tweenEasing":0,"duration":2,"transform":{"y":-55.34,"x":-122.84}},{"duration":28,"transform":{"scY":2,"y":-55.34,"scX":2,"x":-122.84}}],"name":"jianshe_eff/0_00000"},{"frame":[{"tweenEasing":0,"duration":5,"transform":{"y":51.69,"skX":-330,"skY":-330,"x":-533.555}},{"duration":25,"transform":{"scY":0.503,"y":290.2,"skX":-330,"skY":-330,"scX":1.485,"x":-120.235}}],"name":"0_00003"},{"frame":[{"tweenEasing":0,"duration":5,"transform":{"y":222.455,"skX":-30,"skY":-30,"x":-529.93}},{"duration":25,"transform":{"scY":0.504,"y":-19.11,"skX":-30,"skY":-30,"scX":1.43,"x":-111.58}}],"name":"0_3"},{"frame":[{"tweenEasing":0,"duration":2,"transform":{"y":-166.88,"x":-128.245}},{"duration":28,"transform":{"scY":2,"y":-166.88,"scX":2,"x":-128.245}}],"name":"shizixuli_eff/0_00000"},{"frame":[{"tweenEasing":0,"duration":10,"transform":{"y":15,"x":-180.5}},{"duration":20,"transform":{"y":-3.495,"x":-206}}],"name":"jianshe2_eff/0_00000"},{"frame":[{"duration":30,"transform":{"scY":0.893,"y":286.775,"scX":0.893,"x":-75.31}}],"name":"jianshe2_eff/0_2"},{"frame":[{"tweenEasing":0,"duration":15,"transform":{}},{"duration":15,"transform":{"scY":0.856,"y":189.2,"scX":0.856,"x":-42.505}}],"name":"jianshe2_eff/0_0"},{"frame":[{"duration":5,"transform":{"scY":0.654,"y":325.895,"scX":0.654,"x":-166.7}},{"duration":25,"transform":{"scY":0.654,"y":325.895,"scX":0.654,"x":-166.7}}],"name":"jianshe2_eff/0_1"},{"frame":[{"duration":30,"transform":{"y":37.49,"x":74.39}}],"name":"bone"},{"frame":[{"tweenEasing":0,"duration":5,"transform":{"scY":2.078,"y":7.425,"scX":1.968,"x":-0.055}},{"duration":25,"transform":{"scY":2.216,"y":7.425,"scX":1.864,"x":-0.055}}],"name":"ys_guilian_eff/ys_guilian_eff_01"},{"frame":[{"tweenEasing":0,"duration":5,"transform":{"scY":2.046,"y":-18.48,"scX":1.827,"x":0.52}},{"tweenEasing":0,"duration":10,"transform":{"scY":2.109,"y":-18.48,"scX":1.827,"x":0.52}},{"duration":15,"transform":{"scY":2.046,"y":-18.48,"scX":1.827,"x":0.52}}],"name":"ys_guilian_eff/ys_guilian_eff_02"},{"frame":[{"duration":30,"transform":{}}],"name":"ys_guilian_eff/ys_guilian_eff_3"},{"frame":[{"duration":30,"transform":{}}],"name":"ys_guilian_eff/ys_guilian_eff_03"},{"frame":[{"duration":30,"transform":{"scY":2,"y":-39.755,"scX":2,"x":-0.955}}],"name":"daphiang1_eff/0_00000"},{"frame":[{"duration":30,"transform":{"scY":3,"y":47,"scX":2,"x":163.495}}],"name":"hong_fazhen_01_eff/hong_fazhen_01_eff_01"},{"frame":[{"duration":30,"transform":{"y":-44.985}}],"name":"FUJI"},{"frame":[{"duration":30,"transform":{"scY":3.049,"y":-68.995,"scX":4.457}}],"name":"wj_054_sikai_eff_pz"},{"frame":[{"duration":30,"transform":{}}],"name":"root"},{"frame":[{"duration":30,"transform":{}}],"name":"hong_fazhen_01_eff/hong_fazhen_01_eff_1"},{"frame":[{"duration":30,"transform":{}}],"name":"hong_fazhen_01_eff/hong_fazhen_01_eff_3"},{"frame":[{"duration":30,"transform":{}}],"name":"hong_fazhen_01_eff/hong_fazhen_01_eff_4"},{"frame":[{"duration":30,"transform":{}}],"name":"hong_fazhen_01_eff/hong_fazhen_01_eff_2"}],"name":"0003_bisha_qujian2","ik":[]}],"type":"Armature","frameRate":30,"ik":[],"bone":[{"name":"root","transform":{}},{"transform":{},"name":"FUJI","parent":"root"},{"transform":{},"name":"wj_054_sikai_eff_pz","parent":"root"},{"length":97.5,"transform":{"y":-108.735,"x":333.935},"parent":"FUJI","name":"0_3"},{"length":97.5,"transform":{"y":-165.5,"x":333.935},"parent":"FUJI","name":"0_00003"},{"transform":{"y":-26.99,"x":-74.39},"name":"bone","parent":"FUJI"},{"length":35,"transform":{"y":-2.56,"skX":-90,"skY":-90,"x":-164.42},"parent":"FUJI","name":"hong_fazhen_01_eff/hong_fazhen_01_eff_01"},{"length":35,"transform":{"y":-2.56,"skX":-90,"skY":-90,"x":-228.315},"parent":"FUJI","name":"hong_fazhen_01_eff/hong_fazhen_01_eff_1"},{"length":49,"transform":{"y":-0.135,"skX":13.53,"skY":13.53,"x":0.875},"parent":"FUJI","name":"daphiang1_eff/0_00000"},{"length":35,"transform":{"y":-2.56,"skX":-90,"skY":-90,"x":-366.305},"parent":"FUJI","name":"hong_fazhen_01_eff/hong_fazhen_01_eff_3"},{"length":35,"transform":{"y":-2.56,"skX":-90,"skY":-90,"x":-439.715},"parent":"FUJI","name":"hong_fazhen_01_eff/hong_fazhen_01_eff_4"},{"length":35,"transform":{"y":-2.56,"skX":-90,"skY":-90,"x":-294.93},"parent":"FUJI","name":"hong_fazhen_01_eff/hong_fazhen_01_eff_2"},{"length":26,"transform":{"y":-177.935,"skX":0.37,"skY":0.37,"x":126.545},"parent":"FUJI","name":"jianshe2_eff/0_0"},{"length":26,"transform":{"y":-287.47,"skX":0.37,"skY":0.37,"x":127.2},"parent":"FUJI","name":"jianshe2_eff/0_1"},{"length":26,"transform":{"y":-400.37,"skX":0.37,"skY":0.37,"x":127.87},"parent":"FUJI","name":"jianshe2_eff/0_2"},{"length":26,"transform":{"y":55.34,"skX":90,"skY":90,"x":122.84},"parent":"FUJI","name":"jianshe_eff/0_00000"},{"length":46.5,"transform":{"y":166.88,"skX":-178.62,"skY":-178.62,"x":128.245},"parent":"FUJI","name":"shizixuli_eff/0_00000"},{"length":26,"transform":{"y":-69.66,"skX":0.37,"skY":0.37,"x":125.905},"parent":"FUJI","name":"jianshe2_eff/0_00000"},{"length":40.5,"transform":{"y":-7.255,"skX":-89.57,"skY":-89.57},"parent":"bone","name":"ys_guilian_eff/ys_guilian_eff_01"},{"length":10.5,"transform":{"y":16.33,"skX":91.63,"skY":91.63,"x":-0.905},"parent":"bone","name":"ys_guilian_eff/ys_guilian_eff_02"},{"transform":{"y":-8.865,"x":12.94},"name":"ys_guilian_eff/ys_guilian_eff_03","parent":"ys_guilian_eff/ys_guilian_eff_01"},{"transform":{"y":9.275,"x":13.375},"name":"ys_guilian_eff/ys_guilian_eff_3","parent":"ys_guilian_eff/ys_guilian_eff_01"}],"aabb":{"width":1003.345,"y":-462.6463285145093,"height":704.0075041560139,"x":-519.29},"skin":[{"slot":[{"display":[{"path":"0_00003","type":"image","name":"0_00003","transform":{"y":0.87,"x":0.12}}],"name":"0_3"},{"display":[{"path":"jianshe2_eff/0_00000","type":"image","name":"jianshe2_eff/0_00000","transform":{"y":0.225,"skX":-0.34,"skY":-0.34,"x":-0.205}},{"path":"jianshe2_eff/0_00001","type":"image","name":"jianshe2_eff/0_00001","transform":{"y":0.225,"skX":-0.34,"skY":-0.34,"x":-0.205}},{"path":"jianshe2_eff/0_00002","type":"image","name":"jianshe2_eff/0_00002","transform":{"y":0.225,"skX":-0.34,"skY":-0.34,"x":-0.205}},{"path":"jianshe2_eff/0_00003","type":"image","name":"jianshe2_eff/0_00003","transform":{"y":0.225,"skX":-0.34,"skY":-0.34,"x":-0.205}},{"path":"jianshe2_eff/0_00004","type":"image","name":"jianshe2_eff/0_00004","transform":{"y":0.225,"skX":-0.34,"skY":-0.34,"x":-0.205}}],"name":"jianshe2_eff/0_2"},{"display":[{"path":"shizixuli_eff/0_00000","type":"image","name":"shizixuli_eff/0_00000","transform":{"y":0.515,"skX":178.62,"skY":178.62,"x":0.165}},{"path":"shizixuli_eff/0_00001","type":"image","name":"shizixuli_eff/0_00001","transform":{"y":0.515,"skX":178.62,"skY":178.62,"x":0.165}},{"path":"shizixuli_eff/0_00002","type":"image","name":"shizixuli_eff/0_00002","transform":{"y":0.515,"skX":178.62,"skY":178.62,"x":0.165}},{"path":"shizixuli_eff/0_00003","type":"image","name":"shizixuli_eff/0_00003","transform":{"y":0.515,"skX":178.62,"skY":178.62,"x":0.165}},{"path":"shizixuli_eff/0_00004","type":"image","name":"shizixuli_eff/0_00004","transform":{"y":0.515,"skX":178.62,"skY":178.62,"x":0.165}},{"path":"shizixuli_eff/0_00005","type":"image","name":"shizixuli_eff/0_00005","transform":{"y":0.515,"skX":178.62,"skY":178.62,"x":0.165}},{"path":"shizixuli_eff/0_00006","type":"image","name":"shizixuli_eff/0_00006","transform":{"y":0.515,"skX":178.62,"skY":178.62,"x":0.165}}],"blendMode":"add","name":"shizixuli_eff/0_00000"},{"display":[{"path":"jianshe2_eff/0_00000","type":"image","name":"jianshe2_eff/0_00000","transform":{"y":0.225,"skX":-0.34,"skY":-0.34,"x":-0.205}},{"path":"jianshe2_eff/0_00001","type":"image","name":"jianshe2_eff/0_00001","transform":{"y":0.225,"skX":-0.34,"skY":-0.34,"x":-0.205}},{"path":"jianshe2_eff/0_00002","type":"image","name":"jianshe2_eff/0_00002","transform":{"y":0.225,"skX":-0.34,"skY":-0.34,"x":-0.205}},{"path":"jianshe2_eff/0_00003","type":"image","name":"jianshe2_eff/0_00003","transform":{"y":0.225,"skX":-0.34,"skY":-0.34,"x":-0.205}},{"path":"jianshe2_eff/0_00004","type":"image","name":"jianshe2_eff/0_00004","transform":{"y":0.225,"skX":-0.34,"skY":-0.34,"x":-0.205}}],"name":"jianshe2_eff/0_0"},{"display":[{"path":"wj_054_sikai_eff_pz","type":"image","name":"wj_054_sikai_eff_pz","transform":{"scY":10,"y":-2.5,"scX":10}}],"name":"wj_054_sikai_eff_pz"},{"display":[{"path":"hong_fazhen_01_eff/hong_fazhen_01_eff_01","type":"image","name":"hong_fazhen_01_eff/hong_fazhen_01_eff_01","transform":{"y":-4.575,"skX":90,"skY":90,"x":45.935}},{"path":"hong_fazhen_01_eff/hong_fazhen_01_eff_02","type":"image","name":"hong_fazhen_01_eff/hong_fazhen_01_eff_02","transform":{"y":-4.575,"skX":90,"skY":90,"x":45.935}},{"path":"hong_fazhen_01_eff/hong_fazhen_01_eff_03","type":"image","name":"hong_fazhen_01_eff/hong_fazhen_01_eff_03","transform":{"y":-4.575,"skX":90,"skY":90,"x":45.935}},{"path":"hong_fazhen_01_eff/hong_fazhen_01_eff_04","type":"image","name":"hong_fazhen_01_eff/hong_fazhen_01_eff_04","transform":{"y":-4.575,"skX":90,"skY":90,"x":45.935}},{"path":"hong_fazhen_01_eff/hong_fazhen_01_eff_05","type":"image","name":"hong_fazhen_01_eff/hong_fazhen_01_eff_05","transform":{"y":-4.575,"skX":90,"skY":90,"x":45.935}}],"name":"hong_fazhen_01_eff/hong_fazhen_01_eff_2"},{"display":[{"path":"hong_fazhen_01_eff/hong_fazhen_01_eff_01","type":"image","name":"hong_fazhen_01_eff/hong_fazhen_01_eff_01","transform":{"y":-4.575,"skX":90,"skY":90,"x":45.935}},{"path":"hong_fazhen_01_eff/hong_fazhen_01_eff_02","type":"image","name":"hong_fazhen_01_eff/hong_fazhen_01_eff_02","transform":{"y":-4.575,"skX":90,"skY":90,"x":45.935}},{"path":"hong_fazhen_01_eff/hong_fazhen_01_eff_03","type":"image","name":"hong_fazhen_01_eff/hong_fazhen_01_eff_03","transform":{"y":-4.575,"skX":90,"skY":90,"x":45.935}},{"path":"hong_fazhen_01_eff/hong_fazhen_01_eff_04","type":"image","name":"hong_fazhen_01_eff/hong_fazhen_01_eff_04","transform":{"y":-4.575,"skX":90,"skY":90,"x":45.935}},{"path":"hong_fazhen_01_eff/hong_fazhen_01_eff_05","type":"image","name":"hong_fazhen_01_eff/hong_fazhen_01_eff_05","transform":{"y":-4.575,"skX":90,"skY":90,"x":45.935}}],"name":"hong_fazhen_01_eff/hong_fazhen_01_eff_4"},{"display":[{"path":"hong_fazhen_01_eff/hong_fazhen_01_eff_01","type":"image","name":"hong_fazhen_01_eff/hong_fazhen_01_eff_01","transform":{"y":-4.575,"skX":90,"skY":90,"x":45.935}},{"path":"hong_fazhen_01_eff/hong_fazhen_01_eff_02","type":"image","name":"hong_fazhen_01_eff/hong_fazhen_01_eff_02","transform":{"y":-4.575,"skX":90,"skY":90,"x":45.935}},{"path":"hong_fazhen_01_eff/hong_fazhen_01_eff_03","type":"image","name":"hong_fazhen_01_eff/hong_fazhen_01_eff_03","transform":{"y":-4.575,"skX":90,"skY":90,"x":45.935}},{"path":"hong_fazhen_01_eff/hong_fazhen_01_eff_04","type":"image","name":"hong_fazhen_01_eff/hong_fazhen_01_eff_04","transform":{"y":-4.575,"skX":90,"skY":90,"x":45.935}},{"path":"hong_fazhen_01_eff/hong_fazhen_01_eff_05","type":"image","name":"hong_fazhen_01_eff/hong_fazhen_01_eff_05","transform":{"y":-4.575,"skX":90,"skY":90,"x":45.935}}],"name":"hong_fazhen_01_eff/hong_fazhen_01_eff_3"},{"display":[{"path":"daphiang1_eff/0_00000","type":"image","name":"daphiang1_eff/0_00000","transform":{"y":0.335,"skX":-13.54,"skY":-13.54,"x":-0.82}},{"path":"daphiang1_eff/0_00001","type":"image","name":"daphiang1_eff/0_00001","transform":{"y":0.335,"skX":-13.54,"skY":-13.54,"x":-0.82}},{"path":"daphiang1_eff/0_00002","type":"image","name":"daphiang1_eff/0_00002","transform":{"y":0.335,"skX":-13.54,"skY":-13.54,"x":-0.82}},{"path":"daphiang1_eff/0_00003","type":"image","name":"daphiang1_eff/0_00003","transform":{"y":0.335,"skX":-13.54,"skY":-13.54,"x":-0.82}},{"path":"daphiang1_eff/0_00004","type":"image","name":"daphiang1_eff/0_00004","transform":{"y":0.335,"skX":-13.54,"skY":-13.54,"x":-0.82}}],"blendMode":"add","name":"daphiang1_eff/0_00000"},{"display":[{"path":"jianshe_eff/0_00000","type":"image","name":"jianshe_eff/0_00000","transform":{"y":7.545,"skX":-90,"skY":-90,"x":1.14}},{"path":"jianshe_eff/0_00001","type":"image","name":"jianshe_eff/0_00001","transform":{"y":7.545,"skX":-90,"skY":-90,"x":1.14}},{"path":"jianshe_eff/0_00002","type":"image","name":"jianshe_eff/0_00002","transform":{"y":7.545,"skX":-90,"skY":-90,"x":1.14}},{"path":"jianshe_eff/0_00003","type":"image","name":"jianshe_eff/0_00003","transform":{"y":7.545,"skX":-90,"skY":-90,"x":1.14}},{"path":"jianshe_eff/0_00004","type":"image","name":"jianshe_eff/0_00004","transform":{"y":7.545,"skX":-90,"skY":-90,"x":1.14}}],"name":"jianshe_eff/0_00000"},{"display":[{"path":"0_00003","type":"image","name":"0_00003","transform":{"y":0.87,"x":0.12}}],"name":"0_00003"},{"display":[{"path":"jianshe2_eff/0_00000","type":"image","name":"jianshe2_eff/0_00000","transform":{"y":0.225,"skX":-0.34,"skY":-0.34,"x":-0.205}},{"path":"jianshe2_eff/0_00001","type":"image","name":"jianshe2_eff/0_00001","transform":{"y":0.225,"skX":-0.34,"skY":-0.34,"x":-0.205}},{"path":"jianshe2_eff/0_00002","type":"image","name":"jianshe2_eff/0_00002","transform":{"y":0.225,"skX":-0.34,"skY":-0.34,"x":-0.205}},{"path":"jianshe2_eff/0_00003","type":"image","name":"jianshe2_eff/0_00003","transform":{"y":0.225,"skX":-0.34,"skY":-0.34,"x":-0.205}},{"path":"jianshe2_eff/0_00004","type":"image","name":"jianshe2_eff/0_00004","transform":{"y":0.225,"skX":-0.34,"skY":-0.34,"x":-0.205}}],"name":"jianshe2_eff/0_1"},{"display":[{"path":"ys_guilian_eff/ys_guilian_eff_03","type":"image","name":"ys_guilian_eff/ys_guilian_eff_03","transform":{"y":0.005,"skX":89.57,"skY":89.57,"x":-0.905}}],"blendMode":"add","name":"ys_guilian_eff/ys_guilian_eff_3"},{"display":[{"path":"jianshe2_eff/0_00000","type":"image","name":"jianshe2_eff/0_00000","transform":{"y":0.225,"skX":-0.34,"skY":-0.34,"x":-0.205}},{"path":"jianshe2_eff/0_00001","type":"image","name":"jianshe2_eff/0_00001","transform":{"y":0.225,"skX":-0.34,"skY":-0.34,"x":-0.205}},{"path":"jianshe2_eff/0_00002","type":"image","name":"jianshe2_eff/0_00002","transform":{"y":0.225,"skX":-0.34,"skY":-0.34,"x":-0.205}},{"path":"jianshe2_eff/0_00003","type":"image","name":"jianshe2_eff/0_00003","transform":{"y":0.225,"skX":-0.34,"skY":-0.34,"x":-0.205}},{"path":"jianshe2_eff/0_00004","type":"image","name":"jianshe2_eff/0_00004","transform":{"y":0.225,"skX":-0.34,"skY":-0.34,"x":-0.205}}],"name":"jianshe2_eff/0_00000"},{"display":[{"path":"ys_guilian_eff/ys_guilian_eff_03","type":"image","name":"ys_guilian_eff/ys_guilian_eff_03","transform":{"y":0.05,"skX":89.57,"skY":89.57,"x":-0.815}}],"blendMode":"add","name":"ys_guilian_eff/ys_guilian_eff_03"},{"display":[{"path":"ys_guilian_eff/ys_guilian_eff_02","type":"image","name":"ys_guilian_eff/ys_guilian_eff_02","transform":{"y":-0.695,"skX":-91.61,"skY":-91.61,"x":4.64}}],"name":"ys_guilian_eff/ys_guilian_eff_02"},{"display":[{"path":"hong_fazhen_01_eff/hong_fazhen_01_eff_01","type":"image","name":"hong_fazhen_01_eff/hong_fazhen_01_eff_01","transform":{"y":-4.575,"skX":90,"skY":90,"x":45.935}},{"path":"hong_fazhen_01_eff/hong_fazhen_01_eff_02","type":"image","name":"hong_fazhen_01_eff/hong_fazhen_01_eff_02","transform":{"y":-4.575,"skX":90,"skY":90,"x":45.935}},{"path":"hong_fazhen_01_eff/hong_fazhen_01_eff_03","type":"image","name":"hong_fazhen_01_eff/hong_fazhen_01_eff_03","transform":{"y":-4.575,"skX":90,"skY":90,"x":45.935}},{"path":"hong_fazhen_01_eff/hong_fazhen_01_eff_04","type":"image","name":"hong_fazhen_01_eff/hong_fazhen_01_eff_04","transform":{"y":-4.575,"skX":90,"skY":90,"x":45.935}},{"path":"hong_fazhen_01_eff/hong_fazhen_01_eff_05","type":"image","name":"hong_fazhen_01_eff/hong_fazhen_01_eff_05","transform":{"y":-4.575,"skX":90,"skY":90,"x":45.935}}],"name":"hong_fazhen_01_eff/hong_fazhen_01_eff_1"},{"display":[{"path":"ys_guilian_eff/ys_guilian_eff_01","type":"image","name":"ys_guilian_eff/ys_guilian_eff_01","transform":{"y":0.42,"skX":89.57,"skY":89.57,"x":28.53}}],"name":"ys_guilian_eff/ys_guilian_eff_01"},{"display":[{"path":"hong_fazhen_01_eff/hong_fazhen_01_eff_01","type":"image","name":"hong_fazhen_01_eff/hong_fazhen_01_eff_01","transform":{"y":-4.575,"skX":90,"skY":90,"x":45.935}},{"path":"hong_fazhen_01_eff/hong_fazhen_01_eff_02","type":"image","name":"hong_fazhen_01_eff/hong_fazhen_01_eff_02","transform":{"y":-4.575,"skX":90,"skY":90,"x":45.935}},{"path":"hong_fazhen_01_eff/hong_fazhen_01_eff_03","type":"image","name":"hong_fazhen_01_eff/hong_fazhen_01_eff_03","transform":{"y":-4.575,"skX":90,"skY":90,"x":45.935}},{"path":"hong_fazhen_01_eff/hong_fazhen_01_eff_04","type":"image","name":"hong_fazhen_01_eff/hong_fazhen_01_eff_04","transform":{"y":-4.575,"skX":90,"skY":90,"x":45.935}},{"path":"hong_fazhen_01_eff/hong_fazhen_01_eff_05","type":"image","name":"hong_fazhen_01_eff/hong_fazhen_01_eff_05","transform":{"y":-4.575,"skX":90,"skY":90,"x":45.935}}],"name":"hong_fazhen_01_eff/hong_fazhen_01_eff_01"}],"name":""}],"slot":[{"name":"wj_054_sikai_eff_pz","parent":"wj_054_sikai_eff_pz","color":{}},{"z":1,"name":"hong_fazhen_01_eff/hong_fazhen_01_eff_01","parent":"hong_fazhen_01_eff/hong_fazhen_01_eff_01","color":{}},{"z":2,"name":"hong_fazhen_01_eff/hong_fazhen_01_eff_1","parent":"hong_fazhen_01_eff/hong_fazhen_01_eff_1","color":{}},{"z":3,"name":"hong_fazhen_01_eff/hong_fazhen_01_eff_2","parent":"hong_fazhen_01_eff/hong_fazhen_01_eff_2","color":{}},{"z":4,"name":"hong_fazhen_01_eff/hong_fazhen_01_eff_3","parent":"hong_fazhen_01_eff/hong_fazhen_01_eff_3","color":{}},{"z":5,"name":"hong_fazhen_01_eff/hong_fazhen_01_eff_4","parent":"hong_fazhen_01_eff/hong_fazhen_01_eff_4","color":{}},{"z":6,"name":"jianshe2_eff/0_00000","parent":"jianshe2_eff/0_00000","color":{}},{"z":7,"name":"jianshe2_eff/0_0","parent":"jianshe2_eff/0_0","color":{}},{"z":8,"name":"jianshe2_eff/0_1","parent":"jianshe2_eff/0_1","color":{}},{"z":9,"name":"jianshe2_eff/0_2","parent":"jianshe2_eff/0_2","color":{}},{"displayIndex":2,"z":10,"name":"jianshe_eff/0_00000","parent":"jianshe_eff/0_00000","color":{}},{"z":11,"name":"ys_guilian_eff/ys_guilian_eff_01","parent":"ys_guilian_eff/ys_guilian_eff_01","color":{}},{"z":12,"name":"ys_guilian_eff/ys_guilian_eff_02","parent":"ys_guilian_eff/ys_guilian_eff_02","color":{}},{"blendMode":"add","z":13,"parent":"ys_guilian_eff/ys_guilian_eff_03","name":"ys_guilian_eff/ys_guilian_eff_03","color":{}},{"blendMode":"add","z":14,"parent":"ys_guilian_eff/ys_guilian_eff_3","name":"ys_guilian_eff/ys_guilian_eff_3","color":{}},{"blendMode":"add","z":15,"parent":"shizixuli_eff/0_00000","name":"shizixuli_eff/0_00000","color":{}},{"z":16,"name":"0_00003","parent":"0_00003","color":{}},{"z":17,"name":"0_3","parent":"0_3","color":{}},{"blendMode":"add","z":18,"parent":"daphiang1_eff/0_00000","displayIndex":4,"name":"daphiang1_eff/0_00000","color":{}}],"name":"armatureName"}],"name":"wj_054_sikai_eff","version":"4.0"}