{"frameRate":60,"isGlobal":0,"armature":[{"bone":[{"name":"root","transform":{}},{"inheritScale":false,"transform":{},"name":"000_fuji","parent":"root"},{"inheritScale":false,"transform":{},"name":"008_leidian","parent":"root"},{"inheritScale":false,"transform":{},"name":"006_juese1","parent":"000_fuji"},{"inheritScale":false,"transform":{},"name":"000_biaoqian1","parent":"000_fuji"},{"inheritScale":false,"transform":{},"name":"001_biaoqian2","parent":"000_fuji"},{"inheritScale":false,"transform":{},"name":"007_juese2","parent":"000_fuji"},{"inheritScale":false,"transform":{},"name":"002_vs","parent":"000_fuji"}],"type":"Armature","frameRate":60,"animation":[{"bone":[{"frame":[{"tweenEasing":0,"transform":{},"duration":9},{"tweenEasing":0,"transform":{},"duration":1},{"tweenEasing":0,"transform":{},"duration":20},{"tweenEasing":0,"transform":{"scY":1.2,"scX":1.2},"duration":15},{"transform":{"scY":3,"scX":3},"duration":0}],"name":"008_leidian"},{"frame":[{"tweenEasing":0,"transform":{"scX":-1,"x":400},"duration":10},{"tweenEasing":0,"transform":{"scX":-1,"x":250},"duration":20},{"tweenEasing":0,"transform":{"scX":-1,"x":260},"duration":5},{"tweenEasing":0,"transform":{"scX":-1,"x":500},"duration":10},{"transform":{"scX":-1,"x":260},"duration":0}],"name":"007_juese2"},{"frame":[{"tweenEasing":0,"transform":{"x":-400},"duration":10},{"tweenEasing":0,"transform":{"x":-250},"duration":20},{"tweenEasing":0,"transform":{"x":-260},"duration":5},{"tweenEasing":0,"transform":{"x":-500},"duration":10},{"transform":{"x":-260},"duration":0}],"name":"006_juese1"},{"frame":[{"tweenEasing":0,"transform":{"scY":0.6,"scX":0.6},"duration":10},{"tweenEasing":0,"transform":{"scY":1.6,"scX":1.6},"duration":5},{"tweenEasing":0,"transform":{},"duration":7},{"tweenEasing":0,"transform":{"scY":1.2,"scX":1.2},"duration":8},{"tweenEasing":0,"transform":{},"duration":15},{"transform":{"scY":3,"scX":3},"duration":0}],"name":"002_vs"},{"frame":[{"tweenEasing":0,"transform":{"scY":1.8,"scX":2.2,"x":350},"duration":10},{"tweenEasing":0,"transform":{"scY":2.2,"scX":1.8,"x":210},"duration":20},{"tweenEasing":0,"transform":{"scY":2,"scX":2,"x":225},"duration":15},{"transform":{"scY":2,"scX":2,"x":500},"duration":0}],"name":"001_biaoqian2"},{"frame":[{"tweenEasing":0,"transform":{"scY":1.8,"scX":2.2,"x":-350},"duration":10},{"tweenEasing":0,"transform":{"scY":2.2,"scX":1.8,"x":-210},"duration":20},{"tweenEasing":0,"transform":{"scY":2,"scX":2,"x":-225},"duration":15},{"transform":{"scY":2,"scX":2,"x":-500},"duration":0}],"name":"000_biaoqian1"},{"frame":[{"tweenEasing":0,"transform":{"y":10},"duration":10},{"tweenEasing":0,"transform":{"y":-5},"duration":20},{"tweenEasing":0,"transform":{},"duration":15},{"transform":{},"duration":0}],"name":"000_fuji"},{"frame":[{"transform":{},"duration":45}],"name":"root"}],"slot":[{"frame":[{"displayIndex":-1,"tweenEasing":0,"duration":9},{"displayIndex":-1,"tweenEasing":0,"duration":1},{"tweenEasing":0,"duration":20},{"tweenEasing":0,"color":{"aM":0},"duration":15},{"tweenEasing":null,"color":{"aM":0},"duration":0}],"name":"008_leidian"},{"frame":[{"tweenEasing":0,"color":{"aM":0},"duration":10},{"tweenEasing":0,"duration":20},{"tweenEasing":0,"duration":5},{"tweenEasing":0,"duration":10},{"tweenEasing":null,"color":{"aM":0},"duration":0}],"name":"007_juese2"},{"frame":[{"tweenEasing":0,"color":{"aM":0},"duration":10},{"tweenEasing":0,"duration":20},{"tweenEasing":0,"duration":5},{"tweenEasing":0,"duration":10},{"tweenEasing":null,"color":{"aM":0},"duration":0}],"name":"006_juese1"},{"frame":[{"tweenEasing":0,"color":{"aM":0},"duration":10},{"tweenEasing":0,"duration":5},{"tweenEasing":0,"duration":7},{"tweenEasing":0,"duration":8},{"tweenEasing":0,"duration":15},{"tweenEasing":null,"color":{"aM":0},"duration":0}],"name":"002_vs"},{"frame":[{"tweenEasing":0,"color":{"aM":0},"duration":10},{"tweenEasing":0,"duration":20},{"tweenEasing":0,"duration":15},{"tweenEasing":null,"color":{"aM":0},"duration":0}],"name":"001_biaoqian2"},{"frame":[{"tweenEasing":0,"color":{"aM":0},"duration":10},{"tweenEasing":0,"duration":20},{"tweenEasing":0,"duration":15},{"tweenEasing":null,"color":{"aM":0},"duration":0}],"name":"000_biaoqian1"},{"frame":[{"displayIndex":-1,"tweenEasing":0,"duration":10},{"displayIndex":-1,"tweenEasing":0,"duration":20},{"displayIndex":-1,"tweenEasing":0,"duration":15},{"displayIndex":-1,"tweenEasing":null,"duration":0}],"name":"000_fuji"}],"ffd":[],"ik":[],"frame":[],"name":"000_juese","duration":45},{"bone":[{"frame":[{"tweenEasing":0,"transform":{"scY":0.3,"scX":0.3},"duration":10},{"tweenEasing":0,"transform":{"scY":0.8,"scX":0.8},"duration":5},{"tweenEasing":0,"transform":{"scY":0.5,"scX":0.5},"duration":7},{"tweenEasing":0,"transform":{"scY":0.6,"scX":0.6},"duration":8},{"transform":{"scY":0.5,"scX":0.5},"duration":0}],"name":"002_vs"},{"frame":[{"tweenEasing":0,"transform":{"scY":0.9,"scX":1.1,"x":350},"duration":10},{"tweenEasing":0,"transform":{"scY":1.1,"scX":0.9,"x":210},"duration":20},{"transform":{"x":225},"duration":0}],"name":"001_biaoqian2"},{"frame":[{"tweenEasing":0,"transform":{"scY":0.9,"scX":-1.1,"x":-350},"duration":10},{"tweenEasing":0,"transform":{"scY":1.1,"scX":-0.9,"x":-210},"duration":20},{"transform":{"scX":-1,"x":-225},"duration":0}],"name":"000_biaoqian1"},{"frame":[{"tweenEasing":0,"transform":{"y":10},"duration":10},{"tweenEasing":0,"transform":{"y":-5},"duration":20},{"transform":{},"duration":0}],"name":"000_fuji"},{"frame":[{"transform":{},"duration":30}],"name":"root"},{"frame":[{"transform":{},"duration":30}],"name":"008_leidian"},{"frame":[{"transform":{},"duration":30}],"name":"006_juese1"},{"frame":[{"transform":{},"duration":30}],"name":"007_juese2"}],"slot":[{"frame":[{"tweenEasing":0,"color":{"aM":0},"duration":10},{"tweenEasing":0,"duration":5},{"tweenEasing":0,"duration":7},{"tweenEasing":0,"duration":8},{"tweenEasing":null,"duration":0}],"name":"002_vs"},{"frame":[{"displayIndex":1,"tweenEasing":0,"color":{"aM":0},"duration":10},{"displayIndex":1,"tweenEasing":0,"duration":20},{"displayIndex":1,"tweenEasing":null,"duration":0}],"name":"001_biaoqian2"},{"frame":[{"displayIndex":1,"tweenEasing":0,"color":{"aM":0},"duration":10},{"displayIndex":1,"tweenEasing":0,"duration":20},{"displayIndex":1,"tweenEasing":null,"duration":0}],"name":"000_biaoqian1"},{"frame":[{"displayIndex":-1,"tweenEasing":0,"duration":10},{"displayIndex":-1,"tweenEasing":0,"duration":20},{"displayIndex":-1,"tweenEasing":null,"duration":0}],"name":"000_fuji"},{"frame":[{"displayIndex":-1,"tweenEasing":null,"duration":30}],"name":"006_juese1"},{"frame":[{"displayIndex":-1,"tweenEasing":null,"duration":30}],"name":"007_juese2"},{"frame":[{"displayIndex":-1,"tweenEasing":null,"duration":30}],"name":"008_leidian"}],"ffd":[],"ik":[],"frame":[],"name":"001_biaotou","duration":30},{"bone":[{"frame":[{"tweenEasing":0,"transform":{"scY":0.9,"scX":1.1,"x":350},"duration":10},{"tweenEasing":0,"transform":{"scY":1.1,"scX":0.9,"x":210},"duration":20},{"transform":{"x":225},"duration":0}],"name":"001_biaoqian2"},{"frame":[{"tweenEasing":0,"transform":{"scY":0.9,"scX":-1.1,"x":-350},"duration":10},{"tweenEasing":0,"transform":{"scY":1.1,"scX":-0.9,"x":-210},"duration":20},{"transform":{"scX":-1,"x":-225},"duration":0}],"name":"000_biaoqian1"},{"frame":[{"tweenEasing":0,"transform":{"y":10},"duration":10},{"tweenEasing":0,"transform":{"y":-5},"duration":20},{"transform":{},"duration":0}],"name":"000_fuji"},{"frame":[{"transform":{},"duration":30}],"name":"root"},{"frame":[{"transform":{},"duration":30}],"name":"008_leidian"},{"frame":[{"transform":{},"duration":30}],"name":"006_juese1"},{"frame":[{"transform":{},"duration":30}],"name":"007_juese2"},{"frame":[{"transform":{},"duration":30}],"name":"002_vs"}],"slot":[{"frame":[{"displayIndex":2,"tweenEasing":0,"color":{"aM":0},"duration":10},{"displayIndex":2,"tweenEasing":0,"duration":20},{"displayIndex":2,"tweenEasing":null,"duration":0}],"name":"001_biaoqian2"},{"frame":[{"displayIndex":2,"tweenEasing":0,"color":{"aM":0},"duration":10},{"displayIndex":2,"tweenEasing":0,"duration":20},{"displayIndex":2,"tweenEasing":null,"duration":0}],"name":"000_biaoqian1"},{"frame":[{"displayIndex":-1,"tweenEasing":0,"duration":10},{"displayIndex":-1,"tweenEasing":0,"duration":20},{"displayIndex":-1,"tweenEasing":null,"duration":0}],"name":"000_fuji"},{"frame":[{"displayIndex":-1,"tweenEasing":null,"duration":30}],"name":"002_vs"},{"frame":[{"displayIndex":-1,"tweenEasing":null,"duration":30}],"name":"006_juese1"},{"frame":[{"displayIndex":-1,"tweenEasing":null,"duration":30}],"name":"007_juese2"},{"frame":[{"displayIndex":-1,"tweenEasing":null,"duration":30}],"name":"008_leidian"}],"ffd":[],"ik":[],"frame":[],"name":"002_biaoqian","duration":30}],"defaultActions":[{"gotoAndPlay":"000_juese"}],"aabb":{"width":315,"y":-83.5,"height":167,"x":-157.5},"ik":[],"name":"armatureName","skin":[{"slot":[{"display":[{"path":"ui_tanlanzhidao_duizhan/juese","type":"image","name":"ui_tanlanzhidao_duizhan/juese","transform":{}}],"name":"007_juese2"},{"display":[{"path":"ui_tanlanzhidao_duizhan/OrnVS","type":"image","name":"ui_tanlanzhidao_duizhan/OrnVS","transform":{}}],"name":"008_leidian"},{"display":[{"path":"ui_tanlanzhidao_duizhan/BoardMyImage","type":"image","name":"ui_tanlanzhidao_duizhan/BoardMyImage","transform":{}},{"path":"ui_tanlanzhidao_duizhan/BoardMyTeam","type":"image","name":"ui_tanlanzhidao_duizhan/BoardMyTeam","transform":{}},{"path":"ui_tanlanzhidao_duizhan/BoardTeam","type":"image","name":"ui_tanlanzhidao_duizhan/BoardTeam","transform":{}}],"name":"000_biaoqian1"},{"display":[{"path":"ui_tanlanzhidao_duizhan/BoardEnemyImage","type":"image","name":"ui_tanlanzhidao_duizhan/BoardEnemyImage","transform":{}},{"path":"ui_tanlanzhidao_duizhan/BoardEnemyTeam","type":"image","name":"ui_tanlanzhidao_duizhan/BoardEnemyTeam","transform":{}},{"path":"ui_tanlanzhidao_duizhan/BoardTeam","type":"image","name":"ui_tanlanzhidao_duizhan/BoardTeam","transform":{}}],"name":"001_biaoqian2"},{"display":[{"path":"ui_kuafu_ima/WordsVS","type":"image","name":"ui_kuafu_ima/WordsVS","transform":{}}],"name":"002_vs"},{"display":[{"path":"ui_tanlanzhidao_duizhan/juese","type":"image","name":"ui_tanlanzhidao_duizhan/juese","transform":{}}],"name":"006_juese1"}],"name":""}],"slot":[{"displayIndex":-1,"name":"000_fuji","parent":"000_fuji","color":{}},{"z":1,"name":"000_biaoqian1","parent":"000_biaoqian1","color":{}},{"z":2,"name":"001_biaoqian2","parent":"001_biaoqian2","color":{}},{"z":3,"name":"002_vs","parent":"002_vs","color":{}},{"z":4,"name":"006_juese1","parent":"006_juese1","color":{}},{"z":5,"name":"007_juese2","parent":"007_juese2","color":{}},{"z":6,"name":"008_leidian","parent":"008_leidian","color":{}}]}],"name":"ui_tanlanzhidao_03","version":"4.0"}