{
    "1": {
        "id": 1,
        "name": "小怪兽"
    },
    "2": {
        "id": 2,
        "name": "大神"
    },
    "3": {
        "id": 3,
        "name": "超人"
    },
    "4": {
        "id": 4,
        "name": "总裁"
    },
    "5": {
        "id": 5,
        "name": "熊孩子"
    },
    "6": {
        "id": 6,
        "name": "小僵尸"
    },
    "7": {
        "id": 7,
        "name": "小学生"
    },
    "8": {
        "id": 8,
        "name": "女神"
    },
    "9": {
        "id": 9,
        "name": "男神"
    },
    "10": {
        "id": 10,
        "name": "大婶"
    },
    "11": {
        "id": 11,
        "name": "大叔"
    },
    "12": {
        "id": 12,
        "name": "筋斗云"
    },
    "13": {
        "id": 13,
        "name": "小魔仙"
    },
    "14": {
        "id": 14,
        "name": "大翔"
    },
    "15": {
        "id": 15,
        "name": "小表砸"
    },
    "16": {
        "id": 16,
        "name": "单身汪"
    },
    "17": {
        "id": 17,
        "name": "程序猿"
    },
    "18": {
        "id": 18,
        "name": "美男子"
    },
    "19": {
        "id": 19,
        "name": "死胖子"
    },
    "20": {
        "id": 20,
        "name": "大长腿"
    },
    "21": {
        "id": 21,
        "name": "高富帅"
    },
    "22": {
        "id": 22,
        "name": "白富美"
    },
    "23": {
        "id": 23,
        "name": "小伙伴"
    },
    "24": {
        "id": 24,
        "name": "女汉子"
    },
    "25": {
        "id": 25,
        "name": "小鲜肉"
    },
    "26": {
        "id": 26,
        "name": "老腊肉"
    },
    "27": {
        "id": 27,
        "name": "教主"
    },
    "28": {
        "id": 28,
        "name": "大嫂"
    },
    "29": {
        "id": 29,
        "name": "老湿"
    },
    "30": {
        "id": 30,
        "name": "叫兽"
    },
    "31": {
        "id": 31,
        "name": "吃货"
    },
    "32": {
        "id": 32,
        "name": "大咖"
    },
    "33": {
        "id": 33,
        "name": "老王"
    },
    "34": {
        "id": 34,
        "name": "客官"
    },
    "35": {
        "id": 35,
        "name": "女王"
    },
    "36": {
        "id": 36,
        "name": "小明"
    },
    "37": {
        "id": 37,
        "name": "大强"
    },
    "38": {
        "id": 38,
        "name": "大雕"
    },
    "39": {
        "id": 39,
        "name": "姑姑"
    },
    "40": {
        "id": 40,
        "name": "小强"
    },
    "41": {
        "id": 41,
        "name": "路痴"
    },
    "42": {
        "id": 42,
        "name": "小公举"
    },
    "43": {
        "id": 43,
        "name": "路人"
    },
    "44": {
        "id": 44,
        "name": "疯子"
    },
    "45": {
        "id": 45,
        "name": "凹凸曼"
    },
    "46": {
        "id": 46,
        "name": "楼主"
    },
    "47": {
        "id": 47,
        "name": "站长"
    },
    "48": {
        "id": 48,
        "name": "拖油瓶"
    },
    "49": {
        "id": 49,
        "name": "小哥"
    },
    "50": {
        "id": 50,
        "name": "小飞侠"
    },
    "51": {
        "id": 51,
        "name": "叶良辰"
    },
    "52": {
        "id": 52,
        "name": "李雷"
    },
    "53": {
        "id": 53,
        "name": "韩梅梅"
    },
    "54": {
        "id": 54,
        "name": "猫先生"
    },
    "55": {
        "id": 55,
        "name": "美食家"
    },
    "56": {
        "id": 56,
        "name": "探险家"
    },
    "57": {
        "id": 57,
        "name": "格斗家"
    },
    "58": {
        "id": 58,
        "name": "学霸"
    },
    "59": {
        "id": 59,
        "name": "萝莉"
    },
    "60": {
        "id": 60,
        "name": "御姐"
    },
    "61": {
        "id": 61,
        "name": "大哥"
    },
    "62": {
        "id": 62,
        "name": "老哥"
    },
    "63": {
        "id": 63,
        "name": "肉盾"
    },
    "64": {
        "id": 64,
        "name": "顺子"
    },
    "65": {
        "id": 65,
        "name": "书呆子"
    },
    "66": {
        "id": 66,
        "name": "宝宝"
    },
    "67": {
        "id": 67,
        "name": "战五渣"
    },
    "68": {
        "id": 68,
        "name": "敏敏"
    },
    "69": {
        "id": 69,
        "name": "子敬"
    },
    "70": {
        "id": 70,
        "name": "小鹏"
    },
    "71": {
        "id": 71,
        "name": "大表哥"
    },
    "72": {
        "id": 72,
        "name": "大表姐"
    },
    "73": {
        "id": 73,
        "name": "萌妹子"
    },
    "74": {
        "id": 74,
        "name": "小情人"
    },
    "75": {
        "id": 75,
        "name": "临时工"
    },
    "76": {
        "id": 76,
        "name": "小队长"
    },
    "77": {
        "id": 77,
        "name": "手残党"
    },
    "78": {
        "id": 78,
        "name": "少女"
    },
    "79": {
        "id": 79,
        "name": "蛇精病"
    },
    "80": {
        "id": 80,
        "name": "小白兔"
    },
    "81": {
        "id": 81,
        "name": "老大"
    },
    "82": {
        "id": 82,
        "name": "万磁王"
    },
    "83": {
        "id": 83,
        "name": "亮亮"
    },
    "84": {
        "id": 84,
        "name": "科科"
    },
    "85": {
        "id": 85,
        "name": "村长"
    },
    "86": {
        "id": 86,
        "name": "怪蜀黍"
    },
    "87": {
        "id": 87,
        "name": "东东"
    },
    "88": {
        "id": 88,
        "name": "小杰"
    },
    "89": {
        "id": 89,
        "name": "雷欧力"
    },
    "90": {
        "id": 90,
        "name": "哇哇"
    },
    "91": {
        "id": 91,
        "name": "攻城狮"
    },
    "92": {
        "id": 92,
        "name": "肌肉男"
    },
    "93": {
        "id": 93,
        "name": "小翔"
    },
    "94": {
        "id": 94,
        "name": "血牛"
    },
    "95": {
        "id": 95,
        "name": "黑寡妇"
    },
    "96": {
        "id": 96,
        "name": "宅男"
    },
    "97": {
        "id": 97,
        "name": "宅女"
    },
    "98": {
        "id": 98,
        "name": "小姑凉"
    },
    "99": {
        "id": 99,
        "name": "玛丽苏"
    },
    "100": {
        "id": 100,
        "name": "好男人"
    },
    "101": {
        "id": 101,
        "name": "神偷"
    },
    "102": {
        "id": 102,
        "name": "小帅锅"
    },
    "103": {
        "id": 103,
        "name": "大熊猫"
    },
    "104": {
        "id": 104,
        "name": "美少年"
    },
    "105": {
        "id": 105,
        "name": "金馆长"
    },
    "106": {
        "id": 106,
        "name": "学姐"
    },
    "107": {
        "id": 107,
        "name": "主人"
    },
    "108": {
        "id": 108,
        "name": "师父"
    },
    "109": {
        "id": 109,
        "name": "大学生"
    },
    "110": {
        "id": 110,
        "name": "木头人"
    },
    "111": {
        "id": 111,
        "name": "赌神"
    },
    "112": {
        "id": 112,
        "name": "万人迷"
    },
    "113": {
        "id": 113,
        "name": "犀利哥"
    },
    "114": {
        "id": 114,
        "name": "小鬼"
    },
    "115": {
        "id": 115,
        "name": "嘻哈侠"
    },
    "116": {
        "id": 116,
        "name": "月宝"
    },
    "117": {
        "id": 117,
        "name": "土豪"
    },
    "118": {
        "id": 118,
        "name": "大姐"
    },
    "119": {
        "id": 119,
        "name": "路人甲"
    },
    "120": {
        "id": 120,
        "name": "机器人"
    },
    "121": {
        "id": 121,
        "name": "大老板"
    },
    "122": {
        "id": 122,
        "name": "歪果仁"
    },
    "123": {
        "id": 123,
        "name": "外星人"
    },
    "124": {
        "id": 124,
        "name": "段子手"
    },
    "125": {
        "id": 125,
        "name": "汪星人"
    },
    "126": {
        "id": 126,
        "name": "喵星人"
    },
    "127": {
        "id": 127,
        "name": "高玩"
    },
    "128": {
        "id": 128,
        "name": "山大王"
    },
    "129": {
        "id": 129,
        "name": "路飞"
    },
    "130": {
        "id": 130,
        "name": "水下漂"
    },
    "131": {
        "id": 131,
        "name": "砖家"
    },
    "132": {
        "id": 132,
        "name": "五毛"
    },
    "133": {
        "id": 133,
        "name": "打手"
    },
    "134": {
        "id": 134,
        "name": "小伙子"
    },
    "135": {
        "id": 135,
        "name": "华少"
    },
    "136": {
        "id": 136,
        "name": "库哔"
    },
    "137": {
        "id": 137,
        "name": "窝金"
    },
    "138": {
        "id": 138,
        "name": "半藏"
    },
    "139": {
        "id": 139,
        "name": "库洛洛"
    },
    "140": {
        "id": 140,
        "name": "学渣"
    },
    "141": {
        "id": 141,
        "name": "玛琪"
    },
    "142": {
        "id": 142,
        "name": "门琪"
    },
    "143": {
        "id": 143,
        "name": "旋律"
    },
    "144": {
        "id": 144,
        "name": "键盘侠"
    },
    "145": {
        "id": 145,
        "name": "鼠标侠"
    },
    "146": {
        "id": 146,
        "name": "壕"
    },
    "147": {
        "id": 147,
        "name": "小绵羊"
    },
    "148": {
        "id": 148,
        "name": "妖精"
    },
    "149": {
        "id": 149,
        "name": "小菊花"
    },
    "150": {
        "id": 150,
        "name": "小王子"
    },
    "151": {
        "id": 151,
        "name": "麻瓜"
    },
    "152": {
        "id": 152,
        "name": "粽子"
    },
    "153": {
        "id": 153,
        "name": "火腿"
    },
    "154": {
        "id": 154,
        "name": "小红花"
    },
    "155": {
        "id": 155,
        "name": "花痴"
    },
    "156": {
        "id": 156,
        "name": "小怪兽"
    },
    "157": {
        "id": 157,
        "name": "大神"
    },
    "158": {
        "id": 158,
        "name": "超人"
    },
    "159": {
        "id": 159,
        "name": "总裁"
    },
    "160": {
        "id": 160,
        "name": "熊孩子"
    },
    "161": {
        "id": 161,
        "name": "小僵尸"
    },
    "162": {
        "id": 162,
        "name": "小学生"
    },
    "163": {
        "id": 163,
        "name": "女神"
    },
    "164": {
        "id": 164,
        "name": "男神"
    },
    "165": {
        "id": 165,
        "name": "大婶"
    },
    "166": {
        "id": 166,
        "name": "大叔"
    },
    "167": {
        "id": 167,
        "name": "筋斗云"
    },
    "168": {
        "id": 168,
        "name": "小魔仙"
    },
    "169": {
        "id": 169,
        "name": "大翔"
    },
    "170": {
        "id": 170,
        "name": "小表砸"
    },
    "171": {
        "id": 171,
        "name": "单身汪"
    },
    "172": {
        "id": 172,
        "name": "程序猿"
    },
    "173": {
        "id": 173,
        "name": "美男子"
    },
    "174": {
        "id": 174,
        "name": "死胖子"
    },
    "175": {
        "id": 175,
        "name": "大长腿"
    },
    "176": {
        "id": 176,
        "name": "高富帅"
    },
    "177": {
        "id": 177,
        "name": "白富美"
    },
    "178": {
        "id": 178,
        "name": "小伙伴"
    },
    "179": {
        "id": 179,
        "name": "女汉子"
    },
    "180": {
        "id": 180,
        "name": "小鲜肉"
    },
    "181": {
        "id": 181,
        "name": "老腊肉"
    },
    "182": {
        "id": 182,
        "name": "萨次"
    },
    "183": {
        "id": 183,
        "name": "东巴"
    },
    "184": {
        "id": 184,
        "name": "老湿"
    },
    "185": {
        "id": 185,
        "name": "叫兽"
    },
    "186": {
        "id": 186,
        "name": "吃货"
    },
    "187": {
        "id": 187,
        "name": "大咖"
    },
    "188": {
        "id": 188,
        "name": "老王"
    },
    "189": {
        "id": 189,
        "name": "华华"
    },
    "190": {
        "id": 190,
        "name": "女王"
    },
    "191": {
        "id": 191,
        "name": "小明"
    },
    "192": {
        "id": 192,
        "name": "竹竹"
    },
    "193": {
        "id": 193,
        "name": "大雕"
    },
    "194": {
        "id": 194,
        "name": "姑姑"
    },
    "195": {
        "id": 195,
        "name": "小强"
    },
    "196": {
        "id": 196,
        "name": "路痴"
    },
    "197": {
        "id": 197,
        "name": "小公举"
    },
    "198": {
        "id": 198,
        "name": "路人"
    },
    "199": {
        "id": 199,
        "name": "疯子"
    },
    "200": {
        "id": 200,
        "name": "凹凸曼"
    },
    "201": {
        "id": 201,
        "name": "楼主"
    },
    "202": {
        "id": 202,
        "name": "站长"
    },
    "203": {
        "id": 203,
        "name": "拖油瓶"
    },
    "204": {
        "id": 204,
        "name": "小哥"
    },
    "205": {
        "id": 205,
        "name": "小飞侠"
    },
    "206": {
        "id": 206,
        "name": "叶良辰"
    },
    "207": {
        "id": 207,
        "name": "李雷"
    },
    "208": {
        "id": 208,
        "name": "韩梅梅"
    },
    "209": {
        "id": 209,
        "name": "猫先生"
    },
    "210": {
        "id": 210,
        "name": "卜哈次"
    },
    "211": {
        "id": 211,
        "name": "奇犽"
    },
    "212": {
        "id": 212,
        "name": "雷欧力"
    },
    "213": {
        "id": 213,
        "name": "学霸"
    },
    "214": {
        "id": 214,
        "name": "萝莉"
    },
    "215": {
        "id": 215,
        "name": "御姐"
    },
    "216": {
        "id": 216,
        "name": "鸣人"
    },
    "217": {
        "id": 217,
        "name": "佐助"
    },
    "218": {
        "id": 218,
        "name": "高达"
    },
    "219": {
        "id": 219,
        "name": "顺子"
    },
    "220": {
        "id": 220,
        "name": "书呆子"
    },
    "221": {
        "id": 221,
        "name": "宝宝"
    },
    "222": {
        "id": 222,
        "name": "战五渣"
    },
    "223": {
        "id": 223,
        "name": "敏敏"
    },
    "224": {
        "id": 224,
        "name": "子敬"
    },
    "225": {
        "id": 225,
        "name": "小鹏"
    },
    "226": {
        "id": 226,
        "name": "大表哥"
    },
    "227": {
        "id": 227,
        "name": "大表姐"
    },
    "228": {
        "id": 228,
        "name": "萌妹子"
    },
    "229": {
        "id": 229,
        "name": "小情人"
    },
    "230": {
        "id": 230,
        "name": "临时工"
    },
    "231": {
        "id": 231,
        "name": "小队长"
    },
    "232": {
        "id": 232,
        "name": "手残党"
    },
    "233": {
        "id": 233,
        "name": "少女"
    },
    "234": {
        "id": 234,
        "name": "蛇精病"
    },
    "235": {
        "id": 235,
        "name": "小白兔"
    },
    "236": {
        "id": 236,
        "name": "老大"
    },
    "237": {
        "id": 237,
        "name": "大蛇丸"
    },
    "238": {
        "id": 238,
        "name": "银时"
    },
    "239": {
        "id": 239,
        "name": "十四郎"
    },
    "240": {
        "id": 240,
        "name": "村长"
    },
    "241": {
        "id": 241,
        "name": "怪蜀黍"
    },
    "242": {
        "id": 242,
        "name": "神乐"
    },
    "243": {
        "id": 243,
        "name": "新一"
    },
    "244": {
        "id": 244,
        "name": "灰原哀"
    },
    "245": {
        "id": 245,
        "name": "基德"
    },
    "246": {
        "id": 246,
        "name": "小兰"
    },
    "247": {
        "id": 247,
        "name": "肌肉男"
    },
    "248": {
        "id": 248,
        "name": "小翔"
    },
    "249": {
        "id": 249,
        "name": "血牛"
    },
    "250": {
        "id": 250,
        "name": "黑寡妇"
    },
    "251": {
        "id": 251,
        "name": "宅男"
    },
    "252": {
        "id": 252,
        "name": "宅女"
    },
    "253": {
        "id": 253,
        "name": "小姑凉"
    },
    "254": {
        "id": 254,
        "name": "玛丽苏"
    },
    "255": {
        "id": 255,
        "name": "好男人"
    },
    "256": {
        "id": 256,
        "name": "神偷"
    },
    "257": {
        "id": 257,
        "name": "小帅锅"
    },
    "258": {
        "id": 258,
        "name": "大熊猫"
    },
    "259": {
        "id": 259,
        "name": "美少年"
    },
    "260": {
        "id": 260,
        "name": "金馆长"
    },
    "261": {
        "id": 261,
        "name": "学姐"
    },
    "262": {
        "id": 262,
        "name": "主人"
    },
    "263": {
        "id": 263,
        "name": "平次"
    },
    "264": {
        "id": 264,
        "name": "大学生"
    },
    "265": {
        "id": 265,
        "name": "木头人"
    },
    "266": {
        "id": 266,
        "name": "赌神"
    },
    "267": {
        "id": 267,
        "name": "万人迷"
    },
    "268": {
        "id": 268,
        "name": "犀利哥"
    },
    "269": {
        "id": 269,
        "name": "小鬼"
    },
    "270": {
        "id": 270,
        "name": "怪盗"
    },
    "271": {
        "id": 271,
        "name": "阿桂"
    },
    "272": {
        "id": 272,
        "name": "土豪"
    },
    "273": {
        "id": 273,
        "name": "大姐"
    },
    "274": {
        "id": 274,
        "name": "路人甲"
    },
    "275": {
        "id": 275,
        "name": "机器人"
    },
    "276": {
        "id": 276,
        "name": "大老板"
    },
    "277": {
        "id": 277,
        "name": "歪果仁"
    },
    "278": {
        "id": 278,
        "name": "外星人"
    },
    "279": {
        "id": 279,
        "name": "段子手"
    },
    "280": {
        "id": 280,
        "name": "汪星人"
    },
    "281": {
        "id": 281,
        "name": "喵星人"
    },
    "282": {
        "id": 282,
        "name": "高玩"
    },
    "283": {
        "id": 283,
        "name": "三代目"
    },
    "284": {
        "id": 284,
        "name": "药师兜"
    },
    "285": {
        "id": 285,
        "name": "水下漂"
    },
    "286": {
        "id": 286,
        "name": "砖家"
    },
    "287": {
        "id": 287,
        "name": "五毛"
    },
    "288": {
        "id": 288,
        "name": "打手"
    },
    "289": {
        "id": 289,
        "name": "小伙子"
    },
    "290": {
        "id": 290,
        "name": "王老五"
    },
    "291": {
        "id": 291,
        "name": "阿斯玛"
    },
    "292": {
        "id": 292,
        "name": "卡卡西"
    },
    "293": {
        "id": 293,
        "name": "夕红"
    },
    "294": {
        "id": 294,
        "name": "火玄间"
    },
    "295": {
        "id": 295,
        "name": "学渣"
    },
    "296": {
        "id": 296,
        "name": "索隆"
    },
    "297": {
        "id": 297,
        "name": "李洛克"
    },
    "298": {
        "id": 298,
        "name": "宁次"
    },
    "299": {
        "id": 299,
        "name": "键盘侠"
    },
    "300": {
        "id": 300,
        "name": "鼠标侠"
    },
    "301": {
        "id": 301,
        "name": "壕"
    },
    "302": {
        "id": 302,
        "name": "小绵羊"
    },
    "303": {
        "id": 303,
        "name": "妖精"
    },
    "304": {
        "id": 304,
        "name": "小菊花"
    },
    "305": {
        "id": 305,
        "name": "小王子"
    },
    "306": {
        "id": 306,
        "name": "麻瓜"
    },
    "307": {
        "id": 307,
        "name": "粽子"
    },
    "308": {
        "id": 308,
        "name": "山治"
    },
    "309": {
        "id": 309,
        "name": "小红花"
    },
    "310": {
        "id": 310,
        "name": "花痴"
    },
    "311": {
        "id": 311,
        "name": "小怪兽"
    },
    "312": {
        "id": 312,
        "name": "大神"
    },
    "313": {
        "id": 313,
        "name": "超人"
    },
    "314": {
        "id": 314,
        "name": "总裁"
    },
    "315": {
        "id": 315,
        "name": "熊孩子"
    },
    "316": {
        "id": 316,
        "name": "小僵尸"
    },
    "317": {
        "id": 317,
        "name": "小学生"
    },
    "318": {
        "id": 318,
        "name": "女神"
    },
    "319": {
        "id": 319,
        "name": "男神"
    },
    "320": {
        "id": 320,
        "name": "大婶"
    },
    "321": {
        "id": 321,
        "name": "大叔"
    },
    "322": {
        "id": 322,
        "name": "筋斗云"
    },
    "323": {
        "id": 323,
        "name": "小魔仙"
    },
    "324": {
        "id": 324,
        "name": "大翔"
    },
    "325": {
        "id": 325,
        "name": "小表砸"
    },
    "326": {
        "id": 326,
        "name": "单身汪"
    },
    "327": {
        "id": 327,
        "name": "程序猿"
    },
    "328": {
        "id": 328,
        "name": "美男子"
    },
    "329": {
        "id": 329,
        "name": "死胖子"
    },
    "330": {
        "id": 330,
        "name": "大长腿"
    },
    "331": {
        "id": 331,
        "name": "高富帅"
    },
    "332": {
        "id": 332,
        "name": "白富美"
    },
    "333": {
        "id": 333,
        "name": "小伙伴"
    },
    "334": {
        "id": 334,
        "name": "女汉子"
    },
    "335": {
        "id": 335,
        "name": "小鲜肉"
    },
    "336": {
        "id": 336,
        "name": "老腊肉"
    },
    "337": {
        "id": 337,
        "name": "骗人布"
    },
    "338": {
        "id": 338,
        "name": "步美"
    },
    "339": {
        "id": 339,
        "name": "元太"
    },
    "340": {
        "id": 340,
        "name": "光彦"
    },
    "341": {
        "id": 341,
        "name": "吃货"
    },
    "342": {
        "id": 342,
        "name": "大咖"
    },
    "343": {
        "id": 343,
        "name": "老王"
    },
    "344": {
        "id": 344,
        "name": "客官"
    },
    "345": {
        "id": 345,
        "name": "女王"
    },
    "346": {
        "id": 346,
        "name": "小明"
    },
    "347": {
        "id": 347,
        "name": "有希子"
    },
    "348": {
        "id": 348,
        "name": "白马探"
    },
    "349": {
        "id": 349,
        "name": "秀一"
    },
    "350": {
        "id": 350,
        "name": "小强"
    },
    "351": {
        "id": 351,
        "name": "路痴"
    },
    "352": {
        "id": 352,
        "name": "小公举"
    },
    "353": {
        "id": 353,
        "name": "路人"
    },
    "354": {
        "id": 354,
        "name": "疯子"
    },
    "355": {
        "id": 355,
        "name": "凹凸曼"
    },
    "356": {
        "id": 356,
        "name": "楼主"
    },
    "357": {
        "id": 357,
        "name": "站长"
    },
    "358": {
        "id": 358,
        "name": "拖油瓶"
    },
    "359": {
        "id": 359,
        "name": "小哥"
    },
    "360": {
        "id": 360,
        "name": "小飞侠"
    },
    "361": {
        "id": 361,
        "name": "叶良辰"
    },
    "362": {
        "id": 362,
        "name": "李雷"
    },
    "363": {
        "id": 363,
        "name": "韩梅梅"
    },
    "364": {
        "id": 364,
        "name": "猫先生"
    },
    "365": {
        "id": 365,
        "name": "车夫"
    },
    "366": {
        "id": 366,
        "name": "店小二"
    },
    "367": {
        "id": 367,
        "name": "高木"
    },
    "368": {
        "id": 368,
        "name": "学霸"
    },
    "369": {
        "id": 369,
        "name": "萝莉"
    },
    "370": {
        "id": 370,
        "name": "御姐"
    },
    "371": {
        "id": 371,
        "name": "小五郎"
    },
    "372": {
        "id": 372,
        "name": "琴酒"
    },
    "373": {
        "id": 373,
        "name": "伏特加"
    },
    "374": {
        "id": 374,
        "name": "基尔"
    },
    "375": {
        "id": 375,
        "name": "书呆子"
    },
    "376": {
        "id": 376,
        "name": "宝宝"
    },
    "377": {
        "id": 377,
        "name": "战五渣"
    },
    "378": {
        "id": 378,
        "name": "敏敏"
    },
    "379": {
        "id": 379,
        "name": "子敬"
    },
    "380": {
        "id": 380,
        "name": "小鹏"
    },
    "381": {
        "id": 381,
        "name": "大表哥"
    },
    "382": {
        "id": 382,
        "name": "大表姐"
    },
    "383": {
        "id": 383,
        "name": "萌妹子"
    },
    "384": {
        "id": 384,
        "name": "小情人"
    },
    "385": {
        "id": 385,
        "name": "临时工"
    },
    "386": {
        "id": 386,
        "name": "小队长"
    },
    "387": {
        "id": 387,
        "name": "手残党"
    },
    "388": {
        "id": 388,
        "name": "少女"
    },
    "389": {
        "id": 389,
        "name": "蛇精病"
    },
    "390": {
        "id": 390,
        "name": "小白兔"
    },
    "391": {
        "id": 391,
        "name": "老大"
    },
    "392": {
        "id": 392,
        "name": "冲田"
    },
    "393": {
        "id": 393,
        "name": "九兵卫"
    },
    "394": {
        "id": 394,
        "name": "杀生丸"
    },
    "395": {
        "id": 395,
        "name": "村长"
    },
    "396": {
        "id": 396,
        "name": "怪蜀黍"
    },
    "397": {
        "id": 397,
        "name": "神威"
    },
    "398": {
        "id": 398,
        "name": "晋助"
    },
    "399": {
        "id": 399,
        "name": "悟饭"
    },
    "400": {
        "id": 400,
        "name": "悟天"
    },
    "401": {
        "id": 401,
        "name": "贝吉塔"
    },
    "402": {
        "id": 402,
        "name": "肌肉男"
    },
    "403": {
        "id": 403,
        "name": "小翔"
    },
    "404": {
        "id": 404,
        "name": "血牛"
    },
    "405": {
        "id": 405,
        "name": "黑寡妇"
    },
    "406": {
        "id": 406,
        "name": "宅男"
    },
    "407": {
        "id": 407,
        "name": "宅女"
    },
    "408": {
        "id": 408,
        "name": "小姑凉"
    },
    "409": {
        "id": 409,
        "name": "玛丽苏"
    },
    "410": {
        "id": 410,
        "name": "好男人"
    },
    "411": {
        "id": 411,
        "name": "神偷"
    },
    "412": {
        "id": 412,
        "name": "小帅锅"
    },
    "413": {
        "id": 413,
        "name": "大熊猫"
    },
    "414": {
        "id": 414,
        "name": "美少年"
    },
    "415": {
        "id": 415,
        "name": "金馆长"
    },
    "416": {
        "id": 416,
        "name": "学姐"
    },
    "417": {
        "id": 417,
        "name": "主人"
    },
    "418": {
        "id": 418,
        "name": "小林"
    },
    "419": {
        "id": 419,
        "name": "大学生"
    },
    "420": {
        "id": 420,
        "name": "木头人"
    },
    "421": {
        "id": 421,
        "name": "赌神"
    },
    "422": {
        "id": 422,
        "name": "万人迷"
    },
    "423": {
        "id": 423,
        "name": "犀利哥"
    },
    "424": {
        "id": 424,
        "name": "小鬼"
    },
    "425": {
        "id": 425,
        "name": "短笛"
    },
    "426": {
        "id": 426,
        "name": "琪琪"
    },
    "427": {
        "id": 427,
        "name": "土豪"
    },
    "428": {
        "id": 428,
        "name": "大姐"
    },
    "429": {
        "id": 429,
        "name": "路人甲"
    },
    "430": {
        "id": 430,
        "name": "机器人"
    },
    "431": {
        "id": 431,
        "name": "大老板"
    },
    "432": {
        "id": 432,
        "name": "歪果仁"
    },
    "433": {
        "id": 433,
        "name": "外星人"
    },
    "434": {
        "id": 434,
        "name": "段子手"
    },
    "435": {
        "id": 435,
        "name": "汪星人"
    },
    "436": {
        "id": 436,
        "name": "喵星人"
    },
    "437": {
        "id": 437,
        "name": "高玩"
    },
    "438": {
        "id": 438,
        "name": "天津饭"
    },
    "439": {
        "id": 439,
        "name": "龟仙人"
    },
    "440": {
        "id": 440,
        "name": "水下漂"
    },
    "441": {
        "id": 441,
        "name": "砖家"
    },
    "442": {
        "id": 442,
        "name": "五毛"
    },
    "443": {
        "id": 443,
        "name": "打手"
    },
    "444": {
        "id": 444,
        "name": "小伙子"
    },
    "445": {
        "id": 445,
        "name": "王老五"
    },
    "446": {
        "id": 446,
        "name": "新八"
    },
    "447": {
        "id": 447,
        "name": "人造人"
    },
    "448": {
        "id": 448,
        "name": "丁次"
    },
    "449": {
        "id": 449,
        "name": "狸狈多"
    },
    "450": {
        "id": 450,
        "name": "学渣"
    },
    "451": {
        "id": 451,
        "name": "伙计"
    },
    "452": {
        "id": 452,
        "name": "杀大锁"
    },
    "453": {
        "id": 453,
        "name": "小次郎"
    },
    "454": {
        "id": 454,
        "name": "键盘侠"
    },
    "455": {
        "id": 455,
        "name": "鼠标侠"
    },
    "456": {
        "id": 456,
        "name": "壕"
    },
    "457": {
        "id": 457,
        "name": "小绵羊"
    },
    "458": {
        "id": 458,
        "name": "妖精"
    },
    "459": {
        "id": 459,
        "name": "小菊花"
    },
    "460": {
        "id": 460,
        "name": "小王子"
    },
    "461": {
        "id": 461,
        "name": "麻瓜"
    },
    "462": {
        "id": 462,
        "name": "粽子"
    },
    "463": {
        "id": 463,
        "name": "禁婆"
    },
    "464": {
        "id": 464,
        "name": "小红花"
    },
    "465": {
        "id": 465,
        "name": "花痴"
    },
    "466": {
        "id": 466,
        "name": "小怪兽"
    },
    "467": {
        "id": 467,
        "name": "大神"
    },
    "468": {
        "id": 468,
        "name": "超人"
    },
    "469": {
        "id": 469,
        "name": "总裁"
    },
    "470": {
        "id": 470,
        "name": "熊孩子"
    },
    "471": {
        "id": 471,
        "name": "小僵尸"
    },
    "472": {
        "id": 472,
        "name": "小学生"
    },
    "473": {
        "id": 473,
        "name": "女神"
    },
    "474": {
        "id": 474,
        "name": "男神"
    },
    "475": {
        "id": 475,
        "name": "大婶"
    },
    "476": {
        "id": 476,
        "name": "大叔"
    },
    "477": {
        "id": 477,
        "name": "筋斗云"
    },
    "478": {
        "id": 478,
        "name": "小魔仙"
    },
    "479": {
        "id": 479,
        "name": "大翔"
    },
    "480": {
        "id": 480,
        "name": "小表砸"
    },
    "481": {
        "id": 481,
        "name": "单身汪"
    },
    "482": {
        "id": 482,
        "name": "程序猿"
    },
    "483": {
        "id": 483,
        "name": "美男子"
    },
    "484": {
        "id": 484,
        "name": "死胖子"
    },
    "485": {
        "id": 485,
        "name": "大长腿"
    },
    "486": {
        "id": 486,
        "name": "高富帅"
    },
    "487": {
        "id": 487,
        "name": "白富美"
    },
    "488": {
        "id": 488,
        "name": "小伙伴"
    },
    "489": {
        "id": 489,
        "name": "女汉子"
    },
    "490": {
        "id": 490,
        "name": "小鲜肉"
    },
    "491": {
        "id": 491,
        "name": "老腊肉"
    },
    "492": {
        "id": 492,
        "name": "大空翼"
    },
    "493": {
        "id": 493,
        "name": "梅西"
    },
    "494": {
        "id": 494,
        "name": "小百合"
    },
    "495": {
        "id": 495,
        "name": "叫兽"
    },
    "496": {
        "id": 496,
        "name": "吃货"
    },
    "497": {
        "id": 497,
        "name": "大咖"
    },
    "498": {
        "id": 498,
        "name": "老王"
    },
    "499": {
        "id": 499,
        "name": "客官"
    },
    "500": {
        "id": 500,
        "name": "女王"
    },
    "501": {
        "id": 501,
        "name": "小明"
    },
    "502": {
        "id": 502,
        "name": "卡布达"
    },
    "503": {
        "id": 503,
        "name": "呱呱蛙"
    },
    "504": {
        "id": 504,
        "name": "丸子龙"
    },
    "505": {
        "id": 505,
        "name": "小强"
    },
    "506": {
        "id": 506,
        "name": "路痴"
    },
    "507": {
        "id": 507,
        "name": "小公举"
    },
    "508": {
        "id": 508,
        "name": "路人"
    },
    "509": {
        "id": 509,
        "name": "疯子"
    },
    "510": {
        "id": 510,
        "name": "凹凸曼"
    },
    "511": {
        "id": 511,
        "name": "楼主"
    },
    "512": {
        "id": 512,
        "name": "站长"
    },
    "513": {
        "id": 513,
        "name": "拖油瓶"
    },
    "514": {
        "id": 514,
        "name": "小哥"
    },
    "515": {
        "id": 515,
        "name": "小飞侠"
    },
    "516": {
        "id": 516,
        "name": "叶良辰"
    },
    "517": {
        "id": 517,
        "name": "李雷"
    },
    "518": {
        "id": 518,
        "name": "韩梅梅"
    },
    "519": {
        "id": 519,
        "name": "猫先生"
    },
    "520": {
        "id": 520,
        "name": "光子郎"
    },
    "521": {
        "id": 521,
        "name": "店小二"
    },
    "522": {
        "id": 522,
        "name": "老板娘"
    },
    "523": {
        "id": 523,
        "name": "学霸"
    },
    "524": {
        "id": 524,
        "name": "萝莉"
    },
    "525": {
        "id": 525,
        "name": "御姐"
    },
    "526": {
        "id": 526,
        "name": "一辉"
    },
    "527": {
        "id": 527,
        "name": "星矢"
    },
    "528": {
        "id": 528,
        "name": "鲁鲁修"
    },
    "529": {
        "id": 529,
        "name": "顺子"
    },
    "530": {
        "id": 530,
        "name": "书呆子"
    },
    "531": {
        "id": 531,
        "name": "宝宝"
    },
    "532": {
        "id": 532,
        "name": "战五渣"
    },
    "533": {
        "id": 533,
        "name": "敏敏"
    },
    "534": {
        "id": 534,
        "name": "子敬"
    },
    "535": {
        "id": 535,
        "name": "小鹏"
    },
    "536": {
        "id": 536,
        "name": "大表哥"
    },
    "537": {
        "id": 537,
        "name": "大表姐"
    },
    "538": {
        "id": 538,
        "name": "萌妹子"
    },
    "539": {
        "id": 539,
        "name": "小情人"
    },
    "540": {
        "id": 540,
        "name": "临时工"
    },
    "541": {
        "id": 541,
        "name": "小队长"
    },
    "542": {
        "id": 542,
        "name": "手残党"
    },
    "543": {
        "id": 543,
        "name": "少女"
    },
    "544": {
        "id": 544,
        "name": "蛇精病"
    },
    "545": {
        "id": 545,
        "name": "小白兔"
    },
    "546": {
        "id": 546,
        "name": "老大"
    },
    "547": {
        "id": 547,
        "name": "一护"
    },
    "548": {
        "id": 548,
        "name": "流川枫"
    },
    "549": {
        "id": 549,
        "name": "露西"
    },
    "550": {
        "id": 550,
        "name": "怪蜀黍"
    },
    "551": {
        "id": 551,
        "name": "纳兹"
    },
    "552": {
        "id": 552,
        "name": "龙马"
    },
    "553": {
        "id": 553,
        "name": "琦玉"
    },
    "554": {
        "id": 554,
        "name": "葫芦娃"
    },
    "555": {
        "id": 555,
        "name": "纲"
    },
    "556": {
        "id": 556,
        "name": "肌肉男"
    },
    "557": {
        "id": 557,
        "name": "小翔"
    },
    "558": {
        "id": 558,
        "name": "血牛"
    },
    "559": {
        "id": 559,
        "name": "黑寡妇"
    },
    "560": {
        "id": 560,
        "name": "宅男"
    },
    "561": {
        "id": 561,
        "name": "宅女"
    },
    "562": {
        "id": 562,
        "name": "小姑凉"
    },
    "563": {
        "id": 563,
        "name": "玛丽苏"
    },
    "564": {
        "id": 564,
        "name": "好男人"
    },
    "565": {
        "id": 565,
        "name": "神偷"
    },
    "566": {
        "id": 566,
        "name": "小帅锅"
    },
    "567": {
        "id": 567,
        "name": "大熊猫"
    },
    "568": {
        "id": 568,
        "name": "美少年"
    },
    "569": {
        "id": 569,
        "name": "金馆长"
    },
    "570": {
        "id": 570,
        "name": "学姐"
    },
    "571": {
        "id": 571,
        "name": "主人"
    },
    "572": {
        "id": 572,
        "name": "师父"
    },
    "573": {
        "id": 573,
        "name": "大学生"
    },
    "574": {
        "id": 574,
        "name": "木头人"
    },
    "575": {
        "id": 575,
        "name": "赌神"
    },
    "576": {
        "id": 576,
        "name": "万人迷"
    },
    "577": {
        "id": 577,
        "name": "犀利哥"
    },
    "578": {
        "id": 578,
        "name": "小鬼"
    },
    "579": {
        "id": 579,
        "name": "八神庵"
    },
    "580": {
        "id": 580,
        "name": "地主"
    },
    "581": {
        "id": 581,
        "name": "土豪"
    },
    "582": {
        "id": 582,
        "name": "大姐"
    },
    "583": {
        "id": 583,
        "name": "路人甲"
    },
    "584": {
        "id": 584,
        "name": "机器人"
    },
    "585": {
        "id": 585,
        "name": "大老板"
    },
    "586": {
        "id": 586,
        "name": "歪果仁"
    },
    "587": {
        "id": 587,
        "name": "外星人"
    },
    "588": {
        "id": 588,
        "name": "段子手"
    },
    "589": {
        "id": 589,
        "name": "汪星人"
    },
    "590": {
        "id": 590,
        "name": "喵星人"
    },
    "591": {
        "id": 591,
        "name": "高玩"
    },
    "592": {
        "id": 592,
        "name": "火舞"
    },
    "593": {
        "id": 593,
        "name": "克拉克"
    },
    "594": {
        "id": 594,
        "name": "水下漂"
    },
    "595": {
        "id": 595,
        "name": "砖家"
    },
    "596": {
        "id": 596,
        "name": "五毛"
    },
    "597": {
        "id": 597,
        "name": "打手"
    },
    "598": {
        "id": 598,
        "name": "小伙子"
    },
    "599": {
        "id": 599,
        "name": "王老五"
    },
    "600": {
        "id": 600,
        "name": "特瑞"
    },
    "601": {
        "id": 601,
        "name": "红丸"
    },
    "602": {
        "id": 602,
        "name": "安迪"
    },
    "603": {
        "id": 603,
        "name": "东丈"
    },
    "604": {
        "id": 604,
        "name": "学渣"
    },
    "605": {
        "id": 605,
        "name": "伙计"
    },
    "606": {
        "id": 606,
        "name": "千鹤"
    },
    "607": {
        "id": 607,
        "name": "龙一"
    },
    "608": {
        "id": 608,
        "name": "键盘侠"
    },
    "609": {
        "id": 609,
        "name": "鼠标侠"
    },
    "610": {
        "id": 610,
        "name": "壕"
    },
    "611": {
        "id": 611,
        "name": "小绵羊"
    },
    "612": {
        "id": 612,
        "name": "妖精"
    },
    "613": {
        "id": 613,
        "name": "小菊花"
    },
    "614": {
        "id": 614,
        "name": "小王子"
    },
    "615": {
        "id": 615,
        "name": "麻瓜"
    },
    "616": {
        "id": 616,
        "name": "粽子"
    },
    "617": {
        "id": 617,
        "name": "哈比"
    },
    "618": {
        "id": 618,
        "name": "小红花"
    },
    "619": {
        "id": 619,
        "name": "花痴"
    },
    "620": {
        "id": 620,
        "name": "两块五"
    },
    "621": {
        "id": 621,
        "name": "一个亿"
    },
    "622": {
        "id": 622,
        "name": "十个亿"
    },
    "623": {
        "id": 623,
        "name": "一百亿"
    },
    "624": {
        "id": 624,
        "name": "老司机"
    },
    "625": {
        "id": 625,
        "name": "小翻船"
    },
    "626": {
        "id": 626,
        "name": "猴赛雷"
    },
    "627": {
        "id": 627,
        "name": "斗图"
    },
    "628": {
        "id": 628,
        "name": "群众"
    },
    "629": {
        "id": 629,
        "name": "套路"
    },
    "630": {
        "id": 630,
        "name": "有钱人"
    },
    "631": {
        "id": 631,
        "name": "美男子"
    },
    "632": {
        "id": 632,
        "name": "小表砸"
    },
    "633": {
        "id": 633,
        "name": "小公举"
    },
    "634": {
        "id": 634,
        "name": "表情包"
    },
    "635": {
        "id": 635,
        "name": "单身汪"
    },
    "636": {
        "id": 636,
        "name": "小苹果"
    },
    "637": {
        "id": 637,
        "name": "小鲜肉"
    },
    "638": {
        "id": 638,
        "name": "老腊肉"
    },
    "639": {
        "id": 639,
        "name": "神兽"
    },
    "640": {
        "id": 640,
        "name": "高富帅"
    },
    "641": {
        "id": 641,
        "name": "白富美"
    },
    "642": {
        "id": 642,
        "name": "矮穷挫"
    },
    "643": {
        "id": 643,
        "name": "小白领"
    },
    "644": {
        "id": 644,
        "name": "小白脸"
    },
    "645": {
        "id": 645,
        "name": "熊孩子"
    },
    "646": {
        "id": 646,
        "name": "大黄鸭"
    },
    "647": {
        "id": 647,
        "name": "小黄鸭"
    },
    "648": {
        "id": 648,
        "name": "临时工"
    },
    "649": {
        "id": 649,
        "name": "小吊丝"
    },
    "650": {
        "id": 650,
        "name": "富三代"
    },
    "651": {
        "id": 651,
        "name": "伪娘"
    },
    "652": {
        "id": 652,
        "name": "涛涛"
    },
    "653": {
        "id": 653,
        "name": "女汉子"
    },
    "654": {
        "id": 654,
        "name": "大姐姐"
    },
    "655": {
        "id": 655,
        "name": "萌新"
    },
    "656": {
        "id": 656,
        "name": "小屁孩"
    },
    "657": {
        "id": 657,
        "name": "皮皮虾"
    },
    "658": {
        "id": 658,
        "name": "老湿"
    },
    "659": {
        "id": 659,
        "name": "大表哥"
    },
    "660": {
        "id": 660,
        "name": "表叔"
    },
    "661": {
        "id": 661,
        "name": "有木有"
    },
    "662": {
        "id": 662,
        "name": "浮云"
    },
    "663": {
        "id": 663,
        "name": "怪蜀黍"
    },
    "664": {
        "id": 664,
        "name": "宅男"
    },
    "665": {
        "id": 665,
        "name": "腐女"
    },
    "666": {
        "id": 666,
        "name": "小伙伴"
    },
    "667": {
        "id": 667,
        "name": "包大人"
    },
    "668": {
        "id": 668,
        "name": "包小姐"
    },
    "669": {
        "id": 669,
        "name": "挖掘机"
    },
    "670": {
        "id": 670,
        "name": "咸鱼"
    },
    "671": {
        "id": 671,
        "name": "大腿"
    },
    "672": {
        "id": 672,
        "name": "歪果仁"
    },
    "673": {
        "id": 673,
        "name": "丑八怪"
    },
    "674": {
        "id": 674,
        "name": "演员"
    },
    "675": {
        "id": 675,
        "name": "救世主"
    },
    "676": {
        "id": 676,
        "name": "败家子"
    },
    "677": {
        "id": 677,
        "name": "快枪手"
    },
    "678": {
        "id": 678,
        "name": "小霸王"
    },
    "679": {
        "id": 679,
        "name": "欧洲人"
    },
    "680": {
        "id": 680,
        "name": "非洲人"
    },
    "681": {
        "id": 681,
        "name": "欧皇"
    },
    "682": {
        "id": 682,
        "name": "非酋"
    },
    "683": {
        "id": 683,
        "name": "学生卡"
    },
    "684": {
        "id": 684,
        "name": "新乘客"
    },
    "685": {
        "id": 685,
        "name": "新司机"
    },
    "686": {
        "id": 686,
        "name": "女司机"
    },
    "687": {
        "id": 687,
        "name": "我的哥"
    },
    "688": {
        "id": 688,
        "name": "沙雕"
    },
    "689": {
        "id": 689,
        "name": "小拳头"
    },
    "690": {
        "id": 690,
        "name": "外星人"
    },
    "691": {
        "id": 691,
        "name": "魔导师"
    },
    "692": {
        "id": 692,
        "name": "格雷"
    },
    "693": {
        "id": 693,
        "name": "艾尔莎"
    },
    "694": {
        "id": 694,
        "name": "结衣"
    },
    "695": {
        "id": 695,
        "name": "莫相离"
    },
    "696": {
        "id": 696,
        "name": "踏莎行"
    },
    "697": {
        "id": 697,
        "name": "念苍颜"
    },
    "698": {
        "id": 698,
        "name": "断青丝"
    },
    "699": {
        "id": 699,
        "name": "冷月魄"
    },
    "700": {
        "id": 700,
        "name": "月色寒"
    },
    "701": {
        "id": 701,
        "name": "湿红妆"
    },
    "702": {
        "id": 702,
        "name": "琉璃月"
    },
    "703": {
        "id": 703,
        "name": "烟月稀"
    },
    "704": {
        "id": 704,
        "name": "伴紫陌"
    },
    "705": {
        "id": 705,
        "name": "风拂尽"
    },
    "706": {
        "id": 706,
        "name": "离人醉"
    },
    "707": {
        "id": 707,
        "name": "落春泥"
    },
    "708": {
        "id": 708,
        "name": "韶华凋"
    },
    "709": {
        "id": 709,
        "name": "寒衣默"
    },
    "710": {
        "id": 710,
        "name": "忆清绝"
    },
    "711": {
        "id": 711,
        "name": "凉箫伴"
    },
    "712": {
        "id": 712,
        "name": "残音续"
    },
    "713": {
        "id": 713,
        "name": "梧桐落"
    },
    "714": {
        "id": 714,
        "name": "笙歌散"
    },
    "715": {
        "id": 715,
        "name": "亦泪别"
    },
    "716": {
        "id": 716,
        "name": "忆缱绻"
    },
    "717": {
        "id": 717,
        "name": "半苑香"
    },
    "718": {
        "id": 718,
        "name": "暮光涩"
    },
    "719": {
        "id": 719,
        "name": "寒灯灭"
    },
    "720": {
        "id": 720,
        "name": "若相离"
    },
    "721": {
        "id": 721,
        "name": "念苍颜"
    },
    "722": {
        "id": 722,
        "name": "断青丝"
    },
    "723": {
        "id": 723,
        "name": "冷月魄"
    },
    "724": {
        "id": 724,
        "name": "月色寒"
    },
    "725": {
        "id": 725,
        "name": "湿红妆"
    },
    "726": {
        "id": 726,
        "name": "琉璃月"
    },
    "727": {
        "id": 727,
        "name": "烟月稀"
    },
    "728": {
        "id": 728,
        "name": "伴紫陌"
    },
    "729": {
        "id": 729,
        "name": "风拂尽"
    },
    "730": {
        "id": 730,
        "name": "离人醉"
    },
    "731": {
        "id": 731,
        "name": "落春泥"
    },
    "732": {
        "id": 732,
        "name": "韶华凋"
    },
    "733": {
        "id": 733,
        "name": "寒衣默"
    },
    "734": {
        "id": 734,
        "name": "忆清绝"
    },
    "735": {
        "id": 735,
        "name": "凉箫伴"
    },
    "736": {
        "id": 736,
        "name": "残音续"
    },
    "737": {
        "id": 737,
        "name": "梧桐落"
    },
    "738": {
        "id": 738,
        "name": "笙歌散"
    },
    "739": {
        "id": 739,
        "name": "亦泪别"
    },
    "740": {
        "id": 740,
        "name": "忆缱绻"
    },
    "741": {
        "id": 741,
        "name": "半苑香"
    },
    "742": {
        "id": 742,
        "name": "暮光涩"
    },
    "743": {
        "id": 743,
        "name": "寒灯灭"
    },
    "744": {
        "id": 744,
        "name": "若相离"
    },
    "745": {
        "id": 745,
        "name": "为君狂"
    },
    "746": {
        "id": 746,
        "name": "若不见"
    },
    "747": {
        "id": 747,
        "name": "醉倾城"
    },
    "748": {
        "id": 748,
        "name": "莫相离"
    },
    "749": {
        "id": 749,
        "name": "踏莎行"
    },
    "750": {
        "id": 750,
        "name": "花蝴蝶"
    },
    "751": {
        "id": 751,
        "name": "萤火虫"
    },
    "752": {
        "id": 752,
        "name": "小懒猫"
    },
    "753": {
        "id": 753,
        "name": "替代品"
    },
    "754": {
        "id": 754,
        "name": "菠萝蜜"
    },
    "755": {
        "id": 755,
        "name": "伪淑女"
    },
    "756": {
        "id": 756,
        "name": "人来疯"
    },
    "757": {
        "id": 757,
        "name": "孤行者"
    },
    "758": {
        "id": 758,
        "name": "小妖精"
    },
    "759": {
        "id": 759,
        "name": "小可爱"
    },
    "760": {
        "id": 760,
        "name": "小甜心"
    },
    "761": {
        "id": 761,
        "name": "甜甜圈"
    },
    "762": {
        "id": 762,
        "name": "深井冰"
    },
    "763": {
        "id": 763,
        "name": "无尾熊"
    },
    "764": {
        "id": 764,
        "name": "小馋猫"
    },
    "765": {
        "id": 765,
        "name": "老家伙"
    },
    "766": {
        "id": 766,
        "name": "基佬"
    },
    "767": {
        "id": 767,
        "name": "神秘人"
    },
    "768": {
        "id": 768,
        "name": "手残党"
    },
    "769": {
        "id": 769,
        "name": "打手"
    },
    "770": {
        "id": 770,
        "name": "万磁王"
    },
    "771": {
        "id": 771,
        "name": "攻城狮"
    },
    "772": {
        "id": 772,
        "name": "程序猿"
    },
    "773": {
        "id": 773,
        "name": "猫先生"
    },
    "774": {
        "id": 774,
        "name": "萌妹子"
    },
    "775": {
        "id": 775,
        "name": "福禄娃"
    },
    "776": {
        "id": 776,
        "name": "小青年"
    },
    "777": {
        "id": 777,
        "name": "三胖子"
    },
    "778": {
        "id": 778,
        "name": "老村长"
    },
    "779": {
        "id": 779,
        "name": "英子"
    },
    "780": {
        "id": 780,
        "name": "胡八亿"
    },
    "781": {
        "id": 781,
        "name": "王胖纸"
    },
    "782": {
        "id": 782,
        "name": "杨雪梨"
    },
    "783": {
        "id": 783,
        "name": "陈叫兽"
    },
    "784": {
        "id": 784,
        "name": "大金牙"
    },
    "785": {
        "id": 785,
        "name": "小学生"
    },
    "786": {
        "id": 786,
        "name": "小魔仙"
    },
    "787": {
        "id": 787,
        "name": "花痴"
    },
    "788": {
        "id": 788,
        "name": "不良人"
    },
    "789": {
        "id": 789,
        "name": "教主"
    },
    "790": {
        "id": 790,
        "name": "路人甲"
    },
    "791": {
        "id": 791,
        "name": "鼠标侠"
    },
    "792": {
        "id": 792,
        "name": "凹凸曼"
    },
    "793": {
        "id": 793,
        "name": "刁民"
    },
    "794": {
        "id": 794,
        "name": "揍敌客"
    },
    "795": {
        "id": 795,
        "name": "尼特罗"
    },
    "796": {
        "id": 796,
        "name": "富力士"
    },
    "797": {
        "id": 797,
        "name": "哈察马"
    },
    "798": {
        "id": 798,
        "name": "酷露佳"
    },
    "799": {
        "id": 799,
        "name": "希尔"
    },
    "800": {
        "id": 800,
        "name": "纳纳"
    },
    "801": {
        "id": 801,
        "name": "基甘特"
    },
    "802": {
        "id": 802,
        "name": "约克夏"
    },
    "803": {
        "id": 803,
        "name": "海兰德"
    },
    "804": {
        "id": 804,
        "name": "内厄姆"
    },
    "805": {
        "id": 805,
        "name": "奈达"
    },
    "806": {
        "id": 806,
        "name": "纳基塔"
    },
    "807": {
        "id": 807,
        "name": "纳拉尼"
    },
    "808": {
        "id": 808,
        "name": "南塞"
    },
    "809": {
        "id": 809,
        "name": "南奇"
    },
    "810": {
        "id": 810,
        "name": "南希"
    },
    "811": {
        "id": 811,
        "name": "南迪"
    },
    "812": {
        "id": 812,
        "name": "南妮"
    },
    "813": {
        "id": 813,
        "name": "内皮尔"
    },
    "814": {
        "id": 814,
        "name": "劳伊丝"
    },
    "815": {
        "id": 815,
        "name": "那瑞"
    },
    "816": {
        "id": 816,
        "name": "那拉"
    },
    "817": {
        "id": 817,
        "name": "纳什"
    },
    "818": {
        "id": 818,
        "name": "纳"
    },
    "819": {
        "id": 819,
        "name": "娜塔莉"
    },
    "820": {
        "id": 820,
        "name": "娜塔莎"
    },
    "821": {
        "id": 821,
        "name": "纳特"
    },
    "822": {
        "id": 822,
        "name": "内森"
    },
    "823": {
        "id": 823,
        "name": "纳特恩"
    },
    "824": {
        "id": 824,
        "name": "瑙姆"
    },
    "825": {
        "id": 825,
        "name": "尼塞尔"
    },
    "826": {
        "id": 826,
        "name": "尼尔"
    },
    "827": {
        "id": 827,
        "name": "妮拉"
    },
    "828": {
        "id": 828,
        "name": "内舒"
    },
    "829": {
        "id": 829,
        "name": "尼西亚"
    },
    "830": {
        "id": 830,
        "name": "内德"
    },
    "831": {
        "id": 831,
        "name": "内德拉"
    },
    "832": {
        "id": 832,
        "name": "尼达姆"
    },
    "833": {
        "id": 833,
        "name": "内利亚"
    },
    "834": {
        "id": 834,
        "name": "内尔利"
    },
    "835": {
        "id": 835,
        "name": "内莉"
    },
    "836": {
        "id": 836,
        "name": "尼尔森"
    },
    "837": {
        "id": 837,
        "name": "内尔斯"
    },
    "838": {
        "id": 838,
        "name": "欧巴尔"
    },
    "839": {
        "id": 839,
        "name": "奥比"
    },
    "840": {
        "id": 840,
        "name": "奥切"
    },
    "841": {
        "id": 841,
        "name": "奥克兰"
    },
    "842": {
        "id": 842,
        "name": "欧狄立"
    },
    "843": {
        "id": 843,
        "name": "欧岱拉"
    },
    "844": {
        "id": 844,
        "name": "奥德尔"
    },
    "845": {
        "id": 845,
        "name": "奥黛特"
    },
    "846": {
        "id": 846,
        "name": "奥多姆"
    },
    "847": {
        "id": 847,
        "name": "温古斯"
    },
    "848": {
        "id": 848,
        "name": "奥格登"
    },
    "849": {
        "id": 849,
        "name": "奥克斯"
    },
    "850": {
        "id": 850,
        "name": "奥赫尔"
    },
    "851": {
        "id": 851,
        "name": "奥哈德"
    },
    "852": {
        "id": 852,
        "name": "奥拉夫"
    },
    "853": {
        "id": 853,
        "name": "奥莱达"
    },
    "854": {
        "id": 854,
        "name": "奥伦"
    },
    "855": {
        "id": 855,
        "name": "奥伦内"
    },
    "856": {
        "id": 856,
        "name": "奥尔佳"
    },
    "857": {
        "id": 857,
        "name": "奥利塔"
    },
    "858": {
        "id": 858,
        "name": "奥丽芙"
    },
    "859": {
        "id": 859,
        "name": "奥力佛"
    },
    "860": {
        "id": 860,
        "name": "欧米伽"
    },
    "861": {
        "id": 861,
        "name": "奥洋"
    },
    "862": {
        "id": 862,
        "name": "奥尼"
    },
    "863": {
        "id": 863,
        "name": "佩伯"
    },
    "864": {
        "id": 864,
        "name": "帕卡德"
    },
    "865": {
        "id": 865,
        "name": "帕可"
    },
    "866": {
        "id": 866,
        "name": "帕迪"
    },
    "867": {
        "id": 867,
        "name": "帕登"
    },
    "868": {
        "id": 868,
        "name": "佩奇"
    },
    "869": {
        "id": 869,
        "name": "派得罗"
    },
    "870": {
        "id": 870,
        "name": "佩姬"
    },
    "871": {
        "id": 871,
        "name": "费利姆"
    },
    "872": {
        "id": 872,
        "name": "帕吕"
    },
    "873": {
        "id": 873,
        "name": "帕尔默"
    },
    "874": {
        "id": 874,
        "name": "帕尔逖"
    },
    "875": {
        "id": 875,
        "name": "帕梅拉"
    },
    "876": {
        "id": 876,
        "name": "巴米拉"
    },
    "877": {
        "id": 877,
        "name": "巴梅利"
    },
    "878": {
        "id": 878,
        "name": "潘达"
    },
    "879": {
        "id": 879,
        "name": "潘多拉"
    },
    "880": {
        "id": 880,
        "name": "潘迪"
    },
    "881": {
        "id": 881,
        "name": "潘西"
    },
    "882": {
        "id": 882,
        "name": "帕瑞斯"
    },
    "883": {
        "id": 883,
        "name": "帕里斯"
    },
    "884": {
        "id": 884,
        "name": "派克"
    },
    "885": {
        "id": 885,
        "name": "帕里什"
    },
    "886": {
        "id": 886,
        "name": "帕那尔"
    },
    "887": {
        "id": 887,
        "name": "派瑞"
    },
    "888": {
        "id": 888,
        "name": "帕森"
    },
    "889": {
        "id": 889,
        "name": "帕斯卡"
    },
    "890": {
        "id": 890,
        "name": "帕尔"
    },
    "891": {
        "id": 891,
        "name": "派曲"
    },
    "892": {
        "id": 892,
        "name": "佩兴斯"
    },
    "893": {
        "id": 893,
        "name": "帕蒂"
    },
    "894": {
        "id": 894,
        "name": "保罗"
    },
    "895": {
        "id": 895,
        "name": "保伦"
    },
    "896": {
        "id": 896,
        "name": "波林"
    },
    "897": {
        "id": 897,
        "name": "保卢斯"
    },
    "898": {
        "id": 898,
        "name": "帕伊登"
    },
    "899": {
        "id": 899,
        "name": "帕耶顿"
    },
    "900": {
        "id": 900,
        "name": "佩顿"
    },
    "901": {
        "id": 901,
        "name": "帕伊丁"
    },
    "902": {
        "id": 902,
        "name": "皮尔"
    },
    "903": {
        "id": 903,
        "name": "派德罗"
    },
    "904": {
        "id": 904,
        "name": "佩吉"
    },
    "905": {
        "id": 905,
        "name": "皮尔斯"
    },
    "906": {
        "id": 906,
        "name": "佩勒姆"
    },
    "907": {
        "id": 907,
        "name": "庞莱"
    },
    "908": {
        "id": 908,
        "name": "潘"
    },
    "909": {
        "id": 909,
        "name": "彭尼"
    },
    "910": {
        "id": 910,
        "name": "潘讷"
    },
    "911": {
        "id": 911,
        "name": "佩妮"
    },
    "912": {
        "id": 912,
        "name": "佩珀"
    },
    "913": {
        "id": 913,
        "name": "珀西"
    },
    "914": {
        "id": 914,
        "name": "卡希拉"
    },
    "915": {
        "id": 915,
        "name": "奎德"
    },
    "916": {
        "id": 916,
        "name": "奎萨尔"
    },
    "917": {
        "id": 917,
        "name": "昆娜"
    },
    "918": {
        "id": 918,
        "name": "昆纳"
    },
    "919": {
        "id": 919,
        "name": "昆特"
    },
    "920": {
        "id": 920,
        "name": "克兰"
    },
    "921": {
        "id": 921,
        "name": "奎尼"
    },
    "922": {
        "id": 922,
        "name": "库因"
    },
    "923": {
        "id": 923,
        "name": "昆兰"
    },
    "924": {
        "id": 924,
        "name": "昆特"
    },
    "925": {
        "id": 925,
        "name": "拉比"
    },
    "926": {
        "id": 926,
        "name": "烈利斯"
    },
    "927": {
        "id": 927,
        "name": "烈维"
    },
    "928": {
        "id": 928,
        "name": "拉根"
    },
    "929": {
        "id": 929,
        "name": "拉格纳"
    },
    "930": {
        "id": 930,
        "name": "雷贝尔特"
    },
    "931": {
        "id": 931,
        "name": "兰博"
    },
    "932": {
        "id": 932,
        "name": "罗利"
    },
    "933": {
        "id": 933,
        "name": "拉尔夫"
    },
    "934": {
        "id": 934,
        "name": "兰姆"
    },
    "935": {
        "id": 935,
        "name": "雷蒙"
    },
    "936": {
        "id": 936,
        "name": "拉米罗"
    },
    "937": {
        "id": 937,
        "name": "雷莫那"
    },
    "938": {
        "id": 938,
        "name": "拉姆瑟"
    },
    "939": {
        "id": 939,
        "name": "兰德"
    },
    "940": {
        "id": 940,
        "name": "兰迪"
    },
    "941": {
        "id": 941,
        "name": "蓝道夫"
    },
    "942": {
        "id": 942,
        "name": "雷"
    },
    "943": {
        "id": 943,
        "name": "兰妮"
    },
    "944": {
        "id": 944,
        "name": "拉乌尔"
    },
    "945": {
        "id": 945,
        "name": "莱沙"
    },
    "946": {
        "id": 946,
        "name": "莱库"
    },
    "947": {
        "id": 947,
        "name": "罗"
    },
    "948": {
        "id": 948,
        "name": "雷福德"
    },
    "949": {
        "id": 949,
        "name": "里纳"
    },
    "950": {
        "id": 950,
        "name": "瑞杰娜"
    },
    "951": {
        "id": 951,
        "name": "瑞蜜"
    },
    "952": {
        "id": 952,
        "name": "丽娜"
    },
    "953": {
        "id": 953,
        "name": "蕾妮"
    },
    "954": {
        "id": 954,
        "name": "萨宾娜"
    },
    "955": {
        "id": 955,
        "name": "赛迪"
    },
    "956": {
        "id": 956,
        "name": "撒立姆"
    },
    "957": {
        "id": 957,
        "name": "萨丽"
    },
    "958": {
        "id": 958,
        "name": "山姆"
    },
    "959": {
        "id": 959,
        "name": "沙乐美"
    },
    "960": {
        "id": 960,
        "name": "萨曼莎"
    },
    "961": {
        "id": 961,
        "name": "撒玛拉"
    },
    "962": {
        "id": 962,
        "name": "撒母耳"
    },
    "963": {
        "id": 963,
        "name": "山克"
    },
    "964": {
        "id": 964,
        "name": "桑德斯"
    },
    "965": {
        "id": 965,
        "name": "桑德拉"
    },
    "966": {
        "id": 966,
        "name": "桑夫德"
    },
    "967": {
        "id": 967,
        "name": "莎拉"
    },
    "968": {
        "id": 968,
        "name": "萨莎"
    },
    "969": {
        "id": 969,
        "name": "索尔"
    },
    "970": {
        "id": 970,
        "name": "萨切尔"
    },
    "971": {
        "id": 971,
        "name": "桑德拉"
    },
    "972": {
        "id": 972,
        "name": "撒克逊"
    },
    "973": {
        "id": 973,
        "name": "斯凯勒"
    },
    "974": {
        "id": 974,
        "name": "斯科特"
    },
    "975": {
        "id": 975,
        "name": "肖恩"
    },
    "976": {
        "id": 976,
        "name": "塞尔比"
    },
    "977": {
        "id": 977,
        "name": "赛尔玛"
    },
    "978": {
        "id": 978,
        "name": "萨琳娜"
    },
    "979": {
        "id": 979,
        "name": "森"
    },
    "980": {
        "id": 980,
        "name": "塞阔亚"
    },
    "981": {
        "id": 981,
        "name": "塞沃德"
    },
    "982": {
        "id": 982,
        "name": "西摩"
    },
    "983": {
        "id": 983,
        "name": "斯安纳"
    },
    "984": {
        "id": 984,
        "name": "夏罗姆"
    },
    "985": {
        "id": 985,
        "name": "莎娜"
    },
    "986": {
        "id": 986,
        "name": "杉蒂"
    },
    "987": {
        "id": 987,
        "name": "沙恩"
    },
    "988": {
        "id": 988,
        "name": "塔伯"
    },
    "989": {
        "id": 989,
        "name": "塔芭塔"
    },
    "990": {
        "id": 990,
        "name": "泰博"
    },
    "991": {
        "id": 991,
        "name": "泰贝莎"
    },
    "992": {
        "id": 992,
        "name": "泰丝"
    },
    "993": {
        "id": 993,
        "name": "泰斯塔"
    },
    "994": {
        "id": 994,
        "name": "泰费"
    },
    "995": {
        "id": 995,
        "name": "泰玛"
    },
    "996": {
        "id": 996,
        "name": "塔尔"
    },
    "997": {
        "id": 997,
        "name": "伊恩"
    },
    "998": {
        "id": 998,
        "name": "泰琳"
    },
    "999": {
        "id": 999,
        "name": "泰丽丝"
    },
    "1000": {
        "id": 1000,
        "name": "塔梅拉"
    },
    "1001": {
        "id": 1001,
        "name": "坦盖拉"
    },
    "1002": {
        "id": 1002,
        "name": "特纳"
    },
    "1003": {
        "id": 1003,
        "name": "特伦斯"
    },
    "1004": {
        "id": 1004,
        "name": "特丽莎"
    },
    "1005": {
        "id": 1005,
        "name": "乌达莱"
    },
    "1006": {
        "id": 1006,
        "name": "乌德尔"
    },
    "1007": {
        "id": 1007,
        "name": "乌果"
    },
    "1008": {
        "id": 1008,
        "name": "厄普顿"
    },
    "1009": {
        "id": 1009,
        "name": "乌兰妮"
    },
    "1010": {
        "id": 1010,
        "name": "乌拉姆"
    },
    "1011": {
        "id": 1011,
        "name": "瓦克伦"
    },
    "1012": {
        "id": 1012,
        "name": "维尔"
    },
    "1013": {
        "id": 1013,
        "name": "韦尔"
    },
    "1014": {
        "id": 1014,
        "name": "杰克"
    },
    "1015": {
        "id": 1015,
        "name": "詹姆斯"
    },
    "1016": {
        "id": 1016,
        "name": "瓦拉"
    },
    "1017": {
        "id": 1017,
        "name": "瓦拉里"
    },
    "1018": {
        "id": 1018,
        "name": "瓦伦丁"
    },
    "1019": {
        "id": 1019,
        "name": "韦尔达"
    },
    "1020": {
        "id": 1020,
        "name": "夫尔瓦"
    },
    "1021": {
        "id": 1021,
        "name": "维尔玛"
    },
    "1022": {
        "id": 1022,
        "name": "维纳斯"
    },
    "1023": {
        "id": 1023,
        "name": "韦尔迪"
    },
    "1024": {
        "id": 1024,
        "name": "维里蒂"
    },
    "1025": {
        "id": 1025,
        "name": "韦德"
    },
    "1026": {
        "id": 1026,
        "name": "韦德利"
    },
    "1027": {
        "id": 1027,
        "name": "维更娜"
    },
    "1028": {
        "id": 1028,
        "name": "沃法"
    },
    "1029": {
        "id": 1029,
        "name": "韦恩"
    },
    "1030": {
        "id": 1030,
        "name": "文诺"
    },
    "1031": {
        "id": 1031,
        "name": "怀特"
    },
    "1032": {
        "id": 1032,
        "name": "维莱特"
    },
    "1033": {
        "id": 1033,
        "name": "瓦尔多"
    },
    "1034": {
        "id": 1034,
        "name": "瓦尔登"
    },
    "1035": {
        "id": 1035,
        "name": "沃丽丝"
    },
    "1036": {
        "id": 1036,
        "name": "沃尔特"
    },
    "1037": {
        "id": 1037,
        "name": "旺达"
    },
    "1038": {
        "id": 1038,
        "name": "万尼塔"
    },
    "1039": {
        "id": 1039,
        "name": "沃德"
    },
    "1040": {
        "id": 1040,
        "name": "瓦尔达"
    },
    "1041": {
        "id": 1041,
        "name": "华纳"
    },
    "1042": {
        "id": 1042,
        "name": "瓦伊德"
    },
    "1043": {
        "id": 1043,
        "name": "韦兰"
    },
    "1044": {
        "id": 1044,
        "name": "威灵顿"
    },
    "1045": {
        "id": 1045,
        "name": "威廉"
    },
    "1046": {
        "id": 1046,
        "name": "温德尔"
    },
    "1047": {
        "id": 1047,
        "name": "韦斯利"
    },
    "1048": {
        "id": 1048,
        "name": "韦斯顿"
    },
    "1049": {
        "id": 1049,
        "name": "珍妮弗"
    },
    "1050": {
        "id": 1050,
        "name": "惠勒"
    },
    "1051": {
        "id": 1051,
        "name": "惠特"
    },
    "1052": {
        "id": 1052,
        "name": "塞诺斯"
    },
    "1053": {
        "id": 1053,
        "name": "亚迪拉"
    },
    "1054": {
        "id": 1054,
        "name": "耶鲁"
    },
    "1055": {
        "id": 1055,
        "name": "扬西"
    },
    "1056": {
        "id": 1056,
        "name": "扬尼克"
    },
    "1057": {
        "id": 1057,
        "name": "亚尼拉"
    },
    "1058": {
        "id": 1058,
        "name": "亚内尔"
    },
    "1059": {
        "id": 1059,
        "name": "亚斯曼"
    },
    "1060": {
        "id": 1060,
        "name": "耶茨"
    },
    "1061": {
        "id": 1061,
        "name": "约曼"
    },
    "1062": {
        "id": 1062,
        "name": "扎克"
    },
    "1063": {
        "id": 1063,
        "name": "扎卡里"
    },
    "1064": {
        "id": 1064,
        "name": "扎克雷"
    },
    "1065": {
        "id": 1065,
        "name": "丹密斯"
    },
    "1066": {
        "id": 1066,
        "name": "德纳利"
    },
    "1067": {
        "id": 1067,
        "name": "丹尼斯"
    },
    "1068": {
        "id": 1068,
        "name": "德翁"
    },
    "1069": {
        "id": 1069,
        "name": "德里克"
    },
    "1070": {
        "id": 1070,
        "name": "黛琳"
    },
    "1071": {
        "id": 1071,
        "name": "戴沙"
    },
    "1072": {
        "id": 1072,
        "name": "戴夫林"
    },
    "1073": {
        "id": 1073,
        "name": "杜威"
    },
    "1074": {
        "id": 1074,
        "name": "狄利斯"
    },
    "1075": {
        "id": 1075,
        "name": "邓肯"
    },
    "1076": {
        "id": 1076,
        "name": "多尔茜"
    },
    "1077": {
        "id": 1077,
        "name": "杜伦特"
    },
    "1078": {
        "id": 1078,
        "name": "德怀特"
    },
    "1079": {
        "id": 1079,
        "name": "德韦恩"
    },
    "1080": {
        "id": 1080,
        "name": "多瑞亚"
    },
    "1081": {
        "id": 1081,
        "name": "多瑞特"
    },
    "1082": {
        "id": 1082,
        "name": "比奇"
    },
    "1083": {
        "id": 1083,
        "name": "拜伦"
    },
    "1084": {
        "id": 1084,
        "name": "巴斯特"
    },
    "1085": {
        "id": 1085,
        "name": "百顿"
    },
    "1086": {
        "id": 1086,
        "name": "布鲁克"
    },
    "1087": {
        "id": 1087,
        "name": "布鲁斯"
    },
    "1088": {
        "id": 1088,
        "name": "碧姬"
    },
    "1089": {
        "id": 1089,
        "name": "布雷"
    },
    "1090": {
        "id": 1090,
        "name": "布雷恩"
    },
    "1091": {
        "id": 1091,
        "name": "奥顿"
    },
    "1092": {
        "id": 1092,
        "name": "奥斯汀"
    },
    "1093": {
        "id": 1093,
        "name": "艾夫琳"
    },
    "1094": {
        "id": 1094,
        "name": "艾维尔"
    },
    "1095": {
        "id": 1095,
        "name": "埃弗里"
    },
    "1096": {
        "id": 1096,
        "name": "阿什利"
    },
    "1097": {
        "id": 1097,
        "name": "阿什琳"
    },
    "1098": {
        "id": 1098,
        "name": "艾西亚"
    },
    "1099": {
        "id": 1099,
        "name": "艾斯丁"
    },
    "1100": {
        "id": 1100,
        "name": "雅典娜"
    },
    "1101": {
        "id": 1101,
        "name": "奥布里"
    },
    "1102": {
        "id": 1102,
        "name": "奥黛丽"
    },
    "1103": {
        "id": 1103,
        "name": "阿曼多"
    },
    "1104": {
        "id": 1104,
        "name": "阿诺德"
    },
    "1105": {
        "id": 1105,
        "name": "阿瑟"
    },
    "1106": {
        "id": 1106,
        "name": "阿立亚"
    },
    "1107": {
        "id": 1107,
        "name": "阿里尔"
    },
    "1108": {
        "id": 1108,
        "name": "艾瑞恩"
    },
    "1109": {
        "id": 1109,
        "name": "艾瑞萨"
    },
    "1110": {
        "id": 1110,
        "name": "阿尔伦"
    },
    "1111": {
        "id": 1111,
        "name": "阿利纳"
    },
    "1112": {
        "id": 1112,
        "name": "弗里茨"
    },
    "1113": {
        "id": 1113,
        "name": "弗朗德"
    },
    "1114": {
        "id": 1114,
        "name": "弗丽娅"
    },
    "1115": {
        "id": 1115,
        "name": "法兰克"
    },
    "1116": {
        "id": 1116,
        "name": "弗雷泽"
    },
    "1117": {
        "id": 1117,
        "name": "弗雷德"
    },
    "1118": {
        "id": 1118,
        "name": "福克斯"
    },
    "1119": {
        "id": 1119,
        "name": "艾薇"
    },
    "1120": {
        "id": 1120,
        "name": "伊夫"
    },
    "1121": {
        "id": 1121,
        "name": "伊特斯"
    },
    "1122": {
        "id": 1122,
        "name": "伊万"
    },
    "1123": {
        "id": 1123,
        "name": "艾弗森"
    },
    "1124": {
        "id": 1124,
        "name": "艾维"
    },
    "1125": {
        "id": 1125,
        "name": "亨特"
    },
    "1126": {
        "id": 1126,
        "name": "汉弗莱"
    },
    "1127": {
        "id": 1127,
        "name": "海信丝"
    },
    "1128": {
        "id": 1128,
        "name": "休特斯"
    },
    "1129": {
        "id": 1129,
        "name": "斯罗斯"
    },
    "1130": {
        "id": 1130,
        "name": "亨伯特"
    },
    "1131": {
        "id": 1131,
        "name": "昂纳"
    },
    "1132": {
        "id": 1132,
        "name": "妮蒂亚"
    },
    "1133": {
        "id": 1133,
        "name": "诺里斯"
    },
    "1134": {
        "id": 1134,
        "name": "诺顿"
    },
    "1135": {
        "id": 1135,
        "name": "诺尔温"
    },
    "1136": {
        "id": 1136,
        "name": "努比亚"
    },
    "1137": {
        "id": 1137,
        "name": "努塞尔"
    },
    "1138": {
        "id": 1138,
        "name": "诺伦内"
    },
    "1139": {
        "id": 1139,
        "name": "诺拉"
    },
    "1140": {
        "id": 1140,
        "name": "南达格"
    },
    "1141": {
        "id": 1141,
        "name": "诺尼"
    },
    "1142": {
        "id": 1142,
        "name": "诺林纳"
    },
    "1143": {
        "id": 1143,
        "name": "诺姆"
    },
    "1144": {
        "id": 1144,
        "name": "诺曼德"
    },
    "1145": {
        "id": 1145,
        "name": "尼科尔"
    },
    "1146": {
        "id": 1146,
        "name": "奈尔斯"
    },
    "1147": {
        "id": 1147,
        "name": "妮塔"
    },
    "1148": {
        "id": 1148,
        "name": "诺姆"
    },
    "1149": {
        "id": 1149,
        "name": "诺亚"
    },
    "1150": {
        "id": 1150,
        "name": "伊万德"
    },
    "1151": {
        "id": 1151,
        "name": "伊芙琳"
    },
    "1152": {
        "id": 1152,
        "name": "伊凡"
    },
    "1153": {
        "id": 1153,
        "name": "埃伊迪"
    },
    "1154": {
        "id": 1154,
        "name": "艾瑟儿"
    },
    "1155": {
        "id": 1155,
        "name": "尤妮丝"
    },
    "1156": {
        "id": 1156,
        "name": "奥斯泽"
    },
    "1157": {
        "id": 1157,
        "name": "奥托"
    },
    "1158": {
        "id": 1158,
        "name": "欧文"
    },
    "1159": {
        "id": 1159,
        "name": "利顿"
    },
    "1160": {
        "id": 1160,
        "name": "丽奈特"
    },
    "1161": {
        "id": 1161,
        "name": "莱尔"
    },
    "1162": {
        "id": 1162,
        "name": "路德"
    },
    "1163": {
        "id": 1163,
        "name": "卢克"
    },
    "1164": {
        "id": 1164,
        "name": "卢拉"
    },
    "1165": {
        "id": 1165,
        "name": "莱纳斯"
    },
    "1166": {
        "id": 1166,
        "name": "丽莎"
    },
    "1167": {
        "id": 1167,
        "name": "卢埃林"
    },
    "1168": {
        "id": 1168,
        "name": "罗拉"
    },
    "1169": {
        "id": 1169,
        "name": "洛丽塔"
    }}
