{
    "1001": {
        "id": 1001,
        "des": "动作-奇牙",
        "json": "wj_000_qiya",
        "atlas": "wj_000_qiya",
        "ani_name": "0001_daiji",
        "loop": 1,
        "key": 0,
        "order": 1
    },
    "1002": {
        "id": 1002,
        "des": "动作-智喜",
        "json": "wj_001_zhixi",
        "atlas": "wj_001_zhixi",
        "ani_name": "0001_daiji",
        "loop": 1,
        "key": 0,
        "order": 2
    },
    "1003": {
        "id": 1003,
        "des": "动作-小滴",
        "json": "wj_002_xiaodi",
        "atlas": "wj_002_xiaodi",
        "ani_name": "0001_daiji",
        "loop": 1,
        "key": 0,
        "order": 3
    },
    "1004": {
        "id": 1004,
        "des": "动作-伊尔迷",
        "json": "wj_003_yiermi",
        "atlas": "wj_003_yiermi",
        "ani_name": "0001_daiji",
        "loop": 1,
        "key": 0,
        "order": 4
    },
    "1005": {
        "id": 1005,
        "des": "动作-凯特",
        "json": "wj_004_kaite",
        "atlas": "wj_004_kaite",
        "ani_name": "0001_daiji",
        "loop": 1,
        "key": 0,
        "order": 5
    },
    "1006": {
        "id": 1006,
        "des": "动作-萨次",
        "json": "wj_005_saci",
        "atlas": "wj_005_saci",
        "ani_name": "0001_daiji",
        "loop": 1,
        "key": 0,
        "order": 6
    },
    "1007": {
        "id": 1007,
        "des": "动作-窝金",
        "json": "wj_006_wojin",
        "atlas": "wj_006_wojin",
        "ani_name": "0001_daiji",
        "loop": 1,
        "key": 0,
        "order": 7
    },
    "1008": {
        "id": 1008,
        "des": "动作-半藏",
        "json": "wj_007_banzang",
        "atlas": "wj_007_banzang",
        "ani_name": "0001_daiji",
        "loop": 1,
        "key": 0,
        "order": 8
    },
    "1010": {
        "id": 1010,
        "des": "动作-东巴",
        "json": "wj_009_dongba",
        "atlas": "wj_009_dongba",
        "ani_name": "0001_daiji",
        "loop": 1,
        "key": 0,
        "order": 9
    },
    "1011": {
        "id": 1011,
        "des": "动作-飞坦",
        "json": "wj_010_feitan",
        "atlas": "wj_010_feitan",
        "ani_name": "0001_daiji",
        "loop": 1,
        "key": 0,
        "order": 10
    },
    "1012": {
        "id": 1012,
        "des": "动作-芬克斯",
        "json": "wj_011_fenkesi",
        "atlas": "wj_011_fenkesi",
        "ani_name": "0001_daiji",
        "loop": 1,
        "key": 0,
        "order": 11
    },
    "1013": {
        "id": 1013,
        "des": "动作-富兰克林",
        "json": "wj_012_fulankelin",
        "atlas": "wj_012_fulankelin",
        "ani_name": "0001_daiji",
        "loop": 1,
        "key": 0,
        "order": 12
    },
    "1014": {
        "id": 1014,
        "des": "动作-华石斗郎",
        "json": "wj_013_huashidoulang",
        "atlas": "wj_013_huashidoulang",
        "ani_name": "0001_daiji",
        "loop": 1,
        "key": 0,
        "order": 13
    },
    "1015": {
        "id": 1015,
        "des": "动作-疾斗",
        "json": "wj_014_jidou",
        "atlas": "wj_014_jidou",
        "ani_name": "0001_daiji",
        "loop": 1,
        "key": 0,
        "order": 14
    },
    "1016": {
        "id": 1016,
        "des": "动作-剥罗裂夫",
        "json": "wj_015_boluoliefu",
        "atlas": "wj_015_boluoliefu",
        "ani_name": "0001_daiji",
        "loop": 1,
        "key": 0,
        "order": 15
    },
    "1017": {
        "id": 1017,
        "des": "动作-库洛洛",
        "json": "wj_016_kuluoluo",
        "atlas": "wj_016_kuluoluo",
        "ani_name": "0001_daiji",
        "loop": 1,
        "key": 0,
        "order": 16
    },
    "1018": {
        "id": 1018,
        "des": "动作-席巴",
        "json": "wj_017_xiba",
        "atlas": "wj_017_xiba",
        "ani_name": "0001_daiji",
        "loop": 1,
        "key": 0,
        "order": 17
    },
    "1019": {
        "id": 1019,
        "des": "动作-杰诺",
        "json": "wj_018_jienuo",
        "atlas": "wj_018_jienuo",
        "ani_name": "0001_daiji",
        "loop": 1,
        "key": 0,
        "order": 18
    },
    "1020": {
        "id": 1020,
        "des": "动作-柯特",
        "json": "wj_019_kete",
        "atlas": "wj_019_kete",
        "ani_name": "0001_daiji",
        "loop": 1,
        "key": 0,
        "order": 19
    },
    "1021": {
        "id": 1021,
        "des": "动作-库哔",
        "json": "wj_020_kubi",
        "atlas": "wj_020_kubi",
        "ani_name": "0001_daiji",
        "loop": 1,
        "key": 0,
        "order": 20
    },
    "1022": {
        "id": 1022,
        "des": "动作-狸狈多",
        "json": "wj_021_libeiduo",
        "atlas": "wj_021_libeiduo",
        "ani_name": "0001_daiji",
        "loop": 1,
        "key": 0,
        "order": 21
    },
    "1023": {
        "id": 1023,
        "des": "动作-玛琪",
        "json": "wj_022_maqi",
        "atlas": "wj_022_maqi",
        "ani_name": "0001_daiji",
        "loop": 1,
        "key": 0,
        "order": 22
    },
    "1024": {
        "id": 1024,
        "des": "动作-门琪",
        "json": "wj_023_menqi",
        "atlas": "wj_023_menqi",
        "ani_name": "0001_daiji",
        "loop": 1,
        "key": 0,
        "order": 23
    },
    "1025": {
        "id": 1025,
        "des": "动作-迷稽",
        "json": "wj_024_miji",
        "atlas": "wj_024_miji",
        "ani_name": "0001_daiji",
        "loop": 1,
        "key": 0,
        "order": 24
    },
    "1026": {
        "id": 1026,
        "des": "动作-派克",
        "json": "wj_025_paike",
        "atlas": "wj_025_paike",
        "ani_name": "0001_daiji",
        "loop": 1,
        "key": 0,
        "order": 25
    },
    "1027": {
        "id": 1027,
        "des": "动作-杀大索",
        "json": "wj_026_shadasuo",
        "atlas": "wj_026_shadasuo",
        "ani_name": "0001_daiji",
        "loop": 1,
        "key": 0,
        "order": 26
    },
    "1028": {
        "id": 1028,
        "des": "动作-信长",
        "json": "wj_027_xinchang",
        "atlas": "wj_027_xinchang",
        "ani_name": "0001_daiji",
        "loop": 1,
        "key": 0,
        "order": 27
    },
    "1029": {
        "id": 1029,
        "des": "动作-云古",
        "json": "wj_028_yungu",
        "atlas": "wj_028_yungu",
        "ani_name": "0001_daiji",
        "loop": 1,
        "key": 0,
        "order": 28
    },
    "1030": {
        "id": 1030,
        "des": "动作-侠客",
        "json": "wj_029_xiake",
        "atlas": "wj_029_xiake",
        "ani_name": "0001_daiji",
        "loop": 1,
        "key": 0,
        "order": 29
    },
    "1031": {
        "id": 1031,
        "des": "动作-雷欧力",
        "json": "wj_030_leiouli",
        "atlas": "wj_030_leiouli",
        "ani_name": "0001_daiji",
        "loop": 1,
        "key": 0,
        "order": 30
    },
    "1032": {
        "id": 1032,
        "des": "动作-小杰",
        "json": "wj_031_xiaojie",
        "atlas": "wj_031_xiaojie",
        "ani_name": "0001_daiji",
        "loop": 1,
        "key": 0,
        "order": 31
    },
    "1033": {
        "id": 1033,
        "des": "动作-西索",
        "json": "wj_032_xisuo",
        "atlas": "wj_032_xisuo",
        "ani_name": "0001_daiji",
        "loop": 1,
        "key": 0,
        "order": 32
    },
    "1034": {
        "id": 1034,
        "des": "动作-酷拉皮卡",
        "json": "wj_033_kulapika",
        "atlas": "wj_033_kulapika",
        "ani_name": "0001_daiji",
        "loop": 1,
        "key": 0,
        "order": 33
    },
    "1035": {
        "id": 1035,
        "des": "动作-会长",
        "json": "wj_034_niteluo",
        "atlas": "wj_034_niteluo",
        "ani_name": "0001_daiji",
        "loop": 1,
        "key": 0,
        "order": 34
    },
    "1036": {
        "id": 1036,
        "des": "动作-蚁王",
        "json": "wj_035_yiwang",
        "atlas": "wj_035_yiwang",
        "ani_name": "0001_daiji",
        "loop": 1,
        "key": 0,
        "order": 35
    },
    "1037": {
        "id": 1037,
        "des": "动作-磊扎",
        "json": "wj_036_leizha",
        "atlas": "wj_036_leizha",
        "ani_name": "0001_daiji",
        "loop": 1,
        "key": 0,
        "order": 36
    },
    "1038": {
        "id": 1038,
        "des": "动作-尼翁",
        "json": "wj_037_niweng",
        "atlas": "wj_037_niweng",
        "ani_name": "0001_daiji",
        "loop": 1,
        "key": 0,
        "order": 37
    },
    "1039": {
        "id": 1039,
        "des": "动作-旋律",
        "json": "wj_038_xuanlv",
        "atlas": "wj_038_xuanlv",
        "ani_name": "0001_daiji",
        "loop": 1,
        "key": 0,
        "order": 38
    },
    "1040": {
        "id": 1040,
        "des": "动作-比斯吉",
        "json": "wj_039_bisiji",
        "atlas": "wj_039_bisiji",
        "ani_name": "0001_daiji",
        "loop": 1,
        "key": 0,
        "order": 39
    },
    "1041": {
        "id": 1041,
        "des": "动作-炸弹魔",
        "json": "wj_040_zhadanmo",
        "atlas": "wj_040_zhadanmo",
        "ani_name": "0001_daiji",
        "loop": 1,
        "key": 0,
        "order": 40
    },
    "1042": {
        "id": 1042,
        "des": "动作-枭亚普夫",
        "json": "wj_041_hudie",
        "atlas": "wj_041_hudie",
        "ani_name": "0001_daiji",
        "loop": 1,
        "key": 0,
        "order": 41
    },
    "1043": {
        "id": 1043,
        "des": "动作-孟徒徒尤匹",
        "json": "wj_042_renma",
        "atlas": "wj_042_renma",
        "ani_name": "0001_daiji",
        "loop": 1,
        "key": 0,
        "order": 42
    },
    "1044": {
        "id": 1044,
        "des": "动作-尼飞彼多",
        "json": "wj_043_maonv",
        "atlas": "wj_043_maonv",
        "ani_name": "0001_daiji",
        "loop": 1,
        "key": 0,
        "order": 43
    },
    "1045": {
        "id": 1045,
        "des": "动作-庞姆",
        "json": "wj_044_pangmu",
        "atlas": "wj_044_pangmu",
        "ani_name": "0001_daiji",
        "loop": 1,
        "key": 0,
        "order": 44
    },
    "1046": {
        "id": 1046,
        "des": "动作-小麦",
        "json": "wj_045_xiaomai",
        "atlas": "wj_045_xiaomai",
        "ani_name": "0001_daiji",
        "loop": 1,
        "key": 0,
        "order": 45
    },
    "1047": {
        "id": 1047,
        "des": "动作-梅雷翁",
        "json": "wj_046_bianselong",
        "atlas": "wj_046_bianselong",
        "ani_name": "0001_daiji",
        "loop": 1,
        "key": 0,
        "order": 46
    },
    "1048": {
        "id": 1048,
        "des": "动作-拿酷戮",
        "json": "wj_047_nakulu",
        "atlas": "wj_047_nakulu",
        "ani_name": "0001_daiji",
        "loop": 1,
        "key": 0,
        "order": 47
    },
    "1049": {
        "id": 1049,
        "des": "动作-小杰（黑化）",
        "json": "wj_048_heixiaojie",
        "atlas": "wj_048_heixiaojie",
        "ani_name": "0001_daiji",
        "loop": 1,
        "key": 0,
        "order": 48
    },
    "1050": {
        "id": 1050,
        "des": "动作-莫老五",
        "json": "wj_049_molaowu",
        "atlas": "wj_049_molaowu",
        "ani_name": "0001_daiji",
        "loop": 1,
        "key": 0,
        "order": 49
    },
    "1051": {
        "id": 1051,
        "des": "动作-火红眼",
        "json": "wj_050_hongka",
        "atlas": "wj_050_hongka",
        "ani_name": "0001_daiji",
        "loop": 1,
        "key": 0,
        "order": 50
    },
    "1052": {
        "id": 1052,
        "des": "动作-亚路嘉",
        "json": "wj_051_yalujia",
        "atlas": "wj_051_yalujia",
        "ani_name": "0001_daiji",
        "loop": 1,
        "key": 0,
        "order": 51
    },
    "1053": {
        "id": 1053,
        "des": "动作-雷神奇犽",
        "json": "wj_052_leiya",
        "atlas": "wj_052_leiya",
        "ani_name": "0001_daiji",
        "loop": 1,
        "key": 0,
        "order": 52
    },
    "1054": {
        "id": 1054,
        "des": "动作-金",
        "json": "wj_053_jin",
        "atlas": "wj_053_jin",
        "ani_name": "0001_daiji",
        "loop": 1,
        "key": 0,
        "order": 53
    },
    "1055": {
        "id": 1055,
        "des": "动作-傀儡凯特",
        "json": "wj_054_sikai",
        "atlas": "wj_054_sikai",
        "ani_name": "0001_daiji",
        "loop": 1,
        "key": 0,
        "order": 54
    },
    "1056": {
        "id": 1056,
        "des": "动作-拿尼加",
        "json": "wj_054_nanijia",
        "atlas": "wj_054_nanijia",
        "ani_name": "0001_daiji",
        "loop": 1,
        "key": 0,
        "order": 55
    },
    "1057": {
        "id": 1057,
        "des": "动作-蚁后",
        "json": "wj_053_wanghou",
        "atlas": "wj_053_wanghou",
        "ani_name": "0001_daiji",
        "loop": 1,
        "key": 0,
        "order": 56
    },
    "1058": {
        "id": 1058,
        "des": "动作-暴走比丝姬",
        "json": "wj_057_bibao",
        "atlas": "wj_057_bibao",
        "ani_name": "0001_daiji",
        "loop": 1,
        "key": 0,
        "order": 57
    },
    "1059": {
        "id": 1059,
        "des": "动作-帕里斯通",
        "json": "wj_000_palisitong",
        "atlas": "wj_000_palisitong",
        "ani_name": "0001_daiji",
        "loop": 1,
        "key": 0,
        "order": 58
    },
    "1060": {
        "id": 1060,
        "des": "动作-银达",
        "json": "wj_000_yinda",
        "atlas": "wj_000_yinda",
        "ani_name": "0001_daiji",
        "loop": 1,
        "key": 0,
        "order": 59
    },
    "1061": {
        "id": 1061,
        "des": "动作-康宰",
        "json": "wj_000_kangzai",
        "atlas": "wj_000_kangzai",
        "ani_name": "0001_daiji",
        "loop": 1,
        "key": 0,
        "order": 60
    },
    "1062": {
        "id": 1062,
        "des": "动作-皮约恩",
        "json": "wj_piyueen",
        "atlas": "wj_piyueen",
        "ani_name": "0001_daiji",
        "loop": 1,
        "key": 0,
        "order": 61
    },
    "1100": {
        "id": 1100,
        "des": "动作-纵火犯",
        "json": "gw_000_zonghuofan",
        "atlas": "gw_000_zonghuofan",
        "ani_name": "0001_daiji",
        "loop": 1,
        "key": 0,
        "order": 60
    },
    "1101": {
        "id": 1101,
        "des": "动作-诈骗犯",
        "json": "gw_001_zhapianfan",
        "atlas": "gw_001_zhapianfan",
        "ani_name": "0001_daiji",
        "loop": 1,
        "key": 0,
        "order": 61
    },
    "1102": {
        "id": 1102,
        "des": "动作-蘑菇怪",
        "json": "gw_002_mogu",
        "atlas": "gw_002_mogu",
        "ani_name": "0001_daiji",
        "loop": 1,
        "key": 0,
        "order": 62
    },
    "1103": {
        "id": 1103,
        "des": "动作-食人花",
        "json": "gw_003_shirenhua",
        "atlas": "gw_003_shirenhua",
        "ani_name": "0001_daiji",
        "loop": 1,
        "key": 0,
        "order": 63
    },
    "1104": {
        "id": 1104,
        "des": "动作-血乌鸦",
        "json": "gw_004_wuya",
        "atlas": "gw_004_wuya",
        "ani_name": "0001_daiji",
        "loop": 1,
        "key": 0,
        "order": 64
    },
    "1105": {
        "id": 1105,
        "des": "动作-木头怪",
        "json": "gw_005_mutou",
        "atlas": "gw_005_mutou",
        "ani_name": "0001_daiji",
        "loop": 1,
        "key": 0,
        "order": 65
    },
    "1106": {
        "id": 1106,
        "des": "动作-复仇者",
        "json": "gw_006_fucouzhe",
        "atlas": "gw_006_fucouzhe",
        "ani_name": "0001_daiji",
        "loop": 1,
        "key": 0,
        "order": 66
    },
    "1107": {
        "id": 1107,
        "des": "动作-黑衣管家",
        "json": "gw_007_heiyiren",
        "atlas": "gw_007_heiyiren",
        "ani_name": "0001_daiji",
        "loop": 1,
        "key": 0,
        "order": 67
    },
    "1108": {
        "id": 1108,
        "des": "动作-武道家",
        "json": "gw_008_wudaojia",
        "atlas": "gw_008_wudaojia",
        "ani_name": "0001_daiji",
        "loop": 1,
        "key": 0,
        "order": 68
    },
    "1109": {
        "id": 1109,
        "des": "动作-野猪",
        "json": "gw_009_yezhu",
        "atlas": "gw_009_yezhu",
        "ani_name": "0001_daiji",
        "loop": 1,
        "key": 0,
        "order": 69
    },
    "1110": {
        "id": 1110,
        "des": "动作-恶棍",
        "json": "gw_010_egun",
        "atlas": "gw_010_egun",
        "ani_name": "0001_daiji",
        "loop": 1,
        "key": 0,
        "order": 70
    },
    "1111": {
        "id": 1111,
        "des": "动作-狐熊",
        "json": "gw_011_huxiong",
        "atlas": "gw_011_huxiong",
        "ani_name": "0001_daiji",
        "loop": 1,
        "key": 0,
        "order": 71
    },
    "1112": {
        "id": 1112,
        "des": "动作-病犬",
        "json": "gw_012_bingquan",
        "atlas": "gw_012_bingquan",
        "ani_name": "0001_daiji",
        "loop": 1,
        "key": 0,
        "order": 72
    },
    "1113": {
        "id": 1113,
        "des": "动作-副船长",
        "json": "gw_013_fuchuanzhang",
        "atlas": "gw_013_fuchuanzhang",
        "ani_name": "0001_daiji",
        "loop": 1,
        "key": 0,
        "order": 73
    },
    "1114": {
        "id": 1114,
        "des": "动作-胖水手",
        "json": "gw_014_chuanyuan1",
        "atlas": "gw_014_chuanyuan1",
        "ani_name": "0001_daiji",
        "loop": 1,
        "key": 0,
        "order": 74
    },
    "1115": {
        "id": 1115,
        "des": "动作-猎犬人",
        "json": "gw_015_liequanren",
        "atlas": "gw_015_liequanren",
        "ani_name": "0001_daiji",
        "loop": 1,
        "key": 0,
        "order": 75
    },
    "1116": {
        "id": 1116,
        "des": "动作-杀手",
        "json": "gw_016_shashou",
        "atlas": "gw_016_shashou",
        "ani_name": "0001_daiji",
        "loop": 1,
        "key": 0,
        "order": 76
    },
    "1117": {
        "id": 1117,
        "des": "动作-豪猪",
        "json": "gw_017_haozhu",
        "atlas": "gw_017_haozhu",
        "ani_name": "0001_daiji",
        "loop": 1,
        "key": 0,
        "order": 77
    },
    "1118": {
        "id": 1118,
        "des": "动作-暗杀者",
        "json": "gw_018_anshazhe",
        "atlas": "gw_018_anshazhe",
        "ani_name": "0001_daiji",
        "loop": 1,
        "key": 0,
        "order": 78
    },
    "1119": {
        "id": 1119,
        "des": "动作-瘦水手",
        "json": "gw_019_shoushuishou",
        "atlas": "gw_019_shoushuishou",
        "ani_name": "0001_daiji",
        "loop": 1,
        "key": 0,
        "order": 79
    },
    "1120": {
        "id": 1120,
        "des": "动作-魔狼",
        "json": "gw_020_molang",
        "atlas": "gw_020_molang",
        "ani_name": "0001_daiji",
        "loop": 1,
        "key": 0,
        "order": 80
    },
    "1123": {
        "id": 1123,
        "des": "动作-费婕",
        "json": "gw_023_feijie",
        "atlas": "gw_023_feijie",
        "ani_name": "0001_daiji",
        "loop": 1,
        "key": 0,
        "order": 81
    },
    "1125": {
        "id": 1125,
        "des": "动作-见习管家",
        "json": "gw_025_jianxiguanjia",
        "atlas": "gw_025_jianxiguanjia",
        "ani_name": "0001_daiji",
        "loop": 1,
        "key": 0,
        "order": 82
    },
    "1126": {
        "id": 1126,
        "des": "动作-蝎子女",
        "json": "gw_026_xiezinv",
        "atlas": "gw_026_xiezinv",
        "ani_name": "0001_daiji",
        "loop": 1,
        "key": 0,
        "order": 83
    },
    "1127": {
        "id": 1127,
        "des": "动作-母鸡",
        "json": "gw_027_muji",
        "atlas": "gw_027_muji",
        "ani_name": "0001_daiji",
        "loop": 1,
        "key": 0,
        "order": 84
    },
    "1128": {
        "id": 1128,
        "des": "动作-龙虾",
        "json": "gw_028_longxia",
        "atlas": "gw_028_longxia",
        "ani_name": "0001_daiji",
        "loop": 1,
        "key": 0,
        "order": 85
    },
    "1129": {
        "id": 1129,
        "des": "动作-狮子",
        "json": "gw_029_shizi",
        "atlas": "gw_029_shizi",
        "ani_name": "0001_daiji",
        "loop": 1,
        "key": 0,
        "order": 86
    },
    "1130": {
        "id": 1130,
        "des": "动作-鸟人",
        "json": "gw_030_niaoren",
        "atlas": "gw_030_niaoren",
        "ani_name": "0001_daiji",
        "loop": 1,
        "key": 0,
        "order": 87
    },
    "1131": {
        "id": 1131,
        "des": "动作-港口老鼠",
        "json": "gw_tiaotiaoshu",
        "atlas": "gw_tiaotiaoshu",
        "ani_name": "0001_daiji",
        "loop": 1,
        "key": 0,
        "order": 88
    },
    "2006": {
        "id": 2006,
        "des": "特效-萨次",
        "json": "wj_005_saci_eff",
        "atlas": "wj_005_saci_eff",
        "ani_name": "",
        "loop": 0,
        "key": 1,
        "order": 89
    },
    "2018": {
        "id": 2018,
        "des": "特效-席巴",
        "json": "wj_017_xiba_eff",
        "atlas": "wj_017_xiba_eff",
        "ani_name": "",
        "loop": 0,
        "key": 1,
        "order": 90
    },
    "2028": {
        "id": 2028,
        "des": "特效-信长1",
        "json": "wj_056_xinchang_eff",
        "atlas": "wj_056_xinchang_eff",
        "ani_name": "",
        "loop": 0,
        "key": 1,
        "order": 91
    },
    "20281": {
        "id": 20281,
        "des": "特效-信长2",
        "json": "wj_056_xinchang_eff2",
        "atlas": "wj_056_xinchang_eff2",
        "ani_name": "",
        "loop": 0,
        "key": 1,
        "order": 92
    },
    "20282": {
        "id": 20282,
        "des": "特效-信长3",
        "json": "wj_056_xinchang_eff3",
        "atlas": "wj_056_xinchang_eff3",
        "ani_name": "",
        "loop": 0,
        "key": 1,
        "order": 93
    },
    "2030": {
        "id": 2030,
        "des": "特效-侠客1",
        "json": "wj_029_xiake_eff",
        "atlas": "wj_029_xiake_eff",
        "ani_name": "",
        "loop": 0,
        "key": 1,
        "order": 94
    },
    "20301": {
        "id": 20301,
        "des": "特效-侠客2",
        "json": "wj_029_xiake_eff2",
        "atlas": "wj_029_xiake_eff2",
        "ani_name": "",
        "loop": 0,
        "key": 1,
        "order": 95
    },
    "20302": {
        "id": 20302,
        "des": "特效-侠客3",
        "json": "xiake_eff1",
        "atlas": "xiake_eff1",
        "ani_name": "",
        "loop": 0,
        "key": 1,
        "order": 96
    },
    "20303": {
        "id": 20303,
        "des": "特效-侠客4",
        "json": "xiake_eff2",
        "atlas": "xiake_eff2",
        "ani_name": "",
        "loop": 0,
        "key": 1,
        "order": 97
    },
    "2048": {
        "id": 2048,
        "des": "特效-拿酷戮",
        "json": "wj_047_nakulu_eff",
        "atlas": "wj_047_nakulu_eff",
        "ani_name": "",
        "loop": 0,
        "key": 1,
        "order": 98
    },
    "2049": {
        "id": 2049,
        "des": "特效-小杰黑化",
        "json": "wj_048_heixiaojie_eff",
        "atlas": "wj_048_heixiaojie_eff",
        "ani_name": "",
        "loop": 0,
        "key": 1,
        "order": 99
    },
    "2050": {
        "id": 2050,
        "des": "特效-莫老五",
        "json": "wj_049_molaowu_eff",
        "atlas": "wj_049_molaowu_eff",
        "ani_name": "",
        "loop": 0,
        "key": 1,
        "order": 100
    },
    "2051": {
        "id": 2051,
        "des": "特效-火红眼",
        "json": "wj_050_hongka_eff",
        "atlas": "wj_050_hongka_eff",
        "ani_name": "",
        "loop": 0,
        "key": 1,
        "order": 101
    },
    "2052": {
        "id": 2052,
        "des": "特效-亚路嘉",
        "json": "wj_051_yalujia_eff",
        "atlas": "wj_051_yalujia_eff",
        "ani_name": "",
        "loop": 0,
        "key": 1,
        "order": 102
    },
    "2053": {
        "id": 2053,
        "des": "特效-雷神奇犽",
        "json": "wj_052_leiya_eff",
        "atlas": "wj_052_leiya_eff",
        "ani_name": "",
        "loop": 0,
        "key": 1,
        "order": 103
    },
    "2054": {
        "id": 2054,
        "des": "特效-金",
        "json": "wj_053_jin_eff",
        "atlas": "wj_053_jin_eff",
        "ani_name": "",
        "loop": 0,
        "key": 1,
        "order": 104
    },
    "2055": {
        "id": 2055,
        "des": "特效-傀儡凯特",
        "json": "wj_054_sikai_eff",
        "atlas": "wj_054_sikai_eff",
        "ani_name": "",
        "loop": 0,
        "key": 1,
        "order": 105
    },
    "2056": {
        "id": 2056,
        "des": "特效-拿尼加",
        "json": "wj_054_nanijia_eff",
        "atlas": "wj_054_nanijia_eff",
        "ani_name": "",
        "loop": 0,
        "key": 1,
        "order": 106
    },
    "2057": {
        "id": 2057,
        "des": "特效-蚁后",
        "json": "wj_053_wanghou_eff",
        "atlas": "wj_053_wanghou_eff",
        "ani_name": "",
        "loop": 0,
        "key": 1,
        "order": 107
    },
    "20571": {
        "id": 20571,
        "des": "特效-蚁后背景",
        "json": "yihou_heidong",
        "atlas": "yihou_heidong",
        "ani_name": "",
        "loop": 0,
        "key": 1,
        "order": 108
    },
    "2058": {
        "id": 2058,
        "des": "特效-暴走比丝姬",
        "json": "wj_057_baobi_eff",
        "atlas": "wj_057_baobi_eff",
        "ani_name": "",
        "loop": 0,
        "key": 1,
        "order": 109
    },
    "2107": {
        "id": 2107,
        "des": "特效-梧桐",
        "json": "gw_007_heiyiren_eff",
        "atlas": "gw_007_heiyiren_eff",
        "ani_name": "",
        "loop": 0,
        "key": 1,
        "order": 110
    },
    "2059": {
        "id": 2059,
        "des": "特效-帕里斯通1",
        "json": "wj_000_palisitong1_eff",
        "atlas": "wj_000_palisitong1_eff",
        "ani_name": "",
        "loop": 0,
        "key": 1,
        "order": 111
    },
    "20591": {
        "id": 20591,
        "des": "特效-帕里斯通2",
        "json": "wj_000_palisitong2_eff",
        "atlas": "wj_000_palisitong2_eff",
        "ani_name": "",
        "loop": 0,
        "key": 1,
        "order": 112
    },
    "2060": {
        "id": 2060,
        "des": "特效-银达1",
        "json": "wj_000_yianda1_eff",
        "atlas": "wj_000_yianda1_eff",
        "ani_name": "",
        "loop": 0,
        "key": 1,
        "order": 113
    },
    "20601": {
        "id": 20601,
        "des": "特效-银达2",
        "json": "wj_000_yianda2_eff",
        "atlas": "wj_000_yianda2_eff",
        "ani_name": "",
        "loop": 0,
        "key": 1,
        "order": 114
    },
    "3001": {
        "id": 3001,
        "des": "动作-奇牙-时装1",
        "json": "wj_000_qiya_sz1",
        "atlas": "wj_000_qiya_sz1",
        "ani_name": "0001_daiji",
        "loop": 1,
        "key": 0,
        "order": 115
    },
    "3003": {
        "id": 3003,
        "des": "动作-小滴-时装1",
        "json": "wj_002_xiaodi_sz1",
        "atlas": "wj_002_xiaodi_sz1",
        "ani_name": "0001_daiji",
        "loop": 1,
        "key": 0,
        "order": 116
    },
    "3004": {
        "id": 3004,
        "des": "动作-伊尔迷-时装1",
        "json": "wj_003_yiermi_sz1",
        "atlas": "wj_003_yiermi_sz1",
        "ani_name": "0001_daiji",
        "loop": 1,
        "key": 0,
        "order": 117
    },
    "3007": {
        "id": 3007,
        "des": "动作-窝金-时装1",
        "json": "wj_006_wojin_sz1",
        "atlas": "wj_006_wojin_sz1",
        "ani_name": "0001_daiji",
        "loop": 1,
        "key": 0,
        "order": 118
    },
    "3017": {
        "id": 3017,
        "des": "动作-库洛洛-时装1",
        "json": "wj_016_kuluoluo_sz1",
        "atlas": "wj_016_kuluoluo_sz1",
        "ani_name": "0001_daiji",
        "loop": 1,
        "key": 0,
        "order": 119
    },
    "3020": {
        "id": 3020,
        "des": "动作-柯特-时装1",
        "json": "wj_019_kete_sz1",
        "atlas": "wj_019_kete_sz1",
        "ani_name": "0001_daiji",
        "loop": 1,
        "key": 0,
        "order": 120
    },
    "3023": {
        "id": 3023,
        "des": "动作-玛琪-时装1",
        "json": "wj_022_maqi_sz1",
        "atlas": "wj_022_maqi_sz1",
        "ani_name": "0001_daiji",
        "loop": 1,
        "key": 0,
        "order": 121
    },
    "3029": {
        "id": 3029,
        "des": "动作-云古-时装1",
        "json": "wj_028_yungu_sz1",
        "atlas": "wj_028_yungu_sz1",
        "ani_name": "0001_daiji",
        "loop": 1,
        "key": 0,
        "order": 122
    },
    "3035": {
        "id": 3035,
        "des": "动作-会长-时装1",
        "json": "wj_034_niteluo_sz1",
        "atlas": "wj_034_niteluo_sz1",
        "ani_name": "0001_daiji",
        "loop": 1,
        "key": 0,
        "order": 123
    },
    "3036": {
        "id": 3036,
        "des": "动作-蚁王-时装1",
        "json": "wj_035_yiwang_sz1",
        "atlas": "wj_035_yiwang_sz1",
        "ani_name": "0001_daiji",
        "loop": 1,
        "key": 0,
        "order": 124
    },
    "3021": {
        "id": 3021,
        "des": "动作-库哔-时装1",
        "json": "wj_020_kubi_sz1",
        "atlas": "wj_020_kubi_sz1",
        "ani_name": "0001_daiji",
        "loop": 1,
        "key": 0,
        "order": 125
    },
    "3041": {
        "id": 3041,
        "des": "动作-炸弹魔-时装1",
        "json": "wj_040_ganshu_sz1",
        "atlas": "wj_040_ganshu_sz1",
        "ani_name": "0001_daiji",
        "loop": 1,
        "key": 0,
        "order": 126
    },
    "3044": {
        "id": 3044,
        "des": "动作-尼飞彼多-时装1",
        "json": "wj_043_maonv_sz1",
        "atlas": "wj_043_maonv_sz1",
        "ani_name": "0001_daiji",
        "loop": 1,
        "key": 0,
        "order": 127
    },
    "3045": {
        "id": 3045,
        "des": "动作-庞姆-时装1",
        "json": "wj_044_pangmu_sz1",
        "atlas": "wj_044_pangmu_sz1",
        "ani_name": "0001_daiji",
        "loop": 1,
        "key": 0,
        "order": 130
    },
    "3061": {
        "id": 3061,
        "des": "动作-康宰-变身",
        "json": "wj_000_kangzai_bianshen",
        "atlas": "wj_000_kangzai_bianshen",
        "ani_name": "0001_daiji",
        "loop": 1,
        "key": 0,
        "order": 131
    },
    "3062": {
        "id": 3062,
        "des": "动作-库洛洛-变身",
        "json": "wj_016_kuluoluo_bs",
        "atlas": "wj_016_kuluoluo_bs",
        "ani_name": "0001_daiji",
        "loop": 1,
        "key": 0,
        "order": 132
    },
    "3063": {
        "id": 3063,
        "des": "动作-皮约恩-变身",
        "json": "wj_piyueen_bs1",
        "atlas": "wj_piyueen_bs1",
        "ani_name": "0001_daiji",
        "loop": 1,
        "key": 0,
        "order": 133
    },
    "3064": {
        "id": 3064,
        "des": "动作-帕里斯通-变身",
        "json": "wj_000_palisitong_bs1",
        "atlas": "wj_000_palisitong_bs1",
        "ani_name": "0001_daiji",
        "loop": 1,
        "key": 0,
        "order": 134
    },
    "3065": {
        "id": 3065,
        "des": "年兽",
        "json": "nianshou",
        "atlas": "nianshou",
        "ani_name": "0001_daiji",
        "loop": 1,
        "key": 0,
        "order": 135
    },
    "3066": {
        "id": 3066,
        "des": "动作-王-变身",
        "json": "wj_035_yiwang_bianshen",
        "atlas": "wj_035_yiwang_bianshen",
        "ani_name": "0001_daiji",
        "loop": 1,
        "key": 0,
        "order": 136
    },
    "3067": {
        "id": 3067,
        "des": "动作-尼飞彼多-变身",
        "json": "wj_043_maonv_bianshen1",
        "atlas": "wj_043_maonv_bianshen1",
        "ani_name": "0001_daiji",
        "loop": 1,
        "key": 0,
        "order": 137
    },
    "3068": {
        "id": 3068,
        "des": "动作-米哉斯顿",
        "json": "wj_niu",
        "atlas": "wj_niu",
        "ani_name": "0001_daiji",
        "loop": 1,
        "key": 0,
        "order": 138
    },
    "5001": {
        "id": 5001,
        "des": "元素-雷-十万伏特",
        "json": "lei_shiwanfute_eff",
        "atlas": "lei_shiwanfute_eff",
        "ani_name": "",
        "loop": 0,
        "key": 1,
        "order": 136
    },
    "5002": {
        "id": 5002,
        "des": "元素-幽灵-鬼爪",
        "json": "youling_jingxia_eff",
        "atlas": "youling_jingxia_eff",
        "ani_name": "",
        "loop": 0,
        "key": 1,
        "order": 137
    },
    "4001": {
        "id": 4001,
        "des": "元素-光合作用",
        "json": "cao_guanghezuoyong_eff",
        "atlas": "cao_guanghezuoyong_eff",
        "ani_name": "",
        "loop": 0,
        "key": 1,
        "order": 129
    },
    "4002": {
        "id": 4002,
        "des": "元素-奇异之光",
        "json": "youling_qiyizhiguang_eff",
        "atlas": "youling_qiyizhiguang_eff",
        "ani_name": "",
        "loop": 0,
        "key": 1,
        "order": 130
    },
    "4003": {
        "id": 4003,
        "des": "元素-雷电磁场",
        "json": "lei_cichang-leidun_eff",
        "atlas": "lei_cichang-leidun_eff",
        "ani_name": "",
        "loop": 0,
        "key": 1,
        "order": 131
    },
    "4004": {
        "id": 4004,
        "des": "元素-大字爆炎",
        "json": "huo_dazibaoyan_eff",
        "atlas": "huo_dazibaoyan_eff",
        "ani_name": "",
        "loop": 0,
        "key": 1,
        "order": 132
    },
    "4005": {
        "id": 4005,
        "des": "元素-藤鞭",
        "json": "cao_tengbian_eff",
        "atlas": "cao_tengbian_eff",
        "ani_name": "",
        "loop": 0,
        "key": 1,
        "order": 142
    },
    "4006": {
        "id": 4006,
        "des": "元素-岩崩",
        "json": "yan_yanbeng_eff",
        "atlas": "yan_yanbeng_eff",
        "ani_name": "",
        "loop": 0,
        "key": 1,
        "order": 143
    },
    "4007": {
        "id": 4007,
        "des": "元素-魔影",
        "json": "youling_moying_eff",
        "atlas": "youling_moying_eff",
        "ani_name": "",
        "loop": 0,
        "key": 1,
        "order": 135
    },
    "4008": {
        "id": 4008,
        "des": "元素-火雨",
        "json": "huo_huoqiubaozha_eff",
        "atlas": "huo_huoqiubaozha_eff",
        "ani_name": "",
        "loop": 0,
        "key": 1,
        "order": 136
    },
    "4009": {
        "id": 4009,
        "des": "元素-爆炸",
        "json": "huo_hhuoyanxuanwo_eff",
        "atlas": "huo_hhuoyanxuanwo_eff",
        "ani_name": "",
        "loop": 0,
        "key": 1,
        "order": 137
    },
    "4010": {
        "id": 4010,
        "des": "元素-水球",
        "json": "shui_shuiqiu_eff",
        "atlas": "shui_shuiqiu_eff",
        "ani_name": "",
        "loop": 0,
        "key": 1,
        "order": 147
    },
    "4011": {
        "id": 4011,
        "des": "元素-吸取",
        "json": "cao_xiqu-chaojixiqu_eff",
        "atlas": "cao_xiqu-chaojixiqu_eff",
        "ani_name": "",
        "loop": 0,
        "key": 1,
        "order": 148
    },
    "4012": {
        "id": 4012,
        "des": "元素-飞叶快刀",
        "json": "cao_feiyekuaidao_eff",
        "atlas": "cao_feiyekuaidao_eff",
        "ani_name": "",
        "loop": 0,
        "key": 1,
        "order": 149
    },
    "4013": {
        "id": 4013,
        "des": "元素-种子爆炸",
        "json": "cao_jishengzhongzi-mogubaozi_eff",
        "atlas": "cao_jishengzhongzi-mogubaozi_eff",
        "ani_name": "",
        "loop": 0,
        "key": 1,
        "order": 150
    },
    "4014": {
        "id": 4014,
        "des": "特效-金1",
        "json": "wj_053_jin_eff",
        "atlas": "wj_053_jin_eff",
        "ani_name": "",
        "loop": 0,
        "key": 1,
        "order": 151
    },
    "4015": {
        "id": 4015,
        "des": "特效-金2",
        "json": "wj_053_jin1_eff",
        "atlas": "wj_053_jin1_eff",
        "ani_name": "",
        "loop": 0,
        "key": 1,
        "order": 152
    },
    "4016": {
        "id": 4016,
        "des": "特效-金3",
        "json": "wj_053_jin2_eff",
        "atlas": "wj_053_jin2_eff",
        "ani_name": "",
        "loop": 0,
        "key": 1,
        "order": 153
    },
    "4017": {
        "id": 4017,
        "des": "特效-米哉斯顿",
        "json": "wj_niu_eff",
        "atlas": "wj_niu_eff",
        "ani_name": "",
        "loop": 0,
        "key": 1,
        "order": 157
    },
    "1001000": {
        "id": 1001000,
        "des": "特效-白色-白烟-烟雾1",
        "json": "bai_baiyan_01_eff",
        "atlas": "bai_baiyan_01_eff",
        "ani_name": "",
        "loop": 0,
        "key": 1,
        "order": 139
    },
    "1001001": {
        "id": 1001001,
        "des": "特效-白色-白烟-爆炸烟雾1",
        "json": "bai_baiyan_00_eff",
        "atlas": "bai_baiyan_00_eff",
        "ani_name": "",
        "loop": 0,
        "key": 1,
        "order": 140
    },
    "1001003": {
        "id": 1001003,
        "des": "特效-白色-白烟-爆炸烟雾3",
        "json": "bai_baiyan_03_eff",
        "atlas": "bai_baiyan_03_eff",
        "ani_name": "",
        "loop": 0,
        "key": 1,
        "order": 141
    },
    "1002000": {
        "id": 1002000,
        "des": "特效-白色-冲刺-烟雾1",
        "json": "bai_chongciyanwu_01_eff",
        "atlas": "bai_chongciyanwu_01_eff",
        "ani_name": "",
        "loop": 0,
        "key": 1,
        "order": 142
    },
    "1002001": {
        "id": 1002001,
        "des": "特效-白色-大冲刺-烟雾1",
        "json": "bai_chongciyanwu_02_eff",
        "atlas": "bai_chongciyanwu_02_eff",
        "ani_name": "",
        "loop": 0,
        "key": 1,
        "order": 143
    },
    "1003000": {
        "id": 1003000,
        "des": "特效-白色-沙石",
        "json": "wj_000_qiya",
        "atlas": "wj_000_qiya",
        "ani_name": "",
        "loop": 0,
        "key": 1,
        "order": 144
    },
    "1003003": {
        "id": 1003003,
        "des": "特效-白色-沙石3",
        "json": "bai_shashi_03_eff",
        "atlas": "bai_shashi_03_eff",
        "ani_name": "",
        "loop": 0,
        "key": 1,
        "order": 145
    },
    "1003004": {
        "id": 1003004,
        "des": "特效-白色-沙石4",
        "json": "bai_shashi_04_eff",
        "atlas": "bai_shashi_04_eff",
        "ani_name": "",
        "loop": 0,
        "key": 1,
        "order": 146
    },
    "1003005": {
        "id": 1003005,
        "des": "特效-白色-沙石5",
        "json": "bai_shashi_05_eff",
        "atlas": "bai_shashi_05_eff",
        "ani_name": "",
        "loop": 0,
        "key": 1,
        "order": 147
    },
    "1004000": {
        "id": 1004000,
        "des": "特效-白色-旋风",
        "json": "wj_000_qiya",
        "atlas": "wj_000_qiya",
        "ani_name": "",
        "loop": 0,
        "key": 1,
        "order": 148
    },
    "1004001": {
        "id": 1004001,
        "des": "特效-白色-灰色旋风",
        "json": "bai_xuanfeng_01_eff",
        "atlas": "bai_xuanfeng_01_eff",
        "ani_name": "",
        "loop": 0,
        "key": 1,
        "order": 149
    },
    "1004002": {
        "id": 1004002,
        "des": "特效-白色-上升旋风",
        "json": "bai_xuanfeng_02_eff",
        "atlas": "bai_xuanfeng_02_eff",
        "ani_name": "",
        "loop": 0,
        "key": 1,
        "order": 150
    },
    "1004003": {
        "id": 1004003,
        "des": "特效-白色-砸地旋风",
        "json": "bai_yanwu_07",
        "atlas": "bai_yanwu_07",
        "ani_name": "",
        "loop": 0,
        "key": 1,
        "order": 151
    },
    "1004004": {
        "id": 1004004,
        "des": "特效-白色-蓝色旋风",
        "json": "bai_xuanfeng03_eff",
        "atlas": "bai_xuanfeng03_eff",
        "ani_name": "",
        "loop": 0,
        "key": 1,
        "order": 152
    },
    "1004005": {
        "id": 1004005,
        "des": "特效-白色-蝴蝶旋风",
        "json": "bai_xuanfeng04_eff",
        "atlas": "bai_xuanfeng04_eff",
        "ani_name": "",
        "loop": 0,
        "key": 1,
        "order": 153
    },
    "1005000": {
        "id": 1005000,
        "des": "特效-白色-地面",
        "json": "wj_000_qiya",
        "atlas": "wj_000_qiya",
        "ani_name": "",
        "loop": 0,
        "key": 1,
        "order": 154
    },
    "1005002": {
        "id": 1005002,
        "des": "特效-白色-地面-烟雾2",
        "json": "bai_yanwu_02_eff",
        "atlas": "bai_yanwu_02_eff",
        "ani_name": "",
        "loop": 0,
        "key": 1,
        "order": 155
    },
    "1005003": {
        "id": 1005003,
        "des": "特效-白色-地面-烟雾3",
        "json": "bai_yanwu_03",
        "atlas": "bai_yanwu_03",
        "ani_name": "",
        "loop": 0,
        "key": 1,
        "order": 156
    },
    "1005004": {
        "id": 1005004,
        "des": "特效-白色-地面-烟雾4",
        "json": "bai_yanwu_04_eff",
        "atlas": "bai_yanwu_04_eff",
        "ani_name": "",
        "loop": 0,
        "key": 1,
        "order": 157
    },
    "1005005": {
        "id": 1005005,
        "des": "特效-白色-地面-烟雾5",
        "json": "bai_yanwu_05_eff",
        "atlas": "bai_yanwu_05_eff",
        "ani_name": "",
        "loop": 0,
        "key": 1,
        "order": 158
    },
    "1005006": {
        "id": 1005006,
        "des": "特效-白色-地面-烟雾6",
        "json": "bai_yanwu_06_eff",
        "atlas": "bai_yanwu_06_eff",
        "ani_name": "",
        "loop": 0,
        "key": 1,
        "order": 159
    },
    "1005007": {
        "id": 1005007,
        "des": "特效-白色-地面裂纹",
        "json": "bai_dilie_eff",
        "atlas": "bai_dilie_eff",
        "ani_name": "",
        "loop": 0,
        "key": 1,
        "order": 160
    },
    "1006000": {
        "id": 1006000,
        "des": "特效-白色-刀光1",
        "json": "bai_daoguang_eff",
        "atlas": "bai_daoguang_eff",
        "ani_name": "",
        "loop": 0,
        "key": 1,
        "order": 161
    },
    "2001000": {
        "id": 2001000,
        "des": "特效-绿色-能量",
        "json": "wj_000_qiya",
        "atlas": "wj_000_qiya",
        "ani_name": "",
        "loop": 0,
        "key": 1,
        "order": 162
    },
    "2001001": {
        "id": 2001001,
        "des": "特效-绿色-能量螺旋",
        "json": "lv_dimianluoxuan_01_eff",
        "atlas": "lv_dimianluoxuan_01_eff",
        "ani_name": "",
        "loop": 0,
        "key": 1,
        "order": 163
    },
    "2001002": {
        "id": 2001002,
        "des": "特效-绿色-能量集中",
        "json": "lv_zhongzi_03_eff",
        "atlas": "lv_zhongzi_03_eff",
        "ani_name": "",
        "loop": 0,
        "key": 1,
        "order": 164
    },
    "2002001": {
        "id": 2002001,
        "des": "特效-绿色-法阵1",
        "json": "lv_fangzhen_01_eff",
        "atlas": "lv_fangzhen_01_eff",
        "ani_name": "",
        "loop": 0,
        "key": 1,
        "order": 165
    },
    "2002002": {
        "id": 2002002,
        "des": "特效-绿色-法阵2",
        "json": "lv_fazhen_02_eff",
        "atlas": "lv_fazhen_02_eff",
        "ani_name": "",
        "loop": 0,
        "key": 1,
        "order": 166
    },
    "2002003": {
        "id": 2002003,
        "des": "特效-绿色-法阵3",
        "json": "lv_zhongzi_02_eff",
        "atlas": "lv_zhongzi_02_eff",
        "ani_name": "",
        "loop": 0,
        "key": 1,
        "order": 167
    },
    "2002004": {
        "id": 2002004,
        "des": "特效-绿色-光柱",
        "json": "lv_guangzhu_eff",
        "atlas": "lv_guangzhu_eff",
        "ani_name": "",
        "loop": 0,
        "key": 1,
        "order": 168
    },
    "2003000": {
        "id": 2003000,
        "des": "特效-绿色-毒雾",
        "json": "lv_duwu_01_eff",
        "atlas": "lv_duwu_01_eff",
        "ani_name": "",
        "loop": 0,
        "key": 1,
        "order": 169
    },
    "3001000": {
        "id": 3001000,
        "des": "特效-蓝色-冲击-雷电1",
        "json": "lan_daoguang_03_eff",
        "atlas": "lan_daoguang_03_eff",
        "ani_name": "",
        "loop": 0,
        "key": 1,
        "order": 170
    },
    "3001001": {
        "id": 3001001,
        "des": "特效-蓝色-冲击-能量球",
        "json": "lan_chongji_01_eff",
        "atlas": "lan_chongji_01_eff",
        "ani_name": "",
        "loop": 0,
        "key": 1,
        "order": 171
    },
    "3001002": {
        "id": 3001002,
        "des": "特效-蓝色-冲击-龙波",
        "json": "lan_longbo_eff",
        "atlas": "lan_longbo_eff",
        "ani_name": "",
        "loop": 0,
        "key": 1,
        "order": 172
    },
    "3001004": {
        "id": 3001004,
        "des": "特效-蓝色-冲击-冲击波",
        "json": "lan_chongji_04_eff",
        "atlas": "lan_chongji_04_eff",
        "ani_name": "",
        "loop": 0,
        "key": 1,
        "order": 173
    },
    "3001005": {
        "id": 3001005,
        "des": "特效-蓝色-冲击-冲击波2",
        "json": "lan_chongji_05_eff",
        "atlas": "lan_chongji_05_eff",
        "ani_name": "",
        "loop": 0,
        "key": 1,
        "order": 174
    },
    "3001006": {
        "id": 3001006,
        "des": "特效-蓝色-冲击-冲击波6",
        "json": "lan_chongji_06_eff",
        "atlas": "lan_chongji_06_eff",
        "ani_name": "",
        "loop": 0,
        "key": 1,
        "order": 175
    },
    "3001008": {
        "id": 3001008,
        "des": "特效-蓝色-冲击-冲击波8",
        "json": "lan_chongji_08_eff",
        "atlas": "lan_chongji_08_eff",
        "ani_name": "",
        "loop": 0,
        "key": 1,
        "order": 176
    },
    "3001009": {
        "id": 3001009,
        "des": "特效-蓝色-冲击-冲击波9",
        "json": "lan_chongji_09_eff",
        "atlas": "lan_chongji_09_eff",
        "ani_name": "",
        "loop": 0,
        "key": 1,
        "order": 177
    },
    "3001010": {
        "id": 3001010,
        "des": "特效-蓝色-冲击-水球",
        "json": "lan_chongji_02_eff",
        "atlas": "lan_chongji_02_eff",
        "ani_name": "",
        "loop": 0,
        "key": 1,
        "order": 178
    },
    "3002000": {
        "id": 3002000,
        "des": "特效-蓝色-刀光-刺杀1",
        "json": "lan_daoguang_04_eff",
        "atlas": "lan_daoguang_04_eff",
        "ani_name": "",
        "loop": 0,
        "key": 1,
        "order": 179
    },
    "3002001": {
        "id": 3002001,
        "des": "特效-蓝色-刀光-上挑",
        "json": "lan_daoguang_06_eff",
        "atlas": "lan_daoguang_06_eff",
        "ani_name": "",
        "loop": 0,
        "key": 1,
        "order": 180
    },
    "3002002": {
        "id": 3002002,
        "des": "特效-蓝色-刀光-横刺",
        "json": "lan_daoguang_01_eff",
        "atlas": "lan_daoguang_01_eff",
        "ani_name": "",
        "loop": 0,
        "key": 1,
        "order": 181
    },
    "3002003": {
        "id": 3002003,
        "des": "特效-蓝色-刀光-风刃",
        "json": "lan_chongji_07_eff",
        "atlas": "lan_chongji_07_eff",
        "ani_name": "",
        "loop": 0,
        "key": 1,
        "order": 182
    },
    "3002004": {
        "id": 3002004,
        "des": "特效-蓝色-刀光-地面雷电",
        "json": "lan_daoguang_02_eff",
        "atlas": "lan_daoguang_02_eff",
        "ani_name": "",
        "loop": 0,
        "key": 1,
        "order": 183
    },
    "3002005": {
        "id": 3002005,
        "des": "特效-蓝色-刀光-回旋飞刀",
        "json": "lan_daogguan_eff",
        "atlas": "lan_daogguan_eff",
        "ani_name": "",
        "loop": 0,
        "key": 1,
        "order": 184
    },
    "3002006": {
        "id": 3002006,
        "des": "特效-蓝色-刀光-爪痕",
        "json": "lan_daoguang_07_eff",
        "atlas": "lan_daoguang_07_eff",
        "ani_name": "",
        "loop": 0,
        "key": 1,
        "order": 185
    },
    "3003000": {
        "id": 3003000,
        "des": "特效-蓝色-放射-波纹烟雾",
        "json": "lan_fangshe_02_eff",
        "atlas": "lan_fangshe_02_eff",
        "ani_name": "",
        "loop": 0,
        "key": 1,
        "order": 186
    },
    "3003001": {
        "id": 3003001,
        "des": "特效-蓝色-放射-雷电蓄力",
        "json": "lan_daoguang_05_eff",
        "atlas": "lan_daoguang_05_eff",
        "ani_name": "",
        "loop": 0,
        "key": 1,
        "order": 187
    },
    "3003002": {
        "id": 3003002,
        "des": "特效-蓝色-放射-雷电爆炸",
        "json": "lan_fangshe_01_eff",
        "atlas": "lan_fangshe_01_eff",
        "ani_name": "",
        "loop": 0,
        "key": 1,
        "order": 188
    },
    "3003003": {
        "id": 3003003,
        "des": "特效-蓝色-放射-螺旋旋风",
        "json": "lan_fangshe_04_eff",
        "atlas": "lan_fangshe_04_eff",
        "ani_name": "",
        "loop": 0,
        "key": 1,
        "order": 189
    },
    "3003004": {
        "id": 3003004,
        "des": "特效-蓝色-放射-螺旋蓄力",
        "json": "lan_fangshe_03_eff",
        "atlas": "lan_fangshe_03_eff",
        "ani_name": "",
        "loop": 0,
        "key": 1,
        "order": 190
    },
    "3003005": {
        "id": 3003005,
        "des": "特效-蓝色-放射-水波爆炸",
        "json": "lan_fangshe_05_eff",
        "atlas": "lan_fangshe_05_eff",
        "ani_name": "",
        "loop": 0,
        "key": 1,
        "order": 191
    },
    "3003007": {
        "id": 3003007,
        "des": "特效-蓝色-放射-雷球",
        "json": "lan_fangshe_07_eff",
        "atlas": "lan_fangshe_07_eff",
        "ani_name": "",
        "loop": 0,
        "key": 1,
        "order": 192
    },
    "3004000": {
        "id": 3004000,
        "des": "特效-蓝色-法阵",
        "json": "wj_000_qiya",
        "atlas": "wj_000_qiya",
        "ani_name": "",
        "loop": 0,
        "key": 1,
        "order": 193
    },
    "3004001": {
        "id": 3004001,
        "des": "特效-蓝色-法阵1",
        "json": "lan_fazhen_01_eff",
        "atlas": "lan_fazhen_01_eff",
        "ani_name": "",
        "loop": 0,
        "key": 1,
        "order": 194
    },
    "3004002": {
        "id": 3004002,
        "des": "特效-蓝色-法阵2",
        "json": "lan_fazhen_02_eff",
        "atlas": "lan_fazhen_02_eff",
        "ani_name": "",
        "loop": 0,
        "key": 1,
        "order": 195
    },
    "3004003": {
        "id": 3004003,
        "des": "特效-蓝色-法阵3",
        "json": "lan_fazhen_03_eff",
        "atlas": "lan_fazhen_03_eff",
        "ani_name": "",
        "loop": 0,
        "key": 1,
        "order": 196
    },
    "3004004": {
        "id": 3004004,
        "des": "特效-蓝色-法阵4",
        "json": "lan_fazhen04_eff",
        "atlas": "lan_fazhen04_eff",
        "ani_name": "",
        "loop": 0,
        "key": 1,
        "order": 197
    },
    "3004005": {
        "id": 3004005,
        "des": "特效-蓝色-法阵5",
        "json": "lan_fazhen_05_eff",
        "atlas": "lan_fazhen_05_eff",
        "ani_name": "",
        "loop": 0,
        "key": 1,
        "order": 198
    },
    "3004006": {
        "id": 3004006,
        "des": "特效-蓝色-螺旋法阵1",
        "json": "lan_dimianluoxuan_01_eff",
        "atlas": "lan_dimianluoxuan_01_eff",
        "ani_name": "",
        "loop": 0,
        "key": 1,
        "order": 199
    },
    "3004007": {
        "id": 3004007,
        "des": "特效-蓝色-螺旋法阵2",
        "json": "lan_dimianluoxuan_01_eff",
        "atlas": "lan_dimianluoxuan_01_eff",
        "ani_name": "",
        "loop": 0,
        "key": 1,
        "order": 200
    },
    "3004008": {
        "id": 3004008,
        "des": "特效-蓝色-螺旋法阵3",
        "json": "lan_dimianluoxuan_03_eff",
        "atlas": "lan_dimianluoxuan_03_eff",
        "ani_name": "",
        "loop": 0,
        "key": 1,
        "order": 201
    },
    "3005000": {
        "id": 3005000,
        "des": "特效-蓝色-能量",
        "json": "wj_000_qiya",
        "atlas": "wj_000_qiya",
        "ani_name": "",
        "loop": 0,
        "key": 1,
        "order": 202
    },
    "3005001": {
        "id": 3005001,
        "des": "特效-蓝色-能量燃烧",
        "json": "lan_nianliranshao_eff",
        "atlas": "lan_nianliranshao_eff",
        "ani_name": "",
        "loop": 0,
        "key": 1,
        "order": 203
    },
    "3005002": {
        "id": 3005002,
        "des": "特效-蓝色-上升雷电",
        "json": "lan_shangshengleidian_eff",
        "atlas": "lan_shangshengleidian_eff",
        "ani_name": "",
        "loop": 0,
        "key": 1,
        "order": 204
    },
    "3005003": {
        "id": 3005003,
        "des": "特效-蓝色-地面火花",
        "json": "lan_leidianhuohua_eff",
        "atlas": "lan_leidianhuohua_eff",
        "ani_name": "",
        "loop": 0,
        "key": 1,
        "order": 205
    },
    "3005004": {
        "id": 3005004,
        "des": "特效-蓝色-地面能量",
        "json": "lan_dimianbaozha2_eff",
        "atlas": "lan_dimianbaozha2_eff",
        "ani_name": "",
        "loop": 0,
        "key": 1,
        "order": 206
    },
    "3005005": {
        "id": 3005005,
        "des": "特效-蓝色-地面雷电",
        "json": "lan_dimianleidian_eff",
        "atlas": "lan_dimianleidian_eff",
        "ani_name": "",
        "loop": 0,
        "key": 1,
        "order": 207
    },
    "3005006": {
        "id": 3005006,
        "des": "特效-蓝色-地面爆炸1",
        "json": "lan_dimianbaozha1_eff",
        "atlas": "lan_dimianbaozha1_eff",
        "ani_name": "",
        "loop": 0,
        "key": 1,
        "order": 208
    },
    "3005007": {
        "id": 3005007,
        "des": "特效-蓝色-地面冲击",
        "json": "lan_dimian01_eff",
        "atlas": "lan_dimian01_eff",
        "ani_name": "",
        "loop": 0,
        "key": 1,
        "order": 209
    },
    "4001000": {
        "id": 4001000,
        "des": "特效-紫色-冲击",
        "json": "wj_000_qiya",
        "atlas": "wj_000_qiya",
        "ani_name": "",
        "loop": 0,
        "key": 1,
        "order": 210
    },
    "4001001": {
        "id": 4001001,
        "des": "特效-紫色-冲击-能量球",
        "json": "zi_faqiu_02_eff",
        "atlas": "zi_faqiu_02_eff",
        "ani_name": "",
        "loop": 0,
        "key": 1,
        "order": 211
    },
    "4002000": {
        "id": 4002000,
        "des": "特效-紫色-法阵",
        "json": "wj_000_qiya",
        "atlas": "wj_000_qiya",
        "ani_name": "",
        "loop": 0,
        "key": 1,
        "order": 212
    },
    "4002001": {
        "id": 4002001,
        "des": "特效-紫色-法阵1",
        "json": "zi_fangzhen_01_eff",
        "atlas": "zi_fangzhen_01_eff",
        "ani_name": "",
        "loop": 0,
        "key": 1,
        "order": 213
    },
    "4002002": {
        "id": 4002002,
        "des": "特效-紫色-法阵2",
        "json": "zi_fazhen_02_eff",
        "atlas": "zi_fazhen_02_eff",
        "ani_name": "",
        "loop": 0,
        "key": 1,
        "order": 214
    },
    "4002003": {
        "id": 4002003,
        "des": "特效-紫色-法阵3",
        "json": "zi_fazhen_03_eff",
        "atlas": "zi_fazhen_03_eff",
        "ani_name": "",
        "loop": 0,
        "key": 1,
        "order": 215
    },
    "4002004": {
        "id": 4002004,
        "des": "特效-紫色-法阵落雨",
        "json": "zi_fazhen_04_eff",
        "atlas": "zi_fazhen_04_eff",
        "ani_name": "",
        "loop": 0,
        "key": 1,
        "order": 216
    },
    "4002006": {
        "id": 4002006,
        "des": "特效-紫色-法阵爆炸",
        "json": "zi_fazhen_06_eff",
        "atlas": "zi_fazhen_06_eff",
        "ani_name": "",
        "loop": 0,
        "key": 1,
        "order": 217
    },
    "4002007": {
        "id": 4002007,
        "des": "特效-紫色-穿刺荆棘",
        "json": "zi_fazhen_07_eff",
        "atlas": "zi_fazhen_07_eff",
        "ani_name": "",
        "loop": 0,
        "key": 1,
        "order": 218
    },
    "4002008": {
        "id": 4002008,
        "des": "特效-紫色-法阵激活",
        "json": "zi_fazhen_08_eff",
        "atlas": "zi_fazhen_08_eff",
        "ani_name": "",
        "loop": 0,
        "key": 1,
        "order": 219
    },
    "4002009": {
        "id": 4002009,
        "des": "特效-紫色-法阵螺旋",
        "json": "zi_fazhen_09_eff",
        "atlas": "zi_fazhen_09_eff",
        "ani_name": "",
        "loop": 0,
        "key": 1,
        "order": 220
    },
    "4003000": {
        "id": 4003000,
        "des": "特效-紫色-放射1",
        "json": "zi_fangshe_01_eff",
        "atlas": "zi_fangshe_01_eff",
        "ani_name": "",
        "loop": 0,
        "key": 1,
        "order": 221
    },
    "4003002": {
        "id": 4003002,
        "des": "特效-紫色-放射02",
        "json": "zi_fangshe_02_eff",
        "atlas": "zi_fangshe_02_eff",
        "ani_name": "",
        "loop": 0,
        "key": 1,
        "order": 222
    },
    "4003003": {
        "id": 4003003,
        "des": "特效-紫色-放射03",
        "json": "zi_fangshe_03_eff",
        "atlas": "zi_fangshe_03_eff",
        "ani_name": "",
        "loop": 0,
        "key": 1,
        "order": 223
    },
    "4003004": {
        "id": 4003004,
        "des": "特效-紫色-放射04",
        "json": "zi_fangshe04_eff",
        "atlas": "zi_fangshe04_eff",
        "ani_name": "",
        "loop": 0,
        "key": 1,
        "order": 224
    },
    "4004000": {
        "id": 4004000,
        "des": "特效-紫色-地面雷电",
        "json": "zi_shangshengleidian_eff",
        "atlas": "zi_shangshengleidian_eff",
        "ani_name": "",
        "loop": 0,
        "key": 1,
        "order": 225
    },
    "4004001": {
        "id": 4004001,
        "des": "特效-紫色-地面烟雾",
        "json": "zi_yanwu_eff",
        "atlas": "zi_yanwu_eff",
        "ani_name": "",
        "loop": 0,
        "key": 1,
        "order": 226
    },
    "4004002": {
        "id": 4004002,
        "des": "特效-紫色-雷电火花",
        "json": "zi_leidianhuohua_eff",
        "atlas": "zi_leidianhuohua_eff",
        "ani_name": "",
        "loop": 0,
        "key": 1,
        "order": 227
    },
    "4004003": {
        "id": 4004003,
        "des": "特效-紫色-地面爆炸",
        "json": "zi_dimianbaozha1_eff",
        "atlas": "zi_dimianbaozha1_eff",
        "ani_name": "",
        "loop": 0,
        "key": 1,
        "order": 228
    },
    "4004004": {
        "id": 4004004,
        "des": "特效-紫色-地面冲击",
        "json": "zi_chongji_01_eff",
        "atlas": "zi_chongji_01_eff",
        "ani_name": "",
        "loop": 0,
        "key": 1,
        "order": 229
    },
    "4005003": {
        "id": 4005003,
        "des": "特效-紫色-法球3",
        "json": "zi_faqiu_03_eff",
        "atlas": "zi_faqiu_03_eff",
        "ani_name": "",
        "loop": 0,
        "key": 1,
        "order": 230
    },
    "5001000": {
        "id": 5001000,
        "des": "特效-橙色-冲击",
        "json": "wj_000_qiya",
        "atlas": "wj_000_qiya",
        "ani_name": "",
        "loop": 0,
        "key": 1,
        "order": 231
    },
    "5001001": {
        "id": 5001001,
        "des": "特效-橙色-冲击-陨石",
        "json": "cheng_chongji_05_eff",
        "atlas": "cheng_chongji_05_eff",
        "ani_name": "",
        "loop": 0,
        "key": 1,
        "order": 232
    },
    "5001002": {
        "id": 5001002,
        "des": "特效-橙色-冲击-火雨",
        "json": "cheng_chongji_01_eff",
        "atlas": "cheng_chongji_01_eff",
        "ani_name": "",
        "loop": 0,
        "key": 1,
        "order": 233
    },
    "5001003": {
        "id": 5001003,
        "des": "特效-橙色-冲击-速度线",
        "json": "cheng_chongji_02_eff",
        "atlas": "cheng_chongji_02_eff",
        "ani_name": "",
        "loop": 0,
        "key": 1,
        "order": 234
    },
    "5001004": {
        "id": 5001004,
        "des": "特效-橙色-冲击-龙",
        "json": "cheng_chongji_03_eff",
        "atlas": "cheng_chongji_03_eff",
        "ani_name": "",
        "loop": 0,
        "key": 1,
        "order": 235
    },
    "5001005": {
        "id": 5001005,
        "des": "特效-橙色-冲击-能量柱",
        "json": "cheng_chongji_06_eff",
        "atlas": "cheng_chongji_06_eff",
        "ani_name": "",
        "loop": 0,
        "key": 1,
        "order": 236
    },
    "5002000": {
        "id": 5002000,
        "des": "特效-橙色-刀光",
        "json": "wj_000_qiya",
        "atlas": "wj_000_qiya",
        "ani_name": "",
        "loop": 0,
        "key": 1,
        "order": 237
    },
    "5002001": {
        "id": 5002001,
        "des": "特效-橙色-刀光1",
        "json": "cheng_daoguang_02_eff",
        "atlas": "cheng_daoguang_02_eff",
        "ani_name": "",
        "loop": 0,
        "key": 1,
        "order": 238
    },
    "5002004": {
        "id": 5002004,
        "des": "特效-橙色-刀光4",
        "json": "cheng_daoguang_04_eff",
        "atlas": "cheng_daoguang_04_eff",
        "ani_name": "",
        "loop": 0,
        "key": 1,
        "order": 239
    },
    "5002006": {
        "id": 5002006,
        "des": "特效-橙色-刀光6",
        "json": "cheng_daoguang_06_eff",
        "atlas": "cheng_daoguang_06_eff",
        "ani_name": "",
        "loop": 0,
        "key": 1,
        "order": 240
    },
    "5003000": {
        "id": 5003000,
        "des": "特效-橙色-地面",
        "json": "wj_000_qiya",
        "atlas": "wj_000_qiya",
        "ani_name": "",
        "loop": 0,
        "key": 1,
        "order": 241
    },
    "5003001": {
        "id": 5003001,
        "des": "特效-橙色-地面爆炸1",
        "json": "cheng_dimianbaozha_01_eff",
        "atlas": "cheng_dimianbaozha_01_eff",
        "ani_name": "",
        "loop": 0,
        "key": 1,
        "order": 242
    },
    "5003002": {
        "id": 5003002,
        "des": "特效-橙色-地面爆炸2",
        "json": "cheng_dimianbaozha_02_eff",
        "atlas": "cheng_dimianbaozha_02_eff",
        "ani_name": "",
        "loop": 0,
        "key": 1,
        "order": 243
    },
    "5003003": {
        "id": 5003003,
        "des": "特效-橙色-地面爆炸3",
        "json": "cheng_dimianbaozha_03_eff",
        "atlas": "cheng_dimianbaozha_03_eff",
        "ani_name": "",
        "loop": 0,
        "key": 1,
        "order": 244
    },
    "5003004": {
        "id": 5003004,
        "des": "特效-橙色-地面爆炸4",
        "json": "cheng_dimianbaozha_04_eff",
        "atlas": "cheng_dimianbaozha_04_eff",
        "ani_name": "",
        "loop": 0,
        "key": 1,
        "order": 245
    },
    "5003005": {
        "id": 5003005,
        "des": "特效-橙色-地面雷电",
        "json": "cheng_shangshengleidian_eff",
        "atlas": "cheng_shangshengleidian_eff",
        "ani_name": "",
        "loop": 0,
        "key": 1,
        "order": 246
    },
    "5003006": {
        "id": 5003006,
        "des": "特效-橙色-地面烟雾1",
        "json": "cheng_nengliangyanwu_eff",
        "atlas": "cheng_nengliangyanwu_eff",
        "ani_name": "",
        "loop": 0,
        "key": 1,
        "order": 247
    },
    "5003007": {
        "id": 5003007,
        "des": "特效-橙色-地面法阵",
        "json": "cheng_fazhen_01_eff",
        "atlas": "cheng_fazhen_01_eff",
        "ani_name": "",
        "loop": 0,
        "key": 1,
        "order": 248
    },
    "5003008": {
        "id": 5003008,
        "des": "特效-橙色-地面法阵激活",
        "json": "cheng_fazhen_03_eff",
        "atlas": "cheng_fazhen_03_eff",
        "ani_name": "",
        "loop": 0,
        "key": 1,
        "order": 249
    },
    "5003009": {
        "id": 5003009,
        "des": "特效-橙色-地面爆炸5",
        "json": "cheng_dimianbaozha1_eff",
        "atlas": "cheng_dimianbaozha1_eff",
        "ani_name": "",
        "loop": 0,
        "key": 1,
        "order": 250
    },
    "5004000": {
        "id": 5004000,
        "des": "特效-橙色-放射",
        "json": "wj_000_qiya",
        "atlas": "wj_000_qiya",
        "ani_name": "",
        "loop": 0,
        "key": 1,
        "order": 251
    },
    "5004001": {
        "id": 5004001,
        "des": "特效-橙色-放射-光环1",
        "json": "cheng_fangshe_01_eff",
        "atlas": "cheng_fangshe_01_eff",
        "ani_name": "",
        "loop": 0,
        "key": 1,
        "order": 252
    },
    "5004002": {
        "id": 5004002,
        "des": "特效-橙色-放射-溅射1",
        "json": "cheng_fangshe_02_eff",
        "atlas": "cheng_fangshe_02_eff",
        "ani_name": "",
        "loop": 0,
        "key": 1,
        "order": 253
    },
    "5004003": {
        "id": 5004003,
        "des": "特效-橙色-放射-火焰爆炸",
        "json": "cheng_fangshebaozha_02_eff",
        "atlas": "cheng_fangshebaozha_02_eff",
        "ani_name": "",
        "loop": 0,
        "key": 1,
        "order": 254
    },
    "5004004": {
        "id": 5004004,
        "des": "特效-橙色-放射-爆炸",
        "json": "cheng_fangshe_04_eff",
        "atlas": "cheng_fangshe_04_eff",
        "ani_name": "",
        "loop": 0,
        "key": 1,
        "order": 255
    },
    "5004006": {
        "id": 5004006,
        "des": "特效-橙色-放射-子弹爆炸",
        "json": "cheng_fangshe_06_eff",
        "atlas": "cheng_fangshe_06_eff",
        "ani_name": "",
        "loop": 0,
        "key": 1,
        "order": 256
    },
    "5004007": {
        "id": 5004007,
        "des": "特效-橙色-放射-雷电",
        "json": "cheng_fangshe_07_eff",
        "atlas": "cheng_fangshe_07_eff",
        "ani_name": "",
        "loop": 0,
        "key": 1,
        "order": 257
    },
    "5004008": {
        "id": 5004008,
        "des": "特效-橙色-放射-光线",
        "json": "cheng_fangshe_08_eff",
        "atlas": "cheng_fangshe_08_eff",
        "ani_name": "",
        "loop": 0,
        "key": 1,
        "order": 258
    },
    "5005000": {
        "id": 5005000,
        "des": "特效-橙色-喷射",
        "json": "wj_000_qiya",
        "atlas": "wj_000_qiya",
        "ani_name": "",
        "loop": 0,
        "key": 1,
        "order": 259
    },
    "5005001": {
        "id": 5005001,
        "des": "特效-橙色-喷射-子弹喷射",
        "json": "cheng_penshe_01_eff",
        "atlas": "cheng_penshe_01_eff",
        "ani_name": "",
        "loop": 0,
        "key": 1,
        "order": 260
    },
    "5006001": {
        "id": 5006001,
        "des": "特效-橙色-能量-火焰燃烧",
        "json": "cheng_nianliranshao_eff",
        "atlas": "cheng_nianliranshao_eff",
        "ani_name": "",
        "loop": 0,
        "key": 1,
        "order": 261
    },
    "5006002": {
        "id": 5006002,
        "des": "特效-橙色-能量-地面螺旋1",
        "json": "cheng_dimianluoxuan_02_eff",
        "atlas": "cheng_dimianluoxuan_02_eff",
        "ani_name": "",
        "loop": 0,
        "key": 1,
        "order": 262
    },
    "5006003": {
        "id": 5006003,
        "des": "特效-橙色-能量-地面螺旋2",
        "json": "cheng_dimianluoxuan_01_eff",
        "atlas": "cheng_dimianluoxuan_01_eff",
        "ani_name": "",
        "loop": 0,
        "key": 1,
        "order": 263
    },
    "5006004": {
        "id": 5006004,
        "des": "特效-橙色-能量-地面螺旋3",
        "json": "cheng_dimianluoxuan_03_eff",
        "atlas": "cheng_dimianluoxuan_03_eff",
        "ani_name": "",
        "loop": 0,
        "key": 1,
        "order": 264
    },
    "5006005": {
        "id": 5006005,
        "des": "特效-橙色-能量-爪子",
        "json": "cheng_zhuazi_eff",
        "atlas": "cheng_zhuazi_eff",
        "ani_name": "",
        "loop": 0,
        "key": 1,
        "order": 265
    },
    "5007001": {
        "id": 5007001,
        "des": "特效-橙色-能量-火焰1",
        "json": "cheng_huoyan_01_eff",
        "atlas": "cheng_huoyan_01_eff",
        "ani_name": "",
        "loop": 0,
        "key": 1,
        "order": 266
    },
    "6001000": {
        "id": 6001000,
        "des": "特效-红色-法阵",
        "json": "wj_000_qiya",
        "atlas": "wj_000_qiya",
        "ani_name": "",
        "loop": 0,
        "key": 1,
        "order": 267
    },
    "6002000": {
        "id": 6002000,
        "des": "特效-红色-放射",
        "json": "wj_000_qiya",
        "atlas": "wj_000_qiya",
        "ani_name": "",
        "loop": 0,
        "key": 1,
        "order": 268
    },
    "6002002": {
        "id": 6002002,
        "des": "特效-红色-放射2",
        "json": "hong_fangshe_02_eff",
        "atlas": "hong_fangshe_02_eff",
        "ani_name": "",
        "loop": 0,
        "key": 1,
        "order": 269
    },
    "6002003": {
        "id": 6002003,
        "des": "特效-红色-放射3",
        "json": "hong_fangshe_03_eff",
        "atlas": "hong_fangshe_03_eff",
        "ani_name": "",
        "loop": 0,
        "key": 1,
        "order": 270
    },
    "6003000": {
        "id": 6003000,
        "des": "特效-红色-刀光",
        "json": "hong_daoguang3_eff",
        "atlas": "hong_daoguang3_eff",
        "ani_name": "",
        "loop": 0,
        "key": 1,
        "order": 271
    },
    "6003001": {
        "id": 6003001,
        "des": "特效-红色-刀光1",
        "json": "hong_daoguang_04_eff",
        "atlas": "hong_daoguang_04_eff",
        "ani_name": "",
        "loop": 0,
        "key": 1,
        "order": 272
    },
    "6004000": {
        "id": 6004000,
        "des": "特效-红色-雷电",
        "json": "cheng_daoguang_03_eff",
        "atlas": "cheng_daoguang_03_eff",
        "ani_name": "",
        "loop": 0,
        "key": 1,
        "order": 273
    },
    "6004001": {
        "id": 6004001,
        "des": "特效-红色-雷电2",
        "json": "hong_leidian_01_eff",
        "atlas": "hong_leidian_01_eff",
        "ani_name": "",
        "loop": 0,
        "key": 1,
        "order": 274
    },
    "7001000": {
        "id": 7001000,
        "des": "特效-黑色-法阵",
        "json": "wj_000_qiya",
        "atlas": "wj_000_qiya",
        "ani_name": "",
        "loop": 0,
        "key": 1,
        "order": 275
    },
    "7001001": {
        "id": 7001001,
        "des": "特效-黑色-沼泽1",
        "json": "hei_zhaoze_01_eff",
        "atlas": "hei_zhaoze_01_eff",
        "ani_name": "",
        "loop": 0,
        "key": 1,
        "order": 276
    },
    "7001002": {
        "id": 7001002,
        "des": "特效-黑色-沼泽穿刺",
        "json": "hei_zhaoze_02_eff",
        "atlas": "hei_zhaoze_02_eff",
        "ani_name": "",
        "loop": 0,
        "key": 1,
        "order": 277
    },
    "7002000": {
        "id": 7002000,
        "des": "特效-黑色-诅咒",
        "json": "wj_000_qiya",
        "atlas": "wj_000_qiya",
        "ani_name": "",
        "loop": 0,
        "key": 1,
        "order": 278
    },
    "8001000": {
        "id": 8001000,
        "des": "特效-元素-心电图",
        "json": "ys_xindiantu_eff",
        "atlas": "ys_xindiantu_eff",
        "ani_name": "",
        "loop": 0,
        "key": 1,
        "order": 279
    },
    "8001001": {
        "id": 8001001,
        "des": "特效-元素-念力残影",
        "json": "ys_nianli_canying_eff",
        "atlas": "ys_nianli_canying_eff",
        "ani_name": "",
        "loop": 0,
        "key": 1,
        "order": 280
    },
    "8001002": {
        "id": 8001002,
        "des": "特效-元素-飞针",
        "json": "ys_feibiao_04_eff",
        "atlas": "ys_feibiao_04_eff",
        "ani_name": "",
        "loop": 0,
        "key": 1,
        "order": 281
    },
    "8001003": {
        "id": 8001003,
        "des": "特效-元素-死神文字",
        "json": "ys_sishenyuanwuqu_eff",
        "atlas": "ys_sishenyuanwuqu_eff",
        "ani_name": "",
        "loop": 0,
        "key": 1,
        "order": 282
    },
    "8001004": {
        "id": 8001004,
        "des": "特效-元素-小丑",
        "json": "ys_xiaochou_eff",
        "atlas": "ys_xiaochou_eff",
        "ani_name": "",
        "loop": 0,
        "key": 1,
        "order": 283
    },
    "8001005": {
        "id": 8001005,
        "des": "特效-元素-人群残影",
        "json": "ys_renqun_canying_eff",
        "atlas": "ys_renqun_canying_eff",
        "ani_name": "",
        "loop": 0,
        "key": 1,
        "order": 284
    },
    "8001006": {
        "id": 8001006,
        "des": "特效-元素-飞镖1",
        "json": "ys_feibiao_02_eff",
        "atlas": "ys_feibiao_02_eff",
        "ani_name": "",
        "loop": 0,
        "key": 1,
        "order": 285
    },
    "8001007": {
        "id": 8001007,
        "des": "特效-元素-爆炸符",
        "json": "ys_baozhafu_eff",
        "atlas": "ys_baozhafu_eff",
        "ani_name": "",
        "loop": 0,
        "key": 1,
        "order": 286
    },
    "8001008": {
        "id": 8001008,
        "des": "特效-元素-小罐头",
        "json": "ys_guantouxiao_eff",
        "atlas": "ys_guantouxiao_eff",
        "ani_name": "",
        "loop": 0,
        "key": 1,
        "order": 287
    },
    "8001009": {
        "id": 8001009,
        "des": "特效-元素-大罐头",
        "json": "ys_guantouda_eff",
        "atlas": "ys_guantouda_eff",
        "ani_name": "",
        "loop": 0,
        "key": 1,
        "order": 288
    },
    "8001010": {
        "id": 8001010,
        "des": "特效-元素-鬼脸",
        "json": "ys_guilian_eff",
        "atlas": "ys_guilian_eff",
        "ani_name": "",
        "loop": 0,
        "key": 1,
        "order": 289
    },
    "8001011": {
        "id": 8001011,
        "des": "特效-元素-陀螺",
        "json": "ys_tuoluo_eff",
        "atlas": "ys_tuoluo_eff",
        "ani_name": "",
        "loop": 0,
        "key": 1,
        "order": 290
    },
    "8001012": {
        "id": 8001012,
        "des": "特效-元素-书",
        "json": "ys_shu_eff",
        "atlas": "ys_shu_eff",
        "ani_name": "",
        "loop": 0,
        "key": 1,
        "order": 291
    },
    "8001013": {
        "id": 8001013,
        "des": "特效-元素-石头",
        "json": "ys_shitou_eff",
        "atlas": "ys_shitou_eff",
        "ani_name": "",
        "loop": 0,
        "key": 1,
        "order": 292
    },
    "8001014": {
        "id": 8001014,
        "des": "特效-元素-雷达",
        "json": "ys_leida_eff",
        "atlas": "ys_leida_eff",
        "ani_name": "",
        "loop": 0,
        "key": 1,
        "order": 293
    },
    "8001015": {
        "id": 8001015,
        "des": "特效-元素-炸弹",
        "json": "ys_zhadan_eff",
        "atlas": "ys_zhadan_eff",
        "ani_name": "",
        "loop": 0,
        "key": 1,
        "order": 294
    },
    "8001016": {
        "id": 8001016,
        "des": "特效-元素-狙击",
        "json": "ys_juji_eff",
        "atlas": "ys_juji_eff",
        "ani_name": "",
        "loop": 0,
        "key": 1,
        "order": 295
    },
    "8001017": {
        "id": 8001017,
        "des": "特效-元素-子弹",
        "json": "ys_zidan_eff",
        "atlas": "ys_zidan_eff",
        "ani_name": "",
        "loop": 0,
        "key": 1,
        "order": 296
    },
    "8001018": {
        "id": 8001018,
        "des": "特效-元素-手掌1",
        "json": "ys_shouzhang_eff",
        "atlas": "ys_shouzhang_eff",
        "ani_name": "",
        "loop": 0,
        "key": 1,
        "order": 297
    },
    "8001019": {
        "id": 8001019,
        "des": "特效-元素-手掌2",
        "json": "ys_shouzhang2_eff",
        "atlas": "ys_shouzhang2_eff",
        "ani_name": "",
        "loop": 0,
        "key": 1,
        "order": 298
    },
    "8001020": {
        "id": 8001020,
        "des": "特效-元素-鬼脸2",
        "json": "ys_guilian2_eff",
        "atlas": "ys_guilian2_eff",
        "ani_name": "",
        "loop": 0,
        "key": 1,
        "order": 299
    },
    "8001021": {
        "id": 8001021,
        "des": "特效-元素-蜘蛛网",
        "json": "ys_zhizhuwang_eff",
        "atlas": "ys_zhizhuwang_eff",
        "ani_name": "",
        "loop": 0,
        "key": 1,
        "order": 300
    },
    "8001022": {
        "id": 8001022,
        "des": "特效-元素-虚幻网格",
        "json": "ys_wangge_eff",
        "atlas": "ys_wangge_eff",
        "ani_name": "",
        "loop": 0,
        "key": 1,
        "order": 301
    },
    "8001023": {
        "id": 8001023,
        "des": "特效-元素-骷髅头",
        "json": "ys_kulou_eff",
        "atlas": "ys_kulou_eff",
        "ani_name": "",
        "loop": 0,
        "key": 1,
        "order": 302
    },
    "8001024": {
        "id": 8001024,
        "des": "特效-元素-餐具",
        "json": "ys_luandao_eff",
        "atlas": "ys_luandao_eff",
        "ani_name": "",
        "loop": 0,
        "key": 1,
        "order": 303
    },
    "8001025": {
        "id": 8001025,
        "des": "特效-元素-纸蝴蝶",
        "json": "ys_zhihudie_eff",
        "atlas": "ys_zhihudie_eff",
        "ani_name": "",
        "loop": 0,
        "key": 1,
        "order": 304
    },
    "8001026": {
        "id": 8001026,
        "des": "特效-元素-飞刀",
        "json": "ys_feibiao_03_eff",
        "atlas": "ys_feibiao_03_eff",
        "ani_name": "",
        "loop": 0,
        "key": 1,
        "order": 305
    },
    "8001027": {
        "id": 8001027,
        "des": "特效-元素-天使",
        "json": "ys_tianshi_eff",
        "atlas": "ys_tianshi_eff",
        "ani_name": "",
        "loop": 0,
        "key": 1,
        "order": 306
    },
    "8001028": {
        "id": 8001028,
        "des": "特效-元素-扑克牌",
        "json": "ys_pukepai_eff",
        "atlas": "ys_pukepai_eff",
        "ani_name": "",
        "loop": 0,
        "key": 1,
        "order": 307
    },
    "8001029": {
        "id": 8001029,
        "des": "特效-元素-锁链",
        "json": "ys_suolian_eff",
        "atlas": "ys_suolian_eff",
        "ani_name": "",
        "loop": 0,
        "key": 1,
        "order": 308
    },
    "8001030": {
        "id": 8001030,
        "des": "特效-元素-环形锁链",
        "json": "ys_suolian2_eff",
        "atlas": "ys_suolian2_eff",
        "ani_name": "",
        "loop": 0,
        "key": 1,
        "order": 309
    },
    "8001031": {
        "id": 8001031,
        "des": "特效-元素-爱心攻击",
        "json": "ys_aixin_eff",
        "atlas": "ys_aixin_eff",
        "ani_name": "",
        "loop": 0,
        "key": 1,
        "order": 310
    },
    "8001032": {
        "id": 8001032,
        "des": "特效-元素-空白",
        "json": "ys_kongbai_eff",
        "atlas": "ys_kongbai_eff",
        "ani_name": "",
        "loop": 0,
        "key": 1,
        "order": 311
    },
    "8001033": {
        "id": 8001033,
        "des": "特效-元素-炸弹2",
        "json": "ys_zhadan2_eff",
        "atlas": "ys_zhadan2_eff",
        "ani_name": "",
        "loop": 0,
        "key": 1,
        "order": 312
    },
    "8001034": {
        "id": 8001034,
        "des": "特效-元素-木头",
        "json": "ys_mutou_eff",
        "atlas": "ys_mutou_eff",
        "ani_name": "",
        "loop": 0,
        "key": 1,
        "order": 313
    },
    "8001035": {
        "id": 8001035,
        "des": "特效-元素-金币",
        "json": "ys_jinbi_eff",
        "atlas": "ys_jinbi_eff",
        "ani_name": "",
        "loop": 0,
        "key": 1,
        "order": 314
    },
    "8001036": {
        "id": 8001036,
        "des": "特效-元素-飞刺",
        "json": "ys_feibiao_01_eff",
        "atlas": "ys_feibiao_01_eff",
        "ani_name": "",
        "loop": 0,
        "key": 1,
        "order": 315
    },
    "8001037": {
        "id": 8001037,
        "des": "特效-元素-小熊",
        "json": "ys_xiaoxiong_eff",
        "atlas": "ys_xiaoxiong_eff",
        "ani_name": "",
        "loop": 0,
        "key": 1,
        "order": 316
    },
    "8001038": {
        "id": 8001038,
        "des": "特效-元素-符文",
        "json": "ys_fuwen_eff",
        "atlas": "ys_fuwen_eff",
        "ani_name": "",
        "loop": 0,
        "key": 1,
        "order": 317
    },
    "8001039": {
        "id": 8001039,
        "des": "特效-元素-旋律1",
        "json": "ys_xuanlv1_eff",
        "atlas": "ys_xuanlv1_eff",
        "ani_name": "",
        "loop": 0,
        "key": 1,
        "order": 318
    },
    "8001040": {
        "id": 8001040,
        "des": "特效-元素-旋律2",
        "json": "ys_xuanlv2_eff",
        "atlas": "ys_xuanlv2_eff",
        "ani_name": "",
        "loop": 0,
        "key": 1,
        "order": 319
    },
    "8001041": {
        "id": 8001041,
        "des": "特效-元素-波纹",
        "json": "ys_qinbo_eff",
        "atlas": "ys_qinbo_eff",
        "ani_name": "",
        "loop": 0,
        "key": 1,
        "order": 320
    },
    "8001042": {
        "id": 8001042,
        "des": "特效-元素-音符",
        "json": "ys_yinfu_eff",
        "atlas": "ys_yinfu_eff",
        "ani_name": "",
        "loop": 0,
        "key": 1,
        "order": 321
    },
    "8001043": {
        "id": 8001043,
        "des": "特效-元素-乌鸦残影",
        "json": "ys_wuyacanying_eff",
        "atlas": "ys_wuyacanying_eff",
        "ani_name": "",
        "loop": 0,
        "key": 1,
        "order": 322
    },
    "8001044": {
        "id": 8001044,
        "des": "特效-元素-螺旋刀光",
        "json": "ys_luouxan_eff",
        "atlas": "ys_luouxan_eff",
        "ani_name": "",
        "loop": 0,
        "key": 1,
        "order": 323
    },
    "8001045": {
        "id": 8001045,
        "des": "特效-元素-激光",
        "json": "ys_jiguang_eff",
        "atlas": "ys_jiguang_eff",
        "ani_name": "",
        "loop": 0,
        "key": 1,
        "order": 324
    },
    "8001046": {
        "id": 8001046,
        "des": "特效-元素-手杖",
        "json": "ys_guanjiashouzhang_eff",
        "atlas": "ys_guanjiashouzhang_eff",
        "ani_name": "",
        "loop": 0,
        "key": 1,
        "order": 325
    },
    "8001047": {
        "id": 8001047,
        "des": "特效-元素-天使雷欧力",
        "json": "ys_tianshi_lol_eff",
        "atlas": "ys_tianshi_lol_eff",
        "ani_name": "",
        "loop": 0,
        "key": 1,
        "order": 326
    },
    "8001048": {
        "id": 8001048,
        "des": "特效-元素-蝴蝶花",
        "json": "ys_hudiehua_eff",
        "atlas": "ys_hudiehua_eff",
        "ani_name": "",
        "loop": 0,
        "key": 1,
        "order": 327
    },
    "8001049": {
        "id": 8001049,
        "des": "特效-元素-黑子",
        "json": "ys_renou_heizi",
        "atlas": "ys_renou_heizi",
        "ani_name": "",
        "loop": 0,
        "key": 1,
        "order": 328
    },
    "8001050": {
        "id": 8001050,
        "des": "特效-元素-魔眼",
        "json": "ys_moyan_eff",
        "atlas": "ys_moyan_eff",
        "ani_name": "",
        "loop": 0,
        "key": 1,
        "order": 329
    },
    "8001051": {
        "id": 8001051,
        "des": "特效-元素-虫子",
        "json": "ys_chongzi",
        "atlas": "ys_chongzi",
        "ani_name": "",
        "loop": 0,
        "key": 1,
        "order": 330
    },
    "8001052": {
        "id": 8001052,
        "des": "特效-元素-火鸟",
        "json": "ys_huoniao_eff",
        "atlas": "ys_huoniao_eff",
        "ani_name": "",
        "loop": 0,
        "key": 1,
        "order": 331
    },
    "8001053": {
        "id": 8001053,
        "des": "特效-元素-水柱",
        "json": "ys_shuizhu_eff",
        "atlas": "ys_shuizhu_eff",
        "ani_name": "",
        "loop": 0,
        "key": 1,
        "order": 332
    },
    "8001054": {
        "id": 8001054,
        "des": "特效-元素-扑克牌2",
        "json": "ys_pukepai_eff_02",
        "atlas": "ys_pukepai_eff_02",
        "ani_name": "",
        "loop": 0,
        "key": 1,
        "order": 333
    },
    "8001055": {
        "id": 8001055,
        "des": "特效-元素-观音",
        "json": "ys_guanyin_eff",
        "atlas": "ys_guanyin_eff",
        "ani_name": "",
        "loop": 0,
        "key": 1,
        "order": 334
    },
    "8001056": {
        "id": 8001056,
        "des": "特效-元素-泡泡",
        "json": "ys_renyupaopao_eff",
        "atlas": "ys_renyupaopao_eff",
        "ani_name": "",
        "loop": 0,
        "key": 1,
        "order": 335
    },
    "8001057": {
        "id": 8001057,
        "des": "特效-元素-棋盘",
        "json": "ys_qipan_eff",
        "atlas": "ys_qipan_eff",
        "ani_name": "",
        "loop": 0,
        "key": 1,
        "order": 336
    },
    "8001058": {
        "id": 8001058,
        "des": "特效-虚弱-触发护盾1",
        "json": "xuruo_hudun",
        "atlas": "xuruo_hudun",
        "ani_name": "",
        "loop": 0,
        "key": 1,
        "order": 337
    },
    "8001059": {
        "id": 8001059,
        "des": "特效-虚弱-触发雷电1",
        "json": "xuruo_leidian",
        "atlas": "xuruo_leidian",
        "ani_name": "",
        "loop": 0,
        "key": 1,
        "order": 338
    },
    "8001060": {
        "id": 8001060,
        "des": "特效-虚弱-触发大护盾1",
        "json": "xuruo_dahudun",
        "atlas": "xuruo_dahudun",
        "ani_name": "",
        "loop": 0,
        "key": 1,
        "order": 339
    },
    "8001061": {
        "id": 8001061,
        "des": "特效-虚弱-脱离爆炸1",
        "json": "xuruo_fuhuobaozha",
        "atlas": "xuruo_fuhuobaozha",
        "ani_name": "",
        "loop": 0,
        "key": 1,
        "order": 340
    },
    "8001062": {
        "id": 8001062,
        "des": "特效-虚弱-脱离法阵1",
        "json": "fuhuo_nengliang_tisheng",
        "atlas": "fuhuo_nengliang_tisheng",
        "ani_name": "",
        "loop": 0,
        "key": 1,
        "order": 341
    },
    "8001063": {
        "id": 8001063,
        "des": "特效-变身",
        "json": "bianshen_eff",
        "atlas": "bianshen_eff",
        "ani_name": "",
        "loop": 0,
        "key": 1,
        "order": 342
    },
    "9001000": {
        "id": 9001000,
        "des": "受击-基础刀光",
        "json": "sj_daoguang_bai1_eff",
        "atlas": "sj_daoguang_bai1_eff",
        "ani_name": "",
        "loop": 0,
        "key": 1,
        "order": 343
    },
    "9001001": {
        "id": 9001001,
        "des": "受击-高级刀光",
        "json": "sj_daoguang_bai2_eff",
        "atlas": "sj_daoguang_bai2_eff",
        "ani_name": "",
        "loop": 0,
        "key": 1,
        "order": 344
    },
    "9003001": {
        "id": 9003001,
        "des": "受击-基础爆炸",
        "json": "sj_baozha_bai3_eff",
        "atlas": "sj_baozha_bai3_eff",
        "ani_name": "",
        "loop": 0,
        "key": 1,
        "order": 345
    },
    "9003003": {
        "id": 9003003,
        "des": "受击-光斑爆炸",
        "json": "sj_baozha_bai2_eff",
        "atlas": "sj_baozha_bai2_eff",
        "ani_name": "",
        "loop": 0,
        "key": 1,
        "order": 346
    },
    "9003004": {
        "id": 9003004,
        "des": "受击-碎片爆炸",
        "json": "sj_baozha_bai1_eff",
        "atlas": "sj_baozha_bai1_eff",
        "ani_name": "",
        "loop": 0,
        "key": 1,
        "order": 347
    },
    "9004000": {
        "id": 9004000,
        "des": "受击-黑暗爆炸",
        "json": "sj_baozha_hei1_eff",
        "atlas": "sj_baozha_hei1_eff",
        "ani_name": "",
        "loop": 0,
        "key": 1,
        "order": 348
    },
    "9005000": {
        "id": 9005000,
        "des": "受击-红色爆炸1-能量",
        "json": "sj_baozha_hong2_eff",
        "atlas": "sj_baozha_hong2_eff",
        "ani_name": "",
        "loop": 0,
        "key": 1,
        "order": 349
    },
    "9005001": {
        "id": 9005001,
        "des": "受击-红色爆炸2-火焰",
        "json": "sj_baozha_hong3_eff",
        "atlas": "sj_baozha_hong3_eff",
        "ani_name": "",
        "loop": 0,
        "key": 1,
        "order": 350
    },
    "9006000": {
        "id": 9006000,
        "des": "受击-蓝色爆炸1-冰块",
        "json": "sj_baozha_lan1_eff",
        "atlas": "sj_baozha_lan1_eff",
        "ani_name": "",
        "loop": 0,
        "key": 1,
        "order": 351
    },
    "9006001": {
        "id": 9006001,
        "des": "受击-蓝色爆炸1-能量",
        "json": "sj_baozha_lan2_eff",
        "atlas": "sj_baozha_lan2_eff",
        "ani_name": "",
        "loop": 0,
        "key": 1,
        "order": 352
    },
    "9006002": {
        "id": 9006002,
        "des": "受击-蓝色爆炸1-雷电",
        "json": "sj_baozha_lan3_eff",
        "atlas": "sj_baozha_lan3_eff",
        "ani_name": "",
        "loop": 0,
        "key": 1,
        "order": 353
    },
    "9007000": {
        "id": 9007000,
        "des": "受击-紫色爆炸1-雷电",
        "json": "sj_baozha_zi1_eff",
        "atlas": "sj_baozha_zi1_eff",
        "ani_name": "",
        "loop": 0,
        "key": 1,
        "order": 354
    },
	"4006": {
        "id": 4006,
        "des": "动作-提审怪物-小恶魔",
        "json": "ts_gw_006_emo2",
        "atlas": "ts_gw_006_emo2",
        "ani_name": "0001_daiji",
        "loop": 1,
        "key": 0,
        "order": 327
    }}
