{
    "1001": {
        "id": 1001
    },
    "1002": {
        "id": 1002
    },
    "1003": {
        "id": 1003
    },
    "1004": {
        "id": 1004
    },
    "1005": {
        "id": 1005
    },
    "1006": {
        "id": 1006
    },
    "1007": {
        "id": 1007
    },
    "1008": {
        "id": 1008
    },
    "1009": {
        "id": 1009
    },
    "1010": {
        "id": 1010
    },
    "1011": {
        "id": 1011
    },
    "1012": {
        "id": 1012
    },
    "1013": {
        "id": 1013
    },
    "1014": {
        "id": 1014
    },
    "1015": {
        "id": 1015
    },
    "1016": {
        "id": 1016
    },
    "1017": {
        "id": 1017
    },
    "1018": {
        "id": 1018
    },
    "1019": {
        "id": 1019
    },
    "1020": {
        "id": 1020
    },
    "1021": {
        "id": 1021
    },
    "1022": {
        "id": 1022
    },
    "1023": {
        "id": 1023
    },
    "1024": {
        "id": 1024
    },
    "2001": {
        "id": 2001
    },
    "2002": {
        "id": 2002
    },
    "2003": {
        "id": 2003
    },
    "2004": {
        "id": 2004
    },
    "2005": {
        "id": 2005
    },
    "2006": {
        "id": 2006
    },
    "2007": {
        "id": 2007
    },
    "2008": {
        "id": 2008
    },
    "2009": {
        "id": 2009
    },
    "2010": {
        "id": 2010
    },
    "2011": {
        "id": 2011
    },
    "3001": {
        "id": 3001
    },
    "3002": {
        "id": 3002
    },
    "300202": {
        "id": 300202
    },
    "300205": {
        "id": 300205
    },
    "3003": {
        "id": 3003
    },
    "3004": {
        "id": 3004
    },
    "3005": {
        "id": 3005
    },
    "3006": {
        "id": 3006
    },
    "3007": {
        "id": 3007
    },
    "3008": {
        "id": 3008
    },
    "3009": {
        "id": 3009
    },
    "3010": {
        "id": 3010
    },
    "3011": {
        "id": 3011
    },
    "3012": {
        "id": 3012
    },
    "3013": {
        "id": 3013
    },
    "3014": {
        "id": 3014
    },
    "3015": {
        "id": 3015
    },
    "3016": {
        "id": 3016
    },
    "3017": {
        "id": 3017
    },
    "3018": {
        "id": 3018
    },
    "3019": {
        "id": 3019
    },
    "3020": {
        "id": 3020
    },
    "3021": {
        "id": 3021
    },
    "4001": {
        "id": 4001
    },
    "4002": {
        "id": 4002
    },
    "4003": {
        "id": 4003
    },
    "4004": {
        "id": 4004
    },
    "4005": {
        "id": 4005
    },
    "4006": {
        "id": 4006
    },
    "6001": {
        "id": 6001
    },
    "6002": {
        "id": 6002
    },
    "6003": {
        "id": 6003
    },
    "7001": {
        "id": 7001
    },
    "8001": {
        "id": 8001
    },
    "8002": {
        "id": 8002
    },
    "8003": {
        "id": 8003
    },
    "8004": {
        "id": 8004
    },
    "8005": {
        "id": 8005
    },
    "8006": {
        "id": 8006
    },
    "8007": {
        "id": 8007
    },
    "8008": {
        "id": 8008
    },
    "8009": {
        "id": 8009
    },
    "8010": {
        "id": 8010
    },
    "8011": {
        "id": 8011
    },
    "8012": {
        "id": 8012
    },
    "8013": {
        "id": 8013
    },
    "8014": {
        "id": 8014
    },
    "8015": {
        "id": 8015
    },
    "8016": {
        "id": 8016
    },
    "8017": {
        "id": 8017
    },
    "8018": {
        "id": 8018
    },
    "8019": {
        "id": 8019
    },
    "8020": {
        "id": 8020
    },
    "8021": {
        "id": 8021
    },
    "8022": {
        "id": 8022
    },
    "100001": {
        "id": 100001
    },
    "100003": {
        "id": 100003
    },
    "100006": {
        "id": 100006
    },
    "100007": {
        "id": 100007
    },
    "100008": {
        "id": 100008
    },
    "100009": {
        "id": 100009
    },
    "100010": {
        "id": 100010
    },
    "100012": {
        "id": 100012
    },
    "100013": {
        "id": 100013
    },
    "100014": {
        "id": 100014
    },
    "100016": {
        "id": 100016
    },
    "100026": {
        "id": 100026
    },
    "100030": {
        "id": 100030
    },
    "100035": {
        "id": 100035
    },
    "100038": {
        "id": 100038
    },
    "100042": {
        "id": 100042
    },
    "100045": {
        "id": 100045
    },
    "100049": {
        "id": 100049
    },
    "100052": {
        "id": 100052
    },
    "300001": {
        "id": 300001
    },
    "300002": {
        "id": 300002
    },
    "300003": {
        "id": 300003
    },
    "300004": {
        "id": 300004
    },
    "300005": {
        "id": 300005
    },
    "300006": {
        "id": 300006
    },
    "300007": {
        "id": 300007
    },
    "300009": {
        "id": 300009
    },
    "300010": {
        "id": 300010
    },
    "300012": {
        "id": 300012
    },
    "300014": {
        "id": 300014
    },
    "300016": {
        "id": 300016
    },
    "300018": {
        "id": 300018
    },
    "300019": {
        "id": 300019
    },
    "300020": {
        "id": 300020
    },
    "300041": {
        "id": 300041
    },
    "300042": {
        "id": 300042
    },
    "300043": {
        "id": 300043
    },
    "300044": {
        "id": 300044
    },
    "300045": {
        "id": 300045
    },
    "300047": {
        "id": 300047
    },
    "300051": {
        "id": 300051
    },
    "300055": {
        "id": 300055
    },
    "300071": {
        "id": 300071
    },
    "300074": {
        "id": 300074
    },
    "300078": {
        "id": 300078
    },
    "300081": {
        "id": 300081
    },
    "300085": {
        "id": 300085
    },
    "300101": {
        "id": 300101
    },
    "300105": {
        "id": 300105
    },
    "300108": {
        "id": 300108
    },
    "300112": {
        "id": 300112
    },
    "300115": {
        "id": 300115
    },
    "300132": {
        "id": 300132
    },
    "300135": {
        "id": 300135
    },
    "300138": {
        "id": 300138
    },
    "300142": {
        "id": 300142
    },
    "300145": {
        "id": 300145
    },
    "300162": {
        "id": 300162
    },
    "300165": {
        "id": 300165
    },
    "300168": {
        "id": 300168
    },
    "300172": {
        "id": 300172
    },
    "300175": {
        "id": 300175
    },
    "300191": {
        "id": 300191
    },
    "300195": {
        "id": 300195
    },
    "300198": {
        "id": 300198
    }}
