{
    "0": {
        "index": 0,
        "name": "副本列表",
        "info": "副本列表提示",
        "path": "ui_iconevent_maoxianfuben_png",
        "open": "未开启",
        "skip": "1"
    },
    "1": {
        "index": 1,
        "name": "冒险副本",
        "info": "任意关卡均可掉落",
        "path": "ui_iconevent_maoxianfuben_png",
        "open": "未开启",
        "skip": ""
    },
    "2": {
        "index": 2,
        "name": "挑战副本",
        "info": "关卡越高，掉率越大",
        "path": "ui_iconevent_tiaozhanfuben_png",
        "open": "未开启",
        "skip": ""
    },
    "3": {
        "index": 3,
        "name": "探索副本",
        "info": "探索成功有概率获得",
        "path": "ui_iconevent_tansuofuben_png",
        "open": "未开启",
        "skip": ""
    },
    "4": {
        "index": 4,
        "name": "普通商店",
        "info": "有概率出售",
        "path": "ui_iconevent_shangdian_png",
        "open": "未开启",
        "skip": "1"
    },
    "5": {
        "index": 5,
        "name": "格斗商店",
        "info": "正在出售",
        "path": "ui_iconevent_shangdian_png",
        "open": "未开启",
        "skip": "1"
    },
    "6": {
        "index": 6,
        "name": "商店",
        "info": "正在出售",
        "path": "ui_iconevent_shangdian_png",
        "open": "未开启",
        "skip": "1"
    },
    "7": {
        "index": 7,
        "name": "商店",
        "info": "正在出售",
        "path": "ui_iconevent_shangdian_png",
        "open": "未开启",
        "skip": "1"
    },
    "8": {
        "index": 8,
        "name": "友情商店",
        "info": "正在出售",
        "path": "ui_iconevent_shangdian_png",
        "open": "未开启",
        "skip": "1"
    },
    "9": {
        "index": 9,
        "name": "酒馆",
        "info": "有几率获得",
        "path": "ui_iconevent_shangdian_png",
        "open": "未开启",
        "skip": "1"
    },
    "10": {
        "index": 10,
        "name": "区域一",
        "info": "通关后获得",
        "path": "ui_iconevent_liuxingjie_png",
        "open": "未开启",
        "skip": "1"
    },
    "11": {
        "index": 11,
        "name": "区域二",
        "info": "通关后获得",
        "path": "ui_iconevent_liuxingjie_png",
        "open": "未开启",
        "skip": "1"
    },
    "12": {
        "index": 12,
        "name": "区域三",
        "info": "概率掉落",
        "path": "ui_iconevent_liuxingjie_png",
        "open": "未开启",
        "skip": "1"
    },
    "13": {
        "index": 13,
        "name": "通缉令",
        "info": "参战时概率掉落",
        "path": "ui_iconevent_liuxingjie_png",
        "open": "未开启",
        "skip": "1"
    },
    "14": {
        "index": 14,
        "name": "兑换",
        "info": "兑换",
        "path": "ui_iconevent_guoshicaiji_png",
        "open": "未开启",
        "skip": "1"
    },
    "15": {
        "index": 15,
        "name": "无极塔",
        "info": "宝箱中获得",
        "path": "ui_iconevent_tiankongta_png",
        "open": "未开启",
        "skip": ""
    },
    "16": {
        "index": 16,
        "name": "关注活动",
        "info": "超值出售",
        "path": "ui_iconevent_huodong_png",
        "open": "未开启",
        "skip": ""
    },
    "17": {
        "index": 17,
        "name": "关注活动",
        "info": "关注日常活动",
        "path": "ui_iconevent_huodong_png",
        "open": "未开启",
        "skip": ""
    },
    "18": {
        "index": 18,
        "name": "日常任务",
        "info": "完成任务获得",
        "path": "ui_iconevent_huodong_png",
        "open": "未开启",
        "skip": ""
    },
    "19": {
        "index": 19,
        "name": "定时恢复",
        "info": "每小时恢复1个",
        "path": "ui_iconevent_huodong_png",
        "open": "未开启",
        "skip": ""
    }}
