{
    "1": {
        "id": 1,
        "level": 1,
        "des": "每天凌晨四点游戏刷新"
    },
    "2": {
        "id": 2,
        "level": 1,
        "des": "每天凌晨四点游戏刷新"
    },
    "3": {
        "id": 3,
        "level": 1,
        "des": "每天凌晨四点游戏刷新"
    },
    "4": {
        "id": 4,
        "level": 1,
        "des": "每天凌晨四点游戏刷新"
    },
    "5": {
        "id": 5,
        "level": 1,
        "des": "每天凌晨四点游戏刷新"
    },
    "6": {
        "id": 6,
        "level": 1,
        "des": "每天凌晨四点游戏刷新"
    },
    "7": {
        "id": 7,
        "level": 1,
        "des": "每天凌晨四点游戏刷新"
    },
    "8": {
        "id": 8,
        "level": 1,
        "des": "每天凌晨四点游戏刷新"
    },
    "9": {
        "id": 9,
        "level": 1,
        "des": "每天凌晨四点游戏刷新"
    },
    "10": {
        "id": 10,
        "level": 1,
        "des": "每天凌晨四点游戏刷新"
    },
    "11": {
        "id": 11,
        "level": 1,
        "des": "每天凌晨四点游戏刷新"
    },
    "12": {
        "id": 12,
        "level": 1,
        "des": "每天凌晨四点游戏刷新"
    },
    "13": {
        "id": 13,
        "level": 1,
        "des": "每天凌晨四点游戏刷新"
    },
    "14": {
        "id": 14,
        "level": 1,
        "des": "每天凌晨四点游戏刷新"
    },
    "15": {
        "id": 15,
        "level": 1,
        "des": "每天凌晨四点游戏刷新"
    },
    "16": {
        "id": 16,
        "level": 1,
        "des": "每天凌晨四点游戏刷新"
    },
    "17": {
        "id": 17,
        "level": 1,
        "des": "每天凌晨四点游戏刷新"
    },
    "18": {
        "id": 18,
        "level": 1,
        "des": "每天凌晨四点游戏刷新"
    },
    "19": {
        "id": 19,
        "level": 1,
        "des": "每天凌晨四点游戏刷新"
    }}
