{
    "1": {
        "id": 1,
        "type": -1,
        "name": "测试用的",
        "num": "-1",
        "time": -1,
        "continue_time": 1000,
        "displacement_speed": [0.3,0],
        "displacement_acceleration": [0.005,0],
        "acceleration_time": 100,
        "end_pos": [-1],
        "_bug": "测试用的"
    },
    "1001110": {
        "id": 1001110,
        "type": -1,
        "name": "玩家-奇牙技能1-穿刺爪痕",
        "num": "1",
        "time": -1,
        "continue_time": 300,
        "displacement_speed": [0.05,0],
        "displacement_acceleration": [0.0001,0],
        "acceleration_time": 100,
        "end_pos": [-1],
        "_bug": "玩家-奇牙技能1-穿刺爪痕"
    },
    "1001221": {
        "id": 1001221,
        "type": -1,
        "name": "玩家-奇牙技能2-刀光1",
        "num": "1",
        "time": -1,
        "continue_time": 0,
        "displacement_speed": [0,0],
        "displacement_acceleration": [0,0],
        "acceleration_time": 0,
        "end_pos": [-1],
        "_bug": "玩家-奇牙技能2-刀光消失"
    },
    "1001222": {
        "id": 1001222,
        "type": -1,
        "name": "玩家-奇牙技能2-刀光2",
        "num": "1",
        "time": -1,
        "continue_time": 0,
        "displacement_speed": [0,0],
        "displacement_acceleration": [0,0],
        "acceleration_time": 0,
        "end_pos": [-1],
        "_bug": "玩家-奇牙技能2-刀光消失"
    },
    "1001223": {
        "id": 1001223,
        "type": -1,
        "name": "玩家-奇牙技能2-刀光3",
        "num": "1",
        "time": -1,
        "continue_time": 0,
        "displacement_speed": [0,0],
        "displacement_acceleration": [0,0],
        "acceleration_time": 0,
        "end_pos": [-1],
        "_bug": "玩家-奇牙技能2-刀光消失"
    },
    "1001225": {
        "id": 1001225,
        "type": -1,
        "name": "玩家-奇牙技能2-刀光消失",
        "num": "1",
        "time": -1,
        "continue_time": 300,
        "displacement_speed": [0,0.35],
        "displacement_acceleration": [0,0.001],
        "acceleration_time": 100,
        "end_pos": [-1],
        "_bug": "玩家-奇牙技能2-刀光消失"
    },
    "1002100": {
        "id": 1002100,
        "type": -1,
        "name": "玩家-智喜技能1-冲击拳",
        "num": "1",
        "time": -1,
        "continue_time": 300,
        "displacement_speed": [0.05,0],
        "displacement_acceleration": [0.0001,0],
        "acceleration_time": 100,
        "end_pos": [-1],
        "_bug": "玩家-智喜技能1-冲击拳"
    },
    "1003100": {
        "id": 1003100,
        "type": -1,
        "name": "玩家-小滴技能1-灰色旋风",
        "num": "1",
        "time": -1,
        "continue_time": 300,
        "displacement_speed": [0.05,0],
        "displacement_acceleration": [0.0001,0],
        "acceleration_time": 100,
        "end_pos": [-1],
        "_bug": "玩家-小滴技能1-灰色旋风"
    },
    "1003220": {
        "id": 1003220,
        "type": -1,
        "name": "玩家-小滴技能2-蓝色旋风",
        "num": "4",
        "time": 300,
        "continue_time": 0,
        "displacement_speed": [0,0],
        "displacement_acceleration": [0,0],
        "acceleration_time": 0,
        "end_pos": [-1],
        "_bug": "玩家-小滴技能2-蓝色旋风"
    },
    "1003231": {
        "id": 1003231,
        "type": -1,
        "name": "玩家-小滴技能2-地面烟雾爆炸",
        "num": "1",
        "time": -1,
        "continue_time": 300,
        "displacement_speed": [0.05,0],
        "displacement_acceleration": [0.0001,0],
        "acceleration_time": 100,
        "end_pos": [-1],
        "_bug": "玩家-小滴技能2-地面烟雾爆炸"
    },
    "1004100": {
        "id": 1004100,
        "type": -1,
        "name": "玩家-伊尔迷技能1-飞针1",
        "num": "1",
        "time": -1,
        "continue_time": 300,
        "displacement_speed": [0.05,0],
        "displacement_acceleration": [0.0001,0],
        "acceleration_time": 100,
        "end_pos": [-1],
        "_bug": "玩家-伊尔迷技能1-飞针1"
    },
    "1004101": {
        "id": 1004101,
        "type": -1,
        "name": "玩家-伊尔迷技能1-飞针2",
        "num": "1",
        "time": -1,
        "continue_time": 300,
        "displacement_speed": [0.05,0],
        "displacement_acceleration": [0.0001,0],
        "acceleration_time": 100,
        "end_pos": [-1],
        "_bug": "玩家-伊尔迷技能1-飞针2"
    },
    "1004102": {
        "id": 1004102,
        "type": -1,
        "name": "玩家-伊尔迷技能1-飞针3",
        "num": "1",
        "time": -1,
        "continue_time": 300,
        "displacement_speed": [0.05,0],
        "displacement_acceleration": [0.0001,0],
        "acceleration_time": 100,
        "end_pos": [-1],
        "_bug": "玩家-伊尔迷技能1-飞针3"
    },
    "1004220": {
        "id": 1004220,
        "type": -1,
        "name": "玩家-伊尔迷技能2-黑洞",
        "num": "1",
        "time": -1,
        "continue_time": 0,
        "displacement_speed": [0,0],
        "displacement_acceleration": [0,0],
        "acceleration_time": 0,
        "end_pos": [-1],
        "_bug": "玩家-伊尔迷技能2-黑洞"
    },
    "1005101": {
        "id": 1005101,
        "type": -1,
        "name": "玩家-凯特技能1-刀光1",
        "num": "1",
        "time": -1,
        "continue_time": 300,
        "displacement_speed": [0.05,0],
        "displacement_acceleration": [0.0001,0],
        "acceleration_time": 100,
        "end_pos": [-1],
        "_bug": "玩家-凯特技能1-刀光1"
    },
    "1005102": {
        "id": 1005102,
        "type": -1,
        "name": "玩家-凯特技能1-刀光2",
        "num": "1",
        "time": -1,
        "continue_time": 300,
        "displacement_speed": [0.05,0],
        "displacement_acceleration": [0.0001,0],
        "acceleration_time": 100,
        "end_pos": [-1],
        "_bug": "玩家-凯特技能1-刀光2"
    },
    "1005103": {
        "id": 1005103,
        "type": -1,
        "name": "玩家-凯特技能1-刀光3",
        "num": "1",
        "time": -1,
        "continue_time": 300,
        "displacement_speed": [0.05,0],
        "displacement_acceleration": [0.0001,0],
        "acceleration_time": 100,
        "end_pos": [-1],
        "_bug": "玩家-凯特技能1-刀光3"
    },
    "1005210": {
        "id": 1005210,
        "type": -1,
        "name": "玩家-凯特技能2-水平刀光1",
        "num": "1",
        "time": -1,
        "continue_time": 300,
        "displacement_speed": [0,0.2],
        "displacement_acceleration": [0,0.0001],
        "acceleration_time": 100,
        "end_pos": [-1],
        "_bug": "玩家-凯特技能2-水平刀光1"
    },
    "1005211": {
        "id": 1005211,
        "type": -1,
        "name": "玩家-凯特技能2-刀光1",
        "num": "1",
        "time": -1,
        "continue_time": 300,
        "displacement_speed": [0,0.15],
        "displacement_acceleration": [0,0.0001],
        "acceleration_time": 100,
        "end_pos": [-1],
        "_bug": "玩家-凯特技能2-刀光1"
    },
    "1005212": {
        "id": 1005212,
        "type": -1,
        "name": "玩家-凯特技能2-刀光2",
        "num": "1",
        "time": -1,
        "continue_time": 300,
        "displacement_speed": [0,0.15],
        "displacement_acceleration": [0,0.0001],
        "acceleration_time": 100,
        "end_pos": [-1],
        "_bug": "玩家-凯特技能2-刀光2"
    },
    "1005213": {
        "id": 1005213,
        "type": -1,
        "name": "玩家-凯特技能2-交叉刀光1",
        "num": "1",
        "time": -1,
        "continue_time": 300,
        "displacement_speed": [0,0.15],
        "displacement_acceleration": [0,0.0001],
        "acceleration_time": 100,
        "end_pos": [-1],
        "_bug": "玩家-凯特技能2-交叉刀光1"
    },
    "1005220": {
        "id": 1005220,
        "type": -1,
        "name": "玩家-凯特技能2-割裂刀光",
        "num": "1",
        "time": -1,
        "continue_time": 300,
        "displacement_speed": [0,0.3],
        "displacement_acceleration": [0,0.0005],
        "acceleration_time": 100,
        "end_pos": [-1],
        "_bug": "玩家-凯特技能2-割裂刀光"
    },
    "1006100": {
        "id": 1006100,
        "type": -1,
        "name": "玩家-萨次技能1-冲击能量",
        "num": "1",
        "time": -1,
        "continue_time": 300,
        "displacement_speed": [0.05,0],
        "displacement_acceleration": [0.0001,0],
        "acceleration_time": 100,
        "end_pos": [-1],
        "_bug": "玩家-萨次技能1-冲击能量"
    },
    "1006210": {
        "id": 1006210,
        "type": -1,
        "name": "玩家-萨次技能2-螺旋烟雾",
        "num": "1",
        "time": -1,
        "continue_time": 200,
        "displacement_speed": [0,0],
        "displacement_acceleration": [0,0],
        "acceleration_time": 100,
        "end_pos": [-1],
        "_bug": "玩家-萨次技能2-螺旋烟雾"
    },
    "1006220": {
        "id": 1006220,
        "type": -1,
        "name": "玩家-萨次技能2-大冲锋1",
        "num": "1",
        "time": -1,
        "continue_time": 200,
        "displacement_speed": [0.45,0.2],
        "displacement_acceleration": [0,0],
        "acceleration_time": 100,
        "end_pos": [-1],
        "_bug": "玩家-萨次技能2-大冲锋1"
    },
    "1007110": {
        "id": 1007110,
        "type": -1,
        "name": "玩家-窝金技能1-沙暴",
        "num": "1",
        "time": -1,
        "continue_time": 300,
        "displacement_speed": [0.05,0],
        "displacement_acceleration": [0.0001,0],
        "acceleration_time": 100,
        "end_pos": [-1],
        "_bug": "玩家-窝金技能1-沙暴"
    },
    "1007220": {
        "id": 1007220,
        "type": -1,
        "name": "玩家-窝金技能2-吼叫1",
        "num": "1",
        "time": -1,
        "continue_time": 300,
        "displacement_speed": [0.5,0],
        "displacement_acceleration": [0.0001,0],
        "acceleration_time": 100,
        "end_pos": [-1],
        "_bug": "玩家-窝金技能2-吼叫1"
    },
    "1008100": {
        "id": 1008100,
        "type": -1,
        "name": "玩家-半藏技能1-飞镖1",
        "num": "1",
        "time": -1,
        "continue_time": 300,
        "displacement_speed": [0.05,0],
        "displacement_acceleration": [0.0001,0],
        "acceleration_time": 100,
        "end_pos": [-1],
        "_bug": "玩家-半藏技能1-飞镖1"
    },
    "1008101": {
        "id": 1008101,
        "type": -1,
        "name": "玩家-半藏技能1-飞镖2",
        "num": "1",
        "time": -1,
        "continue_time": 300,
        "displacement_speed": [0.05,0],
        "displacement_acceleration": [0.0001,0],
        "acceleration_time": 100,
        "end_pos": [-1],
        "_bug": "玩家-半藏技能1-飞镖2"
    },
    "1008102": {
        "id": 1008102,
        "type": -1,
        "name": "玩家-半藏技能1-飞镖3",
        "num": "1",
        "time": -1,
        "continue_time": 300,
        "displacement_speed": [0.05,0],
        "displacement_acceleration": [0.0001,0],
        "acceleration_time": 100,
        "end_pos": [-1],
        "_bug": "玩家-半藏技能1-飞镖3"
    },
    "1008232": {
        "id": 1008232,
        "type": -1,
        "name": "玩家-半藏技能2-爆炸",
        "num": "1",
        "time": -1,
        "continue_time": 300,
        "displacement_speed": [0.05,0],
        "displacement_acceleration": [0.0001,0],
        "acceleration_time": 100,
        "end_pos": [-1],
        "_bug": "玩家-半藏技能2-爆炸"
    },
    "1010100": {
        "id": 1010100,
        "type": -1,
        "name": "玩家-东巴技能1-可乐1",
        "num": "-1",
        "time": -1,
        "continue_time": 300,
        "displacement_speed": [0.05,0],
        "displacement_acceleration": [0.0001,0],
        "acceleration_time": 100,
        "end_pos": [-1],
        "_bug": "玩家-东巴技能1-可乐1"
    },
    "1010101": {
        "id": 1010101,
        "type": -1,
        "name": "玩家-东巴技能1-可乐2",
        "num": "-1",
        "time": -1,
        "continue_time": 300,
        "displacement_speed": [0.05,0],
        "displacement_acceleration": [0.0001,0],
        "acceleration_time": 100,
        "end_pos": [-1],
        "_bug": "玩家-东巴技能1-可乐2"
    },
    "1010220": {
        "id": 1010220,
        "type": -1,
        "name": "玩家-东巴技能2-罐头1",
        "num": "-1",
        "time": -1,
        "continue_time": 300,
        "displacement_speed": [0.3,0],
        "displacement_acceleration": [0.0001,0],
        "acceleration_time": 100,
        "end_pos": [-1],
        "_bug": "玩家-东巴技能2-罐头1"
    },
    "1011100": {
        "id": 1011100,
        "type": -1,
        "name": "玩家-飞坦技能1-飞镖1",
        "num": "-1",
        "time": -1,
        "continue_time": 300,
        "displacement_speed": [0.05,0],
        "displacement_acceleration": [0.0001,0],
        "acceleration_time": 100,
        "end_pos": [-1],
        "_bug": "玩家-飞坦技能1-飞镖1"
    },
    "1011101": {
        "id": 1011101,
        "type": -1,
        "name": "玩家-飞坦技能1-飞镖1",
        "num": "-1",
        "time": -1,
        "continue_time": 300,
        "displacement_speed": [0.05,0],
        "displacement_acceleration": [0.0001,0],
        "acceleration_time": 100,
        "end_pos": [-1],
        "_bug": "玩家-飞坦技能1-飞镖1"
    },
    "1011102": {
        "id": 1011102,
        "type": -1,
        "name": "玩家-飞坦技能1-飞镖3",
        "num": "-1",
        "time": -1,
        "continue_time": 300,
        "displacement_speed": [0.05,0],
        "displacement_acceleration": [0.0001,0],
        "acceleration_time": 100,
        "end_pos": [-1],
        "_bug": "玩家-飞坦技能1-飞镖3"
    },
    "1011221": {
        "id": 1011221,
        "type": -1,
        "name": "玩家-飞坦技能2-地面爆炸1",
        "num": "-1",
        "time": -1,
        "continue_time": 0,
        "displacement_speed": [0,0],
        "displacement_acceleration": [0,0],
        "acceleration_time": 0,
        "end_pos": [-1],
        "_bug": "玩家-飞坦技能2-地面爆炸1"
    },
    "1011223": {
        "id": 1011223,
        "type": -1,
        "name": "玩家-飞坦技能2-地面爆炸2",
        "num": "-1",
        "time": -1,
        "continue_time": 0,
        "displacement_speed": [0,0],
        "displacement_acceleration": [0,0],
        "acceleration_time": 0,
        "end_pos": [-1],
        "_bug": "玩家-飞坦技能2-地面爆炸2"
    },
    "1011225": {
        "id": 1011225,
        "type": -1,
        "name": "玩家-飞坦技能2-地面爆炸3",
        "num": "-1",
        "time": -1,
        "continue_time": 200,
        "displacement_speed": [0,0.4],
        "displacement_acceleration": [0,0.005],
        "acceleration_time": 80,
        "end_pos": [-1],
        "_bug": "玩家-飞坦技能2-地面爆炸3"
    },
    "1012111": {
        "id": 1012111,
        "type": -1,
        "name": "玩家-芬克斯技能1-冲击拳",
        "num": "-1",
        "time": -1,
        "continue_time": 300,
        "displacement_speed": [0.05,0],
        "displacement_acceleration": [0.0001,0],
        "acceleration_time": 100,
        "end_pos": [-1],
        "_bug": "玩家-芬克斯技能1-冲击拳"
    },
    "1012230": {
        "id": 1012230,
        "type": -1,
        "name": "玩家-芬克斯技能2-升龙拳光柱",
        "num": "-1",
        "time": -1,
        "continue_time": 250,
        "displacement_speed": [0,0.45],
        "displacement_acceleration": [0,0.0001],
        "acceleration_time": 100,
        "end_pos": [-1],
        "_bug": "玩家-芬克斯技能2-升龙拳光柱"
    },
    "1012233": {
        "id": 1012233,
        "type": -1,
        "name": "玩家-芬克斯技能2-升龙雷电1",
        "num": "-1",
        "time": -1,
        "continue_time": 100,
        "displacement_speed": [0,0.15],
        "displacement_acceleration": [0,0.0001],
        "acceleration_time": 100,
        "end_pos": [-1],
        "_bug": "玩家-芬克斯技能2-升龙雷电1"
    },
    "1012234": {
        "id": 1012234,
        "type": -1,
        "name": "玩家-芬克斯技能2-升龙雷电2",
        "num": "-1",
        "time": -1,
        "continue_time": 100,
        "displacement_speed": [0,0.15],
        "displacement_acceleration": [0,0.0001],
        "acceleration_time": 100,
        "end_pos": [-1],
        "_bug": "玩家-芬克斯技能2-升龙雷电2"
    },
    "1012235": {
        "id": 1012235,
        "type": -1,
        "name": "玩家-芬克斯技能2-升龙雷电3",
        "num": "-1",
        "time": -1,
        "continue_time": 100,
        "displacement_speed": [0,0.15],
        "displacement_acceleration": [0,0.0001],
        "acceleration_time": 100,
        "end_pos": [-1],
        "_bug": "玩家-芬克斯技能2-升龙雷电3"
    },
    "1012236": {
        "id": 1012236,
        "type": -1,
        "name": "玩家-芬克斯技能2-升龙雷电4",
        "num": "-1",
        "time": -1,
        "continue_time": 100,
        "displacement_speed": [0,0.15],
        "displacement_acceleration": [0,0.0001],
        "acceleration_time": 100,
        "end_pos": [-1],
        "_bug": "玩家-芬克斯技能2-升龙雷电4"
    },
    "1013101": {
        "id": 1013101,
        "type": -1,
        "name": "玩家-富兰克林技能1-子弹1",
        "num": "-1",
        "time": -1,
        "continue_time": 300,
        "displacement_speed": [0.05,0],
        "displacement_acceleration": [0.0001,0],
        "acceleration_time": 100,
        "end_pos": [-1],
        "_bug": "玩家-富兰克林技能1-子弹1"
    },
    "1013222": {
        "id": 1013222,
        "type": -1,
        "name": "玩家-富兰克林技能2-子弹1",
        "num": "-1",
        "time": -1,
        "continue_time": 300,
        "displacement_speed": [0.05,0],
        "displacement_acceleration": [0.0001,0],
        "acceleration_time": 100,
        "end_pos": [-1],
        "_bug": "玩家-富兰克林技能2-子弹1"
    },
    "1013223": {
        "id": 1013223,
        "type": -1,
        "name": "玩家-富兰克林技能2-子弹2",
        "num": "-1",
        "time": -1,
        "continue_time": 300,
        "displacement_speed": [0.05,0],
        "displacement_acceleration": [0.0001,0],
        "acceleration_time": 100,
        "end_pos": [-1],
        "_bug": "玩家-富兰克林技能2-子弹2"
    },
    "1013224": {
        "id": 1013224,
        "type": -1,
        "name": "玩家-富兰克林技能2-子弹3",
        "num": "-1",
        "time": -1,
        "continue_time": 300,
        "displacement_speed": [0.05,0],
        "displacement_acceleration": [0.0001,0],
        "acceleration_time": 100,
        "end_pos": [-1],
        "_bug": "玩家-富兰克林技能2-子弹3"
    },
    "1013225": {
        "id": 1013225,
        "type": -1,
        "name": "玩家-富兰克林技能2-子弹4",
        "num": "-1",
        "time": -1,
        "continue_time": 300,
        "displacement_speed": [0.05,0],
        "displacement_acceleration": [0.0001,0],
        "acceleration_time": 100,
        "end_pos": [-1],
        "_bug": "玩家-富兰克林技能2-子弹4"
    },
    "1013226": {
        "id": 1013226,
        "type": -1,
        "name": "玩家-富兰克林技能2-子弹5",
        "num": "-1",
        "time": -1,
        "continue_time": 300,
        "displacement_speed": [0.05,0],
        "displacement_acceleration": [0.0001,0],
        "acceleration_time": 100,
        "end_pos": [-1],
        "_bug": "玩家-富兰克林技能2-子弹5"
    },
    "1013227": {
        "id": 1013227,
        "type": -1,
        "name": "玩家-富兰克林技能2-子弹6",
        "num": "-1",
        "time": -1,
        "continue_time": 300,
        "displacement_speed": [0.05,0],
        "displacement_acceleration": [0.0001,0],
        "acceleration_time": 100,
        "end_pos": [-1],
        "_bug": "玩家-富兰克林技能2-子弹6"
    },
    "1013232": {
        "id": 1013232,
        "type": -1,
        "name": "玩家-富兰克林技能2_大炮1",
        "num": "-1",
        "time": -1,
        "continue_time": 300,
        "displacement_speed": [0.2,0],
        "displacement_acceleration": [0.0001,0],
        "acceleration_time": 100,
        "end_pos": [-1],
        "_bug": "玩家-富兰克林技能2_大炮1"
    },
    "1013233": {
        "id": 1013233,
        "type": -1,
        "name": "玩家-富兰克林技能2_大炮2",
        "num": "-1",
        "time": -1,
        "continue_time": 300,
        "displacement_speed": [0.2,0],
        "displacement_acceleration": [0.0001,0],
        "acceleration_time": 100,
        "end_pos": [-1],
        "_bug": "玩家-富兰克林技能2_大炮2"
    },
    "1014100": {
        "id": 1014100,
        "type": -1,
        "name": "玩家-华石斗郎技能1-龙波",
        "num": "-1",
        "time": -1,
        "continue_time": 0,
        "displacement_speed": [0,0],
        "displacement_acceleration": [0,0],
        "acceleration_time": 0,
        "end_pos": [-1],
        "_bug": "玩家-华石斗郎技能1-龙波"
    },
    "1014101": {
        "id": 1014101,
        "type": -1,
        "name": "玩家-华石斗郎技能1-爆炸",
        "num": "-1",
        "time": -1,
        "continue_time": 0,
        "displacement_speed": [0,0],
        "displacement_acceleration": [0,0],
        "acceleration_time": 0,
        "end_pos": [-1],
        "_bug": "玩家-华石斗郎技能1-爆炸"
    },
    "1014222": {
        "id": 1014222,
        "type": -1,
        "name": "玩家-华石斗郎技能2-烟雾1",
        "num": "-1",
        "time": -1,
        "continue_time": 300,
        "displacement_speed": [0.05,0],
        "displacement_acceleration": [0.0001,0],
        "acceleration_time": 100,
        "end_pos": [-1],
        "_bug": "玩家-华石斗郎技能2-烟雾1"
    },
    "1014225": {
        "id": 1014225,
        "type": -1,
        "name": "玩家-华石斗郎技能2-烟雾2",
        "num": "-1",
        "time": -1,
        "continue_time": 300,
        "displacement_speed": [0.05,0],
        "displacement_acceleration": [0.0001,0],
        "acceleration_time": 100,
        "end_pos": [-1],
        "_bug": "玩家-华石斗郎技能2-烟雾2"
    },
    "1014228": {
        "id": 1014228,
        "type": -1,
        "name": "玩家-华石斗郎技能2-烟雾3",
        "num": "-1",
        "time": -1,
        "continue_time": 300,
        "displacement_speed": [0.05,0],
        "displacement_acceleration": [0.0001,0],
        "acceleration_time": 100,
        "end_pos": [-1],
        "_bug": "玩家-华石斗郎技能2-烟雾3"
    },
    "1015100": {
        "id": 1015100,
        "type": -1,
        "name": "玩家-疾斗技能1-小陀螺",
        "num": "1",
        "time": -1,
        "continue_time": 300,
        "displacement_speed": [0.05,0],
        "displacement_acceleration": [0.0001,0],
        "acceleration_time": 100,
        "end_pos": [-1],
        "_bug": "玩家-疾斗技能1-小陀螺"
    },
    "1015210": {
        "id": 1015210,
        "type": -1,
        "name": "玩家-疾斗技能2-大陀螺旋风",
        "num": "1",
        "time": -1,
        "continue_time": 200,
        "displacement_speed": [0,0.45],
        "displacement_acceleration": [0,0.0001],
        "acceleration_time": 100,
        "end_pos": [-1],
        "_bug": "玩家-疾斗技能2-大陀螺旋风"
    },
    "1016110": {
        "id": 1016110,
        "type": -1,
        "name": "玩家-剥罗裂夫技能1-连环拳1",
        "num": "1",
        "time": -1,
        "continue_time": 300,
        "displacement_speed": [0.05,0],
        "displacement_acceleration": [0.0001,0],
        "acceleration_time": 100,
        "end_pos": [-1],
        "_bug": "玩家-剥罗裂夫技能1-连环拳1"
    },
    "1016111": {
        "id": 1016111,
        "type": -1,
        "name": "玩家-剥罗裂夫技能1-连环拳2",
        "num": "1",
        "time": -1,
        "continue_time": 300,
        "displacement_speed": [0.05,0],
        "displacement_acceleration": [0.0001,0],
        "acceleration_time": 100,
        "end_pos": [-1],
        "_bug": "玩家-剥罗裂夫技能1-连环拳2"
    },
    "1016210": {
        "id": 1016210,
        "type": -1,
        "name": "玩家-剥罗裂夫技能2-爆炸1",
        "num": "1",
        "time": -1,
        "continue_time": 0,
        "displacement_speed": [0,0],
        "displacement_acceleration": [0,0],
        "acceleration_time": 0,
        "end_pos": [-1],
        "_bug": "玩家-剥罗裂夫技能2-爆炸1"
    },
    "1017101": {
        "id": 1017101,
        "type": -1,
        "name": "玩家-库洛洛技能1-穿刺",
        "num": "1",
        "time": -1,
        "continue_time": 300,
        "displacement_speed": [0.05,0],
        "displacement_acceleration": [0.0001,0],
        "acceleration_time": 100,
        "end_pos": [-1],
        "_bug": "玩家-库洛洛技能1-穿刺"
    },
    "1017210": {
        "id": 1017210,
        "type": -1,
        "name": "玩家-库洛洛技能2-判定法阵",
        "num": "4",
        "time": 300,
        "continue_time": 0,
        "displacement_speed": [0,0],
        "displacement_acceleration": [0,0],
        "acceleration_time": 0,
        "end_pos": [-1],
        "_bug": "玩家-库洛洛技能2-判定法阵"
    },
    "1017220": {
        "id": 1017220,
        "type": -1,
        "name": "玩家-库洛洛技能2-攻击法阵",
        "num": "1",
        "time": -1,
        "continue_time": 300,
        "displacement_speed": [0,0.45],
        "displacement_acceleration": [0,0.0001],
        "acceleration_time": 50,
        "end_pos": [-1],
        "_bug": "玩家-库洛洛技能2-攻击法阵"
    },
    "1018100": {
        "id": 1018100,
        "type": -1,
        "name": "玩家-席巴技能1-穿刺",
        "num": "1",
        "time": -1,
        "continue_time": 0,
        "displacement_speed": [0,0],
        "displacement_acceleration": [0,0],
        "acceleration_time": 0,
        "end_pos": [-1],
        "_bug": "玩家-席巴技能1-穿刺"
    },
    "1018203": {
        "id": 1018203,
        "type": -1,
        "name": "玩家-席巴技能2-指向1",
        "num": "1",
        "time": -1,
        "continue_time": 0,
        "displacement_speed": [0,0],
        "displacement_acceleration": [0,0],
        "acceleration_time": 0,
        "end_pos": [-1],
        "_bug": "玩家-席巴技能2-指向1"
    },
    "1018204": {
        "id": 1018204,
        "type": -1,
        "name": "玩家-席巴技能2-指向2",
        "num": "1",
        "time": -1,
        "continue_time": 0,
        "displacement_speed": [0,0],
        "displacement_acceleration": [0,0],
        "acceleration_time": 0,
        "end_pos": [-1],
        "_bug": "玩家-席巴技能2-指向2"
    },
    "1018205": {
        "id": 1018205,
        "type": -1,
        "name": "玩家-席巴技能2-指向3",
        "num": "1",
        "time": -1,
        "continue_time": 0,
        "displacement_speed": [0,0],
        "displacement_acceleration": [0,0],
        "acceleration_time": 0,
        "end_pos": [-1],
        "_bug": "玩家-席巴技能2-指向3"
    },
    "1018206": {
        "id": 1018206,
        "type": -1,
        "name": "玩家-席巴技能2-指向4",
        "num": "1",
        "time": -1,
        "continue_time": 0,
        "displacement_speed": [0,0],
        "displacement_acceleration": [0,0],
        "acceleration_time": 0,
        "end_pos": [-1],
        "_bug": "玩家-席巴技能2-指向4"
    },
    "1019100": {
        "id": 1019100,
        "type": -1,
        "name": "玩家-杰诺技能1-龙雨",
        "num": "1",
        "time": -1,
        "continue_time": 300,
        "displacement_speed": [0.05,0],
        "displacement_acceleration": [0.0001,0],
        "acceleration_time": 100,
        "end_pos": [-1],
        "_bug": "玩家-杰诺技能1-龙雨"
    },
    "1019211": {
        "id": 1019211,
        "type": -1,
        "name": "玩家-杰诺技能2-龙雨1",
        "num": "1",
        "time": -1,
        "continue_time": 0,
        "displacement_speed": [0,0],
        "displacement_acceleration": [0,0],
        "acceleration_time": 0,
        "end_pos": [-1],
        "_bug": "玩家-杰诺技能2-龙雨1"
    },
    "1019212": {
        "id": 1019212,
        "type": -1,
        "name": "玩家-杰诺技能2-龙雨2",
        "num": "1",
        "time": -1,
        "continue_time": 0,
        "displacement_speed": [0,0],
        "displacement_acceleration": [0,0],
        "acceleration_time": 0,
        "end_pos": [-1],
        "_bug": "玩家-杰诺技能2-龙雨2"
    },
    "1019213": {
        "id": 1019213,
        "type": -1,
        "name": "玩家-杰诺技能2-龙雨3",
        "num": "1",
        "time": -1,
        "continue_time": 0,
        "displacement_speed": [0,0],
        "displacement_acceleration": [0,0],
        "acceleration_time": 0,
        "end_pos": [-1],
        "_bug": "玩家-杰诺技能2-龙雨3"
    },
    "1019214": {
        "id": 1019214,
        "type": -1,
        "name": "玩家-杰诺技能2-龙雨4",
        "num": "1",
        "time": -1,
        "continue_time": 0,
        "displacement_speed": [0,0],
        "displacement_acceleration": [0,0],
        "acceleration_time": 0,
        "end_pos": [-1],
        "_bug": "玩家-杰诺技能2-龙雨4"
    },
    "1019220": {
        "id": 1019220,
        "type": -1,
        "name": "玩家-杰诺技能2-能量爆炸",
        "num": "1",
        "time": -1,
        "continue_time": 300,
        "displacement_speed": [0,0.45],
        "displacement_acceleration": [0,0.0001],
        "acceleration_time": 100,
        "end_pos": [-1],
        "_bug": "玩家-杰诺技能2-能量爆炸"
    },
    "1020100": {
        "id": 1020100,
        "type": -1,
        "name": "玩家-柯特技能1-蝴蝶",
        "num": "-1",
        "time": -1,
        "continue_time": 300,
        "displacement_speed": [0.05,0],
        "displacement_acceleration": [0.0001,0],
        "acceleration_time": 100,
        "end_pos": [-1],
        "_bug": "玩家-柯特技能1-蝴蝶"
    },
    "1020101": {
        "id": 1020101,
        "type": -1,
        "name": "玩家-柯特技能1-蝴蝶2",
        "num": "-1",
        "time": -1,
        "continue_time": 300,
        "displacement_speed": [0.05,0],
        "displacement_acceleration": [0.0001,0],
        "acceleration_time": 100,
        "end_pos": [-1],
        "_bug": "玩家-柯特技能1-蝴蝶2"
    },
    "1020212": {
        "id": 1020212,
        "type": -1,
        "name": "玩家-柯特技能2-旋风",
        "num": "-1",
        "time": -1,
        "continue_time": 300,
        "displacement_speed": [0.05,0],
        "displacement_acceleration": [0.0001,0],
        "acceleration_time": 100,
        "end_pos": [-1],
        "_bug": "玩家-柯特技能2-旋风"
    },
    "1021101": {
        "id": 1021101,
        "type": -1,
        "name": "玩家-库哔技能1-地面沙石",
        "num": "-1",
        "time": -1,
        "continue_time": 300,
        "displacement_speed": [0.05,0],
        "displacement_acceleration": [0.0001,0],
        "acceleration_time": 100,
        "end_pos": [-1],
        "_bug": "玩家-库哔技能1-地面沙石"
    },
    "1022100": {
        "id": 1022100,
        "type": -1,
        "name": "玩家-狸狈多技能1-地面雷电",
        "num": "-1",
        "time": -1,
        "continue_time": 300,
        "displacement_speed": [0.05,0],
        "displacement_acceleration": [0.0001,0],
        "acceleration_time": 100,
        "end_pos": [-1],
        "_bug": "玩家-狸狈多技能1-地面雷电"
    },
    "1022212": {
        "id": 1022212,
        "type": -1,
        "name": "玩家-狸狈多技能2-大雷电",
        "num": "-1",
        "time": -1,
        "continue_time": 0,
        "displacement_speed": [0,0],
        "displacement_acceleration": [0,0],
        "acceleration_time": 0,
        "end_pos": [-1],
        "_bug": "玩家-狸狈多技能2-大雷电"
    },
    "1023100": {
        "id": 1023100,
        "type": -1,
        "name": "玩家-玛琪技能1-飞针",
        "num": "-1",
        "time": -1,
        "continue_time": 0,
        "displacement_speed": [0,0],
        "displacement_acceleration": [0,0],
        "acceleration_time": 0,
        "end_pos": [-1],
        "_bug": "玩家-玛琪技能1-飞针"
    },
    "1024100": {
        "id": 1024100,
        "type": -1,
        "name": "玩家-门琪技能1-飞刀",
        "num": "-1",
        "time": -1,
        "continue_time": 300,
        "displacement_speed": [0.05,0],
        "displacement_acceleration": [0.0001,0],
        "acceleration_time": 100,
        "end_pos": [-1],
        "_bug": "玩家-门琪技能1-飞刀"
    },
    "1024210": {
        "id": 1024210,
        "type": -1,
        "name": "玩家-门琪技能1-餐具1",
        "num": "-1",
        "time": -1,
        "continue_time": 300,
        "displacement_speed": [0.05,0],
        "displacement_acceleration": [0.0001,0],
        "acceleration_time": 100,
        "end_pos": [-1],
        "_bug": "玩家-门琪技能1-餐具1"
    },
    "1024211": {
        "id": 1024211,
        "type": -1,
        "name": "玩家-门琪技能1-餐具2",
        "num": "-1",
        "time": -1,
        "continue_time": 300,
        "displacement_speed": [0.05,0],
        "displacement_acceleration": [0.0001,0],
        "acceleration_time": 100,
        "end_pos": [-1],
        "_bug": "玩家-门琪技能1-餐具2"
    },
    "1025100": {
        "id": 1025100,
        "type": -1,
        "name": "玩家-迷稽技能1-遥控炸弹1",
        "num": "-1",
        "time": -1,
        "continue_time": 300,
        "displacement_speed": [0.05,0],
        "displacement_acceleration": [0.0001,0],
        "acceleration_time": 100,
        "end_pos": [-1],
        "_bug": "玩家-迷稽技能1-遥控炸弹1"
    },
    "1025101": {
        "id": 1025101,
        "type": -1,
        "name": "玩家-迷稽技能1-遥控炸弹2",
        "num": "-1",
        "time": -1,
        "continue_time": 300,
        "displacement_speed": [0.05,0],
        "displacement_acceleration": [0.0001,0],
        "acceleration_time": 100,
        "end_pos": [-1],
        "_bug": "玩家-迷稽技能1-遥控炸弹2"
    },
    "1026100": {
        "id": 1026100,
        "type": -1,
        "name": "玩家-派克技能1-子弹",
        "num": "-1",
        "time": -1,
        "continue_time": 300,
        "displacement_speed": [0.05,0],
        "displacement_acceleration": [0.0001,0],
        "acceleration_time": 100,
        "end_pos": [-1],
        "_bug": "玩家-派克技能1-子弹"
    },
    "1026213": {
        "id": 1026213,
        "type": -1,
        "name": "玩家-派克技能2-爆炸1",
        "num": "-1",
        "time": -1,
        "continue_time": 0,
        "displacement_speed": [0,0],
        "displacement_acceleration": [0,0],
        "acceleration_time": 0,
        "end_pos": [-1],
        "_bug": "玩家-派克技能2-爆炸1"
    },
    "1026223": {
        "id": 1026223,
        "type": -1,
        "name": "玩家-派克技能2-爆炸2",
        "num": "-1",
        "time": -1,
        "continue_time": 0,
        "displacement_speed": [0,0],
        "displacement_acceleration": [0,0],
        "acceleration_time": 0,
        "end_pos": [-1],
        "_bug": "玩家-派克技能2-爆炸2"
    },
    "1026233": {
        "id": 1026233,
        "type": -1,
        "name": "玩家-派克技能2-爆炸3",
        "num": "-1",
        "time": -1,
        "continue_time": 0,
        "displacement_speed": [0,0],
        "displacement_acceleration": [0,0],
        "acceleration_time": 0,
        "end_pos": [-1],
        "_bug": "玩家-派克技能2-爆炸3"
    },
    "1027102": {
        "id": 1027102,
        "type": -1,
        "name": "玩家-杀大索技能1-黑暗冲击上升",
        "num": "-1",
        "time": -1,
        "continue_time": 300,
        "displacement_speed": [0.05,0],
        "displacement_acceleration": [0.0001,0],
        "acceleration_time": 100,
        "end_pos": [-1],
        "_bug": "玩家-杀大索技能1-黑暗冲击上升"
    },
    "1027210": {
        "id": 1027210,
        "type": -1,
        "name": "玩家-杀大索技能2-黑暗穿刺1",
        "num": "-1",
        "time": -1,
        "continue_time": 0,
        "displacement_speed": [0,0],
        "displacement_acceleration": [0,0],
        "acceleration_time": 0,
        "end_pos": [-1],
        "_bug": "玩家-杀大索技能2-黑暗穿刺1"
    },
    "1028101": {
        "id": 1028101,
        "type": -1,
        "name": "玩家-信长技能1-刀刃冲击",
        "num": "-1",
        "time": -1,
        "continue_time": 300,
        "displacement_speed": [0.05,0],
        "displacement_acceleration": [0.0001,0],
        "acceleration_time": 100,
        "end_pos": [-1],
        "_bug": "玩家-信长技能1-刀刃冲击"
    },
    "1028203": {
        "id": 1028203,
        "type": -1,
        "name": "玩家-信长技能2-指向伤害1",
        "num": "-1",
        "time": -1,
        "continue_time": 0,
        "displacement_speed": [0,0],
        "displacement_acceleration": [0,0],
        "acceleration_time": 0,
        "end_pos": [-1],
        "_bug": "玩家-信长技能2-指向伤害1"
    },
    "1028204": {
        "id": 1028204,
        "type": -1,
        "name": "玩家-信长技能2-指向伤害2",
        "num": "-1",
        "time": -1,
        "continue_time": 0,
        "displacement_speed": [0,0],
        "displacement_acceleration": [0,0],
        "acceleration_time": 0,
        "end_pos": [-1],
        "_bug": "玩家-信长技能2-指向伤害2"
    },
    "1028205": {
        "id": 1028205,
        "type": -1,
        "name": "玩家-信长技能2-指向伤害3",
        "num": "-1",
        "time": -1,
        "continue_time": 0,
        "displacement_speed": [0,0],
        "displacement_acceleration": [0,0],
        "acceleration_time": 0,
        "end_pos": [-1],
        "_bug": "玩家-信长技能2-指向伤害3"
    },
    "1028206": {
        "id": 1028206,
        "type": -1,
        "name": "玩家-信长技能2-指向伤害4",
        "num": "-1",
        "time": -1,
        "continue_time": 0,
        "displacement_speed": [0,0],
        "displacement_acceleration": [0,0],
        "acceleration_time": 0,
        "end_pos": [-1],
        "_bug": "玩家-信长技能2-指向伤害4"
    },
    "1029100": {
        "id": 1029100,
        "type": -1,
        "name": "玩家-云古技能1-能量球",
        "num": "-1",
        "time": -1,
        "continue_time": 300,
        "displacement_speed": [0.05,0],
        "displacement_acceleration": [0.0001,0],
        "acceleration_time": 100,
        "end_pos": [-1],
        "_bug": "玩家-云古技能1-能量球"
    },
    "1029210": {
        "id": 1029210,
        "type": -1,
        "name": "玩家-云古技能2-大雷电1",
        "num": "-1",
        "time": -1,
        "continue_time": 0,
        "displacement_speed": [0,0],
        "displacement_acceleration": [0,0],
        "acceleration_time": 0,
        "end_pos": [-1],
        "_bug": "玩家-云古技能2-大雷电1"
    },
    "1030101": {
        "id": 1030101,
        "type": -1,
        "name": "玩家-侠客技能1-指向",
        "num": "-1",
        "time": -1,
        "continue_time": 0,
        "displacement_speed": [0,0],
        "displacement_acceleration": [0,0],
        "acceleration_time": 0,
        "end_pos": [-1],
        "_bug": "玩家-侠客技能1-指向"
    },
    "1031110": {
        "id": 1031110,
        "type": -1,
        "name": "玩家-雷欧力技能1-指向刀光",
        "num": "1",
        "time": -1,
        "continue_time": 300,
        "displacement_speed": [0.05,0],
        "displacement_acceleration": [0.0001,0],
        "acceleration_time": 100,
        "end_pos": [-1],
        "_bug": "玩家-雷欧力技能1-指向刀光"
    },
    "1032100": {
        "id": 1032100,
        "type": -1,
        "name": "玩家-小杰技能1-水球",
        "num": "1",
        "time": -1,
        "continue_time": 300,
        "displacement_speed": [0.05,0],
        "displacement_acceleration": [0.0001,0],
        "acceleration_time": 100,
        "end_pos": [-1],
        "_bug": "玩家-小杰技能1-水球"
    },
    "1032220": {
        "id": 1032220,
        "type": -1,
        "name": "玩家-小杰技能2-漩涡",
        "num": "4",
        "time": 300,
        "continue_time": 0,
        "displacement_speed": [0,0],
        "displacement_acceleration": [0,0],
        "acceleration_time": 0,
        "end_pos": [-1],
        "_bug": "玩家-小杰技能2-漩涡"
    },
    "1032230": {
        "id": 1032230,
        "type": -1,
        "name": "玩家-小杰技能2-水柱",
        "num": "1",
        "time": -1,
        "continue_time": 50,
        "displacement_speed": [0,0.55],
        "displacement_acceleration": [0,0],
        "acceleration_time": 0,
        "end_pos": [-1],
        "_bug": "玩家-小杰技能2-水柱"
    },
    "1033100": {
        "id": 1033100,
        "type": -1,
        "name": "玩家-西索技能1-飞牌",
        "num": "1",
        "time": -1,
        "continue_time": 300,
        "displacement_speed": [0.05,0],
        "displacement_acceleration": [0.0001,0],
        "acceleration_time": 100,
        "end_pos": [-1],
        "_bug": "玩家-西索技能1-飞牌"
    },
    "1033210": {
        "id": 1033210,
        "type": -1,
        "name": "玩家-西索技能2-爆炸1",
        "num": "1",
        "time": -1,
        "continue_time": 0,
        "displacement_speed": [0,0],
        "displacement_acceleration": [0,0],
        "acceleration_time": 0,
        "end_pos": [-1],
        "_bug": "玩家-西索技能2-爆炸1"
    },
    "1033220": {
        "id": 1033220,
        "type": -1,
        "name": "玩家-西索技能2-爆炸2",
        "num": "1",
        "time": -1,
        "continue_time": 0,
        "displacement_speed": [0,0],
        "displacement_acceleration": [0,0],
        "acceleration_time": 0,
        "end_pos": [-1],
        "_bug": "玩家-西索技能2-爆炸2"
    },
    "1034101": {
        "id": 1034101,
        "type": -1,
        "name": "玩家-酷拉皮卡技能1-审判烟雾",
        "num": "1",
        "time": -1,
        "continue_time": 0,
        "displacement_speed": [0,0],
        "displacement_acceleration": [0,0],
        "acceleration_time": 0,
        "end_pos": [-1],
        "_bug": "玩家-酷拉皮卡技能1-审判烟雾"
    },
    "1034210": {
        "id": 1034210,
        "type": -1,
        "name": "玩家-酷拉皮卡技能2-锁链沉默",
        "num": "1",
        "time": -1,
        "continue_time": 300,
        "displacement_speed": [0,0.2],
        "displacement_acceleration": [0,0.0001],
        "acceleration_time": 100,
        "end_pos": [-1],
        "_bug": "玩家-酷拉皮卡技能2-锁链沉默"
    },
    "1034220": {
        "id": 1034220,
        "type": -1,
        "name": "玩家-酷拉皮卡技能2-锁链爆炸",
        "num": "3",
        "time": 150,
        "continue_time": 300,
        "displacement_speed": [0,0.2],
        "displacement_acceleration": [0,0.0001],
        "acceleration_time": 100,
        "end_pos": [-1],
        "_bug": "玩家-酷拉皮卡技能2-锁链爆炸"
    },
    "1035101": {
        "id": 1035101,
        "type": -1,
        "name": "玩家-会长技能1-推掌1",
        "num": "-1",
        "time": -1,
        "continue_time": 300,
        "displacement_speed": [0.25,0],
        "displacement_acceleration": [0.0001,0],
        "acceleration_time": 100,
        "end_pos": [-1],
        "_bug": "玩家-会长技能1-推掌1"
    },
    "1035200": {
        "id": 1035200,
        "type": -1,
        "name": "玩家-会长技能2-百世观音",
        "num": "-1",
        "time": -1,
        "continue_time": 300,
        "displacement_speed": [0.45,0],
        "displacement_acceleration": [0.0001,0],
        "acceleration_time": 100,
        "end_pos": [-1],
        "_bug": "玩家-会长技能2-百世观音"
    },
    "1036111": {
        "id": 1036111,
        "type": -1,
        "name": "玩家-蚂蚁王技能1-地面能量",
        "num": "-1",
        "time": -1,
        "continue_time": 0,
        "displacement_speed": [0,0],
        "displacement_acceleration": [0,0],
        "acceleration_time": 0,
        "end_pos": [-1],
        "_bug": "玩家-蚂蚁王技能1-地面能量"
    },
    "1036210": {
        "id": 1036210,
        "type": -1,
        "name": "玩家-蚂蚁王技能2-结界1",
        "num": "-1",
        "time": -1,
        "continue_time": 0,
        "displacement_speed": [0,0],
        "displacement_acceleration": [0,0],
        "acceleration_time": 0,
        "end_pos": [-1],
        "_bug": "玩家-蚂蚁王技能2-结界1"
    },
    "1036211": {
        "id": 1036211,
        "type": -1,
        "name": "玩家-蚂蚁王技能2-结界2",
        "num": "-1",
        "time": -1,
        "continue_time": 300,
        "displacement_speed": [0,0.45],
        "displacement_acceleration": [0,0.0005],
        "acceleration_time": 10,
        "end_pos": [-1],
        "_bug": "玩家-蚂蚁王技能2-结界2"
    },
    "1037100": {
        "id": 1037100,
        "type": -1,
        "name": "玩家-磊扎技能1-飞行排球",
        "num": "-1",
        "time": -1,
        "continue_time": 300,
        "displacement_speed": [0.05,0],
        "displacement_acceleration": [0.0001,0],
        "acceleration_time": 100,
        "end_pos": [-1],
        "_bug": "玩家-磊扎技能1-飞行排球"
    },
    "1037213": {
        "id": 1037213,
        "type": -1,
        "name": "玩家-磊扎技能2-地面爆炸",
        "num": "-1",
        "time": -1,
        "continue_time": 300,
        "displacement_speed": [0,0.55],
        "displacement_acceleration": [0,0.0001],
        "acceleration_time": 100,
        "end_pos": [-1],
        "_bug": "玩家-磊扎技能2-地面爆炸"
    },
    "1038100": {
        "id": 1038100,
        "type": -1,
        "name": "玩家-尼翁技能1-小熊",
        "num": "-1",
        "time": -1,
        "continue_time": 300,
        "displacement_speed": [0.05,0],
        "displacement_acceleration": [0.0001,0],
        "acceleration_time": 100,
        "end_pos": [-1],
        "_bug": "玩家-尼翁技能1-小熊"
    },
    "1038212": {
        "id": 1038212,
        "type": -1,
        "name": "玩家-尼翁技能2-法阵激活",
        "num": "-1",
        "time": -1,
        "continue_time": 0,
        "displacement_speed": [0,0],
        "displacement_acceleration": [0,0],
        "acceleration_time": 0,
        "end_pos": [-1],
        "_bug": "玩家-尼翁技能2-法阵激活"
    },
    "1039102": {
        "id": 1039102,
        "type": -1,
        "name": "玩家-旋律技能1-攻击声波",
        "num": "-1",
        "time": -1,
        "continue_time": 300,
        "displacement_speed": [0.05,0],
        "displacement_acceleration": [0.0001,0],
        "acceleration_time": 100,
        "end_pos": [-1],
        "_bug": "玩家-旋律技能1-攻击声波"
    },
    "1040100": {
        "id": 1040100,
        "type": -1,
        "name": "玩家-比斯吉技能1-能量弹1",
        "num": "-1",
        "time": -1,
        "continue_time": 300,
        "displacement_speed": [0.05,0],
        "displacement_acceleration": [0.0001,0],
        "acceleration_time": 100,
        "end_pos": [-1],
        "_bug": "玩家-比斯吉技能1-能量弹1"
    },
    "1040210": {
        "id": 1040210,
        "type": -1,
        "name": "玩家-比斯吉技能2-能量弹1",
        "num": "-1",
        "time": -1,
        "continue_time": 0,
        "displacement_speed": [0,0],
        "displacement_acceleration": [0,0],
        "acceleration_time": 0,
        "end_pos": [-1],
        "_bug": "玩家-比斯吉技能2-能量弹1"
    },
    "1040211": {
        "id": 1040211,
        "type": -1,
        "name": "玩家-比斯吉技能2-能量弹2",
        "num": "-1",
        "time": -1,
        "continue_time": 0,
        "displacement_speed": [0,0],
        "displacement_acceleration": [0,0],
        "acceleration_time": 0,
        "end_pos": [-1],
        "_bug": "玩家-比斯吉技能2-能量弹2"
    },
    "1040212": {
        "id": 1040212,
        "type": -1,
        "name": "玩家-比斯吉技能2-能量弹3",
        "num": "-1",
        "time": -1,
        "continue_time": 0,
        "displacement_speed": [0,0],
        "displacement_acceleration": [0,0],
        "acceleration_time": 0,
        "end_pos": [-1],
        "_bug": "玩家-比斯吉技能2-能量弹3"
    },
    "1041100": {
        "id": 1041100,
        "type": -1,
        "name": "玩家-炸弹魔技能1-炸弹1",
        "num": "1",
        "time": -1,
        "continue_time": 300,
        "displacement_speed": [0.05,0],
        "displacement_acceleration": [0.0001,0],
        "acceleration_time": 100,
        "end_pos": [-1],
        "_bug": "玩家-炸弹魔技能1-炸弹1"
    },
    "1041211": {
        "id": 1041211,
        "type": -1,
        "name": "玩家-炸弹魔技能2-大爆炸",
        "num": "1",
        "time": -1,
        "continue_time": 0,
        "displacement_speed": [0,0],
        "displacement_acceleration": [0,0],
        "acceleration_time": 0,
        "end_pos": [-1],
        "_bug": "玩家-炸弹魔技能2-大爆炸"
    },
    "1042100": {
        "id": 1042100,
        "type": -1,
        "name": "玩家-枭亚普夫技能1-蝴蝶",
        "num": "-1",
        "time": -1,
        "continue_time": 300,
        "displacement_speed": [0.05,0],
        "displacement_acceleration": [0.0001,0],
        "acceleration_time": 100,
        "end_pos": [-1],
        "_bug": "玩家-枭亚普夫技能1-蝴蝶"
    },
    "1042220": {
        "id": 1042220,
        "type": -1,
        "name": "玩家-枭亚普夫技能2-飞舞",
        "num": "-1",
        "time": -1,
        "continue_time": 300,
        "displacement_speed": [0.05,0],
        "displacement_acceleration": [0.0001,0],
        "acceleration_time": 100,
        "end_pos": [-1],
        "_bug": "玩家-枭亚普夫技能2-飞舞"
    },
    "1043110": {
        "id": 1043110,
        "type": -1,
        "name": "玩家-孟徒徒尤匹技能1-冲击拳头",
        "num": "-1",
        "time": -1,
        "continue_time": 300,
        "displacement_speed": [0.05,0],
        "displacement_acceleration": [0.0001,0],
        "acceleration_time": 100,
        "end_pos": [-1],
        "_bug": "玩家-孟徒徒尤匹技能1-冲击拳头"
    },
    "1043210": {
        "id": 1043210,
        "type": -1,
        "name": "玩家-孟徒徒尤匹技能2-眼睛射击",
        "num": "-1",
        "time": -1,
        "continue_time": 300,
        "displacement_speed": [0,0.55],
        "displacement_acceleration": [0,0.0001],
        "acceleration_time": 100,
        "end_pos": [-1],
        "_bug": "玩家-孟徒徒尤匹技能2-眼睛射击"
    },
    "1044101": {
        "id": 1044101,
        "type": -1,
        "name": "玩家-尼飞彼多技能1-穿刺1",
        "num": "-1",
        "time": -1,
        "continue_time": 300,
        "displacement_speed": [0.05,0],
        "displacement_acceleration": [0.0001,0],
        "acceleration_time": 100,
        "end_pos": [-1],
        "_bug": "玩家-尼飞彼多技能1-穿刺1"
    },
    "1044211": {
        "id": 1044211,
        "type": -1,
        "name": "玩家-尼飞彼多技能2-地面烟雾",
        "num": "-1",
        "time": -1,
        "continue_time": 300,
        "displacement_speed": [0.05,0],
        "displacement_acceleration": [0.0001,0],
        "acceleration_time": 100,
        "end_pos": [-1],
        "_bug": "玩家-尼飞彼多技能2-地面烟雾"
    },
    "1055101": {
        "id": 1055101,
        "type": -1,
        "name": "玩家-庞姆技能1-飞刀1",
        "num": "-1",
        "time": -1,
        "continue_time": 300,
        "displacement_speed": [0.05,0],
        "displacement_acceleration": [0.0001,0],
        "acceleration_time": 100,
        "end_pos": [-1],
        "_bug": "玩家-庞姆技能1-飞刀1"
    },
    "1056100": {
        "id": 1056100,
        "type": -1,
        "name": "玩家-小麦技能1-十字落子",
        "num": "-1",
        "time": -1,
        "continue_time": 300,
        "displacement_speed": [0.05,0],
        "displacement_acceleration": [0.0001,0],
        "acceleration_time": 100,
        "end_pos": [-1],
        "_bug": "玩家-小麦技能1-十字落子"
    },
    "1056200": {
        "id": 1056200,
        "type": -1,
        "name": "玩家-小麦技能2-神之一手",
        "num": "-1",
        "time": -1,
        "continue_time": 300,
        "displacement_speed": [0.05,0],
        "displacement_acceleration": [0.0001,0],
        "acceleration_time": 100,
        "end_pos": [-1],
        "_bug": "玩家-小麦技能2-神之一手"
    },
    "1060110": {
        "id": 1060110,
        "type": -1,
        "name": "玩家-小杰（黑化）技能1-攻击",
        "num": "-1",
        "time": -1,
        "continue_time": 300,
        "displacement_speed": [0.15,0],
        "displacement_acceleration": [0.0001,0],
        "acceleration_time": 100,
        "end_pos": [-1],
        "_bug": "玩家-小杰（黑化）技能1-攻击"
    },
    "1060210": {
        "id": 1060210,
        "type": -1,
        "name": "玩家-小杰（黑化）技能2-攻击",
        "num": "-1",
        "time": -1,
        "continue_time": 300,
        "displacement_speed": [0.55,0.35],
        "displacement_acceleration": [0.0001,0.0001],
        "acceleration_time": 100,
        "end_pos": [-1],
        "_bug": "玩家-小杰（黑化）技能2-攻击"
    },
    "1061101": {
        "id": 1061101,
        "type": -1,
        "name": "玩家-莫老五技能1-攻击",
        "num": "-1",
        "time": -1,
        "continue_time": 300,
        "displacement_speed": [0.15,0],
        "displacement_acceleration": [0.0001,0],
        "acceleration_time": 100,
        "end_pos": [-1],
        "_bug": "玩家-莫老五技能1-攻击"
    },
    "1061210": {
        "id": 1061210,
        "type": -1,
        "name": "玩家-莫老五技能2-烟圈1",
        "num": "-1",
        "time": -1,
        "continue_time": 300,
        "displacement_speed": [0.15,0],
        "displacement_acceleration": [0.0001,0],
        "acceleration_time": 100,
        "end_pos": [-1],
        "_bug": "玩家-莫老五技能2-烟圈1"
    },
    "1062101": {
        "id": 1062101,
        "type": -1,
        "name": "玩家-火红眼技能1-攻击",
        "num": "-1",
        "time": -1,
        "continue_time": 300,
        "displacement_speed": [0.15,0],
        "displacement_acceleration": [0.0001,0],
        "acceleration_time": 100,
        "end_pos": [-1],
        "_bug": "玩家-火红眼技能1-攻击"
    },
    "1062210": {
        "id": 1062210,
        "type": -1,
        "name": "玩家-火红眼技能2-攻击1",
        "num": "-1",
        "time": -1,
        "continue_time": 0,
        "displacement_speed": [0,0],
        "displacement_acceleration": [0,0],
        "acceleration_time": 0,
        "end_pos": [-1],
        "_bug": "玩家-火红眼技能2-攻击1"
    },
    "1062211": {
        "id": 1062211,
        "type": -1,
        "name": "玩家-火红眼技能2-攻击2",
        "num": "-1",
        "time": -1,
        "continue_time": 300,
        "displacement_speed": [0,0.32],
        "displacement_acceleration": [0,0.0001],
        "acceleration_time": 100,
        "end_pos": [-1],
        "_bug": "玩家-火红眼技能2-攻击2"
    },
    "1063110": {
        "id": 1063110,
        "type": -1,
        "name": "玩家-拿酷戮技能1-攻击1",
        "num": "-1",
        "time": -1,
        "continue_time": 0,
        "displacement_speed": [0,0],
        "displacement_acceleration": [0,0],
        "acceleration_time": 0,
        "end_pos": [-1],
        "_bug": "玩家-拿酷戮技能1-攻击1"
    },
    "1063210": {
        "id": 1063210,
        "type": -1,
        "name": "玩家-拿酷戮技能2-攻击2",
        "num": "-1",
        "time": -1,
        "continue_time": 0,
        "displacement_speed": [0,0],
        "displacement_acceleration": [0,0],
        "acceleration_time": 0,
        "end_pos": [-1],
        "_bug": "玩家-拿酷戮技能2-攻击2"
    },
    "1064110": {
        "id": 1064110,
        "type": -1,
        "name": "玩家-梅雷翁技能1-攻击1",
        "num": "-1",
        "time": -1,
        "continue_time": 0,
        "displacement_speed": [0,0],
        "displacement_acceleration": [0,0],
        "acceleration_time": 0,
        "end_pos": [-1],
        "_bug": "玩家-梅雷翁技能1-攻击1"
    },
    "1065100": {
        "id": 1065100,
        "type": -1,
        "name": "玩家-亚路嘉技能1-攻击1",
        "num": "-1",
        "time": -1,
        "continue_time": 0,
        "displacement_speed": [0,0],
        "displacement_acceleration": [0,0],
        "acceleration_time": 0,
        "end_pos": [-1],
        "_bug": "玩家-亚路嘉技能1-攻击1"
    },
    "1065201": {
        "id": 1065201,
        "type": -1,
        "name": "玩家-亚路嘉技能1-攻击1",
        "num": "-1",
        "time": -1,
        "continue_time": 300,
        "displacement_speed": [0,0.27],
        "displacement_acceleration": [0,0.0001],
        "acceleration_time": 100,
        "end_pos": [-1],
        "_bug": "玩家-亚路嘉技能1-攻击1"
    },
    "1066101": {
        "id": 1066101,
        "type": -1,
        "name": "玩家-雷神奇犽技能1-攻击1",
        "num": "-1",
        "time": -1,
        "continue_time": 0,
        "displacement_speed": [0,0],
        "displacement_acceleration": [0,0],
        "acceleration_time": 0,
        "end_pos": [-1],
        "_bug": "玩家-雷神奇犽技能1-攻击1"
    },
    "1066211": {
        "id": 1066211,
        "type": -1,
        "name": "玩家-雷神奇犽技能2-攻击1",
        "num": "-1",
        "time": -1,
        "continue_time": 0,
        "displacement_speed": [0,0],
        "displacement_acceleration": [0,0],
        "acceleration_time": 0,
        "end_pos": [-1],
        "_bug": "玩家-雷神奇犽技能2-攻击1"
    },
    "1066213": {
        "id": 1066213,
        "type": -1,
        "name": "玩家-雷神奇犽技能2-攻击2",
        "num": "-1",
        "time": -1,
        "continue_time": 0,
        "displacement_speed": [0,0],
        "displacement_acceleration": [0,0],
        "acceleration_time": 0,
        "end_pos": [-1],
        "_bug": "玩家-雷神奇犽技能2-攻击2"
    },
    "1066215": {
        "id": 1066215,
        "type": -1,
        "name": "玩家-雷神奇犽技能2-攻击3",
        "num": "-1",
        "time": -1,
        "continue_time": 0,
        "displacement_speed": [0,0],
        "displacement_acceleration": [0,0],
        "acceleration_time": 0,
        "end_pos": [-1],
        "_bug": "玩家-雷神奇犽技能2-攻击3"
    },
    "1066216": {
        "id": 1066216,
        "type": -1,
        "name": "玩家-雷神奇犽技能2-攻击4",
        "num": "-1",
        "time": -1,
        "continue_time": 0,
        "displacement_speed": [0,0],
        "displacement_acceleration": [0,0],
        "acceleration_time": 0,
        "end_pos": [-1],
        "_bug": "玩家-雷神奇犽技能2-攻击4"
    },
    "1067102": {
        "id": 1067102,
        "type": -1,
        "name": "玩家-金技能1-指向",
        "num": "-1",
        "time": -1,
        "continue_time": 0,
        "displacement_speed": [0,0],
        "displacement_acceleration": [0,0],
        "acceleration_time": 0,
        "end_pos": [-1],
        "_bug": "玩家-金技能1-指向"
    },
    "1068100": {
        "id": 1068100,
        "type": -1,
        "name": "玩家-傀儡凯特技能1-攻击",
        "num": "-1",
        "time": -1,
        "continue_time": 0,
        "displacement_speed": [0,0],
        "displacement_acceleration": [0,0],
        "acceleration_time": 0,
        "end_pos": [-1],
        "_bug": "玩家-傀儡凯特技能1-攻击"
    },
    "1068201": {
        "id": 1068201,
        "type": -1,
        "name": "玩家-傀儡凯特技能2-斩杀",
        "num": "-1",
        "time": -1,
        "continue_time": 300,
        "displacement_speed": [0,0.27],
        "displacement_acceleration": [0,0.0001],
        "acceleration_time": 100,
        "end_pos": [-1],
        "_bug": "玩家-傀儡凯特技能2-斩杀"
    },
    "1069101": {
        "id": 1069101,
        "type": -1,
        "name": "玩家-拿尼加技能1-攻击-指向",
        "num": "-1",
        "time": -1,
        "continue_time": 0,
        "displacement_speed": [0,0],
        "displacement_acceleration": [0,0],
        "acceleration_time": 0,
        "end_pos": [-1],
        "_bug": "玩家-拿尼加技能1-攻击-指向"
    },
    "1069201": {
        "id": 1069201,
        "type": -1,
        "name": "玩家-拿尼加技能2-黑洞",
        "num": "-1",
        "time": -1,
        "continue_time": 0,
        "displacement_speed": [0,0.23],
        "displacement_acceleration": [0,0.0001],
        "acceleration_time": 0,
        "end_pos": [-1],
        "_bug": "玩家-拿尼加技能2-黑洞"
    },
    "1069202": {
        "id": 1069202,
        "type": -1,
        "name": "玩家-拿尼加技能2-爆炸",
        "num": "-1",
        "time": -1,
        "continue_time": 0,
        "displacement_speed": [0,0],
        "displacement_acceleration": [0,0],
        "acceleration_time": 0,
        "end_pos": [-1],
        "_bug": "玩家-拿尼加技能2-爆炸"
    },
    "1070101": {
        "id": 1070101,
        "type": -1,
        "name": "玩家-蚁后技能1-攻击-指向",
        "num": "-1",
        "time": -1,
        "continue_time": 0,
        "displacement_speed": [0,0],
        "displacement_acceleration": [0,0],
        "acceleration_time": 0,
        "end_pos": [-1],
        "_bug": "玩家-蚁后技能1-攻击-指向"
    },
    "1070203": {
        "id": 1070203,
        "type": -1,
        "name": "玩家-蚁后技能2-攻击-指向",
        "num": "-1",
        "time": -1,
        "continue_time": 0,
        "displacement_speed": [0,0],
        "displacement_acceleration": [0,0],
        "acceleration_time": 0,
        "end_pos": [-1],
        "_bug": "玩家-蚁后技能2-攻击-指向"
    },
    "1071101": {
        "id": 1071101,
        "type": -1,
        "name": "玩家-暴走比丝姬技能1-攻击-指向",
        "num": "-1",
        "time": -1,
        "continue_time": 0,
        "displacement_speed": [0,0],
        "displacement_acceleration": [0,0],
        "acceleration_time": 0,
        "end_pos": [-1],
        "_bug": "玩家-暴走比丝姬技能1-攻击-指向"
    },
    "1071202": {
        "id": 1071202,
        "type": -1,
        "name": "玩家-暴走比丝姬技能2-攻击-指向",
        "num": "-1",
        "time": -1,
        "continue_time": 300,
        "displacement_speed": [0.5,0],
        "displacement_acceleration": [0.0001,0],
        "acceleration_time": 100,
        "end_pos": [-1],
        "_bug": "玩家-暴走比丝姬技能2-攻击-指向"
    },
    "1072102": {
        "id": 1072102,
        "type": -1,
        "name": "玩家-帕里斯通技能1-攻击-指向",
        "num": "-1",
        "time": -1,
        "continue_time": 0,
        "displacement_speed": [0,0],
        "displacement_acceleration": [0,0],
        "acceleration_time": 0,
        "end_pos": [-1],
        "_bug": "玩家-帕里斯通技能1-攻击-指向"
    },
    "1072202": {
        "id": 1072202,
        "type": -1,
        "name": "玩家-帕里斯通技能2-攻击-指向",
        "num": "-1",
        "time": -1,
        "continue_time": 300,
        "displacement_speed": [0.5,0],
        "displacement_acceleration": [0.0001,0],
        "acceleration_time": 100,
        "end_pos": [-1],
        "_bug": "玩家-帕里斯通技能2-攻击-指向"
    },
    "1073102": {
        "id": 1073102,
        "type": -1,
        "name": "玩家-银达技能1-攻击-指向",
        "num": "-1",
        "time": -1,
        "continue_time": 0,
        "displacement_speed": [0,0],
        "displacement_acceleration": [0,0],
        "acceleration_time": 0,
        "end_pos": [-1],
        "_bug": "玩家-银达技能1-攻击-指向"
    },
    "1073202": {
        "id": 1073202,
        "type": -1,
        "name": "玩家-银达技能2-攻击-指向",
        "num": "-1",
        "time": -1,
        "continue_time": 300,
        "displacement_speed": [0.5,0],
        "displacement_acceleration": [0.0001,0],
        "acceleration_time": 100,
        "end_pos": [-1],
        "_bug": "玩家-银达技能2-攻击-指向"
    },
    "1074101": {
        "id": 1074101,
        "type": -1,
        "name": "玩家-康宰技能1-攻击",
        "num": "-1",
        "time": -1,
        "continue_time": 0,
        "displacement_speed": [0,0],
        "displacement_acceleration": [0,0],
        "acceleration_time": 0,
        "end_pos": [-1],
        "_bug": "玩家-康宰技能1-攻击"
    },
    "1074212": {
        "id": 1074212,
        "type": -1,
        "name": "玩家-康宰技能2-攻击1",
        "num": "-1",
        "time": -1,
        "continue_time": 100,
        "displacement_speed": [0.15,0],
        "displacement_acceleration": [0.0001,0],
        "acceleration_time": 100,
        "end_pos": [-1],
        "_bug": "玩家-康宰技能2-攻击1"
    },
    "1074214": {
        "id": 1074214,
        "type": -1,
        "name": "玩家-康宰技能2-攻击2",
        "num": "-1",
        "time": -1,
        "continue_time": 0,
        "displacement_speed": [0,0],
        "displacement_acceleration": [0,0],
        "acceleration_time": 0,
        "end_pos": [-1],
        "_bug": "玩家-康宰技能2-攻击2"
    },
    "1075102": {
        "id": 1075102,
        "type": -1,
        "name": "玩家-皮约恩技能1-指向伤害1",
        "num": "-1",
        "time": -1,
        "continue_time": 0,
        "displacement_speed": [0,0],
        "displacement_acceleration": [0,0],
        "acceleration_time": 0,
        "end_pos": [-1],
        "_bug": "玩家-皮约恩技能1-指向伤害1"
    },
    "1075211": {
        "id": 1075211,
        "type": -1,
        "name": "玩家-皮约恩技能2-指向伤害1",
        "num": "-1",
        "time": -1,
        "continue_time": 100,
        "displacement_speed": [0.15,0],
        "displacement_acceleration": [0.0001,0],
        "acceleration_time": 100,
        "end_pos": [-1],
        "_bug": "玩家-皮约恩技能2-指向伤害1"
    },
    "1075213": {
        "id": 1075213,
        "type": -1,
        "name": "玩家-皮约恩技能2-指向伤害2",
        "num": "-1",
        "time": -1,
        "continue_time": 0,
        "displacement_speed": [0,0],
        "displacement_acceleration": [0,0],
        "acceleration_time": 0,
        "end_pos": [-1],
        "_bug": "玩家-皮约恩技能2-指向伤害2"
    },
    "1076101": {
        "id": 1076101,
        "type": -1,
        "name": "玩家-米哉斯顿技能1-指向伤害1",
        "num": "-1",
        "time": -1,
        "continue_time": 100,
        "displacement_speed": [0.15,0],
        "displacement_acceleration": [0.0001,0],
        "acceleration_time": 100,
        "end_pos": [-1],
        "_bug": "玩家-米哉斯顿技能1-指向伤害1"
    },
    "1076201": {
        "id": 1076201,
        "type": -1,
        "name": "玩家-米哉斯顿技能2-指向伤害1",
        "num": "-1",
        "time": -1,
        "continue_time": 0,
        "displacement_speed": [0,0],
        "displacement_acceleration": [0,0],
        "acceleration_time": 0,
        "end_pos": [-1],
        "_bug": "玩家-米哉斯顿技能2-指向伤害1"
    },
    "1076203": {
        "id": 1076203,
        "type": -1,
        "name": "玩家-米哉斯顿技能2-指向伤害2",
        "num": "-1",
        "time": -1,
        "continue_time": 300,
        "displacement_speed": [0,0.18],
        "displacement_acceleration": [0,0.0001],
        "acceleration_time": 100,
        "end_pos": [-1],
        "_bug": "玩家-米哉斯顿技能2-指向伤害2"
    },
    "1100100": {
        "id": 1100100,
        "type": -1,
        "name": "怪物-纵火犯技能1",
        "num": "-1",
        "time": -1,
        "continue_time": 300,
        "displacement_speed": [0.05,0],
        "displacement_acceleration": [0.0001,0],
        "acceleration_time": 100,
        "end_pos": [-1],
        "_bug": "怪物-纵火犯技能1"
    },
    "1100220": {
        "id": 1100220,
        "type": -1,
        "name": "怪物-纵火犯大技能2-大火球",
        "num": "-1",
        "time": -1,
        "continue_time": 300,
        "displacement_speed": [0.05,0],
        "displacement_acceleration": [0.0001,0],
        "acceleration_time": 100,
        "end_pos": [-1],
        "_bug": "怪物-纵火犯大技能2-大火球"
    },
    "1101100": {
        "id": 1101100,
        "type": -1,
        "name": "怪物-诈骗犯技能1",
        "num": "-1",
        "time": -1,
        "continue_time": 300,
        "displacement_speed": [0.05,0],
        "displacement_acceleration": [0.0001,0],
        "acceleration_time": 100,
        "end_pos": [-1],
        "_bug": "怪物-诈骗犯技能1"
    },
    "1101212": {
        "id": 1101212,
        "type": -1,
        "name": "怪物-诈骗犯技能2-爱心光波",
        "num": "-1",
        "time": -1,
        "continue_time": 300,
        "displacement_speed": [0.05,0],
        "displacement_acceleration": [0.0001,0],
        "acceleration_time": 100,
        "end_pos": [-1],
        "_bug": "怪物-诈骗犯技能1"
    },
    "1102100": {
        "id": 1102100,
        "type": -1,
        "name": "怪物-蘑菇技能1-泡泡1",
        "num": "-1",
        "time": -1,
        "continue_time": 300,
        "displacement_speed": [0.05,0],
        "displacement_acceleration": [0.0001,0],
        "acceleration_time": 100,
        "end_pos": [-1],
        "_bug": "怪物-蘑菇技能1-泡泡1"
    },
    "1102101": {
        "id": 1102101,
        "type": -1,
        "name": "怪物-蘑菇技能1-泡泡2",
        "num": "-1",
        "time": -1,
        "continue_time": 300,
        "displacement_speed": [0.05,0],
        "displacement_acceleration": [0.0001,0],
        "acceleration_time": 100,
        "end_pos": [-1],
        "_bug": "怪物-蘑菇技能1-泡泡2"
    },
    "1102200": {
        "id": 1102200,
        "type": -1,
        "name": "怪物-蘑菇怪技能2-随机毒雾1",
        "num": "-1",
        "time": -1,
        "continue_time": 300,
        "displacement_speed": [0.05,0],
        "displacement_acceleration": [0.0001,0],
        "acceleration_time": 100,
        "end_pos": [-1],
        "_bug": "怪物-蘑菇怪技能2-随机毒雾1"
    },
    "1102201": {
        "id": 1102201,
        "type": -1,
        "name": "怪物-蘑菇怪技能2-随机毒雾2",
        "num": "-1",
        "time": -1,
        "continue_time": 300,
        "displacement_speed": [0.05,0],
        "displacement_acceleration": [0.0001,0],
        "acceleration_time": 100,
        "end_pos": [-1],
        "_bug": "怪物-蘑菇怪技能2-随机毒雾2"
    },
    "1102202": {
        "id": 1102202,
        "type": -1,
        "name": "怪物-蘑菇怪技能2-随机毒雾3",
        "num": "-1",
        "time": -1,
        "continue_time": 300,
        "displacement_speed": [0.05,0],
        "displacement_acceleration": [0.0001,0],
        "acceleration_time": 100,
        "end_pos": [-1],
        "_bug": "怪物-蘑菇怪技能2-随机毒雾3"
    },
    "1103110": {
        "id": 1103110,
        "type": -1,
        "name": "怪物-食人花技能1-攻击",
        "num": "-1",
        "time": -1,
        "continue_time": 300,
        "displacement_speed": [0.05,0],
        "displacement_acceleration": [0.0001,0],
        "acceleration_time": 100,
        "end_pos": [-1],
        "_bug": "怪物-食人花技能1-攻击"
    },
    "1104100": {
        "id": 1104100,
        "type": -1,
        "name": "怪物-乌鸦技能1-残影",
        "num": "-1",
        "time": -1,
        "continue_time": 300,
        "displacement_speed": [0.05,0],
        "displacement_acceleration": [0.0001,0],
        "acceleration_time": 100,
        "end_pos": [-1],
        "_bug": "怪物-乌鸦技能1-残影"
    },
    "1104210": {
        "id": 1104210,
        "type": -1,
        "name": "怪物-乌鸦技能2-风暴",
        "num": "-1",
        "time": -1,
        "continue_time": 300,
        "displacement_speed": [0.05,0],
        "displacement_acceleration": [0.0001,0],
        "acceleration_time": 100,
        "end_pos": [-1],
        "_bug": "怪物-乌鸦技能2-风暴"
    },
    "1105100": {
        "id": 1105100,
        "type": -1,
        "name": "怪物-木头技能1-攻击",
        "num": "-1",
        "time": -1,
        "continue_time": 300,
        "displacement_speed": [0.05,0],
        "displacement_acceleration": [0.0001,0],
        "acceleration_time": 100,
        "end_pos": [-1],
        "_bug": "怪物-木头技能1-攻击"
    },
    "1106100": {
        "id": 1106100,
        "type": -1,
        "name": "怪物-复仇者技能1-攻击",
        "num": "-1",
        "time": -1,
        "continue_time": 300,
        "displacement_speed": [0.05,0],
        "displacement_acceleration": [0.0001,0],
        "acceleration_time": 100,
        "end_pos": [-1],
        "_bug": "怪物-复仇者技能1-攻击"
    },
    "1106220": {
        "id": 1106220,
        "type": -1,
        "name": "怪物-复仇者技能1-撞击",
        "num": "-1",
        "time": -1,
        "continue_time": 300,
        "displacement_speed": [0.05,0],
        "displacement_acceleration": [0.0001,0],
        "acceleration_time": 100,
        "end_pos": [-1],
        "_bug": "怪物-复仇者技能1-撞击"
    },
    "1106230": {
        "id": 1106230,
        "type": -1,
        "name": "怪物-复仇者技能1-螺旋刀光",
        "num": "-1",
        "time": -1,
        "continue_time": 300,
        "displacement_speed": [0.05,0],
        "displacement_acceleration": [0.0001,0],
        "acceleration_time": 100,
        "end_pos": [-1],
        "_bug": "怪物-复仇者技能1-螺旋刀光"
    },
    "1107100": {
        "id": 1107100,
        "type": -1,
        "name": "怪物-黑衣人技能1-金币",
        "num": "-1",
        "time": -1,
        "continue_time": 300,
        "displacement_speed": [0.05,0],
        "displacement_acceleration": [0.0001,0],
        "acceleration_time": 100,
        "end_pos": [-1],
        "_bug": "怪物-黑衣人技能1-金币"
    },
    "1107210": {
        "id": 1107210,
        "type": -1,
        "name": "怪物-黑衣人技能2-金币乱弹",
        "num": "-1",
        "time": -1,
        "continue_time": 50,
        "displacement_speed": [0,0.1],
        "displacement_acceleration": [0,0],
        "acceleration_time": 100,
        "end_pos": [-1],
        "_bug": "怪物-黑衣人技能2-金币乱弹"
    },
    "1107211": {
        "id": 1107211,
        "type": -1,
        "name": "怪物-黑衣人技能2-金币乱弹1",
        "num": "-1",
        "time": -1,
        "continue_time": 50,
        "displacement_speed": [0,0.15],
        "displacement_acceleration": [0,0],
        "acceleration_time": 100,
        "end_pos": [-1],
        "_bug": "怪物-黑衣人技能2-金币乱弹"
    },
    "1108100": {
        "id": 1108100,
        "type": -1,
        "name": "怪物-武道家技能1-攻击",
        "num": "-1",
        "time": -1,
        "continue_time": 300,
        "displacement_speed": [0.05,0],
        "displacement_acceleration": [0.0001,0],
        "acceleration_time": 100,
        "end_pos": [-1],
        "_bug": "怪物-武道家技能1-攻击"
    },
    "1108210": {
        "id": 1108210,
        "type": -1,
        "name": "怪物-武道家技能2-气功爆炸",
        "num": "-1",
        "time": -1,
        "continue_time": 300,
        "displacement_speed": [0.05,0],
        "displacement_acceleration": [0.0001,0],
        "acceleration_time": 100,
        "end_pos": [-1],
        "_bug": "怪物-武道家技能2-气功爆炸"
    },
    "1109110": {
        "id": 1109110,
        "type": -1,
        "name": "怪物-野猪技能1-攻击",
        "num": "-1",
        "time": -1,
        "continue_time": 300,
        "displacement_speed": [0.05,0],
        "displacement_acceleration": [0.0001,0],
        "acceleration_time": 100,
        "end_pos": [-1],
        "_bug": "怪物-野猪技能1-攻击"
    },
    "1110110": {
        "id": 1110110,
        "type": -1,
        "name": "怪物-恶棍技能1-攻击",
        "num": "-1",
        "time": -1,
        "continue_time": 300,
        "displacement_speed": [0.05,0],
        "displacement_acceleration": [0.0001,0],
        "acceleration_time": 100,
        "end_pos": [-1],
        "_bug": "怪物-恶棍技能1-攻击"
    },
    "1110210": {
        "id": 1110210,
        "type": -1,
        "name": "怪物-恶棍技能2-爆炸1",
        "num": "-1",
        "time": -1,
        "continue_time": 300,
        "displacement_speed": [0.05,0],
        "displacement_acceleration": [0.0001,0],
        "acceleration_time": 100,
        "end_pos": [-1],
        "_bug": "怪物-恶棍技能2-爆炸1"
    },
    "1110211": {
        "id": 1110211,
        "type": -1,
        "name": "怪物-恶棍技能2-爆炸2",
        "num": "-1",
        "time": -1,
        "continue_time": 300,
        "displacement_speed": [0.05,0],
        "displacement_acceleration": [0.0001,0],
        "acceleration_time": 100,
        "end_pos": [-1],
        "_bug": "怪物-恶棍技能2-爆炸2"
    },
    "1110212": {
        "id": 1110212,
        "type": -1,
        "name": "怪物-恶棍技能2-爆炸3",
        "num": "-1",
        "time": -1,
        "continue_time": 300,
        "displacement_speed": [0.05,0],
        "displacement_acceleration": [0.0001,0],
        "acceleration_time": 100,
        "end_pos": [-1],
        "_bug": "怪物-恶棍技能2-爆炸3"
    },
    "1110220": {
        "id": 1110220,
        "type": -1,
        "name": "怪物-恶棍技能2-能量柱",
        "num": "-1",
        "time": -1,
        "continue_time": 300,
        "displacement_speed": [0.05,0],
        "displacement_acceleration": [0.0001,0],
        "acceleration_time": 100,
        "end_pos": [-1],
        "_bug": "怪物-恶棍技能2-能量柱"
    },
    "1111110": {
        "id": 1111110,
        "type": -1,
        "name": "怪物-狐熊技能1-爪击",
        "num": "-1",
        "time": -1,
        "continue_time": 300,
        "displacement_speed": [0.05,0],
        "displacement_acceleration": [0.0001,0],
        "acceleration_time": 100,
        "end_pos": [-1],
        "_bug": "怪物-狐熊技能1-爪击"
    },
    "1111211": {
        "id": 1111211,
        "type": -1,
        "name": "怪物-狐熊技能2-爆炸",
        "num": "-1",
        "time": -1,
        "continue_time": 300,
        "displacement_speed": [0.05,0],
        "displacement_acceleration": [0.0001,0],
        "acceleration_time": 100,
        "end_pos": [-1],
        "_bug": "怪物-狐熊技能2-爆炸"
    },
    "1112102": {
        "id": 1112102,
        "type": -1,
        "name": "怪物-病犬技能1-爪击",
        "num": "-1",
        "time": -1,
        "continue_time": 300,
        "displacement_speed": [0.05,0],
        "displacement_acceleration": [0.0001,0],
        "acceleration_time": 100,
        "end_pos": [-1],
        "_bug": "怪物-病犬技能1-爪击"
    },
    "1113100": {
        "id": 1113100,
        "type": -1,
        "name": "怪物-副船长技能1-刀光",
        "num": "-1",
        "time": -1,
        "continue_time": 300,
        "displacement_speed": [0.05,0],
        "displacement_acceleration": [0.0001,0],
        "acceleration_time": 100,
        "end_pos": [-1],
        "_bug": "怪物-副船长技能1-刀光"
    },
    "1113210": {
        "id": 1113210,
        "type": -1,
        "name": "怪物-副船长技能2-炸弹1",
        "num": "-1",
        "time": -1,
        "continue_time": 300,
        "displacement_speed": [0.05,0],
        "displacement_acceleration": [0.0001,0],
        "acceleration_time": 100,
        "end_pos": [-1],
        "_bug": "怪物-副船长技能2-炸弹1"
    },
    "1113211": {
        "id": 1113211,
        "type": -1,
        "name": "怪物-副船长技能2-炸弹2",
        "num": "-1",
        "time": -1,
        "continue_time": 300,
        "displacement_speed": [0.05,0],
        "displacement_acceleration": [0.0001,0],
        "acceleration_time": 100,
        "end_pos": [-1],
        "_bug": "怪物-副船长技能2-炸弹2"
    },
    "1113212": {
        "id": 1113212,
        "type": -1,
        "name": "怪物-副船长技能2-炸弹3",
        "num": "-1",
        "time": -1,
        "continue_time": 300,
        "displacement_speed": [0.05,0],
        "displacement_acceleration": [0.0001,0],
        "acceleration_time": 100,
        "end_pos": [-1],
        "_bug": "怪物-副船长技能2-炸弹3"
    },
    "1113213": {
        "id": 1113213,
        "type": -1,
        "name": "怪物-副船长技能2-炸弹4",
        "num": "-1",
        "time": -1,
        "continue_time": 300,
        "displacement_speed": [0.05,0],
        "displacement_acceleration": [0.0001,0],
        "acceleration_time": 100,
        "end_pos": [-1],
        "_bug": "怪物-副船长技能2-炸弹4"
    },
    "1113214": {
        "id": 1113214,
        "type": -1,
        "name": "怪物-副船长技能2-炸弹5",
        "num": "-1",
        "time": -1,
        "continue_time": 300,
        "displacement_speed": [0.05,0],
        "displacement_acceleration": [0.0001,0],
        "acceleration_time": 100,
        "end_pos": [-1],
        "_bug": "怪物-副船长技能2-炸弹5"
    },
    "1114101": {
        "id": 1114101,
        "type": -1,
        "name": "怪物-胖船员技能1-地震",
        "num": "-1",
        "time": -1,
        "continue_time": 300,
        "displacement_speed": [0.05,0],
        "displacement_acceleration": [0.0001,0],
        "acceleration_time": 100,
        "end_pos": [-1],
        "_bug": "怪物-胖船员技能1-地震"
    },
    "1114201": {
        "id": 1114201,
        "type": -1,
        "name": "怪物-胖水手技能2-地震烟雾",
        "num": "-1",
        "time": -1,
        "continue_time": 300,
        "displacement_speed": [0.05,0],
        "displacement_acceleration": [0.0001,0],
        "acceleration_time": 100,
        "end_pos": [-1],
        "_bug": "怪物-胖水手技能2-地震烟雾"
    },
    "1114202": {
        "id": 1114202,
        "type": -1,
        "name": "怪物-胖水手技能2-水波冲击1",
        "num": "-1",
        "time": -1,
        "continue_time": 300,
        "displacement_speed": [0.05,0],
        "displacement_acceleration": [0.0001,0],
        "acceleration_time": 100,
        "end_pos": [-1],
        "_bug": "怪物-胖水手技能2-水波冲击1"
    },
    "1114203": {
        "id": 1114203,
        "type": -1,
        "name": "怪物-胖水手技能2-水波冲击2",
        "num": "-1",
        "time": -1,
        "continue_time": 300,
        "displacement_speed": [0.05,0],
        "displacement_acceleration": [0.0001,0],
        "acceleration_time": 100,
        "end_pos": [-1],
        "_bug": "怪物-胖水手技能2-水波冲击2"
    },
    "1114204": {
        "id": 1114204,
        "type": -1,
        "name": "怪物-胖水手技能2-水波冲击3",
        "num": "-1",
        "time": -1,
        "continue_time": 300,
        "displacement_speed": [0.05,0],
        "displacement_acceleration": [0.0001,0],
        "acceleration_time": 100,
        "end_pos": [-1],
        "_bug": "怪物-胖水手技能2-水波冲击3"
    },
    "1115100": {
        "id": 1115100,
        "type": -1,
        "name": "怪物-猎犬人技能1-能量冲击",
        "num": "-1",
        "time": -1,
        "continue_time": 300,
        "displacement_speed": [0.05,0],
        "displacement_acceleration": [0.0001,0],
        "acceleration_time": 100,
        "end_pos": [-1],
        "_bug": "怪物-猎犬人技能1-能量冲击"
    },
    "1116110": {
        "id": 1116110,
        "type": -1,
        "name": "怪物-杀手技能1-刺杀攻击",
        "num": "-1",
        "time": -1,
        "continue_time": 300,
        "displacement_speed": [0.05,0],
        "displacement_acceleration": [0.0001,0],
        "acceleration_time": 100,
        "end_pos": [-1],
        "_bug": "怪物-杀手技能1-刺杀攻击"
    },
    "1117100": {
        "id": 1117100,
        "type": -1,
        "name": "怪物-豪猪技能1-飞刺攻击1",
        "num": "-1",
        "time": -1,
        "continue_time": 300,
        "displacement_speed": [0.05,0],
        "displacement_acceleration": [0.0001,0],
        "acceleration_time": 100,
        "end_pos": [-1],
        "_bug": "怪物-豪猪技能1-飞刺攻击1"
    },
    "1117101": {
        "id": 1117101,
        "type": -1,
        "name": "怪物-豪猪技能1-飞刺攻击2",
        "num": "-1",
        "time": -1,
        "continue_time": 300,
        "displacement_speed": [0.05,0],
        "displacement_acceleration": [0.0001,0],
        "acceleration_time": 100,
        "end_pos": [-1],
        "_bug": "怪物-豪猪技能1-飞刺攻击2"
    },
    "1117102": {
        "id": 1117102,
        "type": -1,
        "name": "怪物-豪猪技能1-飞刺攻击3",
        "num": "-1",
        "time": -1,
        "continue_time": 300,
        "displacement_speed": [0.05,0],
        "displacement_acceleration": [0.0001,0],
        "acceleration_time": 100,
        "end_pos": [-1],
        "_bug": "怪物-豪猪技能1-飞刺攻击3"
    },
    "1117210": {
        "id": 1117210,
        "type": -1,
        "name": "怪物-豪猪技能2-飞刺攻击1",
        "num": "-1",
        "time": -1,
        "continue_time": 300,
        "displacement_speed": [0.05,0],
        "displacement_acceleration": [0.0001,0],
        "acceleration_time": 100,
        "end_pos": [-1],
        "_bug": "怪物-豪猪技能2-飞刺攻击1"
    },
    "1117211": {
        "id": 1117211,
        "type": -1,
        "name": "怪物-豪猪技能2-飞刺攻击2",
        "num": "-1",
        "time": -1,
        "continue_time": 300,
        "displacement_speed": [0.05,0],
        "displacement_acceleration": [0.0001,0],
        "acceleration_time": 100,
        "end_pos": [-1],
        "_bug": "怪物-豪猪技能2-飞刺攻击2"
    },
    "1117222": {
        "id": 1117222,
        "type": -1,
        "name": "怪物-豪猪技能2-飞刺攻击3",
        "num": "-1",
        "time": -1,
        "continue_time": 300,
        "displacement_speed": [0.05,0],
        "displacement_acceleration": [0.0001,0],
        "acceleration_time": 100,
        "end_pos": [-1],
        "_bug": "怪物-豪猪技能2-飞刺攻击3"
    },
    "1118100": {
        "id": 1118100,
        "type": -1,
        "name": "怪物-暗杀者技能1-子弹1",
        "num": "-1",
        "time": -1,
        "continue_time": 300,
        "displacement_speed": [0.05,0],
        "displacement_acceleration": [0.0001,0],
        "acceleration_time": 100,
        "end_pos": [-1],
        "_bug": "怪物-暗杀者技能1-子弹1"
    },
    "1118102": {
        "id": 1118102,
        "type": -1,
        "name": "怪物-暗杀者技能1-子弹2",
        "num": "-1",
        "time": -1,
        "continue_time": 300,
        "displacement_speed": [0.05,0],
        "displacement_acceleration": [0.0001,0],
        "acceleration_time": 100,
        "end_pos": [-1],
        "_bug": "怪物-暗杀者技能1-子弹2"
    },
    "1118103": {
        "id": 1118103,
        "type": -1,
        "name": "怪物-暗杀者技能1-子弹3",
        "num": "-1",
        "time": -1,
        "continue_time": 300,
        "displacement_speed": [0.05,0],
        "displacement_acceleration": [0.0001,0],
        "acceleration_time": 100,
        "end_pos": [-1],
        "_bug": "怪物-暗杀者技能1-子弹3"
    },
    "1118210": {
        "id": 1118210,
        "type": -1,
        "name": "怪物-暗杀者技能2-激光1",
        "num": "-1",
        "time": -1,
        "continue_time": 300,
        "displacement_speed": [0.05,0],
        "displacement_acceleration": [0.0001,0],
        "acceleration_time": 100,
        "end_pos": [-1],
        "_bug": "怪物-暗杀者技能2-激光1"
    },
    "1118220": {
        "id": 1118220,
        "type": -1,
        "name": "怪物-暗杀者技能2-激光2",
        "num": "-1",
        "time": -1,
        "continue_time": 300,
        "displacement_speed": [0,0.35],
        "displacement_acceleration": [0,0.0001],
        "acceleration_time": 100,
        "end_pos": [-1],
        "_bug": "怪物-暗杀者技能2-激光2"
    },
    "1118100": {
        "id": 1118100,
        "type": -1,
        "name": "怪物-暗杀者技能1-子弹",
        "num": "-1",
        "time": -1,
        "continue_time": 300,
        "displacement_speed": [0.05,0],
        "displacement_acceleration": [0.0001,0],
        "acceleration_time": 100,
        "end_pos": [-1],
        "_bug": "怪物-暗杀者技能1-子弹"
    },
    "1119110": {
        "id": 1119110,
        "type": -1,
        "name": "怪物-瘦水手技能1-刺杀",
        "num": "-1",
        "time": -1,
        "continue_time": 300,
        "displacement_speed": [0.05,0],
        "displacement_acceleration": [0.0001,0],
        "acceleration_time": 100,
        "end_pos": [-1],
        "_bug": "怪物-瘦水手技能1-刺杀"
    },
    "1120110": {
        "id": 1120110,
        "type": -1,
        "name": "怪物-魔狼技能1-撕咬",
        "num": "-1",
        "time": -1,
        "continue_time": 300,
        "displacement_speed": [0.05,0],
        "displacement_acceleration": [0.0001,0],
        "acceleration_time": 100,
        "end_pos": [-1],
        "_bug": "怪物-魔狼技能1-撕咬"
    },
    "1123100": {
        "id": 1123100,
        "type": -1,
        "name": "怪物-费婕技能1",
        "num": "-1",
        "time": -1,
        "continue_time": 300,
        "displacement_speed": [0.05,0],
        "displacement_acceleration": [0.0001,0],
        "acceleration_time": 100,
        "end_pos": [-1],
        "_bug": "怪物-费婕技能1"
    },
    "1125100": {
        "id": 1125100,
        "type": -1,
        "name": "怪物-见习管家技能1-手杖攻击",
        "num": "-1",
        "time": -1,
        "continue_time": 300,
        "displacement_speed": [0.05,0],
        "displacement_acceleration": [0.0001,0],
        "acceleration_time": 100,
        "end_pos": [-1],
        "_bug": "怪物-见习管家技能1-手杖攻击"
    },
    "1125211": {
        "id": 1125211,
        "type": -1,
        "name": "怪物-见习管家技能2-烟雾1",
        "num": "-1",
        "time": -1,
        "continue_time": 300,
        "displacement_speed": [0.05,0],
        "displacement_acceleration": [0.0001,0],
        "acceleration_time": 100,
        "end_pos": [-1],
        "_bug": "怪物-见习管家技能2-烟雾1"
    },
    "1125213": {
        "id": 1125213,
        "type": -1,
        "name": "怪物-见习管家技能2-烟雾2",
        "num": "-1",
        "time": -1,
        "continue_time": 300,
        "displacement_speed": [0.05,0],
        "displacement_acceleration": [0.0001,0],
        "acceleration_time": 100,
        "end_pos": [-1],
        "_bug": "怪物-见习管家技能2-烟雾2"
    },
    "1125215": {
        "id": 1125215,
        "type": -1,
        "name": "怪物-见习管家技能2-烟雾3",
        "num": "-1",
        "time": -1,
        "continue_time": 300,
        "displacement_speed": [0.05,0],
        "displacement_acceleration": [0.0001,0],
        "acceleration_time": 100,
        "end_pos": [-1],
        "_bug": "怪物-见习管家技能2-烟雾3"
    },
    "1126100": {
        "id": 1126100,
        "type": -1,
        "name": "怪物-见习蝎子女技能1-毒刺1",
        "num": "-1",
        "time": -1,
        "continue_time": 300,
        "displacement_speed": [0.05,0],
        "displacement_acceleration": [0.0001,0],
        "acceleration_time": 100,
        "end_pos": [-1],
        "_bug": "怪物-见习蝎子女技能1-毒刺1"
    },
    "1126101": {
        "id": 1126101,
        "type": -1,
        "name": "怪物-见习蝎子女技能1-毒刺2",
        "num": "-1",
        "time": -1,
        "continue_time": 300,
        "displacement_speed": [0.05,0],
        "displacement_acceleration": [0.0001,0],
        "acceleration_time": 100,
        "end_pos": [-1],
        "_bug": "怪物-见习蝎子女技能1-毒刺2"
    },
    "1126102": {
        "id": 1126102,
        "type": -1,
        "name": "怪物-见习蝎子女技能1-毒刺3",
        "num": "-1",
        "time": -1,
        "continue_time": 300,
        "displacement_speed": [0.05,0],
        "displacement_acceleration": [0.0001,0],
        "acceleration_time": 100,
        "end_pos": [-1],
        "_bug": "怪物-见习蝎子女技能1-毒刺3"
    },
    "1127100": {
        "id": 1127100,
        "type": -1,
        "name": "怪物-母鸡技能1-虫子",
        "num": "-1",
        "time": -1,
        "continue_time": 300,
        "displacement_speed": [0.05,0],
        "displacement_acceleration": [0.0001,0],
        "acceleration_time": 100,
        "end_pos": [-1],
        "_bug": "怪物-母鸡技能1-虫子"
    },
    "1128112": {
        "id": 1128112,
        "type": -1,
        "name": "怪物-龙虾技能1-攻击波纹",
        "num": "-1",
        "time": -1,
        "continue_time": 300,
        "displacement_speed": [0.05,0],
        "displacement_acceleration": [0.0001,0],
        "acceleration_time": 100,
        "end_pos": [-1],
        "_bug": "怪物-龙虾技能1-攻击波纹"
    },
    "1128202": {
        "id": 1128202,
        "type": -1,
        "name": "怪物-龙虾技能2-火箭炮1",
        "num": "-1",
        "time": -1,
        "continue_time": 300,
        "displacement_speed": [0.05,0],
        "displacement_acceleration": [0.0001,0],
        "acceleration_time": 100,
        "end_pos": [-1],
        "_bug": "怪物-龙虾技能2-火箭炮1"
    },
    "1129100": {
        "id": 1129100,
        "type": -1,
        "name": "怪物-狮子技能1-爪子",
        "num": "-1",
        "time": -1,
        "continue_time": 300,
        "displacement_speed": [0.05,0],
        "displacement_acceleration": [0.0001,0],
        "acceleration_time": 100,
        "end_pos": [-1],
        "_bug": "怪物-狮子技能1-爪子"
    },
    "1130100": {
        "id": 1130100,
        "type": -1,
        "name": "怪物-鸟人技能1-火鸟冲击",
        "num": "-1",
        "time": -1,
        "continue_time": 300,
        "displacement_speed": [0.05,0],
        "displacement_acceleration": [0.0001,0],
        "acceleration_time": 100,
        "end_pos": [-1],
        "_bug": "怪物-鸟人技能1-火鸟冲击"
    },
    "1130211": {
        "id": 1130211,
        "type": -1,
        "name": "怪物-鸟人技能2-地面爆炸",
        "num": "3|15|500",
        "time": 300,
        "continue_time": 300,
        "displacement_speed": [0.05,0],
        "displacement_acceleration": [0.0001,0],
        "acceleration_time": 100,
        "end_pos": [-1],
        "_bug": "怪物-鸟人技能2-地面爆炸"
    }}
