{
    "1": {
        "id": 1,
        "family_name": "高冷的"
    },
    "2": {
        "id": 2,
        "family_name": "愤怒的"
    },
    "3": {
        "id": 3,
        "family_name": "逗比的"
    },
    "4": {
        "id": 4,
        "family_name": "狂拽"
    },
    "5": {
        "id": 5,
        "family_name": "霸道"
    },
    "6": {
        "id": 6,
        "family_name": "金牌"
    },
    "7": {
        "id": 7,
        "family_name": "性感的"
    },
    "8": {
        "id": 8,
        "family_name": "萌萌哒"
    },
    "9": {
        "id": 9,
        "family_name": "怨念的"
    },
    "10": {
        "id": 10,
        "family_name": "棒棒哒"
    },
    "11": {
        "id": 11,
        "family_name": "神秘的"
    },
    "12": {
        "id": 12,
        "family_name": "胡来的"
    },
    "13": {
        "id": 13,
        "family_name": "精分的"
    },
    "14": {
        "id": 14,
        "family_name": "潇洒的"
    },
    "15": {
        "id": 15,
        "family_name": "任性的"
    },
    "16": {
        "id": 16,
        "family_name": "调皮的"
    },
    "17": {
        "id": 17,
        "family_name": "机智的"
    },
    "18": {
        "id": 18,
        "family_name": "美味的"
    },
    "19": {
        "id": 19,
        "family_name": "高贵的"
    },
    "20": {
        "id": 20,
        "family_name": "暴走的"
    },
    "21": {
        "id": 21,
        "family_name": "搬砖的"
    },
    "22": {
        "id": 22,
        "family_name": "蛮拼的"
    },
    "23": {
        "id": 23,
        "family_name": "正义的"
    },
    "24": {
        "id": 24,
        "family_name": "高端的"
    },
    "25": {
        "id": 25,
        "family_name": "剽悍的"
    },
    "26": {
        "id": 26,
        "family_name": "扛刀的"
    },
    "27": {
        "id": 27,
        "family_name": "多动的"
    },
    "28": {
        "id": 28,
        "family_name": "傻笑的"
    },
    "29": {
        "id": 29,
        "family_name": "白目的"
    },
    "30": {
        "id": 30,
        "family_name": "安静的"
    },
    "31": {
        "id": 31,
        "family_name": "肥肥的"
    },
    "32": {
        "id": 32,
        "family_name": "搞笑的"
    },
    "33": {
        "id": 33,
        "family_name": "早起的"
    },
    "34": {
        "id": 34,
        "family_name": "打工的"
    },
    "35": {
        "id": 35,
        "family_name": "挡枪的"
    },
    "36": {
        "id": 36,
        "family_name": "背锅的"
    },
    "37": {
        "id": 37,
        "family_name": "流浪的"
    },
    "38": {
        "id": 38,
        "family_name": "能吃的"
    },
    "39": {
        "id": 39,
        "family_name": "隔壁的"
    },
    "40": {
        "id": 40,
        "family_name": "淡定的"
    },
    "41": {
        "id": 41,
        "family_name": "露骨的"
    },
    "42": {
        "id": 42,
        "family_name": "无聊的"
    },
    "43": {
        "id": 43,
        "family_name": "缺钱的"
    },
    "44": {
        "id": 44,
        "family_name": "忧郁的"
    },
    "45": {
        "id": 45,
        "family_name": "安静的"
    },
    "46": {
        "id": 46,
        "family_name": "中二的"
    },
    "47": {
        "id": 47,
        "family_name": "狗带的"
    },
    "48": {
        "id": 48,
        "family_name": "点赞的"
    },
    "49": {
        "id": 49,
        "family_name": "迷失的"
    },
    "50": {
        "id": 50,
        "family_name": "捡来的"
    },
    "51": {
        "id": 51,
        "family_name": "挑食的"
    },
    "52": {
        "id": 52,
        "family_name": "长寿的"
    },
    "53": {
        "id": 53,
        "family_name": "卖萌的"
    },
    "54": {
        "id": 54,
        "family_name": "苦恼的"
    },
    "55": {
        "id": 55,
        "family_name": "纠结的"
    },
    "56": {
        "id": 56,
        "family_name": "优雅的"
    },
    "57": {
        "id": 57,
        "family_name": "谢邀的"
    },
    "58": {
        "id": 58,
        "family_name": "沉默的"
    },
    "59": {
        "id": 59,
        "family_name": "看门的"
    },
    "60": {
        "id": 60,
        "family_name": "无情的"
    },
    "61": {
        "id": 61,
        "family_name": "熬夜的"
    },
    "62": {
        "id": 62,
        "family_name": "寂寞的"
    },
    "63": {
        "id": 63,
        "family_name": "空虚的"
    },
    "64": {
        "id": 64,
        "family_name": "尴尬的"
    },
    "65": {
        "id": 65,
        "family_name": "清纯的"
    },
    "66": {
        "id": 66,
        "family_name": "洋气的"
    },
    "67": {
        "id": 67,
        "family_name": "躺枪的"
    },
    "68": {
        "id": 68,
        "family_name": "巨蟹座"
    },
    "69": {
        "id": 69,
        "family_name": "天秤座"
    },
    "70": {
        "id": 70,
        "family_name": "摩羯座"
    },
    "71": {
        "id": 71,
        "family_name": "天蝎座"
    },
    "72": {
        "id": 72,
        "family_name": "双鱼座"
    },
    "73": {
        "id": 73,
        "family_name": "双子座"
    },
    "74": {
        "id": 74,
        "family_name": "白羊座"
    },
    "75": {
        "id": 75,
        "family_name": "金牛座"
    },
    "76": {
        "id": 76,
        "family_name": "狮子座"
    },
    "77": {
        "id": 77,
        "family_name": "射手座"
    },
    "78": {
        "id": 78,
        "family_name": "水瓶座"
    },
    "79": {
        "id": 79,
        "family_name": "神枪手"
    },
    "80": {
        "id": 80,
        "family_name": "漂移的"
    },
    "81": {
        "id": 81,
        "family_name": "无奈的"
    },
    "82": {
        "id": 82,
        "family_name": "吃药的"
    },
    "83": {
        "id": 83,
        "family_name": "肉肉的"
    },
    "84": {
        "id": 84,
        "family_name": "碰瓷的"
    },
    "85": {
        "id": 85,
        "family_name": "换水的"
    },
    "86": {
        "id": 86,
        "family_name": "打钱的"
    },
    "87": {
        "id": 87,
        "family_name": "作死的"
    },
    "88": {
        "id": 88,
        "family_name": "勤劳的"
    },
    "89": {
        "id": 89,
        "family_name": "值钱的"
    },
    "90": {
        "id": 90,
        "family_name": "潜水的"
    },
    "91": {
        "id": 91,
        "family_name": "狂笑的"
    },
    "92": {
        "id": 92,
        "family_name": "中枪的"
    },
    "93": {
        "id": 93,
        "family_name": "咆哮的"
    },
    "94": {
        "id": 94,
        "family_name": "残血的"
    },
    "95": {
        "id": 95,
        "family_name": "负分的"
    },
    "96": {
        "id": 96,
        "family_name": "非法的"
    },
    "97": {
        "id": 97,
        "family_name": "面瘫的"
    },
    "98": {
        "id": 98,
        "family_name": "会飞的"
    },
    "99": {
        "id": 99,
        "family_name": "费纸的"
    },
    "100": {
        "id": 100,
        "family_name": "笨笨哒"
    },
    "101": {
        "id": 101,
        "family_name": "优越的"
    },
    "102": {
        "id": 102,
        "family_name": "静静的"
    },
    "103": {
        "id": 103,
        "family_name": "楼上的"
    },
    "104": {
        "id": 104,
        "family_name": "楼下的"
    },
    "105": {
        "id": 105,
        "family_name": "腹黑的"
    },
    "106": {
        "id": 106,
        "family_name": "吊吊的"
    },
    "107": {
        "id": 107,
        "family_name": "卖血的"
    },
    "108": {
        "id": 108,
        "family_name": "热血的"
    },
    "109": {
        "id": 109,
        "family_name": "穿越的"
    },
    "110": {
        "id": 110,
        "family_name": "放水的"
    },
    "111": {
        "id": 111,
        "family_name": "无辜的"
    },
    "112": {
        "id": 112,
        "family_name": "上铺的"
    },
    "113": {
        "id": 113,
        "family_name": "下铺的"
    },
    "114": {
        "id": 114,
        "family_name": "开黑的"
    },
    "115": {
        "id": 115,
        "family_name": "躺中的"
    },
    "116": {
        "id": 116,
        "family_name": "八卦的"
    },
    "117": {
        "id": 117,
        "family_name": "吐槽的"
    },
    "118": {
        "id": 118,
        "family_name": "天真的"
    },
    "119": {
        "id": 119,
        "family_name": "伟大的"
    },
    "120": {
        "id": 120,
        "family_name": "摇摆的"
    },
    "121": {
        "id": 121,
        "family_name": "码字的"
    },
    "122": {
        "id": 122,
        "family_name": "吹牛的"
    },
    "123": {
        "id": 123,
        "family_name": "招摇的"
    },
    "124": {
        "id": 124,
        "family_name": "完美的"
    },
    "125": {
        "id": 125,
        "family_name": "霸气的"
    },
    "126": {
        "id": 126,
        "family_name": "易容的"
    },
    "127": {
        "id": 127,
        "family_name": "耍剑的"
    },
    "128": {
        "id": 128,
        "family_name": "钓鱼的"
    },
    "129": {
        "id": 129,
        "family_name": "卖肾的"
    },
    "130": {
        "id": 130,
        "family_name": "加班的"
    },
    "131": {
        "id": 131,
        "family_name": "邪魅的"
    },
    "132": {
        "id": 132,
        "family_name": "狂狷的"
    },
    "133": {
        "id": 133,
        "family_name": "从良的"
    },
    "134": {
        "id": 134,
        "family_name": "有才的"
    },
    "135": {
        "id": 135,
        "family_name": "看脸的"
    },
    "136": {
        "id": 136,
        "family_name": "机灵的"
    },
    "137": {
        "id": 137,
        "family_name": "扎心的"
    },
    "138": {
        "id": 138,
        "family_name": "奔跑的"
    },
    "139": {
        "id": 139,
        "family_name": "羞羞的"
    },
    "140": {
        "id": 140,
        "family_name": "酱油的"
    },
    "141": {
        "id": 141,
        "family_name": "划水的"
    },
    "142": {
        "id": 142,
        "family_name": "冒泡的"
    },
    "143": {
        "id": 143,
        "family_name": "贴心的"
    },
    "144": {
        "id": 144,
        "family_name": "娇弱的"
    },
    "145": {
        "id": 145,
        "family_name": "倒立的"
    },
    "146": {
        "id": 146,
        "family_name": "可爱的"
    },
    "147": {
        "id": 147,
        "family_name": "重生之"
    },
    "148": {
        "id": 148,
        "family_name": "进击的"
    },
    "149": {
        "id": 149,
        "family_name": "旋转的"
    },
    "150": {
        "id": 150,
        "family_name": "青铜"
    },
    "151": {
        "id": 151,
        "family_name": "白银"
    },
    "152": {
        "id": 152,
        "family_name": "黄金"
    },
    "153": {
        "id": 153,
        "family_name": "钻石"
    },
    "154": {
        "id": 154,
        "family_name": "最强"
    },
    "155": {
        "id": 155,
        "family_name": "普通的"
    },
    "156": {
        "id": 156,
        "family_name": "平凡的"
    },
    "157": {
        "id": 157,
        "family_name": "满血的"
    },
    "158": {
        "id": 158,
        "family_name": "血多的"
    },
    "159": {
        "id": 159,
        "family_name": "爱装的"
    },
    "160": {
        "id": 160,
        "family_name": "复仇的"
    },
    "161": {
        "id": 161,
        "family_name": "找削的"
    },
    "162": {
        "id": 162,
        "family_name": "挖矿的"
    },
    "163": {
        "id": 163,
        "family_name": "倒斗的"
    },
    "164": {
        "id": 164,
        "family_name": "古墓的"
    },
    "165": {
        "id": 165,
        "family_name": "克隆的"
    },
    "166": {
        "id": 166,
        "family_name": "全息的"
    },
    "167": {
        "id": 167,
        "family_name": "甩锅的"
    },
    "168": {
        "id": 168,
        "family_name": "路过的"
    },
    "169": {
        "id": 169,
        "family_name": "纯洁的"
    },
    "170": {
        "id": 170,
        "family_name": "巡山的"
    },
    "171": {
        "id": 171,
        "family_name": "凌乱的"
    },
    "172": {
        "id": 172,
        "family_name": "火星的"
    },
    "173": {
        "id": 173,
        "family_name": "免费的"
    },
    "174": {
        "id": 174,
        "family_name": "我是"
    },
    "175": {
        "id": 175,
        "family_name": "我叫"
    },
    "176": {
        "id": 176,
        "family_name": "在下"
    },
    "177": {
        "id": 177,
        "family_name": "梦见"
    },
    "178": {
        "id": 178,
        "family_name": "巧遇"
    },
    "179": {
        "id": 179,
        "family_name": "邂逅"
    },
    "180": {
        "id": 180,
        "family_name": "卖给"
    },
    "181": {
        "id": 181,
        "family_name": "十万个"
    },
    "182": {
        "id": 182,
        "family_name": "打跑"
    },
    "183": {
        "id": 183,
        "family_name": "报复"
    },
    "184": {
        "id": 184,
        "family_name": "奔跑吧"
    },
    "185": {
        "id": 185,
        "family_name": "迷之"
    },
    "186": {
        "id": 186,
        "family_name": "别放过"
    },
    "187": {
        "id": 187,
        "family_name": "巴啦啦"
    },
    "188": {
        "id": 188,
        "family_name": "别人家"
    },
    "189": {
        "id": 189,
        "family_name": "高颜值"
    },
    "190": {
        "id": 190,
        "family_name": "咱们家"
    },
    "191": {
        "id": 191,
        "family_name": "包邮送"
    },
    "192": {
        "id": 192,
        "family_name": "通关送"
    },
    "193": {
        "id": 193,
        "family_name": "加油"
    },
    "194": {
        "id": 194,
        "family_name": "再见"
    },
    "195": {
        "id": 195,
        "family_name": "快看"
    },
    "196": {
        "id": 196,
        "family_name": "打我呀"
    },
    "197": {
        "id": 197,
        "family_name": "报告"
    },
    "198": {
        "id": 198,
        "family_name": "打赏"
    },
    "199": {
        "id": 199,
        "family_name": "快醒醒"
    },
    "200": {
        "id": 200,
        "family_name": "吃药了"
    },
    "201": {
        "id": 201,
        "family_name": "我不是"
    },
    "202": {
        "id": 202,
        "family_name": "晚安"
    },
    "203": {
        "id": 203,
        "family_name": "早安"
    },
    "204": {
        "id": 204,
        "family_name": "偷看"
    },
    "205": {
        "id": 205,
        "family_name": "别这样"
    },
    "206": {
        "id": 206,
        "family_name": "鄙视"
    },
    "207": {
        "id": 207,
        "family_name": "羡慕"
    },
    "208": {
        "id": 208,
        "family_name": "一万个"
    },
    "209": {
        "id": 209,
        "family_name": "神烦"
    },
    "210": {
        "id": 210,
        "family_name": "欢迎"
    },
    "211": {
        "id": 211,
        "family_name": "好喜欢"
    },
    "212": {
        "id": 212,
        "family_name": "玩坏了"
    },
    "213": {
        "id": 213,
        "family_name": "不许打"
    },
    "214": {
        "id": 214,
        "family_name": "别欺负"
    },
    "215": {
        "id": 215,
        "family_name": "最爱"
    },
    "216": {
        "id": 216,
        "family_name": "完虐"
    },
    "217": {
        "id": 217,
        "family_name": "秒杀"
    },
    "218": {
        "id": 218,
        "family_name": "完爆"
    },
    "219": {
        "id": 219,
        "family_name": "爆发吧"
    },
    "220": {
        "id": 220,
        "family_name": "气死"
    },
    "221": {
        "id": 221,
        "family_name": "翻身做"
    },
    "222": {
        "id": 222,
        "family_name": "情书给"
    },
    "223": {
        "id": 223,
        "family_name": "十一区"
    },
    "224": {
        "id": 224,
        "family_name": "高冷的"
    },
    "225": {
        "id": 225,
        "family_name": "愤怒的"
    },
    "226": {
        "id": 226,
        "family_name": "逗比的"
    },
    "227": {
        "id": 227,
        "family_name": "狂拽"
    },
    "228": {
        "id": 228,
        "family_name": "霸道"
    },
    "229": {
        "id": 229,
        "family_name": "金牌"
    },
    "230": {
        "id": 230,
        "family_name": "性感的"
    },
    "231": {
        "id": 231,
        "family_name": "萌萌哒"
    },
    "232": {
        "id": 232,
        "family_name": "怨念的"
    },
    "233": {
        "id": 233,
        "family_name": "棒棒哒"
    },
    "234": {
        "id": 234,
        "family_name": "神秘的"
    },
    "235": {
        "id": 235,
        "family_name": "胡来的"
    },
    "236": {
        "id": 236,
        "family_name": "精分的"
    },
    "237": {
        "id": 237,
        "family_name": "潇洒的"
    },
    "238": {
        "id": 238,
        "family_name": "任性的"
    },
    "239": {
        "id": 239,
        "family_name": "调皮的"
    },
    "240": {
        "id": 240,
        "family_name": "机智的"
    },
    "241": {
        "id": 241,
        "family_name": "美味的"
    },
    "242": {
        "id": 242,
        "family_name": "高贵的"
    },
    "243": {
        "id": 243,
        "family_name": "暴走的"
    },
    "244": {
        "id": 244,
        "family_name": "搬砖的"
    },
    "245": {
        "id": 245,
        "family_name": "蛮拼的"
    },
    "246": {
        "id": 246,
        "family_name": "正义的"
    },
    "247": {
        "id": 247,
        "family_name": "高端的"
    },
    "248": {
        "id": 248,
        "family_name": "剽悍的"
    },
    "249": {
        "id": 249,
        "family_name": "扛刀的"
    },
    "250": {
        "id": 250,
        "family_name": "多动的"
    },
    "251": {
        "id": 251,
        "family_name": "傻笑的"
    },
    "252": {
        "id": 252,
        "family_name": "白目的"
    },
    "253": {
        "id": 253,
        "family_name": "安静的"
    },
    "254": {
        "id": 254,
        "family_name": "肥肥的"
    },
    "255": {
        "id": 255,
        "family_name": "搞笑的"
    },
    "256": {
        "id": 256,
        "family_name": "早起的"
    },
    "257": {
        "id": 257,
        "family_name": "打工的"
    },
    "258": {
        "id": 258,
        "family_name": "挡枪的"
    },
    "259": {
        "id": 259,
        "family_name": "背锅的"
    },
    "260": {
        "id": 260,
        "family_name": "流浪的"
    },
    "261": {
        "id": 261,
        "family_name": "能吃的"
    },
    "262": {
        "id": 262,
        "family_name": "隔壁的"
    },
    "263": {
        "id": 263,
        "family_name": "淡定的"
    },
    "264": {
        "id": 264,
        "family_name": "露骨的"
    },
    "265": {
        "id": 265,
        "family_name": "无聊的"
    },
    "266": {
        "id": 266,
        "family_name": "缺钱的"
    },
    "267": {
        "id": 267,
        "family_name": "忧郁的"
    },
    "268": {
        "id": 268,
        "family_name": "安静的"
    },
    "269": {
        "id": 269,
        "family_name": "中二的"
    },
    "270": {
        "id": 270,
        "family_name": "狗带的"
    },
    "271": {
        "id": 271,
        "family_name": "点赞的"
    },
    "272": {
        "id": 272,
        "family_name": "迷失的"
    },
    "273": {
        "id": 273,
        "family_name": "捡来的"
    },
    "274": {
        "id": 274,
        "family_name": "挑食的"
    },
    "275": {
        "id": 275,
        "family_name": "长寿的"
    },
    "276": {
        "id": 276,
        "family_name": "卖萌的"
    },
    "277": {
        "id": 277,
        "family_name": "苦恼的"
    },
    "278": {
        "id": 278,
        "family_name": "纠结的"
    },
    "279": {
        "id": 279,
        "family_name": "优雅的"
    },
    "280": {
        "id": 280,
        "family_name": "谢邀的"
    },
    "281": {
        "id": 281,
        "family_name": "沉默的"
    },
    "282": {
        "id": 282,
        "family_name": "看门的"
    },
    "283": {
        "id": 283,
        "family_name": "无情的"
    },
    "284": {
        "id": 284,
        "family_name": "熬夜的"
    },
    "285": {
        "id": 285,
        "family_name": "寂寞的"
    },
    "286": {
        "id": 286,
        "family_name": "空虚的"
    },
    "287": {
        "id": 287,
        "family_name": "尴尬的"
    },
    "288": {
        "id": 288,
        "family_name": "清纯的"
    },
    "289": {
        "id": 289,
        "family_name": "洋气的"
    },
    "290": {
        "id": 290,
        "family_name": "躺枪的"
    },
    "291": {
        "id": 291,
        "family_name": "巨蟹座"
    },
    "292": {
        "id": 292,
        "family_name": "天秤座"
    },
    "293": {
        "id": 293,
        "family_name": "摩羯座"
    },
    "294": {
        "id": 294,
        "family_name": "天蝎座"
    },
    "295": {
        "id": 295,
        "family_name": "双鱼座"
    },
    "296": {
        "id": 296,
        "family_name": "双子座"
    },
    "297": {
        "id": 297,
        "family_name": "白羊座"
    },
    "298": {
        "id": 298,
        "family_name": "金牛座"
    },
    "299": {
        "id": 299,
        "family_name": "狮子座"
    },
    "300": {
        "id": 300,
        "family_name": "射手座"
    },
    "301": {
        "id": 301,
        "family_name": "水瓶座"
    },
    "302": {
        "id": 302,
        "family_name": "神枪手"
    },
    "303": {
        "id": 303,
        "family_name": "漂移的"
    },
    "304": {
        "id": 304,
        "family_name": "无奈的"
    },
    "305": {
        "id": 305,
        "family_name": "吃药的"
    },
    "306": {
        "id": 306,
        "family_name": "肉肉的"
    },
    "307": {
        "id": 307,
        "family_name": "碰瓷的"
    },
    "308": {
        "id": 308,
        "family_name": "换水的"
    },
    "309": {
        "id": 309,
        "family_name": "打钱的"
    },
    "310": {
        "id": 310,
        "family_name": "作死的"
    },
    "311": {
        "id": 311,
        "family_name": "勤劳的"
    },
    "312": {
        "id": 312,
        "family_name": "值钱的"
    },
    "313": {
        "id": 313,
        "family_name": "潜水的"
    },
    "314": {
        "id": 314,
        "family_name": "狂笑的"
    },
    "315": {
        "id": 315,
        "family_name": "中枪的"
    },
    "316": {
        "id": 316,
        "family_name": "咆哮的"
    },
    "317": {
        "id": 317,
        "family_name": "残血的"
    },
    "318": {
        "id": 318,
        "family_name": "负分的"
    },
    "319": {
        "id": 319,
        "family_name": "非法的"
    },
    "320": {
        "id": 320,
        "family_name": "面瘫的"
    },
    "321": {
        "id": 321,
        "family_name": "会飞的"
    },
    "322": {
        "id": 322,
        "family_name": "费纸的"
    },
    "323": {
        "id": 323,
        "family_name": "笨笨哒"
    },
    "324": {
        "id": 324,
        "family_name": "优越的"
    },
    "325": {
        "id": 325,
        "family_name": "静静的"
    },
    "326": {
        "id": 326,
        "family_name": "楼上的"
    },
    "327": {
        "id": 327,
        "family_name": "楼下的"
    },
    "328": {
        "id": 328,
        "family_name": "腹黑的"
    },
    "329": {
        "id": 329,
        "family_name": "吊吊的"
    },
    "330": {
        "id": 330,
        "family_name": "卖血的"
    },
    "331": {
        "id": 331,
        "family_name": "热血的"
    },
    "332": {
        "id": 332,
        "family_name": "穿越的"
    },
    "333": {
        "id": 333,
        "family_name": "放水的"
    },
    "334": {
        "id": 334,
        "family_name": "无辜的"
    },
    "335": {
        "id": 335,
        "family_name": "上铺的"
    },
    "336": {
        "id": 336,
        "family_name": "下铺的"
    },
    "337": {
        "id": 337,
        "family_name": "开黑的"
    },
    "338": {
        "id": 338,
        "family_name": "躺中的"
    },
    "339": {
        "id": 339,
        "family_name": "八卦的"
    },
    "340": {
        "id": 340,
        "family_name": "吐槽的"
    },
    "341": {
        "id": 341,
        "family_name": "天真的"
    },
    "342": {
        "id": 342,
        "family_name": "伟大的"
    },
    "343": {
        "id": 343,
        "family_name": "摇摆的"
    },
    "344": {
        "id": 344,
        "family_name": "码字的"
    },
    "345": {
        "id": 345,
        "family_name": "吹牛的"
    },
    "346": {
        "id": 346,
        "family_name": "招摇的"
    },
    "347": {
        "id": 347,
        "family_name": "完美的"
    },
    "348": {
        "id": 348,
        "family_name": "霸气的"
    },
    "349": {
        "id": 349,
        "family_name": "易容的"
    },
    "350": {
        "id": 350,
        "family_name": "装傻的"
    },
    "351": {
        "id": 351,
        "family_name": "钓鱼的"
    },
    "352": {
        "id": 352,
        "family_name": "卖肾的"
    },
    "353": {
        "id": 353,
        "family_name": "加班的"
    },
    "354": {
        "id": 354,
        "family_name": "邪魅的"
    },
    "355": {
        "id": 355,
        "family_name": "狂狷的"
    },
    "356": {
        "id": 356,
        "family_name": "从良的"
    },
    "357": {
        "id": 357,
        "family_name": "有才的"
    },
    "358": {
        "id": 358,
        "family_name": "看脸的"
    },
    "359": {
        "id": 359,
        "family_name": "机灵的"
    },
    "360": {
        "id": 360,
        "family_name": "御剑的"
    },
    "361": {
        "id": 361,
        "family_name": "奔跑的"
    },
    "362": {
        "id": 362,
        "family_name": "羞羞的"
    },
    "363": {
        "id": 363,
        "family_name": "酱油的"
    },
    "364": {
        "id": 364,
        "family_name": "划水的"
    },
    "365": {
        "id": 365,
        "family_name": "冒泡的"
    },
    "366": {
        "id": 366,
        "family_name": "贴心的"
    },
    "367": {
        "id": 367,
        "family_name": "娇弱的"
    },
    "368": {
        "id": 368,
        "family_name": "倒立的"
    },
    "369": {
        "id": 369,
        "family_name": "可爱的"
    },
    "370": {
        "id": 370,
        "family_name": "重生之"
    },
    "371": {
        "id": 371,
        "family_name": "进击的"
    },
    "372": {
        "id": 372,
        "family_name": "旋转的"
    },
    "373": {
        "id": 373,
        "family_name": "青铜"
    },
    "374": {
        "id": 374,
        "family_name": "白银"
    },
    "375": {
        "id": 375,
        "family_name": "黄金"
    },
    "376": {
        "id": 376,
        "family_name": "钻石"
    },
    "377": {
        "id": 377,
        "family_name": "最强"
    },
    "378": {
        "id": 378,
        "family_name": "普通的"
    },
    "379": {
        "id": 379,
        "family_name": "平凡的"
    },
    "380": {
        "id": 380,
        "family_name": "满血的"
    },
    "381": {
        "id": 381,
        "family_name": "血多的"
    },
    "382": {
        "id": 382,
        "family_name": "爱装的"
    },
    "383": {
        "id": 383,
        "family_name": "复仇的"
    },
    "384": {
        "id": 384,
        "family_name": "找削的"
    },
    "385": {
        "id": 385,
        "family_name": "挖矿的"
    },
    "386": {
        "id": 386,
        "family_name": "倒斗的"
    },
    "387": {
        "id": 387,
        "family_name": "古墓的"
    },
    "388": {
        "id": 388,
        "family_name": "克隆的"
    },
    "389": {
        "id": 389,
        "family_name": "全息的"
    },
    "390": {
        "id": 390,
        "family_name": "甩锅的"
    },
    "391": {
        "id": 391,
        "family_name": "路过的"
    },
    "392": {
        "id": 392,
        "family_name": "纯洁的"
    },
    "393": {
        "id": 393,
        "family_name": "游走的"
    },
    "394": {
        "id": 394,
        "family_name": "凌乱的"
    },
    "395": {
        "id": 395,
        "family_name": "火星的"
    },
    "396": {
        "id": 396,
        "family_name": "免费的"
    },
    "397": {
        "id": 397,
        "family_name": "我是"
    },
    "398": {
        "id": 398,
        "family_name": "我叫"
    },
    "399": {
        "id": 399,
        "family_name": "在下"
    },
    "400": {
        "id": 400,
        "family_name": "梦见"
    },
    "401": {
        "id": 401,
        "family_name": "巧遇"
    },
    "402": {
        "id": 402,
        "family_name": "邂逅"
    },
    "403": {
        "id": 403,
        "family_name": "卖给"
    },
    "404": {
        "id": 404,
        "family_name": "十万个"
    },
    "405": {
        "id": 405,
        "family_name": "打跑"
    },
    "406": {
        "id": 406,
        "family_name": "报复"
    },
    "407": {
        "id": 407,
        "family_name": "奔跑吧"
    },
    "408": {
        "id": 408,
        "family_name": "迷之"
    },
    "409": {
        "id": 409,
        "family_name": "别放过"
    },
    "410": {
        "id": 410,
        "family_name": "巴啦啦"
    },
    "411": {
        "id": 411,
        "family_name": "别人家"
    },
    "412": {
        "id": 412,
        "family_name": "高颜值"
    },
    "413": {
        "id": 413,
        "family_name": "咱们家"
    },
    "414": {
        "id": 414,
        "family_name": "包邮送"
    },
    "415": {
        "id": 415,
        "family_name": "通关送"
    },
    "416": {
        "id": 416,
        "family_name": "加油"
    },
    "417": {
        "id": 417,
        "family_name": "再见"
    },
    "418": {
        "id": 418,
        "family_name": "快看"
    },
    "419": {
        "id": 419,
        "family_name": "打我呀"
    },
    "420": {
        "id": 420,
        "family_name": "报告"
    },
    "421": {
        "id": 421,
        "family_name": "打赏"
    },
    "422": {
        "id": 422,
        "family_name": "快醒醒"
    },
    "423": {
        "id": 423,
        "family_name": "吃药了"
    },
    "424": {
        "id": 424,
        "family_name": "我不是"
    },
    "425": {
        "id": 425,
        "family_name": "晚安"
    },
    "426": {
        "id": 426,
        "family_name": "早安"
    },
    "427": {
        "id": 427,
        "family_name": "偷看"
    },
    "428": {
        "id": 428,
        "family_name": "别这样"
    },
    "429": {
        "id": 429,
        "family_name": "鄙视"
    },
    "430": {
        "id": 430,
        "family_name": "羡慕"
    },
    "431": {
        "id": 431,
        "family_name": "一万个"
    },
    "432": {
        "id": 432,
        "family_name": "神烦"
    },
    "433": {
        "id": 433,
        "family_name": "欢迎"
    },
    "434": {
        "id": 434,
        "family_name": "好喜欢"
    },
    "435": {
        "id": 435,
        "family_name": "玩坏了"
    },
    "436": {
        "id": 436,
        "family_name": "不许打"
    },
    "437": {
        "id": 437,
        "family_name": "别欺负"
    },
    "438": {
        "id": 438,
        "family_name": "最爱"
    },
    "439": {
        "id": 439,
        "family_name": "完虐"
    },
    "440": {
        "id": 440,
        "family_name": "秒杀"
    },
    "441": {
        "id": 441,
        "family_name": "完爆"
    },
    "442": {
        "id": 442,
        "family_name": "爆发吧"
    },
    "443": {
        "id": 443,
        "family_name": "气死"
    },
    "444": {
        "id": 444,
        "family_name": "翻身做"
    },
    "445": {
        "id": 445,
        "family_name": "情书给"
    },
    "446": {
        "id": 446,
        "family_name": "十一区"
    },
    "447": {
        "id": 447,
        "family_name": "厉害了"
    },
    "448": {
        "id": 448,
        "family_name": "一月的"
    },
    "449": {
        "id": 449,
        "family_name": "二月的"
    },
    "450": {
        "id": 450,
        "family_name": "三月的"
    },
    "451": {
        "id": 451,
        "family_name": "四月的"
    },
    "452": {
        "id": 452,
        "family_name": "五月的"
    },
    "453": {
        "id": 453,
        "family_name": "六月的"
    },
    "454": {
        "id": 454,
        "family_name": "七月的"
    },
    "455": {
        "id": 455,
        "family_name": "八月的"
    },
    "456": {
        "id": 456,
        "family_name": "九月的"
    },
    "457": {
        "id": 457,
        "family_name": "十月的"
    },
    "458": {
        "id": 458,
        "family_name": "十一月"
    },
    "459": {
        "id": 459,
        "family_name": "十二月"
    },
    "460": {
        "id": 460,
        "family_name": "白羊座"
    },
    "461": {
        "id": 461,
        "family_name": "金牛座"
    },
    "462": {
        "id": 462,
        "family_name": "双子座"
    },
    "463": {
        "id": 463,
        "family_name": "巨蟹座"
    },
    "464": {
        "id": 464,
        "family_name": "狮子座"
    },
    "465": {
        "id": 465,
        "family_name": "天秤座"
    },
    "466": {
        "id": 466,
        "family_name": "水瓶座"
    },
    "467": {
        "id": 467,
        "family_name": "射手座"
    },
    "468": {
        "id": 468,
        "family_name": "摩羯座"
    },
    "469": {
        "id": 469,
        "family_name": "双鱼座"
    },
    "470": {
        "id": 470,
        "family_name": "天蝎座"
    },
    "471": {
        "id": 471,
        "family_name": "蓝瘦的"
    },
    "472": {
        "id": 472,
        "family_name": "香菇的"
    },
    "473": {
        "id": 473,
        "family_name": "洪荒之"
    },
    "474": {
        "id": 474,
        "family_name": "被掏空"
    },
    "475": {
        "id": 475,
        "family_name": "小目标"
    },
    "476": {
        "id": 476,
        "family_name": "带带我"
    },
    "477": {
        "id": 477,
        "family_name": "友谊的"
    },
    "478": {
        "id": 478,
        "family_name": "飙车的"
    },
    "479": {
        "id": 479,
        "family_name": "吃瓜的"
    },
    "480": {
        "id": 480,
        "family_name": "工匠的"
    },
    "481": {
        "id": 481,
        "family_name": "满满的"
    },
    "482": {
        "id": 482,
        "family_name": "任性的"
    },
    "483": {
        "id": 483,
        "family_name": "爆表的"
    },
    "484": {
        "id": 484,
        "family_name": "醉了的"
    },
    "485": {
        "id": 485,
        "family_name": "安静的"
    },
    "486": {
        "id": 486,
        "family_name": "玛德"
    },
    "487": {
        "id": 487,
        "family_name": "制杖的"
    },
    "488": {
        "id": 488,
        "family_name": "撒币的"
    },
    "489": {
        "id": 489,
        "family_name": "持盾的"
    },
    "490": {
        "id": 490,
        "family_name": "持矢的"
    },
    "491": {
        "id": 491,
        "family_name": "撞壁的"
    },
    "492": {
        "id": 492,
        "family_name": "贩剑的"
    },
    "493": {
        "id": 493,
        "family_name": "斗笔的"
    },
    "494": {
        "id": 494,
        "family_name": "捡币的"
    },
    "495": {
        "id": 495,
        "family_name": "高颜值"
    },
    "496": {
        "id": 496,
        "family_name": "奇葩的"
    },
    "497": {
        "id": 497,
        "family_name": "搞笑的"
    },
    "498": {
        "id": 498,
        "family_name": "辣眼睛"
    },
    "499": {
        "id": 499,
        "family_name": "崩溃的"
    },
    "500": {
        "id": 500,
        "family_name": "剁手的"
    },
    "501": {
        "id": 501,
        "family_name": "辣么大"
    },
    "502": {
        "id": 502,
        "family_name": "去看看"
    },
    "503": {
        "id": 503,
        "family_name": "城会玩"
    },
    "504": {
        "id": 504,
        "family_name": "说三遍"
    },
    "505": {
        "id": 505,
        "family_name": "萌萌哒"
    },
    "506": {
        "id": 506,
        "family_name": "买买买"
    },
    "507": {
        "id": 507,
        "family_name": "你懂的"
    },
    "508": {
        "id": 508,
        "family_name": "失联的"
    },
    "509": {
        "id": 509,
        "family_name": "高大上"
    },
    "510": {
        "id": 510,
        "family_name": "躺枪的"
    },
    "511": {
        "id": 511,
        "family_name": "逆袭的"
    },
    "512": {
        "id": 512,
        "family_name": "给跪了"
    },
    "513": {
        "id": 513,
        "family_name": "围观的"
    },
    "514": {
        "id": 514,
        "family_name": "给力的"
    },
    "515": {
        "id": 515,
        "family_name": "天真的"
    },
    "516": {
        "id": 516,
        "family_name": "感恩的"
    },
    "517": {
        "id": 517,
        "family_name": "名贵的"
    },
    "518": {
        "id": 518,
        "family_name": "蛮拼的"
    },
    "519": {
        "id": 519,
        "family_name": "吓死了"
    },
    "520": {
        "id": 520,
        "family_name": "污力"
    },
    "521": {
        "id": 521,
        "family_name": "撩妹的"
    },
    "522": {
        "id": 522,
        "family_name": "有才的"
    },
    "523": {
        "id": 523,
        "family_name": "卖萌的"
    },
    "524": {
        "id": 524,
        "family_name": "悲催的"
    },
    "525": {
        "id": 525,
        "family_name": "忐忑的"
    },
    "526": {
        "id": 526,
        "family_name": "寂寞的"
    },
    "527": {
        "id": 527,
        "family_name": "拉风的"
    },
    "528": {
        "id": 528,
        "family_name": "有料的"
    },
    "529": {
        "id": 529,
        "family_name": "我们走"
    },
    "530": {
        "id": 530,
        "family_name": "心疼的"
    },
    "531": {
        "id": 531,
        "family_name": "胖胖的"
    },
    "532": {
        "id": 532,
        "family_name": "正能量"
    },
    "533": {
        "id": 533,
        "family_name": "毁三观"
    },
    "534": {
        "id": 534,
        "family_name": "次奥"
    },
    "535": {
        "id": 535,
        "family_name": "泥玛"
    },
    "536": {
        "id": 536,
        "family_name": "肿么了"
    },
    "537": {
        "id": 537,
        "family_name": "碉堡了"
    },
    "538": {
        "id": 538,
        "family_name": "重口味"
    },
    "539": {
        "id": 539,
        "family_name": "蛋疼的"
    },
    "540": {
        "id": 540,
        "family_name": "战五渣"
    },
    "541": {
        "id": 541,
        "family_name": "碎一地"
    },
    "542": {
        "id": 542,
        "family_name": "么么哒"
    },
    "543": {
        "id": 543,
        "family_name": "加油吧"
    },
    "544": {
        "id": 544,
        "family_name": "作死的"
    },
    "545": {
        "id": 545,
        "family_name": "开黑车"
    },
    "546": {
        "id": 546,
        "family_name": "弱爆了"
    },
    "547": {
        "id": 547,
        "family_name": "带我飞"
    },
    "548": {
        "id": 548,
        "family_name": "氪金的"
    },
    "549": {
        "id": 549,
        "family_name": "多读书"
    },
    "550": {
        "id": 550,
        "family_name": "心里苦"
    },
    "551": {
        "id": 551,
        "family_name": "天然呆"
    },
    "552": {
        "id": 552,
        "family_name": "纯天然"
    },
    "553": {
        "id": 553,
        "family_name": "无添加"
    },
    "554": {
        "id": 554,
        "family_name": "无公害"
    },
    "555": {
        "id": 555,
        "family_name": "吃土的"
    },
    "556": {
        "id": 556,
        "family_name": "怪我咯"
    },
    "557": {
        "id": 557,
        "family_name": "起来嗨"
    },
    "558": {
        "id": 558,
        "family_name": "快开车"
    },
    "559": {
        "id": 559,
        "family_name": "茫然的"
    },
    "560": {
        "id": 560,
        "family_name": "卧槽的"
    },
    "561": {
        "id": 561,
        "family_name": "捶胸口"
    },
    "562": {
        "id": 562,
        "family_name": "八二年"
    },
    "563": {
        "id": 563,
        "family_name": "碎碎念"
    },
    "564": {
        "id": 564,
        "family_name": "朕错了"
    },
    "565": {
        "id": 565,
        "family_name": "旧时光"
    },
    "566": {
        "id": 566,
        "family_name": "磨人的"
    },
    "567": {
        "id": 567,
        "family_name": "矫情的"
    },
    "568": {
        "id": 568,
        "family_name": "坏脾气"
    },
    "569": {
        "id": 569,
        "family_name": "遇见你"
    },
    "570": {
        "id": 570,
        "family_name": "乱了心"
    },
    "571": {
        "id": 571,
        "family_name": "伤不起"
    },
    "572": {
        "id": 572,
        "family_name": "朕好萌"
    },
    "573": {
        "id": 573,
        "family_name": "哎呦喂"
    },
    "574": {
        "id": 574,
        "family_name": "赤果果"
    },
    "575": {
        "id": 575,
        "family_name": "加载中"
    },
    "576": {
        "id": 576,
        "family_name": "强势的"
    },
    "577": {
        "id": 577,
        "family_name": "炫酷的"
    },
    "578": {
        "id": 578,
        "family_name": "卡哇伊"
    },
    "579": {
        "id": 579,
        "family_name": "走着瞧"
    },
    "580": {
        "id": 580,
        "family_name": "背锅的"
    },
    "581": {
        "id": 581,
        "family_name": "吝啬的"
    },
    "582": {
        "id": 582,
        "family_name": "标致的"
    },
    "583": {
        "id": 583,
        "family_name": "消瘦的"
    },
    "584": {
        "id": 584,
        "family_name": "黑瘦的"
    },
    "585": {
        "id": 585,
        "family_name": "秀丽的"
    },
    "586": {
        "id": 586,
        "family_name": "俊秀的"
    },
    "587": {
        "id": 587,
        "family_name": "陶醉的"
    },
    "588": {
        "id": 588,
        "family_name": "消瘦的"
    },
    "589": {
        "id": 589,
        "family_name": "黑瘦的"
    },
    "590": {
        "id": 590,
        "family_name": "耳廓的"
    },
    "591": {
        "id": 591,
        "family_name": "墨黑的"
    },
    "592": {
        "id": 592,
        "family_name": "俊目的"
    },
    "593": {
        "id": 593,
        "family_name": "呆滞的"
    },
    "594": {
        "id": 594,
        "family_name": "赞许的"
    },
    "595": {
        "id": 595,
        "family_name": "苗条的"
    },
    "596": {
        "id": 596,
        "family_name": "精悍的"
    },
    "597": {
        "id": 597,
        "family_name": "细挑的"
    },
    "598": {
        "id": 598,
        "family_name": "彪壮的"
    },
    "599": {
        "id": 599,
        "family_name": "巍峨的"
    },
    "600": {
        "id": 600,
        "family_name": "帅气的"
    },
    "601": {
        "id": 601,
        "family_name": "吟诵的"
    },
    "602": {
        "id": 602,
        "family_name": "细挑的"
    },
    "603": {
        "id": 603,
        "family_name": "彪壮的"
    },
    "604": {
        "id": 604,
        "family_name": "瘦削的"
    },
    "605": {
        "id": 605,
        "family_name": "粗长的"
    },
    "606": {
        "id": 606,
        "family_name": "秀目的"
    },
    "607": {
        "id": 607,
        "family_name": "凝视的"
    },
    "608": {
        "id": 608,
        "family_name": "狡诈的"
    },
    "609": {
        "id": 609,
        "family_name": "丰满的"
    },
    "610": {
        "id": 610,
        "family_name": "短小的"
    },
    "611": {
        "id": 611,
        "family_name": "富态的"
    },
    "612": {
        "id": 612,
        "family_name": "强健的"
    },
    "613": {
        "id": 613,
        "family_name": "高耸的"
    },
    "614": {
        "id": 614,
        "family_name": "潇洒的"
    },
    "615": {
        "id": 615,
        "family_name": "风铃的"
    },
    "616": {
        "id": 616,
        "family_name": "富态的"
    },
    "617": {
        "id": 617,
        "family_name": "强健的"
    },
    "618": {
        "id": 618,
        "family_name": "耳轮的"
    },
    "619": {
        "id": 619,
        "family_name": "凤眼的"
    },
    "620": {
        "id": 620,
        "family_name": "朗目的"
    },
    "621": {
        "id": 621,
        "family_name": "眺望的"
    },
    "622": {
        "id": 622,
        "family_name": "专注的"
    },
    "623": {
        "id": 623,
        "family_name": "丰腴的"
    },
    "624": {
        "id": 624,
        "family_name": "粗实的"
    },
    "625": {
        "id": 625,
        "family_name": "富相的"
    },
    "626": {
        "id": 626,
        "family_name": "刚健的"
    },
    "627": {
        "id": 627,
        "family_name": "陡峭的"
    },
    "628": {
        "id": 628,
        "family_name": "迷人的"
    },
    "629": {
        "id": 629,
        "family_name": "悦耳的"
    },
    "630": {
        "id": 630,
        "family_name": "富相的"
    },
    "631": {
        "id": 631,
        "family_name": "刚健的"
    },
    "632": {
        "id": 632,
        "family_name": "媚眼的"
    },
    "633": {
        "id": 633,
        "family_name": "星眸的"
    },
    "634": {
        "id": 634,
        "family_name": "慧眼的"
    },
    "635": {
        "id": 635,
        "family_name": "深邃的"
    },
    "636": {
        "id": 636,
        "family_name": "魁梧的"
    },
    "637": {
        "id": 637,
        "family_name": "粗犷的"
    },
    "638": {
        "id": 638,
        "family_name": "臃肿的"
    },
    "639": {
        "id": 639,
        "family_name": "单薄的"
    },
    "640": {
        "id": 640,
        "family_name": "聪慧的"
    },
    "641": {
        "id": 641,
        "family_name": "魅力的"
    },
    "642": {
        "id": 642,
        "family_name": "清脆的"
    },
    "643": {
        "id": 643,
        "family_name": "臃肿的"
    },
    "644": {
        "id": 644,
        "family_name": "单薄的"
    },
    "645": {
        "id": 645,
        "family_name": "杏眼的"
    },
    "646": {
        "id": 646,
        "family_name": "失望的"
    },
    "647": {
        "id": 647,
        "family_name": "秋波的"
    },
    "648": {
        "id": 648,
        "family_name": "浑浊的"
    },
    "649": {
        "id": 649,
        "family_name": "结实的"
    },
    "650": {
        "id": 650,
        "family_name": "笨重的"
    },
    "651": {
        "id": 651,
        "family_name": "憔悴的"
    },
    "652": {
        "id": 652,
        "family_name": "大方的"
    },
    "653": {
        "id": 653,
        "family_name": "美丽的"
    },
    "654": {
        "id": 654,
        "family_name": "动听的"
    },
    "655": {
        "id": 655,
        "family_name": "憔悴的"
    },
    "656": {
        "id": 656,
        "family_name": "斜眼的"
    },
    "657": {
        "id": 657,
        "family_name": "慈祥的"
    },
    "658": {
        "id": 658,
        "family_name": "明亮的"
    },
    "659": {
        "id": 659,
        "family_name": "关切的"
    },
    "660": {
        "id": 660,
        "family_name": "强壮的"
    },
    "661": {
        "id": 661,
        "family_name": "丽质的"
    },
    "662": {
        "id": 662,
        "family_name": "纤弱的"
    },
    "663": {
        "id": 663,
        "family_name": "俏丽的"
    },
    "664": {
        "id": 664,
        "family_name": "可爱的"
    },
    "665": {
        "id": 665,
        "family_name": "优美的"
    },
    "666": {
        "id": 666,
        "family_name": "丽质的"
    },
    "667": {
        "id": 667,
        "family_name": "肥大的"
    },
    "668": {
        "id": 668,
        "family_name": "美目的"
    },
    "669": {
        "id": 669,
        "family_name": "敏锐的"
    },
    "670": {
        "id": 670,
        "family_name": "温柔的"
    },
    "671": {
        "id": 671,
        "family_name": "坚定的"
    },
    "672": {
        "id": 672,
        "family_name": "匀称的"
    },
    "673": {
        "id": 673,
        "family_name": "80后"
    },
    "674": {
        "id": 674,
        "family_name": "90后"
    },
    "675": {
        "id": 675,
        "family_name": "00后"
    },
    "676": {
        "id": 676,
        "family_name": "10后"
    },
    "677": {
        "id": 677,
        "family_name": "82年"
    },
    "678": {
        "id": 678,
        "family_name": "隔壁"
    },
    "679": {
        "id": 679,
        "family_name": "一万个"
    },
    "680": {
        "id": 680,
        "family_name": "一只"
    },
    "681": {
        "id": 681,
        "family_name": "放荡的"
    },
    "682": {
        "id": 682,
        "family_name": "不羁的"
    },
    "683": {
        "id": 683,
        "family_name": "不要啊"
    },
    "684": {
        "id": 684,
        "family_name": "专属"
    },
    "685": {
        "id": 685,
        "family_name": "专治"
    },
    "686": {
        "id": 686,
        "family_name": "专打"
    },
    "687": {
        "id": 687,
        "family_name": "东方"
    },
    "688": {
        "id": 688,
        "family_name": "中年"
    },
    "689": {
        "id": 689,
        "family_name": "乱世"
    },
    "690": {
        "id": 690,
        "family_name": "乱舞"
    },
    "691": {
        "id": 691,
        "family_name": "亲爱的"
    },
    "692": {
        "id": 692,
        "family_name": "亲爱哒"
    },
    "693": {
        "id": 693,
        "family_name": "亲亲"
    },
    "694": {
        "id": 694,
        "family_name": "丑爆了"
    },
    "695": {
        "id": 695,
        "family_name": "什么"
    },
    "696": {
        "id": 696,
        "family_name": "五杀"
    },
    "697": {
        "id": 697,
        "family_name": "众神殿"
    },
    "698": {
        "id": 698,
        "family_name": "传说"
    },
    "699": {
        "id": 699,
        "family_name": "伤心的"
    },
    "700": {
        "id": 700,
        "family_name": "低调"
    },
    "701": {
        "id": 701,
        "family_name": "你好吗"
    },
    "702": {
        "id": 702,
        "family_name": "你妹的"
    },
    "703": {
        "id": 703,
        "family_name": "你好美"
    },
    "704": {
        "id": 704,
        "family_name": "微笑的"
    },
    "705": {
        "id": 705,
        "family_name": "你猜猜"
    },
    "706": {
        "id": 706,
        "family_name": "你瞅啥"
    },
    "707": {
        "id": 707,
        "family_name": "俺村的"
    },
    "708": {
        "id": 708,
        "family_name": "倔强的"
    },
    "709": {
        "id": 709,
        "family_name": "假装"
    },
    "710": {
        "id": 710,
        "family_name": "倾城的"
    },
    "711": {
        "id": 711,
        "family_name": "偏偏"
    },
    "712": {
        "id": 712,
        "family_name": "故意的"
    },
    "713": {
        "id": 713,
        "family_name": "傲视"
    },
    "714": {
        "id": 714,
        "family_name": "傲天"
    },
    "715": {
        "id": 715,
        "family_name": "傲娇的"
    },
    "716": {
        "id": 716,
        "family_name": "傲气"
    },
    "717": {
        "id": 717,
        "family_name": "傻傻的"
    },
    "718": {
        "id": 718,
        "family_name": "兜里有"
    },
    "719": {
        "id": 719,
        "family_name": "再见"
    },
    "720": {
        "id": 720,
        "family_name": "冷酷的"
    },
    "721": {
        "id": 721,
        "family_name": "刚好"
    },
    "722": {
        "id": 722,
        "family_name": "初代"
    },
    "723": {
        "id": 723,
        "family_name": "别乱来"
    },
    "724": {
        "id": 724,
        "family_name": "勿忘"
    },
    "725": {
        "id": 725,
        "family_name": "包邮送"
    },
    "726": {
        "id": 726,
        "family_name": "十万个"
    },
    "727": {
        "id": 727,
        "family_name": "华丽的"
    },
    "728": {
        "id": 728,
        "family_name": "发狂的"
    },
    "729": {
        "id": 729,
        "family_name": "发飙的"
    },
    "730": {
        "id": 730,
        "family_name": "叫我"
    },
    "731": {
        "id": 731,
        "family_name": "吃药的"
    },
    "732": {
        "id": 732,
        "family_name": "各种"
    },
    "733": {
        "id": 733,
        "family_name": "哈喽"
    },
    "734": {
        "id": 734,
        "family_name": "哎呀"
    },
    "735": {
        "id": 735,
        "family_name": "回忆"
    },
    "736": {
        "id": 736,
        "family_name": "国民"
    },
    "737": {
        "id": 737,
        "family_name": "坏坏的"
    },
    "738": {
        "id": 738,
        "family_name": "辣眼睛"
    },
    "739": {
        "id": 739,
        "family_name": "幸福的"
    },
    "740": {
        "id": 740,
        "family_name": "绝望的"
    },
    "741": {
        "id": 741,
        "family_name": "艾比"
    },
    "742": {
        "id": 742,
        "family_name": "阿比亚"
    },
    "743": {
        "id": 743,
        "family_name": "贝利"
    },
    "744": {
        "id": 744,
        "family_name": "巴伊亚"
    },
    "745": {
        "id": 745,
        "family_name": "巴布斯"
    },
    "746": {
        "id": 746,
        "family_name": "芭贝特"
    },
    "747": {
        "id": 747,
        "family_name": "鲍德温"
    },
    "748": {
        "id": 748,
        "family_name": "贝尔恩"
    },
    "749": {
        "id": 749,
        "family_name": "巴拉克"
    },
    "750": {
        "id": 750,
        "family_name": "芭伯"
    },
    "751": {
        "id": 751,
        "family_name": "巴纳特"
    },
    "752": {
        "id": 752,
        "family_name": "艾布纳"
    },
    "753": {
        "id": 753,
        "family_name": "阿布丽"
    },
    "754": {
        "id": 754,
        "family_name": "埃斯"
    },
    "755": {
        "id": 755,
        "family_name": "亚当"
    },
    "756": {
        "id": 756,
        "family_name": "阿黛拉"
    },
    "757": {
        "id": 757,
        "family_name": "阿黛尔"
    },
    "758": {
        "id": 758,
        "family_name": "阿达玛"
    },
    "759": {
        "id": 759,
        "family_name": "艾达"
    },
    "760": {
        "id": 760,
        "family_name": "爱迪生"
    },
    "761": {
        "id": 761,
        "family_name": "爱德丽"
    },
    "762": {
        "id": 762,
        "family_name": "艾迪娜"
    },
    "763": {
        "id": 763,
        "family_name": "阿道夫"
    },
    "764": {
        "id": 764,
        "family_name": "艾朵拉"
    },
    "765": {
        "id": 765,
        "family_name": "阿加莎"
    },
    "766": {
        "id": 766,
        "family_name": "安丝蕾"
    },
    "767": {
        "id": 767,
        "family_name": "艾莎"
    },
    "768": {
        "id": 768,
        "family_name": "阿尔"
    },
    "769": {
        "id": 769,
        "family_name": "艾莱尔"
    },
    "770": {
        "id": 770,
        "family_name": "凯迪"
    },
    "771": {
        "id": 771,
        "family_name": "西尔"
    },
    "772": {
        "id": 772,
        "family_name": "凯撒"
    },
    "773": {
        "id": 773,
        "family_name": "卡尔"
    },
    "774": {
        "id": 774,
        "family_name": "凯拉"
    },
    "775": {
        "id": 775,
        "family_name": "凯伦姆"
    },
    "776": {
        "id": 776,
        "family_name": "卡利"
    },
    "777": {
        "id": 777,
        "family_name": "卡米拉"
    },
    "778": {
        "id": 778,
        "family_name": "喀麦隆"
    },
    "779": {
        "id": 779,
        "family_name": "坎迪斯"
    },
    "780": {
        "id": 780,
        "family_name": "凯蒂达"
    },
    "781": {
        "id": 781,
        "family_name": "堪德拉"
    },
    "782": {
        "id": 782,
        "family_name": "卡努特"
    },
    "783": {
        "id": 783,
        "family_name": "卡朗"
    },
    "784": {
        "id": 784,
        "family_name": "卡瑞娜"
    },
    "785": {
        "id": 785,
        "family_name": "卡洛塔"
    },
    "786": {
        "id": 786,
        "family_name": "查瑞斯"
    },
    "787": {
        "id": 787,
        "family_name": "夏洛特"
    },
    "788": {
        "id": 788,
        "family_name": "查尔顿"
    },
    "789": {
        "id": 789,
        "family_name": "查斯"
    },
    "790": {
        "id": 790,
        "family_name": "切尔莎"
    },
    "791": {
        "id": 791,
        "family_name": "切尔茜"
    },
    "792": {
        "id": 792,
        "family_name": "西克"
    },
    "793": {
        "id": 793,
        "family_name": "奇尔顿"
    },
    "794": {
        "id": 794,
        "family_name": "克里斯"
    },
    "795": {
        "id": 795,
        "family_name": "查克"
    },
    "796": {
        "id": 796,
        "family_name": "黛丽亚"
    },
    "797": {
        "id": 797,
        "family_name": "黛莉亚"
    },
    "798": {
        "id": 798,
        "family_name": "黛西"
    },
    "799": {
        "id": 799,
        "family_name": "达科塔"
    },
    "800": {
        "id": 800,
        "family_name": "戴利"
    },
    "801": {
        "id": 801,
        "family_name": "黛里拉"
    },
    "802": {
        "id": 802,
        "family_name": "多尔顿"
    },
    "803": {
        "id": 803,
        "family_name": "达米亚"
    },
    "804": {
        "id": 804,
        "family_name": "达尼亚"
    },
    "805": {
        "id": 805,
        "family_name": "丹尼儿"
    },
    "806": {
        "id": 806,
        "family_name": "达芙妮"
    },
    "807": {
        "id": 807,
        "family_name": "达里娜"
    },
    "808": {
        "id": 808,
        "family_name": "达尔伦"
    },
    "809": {
        "id": 809,
        "family_name": "黛丽塔"
    },
    "810": {
        "id": 810,
        "family_name": "达雷尔"
    },
    "811": {
        "id": 811,
        "family_name": "达林"
    },
    "812": {
        "id": 812,
        "family_name": "迪恩"
    },
    "813": {
        "id": 813,
        "family_name": "德亚纳"
    },
    "814": {
        "id": 814,
        "family_name": "狄安娜"
    },
    "815": {
        "id": 815,
        "family_name": "德比"
    },
    "816": {
        "id": 816,
        "family_name": "黛比"
    },
    "817": {
        "id": 817,
        "family_name": "德布拉"
    },
    "818": {
        "id": 818,
        "family_name": "蒂"
    },
    "819": {
        "id": 819,
        "family_name": "丁纳"
    },
    "820": {
        "id": 820,
        "family_name": "代德雷"
    },
    "821": {
        "id": 821,
        "family_name": "德雅"
    },
    "822": {
        "id": 822,
        "family_name": "德凯"
    },
    "823": {
        "id": 823,
        "family_name": "德莱"
    },
    "824": {
        "id": 824,
        "family_name": "德莱尼"
    },
    "825": {
        "id": 825,
        "family_name": "狄拉诺"
    },
    "826": {
        "id": 826,
        "family_name": "德里拉"
    },
    "827": {
        "id": 827,
        "family_name": "德尔马"
    },
    "828": {
        "id": 828,
        "family_name": "戴蒙德"
    },
    "829": {
        "id": 829,
        "family_name": "迪克"
    },
    "830": {
        "id": 830,
        "family_name": "迪亚哥"
    },
    "831": {
        "id": 831,
        "family_name": "伊格"
    },
    "832": {
        "id": 832,
        "family_name": "厄尔"
    },
    "833": {
        "id": 833,
        "family_name": "伊尔利"
    },
    "834": {
        "id": 834,
        "family_name": "艾德"
    },
    "835": {
        "id": 835,
        "family_name": "伊甸"
    },
    "836": {
        "id": 836,
        "family_name": "埃迪"
    },
    "837": {
        "id": 837,
        "family_name": "伊蒂丝"
    },
    "838": {
        "id": 838,
        "family_name": "埃德蒙"
    },
    "839": {
        "id": 839,
        "family_name": "埃德娜"
    },
    "840": {
        "id": 840,
        "family_name": "爱德瑟"
    },
    "841": {
        "id": 841,
        "family_name": "爱德华"
    },
    "842": {
        "id": 842,
        "family_name": "埃德温"
    },
    "843": {
        "id": 843,
        "family_name": "伊甘"
    },
    "844": {
        "id": 844,
        "family_name": "埃贡"
    },
    "845": {
        "id": 845,
        "family_name": "伊黎恩"
    },
    "846": {
        "id": 846,
        "family_name": "伊黎斯"
    },
    "847": {
        "id": 847,
        "family_name": "伊拉姆"
    },
    "848": {
        "id": 848,
        "family_name": "艾尔顿"
    },
    "849": {
        "id": 849,
        "family_name": "埃琳娜"
    },
    "850": {
        "id": 850,
        "family_name": "埃利斯"
    },
    "851": {
        "id": 851,
        "family_name": "埃尔金"
    },
    "852": {
        "id": 852,
        "family_name": "伊莱"
    },
    "853": {
        "id": 853,
        "family_name": "伊莱休"
    },
    "854": {
        "id": 854,
        "family_name": "艾略特"
    },
    "855": {
        "id": 855,
        "family_name": "艾林"
    },
    "856": {
        "id": 856,
        "family_name": "爱丽丝"
    },
    "857": {
        "id": 857,
        "family_name": "费比安"
    },
    "858": {
        "id": 858,
        "family_name": "法比恩"
    },
    "859": {
        "id": 859,
        "family_name": "法奇南"
    },
    "860": {
        "id": 860,
        "family_name": "法埃"
    },
    "861": {
        "id": 861,
        "family_name": "辉里"
    },
    "862": {
        "id": 862,
        "family_name": "凡丁内"
    },
    "863": {
        "id": 863,
        "family_name": "费恩克"
    },
    "864": {
        "id": 864,
        "family_name": "费思"
    },
    "865": {
        "id": 865,
        "family_name": "凡尼"
    },
    "866": {
        "id": 866,
        "family_name": "费滋"
    },
    "867": {
        "id": 867,
        "family_name": "芬妮"
    },
    "868": {
        "id": 868,
        "family_name": "范妮"
    },
    "869": {
        "id": 869,
        "family_name": "法拉"
    },
    "870": {
        "id": 870,
        "family_name": "法尔哈"
    },
    "871": {
        "id": 871,
        "family_name": "法拉赫"
    },
    "872": {
        "id": 872,
        "family_name": "法蒂玛"
    },
    "873": {
        "id": 873,
        "family_name": "福恩"
    },
    "874": {
        "id": 874,
        "family_name": "法夫内"
    },
    "875": {
        "id": 875,
        "family_name": "斐"
    },
    "876": {
        "id": 876,
        "family_name": "费耶特"
    },
    "877": {
        "id": 877,
        "family_name": "夫利塔"
    },
    "878": {
        "id": 878,
        "family_name": "费莱斯"
    },
    "879": {
        "id": 879,
        "family_name": "加布比"
    },
    "880": {
        "id": 880,
        "family_name": "加布"
    },
    "881": {
        "id": 881,
        "family_name": "加百利"
    },
    "882": {
        "id": 882,
        "family_name": "盖顿"
    },
    "883": {
        "id": 883,
        "family_name": "盖坦"
    },
    "884": {
        "id": 884,
        "family_name": "盖弗纳"
    },
    "885": {
        "id": 885,
        "family_name": "盖亚"
    },
    "886": {
        "id": 886,
        "family_name": "盖格"
    },
    "887": {
        "id": 887,
        "family_name": "盖尔"
    },
    "888": {
        "id": 888,
        "family_name": "盖约"
    },
    "889": {
        "id": 889,
        "family_name": "加林娜"
    },
    "890": {
        "id": 890,
        "family_name": "甘农"
    },
    "891": {
        "id": 891,
        "family_name": "盖尔文"
    },
    "892": {
        "id": 892,
        "family_name": "加德那"
    },
    "893": {
        "id": 893,
        "family_name": "加雷思"
    },
    "894": {
        "id": 894,
        "family_name": "加纳"
    },
    "895": {
        "id": 895,
        "family_name": "加兰"
    },
    "896": {
        "id": 896,
        "family_name": "佳妮特"
    },
    "897": {
        "id": 897,
        "family_name": "加斯"
    },
    "898": {
        "id": 898,
        "family_name": "加里"
    },
    "899": {
        "id": 899,
        "family_name": "加维"
    },
    "900": {
        "id": 900,
        "family_name": "加文"
    },
    "901": {
        "id": 901,
        "family_name": "加伍德"
    },
    "902": {
        "id": 902,
        "family_name": "加斯顿"
    },
    "903": {
        "id": 903,
        "family_name": "盖茨"
    },
    "904": {
        "id": 904,
        "family_name": "加维"
    },
    "905": {
        "id": 905,
        "family_name": "盖伊"
    },
    "906": {
        "id": 906,
        "family_name": "格赛"
    },
    "907": {
        "id": 907,
        "family_name": "简尼特"
    },
    "908": {
        "id": 908,
        "family_name": "杰诺"
    },
    "909": {
        "id": 909,
        "family_name": "杰夫"
    },
    "910": {
        "id": 910,
        "family_name": "金特尔"
    },
    "911": {
        "id": 911,
        "family_name": "乔尔迪"
    },
    "912": {
        "id": 912,
        "family_name": "乔治"
    },
    "913": {
        "id": 913,
        "family_name": "乔尔吉"
    },
    "914": {
        "id": 914,
        "family_name": "乔治亚"
    },
    "915": {
        "id": 915,
        "family_name": "黑登"
    },
    "916": {
        "id": 916,
        "family_name": "哈德利"
    },
    "917": {
        "id": 917,
        "family_name": "黑登纳"
    },
    "918": {
        "id": 918,
        "family_name": "夏甲"
    },
    "919": {
        "id": 919,
        "family_name": "海尔"
    },
    "920": {
        "id": 920,
        "family_name": "哈克姆"
    },
    "921": {
        "id": 921,
        "family_name": "哈尔"
    },
    "922": {
        "id": 922,
        "family_name": "哈雷"
    },
    "923": {
        "id": 923,
        "family_name": "荷尔"
    },
    "924": {
        "id": 924,
        "family_name": "哈利"
    },
    "925": {
        "id": 925,
        "family_name": "郝瑟"
    },
    "926": {
        "id": 926,
        "family_name": "哈黎"
    },
    "927": {
        "id": 927,
        "family_name": "哈米什"
    },
    "928": {
        "id": 928,
        "family_name": "哈姆林"
    },
    "929": {
        "id": 929,
        "family_name": "汉普顿"
    },
    "930": {
        "id": 930,
        "family_name": "汉娜"
    },
    "931": {
        "id": 931,
        "family_name": "汉迪"
    },
    "932": {
        "id": 932,
        "family_name": "汉娜"
    },
    "933": {
        "id": 933,
        "family_name": "汉克"
    },
    "934": {
        "id": 934,
        "family_name": "汉南"
    },
    "935": {
        "id": 935,
        "family_name": "汉尼"
    },
    "936": {
        "id": 936,
        "family_name": "汉斯"
    },
    "937": {
        "id": 937,
        "family_name": "海碧"
    },
    "938": {
        "id": 938,
        "family_name": "哈考特"
    },
    "939": {
        "id": 939,
        "family_name": "哈登"
    },
    "940": {
        "id": 940,
        "family_name": "哈丁"
    },
    "941": {
        "id": 941,
        "family_name": "哈兰"
    },
    "942": {
        "id": 942,
        "family_name": "哈伦"
    },
    "943": {
        "id": 943,
        "family_name": "哈蒙"
    },
    "944": {
        "id": 944,
        "family_name": "哈洛"
    },
    "945": {
        "id": 945,
        "family_name": "伊布比"
    },
    "946": {
        "id": 946,
        "family_name": "伊布"
    },
    "947": {
        "id": 947,
        "family_name": "伊达"
    },
    "948": {
        "id": 948,
        "family_name": "伊达尔"
    },
    "949": {
        "id": 949,
        "family_name": "伊戴那"
    },
    "950": {
        "id": 950,
        "family_name": "伊德多"
    },
    "951": {
        "id": 951,
        "family_name": "艾德尔"
    },
    "952": {
        "id": 952,
        "family_name": "伊德拉"
    },
    "953": {
        "id": 953,
        "family_name": "伊唐尼"
    },
    "954": {
        "id": 954,
        "family_name": "叶纳"
    },
    "955": {
        "id": 955,
        "family_name": "伊吉尔"
    },
    "956": {
        "id": 956,
        "family_name": "伊吉"
    },
    "957": {
        "id": 957,
        "family_name": "池"
    },
    "958": {
        "id": 958,
        "family_name": "伊兰"
    },
    "959": {
        "id": 959,
        "family_name": "伊拉瑞"
    },
    "960": {
        "id": 960,
        "family_name": "伊尔德"
    },
    "961": {
        "id": 961,
        "family_name": "伊伦"
    },
    "962": {
        "id": 962,
        "family_name": "伊列娜"
    },
    "963": {
        "id": 963,
        "family_name": "伊伦内"
    },
    "964": {
        "id": 964,
        "family_name": "伊隆"
    },
    "965": {
        "id": 965,
        "family_name": "伊尔萨"
    },
    "966": {
        "id": 966,
        "family_name": "伊斯"
    },
    "967": {
        "id": 967,
        "family_name": "伊立沙"
    },
    "968": {
        "id": 968,
        "family_name": "亚切"
    },
    "969": {
        "id": 969,
        "family_name": "杰克"
    },
    "970": {
        "id": 970,
        "family_name": "婕柯伊"
    },
    "971": {
        "id": 971,
        "family_name": "杰克逊"
    },
    "972": {
        "id": 972,
        "family_name": "雅各布"
    },
    "973": {
        "id": 973,
        "family_name": "杰奎琳"
    },
    "974": {
        "id": 974,
        "family_name": "贾德"
    },
    "975": {
        "id": 975,
        "family_name": "雅伊登"
    },
    "976": {
        "id": 976,
        "family_name": "亚登"
    },
    "977": {
        "id": 977,
        "family_name": "杰米"
    },
    "978": {
        "id": 978,
        "family_name": "简那"
    },
    "979": {
        "id": 979,
        "family_name": "詹纳"
    },
    "980": {
        "id": 980,
        "family_name": "简"
    },
    "981": {
        "id": 981,
        "family_name": "珍尼特"
    },
    "982": {
        "id": 982,
        "family_name": "珍尼尔"
    },
    "983": {
        "id": 983,
        "family_name": "詹尼"
    },
    "984": {
        "id": 984,
        "family_name": "珍尼亚"
    },
    "985": {
        "id": 985,
        "family_name": "珍尼斯"
    },
    "986": {
        "id": 986,
        "family_name": "珍宁"
    },
    "987": {
        "id": 987,
        "family_name": "贾瑞布"
    },
    "988": {
        "id": 988,
        "family_name": "杰森"
    },
    "989": {
        "id": 989,
        "family_name": "杰斯帕"
    },
    "990": {
        "id": 990,
        "family_name": "杰文"
    },
    "991": {
        "id": 991,
        "family_name": "亚克松"
    },
    "992": {
        "id": 992,
        "family_name": "杰"
    },
    "993": {
        "id": 993,
        "family_name": "贾伊登"
    },
    "994": {
        "id": 994,
        "family_name": "贾伊伦"
    },
    "995": {
        "id": 995,
        "family_name": "琼"
    },
    "996": {
        "id": 996,
        "family_name": "珍妮"
    },
    "997": {
        "id": 997,
        "family_name": "基妮特"
    },
    "998": {
        "id": 998,
        "family_name": "雅内尔"
    },
    "999": {
        "id": 999,
        "family_name": "珍妮"
    },
    "1000": {
        "id": 1000,
        "family_name": "杰德"
    },
    "1001": {
        "id": 1001,
        "family_name": "杰夫"
    },
    "1002": {
        "id": 1002,
        "family_name": "杰斐逊"
    },
    "1003": {
        "id": 1003,
        "family_name": "杰夫里"
    },
    "1004": {
        "id": 1004,
        "family_name": "杰娜"
    },
    "1005": {
        "id": 1005,
        "family_name": "卡切"
    },
    "1006": {
        "id": 1006,
        "family_name": "卡德"
    },
    "1007": {
        "id": 1007,
        "family_name": "卡登"
    },
    "1008": {
        "id": 1008,
        "family_name": "卡丁"
    },
    "1009": {
        "id": 1009,
        "family_name": "凯登"
    },
    "1010": {
        "id": 1010,
        "family_name": "开田"
    },
    "1011": {
        "id": 1011,
        "family_name": "凯拉"
    },
    "1012": {
        "id": 1012,
        "family_name": "凯立"
    },
    "1013": {
        "id": 1013,
        "family_name": "卡拉"
    },
    "1014": {
        "id": 1014,
        "family_name": "卡莱布"
    },
    "1015": {
        "id": 1015,
        "family_name": "卡伦"
    },
    "1016": {
        "id": 1016,
        "family_name": "凯琳达"
    },
    "1017": {
        "id": 1017,
        "family_name": "凯洛士"
    },
    "1018": {
        "id": 1018,
        "family_name": "卡尔温"
    },
    "1019": {
        "id": 1019,
        "family_name": "卡马里"
    },
    "1020": {
        "id": 1020,
        "family_name": "卡登"
    },
    "1021": {
        "id": 1021,
        "family_name": "凯姆"
    },
    "1022": {
        "id": 1022,
        "family_name": "卡梅龙"
    },
    "1023": {
        "id": 1023,
        "family_name": "凯姆琳"
    },
    "1024": {
        "id": 1024,
        "family_name": "河戴斯"
    },
    "1025": {
        "id": 1025,
        "family_name": "凯米尔"
    },
    "1026": {
        "id": 1026,
        "family_name": "凯那"
    },
    "1027": {
        "id": 1027,
        "family_name": "坎迪"
    },
    "1028": {
        "id": 1028,
        "family_name": "凯恩"
    },
    "1029": {
        "id": 1029,
        "family_name": "堪诺"
    },
    "1030": {
        "id": 1030,
        "family_name": "考立"
    },
    "1031": {
        "id": 1031,
        "family_name": "凯皮拉"
    },
    "1032": {
        "id": 1032,
        "family_name": "卡兰"
    },
    "1033": {
        "id": 1033,
        "family_name": "凯尔"
    },
    "1034": {
        "id": 1034,
        "family_name": "凯立姆"
    },
    "1035": {
        "id": 1035,
        "family_name": "凯伦"
    },
    "1036": {
        "id": 1036,
        "family_name": "凯伦那"
    },
    "1037": {
        "id": 1037,
        "family_name": "卡尔森"
    },
    "1038": {
        "id": 1038,
        "family_name": "凯特"
    },
    "1039": {
        "id": 1039,
        "family_name": "凯塔"
    },
    "1040": {
        "id": 1040,
        "family_name": "卡蒂"
    },
    "1041": {
        "id": 1041,
        "family_name": "卡特希"
    },
    "1042": {
        "id": 1042,
        "family_name": "凯茜"
    },
    "1043": {
        "id": 1043,
        "family_name": "拉东"
    },
    "1044": {
        "id": 1044,
        "family_name": "拉宛娜"
    },
    "1045": {
        "id": 1045,
        "family_name": "蕾希"
    },
    "1046": {
        "id": 1046,
        "family_name": "拉克兰"
    },
    "1047": {
        "id": 1047,
        "family_name": "蕾西"
    },
    "1048": {
        "id": 1048,
        "family_name": "兰迪"
    },
    "1049": {
        "id": 1049,
        "family_name": "里尔"
    },
    "1050": {
        "id": 1050,
        "family_name": "拉斐特"
    },
    "1051": {
        "id": 1051,
        "family_name": "拉艾拉"
    },
    "1052": {
        "id": 1052,
        "family_name": "蕾妮"
    },
    "1053": {
        "id": 1053,
        "family_name": "拉朱安"
    },
    "1054": {
        "id": 1054,
        "family_name": "拉金"
    },
    "1055": {
        "id": 1055,
        "family_name": "拉莱"
    },
    "1056": {
        "id": 1056,
        "family_name": "拉里"
    },
    "1057": {
        "id": 1057,
        "family_name": "拉罗"
    },
    "1058": {
        "id": 1058,
        "family_name": "拉玛"
    },
    "1059": {
        "id": 1059,
        "family_name": "拉蒙特"
    },
    "1060": {
        "id": 1060,
        "family_name": "拉米斯"
    },
    "1061": {
        "id": 1061,
        "family_name": "拉纳"
    },
    "1062": {
        "id": 1062,
        "family_name": "拉娜伊"
    },
    "1063": {
        "id": 1063,
        "family_name": "兰登"
    },
    "1064": {
        "id": 1064,
        "family_name": "兰迪"
    },
    "1065": {
        "id": 1065,
        "family_name": "兰"
    },
    "1066": {
        "id": 1066,
        "family_name": "兰福德"
    },
    "1067": {
        "id": 1067,
        "family_name": "兰格"
    },
    "1068": {
        "id": 1068,
        "family_name": "拉尼"
    },
    "1069": {
        "id": 1069,
        "family_name": "兰扎"
    },
    "1070": {
        "id": 1070,
        "family_name": "朗吉尔"
    },
    "1071": {
        "id": 1071,
        "family_name": "拉克"
    },
    "1072": {
        "id": 1072,
        "family_name": "拉里"
    },
    "1073": {
        "id": 1073,
        "family_name": "拉斯"
    },
    "1074": {
        "id": 1074,
        "family_name": "玛佩尔"
    },
    "1075": {
        "id": 1075,
        "family_name": "梅布尔"
    },
    "1076": {
        "id": 1076,
        "family_name": "莫"
    },
    "1077": {
        "id": 1077,
        "family_name": "迈肯兹"
    },
    "1078": {
        "id": 1078,
        "family_name": "马克"
    },
    "1079": {
        "id": 1079,
        "family_name": "梅西"
    },
    "1080": {
        "id": 1080,
        "family_name": "马迪"
    },
    "1081": {
        "id": 1081,
        "family_name": "玛德琳"
    },
    "1082": {
        "id": 1082,
        "family_name": "玛琪"
    },
    "1083": {
        "id": 1083,
        "family_name": "麦迪逊"
    },
    "1084": {
        "id": 1084,
        "family_name": "梅"
    },
    "1085": {
        "id": 1085,
        "family_name": "玛姬"
    },
    "1086": {
        "id": 1086,
        "family_name": "梅杰"
    },
    "1087": {
        "id": 1087,
        "family_name": "麦西"
    },
    "1088": {
        "id": 1088,
        "family_name": "玛拉基"
    },
    "1089": {
        "id": 1089,
        "family_name": "马尔文"
    },
    "1090": {
        "id": 1090,
        "family_name": "曼迪"
    },
    "1091": {
        "id": 1091,
        "family_name": "曼德尔"
    },
    "1092": {
        "id": 1092,
        "family_name": "梅蜜"
    },
    "1093": {
        "id": 1093,
        "family_name": "曼利"
    },
    "1094": {
        "id": 1094,
        "family_name": "玛拉"
    },
    "1095": {
        "id": 1095,
        "family_name": "马拉斯"
    },
    "1096": {
        "id": 1096,
        "family_name": "马塞尔"
    },
    "1097": {
        "id": 1097,
        "family_name": "玛西"
    },
    "1098": {
        "id": 1098,
        "family_name": "玛格丽"
    },
    "1099": {
        "id": 1099,
        "family_name": "玛利亚"
    },
    "1100": {
        "id": 1100,
        "family_name": "玛丽安"
    },
    "1101": {
        "id": 1101,
        "family_name": "马里亚"
    },
    "1102": {
        "id": 1102,
        "family_name": "玛丽尔"
    },
    "1103": {
        "id": 1103,
        "family_name": "玛里琳"
    },
    "1104": {
        "id": 1104,
        "family_name": "玛丽娜"
    },
    "1105": {
        "id": 1105,
        "family_name": "马利奥"
    },
    "1106": {
        "id": 1106,
        "family_name": "玛丽萨"
    },
    "1107": {
        "id": 1107,
        "family_name": "玛丽丝"
    },
    "1108": {
        "id": 1108,
        "family_name": "奈西亚"
    },
    "1109": {
        "id": 1109,
        "family_name": "拿达"
    },
    "1110": {
        "id": 1110,
        "family_name": "娜蒂亚"
    },
    "1111": {
        "id": 1111,
        "family_name": "纳丁"
    },
    "1112": {
        "id": 1112,
        "family_name": "纳德特"
    },
    "1113": {
        "id": 1113,
        "family_name": "纳霍尔"
    },
    "1114": {
        "id": 1114,
        "family_name": "内厄姆"
    },
    "1115": {
        "id": 1115,
        "family_name": "奈达"
    },
    "1116": {
        "id": 1116,
        "family_name": "奈恩"
    },
    "1117": {
        "id": 1117,
        "family_name": "纳基塔"
    }}
