{
    "2": {
        "id": 2,
        "res_id": 7,
        "close_posy": 0,
        "group_posy": 0,
        "mid1_posy": 0,
        "mid2_posy": 0,
        "far_posy": 0,
        "close_v": [1.05,1.05],
        "group_v": [1,1],
        "mid1_v": [0.9,0.9],
        "mid2_v": [0.0,0.0],
        "far_v": [0.75,0.75],
        "far1_v": [0.0,0.0],
        "far2_v": [0.0,0.0],
        "config": "mapConfig2",
        "des": "（统一）地牢迷宫一",
        "scroll": 1
    },
    "3": {
        "id": 3,
        "res_id": 7,
        "close_posy": 0,
        "group_posy": 0,
        "mid1_posy": 0,
        "mid2_posy": 0,
        "far_posy": 0,
        "close_v": [1.05,1.05],
        "group_v": [1,1],
        "mid1_v": [0.9,0.9],
        "mid2_v": [0.0,0.0],
        "far_v": [0.75,0.75],
        "far1_v": [0.0,0.0],
        "far2_v": [0.0,0.0],
        "config": "mapConfig3",
        "des": "（统一）地牢迷宫二",
        "scroll": 1
    },
    "4": {
        "id": 4,
        "res_id": 7,
        "close_posy": 0,
        "group_posy": 0,
        "mid1_posy": 0,
        "mid2_posy": 0,
        "far_posy": 0,
        "close_v": [1.2,1.2],
        "group_v": [1,1],
        "mid1_v": [0.85,0.85],
        "mid2_v": [0.1,0.1],
        "far_v": [0.02,0.02],
        "far1_v": [0.0,0.0],
        "far2_v": [0.0,0.0],
        "config": "mapConfig4",
        "des": "（统一）郊野公园一(有座椅)",
        "scroll": 1
    },
    "5": {
        "id": 5,
        "res_id": 7,
        "close_posy": 0,
        "group_posy": 0,
        "mid1_posy": 0,
        "mid2_posy": 0,
        "far_posy": 0,
        "close_v": [1.2,1.2],
        "group_v": [1,1],
        "mid1_v": [0.85,0.85],
        "mid2_v": [0.1,0.1],
        "far_v": [0.02,0.02],
        "far1_v": [0.0,0.0],
        "far2_v": [0.0,0.0],
        "config": "mapConfig5",
        "des": "（统一）郊野公园二(有油桶)",
        "scroll": 1
    },
    "6": {
        "id": 6,
        "res_id": 7,
        "close_posy": 0,
        "group_posy": 0,
        "mid1_posy": 0,
        "mid2_posy": 0,
        "far_posy": 0,
        "close_v": [1.2,1.2],
        "group_v": [1,1],
        "mid1_v": [0.85,0.85],
        "mid2_v": [0.1,0.1],
        "far_v": [0.02,0.02],
        "far1_v": [0.0,0.0],
        "far2_v": [0.0,0.0],
        "config": "mapConfig6",
        "des": "（统一）郊野公园三(有栅栏)",
        "scroll": 1
    },
    "7": {
        "id": 7,
        "res_id": 7,
        "close_posy": 0,
        "group_posy": 0,
        "mid1_posy": 0,
        "mid2_posy": 0,
        "far_posy": 0,
        "close_v": [1.2,1.2],
        "group_v": [1,1],
        "mid1_v": [0.6,0.6],
        "mid2_v": [0.0,0.0],
        "far_v": [0.2,0.2],
        "far1_v": [0.0,0.0],
        "far2_v": [0.0,0.0],
        "config": "mapConfig7",
        "des": "（统一）森林一",
        "scroll": 1
    },
    "8": {
        "id": 8,
        "res_id": 7,
        "close_posy": 0,
        "group_posy": 0,
        "mid1_posy": 0,
        "mid2_posy": 0,
        "far_posy": 0,
        "close_v": [1.2,1.2],
        "group_v": [1,1],
        "mid1_v": [0.6,0.6],
        "mid2_v": [0.0,0.0],
        "far_v": [0.2,0.2],
        "far1_v": [0.0,0.0],
        "far2_v": [0.0,0.0],
        "config": "mapConfig8",
        "des": "（统一）森林二",
        "scroll": 1
    },
    "9": {
        "id": 9,
        "res_id": 7,
        "close_posy": 0,
        "group_posy": 0,
        "mid1_posy": 0,
        "mid2_posy": 0,
        "far_posy": 0,
        "close_v": [1.2,1.2],
        "group_v": [1,1],
        "mid1_v": [0.6,0.6],
        "mid2_v": [0.0,0.0],
        "far_v": [0.2,0.2],
        "far1_v": [0.0,0.0],
        "far2_v": [0.0,0.0],
        "config": "mapConfig9",
        "des": "（统一）森林三",
        "scroll": 1
    },
    "10": {
        "id": 10,
        "res_id": 7,
        "close_posy": 0,
        "group_posy": 0,
        "mid1_posy": 0,
        "mid2_posy": 0,
        "far_posy": 0,
        "close_v": [1.05,1.05],
        "group_v": [1,1],
        "mid1_v": [0.9,0.9],
        "mid2_v": [0.0,0.0],
        "far_v": [0.75,0.75],
        "far1_v": [0.0,0.0],
        "far2_v": [0.0,0.0],
        "config": "mapConfig10",
        "des": "（统一）地牢迷宫三",
        "scroll": 1
    },
    "11": {
        "id": 11,
        "res_id": 7,
        "close_posy": 0,
        "group_posy": 0,
        "mid1_posy": 0,
        "mid2_posy": 0,
        "far_posy": 0,
        "close_v": [2,2],
        "group_v": [1,1],
        "mid1_v": [0.3,0.0],
        "mid2_v": [0.0,0.0],
        "far_v": [0.0,0.2],
        "far1_v": [0.0,0.0],
        "far2_v": [0.0,0.0],
        "config": "mapConfig11",
        "des": "（统一）海岛一",
        "scroll": 0
    },
    "12": {
        "id": 12,
        "res_id": 7,
        "close_posy": 0,
        "group_posy": 0,
        "mid1_posy": 0,
        "mid2_posy": 0,
        "far_posy": 0,
        "close_v": [2,2],
        "group_v": [1,1],
        "mid1_v": [0.3,0.0],
        "mid2_v": [0.0,0.0],
        "far_v": [0.0,0.2],
        "far1_v": [0.0,0.0],
        "far2_v": [0.0,0.0],
        "config": "mapConfig12",
        "des": "（统一）海岛二",
        "scroll": 0
    },
    "13": {
        "id": 13,
        "res_id": 7,
        "close_posy": 0,
        "group_posy": 0,
        "mid1_posy": 0,
        "mid2_posy": 0,
        "far_posy": 0,
        "close_v": [2,2],
        "group_v": [1,1],
        "mid1_v": [0.3,0.0],
        "mid2_v": [0.0,0.0],
        "far_v": [0.0,0.2],
        "far1_v": [0.0,0.0],
        "far2_v": [0.0,0.0],
        "config": "mapConfig13",
        "des": "（统一）海岛三",
        "scroll": 0
    },
    "14": {
        "id": 14,
        "res_id": 7,
        "close_posy": 0,
        "group_posy": 0,
        "mid1_posy": 0,
        "mid2_posy": 0,
        "far_posy": 0,
        "close_v": [1.2,1.2],
        "group_v": [1,1],
        "mid1_v": [0.1,0.1],
        "mid2_v": [0.0,0.0],
        "far_v": [0.02,0.02],
        "far1_v": [0.0,0.0],
        "far2_v": [0.0,0.0],
        "config": "mapConfig14",
        "des": "（统一）甲板一",
        "scroll": 1
    },
    "15": {
        "id": 15,
        "res_id": 7,
        "close_posy": 0,
        "group_posy": 0,
        "mid1_posy": 0,
        "mid2_posy": 0,
        "far_posy": 0,
        "close_v": [1.2,1.2],
        "group_v": [1,1],
        "mid1_v": [0.1,0.1],
        "mid2_v": [0.0,0.0],
        "far_v": [0.02,0.02],
        "far1_v": [0.0,0.0],
        "far2_v": [0.0,0.0],
        "config": "mapConfig15",
        "des": "（统一）甲板二",
        "scroll": 1
    },
    "16": {
        "id": 16,
        "res_id": 7,
        "close_posy": 0,
        "group_posy": 0,
        "mid1_posy": 0,
        "mid2_posy": 0,
        "far_posy": 0,
        "close_v": [1.2,1.2],
        "group_v": [1,1],
        "mid1_v": [0.1,0.1],
        "mid2_v": [0.0,0.0],
        "far_v": [0.02,0.02],
        "far1_v": [0.0,0.0],
        "far2_v": [0.0,0.0],
        "config": "mapConfig16",
        "des": "（统一）甲板三",
        "scroll": 1
    },
    "17": {
        "id": 17,
        "res_id": 7,
        "close_posy": 0,
        "group_posy": 0,
        "mid1_posy": 0,
        "mid2_posy": 0,
        "far_posy": 0,
        "close_v": [1,1],
        "group_v": [1,1],
        "mid1_v": [1,1],
        "mid2_v": [0.0,0.0],
        "far_v": [1,1],
        "far1_v": [0.0,0.0],
        "far2_v": [0.0,0.0],
        "config": "mapConfig17",
        "des": "（统一）竞技场场景",
        "scroll": 0
    },
    "22": {
        "id": 22,
        "res_id": 7,
        "close_posy": 0,
        "group_posy": 0,
        "mid1_posy": 0,
        "mid2_posy": 0,
        "far_posy": 0,
        "close_v": [1.2,1.2],
        "group_v": [1,1],
        "mid1_v": [0.0,0.0],
        "mid2_v": [0.0,0.0],
        "far_v": [0.02,0.02],
        "far1_v": [0.0,0.0],
        "far2_v": [0.0,0.0],
        "config": "mapConfig22",
        "des": "（统一）古堡庭院一",
        "scroll": 1
    },
    "23": {
        "id": 23,
        "res_id": 7,
        "close_posy": 0,
        "group_posy": 0,
        "mid1_posy": 0,
        "mid2_posy": 0,
        "far_posy": 0,
        "close_v": [1.2,1.2],
        "group_v": [1,1],
        "mid1_v": [0.0,0.0],
        "mid2_v": [0.0,0.0],
        "far_v": [0.02,0.02],
        "far1_v": [0.0,0.0],
        "far2_v": [0.0,0.0],
        "config": "mapConfig23",
        "des": "（统一）古堡庭院二",
        "scroll": 1
    },
    "24": {
        "id": 24,
        "res_id": 7,
        "close_posy": 0,
        "group_posy": 0,
        "mid1_posy": 0,
        "mid2_posy": 0,
        "far_posy": 0,
        "close_v": [1.2,1.2],
        "group_v": [1,1],
        "mid1_v": [0.0,0.0],
        "mid2_v": [0.0,0.0],
        "far_v": [0.02,0.02],
        "far1_v": [0.0,0.0],
        "far2_v": [0.0,0.0],
        "config": "mapConfig24",
        "des": "（统一）古堡庭院三",
        "scroll": 1
    },
    "25": {
        "id": 25,
        "res_id": 7,
        "close_posy": 0,
        "group_posy": 0,
        "mid1_posy": 0,
        "mid2_posy": 0,
        "far_posy": 0,
        "close_v": [1.2,1.2],
        "group_v": [1,1],
        "mid1_v": [0.3,0.3],
        "mid2_v": [0.0,0.0],
        "far_v": [0.01,0.01],
        "far1_v": [0.0,0.0],
        "far2_v": [0.0,0.0],
        "config": "mapConfig25",
        "des": "（统一）鲸鱼岛一",
        "scroll": 1
    },
    "26": {
        "id": 26,
        "res_id": 7,
        "close_posy": 0,
        "group_posy": 0,
        "mid1_posy": 0,
        "mid2_posy": 0,
        "far_posy": 0,
        "close_v": [1.2,1.2],
        "group_v": [1,1],
        "mid1_v": [0.3,0.3],
        "mid2_v": [0.0,0.0],
        "far_v": [0.01,0.01],
        "far1_v": [0.0,0.0],
        "far2_v": [0.0,0.0],
        "config": "mapConfig26",
        "des": "（统一）鲸鱼岛二",
        "scroll": 1
    },
    "27": {
        "id": 27,
        "res_id": 7,
        "close_posy": 0,
        "group_posy": 0,
        "mid1_posy": 0,
        "mid2_posy": 0,
        "far_posy": 0,
        "close_v": [1.2,1.2],
        "group_v": [1,1],
        "mid1_v": [0.3,0.3],
        "mid2_v": [0.0,0.0],
        "far_v": [0.01,0.01],
        "far1_v": [0.0,0.0],
        "far2_v": [0.0,0.0],
        "config": "mapConfig27",
        "des": "（统一）鲸鱼岛三",
        "scroll": 1
    },
    "28": {
        "id": 28,
        "res_id": 7,
        "close_posy": 0,
        "group_posy": 0,
        "mid1_posy": 0,
        "mid2_posy": 0,
        "far_posy": 0,
        "close_v": [1,1],
        "group_v": [1,1],
        "mid1_v": [1,1],
        "mid2_v": [0.0,0.0],
        "far_v": [1,1],
        "far1_v": [0.0,0.0],
        "far2_v": [0.0,0.0],
        "config": "mapConfig28",
        "des": "（统一）爬塔场景",
        "scroll": 0
    },
    "29": {
        "id": 29,
        "res_id": 7,
        "close_posy": 0,
        "group_posy": 0,
        "mid1_posy": 0,
        "mid2_posy": 0,
        "far_posy": 0,
        "close_v": [1.2,1.2],
        "group_v": [1,1],
        "mid1_v": [0.0,0.0],
        "mid2_v": [0.0,0.0],
        "far_v": [0.0,0.2],
        "far1_v": [0.0,0.0],
        "far2_v": [0.0,0.0],
        "config": "mapConfigCommon",
        "des": "（统一）蚂蚁洞穴一",
        "scroll": 0
    },
    "30": {
        "id": 30,
        "res_id": 7,
        "close_posy": 0,
        "group_posy": 0,
        "mid1_posy": 0,
        "mid2_posy": 0,
        "far_posy": 0,
        "close_v": [1.2,1.2],
        "group_v": [1,1],
        "mid1_v": [0.0,0.0],
        "mid2_v": [0.0,0.0],
        "far_v": [0.0,0.2],
        "far1_v": [0.0,0.0],
        "far2_v": [0.0,0.0],
        "config": "mapConfigCommon",
        "des": "（统一）蚂蚁洞穴二",
        "scroll": 0
    },
    "31": {
        "id": 31,
        "res_id": 7,
        "close_posy": 0,
        "group_posy": 0,
        "mid1_posy": 0,
        "mid2_posy": 0,
        "far_posy": 0,
        "close_v": [1.2,1.2],
        "group_v": [1,1],
        "mid1_v": [0.0,0.0],
        "mid2_v": [0.0,0.0],
        "far_v": [0.0,0.2],
        "far1_v": [0.0,0.0],
        "far2_v": [0.0,0.0],
        "config": "mapConfigCommon",
        "des": "（统一）蚂蚁洞穴三",
        "scroll": 0
    },
    "32": {
        "id": 32,
        "res_id": 7,
        "close_posy": 0,
        "group_posy": 0,
        "mid1_posy": 0,
        "mid2_posy": 0,
        "far_posy": 0,
        "close_v": [1.2,1.2],
        "group_v": [1,1],
        "mid1_v": [0.6,0.6],
        "mid2_v": [0.0,0.0],
        "far_v": [0.2,0.2],
        "far1_v": [0.0,0.0],
        "far2_v": [0.0,0.0],
        "config": "mapConfigCommon",
        "des": "（统一）荒漠一",
        "scroll": 1
    },
    "33": {
        "id": 33,
        "res_id": 7,
        "close_posy": 0,
        "group_posy": 0,
        "mid1_posy": 0,
        "mid2_posy": 0,
        "far_posy": 0,
        "close_v": [1.2,1.2],
        "group_v": [1,1],
        "mid1_v": [0.6,0.6],
        "mid2_v": [0.0,0.0],
        "far_v": [0.2,0.2],
        "far1_v": [0.0,0.0],
        "far2_v": [0.0,0.0],
        "config": "mapConfigCommon",
        "des": "（统一）荒漠二",
        "scroll": 1
    },
    "34": {
        "id": 34,
        "res_id": 7,
        "close_posy": 0,
        "group_posy": 0,
        "mid1_posy": 0,
        "mid2_posy": 0,
        "far_posy": 0,
        "close_v": [1.2,1.2],
        "group_v": [1,1],
        "mid1_v": [0.6,0.6],
        "mid2_v": [0.0,0.0],
        "far_v": [0.2,0.2],
        "far1_v": [0.0,0.0],
        "far2_v": [0.0,0.0],
        "config": "mapConfigCommon",
        "des": "（统一）荒漠三",
        "scroll": 1
    },
    "35": {
        "id": 35,
        "res_id": 7,
        "close_posy": 0,
        "group_posy": 0,
        "mid1_posy": 0,
        "mid2_posy": 0,
        "far_posy": 0,
        "close_v": [1.2,1.2],
        "group_v": [1,1],
        "mid1_v": [0.6,0.6],
        "mid2_v": [0.0,0.0],
        "far_v": [0.2,0.2],
        "far1_v": [0.0,0.0],
        "far2_v": [0.0,0.0],
        "config": "mapConfigCommon",
        "des": "（统一）王国废墟一",
        "scroll": 1
    },
    "36": {
        "id": 36,
        "res_id": 7,
        "close_posy": 0,
        "group_posy": 0,
        "mid1_posy": 0,
        "mid2_posy": 0,
        "far_posy": 0,
        "close_v": [1.2,1.2],
        "group_v": [1,1],
        "mid1_v": [0.6,0.6],
        "mid2_v": [0.0,0.0],
        "far_v": [0.2,0.2],
        "far1_v": [0.0,0.0],
        "far2_v": [0.0,0.0],
        "config": "mapConfigCommon",
        "des": "（统一）王国废墟二",
        "scroll": 1
    },
    "37": {
        "id": 37,
        "res_id": 7,
        "close_posy": 0,
        "group_posy": 0,
        "mid1_posy": 0,
        "mid2_posy": 0,
        "far_posy": 0,
        "close_v": [1.2,1.2],
        "group_v": [1,1],
        "mid1_v": [0.6,0.6],
        "mid2_v": [0.0,0.0],
        "far_v": [0.2,0.2],
        "far1_v": [0.0,0.0],
        "far2_v": [0.0,0.0],
        "config": "mapConfigCommon",
        "des": "（统一）王国废墟三",
        "scroll": 1
    },
    "38": {
        "id": 38,
        "res_id": 7,
        "close_posy": 0,
        "group_posy": 0,
        "mid1_posy": 0,
        "mid2_posy": 0,
        "far_posy": 0,
        "close_v": [1.2,1.2],
        "group_v": [1,1],
        "mid1_v": [0.0,0.0],
        "mid2_v": [0.0,0.0],
        "far_v": [0.02,0.02],
        "far1_v": [0.0,0.0],
        "far2_v": [0.0,0.0],
        "config": "mapConfigCommon",
        "des": "（统一）古堡庭院一（演示关卡）",
        "scroll": 1
    },
    "1": {
        "id": 1,
        "res_id": 1,
        "close_posy": 0,
        "group_posy": 0,
        "mid1_posy": 0,
        "mid2_posy": 0,
        "far_posy": 0,
        "close_v": [1.06,1.06],
        "group_v": [1.06,1.06],
        "mid1_v": [1,1],
        "mid2_v": [0.8,0.8],
        "far_v": [0.6,0.6],
        "far1_v": [0.4,0.4],
        "far2_v": [0.2,0.2],
        "config": "mapConfig1",
        "des": "主城",
        "scroll": 0
    },
    "18": {
        "id": 18,
        "res_id": 18,
        "close_posy": 0,
        "group_posy": 0,
        "mid1_posy": 936,
        "mid2_posy": 0,
        "far_posy": 0,
        "close_v": [1,1],
        "group_v": [1,1],
        "mid1_v": [0.5,1],
        "mid2_v": [0.5,1],
        "far_v": [0.1,1],
        "far1_v": [0.1,1],
        "far2_v": [0.1,1],
        "config": "mapConfig18",
        "des": "仙境场景",
        "scroll": 0
    },
    "19": {
        "id": 19,
        "res_id": 19,
        "close_posy": 0,
        "group_posy": 0,
        "mid1_posy": 936,
        "mid2_posy": 0,
        "far_posy": 0,
        "close_v": [1,1],
        "group_v": [1,1],
        "mid1_v": [0.8,1],
        "mid2_v": [0.5,1],
        "far_v": [0.1,1],
        "far1_v": [0.1,1],
        "far2_v": [0.1,1],
        "config": "mapConfig19",
        "des": "（不用动）世界boss场景",
        "scroll": 0
    },
    "20": {
        "id": 20,
        "res_id": 20,
        "close_posy": 0,
        "group_posy": 0,
        "mid1_posy": 0,
        "mid2_posy": 0,
        "far_posy": 265,
        "close_v": [2,2],
        "group_v": [1,1],
        "mid1_v": [1,1],
        "mid2_v": [1,1],
        "far_v": [0.0,0.0],
        "far1_v": [0.0,0.0],
        "far2_v": [0.0,0.0],
        "config": "mapConfig20",
        "des": "（不用动）魔域场景(暂时没用)",
        "scroll": 0
    },
    "21": {
        "id": 21,
        "res_id": 21,
        "close_posy": 0,
        "group_posy": 0,
        "mid1_posy": 936,
        "mid2_posy": 0,
        "far_posy": 0,
        "close_v": [1,1],
        "group_v": [1,1],
        "mid1_v": [0.8,1],
        "mid2_v": [0.5,1],
        "far_v": [0.1,1],
        "far1_v": [0.1,1],
        "far2_v": [0.1,1],
        "config": "mapConfig21",
        "des": "（不用动）仙境战斗场景",
        "scroll": 0
    }}
