{
    "1": {
        "index": 1,
        "name": "全部",
        "info": "",
        "itemType": [3,4,6,11,13,19],
        "itemId": [0],
        "exceptItemId": [110042],
        "path": "ui_bag_WordsBagAll_png"
    },
    "2": {
        "index": 2,
        "name": "消耗",
        "info": "cimelia表里的、prop表里的刨除神兵类和秘籍",
        "itemType": [11,19],
        "itemId": [30001,30002,30003,30004,30451,30452,30453,30506,30507,30606,30607,30608,30811,30812,30813,31001,31002,130001,130002,130003,130004,130005,130006,130101,130102,130103,130104,130201,130202],
        "exceptItemId": [110042],
        "path": "ui_bag_WordsBagItem_png"
    },
    "3": {
        "index": 3,
        "name": "碎片",
        "info": "猎人、念兽碎片",
        "itemType": [4],
        "itemId": [30901,30902,30903,30904,30905,30906,30907,30908,30909,30910,30911,30912,30913,30701,31101,31102],
        "exceptItemId": [0],
        "path": "ui_bag_WordsBagDebris_png"
    },
    "4": {
        "index": 4,
        "name": "徽章",
        "info": "武将羁绊卡",
        "itemType": [6],
        "itemId": [0],
        "exceptItemId": [0],
        "path": "ui_bag_WordsBagHonor_png"
    },
    "5": {
        "index": 5,
        "name": "其他",
        "info": "不能直接使用道具",
        "itemType": [0],
        "itemId": [30805,30806,30807,30808,30809,30810,139001,139002,139003,139004,139005,139006,139007,139008,139009],
        "exceptItemId": [0],
        "path": "ui_bag_WordsBagOther_png"
    },
    "6": {
        "index": 6,
        "name": "果实",
        "info": "所有果子",
        "itemType": [0],
        "itemId": [131001,131002,131003,131101,131102,131103,131104,131105,131106,131107,131108,131109,131110],
        "exceptItemId": [0],
        "path": "ui_bag_WordsBagFurit_png"
    }}
