{
    "101": {
        "id": 101,
        "name": "光环·v1",
        "is_battle": 1,
        "add_type": [1],
        "add_crit": [10],
        "halo_front_aniId": 801701,
        "halo_back_aniId": 801700,
        "scene_speed_add": 0,
        "extra": "这是光环。",
        "path": "",
        "des": ""
    },
    "201": {
        "id": 201,
        "name": "光环·v2",
        "is_battle": 1,
        "add_type": [1,2],
        "add_crit": [20,5],
        "halo_front_aniId": 801703,
        "halo_back_aniId": 801702,
        "scene_speed_add": 0,
        "extra": "这是光环。",
        "path": "",
        "des": ""
    },
    "301": {
        "id": 301,
        "name": "光环·v3",
        "is_battle": 1,
        "add_type": [1,2],
        "add_crit": [30,10],
        "halo_front_aniId": 801705,
        "halo_back_aniId": 801704,
        "scene_speed_add": 0.05,
        "extra": "这是光环。",
        "path": "",
        "des": ""
    },
    "401": {
        "id": 401,
        "name": "光环·v4",
        "is_battle": 1,
        "add_type": [1,2],
        "add_crit": [40,15],
        "halo_front_aniId": 801707,
        "halo_back_aniId": 801706,
        "scene_speed_add": 0.1,
        "extra": "这是光环。",
        "path": "",
        "des": ""
    },
    "501": {
        "id": 501,
        "name": "光环·v5",
        "is_battle": 1,
        "add_type": [1,2],
        "add_crit": [50,20],
        "halo_front_aniId": 801709,
        "halo_back_aniId": 801708,
        "scene_speed_add": 0.15,
        "extra": "这是光环。",
        "path": "",
        "des": ""
    }}
