{
    "1": {
        "area_id": 1,
        "area_name": "小鱼村",
        "area_normal": [1],
        "area_elite": [1],
        "area_search": [],
        "area_name_pic_big": "ui_instance_name_WordsInstanceNameNo1_png",
        "area_name_pic": "ui_instance_name_WordsInstanceNameopen1_png",
        "des": "远看外形犹如一条鱼，本意是为渔夫长期居住而设，很少有人定居。岛上洋溢着自然气息，倒是个度假的好地方。",
        "elite_drop_des": "空着",
        "card_type": ""
    },
    "2": {
        "area_id": 2,
        "area_name": "迷雾沼泽",
        "area_normal": [2],
        "area_elite": [2],
        "area_search": [],
        "area_name_pic_big": "ui_instance_name_WordsInstanceNameNo2_png",
        "area_name_pic": "ui_instance_name_WordsInstanceNameopen2_png",
        "des": "各种凶猛的奇珍异兽的聚集地，令所有人类望而生畏，但也有很多喜欢探险的猎人慕名而来。",
        "elite_drop_des": "挑战后获得大量奖励",
        "card_type": "1"
    },
    "3": {
        "area_id": 3,
        "area_name": "枯木山",
        "area_normal": [3,4],
        "area_elite": [3],
        "area_search": [],
        "area_name_pic_big": "ui_instance_name_WordsInstanceNameNo3_png",
        "area_name_pic": "ui_instance_name_WordsInstanceNameopen3_png",
        "des": "高手们的聚集地，经常会有游客到周边参观，但从来没有人真正进去过。",
        "elite_drop_des": "挑战后获得大量奖励",
        "card_type": "3"
    },
    "4": {
        "area_id": 4,
        "area_name": "欢乐之都",
        "area_normal": [5,6],
        "area_elite": [4],
        "area_search": [],
        "area_name_pic_big": "ui_instance_name_WordsInstanceNameNo4_png",
        "area_name_pic": "ui_instance_name_WordsInstanceNameopen4_png",
        "des": "所有珍贵宝物的集中地，每年的9月1-10日会有世界最大的拍卖会，届时很多富豪都会聚集在这里。",
        "elite_drop_des": "挑战后获得大量奖励",
        "card_type": "2"
    },
    "5": {
        "area_id": 5,
        "area_name": "神奇岛",
        "area_normal": [7,8],
        "area_elite": [5],
        "area_search": [],
        "area_name_pic_big": "ui_instance_name_WordsInstanceNameNo5_png",
        "area_name_pic": "ui_instance_name_WordsInstanceNameopen5_png",
        "des": "许多闯关者聚集在这里进行挑战，却始终没人能通关。",
        "elite_drop_des": "挑战后获得大量奖励",
        "card_type": "4"
    },
    "6": {
        "area_id": 6,
        "area_name": "幽暗前篇",
        "area_normal": [],
        "area_elite": [6],
        "area_search": [],
        "area_name_pic_big": "ui_instance_name_WordsInstanceNameNo6_png",
        "area_name_pic": "ui_instance_name_WordsInstanceNameopen6_png",
        "des": "许多闯关者聚集在这里进行挑战，却始终没人能通关。",
        "elite_drop_des": "挑战后获得大量奖励",
        "card_type": "5"
    },
    "7": {
        "area_id": 7,
        "area_name": "幽暗后篇",
        "area_normal": [],
        "area_elite": [7],
        "area_search": [],
        "area_name_pic_big": "ui_instance_name_WordsInstanceNameNo7_png",
        "area_name_pic": "ui_instance_name_WordsInstanceNameopen7_png",
        "des": "许多闯关者聚集在这里进行挑战，却始终没人能通关。",
        "elite_drop_des": "挑战后获得大量奖励",
        "card_type": "6"
    },
    "8": {
        "area_id": 8,
        "area_name": "边境荒漠",
        "area_normal": [],
        "area_elite": [],
        "area_search": [],
        "area_name_pic_big": "ui_instance_name_WordsInstanceNameNo8_png",
        "area_name_pic": "ui_instance_name_WordsInstanceNameopen8_png",
        "des": "许多闯关者聚集在这里进行挑战，却始终没人能通关。",
        "elite_drop_des": "挑战后获得大量奖励",
        "card_type": ""
    },
    "9": {
        "area_id": 9,
        "area_name": "黑暗大陆",
        "area_normal": [],
        "area_elite": [],
        "area_search": [],
        "area_name_pic_big": "ui_instance_name_WordsInstanceNameNo9_png",
        "area_name_pic": "ui_instance_name_WordsInstanceNameopen9_png",
        "des": "许多闯关者聚集在这里进行挑战，却始终没人能通关。",
        "elite_drop_des": "挑战后获得大量奖励",
        "card_type": ""
    }}
