{
    "100301": {
        "index": 100301,
        "sort": 4,
        "name_str": "成长礼包A",
        "is_new": 0,
        "gift_form": 6,
        "duration": 0,
        "unpay_trigger_times": "",
        "unpay_trigger_duration": "",
        "trigger_charge_add": "",
        "limit_level": 0,
        "is_forever": 0,
        "buy_times": 1,
        "goods_id": [20001],
        "goods_count": [1],
        "super": [1],
        "raw_token": 0,
        "pay_type": 3,
        "chargeback_goods": [],
        "primer": 0,
        "price": 0,
        "daily_num": "7",
        "daily_index": "10030101",
        "h5_show_type": 0,
        "name": "成长礼包A",
        "tips": [0,2],
        "pay_index": "",
        "des": "成长礼包A",
        "path": "ui_mall_icon_dengji1_png",
        "push_big_path": "ui_mall_icon_dengji1_png",
        "info": "<color>r=235,g=208,b=118</color><text>宝物系统已开启!特为您送上橙色宝物礼包！</text>",
        "is_op": 1,
        "is_show_city": 0,
        "city_path": "ui_mall_icon_dengji1_png"
    },
    "100302": {
        "index": 100302,
        "sort": 5,
        "name_str": "成长礼包B",
        "is_new": 0,
        "gift_form": 6,
        "duration": 0,
        "unpay_trigger_times": "",
        "unpay_trigger_duration": "",
        "trigger_charge_add": "",
        "limit_level": 30,
        "is_forever": 0,
        "buy_times": 1,
        "goods_id": [20001],
        "goods_count": [1],
        "super": [1],
        "raw_token": 0,
        "pay_type": 2,
        "chargeback_goods": [],
        "primer": 4000,
        "price": 800,
        "daily_num": "7",
        "daily_index": "10030201",
        "h5_show_type": 0,
        "name": "成长礼包B",
        "tips": [0,2],
        "pay_index": "",
        "des": "成长礼包B",
        "path": "ui_mall_icon_dengji2_png",
        "push_big_path": "ui_mall_icon_dengji1_png",
        "info": "<color>r=235,g=208,b=118</color><text>宝物系统已开启!特为您送上红色宝物礼包！</text>",
        "is_op": 1,
        "is_show_city": 0,
        "city_path": "ui_mall_icon_dengji2_png"
    },
    "100303": {
        "index": 100303,
        "sort": 6,
        "name_str": "成长礼包C",
        "is_new": 0,
        "gift_form": 6,
        "duration": 0,
        "unpay_trigger_times": "",
        "unpay_trigger_duration": "",
        "trigger_charge_add": "",
        "limit_level": 60,
        "is_forever": 0,
        "buy_times": 1,
        "goods_id": [20001],
        "goods_count": [1],
        "super": [1],
        "raw_token": 1980,
        "pay_type": 1,
        "chargeback_goods": [[20001,1]],
        "primer": 3960,
        "price": 198,
        "daily_num": "10",
        "daily_index": "10030301",
        "h5_show_type": 1,
        "name": "成长礼包C",
        "tips": [0,2],
        "pay_index": "1000801",
        "des": "最超值的礼包，一生一次，必买!（具体奖励信息请在游戏内查看）。 网页充值专享额外赠送198钻石",
        "path": "ui_mall_icon_dengji3_png",
        "push_big_path": "ui_mall_icon_dengji1_png",
        "info": "<color>r=235,g=208,b=118</color><text>恭喜您达到36级!鉴定符礼包正式上架！</text>",
        "is_op": 1,
        "is_show_city": 0,
        "city_path": "ui_mall_icon_dengji3_png"
    },
    "100304": {
        "index": 100304,
        "sort": 3,
        "name_str": "超值紫卡礼包",
        "is_new": 0,
        "gift_form": 1,
        "duration": 259200,
        "unpay_trigger_times": "",
        "unpay_trigger_duration": "",
        "trigger_charge_add": "",
        "limit_level": 0,
        "is_forever": 0,
        "buy_times": 1,
        "goods_id": [20001],
        "goods_count": [1],
        "super": [1],
        "raw_token": 0,
        "pay_type": 2,
        "chargeback_goods": [],
        "primer": 500,
        "price": 500,
        "daily_num": "",
        "daily_index": "",
        "h5_show_type": 0,
        "name": "超值紫卡礼包",
        "tips": [0,2],
        "pay_index": "",
        "des": "超值紫卡礼包",
        "path": "ui_mall_icon_zika_png",
        "push_big_path": "ui_mall_icon_dengji1_png",
        "info": "<color>r=235,g=208,b=118</color><text>恭喜您达到60级!高级铜钱礼包正式上架！</text>",
        "is_op": 1,
        "is_show_city": 0,
        "city_path": "ui_mall_icon_putongpijiu_png"
    },
    "101002": {
        "index": 101002,
        "sort": 7,
        "name_str": "新手礼包A",
        "is_new": 0,
        "gift_form": 5,
        "duration": 259200,
        "unpay_trigger_times": "",
        "unpay_trigger_duration": "",
        "trigger_charge_add": "",
        "limit_level": 0,
        "is_forever": 0,
        "buy_times": 1,
        "goods_id": [20001],
        "goods_count": [1],
        "super": [1],
        "raw_token": 300,
        "pay_type": 1,
        "chargeback_goods": [],
        "primer": 150,
        "price": 30,
        "daily_num": "7",
        "daily_index": "10100201",
        "h5_show_type": 0,
        "name": "新手礼包A",
        "tips": [1010,3],
        "pay_index": "1000401",
        "des": "购买后立即获得钻石*300、啤酒*5、随机卡包*5、柳橙汁*30，之后还可每天领取50钻石，持续7天。 网页充值专享额外赠送30钻石",
        "path": "ui_mall_icon_xinshou2_png",
        "push_big_path": "ui_mall_icon_big_xinshoubig2_png",
        "info": "<color>r=235,g=208,b=118</color><text>恭喜您成为无双精英!特为您送上三日登录礼包！</text>",
        "is_op": 1,
        "is_show_city": 1010,
        "city_path": "ui_mall_icon_xinshou2_png"
    },
    "101003": {
        "index": 101003,
        "sort": 8,
        "name_str": "新手礼包B",
        "is_new": 0,
        "gift_form": 5,
        "duration": 259200,
        "unpay_trigger_times": "",
        "unpay_trigger_duration": "",
        "trigger_charge_add": "",
        "limit_level": 0,
        "is_forever": 0,
        "buy_times": 1,
        "goods_id": [20001],
        "goods_count": [1],
        "super": [1],
        "raw_token": 1980,
        "pay_type": 1,
        "chargeback_goods": [[20001,1]],
        "primer": 990,
        "price": 198,
        "daily_num": "7",
        "daily_index": "10100301",
        "h5_show_type": 2,
        "name": "新手礼包B",
        "tips": [1010,2],
        "pay_index": "1000801",
        "des": "购买后立即获得钻石*1980、红酒*2、啤酒*6、可乐爽*10，之后还可每天领取100钻石，持续7天。 网页充值专享额外赠送198钻石",
        "path": "ui_mall_icon_xinshou3_png",
        "push_big_path": "ui_mall_icon_big_xinshoubig3_png",
        "info": "<color>r=235,g=208,b=118</color><text>恭喜您达到36级!铜钱礼包正式上架！</text>",
        "is_op": 1,
        "is_show_city": 1010,
        "city_path": "ui_mall_icon_xinshou3_png"
    },
    "102502": {
        "index": 102502,
        "sort": 9,
        "name_str": "中级礼包A",
        "is_new": 0,
        "gift_form": 5,
        "duration": 432000,
        "unpay_trigger_times": "",
        "unpay_trigger_duration": "",
        "trigger_charge_add": "",
        "limit_level": 0,
        "is_forever": 0,
        "buy_times": 1,
        "goods_id": [20001],
        "goods_count": [1],
        "super": [1],
        "raw_token": 1280,
        "pay_type": 1,
        "chargeback_goods": [],
        "primer": 640,
        "price": 128,
        "daily_num": "10",
        "daily_index": "10250201",
        "h5_show_type": 0,
        "name": "中级礼包A",
        "tips": [1025,2],
        "pay_index": "1000701",
        "des": "购买后立即获得钻石*1280、啤酒*10、替身人偶*2、高级卡包*1，之后还可每天领取50钻石，持续10天。 网页充值专享额外赠送128钻石",
        "path": "ui_mall_icon_chuji2_png",
        "push_big_path": "ui_mall_icon_big_chujibig2_png",
        "info": "<color>r=235,g=208,b=118</color><text>玉石大盗已开启!特为您送上通缉令礼包！</text>",
        "is_op": 1,
        "is_show_city": 1025,
        "city_path": "ui_mall_icon_chuji2_png"
    },
    "102503": {
        "index": 102503,
        "sort": 10,
        "name_str": "中级礼包B",
        "is_new": 0,
        "gift_form": 5,
        "duration": 432000,
        "unpay_trigger_times": "",
        "unpay_trigger_duration": "",
        "trigger_charge_add": "",
        "limit_level": 0,
        "is_forever": 0,
        "buy_times": 1,
        "goods_id": [20001],
        "goods_count": [1],
        "super": [1],
        "raw_token": 3280,
        "pay_type": 1,
        "chargeback_goods": [[20001,1]],
        "primer": 1640,
        "price": 328,
        "daily_num": "10",
        "daily_index": "10250301",
        "h5_show_type": 2,
        "name": "中级礼包B",
        "tips": [1025,3],
        "pay_index": "1000901",
        "des": "购买后立即获得钻石*3280、香槟*1、啤酒*10、高级卡包*3，之后还可每天领取100钻石，持续10天。 网页充值专享额外赠送328钻石",
        "path": "ui_mall_icon_chuji3_png",
        "push_big_path": "ui_mall_icon_big_chujibig3_png",
        "info": "<color>r=235,g=208,b=118</color><text>恭喜您成为无双达人!特为您送上三日登录礼包！</text>",
        "is_op": 1,
        "is_show_city": 1025,
        "city_path": "ui_mall_icon_chuji3_png"
    },
    "103502": {
        "index": 103502,
        "sort": 11,
        "name_str": "高级礼包A",
        "is_new": 0,
        "gift_form": 5,
        "duration": 604800,
        "unpay_trigger_times": "",
        "unpay_trigger_duration": "",
        "trigger_charge_add": "",
        "limit_level": 0,
        "is_forever": 0,
        "buy_times": 1,
        "goods_id": [20001],
        "goods_count": [1],
        "super": [1],
        "raw_token": 1980,
        "pay_type": 1,
        "chargeback_goods": [[20001,2]],
        "primer": 990,
        "price": 198,
        "daily_num": "10",
        "daily_index": "10350201",
        "h5_show_type": 0,
        "name": "高级礼包A",
        "tips": [1035,2],
        "pay_index": "1000801",
        "des": "购买后立即获得钻石*1980、红酒*2、高级替身人偶*1、高级卡包*2，之后还可每天领取50钻石，持续10天。 网页充值专享额外赠送198钻石",
        "path": "ui_mall_icon_zhongji2_png",
        "push_big_path": "ui_mall_icon_big_zhongjibig2_png",
        "info": "<color>r=235,g=208,b=118</color><text>恭喜您达到60级!武将重生礼包正式上架！</text>",
        "is_op": 1,
        "is_show_city": 1035,
        "city_path": "ui_mall_icon_zhongji2_png"
    },
    "103503": {
        "index": 103503,
        "sort": 12,
        "name_str": "高级礼包B",
        "is_new": 0,
        "gift_form": 5,
        "duration": 604800,
        "unpay_trigger_times": "",
        "unpay_trigger_duration": "",
        "trigger_charge_add": "",
        "limit_level": 0,
        "is_forever": 0,
        "buy_times": 1,
        "goods_id": [20001],
        "goods_count": [1],
        "super": [1],
        "raw_token": 6480,
        "pay_type": 1,
        "chargeback_goods": [[20001,3]],
        "primer": 3240,
        "price": 648,
        "daily_num": "10",
        "daily_index": "10350301",
        "h5_show_type": 2,
        "name": "高级礼包B",
        "tips": [1035,2],
        "pay_index": "1001001",
        "des": "购买后立即获得钻石*6480、香槟*1、高级替身人偶*2、高级卡包*5，之后还可每天领取100钻石，持续10天。 网页充值专享额外赠送648钻石",
        "path": "ui_mall_icon_zhongji3_png",
        "push_big_path": "ui_mall_icon_big_zhongjibig3_png",
        "info": "<color>r=235,g=208,b=118</color><text>恭喜您达到60级!高级铜钱礼包正式上架！</text>",
        "is_op": 1,
        "is_show_city": 1035,
        "city_path": "ui_mall_icon_zhongji3_png"
    },
    "104502": {
        "index": 104502,
        "sort": 13,
        "name_str": "超级礼包A",
        "is_new": 0,
        "gift_form": 5,
        "duration": 604800,
        "unpay_trigger_times": "",
        "unpay_trigger_duration": "",
        "trigger_charge_add": "",
        "limit_level": 0,
        "is_forever": 0,
        "buy_times": 1,
        "goods_id": [20001],
        "goods_count": [1],
        "super": [1],
        "raw_token": 3280,
        "pay_type": 1,
        "chargeback_goods": [[20001,4]],
        "primer": 1640,
        "price": 328,
        "daily_num": "10",
        "daily_index": "10450201",
        "h5_show_type": 0,
        "name": "超级礼包A",
        "tips": [1045,2],
        "pay_index": "1000901",
        "des": "购买后立即获得钻石*3280、红酒*2，高级替身人偶*1、超级卡包*1，之后还可每天领取50钻石，持续10天。 网页充值专享额外赠送328钻石",
        "path": "ui_mall_icon_chaoji1_png",
        "push_big_path": "ui_mall_icon_big_chaojibig1_png",
        "info": "<color>r=235,g=208,b=118</color><text>恭喜您达到60级!武将重生礼包正式上架！</text>",
        "is_op": 1,
        "is_show_city": 1045,
        "city_path": "ui_mall_icon_chaoji1_png"
    },
    "104503": {
        "index": 104503,
        "sort": 14,
        "name_str": "超级礼包B",
        "is_new": 0,
        "gift_form": 5,
        "duration": 604800,
        "unpay_trigger_times": "",
        "unpay_trigger_duration": "",
        "trigger_charge_add": "",
        "limit_level": 0,
        "is_forever": 0,
        "buy_times": 1,
        "goods_id": [20001],
        "goods_count": [1],
        "super": [1],
        "raw_token": 6480,
        "pay_type": 1,
        "chargeback_goods": [[20001,5]],
        "primer": 3240,
        "price": 648,
        "daily_num": "10",
        "daily_index": "10450301",
        "h5_show_type": 2,
        "name": "超级礼包B",
        "tips": [1045,2],
        "pay_index": "1001001",
        "des": "购买后立即获得钻石*6480、红酒*4、高级替身人偶*2、超级卡包*2，之后还可每天领取100钻石，持续10天。 网页充值专享额外赠送648钻石",
        "path": "ui_mall_icon_chaoji2_png",
        "push_big_path": "ui_mall_icon_big_chaojibig2_png",
        "info": "<color>r=235,g=208,b=118</color><text>恭喜您达到60级!高级铜钱礼包正式上架！</text>",
        "is_op": 1,
        "is_show_city": 1045,
        "city_path": "ui_mall_icon_chaoji2_png"
    },
    "105503": {
        "index": 105503,
        "sort": 15,
        "name_str": "特级礼包A",
        "is_new": 0,
        "gift_form": 5,
        "duration": 604800,
        "unpay_trigger_times": "",
        "unpay_trigger_duration": "",
        "trigger_charge_add": "",
        "limit_level": 0,
        "is_forever": 0,
        "buy_times": 1,
        "goods_id": [20001],
        "goods_count": [1],
        "super": [1],
        "raw_token": 3280,
        "pay_type": 1,
        "chargeback_goods": [[20001,6]],
        "primer": 1640,
        "price": 328,
        "daily_num": "10",
        "daily_index": "10550301",
        "h5_show_type": 1,
        "name": "特级礼包A",
        "tips": [1055,2],
        "pay_index": "1000901",
        "des": "购买后立即获得钻石*3280、突破芯片*120、啤酒*8、念力果*160，之后还可每天领取50钻石，持续10天。 网页充值专享额外赠送328钻石",
        "path": "ui_mall_icon_teji1_png",
        "push_big_path": "ui_mall_icon_big_tejibig1_png",
        "info": "<color>r=235,g=208,b=118</color><text>恭喜您达到60级!武将重生礼包正式上架！</text>",
        "is_op": 1,
        "is_show_city": 1055,
        "city_path": "ui_mall_icon_teji1_png"
    },
    "105504": {
        "index": 105504,
        "sort": 16,
        "name_str": "特级礼包B",
        "is_new": 0,
        "gift_form": 5,
        "duration": 604800,
        "unpay_trigger_times": "",
        "unpay_trigger_duration": "",
        "trigger_charge_add": "",
        "limit_level": 0,
        "is_forever": 0,
        "buy_times": 1,
        "goods_id": [20001],
        "goods_count": [1],
        "super": [1],
        "raw_token": 6480,
        "pay_type": 1,
        "chargeback_goods": [[20001,7]],
        "primer": 3240,
        "price": 648,
        "daily_num": "10",
        "daily_index": "10550401",
        "h5_show_type": 1,
        "name": "特级礼包B",
        "tips": [1055,2],
        "pay_index": "1001001",
        "des": "购买后立即获得钻石*6480、突破芯片*240、红酒*3、念力果*360，之后还可每天领取100钻石，持续10天。 网页充值专享额外赠送648钻石",
        "path": "ui_mall_icon_teji2_png",
        "push_big_path": "ui_mall_icon_big_tejibig2_png",
        "info": "<color>r=235,g=208,b=118</color><text>恭喜您达到60级!高级铜钱礼包正式上架！</text>",
        "is_op": 1,
        "is_show_city": 1055,
        "city_path": "ui_mall_icon_teji2_png"
    },
    "100201": {
        "index": 100201,
        "sort": 1,
        "name_str": "啤酒礼包",
        "is_new": 0,
        "gift_form": 2,
        "duration": 0,
        "unpay_trigger_times": "",
        "unpay_trigger_duration": "",
        "trigger_charge_add": "",
        "limit_level": 0,
        "is_forever": 0,
        "buy_times": 999,
        "goods_id": [20001],
        "goods_count": [1],
        "super": [0],
        "raw_token": 0,
        "pay_type": 2,
        "chargeback_goods": [],
        "primer": 2000,
        "price": 2000,
        "daily_num": "",
        "daily_index": "",
        "h5_show_type": 0,
        "name": "啤酒礼包",
        "tips": [0,2],
        "pay_index": "",
        "des": "啤酒礼包",
        "path": "ui_mall_icon_putongpijiu_png",
        "push_big_path": "ui_mall_icon_dengji1_png",
        "info": "<color>r=235,g=208,b=118</color><text>恭喜您达到60级!高级铜钱礼包正式上架！</text>",
        "is_op": 0,
        "is_show_city": 0,
        "city_path": "ui_mall_icon_putongpijiu_png"
    },
    "100202": {
        "index": 100202,
        "sort": 2,
        "name_str": "超值啤酒礼包",
        "is_new": 1,
        "gift_form": 1,
        "duration": 172800,
        "unpay_trigger_times": "",
        "unpay_trigger_duration": "",
        "trigger_charge_add": "",
        "limit_level": 0,
        "is_forever": 0,
        "buy_times": 2,
        "goods_id": [20001],
        "goods_count": [1],
        "super": [0],
        "raw_token": 0,
        "pay_type": 2,
        "chargeback_goods": [],
        "primer": 2000,
        "price": 1600,
        "daily_num": "",
        "daily_index": "",
        "h5_show_type": 0,
        "name": "超值啤酒礼包",
        "tips": [0,2],
        "pay_index": "",
        "des": "超值啤酒礼包",
        "path": "ui_mall_icon_putongpijiu_png",
        "push_big_path": "ui_mall_icon_dengji1_png",
        "info": "<color>r=235,g=208,b=118</color><text>恭喜您达到60级!高级铜钱礼包正式上架！</text>",
        "is_op": 1,
        "is_show_city": 0,
        "city_path": "ui_mall_icon_putongpijiu_png"
    },
    "100203": {
        "index": 100203,
        "sort": 2,
        "name_str": "初级月卡",
        "is_new": 0,
        "gift_form": 5,
        "duration": 0,
        "unpay_trigger_times": "",
        "unpay_trigger_duration": "",
        "trigger_charge_add": "",
        "limit_level": 0,
        "is_forever": 1,
        "buy_times": 1,
        "goods_id": [20001],
        "goods_count": [1],
        "super": [1],
        "raw_token": 300,
        "pay_type": 1,
        "chargeback_goods": [],
        "primer": 150,
        "price": 30,
        "daily_num": "30",
        "daily_index": "10020401",
        "h5_show_type": 1,
        "name": "初级月卡",
        "tips": [0,2],
        "pay_index": "1000401",
        "des": "购买后立即获得钻石*300、体力*100、金币*5w、柳橙汁*20，之后还可每天领取100钻石，持续30天。 网页充值专享额外赠送30钻石",
        "path": "ui_mall_icon_yueka1_png",
        "push_big_path": "ui_mall_icon_big_yuekabig1_png",
        "info": "<color>r=235,g=208,b=118</color><text>恭喜您达到60级!高级铜钱礼包正式上架！</text>",
        "is_op": 0,
        "is_show_city": 0,
        "city_path": "ui_mall_icon_yueka1_png"
    },
    "100204": {
        "index": 100204,
        "sort": 3,
        "name_str": "高级月卡",
        "is_new": 0,
        "gift_form": 5,
        "duration": 0,
        "unpay_trigger_times": "",
        "unpay_trigger_duration": "",
        "trigger_charge_add": "",
        "limit_level": 0,
        "is_forever": 1,
        "buy_times": 1,
        "goods_id": [20001],
        "goods_count": [1],
        "super": [1],
        "raw_token": 1280,
        "pay_type": 1,
        "chargeback_goods": [],
        "primer": 640,
        "price": 128,
        "daily_num": "30",
        "daily_index": "10020501",
        "h5_show_type": 1,
        "name": "高级月卡",
        "tips": [0,2],
        "pay_index": "1000701",
        "des": "购买后立即获得钻石*1280、体力*200、金币*10w、柳橙汁*50，之后还可每天领取300钻石，持续30天。 网页充值专享额外赠送128钻石",
        "path": "ui_mall_icon_yueka_png",
        "push_big_path": "ui_mall_icon_big_yuekabig_png",
        "info": "<color>r=235,g=208,b=118</color><text>恭喜您达到60级!高级铜钱礼包正式上架！</text>",
        "is_op": 0,
        "is_show_city": 0,
        "city_path": "ui_mall_icon_yueka_png"
    },
    "100205": {
        "index": 100205,
        "sort": 4,
        "name_str": "招募礼包A",
        "is_new": 0,
        "gift_form": 4,
        "duration": 0,
        "unpay_trigger_times": "",
        "unpay_trigger_duration": "",
        "trigger_charge_add": "",
        "limit_level": 0,
        "is_forever": 0,
        "buy_times": 10,
        "goods_id": [20001],
        "goods_count": [1],
        "super": [0],
        "raw_token": 680,
        "pay_type": 1,
        "chargeback_goods": [],
        "primer": 340,
        "price": 68,
        "daily_num": "",
        "daily_index": "",
        "h5_show_type": 0,
        "name": "招募礼包A",
        "tips": [0,2],
        "pay_index": "1000501",
        "des": "购买后可获得钻石*680、啤酒*4、可乐爽*3、金币*6万。 网页充值专享额外赠送68钻石",
        "path": "ui_mall_icon_zhaohuanzhou_png",
        "push_big_path": "ui_mall_icon_dengji1_png",
        "info": "<color>r=235,g=208,b=118</color><text>恭喜您达到60级!高级铜钱礼包正式上架！</text>",
        "is_op": 0,
        "is_show_city": 0,
        "city_path": "ui_mall_icon_zhaohuanzhou_png"
    },
    "100206": {
        "index": 100206,
        "sort": 5,
        "name_str": "招募礼包B",
        "is_new": 0,
        "gift_form": 4,
        "duration": 0,
        "unpay_trigger_times": "",
        "unpay_trigger_duration": "",
        "trigger_charge_add": "",
        "limit_level": 0,
        "is_forever": 0,
        "buy_times": 10,
        "goods_id": [20001],
        "goods_count": [1],
        "super": [0],
        "raw_token": 1980,
        "pay_type": 1,
        "chargeback_goods": [[20001,7]],
        "primer": 990,
        "price": 198,
        "daily_num": "",
        "daily_index": "",
        "h5_show_type": 0,
        "name": "招募礼包B",
        "tips": [0,2],
        "pay_index": "1000801",
        "des": "购买后可获得钻石*1980、啤酒*11、可乐爽*10、金币*10w。 网页充值专享额外赠送198钻石",
        "path": "ui_mall_icon_zhaohuanzhou_png",
        "push_big_path": "ui_mall_icon_dengji1_png",
        "info": "<color>r=235,g=208,b=118</color><text>恭喜您达到60级!高级铜钱礼包正式上架！</text>",
        "is_op": 0,
        "is_show_city": 0,
        "city_path": "ui_mall_icon_zhaohuanzhou_png"
    },
    "100207": {
        "index": 100207,
        "sort": 6,
        "name_str": "招募礼包C",
        "is_new": 0,
        "gift_form": 4,
        "duration": 0,
        "unpay_trigger_times": "",
        "unpay_trigger_duration": "",
        "trigger_charge_add": "",
        "limit_level": 0,
        "is_forever": 0,
        "buy_times": 6,
        "goods_id": [20001],
        "goods_count": [1],
        "super": [0],
        "raw_token": 6480,
        "pay_type": 1,
        "chargeback_goods": [[20001,7]],
        "primer": 3240,
        "price": 648,
        "daily_num": "",
        "daily_index": "",
        "h5_show_type": 2,
        "name": "招募礼包C",
        "tips": [0,2],
        "pay_index": "1001001",
        "des": "购买后可获得钻石*6480、红酒*2、啤酒*20、金币*20w。 网页充值专享额外赠送648钻石",
        "path": "ui_mall_icon_zongheri_png",
        "push_big_path": "ui_mall_icon_dengji1_png",
        "info": "<color>r=235,g=208,b=118</color><text>恭喜您达到60级!高级铜钱礼包正式上架！</text>",
        "is_op": 0,
        "is_show_city": 0,
        "city_path": "ui_mall_icon_zongheri_png"
    },
    "101501": {
        "index": 101501,
        "sort": 10,
        "name_str": "觉醒礼包A",
        "is_new": 0,
        "gift_form": 4,
        "duration": 0,
        "unpay_trigger_times": "",
        "unpay_trigger_duration": "",
        "trigger_charge_add": "",
        "limit_level": 0,
        "is_forever": 0,
        "buy_times": 10,
        "goods_id": [20001],
        "goods_count": [1],
        "super": [0],
        "raw_token": 680,
        "pay_type": 1,
        "chargeback_goods": [],
        "primer": 340,
        "price": 68,
        "daily_num": "",
        "daily_index": "",
        "h5_show_type": 0,
        "name": "觉醒礼包A",
        "tips": [0,2],
        "pay_index": "1000501",
        "des": "购买后可获得钻石*680、替身玩偶*1、中级觉醒石*10、初级觉醒石*10。 网页充值专享额外赠送68钻石",
        "path": "ui_mall_icon_juexing1_png",
        "push_big_path": "ui_mall_icon_dengji1_png",
        "info": "<color>r=235,g=208,b=118</color><text>恭喜您达到60级!高级铜钱礼包正式上架！</text>",
        "is_op": 0,
        "is_show_city": 0,
        "city_path": "ui_mall_icon_juexing1_png"
    },
    "101502": {
        "index": 101502,
        "sort": 11,
        "name_str": "觉醒礼包B",
        "is_new": 0,
        "gift_form": 4,
        "duration": 0,
        "unpay_trigger_times": "",
        "unpay_trigger_duration": "",
        "trigger_charge_add": "",
        "limit_level": 0,
        "is_forever": 0,
        "buy_times": 5,
        "goods_id": [20001],
        "goods_count": [1],
        "super": [0],
        "raw_token": 1980,
        "pay_type": 1,
        "chargeback_goods": [[20001,7]],
        "primer": 990,
        "price": 198,
        "daily_num": "",
        "daily_index": "",
        "h5_show_type": 2,
        "name": "觉醒礼包B",
        "tips": [0,2],
        "pay_index": "1000801",
        "des": "购买后可获得钻石*1980、高级替身玩偶*1、高级觉醒石*10、中级觉醒石*10。 网页充值专享额外赠送198钻石",
        "path": "ui_mall_icon_juexing2_png",
        "push_big_path": "ui_mall_icon_dengji1_png",
        "info": "<color>r=235,g=208,b=118</color><text>恭喜您达到61级!高级铜钱礼包正式上架！</text>",
        "is_op": 0,
        "is_show_city": 0,
        "city_path": "ui_mall_icon_juexing2_png"
    },
    "101503": {
        "index": 101503,
        "sort": 14,
        "name_str": "经验礼包",
        "is_new": 0,
        "gift_form": 4,
        "duration": 0,
        "unpay_trigger_times": "",
        "unpay_trigger_duration": "",
        "trigger_charge_add": "",
        "limit_level": 0,
        "is_forever": 0,
        "buy_times": 20,
        "goods_id": [20001],
        "goods_count": [1],
        "super": [0],
        "raw_token": 300,
        "pay_type": 1,
        "chargeback_goods": [],
        "primer": 150,
        "price": 30,
        "daily_num": "",
        "daily_index": "",
        "h5_show_type": 0,
        "name": "经验礼包",
        "tips": [0,2],
        "pay_index": "1000401",
        "des": "购买后可获得钻石*300、可乐爽*10、柳橙汁*20、蜜瓜露*50。 网页充值专享额外赠送30钻石",
        "path": "ui_mall_icon_jingyan_png",
        "push_big_path": "ui_mall_icon_dengji1_png",
        "info": "<color>r=235,g=208,b=118</color><text>恭喜您达到62级!高级铜钱礼包正式上架！</text>",
        "is_op": 0,
        "is_show_city": 0,
        "city_path": "ui_mall_icon_jingyan_png"
    },
    "101504": {
        "index": 101504,
        "sort": 15,
        "name_str": "金币礼包",
        "is_new": 0,
        "gift_form": 4,
        "duration": 0,
        "unpay_trigger_times": "",
        "unpay_trigger_duration": "",
        "trigger_charge_add": "",
        "limit_level": 0,
        "is_forever": 0,
        "buy_times": 16,
        "goods_id": [20001],
        "goods_count": [1],
        "super": [0],
        "raw_token": 680,
        "pay_type": 1,
        "chargeback_goods": [],
        "primer": 340,
        "price": 68,
        "daily_num": "",
        "daily_index": "",
        "h5_show_type": 2,
        "name": "金币礼包",
        "tips": [0,2],
        "pay_index": "1000501",
        "des": "购买后可获得钻石*680、金币*100w、柳橙汁*10。 网页充值专享额外赠送68钻石",
        "path": "ui_mall_icon_jinbizhou_png",
        "push_big_path": "ui_mall_icon_dengji1_png",
        "info": "<color>r=235,g=208,b=118</color><text>恭喜您达到63级!高级铜钱礼包正式上架！</text>",
        "is_op": 0,
        "is_show_city": 0,
        "city_path": "ui_mall_icon_jinbizhou_png"
    },
    "101505": {
        "index": 101505,
        "sort": 18,
        "name_str": "形象变换礼包",
        "is_new": 0,
        "gift_form": 4,
        "duration": 0,
        "unpay_trigger_times": "",
        "unpay_trigger_duration": "",
        "trigger_charge_add": "",
        "limit_level": 0,
        "is_forever": 0,
        "buy_times": 1,
        "goods_id": [20001],
        "goods_count": [1],
        "super": [0],
        "raw_token": 1980,
        "pay_type": 1,
        "chargeback_goods": [[20001,7]],
        "primer": 990,
        "price": 198,
        "daily_num": "",
        "daily_index": "",
        "h5_show_type": 2,
        "name": "形象变换礼包",
        "tips": [0,2],
        "pay_index": "1000801",
        "des": "购买后可获得钻石*1980、形象变换券*100、龙虾大餐*1、金币*10万。 网页充值专享额外赠送198钻石",
        "path": "ui_mall_icon_shizhuang_png",
        "push_big_path": "ui_mall_icon_dengji1_png",
        "info": "<color>r=235,g=208,b=118</color><text>恭喜您达到64级!高级铜钱礼包正式上架！</text>",
        "is_op": 0,
        "is_show_city": 0,
        "city_path": "ui_mall_icon_shizhuang_png"
    },
    "101506": {
        "index": 101506,
        "sort": 7,
        "name_str": "加油包A",
        "is_new": 1,
        "gift_form": 2,
        "duration": 0,
        "unpay_trigger_times": "",
        "unpay_trigger_duration": "",
        "trigger_charge_add": "",
        "limit_level": 0,
        "is_forever": 0,
        "buy_times": 1,
        "goods_id": [20001],
        "goods_count": [1],
        "super": [0],
        "raw_token": 60,
        "pay_type": 1,
        "chargeback_goods": [],
        "primer": 30,
        "price": 6,
        "daily_num": "",
        "daily_index": "",
        "h5_show_type": 1,
        "name": "加油包A",
        "tips": [0,2],
        "pay_index": "1000301",
        "des": "购买后可获得钻石*60、三明治*1、可乐爽*2、金币*6万。 网页充值专享额外赠送6钻石",
        "path": "ui_mall_icon_jiayou1_png",
        "push_big_path": "ui_mall_icon_dengji1_png",
        "info": "<color>r=235,g=208,b=118</color><text>恭喜您达到64级!高级铜钱礼包正式上架！</text>",
        "is_op": 0,
        "is_show_city": 0,
        "city_path": "ui_mall_icon_jiayou_png"
    },
    "101508": {
        "index": 101508,
        "sort": 8,
        "name_str": "加油包B",
        "is_new": 1,
        "gift_form": 2,
        "duration": 0,
        "unpay_trigger_times": "",
        "unpay_trigger_duration": "",
        "trigger_charge_add": "",
        "limit_level": 0,
        "is_forever": 0,
        "buy_times": 1,
        "goods_id": [20001],
        "goods_count": [1],
        "super": [0],
        "raw_token": 300,
        "pay_type": 1,
        "chargeback_goods": [],
        "primer": 150,
        "price": 30,
        "daily_num": "",
        "daily_index": "",
        "h5_show_type": 1,
        "name": "加油包B",
        "tips": [0,2],
        "pay_index": "1000401",
        "des": "购买后可获得钻石*300、烤肉*1、啤酒*2、金币*10万。 网页充值专享额外赠送30钻石",
        "path": "ui_mall_icon_jiayou2_png",
        "push_big_path": "ui_mall_icon_dengji1_png",
        "info": "<color>r=235,g=208,b=118</color><text>恭喜您达到64级!高级铜钱礼包正式上架！</text>",
        "is_op": 0,
        "is_show_city": 0,
        "city_path": "ui_mall_icon_jiayou_png"
    },
    "104505": {
        "index": 104505,
        "sort": 12,
        "name_str": "念力礼包A",
        "is_new": 0,
        "gift_form": 4,
        "duration": 0,
        "unpay_trigger_times": "",
        "unpay_trigger_duration": "",
        "trigger_charge_add": "",
        "limit_level": 0,
        "is_forever": 0,
        "buy_times": 20,
        "goods_id": [20001],
        "goods_count": [1],
        "super": [0],
        "raw_token": 0,
        "pay_type": 2,
        "chargeback_goods": [],
        "primer": 9900,
        "price": 1980,
        "daily_num": "",
        "daily_index": "",
        "h5_show_type": 0,
        "name": "念力礼包A",
        "tips": [0,2],
        "pay_index": "",
        "des": "念力礼包A",
        "path": "ui_mall_icon_nianlizhou_png",
        "push_big_path": "ui_mall_icon_dengji1_png",
        "info": "<color>r=235,g=208,b=118</color><text>恭喜您达到65级!高级铜钱礼包正式上架！</text>",
        "is_op": 0,
        "is_show_city": 0,
        "city_path": "ui_mall_icon_nianlizhou_png"
    },
    "104506": {
        "index": 104506,
        "sort": 13,
        "name_str": "念力礼包B",
        "is_new": 0,
        "gift_form": 4,
        "duration": 0,
        "unpay_trigger_times": "",
        "unpay_trigger_duration": "",
        "trigger_charge_add": "",
        "limit_level": 0,
        "is_forever": 0,
        "buy_times": 20,
        "goods_id": [20001],
        "goods_count": [1],
        "super": [0],
        "raw_token": 1980,
        "pay_type": 1,
        "chargeback_goods": [[20001,7]],
        "primer": 990,
        "price": 198,
        "daily_num": "",
        "daily_index": "",
        "h5_show_type": 0,
        "name": "念力礼包B",
        "tips": [0,2],
        "pay_index": "1000801",
        "des": "购买后可获得钻石*1980、念力果*360、可乐爽*10、金币*10w。 网页充值专享额外赠送198钻石",
        "path": "ui_mall_icon_nianliguo_png",
        "push_big_path": "ui_mall_icon_dengji1_png",
        "info": "<color>r=235,g=208,b=118</color><text>恭喜您达到66级!高级铜钱礼包正式上架！</text>",
        "is_op": 0,
        "is_show_city": 0,
        "city_path": "ui_mall_icon_nianliguo_png"
    },
    "105501": {
        "index": 105501,
        "sort": 16,
        "name_str": "突破礼包A",
        "is_new": 0,
        "gift_form": 4,
        "duration": 0,
        "unpay_trigger_times": "",
        "unpay_trigger_duration": "",
        "trigger_charge_add": "",
        "limit_level": 0,
        "is_forever": 0,
        "buy_times": 3,
        "goods_id": [20001],
        "goods_count": [1],
        "super": [0],
        "raw_token": 1980,
        "pay_type": 1,
        "chargeback_goods": [[20001,8]],
        "primer": 990,
        "price": 198,
        "daily_num": "",
        "daily_index": "",
        "h5_show_type": 2,
        "name": "突破礼包A",
        "tips": [0,2],
        "pay_index": "1000801",
        "des": "购买后可获得钻石*1980、突破芯片*60、啤酒*2、金币*10万。网页充值专享额外赠送198钻石",
        "path": "ui_mall_icon_xinpian1_png",
        "push_big_path": "ui_mall_icon_dengji1_png",
        "info": "<color>r=235,g=208,b=118</color><text>恭喜您达到65级!高级铜钱礼包正式上架！</text>",
        "is_op": 0,
        "is_show_city": 0,
        "city_path": "ui_mall_icon_xinpian1_png"
    },
    "105502": {
        "index": 105502,
        "sort": 17,
        "name_str": "突破礼包B",
        "is_new": 0,
        "gift_form": 4,
        "duration": 0,
        "unpay_trigger_times": "",
        "unpay_trigger_duration": "",
        "trigger_charge_add": "",
        "limit_level": 0,
        "is_forever": 0,
        "buy_times": 1,
        "goods_id": [20001],
        "goods_count": [1],
        "super": [0],
        "raw_token": 6480,
        "pay_type": 1,
        "chargeback_goods": [[20001,9]],
        "primer": 3240,
        "price": 648,
        "daily_num": "",
        "daily_index": "",
        "h5_show_type": 2,
        "name": "突破礼包B",
        "tips": [0,2],
        "pay_index": "1001001",
        "des": "购买后可获得钻石*6480、突破芯片*200、啤酒*5、金币*20万。网页充值专享额外赠送648钻石",
        "path": "ui_mall_icon_xinpian2_png",
        "push_big_path": "ui_mall_icon_dengji1_png",
        "info": "<color>r=235,g=208,b=118</color><text>恭喜您达到66级!高级铜钱礼包正式上架！</text>",
        "is_op": 0,
        "is_show_city": 0,
        "city_path": "ui_mall_icon_xinpian2_png"
    },
    "100213": {
        "index": 100213,
        "sort": 1,
        "name_str": "S级猎人自选礼包",
        "is_new": 0,
        "gift_form": 1,
        "duration": 2592000,
        "unpay_trigger_times": "",
        "unpay_trigger_duration": "",
        "trigger_charge_add": "",
        "limit_level": 0,
        "is_forever": 1,
        "buy_times": 1,
        "goods_id": [20001],
        "goods_count": [1],
        "super": [1],
        "raw_token": 1280,
        "pay_type": 1,
        "chargeback_goods": [[20001,10]],
        "primer": 990,
        "price": 198,
        "daily_num": "",
        "daily_index": "",
        "h5_show_type": 1,
        "name": "S级猎人自选礼包",
        "tips": [0,2],
        "pay_index": "1000801",
        "des": "购买后可获得1280钻石，以及S级猎人3选1礼包1个（尼飞彼多、孟徒徒尤匹、甘舒）。 网页充值专享额外赠送198钻石",
        "path": "ui_mall_icon_sanxuanyi_png",
        "push_big_path": "ui_mall_icon_dengji1_png",
        "info": "<color>r=235,g=208,b=118</color><text>恭喜您达到67级!高级铜钱礼包正式上架！</text>",
        "is_op": 1,
        "is_show_city": 100213,
        "city_path": "ui_mall_icon_button_juebanbutton_png"
    },
    "400601": {
        "index": 400601,
        "sort": 20,
        "name_str": "六星福利",
        "is_new": 0,
        "gift_form": 3,
        "duration": 604800,
        "unpay_trigger_times": "",
        "unpay_trigger_duration": "",
        "trigger_charge_add": "",
        "limit_level": 0,
        "is_forever": 0,
        "buy_times": 1,
        "goods_id": [20001],
        "goods_count": [1],
        "super": [0],
        "raw_token": 0,
        "pay_type": 3,
        "chargeback_goods": [],
        "primer": 0,
        "price": 0,
        "daily_num": "5",
        "daily_index": "40060101",
        "h5_show_type": 0,
        "name": "六星福利",
        "tips": [4,3],
        "pay_index": "",
        "des": "六星福利",
        "path": "ui_mall_icon_shengxing_png",
        "push_big_path": "ui_mall_icon_dengji1_png",
        "info": "<color>r=235,g=208,b=118</color><text>恭喜您达到68级!高级铜钱礼包正式上架！</text>",
        "is_op": 0,
        "is_show_city": 0,
        "city_path": "ui_mall_icon_shengxing_png"
    },
    "200501": {
        "index": 200501,
        "sort": 21,
        "name_str": "回归礼包",
        "is_new": 0,
        "gift_form": 3,
        "duration": 604800,
        "unpay_trigger_times": "",
        "unpay_trigger_duration": "",
        "trigger_charge_add": "",
        "limit_level": 0,
        "is_forever": 0,
        "buy_times": 1,
        "goods_id": [20001],
        "goods_count": [1],
        "super": [0],
        "raw_token": 0,
        "pay_type": 3,
        "chargeback_goods": [],
        "primer": 0,
        "price": 0,
        "daily_num": "5",
        "daily_index": "20050101",
        "h5_show_type": 0,
        "name": "回归礼包",
        "tips": [0,4],
        "pay_index": "",
        "des": "回归礼包",
        "path": "ui_mall_icon_huigui_png",
        "push_big_path": "ui_mall_icon_dengji1_png",
        "info": "<color>r=235,g=208,b=118</color><text>恭喜您达到69级!高级铜钱礼包正式上架！</text>",
        "is_op": 0,
        "is_show_city": 0,
        "city_path": "ui_mall_icon_huigui_png"
    },
    "600101": {
        "index": 600101,
        "sort": 1,
        "name_str": "专享礼包A",
        "is_new": 0,
        "gift_form": 4,
        "duration": 0,
        "unpay_trigger_times": "",
        "unpay_trigger_duration": "",
        "trigger_charge_add": "",
        "limit_level": 0,
        "is_forever": 0,
        "buy_times": 5,
        "goods_id": [20001],
        "goods_count": [1],
        "super": [0],
        "raw_token": 3280,
        "pay_type": 1,
        "chargeback_goods": [[20001,10]],
        "primer": 1640,
        "price": 328,
        "daily_num": "",
        "daily_index": "",
        "h5_show_type": 3,
        "name": "专享礼包A",
        "tips": [0,2],
        "pay_index": "1000901",
        "des": "购买后可立即获得3280钻石、高级觉醒替身*1、念力果*200，金币*100万。网页充值专享额外赠送328钻石",
        "path": "ui_mall_icon_zhuanxiang_png",
        "push_big_path": "ui_mall_icon_dengji1_png",
        "info": "<color>r=235,g=208,b=118</color><text>恭喜您达到70级!高级铜钱礼包正式上架！</text>",
        "is_op": 2,
        "is_show_city": 0,
        "city_path": "ui_mall_icon_zhuanxiang_png"
    },
    "600102": {
        "index": 600102,
        "sort": 2,
        "name_str": "专享礼包B",
        "is_new": 0,
        "gift_form": 4,
        "duration": 0,
        "unpay_trigger_times": "",
        "unpay_trigger_duration": "",
        "trigger_charge_add": "",
        "limit_level": 0,
        "is_forever": 0,
        "buy_times": 1,
        "goods_id": [20001],
        "goods_count": [1],
        "super": [1],
        "raw_token": 6480,
        "pay_type": 1,
        "chargeback_goods": [[20001,11]],
        "primer": 3240,
        "price": 648,
        "daily_num": "",
        "daily_index": "",
        "h5_show_type": 3,
        "name": "专享礼包B",
        "tips": [0,2],
        "pay_index": "1001001",
        "des": "购买后可立即获得6480钻石、超级卡包*1、啤酒*10、金币*150万。网页充值专享额外赠送648钻石",
        "path": "ui_mall_icon_zhuanxiang_png",
        "push_big_path": "ui_mall_icon_dengji1_png",
        "info": "<color>r=235,g=208,b=118</color><text>恭喜您达到71级!高级铜钱礼包正式上架！</text>",
        "is_op": 2,
        "is_show_city": 0,
        "city_path": "ui_mall_icon_zhuanxiang_png"
    },
    "600201": {
        "index": 600201,
        "sort": 4,
        "name_str": "特效卡自选礼包",
        "is_new": 0,
        "gift_form": 1,
        "duration": 50000000,
        "unpay_trigger_times": "",
        "unpay_trigger_duration": "",
        "trigger_charge_add": "",
        "limit_level": 0,
        "is_forever": 1,
        "buy_times": 1,
        "goods_id": [20001],
        "goods_count": [1],
        "super": [1],
        "raw_token": 6480,
        "pay_type": 1,
        "chargeback_goods": [[20001,12]],
        "primer": 3240,
        "price": 648,
        "daily_num": "",
        "daily_index": "",
        "h5_show_type": 3,
        "name": "特效卡自选礼包",
        "tips": [0,2],
        "pay_index": "1001001",
        "des": "购买后可获得钻石*6480、特效卡自选礼盒1个（可自由选择1张SS级紫星特效卡）、龙虾大餐*2、金币*100w。网页充值专享额外赠送648钻石。",
        "path": "ui_mall_icon_zhuanxiang1_png",
        "push_big_path": "ui_mall_icon_dengji1_png",
        "info": "<color>r=235,g=208,b=118</color><text>恭喜您达到73级!高级铜钱礼包正式上架！</text>",
        "is_op": 2,
        "is_show_city": 0,
        "city_path": "ui_mall_icon_zhuanxiang1_png"
    },
    "600202": {
        "index": 600202,
        "sort": 3,
        "name_str": "5星SS卡自选礼包",
        "is_new": 0,
        "gift_form": 1,
        "duration": 50000000,
        "unpay_trigger_times": "",
        "unpay_trigger_duration": "",
        "trigger_charge_add": "",
        "limit_level": 0,
        "is_forever": 1,
        "buy_times": 1,
        "goods_id": [20001],
        "goods_count": [1],
        "super": [1],
        "raw_token": 6480,
        "pay_type": 1,
        "chargeback_goods": [[20001,13]],
        "primer": 3240,
        "price": 648,
        "daily_num": "",
        "daily_index": "",
        "h5_show_type": 3,
        "name": "5星SS卡自选礼包",
        "tips": [0,2],
        "pay_index": "1001001",
        "des": "购买后可获得钻石*6480、5星SS卡自选礼包1个（可自由选择1张SS级5星红卡）、龙虾大餐*2、金币*100w。网页充值专享额外赠送648钻石。",
        "path": "ui_mall_icon_zhuanxiang1_png",
        "push_big_path": "ui_mall_icon_dengji1_png",
        "info": "<color>r=235,g=208,b=118</color><text>恭喜您达到72级!高级铜钱礼包正式上架！</text>",
        "is_op": 2,
        "is_show_city": 0,
        "city_path": "ui_mall_icon_zhuanxiang1_png"
    },
    "600301": {
        "index": 600301,
        "sort": 5,
        "name_str": "支配者的祝福礼包",
        "is_new": 0,
        "gift_form": 1,
        "duration": 50000000,
        "unpay_trigger_times": "",
        "unpay_trigger_duration": "",
        "trigger_charge_add": "",
        "limit_level": 0,
        "is_forever": 1,
        "buy_times": 1,
        "goods_id": [20001],
        "goods_count": [1],
        "super": [1],
        "raw_token": 6480,
        "pay_type": 1,
        "chargeback_goods": [[20001,14]],
        "primer": 3240,
        "price": 648,
        "daily_num": "",
        "daily_index": "",
        "h5_show_type": 3,
        "name": "支配者的祝福礼包",
        "tips": [0,2],
        "pay_index": "1001001",
        "des": "购买后可获得钻石*6480、5星复活卡（支配者的祝福）一张、龙虾大餐*2、金币*100w。网页充值专享额外赠送648钻石。",
        "path": "ui_mall_icon_zhuanxiang1_png",
        "push_big_path": "ui_mall_icon_dengji1_png",
        "info": "<color>r=235,g=208,b=118</color><text>恭喜您达到74级!高级铜钱礼包正式上架！</text>",
        "is_op": 2,
        "is_show_city": 0,
        "city_path": "ui_mall_icon_zhuanxiang1_png"
    },
    "600501": {
        "index": 600501,
        "sort": 6,
        "name_str": "特效卡自选礼包",
        "is_new": 0,
        "gift_form": 1,
        "duration": 50000000,
        "unpay_trigger_times": "",
        "unpay_trigger_duration": "",
        "trigger_charge_add": "",
        "limit_level": 0,
        "is_forever": 1,
        "buy_times": 1,
        "goods_id": [20001],
        "goods_count": [1],
        "super": [1],
        "raw_token": 6480,
        "pay_type": 1,
        "chargeback_goods": [[20001,15]],
        "primer": 3240,
        "price": 648,
        "daily_num": "",
        "daily_index": "",
        "h5_show_type": 3,
        "name": "特效卡自选礼包",
        "tips": [0,2],
        "pay_index": "1001001",
        "des": "购买后可获得钻石*6480、特效卡自选礼盒1个（可自由选择1张SS级紫星特效卡）、龙虾大餐*2、金币*100万。网页充值专享额外赠送648钻石。",
        "path": "ui_mall_icon_zhuanxiang1_png",
        "push_big_path": "ui_mall_icon_dengji1_png",
        "info": "<color>r=235,g=208,b=118</color><text>恭喜您达到75级!高级铜钱礼包正式上架！</text>",
        "is_op": 2,
        "is_show_city": 0,
        "city_path": "ui_mall_icon_zhuanxiang1_png"
    },
    "800001": {
        "index": 800001,
        "sort": 17,
        "name_str": "超值专享礼包",
        "is_new": 0,
        "gift_form": 1,
        "duration": 86400,
        "unpay_trigger_times": "2",
        "unpay_trigger_duration": "691200",
        "trigger_charge_add": "",
        "limit_level": 0,
        "is_forever": 0,
        "buy_times": 1,
        "goods_id": [20001],
        "goods_count": [1],
        "super": [1],
        "raw_token": 120,
        "pay_type": 1,
        "chargeback_goods": [],
        "primer": 168,
        "price": 6,
        "daily_num": "",
        "daily_index": "",
        "h5_show_type": 0,
        "name": "超值专享礼包",
        "tips": [0,2],
        "pay_index": "1000301",
        "des": "购买后可获得钻石*120、浓醇红酒*1、高级卡包*1、金币*6万。网页充值专享额外赠送6钻石。",
        "path": "ui_mall_icon_zhuanxiang1_png",
        "push_big_path": "ui_mall_icon_dengji1_png",
        "info": "<color>r=235,g=208,b=118</color><text>恭喜您达到75级!高级铜钱礼包正式上架！</text>",
        "is_op": 8,
        "is_show_city": 1,
        "city_path": "ui_mall_icon_zhuanxiang1_png"
    },
    "800002": {
        "index": 800002,
        "sort": 18,
        "name_str": "限时特惠礼包",
        "is_new": 0,
        "gift_form": 1,
        "duration": 86400,
        "unpay_trigger_times": "2",
        "unpay_trigger_duration": "950400",
        "trigger_charge_add": "",
        "limit_level": 0,
        "is_forever": 0,
        "buy_times": 1,
        "goods_id": [20001],
        "goods_count": [1],
        "super": [1],
        "raw_token": 600,
        "pay_type": 1,
        "chargeback_goods": [],
        "primer": 328,
        "price": 30,
        "daily_num": "",
        "daily_index": "",
        "h5_show_type": 0,
        "name": "限时特惠礼包",
        "tips": [0,2],
        "pay_index": "1000401",
        "des": "购买后可获得钻石*600、高级卡包*5、金币*30万、烤肉*1。网页充值专享额外赠送30钻石。",
        "path": "ui_mall_icon_zhuanxiang1_png",
        "push_big_path": "ui_mall_icon_dengji1_png",
        "info": "<color>r=235,g=208,b=118</color><text>恭喜您达到75级!高级铜钱礼包正式上架！</text>",
        "is_op": 8,
        "is_show_city": 1,
        "city_path": "ui_mall_icon_zhuanxiang1_png"
    },
    "500001": {
        "index": 500001,
        "sort": 19,
        "name_str": "觉醒石礼包",
        "is_new": 0,
        "gift_form": 1,
        "duration": 43200,
        "unpay_trigger_times": "",
        "unpay_trigger_duration": "",
        "trigger_charge_add": "",
        "limit_level": 0,
        "is_forever": 0,
        "buy_times": 1,
        "goods_id": [20001],
        "goods_count": [1],
        "super": [1],
        "raw_token": 0,
        "pay_type": 2,
        "chargeback_goods": [],
        "primer": 1600,
        "price": 800,
        "daily_num": "",
        "daily_index": "",
        "h5_show_type": 0,
        "name": "觉醒石礼包",
        "tips": [5,2],
        "pay_index": "",
        "des": "觉醒石礼包",
        "path": "ui_mall_icon_gaojijuexing_png",
        "push_big_path": "ui_mall_icon_dengji1_png",
        "info": "<color>r=235,g=208,b=118</color><text>恭喜您达到75级!高级铜钱礼包正式上架！</text>",
        "is_op": 0,
        "is_show_city": 0,
        "city_path": "ui_mall_icon_zhuanxiang1_png"
    },
    "900001": {
        "index": 900001,
        "sort": 20,
        "name_str": "惊喜包",
        "is_new": 0,
        "gift_form": 1,
        "duration": 21600,
        "unpay_trigger_times": "",
        "unpay_trigger_duration": "",
        "trigger_charge_add": "0",
        "limit_level": 0,
        "is_forever": 0,
        "buy_times": 1,
        "goods_id": [20001],
        "goods_count": [1],
        "super": [1],
        "raw_token": 100,
        "pay_type": 1,
        "chargeback_goods": [],
        "primer": 30,
        "price": 6,
        "daily_num": "",
        "daily_index": "",
        "h5_show_type": 1,
        "name": "惊喜包",
        "tips": [9,2],
        "pay_index": "1000301",
        "des": "购买后可获得钻石*100、啤酒*1、烤肉*1、金币*10万。 网页充值专享额外赠送6钻石。",
        "path": "ui_mall_icon_zhuanxiang1_png",
        "push_big_path": "ui_mall_icon_dengji1_png",
        "info": "<color>r=235,g=208,b=118</color><text>恭喜您达到75级!高级铜钱礼包正式上架！</text>",
        "is_op": 9,
        "is_show_city": 900001,
        "city_path": "ui_mall_icon_button_jingxibutton_png"
    },
    "900002": {
        "index": 900002,
        "sort": 21,
        "name_str": "惊喜包",
        "is_new": 0,
        "gift_form": 1,
        "duration": 21600,
        "unpay_trigger_times": "",
        "unpay_trigger_duration": "",
        "trigger_charge_add": "0",
        "limit_level": 0,
        "is_forever": 0,
        "buy_times": 1,
        "goods_id": [20001],
        "goods_count": [1],
        "super": [1],
        "raw_token": 300,
        "pay_type": 1,
        "chargeback_goods": [],
        "primer": 150,
        "price": 30,
        "daily_num": "",
        "daily_index": "",
        "h5_show_type": 1,
        "name": "惊喜包",
        "tips": [9,2],
        "pay_index": "1000401",
        "des": "购买后可获得钻石*300、惊喜自选包（可从啤酒*3、高级卡包*1、高级觉醒石*10、突破芯片*10中选择1项）、龙虾大餐*1、金币*20万。 网页充值专享额外赠送30钻石。",
        "path": "ui_mall_icon_zhuanxiang1_png",
        "push_big_path": "ui_mall_icon_dengji1_png",
        "info": "<color>r=235,g=208,b=118</color><text>恭喜您达到75级!高级铜钱礼包正式上架！</text>",
        "is_op": 9,
        "is_show_city": 900002,
        "city_path": "ui_mall_icon_button_jingxibutton_png"
    },
    "1000001": {
        "index": 1000001,
        "sort": 22,
        "name_str": "超值人偶礼包",
        "is_new": 0,
        "gift_form": 1,
        "duration": 86400,
        "unpay_trigger_times": "",
        "unpay_trigger_duration": "",
        "trigger_charge_add": "",
        "limit_level": 0,
        "is_forever": 0,
        "buy_times": 1,
        "goods_id": [20001],
        "goods_count": [1],
        "super": [1],
        "raw_token": 980,
        "pay_type": 1,
        "chargeback_goods": [],
        "primer": 198,
        "price": 98,
        "daily_num": "",
        "daily_index": "",
        "h5_show_type": 1,
        "name": "超值人偶礼包",
        "tips": [10,2],
        "pay_index": "1000601",
        "des": "购买后可获得高级替身人偶*1、高级觉醒石*10、金币*5万。 网页充值专享额外赠送98钻石。",
        "path": "ui_mall_icon_zhuanxiang1_png",
        "push_big_path": "ui_mall_icon_dengji1_png",
        "info": "<color>r=235,g=208,b=118</color><text>恭喜您达到75级!高级铜钱礼包正式上架！</text>",
        "is_op": 10,
        "is_show_city": 1000001,
        "city_path": "ui_mall_icon_button_renoubutton_png"
    }}
