{
    "100011": {
        "id": 100011,
        "consume_goods": [30506,30506,30506,30506],
        "consume_count": [30,60,90,180],
        "consume_money": [100000,200000,300000,500000],
        "exchange_ids": [[0],[0],[0],[0,0]],
        "exchange_aptitude": [[0],[0],[13],[13,13]],
        "exchange_level": [[1],[1],[1],[1,1]],
        "exchange_star": [[5],[5],[5],[5,5]],
        "exchange_awaken": [[0],[0],[0],[0,0]]
    },
    "100021": {
        "id": 100021,
        "consume_goods": [30506,30506,30506,30506],
        "consume_count": [30,60,90,180],
        "consume_money": [100000,200000,300000,500000],
        "exchange_ids": [[0],[0],[0],[0,0]],
        "exchange_aptitude": [[0],[0],[12],[12,12]],
        "exchange_level": [[1],[1],[1],[1,1]],
        "exchange_star": [[5],[5],[5],[5,5]],
        "exchange_awaken": [[0],[0],[0],[0,0]]
    },
    "100031": {
        "id": 100031,
        "consume_goods": [30506,30506,30506,30506],
        "consume_count": [30,60,90,180],
        "consume_money": [100000,200000,300000,500000],
        "exchange_ids": [[0],[0],[0],[0,0]],
        "exchange_aptitude": [[0],[0],[13],[13,13]],
        "exchange_level": [[1],[1],[1],[1,1]],
        "exchange_star": [[5],[5],[5],[5,5]],
        "exchange_awaken": [[0],[0],[0],[0,0]]
    },
    "100041": {
        "id": 100041,
        "consume_goods": [30506,30506,30506,30506],
        "consume_count": [30,60,90,180],
        "consume_money": [100000,200000,300000,500000],
        "exchange_ids": [[0],[0],[0],[0,0]],
        "exchange_aptitude": [[0],[0],[14],[14,14]],
        "exchange_level": [[1],[1],[1],[1,1]],
        "exchange_star": [[5],[5],[5],[5,5]],
        "exchange_awaken": [[0],[0],[0],[0,0]]
    },
    "100051": {
        "id": 100051,
        "consume_goods": [30506,30506,30506,30506],
        "consume_count": [30,60,90,180],
        "consume_money": [100000,200000,300000,500000],
        "exchange_ids": [[0],[0],[0],[0,0]],
        "exchange_aptitude": [[0],[0],[13],[13,13]],
        "exchange_level": [[1],[1],[1],[1,1]],
        "exchange_star": [[5],[5],[5],[5,5]],
        "exchange_awaken": [[0],[0],[0],[0,0]]
    },
    "100061": {
        "id": 100061,
        "consume_goods": [30506,30506,30506,30506],
        "consume_count": [30,60,90,180],
        "consume_money": [100000,200000,300000,500000],
        "exchange_ids": [[0],[0],[0],[0,0]],
        "exchange_aptitude": [[0],[0],[12],[12,12]],
        "exchange_level": [[1],[1],[1],[1,1]],
        "exchange_star": [[5],[5],[5],[5,5]],
        "exchange_awaken": [[0],[0],[0],[0,0]]
    },
    "100071": {
        "id": 100071,
        "consume_goods": [30506,30506,30506,30506],
        "consume_count": [30,60,90,180],
        "consume_money": [100000,200000,300000,500000],
        "exchange_ids": [[0],[0],[0],[0,0]],
        "exchange_aptitude": [[0],[0],[13],[13,13]],
        "exchange_level": [[1],[1],[1],[1,1]],
        "exchange_star": [[5],[5],[5],[5,5]],
        "exchange_awaken": [[0],[0],[0],[0,0]]
    },
    "100081": {
        "id": 100081,
        "consume_goods": [30506,30506,30506,30506],
        "consume_count": [30,60,90,180],
        "consume_money": [100000,200000,300000,500000],
        "exchange_ids": [[0],[0],[0],[0,0]],
        "exchange_aptitude": [[0],[0],[12],[12,12]],
        "exchange_level": [[1],[1],[1],[1,1]],
        "exchange_star": [[5],[5],[5],[5,5]],
        "exchange_awaken": [[0],[0],[0],[0,0]]
    },
    "100091": {
        "id": 100091,
        "consume_goods": [30506,30506,30506,30506],
        "consume_count": [30,60,90,180],
        "consume_money": [100000,200000,300000,500000],
        "exchange_ids": [[0],[0],[0],[0,0]],
        "exchange_aptitude": [[0],[0],[12],[12,12]],
        "exchange_level": [[1],[1],[1],[1,1]],
        "exchange_star": [[5],[5],[5],[5,5]],
        "exchange_awaken": [[0],[0],[0],[0,0]]
    },
    "100101": {
        "id": 100101,
        "consume_goods": [30506,30506,30506,30506],
        "consume_count": [30,60,90,180],
        "consume_money": [100000,200000,300000,500000],
        "exchange_ids": [[0],[0],[0],[0,0]],
        "exchange_aptitude": [[0],[0],[12],[12,12]],
        "exchange_level": [[1],[1],[1],[1,1]],
        "exchange_star": [[5],[5],[5],[5,5]],
        "exchange_awaken": [[0],[0],[0],[0,0]]
    },
    "100111": {
        "id": 100111,
        "consume_goods": [30506,30506,30506,30506],
        "consume_count": [30,60,90,180],
        "consume_money": [100000,200000,300000,500000],
        "exchange_ids": [[0],[0],[0],[0,0]],
        "exchange_aptitude": [[0],[0],[13],[13,13]],
        "exchange_level": [[1],[1],[1],[1,1]],
        "exchange_star": [[5],[5],[5],[5,5]],
        "exchange_awaken": [[0],[0],[0],[0,0]]
    },
    "100121": {
        "id": 100121,
        "consume_goods": [30506,30506,30506,30506],
        "consume_count": [30,60,90,180],
        "consume_money": [100000,200000,300000,500000],
        "exchange_ids": [[0],[0],[0],[0,0]],
        "exchange_aptitude": [[0],[0],[13],[13,13]],
        "exchange_level": [[1],[1],[1],[1,1]],
        "exchange_star": [[5],[5],[5],[5,5]],
        "exchange_awaken": [[0],[0],[0],[0,0]]
    },
    "100131": {
        "id": 100131,
        "consume_goods": [30506,30506,30506,30506],
        "consume_count": [30,60,90,180],
        "consume_money": [100000,200000,300000,500000],
        "exchange_ids": [[0],[0],[0],[0,0]],
        "exchange_aptitude": [[0],[0],[14],[14,14]],
        "exchange_level": [[1],[1],[1],[1,1]],
        "exchange_star": [[5],[5],[5],[5,5]],
        "exchange_awaken": [[0],[0],[0],[0,0]]
    },
    "100141": {
        "id": 100141,
        "consume_goods": [30506,30506,30506,30506],
        "consume_count": [30,60,90,180],
        "consume_money": [100000,200000,300000,500000],
        "exchange_ids": [[0],[0],[0],[0,0]],
        "exchange_aptitude": [[0],[0],[13],[13,13]],
        "exchange_level": [[1],[1],[1],[1,1]],
        "exchange_star": [[5],[5],[5],[5,5]],
        "exchange_awaken": [[0],[0],[0],[0,0]]
    },
    "100151": {
        "id": 100151,
        "consume_goods": [30506,30506,30506,30506],
        "consume_count": [30,60,90,180],
        "consume_money": [100000,200000,300000,500000],
        "exchange_ids": [[0],[0],[0],[0,0]],
        "exchange_aptitude": [[0],[0],[12],[12,12]],
        "exchange_level": [[1],[1],[1],[1,1]],
        "exchange_star": [[5],[5],[5],[5,5]],
        "exchange_awaken": [[0],[0],[0],[0,0]]
    },
    "100161": {
        "id": 100161,
        "consume_goods": [30506,30506,30506,30506],
        "consume_count": [30,60,90,180],
        "consume_money": [100000,200000,300000,500000],
        "exchange_ids": [[0],[0],[0],[0,0]],
        "exchange_aptitude": [[0],[0],[12],[12,12]],
        "exchange_level": [[1],[1],[1],[1,1]],
        "exchange_star": [[5],[5],[5],[5,5]],
        "exchange_awaken": [[0],[0],[0],[0,0]]
    },
    "100171": {
        "id": 100171,
        "consume_goods": [30506,30506,30506,30506],
        "consume_count": [30,60,90,180],
        "consume_money": [100000,200000,300000,500000],
        "exchange_ids": [[0],[0],[0],[0,0]],
        "exchange_aptitude": [[0],[0],[14],[14,14]],
        "exchange_level": [[1],[1],[1],[1,1]],
        "exchange_star": [[5],[5],[5],[5,5]],
        "exchange_awaken": [[0],[0],[0],[0,0]]
    },
    "100181": {
        "id": 100181,
        "consume_goods": [30506,30506,30506,30506],
        "consume_count": [30,60,90,180],
        "consume_money": [100000,200000,300000,500000],
        "exchange_ids": [[0],[0],[0],[0,0]],
        "exchange_aptitude": [[0],[0],[14],[14,14]],
        "exchange_level": [[1],[1],[1],[1,1]],
        "exchange_star": [[5],[5],[5],[5,5]],
        "exchange_awaken": [[0],[0],[0],[0,0]]
    },
    "100191": {
        "id": 100191,
        "consume_goods": [30506,30506,30506,30506],
        "consume_count": [30,60,90,180],
        "consume_money": [100000,200000,300000,500000],
        "exchange_ids": [[0],[0],[0],[0,0]],
        "exchange_aptitude": [[0],[0],[14],[14,14]],
        "exchange_level": [[1],[1],[1],[1,1]],
        "exchange_star": [[5],[5],[5],[5,5]],
        "exchange_awaken": [[0],[0],[0],[0,0]]
    },
    "100201": {
        "id": 100201,
        "consume_goods": [30506,30506,30506,30506],
        "consume_count": [30,60,90,180],
        "consume_money": [100000,200000,300000,500000],
        "exchange_ids": [[0],[0],[0],[0,0]],
        "exchange_aptitude": [[0],[0],[14],[14,14]],
        "exchange_level": [[1],[1],[1],[1,1]],
        "exchange_star": [[5],[5],[5],[5,5]],
        "exchange_awaken": [[0],[0],[0],[0,0]]
    },
    "100211": {
        "id": 100211,
        "consume_goods": [30506,30506,30506,30506],
        "consume_count": [30,60,90,180],
        "consume_money": [100000,200000,300000,500000],
        "exchange_ids": [[0],[0],[0],[0,0]],
        "exchange_aptitude": [[0],[0],[13],[13,13]],
        "exchange_level": [[1],[1],[1],[1,1]],
        "exchange_star": [[5],[5],[5],[5,5]],
        "exchange_awaken": [[0],[0],[0],[0,0]]
    },
    "100221": {
        "id": 100221,
        "consume_goods": [30506,30506,30506,30506],
        "consume_count": [30,60,90,180],
        "consume_money": [100000,200000,300000,500000],
        "exchange_ids": [[0],[0],[0],[0,0]],
        "exchange_aptitude": [[0],[0],[12],[12,12]],
        "exchange_level": [[1],[1],[1],[1,1]],
        "exchange_star": [[5],[5],[5],[5,5]],
        "exchange_awaken": [[0],[0],[0],[0,0]]
    },
    "100231": {
        "id": 100231,
        "consume_goods": [30506,30506,30506,30506],
        "consume_count": [30,60,90,180],
        "consume_money": [100000,200000,300000,500000],
        "exchange_ids": [[0],[0],[0],[0,0]],
        "exchange_aptitude": [[0],[0],[13],[13,13]],
        "exchange_level": [[1],[1],[1],[1,1]],
        "exchange_star": [[5],[5],[5],[5,5]],
        "exchange_awaken": [[0],[0],[0],[0,0]]
    },
    "100241": {
        "id": 100241,
        "consume_goods": [30506,30506,30506,30506],
        "consume_count": [30,60,90,180],
        "consume_money": [100000,200000,300000,500000],
        "exchange_ids": [[0],[0],[0],[0,0]],
        "exchange_aptitude": [[0],[0],[12],[12,12]],
        "exchange_level": [[1],[1],[1],[1,1]],
        "exchange_star": [[5],[5],[5],[5,5]],
        "exchange_awaken": [[0],[0],[0],[0,0]]
    },
    "100251": {
        "id": 100251,
        "consume_goods": [30506,30506,30506,30506],
        "consume_count": [30,60,90,180],
        "consume_money": [100000,200000,300000,500000],
        "exchange_ids": [[0],[0],[0],[0,0]],
        "exchange_aptitude": [[0],[0],[12],[12,12]],
        "exchange_level": [[1],[1],[1],[1,1]],
        "exchange_star": [[5],[5],[5],[5,5]],
        "exchange_awaken": [[0],[0],[0],[0,0]]
    },
    "100261": {
        "id": 100261,
        "consume_goods": [30506,30506,30506,30506],
        "consume_count": [30,60,90,180],
        "consume_money": [100000,200000,300000,500000],
        "exchange_ids": [[0],[0],[0],[0,0]],
        "exchange_aptitude": [[0],[0],[13],[13,13]],
        "exchange_level": [[1],[1],[1],[1,1]],
        "exchange_star": [[5],[5],[5],[5,5]],
        "exchange_awaken": [[0],[0],[0],[0,0]]
    },
    "100271": {
        "id": 100271,
        "consume_goods": [30506,30506,30506,30506],
        "consume_count": [30,60,90,180],
        "consume_money": [100000,200000,300000,500000],
        "exchange_ids": [[0],[0],[0],[0,0]],
        "exchange_aptitude": [[0],[0],[12],[12,12]],
        "exchange_level": [[1],[1],[1],[1,1]],
        "exchange_star": [[5],[5],[5],[5,5]],
        "exchange_awaken": [[0],[0],[0],[0,0]]
    },
    "100281": {
        "id": 100281,
        "consume_goods": [30506,30506,30506,30506],
        "consume_count": [30,60,90,180],
        "consume_money": [100000,200000,300000,500000],
        "exchange_ids": [[0],[0],[0],[0,0]],
        "exchange_aptitude": [[0],[0],[14],[14,14]],
        "exchange_level": [[1],[1],[1],[1,1]],
        "exchange_star": [[5],[5],[5],[5,5]],
        "exchange_awaken": [[0],[0],[0],[0,0]]
    },
    "100291": {
        "id": 100291,
        "consume_goods": [30506,30506,30506,30506],
        "consume_count": [30,60,90,180],
        "consume_money": [100000,200000,300000,500000],
        "exchange_ids": [[0],[0],[0],[0,0]],
        "exchange_aptitude": [[0],[0],[13],[13,13]],
        "exchange_level": [[1],[1],[1],[1,1]],
        "exchange_star": [[5],[5],[5],[5,5]],
        "exchange_awaken": [[0],[0],[0],[0,0]]
    },
    "100301": {
        "id": 100301,
        "consume_goods": [30506,30506,30506,30506],
        "consume_count": [30,60,90,180],
        "consume_money": [100000,200000,300000,500000],
        "exchange_ids": [[0],[0],[0],[0,0]],
        "exchange_aptitude": [[0],[0],[13],[13,13]],
        "exchange_level": [[1],[1],[1],[1,1]],
        "exchange_star": [[5],[5],[5],[5,5]],
        "exchange_awaken": [[0],[0],[0],[0,0]]
    },
    "100311": {
        "id": 100311,
        "consume_goods": [30506,30506,30506,30506],
        "consume_count": [30,60,90,180],
        "consume_money": [100000,200000,300000,500000],
        "exchange_ids": [[0],[0],[0],[0,0]],
        "exchange_aptitude": [[0],[0],[13],[13,13]],
        "exchange_level": [[1],[1],[1],[1,1]],
        "exchange_star": [[5],[5],[5],[5,5]],
        "exchange_awaken": [[0],[0],[0],[0,0]]
    },
    "100321": {
        "id": 100321,
        "consume_goods": [30506,30506,30506,30506],
        "consume_count": [30,60,90,180],
        "consume_money": [100000,200000,300000,500000],
        "exchange_ids": [[0],[0],[0],[0,0]],
        "exchange_aptitude": [[0],[0],[12],[12,12]],
        "exchange_level": [[1],[1],[1],[1,1]],
        "exchange_star": [[5],[5],[5],[5,5]],
        "exchange_awaken": [[0],[0],[0],[0,0]]
    },
    "100331": {
        "id": 100331,
        "consume_goods": [30506,30506,30506,30506],
        "consume_count": [30,60,90,180],
        "consume_money": [100000,200000,300000,500000],
        "exchange_ids": [[0],[0],[0],[0,0]],
        "exchange_aptitude": [[0],[0],[14],[14,14]],
        "exchange_level": [[1],[1],[1],[1,1]],
        "exchange_star": [[5],[5],[5],[5,5]],
        "exchange_awaken": [[0],[0],[0],[0,0]]
    },
    "100341": {
        "id": 100341,
        "consume_goods": [30506,30506,30506,30506],
        "consume_count": [30,60,90,180],
        "consume_money": [100000,200000,300000,500000],
        "exchange_ids": [[0],[0],[0],[0,0]],
        "exchange_aptitude": [[0],[0],[13],[13,13]],
        "exchange_level": [[1],[1],[1],[1,1]],
        "exchange_star": [[5],[5],[5],[5,5]],
        "exchange_awaken": [[0],[0],[0],[0,0]]
    },
    "100351": {
        "id": 100351,
        "consume_goods": [30506,30506,30506,30506],
        "consume_count": [30,60,90,180],
        "consume_money": [100000,200000,300000,500000],
        "exchange_ids": [[0],[0],[0],[0,0]],
        "exchange_aptitude": [[0],[0],[14],[14,14]],
        "exchange_level": [[1],[1],[1],[1,1]],
        "exchange_star": [[5],[5],[5],[5,5]],
        "exchange_awaken": [[0],[0],[0],[0,0]]
    },
    "100361": {
        "id": 100361,
        "consume_goods": [30506,30506,30506,30506],
        "consume_count": [30,60,90,180],
        "consume_money": [100000,200000,300000,500000],
        "exchange_ids": [[0],[0],[0],[0,0]],
        "exchange_aptitude": [[0],[0],[14],[14,14]],
        "exchange_level": [[1],[1],[1],[1,1]],
        "exchange_star": [[5],[5],[5],[5,5]],
        "exchange_awaken": [[0],[0],[0],[0,0]]
    },
    "100371": {
        "id": 100371,
        "consume_goods": [30506,30506,30506,30506],
        "consume_count": [30,60,90,180],
        "consume_money": [100000,200000,300000,500000],
        "exchange_ids": [[0],[0],[0],[0,0]],
        "exchange_aptitude": [[0],[0],[14],[14,14]],
        "exchange_level": [[1],[1],[1],[1,1]],
        "exchange_star": [[5],[5],[5],[5,5]],
        "exchange_awaken": [[0],[0],[0],[0,0]]
    },
    "100381": {
        "id": 100381,
        "consume_goods": [30506,30506,30506,30506],
        "consume_count": [30,60,90,180],
        "consume_money": [100000,200000,300000,500000],
        "exchange_ids": [[0],[0],[0],[0,0]],
        "exchange_aptitude": [[0],[0],[12],[12,12]],
        "exchange_level": [[1],[1],[1],[1,1]],
        "exchange_star": [[5],[5],[5],[5,5]],
        "exchange_awaken": [[0],[0],[0],[0,0]]
    },
    "100391": {
        "id": 100391,
        "consume_goods": [30506,30506,30506,30506],
        "consume_count": [30,60,90,180],
        "consume_money": [100000,200000,300000,500000],
        "exchange_ids": [[0],[0],[0],[0,0]],
        "exchange_aptitude": [[0],[0],[13],[13,13]],
        "exchange_level": [[1],[1],[1],[1,1]],
        "exchange_star": [[5],[5],[5],[5,5]],
        "exchange_awaken": [[0],[0],[0],[0,0]]
    },
    "100401": {
        "id": 100401,
        "consume_goods": [30506,30506,30506,30506],
        "consume_count": [30,60,90,180],
        "consume_money": [100000,200000,300000,500000],
        "exchange_ids": [[0],[0],[0],[0,0]],
        "exchange_aptitude": [[0],[0],[14],[14,14]],
        "exchange_level": [[1],[1],[1],[1,1]],
        "exchange_star": [[5],[5],[5],[5,5]],
        "exchange_awaken": [[0],[0],[0],[0,0]]
    },
    "100411": {
        "id": 100411,
        "consume_goods": [30506,30506,30506,30506],
        "consume_count": [30,60,90,180],
        "consume_money": [100000,200000,300000,500000],
        "exchange_ids": [[0],[0],[0],[0,0]],
        "exchange_aptitude": [[0],[0],[14],[14,14]],
        "exchange_level": [[1],[1],[1],[1,1]],
        "exchange_star": [[5],[5],[5],[5,5]],
        "exchange_awaken": [[0],[0],[0],[0,0]]
    },
    "100421": {
        "id": 100421,
        "consume_goods": [30506,30506,30506,30506],
        "consume_count": [30,60,90,180],
        "consume_money": [100000,200000,300000,500000],
        "exchange_ids": [[0],[0],[0],[0,0]],
        "exchange_aptitude": [[0],[0],[14],[14,14]],
        "exchange_level": [[1],[1],[1],[1,1]],
        "exchange_star": [[5],[5],[5],[5,5]],
        "exchange_awaken": [[0],[0],[0],[0,0]]
    },
    "100431": {
        "id": 100431,
        "consume_goods": [30506,30506,30506,30506],
        "consume_count": [30,60,90,180],
        "consume_money": [100000,200000,300000,500000],
        "exchange_ids": [[0],[0],[0],[0,0]],
        "exchange_aptitude": [[0],[0],[14],[14,14]],
        "exchange_level": [[1],[1],[1],[1,1]],
        "exchange_star": [[5],[5],[5],[5,5]],
        "exchange_awaken": [[0],[0],[0],[0,0]]
    },
    "100441": {
        "id": 100441,
        "consume_goods": [30506,30506,30506,30506],
        "consume_count": [30,60,90,180],
        "consume_money": [100000,200000,300000,500000],
        "exchange_ids": [[0],[0],[0],[0,0]],
        "exchange_aptitude": [[0],[0],[14],[14,14]],
        "exchange_level": [[1],[1],[1],[1,1]],
        "exchange_star": [[5],[5],[5],[5,5]],
        "exchange_awaken": [[0],[0],[0],[0,0]]
    },
    "100451": {
        "id": 100451,
        "consume_goods": [30506,30506,30506,30506],
        "consume_count": [30,60,90,180],
        "consume_money": [100000,200000,300000,500000],
        "exchange_ids": [[0],[0],[0],[0,0]],
        "exchange_aptitude": [[0],[0],[11],[11,11]],
        "exchange_level": [[1],[1],[1],[1,1]],
        "exchange_star": [[5],[5],[5],[5,5]],
        "exchange_awaken": [[0],[0],[0],[0,0]]
    },
    "100461": {
        "id": 100461,
        "consume_goods": [30506,30506,30506,30506],
        "consume_count": [30,60,90,180],
        "consume_money": [100000,200000,300000,500000],
        "exchange_ids": [[0],[0],[0],[0,0]],
        "exchange_aptitude": [[0],[0],[11],[11,11]],
        "exchange_level": [[1],[1],[1],[1,1]],
        "exchange_star": [[5],[5],[5],[5,5]],
        "exchange_awaken": [[0],[0],[0],[0,0]]
    },
    "100471": {
        "id": 100471,
        "consume_goods": [30506,30506,30506,30506],
        "consume_count": [30,60,90,180],
        "consume_money": [100000,200000,300000,500000],
        "exchange_ids": [[0],[0],[0],[0,0]],
        "exchange_aptitude": [[0],[0],[11],[11,11]],
        "exchange_level": [[1],[1],[1],[1,1]],
        "exchange_star": [[5],[5],[5],[5,5]],
        "exchange_awaken": [[0],[0],[0],[0,0]]
    },
    "100481": {
        "id": 100481,
        "consume_goods": [30506,30506,30506,30506],
        "consume_count": [30,60,90,180],
        "consume_money": [100000,200000,300000,500000],
        "exchange_ids": [[0],[0],[0],[0,0]],
        "exchange_aptitude": [[0],[0],[11],[11,11]],
        "exchange_level": [[1],[1],[1],[1,1]],
        "exchange_star": [[5],[5],[5],[5,5]],
        "exchange_awaken": [[0],[0],[0],[0,0]]
    },
    "100491": {
        "id": 100491,
        "consume_goods": [30506,30506,30506,30506],
        "consume_count": [30,60,90,180],
        "consume_money": [100000,200000,300000,500000],
        "exchange_ids": [[0],[0],[0],[0,0]],
        "exchange_aptitude": [[0],[0],[11],[11,11]],
        "exchange_level": [[1],[1],[1],[1,1]],
        "exchange_star": [[5],[5],[5],[5,5]],
        "exchange_awaken": [[0],[0],[0],[0,0]]
    },
    "100501": {
        "id": 100501,
        "consume_goods": [30506,30506,30506,30506],
        "consume_count": [30,60,90,180],
        "consume_money": [100000,200000,300000,500000],
        "exchange_ids": [[0],[0],[0],[0,0]],
        "exchange_aptitude": [[0],[0],[11],[11,11]],
        "exchange_level": [[1],[1],[1],[1,1]],
        "exchange_star": [[5],[5],[5],[5,5]],
        "exchange_awaken": [[0],[0],[0],[0,0]]
    },
    "100511": {
        "id": 100511,
        "consume_goods": [30506,30506,30506,30506],
        "consume_count": [30,60,90,180],
        "consume_money": [100000,200000,300000,500000],
        "exchange_ids": [[0],[0],[0],[0,0]],
        "exchange_aptitude": [[0],[0],[11],[11,11]],
        "exchange_level": [[1],[1],[1],[1,1]],
        "exchange_star": [[5],[5],[5],[5,5]],
        "exchange_awaken": [[0],[0],[0],[0,0]]
    },
    "100521": {
        "id": 100521,
        "consume_goods": [30506,30506,30506,30506],
        "consume_count": [30,60,90,180],
        "consume_money": [100000,200000,300000,500000],
        "exchange_ids": [[0],[0],[0],[0,0]],
        "exchange_aptitude": [[0],[0],[11],[11,11]],
        "exchange_level": [[1],[1],[1],[1,1]],
        "exchange_star": [[5],[5],[5],[5,5]],
        "exchange_awaken": [[0],[0],[0],[0,0]]
    },
    "100531": {
        "id": 100531,
        "consume_goods": [30506,30506,30506,30506],
        "consume_count": [30,60,90,180],
        "consume_money": [100000,200000,300000,500000],
        "exchange_ids": [[0],[0],[0],[0,0]],
        "exchange_aptitude": [[0],[0],[11],[11,11]],
        "exchange_level": [[1],[1],[1],[1,1]],
        "exchange_star": [[5],[5],[5],[5,5]],
        "exchange_awaken": [[0],[0],[0],[0,0]]
    },
    "100541": {
        "id": 100541,
        "consume_goods": [30506,30506,30506,30506],
        "consume_count": [30,60,90,180],
        "consume_money": [100000,200000,300000,500000],
        "exchange_ids": [[0],[0],[0],[0,0]],
        "exchange_aptitude": [[0],[0],[11],[11,11]],
        "exchange_level": [[1],[1],[1],[1,1]],
        "exchange_star": [[5],[5],[5],[5,5]],
        "exchange_awaken": [[0],[0],[0],[0,0]]
    },
    "100551": {
        "id": 100551,
        "consume_goods": [30506,30506,30506,30506],
        "consume_count": [30,60,90,180],
        "consume_money": [100000,200000,300000,500000],
        "exchange_ids": [[0],[0],[0],[0,0]],
        "exchange_aptitude": [[0],[0],[13],[13,13]],
        "exchange_level": [[1],[1],[1],[1,1]],
        "exchange_star": [[5],[5],[5],[5,5]],
        "exchange_awaken": [[0],[0],[0],[0,0]]
    },
    "100561": {
        "id": 100561,
        "consume_goods": [30506,30506,30506,30506],
        "consume_count": [30,60,90,180],
        "consume_money": [100000,200000,300000,500000],
        "exchange_ids": [[0],[0],[0],[0,0]],
        "exchange_aptitude": [[0],[0],[13],[13,13]],
        "exchange_level": [[1],[1],[1],[1,1]],
        "exchange_star": [[5],[5],[5],[5,5]],
        "exchange_awaken": [[0],[0],[0],[0,0]]
    },
    "100571": {
        "id": 100571,
        "consume_goods": [30506,30506,30506,30506],
        "consume_count": [30,60,90,180],
        "consume_money": [100000,200000,300000,500000],
        "exchange_ids": [[0],[0],[0],[0,0]],
        "exchange_aptitude": [[0],[0],[11],[11,11]],
        "exchange_level": [[1],[1],[1],[1,1]],
        "exchange_star": [[5],[5],[5],[5,5]],
        "exchange_awaken": [[0],[0],[0],[0,0]]
    },
    "100581": {
        "id": 100581,
        "consume_goods": [30506,30506,30506,30506],
        "consume_count": [30,60,90,180],
        "consume_money": [100000,200000,300000,500000],
        "exchange_ids": [[0],[0],[0],[0,0]],
        "exchange_aptitude": [[0],[0],[12],[12,12]],
        "exchange_level": [[1],[1],[1],[1,1]],
        "exchange_star": [[5],[5],[5],[5,5]],
        "exchange_awaken": [[0],[0],[0],[0,0]]
    },
    "100591": {
        "id": 100591,
        "consume_goods": [30506,30506,30506,30506],
        "consume_count": [30,60,90,180],
        "consume_money": [100000,200000,300000,500000],
        "exchange_ids": [[0],[0],[0],[0,0]],
        "exchange_aptitude": [[0],[0],[13],[13,13]],
        "exchange_level": [[1],[1],[1],[1,1]],
        "exchange_star": [[5],[5],[5],[5,5]],
        "exchange_awaken": [[0],[0],[0],[0,0]]
    },
    "100601": {
        "id": 100601,
        "consume_goods": [30506,30506,30506,30506],
        "consume_count": [30,60,90,180],
        "consume_money": [100000,200000,300000,500000],
        "exchange_ids": [[0],[0],[0],[0,0]],
        "exchange_aptitude": [[0],[0],[14],[14,14]],
        "exchange_level": [[1],[1],[1],[1,1]],
        "exchange_star": [[5],[5],[5],[5,5]],
        "exchange_awaken": [[0],[0],[0],[0,0]]
    },
    "100611": {
        "id": 100611,
        "consume_goods": [30506,30506,30506,30506],
        "consume_count": [30,60,90,180],
        "consume_money": [100000,200000,300000,500000],
        "exchange_ids": [[0],[0],[0],[0,0]],
        "exchange_aptitude": [[0],[0],[14],[14,14]],
        "exchange_level": [[1],[1],[1],[1,1]],
        "exchange_star": [[5],[5],[5],[5,5]],
        "exchange_awaken": [[0],[0],[0],[0,0]]
    },
    "100621": {
        "id": 100621,
        "consume_goods": [30506,30506,30506,30506],
        "consume_count": [30,60,90,180],
        "consume_money": [100000,200000,300000,500000],
        "exchange_ids": [[0],[0],[0],[0,0]],
        "exchange_aptitude": [[0],[0],[14],[14,14]],
        "exchange_level": [[1],[1],[1],[1,1]],
        "exchange_star": [[5],[5],[5],[5,5]],
        "exchange_awaken": [[0],[0],[0],[0,0]]
    },
    "100631": {
        "id": 100631,
        "consume_goods": [30506,30506,30506,30506],
        "consume_count": [30,60,90,180],
        "consume_money": [100000,200000,300000,500000],
        "exchange_ids": [[0],[0],[0],[0,0]],
        "exchange_aptitude": [[0],[0],[13],[13,13]],
        "exchange_level": [[1],[1],[1],[1,1]],
        "exchange_star": [[5],[5],[5],[5,5]],
        "exchange_awaken": [[0],[0],[0],[0,0]]
    },
    "100641": {
        "id": 100641,
        "consume_goods": [30506,30506,30506,30506],
        "consume_count": [30,60,90,180],
        "consume_money": [100000,200000,300000,500000],
        "exchange_ids": [[0],[0],[0],[0,0]],
        "exchange_aptitude": [[0],[0],[13],[13,13]],
        "exchange_level": [[1],[1],[1],[1,1]],
        "exchange_star": [[5],[5],[5],[5,5]],
        "exchange_awaken": [[0],[0],[0],[0,0]]
    },
    "100651": {
        "id": 100651,
        "consume_goods": [30506,30506,30506,30506],
        "consume_count": [30,60,90,180],
        "consume_money": [100000,200000,300000,500000],
        "exchange_ids": [[0],[0],[0],[0,0]],
        "exchange_aptitude": [[0],[0],[14],[14,14]],
        "exchange_level": [[1],[1],[1],[1,1]],
        "exchange_star": [[5],[5],[5],[5,5]],
        "exchange_awaken": [[0],[0],[0],[0,0]]
    },
    "100661": {
        "id": 100661,
        "consume_goods": [30506,30506,30506,30506],
        "consume_count": [30,60,90,180],
        "consume_money": [100000,200000,300000,500000],
        "exchange_ids": [[0],[0],[0],[0,0]],
        "exchange_aptitude": [[0],[0],[14],[14,14]],
        "exchange_level": [[1],[1],[1],[1,1]],
        "exchange_star": [[5],[5],[5],[5,5]],
        "exchange_awaken": [[0],[0],[0],[0,0]]
    },
    "100671": {
        "id": 100671,
        "consume_goods": [30506,30506,30506,30506],
        "consume_count": [30,60,90,180],
        "consume_money": [100000,200000,300000,500000],
        "exchange_ids": [[0],[0],[0],[0,0]],
        "exchange_aptitude": [[0],[0],[14],[14,14]],
        "exchange_level": [[1],[1],[1],[1,1]],
        "exchange_star": [[5],[5],[5],[5,5]],
        "exchange_awaken": [[0],[0],[0],[0,0]]
    },
    "100681": {
        "id": 100681,
        "consume_goods": [30506,30506,30506,30506],
        "consume_count": [30,60,90,180],
        "consume_money": [100000,200000,300000,500000],
        "exchange_ids": [[0],[0],[0],[0,0]],
        "exchange_aptitude": [[0],[0],[14],[14,14]],
        "exchange_level": [[1],[1],[1],[1,1]],
        "exchange_star": [[5],[5],[5],[5,5]],
        "exchange_awaken": [[0],[0],[0],[0,0]]
    },
    "100691": {
        "id": 100691,
        "consume_goods": [30506,30506,30506,30506],
        "consume_count": [30,60,90,180],
        "consume_money": [100000,200000,300000,500000],
        "exchange_ids": [[0],[0],[0],[0,0]],
        "exchange_aptitude": [[0],[0],[14],[14,14]],
        "exchange_level": [[1],[1],[1],[1,1]],
        "exchange_star": [[5],[5],[5],[5,5]],
        "exchange_awaken": [[0],[0],[0],[0,0]]
    },
    "100701": {
        "id": 100701,
        "consume_goods": [30506,30506,30506,30506],
        "consume_count": [30,60,90,180],
        "consume_money": [100000,200000,300000,500000],
        "exchange_ids": [[0],[0],[0],[0,0]],
        "exchange_aptitude": [[0],[0],[14],[14,14]],
        "exchange_level": [[1],[1],[1],[1,1]],
        "exchange_star": [[5],[5],[5],[5,5]],
        "exchange_awaken": [[0],[0],[0],[0,0]]
    },
    "100711": {
        "id": 100711,
        "consume_goods": [30506,30506,30506,30506],
        "consume_count": [30,60,90,180],
        "consume_money": [100000,200000,300000,500000],
        "exchange_ids": [[0],[0],[0],[0,0]],
        "exchange_aptitude": [[0],[0],[14],[14,14]],
        "exchange_level": [[1],[1],[1],[1,1]],
        "exchange_star": [[5],[5],[5],[5,5]],
        "exchange_awaken": [[0],[0],[0],[0,0]]
    },
    "100721": {
        "id": 100721,
        "consume_goods": [30506,30506,30506,30506],
        "consume_count": [30,60,90,180],
        "consume_money": [100000,200000,300000,500000],
        "exchange_ids": [[0],[0],[0],[0,0]],
        "exchange_aptitude": [[0],[0],[14],[14,14]],
        "exchange_level": [[1],[1],[1],[1,1]],
        "exchange_star": [[5],[5],[5],[5,5]],
        "exchange_awaken": [[0],[0],[0],[0,0]]
    },
    "100731": {
        "id": 100731,
        "consume_goods": [30506,30506,30506,30506],
        "consume_count": [30,60,90,180],
        "consume_money": [100000,200000,300000,500000],
        "exchange_ids": [[0],[0],[0],[0,0]],
        "exchange_aptitude": [[0],[0],[14],[14,14]],
        "exchange_level": [[1],[1],[1],[1,1]],
        "exchange_star": [[5],[5],[5],[5,5]],
        "exchange_awaken": [[0],[0],[0],[0,0]]
    },
    "100741": {
        "id": 100741,
        "consume_goods": [30506,30506,30506,30506],
        "consume_count": [30,60,90,180],
        "consume_money": [100000,200000,300000,500000],
        "exchange_ids": [[0],[0],[0],[0,0]],
        "exchange_aptitude": [[0],[0],[13],[13,13]],
        "exchange_level": [[1],[1],[1],[1,1]],
        "exchange_star": [[5],[5],[5],[5,5]],
        "exchange_awaken": [[0],[0],[0],[0,0]]
    },
    "100751": {
        "id": 100751,
        "consume_goods": [30506,30506,30506,30506],
        "consume_count": [30,60,90,180],
        "consume_money": [100000,200000,300000,500000],
        "exchange_ids": [[0],[0],[0],[0,0]],
        "exchange_aptitude": [[0],[0],[14],[14,14]],
        "exchange_level": [[1],[1],[1],[1,1]],
        "exchange_star": [[5],[5],[5],[5,5]],
        "exchange_awaken": [[0],[0],[0],[0,0]]
    },
    "100761": {
        "id": 100761,
        "consume_goods": [30506,30506,30506,30506],
        "consume_count": [30,60,90,180],
        "consume_money": [100000,200000,300000,500000],
        "exchange_ids": [[0],[0],[0],[0,0]],
        "exchange_aptitude": [[0],[0],[14],[14,14]],
        "exchange_level": [[1],[1],[1],[1,1]],
        "exchange_star": [[5],[5],[5],[5,5]],
        "exchange_awaken": [[0],[0],[0],[0,0]]
    },
    "100771": {
        "id": 100771,
        "consume_goods": [30506,30506,30506,30506],
        "consume_count": [30,60,90,180],
        "consume_money": [100000,200000,300000,500000],
        "exchange_ids": [[0],[0],[0],[0,0]],
        "exchange_aptitude": [[0],[0],[14],[14,14]],
        "exchange_level": [[1],[1],[1],[1,1]],
        "exchange_star": [[5],[5],[5],[5,5]],
        "exchange_awaken": [[0],[0],[0],[0,0]]
    },
    "100012": {
        "id": 100012,
        "consume_goods": [30506,30506,30506,30506],
        "consume_count": [30,60,90,180],
        "consume_money": [100000,200000,300000,500000],
        "exchange_ids": [[0],[0],[0],[0,0]],
        "exchange_aptitude": [[0],[0],[13],[13,13]],
        "exchange_level": [[1],[1],[1],[1,1]],
        "exchange_star": [[5],[5],[5],[5,5]],
        "exchange_awaken": [[0],[0],[0],[0,0]]
    },
    "100022": {
        "id": 100022,
        "consume_goods": [30506,30506,30506,30506],
        "consume_count": [30,60,90,180],
        "consume_money": [100000,200000,300000,500000],
        "exchange_ids": [[0],[0],[0],[0,0]],
        "exchange_aptitude": [[0],[0],[12],[12,12]],
        "exchange_level": [[1],[1],[1],[1,1]],
        "exchange_star": [[5],[5],[5],[5,5]],
        "exchange_awaken": [[0],[0],[0],[0,0]]
    },
    "100032": {
        "id": 100032,
        "consume_goods": [30506,30506,30506,30506],
        "consume_count": [30,60,90,180],
        "consume_money": [100000,200000,300000,500000],
        "exchange_ids": [[0],[0],[0],[0,0]],
        "exchange_aptitude": [[0],[0],[13],[13,13]],
        "exchange_level": [[1],[1],[1],[1,1]],
        "exchange_star": [[5],[5],[5],[5,5]],
        "exchange_awaken": [[0],[0],[0],[0,0]]
    },
    "100042": {
        "id": 100042,
        "consume_goods": [30506,30506,30506,30506],
        "consume_count": [30,60,90,180],
        "consume_money": [100000,200000,300000,500000],
        "exchange_ids": [[0],[0],[0],[0,0]],
        "exchange_aptitude": [[0],[0],[14],[14,14]],
        "exchange_level": [[1],[1],[1],[1,1]],
        "exchange_star": [[5],[5],[5],[5,5]],
        "exchange_awaken": [[0],[0],[0],[0,0]]
    },
    "100052": {
        "id": 100052,
        "consume_goods": [30506,30506,30506,30506],
        "consume_count": [30,60,90,180],
        "consume_money": [100000,200000,300000,500000],
        "exchange_ids": [[0],[0],[0],[0,0]],
        "exchange_aptitude": [[0],[0],[13],[13,13]],
        "exchange_level": [[1],[1],[1],[1,1]],
        "exchange_star": [[5],[5],[5],[5,5]],
        "exchange_awaken": [[0],[0],[0],[0,0]]
    },
    "100062": {
        "id": 100062,
        "consume_goods": [30506,30506,30506,30506],
        "consume_count": [30,60,90,180],
        "consume_money": [100000,200000,300000,500000],
        "exchange_ids": [[0],[0],[0],[0,0]],
        "exchange_aptitude": [[0],[0],[12],[12,12]],
        "exchange_level": [[1],[1],[1],[1,1]],
        "exchange_star": [[5],[5],[5],[5,5]],
        "exchange_awaken": [[0],[0],[0],[0,0]]
    },
    "100072": {
        "id": 100072,
        "consume_goods": [30506,30506,30506,30506],
        "consume_count": [30,60,90,180],
        "consume_money": [100000,200000,300000,500000],
        "exchange_ids": [[0],[0],[0],[0,0]],
        "exchange_aptitude": [[0],[0],[13],[13,13]],
        "exchange_level": [[1],[1],[1],[1,1]],
        "exchange_star": [[5],[5],[5],[5,5]],
        "exchange_awaken": [[0],[0],[0],[0,0]]
    },
    "100082": {
        "id": 100082,
        "consume_goods": [30506,30506,30506,30506],
        "consume_count": [30,60,90,180],
        "consume_money": [100000,200000,300000,500000],
        "exchange_ids": [[0],[0],[0],[0,0]],
        "exchange_aptitude": [[0],[0],[12],[12,12]],
        "exchange_level": [[1],[1],[1],[1,1]],
        "exchange_star": [[5],[5],[5],[5,5]],
        "exchange_awaken": [[0],[0],[0],[0,0]]
    },
    "100092": {
        "id": 100092,
        "consume_goods": [30506,30506,30506,30506],
        "consume_count": [30,60,90,180],
        "consume_money": [100000,200000,300000,500000],
        "exchange_ids": [[0],[0],[0],[0,0]],
        "exchange_aptitude": [[0],[0],[12],[12,12]],
        "exchange_level": [[1],[1],[1],[1,1]],
        "exchange_star": [[5],[5],[5],[5,5]],
        "exchange_awaken": [[0],[0],[0],[0,0]]
    },
    "100102": {
        "id": 100102,
        "consume_goods": [30506,30506,30506,30506],
        "consume_count": [30,60,90,180],
        "consume_money": [100000,200000,300000,500000],
        "exchange_ids": [[0],[0],[0],[0,0]],
        "exchange_aptitude": [[0],[0],[12],[12,12]],
        "exchange_level": [[1],[1],[1],[1,1]],
        "exchange_star": [[5],[5],[5],[5,5]],
        "exchange_awaken": [[0],[0],[0],[0,0]]
    },
    "100112": {
        "id": 100112,
        "consume_goods": [30506,30506,30506,30506],
        "consume_count": [30,60,90,180],
        "consume_money": [100000,200000,300000,500000],
        "exchange_ids": [[0],[0],[0],[0,0]],
        "exchange_aptitude": [[0],[0],[13],[13,13]],
        "exchange_level": [[1],[1],[1],[1,1]],
        "exchange_star": [[5],[5],[5],[5,5]],
        "exchange_awaken": [[0],[0],[0],[0,0]]
    },
    "100122": {
        "id": 100122,
        "consume_goods": [30506,30506,30506,30506],
        "consume_count": [30,60,90,180],
        "consume_money": [100000,200000,300000,500000],
        "exchange_ids": [[0],[0],[0],[0,0]],
        "exchange_aptitude": [[0],[0],[13],[13,13]],
        "exchange_level": [[1],[1],[1],[1,1]],
        "exchange_star": [[5],[5],[5],[5,5]],
        "exchange_awaken": [[0],[0],[0],[0,0]]
    },
    "100132": {
        "id": 100132,
        "consume_goods": [30506,30506,30506,30506],
        "consume_count": [30,60,90,180],
        "consume_money": [100000,200000,300000,500000],
        "exchange_ids": [[0],[0],[0],[0,0]],
        "exchange_aptitude": [[0],[0],[14],[14,14]],
        "exchange_level": [[1],[1],[1],[1,1]],
        "exchange_star": [[5],[5],[5],[5,5]],
        "exchange_awaken": [[0],[0],[0],[0,0]]
    },
    "100142": {
        "id": 100142,
        "consume_goods": [30506,30506,30506,30506],
        "consume_count": [30,60,90,180],
        "consume_money": [100000,200000,300000,500000],
        "exchange_ids": [[0],[0],[0],[0,0]],
        "exchange_aptitude": [[0],[0],[13],[13,13]],
        "exchange_level": [[1],[1],[1],[1,1]],
        "exchange_star": [[5],[5],[5],[5,5]],
        "exchange_awaken": [[0],[0],[0],[0,0]]
    },
    "100152": {
        "id": 100152,
        "consume_goods": [30506,30506,30506,30506],
        "consume_count": [30,60,90,180],
        "consume_money": [100000,200000,300000,500000],
        "exchange_ids": [[0],[0],[0],[0,0]],
        "exchange_aptitude": [[0],[0],[12],[12,12]],
        "exchange_level": [[1],[1],[1],[1,1]],
        "exchange_star": [[5],[5],[5],[5,5]],
        "exchange_awaken": [[0],[0],[0],[0,0]]
    },
    "100162": {
        "id": 100162,
        "consume_goods": [30506,30506,30506,30506],
        "consume_count": [30,60,90,180],
        "consume_money": [100000,200000,300000,500000],
        "exchange_ids": [[0],[0],[0],[0,0]],
        "exchange_aptitude": [[0],[0],[12],[12,12]],
        "exchange_level": [[1],[1],[1],[1,1]],
        "exchange_star": [[5],[5],[5],[5,5]],
        "exchange_awaken": [[0],[0],[0],[0,0]]
    },
    "100172": {
        "id": 100172,
        "consume_goods": [30506,30506,30506,30506],
        "consume_count": [30,60,90,180],
        "consume_money": [100000,200000,300000,500000],
        "exchange_ids": [[0],[0],[0],[0,0]],
        "exchange_aptitude": [[0],[0],[14],[14,14]],
        "exchange_level": [[1],[1],[1],[1,1]],
        "exchange_star": [[5],[5],[5],[5,5]],
        "exchange_awaken": [[0],[0],[0],[0,0]]
    },
    "100182": {
        "id": 100182,
        "consume_goods": [30506,30506,30506,30506],
        "consume_count": [30,60,90,180],
        "consume_money": [100000,200000,300000,500000],
        "exchange_ids": [[0],[0],[0],[0,0]],
        "exchange_aptitude": [[0],[0],[14],[14,14]],
        "exchange_level": [[1],[1],[1],[1,1]],
        "exchange_star": [[5],[5],[5],[5,5]],
        "exchange_awaken": [[0],[0],[0],[0,0]]
    },
    "100192": {
        "id": 100192,
        "consume_goods": [30506,30506,30506,30506],
        "consume_count": [30,60,90,180],
        "consume_money": [100000,200000,300000,500000],
        "exchange_ids": [[0],[0],[0],[0,0]],
        "exchange_aptitude": [[0],[0],[14],[14,14]],
        "exchange_level": [[1],[1],[1],[1,1]],
        "exchange_star": [[5],[5],[5],[5,5]],
        "exchange_awaken": [[0],[0],[0],[0,0]]
    },
    "100202": {
        "id": 100202,
        "consume_goods": [30506,30506,30506,30506],
        "consume_count": [30,60,90,180],
        "consume_money": [100000,200000,300000,500000],
        "exchange_ids": [[0],[0],[0],[0,0]],
        "exchange_aptitude": [[0],[0],[14],[14,14]],
        "exchange_level": [[1],[1],[1],[1,1]],
        "exchange_star": [[5],[5],[5],[5,5]],
        "exchange_awaken": [[0],[0],[0],[0,0]]
    },
    "100212": {
        "id": 100212,
        "consume_goods": [30506,30506,30506,30506],
        "consume_count": [30,60,90,180],
        "consume_money": [100000,200000,300000,500000],
        "exchange_ids": [[0],[0],[0],[0,0]],
        "exchange_aptitude": [[0],[0],[13],[13,13]],
        "exchange_level": [[1],[1],[1],[1,1]],
        "exchange_star": [[5],[5],[5],[5,5]],
        "exchange_awaken": [[0],[0],[0],[0,0]]
    },
    "100222": {
        "id": 100222,
        "consume_goods": [30506,30506,30506,30506],
        "consume_count": [30,60,90,180],
        "consume_money": [100000,200000,300000,500000],
        "exchange_ids": [[0],[0],[0],[0,0]],
        "exchange_aptitude": [[0],[0],[12],[12,12]],
        "exchange_level": [[1],[1],[1],[1,1]],
        "exchange_star": [[5],[5],[5],[5,5]],
        "exchange_awaken": [[0],[0],[0],[0,0]]
    },
    "100232": {
        "id": 100232,
        "consume_goods": [30506,30506,30506,30506],
        "consume_count": [30,60,90,180],
        "consume_money": [100000,200000,300000,500000],
        "exchange_ids": [[0],[0],[0],[0,0]],
        "exchange_aptitude": [[0],[0],[13],[13,13]],
        "exchange_level": [[1],[1],[1],[1,1]],
        "exchange_star": [[5],[5],[5],[5,5]],
        "exchange_awaken": [[0],[0],[0],[0,0]]
    },
    "100242": {
        "id": 100242,
        "consume_goods": [30506,30506,30506,30506],
        "consume_count": [30,60,90,180],
        "consume_money": [100000,200000,300000,500000],
        "exchange_ids": [[0],[0],[0],[0,0]],
        "exchange_aptitude": [[0],[0],[12],[12,12]],
        "exchange_level": [[1],[1],[1],[1,1]],
        "exchange_star": [[5],[5],[5],[5,5]],
        "exchange_awaken": [[0],[0],[0],[0,0]]
    },
    "100252": {
        "id": 100252,
        "consume_goods": [30506,30506,30506,30506],
        "consume_count": [30,60,90,180],
        "consume_money": [100000,200000,300000,500000],
        "exchange_ids": [[0],[0],[0],[0,0]],
        "exchange_aptitude": [[0],[0],[12],[12,12]],
        "exchange_level": [[1],[1],[1],[1,1]],
        "exchange_star": [[5],[5],[5],[5,5]],
        "exchange_awaken": [[0],[0],[0],[0,0]]
    },
    "100262": {
        "id": 100262,
        "consume_goods": [30506,30506,30506,30506],
        "consume_count": [30,60,90,180],
        "consume_money": [100000,200000,300000,500000],
        "exchange_ids": [[0],[0],[0],[0,0]],
        "exchange_aptitude": [[0],[0],[13],[13,13]],
        "exchange_level": [[1],[1],[1],[1,1]],
        "exchange_star": [[5],[5],[5],[5,5]],
        "exchange_awaken": [[0],[0],[0],[0,0]]
    },
    "100272": {
        "id": 100272,
        "consume_goods": [30506,30506,30506,30506],
        "consume_count": [30,60,90,180],
        "consume_money": [100000,200000,300000,500000],
        "exchange_ids": [[0],[0],[0],[0,0]],
        "exchange_aptitude": [[0],[0],[12],[12,12]],
        "exchange_level": [[1],[1],[1],[1,1]],
        "exchange_star": [[5],[5],[5],[5,5]],
        "exchange_awaken": [[0],[0],[0],[0,0]]
    },
    "100282": {
        "id": 100282,
        "consume_goods": [30506,30506,30506,30506],
        "consume_count": [30,60,90,180],
        "consume_money": [100000,200000,300000,500000],
        "exchange_ids": [[0],[0],[0],[0,0]],
        "exchange_aptitude": [[0],[0],[14],[14,14]],
        "exchange_level": [[1],[1],[1],[1,1]],
        "exchange_star": [[5],[5],[5],[5,5]],
        "exchange_awaken": [[0],[0],[0],[0,0]]
    },
    "100292": {
        "id": 100292,
        "consume_goods": [30506,30506,30506,30506],
        "consume_count": [30,60,90,180],
        "consume_money": [100000,200000,300000,500000],
        "exchange_ids": [[0],[0],[0],[0,0]],
        "exchange_aptitude": [[0],[0],[13],[13,13]],
        "exchange_level": [[1],[1],[1],[1,1]],
        "exchange_star": [[5],[5],[5],[5,5]],
        "exchange_awaken": [[0],[0],[0],[0,0]]
    },
    "100302": {
        "id": 100302,
        "consume_goods": [30506,30506,30506,30506],
        "consume_count": [30,60,90,180],
        "consume_money": [100000,200000,300000,500000],
        "exchange_ids": [[0],[0],[0],[0,0]],
        "exchange_aptitude": [[0],[0],[13],[13,13]],
        "exchange_level": [[1],[1],[1],[1,1]],
        "exchange_star": [[5],[5],[5],[5,5]],
        "exchange_awaken": [[0],[0],[0],[0,0]]
    },
    "100312": {
        "id": 100312,
        "consume_goods": [30506,30506,30506,30506],
        "consume_count": [30,60,90,180],
        "consume_money": [100000,200000,300000,500000],
        "exchange_ids": [[0],[0],[0],[0,0]],
        "exchange_aptitude": [[0],[0],[13],[13,13]],
        "exchange_level": [[1],[1],[1],[1,1]],
        "exchange_star": [[5],[5],[5],[5,5]],
        "exchange_awaken": [[0],[0],[0],[0,0]]
    },
    "100322": {
        "id": 100322,
        "consume_goods": [30506,30506,30506,30506],
        "consume_count": [30,60,90,180],
        "consume_money": [100000,200000,300000,500000],
        "exchange_ids": [[0],[0],[0],[0,0]],
        "exchange_aptitude": [[0],[0],[12],[12,12]],
        "exchange_level": [[1],[1],[1],[1,1]],
        "exchange_star": [[5],[5],[5],[5,5]],
        "exchange_awaken": [[0],[0],[0],[0,0]]
    },
    "100332": {
        "id": 100332,
        "consume_goods": [30506,30506,30506,30506],
        "consume_count": [30,60,90,180],
        "consume_money": [100000,200000,300000,500000],
        "exchange_ids": [[0],[0],[0],[0,0]],
        "exchange_aptitude": [[0],[0],[14],[14,14]],
        "exchange_level": [[1],[1],[1],[1,1]],
        "exchange_star": [[5],[5],[5],[5,5]],
        "exchange_awaken": [[0],[0],[0],[0,0]]
    },
    "100342": {
        "id": 100342,
        "consume_goods": [30506,30506,30506,30506],
        "consume_count": [30,60,90,180],
        "consume_money": [100000,200000,300000,500000],
        "exchange_ids": [[0],[0],[0],[0,0]],
        "exchange_aptitude": [[0],[0],[13],[13,13]],
        "exchange_level": [[1],[1],[1],[1,1]],
        "exchange_star": [[5],[5],[5],[5,5]],
        "exchange_awaken": [[0],[0],[0],[0,0]]
    },
    "100352": {
        "id": 100352,
        "consume_goods": [30506,30506,30506,30506],
        "consume_count": [30,60,90,180],
        "consume_money": [100000,200000,300000,500000],
        "exchange_ids": [[0],[0],[0],[0,0]],
        "exchange_aptitude": [[0],[0],[14],[14,14]],
        "exchange_level": [[1],[1],[1],[1,1]],
        "exchange_star": [[5],[5],[5],[5,5]],
        "exchange_awaken": [[0],[0],[0],[0,0]]
    },
    "100362": {
        "id": 100362,
        "consume_goods": [30506,30506,30506,30506],
        "consume_count": [30,60,90,180],
        "consume_money": [100000,200000,300000,500000],
        "exchange_ids": [[0],[0],[0],[0,0]],
        "exchange_aptitude": [[0],[0],[14],[14,14]],
        "exchange_level": [[1],[1],[1],[1,1]],
        "exchange_star": [[5],[5],[5],[5,5]],
        "exchange_awaken": [[0],[0],[0],[0,0]]
    },
    "100372": {
        "id": 100372,
        "consume_goods": [30506,30506,30506,30506],
        "consume_count": [30,60,90,180],
        "consume_money": [100000,200000,300000,500000],
        "exchange_ids": [[0],[0],[0],[0,0]],
        "exchange_aptitude": [[0],[0],[14],[14,14]],
        "exchange_level": [[1],[1],[1],[1,1]],
        "exchange_star": [[5],[5],[5],[5,5]],
        "exchange_awaken": [[0],[0],[0],[0,0]]
    },
    "100382": {
        "id": 100382,
        "consume_goods": [30506,30506,30506,30506],
        "consume_count": [30,60,90,180],
        "consume_money": [100000,200000,300000,500000],
        "exchange_ids": [[0],[0],[0],[0,0]],
        "exchange_aptitude": [[0],[0],[12],[12,12]],
        "exchange_level": [[1],[1],[1],[1,1]],
        "exchange_star": [[5],[5],[5],[5,5]],
        "exchange_awaken": [[0],[0],[0],[0,0]]
    },
    "100392": {
        "id": 100392,
        "consume_goods": [30506,30506,30506,30506],
        "consume_count": [30,60,90,180],
        "consume_money": [100000,200000,300000,500000],
        "exchange_ids": [[0],[0],[0],[0,0]],
        "exchange_aptitude": [[0],[0],[13],[13,13]],
        "exchange_level": [[1],[1],[1],[1,1]],
        "exchange_star": [[5],[5],[5],[5,5]],
        "exchange_awaken": [[0],[0],[0],[0,0]]
    },
    "100402": {
        "id": 100402,
        "consume_goods": [30506,30506,30506,30506],
        "consume_count": [30,60,90,180],
        "consume_money": [100000,200000,300000,500000],
        "exchange_ids": [[0],[0],[0],[0,0]],
        "exchange_aptitude": [[0],[0],[14],[14,14]],
        "exchange_level": [[1],[1],[1],[1,1]],
        "exchange_star": [[5],[5],[5],[5,5]],
        "exchange_awaken": [[0],[0],[0],[0,0]]
    },
    "100412": {
        "id": 100412,
        "consume_goods": [30506,30506,30506,30506],
        "consume_count": [30,60,90,180],
        "consume_money": [100000,200000,300000,500000],
        "exchange_ids": [[0],[0],[0],[0,0]],
        "exchange_aptitude": [[0],[0],[14],[14,14]],
        "exchange_level": [[1],[1],[1],[1,1]],
        "exchange_star": [[5],[5],[5],[5,5]],
        "exchange_awaken": [[0],[0],[0],[0,0]]
    },
    "100422": {
        "id": 100422,
        "consume_goods": [30506,30506,30506,30506],
        "consume_count": [30,60,90,180],
        "consume_money": [100000,200000,300000,500000],
        "exchange_ids": [[0],[0],[0],[0,0]],
        "exchange_aptitude": [[0],[0],[14],[14,14]],
        "exchange_level": [[1],[1],[1],[1,1]],
        "exchange_star": [[5],[5],[5],[5,5]],
        "exchange_awaken": [[0],[0],[0],[0,0]]
    },
    "100432": {
        "id": 100432,
        "consume_goods": [30506,30506,30506,30506],
        "consume_count": [30,60,90,180],
        "consume_money": [100000,200000,300000,500000],
        "exchange_ids": [[0],[0],[0],[0,0]],
        "exchange_aptitude": [[0],[0],[14],[14,14]],
        "exchange_level": [[1],[1],[1],[1,1]],
        "exchange_star": [[5],[5],[5],[5,5]],
        "exchange_awaken": [[0],[0],[0],[0,0]]
    },
    "100442": {
        "id": 100442,
        "consume_goods": [30506,30506,30506,30506],
        "consume_count": [30,60,90,180],
        "consume_money": [100000,200000,300000,500000],
        "exchange_ids": [[0],[0],[0],[0,0]],
        "exchange_aptitude": [[0],[0],[14],[14,14]],
        "exchange_level": [[1],[1],[1],[1,1]],
        "exchange_star": [[5],[5],[5],[5,5]],
        "exchange_awaken": [[0],[0],[0],[0,0]]
    },
    "100452": {
        "id": 100452,
        "consume_goods": [30506,30506,30506,30506],
        "consume_count": [30,60,90,180],
        "consume_money": [100000,200000,300000,500000],
        "exchange_ids": [[0],[0],[0],[0,0]],
        "exchange_aptitude": [[0],[0],[11],[11,11]],
        "exchange_level": [[1],[1],[1],[1,1]],
        "exchange_star": [[5],[5],[5],[5,5]],
        "exchange_awaken": [[0],[0],[0],[0,0]]
    },
    "100462": {
        "id": 100462,
        "consume_goods": [30506,30506,30506,30506],
        "consume_count": [30,60,90,180],
        "consume_money": [100000,200000,300000,500000],
        "exchange_ids": [[0],[0],[0],[0,0]],
        "exchange_aptitude": [[0],[0],[11],[11,11]],
        "exchange_level": [[1],[1],[1],[1,1]],
        "exchange_star": [[5],[5],[5],[5,5]],
        "exchange_awaken": [[0],[0],[0],[0,0]]
    },
    "100472": {
        "id": 100472,
        "consume_goods": [30506,30506,30506,30506],
        "consume_count": [30,60,90,180],
        "consume_money": [100000,200000,300000,500000],
        "exchange_ids": [[0],[0],[0],[0,0]],
        "exchange_aptitude": [[0],[0],[11],[11,11]],
        "exchange_level": [[1],[1],[1],[1,1]],
        "exchange_star": [[5],[5],[5],[5,5]],
        "exchange_awaken": [[0],[0],[0],[0,0]]
    },
    "100482": {
        "id": 100482,
        "consume_goods": [30506,30506,30506,30506],
        "consume_count": [30,60,90,180],
        "consume_money": [100000,200000,300000,500000],
        "exchange_ids": [[0],[0],[0],[0,0]],
        "exchange_aptitude": [[0],[0],[11],[11,11]],
        "exchange_level": [[1],[1],[1],[1,1]],
        "exchange_star": [[5],[5],[5],[5,5]],
        "exchange_awaken": [[0],[0],[0],[0,0]]
    },
    "100492": {
        "id": 100492,
        "consume_goods": [30506,30506,30506,30506],
        "consume_count": [30,60,90,180],
        "consume_money": [100000,200000,300000,500000],
        "exchange_ids": [[0],[0],[0],[0,0]],
        "exchange_aptitude": [[0],[0],[11],[11,11]],
        "exchange_level": [[1],[1],[1],[1,1]],
        "exchange_star": [[5],[5],[5],[5,5]],
        "exchange_awaken": [[0],[0],[0],[0,0]]
    },
    "100502": {
        "id": 100502,
        "consume_goods": [30506,30506,30506,30506],
        "consume_count": [30,60,90,180],
        "consume_money": [100000,200000,300000,500000],
        "exchange_ids": [[0],[0],[0],[0,0]],
        "exchange_aptitude": [[0],[0],[11],[11,11]],
        "exchange_level": [[1],[1],[1],[1,1]],
        "exchange_star": [[5],[5],[5],[5,5]],
        "exchange_awaken": [[0],[0],[0],[0,0]]
    },
    "100512": {
        "id": 100512,
        "consume_goods": [30506,30506,30506,30506],
        "consume_count": [30,60,90,180],
        "consume_money": [100000,200000,300000,500000],
        "exchange_ids": [[0],[0],[0],[0,0]],
        "exchange_aptitude": [[0],[0],[11],[11,11]],
        "exchange_level": [[1],[1],[1],[1,1]],
        "exchange_star": [[5],[5],[5],[5,5]],
        "exchange_awaken": [[0],[0],[0],[0,0]]
    },
    "100522": {
        "id": 100522,
        "consume_goods": [30506,30506,30506,30506],
        "consume_count": [30,60,90,180],
        "consume_money": [100000,200000,300000,500000],
        "exchange_ids": [[0],[0],[0],[0,0]],
        "exchange_aptitude": [[0],[0],[11],[11,11]],
        "exchange_level": [[1],[1],[1],[1,1]],
        "exchange_star": [[5],[5],[5],[5,5]],
        "exchange_awaken": [[0],[0],[0],[0,0]]
    },
    "100532": {
        "id": 100532,
        "consume_goods": [30506,30506,30506,30506],
        "consume_count": [30,60,90,180],
        "consume_money": [100000,200000,300000,500000],
        "exchange_ids": [[0],[0],[0],[0,0]],
        "exchange_aptitude": [[0],[0],[11],[11,11]],
        "exchange_level": [[1],[1],[1],[1,1]],
        "exchange_star": [[5],[5],[5],[5,5]],
        "exchange_awaken": [[0],[0],[0],[0,0]]
    },
    "100542": {
        "id": 100542,
        "consume_goods": [30506,30506,30506,30506],
        "consume_count": [30,60,90,180],
        "consume_money": [100000,200000,300000,500000],
        "exchange_ids": [[0],[0],[0],[0,0]],
        "exchange_aptitude": [[0],[0],[11],[11,11]],
        "exchange_level": [[1],[1],[1],[1,1]],
        "exchange_star": [[5],[5],[5],[5,5]],
        "exchange_awaken": [[0],[0],[0],[0,0]]
    },
    "100552": {
        "id": 100552,
        "consume_goods": [30506,30506,30506,30506],
        "consume_count": [30,60,90,180],
        "consume_money": [100000,200000,300000,500000],
        "exchange_ids": [[0],[0],[0],[0,0]],
        "exchange_aptitude": [[0],[0],[13],[13,13]],
        "exchange_level": [[1],[1],[1],[1,1]],
        "exchange_star": [[5],[5],[5],[5,5]],
        "exchange_awaken": [[0],[0],[0],[0,0]]
    },
    "100562": {
        "id": 100562,
        "consume_goods": [30506,30506,30506,30506],
        "consume_count": [30,60,90,180],
        "consume_money": [100000,200000,300000,500000],
        "exchange_ids": [[0],[0],[0],[0,0]],
        "exchange_aptitude": [[0],[0],[13],[13,13]],
        "exchange_level": [[1],[1],[1],[1,1]],
        "exchange_star": [[5],[5],[5],[5,5]],
        "exchange_awaken": [[0],[0],[0],[0,0]]
    },
    "100572": {
        "id": 100572,
        "consume_goods": [30506,30506,30506,30506],
        "consume_count": [30,60,90,180],
        "consume_money": [100000,200000,300000,500000],
        "exchange_ids": [[0],[0],[0],[0,0]],
        "exchange_aptitude": [[0],[0],[11],[11,11]],
        "exchange_level": [[1],[1],[1],[1,1]],
        "exchange_star": [[5],[5],[5],[5,5]],
        "exchange_awaken": [[0],[0],[0],[0,0]]
    },
    "100582": {
        "id": 100582,
        "consume_goods": [30506,30506,30506,30506],
        "consume_count": [30,60,90,180],
        "consume_money": [100000,200000,300000,500000],
        "exchange_ids": [[0],[0],[0],[0,0]],
        "exchange_aptitude": [[0],[0],[12],[12,12]],
        "exchange_level": [[1],[1],[1],[1,1]],
        "exchange_star": [[5],[5],[5],[5,5]],
        "exchange_awaken": [[0],[0],[0],[0,0]]
    },
    "100592": {
        "id": 100592,
        "consume_goods": [30506,30506,30506,30506],
        "consume_count": [30,60,90,180],
        "consume_money": [100000,200000,300000,500000],
        "exchange_ids": [[0],[0],[0],[0,0]],
        "exchange_aptitude": [[0],[0],[13],[13,13]],
        "exchange_level": [[1],[1],[1],[1,1]],
        "exchange_star": [[5],[5],[5],[5,5]],
        "exchange_awaken": [[0],[0],[0],[0,0]]
    },
    "100602": {
        "id": 100602,
        "consume_goods": [30506,30506,30506,30506],
        "consume_count": [30,60,90,180],
        "consume_money": [100000,200000,300000,500000],
        "exchange_ids": [[0],[0],[0],[0,0]],
        "exchange_aptitude": [[0],[0],[14],[14,14]],
        "exchange_level": [[1],[1],[1],[1,1]],
        "exchange_star": [[5],[5],[5],[5,5]],
        "exchange_awaken": [[0],[0],[0],[0,0]]
    },
    "100612": {
        "id": 100612,
        "consume_goods": [30506,30506,30506,30506],
        "consume_count": [30,60,90,180],
        "consume_money": [100000,200000,300000,500000],
        "exchange_ids": [[0],[0],[0],[0,0]],
        "exchange_aptitude": [[0],[0],[14],[14,14]],
        "exchange_level": [[1],[1],[1],[1,1]],
        "exchange_star": [[5],[5],[5],[5,5]],
        "exchange_awaken": [[0],[0],[0],[0,0]]
    },
    "100622": {
        "id": 100622,
        "consume_goods": [30506,30506,30506,30506],
        "consume_count": [30,60,90,180],
        "consume_money": [100000,200000,300000,500000],
        "exchange_ids": [[0],[0],[0],[0,0]],
        "exchange_aptitude": [[0],[0],[14],[14,14]],
        "exchange_level": [[1],[1],[1],[1,1]],
        "exchange_star": [[5],[5],[5],[5,5]],
        "exchange_awaken": [[0],[0],[0],[0,0]]
    },
    "100632": {
        "id": 100632,
        "consume_goods": [30506,30506,30506,30506],
        "consume_count": [30,60,90,180],
        "consume_money": [100000,200000,300000,500000],
        "exchange_ids": [[0],[0],[0],[0,0]],
        "exchange_aptitude": [[0],[0],[13],[13,13]],
        "exchange_level": [[1],[1],[1],[1,1]],
        "exchange_star": [[5],[5],[5],[5,5]],
        "exchange_awaken": [[0],[0],[0],[0,0]]
    },
    "100642": {
        "id": 100642,
        "consume_goods": [30506,30506,30506,30506],
        "consume_count": [30,60,90,180],
        "consume_money": [100000,200000,300000,500000],
        "exchange_ids": [[0],[0],[0],[0,0]],
        "exchange_aptitude": [[0],[0],[13],[13,13]],
        "exchange_level": [[1],[1],[1],[1,1]],
        "exchange_star": [[5],[5],[5],[5,5]],
        "exchange_awaken": [[0],[0],[0],[0,0]]
    },
    "100652": {
        "id": 100652,
        "consume_goods": [30506,30506,30506,30506],
        "consume_count": [30,60,90,180],
        "consume_money": [100000,200000,300000,500000],
        "exchange_ids": [[0],[0],[0],[0,0]],
        "exchange_aptitude": [[0],[0],[14],[14,14]],
        "exchange_level": [[1],[1],[1],[1,1]],
        "exchange_star": [[5],[5],[5],[5,5]],
        "exchange_awaken": [[0],[0],[0],[0,0]]
    },
    "100662": {
        "id": 100662,
        "consume_goods": [30506,30506,30506,30506],
        "consume_count": [30,60,90,180],
        "consume_money": [100000,200000,300000,500000],
        "exchange_ids": [[0],[0],[0],[0,0]],
        "exchange_aptitude": [[0],[0],[14],[14,14]],
        "exchange_level": [[1],[1],[1],[1,1]],
        "exchange_star": [[5],[5],[5],[5,5]],
        "exchange_awaken": [[0],[0],[0],[0,0]]
    },
    "100672": {
        "id": 100672,
        "consume_goods": [30506,30506,30506,30506],
        "consume_count": [30,60,90,180],
        "consume_money": [100000,200000,300000,500000],
        "exchange_ids": [[0],[0],[0],[0,0]],
        "exchange_aptitude": [[0],[0],[14],[14,14]],
        "exchange_level": [[1],[1],[1],[1,1]],
        "exchange_star": [[5],[5],[5],[5,5]],
        "exchange_awaken": [[0],[0],[0],[0,0]]
    },
    "100682": {
        "id": 100682,
        "consume_goods": [30506,30506,30506,30506],
        "consume_count": [30,60,90,180],
        "consume_money": [100000,200000,300000,500000],
        "exchange_ids": [[0],[0],[0],[0,0]],
        "exchange_aptitude": [[0],[0],[14],[14,14]],
        "exchange_level": [[1],[1],[1],[1,1]],
        "exchange_star": [[5],[5],[5],[5,5]],
        "exchange_awaken": [[0],[0],[0],[0,0]]
    },
    "100692": {
        "id": 100692,
        "consume_goods": [30506,30506,30506,30506],
        "consume_count": [30,60,90,180],
        "consume_money": [100000,200000,300000,500000],
        "exchange_ids": [[0],[0],[0],[0,0]],
        "exchange_aptitude": [[0],[0],[14],[14,14]],
        "exchange_level": [[1],[1],[1],[1,1]],
        "exchange_star": [[5],[5],[5],[5,5]],
        "exchange_awaken": [[0],[0],[0],[0,0]]
    },
    "100702": {
        "id": 100702,
        "consume_goods": [30506,30506,30506,30506],
        "consume_count": [30,60,90,180],
        "consume_money": [100000,200000,300000,500000],
        "exchange_ids": [[0],[0],[0],[0,0]],
        "exchange_aptitude": [[0],[0],[14],[14,14]],
        "exchange_level": [[1],[1],[1],[1,1]],
        "exchange_star": [[5],[5],[5],[5,5]],
        "exchange_awaken": [[0],[0],[0],[0,0]]
    },
    "100712": {
        "id": 100712,
        "consume_goods": [30506,30506,30506,30506],
        "consume_count": [30,60,90,180],
        "consume_money": [100000,200000,300000,500000],
        "exchange_ids": [[0],[0],[0],[0,0]],
        "exchange_aptitude": [[0],[0],[14],[14,14]],
        "exchange_level": [[1],[1],[1],[1,1]],
        "exchange_star": [[5],[5],[5],[5,5]],
        "exchange_awaken": [[0],[0],[0],[0,0]]
    },
    "100722": {
        "id": 100722,
        "consume_goods": [30506,30506,30506,30506],
        "consume_count": [30,60,90,180],
        "consume_money": [100000,200000,300000,500000],
        "exchange_ids": [[0],[0],[0],[0,0]],
        "exchange_aptitude": [[0],[0],[14],[14,14]],
        "exchange_level": [[1],[1],[1],[1,1]],
        "exchange_star": [[5],[5],[5],[5,5]],
        "exchange_awaken": [[0],[0],[0],[0,0]]
    },
    "100732": {
        "id": 100732,
        "consume_goods": [30506,30506,30506,30506],
        "consume_count": [30,60,90,180],
        "consume_money": [100000,200000,300000,500000],
        "exchange_ids": [[0],[0],[0],[0,0]],
        "exchange_aptitude": [[0],[0],[14],[14,14]],
        "exchange_level": [[1],[1],[1],[1,1]],
        "exchange_star": [[5],[5],[5],[5,5]],
        "exchange_awaken": [[0],[0],[0],[0,0]]
    },
    "100742": {
        "id": 100742,
        "consume_goods": [30506,30506,30506,30506],
        "consume_count": [30,60,90,180],
        "consume_money": [100000,200000,300000,500000],
        "exchange_ids": [[0],[0],[0],[0,0]],
        "exchange_aptitude": [[0],[0],[13],[13,13]],
        "exchange_level": [[1],[1],[1],[1,1]],
        "exchange_star": [[5],[5],[5],[5,5]],
        "exchange_awaken": [[0],[0],[0],[0,0]]
    },
    "100752": {
        "id": 100752,
        "consume_goods": [30506,30506,30506,30506],
        "consume_count": [30,60,90,180],
        "consume_money": [100000,200000,300000,500000],
        "exchange_ids": [[0],[0],[0],[0,0]],
        "exchange_aptitude": [[0],[0],[14],[14,14]],
        "exchange_level": [[1],[1],[1],[1,1]],
        "exchange_star": [[5],[5],[5],[5,5]],
        "exchange_awaken": [[0],[0],[0],[0,0]]
    },
    "100762": {
        "id": 100762,
        "consume_goods": [30506,30506,30506,30506],
        "consume_count": [30,60,90,180],
        "consume_money": [100000,200000,300000,500000],
        "exchange_ids": [[0],[0],[0],[0,0]],
        "exchange_aptitude": [[0],[0],[14],[14,14]],
        "exchange_level": [[1],[1],[1],[1,1]],
        "exchange_star": [[5],[5],[5],[5,5]],
        "exchange_awaken": [[0],[0],[0],[0,0]]
    },
    "100772": {
        "id": 100772,
        "consume_goods": [30506,30506,30506,30506],
        "consume_count": [30,60,90,180],
        "consume_money": [100000,200000,300000,500000],
        "exchange_ids": [[0],[0],[0],[0,0]],
        "exchange_aptitude": [[0],[0],[14],[14,14]],
        "exchange_level": [[1],[1],[1],[1,1]],
        "exchange_star": [[5],[5],[5],[5,5]],
        "exchange_awaken": [[0],[0],[0],[0,0]]
    },
    "100013": {
        "id": 100013,
        "consume_goods": [30506,30506,30506,30506],
        "consume_count": [30,60,90,180],
        "consume_money": [100000,200000,300000,500000],
        "exchange_ids": [[0],[0],[0],[0,0]],
        "exchange_aptitude": [[0],[0],[13],[13,13]],
        "exchange_level": [[1],[1],[1],[1,1]],
        "exchange_star": [[5],[5],[5],[5,5]],
        "exchange_awaken": [[0],[0],[0],[0,0]]
    },
    "100023": {
        "id": 100023,
        "consume_goods": [30506,30506,30506,30506],
        "consume_count": [30,60,90,180],
        "consume_money": [100000,200000,300000,500000],
        "exchange_ids": [[0],[0],[0],[0,0]],
        "exchange_aptitude": [[0],[0],[12],[12,12]],
        "exchange_level": [[1],[1],[1],[1,1]],
        "exchange_star": [[5],[5],[5],[5,5]],
        "exchange_awaken": [[0],[0],[0],[0,0]]
    },
    "100033": {
        "id": 100033,
        "consume_goods": [30506,30506,30506,30506],
        "consume_count": [30,60,90,180],
        "consume_money": [100000,200000,300000,500000],
        "exchange_ids": [[0],[0],[0],[0,0]],
        "exchange_aptitude": [[0],[0],[13],[13,13]],
        "exchange_level": [[1],[1],[1],[1,1]],
        "exchange_star": [[5],[5],[5],[5,5]],
        "exchange_awaken": [[0],[0],[0],[0,0]]
    },
    "100043": {
        "id": 100043,
        "consume_goods": [30506,30506,30506,30506],
        "consume_count": [30,60,90,180],
        "consume_money": [100000,200000,300000,500000],
        "exchange_ids": [[0],[0],[0],[0,0]],
        "exchange_aptitude": [[0],[0],[14],[14,14]],
        "exchange_level": [[1],[1],[1],[1,1]],
        "exchange_star": [[5],[5],[5],[5,5]],
        "exchange_awaken": [[0],[0],[0],[0,0]]
    },
    "100053": {
        "id": 100053,
        "consume_goods": [30506,30506,30506,30506],
        "consume_count": [30,60,90,180],
        "consume_money": [100000,200000,300000,500000],
        "exchange_ids": [[0],[0],[0],[0,0]],
        "exchange_aptitude": [[0],[0],[13],[13,13]],
        "exchange_level": [[1],[1],[1],[1,1]],
        "exchange_star": [[5],[5],[5],[5,5]],
        "exchange_awaken": [[0],[0],[0],[0,0]]
    },
    "100063": {
        "id": 100063,
        "consume_goods": [30506,30506,30506,30506],
        "consume_count": [30,60,90,180],
        "consume_money": [100000,200000,300000,500000],
        "exchange_ids": [[0],[0],[0],[0,0]],
        "exchange_aptitude": [[0],[0],[12],[12,12]],
        "exchange_level": [[1],[1],[1],[1,1]],
        "exchange_star": [[5],[5],[5],[5,5]],
        "exchange_awaken": [[0],[0],[0],[0,0]]
    },
    "100073": {
        "id": 100073,
        "consume_goods": [30506,30506,30506,30506],
        "consume_count": [30,60,90,180],
        "consume_money": [100000,200000,300000,500000],
        "exchange_ids": [[0],[0],[0],[0,0]],
        "exchange_aptitude": [[0],[0],[13],[13,13]],
        "exchange_level": [[1],[1],[1],[1,1]],
        "exchange_star": [[5],[5],[5],[5,5]],
        "exchange_awaken": [[0],[0],[0],[0,0]]
    },
    "100083": {
        "id": 100083,
        "consume_goods": [30506,30506,30506,30506],
        "consume_count": [30,60,90,180],
        "consume_money": [100000,200000,300000,500000],
        "exchange_ids": [[0],[0],[0],[0,0]],
        "exchange_aptitude": [[0],[0],[12],[12,12]],
        "exchange_level": [[1],[1],[1],[1,1]],
        "exchange_star": [[5],[5],[5],[5,5]],
        "exchange_awaken": [[0],[0],[0],[0,0]]
    },
    "100093": {
        "id": 100093,
        "consume_goods": [30506,30506,30506,30506],
        "consume_count": [30,60,90,180],
        "consume_money": [100000,200000,300000,500000],
        "exchange_ids": [[0],[0],[0],[0,0]],
        "exchange_aptitude": [[0],[0],[12],[12,12]],
        "exchange_level": [[1],[1],[1],[1,1]],
        "exchange_star": [[5],[5],[5],[5,5]],
        "exchange_awaken": [[0],[0],[0],[0,0]]
    },
    "100103": {
        "id": 100103,
        "consume_goods": [30506,30506,30506,30506],
        "consume_count": [30,60,90,180],
        "consume_money": [100000,200000,300000,500000],
        "exchange_ids": [[0],[0],[0],[0,0]],
        "exchange_aptitude": [[0],[0],[12],[12,12]],
        "exchange_level": [[1],[1],[1],[1,1]],
        "exchange_star": [[5],[5],[5],[5,5]],
        "exchange_awaken": [[0],[0],[0],[0,0]]
    },
    "100113": {
        "id": 100113,
        "consume_goods": [30506,30506,30506,30506],
        "consume_count": [30,60,90,180],
        "consume_money": [100000,200000,300000,500000],
        "exchange_ids": [[0],[0],[0],[0,0]],
        "exchange_aptitude": [[0],[0],[13],[13,13]],
        "exchange_level": [[1],[1],[1],[1,1]],
        "exchange_star": [[5],[5],[5],[5,5]],
        "exchange_awaken": [[0],[0],[0],[0,0]]
    },
    "100123": {
        "id": 100123,
        "consume_goods": [30506,30506,30506,30506],
        "consume_count": [30,60,90,180],
        "consume_money": [100000,200000,300000,500000],
        "exchange_ids": [[0],[0],[0],[0,0]],
        "exchange_aptitude": [[0],[0],[13],[13,13]],
        "exchange_level": [[1],[1],[1],[1,1]],
        "exchange_star": [[5],[5],[5],[5,5]],
        "exchange_awaken": [[0],[0],[0],[0,0]]
    },
    "100133": {
        "id": 100133,
        "consume_goods": [30506,30506,30506,30506],
        "consume_count": [30,60,90,180],
        "consume_money": [100000,200000,300000,500000],
        "exchange_ids": [[0],[0],[0],[0,0]],
        "exchange_aptitude": [[0],[0],[14],[14,14]],
        "exchange_level": [[1],[1],[1],[1,1]],
        "exchange_star": [[5],[5],[5],[5,5]],
        "exchange_awaken": [[0],[0],[0],[0,0]]
    },
    "100143": {
        "id": 100143,
        "consume_goods": [30506,30506,30506,30506],
        "consume_count": [30,60,90,180],
        "consume_money": [100000,200000,300000,500000],
        "exchange_ids": [[0],[0],[0],[0,0]],
        "exchange_aptitude": [[0],[0],[13],[13,13]],
        "exchange_level": [[1],[1],[1],[1,1]],
        "exchange_star": [[5],[5],[5],[5,5]],
        "exchange_awaken": [[0],[0],[0],[0,0]]
    },
    "100153": {
        "id": 100153,
        "consume_goods": [30506,30506,30506,30506],
        "consume_count": [30,60,90,180],
        "consume_money": [100000,200000,300000,500000],
        "exchange_ids": [[0],[0],[0],[0,0]],
        "exchange_aptitude": [[0],[0],[12],[12,12]],
        "exchange_level": [[1],[1],[1],[1,1]],
        "exchange_star": [[5],[5],[5],[5,5]],
        "exchange_awaken": [[0],[0],[0],[0,0]]
    },
    "100163": {
        "id": 100163,
        "consume_goods": [30506,30506,30506,30506],
        "consume_count": [30,60,90,180],
        "consume_money": [100000,200000,300000,500000],
        "exchange_ids": [[0],[0],[0],[0,0]],
        "exchange_aptitude": [[0],[0],[12],[12,12]],
        "exchange_level": [[1],[1],[1],[1,1]],
        "exchange_star": [[5],[5],[5],[5,5]],
        "exchange_awaken": [[0],[0],[0],[0,0]]
    },
    "100173": {
        "id": 100173,
        "consume_goods": [30506,30506,30506,30506],
        "consume_count": [30,60,90,180],
        "consume_money": [100000,200000,300000,500000],
        "exchange_ids": [[0],[0],[0],[0,0]],
        "exchange_aptitude": [[0],[0],[14],[14,14]],
        "exchange_level": [[1],[1],[1],[1,1]],
        "exchange_star": [[5],[5],[5],[5,5]],
        "exchange_awaken": [[0],[0],[0],[0,0]]
    },
    "100183": {
        "id": 100183,
        "consume_goods": [30506,30506,30506,30506],
        "consume_count": [30,60,90,180],
        "consume_money": [100000,200000,300000,500000],
        "exchange_ids": [[0],[0],[0],[0,0]],
        "exchange_aptitude": [[0],[0],[14],[14,14]],
        "exchange_level": [[1],[1],[1],[1,1]],
        "exchange_star": [[5],[5],[5],[5,5]],
        "exchange_awaken": [[0],[0],[0],[0,0]]
    },
    "100193": {
        "id": 100193,
        "consume_goods": [30506,30506,30506,30506],
        "consume_count": [30,60,90,180],
        "consume_money": [100000,200000,300000,500000],
        "exchange_ids": [[0],[0],[0],[0,0]],
        "exchange_aptitude": [[0],[0],[14],[14,14]],
        "exchange_level": [[1],[1],[1],[1,1]],
        "exchange_star": [[5],[5],[5],[5,5]],
        "exchange_awaken": [[0],[0],[0],[0,0]]
    },
    "100203": {
        "id": 100203,
        "consume_goods": [30506,30506,30506,30506],
        "consume_count": [30,60,90,180],
        "consume_money": [100000,200000,300000,500000],
        "exchange_ids": [[0],[0],[0],[0,0]],
        "exchange_aptitude": [[0],[0],[14],[14,14]],
        "exchange_level": [[1],[1],[1],[1,1]],
        "exchange_star": [[5],[5],[5],[5,5]],
        "exchange_awaken": [[0],[0],[0],[0,0]]
    },
    "100213": {
        "id": 100213,
        "consume_goods": [30506,30506,30506,30506],
        "consume_count": [30,60,90,180],
        "consume_money": [100000,200000,300000,500000],
        "exchange_ids": [[0],[0],[0],[0,0]],
        "exchange_aptitude": [[0],[0],[13],[13,13]],
        "exchange_level": [[1],[1],[1],[1,1]],
        "exchange_star": [[5],[5],[5],[5,5]],
        "exchange_awaken": [[0],[0],[0],[0,0]]
    },
    "100223": {
        "id": 100223,
        "consume_goods": [30506,30506,30506,30506],
        "consume_count": [30,60,90,180],
        "consume_money": [100000,200000,300000,500000],
        "exchange_ids": [[0],[0],[0],[0,0]],
        "exchange_aptitude": [[0],[0],[12],[12,12]],
        "exchange_level": [[1],[1],[1],[1,1]],
        "exchange_star": [[5],[5],[5],[5,5]],
        "exchange_awaken": [[0],[0],[0],[0,0]]
    },
    "100233": {
        "id": 100233,
        "consume_goods": [30506,30506,30506,30506],
        "consume_count": [30,60,90,180],
        "consume_money": [100000,200000,300000,500000],
        "exchange_ids": [[0],[0],[0],[0,0]],
        "exchange_aptitude": [[0],[0],[13],[13,13]],
        "exchange_level": [[1],[1],[1],[1,1]],
        "exchange_star": [[5],[5],[5],[5,5]],
        "exchange_awaken": [[0],[0],[0],[0,0]]
    },
    "100243": {
        "id": 100243,
        "consume_goods": [30506,30506,30506,30506],
        "consume_count": [30,60,90,180],
        "consume_money": [100000,200000,300000,500000],
        "exchange_ids": [[0],[0],[0],[0,0]],
        "exchange_aptitude": [[0],[0],[12],[12,12]],
        "exchange_level": [[1],[1],[1],[1,1]],
        "exchange_star": [[5],[5],[5],[5,5]],
        "exchange_awaken": [[0],[0],[0],[0,0]]
    },
    "100253": {
        "id": 100253,
        "consume_goods": [30506,30506,30506,30506],
        "consume_count": [30,60,90,180],
        "consume_money": [100000,200000,300000,500000],
        "exchange_ids": [[0],[0],[0],[0,0]],
        "exchange_aptitude": [[0],[0],[12],[12,12]],
        "exchange_level": [[1],[1],[1],[1,1]],
        "exchange_star": [[5],[5],[5],[5,5]],
        "exchange_awaken": [[0],[0],[0],[0,0]]
    },
    "100263": {
        "id": 100263,
        "consume_goods": [30506,30506,30506,30506],
        "consume_count": [30,60,90,180],
        "consume_money": [100000,200000,300000,500000],
        "exchange_ids": [[0],[0],[0],[0,0]],
        "exchange_aptitude": [[0],[0],[13],[13,13]],
        "exchange_level": [[1],[1],[1],[1,1]],
        "exchange_star": [[5],[5],[5],[5,5]],
        "exchange_awaken": [[0],[0],[0],[0,0]]
    },
    "100273": {
        "id": 100273,
        "consume_goods": [30506,30506,30506,30506],
        "consume_count": [30,60,90,180],
        "consume_money": [100000,200000,300000,500000],
        "exchange_ids": [[0],[0],[0],[0,0]],
        "exchange_aptitude": [[0],[0],[12],[12,12]],
        "exchange_level": [[1],[1],[1],[1,1]],
        "exchange_star": [[5],[5],[5],[5,5]],
        "exchange_awaken": [[0],[0],[0],[0,0]]
    },
    "100283": {
        "id": 100283,
        "consume_goods": [30506,30506,30506,30506],
        "consume_count": [30,60,90,180],
        "consume_money": [100000,200000,300000,500000],
        "exchange_ids": [[0],[0],[0],[0,0]],
        "exchange_aptitude": [[0],[0],[14],[14,14]],
        "exchange_level": [[1],[1],[1],[1,1]],
        "exchange_star": [[5],[5],[5],[5,5]],
        "exchange_awaken": [[0],[0],[0],[0,0]]
    },
    "100293": {
        "id": 100293,
        "consume_goods": [30506,30506,30506,30506],
        "consume_count": [30,60,90,180],
        "consume_money": [100000,200000,300000,500000],
        "exchange_ids": [[0],[0],[0],[0,0]],
        "exchange_aptitude": [[0],[0],[13],[13,13]],
        "exchange_level": [[1],[1],[1],[1,1]],
        "exchange_star": [[5],[5],[5],[5,5]],
        "exchange_awaken": [[0],[0],[0],[0,0]]
    },
    "100303": {
        "id": 100303,
        "consume_goods": [30506,30506,30506,30506],
        "consume_count": [30,60,90,180],
        "consume_money": [100000,200000,300000,500000],
        "exchange_ids": [[0],[0],[0],[0,0]],
        "exchange_aptitude": [[0],[0],[13],[13,13]],
        "exchange_level": [[1],[1],[1],[1,1]],
        "exchange_star": [[5],[5],[5],[5,5]],
        "exchange_awaken": [[0],[0],[0],[0,0]]
    },
    "100313": {
        "id": 100313,
        "consume_goods": [30506,30506,30506,30506],
        "consume_count": [30,60,90,180],
        "consume_money": [100000,200000,300000,500000],
        "exchange_ids": [[0],[0],[0],[0,0]],
        "exchange_aptitude": [[0],[0],[13],[13,13]],
        "exchange_level": [[1],[1],[1],[1,1]],
        "exchange_star": [[5],[5],[5],[5,5]],
        "exchange_awaken": [[0],[0],[0],[0,0]]
    },
    "100323": {
        "id": 100323,
        "consume_goods": [30506,30506,30506,30506],
        "consume_count": [30,60,90,180],
        "consume_money": [100000,200000,300000,500000],
        "exchange_ids": [[0],[0],[0],[0,0]],
        "exchange_aptitude": [[0],[0],[12],[12,12]],
        "exchange_level": [[1],[1],[1],[1,1]],
        "exchange_star": [[5],[5],[5],[5,5]],
        "exchange_awaken": [[0],[0],[0],[0,0]]
    },
    "100333": {
        "id": 100333,
        "consume_goods": [30506,30506,30506,30506],
        "consume_count": [30,60,90,180],
        "consume_money": [100000,200000,300000,500000],
        "exchange_ids": [[0],[0],[0],[0,0]],
        "exchange_aptitude": [[0],[0],[14],[14,14]],
        "exchange_level": [[1],[1],[1],[1,1]],
        "exchange_star": [[5],[5],[5],[5,5]],
        "exchange_awaken": [[0],[0],[0],[0,0]]
    },
    "100343": {
        "id": 100343,
        "consume_goods": [30506,30506,30506,30506],
        "consume_count": [30,60,90,180],
        "consume_money": [100000,200000,300000,500000],
        "exchange_ids": [[0],[0],[0],[0,0]],
        "exchange_aptitude": [[0],[0],[13],[13,13]],
        "exchange_level": [[1],[1],[1],[1,1]],
        "exchange_star": [[5],[5],[5],[5,5]],
        "exchange_awaken": [[0],[0],[0],[0,0]]
    },
    "100353": {
        "id": 100353,
        "consume_goods": [30506,30506,30506,30506],
        "consume_count": [30,60,90,180],
        "consume_money": [100000,200000,300000,500000],
        "exchange_ids": [[0],[0],[0],[0,0]],
        "exchange_aptitude": [[0],[0],[14],[14,14]],
        "exchange_level": [[1],[1],[1],[1,1]],
        "exchange_star": [[5],[5],[5],[5,5]],
        "exchange_awaken": [[0],[0],[0],[0,0]]
    },
    "100363": {
        "id": 100363,
        "consume_goods": [30506,30506,30506,30506],
        "consume_count": [30,60,90,180],
        "consume_money": [100000,200000,300000,500000],
        "exchange_ids": [[0],[0],[0],[0,0]],
        "exchange_aptitude": [[0],[0],[14],[14,14]],
        "exchange_level": [[1],[1],[1],[1,1]],
        "exchange_star": [[5],[5],[5],[5,5]],
        "exchange_awaken": [[0],[0],[0],[0,0]]
    },
    "100373": {
        "id": 100373,
        "consume_goods": [30506,30506,30506,30506],
        "consume_count": [30,60,90,180],
        "consume_money": [100000,200000,300000,500000],
        "exchange_ids": [[0],[0],[0],[0,0]],
        "exchange_aptitude": [[0],[0],[14],[14,14]],
        "exchange_level": [[1],[1],[1],[1,1]],
        "exchange_star": [[5],[5],[5],[5,5]],
        "exchange_awaken": [[0],[0],[0],[0,0]]
    },
    "100383": {
        "id": 100383,
        "consume_goods": [30506,30506,30506,30506],
        "consume_count": [30,60,90,180],
        "consume_money": [100000,200000,300000,500000],
        "exchange_ids": [[0],[0],[0],[0,0]],
        "exchange_aptitude": [[0],[0],[12],[12,12]],
        "exchange_level": [[1],[1],[1],[1,1]],
        "exchange_star": [[5],[5],[5],[5,5]],
        "exchange_awaken": [[0],[0],[0],[0,0]]
    },
    "100393": {
        "id": 100393,
        "consume_goods": [30506,30506,30506,30506],
        "consume_count": [30,60,90,180],
        "consume_money": [100000,200000,300000,500000],
        "exchange_ids": [[0],[0],[0],[0,0]],
        "exchange_aptitude": [[0],[0],[13],[13,13]],
        "exchange_level": [[1],[1],[1],[1,1]],
        "exchange_star": [[5],[5],[5],[5,5]],
        "exchange_awaken": [[0],[0],[0],[0,0]]
    },
    "100403": {
        "id": 100403,
        "consume_goods": [30506,30506,30506,30506],
        "consume_count": [30,60,90,180],
        "consume_money": [100000,200000,300000,500000],
        "exchange_ids": [[0],[0],[0],[0,0]],
        "exchange_aptitude": [[0],[0],[14],[14,14]],
        "exchange_level": [[1],[1],[1],[1,1]],
        "exchange_star": [[5],[5],[5],[5,5]],
        "exchange_awaken": [[0],[0],[0],[0,0]]
    },
    "100413": {
        "id": 100413,
        "consume_goods": [30506,30506,30506,30506],
        "consume_count": [30,60,90,180],
        "consume_money": [100000,200000,300000,500000],
        "exchange_ids": [[0],[0],[0],[0,0]],
        "exchange_aptitude": [[0],[0],[14],[14,14]],
        "exchange_level": [[1],[1],[1],[1,1]],
        "exchange_star": [[5],[5],[5],[5,5]],
        "exchange_awaken": [[0],[0],[0],[0,0]]
    },
    "100423": {
        "id": 100423,
        "consume_goods": [30506,30506,30506,30506],
        "consume_count": [30,60,90,180],
        "consume_money": [100000,200000,300000,500000],
        "exchange_ids": [[0],[0],[0],[0,0]],
        "exchange_aptitude": [[0],[0],[14],[14,14]],
        "exchange_level": [[1],[1],[1],[1,1]],
        "exchange_star": [[5],[5],[5],[5,5]],
        "exchange_awaken": [[0],[0],[0],[0,0]]
    },
    "100433": {
        "id": 100433,
        "consume_goods": [30506,30506,30506,30506],
        "consume_count": [30,60,90,180],
        "consume_money": [100000,200000,300000,500000],
        "exchange_ids": [[0],[0],[0],[0,0]],
        "exchange_aptitude": [[0],[0],[14],[14,14]],
        "exchange_level": [[1],[1],[1],[1,1]],
        "exchange_star": [[5],[5],[5],[5,5]],
        "exchange_awaken": [[0],[0],[0],[0,0]]
    },
    "100443": {
        "id": 100443,
        "consume_goods": [30506,30506,30506,30506],
        "consume_count": [30,60,90,180],
        "consume_money": [100000,200000,300000,500000],
        "exchange_ids": [[0],[0],[0],[0,0]],
        "exchange_aptitude": [[0],[0],[14],[14,14]],
        "exchange_level": [[1],[1],[1],[1,1]],
        "exchange_star": [[5],[5],[5],[5,5]],
        "exchange_awaken": [[0],[0],[0],[0,0]]
    },
    "100453": {
        "id": 100453,
        "consume_goods": [30506,30506,30506,30506],
        "consume_count": [30,60,90,180],
        "consume_money": [100000,200000,300000,500000],
        "exchange_ids": [[0],[0],[0],[0,0]],
        "exchange_aptitude": [[0],[0],[11],[11,11]],
        "exchange_level": [[1],[1],[1],[1,1]],
        "exchange_star": [[5],[5],[5],[5,5]],
        "exchange_awaken": [[0],[0],[0],[0,0]]
    },
    "100463": {
        "id": 100463,
        "consume_goods": [30506,30506,30506,30506],
        "consume_count": [30,60,90,180],
        "consume_money": [100000,200000,300000,500000],
        "exchange_ids": [[0],[0],[0],[0,0]],
        "exchange_aptitude": [[0],[0],[11],[11,11]],
        "exchange_level": [[1],[1],[1],[1,1]],
        "exchange_star": [[5],[5],[5],[5,5]],
        "exchange_awaken": [[0],[0],[0],[0,0]]
    },
    "100473": {
        "id": 100473,
        "consume_goods": [30506,30506,30506,30506],
        "consume_count": [30,60,90,180],
        "consume_money": [100000,200000,300000,500000],
        "exchange_ids": [[0],[0],[0],[0,0]],
        "exchange_aptitude": [[0],[0],[11],[11,11]],
        "exchange_level": [[1],[1],[1],[1,1]],
        "exchange_star": [[5],[5],[5],[5,5]],
        "exchange_awaken": [[0],[0],[0],[0,0]]
    },
    "100483": {
        "id": 100483,
        "consume_goods": [30506,30506,30506,30506],
        "consume_count": [30,60,90,180],
        "consume_money": [100000,200000,300000,500000],
        "exchange_ids": [[0],[0],[0],[0,0]],
        "exchange_aptitude": [[0],[0],[11],[11,11]],
        "exchange_level": [[1],[1],[1],[1,1]],
        "exchange_star": [[5],[5],[5],[5,5]],
        "exchange_awaken": [[0],[0],[0],[0,0]]
    },
    "100493": {
        "id": 100493,
        "consume_goods": [30506,30506,30506,30506],
        "consume_count": [30,60,90,180],
        "consume_money": [100000,200000,300000,500000],
        "exchange_ids": [[0],[0],[0],[0,0]],
        "exchange_aptitude": [[0],[0],[11],[11,11]],
        "exchange_level": [[1],[1],[1],[1,1]],
        "exchange_star": [[5],[5],[5],[5,5]],
        "exchange_awaken": [[0],[0],[0],[0,0]]
    },
    "100503": {
        "id": 100503,
        "consume_goods": [30506,30506,30506,30506],
        "consume_count": [30,60,90,180],
        "consume_money": [100000,200000,300000,500000],
        "exchange_ids": [[0],[0],[0],[0,0]],
        "exchange_aptitude": [[0],[0],[11],[11,11]],
        "exchange_level": [[1],[1],[1],[1,1]],
        "exchange_star": [[5],[5],[5],[5,5]],
        "exchange_awaken": [[0],[0],[0],[0,0]]
    },
    "100513": {
        "id": 100513,
        "consume_goods": [30506,30506,30506,30506],
        "consume_count": [30,60,90,180],
        "consume_money": [100000,200000,300000,500000],
        "exchange_ids": [[0],[0],[0],[0,0]],
        "exchange_aptitude": [[0],[0],[11],[11,11]],
        "exchange_level": [[1],[1],[1],[1,1]],
        "exchange_star": [[5],[5],[5],[5,5]],
        "exchange_awaken": [[0],[0],[0],[0,0]]
    },
    "100523": {
        "id": 100523,
        "consume_goods": [30506,30506,30506,30506],
        "consume_count": [30,60,90,180],
        "consume_money": [100000,200000,300000,500000],
        "exchange_ids": [[0],[0],[0],[0,0]],
        "exchange_aptitude": [[0],[0],[11],[11,11]],
        "exchange_level": [[1],[1],[1],[1,1]],
        "exchange_star": [[5],[5],[5],[5,5]],
        "exchange_awaken": [[0],[0],[0],[0,0]]
    },
    "100533": {
        "id": 100533,
        "consume_goods": [30506,30506,30506,30506],
        "consume_count": [30,60,90,180],
        "consume_money": [100000,200000,300000,500000],
        "exchange_ids": [[0],[0],[0],[0,0]],
        "exchange_aptitude": [[0],[0],[11],[11,11]],
        "exchange_level": [[1],[1],[1],[1,1]],
        "exchange_star": [[5],[5],[5],[5,5]],
        "exchange_awaken": [[0],[0],[0],[0,0]]
    },
    "100543": {
        "id": 100543,
        "consume_goods": [30506,30506,30506,30506],
        "consume_count": [30,60,90,180],
        "consume_money": [100000,200000,300000,500000],
        "exchange_ids": [[0],[0],[0],[0,0]],
        "exchange_aptitude": [[0],[0],[11],[11,11]],
        "exchange_level": [[1],[1],[1],[1,1]],
        "exchange_star": [[5],[5],[5],[5,5]],
        "exchange_awaken": [[0],[0],[0],[0,0]]
    },
    "100553": {
        "id": 100553,
        "consume_goods": [30506,30506,30506,30506],
        "consume_count": [30,60,90,180],
        "consume_money": [100000,200000,300000,500000],
        "exchange_ids": [[0],[0],[0],[0,0]],
        "exchange_aptitude": [[0],[0],[13],[13,13]],
        "exchange_level": [[1],[1],[1],[1,1]],
        "exchange_star": [[5],[5],[5],[5,5]],
        "exchange_awaken": [[0],[0],[0],[0,0]]
    },
    "100563": {
        "id": 100563,
        "consume_goods": [30506,30506,30506,30506],
        "consume_count": [30,60,90,180],
        "consume_money": [100000,200000,300000,500000],
        "exchange_ids": [[0],[0],[0],[0,0]],
        "exchange_aptitude": [[0],[0],[13],[13,13]],
        "exchange_level": [[1],[1],[1],[1,1]],
        "exchange_star": [[5],[5],[5],[5,5]],
        "exchange_awaken": [[0],[0],[0],[0,0]]
    },
    "100573": {
        "id": 100573,
        "consume_goods": [30506,30506,30506,30506],
        "consume_count": [30,60,90,180],
        "consume_money": [100000,200000,300000,500000],
        "exchange_ids": [[0],[0],[0],[0,0]],
        "exchange_aptitude": [[0],[0],[11],[11,11]],
        "exchange_level": [[1],[1],[1],[1,1]],
        "exchange_star": [[5],[5],[5],[5,5]],
        "exchange_awaken": [[0],[0],[0],[0,0]]
    },
    "100583": {
        "id": 100583,
        "consume_goods": [30506,30506,30506,30506],
        "consume_count": [30,60,90,180],
        "consume_money": [100000,200000,300000,500000],
        "exchange_ids": [[0],[0],[0],[0,0]],
        "exchange_aptitude": [[0],[0],[12],[12,12]],
        "exchange_level": [[1],[1],[1],[1,1]],
        "exchange_star": [[5],[5],[5],[5,5]],
        "exchange_awaken": [[0],[0],[0],[0,0]]
    },
    "100593": {
        "id": 100593,
        "consume_goods": [30506,30506,30506,30506],
        "consume_count": [30,60,90,180],
        "consume_money": [100000,200000,300000,500000],
        "exchange_ids": [[0],[0],[0],[0,0]],
        "exchange_aptitude": [[0],[0],[13],[13,13]],
        "exchange_level": [[1],[1],[1],[1,1]],
        "exchange_star": [[5],[5],[5],[5,5]],
        "exchange_awaken": [[0],[0],[0],[0,0]]
    },
    "100603": {
        "id": 100603,
        "consume_goods": [30506,30506,30506,30506],
        "consume_count": [30,60,90,180],
        "consume_money": [100000,200000,300000,500000],
        "exchange_ids": [[0],[0],[0],[0,0]],
        "exchange_aptitude": [[0],[0],[14],[14,14]],
        "exchange_level": [[1],[1],[1],[1,1]],
        "exchange_star": [[5],[5],[5],[5,5]],
        "exchange_awaken": [[0],[0],[0],[0,0]]
    },
    "100613": {
        "id": 100613,
        "consume_goods": [30506,30506,30506,30506],
        "consume_count": [30,60,90,180],
        "consume_money": [100000,200000,300000,500000],
        "exchange_ids": [[0],[0],[0],[0,0]],
        "exchange_aptitude": [[0],[0],[14],[14,14]],
        "exchange_level": [[1],[1],[1],[1,1]],
        "exchange_star": [[5],[5],[5],[5,5]],
        "exchange_awaken": [[0],[0],[0],[0,0]]
    },
    "100623": {
        "id": 100623,
        "consume_goods": [30506,30506,30506,30506],
        "consume_count": [30,60,90,180],
        "consume_money": [100000,200000,300000,500000],
        "exchange_ids": [[0],[0],[0],[0,0]],
        "exchange_aptitude": [[0],[0],[14],[14,14]],
        "exchange_level": [[1],[1],[1],[1,1]],
        "exchange_star": [[5],[5],[5],[5,5]],
        "exchange_awaken": [[0],[0],[0],[0,0]]
    },
    "100633": {
        "id": 100633,
        "consume_goods": [30506,30506,30506,30506],
        "consume_count": [30,60,90,180],
        "consume_money": [100000,200000,300000,500000],
        "exchange_ids": [[0],[0],[0],[0,0]],
        "exchange_aptitude": [[0],[0],[13],[13,13]],
        "exchange_level": [[1],[1],[1],[1,1]],
        "exchange_star": [[5],[5],[5],[5,5]],
        "exchange_awaken": [[0],[0],[0],[0,0]]
    },
    "100643": {
        "id": 100643,
        "consume_goods": [30506,30506,30506,30506],
        "consume_count": [30,60,90,180],
        "consume_money": [100000,200000,300000,500000],
        "exchange_ids": [[0],[0],[0],[0,0]],
        "exchange_aptitude": [[0],[0],[13],[13,13]],
        "exchange_level": [[1],[1],[1],[1,1]],
        "exchange_star": [[5],[5],[5],[5,5]],
        "exchange_awaken": [[0],[0],[0],[0,0]]
    },
    "100653": {
        "id": 100653,
        "consume_goods": [30506,30506,30506,30506],
        "consume_count": [30,60,90,180],
        "consume_money": [100000,200000,300000,500000],
        "exchange_ids": [[0],[0],[0],[0,0]],
        "exchange_aptitude": [[0],[0],[14],[14,14]],
        "exchange_level": [[1],[1],[1],[1,1]],
        "exchange_star": [[5],[5],[5],[5,5]],
        "exchange_awaken": [[0],[0],[0],[0,0]]
    },
    "100663": {
        "id": 100663,
        "consume_goods": [30506,30506,30506,30506],
        "consume_count": [30,60,90,180],
        "consume_money": [100000,200000,300000,500000],
        "exchange_ids": [[0],[0],[0],[0,0]],
        "exchange_aptitude": [[0],[0],[14],[14,14]],
        "exchange_level": [[1],[1],[1],[1,1]],
        "exchange_star": [[5],[5],[5],[5,5]],
        "exchange_awaken": [[0],[0],[0],[0,0]]
    },
    "100673": {
        "id": 100673,
        "consume_goods": [30506,30506,30506,30506],
        "consume_count": [30,60,90,180],
        "consume_money": [100000,200000,300000,500000],
        "exchange_ids": [[0],[0],[0],[0,0]],
        "exchange_aptitude": [[0],[0],[14],[14,14]],
        "exchange_level": [[1],[1],[1],[1,1]],
        "exchange_star": [[5],[5],[5],[5,5]],
        "exchange_awaken": [[0],[0],[0],[0,0]]
    },
    "100683": {
        "id": 100683,
        "consume_goods": [30506,30506,30506,30506],
        "consume_count": [30,60,90,180],
        "consume_money": [100000,200000,300000,500000],
        "exchange_ids": [[0],[0],[0],[0,0]],
        "exchange_aptitude": [[0],[0],[14],[14,14]],
        "exchange_level": [[1],[1],[1],[1,1]],
        "exchange_star": [[5],[5],[5],[5,5]],
        "exchange_awaken": [[0],[0],[0],[0,0]]
    },
    "100693": {
        "id": 100693,
        "consume_goods": [30506,30506,30506,30506],
        "consume_count": [30,60,90,180],
        "consume_money": [100000,200000,300000,500000],
        "exchange_ids": [[0],[0],[0],[0,0]],
        "exchange_aptitude": [[0],[0],[14],[14,14]],
        "exchange_level": [[1],[1],[1],[1,1]],
        "exchange_star": [[5],[5],[5],[5,5]],
        "exchange_awaken": [[0],[0],[0],[0,0]]
    },
    "100703": {
        "id": 100703,
        "consume_goods": [30506,30506,30506,30506],
        "consume_count": [30,60,90,180],
        "consume_money": [100000,200000,300000,500000],
        "exchange_ids": [[0],[0],[0],[0,0]],
        "exchange_aptitude": [[0],[0],[14],[14,14]],
        "exchange_level": [[1],[1],[1],[1,1]],
        "exchange_star": [[5],[5],[5],[5,5]],
        "exchange_awaken": [[0],[0],[0],[0,0]]
    },
    "100713": {
        "id": 100713,
        "consume_goods": [30506,30506,30506,30506],
        "consume_count": [30,60,90,180],
        "consume_money": [100000,200000,300000,500000],
        "exchange_ids": [[0],[0],[0],[0,0]],
        "exchange_aptitude": [[0],[0],[14],[14,14]],
        "exchange_level": [[1],[1],[1],[1,1]],
        "exchange_star": [[5],[5],[5],[5,5]],
        "exchange_awaken": [[0],[0],[0],[0,0]]
    },
    "100723": {
        "id": 100723,
        "consume_goods": [30506,30506,30506,30506],
        "consume_count": [30,60,90,180],
        "consume_money": [100000,200000,300000,500000],
        "exchange_ids": [[0],[0],[0],[0,0]],
        "exchange_aptitude": [[0],[0],[14],[14,14]],
        "exchange_level": [[1],[1],[1],[1,1]],
        "exchange_star": [[5],[5],[5],[5,5]],
        "exchange_awaken": [[0],[0],[0],[0,0]]
    },
    "100733": {
        "id": 100733,
        "consume_goods": [30506,30506,30506,30506],
        "consume_count": [30,60,90,180],
        "consume_money": [100000,200000,300000,500000],
        "exchange_ids": [[0],[0],[0],[0,0]],
        "exchange_aptitude": [[0],[0],[14],[14,14]],
        "exchange_level": [[1],[1],[1],[1,1]],
        "exchange_star": [[5],[5],[5],[5,5]],
        "exchange_awaken": [[0],[0],[0],[0,0]]
    },
    "100743": {
        "id": 100743,
        "consume_goods": [30506,30506,30506,30506],
        "consume_count": [30,60,90,180],
        "consume_money": [100000,200000,300000,500000],
        "exchange_ids": [[0],[0],[0],[0,0]],
        "exchange_aptitude": [[0],[0],[13],[13,13]],
        "exchange_level": [[1],[1],[1],[1,1]],
        "exchange_star": [[5],[5],[5],[5,5]],
        "exchange_awaken": [[0],[0],[0],[0,0]]
    },
    "100753": {
        "id": 100753,
        "consume_goods": [30506,30506,30506,30506],
        "consume_count": [30,60,90,180],
        "consume_money": [100000,200000,300000,500000],
        "exchange_ids": [[0],[0],[0],[0,0]],
        "exchange_aptitude": [[0],[0],[14],[14,14]],
        "exchange_level": [[1],[1],[1],[1,1]],
        "exchange_star": [[5],[5],[5],[5,5]],
        "exchange_awaken": [[0],[0],[0],[0,0]]
    },
    "100763": {
        "id": 100763,
        "consume_goods": [30506,30506,30506,30506],
        "consume_count": [30,60,90,180],
        "consume_money": [100000,200000,300000,500000],
        "exchange_ids": [[0],[0],[0],[0,0]],
        "exchange_aptitude": [[0],[0],[14],[14,14]],
        "exchange_level": [[1],[1],[1],[1,1]],
        "exchange_star": [[5],[5],[5],[5,5]],
        "exchange_awaken": [[0],[0],[0],[0,0]]
    },
    "100773": {
        "id": 100773,
        "consume_goods": [30506,30506,30506,30506],
        "consume_count": [30,60,90,180],
        "consume_money": [100000,200000,300000,500000],
        "exchange_ids": [[0],[0],[0],[0,0]],
        "exchange_aptitude": [[0],[0],[14],[14,14]],
        "exchange_level": [[1],[1],[1],[1,1]],
        "exchange_star": [[5],[5],[5],[5,5]],
        "exchange_awaken": [[0],[0],[0],[0,0]]
    }}
