{
    "0": {
        "level": 0,
        "goods_content": [20001],
        "goods_count": [30000],
        "consume_token": 18,
        "primer": 100
    },
    "1": {
        "level": 1,
        "goods_content": [20002],
        "goods_count": [30001],
        "consume_token": 30,
        "primer": 300
    },
    "2": {
        "level": 2,
        "goods_content": [20003],
        "goods_count": [30002],
        "consume_token": 88,
        "primer": 1000
    },
    "3": {
        "level": 3,
        "goods_content": [20004],
        "goods_count": [30003],
        "consume_token": 188,
        "primer": 2000
    },
    "4": {
        "level": 4,
        "goods_content": [20005],
        "goods_count": [30004],
        "consume_token": 288,
        "primer": 3000
    },
    "5": {
        "level": 5,
        "goods_content": [20006],
        "goods_count": [30005],
        "consume_token": 388,
        "primer": 5000
    },
    "6": {
        "level": 6,
        "goods_content": [20007],
        "goods_count": [30006],
        "consume_token": 500,
        "primer": 6000
    },
    "7": {
        "level": 7,
        "goods_content": [20008],
        "goods_count": [30007],
        "consume_token": 588,
        "primer": 8000
    },
    "8": {
        "level": 8,
        "goods_content": [20009],
        "goods_count": [30008],
        "consume_token": 688,
        "primer": 10000
    },
    "9": {
        "level": 9,
        "goods_content": [20010],
        "goods_count": [30009],
        "consume_token": 888,
        "primer": 12000
    },
    "10": {
        "level": 10,
        "goods_content": [20011],
        "goods_count": [30010],
        "consume_token": 1088,
        "primer": 15000
    },
    "11": {
        "level": 11,
        "goods_content": [20012],
        "goods_count": [30011],
        "consume_token": 1888,
        "primer": 18000
    },
    "12": {
        "level": 12,
        "goods_content": [20014],
        "goods_count": [30012],
        "consume_token": 2888,
        "primer": 20000
    }}
