{
    "110001": {
        "item_id": 110001,
        "item_name": "鞭炮",
        "start_level": 1,
        "consume_type": 110014,
        "consume_num": 2
    },
    "110002": {
        "item_id": 110002,
        "item_name": "福字",
        "start_level": 2,
        "consume_type": 20002,
        "consume_num": 2
    },
    "110003": {
        "item_id": 110003,
        "item_name": "饺子",
        "start_level": 3,
        "consume_type": 20003,
        "consume_num": 2
    },
    "110004": {
        "item_id": 110004,
        "item_name": "陀螺",
        "start_level": 4,
        "consume_type": 20004,
        "consume_num": 2
    },
    "110005": {
        "item_id": 110005,
        "item_name": "玫瑰花",
        "start_level": 5,
        "consume_type": 20002,
        "consume_num": 2
    },
    "110006": {
        "item_id": 110006,
        "item_name": "巧克力",
        "start_level": 6,
        "consume_type": 20006,
        "consume_num": 2
    },
    "110007": {
        "item_id": 110007,
        "item_name": "圣诞树",
        "start_level": 7,
        "consume_type": 20007,
        "consume_num": 2
    },
    "110008": {
        "item_id": 110008,
        "item_name": "圣诞袜",
        "start_level": 8,
        "consume_type": 110009,
        "consume_num": 2
    },
    "110009": {
        "item_id": 110009,
        "item_name": "汤圆",
        "start_level": 9,
        "consume_type": 20002,
        "consume_num": 2
    },
    "110010": {
        "item_id": 110010,
        "item_name": "元宵",
        "start_level": 10,
        "consume_type": 20010,
        "consume_num": 2
    },
    "110011": {
        "item_id": 110011,
        "item_name": "奇怪的鸡蛋",
        "start_level": 11,
        "consume_type": 20011,
        "consume_num": 2
    },
    "110012": {
        "item_id": 110012,
        "item_name": "南瓜灯",
        "start_level": 12,
        "consume_type": 20012,
        "consume_num": 2
    },
    "110013": {
        "item_id": 110013,
        "item_name": "龙舟",
        "start_level": 13,
        "consume_type": 20002,
        "consume_num": 2
    },
    "110014": {
        "item_id": 110014,
        "item_name": "粽子",
        "start_level": 14,
        "consume_type": 20014,
        "consume_num": 2
    },
    "110015": {
        "item_id": 110015,
        "item_name": "棒棒糖",
        "start_level": 15,
        "consume_type": 20015,
        "consume_num": 2
    },
    "110016": {
        "item_id": 110016,
        "item_name": "七巧板",
        "start_level": 16,
        "consume_type": 20016,
        "consume_num": 2
    },
    "110017": {
        "item_id": 110017,
        "item_name": "大闸蟹",
        "start_level": 17,
        "consume_type": 20017,
        "consume_num": 2
    },
    "110018": {
        "item_id": 110018,
        "item_name": "姜茶",
        "start_level": 18,
        "consume_type": 20018,
        "consume_num": 2
    },
    "110019": {
        "item_id": 110019,
        "item_name": "十一",
        "start_level": 19,
        "consume_type": 20019,
        "consume_num": 2
    },
    "110020": {
        "item_id": 110020,
        "item_name": "中国结",
        "start_level": 20,
        "consume_type": 20019,
        "consume_num": 2
    },
    "110021": {
        "item_id": 110021,
        "item_name": "腊八粥",
        "start_level": 21,
        "consume_type": 20019,
        "consume_num": 2
    },
    "30805": {
        "item_id": 30805,
        "item_name": "誓约石-变化",
        "start_level": 0,
        "consume_type": 30805,
        "consume_num": 4
    },
    "30806": {
        "item_id": 30806,
        "item_name": "誓约石-操作",
        "start_level": 0,
        "consume_type": 30805,
        "consume_num": 4
    },
    "30807": {
        "item_id": 30807,
        "item_name": "誓约石-放出",
        "start_level": 0,
        "consume_type": 30806,
        "consume_num": 4
    },
    "30808": {
        "item_id": 30808,
        "item_name": "誓约石-具现",
        "start_level": 0,
        "consume_type": 30807,
        "consume_num": 4
    },
    "30809": {
        "item_id": 30809,
        "item_name": "誓约石-强化",
        "start_level": 0,
        "consume_type": 30808,
        "consume_num": 4
    },
    "30810": {
        "item_id": 30810,
        "item_name": "誓约石-特质",
        "start_level": 0,
        "consume_type": 30809,
        "consume_num": 4
    },
    "31001": {
        "item_id": 31001,
        "item_name": "替身人偶",
        "start_level": 0,
        "consume_type": 31101,
        "consume_num": 20
    },
    "31002": {
        "item_id": 31002,
        "item_name": "高级替身人偶",
        "start_level": 0,
        "consume_type": 31102,
        "consume_num": 20
    },
    "30812": {
        "item_id": 30812,
        "item_name": "中级觉醒石",
        "start_level": 0,
        "consume_type": 30811,
        "consume_num": 10
    },
    "30813": {
        "item_id": 30813,
        "item_name": "高级觉醒石",
        "start_level": 0,
        "consume_type": 30812,
        "consume_num": 10
    },
    "20020": {
        "item_id": 20020,
        "item_name": "冰爽啤酒",
        "start_level": 0,
        "consume_type": 20002,
        "consume_num": 200
    },
    "39002": {
        "item_id": 39002,
        "item_name": "强化卷轴-中级",
        "start_level": 0,
        "consume_type": 39001,
        "consume_num": 4
    },
    "39003": {
        "item_id": 39003,
        "item_name": "强化卷轴-高级",
        "start_level": 0,
        "consume_type": 39002,
        "consume_num": 4
    },
    "39004": {
        "item_id": 39004,
        "item_name": "强化卷轴-特级",
        "start_level": 0,
        "consume_type": 39003,
        "consume_num": 4
    },
    "39005": {
        "item_id": 39005,
        "item_name": "强化卷轴-传说",
        "start_level": 0,
        "consume_type": 39004,
        "consume_num": 4
    }}
