{
    "101": {
        "chest_id": 101,
        "open_time": 6,
        "price": [0,0,30,60,100,150],
        "rand_item": [85001,85001,85001,85001,85001,85001],
        "client_good": [39001,38006,38003,37006,37002,37015,37011,37031,37023,37036,37027,37024],
        "path": ["ui_darkland_relic_IconBox1Nor_png","ui_darkland_relic_IconBox1Sel_png","ui_darkland_relic_IconBox1Dis_png"]
    },
    "102": {
        "chest_id": 102,
        "open_time": 6,
        "price": [0,0,30,60,100,150],
        "rand_item": [85001,85001,85001,85001,85001,85001],
        "client_good": [39002,38006,38003,37006,37002,37015,37011,37031,37023,37036,37027,37024],
        "path": ["ui_darkland_relic_IconBox2Nor_png","ui_darkland_relic_IconBox2Sel_png","ui_darkland_relic_IconBox2Dis_png"]
    },
    "103": {
        "chest_id": 103,
        "open_time": 6,
        "price": [0,0,30,60,100,150],
        "rand_item": [85001,85001,85001,85001,85001,85001],
        "client_good": [39003,38006,38003,37006,37002,37015,37011,37031,37023,37036,37027,37024],
        "path": ["ui_darkland_relic_IconBox3Nor_png","ui_darkland_relic_IconBox3Sel_png","ui_darkland_relic_IconBox3Dis_png"]
    },
    "104": {
        "chest_id": 104,
        "open_time": 6,
        "price": [0,0,30,60,100,150],
        "rand_item": [85001,85001,85001,85001,85001,85001],
        "client_good": [39004,38006,38003,37006,37002,37015,37011,37031,37023,37036,37027,37024],
        "path": ["ui_darkland_relic_IconBox4Nor_png","ui_darkland_relic_IconBox4Sel_png","ui_darkland_relic_IconBox4Dis_png"]
    },
    "105": {
        "chest_id": 105,
        "open_time": 6,
        "price": [0,0,30,60,100,150],
        "rand_item": [85001,85001,85001,85001,85001,85001],
        "client_good": [39005,38006,38003,37006,37002,37015,37011,37031,37023,37036,37027,37024],
        "path": ["ui_darkland_relic_IconBox5Nor_png","ui_darkland_relic_IconBox5Sel_png","ui_darkland_relic_IconBox5Dis_png"]
    },
    "201": {
        "chest_id": 201,
        "open_time": 6,
        "price": [0,0,30,60,100,150],
        "rand_item": [85001,85001,85001,85001,85001,85001],
        "client_good": [39001,38001,38005,37030,37007,37009,37039,37037,37035,37029,37026,37041,37040,37033,37028],
        "path": ["ui_darkland_relic_IconBox1Nor_png","ui_darkland_relic_IconBox1Sel_png","ui_darkland_relic_IconBox1Dis_png"]
    },
    "202": {
        "chest_id": 202,
        "open_time": 6,
        "price": [0,0,30,60,100,150],
        "rand_item": [85001,85001,85001,85001,85001,85001],
        "client_good": [39002,38001,38005,37030,37007,37009,37039,37037,37035,37029,37026,37041,37040,37033,37028],
        "path": ["ui_darkland_relic_IconBox2Nor_png","ui_darkland_relic_IconBox2Sel_png","ui_darkland_relic_IconBox2Dis_png"]
    },
    "203": {
        "chest_id": 203,
        "open_time": 6,
        "price": [0,0,30,60,100,150],
        "rand_item": [85001,85001,85001,85001,85001,85001],
        "client_good": [39003,38001,38005,37030,37007,37009,37039,37037,37035,37029,37026,37041,37040,37033,37028],
        "path": ["ui_darkland_relic_IconBox3Nor_png","ui_darkland_relic_IconBox3Sel_png","ui_darkland_relic_IconBox3Dis_png"]
    },
    "204": {
        "chest_id": 204,
        "open_time": 6,
        "price": [0,0,30,60,100,150],
        "rand_item": [85001,85001,85001,85001,85001,85001],
        "client_good": [39004,38001,38005,37030,37007,37009,37039,37037,37035,37029,37026,37041,37040,37033,37028],
        "path": ["ui_darkland_relic_IconBox4Nor_png","ui_darkland_relic_IconBox4Sel_png","ui_darkland_relic_IconBox4Dis_png"]
    },
    "205": {
        "chest_id": 205,
        "open_time": 6,
        "price": [0,0,30,60,100,150],
        "rand_item": [85001,85001,85001,85001,85001,85001],
        "client_good": [39005,38001,38005,37030,37007,37009,37039,37037,37035,37029,37026,37041,37040,37033,37028],
        "path": ["ui_darkland_relic_IconBox5Nor_png","ui_darkland_relic_IconBox5Sel_png","ui_darkland_relic_IconBox5Dis_png"]
    },
    "301": {
        "chest_id": 301,
        "open_time": 6,
        "price": [0,0,30,60,100,150],
        "rand_item": [85001,85001,85001,85001,85001,85001],
        "client_good": [39001,38002,38004,37016,37010,37008,37004,37042,37038,37032,37034,37043,37025],
        "path": ["ui_darkland_relic_IconBox1Nor_png","ui_darkland_relic_IconBox1Sel_png","ui_darkland_relic_IconBox1Dis_png"]
    },
    "302": {
        "chest_id": 302,
        "open_time": 6,
        "price": [0,0,30,60,100,150],
        "rand_item": [85001,85001,85001,85001,85001,85001],
        "client_good": [39002,38002,38004,37016,37010,37008,37004,37042,37038,37032,37034,37043,37025],
        "path": ["ui_darkland_relic_IconBox2Nor_png","ui_darkland_relic_IconBox2Sel_png","ui_darkland_relic_IconBox2Dis_png"]
    },
    "303": {
        "chest_id": 303,
        "open_time": 6,
        "price": [0,0,30,60,100,150],
        "rand_item": [85001,85001,85001,85001,85001,85001],
        "client_good": [39003,38002,38004,37016,37010,37008,37004,37042,37038,37032,37034,37043,37025],
        "path": ["ui_darkland_relic_IconBox3Nor_png","ui_darkland_relic_IconBox3Sel_png","ui_darkland_relic_IconBox3Dis_png"]
    },
    "304": {
        "chest_id": 304,
        "open_time": 6,
        "price": [0,0,30,60,100,150],
        "rand_item": [85001,85001,85001,85001,85001,85001],
        "client_good": [39004,38002,38004,37016,37010,37008,37004,37042,37038,37032,37034,37043,37025],
        "path": ["ui_darkland_relic_IconBox4Nor_png","ui_darkland_relic_IconBox4Sel_png","ui_darkland_relic_IconBox4Dis_png"]
    },
    "305": {
        "chest_id": 305,
        "open_time": 6,
        "price": [0,0,30,60,100,150],
        "rand_item": [85001,85001,85001,85001,85001,85001],
        "client_good": [39005,38002,38004,37016,37010,37008,37004,37042,37038,37032,37034,37043,37025],
        "path": ["ui_darkland_relic_IconBox5Nor_png","ui_darkland_relic_IconBox5Sel_png","ui_darkland_relic_IconBox5Dis_png"]
    }}
