{
    "100001": {
        "instance_id": 100001,
        "goods_ids": [],
        "goods_counts": [],
        "show_type": []
    },
    "100002": {
        "instance_id": 100002,
        "goods_ids": [],
        "goods_counts": [],
        "show_type": []
    },
    "100003": {
        "instance_id": 100003,
        "goods_ids": [],
        "goods_counts": [],
        "show_type": []
    },
    "100004": {
        "instance_id": 100004,
        "goods_ids": [],
        "goods_counts": [],
        "show_type": []
    },
    "100005": {
        "instance_id": 100005,
        "goods_ids": [],
        "goods_counts": [],
        "show_type": []
    },
    "100006": {
        "instance_id": 100006,
        "goods_ids": [],
        "goods_counts": [],
        "show_type": []
    },
    "100007": {
        "instance_id": 100007,
        "goods_ids": [20002,30001,20001],
        "goods_counts": [10,1,6000],
        "show_type": [1,0,0]
    },
    "100008": {
        "instance_id": 100008,
        "goods_ids": [],
        "goods_counts": [],
        "show_type": []
    },
    "100009": {
        "instance_id": 100009,
        "goods_ids": [],
        "goods_counts": [],
        "show_type": []
    },
    "100010": {
        "instance_id": 100010,
        "goods_ids": [],
        "goods_counts": [],
        "show_type": []
    },
    "100011": {
        "instance_id": 100011,
        "goods_ids": [],
        "goods_counts": [],
        "show_type": []
    },
    "100012": {
        "instance_id": 100012,
        "goods_ids": [],
        "goods_counts": [],
        "show_type": []
    },
    "100013": {
        "instance_id": 100013,
        "goods_ids": [],
        "goods_counts": [],
        "show_type": []
    },
    "100014": {
        "instance_id": 100014,
        "goods_ids": [20002,30001,20001],
        "goods_counts": [10,1,6000],
        "show_type": [1,0,0]
    },
    "100015": {
        "instance_id": 100015,
        "goods_ids": [],
        "goods_counts": [],
        "show_type": []
    },
    "100016": {
        "instance_id": 100016,
        "goods_ids": [],
        "goods_counts": [],
        "show_type": []
    },
    "100017": {
        "instance_id": 100017,
        "goods_ids": [],
        "goods_counts": [],
        "show_type": []
    },
    "100018": {
        "instance_id": 100018,
        "goods_ids": [],
        "goods_counts": [],
        "show_type": []
    },
    "100019": {
        "instance_id": 100019,
        "goods_ids": [],
        "goods_counts": [],
        "show_type": []
    },
    "100020": {
        "instance_id": 100020,
        "goods_ids": [],
        "goods_counts": [],
        "show_type": []
    },
    "100021": {
        "instance_id": 100021,
        "goods_ids": [20002,30001,20001],
        "goods_counts": [10,1,6000],
        "show_type": [1,0,0]
    },
    "100022": {
        "instance_id": 100022,
        "goods_ids": [],
        "goods_counts": [],
        "show_type": []
    },
    "100023": {
        "instance_id": 100023,
        "goods_ids": [],
        "goods_counts": [],
        "show_type": []
    },
    "100024": {
        "instance_id": 100024,
        "goods_ids": [],
        "goods_counts": [],
        "show_type": []
    },
    "100025": {
        "instance_id": 100025,
        "goods_ids": [],
        "goods_counts": [],
        "show_type": []
    },
    "100026": {
        "instance_id": 100026,
        "goods_ids": [],
        "goods_counts": [],
        "show_type": []
    },
    "100027": {
        "instance_id": 100027,
        "goods_ids": [],
        "goods_counts": [],
        "show_type": []
    },
    "100028": {
        "instance_id": 100028,
        "goods_ids": [30002,20001],
        "goods_counts": [1,6000],
        "show_type": [0,0]
    },
    "100029": {
        "instance_id": 100029,
        "goods_ids": [],
        "goods_counts": [],
        "show_type": []
    },
    "100030": {
        "instance_id": 100030,
        "goods_ids": [],
        "goods_counts": [],
        "show_type": []
    },
    "100031": {
        "instance_id": 100031,
        "goods_ids": [],
        "goods_counts": [],
        "show_type": []
    },
    "100032": {
        "instance_id": 100032,
        "goods_ids": [],
        "goods_counts": [],
        "show_type": []
    },
    "100033": {
        "instance_id": 100033,
        "goods_ids": [],
        "goods_counts": [],
        "show_type": []
    },
    "100034": {
        "instance_id": 100034,
        "goods_ids": [],
        "goods_counts": [],
        "show_type": []
    },
    "100035": {
        "instance_id": 100035,
        "goods_ids": [20002,30001,20001],
        "goods_counts": [10,1,6000],
        "show_type": [1,0,0]
    },
    "100036": {
        "instance_id": 100036,
        "goods_ids": [],
        "goods_counts": [],
        "show_type": []
    },
    "100037": {
        "instance_id": 100037,
        "goods_ids": [],
        "goods_counts": [],
        "show_type": []
    },
    "100038": {
        "instance_id": 100038,
        "goods_ids": [],
        "goods_counts": [],
        "show_type": []
    },
    "100039": {
        "instance_id": 100039,
        "goods_ids": [],
        "goods_counts": [],
        "show_type": []
    },
    "100040": {
        "instance_id": 100040,
        "goods_ids": [],
        "goods_counts": [],
        "show_type": []
    },
    "100041": {
        "instance_id": 100041,
        "goods_ids": [],
        "goods_counts": [],
        "show_type": []
    },
    "100042": {
        "instance_id": 100042,
        "goods_ids": [30002,20001],
        "goods_counts": [1,6000],
        "show_type": [0,0]
    },
    "100043": {
        "instance_id": 100043,
        "goods_ids": [],
        "goods_counts": [],
        "show_type": []
    },
    "100044": {
        "instance_id": 100044,
        "goods_ids": [],
        "goods_counts": [],
        "show_type": []
    },
    "100045": {
        "instance_id": 100045,
        "goods_ids": [],
        "goods_counts": [],
        "show_type": []
    },
    "100046": {
        "instance_id": 100046,
        "goods_ids": [],
        "goods_counts": [],
        "show_type": []
    },
    "100047": {
        "instance_id": 100047,
        "goods_ids": [],
        "goods_counts": [],
        "show_type": []
    },
    "100048": {
        "instance_id": 100048,
        "goods_ids": [],
        "goods_counts": [],
        "show_type": []
    },
    "100049": {
        "instance_id": 100049,
        "goods_ids": [20002,30001,20001],
        "goods_counts": [10,1,6000],
        "show_type": [1,0,0]
    },
    "100050": {
        "instance_id": 100050,
        "goods_ids": [],
        "goods_counts": [],
        "show_type": []
    },
    "100051": {
        "instance_id": 100051,
        "goods_ids": [],
        "goods_counts": [],
        "show_type": []
    },
    "100052": {
        "instance_id": 100052,
        "goods_ids": [],
        "goods_counts": [],
        "show_type": []
    },
    "100053": {
        "instance_id": 100053,
        "goods_ids": [],
        "goods_counts": [],
        "show_type": []
    },
    "100054": {
        "instance_id": 100054,
        "goods_ids": [],
        "goods_counts": [],
        "show_type": []
    },
    "100055": {
        "instance_id": 100055,
        "goods_ids": [],
        "goods_counts": [],
        "show_type": []
    },
    "100056": {
        "instance_id": 100056,
        "goods_ids": [30002,20001],
        "goods_counts": [1,6000],
        "show_type": [0,0]
    },
    "100057": {
        "instance_id": 100057,
        "goods_ids": [],
        "goods_counts": [],
        "show_type": []
    },
    "100058": {
        "instance_id": 100058,
        "goods_ids": [],
        "goods_counts": [],
        "show_type": []
    },
    "100059": {
        "instance_id": 100059,
        "goods_ids": [],
        "goods_counts": [],
        "show_type": []
    },
    "100060": {
        "instance_id": 100060,
        "goods_ids": [],
        "goods_counts": [],
        "show_type": []
    },
    "100061": {
        "instance_id": 100061,
        "goods_ids": [],
        "goods_counts": [],
        "show_type": []
    },
    "100062": {
        "instance_id": 100062,
        "goods_ids": [],
        "goods_counts": [],
        "show_type": []
    },
    "100063": {
        "instance_id": 100063,
        "goods_ids": [20002,30001,20001],
        "goods_counts": [10,1,6000],
        "show_type": [1,0,0]
    },
    "100064": {
        "instance_id": 100064,
        "goods_ids": [],
        "goods_counts": [],
        "show_type": []
    },
    "100065": {
        "instance_id": 100065,
        "goods_ids": [],
        "goods_counts": [],
        "show_type": []
    },
    "100066": {
        "instance_id": 100066,
        "goods_ids": [],
        "goods_counts": [],
        "show_type": []
    },
    "100067": {
        "instance_id": 100067,
        "goods_ids": [],
        "goods_counts": [],
        "show_type": []
    },
    "100068": {
        "instance_id": 100068,
        "goods_ids": [],
        "goods_counts": [],
        "show_type": []
    },
    "100069": {
        "instance_id": 100069,
        "goods_ids": [],
        "goods_counts": [],
        "show_type": []
    },
    "100070": {
        "instance_id": 100070,
        "goods_ids": [30002,20001],
        "goods_counts": [1,6000],
        "show_type": [0,0]
    },
    "100071": {
        "instance_id": 100071,
        "goods_ids": [],
        "goods_counts": [],
        "show_type": []
    },
    "100072": {
        "instance_id": 100072,
        "goods_ids": [],
        "goods_counts": [],
        "show_type": []
    },
    "100073": {
        "instance_id": 100073,
        "goods_ids": [],
        "goods_counts": [],
        "show_type": []
    },
    "100074": {
        "instance_id": 100074,
        "goods_ids": [],
        "goods_counts": [],
        "show_type": []
    },
    "100075": {
        "instance_id": 100075,
        "goods_ids": [],
        "goods_counts": [],
        "show_type": []
    },
    "100076": {
        "instance_id": 100076,
        "goods_ids": [],
        "goods_counts": [],
        "show_type": []
    },
    "100077": {
        "instance_id": 100077,
        "goods_ids": [30701,30003,20001],
        "goods_counts": [10,4,90000],
        "show_type": [1,0,0]
    },
    "100078": {
        "instance_id": 100078,
        "goods_ids": [],
        "goods_counts": [],
        "show_type": []
    },
    "100079": {
        "instance_id": 100079,
        "goods_ids": [],
        "goods_counts": [],
        "show_type": []
    },
    "100080": {
        "instance_id": 100080,
        "goods_ids": [],
        "goods_counts": [],
        "show_type": []
    },
    "100081": {
        "instance_id": 100081,
        "goods_ids": [],
        "goods_counts": [],
        "show_type": []
    },
    "100082": {
        "instance_id": 100082,
        "goods_ids": [],
        "goods_counts": [],
        "show_type": []
    },
    "100083": {
        "instance_id": 100083,
        "goods_ids": [],
        "goods_counts": [],
        "show_type": []
    },
    "100084": {
        "instance_id": 100084,
        "goods_ids": [30002,20001],
        "goods_counts": [1,6000],
        "show_type": [0,0]
    },
    "200001": {
        "instance_id": 200001,
        "goods_ids": [],
        "goods_counts": [],
        "show_type": []
    },
    "200002": {
        "instance_id": 200002,
        "goods_ids": [],
        "goods_counts": [],
        "show_type": []
    },
    "200003": {
        "instance_id": 200003,
        "goods_ids": [],
        "goods_counts": [],
        "show_type": []
    },
    "200004": {
        "instance_id": 200004,
        "goods_ids": [],
        "goods_counts": [],
        "show_type": []
    },
    "200005": {
        "instance_id": 200005,
        "goods_ids": [],
        "goods_counts": [],
        "show_type": []
    },
    "200006": {
        "instance_id": 200006,
        "goods_ids": [],
        "goods_counts": [],
        "show_type": []
    },
    "200007": {
        "instance_id": 200007,
        "goods_ids": [20001,30003,20001],
        "goods_counts": [1,4,100000],
        "show_type": [1,0,0]
    },
    "200011": {
        "instance_id": 200011,
        "goods_ids": [],
        "goods_counts": [],
        "show_type": []
    },
    "200012": {
        "instance_id": 200012,
        "goods_ids": [],
        "goods_counts": [],
        "show_type": []
    },
    "200013": {
        "instance_id": 200013,
        "goods_ids": [],
        "goods_counts": [],
        "show_type": []
    },
    "200014": {
        "instance_id": 200014,
        "goods_ids": [],
        "goods_counts": [],
        "show_type": []
    },
    "200015": {
        "instance_id": 200015,
        "goods_ids": [],
        "goods_counts": [],
        "show_type": []
    },
    "200016": {
        "instance_id": 200016,
        "goods_ids": [],
        "goods_counts": [],
        "show_type": []
    },
    "200017": {
        "instance_id": 200017,
        "goods_ids": [20001,30003,20001],
        "goods_counts": [1,4,100000],
        "show_type": [1,0,0]
    },
    "200021": {
        "instance_id": 200021,
        "goods_ids": [],
        "goods_counts": [],
        "show_type": []
    },
    "200022": {
        "instance_id": 200022,
        "goods_ids": [],
        "goods_counts": [],
        "show_type": []
    },
    "200023": {
        "instance_id": 200023,
        "goods_ids": [],
        "goods_counts": [],
        "show_type": []
    },
    "200024": {
        "instance_id": 200024,
        "goods_ids": [],
        "goods_counts": [],
        "show_type": []
    },
    "200025": {
        "instance_id": 200025,
        "goods_ids": [],
        "goods_counts": [],
        "show_type": []
    },
    "200026": {
        "instance_id": 200026,
        "goods_ids": [],
        "goods_counts": [],
        "show_type": []
    },
    "200027": {
        "instance_id": 200027,
        "goods_ids": [20001,30003,20001],
        "goods_counts": [1,4,100000],
        "show_type": [1,0,0]
    },
    "200031": {
        "instance_id": 200031,
        "goods_ids": [],
        "goods_counts": [],
        "show_type": []
    },
    "200032": {
        "instance_id": 200032,
        "goods_ids": [],
        "goods_counts": [],
        "show_type": []
    },
    "200033": {
        "instance_id": 200033,
        "goods_ids": [],
        "goods_counts": [],
        "show_type": []
    },
    "200034": {
        "instance_id": 200034,
        "goods_ids": [],
        "goods_counts": [],
        "show_type": []
    },
    "200035": {
        "instance_id": 200035,
        "goods_ids": [],
        "goods_counts": [],
        "show_type": []
    },
    "200036": {
        "instance_id": 200036,
        "goods_ids": [],
        "goods_counts": [],
        "show_type": []
    },
    "200037": {
        "instance_id": 200037,
        "goods_ids": [20001,30003,20001],
        "goods_counts": [1,4,100000],
        "show_type": [1,0,0]
    },
    "200041": {
        "instance_id": 200041,
        "goods_ids": [],
        "goods_counts": [],
        "show_type": []
    },
    "200042": {
        "instance_id": 200042,
        "goods_ids": [],
        "goods_counts": [],
        "show_type": []
    },
    "200043": {
        "instance_id": 200043,
        "goods_ids": [],
        "goods_counts": [],
        "show_type": []
    },
    "200044": {
        "instance_id": 200044,
        "goods_ids": [],
        "goods_counts": [],
        "show_type": []
    },
    "200045": {
        "instance_id": 200045,
        "goods_ids": [],
        "goods_counts": [],
        "show_type": []
    },
    "200046": {
        "instance_id": 200046,
        "goods_ids": [],
        "goods_counts": [],
        "show_type": []
    },
    "200047": {
        "instance_id": 200047,
        "goods_ids": [20001,30003,20001],
        "goods_counts": [1,4,100000],
        "show_type": [1,0,0]
    },
    "200051": {
        "instance_id": 200051,
        "goods_ids": [],
        "goods_counts": [],
        "show_type": []
    },
    "200052": {
        "instance_id": 200052,
        "goods_ids": [],
        "goods_counts": [],
        "show_type": []
    },
    "200053": {
        "instance_id": 200053,
        "goods_ids": [],
        "goods_counts": [],
        "show_type": []
    },
    "200054": {
        "instance_id": 200054,
        "goods_ids": [],
        "goods_counts": [],
        "show_type": []
    },
    "200055": {
        "instance_id": 200055,
        "goods_ids": [],
        "goods_counts": [],
        "show_type": []
    },
    "200056": {
        "instance_id": 200056,
        "goods_ids": [],
        "goods_counts": [],
        "show_type": []
    },
    "200057": {
        "instance_id": 200057,
        "goods_ids": [20001,30003,20001],
        "goods_counts": [1,4,100000],
        "show_type": [1,0,0]
    }}
