{
    "190001": {
        "id": 190001,
        "name": "A级猎人自选礼包",
        "quality": 4,
        "price": 5000,
        "drop_time": 5,
        "drop_count": 1,
        "overdue_time": "",
        "items_id": [10029,10003,10026],
        "items_count": [1,1,1],
        "is_bag_rule": 0,
        "add_general": 1,
        "des": "使用后可以在A级猎人小滴、云古、派克诺妲中选择一名获取",
        "extrac": "使用后可以在A级猎人小滴、云古、派克诺妲中选择一名获取",
        "use_tips": 12,
        "red_tips": 1,
        "path": "item_lierenzixuan1_png",
        "show_type": 0
    },
    "190002": {
        "id": 190002,
        "name": "S级猎人自选礼包",
        "quality": 5,
        "price": 10000,
        "drop_time": 5,
        "drop_count": 1,
        "overdue_time": "",
        "items_id": [10043,10044,10041],
        "items_count": [1,1,1],
        "is_bag_rule": 0,
        "add_general": 1,
        "des": "使用后可以在S级猎人孟徒徒尤匹、尼飞彼多、甘舒中选择一名获取",
        "extrac": "使用后可以在S级猎人孟徒徒尤匹、尼飞彼多、甘舒中选择一名获取",
        "use_tips": 12,
        "red_tips": 1,
        "path": "item_lierenzixuan2_png",
        "show_type": 0
    },
    "190003": {
        "id": 190003,
        "name": "S级念兽自选礼包",
        "quality": 5,
        "price": 10000,
        "drop_time": 5,
        "drop_count": 1,
        "overdue_time": "",
        "items_id": [30907,30908,30909],
        "items_count": [5,5,5],
        "is_bag_rule": 0,
        "add_general": 0,
        "des": "使用后可以在S级念兽波克里林 、天使的自动笔记、黑子舞想中选择一名获取",
        "extrac": "使用后可以在S级念兽波克里林 、天使的自动笔记、黑子舞想中选择一名获取",
        "use_tips": 12,
        "red_tips": 1,
        "path": "item_nianshouzixuan1_png",
        "show_type": 0
    },
    "190004": {
        "id": 190004,
        "name": "A级旅团自选礼包",
        "quality": 4,
        "price": 5000,
        "drop_time": 5,
        "drop_count": 1,
        "overdue_time": "",
        "items_id": [10007,10023,10011],
        "items_count": [1,1,1],
        "is_bag_rule": 0,
        "add_general": 1,
        "des": "使用后可以在A级猎人窝金、玛琪、飞坦中选择一名获取",
        "extrac": "使用后可以在A级猎人窝金、玛琪、飞坦中选择一名获取",
        "use_tips": 12,
        "red_tips": 1,
        "path": "item_lierenzixuan3_png",
        "show_type": 0
    },
    "190005": {
        "id": 190005,
        "name": "5星SS卡自选礼包",
        "quality": 6,
        "price": 5000,
        "drop_time": 5,
        "drop_count": 1,
        "overdue_time": "",
        "items_id": [100002,100093,100054,100099],
        "items_count": [1,1,1,1],
        "is_bag_rule": 1,
        "add_general": 0,
        "des": "使用后可以在SS级紫星5星红卡\"一坪的密林、影武者切符、帝王独角仙、银犬\"中选择一张获取,卡片必有4条副属性",
        "extrac": "使用后可以在SS级紫星5星红卡\"一坪的密林、影武者切符、帝王独角仙、银犬\"中选择一张获取,卡片必有4条副属性",
        "use_tips": 12,
        "red_tips": 1,
        "path": "item_hongkazixuan_png",
        "show_type": 1
    },
    "190006": {
        "id": 190006,
        "name": "SS特效卡自选礼包",
        "quality": 6,
        "price": 5000,
        "drop_time": 5,
        "drop_count": 1,
        "overdue_time": "",
        "items_id": [100003,100013,100018,100097],
        "items_count": [1,1,1,1],
        "is_bag_rule": 1,
        "add_general": 0,
        "des": "使用后可以在SS级紫星5星特效红卡\"一坪的海岸线、黄金辞典、大天使的气息、千里眼的蛇\"中选择一张获取,卡片必有4条副属性",
        "extrac": "使用后可以在SS级紫星特效卡\"一坪的海岸线、黄金辞典、大天使的气息、千里眼的蛇\"中选择一张获取,卡片必有4条副属性",
        "use_tips": 12,
        "red_tips": 1,
        "path": "item_texiaokazixuan_png",
        "show_type": 1
    },
    "190007": {
        "id": 190007,
        "name": "惊喜自选包",
        "quality": 4,
        "price": 5000,
        "drop_time": 5,
        "drop_count": 1,
        "overdue_time": "",
        "items_id": [20020,139008,30813,30506],
        "items_count": [3,1,10,10],
        "is_bag_rule": 0,
        "add_general": 0,
        "des": "使用后可从冰爽啤酒*3、高级卡包*1、高级觉醒石*10、突破芯片*10中选择一项获取。",
        "extrac": "使用后可从冰爽啤酒*3、高级卡包*1、高级觉醒石*10、突破芯片*10中选择一项获取。",
        "use_tips": 12,
        "red_tips": 1,
        "path": "item_jingxizixuan_png",
        "show_type": 0
    },
    "190008": {
        "id": 190008,
        "name": "战力自选包",
        "quality": 4,
        "price": 5000,
        "drop_time": 5,
        "drop_count": 1,
        "overdue_time": "",
        "items_id": [139008,32001,10058],
        "items_count": [2,60,6],
        "is_bag_rule": 0,
        "add_general": 0,
        "des": "使用后可从高级卡包*2、万能徽章*60、三星蘑菇*6中选择一项获取。",
        "extrac": "使用后可从高级卡包*2、万能徽章*60、三星蘑菇*6中选择一项获取。",
        "use_tips": 12,
        "red_tips": 1,
        "path": "item_jingxizixuan_png",
        "show_type": 0
    },
    "190009": {
        "id": 190009,
        "name": "超猎人碎片礼包",
        "quality": 6,
        "price": 5000,
        "drop_time": 5,
        "drop_count": 1,
        "overdue_time": "",
        "items_id": [40060,40062,40066,40068,40017,40071],
        "items_count": [1,1,1,1,1,1],
        "is_bag_rule": 0,
        "add_general": 0,
        "des": "使用后可从小杰·黑化碎片*1、火红眼碎片*1、雷神奇犽碎片*1、傀儡凯特碎片*1、库洛洛碎片*1、暴走比丝姬碎片*1中选择一项获取。",
        "extrac": "使用后可从小杰·黑化碎片*1、火红眼碎片*1、雷神奇犽碎片*1、傀儡凯特碎片*1、库洛洛碎片*1、暴走比丝姬碎片*1中选择一项获取。",
        "use_tips": 12,
        "red_tips": 1,
        "path": "item_chaolierenzixuan_png",
        "show_type": 0
    },
    "190010": {
        "id": 190010,
        "name": "藏品自选礼包",
        "quality": 5,
        "price": 5000,
        "drop_time": 5,
        "drop_count": 1,
        "overdue_time": "",
        "items_id": [37058,37057,37001,37003,37005],
        "items_count": [1,1,1,1,1],
        "is_bag_rule": 0,
        "add_general": 0,
        "des": "<text>使用后可从以下</text><color>r=254,g=149,b=13</color><text>S级猎人专属藏品碎片*1</text><text>中选择一项获取：</text><color>r=200,g=38,b=0</color><text>雷神奇犽、小杰·黑化、火红眼、傀儡凯特、暴走比丝姬</text><text>。</text>",
        "extrac": "<text>使用后可从以下</text><color>r=254,g=149,b=13</color><text>S级猎人专属藏品碎片*1</text><text>中选择一项获取：</text><color>r=200,g=38,b=0</color><text>雷神奇犽、小杰·黑化、火红眼、傀儡凯特、暴走比丝姬</text><text>。</text>",
        "use_tips": 12,
        "red_tips": 1,
        "path": "item_cangpinzixuan_png",
        "show_type": 0
    },
    "190011": {
        "id": 190011,
        "name": "精华自选礼包",
        "quality": 5,
        "price": 5000,
        "drop_time": 5,
        "drop_count": 1,
        "overdue_time": "",
        "items_id": [38001,38002,38003,38004,38005,38006],
        "items_count": [1,1,1,1,1,1],
        "is_bag_rule": 0,
        "add_general": 0,
        "des": "<text>使用后可从以下</text><color>r=254,g=149,b=13</color><text>6系念力精华*1</text><text>中选择一项获取：</text><color>r=200,g=38,b=0</color><text>强化、变化、放出、操作、具现、特质</text><text>。</text>",
        "extrac": "<text>使用后可从以下</text><color>r=254,g=149,b=13</color><text>6系念力精华*1</text><text>中选择一项获取：</text><color>r=200,g=38,b=0</color><text>强化、变化、放出、操作、具现、特质</text><text>。</text>",
        "use_tips": 12,
        "red_tips": 1,
        "path": "item_jinghuazixuan_png",
        "show_type": 0
    },
    "195001": {
        "id": 195001,
        "name": "特效卡碎片自选包A",
        "quality": 6,
        "price": 5000,
        "drop_time": 5,
        "drop_count": 1,
        "overdue_time": "",
        "items_id": [33006,33007,33008,33009],
        "items_count": [1,1,1,1],
        "is_bag_rule": 0,
        "add_general": 0,
        "des": "使用后可从SS级特效卡征收碎片*1、城门碎片*1、凶弹碎片*1、同行碎片*1中选择一项获取。",
        "extrac": "使用后可从SS级特效卡征收碎片*1、城门碎片*1、凶弹碎片*1、同行碎片*1中选择一项获取。",
        "use_tips": 12,
        "red_tips": 1,
        "path": "item_kapiansuipianlibao_png",
        "show_type": 0
    },
    "195002": {
        "id": 195002,
        "name": "特效卡碎片自选包B",
        "quality": 6,
        "price": 5000,
        "drop_time": 5,
        "drop_count": 1,
        "overdue_time": "",
        "items_id": [33010,33011,33012,33013],
        "items_count": [1,1,1,1],
        "is_bag_rule": 0,
        "add_general": 0,
        "des": "使用后可从SS级特效卡监牢碎片*1、看破碎片*1、暗幕碎片*1、神眼碎片*1中选择一项获取。",
        "extrac": "使用后可从SS级特效卡监牢碎片*1、看破碎片*1、暗幕碎片*1、神眼碎片*1中选择一项获取。",
        "use_tips": 12,
        "red_tips": 1,
        "path": "item_kapiansuipianlibao_png",
        "show_type": 0
    },
    "190012": {
        "id": 190012,
        "name": "SS特效卡自选礼包B",
        "quality": 6,
        "price": 5000,
        "drop_time": 5,
        "drop_count": 1,
        "overdue_time": "",
        "items_id": [100109,100110],
        "items_count": [1,1],
        "is_bag_rule": 1,
        "add_general": 0,
        "des": "使用后可以在SS级紫星5星特效红卡\"倒回、念视\"中选择一张获取,卡片必有4条副属性",
        "extrac": "使用后可以在SS级紫星5星特效红卡\"倒回、念视\"中选择一张获取,卡片必有4条副属性",
        "use_tips": 12,
        "red_tips": 1,
        "path": "item_texiaokazixuan_png",
        "show_type": 1
    },
    "190013": {
        "id": 190013,
        "name": "圣诞帽礼包（15天）",
        "quality": 4,
        "price": 5000,
        "drop_time": 5,
        "drop_count": 1,
        "overdue_time": "",
        "items_id": [70001,70002,70003,70004,70005,70007],
        "items_count": [1,1,1,1,1,1],
        "is_bag_rule": 0,
        "add_general": 0,
        "des": "使用后可以在6种宠物圣诞帽（15天）中选择一种获取。",
        "extrac": "使用后可以在6种宠物圣诞帽（15天）中选择一种获取。",
        "use_tips": 12,
        "red_tips": 1,
        "path": "item_chongwumaozixuan_png",
        "show_type": 1
    },
    "190014": {
        "id": 190014,
        "name": "圣诞帽礼包（永久）",
        "quality": 5,
        "price": 5000,
        "drop_time": 5,
        "drop_count": 1,
        "overdue_time": "",
        "items_id": [70101,70102,70103,70104,70105,70107],
        "items_count": [1,1,1,1,1,1],
        "is_bag_rule": 0,
        "add_general": 0,
        "des": "使用后可以在6种宠物圣诞帽（永久）中选择一种获取。",
        "extrac": "使用后可以在6种宠物圣诞帽（永久）中选择一种获取。",
        "use_tips": 12,
        "red_tips": 1,
        "path": "item_chongwumaozixuan_png",
        "show_type": 1
    },
    "190015": {
        "id": 190015,
        "name": "库洛洛变身自选包",
        "quality": 5,
        "price": 5000,
        "drop_time": 5,
        "drop_count": 1,
        "overdue_time": "",
        "items_id": [39302,39303],
        "items_count": [1,1],
        "is_bag_rule": 0,
        "add_general": 0,
        "des": "使用后可以在故事残页、变身卡-库洛洛中选择一项获取",
        "extrac": "使用后可以在故事残页、变身卡-库洛洛中选择一项获取",
        "use_tips": 12,
        "red_tips": 1,
        "path": "item_TransferKuLuoLuo_png",
        "show_type": 0
    },
    "190016": {
        "id": 190016,
        "name": "康宰变身自选包",
        "quality": 5,
        "price": 5000,
        "drop_time": 5,
        "drop_count": 1,
        "overdue_time": "",
        "items_id": [39302,39304],
        "items_count": [1,1],
        "is_bag_rule": 0,
        "add_general": 0,
        "des": "使用后可以在故事残页、变身卡-康宰中选择一项获取",
        "extrac": "使用后可以在故事残页、变身卡-康宰中选择一项获取",
        "use_tips": 12,
        "red_tips": 1,
        "path": "item_TransferKangZai_png",
        "show_type": 0
    },
    "190017": {
        "id": 190017,
        "name": "皮约恩变身自选包",
        "quality": 5,
        "price": 5000,
        "drop_time": 5,
        "drop_count": 1,
        "overdue_time": "",
        "items_id": [39302,39305],
        "items_count": [1,1],
        "is_bag_rule": 0,
        "add_general": 0,
        "des": "使用后可以在故事残页、变身卡-皮约恩中选择一项获取",
        "extrac": "使用后可以在故事残页、变身卡-皮约恩中选择一项获取",
        "use_tips": 12,
        "red_tips": 1,
        "path": "item_TransferPiYueEn_png",
        "show_type": 0
    },
    "190018": {
        "id": 190018,
        "name": "帕里斯通变身自选包",
        "quality": 5,
        "price": 5000,
        "drop_time": 5,
        "drop_count": 1,
        "overdue_time": "",
        "items_id": [39302,39306],
        "items_count": [1,1],
        "is_bag_rule": 0,
        "add_general": 0,
        "des": "使用后可以在故事残页、变身卡-帕里斯通中选择一项获取",
        "extrac": "使用后可以在故事残页、变身卡-帕里斯通中选择一项获取",
        "use_tips": 12,
        "red_tips": 1,
        "path": "item_TransferPaLiSiTong_png",
        "show_type": 0
    },
    "190019": {
        "id": 190019,
        "name": "王变身自选包",
        "quality": 5,
        "price": 5000,
        "drop_time": 5,
        "drop_count": 1,
        "overdue_time": "",
        "items_id": [39302,39307],
        "items_count": [1,1],
        "is_bag_rule": 0,
        "add_general": 0,
        "des": "使用后可以在故事残页、变身卡-王中选择一项获取",
        "extrac": "使用后可以在故事残页、变身卡-王中选择一项获取",
        "use_tips": 12,
        "red_tips": 1,
        "path": "item_TransferWang_png",
        "show_type": 0
    },
    "190020": {
        "id": 190020,
        "name": "尼飞彼多变身自选包",
        "quality": 5,
        "price": 5000,
        "drop_time": 5,
        "drop_count": 1,
        "overdue_time": "",
        "items_id": [39302,39308],
        "items_count": [1,1],
        "is_bag_rule": 0,
        "add_general": 0,
        "des": "使用后可以在故事残页、变身卡-尼飞彼多中选择一项获取",
        "extrac": "使用后可以在故事残页、变身卡-尼飞彼多中选择一项获取",
        "use_tips": 12,
        "red_tips": 1,
        "path": "item_TransferNiFeiBiDuo_png",
        "show_type": 0
    }}
