{
    "10001": {
        "id": 10001,
        "quality": 1,
        "type": 1,
        "is_choose": 0,
        "exchange_goods": [[20001,5000],[20001,5000],[20001,5000]],
        "exchange_one": [],
        "exchange_two": [],
        "exchange_three": [],
        "is_only": 0,
        "exchange_times": 4,
        "daily_refresh": 1,
        "week_refresh": 0,
        "reward_goods": 20002,
        "reward_count": 1,
        "level_min": 1,
        "des": "每天可兑换4次"
    },
    "10002": {
        "id": 10002,
        "quality": 5,
        "type": 1,
        "is_choose": 0,
        "exchange_goods": [[20001,5000],[20001,5000],[20001,5000]],
        "exchange_one": [],
        "exchange_two": [],
        "exchange_three": [],
        "is_only": 0,
        "exchange_times": 3,
        "daily_refresh": 1,
        "week_refresh": 0,
        "reward_goods": 20002,
        "reward_count": 1,
        "level_min": 1,
        "des": "每天可兑换3次"
    },
    "10003": {
        "id": 10003,
        "quality": 2,
        "type": 1,
        "is_choose": 0,
        "exchange_goods": [[20001,5000],[20001,5000],[20001,5000]],
        "exchange_one": [],
        "exchange_two": [],
        "exchange_three": [],
        "is_only": 0,
        "exchange_times": 3,
        "daily_refresh": 1,
        "week_refresh": 0,
        "reward_goods": 20002,
        "reward_count": 1,
        "level_min": 1,
        "des": "每天可兑换3次"
    },
    "10004": {
        "id": 10004,
        "quality": 6,
        "type": 1,
        "is_choose": 0,
        "exchange_goods": [[20001,5000],[20001,5000],[20001,5000]],
        "exchange_one": [],
        "exchange_two": [],
        "exchange_three": [],
        "is_only": 0,
        "exchange_times": 2,
        "daily_refresh": 1,
        "week_refresh": 0,
        "reward_goods": 20002,
        "reward_count": 1,
        "level_min": 1,
        "des": "每天可兑换2次"
    },
    "10005": {
        "id": 10005,
        "quality": 7,
        "type": 1,
        "is_choose": 0,
        "exchange_goods": [[20001,5000],[20001,5000],[20001,5000]],
        "exchange_one": [],
        "exchange_two": [],
        "exchange_three": [],
        "is_only": 0,
        "exchange_times": 5,
        "daily_refresh": 0,
        "week_refresh": 1,
        "reward_goods": 20002,
        "reward_count": 1,
        "level_min": 1,
        "des": "每周可兑换5次"
    },
    "10006": {
        "id": 10006,
        "quality": 3,
        "type": 1,
        "is_choose": 0,
        "exchange_goods": [[20001,5000],[20001,5000],[20001,5000]],
        "exchange_one": [],
        "exchange_two": [],
        "exchange_three": [],
        "is_only": 0,
        "exchange_times": 3,
        "daily_refresh": 0,
        "week_refresh": 1,
        "reward_goods": 20002,
        "reward_count": 1,
        "level_min": 1,
        "des": "每周可兑换3次"
    },
    "10007": {
        "id": 10007,
        "quality": 8,
        "type": 1,
        "is_choose": 0,
        "exchange_goods": [[20001,5000],[20001,5000],[20001,5000]],
        "exchange_one": [],
        "exchange_two": [],
        "exchange_three": [],
        "is_only": 0,
        "exchange_times": 3,
        "daily_refresh": 0,
        "week_refresh": 1,
        "reward_goods": 20002,
        "reward_count": 1,
        "level_min": 1,
        "des": "每周可兑换3次"
    },
    "10008": {
        "id": 10008,
        "quality": 9,
        "type": 1,
        "is_choose": 0,
        "exchange_goods": [[20001,5000],[20001,5000],[20001,5000]],
        "exchange_one": [],
        "exchange_two": [],
        "exchange_three": [],
        "is_only": 0,
        "exchange_times": 2,
        "daily_refresh": 0,
        "week_refresh": 1,
        "reward_goods": 20002,
        "reward_count": 1,
        "level_min": 1,
        "des": "每周可兑换2次"
    },
    "10009": {
        "id": 10009,
        "quality": 4,
        "type": 1,
        "is_choose": 0,
        "exchange_goods": [[20001,5000],[20001,5000],[20001,5000]],
        "exchange_one": [],
        "exchange_two": [],
        "exchange_three": [],
        "is_only": 0,
        "exchange_times": 1,
        "daily_refresh": 0,
        "week_refresh": 1,
        "reward_goods": 20002,
        "reward_count": 1,
        "level_min": 1,
        "des": "每周可兑换1次"
    },
    "10010": {
        "id": 10010,
        "quality": 10,
        "type": 1,
        "is_choose": 0,
        "exchange_goods": [[20001,5000],[20001,5000],[20001,5000]],
        "exchange_one": [],
        "exchange_two": [],
        "exchange_three": [],
        "is_only": 0,
        "exchange_times": 1,
        "daily_refresh": 0,
        "week_refresh": 1,
        "reward_goods": 20002,
        "reward_count": 1,
        "level_min": 1,
        "des": "每周可兑换1次"
    }}
