{
    "1": {
        "id": 1,
        "name": "四等奖",
        "all_balls": 1,
        "reward_goods": [20002,20002,20001],
        "reward_count": [30,1,10000],
        "pic": "ui_doublecolor_WordsAwardRank5_png"
    },
    "2": {
        "id": 2,
        "name": "三等奖",
        "all_balls": 2,
        "reward_goods": [20002,20002,20001],
        "reward_count": [30,1,30000],
        "pic": "ui_doublecolor_WordsAwardRank4_png"
    },
    "3": {
        "id": 3,
        "name": "二等奖",
        "all_balls": 3,
        "reward_goods": [20002,20002,20001],
        "reward_count": [100,2,50000],
        "pic": "ui_doublecolor_WordsAwardRank3_png"
    },
    "4": {
        "id": 4,
        "name": "一等奖",
        "all_balls": 4,
        "reward_goods": [20002,20002,20001],
        "reward_count": [200,1,100000],
        "pic": "ui_doublecolor_WordsAwardRank2_png"
    },
    "5": {
        "id": 5,
        "name": "特等奖",
        "all_balls": 5,
        "reward_goods": [20002,20002,20001],
        "reward_count": [500,1,200000],
        "pic": "ui_doublecolor_WordsAwardRank1_png"
    }}
