{
    "1": {
        "id": 1,
        "name": "青铜",
        "score_min": 0,
        "battle_reward": [[20001,100]],
        "daily_reward": [[20001,100]]
    },
    "2": {
        "id": 2,
        "name": "白银一",
        "score_min": 1100,
        "battle_reward": [[20001,101]],
        "daily_reward": [[20001,101]]
    },
    "3": {
        "id": 3,
        "name": "白银二",
        "score_min": 1200,
        "battle_reward": [[20001,102]],
        "daily_reward": [[20001,102]]
    },
    "4": {
        "id": 4,
        "name": "黄金一",
        "score_min": 1300,
        "battle_reward": [[20001,103]],
        "daily_reward": [[20001,103]]
    },
    "5": {
        "id": 5,
        "name": "黄金二",
        "score_min": 1400,
        "battle_reward": [[20001,104]],
        "daily_reward": [[20001,104]]
    },
    "6": {
        "id": 6,
        "name": "铂金一",
        "score_min": 1500,
        "battle_reward": [[20001,105]],
        "daily_reward": [[20001,105]]
    },
    "7": {
        "id": 7,
        "name": "铂金二",
        "score_min": 1600,
        "battle_reward": [[20001,106]],
        "daily_reward": [[20001,106]]
    },
    "8": {
        "id": 8,
        "name": "铂金三",
        "score_min": 1700,
        "battle_reward": [[20001,107]],
        "daily_reward": [[20001,107]]
    },
    "9": {
        "id": 9,
        "name": "至尊",
        "score_min": 1800,
        "battle_reward": [[20001,108]],
        "daily_reward": [[20001,108]]
    }}
