{
    "160001": {
        "id": 160001,
        "name": "新手猎人",
        "order": 1001,
        "level": 999999999,
        "check_type": "",
        "check_value": "",
        "check_mulvalues": [],
        "from": "",
        "quality": 2,
        "grade": 0,
        "show_type": 1,
        "price": 0,
        "drop_count": 0,
        "drop_time": 5,
        "overdue_time": "",
        "league_animal_grow": 0,
        "effect": "初入猎人世界的小菜鸟~",
        "skill_normal": 50046,
        "general_hp": 6492,
        "general_atk": 254,
        "general_def": 160,
        "atk_crit": 6,
        "crit_extra": 123,
        "ignore_phyDef": 0,
        "cd_speed": 476,
        "dodge_rate": 0,
        "hit_rate": 0,
        "skill_atk": 0,
        "skill_def": 0,
        "universal_resistance": 0,
        "ignore_resistance": 0,
        "float_resistance": 50,
        "rage_reduce": 0,
        "support_consume": 200,
        "general_atk_all": 0,
        "general_def_all": 0,
        "all_crit": 0,
        "ignore_def_all": 0,
        "skill_crit": 0,
        "crit_resistance": 0,
        "final_extra": 0,
        "final_reduce": 0,
        "ignore_magicDef": 0,
        "logo": "ui_title_titlebig_titlebig1_png",
        "path": "ui_title_titleitem_titleItem1_png",
        "path_chat": "ui_title_titlesmall_titlesmall1_png",
        "des": "初入猎人世界的小菜鸟~"
    },
    "160002": {
        "id": 160002,
        "name": "七段高手",
        "order": 4002,
        "level": 7000,
        "check_type": "",
        "check_value": "",
        "check_mulvalues": [],
        "from": "",
        "quality": 3,
        "grade": 1,
        "show_type": 1,
        "price": 0,
        "drop_count": 0,
        "drop_time": 5,
        "overdue_time": "",
        "league_animal_grow": 0,
        "effect": "“跨服格斗场”赛季段位达到七段。",
        "skill_normal": 50047,
        "general_hp": 7650,
        "general_atk": 188,
        "general_def": 223,
        "atk_crit": 5,
        "crit_extra": 118,
        "ignore_phyDef": 0,
        "cd_speed": 588,
        "dodge_rate": 0,
        "hit_rate": 0,
        "skill_atk": 0,
        "skill_def": 0,
        "universal_resistance": 0,
        "ignore_resistance": 0,
        "float_resistance": 50,
        "rage_reduce": 0,
        "support_consume": 160,
        "general_atk_all": 0,
        "general_def_all": 0,
        "all_crit": 0,
        "ignore_def_all": 0,
        "skill_crit": 0,
        "crit_resistance": 0,
        "final_extra": 0,
        "final_reduce": 0,
        "ignore_magicDef": 0,
        "logo": "ui_title_titlebig_titlebigpvp1_png",
        "path": "ui_title_titleitem_titleitempvp1_png",
        "path_chat": "ui_title_titlesmall_titlesmallpvp1_png",
        "des": "“跨服个人战”赛季段位达到七段。"
    },
    "160003": {
        "id": 160003,
        "name": "八段高手",
        "order": 4003,
        "level": 6000,
        "check_type": "",
        "check_value": "",
        "check_mulvalues": [],
        "from": "",
        "quality": 4,
        "grade": 1,
        "show_type": 1,
        "price": 0,
        "drop_count": 0,
        "drop_time": 5,
        "overdue_time": "",
        "league_animal_grow": 0,
        "effect": "“跨服格斗场”赛季段位达到八段。",
        "skill_normal": 50100,
        "general_hp": 7260,
        "general_atk": 204,
        "general_def": 180,
        "atk_crit": 5,
        "crit_extra": 121,
        "ignore_phyDef": 0,
        "cd_speed": 556,
        "dodge_rate": 0,
        "hit_rate": 0,
        "skill_atk": 0,
        "skill_def": 0,
        "universal_resistance": 0,
        "ignore_resistance": 0,
        "float_resistance": 50,
        "rage_reduce": 0,
        "support_consume": 170,
        "general_atk_all": 0,
        "general_def_all": 0,
        "all_crit": 0,
        "ignore_def_all": 0,
        "skill_crit": 0,
        "crit_resistance": 0,
        "final_extra": 0,
        "final_reduce": 0,
        "ignore_magicDef": 0,
        "logo": "ui_title_titlebig_titlebigpvp2_png",
        "path": "ui_title_titleitem_titleitempvp2_png",
        "path_chat": "ui_title_titlesmall_titlesmallpvp2_png",
        "des": "“跨服个人战”赛季段位达到八段。"
    },
    "160004": {
        "id": 160004,
        "name": "九段高手",
        "order": 4004,
        "level": 5000,
        "check_type": "",
        "check_value": "",
        "check_mulvalues": [],
        "from": "",
        "quality": 5,
        "grade": 1,
        "show_type": 1,
        "price": 0,
        "drop_count": 0,
        "drop_time": 5,
        "overdue_time": "",
        "league_animal_grow": 0,
        "effect": "“跨服格斗场”赛季段位达到九段。",
        "skill_normal": 50101,
        "general_hp": 7795,
        "general_atk": 198,
        "general_def": 210,
        "atk_crit": 6,
        "crit_extra": 122,
        "ignore_phyDef": 0,
        "cd_speed": 455,
        "dodge_rate": 0,
        "hit_rate": 0,
        "skill_atk": 0,
        "skill_def": 0,
        "universal_resistance": 0,
        "ignore_resistance": 0,
        "float_resistance": 50,
        "rage_reduce": 0,
        "support_consume": 210,
        "general_atk_all": 0,
        "general_def_all": 0,
        "all_crit": 0,
        "ignore_def_all": 0,
        "skill_crit": 0,
        "crit_resistance": 0,
        "final_extra": 0,
        "final_reduce": 0,
        "ignore_magicDef": 0,
        "logo": "ui_title_titlebig_titlebigpvp3_png",
        "path": "ui_title_titleitem_titleitempvp3_png",
        "path_chat": "ui_title_titlesmall_titlesmallpvp3_png",
        "des": "“跨服个人战”赛季段位达到九段。"
    },
    "160005": {
        "id": 160005,
        "name": "超级猎人",
        "order": 4009,
        "level": 3000,
        "check_type": "",
        "check_value": "",
        "check_mulvalues": [],
        "from": "",
        "quality": 4,
        "grade": 1,
        "show_type": 1,
        "price": 0,
        "drop_count": 0,
        "drop_time": 5,
        "overdue_time": "",
        "league_animal_grow": 0,
        "effect": "“跨服格斗场”赛季世界排名第3名。",
        "skill_normal": 50163,
        "general_hp": 6507,
        "general_atk": 249,
        "general_def": 162,
        "atk_crit": 6,
        "crit_extra": 123,
        "ignore_phyDef": 0,
        "cd_speed": 455,
        "dodge_rate": 0,
        "hit_rate": 0,
        "skill_atk": 0,
        "skill_def": 0,
        "universal_resistance": 0,
        "ignore_resistance": 0,
        "float_resistance": 50,
        "rage_reduce": 0,
        "support_consume": 210,
        "general_atk_all": 0,
        "general_def_all": 0,
        "all_crit": 0,
        "ignore_def_all": 0,
        "skill_crit": 0,
        "crit_resistance": 0,
        "final_extra": 0,
        "final_reduce": 0,
        "ignore_magicDef": 0,
        "logo": "ui_title_titlebig_titlebigpvp5_png",
        "path": "ui_title_titleitem_titleitempvp5_png",
        "path_chat": "ui_title_titlesmall_titlesmallpvp5_png",
        "des": "“跨服个人战”赛季世界排名第3。"
    },
    "160006": {
        "id": 160006,
        "name": "宗师猎人",
        "order": 4010,
        "level": 2000,
        "check_type": "",
        "check_value": "",
        "check_mulvalues": [],
        "from": "",
        "quality": 5,
        "grade": 1,
        "show_type": 1,
        "price": 0,
        "drop_count": 0,
        "drop_time": 5,
        "overdue_time": "",
        "league_animal_grow": 0,
        "effect": "“跨服格斗场”赛季世界排名第2名。",
        "skill_normal": 50046,
        "general_hp": 6231,
        "general_atk": 228,
        "general_def": 158,
        "atk_crit": 6,
        "crit_extra": 122,
        "ignore_phyDef": 0,
        "cd_speed": 500,
        "dodge_rate": 0,
        "hit_rate": 0,
        "skill_atk": 0,
        "skill_def": 0,
        "universal_resistance": 0,
        "ignore_resistance": 0,
        "float_resistance": 50,
        "rage_reduce": 0,
        "support_consume": 190,
        "general_atk_all": 0,
        "general_def_all": 0,
        "all_crit": 0,
        "ignore_def_all": 0,
        "skill_crit": 0,
        "crit_resistance": 0,
        "final_extra": 0,
        "final_reduce": 0,
        "ignore_magicDef": 0,
        "logo": "ui_title_titlebig_titlebigpvp6_png",
        "path": "ui_title_titleitem_titleitempvp6_png",
        "path_chat": "ui_title_titlesmall_titlesmallpvp6_png",
        "des": "“跨服个人战”赛季世界排名第2。"
    },
    "160007": {
        "id": 160007,
        "name": "传奇猎人",
        "order": 4011,
        "level": 1000,
        "check_type": "",
        "check_value": "",
        "check_mulvalues": [],
        "from": "",
        "quality": 6,
        "grade": 1,
        "show_type": 1,
        "price": 0,
        "drop_count": 0,
        "drop_time": 5,
        "overdue_time": "",
        "league_animal_grow": 0,
        "effect": "“跨服格斗场”赛季世界排名第1名。",
        "skill_normal": 50047,
        "general_hp": 10000,
        "general_atk": 165,
        "general_def": 162,
        "atk_crit": 5,
        "crit_extra": 119,
        "ignore_phyDef": 0,
        "cd_speed": 476,
        "dodge_rate": 0,
        "hit_rate": 0,
        "skill_atk": 0,
        "skill_def": 0,
        "universal_resistance": 0,
        "ignore_resistance": 0,
        "float_resistance": 50,
        "rage_reduce": 0,
        "support_consume": 200,
        "general_atk_all": 0,
        "general_def_all": 0,
        "all_crit": 0,
        "ignore_def_all": 0,
        "skill_crit": 0,
        "crit_resistance": 0,
        "final_extra": 0,
        "final_reduce": 0,
        "ignore_magicDef": 0,
        "logo": "ui_title_titlebig_titlebigpvp7_png",
        "path": "ui_title_titleitem_titleitempvp7_png",
        "path_chat": "ui_title_titlesmall_titlesmallpvp7_png",
        "des": "“跨服个人战”赛季世界排名第1。"
    },
    "160008": {
        "id": 160008,
        "name": "猎魔人",
        "order": 4008,
        "level": 4000,
        "check_type": "",
        "check_value": "",
        "check_mulvalues": [],
        "from": "",
        "quality": 5,
        "grade": 1,
        "show_type": 1,
        "price": 0,
        "drop_count": 0,
        "drop_time": 5,
        "overdue_time": "",
        "league_animal_grow": 0,
        "effect": "“跨服格斗场”赛季世界排名前100名。",
        "skill_normal": 50100,
        "general_hp": 6256,
        "general_atk": 225,
        "general_def": 161,
        "atk_crit": 6,
        "crit_extra": 122,
        "ignore_phyDef": 0,
        "cd_speed": 500,
        "dodge_rate": 0,
        "hit_rate": 0,
        "skill_atk": 0,
        "skill_def": 0,
        "universal_resistance": 0,
        "ignore_resistance": 0,
        "float_resistance": 50,
        "rage_reduce": 0,
        "support_consume": 190,
        "general_atk_all": 0,
        "general_def_all": 0,
        "all_crit": 0,
        "ignore_def_all": 0,
        "skill_crit": 0,
        "crit_resistance": 0,
        "final_extra": 0,
        "final_reduce": 0,
        "ignore_magicDef": 0,
        "logo": "ui_title_titlebig_titlebigpvp4_png",
        "path": "ui_title_titleitem_titleitempvp4_png",
        "path_chat": "ui_title_titlesmall_titlesmallpvp4_png",
        "des": "“跨服个人战”赛季世界排名前100。"
    },
    "160009": {
        "id": 160009,
        "name": "赏金猎人",
        "order": 4005,
        "level": 3003,
        "check_type": "",
        "check_value": "",
        "check_mulvalues": [],
        "from": "",
        "quality": 4,
        "grade": 1,
        "show_type": 1,
        "price": 0,
        "drop_count": 0,
        "drop_time": 5,
        "overdue_time": "",
        "league_animal_grow": 0,
        "effect": "“跨服格斗场”赛季本服排名第3名。",
        "skill_normal": 50101,
        "general_hp": 7615,
        "general_atk": 158,
        "general_def": 193,
        "atk_crit": 5,
        "crit_extra": 118,
        "ignore_phyDef": 0,
        "cd_speed": 476,
        "dodge_rate": 0,
        "hit_rate": 0,
        "skill_atk": 0,
        "skill_def": 0,
        "universal_resistance": 0,
        "ignore_resistance": 0,
        "float_resistance": 50,
        "rage_reduce": 0,
        "support_consume": 200,
        "general_atk_all": 0,
        "general_def_all": 0,
        "all_crit": 0,
        "ignore_def_all": 0,
        "skill_crit": 0,
        "crit_resistance": 0,
        "final_extra": 0,
        "final_reduce": 0,
        "ignore_magicDef": 0,
        "logo": "ui_title_titlebig_titlebigpvp8_png",
        "path": "ui_title_titleitem_titleitempvp8_png",
        "path_chat": "ui_title_titlesmall_titlesmallpvp8_png",
        "des": "“跨服个人战”赛季本服排名第3。"
    },
    "160010": {
        "id": 160010,
        "name": "赏金猎人",
        "order": 4006,
        "level": 3002,
        "check_type": "",
        "check_value": "",
        "check_mulvalues": [],
        "from": "",
        "quality": 5,
        "grade": 1,
        "show_type": 1,
        "price": 0,
        "drop_count": 0,
        "drop_time": 5,
        "overdue_time": "",
        "league_animal_grow": 0,
        "effect": "“跨服格斗场”赛季本服排名第2名。",
        "skill_normal": 50163,
        "general_hp": 7620,
        "general_atk": 158,
        "general_def": 178,
        "atk_crit": 5,
        "crit_extra": 118,
        "ignore_phyDef": 0,
        "cd_speed": 476,
        "dodge_rate": 0,
        "hit_rate": 0,
        "skill_atk": 0,
        "skill_def": 0,
        "universal_resistance": 0,
        "ignore_resistance": 0,
        "float_resistance": 50,
        "rage_reduce": 0,
        "support_consume": 200,
        "general_atk_all": 0,
        "general_def_all": 0,
        "all_crit": 0,
        "ignore_def_all": 0,
        "skill_crit": 0,
        "crit_resistance": 0,
        "final_extra": 0,
        "final_reduce": 0,
        "ignore_magicDef": 0,
        "logo": "ui_title_titlebig_titlebigpvp9_png",
        "path": "ui_title_titleitem_titleitempvp9_png",
        "path_chat": "ui_title_titlesmall_titlesmallpvp9_png",
        "des": "“跨服个人战”赛季本服排名第2。"
    },
    "160011": {
        "id": 160011,
        "name": "赏金猎人",
        "order": 4007,
        "level": 3001,
        "check_type": "",
        "check_value": "",
        "check_mulvalues": [],
        "from": "",
        "quality": 6,
        "grade": 1,
        "show_type": 1,
        "price": 0,
        "drop_count": 0,
        "drop_time": 5,
        "overdue_time": "",
        "league_animal_grow": 0,
        "effect": "“跨服格斗场”赛季本服排名第1名。",
        "skill_normal": 50046,
        "general_hp": 6572,
        "general_atk": 239,
        "general_def": 157,
        "atk_crit": 1,
        "crit_extra": 123,
        "ignore_phyDef": 0,
        "cd_speed": 476,
        "dodge_rate": 0,
        "hit_rate": 0,
        "skill_atk": 0,
        "skill_def": 0,
        "universal_resistance": 0,
        "ignore_resistance": 0,
        "float_resistance": 50,
        "rage_reduce": 0,
        "support_consume": 200,
        "general_atk_all": 0,
        "general_def_all": 0,
        "all_crit": 0,
        "ignore_def_all": 0,
        "skill_crit": 0,
        "crit_resistance": 0,
        "final_extra": 0,
        "final_reduce": 0,
        "ignore_magicDef": 0,
        "logo": "ui_title_titlebig_titlebigpvp10_png",
        "path": "ui_title_titleitem_titleitempvp10_png",
        "path_chat": "ui_title_titlesmall_titlesmallpvp10_png",
        "des": "“跨服个人战”赛季本服排名第1。"
    },
    "160101": {
        "id": 160101,
        "name": "新手猎人",
        "order": 1001,
        "level": 999999999,
        "check_type": "",
        "check_value": "",
        "check_mulvalues": [],
        "from": "",
        "quality": 2,
        "grade": 0,
        "show_type": 1,
        "price": 0,
        "drop_count": 0,
        "drop_time": 5,
        "overdue_time": "",
        "league_animal_grow": 0,
        "effect": "初入猎人世界的小菜鸟~",
        "skill_normal": 50046,
        "general_hp": 6492,
        "general_atk": 254,
        "general_def": 160,
        "atk_crit": 6,
        "crit_extra": 123,
        "ignore_phyDef": 0,
        "cd_speed": 476,
        "dodge_rate": 0,
        "hit_rate": 0,
        "skill_atk": 0,
        "skill_def": 0,
        "universal_resistance": 0,
        "ignore_resistance": 0,
        "float_resistance": 50,
        "rage_reduce": 0,
        "support_consume": 200,
        "general_atk_all": 0,
        "general_def_all": 0,
        "all_crit": 0,
        "ignore_def_all": 0,
        "skill_crit": 0,
        "crit_resistance": 0,
        "final_extra": 0,
        "final_reduce": 0,
        "ignore_magicDef": 0,
        "logo": "ui_title_titlebig_titlebig1_png",
        "path": "ui_title_titleitem_titleItem1_png",
        "path_chat": "ui_title_titlesmall_titlesmall1_png",
        "des": "初入猎人世界的小菜鸟~"
    },
    "160102": {
        "id": 160102,
        "name": "万人迷",
        "order": 1002,
        "level": 2999,
        "check_type": "1",
        "check_value": "1",
        "check_mulvalues": [],
        "from": "",
        "quality": 2,
        "grade": 0,
        "show_type": 3,
        "price": 0,
        "drop_count": 0,
        "drop_time": 5,
        "overdue_time": "",
        "league_animal_grow": 0,
        "effect": "接受一次添加好友的请求",
        "skill_normal": 50046,
        "general_hp": 6572,
        "general_atk": 239,
        "general_def": 157,
        "atk_crit": 1,
        "crit_extra": 123,
        "ignore_phyDef": 0,
        "cd_speed": 476,
        "dodge_rate": 0,
        "hit_rate": 0,
        "skill_atk": 0,
        "skill_def": 0,
        "universal_resistance": 0,
        "ignore_resistance": 0,
        "float_resistance": 50,
        "rage_reduce": 0,
        "support_consume": 200,
        "general_atk_all": 0,
        "general_def_all": 0,
        "all_crit": 0,
        "ignore_def_all": 0,
        "skill_crit": 0,
        "crit_resistance": 0,
        "final_extra": 0,
        "final_reduce": 0,
        "ignore_magicDef": 0,
        "logo": "ui_title_titlebig_titlebig2_png",
        "path": "ui_title_titleitem_titleItem2_png",
        "path_chat": "ui_title_titlesmall_titlesmall2_png",
        "des": "我的好友们都叫我“万人迷”。"
    },
    "160103": {
        "id": 160103,
        "name": "找到组织",
        "order": 1003,
        "level": 2998,
        "check_type": "14",
        "check_value": "",
        "check_mulvalues": [],
        "from": "",
        "quality": 2,
        "grade": 0,
        "show_type": 3,
        "price": 0,
        "drop_count": 0,
        "drop_time": 5,
        "overdue_time": "",
        "league_animal_grow": 0,
        "effect": "加入一个公会",
        "skill_normal": 50046,
        "general_hp": 6572,
        "general_atk": 239,
        "general_def": 157,
        "atk_crit": 1,
        "crit_extra": 123,
        "ignore_phyDef": 0,
        "cd_speed": 476,
        "dodge_rate": 0,
        "hit_rate": 0,
        "skill_atk": 0,
        "skill_def": 0,
        "universal_resistance": 0,
        "ignore_resistance": 0,
        "float_resistance": 50,
        "rage_reduce": 0,
        "support_consume": 200,
        "general_atk_all": 0,
        "general_def_all": 0,
        "all_crit": 0,
        "ignore_def_all": 0,
        "skill_crit": 0,
        "crit_resistance": 0,
        "final_extra": 0,
        "final_reduce": 0,
        "ignore_magicDef": 0,
        "logo": "ui_title_titlebig_titlebig3_png",
        "path": "ui_title_titleitem_titleItem3_png",
        "path_chat": "ui_title_titlesmall_titlesmall3_png",
        "des": "公会为了奖励那些找到组织的猎人而赐予的称号。"
    },
    "160104": {
        "id": 160104,
        "name": "突破狂人",
        "order": 1004,
        "level": 2997,
        "check_type": "2",
        "check_value": "1",
        "check_mulvalues": [],
        "from": "",
        "quality": 3,
        "grade": 0,
        "show_type": 3,
        "price": 0,
        "drop_count": 0,
        "drop_time": 5,
        "overdue_time": "",
        "league_animal_grow": 0,
        "effect": "对A级或S级猎人进行一次三阶突破",
        "skill_normal": 50046,
        "general_hp": 6572,
        "general_atk": 239,
        "general_def": 157,
        "atk_crit": 1,
        "crit_extra": 123,
        "ignore_phyDef": 0,
        "cd_speed": 476,
        "dodge_rate": 0,
        "hit_rate": 0,
        "skill_atk": 0,
        "skill_def": 0,
        "universal_resistance": 0,
        "ignore_resistance": 0,
        "float_resistance": 50,
        "rage_reduce": 0,
        "support_consume": 200,
        "general_atk_all": 0,
        "general_def_all": 0,
        "all_crit": 0,
        "ignore_def_all": 0,
        "skill_crit": 0,
        "crit_resistance": 0,
        "final_extra": 0,
        "final_reduce": 0,
        "ignore_magicDef": 0,
        "logo": "ui_title_titlebig_titlebig4_png",
        "path": "ui_title_titleitem_titleItem4_png",
        "path_chat": "ui_title_titlesmall_titlesmall4_png",
        "des": "突破可以使猎人大大增强！"
    },
    "160105": {
        "id": 160105,
        "name": "觉醒之力",
        "order": 1005,
        "level": 2996,
        "check_type": "3",
        "check_value": "1",
        "check_mulvalues": [],
        "from": "",
        "quality": 3,
        "grade": 0,
        "show_type": 3,
        "price": 0,
        "drop_count": 0,
        "drop_time": 5,
        "overdue_time": "",
        "league_animal_grow": 0,
        "effect": "进行一次猎人变身",
        "skill_normal": 50046,
        "general_hp": 6572,
        "general_atk": 239,
        "general_def": 157,
        "atk_crit": 1,
        "crit_extra": 123,
        "ignore_phyDef": 0,
        "cd_speed": 476,
        "dodge_rate": 0,
        "hit_rate": 0,
        "skill_atk": 0,
        "skill_def": 0,
        "universal_resistance": 0,
        "ignore_resistance": 0,
        "float_resistance": 50,
        "rage_reduce": 0,
        "support_consume": 200,
        "general_atk_all": 0,
        "general_def_all": 0,
        "all_crit": 0,
        "ignore_def_all": 0,
        "skill_crit": 0,
        "crit_resistance": 0,
        "final_extra": 0,
        "final_reduce": 0,
        "ignore_magicDef": 0,
        "logo": "ui_title_titlebig_titlebig5_png",
        "path": "ui_title_titleitem_titleItem5_png",
        "path_chat": "ui_title_titlesmall_titlesmall5_png",
        "des": "我变身了~也变强了~"
    },
    "160106": {
        "id": 160106,
        "name": "签到之王",
        "order": 1006,
        "level": 2995,
        "check_type": "6",
        "check_value": "50",
        "check_mulvalues": [],
        "from": "",
        "quality": 4,
        "grade": 1,
        "show_type": 3,
        "price": 0,
        "drop_count": 0,
        "drop_time": 5,
        "overdue_time": "",
        "league_animal_grow": 0,
        "effect": "累计50天签到",
        "skill_normal": 50046,
        "general_hp": 6572,
        "general_atk": 239,
        "general_def": 157,
        "atk_crit": 1,
        "crit_extra": 123,
        "ignore_phyDef": 0,
        "cd_speed": 476,
        "dodge_rate": 0,
        "hit_rate": 0,
        "skill_atk": 0,
        "skill_def": 0,
        "universal_resistance": 0,
        "ignore_resistance": 0,
        "float_resistance": 50,
        "rage_reduce": 0,
        "support_consume": 200,
        "general_atk_all": 0,
        "general_def_all": 0,
        "all_crit": 0,
        "ignore_def_all": 0,
        "skill_crit": 0,
        "crit_resistance": 0,
        "final_extra": 0,
        "final_reduce": 0,
        "ignore_magicDef": 0,
        "logo": "ui_title_titlebig_titlebig6_png",
        "path": "ui_title_titleitem_titleItem6_png",
        "path_chat": "ui_title_titlesmall_titlesmall6_png",
        "des": "勤奋的猎人从不畏惧签到。"
    },
    "160202": {
        "id": 160202,
        "name": "幻影旅团",
        "order": 2002,
        "level": 2993,
        "check_type": "11",
        "check_value": "",
        "check_mulvalues": [10017,10033,10028,10013,10021],
        "from": "",
        "quality": 4,
        "grade": 1,
        "show_type": 2,
        "price": 0,
        "drop_count": 0,
        "drop_time": 5,
        "overdue_time": "",
        "league_animal_grow": 0,
        "effect": "图鉴中收藏库洛洛、西索、信长、富兰克林、库哔",
        "skill_normal": 50046,
        "general_hp": 6572,
        "general_atk": 239,
        "general_def": 157,
        "atk_crit": 1,
        "crit_extra": 123,
        "ignore_phyDef": 0,
        "cd_speed": 476,
        "dodge_rate": 0,
        "hit_rate": 0,
        "skill_atk": 0,
        "skill_def": 0,
        "universal_resistance": 0,
        "ignore_resistance": 0,
        "float_resistance": 50,
        "rage_reduce": 0,
        "support_consume": 200,
        "general_atk_all": 0,
        "general_def_all": 0,
        "all_crit": 0,
        "ignore_def_all": 0,
        "skill_crit": 0,
        "crit_resistance": 0,
        "final_extra": 0,
        "final_reduce": 0,
        "ignore_magicDef": 0,
        "logo": "ui_title_titlebig_titlebig8_png",
        "path": "ui_title_titleitem_titleItem8_png",
        "path_chat": "ui_title_titlesmall_titlesmall8_png",
        "des": "加入幻影旅团，纹上蜘蛛纹身吧~"
    },
    "160203": {
        "id": 160203,
        "name": "最强嵌合蚁",
        "order": 2003,
        "level": 2992,
        "check_type": "11",
        "check_value": "",
        "check_mulvalues": [10070,10036,10044,10042,10043],
        "from": "",
        "quality": 4,
        "grade": 1,
        "show_type": 2,
        "price": 0,
        "drop_count": 0,
        "drop_time": 5,
        "overdue_time": "",
        "league_animal_grow": 0,
        "effect": "图鉴中收藏蚁后、王、猫女、枭亚普夫、孟徒徒尤匹",
        "skill_normal": 50046,
        "general_hp": 6572,
        "general_atk": 239,
        "general_def": 157,
        "atk_crit": 1,
        "crit_extra": 123,
        "ignore_phyDef": 0,
        "cd_speed": 476,
        "dodge_rate": 0,
        "hit_rate": 0,
        "skill_atk": 0,
        "skill_def": 0,
        "universal_resistance": 0,
        "ignore_resistance": 0,
        "float_resistance": 50,
        "rage_reduce": 0,
        "support_consume": 200,
        "general_atk_all": 0,
        "general_def_all": 0,
        "all_crit": 0,
        "ignore_def_all": 0,
        "skill_crit": 0,
        "crit_resistance": 0,
        "final_extra": 0,
        "final_reduce": 0,
        "ignore_magicDef": 0,
        "logo": "ui_title_titlebig_titlebig9_png",
        "path": "ui_title_titleitem_titleItem9_png",
        "path_chat": "ui_title_titlesmall_titlesmall9_png",
        "des": "让人类付出惨痛代价的嵌合蚁军团。"
    },
    "160204": {
        "id": 160204,
        "name": "杀手家族",
        "order": 2004,
        "level": 2991,
        "check_type": "11",
        "check_value": "",
        "check_mulvalues": [10019,10018,10004,10001,10020],
        "from": "",
        "quality": 4,
        "grade": 1,
        "show_type": 2,
        "price": 0,
        "drop_count": 0,
        "drop_time": 5,
        "overdue_time": "",
        "league_animal_grow": 0,
        "effect": "图鉴中收藏杰诺、席巴、伊尔迷、奇犽、柯特",
        "skill_normal": 50046,
        "general_hp": 6572,
        "general_atk": 239,
        "general_def": 157,
        "atk_crit": 1,
        "crit_extra": 123,
        "ignore_phyDef": 0,
        "cd_speed": 476,
        "dodge_rate": 0,
        "hit_rate": 0,
        "skill_atk": 0,
        "skill_def": 0,
        "universal_resistance": 0,
        "ignore_resistance": 0,
        "float_resistance": 50,
        "rage_reduce": 0,
        "support_consume": 200,
        "general_atk_all": 0,
        "general_def_all": 0,
        "all_crit": 0,
        "ignore_def_all": 0,
        "skill_crit": 0,
        "crit_resistance": 0,
        "final_extra": 0,
        "final_reduce": 0,
        "ignore_magicDef": 0,
        "logo": "ui_title_titlebig_titlebig10_png",
        "path": "ui_title_titleitem_titleItem10_png",
        "path_chat": "ui_title_titlesmall_titlesmall10_png",
        "des": "揍敌客——有着悠久历史的杀手家族的姓氏。"
    },
    "160205": {
        "id": 160205,
        "name": "异界双生",
        "order": 2005,
        "level": 2990,
        "check_type": "11",
        "check_value": "",
        "check_mulvalues": [10065,10069],
        "from": "",
        "quality": 5,
        "grade": 1,
        "show_type": 2,
        "price": 0,
        "drop_count": 0,
        "drop_time": 5,
        "overdue_time": "",
        "league_animal_grow": 0,
        "effect": "图鉴中收藏亚路嘉、拿尼加",
        "skill_normal": 50046,
        "general_hp": 6572,
        "general_atk": 239,
        "general_def": 157,
        "atk_crit": 1,
        "crit_extra": 123,
        "ignore_phyDef": 0,
        "cd_speed": 476,
        "dodge_rate": 0,
        "hit_rate": 0,
        "skill_atk": 0,
        "skill_def": 0,
        "universal_resistance": 0,
        "ignore_resistance": 0,
        "float_resistance": 50,
        "rage_reduce": 0,
        "support_consume": 200,
        "general_atk_all": 0,
        "general_def_all": 0,
        "all_crit": 0,
        "ignore_def_all": 0,
        "skill_crit": 0,
        "crit_resistance": 0,
        "final_extra": 0,
        "final_reduce": 0,
        "ignore_magicDef": 0,
        "logo": "ui_title_titlebig_titlebig11_png",
        "path": "ui_title_titleitem_titleItem11_png",
        "path_chat": "ui_title_titlesmall_titlesmall11_png",
        "des": "亚路嘉和拿尼加、愿望与代价。"
    },
    "160206": {
        "id": 160206,
        "name": "火力全开",
        "order": 2006,
        "level": 2989,
        "check_type": "11",
        "check_value": "",
        "check_mulvalues": [10062,10066,10060,10071,10068],
        "from": "",
        "quality": 5,
        "grade": 1,
        "show_type": 2,
        "price": 0,
        "drop_count": 0,
        "drop_time": 5,
        "overdue_time": "",
        "league_animal_grow": 0,
        "effect": "图鉴中收藏火红眼、雷神、黑杰、暴走比丝姬、傀儡凯特",
        "skill_normal": 50046,
        "general_hp": 6572,
        "general_atk": 239,
        "general_def": 157,
        "atk_crit": 1,
        "crit_extra": 123,
        "ignore_phyDef": 0,
        "cd_speed": 476,
        "dodge_rate": 0,
        "hit_rate": 0,
        "skill_atk": 0,
        "skill_def": 0,
        "universal_resistance": 0,
        "ignore_resistance": 0,
        "float_resistance": 50,
        "rage_reduce": 0,
        "support_consume": 200,
        "general_atk_all": 0,
        "general_def_all": 0,
        "all_crit": 0,
        "ignore_def_all": 0,
        "skill_crit": 0,
        "crit_resistance": 0,
        "final_extra": 0,
        "final_reduce": 0,
        "ignore_magicDef": 0,
        "logo": "ui_title_titlebig_titlebig12_png",
        "path": "ui_title_titleitem_titleItem12_png",
        "path_chat": "ui_title_titlesmall_titlesmall12_png",
        "des": "变为第二形态的猎人们火力十足。"
    },
    "160207": {
        "id": 160207,
        "name": "针锋相对",
        "order": 2007,
        "level": 2988,
        "check_type": "11",
        "check_value": "",
        "check_mulvalues": [10067,10072],
        "from": "",
        "quality": 5,
        "grade": 1,
        "show_type": 2,
        "price": 0,
        "drop_count": 0,
        "drop_time": 5,
        "overdue_time": "",
        "league_animal_grow": 0,
        "effect": "图鉴中收藏金、帕里斯通",
        "skill_normal": 50046,
        "general_hp": 6572,
        "general_atk": 239,
        "general_def": 157,
        "atk_crit": 1,
        "crit_extra": 123,
        "ignore_phyDef": 0,
        "cd_speed": 476,
        "dodge_rate": 0,
        "hit_rate": 0,
        "skill_atk": 0,
        "skill_def": 0,
        "universal_resistance": 0,
        "ignore_resistance": 0,
        "float_resistance": 50,
        "rage_reduce": 0,
        "support_consume": 200,
        "general_atk_all": 0,
        "general_def_all": 0,
        "all_crit": 0,
        "ignore_def_all": 0,
        "skill_crit": 0,
        "crit_resistance": 0,
        "final_extra": 0,
        "final_reduce": 0,
        "ignore_magicDef": 0,
        "logo": "ui_title_titlebig_titlebig13_png",
        "path": "ui_title_titleitem_titleItem13_png",
        "path_chat": "ui_title_titlesmall_titlesmall13_png",
        "des": "在他们眼中，最棘手的人就是彼此。"
    },
    "160208": {
        "id": 160208,
        "name": "天空霸主",
        "order": 2008,
        "level": 2987,
        "check_type": "7",
        "check_value": "10070",
        "check_mulvalues": [],
        "from": "",
        "quality": 5,
        "grade": 1,
        "show_type": 3,
        "price": 0,
        "drop_count": 0,
        "drop_time": 5,
        "overdue_time": "",
        "league_animal_grow": 0,
        "effect": "通关高阶天空竞技场70层",
        "skill_normal": 50046,
        "general_hp": 6572,
        "general_atk": 239,
        "general_def": 157,
        "atk_crit": 1,
        "crit_extra": 123,
        "ignore_phyDef": 0,
        "cd_speed": 476,
        "dodge_rate": 0,
        "hit_rate": 0,
        "skill_atk": 0,
        "skill_def": 0,
        "universal_resistance": 0,
        "ignore_resistance": 0,
        "float_resistance": 50,
        "rage_reduce": 0,
        "support_consume": 200,
        "general_atk_all": 0,
        "general_def_all": 0,
        "all_crit": 0,
        "ignore_def_all": 0,
        "skill_crit": 0,
        "crit_resistance": 0,
        "final_extra": 0,
        "final_reduce": 0,
        "ignore_magicDef": 0,
        "logo": "ui_title_titlebig_titlebig14_png",
        "path": "ui_title_titleitem_titleItem14_png",
        "path_chat": "ui_title_titlesmall_titlesmall14_png",
        "des": "赠与经过所有天空竞技场的强者们！"
    },
    "160209": {
        "id": 160209,
        "name": "扫荡流星街",
        "order": 2009,
        "level": 2986,
        "check_type": "8",
        "check_value": "21",
        "check_mulvalues": [],
        "from": "",
        "quality": 5,
        "grade": 1,
        "show_type": 3,
        "price": 0,
        "drop_count": 0,
        "drop_time": 5,
        "overdue_time": "",
        "league_animal_grow": 0,
        "effect": "通关流星街任意の试炼第21关",
        "skill_normal": 50046,
        "general_hp": 6572,
        "general_atk": 239,
        "general_def": 157,
        "atk_crit": 1,
        "crit_extra": 123,
        "ignore_phyDef": 0,
        "cd_speed": 476,
        "dodge_rate": 0,
        "hit_rate": 0,
        "skill_atk": 0,
        "skill_def": 0,
        "universal_resistance": 0,
        "ignore_resistance": 0,
        "float_resistance": 50,
        "rage_reduce": 0,
        "support_consume": 200,
        "general_atk_all": 0,
        "general_def_all": 0,
        "all_crit": 0,
        "ignore_def_all": 0,
        "skill_crit": 0,
        "crit_resistance": 0,
        "final_extra": 0,
        "final_reduce": 0,
        "ignore_magicDef": 0,
        "logo": "ui_title_titlebig_titlebig15_png",
        "path": "ui_title_titleitem_titleItem15_png",
        "path_chat": "ui_title_titlesmall_titlesmall15_png",
        "des": "我的到来，就是对流星街就是一场扫荡、一场浩劫。"
    },
    "160210": {
        "id": 160210,
        "name": "装扮达人",
        "order": 2010,
        "level": 2985,
        "check_type": "9",
        "check_value": "1",
        "check_mulvalues": [],
        "from": "",
        "quality": 5,
        "grade": 1,
        "show_type": 3,
        "price": 0,
        "drop_count": 0,
        "drop_time": 5,
        "overdue_time": "",
        "league_animal_grow": 0,
        "effect": "进行一次穿戴装扮形象（贪婪之岛-杜力亚司）",
        "skill_normal": 50046,
        "general_hp": 6572,
        "general_atk": 239,
        "general_def": 157,
        "atk_crit": 1,
        "crit_extra": 123,
        "ignore_phyDef": 0,
        "cd_speed": 476,
        "dodge_rate": 0,
        "hit_rate": 0,
        "skill_atk": 0,
        "skill_def": 0,
        "universal_resistance": 0,
        "ignore_resistance": 0,
        "float_resistance": 50,
        "rage_reduce": 0,
        "support_consume": 200,
        "general_atk_all": 0,
        "general_def_all": 0,
        "all_crit": 0,
        "ignore_def_all": 0,
        "skill_crit": 0,
        "crit_resistance": 0,
        "final_extra": 0,
        "final_reduce": 0,
        "ignore_magicDef": 0,
        "logo": "ui_title_titlebig_titlebig16_png",
        "path": "ui_title_titleitem_titleItem16_png",
        "path_chat": "ui_title_titlesmall_titlesmall16_png",
        "des": "据说有了皮肤装扮的猎人就可以变强了~"
    },
    "160211": {
        "id": 160211,
        "name": "万夫莫敌",
        "order": 2011,
        "level": 2984,
        "check_type": "10",
        "check_value": "1",
        "check_mulvalues": [],
        "from": "",
        "quality": 5,
        "grade": 1,
        "show_type": 3,
        "price": 0,
        "drop_count": 0,
        "drop_time": 5,
        "overdue_time": "",
        "league_animal_grow": 0,
        "effect": "任意猎人战斗力达到50万",
        "skill_normal": 50046,
        "general_hp": 6572,
        "general_atk": 239,
        "general_def": 157,
        "atk_crit": 1,
        "crit_extra": 123,
        "ignore_phyDef": 0,
        "cd_speed": 476,
        "dodge_rate": 0,
        "hit_rate": 0,
        "skill_atk": 0,
        "skill_def": 0,
        "universal_resistance": 0,
        "ignore_resistance": 0,
        "float_resistance": 50,
        "rage_reduce": 0,
        "support_consume": 200,
        "general_atk_all": 0,
        "general_def_all": 0,
        "all_crit": 0,
        "ignore_def_all": 0,
        "skill_crit": 0,
        "crit_resistance": 0,
        "final_extra": 0,
        "final_reduce": 0,
        "ignore_magicDef": 0,
        "logo": "ui_title_titlebig_titlebig17_png",
        "path": "ui_title_titleitem_titleItem17_png",
        "path_chat": "ui_title_titlesmall_titlesmall17_png",
        "des": "如何效率的提升猎人战斗力是一门科学。"
    },
    "160212": {
        "id": 160212,
        "name": "猎人大师",
        "order": 2012,
        "level": 2983,
        "check_type": "12",
        "check_value": "28",
        "check_mulvalues": [],
        "from": "",
        "quality": 6,
        "grade": 1,
        "show_type": 3,
        "price": 0,
        "drop_count": 0,
        "drop_time": 5,
        "overdue_time": "",
        "league_animal_grow": 0,
        "effect": "图鉴中收藏S级猎人28位",
        "skill_normal": 50046,
        "general_hp": 6572,
        "general_atk": 239,
        "general_def": 157,
        "atk_crit": 1,
        "crit_extra": 123,
        "ignore_phyDef": 0,
        "cd_speed": 476,
        "dodge_rate": 0,
        "hit_rate": 0,
        "skill_atk": 0,
        "skill_def": 0,
        "universal_resistance": 0,
        "ignore_resistance": 0,
        "float_resistance": 50,
        "rage_reduce": 0,
        "support_consume": 200,
        "general_atk_all": 0,
        "general_def_all": 0,
        "all_crit": 0,
        "ignore_def_all": 0,
        "skill_crit": 0,
        "crit_resistance": 0,
        "final_extra": 0,
        "final_reduce": 0,
        "ignore_magicDef": 0,
        "logo": "ui_title_titlebig_titlebig18_png",
        "path": "ui_title_titleitem_titleItem18_png",
        "path_chat": "ui_title_titlesmall_titlesmall18_png",
        "des": "据说集齐这些强者便可召唤神龙！"
    },
    "160213": {
        "id": 160213,
        "name": "卡片大师",
        "order": 2013,
        "level": 2982,
        "check_type": "13",
        "check_value": "36",
        "check_mulvalues": [],
        "from": "",
        "quality": 6,
        "grade": 1,
        "show_type": 3,
        "price": 0,
        "drop_count": 0,
        "drop_time": 5,
        "overdue_time": "",
        "league_animal_grow": 0,
        "effect": "图鉴中收藏SS级卡36张",
        "skill_normal": 50046,
        "general_hp": 6572,
        "general_atk": 239,
        "general_def": 157,
        "atk_crit": 1,
        "crit_extra": 123,
        "ignore_phyDef": 0,
        "cd_speed": 476,
        "dodge_rate": 0,
        "hit_rate": 0,
        "skill_atk": 0,
        "skill_def": 0,
        "universal_resistance": 0,
        "ignore_resistance": 0,
        "float_resistance": 50,
        "rage_reduce": 0,
        "support_consume": 200,
        "general_atk_all": 0,
        "general_def_all": 0,
        "all_crit": 0,
        "ignore_def_all": 0,
        "skill_crit": 0,
        "crit_resistance": 0,
        "final_extra": 0,
        "final_reduce": 0,
        "ignore_magicDef": 0,
        "logo": "ui_title_titlebig_titlebig19_png",
        "path": "ui_title_titleitem_titleItem19_png",
        "path_chat": "ui_title_titlesmall_titlesmall19_png",
        "des": "我是卡片大师！不是卡牌大师！"
    },
    "160214": {
        "id": 160214,
        "name": "绝顶高手",
        "order": 2014,
        "level": 2981,
        "check_type": "4",
        "check_value": "60",
        "check_mulvalues": [],
        "from": "",
        "quality": 6,
        "grade": 1,
        "show_type": 3,
        "price": 0,
        "drop_count": 0,
        "drop_time": 5,
        "overdue_time": "",
        "league_animal_grow": 0,
        "effect": "当前拥有的S猎人的觉醒等级总计达到60级",
        "skill_normal": 50046,
        "general_hp": 6572,
        "general_atk": 239,
        "general_def": 157,
        "atk_crit": 1,
        "crit_extra": 123,
        "ignore_phyDef": 0,
        "cd_speed": 476,
        "dodge_rate": 0,
        "hit_rate": 0,
        "skill_atk": 0,
        "skill_def": 0,
        "universal_resistance": 0,
        "ignore_resistance": 0,
        "float_resistance": 50,
        "rage_reduce": 0,
        "support_consume": 200,
        "general_atk_all": 0,
        "general_def_all": 0,
        "all_crit": 0,
        "ignore_def_all": 0,
        "skill_crit": 0,
        "crit_resistance": 0,
        "final_extra": 0,
        "final_reduce": 0,
        "ignore_magicDef": 0,
        "logo": "ui_title_titlebig_titlebig20_png",
        "path": "ui_title_titleitem_titleItem20_png",
        "path_chat": "ui_title_titlesmall_titlesmall20_png",
        "des": "此称号用以祭奠那些被消耗掉的高级人偶们。"
    },
    "160215": {
        "id": 160215,
        "name": "最强王者",
        "order": 2015,
        "level": 2980,
        "check_type": "5",
        "check_value": "50",
        "check_mulvalues": [],
        "from": "",
        "quality": 6,
        "grade": 1,
        "show_type": 3,
        "price": 0,
        "drop_count": 0,
        "drop_time": 5,
        "overdue_time": "",
        "league_animal_grow": 0,
        "effect": "当前拥有的S猎人的突破阶级总计达到50级",
        "skill_normal": 50046,
        "general_hp": 6572,
        "general_atk": 239,
        "general_def": 157,
        "atk_crit": 1,
        "crit_extra": 123,
        "ignore_phyDef": 0,
        "cd_speed": 476,
        "dodge_rate": 0,
        "hit_rate": 0,
        "skill_atk": 0,
        "skill_def": 0,
        "universal_resistance": 0,
        "ignore_resistance": 0,
        "float_resistance": 50,
        "rage_reduce": 0,
        "support_consume": 200,
        "general_atk_all": 0,
        "general_def_all": 0,
        "all_crit": 0,
        "ignore_def_all": 0,
        "skill_crit": 0,
        "crit_resistance": 0,
        "final_extra": 0,
        "final_reduce": 0,
        "ignore_magicDef": 0,
        "logo": "ui_title_titlebig_titlebig21_png",
        "path": "ui_title_titleitem_titleItem21_png",
        "path_chat": "ui_title_titlesmall_titlesmall21_png",
        "des": "“我突了，也变强了！我就是最强王者！”"
    }}
