{
    "1": {
        "chapter_id": 1,
        "chapter_name": "突出重围",
        "chapter_pack": [100001,100002,100003,100004,100005,100006,100007],
        "chapter_bg": 1,
        "boss_roleId": 1,
        "boss_x": 0,
        "boss_y": 0,
        "star_score": [10,20,30],
        "goods_id": [[20001,30002,20002],[20001,30002,20002],[20001,30002,20002]],
        "goods_count": [[10000,5,10],[15000,5,30],[20000,10,60]],
        "chapter_name_pic": "ui_instancechapter_WordsChapterName1_png"
    },
    "2": {
        "chapter_id": 2,
        "chapter_name": "凌霄之困",
        "chapter_pack": [100008,100009,100010,100011,100012,100013,100014],
        "chapter_bg": 1,
        "boss_roleId": 1,
        "boss_x": 0,
        "boss_y": 0,
        "star_score": [10,20,30],
        "goods_id": [[20001,30003,20002],[20001,30003,20002],[20001,30003,20002]],
        "goods_count": [[20000,5,10],[30000,5,30],[40000,10,60]],
        "chapter_name_pic": "ui_instancechapter_WordsChapterName2_png"
    },
    "3": {
        "chapter_id": 3,
        "chapter_name": "伏牛大战",
        "chapter_pack": [100015,100016,100017,100018,100019,100020,100021],
        "chapter_bg": 1,
        "boss_roleId": 1,
        "boss_x": 0,
        "boss_y": 0,
        "star_score": [10,20,30],
        "goods_id": [[20001,30003,20002],[20001,30003,20002],[20001,30003,20002]],
        "goods_count": [[30000,5,10],[40000,5,30],[60000,15,60]],
        "chapter_name_pic": "ui_instancechapter_WordsChapterName3_png"
    },
    "4": {
        "chapter_id": 4,
        "chapter_name": "魔龙初现",
        "chapter_pack": [100022,100023,100024,100025,100026,100027,100028],
        "chapter_bg": 1,
        "boss_roleId": 1,
        "boss_x": 0,
        "boss_y": 0,
        "star_score": [10,20,30],
        "goods_id": [[20001,30003,20002],[20001,30003,20002],[20001,30003,20002]],
        "goods_count": [[30000,5,10],[40000,5,30],[60000,20,60]],
        "chapter_name_pic": "ui_instancechapter_WordsChapterName4_png"
    },
    "5": {
        "chapter_id": 5,
        "chapter_name": "天山无极",
        "chapter_pack": [100029,100030,100031,100032,100033,100034,100035],
        "chapter_bg": 1,
        "boss_roleId": 1,
        "boss_x": 0,
        "boss_y": 0,
        "star_score": [10,20,30],
        "goods_id": [[20001,30003,20002],[20001,30003,20002],[20001,30003,20002]],
        "goods_count": [[30000,10,10],[40000,10,30],[60000,20,60]],
        "chapter_name_pic": "ui_instancechapter_WordsChapterName5_png"
    },
    "6": {
        "chapter_id": 6,
        "chapter_name": "耀世神兵",
        "chapter_pack": [100036,100037,100038,100039,100040,100041,100042],
        "chapter_bg": 1,
        "boss_roleId": 1,
        "boss_x": 0,
        "boss_y": 0,
        "star_score": [10,20,30],
        "goods_id": [[20001,30003,20002],[20001,30003,20002],[20001,30003,20002]],
        "goods_count": [[40000,10,10],[50000,15,30],[80000,30,60]],
        "chapter_name_pic": "ui_instancechapter_WordsChapterName6_png"
    },
    "7": {
        "chapter_id": 7,
        "chapter_name": "古城之盟",
        "chapter_pack": [100043,100044,100045,100046,100047,100048,100049],
        "chapter_bg": 1,
        "boss_roleId": 1,
        "boss_x": 0,
        "boss_y": 0,
        "star_score": [10,20,30],
        "goods_id": [[20001,30003,20002],[20001,30003,20002],[20001,30003,20002]],
        "goods_count": [[50000,15,10],[60000,15,30],[100000,30,60]],
        "chapter_name_pic": "ui_instancechapter_WordsChapterName7_png"
    },
    "8": {
        "chapter_id": 8,
        "chapter_name": "无双秘籍",
        "chapter_pack": [100050,100051,100052,100053,100054,100055,100056],
        "chapter_bg": 1,
        "boss_roleId": 1,
        "boss_x": 0,
        "boss_y": 0,
        "star_score": [10,20,30],
        "goods_id": [[20001,30003,20002],[20001,30003,20002],[20001,30003,20002]],
        "goods_count": [[60000,20,10],[80000,20,30],[120000,40,60]],
        "chapter_name_pic": "ui_instancechapter_WordsChapterName8_png"
    },
    "9": {
        "chapter_id": 9,
        "chapter_name": "复仇之刃",
        "chapter_pack": [100057,100058,100059,100060,100061,100062,100063],
        "chapter_bg": 1,
        "boss_roleId": 1,
        "boss_x": 0,
        "boss_y": 0,
        "star_score": [10,20,30],
        "goods_id": [[20001,30003,20002],[20001,30003,20002],[20001,30003,20002]],
        "goods_count": [[70000,25,10],[70000,25,30],[140000,50,60]],
        "chapter_name_pic": "ui_instancechapter_WordsChapterName9_png"
    },
    "10": {
        "chapter_id": 10,
        "chapter_name": "魔音贯耳",
        "chapter_pack": [100064,100065,100066,100067,100068,100069,100070],
        "chapter_bg": 1,
        "boss_roleId": 1,
        "boss_x": 0,
        "boss_y": 0,
        "star_score": [10,20,30],
        "goods_id": [[20001,30003,20002],[20001,30003,20002],[20001,30003,20002]],
        "goods_count": [[80000,30,10],[80000,30,30],[160000,60,60]],
        "chapter_name_pic": "ui_instancechapter_WordsChapterName10_png"
    },
    "11": {
        "chapter_id": 11,
        "chapter_name": "势如破竹",
        "chapter_pack": [100071,100072,100073,100074,100075,100076,100077],
        "chapter_bg": 1,
        "boss_roleId": 1,
        "boss_x": 0,
        "boss_y": 0,
        "star_score": [10,20,30],
        "goods_id": [[20001,30003,20002],[20001,30003,20002],[20001,30003,20002]],
        "goods_count": [[100000,35,10],[100000,35,30],[200000,70,60]],
        "chapter_name_pic": "ui_instancechapter_WordsChapterName11_png"
    },
    "12": {
        "chapter_id": 12,
        "chapter_name": "决战魔主",
        "chapter_pack": [100078,100079,100080,100081,100082,100083,100084],
        "chapter_bg": 1,
        "boss_roleId": 1,
        "boss_x": 0,
        "boss_y": 0,
        "star_score": [10,20,30],
        "goods_id": [[20001,30003,20002],[20001,30003,20002],[20001,30003,20002]],
        "goods_count": [[120000,40,10],[120000,40,30],[240000,80,60]],
        "chapter_name_pic": "ui_instancechapter_WordsChapterName12_png"
    }}
