{
    "10030101": {
        "index": 10030101,
        "next_day": "",
        "reward_level": "3",
        "goods_id": [20002],
        "goods_count": [200],
        "des": "成长礼包A",
        "value": 100
    },
    "10030102": {
        "index": 10030102,
        "next_day": "",
        "reward_level": "15",
        "goods_id": [20002],
        "goods_count": [200],
        "des": "成长礼包A",
        "value": 100
    },
    "10030103": {
        "index": 10030103,
        "next_day": "",
        "reward_level": "25",
        "goods_id": [20002],
        "goods_count": [200],
        "des": "成长礼包A",
        "value": 100
    },
    "10030104": {
        "index": 10030104,
        "next_day": "",
        "reward_level": "35",
        "goods_id": [20002],
        "goods_count": [200],
        "des": "成长礼包A",
        "value": 100
    },
    "10030105": {
        "index": 10030105,
        "next_day": "",
        "reward_level": "45",
        "goods_id": [20002],
        "goods_count": [200],
        "des": "成长礼包A",
        "value": 100
    },
    "10030106": {
        "index": 10030106,
        "next_day": "",
        "reward_level": "55",
        "goods_id": [20002],
        "goods_count": [200],
        "des": "成长礼包A",
        "value": 100
    },
    "10030107": {
        "index": 10030107,
        "next_day": "",
        "reward_level": "60",
        "goods_id": [20002],
        "goods_count": [200],
        "des": "成长礼包A",
        "value": 100
    },
    "10030201": {
        "index": 10030201,
        "next_day": "",
        "reward_level": "5",
        "goods_id": [20002],
        "goods_count": [200],
        "des": "成长礼包B",
        "value": 100
    },
    "10030202": {
        "index": 10030202,
        "next_day": "",
        "reward_level": "10",
        "goods_id": [20002],
        "goods_count": [200],
        "des": "成长礼包B",
        "value": 200
    },
    "10030203": {
        "index": 10030203,
        "next_day": "",
        "reward_level": "20",
        "goods_id": [20002],
        "goods_count": [200],
        "des": "成长礼包B",
        "value": 300
    },
    "10030204": {
        "index": 10030204,
        "next_day": "",
        "reward_level": "30",
        "goods_id": [20002],
        "goods_count": [200],
        "des": "成长礼包B",
        "value": 400
    },
    "10030205": {
        "index": 10030205,
        "next_day": "",
        "reward_level": "40",
        "goods_id": [20002],
        "goods_count": [200],
        "des": "成长礼包B",
        "value": 500
    },
    "10030206": {
        "index": 10030206,
        "next_day": "",
        "reward_level": "50",
        "goods_id": [20002],
        "goods_count": [200],
        "des": "成长礼包B",
        "value": 500
    },
    "10030207": {
        "index": 10030207,
        "next_day": "",
        "reward_level": "60",
        "goods_id": [20002],
        "goods_count": [200],
        "des": "成长礼包B",
        "value": 1000
    },
    "10030301": {
        "index": 10030301,
        "next_day": "",
        "reward_level": "3",
        "goods_id": [20002],
        "goods_count": [200],
        "des": "成长礼包C",
        "value": 2500
    },
    "10030302": {
        "index": 10030302,
        "next_day": "",
        "reward_level": "15",
        "goods_id": [20002],
        "goods_count": [200],
        "des": "成长礼包C",
        "value": 2500
    },
    "10030303": {
        "index": 10030303,
        "next_day": "",
        "reward_level": "25",
        "goods_id": [20002],
        "goods_count": [200],
        "des": "成长礼包C",
        "value": 800
    },
    "10030304": {
        "index": 10030304,
        "next_day": "",
        "reward_level": "30",
        "goods_id": [20002],
        "goods_count": [200],
        "des": "成长礼包C",
        "value": 800
    },
    "10030305": {
        "index": 10030305,
        "next_day": "",
        "reward_level": "35",
        "goods_id": [20002],
        "goods_count": [200],
        "des": "成长礼包C",
        "value": 1000
    },
    "10030306": {
        "index": 10030306,
        "next_day": "",
        "reward_level": "40",
        "goods_id": [20002],
        "goods_count": [200],
        "des": "成长礼包C",
        "value": 2000
    },
    "10030307": {
        "index": 10030307,
        "next_day": "",
        "reward_level": "45",
        "goods_id": [20002],
        "goods_count": [200],
        "des": "成长礼包C",
        "value": 800
    },
    "10030308": {
        "index": 10030308,
        "next_day": "",
        "reward_level": "50",
        "goods_id": [20002],
        "goods_count": [200],
        "des": "成长礼包C",
        "value": 1000
    },
    "10030309": {
        "index": 10030309,
        "next_day": "",
        "reward_level": "55",
        "goods_id": [20002],
        "goods_count": [200],
        "des": "成长礼包C",
        "value": 1600
    },
    "10030310": {
        "index": 10030310,
        "next_day": "",
        "reward_level": "60",
        "goods_id": [20002],
        "goods_count": [200],
        "des": "成长礼包C",
        "value": 5000
    },
    "10100201": {
        "index": 10100201,
        "next_day": "10100202",
        "reward_level": "",
        "goods_id": [20002],
        "goods_count": [200],
        "des": "新手礼包A",
        "value": 100
    },
    "10100202": {
        "index": 10100202,
        "next_day": "10100203",
        "reward_level": "",
        "goods_id": [20002],
        "goods_count": [200],
        "des": "新手礼包A",
        "value": 100
    },
    "10100203": {
        "index": 10100203,
        "next_day": "10100204",
        "reward_level": "",
        "goods_id": [20002],
        "goods_count": [200],
        "des": "新手礼包A",
        "value": 100
    },
    "10100204": {
        "index": 10100204,
        "next_day": "10100205",
        "reward_level": "",
        "goods_id": [20002],
        "goods_count": [200],
        "des": "新手礼包A",
        "value": 100
    },
    "10100205": {
        "index": 10100205,
        "next_day": "10100206",
        "reward_level": "",
        "goods_id": [20002],
        "goods_count": [200],
        "des": "新手礼包A",
        "value": 100
    },
    "10100206": {
        "index": 10100206,
        "next_day": "10100207",
        "reward_level": "",
        "goods_id": [20002],
        "goods_count": [200],
        "des": "新手礼包A",
        "value": 100
    },
    "10100207": {
        "index": 10100207,
        "next_day": "",
        "reward_level": "",
        "goods_id": [20002],
        "goods_count": [200],
        "des": "新手礼包A",
        "value": 100
    },
    "10100301": {
        "index": 10100301,
        "next_day": "10100302",
        "reward_level": "",
        "goods_id": [20002],
        "goods_count": [200],
        "des": "新手礼包B",
        "value": 200
    },
    "10100302": {
        "index": 10100302,
        "next_day": "10100303",
        "reward_level": "",
        "goods_id": [20002],
        "goods_count": [200],
        "des": "新手礼包B",
        "value": 200
    },
    "10100303": {
        "index": 10100303,
        "next_day": "10100304",
        "reward_level": "",
        "goods_id": [20002],
        "goods_count": [200],
        "des": "新手礼包B",
        "value": 200
    },
    "10100304": {
        "index": 10100304,
        "next_day": "10100305",
        "reward_level": "",
        "goods_id": [20002],
        "goods_count": [200],
        "des": "新手礼包B",
        "value": 200
    },
    "10100305": {
        "index": 10100305,
        "next_day": "10100306",
        "reward_level": "",
        "goods_id": [20002],
        "goods_count": [200],
        "des": "新手礼包B",
        "value": 200
    },
    "10100306": {
        "index": 10100306,
        "next_day": "10100307",
        "reward_level": "",
        "goods_id": [20002],
        "goods_count": [200],
        "des": "新手礼包B",
        "value": 200
    },
    "10100307": {
        "index": 10100307,
        "next_day": "",
        "reward_level": "",
        "goods_id": [20002],
        "goods_count": [200],
        "des": "新手礼包B",
        "value": 200
    },
    "10250201": {
        "index": 10250201,
        "next_day": "10250202",
        "reward_level": "",
        "goods_id": [20002],
        "goods_count": [200],
        "des": "中级礼包A",
        "value": 100
    },
    "10250202": {
        "index": 10250202,
        "next_day": "10250203",
        "reward_level": "",
        "goods_id": [20002],
        "goods_count": [200],
        "des": "中级礼包A",
        "value": 100
    },
    "10250203": {
        "index": 10250203,
        "next_day": "10250204",
        "reward_level": "",
        "goods_id": [20002],
        "goods_count": [200],
        "des": "中级礼包A",
        "value": 100
    },
    "10250204": {
        "index": 10250204,
        "next_day": "10250205",
        "reward_level": "",
        "goods_id": [20002],
        "goods_count": [200],
        "des": "中级礼包A",
        "value": 100
    },
    "10250205": {
        "index": 10250205,
        "next_day": "10250206",
        "reward_level": "",
        "goods_id": [20002],
        "goods_count": [200],
        "des": "中级礼包A",
        "value": 100
    },
    "10250206": {
        "index": 10250206,
        "next_day": "10250207",
        "reward_level": "",
        "goods_id": [20002],
        "goods_count": [200],
        "des": "中级礼包A",
        "value": 100
    },
    "10250207": {
        "index": 10250207,
        "next_day": "10250208",
        "reward_level": "",
        "goods_id": [20002],
        "goods_count": [200],
        "des": "中级礼包A",
        "value": 100
    },
    "10250208": {
        "index": 10250208,
        "next_day": "10250209",
        "reward_level": "",
        "goods_id": [20002],
        "goods_count": [200],
        "des": "中级礼包A",
        "value": 100
    },
    "10250209": {
        "index": 10250209,
        "next_day": "10250210",
        "reward_level": "",
        "goods_id": [20002],
        "goods_count": [200],
        "des": "中级礼包A",
        "value": 100
    },
    "10250210": {
        "index": 10250210,
        "next_day": "",
        "reward_level": "",
        "goods_id": [20002],
        "goods_count": [200],
        "des": "中级礼包A",
        "value": 100
    },
    "10250301": {
        "index": 10250301,
        "next_day": "10250302",
        "reward_level": "",
        "goods_id": [20002],
        "goods_count": [200],
        "des": "中级礼包B",
        "value": 200
    },
    "10250302": {
        "index": 10250302,
        "next_day": "10250303",
        "reward_level": "",
        "goods_id": [20002],
        "goods_count": [200],
        "des": "中级礼包B",
        "value": 200
    },
    "10250303": {
        "index": 10250303,
        "next_day": "10250304",
        "reward_level": "",
        "goods_id": [20002],
        "goods_count": [200],
        "des": "中级礼包B",
        "value": 200
    },
    "10250304": {
        "index": 10250304,
        "next_day": "10250305",
        "reward_level": "",
        "goods_id": [20002],
        "goods_count": [200],
        "des": "中级礼包B",
        "value": 200
    },
    "10250305": {
        "index": 10250305,
        "next_day": "10250306",
        "reward_level": "",
        "goods_id": [20002],
        "goods_count": [200],
        "des": "中级礼包B",
        "value": 200
    },
    "10250306": {
        "index": 10250306,
        "next_day": "10250307",
        "reward_level": "",
        "goods_id": [20002],
        "goods_count": [200],
        "des": "中级礼包B",
        "value": 200
    },
    "10250307": {
        "index": 10250307,
        "next_day": "10250308",
        "reward_level": "",
        "goods_id": [20002],
        "goods_count": [200],
        "des": "中级礼包B",
        "value": 200
    },
    "10250308": {
        "index": 10250308,
        "next_day": "10250309",
        "reward_level": "",
        "goods_id": [20002],
        "goods_count": [200],
        "des": "中级礼包B",
        "value": 200
    },
    "10250309": {
        "index": 10250309,
        "next_day": "10250310",
        "reward_level": "",
        "goods_id": [20002],
        "goods_count": [200],
        "des": "中级礼包B",
        "value": 200
    },
    "10250310": {
        "index": 10250310,
        "next_day": "",
        "reward_level": "",
        "goods_id": [20002],
        "goods_count": [200],
        "des": "中级礼包B",
        "value": 200
    },
    "10350201": {
        "index": 10350201,
        "next_day": "10350202",
        "reward_level": "",
        "goods_id": [20002],
        "goods_count": [200],
        "des": "高级礼包A",
        "value": 100
    },
    "10350202": {
        "index": 10350202,
        "next_day": "10350203",
        "reward_level": "",
        "goods_id": [20002],
        "goods_count": [200],
        "des": "高级礼包A",
        "value": 100
    },
    "10350203": {
        "index": 10350203,
        "next_day": "10350204",
        "reward_level": "",
        "goods_id": [20002],
        "goods_count": [200],
        "des": "高级礼包A",
        "value": 100
    },
    "10350204": {
        "index": 10350204,
        "next_day": "10350205",
        "reward_level": "",
        "goods_id": [20002],
        "goods_count": [200],
        "des": "高级礼包A",
        "value": 100
    },
    "10350205": {
        "index": 10350205,
        "next_day": "10350206",
        "reward_level": "",
        "goods_id": [20002],
        "goods_count": [200],
        "des": "高级礼包A",
        "value": 100
    },
    "10350206": {
        "index": 10350206,
        "next_day": "10350207",
        "reward_level": "",
        "goods_id": [20002],
        "goods_count": [200],
        "des": "高级礼包A",
        "value": 100
    },
    "10350207": {
        "index": 10350207,
        "next_day": "10350208",
        "reward_level": "",
        "goods_id": [20002],
        "goods_count": [200],
        "des": "高级礼包A",
        "value": 100
    },
    "10350208": {
        "index": 10350208,
        "next_day": "10350209",
        "reward_level": "",
        "goods_id": [20002],
        "goods_count": [200],
        "des": "高级礼包A",
        "value": 100
    },
    "10350209": {
        "index": 10350209,
        "next_day": "10350210",
        "reward_level": "",
        "goods_id": [20002],
        "goods_count": [200],
        "des": "高级礼包A",
        "value": 100
    },
    "10350210": {
        "index": 10350210,
        "next_day": "",
        "reward_level": "",
        "goods_id": [20002],
        "goods_count": [200],
        "des": "高级礼包A",
        "value": 100
    },
    "10350301": {
        "index": 10350301,
        "next_day": "10350302",
        "reward_level": "",
        "goods_id": [20002],
        "goods_count": [200],
        "des": "高级礼包B",
        "value": 200
    },
    "10350302": {
        "index": 10350302,
        "next_day": "10350303",
        "reward_level": "",
        "goods_id": [20002],
        "goods_count": [200],
        "des": "高级礼包B",
        "value": 200
    },
    "10350303": {
        "index": 10350303,
        "next_day": "10350304",
        "reward_level": "",
        "goods_id": [20002],
        "goods_count": [200],
        "des": "高级礼包B",
        "value": 200
    },
    "10350304": {
        "index": 10350304,
        "next_day": "10350305",
        "reward_level": "",
        "goods_id": [20002],
        "goods_count": [200],
        "des": "高级礼包B",
        "value": 200
    },
    "10350305": {
        "index": 10350305,
        "next_day": "10350306",
        "reward_level": "",
        "goods_id": [20002],
        "goods_count": [200],
        "des": "高级礼包B",
        "value": 200
    },
    "10350306": {
        "index": 10350306,
        "next_day": "10350307",
        "reward_level": "",
        "goods_id": [20002],
        "goods_count": [200],
        "des": "高级礼包B",
        "value": 200
    },
    "10350307": {
        "index": 10350307,
        "next_day": "10350308",
        "reward_level": "",
        "goods_id": [20002],
        "goods_count": [200],
        "des": "高级礼包B",
        "value": 200
    },
    "10350308": {
        "index": 10350308,
        "next_day": "10350309",
        "reward_level": "",
        "goods_id": [20002],
        "goods_count": [200],
        "des": "高级礼包B",
        "value": 200
    },
    "10350309": {
        "index": 10350309,
        "next_day": "10350310",
        "reward_level": "",
        "goods_id": [20002],
        "goods_count": [200],
        "des": "高级礼包B",
        "value": 200
    },
    "10350310": {
        "index": 10350310,
        "next_day": "",
        "reward_level": "",
        "goods_id": [20002],
        "goods_count": [200],
        "des": "高级礼包B",
        "value": 200
    },
    "10450201": {
        "index": 10450201,
        "next_day": "10450202",
        "reward_level": "",
        "goods_id": [20002],
        "goods_count": [200],
        "des": "超级礼包A",
        "value": 100
    },
    "10450202": {
        "index": 10450202,
        "next_day": "10450203",
        "reward_level": "",
        "goods_id": [20002],
        "goods_count": [200],
        "des": "超级礼包A",
        "value": 100
    },
    "10450203": {
        "index": 10450203,
        "next_day": "10450204",
        "reward_level": "",
        "goods_id": [20002],
        "goods_count": [200],
        "des": "超级礼包A",
        "value": 100
    },
    "10450204": {
        "index": 10450204,
        "next_day": "10450205",
        "reward_level": "",
        "goods_id": [20002],
        "goods_count": [200],
        "des": "超级礼包A",
        "value": 100
    },
    "10450205": {
        "index": 10450205,
        "next_day": "10450206",
        "reward_level": "",
        "goods_id": [20002],
        "goods_count": [200],
        "des": "超级礼包A",
        "value": 100
    },
    "10450206": {
        "index": 10450206,
        "next_day": "10450207",
        "reward_level": "",
        "goods_id": [20002],
        "goods_count": [200],
        "des": "超级礼包A",
        "value": 100
    },
    "10450207": {
        "index": 10450207,
        "next_day": "10450208",
        "reward_level": "",
        "goods_id": [20002],
        "goods_count": [200],
        "des": "超级礼包A",
        "value": 100
    },
    "10450208": {
        "index": 10450208,
        "next_day": "10450209",
        "reward_level": "",
        "goods_id": [20002],
        "goods_count": [200],
        "des": "超级礼包A",
        "value": 100
    },
    "10450209": {
        "index": 10450209,
        "next_day": "10450210",
        "reward_level": "",
        "goods_id": [20002],
        "goods_count": [200],
        "des": "超级礼包A",
        "value": 100
    },
    "10450210": {
        "index": 10450210,
        "next_day": "",
        "reward_level": "",
        "goods_id": [20002],
        "goods_count": [200],
        "des": "超级礼包A",
        "value": 100
    },
    "10450301": {
        "index": 10450301,
        "next_day": "10450302",
        "reward_level": "",
        "goods_id": [20002],
        "goods_count": [200],
        "des": "超级礼包B",
        "value": 200
    },
    "10450302": {
        "index": 10450302,
        "next_day": "10450303",
        "reward_level": "",
        "goods_id": [20002],
        "goods_count": [200],
        "des": "超级礼包B",
        "value": 200
    },
    "10450303": {
        "index": 10450303,
        "next_day": "10450304",
        "reward_level": "",
        "goods_id": [20002],
        "goods_count": [200],
        "des": "超级礼包B",
        "value": 200
    },
    "10450304": {
        "index": 10450304,
        "next_day": "10450305",
        "reward_level": "",
        "goods_id": [20002],
        "goods_count": [200],
        "des": "超级礼包B",
        "value": 200
    },
    "10450305": {
        "index": 10450305,
        "next_day": "10450306",
        "reward_level": "",
        "goods_id": [20002],
        "goods_count": [200],
        "des": "超级礼包B",
        "value": 200
    },
    "10450306": {
        "index": 10450306,
        "next_day": "10450307",
        "reward_level": "",
        "goods_id": [20002],
        "goods_count": [200],
        "des": "超级礼包B",
        "value": 200
    },
    "10450307": {
        "index": 10450307,
        "next_day": "10450308",
        "reward_level": "",
        "goods_id": [20002],
        "goods_count": [200],
        "des": "超级礼包B",
        "value": 200
    },
    "10450308": {
        "index": 10450308,
        "next_day": "10450309",
        "reward_level": "",
        "goods_id": [20002],
        "goods_count": [200],
        "des": "超级礼包B",
        "value": 200
    },
    "10450309": {
        "index": 10450309,
        "next_day": "10450310",
        "reward_level": "",
        "goods_id": [20002],
        "goods_count": [200],
        "des": "超级礼包B",
        "value": 200
    },
    "10450310": {
        "index": 10450310,
        "next_day": "",
        "reward_level": "",
        "goods_id": [20002],
        "goods_count": [200],
        "des": "超级礼包B",
        "value": 200
    },
    "10550301": {
        "index": 10550301,
        "next_day": "10550302",
        "reward_level": "",
        "goods_id": [20002],
        "goods_count": [200],
        "des": "黄金礼包A",
        "value": 100
    },
    "10550302": {
        "index": 10550302,
        "next_day": "10550303",
        "reward_level": "",
        "goods_id": [20002],
        "goods_count": [200],
        "des": "黄金礼包A",
        "value": 100
    },
    "10550303": {
        "index": 10550303,
        "next_day": "10550304",
        "reward_level": "",
        "goods_id": [20002],
        "goods_count": [200],
        "des": "黄金礼包A",
        "value": 100
    },
    "10550304": {
        "index": 10550304,
        "next_day": "10550305",
        "reward_level": "",
        "goods_id": [20002],
        "goods_count": [200],
        "des": "黄金礼包A",
        "value": 100
    },
    "10550305": {
        "index": 10550305,
        "next_day": "10550306",
        "reward_level": "",
        "goods_id": [20002],
        "goods_count": [200],
        "des": "黄金礼包A",
        "value": 100
    },
    "10550306": {
        "index": 10550306,
        "next_day": "10550307",
        "reward_level": "",
        "goods_id": [20002],
        "goods_count": [200],
        "des": "黄金礼包A",
        "value": 100
    },
    "10550307": {
        "index": 10550307,
        "next_day": "10550308",
        "reward_level": "",
        "goods_id": [20002],
        "goods_count": [200],
        "des": "黄金礼包A",
        "value": 100
    },
    "10550308": {
        "index": 10550308,
        "next_day": "10550309",
        "reward_level": "",
        "goods_id": [20002],
        "goods_count": [200],
        "des": "黄金礼包A",
        "value": 100
    },
    "10550309": {
        "index": 10550309,
        "next_day": "10550310",
        "reward_level": "",
        "goods_id": [20002],
        "goods_count": [200],
        "des": "黄金礼包A",
        "value": 100
    },
    "10550310": {
        "index": 10550310,
        "next_day": "",
        "reward_level": "",
        "goods_id": [20002],
        "goods_count": [200],
        "des": "黄金礼包A",
        "value": 100
    },
    "10550401": {
        "index": 10550401,
        "next_day": "10550402",
        "reward_level": "",
        "goods_id": [20002],
        "goods_count": [200],
        "des": "黄金礼包B",
        "value": 200
    },
    "10550402": {
        "index": 10550402,
        "next_day": "10550403",
        "reward_level": "",
        "goods_id": [20002],
        "goods_count": [200],
        "des": "黄金礼包B",
        "value": 200
    },
    "10550403": {
        "index": 10550403,
        "next_day": "10550404",
        "reward_level": "",
        "goods_id": [20002],
        "goods_count": [200],
        "des": "黄金礼包B",
        "value": 200
    },
    "10550404": {
        "index": 10550404,
        "next_day": "10550405",
        "reward_level": "",
        "goods_id": [20002],
        "goods_count": [200],
        "des": "黄金礼包B",
        "value": 200
    },
    "10550405": {
        "index": 10550405,
        "next_day": "10550406",
        "reward_level": "",
        "goods_id": [20002],
        "goods_count": [200],
        "des": "黄金礼包B",
        "value": 200
    },
    "10550406": {
        "index": 10550406,
        "next_day": "10550407",
        "reward_level": "",
        "goods_id": [20002],
        "goods_count": [200],
        "des": "黄金礼包B",
        "value": 200
    },
    "10550407": {
        "index": 10550407,
        "next_day": "10550408",
        "reward_level": "",
        "goods_id": [20002],
        "goods_count": [200],
        "des": "黄金礼包B",
        "value": 200
    },
    "10550408": {
        "index": 10550408,
        "next_day": "10550409",
        "reward_level": "",
        "goods_id": [20002],
        "goods_count": [200],
        "des": "黄金礼包B",
        "value": 200
    },
    "10550409": {
        "index": 10550409,
        "next_day": "10550410",
        "reward_level": "",
        "goods_id": [20002],
        "goods_count": [200],
        "des": "黄金礼包B",
        "value": 200
    },
    "10550410": {
        "index": 10550410,
        "next_day": "",
        "reward_level": "",
        "goods_id": [20002],
        "goods_count": [200],
        "des": "黄金礼包B",
        "value": 200
    },
    "10020401": {
        "index": 10020401,
        "next_day": "10020402",
        "reward_level": "",
        "goods_id": [20002],
        "goods_count": [200],
        "des": "初级月卡",
        "value": 100
    },
    "10020402": {
        "index": 10020402,
        "next_day": "10020403",
        "reward_level": "",
        "goods_id": [20002],
        "goods_count": [200],
        "des": "初级月卡",
        "value": 100
    },
    "10020403": {
        "index": 10020403,
        "next_day": "10020404",
        "reward_level": "",
        "goods_id": [20002],
        "goods_count": [200],
        "des": "初级月卡",
        "value": 100
    },
    "10020404": {
        "index": 10020404,
        "next_day": "10020405",
        "reward_level": "",
        "goods_id": [20002],
        "goods_count": [200],
        "des": "初级月卡",
        "value": 100
    },
    "10020405": {
        "index": 10020405,
        "next_day": "10020406",
        "reward_level": "",
        "goods_id": [20002],
        "goods_count": [200],
        "des": "初级月卡",
        "value": 100
    },
    "10020406": {
        "index": 10020406,
        "next_day": "10020407",
        "reward_level": "",
        "goods_id": [20002],
        "goods_count": [200],
        "des": "初级月卡",
        "value": 100
    },
    "10020407": {
        "index": 10020407,
        "next_day": "10020408",
        "reward_level": "",
        "goods_id": [20002],
        "goods_count": [200],
        "des": "初级月卡",
        "value": 100
    },
    "10020408": {
        "index": 10020408,
        "next_day": "10020409",
        "reward_level": "",
        "goods_id": [20002],
        "goods_count": [200],
        "des": "初级月卡",
        "value": 100
    },
    "10020409": {
        "index": 10020409,
        "next_day": "10020410",
        "reward_level": "",
        "goods_id": [20002],
        "goods_count": [200],
        "des": "初级月卡",
        "value": 100
    },
    "10020410": {
        "index": 10020410,
        "next_day": "10020411",
        "reward_level": "",
        "goods_id": [20002],
        "goods_count": [200],
        "des": "初级月卡",
        "value": 100
    },
    "10020411": {
        "index": 10020411,
        "next_day": "10020412",
        "reward_level": "",
        "goods_id": [20002],
        "goods_count": [200],
        "des": "初级月卡",
        "value": 100
    },
    "10020412": {
        "index": 10020412,
        "next_day": "10020413",
        "reward_level": "",
        "goods_id": [20002],
        "goods_count": [200],
        "des": "初级月卡",
        "value": 100
    },
    "10020413": {
        "index": 10020413,
        "next_day": "10020414",
        "reward_level": "",
        "goods_id": [20002],
        "goods_count": [200],
        "des": "初级月卡",
        "value": 100
    },
    "10020414": {
        "index": 10020414,
        "next_day": "10020415",
        "reward_level": "",
        "goods_id": [20002],
        "goods_count": [200],
        "des": "初级月卡",
        "value": 100
    },
    "10020415": {
        "index": 10020415,
        "next_day": "10020416",
        "reward_level": "",
        "goods_id": [20002],
        "goods_count": [200],
        "des": "初级月卡",
        "value": 100
    },
    "10020416": {
        "index": 10020416,
        "next_day": "10020417",
        "reward_level": "",
        "goods_id": [20002],
        "goods_count": [200],
        "des": "初级月卡",
        "value": 100
    },
    "10020417": {
        "index": 10020417,
        "next_day": "10020418",
        "reward_level": "",
        "goods_id": [20002],
        "goods_count": [200],
        "des": "初级月卡",
        "value": 100
    },
    "10020418": {
        "index": 10020418,
        "next_day": "10020419",
        "reward_level": "",
        "goods_id": [20002],
        "goods_count": [200],
        "des": "初级月卡",
        "value": 100
    },
    "10020419": {
        "index": 10020419,
        "next_day": "10020420",
        "reward_level": "",
        "goods_id": [20002],
        "goods_count": [200],
        "des": "初级月卡",
        "value": 100
    },
    "10020420": {
        "index": 10020420,
        "next_day": "10020421",
        "reward_level": "",
        "goods_id": [20002],
        "goods_count": [200],
        "des": "初级月卡",
        "value": 100
    },
    "10020421": {
        "index": 10020421,
        "next_day": "10020422",
        "reward_level": "",
        "goods_id": [20002],
        "goods_count": [200],
        "des": "初级月卡",
        "value": 100
    },
    "10020422": {
        "index": 10020422,
        "next_day": "10020423",
        "reward_level": "",
        "goods_id": [20002],
        "goods_count": [200],
        "des": "初级月卡",
        "value": 100
    },
    "10020423": {
        "index": 10020423,
        "next_day": "10020424",
        "reward_level": "",
        "goods_id": [20002],
        "goods_count": [200],
        "des": "初级月卡",
        "value": 100
    },
    "10020424": {
        "index": 10020424,
        "next_day": "10020425",
        "reward_level": "",
        "goods_id": [20002],
        "goods_count": [200],
        "des": "初级月卡",
        "value": 100
    },
    "10020425": {
        "index": 10020425,
        "next_day": "10020426",
        "reward_level": "",
        "goods_id": [20002],
        "goods_count": [200],
        "des": "初级月卡",
        "value": 100
    },
    "10020426": {
        "index": 10020426,
        "next_day": "10020427",
        "reward_level": "",
        "goods_id": [20002],
        "goods_count": [200],
        "des": "初级月卡",
        "value": 100
    },
    "10020427": {
        "index": 10020427,
        "next_day": "10020428",
        "reward_level": "",
        "goods_id": [20002],
        "goods_count": [200],
        "des": "初级月卡",
        "value": 100
    },
    "10020428": {
        "index": 10020428,
        "next_day": "10020429",
        "reward_level": "",
        "goods_id": [20002],
        "goods_count": [200],
        "des": "初级月卡",
        "value": 100
    },
    "10020429": {
        "index": 10020429,
        "next_day": "10020430",
        "reward_level": "",
        "goods_id": [20002],
        "goods_count": [200],
        "des": "初级月卡",
        "value": 100
    },
    "10020430": {
        "index": 10020430,
        "next_day": "",
        "reward_level": "",
        "goods_id": [20002],
        "goods_count": [200],
        "des": "初级月卡",
        "value": 100
    },
    "10020501": {
        "index": 10020501,
        "next_day": "10020502",
        "reward_level": "",
        "goods_id": [20002],
        "goods_count": [200],
        "des": "高级月卡",
        "value": 300
    },
    "10020502": {
        "index": 10020502,
        "next_day": "10020503",
        "reward_level": "",
        "goods_id": [20002],
        "goods_count": [200],
        "des": "高级月卡",
        "value": 300
    },
    "10020503": {
        "index": 10020503,
        "next_day": "10020504",
        "reward_level": "",
        "goods_id": [20002],
        "goods_count": [200],
        "des": "高级月卡",
        "value": 300
    },
    "10020504": {
        "index": 10020504,
        "next_day": "10020505",
        "reward_level": "",
        "goods_id": [20002],
        "goods_count": [200],
        "des": "高级月卡",
        "value": 300
    },
    "10020505": {
        "index": 10020505,
        "next_day": "10020506",
        "reward_level": "",
        "goods_id": [20002],
        "goods_count": [200],
        "des": "高级月卡",
        "value": 300
    },
    "10020506": {
        "index": 10020506,
        "next_day": "10020507",
        "reward_level": "",
        "goods_id": [20002],
        "goods_count": [200],
        "des": "高级月卡",
        "value": 300
    },
    "10020507": {
        "index": 10020507,
        "next_day": "10020508",
        "reward_level": "",
        "goods_id": [20002],
        "goods_count": [200],
        "des": "高级月卡",
        "value": 300
    },
    "10020508": {
        "index": 10020508,
        "next_day": "10020509",
        "reward_level": "",
        "goods_id": [20002],
        "goods_count": [200],
        "des": "高级月卡",
        "value": 300
    },
    "10020509": {
        "index": 10020509,
        "next_day": "10020510",
        "reward_level": "",
        "goods_id": [20002],
        "goods_count": [200],
        "des": "高级月卡",
        "value": 300
    },
    "10020510": {
        "index": 10020510,
        "next_day": "10020511",
        "reward_level": "",
        "goods_id": [20002],
        "goods_count": [200],
        "des": "高级月卡",
        "value": 300
    },
    "10020511": {
        "index": 10020511,
        "next_day": "10020512",
        "reward_level": "",
        "goods_id": [20002],
        "goods_count": [200],
        "des": "高级月卡",
        "value": 300
    },
    "10020512": {
        "index": 10020512,
        "next_day": "10020513",
        "reward_level": "",
        "goods_id": [20002],
        "goods_count": [200],
        "des": "高级月卡",
        "value": 300
    },
    "10020513": {
        "index": 10020513,
        "next_day": "10020514",
        "reward_level": "",
        "goods_id": [20002],
        "goods_count": [200],
        "des": "高级月卡",
        "value": 300
    },
    "10020514": {
        "index": 10020514,
        "next_day": "10020515",
        "reward_level": "",
        "goods_id": [20002],
        "goods_count": [200],
        "des": "高级月卡",
        "value": 300
    },
    "10020515": {
        "index": 10020515,
        "next_day": "10020516",
        "reward_level": "",
        "goods_id": [20002],
        "goods_count": [200],
        "des": "高级月卡",
        "value": 300
    },
    "10020516": {
        "index": 10020516,
        "next_day": "10020517",
        "reward_level": "",
        "goods_id": [20002],
        "goods_count": [200],
        "des": "高级月卡",
        "value": 300
    },
    "10020517": {
        "index": 10020517,
        "next_day": "10020518",
        "reward_level": "",
        "goods_id": [20002],
        "goods_count": [200],
        "des": "高级月卡",
        "value": 300
    },
    "10020518": {
        "index": 10020518,
        "next_day": "10020519",
        "reward_level": "",
        "goods_id": [20002],
        "goods_count": [200],
        "des": "高级月卡",
        "value": 300
    },
    "10020519": {
        "index": 10020519,
        "next_day": "10020520",
        "reward_level": "",
        "goods_id": [20002],
        "goods_count": [200],
        "des": "高级月卡",
        "value": 300
    },
    "10020520": {
        "index": 10020520,
        "next_day": "10020521",
        "reward_level": "",
        "goods_id": [20002],
        "goods_count": [200],
        "des": "高级月卡",
        "value": 300
    },
    "10020521": {
        "index": 10020521,
        "next_day": "10020522",
        "reward_level": "",
        "goods_id": [20002],
        "goods_count": [200],
        "des": "高级月卡",
        "value": 300
    },
    "10020522": {
        "index": 10020522,
        "next_day": "10020523",
        "reward_level": "",
        "goods_id": [20002],
        "goods_count": [200],
        "des": "高级月卡",
        "value": 300
    },
    "10020523": {
        "index": 10020523,
        "next_day": "10020524",
        "reward_level": "",
        "goods_id": [20002],
        "goods_count": [200],
        "des": "高级月卡",
        "value": 300
    },
    "10020524": {
        "index": 10020524,
        "next_day": "10020525",
        "reward_level": "",
        "goods_id": [20002],
        "goods_count": [200],
        "des": "高级月卡",
        "value": 300
    },
    "10020525": {
        "index": 10020525,
        "next_day": "10020526",
        "reward_level": "",
        "goods_id": [20002],
        "goods_count": [200],
        "des": "高级月卡",
        "value": 300
    },
    "10020526": {
        "index": 10020526,
        "next_day": "10020527",
        "reward_level": "",
        "goods_id": [20002],
        "goods_count": [200],
        "des": "高级月卡",
        "value": 300
    },
    "10020527": {
        "index": 10020527,
        "next_day": "10020528",
        "reward_level": "",
        "goods_id": [20002],
        "goods_count": [200],
        "des": "高级月卡",
        "value": 300
    },
    "10020528": {
        "index": 10020528,
        "next_day": "10020529",
        "reward_level": "",
        "goods_id": [20002],
        "goods_count": [200],
        "des": "高级月卡",
        "value": 300
    },
    "10020529": {
        "index": 10020529,
        "next_day": "10020530",
        "reward_level": "",
        "goods_id": [20002],
        "goods_count": [200],
        "des": "高级月卡",
        "value": 300
    },
    "10020530": {
        "index": 10020530,
        "next_day": "",
        "reward_level": "",
        "goods_id": [20002],
        "goods_count": [200],
        "des": "高级月卡",
        "value": 300
    },
    "40060101": {
        "index": 40060101,
        "next_day": "40060102",
        "reward_level": "",
        "goods_id": [20002],
        "goods_count": [200],
        "des": "6星福利-5",
        "value": 1172
    },
    "40060102": {
        "index": 40060102,
        "next_day": "40060103",
        "reward_level": "",
        "goods_id": [20002],
        "goods_count": [200],
        "des": "6星福利-5",
        "value": 1173
    },
    "40060103": {
        "index": 40060103,
        "next_day": "40060104",
        "reward_level": "",
        "goods_id": [20002],
        "goods_count": [200],
        "des": "6星福利-5",
        "value": 1174
    },
    "40060104": {
        "index": 40060104,
        "next_day": "40060105",
        "reward_level": "",
        "goods_id": [20002],
        "goods_count": [200],
        "des": "6星福利-5",
        "value": 1175
    },
    "40060105": {
        "index": 40060105,
        "next_day": "",
        "reward_level": "",
        "goods_id": [20002],
        "goods_count": [200],
        "des": "6星福利-5",
        "value": 1176
    },
    "20050101": {
        "index": 20050101,
        "next_day": "20050102",
        "reward_level": "",
        "goods_id": [20002],
        "goods_count": [200],
        "des": "回归礼包",
        "value": 1177
    },
    "20050102": {
        "index": 20050102,
        "next_day": "20050103",
        "reward_level": "",
        "goods_id": [20002],
        "goods_count": [200],
        "des": "回归礼包",
        "value": 1178
    },
    "20050103": {
        "index": 20050103,
        "next_day": "20050104",
        "reward_level": "",
        "goods_id": [20002],
        "goods_count": [200],
        "des": "回归礼包",
        "value": 1179
    },
    "20050104": {
        "index": 20050104,
        "next_day": "20050105",
        "reward_level": "",
        "goods_id": [20002],
        "goods_count": [200],
        "des": "回归礼包",
        "value": 1180
    },
    "20050105": {
        "index": 20050105,
        "next_day": "",
        "reward_level": "",
        "goods_id": [20002],
        "goods_count": [200],
        "des": "回归礼包",
        "value": 1181
    }}
