{
    "1": {
        "index": 1,
        "count": 1,
        "type": 1,
        "reward_goods": [20002,20001,30451,20020],
        "reward_count": [50,30000,1,1]
    },
    "2": {
        "index": 2,
        "count": 3,
        "type": 1,
        "reward_goods": [20002,20001,30451,20020],
        "reward_count": [50,30000,1,1]
    },
    "3": {
        "index": 3,
        "count": 4,
        "type": 1,
        "reward_goods": [20002,20001,30451,20020],
        "reward_count": [50,30000,1,1]
    },
    "4": {
        "index": 4,
        "count": 5,
        "type": 1,
        "reward_goods": [20002,20001,30451,20020],
        "reward_count": [50,30000,1,1]
    },
    "5": {
        "index": 5,
        "count": 1,
        "type": 2,
        "reward_goods": [20002,20001,30451,20020],
        "reward_count": [50,30000,1,1]
    },
    "6": {
        "index": 6,
        "count": 3,
        "type": 2,
        "reward_goods": [20002,20001,30451,20020],
        "reward_count": [50,30000,1,1]
    },
    "7": {
        "index": 7,
        "count": 4,
        "type": 2,
        "reward_goods": [20002,20001,30451,20020],
        "reward_count": [50,30000,1,1]
    },
    "8": {
        "index": 8,
        "count": 5,
        "type": 2,
        "reward_goods": [20002,20001,30451,20020],
        "reward_count": [50,30000,1,1]
    },
    "9": {
        "index": 9,
        "count": 1,
        "type": 3,
        "reward_goods": [20002,20001,30451,20020],
        "reward_count": [50,30000,1,1]
    },
    "10": {
        "index": 10,
        "count": 3,
        "type": 3,
        "reward_goods": [20002,20001,30451,20020],
        "reward_count": [50,30000,1,1]
    },
    "11": {
        "index": 11,
        "count": 4,
        "type": 3,
        "reward_goods": [20002,20001,30451,20020],
        "reward_count": [50,30000,1,1]
    },
    "12": {
        "index": 12,
        "count": 5,
        "type": 3,
        "reward_goods": [20002,20001,30451,20020],
        "reward_count": [50,30000,1,1]
    }}
