{
    "1": {
        "dayIndex": 1,
        "reward_goods": [20020,20002,20001,139001],
        "reward_count": [1,180,50000,3],
        "show_type": [1,1,0,1]
    },
    "2": {
        "dayIndex": 2,
        "reward_goods": [20020,20002,20001,139003,10005],
        "reward_count": [3,300,100000,3,1],
        "show_type": [1,1,0,1,1]
    },
    "3": {
        "dayIndex": 3,
        "reward_goods": [20020,20002,20001,139002],
        "reward_count": [3,500,120000,3],
        "show_type": [1,1,0,1]
    },
    "4": {
        "dayIndex": 4,
        "reward_goods": [20020,20002,20001,139002],
        "reward_count": [1,500,150000,3],
        "show_type": [1,1,0,1]
    },
    "5": {
        "dayIndex": 5,
        "reward_goods": [20020,20002,20001,139008],
        "reward_count": [4,600,180000,3],
        "show_type": [1,1,0,1]
    },
    "6": {
        "dayIndex": 6,
        "reward_goods": [20020,20002,20001,139008],
        "reward_count": [5,800,200000,3],
        "show_type": [1,1,0,1]
    },
    "7": {
        "dayIndex": 7,
        "reward_goods": [20020,20002,20001,139008],
        "reward_count": [1,1000,300000,3],
        "show_type": [1,1,0,1]
    }}
