{
    "1": {
        "index": 1,
        "consume_token": [100,120,120,120,120,120,120],
        "reward_goods": [20001],
        "reward_count": [1],
        "primer": 500,
        "show_type": [1,1,1,0]
    },
    "2": {
        "index": 2,
        "consume_token": [0,200,240,240,240,240,240],
        "reward_goods": [20001],
        "reward_count": [2],
        "primer": 600,
        "show_type": [1,1,1,0]
    },
    "3": {
        "index": 3,
        "consume_token": [0,0,400,480,480,480,480],
        "reward_goods": [20001],
        "reward_count": [3],
        "primer": 1000,
        "show_type": [1,1,1,0]
    },
    "4": {
        "index": 4,
        "consume_token": [0,0,0,400,480,480,480],
        "reward_goods": [20001],
        "reward_count": [4],
        "primer": 1000,
        "show_type": [1,1,1,0]
    },
    "5": {
        "index": 5,
        "consume_token": [0,0,0,0,500,600,600],
        "reward_goods": [20001],
        "reward_count": [5],
        "primer": 1000,
        "show_type": [1,1,1,0]
    },
    "6": {
        "index": 6,
        "consume_token": [0,0,0,0,0,500,600],
        "reward_goods": [20001],
        "reward_count": [6],
        "primer": 1000,
        "show_type": [1,1,1,0]
    },
    "7": {
        "index": 7,
        "consume_token": [0,0,0,0,0,0,600],
        "reward_goods": [20001],
        "reward_count": [7],
        "primer": 1200,
        "show_type": [1,1,1,0]
    }}
