{
    "0": {
        "level": 0,
        "starLevelName": "普通用户",
        "reward_index": 0,
        "charge": "50000",
        "sum": 0,
        "halo_id": 0,
        "picFrame_id": 0,
        "weal_award": [0],
        "weal_count": [0]
    },
    "1": {
        "level": 1,
        "starLevelName": "绿色星耀",
        "reward_index": 6,
        "charge": "50000",
        "sum": 50000,
        "halo_id": 101,
        "picFrame_id": 150006,
        "weal_award": [20021,20002,20006],
        "weal_count": [1,600,180]
    },
    "2": {
        "level": 2,
        "starLevelName": "蓝色星耀",
        "reward_index": 1,
        "charge": "200000",
        "sum": 100000,
        "halo_id": 201,
        "picFrame_id": 150002,
        "weal_award": [139009,20002,20006],
        "weal_count": [1,1000,360]
    },
    "3": {
        "level": 3,
        "starLevelName": "紫色星耀",
        "reward_index": 2,
        "charge": "300000",
        "sum": 300000,
        "halo_id": 301,
        "picFrame_id": 150003,
        "weal_award": [139009,20002,20006],
        "weal_count": [3,3600,600]
    },
    "4": {
        "level": 4,
        "starLevelName": "橙色星耀",
        "reward_index": 3,
        "charge": "400000",
        "sum": 600000,
        "halo_id": 401,
        "picFrame_id": 150004,
        "weal_award": [139009,20002,20006],
        "weal_count": [6,6600,800]
    },
    "5": {
        "level": 5,
        "starLevelName": "红色星耀",
        "reward_index": 4,
        "charge": "",
        "sum": 1000000,
        "halo_id": 501,
        "picFrame_id": 150005,
        "weal_award": [139009,20002,20006],
        "weal_count": [10,10000,1000]
    }}
