{
    "1": {
        "id": 1,
        "name": "主题1",
        "rand_item": [101001],
        "rand_power": [10],
        "exchange_goods": [[20001,1],[20001,1],[20001,1],[20001,1],[20001,1],[20001,1],[20001,1],[20001,1]],
        "exchange_xuyuan": [20,5,40,15,20,10,80,500],
        "exchange_count": [60,100,20,30,50,100,80,1],
        "consume_pai": 10,
        "consume_pai_ten": 90,
        "consume_good": 20001,
        "one_time_rand": 101001,
        "ten_time_rand": 101001,
        "score": 10,
        "integral_duration": 86400,
        "subject_duration": 259200,
        "step_score": [100,200,300,400,500],
        "step_reward": [[20001,1],[20001,2],[20001,3],[20001,4],[20001,5]],
        "max_time": 100,
        "client_award": [[20001,20001,20001,20001,20001,20001,20001,20001,20001,20001],[20001,20001,20001,20001,20001,20001,20001,20001],[20001,20001,20001,20001,20001,20001,20001,20001,20001,20001]],
        "client_award_pic": []
    },
    "2": {
        "id": 2,
        "name": "主题2",
        "rand_item": [101001],
        "rand_power": [10],
        "exchange_goods": [[20001,1],[20001,1],[20001,1],[20001,1],[20001,1],[20001,1],[20001,1],[20001,1]],
        "exchange_xuyuan": [20,5,40,15,20,10,80,500],
        "exchange_count": [60,100,20,30,50,100,80,1],
        "consume_pai": 10,
        "consume_pai_ten": 90,
        "consume_good": 20001,
        "one_time_rand": 101001,
        "ten_time_rand": 101001,
        "score": 10,
        "integral_duration": 86400,
        "subject_duration": 259200,
        "step_score": [100,200,300,400,500],
        "step_reward": [[20001,1],[20001,2],[20001,3],[20001,4],[20001,5]],
        "max_time": 100,
        "client_award": [[20001,20001,20001,20001,20001,20001,20001,20001,20001,20001],[20001,20001,20001,20001,20001,20001,20001,20001],[20001,20001,20001,20001,20001,20001,20001,20001,20001,20001]],
        "client_award_pic": []
    },
    "3": {
        "id": 3,
        "name": "主题2",
        "rand_item": [101001],
        "rand_power": [10],
        "exchange_goods": [[20001,1],[20001,1],[20001,1],[20001,1],[20001,1],[20001,1],[20001,1],[20001,1]],
        "exchange_xuyuan": [20,5,40,15,20,10,80,500],
        "exchange_count": [60,100,20,30,50,100,80,1],
        "consume_pai": 10,
        "consume_pai_ten": 90,
        "consume_good": 20001,
        "one_time_rand": 101001,
        "ten_time_rand": 101001,
        "score": 10,
        "integral_duration": 86400,
        "subject_duration": 259200,
        "step_score": [100,200,300,400,500],
        "step_reward": [[20001,1],[20001,2],[20001,3],[20001,4],[20001,5]],
        "max_time": 100,
        "client_award": [[20001,20001,20001,20001,20001,20001,20001,20001,20001,20001],[20001,20001,20001,20001,20001,20001,20001,20001],[20001,20001,20001,20001,20001,20001,20001,20001,20001,20001]],
        "client_award_pic": []
    },
    "4": {
        "id": 4,
        "name": "主题2",
        "rand_item": [101001],
        "rand_power": [10],
        "exchange_goods": [[20001,1],[20001,1],[20001,1],[20001,1],[20001,1],[20001,1],[20001,1],[20001,1]],
        "exchange_xuyuan": [20,5,40,15,20,10,80,500],
        "exchange_count": [60,100,20,30,50,100,80,1],
        "consume_pai": 10,
        "consume_pai_ten": 90,
        "consume_good": 20001,
        "one_time_rand": 101001,
        "ten_time_rand": 101001,
        "score": 10,
        "integral_duration": 86400,
        "subject_duration": 259200,
        "step_score": [100,200,300,400,500],
        "step_reward": [[20001,1],[20001,2],[20001,3],[20001,4],[20001,5]],
        "max_time": 100,
        "client_award": [[20001,20001,20001,20001,20001,20001,20001,20001,20001,20001],[20001,20001,20001,20001,20001,20001,20001,20001],[20001,20001,20001,20001,20001,20001,20001,20001,20001,20001]],
        "client_award_pic": []
    }}
