{
    "20001": {
        "index": 20001,
        "name": "探索3-1",
        "search_type": 3,
        "open_instance": [100028],
        "general_num": 3,
        "general_star": [1,1,1],
        "general_level": [1,1,1],
        "general_type": [0,0,0],
        "battle_value": 0,
        "min_value": 160000,
        "max_value": 500000,
        "time": 1800,
        "consume_power": 20,
        "reward_goods": [30002,20001,20002],
        "reward_count": [5,20000,5],
        "client_reward_goods": [30002,20001,200304],
        "client_reward_count": [5,20000],
        "lucky_multiple": 2,
        "rand_item": [80100,80110],
        "rand_power": [1,2],
        "star": 1
    },
    "20002": {
        "index": 20002,
        "name": "探索3-2",
        "search_type": 3,
        "open_instance": [100028],
        "general_num": 4,
        "general_star": [3,3,3,3],
        "general_level": [0,0,0,0],
        "general_type": [1,1,2,3],
        "battle_value": 0,
        "min_value": 200000,
        "max_value": 660000,
        "time": 3600,
        "consume_power": 30,
        "reward_goods": [30002,20001,20002],
        "reward_count": [8,32000,8],
        "client_reward_goods": [30002,20001,200304],
        "client_reward_count": [2,32000],
        "lucky_multiple": 2,
        "rand_item": [80100,80111],
        "rand_power": [1,2],
        "star": 2
    },
    "20003": {
        "index": 20003,
        "name": "探索4-1",
        "search_type": 4,
        "open_instance": [100042],
        "general_num": 3,
        "general_star": [2,2,2],
        "general_level": [15,15,15],
        "general_type": [0,0,0],
        "battle_value": 0,
        "min_value": 200000,
        "max_value": 700000,
        "time": 2100,
        "consume_power": 20,
        "reward_goods": [30002,20001,20002],
        "reward_count": [6,24000,6],
        "client_reward_goods": [30002,20001,200304],
        "client_reward_count": [6,24000],
        "lucky_multiple": 2,
        "rand_item": [80101,80110],
        "rand_power": [1,2],
        "star": 2
    },
    "20004": {
        "index": 20004,
        "name": "探索4-2",
        "search_type": 4,
        "open_instance": [100042],
        "general_num": 4,
        "general_star": [4,4,4,4],
        "general_level": [0,0,0,0],
        "general_type": [2,2,3,4],
        "battle_value": 0,
        "min_value": 300000,
        "max_value": 930000,
        "time": 4200,
        "consume_power": 30,
        "reward_goods": [30002,20001,20002],
        "reward_count": [9,36000,9],
        "client_reward_goods": [30002,20001,200304],
        "client_reward_count": [2,36000],
        "lucky_multiple": 2,
        "rand_item": [80101,80111],
        "rand_power": [1,2],
        "star": 3
    },
    "20005": {
        "index": 20005,
        "name": "探索5-1",
        "search_type": 5,
        "open_instance": [100056],
        "general_num": 3,
        "general_star": [3,3,3],
        "general_level": [35,35,35],
        "general_type": [0,0,0],
        "battle_value": 0,
        "min_value": 300000,
        "max_value": 900000,
        "time": 2400,
        "consume_power": 20,
        "reward_goods": [30002,20001,20002],
        "reward_count": [7,28000,7],
        "client_reward_goods": [30002,20001,200304],
        "client_reward_count": [8,28000],
        "lucky_multiple": 2,
        "rand_item": [80102,80110],
        "rand_power": [1,2],
        "star": 2
    },
    "20006": {
        "index": 20006,
        "name": "探索5-2",
        "search_type": 5,
        "open_instance": [100056],
        "general_num": 4,
        "general_star": [5,5,5,5],
        "general_level": [0,0,0,0],
        "general_type": [3,4,5,6],
        "battle_value": 0,
        "min_value": 400000,
        "max_value": 1200000,
        "time": 4800,
        "consume_power": 30,
        "reward_goods": [30002,20001,20002],
        "reward_count": [10,40000,10],
        "client_reward_goods": [30002,20001,200304],
        "client_reward_count": [3,40000],
        "lucky_multiple": 2,
        "rand_item": [80102,80111],
        "rand_power": [1,2],
        "star": 3
    },
    "20007": {
        "index": 20007,
        "name": "探索6-1",
        "search_type": 6,
        "open_instance": [100070],
        "general_num": 3,
        "general_star": [3,3,3],
        "general_level": [45,45,45],
        "general_type": [0,0,0],
        "battle_value": 0,
        "min_value": 400000,
        "max_value": 1200000,
        "time": 2700,
        "consume_power": 20,
        "reward_goods": [30002,20001,20002],
        "reward_count": [8,32000,8],
        "client_reward_goods": [30002,20001,200304],
        "client_reward_count": [10,32000],
        "lucky_multiple": 2,
        "rand_item": [80103,80110],
        "rand_power": [1,2],
        "star": 2
    },
    "20008": {
        "index": 20008,
        "name": "探索6-2",
        "search_type": 6,
        "open_instance": [100070],
        "general_num": 4,
        "general_star": [6,6,6,6],
        "general_level": [0,0,0,0],
        "general_type": [1,2,5,6],
        "battle_value": 0,
        "min_value": 500000,
        "max_value": 1600000,
        "time": 5400,
        "consume_power": 30,
        "reward_goods": [30002,20001,20002],
        "reward_count": [12,45000,11],
        "client_reward_goods": [30002,20001,200304],
        "client_reward_count": [3,45000],
        "lucky_multiple": 2,
        "rand_item": [80103,80111],
        "rand_power": [1,2],
        "star": 4
    },
    "20009": {
        "index": 20009,
        "name": "探索7-1",
        "search_type": 7,
        "open_instance": [100084],
        "general_num": 3,
        "general_star": [4,4,4,4],
        "general_level": [55,55,55,55],
        "general_type": [0,0,0,0],
        "battle_value": 0,
        "min_value": 500000,
        "max_value": 1500000,
        "time": 3000,
        "consume_power": 20,
        "reward_goods": [30003,20001,20002],
        "reward_count": [2,36000,9],
        "client_reward_goods": [30002,20001,200304],
        "client_reward_count": [10,36000],
        "lucky_multiple": 2,
        "rand_item": [80104,80110],
        "rand_power": [1,2],
        "star": 3
    },
    "20010": {
        "index": 20010,
        "name": "探索7-2",
        "search_type": 7,
        "open_instance": [100084],
        "general_num": 4,
        "general_star": [6,6,6,6],
        "general_level": [0,0,0,0],
        "general_type": [1,2,4,5],
        "battle_value": 0,
        "min_value": 600000,
        "max_value": 2000000,
        "time": 6000,
        "consume_power": 30,
        "reward_goods": [30003,20001,20002],
        "reward_count": [2,48000,12],
        "client_reward_goods": [30002,20001,200304],
        "client_reward_count": [3,48000],
        "lucky_multiple": 2,
        "rand_item": [80104,80111],
        "rand_power": [1,2],
        "star": 4
    }}
