{
    "1": {
        "id": 1,
        "rank_min": 1,
        "rank_max": 1,
        "title_id": "",
        "reward_goods": [139001,20001,20006],
        "reward_count": [1,250000,100]
    },
    "2": {
        "id": 2,
        "rank_min": 2,
        "rank_max": 2,
        "title_id": "",
        "reward_goods": [139001,20001,20006],
        "reward_count": [1,250000,100]
    },
    "3": {
        "id": 3,
        "rank_min": 3,
        "rank_max": 3,
        "title_id": "",
        "reward_goods": [139001,20001,20006],
        "reward_count": [1,250000,100]
    },
    "4": {
        "id": 4,
        "rank_min": 4,
        "rank_max": 20,
        "title_id": "",
        "reward_goods": [139001,20001,20006],
        "reward_count": [1,250000,100]
    },
    "5": {
        "id": 5,
        "rank_min": 21,
        "rank_max": 100,
        "title_id": "",
        "reward_goods": [139001,20001,20006],
        "reward_count": [1,250000,100]
    }}
