{
    "1": {
        "index": 1,
        "name": "第一期",
        "next_index": 2,
        "duration": 6,
        "rest_day": 1,
        "mission_types": [120038,120005,120062],
        "mall_goods": [[20003],[20020,30451,10001],[20020,30452,10001],[20020,30453,31102]],
        "mall_count": [[30],[1,1,1],[3,1,2],[5,1,1]],
        "buy_time": [1,1,1,1],
        "day_refresh": [1,0,0,0],
        "price_token": [0,200,600,1000],
        "week_mission_type": 1
    },
    "2": {
        "index": 2,
        "name": "第二期",
        "next_index": 3,
        "duration": 5,
        "rest_day": 1,
        "mission_types": [120018,120037,120088],
        "mall_goods": [[20001],[20023,20001,10001],[20023,33050,20001],[20023,33050,20001]],
        "mall_count": [[60000],[1,100000,1],[2,20,200000],[7,50,600000]],
        "buy_time": [1,1,1,1],
        "day_refresh": [1,0,0,0],
        "price_token": [0,300,600,2000],
        "week_mission_type": 3
    },
    "3": {
        "index": 3,
        "name": "第三期",
        "next_index": 4,
        "duration": 5,
        "rest_day": 1,
        "mission_types": [120094,120089,120078],
        "mall_goods": [[20008],[20020,20008,10001],[20020,20008,20009],[20020,20008,190010]],
        "mall_count": [[30],[1,30,1],[4,100,1],[11,300,1]],
        "buy_time": [1,1,1,1],
        "day_refresh": [1,0,0,0],
        "price_token": [0,200,660,2000],
        "week_mission_type": 4
    },
    "4": {
        "index": 4,
        "name": "第四期",
        "next_index": 5,
        "duration": 5,
        "rest_day": 1,
        "mission_types": [120014,120095,120062],
        "mall_goods": [[20002],[20020,30506,10001],[20020,30506,10001],[20020,30506,31102]],
        "mall_count": [[50],[1,1,1],[3,3,2],[11,10,1]],
        "buy_time": [1,1,1,1],
        "day_refresh": [1,0,0,0],
        "price_token": [0,200,600,2000],
        "week_mission_type": 2
    },
    "5": {
        "index": 5,
        "name": "第1期",
        "next_index": 2,
        "duration": 5,
        "rest_day": 1,
        "mission_types": [120038,120005,120078],
        "mall_goods": [[20003],[20020,30451,10001],[20020,30452,31101],[20020,30453,31102]],
        "mall_count": [[30],[1,1,1],[4,1,1],[11,2,1]],
        "buy_time": [1,1,1,1],
        "day_refresh": [1,0,0,0],
        "price_token": [0,200,660,2000],
        "week_mission_type": 1
    }}
