{
    "10001": {
        "id": 10001,
        "name": "食人花",
        "quality": 3,
        "price": 90000,
        "drop_count": 0,
        "drop_time": 5,
        "overdue_time": "",
        "match_general": 10001,
        "general_soul": 20,
        "des": 0,
        "extrac": 0,
        "path": "hero_half_wj_qiya_sz1_png",
        "from": [9,23]
    },
    "10002": {
        "id": 10002,
        "name": "木头怪",
        "quality": 3,
        "price": 30000,
        "drop_count": 0,
        "drop_time": 5,
        "overdue_time": "",
        "match_general": 10002,
        "general_soul": 10,
        "des": 0,
        "extrac": 0,
        "path": "hero_half_wj_xiaodi_sz1_png",
        "from": [9,24]
    },
    "10003": {
        "id": 10003,
        "name": "病犬",
        "quality": 3,
        "price": 90000,
        "drop_count": 0,
        "drop_time": 5,
        "overdue_time": "",
        "match_general": 10003,
        "general_soul": 20,
        "des": 0,
        "extrac": 0,
        "path": "hero_half_wj_yiermi_sz1_png",
        "from": [9,24,37]
    },
    "10004": {
        "id": 10004,
        "name": "暗杀手",
        "quality": 4,
        "price": 90000,
        "drop_count": 0,
        "drop_time": 5,
        "overdue_time": "",
        "match_general": 10004,
        "general_soul": 20,
        "des": 0,
        "extrac": 0,
        "path": "hero_half_wj_wojin_sz1_png",
        "from": [24]
    },
    "10005": {
        "id": 10005,
        "name": "瘦水手",
        "quality": 3,
        "price": 90000,
        "drop_count": 0,
        "drop_time": 5,
        "overdue_time": "",
        "match_general": 10005,
        "general_soul": 20,
        "des": 0,
        "extrac": 0,
        "path": "hero_half_wj_qiya_sz1_png",
        "from": [9,36]
    },
    "10006": {
        "id": 10006,
        "name": "魔狼",
        "quality": 3,
        "price": 30000,
        "drop_count": 0,
        "drop_time": 5,
        "overdue_time": "",
        "match_general": 10006,
        "general_soul": 10,
        "des": 0,
        "extrac": 0,
        "path": "hero_half_wj_xiaodi_sz1_png",
        "from": [9,24]
    },
    "10007": {
        "id": 10007,
        "name": "费婕",
        "quality": 3,
        "price": 90000,
        "drop_count": 0,
        "drop_time": 5,
        "overdue_time": "",
        "match_general": 10007,
        "general_soul": 20,
        "des": 0,
        "extrac": 0,
        "path": "hero_half_wj_yiermi_sz1_png",
        "from": [9,24]
    },
    "10008": {
        "id": 10008,
        "name": "蝎子女",
        "quality": 3,
        "price": 30000,
        "drop_count": 0,
        "drop_time": 5,
        "overdue_time": "",
        "match_general": 10008,
        "general_soul": 10,
        "des": 0,
        "extrac": 0,
        "path": "hero_half_wj_wojin_sz1_png",
        "from": [9,24]
    },
    "10009": {
        "id": 10009,
        "name": "母鸡",
        "quality": 3,
        "price": 30000,
        "drop_count": 0,
        "drop_time": 5,
        "overdue_time": "",
        "match_general": 10009,
        "general_soul": 10,
        "des": 0,
        "extrac": 0,
        "path": "hero_half_wj_qiya_sz1_png",
        "from": [9]
    },
    "10010": {
        "id": 10010,
        "name": "龙虾",
        "quality": 3,
        "price": 30000,
        "drop_count": 0,
        "drop_time": 5,
        "overdue_time": "",
        "match_general": 10010,
        "general_soul": 10,
        "des": 0,
        "extrac": 0,
        "path": "hero_half_wj_xiaodi_sz1_png",
        "from": [9,24]
    },
    "10011": {
        "id": 10011,
        "name": "狮子",
        "quality": 3,
        "price": 90000,
        "drop_count": 0,
        "drop_time": 5,
        "overdue_time": "",
        "match_general": 10011,
        "general_soul": 20,
        "des": 0,
        "extrac": 0,
        "path": "hero_half_wj_yiermi_sz1_png",
        "from": [9,24]
    },
    "10012": {
        "id": 10012,
        "name": "鸟人",
        "quality": 3,
        "price": 90000,
        "drop_count": 0,
        "drop_time": 5,
        "overdue_time": "",
        "match_general": 10012,
        "general_soul": 20,
        "des": 0,
        "extrac": 0,
        "path": "hero_half_wj_wojin_sz1_png",
        "from": [9,24]
    }}
