{
    "110001": {
        "id": 110001,
        "name": "鞭炮",
        "quality": 4,
        "price": 200,
        "drop_count": 1,
        "drop_time": 5,
        "overdue_time": "",
        "path": "buff_icon_wu_png",
        "des": "噼里啪啦彭！红包拿来！",
        "red_tips": 0,
        "use_tips": 11
    },
    "110002": {
        "id": 110002,
        "name": "福字",
        "quality": 4,
        "price": 200,
        "drop_count": 1,
        "drop_time": 5,
        "overdue_time": "",
        "path": "buff_icon_wu_png",
        "des": "福到福到！收压岁钱啦！",
        "red_tips": 0,
        "use_tips": 11
    },
    "110003": {
        "id": 110003,
        "name": "饺子",
        "quality": 4,
        "price": 200,
        "drop_count": 1,
        "drop_time": 5,
        "overdue_time": "",
        "path": "buff_icon_wu_png",
        "des": "想伪装成萌萌的小熊饼干，但逃脱不了又白又胖的淳朴本性。",
        "red_tips": 0,
        "use_tips": 11
    },
    "110004": {
        "id": 110004,
        "name": "陀螺",
        "quality": 4,
        "price": 200,
        "drop_count": 1,
        "drop_time": 5,
        "overdue_time": "",
        "path": "buff_icon_wu_png",
        "des": "一直转啊转，根本停不下来。（Kao！难道被小乔睡了？）",
        "red_tips": 0,
        "use_tips": 11
    },
    "110005": {
        "id": 110005,
        "name": "玫瑰花",
        "quality": 4,
        "price": 200,
        "drop_count": 1,
        "drop_time": 5,
        "overdue_time": "",
        "path": "buff_icon_wu_png",
        "des": "一生只送一人的RoseOnly~~",
        "red_tips": 0,
        "use_tips": 11
    },
    "110006": {
        "id": 110006,
        "name": "巧克力",
        "quality": 4,
        "price": 200,
        "drop_count": 1,
        "drop_time": 5,
        "overdue_time": "",
        "path": "buff_icon_wu_png",
        "des": "小双双亲手做的巧克力，充满浓浓情谊。",
        "red_tips": 0,
        "use_tips": 11
    },
    "110007": {
        "id": 110007,
        "name": "圣诞树",
        "quality": 4,
        "price": 200,
        "drop_count": 1,
        "drop_time": 5,
        "overdue_time": "",
        "path": "buff_icon_wu_png",
        "des": "超迷你圣诞树小可爱，节日气氛+10分！",
        "red_tips": 0,
        "use_tips": 11
    },
    "110008": {
        "id": 110008,
        "name": "圣诞袜",
        "quality": 4,
        "price": 200,
        "drop_count": 1,
        "drop_time": 5,
        "overdue_time": "",
        "path": "buff_icon_wu_png",
        "des": "袜子备好啦，圣诞老公公快来呀~",
        "red_tips": 0,
        "use_tips": 11
    },
    "110009": {
        "id": 110009,
        "name": "汤圆",
        "quality": 4,
        "price": 200,
        "drop_count": 1,
        "drop_time": 5,
        "overdue_time": "",
        "path": "buff_icon_wu_png",
        "des": "不要问我跟元宵有什么区别，自己去找度娘OK？",
        "red_tips": 0,
        "use_tips": 11
    },
    "110010": {
        "id": 110010,
        "name": "元宵",
        "quality": 4,
        "price": 200,
        "drop_count": 1,
        "drop_time": 5,
        "overdue_time": "",
        "path": "buff_icon_wu_png",
        "des": "不要问我跟汤圆有什么区别，自己去找谷哥OK？",
        "red_tips": 0,
        "use_tips": 11
    },
    "110011": {
        "id": 110011,
        "name": "奇怪的鸡蛋",
        "quality": 4,
        "price": 200,
        "drop_count": 1,
        "drop_time": 5,
        "overdue_time": "",
        "path": "buff_icon_wu_png",
        "des": "据说在元旦那天吃掉它会带来好运呦",
        "red_tips": 0,
        "use_tips": 11
    },
    "110012": {
        "id": 110012,
        "name": "南瓜灯",
        "quality": 4,
        "price": 200,
        "drop_count": 1,
        "drop_time": 5,
        "overdue_time": "",
        "path": "buff_icon_wu_png",
        "des": "不给糖就捣蛋，我是调皮南瓜灯",
        "red_tips": 0,
        "use_tips": 11
    },
    "110013": {
        "id": 110013,
        "name": "龙舟",
        "quality": 4,
        "price": 200,
        "drop_count": 1,
        "drop_time": 5,
        "overdue_time": "",
        "path": "buff_icon_wu_png",
        "des": "据说我可以海上冲浪，浪起来！",
        "red_tips": 0,
        "use_tips": 11
    },
    "110014": {
        "id": 110014,
        "name": "粽子",
        "quality": 4,
        "price": 200,
        "drop_count": 1,
        "drop_time": 5,
        "overdue_time": "",
        "path": "buff_icon_wu_png",
        "des": "请不要拿黑驴蹄子怼我",
        "red_tips": 0,
        "use_tips": 11
    },
    "110015": {
        "id": 110015,
        "name": "棒棒糖",
        "quality": 4,
        "price": 200,
        "drop_count": 1,
        "drop_time": 5,
        "overdue_time": "",
        "path": "buff_icon_wu_png",
        "des": "甜不甜，尝过才知道",
        "red_tips": 0,
        "use_tips": 11
    },
    "110016": {
        "id": 110016,
        "name": "七巧板",
        "quality": 4,
        "price": 200,
        "drop_count": 1,
        "drop_time": 5,
        "overdue_time": "",
        "path": "buff_icon_wu_png",
        "des": "只有心灵手巧的人才能拼出来哟",
        "red_tips": 0,
        "use_tips": 11
    },
    "110017": {
        "id": 110017,
        "name": "大闸蟹",
        "quality": 4,
        "price": 200,
        "drop_count": 1,
        "drop_time": 5,
        "overdue_time": "",
        "path": "buff_icon_wu_png",
        "des": "性凉，请配合姜茶食用",
        "red_tips": 0,
        "use_tips": 11
    },
    "110018": {
        "id": 110018,
        "name": "姜茶",
        "quality": 4,
        "price": 200,
        "drop_count": 1,
        "drop_time": 5,
        "overdue_time": "",
        "path": "buff_icon_wu_png",
        "des": "暖胃，可缓解大闸蟹带来的负面影响",
        "red_tips": 0,
        "use_tips": 11
    },
    "110019": {
        "id": 110019,
        "name": "十一",
        "quality": 4,
        "price": 200,
        "drop_count": 1,
        "drop_time": 5,
        "overdue_time": "",
        "path": "buff_icon_wu_png",
        "des": "传说这两个字具有神秘的力量",
        "red_tips": 0,
        "use_tips": 11
    },
    "110020": {
        "id": 110020,
        "name": "中国结",
        "quality": 4,
        "price": 200,
        "drop_count": 1,
        "drop_time": 5,
        "overdue_time": "",
        "path": "buff_icon_wu_png",
        "des": "准备好了么！",
        "red_tips": 0,
        "use_tips": 11
    },
    "110021": {
        "id": 110021,
        "name": "腊八粥",
        "quality": 4,
        "price": 200,
        "drop_count": 1,
        "drop_time": 5,
        "overdue_time": "",
        "path": "buff_icon_wu_png",
        "des": "一碗热腾腾的腊八粥，充满了家的味道",
        "red_tips": 0,
        "use_tips": 11
    },
    "110022": {
        "id": 110022,
        "name": "火鸡",
        "quality": 4,
        "price": 200,
        "drop_count": 1,
        "drop_time": 5,
        "overdue_time": "",
        "path": "ui_acitivity_collect_turkey_png",
        "des": "感恩节晚宴必备的美食！东巴大神的最爱~",
        "red_tips": 0,
        "use_tips": 11
    },
    "110023": {
        "id": 110023,
        "name": "圣诞树",
        "quality": 4,
        "price": 200,
        "drop_count": 1,
        "drop_time": 5,
        "overdue_time": "",
        "path": "ui_acitivity_collect_christmastree_png",
        "des": "可爱的迷你圣诞树！上面挂满了小礼物哦~",
        "red_tips": 0,
        "use_tips": 11
    },
    "110024": {
        "id": 110024,
        "name": "拐杖糖",
        "quality": 4,
        "price": 200,
        "drop_count": 1,
        "drop_time": 5,
        "overdue_time": "",
        "path": "ui_acitivity_collect_sugarcane_png",
        "des": "孩子们最喜欢的拐杖糖，既好看又好吃~",
        "red_tips": 0,
        "use_tips": 11
    },
    "110025": {
        "id": 110025,
        "name": "青团",
        "quality": 4,
        "price": 200,
        "drop_count": 1,
        "drop_time": 5,
        "overdue_time": "",
        "path": "ui_acitivity_collect_qingtuan_png",
        "des": "春游踏青必备小吃，Q弹软糯，好吃不粘牙~",
        "red_tips": 0,
        "use_tips": 11
    },
    "110026": {
        "id": 110026,
        "name": "五",
        "quality": 4,
        "price": 200,
        "drop_count": 1,
        "drop_time": 5,
        "overdue_time": "",
        "path": "ui_acitivity_collect_ziwu_png",
        "des": "只有勤劳的人们才能享受节日的快乐，据说收集齐四个字会有惊喜哟~",
        "red_tips": 0,
        "use_tips": 11
    },
    "110027": {
        "id": 110027,
        "name": "一",
        "quality": 4,
        "price": 200,
        "drop_count": 1,
        "drop_time": 5,
        "overdue_time": "",
        "path": "ui_acitivity_collect_ziyi_png",
        "des": "只有勤劳的人们才能享受节日的快乐，据说收集齐四个字会有惊喜哟~",
        "red_tips": 0,
        "use_tips": 11
    },
    "110028": {
        "id": 110028,
        "name": "快",
        "quality": 4,
        "price": 200,
        "drop_count": 1,
        "drop_time": 5,
        "overdue_time": "",
        "path": "ui_acitivity_collect_zikuai_png",
        "des": "只有勤劳的人们才能享受节日的快乐，据说收集齐四个字会有惊喜哟~",
        "red_tips": 0,
        "use_tips": 11
    },
    "110029": {
        "id": 110029,
        "name": "乐",
        "quality": 4,
        "price": 200,
        "drop_count": 1,
        "drop_time": 5,
        "overdue_time": "",
        "path": "ui_acitivity_collect_zile_png",
        "des": "只有勤劳的人们才能享受节日的快乐，据说收集齐四个字会有惊喜哟~",
        "red_tips": 0,
        "use_tips": 11
    },
    "110030": {
        "id": 110030,
        "name": "端",
        "quality": 4,
        "price": 200,
        "drop_count": 1,
        "drop_time": 5,
        "overdue_time": "",
        "path": "ui_acitivity_collect_ziduan_png",
        "des": "这个节日里可以吃粽子，据说收集齐四个字会有惊喜哟~",
        "red_tips": 0,
        "use_tips": 11
    },
    "110031": {
        "id": 110031,
        "name": "午",
        "quality": 4,
        "price": 200,
        "drop_count": 1,
        "drop_time": 5,
        "overdue_time": "",
        "path": "ui_acitivity_collect_ziwu1_png",
        "des": "这个节日里可以吃粽子，据说收集齐四个字会有惊喜哟~",
        "red_tips": 0,
        "use_tips": 11
    },
    "110032": {
        "id": 110032,
        "name": "安",
        "quality": 4,
        "price": 200,
        "drop_count": 1,
        "drop_time": 5,
        "overdue_time": "",
        "path": "ui_acitivity_collect_zian_png",
        "des": "这个节日里可以吃粽子，据说收集齐四个字会有惊喜哟~",
        "red_tips": 0,
        "use_tips": 11
    },
    "110033": {
        "id": 110033,
        "name": "康",
        "quality": 4,
        "price": 200,
        "drop_count": 1,
        "drop_time": 5,
        "overdue_time": "",
        "path": "ui_acitivity_collect_zikang_png",
        "des": "这个节日里可以吃粽子，据说收集齐四个字会有惊喜哟~",
        "red_tips": 0,
        "use_tips": 11
    },
    "110034": {
        "id": 110034,
        "name": "雪糕",
        "quality": 4,
        "price": 200,
        "drop_count": 1,
        "drop_time": 5,
        "overdue_time": "",
        "path": "ui_acitivity_collect_xuegao_png",
        "des": "炎炎夏日消暑佳品之一",
        "red_tips": 0,
        "use_tips": 11
    },
    "110035": {
        "id": 110035,
        "name": "西瓜",
        "quality": 4,
        "price": 200,
        "drop_count": 1,
        "drop_time": 5,
        "overdue_time": "",
        "path": "ui_acitivity_collect_xigua_png",
        "des": "炎炎夏日消暑佳品之一",
        "red_tips": 0,
        "use_tips": 11
    },
    "110036": {
        "id": 110036,
        "name": "冰激凌",
        "quality": 4,
        "price": 200,
        "drop_count": 1,
        "drop_time": 5,
        "overdue_time": "",
        "path": "ui_acitivity_collect_bingjiling_png",
        "des": "炎炎夏日消暑佳品之一",
        "red_tips": 0,
        "use_tips": 11
    },
    "110037": {
        "id": 110037,
        "name": "冰镇饮料",
        "quality": 4,
        "price": 200,
        "drop_count": 1,
        "drop_time": 5,
        "overdue_time": "",
        "path": "ui_acitivity_collect_bingzhenyinliao_png",
        "des": "炎炎夏日消暑佳品之一",
        "red_tips": 0,
        "use_tips": 11
    },
    "110038": {
        "id": 110038,
        "name": "冰棍儿",
        "quality": 4,
        "price": 200,
        "drop_count": 1,
        "drop_time": 5,
        "overdue_time": "",
        "path": "ui_acitivity_collect_binggun_png",
        "des": "炎炎夏日消暑佳品之一",
        "red_tips": 0,
        "use_tips": 11
    },
    "110039": {
        "id": 110039,
        "name": "冰西瓜",
        "quality": 4,
        "price": 200,
        "drop_count": 1,
        "drop_time": 5,
        "overdue_time": "",
        "path": "ui_acitivity_collect_bingxigua_png",
        "des": "炎炎夏日消暑佳品之一",
        "red_tips": 0,
        "use_tips": 11
    },
    "110040": {
        "id": 110040,
        "name": "甜筒",
        "quality": 4,
        "price": 200,
        "drop_count": 1,
        "drop_time": 5,
        "overdue_time": "",
        "path": "ui_acitivity_collect_tiantong_png",
        "des": "炎炎夏日消暑佳品之一",
        "red_tips": 0,
        "use_tips": 11
    },
    "110041": {
        "id": 110041,
        "name": "冰可乐",
        "quality": 4,
        "price": 200,
        "drop_count": 1,
        "drop_time": 5,
        "overdue_time": "",
        "path": "ui_acitivity_collect_bingkele_png",
        "des": "炎炎夏日消暑佳品之一",
        "red_tips": 0,
        "use_tips": 11
    }}
