{
    "1": {
        "id": 1,
        "name": "蚂蚁军团",
        "rand_item": [121001],
        "rand_power": [10],
        "exchange_goods": [[20001,1],[20001,1],[20001,1]],
        "exchange_integral": [200,200,200],
        "exchange_count": [3,3,3],
        "consume_token": 288,
        "consume_token_ten": 2500,
        "gift_content": [[20001,30000]],
        "gift_consume": 2500,
        "first_rand": 121001,
        "ten_rand": 121001,
        "get_integral": 10,
        "subject_duration": 259200,
        "background": "ui_acitivity_random_WordsRandomTitle1_png",
        "client_goods": [[20001,1],[20001,1],[20001,1]]
    },
    "2": {
        "id": 2,
        "name": "揍敌客家族",
        "rand_item": [121002],
        "rand_power": [10],
        "exchange_goods": [[20001,1],[20001,1],[20001,1]],
        "exchange_integral": [200,200,200],
        "exchange_count": [3,3,3],
        "consume_token": 288,
        "consume_token_ten": 2500,
        "gift_content": [[20001,30000]],
        "gift_consume": 2500,
        "first_rand": 121002,
        "ten_rand": 121002,
        "get_integral": 10,
        "subject_duration": 259200,
        "background": "ui_acitivity_random_WordsRandomTitle1_png",
        "client_goods": [[20001,1],[20001,1],[20001,1]]
    },
    "3": {
        "id": 3,
        "name": "猎人协会",
        "rand_item": [121003],
        "rand_power": [10],
        "exchange_goods": [[20001,1],[20001,1],[20001,1]],
        "exchange_integral": [200,200,200],
        "exchange_count": [3,3,3],
        "consume_token": 288,
        "consume_token_ten": 2500,
        "gift_content": [[20001,30000]],
        "gift_consume": 2500,
        "first_rand": 121003,
        "ten_rand": 121003,
        "get_integral": 10,
        "subject_duration": 259200,
        "background": "ui_acitivity_random_WordsRandomTitle1_png",
        "client_goods": [[20001,1],[20001,1],[20001,1]]
    },
    "4": {
        "id": 4,
        "name": "幻影旅团",
        "rand_item": [121004],
        "rand_power": [10],
        "exchange_goods": [[20001,1],[20001,1],[20001,1]],
        "exchange_integral": [200,200,200],
        "exchange_count": [3,3,3],
        "consume_token": 288,
        "consume_token_ten": 2500,
        "gift_content": [[20001,30000]],
        "gift_consume": 2500,
        "first_rand": 121004,
        "ten_rand": 121004,
        "get_integral": 10,
        "subject_duration": 259200,
        "background": "ui_acitivity_random_WordsRandomTitle1_png",
        "client_goods": [[20001,1],[20001,1],[20001,1]]
    }}
