{
    "1": {
        "index": 1,
        "token": 60,
        "reward_goods": [20001],
        "reward_count": [100000],
        "show_type": [0],
        "star_path": "map_common_wu_png",
        "icon_path_title": "ui_mall_first_WordsTitle1_png",
        "icon_path_topic": "ui_mall_first_WordsTitleSmall1_png",
        "icon_path_tip": "ui_mall_charge_WordsTipInfo_png",
        "role_pic": "ui_mall_charge_BoardMain_png",
        "button_pic": "ui_mall_first_Words6Nor_png"
    },
    "2": {
        "index": 2,
        "token": 300,
        "reward_goods": [20001],
        "reward_count": [200000],
        "show_type": [0],
        "star_path": "map_common_wu_png",
        "icon_path_title": "ui_mall_first_WordsTitle2_png",
        "icon_path_topic": "ui_mall_first_WordsTitleSmall2_png",
        "icon_path_tip": "ui_mall_charge_WordsTipInfo1_png",
        "role_pic": "ui_mall_charge_BoardMain1_png",
        "button_pic": "ui_mall_first_Words30Nor_png"
    },
    "3": {
        "index": 3,
        "token": 1280,
        "reward_goods": [20001],
        "reward_count": [400000],
        "show_type": [0],
        "star_path": "map_common_wu_png",
        "icon_path_title": "ui_mall_first_WordsTitle3_png",
        "icon_path_topic": "ui_mall_first_WordsTitleSmall3_png",
        "icon_path_tip": "ui_mall_charge_WordsTipInfo1_png",
        "role_pic": "ui_mall_charge_BoardMain1_png",
        "button_pic": "ui_mall_first_Words128Nor_png"
    }}
