{
    "10001": {
        "general_id": 10001,
        "general_hp": [0,0,0,0,0],
        "general_atk": [10,15,18,22,25],
        "general_def": [0,0,0,0,0],
        "atk_crit": [0,0,3,4,5],
        "crit_extra": [0,0,0,0,0],
        "dodge_rate": [0,0,0,0,0],
        "hit_rate": [0,0,0,0,0],
        "ignore_phyDef": [0,0,0,0,0],
        "rage_reduce": [0,0,0,0,0],
        "universal_resistance": [0,0,0,0,0],
        "ignore_resistance": [0,0,0,0,0],
        "float_resistance": [0,0,0,0,0],
        "cd_speed": [0,0,0,0,20],
        "support_consume": [0,0,0,0,0],
        "general_atk_all": [0,0,0,0,0],
        "general_def_all": [0,0,0,0,0],
        "all_crit": [0,0,0,0,0],
        "ignore_def_all": [0,0,0,0,0],
        "skill_atk": [0,0,0,0,0],
        "skill_def": [0,0,0,0,0],
        "skill_crit": [0,0,0,0,0],
        "crit_resistance": [0,0,0,0,0],
        "final_extra": [0,0,0,0,0],
        "final_reduce": [0,0,0,0,0],
        "ignore_magicDef": [0,0,0,0,0]
    },
    "10002": {
        "general_id": 10002,
        "general_hp": [0,0,0,0,0],
        "general_atk": [0,0,0,0,0],
        "general_def": [10,15,18,22,25],
        "atk_crit": [0,0,0,0,0],
        "crit_extra": [0,0,0,0,0],
        "dodge_rate": [0,0,0,0,5],
        "hit_rate": [0,0,0,0,0],
        "ignore_phyDef": [0,0,0,0,0],
        "rage_reduce": [0,0,0,0,0],
        "universal_resistance": [0,0,0,0,0],
        "ignore_resistance": [0,0,0,0,0],
        "float_resistance": [0,0,0,0,0],
        "cd_speed": [0,0,0,0,0],
        "support_consume": [0,0,0,0,0],
        "general_atk_all": [0,0,0,0,0],
        "general_def_all": [0,0,0,0,0],
        "all_crit": [0,0,0,0,0],
        "ignore_def_all": [0,0,0,0,0],
        "skill_atk": [0,0,0,0,0],
        "skill_def": [0,0,6,8,10],
        "skill_crit": [0,0,0,0,0],
        "crit_resistance": [0,0,0,0,0],
        "final_extra": [0,0,0,0,0],
        "final_reduce": [0,0,0,0,0],
        "ignore_magicDef": [0,0,0,0,0]
    },
    "10003": {
        "general_id": 10003,
        "general_hp": [10,15,18,22,25],
        "general_atk": [0,0,0,0,0],
        "general_def": [0,0,0,0,0],
        "atk_crit": [0,0,0,0,0],
        "crit_extra": [0,0,0,0,0],
        "dodge_rate": [0,0,0,0,0],
        "hit_rate": [0,0,0,0,0],
        "ignore_phyDef": [0,0,0,0,0],
        "rage_reduce": [0,0,0,0,0],
        "universal_resistance": [0,0,0,0,0],
        "ignore_resistance": [0,0,0,0,0],
        "float_resistance": [0,0,0,0,0],
        "cd_speed": [0,0,0,0,0],
        "support_consume": [0,0,0,0,0],
        "general_atk_all": [0,0,0,0,0],
        "general_def_all": [0,0,0,0,0],
        "all_crit": [0,0,0,0,0],
        "ignore_def_all": [0,0,0,0,0],
        "skill_atk": [0,0,6,8,10],
        "skill_def": [0,0,0,0,0],
        "skill_crit": [0,0,0,0,0],
        "crit_resistance": [0,0,0,0,5],
        "final_extra": [0,0,0,0,0],
        "final_reduce": [0,0,0,0,0],
        "ignore_magicDef": [0,0,0,0,0]
    },
    "10004": {
        "general_id": 10004,
        "general_hp": [10,15,18,22,25],
        "general_atk": [0,0,0,0,0],
        "general_def": [0,0,0,0,0],
        "atk_crit": [0,0,0,0,0],
        "crit_extra": [0,0,0,0,0],
        "dodge_rate": [0,0,0,0,0],
        "hit_rate": [0,0,0,0,0],
        "ignore_phyDef": [0,0,0,0,0],
        "rage_reduce": [0,0,0,0,0],
        "universal_resistance": [0,0,0,0,0],
        "ignore_resistance": [0,0,0,0,0],
        "float_resistance": [0,0,0,0,0],
        "cd_speed": [0,0,0,0,20],
        "support_consume": [0,0,0,0,0],
        "general_atk_all": [0,0,0,0,0],
        "general_def_all": [0,0,0,0,0],
        "all_crit": [0,0,0,0,0],
        "ignore_def_all": [0,0,0,0,0],
        "skill_atk": [0,0,6,8,10],
        "skill_def": [0,0,0,0,0],
        "skill_crit": [0,0,0,0,0],
        "crit_resistance": [0,0,0,0,0],
        "final_extra": [0,0,0,0,0],
        "final_reduce": [0,0,0,0,0],
        "ignore_magicDef": [0,0,0,0,0]
    },
    "10005": {
        "general_id": 10005,
        "general_hp": [0,0,0,0,0],
        "general_atk": [10,15,18,22,25],
        "general_def": [0,0,0,0,0],
        "atk_crit": [0,0,3,4,5],
        "crit_extra": [0,0,0,0,0],
        "dodge_rate": [0,0,0,0,0],
        "hit_rate": [0,0,0,0,0],
        "ignore_phyDef": [0,0,0,0,0],
        "rage_reduce": [0,0,0,0,0],
        "universal_resistance": [0,0,0,0,0],
        "ignore_resistance": [0,0,0,0,0],
        "float_resistance": [0,0,0,0,0],
        "cd_speed": [0,0,0,0,20],
        "support_consume": [0,0,0,0,0],
        "general_atk_all": [0,0,0,0,0],
        "general_def_all": [0,0,0,0,0],
        "all_crit": [0,0,0,0,0],
        "ignore_def_all": [0,0,0,0,0],
        "skill_atk": [0,0,0,0,0],
        "skill_def": [0,0,0,0,0],
        "skill_crit": [0,0,0,0,0],
        "crit_resistance": [0,0,0,0,0],
        "final_extra": [0,0,0,0,0],
        "final_reduce": [0,0,0,0,0],
        "ignore_magicDef": [0,0,0,0,0]
    },
    "10006": {
        "general_id": 10006,
        "general_hp": [0,0,0,0,0],
        "general_atk": [10,15,18,22,25],
        "general_def": [0,0,0,0,0],
        "atk_crit": [0,0,0,0,0],
        "crit_extra": [0,0,0,0,0],
        "dodge_rate": [0,0,0,0,0],
        "hit_rate": [0,0,0,0,0],
        "ignore_phyDef": [0,0,0,0,0],
        "rage_reduce": [0,0,0,0,0],
        "universal_resistance": [0,0,0,0,0],
        "ignore_resistance": [0,0,0,0,0],
        "float_resistance": [0,0,0,0,0],
        "cd_speed": [0,0,0,0,20],
        "support_consume": [0,0,0,0,0],
        "general_atk_all": [0,0,0,0,0],
        "general_def_all": [0,0,0,0,0],
        "all_crit": [0,0,0,0,0],
        "ignore_def_all": [0,0,0,0,0],
        "skill_atk": [0,0,6,8,10],
        "skill_def": [0,0,0,0,0],
        "skill_crit": [0,0,0,0,0],
        "crit_resistance": [0,0,0,0,0],
        "final_extra": [0,0,0,0,0],
        "final_reduce": [0,0,0,0,0],
        "ignore_magicDef": [0,0,0,0,0]
    },
    "10007": {
        "general_id": 10007,
        "general_hp": [0,0,0,0,0],
        "general_atk": [0,0,0,0,0],
        "general_def": [10,15,18,22,25],
        "atk_crit": [0,0,0,0,0],
        "crit_extra": [0,0,0,0,0],
        "dodge_rate": [0,0,0,0,5],
        "hit_rate": [0,0,0,0,0],
        "ignore_phyDef": [0,0,0,0,0],
        "rage_reduce": [0,0,0,0,0],
        "universal_resistance": [0,0,0,0,0],
        "ignore_resistance": [0,0,0,0,0],
        "float_resistance": [0,0,0,0,0],
        "cd_speed": [0,0,0,0,0],
        "support_consume": [0,0,0,0,0],
        "general_atk_all": [0,0,0,0,0],
        "general_def_all": [0,0,0,0,0],
        "all_crit": [0,0,0,0,0],
        "ignore_def_all": [0,0,0,0,0],
        "skill_atk": [0,0,6,8,10],
        "skill_def": [0,0,0,0,0],
        "skill_crit": [0,0,0,0,0],
        "crit_resistance": [0,0,0,0,0],
        "final_extra": [0,0,0,0,0],
        "final_reduce": [0,0,0,0,0],
        "ignore_magicDef": [0,0,0,0,0]
    },
    "10008": {
        "general_id": 10008,
        "general_hp": [0,0,0,0,0],
        "general_atk": [10,15,18,22,25],
        "general_def": [0,0,0,0,0],
        "atk_crit": [0,0,0,0,0],
        "crit_extra": [0,0,10,20,30],
        "dodge_rate": [0,0,0,0,0],
        "hit_rate": [0,0,0,0,0],
        "ignore_phyDef": [0,0,0,0,0],
        "rage_reduce": [0,0,0,0,0],
        "universal_resistance": [0,0,0,0,0],
        "ignore_resistance": [0,0,0,0,0],
        "float_resistance": [0,0,0,0,0],
        "cd_speed": [0,0,0,0,20],
        "support_consume": [0,0,0,0,0],
        "general_atk_all": [0,0,0,0,0],
        "general_def_all": [0,0,0,0,0],
        "all_crit": [0,0,0,0,0],
        "ignore_def_all": [0,0,0,0,0],
        "skill_atk": [0,0,0,0,0],
        "skill_def": [0,0,0,0,0],
        "skill_crit": [0,0,0,0,0],
        "crit_resistance": [0,0,0,0,0],
        "final_extra": [0,0,0,0,0],
        "final_reduce": [0,0,0,0,0],
        "ignore_magicDef": [0,0,0,0,0]
    },
    "10009": {
        "general_id": 10009,
        "general_hp": [0,0,0,0,0],
        "general_atk": [0,0,0,0,0],
        "general_def": [0,0,0,0,0],
        "atk_crit": [0,0,0,0,0],
        "crit_extra": [0,0,0,0,0],
        "dodge_rate": [0,0,0,0,0],
        "hit_rate": [0,0,0,0,0],
        "ignore_phyDef": [0,0,0,0,0],
        "rage_reduce": [0,0,0,0,0],
        "universal_resistance": [0,0,0,0,0],
        "ignore_resistance": [0,0,0,0,0],
        "float_resistance": [0,0,0,0,0],
        "cd_speed": [0,0,0,0,0],
        "support_consume": [0,0,0,0,0],
        "general_atk_all": [0,0,0,0,0],
        "general_def_all": [0,0,0,0,0],
        "all_crit": [0,0,0,0,0],
        "ignore_def_all": [0,0,0,0,0],
        "skill_atk": [0,0,0,0,0],
        "skill_def": [0,0,0,0,0],
        "skill_crit": [0,0,0,0,0],
        "crit_resistance": [0,0,0,0,0],
        "final_extra": [0,0,0,0,0],
        "final_reduce": [0,0,0,0,0],
        "ignore_magicDef": [0,0,0,0,0]
    },
    "10010": {
        "general_id": 10010,
        "general_hp": [0,0,0,0,0],
        "general_atk": [0,0,0,0,0],
        "general_def": [10,15,18,22,25],
        "atk_crit": [0,0,0,0,0],
        "crit_extra": [0,0,0,0,0],
        "dodge_rate": [0,0,0,0,5],
        "hit_rate": [0,0,0,0,0],
        "ignore_phyDef": [0,0,0,0,0],
        "rage_reduce": [0,0,0,0,0],
        "universal_resistance": [0,0,0,0,0],
        "ignore_resistance": [0,0,0,0,0],
        "float_resistance": [0,0,0,0,0],
        "cd_speed": [0,0,0,0,0],
        "support_consume": [0,0,0,0,0],
        "general_atk_all": [0,0,0,0,0],
        "general_def_all": [0,0,0,0,0],
        "all_crit": [0,0,0,0,0],
        "ignore_def_all": [0,0,0,0,0],
        "skill_atk": [0,0,6,8,10],
        "skill_def": [0,0,0,0,0],
        "skill_crit": [0,0,0,0,0],
        "crit_resistance": [0,0,0,0,0],
        "final_extra": [0,0,0,0,0],
        "final_reduce": [0,0,0,0,0],
        "ignore_magicDef": [0,0,0,0,0]
    },
    "10011": {
        "general_id": 10011,
        "general_hp": [0,0,0,0,0],
        "general_atk": [10,15,18,22,25],
        "general_def": [0,0,0,0,0],
        "atk_crit": [0,0,0,0,0],
        "crit_extra": [0,0,10,20,30],
        "dodge_rate": [0,0,0,0,0],
        "hit_rate": [0,0,0,0,0],
        "ignore_phyDef": [0,0,0,0,0],
        "rage_reduce": [0,0,0,0,0],
        "universal_resistance": [0,0,0,0,0],
        "ignore_resistance": [0,0,0,0,0],
        "float_resistance": [0,0,0,0,0],
        "cd_speed": [0,0,0,0,20],
        "support_consume": [0,0,0,0,0],
        "general_atk_all": [0,0,0,0,0],
        "general_def_all": [0,0,0,0,0],
        "all_crit": [0,0,0,0,0],
        "ignore_def_all": [0,0,0,0,0],
        "skill_atk": [0,0,0,0,0],
        "skill_def": [0,0,0,0,0],
        "skill_crit": [0,0,0,0,0],
        "crit_resistance": [0,0,0,0,0],
        "final_extra": [0,0,0,0,0],
        "final_reduce": [0,0,0,0,0],
        "ignore_magicDef": [0,0,0,0,0]
    },
    "10012": {
        "general_id": 10012,
        "general_hp": [0,0,0,0,0],
        "general_atk": [10,15,18,22,25],
        "general_def": [0,0,0,0,0],
        "atk_crit": [0,0,0,0,0],
        "crit_extra": [0,0,0,0,0],
        "dodge_rate": [0,0,0,0,0],
        "hit_rate": [0,0,0,0,0],
        "ignore_phyDef": [0,0,0,0,0],
        "rage_reduce": [0,0,0,0,0],
        "universal_resistance": [0,0,0,0,0],
        "ignore_resistance": [0,0,0,0,0],
        "float_resistance": [0,0,0,0,0],
        "cd_speed": [0,0,0,0,20],
        "support_consume": [0,0,0,0,0],
        "general_atk_all": [0,0,0,0,0],
        "general_def_all": [0,0,0,0,0],
        "all_crit": [0,0,0,0,0],
        "ignore_def_all": [0,0,0,0,0],
        "skill_atk": [0,0,6,8,10],
        "skill_def": [0,0,0,0,0],
        "skill_crit": [0,0,0,0,0],
        "crit_resistance": [0,0,0,0,0],
        "final_extra": [0,0,0,0,0],
        "final_reduce": [0,0,0,0,0],
        "ignore_magicDef": [0,0,0,0,0]
    },
    "10013": {
        "general_id": 10013,
        "general_hp": [0,0,0,0,0],
        "general_atk": [10,15,18,22,25],
        "general_def": [0,0,0,0,0],
        "atk_crit": [0,0,0,0,0],
        "crit_extra": [0,0,0,0,0],
        "dodge_rate": [0,0,0,0,0],
        "hit_rate": [0,0,0,0,0],
        "ignore_phyDef": [0,0,0,0,0],
        "rage_reduce": [0,0,0,0,0],
        "universal_resistance": [0,0,0,0,0],
        "ignore_resistance": [0,0,0,0,0],
        "float_resistance": [0,0,0,0,0],
        "cd_speed": [0,0,0,0,20],
        "support_consume": [0,0,0,0,0],
        "general_atk_all": [0,0,0,0,0],
        "general_def_all": [0,0,0,0,0],
        "all_crit": [0,0,0,0,0],
        "ignore_def_all": [0,0,0,0,0],
        "skill_atk": [0,0,6,8,10],
        "skill_def": [0,0,0,0,0],
        "skill_crit": [0,0,0,0,0],
        "crit_resistance": [0,0,0,0,0],
        "final_extra": [0,0,0,0,0],
        "final_reduce": [0,0,0,0,0],
        "ignore_magicDef": [0,0,0,0,0]
    },
    "10014": {
        "general_id": 10014,
        "general_hp": [0,0,0,0,0],
        "general_atk": [10,15,18,22,25],
        "general_def": [0,0,0,0,0],
        "atk_crit": [0,0,3,4,5],
        "crit_extra": [0,0,0,0,0],
        "dodge_rate": [0,0,0,0,0],
        "hit_rate": [0,0,0,0,0],
        "ignore_phyDef": [0,0,0,0,0],
        "rage_reduce": [0,0,0,0,0],
        "universal_resistance": [0,0,0,0,0],
        "ignore_resistance": [0,0,0,0,0],
        "float_resistance": [0,0,0,0,0],
        "cd_speed": [0,0,0,0,20],
        "support_consume": [0,0,0,0,0],
        "general_atk_all": [0,0,0,0,0],
        "general_def_all": [0,0,0,0,0],
        "all_crit": [0,0,0,0,0],
        "ignore_def_all": [0,0,0,0,0],
        "skill_atk": [0,0,0,0,0],
        "skill_def": [0,0,0,0,0],
        "skill_crit": [0,0,0,0,0],
        "crit_resistance": [0,0,0,0,0],
        "final_extra": [0,0,0,0,0],
        "final_reduce": [0,0,0,0,0],
        "ignore_magicDef": [0,0,0,0,0]
    },
    "10015": {
        "general_id": 10015,
        "general_hp": [0,0,0,0,0],
        "general_atk": [0,0,0,0,0],
        "general_def": [10,15,18,22,25],
        "atk_crit": [0,0,0,0,0],
        "crit_extra": [0,0,0,0,0],
        "dodge_rate": [0,0,0,0,5],
        "hit_rate": [0,0,0,0,0],
        "ignore_phyDef": [0,0,0,0,0],
        "rage_reduce": [0,0,0,0,0],
        "universal_resistance": [0,0,0,0,0],
        "ignore_resistance": [0,0,0,0,0],
        "float_resistance": [0,0,0,0,0],
        "cd_speed": [0,0,0,0,0],
        "support_consume": [0,0,0,0,0],
        "general_atk_all": [0,0,0,0,0],
        "general_def_all": [0,0,0,0,0],
        "all_crit": [0,0,0,0,0],
        "ignore_def_all": [0,0,0,0,0],
        "skill_atk": [0,0,6,8,10],
        "skill_def": [0,0,0,0,0],
        "skill_crit": [0,0,0,0,0],
        "crit_resistance": [0,0,0,0,0],
        "final_extra": [0,0,0,0,0],
        "final_reduce": [0,0,0,0,0],
        "ignore_magicDef": [0,0,0,0,0]
    },
    "10016": {
        "general_id": 10016,
        "general_hp": [10,15,18,22,25],
        "general_atk": [0,0,0,0,0],
        "general_def": [0,0,0,0,0],
        "atk_crit": [0,0,0,0,0],
        "crit_extra": [0,0,0,0,0],
        "dodge_rate": [0,0,0,0,0],
        "hit_rate": [0,0,0,0,0],
        "ignore_phyDef": [0,0,0,0,0],
        "rage_reduce": [0,0,0,0,0],
        "universal_resistance": [0,0,0,0,0],
        "ignore_resistance": [0,0,0,0,0],
        "float_resistance": [0,0,0,0,0],
        "cd_speed": [0,0,0,0,0],
        "support_consume": [0,0,0,0,0],
        "general_atk_all": [0,0,0,0,0],
        "general_def_all": [0,0,0,0,0],
        "all_crit": [0,0,0,0,0],
        "ignore_def_all": [0,0,0,0,0],
        "skill_atk": [0,0,0,0,0],
        "skill_def": [0,0,6,8,10],
        "skill_crit": [0,0,0,0,0],
        "crit_resistance": [0,0,0,0,5],
        "final_extra": [0,0,0,0,0],
        "final_reduce": [0,0,0,0,0],
        "ignore_magicDef": [0,0,0,0,0]
    },
    "10017": {
        "general_id": 10017,
        "general_hp": [0,0,0,0,0],
        "general_atk": [10,15,18,22,25],
        "general_def": [0,0,0,0,0],
        "atk_crit": [0,0,3,4,5],
        "crit_extra": [0,0,0,0,0],
        "dodge_rate": [0,0,0,0,0],
        "hit_rate": [0,0,0,0,0],
        "ignore_phyDef": [0,0,0,0,0],
        "rage_reduce": [0,0,0,0,0],
        "universal_resistance": [0,0,0,0,0],
        "ignore_resistance": [0,0,0,0,0],
        "float_resistance": [0,0,0,0,0],
        "cd_speed": [0,0,0,0,20],
        "support_consume": [0,0,0,0,0],
        "general_atk_all": [0,0,0,0,0],
        "general_def_all": [0,0,0,0,0],
        "all_crit": [0,0,0,0,0],
        "ignore_def_all": [0,0,0,0,0],
        "skill_atk": [0,0,0,0,0],
        "skill_def": [0,0,0,0,0],
        "skill_crit": [0,0,0,0,0],
        "crit_resistance": [0,0,0,0,0],
        "final_extra": [0,0,0,0,0],
        "final_reduce": [0,0,0,0,0],
        "ignore_magicDef": [0,0,0,0,0]
    },
    "10018": {
        "general_id": 10018,
        "general_hp": [0,0,0,0,0],
        "general_atk": [10,15,18,22,25],
        "general_def": [0,0,0,0,0],
        "atk_crit": [0,0,3,4,5],
        "crit_extra": [0,0,0,0,0],
        "dodge_rate": [0,0,0,0,0],
        "hit_rate": [0,0,0,0,0],
        "ignore_phyDef": [0,0,0,0,0],
        "rage_reduce": [0,0,0,0,0],
        "universal_resistance": [0,0,0,0,0],
        "ignore_resistance": [0,0,0,0,0],
        "float_resistance": [0,0,0,0,0],
        "cd_speed": [0,0,0,0,20],
        "support_consume": [0,0,0,0,0],
        "general_atk_all": [0,0,0,0,0],
        "general_def_all": [0,0,0,0,0],
        "all_crit": [0,0,0,0,0],
        "ignore_def_all": [0,0,0,0,0],
        "skill_atk": [0,0,0,0,0],
        "skill_def": [0,0,0,0,0],
        "skill_crit": [0,0,0,0,0],
        "crit_resistance": [0,0,0,0,0],
        "final_extra": [0,0,0,0,0],
        "final_reduce": [0,0,0,0,0],
        "ignore_magicDef": [0,0,0,0,0]
    },
    "10019": {
        "general_id": 10019,
        "general_hp": [10,15,18,22,25],
        "general_atk": [0,0,0,0,0],
        "general_def": [0,0,0,0,0],
        "atk_crit": [0,0,0,0,0],
        "crit_extra": [0,0,0,0,0],
        "dodge_rate": [0,0,0,0,0],
        "hit_rate": [0,0,0,0,0],
        "ignore_phyDef": [0,0,0,0,0],
        "rage_reduce": [0,0,0,0,0],
        "universal_resistance": [0,0,0,0,0],
        "ignore_resistance": [0,0,0,0,0],
        "float_resistance": [0,0,0,0,0],
        "cd_speed": [0,0,0,0,20],
        "support_consume": [0,0,0,0,0],
        "general_atk_all": [0,0,0,0,0],
        "general_def_all": [0,0,0,0,0],
        "all_crit": [0,0,0,0,0],
        "ignore_def_all": [0,0,0,0,0],
        "skill_atk": [0,0,6,8,10],
        "skill_def": [0,0,0,0,0],
        "skill_crit": [0,0,0,0,0],
        "crit_resistance": [0,0,0,0,0],
        "final_extra": [0,0,0,0,0],
        "final_reduce": [0,0,0,0,0],
        "ignore_magicDef": [0,0,0,0,0]
    },
    "10020": {
        "general_id": 10020,
        "general_hp": [10,15,18,22,25],
        "general_atk": [0,0,0,0,0],
        "general_def": [0,0,0,0,0],
        "atk_crit": [0,0,0,0,0],
        "crit_extra": [0,0,0,0,0],
        "dodge_rate": [0,0,0,0,0],
        "hit_rate": [0,0,0,0,0],
        "ignore_phyDef": [0,0,0,0,0],
        "rage_reduce": [0,0,0,0,0],
        "universal_resistance": [0,0,0,0,0],
        "ignore_resistance": [0,0,0,0,0],
        "float_resistance": [0,0,0,0,0],
        "cd_speed": [0,0,0,0,20],
        "support_consume": [0,0,0,0,0],
        "general_atk_all": [0,0,0,0,0],
        "general_def_all": [0,0,0,0,0],
        "all_crit": [0,0,0,0,0],
        "ignore_def_all": [0,0,0,0,0],
        "skill_atk": [0,0,6,8,10],
        "skill_def": [0,0,0,0,0],
        "skill_crit": [0,0,0,0,0],
        "crit_resistance": [0,0,0,0,0],
        "final_extra": [0,0,0,0,0],
        "final_reduce": [0,0,0,0,0],
        "ignore_magicDef": [0,0,0,0,0]
    },
    "10021": {
        "general_id": 10021,
        "general_hp": [0,0,0,0,0],
        "general_atk": [0,0,0,0,0],
        "general_def": [10,15,18,22,25],
        "atk_crit": [0,0,0,0,0],
        "crit_extra": [0,0,0,0,0],
        "dodge_rate": [0,0,0,0,0],
        "hit_rate": [0,0,0,0,0],
        "ignore_phyDef": [0,0,0,0,0],
        "rage_reduce": [0,0,0,0,0],
        "universal_resistance": [0,0,0,0,0],
        "ignore_resistance": [0,0,0,0,0],
        "float_resistance": [0,0,0,0,0],
        "cd_speed": [0,0,0,0,0],
        "support_consume": [0,0,0,0,0],
        "general_atk_all": [0,0,0,0,0],
        "general_def_all": [0,0,0,0,0],
        "all_crit": [0,0,0,0,0],
        "ignore_def_all": [0,0,0,0,0],
        "skill_atk": [0,0,0,0,0],
        "skill_def": [0,0,6,8,10],
        "skill_crit": [0,0,0,0,0],
        "crit_resistance": [0,0,0,0,5],
        "final_extra": [0,0,0,0,0],
        "final_reduce": [0,0,0,0,0],
        "ignore_magicDef": [0,0,0,0,0]
    },
    "10022": {
        "general_id": 10022,
        "general_hp": [0,0,0,0,0],
        "general_atk": [0,0,0,0,0],
        "general_def": [10,15,18,22,25],
        "atk_crit": [0,0,0,0,0],
        "crit_extra": [0,0,0,0,0],
        "dodge_rate": [0,0,0,0,0],
        "hit_rate": [0,0,0,0,0],
        "ignore_phyDef": [0,0,0,0,0],
        "rage_reduce": [0,0,0,0,0],
        "universal_resistance": [0,0,0,0,0],
        "ignore_resistance": [0,0,0,0,0],
        "float_resistance": [0,0,0,0,0],
        "cd_speed": [0,0,0,0,0],
        "support_consume": [0,0,0,0,0],
        "general_atk_all": [0,0,0,0,0],
        "general_def_all": [0,0,0,0,0],
        "all_crit": [0,0,0,0,0],
        "ignore_def_all": [0,0,0,0,0],
        "skill_atk": [0,0,0,0,0],
        "skill_def": [0,0,6,8,10],
        "skill_crit": [0,0,0,0,0],
        "crit_resistance": [0,0,0,0,5],
        "final_extra": [0,0,0,0,0],
        "final_reduce": [0,0,0,0,0],
        "ignore_magicDef": [0,0,0,0,0]
    },
    "10023": {
        "general_id": 10023,
        "general_hp": [10,15,18,22,25],
        "general_atk": [0,0,0,0,0],
        "general_def": [0,0,0,0,0],
        "atk_crit": [0,0,0,0,0],
        "crit_extra": [0,0,0,0,0],
        "dodge_rate": [0,0,0,0,0],
        "hit_rate": [0,0,0,0,0],
        "ignore_phyDef": [0,0,0,0,0],
        "rage_reduce": [0,0,0,0,0],
        "universal_resistance": [0,0,0,0,0],
        "ignore_resistance": [0,0,0,0,0],
        "float_resistance": [0,0,0,0,0],
        "cd_speed": [0,0,0,0,0],
        "support_consume": [0,0,0,0,0],
        "general_atk_all": [0,0,0,0,0],
        "general_def_all": [0,0,0,0,0],
        "all_crit": [0,0,0,0,0],
        "ignore_def_all": [0,0,0,0,0],
        "skill_atk": [0,0,0,0,0],
        "skill_def": [0,0,6,8,10],
        "skill_crit": [0,0,0,0,0],
        "crit_resistance": [0,0,0,0,5],
        "final_extra": [0,0,0,0,0],
        "final_reduce": [0,0,0,0,0],
        "ignore_magicDef": [0,0,0,0,0]
    },
    "10024": {
        "general_id": 10024,
        "general_hp": [10,15,18,22,25],
        "general_atk": [0,0,0,0,0],
        "general_def": [0,0,0,0,0],
        "atk_crit": [0,0,0,0,0],
        "crit_extra": [0,0,0,0,0],
        "dodge_rate": [0,0,0,0,0],
        "hit_rate": [0,0,0,0,0],
        "ignore_phyDef": [0,0,0,0,0],
        "rage_reduce": [0,0,0,0,0],
        "universal_resistance": [0,0,0,0,0],
        "ignore_resistance": [0,0,0,0,0],
        "float_resistance": [0,0,0,0,0],
        "cd_speed": [0,0,0,0,0],
        "support_consume": [0,0,0,0,0],
        "general_atk_all": [0,0,0,0,0],
        "general_def_all": [0,0,0,0,0],
        "all_crit": [0,0,0,0,0],
        "ignore_def_all": [0,0,0,0,0],
        "skill_atk": [0,0,6,8,10],
        "skill_def": [0,0,0,0,0],
        "skill_crit": [0,0,0,0,0],
        "crit_resistance": [0,0,0,0,5],
        "final_extra": [0,0,0,0,0],
        "final_reduce": [0,0,0,0,0],
        "ignore_magicDef": [0,0,0,0,0]
    },
    "10025": {
        "general_id": 10025,
        "general_hp": [0,0,0,0,0],
        "general_atk": [0,0,0,0,0],
        "general_def": [10,15,18,22,25],
        "atk_crit": [0,0,0,0,0],
        "crit_extra": [0,0,0,0,0],
        "dodge_rate": [0,0,0,0,0],
        "hit_rate": [0,0,0,0,0],
        "ignore_phyDef": [0,0,0,0,0],
        "rage_reduce": [0,0,0,0,0],
        "universal_resistance": [0,0,0,0,0],
        "ignore_resistance": [0,0,0,0,0],
        "float_resistance": [0,0,0,0,0],
        "cd_speed": [0,0,0,0,0],
        "support_consume": [0,0,0,0,0],
        "general_atk_all": [0,0,0,0,0],
        "general_def_all": [0,0,0,0,0],
        "all_crit": [0,0,0,0,0],
        "ignore_def_all": [0,0,0,0,0],
        "skill_atk": [0,0,0,0,0],
        "skill_def": [0,0,6,8,10],
        "skill_crit": [0,0,0,0,0],
        "crit_resistance": [0,0,0,0,5],
        "final_extra": [0,0,0,0,0],
        "final_reduce": [0,0,0,0,0],
        "ignore_magicDef": [0,0,0,0,0]
    },
    "10026": {
        "general_id": 10026,
        "general_hp": [0,0,0,0,0],
        "general_atk": [10,15,18,22,25],
        "general_def": [0,0,0,0,0],
        "atk_crit": [0,0,3,4,5],
        "crit_extra": [0,0,0,0,0],
        "dodge_rate": [0,0,0,0,0],
        "hit_rate": [0,0,0,0,0],
        "ignore_phyDef": [0,0,0,0,0],
        "rage_reduce": [0,0,0,0,0],
        "universal_resistance": [0,0,0,0,0],
        "ignore_resistance": [0,0,0,0,0],
        "float_resistance": [0,0,0,0,0],
        "cd_speed": [0,0,0,0,20],
        "support_consume": [0,0,0,0,0],
        "general_atk_all": [0,0,0,0,0],
        "general_def_all": [0,0,0,0,0],
        "all_crit": [0,0,0,0,0],
        "ignore_def_all": [0,0,0,0,0],
        "skill_atk": [0,0,0,0,0],
        "skill_def": [0,0,0,0,0],
        "skill_crit": [0,0,0,0,0],
        "crit_resistance": [0,0,0,0,0],
        "final_extra": [0,0,0,0,0],
        "final_reduce": [0,0,0,0,0],
        "ignore_magicDef": [0,0,0,0,0]
    },
    "10027": {
        "general_id": 10027,
        "general_hp": [10,15,18,22,25],
        "general_atk": [0,0,0,0,0],
        "general_def": [0,0,0,0,0],
        "atk_crit": [0,0,0,0,0],
        "crit_extra": [0,0,0,0,0],
        "dodge_rate": [0,0,0,0,0],
        "hit_rate": [0,0,0,0,0],
        "ignore_phyDef": [0,0,0,0,0],
        "rage_reduce": [0,0,0,0,0],
        "universal_resistance": [0,0,0,0,0],
        "ignore_resistance": [0,0,0,0,0],
        "float_resistance": [0,0,0,0,0],
        "cd_speed": [0,0,0,0,20],
        "support_consume": [0,0,0,0,0],
        "general_atk_all": [0,0,0,0,0],
        "general_def_all": [0,0,0,0,0],
        "all_crit": [0,0,0,0,0],
        "ignore_def_all": [0,0,0,0,0],
        "skill_atk": [0,0,0,0,0],
        "skill_def": [0,0,6,8,10],
        "skill_crit": [0,0,0,0,0],
        "crit_resistance": [0,0,0,0,0],
        "final_extra": [0,0,0,0,0],
        "final_reduce": [0,0,0,0,0],
        "ignore_magicDef": [0,0,0,0,0]
    },
    "10028": {
        "general_id": 10028,
        "general_hp": [0,0,0,0,0],
        "general_atk": [10,15,18,22,25],
        "general_def": [0,0,0,0,0],
        "atk_crit": [0,0,3,4,5],
        "crit_extra": [0,0,0,0,0],
        "dodge_rate": [0,0,0,0,0],
        "hit_rate": [0,0,0,0,0],
        "ignore_phyDef": [0,0,0,0,0],
        "rage_reduce": [0,0,0,0,0],
        "universal_resistance": [0,0,0,0,0],
        "ignore_resistance": [0,0,0,0,0],
        "float_resistance": [0,0,0,0,0],
        "cd_speed": [0,0,0,0,20],
        "support_consume": [0,0,0,0,0],
        "general_atk_all": [0,0,0,0,0],
        "general_def_all": [0,0,0,0,0],
        "all_crit": [0,0,0,0,0],
        "ignore_def_all": [0,0,0,0,0],
        "skill_atk": [0,0,0,0,0],
        "skill_def": [0,0,0,0,0],
        "skill_crit": [0,0,0,0,0],
        "crit_resistance": [0,0,0,0,0],
        "final_extra": [0,0,0,0,0],
        "final_reduce": [0,0,0,0,0],
        "ignore_magicDef": [0,0,0,0,0]
    },
    "10029": {
        "general_id": 10029,
        "general_hp": [0,0,0,0,0],
        "general_atk": [0,0,0,0,0],
        "general_def": [10,15,18,22,25],
        "atk_crit": [0,0,0,0,0],
        "crit_extra": [0,0,0,0,0],
        "dodge_rate": [0,0,0,0,0],
        "hit_rate": [0,0,0,0,0],
        "ignore_phyDef": [0,0,0,0,0],
        "rage_reduce": [0,0,0,0,0],
        "universal_resistance": [0,0,0,0,0],
        "ignore_resistance": [0,0,0,0,0],
        "float_resistance": [0,0,0,0,0],
        "cd_speed": [0,0,0,0,0],
        "support_consume": [0,0,0,0,0],
        "general_atk_all": [0,0,0,0,0],
        "general_def_all": [0,0,0,0,0],
        "all_crit": [0,0,0,0,0],
        "ignore_def_all": [0,0,0,0,0],
        "skill_atk": [0,0,0,0,0],
        "skill_def": [0,0,6,8,10],
        "skill_crit": [0,0,0,0,0],
        "crit_resistance": [0,0,0,0,5],
        "final_extra": [0,0,0,0,0],
        "final_reduce": [0,0,0,0,0],
        "ignore_magicDef": [0,0,0,0,0]
    },
    "10030": {
        "general_id": 10030,
        "general_hp": [0,0,0,0,0],
        "general_atk": [0,0,0,0,0],
        "general_def": [10,15,18,22,25],
        "atk_crit": [0,0,0,0,0],
        "crit_extra": [0,0,0,0,0],
        "dodge_rate": [0,0,0,0,0],
        "hit_rate": [0,0,0,0,0],
        "ignore_phyDef": [0,0,0,0,0],
        "rage_reduce": [0,0,0,0,0],
        "universal_resistance": [0,0,0,0,0],
        "ignore_resistance": [0,0,0,0,0],
        "float_resistance": [0,0,0,0,0],
        "cd_speed": [0,0,0,0,0],
        "support_consume": [0,0,0,0,0],
        "general_atk_all": [0,0,0,0,0],
        "general_def_all": [0,0,0,0,0],
        "all_crit": [0,0,0,0,0],
        "ignore_def_all": [0,0,0,0,0],
        "skill_atk": [0,0,0,0,0],
        "skill_def": [0,0,6,8,10],
        "skill_crit": [0,0,0,0,0],
        "crit_resistance": [0,0,0,0,5],
        "final_extra": [0,0,0,0,0],
        "final_reduce": [0,0,0,0,0],
        "ignore_magicDef": [0,0,0,0,0]
    },
    "10031": {
        "general_id": 10031,
        "general_hp": [10,15,18,22,25],
        "general_atk": [0,0,0,0,0],
        "general_def": [0,0,0,0,0],
        "atk_crit": [0,0,0,0,0],
        "crit_extra": [0,0,0,0,0],
        "dodge_rate": [0,0,0,0,0],
        "hit_rate": [0,0,0,0,0],
        "ignore_phyDef": [0,0,0,0,0],
        "rage_reduce": [0,0,0,0,0],
        "universal_resistance": [0,0,0,0,0],
        "ignore_resistance": [0,0,0,0,0],
        "float_resistance": [0,0,0,0,0],
        "cd_speed": [0,0,0,0,0],
        "support_consume": [0,0,0,0,0],
        "general_atk_all": [0,0,0,0,0],
        "general_def_all": [0,0,0,0,0],
        "all_crit": [0,0,0,0,0],
        "ignore_def_all": [0,0,0,0,0],
        "skill_atk": [0,0,0,0,0],
        "skill_def": [0,0,6,8,10],
        "skill_crit": [0,0,0,0,0],
        "crit_resistance": [0,0,0,0,5],
        "final_extra": [0,0,0,0,0],
        "final_reduce": [0,0,0,0,0],
        "ignore_magicDef": [0,0,0,0,0]
    },
    "10032": {
        "general_id": 10032,
        "general_hp": [0,0,0,0,0],
        "general_atk": [0,0,0,0,0],
        "general_def": [10,15,18,22,25],
        "atk_crit": [0,0,0,0,0],
        "crit_extra": [0,0,0,0,0],
        "dodge_rate": [0,0,0,0,5],
        "hit_rate": [0,0,0,0,0],
        "ignore_phyDef": [0,0,0,0,0],
        "rage_reduce": [0,0,0,0,0],
        "universal_resistance": [0,0,0,0,0],
        "ignore_resistance": [0,0,0,0,0],
        "float_resistance": [0,0,0,0,0],
        "cd_speed": [0,0,0,0,0],
        "support_consume": [0,0,0,0,0],
        "general_atk_all": [0,0,0,0,0],
        "general_def_all": [0,0,0,0,0],
        "all_crit": [0,0,0,0,0],
        "ignore_def_all": [0,0,0,0,0],
        "skill_atk": [0,0,0,0,0],
        "skill_def": [0,0,6,8,10],
        "skill_crit": [0,0,0,0,0],
        "crit_resistance": [0,0,0,0,0],
        "final_extra": [0,0,0,0,0],
        "final_reduce": [0,0,0,0,0],
        "ignore_magicDef": [0,0,0,0,0]
    },
    "10033": {
        "general_id": 10033,
        "general_hp": [0,0,0,0,0],
        "general_atk": [10,15,18,22,25],
        "general_def": [0,0,0,0,0],
        "atk_crit": [0,0,3,4,5],
        "crit_extra": [0,0,0,0,0],
        "dodge_rate": [0,0,0,0,0],
        "hit_rate": [0,0,0,0,0],
        "ignore_phyDef": [0,0,0,0,0],
        "rage_reduce": [0,0,0,0,0],
        "universal_resistance": [0,0,0,0,0],
        "ignore_resistance": [0,0,0,0,0],
        "float_resistance": [0,0,0,0,0],
        "cd_speed": [0,0,0,0,20],
        "support_consume": [0,0,0,0,0],
        "general_atk_all": [0,0,0,0,0],
        "general_def_all": [0,0,0,0,0],
        "all_crit": [0,0,0,0,0],
        "ignore_def_all": [0,0,0,0,0],
        "skill_atk": [0,0,0,0,0],
        "skill_def": [0,0,0,0,0],
        "skill_crit": [0,0,0,0,0],
        "crit_resistance": [0,0,0,0,0],
        "final_extra": [0,0,0,0,0],
        "final_reduce": [0,0,0,0,0],
        "ignore_magicDef": [0,0,0,0,0]
    },
    "10034": {
        "general_id": 10034,
        "general_hp": [0,0,0,0,0],
        "general_atk": [10,15,18,22,25],
        "general_def": [0,0,0,0,0],
        "atk_crit": [0,0,0,0,0],
        "crit_extra": [0,0,0,0,0],
        "dodge_rate": [0,0,0,0,0],
        "hit_rate": [0,0,0,0,0],
        "ignore_phyDef": [0,0,0,0,0],
        "rage_reduce": [0,0,0,0,0],
        "universal_resistance": [0,0,0,0,0],
        "ignore_resistance": [0,0,0,0,0],
        "float_resistance": [0,0,0,0,0],
        "cd_speed": [0,0,0,0,20],
        "support_consume": [0,0,0,0,0],
        "general_atk_all": [0,0,0,0,0],
        "general_def_all": [0,0,0,0,0],
        "all_crit": [0,0,0,0,0],
        "ignore_def_all": [0,0,0,0,0],
        "skill_atk": [0,0,6,8,10],
        "skill_def": [0,0,0,0,0],
        "skill_crit": [0,0,0,0,0],
        "crit_resistance": [0,0,0,0,0],
        "final_extra": [0,0,0,0,0],
        "final_reduce": [0,0,0,0,0],
        "ignore_magicDef": [0,0,0,0,0]
    },
    "10035": {
        "general_id": 10035,
        "general_hp": [0,0,0,0,0],
        "general_atk": [10,15,18,22,25],
        "general_def": [0,0,0,0,0],
        "atk_crit": [0,0,3,4,5],
        "crit_extra": [0,0,0,0,0],
        "dodge_rate": [0,0,0,0,0],
        "hit_rate": [0,0,0,0,0],
        "ignore_phyDef": [0,0,0,0,0],
        "rage_reduce": [0,0,0,0,0],
        "universal_resistance": [0,0,0,0,0],
        "ignore_resistance": [0,0,0,0,0],
        "float_resistance": [0,0,0,0,0],
        "cd_speed": [0,0,0,0,20],
        "support_consume": [0,0,0,0,0],
        "general_atk_all": [0,0,0,0,0],
        "general_def_all": [0,0,0,0,0],
        "all_crit": [0,0,0,0,0],
        "ignore_def_all": [0,0,0,0,0],
        "skill_atk": [0,0,0,0,0],
        "skill_def": [0,0,0,0,0],
        "skill_crit": [0,0,0,0,0],
        "crit_resistance": [0,0,0,0,0],
        "final_extra": [0,0,0,0,0],
        "final_reduce": [0,0,0,0,0],
        "ignore_magicDef": [0,0,0,0,0]
    },
    "10036": {
        "general_id": 10036,
        "general_hp": [0,0,0,0,0],
        "general_atk": [0,0,0,0,0],
        "general_def": [10,15,18,22,25],
        "atk_crit": [0,0,0,0,0],
        "crit_extra": [0,0,0,0,0],
        "dodge_rate": [0,0,0,0,0],
        "hit_rate": [0,0,0,0,0],
        "ignore_phyDef": [0,0,0,0,0],
        "rage_reduce": [0,0,0,0,0],
        "universal_resistance": [0,0,0,0,0],
        "ignore_resistance": [0,0,0,0,0],
        "float_resistance": [0,0,0,0,0],
        "cd_speed": [0,0,0,0,20],
        "support_consume": [0,0,0,0,0],
        "general_atk_all": [0,0,0,0,0],
        "general_def_all": [0,0,0,0,0],
        "all_crit": [0,0,0,0,0],
        "ignore_def_all": [0,0,0,0,0],
        "skill_atk": [0,0,6,8,10],
        "skill_def": [0,0,0,0,0],
        "skill_crit": [0,0,0,0,0],
        "crit_resistance": [0,0,0,0,0],
        "final_extra": [0,0,0,0,0],
        "final_reduce": [0,0,0,0,0],
        "ignore_magicDef": [0,0,0,0,0]
    },
    "10037": {
        "general_id": 10037,
        "general_hp": [0,0,0,0,0],
        "general_atk": [0,0,0,0,0],
        "general_def": [10,15,18,22,25],
        "atk_crit": [0,0,0,0,0],
        "crit_extra": [0,0,0,0,0],
        "dodge_rate": [0,0,0,0,0],
        "hit_rate": [0,0,0,0,0],
        "ignore_phyDef": [0,0,0,0,0],
        "rage_reduce": [0,0,0,0,0],
        "universal_resistance": [0,0,0,0,0],
        "ignore_resistance": [0,0,0,0,0],
        "float_resistance": [0,0,0,0,0],
        "cd_speed": [0,0,0,0,20],
        "support_consume": [0,0,0,0,0],
        "general_atk_all": [0,0,0,0,0],
        "general_def_all": [0,0,0,0,0],
        "all_crit": [0,0,0,0,0],
        "ignore_def_all": [0,0,0,0,0],
        "skill_atk": [0,0,0,0,0],
        "skill_def": [0,0,6,8,10],
        "skill_crit": [0,0,0,0,0],
        "crit_resistance": [0,0,0,0,0],
        "final_extra": [0,0,0,0,0],
        "final_reduce": [0,0,0,0,0],
        "ignore_magicDef": [0,0,0,0,0]
    },
    "10038": {
        "general_id": 10038,
        "general_hp": [10,15,18,22,25],
        "general_atk": [0,0,0,0,0],
        "general_def": [0,0,0,0,0],
        "atk_crit": [0,0,0,0,0],
        "crit_extra": [0,0,0,0,0],
        "dodge_rate": [0,0,0,0,0],
        "hit_rate": [0,0,0,0,0],
        "ignore_phyDef": [0,0,0,0,0],
        "rage_reduce": [0,0,0,0,0],
        "universal_resistance": [0,0,0,0,0],
        "ignore_resistance": [0,0,0,0,0],
        "float_resistance": [0,0,0,0,0],
        "cd_speed": [0,0,0,0,0],
        "support_consume": [0,0,0,0,0],
        "general_atk_all": [0,0,0,0,0],
        "general_def_all": [0,0,0,0,0],
        "all_crit": [0,0,0,0,0],
        "ignore_def_all": [0,0,0,0,0],
        "skill_atk": [0,0,6,8,10],
        "skill_def": [0,0,0,0,0],
        "skill_crit": [0,0,0,0,0],
        "crit_resistance": [0,0,0,0,5],
        "final_extra": [0,0,0,0,0],
        "final_reduce": [0,0,0,0,0],
        "ignore_magicDef": [0,0,0,0,0]
    },
    "10039": {
        "general_id": 10039,
        "general_hp": [10,15,18,22,25],
        "general_atk": [0,0,0,0,0],
        "general_def": [0,0,0,0,0],
        "atk_crit": [0,0,0,0,0],
        "crit_extra": [0,0,0,0,0],
        "dodge_rate": [0,0,0,0,0],
        "hit_rate": [0,0,0,0,0],
        "ignore_phyDef": [0,0,0,0,0],
        "rage_reduce": [0,0,0,0,0],
        "universal_resistance": [0,0,0,0,0],
        "ignore_resistance": [0,0,0,0,0],
        "float_resistance": [0,0,0,0,0],
        "cd_speed": [0,0,0,0,0],
        "support_consume": [0,0,0,0,0],
        "general_atk_all": [0,0,0,0,0],
        "general_def_all": [0,0,0,0,0],
        "all_crit": [0,0,0,0,0],
        "ignore_def_all": [0,0,0,0,0],
        "skill_atk": [0,0,0,0,0],
        "skill_def": [0,0,6,8,10],
        "skill_crit": [0,0,0,0,0],
        "crit_resistance": [0,0,0,0,5],
        "final_extra": [0,0,0,0,0],
        "final_reduce": [0,0,0,0,0],
        "ignore_magicDef": [0,0,0,0,0]
    },
    "10040": {
        "general_id": 10040,
        "general_hp": [10,15,18,22,25],
        "general_atk": [0,0,0,0,0],
        "general_def": [0,0,0,0,0],
        "atk_crit": [0,0,0,0,0],
        "crit_extra": [0,0,0,0,0],
        "dodge_rate": [0,0,0,0,0],
        "hit_rate": [0,0,0,0,0],
        "ignore_phyDef": [0,0,0,0,0],
        "rage_reduce": [0,0,0,0,0],
        "universal_resistance": [0,0,0,0,0],
        "ignore_resistance": [0,0,0,0,0],
        "float_resistance": [0,0,0,0,0],
        "cd_speed": [0,0,0,0,20],
        "support_consume": [0,0,0,0,0],
        "general_atk_all": [0,0,0,0,0],
        "general_def_all": [0,0,0,0,0],
        "all_crit": [0,0,0,0,0],
        "ignore_def_all": [0,0,0,0,0],
        "skill_atk": [0,0,0,0,0],
        "skill_def": [0,0,6,8,10],
        "skill_crit": [0,0,0,0,0],
        "crit_resistance": [0,0,0,0,0],
        "final_extra": [0,0,0,0,0],
        "final_reduce": [0,0,0,0,0],
        "ignore_magicDef": [0,0,0,0,0]
    },
    "10041": {
        "general_id": 10041,
        "general_hp": [0,0,0,0,0],
        "general_atk": [10,15,18,22,25],
        "general_def": [0,0,0,0,0],
        "atk_crit": [0,0,3,4,5],
        "crit_extra": [0,0,0,0,0],
        "dodge_rate": [0,0,0,0,0],
        "hit_rate": [0,0,0,0,0],
        "ignore_phyDef": [0,0,0,0,0],
        "rage_reduce": [0,0,0,0,0],
        "universal_resistance": [0,0,0,0,0],
        "ignore_resistance": [0,0,0,0,0],
        "float_resistance": [0,0,0,0,0],
        "cd_speed": [0,0,0,0,20],
        "support_consume": [0,0,0,0,0],
        "general_atk_all": [0,0,0,0,0],
        "general_def_all": [0,0,0,0,0],
        "all_crit": [0,0,0,0,0],
        "ignore_def_all": [0,0,0,0,0],
        "skill_atk": [0,0,0,0,0],
        "skill_def": [0,0,0,0,0],
        "skill_crit": [0,0,0,0,0],
        "crit_resistance": [0,0,0,0,0],
        "final_extra": [0,0,0,0,0],
        "final_reduce": [0,0,0,0,0],
        "ignore_magicDef": [0,0,0,0,0]
    },
    "10042": {
        "general_id": 10042,
        "general_hp": [10,15,18,22,25],
        "general_atk": [0,0,0,0,0],
        "general_def": [0,0,0,0,0],
        "atk_crit": [0,0,0,0,0],
        "crit_extra": [0,0,0,0,0],
        "dodge_rate": [0,0,0,0,0],
        "hit_rate": [0,0,0,0,0],
        "ignore_phyDef": [0,0,0,0,0],
        "rage_reduce": [0,0,0,0,0],
        "universal_resistance": [0,0,0,0,0],
        "ignore_resistance": [0,0,0,0,0],
        "float_resistance": [0,0,0,0,0],
        "cd_speed": [0,0,0,0,20],
        "support_consume": [0,0,0,0,0],
        "general_atk_all": [0,0,0,0,0],
        "general_def_all": [0,0,0,0,0],
        "all_crit": [0,0,0,0,0],
        "ignore_def_all": [0,0,0,0,0],
        "skill_atk": [0,0,0,0,0],
        "skill_def": [0,0,6,8,10],
        "skill_crit": [0,0,0,0,0],
        "crit_resistance": [0,0,0,0,0],
        "final_extra": [0,0,0,0,0],
        "final_reduce": [0,0,0,0,0],
        "ignore_magicDef": [0,0,0,0,0]
    },
    "10043": {
        "general_id": 10043,
        "general_hp": [0,0,0,0,0],
        "general_atk": [0,0,0,0,0],
        "general_def": [10,15,18,22,25],
        "atk_crit": [0,0,0,0,0],
        "crit_extra": [0,0,0,0,0],
        "dodge_rate": [0,0,0,0,0],
        "hit_rate": [0,0,0,0,0],
        "ignore_phyDef": [0,0,0,0,0],
        "rage_reduce": [0,0,0,0,0],
        "universal_resistance": [0,0,0,0,0],
        "ignore_resistance": [0,0,0,0,0],
        "float_resistance": [0,0,0,0,0],
        "cd_speed": [0,0,0,0,20],
        "support_consume": [0,0,0,0,0],
        "general_atk_all": [0,0,0,0,0],
        "general_def_all": [0,0,0,0,0],
        "all_crit": [0,0,0,0,0],
        "ignore_def_all": [0,0,0,0,0],
        "skill_atk": [0,0,6,8,10],
        "skill_def": [0,0,0,0,0],
        "skill_crit": [0,0,0,0,0],
        "crit_resistance": [0,0,0,0,0],
        "final_extra": [0,0,0,0,0],
        "final_reduce": [0,0,0,0,0],
        "ignore_magicDef": [0,0,0,0,0]
    },
    "10044": {
        "general_id": 10044,
        "general_hp": [10,15,18,22,25],
        "general_atk": [0,0,0,0,0],
        "general_def": [0,0,0,0,0],
        "atk_crit": [0,0,0,0,0],
        "crit_extra": [0,0,0,0,0],
        "dodge_rate": [0,0,0,0,0],
        "hit_rate": [0,0,0,0,0],
        "ignore_phyDef": [0,0,0,0,0],
        "rage_reduce": [0,0,0,0,0],
        "universal_resistance": [0,0,0,0,0],
        "ignore_resistance": [0,0,0,0,0],
        "float_resistance": [0,0,0,0,0],
        "cd_speed": [0,0,0,0,20],
        "support_consume": [0,0,0,0,0],
        "general_atk_all": [0,0,0,0,0],
        "general_def_all": [0,0,0,0,0],
        "all_crit": [0,0,0,0,0],
        "ignore_def_all": [0,0,0,0,0],
        "skill_atk": [0,0,0,0,0],
        "skill_def": [0,0,6,8,10],
        "skill_crit": [0,0,0,0,0],
        "crit_resistance": [0,0,0,0,0],
        "final_extra": [0,0,0,0,0],
        "final_reduce": [0,0,0,0,0],
        "ignore_magicDef": [0,0,0,0,0]
    },
    "10045": {
        "general_id": 10045,
        "general_hp": [0,0,0,0,0],
        "general_atk": [10,15,18,22,25],
        "general_def": [0,0,0,0,0],
        "atk_crit": [0,0,0,0,0],
        "crit_extra": [0,0,0,0,0],
        "dodge_rate": [0,0,0,0,0],
        "hit_rate": [0,0,0,0,0],
        "ignore_phyDef": [0,0,0,0,0],
        "rage_reduce": [0,0,0,0,0],
        "universal_resistance": [0,0,0,0,0],
        "ignore_resistance": [0,0,0,0,0],
        "float_resistance": [0,0,0,0,0],
        "cd_speed": [0,0,0,0,0],
        "support_consume": [0,0,0,0,0],
        "general_atk_all": [0,0,0,0,0],
        "general_def_all": [0,0,0,0,0],
        "all_crit": [0,0,0,0,0],
        "ignore_def_all": [0,0,0,0,0],
        "skill_atk": [0,0,0,0,0],
        "skill_def": [0,0,0,0,0],
        "skill_crit": [0,0,0,0,0],
        "crit_resistance": [0,0,0,0,0],
        "final_extra": [0,0,0,0,0],
        "final_reduce": [0,0,0,0,0],
        "ignore_magicDef": [0,0,0,0,0]
    },
    "10046": {
        "general_id": 10046,
        "general_hp": [0,0,0,0,0],
        "general_atk": [10,15,18,22,25],
        "general_def": [0,0,0,0,0],
        "atk_crit": [0,0,0,0,0],
        "crit_extra": [0,0,0,0,0],
        "dodge_rate": [0,0,0,0,0],
        "hit_rate": [0,0,0,0,0],
        "ignore_phyDef": [0,0,0,0,0],
        "rage_reduce": [0,0,0,0,0],
        "universal_resistance": [0,0,0,0,0],
        "ignore_resistance": [0,0,0,0,0],
        "float_resistance": [0,0,0,0,0],
        "cd_speed": [0,0,0,0,0],
        "support_consume": [0,0,0,0,0],
        "general_atk_all": [0,0,0,0,0],
        "general_def_all": [0,0,0,0,0],
        "all_crit": [0,0,0,0,0],
        "ignore_def_all": [0,0,0,0,0],
        "skill_atk": [0,0,0,0,0],
        "skill_def": [0,0,0,0,0],
        "skill_crit": [0,0,0,0,0],
        "crit_resistance": [0,0,0,0,0],
        "final_extra": [0,0,0,0,0],
        "final_reduce": [0,0,0,0,0],
        "ignore_magicDef": [0,0,0,0,0]
    },
    "10047": {
        "general_id": 10047,
        "general_hp": [0,0,0,0,0],
        "general_atk": [10,15,18,22,25],
        "general_def": [0,0,0,0,0],
        "atk_crit": [0,0,0,0,0],
        "crit_extra": [0,0,0,0,0],
        "dodge_rate": [0,0,0,0,0],
        "hit_rate": [0,0,0,0,0],
        "ignore_phyDef": [0,0,0,0,0],
        "rage_reduce": [0,0,0,0,0],
        "universal_resistance": [0,0,0,0,0],
        "ignore_resistance": [0,0,0,0,0],
        "float_resistance": [0,0,0,0,0],
        "cd_speed": [0,0,0,0,0],
        "support_consume": [0,0,0,0,0],
        "general_atk_all": [0,0,0,0,0],
        "general_def_all": [0,0,0,0,0],
        "all_crit": [0,0,0,0,0],
        "ignore_def_all": [0,0,0,0,0],
        "skill_atk": [0,0,0,0,0],
        "skill_def": [0,0,0,0,0],
        "skill_crit": [0,0,0,0,0],
        "crit_resistance": [0,0,0,0,0],
        "final_extra": [0,0,0,0,0],
        "final_reduce": [0,0,0,0,0],
        "ignore_magicDef": [0,0,0,0,0]
    },
    "10048": {
        "general_id": 10048,
        "general_hp": [0,0,0,0,0],
        "general_atk": [10,15,18,22,25],
        "general_def": [0,0,0,0,0],
        "atk_crit": [0,0,0,0,0],
        "crit_extra": [0,0,0,0,0],
        "dodge_rate": [0,0,0,0,0],
        "hit_rate": [0,0,0,0,0],
        "ignore_phyDef": [0,0,0,0,0],
        "rage_reduce": [0,0,0,0,0],
        "universal_resistance": [0,0,0,0,0],
        "ignore_resistance": [0,0,0,0,0],
        "float_resistance": [0,0,0,0,0],
        "cd_speed": [0,0,0,0,0],
        "support_consume": [0,0,0,0,0],
        "general_atk_all": [0,0,0,0,0],
        "general_def_all": [0,0,0,0,0],
        "all_crit": [0,0,0,0,0],
        "ignore_def_all": [0,0,0,0,0],
        "skill_atk": [0,0,0,0,0],
        "skill_def": [0,0,0,0,0],
        "skill_crit": [0,0,0,0,0],
        "crit_resistance": [0,0,0,0,0],
        "final_extra": [0,0,0,0,0],
        "final_reduce": [0,0,0,0,0],
        "ignore_magicDef": [0,0,0,0,0]
    },
    "10049": {
        "general_id": 10049,
        "general_hp": [0,0,0,0,0],
        "general_atk": [0,0,0,0,0],
        "general_def": [10,15,18,22,25],
        "atk_crit": [0,0,0,0,0],
        "crit_extra": [0,0,0,0,0],
        "dodge_rate": [0,0,0,0,0],
        "hit_rate": [0,0,0,0,0],
        "ignore_phyDef": [0,0,0,0,0],
        "rage_reduce": [0,0,0,0,0],
        "universal_resistance": [0,0,0,0,0],
        "ignore_resistance": [0,0,0,0,0],
        "float_resistance": [0,0,0,0,0],
        "cd_speed": [0,0,0,0,0],
        "support_consume": [0,0,0,0,0],
        "general_atk_all": [0,0,0,0,0],
        "general_def_all": [0,0,0,0,0],
        "all_crit": [0,0,0,0,0],
        "ignore_def_all": [0,0,0,0,0],
        "skill_atk": [0,0,0,0,0],
        "skill_def": [0,0,0,0,0],
        "skill_crit": [0,0,0,0,0],
        "crit_resistance": [0,0,0,0,0],
        "final_extra": [0,0,0,0,0],
        "final_reduce": [0,0,0,0,0],
        "ignore_magicDef": [0,0,0,0,0]
    },
    "10050": {
        "general_id": 10050,
        "general_hp": [0,0,0,0,0],
        "general_atk": [0,0,0,0,0],
        "general_def": [10,15,18,22,25],
        "atk_crit": [0,0,0,0,0],
        "crit_extra": [0,0,0,0,0],
        "dodge_rate": [0,0,0,0,0],
        "hit_rate": [0,0,0,0,0],
        "ignore_phyDef": [0,0,0,0,0],
        "rage_reduce": [0,0,0,0,0],
        "universal_resistance": [0,0,0,0,0],
        "ignore_resistance": [0,0,0,0,0],
        "float_resistance": [0,0,0,0,0],
        "cd_speed": [0,0,0,0,0],
        "support_consume": [0,0,0,0,0],
        "general_atk_all": [0,0,0,0,0],
        "general_def_all": [0,0,0,0,0],
        "all_crit": [0,0,0,0,0],
        "ignore_def_all": [0,0,0,0,0],
        "skill_atk": [0,0,0,0,0],
        "skill_def": [0,0,0,0,0],
        "skill_crit": [0,0,0,0,0],
        "crit_resistance": [0,0,0,0,0],
        "final_extra": [0,0,0,0,0],
        "final_reduce": [0,0,0,0,0],
        "ignore_magicDef": [0,0,0,0,0]
    },
    "10051": {
        "general_id": 10051,
        "general_hp": [10,15,18,22,25],
        "general_atk": [0,0,0,0,0],
        "general_def": [0,0,0,0,0],
        "atk_crit": [0,0,0,0,0],
        "crit_extra": [0,0,0,0,0],
        "dodge_rate": [0,0,0,0,0],
        "hit_rate": [0,0,0,0,0],
        "ignore_phyDef": [0,0,0,0,0],
        "rage_reduce": [0,0,0,0,0],
        "universal_resistance": [0,0,0,0,0],
        "ignore_resistance": [0,0,0,0,0],
        "float_resistance": [0,0,0,0,0],
        "cd_speed": [0,0,0,0,0],
        "support_consume": [0,0,0,0,0],
        "general_atk_all": [0,0,0,0,0],
        "general_def_all": [0,0,0,0,0],
        "all_crit": [0,0,0,0,0],
        "ignore_def_all": [0,0,0,0,0],
        "skill_atk": [0,0,0,0,0],
        "skill_def": [0,0,0,0,0],
        "skill_crit": [0,0,0,0,0],
        "crit_resistance": [0,0,0,0,0],
        "final_extra": [0,0,0,0,0],
        "final_reduce": [0,0,0,0,0],
        "ignore_magicDef": [0,0,0,0,0]
    },
    "10052": {
        "general_id": 10052,
        "general_hp": [0,0,0,0,0],
        "general_atk": [10,15,18,22,25],
        "general_def": [0,0,0,0,0],
        "atk_crit": [0,0,0,0,0],
        "crit_extra": [0,0,0,0,0],
        "dodge_rate": [0,0,0,0,0],
        "hit_rate": [0,0,0,0,0],
        "ignore_phyDef": [0,0,0,0,0],
        "rage_reduce": [0,0,0,0,0],
        "universal_resistance": [0,0,0,0,0],
        "ignore_resistance": [0,0,0,0,0],
        "float_resistance": [0,0,0,0,0],
        "cd_speed": [0,0,0,0,0],
        "support_consume": [0,0,0,0,0],
        "general_atk_all": [0,0,0,0,0],
        "general_def_all": [0,0,0,0,0],
        "all_crit": [0,0,0,0,0],
        "ignore_def_all": [0,0,0,0,0],
        "skill_atk": [0,0,0,0,0],
        "skill_def": [0,0,0,0,0],
        "skill_crit": [0,0,0,0,0],
        "crit_resistance": [0,0,0,0,0],
        "final_extra": [0,0,0,0,0],
        "final_reduce": [0,0,0,0,0],
        "ignore_magicDef": [0,0,0,0,0]
    },
    "10053": {
        "general_id": 10053,
        "general_hp": [0,0,0,0,0],
        "general_atk": [10,15,18,22,25],
        "general_def": [0,0,0,0,0],
        "atk_crit": [0,0,0,0,0],
        "crit_extra": [0,0,0,0,0],
        "dodge_rate": [0,0,0,0,0],
        "hit_rate": [0,0,0,0,0],
        "ignore_phyDef": [0,0,0,0,0],
        "rage_reduce": [0,0,0,0,0],
        "universal_resistance": [0,0,0,0,0],
        "ignore_resistance": [0,0,0,0,0],
        "float_resistance": [0,0,0,0,0],
        "cd_speed": [0,0,0,0,0],
        "support_consume": [0,0,0,0,0],
        "general_atk_all": [0,0,0,0,0],
        "general_def_all": [0,0,0,0,0],
        "all_crit": [0,0,0,0,0],
        "ignore_def_all": [0,0,0,0,0],
        "skill_atk": [0,0,0,0,0],
        "skill_def": [0,0,0,0,0],
        "skill_crit": [0,0,0,0,0],
        "crit_resistance": [0,0,0,0,0],
        "final_extra": [0,0,0,0,0],
        "final_reduce": [0,0,0,0,0],
        "ignore_magicDef": [0,0,0,0,0]
    },
    "10054": {
        "general_id": 10054,
        "general_hp": [10,15,18,22,25],
        "general_atk": [0,0,0,0,0],
        "general_def": [0,0,0,0,0],
        "atk_crit": [0,0,0,0,0],
        "crit_extra": [0,0,0,0,0],
        "dodge_rate": [0,0,0,0,0],
        "hit_rate": [0,0,0,0,0],
        "ignore_phyDef": [0,0,0,0,0],
        "rage_reduce": [0,0,0,0,0],
        "universal_resistance": [0,0,0,0,0],
        "ignore_resistance": [0,0,0,0,0],
        "float_resistance": [0,0,0,0,0],
        "cd_speed": [0,0,0,0,0],
        "support_consume": [0,0,0,0,0],
        "general_atk_all": [0,0,0,0,0],
        "general_def_all": [0,0,0,0,0],
        "all_crit": [0,0,0,0,0],
        "ignore_def_all": [0,0,0,0,0],
        "skill_atk": [0,0,0,0,0],
        "skill_def": [0,0,0,0,0],
        "skill_crit": [0,0,0,0,0],
        "crit_resistance": [0,0,0,0,0],
        "final_extra": [0,0,0,0,0],
        "final_reduce": [0,0,0,0,0],
        "ignore_magicDef": [0,0,0,0,0]
    },
    "10055": {
        "general_id": 10055,
        "general_hp": [10,15,18,22,25],
        "general_atk": [0,0,0,0,0],
        "general_def": [0,0,0,0,0],
        "atk_crit": [0,0,0,0,0],
        "crit_extra": [0,0,0,0,0],
        "dodge_rate": [0,0,0,0,0],
        "hit_rate": [0,0,0,0,0],
        "ignore_phyDef": [0,0,0,0,0],
        "rage_reduce": [0,0,0,0,0],
        "universal_resistance": [0,0,0,0,0],
        "ignore_resistance": [0,0,0,0,0],
        "float_resistance": [0,0,0,0,0],
        "cd_speed": [0,0,0,0,20],
        "support_consume": [0,0,0,0,0],
        "general_atk_all": [0,0,0,0,0],
        "general_def_all": [0,0,0,0,0],
        "all_crit": [0,0,0,0,0],
        "ignore_def_all": [0,0,0,0,0],
        "skill_atk": [0,0,0,0,0],
        "skill_def": [0,0,6,8,10],
        "skill_crit": [0,0,0,0,0],
        "crit_resistance": [0,0,0,0,0],
        "final_extra": [0,0,0,0,0],
        "final_reduce": [0,0,0,0,0],
        "ignore_magicDef": [0,0,0,0,0]
    },
    "10056": {
        "general_id": 10056,
        "general_hp": [10,15,18,22,25],
        "general_atk": [0,0,0,0,0],
        "general_def": [0,0,0,0,0],
        "atk_crit": [0,0,0,0,0],
        "crit_extra": [0,0,0,0,0],
        "dodge_rate": [0,0,0,0,0],
        "hit_rate": [0,0,0,0,0],
        "ignore_phyDef": [0,0,0,0,0],
        "rage_reduce": [0,0,0,0,0],
        "universal_resistance": [0,0,0,0,0],
        "ignore_resistance": [0,0,0,0,0],
        "float_resistance": [0,0,0,0,0],
        "cd_speed": [0,0,0,0,20],
        "support_consume": [0,0,0,0,0],
        "general_atk_all": [0,0,0,0,0],
        "general_def_all": [0,0,0,0,0],
        "all_crit": [0,0,0,0,0],
        "ignore_def_all": [0,0,0,0,0],
        "skill_atk": [0,0,6,8,10],
        "skill_def": [0,0,0,0,0],
        "skill_crit": [0,0,0,0,0],
        "crit_resistance": [0,0,0,0,0],
        "final_extra": [0,0,0,0,0],
        "final_reduce": [0,0,0,0,0],
        "ignore_magicDef": [0,0,0,0,0]
    },
    "10060": {
        "general_id": 10060,
        "general_hp": [10,15,18,22,25],
        "general_atk": [0,0,0,0,0],
        "general_def": [0,0,0,0,0],
        "atk_crit": [0,0,0,0,0],
        "crit_extra": [0,0,0,0,0],
        "dodge_rate": [0,0,0,0,0],
        "hit_rate": [0,0,0,0,0],
        "ignore_phyDef": [0,0,0,0,0],
        "rage_reduce": [0,0,0,0,0],
        "universal_resistance": [0,0,0,0,0],
        "ignore_resistance": [0,0,0,0,0],
        "float_resistance": [0,0,0,0,0],
        "cd_speed": [0,0,0,0,20],
        "support_consume": [0,0,0,0,0],
        "general_atk_all": [0,0,0,0,0],
        "general_def_all": [0,0,0,0,0],
        "all_crit": [0,0,0,0,0],
        "ignore_def_all": [0,0,0,0,0],
        "skill_atk": [0,0,6,8,10],
        "skill_def": [0,0,0,0,0],
        "skill_crit": [0,0,0,0,0],
        "crit_resistance": [0,0,0,0,0],
        "final_extra": [0,0,0,0,0],
        "final_reduce": [0,0,0,0,0],
        "ignore_magicDef": [0,0,0,0,0]
    },
    "10061": {
        "general_id": 10061,
        "general_hp": [10,15,18,22,25],
        "general_atk": [0,0,0,0,0],
        "general_def": [0,0,0,0,0],
        "atk_crit": [0,0,0,0,0],
        "crit_extra": [0,0,0,0,0],
        "dodge_rate": [0,0,0,0,0],
        "hit_rate": [0,0,0,0,0],
        "ignore_phyDef": [0,0,0,0,0],
        "rage_reduce": [0,0,0,0,0],
        "universal_resistance": [0,0,0,0,0],
        "ignore_resistance": [0,0,0,0,0],
        "float_resistance": [0,0,0,0,0],
        "cd_speed": [0,0,0,0,20],
        "support_consume": [0,0,0,0,0],
        "general_atk_all": [0,0,0,0,0],
        "general_def_all": [0,0,0,0,0],
        "all_crit": [0,0,0,0,0],
        "ignore_def_all": [0,0,0,0,0],
        "skill_atk": [0,0,6,8,10],
        "skill_def": [0,0,0,0,0],
        "skill_crit": [0,0,0,0,0],
        "crit_resistance": [0,0,0,0,0],
        "final_extra": [0,0,0,0,0],
        "final_reduce": [0,0,0,0,0],
        "ignore_magicDef": [0,0,0,0,0]
    },
    "10062": {
        "general_id": 10062,
        "general_hp": [10,15,18,22,25],
        "general_atk": [0,0,0,0,0],
        "general_def": [0,0,0,0,0],
        "atk_crit": [0,0,0,0,0],
        "crit_extra": [0,0,0,0,0],
        "dodge_rate": [0,0,0,0,0],
        "hit_rate": [0,0,0,0,0],
        "ignore_phyDef": [0,0,0,0,0],
        "rage_reduce": [0,0,0,0,0],
        "universal_resistance": [0,0,0,0,0],
        "ignore_resistance": [0,0,0,0,0],
        "float_resistance": [0,0,0,0,0],
        "cd_speed": [0,0,0,0,20],
        "support_consume": [0,0,0,0,0],
        "general_atk_all": [0,0,0,0,0],
        "general_def_all": [0,0,0,0,0],
        "all_crit": [0,0,0,0,0],
        "ignore_def_all": [0,0,0,0,0],
        "skill_atk": [0,0,6,8,10],
        "skill_def": [0,0,0,0,0],
        "skill_crit": [0,0,0,0,0],
        "crit_resistance": [0,0,0,0,0],
        "final_extra": [0,0,0,0,0],
        "final_reduce": [0,0,0,0,0],
        "ignore_magicDef": [0,0,0,0,0]
    },
    "10063": {
        "general_id": 10063,
        "general_hp": [0,0,0,0,0],
        "general_atk": [0,0,0,0,0],
        "general_def": [10,15,18,22,25],
        "atk_crit": [0,0,0,0,0],
        "crit_extra": [0,0,0,0,0],
        "dodge_rate": [0,0,0,0,5],
        "hit_rate": [0,0,0,0,0],
        "ignore_phyDef": [0,0,0,0,0],
        "rage_reduce": [0,0,0,0,0],
        "universal_resistance": [0,0,0,0,0],
        "ignore_resistance": [0,0,0,0,0],
        "float_resistance": [0,0,0,0,0],
        "cd_speed": [0,0,0,0,0],
        "support_consume": [0,0,0,0,0],
        "general_atk_all": [0,0,0,0,0],
        "general_def_all": [0,0,0,0,0],
        "all_crit": [0,0,0,0,0],
        "ignore_def_all": [0,0,0,0,0],
        "skill_atk": [0,0,6,8,10],
        "skill_def": [0,0,0,0,0],
        "skill_crit": [0,0,0,0,0],
        "crit_resistance": [0,0,0,0,0],
        "final_extra": [0,0,0,0,0],
        "final_reduce": [0,0,0,0,0],
        "ignore_magicDef": [0,0,0,0,0]
    },
    "10064": {
        "general_id": 10064,
        "general_hp": [10,15,18,22,25],
        "general_atk": [0,0,0,0,0],
        "general_def": [0,0,0,0,0],
        "atk_crit": [0,0,0,0,0],
        "crit_extra": [0,0,0,0,0],
        "dodge_rate": [0,0,0,0,0],
        "hit_rate": [0,0,0,0,0],
        "ignore_phyDef": [0,0,0,0,0],
        "rage_reduce": [0,0,0,0,0],
        "universal_resistance": [0,0,0,0,0],
        "ignore_resistance": [0,0,0,0,0],
        "float_resistance": [0,0,0,0,0],
        "cd_speed": [0,0,0,0,20],
        "support_consume": [0,0,0,0,0],
        "general_atk_all": [0,0,0,0,0],
        "general_def_all": [0,0,0,0,0],
        "all_crit": [0,0,0,0,0],
        "ignore_def_all": [0,0,0,0,0],
        "skill_atk": [0,0,0,0,0],
        "skill_def": [0,0,6,8,10],
        "skill_crit": [0,0,0,0,0],
        "crit_resistance": [0,0,0,0,0],
        "final_extra": [0,0,0,0,0],
        "final_reduce": [0,0,0,0,0],
        "ignore_magicDef": [0,0,0,0,0]
    },
    "10065": {
        "general_id": 10065,
        "general_hp": [10,15,18,22,25],
        "general_atk": [0,0,0,0,0],
        "general_def": [0,0,0,0,0],
        "atk_crit": [0,0,0,0,0],
        "crit_extra": [0,0,0,0,0],
        "dodge_rate": [0,0,0,0,0],
        "hit_rate": [0,0,0,0,0],
        "ignore_phyDef": [0,0,0,0,0],
        "rage_reduce": [0,0,0,0,0],
        "universal_resistance": [0,0,0,0,0],
        "ignore_resistance": [0,0,0,0,0],
        "float_resistance": [0,0,0,0,0],
        "cd_speed": [0,0,0,0,20],
        "support_consume": [0,0,0,0,0],
        "general_atk_all": [0,0,0,0,0],
        "general_def_all": [0,0,0,0,0],
        "all_crit": [0,0,0,0,0],
        "ignore_def_all": [0,0,0,0,0],
        "skill_atk": [0,0,0,0,0],
        "skill_def": [0,0,6,8,10],
        "skill_crit": [0,0,0,0,0],
        "crit_resistance": [0,0,0,0,0],
        "final_extra": [0,0,0,0,0],
        "final_reduce": [0,0,0,0,0],
        "ignore_magicDef": [0,0,0,0,0]
    },
    "10066": {
        "general_id": 10066,
        "general_hp": [0,0,0,0,0],
        "general_atk": [10,15,18,22,25],
        "general_def": [0,0,0,0,0],
        "atk_crit": [0,0,3,4,5],
        "crit_extra": [0,0,0,0,0],
        "dodge_rate": [0,0,0,0,0],
        "hit_rate": [0,0,0,0,0],
        "ignore_phyDef": [0,0,0,0,0],
        "rage_reduce": [0,0,0,0,0],
        "universal_resistance": [0,0,0,0,0],
        "ignore_resistance": [0,0,0,0,0],
        "float_resistance": [0,0,0,0,0],
        "cd_speed": [0,0,0,0,20],
        "support_consume": [0,0,0,0,0],
        "general_atk_all": [0,0,0,0,0],
        "general_def_all": [0,0,0,0,0],
        "all_crit": [0,0,0,0,0],
        "ignore_def_all": [0,0,0,0,0],
        "skill_atk": [0,0,0,0,0],
        "skill_def": [0,0,0,0,0],
        "skill_crit": [0,0,0,0,0],
        "crit_resistance": [0,0,0,0,0],
        "final_extra": [0,0,0,0,0],
        "final_reduce": [0,0,0,0,0],
        "ignore_magicDef": [0,0,0,0,0]
    },
    "10067": {
        "general_id": 10067,
        "general_hp": [0,0,0,0,0],
        "general_atk": [10,15,18,22,25],
        "general_def": [0,0,0,0,0],
        "atk_crit": [0,0,3,4,5],
        "crit_extra": [0,0,0,0,0],
        "dodge_rate": [0,0,0,0,0],
        "hit_rate": [0,0,0,0,0],
        "ignore_phyDef": [0,0,0,0,0],
        "rage_reduce": [0,0,0,0,0],
        "universal_resistance": [0,0,0,0,0],
        "ignore_resistance": [0,0,0,0,0],
        "float_resistance": [0,0,0,0,0],
        "cd_speed": [0,0,0,0,20],
        "support_consume": [0,0,0,0,0],
        "general_atk_all": [0,0,0,0,0],
        "general_def_all": [0,0,0,0,0],
        "all_crit": [0,0,0,0,0],
        "ignore_def_all": [0,0,0,0,0],
        "skill_atk": [0,0,0,0,0],
        "skill_def": [0,0,0,0,0],
        "skill_crit": [0,0,0,0,0],
        "crit_resistance": [0,0,0,0,0],
        "final_extra": [0,0,0,0,0],
        "final_reduce": [0,0,0,0,0],
        "ignore_magicDef": [0,0,0,0,0]
    },
    "10068": {
        "general_id": 10068,
        "general_hp": [0,0,0,0,0],
        "general_atk": [10,15,18,22,25],
        "general_def": [0,0,0,0,0],
        "atk_crit": [0,0,3,4,5],
        "crit_extra": [0,0,0,0,0],
        "dodge_rate": [0,0,0,0,0],
        "hit_rate": [0,0,0,0,0],
        "ignore_phyDef": [0,0,0,0,0],
        "rage_reduce": [0,0,0,0,0],
        "universal_resistance": [0,0,0,0,0],
        "ignore_resistance": [0,0,0,0,0],
        "float_resistance": [0,0,0,0,0],
        "cd_speed": [0,0,0,0,20],
        "support_consume": [0,0,0,0,0],
        "general_atk_all": [0,0,0,0,0],
        "general_def_all": [0,0,0,0,0],
        "all_crit": [0,0,0,0,0],
        "ignore_def_all": [0,0,0,0,0],
        "skill_atk": [0,0,0,0,0],
        "skill_def": [0,0,0,0,0],
        "skill_crit": [0,0,0,0,0],
        "crit_resistance": [0,0,0,0,0],
        "final_extra": [0,0,0,0,0],
        "final_reduce": [0,0,0,0,0],
        "ignore_magicDef": [0,0,0,0,0]
    },
    "10069": {
        "general_id": 10069,
        "general_hp": [0,0,0,0,0],
        "general_atk": [10,15,18,22,25],
        "general_def": [0,0,0,0,0],
        "atk_crit": [0,0,3,4,5],
        "crit_extra": [0,0,0,0,0],
        "dodge_rate": [0,0,0,0,0],
        "hit_rate": [0,0,0,0,0],
        "ignore_phyDef": [0,0,0,0,0],
        "rage_reduce": [0,0,0,0,0],
        "universal_resistance": [0,0,0,0,0],
        "ignore_resistance": [0,0,0,0,0],
        "float_resistance": [0,0,0,0,0],
        "cd_speed": [0,0,0,0,20],
        "support_consume": [0,0,0,0,0],
        "general_atk_all": [0,0,0,0,0],
        "general_def_all": [0,0,0,0,0],
        "all_crit": [0,0,0,0,0],
        "ignore_def_all": [0,0,0,0,0],
        "skill_atk": [0,0,0,0,0],
        "skill_def": [0,0,0,0,0],
        "skill_crit": [0,0,0,0,0],
        "crit_resistance": [0,0,0,0,0],
        "final_extra": [0,0,0,0,0],
        "final_reduce": [0,0,0,0,0],
        "ignore_magicDef": [0,0,0,0,0]
    },
    "10070": {
        "general_id": 10070,
        "general_hp": [10,15,18,22,25],
        "general_atk": [0,0,0,0,0],
        "general_def": [0,0,0,0,0],
        "atk_crit": [0,0,0,0,0],
        "crit_extra": [0,0,0,0,0],
        "dodge_rate": [0,0,0,0,0],
        "hit_rate": [0,0,0,0,0],
        "ignore_phyDef": [0,0,0,0,0],
        "rage_reduce": [0,0,0,0,0],
        "universal_resistance": [0,0,0,0,0],
        "ignore_resistance": [0,0,0,0,0],
        "float_resistance": [0,0,0,0,0],
        "cd_speed": [0,0,0,0,20],
        "support_consume": [0,0,0,0,0],
        "general_atk_all": [0,0,0,0,0],
        "general_def_all": [0,0,0,0,0],
        "all_crit": [0,0,0,0,0],
        "ignore_def_all": [0,0,0,0,0],
        "skill_atk": [0,0,0,0,0],
        "skill_def": [0,0,6,8,10],
        "skill_crit": [0,0,0,0,0],
        "crit_resistance": [0,0,0,0,0],
        "final_extra": [0,0,0,0,0],
        "final_reduce": [0,0,0,0,0],
        "ignore_magicDef": [0,0,0,0,0]
    },
    "10071": {
        "general_id": 10071,
        "general_hp": [10,15,18,22,25],
        "general_atk": [0,0,0,0,0],
        "general_def": [0,0,0,0,0],
        "atk_crit": [0,0,0,0,0],
        "crit_extra": [0,0,0,0,0],
        "dodge_rate": [0,0,0,0,0],
        "hit_rate": [0,0,0,0,0],
        "ignore_phyDef": [0,0,0,0,0],
        "rage_reduce": [0,0,0,0,0],
        "universal_resistance": [0,0,0,0,0],
        "ignore_resistance": [0,0,0,0,0],
        "float_resistance": [0,0,0,0,0],
        "cd_speed": [0,0,0,0,20],
        "support_consume": [0,0,0,0,0],
        "general_atk_all": [0,0,0,0,0],
        "general_def_all": [0,0,0,0,0],
        "all_crit": [0,0,0,0,0],
        "ignore_def_all": [0,0,0,0,0],
        "skill_atk": [0,0,0,0,0],
        "skill_def": [0,0,6,8,10],
        "skill_crit": [0,0,0,0,0],
        "crit_resistance": [0,0,0,0,0],
        "final_extra": [0,0,0,0,0],
        "final_reduce": [0,0,0,0,0],
        "ignore_magicDef": [0,0,0,0,0]
    },
    "10072": {
        "general_id": 10072,
        "general_hp": [0,0,0,0,0],
        "general_atk": [10,15,18,22,25],
        "general_def": [0,0,0,0,0],
        "atk_crit": [0,0,0,0,0],
        "crit_extra": [0,0,0,0,0],
        "dodge_rate": [0,0,0,0,0],
        "hit_rate": [0,0,0,0,0],
        "ignore_phyDef": [0,0,0,0,0],
        "rage_reduce": [0,0,0,0,0],
        "universal_resistance": [0,0,0,0,0],
        "ignore_resistance": [0,0,0,0,0],
        "float_resistance": [0,0,0,0,0],
        "cd_speed": [0,0,0,0,20],
        "support_consume": [0,0,0,0,0],
        "general_atk_all": [0,0,0,0,0],
        "general_def_all": [0,0,0,0,0],
        "all_crit": [0,0,0,0,0],
        "ignore_def_all": [0,0,0,0,0],
        "skill_atk": [0,0,6,8,10],
        "skill_def": [0,0,0,0,0],
        "skill_crit": [0,0,0,0,0],
        "crit_resistance": [0,0,0,0,0],
        "final_extra": [0,0,0,0,0],
        "final_reduce": [0,0,0,0,0],
        "ignore_magicDef": [0,0,0,0,0]
    },
    "10073": {
        "general_id": 10073,
        "general_hp": [0,0,0,0,0],
        "general_atk": [0,0,0,0,0],
        "general_def": [10,15,18,22,25],
        "atk_crit": [0,0,0,0,0],
        "crit_extra": [0,0,0,0,0],
        "dodge_rate": [0,0,0,0,0],
        "hit_rate": [0,0,0,0,0],
        "ignore_phyDef": [0,0,0,0,0],
        "rage_reduce": [0,0,0,0,0],
        "universal_resistance": [0,0,0,0,0],
        "ignore_resistance": [0,0,0,0,0],
        "float_resistance": [0,0,0,0,0],
        "cd_speed": [0,0,0,0,20],
        "support_consume": [0,0,0,0,0],
        "general_atk_all": [0,0,0,0,0],
        "general_def_all": [0,0,0,0,0],
        "all_crit": [0,0,0,0,0],
        "ignore_def_all": [0,0,0,0,0],
        "skill_atk": [0,0,6,8,10],
        "skill_def": [0,0,0,0,0],
        "skill_crit": [0,0,0,0,0],
        "crit_resistance": [0,0,0,0,0],
        "final_extra": [0,0,0,0,0],
        "final_reduce": [0,0,0,0,0],
        "ignore_magicDef": [0,0,0,0,0]
    },
    "10074": {
        "general_id": 10074,
        "general_hp": [0,0,0,0,0],
        "general_atk": [0,0,0,0,0],
        "general_def": [10,15,18,22,25],
        "atk_crit": [0,0,0,0,0],
        "crit_extra": [0,0,0,0,0],
        "dodge_rate": [0,0,0,0,0],
        "hit_rate": [0,0,0,0,0],
        "ignore_phyDef": [0,0,0,0,0],
        "rage_reduce": [0,0,0,0,0],
        "universal_resistance": [0,0,0,0,0],
        "ignore_resistance": [0,0,0,0,0],
        "float_resistance": [0,0,0,0,0],
        "cd_speed": [0,0,0,0,20],
        "support_consume": [0,0,0,0,0],
        "general_atk_all": [0,0,0,0,0],
        "general_def_all": [0,0,0,0,0],
        "all_crit": [0,0,0,0,0],
        "ignore_def_all": [0,0,0,0,0],
        "skill_atk": [0,0,6,8,10],
        "skill_def": [0,0,0,0,0],
        "skill_crit": [0,0,0,0,0],
        "crit_resistance": [0,0,0,0,0],
        "final_extra": [0,0,0,0,0],
        "final_reduce": [0,0,0,0,0],
        "ignore_magicDef": [0,0,0,0,0]
    },
    "10075": {
        "general_id": 10075,
        "general_hp": [0,0,0,0,0],
        "general_atk": [10,15,18,22,25],
        "general_def": [0,0,0,0,0],
        "atk_crit": [0,0,3,4,5],
        "crit_extra": [0,0,0,0,0],
        "dodge_rate": [0,0,0,0,0],
        "hit_rate": [0,0,0,0,0],
        "ignore_phyDef": [0,0,0,0,0],
        "rage_reduce": [0,0,0,0,0],
        "universal_resistance": [0,0,0,0,0],
        "ignore_resistance": [0,0,0,0,0],
        "float_resistance": [0,0,0,0,0],
        "cd_speed": [0,0,0,0,20],
        "support_consume": [0,0,0,0,0],
        "general_atk_all": [0,0,0,0,0],
        "general_def_all": [0,0,0,0,0],
        "all_crit": [0,0,0,0,0],
        "ignore_def_all": [0,0,0,0,0],
        "skill_atk": [0,0,0,0,0],
        "skill_def": [0,0,0,0,0],
        "skill_crit": [0,0,0,0,0],
        "crit_resistance": [0,0,0,0,0],
        "final_extra": [0,0,0,0,0],
        "final_reduce": [0,0,0,0,0],
        "ignore_magicDef": [0,0,0,0,0]
    },
    "10076": {
        "general_id": 10076,
        "general_hp": [10,15,18,22,25],
        "general_atk": [0,0,0,0,0],
        "general_def": [0,0,0,0,0],
        "atk_crit": [0,0,0,0,0],
        "crit_extra": [0,0,0,0,0],
        "dodge_rate": [0,0,0,0,0],
        "hit_rate": [0,0,0,0,0],
        "ignore_phyDef": [0,0,0,0,0],
        "rage_reduce": [0,0,0,0,0],
        "universal_resistance": [0,0,0,0,0],
        "ignore_resistance": [0,0,0,0,0],
        "float_resistance": [0,0,0,0,0],
        "cd_speed": [0,0,0,0,20],
        "support_consume": [0,0,0,0,0],
        "general_atk_all": [0,0,0,0,0],
        "general_def_all": [0,0,0,0,0],
        "all_crit": [0,0,0,0,0],
        "ignore_def_all": [0,0,0,0,0],
        "skill_atk": [0,0,0,0,0],
        "skill_def": [0,0,6,8,10],
        "skill_crit": [0,0,0,0,0],
        "crit_resistance": [0,0,0,0,0],
        "final_extra": [0,0,0,0,0],
        "final_reduce": [0,0,0,0,0],
        "ignore_magicDef": [0,0,0,0,0]
    },
    "10077": {
        "general_id": 10077,
        "general_hp": [10,15,18,22,25],
        "general_atk": [0,0,0,0,0],
        "general_def": [0,0,0,0,0],
        "atk_crit": [0,0,0,0,0],
        "crit_extra": [0,0,0,0,0],
        "dodge_rate": [0,0,0,0,0],
        "hit_rate": [0,0,0,0,0],
        "ignore_phyDef": [0,0,0,0,0],
        "rage_reduce": [0,0,0,0,0],
        "universal_resistance": [0,0,0,0,0],
        "ignore_resistance": [0,0,0,0,0],
        "float_resistance": [0,0,0,0,0],
        "cd_speed": [0,0,0,0,20],
        "support_consume": [0,0,0,0,0],
        "general_atk_all": [0,0,0,0,0],
        "general_def_all": [0,0,0,0,0],
        "all_crit": [0,0,0,0,0],
        "ignore_def_all": [0,0,0,0,0],
        "skill_atk": [0,0,0,0,0],
        "skill_def": [0,0,6,8,10],
        "skill_crit": [0,0,0,0,0],
        "crit_resistance": [0,0,0,0,0],
        "final_extra": [0,0,0,0,0],
        "final_reduce": [0,0,0,0,0],
        "ignore_magicDef": [0,0,0,0,0]
    }}
