{
    "1": {
        "type": 1,
        "name": "猎人",
        "is_overlap": 0,
        "is_sell": 0,
        "min_id": 10001,
        "max_id": 19999,
        "table_name": "table_item_general",
        "client_min_id": [],
        "client_max_id": [],
        "client_name": []
    },
    "2": {
        "type": 2,
        "name": "资源",
        "is_overlap": 1,
        "is_sell": 0,
        "min_id": 20001,
        "max_id": 29999,
        "table_name": "table_item_resource",
        "client_min_id": [],
        "client_max_id": [],
        "client_name": []
    },
    "3": {
        "type": 3,
        "name": "消耗品",
        "is_overlap": 1,
        "is_sell": 1,
        "min_id": 30001,
        "max_id": 39999,
        "table_name": "table_item_prop",
        "client_min_id": [30001,30901,31001,31101,31201],
        "client_max_id": [30899,30999,31099,31199,31299],
        "client_name": ["消耗品","碎片","消耗品","碎片","消耗品"]
    },
    "4": {
        "type": 4,
        "name": "猎人碎片",
        "is_overlap": 1,
        "is_sell": 1,
        "min_id": 40001,
        "max_id": 49999,
        "table_name": "table_item_general_soul",
        "client_min_id": [],
        "client_max_id": [],
        "client_name": []
    },
    "6": {
        "type": 6,
        "name": "徽章",
        "is_overlap": 1,
        "is_sell": 1,
        "min_id": 60001,
        "max_id": 69999,
        "table_name": "table_item_partner",
        "client_min_id": [],
        "client_max_id": [],
        "client_name": []
    },
    "7": {
        "type": 7,
        "name": "预留表",
        "is_overlap": 1,
        "is_sell": 1,
        "min_id": 70001,
        "max_id": 79999,
        "table_name": "table_item_partner_split",
        "client_min_id": [],
        "client_max_id": [],
        "client_name": []
    },
    "8": {
        "type": 8,
        "name": "预留表",
        "is_overlap": 1,
        "is_sell": 1,
        "min_id": 80001,
        "max_id": 89999,
        "table_name": "table_item_equip_forge",
        "client_min_id": [],
        "client_max_id": [],
        "client_name": []
    },
    "9": {
        "type": 9,
        "name": "预留表",
        "is_overlap": 1,
        "is_sell": 1,
        "min_id": 90001,
        "max_id": 99999,
        "table_name": "table_item_equip_carve",
        "client_min_id": [],
        "client_max_id": [],
        "client_name": []
    },
    "10": {
        "type": 10,
        "name": "卡片",
        "is_overlap": 1,
        "is_sell": 1,
        "min_id": 100001,
        "max_id": 109999,
        "table_name": "table_item_potato",
        "client_min_id": [],
        "client_max_id": [],
        "client_name": []
    },
    "11": {
        "type": 11,
        "name": "节日道具",
        "is_overlap": 1,
        "is_sell": 1,
        "min_id": 110001,
        "max_id": 119999,
        "table_name": "table_item_collect",
        "client_min_id": [],
        "client_max_id": [],
        "client_name": []
    },
    "12": {
        "type": 12,
        "name": "预留表",
        "is_overlap": 1,
        "is_sell": 1,
        "min_id": 120001,
        "max_id": 129999,
        "table_name": "table_item_jade",
        "client_min_id": [],
        "client_max_id": [],
        "client_name": []
    },
    "13": {
        "type": 13,
        "name": "果子",
        "is_overlap": 1,
        "is_sell": 1,
        "min_id": 130001,
        "max_id": 139010,
        "table_name": "table_item_cimelia",
        "client_min_id": [130001,130101,130201,130301,131001,138001,139001],
        "client_max_id": [130099,130199,130299,130399,131199,138099,139099],
        "client_name": ["礼盒","宝箱","包裹","礼盒","果实","礼盒","卡包"]
    },
    "14": {
        "type": 14,
        "name": "头像",
        "is_overlap": 0,
        "is_sell": 0,
        "min_id": 140001,
        "max_id": 149999,
        "table_name": "table_item_pic",
        "client_min_id": [],
        "client_max_id": [],
        "client_name": []
    },
    "15": {
        "type": 15,
        "name": "头像框",
        "is_overlap": 0,
        "is_sell": 0,
        "min_id": 150001,
        "max_id": 159999,
        "table_name": "table_item_pic_frame",
        "client_min_id": [],
        "client_max_id": [],
        "client_name": []
    },
    "16": {
        "type": 16,
        "name": "称号",
        "is_overlap": 0,
        "is_sell": 0,
        "min_id": 160001,
        "max_id": 169999,
        "table_name": "table_item_title",
        "client_min_id": [],
        "client_max_id": [],
        "client_name": []
    },
    "17": {
        "type": 17,
        "name": "秘宝",
        "is_overlap": 1,
        "is_sell": 1,
        "min_id": 170001,
        "max_id": 179999,
        "table_name": "table_item_secret",
        "client_min_id": [],
        "client_max_id": [],
        "client_name": []
    },
    "18": {
        "type": 18,
        "name": "时装",
        "is_overlap": 1,
        "is_sell": 1,
        "min_id": 180001,
        "max_id": 189999,
        "table_name": "table_item_fashion",
        "client_min_id": [],
        "client_max_id": [],
        "client_name": []
    },
    "19": {
        "type": 19,
        "name": "自选礼包",
        "is_overlap": 1,
        "is_sell": 1,
        "min_id": 190001,
        "max_id": 199999,
        "table_name": "table_item_transfer",
        "client_min_id": [],
        "client_max_id": [],
        "client_name": []
    },
    "20": {
        "type": 20,
        "name": "客户端显示用物品",
        "is_overlap": 1,
        "is_sell": 0,
        "min_id": 200001,
        "max_id": 209999,
        "table_name": "table_item_client",
        "client_min_id": [200001,200011,200101,200201,200301,201001,201004],
        "client_max_id": [200009,200099,200199,200299,200399,201003,201004],
        "client_name": ["碎片","卡片","觉醒石","卡片","随机奖励","资源","随机奖励"]
    }}
