{
    "1": {
        "index": 1,
        "activity_type": 15,
        "notice_type": 3,
        "pic_id": 2,
        "name": "周一开工",
        "des": "周一、周二专题",
        "open_week_day": 1,
        "duration": 172800,
        "mission_type": [10,2,34,26],
        "mission_condition": [500,30,1,1],
        "rewardZone": [0],
        "reward_goods": [[20003,130002,30003,20001],[139007,130002,30003,20001],[20002,130002,30003,20001],[130202,130002,30003,20001]],
        "reward_count": [[50,1,3,18888],[1,1,3,18888],[50,1,3,18888],[1,1,3,18888]],
        "show_type": [[1,1,1,0],[1,1,1,0],[1,1,1,0],[1,1,1,0]]
    },
    "2": {
        "index": 2,
        "activity_type": 15,
        "notice_type": 3,
        "pic_id": 2,
        "name": "猎人任务",
        "des": "周三、周四专题",
        "open_week_day": 3,
        "duration": 172800,
        "mission_type": [12,28,31,22],
        "mission_condition": [200000,2,1,5],
        "rewardZone": [0],
        "reward_goods": [[20003,130002,30003,20001],[139007,130002,30003,20001],[20002,130002,30003,20001],[130202,130002,30003,20001]],
        "reward_count": [[50,1,3,18888],[50,1,3,18888],[1,1,3,18888],[1,1,3,18888]],
        "show_type": [[1,1,1,0],[1,1,1,0],[1,1,1,0],[1,1,1,0]]
    },
    "3": {
        "index": 3,
        "activity_type": 15,
        "notice_type": 3,
        "pic_id": 2,
        "name": "周末大挑战",
        "des": "周五、周六日专题",
        "open_week_day": 5,
        "duration": 259200,
        "mission_type": [33,38,8,40],
        "mission_condition": [1000,1,3,3],
        "rewardZone": [0],
        "reward_goods": [[20003,130002,30003,20001],[139007,130002,30003,20001],[20002,130002,30003,20001],[130202,130002,30003,20001]],
        "reward_count": [[1,1,3,18888],[1,1,3,18888],[50,1,3,18888],[50,1,3,18888]],
        "show_type": [[1,1,1,0],[1,1,1,0],[1,1,1,0],[1,1,1,0]]
    }}
