{
    "1": {
        "id": 1,
        "rank_min": 0,
        "rank_max": 1,
        "local_rank_reward": [[20001,2000],[20001,100000],[20001,1]],
        "local_craft_reward": [[20001,2000],[20001,100000],[20001,1]]
    },
    "2": {
        "id": 2,
        "rank_min": 1,
        "rank_max": 2,
        "local_rank_reward": [[20001,2000],[20001,100000],[20001,1]],
        "local_craft_reward": [[20001,2000],[20001,100000],[20001,1]]
    },
    "3": {
        "id": 3,
        "rank_min": 2,
        "rank_max": 3,
        "local_rank_reward": [[20001,2000],[20001,100000],[20001,1]],
        "local_craft_reward": [[20001,2000],[20001,100000],[20001,1]]
    },
    "4": {
        "id": 4,
        "rank_min": 3,
        "rank_max": 10,
        "local_rank_reward": [[20001,2000],[20001,100000],[20001,1]],
        "local_craft_reward": [[20001,2000],[20001,100000],[20001,1]]
    },
    "5": {
        "id": 5,
        "rank_min": 10,
        "rank_max": 20,
        "local_rank_reward": [[20001,2000],[20001,100000],[20001,1]],
        "local_craft_reward": []
    },
    "6": {
        "id": 6,
        "rank_min": 20,
        "rank_max": 100,
        "local_rank_reward": [[20001,2000],[20001,100000],[20001,1]],
        "local_craft_reward": []
    },
    "7": {
        "id": 7,
        "rank_min": 100,
        "rank_max": 9999,
        "local_rank_reward": [[20001,2000],[20001,100000],[20001,1]],
        "local_craft_reward": []
    }}
