{
    "1": {
        "darkland_id": 1,
        "darkland_name": "港口",
        "open_time": [45000,48600,50400],
        "mix_level": 32,
        "max_level": 200,
        "is_novice": 0,
        "is_battle": 1,
        "is_halo": 1,
        "optimize_degree": 0,
        "max_people": 0,
        "branch_condition": 40,
        "max_branch": 9,
        "tree_pos": [[51001,1120,800],[52001,1760,800],[53001,1120,320],[54001,1760,320],[51002,1440,1040],[52002,2080,1040],[53002,800,560],[54002,1440,560],[55002,2080,560],[56002,800,160],[51003,1440,160],[52003,2080,160]],
        "revive_x": [100,150],
        "revive_y": [850,50],
        "server_time": [0,7,15,30,60,90],
        "mobs_produce": [],
        "back_img": "buff_icon_wu_png",
        "name_img": "buff_icon_wu_png",
        "map_id": 40,
        "block_index": 1,
        "ani_id": [207,239,242]
    }}
