{
    "2": {
        "index": 2,
        "name": "第二期",
        "month_open_day": 8,
        "day_num": 7,
        "check_type": [1,2,5],
        "check_star": [1,2,3,4,5,6],
        "add_jewel_star": [2,2,5,8,8,0],
        "add_jewel_upstar": [0,3,3,8,15,15],
        "check_goods": [130201,130202],
        "add_jewel_goods": [1,6],
        "daily_limit": 100,
        "exchange_goods": [[20002,300],[20001,36000]],
        "exchange_jewel": [10,10],
        "exchange_count": [1,1],
        "exchange_daily_update": [1,1],
        "daily_mission": 61101,
        "final_mission": 61101
    },
    "4": {
        "index": 4,
        "name": "第四期",
        "month_open_day": 22,
        "day_num": 7,
        "check_type": [3,4,5],
        "check_star": [1,2,3,4,5,6],
        "add_jewel_star": [0,6,15,30,0,0],
        "add_jewel_upstar": [0,0,6,15,30,30],
        "check_goods": [130201,130202],
        "add_jewel_goods": [1,6],
        "daily_limit": 100,
        "exchange_goods": [[20002,300],[20001,36000]],
        "exchange_jewel": [10,10],
        "exchange_count": [1,1],
        "exchange_daily_update": [1,1],
        "daily_mission": 61101,
        "final_mission": 61101
    }}
