{
    "1": {
        "id": 1,
        "name": "公会",
        "condition": 12,
        "condition_instance": 0,
        "show": 0,
        "maincity": 0,
        "unopen_tip": "队伍达到12级可开启公会",
        "path": "ui_iconevent_gonghuifuben_png",
        "des": "终于可以跟小伙伴们一起玩耍啦~~多多参与公会活动赚取公会币，可以购买稀有资源哦！"
    },
    "2": {
        "id": 2,
        "name": "本服格斗",
        "condition": 8,
        "condition_instance": 0,
        "show": 0,
        "maincity": 0,
        "unopen_tip": "队伍达到8级开启本服格斗",
        "path": "ui_iconevent_benfugedou_png",
        "des": "本服格斗可以与其他玩家组建的队伍进行比试，竞逐排名，每天还能收获匹配实力的钻石和格斗币哦~"
    },
    "3": {
        "id": 3,
        "name": "0",
        "condition": 999,
        "condition_instance": 0,
        "show": 0,
        "maincity": 0,
        "unopen_tip": "(作废)",
        "path": "ui_iconevent_gonghuifuben_png",
        "des": "(作废)"
    },
    "4": {
        "id": 4,
        "name": "贪婪之岛",
        "condition": 15,
        "condition_instance": 0,
        "show": 0,
        "maincity": 0,
        "unopen_tip": "队伍达到15级后开启贪婪之岛",
        "path": "ui_iconevent_guoshiqiangduo_png",
        "des": "贪婪之岛是猎人们集会的场所，这里充满了各种有趣的玩法，参与的同时还能和其他猎人切磋，超刺激哟~"
    },
    "5": {
        "id": 5,
        "name": "天空竞技场",
        "condition": 18,
        "condition_instance": 0,
        "show": 0,
        "maincity": 0,
        "unopen_tip": "队伍达到18级开启天空竞技场",
        "path": "ui_iconevent_tiankongta_png",
        "des": "天空竞技场是猎人验证实力的理想场所，这里的敌人实力不俗，当然奖励也非常丰厚哟~"
    },
    "6": {
        "id": 6,
        "name": "黑暗大陆",
        "condition": 61,
        "condition_instance": 0,
        "show": 0,
        "maincity": 0,
        "unopen_tip": "队伍达到61级开启黑暗大陆",
        "path": "ui_iconevent_gonghuifuben_png",
        "des": "黑暗大陆开启啦！"
    },
    "7": {
        "id": 7,
        "name": "流星街",
        "condition": 24,
        "condition_instance": 0,
        "show": 0,
        "maincity": 0,
        "unopen_tip": "队伍达到24级可开启流星街",
        "path": "ui_iconevent_liuxingjie_png",
        "des": "流星街是旅团经常出没的地方，这里的敌人都十分凶险，挑战时要多加小心！"
    },
    "8": {
        "id": 8,
        "name": "技能升级",
        "condition": 0,
        "condition_instance": 100004,
        "show": 0,
        "maincity": 0,
        "unopen_tip": "通关冒险副本1-4后解锁技能升级",
        "path": "ccbResources/common_ui/HXH_IconEvent/jinengshengji.png",
        "des": "除了耍酷，技能还可以使你更加强大！升级技能可以让你的猎人实力翻翻！"
    },
    "9": {
        "id": 9,
        "name": "0",
        "condition": 999,
        "condition_instance": 0,
        "show": 0,
        "maincity": 0,
        "unopen_tip": "通关副本2-5后解锁装备强化",
        "path": "ui_iconevent_gonghuifuben_png",
        "des": "人靠衣裳马靠鞍，终于不再赤身肉搏！强化装备可以大幅提升猎人实力哦！"
    },
    "10": {
        "id": 10,
        "name": "0",
        "condition": 999,
        "condition_instance": 0,
        "show": 0,
        "maincity": 0,
        "unopen_tip": "通关副本2-10后解锁装备锻造",
        "path": "ui_iconevent_gonghuifuben_png",
        "des": "你还在用灰色品质的装备吗？太低端了！锻造装备，提升品质，大幅提升战力！好看又实惠~"
    },
    "11": {
        "id": 11,
        "name": "0",
        "condition": 999,
        "condition_instance": 0,
        "show": 0,
        "maincity": 0,
        "unopen_tip": "队伍达到40级可开启天赋升级功能",
        "path": "ui_iconevent_gonghuifuben_png",
        "des": "升星猎人，激活个性天赋，各种特殊效果制霸全场，让你绝地反击！"
    },
    "12": {
        "id": 12,
        "name": "0",
        "condition": 999,
        "condition_instance": 0,
        "show": 0,
        "maincity": 0,
        "unopen_tip": "队伍达到23级可开启装备刻印",
        "path": "ui_iconevent_gonghuifuben_png",
        "des": "为装备刻印可获得强力的稀有属性，十余条套装属性提升路线，等你一一激活！"
    },
    "13": {
        "id": 13,
        "name": "念兽",
        "condition": 25,
        "condition_instance": 0,
        "show": 0,
        "maincity": 0,
        "unopen_tip": "队伍达到25级可开启念兽",
        "path": "ui_iconevent_nianshou_png",
        "des": "超强念兽前来助阵，念兽不仅可以为上阵猎人提供属性加成，还有超多特殊技能哦~"
    },
    "14": {
        "id": 14,
        "name": "0",
        "condition": 999,
        "condition_instance": 0,
        "show": 0,
        "maincity": 0,
        "unopen_tip": "队伍达到20级可以触发神秘商店",
        "path": "ui_iconevent_gonghuifuben_png",
        "des": "不需要功能说明"
    },
    "15": {
        "id": 15,
        "name": "挑战副本",
        "condition": 0,
        "condition_instance": 0,
        "show": 0,
        "maincity": 0,
        "unopen_tip": "通关冒险副本第二章后解锁挑战副本",
        "path": "ccbResources/common_ui/HXH_IconEvent/tiaozhanfuben .png",
        "des": "冒险副本算什么，挑战副本才够味！更难，更爽，更刺激！还有超多卡片等你刷刷刷！"
    },
    "16": {
        "id": 16,
        "name": "0",
        "condition": 999,
        "condition_instance": 0,
        "show": 0,
        "maincity": 0,
        "unopen_tip": "队伍达到1级",
        "path": "ui_iconevent_gonghuifuben_png",
        "des": "不需要功能说明"
    },
    "17": {
        "id": 17,
        "name": "成长基金关闭",
        "condition": 45,
        "condition_instance": 0,
        "show": 0,
        "maincity": 0,
        "unopen_tip": "成长基金45级关闭",
        "path": "ui_iconevent_gonghuifuben_png",
        "des": "不需要功能说明"
    },
    "18": {
        "id": 18,
        "name": "0",
        "condition": 999,
        "condition_instance": 0,
        "show": 0,
        "maincity": 0,
        "unopen_tip": "队伍达到45级可以开启军师阵法",
        "path": "ui_iconevent_gonghuifuben_png",
        "des": "军师阵法强势来袭，为猎人扬长避短，作战力猛增！麻麻再也不用担心脆皮啦！"
    },
    "19": {
        "id": 19,
        "name": "援护位",
        "condition": 0,
        "condition_instance": 100001,
        "show": 0,
        "maincity": 0,
        "unopen_tip": "通关副本1-1后开启援护位",
        "path": "ui_iconevent_maoxianfuben_png",
        "des": "援护位开启啦！"
    },
    "20": {
        "id": 20,
        "name": "战斗托管",
        "condition": 0,
        "condition_instance": 100002,
        "show": 0,
        "maincity": 0,
        "unopen_tip": "通关副本1-2后开启战斗托管",
        "path": "ui_iconevent_maoxianfuben_png",
        "des": "战斗托管开启啦！"
    },
    "21": {
        "id": 21,
        "name": "开服7日",
        "condition": 0,
        "condition_instance": 100001,
        "show": 0,
        "maincity": 0,
        "unopen_tip": "通关副本1-1后开启7日功能",
        "path": "ui_iconevent_gonghuifuben_png",
        "des": "老王来写"
    },
    "22": {
        "id": 22,
        "name": "升级",
        "condition": 0,
        "condition_instance": 100005,
        "show": 0,
        "maincity": 0,
        "unopen_tip": "通关副本1-5后开启猎人升级",
        "path": "ui_iconevent_gonghuifuben_png",
        "des": "老王来写"
    },
    "23": {
        "id": 23,
        "name": "升星",
        "condition": 0,
        "condition_instance": 100009,
        "show": 0,
        "maincity": 0,
        "unopen_tip": "通关冒险副本2-2后开启猎人升星",
        "path": "ui_iconevent_gonghuifuben_png",
        "des": "老王来写"
    },
    "24": {
        "id": 24,
        "name": "进阶",
        "condition": 0,
        "condition_instance": 100004,
        "show": 0,
        "maincity": 0,
        "unopen_tip": "通关冒险副本1-4后开启猎人进阶",
        "path": "ui_iconevent_gonghuifuben_png",
        "des": "老王来写"
    },
    "25": {
        "id": 25,
        "name": "日常",
        "condition": 1,
        "condition_instance": 0,
        "show": 0,
        "maincity": 0,
        "unopen_tip": "队伍达到1级后开启任务",
        "path": "ui_iconevent_richang_png",
        "des": "日常任务开启啦！"
    },
    "26": {
        "id": 26,
        "name": "商店",
        "condition": 6,
        "condition_instance": 0,
        "show": 0,
        "maincity": 0,
        "unopen_tip": "队伍达到6级后开启商店",
        "path": "ui_iconevent_shangdian_png",
        "des": "商店开启啦！"
    },
    "27": {
        "id": 27,
        "name": "0",
        "condition": 999,
        "condition_instance": 0,
        "show": 0,
        "maincity": 0,
        "unopen_tip": "队伍达到20级后开启宝箱",
        "path": "ui_iconevent_gonghuifuben_png",
        "des": "神兵、刻印、元宝、信物，大量稀有宝物等你来开！十连开还有惊喜奖励哦~！"
    },
    "28": {
        "id": 28,
        "name": "0",
        "condition": 999,
        "condition_instance": 0,
        "show": 0,
        "maincity": 0,
        "unopen_tip": "队伍达到30级后开启伏牛宝穴",
        "path": "ui_iconevent_gonghuifuben_png",
        "des": "每日必战的特殊副本，可以获得大量经验丹。连斩数越高加成奖励也越多哦~"
    },
    "29": {
        "id": 29,
        "name": "猎人伙伴",
        "condition": 1,
        "condition_instance": 0,
        "show": 0,
        "maincity": 0,
        "unopen_tip": "队伍达到1级后开启猎人伙伴",
        "path": "ui_iconevent_lierenjinji_png",
        "des": "老王来写"
    },
    "30": {
        "id": 30,
        "name": "0",
        "condition": 999,
        "condition_instance": 0,
        "show": 0,
        "maincity": 0,
        "unopen_tip": "队伍达到30级后开启神兵",
        "path": "ui_iconevent_gonghuifuben_png",
        "des": "老王来写"
    },
    "31": {
        "id": 31,
        "name": "0",
        "condition": 999,
        "condition_instance": 0,
        "show": 0,
        "maincity": 0,
        "unopen_tip": "队伍达到1级后开启神兵洗练",
        "path": "ui_iconevent_gonghuifuben_png",
        "des": "老王来写"
    },
    "32": {
        "id": 32,
        "name": "0",
        "condition": 999,
        "condition_instance": 0,
        "show": 0,
        "maincity": 0,
        "unopen_tip": "队伍达到50级后开启神兵镶嵌",
        "path": "ui_iconevent_gonghuifuben_png",
        "des": "随心所欲，挑选属性，搭配玉石，打造你的最强神兵！战力UP！UP！UP！"
    },
    "33": {
        "id": 33,
        "name": "友情商店",
        "condition": 6,
        "condition_instance": 0,
        "show": 0,
        "maincity": 0,
        "unopen_tip": "队伍达到6级开启友情商店",
        "path": "ui_iconevent_shangdian_png",
        "des": "友情商店开启啦！"
    },
    "34": {
        "id": 34,
        "name": "聊天",
        "condition": 10,
        "condition_instance": 0,
        "show": 0,
        "maincity": 0,
        "unopen_tip": "队伍达到10级开启聊天功能",
        "path": "ui_iconevent_shangdian_png",
        "des": "老王来写"
    },
    "35": {
        "id": 35,
        "name": "排行",
        "condition": 1,
        "condition_instance": 0,
        "show": 0,
        "maincity": 0,
        "unopen_tip": "队伍达到1级开启排行榜",
        "path": "ui_iconevent_shangdian_png",
        "des": "老王来写"
    },
    "36": {
        "id": 36,
        "name": "和平区域",
        "condition": 15,
        "condition_instance": 0,
        "show": 0,
        "maincity": 0,
        "unopen_tip": "队伍达到15级开启安多尼拔",
        "path": "ui_iconevent_guoshicaiji_png",
        "des": "和平区域开启啦！"
    },
    "37": {
        "id": 37,
        "name": "大草原",
        "condition": 15,
        "condition_instance": 0,
        "show": 0,
        "maincity": 0,
        "unopen_tip": "队伍达到18级开启大草原",
        "path": "ui_iconevent_guoshiqiangduo_png",
        "des": "战斗区域开启啦！"
    },
    "38": {
        "id": 38,
        "name": "0",
        "condition": 999,
        "condition_instance": 0,
        "show": 0,
        "maincity": 0,
        "unopen_tip": "队伍达到50级开启玉石坊",
        "path": "ui_iconevent_gonghuifuben_png",
        "des": "琳琅满目的彩色玉石，开石切玉、合成宝玉、磨粹洗练，让你获得更强属性！"
    },
    "39": {
        "id": 39,
        "name": "0",
        "condition": 999,
        "condition_instance": 0,
        "show": 0,
        "maincity": 0,
        "unopen_tip": "队伍达到45级可扫荡伏牛寨",
        "path": "ui_iconevent_gonghuifuben_png",
        "des": "老王来写，就是第三个通缉令"
    },
    "40": {
        "id": 40,
        "name": "格斗场吊打",
        "condition": 35,
        "condition_instance": 0,
        "show": 0,
        "maincity": 0,
        "unopen_tip": "无",
        "path": "ui_iconevent_liuxingjie_png",
        "des": "老王来写，就是第三个通缉令"
    },
    "41": {
        "id": 41,
        "name": "0",
        "condition": 999,
        "condition_instance": 0,
        "show": 0,
        "maincity": 0,
        "unopen_tip": "队伍达到60级开启天下第一",
        "path": "ui_iconevent_gonghuifuben_png",
        "des": "老王来写，就是第三个通缉令"
    },
    "42": {
        "id": 42,
        "name": "0",
        "condition": 999,
        "condition_instance": 0,
        "show": 0,
        "maincity": 0,
        "unopen_tip": "队伍达到36级开启魔域场景",
        "path": "ui_iconevent_gonghuifuben_png",
        "des": "神秘的魔域场景，刺激的屠龙战场，等待你来挑战！"
    },
    "43": {
        "id": 43,
        "name": "卡片",
        "condition": 0,
        "condition_instance": 100014,
        "show": 0,
        "maincity": 0,
        "unopen_tip": "通关冒险副本2-7后解锁卡片系统",
        "path": "ui_iconevent_kapianqianghua_png",
        "des": "卡片功能开启啦！"
    },
    "44": {
        "id": 44,
        "name": "0",
        "condition": 36,
        "condition_instance": 0,
        "show": 0,
        "maincity": 0,
        "unopen_tip": "队伍达到36级开启回收系统",
        "path": "ui_iconevent_gonghuifuben_png",
        "des": "放手培养你的宝物、猎人和装备吧！妈妈再也不用担心我浪费资源了！"
    },
    "45": {
        "id": 45,
        "name": "世界boss",
        "condition": 30,
        "condition_instance": 0,
        "show": 0,
        "maincity": 0,
        "unopen_tip": "队伍达到30级开启寿富拉比(世界BOSS)区域",
        "path": "ui_iconevent_liuxingjie_png",
        "des": "魔域BOSS"
    },
    "46": {
        "id": 46,
        "name": "猜拳",
        "condition": 15,
        "condition_instance": 0,
        "show": 0,
        "maincity": 0,
        "unopen_tip": "队伍达到15级开启猜拳",
        "path": "ui_iconevent_caiquan_png",
        "des": "猜拳玩法开启啦！"
    },
    "47": {
        "id": 47,
        "name": "0",
        "condition": 999,
        "condition_instance": 0,
        "show": 0,
        "maincity": 0,
        "unopen_tip": "队伍达到999级开启猎人回收",
        "path": "ui_iconevent_gonghuifuben_png",
        "des": "猎人回收"
    },
    "48": {
        "id": 48,
        "name": "0",
        "condition": 999,
        "condition_instance": 0,
        "show": 0,
        "maincity": 0,
        "unopen_tip": "队伍达到999级开启装备回收",
        "path": "ui_iconevent_gonghuifuben_png",
        "des": "装备回收"
    },
    "49": {
        "id": 49,
        "name": "0",
        "condition": 999,
        "condition_instance": 0,
        "show": 0,
        "maincity": 0,
        "unopen_tip": "队伍达到999级开启巨石洞穴",
        "path": "ui_iconevent_gonghuifuben_png",
        "des": "巨石洞穴开启"
    },
    "50": {
        "id": 50,
        "name": "0",
        "condition": 999,
        "condition_instance": 0,
        "show": 0,
        "maincity": 0,
        "unopen_tip": "队伍达到999级开启戈壁荒丘",
        "path": "ui_iconevent_gonghuifuben_png",
        "des": "戈壁荒丘开启"
    },
    "51": {
        "id": 51,
        "name": "0",
        "condition": 999,
        "condition_instance": 0,
        "show": 0,
        "maincity": 0,
        "unopen_tip": "队伍达到999级开启冰原匪窟",
        "path": "ui_iconevent_gonghuifuben_png",
        "des": "冰原匪窟开启"
    },
    "52": {
        "id": 52,
        "name": "跨服格斗",
        "condition": 40,
        "condition_instance": 0,
        "show": 0,
        "maincity": 0,
        "unopen_tip": "队伍达到40级开启跨服格斗",
        "path": "ui_iconevent_kuafugedou_png",
        "des": "跨服格斗开启啦！"
    },
    "53": {
        "id": 53,
        "name": "猎人出售",
        "condition": 30,
        "condition_instance": 0,
        "show": 0,
        "maincity": 0,
        "unopen_tip": "队伍达到30级开启猎人出售",
        "path": "ui_iconevent_kuafugedou_png",
        "des": "猎人出售开启"
    },
    "54": {
        "id": 54,
        "name": "执照考试",
        "condition": 10,
        "condition_instance": 0,
        "show": 0,
        "maincity": 0,
        "unopen_tip": "队伍达到10级开启猎人执照",
        "path": "ui_iconevent_kuafugedou_png",
        "des": "猎人执照开启"
    },
    "55": {
        "id": 55,
        "name": "猎人觉醒",
        "condition": 40,
        "condition_instance": 0,
        "show": 0,
        "maincity": 0,
        "unopen_tip": "队伍达到40级开启猎人觉醒",
        "path": "ui_iconevent_kuafugedou_png",
        "des": "猎人觉醒开启"
    },
    "56": {
        "id": 56,
        "name": "猎人合成",
        "condition": 28,
        "condition_instance": 0,
        "show": 1,
        "maincity": 0,
        "unopen_tip": "队伍达到28级开启猎人合成",
        "path": "ui_iconevent_hecheng_png",
        "des": "猎人合成开启"
    },
    "57": {
        "id": 57,
        "name": "单队切磋",
        "condition": 8,
        "condition_instance": 0,
        "show": 1,
        "maincity": 0,
        "unopen_tip": "队伍达到8级开启单队切磋",
        "path": "ui_iconevent_hecheng_png",
        "des": "单队切磋"
    },
    "58": {
        "id": 58,
        "name": "三队切磋",
        "condition": 40,
        "condition_instance": 0,
        "show": 1,
        "maincity": 0,
        "unopen_tip": "队伍达到40级开启三队切磋",
        "path": "ui_iconevent_hecheng_png",
        "des": "三队切磋"
    },
    "59": {
        "id": 59,
        "name": "山贼老巢",
        "condition": 40,
        "condition_instance": 0,
        "show": 0,
        "maincity": 0,
        "unopen_tip": "队伍达到40级开启山贼老巢",
        "path": "ui_iconevent_shanzei_png",
        "des": "山贼老巢"
    },
    "60": {
        "id": 60,
        "name": "念力",
        "condition": 45,
        "condition_instance": 0,
        "show": 0,
        "maincity": 0,
        "unopen_tip": "队伍达到45级开启念力玩法",
        "path": "ui_iconevent_hecheng_png",
        "des": "猎人念力开启"
    },
    "61": {
        "id": 61,
        "name": "第七条流星街",
        "condition": 0,
        "condition_instance": 60015,
        "show": 0,
        "maincity": 0,
        "unopen_tip": "队伍达到45级开启念力玩法",
        "path": "ui_iconevent_hecheng_png",
        "des": "第七条流星街"
    },
    "62": {
        "id": 62,
        "name": "黑暗大陆",
        "condition": 36,
        "condition_instance": 0,
        "show": 1,
        "maincity": 0,
        "unopen_tip": "队伍达到36级开启黑暗大陆",
        "path": "ui_iconevent_yijitansuo_png",
        "des": "黑暗大陆"
    }}
