{
    "1": {
        "index": 1,
        "general_id": 10011,
        "general_name": "吕布",
        "reward_goods": [20001],
        "reward_count": [1],
        "show_type": [1],
        "img_path": "map_common_wu_png",
        "head_path": "map_common_wu_png",
        "title_path": "map_common_wu_png",
        "word_path": "map_common_wu_png",
        "text_path": "map_common_wu_png",
        "name_path": "map_common_wu_png",
        "general_series": "map_common_wu_png",
        "general_type": "map_common_wu_png",
        "general_story": "敬请期待"
    },
    "2": {
        "index": 2,
        "general_id": 10012,
        "general_name": "司马懿",
        "reward_goods": [20001],
        "reward_count": [1],
        "show_type": [1],
        "img_path": "map_common_wu_png",
        "head_path": "map_common_wu_png",
        "title_path": "map_common_wu_png",
        "word_path": "map_common_wu_png",
        "text_path": "map_common_wu_png",
        "name_path": "map_common_wu_png",
        "general_series": "map_common_wu_png",
        "general_type": "map_common_wu_png",
        "general_story": "敬请期待"
    },
    "3": {
        "index": 3,
        "general_id": 10009,
        "general_name": "小乔",
        "reward_goods": [20001],
        "reward_count": [1],
        "show_type": [1],
        "img_path": "map_common_wu_png",
        "head_path": "map_common_wu_png",
        "title_path": "map_common_wu_png",
        "word_path": "map_common_wu_png",
        "text_path": "map_common_wu_png",
        "name_path": "map_common_wu_png",
        "general_series": "map_common_wu_png",
        "general_type": "map_common_wu_png",
        "general_story": "敬请期待"
    },
    "4": {
        "index": 4,
        "general_id": 10002,
        "general_name": "诸葛亮",
        "reward_goods": [20001],
        "reward_count": [1],
        "show_type": [1],
        "img_path": "map_common_wu_png",
        "head_path": "map_common_wu_png",
        "title_path": "map_common_wu_png",
        "word_path": "map_common_wu_png",
        "text_path": "map_common_wu_png",
        "name_path": "map_common_wu_png",
        "general_series": "map_common_wu_png",
        "general_type": "map_common_wu_png",
        "general_story": "敬请期待"
    },
    "5": {
        "index": 5,
        "general_id": 10011,
        "general_name": "关羽",
        "reward_goods": [20001],
        "reward_count": [1],
        "show_type": [1],
        "img_path": "map_common_wu_png",
        "head_path": "map_common_wu_png",
        "title_path": "map_common_wu_png",
        "word_path": "map_common_wu_png",
        "text_path": "map_common_wu_png",
        "name_path": "map_common_wu_png",
        "general_series": "map_common_wu_png",
        "general_type": "map_common_wu_png",
        "general_story": "敬请期待"
    },
    "6": {
        "index": 6,
        "general_id": 10012,
        "general_name": "周瑜",
        "reward_goods": [20001],
        "reward_count": [1],
        "show_type": [1],
        "img_path": "map_common_wu_png",
        "head_path": "map_common_wu_png",
        "title_path": "map_common_wu_png",
        "word_path": "map_common_wu_png",
        "text_path": "map_common_wu_png",
        "name_path": "map_common_wu_png",
        "general_series": "map_common_wu_png",
        "general_type": "map_common_wu_png",
        "general_story": "敬请期待"
    },
    "7": {
        "index": 7,
        "general_id": 10009,
        "general_name": "鲁肃",
        "reward_goods": [20001],
        "reward_count": [1],
        "show_type": [1],
        "img_path": "map_common_wu_png",
        "head_path": "map_common_wu_png",
        "title_path": "map_common_wu_png",
        "word_path": "map_common_wu_png",
        "text_path": "map_common_wu_png",
        "name_path": "map_common_wu_png",
        "general_series": "map_common_wu_png",
        "general_type": "map_common_wu_png",
        "general_story": "敬请期待"
    }}
