{
    "180001": {
        "id": 180001,
        "name": "冷酷杀手-奇犽",
        "quality": 4,
        "fashion_roleId": 1001,
        "buy_type": 20001,
        "buy_price": 100,
        "price": 10000,
        "drop_count": 0,
        "drop_time": 5,
        "overdue_time": "",
        "fashion_ratio": 770,
        "match_general": 0,
        "pic_id": 0,
        "des": "奇犽时装，百年难得一遇的天才杀手",
        "extrac": "奇犽时装",
        "path": "fashion_wojin_png",
        "shadow": "buff_icon_wu_png",
        "general_hp": 0,
        "general_atk": 0,
        "general_def": 0,
        "atk_crit": 0,
        "crit_extra": 0,
        "dodge_rate": 0,
        "hit_rate": 0,
        "ignore_phyDef": 0,
        "rage_reduce": 0,
        "universal_resistance": 0,
        "ignore_resistance": 0,
        "float_resistance": 0,
        "cd_speed": 0,
        "support_consume": 0,
        "general_atk_all": 130,
        "general_def_all": 0,
        "all_crit": 0,
        "ignore_def_all": 0,
        "skill_atk": 0,
        "skill_def": 0,
        "skill_crit": 0,
        "crit_resistance": 0,
        "final_extra": 0,
        "final_reduce": 0,
        "ignore_magicDef": 0,
        "from": [18,19,22]
    },
    "180003": {
        "id": 180003,
        "name": "次元穿透-小滴",
        "quality": 4,
        "fashion_roleId": 1003,
        "buy_type": 20001,
        "buy_price": 100,
        "price": 10000,
        "drop_count": 0,
        "drop_time": 5,
        "overdue_time": "",
        "fashion_ratio": 770,
        "match_general": 0,
        "pic_id": 0,
        "des": "小滴时装，冲破次元之壁。",
        "extrac": "小滴时装",
        "path": "fashion_wojin_png",
        "shadow": "buff_icon_wu_png",
        "general_hp": 0,
        "general_atk": 0,
        "general_def": 0,
        "atk_crit": 0,
        "crit_extra": 0,
        "dodge_rate": 0,
        "hit_rate": 0,
        "ignore_phyDef": 0,
        "rage_reduce": 0,
        "universal_resistance": 0,
        "ignore_resistance": 0,
        "float_resistance": 0,
        "cd_speed": 0,
        "support_consume": 0,
        "general_atk_all": 130,
        "general_def_all": 0,
        "all_crit": 0,
        "ignore_def_all": 0,
        "skill_atk": 0,
        "skill_def": 0,
        "skill_crit": 0,
        "crit_resistance": 0,
        "final_extra": 0,
        "final_reduce": 0,
        "ignore_magicDef": 0,
        "from": [18,19,22]
    },
    "180004": {
        "id": 180004,
        "name": "军队执事-伊尔迷",
        "quality": 4,
        "fashion_roleId": 1004,
        "buy_type": 20001,
        "buy_price": 100,
        "price": 10000,
        "drop_count": 0,
        "drop_time": 5,
        "overdue_time": "",
        "fashion_ratio": 770,
        "match_general": 0,
        "pic_id": 0,
        "des": "伊尔迷时装，一切都在掌控之中。",
        "extrac": "伊尔迷时装",
        "path": "fashion_wojin_png",
        "shadow": "buff_icon_wu_png",
        "general_hp": 0,
        "general_atk": 0,
        "general_def": 0,
        "atk_crit": 0,
        "crit_extra": 0,
        "dodge_rate": 0,
        "hit_rate": 0,
        "ignore_phyDef": 0,
        "rage_reduce": 0,
        "universal_resistance": 0,
        "ignore_resistance": 0,
        "float_resistance": 0,
        "cd_speed": 0,
        "support_consume": 0,
        "general_atk_all": 130,
        "general_def_all": 0,
        "all_crit": 0,
        "ignore_def_all": 0,
        "skill_atk": 0,
        "skill_def": 0,
        "skill_crit": 0,
        "crit_resistance": 0,
        "final_extra": 0,
        "final_reduce": 0,
        "ignore_magicDef": 0,
        "from": [18,19,22]
    },
    "180007": {
        "id": 180007,
        "name": "机车狂徒-窝金",
        "quality": 4,
        "fashion_roleId": 1007,
        "buy_type": 20001,
        "buy_price": 100,
        "price": 10000,
        "drop_count": 0,
        "drop_time": 5,
        "overdue_time": "",
        "fashion_ratio": 770,
        "match_general": 0,
        "pic_id": 0,
        "des": "窝金时装，速度与激情，机车是男人的浪漫。",
        "extrac": "窝金时装",
        "path": "fashion_wojin_png",
        "shadow": "buff_icon_wu_png",
        "general_hp": 0,
        "general_atk": 0,
        "general_def": 0,
        "atk_crit": 0,
        "crit_extra": 0,
        "dodge_rate": 0,
        "hit_rate": 0,
        "ignore_phyDef": 0,
        "rage_reduce": 0,
        "universal_resistance": 0,
        "ignore_resistance": 0,
        "float_resistance": 0,
        "cd_speed": 0,
        "support_consume": 0,
        "general_atk_all": 130,
        "general_def_all": 0,
        "all_crit": 0,
        "ignore_def_all": 0,
        "skill_atk": 0,
        "skill_def": 0,
        "skill_crit": 0,
        "crit_resistance": 0,
        "final_extra": 0,
        "final_reduce": 0,
        "ignore_magicDef": 0,
        "from": [18,19,22]
    },
    "180020": {
        "id": 180020,
        "name": "幻影之舞-柯特",
        "quality": 4,
        "fashion_roleId": 1020,
        "buy_type": 20001,
        "buy_price": 100,
        "price": 10000,
        "drop_count": 0,
        "drop_time": 5,
        "overdue_time": "",
        "fashion_ratio": 770,
        "match_general": 0,
        "pic_id": 0,
        "des": "柯特时装，人家这么可爱，一定是男孩子啦。",
        "extrac": "柯特时装",
        "path": "fashion_kete_png",
        "shadow": "buff_icon_wu_png",
        "general_hp": 0,
        "general_atk": 0,
        "general_def": 0,
        "atk_crit": 0,
        "crit_extra": 0,
        "dodge_rate": 0,
        "hit_rate": 0,
        "ignore_phyDef": 0,
        "rage_reduce": 0,
        "universal_resistance": 0,
        "ignore_resistance": 0,
        "float_resistance": 0,
        "cd_speed": 0,
        "support_consume": 0,
        "general_atk_all": 130,
        "general_def_all": 0,
        "all_crit": 0,
        "ignore_def_all": 0,
        "skill_atk": 0,
        "skill_def": 0,
        "skill_crit": 0,
        "crit_resistance": 0,
        "final_extra": 0,
        "final_reduce": 0,
        "ignore_magicDef": 0,
        "from": [18,19,22]
    },
    "180021": {
        "id": 180021,
        "name": "阴阳术士-库哔",
        "quality": 4,
        "fashion_roleId": 1021,
        "buy_type": 20001,
        "buy_price": 100,
        "price": 10000,
        "drop_count": 0,
        "drop_time": 5,
        "overdue_time": "",
        "fashion_ratio": 770,
        "match_general": 0,
        "pic_id": 0,
        "des": "库哔时装，拥有最强的守护力量。",
        "extrac": "库哔时装",
        "path": "fashion_kubi_png",
        "shadow": "buff_icon_wu_png",
        "general_hp": 0,
        "general_atk": 0,
        "general_def": 0,
        "atk_crit": 0,
        "crit_extra": 0,
        "dodge_rate": 0,
        "hit_rate": 0,
        "ignore_phyDef": 0,
        "rage_reduce": 0,
        "universal_resistance": 0,
        "ignore_resistance": 0,
        "float_resistance": 0,
        "cd_speed": 0,
        "support_consume": 0,
        "general_atk_all": 130,
        "general_def_all": 0,
        "all_crit": 0,
        "ignore_def_all": 0,
        "skill_atk": 0,
        "skill_def": 0,
        "skill_crit": 0,
        "crit_resistance": 0,
        "final_extra": 0,
        "final_reduce": 0,
        "ignore_magicDef": 0,
        "from": [18,19,22]
    },
    "180023": {
        "id": 180023,
        "name": "音乐公主-玛琪",
        "quality": 4,
        "fashion_roleId": 1023,
        "buy_type": 20001,
        "buy_price": 100,
        "price": 10000,
        "drop_count": 0,
        "drop_time": 5,
        "overdue_time": "",
        "fashion_ratio": 710,
        "match_general": 0,
        "pic_id": 0,
        "des": "玛琪时装，跟着音乐的节奏，是不是感觉到充满活力呢。",
        "extrac": "玛琪时装",
        "path": "fashion_maqi_png",
        "shadow": "buff_icon_wu_png",
        "general_hp": 0,
        "general_atk": 0,
        "general_def": 0,
        "atk_crit": 0,
        "crit_extra": 0,
        "dodge_rate": 0,
        "hit_rate": 0,
        "ignore_phyDef": 0,
        "rage_reduce": 0,
        "universal_resistance": 0,
        "ignore_resistance": 0,
        "float_resistance": 0,
        "cd_speed": 0,
        "support_consume": 0,
        "general_atk_all": 120,
        "general_def_all": 0,
        "all_crit": 0,
        "ignore_def_all": 0,
        "skill_atk": 0,
        "skill_def": 0,
        "skill_crit": 0,
        "crit_resistance": 0,
        "final_extra": 0,
        "final_reduce": 0,
        "ignore_magicDef": 0,
        "from": [18,19,22]
    },
    "180036": {
        "id": 180036,
        "name": "黑暗机甲-王",
        "quality": 4,
        "fashion_roleId": 1036,
        "buy_type": 20001,
        "buy_price": 100,
        "price": 10000,
        "drop_count": 0,
        "drop_time": 5,
        "overdue_time": "",
        "fashion_ratio": 770,
        "match_general": 0,
        "pic_id": 0,
        "des": "王的时装，当王穿上拥有黑暗力量的盔甲，整个世界都将膜拜他。",
        "extrac": "王的时装",
        "path": "fashion_wang_png",
        "shadow": "buff_icon_wu_png",
        "general_hp": 0,
        "general_atk": 0,
        "general_def": 0,
        "atk_crit": 0,
        "crit_extra": 0,
        "dodge_rate": 0,
        "hit_rate": 0,
        "ignore_phyDef": 0,
        "rage_reduce": 0,
        "universal_resistance": 0,
        "ignore_resistance": 0,
        "float_resistance": 0,
        "cd_speed": 0,
        "support_consume": 0,
        "general_atk_all": 130,
        "general_def_all": 0,
        "all_crit": 0,
        "ignore_def_all": 0,
        "skill_atk": 0,
        "skill_def": 0,
        "skill_crit": 0,
        "crit_resistance": 0,
        "final_extra": 0,
        "final_reduce": 0,
        "ignore_magicDef": 0,
        "from": [18,19,22]
    },
    "180044": {
        "id": 180044,
        "name": "糖果仆从-尼飞彼多",
        "quality": 4,
        "fashion_roleId": 1044,
        "buy_type": 20001,
        "buy_price": 100,
        "price": 10000,
        "drop_count": 0,
        "drop_time": 5,
        "overdue_time": "",
        "fashion_ratio": 770,
        "match_general": 0,
        "pic_id": 0,
        "des": "尼飞彼多的时装，忠心的服侍您，我的主人。",
        "extrac": "尼飞彼多的时装",
        "path": "fashion_maonv_png",
        "shadow": "buff_icon_wu_png",
        "general_hp": 0,
        "general_atk": 0,
        "general_def": 0,
        "atk_crit": 0,
        "crit_extra": 0,
        "dodge_rate": 0,
        "hit_rate": 0,
        "ignore_phyDef": 0,
        "rage_reduce": 0,
        "universal_resistance": 0,
        "ignore_resistance": 0,
        "float_resistance": 0,
        "cd_speed": 0,
        "support_consume": 0,
        "general_atk_all": 130,
        "general_def_all": 0,
        "all_crit": 0,
        "ignore_def_all": 0,
        "skill_atk": 0,
        "skill_def": 0,
        "skill_crit": 0,
        "crit_resistance": 0,
        "final_extra": 0,
        "final_reduce": 0,
        "ignore_magicDef": 0,
        "from": [18,19,22]
    },
    "180045": {
        "id": 180045,
        "name": "黑暗女王-庞姆",
        "quality": 4,
        "fashion_roleId": 1045,
        "buy_type": 20001,
        "buy_price": 100,
        "price": 10000,
        "drop_count": 0,
        "drop_time": 5,
        "overdue_time": "",
        "fashion_ratio": 770,
        "match_general": 0,
        "pic_id": 0,
        "des": "庞姆的时装，感受冰冷刺骨的感觉吧。",
        "extrac": "庞姆的时装",
        "path": "fashion_maonv_png",
        "shadow": "buff_icon_wu_png",
        "general_hp": 0,
        "general_atk": 0,
        "general_def": 0,
        "atk_crit": 0,
        "crit_extra": 0,
        "dodge_rate": 0,
        "hit_rate": 0,
        "ignore_phyDef": 0,
        "rage_reduce": 0,
        "universal_resistance": 0,
        "ignore_resistance": 0,
        "float_resistance": 0,
        "cd_speed": 0,
        "support_consume": 0,
        "general_atk_all": 130,
        "general_def_all": 0,
        "all_crit": 0,
        "ignore_def_all": 0,
        "skill_atk": 0,
        "skill_def": 0,
        "skill_crit": 0,
        "crit_resistance": 0,
        "final_extra": 0,
        "final_reduce": 0,
        "ignore_magicDef": 0,
        "from": [18,19,22]
    }}
