{
    "10001": {
        "index": 10001,
        "name": "猎人普通",
        "open_time": 14400,
        "duration": 864000,
        "price": 198,
        "raw_token": 1980,
        "goods_id": [20001,20001,20001],
        "goods_num": [1,8,2],
        "chargeback_goods": [[130001,1]],
        "refrence": 1,
        "pay_index": 1000801,
        "token_price": "",
        "h5_show_type": 0,
        "path": "ui_acitivity_mouthgift_icon_lieren1_png",
        "name_path": "ui_acitivity_mouthgift_WordsTipOrdinary_png",
        "all_price": 600,
        "des": ""
    },
    "10002": {
        "index": 10002,
        "name": "猎人豪华",
        "open_time": 14400,
        "duration": 864000,
        "price": 648,
        "raw_token": 6480,
        "goods_id": [20001,20001,20001],
        "goods_num": [1,30,6],
        "chargeback_goods": [[130001,1]],
        "refrence": 1,
        "pay_index": 1001001,
        "token_price": "",
        "h5_show_type": 1,
        "path": "ui_acitivity_mouthgift_icon_lieren2_png",
        "name_path": "ui_acitivity_mouthgift_WordsTipLuxury_png",
        "all_price": 2000,
        "des": ""
    },
    "20001": {
        "index": 20001,
        "name": "卡片普通",
        "open_time": 878400,
        "duration": 864000,
        "price": 198,
        "raw_token": 1980,
        "goods_id": [20001,20001,20001],
        "goods_num": [1,3,1],
        "chargeback_goods": [[130001,1]],
        "refrence": 2,
        "pay_index": 1000801,
        "token_price": "",
        "h5_show_type": 0,
        "path": "ui_acitivity_mouthgift_icon_kapian1_png",
        "name_path": "ui_acitivity_mouthgift_WordsTipOrdinary_png",
        "all_price": 600,
        "des": ""
    },
    "20002": {
        "index": 20002,
        "name": "卡片豪华",
        "open_time": 878400,
        "duration": 864000,
        "price": 648,
        "raw_token": 6480,
        "goods_id": [20001,20001,20001],
        "goods_num": [2,3,2],
        "chargeback_goods": [[130001,1]],
        "refrence": 2,
        "pay_index": 1001001,
        "token_price": "",
        "h5_show_type": 1,
        "path": "ui_acitivity_mouthgift_icon_kapian2_png",
        "name_path": "ui_acitivity_mouthgift_WordsTipLuxury_png",
        "all_price": 2000,
        "des": ""
    },
    "30001": {
        "index": 30001,
        "name": "综合普通",
        "open_time": 1828800,
        "duration": 864000,
        "price": 198,
        "raw_token": 1980,
        "goods_id": [20001,20001,20001],
        "goods_num": [1,2,6],
        "chargeback_goods": [[130001,1]],
        "refrence": 3,
        "pay_index": 1000801,
        "token_price": "",
        "h5_show_type": 0,
        "path": "ui_acitivity_mouthgift_icon_zonghe1_png",
        "name_path": "ui_acitivity_mouthgift_WordsTipOrdinary_png",
        "all_price": 600,
        "des": ""
    },
    "30002": {
        "index": 30002,
        "name": "综合豪华",
        "open_time": 1828800,
        "duration": 864000,
        "price": 648,
        "raw_token": 6480,
        "goods_id": [20001,20001,20001],
        "goods_num": [3,5,2],
        "chargeback_goods": [[130001,1]],
        "refrence": 3,
        "pay_index": 1001001,
        "token_price": "",
        "h5_show_type": 1,
        "path": "ui_acitivity_mouthgift_icon_zonghe2_png",
        "name_path": "ui_acitivity_mouthgift_WordsTipLuxury_png",
        "all_price": 2000,
        "des": ""
    }}
