{
    "10001": {
        "id": 10001,
        "instance_name": "山贼1层",
        "type": 1,
        "monster_stages": [101,102,103],
        "first_reward": [[20002,10]],
        "static_reward_best": [[30003,2],[30002,5]],
        "rand_reward_best": [81205],
        "static_reward_bad": [[30003,2],[30002,5]],
        "rand_reward_bad": [81205],
        "friend_reward": [[30003,2],[30002,5]],
        "des": "大山贼",
        "client_reward_id": [20002,20001,30002],
        "client_reward_count": [10,1000,1],
        "client_reward_show": [1,0,0],
        "reward_good_id2": [20002,20001,30002],
        "reward_good_count2": [10,1000,1],
        "reward_good_id3": [20002,20001,30002],
        "reward_good_count3": [10,1000,1],
        "feature": [[101,102],[101,102],[101,102]],
        "boss_roleId": [[10001,10002,10003,10004],[10001,10002,10003,10004],[10001,10002,10003,10004]],
        "boss_name": "山贼",
        "boss_name1": ["山贼1","山贼2","山贼3"],
        "monster_level": "10|10|10",
        "pic_path": "ui_meteor_BoardListBoss1_png"
    },
    "10002": {
        "id": 10002,
        "instance_name": "山贼2层",
        "type": 1,
        "monster_stages": [101,102,103],
        "first_reward": [[20002,10]],
        "static_reward_best": [[30003,2],[30002,5]],
        "rand_reward_best": [81205],
        "static_reward_bad": [[30003,2],[30002,5]],
        "rand_reward_bad": [81205],
        "friend_reward": [[30003,2],[30002,5]],
        "des": "大山贼",
        "client_reward_id": [20002,20001,30002],
        "client_reward_count": [10,1000,1],
        "client_reward_show": [1,0,0],
        "reward_good_id2": [20002,20001,30002],
        "reward_good_count2": [10,1000,1],
        "reward_good_id3": [20002,20001,30002],
        "reward_good_count3": [10,1000,1],
        "feature": [[101,102],[101,102],[101,102]],
        "boss_roleId": [[10001,10002,10003,10004],[10001,10002,10003,10004],[10001,10002,10003,10004]],
        "boss_name": "山贼",
        "boss_name1": ["山贼1","山贼2","山贼4"],
        "monster_level": "10|10|10",
        "pic_path": "ui_meteor_BoardListBoss1_png"
    },
    "10003": {
        "id": 10003,
        "instance_name": "山贼3层",
        "type": 1,
        "monster_stages": [101,102,103],
        "first_reward": [[20002,10]],
        "static_reward_best": [[30003,2],[30002,5]],
        "rand_reward_best": [81205],
        "static_reward_bad": [[30003,2],[30002,5]],
        "rand_reward_bad": [81205],
        "friend_reward": [[30003,2],[30002,5]],
        "des": "大山贼",
        "client_reward_id": [20002,20001,30002],
        "client_reward_count": [10,1000,1],
        "client_reward_show": [1,0,0],
        "reward_good_id2": [20002,20001,30002],
        "reward_good_count2": [10,1000,1],
        "reward_good_id3": [20002,20001,30002],
        "reward_good_count3": [10,1000,1],
        "feature": [[101,102],[101,102],[101,102]],
        "boss_roleId": [[10001,10002,10003,10004],[10001,10002,10003,10004],[10001,10002,10003,10004]],
        "boss_name": "山贼",
        "boss_name1": ["山贼1","山贼2","山贼5"],
        "monster_level": "10|10|10",
        "pic_path": "ui_meteor_BoardListBoss1_png"
    },
    "10004": {
        "id": 10004,
        "instance_name": "山贼4层",
        "type": 1,
        "monster_stages": [101,102,103],
        "first_reward": [[20002,10]],
        "static_reward_best": [[30003,2],[30002,5]],
        "rand_reward_best": [81205],
        "static_reward_bad": [[30003,2],[30002,5]],
        "rand_reward_bad": [81205],
        "friend_reward": [[30003,2],[30002,5]],
        "des": "大山贼",
        "client_reward_id": [20002,20001,30002],
        "client_reward_count": [10,1000,1],
        "client_reward_show": [1,0,0],
        "reward_good_id2": [20002,20001,30002],
        "reward_good_count2": [10,1000,1],
        "reward_good_id3": [20002,20001,30002],
        "reward_good_count3": [10,1000,1],
        "feature": [[101,102],[101,102],[101,102]],
        "boss_roleId": [[10001,10002,10003,10004],[10001,10002,10003,10004],[10001,10002,10003,10004]],
        "boss_name": "山贼",
        "boss_name1": ["山贼1","山贼2","山贼6"],
        "monster_level": "10|10|10",
        "pic_path": "ui_meteor_BoardListBoss1_png"
    },
    "10005": {
        "id": 10005,
        "instance_name": "山贼5层",
        "type": 1,
        "monster_stages": [101,102,103],
        "first_reward": [[20002,10]],
        "static_reward_best": [[30003,2],[30002,5]],
        "rand_reward_best": [81205],
        "static_reward_bad": [[30003,2],[30002,5]],
        "rand_reward_bad": [81205],
        "friend_reward": [[30003,2],[30002,5]],
        "des": "大山贼",
        "client_reward_id": [20002,20001,30002],
        "client_reward_count": [10,1000,1],
        "client_reward_show": [1,0,0],
        "reward_good_id2": [20002,20001,30002],
        "reward_good_count2": [10,1000,1],
        "reward_good_id3": [20002,20001,30002],
        "reward_good_count3": [10,1000,1],
        "feature": [[101,102],[101,102],[101,102]],
        "boss_roleId": [[10001,10002,10003,10004],[10001,10002,10003,10004],[10001,10002,10003,10004]],
        "boss_name": "山贼",
        "boss_name1": ["山贼1","山贼2","山贼7"],
        "monster_level": "10|10|10",
        "pic_path": "ui_meteor_BoardListBoss1_png"
    },
    "10006": {
        "id": 10006,
        "instance_name": "山贼6层",
        "type": 1,
        "monster_stages": [101,102,103],
        "first_reward": [[20002,10]],
        "static_reward_best": [[30003,2],[30002,5]],
        "rand_reward_best": [81205],
        "static_reward_bad": [[30003,2],[30002,5]],
        "rand_reward_bad": [81205],
        "friend_reward": [[30003,2],[30002,5]],
        "des": "大山贼",
        "client_reward_id": [20002,20001,30002],
        "client_reward_count": [10,1000,1],
        "client_reward_show": [1,0,0],
        "reward_good_id2": [20002,20001,30002],
        "reward_good_count2": [10,1000,1],
        "reward_good_id3": [20002,20001,30002],
        "reward_good_count3": [10,1000,1],
        "feature": [[101,102],[101,102],[101,102]],
        "boss_roleId": [[10001,10002,10003,10004],[10001,10002,10003,10004],[10001,10002,10003,10004]],
        "boss_name": "山贼",
        "boss_name1": ["山贼1","山贼2","山贼8"],
        "monster_level": "10|10|10",
        "pic_path": "ui_meteor_BoardListBoss1_png"
    },
    "10007": {
        "id": 10007,
        "instance_name": "山贼7层",
        "type": 1,
        "monster_stages": [101,102,103],
        "first_reward": [[20002,10]],
        "static_reward_best": [[30003,2],[30002,5]],
        "rand_reward_best": [81205],
        "static_reward_bad": [[30003,2],[30002,5]],
        "rand_reward_bad": [81205],
        "friend_reward": [[30003,2],[30002,5]],
        "des": "大山贼",
        "client_reward_id": [20002,20001,30002],
        "client_reward_count": [10,1000,1],
        "client_reward_show": [1,0,0],
        "reward_good_id2": [20002,20001,30002],
        "reward_good_count2": [10,1000,1],
        "reward_good_id3": [20002,20001,30002],
        "reward_good_count3": [10,1000,1],
        "feature": [[101,102],[101,102],[101,102]],
        "boss_roleId": [[10001,10002,10003,10004],[10001,10002,10003,10004],[10001,10002,10003,10004]],
        "boss_name": "山贼",
        "boss_name1": ["山贼1","山贼2","山贼9"],
        "monster_level": "10|10|10",
        "pic_path": "ui_meteor_BoardListBoss1_png"
    }}
