{
    "1000000": {
        "id": 1000000,
        "name": "开始冒险吧",
        "des": "通关冒险副本1-4",
        "star": 1,
        "condition": 100004,
        "reward_goods": [[60011,1],[60012,1],[60013,3]],
        "reward_active": "",
        "path": "ui_iconevent_maoxianfuben_png",
        "spine": -1
    },
    "1000001": {
        "id": 1000001,
        "name": "开始冒险吧",
        "des": "通关冒险副本1-7",
        "star": 1,
        "condition": 100007,
        "reward_goods": [[60011,1],[60012,1],[60013,3]],
        "reward_active": "",
        "path": "ui_iconevent_maoxianfuben_png",
        "spine": -1
    },
    "1000002": {
        "id": 1000002,
        "name": "开始冒险吧",
        "des": "通关冒险副本2-1",
        "star": 1,
        "condition": 100008,
        "reward_goods": [[60011,1],[60012,1],[60013,3]],
        "reward_active": "",
        "path": "ui_iconevent_maoxianfuben_png",
        "spine": -1
    },
    "1000003": {
        "id": 1000003,
        "name": "开始冒险吧",
        "des": "通关冒险副本2-4",
        "star": 1,
        "condition": 100011,
        "reward_goods": [[60011,1],[60012,1],[60013,3]],
        "reward_active": "",
        "path": "ui_iconevent_maoxianfuben_png",
        "spine": -1
    },
    "1000004": {
        "id": 1000004,
        "name": "开始冒险吧",
        "des": "通关冒险副本2-7",
        "star": 1,
        "condition": 100014,
        "reward_goods": [[60011,1],[60012,1],[60013,3]],
        "reward_active": "",
        "path": "ui_iconevent_maoxianfuben_png",
        "spine": -1
    },
    "1000005": {
        "id": 1000005,
        "name": "开始冒险吧",
        "des": "通关冒险副本3-1",
        "star": 1,
        "condition": 100015,
        "reward_goods": [[60011,1],[60012,1],[60013,3]],
        "reward_active": "",
        "path": "ui_iconevent_maoxianfuben_png",
        "spine": -1
    },
    "1000006": {
        "id": 1000006,
        "name": "开始冒险吧",
        "des": "通关冒险副本3-4",
        "star": 1,
        "condition": 100018,
        "reward_goods": [[60011,1],[60012,1],[60013,3]],
        "reward_active": "",
        "path": "ui_iconevent_maoxianfuben_png",
        "spine": -1
    },
    "1000007": {
        "id": 1000007,
        "name": "开始冒险吧",
        "des": "通关冒险副本3-7",
        "star": 1,
        "condition": 100021,
        "reward_goods": [[60011,1],[60012,1],[60013,3]],
        "reward_active": "",
        "path": "ui_iconevent_maoxianfuben_png",
        "spine": -1
    },
    "1000008": {
        "id": 1000008,
        "name": "开始冒险吧",
        "des": "通关冒险副本4-1",
        "star": 1,
        "condition": 100022,
        "reward_goods": [[60011,1],[60012,1],[60013,3]],
        "reward_active": "",
        "path": "ui_iconevent_maoxianfuben_png",
        "spine": -1
    },
    "1000009": {
        "id": 1000009,
        "name": "开始冒险吧",
        "des": "通关冒险副本4-4",
        "star": 1,
        "condition": 100025,
        "reward_goods": [[60011,1],[60012,1],[60013,3]],
        "reward_active": "",
        "path": "ui_iconevent_maoxianfuben_png",
        "spine": -1
    },
    "1000010": {
        "id": 1000010,
        "name": "开始冒险吧",
        "des": "通关冒险副本4-7",
        "star": 1,
        "condition": 100028,
        "reward_goods": [[60011,1],[60012,1],[60013,3]],
        "reward_active": "",
        "path": "ui_iconevent_maoxianfuben_png",
        "spine": -1
    },
    "1000011": {
        "id": 1000011,
        "name": "开始冒险吧",
        "des": "通关冒险副本5-1",
        "star": 1,
        "condition": 100029,
        "reward_goods": [[60011,1],[60012,1],[60013,3]],
        "reward_active": "",
        "path": "ui_iconevent_maoxianfuben_png",
        "spine": -1
    },
    "1000012": {
        "id": 1000012,
        "name": "开始冒险吧",
        "des": "通关冒险副本5-4",
        "star": 1,
        "condition": 100032,
        "reward_goods": [[60011,1],[60012,1],[60013,3]],
        "reward_active": "",
        "path": "ui_iconevent_maoxianfuben_png",
        "spine": -1
    },
    "1000013": {
        "id": 1000013,
        "name": "开始冒险吧",
        "des": "通关冒险副本5-7",
        "star": 1,
        "condition": 100035,
        "reward_goods": [[60011,1],[60012,1],[60013,3]],
        "reward_active": "",
        "path": "ui_iconevent_maoxianfuben_png",
        "spine": -1
    },
    "1000014": {
        "id": 1000014,
        "name": "开始冒险吧",
        "des": "通关冒险副本6-1",
        "star": 1,
        "condition": 100036,
        "reward_goods": [[60011,1],[60012,1],[60013,3]],
        "reward_active": "",
        "path": "ui_iconevent_maoxianfuben_png",
        "spine": -1
    },
    "1000015": {
        "id": 1000015,
        "name": "开始冒险吧",
        "des": "通关冒险副本6-4",
        "star": 1,
        "condition": 100039,
        "reward_goods": [[60011,1],[60012,1],[60013,3]],
        "reward_active": "",
        "path": "ui_iconevent_maoxianfuben_png",
        "spine": -1
    },
    "1000016": {
        "id": 1000016,
        "name": "开始冒险吧",
        "des": "通关冒险副本6-7",
        "star": 1,
        "condition": 100042,
        "reward_goods": [[60011,1],[60012,1],[60013,3]],
        "reward_active": "",
        "path": "ui_iconevent_maoxianfuben_png",
        "spine": -1
    },
    "1000017": {
        "id": 1000017,
        "name": "开始冒险吧",
        "des": "通关冒险副本7-1",
        "star": 1,
        "condition": 100043,
        "reward_goods": [[60011,1],[60012,1],[60013,3]],
        "reward_active": "",
        "path": "ui_iconevent_maoxianfuben_png",
        "spine": -1
    },
    "1000018": {
        "id": 1000018,
        "name": "开始冒险吧",
        "des": "通关冒险副本7-4",
        "star": 1,
        "condition": 100046,
        "reward_goods": [[60011,1],[60012,1],[60013,3]],
        "reward_active": "",
        "path": "ui_iconevent_maoxianfuben_png",
        "spine": -1
    },
    "1000019": {
        "id": 1000019,
        "name": "开始冒险吧",
        "des": "通关冒险副本7-7",
        "star": 1,
        "condition": 100049,
        "reward_goods": [[60011,1],[60012,1],[60013,3]],
        "reward_active": "",
        "path": "ui_iconevent_maoxianfuben_png",
        "spine": -1
    },
    "1000020": {
        "id": 1000020,
        "name": "开始冒险吧",
        "des": "通关冒险副本8-1",
        "star": 1,
        "condition": 100050,
        "reward_goods": [[60011,1],[60012,1],[60013,3]],
        "reward_active": "",
        "path": "ui_iconevent_maoxianfuben_png",
        "spine": -1
    },
    "1000021": {
        "id": 1000021,
        "name": "开始冒险吧",
        "des": "通关冒险副本8-4",
        "star": 1,
        "condition": 100053,
        "reward_goods": [[60011,1],[60012,1],[60013,3]],
        "reward_active": "",
        "path": "ui_iconevent_maoxianfuben_png",
        "spine": -1
    },
    "1000022": {
        "id": 1000022,
        "name": "开始冒险吧",
        "des": "通关冒险副本8-7",
        "star": 1,
        "condition": 100056,
        "reward_goods": [[60011,1],[60012,1],[60013,3]],
        "reward_active": "",
        "path": "ui_iconevent_maoxianfuben_png",
        "spine": -1
    },
    "1000023": {
        "id": 1000023,
        "name": "开始冒险吧",
        "des": "通关冒险副本9-1",
        "star": 1,
        "condition": 100057,
        "reward_goods": [[60011,1],[60012,1],[60013,3]],
        "reward_active": "",
        "path": "ui_iconevent_maoxianfuben_png",
        "spine": -1
    },
    "1000024": {
        "id": 1000024,
        "name": "开始冒险吧",
        "des": "通关冒险副本9-4",
        "star": 1,
        "condition": 100060,
        "reward_goods": [[60011,1],[60012,1],[60013,3]],
        "reward_active": "",
        "path": "ui_iconevent_maoxianfuben_png",
        "spine": -1
    },
    "1000025": {
        "id": 1000025,
        "name": "开始冒险吧",
        "des": "通关冒险副本9-7",
        "star": 1,
        "condition": 100063,
        "reward_goods": [[60011,1],[60012,1],[60013,3]],
        "reward_active": "",
        "path": "ui_iconevent_maoxianfuben_png",
        "spine": -1
    },
    "1000026": {
        "id": 1000026,
        "name": "开始冒险吧",
        "des": "通关冒险副本10-1",
        "star": 1,
        "condition": 100064,
        "reward_goods": [[60011,1],[60012,1],[60013,3]],
        "reward_active": "",
        "path": "ui_iconevent_maoxianfuben_png",
        "spine": -1
    },
    "1000027": {
        "id": 1000027,
        "name": "开始冒险吧",
        "des": "通关冒险副本10-4",
        "star": 1,
        "condition": 100067,
        "reward_goods": [[60011,1],[60012,1],[60013,3]],
        "reward_active": "",
        "path": "ui_iconevent_maoxianfuben_png",
        "spine": -1
    },
    "1000028": {
        "id": 1000028,
        "name": "开始冒险吧",
        "des": "通关冒险副本10-7",
        "star": 1,
        "condition": 100070,
        "reward_goods": [[60011,1],[60012,1],[60013,3]],
        "reward_active": "",
        "path": "ui_iconevent_maoxianfuben_png",
        "spine": -1
    },
    "1000029": {
        "id": 1000029,
        "name": "开始冒险吧",
        "des": "通关冒险副本11-1",
        "star": 1,
        "condition": 100071,
        "reward_goods": [[60011,1],[60012,1],[60013,3]],
        "reward_active": "",
        "path": "ui_iconevent_maoxianfuben_png",
        "spine": -1
    },
    "1000030": {
        "id": 1000030,
        "name": "开始冒险吧",
        "des": "通关冒险副本11-4",
        "star": 1,
        "condition": 100074,
        "reward_goods": [[60011,1],[60012,1],[60013,3]],
        "reward_active": "",
        "path": "ui_iconevent_maoxianfuben_png",
        "spine": -1
    },
    "1000031": {
        "id": 1000031,
        "name": "开始冒险吧",
        "des": "通关冒险副本11-7",
        "star": 1,
        "condition": 100077,
        "reward_goods": [[60011,1],[60012,1],[60013,3]],
        "reward_active": "",
        "path": "ui_iconevent_maoxianfuben_png",
        "spine": -1
    },
    "1000032": {
        "id": 1000032,
        "name": "开始冒险吧",
        "des": "通关冒险副本12-1",
        "star": 1,
        "condition": 100078,
        "reward_goods": [[60011,1],[60012,1],[60013,3]],
        "reward_active": "",
        "path": "ui_iconevent_maoxianfuben_png",
        "spine": -1
    },
    "1000033": {
        "id": 1000033,
        "name": "开始冒险吧",
        "des": "通关冒险副本12-4",
        "star": 1,
        "condition": 100081,
        "reward_goods": [[60011,1],[60012,1],[60013,3]],
        "reward_active": "",
        "path": "ui_iconevent_maoxianfuben_png",
        "spine": -1
    },
    "1000034": {
        "id": 1000034,
        "name": "开始冒险吧",
        "des": "通关冒险副本12-7",
        "star": 1,
        "condition": 100084,
        "reward_goods": [[60011,1],[60012,1],[60013,3]],
        "reward_active": "",
        "path": "ui_iconevent_maoxianfuben_png",
        "spine": -1
    },
    "1000035": {
        "id": 1000035,
        "name": "开始冒险吧",
        "des": "通关冒险副本13-1",
        "star": 1,
        "condition": 100085,
        "reward_goods": [[60011,1],[60012,1],[60013,3]],
        "reward_active": "",
        "path": "ui_iconevent_maoxianfuben_png",
        "spine": -1
    },
    "1000036": {
        "id": 1000036,
        "name": "开始冒险吧",
        "des": "通关冒险副本13-4",
        "star": 1,
        "condition": 100088,
        "reward_goods": [[60011,1],[60012,1],[60013,3]],
        "reward_active": "",
        "path": "ui_iconevent_maoxianfuben_png",
        "spine": -1
    },
    "1000037": {
        "id": 1000037,
        "name": "开始冒险吧",
        "des": "通关冒险副本13-7",
        "star": 1,
        "condition": 100091,
        "reward_goods": [[60011,1],[60012,1],[60013,3]],
        "reward_active": "",
        "path": "ui_iconevent_maoxianfuben_png",
        "spine": -1
    },
    "1000038": {
        "id": 1000038,
        "name": "开始冒险吧",
        "des": "通关冒险副本14-1",
        "star": 1,
        "condition": 100092,
        "reward_goods": [[60011,1],[60012,1],[60013,3]],
        "reward_active": "",
        "path": "ui_iconevent_maoxianfuben_png",
        "spine": -1
    },
    "1000039": {
        "id": 1000039,
        "name": "开始冒险吧",
        "des": "通关冒险副本14-4",
        "star": 1,
        "condition": 100095,
        "reward_goods": [[60011,1],[60012,1],[60013,3]],
        "reward_active": "",
        "path": "ui_iconevent_maoxianfuben_png",
        "spine": -1
    },
    "1000040": {
        "id": 1000040,
        "name": "开始冒险吧",
        "des": "通关冒险副本14-7",
        "star": 1,
        "condition": 100098,
        "reward_goods": [[60011,1],[60012,1],[60013,3]],
        "reward_active": "",
        "path": "ui_iconevent_maoxianfuben_png",
        "spine": -1
    },
    "1000041": {
        "id": 1000041,
        "name": "开始冒险吧",
        "des": "通关冒险副本15-1",
        "star": 1,
        "condition": 100099,
        "reward_goods": [[60011,1],[60012,1],[60013,3]],
        "reward_active": "",
        "path": "ui_iconevent_maoxianfuben_png",
        "spine": -1
    },
    "1000042": {
        "id": 1000042,
        "name": "开始冒险吧",
        "des": "通关冒险副本15-4",
        "star": 1,
        "condition": 100102,
        "reward_goods": [[60011,1],[60012,1],[60013,3]],
        "reward_active": "",
        "path": "ui_iconevent_maoxianfuben_png",
        "spine": -1
    },
    "1000043": {
        "id": 1000043,
        "name": "开始冒险吧",
        "des": "通关冒险副本15-7",
        "star": 1,
        "condition": 100105,
        "reward_goods": [[60011,1],[60012,1],[60013,3]],
        "reward_active": "",
        "path": "ui_iconevent_maoxianfuben_png",
        "spine": -1
    },
    "1000044": {
        "id": 1000044,
        "name": "开始冒险吧",
        "des": "通关冒险副本16-1",
        "star": 1,
        "condition": 100106,
        "reward_goods": [[60011,1],[60012,1],[60013,3]],
        "reward_active": "",
        "path": "ui_iconevent_maoxianfuben_png",
        "spine": -1
    },
    "1000045": {
        "id": 1000045,
        "name": "开始冒险吧",
        "des": "通关冒险副本16-4",
        "star": 1,
        "condition": 100109,
        "reward_goods": [[60011,1],[60012,1],[60013,3]],
        "reward_active": "",
        "path": "ui_iconevent_maoxianfuben_png",
        "spine": -1
    },
    "1000046": {
        "id": 1000046,
        "name": "开始冒险吧",
        "des": "通关冒险副本16-7",
        "star": 1,
        "condition": 100112,
        "reward_goods": [[60011,1],[60012,1],[60013,3]],
        "reward_active": "",
        "path": "ui_iconevent_maoxianfuben_png",
        "spine": -1
    },
    "1000500": {
        "id": 1000500,
        "name": "挑战自我",
        "des": "通关挑战副本1-1",
        "star": 1,
        "condition": 200001,
        "reward_goods": [[60011,1],[60012,1],[60013,3]],
        "reward_active": "",
        "path": "ui_iconevent_maoxianfuben_png",
        "spine": -1
    },
    "1000501": {
        "id": 1000501,
        "name": "挑战自我",
        "des": "通关挑战副本1-4",
        "star": 1,
        "condition": 200004,
        "reward_goods": [[60011,1],[60012,1],[60013,3]],
        "reward_active": "",
        "path": "ui_iconevent_maoxianfuben_png",
        "spine": -1
    },
    "1000502": {
        "id": 1000502,
        "name": "挑战自我",
        "des": "通关挑战副本1-7",
        "star": 1,
        "condition": 200007,
        "reward_goods": [[60011,1],[60012,1],[60013,3]],
        "reward_active": "",
        "path": "ui_iconevent_maoxianfuben_png",
        "spine": -1
    },
    "1000503": {
        "id": 1000503,
        "name": "挑战自我",
        "des": "通关挑战副本2-1",
        "star": 1,
        "condition": 200011,
        "reward_goods": [[60011,1],[60012,1],[60013,3]],
        "reward_active": "",
        "path": "ui_iconevent_maoxianfuben_png",
        "spine": -1
    },
    "1000504": {
        "id": 1000504,
        "name": "挑战自我",
        "des": "通关挑战副本2-4",
        "star": 1,
        "condition": 200014,
        "reward_goods": [[60011,1],[60012,1],[60013,3]],
        "reward_active": "",
        "path": "ui_iconevent_maoxianfuben_png",
        "spine": -1
    },
    "1000505": {
        "id": 1000505,
        "name": "挑战自我",
        "des": "通关挑战副本2-7",
        "star": 1,
        "condition": 200017,
        "reward_goods": [[60011,1],[60012,1],[60013,3]],
        "reward_active": "",
        "path": "ui_iconevent_maoxianfuben_png",
        "spine": -1
    },
    "1000506": {
        "id": 1000506,
        "name": "挑战自我",
        "des": "通关挑战副本3-1",
        "star": 1,
        "condition": 200021,
        "reward_goods": [[60011,1],[60012,1],[60013,3]],
        "reward_active": "",
        "path": "ui_iconevent_maoxianfuben_png",
        "spine": -1
    },
    "1000507": {
        "id": 1000507,
        "name": "挑战自我",
        "des": "通关挑战副本3-4",
        "star": 1,
        "condition": 200024,
        "reward_goods": [[60011,1],[60012,1],[60013,3]],
        "reward_active": "",
        "path": "ui_iconevent_maoxianfuben_png",
        "spine": -1
    },
    "1000508": {
        "id": 1000508,
        "name": "挑战自我",
        "des": "通关挑战副本3-7",
        "star": 1,
        "condition": 200027,
        "reward_goods": [[60011,1],[60012,1],[60013,3]],
        "reward_active": "",
        "path": "ui_iconevent_maoxianfuben_png",
        "spine": -1
    },
    "1000509": {
        "id": 1000509,
        "name": "挑战自我",
        "des": "通关挑战副本4-1",
        "star": 1,
        "condition": 200031,
        "reward_goods": [[60011,1],[60012,1],[60013,3]],
        "reward_active": "",
        "path": "ui_iconevent_maoxianfuben_png",
        "spine": -1
    },
    "1000510": {
        "id": 1000510,
        "name": "挑战自我",
        "des": "通关挑战副本4-4",
        "star": 1,
        "condition": 200034,
        "reward_goods": [[60011,1],[60012,1],[60013,3]],
        "reward_active": "",
        "path": "ui_iconevent_maoxianfuben_png",
        "spine": -1
    },
    "1000511": {
        "id": 1000511,
        "name": "挑战自我",
        "des": "通关挑战副本4-7",
        "star": 1,
        "condition": 200037,
        "reward_goods": [[60011,1],[60012,1],[60013,3]],
        "reward_active": "",
        "path": "ui_iconevent_maoxianfuben_png",
        "spine": -1
    },
    "1000512": {
        "id": 1000512,
        "name": "挑战自我",
        "des": "通关挑战副本5-1",
        "star": 1,
        "condition": 200041,
        "reward_goods": [[60011,1],[60012,1],[60013,3]],
        "reward_active": "",
        "path": "ui_iconevent_maoxianfuben_png",
        "spine": -1
    },
    "1000513": {
        "id": 1000513,
        "name": "挑战自我",
        "des": "通关挑战副本5-4",
        "star": 1,
        "condition": 200044,
        "reward_goods": [[60011,1],[60012,1],[60013,3]],
        "reward_active": "",
        "path": "ui_iconevent_maoxianfuben_png",
        "spine": -1
    },
    "1000514": {
        "id": 1000514,
        "name": "挑战自我",
        "des": "通关挑战副本5-7",
        "star": 1,
        "condition": 200047,
        "reward_goods": [[60011,1],[60012,1],[60013,3]],
        "reward_active": "",
        "path": "ui_iconevent_maoxianfuben_png",
        "spine": -1
    },
    "1000515": {
        "id": 1000515,
        "name": "挑战自我",
        "des": "通关挑战副本6-1",
        "star": 1,
        "condition": 200051,
        "reward_goods": [[60011,1],[60012,1],[60013,3]],
        "reward_active": "",
        "path": "ui_iconevent_maoxianfuben_png",
        "spine": -1
    },
    "1000516": {
        "id": 1000516,
        "name": "挑战自我",
        "des": "通关挑战副本6-4",
        "star": 1,
        "condition": 200054,
        "reward_goods": [[60011,1],[60012,1],[60013,3]],
        "reward_active": "",
        "path": "ui_iconevent_maoxianfuben_png",
        "spine": -1
    },
    "1000517": {
        "id": 1000517,
        "name": "挑战自我",
        "des": "通关挑战副本6-7",
        "star": 1,
        "condition": 200057,
        "reward_goods": [[60011,1],[60012,1],[60013,3]],
        "reward_active": "",
        "path": "ui_iconevent_maoxianfuben_png",
        "spine": -1
    },
    "1000518": {
        "id": 1000518,
        "name": "挑战自我",
        "des": "通关挑战副本7-1",
        "star": 1,
        "condition": 200061,
        "reward_goods": [[60011,1],[60012,1],[60013,3]],
        "reward_active": "",
        "path": "ui_iconevent_maoxianfuben_png",
        "spine": -1
    },
    "1000519": {
        "id": 1000519,
        "name": "挑战自我",
        "des": "通关挑战副本7-4",
        "star": 1,
        "condition": 200064,
        "reward_goods": [[60011,1],[60012,1],[60013,3]],
        "reward_active": "",
        "path": "ui_iconevent_maoxianfuben_png",
        "spine": -1
    },
    "1000520": {
        "id": 1000520,
        "name": "挑战自我",
        "des": "通关冒险副本7-7",
        "star": 1,
        "condition": 200067,
        "reward_goods": [[60011,1],[60012,1],[60013,3]],
        "reward_active": "",
        "path": "ui_iconevent_maoxianfuben_png",
        "spine": -1
    },
    "1000801": {
        "id": 1000801,
        "name": "猎人进阶",
        "des": "将任意1个猎人进阶到+1",
        "star": 1,
        "condition": 1,
        "reward_goods": [[60011,1],[60012,1],[60013,3]],
        "reward_active": "",
        "path": "ui_iconevent_maoxianfuben_png",
        "spine": -1
    },
    "1000802": {
        "id": 1000802,
        "name": "猎人进阶",
        "des": "将任意1个猎人进阶到+2",
        "star": 1,
        "condition": 2,
        "reward_goods": [[60011,1],[60012,1],[60013,3]],
        "reward_active": "",
        "path": "ui_iconevent_maoxianfuben_png",
        "spine": -1
    },
    "1000803": {
        "id": 1000803,
        "name": "猎人进阶",
        "des": "将任意1个猎人进阶到+3",
        "star": 1,
        "condition": 3,
        "reward_goods": [[60011,1],[60012,1],[60013,3]],
        "reward_active": "",
        "path": "ui_iconevent_maoxianfuben_png",
        "spine": -1
    },
    "1000804": {
        "id": 1000804,
        "name": "猎人进阶",
        "des": "将任意1个猎人进阶到+4",
        "star": 1,
        "condition": 4,
        "reward_goods": [[60011,1],[60012,1],[60013,3]],
        "reward_active": "",
        "path": "ui_iconevent_maoxianfuben_png",
        "spine": -1
    },
    "1000805": {
        "id": 1000805,
        "name": "猎人进阶",
        "des": "将任意1个猎人进阶到+5",
        "star": 1,
        "condition": 5,
        "reward_goods": [[60011,1],[60012,1],[60013,3]],
        "reward_active": "",
        "path": "ui_iconevent_maoxianfuben_png",
        "spine": -1
    },
    "1000806": {
        "id": 1000806,
        "name": "猎人进阶",
        "des": "将任意1个猎人进阶到+6",
        "star": 1,
        "condition": 6,
        "reward_goods": [[60011,1],[60012,1],[60013,3]],
        "reward_active": "",
        "path": "ui_iconevent_maoxianfuben_png",
        "spine": -1
    },
    "1000807": {
        "id": 1000807,
        "name": "猎人进阶",
        "des": "将任意1个猎人进阶到+7",
        "star": 1,
        "condition": 7,
        "reward_goods": [[60011,1],[60012,1],[60013,3]],
        "reward_active": "",
        "path": "ui_iconevent_maoxianfuben_png",
        "spine": -1
    },
    "1000808": {
        "id": 1000808,
        "name": "猎人进阶",
        "des": "将任意1个猎人进阶到+8",
        "star": 1,
        "condition": 8,
        "reward_goods": [[60011,1],[60012,1],[60013,3]],
        "reward_active": "",
        "path": "ui_iconevent_maoxianfuben_png",
        "spine": -1
    },
    "1000809": {
        "id": 1000809,
        "name": "猎人进阶",
        "des": "将任意1个猎人进阶到+9",
        "star": 1,
        "condition": 9,
        "reward_goods": [[60011,1],[60012,1],[60013,3]],
        "reward_active": "",
        "path": "ui_iconevent_maoxianfuben_png",
        "spine": -1
    },
    "1000810": {
        "id": 1000810,
        "name": "猎人进阶",
        "des": "将任意1个猎人进阶到+10",
        "star": 1,
        "condition": 10,
        "reward_goods": [[60011,1],[60012,1],[60013,3]],
        "reward_active": "",
        "path": "ui_iconevent_maoxianfuben_png",
        "spine": -1
    },
    "10008101": {
        "id": 10008101,
        "name": "通关玛琪5",
        "des": "<color>r=255,g=255,b=255</color><text>通关流星街-玛琪</text><color>r=255,g=140,b=20</color><text>5层</text>",
        "star": 1,
        "condition": 50005,
        "reward_goods": [[60011,1],[60012,1],[60013,3]],
        "reward_active": "",
        "path": "ui_iconevent_tansuofuben_png",
        "spine": -1
    },
    "10008102": {
        "id": 10008102,
        "name": "通关玛琪7",
        "des": "<color>r=255,g=255,b=255</color><text>通关流星街-玛琪</text><color>r=255,g=140,b=20</color><text>7层</text>",
        "star": 2,
        "condition": 50007,
        "reward_goods": [[60011,1],[60012,1],[60013,3]],
        "reward_active": "",
        "path": "ui_iconevent_tansuofuben_png",
        "spine": -1
    },
    "10008103": {
        "id": 10008103,
        "name": "通关玛琪8",
        "des": "<color>r=255,g=255,b=255</color><text>通关流星街-玛琪</text><color>r=255,g=140,b=20</color><text>8层</text>",
        "star": 3,
        "condition": 50008,
        "reward_goods": [[60011,1],[60012,1],[60013,3]],
        "reward_active": "",
        "path": "ui_iconevent_tansuofuben_png",
        "spine": -1
    },
    "1000811": {
        "id": 1000811,
        "name": "猎人进阶",
        "des": "将任意1个猎人进阶到+11",
        "star": 1,
        "condition": 11,
        "reward_goods": [[60011,1],[60012,1],[60013,3]],
        "reward_active": "",
        "path": "ui_iconevent_maoxianfuben_png",
        "spine": -1
    },
    "1000812": {
        "id": 1000812,
        "name": "猎人进阶",
        "des": "将任意1个猎人进阶到+12",
        "star": 1,
        "condition": 12,
        "reward_goods": [[60011,1],[60012,1],[60013,3]],
        "reward_active": "",
        "path": "ui_iconevent_maoxianfuben_png",
        "spine": -1
    },
    "10008301": {
        "id": 10008301,
        "name": "获得X资质发系卡片N个",
        "des": "<color>r=255,g=255,b=255</color><text>获得</text><color>r=255,g=140,b=20</color><text>10个</text><color>r=255,g=255,b=255</color><text>发系蓝色卡片</text>",
        "star": 1,
        "condition": 30010,
        "reward_goods": [[60011,1],[60012,1],[60013,3]],
        "reward_active": "",
        "path": "ui_iconevent_tansuofuben_png",
        "spine": -1
    },
    "10008302": {
        "id": 10008302,
        "name": "获得X资质卡片N个",
        "des": "<color>r=255,g=255,b=255</color><text>获得</text><color>r=255,g=140,b=20</color><text>10个</text><color>r=255,g=255,b=255</color><text>发系紫色卡片</text>",
        "star": 2,
        "condition": 40010,
        "reward_goods": [[60011,1],[60012,1],[60013,3]],
        "reward_active": "",
        "path": "ui_iconevent_tansuofuben_png",
        "spine": -1
    },
    "10008303": {
        "id": 10008303,
        "name": "获得X资质卡片N个",
        "des": "<color>r=255,g=255,b=255</color><text>获得</text><color>r=255,g=140,b=20</color><text>20个</text><color>r=255,g=255,b=255</color><text>发系紫色卡片</text>",
        "star": 3,
        "condition": 40020,
        "reward_goods": [[60011,1],[60012,1],[60013,3]],
        "reward_active": "",
        "path": "ui_iconevent_tansuofuben_png",
        "spine": -1
    },
    "10008401": {
        "id": 10008401,
        "name": "卡片升几级几次",
        "des": "<color>r=255,g=255,b=255</color><text>发系卡片升到</text><color>r=255,g=140,b=20</color><text>15级5次</text>",
        "star": 1,
        "condition": 150005,
        "reward_goods": [[60011,1],[60012,1],[60013,3]],
        "reward_active": "",
        "path": "ui_iconevent_tansuofuben_png",
        "spine": -1
    },
    "10008402": {
        "id": 10008402,
        "name": "卡片升几级几次",
        "des": "<color>r=255,g=255,b=255</color><text>发系卡片升到</text><color>r=255,g=140,b=20</color><text>20级4次</text>",
        "star": 2,
        "condition": 200004,
        "reward_goods": [[60011,1],[60012,1],[60013,3]],
        "reward_active": "",
        "path": "ui_iconevent_tansuofuben_png",
        "spine": -1
    },
    "10008403": {
        "id": 10008403,
        "name": "卡片升几级几次",
        "des": "<color>r=255,g=255,b=255</color><text>发系卡片升到</text><color>r=255,g=140,b=20</color><text>25级3次</text>",
        "star": 3,
        "condition": 250003,
        "reward_goods": [[60011,1],[60012,1],[60013,3]],
        "reward_active": "",
        "path": "ui_iconevent_tansuofuben_png",
        "spine": -1
    },
    "1001701": {
        "id": 1001701,
        "name": "贪婪的果子",
        "des": "累计在贪婪之岛采集10个果子",
        "star": 1,
        "condition": 10,
        "reward_goods": [[60011,1],[60012,1],[60013,3]],
        "reward_active": "",
        "path": "ui_iconevent_maoxianfuben_png",
        "spine": -1
    },
    "1001702": {
        "id": 1001702,
        "name": "贪婪的果子",
        "des": "累计在贪婪之岛采集25个果子",
        "star": 1,
        "condition": 25,
        "reward_goods": [[60011,1],[60012,1],[60013,3]],
        "reward_active": "",
        "path": "ui_iconevent_maoxianfuben_png",
        "spine": -1
    },
    "1001703": {
        "id": 1001703,
        "name": "贪婪的果子",
        "des": "累计在贪婪之岛采集50个果子",
        "star": 1,
        "condition": 50,
        "reward_goods": [[60011,1],[60012,1],[60013,3]],
        "reward_active": "",
        "path": "ui_iconevent_maoxianfuben_png",
        "spine": -1
    },
    "1001704": {
        "id": 1001704,
        "name": "贪婪的果子",
        "des": "累计在贪婪之岛采集100个果子",
        "star": 1,
        "condition": 100,
        "reward_goods": [[60011,1],[60012,1],[60013,3]],
        "reward_active": "",
        "path": "ui_iconevent_maoxianfuben_png",
        "spine": -1
    },
    "1001705": {
        "id": 1001705,
        "name": "贪婪的果子",
        "des": "累计在贪婪之岛采集200个果子",
        "star": 1,
        "condition": 200,
        "reward_goods": [[60011,1],[60012,1],[60013,3]],
        "reward_active": "",
        "path": "ui_iconevent_maoxianfuben_png",
        "spine": -1
    },
    "1001706": {
        "id": 1001706,
        "name": "贪婪的果子",
        "des": "累计在贪婪之岛采集300个果子",
        "star": 1,
        "condition": 300,
        "reward_goods": [[60011,1],[60012,1],[60013,3]],
        "reward_active": "",
        "path": "ui_iconevent_maoxianfuben_png",
        "spine": -1
    },
    "1001707": {
        "id": 1001707,
        "name": "贪婪的果子",
        "des": "累计在贪婪之岛采集500个果子",
        "star": 1,
        "condition": 500,
        "reward_goods": [[60011,1],[60012,1],[60013,3]],
        "reward_active": "",
        "path": "ui_iconevent_maoxianfuben_png",
        "spine": -1
    },
    "1006601": {
        "id": 1006601,
        "name": "开包达人",
        "des": "累计开启10个卡包",
        "star": 1,
        "condition": 10,
        "reward_goods": [[60011,1],[60012,1],[60013,3]],
        "reward_active": "",
        "path": "ui_iconevent_maoxianfuben_png",
        "spine": -1
    },
    "1006602": {
        "id": 1006602,
        "name": "开包达人",
        "des": "累计开启20个卡包",
        "star": 1,
        "condition": 20,
        "reward_goods": [[60011,1],[60012,1],[60013,3]],
        "reward_active": "",
        "path": "ui_iconevent_maoxianfuben_png",
        "spine": -1
    },
    "1006603": {
        "id": 1006603,
        "name": "开包达人",
        "des": "累计开启30个卡包",
        "star": 1,
        "condition": 30,
        "reward_goods": [[60011,1],[60012,1],[60013,3]],
        "reward_active": "",
        "path": "ui_iconevent_maoxianfuben_png",
        "spine": -1
    },
    "1006604": {
        "id": 1006604,
        "name": "开包达人",
        "des": "累计开启50个卡包",
        "star": 1,
        "condition": 50,
        "reward_goods": [[60011,1],[60012,1],[60013,3]],
        "reward_active": "",
        "path": "ui_iconevent_maoxianfuben_png",
        "spine": -1
    },
    "1006605": {
        "id": 1006605,
        "name": "开包达人",
        "des": "累计开启100个卡包",
        "star": 1,
        "condition": 100,
        "reward_goods": [[60011,1],[60012,1],[60013,3]],
        "reward_active": "",
        "path": "ui_iconevent_maoxianfuben_png",
        "spine": -1
    },
    "1007801": {
        "id": 1007801,
        "name": "酒馆畅饮",
        "des": "畅饮啤酒5次",
        "star": 1,
        "condition": 5,
        "reward_goods": [[60011,1],[60012,1],[60013,3]],
        "reward_active": "",
        "path": "ui_iconevent_maoxianfuben_png",
        "spine": -1
    },
    "1007802": {
        "id": 1007802,
        "name": "酒馆畅饮",
        "des": "畅饮啤酒30次",
        "star": 1,
        "condition": 30,
        "reward_goods": [[60011,1],[60012,1],[60013,3]],
        "reward_active": "",
        "path": "ui_iconevent_maoxianfuben_png",
        "spine": -1
    },
    "1007803": {
        "id": 1007803,
        "name": "酒馆畅饮",
        "des": "畅饮啤酒60次",
        "star": 1,
        "condition": 60,
        "reward_goods": [[60011,1],[60012,1],[60013,3]],
        "reward_active": "",
        "path": "ui_iconevent_maoxianfuben_png",
        "spine": -1
    },
    "1007804": {
        "id": 1007804,
        "name": "酒馆畅饮",
        "des": "畅饮啤酒80次",
        "star": 1,
        "condition": 80,
        "reward_goods": [[60011,1],[60012,1],[60013,3]],
        "reward_active": "",
        "path": "ui_iconevent_maoxianfuben_png",
        "spine": -1
    },
    "1007805": {
        "id": 1007805,
        "name": "酒馆畅饮",
        "des": "畅饮啤酒150次",
        "star": 1,
        "condition": 150,
        "reward_goods": [[60011,1],[60012,1],[60013,3]],
        "reward_active": "",
        "path": "ui_iconevent_maoxianfuben_png",
        "spine": -1
    },
    "1007806": {
        "id": 1007806,
        "name": "酒馆畅饮",
        "des": "畅饮啤酒200次",
        "star": 1,
        "condition": 200,
        "reward_goods": [[60011,1],[60012,1],[60013,3]],
        "reward_active": "",
        "path": "ui_iconevent_maoxianfuben_png",
        "spine": -1
    },
    "1007807": {
        "id": 1007807,
        "name": "酒馆畅饮",
        "des": "畅饮啤酒300次",
        "star": 1,
        "condition": 300,
        "reward_goods": [[60011,1],[60012,1],[60013,3]],
        "reward_active": "",
        "path": "ui_iconevent_maoxianfuben_png",
        "spine": -1
    },
    "1007808": {
        "id": 1007808,
        "name": "酒馆畅饮",
        "des": "畅饮啤酒500次",
        "star": 1,
        "condition": 500,
        "reward_goods": [[60011,1],[60012,1],[60013,3]],
        "reward_active": "",
        "path": "ui_iconevent_maoxianfuben_png",
        "spine": -1
    },
    "1007809": {
        "id": 1007809,
        "name": "酒馆畅饮",
        "des": "畅饮啤酒700次",
        "star": 1,
        "condition": 700,
        "reward_goods": [[60011,1],[60012,1],[60013,3]],
        "reward_active": "",
        "path": "ui_iconevent_maoxianfuben_png",
        "spine": -1
    },
    "1008701": {
        "id": 1008701,
        "name": "S级猎人",
        "des": "获得1个S资质猎人",
        "star": 1,
        "condition": 140001,
        "reward_goods": [[60011,1],[60012,1],[60013,3]],
        "reward_active": "",
        "path": "ui_iconevent_maoxianfuben_png",
        "spine": -1
    },
    "1008702": {
        "id": 1008702,
        "name": "S级猎人",
        "des": "获得2个S资质猎人",
        "star": 1,
        "condition": 140002,
        "reward_goods": [[60011,1],[60012,1],[60013,3]],
        "reward_active": "",
        "path": "ui_iconevent_maoxianfuben_png",
        "spine": -1
    },
    "1008703": {
        "id": 1008703,
        "name": "S级猎人",
        "des": "获得3个S资质猎人",
        "star": 1,
        "condition": 140003,
        "reward_goods": [[60011,1],[60012,1],[60013,3]],
        "reward_active": "",
        "path": "ui_iconevent_maoxianfuben_png",
        "spine": -1
    },
    "1008704": {
        "id": 1008704,
        "name": "S级猎人",
        "des": "获得4个S资质猎人",
        "star": 1,
        "condition": 140004,
        "reward_goods": [[60011,1],[60012,1],[60013,3]],
        "reward_active": "",
        "path": "ui_iconevent_maoxianfuben_png",
        "spine": -1
    },
    "1008705": {
        "id": 1008705,
        "name": "S级猎人",
        "des": "获得6个S资质猎人",
        "star": 1,
        "condition": 140006,
        "reward_goods": [[60011,1],[60012,1],[60013,3]],
        "reward_active": "",
        "path": "ui_iconevent_maoxianfuben_png",
        "spine": -1
    },
    "1008706": {
        "id": 1008706,
        "name": "S级猎人",
        "des": "获得10个S资质猎人",
        "star": 1,
        "condition": 140010,
        "reward_goods": [[60011,1],[60012,1],[60013,3]],
        "reward_active": "",
        "path": "ui_iconevent_maoxianfuben_png",
        "spine": -1
    },
    "1008707": {
        "id": 1008707,
        "name": "S级猎人",
        "des": "获得20个S资质猎人",
        "star": 1,
        "condition": 140020,
        "reward_goods": [[60011,1],[60012,1],[60013,3]],
        "reward_active": "",
        "path": "ui_iconevent_maoxianfuben_png",
        "spine": -1
    },
    "1008708": {
        "id": 1008708,
        "name": "S级猎人",
        "des": "获得50个S资质猎人",
        "star": 1,
        "condition": 140050,
        "reward_goods": [[60011,1],[60012,1],[60013,3]],
        "reward_active": "",
        "path": "ui_iconevent_maoxianfuben_png",
        "spine": -1
    },
    "1008709": {
        "id": 1008709,
        "name": "S级猎人",
        "des": "获得100个S资质猎人",
        "star": 1,
        "condition": 140100,
        "reward_goods": [[60011,1],[60012,1],[60013,3]],
        "reward_active": "",
        "path": "ui_iconevent_maoxianfuben_png",
        "spine": -1
    },
    "1008710": {
        "id": 1008710,
        "name": "S级猎人",
        "des": "获得200个S资质猎人",
        "star": 1,
        "condition": 140200,
        "reward_goods": [[60011,1],[60012,1],[60013,3]],
        "reward_active": "",
        "path": "ui_iconevent_maoxianfuben_png",
        "spine": -1
    },
    "12000501": {
        "id": 12000501,
        "name": "购买体力次数",
        "des": "<text>钻石购买</text><color>r=255,g=140,b=20</color><text>1次</text><text>体力</text>",
        "star": 1,
        "condition": 1,
        "reward_goods": [[60011,1],[60012,1],[60013,3]],
        "reward_active": "",
        "path": "ui_iconevent_tansuofuben_png",
        "spine": -1
    },
    "12000502": {
        "id": 12000502,
        "name": "购买体力次数",
        "des": "<text>钻石购买</text><color>r=255,g=140,b=20</color><text>3次</text><text>体力</text>",
        "star": 2,
        "condition": 3,
        "reward_goods": [[60011,1],[60012,1],[60013,3]],
        "reward_active": "",
        "path": "ui_iconevent_tansuofuben_png",
        "spine": -1
    },
    "12000503": {
        "id": 12000503,
        "name": "购买体力次数",
        "des": "<text>钻石购买</text><color>r=255,g=140,b=20</color><text>6次</text><text>体力</text>",
        "star": 3,
        "condition": 6,
        "reward_goods": [[60011,1],[60012,1],[60013,3]],
        "reward_active": "",
        "path": "ui_iconevent_tansuofuben_png",
        "spine": -1
    },
    "12000504": {
        "id": 12000504,
        "name": "购买体力次数",
        "des": "<text>钻石购买</text><color>r=255,g=140,b=20</color><text>10次</text><text>体力</text>",
        "star": 4,
        "condition": 10,
        "reward_goods": [[60011,1],[60012,1],[60013,3]],
        "reward_active": "",
        "path": "ui_iconevent_tansuofuben_png",
        "spine": -1
    },
    "12000505": {
        "id": 12000505,
        "name": "购买体力次数",
        "des": "<text>钻石购买</text><color>r=255,g=140,b=20</color><text>15次</text><text>体力</text>",
        "star": 5,
        "condition": 15,
        "reward_goods": [[60011,1],[60012,1],[60013,3]],
        "reward_active": "",
        "path": "ui_iconevent_tansuofuben_png",
        "spine": -1
    },
    "12001401": {
        "id": 12001401,
        "name": "猎人觉醒",
        "des": "<text>觉醒任意猎人</text><color>r=255,g=140,b=20</color><text>1次</text>",
        "star": 1,
        "condition": 1,
        "reward_goods": [[60011,1],[60012,1],[60013,3]],
        "reward_active": "",
        "path": "ui_iconevent_tansuofuben_png",
        "spine": -1
    },
    "12001402": {
        "id": 12001402,
        "name": "猎人觉醒",
        "des": "<text>觉醒任意猎人</text><color>r=255,g=140,b=20</color><text>2次</text>",
        "star": 2,
        "condition": 2,
        "reward_goods": [[60011,1],[60012,1],[60013,3]],
        "reward_active": "",
        "path": "ui_iconevent_tansuofuben_png",
        "spine": -1
    },
    "12001403": {
        "id": 12001403,
        "name": "猎人觉醒",
        "des": "<text>觉醒任意猎人</text><color>r=255,g=140,b=20</color><text>3次</text>",
        "star": 3,
        "condition": 3,
        "reward_goods": [[60011,1],[60012,1],[60013,3]],
        "reward_active": "",
        "path": "ui_iconevent_tansuofuben_png",
        "spine": -1
    },
    "12001404": {
        "id": 12001404,
        "name": "猎人觉醒",
        "des": "<text>觉醒任意猎人</text><color>r=255,g=140,b=20</color><text>4次</text>",
        "star": 4,
        "condition": 4,
        "reward_goods": [[60011,1],[60012,1],[60013,3]],
        "reward_active": "",
        "path": "ui_iconevent_tansuofuben_png",
        "spine": -1
    },
    "12001405": {
        "id": 12001405,
        "name": "猎人觉醒",
        "des": "<text>觉醒任意猎人</text><color>r=255,g=140,b=20</color><text>5次</text>",
        "star": 5,
        "condition": 5,
        "reward_goods": [[60011,1],[60012,1],[60013,3]],
        "reward_active": "",
        "path": "ui_iconevent_tansuofuben_png",
        "spine": -1
    },
    "12001801": {
        "id": 12001801,
        "name": "使用金币",
        "des": "<text>使用</text><color>r=255,g=140,b=20</color><text>10万</text><text>金币</text>",
        "star": 1,
        "condition": 100000,
        "reward_goods": [[60011,1],[60012,1],[60013,3]],
        "reward_active": "",
        "path": "ui_iconevent_tansuofuben_png",
        "spine": -1
    },
    "12001802": {
        "id": 12001802,
        "name": "使用金币",
        "des": "<text>使用</text><color>r=255,g=140,b=20</color><text>50万</text><text>金币</text>",
        "star": 2,
        "condition": 500000,
        "reward_goods": [[60011,1],[60012,1],[60013,3]],
        "reward_active": "",
        "path": "ui_iconevent_tansuofuben_png",
        "spine": -1
    },
    "12001803": {
        "id": 12001803,
        "name": "使用金币",
        "des": "<text>使用</text><color>r=255,g=140,b=20</color><text>100万</text><text>金币</text>",
        "star": 3,
        "condition": 1000000,
        "reward_goods": [[60011,1],[60012,1],[60013,3]],
        "reward_active": "",
        "path": "ui_iconevent_tansuofuben_png",
        "spine": -1
    },
    "12001804": {
        "id": 12001804,
        "name": "使用金币",
        "des": "<text>使用</text><color>r=255,g=140,b=20</color><text>200万</text><text>金币</text>",
        "star": 4,
        "condition": 2000000,
        "reward_goods": [[60011,1],[60012,1],[60013,3]],
        "reward_active": "",
        "path": "ui_iconevent_tansuofuben_png",
        "spine": -1
    },
    "12001805": {
        "id": 12001805,
        "name": "使用金币",
        "des": "<text>使用</text><color>r=255,g=140,b=20</color><text>300万</text><text>金币</text>",
        "star": 5,
        "condition": 3000000,
        "reward_goods": [[60011,1],[60012,1],[60013,3]],
        "reward_active": "",
        "path": "ui_iconevent_tansuofuben_png",
        "spine": -1
    },
    "12003701": {
        "id": 12003701,
        "name": "购买金币次数",
        "des": "<text>使用钻石探索</text><color>r=255,g=140,b=20</color><text>1次</text><text>金币宝藏</text>",
        "star": 1,
        "condition": 1,
        "reward_goods": [[60011,1],[60012,1],[60013,3]],
        "reward_active": "",
        "path": "ui_iconevent_tansuofuben_png",
        "spine": -1
    },
    "12003702": {
        "id": 12003702,
        "name": "购买金币次数",
        "des": "<text>使用钻石探索</text><color>r=255,g=140,b=20</color><text>3次</text><text>金币宝藏</text>",
        "star": 2,
        "condition": 3,
        "reward_goods": [[60011,1],[60012,1],[60013,3]],
        "reward_active": "",
        "path": "ui_iconevent_tansuofuben_png",
        "spine": -1
    },
    "12003703": {
        "id": 12003703,
        "name": "购买金币次数",
        "des": "<text>使用钻石探索</text><color>r=255,g=140,b=20</color><text>8次</text><text>金币宝藏</text>",
        "star": 3,
        "condition": 8,
        "reward_goods": [[60011,1],[60012,1],[60013,3]],
        "reward_active": "",
        "path": "ui_iconevent_tansuofuben_png",
        "spine": -1
    },
    "12003704": {
        "id": 12003704,
        "name": "购买金币次数",
        "des": "<text>使用钻石探索</text><color>r=255,g=140,b=20</color><text>12次</text><text>金币宝藏</text>",
        "star": 4,
        "condition": 12,
        "reward_goods": [[60011,1],[60012,1],[60013,3]],
        "reward_active": "",
        "path": "ui_iconevent_tansuofuben_png",
        "spine": -1
    },
    "12003705": {
        "id": 12003705,
        "name": "购买金币次数",
        "des": "<text>使用钻石探索</text><color>r=255,g=140,b=20</color><text>20次</text><text>金币宝藏</text>",
        "star": 5,
        "condition": 20,
        "reward_goods": [[60011,1],[60012,1],[60013,3]],
        "reward_active": "",
        "path": "ui_iconevent_tansuofuben_png",
        "spine": -1
    },
    "12003801": {
        "id": 12003801,
        "name": "使用体力",
        "des": "<text>累计使用</text><color>r=255,g=140,b=20</color><text>500</text><text>体力</text>",
        "star": 1,
        "condition": 500,
        "reward_goods": [[60011,1],[60012,1],[60013,3]],
        "reward_active": "",
        "path": "ui_iconevent_tansuofuben_png",
        "spine": -1
    },
    "12003802": {
        "id": 12003802,
        "name": "使用体力",
        "des": "<text>累计使用</text><color>r=255,g=140,b=20</color><text>1000</text><text>体力</text>",
        "star": 2,
        "condition": 1000,
        "reward_goods": [[60011,1],[60012,1],[60013,3]],
        "reward_active": "",
        "path": "ui_iconevent_tansuofuben_png",
        "spine": -1
    },
    "12003803": {
        "id": 12003803,
        "name": "使用体力",
        "des": "<text>累计使用</text><color>r=255,g=140,b=20</color><text>2000</text><text>体力</text>",
        "star": 3,
        "condition": 2000,
        "reward_goods": [[60011,1],[60012,1],[60013,3]],
        "reward_active": "",
        "path": "ui_iconevent_tansuofuben_png",
        "spine": -1
    },
    "12003804": {
        "id": 12003804,
        "name": "使用体力",
        "des": "<text>累计使用</text><color>r=255,g=140,b=20</color><text>3000</text><text>体力</text>",
        "star": 4,
        "condition": 3000,
        "reward_goods": [[60011,1],[60012,1],[60013,3]],
        "reward_active": "",
        "path": "ui_iconevent_tansuofuben_png",
        "spine": -1
    },
    "12003805": {
        "id": 12003805,
        "name": "使用体力",
        "des": "<text>累计使用</text><color>r=255,g=140,b=20</color><text>5000</text><text>体力</text>",
        "star": 5,
        "condition": 5000,
        "reward_goods": [[60011,1],[60012,1],[60013,3]],
        "reward_active": "",
        "path": "ui_iconevent_tansuofuben_png",
        "spine": -1
    },
    "12006201": {
        "id": 12006201,
        "name": "探索副本次数",
        "des": "<text>进行</text><color>r=255,g=140,b=20</color><text>1次</text><text>地区探索</text>",
        "star": 1,
        "condition": 1,
        "reward_goods": [[60011,1],[60012,1],[60013,3]],
        "reward_active": "",
        "path": "ui_iconevent_tansuofuben_png",
        "spine": -1
    },
    "12006202": {
        "id": 12006202,
        "name": "探索副本次数",
        "des": "<text>进行</text><color>r=255,g=140,b=20</color><text>2次</text><text>地区探索</text>",
        "star": 2,
        "condition": 2,
        "reward_goods": [[60011,1],[60012,1],[60013,3]],
        "reward_active": "",
        "path": "ui_iconevent_tansuofuben_png",
        "spine": -1
    },
    "12006203": {
        "id": 12006203,
        "name": "探索副本次数",
        "des": "<text>进行</text><color>r=255,g=140,b=20</color><text>4次</text><text>地区探索</text>",
        "star": 3,
        "condition": 4,
        "reward_goods": [[60011,1],[60012,1],[60013,3]],
        "reward_active": "",
        "path": "ui_iconevent_tansuofuben_png",
        "spine": -1
    },
    "12006204": {
        "id": 12006204,
        "name": "探索副本次数",
        "des": "<text>进行</text><color>r=255,g=140,b=20</color><text>6次</text><text>地区探索</text>",
        "star": 4,
        "condition": 6,
        "reward_goods": [[60011,1],[60012,1],[60013,3]],
        "reward_active": "",
        "path": "ui_iconevent_tansuofuben_png",
        "spine": -1
    },
    "12006205": {
        "id": 12006205,
        "name": "探索副本次数",
        "des": "<text>进行</text><color>r=255,g=140,b=20</color><text>8次</text><text>地区探索</text>",
        "star": 5,
        "condition": 8,
        "reward_goods": [[60011,1],[60012,1],[60013,3]],
        "reward_active": "",
        "path": "ui_iconevent_tansuofuben_png",
        "spine": -1
    },
    "12007801": {
        "id": 12007801,
        "name": "酒馆畅饮",
        "des": "<text>畅饮啤酒</text><color>r=255,g=140,b=20</color><text>10次</text>",
        "star": 1,
        "condition": 10,
        "reward_goods": [[60011,1],[60012,1],[60013,3]],
        "reward_active": "",
        "path": "ui_iconevent_tansuofuben_png",
        "spine": -1
    },
    "12007802": {
        "id": 12007802,
        "name": "酒馆畅饮",
        "des": "<text>畅饮啤酒</text><color>r=255,g=140,b=20</color><text>20次</text>",
        "star": 2,
        "condition": 20,
        "reward_goods": [[60011,1],[60012,1],[60013,3]],
        "reward_active": "",
        "path": "ui_iconevent_tansuofuben_png",
        "spine": -1
    },
    "12007803": {
        "id": 12007803,
        "name": "酒馆畅饮",
        "des": "<text>畅饮啤酒</text><color>r=255,g=140,b=20</color><text>30次</text>",
        "star": 3,
        "condition": 30,
        "reward_goods": [[60011,1],[60012,1],[60013,3]],
        "reward_active": "",
        "path": "ui_iconevent_tansuofuben_png",
        "spine": -1
    },
    "12007804": {
        "id": 12007804,
        "name": "酒馆畅饮",
        "des": "<text>畅饮啤酒</text><color>r=255,g=140,b=20</color><text>40次</text>",
        "star": 4,
        "condition": 40,
        "reward_goods": [[60011,1],[60012,1],[60013,3]],
        "reward_active": "",
        "path": "ui_iconevent_tansuofuben_png",
        "spine": -1
    },
    "12007805": {
        "id": 12007805,
        "name": "酒馆畅饮",
        "des": "<text>畅饮啤酒</text><color>r=255,g=140,b=20</color><text>50次</text>",
        "star": 5,
        "condition": 50,
        "reward_goods": [[60011,1],[60012,1],[60013,3]],
        "reward_active": "",
        "path": "ui_iconevent_tansuofuben_png",
        "spine": -1
    },
    "12008801": {
        "id": 12008801,
        "name": "紫色鱼",
        "des": "<text>贪婪之岛钓到沼泽之王</text><color>r=255,g=140,b=20</color><text>1次</text>",
        "star": 1,
        "condition": 1,
        "reward_goods": [[60011,1],[60012,1],[60013,3]],
        "reward_active": "",
        "path": "ui_iconevent_tansuofuben_png",
        "spine": -1
    },
    "12008802": {
        "id": 12008802,
        "name": "紫色鱼",
        "des": "<text>贪婪之岛钓到沼泽之王</text><color>r=255,g=140,b=20</color><text>5次</text>",
        "star": 2,
        "condition": 5,
        "reward_goods": [[60011,1],[60012,1],[60013,3]],
        "reward_active": "",
        "path": "ui_iconevent_tansuofuben_png",
        "spine": -1
    },
    "12008803": {
        "id": 12008803,
        "name": "紫色鱼",
        "des": "<text>贪婪之岛钓到沼泽之王</text><color>r=255,g=140,b=20</color><text>10次</text>",
        "star": 3,
        "condition": 10,
        "reward_goods": [[60011,1],[60012,1],[60013,3]],
        "reward_active": "",
        "path": "ui_iconevent_tansuofuben_png",
        "spine": -1
    },
    "12008804": {
        "id": 12008804,
        "name": "紫色鱼",
        "des": "<text>贪婪之岛钓到沼泽之王</text><color>r=255,g=140,b=20</color><text>20次</text>",
        "star": 4,
        "condition": 20,
        "reward_goods": [[60011,1],[60012,1],[60013,3]],
        "reward_active": "",
        "path": "ui_iconevent_tansuofuben_png",
        "spine": -1
    },
    "12008805": {
        "id": 12008805,
        "name": "紫色鱼",
        "des": "<text>贪婪之岛钓到沼泽之王</text><color>r=255,g=140,b=20</color><text>30次</text>",
        "star": 5,
        "condition": 30,
        "reward_goods": [[60011,1],[60012,1],[60013,3]],
        "reward_active": "",
        "path": "ui_iconevent_tansuofuben_png",
        "spine": -1
    },
    "12008901": {
        "id": 12008901,
        "name": "强化藏品",
        "des": "<text>强化猎人藏品</text><color>r=255,g=140,b=20</color><text>1次</text>",
        "star": 1,
        "condition": 1,
        "reward_goods": [[60011,1],[60012,1],[60013,3]],
        "reward_active": "",
        "path": "ui_iconevent_tansuofuben_png",
        "spine": -1
    },
    "12008902": {
        "id": 12008902,
        "name": "强化藏品",
        "des": "<text>强化猎人藏品</text><color>r=255,g=140,b=20</color><text>2次</text>",
        "star": 2,
        "condition": 2,
        "reward_goods": [[60011,1],[60012,1],[60013,3]],
        "reward_active": "",
        "path": "ui_iconevent_tansuofuben_png",
        "spine": -1
    },
    "12008903": {
        "id": 12008903,
        "name": "强化藏品",
        "des": "<text>强化猎人藏品</text><color>r=255,g=140,b=20</color><text>5次</text>",
        "star": 3,
        "condition": 5,
        "reward_goods": [[60011,1],[60012,1],[60013,3]],
        "reward_active": "",
        "path": "ui_iconevent_tansuofuben_png",
        "spine": -1
    },
    "12008904": {
        "id": 12008904,
        "name": "强化藏品",
        "des": "<text>强化猎人藏品</text><color>r=255,g=140,b=20</color><text>10次</text>",
        "star": 4,
        "condition": 10,
        "reward_goods": [[60011,1],[60012,1],[60013,3]],
        "reward_active": "",
        "path": "ui_iconevent_tansuofuben_png",
        "spine": -1
    },
    "12008905": {
        "id": 12008905,
        "name": "强化藏品",
        "des": "<text>强化猎人藏品</text><color>r=255,g=140,b=20</color><text>20次</text>",
        "star": 5,
        "condition": 20,
        "reward_goods": [[60011,1],[60012,1],[60013,3]],
        "reward_active": "",
        "path": "ui_iconevent_tansuofuben_png",
        "spine": -1
    },
    "12009401": {
        "id": 12009401,
        "name": "使用晶石",
        "des": "<text>使用远古晶石</text><color>r=255,g=140,b=20</color><text>50个</text>",
        "star": 1,
        "condition": 50,
        "reward_goods": [[60011,1],[60012,1],[60013,3]],
        "reward_active": "",
        "path": "ui_iconevent_tansuofuben_png",
        "spine": -1
    },
    "12009402": {
        "id": 12009402,
        "name": "使用晶石",
        "des": "<text>使用远古晶石</text><color>r=255,g=140,b=20</color><text>100个</text>",
        "star": 2,
        "condition": 100,
        "reward_goods": [[60011,1],[60012,1],[60013,3]],
        "reward_active": "",
        "path": "ui_iconevent_tansuofuben_png",
        "spine": -1
    },
    "12009403": {
        "id": 12009403,
        "name": "使用晶石",
        "des": "<text>使用远古晶石</text><color>r=255,g=140,b=20</color><text>200个</text>",
        "star": 3,
        "condition": 200,
        "reward_goods": [[60011,1],[60012,1],[60013,3]],
        "reward_active": "",
        "path": "ui_iconevent_tansuofuben_png",
        "spine": -1
    },
    "12009404": {
        "id": 12009404,
        "name": "使用晶石",
        "des": "<text>使用远古晶石</text><color>r=255,g=140,b=20</color><text>500个</text>",
        "star": 4,
        "condition": 500,
        "reward_goods": [[60011,1],[60012,1],[60013,3]],
        "reward_active": "",
        "path": "ui_iconevent_tansuofuben_png",
        "spine": -1
    },
    "12009405": {
        "id": 12009405,
        "name": "使用晶石",
        "des": "<text>使用远古晶石</text><color>r=255,g=140,b=20</color><text>800个</text>",
        "star": 5,
        "condition": 800,
        "reward_goods": [[60011,1],[60012,1],[60013,3]],
        "reward_active": "",
        "path": "ui_iconevent_tansuofuben_png",
        "spine": -1
    },
    "12009501": {
        "id": 12009501,
        "name": "猎人升星",
        "des": "<text>猎人升4星</text><color>r=255,g=140,b=20</color><text>1次</text>",
        "star": 1,
        "condition": 40001,
        "reward_goods": [[60011,1],[60012,1],[60013,3]],
        "reward_active": "",
        "path": "ui_iconevent_tansuofuben_png",
        "spine": -1
    },
    "12009502": {
        "id": 12009502,
        "name": "猎人升星",
        "des": "<text>猎人升5星</text><color>r=255,g=140,b=20</color><text>1次</text>",
        "star": 2,
        "condition": 50001,
        "reward_goods": [[60011,1],[60012,1],[60013,3]],
        "reward_active": "",
        "path": "ui_iconevent_tansuofuben_png",
        "spine": -1
    },
    "12009503": {
        "id": 12009503,
        "name": "猎人升星",
        "des": "<text>猎人升5星</text><color>r=255,g=140,b=20</color><text>2次</text>",
        "star": 3,
        "condition": 50002,
        "reward_goods": [[60011,1],[60012,1],[60013,3]],
        "reward_active": "",
        "path": "ui_iconevent_tansuofuben_png",
        "spine": -1
    },
    "12009504": {
        "id": 12009504,
        "name": "猎人升星",
        "des": "<text>猎人升5星</text><color>r=255,g=140,b=20</color><text>3次</text>",
        "star": 4,
        "condition": 50003,
        "reward_goods": [[60011,1],[60012,1],[60013,3]],
        "reward_active": "",
        "path": "ui_iconevent_tansuofuben_png",
        "spine": -1
    },
    "12009505": {
        "id": 12009505,
        "name": "猎人升星",
        "des": "<text>猎人升5星</text><color>r=255,g=140,b=20</color><text>5次</text>",
        "star": 5,
        "condition": 50005,
        "reward_goods": [[60011,1],[60012,1],[60013,3]],
        "reward_active": "",
        "path": "ui_iconevent_tansuofuben_png",
        "spine": -1
    },
    "2000000": {
        "id": 2000000,
        "name": "普通副本次数",
        "des": "完成3次冒险副本",
        "star": 1,
        "condition": 3,
        "reward_goods": [[60011,1],[60012,1],[60013,3]],
        "reward_active": "10",
        "path": "ui_iconevent_maoxianfuben_png",
        "spine": -1
    },
    "2000100": {
        "id": 2000100,
        "name": "挑战精英副本1次",
        "des": "完成1次挑战副本",
        "star": 1,
        "condition": 1,
        "reward_goods": [[60011,1],[60012,1],[60013,3]],
        "reward_active": "10",
        "path": "ui_iconevent_tiaozhanfuben_png",
        "spine": -1
    },
    "2000200": {
        "id": 2000200,
        "name": "完成探索副本次数",
        "des": "完成1次地区探索",
        "star": 1,
        "condition": 1,
        "reward_goods": [[60011,1],[60012,1],[60013,3]],
        "reward_active": "10",
        "path": "ui_iconevent_tansuofuben_png",
        "spine": -1
    },
    "2000300": {
        "id": 2000300,
        "name": "流星街次数",
        "des": "完成3次流星街挑战",
        "star": 1,
        "condition": 3,
        "reward_goods": [[60011,1],[60012,1],[60013,3]],
        "reward_active": "10",
        "path": "ui_iconevent_liuxingjie_png",
        "spine": -1
    },
    "2000400": {
        "id": 2000400,
        "name": "竞技场挑战10次",
        "des": "完成5次猎人格斗场战斗",
        "star": 1,
        "condition": 5,
        "reward_goods": [[60011,1],[60012,1],[60013,3]],
        "reward_active": "10",
        "path": "ui_iconevent_benfugedou_png",
        "spine": -1
    },
    "2000500": {
        "id": 2000500,
        "name": "帮会副本1次",
        "des": "完成1次公会副本挑战",
        "star": 1,
        "condition": 1,
        "reward_goods": [[60011,1],[60012,1],[60013,3]],
        "reward_active": "10",
        "path": "ui_iconevent_gonghuifuben_png",
        "spine": -1
    },
    "2000600": {
        "id": 2000600,
        "name": "帮会捐献1次",
        "des": "完成1次公会建设",
        "star": 1,
        "condition": 1,
        "reward_goods": [[60011,1],[60012,1],[60013,3]],
        "reward_active": "10",
        "path": "ui_iconevent_gonghuigongxian_png",
        "spine": -1
    },
    "2000700": {
        "id": 2000700,
        "name": "采集果子",
        "des": "在贪婪之岛中采集3个果子",
        "star": 1,
        "condition": 3,
        "reward_goods": [[60011,1],[60012,1],[60013,3]],
        "reward_active": "10",
        "path": "ui_iconevent_guoshicaiji_png",
        "spine": -1
    },
    "2000800": {
        "id": 2000800,
        "name": "钓鱼",
        "des": "在贪婪之岛中进行2次钓鱼",
        "star": 1,
        "condition": 2,
        "reward_goods": [[60011,1],[60012,1],[60013,3]],
        "reward_active": "5",
        "path": "ui_iconevent_diaoyu_png",
        "spine": -1
    },
    "2000900": {
        "id": 2000900,
        "name": "猜拳X次",
        "des": "在贪婪之岛中进行2次猜拳",
        "star": 1,
        "condition": 2,
        "reward_goods": [[60011,1],[60012,1],[60013,3]],
        "reward_active": "5",
        "path": "ui_iconevent_caiquan_png",
        "spine": -1
    },
    "2001000": {
        "id": 2001000,
        "name": "卡片升级X次",
        "des": "完成3次卡片升级",
        "star": 1,
        "condition": 3,
        "reward_goods": [[60011,1],[60012,1],[60013,3]],
        "reward_active": "10",
        "path": "ui_iconevent_kapianqianghua_png",
        "spine": -1
    },
    "2001300": {
        "id": 2001300,
        "name": "猎人升星",
        "des": "完成1次猎人升星",
        "star": 1,
        "condition": 1,
        "reward_goods": [[60011,1],[60012,1],[60013,3]],
        "reward_active": "10",
        "path": "ui_iconevent_lierenjinji_png",
        "spine": -1
    },
    "2001400": {
        "id": 2001400,
        "name": "山贼讨伐",
        "des": "完成1次飞龙营地",
        "star": 1,
        "condition": 1,
        "reward_goods": [[60011,1],[60012,1],[60013,3]],
        "reward_active": "10",
        "path": "ui_iconevent_tiaozhanfuben_png",
        "spine": -1
    },
    "2001050": {
        "id": 2001050,
        "name": "赠送体力",
        "des": "向好友赠送1次体力",
        "star": 1,
        "condition": 1,
        "reward_goods": [[60011,1],[60012,1],[60013,3]],
        "reward_active": "10",
        "path": "ui_iconevent_songtili_png",
        "spine": -1
    },
    "2001100": {
        "id": 2001100,
        "name": "累计消费",
        "des": "累计消费300钻石",
        "star": 1,
        "condition": 300,
        "reward_goods": [[60011,1],[60012,1],[60013,3]],
        "reward_active": "10",
        "path": "ui_iconevent_xiaofeizuanshi_png",
        "spine": -1
    },
    "2001200": {
        "id": 2001200,
        "name": "V0每日福利",
        "des": "每日福利(V0)",
        "star": 1,
        "condition": 0,
        "reward_goods": [[60011,1],[60012,1],[60013,3]],
        "reward_active": "0",
        "path": "ui_iconevent_richang_png",
        "spine": -1
    },
    "2001201": {
        "id": 2001201,
        "name": "V1每日福利",
        "des": "每日福利(V1)",
        "star": 1,
        "condition": 1,
        "reward_goods": [[60011,1],[60012,1],[60013,3]],
        "reward_active": "0",
        "path": "ui_iconevent_richang_png",
        "spine": -1
    },
    "2001202": {
        "id": 2001202,
        "name": "V2每日福利",
        "des": "每日福利(V2)",
        "star": 1,
        "condition": 2,
        "reward_goods": [[60011,1],[60012,1],[60013,3]],
        "reward_active": "0",
        "path": "ui_iconevent_richang_png",
        "spine": -1
    },
    "2001203": {
        "id": 2001203,
        "name": "V3每日福利",
        "des": "每日福利(V3)",
        "star": 1,
        "condition": 3,
        "reward_goods": [[60011,1],[60012,1],[60013,3]],
        "reward_active": "0",
        "path": "ui_iconevent_richang_png",
        "spine": -1
    },
    "2001204": {
        "id": 2001204,
        "name": "V4每日福利",
        "des": "每日福利(V4)",
        "star": 1,
        "condition": 4,
        "reward_goods": [[60011,1],[60012,1],[60013,3]],
        "reward_active": "0",
        "path": "ui_iconevent_richang_png",
        "spine": -1
    },
    "2001205": {
        "id": 2001205,
        "name": "V5每日福利",
        "des": "每日福利(V5)",
        "star": 1,
        "condition": 5,
        "reward_goods": [[60011,1],[60012,1],[60013,3]],
        "reward_active": "0",
        "path": "ui_iconevent_richang_png",
        "spine": -1
    },
    "2001206": {
        "id": 2001206,
        "name": "V6每日福利",
        "des": "每日福利(V6)",
        "star": 1,
        "condition": 6,
        "reward_goods": [[60011,1],[60012,1],[60013,3]],
        "reward_active": "0",
        "path": "ui_iconevent_richang_png",
        "spine": -1
    },
    "2001207": {
        "id": 2001207,
        "name": "V7每日福利",
        "des": "每日福利(V7)",
        "star": 1,
        "condition": 7,
        "reward_goods": [[60011,1],[60012,1],[60013,3]],
        "reward_active": "0",
        "path": "ui_iconevent_richang_png",
        "spine": -1
    },
    "2001208": {
        "id": 2001208,
        "name": "V8每日福利",
        "des": "每日福利(V8)",
        "star": 1,
        "condition": 8,
        "reward_goods": [[60011,1],[60012,1],[60013,3]],
        "reward_active": "0",
        "path": "ui_iconevent_richang_png",
        "spine": -1
    },
    "2001209": {
        "id": 2001209,
        "name": "V9每日福利",
        "des": "每日福利(V9)",
        "star": 1,
        "condition": 9,
        "reward_goods": [[60011,1],[60012,1],[60013,3]],
        "reward_active": "0",
        "path": "ui_iconevent_richang_png",
        "spine": -1
    },
    "2001210": {
        "id": 2001210,
        "name": "V10每日福利",
        "des": "每日福利(V10)",
        "star": 1,
        "condition": 10,
        "reward_goods": [[60011,1],[60012,1],[60013,3]],
        "reward_active": "0",
        "path": "ui_iconevent_richang_png",
        "spine": -1
    },
    "2001211": {
        "id": 2001211,
        "name": "V11每日福利",
        "des": "每日福利(V11)",
        "star": 1,
        "condition": 11,
        "reward_goods": [[60011,1],[60012,1],[60013,3]],
        "reward_active": "0",
        "path": "ui_iconevent_richang_png",
        "spine": -1
    },
    "2001212": {
        "id": 2001212,
        "name": "V12每日福利",
        "des": "每日福利(V12)",
        "star": 1,
        "condition": 12,
        "reward_goods": [[60011,1],[60012,1],[60013,3]],
        "reward_active": "0",
        "path": "ui_iconevent_richang_png",
        "spine": -1
    },
    "710001": {
        "id": 710001,
        "name": "冒险副本",
        "des": "<text>通关冒险副本</text><color>r=255,g=126,b=0</color><text>1-1</text>",
        "star": 1,
        "condition": 100001,
        "reward_goods": [[60011,1],[60012,1],[60013,3]],
        "reward_active": "0",
        "path": "ui_iconevent_tansuofuben_png",
        "spine": -1
    },
    "710002": {
        "id": 710002,
        "name": "冒险副本",
        "des": "<text>通关冒险副本</text><color>r=255,g=126,b=0</color><text>3-7</text>",
        "star": 2,
        "condition": 100021,
        "reward_goods": [[60011,1],[60012,1],[60013,3]],
        "reward_active": "0",
        "path": "ui_iconevent_tansuofuben_png",
        "spine": -1
    },
    "710003": {
        "id": 710003,
        "name": "冒险副本",
        "des": "<text>通关冒险副本</text><color>r=255,g=126,b=0</color><text>6-7</text>",
        "star": 3,
        "condition": 100042,
        "reward_goods": [[60011,1],[60012,1],[60013,3]],
        "reward_active": "0",
        "path": "ui_iconevent_tansuofuben_png",
        "spine": -1
    },
    "710004": {
        "id": 710004,
        "name": "冒险副本",
        "des": "<text>通关冒险副本</text><color>r=255,g=126,b=0</color><text>9-7</text>",
        "star": 4,
        "condition": 100063,
        "reward_goods": [[60011,1],[60012,1],[60013,3]],
        "reward_active": "0",
        "path": "ui_iconevent_tansuofuben_png",
        "spine": -1
    },
    "710005": {
        "id": 710005,
        "name": "冒险副本",
        "des": "<text>通关冒险副本</text><color>r=255,g=126,b=0</color><text>12-7</text>",
        "star": 5,
        "condition": 100084,
        "reward_goods": [[60011,1],[60012,1],[60013,3]],
        "reward_active": "0",
        "path": "ui_iconevent_tansuofuben_png",
        "spine": -1
    },
    "710006": {
        "id": 710006,
        "name": "冒险副本",
        "des": "<text>通关冒险副本</text><color>r=255,g=126,b=0</color><text>14-7</text>",
        "star": 6,
        "condition": 100098,
        "reward_goods": [[60011,1],[60012,1],[60013,3]],
        "reward_active": "0",
        "path": "ui_iconevent_tansuofuben_png",
        "spine": -1
    },
    "710007": {
        "id": 710007,
        "name": "冒险副本",
        "des": "<text>通关冒险副本</text><color>r=255,g=126,b=0</color><text>16-7</text>",
        "star": 7,
        "condition": 100112,
        "reward_goods": [[60011,1],[60012,1],[60013,3]],
        "reward_active": "0",
        "path": "ui_iconevent_tansuofuben_png",
        "spine": -1
    },
    "720001": {
        "id": 720001,
        "name": "挑战副本",
        "des": "<text>通关挑战副本鲸鱼岛第</text><color>r=255,g=126,b=0</color><text>7</text><text>层</text>",
        "star": 1,
        "condition": 200007,
        "reward_goods": [[60011,1],[60012,1],[60013,3]],
        "reward_active": "0",
        "path": "ui_iconevent_tansuofuben_png",
        "spine": -1
    },
    "720002": {
        "id": 720002,
        "name": "挑战副本",
        "des": "<text>通关挑战副本迷雾沼泽第</text><color>r=255,g=126,b=0</color><text>7</text><text>层</text>",
        "star": 2,
        "condition": 200017,
        "reward_goods": [[60011,1],[60012,1],[60013,3]],
        "reward_active": "0",
        "path": "ui_iconevent_tansuofuben_png",
        "spine": -1
    },
    "720003": {
        "id": 720003,
        "name": "挑战副本",
        "des": "<text>通关挑战副本枯枯戮山第</text><color>r=255,g=126,b=0</color><text>7</text><text>层</text>",
        "star": 3,
        "condition": 200027,
        "reward_goods": [[60011,1],[60012,1],[60013,3]],
        "reward_active": "0",
        "path": "ui_iconevent_tansuofuben_png",
        "spine": -1
    },
    "720004": {
        "id": 720004,
        "name": "挑战副本",
        "des": "<text>通关挑战副本友克鑫市第</text><color>r=255,g=126,b=0</color><text>7</text><text>层</text>",
        "star": 4,
        "condition": 200037,
        "reward_goods": [[60011,1],[60012,1],[60013,3]],
        "reward_active": "0",
        "path": "ui_iconevent_tansuofuben_png",
        "spine": -1
    },
    "720005": {
        "id": 720005,
        "name": "挑战副本",
        "des": "<text>通关挑战副本贪婪之岛第</text><color>r=255,g=126,b=0</color><text>7</text><text>层</text>",
        "star": 5,
        "condition": 200047,
        "reward_goods": [[60011,1],[60012,1],[60013,3]],
        "reward_active": "0",
        "path": "ui_iconevent_tansuofuben_png",
        "spine": -1
    },
    "720006": {
        "id": 720006,
        "name": "挑战副本",
        "des": "<text>通关挑战副本蚂蚁洞穴第</text><color>r=255,g=126,b=0</color><text>7</text><text>层</text>",
        "star": 6,
        "condition": 200057,
        "reward_goods": [[60011,1],[60012,1],[60013,3]],
        "reward_active": "0",
        "path": "ui_iconevent_tansuofuben_png",
        "spine": -1
    },
    "720007": {
        "id": 720007,
        "name": "挑战副本",
        "des": "<text>通关挑战副本国王遗迹第</text><color>r=255,g=126,b=0</color><text>7</text><text>层</text>",
        "star": 7,
        "condition": 200067,
        "reward_goods": [[60011,1],[60012,1],[60013,3]],
        "reward_active": "0",
        "path": "ui_iconevent_tansuofuben_png",
        "spine": -1
    },
    "730001": {
        "id": 730001,
        "name": "天空竞技场",
        "des": "<text>通关天空竞技场第</text><color>r=255,g=126,b=0</color><text>5</text><text>层</text>",
        "star": 1,
        "condition": 5,
        "reward_goods": [[60011,1],[60012,1],[60013,3]],
        "reward_active": "0",
        "path": "ui_iconevent_tansuofuben_png",
        "spine": -1
    },
    "730002": {
        "id": 730002,
        "name": "天空竞技场",
        "des": "<text>通关天空竞技场第</text><color>r=255,g=126,b=0</color><text>20</text><text>层</text>",
        "star": 2,
        "condition": 20,
        "reward_goods": [[60011,1],[60012,1],[60013,3]],
        "reward_active": "0",
        "path": "ui_iconevent_tansuofuben_png",
        "spine": -1
    },
    "730003": {
        "id": 730003,
        "name": "天空竞技场",
        "des": "<text>通关天空竞技场第</text><color>r=255,g=126,b=0</color><text>35</text><text>层</text>",
        "star": 3,
        "condition": 35,
        "reward_goods": [[60011,1],[60012,1],[60013,3]],
        "reward_active": "0",
        "path": "ui_iconevent_tansuofuben_png",
        "spine": -1
    },
    "730004": {
        "id": 730004,
        "name": "天空竞技场",
        "des": "<text>通关天空竞技场第</text><color>r=255,g=126,b=0</color><text>50</text><text>层</text>",
        "star": 4,
        "condition": 50,
        "reward_goods": [[60011,1],[60012,1],[60013,3]],
        "reward_active": "0",
        "path": "ui_iconevent_tansuofuben_png",
        "spine": -1
    },
    "730005": {
        "id": 730005,
        "name": "天空竞技场",
        "des": "<text>通关天空竞技场第</text><color>r=255,g=126,b=0</color><text>60</text><text>层</text>",
        "star": 5,
        "condition": 60,
        "reward_goods": [[60011,1],[60012,1],[60013,3]],
        "reward_active": "0",
        "path": "ui_iconevent_tansuofuben_png",
        "spine": -1
    },
    "730006": {
        "id": 730006,
        "name": "天空竞技场",
        "des": "<text>通关天空竞技场第</text><color>r=255,g=126,b=0</color><text>70</text><text>层</text>",
        "star": 6,
        "condition": 70,
        "reward_goods": [[60011,1],[60012,1],[60013,3]],
        "reward_active": "0",
        "path": "ui_iconevent_tansuofuben_png",
        "spine": -1
    },
    "730007": {
        "id": 730007,
        "name": "天空竞技场",
        "des": "<text>通关天空竞技场第</text><color>r=255,g=126,b=0</color><text>90</text><text>层</text>",
        "star": 7,
        "condition": 90,
        "reward_goods": [[60011,1],[60012,1],[60013,3]],
        "reward_active": "0",
        "path": "ui_iconevent_tansuofuben_png",
        "spine": -1
    },
    "740001": {
        "id": 740001,
        "name": "流星街",
        "des": "<text>通关芬克斯の试炼第</text><color>r=255,g=126,b=0</color><text>1</text><text>关</text>",
        "star": 1,
        "condition": 1,
        "reward_goods": [[60011,1],[60012,1],[60013,3]],
        "reward_active": "0",
        "path": "ui_iconevent_tansuofuben_png",
        "spine": -1
    },
    "740002": {
        "id": 740002,
        "name": "流星街",
        "des": "<text>通关芬克斯の试炼第</text><color>r=255,g=126,b=0</color><text>3</text><text>关</text>",
        "star": 2,
        "condition": 3,
        "reward_goods": [[60011,1],[60012,1],[60013,3]],
        "reward_active": "0",
        "path": "ui_iconevent_tansuofuben_png",
        "spine": -1
    },
    "740003": {
        "id": 740003,
        "name": "流星街",
        "des": "<text>通关芬克斯の试炼第</text><color>r=255,g=126,b=0</color><text>5</text><text>关</text>",
        "star": 3,
        "condition": 5,
        "reward_goods": [[60011,1],[60012,1],[60013,3]],
        "reward_active": "0",
        "path": "ui_iconevent_tansuofuben_png",
        "spine": -1
    },
    "740004": {
        "id": 740004,
        "name": "流星街",
        "des": "<text>通关芬克斯の试炼第</text><color>r=255,g=126,b=0</color><text>7</text><text>关</text>",
        "star": 4,
        "condition": 7,
        "reward_goods": [[60011,1],[60012,1],[60013,3]],
        "reward_active": "0",
        "path": "ui_iconevent_tansuofuben_png",
        "spine": -1
    },
    "740005": {
        "id": 740005,
        "name": "流星街",
        "des": "<text>通关芬克斯の试炼第</text><color>r=255,g=126,b=0</color><text>10</text><text>关</text>",
        "star": 5,
        "condition": 10,
        "reward_goods": [[60011,1],[60012,1],[60013,3]],
        "reward_active": "0",
        "path": "ui_iconevent_tansuofuben_png",
        "spine": -1
    },
    "740006": {
        "id": 740006,
        "name": "流星街",
        "des": "<text>通关芬克斯の试炼第</text><color>r=255,g=126,b=0</color><text>12</text><text>关</text>",
        "star": 6,
        "condition": 12,
        "reward_goods": [[60011,1],[60012,1],[60013,3]],
        "reward_active": "0",
        "path": "ui_iconevent_tansuofuben_png",
        "spine": -1
    },
    "740007": {
        "id": 740007,
        "name": "流星街",
        "des": "<text>通关芬克斯の试炼第</text><color>r=255,g=126,b=0</color><text>15</text><text>关</text>",
        "star": 7,
        "condition": 15,
        "reward_goods": [[60011,1],[60012,1],[60013,3]],
        "reward_active": "0",
        "path": "ui_iconevent_tansuofuben_png",
        "spine": -1
    },
    "8000801": {
        "id": 8000801,
        "name": "进阶",
        "des": "<text>任意猎人进阶至</text><color>r=255,g=140,b=20</color><text>黄金猎人+1</text>",
        "star": 1,
        "condition": 10,
        "reward_goods": [[60011,1],[60012,1],[60013,3]],
        "reward_active": "",
        "path": "ui_iconevent_tansuofuben_png",
        "spine": -1
    },
    "8000802": {
        "id": 8000802,
        "name": "进阶",
        "des": "<text>任意猎人进阶至</text><color>r=255,g=140,b=20</color><text>黄金猎人+2</text>",
        "star": 2,
        "condition": 11,
        "reward_goods": [[60011,1],[60012,1],[60013,3]],
        "reward_active": "",
        "path": "ui_iconevent_tansuofuben_png",
        "spine": -1
    },
    "8000803": {
        "id": 8000803,
        "name": "进阶",
        "des": "<text>任意猎人进阶至</text><color>r=255,g=140,b=20</color><text>黄金猎人+3</text>",
        "star": 3,
        "condition": 12,
        "reward_goods": [[60011,1],[60012,1],[60013,3]],
        "reward_active": "",
        "path": "ui_iconevent_tansuofuben_png",
        "spine": -1
    },
    "8001001": {
        "id": 8001001,
        "name": "升星",
        "des": "<text>升星</text><color>r=255,g=140,b=20</color><text>1个</text><text>6星猎人</text>",
        "star": 1,
        "condition": 60001,
        "reward_goods": [[60011,1],[60012,1],[60013,3]],
        "reward_active": "",
        "path": "ui_iconevent_tansuofuben_png",
        "spine": -1
    },
    "8001002": {
        "id": 8001002,
        "name": "升星",
        "des": "<text>升星</text><color>r=255,g=140,b=20</color><text>2个</text><text>6星猎人</text>",
        "star": 2,
        "condition": 60002,
        "reward_goods": [[60011,1],[60012,1],[60013,3]],
        "reward_active": "",
        "path": "ui_iconevent_tansuofuben_png",
        "spine": -1
    },
    "8001003": {
        "id": 8001003,
        "name": "升星",
        "des": "<text>升星</text><color>r=255,g=140,b=20</color><text>3个</text><text>6星猎人</text>",
        "star": 3,
        "condition": 60003,
        "reward_goods": [[60011,1],[60012,1],[60013,3]],
        "reward_active": "",
        "path": "ui_iconevent_tansuofuben_png",
        "spine": -1
    },
    "8008001": {
        "id": 8008001,
        "name": "觉醒",
        "des": "<text>觉醒A资质猎人</text><color>r=255,g=140,b=20</color><text>1次</text></text>",
        "star": 1,
        "condition": 130001,
        "reward_goods": [[60011,1],[60012,1],[60013,3]],
        "reward_active": "",
        "path": "ui_iconevent_tansuofuben_png",
        "spine": -1
    },
    "8008002": {
        "id": 8008002,
        "name": "觉醒",
        "des": "<text>觉醒A资质猎人</text><color>r=255,g=140,b=20</color><text>3次</text></text>",
        "star": 2,
        "condition": 130003,
        "reward_goods": [[60011,1],[60012,1],[60013,3]],
        "reward_active": "",
        "path": "ui_iconevent_tansuofuben_png",
        "spine": -1
    },
    "8008003": {
        "id": 8008003,
        "name": "觉醒",
        "des": "<text>觉醒S资质猎人</text><color>r=255,g=140,b=20</color><text>1次</text></text>",
        "star": 3,
        "condition": 140001,
        "reward_goods": [[60011,1],[60012,1],[60013,3]],
        "reward_active": "",
        "path": "ui_iconevent_tansuofuben_png",
        "spine": -1
    },
    "9007901": {
        "id": 9007901,
        "name": "获得X资质卡片N个",
        "des": "<color>r=255,g=255,b=255</color><text>获得</text><color>r=255,g=140,b=20</color><text>20个</text><color>r=255,g=255,b=255</color><text>B品质蓝色卡片</text>",
        "star": 1,
        "condition": 30020,
        "reward_goods": [[60011,1],[60012,1],[60013,3]],
        "reward_active": "",
        "path": "ui_iconevent_tansuofuben_png",
        "spine": -1
    },
    "9007902": {
        "id": 9007902,
        "name": "获得X资质卡片N个",
        "des": "<color>r=255,g=255,b=255</color><text>获得</text><color>r=255,g=140,b=20</color><text>15个</text><color>r=255,g=255,b=255</color><text>A品质紫色卡片</text>",
        "star": 2,
        "condition": 40015,
        "reward_goods": [[60011,1],[60012,1],[60013,3]],
        "reward_active": "",
        "path": "ui_iconevent_tansuofuben_png",
        "spine": -1
    },
    "9007903": {
        "id": 9007903,
        "name": "获得X资质卡片N个",
        "des": "<color>r=255,g=255,b=255</color><text>获得</text><color>r=255,g=140,b=20</color><text>10个</text><color>r=255,g=255,b=255</color><text>S品质橙色卡片</text>",
        "star": 3,
        "condition": 50010,
        "reward_goods": [[60011,1],[60012,1],[60013,3]],
        "reward_active": "",
        "path": "ui_iconevent_tansuofuben_png",
        "spine": -1
    },
    "9008101": {
        "id": 9008101,
        "name": "通关某个流星街",
        "des": "<color>r=255,g=255,b=255</color><text>通关流星街-窝金</text><color>r=255,g=140,b=20</color><text>5层</text>",
        "star": 1,
        "condition": 40005,
        "reward_goods": [[60011,1],[60012,1],[60013,3]],
        "reward_active": "",
        "path": "ui_iconevent_tansuofuben_png",
        "spine": -1
    },
    "9008102": {
        "id": 9008102,
        "name": "通关某个流星街",
        "des": "<color>r=255,g=255,b=255</color><text>通关流星街-窝金</text><color>r=255,g=140,b=20</color><text>8层</text>",
        "star": 2,
        "condition": 40008,
        "reward_goods": [[60011,1],[60012,1],[60013,3]],
        "reward_active": "",
        "path": "ui_iconevent_tansuofuben_png",
        "spine": -1
    },
    "9008103": {
        "id": 9008103,
        "name": "通关某个流星街",
        "des": "<color>r=255,g=255,b=255</color><text>通关流星街-窝金</text><color>r=255,g=140,b=20</color><text>10层</text>",
        "star": 3,
        "condition": 40010,
        "reward_goods": [[60011,1],[60012,1],[60013,3]],
        "reward_active": "",
        "path": "ui_iconevent_tansuofuben_png",
        "spine": -1
    },
    "9008201": {
        "id": 9008201,
        "name": "卡片升几级几次",
        "des": "<color>r=255,g=255,b=255</color><text>卡片升到</text><color>r=255,g=140,b=20</color><text>15级4次</text>",
        "star": 1,
        "condition": 150004,
        "reward_goods": [[60011,1],[60012,1],[60013,3]],
        "reward_active": "",
        "path": "ui_iconevent_tansuofuben_png",
        "spine": -1
    },
    "9008202": {
        "id": 9008202,
        "name": "卡片升几级几次",
        "des": "<color>r=255,g=255,b=255</color><text>卡片升到</text><color>r=255,g=140,b=20</color><text>20级3次</text>",
        "star": 2,
        "condition": 200003,
        "reward_goods": [[60011,1],[60012,1],[60013,3]],
        "reward_active": "",
        "path": "ui_iconevent_tansuofuben_png",
        "spine": -1
    },
    "9008203": {
        "id": 9008203,
        "name": "卡片升几级几次",
        "des": "<color>r=255,g=255,b=255</color><text>卡片升到</text><color>r=255,g=140,b=20</color><text>25级2次</text>",
        "star": 3,
        "condition": 250002,
        "reward_goods": [[60011,1],[60012,1],[60013,3]],
        "reward_active": "",
        "path": "ui_iconevent_tansuofuben_png",
        "spine": -1
    },
    "4001001": {
        "id": 4001001,
        "name": "新手狂欢--升星",
        "des": "<text>将</text><color>r=255,g=140,b=20</color><text>1个</text><text>猎人升到4星</text>",
        "star": 1,
        "condition": 40001,
        "reward_goods": [[60011,1],[60012,1],[60013,3]],
        "reward_active": "",
        "path": "ui_iconevent_tansuofuben_png",
        "spine": -1
    },
    "4001002": {
        "id": 4001002,
        "name": "新手狂欢--升星",
        "des": "<text>将</text><color>r=255,g=140,b=20</color><text>2个</text><text>猎人升到4星</text>",
        "star": 2,
        "condition": 40002,
        "reward_goods": [[60011,1],[60012,1],[60013,3]],
        "reward_active": "",
        "path": "ui_iconevent_tansuofuben_png",
        "spine": -1
    },
    "4001003": {
        "id": 4001003,
        "name": "新手狂欢--升星",
        "des": "<text>将</text><color>r=255,g=140,b=20</color><text>1个</text><text>猎人升到5星</text>",
        "star": 3,
        "condition": 50001,
        "reward_goods": [[60011,1],[60012,1],[60013,3]],
        "reward_active": "",
        "path": "ui_iconevent_tansuofuben_png",
        "spine": -1
    },
    "4001004": {
        "id": 4001004,
        "name": "新手狂欢--升星",
        "des": "<text>将</text><color>r=255,g=140,b=20</color><text>2个</text><text>猎人升到5星</text>",
        "star": 4,
        "condition": 50002,
        "reward_goods": [[60011,1],[60012,1],[60013,3]],
        "reward_active": "",
        "path": "ui_iconevent_tansuofuben_png",
        "spine": -1
    },
    "4001005": {
        "id": 4001005,
        "name": "新手狂欢--升星",
        "des": "<text>将</text><color>r=255,g=140,b=20</color><text>1个</text><text>猎人升到6星</text>",
        "star": 5,
        "condition": 60001,
        "reward_goods": [[60011,1],[60012,1],[60013,3]],
        "reward_active": "",
        "path": "ui_iconevent_tansuofuben_png",
        "spine": -1
    },
    "4000801": {
        "id": 4000801,
        "name": "新手狂欢--进阶",
        "des": "<text>任意猎人进阶至</text><color>r=0,g=200,b=0</color><text>初级猎人</text>",
        "star": 1,
        "condition": 1,
        "reward_goods": [[60011,1],[60012,1],[60013,3]],
        "reward_active": "",
        "path": "ui_iconevent_tansuofuben_png",
        "spine": -1
    },
    "4000802": {
        "id": 4000802,
        "name": "新手狂欢--进阶",
        "des": "<text>任意猎人进阶至</text><color>r=37,g=221,b=202</color><text>中级猎人</text>",
        "star": 2,
        "condition": 3,
        "reward_goods": [[60011,1],[60012,1],[60013,3]],
        "reward_active": "",
        "path": "ui_iconevent_tansuofuben_png",
        "spine": -1
    },
    "4000803": {
        "id": 4000803,
        "name": "新手狂欢--进阶",
        "des": "<text>任意猎人进阶至</text><color>r=37,g=221,b=202</color><text>中级猎人+2</text>",
        "star": 3,
        "condition": 5,
        "reward_goods": [[60011,1],[60012,1],[60013,3]],
        "reward_active": "",
        "path": "ui_iconevent_tansuofuben_png",
        "spine": -1
    },
    "4000804": {
        "id": 4000804,
        "name": "新手狂欢--进阶",
        "des": "<text>任意猎人进阶至</text><color>r=254,g=34,b=236</color><text>高级猎人</text>",
        "star": 4,
        "condition": 6,
        "reward_goods": [[60011,1],[60012,1],[60013,3]],
        "reward_active": "",
        "path": "ui_iconevent_tansuofuben_png",
        "spine": -1
    },
    "4000805": {
        "id": 4000805,
        "name": "新手狂欢--进阶",
        "des": "<text>任意猎人进阶至</text><color>r=255,g=140,b=20</color><text>黄金猎人</text>",
        "star": 5,
        "condition": 9,
        "reward_goods": [[60011,1],[60012,1],[60013,3]],
        "reward_active": "",
        "path": "ui_iconevent_tansuofuben_png",
        "spine": -1
    },
    "4007801": {
        "id": 4007801,
        "name": "新手狂欢--畅饮",
        "des": "<text>酒馆啤酒畅饮</text><color>r=255,g=140,b=20</color><text>1次</text>",
        "star": 1,
        "condition": 1,
        "reward_goods": [[60011,1],[60012,1],[60013,3]],
        "reward_active": "",
        "path": "ui_iconevent_tansuofuben_png",
        "spine": -1
    },
    "4007802": {
        "id": 4007802,
        "name": "新手狂欢--畅饮",
        "des": "<text>酒馆啤酒畅饮</text><color>r=255,g=140,b=20</color><text>10次</text>",
        "star": 2,
        "condition": 10,
        "reward_goods": [[60011,1],[60012,1],[60013,3]],
        "reward_active": "",
        "path": "ui_iconevent_tansuofuben_png",
        "spine": -1
    },
    "4007803": {
        "id": 4007803,
        "name": "新手狂欢--畅饮",
        "des": "<text>酒馆啤酒畅饮</text><color>r=255,g=140,b=20</color><text>20次</text>",
        "star": 3,
        "condition": 20,
        "reward_goods": [[60011,1],[60012,1],[60013,3]],
        "reward_active": "",
        "path": "ui_iconevent_tansuofuben_png",
        "spine": -1
    },
    "4007804": {
        "id": 4007804,
        "name": "新手狂欢--畅饮",
        "des": "<text>酒馆啤酒畅饮</text><color>r=255,g=140,b=20</color><text>50次</text>",
        "star": 4,
        "condition": 50,
        "reward_goods": [[60011,1],[60012,1],[60013,3]],
        "reward_active": "",
        "path": "ui_iconevent_tansuofuben_png",
        "spine": -1
    },
    "4007805": {
        "id": 4007805,
        "name": "新手狂欢--畅饮",
        "des": "<text>酒馆啤酒畅饮</text><color>r=255,g=140,b=20</color><text>100次</text>",
        "star": 5,
        "condition": 100,
        "reward_goods": [[60011,1],[60012,1],[60013,3]],
        "reward_active": "",
        "path": "ui_iconevent_tansuofuben_png",
        "spine": -1
    }}
