{
    "1": {
        "id": 1,
        "name": "通关冒险副本1-7",
        "next_id": "2",
        "type": 3,
        "sub_type": 2,
        "condition": 100007,
        "reward_goods": [[20001,3000],[30002,1],[20002,30]],
        "race_km": "",
        "open_level": "",
        "open_instance": "",
        "description": "击败船长，得到他的认可并前往猎人考试考场。",
        "tmp1": "钻石*30",
        "tmp2": 20002,
        "tmp3": 30
    },
    "2": {
        "id": 2,
        "name": "将任意猎人提升到5级",
        "next_id": "3",
        "type": 3,
        "sub_type": 7,
        "condition": 5,
        "reward_goods": [[20001,3000],[30002,1],[20002,30]],
        "race_km": "",
        "open_level": "",
        "open_instance": "",
        "description": "参与战斗和使用经验道具均可提升猎人等级，提升等级也是最快捷的提升猎人实力的方法。",
        "tmp1": "经验",
        "tmp2": 30003,
        "tmp3": 1
    },
    "3": {
        "id": 3,
        "name": "通关冒险副本2-7",
        "next_id": "4",
        "type": 3,
        "sub_type": 2,
        "condition": 100014,
        "reward_goods": [[20001,3000],[30002,1],[20002,30]],
        "race_km": "",
        "open_level": "",
        "open_instance": "",
        "description": "击败半藏，通过最终的考试。",
        "tmp1": "钻石",
        "tmp2": 20002,
        "tmp3": 30
    },
    "4": {
        "id": 4,
        "name": "将任意猎人进阶到初级猎人+1",
        "next_id": "5",
        "type": 3,
        "sub_type": 8,
        "condition": 2,
        "reward_goods": [[20001,3000],[30002,1],[20002,30]],
        "race_km": "",
        "open_level": "",
        "open_instance": "",
        "description": "通关冒险副本可以获得徽章，当四个位置的徽章全部激活后就可以进阶猎人了，进阶可以提升猎人等级上限，还能获得珍贵的技能点属性。",
        "tmp1": "经验",
        "tmp2": 30003,
        "tmp3": 1
    },
    "5": {
        "id": 5,
        "name": "通关挑战副本1-1",
        "next_id": "6",
        "type": 3,
        "sub_type": 3,
        "condition": 200001,
        "reward_goods": [[20001,3000],[30002,1],[20002,30]],
        "race_km": "",
        "open_level": "",
        "open_instance": "",
        "description": "向更高的挑战进发吧！在挑战副本里可以获得相应位置的卡片哦。",
        "tmp1": "啤酒*1",
        "tmp2": 20020,
        "tmp3": 1
    },
    "6": {
        "id": 6,
        "name": "在酒馆内畅饮一次啤酒",
        "next_id": "7",
        "type": 3,
        "sub_type": 4,
        "condition": 1,
        "reward_goods": [[20001,3000],[30002,1],[20002,30]],
        "race_km": "",
        "open_level": "",
        "open_instance": "",
        "description": "酒馆畅饮是获得猎人最快捷的途径之一，想要组建强大的队伍，就多去酒馆看看吧~",
        "tmp1": "经验",
        "tmp2": 30003,
        "tmp3": 1
    },
    "7": {
        "id": 7,
        "name": "将任意卡片提升到10级",
        "next_id": "8",
        "type": 3,
        "sub_type": 64,
        "condition": 10,
        "reward_goods": [[20001,3000],[30002,1],[20002,30]],
        "race_km": "",
        "open_level": "",
        "open_instance": "",
        "description": "强化是提升卡片主属性最有效的方式，强化后的卡片属性将获得大幅提升。",
        "tmp1": "缠系卡包",
        "tmp2": 139001,
        "tmp3": 1
    },
    "8": {
        "id": 8,
        "name": "通关冒险副本3-7",
        "next_id": "9",
        "type": 3,
        "sub_type": 2,
        "condition": 100021,
        "reward_goods": [[20001,3000],[30002,1],[20002,30]],
        "race_km": "",
        "open_level": "",
        "open_instance": "",
        "description": "通过揍敌客家的试炼之门，击败看门的猛兽。",
        "tmp1": "练系卡包",
        "tmp2": 139003,
        "tmp3": 1
    },
    "9": {
        "id": 9,
        "name": "将任意猎人进阶到中级猎人",
        "next_id": "10",
        "type": 3,
        "sub_type": 8,
        "condition": 3,
        "reward_goods": [[20001,3000],[30002,1],[20002,30]],
        "race_km": "",
        "open_level": "",
        "open_instance": "",
        "description": "经过一段时间的冒险之后，敌人的实力也越发强大，持续进阶猎人是有效提升队伍实力的好方法。",
        "tmp1": "经验",
        "tmp2": 30003,
        "tmp3": 2
    },
    "10": {
        "id": 10,
        "name": "通关冒险副本4-7",
        "next_id": "11",
        "type": 3,
        "sub_type": 2,
        "condition": 100028,
        "reward_goods": [[20001,3000],[30002,1],[20002,30]],
        "race_km": "",
        "open_level": "",
        "open_instance": "",
        "description": "获得奇犽爷爷桀诺揍敌客的认可，带奇犽离开枯枯戮山。",
        "tmp1": "体力",
        "tmp2": 20003,
        "tmp3": 20
    },
    "11": {
        "id": 11,
        "name": "队伍等级达到12级",
        "next_id": "12",
        "type": 3,
        "sub_type": 1,
        "condition": 12,
        "reward_goods": [[20001,3000],[30002,1],[20002,30]],
        "race_km": "",
        "open_level": "",
        "open_instance": "",
        "description": "怎么提升队伍等级？很简单，每消耗1点体力就获得1点队伍经验。另外完成日常任务也可以获得大量队伍经验。",
        "tmp1": "三星蘑菇",
        "tmp2": 10058,
        "tmp3": 1
    },
    "12": {
        "id": 12,
        "name": "购买一次体力",
        "next_id": "13",
        "type": 3,
        "sub_type": 5,
        "condition": 1,
        "reward_goods": [[20001,3000],[30002,1],[20002,30]],
        "race_km": "",
        "open_level": "",
        "open_instance": "",
        "description": "几乎所有的挑战都是需要消耗体力的，合理分配体力很重要，通过使用道具和快速补给都可以获得体力。",
        "tmp1": "钻石",
        "tmp2": 20002,
        "tmp3": 30
    },
    "13": {
        "id": 13,
        "name": "队伍等级达到15级",
        "next_id": "14",
        "type": 3,
        "sub_type": 1,
        "condition": 15,
        "reward_goods": [[20001,3000],[30002,1],[20002,30]],
        "race_km": "",
        "open_level": "",
        "open_instance": "",
        "description": "继续提升队伍等级，准备迎接全新的挑战吧！",
        "tmp1": "人偶碎片",
        "tmp2": 31101,
        "tmp3": 1
    },
    "14": {
        "id": 14,
        "name": "采集三次果子",
        "next_id": "15",
        "type": 3,
        "sub_type": 17,
        "condition": 3,
        "reward_goods": [[20001,3000],[30002,1],[20002,30]],
        "race_km": "",
        "open_level": "",
        "open_instance": "",
        "description": "贪婪之岛就像是个游乐场，在这里你可以钓鱼猜拳，也可以和其他人互动，当然还可以采果子，会有意外的惊喜哟~",
        "tmp1": "首领皮包",
        "tmp2": 130202,
        "tmp3": 1
    },
    "15": {
        "id": 15,
        "name": "将任意猎人进阶到中级猎人+1",
        "next_id": "16",
        "type": 3,
        "sub_type": 8,
        "condition": 4,
        "reward_goods": [[20001,3000],[30002,1],[20002,30]],
        "race_km": "",
        "open_level": "",
        "open_instance": "",
        "description": "几番挑战之后，是不是渴望拥有更加强大的实力了？不要停，继续进阶猎人吧~",
        "tmp1": "体力",
        "tmp2": 20003,
        "tmp3": 20
    },
    "16": {
        "id": 16,
        "name": "通关挑战副本2-7",
        "next_id": "17",
        "type": 3,
        "sub_type": 3,
        "condition": 200017,
        "reward_goods": [[20001,3000],[30002,1],[20002,30]],
        "race_km": "",
        "open_level": "",
        "open_instance": "",
        "description": "向更高的挑战进发！挑战副本更能体现实力哦！",
        "tmp1": "绝系卡包",
        "tmp2": 139002,
        "tmp3": 1
    },
    "17": {
        "id": 17,
        "name": "队伍等级达到18级",
        "next_id": "18",
        "type": 3,
        "sub_type": 1,
        "condition": 18,
        "reward_goods": [[20001,3000],[30002,1],[20002,30]],
        "race_km": "",
        "open_level": "",
        "open_instance": "",
        "description": "队伍等级不要落下太多哟，否则就要掉队了。赶快去提升吧~",
        "tmp1": "经验",
        "tmp2": 30003,
        "tmp3": 3
    },
    "18": {
        "id": 18,
        "name": "将2名猎人提升到20级",
        "next_id": "19",
        "type": 3,
        "sub_type": 13,
        "condition": 200020,
        "reward_goods": [[20001,3000],[30002,1],[20002,30]],
        "race_km": "",
        "open_level": "",
        "open_instance": "",
        "description": "接下来的挑战将会更多的考验队伍的整体实力，所以均衡培养每名猎人是十分必要的。",
        "tmp1": "初级觉醒石",
        "tmp2": 30811,
        "tmp3": 5
    },
    "19": {
        "id": 19,
        "name": "通关流星街“芬克斯の试炼”第3层",
        "next_id": "20",
        "type": 3,
        "sub_type": 55,
        "condition": 10003,
        "reward_goods": [[20001,3000],[30002,1],[20002,30]],
        "race_km": "",
        "open_level": "",
        "open_instance": "",
        "description": "经验道具是猎人提升的重要资源，要努力收集哦！",
        "tmp1": "体力",
        "tmp2": 20003,
        "tmp3": 20
    },
    "20": {
        "id": 20,
        "name": "队伍等级达到20级",
        "next_id": "21",
        "type": 3,
        "sub_type": 1,
        "condition": 20,
        "reward_goods": [[20001,3000],[30002,1],[20002,30]],
        "race_km": "",
        "open_level": "",
        "open_instance": "",
        "description": "继续提升队伍等级，准备迎接全新的挑战吧！",
        "tmp1": "钻石",
        "tmp2": 20002,
        "tmp3": 30
    },
    "21": {
        "id": 21,
        "name": "通关天空竞技场普通10层",
        "next_id": "22",
        "type": 3,
        "sub_type": 25,
        "condition": 10,
        "reward_goods": [[20001,3000],[30002,1],[20002,30]],
        "race_km": "",
        "open_level": "",
        "open_instance": "",
        "description": "念能力的考验！在天空竞技场证明自己！",
        "tmp1": "经验",
        "tmp2": 30004,
        "tmp3": 1
    },
    "22": {
        "id": 22,
        "name": "将任意猎人进阶到高级猎人",
        "next_id": "23",
        "type": 3,
        "sub_type": 8,
        "condition": 6,
        "reward_goods": [[20001,3000],[30002,1],[20002,30]],
        "race_km": "",
        "open_level": "",
        "open_instance": "",
        "description": "面对强大的敌人，进阶依然是提升队伍实力最有效的办法。加油吧，猎人~",
        "tmp1": "体力",
        "tmp2": 20003,
        "tmp3": 30
    },
    "23": {
        "id": 23,
        "name": "队伍等级达到24级",
        "next_id": "24",
        "type": 3,
        "sub_type": 1,
        "condition": 24,
        "reward_goods": [[20001,3000],[30002,1],[20002,30]],
        "race_km": "",
        "open_level": "",
        "open_instance": "",
        "description": "继续提升队伍等级，准备迎接全新的挑战吧！",
        "tmp1": "钻石",
        "tmp2": 20002,
        "tmp3": 30
    },
    "24": {
        "id": 24,
        "name": "通关流星街“窝金の试炼”第3层",
        "next_id": "25",
        "type": 3,
        "sub_type": 69,
        "condition": 40003,
        "reward_goods": [[20001,3000],[30002,1],[20002,30]],
        "race_km": "",
        "open_level": "",
        "open_instance": "",
        "description": "集齐卡片是所有猎人的梦想，也是实力提升的重要途径哦！",
        "tmp1": "东巴*1",
        "tmp2": 10010,
        "tmp3": 1
    },
    "25": {
        "id": 25,
        "name": "完成一次“窝金の试炼”，并对敌方施加一次中毒效果",
        "next_id": "26",
        "type": 3,
        "sub_type": 29,
        "condition": 8,
        "reward_goods": [[20001,3000],[30002,1],[20002,30]],
        "race_km": "",
        "open_level": "",
        "open_instance": "",
        "description": "针对试炼者的弱点，给予致命的打击！窝金的特点是生命高而且反弹伤害，使用中毒效果是最佳策略，可以试试上个任务奖励的猎人东巴哦。",
        "tmp1": "人偶碎片",
        "tmp2": 31101,
        "tmp3": 1
    },
    "26": {
        "id": 26,
        "name": "通关流星街“窝金の试炼”第5层3次",
        "next_id": "27",
        "type": 3,
        "sub_type": 53,
        "condition": 340005,
        "reward_goods": [[20001,3000],[30002,1],[20002,30]],
        "race_km": "",
        "open_level": "",
        "open_instance": "",
        "description": "集齐卡片是所有猎人的梦想，也是实力提升的重要途径哦！",
        "tmp1": "练系卡包*1",
        "tmp2": 139003,
        "tmp3": 1
    },
    "27": {
        "id": 27,
        "name": "卡片升星一次",
        "next_id": "28",
        "type": 3,
        "sub_type": 52,
        "condition": 1,
        "reward_goods": [[20001,3000],[30002,1],[20002,30]],
        "race_km": "",
        "open_level": "",
        "open_instance": "",
        "description": "卡片升星能够大幅提升主属性，同时也是激活副属性的唯一途径，最重要的一点是可以提升卡片的等级上限。",
        "tmp1": "中级觉醒石",
        "tmp2": 30812,
        "tmp3": 3
    },
    "28": {
        "id": 28,
        "name": "通关冒险副本7-7",
        "next_id": "29",
        "type": 3,
        "sub_type": 2,
        "condition": 100049,
        "reward_goods": [[20001,3000],[30002,1],[20002,30]],
        "race_km": "",
        "open_level": "",
        "open_instance": "",
        "description": "寻找新的伙伴！为了击败磊札与西索组队。",
        "tmp1": "体力",
        "tmp2": 20003,
        "tmp3": 20
    },
    "29": {
        "id": 29,
        "name": "将任意猎人进阶到高级猎人+1",
        "next_id": "30",
        "type": 3,
        "sub_type": 8,
        "condition": 7,
        "reward_goods": [[20001,3000],[30002,1],[20002,30]],
        "race_km": "",
        "open_level": "",
        "open_instance": "",
        "description": "敌人越发强大，现在需要将猎人进阶到更高阶段。",
        "tmp1": "经验",
        "tmp2": 30004,
        "tmp3": 1
    },
    "30": {
        "id": 30,
        "name": "通关天空竞技场普通15层",
        "next_id": "31",
        "type": 3,
        "sub_type": 25,
        "condition": 15,
        "reward_goods": [[20001,3000],[30002,1],[20002,30]],
        "race_km": "",
        "open_level": "",
        "open_instance": "",
        "description": "念能力的考验！在天空竞技场证明自己！",
        "tmp1": "人偶碎片",
        "tmp2": 31101,
        "tmp3": 1
    },
    "31": {
        "id": 31,
        "name": "将任意猎人进阶到高级猎人+2",
        "next_id": "32",
        "type": 3,
        "sub_type": 8,
        "condition": 8,
        "reward_goods": [[20001,3000],[30002,1],[20002,30]],
        "race_km": "",
        "open_level": "",
        "open_instance": "",
        "description": "千万不要停下进阶的脚步，因为它真的太重要了~",
        "tmp1": "体力",
        "tmp2": 30452,
        "tmp3": 1
    },
    "32": {
        "id": 32,
        "name": "队伍等级达到30级",
        "next_id": "33",
        "type": 3,
        "sub_type": 1,
        "condition": 30,
        "reward_goods": [[20001,3000],[30002,1],[20002,30]],
        "race_km": "",
        "open_level": "",
        "open_instance": "",
        "description": "继续提升队伍等级，准备迎接全新的挑战吧！",
        "tmp1": "钻石",
        "tmp2": 20002,
        "tmp3": 30
    },
    "33": {
        "id": 33,
        "name": "拥有一名5星猎人",
        "next_id": "34",
        "type": 3,
        "sub_type": 9,
        "condition": 5,
        "reward_goods": [[20001,3000],[30002,1],[20002,30]],
        "race_km": "",
        "open_level": "",
        "open_instance": "",
        "description": "猎人升星可以大幅提升猎人的综合实力，也是最快捷的途径之一。",
        "tmp1": "三星蘑菇",
        "tmp2": 10058,
        "tmp3": 1
    },
    "34": {
        "id": 34,
        "name": "通关流星街“玛琪の试炼”第3层",
        "next_id": "35",
        "type": 3,
        "sub_type": 70,
        "condition": 50003,
        "reward_goods": [[20001,3000],[30002,1],[20002,30]],
        "race_km": "",
        "open_level": "",
        "open_instance": "",
        "description": "集齐卡片是所有猎人的梦想，也是实力提升的重要途径哦！",
        "tmp1": "妮翁*1",
        "tmp2": 10038,
        "tmp3": 1
    },
    "35": {
        "id": 35,
        "name": "通关“玛琪の试炼”，并对敌方施加一次减甲效果",
        "next_id": "36",
        "type": 3,
        "sub_type": 30,
        "condition": 23,
        "reward_goods": [[20001,3000],[30002,1],[20002,30]],
        "race_km": "",
        "open_level": "",
        "open_instance": "",
        "description": "玛琪的特点是具备超高的防御，给予破甲效果或者使用具备忽视防御技能的猎人，能最快的击败她！尝试使用上一个任务给的妮翁吧。",
        "tmp1": "人偶碎片",
        "tmp2": 31101,
        "tmp3": 1
    },
    "36": {
        "id": 36,
        "name": "完成流星街“玛琪の试炼”第5层3次",
        "next_id": "37",
        "type": 3,
        "sub_type": 53,
        "condition": 350005,
        "reward_goods": [[20001,3000],[30002,1],[20002,30]],
        "race_km": "",
        "open_level": "",
        "open_instance": "",
        "description": "集齐卡片是所有猎人的梦想，也是实力提升的重要途径哦！",
        "tmp1": "发系卡包*1",
        "tmp2": 139004,
        "tmp3": 1
    },
    "37": {
        "id": 37,
        "name": "队伍等级达到33级",
        "next_id": "38",
        "type": 3,
        "sub_type": 1,
        "condition": 33,
        "reward_goods": [[20001,3000],[30002,1],[20002,30]],
        "race_km": "",
        "open_level": "",
        "open_instance": "",
        "description": "继续提升队伍等级，准备迎接全新的挑战吧！",
        "tmp1": "钻石",
        "tmp2": 20002,
        "tmp3": 30
    },
    "38": {
        "id": 38,
        "name": "将任意卡片升至4星",
        "next_id": "39",
        "type": 3,
        "sub_type": 68,
        "condition": 4,
        "reward_goods": [[20001,3000],[30002,1],[20002,30]],
        "race_km": "",
        "open_level": "",
        "open_instance": "",
        "description": "卡片升星激活的副属性对猎人的提升很重要，根据猎人的特点合理搭配卡片会将猎人的特点放大。",
        "tmp1": "随机卡包*1",
        "tmp2": 139007,
        "tmp3": 1
    },
    "39": {
        "id": 39,
        "name": "通关天空竞技场普通25层",
        "next_id": "40",
        "type": 3,
        "sub_type": 25,
        "condition": 25,
        "reward_goods": [[20001,3000],[30002,1],[20002,30]],
        "race_km": "",
        "open_level": "",
        "open_instance": "",
        "description": "念能力的考验！在天空竞技场证明自己！",
        "tmp1": "人偶碎片",
        "tmp2": 31101,
        "tmp3": 1
    },
    "40": {
        "id": 40,
        "name": "队伍等级达到35级",
        "next_id": "41",
        "type": 3,
        "sub_type": 1,
        "condition": 35,
        "reward_goods": [[20001,3000],[30002,1],[20002,30]],
        "race_km": "",
        "open_level": "",
        "open_instance": "",
        "description": "继续提升队伍等级，准备迎接全新的挑战吧！",
        "tmp1": "钻石",
        "tmp2": 20002,
        "tmp3": 30
    },
    "41": {
        "id": 41,
        "name": "通关流星街“库哔の试炼”第3层",
        "next_id": "42",
        "type": 3,
        "sub_type": 71,
        "condition": 60003,
        "reward_goods": [[20001,3000],[30002,1],[20002,30]],
        "race_km": "",
        "open_level": "",
        "open_instance": "",
        "description": "集齐卡片是所有猎人的梦想，也是实力提升的重要途径哦！",
        "tmp1": "妮翁*1",
        "tmp2": 10038,
        "tmp3": 1
    },
    "42": {
        "id": 42,
        "name": "通关“库哔の试炼”，并对敌方施加一次驱散效果",
        "next_id": "43",
        "type": 3,
        "sub_type": 33,
        "condition": 31,
        "reward_goods": [[20001,3000],[30002,1],[20002,30]],
        "race_km": "",
        "open_level": "",
        "open_instance": "",
        "description": "库哔可以给队友施加护盾，使用具备驱散效果的猎人，可以进行有效的克制。记住，妮翁也可以做到这点的。",
        "tmp1": "人偶碎片",
        "tmp2": 31101,
        "tmp3": 1
    },
    "43": {
        "id": 43,
        "name": "通关流星街“库哔の试炼”第5层3次",
        "next_id": "44",
        "type": 3,
        "sub_type": 53,
        "condition": 360005,
        "reward_goods": [[20001,3000],[30002,1],[20002,30]],
        "race_km": "",
        "open_level": "",
        "open_instance": "",
        "description": "集齐卡片是所有猎人的梦想，也是实力提升的重要途径哦！",
        "tmp1": "坚系卡包*1",
        "tmp2": 139006,
        "tmp3": 1
    },
    "44": {
        "id": 44,
        "name": "队伍等级到达45级",
        "next_id": "45",
        "type": 3,
        "sub_type": 1,
        "condition": 45,
        "reward_goods": [[20001,3000],[30002,1],[20002,30]],
        "race_km": "",
        "open_level": "",
        "open_instance": "",
        "description": "继续提升队伍等级，准备迎接全新的挑战吧！",
        "tmp1": "钻石",
        "tmp2": 20002,
        "tmp3": 30
    },
    "45": {
        "id": 45,
        "name": "通关天空竞技场普通50层",
        "next_id": "46",
        "type": 3,
        "sub_type": 25,
        "condition": 50,
        "reward_goods": [[20001,3000],[30002,1],[20002,30]],
        "race_km": "",
        "open_level": "",
        "open_instance": "",
        "description": "念能力的考验！在天空竞技场证明自己！",
        "tmp1": "随机卡包*1",
        "tmp2": 139007,
        "tmp3": 1
    },
    "46": {
        "id": 46,
        "name": "通关流星街“窝金の试炼”第10层",
        "next_id": "47",
        "type": 3,
        "sub_type": 69,
        "condition": 40010,
        "reward_goods": [[20001,3000],[30002,1],[20002,30]],
        "race_km": "",
        "open_level": "",
        "open_instance": "",
        "description": "集齐卡片是所有猎人的梦想，也是实力提升的重要途径哦！",
        "tmp1": "高级碎片*1",
        "tmp2": 31102,
        "tmp3": 1
    },
    "47": {
        "id": 47,
        "name": "将任意3名猎人提升至5星",
        "next_id": "48",
        "type": 3,
        "sub_type": 10,
        "condition": 50003,
        "reward_goods": [[20001,3000],[30002,1],[20002,30]],
        "race_km": "",
        "open_level": "",
        "open_instance": "",
        "description": "只有队伍整体实力强大的猎人，才能成为最强猎人，这是个永远不变的真理~",
        "tmp1": "啤酒*1",
        "tmp2": 20020,
        "tmp3": 1
    },
    "48": {
        "id": 48,
        "name": "通关流星街“玛琪の试炼”第10层",
        "next_id": "49",
        "type": 3,
        "sub_type": 70,
        "condition": 50010,
        "reward_goods": [[20001,3000],[30002,1],[20002,30]],
        "race_km": "",
        "open_level": "",
        "open_instance": "",
        "description": "集齐卡片是所有猎人的梦想，也是实力提升的重要途径哦！",
        "tmp1": "高级碎片*1",
        "tmp2": 31102,
        "tmp3": 1
    },
    "49": {
        "id": 49,
        "name": "拥有一名6星猎人",
        "next_id": "50",
        "type": 3,
        "sub_type": 9,
        "condition": 6,
        "reward_goods": [[20001,3000],[30002,1],[20002,30]],
        "race_km": "",
        "open_level": "",
        "open_instance": "",
        "description": "这也许是个不小的挑战，但这确实是成为最强猎人的必经之路~",
        "tmp1": "念力果",
        "tmp2": 20006,
        "tmp3": 30
    },
    "50": {
        "id": 50,
        "name": "通关天空竞技场普通60层",
        "next_id": "51",
        "type": 3,
        "sub_type": 25,
        "condition": 60,
        "reward_goods": [[20001,3000],[30002,1],[20002,30]],
        "race_km": "",
        "open_level": "",
        "open_instance": "",
        "description": "念能力的考验！在天空竞技场证明自己！",
        "tmp1": "高级卡包*1",
        "tmp2": 139008,
        "tmp3": 1
    },
    "51": {
        "id": 51,
        "name": "通关流星街“库哔の试炼”第10层",
        "next_id": "",
        "type": 3,
        "sub_type": 71,
        "condition": 60010,
        "reward_goods": [[20001,3000],[30002,1],[20002,30]],
        "race_km": "",
        "open_level": "",
        "open_instance": "",
        "description": "集齐卡片是所有猎人的梦想，也是实力提升的重要途径哦！",
        "tmp1": "高级碎片*1",
        "tmp2": 31102,
        "tmp3": 1
    },
    "61101": {
        "id": 61101,
        "name": "向好友赠送1次体力",
        "next_id": "",
        "type": 6,
        "sub_type": 67,
        "condition": 1,
        "reward_goods": [[20001,3000],[30002,1],[20002,30]],
        "race_km": "2",
        "open_level": "1",
        "open_instance": "0",
        "description": "向好友赠送1次体力",
        "tmp1": "柳橙汁*1",
        "tmp2": 30003,
        "tmp3": 1
    },
    "61102": {
        "id": 61102,
        "name": "消耗80000金币",
        "next_id": "",
        "type": 6,
        "sub_type": 18,
        "condition": 80000,
        "reward_goods": [[20001,3000],[30002,1],[20002,30]],
        "race_km": "5",
        "open_level": "1",
        "open_instance": "0",
        "description": "消耗80000金币",
        "tmp1": "金币*3.6w",
        "tmp2": 20001,
        "tmp3": 36000
    },
    "61103": {
        "id": 61103,
        "name": "通关流星街6次",
        "next_id": "",
        "type": 6,
        "sub_type": 39,
        "condition": 6,
        "reward_goods": [[20001,3000],[30002,1],[20002,30]],
        "race_km": "8",
        "open_level": "18",
        "open_instance": "0",
        "description": "通关流星街6次",
        "tmp1": "钻石*30",
        "tmp2": 20002,
        "tmp3": 30
    },
    "61201": {
        "id": 61201,
        "name": "在贪婪之岛钓鱼1次",
        "next_id": "",
        "type": 6,
        "sub_type": 46,
        "condition": 1,
        "reward_goods": [[20001,3000],[30002,1],[20002,30]],
        "race_km": "2",
        "open_level": "15",
        "open_instance": "0",
        "description": "在贪婪之岛钓鱼1次",
        "tmp1": "柳橙汁*1",
        "tmp2": 30003,
        "tmp3": 1
    },
    "61202": {
        "id": 61202,
        "name": "在贪婪之岛采集5次果子",
        "next_id": "",
        "type": 6,
        "sub_type": 17,
        "condition": 5,
        "reward_goods": [[20001,3000],[30002,1],[20002,30]],
        "race_km": "5",
        "open_level": "15",
        "open_instance": "0",
        "description": "在贪婪之岛采集5次果子",
        "tmp1": "金币*3.6w",
        "tmp2": 20001,
        "tmp3": 36000
    },
    "61203": {
        "id": 61203,
        "name": "通关流星街6次",
        "next_id": "",
        "type": 6,
        "sub_type": 39,
        "condition": 6,
        "reward_goods": [[20001,3000],[30002,1],[20002,30]],
        "race_km": "8",
        "open_level": "18",
        "open_instance": "0",
        "description": "通关流星街6次",
        "tmp1": "钻石*30",
        "tmp2": 20002,
        "tmp3": 30
    },
    "61301": {
        "id": 61301,
        "name": "在贪婪之岛猜拳1次",
        "next_id": "",
        "type": 6,
        "sub_type": 58,
        "condition": 1,
        "reward_goods": [[20001,3000],[30002,1],[20002,30]],
        "race_km": "2",
        "open_level": "15",
        "open_instance": "0",
        "description": "在贪婪之岛猜拳1次",
        "tmp1": "柳橙汁*1",
        "tmp2": 30003,
        "tmp3": 1
    },
    "61302": {
        "id": 61302,
        "name": "猎人升星1次",
        "next_id": "",
        "type": 6,
        "sub_type": 72,
        "condition": 1,
        "reward_goods": [[20001,3000],[30002,1],[20002,30]],
        "race_km": "5",
        "open_level": "0",
        "open_instance": "100009",
        "description": "猎人升星1次",
        "tmp1": "金币*3.6w",
        "tmp2": 20001,
        "tmp3": 36000
    },
    "61303": {
        "id": 61303,
        "name": "通关流星街6次",
        "next_id": "",
        "type": 6,
        "sub_type": 39,
        "condition": 6,
        "reward_goods": [[20001,3000],[30002,1],[20002,30]],
        "race_km": "8",
        "open_level": "18",
        "open_instance": "0",
        "description": "通关流星街6次",
        "tmp1": "钻石*30",
        "tmp2": 20002,
        "tmp3": 30
    },
    "61401": {
        "id": 61401,
        "name": "贪婪之岛果实兑换1次",
        "next_id": "",
        "type": 6,
        "sub_type": 45,
        "condition": 1,
        "reward_goods": [[20001,3000],[30002,1],[20002,30]],
        "race_km": "2",
        "open_level": "15",
        "open_instance": "0",
        "description": "贪婪之岛果实兑换1次",
        "tmp1": "柳橙汁*1",
        "tmp2": 30003,
        "tmp3": 1
    },
    "61402": {
        "id": 61402,
        "name": "在贪婪之岛采集5次果子",
        "next_id": "",
        "type": 6,
        "sub_type": 17,
        "condition": 5,
        "reward_goods": [[20001,3000],[30002,1],[20002,30]],
        "race_km": "5",
        "open_level": "15",
        "open_instance": "0",
        "description": "在贪婪之岛采集5次果子",
        "tmp1": "金币*3.6w",
        "tmp2": 20001,
        "tmp3": 36000
    },
    "61403": {
        "id": 61403,
        "name": "通关流星街6次",
        "next_id": "",
        "type": 6,
        "sub_type": 39,
        "condition": 6,
        "reward_goods": [[20001,3000],[30002,1],[20002,30]],
        "race_km": "8",
        "open_level": "18",
        "open_instance": "0",
        "description": "通关流星街6次",
        "tmp1": "钻石*30",
        "tmp2": 20002,
        "tmp3": 30
    },
    "61501": {
        "id": 61501,
        "name": "公会捐献1次",
        "next_id": "",
        "type": 6,
        "sub_type": 27,
        "condition": 1,
        "reward_goods": [[20001,3000],[30002,1],[20002,30]],
        "race_km": "2",
        "open_level": "12",
        "open_instance": "0",
        "description": "公会捐献1次",
        "tmp1": "柳橙汁*1",
        "tmp2": 30003,
        "tmp3": 1
    },
    "61502": {
        "id": 61502,
        "name": "格斗场战斗3次",
        "next_id": "",
        "type": 6,
        "sub_type": 35,
        "condition": 3,
        "reward_goods": [[20001,3000],[30002,1],[20002,30]],
        "race_km": "5",
        "open_level": "10",
        "open_instance": "0",
        "description": "格斗场战斗3次",
        "tmp1": "金币*3.6w",
        "tmp2": 20001,
        "tmp3": 36000
    },
    "61503": {
        "id": 61503,
        "name": "通关流星街6次",
        "next_id": "",
        "type": 6,
        "sub_type": 39,
        "condition": 6,
        "reward_goods": [[20001,3000],[30002,1],[20002,30]],
        "race_km": "8",
        "open_level": "18",
        "open_instance": "0",
        "description": "通关流星街6次",
        "tmp1": "钻石*30",
        "tmp2": 20002,
        "tmp3": 30
    },
    "61601": {
        "id": 61601,
        "name": "格斗商店购买1次商品",
        "next_id": "",
        "type": 6,
        "sub_type": 19,
        "condition": 1,
        "reward_goods": [[20001,3000],[30002,1],[20002,30]],
        "race_km": "2",
        "open_level": "10",
        "open_instance": "0",
        "description": "格斗商店购买1次商品",
        "tmp1": "柳橙汁*1",
        "tmp2": 30003,
        "tmp3": 1
    },
    "61602": {
        "id": 61602,
        "name": "在贪婪之岛采集5次果子",
        "next_id": "",
        "type": 6,
        "sub_type": 17,
        "condition": 5,
        "reward_goods": [[20001,3000],[30002,1],[20002,30]],
        "race_km": "5",
        "open_level": "15",
        "open_instance": "0",
        "description": "在贪婪之岛采集5次果子",
        "tmp1": "金币*3.6w",
        "tmp2": 20001,
        "tmp3": 36000
    },
    "61603": {
        "id": 61603,
        "name": "通关流星街6次",
        "next_id": "",
        "type": 6,
        "sub_type": 39,
        "condition": 6,
        "reward_goods": [[20001,3000],[30002,1],[20002,30]],
        "race_km": "8",
        "open_level": "18",
        "open_instance": "0",
        "description": "通关流星街6次",
        "tmp1": "钻石*30",
        "tmp2": 20002,
        "tmp3": 30
    },
    "61701": {
        "id": 61701,
        "name": "购买1次体力",
        "next_id": "",
        "type": 6,
        "sub_type": 5,
        "condition": 1,
        "reward_goods": [[20001,3000],[30002,1],[20002,30]],
        "race_km": "2",
        "open_level": "1",
        "open_instance": "0",
        "description": "购买1次体力",
        "tmp1": "柳橙汁*1",
        "tmp2": 30003,
        "tmp3": 1
    },
    "61702": {
        "id": 61702,
        "name": "消耗300钻石",
        "next_id": "",
        "type": 6,
        "sub_type": 16,
        "condition": 300,
        "reward_goods": [[20001,3000],[30002,1],[20002,30]],
        "race_km": "5",
        "open_level": "1",
        "open_instance": "0",
        "description": "消耗300钻石",
        "tmp1": "金币*3.6w",
        "tmp2": 20001,
        "tmp3": 36000
    },
    "61703": {
        "id": 61703,
        "name": "通关流星街6次",
        "next_id": "",
        "type": 6,
        "sub_type": 39,
        "condition": 6,
        "reward_goods": [[20001,3000],[30002,1],[20002,30]],
        "race_km": "8",
        "open_level": "18",
        "open_instance": "0",
        "description": "通关流星街6次",
        "tmp1": "钻石*30",
        "tmp2": 20002,
        "tmp3": 30
    },
    "62101": {
        "id": 62101,
        "name": "向好友赠送1次体力",
        "next_id": "",
        "type": 6,
        "sub_type": 67,
        "condition": 1,
        "reward_goods": [[20001,3000],[30002,1],[20002,30]],
        "race_km": "2",
        "open_level": "1",
        "open_instance": "0",
        "description": "向好友赠送1次体力",
        "tmp1": "柳橙汁*1",
        "tmp2": 30003,
        "tmp3": 1
    },
    "62102": {
        "id": 62102,
        "name": "消耗300点体力",
        "next_id": "",
        "type": 6,
        "sub_type": 38,
        "condition": 300,
        "reward_goods": [[20001,3000],[30002,1],[20002,30]],
        "race_km": "5",
        "open_level": "1",
        "open_instance": "0",
        "description": "消耗300点体力",
        "tmp1": "金币*3.6w",
        "tmp2": 20001,
        "tmp3": 36000
    },
    "62103": {
        "id": 62103,
        "name": "在贪婪之岛采集6次果子",
        "next_id": "",
        "type": 6,
        "sub_type": 17,
        "condition": 6,
        "reward_goods": [[20001,3000],[30002,1],[20002,30]],
        "race_km": "8",
        "open_level": "15",
        "open_instance": "0",
        "description": "在贪婪之岛采集6次果子",
        "tmp1": "钻石*30",
        "tmp2": 20002,
        "tmp3": 30
    },
    "62201": {
        "id": 62201,
        "name": "在贪婪之岛钓鱼1次",
        "next_id": "",
        "type": 6,
        "sub_type": 46,
        "condition": 1,
        "reward_goods": [[20001,3000],[30002,1],[20002,30]],
        "race_km": "2",
        "open_level": "15",
        "open_instance": "0",
        "description": "在贪婪之岛钓鱼1次",
        "tmp1": "柳橙汁*1",
        "tmp2": 30003,
        "tmp3": 1
    },
    "62202": {
        "id": 62202,
        "name": "通关流星街5次",
        "next_id": "",
        "type": 6,
        "sub_type": 39,
        "condition": 5,
        "reward_goods": [[20001,3000],[30002,1],[20002,30]],
        "race_km": "5",
        "open_level": "18",
        "open_instance": "0",
        "description": "通关流星街5次",
        "tmp1": "金币*3.6w",
        "tmp2": 20001,
        "tmp3": 36000
    },
    "62203": {
        "id": 62203,
        "name": "在贪婪之岛采集6次果子",
        "next_id": "",
        "type": 6,
        "sub_type": 17,
        "condition": 6,
        "reward_goods": [[20001,3000],[30002,1],[20002,30]],
        "race_km": "8",
        "open_level": "15",
        "open_instance": "0",
        "description": "在贪婪之岛采集6次果子",
        "tmp1": "钻石*30",
        "tmp2": 20002,
        "tmp3": 30
    },
    "62301": {
        "id": 62301,
        "name": "在贪婪之岛猜拳1次",
        "next_id": "",
        "type": 6,
        "sub_type": 58,
        "condition": 1,
        "reward_goods": [[20001,3000],[30002,1],[20002,30]],
        "race_km": "2",
        "open_level": "15",
        "open_instance": "0",
        "description": "在贪婪之岛猜拳1次",
        "tmp1": "柳橙汁*1",
        "tmp2": 30003,
        "tmp3": 1
    },
    "62302": {
        "id": 62302,
        "name": "消耗300点体力",
        "next_id": "",
        "type": 6,
        "sub_type": 38,
        "condition": 300,
        "reward_goods": [[20001,3000],[30002,1],[20002,30]],
        "race_km": "5",
        "open_level": "1",
        "open_instance": "0",
        "description": "消耗300点体力",
        "tmp1": "金币*3.6w",
        "tmp2": 20001,
        "tmp3": 36000
    },
    "62303": {
        "id": 62303,
        "name": "在贪婪之岛采集6次果子",
        "next_id": "",
        "type": 6,
        "sub_type": 17,
        "condition": 6,
        "reward_goods": [[20001,3000],[30002,1],[20002,30]],
        "race_km": "8",
        "open_level": "15",
        "open_instance": "0",
        "description": "在贪婪之岛采集6次果子",
        "tmp1": "钻石*30",
        "tmp2": 20002,
        "tmp3": 30
    },
    "62401": {
        "id": 62401,
        "name": "贪婪之岛果实兑换1次",
        "next_id": "",
        "type": 6,
        "sub_type": 45,
        "condition": 1,
        "reward_goods": [[20001,3000],[30002,1],[20002,30]],
        "race_km": "2",
        "open_level": "15",
        "open_instance": "0",
        "description": "贪婪之岛果实兑换1次",
        "tmp1": "柳橙汁*1",
        "tmp2": 30003,
        "tmp3": 1
    },
    "62402": {
        "id": 62402,
        "name": "通关流星街5次",
        "next_id": "",
        "type": 6,
        "sub_type": 39,
        "condition": 5,
        "reward_goods": [[20001,3000],[30002,1],[20002,30]],
        "race_km": "5",
        "open_level": "18",
        "open_instance": "0",
        "description": "通关流星街5次",
        "tmp1": "金币*3.6w",
        "tmp2": 20001,
        "tmp3": 36000
    },
    "62403": {
        "id": 62403,
        "name": "在贪婪之岛采集6次果子",
        "next_id": "",
        "type": 6,
        "sub_type": 17,
        "condition": 6,
        "reward_goods": [[20001,3000],[30002,1],[20002,30]],
        "race_km": "8",
        "open_level": "15",
        "open_instance": "0",
        "description": "在贪婪之岛采集6次果子",
        "tmp1": "钻石*30",
        "tmp2": 20002,
        "tmp3": 30
    },
    "62501": {
        "id": 62501,
        "name": "公会捐献1次",
        "next_id": "",
        "type": 6,
        "sub_type": 27,
        "condition": 1,
        "reward_goods": [[20001,3000],[30002,1],[20002,30]],
        "race_km": "2",
        "open_level": "12",
        "open_instance": "0",
        "description": "公会捐献1次",
        "tmp1": "柳橙汁*1",
        "tmp2": 30003,
        "tmp3": 1
    },
    "62502": {
        "id": 62502,
        "name": "与玩家进行1次切磋",
        "next_id": "",
        "type": 6,
        "sub_type": 74,
        "condition": 1,
        "reward_goods": [[20001,3000],[30002,1],[20002,30]],
        "race_km": "5",
        "open_level": "1",
        "open_instance": "0",
        "description": "与玩家进行1次切磋",
        "tmp1": "金币*3.6w",
        "tmp2": 20001,
        "tmp3": 36000
    },
    "62503": {
        "id": 62503,
        "name": "在贪婪之岛采集6次果子",
        "next_id": "",
        "type": 6,
        "sub_type": 17,
        "condition": 6,
        "reward_goods": [[20001,3000],[30002,1],[20002,30]],
        "race_km": "8",
        "open_level": "15",
        "open_instance": "0",
        "description": "在贪婪之岛采集6次果子",
        "tmp1": "钻石*30",
        "tmp2": 20002,
        "tmp3": 30
    },
    "62601": {
        "id": 62601,
        "name": "公会商店购买1次商品",
        "next_id": "",
        "type": 6,
        "sub_type": 23,
        "condition": 1,
        "reward_goods": [[20001,3000],[30002,1],[20002,30]],
        "race_km": "2",
        "open_level": "12",
        "open_instance": "0",
        "description": "公会商店购买1次商品",
        "tmp1": "柳橙汁*1",
        "tmp2": 30003,
        "tmp3": 1
    },
    "62602": {
        "id": 62602,
        "name": "通关流星街5次",
        "next_id": "",
        "type": 6,
        "sub_type": 39,
        "condition": 5,
        "reward_goods": [[20001,3000],[30002,1],[20002,30]],
        "race_km": "5",
        "open_level": "18",
        "open_instance": "0",
        "description": "通关流星街5次",
        "tmp1": "金币*3.6w",
        "tmp2": 20001,
        "tmp3": 36000
    },
    "62603": {
        "id": 62603,
        "name": "在贪婪之岛采集6次果子",
        "next_id": "",
        "type": 6,
        "sub_type": 17,
        "condition": 6,
        "reward_goods": [[20001,3000],[30002,1],[20002,30]],
        "race_km": "8",
        "open_level": "15",
        "open_instance": "0",
        "description": "在贪婪之岛采集6次果子",
        "tmp1": "钻石*30",
        "tmp2": 20002,
        "tmp3": 30
    },
    "62701": {
        "id": 62701,
        "name": "购买1次体力",
        "next_id": "",
        "type": 6,
        "sub_type": 5,
        "condition": 1,
        "reward_goods": [[20001,3000],[30002,1],[20002,30]],
        "race_km": "2",
        "open_level": "1",
        "open_instance": "0",
        "description": "购买1次体力",
        "tmp1": "柳橙汁*1",
        "tmp2": 30003,
        "tmp3": 1
    },
    "62702": {
        "id": 62702,
        "name": "消耗300钻石",
        "next_id": "",
        "type": 6,
        "sub_type": 16,
        "condition": 300,
        "reward_goods": [[20001,3000],[30002,1],[20002,30]],
        "race_km": "5",
        "open_level": "1",
        "open_instance": "0",
        "description": "消耗300钻石",
        "tmp1": "金币*3.6w",
        "tmp2": 20001,
        "tmp3": 36000
    },
    "62703": {
        "id": 62703,
        "name": "在贪婪之岛采集6次果子",
        "next_id": "",
        "type": 6,
        "sub_type": 17,
        "condition": 6,
        "reward_goods": [[20001,3000],[30002,1],[20002,30]],
        "race_km": "8",
        "open_level": "15",
        "open_instance": "0",
        "description": "在贪婪之岛采集6次果子",
        "tmp1": "钻石*30",
        "tmp2": 20002,
        "tmp3": 30
    }}
