{
    "40001": {
        "id": 40001,
        "name": "食人花碎片",
        "quality": 4,
        "price": 3000,
        "drop_count": 1,
        "drop_time": 3,
        "overdue_time": "",
        "path": "hero_icon_head_wj_qiya_png",
        "des": "<text>收集30个可以召唤</text><color>r=254,g=34,b=236</color><text>S级</text><text>资质猎人</text><color>r=200,g=38,b=0</color><text>食人花</text><text>，也可以用来提升猎人星级。</text>",
        "from": [0,9],
        "red_tips": 0,
        "use_tips": 0
    },
    "40002": {
        "id": 40002,
        "name": "木头怪碎片",
        "quality": 3,
        "price": 3000,
        "drop_count": 1,
        "drop_time": 3,
        "overdue_time": "",
        "path": "hero_icon_head_wj_xiaodi_png",
        "des": "<text>收集10个可以召唤</text><color>r=254,g=34,b=236</color><text>A级</text><text>资质猎人</text><color>r=200,g=38,b=0</color><text>木头怪</text><text>，也可以用来提升猎人星级。</text>",
        "from": [0,9],
        "red_tips": 0,
        "use_tips": 0
    },
    "40003": {
        "id": 40003,
        "name": "病犬碎片",
        "quality": 4,
        "price": 3000,
        "drop_count": 1,
        "drop_time": 3,
        "overdue_time": "",
        "path": "hero_icon_head_wj_yiermi_png",
        "des": "<text>收集30个可以召唤</text><color>r=254,g=34,b=236</color><text>B级</text><text>资质猎人</text><color>r=200,g=38,b=0</color><text>病犬</text><text>，也可以用来提升猎人星级。</text>",
        "from": [0,9],
        "red_tips": 0,
        "use_tips": 0
    },
    "40004": {
        "id": 40004,
        "name": "暗杀手碎片",
        "quality": 5,
        "price": 3000,
        "drop_count": 1,
        "drop_time": 3,
        "overdue_time": "",
        "path": "hero_icon_head_wj_wojin_png",
        "des": "<text>收集60个可以召唤</text><color>r=254,g=34,b=236</color><text>B级</text><text>资质猎人</text><color>r=200,g=38,b=0</color><text>暗杀手</text><text>，也可以用来提升猎人星级。</text>",
        "from": [0,9],
        "red_tips": 0,
        "use_tips": 0
    },
    "40005": {
        "id": 40005,
        "name": "瘦水手碎片",
        "quality": 4,
        "price": 3000,
        "drop_count": 1,
        "drop_time": 3,
        "overdue_time": "",
        "path": "hero_icon_head_wj_qiya_png",
        "des": "<text>收集30个可以召唤</text><color>r=254,g=34,b=236</color><text>B级</text><text>资质猎人</text><color>r=200,g=38,b=0</color><text>瘦水手</text><text>，也可以用来提升猎人星级。</text>",
        "from": [0,9],
        "red_tips": 0,
        "use_tips": 0
    },
    "40006": {
        "id": 40006,
        "name": "魔狼碎片",
        "quality": 3,
        "price": 3000,
        "drop_count": 1,
        "drop_time": 3,
        "overdue_time": "",
        "path": "hero_icon_head_wj_xiaodi_png",
        "des": "<text>收集10个可以召唤</text><color>r=254,g=34,b=236</color><text>B级</text><text>资质猎人</text><color>r=200,g=38,b=0</color><text>魔狼</text><text>，也可以用来提升猎人星级。</text>",
        "from": [0,9],
        "red_tips": 0,
        "use_tips": 0
    },
    "40007": {
        "id": 40007,
        "name": "费婕碎片",
        "quality": 4,
        "price": 3000,
        "drop_count": 1,
        "drop_time": 3,
        "overdue_time": "",
        "path": "hero_icon_head_wj_yiermi_png",
        "des": "<text>收集30个可以召唤</text><color>r=254,g=34,b=236</color><text>B级</text><text>资质猎人</text><color>r=200,g=38,b=0</color><text>费婕</text><text>，也可以用来提升猎人星级。</text>",
        "from": [0,9],
        "red_tips": 0,
        "use_tips": 0
    },
    "40008": {
        "id": 40008,
        "name": "蝎子女碎片",
        "quality": 3,
        "price": 3000,
        "drop_count": 1,
        "drop_time": 3,
        "overdue_time": "",
        "path": "hero_icon_head_wj_wojin_png",
        "des": "<text>收集10个可以召唤</text><color>r=254,g=34,b=236</color><text>A级</text><text>资质猎人</text><color>r=200,g=38,b=0</color><text>蝎子女</text><text>，也可以用来提升猎人星级。</text>",
        "from": [0,9],
        "red_tips": 0,
        "use_tips": 0
    },
    "40009": {
        "id": 40009,
        "name": "母鸡碎片",
        "quality": 3,
        "price": 3000,
        "drop_count": 1,
        "drop_time": 3,
        "overdue_time": "",
        "path": "hero_icon_head_wj_qiya_png",
        "des": "<text>收集10个可以召唤</text><color>r=254,g=34,b=236</color><text>S级</text><text>资质猎人</text><color>r=200,g=38,b=0</color><text>母鸡</text><text>，也可以用来提升猎人星级。</text>",
        "from": [0,9],
        "red_tips": 0,
        "use_tips": 0
    },
    "40010": {
        "id": 40010,
        "name": "龙虾碎片",
        "quality": 3,
        "price": 3000,
        "drop_count": 1,
        "drop_time": 3,
        "overdue_time": "",
        "path": "hero_icon_head_wj_xiaodi_png",
        "des": "<text>收集10个可以召唤</text><color>r=254,g=34,b=236</color><text>B级</text><text>资质猎人</text><color>r=200,g=38,b=0</color><text>龙虾</text><text>，也可以用来提升猎人星级。</text>",
        "from": [0,9],
        "red_tips": 0,
        "use_tips": 0
    },
    "40011": {
        "id": 40011,
        "name": "狮子碎片",
        "quality": 4,
        "price": 3000,
        "drop_count": 1,
        "drop_time": 3,
        "overdue_time": "",
        "path": "hero_icon_head_wj_yiermi_png",
        "des": "<text>收集30个可以召唤</text><color>r=254,g=34,b=236</color><text>S级</text><text>资质猎人</text><color>r=200,g=38,b=0</color><text>狮子</text><text>，也可以用来提升猎人星级。</text>",
        "from": [0,9],
        "red_tips": 0,
        "use_tips": 0
    },
    "40012": {
        "id": 40012,
        "name": "鸟人碎片",
        "quality": 3,
        "price": 3000,
        "drop_count": 1,
        "drop_time": 3,
        "overdue_time": "",
        "path": "hero_icon_head_wj_wojin_png",
        "des": "<text>收集10个可以召唤</text><color>r=254,g=34,b=236</color><text>B级</text><text>资质猎人</text><color>r=200,g=38,b=0</color><text>鸟人</text><text>，也可以用来提升猎人星级。</text>",
        "from": [0,9],
        "red_tips": 0,
        "use_tips": 0
    }}
