{
    "10010": {
        "id": 10010,
        "name": "东巴",
        "level": 20,
        "step": 5,
        "star": 3,
        "awaken_level": 1
    },
    "10011": {
        "id": 10011,
        "name": "飞坦",
        "level": 20,
        "step": 5,
        "star": 4,
        "awaken_level": 1
    },
    "10001": {
        "id": 10001,
        "name": "小麦",
        "level": 20,
        "step": 5,
        "star": 4,
        "awaken_level": 1
    },
    "10002": {
        "id": 10002,
        "name": "二星蘑菇",
        "level": 1,
        "step": 0,
        "star": 2,
        "awaken_level": 0
    },
    "10003": {
        "id": 10003,
        "name": "三星蘑菇",
        "level": 1,
        "step": 0,
        "star": 3,
        "awaken_level": 0
    },
    "10004": {
        "id": 10004,
        "name": "四星蘑菇",
        "level": 1,
        "step": 0,
        "star": 4,
        "awaken_level": 0
    },
    "10005": {
        "id": 10005,
        "name": "五星蘑菇",
        "level": 1,
        "step": 0,
        "star": 5,
        "awaken_level": 0
    }}
