{
    "1": {
        "type": 1,
        "name": "到第二天时间",
        "max_time": 86400,
        "is_only": 1,
        "is_pool": "1",
        "des": "到第二天倒计时"
    },
    "101": {
        "type": 101,
        "name": "运营活动",
        "max_time": 0,
        "is_only": 0,
        "is_pool": "0",
        "des": "运营活动"
    },
    "1001": {
        "type": 1001,
        "name": "竞技场挑战间隔",
        "max_time": 10,
        "is_only": 1,
        "is_pool": "0",
        "des": "竞技场挑战间隔"
    },
    "1002": {
        "type": 1002,
        "name": "酒馆招募活动",
        "max_time": 172800,
        "is_only": 1,
        "is_pool": "0",
        "des": "酒馆招募活动"
    },
    "1003": {
        "type": 1003,
        "name": "公会联赛",
        "max_time": 0,
        "is_only": 1,
        "is_pool": "0",
        "des": "公会联赛"
    },
    "1004": {
        "type": 1004,
        "name": "弹劾倒计时(作废)",
        "max_time": 86400,
        "is_only": 1,
        "is_pool": "0",
        "des": "联盟成员弹劾盟主倒计时"
    },
    "1005": {
        "type": 1005,
        "name": "加入联盟时间限制",
        "max_time": 43200,
        "is_only": 1,
        "is_pool": "0",
        "des": "退出联盟后再次加入时间限制"
    },
    "1006": {
        "type": 1006,
        "name": "禁言倒计时",
        "max_time": 86400,
        "is_only": 1,
        "is_pool": "0",
        "des": "由运营设置的禁止发言时间限制"
    },
    "1007": {
        "type": 1007,
        "name": "仙境果实",
        "max_time": 300,
        "is_only": 1,
        "is_pool": "0",
        "des": "仙境果实剩余时间"
    },
    "1008": {
        "type": 1008,
        "name": "仙境果实开启",
        "max_time": 300,
        "is_only": 1,
        "is_pool": "0",
        "des": "仙境果实开启倒计时"
    },
    "1009": {
        "type": 1009,
        "name": "竞技场商城",
        "max_time": 86400,
        "is_only": 1,
        "is_pool": "0",
        "des": "竞技场商城下次刷新倒计时"
    },
    "1010": {
        "type": 1010,
        "name": "联盟商城",
        "max_time": 86400,
        "is_only": 1,
        "is_pool": "0",
        "des": "联盟商城下次刷新倒计时"
    },
    "1011": {
        "type": 1011,
        "name": "普通商城",
        "max_time": 600,
        "is_only": 1,
        "is_pool": "0",
        "des": "普通商城下次刷新倒计时"
    },
    "1012": {
        "type": 1012,
        "name": "酒馆积分商城",
        "max_time": 600,
        "is_only": 1,
        "is_pool": "0",
        "des": "酒馆积分商城"
    },
    "1013": {
        "type": 1013,
        "name": "七日任务",
        "max_time": 604800,
        "is_only": 1,
        "is_pool": "0",
        "des": "七日任务倒计时"
    },
    "1014": {
        "type": 1014,
        "name": "宝石普通单切",
        "max_time": 600,
        "is_only": 1,
        "is_pool": "0",
        "des": "宝石普通单切倒计时"
    },
    "1015": {
        "type": 1015,
        "name": "宝石精细单切",
        "max_time": 144000,
        "is_only": 1,
        "is_pool": "0",
        "des": "宝石精细单切倒计时"
    },
    "1016": {
        "type": 1016,
        "name": "场景boss",
        "max_time": 0,
        "is_only": 1,
        "is_pool": "0",
        "des": "场景boss各个阶段倒计时"
    },
    "1018": {
        "type": 1018,
        "name": "荣誉商铺刷新",
        "max_time": 86400,
        "is_only": 1,
        "is_pool": "0",
        "des": "荣誉商铺倒计时"
    },
    "1019": {
        "type": 1019,
        "name": "跨服战倒计时",
        "max_time": 604800,
        "is_only": 1,
        "is_pool": "0",
        "des": "跨服战倒计时"
    },
    "1020": {
        "type": 1020,
        "name": "禁评论倒计时",
        "max_time": 86400,
        "is_only": 1,
        "is_pool": "0",
        "des": "禁评论倒计时"
    },
    "1021": {
        "type": 1021,
        "name": "遗迹商城",
        "max_time": 600,
        "is_only": 1,
        "is_pool": "0",
        "des": "遗迹商城下次刷新倒计时"
    },
    "1022": {
        "type": 1022,
        "name": "活动boss",
        "max_time": 600,
        "is_only": 1,
        "is_pool": "0",
        "des": "活动boss"
    },
    "1023": {
        "type": 1023,
        "name": "争霸赛",
        "max_time": 0,
        "is_only": 1,
        "is_pool": "0",
        "des": "争霸赛"
    },
    "1050": {
        "type": 1050,
        "name": "联盟boss",
        "max_time": 21600,
        "is_only": 1,
        "is_pool": "0",
        "des": "联盟boss倒计时"
    },
    "1051": {
        "type": 1051,
        "name": "联盟宴会",
        "max_time": 43200,
        "is_only": 1,
        "is_pool": "0",
        "des": "联盟宴会倒计时"
    },
    "1052": {
        "type": 1052,
        "name": "联盟钓鱼",
        "max_time": 7200,
        "is_only": 1,
        "is_pool": "0",
        "des": "联盟钓鱼倒计时"
    },
    "1053": {
        "type": 1053,
        "name": "联盟战功商店倒计时",
        "max_time": 0,
        "is_only": 1,
        "is_pool": "0",
        "des": "联盟战功商店倒计时"
    },
    "1054": {
        "type": 1054,
        "name": "扭蛋机",
        "max_time": 432000,
        "is_only": 1,
        "is_pool": "0",
        "des": "扭蛋机倒计时"
    },
    "1055": {
        "type": 1055,
        "name": "禁回复倒计时",
        "max_time": 86400,
        "is_only": 1,
        "is_pool": "0",
        "des": "禁回复倒计时"
    },
    "1056": {
        "type": 1056,
        "name": "首冲倒计时",
        "max_time": 604800,
        "is_only": 1,
        "is_pool": "0",
        "des": "首冲倒计时"
    },
    "1057": {
        "type": 1057,
        "name": "许愿屋",
        "max_time": 432000,
        "is_only": 1,
        "is_pool": "0",
        "des": "许愿屋倒计时"
    },
    "1058": {
        "type": 1058,
        "name": "新嘉年华一",
        "max_time": 1296000,
        "is_only": 1,
        "is_pool": "",
        "des": "新嘉年华一"
    },
    "1059": {
        "type": 1059,
        "name": "新嘉年华二",
        "max_time": 1296000,
        "is_only": 1,
        "is_pool": "",
        "des": "新嘉年华二"
    },
    "1060": {
        "type": 1060,
        "name": "新嘉年华玛琪",
        "max_time": 1296000,
        "is_only": 1,
        "is_pool": "",
        "des": "新嘉年华玛琪"
    },
    "1061": {
        "type": 1061,
        "name": "新嘉年华库哔",
        "max_time": 1296000,
        "is_only": 1,
        "is_pool": "",
        "des": "新嘉年华库哔"
    },
    "1062": {
        "type": 1062,
        "name": "领取副本体力",
        "max_time": 0,
        "is_only": 1,
        "is_pool": "0",
        "des": "领取副本体力倒计时"
    },
    "1063": {
        "type": 1063,
        "name": "周任务显示进程",
        "max_time": 0,
        "is_only": 1,
        "is_pool": "0",
        "des": "周任务显示进程"
    },
    "2000": {
        "type": 2000,
        "name": "港口",
        "max_time": 0,
        "is_only": 1,
        "is_pool": "0",
        "des": "港口"
    }}
