{
    "20001": {
        "id": 20001,
        "name": "金币",
        "quality": 1,
        "price": 0,
        "drop_count": 0,
        "drop_time": 5,
        "overdue_time": "",
        "show_type": [0,0,999,9999,99999],
        "path": "ui_iconresources_jinbi1_png",
        "icon": "ui_iconresources_jinbi3_png",
        "des": "猎人世界里最常见的货币。",
        "from": [0],
        "tag": "money"
    },
    "20002": {
        "id": 20002,
        "name": "钻石",
        "quality": 5,
        "price": 0,
        "drop_count": 0,
        "drop_time": 5,
        "overdue_time": "",
        "show_type": [0,0,0,0,99],
        "path": "ui_iconresources_zuanshi1_png",
        "icon": "ui_iconresources_zuanshi3_png",
        "des": "晶莹剔透的宝石，十分珍贵。",
        "from": [0],
        "tag": "token"
    },
    "20003": {
        "id": 20003,
        "name": "体力",
        "quality": 1,
        "price": 0,
        "drop_count": 0,
        "drop_time": 5,
        "overdue_time": "",
        "show_type": [0,0,29,99,199],
        "path": "ui_iconresources_tili1_png",
        "icon": "ui_iconresources_tili3_png",
        "des": "体力每6分钟增长一点，到上限就不再涨啦。",
        "from": [0],
        "tag": "power"
    },
    "20004": {
        "id": 20004,
        "name": "格斗币",
        "quality": 4,
        "price": 0,
        "drop_count": 0,
        "drop_time": 5,
        "overdue_time": "",
        "show_type": [0,0,29,49,99],
        "path": "ui_iconresources_gedoubi1_png",
        "icon": "ui_iconresources_gedoubi3_png",
        "des": "格斗币可以在格斗商店里购买宝贝。",
        "from": [0],
        "tag": "ladderScore"
    },
    "20005": {
        "id": 20005,
        "name": "公会战功",
        "quality": 1,
        "price": 0,
        "drop_count": 0,
        "drop_time": 5,
        "overdue_time": "",
        "show_type": [0,0,29,99,199],
        "path": "ui_iconresources_feats1_png",
        "icon": "ui_iconresources_feats3_png",
        "des": "可以在战功商店购买稀有道具，通过参加公会战获得。",
        "from": [0],
        "tag": "leagueScore"
    },
    "20006": {
        "id": 20006,
        "name": "念力果",
        "quality": 5,
        "price": 0,
        "drop_count": 0,
        "drop_time": 5,
        "overdue_time": "",
        "show_type": [0,0,0,0,99],
        "path": "ui_iconresources_nianliguo1_png",
        "icon": "ui_iconresources_nianliguo3_png",
        "des": "猎人念力修炼时必备的道具",
        "from": [21,7,6,28,33],
        "tag": "psychicFruit"
    },
    "20007": {
        "id": 20007,
        "name": "公会币",
        "quality": 4,
        "price": 0,
        "drop_count": 0,
        "drop_time": 5,
        "overdue_time": "",
        "show_type": [0,0,29,99,199],
        "path": "ui_iconresources_gonghuibi1_png",
        "icon": "ui_iconresources_gonghuibi3_png",
        "des": "可以在公会商店里购买宝贝，通过参加公会活动获得。",
        "from": [0],
        "tag": "leagueCoin"
    },
    "20008": {
        "id": 20008,
        "name": "远古晶石",
        "quality": 4,
        "price": 0,
        "drop_count": 0,
        "drop_time": 5,
        "overdue_time": "",
        "show_type": [0,0,0,0,99],
        "path": "ui_iconresources_jingshi1_png",
        "icon": "ui_iconresources_jingshi3_png",
        "des": "一种非常罕见的水晶，参与黑暗大陆内的玩法获得，可以在晶石商店里兑换物品。",
        "from": [0],
        "tag": "relicCoin"
    },
    "20009": {
        "id": 20009,
        "name": "许愿牌",
        "quality": 4,
        "price": 0,
        "drop_count": 0,
        "drop_time": 5,
        "overdue_time": "",
        "show_type": [0,0,0,0,99],
        "path": "ui_iconresources_xuyuanpai1_png",
        "icon": "ui_iconresources_xuyuanpai3_png",
        "des": "印有樱花的许愿牌，写上的愿望都可以实现，可以在亚路嘉的许愿屋内使用。",
        "from": [0],
        "tag": "promiseCoin"
    },
    "20010": {
        "id": 20010,
        "name": "猎人币",
        "quality": 1,
        "price": 0,
        "drop_count": 0,
        "drop_time": 5,
        "overdue_time": "",
        "show_type": [0,100,1000,10000,100000],
        "path": "ui_iconresources_gedoubi1_png",
        "icon": "ui_iconresources_gedoubi3_png",
        "des": "猎人币",
        "from": [0],
        "tag": "lierenCoin"
    },
    "20011": {
        "id": 20011,
        "name": "队伍经验",
        "quality": 1,
        "price": 0,
        "drop_count": 0,
        "drop_time": 5,
        "overdue_time": "",
        "show_type": [0,100,1000,10000,100000],
        "path": "ui_iconresources_duiwujingyan1_png",
        "icon": "ui_iconresources_duiwujingyan3_png",
        "des": "升级队伍需要的经验，消耗体力时可以获得，也可以从日常任务奖励里获得。",
        "from": [0],
        "tag": "cur_exp"
    },
    "20012": {
        "id": 20012,
        "name": "VIP经验",
        "quality": 1,
        "price": 0,
        "drop_count": 0,
        "drop_time": 5,
        "overdue_time": "",
        "show_type": [0,100,1000,10000,100000],
        "path": "ui_iconresources_gedoubi1_png",
        "icon": "ui_iconresources_gedoubi3_png",
        "des": "升级VIP需要的经验。",
        "from": [0],
        "tag": "vipExp"
    },
    "20014": {
        "id": 20014,
        "name": "酒馆积分",
        "quality": 4,
        "price": 0,
        "drop_count": 0,
        "drop_time": 0,
        "overdue_time": "",
        "show_type": [0,0,0,1,100000],
        "path": "ui_iconresources_jiuguanbi1_png",
        "icon": "ui_iconresources_jiuguanbi3_png",
        "des": "可在酒馆商店购买宝贝，酒馆内喝任意酒均可获得。",
        "from": [0],
        "tag": "lotteryScore"
    },
    "20015": {
        "id": 20015,
        "name": "能量胶囊",
        "quality": 4,
        "price": 0,
        "drop_count": 0,
        "drop_time": 0,
        "overdue_time": "",
        "show_type": [0,0,0,1,100000],
        "path": "ui_iconresources_nengliangjiaonang1_png",
        "icon": "ui_iconresources_nengliangjiaonang3_png",
        "des": "在贪婪之岛采集果子时的必备道具，每小时恢复1个。",
        "from": [0],
        "tag": "goldPlate"
    },
    "20016": {
        "id": 20016,
        "name": "悬赏令",
        "quality": 4,
        "price": 0,
        "drop_count": 0,
        "drop_time": 0,
        "overdue_time": "",
        "show_type": [0,0,0,1,100000],
        "path": "ui_iconresources_gedoubi1_png",
        "icon": "ui_iconresources_gedoubi3_png",
        "des": "流星街第一副本消耗",
        "from": [38,23],
        "tag": "wantedCoin"
    },
    "20017": {
        "id": 20017,
        "name": "海捕令",
        "quality": 4,
        "price": 0,
        "drop_count": 0,
        "drop_time": 0,
        "overdue_time": "",
        "show_type": [0,0,0,1,100000],
        "path": "ui_iconresources_gedoubi1_png",
        "icon": "ui_iconresources_gedoubi3_png",
        "des": "流星街第二副本消耗",
        "from": [38,23],
        "tag": "arrestCoin"
    },
    "20018": {
        "id": 20018,
        "name": "缉拿令",
        "quality": 4,
        "price": 0,
        "drop_count": 0,
        "drop_time": 0,
        "overdue_time": "",
        "show_type": [0,0,0,1,100000],
        "path": "ui_iconresources_gedoubi1_png",
        "icon": "ui_iconresources_gedoubi3_png",
        "des": "流星街第三副本消耗",
        "from": [38,23],
        "tag": "huntCoin"
    },
    "20019": {
        "id": 20019,
        "name": "荣誉币",
        "quality": 4,
        "price": 0,
        "drop_count": 0,
        "drop_time": 0,
        "overdue_time": "",
        "show_type": [0,0,29,99,199],
        "path": "ui_iconresources_rongyubi1_png",
        "icon": "ui_iconresources_rongyubi3_png",
        "des": "可以在荣誉商店购买商品",
        "from": [0],
        "tag": "honorCoin"
    },
    "20020": {
        "id": 20020,
        "name": "冰爽啤酒",
        "quality": 4,
        "price": 0,
        "drop_count": 0,
        "drop_time": 0,
        "overdue_time": "",
        "show_type": [0,0,0,1,9],
        "path": "item_Recruit1_png",
        "icon": "ui_currencyicon_IconTavernType1_png",
        "des": "可以用来在酒馆中招募猎人，可能获得1个资质为B、A、S的猎人。",
        "from": [0],
        "tag": "beer"
    },
    "20021": {
        "id": 20021,
        "name": "浓醇红酒",
        "quality": 5,
        "price": 0,
        "drop_count": 0,
        "drop_time": 0,
        "overdue_time": "",
        "show_type": [0,0,0,0,1],
        "path": "item_Recruit2_png",
        "icon": "ui_currencyicon_IconTavernType2_png",
        "des": "可以用来在酒馆中招募猎人，可能获得1个资质为A或者S的猎人。",
        "from": [0],
        "tag": "redWine"
    },
    "20022": {
        "id": 20022,
        "name": "酩悦香槟",
        "quality": 5,
        "price": 0,
        "drop_count": 0,
        "drop_time": 0,
        "overdue_time": "",
        "show_type": [0,0,0,0,1],
        "path": "item_Recruit3_png",
        "icon": "ui_currencyicon_IconTavernType3_png",
        "des": "可以用来在酒馆中招募猎人，必定获得1个资质为S的猎人。",
        "from": [0],
        "tag": "champagne"
    },
    "20023": {
        "id": 20023,
        "name": "苏打水",
        "quality": 3,
        "price": 0,
        "drop_count": 0,
        "drop_time": 0,
        "overdue_time": "",
        "show_type": [0,0,100,200,300],
        "path": "item_Recruit4_png",
        "icon": "ui_currencyicon_IconTavernType4_png",
        "des": "可以用来在酒馆中招募猎人，可能获得1个资质为C或者B的猎人。",
        "from": [0],
        "tag": "soda"
    }}
