{
    "1": {
        "chapter_id": 1,
        "chapter_name": "突出重围",
        "chapter_pack": [200001,200002,200003,200004,200005,200006,200007],
        "chapter_bg": 1,
        "boss_roleId": 1,
        "boss_x": 0,
        "boss_y": 0,
        "star_score": [4,8,12],
        "goods_id": [[20002,30003,20001],[20002,30003,20001],[20002,30003,20001]],
        "goods_count": [[20,2,30000],[20,2,3],[50,5,3]],
        "chapter_num_pic": "ccbResources/common_ui/InstanceChapter/WordsChapterNum1.png",
        "chapter_name_pic": "ui_instancechapter_WordsChapterName1_png",
        "elite_drop_des": ["200011&掉落经验道具","200012&掉落铜钱道具"]
    },
    "2": {
        "chapter_id": 2,
        "chapter_name": "凌霄之困",
        "chapter_pack": [200011,200012,200013,200014,200015,200016,200017],
        "chapter_bg": 1,
        "boss_roleId": 1,
        "boss_x": 0,
        "boss_y": 0,
        "star_score": [4,8,12],
        "goods_id": [[20002,30003,20001],[20002,30003,20001],[20002,30003,20001]],
        "goods_count": [[20,2,30000],[20,2,3],[50,5,3]],
        "chapter_num_pic": "ccbResources/common_ui/InstanceChapter/WordsChapterNum2.png",
        "chapter_name_pic": "ui_instancechapter_WordsChapterName2_png",
        "elite_drop_des": ["200011&掉落经验道具","200012&掉落铜钱道具"]
    },
    "3": {
        "chapter_id": 3,
        "chapter_name": "伏牛大战",
        "chapter_pack": [200021,200022,200023,200024,200025,200026,200027],
        "chapter_bg": 1,
        "boss_roleId": 1,
        "boss_x": 0,
        "boss_y": 0,
        "star_score": [4,8,12],
        "goods_id": [[20002,30003,20001],[20002,30003,20001],[20002,30003,20001]],
        "goods_count": [[20,2,40000],[20,2,3],[50,6,3]],
        "chapter_num_pic": "ccbResources/common_ui/InstanceChapter/WordsChapterNum3.png",
        "chapter_name_pic": "ui_instancechapter_WordsChapterName3_png",
        "elite_drop_des": ["200011&掉落经验道具","200012&掉落铜钱道具"]
    },
    "4": {
        "chapter_id": 4,
        "chapter_name": "魔龙初现",
        "chapter_pack": [200031,200032,200033,200034,200035,200036,200037],
        "chapter_bg": 1,
        "boss_roleId": 1,
        "boss_x": 0,
        "boss_y": 0,
        "star_score": [4,8,12],
        "goods_id": [[20002,30003,20001],[20002,30003,20001],[20002,30003,20001]],
        "goods_count": [[30,5,50000],[30,5,3],[60,10,3]],
        "chapter_num_pic": "ccbResources/common_ui/InstanceChapter/WordsChapterNum4.png",
        "chapter_name_pic": "ui_instancechapter_WordsChapterName4_png",
        "elite_drop_des": ["200011&掉落经验道具","200012&掉落铜钱道具"]
    },
    "5": {
        "chapter_id": 5,
        "chapter_name": "天山无极",
        "chapter_pack": [200041,200042,200043,200044,200045,200046,200047],
        "chapter_bg": 1,
        "boss_roleId": 1,
        "boss_x": 0,
        "boss_y": 0,
        "star_score": [4,8,12],
        "goods_id": [[20002,30003,20001],[20002,30003,20001],[20002,30003,20001]],
        "goods_count": [[30,5,60000],[30,5,3],[60,10,3]],
        "chapter_num_pic": "ccbResources/common_ui/InstanceChapter/WordsChapterNum5.png",
        "chapter_name_pic": "ui_instancechapter_WordsChapterName5_png",
        "elite_drop_des": ["200011&掉落经验道具","200012&掉落铜钱道具"]
    },
    "6": {
        "chapter_id": 6,
        "chapter_name": "耀世神兵",
        "chapter_pack": [200051,200052,200053,200054,200055,200056,200057],
        "chapter_bg": 1,
        "boss_roleId": 1,
        "boss_x": 0,
        "boss_y": 0,
        "star_score": [4,8,12],
        "goods_id": [[20002,30003,20001],[20002,30003,20001],[20002,30003,20001]],
        "goods_count": [[50,5,70000],[50,5,3],[100,10,3]],
        "chapter_num_pic": "ccbResources/common_ui/InstanceChapter/WordsChapterNum6.png",
        "chapter_name_pic": "ui_instancechapter_WordsChapterName6_png",
        "elite_drop_des": ["200011&掉落经验道具","200012&掉落铜钱道具"]
    },
    "7": {
        "chapter_id": 7,
        "chapter_name": "暂无",
        "chapter_pack": [200058,200059,200060,200061,200062,200063,200064],
        "chapter_bg": 1,
        "boss_roleId": 1,
        "boss_x": 0,
        "boss_y": 0,
        "star_score": [4,8,12],
        "goods_id": [[20002,30003,20001],[20002,30003,20001],[20002,30003,20001]],
        "goods_count": [[50,5,70000],[50,5,3],[100,10,3]],
        "chapter_num_pic": "ccbResources/common_ui/InstanceChapter/WordsChapterNum6.png",
        "chapter_name_pic": "ui_instancechapter_WordsChapterName6_png",
        "elite_drop_des": ["200011&掉落经验道具","200012&掉落铜钱道具"]
    }}
