{
    "10001": {
        "id": 10001,
        "name": "攻击",
        "type": 1,
        "attri_add": [2,5],
        "rand": [],
        "value": "",
        "b_fight": 1
    },
    "10002": {
        "id": 10002,
        "name": "效果命中",
        "type": 1,
        "attri_add": [4,5],
        "rand": [],
        "value": "",
        "b_fight": 1
    },
    "10003": {
        "id": 10003,
        "name": "格挡率",
        "type": 1,
        "attri_add": [10,5],
        "rand": [],
        "value": "",
        "b_fight": 1
    },
    "10004": {
        "id": 10004,
        "name": "效果抵抗",
        "type": 1,
        "attri_add": [5,5],
        "rand": [],
        "value": "",
        "b_fight": 1
    },
    "10005": {
        "id": 10005,
        "name": "暴击伤害",
        "type": 1,
        "attri_add": [8,10],
        "rand": [],
        "value": "",
        "b_fight": 1
    },
    "10006": {
        "id": 10006,
        "name": "防御",
        "type": 1,
        "attri_add": [3,3],
        "rand": [],
        "value": "",
        "b_fight": 1
    },
    "10007": {
        "id": 10007,
        "name": "生命值",
        "type": 1,
        "attri_add": [1,5],
        "rand": [],
        "value": "",
        "b_fight": 1
    },
    "10008": {
        "id": 10008,
        "name": "暴击率",
        "type": 1,
        "attri_add": [6,3],
        "rand": [],
        "value": "",
        "b_fight": 1
    },
    "10009": {
        "id": 10009,
        "name": "生命值",
        "type": 1,
        "attri_add": [1,5],
        "rand": [],
        "value": "",
        "b_fight": 1
    },
    "10010": {
        "id": 10010,
        "name": "效果抵抗",
        "type": 1,
        "attri_add": [5,5],
        "rand": [],
        "value": "",
        "b_fight": 1
    },
    "10011": {
        "id": 10011,
        "name": "格挡率",
        "type": 1,
        "attri_add": [10,5],
        "rand": [],
        "value": "",
        "b_fight": 1
    },
    "10012": {
        "id": 10012,
        "name": "暴击抵抗",
        "type": 1,
        "attri_add": [9,3],
        "rand": [],
        "value": "",
        "b_fight": 1
    },
    "10013": {
        "id": 10013,
        "name": "效果命中",
        "type": 1,
        "attri_add": [4,5],
        "rand": [],
        "value": "",
        "b_fight": 1
    },
    "10014": {
        "id": 10014,
        "name": "暴击伤害",
        "type": 1,
        "attri_add": [8,10],
        "rand": [],
        "value": "",
        "b_fight": 1
    },
    "10015": {
        "id": 10015,
        "name": "攻击",
        "type": 1,
        "attri_add": [2,5],
        "rand": [],
        "value": "",
        "b_fight": 1
    },
    "10016": {
        "id": 10016,
        "name": "防御",
        "type": 1,
        "attri_add": [3,3],
        "rand": [],
        "value": "",
        "b_fight": 1
    },
    "20001": {
        "id": 20001,
        "name": "抢果",
        "type": 2,
        "attri_add": [],
        "rand": [70,100],
        "value": "",
        "b_fight": 0
    },
    "30001": {
        "id": 30001,
        "name": "采集",
        "type": 3,
        "attri_add": [],
        "rand": [],
        "value": "3",
        "b_fight": 0
    },
    "40001": {
        "id": 40001,
        "name": "复活",
        "type": 4,
        "attri_add": [],
        "rand": [],
        "value": "5",
        "b_fight": 0
    }}
