{
    "1": {
        "index": 1,
        "level": 5,
        "level_reward": [[20002,100],[30003,1],[10001,1]],
        "month_card": [100204],
        "month_reward": [[20002,200]]
    },
    "2": {
        "index": 2,
        "level": 10,
        "level_reward": [[20002,150],[20001,10000],[30811,10]],
        "month_card": [100204],
        "month_reward": [[20002,200]]
    },
    "3": {
        "index": 3,
        "level": 15,
        "level_reward": [[20002,150],[30452,1],[30910,5]],
        "month_card": [100204],
        "month_reward": [[20002,200]]
    },
    "4": {
        "index": 4,
        "level": 20,
        "level_reward": [[20002,150],[30003,3],[30507,1]],
        "month_card": [100204],
        "month_reward": [[20002,200]]
    },
    "5": {
        "index": 5,
        "level": 25,
        "level_reward": [[20002,180],[20001,30000],[30812,10]],
        "month_card": [100204],
        "month_reward": [[20002,200]]
    },
    "6": {
        "index": 6,
        "level": 30,
        "level_reward": [[20002,180],[30453,1],[10001,2]],
        "month_card": [100204],
        "month_reward": [[20002,200]]
    },
    "7": {
        "index": 7,
        "level": 35,
        "level_reward": [[20002,180],[30004,1],[30813,10]],
        "month_card": [100204],
        "month_reward": [[20002,200]]
    },
    "8": {
        "index": 8,
        "level": 40,
        "level_reward": [[20002,200],[20001,50000],[20020,1]],
        "month_card": [100204],
        "month_reward": [[20002,200]]
    },
    "9": {
        "index": 9,
        "level": 45,
        "level_reward": [[20002,200],[30453,1],[10002,1]],
        "month_card": [100204],
        "month_reward": [[20002,200]]
    },
    "10": {
        "index": 10,
        "level": 50,
        "level_reward": [[20002,200],[30004,2],[20020,1]],
        "month_card": [100204],
        "month_reward": [[20002,200]]
    },
    "11": {
        "index": 11,
        "level": 55,
        "level_reward": [[20002,300],[20001,100000],[10003,1]],
        "month_card": [100204],
        "month_reward": [[20002,200]]
    },
    "12": {
        "index": 12,
        "level": 60,
        "level_reward": [[20002,300],[30453,1],[20020,2]],
        "month_card": [100204],
        "month_reward": [[20002,200]]
    }}
