{
    "10001": {
        "general_id": 10001,
        "general_hp": [35057,81800,140228],
        "general_atk": [762,1778,3048],
        "general_def": [0,0,0],
        "atk_crit": [0,0,0],
        "crit_extra": [0,0,0],
        "dodge_rate": [0,0,0],
        "hit_rate": [0,0,0],
        "ignore_phyDef": [0,0,0],
        "rage_reduce": [0,0,0],
        "universal_resistance": [0,0,0],
        "ignore_resistance": [0,0,0],
        "float_resistance": [0,0,0],
        "cd_speed": [0,0,0],
        "support_consume": [0,0,0],
        "general_atk_all": [0,0,0],
        "general_def_all": [0,0,0],
        "all_crit": [0,0,0],
        "ignore_def_all": [0,0,0],
        "skill_atk": [0,0,0],
        "skill_def": [0,0,0],
        "skill_crit": [0,0,0],
        "crit_resistance": [0,0,0],
        "final_extra": [0,0,0],
        "final_reduce": [0,0,0],
        "ignore_magicDef": [0,0,0]
    },
    "10002": {
        "general_id": 10002,
        "general_hp": [41310,96390,165240],
        "general_atk": [564,1316,2256],
        "general_def": [0,0,0],
        "atk_crit": [0,0,0],
        "crit_extra": [0,0,0],
        "dodge_rate": [0,0,0],
        "hit_rate": [0,0,0],
        "ignore_phyDef": [0,0,0],
        "rage_reduce": [0,0,0],
        "universal_resistance": [0,0,0],
        "ignore_resistance": [0,0,0],
        "float_resistance": [0,0,0],
        "cd_speed": [0,0,0],
        "support_consume": [0,0,0],
        "general_atk_all": [0,0,0],
        "general_def_all": [0,0,0],
        "all_crit": [0,0,0],
        "ignore_def_all": [0,0,0],
        "skill_atk": [0,0,0],
        "skill_def": [0,0,0],
        "skill_crit": [0,0,0],
        "crit_resistance": [0,0,0],
        "final_extra": [0,0,0],
        "final_reduce": [0,0,0],
        "ignore_magicDef": [0,0,0]
    },
    "10003": {
        "general_id": 10003,
        "general_hp": [39204,91476,156816],
        "general_atk": [612,1428,2448],
        "general_def": [0,0,0],
        "atk_crit": [0,0,0],
        "crit_extra": [0,0,0],
        "dodge_rate": [0,0,0],
        "hit_rate": [0,0,0],
        "ignore_phyDef": [0,0,0],
        "rage_reduce": [0,0,0],
        "universal_resistance": [0,0,0],
        "ignore_resistance": [0,0,0],
        "float_resistance": [0,0,0],
        "cd_speed": [0,0,0],
        "support_consume": [0,0,0],
        "general_atk_all": [0,0,0],
        "general_def_all": [0,0,0],
        "all_crit": [0,0,0],
        "ignore_def_all": [0,0,0],
        "skill_atk": [0,0,0],
        "skill_def": [0,0,0],
        "skill_crit": [0,0,0],
        "crit_resistance": [0,0,0],
        "final_extra": [0,0,0],
        "final_reduce": [0,0,0],
        "ignore_magicDef": [0,0,0]
    },
    "10004": {
        "general_id": 10004,
        "general_hp": [42093,98217,168372],
        "general_atk": [594,1386,2376],
        "general_def": [0,0,0],
        "atk_crit": [0,0,0],
        "crit_extra": [0,0,0],
        "dodge_rate": [0,0,0],
        "hit_rate": [0,0,0],
        "ignore_phyDef": [0,0,0],
        "rage_reduce": [0,0,0],
        "universal_resistance": [0,0,0],
        "ignore_resistance": [0,0,0],
        "float_resistance": [0,0,0],
        "cd_speed": [0,0,0],
        "support_consume": [0,0,0],
        "general_atk_all": [0,0,0],
        "general_def_all": [0,0,0],
        "all_crit": [0,0,0],
        "ignore_def_all": [0,0,0],
        "skill_atk": [0,0,0],
        "skill_def": [0,0,0],
        "skill_crit": [0,0,0],
        "crit_resistance": [0,0,0],
        "final_extra": [0,0,0],
        "final_reduce": [0,0,0],
        "ignore_magicDef": [0,0,0]
    },
    "10005": {
        "general_id": 10005,
        "general_hp": [35138,81989,140552],
        "general_atk": [747,1743,2988],
        "general_def": [0,0,0],
        "atk_crit": [0,0,0],
        "crit_extra": [0,0,0],
        "dodge_rate": [0,0,0],
        "hit_rate": [0,0,0],
        "ignore_phyDef": [0,0,0],
        "rage_reduce": [0,0,0],
        "universal_resistance": [0,0,0],
        "ignore_resistance": [0,0,0],
        "float_resistance": [0,0,0],
        "cd_speed": [0,0,0],
        "support_consume": [0,0,0],
        "general_atk_all": [0,0,0],
        "general_def_all": [0,0,0],
        "all_crit": [0,0,0],
        "ignore_def_all": [0,0,0],
        "skill_atk": [0,0,0],
        "skill_def": [0,0,0],
        "skill_crit": [0,0,0],
        "crit_resistance": [0,0,0],
        "final_extra": [0,0,0],
        "final_reduce": [0,0,0],
        "ignore_magicDef": [0,0,0]
    },
    "10006": {
        "general_id": 10006,
        "general_hp": [33648,78512,134591],
        "general_atk": [684,1596,2736],
        "general_def": [0,0,0],
        "atk_crit": [0,0,0],
        "crit_extra": [0,0,0],
        "dodge_rate": [0,0,0],
        "hit_rate": [0,0,0],
        "ignore_phyDef": [0,0,0],
        "rage_reduce": [0,0,0],
        "universal_resistance": [0,0,0],
        "ignore_resistance": [0,0,0],
        "float_resistance": [0,0,0],
        "cd_speed": [0,0,0],
        "support_consume": [0,0,0],
        "general_atk_all": [0,0,0],
        "general_def_all": [0,0,0],
        "all_crit": [0,0,0],
        "ignore_def_all": [0,0,0],
        "skill_atk": [0,0,0],
        "skill_def": [0,0,0],
        "skill_crit": [0,0,0],
        "crit_resistance": [0,0,0],
        "final_extra": [0,0,0],
        "final_reduce": [0,0,0],
        "ignore_magicDef": [0,0,0]
    },
    "10007": {
        "general_id": 10007,
        "general_hp": [54000,126000,216000],
        "general_atk": [495,1155,1980],
        "general_def": [0,0,0],
        "atk_crit": [0,0,0],
        "crit_extra": [0,0,0],
        "dodge_rate": [0,0,0],
        "hit_rate": [0,0,0],
        "ignore_phyDef": [0,0,0],
        "rage_reduce": [0,0,0],
        "universal_resistance": [0,0,0],
        "ignore_resistance": [0,0,0],
        "float_resistance": [0,0,0],
        "cd_speed": [0,0,0],
        "support_consume": [0,0,0],
        "general_atk_all": [0,0,0],
        "general_def_all": [0,0,0],
        "all_crit": [0,0,0],
        "ignore_def_all": [0,0,0],
        "skill_atk": [0,0,0],
        "skill_def": [0,0,0],
        "skill_crit": [0,0,0],
        "crit_resistance": [0,0,0],
        "final_extra": [0,0,0],
        "final_reduce": [0,0,0],
        "ignore_magicDef": [0,0,0]
    },
    "10008": {
        "general_id": 10008,
        "general_hp": [33783,78827,135131],
        "general_atk": [675,1575,2700],
        "general_def": [0,0,0],
        "atk_crit": [0,0,0],
        "crit_extra": [0,0,0],
        "dodge_rate": [0,0,0],
        "hit_rate": [0,0,0],
        "ignore_phyDef": [0,0,0],
        "rage_reduce": [0,0,0],
        "universal_resistance": [0,0,0],
        "ignore_resistance": [0,0,0],
        "float_resistance": [0,0,0],
        "cd_speed": [0,0,0],
        "support_consume": [0,0,0],
        "general_atk_all": [0,0,0],
        "general_def_all": [0,0,0],
        "all_crit": [0,0,0],
        "ignore_def_all": [0,0,0],
        "skill_atk": [0,0,0],
        "skill_def": [0,0,0],
        "skill_crit": [0,0,0],
        "crit_resistance": [0,0,0],
        "final_extra": [0,0,0],
        "final_reduce": [0,0,0],
        "ignore_magicDef": [0,0,0]
    },
    "10009": {
        "general_id": 10009,
        "general_hp": [41121,95949,164484],
        "general_atk": [474,1106,1896],
        "general_def": [0,0,0],
        "atk_crit": [0,0,0],
        "crit_extra": [0,0,0],
        "dodge_rate": [0,0,0],
        "hit_rate": [0,0,0],
        "ignore_phyDef": [0,0,0],
        "rage_reduce": [0,0,0],
        "universal_resistance": [0,0,0],
        "ignore_resistance": [0,0,0],
        "float_resistance": [0,0,0],
        "cd_speed": [0,0,0],
        "support_consume": [0,0,0],
        "general_atk_all": [0,0,0],
        "general_def_all": [0,0,0],
        "all_crit": [0,0,0],
        "ignore_def_all": [0,0,0],
        "skill_atk": [0,0,0],
        "skill_def": [0,0,0],
        "skill_crit": [0,0,0],
        "crit_resistance": [0,0,0],
        "final_extra": [0,0,0],
        "final_reduce": [0,0,0],
        "ignore_magicDef": [0,0,0]
    },
    "10010": {
        "general_id": 10010,
        "general_hp": [41148,96012,164592],
        "general_atk": [474,1106,1896],
        "general_def": [0,0,0],
        "atk_crit": [0,0,0],
        "crit_extra": [0,0,0],
        "dodge_rate": [0,0,0],
        "hit_rate": [0,0,0],
        "ignore_phyDef": [0,0,0],
        "rage_reduce": [0,0,0],
        "universal_resistance": [0,0,0],
        "ignore_resistance": [0,0,0],
        "float_resistance": [0,0,0],
        "cd_speed": [0,0,0],
        "support_consume": [0,0,0],
        "general_atk_all": [0,0,0],
        "general_def_all": [0,0,0],
        "all_crit": [0,0,0],
        "ignore_def_all": [0,0,0],
        "skill_atk": [0,0,0],
        "skill_def": [0,0,0],
        "skill_crit": [0,0,0],
        "crit_resistance": [0,0,0],
        "final_extra": [0,0,0],
        "final_reduce": [0,0,0],
        "ignore_magicDef": [0,0,0]
    },
    "10011": {
        "general_id": 10011,
        "general_hp": [35489,82808,141956],
        "general_atk": [717,1673,2868],
        "general_def": [0,0,0],
        "atk_crit": [0,0,0],
        "crit_extra": [0,0,0],
        "dodge_rate": [0,0,0],
        "hit_rate": [0,0,0],
        "ignore_phyDef": [0,0,0],
        "rage_reduce": [0,0,0],
        "universal_resistance": [0,0,0],
        "ignore_resistance": [0,0,0],
        "float_resistance": [0,0,0],
        "cd_speed": [0,0,0],
        "support_consume": [0,0,0],
        "general_atk_all": [0,0,0],
        "general_def_all": [0,0,0],
        "all_crit": [0,0,0],
        "ignore_def_all": [0,0,0],
        "skill_atk": [0,0,0],
        "skill_def": [0,0,0],
        "skill_crit": [0,0,0],
        "crit_resistance": [0,0,0],
        "final_extra": [0,0,0],
        "final_reduce": [0,0,0],
        "ignore_magicDef": [0,0,0]
    },
    "10012": {
        "general_id": 10012,
        "general_hp": [35003,81674,140012],
        "general_atk": [732,1708,2928],
        "general_def": [0,0,0],
        "atk_crit": [0,0,0],
        "crit_extra": [0,0,0],
        "dodge_rate": [0,0,0],
        "hit_rate": [0,0,0],
        "ignore_phyDef": [0,0,0],
        "rage_reduce": [0,0,0],
        "universal_resistance": [0,0,0],
        "ignore_resistance": [0,0,0],
        "float_resistance": [0,0,0],
        "cd_speed": [0,0,0],
        "support_consume": [0,0,0],
        "general_atk_all": [0,0,0],
        "general_def_all": [0,0,0],
        "all_crit": [0,0,0],
        "ignore_def_all": [0,0,0],
        "skill_atk": [0,0,0],
        "skill_def": [0,0,0],
        "skill_crit": [0,0,0],
        "crit_resistance": [0,0,0],
        "final_extra": [0,0,0],
        "final_reduce": [0,0,0],
        "ignore_magicDef": [0,0,0]
    },
    "10013": {
        "general_id": 10013,
        "general_hp": [37547,87609,150186],
        "general_atk": [705,1645,2820],
        "general_def": [0,0,0],
        "atk_crit": [0,0,0],
        "crit_extra": [0,0,0],
        "dodge_rate": [0,0,0],
        "hit_rate": [0,0,0],
        "ignore_phyDef": [0,0,0],
        "rage_reduce": [0,0,0],
        "universal_resistance": [0,0,0],
        "ignore_resistance": [0,0,0],
        "float_resistance": [0,0,0],
        "cd_speed": [0,0,0],
        "support_consume": [0,0,0],
        "general_atk_all": [0,0,0],
        "general_def_all": [0,0,0],
        "all_crit": [0,0,0],
        "ignore_def_all": [0,0,0],
        "skill_atk": [0,0,0],
        "skill_def": [0,0,0],
        "skill_crit": [0,0,0],
        "crit_resistance": [0,0,0],
        "final_extra": [0,0,0],
        "final_reduce": [0,0,0],
        "ignore_magicDef": [0,0,0]
    },
    "10014": {
        "general_id": 10014,
        "general_hp": [35262,82278,141048],
        "general_atk": [741,1729,2964],
        "general_def": [0,0,0],
        "atk_crit": [0,0,0],
        "crit_extra": [0,0,0],
        "dodge_rate": [0,0,0],
        "hit_rate": [0,0,0],
        "ignore_phyDef": [0,0,0],
        "rage_reduce": [0,0,0],
        "universal_resistance": [0,0,0],
        "ignore_resistance": [0,0,0],
        "float_resistance": [0,0,0],
        "cd_speed": [0,0,0],
        "support_consume": [0,0,0],
        "general_atk_all": [0,0,0],
        "general_def_all": [0,0,0],
        "all_crit": [0,0,0],
        "ignore_def_all": [0,0,0],
        "skill_atk": [0,0,0],
        "skill_def": [0,0,0],
        "skill_crit": [0,0,0],
        "crit_resistance": [0,0,0],
        "final_extra": [0,0,0],
        "final_reduce": [0,0,0],
        "ignore_magicDef": [0,0,0]
    },
    "10015": {
        "general_id": 10015,
        "general_hp": [41121,95949,164484],
        "general_atk": [549,1281,2196],
        "general_def": [0,0,0],
        "atk_crit": [0,0,0],
        "crit_extra": [0,0,0],
        "dodge_rate": [0,0,0],
        "hit_rate": [0,0,0],
        "ignore_phyDef": [0,0,0],
        "rage_reduce": [0,0,0],
        "universal_resistance": [0,0,0],
        "ignore_resistance": [0,0,0],
        "float_resistance": [0,0,0],
        "cd_speed": [0,0,0],
        "support_consume": [0,0,0],
        "general_atk_all": [0,0,0],
        "general_def_all": [0,0,0],
        "all_crit": [0,0,0],
        "ignore_def_all": [0,0,0],
        "skill_atk": [0,0,0],
        "skill_def": [0,0,0],
        "skill_crit": [0,0,0],
        "crit_resistance": [0,0,0],
        "final_extra": [0,0,0],
        "final_reduce": [0,0,0],
        "ignore_magicDef": [0,0,0]
    },
    "10016": {
        "general_id": 10016,
        "general_hp": [37520,87546,150078],
        "general_atk": [525,1225,2100],
        "general_def": [0,0,0],
        "atk_crit": [0,0,0],
        "crit_extra": [0,0,0],
        "dodge_rate": [0,0,0],
        "hit_rate": [0,0,0],
        "ignore_phyDef": [0,0,0],
        "rage_reduce": [0,0,0],
        "universal_resistance": [0,0,0],
        "ignore_resistance": [0,0,0],
        "float_resistance": [0,0,0],
        "cd_speed": [0,0,0],
        "support_consume": [0,0,0],
        "general_atk_all": [0,0,0],
        "general_def_all": [0,0,0],
        "all_crit": [0,0,0],
        "ignore_def_all": [0,0,0],
        "skill_atk": [0,0,0],
        "skill_def": [0,0,0],
        "skill_crit": [0,0,0],
        "crit_resistance": [0,0,0],
        "final_extra": [0,0,0],
        "final_reduce": [0,0,0],
        "ignore_magicDef": [0,0,0]
    },
    "10017": {
        "general_id": 10017,
        "general_hp": [36931,86172,147723],
        "general_atk": [825,1925,3300],
        "general_def": [0,0,0],
        "atk_crit": [0,0,0],
        "crit_extra": [0,0,0],
        "dodge_rate": [0,0,0],
        "hit_rate": [0,0,0],
        "ignore_phyDef": [0,0,0],
        "rage_reduce": [0,0,0],
        "universal_resistance": [0,0,0],
        "ignore_resistance": [0,0,0],
        "float_resistance": [0,0,0],
        "cd_speed": [0,0,0],
        "support_consume": [0,0,0],
        "general_atk_all": [0,0,0],
        "general_def_all": [0,0,0],
        "all_crit": [0,0,0],
        "ignore_def_all": [0,0,0],
        "skill_atk": [0,0,0],
        "skill_def": [0,0,0],
        "skill_crit": [0,0,0],
        "crit_resistance": [0,0,0],
        "final_extra": [0,0,0],
        "final_reduce": [0,0,0],
        "ignore_magicDef": [0,0,0]
    },
    "10018": {
        "general_id": 10018,
        "general_hp": [36899,86097,147594],
        "general_atk": [831,1939,3324],
        "general_def": [0,0,0],
        "atk_crit": [0,0,0],
        "crit_extra": [0,0,0],
        "dodge_rate": [0,0,0],
        "hit_rate": [0,0,0],
        "ignore_phyDef": [0,0,0],
        "rage_reduce": [0,0,0],
        "universal_resistance": [0,0,0],
        "ignore_resistance": [0,0,0],
        "float_resistance": [0,0,0],
        "cd_speed": [0,0,0],
        "support_consume": [0,0,0],
        "general_atk_all": [0,0,0],
        "general_def_all": [0,0,0],
        "all_crit": [0,0,0],
        "ignore_def_all": [0,0,0],
        "skill_atk": [0,0,0],
        "skill_def": [0,0,0],
        "skill_crit": [0,0,0],
        "crit_resistance": [0,0,0],
        "final_extra": [0,0,0],
        "final_reduce": [0,0,0],
        "ignore_magicDef": [0,0,0]
    },
    "10019": {
        "general_id": 10019,
        "general_hp": [41769,97461,167076],
        "general_atk": [573,1337,2292],
        "general_def": [0,0,0],
        "atk_crit": [0,0,0],
        "crit_extra": [0,0,0],
        "dodge_rate": [0,0,0],
        "hit_rate": [0,0,0],
        "ignore_phyDef": [0,0,0],
        "rage_reduce": [0,0,0],
        "universal_resistance": [0,0,0],
        "ignore_resistance": [0,0,0],
        "float_resistance": [0,0,0],
        "cd_speed": [0,0,0],
        "support_consume": [0,0,0],
        "general_atk_all": [0,0,0],
        "general_def_all": [0,0,0],
        "all_crit": [0,0,0],
        "ignore_def_all": [0,0,0],
        "skill_atk": [0,0,0],
        "skill_def": [0,0,0],
        "skill_crit": [0,0,0],
        "crit_resistance": [0,0,0],
        "final_extra": [0,0,0],
        "final_reduce": [0,0,0],
        "ignore_magicDef": [0,0,0]
    },
    "10020": {
        "general_id": 10020,
        "general_hp": [41132,95975,164528],
        "general_atk": [567,1323,2268],
        "general_def": [0,0,0],
        "atk_crit": [0,0,0],
        "crit_extra": [0,0,0],
        "dodge_rate": [0,0,0],
        "hit_rate": [0,0,0],
        "ignore_phyDef": [0,0,0],
        "rage_reduce": [0,0,0],
        "universal_resistance": [0,0,0],
        "ignore_resistance": [0,0,0],
        "float_resistance": [0,0,0],
        "cd_speed": [0,0,0],
        "support_consume": [0,0,0],
        "general_atk_all": [0,0,0],
        "general_def_all": [0,0,0],
        "all_crit": [0,0,0],
        "ignore_def_all": [0,0,0],
        "skill_atk": [0,0,0],
        "skill_def": [0,0,0],
        "skill_crit": [0,0,0],
        "crit_resistance": [0,0,0],
        "final_extra": [0,0,0],
        "final_reduce": [0,0,0],
        "ignore_magicDef": [0,0,0]
    },
    "10021": {
        "general_id": 10021,
        "general_hp": [43179,100751,172715],
        "general_atk": [483,1127,1932],
        "general_def": [0,0,0],
        "atk_crit": [0,0,0],
        "crit_extra": [0,0,0],
        "dodge_rate": [0,0,0],
        "hit_rate": [0,0,0],
        "ignore_phyDef": [0,0,0],
        "rage_reduce": [0,0,0],
        "universal_resistance": [0,0,0],
        "ignore_resistance": [0,0,0],
        "float_resistance": [0,0,0],
        "cd_speed": [0,0,0],
        "support_consume": [0,0,0],
        "general_atk_all": [0,0,0],
        "general_def_all": [0,0,0],
        "all_crit": [0,0,0],
        "ignore_def_all": [0,0,0],
        "skill_atk": [0,0,0],
        "skill_def": [0,0,0],
        "skill_crit": [0,0,0],
        "crit_resistance": [0,0,0],
        "final_extra": [0,0,0],
        "final_reduce": [0,0,0],
        "ignore_magicDef": [0,0,0]
    },
    "10022": {
        "general_id": 10022,
        "general_hp": [41121,95949,164484],
        "general_atk": [474,1106,1896],
        "general_def": [0,0,0],
        "atk_crit": [0,0,0],
        "crit_extra": [0,0,0],
        "dodge_rate": [0,0,0],
        "hit_rate": [0,0,0],
        "ignore_phyDef": [0,0,0],
        "rage_reduce": [0,0,0],
        "universal_resistance": [0,0,0],
        "ignore_resistance": [0,0,0],
        "float_resistance": [0,0,0],
        "cd_speed": [0,0,0],
        "support_consume": [0,0,0],
        "general_atk_all": [0,0,0],
        "general_def_all": [0,0,0],
        "all_crit": [0,0,0],
        "ignore_def_all": [0,0,0],
        "skill_atk": [0,0,0],
        "skill_def": [0,0,0],
        "skill_crit": [0,0,0],
        "crit_resistance": [0,0,0],
        "final_extra": [0,0,0],
        "final_reduce": [0,0,0],
        "ignore_magicDef": [0,0,0]
    },
    "10023": {
        "general_id": 10023,
        "general_hp": [39793,92850,159171],
        "general_atk": [561,1309,2244],
        "general_def": [0,0,0],
        "atk_crit": [0,0,0],
        "crit_extra": [0,0,0],
        "dodge_rate": [0,0,0],
        "hit_rate": [0,0,0],
        "ignore_phyDef": [0,0,0],
        "rage_reduce": [0,0,0],
        "universal_resistance": [0,0,0],
        "ignore_resistance": [0,0,0],
        "float_resistance": [0,0,0],
        "cd_speed": [0,0,0],
        "support_consume": [0,0,0],
        "general_atk_all": [0,0,0],
        "general_def_all": [0,0,0],
        "all_crit": [0,0,0],
        "ignore_def_all": [0,0,0],
        "skill_atk": [0,0,0],
        "skill_def": [0,0,0],
        "skill_crit": [0,0,0],
        "crit_resistance": [0,0,0],
        "final_extra": [0,0,0],
        "final_reduce": [0,0,0],
        "ignore_magicDef": [0,0,0]
    },
    "10024": {
        "general_id": 10024,
        "general_hp": [37449,87381,149796],
        "general_atk": [525,1225,2100],
        "general_def": [0,0,0],
        "atk_crit": [0,0,0],
        "crit_extra": [0,0,0],
        "dodge_rate": [0,0,0],
        "hit_rate": [0,0,0],
        "ignore_phyDef": [0,0,0],
        "rage_reduce": [0,0,0],
        "universal_resistance": [0,0,0],
        "ignore_resistance": [0,0,0],
        "float_resistance": [0,0,0],
        "cd_speed": [0,0,0],
        "support_consume": [0,0,0],
        "general_atk_all": [0,0,0],
        "general_def_all": [0,0,0],
        "all_crit": [0,0,0],
        "ignore_def_all": [0,0,0],
        "skill_atk": [0,0,0],
        "skill_def": [0,0,0],
        "skill_crit": [0,0,0],
        "crit_resistance": [0,0,0],
        "final_extra": [0,0,0],
        "final_reduce": [0,0,0],
        "ignore_magicDef": [0,0,0]
    },
    "10025": {
        "general_id": 10025,
        "general_hp": [41391,96579,165564],
        "general_atk": [504,1176,2016],
        "general_def": [0,0,0],
        "atk_crit": [0,0,0],
        "crit_extra": [0,0,0],
        "dodge_rate": [0,0,0],
        "hit_rate": [0,0,0],
        "ignore_phyDef": [0,0,0],
        "rage_reduce": [0,0,0],
        "universal_resistance": [0,0,0],
        "ignore_resistance": [0,0,0],
        "float_resistance": [0,0,0],
        "cd_speed": [0,0,0],
        "support_consume": [0,0,0],
        "general_atk_all": [0,0,0],
        "general_def_all": [0,0,0],
        "all_crit": [0,0,0],
        "ignore_def_all": [0,0,0],
        "skill_atk": [0,0,0],
        "skill_def": [0,0,0],
        "skill_crit": [0,0,0],
        "crit_resistance": [0,0,0],
        "final_extra": [0,0,0],
        "final_reduce": [0,0,0],
        "ignore_magicDef": [0,0,0]
    },
    "10026": {
        "general_id": 10026,
        "general_hp": [35165,82052,140660],
        "general_atk": [774,1806,3096],
        "general_def": [0,0,0],
        "atk_crit": [0,0,0],
        "crit_extra": [0,0,0],
        "dodge_rate": [0,0,0],
        "hit_rate": [0,0,0],
        "ignore_phyDef": [0,0,0],
        "rage_reduce": [0,0,0],
        "universal_resistance": [0,0,0],
        "ignore_resistance": [0,0,0],
        "float_resistance": [0,0,0],
        "cd_speed": [0,0,0],
        "support_consume": [0,0,0],
        "general_atk_all": [0,0,0],
        "general_def_all": [0,0,0],
        "all_crit": [0,0,0],
        "ignore_def_all": [0,0,0],
        "skill_atk": [0,0,0],
        "skill_def": [0,0,0],
        "skill_crit": [0,0,0],
        "crit_resistance": [0,0,0],
        "final_extra": [0,0,0],
        "final_reduce": [0,0,0],
        "ignore_magicDef": [0,0,0]
    },
    "10027": {
        "general_id": 10027,
        "general_hp": [37385,87231,149538],
        "general_atk": [540,1260,2160],
        "general_def": [0,0,0],
        "atk_crit": [0,0,0],
        "crit_extra": [0,0,0],
        "dodge_rate": [0,0,0],
        "hit_rate": [0,0,0],
        "ignore_phyDef": [0,0,0],
        "rage_reduce": [0,0,0],
        "universal_resistance": [0,0,0],
        "ignore_resistance": [0,0,0],
        "float_resistance": [0,0,0],
        "cd_speed": [0,0,0],
        "support_consume": [0,0,0],
        "general_atk_all": [0,0,0],
        "general_def_all": [0,0,0],
        "all_crit": [0,0,0],
        "ignore_def_all": [0,0,0],
        "skill_atk": [0,0,0],
        "skill_def": [0,0,0],
        "skill_crit": [0,0,0],
        "crit_resistance": [0,0,0],
        "final_extra": [0,0,0],
        "final_reduce": [0,0,0],
        "ignore_magicDef": [0,0,0]
    },
    "10028": {
        "general_id": 10028,
        "general_hp": [37061,86475,148242],
        "general_atk": [795,1855,3180],
        "general_def": [0,0,0],
        "atk_crit": [0,0,0],
        "crit_extra": [0,0,0],
        "dodge_rate": [0,0,0],
        "hit_rate": [0,0,0],
        "ignore_phyDef": [0,0,0],
        "rage_reduce": [0,0,0],
        "universal_resistance": [0,0,0],
        "ignore_resistance": [0,0,0],
        "float_resistance": [0,0,0],
        "cd_speed": [0,0,0],
        "support_consume": [0,0,0],
        "general_atk_all": [0,0,0],
        "general_def_all": [0,0,0],
        "all_crit": [0,0,0],
        "ignore_def_all": [0,0,0],
        "skill_atk": [0,0,0],
        "skill_def": [0,0,0],
        "skill_crit": [0,0,0],
        "crit_resistance": [0,0,0],
        "final_extra": [0,0,0],
        "final_reduce": [0,0,0],
        "ignore_magicDef": [0,0,0]
    },
    "10029": {
        "general_id": 10029,
        "general_hp": [40500,94500,162000],
        "general_atk": [615,1435,2460],
        "general_def": [0,0,0],
        "atk_crit": [0,0,0],
        "crit_extra": [0,0,0],
        "dodge_rate": [0,0,0],
        "hit_rate": [0,0,0],
        "ignore_phyDef": [0,0,0],
        "rage_reduce": [0,0,0],
        "universal_resistance": [0,0,0],
        "ignore_resistance": [0,0,0],
        "float_resistance": [0,0,0],
        "cd_speed": [0,0,0],
        "support_consume": [0,0,0],
        "general_atk_all": [0,0,0],
        "general_def_all": [0,0,0],
        "all_crit": [0,0,0],
        "ignore_def_all": [0,0,0],
        "skill_atk": [0,0,0],
        "skill_def": [0,0,0],
        "skill_crit": [0,0,0],
        "crit_resistance": [0,0,0],
        "final_extra": [0,0,0],
        "final_reduce": [0,0,0],
        "ignore_magicDef": [0,0,0]
    },
    "10030": {
        "general_id": 10030,
        "general_hp": [39307,91716,157227],
        "general_atk": [537,1253,2148],
        "general_def": [0,0,0],
        "atk_crit": [0,0,0],
        "crit_extra": [0,0,0],
        "dodge_rate": [0,0,0],
        "hit_rate": [0,0,0],
        "ignore_phyDef": [0,0,0],
        "rage_reduce": [0,0,0],
        "universal_resistance": [0,0,0],
        "ignore_resistance": [0,0,0],
        "float_resistance": [0,0,0],
        "cd_speed": [0,0,0],
        "support_consume": [0,0,0],
        "general_atk_all": [0,0,0],
        "general_def_all": [0,0,0],
        "all_crit": [0,0,0],
        "ignore_def_all": [0,0,0],
        "skill_atk": [0,0,0],
        "skill_def": [0,0,0],
        "skill_crit": [0,0,0],
        "crit_resistance": [0,0,0],
        "final_extra": [0,0,0],
        "final_reduce": [0,0,0],
        "ignore_magicDef": [0,0,0]
    },
    "10031": {
        "general_id": 10031,
        "general_hp": [39253,91590,157011],
        "general_atk": [552,1288,2208],
        "general_def": [0,0,0],
        "atk_crit": [0,0,0],
        "crit_extra": [0,0,0],
        "dodge_rate": [0,0,0],
        "hit_rate": [0,0,0],
        "ignore_phyDef": [0,0,0],
        "rage_reduce": [0,0,0],
        "universal_resistance": [0,0,0],
        "ignore_resistance": [0,0,0],
        "float_resistance": [0,0,0],
        "cd_speed": [0,0,0],
        "support_consume": [0,0,0],
        "general_atk_all": [0,0,0],
        "general_def_all": [0,0,0],
        "all_crit": [0,0,0],
        "ignore_def_all": [0,0,0],
        "skill_atk": [0,0,0],
        "skill_def": [0,0,0],
        "skill_crit": [0,0,0],
        "crit_resistance": [0,0,0],
        "final_extra": [0,0,0],
        "final_reduce": [0,0,0],
        "ignore_magicDef": [0,0,0]
    },
    "10032": {
        "general_id": 10032,
        "general_hp": [41121,95949,164484],
        "general_atk": [474,1106,1896],
        "general_def": [0,0,0],
        "atk_crit": [0,0,0],
        "crit_extra": [0,0,0],
        "dodge_rate": [0,0,0],
        "hit_rate": [0,0,0],
        "ignore_phyDef": [0,0,0],
        "rage_reduce": [0,0,0],
        "universal_resistance": [0,0,0],
        "ignore_resistance": [0,0,0],
        "float_resistance": [0,0,0],
        "cd_speed": [0,0,0],
        "support_consume": [0,0,0],
        "general_atk_all": [0,0,0],
        "general_def_all": [0,0,0],
        "all_crit": [0,0,0],
        "ignore_def_all": [0,0,0],
        "skill_atk": [0,0,0],
        "skill_def": [0,0,0],
        "skill_crit": [0,0,0],
        "crit_resistance": [0,0,0],
        "final_extra": [0,0,0],
        "final_reduce": [0,0,0],
        "ignore_magicDef": [0,0,0]
    },
    "10033": {
        "general_id": 10033,
        "general_hp": [36963,86247,147852],
        "general_atk": [789,1841,3156],
        "general_def": [0,0,0],
        "atk_crit": [0,0,0],
        "crit_extra": [0,0,0],
        "dodge_rate": [0,0,0],
        "hit_rate": [0,0,0],
        "ignore_phyDef": [0,0,0],
        "rage_reduce": [0,0,0],
        "universal_resistance": [0,0,0],
        "ignore_resistance": [0,0,0],
        "float_resistance": [0,0,0],
        "cd_speed": [0,0,0],
        "support_consume": [0,0,0],
        "general_atk_all": [0,0,0],
        "general_def_all": [0,0,0],
        "all_crit": [0,0,0],
        "ignore_def_all": [0,0,0],
        "skill_atk": [0,0,0],
        "skill_def": [0,0,0],
        "skill_crit": [0,0,0],
        "crit_resistance": [0,0,0],
        "final_extra": [0,0,0],
        "final_reduce": [0,0,0],
        "ignore_magicDef": [0,0,0]
    },
    "10034": {
        "general_id": 10034,
        "general_hp": [34517,80540,138068],
        "general_atk": [777,1813,3108],
        "general_def": [0,0,0],
        "atk_crit": [0,0,0],
        "crit_extra": [0,0,0],
        "dodge_rate": [0,0,0],
        "hit_rate": [0,0,0],
        "ignore_phyDef": [0,0,0],
        "rage_reduce": [0,0,0],
        "universal_resistance": [0,0,0],
        "ignore_resistance": [0,0,0],
        "float_resistance": [0,0,0],
        "cd_speed": [0,0,0],
        "support_consume": [0,0,0],
        "general_atk_all": [0,0,0],
        "general_def_all": [0,0,0],
        "all_crit": [0,0,0],
        "ignore_def_all": [0,0,0],
        "skill_atk": [0,0,0],
        "skill_def": [0,0,0],
        "skill_crit": [0,0,0],
        "crit_resistance": [0,0,0],
        "final_extra": [0,0,0],
        "final_reduce": [0,0,0],
        "ignore_magicDef": [0,0,0]
    },
    "10035": {
        "general_id": 10035,
        "general_hp": [37325,87092,149300],
        "general_atk": [741,1729,2964],
        "general_def": [0,0,0],
        "atk_crit": [0,0,0],
        "crit_extra": [0,0,0],
        "dodge_rate": [0,0,0],
        "hit_rate": [0,0,0],
        "ignore_phyDef": [0,0,0],
        "rage_reduce": [0,0,0],
        "universal_resistance": [0,0,0],
        "ignore_resistance": [0,0,0],
        "float_resistance": [0,0,0],
        "cd_speed": [0,0,0],
        "support_consume": [0,0,0],
        "general_atk_all": [0,0,0],
        "general_def_all": [0,0,0],
        "all_crit": [0,0,0],
        "ignore_def_all": [0,0,0],
        "skill_atk": [0,0,0],
        "skill_def": [0,0,0],
        "skill_crit": [0,0,0],
        "crit_resistance": [0,0,0],
        "final_extra": [0,0,0],
        "final_reduce": [0,0,0],
        "ignore_magicDef": [0,0,0]
    },
    "10036": {
        "general_id": 10036,
        "general_hp": [45900,107100,183600],
        "general_atk": [624,1456,2496],
        "general_def": [0,0,0],
        "atk_crit": [0,0,0],
        "crit_extra": [0,0,0],
        "dodge_rate": [0,0,0],
        "hit_rate": [0,0,0],
        "ignore_phyDef": [0,0,0],
        "rage_reduce": [0,0,0],
        "universal_resistance": [0,0,0],
        "ignore_resistance": [0,0,0],
        "float_resistance": [0,0,0],
        "cd_speed": [0,0,0],
        "support_consume": [0,0,0],
        "general_atk_all": [0,0,0],
        "general_def_all": [0,0,0],
        "all_crit": [0,0,0],
        "ignore_def_all": [0,0,0],
        "skill_atk": [0,0,0],
        "skill_def": [0,0,0],
        "skill_crit": [0,0,0],
        "crit_resistance": [0,0,0],
        "final_extra": [0,0,0],
        "final_reduce": [0,0,0],
        "ignore_magicDef": [0,0,0]
    },
    "10037": {
        "general_id": 10037,
        "general_hp": [59400,138600,237600],
        "general_atk": [609,1421,2436],
        "general_def": [0,0,0],
        "atk_crit": [0,0,0],
        "crit_extra": [0,0,0],
        "dodge_rate": [0,0,0],
        "hit_rate": [0,0,0],
        "ignore_phyDef": [0,0,0],
        "rage_reduce": [0,0,0],
        "universal_resistance": [0,0,0],
        "ignore_resistance": [0,0,0],
        "float_resistance": [0,0,0],
        "cd_speed": [0,0,0],
        "support_consume": [0,0,0],
        "general_atk_all": [0,0,0],
        "general_def_all": [0,0,0],
        "all_crit": [0,0,0],
        "ignore_def_all": [0,0,0],
        "skill_atk": [0,0,0],
        "skill_def": [0,0,0],
        "skill_crit": [0,0,0],
        "crit_resistance": [0,0,0],
        "final_extra": [0,0,0],
        "final_reduce": [0,0,0],
        "ignore_magicDef": [0,0,0]
    },
    "10038": {
        "general_id": 10038,
        "general_hp": [37206,86814,148824],
        "general_atk": [525,1225,2100],
        "general_def": [0,0,0],
        "atk_crit": [0,0,0],
        "crit_extra": [0,0,0],
        "dodge_rate": [0,0,0],
        "hit_rate": [0,0,0],
        "ignore_phyDef": [0,0,0],
        "rage_reduce": [0,0,0],
        "universal_resistance": [0,0,0],
        "ignore_resistance": [0,0,0],
        "float_resistance": [0,0,0],
        "cd_speed": [0,0,0],
        "support_consume": [0,0,0],
        "general_atk_all": [0,0,0],
        "general_def_all": [0,0,0],
        "all_crit": [0,0,0],
        "ignore_def_all": [0,0,0],
        "skill_atk": [0,0,0],
        "skill_def": [0,0,0],
        "skill_crit": [0,0,0],
        "crit_resistance": [0,0,0],
        "final_extra": [0,0,0],
        "final_reduce": [0,0,0],
        "ignore_magicDef": [0,0,0]
    },
    "10039": {
        "general_id": 10039,
        "general_hp": [38718,90342,154872],
        "general_atk": [552,1288,2208],
        "general_def": [0,0,0],
        "atk_crit": [0,0,0],
        "crit_extra": [0,0,0],
        "dodge_rate": [0,0,0],
        "hit_rate": [0,0,0],
        "ignore_phyDef": [0,0,0],
        "rage_reduce": [0,0,0],
        "universal_resistance": [0,0,0],
        "ignore_resistance": [0,0,0],
        "float_resistance": [0,0,0],
        "cd_speed": [0,0,0],
        "support_consume": [0,0,0],
        "general_atk_all": [0,0,0],
        "general_def_all": [0,0,0],
        "all_crit": [0,0,0],
        "ignore_def_all": [0,0,0],
        "skill_atk": [0,0,0],
        "skill_def": [0,0,0],
        "skill_crit": [0,0,0],
        "crit_resistance": [0,0,0],
        "final_extra": [0,0,0],
        "final_reduce": [0,0,0],
        "ignore_magicDef": [0,0,0]
    },
    "10040": {
        "general_id": 10040,
        "general_hp": [41813,97563,167250],
        "general_atk": [567,1323,2268],
        "general_def": [0,0,0],
        "atk_crit": [0,0,0],
        "crit_extra": [0,0,0],
        "dodge_rate": [0,0,0],
        "hit_rate": [0,0,0],
        "ignore_phyDef": [0,0,0],
        "rage_reduce": [0,0,0],
        "universal_resistance": [0,0,0],
        "ignore_resistance": [0,0,0],
        "float_resistance": [0,0,0],
        "cd_speed": [0,0,0],
        "support_consume": [0,0,0],
        "general_atk_all": [0,0,0],
        "general_def_all": [0,0,0],
        "all_crit": [0,0,0],
        "ignore_def_all": [0,0,0],
        "skill_atk": [0,0,0],
        "skill_def": [0,0,0],
        "skill_crit": [0,0,0],
        "crit_resistance": [0,0,0],
        "final_extra": [0,0,0],
        "final_reduce": [0,0,0],
        "ignore_magicDef": [0,0,0]
    },
    "10041": {
        "general_id": 10041,
        "general_hp": [37007,86349,148026],
        "general_atk": [768,1792,3072],
        "general_def": [0,0,0],
        "atk_crit": [0,0,0],
        "crit_extra": [0,0,0],
        "dodge_rate": [0,0,0],
        "hit_rate": [0,0,0],
        "ignore_phyDef": [0,0,0],
        "rage_reduce": [0,0,0],
        "universal_resistance": [0,0,0],
        "ignore_resistance": [0,0,0],
        "float_resistance": [0,0,0],
        "cd_speed": [0,0,0],
        "support_consume": [0,0,0],
        "general_atk_all": [0,0,0],
        "general_def_all": [0,0,0],
        "all_crit": [0,0,0],
        "ignore_def_all": [0,0,0],
        "skill_atk": [0,0,0],
        "skill_def": [0,0,0],
        "skill_crit": [0,0,0],
        "crit_resistance": [0,0,0],
        "final_extra": [0,0,0],
        "final_reduce": [0,0,0],
        "ignore_magicDef": [0,0,0]
    },
    "10042": {
        "general_id": 10042,
        "general_hp": [41472,96768,165888],
        "general_atk": [552,1288,2208],
        "general_def": [0,0,0],
        "atk_crit": [0,0,0],
        "crit_extra": [0,0,0],
        "dodge_rate": [0,0,0],
        "hit_rate": [0,0,0],
        "ignore_phyDef": [0,0,0],
        "rage_reduce": [0,0,0],
        "universal_resistance": [0,0,0],
        "ignore_resistance": [0,0,0],
        "float_resistance": [0,0,0],
        "cd_speed": [0,0,0],
        "support_consume": [0,0,0],
        "general_atk_all": [0,0,0],
        "general_def_all": [0,0,0],
        "all_crit": [0,0,0],
        "ignore_def_all": [0,0,0],
        "skill_atk": [0,0,0],
        "skill_def": [0,0,0],
        "skill_crit": [0,0,0],
        "crit_resistance": [0,0,0],
        "final_extra": [0,0,0],
        "final_reduce": [0,0,0],
        "ignore_magicDef": [0,0,0]
    },
    "10043": {
        "general_id": 10043,
        "general_hp": [46332,108108,185328],
        "general_atk": [519,1211,2076],
        "general_def": [0,0,0],
        "atk_crit": [0,0,0],
        "crit_extra": [0,0,0],
        "dodge_rate": [0,0,0],
        "hit_rate": [0,0,0],
        "ignore_phyDef": [0,0,0],
        "rage_reduce": [0,0,0],
        "universal_resistance": [0,0,0],
        "ignore_resistance": [0,0,0],
        "float_resistance": [0,0,0],
        "cd_speed": [0,0,0],
        "support_consume": [0,0,0],
        "general_atk_all": [0,0,0],
        "general_def_all": [0,0,0],
        "all_crit": [0,0,0],
        "ignore_def_all": [0,0,0],
        "skill_atk": [0,0,0],
        "skill_def": [0,0,0],
        "skill_crit": [0,0,0],
        "crit_resistance": [0,0,0],
        "final_extra": [0,0,0],
        "final_reduce": [0,0,0],
        "ignore_magicDef": [0,0,0]
    },
    "10044": {
        "general_id": 10044,
        "general_hp": [41537,96920,166148],
        "general_atk": [570,1330,2280],
        "general_def": [0,0,0],
        "atk_crit": [0,0,0],
        "crit_extra": [0,0,0],
        "dodge_rate": [0,0,0],
        "hit_rate": [0,0,0],
        "ignore_phyDef": [0,0,0],
        "rage_reduce": [0,0,0],
        "universal_resistance": [0,0,0],
        "ignore_resistance": [0,0,0],
        "float_resistance": [0,0,0],
        "cd_speed": [0,0,0],
        "support_consume": [0,0,0],
        "general_atk_all": [0,0,0],
        "general_def_all": [0,0,0],
        "all_crit": [0,0,0],
        "ignore_def_all": [0,0,0],
        "skill_atk": [0,0,0],
        "skill_def": [0,0,0],
        "skill_crit": [0,0,0],
        "crit_resistance": [0,0,0],
        "final_extra": [0,0,0],
        "final_reduce": [0,0,0],
        "ignore_magicDef": [0,0,0]
    },
    "10045": {
        "general_id": 10045,
        "general_hp": [28599,66731,114395],
        "general_atk": [579,1351,2316],
        "general_def": [0,0,0],
        "atk_crit": [0,0,0],
        "crit_extra": [0,0,0],
        "dodge_rate": [0,0,0],
        "hit_rate": [0,0,0],
        "ignore_phyDef": [0,0,0],
        "rage_reduce": [0,0,0],
        "universal_resistance": [0,0,0],
        "ignore_resistance": [0,0,0],
        "float_resistance": [0,0,0],
        "cd_speed": [0,0,0],
        "support_consume": [0,0,0],
        "general_atk_all": [0,0,0],
        "general_def_all": [0,0,0],
        "all_crit": [0,0,0],
        "ignore_def_all": [0,0,0],
        "skill_atk": [0,0,0],
        "skill_def": [0,0,0],
        "skill_crit": [0,0,0],
        "crit_resistance": [0,0,0],
        "final_extra": [0,0,0],
        "final_reduce": [0,0,0],
        "ignore_magicDef": [0,0,0]
    },
    "10046": {
        "general_id": 10046,
        "general_hp": [28599,66731,114395],
        "general_atk": [579,1351,2316],
        "general_def": [0,0,0],
        "atk_crit": [0,0,0],
        "crit_extra": [0,0,0],
        "dodge_rate": [0,0,0],
        "hit_rate": [0,0,0],
        "ignore_phyDef": [0,0,0],
        "rage_reduce": [0,0,0],
        "universal_resistance": [0,0,0],
        "ignore_resistance": [0,0,0],
        "float_resistance": [0,0,0],
        "cd_speed": [0,0,0],
        "support_consume": [0,0,0],
        "general_atk_all": [0,0,0],
        "general_def_all": [0,0,0],
        "all_crit": [0,0,0],
        "ignore_def_all": [0,0,0],
        "skill_atk": [0,0,0],
        "skill_def": [0,0,0],
        "skill_crit": [0,0,0],
        "crit_resistance": [0,0,0],
        "final_extra": [0,0,0],
        "final_reduce": [0,0,0],
        "ignore_magicDef": [0,0,0]
    },
    "10047": {
        "general_id": 10047,
        "general_hp": [28599,66731,114395],
        "general_atk": [579,1351,2316],
        "general_def": [0,0,0],
        "atk_crit": [0,0,0],
        "crit_extra": [0,0,0],
        "dodge_rate": [0,0,0],
        "hit_rate": [0,0,0],
        "ignore_phyDef": [0,0,0],
        "rage_reduce": [0,0,0],
        "universal_resistance": [0,0,0],
        "ignore_resistance": [0,0,0],
        "float_resistance": [0,0,0],
        "cd_speed": [0,0,0],
        "support_consume": [0,0,0],
        "general_atk_all": [0,0,0],
        "general_def_all": [0,0,0],
        "all_crit": [0,0,0],
        "ignore_def_all": [0,0,0],
        "skill_atk": [0,0,0],
        "skill_def": [0,0,0],
        "skill_crit": [0,0,0],
        "crit_resistance": [0,0,0],
        "final_extra": [0,0,0],
        "final_reduce": [0,0,0],
        "ignore_magicDef": [0,0,0]
    },
    "10048": {
        "general_id": 10048,
        "general_hp": [28599,66731,114395],
        "general_atk": [579,1351,2316],
        "general_def": [0,0,0],
        "atk_crit": [0,0,0],
        "crit_extra": [0,0,0],
        "dodge_rate": [0,0,0],
        "hit_rate": [0,0,0],
        "ignore_phyDef": [0,0,0],
        "rage_reduce": [0,0,0],
        "universal_resistance": [0,0,0],
        "ignore_resistance": [0,0,0],
        "float_resistance": [0,0,0],
        "cd_speed": [0,0,0],
        "support_consume": [0,0,0],
        "general_atk_all": [0,0,0],
        "general_def_all": [0,0,0],
        "all_crit": [0,0,0],
        "ignore_def_all": [0,0,0],
        "skill_atk": [0,0,0],
        "skill_def": [0,0,0],
        "skill_crit": [0,0,0],
        "crit_resistance": [0,0,0],
        "final_extra": [0,0,0],
        "final_reduce": [0,0,0],
        "ignore_magicDef": [0,0,0]
    },
    "10049": {
        "general_id": 10049,
        "general_hp": [34955,81561,139818],
        "general_atk": [402,938,1608],
        "general_def": [0,0,0],
        "atk_crit": [0,0,0],
        "crit_extra": [0,0,0],
        "dodge_rate": [0,0,0],
        "hit_rate": [0,0,0],
        "ignore_phyDef": [0,0,0],
        "rage_reduce": [0,0,0],
        "universal_resistance": [0,0,0],
        "ignore_resistance": [0,0,0],
        "float_resistance": [0,0,0],
        "cd_speed": [0,0,0],
        "support_consume": [0,0,0],
        "general_atk_all": [0,0,0],
        "general_def_all": [0,0,0],
        "all_crit": [0,0,0],
        "ignore_def_all": [0,0,0],
        "skill_atk": [0,0,0],
        "skill_def": [0,0,0],
        "skill_crit": [0,0,0],
        "crit_resistance": [0,0,0],
        "final_extra": [0,0,0],
        "final_reduce": [0,0,0],
        "ignore_magicDef": [0,0,0]
    },
    "10050": {
        "general_id": 10050,
        "general_hp": [34955,81561,139818],
        "general_atk": [402,938,1608],
        "general_def": [0,0,0],
        "atk_crit": [0,0,0],
        "crit_extra": [0,0,0],
        "dodge_rate": [0,0,0],
        "hit_rate": [0,0,0],
        "ignore_phyDef": [0,0,0],
        "rage_reduce": [0,0,0],
        "universal_resistance": [0,0,0],
        "ignore_resistance": [0,0,0],
        "float_resistance": [0,0,0],
        "cd_speed": [0,0,0],
        "support_consume": [0,0,0],
        "general_atk_all": [0,0,0],
        "general_def_all": [0,0,0],
        "all_crit": [0,0,0],
        "ignore_def_all": [0,0,0],
        "skill_atk": [0,0,0],
        "skill_def": [0,0,0],
        "skill_crit": [0,0,0],
        "crit_resistance": [0,0,0],
        "final_extra": [0,0,0],
        "final_reduce": [0,0,0],
        "ignore_magicDef": [0,0,0]
    },
    "10051": {
        "general_id": 10051,
        "general_hp": [31774,74139,127095],
        "general_atk": [447,1043,1788],
        "general_def": [0,0,0],
        "atk_crit": [0,0,0],
        "crit_extra": [0,0,0],
        "dodge_rate": [0,0,0],
        "hit_rate": [0,0,0],
        "ignore_phyDef": [0,0,0],
        "rage_reduce": [0,0,0],
        "universal_resistance": [0,0,0],
        "ignore_resistance": [0,0,0],
        "float_resistance": [0,0,0],
        "cd_speed": [0,0,0],
        "support_consume": [0,0,0],
        "general_atk_all": [0,0,0],
        "general_def_all": [0,0,0],
        "all_crit": [0,0,0],
        "ignore_def_all": [0,0,0],
        "skill_atk": [0,0,0],
        "skill_def": [0,0,0],
        "skill_crit": [0,0,0],
        "crit_resistance": [0,0,0],
        "final_extra": [0,0,0],
        "final_reduce": [0,0,0],
        "ignore_magicDef": [0,0,0]
    },
    "10052": {
        "general_id": 10052,
        "general_hp": [28599,66731,114395],
        "general_atk": [579,1351,2316],
        "general_def": [0,0,0],
        "atk_crit": [0,0,0],
        "crit_extra": [0,0,0],
        "dodge_rate": [0,0,0],
        "hit_rate": [0,0,0],
        "ignore_phyDef": [0,0,0],
        "rage_reduce": [0,0,0],
        "universal_resistance": [0,0,0],
        "ignore_resistance": [0,0,0],
        "float_resistance": [0,0,0],
        "cd_speed": [0,0,0],
        "support_consume": [0,0,0],
        "general_atk_all": [0,0,0],
        "general_def_all": [0,0,0],
        "all_crit": [0,0,0],
        "ignore_def_all": [0,0,0],
        "skill_atk": [0,0,0],
        "skill_def": [0,0,0],
        "skill_crit": [0,0,0],
        "crit_resistance": [0,0,0],
        "final_extra": [0,0,0],
        "final_reduce": [0,0,0],
        "ignore_magicDef": [0,0,0]
    },
    "10053": {
        "general_id": 10053,
        "general_hp": [28599,66731,114395],
        "general_atk": [579,1351,2316],
        "general_def": [0,0,0],
        "atk_crit": [0,0,0],
        "crit_extra": [0,0,0],
        "dodge_rate": [0,0,0],
        "hit_rate": [0,0,0],
        "ignore_phyDef": [0,0,0],
        "rage_reduce": [0,0,0],
        "universal_resistance": [0,0,0],
        "ignore_resistance": [0,0,0],
        "float_resistance": [0,0,0],
        "cd_speed": [0,0,0],
        "support_consume": [0,0,0],
        "general_atk_all": [0,0,0],
        "general_def_all": [0,0,0],
        "all_crit": [0,0,0],
        "ignore_def_all": [0,0,0],
        "skill_atk": [0,0,0],
        "skill_def": [0,0,0],
        "skill_crit": [0,0,0],
        "crit_resistance": [0,0,0],
        "final_extra": [0,0,0],
        "final_reduce": [0,0,0],
        "ignore_magicDef": [0,0,0]
    },
    "10054": {
        "general_id": 10054,
        "general_hp": [28599,66731,114395],
        "general_atk": [579,1351,2316],
        "general_def": [0,0,0],
        "atk_crit": [0,0,0],
        "crit_extra": [0,0,0],
        "dodge_rate": [0,0,0],
        "hit_rate": [0,0,0],
        "ignore_phyDef": [0,0,0],
        "rage_reduce": [0,0,0],
        "universal_resistance": [0,0,0],
        "ignore_resistance": [0,0,0],
        "float_resistance": [0,0,0],
        "cd_speed": [0,0,0],
        "support_consume": [0,0,0],
        "general_atk_all": [0,0,0],
        "general_def_all": [0,0,0],
        "all_crit": [0,0,0],
        "ignore_def_all": [0,0,0],
        "skill_atk": [0,0,0],
        "skill_def": [0,0,0],
        "skill_crit": [0,0,0],
        "crit_resistance": [0,0,0],
        "final_extra": [0,0,0],
        "final_reduce": [0,0,0],
        "ignore_magicDef": [0,0,0]
    },
    "10055": {
        "general_id": 10055,
        "general_hp": [38983,90960,155931],
        "general_atk": [567,1323,2268],
        "general_def": [0,0,0],
        "atk_crit": [0,0,0],
        "crit_extra": [0,0,0],
        "dodge_rate": [0,0,0],
        "hit_rate": [0,0,0],
        "ignore_phyDef": [0,0,0],
        "rage_reduce": [0,0,0],
        "universal_resistance": [0,0,0],
        "ignore_resistance": [0,0,0],
        "float_resistance": [0,0,0],
        "cd_speed": [0,0,0],
        "support_consume": [0,0,0],
        "general_atk_all": [0,0,0],
        "general_def_all": [0,0,0],
        "all_crit": [0,0,0],
        "ignore_def_all": [0,0,0],
        "skill_atk": [0,0,0],
        "skill_def": [0,0,0],
        "skill_crit": [0,0,0],
        "crit_resistance": [0,0,0],
        "final_extra": [0,0,0],
        "final_reduce": [0,0,0],
        "ignore_magicDef": [0,0,0]
    },
    "10056": {
        "general_id": 10056,
        "general_hp": [39253,91590,157011],
        "general_atk": [582,1358,2328],
        "general_def": [0,0,0],
        "atk_crit": [0,0,0],
        "crit_extra": [0,0,0],
        "dodge_rate": [0,0,0],
        "hit_rate": [0,0,0],
        "ignore_phyDef": [0,0,0],
        "rage_reduce": [0,0,0],
        "universal_resistance": [0,0,0],
        "ignore_resistance": [0,0,0],
        "float_resistance": [0,0,0],
        "cd_speed": [0,0,0],
        "support_consume": [0,0,0],
        "general_atk_all": [0,0,0],
        "general_def_all": [0,0,0],
        "all_crit": [0,0,0],
        "ignore_def_all": [0,0,0],
        "skill_atk": [0,0,0],
        "skill_def": [0,0,0],
        "skill_crit": [0,0,0],
        "crit_resistance": [0,0,0],
        "final_extra": [0,0,0],
        "final_reduce": [0,0,0],
        "ignore_magicDef": [0,0,0]
    },
    "10057": {
        "general_id": 10057,
        "general_hp": [28599,66731,114395],
        "general_atk": [579,1351,2316],
        "general_def": [0,0,0],
        "atk_crit": [0,0,0],
        "crit_extra": [0,0,0],
        "dodge_rate": [0,0,0],
        "hit_rate": [0,0,0],
        "ignore_phyDef": [0,0,0],
        "rage_reduce": [0,0,0],
        "universal_resistance": [0,0,0],
        "ignore_resistance": [0,0,0],
        "float_resistance": [0,0,0],
        "cd_speed": [0,0,0],
        "support_consume": [0,0,0],
        "general_atk_all": [0,0,0],
        "general_def_all": [0,0,0],
        "all_crit": [0,0,0],
        "ignore_def_all": [0,0,0],
        "skill_atk": [0,0,0],
        "skill_def": [0,0,0],
        "skill_crit": [0,0,0],
        "crit_resistance": [0,0,0],
        "final_extra": [0,0,0],
        "final_reduce": [0,0,0],
        "ignore_magicDef": [0,0,0]
    },
    "10058": {
        "general_id": 10058,
        "general_hp": [33648,78512,134591],
        "general_atk": [684,1596,2736],
        "general_def": [0,0,0],
        "atk_crit": [0,0,0],
        "crit_extra": [0,0,0],
        "dodge_rate": [0,0,0],
        "hit_rate": [0,0,0],
        "ignore_phyDef": [0,0,0],
        "rage_reduce": [0,0,0],
        "universal_resistance": [0,0,0],
        "ignore_resistance": [0,0,0],
        "float_resistance": [0,0,0],
        "cd_speed": [0,0,0],
        "support_consume": [0,0,0],
        "general_atk_all": [0,0,0],
        "general_def_all": [0,0,0],
        "all_crit": [0,0,0],
        "ignore_def_all": [0,0,0],
        "skill_atk": [0,0,0],
        "skill_def": [0,0,0],
        "skill_crit": [0,0,0],
        "crit_resistance": [0,0,0],
        "final_extra": [0,0,0],
        "final_reduce": [0,0,0],
        "ignore_magicDef": [0,0,0]
    },
    "10059": {
        "general_id": 10059,
        "general_hp": [35327,82430,141308],
        "general_atk": [717,1673,2868],
        "general_def": [0,0,0],
        "atk_crit": [0,0,0],
        "crit_extra": [0,0,0],
        "dodge_rate": [0,0,0],
        "hit_rate": [0,0,0],
        "ignore_phyDef": [0,0,0],
        "rage_reduce": [0,0,0],
        "universal_resistance": [0,0,0],
        "ignore_resistance": [0,0,0],
        "float_resistance": [0,0,0],
        "cd_speed": [0,0,0],
        "support_consume": [0,0,0],
        "general_atk_all": [0,0,0],
        "general_def_all": [0,0,0],
        "all_crit": [0,0,0],
        "ignore_def_all": [0,0,0],
        "skill_atk": [0,0,0],
        "skill_def": [0,0,0],
        "skill_crit": [0,0,0],
        "crit_resistance": [0,0,0],
        "final_extra": [0,0,0],
        "final_reduce": [0,0,0],
        "ignore_magicDef": [0,0,0]
    },
    "10060": {
        "general_id": 10060,
        "general_hp": [45344,105803,181376],
        "general_atk": [519,1211,2076],
        "general_def": [0,0,0],
        "atk_crit": [0,0,0],
        "crit_extra": [0,0,0],
        "dodge_rate": [0,0,0],
        "hit_rate": [0,0,0],
        "ignore_phyDef": [0,0,0],
        "rage_reduce": [0,0,0],
        "universal_resistance": [0,0,0],
        "ignore_resistance": [0,0,0],
        "float_resistance": [0,0,0],
        "cd_speed": [0,0,0],
        "support_consume": [0,0,0],
        "general_atk_all": [0,0,0],
        "general_def_all": [0,0,0],
        "all_crit": [0,0,0],
        "ignore_def_all": [0,0,0],
        "skill_atk": [0,0,0],
        "skill_def": [0,0,0],
        "skill_crit": [0,0,0],
        "crit_resistance": [0,0,0],
        "final_extra": [0,0,0],
        "final_reduce": [0,0,0],
        "ignore_magicDef": [0,0,0]
    },
    "10061": {
        "general_id": 10061,
        "general_hp": [41121,95949,164484],
        "general_atk": [579,1351,2316],
        "general_def": [0,0,0],
        "atk_crit": [0,0,0],
        "crit_extra": [0,0,0],
        "dodge_rate": [0,0,0],
        "hit_rate": [0,0,0],
        "ignore_phyDef": [0,0,0],
        "rage_reduce": [0,0,0],
        "universal_resistance": [0,0,0],
        "ignore_resistance": [0,0,0],
        "float_resistance": [0,0,0],
        "cd_speed": [0,0,0],
        "support_consume": [0,0,0],
        "general_atk_all": [0,0,0],
        "general_def_all": [0,0,0],
        "all_crit": [0,0,0],
        "ignore_def_all": [0,0,0],
        "skill_atk": [0,0,0],
        "skill_def": [0,0,0],
        "skill_crit": [0,0,0],
        "crit_resistance": [0,0,0],
        "final_extra": [0,0,0],
        "final_reduce": [0,0,0],
        "ignore_magicDef": [0,0,0]
    },
    "10062": {
        "general_id": 10062,
        "general_hp": [41111,95925,164442],
        "general_atk": [624,1456,2496],
        "general_def": [0,0,0],
        "atk_crit": [0,0,0],
        "crit_extra": [0,0,0],
        "dodge_rate": [0,0,0],
        "hit_rate": [0,0,0],
        "ignore_phyDef": [0,0,0],
        "rage_reduce": [0,0,0],
        "universal_resistance": [0,0,0],
        "ignore_resistance": [0,0,0],
        "float_resistance": [0,0,0],
        "cd_speed": [0,0,0],
        "support_consume": [0,0,0],
        "general_atk_all": [0,0,0],
        "general_def_all": [0,0,0],
        "all_crit": [0,0,0],
        "ignore_def_all": [0,0,0],
        "skill_atk": [0,0,0],
        "skill_def": [0,0,0],
        "skill_crit": [0,0,0],
        "crit_resistance": [0,0,0],
        "final_extra": [0,0,0],
        "final_reduce": [0,0,0],
        "ignore_magicDef": [0,0,0]
    },
    "10063": {
        "general_id": 10063,
        "general_hp": [43168,100725,172671],
        "general_atk": [540,1260,2160],
        "general_def": [0,0,0],
        "atk_crit": [0,0,0],
        "crit_extra": [0,0,0],
        "dodge_rate": [0,0,0],
        "hit_rate": [0,0,0],
        "ignore_phyDef": [0,0,0],
        "rage_reduce": [0,0,0],
        "universal_resistance": [0,0,0],
        "ignore_resistance": [0,0,0],
        "float_resistance": [0,0,0],
        "cd_speed": [0,0,0],
        "support_consume": [0,0,0],
        "general_atk_all": [0,0,0],
        "general_def_all": [0,0,0],
        "all_crit": [0,0,0],
        "ignore_def_all": [0,0,0],
        "skill_atk": [0,0,0],
        "skill_def": [0,0,0],
        "skill_crit": [0,0,0],
        "crit_resistance": [0,0,0],
        "final_extra": [0,0,0],
        "final_reduce": [0,0,0],
        "ignore_magicDef": [0,0,0]
    },
    "10064": {
        "general_id": 10064,
        "general_hp": [39280,91653,157119],
        "general_atk": [522,1218,2088],
        "general_def": [0,0,0],
        "atk_crit": [0,0,0],
        "crit_extra": [0,0,0],
        "dodge_rate": [0,0,0],
        "hit_rate": [0,0,0],
        "ignore_phyDef": [0,0,0],
        "rage_reduce": [0,0,0],
        "universal_resistance": [0,0,0],
        "ignore_resistance": [0,0,0],
        "float_resistance": [0,0,0],
        "cd_speed": [0,0,0],
        "support_consume": [0,0,0],
        "general_atk_all": [0,0,0],
        "general_def_all": [0,0,0],
        "all_crit": [0,0,0],
        "ignore_def_all": [0,0,0],
        "skill_atk": [0,0,0],
        "skill_def": [0,0,0],
        "skill_crit": [0,0,0],
        "crit_resistance": [0,0,0],
        "final_extra": [0,0,0],
        "final_reduce": [0,0,0],
        "ignore_magicDef": [0,0,0]
    },
    "10065": {
        "general_id": 10065,
        "general_hp": [41175,96075,164700],
        "general_atk": [573,1337,2292],
        "general_def": [0,0,0],
        "atk_crit": [0,0,0],
        "crit_extra": [0,0,0],
        "dodge_rate": [0,0,0],
        "hit_rate": [0,0,0],
        "ignore_phyDef": [0,0,0],
        "rage_reduce": [0,0,0],
        "universal_resistance": [0,0,0],
        "ignore_resistance": [0,0,0],
        "float_resistance": [0,0,0],
        "cd_speed": [0,0,0],
        "support_consume": [0,0,0],
        "general_atk_all": [0,0,0],
        "general_def_all": [0,0,0],
        "all_crit": [0,0,0],
        "ignore_def_all": [0,0,0],
        "skill_atk": [0,0,0],
        "skill_def": [0,0,0],
        "skill_crit": [0,0,0],
        "crit_resistance": [0,0,0],
        "final_extra": [0,0,0],
        "final_reduce": [0,0,0],
        "ignore_magicDef": [0,0,0]
    },
    "10066": {
        "general_id": 10066,
        "general_hp": [37017,86373,148068],
        "general_atk": [795,1855,3180],
        "general_def": [0,0,0],
        "atk_crit": [0,0,0],
        "crit_extra": [0,0,0],
        "dodge_rate": [0,0,0],
        "hit_rate": [0,0,0],
        "ignore_phyDef": [0,0,0],
        "rage_reduce": [0,0,0],
        "universal_resistance": [0,0,0],
        "ignore_resistance": [0,0,0],
        "float_resistance": [0,0,0],
        "cd_speed": [0,0,0],
        "support_consume": [0,0,0],
        "general_atk_all": [0,0,0],
        "general_def_all": [0,0,0],
        "all_crit": [0,0,0],
        "ignore_def_all": [0,0,0],
        "skill_atk": [0,0,0],
        "skill_def": [0,0,0],
        "skill_crit": [0,0,0],
        "crit_resistance": [0,0,0],
        "final_extra": [0,0,0],
        "final_reduce": [0,0,0],
        "ignore_magicDef": [0,0,0]
    },
    "10067": {
        "general_id": 10067,
        "general_hp": [37055,86462,148220],
        "general_atk": [798,1862,3192],
        "general_def": [0,0,0],
        "atk_crit": [0,0,0],
        "crit_extra": [0,0,0],
        "dodge_rate": [0,0,0],
        "hit_rate": [0,0,0],
        "ignore_phyDef": [0,0,0],
        "rage_reduce": [0,0,0],
        "universal_resistance": [0,0,0],
        "ignore_resistance": [0,0,0],
        "float_resistance": [0,0,0],
        "cd_speed": [0,0,0],
        "support_consume": [0,0,0],
        "general_atk_all": [0,0,0],
        "general_def_all": [0,0,0],
        "all_crit": [0,0,0],
        "ignore_def_all": [0,0,0],
        "skill_atk": [0,0,0],
        "skill_def": [0,0,0],
        "skill_crit": [0,0,0],
        "crit_resistance": [0,0,0],
        "final_extra": [0,0,0],
        "final_reduce": [0,0,0],
        "ignore_magicDef": [0,0,0]
    },
    "10068": {
        "general_id": 10068,
        "general_hp": [37017,86373,148068],
        "general_atk": [795,1855,3180],
        "general_def": [0,0,0],
        "atk_crit": [0,0,0],
        "crit_extra": [0,0,0],
        "dodge_rate": [0,0,0],
        "hit_rate": [0,0,0],
        "ignore_phyDef": [0,0,0],
        "rage_reduce": [0,0,0],
        "universal_resistance": [0,0,0],
        "ignore_resistance": [0,0,0],
        "float_resistance": [0,0,0],
        "cd_speed": [0,0,0],
        "support_consume": [0,0,0],
        "general_atk_all": [0,0,0],
        "general_def_all": [0,0,0],
        "all_crit": [0,0,0],
        "ignore_def_all": [0,0,0],
        "skill_atk": [0,0,0],
        "skill_def": [0,0,0],
        "skill_crit": [0,0,0],
        "crit_resistance": [0,0,0],
        "final_extra": [0,0,0],
        "final_reduce": [0,0,0],
        "ignore_magicDef": [0,0,0]
    },
    "10069": {
        "general_id": 10069,
        "general_hp": [37104,86576,148415],
        "general_atk": [807,1883,3228],
        "general_def": [0,0,0],
        "atk_crit": [0,0,0],
        "crit_extra": [0,0,0],
        "dodge_rate": [0,0,0],
        "hit_rate": [0,0,0],
        "ignore_phyDef": [0,0,0],
        "rage_reduce": [0,0,0],
        "universal_resistance": [0,0,0],
        "ignore_resistance": [0,0,0],
        "float_resistance": [0,0,0],
        "cd_speed": [0,0,0],
        "support_consume": [0,0,0],
        "general_atk_all": [0,0,0],
        "general_def_all": [0,0,0],
        "all_crit": [0,0,0],
        "ignore_def_all": [0,0,0],
        "skill_atk": [0,0,0],
        "skill_def": [0,0,0],
        "skill_crit": [0,0,0],
        "crit_resistance": [0,0,0],
        "final_extra": [0,0,0],
        "final_reduce": [0,0,0],
        "ignore_magicDef": [0,0,0]
    },
    "10070": {
        "general_id": 10070,
        "general_hp": [41127,95963,164507],
        "general_atk": [621,1449,2484],
        "general_def": [0,0,0],
        "atk_crit": [0,0,0],
        "crit_extra": [0,0,0],
        "dodge_rate": [0,0,0],
        "hit_rate": [0,0,0],
        "ignore_phyDef": [0,0,0],
        "rage_reduce": [0,0,0],
        "universal_resistance": [0,0,0],
        "ignore_resistance": [0,0,0],
        "float_resistance": [0,0,0],
        "cd_speed": [0,0,0],
        "support_consume": [0,0,0],
        "general_atk_all": [0,0,0],
        "general_def_all": [0,0,0],
        "all_crit": [0,0,0],
        "ignore_def_all": [0,0,0],
        "skill_atk": [0,0,0],
        "skill_def": [0,0,0],
        "skill_crit": [0,0,0],
        "crit_resistance": [0,0,0],
        "final_extra": [0,0,0],
        "final_reduce": [0,0,0],
        "ignore_magicDef": [0,0,0]
    },
    "10071": {
        "general_id": 10071,
        "general_hp": [45344,105803,181376],
        "general_atk": [564,1316,2256],
        "general_def": [0,0,0],
        "atk_crit": [0,0,0],
        "crit_extra": [0,0,0],
        "dodge_rate": [0,0,0],
        "hit_rate": [0,0,0],
        "ignore_phyDef": [0,0,0],
        "rage_reduce": [0,0,0],
        "universal_resistance": [0,0,0],
        "ignore_resistance": [0,0,0],
        "float_resistance": [0,0,0],
        "cd_speed": [0,0,0],
        "support_consume": [0,0,0],
        "general_atk_all": [0,0,0],
        "general_def_all": [0,0,0],
        "all_crit": [0,0,0],
        "ignore_def_all": [0,0,0],
        "skill_atk": [0,0,0],
        "skill_def": [0,0,0],
        "skill_crit": [0,0,0],
        "crit_resistance": [0,0,0],
        "final_extra": [0,0,0],
        "final_reduce": [0,0,0],
        "ignore_magicDef": [0,0,0]
    },
    "10072": {
        "general_id": 10072,
        "general_hp": [41132,95975,164528],
        "general_atk": [627,1463,2508],
        "general_def": [0,0,0],
        "atk_crit": [0,0,0],
        "crit_extra": [0,0,0],
        "dodge_rate": [0,0,0],
        "hit_rate": [0,0,0],
        "ignore_phyDef": [0,0,0],
        "rage_reduce": [0,0,0],
        "universal_resistance": [0,0,0],
        "ignore_resistance": [0,0,0],
        "float_resistance": [0,0,0],
        "cd_speed": [0,0,0],
        "support_consume": [0,0,0],
        "general_atk_all": [0,0,0],
        "general_def_all": [0,0,0],
        "all_crit": [0,0,0],
        "ignore_def_all": [0,0,0],
        "skill_atk": [0,0,0],
        "skill_def": [0,0,0],
        "skill_crit": [0,0,0],
        "crit_resistance": [0,0,0],
        "final_extra": [0,0,0],
        "final_reduce": [0,0,0],
        "ignore_magicDef": [0,0,0]
    },
    "10073": {
        "general_id": 10073,
        "general_hp": [45333,105777,181332],
        "general_atk": [549,1281,2196],
        "general_def": [0,0,0],
        "atk_crit": [0,0,0],
        "crit_extra": [0,0,0],
        "dodge_rate": [0,0,0],
        "hit_rate": [0,0,0],
        "ignore_phyDef": [0,0,0],
        "rage_reduce": [0,0,0],
        "universal_resistance": [0,0,0],
        "ignore_resistance": [0,0,0],
        "float_resistance": [0,0,0],
        "cd_speed": [0,0,0],
        "support_consume": [0,0,0],
        "general_atk_all": [0,0,0],
        "general_def_all": [0,0,0],
        "all_crit": [0,0,0],
        "ignore_def_all": [0,0,0],
        "skill_atk": [0,0,0],
        "skill_def": [0,0,0],
        "skill_crit": [0,0,0],
        "crit_resistance": [0,0,0],
        "final_extra": [0,0,0],
        "final_reduce": [0,0,0],
        "ignore_magicDef": [0,0,0]
    },
    "10074": {
        "general_id": 10074,
        "general_hp": [35327,82430,141308],
        "general_atk": [717,1673,2868],
        "general_def": [0,0,0],
        "atk_crit": [0,0,0],
        "crit_extra": [0,0,0],
        "dodge_rate": [0,0,0],
        "hit_rate": [0,0,0],
        "ignore_phyDef": [0,0,0],
        "rage_reduce": [0,0,0],
        "universal_resistance": [0,0,0],
        "ignore_resistance": [0,0,0],
        "float_resistance": [0,0,0],
        "cd_speed": [0,0,0],
        "support_consume": [0,0,0],
        "general_atk_all": [0,0,0],
        "general_def_all": [0,0,0],
        "all_crit": [0,0,0],
        "ignore_def_all": [0,0,0],
        "skill_atk": [0,0,0],
        "skill_def": [0,0,0],
        "skill_crit": [0,0,0],
        "crit_resistance": [0,0,0],
        "final_extra": [0,0,0],
        "final_reduce": [0,0,0],
        "ignore_magicDef": [0,0,0]
    },
    "10075": {
        "general_id": 10075,
        "general_hp": [37017,86373,148068],
        "general_atk": [786,1834,3144],
        "general_def": [0,0,0],
        "atk_crit": [0,0,0],
        "crit_extra": [0,0,0],
        "dodge_rate": [0,0,0],
        "hit_rate": [0,0,0],
        "ignore_phyDef": [0,0,0],
        "rage_reduce": [0,0,0],
        "universal_resistance": [0,0,0],
        "ignore_resistance": [0,0,0],
        "float_resistance": [0,0,0],
        "cd_speed": [0,0,0],
        "support_consume": [0,0,0],
        "general_atk_all": [0,0,0],
        "general_def_all": [0,0,0],
        "all_crit": [0,0,0],
        "ignore_def_all": [0,0,0],
        "skill_atk": [0,0,0],
        "skill_def": [0,0,0],
        "skill_crit": [0,0,0],
        "crit_resistance": [0,0,0],
        "final_extra": [0,0,0],
        "final_reduce": [0,0,0],
        "ignore_magicDef": [0,0,0]
    },
    "10076": {
        "general_id": 10076,
        "general_hp": [41219,96177,164874],
        "general_atk": [594,1386,2376],
        "general_def": [0,0,0],
        "atk_crit": [0,0,0],
        "crit_extra": [0,0,0],
        "dodge_rate": [0,0,0],
        "hit_rate": [0,0,0],
        "ignore_phyDef": [0,0,0],
        "rage_reduce": [0,0,0],
        "universal_resistance": [0,0,0],
        "ignore_resistance": [0,0,0],
        "float_resistance": [0,0,0],
        "cd_speed": [0,0,0],
        "support_consume": [0,0,0],
        "general_atk_all": [0,0,0],
        "general_def_all": [0,0,0],
        "all_crit": [0,0,0],
        "ignore_def_all": [0,0,0],
        "skill_atk": [0,0,0],
        "skill_def": [0,0,0],
        "skill_crit": [0,0,0],
        "crit_resistance": [0,0,0],
        "final_extra": [0,0,0],
        "final_reduce": [0,0,0],
        "ignore_magicDef": [0,0,0]
    },
    "10077": {
        "general_id": 10077,
        "general_hp": [45398,105929,181592],
        "general_atk": [528,1232,2112],
        "general_def": [0,0,0],
        "atk_crit": [0,0,0],
        "crit_extra": [0,0,0],
        "dodge_rate": [0,0,0],
        "hit_rate": [0,0,0],
        "ignore_phyDef": [0,0,0],
        "rage_reduce": [0,0,0],
        "universal_resistance": [0,0,0],
        "ignore_resistance": [0,0,0],
        "float_resistance": [0,0,0],
        "cd_speed": [0,0,0],
        "support_consume": [0,0,0],
        "general_atk_all": [0,0,0],
        "general_def_all": [0,0,0],
        "all_crit": [0,0,0],
        "ignore_def_all": [0,0,0],
        "skill_atk": [0,0,0],
        "skill_def": [0,0,0],
        "skill_crit": [0,0,0],
        "crit_resistance": [0,0,0],
        "final_extra": [0,0,0],
        "final_reduce": [0,0,0],
        "ignore_magicDef": [0,0,0]
    }}
