{
    "1": {
        "id": 1,
        "instance_name": "一层",
        "reduce_power": 4,
        "first_reward": [[60011,1],[30001,5]],
        "reward_good_id": [20002,20001,30002],
        "reward_good_count": [10,1000,1],
        "reward_good_show_type": [1,0,0],
        "cimelia_good_id": [20001],
        "cimelia_good_count": [1000],
        "tower_pack": [301001,301001],
        "better_power": 34300,
        "battle_bg": 17,
        "feature": [[104],[104]],
        "boss_roleId": [4006,4006],
        "boss_name": "无极塔1层层主",
        "monster_level": 15,
        "des": "无极塔1层层主，击败后可获得晋级下一层的资格。"
    },
    "2": {
        "id": 2,
        "instance_name": "二层",
        "reduce_power": 4,
        "first_reward": [[60011,1],[30001,5]],
        "reward_good_id": [20002,20001,30002],
        "reward_good_count": [10,1000,1],
        "reward_good_show_type": [1,0,0],
        "cimelia_good_id": [20001],
        "cimelia_good_count": [1000],
        "tower_pack": [301002,301002],
        "better_power": 36700,
        "battle_bg": 17,
        "feature": [[104],[104]],
        "boss_roleId": [4006,4006],
        "boss_name": "无极塔2层层主",
        "monster_level": 15,
        "des": "无极塔2层层主，击败后可获得晋级下一层的资格。"
    },
    "3": {
        "id": 3,
        "instance_name": "三层",
        "reduce_power": 4,
        "first_reward": [[60011,1],[30001,5]],
        "reward_good_id": [20002,20001,30002],
        "reward_good_count": [10,1000,1],
        "reward_good_show_type": [1,0,0],
        "cimelia_good_id": [20001],
        "cimelia_good_count": [1000],
        "tower_pack": [301003,301003],
        "better_power": 40200,
        "battle_bg": 17,
        "feature": [[104],[104]],
        "boss_roleId": [4006,4006],
        "boss_name": "无极塔3层层主",
        "monster_level": 16,
        "des": "无极塔3层层主，击败后可获得晋级下一层的资格。"
    },
    "4": {
        "id": 4,
        "instance_name": "四层",
        "reduce_power": 4,
        "first_reward": [[60011,1],[30001,5]],
        "reward_good_id": [20002,20001,30002],
        "reward_good_count": [10,1000,1],
        "reward_good_show_type": [1,0,0],
        "cimelia_good_id": [20001],
        "cimelia_good_count": [1000],
        "tower_pack": [301004,301004],
        "better_power": 44100,
        "battle_bg": 17,
        "feature": [[104],[104]],
        "boss_roleId": [4006,4006],
        "boss_name": "无极塔4层层主",
        "monster_level": 17,
        "des": "无极塔4层层主，击败后可获得晋级下一层的资格。"
    },
    "5": {
        "id": 5,
        "instance_name": "五层",
        "reduce_power": 4,
        "first_reward": [[60011,1],[30001,5]],
        "reward_good_id": [20002,20001,30002],
        "reward_good_count": [10,1000,1],
        "reward_good_show_type": [1,0,0],
        "cimelia_good_id": [20001],
        "cimelia_good_count": [1000],
        "tower_pack": [301005,301005],
        "better_power": 45000,
        "battle_bg": 17,
        "feature": [[104],[104]],
        "boss_roleId": [4006,4006],
        "boss_name": "无极塔5层层主",
        "monster_level": 18,
        "des": "无极塔5层层主，击败后可获得晋级下一层的资格。"
    },
    "6": {
        "id": 6,
        "instance_name": "六层",
        "reduce_power": 4,
        "first_reward": [[60011,1],[30001,5]],
        "reward_good_id": [20002,20001,30002],
        "reward_good_count": [10,1000,1],
        "reward_good_show_type": [1,0,0],
        "cimelia_good_id": [20001],
        "cimelia_good_count": [1000],
        "tower_pack": [301006,301006],
        "better_power": 69600,
        "battle_bg": 17,
        "feature": [[104],[104]],
        "boss_roleId": [4006,4006],
        "boss_name": "无极塔6层层主",
        "monster_level": 19,
        "des": "无极塔6层层主，击败后可获得晋级下一层的资格。"
    },
    "7": {
        "id": 7,
        "instance_name": "七层",
        "reduce_power": 4,
        "first_reward": [[60011,1],[30001,5]],
        "reward_good_id": [20002,20001,30002],
        "reward_good_count": [10,1000,1],
        "reward_good_show_type": [1,0,0],
        "cimelia_good_id": [20001],
        "cimelia_good_count": [1000],
        "tower_pack": [301007,301007],
        "better_power": 78100,
        "battle_bg": 17,
        "feature": [[104],[104]],
        "boss_roleId": [4006,4006],
        "boss_name": "无极塔7层层主",
        "monster_level": 19,
        "des": "无极塔7层层主，击败后可获得晋级下一层的资格。"
    },
    "8": {
        "id": 8,
        "instance_name": "八层",
        "reduce_power": 4,
        "first_reward": [[60011,1],[30001,5]],
        "reward_good_id": [20002,20001,30002],
        "reward_good_count": [10,1000,1],
        "reward_good_show_type": [1,0,0],
        "cimelia_good_id": [20001],
        "cimelia_good_count": [1000],
        "tower_pack": [301008,301008],
        "better_power": 84000,
        "battle_bg": 17,
        "feature": [[104],[104]],
        "boss_roleId": [4006,4006],
        "boss_name": "无极塔8层层主",
        "monster_level": 20,
        "des": "无极塔8层层主，击败后可获得晋级下一层的资格。"
    },
    "9": {
        "id": 9,
        "instance_name": "九层",
        "reduce_power": 4,
        "first_reward": [[60011,1],[30001,5]],
        "reward_good_id": [20002,20001,30002],
        "reward_good_count": [10,1000,1],
        "reward_good_show_type": [1,0,0],
        "cimelia_good_id": [20001],
        "cimelia_good_count": [1000],
        "tower_pack": [301009,301009],
        "better_power": 105600,
        "battle_bg": 17,
        "feature": [[104],[104]],
        "boss_roleId": [4006,4006],
        "boss_name": "无极塔9层层主",
        "monster_level": 20,
        "des": "无极塔9层层主，击败后可获得晋级下一层的资格。"
    },
    "10": {
        "id": 10,
        "instance_name": "十层",
        "reduce_power": 5,
        "first_reward": [[60011,1],[30001,5]],
        "reward_good_id": [20002,20001,30002],
        "reward_good_count": [10,1000,1],
        "reward_good_show_type": [1,0,0],
        "cimelia_good_id": [20001],
        "cimelia_good_count": [1000],
        "tower_pack": [301010,301010],
        "better_power": 119000,
        "battle_bg": 17,
        "feature": [[104],[104]],
        "boss_roleId": [4006,4006],
        "boss_name": "无极塔10层层主",
        "monster_level": 21,
        "des": "无极塔10层层主，击败后可获得晋级下一层的资格。"
    },
    "11": {
        "id": 11,
        "instance_name": "十一层",
        "reduce_power": 5,
        "first_reward": [[60011,1],[30001,5]],
        "reward_good_id": [20002,20001,30002],
        "reward_good_count": [10,1000,1],
        "reward_good_show_type": [1,0,0],
        "cimelia_good_id": [20001],
        "cimelia_good_count": [1000],
        "tower_pack": [301011,301011],
        "better_power": 178500,
        "battle_bg": 17,
        "feature": [[104],[104]],
        "boss_roleId": [4006,4006],
        "boss_name": "无极塔11层层主",
        "monster_level": 21,
        "des": "无极塔11层层主，击败后可获得晋级下一层的资格。"
    },
    "12": {
        "id": 12,
        "instance_name": "十二层",
        "reduce_power": 5,
        "first_reward": [[60011,1],[30001,5]],
        "reward_good_id": [20002,20001,30002],
        "reward_good_count": [10,1000,1],
        "reward_good_show_type": [1,0,0],
        "cimelia_good_id": [20001],
        "cimelia_good_count": [1000],
        "tower_pack": [301012,301012],
        "better_power": 188300,
        "battle_bg": 17,
        "feature": [[104],[104]],
        "boss_roleId": [4006,4006],
        "boss_name": "无极塔12层层主",
        "monster_level": 22,
        "des": "无极塔12层层主，击败后可获得晋级下一层的资格。"
    },
    "13": {
        "id": 13,
        "instance_name": "十三层",
        "reduce_power": 5,
        "first_reward": [[60011,1],[30001,5]],
        "reward_good_id": [20002,20001,30002],
        "reward_good_count": [10,1000,1],
        "reward_good_show_type": [1,0,0],
        "cimelia_good_id": [20001],
        "cimelia_good_count": [1000],
        "tower_pack": [301013,301013],
        "better_power": 188000,
        "battle_bg": 17,
        "feature": [[104],[104]],
        "boss_roleId": [4006,4006],
        "boss_name": "无极塔13层层主",
        "monster_level": 23,
        "des": "无极塔13层层主，击败后可获得晋级下一层的资格。"
    },
    "14": {
        "id": 14,
        "instance_name": "十四层",
        "reduce_power": 5,
        "first_reward": [[60011,1],[30001,5]],
        "reward_good_id": [20002,20001,30002],
        "reward_good_count": [10,1000,1],
        "reward_good_show_type": [1,0,0],
        "cimelia_good_id": [20001],
        "cimelia_good_count": [1000],
        "tower_pack": [301014,301014],
        "better_power": 209000,
        "battle_bg": 17,
        "feature": [[104],[104]],
        "boss_roleId": [4006,4006],
        "boss_name": "无极塔14层层主",
        "monster_level": 24,
        "des": "无极塔14层层主，击败后可获得晋级下一层的资格。"
    },
    "15": {
        "id": 15,
        "instance_name": "十五层",
        "reduce_power": 5,
        "first_reward": [[60011,1],[30001,5]],
        "reward_good_id": [20002,20001,30002],
        "reward_good_count": [10,1000,1],
        "reward_good_show_type": [1,0,0],
        "cimelia_good_id": [20001],
        "cimelia_good_count": [1000],
        "tower_pack": [301015,301015],
        "better_power": 219000,
        "battle_bg": 17,
        "feature": [[104],[104]],
        "boss_roleId": [4006,4006],
        "boss_name": "无极塔15层层主",
        "monster_level": 25,
        "des": "无极塔15层层主，击败后可获得晋级下一层的资格。"
    },
    "16": {
        "id": 16,
        "instance_name": "十六层",
        "reduce_power": 5,
        "first_reward": [[60011,1],[30001,5]],
        "reward_good_id": [20002,20001,30002],
        "reward_good_count": [10,1000,1],
        "reward_good_show_type": [1,0,0],
        "cimelia_good_id": [20001],
        "cimelia_good_count": [1000],
        "tower_pack": [301016,301016],
        "better_power": 240000,
        "battle_bg": 17,
        "feature": [[104],[104]],
        "boss_roleId": [4006,4006],
        "boss_name": "无极塔16层层主",
        "monster_level": 25,
        "des": "无极塔16层层主，击败后可获得晋级下一层的资格。"
    },
    "17": {
        "id": 17,
        "instance_name": "十七层",
        "reduce_power": 5,
        "first_reward": [[60011,1],[30001,5]],
        "reward_good_id": [20002,20001,30002],
        "reward_good_count": [10,1000,1],
        "reward_good_show_type": [1,0,0],
        "cimelia_good_id": [20001],
        "cimelia_good_count": [1000],
        "tower_pack": [301017,301017],
        "better_power": 253000,
        "battle_bg": 17,
        "feature": [[104],[104]],
        "boss_roleId": [4006,4006],
        "boss_name": "无极塔17层层主",
        "monster_level": 26,
        "des": "无极塔17层层主，击败后可获得晋级下一层的资格。"
    },
    "18": {
        "id": 18,
        "instance_name": "十八层",
        "reduce_power": 5,
        "first_reward": [[60011,1],[30001,5]],
        "reward_good_id": [20002,20001,30002],
        "reward_good_count": [10,1000,1],
        "reward_good_show_type": [1,0,0],
        "cimelia_good_id": [20001],
        "cimelia_good_count": [1000],
        "tower_pack": [301018,301018],
        "better_power": 277000,
        "battle_bg": 17,
        "feature": [[104],[104]],
        "boss_roleId": [4006,4006],
        "boss_name": "无极塔18层层主",
        "monster_level": 26,
        "des": "无极塔18层层主，击败后可获得晋级下一层的资格。"
    },
    "19": {
        "id": 19,
        "instance_name": "十九层",
        "reduce_power": 5,
        "first_reward": [[60011,1],[30001,5]],
        "reward_good_id": [20002,20001,30002],
        "reward_good_count": [10,1000,1],
        "reward_good_show_type": [1,0,0],
        "cimelia_good_id": [20001],
        "cimelia_good_count": [1000],
        "tower_pack": [301019,301019],
        "better_power": 277000,
        "battle_bg": 17,
        "feature": [[104],[104]],
        "boss_roleId": [4006,4006],
        "boss_name": "无极塔19层层主",
        "monster_level": 27,
        "des": "无极塔19层层主，击败后可获得晋级下一层的资格。"
    },
    "20": {
        "id": 20,
        "instance_name": "二十层",
        "reduce_power": 6,
        "first_reward": [[60011,1],[30001,5]],
        "reward_good_id": [20002,20001,30002],
        "reward_good_count": [10,1000,1],
        "reward_good_show_type": [1,0,0],
        "cimelia_good_id": [20001],
        "cimelia_good_count": [1000],
        "tower_pack": [301020,301020],
        "better_power": 288000,
        "battle_bg": 17,
        "feature": [[104],[104]],
        "boss_roleId": [4006,4006],
        "boss_name": "无极塔20层层主",
        "monster_level": 28,
        "des": "无极塔20层层主，击败后可获得晋级下一层的资格。"
    },
    "21": {
        "id": 21,
        "instance_name": "二十一层",
        "reduce_power": 6,
        "first_reward": [[60011,1],[30001,5]],
        "reward_good_id": [20002,20001,30002],
        "reward_good_count": [10,1000,1],
        "reward_good_show_type": [1,0,0],
        "cimelia_good_id": [20001],
        "cimelia_good_count": [1000],
        "tower_pack": [301021,301021],
        "better_power": 292000,
        "battle_bg": 17,
        "feature": [[104],[104]],
        "boss_roleId": [4006,4006],
        "boss_name": "无极塔21层层主",
        "monster_level": 29,
        "des": "无极塔21层层主，击败后可获得晋级下一层的资格。"
    },
    "22": {
        "id": 22,
        "instance_name": "二十二层",
        "reduce_power": 6,
        "first_reward": [[60011,1],[30001,5]],
        "reward_good_id": [20002,20001,30002],
        "reward_good_count": [10,1000,1],
        "reward_good_show_type": [1,0,0],
        "cimelia_good_id": [20001],
        "cimelia_good_count": [1000],
        "tower_pack": [301022,301022],
        "better_power": 302000,
        "battle_bg": 17,
        "feature": [[104],[104]],
        "boss_roleId": [4006,4006],
        "boss_name": "无极塔22层层主",
        "monster_level": 30,
        "des": "无极塔22层层主，击败后可获得晋级下一层的资格。"
    },
    "23": {
        "id": 23,
        "instance_name": "二十三层",
        "reduce_power": 6,
        "first_reward": [[60011,1],[30001,5]],
        "reward_good_id": [20002,20001,30002],
        "reward_good_count": [10,1000,1],
        "reward_good_show_type": [1,0,0],
        "cimelia_good_id": [20001],
        "cimelia_good_count": [1000],
        "tower_pack": [301023,301023],
        "better_power": 304000,
        "battle_bg": 17,
        "feature": [[104],[104]],
        "boss_roleId": [4006,4006],
        "boss_name": "无极塔23层层主",
        "monster_level": 30,
        "des": "无极塔23层层主，击败后可获得晋级下一层的资格。"
    },
    "24": {
        "id": 24,
        "instance_name": "二十四层",
        "reduce_power": 6,
        "first_reward": [[60011,1],[30001,5]],
        "reward_good_id": [20002,20001,30002],
        "reward_good_count": [10,1000,1],
        "reward_good_show_type": [1,0,0],
        "cimelia_good_id": [20001],
        "cimelia_good_count": [1000],
        "tower_pack": [301024,301024],
        "better_power": 330000,
        "battle_bg": 17,
        "feature": [[104],[104]],
        "boss_roleId": [4006,4006],
        "boss_name": "无极塔24层层主",
        "monster_level": 31,
        "des": "无极塔24层层主，击败后可获得晋级下一层的资格。"
    },
    "25": {
        "id": 25,
        "instance_name": "二十五层",
        "reduce_power": 6,
        "first_reward": [[60011,1],[30001,5]],
        "reward_good_id": [20002,20001,30002],
        "reward_good_count": [10,1000,1],
        "reward_good_show_type": [1,0,0],
        "cimelia_good_id": [20001],
        "cimelia_good_count": [1000],
        "tower_pack": [301025,301025],
        "better_power": 353000,
        "battle_bg": 17,
        "feature": [[104],[104]],
        "boss_roleId": [4006,4006],
        "boss_name": "无极塔25层层主",
        "monster_level": 31,
        "des": "无极塔25层层主，击败后可获得晋级下一层的资格。"
    },
    "26": {
        "id": 26,
        "instance_name": "二十六层",
        "reduce_power": 6,
        "first_reward": [[60011,1],[30001,5]],
        "reward_good_id": [20002,20001,30002],
        "reward_good_count": [10,1000,1],
        "reward_good_show_type": [1,0,0],
        "cimelia_good_id": [20001],
        "cimelia_good_count": [1000],
        "tower_pack": [301026,301026],
        "better_power": 385000,
        "battle_bg": 17,
        "feature": [[104],[104]],
        "boss_roleId": [4006,4006],
        "boss_name": "无极塔26层层主",
        "monster_level": 32,
        "des": "无极塔26层层主，击败后可获得晋级下一层的资格。"
    },
    "27": {
        "id": 27,
        "instance_name": "二十七层",
        "reduce_power": 6,
        "first_reward": [[60011,1],[30001,5]],
        "reward_good_id": [20002,20001,30002],
        "reward_good_count": [10,1000,1],
        "reward_good_show_type": [1,0,0],
        "cimelia_good_id": [20001],
        "cimelia_good_count": [1000],
        "tower_pack": [301027,301027],
        "better_power": 405000,
        "battle_bg": 17,
        "feature": [[104],[104]],
        "boss_roleId": [4006,4006],
        "boss_name": "无极塔27层层主",
        "monster_level": 33,
        "des": "无极塔27层层主，击败后可获得晋级下一层的资格。"
    },
    "28": {
        "id": 28,
        "instance_name": "二十八层",
        "reduce_power": 6,
        "first_reward": [[60011,1],[30001,5]],
        "reward_good_id": [20002,20001,30002],
        "reward_good_count": [10,1000,1],
        "reward_good_show_type": [1,0,0],
        "cimelia_good_id": [20001],
        "cimelia_good_count": [1000],
        "tower_pack": [301028,301028],
        "better_power": 439000,
        "battle_bg": 17,
        "feature": [[104],[104]],
        "boss_roleId": [4006,4006],
        "boss_name": "无极塔28层层主",
        "monster_level": 34,
        "des": "无极塔28层层主，击败后可获得晋级下一层的资格。"
    },
    "29": {
        "id": 29,
        "instance_name": "二十九层",
        "reduce_power": 6,
        "first_reward": [[60011,1],[30001,5]],
        "reward_good_id": [20002,20001,30002],
        "reward_good_count": [10,1000,1],
        "reward_good_show_type": [1,0,0],
        "cimelia_good_id": [20001],
        "cimelia_good_count": [1000],
        "tower_pack": [301029,301029],
        "better_power": 452000,
        "battle_bg": 17,
        "feature": [[104],[104]],
        "boss_roleId": [4006,4006],
        "boss_name": "无极塔29层层主",
        "monster_level": 35,
        "des": "无极塔29层层主，击败后可获得晋级下一层的资格。"
    },
    "30": {
        "id": 30,
        "instance_name": "三十层",
        "reduce_power": 7,
        "first_reward": [[60011,1],[30001,5]],
        "reward_good_id": [20002,20001,30002],
        "reward_good_count": [10,1000,1],
        "reward_good_show_type": [1,0,0],
        "cimelia_good_id": [20001],
        "cimelia_good_count": [1000],
        "tower_pack": [301030,301030],
        "better_power": 473000,
        "battle_bg": 17,
        "feature": [[104],[104]],
        "boss_roleId": [4006,4006],
        "boss_name": "无极塔30层层主",
        "monster_level": 35,
        "des": "无极塔30层层主，击败后可获得晋级下一层的资格。"
    },
    "31": {
        "id": 31,
        "instance_name": "三十一层",
        "reduce_power": 7,
        "first_reward": [[60011,1],[30001,5]],
        "reward_good_id": [20002,20001,30002],
        "reward_good_count": [10,1000,1],
        "reward_good_show_type": [1,0,0],
        "cimelia_good_id": [20001],
        "cimelia_good_count": [1000],
        "tower_pack": [301031,301031],
        "better_power": 489000,
        "battle_bg": 17,
        "feature": [[104],[104]],
        "boss_roleId": [4006,4006],
        "boss_name": "无极塔31层层主",
        "monster_level": 36,
        "des": "无极塔31层层主，击败后可获得晋级下一层的资格。"
    },
    "32": {
        "id": 32,
        "instance_name": "三十二层",
        "reduce_power": 7,
        "first_reward": [[60011,1],[30001,5]],
        "reward_good_id": [20002,20001,30002],
        "reward_good_count": [10,1000,1],
        "reward_good_show_type": [1,0,0],
        "cimelia_good_id": [20001],
        "cimelia_good_count": [1000],
        "tower_pack": [301032,301032],
        "better_power": 565000,
        "battle_bg": 17,
        "feature": [[104],[104]],
        "boss_roleId": [4006,4006],
        "boss_name": "无极塔32层层主",
        "monster_level": 36,
        "des": "无极塔32层层主，击败后可获得晋级下一层的资格。"
    },
    "33": {
        "id": 33,
        "instance_name": "三十三层",
        "reduce_power": 7,
        "first_reward": [[60011,1],[30001,5]],
        "reward_good_id": [20002,20001,30002],
        "reward_good_count": [10,1000,1],
        "reward_good_show_type": [1,0,0],
        "cimelia_good_id": [20001],
        "cimelia_good_count": [1000],
        "tower_pack": [301033,301033],
        "better_power": 576000,
        "battle_bg": 17,
        "feature": [[104],[104]],
        "boss_roleId": [4006,4006],
        "boss_name": "无极塔33层层主",
        "monster_level": 37,
        "des": "无极塔33层层主，击败后可获得晋级下一层的资格。"
    },
    "34": {
        "id": 34,
        "instance_name": "三十四层",
        "reduce_power": 7,
        "first_reward": [[60011,1],[30001,5]],
        "reward_good_id": [20002,20001,30002],
        "reward_good_count": [10,1000,1],
        "reward_good_show_type": [1,0,0],
        "cimelia_good_id": [20001],
        "cimelia_good_count": [1000],
        "tower_pack": [301034,301034],
        "better_power": 590000,
        "battle_bg": 17,
        "feature": [[104],[104]],
        "boss_roleId": [4006,4006],
        "boss_name": "无极塔34层层主",
        "monster_level": 38,
        "des": "无极塔34层层主，击败后可获得晋级下一层的资格。"
    },
    "35": {
        "id": 35,
        "instance_name": "三十五层",
        "reduce_power": 7,
        "first_reward": [[60011,1],[30001,5]],
        "reward_good_id": [20002,20001,30002],
        "reward_good_count": [10,1000,1],
        "reward_good_show_type": [1,0,0],
        "cimelia_good_id": [20001],
        "cimelia_good_count": [1000],
        "tower_pack": [301035,301035],
        "better_power": 614000,
        "battle_bg": 17,
        "feature": [[104],[104]],
        "boss_roleId": [4006,4006],
        "boss_name": "无极塔35层层主",
        "monster_level": 39,
        "des": "无极塔35层层主，击败后可获得晋级下一层的资格。"
    },
    "36": {
        "id": 36,
        "instance_name": "三十六层",
        "reduce_power": 7,
        "first_reward": [[60011,1],[30001,5]],
        "reward_good_id": [20002,20001,30002],
        "reward_good_count": [10,1000,1],
        "reward_good_show_type": [1,0,0],
        "cimelia_good_id": [20001],
        "cimelia_good_count": [1000],
        "tower_pack": [301036,301036],
        "better_power": 628000,
        "battle_bg": 17,
        "feature": [[104],[104]],
        "boss_roleId": [4006,4006],
        "boss_name": "无极塔36层层主",
        "monster_level": 40,
        "des": "无极塔36层层主，击败后可获得晋级下一层的资格。"
    },
    "37": {
        "id": 37,
        "instance_name": "三十七层",
        "reduce_power": 7,
        "first_reward": [[60011,1],[30001,5]],
        "reward_good_id": [20002,20001,30002],
        "reward_good_count": [10,1000,1],
        "reward_good_show_type": [1,0,0],
        "cimelia_good_id": [20001],
        "cimelia_good_count": [1000],
        "tower_pack": [301037,301037],
        "better_power": 648000,
        "battle_bg": 17,
        "feature": [[104],[104]],
        "boss_roleId": [4006,4006],
        "boss_name": "无极塔37层层主",
        "monster_level": 40,
        "des": "无极塔37层层主，击败后可获得晋级下一层的资格。"
    },
    "38": {
        "id": 38,
        "instance_name": "三十八层",
        "reduce_power": 7,
        "first_reward": [[60011,1],[30001,5]],
        "reward_good_id": [20002,20001,30002],
        "reward_good_count": [10,1000,1],
        "reward_good_show_type": [1,0,0],
        "cimelia_good_id": [20001],
        "cimelia_good_count": [1000],
        "tower_pack": [301038,301038],
        "better_power": 663000,
        "battle_bg": 17,
        "feature": [[104],[104]],
        "boss_roleId": [4006,4006],
        "boss_name": "无极塔38层层主",
        "monster_level": 41,
        "des": "无极塔38层层主，击败后可获得晋级下一层的资格。"
    },
    "39": {
        "id": 39,
        "instance_name": "三十九层",
        "reduce_power": 7,
        "first_reward": [[60011,1],[30001,5]],
        "reward_good_id": [20002,20001,30002],
        "reward_good_count": [10,1000,1],
        "reward_good_show_type": [1,0,0],
        "cimelia_good_id": [20001],
        "cimelia_good_count": [1000],
        "tower_pack": [301039,301039],
        "better_power": 675000,
        "battle_bg": 17,
        "feature": [[104],[104]],
        "boss_roleId": [4006,4006],
        "boss_name": "无极塔39层层主",
        "monster_level": 41,
        "des": "无极塔39层层主，击败后可获得晋级下一层的资格。"
    },
    "40": {
        "id": 40,
        "instance_name": "四十层",
        "reduce_power": 8,
        "first_reward": [[60011,1],[30001,5]],
        "reward_good_id": [20002,20001,30002],
        "reward_good_count": [10,1000,1],
        "reward_good_show_type": [1,0,0],
        "cimelia_good_id": [20001],
        "cimelia_good_count": [1000],
        "tower_pack": [301040,301040],
        "better_power": 696000,
        "battle_bg": 17,
        "feature": [[104],[104]],
        "boss_roleId": [4006,4006],
        "boss_name": "无极塔40层层主",
        "monster_level": 42,
        "des": "无极塔40层层主，击败后可获得晋级下一层的资格。"
    },
    "41": {
        "id": 41,
        "instance_name": "四十一层",
        "reduce_power": 8,
        "first_reward": [[60011,1],[30001,5]],
        "reward_good_id": [20002,20001,30002],
        "reward_good_count": [10,1000,1],
        "reward_good_show_type": [1,0,0],
        "cimelia_good_id": [20001],
        "cimelia_good_count": [1000],
        "tower_pack": [301041,301041],
        "better_power": 711000,
        "battle_bg": 17,
        "feature": [[104],[104]],
        "boss_roleId": [4006,4006],
        "boss_name": "无极塔41层层主",
        "monster_level": 43,
        "des": "无极塔41层层主，击败后可获得晋级下一层的资格。"
    },
    "42": {
        "id": 42,
        "instance_name": "四十二层",
        "reduce_power": 8,
        "first_reward": [[60011,1],[30001,5]],
        "reward_good_id": [20002,20001,30002],
        "reward_good_count": [10,1000,1],
        "reward_good_show_type": [1,0,0],
        "cimelia_good_id": [20001],
        "cimelia_good_count": [1000],
        "tower_pack": [301042,301042],
        "better_power": 717000,
        "battle_bg": 17,
        "feature": [[104],[104]],
        "boss_roleId": [4006,4006],
        "boss_name": "无极塔42层层主",
        "monster_level": 44,
        "des": "无极塔42层层主，击败后可获得晋级下一层的资格。"
    },
    "43": {
        "id": 43,
        "instance_name": "四十三层",
        "reduce_power": 8,
        "first_reward": [[60011,1],[30001,5]],
        "reward_good_id": [20002,20001,30002],
        "reward_good_count": [10,1000,1],
        "reward_good_show_type": [1,0,0],
        "cimelia_good_id": [20001],
        "cimelia_good_count": [1000],
        "tower_pack": [301043,301043],
        "better_power": 737000,
        "battle_bg": 17,
        "feature": [[104],[104]],
        "boss_roleId": [4006,4006],
        "boss_name": "无极塔43层层主",
        "monster_level": 45,
        "des": "无极塔43层层主，击败后可获得晋级下一层的资格。"
    },
    "44": {
        "id": 44,
        "instance_name": "四十四层",
        "reduce_power": 8,
        "first_reward": [[60011,1],[30001,5]],
        "reward_good_id": [20002,20001,30002],
        "reward_good_count": [10,1000,1],
        "reward_good_show_type": [1,0,0],
        "cimelia_good_id": [20001],
        "cimelia_good_count": [1000],
        "tower_pack": [301044,301044],
        "better_power": 739000,
        "battle_bg": 17,
        "feature": [[104],[104]],
        "boss_roleId": [4006,4006],
        "boss_name": "无极塔44层层主",
        "monster_level": 45,
        "des": "无极塔44层层主，击败后可获得晋级下一层的资格。"
    },
    "45": {
        "id": 45,
        "instance_name": "四十五层",
        "reduce_power": 8,
        "first_reward": [[60011,1],[30001,5]],
        "reward_good_id": [20002,20001,30002],
        "reward_good_count": [10,1000,1],
        "reward_good_show_type": [1,0,0],
        "cimelia_good_id": [20001],
        "cimelia_good_count": [1000],
        "tower_pack": [301045,301045],
        "better_power": 764000,
        "battle_bg": 17,
        "feature": [[104],[104]],
        "boss_roleId": [4006,4006],
        "boss_name": "无极塔45层层主",
        "monster_level": 46,
        "des": "无极塔45层层主，击败后可获得晋级下一层的资格。"
    },
    "46": {
        "id": 46,
        "instance_name": "四十六层",
        "reduce_power": 8,
        "first_reward": [[60011,1],[30001,5]],
        "reward_good_id": [20002,20001,30002],
        "reward_good_count": [10,1000,1],
        "reward_good_show_type": [1,0,0],
        "cimelia_good_id": [20001],
        "cimelia_good_count": [1000],
        "tower_pack": [301046,301046],
        "better_power": 780000,
        "battle_bg": 17,
        "feature": [[104],[104]],
        "boss_roleId": [4006,4006],
        "boss_name": "无极塔46层层主",
        "monster_level": 46,
        "des": "无极塔46层层主，击败后可获得晋级下一层的资格。"
    },
    "47": {
        "id": 47,
        "instance_name": "四十七层",
        "reduce_power": 8,
        "first_reward": [[60011,1],[30001,5]],
        "reward_good_id": [20002,20001,30002],
        "reward_good_count": [10,1000,1],
        "reward_good_show_type": [1,0,0],
        "cimelia_good_id": [20001],
        "cimelia_good_count": [1000],
        "tower_pack": [301047,301047],
        "better_power": 780000,
        "battle_bg": 17,
        "feature": [[104],[104]],
        "boss_roleId": [4006,4006],
        "boss_name": "无极塔47层层主",
        "monster_level": 47,
        "des": "无极塔47层层主，击败后可获得晋级下一层的资格。"
    },
    "48": {
        "id": 48,
        "instance_name": "四十八层",
        "reduce_power": 8,
        "first_reward": [[60011,1],[30001,5]],
        "reward_good_id": [20002,20001,30002],
        "reward_good_count": [10,1000,1],
        "reward_good_show_type": [1,0,0],
        "cimelia_good_id": [20001],
        "cimelia_good_count": [1000],
        "tower_pack": [301048,301048],
        "better_power": 911000,
        "battle_bg": 17,
        "feature": [[104],[104]],
        "boss_roleId": [4006,4006],
        "boss_name": "无极塔48层层主",
        "monster_level": 48,
        "des": "无极塔48层层主，击败后可获得晋级下一层的资格。"
    },
    "49": {
        "id": 49,
        "instance_name": "四十九层",
        "reduce_power": 8,
        "first_reward": [[60011,1],[30001,5]],
        "reward_good_id": [20002,20001,30002],
        "reward_good_count": [10,1000,1],
        "reward_good_show_type": [1,0,0],
        "cimelia_good_id": [20001],
        "cimelia_good_count": [1000],
        "tower_pack": [301049,301049],
        "better_power": 911000,
        "battle_bg": 17,
        "feature": [[104],[104]],
        "boss_roleId": [4006,4006],
        "boss_name": "无极塔49层层主",
        "monster_level": 49,
        "des": "无极塔49层层主，击败后可获得晋级下一层的资格。"
    },
    "50": {
        "id": 50,
        "instance_name": "五十层",
        "reduce_power": 9,
        "first_reward": [[60011,1],[30001,5]],
        "reward_good_id": [20002,20001,30002],
        "reward_good_count": [10,1000,1],
        "reward_good_show_type": [1,0,0],
        "cimelia_good_id": [20001],
        "cimelia_good_count": [1000],
        "tower_pack": [301050,301050],
        "better_power": 929000,
        "battle_bg": 17,
        "feature": [[104],[104]],
        "boss_roleId": [4006,4006],
        "boss_name": "无极塔50层层主",
        "monster_level": 50,
        "des": "无极塔50层层主，击败后可获得晋级下一层的资格。"
    },
    "51": {
        "id": 51,
        "instance_name": "五十一层",
        "reduce_power": 9,
        "first_reward": [[60011,1],[30001,5]],
        "reward_good_id": [20002,20001,30002],
        "reward_good_count": [10,1000,1],
        "reward_good_show_type": [1,0,0],
        "cimelia_good_id": [20001],
        "cimelia_good_count": [1000],
        "tower_pack": [301051,301051],
        "better_power": 945000,
        "battle_bg": 17,
        "feature": [[104],[104]],
        "boss_roleId": [4006,4006],
        "boss_name": "无极塔51层层主",
        "monster_level": 50,
        "des": "无极塔51层层主，击败后可获得晋级下一层的资格。"
    },
    "52": {
        "id": 52,
        "instance_name": "五十二层",
        "reduce_power": 9,
        "first_reward": [[60011,1],[30001,5]],
        "reward_good_id": [20002,20001,30002],
        "reward_good_count": [10,1000,1],
        "reward_good_show_type": [1,0,0],
        "cimelia_good_id": [20001],
        "cimelia_good_count": [1000],
        "tower_pack": [301052,301052],
        "better_power": 945000,
        "battle_bg": 17,
        "feature": [[104],[104]],
        "boss_roleId": [4006,4006],
        "boss_name": "无极塔52层层主",
        "monster_level": 51,
        "des": "无极塔52层层主，击败后可获得晋级下一层的资格。"
    },
    "53": {
        "id": 53,
        "instance_name": "五十三层",
        "reduce_power": 9,
        "first_reward": [[60011,1],[30001,5]],
        "reward_good_id": [20002,20001,30002],
        "reward_good_count": [10,1000,1],
        "reward_good_show_type": [1,0,0],
        "cimelia_good_id": [20001],
        "cimelia_good_count": [1000],
        "tower_pack": [301053,301053],
        "better_power": 963000,
        "battle_bg": 17,
        "feature": [[104],[104]],
        "boss_roleId": [4006,4006],
        "boss_name": "无极塔53层层主",
        "monster_level": 51,
        "des": "无极塔53层层主，击败后可获得晋级下一层的资格。"
    },
    "54": {
        "id": 54,
        "instance_name": "五十四层",
        "reduce_power": 9,
        "first_reward": [[60011,1],[30001,5]],
        "reward_good_id": [20002,20001,30002],
        "reward_good_count": [10,1000,1],
        "reward_good_show_type": [1,0,0],
        "cimelia_good_id": [20001],
        "cimelia_good_count": [1000],
        "tower_pack": [301054,301054],
        "better_power": 975000,
        "battle_bg": 17,
        "feature": [[104],[104]],
        "boss_roleId": [4006,4006],
        "boss_name": "无极塔54层层主",
        "monster_level": 52,
        "des": "无极塔54层层主，击败后可获得晋级下一层的资格。"
    },
    "55": {
        "id": 55,
        "instance_name": "五十五层",
        "reduce_power": 9,
        "first_reward": [[60011,1],[30001,5]],
        "reward_good_id": [20002,20001,30002],
        "reward_good_count": [10,1000,1],
        "reward_good_show_type": [1,0,0],
        "cimelia_good_id": [20001],
        "cimelia_good_count": [1000],
        "tower_pack": [301055,301055],
        "better_power": 997000,
        "battle_bg": 17,
        "feature": [[104],[104]],
        "boss_roleId": [4006,4006],
        "boss_name": "无极塔55层层主",
        "monster_level": 53,
        "des": "无极塔55层层主，击败后可获得晋级下一层的资格。"
    },
    "56": {
        "id": 56,
        "instance_name": "五十六层",
        "reduce_power": 9,
        "first_reward": [[60011,1],[30001,5]],
        "reward_good_id": [20002,20001,30002],
        "reward_good_count": [10,1000,1],
        "reward_good_show_type": [1,0,0],
        "cimelia_good_id": [20001],
        "cimelia_good_count": [1000],
        "tower_pack": [301056,301056],
        "better_power": 998000,
        "battle_bg": 17,
        "feature": [[104],[104]],
        "boss_roleId": [4006,4006],
        "boss_name": "无极塔56层层主",
        "monster_level": 54,
        "des": "无极塔56层层主，击败后可获得晋级下一层的资格。"
    },
    "57": {
        "id": 57,
        "instance_name": "五十七层",
        "reduce_power": 9,
        "first_reward": [[60011,1],[30001,5]],
        "reward_good_id": [20002,20001,30002],
        "reward_good_count": [10,1000,1],
        "reward_good_show_type": [1,0,0],
        "cimelia_good_id": [20001],
        "cimelia_good_count": [1000],
        "tower_pack": [301057,301057],
        "better_power": 1011000,
        "battle_bg": 17,
        "feature": [[104],[104]],
        "boss_roleId": [4006,4006],
        "boss_name": "无极塔57层层主",
        "monster_level": 55,
        "des": "无极塔57层层主，击败后可获得晋级下一层的资格。"
    },
    "58": {
        "id": 58,
        "instance_name": "五十八层",
        "reduce_power": 9,
        "first_reward": [[60011,1],[30001,5]],
        "reward_good_id": [20002,20001,30002],
        "reward_good_count": [10,1000,1],
        "reward_good_show_type": [1,0,0],
        "cimelia_good_id": [20001],
        "cimelia_good_count": [1000],
        "tower_pack": [301058,301058],
        "better_power": 1031000,
        "battle_bg": 17,
        "feature": [[104],[104]],
        "boss_roleId": [4006,4006],
        "boss_name": "无极塔58层层主",
        "monster_level": 55,
        "des": "无极塔58层层主，击败后可获得晋级下一层的资格。"
    },
    "59": {
        "id": 59,
        "instance_name": "五十九层",
        "reduce_power": 9,
        "first_reward": [[60011,1],[30001,5]],
        "reward_good_id": [20002,20001,30002],
        "reward_good_count": [10,1000,1],
        "reward_good_show_type": [1,0,0],
        "cimelia_good_id": [20001],
        "cimelia_good_count": [1000],
        "tower_pack": [301059,301059],
        "better_power": 1038000,
        "battle_bg": 17,
        "feature": [[104],[104]],
        "boss_roleId": [4006,4006],
        "boss_name": "无极塔59层层主",
        "monster_level": 56,
        "des": "无极塔59层层主，击败后可获得晋级下一层的资格。"
    },
    "60": {
        "id": 60,
        "instance_name": "六十层",
        "reduce_power": 10,
        "first_reward": [[60011,1],[30001,5]],
        "reward_good_id": [20002,20001,30002],
        "reward_good_count": [10,1000,1],
        "reward_good_show_type": [1,0,0],
        "cimelia_good_id": [20001],
        "cimelia_good_count": [1000],
        "tower_pack": [301060,301060],
        "better_power": 1045000,
        "battle_bg": 17,
        "feature": [[104],[104]],
        "boss_roleId": [4006,4006],
        "boss_name": "无极塔60层层主",
        "monster_level": 56,
        "des": "无极塔60层层主，击败后可获得晋级下一层的资格。"
    },
    "61": {
        "id": 61,
        "instance_name": "第61层",
        "reduce_power": 10,
        "first_reward": [[60011,1],[30001,5]],
        "reward_good_id": [20002,20001,30002],
        "reward_good_count": [10,1000,1],
        "reward_good_show_type": [1,0,0],
        "cimelia_good_id": [20001],
        "cimelia_good_count": [1000],
        "tower_pack": [301061,301061],
        "better_power": 1075000,
        "battle_bg": 17,
        "feature": [[104],[104]],
        "boss_roleId": [4006,4006],
        "boss_name": "无极塔61层层主",
        "monster_level": 57,
        "des": "无极塔61层层主，击败后可获得晋级下一层的资格。"
    },
    "62": {
        "id": 62,
        "instance_name": "第62层",
        "reduce_power": 10,
        "first_reward": [[60011,1],[30001,5]],
        "reward_good_id": [20002,20001,30002],
        "reward_good_count": [10,1000,1],
        "reward_good_show_type": [1,0,0],
        "cimelia_good_id": [20001],
        "cimelia_good_count": [1000],
        "tower_pack": [301062,301062],
        "better_power": 1076000,
        "battle_bg": 17,
        "feature": [[104],[104]],
        "boss_roleId": [4006,4006],
        "boss_name": "无极塔62层层主",
        "monster_level": 58,
        "des": "无极塔62层层主，击败后可获得晋级下一层的资格。"
    },
    "63": {
        "id": 63,
        "instance_name": "第63层",
        "reduce_power": 10,
        "first_reward": [[60011,1],[30001,5]],
        "reward_good_id": [20002,20001,30002],
        "reward_good_count": [10,1000,1],
        "reward_good_show_type": [1,0,0],
        "cimelia_good_id": [20001],
        "cimelia_good_count": [1000],
        "tower_pack": [301063,301063],
        "better_power": 1090000,
        "battle_bg": 17,
        "feature": [[104],[104]],
        "boss_roleId": [4006,4006],
        "boss_name": "无极塔63层层主",
        "monster_level": 59,
        "des": "无极塔63层层主，击败后可获得晋级下一层的资格。"
    },
    "64": {
        "id": 64,
        "instance_name": "第64层",
        "reduce_power": 10,
        "first_reward": [[60011,1],[30001,5]],
        "reward_good_id": [20002,20001,30002],
        "reward_good_count": [10,1000,1],
        "reward_good_show_type": [1,0,0],
        "cimelia_good_id": [20001],
        "cimelia_good_count": [1000],
        "tower_pack": [301064,301064],
        "better_power": 1110000,
        "battle_bg": 17,
        "feature": [[104],[104]],
        "boss_roleId": [4006,4006],
        "boss_name": "无极塔64层层主",
        "monster_level": 60,
        "des": "无极塔64层层主，击败后可获得晋级下一层的资格。"
    },
    "65": {
        "id": 65,
        "instance_name": "第65层",
        "reduce_power": 10,
        "first_reward": [[60011,1],[30001,5]],
        "reward_good_id": [20002,20001,30002],
        "reward_good_count": [10,1000,1],
        "reward_good_show_type": [1,0,0],
        "cimelia_good_id": [20001],
        "cimelia_good_count": [1000],
        "tower_pack": [301065,301065],
        "better_power": 1119000,
        "battle_bg": 17,
        "feature": [[104],[104]],
        "boss_roleId": [4006,4006],
        "boss_name": "无极塔65层层主",
        "monster_level": 60,
        "des": "无极塔65层层主，击败后可获得晋级下一层的资格。"
    },
    "66": {
        "id": 66,
        "instance_name": "第66层",
        "reduce_power": 10,
        "first_reward": [[60011,1],[30001,5]],
        "reward_good_id": [20002,20001,30002],
        "reward_good_count": [10,1000,1],
        "reward_good_show_type": [1,0,0],
        "cimelia_good_id": [20001],
        "cimelia_good_count": [1000],
        "tower_pack": [301066,301066],
        "better_power": 1155000,
        "battle_bg": 17,
        "feature": [[104],[104]],
        "boss_roleId": [4006,4006],
        "boss_name": "无极塔66层层主",
        "monster_level": 61,
        "des": "无极塔66层层主，击败后可获得晋级下一层的资格。"
    },
    "67": {
        "id": 67,
        "instance_name": "第67层",
        "reduce_power": 10,
        "first_reward": [[60011,1],[30001,5]],
        "reward_good_id": [20002,20001,30002],
        "reward_good_count": [10,1000,1],
        "reward_good_show_type": [1,0,0],
        "cimelia_good_id": [20001],
        "cimelia_good_count": [1000],
        "tower_pack": [301067,301067],
        "better_power": 1156000,
        "battle_bg": 17,
        "feature": [[104],[104]],
        "boss_roleId": [4006,4006],
        "boss_name": "无极塔67层层主",
        "monster_level": 61,
        "des": "无极塔67层层主，击败后可获得晋级下一层的资格。"
    },
    "68": {
        "id": 68,
        "instance_name": "第68层",
        "reduce_power": 10,
        "first_reward": [[60011,1],[30001,5]],
        "reward_good_id": [20002,20001,30002],
        "reward_good_count": [10,1000,1],
        "reward_good_show_type": [1,0,0],
        "cimelia_good_id": [20001],
        "cimelia_good_count": [1000],
        "tower_pack": [301068,301068],
        "better_power": 1203000,
        "battle_bg": 17,
        "feature": [[104],[104]],
        "boss_roleId": [4006,4006],
        "boss_name": "无极塔68层层主",
        "monster_level": 62,
        "des": "无极塔68层层主，击败后可获得晋级下一层的资格。"
    },
    "69": {
        "id": 69,
        "instance_name": "第69层",
        "reduce_power": 10,
        "first_reward": [[60011,1],[30001,5]],
        "reward_good_id": [20002,20001,30002],
        "reward_good_count": [10,1000,1],
        "reward_good_show_type": [1,0,0],
        "cimelia_good_id": [20001],
        "cimelia_good_count": [1000],
        "tower_pack": [301069,301069],
        "better_power": 1215000,
        "battle_bg": 17,
        "feature": [[104],[104]],
        "boss_roleId": [4006,4006],
        "boss_name": "无极塔69层层主",
        "monster_level": 63,
        "des": "无极塔69层层主，击败后可获得晋级下一层的资格。"
    },
    "70": {
        "id": 70,
        "instance_name": "第70层",
        "reduce_power": 11,
        "first_reward": [[60011,1],[30001,5]],
        "reward_good_id": [20002,20001,30002],
        "reward_good_count": [10,1000,1],
        "reward_good_show_type": [1,0,0],
        "cimelia_good_id": [20001],
        "cimelia_good_count": [1000],
        "tower_pack": [301070,301070],
        "better_power": 1239000,
        "battle_bg": 17,
        "feature": [[104],[104]],
        "boss_roleId": [4006,4006],
        "boss_name": "无极塔70层层主",
        "monster_level": 64,
        "des": "无极塔70层层主，击败后可获得晋级下一层的资格。"
    },
    "71": {
        "id": 71,
        "instance_name": "第71层",
        "reduce_power": 11,
        "first_reward": [[60011,1],[30001,5]],
        "reward_good_id": [20002,20001,30002],
        "reward_good_count": [10,1000,1],
        "reward_good_show_type": [1,0,0],
        "cimelia_good_id": [20001],
        "cimelia_good_count": [1000],
        "tower_pack": [301071,301071],
        "better_power": 1252000,
        "battle_bg": 17,
        "feature": [[104],[104]],
        "boss_roleId": [4006,4006],
        "boss_name": "无极塔71层层主",
        "monster_level": 65,
        "des": "无极塔71层层主，击败后可获得晋级下一层的资格。"
    },
    "72": {
        "id": 72,
        "instance_name": "第72层",
        "reduce_power": 11,
        "first_reward": [[60011,1],[30001,5]],
        "reward_good_id": [20002,20001,30002],
        "reward_good_count": [10,1000,1],
        "reward_good_show_type": [1,0,0],
        "cimelia_good_id": [20001],
        "cimelia_good_count": [1000],
        "tower_pack": [301072,301072],
        "better_power": 1290000,
        "battle_bg": 17,
        "feature": [[104],[104]],
        "boss_roleId": [4006,4006],
        "boss_name": "无极塔72层层主",
        "monster_level": 66,
        "des": "无极塔72层层主，击败后可获得晋级下一层的资格。"
    },
    "73": {
        "id": 73,
        "instance_name": "第73层",
        "reduce_power": 11,
        "first_reward": [[60011,1],[30001,5]],
        "reward_good_id": [20002,20001,30002],
        "reward_good_count": [10,1000,1],
        "reward_good_show_type": [1,0,0],
        "cimelia_good_id": [20001],
        "cimelia_good_count": [1000],
        "tower_pack": [301073,301073],
        "better_power": 1298000,
        "battle_bg": 17,
        "feature": [[104],[104]],
        "boss_roleId": [4006,4006],
        "boss_name": "无极塔73层层主",
        "monster_level": 67,
        "des": "无极塔73层层主，击败后可获得晋级下一层的资格。"
    },
    "74": {
        "id": 74,
        "instance_name": "第74层",
        "reduce_power": 11,
        "first_reward": [[60011,1],[30001,5]],
        "reward_good_id": [20002,20001,30002],
        "reward_good_count": [10,1000,1],
        "reward_good_show_type": [1,0,0],
        "cimelia_good_id": [20001],
        "cimelia_good_count": [1000],
        "tower_pack": [301074,301074],
        "better_power": 1380000,
        "battle_bg": 17,
        "feature": [[104],[104]],
        "boss_roleId": [4006,4006],
        "boss_name": "无极塔74层层主",
        "monster_level": 68,
        "des": "无极塔74层层主，击败后可获得晋级下一层的资格。"
    },
    "75": {
        "id": 75,
        "instance_name": "第75层",
        "reduce_power": 11,
        "first_reward": [[60011,1],[30001,5]],
        "reward_good_id": [20002,20001,30002],
        "reward_good_count": [10,1000,1],
        "reward_good_show_type": [1,0,0],
        "cimelia_good_id": [20001],
        "cimelia_good_count": [1000],
        "tower_pack": [301075,301075],
        "better_power": 1410000,
        "battle_bg": 17,
        "feature": [[104],[104]],
        "boss_roleId": [4006,4006],
        "boss_name": "无极塔75层层主",
        "monster_level": 69,
        "des": "无极塔75层层主，击败后可获得晋级下一层的资格。"
    },
    "76": {
        "id": 76,
        "instance_name": "第76层",
        "reduce_power": 11,
        "first_reward": [[60011,1],[30001,5]],
        "reward_good_id": [20002,20001,30002],
        "reward_good_count": [10,1000,1],
        "reward_good_show_type": [1,0,0],
        "cimelia_good_id": [20001],
        "cimelia_good_count": [1000],
        "tower_pack": [301076,301076],
        "better_power": 1440000,
        "battle_bg": 17,
        "feature": [[104],[104]],
        "boss_roleId": [4006,4006],
        "boss_name": "无极塔76层层主",
        "monster_level": 70,
        "des": "无极塔76层层主，击败后可获得晋级下一层的资格。"
    },
    "77": {
        "id": 77,
        "instance_name": "第77层",
        "reduce_power": 11,
        "first_reward": [[60011,1],[30001,5]],
        "reward_good_id": [20002,20001,30002],
        "reward_good_count": [10,1000,1],
        "reward_good_show_type": [1,0,0],
        "cimelia_good_id": [20001],
        "cimelia_good_count": [1000],
        "tower_pack": [301077,301077],
        "better_power": 1500000,
        "battle_bg": 17,
        "feature": [[104],[104]],
        "boss_roleId": [4006,4006],
        "boss_name": "无极塔77层层主",
        "monster_level": 71,
        "des": "无极塔77层层主，击败后可获得晋级下一层的资格。"
    },
    "78": {
        "id": 78,
        "instance_name": "第78层",
        "reduce_power": 11,
        "first_reward": [[60011,1],[30001,5]],
        "reward_good_id": [20002,20001,30002],
        "reward_good_count": [10,1000,1],
        "reward_good_show_type": [1,0,0],
        "cimelia_good_id": [20001],
        "cimelia_good_count": [1000],
        "tower_pack": [301078,301078],
        "better_power": 1530000,
        "battle_bg": 17,
        "feature": [[104],[104]],
        "boss_roleId": [4006,4006],
        "boss_name": "无极塔78层层主",
        "monster_level": 72,
        "des": "无极塔78层层主，击败后可获得晋级下一层的资格。"
    },
    "79": {
        "id": 79,
        "instance_name": "第79层",
        "reduce_power": 11,
        "first_reward": [[60011,1],[30001,5]],
        "reward_good_id": [20002,20001,30002],
        "reward_good_count": [10,1000,1],
        "reward_good_show_type": [1,0,0],
        "cimelia_good_id": [20001],
        "cimelia_good_count": [1000],
        "tower_pack": [301079,301079],
        "better_power": 1590000,
        "battle_bg": 17,
        "feature": [[104],[104]],
        "boss_roleId": [4006,4006],
        "boss_name": "无极塔79层层主",
        "monster_level": 73,
        "des": "无极塔79层层主，击败后可获得晋级下一层的资格。"
    },
    "80": {
        "id": 80,
        "instance_name": "第80层",
        "reduce_power": 12,
        "first_reward": [[60011,1],[30001,5]],
        "reward_good_id": [20002,20001,30002],
        "reward_good_count": [10,1000,1],
        "reward_good_show_type": [1,0,0],
        "cimelia_good_id": [20001],
        "cimelia_good_count": [1000],
        "tower_pack": [301080,301080],
        "better_power": 1610000,
        "battle_bg": 17,
        "feature": [[104],[104]],
        "boss_roleId": [4006,4006],
        "boss_name": "无极塔80层层主",
        "monster_level": 74,
        "des": "无极塔80层层主，击败后可获得晋级下一层的资格。"
    },
    "81": {
        "id": 81,
        "instance_name": "第81层",
        "reduce_power": 12,
        "first_reward": [[60011,1],[30001,5]],
        "reward_good_id": [20002,20001,30002],
        "reward_good_count": [10,1000,1],
        "reward_good_show_type": [1,0,0],
        "cimelia_good_id": [20001],
        "cimelia_good_count": [1000],
        "tower_pack": [301081,301081],
        "better_power": 1660000,
        "battle_bg": 17,
        "feature": [[104],[104]],
        "boss_roleId": [4006,4006],
        "boss_name": "无极塔81层层主",
        "monster_level": 75,
        "des": "无极塔81层层主，击败后可获得晋级下一层的资格。"
    },
    "82": {
        "id": 82,
        "instance_name": "第82层",
        "reduce_power": 12,
        "first_reward": [[60011,1],[30001,5]],
        "reward_good_id": [20002,20001,30002],
        "reward_good_count": [10,1000,1],
        "reward_good_show_type": [1,0,0],
        "cimelia_good_id": [20001],
        "cimelia_good_count": [1000],
        "tower_pack": [301082,301082],
        "better_power": 1700000,
        "battle_bg": 17,
        "feature": [[104],[104]],
        "boss_roleId": [4006,4006],
        "boss_name": "无极塔82层层主",
        "monster_level": 76,
        "des": "无极塔82层层主，击败后可获得晋级下一层的资格。"
    },
    "83": {
        "id": 83,
        "instance_name": "第83层",
        "reduce_power": 12,
        "first_reward": [[60011,1],[30001,5]],
        "reward_good_id": [20002,20001,30002],
        "reward_good_count": [10,1000,1],
        "reward_good_show_type": [1,0,0],
        "cimelia_good_id": [20001],
        "cimelia_good_count": [1000],
        "tower_pack": [301083,301083],
        "better_power": 1720000,
        "battle_bg": 17,
        "feature": [[104],[104]],
        "boss_roleId": [4006,4006],
        "boss_name": "无极塔83层层主",
        "monster_level": 77,
        "des": "无极塔83层层主，击败后可获得晋级下一层的资格。"
    },
    "84": {
        "id": 84,
        "instance_name": "第84层",
        "reduce_power": 12,
        "first_reward": [[60011,1],[30001,5]],
        "reward_good_id": [20002,20001,30002],
        "reward_good_count": [10,1000,1],
        "reward_good_show_type": [1,0,0],
        "cimelia_good_id": [20001],
        "cimelia_good_count": [1000],
        "tower_pack": [301084,301084],
        "better_power": 1940000,
        "battle_bg": 17,
        "feature": [[104],[104]],
        "boss_roleId": [4006,4006],
        "boss_name": "无极塔84层层主",
        "monster_level": 78,
        "des": "无极塔84层层主，击败后可获得晋级下一层的资格。"
    },
    "85": {
        "id": 85,
        "instance_name": "第85层",
        "reduce_power": 12,
        "first_reward": [[60011,1],[30001,5]],
        "reward_good_id": [20002,20001,30002],
        "reward_good_count": [10,1000,1],
        "reward_good_show_type": [1,0,0],
        "cimelia_good_id": [20001],
        "cimelia_good_count": [1000],
        "tower_pack": [301085,301085],
        "better_power": 1940000,
        "battle_bg": 17,
        "feature": [[104],[104]],
        "boss_roleId": [4006,4006],
        "boss_name": "无极塔85层层主",
        "monster_level": 79,
        "des": "无极塔85层层主，击败后可获得晋级下一层的资格。"
    },
    "86": {
        "id": 86,
        "instance_name": "第86层",
        "reduce_power": 12,
        "first_reward": [[60011,1],[30001,5]],
        "reward_good_id": [20002,20001,30002],
        "reward_good_count": [10,1000,1],
        "reward_good_show_type": [1,0,0],
        "cimelia_good_id": [20001],
        "cimelia_good_count": [1000],
        "tower_pack": [301086,301086],
        "better_power": 1940000,
        "battle_bg": 17,
        "feature": [[104],[104]],
        "boss_roleId": [4006,4006],
        "boss_name": "无极塔86层层主",
        "monster_level": 80,
        "des": "无极塔86层层主，击败后可获得晋级下一层的资格。"
    },
    "87": {
        "id": 87,
        "instance_name": "第87层",
        "reduce_power": 12,
        "first_reward": [[60011,1],[30001,5]],
        "reward_good_id": [20002,20001,30002],
        "reward_good_count": [10,1000,1],
        "reward_good_show_type": [1,0,0],
        "cimelia_good_id": [20001],
        "cimelia_good_count": [1000],
        "tower_pack": [301087,301087],
        "better_power": 1990000,
        "battle_bg": 17,
        "feature": [[104],[104]],
        "boss_roleId": [4006,4006],
        "boss_name": "无极塔87层层主",
        "monster_level": 81,
        "des": "无极塔87层层主，击败后可获得晋级下一层的资格。"
    },
    "88": {
        "id": 88,
        "instance_name": "第88层",
        "reduce_power": 12,
        "first_reward": [[60011,1],[30001,5]],
        "reward_good_id": [20002,20001,30002],
        "reward_good_count": [10,1000,1],
        "reward_good_show_type": [1,0,0],
        "cimelia_good_id": [20001],
        "cimelia_good_count": [1000],
        "tower_pack": [301088,301088],
        "better_power": 1990000,
        "battle_bg": 17,
        "feature": [[104],[104]],
        "boss_roleId": [4006,4006],
        "boss_name": "无极塔88层层主",
        "monster_level": 82,
        "des": "无极塔88层层主，击败后可获得晋级下一层的资格。"
    },
    "89": {
        "id": 89,
        "instance_name": "第89层",
        "reduce_power": 12,
        "first_reward": [[60011,1],[30001,5]],
        "reward_good_id": [20002,20001,30002],
        "reward_good_count": [10,1000,1],
        "reward_good_show_type": [1,0,0],
        "cimelia_good_id": [20001],
        "cimelia_good_count": [1000],
        "tower_pack": [301089,301089],
        "better_power": 2040000,
        "battle_bg": 17,
        "feature": [[104],[104]],
        "boss_roleId": [4006,4006],
        "boss_name": "无极塔89层层主",
        "monster_level": 83,
        "des": "无极塔89层层主，击败后可获得晋级下一层的资格。"
    },
    "90": {
        "id": 90,
        "instance_name": "第90层",
        "reduce_power": 13,
        "first_reward": [[60011,1],[30001,5]],
        "reward_good_id": [20002,20001,30002],
        "reward_good_count": [10,1000,1],
        "reward_good_show_type": [1,0,0],
        "cimelia_good_id": [20001],
        "cimelia_good_count": [1000],
        "tower_pack": [301090,301090],
        "better_power": 2050000,
        "battle_bg": 17,
        "feature": [[104],[104]],
        "boss_roleId": [4006,4006],
        "boss_name": "无极塔90层层主",
        "monster_level": 84,
        "des": "无极塔90层层主，击败后可获得晋级下一层的资格。"
    },
    "91": {
        "id": 91,
        "instance_name": "第91层",
        "reduce_power": 13,
        "first_reward": [[60011,1],[30001,5]],
        "reward_good_id": [20002,20001,30002],
        "reward_good_count": [10,1000,1],
        "reward_good_show_type": [1,0,0],
        "cimelia_good_id": [20001],
        "cimelia_good_count": [1000],
        "tower_pack": [301091,301091],
        "better_power": 2050000,
        "battle_bg": 17,
        "feature": [[104],[104]],
        "boss_roleId": [4006,4006],
        "boss_name": "无极塔91层层主",
        "monster_level": 85,
        "des": "无极塔91层层主，击败后可获得晋级下一层的资格。"
    },
    "92": {
        "id": 92,
        "instance_name": "第92层",
        "reduce_power": 13,
        "first_reward": [[60011,1],[30001,5]],
        "reward_good_id": [20002,20001,30002],
        "reward_good_count": [10,1000,1],
        "reward_good_show_type": [1,0,0],
        "cimelia_good_id": [20001],
        "cimelia_good_count": [1000],
        "tower_pack": [301092,301092],
        "better_power": 2100000,
        "battle_bg": 17,
        "feature": [[104],[104]],
        "boss_roleId": [4006,4006],
        "boss_name": "无极塔92层层主",
        "monster_level": 86,
        "des": "无极塔92层层主，击败后可获得晋级下一层的资格。"
    },
    "93": {
        "id": 93,
        "instance_name": "第93层",
        "reduce_power": 13,
        "first_reward": [[60011,1],[30001,5]],
        "reward_good_id": [20002,20001,30002],
        "reward_good_count": [10,1000,1],
        "reward_good_show_type": [1,0,0],
        "cimelia_good_id": [20001],
        "cimelia_good_count": [1000],
        "tower_pack": [301093,301093],
        "better_power": 2100000,
        "battle_bg": 17,
        "feature": [[104],[104]],
        "boss_roleId": [4006,4006],
        "boss_name": "无极塔93层层主",
        "monster_level": 87,
        "des": "无极塔93层层主，击败后可获得晋级下一层的资格。"
    },
    "94": {
        "id": 94,
        "instance_name": "第94层",
        "reduce_power": 13,
        "first_reward": [[60011,1],[30001,5]],
        "reward_good_id": [20002,20001,30002],
        "reward_good_count": [10,1000,1],
        "reward_good_show_type": [1,0,0],
        "cimelia_good_id": [20001],
        "cimelia_good_count": [1000],
        "tower_pack": [301094,301094],
        "better_power": 2110000,
        "battle_bg": 17,
        "feature": [[104],[104]],
        "boss_roleId": [4006,4006],
        "boss_name": "无极塔94层层主",
        "monster_level": 88,
        "des": "无极塔94层层主，击败后可获得晋级下一层的资格。"
    },
    "95": {
        "id": 95,
        "instance_name": "第95层",
        "reduce_power": 13,
        "first_reward": [[60011,1],[30001,5]],
        "reward_good_id": [20002,20001,30002],
        "reward_good_count": [10,1000,1],
        "reward_good_show_type": [1,0,0],
        "cimelia_good_id": [20001],
        "cimelia_good_count": [1000],
        "tower_pack": [301095,301095],
        "better_power": 2180000,
        "battle_bg": 17,
        "feature": [[104],[104]],
        "boss_roleId": [4006,4006],
        "boss_name": "无极塔95层层主",
        "monster_level": 89,
        "des": "无极塔95层层主，击败后可获得晋级下一层的资格。"
    },
    "96": {
        "id": 96,
        "instance_name": "第96层",
        "reduce_power": 13,
        "first_reward": [[60011,1],[30001,5]],
        "reward_good_id": [20002,20001,30002],
        "reward_good_count": [10,1000,1],
        "reward_good_show_type": [1,0,0],
        "cimelia_good_id": [20001],
        "cimelia_good_count": [1000],
        "tower_pack": [301096,301096],
        "better_power": 2180000,
        "battle_bg": 17,
        "feature": [[104],[104]],
        "boss_roleId": [4006,4006],
        "boss_name": "无极塔96层层主",
        "monster_level": 90,
        "des": "无极塔96层层主，击败后可获得晋级下一层的资格。"
    },
    "97": {
        "id": 97,
        "instance_name": "第97层",
        "reduce_power": 13,
        "first_reward": [[60011,1],[30001,5]],
        "reward_good_id": [20002,20001,30002],
        "reward_good_count": [10,1000,1],
        "reward_good_show_type": [1,0,0],
        "cimelia_good_id": [20001],
        "cimelia_good_count": [1000],
        "tower_pack": [301097,301097],
        "better_power": 2210000,
        "battle_bg": 17,
        "feature": [[104],[104]],
        "boss_roleId": [4006,4006],
        "boss_name": "无极塔97层层主",
        "monster_level": 91,
        "des": "无极塔97层层主，击败后可获得晋级下一层的资格。"
    },
    "98": {
        "id": 98,
        "instance_name": "第98层",
        "reduce_power": 13,
        "first_reward": [[60011,1],[30001,5]],
        "reward_good_id": [20002,20001,30002],
        "reward_good_count": [10,1000,1],
        "reward_good_show_type": [1,0,0],
        "cimelia_good_id": [20001],
        "cimelia_good_count": [1000],
        "tower_pack": [301098,301098],
        "better_power": 2240000,
        "battle_bg": 17,
        "feature": [[104],[104]],
        "boss_roleId": [4006,4006],
        "boss_name": "无极塔98层层主",
        "monster_level": 92,
        "des": "无极塔98层层主，击败后可获得晋级下一层的资格。"
    },
    "99": {
        "id": 99,
        "instance_name": "第99层",
        "reduce_power": 13,
        "first_reward": [[60011,1],[30001,5]],
        "reward_good_id": [20002,20001,30002],
        "reward_good_count": [10,1000,1],
        "reward_good_show_type": [1,0,0],
        "cimelia_good_id": [20001],
        "cimelia_good_count": [1000],
        "tower_pack": [301099,301099],
        "better_power": 2240000,
        "battle_bg": 17,
        "feature": [[104],[104]],
        "boss_roleId": [4006,4006],
        "boss_name": "无极塔99层层主",
        "monster_level": 93,
        "des": "无极塔99层层主，击败后可获得晋级下一层的资格。"
    },
    "100": {
        "id": 100,
        "instance_name": "第100层",
        "reduce_power": 15,
        "first_reward": [[60011,1],[30001,5]],
        "reward_good_id": [20002,20001,30002],
        "reward_good_count": [10,1000,1],
        "reward_good_show_type": [1,0,0],
        "cimelia_good_id": [20001],
        "cimelia_good_count": [1000],
        "tower_pack": [301100,301100],
        "better_power": 2270000,
        "battle_bg": 17,
        "feature": [[104],[104]],
        "boss_roleId": [4006,4006],
        "boss_name": "无极塔100层层主",
        "monster_level": 94,
        "des": "无极塔100层层主，击败后可获得晋级下一层的资格。"
    }}
