{"frameRate":30,"name":"ui_jiuguan_zhaomu","version":"5.5","compatibleVersion":"5.5","armature":[{"type":"Armature","frameRate":30,"name":"armatureName","aabb":{"x":-473.88,"y":-596.95,"width":790.55,"height":909.86},"bone":[{"name":"root"},{"name":"gaoguang","parent":"root"},{"length":234,"name":"piaodai1/0_00000","parent":"root","transform":{"x":-511.96,"y":-400.02,"skX":-0.55,"skY":-0.55}},{"length":234,"name":"piaodai1/0_0","parent":"root","transform":{"x":-512.48,"y":-453.61,"skX":-0.55,"skY":-0.55}},{"length":296,"name":"piaodai2/0_00000","parent":"root","transform":{"x":-175.34,"y":-399.58,"skX":0.22,"skY":0.22}},{"length":296,"name":"piaodai2/0_0","parent":"root","transform":{"x":-175.17,"y":-448.01,"skX":0.22,"skY":0.22}},{"length":262,"name":"piaodai3/0_00000","parent":"root","transform":{"x":-496.06,"y":-528.37,"skX":1.12,"skY":1.12}},{"length":262,"name":"piaodai3/0_0","parent":"root","transform":{"x":-495.06,"y":-580.25,"skX":1.12,"skY":1.12}},{"length":266,"name":"piaodai4/0_00000","parent":"root","transform":{"x":-108.97,"y":-529.27,"skX":0.55,"skY":0.55}},{"length":266,"name":"piaodai4/0_0","parent":"root","transform":{"x":-108.49,"y":-579.41,"skX":0.55,"skY":0.55}}],"slot":[{"blendMode":"add","name":"gaoguang","parent":"gaoguang","color":{"rM":54,"gM":53,"bM":53}},{"blendMode":"add","displayIndex":5,"name":"piaodai1/0_00000","parent":"piaodai1/0_00000"},{"blendMode":"add","displayIndex":5,"name":"piaodai1/0_0","parent":"piaodai1/0_0"},{"blendMode":"add","displayIndex":5,"name":"piaodai2/0_00000","parent":"piaodai2/0_00000"},{"blendMode":"add","displayIndex":5,"name":"piaodai2/0_0","parent":"piaodai2/0_0"},{"blendMode":"add","name":"piaodai3/0_00000","parent":"piaodai3/0_00000"},{"blendMode":"add","name":"piaodai3/0_0","parent":"piaodai3/0_0"},{"blendMode":"add","name":"piaodai4/0_00000","parent":"piaodai4/0_00000"},{"blendMode":"add","name":"piaodai4/0_0","parent":"piaodai4/0_0"}],"skin":[{"slot":[{"name":"piaodai4/0_00000","display":[{"name":"piaodai4/0_00000","transform":{"x":113.93,"y":8.84,"skX":-0.53,"skY":-0.53}},{"name":"piaodai4/0_00001","transform":{"x":113.93,"y":8.84,"skX":-0.53,"skY":-0.53}},{"name":"piaodai4/0_00002","transform":{"x":113.93,"y":8.84,"skX":-0.53,"skY":-0.53}},{"name":"piaodai4/0_00003","transform":{"x":113.93,"y":8.84,"skX":-0.53,"skY":-0.53}},{"name":"piaodai4/0_00004","transform":{"x":113.93,"y":8.84,"skX":-0.53,"skY":-0.53}},{"name":"piaodai4/0_00005","transform":{"x":113.93,"y":8.84,"skX":-0.53,"skY":-0.53}}]},{"name":"piaodai3/0_0","display":[{"name":"piaodai3/0_00000","transform":{"x":135.8,"y":-4.36,"skX":-1.1,"skY":-1.1}},{"name":"piaodai3/0_00001","transform":{"x":135.8,"y":-4.36,"skX":-1.1,"skY":-1.1}},{"name":"piaodai3/0_00002","transform":{"x":135.8,"y":-4.36,"skX":-1.1,"skY":-1.1}},{"name":"piaodai3/0_00003","transform":{"x":135.8,"y":-4.36,"skX":-1.1,"skY":-1.1}},{"name":"piaodai3/0_00004","transform":{"x":135.8,"y":-4.36,"skX":-1.1,"skY":-1.1}},{"name":"piaodai3/0_00005","transform":{"x":135.8,"y":-4.36,"skX":-1.1,"skY":-1.1}}]},{"name":"piaodai3/0_00000","display":[{"name":"piaodai3/0_00000","transform":{"x":135.8,"y":-4.36,"skX":-1.1,"skY":-1.1}},{"name":"piaodai3/0_00001","transform":{"x":135.8,"y":-4.36,"skX":-1.1,"skY":-1.1}},{"name":"piaodai3/0_00002","transform":{"x":135.8,"y":-4.36,"skX":-1.1,"skY":-1.1}},{"name":"piaodai3/0_00003","transform":{"x":135.8,"y":-4.36,"skX":-1.1,"skY":-1.1}},{"name":"piaodai3/0_00004","transform":{"x":135.8,"y":-4.36,"skX":-1.1,"skY":-1.1}},{"name":"piaodai3/0_00005","transform":{"x":135.8,"y":-4.36,"skX":-1.1,"skY":-1.1}}]},{"name":"piaodai2/0_0","display":[{"name":"piaodai2/0_00000","transform":{"x":176.8,"y":-5.3,"skX":-0.2,"skY":-0.2}},{"name":"piaodai2/0_00001","transform":{"x":176.8,"y":-5.3,"skX":-0.2,"skY":-0.2}},{"name":"piaodai2/0_00002","transform":{"x":176.8,"y":-5.3,"skX":-0.2,"skY":-0.2}},{"name":"piaodai2/0_00003","transform":{"x":176.8,"y":-5.3,"skX":-0.2,"skY":-0.2}},{"name":"piaodai2/0_00004","transform":{"x":176.8,"y":-5.3,"skX":-0.2,"skY":-0.2}},{"name":"piaodai2/0_00005","transform":{"x":176.8,"y":-5.3,"skX":-0.2,"skY":-0.2}}]},{"name":"piaodai2/0_00000","display":[{"name":"piaodai2/0_00000","transform":{"x":176.8,"y":-5.3,"skX":-0.2,"skY":-0.2}},{"name":"piaodai2/0_00001","transform":{"x":176.8,"y":-5.3,"skX":-0.2,"skY":-0.2}},{"name":"piaodai2/0_00002","transform":{"x":176.8,"y":-5.3,"skX":-0.2,"skY":-0.2}},{"name":"piaodai2/0_00003","transform":{"x":176.8,"y":-5.3,"skX":-0.2,"skY":-0.2}},{"name":"piaodai2/0_00004","transform":{"x":176.8,"y":-5.3,"skX":-0.2,"skY":-0.2}},{"name":"piaodai2/0_00005","transform":{"x":176.8,"y":-5.3,"skX":-0.2,"skY":-0.2}}]},{"name":"piaodai1/0_0","display":[{"name":"piaodai1/0_00000","transform":{"x":122.13,"y":-2.32,"skX":0.56,"skY":0.56}},{"name":"piaodai1/0_00001","transform":{"x":122.13,"y":-2.32,"skX":0.56,"skY":0.56}},{"name":"piaodai1/0_00002","transform":{"x":122.13,"y":-2.32,"skX":0.56,"skY":0.56}},{"name":"piaodai1/0_00003","transform":{"x":122.13,"y":-2.32,"skX":0.56,"skY":0.56}},{"name":"piaodai1/0_00004","transform":{"x":122.13,"y":-2.32,"skX":0.56,"skY":0.56}},{"name":"piaodai1/0_00005","transform":{"x":122.13,"y":-2.32,"skX":0.56,"skY":0.56}}]},{"name":"piaodai1/0_00000","display":[{"name":"piaodai1/0_00000","transform":{"x":122.13,"y":-2.32,"skX":0.56,"skY":0.56}},{"name":"piaodai1/0_00001","transform":{"x":122.13,"y":-2.32,"skX":0.56,"skY":0.56}},{"name":"piaodai1/0_00002","transform":{"x":122.13,"y":-2.32,"skX":0.56,"skY":0.56}},{"name":"piaodai1/0_00003","transform":{"x":122.13,"y":-2.32,"skX":0.56,"skY":0.56}},{"name":"piaodai1/0_00004","transform":{"x":122.13,"y":-2.32,"skX":0.56,"skY":0.56}},{"name":"piaodai1/0_00005","transform":{"x":122.13,"y":-2.32,"skX":0.56,"skY":0.56}}]},{"name":"piaodai4/0_0","display":[{"name":"piaodai4/0_00000","transform":{"x":113.93,"y":8.84,"skX":-0.53,"skY":-0.53}},{"name":"piaodai4/0_00001","transform":{"x":113.93,"y":8.84,"skX":-0.53,"skY":-0.53}},{"name":"piaodai4/0_00002","transform":{"x":113.93,"y":8.84,"skX":-0.53,"skY":-0.53}},{"name":"piaodai4/0_00003","transform":{"x":113.93,"y":8.84,"skX":-0.53,"skY":-0.53}},{"name":"piaodai4/0_00004","transform":{"x":113.93,"y":8.84,"skX":-0.53,"skY":-0.53}},{"name":"piaodai4/0_00005","transform":{"x":113.93,"y":8.84,"skX":-0.53,"skY":-0.53}}]},{"name":"gaoguang","display":[{"name":"gaoguang","transform":{"x":1.17,"y":-2.59}}]}]}],"animation":[{"duration":207,"name":"animation","bone":[{"name":"piaodai3/0_00000","translateFrame":[{"duration":68,"tweenEasing":0,"x":496.68,"y":530.04},{"x":156.86,"y":924.13},{"duration":68,"tweenEasing":0,"x":496.68,"y":530.04},{"tweenEasing":0,"x":156.86,"y":924.13},{"duration":68,"tweenEasing":0,"x":496.68,"y":530.04},{"x":156.86,"y":924.13}],"rotateFrame":[{"duration":207,"rotate":129.65}],"scaleFrame":[{"duration":207,"x":0.65,"y":0.65}]},{"name":"piaodai1/0_00000","translateFrame":[{"duration":68,"tweenEasing":0,"x":514.2,"y":400.2},{"x":1192.5,"y":102.79},{"duration":68,"tweenEasing":0,"x":514.2,"y":400.2},{"tweenEasing":0,"x":1192.5,"y":102.79},{"duration":68,"tweenEasing":0,"x":514.2,"y":400.2},{"x":1192.5,"y":102.79}],"rotateFrame":[{"duration":207,"rotate":-23.11}],"scaleFrame":[{"duration":207,"x":0.49,"y":0.49}]},{"name":"piaodai2/0_00000","translateFrame":[{"duration":68,"tweenEasing":0,"x":178.19,"y":399.52},{"x":498.71,"y":741.39},{"duration":68,"tweenEasing":0,"x":178.19,"y":399.52},{"tweenEasing":0,"x":498.71,"y":741.39},{"duration":68,"tweenEasing":0,"x":178.19,"y":399.52},{"x":498.71,"y":741.39}],"rotateFrame":[{"duration":207,"rotate":46.64}],"scaleFrame":[{"duration":207,"x":0.36,"y":0.36}]},{"name":"piaodai4/0_00000","translateFrame":[{"duration":68,"tweenEasing":0,"x":109.7,"y":530.08},{"x":-152.84,"y":162.85},{"duration":68,"tweenEasing":0,"x":109.7,"y":530.08},{"tweenEasing":0,"x":-152.84,"y":162.85},{"duration":68,"tweenEasing":0,"x":109.7,"y":530.08},{"x":-152.84,"y":162.85}],"rotateFrame":[{"duration":207,"rotate":-126.12}],"scaleFrame":[{"duration":207,"x":0.47,"y":0.47}]},{"name":"piaodai1/0_0","translateFrame":[{"duration":31,"tweenEasing":0,"x":573.31,"y":640.97},{"x":624.73,"y":808.03},{"duration":36,"tweenEasing":0,"x":515.46,"y":453.03},{"x":573.31,"y":640.97},{"duration":31,"tweenEasing":0,"x":573.31,"y":640.97},{"x":624.73,"y":808.03},{"duration":36,"tweenEasing":0,"x":515.46,"y":453.03},{"x":573.31,"y":640.97},{"duration":31,"tweenEasing":0,"x":573.31,"y":640.97},{"x":624.73,"y":808.03},{"duration":36,"tweenEasing":0,"x":515.46,"y":453.03},{"x":573.31,"y":640.97}],"rotateFrame":[{"duration":207,"rotate":73.45}],"scaleFrame":[{"duration":207,"x":0.89,"y":0.62}]},{"name":"piaodai2/0_0","translateFrame":[{"duration":31,"tweenEasing":0,"x":-140.05,"y":454.36},{"x":-420.24,"y":460},{"duration":36,"tweenEasing":0,"x":175.17,"y":448.01},{"x":-140.05,"y":454.36},{"duration":31,"tweenEasing":0,"x":-140.05,"y":454.36},{"x":-420.24,"y":460},{"duration":36,"tweenEasing":0,"x":175.17,"y":448.01},{"x":-140.05,"y":454.36},{"duration":31,"tweenEasing":0,"x":-140.05,"y":454.36},{"x":-420.24,"y":460},{"duration":36,"tweenEasing":0,"x":175.17,"y":448.01},{"x":-140.05,"y":454.36}],"rotateFrame":[{"duration":207,"rotate":178.65}],"scaleFrame":[{"duration":207,"x":0.55,"y":0.55}]},{"name":"piaodai3/0_0","translateFrame":[{"duration":31,"tweenEasing":0,"x":530.34,"y":388.5},{"x":561.71,"y":218.05},{"duration":36,"tweenEasing":0,"x":495.06,"y":580.25},{"x":530.34,"y":388.5},{"duration":31,"tweenEasing":0,"x":530.34,"y":388.5},{"x":561.71,"y":218.05},{"duration":36,"tweenEasing":0,"x":495.06,"y":580.25},{"x":530.34,"y":388.5},{"duration":31,"tweenEasing":0,"x":530.34,"y":388.5},{"x":561.71,"y":218.05},{"duration":36,"tweenEasing":0,"x":495.06,"y":580.25},{"x":530.34,"y":388.5}],"rotateFrame":[{"duration":207,"rotate":-80.69}],"scaleFrame":[{"duration":207,"x":0.49,"y":0.49}]},{"name":"piaodai4/0_0","translateFrame":[{"duration":31,"tweenEasing":0,"x":410.54,"y":631.04},{"x":679.02,"y":676.94},{"duration":36,"tweenEasing":0,"x":108.49,"y":579.41},{"x":410.54,"y":631.04},{"duration":31,"tweenEasing":0,"x":410.54,"y":631.04},{"x":679.02,"y":676.94},{"duration":36,"tweenEasing":0,"x":108.49,"y":579.41},{"x":410.54,"y":631.04},{"duration":31,"tweenEasing":0,"x":410.54,"y":631.04},{"x":679.02,"y":676.94},{"duration":36,"tweenEasing":0,"x":108.49,"y":579.41},{"x":410.54,"y":631.04}],"rotateFrame":[{"duration":207,"rotate":9.16}],"scaleFrame":[{"duration":207,"x":0.64,"y":0.64}]},{"name":"gaoguang","rotateFrame":[{"duration":67,"tweenEasing":0},{"duration":68,"tweenEasing":0,"rotate":-120},{"duration":72,"tweenEasing":0,"rotate":120},{"duration":0}],"scaleFrame":[{"duration":207,"x":1.5,"y":1.5}]}],"slot":[{"name":"piaodai1/0_00000","displayFrame":[{"duration":4},{"duration":4,"value":1},{"duration":4,"value":2},{"duration":4,"value":3},{"duration":4,"value":4},{"duration":4,"value":5},{"duration":4},{"duration":4,"value":1},{"duration":4,"value":2},{"duration":4,"value":3},{"duration":4,"value":4},{"duration":4,"value":5},{"duration":4},{"duration":4,"value":1},{"duration":4,"value":2},{"duration":4,"value":3},{"duration":4,"value":4},{"value":5},{"duration":4},{"duration":4,"value":1},{"duration":4,"value":2},{"duration":4,"value":3},{"duration":4,"value":4},{"duration":4,"value":5},{"duration":4},{"duration":4,"value":1},{"duration":4,"value":2},{"duration":4,"value":3},{"duration":4,"value":4},{"duration":4,"value":5},{"duration":4},{"duration":4,"value":1},{"duration":4,"value":2},{"duration":4,"value":3},{"duration":4,"value":4},{"value":5},{"duration":4},{"duration":4,"value":1},{"duration":4,"value":2},{"duration":4,"value":3},{"duration":4,"value":4},{"duration":4,"value":5},{"duration":4},{"duration":4,"value":1},{"duration":4,"value":2},{"duration":4,"value":3},{"duration":4,"value":4},{"duration":4,"value":5},{"duration":4},{"duration":4,"value":1},{"duration":4,"value":2},{"duration":4,"value":3},{"duration":4,"value":4},{"value":5}],"colorFrame":[{"duration":4,"tweenEasing":0,"value":{"aM":0}},{"duration":60,"tweenEasing":0},{"duration":4,"tweenEasing":0},{"tweenEasing":0,"value":{"aM":0}},{"duration":4,"tweenEasing":0,"value":{"aM":0}},{"duration":60,"tweenEasing":0},{"duration":4,"tweenEasing":0},{"tweenEasing":0,"value":{"aM":0}},{"duration":4,"tweenEasing":0,"value":{"aM":0}},{"duration":60,"tweenEasing":0},{"duration":4,"tweenEasing":0},{"value":{"aM":0}}]},{"name":"piaodai1/0_0","displayFrame":[{"duration":4,"value":3},{"duration":4,"value":4},{"duration":4,"value":5},{"duration":4},{"duration":4,"value":1},{"duration":4,"value":2},{"duration":4,"value":3},{"duration":3,"value":4},{"value":5},{"duration":4},{"duration":4,"value":1},{"duration":4,"value":2},{"duration":4,"value":3},{"duration":4,"value":4},{"duration":4,"value":5},{"duration":4},{"duration":4,"value":1},{"duration":4,"value":2},{"duration":5,"value":3},{"duration":4,"value":4},{"duration":4,"value":5},{"duration":4},{"duration":4,"value":1},{"duration":4,"value":2},{"duration":4,"value":3},{"duration":3,"value":4},{"value":5},{"duration":4},{"duration":4,"value":1},{"duration":4,"value":2},{"duration":4,"value":3},{"duration":4,"value":4},{"duration":4,"value":5},{"duration":4},{"duration":4,"value":1},{"duration":4,"value":2},{"duration":5,"value":3},{"duration":4,"value":4},{"duration":4,"value":5},{"duration":4},{"duration":4,"value":1},{"duration":4,"value":2},{"duration":4,"value":3},{"duration":3,"value":4},{"value":5},{"duration":4},{"duration":4,"value":1},{"duration":4,"value":2},{"duration":4,"value":3},{"duration":4,"value":4},{"duration":4,"value":5},{"duration":4},{"duration":4,"value":1},{"duration":4,"value":2},{"value":3}],"colorFrame":[{"duration":28,"tweenEasing":0},{"duration":3,"tweenEasing":0},{"tweenEasing":0,"value":{"aM":0}},{"duration":4,"tweenEasing":0,"value":{"aM":0}},{"duration":61,"tweenEasing":0},{"duration":3,"tweenEasing":0},{"tweenEasing":0,"value":{"aM":0}},{"duration":4,"tweenEasing":0,"value":{"aM":0}},{"duration":61,"tweenEasing":0},{"duration":3,"tweenEasing":0},{"tweenEasing":0,"value":{"aM":0}},{"duration":4,"tweenEasing":0,"value":{"aM":0}},{"duration":33}]},{"name":"piaodai2/0_00000","displayFrame":[{"duration":4},{"duration":4,"value":1},{"duration":4,"value":2},{"duration":4,"value":3},{"duration":4,"value":4},{"duration":4,"value":5},{"duration":4},{"duration":4,"value":1},{"duration":4,"value":2},{"duration":4,"value":3},{"duration":4,"value":4},{"duration":4,"value":5},{"duration":4},{"duration":4,"value":1},{"duration":4,"value":2},{"duration":4,"value":3},{"duration":4,"value":4},{"value":5},{"duration":4},{"duration":4,"value":1},{"duration":4,"value":2},{"duration":4,"value":3},{"duration":4,"value":4},{"duration":4,"value":5},{"duration":4},{"duration":4,"value":1},{"duration":4,"value":2},{"duration":4,"value":3},{"duration":4,"value":4},{"duration":4,"value":5},{"duration":4},{"duration":4,"value":1},{"duration":4,"value":2},{"duration":4,"value":3},{"duration":4,"value":4},{"value":5},{"duration":4},{"duration":4,"value":1},{"duration":4,"value":2},{"duration":4,"value":3},{"duration":4,"value":4},{"duration":4,"value":5},{"duration":4},{"duration":4,"value":1},{"duration":4,"value":2},{"duration":4,"value":3},{"duration":4,"value":4},{"duration":4,"value":5},{"duration":4},{"duration":4,"value":1},{"duration":4,"value":2},{"duration":4,"value":3},{"duration":4,"value":4},{"value":5}],"colorFrame":[{"duration":4,"tweenEasing":0,"value":{"aM":0}},{"duration":60,"tweenEasing":0},{"duration":4,"tweenEasing":0},{"tweenEasing":0,"value":{"aM":0}},{"duration":4,"tweenEasing":0,"value":{"aM":0}},{"duration":60,"tweenEasing":0},{"duration":4,"tweenEasing":0},{"tweenEasing":0,"value":{"aM":0}},{"duration":4,"tweenEasing":0,"value":{"aM":0}},{"duration":60,"tweenEasing":0},{"duration":4,"tweenEasing":0},{"value":{"aM":0}}]},{"name":"piaodai2/0_0","displayFrame":[{"duration":4,"value":3},{"duration":4,"value":4},{"duration":4,"value":5},{"duration":4},{"duration":4,"value":1},{"duration":4,"value":2},{"duration":4,"value":3},{"duration":3,"value":4},{"value":5},{"duration":4},{"duration":4,"value":1},{"duration":4,"value":2},{"duration":4,"value":3},{"duration":4,"value":4},{"duration":4,"value":5},{"duration":4},{"duration":4,"value":1},{"duration":4,"value":2},{"duration":5,"value":3},{"duration":4,"value":4},{"duration":4,"value":5},{"duration":4},{"duration":4,"value":1},{"duration":4,"value":2},{"duration":4,"value":3},{"duration":3,"value":4},{"value":5},{"duration":4},{"duration":4,"value":1},{"duration":4,"value":2},{"duration":4,"value":3},{"duration":4,"value":4},{"duration":4,"value":5},{"duration":4},{"duration":4,"value":1},{"duration":4,"value":2},{"duration":5,"value":3},{"duration":4,"value":4},{"duration":4,"value":5},{"duration":4},{"duration":4,"value":1},{"duration":4,"value":2},{"duration":4,"value":3},{"duration":3,"value":4},{"value":5},{"duration":4},{"duration":4,"value":1},{"duration":4,"value":2},{"duration":4,"value":3},{"duration":4,"value":4},{"duration":4,"value":5},{"duration":4},{"duration":4,"value":1},{"duration":4,"value":2},{"value":3}],"colorFrame":[{"duration":28,"tweenEasing":0},{"duration":3,"tweenEasing":0},{"tweenEasing":0,"value":{"aM":0}},{"duration":4,"tweenEasing":0,"value":{"aM":0}},{"duration":61,"tweenEasing":0},{"duration":3,"tweenEasing":0},{"tweenEasing":0,"value":{"aM":0}},{"duration":4,"tweenEasing":0,"value":{"aM":0}},{"duration":61,"tweenEasing":0},{"duration":3,"tweenEasing":0},{"tweenEasing":0,"value":{"aM":0}},{"duration":4,"tweenEasing":0,"value":{"aM":0}},{"duration":33}]},{"name":"piaodai3/0_00000","displayFrame":[{"duration":4},{"duration":4,"value":1},{"duration":4,"value":2},{"duration":4,"value":3},{"duration":4,"value":4},{"duration":4,"value":5},{"duration":4},{"duration":4,"value":1},{"duration":4,"value":2},{"duration":4,"value":3},{"duration":4,"value":4},{"duration":4,"value":5},{"duration":4},{"duration":4,"value":1},{"duration":4,"value":2},{"duration":4,"value":3},{"duration":4,"value":4},{"value":5},{"duration":4},{"duration":4,"value":1},{"duration":4,"value":2},{"duration":4,"value":3},{"duration":4,"value":4},{"duration":4,"value":5},{"duration":4},{"duration":4,"value":1},{"duration":4,"value":2},{"duration":4,"value":3},{"duration":4,"value":4},{"duration":4,"value":5},{"duration":4},{"duration":4,"value":1},{"duration":4,"value":2},{"duration":4,"value":3},{"duration":4,"value":4},{"value":5},{"duration":4},{"duration":4,"value":1},{"duration":4,"value":2},{"duration":4,"value":3},{"duration":4,"value":4},{"duration":4,"value":5},{"duration":4},{"duration":4,"value":1},{"duration":4,"value":2},{"duration":4,"value":3},{"duration":4,"value":4},{"duration":4,"value":5},{"duration":4},{"duration":4,"value":1},{"duration":4,"value":2},{"duration":4,"value":3},{"duration":4,"value":4},{"value":5}],"colorFrame":[{"duration":4,"tweenEasing":0,"value":{"aM":0}},{"duration":60,"tweenEasing":0},{"duration":4,"tweenEasing":0},{"tweenEasing":0,"value":{"aM":0}},{"duration":4,"tweenEasing":0,"value":{"aM":0}},{"duration":60,"tweenEasing":0},{"duration":4,"tweenEasing":0},{"tweenEasing":0,"value":{"aM":0}},{"duration":4,"tweenEasing":0,"value":{"aM":0}},{"duration":60,"tweenEasing":0},{"duration":4,"tweenEasing":0},{"value":{"aM":0}}]},{"name":"piaodai3/0_0","displayFrame":[{"duration":4,"value":3},{"duration":4,"value":4},{"duration":4,"value":5},{"duration":4},{"duration":4,"value":1},{"duration":4,"value":2},{"duration":4,"value":3},{"duration":3,"value":4},{"value":5},{"duration":4},{"duration":4,"value":1},{"duration":4,"value":2},{"duration":4,"value":3},{"duration":4,"value":4},{"duration":4,"value":5},{"duration":4},{"duration":4,"value":1},{"duration":4,"value":2},{"duration":5,"value":3},{"duration":4,"value":4},{"duration":4,"value":5},{"duration":4},{"duration":4,"value":1},{"duration":4,"value":2},{"duration":4,"value":3},{"duration":3,"value":4},{"value":5},{"duration":4},{"duration":4,"value":1},{"duration":4,"value":2},{"duration":4,"value":3},{"duration":4,"value":4},{"duration":4,"value":5},{"duration":4},{"duration":4,"value":1},{"duration":4,"value":2},{"duration":5,"value":3},{"duration":4,"value":4},{"duration":4,"value":5},{"duration":4},{"duration":4,"value":1},{"duration":4,"value":2},{"duration":4,"value":3},{"duration":3,"value":4},{"value":5},{"duration":4},{"duration":4,"value":1},{"duration":4,"value":2},{"duration":4,"value":3},{"duration":4,"value":4},{"duration":4,"value":5},{"duration":4},{"duration":4,"value":1},{"duration":4,"value":2},{"value":3}],"colorFrame":[{"duration":28,"tweenEasing":0},{"duration":3,"tweenEasing":0},{"tweenEasing":0,"value":{"aM":0}},{"duration":4,"tweenEasing":0,"value":{"aM":0}},{"duration":61,"tweenEasing":0},{"duration":3,"tweenEasing":0},{"tweenEasing":0,"value":{"aM":0}},{"duration":4,"tweenEasing":0,"value":{"aM":0}},{"duration":61,"tweenEasing":0},{"duration":3,"tweenEasing":0},{"tweenEasing":0,"value":{"aM":0}},{"duration":4,"tweenEasing":0,"value":{"aM":0}},{"duration":33}]},{"name":"piaodai4/0_00000","displayFrame":[{"duration":4},{"duration":4,"value":1},{"duration":4,"value":2},{"duration":4,"value":3},{"duration":4,"value":4},{"duration":4,"value":5},{"duration":4},{"duration":4,"value":1},{"duration":4,"value":2},{"duration":4,"value":3},{"duration":4,"value":4},{"duration":4,"value":5},{"duration":4},{"duration":4,"value":1},{"duration":4,"value":2},{"duration":4,"value":3},{"duration":4,"value":4},{"value":5},{"duration":4},{"duration":4,"value":1},{"duration":4,"value":2},{"duration":4,"value":3},{"duration":4,"value":4},{"duration":4,"value":5},{"duration":4},{"duration":4,"value":1},{"duration":4,"value":2},{"duration":4,"value":3},{"duration":4,"value":4},{"duration":4,"value":5},{"duration":4},{"duration":4,"value":1},{"duration":4,"value":2},{"duration":4,"value":3},{"duration":4,"value":4},{"value":5},{"duration":4},{"duration":4,"value":1},{"duration":4,"value":2},{"duration":4,"value":3},{"duration":4,"value":4},{"duration":4,"value":5},{"duration":4},{"duration":4,"value":1},{"duration":4,"value":2},{"duration":4,"value":3},{"duration":4,"value":4},{"duration":4,"value":5},{"duration":4},{"duration":4,"value":1},{"duration":4,"value":2},{"duration":4,"value":3},{"duration":4,"value":4},{"value":5}],"colorFrame":[{"duration":4,"tweenEasing":0,"value":{"aM":0}},{"duration":60,"tweenEasing":0},{"duration":4,"tweenEasing":0},{"tweenEasing":0,"value":{"aM":0}},{"duration":4,"tweenEasing":0,"value":{"aM":0}},{"duration":60,"tweenEasing":0},{"duration":4,"tweenEasing":0},{"tweenEasing":0,"value":{"aM":0}},{"duration":4,"tweenEasing":0,"value":{"aM":0}},{"duration":60,"tweenEasing":0},{"duration":4,"tweenEasing":0},{"value":{"aM":0}}]},{"name":"piaodai4/0_0","displayFrame":[{"duration":4,"value":3},{"duration":4,"value":4},{"duration":4,"value":5},{"duration":4},{"duration":4,"value":1},{"duration":4,"value":2},{"duration":4,"value":3},{"duration":3,"value":4},{"value":5},{"duration":4},{"duration":4,"value":1},{"duration":4,"value":2},{"duration":4,"value":3},{"duration":4,"value":4},{"duration":4,"value":5},{"duration":4},{"duration":4,"value":1},{"duration":4,"value":2},{"duration":5,"value":3},{"duration":4,"value":4},{"duration":4,"value":5},{"duration":4},{"duration":4,"value":1},{"duration":4,"value":2},{"duration":4,"value":3},{"duration":3,"value":4},{"value":5},{"duration":4},{"duration":4,"value":1},{"duration":4,"value":2},{"duration":4,"value":3},{"duration":4,"value":4},{"duration":4,"value":5},{"duration":4},{"duration":4,"value":1},{"duration":4,"value":2},{"duration":5,"value":3},{"duration":4,"value":4},{"duration":4,"value":5},{"duration":4},{"duration":4,"value":1},{"duration":4,"value":2},{"duration":4,"value":3},{"duration":3,"value":4},{"value":5},{"duration":4},{"duration":4,"value":1},{"duration":4,"value":2},{"duration":4,"value":3},{"duration":4,"value":4},{"duration":4,"value":5},{"duration":4},{"duration":4,"value":1},{"duration":4,"value":2},{"value":3}],"colorFrame":[{"duration":31,"tweenEasing":0},{"tweenEasing":0},{"duration":4,"tweenEasing":0,"value":{"aM":0}},{"duration":64,"tweenEasing":0},{"tweenEasing":0},{"duration":4,"tweenEasing":0,"value":{"aM":0}},{"duration":64,"tweenEasing":0},{"tweenEasing":0},{"duration":4,"tweenEasing":0,"value":{"aM":0}},{"duration":33}]}]}],"defaultActions":[{"gotoAndPlay":"animation"}]}]}