{"frameRate":30,"isGlobal":0,"armature":[{"bone":[{"name":"root","transform":{}},{"transform":{},"name":"Fuji","parent":"root"},{"transform":{"y":-99.06,"x":65.31},"name":"bip","parent":"Fuji"},{"transform":{},"name":"buff_flo","parent":"Fuji"},{"transform":{"y":-205.27},"name":"buff_up","parent":"Fuji"},{"transform":{"y":-106.42},"name":"buff_mid","parent":"Fuji"},{"length":90,"transform":{"y":0.79,"skX":-1.5,"skY":-1.5,"x":-0.39},"parent":"bip","name":"Head"},{"length":51,"transform":{"y":3,"skX":-174.9,"skY":-174.9,"x":-1.29},"parent":"bip","name":"Body"},{"length":21,"transform":{"y":-35.28,"skX":-33.83,"skY":-33.83,"x":20.86},"parent":"Body","name":"2-1"},{"length":63,"transform":{"skX":4.61,"skY":4.61,"x":51.7},"parent":"Body","name":"body2"},{"length":19,"transform":{"y":-37.97,"skX":-129.51,"skY":-129.51,"x":51.07},"parent":"Body","name":"6-1"},{"length":45,"transform":{"y":39.53,"skX":33.38,"skY":33.38,"x":43.22},"parent":"Body","name":"Fin_B2"},{"length":21,"transform":{"y":-35.24,"skX":-31.92,"skY":-31.92,"x":-6.41},"parent":"Body","name":"1-1"},{"length":61,"transform":{"y":42.72,"skX":33.57,"skY":33.57,"x":1.97},"parent":"Body","name":"Fin_B1"},{"length":69,"transform":{"y":17.65,"skX":-3.25,"skY":-3.25,"x":12.14},"parent":"Body","name":"Fin_X"},{"length":19,"transform":{"y":-31.44,"skX":-131.88,"skY":-131.88,"x":12.92},"parent":"Body","name":"5-1"},{"length":24,"transform":{"y":1.39,"skX":58.68,"skY":58.68,"x":21.93},"parent":"1-1","name":"1-2"},{"length":25,"transform":{"y":0.2,"skX":60.49,"skY":60.49,"x":21.24},"parent":"2-1","name":"2-2"},{"length":24,"transform":{"y":-34.59,"skX":-34.61,"skY":-34.61,"x":-9.22},"parent":"body2","name":"3-1"},{"length":20,"transform":{"y":-1.04,"skX":-118.56,"skY":-118.56,"x":19.44},"parent":"5-1","name":"5-2"},{"length":20,"transform":{"y":0.49,"skX":-119.24,"skY":-119.24,"x":18.85},"parent":"6-1","name":"6-2"},{"length":49,"transform":{"y":0.03,"skX":0.09,"skY":0.09,"x":63.63},"parent":"body2","name":"body3"},{"length":18,"transform":{"y":-30.42,"skX":-85.45,"skY":-85.45,"x":14.1},"parent":"body2","name":"7-1"},{"length":38,"transform":{"y":30.84,"skX":25.81,"skY":25.81,"x":34.59},"parent":"body2","name":"Fin_B3"},{"length":21,"transform":{"y":-0.5,"skX":-103.91,"skY":-103.91,"x":25.39},"parent":"2-2","name":"2-3"},{"length":37,"transform":{"y":17.87,"skX":19.19,"skY":19.19,"x":3.91},"parent":"body3","name":"Fin_B4"},{"length":19,"transform":{"y":-0.48,"skX":-164.97,"skY":-164.97,"x":19.19},"parent":"7-1","name":"7-2"},{"length":23,"transform":{"y":0.02,"skX":54.61,"skY":54.61,"x":23.84},"parent":"3-1","name":"3-2"},{"length":21,"transform":{"y":-1.2,"skX":-105.07,"skY":-105.07,"x":24.73},"parent":"1-2","name":"1-3"},{"length":23,"transform":{"y":-1.1,"skX":131.65,"skY":131.65,"x":20.34},"parent":"6-2","name":"6-3"},{"length":21,"transform":{"y":0.06,"skX":136.98,"skY":136.98,"x":19.65},"parent":"5-2","name":"5-3"},{"length":25,"transform":{"y":0.73,"skX":-7.96,"skY":-7.96,"x":49.67},"parent":"body3","name":"Tail"},{"length":27,"transform":{"y":0.13,"skX":32.61,"skY":32.61,"x":22.28},"parent":"5-3","name":"5-4"},{"length":21,"transform":{"y":0.59,"skX":-101.82,"skY":-101.82,"x":24.2},"parent":"3-2","name":"3-3"},{"length":27,"transform":{"y":-0.22,"skX":38.23,"skY":38.23,"x":23.19},"parent":"6-3","name":"6-4"},{"length":22,"transform":{"y":-0.68,"skX":130.86,"skY":130.86,"x":19.03},"parent":"7-2","name":"7-3"},{"length":26,"transform":{"y":0.72,"skX":-32.49,"skY":-32.49,"x":21.78},"parent":"2-3","name":"2-4"},{"length":37,"transform":{"skX":38.25,"skY":38.25,"x":25.42},"parent":"Tail","name":"Tail2"},{"length":25,"transform":{"y":-0.12,"skX":-31.08,"skY":-31.08,"x":22.07},"parent":"1-3","name":"1-4"},{"length":34,"transform":{"y":0.79,"skX":-51.74,"skY":-51.74,"x":25.44},"parent":"Tail","name":"Tail4"},{"length":25,"transform":{"y":0.42,"skX":-34,"skY":-34,"x":21.22},"parent":"3-3","name":"3-4"},{"length":39,"transform":{"y":-0.14,"skX":7.42,"skY":7.42,"x":37.21},"parent":"Tail2","name":"Tail3"},{"length":46,"transform":{"y":-0.14,"skX":-32.05,"skY":-32.05,"x":34.1},"parent":"Tail4","name":"Tail5"},{"length":28,"transform":{"y":-0.47,"skX":30.46,"skY":30.46,"x":22.23},"parent":"7-3","name":"7-4"}],"type":"Armature","frameRate":30,"animation":[{"bone":[{"frame":[{"curve":[0.25,0,0.75,1],"transform":{},"duration":20},{"curve":[0.25,0,0.75,1],"transform":{"y":-17.16,"skX":-3.74,"skY":-3.74},"duration":20},{"curve":[0.25,0,0.75,1],"transform":{},"duration":20},{"curve":[0.25,0,0.75,1],"transform":{"y":-17.16,"skX":-3.74,"skY":-3.74},"duration":20},{"transform":{},"duration":0}],"name":"bip"},{"frame":[{"curve":[0.359,0.64,0.695,1],"transform":{"skX":-1.09,"skY":-1.09,"scX":0.999},"duration":2},{"curve":[0.25,0,0.75,1],"transform":{"skX":358.82,"skY":358.82},"duration":20},{"curve":[0.245,0,0.71,0.83],"transform":{"scY":1.021,"skX":0.5,"skY":0.5,"scX":0.989},"duration":18},{"curve":[0.359,0.64,0.695,1],"transform":{"skX":-1.09,"skY":-1.09,"scX":0.999},"duration":2},{"curve":[0.25,0,0.75,1],"transform":{"skX":358.82,"skY":358.82},"duration":20},{"curve":[0.245,0,0.71,0.83],"transform":{"scY":1.021,"skX":0.5,"skY":0.5,"scX":0.989},"duration":18},{"transform":{"skX":-1.09,"skY":-1.09,"scX":0.999},"duration":0}],"name":"Body"},{"frame":[{"curve":[0.374,0.61,0.715,1],"transform":{"scY":1.004,"skX":-1.77,"skY":-1.77,"scX":0.998},"duration":4},{"curve":[0.25,0,0.75,1],"transform":{"skX":-2.24,"skY":-2.24},"duration":20},{"curve":[0.242,0,0.679,0.71],"transform":{"scY":1.033,"skX":1.38,"skY":1.38,"scX":0.989},"duration":16},{"curve":[0.374,0.61,0.715,1],"transform":{"scY":1.004,"skX":-1.77,"skY":-1.77,"scX":0.998},"duration":4},{"curve":[0.25,0,0.75,1],"transform":{"skX":-2.24,"skY":-2.24},"duration":20},{"curve":[0.242,0,0.679,0.71],"transform":{"scY":1.033,"skX":1.38,"skY":1.38,"scX":0.989},"duration":16},{"transform":{"scY":1.004,"skX":-1.77,"skY":-1.77,"scX":0.998},"duration":0}],"name":"body2"},{"frame":[{"curve":[0.381,0.58,0.731,1],"transform":{"scY":1.005,"skX":-2.03,"skY":-2.03,"scX":0.997},"duration":6},{"curve":[0.25,0,0.75,1],"transform":{"skX":-3.3,"skY":-3.3},"duration":20},{"curve":[0.242,0,0.655,0.62],"transform":{"scY":1.022,"skX":1.91,"skY":1.91,"scX":0.989},"duration":14},{"curve":[0.381,0.58,0.731,1],"transform":{"scY":1.005,"skX":-2.03,"skY":-2.03,"scX":0.997},"duration":6},{"curve":[0.25,0,0.75,1],"transform":{"skX":-3.3,"skY":-3.3},"duration":20},{"curve":[0.242,0,0.655,0.62],"transform":{"scY":1.022,"skX":1.91,"skY":1.91,"scX":0.989},"duration":14},{"transform":{"scY":1.005,"skX":-2.03,"skY":-2.03,"scX":0.997},"duration":0}],"name":"body3"},{"frame":[{"curve":[0.381,0.54,0.742,1],"transform":{"skX":0.57,"skY":0.57},"duration":8},{"curve":[0.25,0,0.75,1],"transform":{"skX":0.28,"skY":0.28},"duration":20},{"curve":[0.245,0,0.637,0.55],"transform":{"skX":1.07,"skY":1.07},"duration":12},{"curve":[0.381,0.54,0.742,1],"transform":{"skX":0.57,"skY":0.57},"duration":8},{"curve":[0.25,0,0.75,1],"transform":{"skX":0.28,"skY":0.28},"duration":20},{"curve":[0.245,0,0.637,0.55],"transform":{"skX":1.07,"skY":1.07},"duration":12},{"transform":{"skX":0.57,"skY":0.57},"duration":0}],"name":"Tail"},{"frame":[{"curve":[0.381,0.58,0.731,1],"transform":{"scY":0.976,"skX":3.99,"skY":3.99,"scX":1.022},"duration":6},{"curve":[0.25,0,0.75,1],"transform":{},"duration":20},{"curve":[0.242,0,0.655,0.62],"transform":{"scY":0.901,"skX":16.48,"skY":16.48,"scX":1.094},"duration":14},{"curve":[0.381,0.58,0.731,1],"transform":{"scY":0.976,"skX":3.99,"skY":3.99,"scX":1.022},"duration":6},{"curve":[0.25,0,0.75,1],"transform":{},"duration":20},{"curve":[0.242,0,0.655,0.62],"transform":{"scY":0.901,"skX":16.48,"skY":16.48,"scX":1.094},"duration":14},{"transform":{"scY":0.976,"skX":3.99,"skY":3.99,"scX":1.022},"duration":0}],"name":"Fin_B3"},{"frame":[{"curve":[0.374,0.61,0.715,1],"transform":{"scY":0.986,"skX":2.25,"skY":2.25,"scX":1.008},"duration":4},{"curve":[0.25,0,0.75,1],"transform":{},"duration":20},{"curve":[0.242,0,0.679,0.71],"transform":{"scY":0.894,"skX":17.29,"skY":17.29,"scX":1.063},"duration":16},{"curve":[0.374,0.61,0.715,1],"transform":{"scY":0.986,"skX":2.25,"skY":2.25,"scX":1.008},"duration":4},{"curve":[0.25,0,0.75,1],"transform":{},"duration":20},{"curve":[0.242,0,0.679,0.71],"transform":{"scY":0.894,"skX":17.29,"skY":17.29,"scX":1.063},"duration":16},{"transform":{"scY":0.986,"skX":2.25,"skY":2.25,"scX":1.008},"duration":0}],"name":"Fin_B2"},{"frame":[{"curve":[0.359,0.64,0.695,1],"transform":{"scY":0.992,"skX":-4.89,"skY":-4.89,"scX":1.003},"duration":2},{"curve":[0.25,0,0.75,1],"transform":{"skX":-5.48,"skY":-5.48},"duration":20},{"curve":[0.245,0,0.71,0.83],"transform":{"scY":0.962,"skX":6.39,"skY":6.39,"scX":1.054},"duration":18},{"curve":[0.359,0.64,0.695,1],"transform":{"scY":0.992,"skX":-4.89,"skY":-4.89,"scX":1.003},"duration":2},{"curve":[0.25,0,0.75,1],"transform":{"skX":-5.48,"skY":-5.48},"duration":20},{"curve":[0.245,0,0.71,0.83],"transform":{"scY":0.962,"skX":6.39,"skY":6.39,"scX":1.054},"duration":18},{"transform":{"scY":0.992,"skX":-4.89,"skY":-4.89,"scX":1.003},"duration":0}],"name":"Fin_B1"},{"frame":[{"curve":[0.359,0.64,0.695,1],"transform":{"scY":1.001,"skX":-0.03,"skY":-0.03,"scX":0.998},"duration":2},{"curve":[0.25,0,0.75,1],"transform":{},"duration":20},{"curve":[0.245,0,0.71,0.83],"transform":{"scY":1.03,"skX":-0.79,"skY":-0.79,"scX":0.976},"duration":18},{"curve":[0.359,0.64,0.695,1],"transform":{"scY":1.001,"skX":-0.03,"skY":-0.03,"scX":0.998},"duration":2},{"curve":[0.25,0,0.75,1],"transform":{},"duration":20},{"curve":[0.245,0,0.71,0.83],"transform":{"scY":1.03,"skX":-0.79,"skY":-0.79,"scX":0.976},"duration":18},{"transform":{"scY":1.001,"skX":-0.03,"skY":-0.03,"scX":0.998},"duration":0}],"name":"Head"},{"frame":[{"curve":[0.359,0.64,0.695,1],"transform":{"skX":7.4,"skY":7.4},"duration":2},{"curve":[0.25,0,0.75,1],"transform":{"skX":7.3,"skY":7.3},"duration":20},{"curve":[0.245,0,0.71,0.83],"transform":{"skX":9.53,"skY":9.53},"duration":18},{"curve":[0.359,0.64,0.695,1],"transform":{"skX":7.4,"skY":7.4},"duration":2},{"curve":[0.25,0,0.75,1],"transform":{"skX":7.3,"skY":7.3},"duration":20},{"curve":[0.245,0,0.71,0.83],"transform":{"skX":9.53,"skY":9.53},"duration":18},{"transform":{"skX":7.4,"skY":7.4},"duration":0}],"name":"1-1"},{"frame":[{"curve":[0.374,0.61,0.715,1],"transform":{"skX":2.17,"skY":2.17},"duration":4},{"curve":[0.25,0,0.75,1],"transform":{},"duration":20},{"curve":[0.242,0,0.679,0.71],"transform":{"skX":16.7,"skY":16.7},"duration":16},{"curve":[0.374,0.61,0.715,1],"transform":{"skX":2.17,"skY":2.17},"duration":4},{"curve":[0.25,0,0.75,1],"transform":{},"duration":20},{"curve":[0.242,0,0.679,0.71],"transform":{"skX":16.7,"skY":16.7},"duration":16},{"transform":{"skX":2.17,"skY":2.17},"duration":0}],"name":"1-2"},{"frame":[{"curve":[0.381,0.58,0.731,1],"transform":{"skX":-0.92,"skY":-0.92},"duration":6},{"curve":[0.25,0,0.75,1],"transform":{},"duration":20},{"curve":[0.242,0,0.655,0.62],"transform":{"skX":-3.8,"skY":-3.8},"duration":14},{"curve":[0.381,0.58,0.731,1],"transform":{"skX":-0.92,"skY":-0.92},"duration":6},{"curve":[0.25,0,0.75,1],"transform":{},"duration":20},{"curve":[0.242,0,0.655,0.62],"transform":{"skX":-3.8,"skY":-3.8},"duration":14},{"transform":{"skX":-0.92,"skY":-0.92},"duration":0}],"name":"1-3"},{"frame":[{"curve":[0.381,0.54,0.742,1],"transform":{"skX":-5.55,"skY":-5.55},"duration":8},{"curve":[0.25,0,0.75,1],"transform":{},"duration":20},{"curve":[0.245,0,0.637,0.55],"transform":{"skX":-15.1,"skY":-15.1},"duration":12},{"curve":[0.381,0.54,0.742,1],"transform":{"skX":-5.55,"skY":-5.55},"duration":8},{"curve":[0.25,0,0.75,1],"transform":{},"duration":20},{"curve":[0.245,0,0.637,0.55],"transform":{"skX":-15.1,"skY":-15.1},"duration":12},{"transform":{"skX":-5.55,"skY":-5.55},"duration":0}],"name":"1-4"},{"frame":[{"curve":[0.374,0.61,0.715,1],"transform":{"skX":9.46,"skY":9.46},"duration":4},{"curve":[0.25,0,0.75,1],"transform":{"skX":8.75,"skY":8.75},"duration":20},{"curve":[0.242,0,0.679,0.71],"transform":{"skX":14.2,"skY":14.2},"duration":16},{"curve":[0.374,0.61,0.715,1],"transform":{"skX":9.46,"skY":9.46},"duration":4},{"curve":[0.25,0,0.75,1],"transform":{"skX":8.75,"skY":8.75},"duration":20},{"curve":[0.242,0,0.679,0.71],"transform":{"skX":14.2,"skY":14.2},"duration":16},{"transform":{"skX":9.46,"skY":9.46},"duration":0}],"name":"2-1"},{"frame":[{"curve":[0.381,0.58,0.731,1],"transform":{"skX":3.67,"skY":3.67},"duration":6},{"curve":[0.25,0,0.75,1],"transform":{},"duration":20},{"curve":[0.242,0,0.655,0.62],"transform":{"skX":15.17,"skY":15.17},"duration":14},{"curve":[0.381,0.58,0.731,1],"transform":{"skX":3.67,"skY":3.67},"duration":6},{"curve":[0.25,0,0.75,1],"transform":{},"duration":20},{"curve":[0.242,0,0.655,0.62],"transform":{"skX":15.17,"skY":15.17},"duration":14},{"transform":{"skX":3.67,"skY":3.67},"duration":0}],"name":"2-2"},{"frame":[{"curve":[0.381,0.54,0.742,1],"transform":{"skX":-3.34,"skY":-3.34},"duration":8},{"curve":[0.25,0,0.75,1],"transform":{},"duration":20},{"curve":[0.245,0,0.637,0.55],"transform":{"skX":-9.09,"skY":-9.09},"duration":12},{"curve":[0.381,0.54,0.742,1],"transform":{"skX":-3.34,"skY":-3.34},"duration":8},{"curve":[0.25,0,0.75,1],"transform":{},"duration":20},{"curve":[0.245,0,0.637,0.55],"transform":{"skX":-9.09,"skY":-9.09},"duration":12},{"transform":{"skX":-3.34,"skY":-3.34},"duration":0}],"name":"2-3"},{"frame":[{"curve":[0.375,0.5,0.75,1],"transform":{"skX":-8.62,"skY":-8.62},"duration":10},{"curve":[0.25,0,0.75,1],"transform":{},"duration":20},{"curve":[0.25,0,0.625,0.5],"transform":{"skX":-17.24,"skY":-17.24},"duration":10},{"curve":[0.375,0.5,0.75,1],"transform":{"skX":-8.62,"skY":-8.62},"duration":10},{"curve":[0.25,0,0.75,1],"transform":{},"duration":20},{"curve":[0.25,0,0.625,0.5],"transform":{"skX":-17.24,"skY":-17.24},"duration":10},{"transform":{"skX":-8.62,"skY":-8.62},"duration":0}],"name":"2-4"},{"frame":[{"curve":[0.348,0.65,0.682,1],"transform":{"skX":-3.61,"skY":-3.61},"duration":1},{"curve":[0.25,0,0.75,1],"transform":{"skX":-3.52,"skY":-3.52},"duration":20},{"curve":[0.247,0,0.729,0.9],"transform":{"skX":-8.78,"skY":-8.78},"duration":19},{"curve":[0.348,0.65,0.682,1],"transform":{"skX":-3.61,"skY":-3.61},"duration":1},{"curve":[0.25,0,0.75,1],"transform":{"skX":-3.52,"skY":-3.52},"duration":20},{"curve":[0.247,0,0.729,0.9],"transform":{"skX":-8.78,"skY":-8.78},"duration":19},{"transform":{"skX":-3.61,"skY":-3.61},"duration":0}],"name":"5-1"},{"frame":[{"curve":[0.368,0.62,0.706,1],"transform":{"skX":-0.87,"skY":-0.87},"duration":3},{"curve":[0.25,0,0.75,1],"transform":{},"duration":20},{"curve":[0.243,0,0.694,0.76],"transform":{"skX":-10.48,"skY":-10.48},"duration":17},{"curve":[0.368,0.62,0.706,1],"transform":{"skX":-0.87,"skY":-0.87},"duration":3},{"curve":[0.25,0,0.75,1],"transform":{},"duration":20},{"curve":[0.243,0,0.694,0.76],"transform":{"skX":-10.48,"skY":-10.48},"duration":17},{"transform":{"skX":-0.87,"skY":-0.87},"duration":0}],"name":"5-2"},{"frame":[{"curve":[0.379,0.6,0.724,1],"transform":{"skX":-0.3,"skY":-0.3},"duration":5},{"curve":[0.25,0,0.75,1],"transform":{},"duration":20},{"curve":[0.242,0,0.666,0.66],"transform":{"skX":-1.65,"skY":-1.65},"duration":15},{"curve":[0.379,0.6,0.724,1],"transform":{"skX":-0.3,"skY":-0.3},"duration":5},{"curve":[0.25,0,0.75,1],"transform":{},"duration":20},{"curve":[0.242,0,0.666,0.66],"transform":{"skX":-1.65,"skY":-1.65},"duration":15},{"transform":{"skX":-0.3,"skY":-0.3},"duration":0}],"name":"5-3"},{"frame":[{"curve":[0.382,0.56,0.737,1],"transform":{"skX":7.54,"skY":7.54},"duration":7},{"curve":[0.25,0,0.75,1],"transform":{},"duration":20},{"curve":[0.243,0,0.645,0.58],"transform":{"skX":24.75,"skY":24.75},"duration":13},{"curve":[0.382,0.56,0.737,1],"transform":{"skX":7.54,"skY":7.54},"duration":7},{"curve":[0.25,0,0.75,1],"transform":{},"duration":20},{"curve":[0.243,0,0.645,0.58],"transform":{"skX":24.75,"skY":24.75},"duration":13},{"transform":{"skX":7.54,"skY":7.54},"duration":0}],"name":"5-4"},{"frame":[{"curve":[0.381,0.58,0.731,1],"transform":{"skX":10.38,"skY":10.38},"duration":6},{"curve":[0.25,0,0.75,1],"transform":{"skX":8.75,"skY":8.75},"duration":20},{"curve":[0.242,0,0.655,0.62],"transform":{"skX":15.47,"skY":15.47},"duration":14},{"curve":[0.381,0.58,0.731,1],"transform":{"skX":10.38,"skY":10.38},"duration":6},{"curve":[0.25,0,0.75,1],"transform":{"skX":8.75,"skY":8.75},"duration":20},{"curve":[0.242,0,0.655,0.62],"transform":{"skX":15.47,"skY":15.47},"duration":14},{"transform":{"skX":10.38,"skY":10.38},"duration":0}],"name":"3-1"},{"frame":[{"curve":[0.381,0.54,0.742,1],"transform":{"skX":4.71,"skY":4.71},"duration":8},{"curve":[0.25,0,0.75,1],"transform":{},"duration":20},{"curve":[0.245,0,0.637,0.55],"transform":{"skX":12.81,"skY":12.81},"duration":12},{"curve":[0.381,0.54,0.742,1],"transform":{"skX":4.71,"skY":4.71},"duration":8},{"curve":[0.25,0,0.75,1],"transform":{},"duration":20},{"curve":[0.245,0,0.637,0.55],"transform":{"skX":12.81,"skY":12.81},"duration":12},{"transform":{"skX":4.71,"skY":4.71},"duration":0}],"name":"3-2"},{"frame":[{"curve":[0.375,0.5,0.75,1],"transform":{"skX":-2.98,"skY":-2.98},"duration":10},{"curve":[0.25,0,0.75,1],"transform":{},"duration":20},{"curve":[0.25,0,0.625,0.5],"transform":{"skX":-5.96,"skY":-5.96},"duration":10},{"curve":[0.375,0.5,0.75,1],"transform":{"skX":-2.98,"skY":-2.98},"duration":10},{"curve":[0.25,0,0.75,1],"transform":{},"duration":20},{"curve":[0.25,0,0.625,0.5],"transform":{"skX":-5.96,"skY":-5.96},"duration":10},{"transform":{"skX":-2.98,"skY":-2.98},"duration":0}],"name":"3-3"},{"frame":[{"curve":[0.362,0.44,0.754,1],"transform":{"skX":-10.48,"skY":-10.48},"duration":12},{"curve":[0.25,0,0.75,1],"transform":{},"duration":20},{"curve":[0.257,0,0.618,0.45],"transform":{"skX":-16.58,"skY":-16.58},"duration":8},{"curve":[0.362,0.44,0.754,1],"transform":{"skX":-10.48,"skY":-10.48},"duration":12},{"curve":[0.25,0,0.75,1],"transform":{},"duration":20},{"curve":[0.257,0,0.618,0.45],"transform":{"skX":-16.58,"skY":-16.58},"duration":8},{"transform":{"skX":-10.48,"skY":-10.48},"duration":0}],"name":"3-4"},{"frame":[{"curve":[0.379,0.6,0.724,1],"transform":{"skX":-5.17,"skY":-5.17},"duration":5},{"curve":[0.25,0,0.75,1],"transform":{"skX":-3.52,"skY":-3.52},"duration":20},{"curve":[0.242,0,0.666,0.66],"transform":{"skX":-12.48,"skY":-12.48},"duration":15},{"curve":[0.379,0.6,0.724,1],"transform":{"skX":-5.17,"skY":-5.17},"duration":5},{"curve":[0.25,0,0.75,1],"transform":{"skX":-3.52,"skY":-3.52},"duration":20},{"curve":[0.242,0,0.666,0.66],"transform":{"skX":-12.48,"skY":-12.48},"duration":15},{"transform":{"skX":-5.17,"skY":-5.17},"duration":0}],"name":"7-1"},{"frame":[{"curve":[0.382,0.56,0.737,1],"transform":{"skX":-2.94,"skY":-2.94},"duration":7},{"curve":[0.25,0,0.75,1],"transform":{},"duration":20},{"curve":[0.243,0,0.645,0.58],"transform":{"skX":-9.67,"skY":-9.67},"duration":13},{"curve":[0.382,0.56,0.737,1],"transform":{"skX":-2.94,"skY":-2.94},"duration":7},{"curve":[0.25,0,0.75,1],"transform":{},"duration":20},{"curve":[0.243,0,0.645,0.58],"transform":{"skX":-9.67,"skY":-9.67},"duration":13},{"transform":{"skX":-2.94,"skY":-2.94},"duration":0}],"name":"7-2"},{"frame":[{"curve":[0.378,0.52,0.746,1],"transform":{"skX":2.37,"skY":2.37},"duration":9},{"curve":[0.25,0,0.75,1],"transform":{},"duration":20},{"curve":[0.247,0,0.63,0.52],"transform":{"skX":5.47,"skY":5.47},"duration":11},{"curve":[0.378,0.52,0.746,1],"transform":{"skX":2.37,"skY":2.37},"duration":9},{"curve":[0.25,0,0.75,1],"transform":{},"duration":20},{"curve":[0.247,0,0.63,0.52],"transform":{"skX":5.47,"skY":5.47},"duration":11},{"transform":{"skX":2.37,"skY":2.37},"duration":0}],"name":"7-3"},{"frame":[{"curve":[0.369,0.47,0.752,1],"transform":{"skX":8.02,"skY":8.02},"duration":11},{"curve":[0.25,0,0.75,1],"transform":{},"duration":20},{"curve":[0.253,0,0.621,0.47],"transform":{"skX":14.17,"skY":14.17},"duration":9},{"curve":[0.369,0.47,0.752,1],"transform":{"skX":8.02,"skY":8.02},"duration":11},{"curve":[0.25,0,0.75,1],"transform":{},"duration":20},{"curve":[0.253,0,0.621,0.47],"transform":{"skX":14.17,"skY":14.17},"duration":9},{"transform":{"skX":8.02,"skY":8.02},"duration":0}],"name":"7-4"},{"frame":[{"curve":[0.368,0.62,0.706,1],"transform":{"skX":-3.91,"skY":-3.91},"duration":3},{"curve":[0.25,0,0.75,1],"transform":{"skX":-3.52,"skY":-3.52},"duration":20},{"curve":[0.243,0,0.694,0.76],"transform":{"skX":-8.17,"skY":-8.17},"duration":17},{"curve":[0.368,0.62,0.706,1],"transform":{"skX":-3.91,"skY":-3.91},"duration":3},{"curve":[0.25,0,0.75,1],"transform":{"skX":-3.52,"skY":-3.52},"duration":20},{"curve":[0.243,0,0.694,0.76],"transform":{"skX":-8.17,"skY":-8.17},"duration":17},{"transform":{"skX":-3.91,"skY":-3.91},"duration":0}],"name":"6-1"},{"frame":[{"curve":[0.379,0.6,0.724,1],"transform":{"skX":-1.68,"skY":-1.68},"duration":5},{"curve":[0.25,0,0.75,1],"transform":{},"duration":20},{"curve":[0.242,0,0.666,0.66],"transform":{"skX":-9.13,"skY":-9.13},"duration":15},{"curve":[0.379,0.6,0.724,1],"transform":{"skX":-1.68,"skY":-1.68},"duration":5},{"curve":[0.25,0,0.75,1],"transform":{},"duration":20},{"curve":[0.242,0,0.666,0.66],"transform":{"skX":-9.13,"skY":-9.13},"duration":15},{"transform":{"skX":-1.68,"skY":-1.68},"duration":0}],"name":"6-2"},{"frame":[{"curve":[0.382,0.56,0.737,1],"transform":{"skX":1.64,"skY":1.64},"duration":7},{"curve":[0.25,0,0.75,1],"transform":{},"duration":20},{"curve":[0.243,0,0.645,0.58],"transform":{"skX":5.39,"skY":5.39},"duration":13},{"curve":[0.382,0.56,0.737,1],"transform":{"skX":1.64,"skY":1.64},"duration":7},{"curve":[0.25,0,0.75,1],"transform":{},"duration":20},{"curve":[0.243,0,0.645,0.58],"transform":{"skX":5.39,"skY":5.39},"duration":13},{"transform":{"skX":1.64,"skY":1.64},"duration":0}],"name":"6-3"},{"frame":[{"curve":[0.378,0.52,0.746,1],"transform":{"skX":8.7,"skY":8.7},"duration":9},{"curve":[0.25,0,0.75,1],"transform":{},"duration":20},{"curve":[0.247,0,0.63,0.52],"transform":{"skX":20.06,"skY":20.06},"duration":11},{"curve":[0.378,0.52,0.746,1],"transform":{"skX":8.7,"skY":8.7},"duration":9},{"curve":[0.25,0,0.75,1],"transform":{},"duration":20},{"curve":[0.247,0,0.63,0.52],"transform":{"skX":20.06,"skY":20.06},"duration":11},{"transform":{"skX":8.7,"skY":8.7},"duration":0}],"name":"6-4"},{"frame":[{"curve":[0.25,0,0.75,1],"transform":{},"duration":10},{"curve":[0.25,0,0.75,1],"transform":{"scY":0.955,"skX":13.9,"skY":13.9,"scX":1.055},"duration":10},{"curve":[0.25,0,0.75,1],"transform":{},"duration":10},{"curve":[0.25,0,0.75,1],"transform":{"scY":0.955,"skX":13.9,"skY":13.9,"scX":1.055},"duration":10},{"curve":[0.25,0,0.75,1],"transform":{},"duration":10},{"curve":[0.25,0,0.75,1],"transform":{"scY":0.955,"skX":13.9,"skY":13.9,"scX":1.055},"duration":10},{"curve":[0.25,0,0.75,1],"transform":{},"duration":10},{"curve":[0.25,0,0.75,1],"transform":{"scY":0.955,"skX":13.9,"skY":13.9,"scX":1.055},"duration":10},{"transform":{},"duration":0}],"name":"Fin_X"},{"frame":[{"curve":[0.381,0.54,0.742,1],"transform":{"scY":0.966,"skX":3.2,"skY":3.2,"scX":1.067},"duration":8},{"curve":[0.25,0,0.75,1],"transform":{},"duration":20},{"curve":[0.245,0,0.637,0.55],"transform":{"scY":0.907,"skX":8.71,"skY":8.71,"scX":1.132},"duration":12},{"curve":[0.381,0.54,0.742,1],"transform":{"scY":0.966,"skX":3.2,"skY":3.2,"scX":1.067},"duration":8},{"curve":[0.25,0,0.75,1],"transform":{},"duration":20},{"curve":[0.245,0,0.637,0.55],"transform":{"scY":0.907,"skX":8.71,"skY":8.71,"scX":1.132},"duration":12},{"transform":{"scY":0.966,"skX":3.2,"skY":3.2,"scX":1.067},"duration":0}],"name":"Fin_B4"},{"frame":[{"curve":[0.375,0.5,0.75,1],"transform":{"skX":1.91,"skY":1.91},"duration":10},{"curve":[0.25,0,0.75,1],"transform":{},"duration":20},{"curve":[0.25,0,0.625,0.5],"transform":{"skX":3.82,"skY":3.82},"duration":10},{"curve":[0.375,0.5,0.75,1],"transform":{"skX":1.91,"skY":1.91},"duration":10},{"curve":[0.25,0,0.75,1],"transform":{},"duration":20},{"curve":[0.25,0,0.625,0.5],"transform":{"skX":3.82,"skY":3.82},"duration":10},{"transform":{"skX":1.91,"skY":1.91},"duration":0}],"name":"Tail2"},{"frame":[{"curve":[0.362,0.44,0.754,1],"transform":{"skX":3.67,"skY":3.67},"duration":12},{"curve":[0.25,0,0.75,1],"transform":{},"duration":20},{"curve":[0.257,0,0.618,0.45],"transform":{"skX":5.81,"skY":5.81},"duration":8},{"curve":[0.362,0.44,0.754,1],"transform":{"skX":3.67,"skY":3.67},"duration":12},{"curve":[0.25,0,0.75,1],"transform":{},"duration":20},{"curve":[0.257,0,0.618,0.45],"transform":{"skX":5.81,"skY":5.81},"duration":8},{"transform":{"skX":3.67,"skY":3.67},"duration":0}],"name":"Tail3"},{"frame":[{"curve":[0.362,0.44,0.754,1],"transform":{"skX":4.72,"skY":4.72},"duration":12},{"curve":[0.25,0,0.75,1],"transform":{},"duration":20},{"curve":[0.257,0,0.618,0.45],"transform":{"skX":7.46,"skY":7.46},"duration":8},{"curve":[0.362,0.44,0.754,1],"transform":{"skX":4.72,"skY":4.72},"duration":12},{"curve":[0.25,0,0.75,1],"transform":{},"duration":20},{"curve":[0.257,0,0.618,0.45],"transform":{"skX":7.46,"skY":7.46},"duration":8},{"transform":{"skX":4.72,"skY":4.72},"duration":0}],"name":"Tail4"},{"frame":[{"curve":[0.344,0.37,0.757,1],"transform":{"skX":4.85,"skY":4.85},"duration":14},{"curve":[0.25,0,0.75,1],"transform":{},"duration":20},{"curve":[0.268,0,0.618,0.41],"transform":{"skX":6.4,"skY":6.4},"duration":6},{"curve":[0.344,0.37,0.757,1],"transform":{"skX":4.85,"skY":4.85},"duration":14},{"curve":[0.25,0,0.75,1],"transform":{},"duration":20},{"curve":[0.268,0,0.618,0.41],"transform":{"skX":6.4,"skY":6.4},"duration":6},{"transform":{"skX":4.85,"skY":4.85},"duration":0}],"name":"Tail5"},{"frame":[{"transform":{},"duration":80}],"name":"root"},{"frame":[{"transform":{},"duration":80}],"name":"Fuji"},{"frame":[{"transform":{},"duration":80}],"name":"buff_flo"},{"frame":[{"transform":{},"duration":80}],"name":"buff_up"},{"frame":[{"transform":{},"duration":80}],"name":"buff_mid"}],"slot":[],"ffd":[],"frame":[],"name":"0000_daiji","duration":80,"ik":[]},{"bone":[{"frame":[{"curve":[0.25,0,0.75,1],"transform":{"skX":-10.02,"skY":-10.02},"duration":15},{"curve":[0.25,0,0.75,1],"transform":{"skX":9.68,"skY":9.68},"duration":15},{"transform":{"skX":-10.02,"skY":-10.02},"duration":0}],"name":"Tail2"},{"frame":[{"curve":[0.367,0.63,0.704,1],"transform":{"skX":11.01,"skY":11.01},"duration":1},{"curve":[0.25,0,0.75,1],"transform":{"skX":10.54,"skY":10.54},"duration":8},{"curve":[0.25,0,0.75,1],"transform":{"skX":8.39,"skY":8.39},"duration":7},{"curve":[0.25,0,0.75,1],"transform":{"skX":10.54,"skY":10.54},"duration":8},{"curve":[0.243,0,0.696,0.77],"transform":{"skX":16.6,"skY":16.6},"duration":6},{"transform":{"skX":11.01,"skY":11.01},"duration":0}],"name":"6-4"},{"frame":[{"curve":[0.297,0.2,0.755,1],"transform":{"skX":3.85,"skY":3.85},"duration":7},{"curve":[0.25,0,0.75,1],"transform":{"skX":11.19,"skY":11.19},"duration":7},{"curve":[0.25,0,0.75,1],"transform":{"skX":3.36,"skY":3.36},"duration":8},{"curve":[0.25,0,0.75,1],"transform":{"skX":12.31,"skY":12.31},"duration":7},{"curve":[0.299,0,0.635,0.36],"transform":{"skX":3.36,"skY":3.36},"duration":1},{"transform":{"skX":3.85,"skY":3.85},"duration":0}],"name":"5-4"},{"frame":[{"curve":[0.381,0.54,0.742,1],"transform":{"scY":1.057,"skX":0.65,"skY":0.65,"scX":0.988},"duration":6},{"curve":[0.25,0,0.75,1],"transform":{"skX":-7.8,"skY":-7.8},"duration":15},{"curve":[0.245,0,0.637,0.55],"transform":{"scY":1.156,"skX":15.19,"skY":15.19,"scX":0.967},"duration":9},{"transform":{"scY":1.057,"skX":0.65,"skY":0.65,"scX":0.988},"duration":0}],"name":"Fin_B3"},{"frame":[{"curve":[0.25,0,0.75,1],"transform":{"skX":7.25,"skY":7.25},"duration":8},{"curve":[0.25,0,0.75,1],"transform":{"skX":6.37,"skY":6.37},"duration":7},{"curve":[0.25,0,0.75,1],"transform":{"skX":7.25,"skY":7.25},"duration":8},{"curve":[0.25,0,0.75,1],"transform":{"skX":12.48,"skY":12.48},"duration":7},{"transform":{"skX":7.25,"skY":7.25},"duration":0}],"name":"7-4"},{"frame":[{"curve":[0.358,0.42,0.755,1],"transform":{"scY":1.105,"skX":8.35,"skY":8.35,"scX":0.962},"duration":5},{"curve":[0.25,0,0.75,1],"transform":{"skX":-12.34,"skY":-12.34},"duration":7},{"curve":[0.25,0,0.75,1],"transform":{"scY":1.158,"skX":18.82,"skY":18.82,"scX":0.943},"duration":8},{"curve":[0.25,0,0.75,1],"transform":{"skX":-12.34,"skY":-12.34},"duration":7},{"curve":[0.26,0,0.617,0.44],"transform":{"scY":1.158,"skX":18.82,"skY":18.82,"scX":0.943},"duration":3},{"transform":{"scY":1.105,"skX":8.35,"skY":8.35,"scX":0.962},"duration":0}],"name":"Fin_X"},{"frame":[{"curve":[0.25,0,0.75,1],"transform":{"skX":-13.13,"skY":-13.13},"duration":7},{"curve":[0.25,0,0.75,1],"transform":{"skX":8.14,"skY":8.14},"duration":8},{"curve":[0.25,0,0.75,1],"transform":{"skX":-13.13,"skY":-13.13},"duration":7},{"curve":[0.25,0,0.75,1],"transform":{"skX":8.14,"skY":8.14},"duration":8},{"transform":{"skX":-13.13,"skY":-13.13},"duration":0}],"name":"1-1"},{"frame":[{"curve":[0.379,0.6,0.724,1],"transform":{"skX":-3.8,"skY":-3.8},"duration":2},{"curve":[0.25,0,0.75,1],"transform":{"skX":-7.41,"skY":-7.41},"duration":7},{"curve":[0.25,0,0.75,1],"transform":{"skX":12.12,"skY":12.12},"duration":8},{"curve":[0.25,0,0.75,1],"transform":{"skX":-7.41,"skY":-7.41},"duration":7},{"curve":[0.242,0,0.666,0.66],"transform":{"skX":12.12,"skY":12.12},"duration":6},{"transform":{"skX":-3.8,"skY":-3.8},"duration":0}],"name":"2-1"},{"frame":[{"curve":[0.25,0,0.75,1],"transform":{},"duration":15},{"curve":[0.25,0,0.75,1],"transform":{"y":-26.03,"x":4.81},"duration":15},{"transform":{},"duration":0}],"name":"bip"},{"frame":[{"curve":[0.374,0.61,0.715,1],"transform":{"skX":-5.09,"skY":-5.09},"duration":3},{"curve":[0.25,0,0.75,1],"transform":{"skX":-8.74,"skY":-8.74},"duration":15},{"curve":[0.25,0,0.75,1],"transform":{"skX":19.29,"skY":19.29},"duration":12},{"transform":{"skX":-5.09,"skY":-5.09},"duration":0}],"name":"Tail4"},{"frame":[{"curve":[0.374,0.61,0.715,1],"transform":{"skX":-16.28,"skY":-16.28},"duration":3},{"curve":[0.25,0,0.75,1],"transform":{"skX":-22.35,"skY":-22.35},"duration":15},{"curve":[0.25,0,0.75,1],"transform":{"skX":24.29,"skY":24.29},"duration":12},{"transform":{"skX":-16.28,"skY":-16.28},"duration":0}],"name":"Tail3"},{"frame":[{"curve":[0.371,0.48,0.751,1],"transform":{"scY":1.068,"skX":-4.02,"skY":-4.02,"scX":0.975},"duration":8},{"curve":[0.25,0,0.75,1],"transform":{"skX":-18.62,"skY":-18.62},"duration":15},{"curve":[0.252,0,0.622,0.48],"transform":{"scY":1.126,"skX":8.2,"skY":8.2,"scX":0.954},"duration":7},{"transform":{"scY":1.068,"skX":-4.02,"skY":-4.02,"scX":0.975},"duration":0}],"name":"Fin_B4"},{"frame":[{"curve":[0.379,0.6,0.724,1],"transform":{"skX":-7.72,"skY":-7.72},"duration":2},{"curve":[0.25,0,0.75,1],"transform":{"skX":-14.82,"skY":-14.82},"duration":7},{"curve":[0.25,0,0.75,1],"transform":{"skX":23.65,"skY":23.65},"duration":8},{"curve":[0.25,0,0.75,1],"transform":{"skX":-14.82,"skY":-14.82},"duration":7},{"curve":[0.242,0,0.666,0.66],"transform":{"skX":23.65,"skY":23.65},"duration":6},{"transform":{"skX":-7.72,"skY":-7.72},"duration":0}],"name":"1-2"},{"frame":[{"curve":[0.375,0.5,0.75,1],"transform":{"skX":16.23,"skY":16.23},"duration":4},{"curve":[0.25,0,0.75,1],"transform":{"skX":-10.59,"skY":-10.59},"duration":7},{"curve":[0.25,0,0.75,1],"transform":{"skX":43.05,"skY":43.05},"duration":8},{"curve":[0.25,0,0.75,1],"transform":{"skX":-10.59,"skY":-10.59},"duration":7},{"curve":[0.25,0,0.625,0.5],"transform":{"skX":43.05,"skY":43.05},"duration":4},{"transform":{"skX":16.23,"skY":16.23},"duration":0}],"name":"2-2"},{"frame":[{"curve":[0.297,0.2,0.755,1],"transform":{"skX":-14.12,"skY":-14.12},"duration":7},{"curve":[0.25,0,0.75,1],"transform":{"skX":8.56,"skY":8.56},"duration":7},{"curve":[0.25,0,0.75,1],"transform":{"skX":-15.64,"skY":-15.64},"duration":8},{"curve":[0.25,0,0.75,1],"transform":{"skX":8.56,"skY":8.56},"duration":7},{"curve":[0.299,0,0.635,0.36],"transform":{"skX":-15.64,"skY":-15.64},"duration":1},{"transform":{"skX":-14.12,"skY":-14.12},"duration":0}],"name":"6-3"},{"frame":[{"curve":[0.381,0.54,0.742,1],"transform":{"scY":1.001,"skX":0.58,"skY":0.58,"scX":0.993},"duration":6},{"curve":[0.25,0,0.75,1],"transform":{"skX":2.95,"skY":2.95},"duration":15},{"curve":[0.245,0,0.637,0.55],"transform":{"scY":1.004,"skX":-3.47,"skY":-3.47,"scX":0.983},"duration":9},{"transform":{"scY":1.001,"skX":0.58,"skY":0.58,"scX":0.993},"duration":0}],"name":"body2"},{"frame":[{"curve":[0.364,0.63,0.7,1],"transform":{"skX":7.74,"skY":7.74},"duration":1},{"curve":[0.25,0,0.75,1],"transform":{"skX":9.62,"skY":9.62},"duration":7},{"curve":[0.25,0,0.75,1],"transform":{"skX":-20.35,"skY":-20.35},"duration":8},{"curve":[0.25,0,0.75,1],"transform":{"skX":9.62,"skY":9.62},"duration":7},{"curve":[0.244,0,0.702,0.8],"transform":{"skX":-20.35,"skY":-20.35},"duration":7},{"transform":{"skX":7.74,"skY":7.74},"duration":0}],"name":"5-1"},{"frame":[{"curve":[0.379,0.6,0.724,1],"transform":{"skX":3.69,"skY":3.69},"duration":2},{"curve":[0.25,0,0.75,1],"transform":{"skX":9.33,"skY":9.33},"duration":7},{"curve":[0.25,0,0.75,1],"transform":{"skX":-21.26,"skY":-21.26},"duration":8},{"curve":[0.25,0,0.75,1],"transform":{"skX":9.33,"skY":9.33},"duration":7},{"curve":[0.242,0,0.666,0.66],"transform":{"skX":-21.26,"skY":-21.26},"duration":6},{"transform":{"skX":3.69,"skY":3.69},"duration":0}],"name":"7-1"},{"frame":[{"curve":[0.333,0.33,0.757,1],"transform":{"skX":-18.93,"skY":-18.93},"duration":6},{"curve":[0.25,0,0.75,1],"transform":{"skX":6.01,"skY":6.01},"duration":7},{"curve":[0.25,0,0.75,1],"transform":{"skX":-24.57,"skY":-24.57},"duration":8},{"curve":[0.25,0,0.75,1],"transform":{"skX":6.01,"skY":6.01},"duration":7},{"curve":[0.275,0,0.62,0.4],"transform":{"skX":-24.57,"skY":-24.57},"duration":2},{"transform":{"skX":-18.93,"skY":-18.93},"duration":0}],"name":"7-3"},{"frame":[{"curve":[0.382,0.55,0.739,1],"transform":{"skX":6.44,"skY":6.44},"duration":3},{"curve":[0.25,0,0.75,1],"transform":{"skX":-10.23,"skY":-10.23},"duration":7},{"curve":[0.25,0,0.75,1],"transform":{"skX":39.46,"skY":39.46},"duration":8},{"curve":[0.25,0,0.75,1],"transform":{"skX":-10.23,"skY":-10.23},"duration":7},{"curve":[0.244,0,0.641,0.57],"transform":{"skX":39.46,"skY":39.46},"duration":5},{"transform":{"skX":6.44,"skY":6.44},"duration":0}],"name":"3-2"},{"frame":[{"curve":[0.375,0.5,0.75,1],"transform":{"skX":0.1,"skY":0.1},"duration":4},{"curve":[0.25,0,0.75,1],"transform":{"skX":-10.98,"skY":-10.98},"duration":7},{"curve":[0.25,0,0.75,1],"transform":{"skX":11.2,"skY":11.2},"duration":8},{"curve":[0.25,0,0.75,1],"transform":{"skX":-10.98,"skY":-10.98},"duration":7},{"curve":[0.25,0,0.625,0.5],"transform":{"skX":11.2,"skY":11.2},"duration":4},{"transform":{"skX":0.1,"skY":0.1},"duration":0}],"name":"1-3"},{"frame":[{"curve":[0.333,0.33,0.757,1],"transform":{"skX":-10.22,"skY":-10.22},"duration":6},{"curve":[0.25,0,0.75,1],"transform":{"skX":8.33,"skY":8.33},"duration":7},{"curve":[0.25,0,0.75,1],"transform":{"skX":-14.42,"skY":-14.42},"duration":8},{"curve":[0.25,0,0.75,1],"transform":{"skX":8.33,"skY":8.33},"duration":7},{"curve":[0.275,0,0.62,0.4],"transform":{"skX":-14.42,"skY":-14.42},"duration":2},{"transform":{"skX":-10.22,"skY":-10.22},"duration":0}],"name":"5-3"},{"frame":[{"curve":[0.358,0.42,0.755,1],"transform":{"skX":1.42,"skY":1.42},"duration":5},{"curve":[0.25,0,0.75,1],"transform":{"skX":-10.65,"skY":-10.65},"duration":7},{"curve":[0.25,0,0.75,1],"transform":{"skX":14.78,"skY":14.78},"duration":8},{"curve":[0.25,0,0.75,1],"transform":{"skX":-10.65,"skY":-10.65},"duration":7},{"curve":[0.26,0,0.617,0.44],"transform":{"skX":18.26,"skY":18.26},"duration":3},{"transform":{"skX":1.42,"skY":1.42},"duration":0}],"name":"3-3"},{"frame":[{"curve":[0.38,0.59,0.726,1],"transform":{"scY":1.029,"skX":-4.56,"skY":-4.56,"scX":0.987},"duration":4},{"curve":[0.25,0,0.75,1],"transform":{"skX":-9.92,"skY":-9.92},"duration":15},{"curve":[0.242,0,0.662,0.65],"transform":{"scY":1.144,"skX":16.52,"skY":16.52,"scX":0.94},"duration":11},{"transform":{"scY":1.029,"skX":-4.56,"skY":-4.56,"scX":0.987},"duration":0}],"name":"Fin_B2"},{"frame":[{"curve":[0.364,0.63,0.7,1],"transform":{"skX":-6.16,"skY":-6.16},"duration":1},{"curve":[0.25,0,0.75,1],"transform":{"skX":-7.72,"skY":-7.72},"duration":7},{"curve":[0.25,0,0.75,1],"transform":{"skX":17.01,"skY":17.01},"duration":8},{"curve":[0.25,0,0.75,1],"transform":{"skX":-7.72,"skY":-7.72},"duration":7},{"curve":[0.244,0,0.702,0.8],"transform":{"skX":17.01,"skY":17.01},"duration":7},{"transform":{"skX":-6.16,"skY":-6.16},"duration":0}],"name":"3-1"},{"frame":[{"curve":[0.333,0.33,0.757,1],"transform":{"skX":-5.41,"skY":-5.41},"duration":6},{"curve":[0.25,0,0.75,1],"transform":{"skX":-13.9,"skY":-13.9},"duration":7},{"curve":[0.25,0,0.75,1],"transform":{"skX":-3.5,"skY":-3.5},"duration":8},{"curve":[0.25,0,0.75,1],"transform":{"skX":-26.79,"skY":-26.79},"duration":7},{"curve":[0.275,0,0.62,0.4],"transform":{"skX":-3.5,"skY":-3.5},"duration":2},{"transform":{"skX":-5.41,"skY":-5.41},"duration":0}],"name":"1-4"},{"frame":[{"curve":[0.25,0,0.75,1],"transform":{"skX":-8.96,"skY":-8.96},"duration":8},{"curve":[0.25,0,0.75,1],"transform":{"skX":-9.47,"skY":-9.47},"duration":7},{"curve":[0.25,0,0.75,1],"transform":{"skX":-8.96,"skY":-8.96},"duration":8},{"curve":[0.25,0,0.75,1],"transform":{"skX":-20.69,"skY":-20.69},"duration":7},{"transform":{"skX":-8.96,"skY":-8.96},"duration":0}],"name":"2-4"},{"frame":[{"curve":[0.374,0.61,0.715,1],"transform":{"skX":-5.05,"skY":-5.05},"duration":3},{"curve":[0.25,0,0.75,1],"transform":{"skX":-5.57,"skY":-5.57},"duration":15},{"curve":[0.242,0,0.679,0.71],"transform":{"skX":-1.59,"skY":-1.59},"duration":12},{"transform":{"skX":-5.05,"skY":-5.05},"duration":0}],"name":"Head"},{"frame":[{"curve":[0.382,0.55,0.739,1],"transform":{"skX":-1.38,"skY":-1.38},"duration":3},{"curve":[0.25,0,0.75,1],"transform":{"skX":11.39,"skY":11.39},"duration":7},{"curve":[0.25,0,0.75,1],"transform":{"skX":-26.65,"skY":-26.65},"duration":8},{"curve":[0.25,0,0.75,1],"transform":{"skX":11.39,"skY":11.39},"duration":7},{"curve":[0.244,0,0.641,0.57],"transform":{"skX":-26.65,"skY":-26.65},"duration":5},{"transform":{"skX":-1.38,"skY":-1.38},"duration":0}],"name":"5-2"},{"frame":[{"curve":[0.362,0.44,0.754,1],"transform":{"scY":1.003,"skX":-0.44,"skY":-0.44,"scX":0.993},"duration":9},{"curve":[0.25,0,0.75,1],"transform":{"skX":7.08,"skY":7.08},"duration":15},{"curve":[0.257,0,0.618,0.45],"transform":{"scY":1.005,"skX":-4.83,"skY":-4.83,"scX":0.99},"duration":6},{"transform":{"scY":1.003,"skX":-0.44,"skY":-0.44,"scX":0.993},"duration":0}],"name":"body3"},{"frame":[{"curve":[0.374,0.61,0.715,1],"transform":{"scY":1.002,"skX":-1.35,"skY":-1.35,"scX":0.999},"duration":3},{"curve":[0.25,0,0.75,1],"transform":{"skX":358.81,"skY":358.81},"duration":15},{"curve":[0.242,0,0.679,0.71],"transform":{"scY":1.016,"skX":-2.46,"skY":-2.46,"scX":0.993},"duration":12},{"transform":{"scY":1.002,"skX":-1.35,"skY":-1.35,"scX":0.999},"duration":0}],"name":"Body"},{"frame":[{"curve":[0.358,0.42,0.755,1],"transform":{"skX":-8.41,"skY":-8.41},"duration":5},{"curve":[0.25,0,0.75,1],"transform":{"skX":13.89,"skY":13.89},"duration":7},{"curve":[0.25,0,0.75,1],"transform":{"skX":-19.69,"skY":-19.69},"duration":8},{"curve":[0.25,0,0.75,1],"transform":{"skX":13.89,"skY":13.89},"duration":7},{"curve":[0.26,0,0.617,0.44],"transform":{"skX":-19.69,"skY":-19.69},"duration":3},{"transform":{"skX":-8.41,"skY":-8.41},"duration":0}],"name":"6-2"},{"frame":[{"curve":[0.375,0.5,0.75,1],"transform":{"skX":-12.39,"skY":-12.39},"duration":4},{"curve":[0.25,0,0.75,1],"transform":{"skX":10.3,"skY":10.3},"duration":7},{"curve":[0.25,0,0.75,1],"transform":{"skX":-35.08,"skY":-35.08},"duration":8},{"curve":[0.25,0,0.75,1],"transform":{"skX":10.3,"skY":10.3},"duration":7},{"curve":[0.25,0,0.625,0.5],"transform":{"skX":-35.08,"skY":-35.08},"duration":4},{"transform":{"skX":-12.39,"skY":-12.39},"duration":0}],"name":"7-2"},{"frame":[{"curve":[0.32,0.28,0.757,1],"transform":{"scY":1.024,"skX":-0.75,"skY":-0.75,"scX":0.926},"duration":12},{"curve":[0.25,0,0.75,1],"transform":{"skX":10.56,"skY":10.56},"duration":15},{"curve":[0.284,0,0.625,0.38],"transform":{"scY":1.027,"skX":-2.44,"skY":-2.44,"scX":0.915},"duration":3},{"transform":{"scY":1.024,"skX":-0.75,"skY":-0.75,"scX":0.926},"duration":0}],"name":"Tail"},{"frame":[{"curve":[0.333,0.33,0.757,1],"transform":{"skX":-7.37,"skY":-7.37},"duration":6},{"curve":[0.25,0,0.75,1],"transform":{"skX":-12.54,"skY":-12.54},"duration":7},{"curve":[0.25,0,0.75,1],"transform":{"skX":-6.2,"skY":-6.2},"duration":8},{"curve":[0.25,0,0.75,1],"transform":{"skX":-20.83,"skY":-20.83},"duration":7},{"curve":[0.275,0,0.62,0.4],"transform":{"skX":-6.2,"skY":-6.2},"duration":2},{"transform":{"skX":-7.37,"skY":-7.37},"duration":0}],"name":"3-4"},{"frame":[{"curve":[0.333,0.33,0.757,1],"transform":{"skX":-0.92,"skY":-0.92},"duration":6},{"curve":[0.25,0,0.75,1],"transform":{"skX":-11.31,"skY":-11.31},"duration":7},{"curve":[0.25,0,0.75,1],"transform":{"skX":1.43,"skY":1.43},"duration":8},{"curve":[0.25,0,0.75,1],"transform":{"skX":-11.31,"skY":-11.31},"duration":7},{"curve":[0.275,0,0.62,0.4],"transform":{"skX":1.43,"skY":1.43},"duration":2},{"transform":{"skX":-0.92,"skY":-0.92},"duration":0}],"name":"2-3"},{"frame":[{"curve":[0.365,0.63,0.702,1],"transform":{"scY":1.008,"skX":-10.11,"skY":-10.11,"scX":0.995},"duration":2},{"curve":[0.25,0,0.75,1],"transform":{"skX":-11.4,"skY":-11.4},"duration":15},{"curve":[0.244,0,0.699,0.78],"transform":{"scY":1.116,"skX":7.04,"skY":7.04,"scX":0.928},"duration":13},{"transform":{"scY":1.008,"skX":-10.11,"skY":-10.11,"scX":0.995},"duration":0}],"name":"Fin_B1"},{"frame":[{"curve":[0.382,0.55,0.739,1],"transform":{"skX":-1.6,"skY":-1.6},"duration":3},{"curve":[0.25,0,0.75,1],"transform":{"skX":5.16,"skY":5.16},"duration":7},{"curve":[0.25,0,0.75,1],"transform":{"skX":-14.99,"skY":-14.99},"duration":8},{"curve":[0.25,0,0.75,1],"transform":{"skX":5.16,"skY":5.16},"duration":7},{"curve":[0.244,0,0.641,0.57],"transform":{"skX":-14.99,"skY":-14.99},"duration":5},{"transform":{"skX":-1.6,"skY":-1.6},"duration":0}],"name":"6-1"},{"frame":[{"curve":[0.381,0.54,0.742,1],"transform":{"skX":-5.27,"skY":-5.27},"duration":6},{"curve":[0.25,0,0.75,1],"transform":{"skX":-17.58,"skY":-17.58},"duration":15},{"curve":[0.25,0,0.75,1],"transform":{"skX":15.87,"skY":15.87},"duration":9},{"transform":{"skX":-5.27,"skY":-5.27},"duration":0}],"name":"Tail5"},{"frame":[{"transform":{},"duration":30}],"name":"root"},{"frame":[{"transform":{},"duration":30}],"name":"Fuji"},{"frame":[{"transform":{},"duration":30}],"name":"buff_flo"},{"frame":[{"transform":{},"duration":30}],"name":"buff_up"},{"frame":[{"transform":{},"duration":30}],"name":"buff_mid"}],"slot":[],"ffd":[],"frame":[],"name":"0001_yidong","duration":30,"ik":[]},{"bone":[{"frame":[{"curve":[0.25,0,0.75,1],"transform":{"skX":1.91,"skY":1.91},"duration":5},{"curve":[0.25,0,0.75,1],"transform":{"scY":0.965,"skX":-18.48,"skY":-18.48,"scX":0.911},"duration":7},{"curve":[0.25,0,0.967,0.66],"transform":{"scY":0.966,"skX":-11.37,"skY":-11.37,"scX":0.968},"duration":3},{"curve":[0.25,0,0.75,1],"transform":{"scY":0.92,"skX":19.7,"skY":19.7,"scX":1.108},"duration":2},{"curve":[0.25,0,0.75,1],"transform":{"scY":0.978,"skX":9.53,"skY":9.53,"scX":1.038},"duration":13},{"transform":{"skX":1.91,"skY":1.91},"duration":0}],"name":"Tail2"},{"frame":[{"curve":[0.25,0,0.75,1],"transform":{"skX":8.7,"skY":8.7},"duration":5},{"transform":{"skX":24.45,"skY":24.45},"duration":4},{"transform":{"skX":24.45,"skY":24.45},"duration":3},{"curve":[0.25,0,0.967,0.66],"transform":{"skX":24.45,"skY":24.45},"duration":3},{"curve":[0.25,0,0.75,1],"transform":{"skX":2.36,"skY":2.36},"duration":15},{"transform":{"skX":8.7,"skY":8.7},"duration":0}],"name":"6-4"},{"frame":[{"curve":[0.25,0,0.75,1],"transform":{"skX":7.54,"skY":7.54},"duration":5},{"transform":{"skX":31.79,"skY":31.79},"duration":4},{"transform":{"skX":31.79,"skY":31.79},"duration":3},{"curve":[0.25,0,0.967,0.66],"transform":{"skX":31.79,"skY":31.79},"duration":3},{"curve":[0.25,0,0.75,1],"transform":{"skX":1.71,"skY":1.71},"duration":15},{"transform":{"skX":7.54,"skY":7.54},"duration":0}],"name":"5-4"},{"frame":[{"curve":[0.25,0,0.75,1],"transform":{"scY":0.976,"skX":3.99,"skY":3.99,"scX":1.022},"duration":5},{"curve":[0.25,0,0.75,1],"transform":{"scY":0.976,"skX":21.34,"skY":21.34,"scX":1.022},"duration":4},{"curve":[0.25,0,0.75,1],"transform":{"scY":0.976,"skX":18.05,"skY":18.05,"scX":1.022},"duration":3},{"curve":[0.25,0,0.967,0.66],"transform":{"scY":0.976,"skX":23.49,"skY":23.49,"scX":1.022},"duration":3},{"curve":[0.25,0,0.75,1],"transform":{"scY":0.976,"skX":-6.85,"skY":-6.85,"scX":1.022},"duration":15},{"transform":{"scY":0.976,"skX":3.99,"skY":3.99,"scX":1.022},"duration":0}],"name":"Fin_B3"},{"frame":[{"curve":[0.25,0,0.75,1],"transform":{"skX":8.02,"skY":8.02},"duration":5},{"transform":{"skX":27.45,"skY":27.45},"duration":4},{"transform":{"skX":27.45,"skY":27.45},"duration":3},{"curve":[0.25,0,0.967,0.66],"transform":{"skX":27.45,"skY":27.45},"duration":3},{"curve":[0.25,0,0.75,1],"transform":{"skX":-2.68,"skY":-2.68},"duration":15},{"transform":{"skX":8.02,"skY":8.02},"duration":0}],"name":"7-4"},{"frame":[{"curve":[0.25,0,0.75,1],"transform":{},"duration":5},{"curve":[0.25,0,0.75,1],"transform":{"skX":9.79,"skY":9.79},"duration":4},{"curve":[0.25,0,0.75,1],"transform":{"skX":-15.06,"skY":-15.06},"duration":3},{"curve":[0.25,0,0.967,0.66],"transform":{"skX":-15.19,"skY":-15.19},"duration":3},{"curve":[0.25,0,0.75,1],"transform":{"skX":34.17,"skY":34.17},"duration":15},{"transform":{},"duration":0}],"name":"Fin_X"},{"frame":[{"curve":[0.25,0,0.75,1],"transform":{"skX":7.4,"skY":7.4},"duration":5},{"transform":{"skX":-121.14,"skY":-121.14},"duration":4},{"transform":{"skX":-121.14,"skY":-121.14},"duration":3},{"curve":[0.25,0,0.967,0.66],"transform":{"skX":-121.14,"skY":-121.14},"duration":3},{"curve":[0.25,0,0.75,1],"transform":{"skX":-0.49,"skY":-0.49},"duration":15},{"transform":{"skX":7.4,"skY":7.4},"duration":0}],"name":"1-1"},{"frame":[{"curve":[0.25,0,0.75,1],"transform":{"skX":9.46,"skY":9.46},"duration":5},{"transform":{"skX":-101.1,"skY":-101.1},"duration":4},{"transform":{"skX":-101.1,"skY":-101.1},"duration":3},{"curve":[0.25,0,0.967,0.66],"transform":{"skX":-101.1,"skY":-101.1},"duration":3},{"curve":[0.25,0,0.75,1],"transform":{"skX":0.14,"skY":0.14},"duration":15},{"transform":{"skX":9.46,"skY":9.46},"duration":0}],"name":"2-1"},{"frame":[{"curve":[0.25,0,0.75,1],"transform":{},"duration":5},{"curve":[0.25,0,0.75,1],"transform":{"y":-25.63,"skX":0.93,"skY":0.93,"x":-43.96},"duration":4},{"curve":[0.25,0,0.75,1],"transform":{"y":-35.55,"skX":0.93,"skY":0.93,"x":-34.3},"duration":3},{"curve":[0.25,0,0.967,0.66],"transform":{"y":-42.32,"skX":0.59,"skY":0.59,"x":-53.04},"duration":3},{"curve":[0.25,0,0.75,1],"transform":{"y":1.17,"skX":5.89,"skY":5.89,"x":166.93},"duration":2},{"curve":[0.25,0,0.75,1],"transform":{"y":1.09,"skX":2.45,"skY":2.45,"x":99.81},"duration":13},{"transform":{},"duration":0}],"name":"bip"},{"frame":[{"curve":[0.25,0,0.75,1],"transform":{"skX":4.72,"skY":4.72},"duration":5},{"curve":[0.25,0,0.75,1],"transform":{"scY":1.067,"skX":0.59,"skY":0.59,"scX":0.738},"duration":7},{"curve":[0.25,0,0.967,0.66],"transform":{"scY":1.141,"skX":15.44,"skY":15.44,"scX":0.701},"duration":3},{"curve":[0.25,0,0.75,1],"transform":{"scY":0.924,"skX":25.83,"skY":25.83,"scX":1.017},"duration":2},{"curve":[0.25,0,0.75,1],"transform":{"scY":0.954,"skX":20.06,"skY":20.06,"scX":0.971},"duration":13},{"transform":{"skX":4.72,"skY":4.72},"duration":0}],"name":"Tail4"},{"frame":[{"curve":[0.25,0,0.75,1],"transform":{"skX":3.67,"skY":3.67},"duration":5},{"curve":[0.25,0,0.75,1],"transform":{"skX":-7.57,"skY":-7.57},"duration":7},{"curve":[0.25,0,0.967,0.66],"transform":{"skX":-3.17,"skY":-3.17},"duration":3},{"curve":[0.25,0,0.75,1],"transform":{"skX":23.25,"skY":23.25},"duration":2},{"curve":[0.25,0,0.75,1],"transform":{"skX":27.12,"skY":27.12},"duration":13},{"transform":{"skX":3.67,"skY":3.67},"duration":0}],"name":"Tail3"},{"frame":[{"curve":[0.25,0,0.75,1],"transform":{"scY":0.966,"skX":3.2,"skY":3.2,"scX":1.067},"duration":5},{"curve":[0.25,0,0.75,1],"transform":{"scY":0.966,"skX":10.49,"skY":10.49,"scX":1.067},"duration":4},{"curve":[0.25,0,0.75,1],"transform":{"scY":0.966,"skX":-5.06,"skY":-5.06,"scX":1.067},"duration":3},{"curve":[0.25,0,0.967,0.66],"transform":{"scY":0.966,"skX":3.25,"skY":3.25,"scX":1.067},"duration":3},{"curve":[0.25,0,0.75,1],"transform":{"scY":0.966,"skX":-20.6,"skY":-20.6,"scX":1.067},"duration":15},{"transform":{"scY":0.966,"skX":3.2,"skY":3.2,"scX":1.067},"duration":0}],"name":"Fin_B4"},{"frame":[{"curve":[0.25,0,0.75,1],"transform":{"skX":2.17,"skY":2.17},"duration":5},{"curve":[0.25,0,0.75,1],"transform":{"skX":69.74,"skY":69.74},"duration":4},{"curve":[0.25,0,0.75,1],"transform":{"skX":53.41,"skY":53.41},"duration":3},{"curve":[0.25,0,0.967,0.66],"transform":{"skX":69.74,"skY":69.74},"duration":3},{"curve":[0.25,0,0.75,1],"transform":{"skX":-37.72,"skY":-37.72},"duration":15},{"transform":{"skX":2.17,"skY":2.17},"duration":0}],"name":"1-2"},{"frame":[{"curve":[0.25,0,0.75,1],"transform":{"skX":3.67,"skY":3.67},"duration":5},{"curve":[0.25,0,0.75,1],"transform":{"skX":82.47,"skY":82.47},"duration":4},{"curve":[0.25,0,0.75,1],"transform":{"skX":54.27,"skY":54.27},"duration":3},{"curve":[0.25,0,0.967,0.66],"transform":{"skX":82.47,"skY":82.47},"duration":3},{"curve":[0.25,0,0.75,1],"transform":{"skX":-33.55,"skY":-33.55},"duration":15},{"transform":{"skX":3.67,"skY":3.67},"duration":0}],"name":"2-2"},{"frame":[{"curve":[0.25,0,0.75,1],"transform":{"skX":1.64,"skY":1.64},"duration":5},{"transform":{"skX":2.69,"skY":2.69},"duration":4},{"transform":{"skX":2.69,"skY":2.69},"duration":3},{"curve":[0.25,0,0.967,0.66],"transform":{"skX":2.69,"skY":2.69},"duration":3},{"curve":[0.25,0,0.75,1],"transform":{"skX":-77.81,"skY":-77.81},"duration":15},{"transform":{"skX":1.64,"skY":1.64},"duration":0}],"name":"6-3"},{"frame":[{"curve":[0.25,0,0.75,1],"transform":{"scY":1.004,"skX":-1.77,"skY":-1.77,"scX":0.998},"duration":5},{"curve":[0.25,0,0.75,1],"transform":{"scY":1.025,"skX":-11.9,"skY":-11.9,"scX":0.963},"duration":7},{"curve":[0.25,0,0.967,0.66],"transform":{"scY":1.022,"skX":-22.47,"skY":-22.47,"scX":0.906},"duration":3},{"curve":[0.25,0,0.75,1],"transform":{"scY":0.975,"skX":-0.59,"skY":-0.59,"scX":1.009},"duration":2},{"curve":[0.25,0,0.75,1],"transform":{"scY":0.985,"skX":-4.92,"skY":-4.92,"scX":0.99},"duration":13},{"transform":{"scY":1.004,"skX":-1.77,"skY":-1.77,"scX":0.998},"duration":0}],"name":"body2"},{"frame":[{"curve":[0.25,0,0.75,1],"transform":{"skX":-3.61,"skY":-3.61},"duration":5},{"transform":{"skX":-49,"skY":-49},"duration":4},{"transform":{"skX":-49,"skY":-49},"duration":3},{"curve":[0.25,0,0.967,0.66],"transform":{"skX":-49,"skY":-49},"duration":3},{"curve":[0.25,0,0.75,1],"transform":{"skX":135.94,"skY":135.94},"duration":15},{"transform":{"skX":-3.61,"skY":-3.61},"duration":0}],"name":"5-1"},{"frame":[{"curve":[0.25,0,0.75,1],"transform":{"skX":-5.17,"skY":-5.17},"duration":5},{"transform":{"skX":-44.09,"skY":-44.09},"duration":4},{"transform":{"skX":-44.09,"skY":-44.09},"duration":3},{"curve":[0.25,0,0.967,0.66],"transform":{"skX":-44.09,"skY":-44.09},"duration":3},{"curve":[0.25,0,0.75,1],"transform":{"skX":131.06,"skY":131.06},"duration":15},{"transform":{"skX":-5.17,"skY":-5.17},"duration":0}],"name":"7-1"},{"frame":[{"curve":[0.25,0,0.75,1],"transform":{"skX":2.37,"skY":2.37},"duration":5},{"transform":{"skX":4.39,"skY":4.39},"duration":4},{"transform":{"skX":4.39,"skY":4.39},"duration":3},{"curve":[0.25,0,0.967,0.66],"transform":{"skX":4.39,"skY":4.39},"duration":3},{"curve":[0.25,0,0.75,1],"transform":{"skX":-104.2,"skY":-104.2},"duration":15},{"transform":{"skX":2.37,"skY":2.37},"duration":0}],"name":"7-3"},{"frame":[{"curve":[0.25,0,0.75,1],"transform":{"skX":4.71,"skY":4.71},"duration":5},{"curve":[0.25,0,0.75,1],"transform":{"skX":78.31,"skY":78.31},"duration":4},{"curve":[0.25,0,0.75,1],"transform":{"skX":65.61,"skY":65.61},"duration":3},{"curve":[0.25,0,0.967,0.66],"transform":{"skX":78.31,"skY":78.31},"duration":3},{"curve":[0.25,0,0.75,1],"transform":{"skX":-43.77,"skY":-43.77},"duration":15},{"transform":{"skX":4.71,"skY":4.71},"duration":0}],"name":"3-2"},{"frame":[{"curve":[0.25,0,0.75,1],"transform":{"skX":-0.92,"skY":-0.92},"duration":5},{"curve":[0.25,0,0.75,1],"transform":{"skX":-30.86,"skY":-30.86},"duration":4},{"curve":[0.25,0,0.75,1],"transform":{"skX":-16.03,"skY":-16.03},"duration":3},{"curve":[0.25,0,0.967,0.66],"transform":{"skX":-30.86,"skY":-30.86},"duration":3},{"curve":[0.25,0,0.75,1],"transform":{"skX":87.77,"skY":87.77},"duration":15},{"transform":{"skX":-0.92,"skY":-0.92},"duration":0}],"name":"1-3"},{"frame":[{"curve":[0.25,0,0.75,1],"transform":{"skX":-0.3,"skY":-0.3},"duration":5},{"transform":{"skX":5.99,"skY":5.99},"duration":4},{"transform":{"skX":5.99,"skY":5.99},"duration":3},{"curve":[0.25,0,0.967,0.66],"transform":{"skX":5.99,"skY":5.99},"duration":3},{"curve":[0.25,0,0.75,1],"transform":{"skX":-95.38,"skY":-95.38},"duration":15},{"transform":{"skX":-0.3,"skY":-0.3},"duration":0}],"name":"5-3"},{"frame":[{"curve":[0.25,0,0.75,1],"transform":{"skX":-2.98,"skY":-2.98},"duration":5},{"curve":[0.25,0,0.75,1],"transform":{"skX":-26.36,"skY":-26.36},"duration":4},{"curve":[0.25,0,0.75,1],"transform":{"skX":-14.88,"skY":-14.88},"duration":3},{"curve":[0.25,0,0.967,0.66],"transform":{"skX":-26.36,"skY":-26.36},"duration":3},{"curve":[0.25,0,0.75,1],"transform":{"skX":82.27,"skY":82.27},"duration":15},{"transform":{"skX":-2.98,"skY":-2.98},"duration":0}],"name":"3-3"},{"frame":[{"curve":[0.25,0,0.75,1],"transform":{"scY":0.986,"skX":2.25,"skY":2.25,"scX":1.008},"duration":5},{"curve":[0.25,0,0.75,1],"transform":{"scY":0.986,"skX":22.34,"skY":22.34,"scX":1.008},"duration":4},{"curve":[0.25,0,0.75,1],"transform":{"scY":0.986,"skX":-1.11,"skY":-1.11,"scX":1.008},"duration":3},{"curve":[0.25,0,0.967,0.66],"transform":{"scY":0.986,"skX":10.23,"skY":10.23,"scX":1.008},"duration":3},{"curve":[0.25,0,0.75,1],"transform":{"scY":0.986,"skX":-12.04,"skY":-12.04,"scX":1.008},"duration":15},{"transform":{"scY":0.986,"skX":2.25,"skY":2.25,"scX":1.008},"duration":0}],"name":"Fin_B2"},{"frame":[{"curve":[0.25,0,0.75,1],"transform":{"skX":10.38,"skY":10.38},"duration":5},{"transform":{"skX":-35.9,"skY":-35.9},"duration":4},{"transform":{"skX":-35.9,"skY":-35.9},"duration":3},{"curve":[0.25,0,0.967,0.66],"transform":{"skX":-35.9,"skY":-35.9},"duration":3},{"curve":[0.25,0,0.75,1],"transform":{"skX":23.55,"skY":23.55},"duration":15},{"transform":{"skX":10.38,"skY":10.38},"duration":0}],"name":"3-1"},{"frame":[{"curve":[0.25,0,0.75,1],"transform":{"skX":-5.55,"skY":-5.55},"duration":5},{"curve":[0.25,0,0.75,1],"transform":{"skX":-16.41,"skY":-16.41},"duration":4},{"curve":[0.25,0,0.75,1],"transform":{"skX":6.13,"skY":6.13},"duration":3},{"curve":[0.25,0,0.967,0.66],"transform":{"skX":-24.02,"skY":-24.02},"duration":3},{"curve":[0.25,0,0.75,1],"transform":{"skX":10.38,"skY":10.38},"duration":15},{"transform":{"skX":-5.55,"skY":-5.55},"duration":0}],"name":"1-4"},{"frame":[{"curve":[0.25,0,0.75,1],"transform":{"skX":-8.62,"skY":-8.62},"duration":5},{"curve":[0.25,0,0.75,1],"transform":{"skX":-42,"skY":-42},"duration":4},{"curve":[0.25,0,0.75,1],"transform":{"skX":-13.87,"skY":-13.87},"duration":3},{"curve":[0.25,0,0.967,0.66],"transform":{"skX":-39.88,"skY":-39.88},"duration":3},{"curve":[0.25,0,0.75,1],"transform":{"skX":3.78,"skY":3.78},"duration":15},{"transform":{"skX":-8.62,"skY":-8.62},"duration":0}],"name":"2-4"},{"frame":[{"curve":[0.25,0,0.75,1],"transform":{"scY":1.001,"skX":-0.03,"skY":-0.03,"scX":0.998},"duration":5},{"curve":[0.25,0,0.75,1],"transform":{"scY":1.027,"skX":-3.87,"skY":-3.87,"scX":0.988},"duration":7},{"curve":[0.25,0,0.967,0.66],"transform":{"scY":1.027,"skX":-1.56,"skY":-1.56,"scX":0.988},"duration":3},{"curve":[0.25,0,0.75,1],"transform":{"scY":0.979,"skX":0.37,"skY":0.37,"scX":1.035},"duration":2},{"curve":[0.25,0,0.75,1],"transform":{"scY":0.979,"skX":-2.63,"skY":-2.63,"scX":1.035},"duration":13},{"transform":{"scY":1.001,"skX":-0.03,"skY":-0.03,"scX":0.998},"duration":0}],"name":"Head"},{"frame":[{"curve":[0.25,0,0.75,1],"transform":{"skX":-0.87,"skY":-0.87},"duration":5},{"transform":{"skX":-21.29,"skY":-21.29},"duration":4},{"transform":{"skX":-21.29,"skY":-21.29},"duration":3},{"curve":[0.25,0,0.967,0.66],"transform":{"skX":-21.29,"skY":-21.29},"duration":3},{"curve":[0.25,0,0.75,1],"transform":{"skX":64.27,"skY":64.27},"duration":15},{"transform":{"skX":-0.87,"skY":-0.87},"duration":0}],"name":"5-2"},{"frame":[{"curve":[0.25,0,0.75,1],"transform":{"scY":1.005,"skX":-2.03,"skY":-2.03,"scX":0.997},"duration":5},{"curve":[0.25,0,0.75,1],"transform":{"scY":1.045,"skX":-15.42,"skY":-15.42,"scX":0.922},"duration":7},{"curve":[0.25,0,0.967,0.66],"transform":{"scY":1.097,"skX":-19.3,"skY":-19.3,"scX":0.859},"duration":3},{"curve":[0.25,0,0.75,1],"transform":{"scY":0.97,"skX":6.74,"skY":6.74,"scX":0.977},"duration":2},{"curve":[0.25,0,0.75,1],"transform":{"scY":0.999,"skX":9.61,"skY":9.61,"scX":0.935},"duration":13},{"transform":{"scY":1.005,"skX":-2.03,"skY":-2.03,"scX":0.997},"duration":0}],"name":"body3"},{"frame":[{"curve":[0.25,0,0.75,1],"transform":{"skX":-1.09,"skY":-1.09,"scX":0.999},"duration":5},{"curve":[0.25,0,0.75,1],"transform":{"scY":1.008,"skX":352.62,"skY":352.62,"scX":0.97},"duration":7},{"curve":[0.25,0,0.967,0.66],"transform":{"scY":1.03,"skX":353.08,"skY":353.08,"scX":0.942},"duration":3},{"curve":[0.25,0,0.75,1],"transform":{"scY":0.961,"skX":358.66,"skY":358.66,"scX":0.995},"duration":2},{"curve":[0.25,0,0.75,1],"transform":{"scY":0.972,"skX":356.24,"skY":356.24,"scX":0.987},"duration":13},{"transform":{"skX":-1.09,"skY":-1.09,"scX":0.999},"duration":0}],"name":"Body"},{"frame":[{"curve":[0.25,0,0.75,1],"transform":{"skX":-1.68,"skY":-1.68},"duration":5},{"transform":{"skX":-23.85,"skY":-23.85},"duration":4},{"transform":{"skX":-23.85,"skY":-23.85},"duration":3},{"curve":[0.25,0,0.967,0.66],"transform":{"skX":-23.85,"skY":-23.85},"duration":3},{"curve":[0.25,0,0.75,1],"transform":{"skX":76.74,"skY":76.74},"duration":15},{"transform":{"skX":-1.68,"skY":-1.68},"duration":0}],"name":"6-2"},{"frame":[{"curve":[0.25,0,0.75,1],"transform":{"skX":-2.94,"skY":-2.94},"duration":5},{"transform":{"skX":-44.18,"skY":-44.18},"duration":4},{"transform":{"skX":-44.18,"skY":-44.18},"duration":3},{"curve":[0.25,0,0.967,0.66],"transform":{"skX":-44.18,"skY":-44.18},"duration":3},{"curve":[0.25,0,0.75,1],"transform":{"skX":96.07,"skY":96.07},"duration":15},{"transform":{"skX":-2.94,"skY":-2.94},"duration":0}],"name":"7-2"},{"frame":[{"curve":[0.25,0,0.75,1],"transform":{"skX":0.57,"skY":0.57},"duration":5},{"curve":[0.25,0,0.75,1],"transform":{"scY":1.018,"skX":-7.31,"skY":-7.31,"scX":0.951},"duration":7},{"curve":[0.25,0,0.967,0.66],"transform":{"scY":0.96,"skX":-13.53,"skY":-13.53,"scX":0.874},"duration":3},{"curve":[0.25,0,0.75,1],"transform":{"scY":0.926,"skX":5.1,"skY":5.1,"scX":0.98},"duration":2},{"curve":[0.25,0,0.75,1],"transform":{"scY":0.972,"skX":3.36,"skY":3.36,"scX":0.903},"duration":13},{"transform":{"skX":0.57,"skY":0.57},"duration":0}],"name":"Tail"},{"frame":[{"curve":[0.25,0,0.75,1],"transform":{"skX":-10.48,"skY":-10.48},"duration":5},{"curve":[0.25,0,0.75,1],"transform":{"skX":-38.86,"skY":-38.86},"duration":4},{"curve":[0.25,0,0.75,1],"transform":{"skX":-20.57,"skY":-20.57},"duration":3},{"curve":[0.25,0,0.967,0.66],"transform":{"skX":-29.16,"skY":-29.16},"duration":3},{"curve":[0.25,0,0.75,1],"transform":{"skX":10.18,"skY":10.18},"duration":15},{"transform":{"skX":-10.48,"skY":-10.48},"duration":0}],"name":"3-4"},{"frame":[{"curve":[0.25,0,0.75,1],"transform":{"skX":-3.34,"skY":-3.34},"duration":5},{"curve":[0.25,0,0.75,1],"transform":{"skX":-51.53,"skY":-51.53},"duration":4},{"curve":[0.25,0,0.75,1],"transform":{"skX":-20.55,"skY":-20.55},"duration":3},{"curve":[0.25,0,0.967,0.66],"transform":{"skX":-51.53,"skY":-51.53},"duration":3},{"curve":[0.25,0,0.75,1],"transform":{"skX":82.77,"skY":82.77},"duration":15},{"transform":{"skX":-3.34,"skY":-3.34},"duration":0}],"name":"2-3"},{"frame":[{"curve":[0.25,0,0.75,1],"transform":{"scY":0.992,"skX":-4.89,"skY":-4.89,"scX":1.003},"duration":5},{"curve":[0.25,0,0.75,1],"transform":{"scY":0.992,"skX":13.5,"skY":13.5,"scX":1.003},"duration":4},{"curve":[0.25,0,0.75,1],"transform":{"scY":0.992,"skX":-2.61,"skY":-2.61,"scX":1.003},"duration":3},{"curve":[0.25,0,0.967,0.66],"transform":{"scY":0.992,"skX":7.29,"skY":7.29,"scX":1.003},"duration":3},{"curve":[0.25,0,0.75,1],"transform":{"scY":0.992,"skX":-18.45,"skY":-18.45,"scX":1.003},"duration":15},{"transform":{"scY":0.992,"skX":-4.89,"skY":-4.89,"scX":1.003},"duration":0}],"name":"Fin_B1"},{"frame":[{"curve":[0.25,0,0.75,1],"transform":{"skX":-3.91,"skY":-3.91},"duration":5},{"transform":{"skX":-36.44,"skY":-36.44},"duration":4},{"transform":{"skX":-36.44,"skY":-36.44},"duration":3},{"curve":[0.25,0,0.967,0.66],"transform":{"skX":-36.44,"skY":-36.44},"duration":3},{"curve":[0.25,0,0.75,1],"transform":{"skX":139.58,"skY":139.58},"duration":15},{"transform":{"skX":-3.91,"skY":-3.91},"duration":0}],"name":"6-1"},{"frame":[{"curve":[0.25,0,0.75,1],"transform":{"skX":4.85,"skY":4.85},"duration":5},{"curve":[0.25,0,0.75,1],"transform":{"skX":-4.45,"skY":-4.45},"duration":7},{"curve":[0.25,0,0.967,0.66],"transform":{"skX":-15.03,"skY":-15.03},"duration":3},{"curve":[0.25,0,0.75,1],"transform":{"skX":-18.68,"skY":-18.68},"duration":2},{"curve":[0.25,0,0.75,1],"transform":{"skX":-19.19,"skY":-19.19},"duration":13},{"transform":{"skX":4.85,"skY":4.85},"duration":0}],"name":"Tail5"},{"frame":[{"transform":{},"duration":30}],"name":"root"},{"frame":[{"transform":{},"duration":30}],"name":"Fuji"},{"frame":[{"transform":{},"duration":30}],"name":"buff_flo"},{"frame":[{"transform":{},"duration":30}],"name":"buff_up"},{"frame":[{"transform":{},"duration":30}],"name":"buff_mid"}],"slot":[],"ffd":[],"frame":[],"name":"0002_shifa","duration":30,"ik":[]}],"skin":[{"slot":[{"display":[{"path":"5-4","type":"image","name":"5-4","transform":{"y":-0.17,"skX":-104.23,"skY":-104.23,"x":12.95}}],"name":"5-4"},{"display":[{"path":"2-1","type":"image","name":"2-1","transform":{"y":0.44,"skX":-151.01,"skY":-151.01,"x":10.71}}],"name":"2-1"},{"display":[{"path":"1-1","type":"image","name":"1-1","transform":{"y":0.71,"skX":-152.95,"skY":-152.95,"x":10.03}}],"name":"1-1"},{"display":[{"path":"Fin_B1","type":"image","name":"Fin_B1","transform":{"y":0.03,"skX":141.13,"skY":141.13,"x":26.71}}],"name":"Fin_B1"},{"display":[{"path":"Fin_B4","type":"image","name":"Fin_B4","transform":{"y":0.36,"skX":150.83,"skY":150.83,"x":15.57}}],"name":"Fin_B4"},{"display":[{"path":"3-1","type":"image","name":"3-1","transform":{"y":0.02,"skX":-154.86,"skY":-154.86,"x":11.89}}],"name":"3-1"},{"display":[{"path":"buff_up","type":"image","name":"buff_up","transform":{"y":0.27}}],"name":"buff_up"},{"display":[{"path":"1-4","type":"image","name":"1-4","transform":{"y":-0.59,"skX":-75.65,"skY":-75.65,"x":11.08}}],"name":"1-4"},{"display":[{"path":"7-1","type":"image","name":"7-1","transform":{"y":-0.15,"skX":-104.24,"skY":-104.24,"x":8.75}}],"name":"7-1"},{"display":[{"vertices":[-179.92,-175.18,-179.93,-151.16,-161.77,-121.14,-165.02,-67.6,-151.13,-47.14,-130.04,-73.99,-110.02,-100.39,-90.98,-105.01,-90.96,-133.92,-111.77,-140.37,-145.23,-165.69,-152.21,-145.52,-124.54,-121.21,-146.28,-96.94],"uvs":[-0.01149,-0.00794,-0.01149,0.18268,0.19759,0.42068,0.16066,0.84568,0.3207,1.00794,0.5628,0.79467,0.7926,0.58501,1.01149,0.54818,1.01149,0.31868,0.77207,0.26768,0.38722,0.06707,0.30727,0.22715,0.62554,0.41986,0.37582,0.61258],"path":"Tail","edges":[0,1,1,2,2,3,3,4,4,5,5,6,6,7,7,8,8,9,9,10,10,0],"triangles":[12,6,8,9,12,8,8,6,7,10,11,9,12,13,6,13,5,6,11,12,9,2,13,12,11,2,12,2,3,13,1,2,11,1,0,11,0,11,10,3,13,4,4,13,5],"type":"mesh","transform":{},"slotPose":[1,0,0,1,0,0],"userEdges":[0,11,11,12,12,13,13,4],"width":87,"bonePose":[31,-0.9994843879471766,-0.032108538581781476,0.032108538581781476,-0.9994843879471766,-99.009660241563,-120.5909847767315,41,-0.6754615181562096,-0.7373952383153206,0.7373952383153206,-0.6754615181562096,-152.9736200713311,-145.26295130975822,37,-0.7650338100487343,-0.6439901159818504,0.6439901159818504,-0.7650338100487343,-124.41655338318024,-121.4071838274804,39,-0.6441236297613866,0.764921400918432,-0.764921400918432,-0.6441236297613866,-124.4111773254596,-122.1974186647303,42,-0.14003721977104144,0.9901462402487812,-0.9901462402487812,-0.14003721977104144,-146.2687041041943,-96.02342158524516],"height":126,"name":"Tail","weights":[1,41,1,2,37,0.00167,41,0.99832,5,31,0.00006,37,0.47739,41,0.08477,39,0.40988,42,0.02788,1,42,1,1,42,1,4,31,0.01957,37,0.00011,39,0.19659,42,0.78371,4,31,0.57168,37,0.00001,39,0.40254,42,0.02575,2,31,0.95499,39,0.045,2,31,0.98254,37,0.01744,2,31,0.59833,37,0.40166,4,31,0.0025,37,0.32947,41,0.66758,39,0.00043,2,37,0.5,41,0.5,3,31,0.33333,37,0.33333,39,0.33333,2,39,0.5,42,0.5]}],"name":"Tail"},{"display":[{"path":"6-4","type":"image","name":"6-4","transform":{"y":-0.06,"skX":-106.23,"skY":-106.23,"x":12.74}}],"name":"6-4"},{"display":[{"path":"2-4","type":"image","name":"2-4","transform":{"y":0.32,"skX":-75.3,"skY":-75.3,"x":12.47}}],"name":"2-4"},{"display":[{"path":"buff_mid","type":"image","name":"buff_mid","transform":{"y":1.42}}],"name":"buff_mid"},{"display":[{"path":"6-2","type":"image","name":"6-2","transform":{"y":-0.24,"skX":63.48,"skY":63.48,"x":10.55}}],"name":"6-2"},{"display":[{"path":"Fin_B3","type":"image","name":"Fin_B3","transform":{"y":-1.14,"skX":144.26,"skY":144.26,"x":16.48}}],"name":"Fin_B3"},{"display":[{"path":"Fin_X","type":"image","name":"Fin_X","transform":{"y":0.24,"skX":178.17,"skY":178.17,"x":32.51}}],"name":"Fin_X"},{"display":[{"path":"5-2","type":"image","name":"5-2","transform":{"y":-0.69,"skX":65.2,"skY":65.2,"x":9.09}}],"name":"5-2"},{"display":[{"path":"5-1","type":"image","name":"5-1","transform":{"y":-0.09,"skX":-52.93,"skY":-52.93,"x":9.29}}],"name":"5-1"},{"display":[{"path":"7-2","type":"image","name":"7-2","transform":{"y":-0.3,"skX":60.52,"skY":60.52,"x":9.23}}],"name":"7-2"},{"display":[{"path":"6-3","type":"image","name":"6-3","transform":{"y":0.92,"skX":-67.8,"skY":-67.8,"x":12.75}}],"name":"6-3"},{"display":[{"path":"Head","type":"image","name":"Head","transform":{"y":1.87,"skX":1.5,"skY":1.5,"x":23.04}}],"name":"Head"},{"display":[{"path":"3-4","type":"image","name":"3-4","transform":{"y":0.09,"skX":-73.78,"skY":-73.78,"x":12.86}}],"name":"3-4"},{"display":[{"path":"3-3","type":"image","name":"3-3","transform":{"y":-1.51,"skX":-107.92,"skY":-107.92,"x":11.01}}],"name":"3-3"},{"display":[{"path":"2-3","type":"image","name":"2-3","transform":{"y":-0.39,"skX":-107.91,"skY":-107.91,"x":11.07}}],"name":"2-3"},{"display":[{"path":"6-1","type":"image","name":"6-1","transform":{"y":0.21,"skX":-55.29,"skY":-55.29,"x":8.66}}],"name":"6-1"},{"display":[{"path":"buff_flo","type":"image","name":"buff_flo","transform":{}}],"name":"buff_flo"},{"display":[{"vertices":[-19.53,-154.02,-59.47,-146.05,-108.95,-136.53,-105.68,-99.1,-68.26,-87.83,-30.42,-59.51,17.83,-40.01,71.5,-40,114.98,-51.98,114.99,-76.52,77.34,-80.7,70.26,-111.47,86.94,-132.64,85.08,-147.21,46.03,-153.99,12.57,-154,12.35,-121.55,-55.85,-123.39,19.86,-70.58,-54.8,-98.27,64.02,-96.06,13.77,-100.73,-55.86,-110.84],"uvs":[0.39825,-0.00893,0.21836,0.06247,-0.0045,0.1479,0.01036,0.48219,0.179,0.58248,0.34953,0.83505,0.5669,1.00893,0.80863,1.00893,1.0045,0.9019,1.0045,0.68276,0.83486,0.64561,0.80301,0.37076,0.87808,0.18171,0.86969,0.05162,0.69375,-0.00893,0.54293,-0.00893,0.54198,0.2808,0.23473,0.26478,0.57595,0.73597,0.23958,0.48915,0.77484,0.50839,0.54845,0.46672,0.23473,0.37696],"path":"Body","edges":[2,3,3,4,4,5,5,6,6,7,7,8,8,9,9,10,10,11,11,12,12,13,13,14,14,15,15,0,0,1,1,2],"triangles":[10,7,8,10,8,9,11,20,10,13,14,12,14,11,12,18,7,10,20,18,10,14,16,11,18,6,7,16,20,11,21,18,20,16,21,20,15,16,14,5,6,18,0,16,15,16,22,21,22,19,21,17,22,16,0,17,16,1,17,0,19,4,5,1,2,17,2,3,17,17,3,22,21,18,19,19,5,18,22,19,3,19,3,19,3,4,19],"type":"mesh","transform":{},"slotPose":[1,0,0,1,0,0],"userEdges":[11,16,16,17,17,2,10,18,18,19,19,3,20,21,21,22],"width":222,"bonePose":[7,-0.9960410654107696,-0.08889429686644143,0.08889429686644143,-0.9960410654107696,64.02,-96.06,9,-0.9856740471316,-0.1686614147077284,0.1686614147077284,-0.9856740471316,12.52467691826321,-100.65583514799502,21,-0.98540789848349,-0.17020949916603245,0.17020949916603245,-0.98540789848349,-50.188702858279264,-111.41733118726172],"height":112,"name":"Body","weights":[3,7,0.0629,9,0.87158,21,0.0655,2,9,0.29199,21,0.708,1,21,0.99999,1,21,1,2,9,0.22983,21,0.77016,3,7,0.08576,9,0.89374,21,0.02049,2,7,0.70269,9,0.2973,2,7,0.99594,9,0.00405,1,7,1,1,7,1,1,7,1,1,7,1,2,7,0.9989,9,0.00109,1,7,1,2,7,0.84958,9,0.15041,2,7,0.41546,9,0.58453,2,7,0.27594,9,0.72405,2,9,0.24772,21,0.75227,2,7,0.70661,9,0.29338,2,9,0.24838,21,0.75161,1,7,1,2,7,0.5,9,0.5,2,9,0.5,21,0.5]}],"name":"Body"},{"display":[{"path":"2-2","type":"image","name":"2-2","transform":{"y":0.03,"skX":147.97,"skY":147.97,"x":12.81}}],"name":"2-2"},{"display":[{"path":"1-3","type":"image","name":"1-3","transform":{"y":-1.73,"skX":-106.84,"skY":-106.84,"x":10.71}}],"name":"1-3"},{"display":[{"path":"1-2","type":"image","name":"1-2","transform":{"y":0.11,"skX":147.88,"skY":147.88,"x":10.75}}],"name":"1-2"},{"display":[{"path":"Fin_B2","type":"image","name":"Fin_B2","transform":{"y":-0.27,"skX":141.32,"skY":141.32,"x":20.81}}],"name":"Fin_B2"},{"display":[{"path":"3-2","type":"image","name":"3-2","transform":{"y":0.27,"skX":150.09,"skY":150.09,"x":10.71}}],"name":"3-2"},{"display":[{"path":"5-3","type":"image","name":"5-3","transform":{"y":1.6,"skX":-71.49,"skY":-71.49,"x":12.41}}],"name":"5-3"},{"display":[{"path":"7-3","type":"image","name":"7-3","transform":{"y":0.84,"skX":-69.95,"skY":-69.95,"x":12.71}}],"name":"7-3"},{"display":[{"path":"7-4","type":"image","name":"7-4","transform":{"y":0.65,"skX":-100.52,"skY":-100.52,"x":12.83}}],"name":"7-4"}],"name":""}],"defaultActions":[{"gotoAndPlay":"0000_daiji"}],"aabb":{"width":324.3877295516817,"y":-213,"height":221,"x":-181.3866738909091},"slot":[{"name":"7-1","parent":"7-1","color":{}},{"z":1,"name":"7-2","parent":"7-2","color":{}},{"z":2,"name":"7-3","parent":"7-3","color":{}},{"z":3,"name":"7-4","parent":"7-4","color":{}},{"z":4,"name":"6-1","parent":"6-1","color":{}},{"z":5,"name":"6-2","parent":"6-2","color":{}},{"z":6,"name":"6-3","parent":"6-3","color":{}},{"z":7,"name":"6-4","parent":"6-4","color":{}},{"z":8,"name":"5-1","parent":"5-1","color":{}},{"z":9,"name":"5-2","parent":"5-2","color":{}},{"z":10,"name":"5-3","parent":"5-3","color":{}},{"z":11,"name":"5-4","parent":"5-4","color":{}},{"z":12,"name":"Fin_B1","parent":"Fin_B1","color":{}},{"z":13,"name":"Fin_B2","parent":"Fin_B2","color":{}},{"z":14,"name":"Fin_B3","parent":"Fin_B3","color":{}},{"z":15,"name":"Fin_B4","parent":"Fin_B4","color":{}},{"z":16,"name":"Head","parent":"Head","color":{}},{"z":17,"name":"Tail","parent":"Tail","color":{}},{"z":18,"name":"Body","parent":"Body","color":{}},{"z":19,"name":"Fin_X","parent":"Fin_X","color":{}},{"z":20,"name":"3-1","parent":"3-1","color":{}},{"z":21,"name":"3-2","parent":"3-2","color":{}},{"z":22,"name":"3-3","parent":"3-3","color":{}},{"z":23,"name":"3-4","parent":"3-4","color":{}},{"z":24,"name":"2-1","parent":"2-1","color":{}},{"z":25,"name":"2-2","parent":"2-2","color":{}},{"z":26,"name":"2-3","parent":"2-3","color":{}},{"z":27,"name":"2-4","parent":"2-4","color":{}},{"z":28,"name":"1-1","parent":"1-1","color":{}},{"z":29,"name":"1-2","parent":"1-2","color":{}},{"z":30,"name":"1-3","parent":"1-3","color":{}},{"z":31,"name":"1-4","parent":"1-4","color":{}},{"z":32,"name":"buff_up","parent":"buff_up","color":{"aM":0}},{"z":33,"name":"buff_mid","parent":"buff_mid","color":{"aM":0}},{"z":34,"name":"buff_flo","parent":"buff_flo","color":{"aM":0}}],"name":"armatureName","ik":[]}],"name":"cw_006_zhaozezhizhu_zj","version":"4.0"}