{
    "150001": {
        "id": 150001,
        "name": "普通头像框",
        "quality": 1,
        "price": 0,
        "drop_count": 0,
        "drop_time": 5,
        "overdue_time": "",
        "extra": "",
        "path": "ui_frame_FrameImage_png",
        "des": ""
    },
    "150002": {
        "id": 150002,
        "name": "星耀头像框·蓝",
        "quality": 3,
        "price": 0,
        "drop_count": 0,
        "drop_time": 5,
        "overdue_time": "",
        "extra": "",
        "path": "ui_frame_FrameImage1_png",
        "des": ""
    },
    "150003": {
        "id": 150003,
        "name": "星耀头像框·紫",
        "quality": 4,
        "price": 0,
        "drop_count": 0,
        "drop_time": 5,
        "overdue_time": "",
        "extra": "",
        "path": "ui_frame_FrameImage2_png",
        "des": ""
    },
    "150004": {
        "id": 150004,
        "name": "星耀头像框·橙",
        "quality": 5,
        "price": 0,
        "drop_count": 0,
        "drop_time": 5,
        "overdue_time": "",
        "extra": "",
        "path": "ui_frame_FrameImage3_png",
        "des": ""
    },
    "150005": {
        "id": 150005,
        "name": "星耀头像框·红",
        "quality": 6,
        "price": 0,
        "drop_count": 0,
        "drop_time": 5,
        "overdue_time": "",
        "extra": "",
        "path": "ui_frame_FrameImage4_png",
        "des": ""
    },
    "150006": {
        "id": 150006,
        "name": "星耀头像框·绿",
        "quality": 2,
        "price": 0,
        "drop_count": 0,
        "drop_time": 5,
        "overdue_time": "",
        "extra": "",
        "path": "ui_frame_FrameImage0_png",
        "des": ""
    }}
