{
    "140001": {
        "id": 140001,
        "name": "奇犽",
        "quality": 4,
        "price": 0,
        "drop_count": 0,
        "drop_time": 5,
        "overdue_time": "",
        "match_general": 0,
        "mapRole_id": 1001,
        "extra": "这是头像。",
        "path": "hero_icon_head_wj_qiya_png", 
        "des": "",
        "type": 2
    },
    "140002": {
        "id": 140002,
        "name": "智喜",
        "quality": 4,
        "price": 0,
        "drop_count": 0,
        "drop_time": 5,
        "overdue_time": "",
        "match_general": 0,
        "mapRole_id": 1003,
        "extra": "这是头像。",
        "path": "hero_icon_head_wj_xiaodi_png",
        "des": "",
        "type": 2
    },
    "140003": {
        "id": 140003,
        "name": "小滴",
        "quality": 4,
        "price": 0,
        "drop_count": 0,
        "drop_time": 5,
        "overdue_time": "",
        "match_general": 0,
        "mapRole_id": 1004,
        "extra": "这是头像。",
        "path": "hero_icon_head_wj_yiermi_png",
        "des": "",
        "type": 2
    },
    "140004": {
        "id": 140004,
        "name": "伊尔谜",
        "quality": 4,
        "price": 0,
        "drop_count": 0,
        "drop_time": 5,
        "overdue_time": "",
        "match_general": 0,
        "mapRole_id": 1007,
        "extra": "这是头像。",
        "path": "hero_icon_head_wj_wojin_png",
        "des": "",
        "type": 2
    },
    "140005": {
        "id": 140005,
        "name": "凯特",
        "quality": 4,
        "price": 0,
        "drop_count": 0,
        "drop_time": 5,
        "overdue_time": "",
        "match_general": 0,
        "mapRole_id": 1001,
        "extra": "这是头像。",
        "path": "hero_icon_head_wj_qiya_png",
        "des": "",
        "type": 2
    },
    "140006": {
        "id": 140006,
        "name": "萨次",
        "quality": 4,
        "price": 0,
        "drop_count": 0,
        "drop_time": 5,
        "overdue_time": "",
        "match_general": 0,
        "mapRole_id": 1003,
        "extra": "这是头像。",
        "path": "hero_icon_head_wj_xiaodi_png",
        "des": "",
        "type": 1
    },
    "140007": {
        "id": 140007,
        "name": "窝金",
        "quality": 4,
        "price": 0,
        "drop_count": 0,
        "drop_time": 5,
        "overdue_time": "",
        "match_general": 0,
        "mapRole_id": 1004,
        "extra": "这是头像。",
        "path": "hero_icon_head_wj_yiermi_png",
        "des": "",
        "type": 2
    },
    "140008": {
        "id": 140008,
        "name": "半藏",
        "quality": 4,
        "price": 0,
        "drop_count": 0,
        "drop_time": 5,
        "overdue_time": "",
        "match_general": 0,
        "mapRole_id": 1007,
        "extra": "这是头像。",
        "path": "hero_icon_head_wj_wojin_png",
        "des": "",
        "type": 1
    },
    "140009": {
        "id": 140009,
        "name": "卜哈次",
        "quality": 4,
        "price": 0,
        "drop_count": 0,
        "drop_time": 5,
        "overdue_time": "",
        "match_general": 0,
        "mapRole_id": 1001,
        "extra": "这是头像。",
        "path": "hero_icon_head_wj_qiya_png",
        "des": "",
        "type": -1
    },
    "140010": {
        "id": 140010,
        "name": "东巴",
        "quality": 4,
        "price": 0,
        "drop_count": 0,
        "drop_time": 5,
        "overdue_time": "",
        "match_general": 0,
        "mapRole_id": 1003,
        "extra": "这是头像。",
        "path": "hero_icon_head_wj_xiaodi_png",
        "des": "",
        "type": 2
    },
    "140011": {
        "id": 140011,
        "name": "飞坦",
        "quality": 4,
        "price": 0,
        "drop_count": 0,
        "drop_time": 5,
        "overdue_time": "",
        "match_general": 0,
        "mapRole_id": 1004,
        "extra": "这是头像。",
        "path": "hero_icon_head_wj_yiermi_png",
        "des": "",
        "type": 2
    },
    "140012": {
        "id": 140012,
        "name": "芬克斯",
        "quality": 4,
        "price": 0,
        "drop_count": 0,
        "drop_time": 5,
        "overdue_time": "",
        "match_general": 0,
        "mapRole_id": 1007,
        "extra": "这是头像。",
        "path": "hero_icon_head_wj_wojin_png",
        "des": "",
        "type": 2
    },
    "140013": {
        "id": 140013,
        "name": "富兰克林",
        "quality": 4,
        "price": 0,
        "drop_count": 0,
        "drop_time": 5,
        "overdue_time": "",
        "match_general": 0,
        "mapRole_id": 13,
        "extra": "这是头像。",
        "path": "hero_icon_head_wj_fulankelin_png",
        "des": "",
        "type": 2
    },
    "140014": {
        "id": 140014,
        "name": "华石斗郎",
        "quality": 4,
        "price": 0,
        "drop_count": 0,
        "drop_time": 5,
        "overdue_time": "",
        "match_general": 0,
        "mapRole_id": 14,
        "extra": "这是头像。",
        "path": "hero_icon_head_wj_huashidoulang_png",
        "des": "",
        "type": 2
    },
    "140015": {
        "id": 140015,
        "name": "疾斗",
        "quality": 4,
        "price": 0,
        "drop_count": 0,
        "drop_time": 5,
        "overdue_time": "",
        "match_general": 0,
        "mapRole_id": 15,
        "extra": "这是头像。",
        "path": "hero_icon_head_wj_jidou_png",
        "des": "",
        "type": 2
    },
    "140016": {
        "id": 140016,
        "name": "剥落裂夫",
        "quality": 4,
        "price": 0,
        "drop_count": 0,
        "drop_time": 5,
        "overdue_time": "",
        "match_general": 0,
        "mapRole_id": 16,
        "extra": "这是头像。",
        "path": "hero_icon_head_wj_boluoliefu_png",
        "des": "",
        "type": 2
    },
    "140017": {
        "id": 140017,
        "name": "库洛洛",
        "quality": 4,
        "price": 0,
        "drop_count": 0,
        "drop_time": 5,
        "overdue_time": "",
        "match_general": 0,
        "mapRole_id": 17,
        "extra": "这是头像。",
        "path": "hero_icon_head_wj_kuluoluo_png",
        "des": "",
        "type": 2
    },
    "140018": {
        "id": 140018,
        "name": "席巴",
        "quality": 4,
        "price": 0,
        "drop_count": 0,
        "drop_time": 5,
        "overdue_time": "",
        "match_general": 0,
        "mapRole_id": 18,
        "extra": "这是头像。",
        "path": "hero_icon_head_wj_xiba_png",
        "des": "",
        "type": 2
    },
    "140019": {
        "id": 140019,
        "name": "桀诺",
        "quality": 4,
        "price": 0,
        "drop_count": 0,
        "drop_time": 5,
        "overdue_time": "",
        "match_general": 0,
        "mapRole_id": 19,
        "extra": "这是头像。",
        "path": "hero_icon_head_wj_jienuo_png",
        "des": "",
        "type": 2
    },
    "140020": {
        "id": 140020,
        "name": "柯特",
        "quality": 4,
        "price": 0,
        "drop_count": 0,
        "drop_time": 5,
        "overdue_time": "",
        "match_general": 0,
        "mapRole_id": 20,
        "extra": "这是头像。",
        "path": "hero_icon_head_wj_kete_png",
        "des": "",
        "type": 2
    },
    "140021": {
        "id": 140021,
        "name": "库哔",
        "quality": 4,
        "price": 0,
        "drop_count": 0,
        "drop_time": 5,
        "overdue_time": "",
        "match_general": 0,
        "mapRole_id": 21,
        "extra": "这是头像。",
        "path": "hero_icon_head_wj_kubi_png",
        "des": "",
        "type": 2
    },
    "140022": {
        "id": 140022,
        "name": "狸狈多",
        "quality": 4,
        "price": 0,
        "drop_count": 0,
        "drop_time": 5,
        "overdue_time": "",
        "match_general": 0,
        "mapRole_id": 22,
        "extra": "这是头像。",
        "path": "hero_icon_head_wj_libeiduo_png",
        "des": "",
        "type": 2
    },
    "140023": {
        "id": 140023,
        "name": "玛琪",
        "quality": 4,
        "price": 0,
        "drop_count": 0,
        "drop_time": 5,
        "overdue_time": "",
        "match_general": 0,
        "mapRole_id": 23,
        "extra": "这是头像。",
        "path": "hero_icon_head_wj_maqi_png",
        "des": "",
        "type": 2
    },
    "140024": {
        "id": 140024,
        "name": "门琪",
        "quality": 4,
        "price": 0,
        "drop_count": 0,
        "drop_time": 5,
        "overdue_time": "",
        "match_general": 0,
        "mapRole_id": 24,
        "extra": "这是头像。",
        "path": "hero_icon_head_wj_menqi_png",
        "des": "",
        "type": 2
    },
    "140025": {
        "id": 140025,
        "name": "糜稽",
        "quality": 4,
        "price": 0,
        "drop_count": 0,
        "drop_time": 5,
        "overdue_time": "",
        "match_general": 0,
        "mapRole_id": 25,
        "extra": "这是头像。",
        "path": "hero_icon_head_wj_miji_png",
        "des": "",
        "type": 2
    },
    "140026": {
        "id": 140026,
        "name": "派克诺妲",
        "quality": 4,
        "price": 0,
        "drop_count": 0,
        "drop_time": 5,
        "overdue_time": "",
        "match_general": 0,
        "mapRole_id": 26,
        "extra": "这是头像。",
        "path": "hero_icon_head_wj_paike_png",
        "des": "",
        "type": 2
    },
    "140027": {
        "id": 140027,
        "name": "杀大索",
        "quality": 4,
        "price": 0,
        "drop_count": 0,
        "drop_time": 5,
        "overdue_time": "",
        "match_general": 0,
        "mapRole_id": 27,
        "extra": "这是头像。",
        "path": "hero_icon_head_wj_shadasuo_png",
        "des": "",
        "type": 2
    },
    "140028": {
        "id": 140028,
        "name": "信长",
        "quality": 4,
        "price": 0,
        "drop_count": 0,
        "drop_time": 5,
        "overdue_time": "",
        "match_general": 0,
        "mapRole_id": 28,
        "extra": "这是头像。",
        "path": "hero_icon_head_wj_xinchang_png",
        "des": "",
        "type": -1
    },
    "140029": {
        "id": 140029,
        "name": "云古",
        "quality": 4,
        "price": 0,
        "drop_count": 0,
        "drop_time": 5,
        "overdue_time": "",
        "match_general": 0,
        "mapRole_id": 29,
        "extra": "这是头像。",
        "path": "hero_icon_head_wj_yungu_png",
        "des": "",
        "type": 2
    },
    "140030": {
        "id": 140030,
        "name": "侠客",
        "quality": 4,
        "price": 0,
        "drop_count": 0,
        "drop_time": 5,
        "overdue_time": "",
        "match_general": 0,
        "mapRole_id": 30,
        "extra": "这是头像。",
        "path": "hero_icon_head_wj_xiake_png",
        "des": "",
        "type": -1
    },
    "140031": {
        "id": 140031,
        "name": "雷欧力",
        "quality": 4,
        "price": 0,
        "drop_count": 0,
        "drop_time": 5,
        "overdue_time": "",
        "match_general": 0,
        "mapRole_id": 31,
        "extra": "这是头像。",
        "path": "hero_icon_head_wj_leiouli_png",
        "des": "",
        "type": 1
    },
    "140032": {
        "id": 140032,
        "name": "小杰",
        "quality": 4,
        "price": 0,
        "drop_count": 0,
        "drop_time": 5,
        "overdue_time": "",
        "match_general": 0,
        "mapRole_id": 32,
        "extra": "这是头像。",
        "path": "hero_icon_head_wj_xiaojie_png",
        "des": "",
        "type": 1
    },
    "140033": {
        "id": 140033,
        "name": "西索",
        "quality": 4,
        "price": 0,
        "drop_count": 0,
        "drop_time": 5,
        "overdue_time": "",
        "match_general": 0,
        "mapRole_id": 33,
        "extra": "这是头像。",
        "path": "hero_icon_head_wj_xisuo_png",
        "des": "",
        "type": 2
    },
    "140034": {
        "id": 140034,
        "name": "酷拉皮卡",
        "quality": 4,
        "price": 0,
        "drop_count": 0,
        "drop_time": 5,
        "overdue_time": "",
        "match_general": 0,
        "mapRole_id": 34,
        "extra": "这是头像。",
        "path": "hero_icon_head_wj_kulapika_png",
        "des": "",
        "type": 2
    },
    "140035": {
        "id": 140035,
        "name": "尼特罗",
        "quality": 4,
        "price": 0,
        "drop_count": 0,
        "drop_time": 5,
        "overdue_time": "",
        "match_general": 0,
        "mapRole_id": 35,
        "extra": "这是头像。",
        "path": "hero_icon_head_wj_huizhang_png",
        "des": "",
        "type": 2
    },
    "140036": {
        "id": 140036,
        "name": "王",
        "quality": 4,
        "price": 0,
        "drop_count": 0,
        "drop_time": 5,
        "overdue_time": "",
        "match_general": 0,
        "mapRole_id": 36,
        "extra": "这是头像。",
        "path": "hero_icon_head_wj_wang_png",
        "des": "",
        "type": 2
    },
    "140037": {
        "id": 140037,
        "name": "磊札",
        "quality": 4,
        "price": 0,
        "drop_count": 0,
        "drop_time": 5,
        "overdue_time": "",
        "match_general": 0,
        "mapRole_id": 37,
        "extra": "这是头像。",
        "path": "hero_icon_head_wj_leizha_png",
        "des": "",
        "type": 2
    },
    "140038": {
        "id": 140038,
        "name": "妮翁",
        "quality": 4,
        "price": 0,
        "drop_count": 0,
        "drop_time": 5,
        "overdue_time": "",
        "match_general": 0,
        "mapRole_id": 38,
        "extra": "这是头像。",
        "path": "hero_icon_head_wj_niweng_png",
        "des": "",
        "type": 2
    },
    "140039": {
        "id": 140039,
        "name": "旋律",
        "quality": 4,
        "price": 0,
        "drop_count": 0,
        "drop_time": 5,
        "overdue_time": "",
        "match_general": 0,
        "mapRole_id": 39,
        "extra": "这是头像。",
        "path": "hero_icon_head_gw_xiezinv_png",
        "des": "",
        "type": 2
    },
    "140040": {
        "id": 140040,
        "name": "比丝姬",
        "quality": 4,
        "price": 0,
        "drop_count": 0,
        "drop_time": 5,
        "overdue_time": "",
        "match_general": 0,
        "mapRole_id": 40,
        "extra": "这是头像。",
        "path": "hero_icon_head_gw_muji_png",
        "des": "",
        "type": 2
    },
    "140041": {
        "id": 140041,
        "name": "甘舒",
        "quality": 4,
        "price": 0,
        "drop_count": 0,
        "drop_time": 5,
        "overdue_time": "",
        "match_general": 0,
        "mapRole_id": 41,
        "extra": "这是头像。",
        "path": "hero_icon_head_gw_longxia_png",
        "des": "",
        "type": 2
    },
    "140042": {
        "id": 140042,
        "name": "枭亚普夫",
        "quality": 4,
        "price": 0,
        "drop_count": 0,
        "drop_time": 5,
        "overdue_time": "",
        "match_general": 0,
        "mapRole_id": 42,
        "extra": "这是头像。",
        "path": "hero_icon_head_gw_shizi_png",
        "des": "",
        "type": 2
    },
    "140043": {
        "id": 140043,
        "name": "孟徒徒尤匹",
        "quality": 4,
        "price": 0,
        "drop_count": 0,
        "drop_time": 5,
        "overdue_time": "",
        "match_general": 0,
        "mapRole_id": 43,
        "extra": "这是头像。",
        "path": "hero_icon_head_gw_niaoren_png",
        "des": "",
        "type": 2
    },
    "140044": {
        "id": 140044,
        "name": "尼飞彼多",
        "quality": 4,
        "price": 0,
        "drop_count": 0,
        "drop_time": 5,
        "overdue_time": "",
        "match_general": 0,
        "mapRole_id": 44,
        "extra": "这是头像。",
        "path": "hero_icon_head_wj_fulankelin_png",
        "des": "",
        "type": 2
    },
    "140045": {
        "id": 140045,
        "name": "庞姆",
        "quality": 4,
        "price": 0,
        "drop_count": 0,
        "drop_time": 5,
        "overdue_time": "",
        "match_general": 0,
        "mapRole_id": 45,
        "extra": "这是头像。",
        "path": "hero_icon_head_wj_huashidoulang_png",
        "des": "",
        "type": 2
    },
    "140046": {
        "id": 140046,
        "name": "小麦",
        "quality": 4,
        "price": 0,
        "drop_count": 0,
        "drop_time": 5,
        "overdue_time": "",
        "match_general": 0,
        "mapRole_id": 46,
        "extra": "这是头像。",
        "path": "hero_icon_head_wj_jidou_png",
        "des": "",
        "type": 2
    },
    "140049": {
        "id": 140049,
        "name": "小杰·黑化",
        "quality": 4,
        "price": 0,
        "drop_count": 0,
        "drop_time": 5,
        "overdue_time": "",
        "match_general": 0,
        "mapRole_id": 49,
        "extra": "这是头像。",
        "path": "hero_icon_head_wj_boluoliefu_png",
        "des": "",
        "type": 2
    },
    "140050": {
        "id": 140050,
        "name": "莫老五",
        "quality": 4,
        "price": 0,
        "drop_count": 0,
        "drop_time": 5,
        "overdue_time": "",
        "match_general": 0,
        "mapRole_id": 50,
        "extra": "这是头像。",
        "path": "hero_icon_head_wj_kuluoluo_png",
        "des": "",
        "type": 2
    },
    "140051": {
        "id": 140051,
        "name": "火红眼",
        "quality": 4,
        "price": 0,
        "drop_count": 0,
        "drop_time": 5,
        "overdue_time": "",
        "match_general": 0,
        "mapRole_id": 51,
        "extra": "这是头像。",
        "path": "hero_icon_head_wj_xiba_png",
        "des": "",
        "type": 2
    },
    "140052": {
        "id": 140052,
        "name": "拿酷戮",
        "quality": 4,
        "price": 0,
        "drop_count": 0,
        "drop_time": 5,
        "overdue_time": "",
        "match_general": 0,
        "mapRole_id": 48,
        "extra": "这是头像。",
        "path": "hero_icon_head_wj_jienuo_png",
        "des": "",
        "type": 2
    },
    "140053": {
        "id": 140053,
        "name": "梅雷翁",
        "quality": 4,
        "price": 0,
        "drop_count": 0,
        "drop_time": 5,
        "overdue_time": "",
        "match_general": 0,
        "mapRole_id": 47,
        "extra": "这是头像。",
        "path": "hero_icon_head_wj_kete_png",
        "des": "",
        "type": 2
    },
    "140054": {
        "id": 140054,
        "name": "亚路嘉",
        "quality": 4,
        "price": 0,
        "drop_count": 0,
        "drop_time": 5,
        "overdue_time": "",
        "match_general": 0,
        "mapRole_id": 52,
        "extra": "这是头像。",
        "path": "hero_icon_head_wj_kubi_png",
        "des": "",
        "type": 2
    },
    "140055": {
        "id": 140055,
        "name": "雷神奇犽",
        "quality": 4,
        "price": 0,
        "drop_count": 0,
        "drop_time": 5,
        "overdue_time": "",
        "match_general": 0,
        "mapRole_id": 53,
        "extra": "这是头像。",
        "path": "hero_icon_head_wj_libeiduo_png",
        "des": "",
        "type": 2
    },
    "142001": {
        "id": 142001,
        "name": "帮会头像1",
        "quality": 3,
        "price": 0,
        "drop_count": 0,
        "drop_time": 5,
        "overdue_time": "",
        "match_general": 0,
        "mapRole_id": 1,
        "extra": "这是头像。",
        "path": "hero_icon_head_wj_maqi_png",
        "des": "",
        "type": 3
    },
    "142002": {
        "id": 142002,
        "name": "帮会头像2",
        "quality": 3,
        "price": 0,
        "drop_count": 0,
        "drop_time": 5,
        "overdue_time": "",
        "match_general": 0,
        "mapRole_id": 1,
        "extra": "这是头像。",
        "path": "hero_icon_head_wj_menqi_png",
        "des": "",
        "type": 3
    },
    "142003": {
        "id": 142003,
        "name": "帮会头像3",
        "quality": 3,
        "price": 0,
        "drop_count": 0,
        "drop_time": 5,
        "overdue_time": "",
        "match_general": 0,
        "mapRole_id": 1,
        "extra": "这是头像。",
        "path": "hero_icon_head_wj_miji_png",
        "des": "",
        "type": 3
    },
    "142004": {
        "id": 142004,
        "name": "帮会头像4",
        "quality": 3,
        "price": 0,
        "drop_count": 0,
        "drop_time": 5,
        "overdue_time": "",
        "match_general": 0,
        "mapRole_id": 1,
        "extra": "这是头像。",
        "path": "hero_icon_head_wj_paike_png",
        "des": "",
        "type": 3
    },
    "142005": {
        "id": 142005,
        "name": "帮会头像5",
        "quality": 3,
        "price": 0,
        "drop_count": 0,
        "drop_time": 5,
        "overdue_time": "",
        "match_general": 0,
        "mapRole_id": 1,
        "extra": "这是头像。",
        "path": "hero_icon_head_wj_paike_png",
        "des": "",
        "type": 3
    }}
