{"frameRate":30,"isGlobal":0,"armature":[{"bone":[{"name":"root","transform":{"scY":0.888,"scX":0.888}},{"transform":{},"name":"Fuji","parent":"root"},{"transform":{"y":-52.7,"x":19.87},"name":"leg_l","parent":"root"},{"transform":{"y":2.87,"x":-45.41},"name":"foot_r2","parent":"root"},{"transform":{"y":-8.27,"x":66.17},"name":"foot_l","parent":"root"},{"transform":{"y":-54.02,"x":-52.76},"name":"leg_r","parent":"root"},{"transform":{"y":-0.37,"x":-32.42},"name":"foot_r","parent":"root"},{"transform":{"y":-341.67},"name":"buff_up","parent":"Fuji"},{"transform":{"y":-178.75},"name":"buff_mid","parent":"Fuji"},{"transform":{},"name":"buff_flo","parent":"Fuji"},{"transform":{"y":-125,"x":5},"name":"bip","parent":"Fuji"},{"length":19,"transform":{"y":-3.22,"skX":79.31,"skY":79.31,"x":7.34},"parent":"bip","name":"Dress"},{"length":69,"transform":{"y":-4.52,"skX":83.27,"skY":83.27,"x":-21.07},"parent":"bip","name":"Thigh_R"},{"length":67,"transform":{"y":3.29,"skX":46.53,"skY":46.53,"x":12.5},"parent":"bip","name":"Thigh_L"},{"length":57,"transform":{"y":6.99,"skX":-84.84,"skY":-84.84,"x":-4.15},"parent":"bip","name":"Body"},{"length":33,"transform":{"skX":10.5,"skY":10.5,"x":57.03},"parent":"Body","name":"spine"},{"length":19,"transform":{"skX":8.01,"skY":8.01,"x":19.65},"parent":"Dress","name":"Dress2"},{"length":48,"transform":{"y":0.16,"skX":109.56,"skY":109.56,"x":67.69},"parent":"Thigh_L","name":"Leg_L"},{"length":44,"transform":{"y":0.21,"skX":87.3,"skY":87.3,"x":68.53},"parent":"Thigh_R","name":"Leg_R"},{"length":38,"transform":{"y":3.53,"skX":171.07,"skY":171.07,"x":10.64},"parent":"Body","name":"Kua"},{"length":21,"transform":{"skX":1.9,"skY":1.9,"x":19.15},"parent":"Dress2","name":"Dress3"},{"length":37,"transform":{"y":-0.32,"skX":-100.26,"skY":-100.26,"x":48.6},"parent":"Leg_L","name":"Foot_L"},{"length":56,"transform":{"y":30.52,"skX":166.22,"skY":166.22,"x":32.57},"parent":"spine","name":"UpArm_L"},{"length":61,"transform":{"y":-37.97,"skX":-156.66,"skY":-156.66,"x":27.74},"parent":"spine","name":"UpArm_R"},{"length":35,"transform":{"y":-0.23,"skX":-63.29,"skY":-63.29,"x":45.38},"parent":"Leg_R","name":"Foot_R2"},{"length":39,"transform":{"y":2.56,"skX":-101.29,"skY":-101.29,"x":53.46},"parent":"Leg_R","name":"Foot_R"},{"length":40,"transform":{"skX":39.98,"skY":39.98,"x":33.64},"parent":"spine","name":"neck"},{"length":48,"transform":{"y":0.95,"skX":-57.96,"skY":-57.96,"x":61.81},"parent":"UpArm_R","name":"Arm_R"},{"length":28,"transform":{"y":-0.39,"skX":-28.11,"skY":-28.11,"x":37.5},"parent":"Foot_L","name":"Finger_L"},{"length":23,"transform":{"skX":-19.43,"skY":-19.43,"x":39.68},"parent":"Foot_R","name":"Finger_R"},{"length":77,"transform":{"y":-4.51,"skX":99.98,"skY":99.98,"x":42.36},"parent":"neck","name":"Head"},{"length":49,"transform":{"y":2.62,"skX":-63.73,"skY":-63.73,"x":57.29},"parent":"UpArm_L","name":"Arm_L"},{"length":28,"transform":{"y":-0.12,"skX":-55.31,"skY":-55.31,"x":35.67},"parent":"Foot_R2","name":"Finger_R2"},{"length":27,"transform":{"y":-7.68,"skX":170.26,"skY":170.26,"x":-1.06},"parent":"Head","name":"Ear_R"},{"length":37,"transform":{"y":1.36,"skX":-27.19,"skY":-27.19,"x":48.18},"parent":"Arm_L","name":"Hand_L"},{"length":28,"transform":{"y":-15.91,"skX":-131,"skY":-131,"x":8.37},"parent":"Head","name":"Ear_L"},{"length":33,"transform":{"y":2.72,"skX":-3.51,"skY":-3.51,"x":48.07},"parent":"Arm_R","name":"Hand_R"},{"length":25,"transform":{"y":0.05,"skX":-0.79,"skY":-0.79,"x":28.19},"parent":"Ear_L","name":"Ear_L2"},{"length":26,"transform":{"y":0.32,"skX":14.3,"skY":14.3,"x":28.51},"parent":"Ear_R","name":"Ear_R2"},{"length":50,"transform":{"skX":-16.7,"skY":-16.7,"x":26.91},"parent":"Ear_R2","name":"Ear_R3"},{"length":45,"transform":{"skX":-16.04,"skY":-16.04,"x":25.52},"parent":"Ear_L2","name":"Ear_L3"}],"type":"Armature","frameRate":30,"animation":[{"bone":[{"frame":[{"curve":[0.25,0,0.75,1],"transform":{},"duration":20},{"curve":[0.25,0,0.75,1],"transform":{"y":-4.45,"skX":0.61,"skY":0.61,"x":-1.85},"duration":20},{"transform":{},"duration":0}],"name":"bip"},{"frame":[{"curve":[0.25,0,0.75,1],"transform":{"skX":1.31,"skY":1.31},"duration":20},{"curve":[0.25,0,0.75,1],"transform":{"scY":1.007,"y":-2.51,"skX":-3.55,"skY":-3.55,"scX":1.007,"x":0.97},"duration":20},{"transform":{"skX":1.31,"skY":1.31},"duration":0}],"name":"Body"},{"frame":[{"curve":[0.359,0.64,0.695,1],"transform":{"skX":1.86,"skY":1.86},"duration":2},{"curve":[0.25,0,0.75,1],"transform":{"skX":1.71,"skY":1.71},"duration":20},{"curve":[0.245,0,0.71,0.83],"transform":{"scY":1.018,"skX":6.52,"skY":6.52,"scX":1.018},"duration":18},{"transform":{"skX":1.86,"skY":1.86},"duration":0}],"name":"spine"},{"frame":[{"curve":[0.374,0.61,0.715,1],"transform":{"skX":1.6,"skY":1.6},"duration":4},{"curve":[0.25,0,0.75,1],"transform":{"skX":1.6,"skY":1.6},"duration":20},{"curve":[0.242,0,0.679,0.71],"transform":{"skX":1.64,"skY":1.64},"duration":16},{"transform":{"skX":1.6,"skY":1.6},"duration":0}],"name":"neck"},{"frame":[{"curve":[0.381,0.58,0.731,1],"transform":{"y":-0.17,"skX":0.16,"skY":0.16,"x":0.1},"duration":6},{"curve":[0.25,0,0.75,1],"transform":{"skX":0.15,"skY":0.15},"duration":20},{"curve":[0.242,0,0.655,0.62],"transform":{"y":-0.74,"skX":0.18,"skY":0.18,"x":0.41},"duration":14},{"transform":{"y":-0.17,"skX":0.16,"skY":0.16,"x":0.1},"duration":0}],"name":"Head"},{"frame":[{"curve":[0.381,0.58,0.731,1],"transform":{"skX":0.59,"skY":0.59},"duration":6},{"curve":[0.25,0,0.75,1],"transform":{},"duration":20},{"curve":[0.242,0,0.655,0.62],"transform":{"skX":2.45,"skY":2.45},"duration":14},{"transform":{"skX":0.59,"skY":0.59},"duration":0}],"name":"Ear_R"},{"frame":[{"curve":[0.382,0.56,0.737,1],"transform":{"skX":-0.47,"skY":-0.47},"duration":7},{"curve":[0.25,0,0.75,1],"transform":{},"duration":20},{"curve":[0.243,0,0.645,0.58],"transform":{"skX":-1.56,"skY":-1.56},"duration":13},{"transform":{"skX":-0.47,"skY":-0.47},"duration":0}],"name":"Ear_L"},{"frame":[{"curve":[0.378,0.52,0.746,1],"transform":{"skX":-2.33,"skY":-2.33},"duration":9},{"curve":[0.25,0,0.75,1],"transform":{},"duration":20},{"curve":[0.247,0,0.63,0.52],"transform":{"skX":-8.41,"skY":-8.41},"duration":11},{"transform":{"skX":-2.33,"skY":-2.33},"duration":0}],"name":"Ear_L2"},{"frame":[{"curve":[0.369,0.47,0.752,1],"transform":{"skX":-5.53,"skY":-5.53},"duration":11},{"curve":[0.25,0,0.75,1],"transform":{},"duration":20},{"curve":[0.253,0,0.621,0.47],"transform":{"skX":-9.77,"skY":-9.77},"duration":9},{"transform":{"skX":-5.53,"skY":-5.53},"duration":0}],"name":"Ear_L3"},{"frame":[{"curve":[0.381,0.54,0.742,1],"transform":{"skX":1.6,"skY":1.6},"duration":8},{"curve":[0.25,0,0.75,1],"transform":{},"duration":20},{"curve":[0.245,0,0.637,0.55],"transform":{"skX":4.35,"skY":4.35},"duration":12},{"transform":{"skX":1.6,"skY":1.6},"duration":0}],"name":"Ear_R2"},{"frame":[{"curve":[0.375,0.5,0.75,1],"transform":{"skX":3.86,"skY":3.86},"duration":10},{"curve":[0.25,0,0.75,1],"transform":{},"duration":20},{"curve":[0.25,0,0.625,0.5],"transform":{"skX":7.72,"skY":7.72},"duration":10},{"transform":{"skX":3.86,"skY":3.86},"duration":0}],"name":"Ear_R3"},{"frame":[{"curve":[0.368,0.62,0.706,1],"transform":{"skX":-0.99,"skY":-0.99},"duration":3},{"curve":[0.25,0,0.75,1],"transform":{"skX":-1.7,"skY":-1.7},"duration":20},{"curve":[0.243,0,0.694,0.76],"transform":{"skX":6.76,"skY":6.76},"duration":17},{"transform":{"skX":-0.99,"skY":-0.99},"duration":0}],"name":"UpArm_R"},{"frame":[{"curve":[0.379,0.6,0.724,1],"transform":{"skX":0.18,"skY":0.18},"duration":5},{"curve":[0.25,0,0.75,1],"transform":{"skX":-1.43,"skY":-1.43},"duration":20},{"curve":[0.242,0,0.666,0.66],"transform":{"skX":7.35,"skY":7.35},"duration":15},{"transform":{"skX":0.18,"skY":0.18},"duration":0}],"name":"Arm_R"},{"frame":[{"curve":[0.382,0.56,0.737,1],"transform":{"skX":1.11,"skY":1.11},"duration":7},{"curve":[0.25,0,0.75,1],"transform":{"skX":-1.42,"skY":-1.42},"duration":20},{"curve":[0.243,0,0.645,0.58],"transform":{"skX":6.91,"skY":6.91},"duration":13},{"transform":{"skX":1.11,"skY":1.11},"duration":0}],"name":"Hand_R"},{"frame":[{"curve":[0.374,0.61,0.715,1],"transform":{"skX":0.02,"skY":0.02},"duration":4},{"curve":[0.25,0,0.75,1],"transform":{"skX":0.97,"skY":0.97},"duration":20},{"curve":[0.242,0,0.679,0.71],"transform":{"skX":-6.37,"skY":-6.37},"duration":16},{"transform":{"skX":0.02,"skY":0.02},"duration":0}],"name":"UpArm_L"},{"frame":[{"curve":[0.381,0.58,0.731,1],"transform":{"skX":0.21,"skY":0.21},"duration":6},{"curve":[0.25,0,0.75,1],"transform":{"skX":2.21,"skY":2.21},"duration":20},{"curve":[0.242,0,0.655,0.62],"transform":{"skX":-6.02,"skY":-6.02},"duration":14},{"transform":{"skX":0.21,"skY":0.21},"duration":0}],"name":"Arm_L"},{"frame":[{"curve":[0.381,0.54,0.742,1],"transform":{"skX":1.24,"skY":1.24},"duration":8},{"curve":[0.25,0,0.75,1],"transform":{"skX":5.03,"skY":5.03},"duration":20},{"curve":[0.245,0,0.637,0.55],"transform":{"skX":-5.26,"skY":-5.26},"duration":12},{"transform":{"skX":1.24,"skY":1.24},"duration":0}],"name":"Hand_L"},{"frame":[{"curve":[0.359,0.64,0.695,1],"transform":{"skX":-3.14,"skY":-3.14},"duration":2},{"curve":[0.25,0,0.75,1],"transform":{"skX":-2.82,"skY":-2.82},"duration":20},{"curve":[0.245,0,0.71,0.83],"transform":{"skX":-10.44,"skY":-10.44},"duration":18},{"transform":{"skX":-3.14,"skY":-3.14},"duration":0}],"name":"Dress"},{"frame":[{"curve":[0.374,0.61,0.715,1],"transform":{"skX":1.17,"skY":1.17},"duration":4},{"curve":[0.25,0,0.75,1],"transform":{"skX":2.53,"skY":2.53},"duration":20},{"curve":[0.242,0,0.679,0.71],"transform":{"skX":-7.91,"skY":-7.91},"duration":16},{"transform":{"skX":1.17,"skY":1.17},"duration":0}],"name":"Dress2"},{"frame":[{"curve":[0.381,0.58,0.731,1],"transform":{"skX":3.68,"skY":3.68},"duration":6},{"curve":[0.25,0,0.75,1],"transform":{"skX":9.63,"skY":9.63},"duration":20},{"curve":[0.242,0,0.655,0.62],"transform":{"skX":-14.93,"skY":-14.93},"duration":14},{"transform":{"skX":3.68,"skY":3.68},"duration":0}],"name":"Dress3"},{"frame":[{"transform":{},"duration":40},{"transform":{},"duration":0}],"name":"foot_r2"},{"frame":[{"transform":{},"duration":40},{"transform":{},"duration":0}],"name":"foot_r"},{"frame":[{"transform":{},"duration":40},{"transform":{},"duration":0}],"name":"leg_r"},{"frame":[{"transform":{},"duration":40},{"transform":{},"duration":0}],"name":"Thigh_R"},{"frame":[{"transform":{},"duration":40},{"transform":{},"duration":0}],"name":"Leg_R"},{"frame":[{"transform":{},"duration":40},{"transform":{},"duration":0}],"name":"Foot_R"},{"frame":[{"transform":{},"duration":40},{"transform":{},"duration":0}],"name":"Finger_R"},{"frame":[{"transform":{},"duration":40},{"transform":{},"duration":0}],"name":"foot_l"},{"frame":[{"transform":{},"duration":40},{"transform":{},"duration":0}],"name":"leg_l"},{"frame":[{"transform":{},"duration":40},{"transform":{},"duration":0}],"name":"Thigh_L"},{"frame":[{"transform":{},"duration":40},{"transform":{},"duration":0}],"name":"Leg_L"},{"frame":[{"transform":{},"duration":40},{"transform":{},"duration":0}],"name":"Foot_L"},{"frame":[{"transform":{},"duration":40},{"transform":{},"duration":0}],"name":"Finger_L"},{"frame":[{"transform":{},"duration":40},{"transform":{},"duration":0}],"name":"Foot_R2"},{"frame":[{"transform":{},"duration":40},{"transform":{},"duration":0}],"name":"Finger_R2"},{"frame":[{"transform":{},"duration":40},{"transform":{},"duration":0}],"name":"Kua"},{"frame":[{"transform":{},"duration":40}],"name":"root"},{"frame":[{"transform":{},"duration":40}],"name":"Fuji"},{"frame":[{"transform":{},"duration":40}],"name":"buff_up"},{"frame":[{"transform":{},"duration":40}],"name":"buff_mid"},{"frame":[{"transform":{},"duration":40}],"name":"buff_flo"}],"slot":[{"frame":[{"displayIndex":-1,"tweenEasing":0,"duration":40},{"displayIndex":-1,"tweenEasing":null,"duration":0}],"name":"Eye"},{"frame":[{"tweenEasing":0,"duration":40},{"tweenEasing":null,"duration":0}],"name":"Eye_01"},{"frame":[{"displayIndex":1,"tweenEasing":0,"duration":40},{"displayIndex":1,"tweenEasing":null,"duration":0}],"name":"Foot_R"}],"ffd":[{"frame":[{"offset":0,"tweenEasing":null,"vertices":[],"duration":40},{"offset":0,"tweenEasing":null,"vertices":[],"duration":0}],"slot":"Body","scale":1,"offset":0,"skin":"","name":"Body"}],"frame":[],"name":"0000_daiji","duration":40,"ik":[]},{"bone":[{"frame":[{"curve":[0.25,0,0.75,1],"transform":{"y":-13.31,"skX":6.99,"skY":6.99},"duration":3},{"curve":[0.25,0,0.75,1],"transform":{"y":-5,"skX":6.99,"skY":6.99},"duration":6},{"curve":[0.25,0,0.625,0.5],"transform":{"y":-26.63,"skX":6.99,"skY":6.99},"duration":3},{"curve":[0.25,0,0.75,1],"transform":{"y":-13.31,"skX":6.99,"skY":6.99},"duration":3},{"curve":[0.25,0,0.75,1],"transform":{"y":-5,"skX":6.99,"skY":6.99},"duration":6},{"curve":[0.25,0,0.625,0.5],"transform":{"y":-26.63,"skX":6.99,"skY":6.99},"duration":3},{"transform":{"y":-13.31,"skX":6.99,"skY":6.99},"duration":0}],"name":"bip"},{"frame":[{"curve":[0.375,0.5,0.75,1],"transform":{"skX":-1.64,"skY":-1.64},"duration":3},{"curve":[0.25,0,0.75,1],"transform":{"skX":-0.9,"skY":-0.9},"duration":6},{"curve":[0.25,0,0.75,1],"transform":{"skX":-2.38,"skY":-2.38},"duration":3},{"transform":{"skX":-2.38,"skY":-2.38},"duration":3},{"curve":[0.25,0,0.75,1],"transform":{"skX":-0.9,"skY":-0.9},"duration":6},{"curve":[0.25,0,0.625,0.5],"transform":{"skX":-2.38,"skY":-2.38},"duration":3},{"transform":{"skX":-1.64,"skY":-1.64},"duration":0}],"name":"Body"},{"frame":[{"curve":[0.351,0.4,0.756,1],"transform":{"skX":3.89,"skY":3.89},"duration":4},{"curve":[0.25,0,0.75,1],"transform":{"skX":6.28,"skY":6.28},"duration":6},{"curve":[0.25,0,0.75,1],"transform":{"skX":2.94,"skY":2.94},"duration":2},{"transform":{"skX":2.94,"skY":2.94},"duration":4},{"curve":[0.25,0,0.75,1],"transform":{"skX":6.28,"skY":6.28},"duration":6},{"curve":[0.264,0,0.617,0.42],"transform":{"skX":2.94,"skY":2.94},"duration":2},{"transform":{"skX":3.89,"skY":3.89},"duration":0}],"name":"spine"},{"frame":[{"curve":[0.31,0.25,0.756,1],"transform":{"skX":4.14,"skY":4.14},"duration":5},{"curve":[0.25,0,0.75,1],"transform":{"skX":5.93,"skY":5.93},"duration":6},{"curve":[0.25,0,0.75,1],"transform":{"skX":3.95,"skY":3.95},"duration":1},{"transform":{"skX":3.95,"skY":3.95},"duration":5},{"curve":[0.25,0,0.75,1],"transform":{"skX":5.93,"skY":5.93},"duration":6},{"curve":[0.29,0,0.629,0.37],"transform":{"skX":3.95,"skY":3.95},"duration":1},{"transform":{"skX":4.14,"skY":4.14},"duration":0}],"name":"neck"},{"frame":[{"curve":[0.25,0,0.75,1],"transform":{"skX":-9.18,"skY":-9.18},"duration":6},{"curve":[0.25,0,0.75,1],"transform":{"skX":-7.69,"skY":-7.69},"duration":6},{"curve":[0.25,0,0.75,1],"transform":{"skX":-9.18,"skY":-9.18},"duration":6},{"curve":[0.25,0,0.75,1],"transform":{"skX":-7.69,"skY":-7.69},"duration":6},{"transform":{"skX":-9.18,"skY":-9.18},"duration":0}],"name":"Head"},{"frame":[{"curve":[0.25,0,0.75,1],"transform":{},"duration":6},{"curve":[0.25,0,0.75,1],"transform":{"skX":-4.38,"skY":-4.38},"duration":6},{"curve":[0.25,0,0.75,1],"transform":{},"duration":6},{"curve":[0.25,0,0.75,1],"transform":{"skX":-4.38,"skY":-4.38},"duration":6},{"transform":{},"duration":0}],"name":"Ear_R"},{"frame":[{"curve":[0.37,0.62,0.709,1],"transform":{"skX":-0.57,"skY":-0.57},"duration":1},{"curve":[0.25,0,0.75,1],"transform":{},"duration":6},{"curve":[0.25,0,0.75,1],"transform":{"skX":-6,"skY":-6},"duration":6},{"curve":[0.25,0,0.75,1],"transform":{},"duration":6},{"curve":[0.243,0,0.689,0.75],"transform":{"skX":-6,"skY":-6},"duration":5},{"transform":{"skX":-0.57,"skY":-0.57},"duration":0}],"name":"Ear_L"},{"frame":[{"curve":[0.382,0.57,0.735,1],"transform":{"skX":-3.66,"skY":-3.66},"duration":2},{"curve":[0.25,0,0.75,1],"transform":{},"duration":6},{"curve":[0.25,0,0.75,1],"transform":{"skX":-12.92,"skY":-12.92},"duration":6},{"curve":[0.25,0,0.75,1],"transform":{},"duration":6},{"curve":[0.243,0,0.648,0.6],"transform":{"skX":-12.92,"skY":-12.92},"duration":4},{"transform":{"skX":-3.66,"skY":-3.66},"duration":0}],"name":"Ear_L2"},{"frame":[{"curve":[0.375,0.5,0.75,1],"transform":{"skX":-8.33,"skY":-8.33},"duration":3},{"curve":[0.25,0,0.75,1],"transform":{},"duration":6},{"curve":[0.25,0,0.75,1],"transform":{"skX":-16.66,"skY":-16.66},"duration":6},{"curve":[0.25,0,0.75,1],"transform":{},"duration":6},{"curve":[0.25,0,0.625,0.5],"transform":{"skX":-16.66,"skY":-16.66},"duration":3},{"transform":{"skX":-8.33,"skY":-8.33},"duration":0}],"name":"Ear_L3"},{"frame":[{"curve":[0.37,0.62,0.709,1],"transform":{"skX":-1.29,"skY":-1.29},"duration":1},{"curve":[0.25,0,0.75,1],"transform":{},"duration":6},{"curve":[0.25,0,0.75,1],"transform":{"skX":-13.42,"skY":-13.42},"duration":6},{"curve":[0.25,0,0.75,1],"transform":{},"duration":6},{"curve":[0.243,0,0.689,0.75],"transform":{"skX":-13.42,"skY":-13.42},"duration":5},{"transform":{"skX":-1.29,"skY":-1.29},"duration":0}],"name":"Ear_R2"},{"frame":[{"curve":[0.382,0.57,0.735,1],"transform":{"skX":-4.31,"skY":-4.31},"duration":2},{"curve":[0.25,0,0.75,1],"transform":{},"duration":6},{"curve":[0.25,0,0.75,1],"transform":{"skX":-15.22,"skY":-15.22},"duration":6},{"curve":[0.25,0,0.75,1],"transform":{},"duration":6},{"curve":[0.243,0,0.648,0.6],"transform":{"skX":-15.22,"skY":-15.22},"duration":4},{"transform":{"skX":-4.31,"skY":-4.31},"duration":0}],"name":"Ear_R3"},{"frame":[{"curve":[0.25,0,0.75,1],"transform":{"y":1.21,"skX":-72.21,"skY":-72.21,"x":1.6},"duration":12},{"curve":[0.25,0,0.75,1],"transform":{"skX":15.82,"skY":15.82},"duration":12},{"transform":{"y":1.21,"skX":-72.21,"skY":-72.21,"x":1.6},"duration":0}],"name":"UpArm_R"},{"frame":[{"curve":[0.356,0.64,0.69,1],"transform":{"skX":-4.32,"skY":-4.32},"duration":1},{"curve":[0.25,0,0.75,1],"transform":{"skX":-5.04,"skY":-5.04},"duration":11},{"transform":{"skX":-5.04,"skY":-5.04},"duration":1},{"curve":[0.245,0,0.716,0.85],"transform":{"skX":19.63,"skY":19.63},"duration":11},{"transform":{"skX":-4.32,"skY":-4.32},"duration":0}],"name":"Arm_R"},{"frame":[{"curve":[0.37,0.62,0.709,1],"transform":{"skX":-2.44,"skY":-2.44},"duration":2},{"curve":[0.25,0,0.75,1],"transform":{"skX":-3.23,"skY":-3.23},"duration":10},{"transform":{"skX":-3.23,"skY":-3.23},"duration":2},{"curve":[0.243,0,0.689,0.75],"transform":{"skX":4.95,"skY":4.95},"duration":10},{"transform":{"skX":-2.44,"skY":-2.44},"duration":0}],"name":"Hand_R"},{"frame":[{"curve":[0.356,0.64,0.69,1],"transform":{"y":-9.14,"skX":56.56,"skY":56.56,"x":-2.55},"duration":1},{"curve":[0.25,0,0.75,1],"transform":{"y":-9.41,"skX":59.13,"skY":59.13,"x":-2.63},"duration":12},{"curve":[0.245,0,0.716,0.85],"transform":{"skX":-29.46,"skY":-29.46},"duration":11},{"transform":{"y":-9.14,"skX":56.56,"skY":56.56,"x":-2.55},"duration":0}],"name":"UpArm_L"},{"frame":[{"curve":[0.37,0.62,0.709,1],"transform":{"skX":32.03,"skY":32.03},"duration":2},{"curve":[0.25,0,0.75,1],"transform":{"skX":34.73,"skY":34.73},"duration":12},{"curve":[0.243,0,0.689,0.75],"transform":{"skX":6.74,"skY":6.74},"duration":10},{"transform":{"skX":32.03,"skY":32.03},"duration":0}],"name":"Arm_L"},{"frame":[{"curve":[0.379,0.6,0.724,1],"transform":{"skX":15.78,"skY":15.78},"duration":3},{"curve":[0.25,0,0.75,1],"transform":{"skX":18.93,"skY":18.93},"duration":12},{"curve":[0.242,0,0.666,0.66],"transform":{"skX":1.83,"skY":1.83},"duration":9},{"transform":{"skX":15.78,"skY":15.78},"duration":0}],"name":"Hand_L"},{"frame":[{"curve":[0.25,0,0.75,1],"transform":{"skX":4.89,"skY":4.89},"duration":12},{"curve":[0.25,0,0.75,1],"transform":{"skX":-30.7,"skY":-30.7},"duration":12},{"transform":{"skX":4.89,"skY":4.89},"duration":0}],"name":"Dress"},{"frame":[{"curve":[0.379,0.6,0.724,1],"transform":{"skX":4.32,"skY":4.32},"duration":3},{"curve":[0.25,0,0.75,1],"transform":{"skX":10.21,"skY":10.21},"duration":12},{"curve":[0.242,0,0.666,0.66],"transform":{"skX":-21.7,"skY":-21.7},"duration":9},{"transform":{"skX":4.32,"skY":4.32},"duration":0}],"name":"Dress2"},{"frame":[{"curve":[0.375,0.5,0.75,1],"transform":{"skX":-1.37,"skY":-1.37},"duration":6},{"curve":[0.25,0,0.75,1],"transform":{"skX":14.29,"skY":14.29},"duration":12},{"curve":[0.25,0,0.625,0.5],"transform":{"skX":-17.05,"skY":-17.05},"duration":6},{"transform":{"skX":-1.37,"skY":-1.37},"duration":0}],"name":"Dress3"},{"frame":[{"transform":{},"duration":24},{"transform":{},"duration":0}],"name":"foot_r2"},{"frame":[{"transform":{"y":-35.91,"x":-94.47},"duration":24},{"transform":{"y":-35.91,"x":-94.47},"duration":0}],"name":"foot_r"},{"frame":[{"transform":{"y":-24,"x":-23.55},"duration":24},{"transform":{"y":-24,"x":-23.55},"duration":0}],"name":"leg_r"},{"frame":[{"curve":[0.25,0,0.75,1],"transform":{"skX":38.2,"skY":38.2,"x":7.57},"duration":3},{"curve":[0.25,0,0.75,1],"transform":{"skX":19.33,"skY":19.33,"x":7.57},"duration":3},{"curve":[0.25,0,0.75,1],"transform":{"skX":-22.95,"skY":-22.95,"x":7.57},"duration":3},{"curve":[0.25,0,0.75,1],"transform":{"y":4.27,"skX":-55.73,"skY":-55.73,"x":6.54},"duration":3},{"curve":[0.25,0,0.75,1],"transform":{"y":2.5,"skX":-46.54,"skY":-46.54,"x":5.61},"duration":3},{"curve":[0.25,0,0.75,1],"transform":{"scY":1.015,"y":2.5,"skX":-32.21,"skY":-32.21,"scX":0.84,"x":5.61},"duration":3},{"curve":[0.25,0,0.75,1],"transform":{"y":5.89,"skX":30.44,"skY":30.44,"x":3.44},"duration":6},{"transform":{"skX":38.2,"skY":38.2,"x":7.57},"duration":0}],"name":"Thigh_R"},{"frame":[{"curve":[0.25,0,0.75,1],"transform":{"skX":0.59,"skY":0.59},"duration":3},{"curve":[0.25,0,0.75,1],"transform":{"skX":6.48,"skY":6.48},"duration":3},{"curve":[0.25,0,0.75,1],"transform":{"skX":12.28,"skY":12.28},"duration":3},{"curve":[0.25,0,0.75,1],"transform":{"skX":-34.78,"skY":-34.78},"duration":3},{"curve":[0.25,0,0.75,1],"transform":{"skX":-44.65,"skY":-44.65},"duration":1},{"curve":[0.25,0,0.75,1],"transform":{"skX":-31.43,"skY":-31.43},"duration":1},{"curve":[0.25,0,0.75,1],"transform":{"skX":-29.15,"skY":-29.15},"duration":1},{"curve":[0.25,0,0.75,1],"transform":{"skX":-24.96,"skY":-24.96},"duration":1},{"curve":[0.25,0,0.75,1],"transform":{"skX":-25.29,"skY":-25.29},"duration":1},{"curve":[0.25,0,0.75,1],"transform":{"skX":-41.7,"skY":-41.7},"duration":1},{"curve":[0.25,0,0.75,1],"transform":{"skX":-62.36,"skY":-62.36},"duration":3},{"curve":[0.25,0,0.75,1],"transform":{"skX":-37.62,"skY":-37.62},"duration":3},{"transform":{"skX":0.59,"skY":0.59},"duration":0}],"name":"Leg_R"},{"frame":[{"curve":[0.25,0,0.75,1],"transform":{"skX":13.89,"skY":13.89},"duration":3},{"curve":[0.25,0,0.75,1],"transform":{"skX":9.78,"skY":9.78},"duration":3},{"curve":[0.25,0,0.75,1],"transform":{"skX":-15.52,"skY":-15.52},"duration":3},{"curve":[0.25,0,0.75,1],"transform":{"skX":39.88,"skY":39.88},"duration":3},{"curve":[0.25,0,0.75,1],"transform":{"skX":57.04,"skY":57.04},"duration":1},{"curve":[0.25,0,0.75,1],"transform":{"skX":40.62,"skY":40.62},"duration":1},{"curve":[0.25,0,0.75,1],"transform":{"skX":38.9,"skY":38.9},"duration":1},{"curve":[0.25,0,0.75,1],"transform":{"skX":40.37,"skY":40.37},"duration":1},{"curve":[0.25,0,0.75,1],"transform":{"skX":27.39,"skY":27.39},"duration":1},{"curve":[0.25,0,0.75,1],"transform":{"skX":15.94,"skY":15.94},"duration":1},{"curve":[0.25,0,0.75,1],"transform":{"skX":30.71,"skY":30.71},"duration":3},{"curve":[0.25,0,0.75,1],"transform":{"skX":40.31,"skY":40.31},"duration":3},{"transform":{"skX":13.89,"skY":13.89},"duration":0}],"name":"Foot_R"},{"frame":[{"curve":[0.25,0,0.75,1],"transform":{"skX":25.88,"skY":25.88},"duration":3},{"curve":[0.25,0,0.75,1],"transform":{"skX":35.35,"skY":35.35},"duration":3},{"curve":[0.25,0,0.75,1],"transform":{"skX":30.68,"skY":30.68},"duration":3},{"curve":[0.25,0,0.75,1],"transform":{"skX":6.63,"skY":6.63},"duration":3},{"curve":[0.25,0,0.75,1],"transform":{"skX":17.51,"skY":17.51},"duration":1},{"curve":[0.25,0,0.75,1],"transform":{"skX":17.78,"skY":17.78},"duration":1},{"curve":[0.25,0,0.75,1],"transform":{"skX":15.33,"skY":15.33},"duration":1},{"curve":[0.25,0,0.75,1],"transform":{"skX":9.27,"skY":9.27},"duration":2},{"curve":[0.25,0,0.75,1],"transform":{"skX":1.24,"skY":1.24},"duration":1},{"curve":[0.25,0,0.75,1],"transform":{"skX":-8.6,"skY":-8.6},"duration":1},{"curve":[0.25,0,0.75,1],"transform":{"skX":21.43,"skY":21.43},"duration":2},{"curve":[0.25,0,0.75,1],"transform":{"skX":30.22,"skY":30.22},"duration":3},{"transform":{"skX":25.88,"skY":25.88},"duration":0}],"name":"Finger_R"},{"frame":[{"transform":{"y":8.52,"x":11.23},"duration":24},{"transform":{"y":8.52,"x":11.23},"duration":0}],"name":"foot_l"},{"frame":[{"transform":{"y":9.18,"x":8.17},"duration":24},{"transform":{"y":9.18,"x":8.17},"duration":0}],"name":"leg_l"},{"frame":[{"curve":[0.25,0,0.75,1],"transform":{"scY":1.009,"skX":1.92,"skY":1.92,"scX":0.91},"duration":3},{"curve":[0.25,0,0.75,1],"transform":{"scY":1.047,"skX":5.85,"skY":5.85,"scX":0.895},"duration":3},{"curve":[0.25,0,0.75,1],"transform":{"y":6.05,"skX":62.51,"skY":62.51,"scX":0.995,"x":-14.96},"duration":3},{"curve":[0.25,0,0.75,1],"transform":{"y":-0.09,"skX":74.21,"skY":74.21,"scX":0.995,"x":-13.41},"duration":3},{"curve":[0.25,0,0.71875,0.875],"transform":{"y":-1.41,"skX":82.42,"skY":82.42,"x":-9.88},"duration":3},{"curve":[0.375,0.5,0.75,1],"transform":{"y":-1.41,"skX":57.43,"skY":57.43,"x":-9.88},"duration":3},{"curve":[0.25,0,0.625,0.5],"transform":{"y":-1.41,"skX":27.16,"skY":27.16,"x":-9.88},"duration":3},{"curve":[0.375,0.5,0.75,1],"transform":{"y":-1.41,"skX":1.82,"skY":1.82,"x":-9.88},"duration":3},{"transform":{"scY":1.009,"skX":1.92,"skY":1.92,"scX":0.91},"duration":0}],"name":"Thigh_L"},{"frame":[{"curve":[0.264,0,0.617,0.42],"transform":{"skX":-79.13,"skY":-79.13},"duration":1},{"curve":[0.325,0.3,0.674,0.69],"transform":{"skX":-57.6,"skY":-57.6},"duration":1},{"curve":[0.382,0.57,0.735,1],"transform":{"skX":-38.96,"skY":-38.96},"duration":1},{"curve":[0.264,0,0.617,0.42],"transform":{"skX":-29.43,"skY":-29.43},"duration":1},{"curve":[0.325,0.3,0.674,0.69],"transform":{"skX":-31.85,"skY":-31.85},"duration":1},{"curve":[0.382,0.57,0.735,1],"transform":{"skX":-48.86,"skY":-48.86},"duration":1},{"curve":[0.25,0,0.75,1],"transform":{"skX":-69.52,"skY":-69.52},"duration":3},{"curve":[0.25,0,0.75,1],"transform":{"skX":-66.13,"skY":-66.13},"duration":3},{"curve":[0.25,0,0.75,1],"transform":{"skX":-34.83,"skY":-34.83},"duration":3},{"curve":[0.25,0,0.75,1],"transform":{"skX":-5.21,"skY":-5.21},"duration":3},{"curve":[0.25,0,0.75,1],"transform":{"skX":-7.98,"skY":-7.98},"duration":3},{"curve":[0.25,0,0.75,1],"transform":{"skX":-77.45,"skY":-77.45},"duration":3},{"transform":{"skX":-79.13,"skY":-79.13},"duration":0}],"name":"Leg_L"},{"frame":[{"curve":[0.264,0,0.617,0.42],"transform":{"skX":58.71,"skY":58.71},"duration":1},{"curve":[0.325,0.3,0.674,0.69],"transform":{"skX":32.63,"skY":32.63},"duration":1},{"curve":[0.382,0.57,0.735,1],"transform":{"skX":16.01,"skY":16.01},"duration":1},{"curve":[0.264,0,0.617,0.42],"transform":{"skX":7.73,"skY":7.73},"duration":1},{"curve":[0.325,0.3,0.674,0.69],"transform":{"skX":3.11,"skY":3.11},"duration":1},{"curve":[0.382,0.57,0.735,1],"transform":{"skX":6.23,"skY":6.23},"duration":1},{"curve":[0.25,0,0.75,1],"transform":{"skX":15.34,"skY":15.34},"duration":3},{"curve":[0.25,0,0.75,1],"transform":{"skX":50.34,"skY":50.34},"duration":3},{"curve":[0.25,0,0.75,1],"transform":{"skX":21.09,"skY":21.09},"duration":3},{"curve":[0.25,0,0.75,1],"transform":{"skX":10.37,"skY":10.37},"duration":3},{"curve":[0.25,0,0.75,1],"transform":{"skX":-8.6,"skY":-8.6},"duration":3},{"curve":[0.25,0,0.75,1],"transform":{"skX":37.04,"skY":37.04},"duration":3},{"transform":{"skX":58.71,"skY":58.71},"duration":0}],"name":"Foot_L"},{"frame":[{"curve":[0.264,0,0.617,0.42],"transform":{"skX":24.77,"skY":24.77},"duration":1},{"curve":[0.325,0.3,0.674,0.69],"transform":{"skX":27.61,"skY":27.61},"duration":1},{"curve":[0.382,0.57,0.735,1],"transform":{"skX":25.03,"skY":25.03},"duration":1},{"curve":[0.264,0,0.617,0.42],"transform":{"skX":19.24,"skY":19.24},"duration":1},{"curve":[0.325,0.3,0.674,0.69],"transform":{"skX":15.56,"skY":15.56},"duration":1},{"curve":[0.382,0.57,0.735,1],"transform":{"skX":-1.74,"skY":-1.74},"duration":1},{"curve":[0.25,0,0.75,1],"transform":{"skX":-6.32,"skY":-6.32},"duration":3},{"curve":[0.25,0,0.75,1],"transform":{"skX":3.32,"skY":3.32},"duration":3},{"curve":[0.25,0,0.75,1],"transform":{"skX":33.03,"skY":33.03},"duration":3},{"curve":[0.25,0,0.75,1],"transform":{"skX":19.24,"skY":19.24},"duration":3},{"curve":[0.25,0,0.75,1],"transform":{"skX":18.39,"skY":18.39},"duration":3},{"curve":[0.25,0,0.75,1],"transform":{"skX":7.42,"skY":7.42},"duration":3},{"transform":{"skX":24.77,"skY":24.77},"duration":0}],"name":"Finger_L"},{"frame":[{"transform":{},"duration":12},{"transform":{},"duration":12},{"transform":{},"duration":0}],"name":"Foot_R2"},{"frame":[{"transform":{},"duration":24}],"name":"Finger_R2"},{"frame":[{"curve":[0.25,0,0.75,1],"transform":{},"duration":12},{"curve":[0.25,0,0.75,1],"transform":{"scY":0.883},"duration":12},{"transform":{},"duration":0}],"name":"Kua"},{"frame":[{"transform":{},"duration":24}],"name":"root"},{"frame":[{"transform":{},"duration":24}],"name":"Fuji"},{"frame":[{"transform":{},"duration":24}],"name":"buff_up"},{"frame":[{"transform":{},"duration":24}],"name":"buff_mid"},{"frame":[{"transform":{},"duration":24}],"name":"buff_flo"}],"slot":[{"frame":[{"displayIndex":-1,"tweenEasing":0,"duration":24},{"displayIndex":-1,"tweenEasing":null,"duration":0}],"name":"Eye"}],"ffd":[],"frame":[],"name":"0001_yidong","duration":24,"ik":[{"frame":[{"tweenEasing":null,"bendPositive":true,"weight":0,"duration":24}],"offset":0,"name":"leg_l","scale":1},{"frame":[{"tweenEasing":null,"bendPositive":true,"weight":0,"duration":24}],"offset":0,"name":"leg_r","scale":1},{"frame":[{"tweenEasing":null,"bendPositive":false,"weight":0,"duration":24}],"offset":0,"name":"foot_l","scale":1},{"frame":[{"tweenEasing":null,"bendPositive":false,"weight":0,"duration":24}],"offset":0,"name":"foot_r2","scale":1},{"frame":[{"tweenEasing":null,"bendPositive":false,"weight":0,"duration":24}],"offset":0,"name":"foot_r","scale":1}]},{"bone":[{"frame":[{"curve":[0.359,0.64,0.695,1],"transform":{"skX":1.86,"skY":1.86},"duration":7},{"curve":[0.25,0,0.875,0.73],"transform":{"skX":-10.78,"skY":-10.78},"duration":3},{"transform":{"skX":-7.22,"skY":-7.22},"duration":12},{"curve":[0.25,0,0.75,1],"transform":{"skX":-7.22,"skY":-7.22},"duration":8},{"transform":{"skX":1.86,"skY":1.86},"duration":0}],"name":"spine"},{"frame":[{"transform":{},"duration":30},{"transform":{},"duration":0}],"name":"Foot_R"},{"frame":[{"curve":[0.381,0.58,0.731,1],"transform":{"y":-0.17,"skX":0.16,"skY":0.16,"x":0.1},"duration":7},{"curve":[0.25,0,0.875,0.73],"transform":{"y":-0.17,"skX":-3.17,"skY":-3.17,"x":0.1},"duration":3},{"curve":[0.25,0,0.75,1],"transform":{"y":-0.17,"skX":-39.75,"skY":-39.75,"x":0.1},"duration":5},{"curve":[0.25,0,0.75,1],"transform":{"y":-0.17,"skX":-43.17,"skY":-43.17,"x":0.1},"duration":7},{"curve":[0.25,0,0.75,1],"transform":{"y":-0.17,"skX":-39.75,"skY":-39.75,"x":0.1},"duration":8},{"transform":{"y":-0.17,"skX":0.16,"skY":0.16,"x":0.1},"duration":0}],"name":"Head"},{"frame":[{"curve":[0.25,0,0.75,1],"transform":{},"duration":7},{"curve":[0.25,0,0.875,0.73],"transform":{"y":-11.58,"skX":-14.53,"skY":-14.53,"x":-17.38},"duration":3},{"transform":{"y":12.96,"skX":19.06,"skY":19.06,"x":25.86},"duration":12},{"curve":[0.25,0,0.75,1],"transform":{"y":12.96,"skX":19.06,"skY":19.06,"x":25.86},"duration":8},{"transform":{},"duration":0}],"name":"bip"},{"frame":[{"curve":[0.375,0.5,0.75,1],"transform":{"skX":3.86,"skY":3.86},"duration":10},{"curve":[0.25,0,0.948,0.8],"transform":{"skX":18.53,"skY":18.53},"duration":3},{"curve":[0.25,0,0.75,1],"transform":{"skX":-8.04,"skY":-8.04},"duration":12},{"curve":[0.25,0,0.75,1],"transform":{"skX":-1.57,"skY":-1.57},"duration":5},{"transform":{"skX":3.86,"skY":3.86},"duration":0}],"name":"Ear_R3"},{"frame":[{"transform":{},"duration":30},{"transform":{},"duration":0}],"name":"Finger_R"},{"frame":[{"transform":{},"duration":30},{"transform":{},"duration":0}],"name":"Foot_L"},{"frame":[{"curve":[0.381,0.58,0.731,1],"transform":{"skX":0.21,"skY":0.21},"duration":7},{"curve":[0.25,0,0.875,0.73],"transform":{"skX":-19.41,"skY":-19.41},"duration":3},{"curve":[0.25,0,0.75,1],"transform":{"skX":-63.01,"skY":-63.01},"duration":5},{"curve":[0.25,0,0.75,1],"transform":{"skX":-65.83,"skY":-65.83},"duration":7},{"curve":[0.25,0,0.75,1],"transform":{"skX":-63.01,"skY":-63.01},"duration":8},{"transform":{"skX":0.21,"skY":0.21},"duration":0}],"name":"Arm_L"},{"frame":[{"curve":[0.374,0.61,0.715,1],"transform":{"skX":1.17,"skY":1.17},"duration":9},{"curve":[0.25,0,0.948,0.8],"transform":{"skX":-17.88,"skY":-17.88},"duration":3},{"curve":[0.25,0,0.75,1],"transform":{"skX":9.91,"skY":9.91},"duration":12},{"curve":[0.25,0,0.75,1],"transform":{"skX":-0.58,"skY":-0.58},"duration":6},{"transform":{"skX":1.17,"skY":1.17},"duration":0}],"name":"Dress2"},{"frame":[{"transform":{},"duration":30},{"transform":{},"duration":0}],"name":"Leg_R"},{"frame":[{"transform":{},"duration":30},{"transform":{},"duration":0}],"name":"Leg_L"},{"frame":[{"curve":[0.25,0,0.75,1],"transform":{"skX":1.31,"skY":1.31},"duration":7},{"curve":[0.25,0,0.875,0.73],"transform":{"skX":-0.85,"skY":-0.85},"duration":3},{"curve":[0.325,0.3,0.662,0.65],"transform":{"skX":16.27,"skY":16.27},"duration":5},{"curve":[0.337,0.34,0.674,0.69],"transform":{"scY":0.97,"skX":16.27,"skY":16.27,"scX":0.97},"duration":7},{"curve":[0.25,0,0.75,1],"transform":{"skX":16.27,"skY":16.27},"duration":8},{"transform":{"skX":1.31,"skY":1.31},"duration":0}],"name":"Body"},{"frame":[{"transform":{},"duration":30},{"transform":{},"duration":0}],"name":"Foot_R2"},{"frame":[{"curve":[0.378,0.52,0.746,1],"transform":{"skX":-2.33,"skY":-2.33},"duration":8},{"curve":[0.25,0,0.948,0.8],"transform":{"skX":4.27,"skY":4.27},"duration":3},{"curve":[0.25,0,0.75,1],"transform":{"skX":-21.32,"skY":-21.32},"duration":12},{"curve":[0.25,0,0.75,1],"transform":{"skX":-14.54,"skY":-14.54},"duration":7},{"transform":{"skX":-2.33,"skY":-2.33},"duration":0}],"name":"Ear_L2"},{"frame":[{"curve":[0.369,0.47,0.752,1],"transform":{"skX":-5.53,"skY":-5.53},"duration":9},{"curve":[0.25,0,0.948,0.8],"transform":{"skX":1.07,"skY":1.07},"duration":3},{"curve":[0.25,0,0.75,1],"transform":{"skX":-13.89,"skY":-13.89},"duration":12},{"curve":[0.25,0,0.75,1],"transform":{"skX":-15.19,"skY":-15.19},"duration":6},{"transform":{"skX":-5.53,"skY":-5.53},"duration":0}],"name":"Ear_L3"},{"frame":[{"curve":[0.309,0.31,0.728,1],"transform":{"skX":-0.99,"skY":-0.99},"duration":7},{"curve":[0.25,0,0.875,0.73],"transform":{"scY":1.029,"skX":241.74,"skY":241.74,"scX":1.029},"duration":3},{"curve":[0.25,0,0.75,1],"transform":{"scY":1.028,"skX":27.35,"skY":27.35,"scX":1.028},"duration":5},{"curve":[0.25,0,0.75,1],"transform":{"scY":1.028,"skX":30.28,"skY":30.28,"scX":1.028},"duration":7},{"curve":[0.25,0,0.75,1],"transform":{"scY":1.028,"skX":27.35,"skY":27.35,"scX":1.028},"duration":8},{"transform":{"skX":-0.99,"skY":-0.99},"duration":0}],"name":"UpArm_R"},{"frame":[{"transform":{},"duration":30},{"transform":{},"duration":0}],"name":"Finger_L"},{"frame":[{"curve":[0.381,0.58,0.731,1],"transform":{"skX":0.59,"skY":0.59},"duration":8},{"curve":[0.25,0,0.948,0.8],"transform":{"skX":-344.73,"skY":-344.73},"duration":3},{"curve":[0.25,0,0.75,1],"transform":{"skX":1.43,"skY":1.43},"duration":12},{"curve":[0.25,0,0.75,1],"transform":{"skX":3.95,"skY":3.95},"duration":7},{"transform":{"skX":0.59,"skY":0.59},"duration":0}],"name":"Ear_R"},{"frame":[{"curve":[0.381,0.54,0.742,1],"transform":{"skX":1.6,"skY":1.6},"duration":9},{"curve":[0.25,0,0.948,0.8],"transform":{"skX":16.27,"skY":16.27},"duration":3},{"curve":[0.25,0,0.75,1],"transform":{"skX":-11.29,"skY":-11.29},"duration":12},{"curve":[0.25,0,0.75,1],"transform":{"skX":-2.29,"skY":-2.29},"duration":6},{"transform":{"skX":1.6,"skY":1.6},"duration":0}],"name":"Ear_R2"},{"frame":[{"transform":{},"duration":30},{"transform":{},"duration":0}],"name":"Thigh_R"},{"frame":[{"curve":[0.379,0.6,0.724,1],"transform":{"skX":0.18,"skY":0.18},"duration":7},{"curve":[0.25,0,0.875,0.73],"transform":{"skX":-19.25,"skY":-19.25},"duration":3},{"curve":[0.25,0,0.75,1],"transform":{"skX":-34.76,"skY":-34.76},"duration":5},{"curve":[0.25,0,0.75,1],"transform":{"skX":-37.6,"skY":-37.6},"duration":7},{"curve":[0.25,0,0.75,1],"transform":{"skX":-34.76,"skY":-34.76},"duration":8},{"transform":{"skX":0.18,"skY":0.18},"duration":0}],"name":"Arm_R"},{"frame":[{"curve":[0.374,0.61,0.715,1],"transform":{"skX":1.6,"skY":1.6},"duration":7},{"curve":[0.25,0,0.875,0.73],"transform":{"skX":-1.99,"skY":-1.99},"duration":3},{"curve":[0.25,0,0.75,1],"transform":{"skX":2.25,"skY":2.25},"duration":5},{"curve":[0.25,0,0.75,1],"transform":{"skX":4.84,"skY":4.84},"duration":7},{"curve":[0.25,0,0.75,1],"transform":{"skX":2.25,"skY":2.25},"duration":8},{"transform":{"skX":1.6,"skY":1.6},"duration":0}],"name":"neck"},{"frame":[{"curve":[0.281,0.1525,0.74125,1],"transform":{"skX":0.02,"skY":0.02},"duration":7},{"curve":[0.25,0,0.875,0.73],"transform":{"scY":1.053,"y":-16.05,"skX":-80.78,"skY":-80.78,"scX":1.053,"x":0.14},"duration":3},{"curve":[0.25,0,0.75,1],"transform":{"scY":1.086,"y":-19.56,"skX":-290.42,"skY":-290.42,"scX":1.086,"x":-6.31},"duration":5},{"curve":[0.25,0,0.75,1],"transform":{"scY":1.086,"y":-19.56,"skX":-288.81,"skY":-288.81,"scX":1.086,"x":-6.31},"duration":7},{"curve":[0.25,0,0.75,1],"transform":{"scY":1.086,"y":-19.56,"skX":-290.42,"skY":-290.42,"scX":1.086,"x":-6.31},"duration":8},{"transform":{"skX":0.02,"skY":0.02},"duration":0}],"name":"UpArm_L"},{"frame":[{"transform":{},"duration":30},{"transform":{},"duration":0}],"name":"Thigh_L"},{"frame":[{"curve":[0.382,0.56,0.737,1],"transform":{"skX":1.11,"skY":1.11},"duration":7},{"curve":[0.25,0,0.875,0.73],"transform":{"skX":-37.52,"skY":-37.52},"duration":3},{"curve":[0.25,0,0.75,1],"transform":{"skX":-20.44,"skY":-20.44},"duration":5},{"curve":[0.25,0,0.75,1],"transform":{"skX":-24.49,"skY":-24.49},"duration":7},{"curve":[0.25,0,0.75,1],"transform":{"skX":-20.44,"skY":-20.44},"duration":8},{"transform":{"skX":1.11,"skY":1.11},"duration":0}],"name":"Hand_R"},{"frame":[{"curve":[0.381,0.54,0.742,1],"transform":{"skX":1.24,"skY":1.24},"duration":7},{"curve":[0.25,0,0.875,0.73],"transform":{"skX":-8.51,"skY":-8.51},"duration":3},{"curve":[0.25,0,0.75,1],"transform":{"skX":11.16,"skY":11.16},"duration":5},{"curve":[0.25,0,0.75,1],"transform":{"skX":5.69,"skY":5.69},"duration":7},{"curve":[0.25,0,0.75,1],"transform":{"skX":11.16,"skY":11.16},"duration":8},{"transform":{"skX":1.24,"skY":1.24},"duration":0}],"name":"Hand_L"},{"frame":[{"curve":[0.382,0.56,0.737,1],"transform":{"skX":-0.47,"skY":-0.47},"duration":7},{"curve":[0.25,0,0.948,0.8],"transform":{"skX":6.13,"skY":6.13},"duration":3},{"curve":[0.25,0,0.75,1],"transform":{"skX":-8.83,"skY":-8.83},"duration":12},{"curve":[0.25,0,0.75,1],"transform":{"skX":1.74,"skY":1.74},"duration":8},{"transform":{"skX":-0.47,"skY":-0.47},"duration":0}],"name":"Ear_L"},{"frame":[{"curve":[0.381,0.58,0.731,1],"transform":{"skX":3.68,"skY":3.68},"duration":11},{"curve":[0.25,0,0.948,0.8],"transform":{"skX":-15.37,"skY":-15.37},"duration":3},{"curve":[0.25,0,0.75,1],"transform":{"skX":12.43,"skY":12.43},"duration":12},{"curve":[0.25,0,0.75,1],"transform":{"skX":1.93,"skY":1.93},"duration":4},{"transform":{"skX":3.68,"skY":3.68},"duration":0}],"name":"Dress3"},{"frame":[{"curve":[0.359,0.64,0.695,1],"transform":{"skX":-3.14,"skY":-3.14},"duration":7},{"curve":[0.25,0,0.948,0.8],"transform":{"skX":-22.2,"skY":-22.2},"duration":3},{"curve":[0.25,0,0.75,1],"transform":{"skX":5.59,"skY":5.59},"duration":12},{"curve":[0.25,0,0.75,1],"transform":{"skX":-4.9,"skY":-4.9},"duration":8},{"transform":{"skX":-3.14,"skY":-3.14},"duration":0}],"name":"Dress"},{"frame":[{"transform":{},"duration":7},{"curve":[0.243,0,0.608,0.4],"transform":{},"duration":1},{"curve":[0.408,0.29,0.873,0.78],"transform":{"y":-10.24,"x":5.78},"duration":2},{"transform":{"x":29.79},"duration":15},{"curve":[0.25,0,0.75,1],"transform":{"x":29.79},"duration":5},{"transform":{},"duration":0}],"name":"leg_l"},{"frame":[{"transform":{},"duration":7},{"curve":[0.243,0,0.608,0.4],"transform":{},"duration":1},{"curve":[0.408,0.29,0.873,0.78],"transform":{"y":-10.24,"x":5.78},"duration":2},{"transform":{"x":29.79},"duration":15},{"curve":[0.25,0,0.75,1],"transform":{"x":29.79},"duration":5},{"transform":{},"duration":0}],"name":"foot_l"},{"frame":[{"transform":{},"duration":30},{"transform":{},"duration":0}],"name":"foot_r"},{"frame":[{"transform":{},"duration":30},{"transform":{},"duration":0}],"name":"foot_r2"},{"frame":[{"transform":{},"duration":30},{"transform":{},"duration":0}],"name":"leg_r"},{"frame":[{"transform":{},"duration":30},{"transform":{},"duration":0}],"name":"Kua"},{"frame":[{"transform":{},"duration":30}],"name":"root"},{"frame":[{"transform":{},"duration":30}],"name":"Fuji"},{"frame":[{"transform":{},"duration":30}],"name":"buff_up"},{"frame":[{"transform":{},"duration":30}],"name":"buff_mid"},{"frame":[{"transform":{},"duration":30}],"name":"buff_flo"},{"frame":[{"transform":{},"duration":30}],"name":"Finger_R2"}],"slot":[{"frame":[{"displayIndex":-1,"tweenEasing":0,"duration":30},{"displayIndex":-1,"tweenEasing":null,"duration":0}],"name":"Eye"},{"frame":[{"tweenEasing":0,"duration":30},{"tweenEasing":null,"duration":0}],"name":"Eye_01"},{"frame":[{"displayIndex":1,"tweenEasing":0,"duration":30},{"displayIndex":1,"tweenEasing":null,"duration":0}],"name":"Foot_R"}],"ffd":[{"frame":[{"offset":0,"tweenEasing":null,"vertices":[],"duration":30},{"offset":0,"tweenEasing":null,"vertices":[],"duration":0}],"slot":"Body","scale":1,"offset":0,"skin":"","name":"Body"}],"frame":[],"name":"0002_shifa","duration":30,"ik":[]}],"skin":[{"slot":[{"display":[{"path":"Thigh_L","type":"image","name":"Thigh_L","transform":{"y":1.09,"skX":-46.59,"skY":-46.59,"x":30.94}}],"name":"Thigh_L"},{"display":[{"vertices":[-2.5,-294,-2.52,-282.1,16.71,-248.3,25.87,-228.71,32.09,-212.22,47.99,-212.2,48,-223.93,42.79,-236.69,33.94,-262.81,6.71,-293.97,26.21,-255.11,34.49,-231.67],"uvs":[-0.01818,-0.01111,-0.01818,0.13768,0.37675,0.55997,0.565,0.80491,0.69253,1.01111,1.01818,1.01111,1.01818,0.86429,0.91115,0.70471,0.72896,0.37813,0.17027,-0.01111,0.57107,0.47462,0.74111,0.7678],"path":"Ear_R","edges":[0,1,1,2,2,3,3,4,4,5,5,6,6,7,7,8,8,9,9,0],"triangles":[8,10,7,7,11,6,3,4,11,10,11,7,10,2,11,2,3,11,1,2,10,1,0,10,9,10,8,9,0,10,4,11,5,6,11,5],"type":"mesh","transform":{},"slotPose":[1,0,0,1,0,0],"userEdges":[0,10,10,11,11,5],"width":55,"bonePose":[39,-0.5284517743432281,-0.7136404712412924,0.7136404712412924,-0.5284517743432281,25.919658343900178,-255.8011223477888,33,-0.49810407109172616,-0.7351437508146612,0.7351437508146612,-0.49810407109172616,47.9877155322948,-212.2022454701017,38,-0.3010909001051729,-0.8353970731776936,0.8353970731776936,-0.3010909001051729,34.02201446573038,-233.32058710857703],"height":90,"name":"Ear_R","weights":[1,39,1,1,39,1,3,33,0.1696,38,0.56954,39,0.26082,2,33,0.99746,38,0.00253,1,33,1,1,33,1,2,33,0.87157,38,0.12842,1,38,1,2,38,0.3459,39,0.65409,2,38,0.00026,39,0.99972,2,38,0.5,39,0.5,1,33,1]}],"name":"Ear_R"},{"display":[{"path":"Leg_L","type":"image","name":"Leg_L","transform":{"y":1.77,"skX":-155.89,"skY":-155.89,"x":19.96}}],"name":"Leg_L"},{"display":[{"vertices":[-66.27,-70.12,-71.82,-47.81,-58.66,-21.27,-62.15,-16.02,-59.88,-1.78,-37.46,7.5,-20.16,5.64,-18.29,-15.14,-31.38,-16.95,-36.31,-21.07,-49.31,-65.89,-45.89,-21.14,-44.03,-16.32,-34.71,-0.61],"uvs":[-0.01449,-0.01333,-0.01449,0.33179,0.29851,0.67099,0.26395,0.76003,0.35612,0.95931,0.74786,1.01333,1.01449,0.92327,0.96216,0.61375,0.74786,0.63496,0.65338,0.59255,0.27087,-0.01333,0.5013,0.62648,0.54969,0.69008,0.75938,0.88511],"path":"Foot_L","edges":[0,1,1,2,2,3,3,4,4,5,5,6,6,7,7,8,8,9,9,10,10,0],"triangles":[8,13,7,7,13,6,13,5,6,10,11,9,4,5,13,12,4,13,12,13,8,9,12,8,1,2,11,11,12,9,3,4,12,11,2,12,2,3,12,1,0,11,10,0,11],"type":"mesh","transform":{},"slotPose":[1,0,0,1,0,0],"userEdges":[0,11,11,12,12,13],"width":69,"bonePose":[25,0.3141756021778007,0.8305646820062942,-0.8305646820062942,0.3141756021778007,-54.52717547659516,-49.021139623081474,29,0.5725743229836171,0.6787507971706941,-0.6787507971706941,0.5725743229836171,-42.06068758218003,-16.06433304107172],"height":75,"name":"Foot_L","weights":[1,25,1,1,25,1,2,25,0.81348,29,0.18651,2,25,0.5202,29,0.47979,2,25,0.12502,29,0.87497,1,29,1,1,29,1,1,29,1,2,25,0.04378,29,0.95621,2,25,0.49635,29,0.50364,1,25,1,1,25,1,1,29,1,1,29,1]},{"vertices":[-63.36,-70.12,-65.31,-23.34,-70.13,-15.49,-69.98,1.29,-44.22,6.22,-26.62,2.93,-26.62,-5.59,-35.62,-19.69,-43.88,-19.68,-45.18,-21.86,-38.75,-42.14,-41.37,-70.13,-47.54,-44.35,-54.42,-22.5,-55.63,-16.93,-45.53,-1.19],"uvs":[0.14132,-0.0119,0.09405,0.61539,-0.02128,0.72049,-0.01769,0.94565,0.5995,1.0119,1.02128,0.96782,1.02128,0.85349,0.80593,0.6645,0.60784,0.6645,0.57657,0.63533,0.73086,0.3635,0.66831,-0.0119,0.52027,0.33385,0.35554,0.62668,0.32635,0.70134,0.56822,0.91255],"path":"Foot_R","edges":[2,3,3,4,4,5,5,6,6,7,7,8,8,9,9,10,10,11,11,0,0,1,1,2],"triangles":[11,12,10,15,4,5,15,5,6,7,15,6,12,9,10,8,15,7,12,13,9,14,15,8,0,12,11,9,14,8,15,3,4,1,13,12,13,14,9,14,3,15,0,1,12,2,3,14,1,14,13,1,2,14],"type":"mesh","transform":{},"slotPose":[1,0,0,1,0,0],"userEdges":[12,13,13,14,14,15],"width":47,"bonePose":[24,-0.2637729244404071,0.8479197157350191,-0.8479197157350191,-0.2637729244404071,-47.04317222440509,-47.75267611426124,32,0.5470737052325605,0.6994671979750857,-0.6994671979750857,0.5470737052325605,-56.350202073306214,-17.475727103060258],"height":84,"name":"Foot_R","weights":[1,24,1,2,24,0.85652,32,0.14347,2,24,0.37362,32,0.62637,2,24,0.01361,32,0.98638,1,32,1,1,32,1,1,32,1,2,24,0.06748,32,0.93251,2,24,0.36336,32,0.63663,2,24,0.66457,32,0.33542,1,24,1,1,24,1,1,24,1,1,24,1,2,24,0.5,32,0.5,1,32,1]}],"name":"Foot_R"},{"display":[{"path":"Eye_01","type":"image","name":"Eye_01","transform":{"y":-7.18,"skX":-65.4,"skY":-65.4,"x":23.72}}],"blendMode":"add","name":"Eye_01"},{"display":[{"path":"Hand_R","type":"image","name":"Hand_R","transform":{"y":-2.97,"skX":-67.32,"skY":-67.32,"x":17.98}}],"name":"Hand_R"},{"display":[{"path":"Kua","type":"image","name":"Kua","transform":{"y":2.19,"skX":-86.23,"skY":-86.23,"x":13.17}}],"name":"Kua"},{"display":[{"path":"Head","type":"image","name":"Head","transform":{"y":2.61,"skX":-65.4,"skY":-65.4,"x":4.68}}],"name":"Head"},{"display":[{"path":"UpArm_R","type":"image","name":"UpArm_R","transform":{"y":1.33,"skX":-129.17,"skY":-129.17,"x":25.2}}],"name":"UpArm_R"},{"display":[{"vertices":[82.95,-291.22,74.44,-283.96,69.53,-251.46,61.32,-233.25,54.21,-214.12,58.1,-207.59,66.44,-205.98,76.79,-229.14,85.17,-250.69,85.67,-289.27,77.58,-250.7,68.75,-230.06],"uvs":[0.91963,-0.01064,0.63799,0.07634,0.47704,0.46564,0.20546,0.68394,-0.02941,0.91315,0.09984,0.99138,0.37646,1.01064,0.71846,0.73306,0.99507,0.47473,1.01016,0.01268,0.7436,0.47473,0.4519,0.72214],"path":"Ear_L","edges":[4,5,5,6,6,7,7,8,8,9,9,0,0,1,1,2,2,3,3,4],"triangles":[1,2,10,10,7,8,11,6,7,11,7,10,2,11,10,2,3,11,3,4,11,1,0,10,0,10,9,9,10,8,4,11,5,5,6,11],"type":"mesh","transform":{},"slotPose":[1,0,0,1,0,0],"userEdges":[0,10,10,11,11,5],"width":34,"bonePose":[40,0.12036187519745269,-0.8798051028488941,0.8798051028488941,0.12036187519745269,77.72572246195276,-251.06018440645028,37,0.35877358974437085,-0.8122964429947592,0.8122964429947592,0.35877358974437085,68.5698204516764,-230.33037918122403,35,0.36993915734944866,-0.8072725808917209,0.8072725808917209,0.36993915734944866,58.100871976950856,-207.5918620837539],"height":94,"name":"Ear_L","weights":[1,40,1,1,40,1,2,37,0.64773,40,0.35226,2,35,0.51581,37,0.48418,1,35,1,1,35,1,1,35,1,2,35,0.25477,37,0.74522,2,37,0.33747,40,0.66252,1,40,1,2,37,0.5,40,0.5,2,35,0.5,37,0.5]}],"name":"Ear_L"},{"display":[{"path":"Arm_L","type":"image","name":"Arm_L","transform":{"y":8.64,"skX":-28.35,"skY":-28.35,"x":14.07}}],"name":"Arm_L"},{"display":[{"path":"buff_mid","type":"image","name":"buff_mid","transform":{"y":-0.67,"x":1.42}}],"name":"buff_mid"},{"display":[{"path":"Thigh_R","type":"image","name":"Thigh_R","transform":{"y":0.49,"skX":-83.26,"skY":-83.26,"x":34.7}}],"name":"Thigh_R"},{"display":[{"vertices":[-0.89,-65.74,-0.91,-42.14,18.07,-20.05,15.11,-14.33,21.01,-1.11,44.66,2.68,62.1,-4.63,57.1,-24.54,45.08,-23.18,40.15,-26.14,15.93,-65.72,30.1,-23.19,33.84,-18.65],"uvs":[-0.01449,-0.01333,-0.01449,0.34104,0.29556,0.67255,0.24729,0.75839,0.34382,0.95671,0.72991,1.01333,1.01449,0.90344,0.9326,0.60447,0.73634,0.62519,0.6559,0.5808,0.26016,-0.01333,0.49182,0.62519,0.55295,0.69328],"path":"Foot_L","edges":[0,1,1,2,2,3,3,4,4,5,5,6,6,7,7,8,8,9,9,10,10,0],"triangles":[7,8,6,8,5,6,10,11,9,9,12,8,8,12,5,12,4,5,11,12,9,1,2,11,3,4,12,11,2,12,2,3,12,1,0,11,10,0,11],"type":"mesh","transform":{},"slotPose":[1,0,0,1,0,0],"userEdges":[0,11,11,12],"width":69,"bonePose":[21,0.4987454152926997,0.7347087931449524,-0.7347087931449524,0.4987454152926997,17.452112315628327,-46.60647419963175,28,0.7860854044632202,0.41305415733278295,-0.41305415733278295,0.7860854044632202,36.441601818431096,-19.24940516866019],"height":75,"name":"Foot_L","weights":[1,21,1,1,21,1,1,21,1,2,21,0.75,28,0.25,2,21,0.2,28,0.8,1,28,1,1,28,1,1,28,1,2,21,0.54666,28,0.45333,2,21,0.87999,28,0.12,1,21,1,2,21,0.87999,28,0.12,2,21,0.82,28,0.18]}],"name":"Foot_L"},{"display":[{"path":"Eye","type":"image","name":"Eye","transform":{"y":-5.33,"skX":-65.4,"skY":-65.4,"x":19.83}}],"name":"Eye"},{"display":[{"path":"UpArm_L","type":"image","name":"UpArm_L","transform":{"y":0.35,"skX":-91.85,"skY":-91.85,"x":24.45}}],"name":"UpArm_L"},{"display":[{"vertices":[18.02,-255.75,-5.67,-239.42,-36.9,-205.25,-37.29,-173.23,-35.29,-154.93,-37.29,-128.83,0.75,-104.79,22.27,-111.06,32.5,-144.96,49.46,-165.68,46.23,-176.7,56.46,-178.58,55.13,-197.42,53.26,-212.48,49.51,-243.7,20.96,-212.76,-2.99,-203.9,24.45,-194.19,12.34,-184.79,32.78,-177.51,5.07,-154.39,20.94,-149,-14.84,-164.07,13.5,-229.97],"uvs":[0.56182,-0.00595,0.31721,0.10356,-0.00525,0.33261,-0.00917,0.54724,0.01143,0.66988,-0.00917,0.84482,0.38392,1.00595,0.60631,0.96386,0.71194,0.7366,0.88706,0.59773,0.8537,0.52379,0.95934,0.51116,0.94544,0.38491,0.92599,0.28391,0.88706,0.0747,0.5924,0.28211,0.345,0.34163,0.62854,0.40655,0.50345,0.46967,0.71472,0.51838,0.42839,0.67348,0.5924,0.70956,0.22269,0.60856,0.51524,0.16682],"path":"Body","edges":[3,4,4,5,5,6,6,7,7,8,8,9,9,10,10,11,11,12,12,13,13,14,14,0,0,1,1,2,2,3],"triangles":[14,15,13,12,10,11,23,15,14,19,10,12,17,19,12,13,17,12,15,17,13,0,23,14,10,19,9,19,8,9,19,21,8,20,21,19,18,20,19,17,18,19,21,7,8,21,20,7,20,6,7,15,16,17,16,18,17,1,23,0,23,16,15,5,6,20,22,20,18,1,16,23,16,22,18,4,5,22,22,5,20,3,22,16,2,3,16,1,2,16,3,4,22],"type":"mesh","transform":{},"slotPose":[1,0,0,1,0,0],"userEdges":[13,15,15,16,16,2,12,17,17,18,16,18,18,19,19,10,18,20,20,6,19,21,21,7,16,22,22,5,14,23,23,16],"width":109,"bonePose":[15,0.2396963254809208,-0.8550378187840257,0.8550378187840257,0.2396963254809208,5.309462291210533,-155.23028712588848,26,0.7330508540689401,-0.5011790551776855,0.5011790551776855,0.7330508540689401,13.372846680388708,-183.99375934978312,14,0.07986432213239582,-0.884401317304725,0.884401317304725,0.07986432213239582,0.7547999999999999,-104.79288],"height":168,"name":"Body","weights":[2,15,0.01434,26,0.98565,2,15,0.11804,26,0.88195,1,15,1,2,14,0.24952,15,0.75047,2,14,0.54937,15,0.45062,2,14,0.88477,15,0.11522,1,14,1,1,14,1,2,14,0.63361,15,0.36638,1,15,1,2,15,0.20952,26,0.79047,2,15,0.09126,26,0.90873,2,15,0.01026,26,0.98973,1,26,1,1,26,1,2,15,0.03429,26,0.9657,2,15,0.31792,26,0.68207,1,26,1,2,15,0.5,26,0.5,2,15,0.252,26,0.74798,2,14,0.5,15,0.5,2,14,0.63735,15,0.36263,2,14,0.30264,15,0.69735,2,15,0.03714,26,0.96285]}],"name":"Body"},{"display":[{"path":"buff_flo","type":"image","name":"buff_flo","transform":{"y":-0.78,"x":0.54}}],"name":"buff_flo"},{"display":[{"path":"Arm_R","type":"image","name":"Arm_R","transform":{"y":7.51,"skX":-70.89,"skY":-70.89,"x":19.41}}],"name":"Arm_R"},{"display":[{"path":"Leg_R","type":"image","name":"Leg_R","transform":{"y":1.63,"skX":-170.58,"skY":-170.58,"x":21.77}}],"name":"Leg_R"},{"display":[{"path":"buff_up","type":"image","name":"buff_up","transform":{"x":1.04}}],"name":"buff_up"},{"display":[{"vertices":[-13.9,-131.05,-18.65,-124.11,-8.59,-111.7,-6.05,-95.84,-5.12,-77.6,-1.84,-59.52,20.83,-59.5,25.74,-78.91,25.74,-96.82,25.75,-117.09,19.66,-130.24,12.16,-127.51,9.09,-121.36,-3.35,-124.78,-7.95,-131.43,-5.74,-116.93,10.96,-113.86,18.63,-115.91,14.37,-97.15,14.89,-78.75,3.12,-96.65,5.33,-77.9],"uvs":[0.09015,-0.00717,-0.02083,0.09166,0.21527,0.26842,0.2747,0.49459,0.29659,0.75498,0.37392,1.01266,0.90591,1.01266,1.02083,0.7359,1.02083,0.48071,1.02083,0.1915,0.87791,0.00436,0.70192,0.04325,0.62992,0.13074,0.33792,0.08213,0.22992,-0.01266,0.28192,0.19393,0.67392,0.23768,0.85391,0.20851,0.75392,0.47585,0.76592,0.73833,0.48992,0.48314,0.54192,0.75048],"path":"Dress","edges":[1,2,2,3,3,4,4,5,5,6,6,7,7,8,8,9,9,10,10,11,11,12,12,13,13,14,14,0,0,1],"triangles":[16,18,17,17,18,8,18,19,8,8,19,7,19,6,7,17,8,9,10,17,9,11,12,17,11,17,10,19,21,6,21,5,6,21,19,18,20,21,18,12,16,17,16,20,18,12,15,16,3,4,20,20,4,21,4,5,21,13,15,12,2,3,20,14,0,13,1,2,15,13,15,0,0,1,15,2,15,20,15,20,16],"type":"mesh","transform":{},"slotPose":[1,0,0,1,0,0],"userEdges":[15,0,15,16,16,17,15,20,20,21,21,5,16,18,18,19,19,6],"width":48,"bonePose":[14,0.07986432213239582,-0.884401317304725,0.884401317304725,0.07986432213239582,0.7547999999999999,-104.79288,11,0.16471966147430364,0.8725889256252286,-0.8725889256252286,0.16471966147430364,10.95792,-113.85936,16,0.04152089931882033,0.8870287565348467,-0.8870287565348467,0.04152089931882033,14.194661347970069,-96.71298761146426,20,0.012088475131625458,0.8879177150890685,-0.8879177150890685,0.012088475131625458,14.989786569925478,-79.72638692382195],"height":79,"name":"Dress","weights":[1,14,1,2,14,0.7,11,0.3,2,14,0.1,11,0.9,3,11,0.02478,16,0.89295,20,0.08225,2,16,0.41386,20,0.58613,2,16,0.01483,20,0.98516,1,20,1,2,16,0.50254,20,0.49745,2,11,0.52357,16,0.47642,2,14,0.1,11,0.9,1,14,1,1,14,1,2,14,0.8,11,0.2,2,14,0.9,11,0.1,1,14,1,2,14,0.3,11,0.7,2,14,0.3,11,0.7,2,14,0.3,11,0.7,2,11,0.5,16,0.5,2,16,0.5,20,0.5,3,11,0.16919,16,0.7856,20,0.04519,2,16,0.46874,20,0.53125]}],"name":"Dress"},{"display":[{"path":"Hand_L","type":"image","name":"Hand_L","transform":{"y":1.57,"skX":-0.93,"skY":-0.93,"x":16.51}}],"name":"Hand_L"}],"name":""}],"defaultActions":[{"gotoAndPlay":"0000_daiji"}],"aabb":{"width":192.91808020033787,"y":-311.40296,"height":325.04370719038155,"x":-84.91135670010894},"slot":[{"name":"UpArm_L","parent":"UpArm_L","color":{}},{"z":1,"name":"Arm_L","parent":"Arm_L","color":{}},{"z":2,"name":"Hand_L","parent":"Hand_L","color":{}},{"z":3,"name":"Kua","parent":"Kua","color":{}},{"z":4,"name":"Leg_L","parent":"Leg_L","color":{}},{"z":5,"name":"Foot_L","parent":"Foot_L","color":{}},{"z":6,"name":"Thigh_L","parent":"Thigh_L","color":{}},{"z":7,"name":"Body","parent":"Body","color":{}},{"z":8,"name":"Leg_R","parent":"Leg_R","color":{}},{"z":9,"name":"Foot_R","parent":"Foot_R2","color":{}},{"z":10,"name":"Thigh_R","parent":"Thigh_R","color":{}},{"z":11,"name":"Dress","parent":"Dress","color":{}},{"z":12,"name":"UpArm_R","parent":"UpArm_R","color":{}},{"z":13,"name":"Arm_R","parent":"Arm_R","color":{}},{"z":14,"name":"Hand_R","parent":"Hand_R","color":{}},{"z":15,"name":"Ear_L","parent":"Ear_L","color":{}},{"z":16,"name":"Head","parent":"Head","color":{}},{"blendMode":"add","z":17,"parent":"Head","name":"Eye_01","color":{}},{"z":18,"name":"Eye","parent":"Head","color":{}},{"z":19,"name":"Ear_R","parent":"Ear_R","color":{}},{"z":20,"name":"buff_flo","parent":"buff_flo","color":{"aM":0}},{"z":21,"name":"buff_mid","parent":"buff_mid","color":{"aM":0}},{"z":22,"name":"buff_up","parent":"buff_up","color":{"aM":0}}],"name":"armatureName","ik":[{"chain":1,"bone":"Leg_R","name":"leg_r","target":"leg_r"},{"chain":1,"bone":"Leg_L","name":"leg_l","target":"leg_l"},{"chain":1,"bone":"Finger_L","name":"foot_l","bendPositive":"false","target":"foot_l"},{"chain":1,"bone":"Finger_R2","name":"foot_r2","bendPositive":"false","target":"foot_r2"},{"chain":1,"bone":"Finger_R","name":"foot_r","bendPositive":"false","target":"foot_r"}]}],"name":"cw_007_mohu_gj","version":"4.0"}