{"frameRate":30,"name":"middle","version":"5.5","compatibleVersion":"5.5","armature":[{"type":"Armature","frameRate":30,"name":"armatureName","aabb":{"x":176.77,"y":-346.99,"width":1544.1,"height":275.98},"bone":[{"name":"root"},{"length":55,"name":"flagl","parent":"root","transform":{"x":368.09,"y":-293.75,"skX":-111.39,"skY":-111.39}},{"name":"l2","parent":"root","transform":{"x":1202.67,"y":-193.2}},{"name":"l3","parent":"root","transform":{"x":1212.03,"y":-190.98}},{"name":"l5","parent":"root","transform":{"x":1216.76,"y":-279.84}},{"length":17,"name":"tree3","parent":"root","transform":{"x":809.43,"y":-206.17,"skX":-88.45,"skY":-88.45}},{"length":35,"name":"tree6","parent":"root","transform":{"x":1710.84,"y":-243.13,"skX":-90.97,"skY":-90.97}},{"length":12,"name":"flagbattle3","parent":"root","transform":{"x":1590.69,"y":-288.65,"skX":91.73,"skY":91.73}},{"length":35,"name":"tree4","parent":"root","transform":{"x":1488.13,"y":-288.97,"skX":-90,"skY":-90}},{"length":13,"name":"doorleft","parent":"root","transform":{"x":652.5,"y":-146.47,"skX":-26.39,"skY":-26.39}},{"length":12,"name":"doorleft2","parent":"root","transform":{"x":651.9,"y":-131.02,"skX":-9.91,"skY":-9.91}},{"length":11,"name":"doorright","parent":"root","transform":{"x":676.64,"y":-147.68,"skX":-154.11,"skY":-154.11}},{"length":11,"name":"doorright2","parent":"root","transform":{"x":677.35,"y":-135.56,"skX":169.72,"skY":169.72}},{"length":14,"name":"flagbattle","parent":"root","transform":{"x":1578.94,"y":-289.39,"skX":92.93,"skY":92.93}},{"length":17,"name":"flagbattle2","parent":"root","transform":{"x":1604.26,"y":-290.85,"skX":90,"skY":90}},{"length":51,"name":"flagr","parent":"root","transform":{"x":319.32,"y":-296.31,"skX":-119.64,"skY":-119.64}},{"name":"g1","parent":"root","transform":{"x":665.09,"y":-143.56}},{"length":37,"name":"light","parent":"root","transform":{"x":1031.08,"y":-244,"skX":88.51,"skY":88.51}},{"name":"light3","parent":"root","transform":{"x":710.73,"y":-210.38}},{"length":28,"name":"tree2","parent":"root","transform":{"x":822.04,"y":-208.59,"skX":-86.05,"skY":-86.05}},{"name":"light4","parent":"root","transform":{"x":694.12,"y":-278.2}},{"length":32,"name":"tree5","parent":"root","transform":{"x":1478.05,"y":-283.45,"skX":-90,"skY":-90}},{"name":"l6","parent":"root","transform":{"x":1203.52,"y":-292.35}},{"name":"light1","parent":"root","transform":{"x":724.57,"y":-165.4}},{"name":"light2","parent":"root","transform":{"x":732.18,"y":-210.38}},{"length":14,"name":"light7","parent":"root","transform":{"x":932.53,"y":-166.68,"skX":89.66,"skY":89.66}},{"length":12,"name":"light6","parent":"root","transform":{"x":876.2,"y":-178.57,"skX":90,"skY":90}},{"name":"light5","parent":"root","transform":{"x":741.87,"y":-278.89}},{"length":82,"name":"rd1","parent":"root","transform":{"x":230.18,"y":-240.53,"skX":-90.4,"skY":-90.4}},{"length":37,"name":"tree1","parent":"root","transform":{"x":933.11,"y":-197.44,"skX":-79.4,"skY":-79.4}},{"name":"light8","parent":"root","transform":{"x":1238.84,"y":-100.75}},{"length":9,"name":"bone5","parent":"flagbattle3","transform":{"x":12.11,"skX":0.39,"skY":0.39}},{"name":"g2","parent":"light","transform":{"x":23.25,"y":0.99,"scX":0.535,"scY":0.535}},{"inheritRotation":false,"length":12,"name":"flag","parent":"flagl","transform":{"x":48.14,"y":-1.95,"skX":155.39,"skY":155.39}},{"inheritRotation":false,"length":10,"name":"bone","parent":"flag","transform":{"x":12.32,"skX":160.78,"skY":160.78}},{"inheritRotation":false,"length":10,"name":"bone2","parent":"bone","transform":{"x":10.24,"skX":173.93,"skY":173.93}},{"inheritRotation":false,"length":11,"name":"bone3","parent":"bone2","transform":{"x":10.25,"skX":-170.11,"skY":-170.11}},{"inheritRotation":false,"length":8,"name":"bone4","parent":"bone3","transform":{"x":11.4,"skX":-166.07,"skY":-166.07}}],"slot":[{"blendMode":"add","name":"doorlight","parent":"g1"},{"name":"doorright","parent":"doorright2"},{"name":"doorleft","parent":"doorleft2"},{"name":"flagbattle","parent":"flagbattle3"},{"name":"flagl","parent":"flagl"},{"name":"flagr","parent":"flagr"},{"name":"flag","parent":"flag"},{"name":"tree3","parent":"tree3"},{"name":"tree2","parent":"tree2"},{"name":"tree1","parent":"tree1"},{"name":"light","parent":"light"},{"blendMode":"add","name":"color","parent":"root"},{"name":"rd1","parent":"rd1"},{"blendMode":"add","name":"light1","parent":"light1"},{"blendMode":"add","name":"light2","parent":"light2"},{"blendMode":"add","name":"light3","parent":"light3"},{"blendMode":"add","name":"light4","parent":"light4"},{"blendMode":"add","name":"light5","parent":"light5"},{"name":"light6","parent":"light6"},{"name":"light7","parent":"light7"},{"blendMode":"add","name":"light8","parent":"light8"},{"name":"tree4","parent":"tree4"},{"name":"tree5","parent":"tree5"},{"name":"tree6","parent":"tree6"},{"name":"g1","parent":"g2","color":{"gM":85,"bM":0}},{"name":"l1","parent":"root"},{"name":"l4","parent":"root"},{"name":"l2","parent":"l2"},{"name":"l3","parent":"l3"},{"name":"l5","parent":"l5"},{"name":"l6","parent":"l6"}],"skin":[{"slot":[{"name":"light1","display":[{"name":"light1","transform":{"x":23.27,"y":3.74}}]},{"name":"flag","display":[{"type":"mesh","name":"flag","width":58,"height":22,"vertices":[352,-333.66,351.99,-330.72,359.84,-331.71,347.11,-332.72,357.91,-330.02,330.97,-326.32,303.09,-323.42,294.95,-339.82,297.93,-339.25,344.69,-332.46,357.83,-331.93,350.33,-334.58,355.26,-329.02,347.6,-343.91],"uvs":[1,0.4656,0.99998,0.59923,0.82143,0.74488,0.61405,0.89329,0.40089,0.95647,0.24633,0.93802,0.15703,0.93789,0.01601,0.19286,0.06724,0.21876,0.20509,0.30446,0.39695,0.42614,0.57934,0.34097,0.73395,0.22541,0.92373,0.00001],"triangles":[13,12,0,12,2,0,2,1,0,11,3,12,12,3,2,11,10,3,10,4,3,5,4,10,9,5,10,8,6,9,9,6,5,8,7,6],"weights":[1,1,1,1,1,1,2,33,0.73001,34,0.26998,2,34,0.60763,35,0.39236,3,15,0.00702,35,0.48613,36,0.50682,2,15,0.42178,36,0.57821,1,15,1,1,15,1,1,15,1,3,15,0.03598,36,0.20833,37,0.75568,3,35,0.37191,36,0.61634,37,0.01173,3,33,0.00182,34,0.63996,35,0.35821,2,33,0.65464,34,0.34534,1,1,1],"slotPose":[1,0,0,1,0,0],"bonePose":[1,-0.364714,-0.931119,0.931119,-0.364714,368.09,-293.75,15,-0.494549,-0.86915,0.86915,-0.494549,319.32,-296.31,33,0.71934,0.694658,-0.694658,0.71934,348.716972,-337.862899,34,-0.907924,-0.419135,0.419135,-0.907924,357.579238,-329.304708,35,0.947154,0.320778,-0.320778,0.947154,348.282098,-333.596652,36,-0.877983,-0.478692,0.478692,-0.877983,357.990429,-330.308675,37,0.736923,0.675976,-0.675976,0.736923,347.981424,-335.765762],"edges":[7,6,6,5,5,4,4,3,3,2,2,1,1,0,0,13,13,12,12,11,11,10,10,9,9,8,8,7],"userEdges":[12,2,11,3,10,4]}]},{"name":"l2","display":[{"name":"l2","transform":{"x":1.28,"y":0.06}}]},{"name":"light8","display":[{"name":"light7","transform":{"x":9.97,"y":2.74}}]},{"name":"light5","display":[{"name":"light4","transform":{"x":-0.04,"y":0.65}}]},{"name":"light","display":[{"name":"light","transform":{"x":20.52,"y":-0.38,"skX":-88.51,"skY":-88.51}}]},{"name":"l6","display":[{"name":"l6","transform":{"x":2.25,"y":7.72}}]},{"name":"flagbattle","display":[{"type":"mesh","name":"flagbattle","width":36,"height":24,"vertices":[1609.93,-279.89,1609.93,-271.71,1590.87,-266.65,1573.95,-273.53,1573.94,-279.56,1573.95,-290.65,1590.6,-290.63,1609.93,-290.64,1590.58,-279.32],"uvs":[1,0.44806,1,0.78882,0.47013,0.99999,0,0.7131,0,0.46225,0,0,0.46254,0,1,0,0.46255,0.47172],"triangles":[8,2,1,7,6,0,6,8,0,8,1,0,5,4,6,6,4,8,3,2,8,4,3,8],"weights":[2,7,0.16,14,0.84,3,7,0.2263,31,0.27,14,0.5037,1,31,1,3,7,0.2263,31,0.27,13,0.5037,2,7,0.16,13,0.84,1,13,1,1,7,1,1,14,1,2,7,0.52999,31,0.47],"slotPose":[1,0,0,1,0,0],"bonePose":[7,-0.03019,0.999544,-0.999544,-0.03019,1590.69,-288.65,14,0,1,-1,0,1604.26,-290.85,31,-0.036993,0.999316,-0.999316,-0.036993,1590.324404,-276.54552,13,-0.051116,0.998693,-0.998693,-0.051116,1578.94,-289.39],"edges":[3,2,2,1,1,0,0,7,7,6,6,5,5,4,4,3],"userEdges":[]}]},{"name":"g1","display":[{"name":"g1","transform":{"x":1.63,"y":-1.86,"skX":-88.51,"skY":-88.51}}]},{"name":"light2","display":[{"name":"light2","transform":{"x":16.82,"y":8.12}}]},{"name":"tree3","display":[{"name":"tree3","transform":{"x":7.82,"y":-0.14,"skX":88.45,"skY":88.45}}]},{"name":"l3","display":[{"name":"l3","transform":{"x":-2.73,"y":-1.63}}]},{"name":"tree4","display":[{"name":"tree4","transform":{"x":17.36,"y":0.79,"skX":90,"skY":90}}]},{"name":"light6","display":[{"name":"light5","transform":{"x":7.24,"y":-0.29,"skX":-90,"skY":-90}}]},{"name":"color","display":[{"name":"color","transform":{"x":1053.96,"y":-286.24,"scX":1.472,"scY":1.472}}]},{"name":"flagl","display":[{"name":"flagl","transform":{"x":27,"y":0.26,"skX":111.51,"skY":111.51}}]},{"name":"l1","display":[{"name":"l1","transform":{"x":1204.17,"y":-193.4}}]},{"name":"light3","display":[{"name":"light2","transform":{"x":17.85,"y":8.58}}]},{"name":"tree2","display":[{"name":"tree2","transform":{"x":12.96,"y":0.56,"skX":86.05,"skY":86.05}}]},{"name":"doorlight","display":[{"name":"doorlight","transform":{"x":40.22,"y":8.27}}]},{"name":"doorright","display":[{"type":"mesh","name":"doorright","width":14,"height":25,"vertices":[677.99,-132.77,663.99,-131,664,-155.98,668.85,-155.98,677.99,-150.07],"uvs":[0.99999,0.92896,0,1,0,0,0.34654,0,0.99998,0.23668],"triangles":[2,1,3,3,1,4,4,1,0],"weights":[1,12,1,1,12,1,1,11,1,1,11,0.99999,1,11,1],"slotPose":[1,0,0,1,0,0],"bonePose":[12,-0.983947,0.178459,-0.178459,-0.983947,677.35,-135.56,11,-0.899634,-0.436645,0.436645,-0.899634,676.64,-147.68],"edges":[1,0,0,4,4,3,3,2,2,1],"userEdges":[]}]},{"name":"tree5","display":[{"name":"tree5","transform":{"x":16.56,"y":0.83,"skX":90,"skY":90}}]},{"name":"light7","display":[{"name":"light6","transform":{"x":8.02,"y":-0.34,"skX":-89.65,"skY":-89.65}}]},{"name":"rd1","display":[{"name":"rd1","transform":{"x":39.62,"y":-3.13,"skX":90.4,"skY":90.4}}]},{"name":"flagr","display":[{"name":"flagr","transform":{"x":23.14,"y":4.17,"skX":119.9,"skY":119.9}}]},{"name":"l4","display":[{"name":"l4","transform":{"x":1208.92,"y":-282.67}}]},{"name":"light4","display":[{"name":"light3","transform":{"x":8.12,"y":0.99}}]},{"name":"tree1","display":[{"name":"tree1","transform":{"x":17.69,"y":-0.88,"skX":79.37,"skY":79.37}}]},{"name":"l5","display":[{"name":"l5","transform":{"x":-5.11,"y":1.08}}]},{"name":"doorleft","display":[{"type":"mesh","name":"doorleft","width":16,"height":27,"vertices":[666.99,-130.87,651,-128,651,-150.16,663.11,-154.98,666.99,-154.98],"uvs":[1,0.89371,0,1,0,0.17886,0.75797,0.00001,1,0],"triangles":[3,2,0,2,1,0,4,3,0],"weights":[1,10,1,1,10,1,1,9,1,1,9,1,1,9,1],"slotPose":[1,0,0,1,0,0],"bonePose":[10,0.985079,-0.172101,0.172101,0.985079,651.9,-131.02,9,0.895789,-0.444479,0.444479,0.895789,652.5,-146.47],"edges":[1,0,0,4,4,3,3,2,2,1],"userEdges":[]}]},{"name":"tree6","display":[{"name":"tree6","transform":{"x":18.27,"y":0.84,"skX":90.97,"skY":90.97}}]}]}],"animation":[{"duration":100,"name":"animation","bone":[{"name":"flagl","rotateFrame":[{"duration":55,"tweenEasing":0},{"duration":45,"tweenEasing":0,"rotate":-7.97},{"duration":0}]},{"name":"flagr","rotateFrame":[{"duration":55,"tweenEasing":0},{"duration":45,"tweenEasing":0,"rotate":-7.38},{"duration":0}]},{"name":"bone3","translateFrame":[{"duration":55,"tweenEasing":0},{"duration":45,"tweenEasing":0,"x":1.22,"y":0.25},{"duration":0}]},{"name":"bone2","translateFrame":[{"duration":55,"tweenEasing":0},{"duration":45,"tweenEasing":0,"x":0.63,"y":0.08},{"duration":0}]},{"name":"bone","translateFrame":[{"duration":55,"tweenEasing":0},{"duration":45,"tweenEasing":0,"x":0.96,"y":-1.2},{"duration":0}]},{"name":"doorleft","translateFrame":[{"duration":55,"tweenEasing":0},{"duration":20,"tweenEasing":0},{"duration":25,"tweenEasing":0,"x":-1.37},{"duration":0}],"rotateFrame":[{"duration":25,"tweenEasing":0},{"duration":30,"tweenEasing":0,"rotate":-7.51},{"duration":20,"tweenEasing":0},{"duration":25,"tweenEasing":0,"rotate":15.7},{"duration":0}],"scaleFrame":[{"duration":25,"tweenEasing":0},{"duration":30,"tweenEasing":0,"x":0.96},{"duration":20,"tweenEasing":0},{"duration":25,"tweenEasing":0,"x":0.89},{"duration":0}]},{"name":"doorleft2","rotateFrame":[{"duration":25,"tweenEasing":0},{"duration":30,"tweenEasing":0,"rotate":-7.51},{"duration":20,"tweenEasing":0},{"duration":25,"tweenEasing":0,"rotate":15.7},{"duration":0}],"scaleFrame":[{"duration":25,"tweenEasing":0},{"duration":30,"tweenEasing":0,"x":0.8},{"duration":20,"tweenEasing":0},{"duration":25,"tweenEasing":0,"x":0.89},{"duration":0}]},{"name":"doorright2","rotateFrame":[{"duration":25,"tweenEasing":0},{"duration":30,"tweenEasing":0,"rotate":7.35},{"duration":20,"tweenEasing":0},{"duration":25,"tweenEasing":0,"rotate":-16.79},{"duration":0}],"scaleFrame":[{"duration":25,"tweenEasing":0},{"duration":30,"tweenEasing":0,"x":0.89},{"duration":45}]},{"name":"doorright","translateFrame":[{"duration":55,"tweenEasing":0},{"duration":20,"tweenEasing":0},{"duration":25,"tweenEasing":0,"x":2.16},{"duration":0}],"rotateFrame":[{"duration":25,"tweenEasing":0},{"duration":30,"tweenEasing":0,"rotate":7.35},{"duration":20,"tweenEasing":0},{"duration":25,"tweenEasing":0,"rotate":-16.79},{"duration":0}],"scaleFrame":[{"duration":55,"tweenEasing":0},{"duration":20,"tweenEasing":0},{"duration":25,"tweenEasing":0,"x":0.9},{"duration":0}]},{"name":"tree3","rotateFrame":[{"duration":55,"tweenEasing":0},{"duration":45,"tweenEasing":0,"rotate":-19.63},{"duration":0}]},{"name":"tree2","rotateFrame":[{"duration":55,"tweenEasing":0},{"duration":45,"tweenEasing":0,"rotate":11.97},{"duration":0}]},{"name":"tree1","rotateFrame":[{"duration":55,"tweenEasing":0},{"duration":45,"tweenEasing":0,"rotate":-20.47},{"duration":0}]},{"name":"light","rotateFrame":[{"duration":25,"tweenEasing":0,"rotate":5.77},{"duration":30,"tweenEasing":0,"rotate":-9.44},{"duration":20,"tweenEasing":0,"rotate":5.77},{"duration":25,"tweenEasing":0,"rotate":-9.44},{"duration":0,"rotate":5.77}]},{"name":"flagbattle","rotateFrame":[{"duration":25,"tweenEasing":0},{"duration":30,"tweenEasing":0,"rotate":11.29},{"duration":20,"tweenEasing":0},{"duration":25,"tweenEasing":0,"rotate":11.29},{"duration":0}]},{"name":"flagbattle3","translateFrame":[{"duration":25,"tweenEasing":0},{"duration":30,"tweenEasing":0,"x":-0.61},{"duration":20,"tweenEasing":0},{"duration":25,"tweenEasing":0,"x":-0.61},{"duration":0}],"rotateFrame":[{"duration":25,"tweenEasing":0},{"duration":30,"tweenEasing":0,"rotate":14.97},{"duration":20,"tweenEasing":0},{"duration":25,"tweenEasing":0,"rotate":14.97},{"duration":0}],"scaleFrame":[{"duration":25,"tweenEasing":0},{"duration":30,"tweenEasing":0,"x":0.95},{"duration":20,"tweenEasing":0},{"duration":25,"tweenEasing":0,"x":0.95},{"duration":0}]},{"name":"bone5","translateFrame":[{"duration":25,"tweenEasing":0},{"duration":30,"tweenEasing":0,"x":-0.02,"y":0.96},{"duration":20,"tweenEasing":0},{"duration":25,"tweenEasing":0,"x":-0.02,"y":0.96},{"duration":0}],"rotateFrame":[{"duration":25,"tweenEasing":0},{"duration":30,"tweenEasing":0,"rotate":8.85},{"duration":20,"tweenEasing":0},{"duration":25,"tweenEasing":0,"rotate":8.85},{"duration":0}]},{"name":"flagbattle2","rotateFrame":[{"duration":25,"tweenEasing":0},{"duration":30,"tweenEasing":0,"rotate":2.81},{"duration":20,"tweenEasing":0},{"duration":25,"tweenEasing":0,"rotate":2.81},{"duration":0}],"scaleFrame":[{"duration":25,"tweenEasing":0},{"duration":30,"tweenEasing":0,"x":0.91},{"duration":20,"tweenEasing":0},{"duration":25,"tweenEasing":0,"x":0.91},{"duration":0}]},{"name":"rd1","rotateFrame":[{"duration":55,"tweenEasing":0},{"duration":45,"tweenEasing":0,"rotate":1.47},{"duration":0}],"scaleFrame":[{"duration":55,"tweenEasing":0},{"duration":45,"tweenEasing":0,"x":0.91},{"duration":0}]},{"name":"light7","rotateFrame":[{"duration":25,"tweenEasing":0,"rotate":-9.95},{"duration":30,"tweenEasing":0,"rotate":18.34},{"duration":20,"tweenEasing":0,"rotate":-9.95},{"duration":25,"tweenEasing":0,"rotate":18.34},{"duration":0,"rotate":-9.95}]},{"name":"light6","rotateFrame":[{"duration":25,"tweenEasing":0,"rotate":10.23},{"duration":30,"tweenEasing":0,"rotate":-15.05},{"duration":20,"tweenEasing":0,"rotate":10.23},{"duration":25,"tweenEasing":0,"rotate":-15.05},{"duration":0,"rotate":10.23}]},{"name":"tree5","rotateFrame":[{"duration":55,"tweenEasing":0},{"duration":45,"tweenEasing":0,"rotate":-9.7},{"duration":0}]},{"name":"tree4","rotateFrame":[{"duration":55,"tweenEasing":0},{"duration":45,"tweenEasing":0,"rotate":5.79},{"duration":0}]},{"name":"tree6","rotateFrame":[{"duration":55,"tweenEasing":0,"rotate":9.37},{"duration":45,"tweenEasing":0,"rotate":-8.46},{"duration":0,"rotate":9.37}]}],"slot":[{"name":"color","colorFrame":[{"duration":45,"tweenEasing":0,"value":{"aM":57}},{"duration":55,"tweenEasing":0,"value":{"aM":19}},{"duration":0,"value":{"aM":57}}]},{"name":"doorlight","colorFrame":[{"duration":25,"tweenEasing":0,"value":{"aM":63}},{"duration":5},{"duration":2,"tweenEasing":0},{"duration":8,"tweenEasing":0,"value":{"aM":70}},{"duration":10,"tweenEasing":0,"value":{"aM":90}},{"duration":25,"tweenEasing":0,"value":{"aM":63}},{"duration":25,"tweenEasing":0},{"duration":0,"value":{"aM":63}}]},{"name":"g1","colorFrame":[{"duration":25,"tweenEasing":0,"value":{"gM":85,"bM":0}},{"duration":25,"tweenEasing":0,"value":{"aM":40,"gM":85,"bM":0}},{"duration":25,"tweenEasing":0,"value":{"gM":85,"bM":0}},{"duration":25,"tweenEasing":0,"value":{"aM":40,"gM":85,"bM":0}},{"duration":0,"value":{"gM":85,"bM":0}}]},{"name":"l2","colorFrame":[{"duration":10,"tweenEasing":0,"value":{"aM":0}},{"duration":10,"tweenEasing":0},{"duration":10,"tweenEasing":0,"value":{"aM":0}},{"duration":10,"tweenEasing":0},{"duration":10,"tweenEasing":0,"value":{"aM":0}},{"duration":10,"tweenEasing":0},{"duration":10,"tweenEasing":0,"value":{"aM":0}},{"duration":10,"tweenEasing":0},{"duration":10,"tweenEasing":0,"value":{"aM":0}},{"duration":10,"tweenEasing":0},{"duration":0,"value":{"aM":0}}]},{"name":"l3","colorFrame":[{"duration":10,"tweenEasing":0},{"duration":10,"tweenEasing":0,"value":{"aM":0}},{"duration":10,"tweenEasing":0},{"duration":10,"tweenEasing":0,"value":{"aM":0}},{"duration":10,"tweenEasing":0},{"duration":10,"tweenEasing":0,"value":{"aM":0}},{"duration":10,"tweenEasing":0},{"duration":10,"tweenEasing":0,"value":{"aM":0}},{"duration":10,"tweenEasing":0},{"duration":10,"tweenEasing":0,"value":{"aM":0}},{"duration":0}]},{"name":"l5","colorFrame":[{"duration":10,"tweenEasing":0,"value":{"aM":0}},{"duration":10,"tweenEasing":0},{"duration":10,"tweenEasing":0,"value":{"aM":0}},{"duration":10,"tweenEasing":0},{"duration":10,"tweenEasing":0,"value":{"aM":0}},{"duration":10,"tweenEasing":0},{"duration":10,"tweenEasing":0,"value":{"aM":0}},{"duration":10,"tweenEasing":0},{"duration":10,"tweenEasing":0,"value":{"aM":0}},{"duration":10,"tweenEasing":0},{"duration":0,"value":{"aM":0}}]},{"name":"l6","colorFrame":[{"duration":10,"tweenEasing":0},{"duration":10,"tweenEasing":0,"value":{"aM":0}},{"duration":10,"tweenEasing":0},{"duration":10,"tweenEasing":0,"value":{"aM":0}},{"duration":10,"tweenEasing":0},{"duration":10,"tweenEasing":0,"value":{"aM":0}},{"duration":10,"tweenEasing":0},{"duration":10,"tweenEasing":0,"value":{"aM":0}},{"duration":10,"tweenEasing":0},{"duration":10,"tweenEasing":0,"value":{"aM":0}},{"duration":0}]},{"name":"light1","colorFrame":[{"duration":40,"tweenEasing":0},{"duration":30,"tweenEasing":0,"value":{"aM":61}},{"duration":5,"tweenEasing":0},{"duration":10,"tweenEasing":0,"value":{"aM":56}},{"duration":15}]},{"name":"light2","colorFrame":[{"duration":30},{"duration":25,"tweenEasing":0},{"tweenEasing":0,"value":{"aM":30}},{"duration":23,"tweenEasing":0,"value":{"aM":55}},{"duration":21}]},{"name":"light3","colorFrame":[{"duration":25,"tweenEasing":0},{"duration":20,"tweenEasing":0,"value":{"aM":54}},{"duration":55}]},{"name":"light4","colorFrame":[{"duration":8,"tweenEasing":0},{"duration":8,"tweenEasing":0,"value":{"aM":67}},{"duration":8,"tweenEasing":0},{"duration":8,"tweenEasing":0,"value":{"aM":67}},{"duration":8,"tweenEasing":0},{"duration":8,"tweenEasing":0,"value":{"aM":67}},{"duration":8,"tweenEasing":0},{"duration":8,"tweenEasing":0,"value":{"aM":67}},{"duration":8,"tweenEasing":0},{"duration":8,"tweenEasing":0,"value":{"aM":67}},{"duration":20}]},{"name":"light5","colorFrame":[{"duration":25,"value":{"aM":0}},{"tweenEasing":0,"value":{"aM":0}},{"duration":4,"tweenEasing":0},{"duration":10,"value":{"aM":0}},{"tweenEasing":0,"value":{"aM":0}},{"duration":4,"tweenEasing":0},{"duration":20,"value":{"aM":0}},{"tweenEasing":0,"value":{"aM":0}},{"duration":6,"tweenEasing":0},{"tweenEasing":0,"value":{"aM":56}},{"duration":6,"tweenEasing":0},{"duration":21,"tweenEasing":0,"value":{"aM":56}},{"duration":0,"value":{"aM":0}}]},{"name":"light8","colorFrame":[{"duration":15,"tweenEasing":0},{"duration":25,"tweenEasing":0,"value":{"aM":66}},{"duration":35},{"duration":5,"tweenEasing":0},{"duration":5,"tweenEasing":0,"value":{"aM":73}},{"duration":15}]}]}],"defaultActions":[{"gotoAndPlay":"animation"}]}]}