{"frameRate":30,"name":"beastorangblack","version":"5.5","compatibleVersion":"5.5","armature":[{"type":"Armature","frameRate":30,"name":"armatureName","aabb":{"x":-102.31,"y":-258.24,"width":212.66,"height":281.23},"bone":[{"name":"root"},{"name":"hip","parent":"root","transform":{"x":-15.04,"y":-106.35}},{"name":"armR2","parent":"root","transform":{"x":-54.15,"y":-62.87}},{"name":"legR2","parent":"root","transform":{"x":-52.46,"y":-14.92}},{"name":"armL2","parent":"root","transform":{"x":87.7,"y":-71.33}},{"name":"legL2","parent":"root","transform":{"x":32.7,"y":-16.49}},{"length":45,"name":"legR","parent":"hip","transform":{"x":-27.27,"y":-3.89,"skX":72.17,"skY":72.17}},{"length":69,"name":"legL","parent":"hip","transform":{"x":20.35,"y":-7.36,"skX":50.15,"skY":50.15}},{"length":33,"name":"body","parent":"hip","transform":{"x":-3.89,"y":-14.72,"skX":-85.54,"skY":-85.54}},{"length":42,"name":"bone","parent":"body","transform":{"x":33.44,"skX":15.68,"skY":15.68}},{"length":45,"name":"bone7","parent":"legL","transform":{"x":69.19,"y":0.22,"skX":59.77,"skY":59.77}},{"length":56,"name":"bone8","parent":"legR","transform":{"x":45.46,"y":0.07,"skX":42.43,"skY":42.43}},{"length":35,"name":"footL","parent":"bone7","transform":{"x":50.06,"y":2.13,"skX":-99.43,"skY":-99.43}},{"length":29,"name":"footR","parent":"bone8","transform":{"x":59.1,"y":0.09,"skX":-93.74,"skY":-93.74}},{"length":68,"name":"armL","parent":"bone","transform":{"x":48.09,"y":52.02,"skX":158.32,"skY":158.32}},{"length":83,"name":"armR","parent":"bone","transform":{"x":28.75,"y":-47.41,"skX":-170.75,"skY":-170.75}},{"length":44,"name":"bone2","parent":"bone","transform":{"x":42.87,"y":-0.01,"skX":11.92,"skY":11.92}},{"length":14,"name":"bone10","parent":"footL","transform":{"x":35.68,"skX":13.86,"skY":13.86}},{"length":72,"name":"bone3","parent":"armR","transform":{"x":83.95,"skX":-60.7,"skY":-60.7}},{"length":55,"name":"bone5","parent":"armL","transform":{"x":68.87,"y":0.18,"skX":-40.09,"skY":-40.09}},{"length":64,"name":"head","parent":"bone2","transform":{"x":20.56,"y":3.48,"skX":-19.28,"skY":-19.28}},{"length":24,"name":"bone9","parent":"footR","transform":{"x":29.19,"skX":8.9,"skY":8.9}},{"length":32,"name":"handL","parent":"bone5","transform":{"x":47.14,"y":-1.5,"skX":11,"skY":11}},{"length":30,"name":"handR","parent":"bone3","transform":{"x":63.79,"y":-0.68,"skX":-10.15,"skY":-10.15}},{"length":10,"name":"handR2","parent":"handR","transform":{"x":27.81,"y":8.42,"skX":34.66,"skY":34.66}},{"length":19,"name":"bone6","parent":"handL","transform":{"x":30.88,"y":13.3,"skX":165.66,"skY":165.66}},{"length":15,"name":"handL2","parent":"handL","transform":{"x":4.71,"y":-8.78,"skX":-20,"skY":-20}},{"length":17,"name":"handR3","parent":"handR","transform":{"x":27.6,"y":-5.05,"skX":14.34,"skY":14.34}},{"length":17,"name":"handR4","parent":"handR","transform":{"x":8.68,"y":-8.5,"skX":-45.78,"skY":-45.78}},{"length":16,"name":"bone4","parent":"handR3","transform":{"x":17.04,"skX":-71.68,"skY":-71.68}}],"slot":[{"name":"handL","parent":"handL2"},{"name":"armL","parent":"armL"},{"name":"footL","parent":"footL"},{"name":"legL","parent":"legL"},{"name":"hip","parent":"hip"},{"name":"body","parent":"body"},{"name":"footR","parent":"footR"},{"name":"legR","parent":"legR"},{"name":"handR","parent":"handR4"},{"name":"armR","parent":"armR"},{"name":"head","parent":"head"}],"ik":[{"chain":1,"name":"legR","bone":"bone8","target":"legR2"},{"chain":1,"name":"legL","bone":"bone7","target":"legL2"},{"bendPositive":false,"chain":1,"name":"armL","bone":"bone5","target":"armL2"},{"bendPositive":false,"chain":1,"name":"armR","bone":"bone3","target":"armR2"}],"skin":[{"slot":[{"name":"footR","display":[{"type":"mesh","name":"footR","width":71,"height":52,"vertices":[-27.87,-14.77,-11.35,-6.11,-1.8,8.17,-1.78,14.88,-29.49,14.94,-44.09,8.64,-55.16,3.86,-72.79,-0.58,-72.81,-7.77,-63.04,-36.97,-26.81,-25.59],"uvs":[0.63334,0.42846,0.86576,0.59587,1,0.87057,1,1,0.60972,1,0.40416,0.87823,0.24823,0.78586,0,0.69978,0,0.56147,0.13841,0.00001,0.64856,0.22045],"triangles":[1,4,2,2,4,3,0,4,1,6,5,0,5,4,0,9,0,10,9,6,0,9,8,6,8,7,6],"weights":[2,13,0.94549,21,0.0545,2,13,0.00291,21,0.99708,1,21,1,1,21,1,2,13,0.34106,21,0.65893,2,13,0.93053,21,0.06945,1,13,1,1,13,1,1,13,1,1,13,1,1,13,1],"slotPose":[1,0,0,1,0,0],"bonePose":[13,0.934453,0.356086,-0.356086,0.934453,-53.141094,-13.243658,21,0.868112,0.496368,-0.496368,0.868112,-25.864402,-2.849516],"edges":[7,6,6,5,5,4,4,3,3,2,2,1,1,0,0,10,10,9,9,8,8,7],"userEdges":[]}]},{"name":"head","display":[{"type":"mesh","name":"head","width":70,"height":96,"vertices":[48.3,33.94,25.87,39.02,16.3,40.25,-13.96,44.12,-20.37,40.71,-24.47,28.99,-27.08,10.67,-17.68,-7.79,-5.55,-15.31,5.33,-28.08,16.17,-30.54,28.89,-33.42,45.92,-33.78,61.68,-25.16,65.29,-9.21,68.25,7.54,62,26.3,40.22,-6.45,37.46,20.54,19.11,-22.99,15.13,-9.75,28.19,-9.79,20.62,-0.17,23.35,18.37,20.64,23.36,25.35,27.23,11.1,-1.12,11,8.93,13.07,16.49,15.71,31.41,8.07,27.48,14.59,27.28,-2.35,9.58,3.7,37.23,1.89,27.6,-5.07,22.6,-2.85,33.23,-1.91,-7.85],"uvs":[0.99998,0.27192,1,0.51155,0.98686,0.61158,0.94532,0.92806,0.87756,0.98535,0.70145,0.99999,0.43782,0.98442,0.21012,0.84645,0.14358,0.7059,0,0.56583,0,0.45011,0,0.31425,0.04872,0.14033,0.21848,0,0.45219,0,0.69501,0.00854,0.93672,0.11516,0.41147,0.26108,0.77904,0.35128,0.11444,0.43754,0.28636,0.50841,0.32703,0.37561,0.43723,0.47471,0.70429,0.48965,0.7653,0.52863,0.83401,0.48971,0.39392,0.56928,0.53379,0.59345,0.64571,0.58978,0.8619,0.59729,0.783,0.66588,0.80086,0.59912,0.50063,0.73068,0.90504,0.73269,0.76515,0.72893,0.67354,0.78824,0.82869,0.79016,0.25903,0.68607],"triangles":[33,36,3,16,18,0,18,25,0,0,25,1,25,29,1,1,29,2,29,33,2,33,3,2,29,30,33,15,18,16,36,4,3,35,5,36,25,24,29,36,5,4,34,36,33,30,34,33,15,17,18,24,31,29,31,30,29,18,23,25,23,24,25,34,35,36,28,30,31,24,28,31,14,17,15,28,34,30,22,23,18,17,22,18,23,28,24,27,32,28,32,6,35,27,28,23,22,27,23,35,6,5,17,21,22,13,17,14,7,6,32,26,32,27,22,26,27,26,37,32,37,7,32,13,12,17,20,26,22,21,20,22,12,21,17,12,11,21,20,37,26,8,7,37,8,37,20,11,19,21,19,20,21,9,8,20,19,9,20,10,9,19,11,10,19,28,34,32,32,35,34],"edges":[9,8,8,7,7,6,6,5,5,4,4,3,3,2,2,1,1,0,0,16,16,15,15,14,14,13,13,12,12,11,11,10,10,9],"userEdges":[34,32]}]},{"name":"body","display":[{"type":"mesh","name":"body","width":127,"height":141,"vertices":[56.43,-208.09,58.04,-187.88,58.01,-162.73,48,-143,31.42,-127.07,23.28,-101.55,-5.08,-99,-55.69,-101.6,-60.76,-142.12,-68.97,-164.59,-68.06,-204.45,-49.64,-216.4,-22.98,-226.38,-5.21,-239.12,25.69,-239.94,39.12,-230.14,-9.29,-194.11,25.83,-181.09,17.29,-146.81,-20.39,-147.47,-34.45,-153.44,-28.67,-204.13,-16.56,-167.7,50.74,-160.84,-25.51,-132.99,-18.49,-115.74,18.57,-117.43,7.28,-125.31],"uvs":[0.98724,0.22578,1,0.36915,0.99999,0.54754,0.92118,0.68763,0.79063,0.80076,0.72661,0.98187,0.50323,1,0.1046,0.98161,0.06468,0.69419,0,0.53492,0.00701,0.25228,0.15203,0.16742,0.36188,0.09654,0.50163,0.00604,0.74482,0,0.85072,0.06949,0.46976,0.32534,0.7465,0.41749,0.67941,0.66071,0.38254,0.65618,0.27185,0.61388,0.31713,0.25434,0.41273,0.51266,0.94273,0.56101,0.34229,0.7589,0.39764,0.88127,0.68947,0.86918,0.60058,0.81329],"triangles":[0,17,1,17,23,1,1,23,2,23,3,2,15,17,0,18,3,23,17,18,23,18,4,3,13,16,14,26,5,4,14,16,15,16,17,15,27,26,4,18,27,4,22,18,17,16,22,17,26,6,5,12,16,13,22,19,18,27,6,26,19,27,18,24,25,27,19,24,27,25,6,27,12,21,16,25,7,6,21,22,16,9,20,21,20,19,22,21,20,22,24,7,25,10,9,21,11,21,12,20,24,19,20,8,24,8,7,24,11,10,21,9,8,20],"weights":[3,8,0.0011,9,0.1015,16,0.89739,3,8,0.02814,9,0.26466,16,0.70719,3,8,0.14941,9,0.45242,16,0.39815,3,8,0.35289,9,0.4586,16,0.18849,3,8,0.7228,9,0.24112,16,0.03607,2,8,0.96494,9,0.03505,1,8,1,3,8,0.99863,9,0.00132,16,0.00003,3,8,0.69769,9,0.30134,16,0.00095,3,8,0.3576,9,0.61863,16,0.02375,3,8,0.07886,9,0.77323,16,0.14789,3,8,0.03215,9,0.69859,16,0.26924,3,8,0.00035,9,0.30164,16,0.69799,2,9,0.03055,16,0.96943,1,16,1,2,9,0.00314,16,0.99685,2,9,0.54998,16,0.45001,3,8,0.03658,9,0.47506,16,0.48833,3,8,0.46471,9,0.47065,16,0.06463,2,8,0.74009,9,0.2599,3,8,0.59595,9,0.40348,16,0.00055,3,8,0.00677,9,0.54836,16,0.44486,2,9,0.99961,16,0.00038,3,8,0.17926,9,0.4678,16,0.35292,2,8,0.97649,9,0.0235,1,8,0.99999,3,8,0.91526,9,0.08106,16,0.00366,3,8,0.88832,9,0.1078,16,0.00386],"slotPose":[1,0,0,1,0,0],"bonePose":[8,0.077763,-0.996972,0.996972,0.077763,-18.93,-121.07,9,0.344315,-0.938854,0.938854,0.344315,-16.329602,-154.408739,16,0.530807,-0.847493,0.847493,0.530807,-1.578197,-194.660858],"edges":[9,8,8,7,7,6,6,5,5,4,4,3,3,2,2,1,1,0,0,15,15,14,14,13,13,12,12,11,11,10,10,9],"userEdges":[27,4]}]},{"name":"legR","display":[{"type":"mesh","name":"legR","width":71,"height":134,"vertices":[-1.49,-73.86,-2.83,-61.51,-9.25,-52.08,-19.23,-33.19,-29.25,-9.75,-47.83,-9.73,-71.86,-18.78,-71.51,-24.67,-59.77,-50.48,-51.36,-68.5,-62.61,-91.36,-60.32,-115.92,-48.61,-120.86,-30.16,-120.97,-10.78,-96.03,-24.01,-76.65,-28.67,-56.62,-38.93,-30.83],"uvs":[0.94891,0.34825,0.93382,0.4379,0.85051,0.50749,0.72809,0.65072,0.60645,0.82966,0.34529,0.83783,0,0.78094,0,0.73692,0.14366,0.53942,0.24736,0.39686,0.08891,0.22157,0.12057,0.0381,0.28537,0.00105,0.5455,0,0.81885,0.1859,0.63243,0.33057,0.57614,0.48023,0.4531,0.67679],"triangles":[15,1,0,14,15,0,16,2,1,15,16,1,16,3,2,13,15,14,12,10,13,13,10,15,17,4,3,16,17,3,17,5,4,10,9,15,9,16,15,8,17,16,9,8,16,11,10,12,7,5,17,8,7,17,7,6,5],"weights":[2,6,0.73046,11,0.26953,2,6,0.4868,11,0.51318,2,6,0.22081,11,0.77918,2,6,0.00089,11,0.9991,2,6,0.00001,11,0.99998,1,11,0.99999,1,11,1,1,11,1,2,6,0.00896,11,0.99103,2,6,0.48688,11,0.51311,2,6,0.99346,11,0.00653,1,6,1,1,6,1,1,6,1,2,6,0.99468,11,0.00531,2,6,0.90926,11,0.09073,1,11,1,1,11,1],"slotPose":[1,0,0,1,0,0],"bonePose":[6,0.306194,0.951969,-0.951969,0.306194,-42.31,-110.24,11,-0.416281,0.909236,-0.909236,-0.416281,-28.457068,-66.942047],"edges":[7,6,6,5,5,4,4,3,3,2,2,1,1,0,0,14,14,13,13,12,12,11,11,10,10,9,9,8,8,7],"userEdges":[]}]},{"name":"hip","display":[{"name":"hip","transform":{"x":-2.95,"y":7.35}}]},{"name":"legL","display":[{"type":"mesh","name":"legL","width":79,"height":122,"vertices":[62.03,-70.64,61.66,-51.48,48.02,-28.55,50.95,-22.04,46.41,-15.12,36.04,-12.42,18.22,-18.13,21.06,-29.46,17.16,-43.31,16.67,-58.84,-7.51,-87.85,-16.89,-104.71,-16.84,-121.92,-3.24,-134.05,11.9,-134,33.27,-113.8,15.55,-111.69,42.28,-69.15,43.23,-51.34,30.16,-28.35,32.98,-60.38,0.45,-99.31],"uvs":[1,0.5178,1,0.67223,0.84028,0.86391,0.88058,0.91625,0.82691,0.97445,0.69723,1,0.46866,0.95932,0.49874,0.86559,0.44225,0.75346,0.42782,0.6265,0.10701,0.39706,0,0.24084,0.00001,0.09979,0.17171,0,0.36339,0,0.63476,0.16521,0.41049,0.18291,0.75047,0.531,0.76755,0.67885,0.61443,0.87161,0.63302,0.60485,0.21976,0.28482],"triangles":[18,2,1,17,18,1,17,1,0,15,17,0,18,19,2,2,4,3,15,16,17,17,20,18,19,5,4,19,4,2,16,21,17,9,20,17,21,9,17,20,8,18,8,19,18,8,7,19,9,8,20,19,6,5,21,10,9,7,6,19,14,16,15,14,13,16,12,21,16,13,12,16,11,10,21,12,11,21],"weights":[2,7,0.8915,10,0.10849,2,7,0.17839,10,0.8216,1,10,1,1,10,1,1,10,1,1,10,1,1,10,1,1,10,1,1,10,1,1,10,1,1,10,1,1,7,1,1,7,0.99999,2,7,0.99968,10,0.00031,2,7,0.99913,10,0.00086,2,7,0.99824,10,0.00175,2,7,0.99879,10,0.0012,1,7,1,1,10,1,1,10,1,2,7,0.66454,10,0.33545,1,7,1],"slotPose":[1,0,0,1,0,0],"bonePose":[7,0.64078,0.767725,-0.767725,0.64078,5.31,-113.71,10,-0.340708,0.940169,-0.940169,-0.340708,49.476663,-60.450161],"edges":[11,10,10,9,9,8,8,7,7,6,6,5,5,4,4,3,3,2,2,1,1,0,0,15,15,14,14,13,13,12,12,11],"userEdges":[16,17]}]},{"name":"armL","display":[{"type":"mesh","name":"armL","width":67,"height":134,"vertices":[74.96,-173.65,76.78,-155.78,73.29,-120.33,82.35,-102.82,96.01,-83.67,89.1,-67.9,76.62,-62,62.6,-80.23,38.14,-101.95,29,-141.47,29.04,-180.25,43.58,-193.64,53.71,-195.94,65.85,-187.94,52.64,-158.68,67.86,-143.76,49.26,-108.53,73.07,-89.34],"uvs":[0.68564,0.16622,0.71306,0.29956,0.66163,0.56436,0.79656,0.69547,1,0.83853,0.89621,0.95614,0.70975,1,0.50103,0.86374,0.13661,0.70134,0,0.40667,0,0.1173,0.21696,0.01719,0.36813,0,0.54949,0.05959,0.35259,0.27808,0.58012,0.38935,0.30272,0.65247,0.65763,0.79588],"triangles":[15,2,1,17,5,4,3,17,4,17,7,6,17,6,5,16,17,3,2,16,3,0,14,1,14,15,1,15,16,2,13,14,0,16,7,17,12,11,13,11,14,13,14,9,15,9,16,15,16,8,7,11,10,14,9,8,16,10,9,14],"weights":[1,14,1,1,14,1,2,14,0.50355,19,0.49644,2,14,0.01347,19,0.98652,1,19,1,1,19,1,1,19,1,1,19,1,2,14,0.3093,19,0.69068,1,14,1,1,14,1,1,14,1,1,14,1,1,14,1,1,14,1,2,14,0.9944,19,0.00559,2,14,0.18949,19,0.8105,1,19,1],"slotPose":[1,0,0,1,0,0],"bonePose":[14,0.026875,0.999639,-0.999639,0.026875,49.067707,-181.646955,19,0.664318,0.74745,-0.74745,0.664318,50.738642,-112.796993],"edges":[9,8,8,7,7,6,6,5,5,4,4,3,3,2,2,1,1,0,0,13,13,12,12,11,11,10,10,9],"userEdges":[16,17]}]},{"name":"handL","display":[{"type":"mesh","name":"handL","width":47,"height":52,"vertices":[112.65,-69.04,115.95,-43.69,103.85,-39.92,80.65,-39.88,72.09,-42.69,70.78,-57.51,75.23,-59,71.21,-67.4,69.74,-75,68.89,-84.9,84.02,-91.88,93.58,-85.28,105.89,-81.98,95.02,-63.8,96.92,-72.85,85.73,-75.03],"uvs":[0.93094,0.44027,1,0.92786,0.74224,0.99999,0.24823,0.99999,0.0663,0.94575,0.03911,0.66075,0.13393,0.63217,0.04865,0.47038,0.01778,0.32421,0,0.13371,0.3225,0,0.52561,0.1271,0.78738,0.19128,0.55534,0.54037,0.59638,0.36664,0.35825,0.32417],"triangles":[0,13,1,13,2,1,12,14,0,14,13,0,13,3,2,11,14,12,6,3,13,15,13,14,11,15,14,15,6,13,10,15,11,6,4,3,7,6,15,8,7,15,10,9,15,9,8,15,5,4,6],"weights":[2,26,0.9412,22,0.05879,2,26,0.0535,22,0.94649,3,26,0.00412,22,0.92353,25,0.07233,1,25,1,1,25,1,2,22,0.00575,25,0.99424,2,22,0.13639,25,0.8636,2,22,0.80237,25,0.19762,2,22,0.94417,25,0.05582,2,22,0.9948,25,0.00519,2,26,0.24248,22,0.75751,2,26,0.90266,22,0.09733,1,26,1,2,26,0.05216,22,0.94783,2,26,0.83164,22,0.16835,1,22,1],"slotPose":[1,0,0,1,0,0],"bonePose":[26,0.773066,0.634326,-0.634326,0.773066,93.130434,-78.979161,22,0.509492,0.860475,-0.860475,0.509492,83.175753,-78.55866,25,-0.706736,-0.707477,0.707477,-0.706736,87.464544,-45.210936],"edges":[9,8,8,7,7,6,6,5,5,4,4,3,3,2,2,1,1,0,0,12,12,11,11,10,10,9],"userEdges":[]}]},{"name":"footL","display":[{"type":"mesh","name":"footL","width":63,"height":38,"vertices":[83.01,-1.73,83.02,3.98,64.91,4,48.86,1.68,20.02,-1.64,20.5,-13.83,25.17,-32.57,41.44,-33.97,46.69,-31.76,46.51,-27.35,65.85,-15.82,77.06,-8.82,47.41,-20.91],"uvs":[1,0.84944,1,1,0.71265,1,0.45787,0.93871,0.00001,0.85039,0.00777,0.52972,0.08217,0.03645,0.34054,0,0.42385,0.05805,0.42083,0.17409,0.7278,0.47806,0.90555,0.66295,0.43513,0.34388],"triangles":[2,1,0,11,2,0,10,2,11,9,12,10,12,3,10,10,3,2,12,5,3,5,4,3,6,5,12,6,12,9,7,6,9,8,7,9],"weights":[1,17,1,1,17,1,2,12,0.34076,17,0.65923,2,12,0.99388,17,0.00611,1,12,1,1,12,1,1,12,1,1,12,1,1,12,1,1,12,1,2,12,0.78612,17,0.21387,1,17,1,1,12,1],"slotPose":[1,0,0,1,0,0],"bonePose":[17,0.911044,0.41231,-0.41231,0.911044,65.501941,-7.614955,12,0.983287,0.182064,-0.182064,0.983287,30.418272,-14.110996],"edges":[4,3,3,2,2,1,1,0,0,11,11,10,10,9,9,8,8,7,7,6,6,5,5,4],"userEdges":[]}]},{"name":"handR","display":[{"type":"mesh","name":"handR","width":64,"height":56,"vertices":[-19.98,-64.44,-22.22,-49.46,-18.22,-44.79,-16.68,-48.36,-8.58,-51.22,-8.12,-35.97,-17.93,-29.97,-33.82,-30,-50.42,-30.02,-59.62,-47,-66.94,-56.15,-72.05,-73.29,-54.58,-86,-48.54,-83.52,-44.96,-79.54,-28.98,-75.46,-46.09,-63.56,-37.87,-51.72,-27.81,-39.11,-44.81,-50.29],"uvs":[0.81397,0.38456,0.77939,0.65206,0.84202,0.73521,0.86601,0.67153,0.99239,0.62023,1,0.89266,0.84687,0.99998,0.5983,0.99999,0.33863,1,0.19469,0.6968,0.08023,0.53334,0,0.22719,0.27299,0,0.36737,0.04431,0.42365,0.11524,0.67336,0.18797,0.40608,0.40074,0.53467,0.6121,0.69225,0.83697,0.42601,0.63785],"triangles":[2,6,5,2,5,4,3,2,4,18,6,2,18,7,6,1,18,2,17,1,0,15,17,0,16,17,15,17,18,1,19,7,18,17,19,18,14,16,15,19,8,7,16,19,17,10,9,16,12,11,16,16,9,19,9,8,19,12,16,14,13,12,14,11,10,16],"weights":[4,24,0.00003,28,0.57672,27,0.42316,29,0.00007,4,24,0.00001,28,0.05844,27,0.74574,29,0.19579,3,28,0.00435,27,0.16525,29,0.83039,3,28,0.00045,27,0.04903,29,0.9505,1,29,1,1,29,0.99999,2,27,0.0015,29,0.99849,4,23,0.01031,24,0.26619,27,0.37302,29,0.35046,1,24,1,2,23,0.50748,24,0.49251,2,23,0.8812,24,0.11879,2,23,0.99901,24,0.00098,2,23,0.40003,28,0.59996,2,23,0.23669,28,0.7633,2,23,0.06299,28,0.937,1,28,1,3,23,0.467,28,0.51883,27,0.01415,2,23,0.40248,27,0.5975,3,28,0.00042,27,0.62941,29,0.37016,2,23,0.8731,24,0.12689],"slotPose":[1,0,0,1,0,0],"bonePose":[23,0.662097,0.749418,-0.749418,0.662097,-58.40961,-70.432419,24,0.118404,0.992966,-0.992966,0.118404,-46.306792,-44.016244,28,0.99884,0.048152,-0.048152,0.99884,-46.292554,-69.555294,27,0.455856,0.890054,-0.890054,0.455856,-36.351171,-53.092068,29,0.988228,-0.152986,0.152986,0.988228,-28.583391,-37.925553],"edges":[11,10,10,9,9,8,8,7,7,6,6,5,5,4,4,3,3,2,2,1,1,0,0,15,15,14,14,13,13,12,12,11],"userEdges":[]}]},{"name":"armR","display":[{"type":"mesh","name":"armR","width":79,"height":158,"vertices":[-31.18,-181.61,-41.68,-163.31,-51.49,-147.82,-64.45,-126.29,-57.6,-106.69,-46.77,-87.63,-35.05,-76.41,-48.52,-57.43,-68.06,-55.03,-80.31,-72.23,-104.34,-105.94,-109.97,-124.98,-96.79,-161.83,-88.93,-178.39,-79.82,-203.27,-56.65,-213.06,-43.1,-213.11,-31.3,-203.28,-77.27,-166.41,-52.17,-167.81,-47.36,-195.17,-67.93,-200.26,-90.85,-124.4,-78.45,-96.19,-62.39,-73.32],"uvs":[1,0.19966,0.86628,0.31529,0.74127,0.4131,0.57639,0.54911,0.66225,0.67328,0.79858,0.7941,0.94644,0.86544,0.77517,0.98524,0.52756,1,0.37323,0.89093,0.07054,0.67701,0,0.55634,0.16853,0.32341,0.26869,0.2188,0.3851,0.0615,0.67886,0,0.85024,0,0.99947,0.06248,0.41579,0.29484,0.73364,0.28658,0.79579,0.11354,0.53541,0.08086,0.24218,0.56048,0.39778,0.73934,0.60009,0.88437],"triangles":[19,1,0,20,19,0,17,20,0,16,20,17,5,24,6,24,7,6,15,20,16,19,2,1,21,18,19,21,19,20,15,21,20,4,23,5,23,24,5,19,18,2,24,8,7,18,3,2,13,18,21,18,22,3,14,21,15,3,23,4,12,22,18,14,13,21,22,23,3,9,8,24,23,9,24,10,9,23,22,10,23,13,12,18,12,11,22,11,10,22],"weights":[1,15,1,1,15,1,2,15,0.99901,18,0.00098,2,15,0.60607,18,0.39392,2,15,0.03183,18,0.96816,1,18,1,1,18,1,1,18,1,1,18,1,1,18,0.99999,2,15,0.03455,18,0.96543,2,15,0.49086,18,0.50913,1,15,1,1,15,1,1,15,1,1,15,1,1,15,1,1,15,1,1,15,1,1,15,1,1,15,1,1,15,1,2,15,0.5,18,0.5,1,18,1,1,18,1],"slotPose":[1,0,0,1,0,0],"bonePose":[15,-0.490752,0.871299,-0.871299,-0.490752,-50.941612,-197.724779,18,0.519668,0.854368,-0.854368,0.519668,-92.140217,-124.579188],"edges":[11,10,10,9,9,8,8,7,7,6,6,5,5,4,4,3,3,2,2,1,1,0,0,17,17,16,16,15,15,14,14,13,13,12,12,11],"userEdges":[]}]}]}],"animation":[{"duration":70,"name":"animation","bone":[{"name":"hip","translateFrame":[{"duration":35,"tweenEasing":0},{"duration":35,"tweenEasing":0,"x":16.27,"y":10.9},{"duration":0}],"rotateFrame":[{"duration":35,"tweenEasing":0},{"duration":35,"tweenEasing":0,"rotate":-2.68},{"duration":0}]},{"name":"body","rotateFrame":[{"duration":35,"tweenEasing":0},{"duration":35,"tweenEasing":0,"rotate":7.32},{"duration":0}]},{"name":"bone","translateFrame":[{"duration":40,"tweenEasing":0},{"duration":30,"tweenEasing":0,"x":-7.05,"y":5.19},{"duration":0}],"rotateFrame":[{"duration":40,"tweenEasing":0},{"duration":30,"tweenEasing":0,"rotate":5.97},{"duration":0}]},{"name":"bone2","translateFrame":[{"duration":40,"tweenEasing":0},{"duration":30,"tweenEasing":0,"x":1.54,"y":2.6},{"duration":0}],"rotateFrame":[{"duration":40,"tweenEasing":0},{"duration":30,"tweenEasing":0,"rotate":10.8},{"duration":0}]},{"name":"head","translateFrame":[{"duration":35,"tweenEasing":0},{"duration":11,"tweenEasing":0},{"duration":24,"tweenEasing":0,"x":2.65,"y":1.79},{"duration":0}],"rotateFrame":[{"duration":20,"tweenEasing":0},{"duration":15,"tweenEasing":0,"rotate":-13.18},{"duration":11,"tweenEasing":0,"rotate":-14.24},{"duration":24,"tweenEasing":0,"rotate":-3.1},{"duration":0}]},{"name":"armR2","translateFrame":[{"duration":46,"tweenEasing":0},{"duration":24,"tweenEasing":0,"x":-14.12,"y":12.46},{"duration":0}]},{"name":"armR","translateFrame":[{"duration":35,"tweenEasing":0},{"duration":35,"tweenEasing":0,"x":2.96,"y":9.71},{"duration":0}]},{"name":"handR","rotateFrame":[{"duration":40,"tweenEasing":0},{"duration":30,"tweenEasing":0,"rotate":-12.68},{"duration":0}]},{"name":"handR2","rotateFrame":[{"duration":40,"tweenEasing":0},{"duration":30,"tweenEasing":0,"rotate":15.47},{"duration":0}]},{"name":"handR3","translateFrame":[{"duration":40,"tweenEasing":0},{"duration":30,"tweenEasing":0,"x":-0.96,"y":2.11},{"duration":0}]},{"name":"bone4","rotateFrame":[{"duration":40,"tweenEasing":0},{"duration":30,"tweenEasing":0,"rotate":12.24},{"duration":0}]},{"name":"handR4","translateFrame":[{"duration":40,"tweenEasing":0},{"duration":30,"tweenEasing":0,"x":3.47,"y":0.48},{"duration":0}],"rotateFrame":[{"duration":40,"tweenEasing":0},{"duration":30,"tweenEasing":0,"rotate":-7.9},{"duration":0}]},{"name":"armL2","translateFrame":[{"duration":46,"tweenEasing":0},{"duration":24,"tweenEasing":0,"x":7.23,"y":15.8},{"duration":0}]},{"name":"handL","rotateFrame":[{"duration":40,"tweenEasing":0},{"duration":30,"tweenEasing":0,"rotate":6.75},{"duration":0}],"scaleFrame":[{"duration":40,"tweenEasing":0},{"duration":30,"tweenEasing":0,"y":0.85},{"duration":0}]},{"name":"bone6","translateFrame":[{"duration":40,"tweenEasing":0},{"duration":30,"tweenEasing":0,"x":2.39,"y":0.32},{"duration":0}],"rotateFrame":[{"duration":40,"tweenEasing":0},{"duration":30,"tweenEasing":0,"rotate":-6.46},{"duration":0}]},{"name":"handL2","translateFrame":[{"duration":40,"tweenEasing":0},{"duration":30,"tweenEasing":0,"x":2.58,"y":-0.4},{"duration":0}],"rotateFrame":[{"duration":40,"tweenEasing":0},{"duration":30,"tweenEasing":0,"rotate":-11.83},{"duration":0}]},{"name":"legL2","translateFrame":[{"duration":35,"tweenEasing":0},{"duration":35,"tweenEasing":0,"x":4.53,"y":-0.64},{"duration":0}]},{"name":"footL","rotateFrame":[{"duration":35,"tweenEasing":0},{"duration":35,"tweenEasing":0,"rotate":-13.83},{"duration":0}]},{"name":"legR2","translateFrame":[{"duration":35,"tweenEasing":0},{"duration":35,"tweenEasing":0,"x":-0.54,"y":2.66},{"duration":0}]},{"name":"footR","translateFrame":[{"duration":35,"tweenEasing":0},{"duration":35,"tweenEasing":0,"x":-2.63,"y":-1.67},{"duration":0}],"rotateFrame":[{"duration":35,"tweenEasing":0},{"duration":35,"tweenEasing":0,"rotate":-12.03},{"duration":0}]},{"name":"bone9","translateFrame":[{"duration":35,"tweenEasing":0},{"duration":35,"tweenEasing":0,"x":-6.13,"y":2.46},{"duration":0}],"rotateFrame":[{"duration":35,"tweenEasing":0},{"duration":35,"tweenEasing":0,"rotate":-18.35},{"duration":0}]},{"name":"bone10","translateFrame":[{"duration":35,"tweenEasing":0},{"duration":35,"tweenEasing":0,"x":-3.73,"y":-2.9},{"duration":0}],"rotateFrame":[{"duration":35,"tweenEasing":0},{"duration":35,"tweenEasing":0,"rotate":-15.17},{"duration":0}]}],"ffd":[{"name":"armR","slot":"armR","frame":[{"duration":35,"tweenEasing":0},{"duration":35,"tweenEasing":0,"vertices":[0.22,-3.36,3.27,-0.13,0,0,0,0,2.75,5.37,-1.71,2.09,0,0,-3.13,2.44,0,0,-1.83,-5.05,1.23,-3.82,-1.24,-7.09,1.39,1.1,0,0,0,0,0,0,-0.54,-2.06,-0.18,-0.69,3.79,0.47,1.32,2.22,2.02,3.51,2.71,3.33,3.62,-1.4,2.04,-1.46,-0.31,0.16]},{"duration":0}]},{"name":"body","slot":"body","frame":[{"duration":40,"tweenEasing":0},{"duration":30,"tweenEasing":0,"offset":8,"vertices":[1.38,-3.25,2.18,-3.26,7.23,-0.16,0.71,0.3,-1.36,3.59,0,0,0,0,0,0,0,0,0,0,0,0,0,0,10.94,3.85,3.31,-0.89,0.82,0.93,9.52,5.64,0,0,1.04,3.98,5.47,5.33,0,0,9.78,1.71,9.78,1.73,4.27,-2.75,3.43,-0.28]},{"duration":0}]},{"name":"head","slot":"head","frame":[{"duration":35,"tweenEasing":0},{"duration":35,"tweenEasing":0,"vertices":[-2.34,0.27,2.59,-0.83,2.59,-0.83,4.9,0.03,2.69,1.47,1.69,6.01,0.91,3.59,-1.31,-0.43,-0.88,2.31,0.5,1.54,-0.04,-0.12,-0.44,-0.29,-0.75,-1.24,-2.11,-1.15,0.06,0.19,0.72,-0.03,-0.53,-1.66,-0.69,0.5,0.48,3,-0.45,2.74,-0.66,2.08,-1.13,2.38,-1.33,3.96,-0.26,3.72,-0.68,2.4,-0.26,3.72,-0.76,3.94,-0.76,4.13,-0.83,3.91,-0.26,3.72,-1.05,3.25,-0.83,3.91,0.78,2.42,2,0.31,0.32,4.02,0.18,3.58,0.05,1.68,-1.79,2.89]},{"duration":0}]},{"name":"legR","slot":"legR","frame":[{"duration":35,"tweenEasing":0},{"duration":35,"tweenEasing":0,"offset":6,"vertices":[3.27,-4.26,1.21,-6.38,-6.71,2.12,0,0,0,0,0,0,0,0,0,0,0,0,0,0,0,0,0,0,-7.96,4.67,-6.78,6.3,-2.98,3.71]},{"duration":0}]}]}],"defaultActions":[{"gotoAndPlay":"animation"}]}]}