{
  "classname": "CCNode",
  "name": null,
  "canedit": true,
  "objecttag": 10000,
  "rotation": 0,
  "scalex": 1,
  "scaley": 1,
  "visible": 1,
  "x": 0,
  "y": 0,
  "zorder": 1,
  "gameobjects": [
    {
      "__type": "ComGameObjectSurrogate:#EditorCommon.JsonModel",
      "classname": "CCNode",
      "name": "far2",
      "canedit": true,
      "objecttag": 10351,
      "rotation": 0,
      "scalex": 1,
      "scaley": 1,
      "visible": 1,
      "x": 0,
      "y": 0,
      "zorder": 3,
      "gameobjects": [
        {
          "__type": "ComGameObjectSurrogate:#EditorCommon.JsonModel",
          "classname": "CCNode",
          "name": "node_map",
          "canedit": true,
          "objecttag": 10352,
          "rotation": 0,
          "scalex": 1,
          "scaley": 1,
          "visible": 1,
          "x": 0,
          "y": 0,
          "zorder": 1,
          "gameobjects": [],
          "components": []
        },
        {
          "__type": "ComGameObjectSurrogate:#EditorCommon.JsonModel",
          "classname": "CCNode",
          "name": "node_other",
          "canedit": true,
          "objecttag": 10353,
          "rotation": 0,
          "scalex": 1,
          "scaley": 1,
          "visible": 1,
          "x": 0,
          "y": 0,
          "zorder": 1,
          "gameobjects": [],
          "components": []
        }
      ],
      "components": []
    },
    {
      "__type": "ComGameObjectSurrogate:#EditorCommon.JsonModel",
      "classname": "CCNode",
      "name": "far1",
      "canedit": true,
      "objecttag": 10354,
      "rotation": 0,
      "scalex": 1,
      "scaley": 1,
      "visible": 1,
      "x": 0,
      "y": 0,
      "zorder": 3,
      "gameobjects": [
        {
          "__type": "ComGameObjectSurrogate:#EditorCommon.JsonModel",
          "classname": "CCNode",
          "name": "node_map",
          "canedit": true,
          "objecttag": 10355,
          "rotation": 0,
          "scalex": 1,
          "scaley": 1,
          "visible": 1,
          "x": 0,
          "y": 0,
          "zorder": 1,
          "gameobjects": [],
          "components": []
        },
        {
          "__type": "ComGameObjectSurrogate:#EditorCommon.JsonModel",
          "classname": "CCNode",
          "name": "node_other",
          "canedit": true,
          "objecttag": 10356,
          "rotation": 0,
          "scalex": 1,
          "scaley": 1,
          "visible": 1,
          "x": 0,
          "y": 0,
          "zorder": 1,
          "gameobjects": [],
          "components": []
        }
      ],
      "components": []
    },
    {
      "__type": "ComGameObjectSurrogate:#EditorCommon.JsonModel",
      "classname": "CCNode",
      "name": "far",
      "canedit": true,
      "objecttag": 10311,
      "rotation": 0,
      "scalex": 1,
      "scaley": 1,
      "visible": 1,
      "x": 0,
      "y": 0,
      "zorder": 1,
      "gameobjects": [
        {
          "__type": "ComGameObjectSurrogate:#EditorCommon.JsonModel",
          "classname": "CCNode",
          "name": "node_map",
          "canedit": true,
          "objecttag": 10316,
          "rotation": 0,
          "scalex": 1,
          "scaley": 1,
          "visible": 1,
          "x": 0,
          "y": 0,
          "zorder": 1,
          "gameobjects": [
            {
              "__type": "ComGameObjectSurrogate:#EditorCommon.JsonModel",
              "classname": "CCNode",
              "name": "main",
              "canedit": true,
              "objecttag": 10407,
              "rotation": 0,
              "scalex": 1,
              "scaley": 1,
              "visible": 1,
              "x": 593,
              "y": 528.0001220703125,
              "zorder": 1,
              "gameobjects": [],
              "components": [
                {
                  "__type": "ComSpriteSurrogate:#EditorCommon.JsonModel.Component",
                  "classname": "CCSprite",
                  "name": "CCSprite",
                  "file": null,
                  "fileData": {
                    "path": "img/10/far.png",
                    "plistFile": "",
                    "resourceType": 0
                  }
                }
              ]
            }
          ],
          "components": []
        },
        {
          "__type": "ComGameObjectSurrogate:#EditorCommon.JsonModel",
          "classname": "CCNode",
          "name": "node_other",
          "canedit": true,
          "objecttag": 10317,
          "rotation": 0,
          "scalex": 1,
          "scaley": 1,
          "visible": 1,
          "x": 0,
          "y": 0,
          "zorder": 1,
          "gameobjects": [],
          "components": []
        }
      ],
      "components": []
    },
    {
      "__type": "ComGameObjectSurrogate:#EditorCommon.JsonModel",
      "classname": "CCNode",
      "name": "mid2",
      "canedit": true,
      "objecttag": 10312,
      "rotation": 0,
      "scalex": 1,
      "scaley": 1,
      "visible": 1,
      "x": 0,
      "y": 0,
      "zorder": 2,
      "gameobjects": [
        {
          "__type": "ComGameObjectSurrogate:#EditorCommon.JsonModel",
          "classname": "CCNode",
          "name": "node_map",
          "canedit": true,
          "objecttag": 10318,
          "rotation": 0,
          "scalex": 1,
          "scaley": 1,
          "visible": 1,
          "x": 0,
          "y": 0,
          "zorder": 1,
          "gameobjects": [],
          "components": []
        },
        {
          "__type": "ComGameObjectSurrogate:#EditorCommon.JsonModel",
          "classname": "CCNode",
          "name": "node_other",
          "canedit": true,
          "objecttag": 10319,
          "rotation": 0,
          "scalex": 1,
          "scaley": 1,
          "visible": 1,
          "x": 0,
          "y": 0,
          "zorder": 1,
          "gameobjects": [],
          "components": []
        }
      ],
      "components": []
    },
    {
      "__type": "ComGameObjectSurrogate:#EditorCommon.JsonModel",
      "classname": "CCNode",
      "name": "mid1",
      "canedit": true,
      "objecttag": 10313,
      "rotation": 0,
      "scalex": 1,
      "scaley": 1,
      "visible": 1,
      "x": 0,
      "y": 0,
      "zorder": 3,
      "gameobjects": [
        {
          "__type": "ComGameObjectSurrogate:#EditorCommon.JsonModel",
          "classname": "CCNode",
          "name": "node_map",
          "canedit": true,
          "objecttag": 10320,
          "rotation": 0,
          "scalex": 1,
          "scaley": 1,
          "visible": 1,
          "x": 0,
          "y": 0,
          "zorder": 1,
          "gameobjects": [
            {
              "__type": "ComGameObjectSurrogate:#EditorCommon.JsonModel",
              "classname": "CCNode",
              "name": "main",
              "canedit": true,
              "objecttag": 10385,
              "rotation": 0,
              "scalex": 1,
              "scaley": 1,
              "visible": 1,
              "x": 593.85723876953125,
              "y": 711.2857666015625,
              "zorder": 1,
              "gameobjects": [],
              "components": [
                {
                  "__type": "ComSpriteSurrogate:#EditorCommon.JsonModel.Component",
                  "classname": "CCSprite",
                  "name": "CCSprite",
                  "file": null,
                  "fileData": {
                    "path": "img/2/mid_bg2.png",
                    "plistFile": "",
                    "resourceType": 0
                  }
                }
              ]
            },
            {
              "__type": "ComGameObjectSurrogate:#EditorCommon.JsonModel",
              "classname": "CCNode",
              "name": null,
              "canedit": true,
              "objecttag": 10424,
              "rotation": 0,
              "scalex": 1,
              "scaley": 1,
              "visible": 1,
              "x": 1042.71435546875,
              "y": 554.2862548828125,
              "zorder": 1,
              "gameobjects": [],
              "components": [
                {
                  "__type": "ComSpriteSurrogate:#EditorCommon.JsonModel.Component",
                  "classname": "CCSprite",
                  "name": "CCSprite",
                  "file": null,
                  "fileData": {
                    "path": "img/3/mid_dc3.png",
                    "plistFile": "",
                    "resourceType": 0
                  }
                }
              ]
            },
            {
              "__type": "ComGameObjectSurrogate:#EditorCommon.JsonModel",
              "classname": "CCNode",
              "name": null,
              "canedit": true,
              "objecttag": 10425,
              "rotation": 0,
              "scalex": 1,
              "scaley": 1,
              "visible": 1,
              "x": 677.0001220703125,
              "y": 594.28607177734375,
              "zorder": 1,
              "gameobjects": [],
              "components": [
                {
                  "__type": "ComSpriteSurrogate:#EditorCommon.JsonModel.Component",
                  "classname": "CCSprite",
                  "name": "CCSprite",
                  "file": null,
                  "fileData": {
                    "path": "img/3/mid_dc1.png",
                    "plistFile": "",
                    "resourceType": 0
                  }
                }
              ]
            },
            {
              "__type": "ComGameObjectSurrogate:#EditorCommon.JsonModel",
              "classname": "CCNode",
              "name": null,
              "canedit": true,
              "objecttag": 10427,
              "rotation": 0,
              "scalex": 1,
              "scaley": 1,
              "visible": 1,
              "x": 229,
              "y": 625,
              "zorder": 1,
              "gameobjects": [],
              "components": [
                {
                  "__type": "ComSpriteSurrogate:#EditorCommon.JsonModel.Component",
                  "classname": "CCSprite",
                  "name": "CCSprite",
                  "file": null,
                  "fileData": {
                    "path": "img/3/mid_dc2.png",
                    "plistFile": "",
                    "resourceType": 0
                  }
                }
              ]
            },
            {
              "__type": "ComGameObjectSurrogate:#EditorCommon.JsonModel",
              "classname": "CCNode",
              "name": "",
              "canedit": true,
              "objecttag": 10384,
              "rotation": 0,
              "scalex": 1,
              "scaley": 1,
              "visible": 1,
              "x": 593.2860107421875,
              "y": 734.39288330078125,
              "zorder": 2,
              "gameobjects": [],
              "components": [
                {
                  "__type": "ComSpriteSurrogate:#EditorCommon.JsonModel.Component",
                  "classname": "CCSprite",
                  "name": "CCSprite",
                  "file": null,
                  "fileData": {
                    "path": "img/2/mid_bg1.png",
                    "plistFile": "",
                    "resourceType": 0
                  }
                }
              ]
            }
          ],
          "components": []
        },
        {
          "__type": "ComGameObjectSurrogate:#EditorCommon.JsonModel",
          "classname": "CCNode",
          "name": "node_other",
          "canedit": true,
          "objecttag": 10321,
          "rotation": 0,
          "scalex": 1,
          "scaley": 1,
          "visible": 1,
          "x": 0,
          "y": 0,
          "zorder": 1,
          "gameobjects": [],
          "components": []
        }
      ],
      "components": []
    },
    {
      "__type": "ComGameObjectSurrogate:#EditorCommon.JsonModel",
      "classname": "CCNode",
      "name": "group",
      "canedit": true,
      "objecttag": 10314,
      "rotation": 0,
      "scalex": 1,
      "scaley": 1,
      "visible": 1,
      "x": 0,
      "y": 0,
      "zorder": 4,
      "gameobjects": [
        {
          "__type": "ComGameObjectSurrogate:#EditorCommon.JsonModel",
          "classname": "CCNode",
          "name": "node_map",
          "canedit": true,
          "objecttag": 10322,
          "rotation": 0,
          "scalex": 1,
          "scaley": 1,
          "visible": 1,
          "x": 0,
          "y": 0,
          "zorder": 1,
          "gameobjects": [
            {
              "__type": "ComGameObjectSurrogate:#EditorCommon.JsonModel",
              "classname": "CCNode",
              "name": "main",
              "canedit": true,
              "objecttag": 10376,
              "rotation": 0,
              "scalex": 1,
              "scaley": 1,
              "visible": 1,
              "x": 593,
              "y": 215.00001525878906,
              "zorder": 1,
              "gameobjects": [],
              "components": [
                {
                  "__type": "ComSpriteSurrogate:#EditorCommon.JsonModel.Component",
                  "classname": "CCSprite",
                  "name": "CCSprite",
                  "file": null,
                  "fileData": {
                    "path": "img/2/group.png",
                    "plistFile": "",
                    "resourceType": 0
                  }
                }
              ]
            },
            {
              "__type": "ComGameObjectSurrogate:#EditorCommon.JsonModel",
              "classname": "CCNode",
              "name": null,
              "canedit": true,
              "objecttag": 10416,
              "rotation": 0,
              "scalex": 1,
              "scaley": 1,
              "visible": 1,
              "x": 622,
              "y": 238.5,
              "zorder": 1,
              "gameobjects": [],
              "components": [
                {
                  "__type": "ComSpriteSurrogate:#EditorCommon.JsonModel.Component",
                  "classname": "CCSprite",
                  "name": "CCSprite",
                  "file": null,
                  "fileData": {
                    "path": "img/10/group_dc3.png",
                    "plistFile": "",
                    "resourceType": 0
                  }
                }
              ]
            },
            {
              "__type": "ComGameObjectSurrogate:#EditorCommon.JsonModel",
              "classname": "CCNode",
              "name": null,
              "canedit": true,
              "objecttag": 10415,
              "rotation": 0,
              "scalex": 1,
              "scaley": 1,
              "visible": 1,
              "x": 397.5001220703125,
              "y": 116.25003051757813,
              "zorder": 2,
              "gameobjects": [],
              "components": [
                {
                  "__type": "ComSpriteSurrogate:#EditorCommon.JsonModel.Component",
                  "classname": "CCSprite",
                  "name": "CCSprite",
                  "file": null,
                  "fileData": {
                    "path": "img/10/group_dc2.png",
                    "plistFile": "",
                    "resourceType": 0
                  }
                }
              ]
            },
            {
              "__type": "ComGameObjectSurrogate:#EditorCommon.JsonModel",
              "classname": "CCNode",
              "name": null,
              "canedit": true,
              "objecttag": 10386,
              "rotation": 0,
              "scalex": 1,
              "scaley": 1,
              "visible": 1,
              "x": 114.14285278320313,
              "y": 248.28573608398438,
              "zorder": 2,
              "gameobjects": [],
              "components": [
                {
                  "__type": "ComSpriteSurrogate:#EditorCommon.JsonModel.Component",
                  "classname": "CCSprite",
                  "name": "CCSprite",
                  "file": null,
                  "fileData": {
                    "path": "img/2/group_dc1.png",
                    "plistFile": "",
                    "resourceType": 0
                  }
                }
              ]
            },
            {
              "__type": "ComGameObjectSurrogate:#EditorCommon.JsonModel",
              "classname": "CCNode",
              "name": null,
              "canedit": true,
              "objecttag": 10388,
              "rotation": 0,
              "scalex": 1,
              "scaley": 1,
              "visible": 1,
              "x": 368.57150268554688,
              "y": 325,
              "zorder": 2,
              "gameobjects": [],
              "components": [
                {
                  "__type": "ComSpriteSurrogate:#EditorCommon.JsonModel.Component",
                  "classname": "CCSprite",
                  "name": "CCSprite",
                  "file": null,
                  "fileData": {
                    "path": "img/2/group_dc3.png",
                    "plistFile": "",
                    "resourceType": 0
                  }
                }
              ]
            },
            {
              "__type": "ComGameObjectSurrogate:#EditorCommon.JsonModel",
              "classname": "CCNode",
              "name": null,
              "canedit": true,
              "objecttag": 10391,
              "rotation": 0,
              "scalex": 1,
              "scaley": 1,
              "visible": 1,
              "x": 974.28594970703125,
              "y": 340.14288330078125,
              "zorder": 2,
              "gameobjects": [],
              "components": [
                {
                  "__type": "ComSpriteSurrogate:#EditorCommon.JsonModel.Component",
                  "classname": "CCSprite",
                  "name": "CCSprite",
                  "file": null,
                  "fileData": {
                    "path": "img/2/group_dc3.png",
                    "plistFile": "",
                    "resourceType": 0
                  }
                }
              ]
            },
            {
              "__type": "ComGameObjectSurrogate:#EditorCommon.JsonModel",
              "classname": "CCNode",
              "name": null,
              "canedit": true,
              "objecttag": 10413,
              "rotation": 0,
              "scalex": 1,
              "scaley": 1,
              "visible": 1,
              "x": 547.25006103515625,
              "y": 408.00003051757812,
              "zorder": 2,
              "gameobjects": [],
              "components": [
                {
                  "__type": "ComSpriteSurrogate:#EditorCommon.JsonModel.Component",
                  "classname": "CCSprite",
                  "name": "CCSprite",
                  "file": null,
                  "fileData": {
                    "path": "img/10/group_dc11.png",
                    "plistFile": "",
                    "resourceType": 0
                  }
                }
              ]
            },
            {
              "__type": "ComGameObjectSurrogate:#EditorCommon.JsonModel",
              "classname": "CCNode",
              "name": null,
              "canedit": true,
              "objecttag": 10422,
              "rotation": 0,
              "scalex": 1,
              "scaley": 1,
              "visible": 1,
              "x": 1029.500244140625,
              "y": 377.25003051757812,
              "zorder": 2,
              "gameobjects": [],
              "components": [
                {
                  "__type": "ComSpriteSurrogate:#EditorCommon.JsonModel.Component",
                  "classname": "CCSprite",
                  "name": "CCSprite",
                  "file": null,
                  "fileData": {
                    "path": "img/10/group_dc9.png",
                    "plistFile": "",
                    "resourceType": 0
                  }
                }
              ]
            },
            {
              "__type": "ComGameObjectSurrogate:#EditorCommon.JsonModel",
              "classname": "CCNode",
              "name": null,
              "canedit": true,
              "objecttag": 10414,
              "rotation": 0,
              "scalex": 1,
              "scaley": 1,
              "visible": 1,
              "x": 809.25006103515625,
              "y": 355.75003051757812,
              "zorder": 3,
              "gameobjects": [],
              "components": [
                {
                  "__type": "ComSpriteSurrogate:#EditorCommon.JsonModel.Component",
                  "classname": "CCSprite",
                  "name": "CCSprite",
                  "file": null,
                  "fileData": {
                    "path": "img/10/group_dc1.png",
                    "plistFile": "",
                    "resourceType": 0
                  }
                }
              ]
            },
            {
              "__type": "ComGameObjectSurrogate:#EditorCommon.JsonModel",
              "classname": "CCNode",
              "name": null,
              "canedit": true,
              "objecttag": 10417,
              "rotation": 0,
              "scalex": 1,
              "scaley": 1,
              "visible": 1,
              "x": 657.25006103515625,
              "y": 335.25003051757812,
              "zorder": 4,
              "gameobjects": [],
              "components": [
                {
                  "__type": "ComSpriteSurrogate:#EditorCommon.JsonModel.Component",
                  "classname": "CCSprite",
                  "name": "CCSprite",
                  "file": null,
                  "fileData": {
                    "path": "img/10/group_dc4.png",
                    "plistFile": "",
                    "resourceType": 0
                  }
                }
              ]
            },
            {
              "__type": "ComGameObjectSurrogate:#EditorCommon.JsonModel",
              "classname": "CCNode",
              "name": null,
              "canedit": true,
              "objecttag": 10423,
              "rotation": 0,
              "scalex": 1,
              "scaley": 1,
              "visible": 1,
              "x": 1130.250244140625,
              "y": 336.00003051757812,
              "zorder": 2,
              "gameobjects": [],
              "components": [
                {
                  "__type": "ComSpriteSurrogate:#EditorCommon.JsonModel.Component",
                  "classname": "CCSprite",
                  "name": "CCSprite",
                  "file": null,
                  "fileData": {
                    "path": "img/10/group_dc10.png",
                    "plistFile": "",
                    "resourceType": 0
                  }
                }
              ]
            },
            {
              "__type": "ComGameObjectSurrogate:#EditorCommon.JsonModel",
              "classname": "CCNode",
              "name": null,
              "canedit": true,
              "objecttag": 10419,
              "rotation": 0,
              "scalex": 1,
              "scaley": 1,
              "visible": 1,
              "x": 446.49996948242188,
              "y": 377.25003051757812,
              "zorder": 2,
              "gameobjects": [],
              "components": [
                {
                  "__type": "ComSpriteSurrogate:#EditorCommon.JsonModel.Component",
                  "classname": "CCSprite",
                  "name": "CCSprite",
                  "file": null,
                  "fileData": {
                    "path": "img/10/group_dc6.png",
                    "plistFile": "",
                    "resourceType": 0
                  }
                }
              ]
            },
            {
              "__type": "ComGameObjectSurrogate:#EditorCommon.JsonModel",
              "classname": "CCNode",
              "name": null,
              "canedit": true,
              "objecttag": 10418,
              "rotation": 0,
              "scalex": 1,
              "scaley": 1,
              "visible": 1,
              "x": 254.00001525878906,
              "y": 398.75003051757812,
              "zorder": 1,
              "gameobjects": [],
              "components": [
                {
                  "__type": "ComSpriteSurrogate:#EditorCommon.JsonModel.Component",
                  "classname": "CCSprite",
                  "name": "CCSprite",
                  "file": null,
                  "fileData": {
                    "path": "img/10/group_dc5.png",
                    "plistFile": "",
                    "resourceType": 0
                  }
                }
              ]
            },
            {
              "__type": "ComGameObjectSurrogate:#EditorCommon.JsonModel",
              "classname": "CCNode",
              "name": null,
              "canedit": true,
              "objecttag": 10421,
              "rotation": 0,
              "scalex": 1,
              "scaley": 1,
              "visible": 1,
              "x": 85.2500228881836,
              "y": 368.75003051757812,
              "zorder": 3,
              "gameobjects": [],
              "components": [
                {
                  "__type": "ComSpriteSurrogate:#EditorCommon.JsonModel.Component",
                  "classname": "CCSprite",
                  "name": "CCSprite",
                  "file": null,
                  "fileData": {
                    "path": "img/10/group_dc8.png",
                    "plistFile": "",
                    "resourceType": 0
                  }
                }
              ]
            },
            {
              "__type": "ComGameObjectSurrogate:#EditorCommon.JsonModel",
              "classname": "CCNode",
              "name": null,
              "canedit": true,
              "objecttag": 10420,
              "rotation": 0,
              "scalex": 1,
              "scaley": 1,
              "visible": 1,
              "x": 218.50003051757813,
              "y": 344.50003051757812,
              "zorder": 3,
              "gameobjects": [],
              "components": [
                {
                  "__type": "ComSpriteSurrogate:#EditorCommon.JsonModel.Component",
                  "classname": "CCSprite",
                  "name": "CCSprite",
                  "file": null,
                  "fileData": {
                    "path": "img/10/group_dc7.png",
                    "plistFile": "",
                    "resourceType": 0
                  }
                }
              ]
            }
          ],
          "components": []
        },
        {
          "__type": "ComGameObjectSurrogate:#EditorCommon.JsonModel",
          "classname": "CCNode",
          "name": "node_other",
          "canedit": true,
          "objecttag": 10323,
          "rotation": 0,
          "scalex": 1,
          "scaley": 1,
          "visible": 1,
          "x": 0,
          "y": 0,
          "zorder": 1,
          "gameobjects": [],
          "components": []
        }
      ],
      "components": []
    },
    {
      "__type": "ComGameObjectSurrogate:#EditorCommon.JsonModel",
      "classname": "CCNode",
      "name": "close",
      "canedit": true,
      "objecttag": 10315,
      "rotation": 0,
      "scalex": 1,
      "scaley": 1,
      "visible": 1,
      "x": 0,
      "y": 0,
      "zorder": 5,
      "gameobjects": [
        {
          "__type": "ComGameObjectSurrogate:#EditorCommon.JsonModel",
          "classname": "CCNode",
          "name": "node_map",
          "canedit": true,
          "objecttag": 10324,
          "rotation": 0,
          "scalex": 1,
          "scaley": 1,
          "visible": 1,
          "x": 0,
          "y": 0,
          "zorder": 1,
          "gameobjects": [
            {
              "__type": "ComGameObjectSurrogate:#EditorCommon.JsonModel",
              "classname": "CCNode",
              "name": "main",
              "canedit": true,
              "objecttag": 10377,
              "rotation": 0,
              "scalex": 1,
              "scaley": 1,
              "visible": 1,
              "x": 591.75006103515625,
              "y": 91.250015258789062,
              "zorder": 1,
              "gameobjects": [],
              "components": [
                {
                  "__type": "ComSpriteSurrogate:#EditorCommon.JsonModel.Component",
                  "classname": "CCSprite",
                  "name": "CCSprite",
                  "file": null,
                  "fileData": {
                    "path": "img/2/close.png",
                    "plistFile": "",
                    "resourceType": 0
                  }
                }
              ]
            },
            {
              "__type": "ComGameObjectSurrogate:#EditorCommon.JsonModel",
              "classname": "CCNode",
              "name": null,
              "canedit": true,
              "objecttag": 10408,
              "rotation": 0,
              "scalex": 1,
              "scaley": 1,
              "visible": 1,
              "x": 593,
              "y": 78.750045776367188,
              "zorder": 2,
              "gameobjects": [],
              "components": [
                {
                  "__type": "ComSpriteSurrogate:#EditorCommon.JsonModel.Component",
                  "classname": "CCSprite",
                  "name": "CCSprite",
                  "file": null,
                  "fileData": {
                    "path": "img/3/close_dc2.png",
                    "plistFile": "",
                    "resourceType": 0
                  }
                }
              ]
            },
            {
              "__type": "ComGameObjectSurrogate:#EditorCommon.JsonModel",
              "classname": "CCNode",
              "name": null,
              "canedit": true,
              "objecttag": 10410,
              "rotation": 0,
              "scalex": 1,
              "scaley": 1,
              "visible": 1,
              "x": 390.25003051757812,
              "y": 76.750007629394531,
              "zorder": 2,
              "gameobjects": [],
              "components": [
                {
                  "__type": "ComSpriteSurrogate:#EditorCommon.JsonModel.Component",
                  "classname": "CCSprite",
                  "name": "CCSprite",
                  "file": null,
                  "fileData": {
                    "path": "img/3/close_dc1.png",
                    "plistFile": "",
                    "resourceType": 0
                  }
                }
              ]
            },
            {
              "__type": "ComGameObjectSurrogate:#EditorCommon.JsonModel",
              "classname": "CCNode",
              "name": null,
              "canedit": true,
              "objecttag": 10412,
              "rotation": 0,
              "scalex": 1,
              "scaley": 1,
              "visible": 1,
              "x": 874.2501220703125,
              "y": 76.25,
              "zorder": 2,
              "gameobjects": [],
              "components": [
                {
                  "__type": "ComSpriteSurrogate:#EditorCommon.JsonModel.Component",
                  "classname": "CCSprite",
                  "name": "CCSprite",
                  "file": null,
                  "fileData": {
                    "path": "img/3/close_dc4.png",
                    "plistFile": "",
                    "resourceType": 0
                  }
                }
              ]
            },
            {
              "__type": "ComGameObjectSurrogate:#EditorCommon.JsonModel",
              "classname": "CCNode",
              "name": null,
              "canedit": true,
              "objecttag": 10409,
              "rotation": 0,
              "scalex": 1,
              "scaley": 1,
              "visible": 1,
              "x": 242.75006103515625,
              "y": 157.99998474121094,
              "zorder": 3,
              "gameobjects": [],
              "components": [
                {
                  "__type": "ComSpriteSurrogate:#EditorCommon.JsonModel.Component",
                  "classname": "CCSprite",
                  "name": "CCSprite",
                  "file": null,
                  "fileData": {
                    "path": "img/10/close_dc1.png",
                    "plistFile": "",
                    "resourceType": 0
                  }
                }
              ]
            }
          ],
          "components": []
        },
        {
          "__type": "ComGameObjectSurrogate:#EditorCommon.JsonModel",
          "classname": "CCNode",
          "name": "node_other",
          "canedit": true,
          "objecttag": 10325,
          "rotation": 0,
          "scalex": 1,
          "scaley": 1,
          "visible": 1,
          "x": 0,
          "y": 0,
          "zorder": 1,
          "gameobjects": [],
          "components": []
        }
      ],
      "components": []
    }
  ],
  "CanvasSize": {
    "_height": 740,
    "_width": 1184
  },
  "Triggers": null,
  "Version": "1.4.0.0",
  "components": [
    {
      "__type": "ComSceneSurrogate:#EditorCommon.JsonModel.Component",
      "classname": "CCScene",
      "name": "CCScene",
      "scenename": "10"
    },
    {
      "__type": "ComSimpleAudioSurrogate:#EditorCommon.JsonModel.Component",
      "classname": "CCBackgroundAudio",
      "name": "CCBackgroundAudio",
      "file": null,
      "fileData": {
        "path": null,
        "plistFile": null,
        "resourceType": 0
      },
      "loop": 0
    }
  ]
}