{
  "classname": "CCNode",
  "name": null,
  "canedit": true,
  "objecttag": 10000,
  "rotation": 0,
  "scalex": 1,
  "scaley": 1,
  "visible": 1,
  "x": 0,
  "y": 0,
  "zorder": 1,
  "gameobjects": [
    {
      "__type": "ComGameObjectSurrogate:#EditorCommon.JsonModel",
      "classname": "CCNode",
      "name": "far2",
      "canedit": true,
      "objecttag": 10351,
      "rotation": 0,
      "scalex": 1,
      "scaley": 1,
      "visible": 1,
      "x": 0,
      "y": 0,
      "zorder": 3,
      "gameobjects": [
        {
          "__type": "ComGameObjectSurrogate:#EditorCommon.JsonModel",
          "classname": "CCNode",
          "name": "node_map",
          "canedit": true,
          "objecttag": 10352,
          "rotation": 0,
          "scalex": 1,
          "scaley": 1,
          "visible": 1,
          "x": 0,
          "y": 0,
          "zorder": 1,
          "gameobjects": [],
          "components": []
        },
        {
          "__type": "ComGameObjectSurrogate:#EditorCommon.JsonModel",
          "classname": "CCNode",
          "name": "node_other",
          "canedit": true,
          "objecttag": 10353,
          "rotation": 0,
          "scalex": 1,
          "scaley": 1,
          "visible": 1,
          "x": 0,
          "y": 0,
          "zorder": 1,
          "gameobjects": [],
          "components": []
        }
      ],
      "components": []
    },
    {
      "__type": "ComGameObjectSurrogate:#EditorCommon.JsonModel",
      "classname": "CCNode",
      "name": "far1",
      "canedit": true,
      "objecttag": 10354,
      "rotation": 0,
      "scalex": 1,
      "scaley": 1,
      "visible": 1,
      "x": 0,
      "y": 0,
      "zorder": 3,
      "gameobjects": [
        {
          "__type": "ComGameObjectSurrogate:#EditorCommon.JsonModel",
          "classname": "CCNode",
          "name": "node_map",
          "canedit": true,
          "objecttag": 10355,
          "rotation": 0,
          "scalex": 1,
          "scaley": 1,
          "visible": 1,
          "x": 0,
          "y": 0,
          "zorder": 1,
          "gameobjects": [],
          "components": []
        },
        {
          "__type": "ComGameObjectSurrogate:#EditorCommon.JsonModel",
          "classname": "CCNode",
          "name": "node_other",
          "canedit": true,
          "objecttag": 10356,
          "rotation": 0,
          "scalex": 1,
          "scaley": 1,
          "visible": 1,
          "x": 0,
          "y": 0,
          "zorder": 1,
          "gameobjects": [],
          "components": []
        }
      ],
      "components": []
    },
    {
      "__type": "ComGameObjectSurrogate:#EditorCommon.JsonModel",
      "classname": "CCNode",
      "name": "far",
      "canedit": true,
      "objecttag": 10311,
      "rotation": 0,
      "scalex": 1,
      "scaley": 1,
      "visible": 1,
      "x": 0,
      "y": 0,
      "zorder": 1,
      "gameobjects": [
        {
          "__type": "ComGameObjectSurrogate:#EditorCommon.JsonModel",
          "classname": "CCNode",
          "name": "node_map",
          "canedit": true,
          "objecttag": 10316,
          "rotation": 0,
          "scalex": 1,
          "scaley": 1,
          "visible": 1,
          "x": 0,
          "y": 0,
          "zorder": 1,
          "gameobjects": [
            {
              "__type": "ComGameObjectSurrogate:#EditorCommon.JsonModel",
              "classname": "CCNode",
              "name": "main",
              "canedit": true,
              "objecttag": 10375,
              "rotation": 0,
              "scalex": 1,
              "scaley": 1,
              "visible": 1,
              "x": 593.7501220703125,
              "y": 528.75,
              "zorder": 1,
              "gameobjects": [],
              "components": [
                {
                  "__type": "ComSpriteSurrogate:#EditorCommon.JsonModel.Component",
                  "classname": "CCSprite",
                  "name": "CCSprite",
                  "file": null,
                  "fileData": {
                    "path": "img/2/far.png",
                    "plistFile": "",
                    "resourceType": 0
                  }
                }
              ]
            }
          ],
          "components": []
        },
        {
          "__type": "ComGameObjectSurrogate:#EditorCommon.JsonModel",
          "classname": "CCNode",
          "name": "node_other",
          "canedit": true,
          "objecttag": 10317,
          "rotation": 0,
          "scalex": 1,
          "scaley": 1,
          "visible": 1,
          "x": 0,
          "y": 0,
          "zorder": 1,
          "gameobjects": [],
          "components": []
        }
      ],
      "components": []
    },
    {
      "__type": "ComGameObjectSurrogate:#EditorCommon.JsonModel",
      "classname": "CCNode",
      "name": "mid2",
      "canedit": true,
      "objecttag": 10312,
      "rotation": 0,
      "scalex": 1,
      "scaley": 1,
      "visible": 1,
      "x": 0,
      "y": 0,
      "zorder": 2,
      "gameobjects": [
        {
          "__type": "ComGameObjectSurrogate:#EditorCommon.JsonModel",
          "classname": "CCNode",
          "name": "node_map",
          "canedit": true,
          "objecttag": 10318,
          "rotation": 0,
          "scalex": 1,
          "scaley": 1,
          "visible": 1,
          "x": 0,
          "y": 0,
          "zorder": 1,
          "gameobjects": [],
          "components": []
        },
        {
          "__type": "ComGameObjectSurrogate:#EditorCommon.JsonModel",
          "classname": "CCNode",
          "name": "node_other",
          "canedit": true,
          "objecttag": 10319,
          "rotation": 0,
          "scalex": 1,
          "scaley": 1,
          "visible": 1,
          "x": 0,
          "y": 0,
          "zorder": 1,
          "gameobjects": [],
          "components": []
        }
      ],
      "components": []
    },
    {
      "__type": "ComGameObjectSurrogate:#EditorCommon.JsonModel",
      "classname": "CCNode",
      "name": "mid1",
      "canedit": true,
      "objecttag": 10313,
      "rotation": 0,
      "scalex": 1,
      "scaley": 1,
      "visible": 1,
      "x": 0,
      "y": 0,
      "zorder": 3,
      "gameobjects": [
        {
          "__type": "ComGameObjectSurrogate:#EditorCommon.JsonModel",
          "classname": "CCNode",
          "name": "node_map",
          "canedit": true,
          "objecttag": 10320,
          "rotation": 0,
          "scalex": 1,
          "scaley": 1,
          "visible": 1,
          "x": 0,
          "y": 0,
          "zorder": 1,
          "gameobjects": [
            {
              "__type": "ComGameObjectSurrogate:#EditorCommon.JsonModel",
              "classname": "CCNode",
              "name": "main",
              "canedit": true,
              "objecttag": 10385,
              "rotation": 0,
              "scalex": 1,
              "scaley": 1,
              "visible": 1,
              "x": 593.85723876953125,
              "y": 711.2857666015625,
              "zorder": 1,
              "gameobjects": [],
              "components": [
                {
                  "__type": "ComSpriteSurrogate:#EditorCommon.JsonModel.Component",
                  "classname": "CCSprite",
                  "name": "CCSprite",
                  "file": null,
                  "fileData": {
                    "path": "img/2/mid_bg2.png",
                    "plistFile": "",
                    "resourceType": 0
                  }
                }
              ]
            },
            {
              "__type": "ComGameObjectSurrogate:#EditorCommon.JsonModel",
              "classname": "CCNode",
              "name": null,
              "canedit": true,
              "objecttag": 10380,
              "rotation": 0,
              "scalex": 1,
              "scaley": 1,
              "visible": 1,
              "x": 173.14289855957031,
              "y": 605.28582763671875,
              "zorder": 1,
              "gameobjects": [],
              "components": [
                {
                  "__type": "ComSpriteSurrogate:#EditorCommon.JsonModel.Component",
                  "classname": "CCSprite",
                  "name": "CCSprite",
                  "file": null,
                  "fileData": {
                    "path": "img/2/mid_dc1.png",
                    "plistFile": "",
                    "resourceType": 0
                  }
                }
              ]
            },
            {
              "__type": "ComGameObjectSurrogate:#EditorCommon.JsonModel",
              "classname": "CCNode",
              "name": null,
              "canedit": true,
              "objecttag": 10381,
              "rotation": 0,
              "scalex": 1,
              "scaley": 1,
              "visible": 1,
              "x": 436.42855834960938,
              "y": 672.57147216796875,
              "zorder": 1,
              "gameobjects": [],
              "components": [
                {
                  "__type": "ComSpriteSurrogate:#EditorCommon.JsonModel.Component",
                  "classname": "CCSprite",
                  "name": "CCSprite",
                  "file": null,
                  "fileData": {
                    "path": "img/2/mid_dc2.png",
                    "plistFile": "",
                    "resourceType": 0
                  }
                }
              ]
            },
            {
              "__type": "ComGameObjectSurrogate:#EditorCommon.JsonModel",
              "classname": "CCNode",
              "name": null,
              "canedit": true,
              "objecttag": 10382,
              "rotation": 0,
              "scalex": 1,
              "scaley": 1,
              "visible": 1,
              "x": 669.1429443359375,
              "y": 575.714111328125,
              "zorder": 1,
              "gameobjects": [],
              "components": [
                {
                  "__type": "ComSpriteSurrogate:#EditorCommon.JsonModel.Component",
                  "classname": "CCSprite",
                  "name": "CCSprite",
                  "file": null,
                  "fileData": {
                    "path": "img/2/mid_dc3.png",
                    "plistFile": "",
                    "resourceType": 0
                  }
                }
              ]
            },
            {
              "__type": "ComGameObjectSurrogate:#EditorCommon.JsonModel",
              "classname": "CCNode",
              "name": null,
              "canedit": true,
              "objecttag": 10383,
              "rotation": 0,
              "scalex": 1,
              "scaley": 1,
              "visible": 1,
              "x": 965.0003662109375,
              "y": 584.28558349609375,
              "zorder": 1,
              "gameobjects": [],
              "components": [
                {
                  "__type": "ComSpriteSurrogate:#EditorCommon.JsonModel.Component",
                  "classname": "CCSprite",
                  "name": "CCSprite",
                  "file": null,
                  "fileData": {
                    "path": "img/2/mid_dc4.png",
                    "plistFile": "",
                    "resourceType": 0
                  }
                }
              ]
            },
            {
              "__type": "ComGameObjectSurrogate:#EditorCommon.JsonModel",
              "classname": "CCNode",
              "name": "",
              "canedit": true,
              "objecttag": 10384,
              "rotation": 0,
              "scalex": 1,
              "scaley": 1,
              "visible": 1,
              "x": 593.2860107421875,
              "y": 734.39288330078125,
              "zorder": 1,
              "gameobjects": [],
              "components": [
                {
                  "__type": "ComSpriteSurrogate:#EditorCommon.JsonModel.Component",
                  "classname": "CCSprite",
                  "name": "CCSprite",
                  "file": null,
                  "fileData": {
                    "path": "img/2/mid_bg1.png",
                    "plistFile": "",
                    "resourceType": 0
                  }
                }
              ]
            }
          ],
          "components": []
        },
        {
          "__type": "ComGameObjectSurrogate:#EditorCommon.JsonModel",
          "classname": "CCNode",
          "name": "node_other",
          "canedit": true,
          "objecttag": 10321,
          "rotation": 0,
          "scalex": 1,
          "scaley": 1,
          "visible": 1,
          "x": 0,
          "y": 0,
          "zorder": 1,
          "gameobjects": [],
          "components": []
        }
      ],
      "components": []
    },
    {
      "__type": "ComGameObjectSurrogate:#EditorCommon.JsonModel",
      "classname": "CCNode",
      "name": "group",
      "canedit": true,
      "objecttag": 10314,
      "rotation": 0,
      "scalex": 1,
      "scaley": 1,
      "visible": 1,
      "x": 0,
      "y": 0,
      "zorder": 4,
      "gameobjects": [
        {
          "__type": "ComGameObjectSurrogate:#EditorCommon.JsonModel",
          "classname": "CCNode",
          "name": "node_map",
          "canedit": true,
          "objecttag": 10322,
          "rotation": 0,
          "scalex": 1,
          "scaley": 1,
          "visible": 1,
          "x": 0,
          "y": 0,
          "zorder": 1,
          "gameobjects": [
            {
              "__type": "ComGameObjectSurrogate:#EditorCommon.JsonModel",
              "classname": "CCNode",
              "name": "main",
              "canedit": true,
              "objecttag": 10376,
              "rotation": 0,
              "scalex": 1,
              "scaley": 1,
              "visible": 1,
              "x": 593.75006103515625,
              "y": 215.00001525878906,
              "zorder": 1,
              "gameobjects": [],
              "components": [
                {
                  "__type": "ComSpriteSurrogate:#EditorCommon.JsonModel.Component",
                  "classname": "CCSprite",
                  "name": "CCSprite",
                  "file": null,
                  "fileData": {
                    "path": "img/2/group.png",
                    "plistFile": "",
                    "resourceType": 0
                  }
                }
              ]
            },
            {
              "__type": "ComGameObjectSurrogate:#EditorCommon.JsonModel",
              "classname": "CCNode",
              "name": null,
              "canedit": true,
              "objecttag": 10386,
              "rotation": 0,
              "scalex": 1,
              "scaley": 1,
              "visible": 1,
              "x": 137.14285278320313,
              "y": 234.28573608398438,
              "zorder": 1,
              "gameobjects": [],
              "components": [
                {
                  "__type": "ComSpriteSurrogate:#EditorCommon.JsonModel.Component",
                  "classname": "CCSprite",
                  "name": "CCSprite",
                  "file": null,
                  "fileData": {
                    "path": "img/2/group_dc1.png",
                    "plistFile": "",
                    "resourceType": 0
                  }
                }
              ]
            },
            {
              "__type": "ComGameObjectSurrogate:#EditorCommon.JsonModel",
              "classname": "CCNode",
              "name": null,
              "canedit": true,
              "objecttag": 10387,
              "rotation": 0,
              "scalex": 1,
              "scaley": 1,
              "visible": 1,
              "x": 530.4285888671875,
              "y": 358.57147216796875,
              "zorder": 1,
              "gameobjects": [],
              "components": [
                {
                  "__type": "ComSpriteSurrogate:#EditorCommon.JsonModel.Component",
                  "classname": "CCSprite",
                  "name": "CCSprite",
                  "file": null,
                  "fileData": {
                    "path": "img/2/group_dc2.png",
                    "plistFile": "",
                    "resourceType": 0
                  }
                }
              ]
            },
            {
              "__type": "ComGameObjectSurrogate:#EditorCommon.JsonModel",
              "classname": "CCNode",
              "name": null,
              "canedit": true,
              "objecttag": 10388,
              "rotation": 0,
              "scalex": 1,
              "scaley": 1,
              "visible": 1,
              "x": 348.57150268554688,
              "y": 340,
              "zorder": 1,
              "gameobjects": [],
              "components": [
                {
                  "__type": "ComSpriteSurrogate:#EditorCommon.JsonModel.Component",
                  "classname": "CCSprite",
                  "name": "CCSprite",
                  "file": null,
                  "fileData": {
                    "path": "img/2/group_dc3.png",
                    "plistFile": "",
                    "resourceType": 0
                  }
                }
              ]
            },
            {
              "__type": "ComGameObjectSurrogate:#EditorCommon.JsonModel",
              "classname": "CCNode",
              "name": null,
              "canedit": true,
              "objecttag": 10390,
              "rotation": 0,
              "scalex": 1,
              "scaley": 1,
              "visible": 1,
              "x": 722.857177734375,
              "y": 358.57150268554688,
              "zorder": 1,
              "gameobjects": [],
              "components": [
                {
                  "__type": "ComSpriteSurrogate:#EditorCommon.JsonModel.Component",
                  "classname": "CCSprite",
                  "name": "CCSprite",
                  "file": null,
                  "fileData": {
                    "path": "img/2/group_dc5.png",
                    "plistFile": "",
                    "resourceType": 0
                  }
                }
              ]
            },
            {
              "__type": "ComGameObjectSurrogate:#EditorCommon.JsonModel",
              "classname": "CCNode",
              "name": null,
              "canedit": true,
              "objecttag": 10389,
              "rotation": 0,
              "scalex": 1,
              "scaley": 1,
              "visible": 1,
              "x": 257.14291381835938,
              "y": 125.71436309814453,
              "zorder": 1,
              "gameobjects": [],
              "components": [
                {
                  "__type": "ComSpriteSurrogate:#EditorCommon.JsonModel.Component",
                  "classname": "CCSprite",
                  "name": "CCSprite",
                  "file": null,
                  "fileData": {
                    "path": "img/2/group_dc4.png",
                    "plistFile": "",
                    "resourceType": 0
                  }
                }
              ]
            },
            {
              "__type": "ComGameObjectSurrogate:#EditorCommon.JsonModel",
              "classname": "CCNode",
              "name": null,
              "canedit": true,
              "objecttag": 10391,
              "rotation": 0,
              "scalex": 1,
              "scaley": 1,
              "visible": 1,
              "x": 974.28594970703125,
              "y": 340.14288330078125,
              "zorder": 1,
              "gameobjects": [],
              "components": [
                {
                  "__type": "ComSpriteSurrogate:#EditorCommon.JsonModel.Component",
                  "classname": "CCSprite",
                  "name": "CCSprite",
                  "file": null,
                  "fileData": {
                    "path": "img/2/group_dc3.png",
                    "plistFile": "",
                    "resourceType": 0
                  }
                }
              ]
            }
          ],
          "components": []
        },
        {
          "__type": "ComGameObjectSurrogate:#EditorCommon.JsonModel",
          "classname": "CCNode",
          "name": "node_other",
          "canedit": true,
          "objecttag": 10323,
          "rotation": 0,
          "scalex": 1,
          "scaley": 1,
          "visible": 1,
          "x": 0,
          "y": 0,
          "zorder": 1,
          "gameobjects": [],
          "components": []
        }
      ],
      "components": []
    },
    {
      "__type": "ComGameObjectSurrogate:#EditorCommon.JsonModel",
      "classname": "CCNode",
      "name": "close",
      "canedit": true,
      "objecttag": 10315,
      "rotation": 0,
      "scalex": 1,
      "scaley": 1,
      "visible": 1,
      "x": 0,
      "y": 0,
      "zorder": 5,
      "gameobjects": [
        {
          "__type": "ComGameObjectSurrogate:#EditorCommon.JsonModel",
          "classname": "CCNode",
          "name": "node_map",
          "canedit": true,
          "objecttag": 10324,
          "rotation": 0,
          "scalex": 1,
          "scaley": 1,
          "visible": 1,
          "x": 0,
          "y": 0,
          "zorder": 1,
          "gameobjects": [
            {
              "__type": "ComGameObjectSurrogate:#EditorCommon.JsonModel",
              "classname": "CCNode",
              "name": "main",
              "canedit": true,
              "objecttag": 10377,
              "rotation": 0,
              "scalex": 1,
              "scaley": 1,
              "visible": 1,
              "x": 593.00006103515625,
              "y": 92.500015258789062,
              "zorder": 1,
              "gameobjects": [],
              "components": [
                {
                  "__type": "ComSpriteSurrogate:#EditorCommon.JsonModel.Component",
                  "classname": "CCSprite",
                  "name": "CCSprite",
                  "file": null,
                  "fileData": {
                    "path": "img/2/close.png",
                    "plistFile": "",
                    "resourceType": 0
                  }
                }
              ]
            },
            {
              "__type": "ComGameObjectSurrogate:#EditorCommon.JsonModel",
              "classname": "CCNode",
              "name": null,
              "canedit": true,
              "objecttag": 10378,
              "rotation": 0,
              "scalex": 1,
              "scaley": 1,
              "visible": 1,
              "x": 305.14285278320312,
              "y": 57.142848968505859,
              "zorder": 1,
              "gameobjects": [],
              "components": [
                {
                  "__type": "ComSpriteSurrogate:#EditorCommon.JsonModel.Component",
                  "classname": "CCSprite",
                  "name": "CCSprite",
                  "file": null,
                  "fileData": {
                    "path": "img/2/close_dc1.png",
                    "plistFile": "",
                    "resourceType": 0
                  }
                }
              ]
            },
            {
              "__type": "ComGameObjectSurrogate:#EditorCommon.JsonModel",
              "classname": "CCNode",
              "name": null,
              "canedit": true,
              "objecttag": 10379,
              "rotation": 0,
              "scalex": 1,
              "scaley": 1,
              "visible": 1,
              "x": 918.00018310546875,
              "y": 64.71429443359375,
              "zorder": 1,
              "gameobjects": [],
              "components": [
                {
                  "__type": "ComSpriteSurrogate:#EditorCommon.JsonModel.Component",
                  "classname": "CCSprite",
                  "name": "CCSprite",
                  "file": null,
                  "fileData": {
                    "path": "img/2/close_dc2.png",
                    "plistFile": "",
                    "resourceType": 0
                  }
                }
              ]
            }
          ],
          "components": []
        },
        {
          "__type": "ComGameObjectSurrogate:#EditorCommon.JsonModel",
          "classname": "CCNode",
          "name": "node_other",
          "canedit": true,
          "objecttag": 10325,
          "rotation": 0,
          "scalex": 1,
          "scaley": 1,
          "visible": 1,
          "x": 0,
          "y": 0,
          "zorder": 1,
          "gameobjects": [],
          "components": []
        }
      ],
      "components": []
    }
  ],
  "CanvasSize": {
    "_height": 740,
    "_width": 1184
  },
  "Triggers": null,
  "Version": "1.4.0.0",
  "components": [
    {
      "__type": "ComSceneSurrogate:#EditorCommon.JsonModel.Component",
      "classname": "CCScene",
      "name": "CCScene",
      "scenename": "2"
    },
    {
      "__type": "ComSimpleAudioSurrogate:#EditorCommon.JsonModel.Component",
      "classname": "CCBackgroundAudio",
      "name": "CCBackgroundAudio",
      "file": null,
      "fileData": {
        "path": null,
        "plistFile": null,
        "resourceType": 0
      },
      "loop": 0
    }
  ]
}