{
  "classname": "CCNode",
  "name": null,
  "canedit": true,
  "objecttag": 10000,
  "rotation": 0,
  "scalex": 1,
  "scaley": 1,
  "visible": 1,
  "x": 0,
  "y": 0,
  "zorder": 1,
  "gameobjects": [
    {
      "__type": "ComGameObjectSurrogate:#EditorCommon.JsonModel",
      "classname": "CCNode",
      "name": "far2",
      "canedit": true,
      "objecttag": 10351,
      "rotation": 0,
      "scalex": 1,
      "scaley": 1,
      "visible": 1,
      "x": 0,
      "y": 0,
      "zorder": 3,
      "gameobjects": [
        {
          "__type": "ComGameObjectSurrogate:#EditorCommon.JsonModel",
          "classname": "CCNode",
          "name": "node_map",
          "canedit": true,
          "objecttag": 10352,
          "rotation": 0,
          "scalex": 1,
          "scaley": 1,
          "visible": 1,
          "x": 0,
          "y": 0,
          "zorder": 1,
          "gameobjects": [],
          "components": []
        },
        {
          "__type": "ComGameObjectSurrogate:#EditorCommon.JsonModel",
          "classname": "CCNode",
          "name": "node_other",
          "canedit": true,
          "objecttag": 10353,
          "rotation": 0,
          "scalex": 1,
          "scaley": 1,
          "visible": 1,
          "x": 0,
          "y": 0,
          "zorder": 1,
          "gameobjects": [],
          "components": []
        }
      ],
      "components": []
    },
    {
      "__type": "ComGameObjectSurrogate:#EditorCommon.JsonModel",
      "classname": "CCNode",
      "name": "far1",
      "canedit": true,
      "objecttag": 10354,
      "rotation": 0,
      "scalex": 1,
      "scaley": 1,
      "visible": 1,
      "x": 0,
      "y": 0,
      "zorder": 3,
      "gameobjects": [
        {
          "__type": "ComGameObjectSurrogate:#EditorCommon.JsonModel",
          "classname": "CCNode",
          "name": "node_map",
          "canedit": true,
          "objecttag": 10355,
          "rotation": 0,
          "scalex": 1,
          "scaley": 1,
          "visible": 1,
          "x": 0,
          "y": 0,
          "zorder": 1,
          "gameobjects": [],
          "components": []
        },
        {
          "__type": "ComGameObjectSurrogate:#EditorCommon.JsonModel",
          "classname": "CCNode",
          "name": "node_other",
          "canedit": true,
          "objecttag": 10356,
          "rotation": 0,
          "scalex": 1,
          "scaley": 1,
          "visible": 1,
          "x": 0,
          "y": 0,
          "zorder": 1,
          "gameobjects": [],
          "components": []
        }
      ],
      "components": []
    },
    {
      "__type": "ComGameObjectSurrogate:#EditorCommon.JsonModel",
      "classname": "CCNode",
      "name": "far",
      "canedit": true,
      "objecttag": 10311,
      "rotation": 0,
      "scalex": 1,
      "scaley": 1,
      "visible": 1,
      "x": 0,
      "y": 0,
      "zorder": 1,
      "gameobjects": [
        {
          "__type": "ComGameObjectSurrogate:#EditorCommon.JsonModel",
          "classname": "CCNode",
          "name": "node_map",
          "canedit": true,
          "objecttag": 10316,
          "rotation": 0,
          "scalex": 1,
          "scaley": 1,
          "visible": 1,
          "x": 0,
          "y": 0,
          "zorder": 1,
          "gameobjects": [
            {
              "__type": "ComGameObjectSurrogate:#EditorCommon.JsonModel",
              "classname": "CCNode",
              "name": null,
              "canedit": true,
              "objecttag": 10409,
              "rotation": 0,
              "scalex": 1.32335854,
              "scaley": 0.9494312,
              "visible": 1,
              "x": 781.25006103515625,
              "y": 526.25,
              "zorder": 1,
              "gameobjects": [],
              "components": [
                {
                  "__type": "ComSpriteSurrogate:#EditorCommon.JsonModel.Component",
                  "classname": "CCSprite",
                  "name": "CCSprite",
                  "file": null,
                  "fileData": {
                    "path": "img/22/far.png",
                    "plistFile": "",
                    "resourceType": 0
                  }
                }
              ]
            },
            {
              "__type": "ComGameObjectSurrogate:#EditorCommon.JsonModel",
              "classname": "CCNode",
              "name": null,
              "canedit": true,
              "objecttag": 10410,
              "rotation": 0,
              "scalex": 1,
              "scaley": 1,
              "visible": 1,
              "x": 457.25003051757812,
              "y": 613.50006103515625,
              "zorder": 1,
              "gameobjects": [],
              "components": [
                {
                  "__type": "ComSpriteSurrogate:#EditorCommon.JsonModel.Component",
                  "classname": "CCSprite",
                  "name": "CCSprite",
                  "file": null,
                  "fileData": {
                    "path": "img/22/far_dc6.png",
                    "plistFile": "",
                    "resourceType": 0
                  }
                }
              ]
            },
            {
              "__type": "ComGameObjectSurrogate:#EditorCommon.JsonModel",
              "classname": "CCNode",
              "name": null,
              "canedit": true,
              "objecttag": 10415,
              "rotation": 0,
              "scalex": 1,
              "scaley": 1,
              "visible": 1,
              "x": 443,
              "y": 590.75,
              "zorder": 1,
              "gameobjects": [],
              "components": [
                {
                  "__type": "ComSpriteSurrogate:#EditorCommon.JsonModel.Component",
                  "classname": "CCSprite",
                  "name": "CCSprite",
                  "file": null,
                  "fileData": {
                    "path": "img/22/far_dc7.png",
                    "plistFile": "",
                    "resourceType": 0
                  }
                }
              ]
            },
            {
              "__type": "ComGameObjectSurrogate:#EditorCommon.JsonModel",
              "classname": "CCNode",
              "name": null,
              "canedit": true,
              "objecttag": 10417,
              "rotation": 0,
              "scalex": 1,
              "scaley": 1,
              "visible": 1,
              "x": 677.5,
              "y": 594.75006103515625,
              "zorder": 1,
              "gameobjects": [],
              "components": [
                {
                  "__type": "ComSpriteSurrogate:#EditorCommon.JsonModel.Component",
                  "classname": "CCSprite",
                  "name": "CCSprite",
                  "file": null,
                  "fileData": {
                    "path": "img/22/far_dc1.png",
                    "plistFile": "",
                    "resourceType": 0
                  }
                }
              ]
            },
            {
              "__type": "ComGameObjectSurrogate:#EditorCommon.JsonModel",
              "classname": "CCNode",
              "name": null,
              "canedit": true,
              "objecttag": 10413,
              "rotation": 0,
              "scalex": 1,
              "scaley": 1,
              "visible": 1,
              "x": 810.25006103515625,
              "y": 532.25006103515625,
              "zorder": 2,
              "gameobjects": [],
              "components": [
                {
                  "__type": "ComSpriteSurrogate:#EditorCommon.JsonModel.Component",
                  "classname": "CCSprite",
                  "name": "CCSprite",
                  "file": null,
                  "fileData": {
                    "path": "img/22/far_dc4.png",
                    "plistFile": "",
                    "resourceType": 0
                  }
                }
              ]
            },
            {
              "__type": "ComGameObjectSurrogate:#EditorCommon.JsonModel",
              "classname": "CCNode",
              "name": null,
              "canedit": true,
              "objecttag": 10414,
              "rotation": 0,
              "scalex": 1,
              "scaley": 1,
              "visible": 1,
              "x": 527.75,
              "y": 458.00006103515625,
              "zorder": 2,
              "gameobjects": [],
              "components": [
                {
                  "__type": "ComSpriteSurrogate:#EditorCommon.JsonModel.Component",
                  "classname": "CCSprite",
                  "name": "CCSprite",
                  "file": null,
                  "fileData": {
                    "path": "img/22/far_dc3.png",
                    "plistFile": "",
                    "resourceType": 0
                  }
                }
              ]
            },
            {
              "__type": "ComGameObjectSurrogate:#EditorCommon.JsonModel",
              "classname": "CCNode",
              "name": null,
              "canedit": true,
              "objecttag": 10411,
              "rotation": 0,
              "scalex": 1,
              "scaley": 1,
              "visible": 1,
              "x": 1002.5001220703125,
              "y": 532.50006103515625,
              "zorder": 3,
              "gameobjects": [],
              "components": [
                {
                  "__type": "ComSpriteSurrogate:#EditorCommon.JsonModel.Component",
                  "classname": "CCSprite",
                  "name": "CCSprite",
                  "file": null,
                  "fileData": {
                    "path": "img/22/far_dc2.png",
                    "plistFile": "",
                    "resourceType": 0
                  }
                }
              ]
            },
            {
              "__type": "ComGameObjectSurrogate:#EditorCommon.JsonModel",
              "classname": "CCNode",
              "name": null,
              "canedit": true,
              "objecttag": 10412,
              "rotation": 0,
              "scalex": 1,
              "scaley": 1,
              "visible": 1,
              "x": 77.416671752929688,
              "y": 493.7501220703125,
              "zorder": 3,
              "gameobjects": [],
              "components": [
                {
                  "__type": "ComSpriteSurrogate:#EditorCommon.JsonModel.Component",
                  "classname": "CCSprite",
                  "name": "CCSprite",
                  "file": null,
                  "fileData": {
                    "path": "img/22/far_dc8.png",
                    "plistFile": "",
                    "resourceType": 0
                  }
                }
              ]
            },
            {
              "__type": "ComGameObjectSurrogate:#EditorCommon.JsonModel",
              "classname": "CCNode",
              "name": null,
              "canedit": true,
              "objecttag": 10416,
              "rotation": 0,
              "scalex": 1,
              "scaley": 1,
              "visible": 1,
              "x": 592.50006103515625,
              "y": 507.75,
              "zorder": 3,
              "gameobjects": [],
              "components": [
                {
                  "__type": "ComSpriteSurrogate:#EditorCommon.JsonModel.Component",
                  "classname": "CCSprite",
                  "name": "CCSprite",
                  "file": null,
                  "fileData": {
                    "path": "img/22/far_dc9.png",
                    "plistFile": "",
                    "resourceType": 0
                  }
                }
              ]
            }
          ],
          "components": []
        },
        {
          "__type": "ComGameObjectSurrogate:#EditorCommon.JsonModel",
          "classname": "CCNode",
          "name": "node_other",
          "canedit": true,
          "objecttag": 10317,
          "rotation": 0,
          "scalex": 1,
          "scaley": 1,
          "visible": 1,
          "x": 0,
          "y": 0,
          "zorder": 1,
          "gameobjects": [],
          "components": []
        }
      ],
      "components": []
    },
    {
      "__type": "ComGameObjectSurrogate:#EditorCommon.JsonModel",
      "classname": "CCNode",
      "name": "mid2",
      "canedit": true,
      "objecttag": 10312,
      "rotation": 0,
      "scalex": 1,
      "scaley": 1,
      "visible": 1,
      "x": 0,
      "y": 0,
      "zorder": 2,
      "gameobjects": [
        {
          "__type": "ComGameObjectSurrogate:#EditorCommon.JsonModel",
          "classname": "CCNode",
          "name": "node_map",
          "canedit": true,
          "objecttag": 10318,
          "rotation": 0,
          "scalex": 1,
          "scaley": 1,
          "visible": 1,
          "x": 0,
          "y": 0,
          "zorder": 1,
          "gameobjects": [],
          "components": []
        },
        {
          "__type": "ComGameObjectSurrogate:#EditorCommon.JsonModel",
          "classname": "CCNode",
          "name": "node_other",
          "canedit": true,
          "objecttag": 10319,
          "rotation": 0,
          "scalex": 1,
          "scaley": 1,
          "visible": 1,
          "x": 0,
          "y": 0,
          "zorder": 1,
          "gameobjects": [],
          "components": []
        }
      ],
      "components": []
    },
    {
      "__type": "ComGameObjectSurrogate:#EditorCommon.JsonModel",
      "classname": "CCNode",
      "name": "mid1",
      "canedit": true,
      "objecttag": 10313,
      "rotation": 0,
      "scalex": 1,
      "scaley": 1,
      "visible": 1,
      "x": 0,
      "y": 0,
      "zorder": 3,
      "gameobjects": [
        {
          "__type": "ComGameObjectSurrogate:#EditorCommon.JsonModel",
          "classname": "CCNode",
          "name": "node_map",
          "canedit": true,
          "objecttag": 10320,
          "rotation": 0,
          "scalex": 1,
          "scaley": 1,
          "visible": 1,
          "x": 0,
          "y": 0,
          "zorder": 1,
          "gameobjects": [],
          "components": []
        },
        {
          "__type": "ComGameObjectSurrogate:#EditorCommon.JsonModel",
          "classname": "CCNode",
          "name": "node_other",
          "canedit": true,
          "objecttag": 10321,
          "rotation": 0,
          "scalex": 1,
          "scaley": 1,
          "visible": 1,
          "x": 0,
          "y": 0,
          "zorder": 1,
          "gameobjects": [],
          "components": []
        }
      ],
      "components": []
    },
    {
      "__type": "ComGameObjectSurrogate:#EditorCommon.JsonModel",
      "classname": "CCNode",
      "name": "group",
      "canedit": true,
      "objecttag": 10314,
      "rotation": 0,
      "scalex": 1,
      "scaley": 1,
      "visible": 1,
      "x": 0,
      "y": 0,
      "zorder": 4,
      "gameobjects": [
        {
          "__type": "ComGameObjectSurrogate:#EditorCommon.JsonModel",
          "classname": "CCNode",
          "name": "node_map",
          "canedit": true,
          "objecttag": 10322,
          "rotation": 0,
          "scalex": 1,
          "scaley": 1,
          "visible": 1,
          "x": 0,
          "y": 0,
          "zorder": 1,
          "gameobjects": [
            {
              "__type": "ComGameObjectSurrogate:#EditorCommon.JsonModel",
              "classname": "CCNode",
              "name": null,
              "canedit": true,
              "objecttag": 10421,
              "rotation": 0,
              "scalex": 1,
              "scaley": 1,
              "visible": 1,
              "x": 599.33349609375,
              "y": 524,
              "zorder": 1,
              "gameobjects": [],
              "components": [
                {
                  "__type": "ComSpriteSurrogate:#EditorCommon.JsonModel.Component",
                  "classname": "CCSprite",
                  "name": "CCSprite",
                  "file": null,
                  "fileData": {
                    "path": "img/22/gruop_dc6.png",
                    "plistFile": "",
                    "resourceType": 0
                  }
                }
              ]
            },
            {
              "__type": "ComGameObjectSurrogate:#EditorCommon.JsonModel",
              "classname": "CCNode",
              "name": "main",
              "canedit": true,
              "objecttag": 10408,
              "rotation": 0,
              "scalex": 1,
              "scaley": 1,
              "visible": 1,
              "x": 592.8333740234375,
              "y": 221.25,
              "zorder": 2,
              "gameobjects": [],
              "components": [
                {
                  "__type": "ComSpriteSurrogate:#EditorCommon.JsonModel.Component",
                  "classname": "CCSprite",
                  "name": "CCSprite",
                  "file": null,
                  "fileData": {
                    "path": "img/22/group.png",
                    "plistFile": "",
                    "resourceType": 0
                  }
                }
              ]
            },
            {
              "__type": "ComGameObjectSurrogate:#EditorCommon.JsonModel",
              "classname": "CCNode",
              "name": null,
              "canedit": true,
              "objecttag": 10422,
              "rotation": 0,
              "scalex": 1,
              "scaley": 1,
              "visible": 1,
              "x": 609.3333740234375,
              "y": 380.00003051757812,
              "zorder": 2,
              "gameobjects": [],
              "components": [
                {
                  "__type": "ComSpriteSurrogate:#EditorCommon.JsonModel.Component",
                  "classname": "CCSprite",
                  "name": "CCSprite",
                  "file": null,
                  "fileData": {
                    "path": "img/22/gruop_dc5.png",
                    "plistFile": "",
                    "resourceType": 0
                  }
                }
              ]
            },
            {
              "__type": "ComGameObjectSurrogate:#EditorCommon.JsonModel",
              "classname": "CCNode",
              "name": null,
              "canedit": true,
              "objecttag": 10419,
              "rotation": 0,
              "scalex": 1,
              "scaley": 1,
              "visible": 1,
              "x": 297.00006103515625,
              "y": 510.1787109375,
              "zorder": 3,
              "gameobjects": [],
              "components": [
                {
                  "__type": "ComSpriteSurrogate:#EditorCommon.JsonModel.Component",
                  "classname": "CCSprite",
                  "name": "CCSprite",
                  "file": null,
                  "fileData": {
                    "path": "img/22/gruop_dc3.png",
                    "plistFile": "",
                    "resourceType": 0
                  }
                }
              ]
            },
            {
              "__type": "ComGameObjectSurrogate:#EditorCommon.JsonModel",
              "classname": "CCNode",
              "name": null,
              "canedit": true,
              "objecttag": 10420,
              "rotation": 0,
              "scalex": 1,
              "scaley": 1,
              "visible": 1,
              "x": 802.2501220703125,
              "y": 536.41668701171875,
              "zorder": 3,
              "gameobjects": [],
              "components": [
                {
                  "__type": "ComSpriteSurrogate:#EditorCommon.JsonModel.Component",
                  "classname": "CCSprite",
                  "name": "CCSprite",
                  "file": null,
                  "fileData": {
                    "path": "img/22/gruop_dc4.png",
                    "plistFile": "",
                    "resourceType": 0
                  }
                }
              ]
            },
            {
              "__type": "ComGameObjectSurrogate:#EditorCommon.JsonModel",
              "classname": "CCNode",
              "name": null,
              "canedit": true,
              "objecttag": 10418,
              "rotation": 0,
              "scalex": 1,
              "scaley": 1,
              "visible": 1,
              "x": 596.0001220703125,
              "y": 693.3333740234375,
              "zorder": 3,
              "gameobjects": [],
              "components": [
                {
                  "__type": "ComSpriteSurrogate:#EditorCommon.JsonModel.Component",
                  "classname": "CCSprite",
                  "name": "CCSprite",
                  "file": null,
                  "fileData": {
                    "path": "img/22/group_dc1.png",
                    "plistFile": "",
                    "resourceType": 0
                  }
                }
              ]
            },
            {
              "__type": "ComGameObjectSurrogate:#EditorCommon.JsonModel",
              "classname": "CCNode",
              "name": null,
              "canedit": true,
              "objecttag": 10423,
              "rotation": 0,
              "scalex": 1,
              "scaley": 1,
              "visible": 1,
              "x": 581.0001220703125,
              "y": 445.00006103515625,
              "zorder": 4,
              "gameobjects": [],
              "components": [
                {
                  "__type": "ComSpriteSurrogate:#EditorCommon.JsonModel.Component",
                  "classname": "CCSprite",
                  "name": "CCSprite",
                  "file": null,
                  "fileData": {
                    "path": "img/22/gruop_dc7.png",
                    "plistFile": "",
                    "resourceType": 0
                  }
                }
              ]
            },
            {
              "__type": "ComGameObjectSurrogate:#EditorCommon.JsonModel",
              "classname": "CCNode",
              "name": null,
              "canedit": true,
              "objecttag": 10424,
              "rotation": 0,
              "scalex": 1,
              "scaley": 1,
              "visible": 1,
              "x": 422.66665649414062,
              "y": 283.00003051757812,
              "zorder": 4,
              "gameobjects": [],
              "components": [
                {
                  "__type": "ComSpriteSurrogate:#EditorCommon.JsonModel.Component",
                  "classname": "CCSprite",
                  "name": "CCSprite",
                  "file": null,
                  "fileData": {
                    "path": "img/22/gruop_dc1.png",
                    "plistFile": "",
                    "resourceType": 0
                  }
                }
              ]
            },
            {
              "__type": "ComGameObjectSurrogate:#EditorCommon.JsonModel",
              "classname": "CCNode",
              "name": null,
              "canedit": true,
              "objecttag": 10425,
              "rotation": 0,
              "scalex": 1,
              "scaley": 1,
              "visible": 1,
              "x": 869.66680908203125,
              "y": 309.33340454101562,
              "zorder": 4,
              "gameobjects": [],
              "components": [
                {
                  "__type": "ComSpriteSurrogate:#EditorCommon.JsonModel.Component",
                  "classname": "CCSprite",
                  "name": "CCSprite",
                  "file": null,
                  "fileData": {
                    "path": "img/22/gruop_dc2.png",
                    "plistFile": "",
                    "resourceType": 0
                  }
                }
              ]
            }
          ],
          "components": []
        },
        {
          "__type": "ComGameObjectSurrogate:#EditorCommon.JsonModel",
          "classname": "CCNode",
          "name": "node_other",
          "canedit": true,
          "objecttag": 10323,
          "rotation": 0,
          "scalex": 1,
          "scaley": 1,
          "visible": 1,
          "x": 0,
          "y": 0,
          "zorder": 1,
          "gameobjects": [],
          "components": []
        }
      ],
      "components": []
    },
    {
      "__type": "ComGameObjectSurrogate:#EditorCommon.JsonModel",
      "classname": "CCNode",
      "name": "close",
      "canedit": true,
      "objecttag": 10315,
      "rotation": 0,
      "scalex": 1,
      "scaley": 1,
      "visible": 1,
      "x": 0,
      "y": 0,
      "zorder": 5,
      "gameobjects": [
        {
          "__type": "ComGameObjectSurrogate:#EditorCommon.JsonModel",
          "classname": "CCNode",
          "name": "node_map",
          "canedit": true,
          "objecttag": 10324,
          "rotation": 0,
          "scalex": 1,
          "scaley": 1,
          "visible": 1,
          "x": 0,
          "y": 0,
          "zorder": 1,
          "gameobjects": [
            {
              "__type": "ComGameObjectSurrogate:#EditorCommon.JsonModel",
              "classname": "CCNode",
              "name": "main",
              "canedit": true,
              "objecttag": 10407,
              "rotation": 0,
              "scalex": 1,
              "scaley": 1,
              "visible": 1,
              "x": 592.55560302734375,
              "y": 90.722221374511719,
              "zorder": 1,
              "gameobjects": [],
              "components": [
                {
                  "__type": "ComSpriteSurrogate:#EditorCommon.JsonModel.Component",
                  "classname": "CCSprite",
                  "name": "CCSprite",
                  "file": null,
                  "fileData": {
                    "path": "img/22/close.png",
                    "plistFile": "",
                    "resourceType": 0
                  }
                }
              ]
            }
          ],
          "components": []
        },
        {
          "__type": "ComGameObjectSurrogate:#EditorCommon.JsonModel",
          "classname": "CCNode",
          "name": "node_other",
          "canedit": true,
          "objecttag": 10325,
          "rotation": 0,
          "scalex": 1,
          "scaley": 1,
          "visible": 1,
          "x": 0,
          "y": 0,
          "zorder": 1,
          "gameobjects": [],
          "components": []
        }
      ],
      "components": []
    }
  ],
  "CanvasSize": {
    "_height": 740,
    "_width": 1184
  },
  "Triggers": null,
  "Version": "1.4.0.0",
  "components": [
    {
      "__type": "ComSceneSurrogate:#EditorCommon.JsonModel.Component",
      "classname": "CCScene",
      "name": "CCScene",
      "scenename": "22"
    },
    {
      "__type": "ComSimpleAudioSurrogate:#EditorCommon.JsonModel.Component",
      "classname": "CCBackgroundAudio",
      "name": "CCBackgroundAudio",
      "file": null,
      "fileData": {
        "path": null,
        "plistFile": null,
        "resourceType": 0
      },
      "loop": 0
    }
  ]
}