{
  "classname": "CCNode",
  "name": null,
  "canedit": true,
  "objecttag": 10000,
  "rotation": 0,
  "scalex": 1,
  "scaley": 1,
  "visible": 1,
  "x": 0,
  "y": 0,
  "zorder": 1,
  "gameobjects": [
    {
      "__type": "ComGameObjectSurrogate:#EditorCommon.JsonModel",
      "classname": "CCNode",
      "name": "far2",
      "canedit": true,
      "objecttag": 10351,
      "rotation": 0,
      "scalex": 1,
      "scaley": 1,
      "visible": 1,
      "x": 0,
      "y": 0,
      "zorder": 3,
      "gameobjects": [
        {
          "__type": "ComGameObjectSurrogate:#EditorCommon.JsonModel",
          "classname": "CCNode",
          "name": "node_map",
          "canedit": true,
          "objecttag": 10352,
          "rotation": 0,
          "scalex": 1,
          "scaley": 1,
          "visible": 1,
          "x": 0,
          "y": 0,
          "zorder": 1,
          "gameobjects": [],
          "components": []
        },
        {
          "__type": "ComGameObjectSurrogate:#EditorCommon.JsonModel",
          "classname": "CCNode",
          "name": "node_other",
          "canedit": true,
          "objecttag": 10353,
          "rotation": 0,
          "scalex": 1,
          "scaley": 1,
          "visible": 1,
          "x": 0,
          "y": 0,
          "zorder": 1,
          "gameobjects": [],
          "components": []
        }
      ],
      "components": []
    },
    {
      "__type": "ComGameObjectSurrogate:#EditorCommon.JsonModel",
      "classname": "CCNode",
      "name": "far1",
      "canedit": true,
      "objecttag": 10354,
      "rotation": 0,
      "scalex": 1,
      "scaley": 1,
      "visible": 1,
      "x": 0,
      "y": 0,
      "zorder": 3,
      "gameobjects": [
        {
          "__type": "ComGameObjectSurrogate:#EditorCommon.JsonModel",
          "classname": "CCNode",
          "name": "node_map",
          "canedit": true,
          "objecttag": 10355,
          "rotation": 0,
          "scalex": 1,
          "scaley": 1,
          "visible": 1,
          "x": 0,
          "y": 0,
          "zorder": 1,
          "gameobjects": [],
          "components": []
        },
        {
          "__type": "ComGameObjectSurrogate:#EditorCommon.JsonModel",
          "classname": "CCNode",
          "name": "node_other",
          "canedit": true,
          "objecttag": 10356,
          "rotation": 0,
          "scalex": 1,
          "scaley": 1,
          "visible": 1,
          "x": 0,
          "y": 0,
          "zorder": 1,
          "gameobjects": [],
          "components": []
        }
      ],
      "components": []
    },
    {
      "__type": "ComGameObjectSurrogate:#EditorCommon.JsonModel",
      "classname": "CCNode",
      "name": "far",
      "canedit": true,
      "objecttag": 10311,
      "rotation": 0,
      "scalex": 1,
      "scaley": 1,
      "visible": 1,
      "x": 0,
      "y": 0,
      "zorder": 1,
      "gameobjects": [
        {
          "__type": "ComGameObjectSurrogate:#EditorCommon.JsonModel",
          "classname": "CCNode",
          "name": "node_map",
          "canedit": true,
          "objecttag": 10316,
          "rotation": 0,
          "scalex": 1,
          "scaley": 1,
          "visible": 1,
          "x": 0,
          "y": 0,
          "zorder": 1,
          "gameobjects": [
            {
              "__type": "ComGameObjectSurrogate:#EditorCommon.JsonModel",
              "classname": "CCNode",
              "name": "main",
              "canedit": true,
              "objecttag": 10554,
              "rotation": 0,
              "scalex": 1,
              "scaley": 1,
              "visible": 1,
              "x": 586,
              "y": 522.25,
              "zorder": 1,
              "gameobjects": [],
              "components": [
                {
                  "__type": "ComSpriteSurrogate:#EditorCommon.JsonModel.Component",
                  "classname": "CCSprite",
                  "name": "CCSprite",
                  "file": null,
                  "fileData": {
                    "path": "img/7/far.png",
                    "plistFile": "",
                    "resourceType": 0
                  }
                }
              ]
            }
          ],
          "components": []
        },
        {
          "__type": "ComGameObjectSurrogate:#EditorCommon.JsonModel",
          "classname": "CCNode",
          "name": "node_other",
          "canedit": true,
          "objecttag": 10317,
          "rotation": 0,
          "scalex": 1,
          "scaley": 1,
          "visible": 1,
          "x": 0,
          "y": 0,
          "zorder": 1,
          "gameobjects": [],
          "components": []
        }
      ],
      "components": []
    },
    {
      "__type": "ComGameObjectSurrogate:#EditorCommon.JsonModel",
      "classname": "CCNode",
      "name": "mid2",
      "canedit": true,
      "objecttag": 10312,
      "rotation": 0,
      "scalex": 1,
      "scaley": 1,
      "visible": 1,
      "x": 0,
      "y": 0,
      "zorder": 2,
      "gameobjects": [
        {
          "__type": "ComGameObjectSurrogate:#EditorCommon.JsonModel",
          "classname": "CCNode",
          "name": "node_map",
          "canedit": true,
          "objecttag": 10318,
          "rotation": 0,
          "scalex": 1,
          "scaley": 1,
          "visible": 1,
          "x": 0,
          "y": 0,
          "zorder": 1,
          "gameobjects": [],
          "components": []
        },
        {
          "__type": "ComGameObjectSurrogate:#EditorCommon.JsonModel",
          "classname": "CCNode",
          "name": "node_other",
          "canedit": true,
          "objecttag": 10319,
          "rotation": 0,
          "scalex": 1,
          "scaley": 1,
          "visible": 1,
          "x": 0,
          "y": 0,
          "zorder": 1,
          "gameobjects": [],
          "components": []
        }
      ],
      "components": []
    },
    {
      "__type": "ComGameObjectSurrogate:#EditorCommon.JsonModel",
      "classname": "CCNode",
      "name": "mid1",
      "canedit": true,
      "objecttag": 10313,
      "rotation": 0,
      "scalex": 1,
      "scaley": 1,
      "visible": 1,
      "x": 0,
      "y": 0,
      "zorder": 3,
      "gameobjects": [
        {
          "__type": "ComGameObjectSurrogate:#EditorCommon.JsonModel",
          "classname": "CCNode",
          "name": "node_map",
          "canedit": true,
          "objecttag": 10320,
          "rotation": 0,
          "scalex": 1,
          "scaley": 1,
          "visible": 1,
          "x": 0,
          "y": 0,
          "zorder": 1,
          "gameobjects": [
            {
              "__type": "ComGameObjectSurrogate:#EditorCommon.JsonModel",
              "classname": "CCNode",
              "name": "main",
              "canedit": true,
              "objecttag": 10556,
              "rotation": 0,
              "scalex": 1,
              "scaley": 1,
              "visible": 1,
              "x": 522.00006103515625,
              "y": 489.75009155273438,
              "zorder": 1,
              "gameobjects": [],
              "components": [
                {
                  "__type": "ComSpriteSurrogate:#EditorCommon.JsonModel.Component",
                  "classname": "CCSprite",
                  "name": "CCSprite",
                  "file": null,
                  "fileData": {
                    "path": "img/7/mid1.png",
                    "plistFile": "",
                    "resourceType": 0
                  }
                }
              ]
            }
          ],
          "components": []
        },
        {
          "__type": "ComGameObjectSurrogate:#EditorCommon.JsonModel",
          "classname": "CCNode",
          "name": "node_other",
          "canedit": true,
          "objecttag": 10321,
          "rotation": 0,
          "scalex": 1,
          "scaley": 1,
          "visible": 1,
          "x": 0,
          "y": 0,
          "zorder": 1,
          "gameobjects": [],
          "components": []
        }
      ],
      "components": []
    },
    {
      "__type": "ComGameObjectSurrogate:#EditorCommon.JsonModel",
      "classname": "CCNode",
      "name": "group",
      "canedit": true,
      "objecttag": 10314,
      "rotation": 0,
      "scalex": 1,
      "scaley": 1,
      "visible": 1,
      "x": 0,
      "y": 0,
      "zorder": 4,
      "gameobjects": [
        {
          "__type": "ComGameObjectSurrogate:#EditorCommon.JsonModel",
          "classname": "CCNode",
          "name": "node_map",
          "canedit": true,
          "objecttag": 10322,
          "rotation": 0,
          "scalex": 1,
          "scaley": 1,
          "visible": 1,
          "x": 0,
          "y": 0,
          "zorder": 1,
          "gameobjects": [
            {
              "__type": "ComGameObjectSurrogate:#EditorCommon.JsonModel",
              "classname": "CCNode",
              "name": null,
              "canedit": true,
              "objecttag": 10595,
              "rotation": 0,
              "scalex": 1,
              "scaley": 1,
              "visible": 1,
              "x": 379.888916015625,
              "y": 460.00006103515625,
              "zorder": 1,
              "gameobjects": [],
              "components": [
                {
                  "__type": "ComSpriteSurrogate:#EditorCommon.JsonModel.Component",
                  "classname": "CCSprite",
                  "name": "CCSprite",
                  "file": null,
                  "fileData": {
                    "path": "img/7/group_dc4.png",
                    "plistFile": "",
                    "resourceType": 0
                  }
                }
              ]
            },
            {
              "__type": "ComGameObjectSurrogate:#EditorCommon.JsonModel",
              "classname": "CCNode",
              "name": "",
              "canedit": true,
              "objecttag": 10596,
              "rotation": 0,
              "scalex": 1,
              "scaley": 1,
              "visible": 1,
              "x": 550.7779541015625,
              "y": 463.77789306640625,
              "zorder": 1,
              "gameobjects": [],
              "components": [
                {
                  "__type": "ComSpriteSurrogate:#EditorCommon.JsonModel.Component",
                  "classname": "CCSprite",
                  "name": "CCSprite",
                  "file": null,
                  "fileData": {
                    "path": "img/7/group_dc4.png",
                    "plistFile": "",
                    "resourceType": 0
                  }
                }
              ]
            },
            {
              "__type": "ComGameObjectSurrogate:#EditorCommon.JsonModel",
              "classname": "CCNode",
              "name": "",
              "canedit": true,
              "objecttag": 10597,
              "rotation": 0,
              "scalex": 1,
              "scaley": 1,
              "visible": 1,
              "x": 792,
              "y": 440.33343505859375,
              "zorder": 1,
              "gameobjects": [],
              "components": [
                {
                  "__type": "ComSpriteSurrogate:#EditorCommon.JsonModel.Component",
                  "classname": "CCSprite",
                  "name": "CCSprite",
                  "file": null,
                  "fileData": {
                    "path": "img/7/group_dc4.png",
                    "plistFile": "",
                    "resourceType": 0
                  }
                }
              ]
            },
            {
              "__type": "ComGameObjectSurrogate:#EditorCommon.JsonModel",
              "classname": "CCNode",
              "name": "main",
              "canedit": true,
              "objecttag": 10555,
              "rotation": 0,
              "scalex": 1,
              "scaley": 1,
              "visible": 1,
              "x": 586,
              "y": 370,
              "zorder": 1,
              "gameobjects": [],
              "components": [
                {
                  "__type": "ComSpriteSurrogate:#EditorCommon.JsonModel.Component",
                  "classname": "CCSprite",
                  "name": "CCSprite",
                  "file": null,
                  "fileData": {
                    "path": "img/7/group.png",
                    "plistFile": "",
                    "resourceType": 0
                  }
                }
              ]
            },
            {
              "__type": "ComGameObjectSurrogate:#EditorCommon.JsonModel",
              "classname": "CCNode",
              "name": null,
              "canedit": true,
              "objecttag": 10584,
              "rotation": 0,
              "scalex": 1,
              "scaley": 1,
              "visible": 1,
              "x": 225.22221374511719,
              "y": 414.22222900390625,
              "zorder": 1,
              "gameobjects": [],
              "components": [
                {
                  "__type": "ComSpriteSurrogate:#EditorCommon.JsonModel.Component",
                  "classname": "CCSprite",
                  "name": "CCSprite",
                  "file": null,
                  "fileData": {
                    "path": "img/8/group_dc15.png",
                    "plistFile": "",
                    "resourceType": 0
                  }
                }
              ]
            },
            {
              "__type": "ComGameObjectSurrogate:#EditorCommon.JsonModel",
              "classname": "CCNode",
              "name": null,
              "canedit": true,
              "objecttag": 10591,
              "rotation": 0,
              "scalex": 1,
              "scaley": 1,
              "visible": 1,
              "x": 830.33343505859375,
              "y": 443.3333740234375,
              "zorder": 1,
              "gameobjects": [],
              "components": [
                {
                  "__type": "ComSpriteSurrogate:#EditorCommon.JsonModel.Component",
                  "classname": "CCSprite",
                  "name": "CCSprite",
                  "file": null,
                  "fileData": {
                    "path": "img/8/group_dc18.png",
                    "plistFile": "",
                    "resourceType": 0
                  }
                }
              ]
            },
            {
              "__type": "ComGameObjectSurrogate:#EditorCommon.JsonModel",
              "classname": "CCNode",
              "name": null,
              "canedit": true,
              "objecttag": 10573,
              "rotation": 0,
              "scalex": 1,
              "scaley": 1,
              "visible": 1,
              "x": 718.8612060546875,
              "y": 413.75003051757812,
              "zorder": 2,
              "gameobjects": [],
              "components": [
                {
                  "__type": "ComSpriteSurrogate:#EditorCommon.JsonModel.Component",
                  "classname": "CCSprite",
                  "name": "CCSprite",
                  "file": null,
                  "fileData": {
                    "path": "img/8/group_dc6.png",
                    "plistFile": "",
                    "resourceType": 0
                  }
                }
              ]
            },
            {
              "__type": "ComGameObjectSurrogate:#EditorCommon.JsonModel",
              "classname": "CCNode",
              "name": null,
              "canedit": true,
              "objecttag": 10586,
              "rotation": 0,
              "scalex": 1,
              "scaley": 1,
              "visible": 1,
              "x": 725.55560302734375,
              "y": 388.66668701171875,
              "zorder": 2,
              "gameobjects": [],
              "components": [
                {
                  "__type": "ComSpriteSurrogate:#EditorCommon.JsonModel.Component",
                  "classname": "CCSprite",
                  "name": "CCSprite",
                  "file": null,
                  "fileData": {
                    "path": "img/8/group_dc17.png",
                    "plistFile": "",
                    "resourceType": 0
                  }
                }
              ]
            },
            {
              "__type": "ComGameObjectSurrogate:#EditorCommon.JsonModel",
              "classname": "CCNode",
              "name": null,
              "canedit": true,
              "objecttag": 10578,
              "rotation": 0,
              "scalex": 1,
              "scaley": 1,
              "visible": 1,
              "x": 578.88897705078125,
              "y": 435.55563354492188,
              "zorder": 2,
              "gameobjects": [],
              "components": [
                {
                  "__type": "ComSpriteSurrogate:#EditorCommon.JsonModel.Component",
                  "classname": "CCSprite",
                  "name": "CCSprite",
                  "file": null,
                  "fileData": {
                    "path": "img/8/group_dc1.png",
                    "plistFile": "",
                    "resourceType": 0
                  }
                }
              ]
            },
            {
              "__type": "ComGameObjectSurrogate:#EditorCommon.JsonModel",
              "classname": "CCNode",
              "name": null,
              "canedit": true,
              "objecttag": 10570,
              "rotation": 0,
              "scalex": 1,
              "scaley": 1,
              "visible": 1,
              "x": 114.16653442382813,
              "y": 413.38885498046875,
              "zorder": 3,
              "gameobjects": [],
              "components": [
                {
                  "__type": "ComSpriteSurrogate:#EditorCommon.JsonModel.Component",
                  "classname": "CCSprite",
                  "name": "CCSprite",
                  "file": null,
                  "fileData": {
                    "path": "img/8/group_dc3.png",
                    "plistFile": "",
                    "resourceType": 0
                  }
                }
              ]
            },
            {
              "__type": "ComGameObjectSurrogate:#EditorCommon.JsonModel",
              "classname": "CCNode",
              "name": null,
              "canedit": true,
              "objecttag": 10575,
              "rotation": 0,
              "scalex": 1,
              "scaley": 1,
              "visible": 1,
              "x": 496.86111450195312,
              "y": 394.61114501953125,
              "zorder": 3,
              "gameobjects": [],
              "components": [
                {
                  "__type": "ComSpriteSurrogate:#EditorCommon.JsonModel.Component",
                  "classname": "CCSprite",
                  "name": "CCSprite",
                  "file": null,
                  "fileData": {
                    "path": "img/8/group_dc8.png",
                    "plistFile": "",
                    "resourceType": 0
                  }
                }
              ]
            },
            {
              "__type": "ComGameObjectSurrogate:#EditorCommon.JsonModel",
              "classname": "CCNode",
              "name": null,
              "canedit": true,
              "objecttag": 10590,
              "rotation": 0,
              "scalex": 1,
              "scaley": 1,
              "visible": 1,
              "x": 284.33334350585938,
              "y": 370.45831298828125,
              "zorder": 3,
              "gameobjects": [],
              "components": [
                {
                  "__type": "ComSpriteSurrogate:#EditorCommon.JsonModel.Component",
                  "classname": "CCSprite",
                  "name": "CCSprite",
                  "file": null,
                  "fileData": {
                    "path": "img/8/group_dc7.png",
                    "plistFile": "",
                    "resourceType": 0
                  }
                }
              ]
            },
            {
              "__type": "ComGameObjectSurrogate:#EditorCommon.JsonModel",
              "classname": "CCNode",
              "name": null,
              "canedit": true,
              "objecttag": 10571,
              "rotation": 0,
              "scalex": 1,
              "scaley": 1,
              "visible": 1,
              "x": 992.5001220703125,
              "y": 399.37503051757812,
              "zorder": 3,
              "gameobjects": [],
              "components": [
                {
                  "__type": "ComSpriteSurrogate:#EditorCommon.JsonModel.Component",
                  "classname": "CCSprite",
                  "name": "CCSprite",
                  "file": null,
                  "fileData": {
                    "path": "img/8/group_dc4.png",
                    "plistFile": "",
                    "resourceType": 0
                  }
                }
              ]
            },
            {
              "__type": "ComGameObjectSurrogate:#EditorCommon.JsonModel",
              "classname": "CCNode",
              "name": null,
              "canedit": true,
              "objecttag": 10579,
              "rotation": 0,
              "scalex": 1,
              "scaley": 1,
              "visible": 1,
              "x": 916.1112060546875,
              "y": 412.888916015625,
              "zorder": 3,
              "gameobjects": [],
              "components": [
                {
                  "__type": "ComSpriteSurrogate:#EditorCommon.JsonModel.Component",
                  "classname": "CCSprite",
                  "name": "CCSprite",
                  "file": null,
                  "fileData": {
                    "path": "img/8/group_dc2.png",
                    "plistFile": "",
                    "resourceType": 0
                  }
                }
              ]
            },
            {
              "__type": "ComGameObjectSurrogate:#EditorCommon.JsonModel",
              "classname": "CCNode",
              "name": null,
              "canedit": true,
              "objecttag": 10576,
              "rotation": 0,
              "scalex": 1,
              "scaley": 1,
              "visible": 1,
              "x": 809.50006103515625,
              "y": 350.25003051757812,
              "zorder": 3,
              "gameobjects": [],
              "components": [
                {
                  "__type": "ComSpriteSurrogate:#EditorCommon.JsonModel.Component",
                  "classname": "CCSprite",
                  "name": "CCSprite",
                  "file": null,
                  "fileData": {
                    "path": "img/8/group_dc9.png",
                    "plistFile": "",
                    "resourceType": 0
                  }
                }
              ]
            },
            {
              "__type": "ComGameObjectSurrogate:#EditorCommon.JsonModel",
              "classname": "CCNode",
              "name": null,
              "canedit": true,
              "objecttag": 10592,
              "rotation": 0,
              "scalex": 1,
              "scaley": 1,
              "visible": 1,
              "x": 1103.888916015625,
              "y": 407.77780151367188,
              "zorder": 3,
              "gameobjects": [],
              "components": [
                {
                  "__type": "ComSpriteSurrogate:#EditorCommon.JsonModel.Component",
                  "classname": "CCSprite",
                  "name": "CCSprite",
                  "file": null,
                  "fileData": {
                    "path": "img/8/group_dc5.png",
                    "plistFile": "",
                    "resourceType": 0
                  }
                }
              ]
            },
            {
              "__type": "ComGameObjectSurrogate:#EditorCommon.JsonModel",
              "classname": "CCNode",
              "name": null,
              "canedit": true,
              "objecttag": 10582,
              "rotation": 0,
              "scalex": 1,
              "scaley": 1,
              "visible": 1,
              "x": 404.33334350585938,
              "y": 339.34716796875,
              "zorder": 4,
              "gameobjects": [],
              "components": [
                {
                  "__type": "ComSpriteSurrogate:#EditorCommon.JsonModel.Component",
                  "classname": "CCSprite",
                  "name": "CCSprite",
                  "file": null,
                  "fileData": {
                    "path": "img/8/group_dc13.png",
                    "plistFile": "",
                    "resourceType": 0
                  }
                }
              ]
            },
            {
              "__type": "ComGameObjectSurrogate:#EditorCommon.JsonModel",
              "classname": "CCNode",
              "name": null,
              "canedit": true,
              "objecttag": 10580,
              "rotation": 0,
              "scalex": 1,
              "scaley": 1,
              "visible": 1,
              "x": 184.22224426269531,
              "y": 361.11114501953125,
              "zorder": 4,
              "gameobjects": [],
              "components": [
                {
                  "__type": "ComSpriteSurrogate:#EditorCommon.JsonModel.Component",
                  "classname": "CCSprite",
                  "name": "CCSprite",
                  "file": null,
                  "fileData": {
                    "path": "img/8/group_dc11.png",
                    "plistFile": "",
                    "resourceType": 0
                  }
                }
              ]
            },
            {
              "__type": "ComGameObjectSurrogate:#EditorCommon.JsonModel",
              "classname": "CCNode",
              "name": null,
              "canedit": true,
              "objecttag": 10581,
              "rotation": 0,
              "scalex": 1,
              "scaley": 1,
              "visible": 1,
              "x": 229.88888549804688,
              "y": 345.00003051757812,
              "zorder": 4,
              "gameobjects": [],
              "components": [
                {
                  "__type": "ComSpriteSurrogate:#EditorCommon.JsonModel.Component",
                  "classname": "CCSprite",
                  "name": "CCSprite",
                  "file": null,
                  "fileData": {
                    "path": "img/8/group_dc12.png",
                    "plistFile": "",
                    "resourceType": 0
                  }
                }
              ]
            },
            {
              "__type": "ComGameObjectSurrogate:#EditorCommon.JsonModel",
              "classname": "CCNode",
              "name": null,
              "canedit": true,
              "objecttag": 10589,
              "rotation": 0,
              "scalex": 1,
              "scaley": 1,
              "visible": 1,
              "x": 1037.7779541015625,
              "y": 350.88888549804688,
              "zorder": 4,
              "gameobjects": [],
              "components": [
                {
                  "__type": "ComSpriteSurrogate:#EditorCommon.JsonModel.Component",
                  "classname": "CCSprite",
                  "name": "CCSprite",
                  "file": null,
                  "fileData": {
                    "path": "img/8/group_dc20.png",
                    "plistFile": "",
                    "resourceType": 0
                  }
                }
              ]
            },
            {
              "__type": "ComGameObjectSurrogate:#EditorCommon.JsonModel",
              "classname": "CCNode",
              "name": null,
              "canedit": true,
              "objecttag": 10583,
              "rotation": 0,
              "scalex": 1,
              "scaley": 1,
              "visible": 1,
              "x": 996.666748046875,
              "y": 347.77777099609375,
              "zorder": 4,
              "gameobjects": [],
              "components": [
                {
                  "__type": "ComSpriteSurrogate:#EditorCommon.JsonModel.Component",
                  "classname": "CCSprite",
                  "name": "CCSprite",
                  "file": null,
                  "fileData": {
                    "path": "img/8/group_dc14.png",
                    "plistFile": "",
                    "resourceType": 0
                  }
                }
              ]
            },
            {
              "__type": "ComGameObjectSurrogate:#EditorCommon.JsonModel",
              "classname": "CCNode",
              "name": null,
              "canedit": true,
              "objecttag": 10588,
              "rotation": 0,
              "scalex": 1,
              "scaley": 1,
              "visible": 1,
              "x": 1095,
              "y": 350,
              "zorder": 4,
              "gameobjects": [],
              "components": [
                {
                  "__type": "ComSpriteSurrogate:#EditorCommon.JsonModel.Component",
                  "classname": "CCSprite",
                  "name": "CCSprite",
                  "file": null,
                  "fileData": {
                    "path": "img/8/group_dc19.png",
                    "plistFile": "",
                    "resourceType": 0
                  }
                }
              ]
            },
            {
              "__type": "ComGameObjectSurrogate:#EditorCommon.JsonModel",
              "classname": "CCNode",
              "name": null,
              "canedit": true,
              "objecttag": 10585,
              "rotation": 0,
              "scalex": 1,
              "scaley": 1,
              "visible": 1,
              "x": 794.11114501953125,
              "y": 364.4444580078125,
              "zorder": 4,
              "gameobjects": [],
              "components": [
                {
                  "__type": "ComSpriteSurrogate:#EditorCommon.JsonModel.Component",
                  "classname": "CCSprite",
                  "name": "CCSprite",
                  "file": null,
                  "fileData": {
                    "path": "img/8/group_dc16.png",
                    "plistFile": "",
                    "resourceType": 0
                  }
                }
              ]
            },
            {
              "__type": "ComGameObjectSurrogate:#EditorCommon.JsonModel",
              "classname": "CCNode",
              "name": null,
              "canedit": true,
              "objecttag": 10593,
              "rotation": 0,
              "scalex": 1,
              "scaley": 1,
              "visible": 1,
              "x": 318.5555419921875,
              "y": 359.11111450195312,
              "zorder": 4,
              "gameobjects": [],
              "components": [
                {
                  "__type": "ComSpriteSurrogate:#EditorCommon.JsonModel.Component",
                  "classname": "CCSprite",
                  "name": "CCSprite",
                  "file": null,
                  "fileData": {
                    "path": "img/8/group_dc16.png",
                    "plistFile": "",
                    "resourceType": 0
                  }
                }
              ]
            },
            {
              "__type": "ComGameObjectSurrogate:#EditorCommon.JsonModel",
              "classname": "CCNode",
              "name": null,
              "canedit": true,
              "objecttag": 10594,
              "rotation": 0,
              "scalex": 1,
              "scaley": 1,
              "visible": 1,
              "x": 114.99999237060547,
              "y": 339.55560302734375,
              "zorder": 5,
              "gameobjects": [],
              "components": [
                {
                  "__type": "ComSpriteSurrogate:#EditorCommon.JsonModel.Component",
                  "classname": "CCSprite",
                  "name": "CCSprite",
                  "file": null,
                  "fileData": {
                    "path": "img/8/group_dc10.png",
                    "plistFile": "",
                    "resourceType": 0
                  }
                }
              ]
            }
          ],
          "components": []
        },
        {
          "__type": "ComGameObjectSurrogate:#EditorCommon.JsonModel",
          "classname": "CCNode",
          "name": "node_other",
          "canedit": true,
          "objecttag": 10323,
          "rotation": 0,
          "scalex": 1,
          "scaley": 1,
          "visible": 1,
          "x": 0,
          "y": 0,
          "zorder": 1,
          "gameobjects": [],
          "components": []
        }
      ],
      "components": []
    },
    {
      "__type": "ComGameObjectSurrogate:#EditorCommon.JsonModel",
      "classname": "CCNode",
      "name": "close",
      "canedit": true,
      "objecttag": 10315,
      "rotation": 0,
      "scalex": 1,
      "scaley": 1,
      "visible": 1,
      "x": 0,
      "y": 0,
      "zorder": 5,
      "gameobjects": [
        {
          "__type": "ComGameObjectSurrogate:#EditorCommon.JsonModel",
          "classname": "CCNode",
          "name": "node_map",
          "canedit": true,
          "objecttag": 10324,
          "rotation": 0,
          "scalex": 1,
          "scaley": 1,
          "visible": 1,
          "x": 0,
          "y": 0,
          "zorder": 1,
          "gameobjects": [
            {
              "__type": "ComGameObjectSurrogate:#EditorCommon.JsonModel",
              "classname": "CCNode",
              "name": "main",
              "canedit": true,
              "objecttag": 10553,
              "rotation": 0,
              "scalex": 1,
              "scaley": 1,
              "visible": 1,
              "x": 586,
              "y": 100,
              "zorder": 1,
              "gameobjects": [],
              "components": [
                {
                  "__type": "ComSpriteSurrogate:#EditorCommon.JsonModel.Component",
                  "classname": "CCSprite",
                  "name": "CCSprite",
                  "file": null,
                  "fileData": {
                    "path": "img/7/close.png",
                    "plistFile": "",
                    "resourceType": 0
                  }
                }
              ]
            }
          ],
          "components": []
        },
        {
          "__type": "ComGameObjectSurrogate:#EditorCommon.JsonModel",
          "classname": "CCNode",
          "name": "node_other",
          "canedit": true,
          "objecttag": 10325,
          "rotation": 0,
          "scalex": 1,
          "scaley": 1,
          "visible": 1,
          "x": 0,
          "y": 0,
          "zorder": 1,
          "gameobjects": [],
          "components": []
        }
      ],
      "components": []
    }
  ],
  "CanvasSize": {
    "_height": 737,
    "_width": 1170
  },
  "Triggers": null,
  "Version": "1.4.0.0",
  "components": [
    {
      "__type": "ComSceneSurrogate:#EditorCommon.JsonModel.Component",
      "classname": "CCScene",
      "name": "CCScene",
      "scenename": "8"
    },
    {
      "__type": "ComSimpleAudioSurrogate:#EditorCommon.JsonModel.Component",
      "classname": "CCBackgroundAudio",
      "name": "CCBackgroundAudio",
      "file": null,
      "fileData": {
        "path": null,
        "plistFile": null,
        "resourceType": 0
      },
      "loop": 0
    }
  ]
}