{
    "1000": {
        "id": 1000,
        "plist": "ccbResources/ani_particle/par_jiuguan01.plist",
        "des": "【念兽】念兽招募粒子01"
    },
    "1001": {
        "id": 1001,
        "plist": "ccbResources/ani_particle/par_jiuguan02.plist",
        "des": "【念兽】念兽招募粒子02"
    },
    "1002": {
        "id": 1002,
        "plist": "ccbResources/ani_particle/par_suipian01.plist",
        "des": "【酒馆】酒馆招募粒子01"
    },
    "1003": {
        "id": 1003,
        "plist": "ccbResources/ani_particle/par_suipian02.plist",
        "des": "【酒馆】酒馆招募粒子02"
    }}
