{
    "1": {
        "id": 1,
        "common_param": [1,0],
        "skill_param": [1,0],
        "death_param": [1,0]
    },
    "601": {
        "id": 601,
        "common_param": [2,0],
        "skill_param": [2,0],
        "death_param": [2,0]
    },
    "602": {
        "id": 602,
        "common_param": [2,0],
        "skill_param": [2,0],
        "death_param": [2,0]
    },
    "603": {
        "id": 603,
        "common_param": [2,0],
        "skill_param": [2,0],
        "death_param": [2,0]
    },
    "604": {
        "id": 604,
        "common_param": [2,0],
        "skill_param": [1,0],
        "death_param": [1,0]
    },
    "605": {
        "id": 605,
        "common_param": [1,0],
        "skill_param": [1,0],
        "death_param": [1,0]
    },
    "606": {
        "id": 606,
        "common_param": [1,0],
        "skill_param": [1,0],
        "death_param": [1,0]
    },
    "607": {
        "id": 607,
        "common_param": [1,0],
        "skill_param": [1,0],
        "death_param": [1,0]
    },
    "608": {
        "id": 608,
        "common_param": [2,60],
        "skill_param": [2,40],
        "death_param": [2,10]
    },
    "609": {
        "id": 609,
        "common_param": [1,0],
        "skill_param": [10000,0],
        "death_param": [10000,0]
    },
    "610": {
        "id": 610,
        "common_param": [2,100000],
        "skill_param": [10000,0],
        "death_param": [10000,0]
    }}
