{
    "1": {
        "chat_id": 1,
        "chat_des": "我不想、我不想、我不想长大。长大后、就要被、宰掉啦~"
    },
    "2": {
        "chat_id": 2,
        "chat_des": "做猪呢，最重要的就是开森。多吃多睡少溜达，就可以像我一样萌萌哒。"
    },
    "3": {
        "chat_id": 3,
        "chat_des": "唉~不知道隔壁蛋里的小敬敬有没有想我，好怀念跟他一起CS的时光。"
    },
    "4": {
        "chat_id": 4,
        "chat_des": "据说族里没长鳞片的兄弟们都不是蛋生的，听起来好像很高级的样子。"
    },
    "5": {
        "chat_id": 5,
        "chat_des": "刚才有个呆子竟然拿气球喂我，呼呼，吃得老子都快飘起来了。"
    },
    "6": {
        "chat_id": 6,
        "chat_des": "饿死了饿死了~~好心人快来投喂我这个小可怜啊，伦家一定会报答你们的。"
    },
    "7": {
        "chat_id": 7,
        "chat_des": "不许跑！说的就是你！快给老子讲个笑话开森一下，我都快无聊死了。"
    },
    "8": {
        "chat_id": 8,
        "chat_des": "喂我8"
    },
    "9": {
        "chat_id": 9,
        "chat_des": "喂我9"
    },
    "10": {
        "chat_id": 10,
        "chat_des": "喂我10"
    },
    "11": {
        "chat_id": 11,
        "chat_des": "再戳我？！再戳我？！再戳我我就跑到隔壁去啦~"
    },
    "12": {
        "chat_id": 12,
        "chat_des": "我可是高贵冷艳的品种，别指望我会对你笑。"
    },
    "13": {
        "chat_id": 13,
        "chat_des": "你追我，如果你追到我，我就把你嘿嘿嘿。"
    },
    "14": {
        "chat_id": 14,
        "chat_des": "慵懒是我的天性，臃肿是我的天命。哎呀，我可真是个诗人！额……诗猪。"
    },
    "15": {
        "chat_id": 15,
        "chat_des": "我有二十多个爸妈，他们每天都花十几个小时来孵我，也真是没谁了。"
    },
    "16": {
        "chat_id": 16,
        "chat_des": "你是个好人，但我还是不能接受你。别问了！爱过。"
    },
    "17": {
        "chat_id": 17,
        "chat_des": "当我还在蛋里的时候，天天听“奇妙的约会”，久而久之我就破蛋而出了。"
    },
    "18": {
        "chat_id": 18,
        "chat_des": "我不是大姐8"
    },
    "19": {
        "chat_id": 19,
        "chat_des": "我不是大姐9"
    },
    "20": {
        "chat_id": 20,
        "chat_des": "我不是大姐10"
    }}
