{
    "1": {
        "combo_lv": 1,
        "combo_des": "连击",
        "combo_condition": -1,
        "buff_id": -1,
        "buff_lv": -1
    },
    "2": {
        "combo_lv": 2,
        "combo_des": "无双1级",
        "combo_condition": 10,
        "buff_id": 700001,
        "buff_lv": 1
    },
    "3": {
        "combo_lv": 3,
        "combo_des": "无双2级",
        "combo_condition": 15,
        "buff_id": 700001,
        "buff_lv": 2
    },
    "4": {
        "combo_lv": 4,
        "combo_des": "无双3级",
        "combo_condition": 20,
        "buff_id": 700001,
        "buff_lv": 3
    },
    "5": {
        "combo_lv": 5,
        "combo_des": "无双4级",
        "combo_condition": 30,
        "buff_id": 700001,
        "buff_lv": 4
    },
    "6": {
        "combo_lv": 6,
        "combo_des": "无双5级",
        "combo_condition": 40,
        "buff_id": 700001,
        "buff_lv": 5
    },
    "7": {
        "combo_lv": 7,
        "combo_des": "无双6级",
        "combo_condition": 50,
        "buff_id": 700001,
        "buff_lv": 6
    },
    "8": {
        "combo_lv": 8,
        "combo_des": "无双7级",
        "combo_condition": 65,
        "buff_id": 700001,
        "buff_lv": 7
    },
    "9": {
        "combo_lv": 9,
        "combo_des": "无双8级",
        "combo_condition": 80,
        "buff_id": 700001,
        "buff_lv": 8
    },
    "10": {
        "combo_lv": 10,
        "combo_des": "无双9级",
        "combo_condition": 100,
        "buff_id": 700001,
        "buff_lv": 9
    },
    "11": {
        "combo_lv": 11,
        "combo_des": "无双10级",
        "combo_condition": 150,
        "buff_id": 700001,
        "buff_lv": 10
    },
    "12": {
        "combo_lv": 12,
        "combo_des": "无双上限",
        "combo_condition": 999999,
        "buff_id": -1,
        "buff_lv": -1
    }}
