{
    "10101": {
        "id": 10101,
        "path": "",
        "title": "攻击型",
        "des": "攻击型猎人在战斗中一般作为主要的攻击手，可对敌方造成高额伤害。"
    },
    "10102": {
        "id": 10102,
        "path": "",
        "title": "防御型",
        "des": "防御型猎人在一般情况下站在前排可有效保障伙伴的生存，提升团队生存能力。"
    },
    "10103": {
        "id": 10103,
        "path": "",
        "title": "辅助型",
        "des": "辅助型猎人可对我方/敌方施加各种增益/减益效果，在战斗中有着至关重要的作用。"
    },
    "10201": {
        "id": 10201,
        "path": "",
        "title": "强化系",
        "des": "六大念能力系统中最利于进攻、防守、治疗的系统。拥有最强的攻击力及防御力。一般的强化系能力者多喜欢强化本身，或者是强化某些物体。"
    },
    "10202": {
        "id": 10202,
        "path": "",
        "title": "变化系",
        "des": "变化系最主要是改变念的性质以及形状，以利于自身攻击或防守。变化系和具现化系的念能力者，气一旦离开自己身体的话，强度会大幅地下降。"
    },
    "10203": {
        "id": 10203,
        "path": "",
        "title": "操作系",
        "des": "操作系可把念注入人或物体当中来加以操控，但如果要加强其能力的话，必须依靠强化系的强化能力才可。"
    },
    "10204": {
        "id": 10204,
        "path": "",
        "title": "放出系",
        "des": "六大系统中唯一一个气脱离身体，强度依旧不变的系统，最主要的是将气脱离身体，以达到攻击或防守的目的。"
    },
    "10205": {
        "id": 10205,
        "path": "",
        "title": "具现化系",
        "des": "能够把气具现化成某样实质的东西。但要具现化出一个东西，必须要极大的集中力、想像力、修行之类的。通常来讲，具现化系的念能力者跟强化系的念能力者战斗胜算并不大，故必须具现化出一样神通广大的武器才有用。"
    },
    "10206": {
        "id": 10206,
        "path": "",
        "title": "特质系",
        "des": "不属于上述五种系统中的念能力皆归于此系统。此能力为天生的，故不是很容易学得起来的。通常具有特殊血统的人很容易属于此系，而且操作系和具现化系的念能力者后来转成特质系的机率很大。特质系的能力通常还需搭配别的系统能力才能发挥很大的威力。"
    },
    "10301": {
        "id": 10301,
        "path": "",
        "title": "幻影旅团",
        "des": "由库洛洛·鲁西鲁领导的盗贼团伙，在世界各地多次犯罪，即便是职业猎人也无法逮捕他们。主要成员有：库洛洛，信长，飞坦，侠客，小滴，派克诺妲，窝金，富兰克林，玛琪，芬克斯，剥落裂夫，库哔，西索（为了与库洛洛战斗假意加入），柯特（西索离开后顶替其位置）。"
    },
    "10302": {
        "id": 10302,
        "path": "",
        "title": "猎人协会",
        "des": "猎人协会是由每年举行的猎人考试所选拔出的职业猎人所组成的组织，在会长尼特罗的带领下，在世界各地执行任务。加入猎人协会成为职业猎人是很多人的梦想，然而严苛的猎人考试又令考生望而生畏。主要成员有尼特罗、比丝姬、莫老五等。"
    },
    "10303": {
        "id": 10303,
        "path": "",
        "title": "杀手世家",
        "des": "坐落于枯枯戮山的揍敌客家族，以杀手的身份著称，族人从小就要经受严格的训练，恐怖的天赋加上高强度的特训，使得他们拥有着超强的战斗能力，令很多黑帮势力都闻风丧胆。主要成员有桀诺、席巴、奇犽、糜稽等。"
    },
    "10304": {
        "id": 10304,
        "path": "",
        "title": "蚂蚁军团",
        "des": "被制定为第一级隔离的物种-奇美拉蚁所组成的意图统治人类的军团，由蚁后诞下的王所领导，三护卫尼飞彼多、枭亚普夫、孟徒徒尤匹负责执行王的命令并守护其安全，可通过猎捕和食用能力快速提升自身能力，后被猎人协会征讨。"
    },
    "20101": {
        "id": 20101,
        "path": "",
        "title": "卡片的分类",
        "des": "卡片分为缠、练、绝、发、圆、坚六系，根据猎人等级依次开放。在六系卡片中，又根据卡片属性的优劣分为SS、S、A、B、C五种品质，卡片的品质越高其属性越好。"
    },
    "20102": {
        "id": 20102,
        "path": "",
        "title": "主属性",
        "des": "卡片的属性分为主属性和附加属性，其中主属性是固定在指定卡片上的，缠、绝、圆三系卡片的主属性只会增加固定数值，而练、发、坚三系卡片的主属性会按猎人基础属性的百分比增加属性。"
    },
    "20103": {
        "id": 20103,
        "path": "",
        "title": "附加属性",
        "des": "附加属性是指在获得卡片时随机生成的属性，附加属性的数量在1-4条之间随机。通常卡片的品质越高，其可能随机到的附加属性条数越多，可随机到的附加属性的数值越高。当附加属性随机到4条时，卡片的星星颜色会变为紫色。"
    },
    "20201": {
        "id": 20201,
        "path": "",
        "title": "升级与升星",
        "des": "卡片的养成分为升级和升星两种。其中升级可以提升卡片的等级和卡片主属性的数值，而升星既可以提升卡片主属性数值，同时也会提升卡片的等级上限。除此之外，当卡片升到6星时，会额外增加一条附加属性。（小贴士：卡片的等级越高，升级所加成的主属性数值越多哦。）"
    },
    "20301": {
        "id": 20301,
        "path": "",
        "title": "特殊卡片",
        "des": "特殊卡片是指附加属性有一条为固定属性的卡片。特殊卡片包括：000号支配者的祝福，002号一坪的海岸线，012号黄金辞典，017号大天使的气息，096号千里眼的蛇，1018号征收，1029号凶弹，1039号同行，1035号监牢，1024号看破，1025号暗幕，1036号神眼，特殊卡的固定属性在战斗中对Boss均有效。"
    },
    "30101": {
        "id": 30101,
        "path": "",
        "title": "攻击",
        "des": "攻击属性可转化为猎人在攻击时对敌方造成的伤害。"
    },
    "30102": {
        "id": 30102,
        "path": "",
        "title": "防御",
        "des": "防御属性可减免猎人在被敌方攻击时受到的伤害。"
    },
    "30103": {
        "id": 30103,
        "path": "",
        "title": "生命值",
        "des": "生命值属性即猎人在战斗中的血量上限，生命值越高生存能力越强。"
    },
    "30201": {
        "id": 30201,
        "path": "",
        "title": "暴击率",
        "des": "暴击率为猎人在一次攻击中产生暴击的概率，攻击产生暴击后会额外造成暴击伤害。"
    },
    "30202": {
        "id": 30202,
        "path": "",
        "title": "暴击伤害",
        "des": "暴击伤害即猎人在攻击产生暴击后，相对于普通攻击造成的伤害比例。如当暴击伤害为200%时，产生暴击后会对敌方造成普通攻击2倍的伤害。"
    },
    "30203": {
        "id": 30203,
        "path": "",
        "title": "暴击抵抗",
        "des": "暴击抵抗属性可降低猎人自身被暴击的概率。"
    },
    "30204": {
        "id": 30204,
        "path": "",
        "title": "速度",
        "des": "速度属性十分重要，可影响战斗中猎人的必杀技入场CD时间和间隔CD时间，即速度属性越高，战斗开始后能更快的使用必杀技，且距离下次可使用必杀技的间隔越短。"
    },
    "30205": {
        "id": 30205,
        "path": "",
        "title": "格挡率",
        "des": "格挡率即猎人在每次被攻击时格挡的概率。触发格挡后，猎人不会被击飞浮空，同时也不会被击退技能所击退。"
    },
    "30206": {
        "id": 30206,
        "path": "",
        "title": "忽视格挡",
        "des": "忽视格挡属性可降低我方在攻击时被格挡的几率。"
    },
    "30207": {
        "id": 30207,
        "path": "",
        "title": "效果命中",
        "des": "效果命中可提升我方在向敌方施放减益BUFF类技能时的生效概率。"
    },
    "30208": {
        "id": 30208,
        "path": "",
        "title": "效果抵抗",
        "des": "效果抵抗可提升我方在被施放减益BUFF时免于生效的概率。"
    },
    "30209": {
        "id": 30209,
        "path": "",
        "title": "怒气值",
        "des": "上阵的猎人在战斗中召唤援助猎人参战时需要消耗上阵猎人自身一定量的怒气值。怒气值可在战斗中通过释放技能、击杀敌人或自身损失生命值获得。"
    },
    "30301": {
        "id": 30301,
        "path": "",
        "title": "技能顺序",
        "des": "①自动技施放顺序：默认为我方1号位，敌方1号位，我方2号位，敌方2号位···的出手顺序，自动技施放顺序不受速度属性影响。②必杀技施放顺序：默认由速度属性决定，速度属性越高则必杀技入场CD和CD时长越短。当猎人施放自动技的过程中施放必杀技，则会中断本次自动技，直接施放必杀技能。"
    },
    "30401": {
        "id": 30401,
        "path": "",
        "title": "援助",
        "des": "当上阵猎人的怒气到达一定值后，可召唤援助猎人施放一次必杀技，一场战斗可施放多次，且援助猎人装备卡片也可提升其战斗中的效果。除增加我方全体属性的被动技外，所有援助的被动技都可在战斗中生效，且援助技与被动技一样，在猎人死亡后会持续生效。"
    },
    "30501": {
        "id": 30501,
        "path": "",
        "title": "浮空",
        "des": "必杀技具有浮空效果的猎人可在攻击时打断敌方技能并击飞敌人。"
    },
    "30502": {
        "id": 30502,
        "path": "",
        "title": "击退",
        "des": "必杀技附加击退效果的猎人可在攻击时使敌方水平后退一段距离。"
    },
    "30503": {
        "id": 30503,
        "path": "",
        "title": "连击",
        "des": "当在一定时间内连续攻击敌方一定次数时，会触发连击效果，可额外提升攻击造成的伤害。"
    },
    "30504": {
        "id": 30504,
        "path": "",
        "title": "格挡",
        "des": "格挡敌方攻击后可抵抗本次攻击的击退和浮空效果。"
    },
    "30505": {
        "id": 30505,
        "path": "",
        "title": "忽视防御",
        "des": "具有忽视防御效果的技能可在攻击时忽视被攻击者一定防御值，对付防御较高的敌人有极为显著的效果。"
    },
    "30506": {
        "id": 30506,
        "path": "",
        "title": "真实伤害",
        "des": "真实伤害即敌方会受到的实际伤害，此伤害不会被敌方防御和护盾效果减弱。"
    },
    "30601": {
        "id": 30601,
        "path": "buff_icon_zhiliao_png",
        "title": "回复",
        "des": "在一定时间内回复猎人的生命值，当前的回复效果分为三类：①按施加者自身属性（生命值、攻击、防御）的百分比回复；②按被施加者自身生命值属性的百分比回复；③按施加者自身生命值属性的百分比回复，且不受治疗衰减效果的影响。"
    },
    "30602": {
        "id": 30602,
        "path": "buff_icon_fangyu_tisheng_png",
        "title": "防御提升",
        "des": "在一定时间内提升猎人的防御属性。"
    },
    "30603": {
        "id": 30603,
        "path": "buff_icon_gongji_tisheng_png",
        "title": "攻击提升",
        "des": "在一定时间内提升猎人的攻击属性。"
    },
    "30604": {
        "id": 30604,
        "path": "buff_icon_bati_png",
        "title": "霸体",
        "des": "在一定时间内使猎人不受击退、打断、浮空效果的影响，但可以被施加其它的控制效果。"
    },
    "30605": {
        "id": 30605,
        "path": "buff_icon_wudi_png",
        "title": "无敌",
        "des": "在一定时间内使猎人受到的所有伤害无效（炸弹除外）。"
    },
    "30606": {
        "id": 30606,
        "path": "buff_icon_hudun_png",
        "title": "护盾",
        "des": "护盾效果可以吸收猎人受到的伤害，当受到的伤害达到护盾吸收上限后，护盾消失。"
    },
    "30607": {
        "id": 30607,
        "path": "buff_icon_jiasu_png",
        "title": "加速",
        "des": "在一定时间内增加猎人必杀技CD的回复速度，但猎人本身的速度属性不会受到影响。"
    },
    "30608": {
        "id": 30608,
        "path": "buff_icon_mingzhong_tisheng_png",
        "title": "增加效果命中",
        "des": "在一定时间内提升猎人在战斗中的效果命中。"
    },
    "30609": {
        "id": 30609,
        "path": "buff_icon_dikang_tisheng_png",
        "title": "增加效果抵抗",
        "des": "在一定时间内提升猎人在战斗中的效果抵抗。"
    },
    "30610": {
        "id": 30610,
        "path": "buff_icon_gedanglv_tisheng_png",
        "title": "增加格挡率",
        "des": "在一定时间内提升猎人在战斗中的格挡率。"
    },
    "30611": {
        "id": 30611,
        "path": "buff_icon_mianyi_png",
        "title": "免疫",
        "des": "可以使猎人受到的减益BUFF效果无效，也可以免受延长技能CD的影响，但是免疫状态可以被\"驱散\"效果消除掉。"
    },
    "30612": {
        "id": 30612,
        "path": "buff_icon_jinghua_png",
        "title": "净化",
        "des": "可清除猎人此时所处于的所有减益BUFF效果。"
    },
    "30701": {
        "id": 30701,
        "path": "buff_icon_xuanyun_png",
        "title": "眩晕",
        "des": "处于眩晕效果中的猎人在一定时间内无法行动。"
    },
    "30702": {
        "id": 30702,
        "path": "buff_icon_shuimian_png",
        "title": "睡眠",
        "des": "处于睡眠效果中的猎人在一定时间内无法行动，并且无法回复必杀技CD。"
    },
    "30703": {
        "id": 30703,
        "path": "buff_icon_chenmo_png",
        "title": "沉默",
        "des": "处于沉默效果中的猎人在一定时间内无法使用必杀技，并且无法获得怒气。"
    },
    "30704": {
        "id": 30704,
        "path": "buff_icon_zhongdu_png",
        "title": "中毒",
        "des": "处于中毒效果中的猎人在一定时间内会以一定频率按自身生命值上限的百分比损失生命。"
    },
    "30705": {
        "id": 30705,
        "path": "buff_icon_zhuoshao_png",
        "title": "灼烧",
        "des": "处于灼烧效果中的猎人在一定时间内会以一定频率按施加者攻击属性的百分比损失生命。"
    },
    "30706": {
        "id": 30706,
        "path": "buff_icon_liuxue_png",
        "title": "流血",
        "des": "处于流血效果中的猎人在一定时间内会以一定频率按施加者和被施加者攻击属性的百分比损失生命。"
    },
    "30707": {
        "id": 30707,
        "path": "buff_icon_biaoji_png",
        "title": "标记",
        "des": "处于标记效果中的猎人在一定时间内受到的所有伤害增加。"
    },
    "30708": {
        "id": 30708,
        "path": "buff_icon_zhandan_png",
        "title": "炸弹",
        "des": "被施加炸弹效果的猎人会在一定时间后按施加者攻击属性的一定比例损失生命值，且无视无敌效果。"
    },
    "30709": {
        "id": 30709,
        "path": "buff_icon_qusan_png",
        "title": "驱散",
        "des": "被施加驱散效果的猎人会被清除此时所处于的增益BUFF效果。"
    },
    "30710": {
        "id": 30710,
        "path": "buff_icon_jingu_png",
        "title": "禁锢",
        "des": "处于禁锢效果中的猎人在一定时间内无法获得除回复外的增益BUFF效果。"
    },
    "30711": {
        "id": 30711,
        "path": "buff_icon_fangyu_xiajiang_png",
        "title": "破甲",
        "des": "处于破甲效果中的猎人在一定时间内防御被降低。"
    },
    "30712": {
        "id": 30712,
        "path": "buff_icon_gongji_xiajiang_png",
        "title": "虚弱",
        "des": "处于虚弱效果中的猎人会在一定时间内造成的最终伤害降低。"
    },
    "30713": {
        "id": 30713,
        "path": "buff_icon_jiansu_png",
        "title": "减速",
        "des": "在一定时间内减少猎人必杀技CD的回复速度，但猎人本身的速度属性不会受到影响。"
    },
    "30714": {
        "id": 30714,
        "path": "buff_icon_jinliao_png",
        "title": "回复衰减",
        "des": "处于回复衰减中的猎人受到的回复效果会按一定比例减少。"
    },
    "30715": {
        "id": 30715,
        "path": "buff_icon_mingzhong_xiajiang_png",
        "title": "效果命中降低",
        "des": "在一定时间内降低猎人在战斗中的效果命中。"
    },
    "30716": {
        "id": 30716,
        "path": "buff_icon_dikang_jiangdi_png",
        "title": "效果抵抗降低",
        "des": "在一定时间内降低猎人在战斗中的效果抵抗。"
    },
    "30717": {
        "id": 30717,
        "path": "buff_icon_gedang_xiajiang_png",
        "title": "格挡率降低",
        "des": "在一定时间内降低猎人在战斗中的格挡率。"
    }}
