{
    "1": {
        "id": 1,
        "type": -1,
        "name": "测试用的",
        "num": -1,
        "time": -1,
        "continue_time": 2000,
        "displacement_speed": [0.01,0],
        "displacement_acceleration": [0.005,0],
        "acceleration_time": 100,
        "end_pos": [-1],
        "_bug": "测试用的"
    },
    "1003110": {
        "id": 1003110,
        "type": -1,
        "name": "测试-乌鸦普攻-位移",
        "num": -1,
        "time": -1,
        "continue_time": 2000,
        "displacement_speed": [0.5,0],
        "displacement_acceleration": [0.02,0],
        "acceleration_time": 100,
        "end_pos": [-1],
        "_bug": "测试-乌鸦普攻-位移"
    },
    "1007100": {
        "id": 1007100,
        "type": -1,
        "name": "玩家-窝金技能1-位移",
        "num": -1,
        "time": -1,
        "continue_time": 2000,
        "displacement_speed": [0.3,0],
        "displacement_acceleration": [0.02,0],
        "acceleration_time": 100,
        "end_pos": [-1],
        "_bug": "玩家-窝金技能1-位移"
    },
    "1012100": {
        "id": 1012100,
        "type": -1,
        "name": "玩家-芬克斯技能1-位移",
        "num": -1,
        "time": -1,
        "continue_time": 2000,
        "displacement_speed": [0.3,0],
        "displacement_acceleration": [0.02,0],
        "acceleration_time": 100,
        "end_pos": [-1],
        "_bug": "玩家-芬克斯技能1-位移"
    },
    "1016100": {
        "id": 1016100,
        "type": -1,
        "name": "玩家-剥罗裂夫技能1-位移",
        "num": -1,
        "time": -1,
        "continue_time": 2000,
        "displacement_speed": [0.3,0],
        "displacement_acceleration": [0.02,0],
        "acceleration_time": 100,
        "end_pos": [-1],
        "_bug": "玩家-剥罗裂夫技能1-位移"
    },
    "1022210": {
        "id": 1022210,
        "type": -1,
        "name": "玩家-狸狈多技能2-冲刺",
        "num": -1,
        "time": -1,
        "continue_time": 2000,
        "displacement_speed": [0.4,0],
        "displacement_acceleration": [0.002,0],
        "acceleration_time": 500,
        "end_pos": [-1],
        "_bug": "玩家-狸狈多技能2-冲刺"
    },
    "1001000": {
        "id": 1001000,
        "type": -1,
        "name": "基础-移动-普攻位移",
        "num": -1,
        "time": -1,
        "continue_time": 2500,
        "displacement_speed": [0.3,0],
        "displacement_acceleration": [0.002,0],
        "acceleration_time": 500,
        "end_pos": [-1],
        "_bug": "基础-移动-普攻位移"
    },
    "1002000": {
        "id": 1002000,
        "type": -1,
        "name": "基础-移动-前排位移",
        "num": -1,
        "time": -1,
        "continue_time": 2500,
        "displacement_speed": [0.1,0],
        "displacement_acceleration": [0.001,0],
        "acceleration_time": 500,
        "end_pos": [-1],
        "_bug": "基础-移动-普攻位移"
    },
    "1060100": {
        "id": 1060100,
        "type": -1,
        "name": "基础-移动-前排位移",
        "num": -1,
        "time": -1,
        "continue_time": 2500,
        "displacement_speed": [0.4,0],
        "displacement_acceleration": [0.005,0],
        "acceleration_time": 500,
        "end_pos": [-1],
        "_bug": "基础-移动-普攻位移"
    }}
