{
    "1": {
        "id": 1,
        "type": 1,
        "type_des": "加入公会",
        "count": 1,
        "des_0": "<color>r=28,g=135,b=244</color><text>%s</text><text>加入了公会。</text>",
        "des_1": "",
        "des_2": "",
        "des_3": ""
    },
    "2": {
        "id": 2,
        "type": 1,
        "type_des": "离开公会",
        "count": 1,
        "des_0": "<color>r=28,g=135,b=244</color><text>%s</text><text>离开了公会。</text>",
        "des_1": "",
        "des_2": "",
        "des_3": ""
    },
    "3": {
        "id": 3,
        "type": 1,
        "type_des": "踢出公会",
        "count": 1,
        "des_0": "<color>r=28,g=135,b=244</color><text>%s</text><text>被</text><color>r=28,g=135,b=244</color><text>%s</text><text>踢出了公会。</text>",
        "des_1": "",
        "des_2": "",
        "des_3": ""
    },
    "4": {
        "id": 4,
        "type": 1,
        "type_des": "提拔副会长",
        "count": 1,
        "des_0": "<color>r=28,g=135,b=244</color><text>%s</text><text>提拔</text><color>r=28,g=135,b=244</color><text>%s</text><text>为副会长。</text>",
        "des_1": "",
        "des_2": "",
        "des_3": ""
    },
    "5": {
        "id": 5,
        "type": 1,
        "type_des": "罢免副会长",
        "count": 1,
        "des_0": "<color>r=28,g=135,b=244</color><text>%s</text><text>罢免了</text><color>r=28,g=135,b=244</color><text>%s</text><text>副会长之职。</text>",
        "des_1": "",
        "des_2": "",
        "des_3": ""
    },
    "6": {
        "id": 6,
        "type": 1,
        "type_des": "禅让会长",
        "count": 1,
        "des_0": "<color>r=28,g=135,b=244</color><text>%s</text><text>将会长之位禅让给了</text><color>r=28,g=135,b=244</color><text>%s</text><text>。</text>",
        "des_1": "",
        "des_2": "",
        "des_3": ""
    },
    "7": {
        "id": 7,
        "type": 1,
        "type_des": "修改名称",
        "count": 1,
        "des_0": "<color>r=28,g=135,b=244</color><text>%s</text><text>将公会名修改为“</text><color>r=255,g=80,b=0</color><text>%s</text><text>”。</text>",
        "des_1": "",
        "des_2": "",
        "des_3": ""
    },
    "8": {
        "id": 8,
        "type": 1,
        "type_des": "修改公会图标",
        "count": 1,
        "des_0": "<color>r=28,g=135,b=244</color><text>%s</text><text>修改了公会图标。</text>",
        "des_1": "",
        "des_2": "",
        "des_3": ""
    },
    "9": {
        "id": 9,
        "type": 1,
        "type_des": "修改公会图标框",
        "count": 1,
        "des_0": "<color>r=28,g=135,b=244</color><text>%s</text><text>修改了公会图标框。</text>",
        "des_1": "",
        "des_2": "",
        "des_3": ""
    },
    "10": {
        "id": 10,
        "type": 1,
        "type_des": "修改加入条件",
        "count": 1,
        "des_0": "<color>r=28,g=135,b=244</color><text>%s</text><text>修改公会类型为</text><color>r=255,g=80,b=0</color><text>%s</text><text>。</text>",
        "des_1": "",
        "des_2": "",
        "des_3": ""
    },
    "11": {
        "id": 11,
        "type": 1,
        "type_des": "修改加入等级",
        "count": 1,
        "des_0": "<color>r=28,g=135,b=244</color><text>%s</text><text>修改了加入公会最小等级为：</text><color>r=255,g=80,b=0</color><text>%d</text><text>。</text>",
        "des_1": "",
        "des_2": "",
        "des_3": ""
    },
    "12": {
        "id": 12,
        "type": 1,
        "type_des": "修改公告",
        "count": 1,
        "des_0": "<color>r=28,g=135,b=244</color><text>%s</text><text>修改了公会公告。</text>",
        "des_1": "",
        "des_2": "",
        "des_3": ""
    },
    "13": {
        "id": 13,
        "type": 1,
        "type_des": "修改说明",
        "count": 1,
        "des_0": "<color>r=28,g=135,b=244</color><text>%s</text><text>修改了公会说明。</text>",
        "des_1": "",
        "des_2": "",
        "des_3": ""
    },
    "14": {
        "id": 14,
        "type": 1,
        "type_des": "公会升级",
        "count": 1,
        "des_0": "<text>公会升级到了</text><color>r=255,g=80,b=0</color><text>%d</text><text>级。</text>",
        "des_1": "",
        "des_2": "",
        "des_3": ""
    },
    "15": {
        "id": 15,
        "type": 1,
        "type_des": "技能升级",
        "count": 1,
        "des_0": "<text>公会技能</text><color>r=254,g=34,b=236</color><text>%s</text><text>升到了</text></text><color>r=255,g=80,b=0</color><text>%d</text><text>级。</text>",
        "des_1": "",
        "des_2": "",
        "des_3": ""
    },
    "16": {
        "id": 16,
        "type": 1,
        "type_des": "技能重置",
        "count": 1,
        "des_0": "<color>r=28,g=135,b=244</color><text>%s</text><text>重置了公会技能点数。</text>",
        "des_1": "",
        "des_2": "",
        "des_3": ""
    },
    "17": {
        "id": 17,
        "type": 1,
        "type_des": "发起弹劾",
        "count": 1,
        "des_0": "<color>r=28,g=135,b=244</color><text>%s</text><text>发起了弹劾。</text>",
        "des_1": "",
        "des_2": "",
        "des_3": ""
    },
    "18": {
        "id": 18,
        "type": 1,
        "type_des": "驳回弹劾",
        "count": 1,
        "des_0": "<color>r=28,g=135,b=244</color><text>%s</text><text>驳回了弹劾。</text>",
        "des_1": "",
        "des_2": "",
        "des_3": ""
    },
    "19": {
        "id": 19,
        "type": 1,
        "type_des": "弹劾成功",
        "count": 1,
        "des_0": "<color>r=28,g=135,b=244</color><text>%s</text><text>弹劾成功，取代</text><color>r=28,g=135,b=244</color><text>%s</text><text>成为了新一任会长。</text>",
        "des_1": "",
        "des_2": "",
        "des_3": ""
    },
    "20": {
        "id": 20,
        "type": 2,
        "type_des": "BOSS杂物投喂",
        "count": 1,
        "des_0": "<color>r=28,g=135,b=244</color><text>%s</text><text>对公会BOSS进行了杂物投喂，使其增长了</text><color>r=255,g=80,b=0</color><text>%s</text><text>点成长值。</text>",
        "des_1": "",
        "des_2": "",
        "des_3": ""
    },
    "21": {
        "id": 21,
        "type": 2,
        "type_des": "BOSS饲料投喂",
        "count": 1,
        "des_0": "<color>r=28,g=135,b=244</color><text>%s</text><text>对公会BOSS进行了饲料投喂，使其增长了</text><color>r=255,g=80,b=0</color><text>%s</text><text>点成长值。</text>",
        "des_1": "",
        "des_2": "",
        "des_3": ""
    },
    "22": {
        "id": 22,
        "type": 1,
        "type_des": "BOSS蛋领养",
        "count": 1,
        "des_0": "<color>r=28,g=135,b=244</color><text>%s</text><text>领养了一枚</text><color>r=255,g=80,b=0</color><text>%s</text><text>蛋。</text>",
        "des_1": "",
        "des_2": "",
        "des_3": ""
    },
    "23": {
        "id": 23,
        "type": 1,
        "type_des": "公会BOSS开启",
        "count": 1,
        "des_0": "<color>r=28,g=135,b=244</color><text>%s</text><text>开启了公会BOSS。</text>",
        "des_1": "",
        "des_2": "",
        "des_3": ""
    },
    "24": {
        "id": 24,
        "type": 1,
        "type_des": "BOSS成功击杀",
        "count": 1,
        "des_0": "公会BOSS击杀成功，庆功宴顺利开启。",
        "des_1": "",
        "des_2": "",
        "des_3": ""
    },
    "25": {
        "id": 25,
        "type": 1,
        "type_des": "BOSS未能击杀",
        "count": 1,
        "des_0": "公会BOSS未能击杀。",
        "des_1": "",
        "des_2": "",
        "des_3": ""
    },
    "26": {
        "id": 26,
        "type": 1,
        "type_des": "公会宴会加菜",
        "count": 1,
        "des_0": "<color>r=28,g=135,b=244</color><text>%s</text><text>在庆功宴中一掷千金，为大家加了一道菜。</text>",
        "des_1": "",
        "des_2": "",
        "des_3": ""
    },
    "27": {
        "id": 27,
        "type": 1,
        "type_des": "被副会长弹劾",
        "count": 1,
        "des_0": "<text>会长</text><color>r=28,g=135,b=244</color><text>%s</text><text>超过5天未登录游戏，自动禅让予副会长</text><color>r=28,g=135,b=244</color><text>%s</text><text>，原会长降为副会长。</text>",
        "des_1": "",
        "des_2": "",
        "des_3": ""
    },
    "28": {
        "id": 28,
        "type": 1,
        "type_des": "被成员弹劾",
        "count": 1,
        "des_0": "<text>会长</text><color>r=28,g=135,b=244</color><text>%s</text><text>超过5天未登录游戏，自动禅让予</text><color>r=28,g=135,b=244</color><text>%s</text><text>，原会长降为成员。</text>",
        "des_1": "",
        "des_2": "",
        "des_3": ""
    },
    "29": {
        "id": 29,
        "type": 3,
        "type_des": "开启副本日志",
        "count": 1,
        "des_0": "<text>%s</text><color>r=28,g=135,b=244</color><text>%s</text><text>开启了公会副本：</text><color>r=255,g=80,b=0</color><text>%s</text><text>。</text>",
        "des_1": "",
        "des_2": "",
        "des_3": ""
    },
    "30": {
        "id": 30,
        "type": 3,
        "type_des": "副本击杀怪物日志",
        "count": 1,
        "des_0": "<text>%s</text><color>r=28,g=135,b=244</color><text>%s</text><text>击杀了</text><color>r=241,g=34,b=0</color><text>%s</text><text>。</text>",
        "des_1": "",
        "des_2": "",
        "des_3": ""
    },
    "31": {
        "id": 31,
        "type": 3,
        "type_des": "副本通关日志",
        "count": 1,
        "des_0": "<text>公会副本：</text><color>r=255,g=80,b=0</color><text>%s</text><text>已顺利通关！</text>",
        "des_1": "",
        "des_2": "",
        "des_3": ""
    },
    "32": {
        "id": 32,
        "type": 3,
        "type_des": "副本购买挑战次数",
        "count": 1,
        "des_0": "<text>%s</text><color>r=28,g=135,b=244</color><text>%s</text><text>购买了一次挑战次数。</text>",
        "des_1": "",
        "des_2": "",
        "des_3": ""
    },
    "33": {
        "id": 33,
        "type": 4,
        "type_des": "副本伤害日志",
        "count": 1,
        "des_0": "<text>%s</text><color>r=28,g=135,b=244</color><text>%s</text><text>对</text><color>r=241,g=34,b=0</color><text>%s</text><text>造成了</text><color>r=255,g=80,b=0</color><text>%s%%</text><text>伤害。</text>",
        "des_1": "",
        "des_2": "",
        "des_3": ""
    }}
