{
    "100100": {
        "id": 100100,
        "des": "受击-基础刀光-00",
        "effects_spx_id": 9001000,
        "effects_action_id": 0,
        "play_speed": -1,
        "blend_active": 1
    },
    "100101": {
        "id": 100101,
        "des": "受击-基础刀光-30",
        "effects_spx_id": 9001000,
        "effects_action_id": 1,
        "play_speed": -1,
        "blend_active": 1
    },
    "100102": {
        "id": 100102,
        "des": "受击-基础刀光-70",
        "effects_spx_id": 9001000,
        "effects_action_id": 2,
        "play_speed": -1,
        "blend_active": 1
    },
    "100103": {
        "id": 100103,
        "des": "受击-基础刀光-120",
        "effects_spx_id": 9001000,
        "effects_action_id": 3,
        "play_speed": -1,
        "blend_active": 1
    },
    "100200": {
        "id": 100200,
        "des": "受击-大型刀光-00",
        "effects_spx_id": 9001001,
        "effects_action_id": 0,
        "play_speed": -1,
        "blend_active": 1
    },
    "100201": {
        "id": 100201,
        "des": "受击-大型刀光-30",
        "effects_spx_id": 9001001,
        "effects_action_id": 1,
        "play_speed": -1,
        "blend_active": 1
    },
    "100202": {
        "id": 100202,
        "des": "受击-大型刀光-70",
        "effects_spx_id": 9001001,
        "effects_action_id": 2,
        "play_speed": -1,
        "blend_active": 1
    },
    "100203": {
        "id": 100203,
        "des": "受击-大型刀光-120",
        "effects_spx_id": 9001001,
        "effects_action_id": 3,
        "play_speed": -1,
        "blend_active": 1
    },
    "300100": {
        "id": 300100,
        "des": "受击-光波-白",
        "effects_spx_id": 9003001,
        "effects_action_id": 0,
        "play_speed": -1,
        "blend_active": 1
    },
    "300101": {
        "id": 300101,
        "des": "受击-光波-绿",
        "effects_spx_id": 9003001,
        "effects_action_id": 1,
        "play_speed": -1,
        "blend_active": 1
    },
    "300102": {
        "id": 300102,
        "des": "受击-光波-蓝",
        "effects_spx_id": 9003001,
        "effects_action_id": 2,
        "play_speed": -1,
        "blend_active": 1
    },
    "300103": {
        "id": 300103,
        "des": "受击-光波-紫",
        "effects_spx_id": 9003001,
        "effects_action_id": 3,
        "play_speed": -1,
        "blend_active": 1
    },
    "300104": {
        "id": 300104,
        "des": "受击-光波-橙",
        "effects_spx_id": 9003001,
        "effects_action_id": 4,
        "play_speed": -1,
        "blend_active": 1
    },
    "300105": {
        "id": 300105,
        "des": "受击-光波-红",
        "effects_spx_id": 9003001,
        "effects_action_id": 5,
        "play_speed": -1,
        "blend_active": 1
    },
    "300300": {
        "id": 300300,
        "des": "受击-光斑光波-白",
        "effects_spx_id": 9003003,
        "effects_action_id": 0,
        "play_speed": -1,
        "blend_active": 1
    },
    "300301": {
        "id": 300301,
        "des": "受击-光斑光波-绿",
        "effects_spx_id": 9003003,
        "effects_action_id": 1,
        "play_speed": -1,
        "blend_active": 1
    },
    "300302": {
        "id": 300302,
        "des": "受击-光斑光波-蓝",
        "effects_spx_id": 9003003,
        "effects_action_id": 2,
        "play_speed": -1,
        "blend_active": 1
    },
    "300303": {
        "id": 300303,
        "des": "受击-光斑光波-紫",
        "effects_spx_id": 9003003,
        "effects_action_id": 3,
        "play_speed": -1,
        "blend_active": 1
    },
    "300304": {
        "id": 300304,
        "des": "受击-光斑光波-橙",
        "effects_spx_id": 9003003,
        "effects_action_id": 4,
        "play_speed": -1,
        "blend_active": 1
    },
    "300305": {
        "id": 300305,
        "des": "受击-光斑光波-红",
        "effects_spx_id": 9003003,
        "effects_action_id": 5,
        "play_speed": -1,
        "blend_active": 1
    },
    "300400": {
        "id": 300400,
        "des": "受击-碎片光波-白",
        "effects_spx_id": 9003004,
        "effects_action_id": 0,
        "play_speed": -1,
        "blend_active": 1
    },
    "300401": {
        "id": 300401,
        "des": "受击-碎片光波-绿",
        "effects_spx_id": 9003004,
        "effects_action_id": 1,
        "play_speed": -1,
        "blend_active": 1
    },
    "300402": {
        "id": 300402,
        "des": "受击-碎片光波-蓝",
        "effects_spx_id": 9003004,
        "effects_action_id": 2,
        "play_speed": -1,
        "blend_active": 1
    },
    "300403": {
        "id": 300403,
        "des": "受击-碎片光波-紫",
        "effects_spx_id": 9003004,
        "effects_action_id": 3,
        "play_speed": -1,
        "blend_active": 1
    },
    "300404": {
        "id": 300404,
        "des": "受击-碎片光波-橙",
        "effects_spx_id": 9003004,
        "effects_action_id": 4,
        "play_speed": -1,
        "blend_active": 1
    },
    "300405": {
        "id": 300405,
        "des": "受击-碎片光波-红",
        "effects_spx_id": 9003004,
        "effects_action_id": 5,
        "play_speed": -1,
        "blend_active": 1
    },
    "300500": {
        "id": 300500,
        "des": "受击-黑暗爆炸",
        "effects_spx_id": 9004000,
        "effects_action_id": 0,
        "play_speed": -1,
        "blend_active": -1
    },
    "300600": {
        "id": 300600,
        "des": "受击-高光爆炸-斜1",
        "effects_spx_id": 9005000,
        "effects_action_id": 0,
        "play_speed": -1,
        "blend_active": 1
    },
    "300700": {
        "id": 300700,
        "des": "受击-红色爆炸-火焰",
        "effects_spx_id": 9005001,
        "effects_action_id": 0,
        "play_speed": -1,
        "blend_active": -1
    },
    "300800": {
        "id": 300800,
        "des": "受击-蓝色爆炸-冰块",
        "effects_spx_id": 9006000,
        "effects_action_id": 0,
        "play_speed": -1,
        "blend_active": 1
    },
    "300900": {
        "id": 300900,
        "des": "受击-蓝色爆炸-能量",
        "effects_spx_id": 9006001,
        "effects_action_id": 0,
        "play_speed": -1,
        "blend_active": 1
    },
    "301000": {
        "id": 301000,
        "des": "受击-蓝色爆炸-雷电",
        "effects_spx_id": 9006002,
        "effects_action_id": 0,
        "play_speed": -1,
        "blend_active": 1
    },
    "301100": {
        "id": 301100,
        "des": "受击-紫色爆炸-雷电",
        "effects_spx_id": 9007000,
        "effects_action_id": 0,
        "play_speed": -1,
        "blend_active": 1
    },
    "301101": {
        "id": 301101,
        "des": "受击-蓝色爆炸-水滴",
        "effects_spx_id": 20282,
        "effects_action_id": 0,
        "play_speed": -1,
        "blend_active": 1
    }}
