{
    "1010": {
        "information_id": 1010,
        "boss_name": "吕布",
        "boss_name_path": "ccbResources/battle_ui/BossInformation/Name_lvbu.png",
        "boss_mapRoleId": 11,
        "boss_aptitude": "ccbResources/battle_ui/BossInformation/ZizhiA.png",
        "boss_des": "ccbResources/battle_ui/BossInformation/Detail_lvbu.png"
    },
    "1020": {
        "information_id": 1020,
        "boss_name": "司马懿",
        "boss_name_path": "ccbResources/battle_ui/BossInformation/Name_simayi.png",
        "boss_mapRoleId": 12,
        "boss_aptitude": "ccbResources/battle_ui/BossInformation/ZizhiA.png",
        "boss_des": "ccbResources/battle_ui/BossInformation/Detail_simayi.png"
    },
    "1030": {
        "information_id": 1030,
        "boss_name": "黄忠",
        "boss_name_path": "ccbResources/battle_ui/BossInformation/Name_huangzhong.png",
        "boss_mapRoleId": 18,
        "boss_aptitude": "ccbResources/battle_ui/BossInformation/ZizhiA.png",
        "boss_des": "ccbResources/battle_ui/BossInformation/Detail_huangzhong.png"
    },
    "1040": {
        "information_id": 1040,
        "boss_name": "小乔",
        "boss_name_path": "ccbResources/battle_ui/BossInformation/Name_xiaoqiao.png",
        "boss_mapRoleId": 9,
        "boss_aptitude": "ccbResources/battle_ui/BossInformation/ZizhiA.png",
        "boss_des": "ccbResources/battle_ui/BossInformation/Detail_xiaoqiao.png"
    },
    "1050": {
        "information_id": 1050,
        "boss_name": "张角",
        "boss_name_path": "ccbResources/battle_ui/BossInformation/Name_zhangjiao.png",
        "boss_mapRoleId": 22,
        "boss_aptitude": "ccbResources/battle_ui/BossInformation/ZizhiS.png",
        "boss_des": "ccbResources/battle_ui/BossInformation/Detail_zhangjiao.png"
    },
    "1060": {
        "information_id": 1060,
        "boss_name": "袁绍",
        "boss_name_path": "ccbResources/battle_ui/BossInformation/Name_yuanshao.png",
        "boss_mapRoleId": 23,
        "boss_aptitude": "ccbResources/battle_ui/BossInformation/ZizhiS.png",
        "boss_des": "ccbResources/battle_ui/BossInformation/Detail_yuanshao.png"
    },
    "1070": {
        "information_id": 1070,
        "boss_name": "诸葛亮",
        "boss_name_path": "ccbResources/battle_ui/BossInformation/Name_zhugeliang.png",
        "boss_mapRoleId": 2,
        "boss_aptitude": "ccbResources/battle_ui/BossInformation/ZizhiA.png",
        "boss_des": "ccbResources/battle_ui/BossInformation/Detail_zhugeliang.png"
    },
    "1080": {
        "information_id": 1080,
        "boss_name": "孙尚香",
        "boss_name_path": "ccbResources/battle_ui/BossInformation/Name_sunshangxiang.png",
        "boss_mapRoleId": 15,
        "boss_aptitude": "ccbResources/battle_ui/BossInformation/ZizhiA.png",
        "boss_des": "ccbResources/battle_ui/BossInformation/Detail_sunshangxiang.png"
    },
    "1090": {
        "information_id": 1090,
        "boss_name": "关羽",
        "boss_name_path": "ccbResources/battle_ui/BossInformation/Name_guanyu.png",
        "boss_mapRoleId": 17,
        "boss_aptitude": "ccbResources/battle_ui/BossInformation/ZizhiS.png",
        "boss_des": "ccbResources/battle_ui/BossInformation/Detail_guanyu.png"
    },
    "1100": {
        "information_id": 1100,
        "boss_name": "周瑜",
        "boss_name_path": "ccbResources/battle_ui/BossInformation/Name_zhouyu.png",
        "boss_mapRoleId": 13,
        "boss_aptitude": "ccbResources/battle_ui/BossInformation/ZizhiA.png",
        "boss_des": "ccbResources/battle_ui/BossInformation/Detail_zhouyu.png"
    },
    "1110": {
        "information_id": 1110,
        "boss_name": "张飞",
        "boss_name_path": "ccbResources/battle_ui/BossInformation/Name_zhangfei.png",
        "boss_mapRoleId": 14,
        "boss_aptitude": "ccbResources/battle_ui/BossInformation/ZizhiA.png",
        "boss_des": "ccbResources/battle_ui/BossInformation/Detail_zhangfei.png"
    },
    "1120": {
        "information_id": 1120,
        "boss_name": "孙权",
        "boss_name_path": "ccbResources/battle_ui/BossInformation/Name_sunquan.png",
        "boss_mapRoleId": 19,
        "boss_aptitude": "ccbResources/battle_ui/BossInformation/ZizhiS.png",
        "boss_des": "ccbResources/battle_ui/BossInformation/Detail_sunquan.png"
    }}
