{
    "1": {
        "animal_id": 1,
        "name": "炸弹魔",
        "init_level": 10,
        "max_grow": [1,50],
        "zone_bosses": [791001,791100],
        "map_roleName": "炸弹魔",
        "feature": [301,208,1031],
        "battle_bg": 7,
        "map_role": ""
    },
    "8000000": {
        "animal_id": 8000000,
        "name": "秘宝猛兽",
        "init_level": 60,
        "max_grow": [1,50],
        "zone_bosses": [800000],
        "map_roleName": "秘宝猛兽",
        "feature": [1108,1134,1111],
        "battle_bg": 22,
        "map_role": "800"
    }}
