{
    "1": {
        "level": 1,
        "general_count": 3,
        "general_level": 1,
        "general_step": 0,
        "equip_level": 1,
        "skill_level": 1,
        "equip_forge": 1,
        "general_star": 1,
        "equip_carve": 0,
        "card_num": 2,
        "animal_level": 0
    },
    "2": {
        "level": 2,
        "general_count": 3,
        "general_level": 1,
        "general_step": 0,
        "equip_level": 1,
        "skill_level": 1,
        "equip_forge": 1,
        "general_star": 1,
        "equip_carve": 0,
        "card_num": 2,
        "animal_level": 0
    },
    "3": {
        "level": 3,
        "general_count": 3,
        "general_level": 2,
        "general_step": 0,
        "equip_level": 1,
        "skill_level": 2,
        "equip_forge": 1,
        "general_star": 1,
        "equip_carve": 0,
        "card_num": 2,
        "animal_level": 0
    },
    "4": {
        "level": 4,
        "general_count": 3,
        "general_level": 3,
        "general_step": 0,
        "equip_level": 2,
        "skill_level": 3,
        "equip_forge": 1,
        "general_star": 1,
        "equip_carve": 0,
        "card_num": 2,
        "animal_level": 0
    },
    "5": {
        "level": 5,
        "general_count": 3,
        "general_level": 4,
        "general_step": 0,
        "equip_level": 3,
        "skill_level": 4,
        "equip_forge": 1,
        "general_star": 1,
        "equip_carve": 0,
        "card_num": 2,
        "animal_level": 0
    },
    "6": {
        "level": 6,
        "general_count": 3,
        "general_level": 5,
        "general_step": 0,
        "equip_level": 4,
        "skill_level": 5,
        "equip_forge": 1,
        "general_star": 1,
        "equip_carve": 0,
        "card_num": 2,
        "animal_level": 0
    },
    "7": {
        "level": 7,
        "general_count": 3,
        "general_level": 6,
        "general_step": 0,
        "equip_level": 5,
        "skill_level": 6,
        "equip_forge": 1,
        "general_star": 1,
        "equip_carve": 0,
        "card_num": 2,
        "animal_level": 0
    },
    "8": {
        "level": 8,
        "general_count": 3,
        "general_level": 7,
        "general_step": 1,
        "equip_level": 6,
        "skill_level": 7,
        "equip_forge": 1,
        "general_star": 1,
        "equip_carve": 0,
        "card_num": 2,
        "animal_level": 0
    },
    "9": {
        "level": 9,
        "general_count": 3,
        "general_level": 8,
        "general_step": 1,
        "equip_level": 7,
        "skill_level": 8,
        "equip_forge": 1,
        "general_star": 1,
        "equip_carve": 0,
        "card_num": 2,
        "animal_level": 0
    },
    "10": {
        "level": 10,
        "general_count": 3,
        "general_level": 9,
        "general_step": 1,
        "equip_level": 8,
        "skill_level": 9,
        "equip_forge": 1,
        "general_star": 1,
        "equip_carve": 0,
        "card_num": 3,
        "animal_level": 0
    },
    "11": {
        "level": 11,
        "general_count": 4,
        "general_level": 10,
        "general_step": 1,
        "equip_level": 9,
        "skill_level": 10,
        "equip_forge": 1,
        "general_star": 1,
        "equip_carve": 0,
        "card_num": 3,
        "animal_level": 0
    },
    "12": {
        "level": 12,
        "general_count": 4,
        "general_level": 11,
        "general_step": 1,
        "equip_level": 10,
        "skill_level": 11,
        "equip_forge": 1,
        "general_star": 1,
        "equip_carve": 0,
        "card_num": 3,
        "animal_level": 0
    },
    "13": {
        "level": 13,
        "general_count": 4,
        "general_level": 12,
        "general_step": 1,
        "equip_level": 11,
        "skill_level": 12,
        "equip_forge": 1,
        "general_star": 1,
        "equip_carve": 0,
        "card_num": 3,
        "animal_level": 0
    },
    "14": {
        "level": 14,
        "general_count": 4,
        "general_level": 13,
        "general_step": 1,
        "equip_level": 12,
        "skill_level": 13,
        "equip_forge": 1,
        "general_star": 1,
        "equip_carve": 0,
        "card_num": 3,
        "animal_level": 0
    },
    "15": {
        "level": 15,
        "general_count": 4,
        "general_level": 14,
        "general_step": 2,
        "equip_level": 13,
        "skill_level": 14,
        "equip_forge": 2,
        "general_star": 1,
        "equip_carve": 0,
        "card_num": 3,
        "animal_level": 0
    },
    "16": {
        "level": 16,
        "general_count": 4,
        "general_level": 15,
        "general_step": 2,
        "equip_level": 14,
        "skill_level": 15,
        "equip_forge": 2,
        "general_star": 1,
        "equip_carve": 0,
        "card_num": 5,
        "animal_level": 0
    },
    "17": {
        "level": 17,
        "general_count": 4,
        "general_level": 16,
        "general_step": 2,
        "equip_level": 15,
        "skill_level": 16,
        "equip_forge": 2,
        "general_star": 1,
        "equip_carve": 0,
        "card_num": 5,
        "animal_level": 0
    },
    "18": {
        "level": 18,
        "general_count": 5,
        "general_level": 17,
        "general_step": 2,
        "equip_level": 16,
        "skill_level": 17,
        "equip_forge": 2,
        "general_star": 1,
        "equip_carve": 0,
        "card_num": 5,
        "animal_level": 0
    },
    "19": {
        "level": 19,
        "general_count": 5,
        "general_level": 18,
        "general_step": 2,
        "equip_level": 17,
        "skill_level": 18,
        "equip_forge": 2,
        "general_star": 1,
        "equip_carve": 0,
        "card_num": 5,
        "animal_level": 0
    },
    "20": {
        "level": 20,
        "general_count": 5,
        "general_level": 19,
        "general_step": 2,
        "equip_level": 18,
        "skill_level": 19,
        "equip_forge": 2,
        "general_star": 1,
        "equip_carve": 0,
        "card_num": 5,
        "animal_level": 0
    },
    "21": {
        "level": 21,
        "general_count": 5,
        "general_level": 20,
        "general_step": 3,
        "equip_level": 19,
        "skill_level": 20,
        "equip_forge": 2,
        "general_star": 2,
        "equip_carve": 0,
        "card_num": 5,
        "animal_level": 0
    },
    "22": {
        "level": 22,
        "general_count": 5,
        "general_level": 21,
        "general_step": 3,
        "equip_level": 20,
        "skill_level": 21,
        "equip_forge": 2,
        "general_star": 2,
        "equip_carve": 0,
        "card_num": 5,
        "animal_level": 0
    },
    "23": {
        "level": 23,
        "general_count": 5,
        "general_level": 22,
        "general_step": 3,
        "equip_level": 21,
        "skill_level": 22,
        "equip_forge": 2,
        "general_star": 2,
        "equip_carve": 0,
        "card_num": 5,
        "animal_level": 1
    },
    "24": {
        "level": 24,
        "general_count": 5,
        "general_level": 23,
        "general_step": 3,
        "equip_level": 22,
        "skill_level": 23,
        "equip_forge": 3,
        "general_star": 2,
        "equip_carve": 0,
        "card_num": 5,
        "animal_level": 1
    },
    "25": {
        "level": 25,
        "general_count": 5,
        "general_level": 24,
        "general_step": 3,
        "equip_level": 23,
        "skill_level": 24,
        "equip_forge": 3,
        "general_star": 2,
        "equip_carve": 0,
        "card_num": 5,
        "animal_level": 1
    },
    "26": {
        "level": 26,
        "general_count": 6,
        "general_level": 25,
        "general_step": 4,
        "equip_level": 24,
        "skill_level": 25,
        "equip_forge": 3,
        "general_star": 2,
        "equip_carve": 0,
        "card_num": 6,
        "animal_level": 1
    },
    "27": {
        "level": 27,
        "general_count": 6,
        "general_level": 26,
        "general_step": 4,
        "equip_level": 25,
        "skill_level": 26,
        "equip_forge": 3,
        "general_star": 2,
        "equip_carve": 0,
        "card_num": 6,
        "animal_level": 1
    },
    "28": {
        "level": 28,
        "general_count": 6,
        "general_level": 27,
        "general_step": 4,
        "equip_level": 26,
        "skill_level": 27,
        "equip_forge": 3,
        "general_star": 2,
        "equip_carve": 0,
        "card_num": 6,
        "animal_level": 1
    },
    "29": {
        "level": 29,
        "general_count": 6,
        "general_level": 28,
        "general_step": 4,
        "equip_level": 27,
        "skill_level": 28,
        "equip_forge": 3,
        "general_star": 2,
        "equip_carve": 0,
        "card_num": 6,
        "animal_level": 1
    },
    "30": {
        "level": 30,
        "general_count": 6,
        "general_level": 29,
        "general_step": 4,
        "equip_level": 28,
        "skill_level": 29,
        "equip_forge": 4,
        "general_star": 3,
        "equip_carve": 1,
        "card_num": 6,
        "animal_level": 1
    },
    "31": {
        "level": 31,
        "general_count": 6,
        "general_level": 30,
        "general_step": 5,
        "equip_level": 29,
        "skill_level": 30,
        "equip_forge": 4,
        "general_star": 3,
        "equip_carve": 1,
        "card_num": 8,
        "animal_level": 1
    },
    "32": {
        "level": 32,
        "general_count": 6,
        "general_level": 31,
        "general_step": 5,
        "equip_level": 30,
        "skill_level": 31,
        "equip_forge": 4,
        "general_star": 3,
        "equip_carve": 1,
        "card_num": 8,
        "animal_level": 1
    },
    "33": {
        "level": 33,
        "general_count": 7,
        "general_level": 32,
        "general_step": 5,
        "equip_level": 31,
        "skill_level": 32,
        "equip_forge": 4,
        "general_star": 3,
        "equip_carve": 1,
        "card_num": 8,
        "animal_level": 1
    },
    "34": {
        "level": 34,
        "general_count": 7,
        "general_level": 33,
        "general_step": 5,
        "equip_level": 32,
        "skill_level": 33,
        "equip_forge": 4,
        "general_star": 3,
        "equip_carve": 1,
        "card_num": 8,
        "animal_level": 1
    },
    "35": {
        "level": 35,
        "general_count": 7,
        "general_level": 34,
        "general_step": 5,
        "equip_level": 33,
        "skill_level": 34,
        "equip_forge": 4,
        "general_star": 3,
        "equip_carve": 2,
        "card_num": 8,
        "animal_level": 1
    },
    "36": {
        "level": 36,
        "general_count": 7,
        "general_level": 35,
        "general_step": 6,
        "equip_level": 34,
        "skill_level": 35,
        "equip_forge": 5,
        "general_star": 3,
        "equip_carve": 2,
        "card_num": 9,
        "animal_level": 1
    },
    "37": {
        "level": 37,
        "general_count": 7,
        "general_level": 36,
        "general_step": 6,
        "equip_level": 35,
        "skill_level": 36,
        "equip_forge": 5,
        "general_star": 3,
        "equip_carve": 2,
        "card_num": 9,
        "animal_level": 2
    },
    "38": {
        "level": 38,
        "general_count": 7,
        "general_level": 37,
        "general_step": 6,
        "equip_level": 36,
        "skill_level": 37,
        "equip_forge": 5,
        "general_star": 3,
        "equip_carve": 2,
        "card_num": 9,
        "animal_level": 2
    },
    "39": {
        "level": 39,
        "general_count": 7,
        "general_level": 38,
        "general_step": 6,
        "equip_level": 37,
        "skill_level": 38,
        "equip_forge": 5,
        "general_star": 3,
        "equip_carve": 2,
        "card_num": 9,
        "animal_level": 2
    },
    "40": {
        "level": 40,
        "general_count": 8,
        "general_level": 39,
        "general_step": 6,
        "equip_level": 38,
        "skill_level": 39,
        "equip_forge": 5,
        "general_star": 3,
        "equip_carve": 3,
        "card_num": 9,
        "animal_level": 2
    },
    "41": {
        "level": 41,
        "general_count": 8,
        "general_level": 40,
        "general_step": 7,
        "equip_level": 39,
        "skill_level": 40,
        "equip_forge": 5,
        "general_star": 4,
        "equip_carve": 3,
        "card_num": 9,
        "animal_level": 2
    },
    "42": {
        "level": 42,
        "general_count": 8,
        "general_level": 41,
        "general_step": 7,
        "equip_level": 40,
        "skill_level": 41,
        "equip_forge": 6,
        "general_star": 4,
        "equip_carve": 3,
        "card_num": 9,
        "animal_level": 2
    },
    "43": {
        "level": 43,
        "general_count": 8,
        "general_level": 42,
        "general_step": 7,
        "equip_level": 41,
        "skill_level": 42,
        "equip_forge": 6,
        "general_star": 4,
        "equip_carve": 3,
        "card_num": 9,
        "animal_level": 2
    },
    "44": {
        "level": 44,
        "general_count": 8,
        "general_level": 43,
        "general_step": 7,
        "equip_level": 42,
        "skill_level": 43,
        "equip_forge": 6,
        "general_star": 4,
        "equip_carve": 3,
        "card_num": 9,
        "animal_level": 2
    },
    "45": {
        "level": 45,
        "general_count": 8,
        "general_level": 44,
        "general_step": 8,
        "equip_level": 43,
        "skill_level": 44,
        "equip_forge": 6,
        "general_star": 4,
        "equip_carve": 4,
        "card_num": 9,
        "animal_level": 2
    },
    "46": {
        "level": 46,
        "general_count": 8,
        "general_level": 45,
        "general_step": 8,
        "equip_level": 44,
        "skill_level": 45,
        "equip_forge": 7,
        "general_star": 4,
        "equip_carve": 4,
        "card_num": 9,
        "animal_level": 2
    },
    "47": {
        "level": 47,
        "general_count": 8,
        "general_level": 46,
        "general_step": 8,
        "equip_level": 45,
        "skill_level": 46,
        "equip_forge": 7,
        "general_star": 4,
        "equip_carve": 4,
        "card_num": 9,
        "animal_level": 3
    },
    "48": {
        "level": 48,
        "general_count": 8,
        "general_level": 47,
        "general_step": 8,
        "equip_level": 46,
        "skill_level": 47,
        "equip_forge": 7,
        "general_star": 4,
        "equip_carve": 4,
        "card_num": 9,
        "animal_level": 3
    },
    "49": {
        "level": 49,
        "general_count": 8,
        "general_level": 48,
        "general_step": 9,
        "equip_level": 47,
        "skill_level": 48,
        "equip_forge": 7,
        "general_star": 4,
        "equip_carve": 4,
        "card_num": 9,
        "animal_level": 3
    },
    "50": {
        "level": 50,
        "general_count": 8,
        "general_level": 49,
        "general_step": 9,
        "equip_level": 48,
        "skill_level": 49,
        "equip_forge": 8,
        "general_star": 4,
        "equip_carve": 4,
        "card_num": 9,
        "animal_level": 3
    },
    "51": {
        "level": 51,
        "general_count": 8,
        "general_level": 50,
        "general_step": 9,
        "equip_level": 49,
        "skill_level": 50,
        "equip_forge": 8,
        "general_star": 5,
        "equip_carve": 5,
        "card_num": 9,
        "animal_level": 3
    },
    "52": {
        "level": 52,
        "general_count": 8,
        "general_level": 51,
        "general_step": 9,
        "equip_level": 50,
        "skill_level": 51,
        "equip_forge": 8,
        "general_star": 5,
        "equip_carve": 5,
        "card_num": 9,
        "animal_level": 3
    },
    "53": {
        "level": 53,
        "general_count": 8,
        "general_level": 52,
        "general_step": 10,
        "equip_level": 51,
        "skill_level": 52,
        "equip_forge": 8,
        "general_star": 5,
        "equip_carve": 5,
        "card_num": 9,
        "animal_level": 3
    },
    "54": {
        "level": 54,
        "general_count": 8,
        "general_level": 53,
        "general_step": 10,
        "equip_level": 52,
        "skill_level": 53,
        "equip_forge": 9,
        "general_star": 5,
        "equip_carve": 5,
        "card_num": 9,
        "animal_level": 3
    },
    "55": {
        "level": 55,
        "general_count": 8,
        "general_level": 54,
        "general_step": 10,
        "equip_level": 53,
        "skill_level": 54,
        "equip_forge": 9,
        "general_star": 5,
        "equip_carve": 5,
        "card_num": 9,
        "animal_level": 3
    },
    "56": {
        "level": 56,
        "general_count": 8,
        "general_level": 55,
        "general_step": 10,
        "equip_level": 54,
        "skill_level": 55,
        "equip_forge": 9,
        "general_star": 5,
        "equip_carve": 5,
        "card_num": 9,
        "animal_level": 3
    },
    "57": {
        "level": 57,
        "general_count": 8,
        "general_level": 56,
        "general_step": 11,
        "equip_level": 55,
        "skill_level": 56,
        "equip_forge": 9,
        "general_star": 5,
        "equip_carve": 5,
        "card_num": 9,
        "animal_level": 3
    },
    "58": {
        "level": 58,
        "general_count": 8,
        "general_level": 57,
        "general_step": 11,
        "equip_level": 56,
        "skill_level": 57,
        "equip_forge": 10,
        "general_star": 5,
        "equip_carve": 5,
        "card_num": 9,
        "animal_level": 3
    },
    "59": {
        "level": 59,
        "general_count": 8,
        "general_level": 58,
        "general_step": 11,
        "equip_level": 57,
        "skill_level": 58,
        "equip_forge": 10,
        "general_star": 5,
        "equip_carve": 5,
        "card_num": 9,
        "animal_level": 3
    },
    "60": {
        "level": 60,
        "general_count": 8,
        "general_level": 59,
        "general_step": 11,
        "equip_level": 58,
        "skill_level": 59,
        "equip_forge": 10,
        "general_star": 5,
        "equip_carve": 5,
        "card_num": 9,
        "animal_level": 3
    },
    "61": {
        "level": 61,
        "general_count": 8,
        "general_level": 60,
        "general_step": 12,
        "equip_level": 59,
        "skill_level": 60,
        "equip_forge": 10,
        "general_star": 6,
        "equip_carve": 5,
        "card_num": 9,
        "animal_level": 3
    },
    "62": {
        "level": 62,
        "general_count": 8,
        "general_level": 61,
        "general_step": 12,
        "equip_level": 60,
        "skill_level": 61,
        "equip_forge": 11,
        "general_star": 6,
        "equip_carve": 5,
        "card_num": 9,
        "animal_level": 3
    },
    "63": {
        "level": 63,
        "general_count": 8,
        "general_level": 62,
        "general_step": 12,
        "equip_level": 61,
        "skill_level": 62,
        "equip_forge": 11,
        "general_star": 6,
        "equip_carve": 5,
        "card_num": 9,
        "animal_level": 3
    },
    "64": {
        "level": 64,
        "general_count": 8,
        "general_level": 63,
        "general_step": 12,
        "equip_level": 62,
        "skill_level": 63,
        "equip_forge": 11,
        "general_star": 6,
        "equip_carve": 5,
        "card_num": 9,
        "animal_level": 3
    },
    "65": {
        "level": 65,
        "general_count": 8,
        "general_level": 64,
        "general_step": 12,
        "equip_level": 63,
        "skill_level": 64,
        "equip_forge": 11,
        "general_star": 6,
        "equip_carve": 5,
        "card_num": 9,
        "animal_level": 3
    },
    "66": {
        "level": 66,
        "general_count": 8,
        "general_level": 65,
        "general_step": 12,
        "equip_level": 64,
        "skill_level": 65,
        "equip_forge": 12,
        "general_star": 6,
        "equip_carve": 5,
        "card_num": 9,
        "animal_level": 3
    },
    "67": {
        "level": 67,
        "general_count": 8,
        "general_level": 66,
        "general_step": 12,
        "equip_level": 65,
        "skill_level": 66,
        "equip_forge": 12,
        "general_star": 6,
        "equip_carve": 5,
        "card_num": 9,
        "animal_level": 3
    },
    "68": {
        "level": 68,
        "general_count": 8,
        "general_level": 67,
        "general_step": 12,
        "equip_level": 66,
        "skill_level": 67,
        "equip_forge": 12,
        "general_star": 6,
        "equip_carve": 5,
        "card_num": 9,
        "animal_level": 3
    },
    "69": {
        "level": 69,
        "general_count": 8,
        "general_level": 68,
        "general_step": 12,
        "equip_level": 67,
        "skill_level": 68,
        "equip_forge": 12,
        "general_star": 6,
        "equip_carve": 5,
        "card_num": 9,
        "animal_level": 3
    },
    "70": {
        "level": 70,
        "general_count": 8,
        "general_level": 69,
        "general_step": 12,
        "equip_level": 68,
        "skill_level": 69,
        "equip_forge": 13,
        "general_star": 6,
        "equip_carve": 5,
        "card_num": 9,
        "animal_level": 3
    },
    "71": {
        "level": 71,
        "general_count": 8,
        "general_level": 70,
        "general_step": 12,
        "equip_level": 69,
        "skill_level": 70,
        "equip_forge": 13,
        "general_star": 6,
        "equip_carve": 5,
        "card_num": 9,
        "animal_level": 3
    },
    "72": {
        "level": 72,
        "general_count": 8,
        "general_level": 71,
        "general_step": 12,
        "equip_level": 70,
        "skill_level": 71,
        "equip_forge": 13,
        "general_star": 6,
        "equip_carve": 6,
        "card_num": 9,
        "animal_level": 3
    },
    "73": {
        "level": 73,
        "general_count": 8,
        "general_level": 72,
        "general_step": 12,
        "equip_level": 71,
        "skill_level": 72,
        "equip_forge": 13,
        "general_star": 6,
        "equip_carve": 6,
        "card_num": 9,
        "animal_level": 3
    },
    "74": {
        "level": 74,
        "general_count": 8,
        "general_level": 73,
        "general_step": 12,
        "equip_level": 72,
        "skill_level": 73,
        "equip_forge": 14,
        "general_star": 6,
        "equip_carve": 6,
        "card_num": 9,
        "animal_level": 3
    },
    "75": {
        "level": 75,
        "general_count": 8,
        "general_level": 74,
        "general_step": 12,
        "equip_level": 73,
        "skill_level": 74,
        "equip_forge": 14,
        "general_star": 6,
        "equip_carve": 6,
        "card_num": 9,
        "animal_level": 3
    },
    "76": {
        "level": 76,
        "general_count": 8,
        "general_level": 75,
        "general_step": 12,
        "equip_level": 74,
        "skill_level": 75,
        "equip_forge": 14,
        "general_star": 6,
        "equip_carve": 6,
        "card_num": 9,
        "animal_level": 3
    },
    "77": {
        "level": 77,
        "general_count": 8,
        "general_level": 76,
        "general_step": 12,
        "equip_level": 75,
        "skill_level": 76,
        "equip_forge": 14,
        "general_star": 6,
        "equip_carve": 6,
        "card_num": 9,
        "animal_level": 3
    },
    "78": {
        "level": 78,
        "general_count": 8,
        "general_level": 77,
        "general_step": 12,
        "equip_level": 76,
        "skill_level": 77,
        "equip_forge": 15,
        "general_star": 6,
        "equip_carve": 6,
        "card_num": 9,
        "animal_level": 3
    },
    "79": {
        "level": 79,
        "general_count": 8,
        "general_level": 78,
        "general_step": 12,
        "equip_level": 77,
        "skill_level": 78,
        "equip_forge": 15,
        "general_star": 6,
        "equip_carve": 6,
        "card_num": 9,
        "animal_level": 3
    },
    "80": {
        "level": 80,
        "general_count": 8,
        "general_level": 79,
        "general_step": 12,
        "equip_level": 78,
        "skill_level": 79,
        "equip_forge": 15,
        "general_star": 6,
        "equip_carve": 6,
        "card_num": 9,
        "animal_level": 3
    },
    "81": {
        "level": 81,
        "general_count": 8,
        "general_level": 80,
        "general_step": 12,
        "equip_level": 79,
        "skill_level": 80,
        "equip_forge": 15,
        "general_star": 6,
        "equip_carve": 6,
        "card_num": 9,
        "animal_level": 3
    },
    "82": {
        "level": 82,
        "general_count": 8,
        "general_level": 81,
        "general_step": 12,
        "equip_level": 80,
        "skill_level": 81,
        "equip_forge": 16,
        "general_star": 6,
        "equip_carve": 6,
        "card_num": 9,
        "animal_level": 3
    },
    "83": {
        "level": 83,
        "general_count": 8,
        "general_level": 82,
        "general_step": 12,
        "equip_level": 81,
        "skill_level": 82,
        "equip_forge": 16,
        "general_star": 6,
        "equip_carve": 6,
        "card_num": 9,
        "animal_level": 3
    },
    "84": {
        "level": 84,
        "general_count": 8,
        "general_level": 83,
        "general_step": 12,
        "equip_level": 82,
        "skill_level": 83,
        "equip_forge": 16,
        "general_star": 6,
        "equip_carve": 6,
        "card_num": 9,
        "animal_level": 3
    },
    "85": {
        "level": 85,
        "general_count": 8,
        "general_level": 84,
        "general_step": 12,
        "equip_level": 83,
        "skill_level": 84,
        "equip_forge": 16,
        "general_star": 6,
        "equip_carve": 7,
        "card_num": 9,
        "animal_level": 3
    },
    "86": {
        "level": 86,
        "general_count": 8,
        "general_level": 85,
        "general_step": 12,
        "equip_level": 84,
        "skill_level": 85,
        "equip_forge": 17,
        "general_star": 6,
        "equip_carve": 7,
        "card_num": 9,
        "animal_level": 3
    },
    "87": {
        "level": 87,
        "general_count": 8,
        "general_level": 86,
        "general_step": 12,
        "equip_level": 85,
        "skill_level": 86,
        "equip_forge": 17,
        "general_star": 6,
        "equip_carve": 7,
        "card_num": 9,
        "animal_level": 3
    },
    "88": {
        "level": 88,
        "general_count": 8,
        "general_level": 87,
        "general_step": 12,
        "equip_level": 86,
        "skill_level": 87,
        "equip_forge": 17,
        "general_star": 6,
        "equip_carve": 7,
        "card_num": 9,
        "animal_level": 3
    },
    "89": {
        "level": 89,
        "general_count": 8,
        "general_level": 88,
        "general_step": 12,
        "equip_level": 87,
        "skill_level": 88,
        "equip_forge": 17,
        "general_star": 6,
        "equip_carve": 7,
        "card_num": 9,
        "animal_level": 3
    },
    "90": {
        "level": 90,
        "general_count": 8,
        "general_level": 89,
        "general_step": 12,
        "equip_level": 88,
        "skill_level": 89,
        "equip_forge": 18,
        "general_star": 6,
        "equip_carve": 7,
        "card_num": 9,
        "animal_level": 3
    },
    "91": {
        "level": 91,
        "general_count": 8,
        "general_level": 90,
        "general_step": 12,
        "equip_level": 89,
        "skill_level": 90,
        "equip_forge": 18,
        "general_star": 6,
        "equip_carve": 7,
        "card_num": 9,
        "animal_level": 3
    },
    "92": {
        "level": 92,
        "general_count": 8,
        "general_level": 91,
        "general_step": 12,
        "equip_level": 90,
        "skill_level": 91,
        "equip_forge": 18,
        "general_star": 6,
        "equip_carve": 7,
        "card_num": 9,
        "animal_level": 3
    },
    "93": {
        "level": 93,
        "general_count": 8,
        "general_level": 92,
        "general_step": 12,
        "equip_level": 91,
        "skill_level": 92,
        "equip_forge": 18,
        "general_star": 6,
        "equip_carve": 7,
        "card_num": 9,
        "animal_level": 3
    },
    "94": {
        "level": 94,
        "general_count": 8,
        "general_level": 93,
        "general_step": 12,
        "equip_level": 92,
        "skill_level": 93,
        "equip_forge": 19,
        "general_star": 6,
        "equip_carve": 7,
        "card_num": 9,
        "animal_level": 3
    },
    "95": {
        "level": 95,
        "general_count": 8,
        "general_level": 94,
        "general_step": 12,
        "equip_level": 93,
        "skill_level": 94,
        "equip_forge": 19,
        "general_star": 6,
        "equip_carve": 7,
        "card_num": 9,
        "animal_level": 3
    },
    "96": {
        "level": 96,
        "general_count": 8,
        "general_level": 95,
        "general_step": 12,
        "equip_level": 94,
        "skill_level": 95,
        "equip_forge": 19,
        "general_star": 6,
        "equip_carve": 8,
        "card_num": 9,
        "animal_level": 3
    },
    "97": {
        "level": 97,
        "general_count": 8,
        "general_level": 96,
        "general_step": 12,
        "equip_level": 95,
        "skill_level": 96,
        "equip_forge": 19,
        "general_star": 6,
        "equip_carve": 8,
        "card_num": 9,
        "animal_level": 3
    },
    "98": {
        "level": 98,
        "general_count": 8,
        "general_level": 97,
        "general_step": 12,
        "equip_level": 96,
        "skill_level": 97,
        "equip_forge": 20,
        "general_star": 6,
        "equip_carve": 8,
        "card_num": 9,
        "animal_level": 3
    },
    "99": {
        "level": 99,
        "general_count": 8,
        "general_level": 98,
        "general_step": 12,
        "equip_level": 97,
        "skill_level": 98,
        "equip_forge": 20,
        "general_star": 6,
        "equip_carve": 8,
        "card_num": 9,
        "animal_level": 3
    },
    "100": {
        "level": 100,
        "general_count": 8,
        "general_level": 99,
        "general_step": 12,
        "equip_level": 98,
        "skill_level": 99,
        "equip_forge": 20,
        "general_star": 6,
        "equip_carve": 8,
        "card_num": 9,
        "animal_level": 3
    }}
