{
    "1": {
        "buff_id": 1,
        "buff_name": "眩晕",
        "buff_ani": 1,
        "buff_ima_path": "buff_icon_xuanyun_png",
        "spx_id": 1001,
        "action_id": 1,
        "blend_active": 1,
        "buff_pos": "up",
        "ani_trigger": [1],
        "word_trigger": [1],
        "buff_profit": 2,
        "is_fold": 0,
        "fold_number": -1,
        "buff_name_path": "buff_name_xuanyun_png",
        "is_showIcon": 1,
        "is_Iconlist": 1,
        "icon_path": "buff_icon_xuanyun_png",
        "is_foldIcon": -1,
        "des": "眩晕"
    },
    "2": {
        "buff_id": 2,
        "buff_name": "睡眠",
        "buff_ani": 1,
        "buff_ima_path": "buff_icon_shuimian_png",
        "spx_id": 1001,
        "action_id": 2,
        "blend_active": -1,
        "buff_pos": "up",
        "ani_trigger": [1],
        "word_trigger": [1],
        "buff_profit": 2,
        "is_fold": 0,
        "fold_number": -1,
        "buff_name_path": "buff_name_shuimian_png",
        "is_showIcon": 1,
        "is_Iconlist": 1,
        "icon_path": "buff_icon_shuimian_png",
        "is_foldIcon": -1,
        "des": "睡眠"
    },
    "3": {
        "buff_id": 3,
        "buff_name": "减速",
        "buff_ani": 1,
        "buff_ima_path": "buff_icon_jiansu_png",
        "spx_id": -1,
        "action_id": -1,
        "blend_active": -1,
        "buff_pos": "mid",
        "ani_trigger": [1],
        "word_trigger": [1],
        "buff_profit": 2,
        "is_fold": 0,
        "fold_number": -1,
        "buff_name_path": "buff_name_jiansu_png",
        "is_showIcon": 1,
        "is_Iconlist": 1,
        "icon_path": "buff_icon_jiansu_png",
        "is_foldIcon": -1,
        "des": "减速"
    },
    "4": {
        "buff_id": 4,
        "buff_name": "沉默",
        "buff_ani": 1,
        "buff_ima_path": "buff_icon_chenmo_png",
        "spx_id": 1001,
        "action_id": 0,
        "blend_active": -1,
        "buff_pos": "up",
        "ani_trigger": [1],
        "word_trigger": [1],
        "buff_profit": 2,
        "is_fold": 0,
        "fold_number": -1,
        "buff_name_path": "buff_name_chenmo_png",
        "is_showIcon": 1,
        "is_Iconlist": 1,
        "icon_path": "buff_icon_chenmo_png",
        "is_foldIcon": -1,
        "des": "沉默"
    },
    "5": {
        "buff_id": 5,
        "buff_name": "缴械",
        "buff_ani": -1,
        "buff_ima_path": "buff_icon_wu_png",
        "spx_id": -1,
        "action_id": -1,
        "blend_active": -1,
        "buff_pos": "mid",
        "ani_trigger": [1],
        "word_trigger": [1],
        "buff_profit": 2,
        "is_fold": 0,
        "fold_number": -1,
        "buff_name_path": "buff_name_wu_png",
        "is_showIcon": -1,
        "is_Iconlist": -1,
        "icon_path": "buff_icon_wu_png",
        "is_foldIcon": -1,
        "des": "缴械"
    },
    "6": {
        "buff_id": 6,
        "buff_name": "迷惑",
        "buff_ani": -1,
        "buff_ima_path": "buff_icon_wu_png",
        "spx_id": -1,
        "action_id": -1,
        "blend_active": 1,
        "buff_pos": "mid",
        "ani_trigger": [1],
        "word_trigger": [1],
        "buff_profit": 2,
        "is_fold": 0,
        "fold_number": -1,
        "buff_name_path": "buff_name_wu_png",
        "is_showIcon": -1,
        "is_Iconlist": -1,
        "icon_path": "buff_icon_wu_png",
        "is_foldIcon": -1,
        "des": "迷惑"
    },
    "7": {
        "buff_id": 7,
        "buff_name": "伤害降低",
        "buff_ani": 1,
        "buff_ima_path": "buff_icon_gongji_xiajiang_png",
        "spx_id": -1,
        "action_id": -1,
        "blend_active": -1,
        "buff_pos": "mid",
        "ani_trigger": [1],
        "word_trigger": [1],
        "buff_profit": 2,
        "is_fold": 0,
        "fold_number": -1,
        "buff_name_path": "buff_name_shanghai_xiajiang_png",
        "is_showIcon": 1,
        "is_Iconlist": 1,
        "icon_path": "buff_icon_gongji_xiajiang_png",
        "is_foldIcon": -1,
        "des": "虚弱"
    },
    "8": {
        "buff_id": 8,
        "buff_name": "中毒（原流血）",
        "buff_ani": 1,
        "buff_ima_path": "buff_icon_zhongdu_png",
        "spx_id": -1,
        "action_id": -1,
        "blend_active": -1,
        "buff_pos": "mid",
        "ani_trigger": [1],
        "word_trigger": [1],
        "buff_profit": 2,
        "is_fold": 1,
        "fold_number": 3,
        "buff_name_path": "buff_name_zhongdu_png",
        "is_showIcon": 1,
        "is_Iconlist": 1,
        "icon_path": "buff_icon_zhongdu_png",
        "is_foldIcon": 3,
        "des": "中毒"
    },
    "9": {
        "buff_id": 9,
        "buff_name": "吸血",
        "buff_ani": -1,
        "buff_ima_path": "buff_icon_xuanyun_png",
        "spx_id": -1,
        "action_id": -1,
        "blend_active": -1,
        "buff_pos": "mid",
        "ani_trigger": [1],
        "word_trigger": [1],
        "buff_profit": 1,
        "is_fold": 0,
        "fold_number": -1,
        "buff_name_path": "buff_name_wu_png",
        "is_showIcon": -1,
        "is_Iconlist": -1,
        "icon_path": "buff_icon_xuanyun_png",
        "is_foldIcon": -1,
        "des": "吸血"
    },
    "10": {
        "buff_id": 10,
        "buff_name": "加速",
        "buff_ani": 1,
        "buff_ima_path": "buff_icon_jiasu_png",
        "spx_id": -1,
        "action_id": -1,
        "blend_active": -1,
        "buff_pos": "mid",
        "ani_trigger": [1],
        "word_trigger": [1],
        "buff_profit": 1,
        "is_fold": 0,
        "fold_number": -1,
        "buff_name_path": "buff_name_jiasu_png",
        "is_showIcon": 1,
        "is_Iconlist": 1,
        "icon_path": "buff_icon_jiasu_png",
        "is_foldIcon": -1,
        "des": "加速"
    },
    "11": {
        "buff_id": 11,
        "buff_name": "物理免疫",
        "buff_ani": -1,
        "buff_ima_path": "buff_icon_wu_png",
        "spx_id": -1,
        "action_id": -1,
        "blend_active": -1,
        "buff_pos": "mid",
        "ani_trigger": [1],
        "word_trigger": [1],
        "buff_profit": 1,
        "is_fold": 0,
        "fold_number": -1,
        "buff_name_path": "buff_name_wu_png",
        "is_showIcon": -1,
        "is_Iconlist": -1,
        "icon_path": "buff_icon_wu_png",
        "is_foldIcon": -1,
        "des": "物理免疫"
    },
    "12": {
        "buff_id": 12,
        "buff_name": "魔法免疫",
        "buff_ani": -1,
        "buff_ima_path": "buff_icon_wu_png",
        "spx_id": -1,
        "action_id": -1,
        "blend_active": -1,
        "buff_pos": "mid",
        "ani_trigger": [1],
        "word_trigger": [1],
        "buff_profit": 1,
        "is_fold": 0,
        "fold_number": -1,
        "buff_name_path": "buff_name_wu_png",
        "is_showIcon": -1,
        "is_Iconlist": -1,
        "icon_path": "buff_icon_wu_png",
        "is_foldIcon": -1,
        "des": "魔法免疫"
    },
    "13": {
        "buff_id": 13,
        "buff_name": "无敌",
        "buff_ani": 1,
        "buff_ima_path": "buff_icon_wudi_png",
        "spx_id": 1000,
        "action_id": 0,
        "blend_active": 1,
        "buff_pos": "mid",
        "ani_trigger": [1,2],
        "word_trigger": [1,2],
        "buff_profit": 1,
        "is_fold": 0,
        "fold_number": -1,
        "buff_name_path": "buff_name_wudi_png",
        "is_showIcon": 1,
        "is_Iconlist": 1,
        "icon_path": "buff_icon_wudi_png",
        "is_foldIcon": -1,
        "des": "无敌"
    },
    "14": {
        "buff_id": 14,
        "buff_name": "物理吸收转",
        "buff_ani": -1,
        "buff_ima_path": "buff_icon_wu_png",
        "spx_id": -1,
        "action_id": -1,
        "blend_active": -1,
        "buff_pos": "mid",
        "ani_trigger": [1],
        "word_trigger": [1],
        "buff_profit": 1,
        "is_fold": 0,
        "fold_number": -1,
        "buff_name_path": "buff_name_wu_png",
        "is_showIcon": -1,
        "is_Iconlist": -1,
        "icon_path": "buff_icon_wu_png",
        "is_foldIcon": -1,
        "des": "物理吸收转"
    },
    "15": {
        "buff_id": 15,
        "buff_name": "魔法吸收转",
        "buff_ani": -1,
        "buff_ima_path": "buff_icon_wu_png",
        "spx_id": -1,
        "action_id": -1,
        "blend_active": -1,
        "buff_pos": "mid",
        "ani_trigger": [1],
        "word_trigger": [1],
        "buff_profit": 1,
        "is_fold": 0,
        "fold_number": -1,
        "buff_name_path": "buff_name_wu_png",
        "is_showIcon": -1,
        "is_Iconlist": -1,
        "icon_path": "buff_icon_wu_png",
        "is_foldIcon": -1,
        "des": "魔法吸收转"
    },
    "16": {
        "buff_id": 16,
        "buff_name": "所有伤害吸收转",
        "buff_ani": -1,
        "buff_ima_path": "buff_icon_wu_png",
        "spx_id": -1,
        "action_id": -1,
        "blend_active": -1,
        "buff_pos": "mid",
        "ani_trigger": [1],
        "word_trigger": [1],
        "buff_profit": 1,
        "is_fold": 0,
        "fold_number": -1,
        "buff_name_path": "buff_name_wu_png",
        "is_showIcon": -1,
        "is_Iconlist": -1,
        "icon_path": "buff_icon_wu_png",
        "is_foldIcon": -1,
        "des": "所有伤害吸收转"
    },
    "17": {
        "buff_id": 17,
        "buff_name": "伤害反弹",
        "buff_ani": 1,
        "buff_ima_path": "buff_icon_fantan_png",
        "spx_id": 1000,
        "action_id": 0,
        "blend_active": 1,
        "buff_pos": "mid",
        "ani_trigger": [1,2],
        "word_trigger": [1,2],
        "buff_profit": 1,
        "is_fold": 0,
        "fold_number": -1,
        "buff_name_path": "buff_name_fantan_png",
        "is_showIcon": 1,
        "is_Iconlist": 1,
        "icon_path": "buff_icon_fantan_png",
        "is_foldIcon": -1,
        "des": "伤害反弹"
    },
    "18": {
        "buff_id": 18,
        "buff_name": "冰冻",
        "buff_ani": -1,
        "buff_ima_path": "buff_icon_bingdong_png",
        "spx_id": 1001,
        "action_id": 3,
        "blend_active": 1,
        "buff_pos": "mid",
        "ani_trigger": [1],
        "word_trigger": [1],
        "buff_profit": 2,
        "is_fold": 0,
        "fold_number": -1,
        "buff_name_path": "buff_name_bingdong_png",
        "is_showIcon": -1,
        "is_Iconlist": -1,
        "icon_path": "buff_icon_bingdong_png",
        "is_foldIcon": -1,
        "des": "冰冻"
    },
    "19": {
        "buff_id": 19,
        "buff_name": "石化",
        "buff_ani": -1,
        "buff_ima_path": "buff_icon_wu_png",
        "spx_id": -1,
        "action_id": -1,
        "blend_active": -1,
        "buff_pos": "mid",
        "ani_trigger": [1],
        "word_trigger": [1],
        "buff_profit": 2,
        "is_fold": 0,
        "fold_number": -1,
        "buff_name_path": "buff_name_wu_png",
        "is_showIcon": -1,
        "is_Iconlist": -1,
        "icon_path": "buff_icon_wu_png",
        "is_foldIcon": -1,
        "des": "石化"
    },
    "20": {
        "buff_id": 20,
        "buff_name": "回复(攻击力）",
        "buff_ani": 1,
        "buff_ima_path": "buff_icon_zhiliao_png",
        "spx_id": -1,
        "action_id": -1,
        "blend_active": 1,
        "buff_pos": "mid",
        "ani_trigger": [1],
        "word_trigger": [1],
        "buff_profit": 1,
        "is_fold": 1,
        "fold_number": 3,
        "buff_name_path": "buff_name_zhiliao_png",
        "is_showIcon": 1,
        "is_Iconlist": -1,
        "icon_path": "buff_icon_zhiliao_png",
        "is_foldIcon": 3,
        "des": "回复"
    },
    "21": {
        "buff_id": 21,
        "buff_name": "连击攻击提升",
        "buff_ani": -1,
        "buff_ima_path": "buff_icon_wu_png",
        "spx_id": -1,
        "action_id": -1,
        "blend_active": -1,
        "buff_pos": "mid",
        "ani_trigger": [1],
        "word_trigger": [1],
        "buff_profit": 1,
        "is_fold": 0,
        "fold_number": -1,
        "buff_name_path": "buff_name_wu_png",
        "is_showIcon": -1,
        "is_Iconlist": -1,
        "icon_path": "buff_icon_wu_png",
        "is_foldIcon": -1,
        "des": "连击攻击提升"
    },
    "22": {
        "buff_id": 22,
        "buff_name": "灼烧",
        "buff_ani": 1,
        "buff_ima_path": "buff_icon_zhuoshao_png",
        "spx_id": -1,
        "action_id": -1,
        "blend_active": 1,
        "buff_pos": "mid",
        "ani_trigger": [1],
        "word_trigger": [1],
        "buff_profit": 2,
        "is_fold": 1,
        "fold_number": 3,
        "buff_name_path": "buff_name_zhuoshao_png",
        "is_showIcon": 1,
        "is_Iconlist": 1,
        "icon_path": "buff_icon_zhuoshao_png",
        "is_foldIcon": 3,
        "des": "灼烧"
    },
    "23": {
        "buff_id": 23,
        "buff_name": "防御下降",
        "buff_ani": 1,
        "buff_ima_path": "buff_icon_fangyu_xiajiang_png",
        "spx_id": -1,
        "action_id": -1,
        "blend_active": 1,
        "buff_pos": "mid",
        "ani_trigger": [1],
        "word_trigger": [1],
        "buff_profit": 2,
        "is_fold": 0,
        "fold_number": -1,
        "buff_name_path": "buff_name_fangyu_xiajiang_png",
        "is_showIcon": 1,
        "is_Iconlist": 1,
        "icon_path": "buff_icon_fangyu_xiajiang_png",
        "is_foldIcon": -1,
        "des": "破甲"
    },
    "24": {
        "buff_id": 24,
        "buff_name": "回复",
        "buff_ani": -1,
        "buff_ima_path": "buff_icon_wu_png",
        "spx_id": -1,
        "action_id": -1,
        "blend_active": 1,
        "buff_pos": "mid",
        "ani_trigger": [1],
        "word_trigger": [1],
        "buff_profit": 1,
        "is_fold": 1,
        "fold_number": 3,
        "buff_name_path": "buff_name_wu_png",
        "is_showIcon": 1,
        "is_Iconlist": -1,
        "icon_path": "buff_icon_wu_png",
        "is_foldIcon": 3,
        "des": "回复"
    },
    "25": {
        "buff_id": 25,
        "buff_name": "霸体",
        "buff_ani": 1,
        "buff_ima_path": "buff_icon_bati_png",
        "spx_id": 1000,
        "action_id": 0,
        "blend_active": 1,
        "buff_pos": "mid",
        "ani_trigger": [1,2],
        "word_trigger": [1,2],
        "buff_profit": 1,
        "is_fold": 0,
        "fold_number": -1,
        "buff_name_path": "buff_name_bati_png",
        "is_showIcon": 1,
        "is_Iconlist": 1,
        "icon_path": "buff_icon_bati_png",
        "is_foldIcon": -1,
        "des": "霸体"
    },
    "26": {
        "buff_id": 26,
        "buff_name": "攻击提升",
        "buff_ani": 1,
        "buff_ima_path": "buff_icon_gongji_tisheng_png",
        "spx_id": -1,
        "action_id": -1,
        "blend_active": 1,
        "buff_pos": "mid",
        "ani_trigger": [1],
        "word_trigger": [1],
        "buff_profit": 1,
        "is_fold": 1,
        "fold_number": 5,
        "buff_name_path": "buff_name_gongji_tisheng_png",
        "is_showIcon": 1,
        "is_Iconlist": 1,
        "icon_path": "buff_icon_gongji_tisheng_png",
        "is_foldIcon": 1,
        "des": "攻击提升"
    },
    "27": {
        "buff_id": 27,
        "buff_name": "灼烧",
        "buff_ani": -1,
        "buff_ima_path": "buff_icon_wu_png",
        "spx_id": -1,
        "action_id": -1,
        "blend_active": 1,
        "buff_pos": "mid",
        "ani_trigger": [1],
        "word_trigger": [1],
        "buff_profit": 2,
        "is_fold": 1,
        "fold_number": 3,
        "buff_name_path": "buff_name_wu_png",
        "is_showIcon": 1,
        "is_Iconlist": -1,
        "icon_path": "buff_icon_wu_png",
        "is_foldIcon": 3,
        "des": "灼烧"
    },
    "28": {
        "buff_id": 28,
        "buff_name": "自爆",
        "buff_ani": -1,
        "buff_ima_path": "buff_icon_xuanyun_png",
        "spx_id": -1,
        "action_id": -1,
        "blend_active": 0,
        "buff_pos": "mid",
        "ani_trigger": [1],
        "word_trigger": [1],
        "buff_profit": 2,
        "is_fold": 0,
        "fold_number": -1,
        "buff_name_path": "buff_name_wu_png",
        "is_showIcon": -1,
        "is_Iconlist": -1,
        "icon_path": "buff_icon_xuanyun_png",
        "is_foldIcon": -1,
        "des": "爆炸"
    },
    "29": {
        "buff_id": 29,
        "buff_name": "免疫",
        "buff_ani": 1,
        "buff_ima_path": "buff_icon_mianyi_png",
        "spx_id": 1000,
        "action_id": 0,
        "blend_active": 1,
        "buff_pos": "mid",
        "ani_trigger": [1,2],
        "word_trigger": [1,2],
        "buff_profit": 1,
        "is_fold": 0,
        "fold_number": -1,
        "buff_name_path": "buff_name_mianyi_png",
        "is_showIcon": 1,
        "is_Iconlist": 1,
        "icon_path": "buff_icon_mianyi_png",
        "is_foldIcon": -1,
        "des": "免疫"
    },
    "30": {
        "buff_id": 30,
        "buff_name": "驱散负面效果",
        "buff_ani": 1,
        "buff_ima_path": "buff_icon_xuanyun_png",
        "spx_id": -1,
        "action_id": -1,
        "blend_active": 1,
        "buff_pos": "mid",
        "ani_trigger": [1],
        "word_trigger": [1],
        "buff_profit": 1,
        "is_fold": 0,
        "fold_number": -1,
        "buff_name_path": "buff_name_jinghua_png",
        "is_showIcon": -1,
        "is_Iconlist": -1,
        "icon_path": "buff_icon_jinghua_png",
        "is_foldIcon": -1,
        "des": "净化"
    },
    "31": {
        "buff_id": 31,
        "buff_name": "驱散正面效果",
        "buff_ani": 1,
        "buff_ima_path": "buff_icon_xuanyun_png",
        "spx_id": -1,
        "action_id": -1,
        "blend_active": 1,
        "buff_pos": "mid",
        "ani_trigger": [1],
        "word_trigger": [1],
        "buff_profit": 2,
        "is_fold": 0,
        "fold_number": -1,
        "buff_name_path": "buff_name_qusan_png",
        "is_showIcon": -1,
        "is_Iconlist": -1,
        "icon_path": "buff_icon_qusan_png",
        "is_foldIcon": -1,
        "des": "驱散"
    },
    "32": {
        "buff_id": 32,
        "buff_name": "禁用恢复",
        "buff_ani": 1,
        "buff_ima_path": "buff_icon_jinliao_png",
        "spx_id": -1,
        "action_id": -1,
        "blend_active": 1,
        "buff_pos": "mid",
        "ani_trigger": [1],
        "word_trigger": [1],
        "buff_profit": 2,
        "is_fold": 0,
        "fold_number": -1,
        "buff_name_path": "buff_name_jinliao_png",
        "is_showIcon": 1,
        "is_Iconlist": 1,
        "icon_path": "buff_icon_jinliao_png",
        "is_foldIcon": -1,
        "des": "回复衰减"
    },
    "33": {
        "buff_id": 33,
        "buff_name": "护盾",
        "buff_ani": 1,
        "buff_ima_path": "buff_icon_hudun_png",
        "spx_id": 1000,
        "action_id": 0,
        "blend_active": 1,
        "buff_pos": "mid",
        "ani_trigger": [1,2],
        "word_trigger": [1,2],
        "buff_profit": 1,
        "is_fold": 0,
        "fold_number": -1,
        "buff_name_path": "buff_name_hudun_png",
        "is_showIcon": 1,
        "is_Iconlist": 1,
        "icon_path": "buff_icon_hudun_png",
        "is_foldIcon": -1,
        "des": "护盾"
    },
    "34": {
        "buff_id": 34,
        "buff_name": "回复（百分比）",
        "buff_ani": 1,
        "buff_ima_path": "buff_icon_zhiliao_png",
        "spx_id": -1,
        "action_id": -1,
        "blend_active": 1,
        "buff_pos": "mid",
        "ani_trigger": [1],
        "word_trigger": [1],
        "buff_profit": 1,
        "is_fold": 1,
        "fold_number": 3,
        "buff_name_path": "buff_name_zhiliao_png",
        "is_showIcon": 1,
        "is_Iconlist": 1,
        "icon_path": "buff_icon_zhiliao_png",
        "is_foldIcon": 3,
        "des": "回复"
    },
    "35": {
        "buff_id": 35,
        "buff_name": "激怒",
        "buff_ani": -1,
        "buff_ima_path": "buff_icon_wu_png",
        "spx_id": -1,
        "action_id": -1,
        "blend_active": 1,
        "buff_pos": "mid",
        "ani_trigger": [1],
        "word_trigger": [1],
        "buff_profit": 1,
        "is_fold": 0,
        "fold_number": -1,
        "buff_name_path": "buff_name_wu_png",
        "is_showIcon": -1,
        "is_Iconlist": -1,
        "icon_path": "buff_icon_wu_png",
        "is_foldIcon": -1,
        "des": "激怒"
    },
    "36": {
        "buff_id": 36,
        "buff_name": "重甲",
        "buff_ani": -1,
        "buff_ima_path": "buff_icon_wu_png",
        "spx_id": -1,
        "action_id": -1,
        "blend_active": 1,
        "buff_pos": "mid",
        "ani_trigger": [1],
        "word_trigger": [1],
        "buff_profit": 1,
        "is_fold": 0,
        "fold_number": -1,
        "buff_name_path": "buff_name_wu_png",
        "is_showIcon": -1,
        "is_Iconlist": -1,
        "icon_path": "buff_icon_wu_png",
        "is_foldIcon": -1,
        "des": "重甲"
    },
    "37": {
        "buff_id": 37,
        "buff_name": "忽视抵抗提升",
        "buff_ani": -1,
        "buff_ima_path": "buff_icon_wu_png",
        "spx_id": -1,
        "action_id": -1,
        "blend_active": 1,
        "buff_pos": "mid",
        "ani_trigger": [1],
        "word_trigger": [1],
        "buff_profit": 1,
        "is_fold": 0,
        "fold_number": -1,
        "buff_name_path": "buff_name_wu_png",
        "is_showIcon": -1,
        "is_Iconlist": -1,
        "icon_path": "buff_icon_wu_png",
        "is_foldIcon": -1,
        "des": "增加忽视异常抵抗"
    },
    "38": {
        "buff_id": 38,
        "buff_name": "增加增益时间",
        "buff_ani": -1,
        "buff_ima_path": "buff_icon_xuanyun_png",
        "spx_id": -1,
        "action_id": -1,
        "blend_active": 1,
        "buff_pos": "mid",
        "ani_trigger": [1],
        "word_trigger": [1],
        "buff_profit": 1,
        "is_fold": 0,
        "fold_number": -1,
        "buff_name_path": "buff_name_wu_png",
        "is_showIcon": -1,
        "is_Iconlist": -1,
        "icon_path": "buff_icon_xuanyun_png",
        "is_foldIcon": -1,
        "des": "增加增益时间"
    },
    "39": {
        "buff_id": 39,
        "buff_name": "减少减益时间",
        "buff_ani": -1,
        "buff_ima_path": "buff_icon_xuanyun_png",
        "spx_id": -1,
        "action_id": -1,
        "blend_active": 1,
        "buff_pos": "mid",
        "ani_trigger": [1],
        "word_trigger": [1],
        "buff_profit": 1,
        "is_fold": 0,
        "fold_number": -1,
        "buff_name_path": "buff_name_wu_png",
        "is_showIcon": -1,
        "is_Iconlist": -1,
        "icon_path": "buff_icon_xuanyun_png",
        "is_foldIcon": -1,
        "des": "减少减益时间"
    },
    "40": {
        "buff_id": 40,
        "buff_name": "抵抗提升",
        "buff_ani": -1,
        "buff_ima_path": "buff_icon_wu_png",
        "spx_id": -1,
        "action_id": -1,
        "blend_active": 1,
        "buff_pos": "mid",
        "ani_trigger": [1],
        "word_trigger": [1],
        "buff_profit": 1,
        "is_fold": 0,
        "fold_number": -1,
        "buff_name_path": "buff_name_wu_png",
        "is_showIcon": -1,
        "is_Iconlist": -1,
        "icon_path": "buff_icon_wu_png",
        "is_foldIcon": -1,
        "des": "增加自身抵抗概率"
    },
    "41": {
        "buff_id": 41,
        "buff_name": "破甲",
        "buff_ani": -1,
        "buff_ima_path": "buff_icon_wu_png",
        "spx_id": -1,
        "action_id": -1,
        "blend_active": 1,
        "buff_pos": "mid",
        "ani_trigger": [1],
        "word_trigger": [1],
        "buff_profit": 2,
        "is_fold": 0,
        "fold_number": -1,
        "buff_name_path": "buff_name_wu_png",
        "is_showIcon": -1,
        "is_Iconlist": -1,
        "icon_path": "buff_icon_wu_png",
        "is_foldIcon": -1,
        "des": "破甲"
    },
    "42": {
        "buff_id": 42,
        "buff_name": "防御提升",
        "buff_ani": 1,
        "buff_ima_path": "buff_icon_fangyu_tisheng_png",
        "spx_id": -1,
        "action_id": -1,
        "blend_active": 1,
        "buff_pos": "mid",
        "ani_trigger": [1],
        "word_trigger": [1],
        "buff_profit": 1,
        "is_fold": 1,
        "fold_number": 5,
        "buff_name_path": "buff_name_fangyu_tisheng_png",
        "is_showIcon": 1,
        "is_Iconlist": 1,
        "icon_path": "buff_icon_fangyu_tisheng_png",
        "is_foldIcon": 5,
        "des": "防御提升"
    },
    "43": {
        "buff_id": 43,
        "buff_name": "定时炸弹",
        "buff_ani": 1,
        "buff_ima_path": "buff_icon_zhandan_png",
        "spx_id": 1001,
        "action_id": 4,
        "blend_active": -1,
        "buff_pos": "mid",
        "ani_trigger": [1],
        "word_trigger": [1],
        "buff_profit": 2,
        "is_fold": 1,
        "fold_number": 3,
        "buff_name_path": "buff_name_zhandan_png",
        "is_showIcon": 1,
        "is_Iconlist": 1,
        "icon_path": "buff_icon_zhandan_png",
        "is_foldIcon": 3,
        "des": "炸弹"
    },
    "44": {
        "buff_id": 44,
        "buff_name": "增加效果命中",
        "buff_ani": 1,
        "buff_ima_path": "buff_icon_fangyu_xiajiang_png",
        "spx_id": -1,
        "action_id": -1,
        "blend_active": 1,
        "buff_pos": "mid",
        "ani_trigger": [1],
        "word_trigger": [1],
        "buff_profit": 1,
        "is_fold": 0,
        "fold_number": -1,
        "buff_name_path": "buff_name_fangyu_xiajiang_png",
        "is_showIcon": -1,
        "is_Iconlist": -1,
        "icon_path": "buff_icon_mingzhong_tisheng_png",
        "is_foldIcon": -1,
        "des": "增加效果命中(需要策划配)"
    },
    "45": {
        "buff_id": 45,
        "buff_name": "减少效果命中",
        "buff_ani": 1,
        "buff_ima_path": "buff_icon_mingzhong_xiajiang_png",
        "spx_id": -1,
        "action_id": -1,
        "blend_active": 1,
        "buff_pos": "mid",
        "ani_trigger": [1],
        "word_trigger": [1],
        "buff_profit": 2,
        "is_fold": 0,
        "fold_number": -1,
        "buff_name_path": "buff_name_mingzhong_xiajiang_png",
        "is_showIcon": 1,
        "is_Iconlist": 1,
        "icon_path": "buff_icon_mingzhong_xiajiang_png",
        "is_foldIcon": -1,
        "des": "效果命中降低"
    },
    "46": {
        "buff_id": 46,
        "buff_name": "增加效果抵抗",
        "buff_ani": 1,
        "buff_ima_path": "buff_icon_fangyu_xiajiang_png",
        "spx_id": -1,
        "action_id": -1,
        "blend_active": 1,
        "buff_pos": "mid",
        "ani_trigger": [1],
        "word_trigger": [1],
        "buff_profit": 1,
        "is_fold": 0,
        "fold_number": -1,
        "buff_name_path": "buff_name_fangyu_xiajiang_png",
        "is_showIcon": -1,
        "is_Iconlist": -1,
        "icon_path": "buff_icon_dikang_tisheng_png",
        "is_foldIcon": -1,
        "des": "增加效果抵抗(需要策划配)"
    },
    "47": {
        "buff_id": 47,
        "buff_name": "减少效果抵抗",
        "buff_ani": 1,
        "buff_ima_path": "buff_icon_gedang_xiajiang_png",
        "spx_id": -1,
        "action_id": -1,
        "blend_active": 1,
        "buff_pos": "mid",
        "ani_trigger": [1],
        "word_trigger": [1],
        "buff_profit": 2,
        "is_fold": 0,
        "fold_number": -1,
        "buff_name_path": "buff_name_dikang_xiajiang_png",
        "is_showIcon": 1,
        "is_Iconlist": 1,
        "icon_path": "buff_icon_dikang_jiangdi_png",
        "is_foldIcon": -1,
        "des": "效果抵抗降低"
    },
    "48": {
        "buff_id": 48,
        "buff_name": "增加格挡率",
        "buff_ani": 1,
        "buff_ima_path": "buff_icon_fangyu_xiajiang_png",
        "spx_id": -1,
        "action_id": -1,
        "blend_active": 1,
        "buff_pos": "mid",
        "ani_trigger": [1],
        "word_trigger": [1],
        "buff_profit": 1,
        "is_fold": 0,
        "fold_number": -1,
        "buff_name_path": "buff_name_fangyu_xiajiang_png",
        "is_showIcon": -1,
        "is_Iconlist": -1,
        "icon_path": "buff_icon_gedanglv_tisheng_png",
        "is_foldIcon": -1,
        "des": "增加格挡率(需要策划配)"
    },
    "49": {
        "buff_id": 49,
        "buff_name": "减少格挡率",
        "buff_ani": 1,
        "buff_ima_path": "buff_icon_gedang_xiajiang_png",
        "spx_id": -1,
        "action_id": -1,
        "blend_active": 1,
        "buff_pos": "mid",
        "ani_trigger": [1],
        "word_trigger": [1],
        "buff_profit": 2,
        "is_fold": 0,
        "fold_number": -1,
        "buff_name_path": "buff_name_gedang_xiajiang_png",
        "is_showIcon": 1,
        "is_Iconlist": -1,
        "icon_path": "buff_icon_gedang_xiajiang_png",
        "is_foldIcon": -1,
        "des": "格挡率降低"
    },
    "50": {
        "buff_id": 50,
        "buff_name": "免疫(怪用，不可驱散)",
        "buff_ani": -1,
        "buff_ima_path": "buff_icon_mianyi_png",
        "spx_id": 1000,
        "action_id": 0,
        "blend_active": 1,
        "buff_pos": "mid",
        "ani_trigger": [1,2],
        "word_trigger": [1,2],
        "buff_profit": 1,
        "is_fold": 0,
        "fold_number": -1,
        "buff_name_path": "buff_name_mianyi_png",
        "is_showIcon": -1,
        "is_Iconlist": -1,
        "icon_path": "buff_icon_mianyi_png",
        "is_foldIcon": -1,
        "des": "异常免疫"
    },
    "51": {
        "buff_id": 51,
        "buff_name": "回复（施加者生命上限）",
        "buff_ani": -1,
        "buff_ima_path": "buff_icon_mianyi_png",
        "spx_id": -1,
        "action_id": 0,
        "blend_active": 1,
        "buff_pos": "mid",
        "ani_trigger": [1],
        "word_trigger": [1],
        "buff_profit": 1,
        "is_fold": 1,
        "fold_number": 3,
        "buff_name_path": "buff_name_zhiliao_png",
        "is_showIcon": 1,
        "is_Iconlist": -1,
        "icon_path": "buff_icon_zhiliao_png",
        "is_foldIcon": 3,
        "des": "回复施加者百分比"
    },
    "52": {
        "buff_id": 52,
        "buff_name": "回复（数值型回复，固定属性的倍数）",
        "buff_ani": -1,
        "buff_ima_path": "buff_icon_mianyi_png",
        "spx_id": -1,
        "action_id": 0,
        "blend_active": 1,
        "buff_pos": "mid",
        "ani_trigger": [1],
        "word_trigger": [1],
        "buff_profit": 1,
        "is_fold": 1,
        "fold_number": 3,
        "buff_name_path": "buff_name_zhiliao_png",
        "is_showIcon": 1,
        "is_Iconlist": -1,
        "icon_path": "buff_icon_zhiliao_png",
        "is_foldIcon": 3,
        "des": "回复数值"
    },
    "53": {
        "buff_id": 53,
        "buff_name": "防御提升（按施放者防御）",
        "buff_ani": 1,
        "buff_ima_path": "buff_icon_fangyu_tisheng_png",
        "spx_id": -1,
        "action_id": -1,
        "blend_active": 1,
        "buff_pos": "mid",
        "ani_trigger": [1],
        "word_trigger": [1],
        "buff_profit": 1,
        "is_fold": 0,
        "fold_number": -1,
        "buff_name_path": "buff_name_fangyu_tisheng_png",
        "is_showIcon": 1,
        "is_Iconlist": -1,
        "icon_path": "buff_icon_fangyu_tisheng_png",
        "is_foldIcon": -1,
        "des": "防御提升"
    },
    "54": {
        "buff_id": 54,
        "buff_name": "禁止强化",
        "buff_ani": 1,
        "buff_ima_path": "buff_icon_jingu_png",
        "spx_id": -1,
        "action_id": -1,
        "blend_active": -1,
        "buff_pos": "mid",
        "ani_trigger": [1],
        "word_trigger": [1],
        "buff_profit": 2,
        "is_fold": 0,
        "fold_number": -1,
        "buff_name_path": "buff_name_jingu_png",
        "is_showIcon": 1,
        "is_Iconlist": 1,
        "icon_path": "buff_icon_jingu_png",
        "is_foldIcon": -1,
        "des": "禁锢"
    },
    "55": {
        "buff_id": 55,
        "buff_name": "防御护盾",
        "buff_ani": 1,
        "buff_ima_path": "buff_icon_hudun_png",
        "spx_id": 1000,
        "action_id": 0,
        "blend_active": 1,
        "buff_pos": "mid",
        "ani_trigger": [1,2],
        "word_trigger": [1,2],
        "buff_profit": 1,
        "is_fold": 0,
        "fold_number": -1,
        "buff_name_path": "buff_name_hudun_png",
        "is_showIcon": 1,
        "is_Iconlist": -1,
        "icon_path": "buff_icon_hudun_png",
        "is_foldIcon": -1,
        "des": "护盾"
    },
    "56": {
        "buff_id": 56,
        "buff_name": "次数护盾",
        "buff_ani": 1,
        "buff_ima_path": "buff_icon_hudun_png",
        "spx_id": 1000,
        "action_id": 0,
        "blend_active": 1,
        "buff_pos": "mid",
        "ani_trigger": [1,2],
        "word_trigger": [1,2],
        "buff_profit": 1,
        "is_fold": 1,
        "fold_number": 3,
        "buff_name_path": "buff_name_hudun_png",
        "is_showIcon": 1,
        "is_Iconlist": -1,
        "icon_path": "buff_icon_hudun_png",
        "is_foldIcon": 3,
        "des": "护盾"
    },
    "57": {
        "buff_id": 57,
        "buff_name": "上限护盾",
        "buff_ani": 1,
        "buff_ima_path": "buff_icon_hudun_png",
        "spx_id": 1000,
        "action_id": 0,
        "blend_active": 1,
        "buff_pos": "mid",
        "ani_trigger": [1,2],
        "word_trigger": [1,2],
        "buff_profit": 1,
        "is_fold": 0,
        "fold_number": -1,
        "buff_name_path": "buff_name_hudun_png",
        "is_showIcon": 1,
        "is_Iconlist": -1,
        "icon_path": "buff_icon_hudun_png",
        "is_foldIcon": -1,
        "des": "护盾"
    },
    "58": {
        "buff_id": 58,
        "buff_name": "流血",
        "buff_ani": 1,
        "buff_ima_path": "buff_icon_liuxue_png",
        "spx_id": -1,
        "action_id": -1,
        "blend_active": 1,
        "buff_pos": "mid",
        "ani_trigger": [1],
        "word_trigger": [1],
        "buff_profit": 2,
        "is_fold": 1,
        "fold_number": 3,
        "buff_name_path": "buff_name_liuxue_png",
        "is_showIcon": 1,
        "is_Iconlist": 1,
        "icon_path": "buff_icon_liuxue_png",
        "is_foldIcon": 3,
        "des": "流血"
    },
    "59": {
        "buff_id": 59,
        "buff_name": "标记",
        "buff_ani": 1,
        "buff_ima_path": "buff_icon_biaoji_png",
        "spx_id": -1,
        "action_id": -1,
        "blend_active": 1,
        "buff_pos": "mid",
        "ani_trigger": [1],
        "word_trigger": [1],
        "buff_profit": 2,
        "is_fold": 1,
        "fold_number": 3,
        "buff_name_path": "buff_name_biaoji_png",
        "is_showIcon": 1,
        "is_Iconlist": 1,
        "icon_path": "buff_icon_biaoji_png",
        "is_foldIcon": 3,
        "des": "标记"
    },
    "60": {
        "buff_id": 60,
        "buff_name": "回复（攻击）",
        "buff_ani": 1,
        "buff_ima_path": "buff_icon_zhiliao_png",
        "spx_id": -1,
        "action_id": -1,
        "blend_active": 1,
        "buff_pos": "mid",
        "ani_trigger": [1],
        "word_trigger": [1],
        "buff_profit": 1,
        "is_fold": 1,
        "fold_number": 3,
        "buff_name_path": "buff_name_zhiliao_png",
        "is_showIcon": 1,
        "is_Iconlist": 1,
        "icon_path": "buff_icon_zhiliao_png",
        "is_foldIcon": 3,
        "des": "回复"
    }}
