{
    "1": {
        "id": 1,
        "des": "猎人世界",
        "pic_path": "ui_cartoon_Cartoon1",
        "pic_time": 7,
        "pic_speed": 45,
        "pic_opacity_time1": 3,
        "pic_opacity_time2": 1,
        "pic_opacity": 51,
        "pic_direction": 4,
        "text_delayTime": 0.3,
        "text_info": "怪兽、财宝、秘境...世界上充满了未知和挑战，吸引了无数的人去追求。",
        "graph": 1000,
        "pic_direction2": 1,
        "music": -1
    },
    "2": {
        "id": 2,
        "des": "猎人们",
        "pic_path": "ui_cartoon_Cartoon2",
        "pic_time": 9,
        "pic_speed": 50,
        "pic_opacity_time1": 1,
        "pic_opacity_time2": 3,
        "pic_opacity": 122,
        "pic_direction": 3,
        "text_delayTime": 0.3,
        "text_info": "他们就是......猎人",
        "graph": 1000,
        "pic_direction2": 0,
        "music": -1
    },
    "3": {
        "id": 3,
        "des": "黑屏",
        "pic_path": "ui_cartoon_Cartoon3",
        "pic_time": 4,
        "pic_speed": 0,
        "pic_opacity_time1": 3,
        "pic_opacity_time2": 1,
        "pic_opacity": 50,
        "pic_direction": 1,
        "text_delayTime": 0,
        "text_info": "",
        "graph": 1000,
        "pic_direction2": 0,
        "music": -1
    },
    "4": {
        "id": 4,
        "des": "小杰钓鱼",
        "pic_path": "ui_cartoon_Cartoon4",
        "pic_time": 7,
        "pic_speed": 50,
        "pic_opacity_time1": 1,
        "pic_opacity_time2": 1,
        "pic_opacity": 122,
        "pic_direction": 4,
        "text_delayTime": 0.3,
        "text_info": "",
        "graph": 1000,
        "pic_direction2": 0,
        "music": -1
    },
    "5": {
        "id": 5,
        "des": "小杰看海",
        "pic_path": "ui_cartoon_Cartoon5",
        "pic_time": 9,
        "pic_speed": 50,
        "pic_opacity_time1": 1,
        "pic_opacity_time2": 3,
        "pic_opacity": 122,
        "pic_direction": 1,
        "text_delayTime": 0.3,
        "text_info": "同样梦想着成为猎人的他，坚定的踏上了寻找金的漫漫旅途...",
        "graph": 1001,
        "pic_direction2": 0,
        "music": -1
    },
    "6": {
        "id": 6,
        "des": "第1章",
        "pic_path": "ui_cartoon_area1_1",
        "pic_time": 9,
        "pic_speed": 50,
        "pic_opacity_time1": 3,
        "pic_opacity_time2": 1,
        "pic_opacity": 51,
        "pic_direction": 4,
        "text_delayTime": 0.3,
        "text_info": "表现出色的小杰、雷欧力和酷拉皮卡得到了船长的赏识",
        "graph": 1,
        "pic_direction2": 0,
        "music": 100002
    },
    "7": {
        "id": 7,
        "des": "第1章",
        "pic_path": "ui_cartoon_area1_2",
        "pic_time": 7,
        "pic_speed": 50,
        "pic_opacity_time1": 1,
        "pic_opacity_time2": 1,
        "pic_opacity": 122,
        "pic_direction": 3,
        "text_delayTime": 0.3,
        "text_info": "热心的船长决定送他们到达距离考试地点最近的港口",
        "graph": 1,
        "pic_direction2": 0,
        "music": -1
    },
    "8": {
        "id": 8,
        "des": "第1章",
        "pic_path": "ui_cartoon_area1_3",
        "pic_time": 9,
        "pic_speed": 50,
        "pic_opacity_time1": 1,
        "pic_opacity_time2": 3,
        "pic_opacity": 122,
        "pic_direction": 4,
        "text_delayTime": 0.3,
        "text_info": "得知通过考验的三人兴奋不已，艰难而又令人向往的猎人考试即将开始···",
        "graph": 1,
        "pic_direction2": 0,
        "music": -1
    },
    "9": {
        "id": 9,
        "des": "第2章",
        "pic_path": "ui_cartoon_area2_1",
        "pic_time": 9,
        "pic_speed": 50,
        "pic_opacity_time1": 3,
        "pic_opacity_time2": 1,
        "pic_opacity": 51,
        "pic_direction": 4,
        "text_delayTime": 0.3,
        "text_info": "飞艇正在前往新的考场，会长提议玩个小游戏",
        "graph": 2,
        "pic_direction2": 0,
        "music": 100002
    },
    "10": {
        "id": 10,
        "des": "第2章",
        "pic_path": "ui_cartoon_area2_2",
        "pic_time": 7,
        "pic_speed": 50,
        "pic_opacity_time1": 1,
        "pic_opacity_time2": 1,
        "pic_opacity": 122,
        "pic_direction": 3,
        "text_delayTime": 0.3,
        "text_info": "奇犽使出浑身解数依旧无法碰到会长手中的球...",
        "graph": 2,
        "pic_direction2": 0,
        "music": -1
    },
    "11": {
        "id": 11,
        "des": "第2章",
        "pic_path": "ui_cartoon_area2_3",
        "pic_time": 9,
        "pic_speed": 50,
        "pic_opacity_time1": 1,
        "pic_opacity_time2": 3,
        "pic_opacity": 122,
        "pic_direction": 4,
        "text_delayTime": 0.3,
        "text_info": "经过不懈的努力，小杰终于逼得会长使用了双手。新的考验即将开始...",
        "graph": 2,
        "pic_direction2": 0,
        "music": -1
    },
    "12": {
        "id": 12,
        "des": "第3章",
        "pic_path": "ui_cartoon_area3_1",
        "pic_time": 9,
        "pic_speed": 50,
        "pic_opacity_time1": 3,
        "pic_opacity_time2": 1,
        "pic_opacity": 51,
        "pic_direction": 4,
        "text_delayTime": 0.3,
        "text_info": "面对大哥伊尔谜，奇犽心中生起了万分的恐惧，他不敢与之交手。",
        "graph": 3,
        "pic_direction2": 0,
        "music": 100002
    },
    "13": {
        "id": 13,
        "des": "第3章",
        "pic_path": "ui_cartoon_area3_2",
        "pic_time": 7,
        "pic_speed": 50,
        "pic_opacity_time1": 1,
        "pic_opacity_time2": 1,
        "pic_opacity": 122,
        "pic_direction": 3,
        "text_delayTime": 0.3,
        "text_info": "伊尔谜告诫奇犽，让他不要有自己的小心思，乖乖听从自己的安排。",
        "graph": 3,
        "pic_direction2": 0,
        "music": -1
    },
    "14": {
        "id": 14,
        "des": "第3章",
        "pic_path": "ui_cartoon_area3_3",
        "pic_time": 9,
        "pic_speed": 50,
        "pic_opacity_time1": 1,
        "pic_opacity_time2": 3,
        "pic_opacity": 122,
        "pic_direction": 4,
        "text_delayTime": 0.3,
        "text_info": "得知奇犽出走的小杰悲愤交加，问出奇犽的下落后，众人决定前往枯枯戮山。",
        "graph": 3,
        "pic_direction2": 0,
        "music": -1
    },
    "15": {
        "id": 15,
        "des": "第4章",
        "pic_path": "ui_cartoon_area4_1",
        "pic_time": 9,
        "pic_speed": 50,
        "pic_opacity_time1": 3,
        "pic_opacity_time2": 1,
        "pic_opacity": 51,
        "pic_direction": 4,
        "text_delayTime": 0.3,
        "text_info": "经历了诸多考验，众人总算进入了揍敌客家族的领地。",
        "graph": 4,
        "pic_direction2": 0,
        "music": 100002
    },
    "16": {
        "id": 16,
        "des": "第4章",
        "pic_path": "ui_cartoon_area4_2",
        "pic_time": 7,
        "pic_speed": 50,
        "pic_opacity_time1": 1,
        "pic_opacity_time2": 1,
        "pic_opacity": 122,
        "pic_direction": 3,
        "text_delayTime": 0.3,
        "text_info": "从奇犽的母亲口中得知了，奇犽被关在了独居房。",
        "graph": 4,
        "pic_direction2": 0,
        "music": -1
    },
    "17": {
        "id": 17,
        "des": "第4章",
        "pic_path": "ui_cartoon_area4_3",
        "pic_time": 9,
        "pic_speed": 50,
        "pic_opacity_time1": 1,
        "pic_opacity_time2": 3,
        "pic_opacity": 122,
        "pic_direction": 4,
        "text_delayTime": 0.3,
        "text_info": "柯特对于哥哥的这群朋友抱有敌意，这个兄控少年究竟隐藏着什么秘密呢？",
        "graph": 4,
        "pic_direction2": 0,
        "music": -1
    },
    "18": {
        "id": 18,
        "des": "第5章",
        "pic_path": "ui_cartoon_area5_1",
        "pic_time": 9,
        "pic_speed": 50,
        "pic_opacity_time1": 3,
        "pic_opacity_time2": 1,
        "pic_opacity": 51,
        "pic_direction": 4,
        "text_delayTime": 0.3,
        "text_info": "席巴决定尊重奇犽的决定，同意他与小杰继续进行冒险。",
        "graph": 5,
        "pic_direction2": 0,
        "music": 100002
    },
    "19": {
        "id": 19,
        "des": "第5章",
        "pic_path": "ui_cartoon_area5_2",
        "pic_time": 7,
        "pic_speed": 50,
        "pic_opacity_time1": 1,
        "pic_opacity_time2": 1,
        "pic_opacity": 122,
        "pic_direction": 3,
        "text_delayTime": 0.3,
        "text_info": "父子之间定下约定，奇犽永远不会背叛自己的伙伴。",
        "graph": 5,
        "pic_direction2": 0,
        "music": -1
    },
    "20": {
        "id": 20,
        "des": "第5章",
        "pic_path": "ui_cartoon_area5_3",
        "pic_time": 9,
        "pic_speed": 50,
        "pic_opacity_time1": 1,
        "pic_opacity_time2": 3,
        "pic_opacity": 122,
        "pic_direction": 4,
        "text_delayTime": 0.3,
        "text_info": "为了向西索复仇，小杰决定听从奇犽的建议，去天空竞技场修炼。新的冒险即将拉开帷幕…",
        "graph": 5,
        "pic_direction2": 0,
        "music": -1
    },
    "21": {
        "id": 21,
        "des": "第6章",
        "pic_path": "ui_cartoon_area6_1",
        "pic_time": 9,
        "pic_speed": 50,
        "pic_opacity_time1": 3,
        "pic_opacity_time2": 1,
        "pic_opacity": 51,
        "pic_direction": 4,
        "text_delayTime": 0.3,
        "text_info": "小杰利用碎石掩护自己的身形，趁其不备一拳打在了西索的脸上。",
        "graph": 6,
        "pic_direction2": 0,
        "music": 100002
    },
    "22": {
        "id": 22,
        "des": "第6章",
        "pic_path": "ui_cartoon_area6_2",
        "pic_time": 7,
        "pic_speed": 50,
        "pic_opacity_time1": 1,
        "pic_opacity_time2": 1,
        "pic_opacity": 122,
        "pic_direction": 3,
        "text_delayTime": 0.3,
        "text_info": "后续的战斗中，尽管小杰使出浑身解数，却因双方实力相差悬殊，遗憾落败。",
        "graph": 6,
        "pic_direction2": 0,
        "music": -1
    },
    "23": {
        "id": 23,
        "des": "第6章",
        "pic_path": "ui_cartoon_area6_3",
        "pic_time": 9,
        "pic_speed": 50,
        "pic_opacity_time1": 1,
        "pic_opacity_time2": 3,
        "pic_opacity": 122,
        "pic_direction": 4,
        "text_delayTime": 0.3,
        "text_info": "小杰与西索的恩怨暂时告一段落。另一方面，酷拉皮卡得知幻影旅团将会在友克鑫市集合…",
        "graph": 6,
        "pic_direction2": 0,
        "music": -1
    },
    "24": {
        "id": 24,
        "des": "第7章",
        "pic_path": "ui_cartoon_area7_1",
        "pic_time": 9,
        "pic_speed": 50,
        "pic_opacity_time1": 3,
        "pic_opacity_time2": 1,
        "pic_opacity": 51,
        "pic_direction": 4,
        "text_delayTime": 0.3,
        "text_info": "旅团成员彼此之间多年未见，这次相遇，信长难免有些手痒。",
        "graph": 7,
        "pic_direction2": 0,
        "music": 100002
    },
    "25": {
        "id": 25,
        "des": "第7章",
        "pic_path": "ui_cartoon_area7_2",
        "pic_time": 7,
        "pic_speed": 50,
        "pic_opacity_time1": 1,
        "pic_opacity_time2": 1,
        "pic_opacity": 122,
        "pic_direction": 3,
        "text_delayTime": 0.3,
        "text_info": "他挑唆富兰克林与自己动手，二人打闹一番，便前往聚集地会合。",
        "graph": 7,
        "pic_direction2": 0,
        "music": -1
    },
    "26": {
        "id": 26,
        "des": "第7章",
        "pic_path": "ui_cartoon_area7_3",
        "pic_time": 9,
        "pic_speed": 50,
        "pic_opacity_time1": 1,
        "pic_opacity_time2": 3,
        "pic_opacity": 122,
        "pic_direction": 4,
        "text_delayTime": 0.3,
        "text_info": "酷拉皮卡接到旅团将要袭击拍卖会的消息。他会如何向蜘蛛复仇？",
        "graph": 7,
        "pic_direction2": 0,
        "music": -1
    },
    "27": {
        "id": 27,
        "des": "第8章",
        "pic_path": "ui_cartoon_area8_1",
        "pic_time": 9,
        "pic_speed": 50,
        "pic_opacity_time1": 3,
        "pic_opacity_time2": 1,
        "pic_opacity": 51,
        "pic_direction": 4,
        "text_delayTime": 0.3,
        "text_info": "在与窝金的决斗中，酷拉皮卡使用念能力成功束缚住了窝金。",
        "graph": 8,
        "pic_direction2": 0,
        "music": 100002
    },
    "28": {
        "id": 28,
        "des": "第8章",
        "pic_path": "ui_cartoon_area8_2",
        "pic_time": 7,
        "pic_speed": 50,
        "pic_opacity_time1": 1,
        "pic_opacity_time2": 1,
        "pic_opacity": 122,
        "pic_direction": 3,
        "text_delayTime": 0.3,
        "text_info": "为了逼迫窝金说出旅团其他成员的情报，酷拉皮卡将惩戒之楔插入了窝金的心脏。",
        "graph": 8,
        "pic_direction2": 0,
        "music": -1
    },
    "29": {
        "id": 29,
        "des": "第8章",
        "pic_path": "ui_cartoon_area8_3",
        "pic_time": 9,
        "pic_speed": 50,
        "pic_opacity_time1": 1,
        "pic_opacity_time2": 3,
        "pic_opacity": 122,
        "pic_direction": 4,
        "text_delayTime": 0.3,
        "text_info": "窝金选择了死亡，但是却没有让酷拉皮卡获得复仇的快感...",
        "graph": 8,
        "pic_direction2": 0,
        "music": -1
    },
    "30": {
        "id": 30,
        "des": "第9章",
        "pic_path": "ui_cartoon_area9_1",
        "pic_time": 9,
        "pic_speed": 50,
        "pic_opacity_time1": 3,
        "pic_opacity_time2": 1,
        "pic_opacity": 51,
        "pic_direction": 4,
        "text_delayTime": 0.3,
        "text_info": "被封印念能力的库洛洛独自一人望向远处",
        "graph": 9,
        "pic_direction2": 0,
        "music": 100002
    },
    "31": {
        "id": 31,
        "des": "第9章",
        "pic_path": "ui_cartoon_area9_2",
        "pic_time": 7,
        "pic_speed": 50,
        "pic_opacity_time1": 1,
        "pic_opacity_time2": 1,
        "pic_opacity": 122,
        "pic_direction": 3,
        "text_delayTime": 0.3,
        "text_info": "他知道在那个方向有能够帮助他恢复念力的人---除念师",
        "graph": 9,
        "pic_direction2": 0,
        "music": -1
    },
    "32": {
        "id": 32,
        "des": "第9章",
        "pic_path": "ui_cartoon_area9_3",
        "pic_time": 9,
        "pic_speed": 50,
        "pic_opacity_time1": 1,
        "pic_opacity_time2": 3,
        "pic_opacity": 122,
        "pic_direction": 4,
        "text_delayTime": 0.3,
        "text_info": "旅团之事告一段落。而小杰、奇犽二人，打算在拍卖会中拍下游戏贪婪之岛",
        "graph": 9,
        "pic_direction2": 0,
        "music": -1
    },
    "33": {
        "id": 33,
        "des": "第10章",
        "pic_path": "ui_cartoon_area10_1",
        "pic_time": 9,
        "pic_speed": 50,
        "pic_opacity_time1": 3,
        "pic_opacity_time2": 1,
        "pic_opacity": 51,
        "pic_direction": 4,
        "text_delayTime": 0.3,
        "text_info": "为了培养小杰、奇犽的战斗观察力，比丝姬决定让二人去收集附近的怪物卡。",
        "graph": 10,
        "pic_direction2": 0,
        "music": 100002
    },
    "34": {
        "id": 34,
        "des": "第10章",
        "pic_path": "ui_cartoon_area10_2",
        "pic_time": 7,
        "pic_speed": 50,
        "pic_opacity_time1": 1,
        "pic_opacity_time2": 1,
        "pic_opacity": 122,
        "pic_direction": 3,
        "text_delayTime": 0.3,
        "text_info": "在二人完成任务之后，比丝姬正式开始教导二人如何使用“硬”与“坚”。",
        "graph": 10,
        "pic_direction2": 0,
        "music": -1
    },
    "35": {
        "id": 35,
        "des": "第10章",
        "pic_path": "ui_cartoon_area10_3",
        "pic_time": 9,
        "pic_speed": 50,
        "pic_opacity_time1": 1,
        "pic_opacity_time2": 3,
        "pic_opacity": 122,
        "pic_direction": 4,
        "text_delayTime": 0.3,
        "text_info": "比丝姬向小杰、奇犽介绍了猜拳的由来。小杰听后，他决定将这种将这种拳法作为自己的必杀技。",
        "graph": 10,
        "pic_direction2": 0,
        "music": -1
    },
    "36": {
        "id": 36,
        "des": "第11章",
        "pic_path": "ui_cartoon_area11_1",
        "pic_time": 9,
        "pic_speed": 50,
        "pic_opacity_time1": 3,
        "pic_opacity_time2": 1,
        "pic_opacity": 51,
        "pic_direction": 4,
        "text_delayTime": 0.3,
        "text_info": "磊札将念附在躲避球上，使出全力抛出一球。",
        "graph": 11,
        "pic_direction2": 0,
        "music": 100002
    },
    "37": {
        "id": 37,
        "des": "第11章",
        "pic_path": "ui_cartoon_area11_2",
        "pic_time": 7,
        "pic_speed": 50,
        "pic_opacity_time1": 1,
        "pic_opacity_time2": 1,
        "pic_opacity": 122,
        "pic_direction": 3,
        "text_delayTime": 0.3,
        "text_info": "小杰使出“硬”护住额头和双手。不料，整个人被球撞至场外。",
        "graph": 11,
        "pic_direction2": 0,
        "music": -1
    },
    "38": {
        "id": 38,
        "des": "第11章",
        "pic_path": "ui_cartoon_area11_3",
        "pic_time": 9,
        "pic_speed": 50,
        "pic_opacity_time1": 1,
        "pic_opacity_time2": 3,
        "pic_opacity": 122,
        "pic_direction": 4,
        "text_delayTime": 0.3,
        "text_info": "重返赛场的小杰，将体内的气全部集中到拳头上，他决定与磊札一球定胜负…",
        "graph": 11,
        "pic_direction2": 0,
        "music": -1
    },
    "39": {
        "id": 39,
        "des": "第12章",
        "pic_path": "ui_cartoon_area12_1",
        "pic_time": 9,
        "pic_speed": 50,
        "pic_opacity_time1": 3,
        "pic_opacity_time2": 1,
        "pic_opacity": 51,
        "pic_direction": 4,
        "text_delayTime": 0.3,
        "text_info": "小杰使用必杀技“猜拳”成功解决掉了炸弹魔甘舒。",
        "graph": 12,
        "pic_direction2": 0,
        "music": 100002
    },
    "40": {
        "id": 40,
        "des": "第12章",
        "pic_path": "ui_cartoon_area12_2",
        "pic_time": 7,
        "pic_speed": 50,
        "pic_opacity_time1": 1,
        "pic_opacity_time2": 1,
        "pic_opacity": 122,
        "pic_direction": 3,
        "text_delayTime": 0.3,
        "text_info": "另一方面，奇犽也顺利击败了炸弹魔的同伙。",
        "graph": 12,
        "pic_direction2": 0,
        "music": -1
    },
    "41": {
        "id": 41,
        "des": "第12章",
        "pic_path": "ui_cartoon_area12_3",
        "pic_time": 9,
        "pic_speed": 50,
        "pic_opacity_time1": 1,
        "pic_opacity_time2": 3,
        "pic_opacity": 122,
        "pic_direction": 4,
        "text_delayTime": 0.3,
        "text_info": "集齐卡片的小杰进入了贪婪之城，并找到了见到金的方法。告别了比司吉之后，小杰和奇犽踏上了新的征程…",
        "graph": 12,
        "pic_direction2": 0,
        "music": -1
    },
    "42": {
        "id": 42,
        "des": "第13章",
        "pic_path": "ui_cartoon_area13_1",
        "pic_time": 9,
        "pic_speed": 50,
        "pic_opacity_time1": 3,
        "pic_opacity_time2": 1,
        "pic_opacity": 51,
        "pic_direction": 4,
        "text_delayTime": 0.3,
        "text_info": "尼飞彼多为了测试自己的实力，她决定四处寻找猎物。",
        "graph": 13,
        "pic_direction2": 0,
        "music": 100002
    },
    "43": {
        "id": 43,
        "des": "第13章",
        "pic_path": "ui_cartoon_area13_2",
        "pic_time": 7,
        "pic_speed": 50,
        "pic_opacity_time1": 1,
        "pic_opacity_time2": 1,
        "pic_opacity": 122,
        "pic_direction": 3,
        "text_delayTime": 0.3,
        "text_info": "为了保护小杰，凯特被尼飞彼多偷袭，失去了一条胳膊。",
        "graph": 13,
        "pic_direction2": 0,
        "music": -1
    },
    "44": {
        "id": 44,
        "des": "第13章",
        "pic_path": "ui_cartoon_area13_3",
        "pic_time": 9,
        "pic_speed": 50,
        "pic_opacity_time1": 1,
        "pic_opacity_time2": 3,
        "pic_opacity": 122,
        "pic_direction": 4,
        "text_delayTime": 0.3,
        "text_info": "奇犽顺势敲晕了小杰，背起他成功逃走，独留凯特一人断后。这一次凯特能度过难关吗？",
        "graph": 13,
        "pic_direction2": 0,
        "music": -1
    },
    "45": {
        "id": 45,
        "des": "第14章",
        "pic_path": "ui_cartoon_area14_1",
        "pic_time": 9,
        "pic_speed": 50,
        "pic_opacity_time1": 3,
        "pic_opacity_time2": 1,
        "pic_opacity": 51,
        "pic_direction": 4,
        "text_delayTime": 0.3,
        "text_info": "蚁王带领王直属护卫队占据了东果陀共和国的王国。",
        "graph": 14,
        "pic_direction2": 0,
        "music": 100002
    },
    "46": {
        "id": 46,
        "des": "第14章",
        "pic_path": "ui_cartoon_area14_2",
        "pic_time": 7,
        "pic_speed": 50,
        "pic_opacity_time1": 1,
        "pic_opacity_time2": 1,
        "pic_opacity": 122,
        "pic_direction": 3,
        "text_delayTime": 0.3,
        "text_info": "蚁王为了打发无聊的时间，决定征集全国的棋类冠军，打算与他们一一对弈。",
        "graph": 14,
        "pic_direction2": 0,
        "music": -1
    },
    "47": {
        "id": 47,
        "des": "第14章",
        "pic_path": "ui_cartoon_area14_3",
        "pic_time": 9,
        "pic_speed": 50,
        "pic_opacity_time1": 1,
        "pic_opacity_time2": 3,
        "pic_opacity": 122,
        "pic_direction": 4,
        "text_delayTime": 0.3,
        "text_info": "直至遇到一名军仪少女。此刻的蚁王，还不知这名少女将会与自己的命运产生极大的关联。",
        "graph": 14,
        "pic_direction2": 0,
        "music": -1
    },
    "48": {
        "id": 48,
        "des": "第15章",
        "pic_path": "ui_cartoon_area15_1",
        "pic_time": 9,
        "pic_speed": 50,
        "pic_opacity_time1": 3,
        "pic_opacity_time2": 1,
        "pic_opacity": 51,
        "pic_direction": 4,
        "text_delayTime": 0.3,
        "text_info": "枭亚普夫在敌人入侵时，没有陪在蚁王身边，感到有些自责。",
        "graph": 15,
        "pic_direction2": 0,
        "music": 100002
    },
    "49": {
        "id": 49,
        "des": "第15章",
        "pic_path": "ui_cartoon_area15_2",
        "pic_time": 7,
        "pic_speed": 50,
        "pic_opacity_time1": 1,
        "pic_opacity_time2": 1,
        "pic_opacity": 122,
        "pic_direction": 3,
        "text_delayTime": 0.3,
        "text_info": "不曾想，莫老五已经偷偷摸到了他的身旁，他使用烟雾困住了枭亚普夫。",
        "graph": 15,
        "pic_direction2": 0,
        "music": -1
    },
    "50": {
        "id": 50,
        "des": "第15章",
        "pic_path": "ui_cartoon_area15_3",
        "pic_time": 9,
        "pic_speed": 50,
        "pic_opacity_time1": 1,
        "pic_opacity_time2": 3,
        "pic_opacity": 122,
        "pic_direction": 4,
        "text_delayTime": 0.3,
        "text_info": "枭亚普夫与莫老五展开心理战，他使用分身迷惑莫老五，而真身趁势夺下莫老五的武器烟斗。",
        "graph": 15,
        "pic_direction2": 0,
        "music": -1
    },
    "51": {
        "id": 51,
        "des": "第16章",
        "pic_path": "ui_cartoon_area16_1",
        "pic_time": 9,
        "pic_speed": 50,
        "pic_opacity_time1": 3,
        "pic_opacity_time2": 1,
        "pic_opacity": 51,
        "pic_direction": 4,
        "text_delayTime": 0.3,
        "text_info": "奇犽打算背着小麦，寻觅一处藏身之所。",
        "graph": 16,
        "pic_direction2": 0,
        "music": 100002
    },
    "52": {
        "id": 52,
        "des": "第16章",
        "pic_path": "ui_cartoon_area16_2",
        "pic_time": 7,
        "pic_speed": 50,
        "pic_opacity_time1": 1,
        "pic_opacity_time2": 1,
        "pic_opacity": 122,
        "pic_direction": 3,
        "text_delayTime": 0.3,
        "text_info": "却被枭亚普夫察觉，枭亚普夫打算杀死小麦，以此清除蚁王的软肋。",
        "graph": 16,
        "pic_direction2": 0,
        "music": -1
    },
    "53": {
        "id": 53,
        "des": "第16章",
        "pic_path": "ui_cartoon_area16_3",
        "pic_time": 9,
        "pic_speed": 50,
        "pic_opacity_time1": 1,
        "pic_opacity_time2": 3,
        "pic_opacity": 122,
        "pic_direction": 4,
        "text_delayTime": 0.3,
        "text_info": "面对穷凶极恶的枭亚普夫，奇犽爆发了超长的实力",
        "graph": 16,
        "pic_direction2": 0,
        "music": -1
    },
    "54": {
        "id": 54,
        "des": "第17章",
        "pic_path": "ui_cartoon_area17_1",
        "pic_time": 9,
        "pic_speed": 50,
        "pic_opacity_time1": 3,
        "pic_opacity_time2": 1,
        "pic_opacity": 51,
        "pic_direction": 4,
        "text_delayTime": 0.3,
        "text_info": "尼飞彼多将凯特已死的真相告诉了小杰，受到欺骗的小杰浑身散发着黑色的念力",
        "graph": 17,
        "pic_direction2": 0,
        "music": 100002
    },
    "55": {
        "id": 55,
        "des": "第17章",
        "pic_path": "ui_cartoon_area17_2",
        "pic_time": 7,
        "pic_speed": 50,
        "pic_opacity_time1": 1,
        "pic_opacity_time2": 1,
        "pic_opacity": 122,
        "pic_direction": 3,
        "text_delayTime": 0.3,
        "text_info": "黑化后的小杰秒杀了尼飞彼多，成功为凯特复仇。",
        "graph": 17,
        "pic_direction2": 0,
        "music": -1
    },
    "56": {
        "id": 56,
        "des": "第17章",
        "pic_path": "ui_cartoon_area17_3",
        "pic_time": 9,
        "pic_speed": 50,
        "pic_opacity_time1": 1,
        "pic_opacity_time2": 3,
        "pic_opacity": 122,
        "pic_direction": 4,
        "text_delayTime": 0.3,
        "text_info": "小杰感受着能力的反噬，跟最好的朋友奇犽告别...",
        "graph": 17,
        "pic_direction2": 0,
        "music": -1
    },
    "57": {
        "id": 57,
        "des": "第18章",
        "pic_path": "ui_cartoon_area18_1",
        "pic_time": 9,
        "pic_speed": 50,
        "pic_opacity_time1": 3,
        "pic_opacity_time2": 1,
        "pic_opacity": 51,
        "pic_direction": 4,
        "text_delayTime": 0.3,
        "text_info": "奇犽回到了揍敌客家族，当他提出想要见到拿尼加时，却遭到了家人的一致反对。",
        "graph": 18,
        "pic_direction2": 0,
        "music": 100002
    },
    "58": {
        "id": 58,
        "des": "第18章",
        "pic_path": "ui_cartoon_area18_2",
        "pic_time": 7,
        "pic_speed": 50,
        "pic_opacity_time1": 1,
        "pic_opacity_time2": 1,
        "pic_opacity": 122,
        "pic_direction": 3,
        "text_delayTime": 0.3,
        "text_info": "奇犽成功劝说父亲，让自己见到了拿尼加。",
        "graph": 18,
        "pic_direction2": 0,
        "music": -1
    },
    "59": {
        "id": 59,
        "des": "第18章",
        "pic_path": "ui_cartoon_area18_3",
        "pic_time": 9,
        "pic_speed": 50,
        "pic_opacity_time1": 1,
        "pic_opacity_time2": 3,
        "pic_opacity": 122,
        "pic_direction": 4,
        "text_delayTime": 0.3,
        "text_info": "兄弟二人成功离开了枯枯戮山。只是在通往医院的道路上，即将掀起诸多波澜...",
        "graph": 18,
        "pic_direction2": 0,
        "music": -1
    },
    "60": {
        "id": 60,
        "des": "第19章",
        "pic_path": "ui_cartoon_area19_1",
        "pic_time": 9,
        "pic_speed": 50,
        "pic_opacity_time1": 3,
        "pic_opacity_time2": 1,
        "pic_opacity": 51,
        "pic_direction": 4,
        "text_delayTime": 0.3,
        "text_info": "帕里斯通在演讲中发表自己的观点，他打算革除猎人协会的制度弊端，重新建设新的制度。",
        "graph": 19,
        "pic_direction2": 0,
        "music": 100002
    },
    "61": {
        "id": 61,
        "des": "第19章",
        "pic_path": "ui_cartoon_area19_2",
        "pic_time": 7,
        "pic_speed": 50,
        "pic_opacity_time1": 1,
        "pic_opacity_time2": 1,
        "pic_opacity": 122,
        "pic_direction": 3,
        "text_delayTime": 0.3,
        "text_info": "康复后的小杰来到了选举现场，他与雷欧力会面后，将选举票投给了帕里斯通。",
        "graph": 19,
        "pic_direction2": 0,
        "music": -1
    },
    "62": {
        "id": 62,
        "des": "第19章",
        "pic_path": "ui_cartoon_area19_3",
        "pic_time": 9,
        "pic_speed": 50,
        "pic_opacity_time1": 1,
        "pic_opacity_time2": 3,
        "pic_opacity": 122,
        "pic_direction": 4,
        "text_delayTime": 0.3,
        "text_info": "成功当选为13代会长的帕里斯通辞去了会长之位，原来他所作的一切都只是为了继承会长的遗志。",
        "graph": 19,
        "pic_direction2": 0,
        "music": -1
    },
    "63": {
        "id": 63,
        "des": "第20章",
        "pic_path": "ui_cartoon_area20_1",
        "pic_time": 9,
        "pic_speed": 50,
        "pic_opacity_time1": 3,
        "pic_opacity_time2": 1,
        "pic_opacity": 51,
        "pic_direction": 4,
        "text_delayTime": 0.3,
        "text_info": "小杰、奇犽和亚路嘉三人相约去世界树附近的乡镇游玩。",
        "graph": 20,
        "pic_direction2": 0,
        "music": 100002
    },
    "64": {
        "id": 64,
        "des": "第20章",
        "pic_path": "ui_cartoon_area20_2",
        "pic_time": 7,
        "pic_speed": 50,
        "pic_opacity_time1": 1,
        "pic_opacity_time2": 1,
        "pic_opacity": 122,
        "pic_direction": 3,
        "text_delayTime": 0.3,
        "text_info": "随后，小杰成功登上了世界树顶端，见到了自己的父亲。",
        "graph": 20,
        "pic_direction2": 0,
        "music": -1
    },
    "65": {
        "id": 65,
        "des": "第20章",
        "pic_path": "ui_cartoon_area20_3",
        "pic_time": 9,
        "pic_speed": 50,
        "pic_opacity_time1": 1,
        "pic_opacity_time2": 3,
        "pic_opacity": 122,
        "pic_direction": 4,
        "text_delayTime": 0.3,
        "text_info": "父子二人开始畅谈各自经历的往事…",
        "graph": 20,
        "pic_direction2": 0,
        "music": -1
    }}