{
    "1": {
        "index": 1,
        "name": "猎人礼包",
        "pic": "ui_acitivity_mouthgift_icon_lieren_png",
        "name_path": "ui_acitivity_mouthgift_WordsTipCommon2_png"
    },
    "2": {
        "index": 2,
        "name": "卡片礼包",
        "pic": "ui_acitivity_mouthgift_icon_kapian_png",
        "name_path": "ui_acitivity_mouthgift_WordsTipCommon1_png"
    },
    "3": {
        "index": 3,
        "name": "综合礼包",
        "pic": "ui_acitivity_mouthgift_icon_zonghe_png",
        "name_path": "ui_acitivity_mouthgift_WordsTipCommon4_png"
    },
    "4": {
        "index": 4,
        "name": "超值特供",
        "pic": "ui_acitivity_mouthgift_icon_zuanshi_png",
        "name_path": "ui_acitivity_mouthgift_WordsTipCommon6_png"
    },
    "5": {
        "index": 5,
        "name": "超值特供",
        "pic": "ui_acitivity_mouthgift_icon_zuanshi_png",
        "name_path": "ui_acitivity_mouthgift_WordsTipCommon6_png"
    },
    "6": {
        "index": 6,
        "name": "超值特供",
        "pic": "ui_acitivity_mouthgift_icon_zuanshi_png",
        "name_path": "ui_acitivity_mouthgift_WordsTipCommon6_png"
    }}
