{
    "10000": {
        "id": 10000,
        "des": "基础-水平震动-智喜轻拳",
        "screen_shake_frame": 200,
        "range_x": [2,2],
        "range_y": [0,0]
    },
    "10001": {
        "id": 10001,
        "des": "基础-垂直震动-智喜吼叫",
        "screen_shake_frame": 800,
        "range_x": [0,0],
        "range_y": [3,3]
    },
    "10002": {
        "id": 10002,
        "des": "基础-垂直震动-小滴旋风",
        "screen_shake_frame": 1000,
        "range_x": [1,2],
        "range_y": [0,0]
    },
    "10003": {
        "id": 10003,
        "des": "基础-垂直震动-小滴旋风上升",
        "screen_shake_frame": 500,
        "range_x": [0,0],
        "range_y": [1,3]
    },
    "10004": {
        "id": 10004,
        "des": "基础-垂直震动-凯特鬼脸撕咬",
        "screen_shake_frame": 200,
        "range_x": [0,0],
        "range_y": [1,2]
    },
    "10005": {
        "id": 10005,
        "des": "基础-垂直震动-凯特鬼脸撕咬2",
        "screen_shake_frame": 300,
        "range_x": [0,0],
        "range_y": [1,3]
    },
    "10006": {
        "id": 10006,
        "des": "基础-垂直震动-凯特穿刺刀光小",
        "screen_shake_frame": 200,
        "range_x": [1,2],
        "range_y": [0,0]
    },
    "10007": {
        "id": 10007,
        "des": "基础-垂直震动-凯特穿刺刀光大",
        "screen_shake_frame": 300,
        "range_x": [1,3],
        "range_y": [0,0]
    },
    "10008": {
        "id": 10008,
        "des": "玩家-萨次技能2-大冲刺残影1",
        "screen_shake_frame": 1000,
        "range_x": [0,0],
        "range_y": [1,2]
    },
    "10009": {
        "id": 10009,
        "des": "玩家-半藏技能2-穿梭刀光",
        "screen_shake_frame": 1000,
        "range_x": [1,2],
        "range_y": [0,0]
    },
    "10010": {
        "id": 10010,
        "des": "玩家-半藏技能2-爆炸",
        "screen_shake_frame": 300,
        "range_x": [0,0],
        "range_y": [1,3]
    }}
