{
    "101001": {
        "sound_id": 101001,
        "name": "爆炸|轻01",
        "sound_path": "sound/effect_sound/fight_bz_qing01.mp3",
        "sound_type": 1,
        "des": "",
        "add": "",
        "vol": 100
    },
    "101002": {
        "sound_id": 101002,
        "name": "爆炸|轻02",
        "sound_path": "sound/effect_sound/fight_bz_qing02.mp3",
        "sound_type": 1,
        "des": "",
        "add": "",
        "vol": 100
    },
    "102001": {
        "sound_id": 102001,
        "name": "爆炸|重01",
        "sound_path": "sound/effect_sound/fight_bz_zhong01.mp3",
        "sound_type": 1,
        "des": "",
        "add": "",
        "vol": 100
    },
    "102002": {
        "sound_id": 102002,
        "name": "爆炸|重02",
        "sound_path": "sound/effect_sound/fight_bz_zhong02.mp3",
        "sound_type": 1,
        "des": "",
        "add": "",
        "vol": 100
    },
    "102003": {
        "sound_id": 102003,
        "name": "爆炸|重03",
        "sound_path": "sound/effect_sound/fight_bz_zhong03.mp3",
        "sound_type": 1,
        "des": "",
        "add": "",
        "vol": 100
    },
    "102004": {
        "sound_id": 102004,
        "name": "爆炸|重04",
        "sound_path": "sound/effect_sound/fight_bz_zhong04.mp3",
        "sound_type": 1,
        "des": "",
        "add": "",
        "vol": 100
    },
    "102005": {
        "sound_id": 102005,
        "name": "爆炸|重05",
        "sound_path": "sound/effect_sound/fight_bz_zhong05.mp3",
        "sound_type": 1,
        "des": "",
        "add": "",
        "vol": 100
    },
    "102006": {
        "sound_id": 102006,
        "name": "爆炸|重06",
        "sound_path": "sound/effect_sound/fight_bz_zhong06.mp3",
        "sound_type": 1,
        "des": "",
        "add": "",
        "vol": 100
    },
    "201001": {
        "sound_id": 201001,
        "name": "飞行|轻01",
        "sound_path": "sound/effect_sound/fight_fx_qing01.mp3",
        "sound_type": 1,
        "des": "",
        "add": "",
        "vol": 100
    },
    "201002": {
        "sound_id": 201002,
        "name": "飞行|轻02",
        "sound_path": "sound/effect_sound/fight_fx_qing02.mp3",
        "sound_type": 1,
        "des": "",
        "add": "",
        "vol": 100
    },
    "201003": {
        "sound_id": 201003,
        "name": "飞行|轻03",
        "sound_path": "sound/effect_sound/fight_fx_qing03.mp3",
        "sound_type": 1,
        "des": "",
        "add": "",
        "vol": 100
    },
    "201004": {
        "sound_id": 201004,
        "name": "飞行|轻04",
        "sound_path": "sound/effect_sound/fight_fx_qing04.mp3",
        "sound_type": 1,
        "des": "",
        "add": "",
        "vol": 100
    },
    "201005": {
        "sound_id": 201005,
        "name": "飞行|轻05",
        "sound_path": "sound/effect_sound/fight_fx_qing05.mp3",
        "sound_type": 1,
        "des": "",
        "add": "",
        "vol": 100
    },
    "201006": {
        "sound_id": 201006,
        "name": "飞行|轻06",
        "sound_path": "sound/effect_sound/fight_fx_qing06.mp3",
        "sound_type": 1,
        "des": "",
        "add": "",
        "vol": 100
    },
    "201007": {
        "sound_id": 201007,
        "name": "飞行|轻07",
        "sound_path": "sound/effect_sound/fight_fx_qing07.mp3",
        "sound_type": 1,
        "des": "",
        "add": "",
        "vol": 100
    },
    "202001": {
        "sound_id": 202001,
        "name": "飞行|重01",
        "sound_path": "sound/effect_sound/fight_fx_zhong01.mp3",
        "sound_type": 1,
        "des": "",
        "add": "",
        "vol": 100
    },
    "301001": {
        "sound_id": 301001,
        "name": "激光|轻01",
        "sound_path": "sound/effect_sound/fight_jg_qing01.mp3",
        "sound_type": 1,
        "des": "",
        "add": "",
        "vol": 100
    },
    "301002": {
        "sound_id": 301002,
        "name": "激光|轻02",
        "sound_path": "sound/effect_sound/fight_jg_qing02.mp3",
        "sound_type": 1,
        "des": "",
        "add": "",
        "vol": 100
    },
    "301003": {
        "sound_id": 301003,
        "name": "激光|轻03",
        "sound_path": "sound/effect_sound/fight_jg_qing03.mp3",
        "sound_type": 1,
        "des": "",
        "add": "",
        "vol": 100
    },
    "301004": {
        "sound_id": 301004,
        "name": "激光|轻04",
        "sound_path": "sound/effect_sound/fight_jg_qing04.mp3",
        "sound_type": 1,
        "des": "",
        "add": "",
        "vol": 100
    },
    "401001": {
        "sound_id": 401001,
        "name": "机械|发条",
        "sound_path": "sound/effect_sound/fight_jx_fatiao.mp3",
        "sound_type": 1,
        "des": "",
        "add": "",
        "vol": 100
    },
    "402001": {
        "sound_id": 402001,
        "name": "机械|轻01",
        "sound_path": "sound/effect_sound/fight_jx_qing01.mp3",
        "sound_type": 1,
        "des": "",
        "add": "",
        "vol": 100
    },
    "402002": {
        "sound_id": 402002,
        "name": "机械|轻02",
        "sound_path": "sound/effect_sound/fight_jx_qing02.mp3",
        "sound_type": 1,
        "des": "",
        "add": "",
        "vol": 100
    },
    "402003": {
        "sound_id": 402003,
        "name": "机械|轻03",
        "sound_path": "sound/effect_sound/fight_jx_qing03.mp3",
        "sound_type": 1,
        "des": "",
        "add": "",
        "vol": 100
    },
    "402004": {
        "sound_id": 402004,
        "name": "机械|轻04",
        "sound_path": "sound/effect_sound/fight_jx_qing04.mp3",
        "sound_type": 1,
        "des": "",
        "add": "",
        "vol": 100
    },
    "402005": {
        "sound_id": 402005,
        "name": "机械|轻05",
        "sound_path": "sound/effect_sound/fight_jx_qing05.mp3",
        "sound_type": 1,
        "des": "",
        "add": "",
        "vol": 100
    },
    "501001": {
        "sound_id": 501001,
        "name": "魔法|轻01",
        "sound_path": "sound/effect_sound/fight_mf_qing01.mp3",
        "sound_type": 1,
        "des": "",
        "add": "",
        "vol": 100
    },
    "501002": {
        "sound_id": 501002,
        "name": "魔法|轻02",
        "sound_path": "sound/effect_sound/fight_mf_qing02.mp3",
        "sound_type": 1,
        "des": "",
        "add": "",
        "vol": 100
    },
    "501003": {
        "sound_id": 501003,
        "name": "魔法|轻03",
        "sound_path": "sound/effect_sound/fight_mf_qing03.mp3",
        "sound_type": 1,
        "des": "",
        "add": "",
        "vol": 100
    },
    "501004": {
        "sound_id": 501004,
        "name": "魔法|轻04",
        "sound_path": "sound/effect_sound/fight_mf_qing04.mp3",
        "sound_type": 1,
        "des": "",
        "add": "",
        "vol": 100
    },
    "501005": {
        "sound_id": 501005,
        "name": "魔法|轻05",
        "sound_path": "sound/effect_sound/fight_mf_qing05.mp3",
        "sound_type": 1,
        "des": "通用法阵音效",
        "add": "",
        "vol": 100
    },
    "501006": {
        "sound_id": 501006,
        "name": "魔法|轻06",
        "sound_path": "sound/effect_sound/fight_mf_qing06.mp3",
        "sound_type": 1,
        "des": "",
        "add": "",
        "vol": 100
    },
    "501007": {
        "sound_id": 501007,
        "name": "魔法|轻07",
        "sound_path": "sound/effect_sound/fight_mf_qing07.mp3",
        "sound_type": 1,
        "des": "",
        "add": "",
        "vol": 100
    },
    "501008": {
        "sound_id": 501008,
        "name": "魔法|轻08",
        "sound_path": "sound/effect_sound/fight_mf_qing08.mp3",
        "sound_type": 1,
        "des": "",
        "add": "",
        "vol": 100
    },
    "502001": {
        "sound_id": 502001,
        "name": "魔法|重01",
        "sound_path": "sound/effect_sound/fight_mf_zhong1.mp3",
        "sound_type": 1,
        "des": "通用残影音效",
        "add": "",
        "vol": 100
    },
    "502002": {
        "sound_id": 502002,
        "name": "魔法|重02",
        "sound_path": "sound/effect_sound/fight_mf_zhong02.mp3",
        "sound_type": 1,
        "des": "",
        "add": "",
        "vol": 100
    },
    "601001": {
        "sound_id": 601001,
        "name": "劈砍|轻01",
        "sound_path": "sound/effect_sound/fight_pk_qing01.mp3",
        "sound_type": 1,
        "des": "",
        "add": "",
        "vol": 100
    },
    "601002": {
        "sound_id": 601002,
        "name": "劈砍|轻02",
        "sound_path": "sound/effect_sound/fight_pk_qing02.mp3",
        "sound_type": 1,
        "des": "",
        "add": "",
        "vol": 100
    },
    "601003": {
        "sound_id": 601003,
        "name": "劈砍|轻03",
        "sound_path": "sound/effect_sound/fight_pk_qing03.mp3",
        "sound_type": 1,
        "des": "",
        "add": "",
        "vol": 100
    },
    "601004": {
        "sound_id": 601004,
        "name": "劈砍|轻04",
        "sound_path": "sound/effect_sound/fight_pk_qing04.mp3",
        "sound_type": 1,
        "des": "",
        "add": "",
        "vol": 100
    },
    "601005": {
        "sound_id": 601005,
        "name": "劈砍|轻05",
        "sound_path": "sound/effect_sound/fight_pk_qing05.mp3",
        "sound_type": 1,
        "des": "",
        "add": "",
        "vol": 100
    },
    "601006": {
        "sound_id": 601006,
        "name": "劈砍|轻06",
        "sound_path": "sound/effect_sound/fight_pk_qing06.mp3",
        "sound_type": 1,
        "des": "",
        "add": "",
        "vol": 100
    },
    "602001": {
        "sound_id": 602001,
        "name": "劈砍|重01",
        "sound_path": "sound/effect_sound/fight_pk_zhong01.mp3",
        "sound_type": 1,
        "des": "",
        "add": "",
        "vol": 100
    },
    "602002": {
        "sound_id": 602002,
        "name": "劈砍|重02",
        "sound_path": "sound/effect_sound/fight_pk_zhong02.mp3",
        "sound_type": 1,
        "des": "",
        "add": "",
        "vol": 100
    },
    "602003": {
        "sound_id": 602003,
        "name": "劈砍|重03",
        "sound_path": "sound/effect_sound/fight_pk_zhong03.mp3",
        "sound_type": 1,
        "des": "",
        "add": "",
        "vol": 100
    },
    "701001": {
        "sound_id": 701001,
        "name": "受击|刀光01",
        "sound_path": "sound/effect_sound/fight_sj_daoguang01.mp3",
        "sound_type": 1,
        "des": "",
        "add": "",
        "vol": 100
    },
    "701002": {
        "sound_id": 701002,
        "name": "受击|刀光02",
        "sound_path": "sound/effect_sound/fight_sj_daoguang02.mp3",
        "sound_type": 1,
        "des": "通用刀光击中音效",
        "add": "",
        "vol": 100
    },
    "701003": {
        "sound_id": 701003,
        "name": "受击|刀光03",
        "sound_path": "sound/effect_sound/fight_sj_daoguang03.mp3",
        "sound_type": 1,
        "des": "",
        "add": "",
        "vol": 100
    },
    "702001": {
        "sound_id": 702001,
        "name": "受击|轻01",
        "sound_path": "sound/effect_sound/fight_sj_qing01.mp3",
        "sound_type": 1,
        "des": "",
        "add": "",
        "vol": 100
    },
    "702002": {
        "sound_id": 702002,
        "name": "受击|轻02",
        "sound_path": "sound/effect_sound/fight_sj_qing02.mp3",
        "sound_type": 1,
        "des": "",
        "add": "",
        "vol": 100
    },
    "702003": {
        "sound_id": 702003,
        "name": "受击|轻03",
        "sound_path": "sound/effect_sound/fight_sj_qing03.mp3",
        "sound_type": 1,
        "des": "",
        "add": "",
        "vol": 100
    },
    "702004": {
        "sound_id": 702004,
        "name": "受击|轻04",
        "sound_path": "sound/effect_sound/fight_sj_qing04.mp3",
        "sound_type": 1,
        "des": "",
        "add": "",
        "vol": 100
    },
    "703001": {
        "sound_id": 703001,
        "name": "受击|拳头01",
        "sound_path": "sound/effect_sound/fight_sj_quantou01.mp3",
        "sound_type": 1,
        "des": "",
        "add": "",
        "vol": 100
    },
    "703002": {
        "sound_id": 703002,
        "name": "受击|拳头02",
        "sound_path": "sound/effect_sound/fight_sj_quantou02.mp3",
        "sound_type": 1,
        "des": "",
        "add": "",
        "vol": 100
    },
    "703003": {
        "sound_id": 703003,
        "name": "受击|拳头03",
        "sound_path": "sound/effect_sound/fight_sj_quantou03.mp3",
        "sound_type": 1,
        "des": "",
        "add": "",
        "vol": 100
    },
    "703004": {
        "sound_id": 703004,
        "name": "受击|拳头04",
        "sound_path": "sound/effect_sound/fight_sj_quantou04.mp3",
        "sound_type": 1,
        "des": "",
        "add": "",
        "vol": 100
    },
    "703005": {
        "sound_id": 703005,
        "name": "受击|拳头05",
        "sound_path": "sound/effect_sound/fight_sj_quantou05.mp3",
        "sound_type": 1,
        "des": "通用物理击中音效",
        "add": "",
        "vol": 100
    },
    "703006": {
        "sound_id": 703006,
        "name": "受击|拳头06",
        "sound_path": "sound/effect_sound/fight_sj_quantou06.mp3",
        "sound_type": 1,
        "des": "",
        "add": "",
        "vol": 100
    },
    "704001": {
        "sound_id": 704001,
        "name": "受击|重01",
        "sound_path": "sound/effect_sound/fight_sj_zhong01.mp3",
        "sound_type": 1,
        "des": "",
        "add": "",
        "vol": 100
    },
    "801001": {
        "sound_id": 801001,
        "name": "提示|蓄力01",
        "sound_path": "sound/effect_sound/fight_ts_xuli01.mp3",
        "sound_type": 1,
        "des": "",
        "add": "",
        "vol": 100
    },
    "801002": {
        "sound_id": 801002,
        "name": "提示|蓄力02",
        "sound_path": "sound/effect_sound/fight_ts_xuli02.mp3",
        "sound_type": 1,
        "des": "",
        "add": "",
        "vol": 100
    },
    "801003": {
        "sound_id": 801003,
        "name": "提示|蓄力03",
        "sound_path": "sound/effect_sound/fight_ts_xuli03.mp3",
        "sound_type": 1,
        "des": "",
        "add": "",
        "vol": 100
    },
    "901001": {
        "sound_id": 901001,
        "name": "元素|玻璃",
        "sound_path": "sound/effect_sound/fight_ys_boli01.mp3",
        "sound_type": 1,
        "des": "",
        "add": "",
        "vol": 100
    },
    "901002": {
        "sound_id": 901002,
        "name": "元素|飞鸟01",
        "sound_path": "sound/effect_sound/fight_ys_feiniao.mp3",
        "sound_type": 1,
        "des": "",
        "add": "",
        "vol": 100
    },
    "901003": {
        "sound_id": 901003,
        "name": "元素|飞鸟02",
        "sound_path": "sound/effect_sound/fight_ys_feiniao02.mp3",
        "sound_type": 1,
        "des": "",
        "add": "",
        "vol": 100
    },
    "901004": {
        "sound_id": 901004,
        "name": "元素|喝水",
        "sound_path": "sound/effect_sound/fight_ys_feiniao.mp3",
        "sound_type": 1,
        "des": "",
        "add": "",
        "vol": 100
    },
    "901005": {
        "sound_id": 901005,
        "name": "元素|吼叫01",
        "sound_path": "sound/effect_sound/fight_ys_houjiao.mp3",
        "sound_type": 1,
        "des": "",
        "add": "",
        "vol": 100
    },
    "901006": {
        "sound_id": 901006,
        "name": "元素|吼叫02",
        "sound_path": "sound/effect_sound/fight_ys_houjiao02.mp3",
        "sound_type": 1,
        "des": "",
        "add": "",
        "vol": 100
    },
    "901007": {
        "sound_id": 901007,
        "name": "元素|吼叫03",
        "sound_path": "sound/effect_sound/fight_ys_houjiao03.mp3",
        "sound_type": 1,
        "des": "",
        "add": "",
        "vol": 100
    },
    "901008": {
        "sound_id": 901008,
        "name": "元素|吼叫04",
        "sound_path": "sound/effect_sound/fight_ys_houjiao04.mp3",
        "sound_type": 1,
        "des": "",
        "add": "",
        "vol": 100
    },
    "901009": {
        "sound_id": 901009,
        "name": "元素|火焰",
        "sound_path": "sound/effect_sound/fight_ys_huoyan.mp3",
        "sound_type": 1,
        "des": "",
        "add": "",
        "vol": 100
    },
    "901010": {
        "sound_id": 901010,
        "name": "元素|雷电01",
        "sound_path": "sound/effect_sound/fight_ys_leidian01.mp3",
        "sound_type": 1,
        "des": "",
        "add": "",
        "vol": 100
    },
    "901011": {
        "sound_id": 901011,
        "name": "元素|雷电02",
        "sound_path": "sound/effect_sound/fight_ys_leidian02.mp3",
        "sound_type": 1,
        "des": "",
        "add": "",
        "vol": 100
    },
    "901012": {
        "sound_id": 901012,
        "name": "元素|螺旋01",
        "sound_path": "sound/effect_sound/fight_ys_luoxuan01.mp3",
        "sound_type": 1,
        "des": "",
        "add": "",
        "vol": 100
    },
    "901013": {
        "sound_id": 901013,
        "name": "元素|秒表01",
        "sound_path": "sound/effect_sound/fight_ys_miaobiao.mp3",
        "sound_type": 1,
        "des": "",
        "add": "",
        "vol": 100
    },
    "901014": {
        "sound_id": 901014,
        "name": "元素|泡泡01",
        "sound_path": "sound/effect_sound/fight_ys_paopao01.mp3",
        "sound_type": 1,
        "des": "",
        "add": "",
        "vol": 100
    },
    "901015": {
        "sound_id": 901015,
        "name": "元素|泡泡02",
        "sound_path": "sound/effect_sound/fight_ys_paopao02.mp3",
        "sound_type": 1,
        "des": "",
        "add": "",
        "vol": 100
    },
    "901016": {
        "sound_id": 901016,
        "name": "元素|泡泡03",
        "sound_path": "sound/effect_sound/fight_ys_paopao03.mp3",
        "sound_type": 1,
        "des": "",
        "add": "",
        "vol": 100
    },
    "901017": {
        "sound_id": 901017,
        "name": "元素|水01",
        "sound_path": "sound/effect_sound/fight_ys_shui01.mp3",
        "sound_type": 1,
        "des": "",
        "add": "",
        "vol": 100
    },
    "901018": {
        "sound_id": 901018,
        "name": "元素|水02",
        "sound_path": "sound/effect_sound/fight_ys_shui02.mp3",
        "sound_type": 1,
        "des": "",
        "add": "",
        "vol": 100
    },
    "901019": {
        "sound_id": 901019,
        "name": "元素|锁链01",
        "sound_path": "sound/effect_sound/fight_ys_suolian01.mp3",
        "sound_type": 1,
        "des": "",
        "add": "",
        "vol": 100
    },
    "901020": {
        "sound_id": 901020,
        "name": "元素|锁链02",
        "sound_path": "sound/effect_sound/fight_ys_suolian02.mp3",
        "sound_type": 1,
        "des": "",
        "add": "",
        "vol": 100
    },
    "901021": {
        "sound_id": 901021,
        "name": "元素|锁链03",
        "sound_path": "sound/effect_sound/fight_ys_suolian03.mp3",
        "sound_type": 1,
        "des": "",
        "add": "",
        "vol": 100
    },
    "901022": {
        "sound_id": 901022,
        "name": "元素|弹簧01",
        "sound_path": "sound/effect_sound/fight_ys_tanhuang01.mp3",
        "sound_type": 1,
        "des": "",
        "add": "",
        "vol": 100
    },
    "901023": {
        "sound_id": 901023,
        "name": "元素|弹簧02",
        "sound_path": "sound/effect_sound/fight_ys_tanhuang02.mp3",
        "sound_type": 1,
        "des": "",
        "add": "",
        "vol": 100
    },
    "901024": {
        "sound_id": 901024,
        "name": "元素|弹簧03",
        "sound_path": "sound/effect_sound/fight_ys_tanhuang03.mp3",
        "sound_type": 1,
        "des": "",
        "add": "",
        "vol": 100
    },
    "901025": {
        "sound_id": 901025,
        "name": "元素|乌鸦",
        "sound_path": "sound/effect_sound/fight_ys_wuya.mp3",
        "sound_type": 1,
        "des": "",
        "add": "",
        "vol": 100
    },
    "901026": {
        "sound_id": 901026,
        "name": "元素|下雨",
        "sound_path": "sound/effect_sound/fight_ys_xiayu.mp3",
        "sound_type": 1,
        "des": "",
        "add": "",
        "vol": 100
    },
    "901027": {
        "sound_id": 901027,
        "name": "元素|旋风01",
        "sound_path": "sound/effect_sound/fight_ys_xuanfeng01.mp3",
        "sound_type": 1,
        "des": "",
        "add": "",
        "vol": 100
    },
    "901028": {
        "sound_id": 901028,
        "name": "元素|旋风02",
        "sound_path": "sound/effect_sound/fight_ys_xuanfeng02.mp3",
        "sound_type": 1,
        "des": "",
        "add": "",
        "vol": 100
    },
    "901029": {
        "sound_id": 901029,
        "name": "元素|野猪",
        "sound_path": "sound/effect_sound/fight_ys_yezhu.mp3",
        "sound_type": 1,
        "des": "",
        "add": "",
        "vol": 100
    },
    "901030": {
        "sound_id": 901030,
        "name": "元素|音波",
        "sound_path": "sound/effect_sound/fight_ys_yinbo.mp3",
        "sound_type": 1,
        "des": "",
        "add": "",
        "vol": 100
    },
    "901031": {
        "sound_id": 901031,
        "name": "元素|硬币",
        "sound_path": "sound/effect_sound/fight_ys_yingbi.mp3",
        "sound_type": 1,
        "des": "",
        "add": "",
        "vol": 100
    },
    "901032": {
        "sound_id": 901032,
        "name": "元素|幽灵01",
        "sound_path": "sound/effect_sound/fight_ys_youling.mp3",
        "sound_type": 1,
        "des": "",
        "add": "",
        "vol": 100
    },
    "901033": {
        "sound_id": 901033,
        "name": "元素|幽灵02",
        "sound_path": "sound/effect_sound/fight_ys_youling02.mp3",
        "sound_type": 1,
        "des": "",
        "add": "",
        "vol": 100
    },
    "901034": {
        "sound_id": 901034,
        "name": "元素|幽灵03",
        "sound_path": "sound/effect_sound/fight_ys_youling03.mp3",
        "sound_type": 1,
        "des": "",
        "add": "",
        "vol": 100
    },
    "901035": {
        "sound_id": 901035,
        "name": "元素|植物",
        "sound_path": "sound/effect_sound/fight_ys_zhiwu.mp3",
        "sound_type": 1,
        "des": "",
        "add": "",
        "vol": 100
    },
    "901036": {
        "sound_id": 901036,
        "name": "元素|蜘蛛",
        "sound_path": "sound/effect_sound/fight_ys_zhizhu.mp3",
        "sound_type": 1,
        "des": "",
        "add": "",
        "vol": 100
    },
    "901037": {
        "sound_id": 901037,
        "name": "元素|子弹",
        "sound_path": "sound/effect_sound/fight_ys_zidan.mp3",
        "sound_type": 1,
        "des": "",
        "add": "",
        "vol": 100
    },
    "20001": {
        "sound_id": 20001,
        "name": "姜维大技能跳劈|董卓扔酒坛",
        "sound_path": "sound/effect_sound/fight_baozha_bingbao_lianhuan.mp3",
        "sound_type": 1,
        "des": "",
        "add": "",
        "vol": 100
    },
    "20002": {
        "sound_id": 20002,
        "name": "张飞大技能砸地1|张飞大技能砸地2|张飞大技能砸地3|张飞大技能砸地4|孙尚香普通攻击发射|袁绍大技能大火雨|藤甲兵普攻下砸|藤甲兵小技能下砸",
        "sound_path": "sound/effect_sound/fight_baozha_dimianbaozha.mp3",
        "sound_type": 1,
        "des": "",
        "add": "",
        "vol": 100
    },
    "20003": {
        "sound_id": 20003,
        "name": "张飞大技能跳砸地|董卓爆炸|藤甲兵小技能跳砸",
        "sound_path": "sound/effect_sound/fight_baozha_dimianbaozha_lianxu.mp3",
        "sound_type": 1,
        "des": "",
        "add": "",
        "vol": 100
    },
    "20004": {
        "sound_id": 20004,
        "name": "弓箭兵攻击",
        "sound_path": "sound/effect_sound/fight_gongjian_qing.mp3",
        "sound_type": 1,
        "des": "",
        "add": "",
        "vol": 100
    },
    "20005": {
        "sound_id": 20005,
        "name": "诸葛亮普攻冰刺|诸葛亮小技能冰刺",
        "sound_path": "sound/effect_sound/fight_mofa_faqiu_bing.mp3",
        "sound_type": 1,
        "des": "",
        "add": "",
        "vol": 100
    },
    "20006": {
        "sound_id": 20006,
        "name": "诸葛亮大技能蓄力|吕布小技能血气蓄力|周瑜小技能蓄力法阵|周瑜大技能蓄力法阵|张飞小技能集气|张飞大技能集气|孙尚香普通攻击蓄力光球",
        "sound_path": "sound/effect_sound/fight_mofa_faqiuxuli_da.mp3",
        "sound_type": 1,
        "des": "",
        "add": "",
        "vol": 100
    },
    "20007": {
        "sound_id": 20007,
        "name": "诸葛亮大技能浮空法阵|张角大技能雷球",
        "sound_path": "sound/effect_sound/fight_mofa_fazhen_chuxian.mp3",
        "sound_type": 1,
        "des": "",
        "add": "",
        "vol": 100
    },
    "20008": {
        "sound_id": 20008,
        "name": "司马懿大技能黑洞爆炸|魔龙小技能龙吼",
        "sound_path": "sound/effect_sound/fight_mofa_heidong_baozha.mp3",
        "sound_type": 1,
        "des": "",
        "add": "",
        "vol": 100
    },
    "20009": {
        "sound_id": 20009,
        "name": "司马懿大技能黑洞|魔龙小技能推球",
        "sound_path": "sound/effect_sound/fight_mofa_heidong_luoxuan.mp3",
        "sound_type": 1,
        "des": "",
        "add": "",
        "vol": 100
    },
    "20010": {
        "sound_id": 20010,
        "name": "诸葛亮小技能小雷电|诸葛亮小技能大雷电|张角小技能雷电|张角普攻雷电",
        "sound_path": "sound/effect_sound/fight_mofa_leidian.mp3",
        "sound_type": 1,
        "des": "",
        "add": "",
        "vol": 100
    },
    "20011": {
        "sound_id": 20011,
        "name": "诸葛亮大技能平推雷电|张角大技能雷电",
        "sound_path": "sound/effect_sound/fight_mofa_leidian_lianhuan.mp3",
        "sound_type": 1,
        "des": "",
        "add": "",
        "vol": 100
    },
    "20012": {
        "sound_id": 20012,
        "name": "",
        "sound_path": "sound/effect_sound/fight_mofa_linhun_luanwu_da.mp3",
        "sound_type": 1,
        "des": "",
        "add": "",
        "vol": 100
    },
    "20013": {
        "sound_id": 20013,
        "name": "貂蝉大技能旋风|策士兵小技能旋风",
        "sound_path": "sound/effect_sound/fight_mofa_xuanfeng.mp3",
        "sound_type": 1,
        "des": "",
        "add": "",
        "vol": 100
    },
    "20014": {
        "sound_id": 20014,
        "name": "貂蝉大技能蝴蝶",
        "sound_path": "sound/effect_sound/fight_mofa_xuanfeng_baozha_diaochan.mp3",
        "sound_type": 1,
        "des": "",
        "add": "",
        "vol": 100
    },
    "20015": {
        "sound_id": 20015,
        "name": "华佗小技能恢复",
        "sound_path": "sound/effect_sound/fight_mofa_zhiliao.mp3",
        "sound_type": 1,
        "des": "",
        "add": "",
        "vol": 100
    },
    "20016": {
        "sound_id": 20016,
        "name": "张飞小技能爆发",
        "sound_path": "sound/effect_sound/fight_nishen_zhanhou_chang.mp3",
        "sound_type": 1,
        "des": "",
        "add": "",
        "vol": 100
    },
    "20017": {
        "sound_id": 20017,
        "name": "华佗普攻穿刺|华佗小技能乱刺|孟获大技能大乱刺",
        "sound_path": "sound/effect_sound/fight_nisheng_chuanci_jingji.mp3",
        "sound_type": 1,
        "des": "",
        "add": "",
        "vol": 100
    },
    "20018": {
        "sound_id": 20018,
        "name": "小乔小技能穿刺",
        "sound_path": "sound/effect_sound/fight_nisheng_hudie_chuansuo.mp3",
        "sound_type": 1,
        "des": "",
        "add": "",
        "vol": 100
    },
    "20019": {
        "sound_id": 20019,
        "name": "",
        "sound_path": "sound/effect_sound/fight_nisheng_huoniao_chuxian.mp3",
        "sound_type": 1,
        "des": "",
        "add": "",
        "vol": 100
    },
    "20020": {
        "sound_id": 20020,
        "name": "孙权大技能燃烧|孙权大技能天纵云|袁绍普攻冲刺1|袁绍普攻冲刺2",
        "sound_path": "sound/effect_sound/fight_nisheng_huoyan_ranshao.mp3",
        "sound_type": 1,
        "des": "",
        "add": "",
        "vol": 100
    },
    "20021": {
        "sound_id": 20021,
        "name": "姜维大技能龙|关羽小技能小升龙|关羽大技能大升龙",
        "sound_path": "sound/effect_sound/fight_nisheng_longhou.mp3",
        "sound_type": 1,
        "des": "",
        "add": "",
        "vol": 100
    },
    "20022": {
        "sound_id": 20022,
        "name": "孙尚香大技能瞄准",
        "sound_path": "sound/effect_sound/fight_nisheng_miaozhun.mp3",
        "sound_type": 1,
        "des": "",
        "add": "",
        "vol": 100
    },
    "20023": {
        "sound_id": 20023,
        "name": "周瑜普攻琴波",
        "sound_path": "sound/effect_sound/fight_nisheng_qinbo_putong.mp3",
        "sound_type": 1,
        "des": "",
        "add": "",
        "vol": 100
    },
    "20024": {
        "sound_id": 20024,
        "name": "周瑜小技能大琴波1|周瑜大技能双层琴波",
        "sound_path": "sound/effect_sound/fight_nisheng_qinbo_duochong.mp3",
        "sound_type": 1,
        "des": "",
        "add": "",
        "vol": 100
    },
    "20025": {
        "sound_id": 20025,
        "name": "周瑜大技能上升琴波",
        "sound_path": "sound/effect_sound/fight_nisheng_qinbo_shangsheng.mp3",
        "sound_type": 1,
        "des": "",
        "add": "",
        "vol": 100
    },
    "20026": {
        "sound_id": 20026,
        "name": "周瑜大技能落地琴波",
        "sound_path": "sound/effect_sound/fight_nisheng_qinbo_xialuo.mp3",
        "sound_type": 1,
        "des": "",
        "add": "",
        "vol": 100
    },
    "20027": {
        "sound_id": 20027,
        "name": "孙尚香大技能扫描",
        "sound_path": "sound/effect_sound/fight_nisheng_saomiao.mp3",
        "sound_type": 1,
        "des": "",
        "add": "",
        "vol": 100
    },
    "20028": {
        "sound_id": 20028,
        "name": "华佗大技能生长|华佗大技能结束",
        "sound_path": "sound/effect_sound/fight_nisheng_shengzhang.mp3",
        "sound_type": 1,
        "des": "",
        "add": "",
        "vol": 100
    },
    "20029": {
        "sound_id": 20029,
        "name": "司马懿普攻乌鸦|司马懿小技能烟雾",
        "sound_path": "sound/effect_sound/fight_nisheng_wuya_feixing.mp3",
        "sound_type": 1,
        "des": "",
        "add": "",
        "vol": 100
    },
    "20030": {
        "sound_id": 20030,
        "name": "司马懿小技能乌鸦环绕",
        "sound_path": "sound/effect_sound/fight_nisheng_wuya_jianjiao.mp3",
        "sound_type": 1,
        "des": "",
        "add": "",
        "vol": 100
    },
    "20031": {
        "sound_id": 20031,
        "name": "华佗大技能循环",
        "sound_path": "sound/effect_sound/fight_nisheng_xiayu.mp3",
        "sound_type": 1,
        "des": "",
        "add": "",
        "vol": 100
    },
    "20032": {
        "sound_id": 20032,
        "name": "孙尚香小技能原子弹",
        "sound_path": "sound/effect_sound/fight_nisheng_zhadan_baozha.mp3",
        "sound_type": 1,
        "des": "",
        "add": "",
        "vol": 100
    },
    "20033": {
        "sound_id": 20033,
        "name": "孙尚香小技能信号弹",
        "sound_path": "sound/effect_sound/fight_nisheng_zhadan_diaoluo.mp3",
        "sound_type": 1,
        "des": "",
        "add": "",
        "vol": 100
    },
    "20034": {
        "sound_id": 20034,
        "name": "貂蝉小技能交叉穿刺1|貂蝉小技能交叉穿刺2|貂蝉大技能交叉穿刺1|貂蝉大技能交叉穿刺2|貂蝉小技能交叉穿刺3|貂蝉大技能交叉穿刺3",
        "sound_path": "sound/effect_sound/fight_qing_ci.mp3",
        "sound_type": 1,
        "des": "",
        "add": "",
        "vol": 100
    },
    "20035": {
        "sound_id": 20035,
        "name": "姜维普攻前刺|貂蝉小技能斜刺|貂蝉大技能斜刺|枪兵攻击",
        "sound_path": "sound/effect_sound/fight_qing_ci_2.mp3",
        "sound_type": 1,
        "des": "",
        "add": "",
        "vol": 100
    },
    "20036": {
        "sound_id": 20036,
        "name": "",
        "sound_path": "sound/effect_sound/fight_qing_pengzhuang.mp3",
        "sound_type": 1,
        "des": "",
        "add": "",
        "vol": 100
    },
    "20037": {
        "sound_id": 20037,
        "name": "姜维小技能横扫|姜维小技能上挑||姜维大技能上挑|姜维大技能二次上挑",
        "sound_path": "sound/effect_sound/fight_qing_pi.mp3",
        "sound_type": 1,
        "des": "",
        "add": "",
        "vol": 100
    },
    "20038": {
        "sound_id": 20038,
        "name": "姜维小技能下劈|姜维大技能下劈",
        "sound_path": "sound/effect_sound/fight_qing_sao.mp3",
        "sound_type": 1,
        "des": "",
        "add": "",
        "vol": 100
    },
    "20039": {
        "sound_id": 20039,
        "name": "",
        "sound_path": "sound/effect_sound/fight_qita_paobu.mp3",
        "sound_type": 1,
        "des": "仙境跑步声",
        "add": "",
        "vol": 100
    },
    "20040": {
        "sound_id": 20040,
        "name": "",
        "sound_path": "sound/effect_sound/fight_shouji_mofa.mp3",
        "sound_type": 1,
        "des": "",
        "add": "",
        "vol": 100
    },
    "20041": {
        "sound_id": 20041,
        "name": "",
        "sound_path": "sound/effect_sound/fight_shoujiji_wuli.mp3",
        "sound_type": 1,
        "des": "",
        "add": "",
        "vol": 100
    },
    "20042": {
        "sound_id": 20042,
        "name": "吕布小技能爆发|吕布大技能一爆|吕布大技能二爆|吕布大技能三爆",
        "sound_path": "sound/effect_sound/fight_silie.mp3",
        "sound_type": 1,
        "des": "",
        "add": "",
        "vol": 100
    },
    "20043": {
        "sound_id": 20043,
        "name": "小乔大技能破碎1|小乔大技能破碎2|小乔大技能破碎3|小乔大技能蓄力破碎|吕布大技能大爆发",
        "sound_path": "sound/effect_sound/fight_suolian_bengduan.mp3",
        "sound_type": 1,
        "des": "",
        "add": "",
        "vol": 100
    },
    "20044": {
        "sound_id": 20044,
        "name": "吕布大技能血气蓄力",
        "sound_path": "sound/effect_sound/fight_suolian_lajin.mp3",
        "sound_type": 1,
        "des": "",
        "add": "",
        "vol": 100
    },
    "20045": {
        "sound_id": 20045,
        "name": "",
        "sound_path": "sound/effect_sound/fight_tishi_kaishizhandou.mp3",
        "sound_type": 1,
        "des": "",
        "add": "",
        "vol": 100
    },
    "20046": {
        "sound_id": 20046,
        "name": "",
        "sound_path": "sound/effect_sound/fight_tishi_tishi_cd.mp3",
        "sound_type": 1,
        "des": "",
        "add": "",
        "vol": 100
    },
    "20047": {
        "sound_id": 20047,
        "name": "",
        "sound_path": "sound/effect_sound/fight_tishi_tishi_lianzhan.mp3",
        "sound_type": 1,
        "des": "",
        "add": "",
        "vol": 100
    },
    "20048": {
        "sound_id": 20048,
        "name": "",
        "sound_path": "sound/effect_sound/fight_tishi_tishi_tianfu.mp3",
        "sound_type": 1,
        "des": "",
        "add": "",
        "vol": 100
    },
    "20049": {
        "sound_id": 20049,
        "name": "",
        "sound_path": "sound/effect_sound/fight_tishi_xuli_bisha.mp3",
        "sound_type": 1,
        "des": "",
        "add": "",
        "vol": 100
    },
    "20050": {
        "sound_id": 20050,
        "name": "",
        "sound_path": "sound/effect_sound/fight_tishi_xuli_chaobisha.mp3",
        "sound_type": 1,
        "des": "",
        "add": "",
        "vol": 100
    },
    "20051": {
        "sound_id": 20051,
        "name": "诸葛亮普通蓄力|诸葛亮小技能蓄力|周瑜普攻蓄力法阵",
        "sound_path": "sound/effect_sound/fight_sj_zhong01.mp3",
        "sound_type": 1,
        "des": "",
        "add": "",
        "vol": 100
    },
    "20052": {
        "sound_id": 20052,
        "name": "马超普攻冲击波|吕布普攻一斩|吕布小技能一斩|吕布小技能二斩|吕布小技能三斩|吕布小技能四斩",
        "sound_path": "sound/effect_sound/fight_zhong_pengzhuang.mp3",
        "sound_type": 1,
        "des": "",
        "add": "",
        "vol": 100
    },
    "20053": {
        "sound_id": 20053,
        "name": "马超小技能下劈|马超大技能下劈|吕布大技能跳跃|吕布大技能下落|孙尚香大技能狙击1|孙尚香大技能狙击2|孙尚香大技能狙击3",
        "sound_path": "sound/effect_sound/fight_zhong_pi.mp3",
        "sound_type": 1,
        "des": "",
        "add": "",
        "vol": 100
    },
    "20054": {
        "sound_id": 20054,
        "name": "董卓普攻劈砍",
        "sound_path": "sound/effect_sound/fight_zhong_sao.mp3",
        "sound_type": 1,
        "des": "",
        "add": "",
        "vol": 100
    },
    "20055": {
        "sound_id": 20055,
        "name": "马超小技能螺旋斩|马超大技能空中螺旋|董卓大技能蓄力|藤甲兵大技能螺旋",
        "sound_path": "sound/effect_sound/fight_zhong_zhuan.mp3",
        "sound_type": 1,
        "des": "",
        "add": "",
        "vol": 100
    },
    "20056": {
        "sound_id": 20056,
        "name": "",
        "sound_path": "sound/effect_sound/fight_gongjian_zhong.mp3",
        "sound_type": 1,
        "des": "",
        "add": "",
        "vol": 100
    },
    "20057": {
        "sound_id": 20057,
        "name": "诸葛亮小技能小火球|诸葛亮大技能平推法阵|诸葛亮大技能平推流星|魔龙普攻火球",
        "sound_path": "sound/effect_sound/fight_mofa_faqiu_huo.mp3",
        "sound_type": 1,
        "des": "",
        "add": "",
        "vol": 100
    },
    "20058": {
        "sound_id": 20058,
        "name": "",
        "sound_path": "sound/effect_sound/fight_mofa_linhun_luanwu_xiao.mp3",
        "sound_type": 1,
        "des": "",
        "add": "",
        "vol": 100
    },
    "20059": {
        "sound_id": 20059,
        "name": "关羽大技能小旋风|关羽大技能反手大旋风|策士兵普攻旋风",
        "sound_path": "sound/effect_sound/fight_mofa_xuanfeng_2.mp3",
        "sound_type": 1,
        "des": "",
        "add": "",
        "vol": 100
    },
    "20060": {
        "sound_id": 20060,
        "name": "",
        "sound_path": "sound/effect_sound/fight_sj_zhong01.mp3",
        "sound_type": 1,
        "des": "",
        "add": "",
        "vol": 100
    },
    "20061": {
        "sound_id": 20061,
        "name": "张飞大技能爆发",
        "sound_path": "sound/effect_sound/fight_nishen_zhanhou_duan.mp3",
        "sound_type": 1,
        "des": "",
        "add": "",
        "vol": 100
    },
    "20062": {
        "sound_id": 20062,
        "name": "小乔普通攻击蝴蝶|小乔小技能蝴蝶1|小乔小技能蝴蝶2|小乔小技能蝴蝶3|小乔大技能蝴蝶|华佗小技能法阵",
        "sound_path": "sound/effect_sound/fight_nisheng_hudie_feixing.mp3",
        "sound_type": 1,
        "des": "",
        "add": "",
        "vol": 100
    },
    "20063": {
        "sound_id": 20063,
        "name": "",
        "sound_path": "sound/effect_sound/fight_nisheng_huoniao_luanshe.mp3",
        "sound_type": 1,
        "des": "",
        "add": "",
        "vol": 100
    },
    "20064": {
        "sound_id": 20064,
        "name": "",
        "sound_path": "sound/effect_sound/fight_nisheng_huoniao_xiaoshi.mp3",
        "sound_type": 1,
        "des": "",
        "add": "",
        "vol": 100
    },
    "20065": {
        "sound_id": 20065,
        "name": "周瑜小技能小琴波2",
        "sound_path": "sound/effect_sound/fight_nisheng_qinbo_lianxu.mp3",
        "sound_type": 1,
        "des": "",
        "add": "",
        "vol": 100
    },
    "20066": {
        "sound_id": 20066,
        "name": "",
        "sound_path": "sound/effect_sound/fight_qing_pengzhuang_yici.mp3",
        "sound_type": 1,
        "des": "",
        "add": "",
        "vol": 100
    },
    "20067": {
        "sound_id": 20067,
        "name": "貂蝉普通攻击穿刺1|貂蝉普通攻击穿刺2",
        "sound_path": "sound/effect_sound/fight_qing_pengzhuang_yici_2.mp3",
        "sound_type": 1,
        "des": "",
        "add": "",
        "vol": 100
    },
    "20068": {
        "sound_id": 20068,
        "name": "",
        "sound_path": "sound/effect_sound/fight_sj_zhong01.mp3",
        "sound_type": 1,
        "des": "",
        "add": "",
        "vol": 100
    },
    "20069": {
        "sound_id": 20069,
        "name": "马超小技能回身斩1|马超小技能回身斩2|马超大技能回身斩1|马超大技能回身斩2|张飞普攻下劈|关羽大技能正手",
        "sound_path": "sound/effect_sound/fight_zhong_gongjisheng1.mp3",
        "sound_type": 1,
        "des": "",
        "add": "",
        "vol": 100
    },
    "20070": {
        "sound_id": 20070,
        "name": "马超普攻拔刀斩|马超大技能上调|马超大技能空中斩|关羽普攻下劈|关羽小技能下劈|关羽大技能下劈",
        "sound_path": "sound/effect_sound/fight_zhong_gongjisheng2.mp3",
        "sound_type": 1,
        "des": "",
        "add": "",
        "vol": 100
    },
    "20071": {
        "sound_id": 20071,
        "name": "孟获小技能一斩|孟获小技能二斩|孟获大技能横扫|孟获普攻一斩",
        "sound_path": "sound/effect_sound/fight_zhong_gongjisheng3.mp3",
        "sound_type": 1,
        "des": "",
        "add": "",
        "vol": 100
    },
    "20072": {
        "sound_id": 20072,
        "name": "袁绍小技能战马群体冲击",
        "sound_path": "sound/effect_sound/fight_nisheng_maqun_benteng.mp3",
        "sound_type": 1,
        "des": "",
        "add": "",
        "vol": 100
    },
    "20073": {
        "sound_id": 20073,
        "name": "军师施法",
        "sound_path": "sound/effect_sound/fight_mofa_nvshenshifa.mp3",
        "sound_type": 1,
        "des": "",
        "add": "",
        "vol": 100
    },
    "20074": {
        "sound_id": 20074,
        "name": "袁绍战马蓄力马叫",
        "sound_path": "sound/effect_sound/fight_nisheng_zhama_siming.mp3",
        "sound_type": 1,
        "des": "",
        "add": "",
        "vol": 100
    },
    "20075": {
        "sound_id": 20075,
        "name": "袁绍战马普攻冲击",
        "sound_path": "sound/effect_sound/fight_nisheng_zhanma_chongci.mp3",
        "sound_type": 1,
        "des": "",
        "add": "",
        "vol": 100
    },
    "20076": {
        "sound_id": 20076,
        "name": "袁绍小火雨",
        "sound_path": "sound/effect_sound/fight_mofa_huoliuxing_luo.mp3",
        "sound_type": 1,
        "des": "",
        "add": "",
        "vol": 100
    },
    "20077": {
        "sound_id": 20077,
        "name": "袁绍大火球",
        "sound_path": "sound/effect_sound/fight_mofa_huoliuxing_baozha.mp3",
        "sound_type": 1,
        "des": "",
        "add": "",
        "vol": 100
    },
    "30001": {
        "sound_id": 30001,
        "name": "",
        "sound_path": "sound/effect_sound/ui_yiji_jiemian.mp3",
        "sound_type": 1,
        "des": "一级界面弹出",
        "add": "1",
        "vol": 100
    },
    "30002": {
        "sound_id": 30002,
        "name": "",
        "sound_path": "sound/effect_sound/ui_erji_jiemian.mp3",
        "sound_type": 1,
        "des": "二级界面下拉",
        "add": "1",
        "vol": 100
    },
    "30003": {
        "sound_id": 30003,
        "name": "",
        "sound_path": "sound/effect_sound/ui_xiao_jiemian.mp3",
        "sound_type": 1,
        "des": "小界面弹出",
        "add": "",
        "vol": 100
    },
    "30004": {
        "sound_id": 30004,
        "name": "",
        "sound_path": "sound/effect_sound/ui_jiemian_guanbi.mp3",
        "sound_type": 1,
        "des": "界面关闭",
        "add": "1",
        "vol": 100
    },
    "30005": {
        "sound_id": 30005,
        "name": "",
        "sound_path": "sound/effect_sound/ui_fanhui.mp3",
        "sound_type": 1,
        "des": "返回上一级",
        "add": "",
        "vol": 100
    },
    "30006": {
        "sound_id": 30006,
        "name": "",
        "sound_path": "sound/effect_sound/ui_xuanzhong_qiehuan.mp3",
        "sound_type": 1,
        "des": "选中式标签切换",
        "add": "",
        "vol": 100
    },
    "30007": {
        "sound_id": 30007,
        "name": "",
        "sound_path": "sound/effect_sound/fight_sj_zhong01.mp3",
        "sound_type": 1,
        "des": "翻页式切换页面",
        "add": "",
        "vol": 100
    },
    "30008": {
        "sound_id": 30008,
        "name": "",
        "sound_path": "sound/effect_sound/ui_xuanzhong_wupin.mp3",
        "sound_type": 1,
        "des": "选中物品、头像",
        "add": "1",
        "vol": 100
    },
    "30009": {
        "sound_id": 30009,
        "name": "",
        "sound_path": "sound/effect_sound/ui_dianji_anniu.mp3",
        "sound_type": 1,
        "des": "点击按钮",
        "add": "1",
        "vol": 100
    },
    "30010": {
        "sound_id": 30010,
        "name": "",
        "sound_path": "sound/effect_sound/ui_jiuguan_xunfang.mp3",
        "sound_type": 1,
        "des": "酒馆寻访时",
        "add": "1",
        "vol": 100
    },
    "30011": {
        "sound_id": 30011,
        "name": "",
        "sound_path": "sound/effect_sound/ui_wupin_feichuA.mp3",
        "sound_type": 1,
        "des": "物品飞出A",
        "add": "",
        "vol": 100
    },
    "30012": {
        "sound_id": 30012,
        "name": "",
        "sound_path": "sound/effect_sound/ui_huode_xinwujiang.mp3",
        "sound_type": 1,
        "des": "获得新武将/新念兽",
        "add": "1",
        "vol": 100
    },
    "30013": {
        "sound_id": 30013,
        "name": "",
        "sound_path": "sound/effect_sound/ui_kaiqi_baoxiang.mp3",
        "sound_type": 1,
        "des": "开启宝箱时",
        "add": "1",
        "vol": 100
    },
    "30014": {
        "sound_id": 30014,
        "name": "",
        "sound_path": "sound/effect_sound/ui_wupin_feichuB.mp3",
        "sound_type": 1,
        "des": "物品飞出B",
        "add": "",
        "vol": 100
    },
    "30015": {
        "sound_id": 30015,
        "name": "",
        "sound_path": "sound/effect_sound/ui_wujiang_shengji.mp3",
        "sound_type": 1,
        "des": "武将升级时",
        "add": "1",
        "vol": 100
    },
    "30016": {
        "sound_id": 30016,
        "name": "",
        "sound_path": "sound/effect_sound/ui_wujiang_shengxing.mp3",
        "sound_type": 1,
        "des": "武将/念兽/执照/进阶升星",
        "add": "",
        "vol": 100
    },
    "30017": {
        "sound_id": 30017,
        "name": "",
        "sound_path": "sound/effect_sound/ui_hecheng_wupin.mp3",
        "sound_type": 1,
        "des": "合成物品时",
        "add": "",
        "vol": 100
    },
    "30018": {
        "sound_id": 30018,
        "name": "",
        "sound_path": "sound/effect_sound/ui_lingqu_wupin.mp3",
        "sound_type": 1,
        "des": "领取物品时",
        "add": "",
        "vol": 100
    },
    "30019": {
        "sound_id": 30019,
        "name": "",
        "sound_path": "sound/effect_sound/ui_fenjie_wupin.mp3",
        "sound_type": 1,
        "des": "分解物品时",
        "add": "",
        "vol": 100
    },
    "30020": {
        "sound_id": 30020,
        "name": "",
        "sound_path": "sound/effect_sound/ui_lanwei_jihuo.mp3",
        "sound_type": 1,
        "des": "某栏位激活时",
        "add": "",
        "vol": 100
    },
    "30021": {
        "sound_id": 30021,
        "name": "",
        "sound_path": "sound/effect_sound/ui_tongqian_zengjia.mp3",
        "sound_type": 1,
        "des": "铜钱增加时",
        "add": "",
        "vol": 100
    },
    "30022": {
        "sound_id": 30022,
        "name": "",
        "sound_path": "sound/effect_sound/ui_tili_zengjia.mp3",
        "sound_type": 1,
        "des": "体力等虚拟资源增加时",
        "add": "1",
        "vol": 100
    },
    "30023": {
        "sound_id": 30023,
        "name": "",
        "sound_path": "sound/dub_sound/qiya01.mp3",
        "sound_type": 1,
        "des": "玩家-奇牙台词配音",
        "add": "",
        "vol": 100
    },
    "30024": {
        "sound_id": 30024,
        "name": "",
        "sound_path": "sound/dub_sound/zhixi01.mp3",
        "sound_type": 1,
        "des": "玩家-智喜台词配音",
        "add": "",
        "vol": 100
    },
    "30025": {
        "sound_id": 30025,
        "name": "",
        "sound_path": "sound/dub_sound/xiaodi01.mp3",
        "sound_type": 1,
        "des": "玩家-小滴台词配音",
        "add": "",
        "vol": 100
    },
    "30026": {
        "sound_id": 30026,
        "name": "",
        "sound_path": "sound/dub_sound/yiermi01.mp3",
        "sound_type": 1,
        "des": "玩家-伊尔迷台词配音",
        "add": "",
        "vol": 100
    },
    "30027": {
        "sound_id": 30027,
        "name": "",
        "sound_path": "sound/dub_sound/kaite01.mp3",
        "sound_type": 1,
        "des": "玩家-凯特台词配音",
        "add": "",
        "vol": 100
    },
    "30028": {
        "sound_id": 30028,
        "name": "",
        "sound_path": "sound/dub_sound/saci01.mp3",
        "sound_type": 1,
        "des": "玩家-萨次台词配音",
        "add": "",
        "vol": 100
    },
    "30029": {
        "sound_id": 30029,
        "name": "",
        "sound_path": "sound/dub_sound/wojin01.mp3",
        "sound_type": 1,
        "des": "玩家-窝金台词配音",
        "add": "",
        "vol": 100
    },
    "30030": {
        "sound_id": 30030,
        "name": "",
        "sound_path": "sound/dub_sound/banzang01.mp3",
        "sound_type": 1,
        "des": "玩家-半藏台词配音",
        "add": "",
        "vol": 100
    },
    "30031": {
        "sound_id": 30031,
        "name": "",
        "sound_path": "sound/dub_sound/buhaci01.mp3",
        "sound_type": 1,
        "des": "玩家-卜哈次台词配音",
        "add": "",
        "vol": 100
    },
    "30032": {
        "sound_id": 30032,
        "name": "",
        "sound_path": "sound/dub_sound/dongba01.mp3",
        "sound_type": 1,
        "des": "玩家-东巴台词配音",
        "add": "",
        "vol": 100
    },
    "30033": {
        "sound_id": 30033,
        "name": "",
        "sound_path": "sound/dub_sound/feitan01.mp3",
        "sound_type": 1,
        "des": "玩家-飞坦台词配音",
        "add": "",
        "vol": 100
    },
    "30034": {
        "sound_id": 30034,
        "name": "",
        "sound_path": "sound/dub_sound/fenkesi01.mp3",
        "sound_type": 1,
        "des": "玩家-芬克斯台词配音",
        "add": "",
        "vol": 100
    },
    "30035": {
        "sound_id": 30035,
        "name": "",
        "sound_path": "sound/dub_sound/fulankelin01.mp3",
        "sound_type": 1,
        "des": "玩家-富兰克林台词配音",
        "add": "",
        "vol": 100
    },
    "30036": {
        "sound_id": 30036,
        "name": "",
        "sound_path": "sound/dub_sound/huashidoulang01.mp3",
        "sound_type": 1,
        "des": "玩家-华石斗郎台词配音",
        "add": "",
        "vol": 100
    },
    "30037": {
        "sound_id": 30037,
        "name": "",
        "sound_path": "sound/dub_sound/jidou01.mp3",
        "sound_type": 1,
        "des": "玩家-疾斗台词配音",
        "add": "",
        "vol": 100
    },
    "30038": {
        "sound_id": 30038,
        "name": "",
        "sound_path": "sound/dub_sound/boluoliefu01.mp3",
        "sound_type": 1,
        "des": "玩家-剥罗裂夫台词配音",
        "add": "",
        "vol": 100
    },
    "30039": {
        "sound_id": 30039,
        "name": "",
        "sound_path": "sound/dub_sound/kuluoluo01.mp3",
        "sound_type": 1,
        "des": "玩家-库洛洛台词配音",
        "add": "",
        "vol": 100
    },
    "30040": {
        "sound_id": 30040,
        "name": "",
        "sound_path": "sound/dub_sound/xiba02.mp3",
        "sound_type": 1,
        "des": "玩家-席巴台词配音",
        "add": "",
        "vol": 100
    },
    "30041": {
        "sound_id": 30041,
        "name": "",
        "sound_path": "sound/dub_sound/jienuo01.mp3",
        "sound_type": 1,
        "des": "玩家-杰诺台词配音",
        "add": "",
        "vol": 100
    },
    "30042": {
        "sound_id": 30042,
        "name": "",
        "sound_path": "sound/dub_sound/kete01.mp3",
        "sound_type": 1,
        "des": "玩家-柯特台词配音",
        "add": "",
        "vol": 100
    },
    "30043": {
        "sound_id": 30043,
        "name": "",
        "sound_path": "sound/dub_sound/kubi01.mp3",
        "sound_type": 1,
        "des": "玩家-库哔台词配音",
        "add": "",
        "vol": 100
    },
    "30044": {
        "sound_id": 30044,
        "name": "",
        "sound_path": "sound/dub_sound/libeiduo01.mp3",
        "sound_type": 1,
        "des": "玩家-狸狈多台词配音",
        "add": "",
        "vol": 100
    },
    "30045": {
        "sound_id": 30045,
        "name": "",
        "sound_path": "sound/dub_sound/maqi01.mp3",
        "sound_type": 1,
        "des": "玩家-玛琪台词配音",
        "add": "",
        "vol": 100
    },
    "30046": {
        "sound_id": 30046,
        "name": "",
        "sound_path": "sound/dub_sound/menqi01.mp3",
        "sound_type": 1,
        "des": "玩家-门琪台词配音",
        "add": "",
        "vol": 100
    },
    "30047": {
        "sound_id": 30047,
        "name": "",
        "sound_path": "sound/dub_sound/miqi01.mp3",
        "sound_type": 1,
        "des": "玩家-迷稽台词配音",
        "add": "",
        "vol": 100
    },
    "30048": {
        "sound_id": 30048,
        "name": "",
        "sound_path": "sound/dub_sound/paikenuoda01.mp3",
        "sound_type": 1,
        "des": "玩家-派克台词配音",
        "add": "",
        "vol": 100
    },
    "30049": {
        "sound_id": 30049,
        "name": "",
        "sound_path": "sound/dub_sound/shadasuo01.mp3",
        "sound_type": 1,
        "des": "玩家-杀大索台词配音",
        "add": "",
        "vol": 100
    },
    "30050": {
        "sound_id": 30050,
        "name": "",
        "sound_path": "sound/dub_sound/feitan01.mp3",
        "sound_type": 1,
        "des": "玩家-信长台词配音",
        "add": "",
        "vol": 100
    },
    "30051": {
        "sound_id": 30051,
        "name": "",
        "sound_path": "sound/dub_sound/yungu01.mp3",
        "sound_type": 1,
        "des": "玩家-云古台词配音",
        "add": "",
        "vol": 100
    },
    "30052": {
        "sound_id": 30052,
        "name": "",
        "sound_path": "sound/dub_sound/feitan01.mp3",
        "sound_type": 1,
        "des": "玩家-侠客台词配音",
        "add": "",
        "vol": 100
    },
    "30053": {
        "sound_id": 30053,
        "name": "",
        "sound_path": "sound/effect_sound/ui_tishicuowu.mp3",
        "sound_type": 1,
        "des": "提示错误时",
        "add": "",
        "vol": 100
    },
    "30054": {
        "sound_id": 30054,
        "name": "",
        "sound_path": "sound/effect_sound/ui_tishichenggong.mp3",
        "sound_type": 1,
        "des": "提示成功/卡片安装",
        "add": "",
        "vol": 100
    },
    "30055": {
        "sound_id": 30055,
        "name": "",
        "sound_path": "sound/effect_sound/ui_shezhi_on.mp3",
        "sound_type": 1,
        "des": "拨动开关-设置为开",
        "add": "",
        "vol": 100
    },
    "30056": {
        "sound_id": 30056,
        "name": "",
        "sound_path": "sound/effect_sound/ui_shezhi_off.mp3",
        "sound_type": 1,
        "des": "拨动开关-设置为关",
        "add": "",
        "vol": 100
    },
    "30057": {
        "sound_id": 30057,
        "name": "",
        "sound_path": "sound/effect_sound/ui_jinruxuanjiangjiemian.mp3",
        "sound_type": 1,
        "des": "进入选将界面时",
        "add": "",
        "vol": 100
    },
    "30058": {
        "sound_id": 30058,
        "name": "",
        "sound_path": "sound/effect_sound/ui_dianjizhandouanniu.mp3",
        "sound_type": 1,
        "des": "点击“战斗”按钮",
        "add": "",
        "vol": 100
    },
    "30059": {
        "sound_id": 30059,
        "name": "",
        "sound_path": "sound/effect_sound/ui_wujiangshangzhen.mp3",
        "sound_type": 1,
        "des": "武将上阵",
        "add": "",
        "vol": 100
    },
    "30060": {
        "sound_id": 30060,
        "name": "",
        "sound_path": "sound/effect_sound/ui_wujiangxiazhen.mp3",
        "sound_type": 1,
        "des": "武将下阵",
        "add": "",
        "vol": 100
    },
    "30061": {
        "sound_id": 30061,
        "name": "",
        "sound_path": "sound/effect_sound/ui_huanxianren.mp3",
        "sound_type": 1,
        "des": "换仙人",
        "add": "",
        "vol": 100
    },
    "30062": {
        "sound_id": 30062,
        "name": "",
        "sound_path": "sound/effect_sound/ui_qiushu.mp3",
        "sound_type": 1,
        "des": "求书转盘",
        "add": "",
        "vol": 100
    },
    "30063": {
        "sound_id": 30063,
        "name": "",
        "sound_path": "sound/effect_sound/ui_yinzhang.mp3",
        "sound_type": 1,
        "des": "印上印章/徽章激活",
        "add": "",
        "vol": 100
    },
    "30064": {
        "sound_id": 30064,
        "name": "",
        "sound_path": "sound/effect_sound/ui_qianghua.mp3",
        "sound_type": 1,
        "des": "装备强化",
        "add": "",
        "vol": 100
    },
    "30065": {
        "sound_id": 30065,
        "name": "",
        "sound_path": "sound/effect_sound/ui_duanzao.mp3",
        "sound_type": 1,
        "des": "装备锻造",
        "add": "",
        "vol": 100
    },
    "30066": {
        "sound_id": 30066,
        "name": "",
        "sound_path": "sound/effect_sound/ui_keyin.mp3",
        "sound_type": 1,
        "des": "装备刻印",
        "add": "",
        "vol": 100
    },
    "30067": {
        "sound_id": 30067,
        "name": "",
        "sound_path": "sound/effect_sound/ui_chidanyao.mp3",
        "sound_type": 1,
        "des": "吃丹药",
        "add": "",
        "vol": 100
    },
    "30068": {
        "sound_id": 30068,
        "name": "",
        "sound_path": "sound/effect_sound/ui_shuaxinshangpin.mp3",
        "sound_type": 1,
        "des": "刷新商品列表",
        "add": "",
        "vol": 100
    },
    "30069": {
        "sound_id": 30069,
        "name": "",
        "sound_path": "sound/effect_sound/ui_duiwushengji.mp3",
        "sound_type": 1,
        "des": "队伍升级",
        "add": "",
        "vol": 100
    },
    "30070": {
        "sound_id": 30070,
        "name": "",
        "sound_path": "sound/effect_sound/ui_qiehuan.mp3",
        "sound_type": 1,
        "des": "过场界面读条/卡片升星特效",
        "add": "",
        "vol": 100
    },
    "30071": {
        "sound_id": 30071,
        "name": "",
        "sound_path": "sound/dub_sound/leiouli01.mp3",
        "sound_type": 1,
        "des": "玩家-雷欧力台词配音",
        "add": "",
        "vol": 100
    },
    "30072": {
        "sound_id": 30072,
        "name": "",
        "sound_path": "sound/dub_sound/xiaojie01.mp3",
        "sound_type": 1,
        "des": "玩家-小杰台词配音",
        "add": "",
        "vol": 100
    },
    "30073": {
        "sound_id": 30073,
        "name": "",
        "sound_path": "sound/dub_sound/xisuo01.mp3",
        "sound_type": 1,
        "des": "玩家-西索台词配音",
        "add": "",
        "vol": 100
    },
    "30074": {
        "sound_id": 30074,
        "name": "",
        "sound_path": "sound/dub_sound/kulapika01.mp3",
        "sound_type": 1,
        "des": "玩家-酷拉皮卡台词配音",
        "add": "",
        "vol": 100
    },
    "30075": {
        "sound_id": 30075,
        "name": "",
        "sound_path": "sound/dub_sound/huizhang01.mp3",
        "sound_type": 1,
        "des": "玩家-会长台词配音",
        "add": "",
        "vol": 100
    },
    "30076": {
        "sound_id": 30076,
        "name": "",
        "sound_path": "sound/dub_sound/wang01.mp3",
        "sound_type": 1,
        "des": "玩家-蚁王台词配音",
        "add": "",
        "vol": 100
    },
    "30077": {
        "sound_id": 30077,
        "name": "",
        "sound_path": "sound/dub_sound/leizha01.mp3",
        "sound_type": 1,
        "des": "玩家-磊扎台词配音",
        "add": "",
        "vol": 100
    },
    "30078": {
        "sound_id": 30078,
        "name": "",
        "sound_path": "sound/dub_sound/niweng01.mp3",
        "sound_type": 1,
        "des": "玩家-尼翁台词配音",
        "add": "",
        "vol": 100
    },
    "30079": {
        "sound_id": 30079,
        "name": "",
        "sound_path": "sound/dub_sound/xuanlv01.mp3",
        "sound_type": 1,
        "des": "玩家-旋律台词配音",
        "add": "",
        "vol": 100
    },
    "30080": {
        "sound_id": 30080,
        "name": "",
        "sound_path": "sound/dub_sound/bisiji01.mp3",
        "sound_type": 1,
        "des": "玩家-比斯吉台词配音",
        "add": "",
        "vol": 100
    },
    "30081": {
        "sound_id": 30081,
        "name": "",
        "sound_path": "sound/dub_sound/ganshu01.mp3",
        "sound_type": 1,
        "des": "玩家-炸弹魔台词配音",
        "add": "",
        "vol": 100
    },
    "30082": {
        "sound_id": 30082,
        "name": "",
        "sound_path": "sound/dub_sound/pufu01.mp3",
        "sound_type": 1,
        "des": "玩家-枭亚普夫台词配音",
        "add": "",
        "vol": 100
    },
    "30083": {
        "sound_id": 30083,
        "name": "",
        "sound_path": "sound/dub_sound/youpi01.mp3",
        "sound_type": 1,
        "des": "玩家-孟徒徒尤匹台词配音",
        "add": "",
        "vol": 100
    },
    "30084": {
        "sound_id": 30084,
        "name": "",
        "sound_path": "sound/dub_sound/nifeibiduo01.mp3",
        "sound_type": 1,
        "des": "玩家-尼飞彼多台词配音",
        "add": "",
        "vol": 100
    },
    "30085": {
        "sound_id": 30085,
        "name": "",
        "sound_path": "sound/dub_sound/wutong01.mp3",
        "sound_type": 1,
        "des": "玩家-梧桐台词配音",
        "add": "",
        "vol": 100
    },
    "30086": {
        "sound_id": 30086,
        "name": "",
        "sound_path": "sound/dub_sound/kanaliya01.mp3",
        "sound_type": 1,
        "des": "玩家-卡娜莉亚台词配音",
        "add": "",
        "vol": 100
    },
    "30087": {
        "sound_id": 30087,
        "name": "",
        "sound_path": "sound/dub_sound/molaowu01.mp3",
        "sound_type": 1,
        "des": "玩家-莫老五台词配音",
        "add": "",
        "vol": 100
    },
    "30088": {
        "sound_id": 30088,
        "name": "",
        "sound_path": "sound/dub_sound/pangmu01.mp3",
        "sound_type": 1,
        "des": "玩家-庞母台词配音",
        "add": "",
        "vol": 100
    },
    "30089": {
        "sound_id": 30089,
        "name": "",
        "sound_path": "sound/dub_sound/xiaomai01.mp3",
        "sound_type": 1,
        "des": "玩家-小麦台词配音",
        "add": "",
        "vol": 100
    },
    "30090": {
        "sound_id": 30090,
        "name": "",
        "sound_path": "sound/dub_sound/xiaojieheihua01.mp3",
        "sound_type": 1,
        "des": "玩家-小杰黑化台词配音",
        "add": "",
        "vol": 100
    },
    "30091": {
        "sound_id": 30091,
        "name": "",
        "sound_path": "sound/dub_sound/hongyan01.mp3",
        "sound_type": 1,
        "des": "玩家-红眼酷拉皮卡台词配音",
        "add": "",
        "vol": 100
    },
    "30092": {
        "sound_id": 30092,
        "name": "",
        "sound_path": "sound/dub_sound/nakulu01.mp3",
        "sound_type": 1,
        "des": "玩家-那库戮台词配音",
        "add": "",
        "vol": 100
    },
    "30093": {
        "sound_id": 30093,
        "name": "",
        "sound_path": "sound/dub_sound/feitan01.mp3",
        "sound_type": 1,
        "des": "",
        "add": "",
        "vol": 100
    },
    "30094": {
        "sound_id": 30094,
        "name": "",
        "sound_path": "sound/dub_sound/feitan01.mp3",
        "sound_type": 1,
        "des": "",
        "add": "",
        "vol": 100
    },
    "31001": {
        "sound_id": 31001,
        "name": "",
        "sound_path": "sound/dub_sound/qiya02.mp3",
        "sound_type": 1,
        "des": "玩家-奇牙",
        "add": "",
        "vol": 100
    },
    "31002": {
        "sound_id": 31002,
        "name": "",
        "sound_path": "sound/dub_sound/zhixi02.mp3",
        "sound_type": 1,
        "des": "玩家-智喜",
        "add": "",
        "vol": 100
    },
    "31003": {
        "sound_id": 31003,
        "name": "",
        "sound_path": "sound/dub_sound/xiaodi02.mp3",
        "sound_type": 1,
        "des": "玩家-小滴",
        "add": "",
        "vol": 100
    },
    "31004": {
        "sound_id": 31004,
        "name": "",
        "sound_path": "sound/dub_sound/yiermi02.mp3",
        "sound_type": 1,
        "des": "玩家-伊尔迷",
        "add": "",
        "vol": 100
    },
    "31005": {
        "sound_id": 31005,
        "name": "",
        "sound_path": "sound/dub_sound/kaite02.mp3",
        "sound_type": 1,
        "des": "玩家-凯特",
        "add": "",
        "vol": 100
    },
    "31006": {
        "sound_id": 31006,
        "name": "",
        "sound_path": "sound/dub_sound/saci02.mp3",
        "sound_type": 1,
        "des": "玩家-萨次",
        "add": "",
        "vol": 100
    },
    "31007": {
        "sound_id": 31007,
        "name": "",
        "sound_path": "sound/dub_sound/wojin02.mp3",
        "sound_type": 1,
        "des": "玩家-窝金",
        "add": "",
        "vol": 100
    },
    "31008": {
        "sound_id": 31008,
        "name": "",
        "sound_path": "sound/dub_sound/banzang02.mp3",
        "sound_type": 1,
        "des": "玩家-半藏",
        "add": "",
        "vol": 100
    },
    "31009": {
        "sound_id": 31009,
        "name": "",
        "sound_path": "sound/dub_sound/buhaci02.mp3",
        "sound_type": 1,
        "des": "玩家-卜哈次",
        "add": "",
        "vol": 100
    },
    "31010": {
        "sound_id": 31010,
        "name": "",
        "sound_path": "sound/dub_sound/dongba02.mp3",
        "sound_type": 1,
        "des": "玩家-东巴",
        "add": "",
        "vol": 100
    },
    "31011": {
        "sound_id": 31011,
        "name": "",
        "sound_path": "sound/dub_sound/feitan02.mp3",
        "sound_type": 1,
        "des": "玩家-飞坦",
        "add": "",
        "vol": 100
    },
    "31012": {
        "sound_id": 31012,
        "name": "",
        "sound_path": "sound/dub_sound/fenkesi02.mp3",
        "sound_type": 1,
        "des": "玩家-芬克斯",
        "add": "",
        "vol": 100
    },
    "31013": {
        "sound_id": 31013,
        "name": "",
        "sound_path": "sound/dub_sound/fulankelin02.mp3",
        "sound_type": 1,
        "des": "玩家-富兰克林",
        "add": "",
        "vol": 100
    },
    "31014": {
        "sound_id": 31014,
        "name": "",
        "sound_path": "sound/dub_sound/huashidoulang02.mp3",
        "sound_type": 1,
        "des": "玩家-华石斗郎",
        "add": "",
        "vol": 100
    },
    "31015": {
        "sound_id": 31015,
        "name": "",
        "sound_path": "sound/dub_sound/jidou02.mp3",
        "sound_type": 1,
        "des": "玩家-疾斗",
        "add": "",
        "vol": 100
    },
    "31016": {
        "sound_id": 31016,
        "name": "",
        "sound_path": "sound/dub_sound/boluoliefu02.mp3",
        "sound_type": 1,
        "des": "玩家-剥罗裂夫",
        "add": "",
        "vol": 100
    },
    "31017": {
        "sound_id": 31017,
        "name": "",
        "sound_path": "sound/dub_sound/kuluoluo02.mp3",
        "sound_type": 1,
        "des": "玩家-库洛洛",
        "add": "",
        "vol": 100
    },
    "31018": {
        "sound_id": 31018,
        "name": "",
        "sound_path": "sound/dub_sound/xiba02.mp3",
        "sound_type": 1,
        "des": "玩家-席巴",
        "add": "",
        "vol": 100
    },
    "31019": {
        "sound_id": 31019,
        "name": "",
        "sound_path": "sound/dub_sound/jienuo02.mp3",
        "sound_type": 1,
        "des": "玩家-杰诺",
        "add": "",
        "vol": 100
    },
    "31020": {
        "sound_id": 31020,
        "name": "",
        "sound_path": "sound/dub_sound/kete02.mp3",
        "sound_type": 1,
        "des": "玩家-柯特",
        "add": "",
        "vol": 100
    },
    "31021": {
        "sound_id": 31021,
        "name": "",
        "sound_path": "sound/dub_sound/kubi02.mp3",
        "sound_type": 1,
        "des": "玩家-库哔",
        "add": "",
        "vol": 100
    },
    "31022": {
        "sound_id": 31022,
        "name": "",
        "sound_path": "sound/dub_sound/libeiduo02.mp3",
        "sound_type": 1,
        "des": "玩家-狸狈多",
        "add": "",
        "vol": 100
    },
    "31023": {
        "sound_id": 31023,
        "name": "",
        "sound_path": "sound/dub_sound/maqi02.mp3",
        "sound_type": 1,
        "des": "玩家-玛琪",
        "add": "",
        "vol": 100
    },
    "31024": {
        "sound_id": 31024,
        "name": "",
        "sound_path": "sound/dub_sound/menqi02.mp3",
        "sound_type": 1,
        "des": "玩家-门琪",
        "add": "",
        "vol": 100
    },
    "31025": {
        "sound_id": 31025,
        "name": "",
        "sound_path": "sound/dub_sound/miqi02.mp3",
        "sound_type": 1,
        "des": "玩家-迷稽",
        "add": "",
        "vol": 100
    },
    "31026": {
        "sound_id": 31026,
        "name": "",
        "sound_path": "sound/dub_sound/paikenuoda02.mp3",
        "sound_type": 1,
        "des": "玩家-派克",
        "add": "",
        "vol": 100
    },
    "31027": {
        "sound_id": 31027,
        "name": "",
        "sound_path": "sound/dub_sound/shadasuo02.mp3",
        "sound_type": 1,
        "des": "玩家-杀大索",
        "add": "",
        "vol": 100
    },
    "31028": {
        "sound_id": 31028,
        "name": "",
        "sound_path": "sound/dub_sound/xinchang02.mp3",
        "sound_type": 1,
        "des": "玩家-信长",
        "add": "",
        "vol": 100
    },
    "31029": {
        "sound_id": 31029,
        "name": "",
        "sound_path": "sound/dub_sound/yungu02.mp3",
        "sound_type": 1,
        "des": "玩家-云古",
        "add": "",
        "vol": 100
    },
    "31030": {
        "sound_id": 31030,
        "name": "",
        "sound_path": "sound/dub_sound/xiake02.mp3",
        "sound_type": 1,
        "des": "玩家-侠客",
        "add": "",
        "vol": 100
    },
    "31031": {
        "sound_id": 31031,
        "name": "",
        "sound_path": "sound/dub_sound/leiouli02.mp3",
        "sound_type": 1,
        "des": "玩家-雷欧力",
        "add": "",
        "vol": 100
    },
    "31032": {
        "sound_id": 31032,
        "name": "",
        "sound_path": "sound/dub_sound/xiaojie02.mp3",
        "sound_type": 1,
        "des": "玩家-小杰",
        "add": "",
        "vol": 100
    },
    "31033": {
        "sound_id": 31033,
        "name": "",
        "sound_path": "sound/dub_sound/xisuo02.mp3",
        "sound_type": 1,
        "des": "玩家-西索",
        "add": "",
        "vol": 100
    },
    "31034": {
        "sound_id": 31034,
        "name": "",
        "sound_path": "sound/dub_sound/kulapika02.mp3",
        "sound_type": 1,
        "des": "玩家-酷拉皮卡",
        "add": "",
        "vol": 100
    },
    "31035": {
        "sound_id": 31035,
        "name": "",
        "sound_path": "sound/dub_sound/huizhang02.mp3",
        "sound_type": 1,
        "des": "玩家-会长",
        "add": "",
        "vol": 100
    },
    "31036": {
        "sound_id": 31036,
        "name": "",
        "sound_path": "sound/dub_sound/wang02.mp3",
        "sound_type": 1,
        "des": "玩家-蚁王",
        "add": "",
        "vol": 100
    },
    "31037": {
        "sound_id": 31037,
        "name": "",
        "sound_path": "sound/dub_sound/leizha02.mp3",
        "sound_type": 1,
        "des": "玩家-磊扎",
        "add": "",
        "vol": 100
    },
    "31038": {
        "sound_id": 31038,
        "name": "",
        "sound_path": "sound/dub_sound/niweng02.mp3",
        "sound_type": 1,
        "des": "玩家-尼翁",
        "add": "",
        "vol": 100
    },
    "31039": {
        "sound_id": 31039,
        "name": "",
        "sound_path": "sound/dub_sound/xuanlv02.mp3",
        "sound_type": 1,
        "des": "玩家-旋律",
        "add": "",
        "vol": 100
    },
    "31040": {
        "sound_id": 31040,
        "name": "",
        "sound_path": "sound/dub_sound/bisiji02.mp3",
        "sound_type": 1,
        "des": "玩家-比斯吉",
        "add": "",
        "vol": 100
    },
    "31041": {
        "sound_id": 31041,
        "name": "",
        "sound_path": "sound/dub_sound/ganshu02.mp3",
        "sound_type": 1,
        "des": "玩家-炸弹魔",
        "add": "",
        "vol": 100
    },
    "31042": {
        "sound_id": 31042,
        "name": "",
        "sound_path": "sound/dub_sound/pufu02.mp3",
        "sound_type": 1,
        "des": "玩家-枭亚普夫",
        "add": "",
        "vol": 100
    },
    "31043": {
        "sound_id": 31043,
        "name": "",
        "sound_path": "sound/dub_sound/youpi02.mp3",
        "sound_type": 1,
        "des": "玩家-孟徒徒尤匹",
        "add": "",
        "vol": 100
    },
    "31044": {
        "sound_id": 31044,
        "name": "",
        "sound_path": "sound/dub_sound/nifeibiduo02.mp3",
        "sound_type": 1,
        "des": "玩家-尼飞彼多",
        "add": "",
        "vol": 100
    },
    "31045": {
        "sound_id": 31045,
        "name": "",
        "sound_path": "sound/dub_sound/pangmu02.mp3",
        "sound_type": 1,
        "des": "玩家-庞姆",
        "add": "",
        "vol": 100
    },
    "31046": {
        "sound_id": 31046,
        "name": "",
        "sound_path": "sound/dub_sound/xiaomai02.mp3",
        "sound_type": 1,
        "des": "玩家-小麦",
        "add": "",
        "vol": 100
    },
    "31047": {
        "sound_id": 31047,
        "name": "",
        "sound_path": "sound/dub_sound/leidianqiya02.mp3",
        "sound_type": 1,
        "des": "玩家-普通奇牙47",
        "add": "",
        "vol": 100
    },
    "31048": {
        "sound_id": 31048,
        "name": "",
        "sound_path": "sound/dub_sound/nakulu02.mp3",
        "sound_type": 1,
        "des": "玩家-拿酷戮",
        "add": "",
        "vol": 100
    },
    "31049": {
        "sound_id": 31049,
        "name": "",
        "sound_path": "sound/dub_sound/xiaojieheihua02.mp3",
        "sound_type": 1,
        "des": "玩家-小杰黑化",
        "add": "",
        "vol": 100
    },
    "31050": {
        "sound_id": 31050,
        "name": "",
        "sound_path": "sound/dub_sound/molaowu02.mp3",
        "sound_type": 1,
        "des": "玩家-莫老五",
        "add": "",
        "vol": 100
    },
    "31051": {
        "sound_id": 31051,
        "name": "",
        "sound_path": "sound/dub_sound/hongyan02.mp3",
        "sound_type": 1,
        "des": "玩家-火红眼",
        "add": "",
        "vol": 100
    },
    "31052": {
        "sound_id": 31052,
        "name": "",
        "sound_path": "sound/dub_sound/wutong02.mp3",
        "sound_type": 1,
        "des": "玩家-梧桐",
        "add": "",
        "vol": 100
    },
    "39999": {
        "sound_id": 39999,
        "name": "",
        "sound_path": "sound/dub_sound/kong01.mp3",
        "sound_type": 1,
        "des": "玩家-空音效",
        "add": "",
        "vol": 100
    },
    "31053": {
        "sound_id": 31053,
        "name": "",
        "sound_path": "sound/effect_sound/tavern1.mp3",
        "sound_type": 1,
        "des": "玩家-空音效",
        "add": "",
        "vol": 100
    },
    "31054": {
        "sound_id": 31054,
        "name": "",
        "sound_path": "sound/effect_sound/tavern2.mp3",
        "sound_type": 1,
        "des": "玩家-空音效",
        "add": "",
        "vol": 100
    },
    "31055": {
        "sound_id": 31055,
        "name": "",
        "sound_path": "sound/effect_sound/tavern3.mp3",
        "sound_type": 1,
        "des": "玩家-空音效",
        "add": "",
        "vol": 100
    },
    "31056": {
        "sound_id": 31056,
        "name": "",
        "sound_path": "sound/effect_sound/card1.mp3",
        "sound_type": 1,
        "des": "玩家-空音效",
        "add": "",
        "vol": 100
    },
    "31057": {
        "sound_id": 31057,
        "name": "",
        "sound_path": "sound/effect_sound/card2.mp3",
        "sound_type": 1,
        "des": "玩家-空音效",
        "add": "",
        "vol": 100
    },
    "31058": {
        "sound_id": 31058,
        "name": "",
        "sound_path": "sound/effect_sound/card1.mp3",
        "sound_type": 1,
        "des": "玩家-空音效",
        "add": "",
        "vol": 100
    },
    "31059": {
        "sound_id": 31059,
        "name": "",
        "sound_path": "sound/dub_sound/jin02.mp3",
        "sound_type": 1,
        "des": "金-战斗",
        "add": "",
        "vol": 100
    },
    "31060": {
        "sound_id": 31060,
        "name": "",
        "sound_path": "sound/dub_sound/yalujia02.mp3",
        "sound_type": 1,
        "des": "亚路嘉-战斗",
        "add": "",
        "vol": 100
    },
    "31061": {
        "sound_id": 31061,
        "name": "",
        "sound_path": "sound/dub_sound/meiliweng02.mp3",
        "sound_type": 1,
        "des": "梅利翁-战斗",
        "add": "",
        "vol": 100
    },
    "31062": {
        "sound_id": 31062,
        "name": "",
        "sound_path": "sound/dub_sound/kuilei02.mp3",
        "sound_type": 1,
        "des": "傀儡-凯特",
        "add": "",
        "vol": 100
    },
    "31063": {
        "sound_id": 31063,
        "name": "",
        "sound_path": "sound/dub_sound/B_yalujia02.mp3",
        "sound_type": 1,
        "des": "黑暗亚路嘉-战斗",
        "add": "",
        "vol": 100
    },
    "31064": {
        "sound_id": 31064,
        "name": "",
        "sound_path": "sound/dub_sound/nvwang02.mp3",
        "sound_type": 1,
        "des": "蚂蚁女王-战斗",
        "add": "",
        "vol": 100
    },
    "31065": {
        "sound_id": 31065,
        "name": "",
        "sound_path": "sound/dub_sound/niaoren02.mp3",
        "sound_type": 1,
        "des": "鸟人-战斗",
        "add": "",
        "vol": 100
    },
    "31066": {
        "sound_id": 31066,
        "name": "",
        "sound_path": "sound/dub_sound/nvkaite02.mp3",
        "sound_type": 1,
        "des": "女凯特-战斗",
        "add": "",
        "vol": 100
    },
    "31067": {
        "sound_id": 31067,
        "name": "",
        "sound_path": "sound/dub_sound/baozoubi.mp3",
        "sound_type": 1,
        "des": "暴走比丝姬-战斗",
        "add": "",
        "vol": 100
    },
    "31068": {
        "sound_id": 31068,
        "name": "",
        "sound_path": "sound/dub_sound/palisitong01.mp3",
        "sound_type": 1,
        "des": "帕里斯通-战斗",
        "add": "",
        "vol": 100
    },
    "31069": {
        "sound_id": 31069,
        "name": "",
        "sound_path": "sound/dub_sound/yinda01.mp3",
        "sound_type": 1,
        "des": "银达-战斗",
        "add": "",
        "vol": 100
    },
    "31070": {
        "sound_id": 31070,
        "name": "",
        "sound_path": "sound/dub_sound/kangzai01.mp3",
        "sound_type": 1,
        "des": "康宰-战斗",
        "add": "",
        "vol": 100
    },
    "31071": {
        "sound_id": 31071,
        "name": "",
        "sound_path": "sound/dub_sound/piyueen01.mp3",
        "sound_type": 1,
        "des": "皮约恩-战斗",
        "add": "",
        "vol": 100
    },
    "31072": {
        "sound_id": 31072,
        "name": "",
        "sound_path": "sound/dub_sound/mizaisidun01.mp3",
        "sound_type": 1,
        "des": "牛-战斗",
        "add": "",
        "vol": 100
    }}
