{
    "1": {
        "index": 1,
        "npc": "小二",
        "ui": "酒馆",
        "pop": 1,
        "dialog": ["记住，喝酒获得的酒馆积分可以在酒馆商店兑换稀有道具！","我这里有上好的美酒，你要不要来一杯尝尝~","什么？你不会喝酒？那怎么行，真正的猎人是难以抵御美酒的诱惑的，哈哈~","每天4点我都会送你一杯冰爽啤酒呦！千万不要错过了~"],
        "other": ""
    },
    "2": {
        "index": 2,
        "npc": "老板娘",
        "ui": "酒馆",
        "pop": 1,
        "dialog": ["来我这里，保证让你满载而归。","我开的可是良心店。","不要叫我老板娘，要叫我萌妹子哦~","今天心情不错，给你出点好东西。"],
        "other": ""
    },
    "3": {
        "index": 3,
        "npc": "宝穴小兵",
        "ui": "伏牛寨",
        "pop": 1,
        "dialog": ["今天轮到我守寨，你敢来闯吗？","快看这些闪闪发亮的宝贝，想要吗？那你求我呀。","虽然我长得丑，但是我肥肉多呀。","我最怕连击了，麻烦对我温柔一点么么哒~"],
        "other": ""
    },
    "4": {
        "index": 4,
        "npc": "金窟小兵",
        "ui": "伏牛寨",
        "pop": 1,
        "dialog": ["钱我这里多的是，就怕你不敢来抢。","别看伏牛寨名字响亮，却是寨主一拍大腿想出来的。","我们遇强则强，遇弱则弱。你是哪一种？","窟里的守卫各个铜皮铁骨，且死不了呢。"],
        "other": ""
    },
    "5": {
        "index": 5,
        "npc": "普通板娘",
        "ui": "商铺",
        "pop": 1,
        "dialog": ["看着我的眼睛，我能猜出你最想要什么。","想买到更多的货，那就刷新给我看呀~","我三哥那儿有不少好货，不过他总神神秘秘的。","打折什么的并没有规律可循，主要是看我心情。"],
        "other": ""
    },
    "6": {
        "index": 6,
        "npc": "神秘货郎",
        "ui": "商铺",
        "pop": 1,
        "dialog": ["想要什么快点挑，过了这村可就没这店了。","不知道为什么，大家都说我是NPC里最帅的。","我只会留在有缘人身边。至于谁是有缘人……你懂的。","又被人类发现了，就不能让我当个安静的神秘人吗？"],
        "other": ""
    },
    "7": {
        "index": 7,
        "npc": "军需商人",
        "ui": "军需",
        "pop": 1,
        "dialog": ["想拥有更多演武币，你需要爬得更高才行！","那些说演武币像龟壳的人，放学别走，我们聊聊。","再戳我的胡子，我就拉你去见官！哦，对了，我就是官。","年轻的时候，我也是萌萌哒小鲜肉来着。"],
        "other": ""
    },
    "8": {
        "index": 8,
        "npc": "帮会菇凉",
        "ui": "帮会",
        "pop": 1,
        "dialog": ["帮会等级越高，店里的折扣就会越大。","雇佣童工是犯法的！然而这并没什么用。","糖葫芦对我没什么诱惑，茫茫的天涯才是我的爱。","一个老女人把我放在了这儿，鬼知道她是怎么想的。"],
        "other": ""
    },
    "9": {
        "index": 9,
        "npc": "访仙菇凉",
        "ui": "访仙",
        "pop": 1,
        "dialog": ["据说访仙之前充十块钱可以带来好运。嘘！别告诉其他人。","我不是肥嘟嘟，我只是画风不同。","这里的商铺，可跟那些凡间的不一样。","曾经我也叫小双双，后来他们嫌弃我脸大。"],
        "other": ""
    },
    "10": {
        "index": 10,
        "npc": "军需商人",
        "ui": "特训",
        "pop": 1,
        "dialog": ["每完成一场训练赛均可领取通关奖励。","训练完成后，还有超级丰厚的毕业大礼包等着你哦。"],
        "other": ""
    },
    "11": {
        "index": 11,
        "npc": "通缉商人",
        "ui": "通缉令",
        "pop": 1,
        "dialog": ["时常会有通缉犯威胁我关掉店铺。","我这里最便宜的是别的商铺中最贵的。","我这里的每一样东西都能帮助你。","昨天有个小英雄在我这里换走了一份。"],
        "other": ""
    },
    "12": {
        "index": 12,
        "npc": "山贼",
        "ui": "组队战",
        "pop": 1,
        "dialog": ["我们才不是什么骗子，不要听那个叫小杰的胡说八道...咳咳...","什么？！你的好友有黑杰和火红眼？那个...要不我们不打了好不好？","只有把我们三个都打败，才能......挑战更高难度的我们哟~","好友不给力，再好的奖励也得不到~","小子！你是不是迷路了？偌大个黑暗大陆，去哪儿玩不好，偏偏要来这里！","什么？我们仨都不认识？地表最强三人组听过没？是不是被吓到了？","研究完人家的特性，再打人家，你们这是赤果果的耍赖！","我才不会告诉你，不把我们三个都打败，你是拿不走全部奖励的~","谁能想到，上一个击败我们三个的人，如今已经成了......我们的老大。（T﹏T）"],
        "other": ""
    },
    "13": {
        "index": 13,
        "npc": "山贼",
        "ui": "组队战",
        "pop": 1,
        "dialog": ["我们才不是什么骗子，不要听那个叫小杰的胡说八道...咳咳...","什么？！你的好友有黑杰和火红眼？那个...要不我们不打了好不好？","只有把我们三个都打败，才能......挑战更高难度的我们哟~","好友不给力，再好的奖励也得不到~","小子！你是不是迷路了？偌大个黑暗大陆，去哪儿玩不好，偏偏要来这里！","什么？我们仨都不认识？地表最强三人组听过没？是不是被吓到了？","研究完人家的特性，再打人家，你们这是赤果果的耍赖！","我才不会告诉你，不把我们三个都打败，你是拿不走全部奖励的~","谁能想到，上一个击败我们三个的人，如今已经成了......我们的老大。（T﹏T）"],
        "other": ""
    },
    "14": {
        "index": 14,
        "npc": "山贼",
        "ui": "组队战",
        "pop": 1,
        "dialog": ["我们才不是什么骗子，不要听那个叫小杰的胡说八道...咳咳...","什么？！你的好友有黑杰和火红眼？那个...要不我们不打了好不好？","只有把我们三个都打败，才能......挑战更高难度的我们哟~","好友不给力，再好的奖励也得不到~","小子！你是不是迷路了？偌大个黑暗大陆，去哪儿玩不好，偏偏要来这里！","什么？我们仨都不认识？地表最强三人组听过没？是不是被吓到了？","研究完人家的特性，再打人家，你们这是赤果果的耍赖！","我才不会告诉你，不把我们三个都打败，你是拿不走全部奖励的~","谁能想到，上一个击败我们三个的人，如今已经成了......我们的老大。（T﹏T）"],
        "other": ""
    },
    "15": {
        "index": 15,
        "npc": "山贼",
        "ui": "组队战",
        "pop": 1,
        "dialog": ["我们才不是什么骗子，不要听那个叫小杰的胡说八道...咳咳...","什么？！你的好友有黑杰和火红眼？那个...要不我们不打了好不好？","只有把我们三个都打败，才能......挑战更高难度的我们哟~","好友不给力，再好的奖励也得不到~","小子！你是不是迷路了？偌大个黑暗大陆，去哪儿玩不好，偏偏要来这里！","什么？我们仨都不认识？地表最强三人组听过没？是不是被吓到了？","研究完人家的特性，再打人家，你们这是赤果果的耍赖！","我才不会告诉你，不把我们三个都打败，你是拿不走全部奖励的~","谁能想到，上一个击败我们三个的人，如今已经成了......我们的老大。（T﹏T）"],
        "other": ""
    },
    "16": {
        "index": 16,
        "npc": "山贼",
        "ui": "组队战",
        "pop": 1,
        "dialog": ["我们才不是什么骗子，不要听那个叫小杰的胡说八道...咳咳...","什么？！你的好友有黑杰和火红眼？那个...要不我们不打了好不好？","只有把我们三个都打败，才能......挑战更高难度的我们哟~","好友不给力，再好的奖励也得不到~","小子！你是不是迷路了？偌大个黑暗大陆，去哪儿玩不好，偏偏要来这里！","什么？我们仨都不认识？地表最强三人组听过没？是不是被吓到了？","研究完人家的特性，再打人家，你们这是赤果果的耍赖！","我才不会告诉你，不把我们三个都打败，你是拿不走全部奖励的~","谁能想到，上一个击败我们三个的人，如今已经成了......我们的老大。（T﹏T）"],
        "other": ""
    },
    "17": {
        "index": 17,
        "npc": "山贼",
        "ui": "组队战",
        "pop": 1,
        "dialog": ["我们才不是什么骗子，不要听那个叫小杰的胡说八道...咳咳...","什么？！你的好友有黑杰和火红眼？那个...要不我们不打了好不好？","只有把我们三个都打败，才能......挑战更高难度的我们哟~","好友不给力，再好的奖励也得不到~","小子！你是不是迷路了？偌大个黑暗大陆，去哪儿玩不好，偏偏要来这里！","什么？我们仨都不认识？地表最强三人组听过没？是不是被吓到了？","研究完人家的特性，再打人家，你们这是赤果果的耍赖！","我才不会告诉你，不把我们三个都打败，你是拿不走全部奖励的~","谁能想到，上一个击败我们三个的人，如今已经成了......我们的老大。（T﹏T）"],
        "other": ""
    },
    "18": {
        "index": 18,
        "npc": "山贼",
        "ui": "组队战",
        "pop": 1,
        "dialog": ["我们才不是什么骗子，不要听那个叫小杰的胡说八道...咳咳...","什么？！你的好友有黑杰和火红眼？那个...要不我们不打了好不好？","只有把我们三个都打败，才能......挑战更高难度的我们哟~","好友不给力，再好的奖励也得不到~","小子！你是不是迷路了？偌大个黑暗大陆，去哪儿玩不好，偏偏要来这里！","什么？我们仨都不认识？地表最强三人组听过没？是不是被吓到了？","研究完人家的特性，再打人家，你们这是赤果果的耍赖！","我才不会告诉你，不把我们三个都打败，你是拿不走全部奖励的~","谁能想到，上一个击败我们三个的人，如今已经成了......我们的老大。（T﹏T）"],
        "other": ""
    },
    "19": {
        "index": 19,
        "npc": "山贼",
        "ui": "组队战",
        "pop": 1,
        "dialog": ["我们才不是什么骗子，不要听那个叫小杰的胡说八道...咳咳...","什么？！你的好友有黑杰和火红眼？那个...要不我们不打了好不好？","只有把我们三个都打败，才能......挑战更高难度的我们哟~","好友不给力，再好的奖励也得不到~","小子！你是不是迷路了？偌大个黑暗大陆，去哪儿玩不好，偏偏要来这里！","什么？我们仨都不认识？地表最强三人组听过没？是不是被吓到了？","研究完人家的特性，再打人家，你们这是赤果果的耍赖！","我才不会告诉你，不把我们三个都打败，你是拿不走全部奖励的~","谁能想到，上一个击败我们三个的人，如今已经成了......我们的老大。（T﹏T）"],
        "other": ""
    }}
