{
    "101": {
        "small_id": 101,
        "help_id": "定位",
        "path": "",
        "help_ids": [10101,10102,10103]
    },
    "102": {
        "small_id": 102,
        "help_id": "系别",
        "path": "",
        "help_ids": [10201,10202,10203,10204,10205,10206]
    },
    "103": {
        "small_id": 103,
        "help_id": "阵营",
        "path": "",
        "help_ids": [10301,10302,10303,10304]
    },
    "201": {
        "small_id": 201,
        "help_id": "卡片简介",
        "path": "",
        "help_ids": [20101,20102,20103]
    },
    "202": {
        "small_id": 202,
        "help_id": "卡片养成",
        "path": "",
        "help_ids": [20201]
    },
    "203": {
        "small_id": 203,
        "help_id": "特殊卡片",
        "path": "",
        "help_ids": [20301]
    },
    "301": {
        "small_id": 301,
        "help_id": "基础属性",
        "path": "",
        "help_ids": [30101,30102,30103]
    },
    "302": {
        "small_id": 302,
        "help_id": "高级属性",
        "path": "",
        "help_ids": [30201,30202,30203,30204,30205,30206,30207,30208,30209]
    },
    "303": {
        "small_id": 303,
        "help_id": "攻击顺序",
        "path": "",
        "help_ids": [30301]
    },
    "304": {
        "small_id": 304,
        "help_id": "援助猎人",
        "path": "",
        "help_ids": [30401]
    },
    "305": {
        "small_id": 305,
        "help_id": "攻击效果",
        "path": "",
        "help_ids": [30501,30502,30503,30504,30505,30506]
    },
    "306": {
        "small_id": 306,
        "help_id": "增益效果",
        "path": "",
        "help_ids": [30601,30602,30603,30604,30605,30606,30607,30608,30609,30610,30611,30612]
    },
    "307": {
        "small_id": 307,
        "help_id": "减益效果",
        "path": "",
        "help_ids": [30701,30702,30703,30704,30705,30706,30707,30708,30709,30710,30711,30712,30713,30714,30715,30716,30717]
    }}
