{
    "1": {
        "id": 1,
        "name": "ui_tongyong_kongbai",
        "json": "ccbResources/ani_css/ui_tongyong_kongbai.ExportJson",
        "number": 1
    },
    "2": {
        "id": 2,
        "name": "ui_tongyong_kongbai",
        "json": "ccbResources/ani_css/ui_tongyong_kongbai.ExportJson",
        "number": 1
    },
    "4": {
        "id": 4,
        "name": "ui_tongyong_kongbai",
        "json": "ccbResources/ani_css/ui_tongyong_kongbai.ExportJson",
        "number": 1
    },
    "5": {
        "id": 5,
        "name": "ui_tongyong_kongbai",
        "json": "ccbResources/ani_css/ui_tongyong_kongbai.ExportJson",
        "number": 1
    },
    "6": {
        "id": 6,
        "name": "ui_tongyong_kongbai",
        "json": "ccbResources/ani_css/ui_tongyong_kongbai.ExportJson",
        "number": 1
    },
    "7": {
        "id": 7,
        "name": "ui_tongyong_kongbai",
        "json": "ccbResources/ani_css/ui_tongyong_kongbai.ExportJson",
        "number": 1
    },
    "8": {
        "id": 8,
        "name": "ui_tongyong_kongbai",
        "json": "ccbResources/ani_css/ui_tongyong_kongbai.ExportJson",
        "number": 1
    },
    "10": {
        "id": 10,
        "name": "ui_tongyong_kongbai",
        "json": "ccbResources/ani_css/ui_tongyong_kongbai.ExportJson",
        "number": 1
    },
    "11": {
        "id": 11,
        "name": "ui_tongyong_kongbai",
        "json": "ccbResources/ani_css/ui_tongyong_kongbai.ExportJson",
        "number": 1
    },
    "12": {
        "id": 12,
        "name": "ui_tongyong_kongbai",
        "json": "ccbResources/ani_css/ui_tongyong_kongbai.ExportJson",
        "number": 1
    },
    "13": {
        "id": 13,
        "name": "ui_tongyong_kongbai",
        "json": "ccbResources/ani_css/ui_tongyong_kongbai.ExportJson",
        "number": 1
    },
    "14": {
        "id": 14,
        "name": "ui_tongyong_kongbai",
        "json": "ccbResources/ani_css/ui_tongyong_kongbai.ExportJson",
        "number": 1
    },
    "15": {
        "id": 15,
        "name": "ui_tongyong_kongbai",
        "json": "ccbResources/ani_css/ui_tongyong_kongbai.ExportJson",
        "number": 1
    },
    "16": {
        "id": 16,
        "name": "ui_tongyong_kongbai",
        "json": "ccbResources/ani_css/ui_tongyong_kongbai.ExportJson",
        "number": 1
    },
    "17": {
        "id": 17,
        "name": "ui_tongyong_kongbai",
        "json": "ccbResources/ani_css/ui_tongyong_kongbai.ExportJson",
        "number": 1
    },
    "18": {
        "id": 18,
        "name": "ui_tongyong_kongbai",
        "json": "ccbResources/ani_css/ui_tongyong_kongbai.ExportJson",
        "number": 1
    },
    "19": {
        "id": 19,
        "name": "ui_tongyong_kongbai",
        "json": "ccbResources/ani_css/ui_tongyong_kongbai.ExportJson",
        "number": 1
    },
    "20": {
        "id": 20,
        "name": "ui_tongyong_kongbai",
        "json": "ccbResources/ani_css/ui_tongyong_kongbai.ExportJson",
        "number": 1
    },
    "21": {
        "id": 21,
        "name": "ui_tongyong_kongbai",
        "json": "ccbResources/ani_css/ui_tongyong_kongbai.ExportJson",
        "number": 1
    },
    "22": {
        "id": 22,
        "name": "ui_tongyong_kongbai",
        "json": "ccbResources/ani_css/ui_tongyong_kongbai.ExportJson",
        "number": 1
    },
    "23": {
        "id": 23,
        "name": "ui_tongyong_kongbai",
        "json": "ccbResources/ani_css/ui_tongyong_kongbai.ExportJson",
        "number": 1
    },
    "24": {
        "id": 24,
        "name": "ui_tongyong_kongbai",
        "json": "ccbResources/ani_css/ui_tongyong_kongbai.ExportJson",
        "number": 1
    },
    "25": {
        "id": 25,
        "name": "ui_tongyong_kongbai",
        "json": "ccbResources/ani_css/ui_tongyong_kongbai.ExportJson",
        "number": 1
    },
    "27": {
        "id": 27,
        "name": "ui_tongyong_kongbai",
        "json": "ccbResources/ani_css/ui_tongyong_kongbai.ExportJson",
        "number": 1
    },
    "28": {
        "id": 28,
        "name": "ui_tongyong_kongbai",
        "json": "ccbResources/ani_css/ui_tongyong_kongbai.ExportJson",
        "number": 1
    },
    "29": {
        "id": 29,
        "name": "ui_tongyong_kongbai",
        "json": "ccbResources/ani_css/ui_tongyong_kongbai.ExportJson",
        "number": 1
    },
    "30": {
        "id": 30,
        "name": "ui_tongyong_kongbai",
        "json": "ccbResources/ani_css/ui_tongyong_kongbai.ExportJson",
        "number": 1
    },
    "31": {
        "id": 31,
        "name": "ui_tongyong_kongbai",
        "json": "ccbResources/ani_css/ui_tongyong_kongbai.ExportJson",
        "number": 1
    },
    "32": {
        "id": 32,
        "name": "ui_tongyong_kongbai",
        "json": "ccbResources/ani_css/ui_tongyong_kongbai.ExportJson",
        "number": 1
    },
    "33": {
        "id": 33,
        "name": "ui_tongyong_kongbai",
        "json": "ccbResources/ani_css/ui_tongyong_kongbai.ExportJson",
        "number": 1
    },
    "34": {
        "id": 34,
        "name": "ui_tongyong_kongbai",
        "json": "ccbResources/ani_css/ui_tongyong_kongbai.ExportJson",
        "number": 1
    },
    "35": {
        "id": 35,
        "name": "ui_tongyong_kongbai",
        "json": "ccbResources/ani_css/ui_tongyong_kongbai.ExportJson",
        "number": 1
    },
    "36": {
        "id": 36,
        "name": "ui_tongyong_kongbai",
        "json": "ccbResources/ani_css/ui_tongyong_kongbai.ExportJson",
        "number": 1
    },
    "37": {
        "id": 37,
        "name": "ui_tongyong_kongbai",
        "json": "ccbResources/ani_css/ui_tongyong_kongbai.ExportJson",
        "number": 1
    },
    "38": {
        "id": 38,
        "name": "ui_tongyong_kongbai",
        "json": "ccbResources/ani_css/ui_tongyong_kongbai.ExportJson",
        "number": 1
    },
    "39": {
        "id": 39,
        "name": "ui_tongyong_kongbai",
        "json": "ccbResources/ani_css/ui_tongyong_kongbai.ExportJson",
        "number": 1
    },
    "40": {
        "id": 40,
        "name": "ui_tongyong_kongbai",
        "json": "ccbResources/ani_css/ui_tongyong_kongbai.ExportJson",
        "number": 1
    },
    "41": {
        "id": 41,
        "name": "ui_tongyong_kongbai",
        "json": "ccbResources/ani_css/ui_tongyong_kongbai.ExportJson",
        "number": 1
    },
    "42": {
        "id": 42,
        "name": "ui_tongyong_kongbai",
        "json": "ccbResources/ani_css/ui_tongyong_kongbai.ExportJson",
        "number": 1
    },
    "43": {
        "id": 43,
        "name": "ui_tongyong_kongbai",
        "json": "ccbResources/ani_css/ui_tongyong_kongbai.ExportJson",
        "number": 1
    },
    "44": {
        "id": 44,
        "name": "ui_tongyong_kongbai",
        "json": "ccbResources/ani_css/ui_tongyong_kongbai.ExportJson",
        "number": 1
    },
    "45": {
        "id": 45,
        "name": "ui_tongyong_kongbai",
        "json": "ccbResources/ani_css/ui_tongyong_kongbai.ExportJson",
        "number": 1
    },
    "46": {
        "id": 46,
        "name": "ui_tongyong_kongbai",
        "json": "ccbResources/ani_css/ui_tongyong_kongbai.ExportJson",
        "number": 1
    },
    "47": {
        "id": 47,
        "name": "ui_tongyong_kongbai",
        "json": "ccbResources/ani_css/ui_tongyong_kongbai.ExportJson",
        "number": 1
    },
    "48": {
        "id": 48,
        "name": "ui_tongyong_kongbai",
        "json": "ccbResources/ani_css/ui_tongyong_kongbai.ExportJson",
        "number": 1
    },
    "49": {
        "id": 49,
        "name": "ui_tongyong_kongbai",
        "json": "ccbResources/ani_css/ui_tongyong_kongbai.ExportJson",
        "number": 1
    },
    "50": {
        "id": 50,
        "name": "ui_tongyong_kongbai",
        "json": "ccbResources/ani_css/ui_tongyong_kongbai.ExportJson",
        "number": 1
    },
    "51": {
        "id": 51,
        "name": "ui_tongyong_kongbai",
        "json": "ccbResources/ani_css/ui_tongyong_kongbai.ExportJson",
        "number": 1
    },
    "52": {
        "id": 52,
        "name": "ui_tongyong_kongbai",
        "json": "ccbResources/ani_css/ui_tongyong_kongbai.ExportJson",
        "number": 1
    },
    "53": {
        "id": 53,
        "name": "ui_tongyong_kongbai",
        "json": "ccbResources/ani_css/ui_tongyong_kongbai.ExportJson",
        "number": 1
    },
    "54": {
        "id": 54,
        "name": "ui_tongyong_kongbai",
        "json": "ccbResources/ani_css/ui_tongyong_kongbai.ExportJson",
        "number": 1
    },
    "55": {
        "id": 55,
        "name": "ui_tongyong_kongbai",
        "json": "ccbResources/ani_css/ui_tongyong_kongbai.ExportJson",
        "number": 1
    },
    "56": {
        "id": 56,
        "name": "ui_tongyong_kongbai",
        "json": "ccbResources/ani_css/ui_tongyong_kongbai.ExportJson",
        "number": 1
    },
    "57": {
        "id": 57,
        "name": "ui_tongyong_kongbai",
        "json": "ccbResources/ani_css/ui_tongyong_kongbai.ExportJson",
        "number": 1
    },
    "58": {
        "id": 58,
        "name": "ui_tongyong_kongbai",
        "json": "ccbResources/ani_css/ui_tongyong_kongbai.ExportJson",
        "number": 1
    },
    "59": {
        "id": 59,
        "name": "ui_tongyong_kongbai",
        "json": "ccbResources/ani_css/ui_tongyong_kongbai.ExportJson",
        "number": 1
    },
    "60": {
        "id": 60,
        "name": "ui_tongyong_kongbai",
        "json": "ccbResources/ani_css/ui_tongyong_kongbai.ExportJson",
        "number": 1
    },
    "61": {
        "id": 61,
        "name": "ui_tongyong_kongbai",
        "json": "ccbResources/ani_css/ui_tongyong_kongbai.ExportJson",
        "number": 1
    },
    "62": {
        "id": 62,
        "name": "ui_tongyong_kongbai",
        "json": "ccbResources/ani_css/ui_tongyong_kongbai.ExportJson",
        "number": 1
    },
    "63": {
        "id": 63,
        "name": "ui_tongyong_kongbai",
        "json": "ccbResources/ani_css/ui_tongyong_kongbai.ExportJson",
        "number": 1
    },
    "64": {
        "id": 64,
        "name": "ui_tongyong_kongbai",
        "json": "ccbResources/ani_css/ui_tongyong_kongbai.ExportJson",
        "number": 1
    },
    "65": {
        "id": 65,
        "name": "ui_tongyong_kongbai",
        "json": "ccbResources/ani_css/ui_tongyong_kongbai.ExportJson",
        "number": 1
    },
    "66": {
        "id": 66,
        "name": "ui_tongyong_kongbai",
        "json": "ccbResources/ani_css/ui_tongyong_kongbai.ExportJson",
        "number": 1
    },
    "67": {
        "id": 67,
        "name": "ui_tongyong_kongbai",
        "json": "ccbResources/ani_css/ui_tongyong_kongbai.ExportJson",
        "number": 1
    },
    "68": {
        "id": 68,
        "name": "ui_tongyong_kongbai",
        "json": "ccbResources/ani_css/ui_tongyong_kongbai.ExportJson",
        "number": 1
    },
    "69": {
        "id": 69,
        "name": "ui_tongyong_kongbai",
        "json": "ccbResources/ani_css/ui_tongyong_kongbai.ExportJson",
        "number": 1
    },
    "70": {
        "id": 70,
        "name": "ui_tongyong_kongbai",
        "json": "ccbResources/ani_css/ui_tongyong_kongbai.ExportJson",
        "number": 1
    },
    "71": {
        "id": 71,
        "name": "ui_tongyong_kongbai",
        "json": "ccbResources/ani_css/ui_tongyong_kongbai.ExportJson",
        "number": 1
    },
    "72": {
        "id": 72,
        "name": "ui_tongyong_kongbai",
        "json": "ccbResources/ani_css/ui_tongyong_kongbai.ExportJson",
        "number": 1
    },
    "73": {
        "id": 73,
        "name": "ui_tongyong_kongbai",
        "json": "ccbResources/ani_css/ui_tongyong_kongbai.ExportJson",
        "number": 1
    },
    "74": {
        "id": 74,
        "name": "ui_tongyong_kongbai",
        "json": "ccbResources/ani_css/ui_tongyong_kongbai.ExportJson",
        "number": 1
    },
    "75": {
        "id": 75,
        "name": "ui_tongyong_kongbai",
        "json": "ccbResources/ani_css/ui_tongyong_kongbai.ExportJson",
        "number": 1
    },
    "76": {
        "id": 76,
        "name": "ui_tongyong_kongbai",
        "json": "ccbResources/ani_css/ui_tongyong_kongbai.ExportJson",
        "number": 1
    },
    "77": {
        "id": 77,
        "name": "ui_tongyong_kongbai",
        "json": "ccbResources/ani_css/ui_tongyong_kongbai.ExportJson",
        "number": 1
    },
    "78": {
        "id": 78,
        "name": "ui_tongyong_kongbai",
        "json": "ccbResources/ani_css/ui_tongyong_kongbai.ExportJson",
        "number": 1
    },
    "79": {
        "id": 79,
        "name": "ui_tongyong_kongbai",
        "json": "ccbResources/ani_css/ui_tongyong_kongbai.ExportJson",
        "number": 1
    },
    "80": {
        "id": 80,
        "name": "ui_tongyong_kongbai",
        "json": "ccbResources/ani_css/ui_tongyong_kongbai.ExportJson",
        "number": 1
    },
    "81": {
        "id": 81,
        "name": "ui_tongyong_kongbai",
        "json": "ccbResources/ani_css/ui_tongyong_kongbai.ExportJson",
        "number": 1
    },
    "82": {
        "id": 82,
        "name": "ui_tongyong_kongbai",
        "json": "ccbResources/ani_css/ui_tongyong_kongbai.ExportJson",
        "number": 1
    },
    "83": {
        "id": 83,
        "name": "ui_tongyong_kongbai",
        "json": "ccbResources/ani_css/ui_tongyong_kongbai.ExportJson",
        "number": 1
    },
    "84": {
        "id": 84,
        "name": "ui_tongyong_kongbai",
        "json": "ccbResources/ani_css/ui_tongyong_kongbai.ExportJson",
        "number": 1
    },
    "85": {
        "id": 85,
        "name": "ui_tongyong_kongbai",
        "json": "ccbResources/ani_css/ui_tongyong_kongbai.ExportJson",
        "number": 1
    },
    "86": {
        "id": 86,
        "name": "ui_tongyong_kongbai",
        "json": "ccbResources/ani_css/ui_tongyong_kongbai.ExportJson",
        "number": 1
    },
    "87": {
        "id": 87,
        "name": "ui_tongyong_kongbai",
        "json": "ccbResources/ani_css/ui_tongyong_kongbai.ExportJson",
        "number": 1
    },
    "88": {
        "id": 88,
        "name": "ui_tongyong_kongbai",
        "json": "ccbResources/ani_css/ui_tongyong_kongbai.ExportJson",
        "number": 1
    },
    "89": {
        "id": 89,
        "name": "ui_tongyong_kongbai",
        "json": "ccbResources/ani_css/ui_tongyong_kongbai.ExportJson",
        "number": 1
    },
    "90": {
        "id": 90,
        "name": "ui_tongyong_kongbai",
        "json": "ccbResources/ani_css/ui_tongyong_kongbai.ExportJson",
        "number": 1
    },
    "91": {
        "id": 91,
        "name": "ui_tongyong_kongbai",
        "json": "ccbResources/ani_css/ui_tongyong_kongbai.ExportJson",
        "number": 1
    },
    "92": {
        "id": 92,
        "name": "ui_tongyong_kongbai",
        "json": "ccbResources/ani_css/ui_tongyong_kongbai.ExportJson",
        "number": 1
    },
    "93": {
        "id": 93,
        "name": "ui_tongyong_kongbai",
        "json": "ccbResources/ani_css/ui_tongyong_kongbai.ExportJson",
        "number": 1
    },
    "1001": {
        "id": 1001,
        "name": "ui_tongyong_daojuguang",
        "json": "ccbResources/ani_css/ui_tongyong_daojuguang.ExportJson",
        "number": 1
    },
    "1002": {
        "id": 1002,
        "name": "ui_tongyong_beijingguang",
        "json": "ccbResources/ani_css/ui_tongyong_beijingguang.ExportJson",
        "number": 1
    },
    "1003": {
        "id": 1003,
        "name": "ui_tongyong_diban",
        "json": "ccbResources/ani_css/ui_tongyong_diban.ExportJson",
        "number": 1
    },
    "1004": {
        "id": 1004,
        "name": "ui_tongyong_tishi_biaoti",
        "json": "ccbResources/ani_css/ui_tongyong_tishi_biaoti.ExportJson",
        "number": 1
    },
    "1005": {
        "id": 1005,
        "name": "ui_tongyong_tishi",
        "json": "ccbResources/ani_css/ui_tongyong_tishi.ExportJson",
        "number": 1
    },
    "1006": {
        "id": 1006,
        "name": "ui_tongyong_xingxing",
        "json": "ccbResources/ani_css/ui_tongyong_xingxing.ExportJson",
        "number": 1
    },
    "1007": {
        "id": 1007,
        "name": "ui_tongyong_tishi_diban",
        "json": "ccbResources/ani_css/ui_tongyong_tishi_diban.ExportJson",
        "number": 1
    },
    "1008": {
        "id": 1008,
        "name": "ui_tongyong_xuanzhong",
        "json": "ccbResources/ani_css/ui_tongyong_xuanzhong.ExportJson",
        "number": 1
    },
    "1009": {
        "id": 1009,
        "name": "ui_tongyong_jiesuan",
        "json": "ccbResources/ani_css/ui_tongyong_jiesuan.ExportJson",
        "number": 1
    },
    "1010": {
        "id": 1010,
        "name": "ui_tongyong_jihuo",
        "json": "ccbResources/ani_css/ui_tongyong_jihuo.ExportJson",
        "number": 1
    },
    "1011": {
        "id": 1011,
        "name": "ui_tongyong_xuanzhong02",
        "json": "ccbResources/ani_css/ui_tongyong_xuanzhong02.ExportJson",
        "number": 1
    },
    "1012": {
        "id": 1012,
        "name": "ui_tongyong_lingqu",
        "json": "ccbResources/ani_css/ui_tongyong_lingqu.ExportJson",
        "number": 1
    },
    "1013": {
        "id": 1013,
        "name": "ui_tongyong_loading",
        "json": "ccbResources/ani_css/ui_tongyong_loading.ExportJson",
        "number": 1
    },
    "1014": {
        "id": 1014,
        "name": "ui_tongyong_xinshou",
        "json": "ccbResources/ani_css/ui_tongyong_xinshou.ExportJson",
        "number": 1
    },
    "1015": {
        "id": 1015,
        "name": "ui_tongyong_huodongguang_eff",
        "json": "ccbResources/ani_css/ui_tongyong_huodongguang_eff.ExportJson",
        "number": 1
    },
    "1016": {
        "id": 1016,
        "name": "ui_tongyong_tansuo",
        "json": "ccbResources/ani_css/ui_tongyong_tansuo.ExportJson",
        "number": 1
    },
    "1017": {
        "id": 1017,
        "name": "ui_tongyong_caideng",
        "json": "ccbResources/ani_css/ui_tongyong_caideng.ExportJson",
        "number": 1
    },
    "1018": {
        "id": 1018,
        "name": "xuanzhong001_eff",
        "json": "ccbResources/ani_css/xuanzhong001_eff.ExportJson",
        "number": 1
    },
    "2001": {
        "id": 2001,
        "name": "ui_gedou_01",
        "json": "ccbResources/ani_css/ui_gedou_01.ExportJson",
        "number": 1
    },
    "2002": {
        "id": 2002,
        "name": "ui_gedou_02",
        "json": "ccbResources/ani_css/ui_gedou_02.ExportJson",
        "number": 1
    },
    "2003": {
        "id": 2003,
        "name": "ui_gedou_03",
        "json": "ccbResources/ani_css/ui_gedou_03.ExportJson",
        "number": 1
    },
    "3001": {
        "id": 3001,
        "name": "ui_tanlanzhidao_01",
        "json": "ccbResources/ani_css/ui_tanlanzhidao_01.ExportJson",
        "number": 1
    },
    "3002": {
        "id": 3002,
        "name": "ui_tongyong_kongbai",
        "json": "ccbResources/ani_css/ui_tongyong_kongbai.ExportJson",
        "number": 1
    },
    "3003": {
        "id": 3003,
        "name": "ui_tanlanzhidao_03",
        "json": "ccbResources/ani_css/ui_tanlanzhidao_03.ExportJson",
        "number": 1
    },
    "3004": {
        "id": 3004,
        "name": "ui_tanlanzhidao_04",
        "json": "ccbResources/ani_css/ui_tanlanzhidao_04.ExportJson",
        "number": 1
    },
    "3005": {
        "id": 3005,
        "name": "ui_tanlanzhidao_05",
        "json": "ccbResources/ani_css/ui_tanlanzhidao_05.ExportJson",
        "number": 1
    },
    "3006": {
        "id": 3006,
        "name": "ui_tanlanzhidao_caiquan_eff",
        "json": "ccbResources/ani_css/ui_tanlanzhidao_caiquan_eff.ExportJson",
        "number": 1
    },
    "3007": {
        "id": 3007,
        "name": "ui_tanlanzhidao_guoshu_xiao",
        "json": "ccbResources/ani_css/ui_tanlanzhidao_guoshu_xiao.ExportJson",
        "number": 1
    },
    "3008": {
        "id": 3008,
        "name": "ui_tanlanzhidao_guoshu_da",
        "json": "ccbResources/ani_css/ui_tanlanzhidao_guoshu_da.ExportJson",
        "number": 1
    },
    "3009": {
        "id": 3009,
        "name": "ui_tanlanzhidao_chuansongmen",
        "json": "ccbResources/ani_css/ui_tanlanzhidao_chuansongmen.ExportJson",
        "number": 1
    },
    "3010": {
        "id": 3010,
        "name": "tlzd_diaoyu",
        "json": "ccbResources/ani_css/tlzd_diaoyu.ExportJson",
        "number": 1
    },
    "3011": {
        "id": 3011,
        "name": "tlzd_buyu_eff",
        "json": "ccbResources/ani_css/tlzd_buyu_eff.ExportJson",
        "number": 1
    },
    "3012": {
        "id": 3012,
        "name": "tlzd_boss_chuxian",
        "json": "ccbResources/ani_css/tlzd_boss_chuxian.ExportJson",
        "number": 1
    },
    "4001": {
        "id": 4001,
        "name": "ui_tongyong_tishi",
        "json": "ccbResources/ani_css/ui_tongyong_tishi.ExportJson",
        "number": 1
    },
    "5001": {
        "id": 5001,
        "name": "jg_zhaohuan",
        "json": "ccbResources/ani_css/jg_zhaohuan.ExportJson",
        "number": 1
    },
    "5002": {
        "id": 5002,
        "name": "ui_jiuguan_sudashui",
        "json": "ccbResources/ani_css/ui_jiuguan_sudashui.ExportJson",
        "number": 1
    },
    "6001": {
        "id": 6001,
        "name": "ui_lieren_kezhaohuan",
        "json": "ccbResources/ani_css/ui_lieren_kezhaohuan.ExportJson",
        "number": 1
    },
    "6002": {
        "id": 6002,
        "name": "ui_lieren_huizhang",
        "json": "ccbResources/ani_css/ui_lieren_huizhang.ExportJson",
        "number": 1
    },
    "6003": {
        "id": 6003,
        "name": "ui_lieren_jinjie",
        "json": "ccbResources/ani_css/ui_lieren_jinjie.ExportJson",
        "number": 2
    },
    "6004": {
        "id": 6004,
        "name": "ui_juexing_eff",
        "json": "ccbResources/ani_css/ui_juexing_eff.ExportJson",
        "number": 1
    },
    "7001": {
        "id": 7001,
        "name": "hd_tongyong_biaotidiban",
        "json": "ccbResources/ani_css/hd_tongyong_biaotidiban.ExportJson",
        "number": 1
    },
    "8001": {
        "id": 8001,
        "name": "ui_zuheshengxing_eff",
        "json": "ccbResources/ani_css/ui_zuheshengxing_eff.ExportJson",
        "number": 1
    },
    "8002": {
        "id": 8002,
        "name": "ui_zhaomu_eff",
        "json": "ccbResources/ani_css/ui_zhaomu_eff.ExportJson",
        "number": 1
    },
    "8003": {
        "id": 8003,
        "name": "ui_nianshou_shengji",
        "json": "ccbResources/ani_css/ui_nianshou_shengji.ExportJson",
        "number": 1
    },
    "8004": {
        "id": 8004,
        "name": "ui_wawaji_eff",
        "json": "ccbResources/ani_css/ui_wawaji_eff.ExportJson",
        "number": 1
    },
    "8005": {
        "id": 8005,
        "name": "ui_wawaji02_eff",
        "json": "ccbResources/ani_css/ui_wawaji02_eff.ExportJson",
        "number": 1
    },
    "8006": {
        "id": 8006,
        "name": "ui_maoxian_eff",
        "json": "ccbResources/ani_css/ui_maoxian_eff.ExportJson",
        "number": 1
    },
    "8007": {
        "id": 8007,
        "name": "ui_quyujiesuo_eff",
        "json": "ccbResources/ani_css/ui_quyujiesuo_eff.ExportJson",
        "number": 1
    },
    "8008": {
        "id": 8008,
        "name": "ui_zhizhao_shengxing",
        "json": "ccbResources/ani_css/ui_zhizhao_shengxing.ExportJson",
        "number": 1
    },
    "8009": {
        "id": 8009,
        "name": "ui_chakanjiangli",
        "json": "ccbResources/ani_css/ui_chakanjiangli.ExportJson",
        "number": 1
    },
    "8010": {
        "id": 8010,
        "name": "ui_nianshou_shengxing",
        "json": "ccbResources/ani_css/ui_nianshou_shengxing.ExportJson",
        "number": 1
    },
    "8011": {
        "id": 8011,
        "name": "icon_fuli",
        "json": "ccbResources/ani_css/icon_fuli.ExportJson",
        "number": 1
    },
    "8012": {
        "id": 8012,
        "name": "qiandao_eff",
        "json": "ccbResources/ani_css/qiandao_eff.ExportJson",
        "number": 1
    },
    "8013": {
        "id": 8013,
        "name": "ui_lieren_hecheng",
        "json": "ccbResources/ani_css/ui_lieren_hecheng.ExportJson",
        "number": 1
    },
    "8014": {
        "id": 8014,
        "name": "nianli_eff",
        "json": "ccbResources/ani_css/nianli_eff.ExportJson",
        "number": 1
    },
    "8015": {
        "id": 8015,
        "name": "ui_gedou04_eff",
        "json": "ccbResources/ani_css/ui_gedou04_eff.ExportJson",
        "number": 1
    },
    "8016": {
        "id": 8016,
        "name": "zhuxian_eff",
        "json": "ccbResources/ani_css/zhuxian_eff.ExportJson",
        "number": 1
    },
    "8017": {
        "id": 8017,
        "name": "guanghuan_eff",
        "json": "ccbResources/ani_css/guanghuan_eff.ExportJson",
        "number": 2
    },
    "8018": {
        "id": 8018,
        "name": "tupo_eff",
        "json": "ccbResources/ani_css/tupo_eff.ExportJson",
        "number": 2
    },
    "8019": {
        "id": 8019,
        "name": "shouchong_liuguang",
        "json": "ccbResources/ani_css/shouchong_liuguang.ExportJson",
        "number": 1
    },
    "8020": {
        "id": 8020,
        "name": "shouchong_eff",
        "json": "ccbResources/ani_css/shouchong_eff.ExportJson",
        "number": 1
    },
    "8021": {
        "id": 8021,
        "name": "pijiu_dazhe",
        "json": "ccbResources/ani_css/pijiu_dazhe.ExportJson",
        "number": 1
    },
    "8022": {
        "id": 8022,
        "name": "xuanzhong_eff",
        "json": "ccbResources/ani_css/xuanzhong_eff.ExportJson",
        "number": 1
    },
    "8023": {
        "id": 8023,
        "name": "anniu_yidong",
        "json": "ccbResources/ani_css/anniu_yidong.ExportJson",
        "number": 1
    },
    "8024": {
        "id": 8024,
        "name": "ui_kehecheng",
        "json": "ccbResources/ani_css/ui_kehecheng.ExportJson",
        "number": 1
    },
    "8025": {
        "id": 8025,
        "name": "ui_tanlanzhidao_02",
        "json": "ccbResources/ani_css/ui_tanlanzhidao_02.ExportJson",
        "number": 1
    },
    "8026": {
        "id": 8026,
        "name": "ui_chongwu_juexing_eff",
        "json": "ccbResources/ani_css/ui_chongwu_juexing_eff.ExportJson",
        "number": 1
    },
    "8027": {
        "id": 8027,
        "name": "matou_guoshu_da",
        "json": "ccbResources/ani_css/matou_guoshu_da.ExportJson",
        "number": 1
    },
    "8028": {
        "id": 8028,
        "name": "zhuangbei_xuanzhong",
        "json": "ccbResources/ani_css/zhuangbei_xuanzhong.ExportJson",
        "number": 1
    },
    "8029": {
        "id": 8029,
        "name": "baowu_eff",
        "json": "ccbResources/ani_css/baowu_eff.ExportJson",
        "number": 2
    },
    "8030": {
        "id": 8030,
        "name": "jiesuan_heiandalu",
        "json": "ccbResources/ani_css/jiesuan_heiandalu.ExportJson",
        "number": 1
    },
    "8031": {
        "id": 8031,
        "name": "xiaojiesuan_heiandalu",
        "json": "ccbResources/ani_css/xiaojiesuan_heiandalu.ExportJson",
        "number": 1
    },
    "8032": {
        "id": 8032,
        "name": "denglong_eff",
        "json": "ccbResources/ani_css/denglong_eff.ExportJson",
        "number": 1
    },
    "8033": {
        "id": 8033,
        "name": "baowu_tisheng",
        "json": "ccbResources/ani_css/baowu_tisheng.ExportJson",
        "number": 1
    },
    "8034": {
        "id": 8034,
        "name": "cangpin_xingxing",
        "json": "ccbResources/ani_css/cangpin_xingxing.ExportJson",
        "number": 1
    },
    "8035": {
        "id": 8035,
        "name": "ui_xuyuan",
        "json": "ccbResources/ani_css/ui_xuyuan.ExportJson",
        "number": 1
    },
    "8036": {
        "id": 8036,
        "name": "shenmishangdian_eff",
        "json": "ccbResources/ani_css/shenmishangdian_eff.ExportJson",
        "number": 1
    },
    "8037": {
        "id": 8037,
        "name": "shenmishangcheng_eff",
        "json": "ccbResources/ani_css/shenmishangcheng_eff.ExportJson",
        "number": 1
    },
    "8038": {
        "id": 8038,
        "name": "xilian_eff",
        "json": "ccbResources/ani_css/xilian_eff.ExportJson",
        "number": 2
    },
    "8039": {
        "id": 8039,
        "name": "dazhe_eff",
        "json": "ccbResources/ani_css/dazhe_eff.ExportJson",
        "number": 1
    },
    "8040": {
        "id": 8040,
        "name": "ui_wawa_libao_eff",
        "json": "ccbResources/ani_css/ui_wawa_libao_eff.ExportJson",
        "number": 1
    },
    "8041": {
        "id": 8041,
        "name": "nianli2_eff",
        "json": "ccbResources/ani_css/nianli2_eff.ExportJson",
        "number": 1
    },
    "8042": {
        "id": 8042,
        "name": "bianshen_eff",
        "json": "ccbResources/ani_css/bianshen_eff.ExportJson",
        "number": 2
    },
    "8043": {
        "id": 8043,
        "name": "hongbao",
        "json": "ccbResources/ani_css/hongbao.ExportJson",
        "number": 1
    },
    "8044": {
        "id": 8044,
        "name": "guanghuan2_eff",
        "json": "ccbResources/ani_css/guanghuan2_eff.ExportJson",
        "number": 1
    }}
