{
    "18": {
        "id": 18,
        "name": "ui_tongyong_kongbai",
        "des": "【战斗】无",
        "json": "ccbResources/ani_fight/ui_tongyong_kongbai.ExportJson",
        "number": 1,
        "extra": "击杀特效",
        "order": 1
    },
    "19": {
        "id": 19,
        "name": "ui_tongyong_kongbai",
        "des": "【战斗】无",
        "json": "ccbResources/ani_fight/ui_tongyong_kongbai.ExportJson",
        "number": 1,
        "extra": "蓄力特效",
        "order": 2
    },
    "73": {
        "id": 73,
        "name": "ui_tongyong_kongbai",
        "des": "【战斗】无",
        "json": "ccbResources/ani_fight/ui_tongyong_kongbai.ExportJson",
        "number": 1,
        "extra": "复活时的死亡特效",
        "order": 3
    },
    "81": {
        "id": 81,
        "name": "ui_tongyong_kongbai",
        "des": "【战斗】无",
        "json": "ccbResources/ani_fight/ui_tongyong_kongbai.ExportJson",
        "number": 1,
        "extra": "战斗开始特效",
        "order": 4
    },
    "119": {
        "id": 119,
        "name": "ui_tongyong_kongbai",
        "des": "【战斗】无",
        "json": "ccbResources/ani_fight/ui_tongyong_kongbai.ExportJson",
        "number": 1,
        "extra": "战斗遇怪boss详细信息界面",
        "order": 5
    },
    "171": {
        "id": 171,
        "name": "ui_tongyong_kongbai",
        "des": "【战斗】无",
        "json": "ccbResources/ani_fight/ui_tongyong_kongbai.ExportJson",
        "number": 1,
        "extra": "战斗天赋特效",
        "order": 6
    },
    "1000": {
        "id": 1000,
        "name": "buff_hudun",
        "des": "【buff】buff通用护盾动画",
        "json": "ccbResources/ani_fight/buff_hudun.ExportJson",
        "number": 1,
        "extra": "",
        "order": 7
    },
    "1001": {
        "id": 1001,
        "name": "buff_kongzhi",
        "des": "【buff】buff控制类动画",
        "json": "ccbResources/ani_fight/buff_kongzhi.ExportJson",
        "number": 1,
        "extra": "",
        "order": 8
    },
    "1002": {
        "id": 1002,
        "name": "buff_tongyong",
        "des": "【buff】buff通用动画",
        "json": "ccbResources/ani_fight/buff_tongyong.ExportJson",
        "number": 1,
        "extra": "",
        "order": 9
    },
    "1003": {
        "id": 1003,
        "name": "ui_zhandou_yuanhu",
        "des": "【战斗】援护",
        "json": "ccbResources/ani_fight/ui_zhandou_yuanhu.ExportJson",
        "number": 1,
        "extra": "",
        "order": 10
    },
    "1004": {
        "id": 1004,
        "name": "ui_zhandou_02_eff",
        "des": "【界面】按钮激活",
        "json": "ccbResources/ani_fight/ui_zhandou_02_eff.ExportJson",
        "number": 1,
        "extra": "战斗中技能按钮的动画效果",
        "order": 11
    },
    "1005": {
        "id": 1005,
        "name": "ui_zhandou_zhandoukaishi",
        "des": "【界面】战斗开始",
        "json": "ccbResources/ani_fight/ui_zhandou_zhandoukaishi.ExportJson",
        "number": 1,
        "extra": "战斗开始特效",
        "order": 12
    },
    "1006": {
        "id": 1006,
        "name": "zd_xuli",
        "des": "【战斗】蓄力光效",
        "json": "ccbResources/ani_fight/zd_xuli.ExportJson",
        "number": 1,
        "extra": "战斗技能释放蓄力动画",
        "order": 13
    },
    "1007": {
        "id": 1007,
        "name": "buff_baozha",
        "des": "【buff】炸弹爆炸|自爆等效果",
        "json": "ccbResources/ani_fight/buff_baozha.ExportJson",
        "number": 1,
        "extra": "",
        "order": 14
    },
    "1008": {
        "id": 1008,
        "name": "zd_jisha",
        "des": "【战斗】击杀动画",
        "json": "ccbResources/ani_fight/zd_jisha.ExportJson",
        "number": 1,
        "extra": "0号动画放在角色层后面，1号动画放在角色和特效层前面",
        "order": 15
    },
    "1009": {
        "id": 1009,
        "name": "buff_fuhuo",
        "des": "【buff】复活动画",
        "json": "ccbResources/ani_fight/buff_fuhuo.ExportJson",
        "number": 1,
        "extra": "复活动画",
        "order": 16
    },
    "1010": {
        "id": 1010,
        "name": "zd_shijiandaole",
        "des": "【战斗】时间到了",
        "json": "ccbResources/ani_fight/zd_shijiandaole.ExportJson",
        "number": 1,
        "extra": "复活动画",
        "order": 17
    },
    "1011": {
        "id": 1011,
        "name": "zd_tuoguan_eff",
        "des": "【战斗】托管",
        "json": "ccbResources/ani_fight/zd_tuoguan_eff.ExportJson",
        "number": 1,
        "extra": "托管动画",
        "order": 18
    },
    "1012": {
        "id": 1012,
        "name": "tianfu_zibao",
        "des": "【天赋】自爆动画",
        "json": "ccbResources/ani_fight/tianfu_zibao.ExportJson",
        "number": 1,
        "extra": "自爆动画",
        "order": 19
    },
    "1013": {
        "id": 1013,
        "name": "zd_jineng_wenzi",
        "des": "【战斗】技能名字",
        "json": "ccbResources/ani_fight/zd_jineng_wenzi.ExportJson",
        "number": 1,
        "extra": "战斗文字动画",
        "order": 20
    }}
