{
    "1": {
        "index": 1,
        "ui": "签到",
        "rule": "规则大名",
        "rule1": "今天签到",
        "rule2": "明日签到",
        "rule3": "后日签到",
        "rule4": "vip签到",
        "rule5": "补签",
        "rule6": "不签次数",
        "rule7": "blabla",
        "rule8": "blabla",
        "rule9": "blabla",
        "rule10": "blabla"
    },
    "2": {
        "index": 2,
        "ui": "签到",
        "rule": "规则大名",
        "rule1": "今天签到",
        "rule2": "明日签到",
        "rule3": "后日签到",
        "rule4": "vip签到",
        "rule5": "补签",
        "rule6": "不签次数",
        "rule7": "blabla",
        "rule8": "blabla",
        "rule9": "blabla",
        "rule10": "blabla"
    },
    "3": {
        "index": 3,
        "ui": "签到",
        "rule": "规则大名",
        "rule1": "今天签到",
        "rule2": "明日签到",
        "rule3": "后日签到",
        "rule4": "vip签到",
        "rule5": "补签",
        "rule6": "不签次数",
        "rule7": "blabla",
        "rule8": "blabla",
        "rule9": "blabla",
        "rule10": "blabla"
    },
    "4": {
        "index": 4,
        "ui": "签到",
        "rule": "规则大名",
        "rule1": "今天签到",
        "rule2": "明日签到",
        "rule3": "后日签到",
        "rule4": "vip签到",
        "rule5": "补签",
        "rule6": "不签次数",
        "rule7": "blabla",
        "rule8": "blabla",
        "rule9": "blabla",
        "rule10": "blabla"
    },
    "5": {
        "index": 5,
        "ui": "签到",
        "rule": "规则大名",
        "rule1": "今天签到",
        "rule2": "明日签到",
        "rule3": "后日签到",
        "rule4": "vip签到",
        "rule5": "补签",
        "rule6": "不签次数",
        "rule7": "blabla",
        "rule8": "blabla",
        "rule9": "blabla",
        "rule10": "blabla"
    },
    "6": {
        "index": 6,
        "ui": "签到",
        "rule": "规则大名",
        "rule1": "今天签到",
        "rule2": "明日签到",
        "rule3": "后日签到",
        "rule4": "vip签到",
        "rule5": "补签",
        "rule6": "不签次数",
        "rule7": "blabla",
        "rule8": "blabla",
        "rule9": "blabla",
        "rule10": "blabla"
    },
    "7": {
        "index": 7,
        "ui": "签到",
        "rule": "规则大名",
        "rule1": "今天签到",
        "rule2": "明日签到",
        "rule3": "后日签到",
        "rule4": "vip签到",
        "rule5": "补签",
        "rule6": "不签次数",
        "rule7": "blabla",
        "rule8": "blabla",
        "rule9": "blabla",
        "rule10": "blabla"
    },
    "8": {
        "index": 8,
        "ui": "签到",
        "rule": "规则大名",
        "rule1": "今天签到",
        "rule2": "明日签到",
        "rule3": "后日签到",
        "rule4": "vip签到",
        "rule5": "补签",
        "rule6": "不签次数",
        "rule7": "blabla",
        "rule8": "blabla",
        "rule9": "blabla",
        "rule10": "blabla"
    },
    "9": {
        "index": 9,
        "ui": "签到",
        "rule": "规则大名",
        "rule1": "今天签到",
        "rule2": "明日签到",
        "rule3": "后日签到",
        "rule4": "vip签到",
        "rule5": "补签",
        "rule6": "不签次数",
        "rule7": "blabla",
        "rule8": "blabla",
        "rule9": "blabla",
        "rule10": "blabla"
    },
    "10": {
        "index": 10,
        "ui": "签到",
        "rule": "规则大名",
        "rule1": "今天签到",
        "rule2": "明日签到",
        "rule3": "后日签到",
        "rule4": "vip签到",
        "rule5": "补签",
        "rule6": "不签次数",
        "rule7": "blabla",
        "rule8": "blabla",
        "rule9": "blabla",
        "rule10": "blabla"
    }}
