{
    "76": {
        "id": 76,
        "des": "空白",
        "json": "ys_kongbai_eff",
        "atlas": "ys_kongbai_eff",
        "ani_name": "animation",
        "loop": "1"
    },
    "85": {
        "id": 85,
        "des": "空白",
        "json": "ys_kongbai_eff",
        "atlas": "ys_kongbai_eff",
        "ani_name": "animation",
        "loop": "1"
    },
    "86": {
        "id": 86,
        "des": "空白",
        "json": "ys_kongbai_eff",
        "atlas": "ys_kongbai_eff",
        "ani_name": "animation",
        "loop": "1"
    },
    "10001": {
        "id": 10001,
        "des": "猎人主城-近景1",
        "json": "close",
        "atlas": "close",
        "ani_name": "animation",
        "loop": "1"
    },
    "10003": {
        "id": 10003,
        "des": "猎人主城-中景1",
        "json": "middle",
        "atlas": "middle",
        "ani_name": "animation",
        "loop": "1"
    },
    "10004": {
        "id": 10004,
        "des": "猎人主城-中景2",
        "json": "middle_city",
        "atlas": "middle_city",
        "ani_name": "animation",
        "loop": "1"
    },
    "10006": {
        "id": 10006,
        "des": "猎人主城-远景2",
        "json": "far_mountain",
        "atlas": "far_mountain",
        "ani_name": "animation",
        "loop": "1"
    },
    "10007": {
        "id": 10007,
        "des": "猎人主城-背景",
        "json": "sky",
        "atlas": "sky",
        "ani_name": "animation",
        "loop": "1"
    },
    "10008": {
        "id": 10008,
        "des": "贪婪之岛背景",
        "json": "island",
        "atlas": "island",
        "ani_name": "animation",
        "loop": "1"
    },
    "10009": {
        "id": 10009,
        "des": "公会副本背景",
        "json": "gonghuifuben",
        "atlas": "gonghuifuben",
        "ani_name": "animation",
        "loop": "1"
    },
    "10011": {
        "id": 10011,
        "des": "公会大厅-前景1_鱼",
        "json": "fish",
        "atlas": "fish",
        "ani_name": "animation",
        "loop": "1"
    },
    "10012": {
        "id": 10012,
        "des": "公会大厅-中景1-副本动态",
        "json": "fb",
        "atlas": "fb",
        "ani_name": "animation",
        "loop": "1"
    },
    "10013": {
        "id": 10013,
        "des": "公会大厅-中景1-场景灯光",
        "json": "hunterhallfloor",
        "atlas": "hunterhallfloor",
        "ani_name": "animation",
        "loop": "1"
    },
    "10014": {
        "id": 10014,
        "des": "公会大厅-远景1-飞艇",
        "json": "window",
        "atlas": "window",
        "ani_name": "animation",
        "loop": "1"
    },
    "10015": {
        "id": 10015,
        "des": "酒馆-近景1-角色循环动画",
        "json": "role",
        "atlas": "role",
        "ani_name": "animation",
        "loop": "1"
    },
    "10016": {
        "id": 10016,
        "des": "空白",
        "json": "role",
        "atlas": "role",
        "ani_name": "animation",
        "loop": ""
    },
    "10017": {
        "id": 10017,
        "des": "空白",
        "json": "role",
        "atlas": "role",
        "ani_name": "animation",
        "loop": ""
    },
    "10018": {
        "id": 10018,
        "des": "空白",
        "json": "role",
        "atlas": "role",
        "ani_name": "animation",
        "loop": ""
    },
    "10019": {
        "id": 10019,
        "des": "空白",
        "json": "role",
        "atlas": "role",
        "ani_name": "animation",
        "loop": "1"
    },
    "10020": {
        "id": 10020,
        "des": "卡包-前景1-卡牌出现",
        "json": "cardnew2",
        "atlas": "cardnew2",
        "ani_name": "animation",
        "loop": "1"
    },
    "10021": {
        "id": 10021,
        "des": "卡包-近景1-卡牌背光1",
        "json": "cardnew",
        "atlas": "cardnew",
        "ani_name": "animation",
        "loop": ""
    },
    "10022": {
        "id": 10022,
        "des": "卡包-近景2-卡牌背光2",
        "json": "cardopen2",
        "atlas": "cardopen2",
        "ani_name": "animation",
        "loop": ""
    },
    "10023": {
        "id": 10023,
        "des": "卡包-中景1-卡包激活1",
        "json": "cardopen",
        "atlas": "cardopen",
        "ani_name": "animation",
        "loop": ""
    },
    "10024": {
        "id": 10024,
        "des": "卡包-背景1-卡包底板",
        "json": "cardpart",
        "atlas": "cardpart",
        "ani_name": "animation",
        "loop": "1"
    },
    "10025": {
        "id": 10025,
        "des": "念兽-机器娃娃",
        "json": "beasttoys",
        "atlas": "beasttoys",
        "ani_name": "animation",
        "loop": "1"
    },
    "10026": {
        "id": 10026,
        "des": "念兽-鱼",
        "json": "beastfish",
        "atlas": "beastfish",
        "ani_name": "animation",
        "loop": "1"
    },
    "10027": {
        "id": 10027,
        "des": "念兽-吸尘器",
        "json": "beastcleaner",
        "atlas": "beastcleaner",
        "ani_name": "animation",
        "loop": "1"
    },
    "10028": {
        "id": 10028,
        "des": "念兽-白猩猩",
        "json": "beastorangwhite",
        "atlas": "beastorangwhite",
        "ani_name": "animation",
        "loop": "1"
    },
    "10029": {
        "id": 10029,
        "des": "念兽-黑猩猩",
        "json": "beastorangblack",
        "atlas": "beastorangblack",
        "ani_name": "animation",
        "loop": "1"
    },
    "10030": {
        "id": 10030,
        "des": "副本地图云",
        "json": "cloud",
        "atlas": "cloud",
        "ani_name": "animation",
        "loop": "1"
    },
    "10031": {
        "id": 10031,
        "des": "副本地图其他",
        "json": "map",
        "atlas": "map",
        "ani_name": "animation",
        "loop": "1"
    },
    "10032": {
        "id": 10032,
        "des": "念兽-波克里林",
        "json": "beastbokelilin",
        "atlas": "beastbokelilin",
        "ani_name": "animation",
        "loop": "1"
    },
    "10033": {
        "id": 10033,
        "des": "副本地图遮罩云",
        "json": "mapcloud",
        "atlas": "mapcloud",
        "ani_name": "animation",
        "loop": "1"
    },
    "10051": {
        "id": 10051,
        "des": "猎人封面锁链",
        "json": "cvchain",
        "atlas": "cvchain",
        "ani_name": "animation",
        "loop": "1"
    },
    "10052": {
        "id": 10052,
        "des": "猎人封面闪电",
        "json": "cveffect1",
        "atlas": "cveffect1",
        "ani_name": "animation",
        "loop": "1"
    },
    "10053": {
        "id": 10053,
        "des": "猎人封面光效",
        "json": "cveffect2",
        "atlas": "cveffect2",
        "ani_name": "animation",
        "loop": "1"
    },
    "10054": {
        "id": 10054,
        "des": "猎人封面酷拉皮卡",
        "json": "cvklpk",
        "atlas": "cvklpk",
        "ani_name": "animation",
        "loop": "1"
    },
    "10055": {
        "id": 10055,
        "des": "猎人封面眼镜男",
        "json": "cvleiouli",
        "atlas": "cvleiouli",
        "ani_name": "animation",
        "loop": "1"
    },
    "10056": {
        "id": 10056,
        "des": "猎人封面奇犽",
        "json": "cvqiya",
        "atlas": "cvqiya",
        "ani_name": "animation",
        "loop": "1"
    },
    "10057": {
        "id": 10057,
        "des": "猎人封面烟",
        "json": "cvsmoke",
        "atlas": "cvsmoke",
        "ani_name": "animation",
        "loop": "1"
    },
    "10058": {
        "id": 10058,
        "des": "猎人封面烟2",
        "json": "cvsmoke2",
        "atlas": "cvsmoke2",
        "ani_name": "animation",
        "loop": "1"
    },
    "10059": {
        "id": 10059,
        "des": "猎人封面小杰",
        "json": "cvxiaojie",
        "atlas": "cvxiaojie",
        "ani_name": "animation",
        "loop": "1"
    },
    "10060": {
        "id": 10060,
        "des": "npc比斯吉",
        "json": "npc_bisiji",
        "atlas": "npc_bisiji",
        "ani_name": "animation",
        "loop": "1"
    },
    "10061": {
        "id": 10061,
        "des": "念兽-小丑",
        "json": "beastjokerspine",
        "atlas": "beastjokerspine",
        "ani_name": "animation",
        "loop": "1"
    },
    "10062": {
        "id": 10062,
        "des": "酒馆-近景1-白色放射线",
        "json": "light",
        "atlas": "light",
        "ani_name": "animation",
        "loop": "1"
    },
    "10063": {
        "id": 10063,
        "des": "酒馆-招募-背景放射线",
        "json": "ui_jiuguan_zhaomu",
        "atlas": "ui_jiuguan_zhaomu",
        "ani_name": "animation",
        "loop": "1"
    },
    "10064": {
        "id": 10064,
        "des": "念兽-自动笔记",
        "json": "youling",
        "atlas": "youling",
        "ani_name": "animation",
        "loop": "1"
    },
    "10065": {
        "id": 10065,
        "des": "念兽-黑子舞想",
        "json": "heizi",
        "atlas": "heizi",
        "ani_name": "animation",
        "loop": "1"
    },
    "10066": {
        "id": 10066,
        "des": "念兽-曲奇妹妹",
        "json": "quqi",
        "atlas": "quqi",
        "ani_name": "animation",
        "loop": "1"
    },
    "10067": {
        "id": 10067,
        "des": "帮会战-飞艇动画",
        "json": "cj_bangzhan_feiting",
        "atlas": "cj_bangzhan_feiting",
        "ani_name": "battle",
        "loop": "1"
    },
    "10070": {
        "id": 10070,
        "des": "黑暗大陆主界面",
        "json": "worldspine",
        "atlas": "worldspine",
        "ani_name": "animation",
        "loop": "1"
    },
    "10071": {
        "id": 10071,
        "des": "许愿屋npc",
        "json": "NPC_Wish",
        "atlas": "NPC_Wish",
        "ani_name": "stand",
        "loop": "1"
    },
    "10072": {
        "id": 10072,
        "des": "许愿屋特效",
        "json": "wishspine",
        "atlas": "wishspine",
        "ani_name": "normal",
        "loop": "1"
    },
    "10080": {
        "id": 10080,
        "des": "神秘商店Npc",
        "json": "mysticalstore",
        "atlas": "mysticalstore",
        "ani_name": "animation",
        "loop": "1"
    },
    "10101": {
        "id": 10101,
        "des": "钓鱼-小滴",
        "json": "wj_002_xiaodi",
        "atlas": "wj_002_xiaodi",
        "ani_name": "0001_daiji",
        "loop": "1"
    },
    "10101": {
        "id": 10101,
        "des": "钓鱼-小滴",
        "json": "wj_002_xiaodi",
        "atlas": "wj_002_xiaodi",
        "ani_name": "0001_daiji",
        "loop": "1"
    },
    "10102": {
        "id": 10102,
        "des": "猜拳-小杰",
        "json": "wj_031_xiaojie",
        "atlas": "wj_031_xiaojie",
        "ani_name": "0001_daiji",
        "loop": "1"
    },
    "10103": {
        "id": 10103,
        "des": "果实收集者-门琪",
        "json": "wj_023_menqi",
        "atlas": "wj_023_menqi",
        "ani_name": "0001_daiji",
        "loop": "1"
    },
    "10104": {
        "id": 10104,
        "des": "酒馆动画",
        "json": "jg_zhaomu",
        "atlas": "jg_zhaomu",
        "ani_name": "000_daiji",
        "loop": "1"
    },
    "10105": {
        "id": 10105,
        "des": "港口-卡包小女孩",
        "json": "npc_card_girl",
        "atlas": "npc_card_girl",
        "ani_name": "stand",
        "loop": "1"
    },
    "20001": {
        "id": 20001,
        "des": "古堡庭院3",
        "json": "gubaotingyuan3",
        "atlas": "gubaotingyuan3",
        "ani_name": "cao",
        "loop": "1"
    },
    "20002": {
        "id": 20002,
        "des": "演示关动画",
        "json": "cj_ysg_eff",
        "atlas": "cj_ysg_eff",
        "ani_name": "000close1",
        "loop": "1"
    },
    "20003": {
        "id": 20003,
        "des": "锁链",
        "json": "cvchain2",
        "atlas": "cvchain2",
        "ani_name": "animation",
        "loop": "1"
    },
    "30001": {
        "id": 30001,
        "des": "宠物-狐狸（初级）",
        "json": "cw_001_sanmao_cj",
        "atlas": "cw_001_sanmao_cj",
        "ani_name": "0000_daiji",
        "loop": "1"
    },
    "30002": {
        "id": 30002,
        "des": "宠物-狐狸（中级）",
        "json": "cw_001_sanmao_zj",
        "atlas": "cw_001_sanmao_zj",
        "ani_name": "0000_daiji",
        "loop": "1"
    },
    "30003": {
        "id": 30003,
        "des": "宠物-狐狸（高级）",
        "json": "cw_001_sanmao_gj",
        "atlas": "cw_001_sanmao_gj",
        "ani_name": "0000_daiji",
        "loop": "1"
    },
    "30004": {
        "id": 30004,
        "des": "宠物-狐熊（初级）",
        "json": "cw_002_huxiong_cj",
        "atlas": "cw_002_huxiong_cj",
        "ani_name": "0000_daiji",
        "loop": "1"
    },
    "30005": {
        "id": 30005,
        "des": "宠物-狐熊（中级）",
        "json": "cw_002_huxiong_zj",
        "atlas": "cw_002_huxiong_zj",
        "ani_name": "0000_daiji",
        "loop": "1"
    },
    "30006": {
        "id": 30006,
        "des": "宠物-狐熊（高级）",
        "json": "cw_002_huxiong_gj",
        "atlas": "cw_002_huxiong_gj",
        "ani_name": "0000_daiji",
        "loop": "1"
    },
    "30007": {
        "id": 30007,
        "des": "宠物-泡泡马（初级）",
        "json": "cw_003_paopaoma_cj",
        "atlas": "cw_003_paopaoma_cj",
        "ani_name": "0000_daiji",
        "loop": "1"
    },
    "30008": {
        "id": 30008,
        "des": "宠物-泡泡马（中级）",
        "json": "cw_003_paopaoma_zj",
        "atlas": "cw_003_paopaoma_zj",
        "ani_name": "0000_daiji",
        "loop": "1"
    },
    "30009": {
        "id": 30009,
        "des": "宠物-泡泡马（高级）",
        "json": "cw_003_paopaoma_gj",
        "atlas": "cw_003_paopaoma_gj",
        "ani_name": "0000_daiji",
        "loop": "1"
    },
    "30010": {
        "id": 30010,
        "des": "宠物-太阳罗盘（初级）",
        "json": "cw_004_taiyangluopan_cj",
        "atlas": "cw_004_taiyangluopan_cj",
        "ani_name": "0000_daiji",
        "loop": "1"
    },
    "30011": {
        "id": 30011,
        "des": "宠物-太阳罗盘（中级）",
        "json": "cw_004_taiyangluopan_zj",
        "atlas": "cw_004_taiyangluopan_zj",
        "ani_name": "0000_daiji",
        "loop": "1"
    },
    "30012": {
        "id": 30012,
        "des": "宠物-太阳罗盘（高级）",
        "json": "cw_004_taiyangluopan_gj",
        "atlas": "cw_004_taiyangluopan_gj",
        "ani_name": "0000_daiji",
        "loop": "1"
    },
    "30013": {
        "id": 30013,
        "des": "宠物-遥控老鼠（初级）",
        "json": "cw_005_tiaotiaoshu_cj",
        "atlas": "cw_005_tiaotiaoshu_cj",
        "ani_name": "0000_daiji",
        "loop": "1"
    },
    "30014": {
        "id": 30014,
        "des": "宠物-遥控老鼠（中级）",
        "json": "cw_005_tiaotiaoshu_zj",
        "atlas": "cw_005_tiaotiaoshu_zj",
        "ani_name": "0000_daiji",
        "loop": "1"
    },
    "30015": {
        "id": 30015,
        "des": "宠物-遥控老鼠（高级）",
        "json": "cw_005_tiaotiaoshu_gj",
        "atlas": "cw_005_tiaotiaoshu_gj",
        "ani_name": "0000_daiji",
        "loop": "1"
    },
    "30016": {
        "id": 30016,
        "des": "宠物-沼泽之主（初级）",
        "json": "cw_005_tiaotiaoshu_cj",
        "atlas": "cw_005_tiaotiaoshu_cj",
        "ani_name": "0000_daiji",
        "loop": "1"
    },
    "30017": {
        "id": 30017,
        "des": "宠物-沼泽之主（中级）",
        "json": "cw_005_tiaotiaoshu_zj",
        "atlas": "cw_005_tiaotiaoshu_zj",
        "ani_name": "0000_daiji",
        "loop": "1"
    },
    "30018": {
        "id": 30018,
        "des": "宠物-沼泽之主（高级）",
        "json": "cw_005_tiaotiaoshu_gj",
        "atlas": "cw_005_tiaotiaoshu_gj",
        "ani_name": "0000_daiji",
        "loop": "1"
    },
    "30019": {
        "id": 30019,
        "des": "宠物-魔狐（初级）",
        "json": "cw_007_mohu_cj",
        "atlas": "cw_007_mohu_cj",
        "ani_name": "0000_daiji",
        "loop": "1"
    },
    "30020": {
        "id": 30020,
        "des": "宠物-魔狐（中级）",
        "json": "cw_007_mohu_zj",
        "atlas": "cw_007_mohu_zj",
        "ani_name": "0000_daiji",
        "loop": "1"
    },
    "30021": {
        "id": 30021,
        "des": "宠物-魔狐（高级）",
        "json": "cw_007_mohu_gj",
        "atlas": "cw_007_mohu_gj",
        "ani_name": "0000_daiji",
        "loop": "1"
    },
    "30022": {
        "id": 30022,
        "des": "宠物-剧毒蟾蜍（初级）",
        "json": "cw_008_juxingchanchu_cj",
        "atlas": "cw_008_juxingchanchu_cj",
        "ani_name": "0000_daiji",
        "loop": "1"
    },
    "30023": {
        "id": 30023,
        "des": "宠物-剧毒蟾蜍（中级）",
        "json": "cw_008_juxingchanchu_zj",
        "atlas": "cw_008_juxingchanchu_zj",
        "ani_name": "0000_daiji",
        "loop": "1"
    },
    "30024": {
        "id": 30024,
        "des": "宠物-剧毒蟾蜍（高级）",
        "json": "cw_008_juxingchanchu_gj",
        "atlas": "cw_008_juxingchanchu_gj",
        "ani_name": "0000_daiji",
        "loop": "1"
    },
    "30025": {
        "id": 30025,
        "des": "宠物-哆啦A梦",
        "json": "cw_nianshou",
        "atlas": "cw_nianshou",
        "ani_name": "0000_daiji",
        "loop": "1"
    },
    "40001": {
        "id": 40001,
        "des": "至尊礼包-形象",
        "json": "viprole",
        "atlas": "viprole",
        "ani_name": "animation",
        "loop": "1"
    },
    "40002": {
        "id": 40002,
        "des": "至尊礼包-星星",
        "json": "stars",
        "atlas": "stars",
        "ani_name": "animation",
        "loop": "1"
    },
    "30027": {
        "id": 30027,
        "des": "宠物-遥控鼠王",
        "json": "nianshou_laoshu_cw",
        "atlas": "nianshou_laoshu_cw",
        "ani_name": "0000_daiji",
        "loop": "1"
    }}
