{
    "1011": {
        "skill_step_id": 1011,
        "skill_step_form": [1011]
    },
    "1012": {
        "skill_step_id": 1012,
        "skill_step_form": [1012]
    },
    "1013": {
        "skill_step_id": 1013,
        "skill_step_form": [1013]
    },
    "1021": {
        "skill_step_id": 1021,
        "skill_step_form": [1021]
    },
    "1022": {
        "skill_step_id": 1022,
        "skill_step_form": [1022]
    },
    "1023": {
        "skill_step_id": 1023,
        "skill_step_form": [1023]
    },
    "1024": {
        "skill_step_id": 1024,
        "skill_step_form": [1024]
    },
    "1031": {
        "skill_step_id": 1031,
        "skill_step_form": [1031]
    },
    "1032": {
        "skill_step_id": 1032,
        "skill_step_form": [1032]
    },
    "1033": {
        "skill_step_id": 1033,
        "skill_step_form": [1033]
    },
    "1041": {
        "skill_step_id": 1041,
        "skill_step_form": [1041]
    },
    "1042": {
        "skill_step_id": 1042,
        "skill_step_form": [1042]
    },
    "1043": {
        "skill_step_id": 1043,
        "skill_step_form": [1043]
    },
    "1051": {
        "skill_step_id": 1051,
        "skill_step_form": [1051]
    },
    "1061": {
        "skill_step_id": 1061,
        "skill_step_form": [1061]
    },
    "1071": {
        "skill_step_id": 1071,
        "skill_step_form": [1071]
    },
    "1072": {
        "skill_step_id": 1072,
        "skill_step_form": [1072]
    },
    "1073": {
        "skill_step_id": 1073,
        "skill_step_form": [1073]
    },
    "1074": {
        "skill_step_id": 1074,
        "skill_step_form": [1074]
    },
    "1081": {
        "skill_step_id": 1081,
        "skill_step_form": [1081]
    },
    "1082": {
        "skill_step_id": 1082,
        "skill_step_form": [1082]
    },
    "1083": {
        "skill_step_id": 1083,
        "skill_step_form": [1083]
    },
    "1091": {
        "skill_step_id": 1091,
        "skill_step_form": [1091]
    },
    "1092": {
        "skill_step_id": 1092,
        "skill_step_form": [1092]
    },
    "1093": {
        "skill_step_id": 1093,
        "skill_step_form": [1093]
    },
    "1094": {
        "skill_step_id": 1094,
        "skill_step_form": [1094]
    },
    "1101": {
        "skill_step_id": 1101,
        "skill_step_form": [1101]
    },
    "1102": {
        "skill_step_id": 1102,
        "skill_step_form": [1102]
    },
    "1103": {
        "skill_step_id": 1103,
        "skill_step_form": [1103]
    },
    "1104": {
        "skill_step_id": 1104,
        "skill_step_form": [1104]
    },
    "1111": {
        "skill_step_id": 1111,
        "skill_step_form": [1111]
    },
    "1112": {
        "skill_step_id": 1112,
        "skill_step_form": [1112]
    },
    "1113": {
        "skill_step_id": 1113,
        "skill_step_form": [1113]
    },
    "1121": {
        "skill_step_id": 1121,
        "skill_step_form": [1121]
    },
    "1122": {
        "skill_step_id": 1122,
        "skill_step_form": [1122]
    },
    "1123": {
        "skill_step_id": 1123,
        "skill_step_form": [1123]
    },
    "1131": {
        "skill_step_id": 1131,
        "skill_step_form": [1131]
    },
    "1132": {
        "skill_step_id": 1132,
        "skill_step_form": [1132]
    },
    "1133": {
        "skill_step_id": 1133,
        "skill_step_form": [1133]
    },
    "1141": {
        "skill_step_id": 1141,
        "skill_step_form": [1141]
    },
    "1142": {
        "skill_step_id": 1142,
        "skill_step_form": [1142]
    },
    "1143": {
        "skill_step_id": 1143,
        "skill_step_form": [1143]
    },
    "1144": {
        "skill_step_id": 1144,
        "skill_step_form": [1144]
    },
    "1151": {
        "skill_step_id": 1151,
        "skill_step_form": [1151]
    },
    "1152": {
        "skill_step_id": 1152,
        "skill_step_form": [1152]
    },
    "1153": {
        "skill_step_id": 1153,
        "skill_step_form": [1153]
    },
    "1154": {
        "skill_step_id": 1154,
        "skill_step_form": [1154]
    },
    "1181": {
        "skill_step_id": 1181,
        "skill_step_form": [1181]
    },
    "1182": {
        "skill_step_id": 1182,
        "skill_step_form": [1182]
    },
    "1183": {
        "skill_step_id": 1183,
        "skill_step_form": [1183]
    },
    "1191": {
        "skill_step_id": 1191,
        "skill_step_form": [1191]
    },
    "1192": {
        "skill_step_id": 1192,
        "skill_step_form": [1192]
    },
    "1193": {
        "skill_step_id": 1193,
        "skill_step_form": [1193]
    },
    "1194": {
        "skill_step_id": 1194,
        "skill_step_form": [1194]
    },
    "1201": {
        "skill_step_id": 1201,
        "skill_step_form": [1201]
    },
    "1202": {
        "skill_step_id": 1202,
        "skill_step_form": [1202]
    },
    "1203": {
        "skill_step_id": 1203,
        "skill_step_form": [1203]
    },
    "1211": {
        "skill_step_id": 1211,
        "skill_step_form": [1211]
    },
    "1212": {
        "skill_step_id": 1212,
        "skill_step_form": [1212]
    },
    "1221": {
        "skill_step_id": 1221,
        "skill_step_form": [1221]
    },
    "1222": {
        "skill_step_id": 1222,
        "skill_step_form": [1222]
    },
    "1223": {
        "skill_step_id": 1223,
        "skill_step_form": [1223]
    },
    "1231": {
        "skill_step_id": 1231,
        "skill_step_form": [1231]
    },
    "1232": {
        "skill_step_id": 1232,
        "skill_step_form": [1232]
    },
    "1241": {
        "skill_step_id": 1241,
        "skill_step_form": [1241]
    },
    "1242": {
        "skill_step_id": 1242,
        "skill_step_form": [1242]
    },
    "1251": {
        "skill_step_id": 1251,
        "skill_step_form": [1251]
    },
    "1252": {
        "skill_step_id": 1252,
        "skill_step_form": [1252]
    },
    "1261": {
        "skill_step_id": 1261,
        "skill_step_form": [1261]
    },
    "1262": {
        "skill_step_id": 1262,
        "skill_step_form": [1262]
    },
    "1263": {
        "skill_step_id": 1263,
        "skill_step_form": [1263]
    },
    "1271": {
        "skill_step_id": 1271,
        "skill_step_form": [1271]
    },
    "1272": {
        "skill_step_id": 1272,
        "skill_step_form": [1272]
    },
    "1273": {
        "skill_step_id": 1273,
        "skill_step_form": [1273]
    },
    "1281": {
        "skill_step_id": 1281,
        "skill_step_form": [1281]
    },
    "1282": {
        "skill_step_id": 1282,
        "skill_step_form": [1282]
    },
    "1283": {
        "skill_step_id": 1283,
        "skill_step_form": [1283]
    },
    "1291": {
        "skill_step_id": 1291,
        "skill_step_form": [1291]
    },
    "1292": {
        "skill_step_id": 1292,
        "skill_step_form": [1292]
    },
    "1293": {
        "skill_step_id": 1293,
        "skill_step_form": [1293]
    },
    "1301": {
        "skill_step_id": 1301,
        "skill_step_form": [1301]
    },
    "1302": {
        "skill_step_id": 1302,
        "skill_step_form": [1302]
    },
    "1303": {
        "skill_step_id": 1303,
        "skill_step_form": [1303]
    },
    "1311": {
        "skill_step_id": 1311,
        "skill_step_form": [1311]
    },
    "1321": {
        "skill_step_id": 1321,
        "skill_step_form": [1321]
    },
    "1331": {
        "skill_step_id": 1331,
        "skill_step_form": [1331]
    },
    "1332": {
        "skill_step_id": 1332,
        "skill_step_form": [1332]
    },
    "1341": {
        "skill_step_id": 1341,
        "skill_step_form": [1341]
    },
    "1342": {
        "skill_step_id": 1342,
        "skill_step_form": [1342]
    },
    "1351": {
        "skill_step_id": 1351,
        "skill_step_form": [1351]
    },
    "1352": {
        "skill_step_id": 1352,
        "skill_step_form": [1352]
    },
    "1361": {
        "skill_step_id": 1361,
        "skill_step_form": [1361]
    },
    "1362": {
        "skill_step_id": 1362,
        "skill_step_form": [1362]
    },
    "1371": {
        "skill_step_id": 1371,
        "skill_step_form": [1371]
    },
    "1372": {
        "skill_step_id": 1372,
        "skill_step_form": [1372]
    },
    "1373": {
        "skill_step_id": 1373,
        "skill_step_form": [1373]
    },
    "1381": {
        "skill_step_id": 1381,
        "skill_step_form": [1381]
    },
    "1382": {
        "skill_step_id": 1382,
        "skill_step_form": [1382]
    },
    "1391": {
        "skill_step_id": 1391,
        "skill_step_form": [1391]
    },
    "1392": {
        "skill_step_id": 1392,
        "skill_step_form": [1392]
    },
    "1393": {
        "skill_step_id": 1393,
        "skill_step_form": [1393]
    },
    "1401": {
        "skill_step_id": 1401,
        "skill_step_form": [1401]
    },
    "1402": {
        "skill_step_id": 1402,
        "skill_step_form": [1402]
    },
    "1403": {
        "skill_step_id": 1403,
        "skill_step_form": [1403]
    },
    "1411": {
        "skill_step_id": 1411,
        "skill_step_form": [1411]
    },
    "1412": {
        "skill_step_id": 1412,
        "skill_step_form": [1412]
    },
    "1413": {
        "skill_step_id": 1413,
        "skill_step_form": [1413]
    },
    "1421": {
        "skill_step_id": 1421,
        "skill_step_form": [1421]
    },
    "1422": {
        "skill_step_id": 1422,
        "skill_step_form": [1422]
    },
    "1423": {
        "skill_step_id": 1423,
        "skill_step_form": [1423]
    },
    "1431": {
        "skill_step_id": 1431,
        "skill_step_form": [1431]
    },
    "1432": {
        "skill_step_id": 1432,
        "skill_step_form": [1432]
    },
    "1433": {
        "skill_step_id": 1433,
        "skill_step_form": [1433]
    },
    "1441": {
        "skill_step_id": 1441,
        "skill_step_form": [1441]
    },
    "1442": {
        "skill_step_id": 1442,
        "skill_step_form": [1442]
    },
    "1443": {
        "skill_step_id": 1443,
        "skill_step_form": [1443]
    },
    "1451": {
        "skill_step_id": 1451,
        "skill_step_form": [1451]
    },
    "1452": {
        "skill_step_id": 1452,
        "skill_step_form": [1452]
    },
    "1461": {
        "skill_step_id": 1461,
        "skill_step_form": [1461]
    },
    "1462": {
        "skill_step_id": 1462,
        "skill_step_form": [1462]
    },
    "1463": {
        "skill_step_id": 1463,
        "skill_step_form": [1463]
    },
    "1471": {
        "skill_step_id": 1471,
        "skill_step_form": [1471]
    },
    "1472": {
        "skill_step_id": 1472,
        "skill_step_form": [1472]
    },
    "1481": {
        "skill_step_id": 1481,
        "skill_step_form": [1481]
    },
    "1482": {
        "skill_step_id": 1482,
        "skill_step_form": [1482]
    },
    "1483": {
        "skill_step_id": 1483,
        "skill_step_form": [1483]
    },
    "1491": {
        "skill_step_id": 1491,
        "skill_step_form": [1491]
    },
    "1492": {
        "skill_step_id": 1492,
        "skill_step_form": [1492]
    },
    "1493": {
        "skill_step_id": 1493,
        "skill_step_form": [1493]
    },
    "1501": {
        "skill_step_id": 1501,
        "skill_step_form": [1501]
    },
    "1502": {
        "skill_step_id": 1502,
        "skill_step_form": [1502]
    },
    "1503": {
        "skill_step_id": 1503,
        "skill_step_form": [1503]
    },
    "1511": {
        "skill_step_id": 1511,
        "skill_step_form": [1511]
    },
    "1512": {
        "skill_step_id": 1512,
        "skill_step_form": [1512]
    },
    "1513": {
        "skill_step_id": 1513,
        "skill_step_form": [1513]
    },
    "1561": {
        "skill_step_id": 1561,
        "skill_step_form": [1561]
    },
    "1562": {
        "skill_step_id": 1562,
        "skill_step_form": [1562]
    },
    "1563": {
        "skill_step_id": 1563,
        "skill_step_form": [1563]
    },
    "1571": {
        "skill_step_id": 1571,
        "skill_step_form": [1571]
    },
    "1572": {
        "skill_step_id": 1572,
        "skill_step_form": [1572]
    },
    "1573": {
        "skill_step_id": 1573,
        "skill_step_form": [1573]
    },
    "31011": {
        "skill_step_id": 31011,
        "skill_step_form": [31011]
    },
    "31012": {
        "skill_step_id": 31012,
        "skill_step_form": [31012]
    },
    "31021": {
        "skill_step_id": 31021,
        "skill_step_form": [31021]
    },
    "31022": {
        "skill_step_id": 31022,
        "skill_step_form": [31022]
    },
    "31031": {
        "skill_step_id": 31031,
        "skill_step_form": [31031]
    },
    "31032": {
        "skill_step_id": 31032,
        "skill_step_form": [31032]
    },
    "31041": {
        "skill_step_id": 31041,
        "skill_step_form": [31041]
    },
    "31042": {
        "skill_step_id": 31042,
        "skill_step_form": [31042]
    },
    "31051": {
        "skill_step_id": 31051,
        "skill_step_form": [31051]
    },
    "31052": {
        "skill_step_id": 31052,
        "skill_step_form": [31052]
    },
    "31061": {
        "skill_step_id": 31061,
        "skill_step_form": [31061]
    },
    "31062": {
        "skill_step_id": 31062,
        "skill_step_form": [31062]
    },
    "31071": {
        "skill_step_id": 31071,
        "skill_step_form": [31071]
    },
    "31072": {
        "skill_step_id": 31072,
        "skill_step_form": [31072]
    },
    "31081": {
        "skill_step_id": 31081,
        "skill_step_form": [31081]
    },
    "31082": {
        "skill_step_id": 31082,
        "skill_step_form": [31082]
    },
    "31091": {
        "skill_step_id": 31091,
        "skill_step_form": [31091]
    },
    "31092": {
        "skill_step_id": 31092,
        "skill_step_form": [31092]
    },
    "31101": {
        "skill_step_id": 31101,
        "skill_step_form": [31101]
    },
    "31102": {
        "skill_step_id": 31102,
        "skill_step_form": [31102]
    },
    "31111": {
        "skill_step_id": 31111,
        "skill_step_form": [31111]
    },
    "31112": {
        "skill_step_id": 31112,
        "skill_step_form": [31112]
    },
    "31121": {
        "skill_step_id": 31121,
        "skill_step_form": [31121]
    },
    "31122": {
        "skill_step_id": 31122,
        "skill_step_form": [31122]
    },
    "31131": {
        "skill_step_id": 31131,
        "skill_step_form": [31131]
    },
    "31132": {
        "skill_step_id": 31132,
        "skill_step_form": [31132]
    },
    "31471": {
        "skill_step_id": 31471,
        "skill_step_form": [31471]
    },
    "31472": {
        "skill_step_id": 31472,
        "skill_step_form": [31472]
    },
    "51011": {
        "skill_step_id": 51011,
        "skill_step_form": [51011]
    },
    "51012": {
        "skill_step_id": 51012,
        "skill_step_form": [51012]
    },
    "51013": {
        "skill_step_id": 51013,
        "skill_step_form": [51013]
    },
    "51021": {
        "skill_step_id": 51021,
        "skill_step_form": [51021]
    },
    "51022": {
        "skill_step_id": 51022,
        "skill_step_form": [51022]
    },
    "51023": {
        "skill_step_id": 51023,
        "skill_step_form": [51023]
    },
    "51031": {
        "skill_step_id": 51031,
        "skill_step_form": [51031]
    },
    "51032": {
        "skill_step_id": 51032,
        "skill_step_form": [51032]
    },
    "51033": {
        "skill_step_id": 51033,
        "skill_step_form": [51033]
    },
    "51041": {
        "skill_step_id": 51041,
        "skill_step_form": [51041]
    },
    "51042": {
        "skill_step_id": 51042,
        "skill_step_form": [51042]
    },
    "51043": {
        "skill_step_id": 51043,
        "skill_step_form": [51043]
    },
    "51051": {
        "skill_step_id": 51051,
        "skill_step_form": [51051]
    },
    "51061": {
        "skill_step_id": 51061,
        "skill_step_form": [51061]
    },
    "51071": {
        "skill_step_id": 51071,
        "skill_step_form": [51071]
    },
    "51072": {
        "skill_step_id": 51072,
        "skill_step_form": [51072]
    },
    "51073": {
        "skill_step_id": 51073,
        "skill_step_form": [51073]
    },
    "51081": {
        "skill_step_id": 51081,
        "skill_step_form": [51081]
    },
    "51082": {
        "skill_step_id": 51082,
        "skill_step_form": [51082]
    },
    "51083": {
        "skill_step_id": 51083,
        "skill_step_form": [51083]
    },
    "51091": {
        "skill_step_id": 51091,
        "skill_step_form": [51091]
    },
    "51092": {
        "skill_step_id": 51092,
        "skill_step_form": [51092]
    },
    "51093": {
        "skill_step_id": 51093,
        "skill_step_form": [51093]
    },
    "51101": {
        "skill_step_id": 51101,
        "skill_step_form": [51101]
    },
    "51102": {
        "skill_step_id": 51102,
        "skill_step_form": [51102]
    },
    "51103": {
        "skill_step_id": 51103,
        "skill_step_form": [51103]
    },
    "51111": {
        "skill_step_id": 51111,
        "skill_step_form": [51111]
    },
    "51112": {
        "skill_step_id": 51112,
        "skill_step_form": [51112]
    },
    "51113": {
        "skill_step_id": 51113,
        "skill_step_form": [51113]
    },
    "51121": {
        "skill_step_id": 51121,
        "skill_step_form": [51121]
    },
    "51122": {
        "skill_step_id": 51122,
        "skill_step_form": [51122]
    },
    "51123": {
        "skill_step_id": 51123,
        "skill_step_form": [51123]
    },
    "51131": {
        "skill_step_id": 51131,
        "skill_step_form": [51131]
    },
    "51132": {
        "skill_step_id": 51132,
        "skill_step_form": [51132]
    },
    "51133": {
        "skill_step_id": 51133,
        "skill_step_form": [51133]
    },
    "51141": {
        "skill_step_id": 51141,
        "skill_step_form": [51141]
    },
    "51142": {
        "skill_step_id": 51142,
        "skill_step_form": [51142]
    },
    "51143": {
        "skill_step_id": 51143,
        "skill_step_form": [51143]
    },
    "51151": {
        "skill_step_id": 51151,
        "skill_step_form": [51151]
    },
    "51152": {
        "skill_step_id": 51152,
        "skill_step_form": [51152]
    },
    "51153": {
        "skill_step_id": 51153,
        "skill_step_form": [51153]
    },
    "51181": {
        "skill_step_id": 51181,
        "skill_step_form": [51181]
    },
    "51182": {
        "skill_step_id": 51182,
        "skill_step_form": [51182]
    },
    "51183": {
        "skill_step_id": 51183,
        "skill_step_form": [51183]
    },
    "51191": {
        "skill_step_id": 51191,
        "skill_step_form": [51191]
    },
    "51192": {
        "skill_step_id": 51192,
        "skill_step_form": [51192]
    },
    "51193": {
        "skill_step_id": 51193,
        "skill_step_form": [51193]
    },
    "51201": {
        "skill_step_id": 51201,
        "skill_step_form": [51201]
    },
    "51202": {
        "skill_step_id": 51202,
        "skill_step_form": [51202]
    },
    "51203": {
        "skill_step_id": 51203,
        "skill_step_form": [51203]
    },
    "51211": {
        "skill_step_id": 51211,
        "skill_step_form": [51211]
    },
    "51212": {
        "skill_step_id": 51212,
        "skill_step_form": [51212]
    },
    "51221": {
        "skill_step_id": 51221,
        "skill_step_form": [51221]
    },
    "51222": {
        "skill_step_id": 51222,
        "skill_step_form": [51222]
    },
    "51223": {
        "skill_step_id": 51223,
        "skill_step_form": [51223]
    },
    "51231": {
        "skill_step_id": 51231,
        "skill_step_form": [51231]
    },
    "51232": {
        "skill_step_id": 51232,
        "skill_step_form": [51232]
    },
    "51241": {
        "skill_step_id": 51241,
        "skill_step_form": [51241]
    },
    "51242": {
        "skill_step_id": 51242,
        "skill_step_form": [51242]
    },
    "51251": {
        "skill_step_id": 51251,
        "skill_step_form": [51251]
    },
    "51252": {
        "skill_step_id": 51252,
        "skill_step_form": [51252]
    },
    "51261": {
        "skill_step_id": 51261,
        "skill_step_form": [51261]
    },
    "51262": {
        "skill_step_id": 51262,
        "skill_step_form": [51262]
    },
    "51263": {
        "skill_step_id": 51263,
        "skill_step_form": [51263]
    },
    "51271": {
        "skill_step_id": 51271,
        "skill_step_form": [51271]
    },
    "51272": {
        "skill_step_id": 51272,
        "skill_step_form": [51272]
    },
    "51273": {
        "skill_step_id": 51273,
        "skill_step_form": [51273]
    },
    "51281": {
        "skill_step_id": 51281,
        "skill_step_form": [51281]
    },
    "51282": {
        "skill_step_id": 51282,
        "skill_step_form": [51282]
    },
    "51283": {
        "skill_step_id": 51283,
        "skill_step_form": [51283]
    },
    "51291": {
        "skill_step_id": 51291,
        "skill_step_form": [51291]
    },
    "51292": {
        "skill_step_id": 51292,
        "skill_step_form": [51292]
    },
    "51293": {
        "skill_step_id": 51293,
        "skill_step_form": [51293]
    },
    "51301": {
        "skill_step_id": 51301,
        "skill_step_form": [51301]
    },
    "51302": {
        "skill_step_id": 51302,
        "skill_step_form": [51302]
    },
    "51303": {
        "skill_step_id": 51303,
        "skill_step_form": [51303]
    },
    "51311": {
        "skill_step_id": 51311,
        "skill_step_form": [51311]
    },
    "51321": {
        "skill_step_id": 51321,
        "skill_step_form": [51321]
    },
    "51331": {
        "skill_step_id": 51331,
        "skill_step_form": [51331]
    },
    "51332": {
        "skill_step_id": 51332,
        "skill_step_form": [51332]
    },
    "51341": {
        "skill_step_id": 51341,
        "skill_step_form": [51341]
    },
    "51342": {
        "skill_step_id": 51342,
        "skill_step_form": [51342]
    },
    "51351": {
        "skill_step_id": 51351,
        "skill_step_form": [51351]
    },
    "51352": {
        "skill_step_id": 51352,
        "skill_step_form": [51352]
    },
    "51361": {
        "skill_step_id": 51361,
        "skill_step_form": [51361]
    },
    "51362": {
        "skill_step_id": 51362,
        "skill_step_form": [51362]
    },
    "51371": {
        "skill_step_id": 51371,
        "skill_step_form": [51371]
    },
    "51372": {
        "skill_step_id": 51372,
        "skill_step_form": [51372]
    },
    "51373": {
        "skill_step_id": 51373,
        "skill_step_form": [51373]
    },
    "51381": {
        "skill_step_id": 51381,
        "skill_step_form": [51381]
    },
    "51382": {
        "skill_step_id": 51382,
        "skill_step_form": [51382]
    },
    "51391": {
        "skill_step_id": 51391,
        "skill_step_form": [51391]
    },
    "51392": {
        "skill_step_id": 51392,
        "skill_step_form": [51392]
    },
    "51393": {
        "skill_step_id": 51393,
        "skill_step_form": [51393]
    },
    "51421": {
        "skill_step_id": 51421,
        "skill_step_form": [51421]
    },
    "51422": {
        "skill_step_id": 51422,
        "skill_step_form": [51422]
    },
    "51423": {
        "skill_step_id": 51423,
        "skill_step_form": [51423]
    },
    "51431": {
        "skill_step_id": 51431,
        "skill_step_form": [51431]
    },
    "51432": {
        "skill_step_id": 51432,
        "skill_step_form": [51432]
    },
    "51433": {
        "skill_step_id": 51433,
        "skill_step_form": [51433]
    },
    "51441": {
        "skill_step_id": 51441,
        "skill_step_form": [51441]
    },
    "51442": {
        "skill_step_id": 51442,
        "skill_step_form": [51442]
    },
    "51443": {
        "skill_step_id": 51443,
        "skill_step_form": [51443]
    },
    "51451": {
        "skill_step_id": 51451,
        "skill_step_form": [51451]
    },
    "51452": {
        "skill_step_id": 51452,
        "skill_step_form": [51452]
    },
    "51461": {
        "skill_step_id": 51461,
        "skill_step_form": [51461]
    },
    "51462": {
        "skill_step_id": 51462,
        "skill_step_form": [51462]
    },
    "51463": {
        "skill_step_id": 51463,
        "skill_step_form": [51463]
    },
    "51471": {
        "skill_step_id": 51471,
        "skill_step_form": [51471]
    },
    "51472": {
        "skill_step_id": 51472,
        "skill_step_form": [51472]
    },
    "51481": {
        "skill_step_id": 51481,
        "skill_step_form": [51481]
    },
    "51482": {
        "skill_step_id": 51482,
        "skill_step_form": [51482]
    },
    "51483": {
        "skill_step_id": 51483,
        "skill_step_form": [51483]
    },
    "51491": {
        "skill_step_id": 51491,
        "skill_step_form": [51491]
    },
    "51492": {
        "skill_step_id": 51492,
        "skill_step_form": [51492]
    },
    "51493": {
        "skill_step_id": 51493,
        "skill_step_form": [51493]
    },
    "51501": {
        "skill_step_id": 51501,
        "skill_step_form": [51501]
    },
    "51502": {
        "skill_step_id": 51502,
        "skill_step_form": [51502]
    },
    "51503": {
        "skill_step_id": 51503,
        "skill_step_form": [51503]
    },
    "51511": {
        "skill_step_id": 51511,
        "skill_step_form": [51511]
    },
    "51512": {
        "skill_step_id": 51512,
        "skill_step_form": [51512]
    },
    "51513": {
        "skill_step_id": 51513,
        "skill_step_form": [51513]
    },
    "61222": {
        "skill_step_id": 61222,
        "skill_step_form": [61222]
    },
    "61223": {
        "skill_step_id": 61223,
        "skill_step_form": [61223]
    },
    "61231": {
        "skill_step_id": 61231,
        "skill_step_form": [61231]
    },
    "61232": {
        "skill_step_id": 61232,
        "skill_step_form": [61232]
    },
    "61241": {
        "skill_step_id": 61241,
        "skill_step_form": [61241]
    },
    "61242": {
        "skill_step_id": 61242,
        "skill_step_form": [61242]
    },
    "61251": {
        "skill_step_id": 61251,
        "skill_step_form": [61251]
    },
    "61252": {
        "skill_step_id": 61252,
        "skill_step_form": [61252]
    },
    "61261": {
        "skill_step_id": 61261,
        "skill_step_form": [61261]
    },
    "61262": {
        "skill_step_id": 61262,
        "skill_step_form": [61262]
    },
    "61263": {
        "skill_step_id": 61263,
        "skill_step_form": [61263]
    },
    "61011": {
        "skill_step_id": 61011,
        "skill_step_form": [61011]
    },
    "61012": {
        "skill_step_id": 61012,
        "skill_step_form": [61012]
    },
    "61013": {
        "skill_step_id": 61013,
        "skill_step_form": [61013]
    },
    "61021": {
        "skill_step_id": 61021,
        "skill_step_form": [61021]
    },
    "61022": {
        "skill_step_id": 61022,
        "skill_step_form": [61022]
    },
    "61023": {
        "skill_step_id": 61023,
        "skill_step_form": [61023]
    },
    "61031": {
        "skill_step_id": 61031,
        "skill_step_form": [61031]
    },
    "61032": {
        "skill_step_id": 61032,
        "skill_step_form": [61032]
    },
    "61033": {
        "skill_step_id": 61033,
        "skill_step_form": [61033]
    },
    "61041": {
        "skill_step_id": 61041,
        "skill_step_form": [61041]
    },
    "61042": {
        "skill_step_id": 61042,
        "skill_step_form": [61042]
    },
    "61043": {
        "skill_step_id": 61043,
        "skill_step_form": [61043]
    },
    "61051": {
        "skill_step_id": 61051,
        "skill_step_form": [61051]
    },
    "61061": {
        "skill_step_id": 61061,
        "skill_step_form": [61061]
    },
    "61071": {
        "skill_step_id": 61071,
        "skill_step_form": [61071]
    },
    "61072": {
        "skill_step_id": 61072,
        "skill_step_form": [61072]
    },
    "61073": {
        "skill_step_id": 61073,
        "skill_step_form": [61073]
    },
    "61081": {
        "skill_step_id": 61081,
        "skill_step_form": [61081]
    },
    "61082": {
        "skill_step_id": 61082,
        "skill_step_form": [61082]
    },
    "61083": {
        "skill_step_id": 61083,
        "skill_step_form": [61083]
    },
    "61091": {
        "skill_step_id": 61091,
        "skill_step_form": [61091]
    },
    "61092": {
        "skill_step_id": 61092,
        "skill_step_form": [61092]
    },
    "61093": {
        "skill_step_id": 61093,
        "skill_step_form": [61093]
    },
    "61101": {
        "skill_step_id": 61101,
        "skill_step_form": [61101]
    },
    "61102": {
        "skill_step_id": 61102,
        "skill_step_form": [61102]
    },
    "61103": {
        "skill_step_id": 61103,
        "skill_step_form": [61103]
    },
    "61111": {
        "skill_step_id": 61111,
        "skill_step_form": [61111]
    },
    "61112": {
        "skill_step_id": 61112,
        "skill_step_form": [61112]
    },
    "61113": {
        "skill_step_id": 61113,
        "skill_step_form": [61113]
    },
    "61121": {
        "skill_step_id": 61121,
        "skill_step_form": [61121]
    },
    "61122": {
        "skill_step_id": 61122,
        "skill_step_form": [61122]
    },
    "61123": {
        "skill_step_id": 61123,
        "skill_step_form": [61123]
    },
    "61131": {
        "skill_step_id": 61131,
        "skill_step_form": [61131]
    },
    "61132": {
        "skill_step_id": 61132,
        "skill_step_form": [61132]
    },
    "61133": {
        "skill_step_id": 61133,
        "skill_step_form": [61133]
    },
    "61141": {
        "skill_step_id": 61141,
        "skill_step_form": [61141]
    },
    "61142": {
        "skill_step_id": 61142,
        "skill_step_form": [61142]
    },
    "61143": {
        "skill_step_id": 61143,
        "skill_step_form": [61143]
    },
    "61151": {
        "skill_step_id": 61151,
        "skill_step_form": [61151]
    },
    "61152": {
        "skill_step_id": 61152,
        "skill_step_form": [61152]
    },
    "61153": {
        "skill_step_id": 61153,
        "skill_step_form": [61153]
    },
    "61181": {
        "skill_step_id": 61181,
        "skill_step_form": [61181]
    },
    "61182": {
        "skill_step_id": 61182,
        "skill_step_form": [61182]
    },
    "61183": {
        "skill_step_id": 61183,
        "skill_step_form": [61183]
    },
    "61191": {
        "skill_step_id": 61191,
        "skill_step_form": [61191]
    },
    "61192": {
        "skill_step_id": 61192,
        "skill_step_form": [61192]
    },
    "61193": {
        "skill_step_id": 61193,
        "skill_step_form": [61193]
    },
    "61201": {
        "skill_step_id": 61201,
        "skill_step_form": [61201]
    },
    "61202": {
        "skill_step_id": 61202,
        "skill_step_form": [61202]
    },
    "61203": {
        "skill_step_id": 61203,
        "skill_step_form": [61203]
    },
    "61211": {
        "skill_step_id": 61211,
        "skill_step_form": [61211]
    },
    "61212": {
        "skill_step_id": 61212,
        "skill_step_form": [61212]
    },
    "61221": {
        "skill_step_id": 61221,
        "skill_step_form": [61221]
    },
    "61222": {
        "skill_step_id": 61222,
        "skill_step_form": [61222]
    },
    "61223": {
        "skill_step_id": 61223,
        "skill_step_form": [61223]
    },
    "61231": {
        "skill_step_id": 61231,
        "skill_step_form": [61231]
    },
    "61232": {
        "skill_step_id": 61232,
        "skill_step_form": [61232]
    },
    "61241": {
        "skill_step_id": 61241,
        "skill_step_form": [61241]
    },
    "61242": {
        "skill_step_id": 61242,
        "skill_step_form": [61242]
    },
    "61251": {
        "skill_step_id": 61251,
        "skill_step_form": [61251]
    },
    "61252": {
        "skill_step_id": 61252,
        "skill_step_form": [61252]
    },
    "61261": {
        "skill_step_id": 61261,
        "skill_step_form": [61261]
    },
    "61262": {
        "skill_step_id": 61262,
        "skill_step_form": [61262]
    },
    "61263": {
        "skill_step_id": 61263,
        "skill_step_form": [61263]
    },
    "61271": {
        "skill_step_id": 61271,
        "skill_step_form": [61271]
    },
    "61272": {
        "skill_step_id": 61272,
        "skill_step_form": [61272]
    },
    "61273": {
        "skill_step_id": 61273,
        "skill_step_form": [61273]
    },
    "61281": {
        "skill_step_id": 61281,
        "skill_step_form": [61281]
    },
    "61282": {
        "skill_step_id": 61282,
        "skill_step_form": [61282]
    },
    "61283": {
        "skill_step_id": 61283,
        "skill_step_form": [61283]
    },
    "61291": {
        "skill_step_id": 61291,
        "skill_step_form": [61291]
    },
    "61292": {
        "skill_step_id": 61292,
        "skill_step_form": [61292]
    },
    "61293": {
        "skill_step_id": 61293,
        "skill_step_form": [61293]
    },
    "61301": {
        "skill_step_id": 61301,
        "skill_step_form": [61301]
    },
    "61302": {
        "skill_step_id": 61302,
        "skill_step_form": [61302]
    },
    "61303": {
        "skill_step_id": 61303,
        "skill_step_form": [61303]
    },
    "61311": {
        "skill_step_id": 61311,
        "skill_step_form": [61311]
    },
    "61321": {
        "skill_step_id": 61321,
        "skill_step_form": [61321]
    },
    "61331": {
        "skill_step_id": 61331,
        "skill_step_form": [61331]
    },
    "61332": {
        "skill_step_id": 61332,
        "skill_step_form": [61332]
    },
    "61341": {
        "skill_step_id": 61341,
        "skill_step_form": [61341]
    },
    "61342": {
        "skill_step_id": 61342,
        "skill_step_form": [61342]
    },
    "61351": {
        "skill_step_id": 61351,
        "skill_step_form": [61351]
    },
    "61352": {
        "skill_step_id": 61352,
        "skill_step_form": [61352]
    },
    "61361": {
        "skill_step_id": 61361,
        "skill_step_form": [61361]
    },
    "61362": {
        "skill_step_id": 61362,
        "skill_step_form": [61362]
    },
    "61371": {
        "skill_step_id": 61371,
        "skill_step_form": [61371]
    },
    "61372": {
        "skill_step_id": 61372,
        "skill_step_form": [61372]
    },
    "61373": {
        "skill_step_id": 61373,
        "skill_step_form": [61373]
    },
    "61381": {
        "skill_step_id": 61381,
        "skill_step_form": [61381]
    },
    "61382": {
        "skill_step_id": 61382,
        "skill_step_form": [61382]
    },
    "61391": {
        "skill_step_id": 61391,
        "skill_step_form": [61391]
    },
    "61392": {
        "skill_step_id": 61392,
        "skill_step_form": [61392]
    },
    "61393": {
        "skill_step_id": 61393,
        "skill_step_form": [61393]
    },
    "61421": {
        "skill_step_id": 61421,
        "skill_step_form": [61421]
    },
    "61422": {
        "skill_step_id": 61422,
        "skill_step_form": [61422]
    },
    "61423": {
        "skill_step_id": 61423,
        "skill_step_form": [61423]
    },
    "61431": {
        "skill_step_id": 61431,
        "skill_step_form": [61431]
    },
    "61432": {
        "skill_step_id": 61432,
        "skill_step_form": [61432]
    },
    "61433": {
        "skill_step_id": 61433,
        "skill_step_form": [61433]
    },
    "61441": {
        "skill_step_id": 61441,
        "skill_step_form": [61441]
    },
    "61442": {
        "skill_step_id": 61442,
        "skill_step_form": [61442]
    },
    "61443": {
        "skill_step_id": 61443,
        "skill_step_form": [61443]
    },
    "61451": {
        "skill_step_id": 61451,
        "skill_step_form": [61451]
    },
    "61452": {
        "skill_step_id": 61452,
        "skill_step_form": [61452]
    },
    "61461": {
        "skill_step_id": 61461,
        "skill_step_form": [61461]
    },
    "61462": {
        "skill_step_id": 61462,
        "skill_step_form": [61462]
    },
    "61463": {
        "skill_step_id": 61463,
        "skill_step_form": [61463]
    },
    "61471": {
        "skill_step_id": 61471,
        "skill_step_form": [61471]
    },
    "61472": {
        "skill_step_id": 61472,
        "skill_step_form": [61472]
    },
    "61481": {
        "skill_step_id": 61481,
        "skill_step_form": [61481]
    },
    "61482": {
        "skill_step_id": 61482,
        "skill_step_form": [61482]
    },
    "61483": {
        "skill_step_id": 61483,
        "skill_step_form": [61483]
    },
    "61491": {
        "skill_step_id": 61491,
        "skill_step_form": [61491]
    },
    "61492": {
        "skill_step_id": 61492,
        "skill_step_form": [61492]
    },
    "61493": {
        "skill_step_id": 61493,
        "skill_step_form": [61493]
    },
    "61501": {
        "skill_step_id": 61501,
        "skill_step_form": [61501]
    },
    "61502": {
        "skill_step_id": 61502,
        "skill_step_form": [61502]
    },
    "61503": {
        "skill_step_id": 61503,
        "skill_step_form": [61503]
    },
    "61511": {
        "skill_step_id": 61511,
        "skill_step_form": [61511]
    },
    "61512": {
        "skill_step_id": 61512,
        "skill_step_form": [61512]
    },
    "61513": {
        "skill_step_id": 61513,
        "skill_step_form": [61513]
    },
    "81211": {
        "skill_step_id": 81211,
        "skill_step_form": [81211]
    },
    "81212": {
        "skill_step_id": 81212,
        "skill_step_form": [81212]
    },
    "81221": {
        "skill_step_id": 81221,
        "skill_step_form": [81221]
    },
    "81222": {
        "skill_step_id": 81222,
        "skill_step_form": [81222]
    },
    "81223": {
        "skill_step_id": 81223,
        "skill_step_form": [81223]
    },
    "81231": {
        "skill_step_id": 81231,
        "skill_step_form": [81231]
    },
    "81232": {
        "skill_step_id": 81232,
        "skill_step_form": [81232]
    },
    "81241": {
        "skill_step_id": 81241,
        "skill_step_form": [81241]
    },
    "81242": {
        "skill_step_id": 81242,
        "skill_step_form": [81242]
    },
    "81251": {
        "skill_step_id": 81251,
        "skill_step_form": [81251]
    },
    "81252": {
        "skill_step_id": 81252,
        "skill_step_form": [81252]
    },
    "81261": {
        "skill_step_id": 81261,
        "skill_step_form": [81261]
    },
    "81262": {
        "skill_step_id": 81262,
        "skill_step_form": [81262]
    },
    "81263": {
        "skill_step_id": 81263,
        "skill_step_form": [81263]
    },
    "81011": {
        "skill_step_id": 81011,
        "skill_step_form": [81011]
    },
    "81012": {
        "skill_step_id": 81012,
        "skill_step_form": [81012]
    },
    "81013": {
        "skill_step_id": 81013,
        "skill_step_form": [81013]
    },
    "81021": {
        "skill_step_id": 81021,
        "skill_step_form": [81021]
    },
    "81022": {
        "skill_step_id": 81022,
        "skill_step_form": [81022]
    },
    "81023": {
        "skill_step_id": 81023,
        "skill_step_form": [81023]
    },
    "81031": {
        "skill_step_id": 81031,
        "skill_step_form": [81031]
    },
    "81032": {
        "skill_step_id": 81032,
        "skill_step_form": [81032]
    },
    "81033": {
        "skill_step_id": 81033,
        "skill_step_form": [81033]
    },
    "81041": {
        "skill_step_id": 81041,
        "skill_step_form": [81041]
    },
    "81042": {
        "skill_step_id": 81042,
        "skill_step_form": [81042]
    },
    "81043": {
        "skill_step_id": 81043,
        "skill_step_form": [81043]
    },
    "81051": {
        "skill_step_id": 81051,
        "skill_step_form": [81051]
    },
    "81061": {
        "skill_step_id": 81061,
        "skill_step_form": [81061]
    },
    "81071": {
        "skill_step_id": 81071,
        "skill_step_form": [81071]
    },
    "81072": {
        "skill_step_id": 81072,
        "skill_step_form": [81072]
    },
    "81073": {
        "skill_step_id": 81073,
        "skill_step_form": [81073]
    },
    "81081": {
        "skill_step_id": 81081,
        "skill_step_form": [81081]
    },
    "81082": {
        "skill_step_id": 81082,
        "skill_step_form": [81082]
    },
    "81083": {
        "skill_step_id": 81083,
        "skill_step_form": [81083]
    },
    "81091": {
        "skill_step_id": 81091,
        "skill_step_form": [81091]
    },
    "81092": {
        "skill_step_id": 81092,
        "skill_step_form": [81092]
    },
    "81093": {
        "skill_step_id": 81093,
        "skill_step_form": [81093]
    },
    "81101": {
        "skill_step_id": 81101,
        "skill_step_form": [81101]
    },
    "81102": {
        "skill_step_id": 81102,
        "skill_step_form": [81102]
    },
    "81103": {
        "skill_step_id": 81103,
        "skill_step_form": [81103]
    },
    "81111": {
        "skill_step_id": 81111,
        "skill_step_form": [81111]
    },
    "81112": {
        "skill_step_id": 81112,
        "skill_step_form": [81112]
    },
    "81113": {
        "skill_step_id": 81113,
        "skill_step_form": [81113]
    },
    "81121": {
        "skill_step_id": 81121,
        "skill_step_form": [81121]
    },
    "81122": {
        "skill_step_id": 81122,
        "skill_step_form": [81122]
    },
    "81123": {
        "skill_step_id": 81123,
        "skill_step_form": [81123]
    },
    "81131": {
        "skill_step_id": 81131,
        "skill_step_form": [81131]
    },
    "81132": {
        "skill_step_id": 81132,
        "skill_step_form": [81132]
    },
    "81133": {
        "skill_step_id": 81133,
        "skill_step_form": [81133]
    },
    "81141": {
        "skill_step_id": 81141,
        "skill_step_form": [81141]
    },
    "81142": {
        "skill_step_id": 81142,
        "skill_step_form": [81142]
    },
    "81143": {
        "skill_step_id": 81143,
        "skill_step_form": [81143]
    },
    "81151": {
        "skill_step_id": 81151,
        "skill_step_form": [81151]
    },
    "81152": {
        "skill_step_id": 81152,
        "skill_step_form": [81152]
    },
    "81153": {
        "skill_step_id": 81153,
        "skill_step_form": [81153]
    },
    "81181": {
        "skill_step_id": 81181,
        "skill_step_form": [81181]
    },
    "81182": {
        "skill_step_id": 81182,
        "skill_step_form": [81182]
    },
    "81183": {
        "skill_step_id": 81183,
        "skill_step_form": [81183]
    },
    "81191": {
        "skill_step_id": 81191,
        "skill_step_form": [81191]
    },
    "81192": {
        "skill_step_id": 81192,
        "skill_step_form": [81192]
    },
    "81193": {
        "skill_step_id": 81193,
        "skill_step_form": [81193]
    },
    "81201": {
        "skill_step_id": 81201,
        "skill_step_form": [81201]
    },
    "81202": {
        "skill_step_id": 81202,
        "skill_step_form": [81202]
    },
    "81203": {
        "skill_step_id": 81203,
        "skill_step_form": [81203]
    },
    "81211": {
        "skill_step_id": 81211,
        "skill_step_form": [81211]
    },
    "81212": {
        "skill_step_id": 81212,
        "skill_step_form": [81212]
    },
    "81221": {
        "skill_step_id": 81221,
        "skill_step_form": [81221]
    },
    "81222": {
        "skill_step_id": 81222,
        "skill_step_form": [81222]
    },
    "81223": {
        "skill_step_id": 81223,
        "skill_step_form": [81223]
    },
    "81231": {
        "skill_step_id": 81231,
        "skill_step_form": [81231]
    },
    "81232": {
        "skill_step_id": 81232,
        "skill_step_form": [81232]
    },
    "81241": {
        "skill_step_id": 81241,
        "skill_step_form": [81241]
    },
    "81242": {
        "skill_step_id": 81242,
        "skill_step_form": [81242]
    },
    "81251": {
        "skill_step_id": 81251,
        "skill_step_form": [81251]
    },
    "81252": {
        "skill_step_id": 81252,
        "skill_step_form": [81252]
    },
    "81261": {
        "skill_step_id": 81261,
        "skill_step_form": [81261]
    },
    "81262": {
        "skill_step_id": 81262,
        "skill_step_form": [81262]
    },
    "81263": {
        "skill_step_id": 81263,
        "skill_step_form": [81263]
    },
    "81271": {
        "skill_step_id": 81271,
        "skill_step_form": [81271]
    },
    "81272": {
        "skill_step_id": 81272,
        "skill_step_form": [81272]
    },
    "81273": {
        "skill_step_id": 81273,
        "skill_step_form": [81273]
    },
    "81281": {
        "skill_step_id": 81281,
        "skill_step_form": [81281]
    },
    "81282": {
        "skill_step_id": 81282,
        "skill_step_form": [81282]
    },
    "81283": {
        "skill_step_id": 81283,
        "skill_step_form": [81283]
    },
    "81291": {
        "skill_step_id": 81291,
        "skill_step_form": [81291]
    },
    "81292": {
        "skill_step_id": 81292,
        "skill_step_form": [81292]
    },
    "81293": {
        "skill_step_id": 81293,
        "skill_step_form": [81293]
    },
    "81301": {
        "skill_step_id": 81301,
        "skill_step_form": [81301]
    },
    "81302": {
        "skill_step_id": 81302,
        "skill_step_form": [81302]
    },
    "81303": {
        "skill_step_id": 81303,
        "skill_step_form": [81303]
    },
    "81311": {
        "skill_step_id": 81311,
        "skill_step_form": [81311]
    },
    "81321": {
        "skill_step_id": 81321,
        "skill_step_form": [81321]
    },
    "81331": {
        "skill_step_id": 81331,
        "skill_step_form": [81331]
    },
    "81332": {
        "skill_step_id": 81332,
        "skill_step_form": [81332]
    },
    "81341": {
        "skill_step_id": 81341,
        "skill_step_form": [81341]
    },
    "81342": {
        "skill_step_id": 81342,
        "skill_step_form": [81342]
    },
    "81351": {
        "skill_step_id": 81351,
        "skill_step_form": [81351]
    },
    "81352": {
        "skill_step_id": 81352,
        "skill_step_form": [81352]
    },
    "81361": {
        "skill_step_id": 81361,
        "skill_step_form": [81361]
    },
    "81362": {
        "skill_step_id": 81362,
        "skill_step_form": [81362]
    },
    "81371": {
        "skill_step_id": 81371,
        "skill_step_form": [81371]
    },
    "81372": {
        "skill_step_id": 81372,
        "skill_step_form": [81372]
    },
    "81373": {
        "skill_step_id": 81373,
        "skill_step_form": [81373]
    },
    "81381": {
        "skill_step_id": 81381,
        "skill_step_form": [81381]
    },
    "81382": {
        "skill_step_id": 81382,
        "skill_step_form": [81382]
    },
    "81391": {
        "skill_step_id": 81391,
        "skill_step_form": [81391]
    },
    "81392": {
        "skill_step_id": 81392,
        "skill_step_form": [81392]
    },
    "81393": {
        "skill_step_id": 81393,
        "skill_step_form": [81393]
    },
    "81421": {
        "skill_step_id": 81421,
        "skill_step_form": [81421]
    },
    "81422": {
        "skill_step_id": 81422,
        "skill_step_form": [81422]
    },
    "81423": {
        "skill_step_id": 81423,
        "skill_step_form": [81423]
    },
    "81431": {
        "skill_step_id": 81431,
        "skill_step_form": [81431]
    },
    "81432": {
        "skill_step_id": 81432,
        "skill_step_form": [81432]
    },
    "81433": {
        "skill_step_id": 81433,
        "skill_step_form": [81433]
    },
    "81441": {
        "skill_step_id": 81441,
        "skill_step_form": [81441]
    },
    "81442": {
        "skill_step_id": 81442,
        "skill_step_form": [81442]
    },
    "81443": {
        "skill_step_id": 81443,
        "skill_step_form": [81443]
    },
    "81451": {
        "skill_step_id": 81451,
        "skill_step_form": [81451]
    },
    "81452": {
        "skill_step_id": 81452,
        "skill_step_form": [81452]
    },
    "81461": {
        "skill_step_id": 81461,
        "skill_step_form": [81461]
    },
    "81462": {
        "skill_step_id": 81462,
        "skill_step_form": [81462]
    },
    "81463": {
        "skill_step_id": 81463,
        "skill_step_form": [81463]
    },
    "81471": {
        "skill_step_id": 81471,
        "skill_step_form": [81471]
    },
    "81472": {
        "skill_step_id": 81472,
        "skill_step_form": [81472]
    },
    "81481": {
        "skill_step_id": 81481,
        "skill_step_form": [81481]
    },
    "81482": {
        "skill_step_id": 81482,
        "skill_step_form": [81482]
    },
    "81483": {
        "skill_step_id": 81483,
        "skill_step_form": [81483]
    },
    "81491": {
        "skill_step_id": 81491,
        "skill_step_form": [81491]
    },
    "81492": {
        "skill_step_id": 81492,
        "skill_step_form": [81492]
    },
    "81493": {
        "skill_step_id": 81493,
        "skill_step_form": [81493]
    },
    "81501": {
        "skill_step_id": 81501,
        "skill_step_form": [81501]
    },
    "81502": {
        "skill_step_id": 81502,
        "skill_step_form": [81502]
    },
    "81503": {
        "skill_step_id": 81503,
        "skill_step_form": [81503]
    },
    "81511": {
        "skill_step_id": 81511,
        "skill_step_form": [81511]
    },
    "81512": {
        "skill_step_id": 81512,
        "skill_step_form": [81512]
    },
    "81513": {
        "skill_step_id": 81513,
        "skill_step_form": [81513]
    },
    "111011": {
        "skill_step_id": 111011,
        "skill_step_form": [111011]
    },
    "111012": {
        "skill_step_id": 111012,
        "skill_step_form": [111012]
    },
    "111013": {
        "skill_step_id": 111013,
        "skill_step_form": [111013]
    },
    "111021": {
        "skill_step_id": 111021,
        "skill_step_form": [111021]
    },
    "111022": {
        "skill_step_id": 111022,
        "skill_step_form": [111022]
    },
    "111023": {
        "skill_step_id": 111023,
        "skill_step_form": [111023]
    },
    "111031": {
        "skill_step_id": 111031,
        "skill_step_form": [111031]
    },
    "111032": {
        "skill_step_id": 111032,
        "skill_step_form": [111032]
    },
    "111033": {
        "skill_step_id": 111033,
        "skill_step_form": [111033]
    },
    "111041": {
        "skill_step_id": 111041,
        "skill_step_form": [111041]
    },
    "111042": {
        "skill_step_id": 111042,
        "skill_step_form": [111042]
    },
    "111043": {
        "skill_step_id": 111043,
        "skill_step_form": [111043]
    },
    "111051": {
        "skill_step_id": 111051,
        "skill_step_form": [111051]
    },
    "111061": {
        "skill_step_id": 111061,
        "skill_step_form": [111061]
    },
    "111071": {
        "skill_step_id": 111071,
        "skill_step_form": [111071]
    },
    "111072": {
        "skill_step_id": 111072,
        "skill_step_form": [111072]
    },
    "111073": {
        "skill_step_id": 111073,
        "skill_step_form": [111073]
    },
    "111081": {
        "skill_step_id": 111081,
        "skill_step_form": [111081]
    },
    "111082": {
        "skill_step_id": 111082,
        "skill_step_form": [111082]
    },
    "111083": {
        "skill_step_id": 111083,
        "skill_step_form": [111083]
    },
    "111091": {
        "skill_step_id": 111091,
        "skill_step_form": [111091]
    },
    "111092": {
        "skill_step_id": 111092,
        "skill_step_form": [111092]
    },
    "111093": {
        "skill_step_id": 111093,
        "skill_step_form": [111093]
    },
    "111101": {
        "skill_step_id": 111101,
        "skill_step_form": [111101]
    },
    "111102": {
        "skill_step_id": 111102,
        "skill_step_form": [111102]
    },
    "111103": {
        "skill_step_id": 111103,
        "skill_step_form": [111103]
    },
    "111111": {
        "skill_step_id": 111111,
        "skill_step_form": [111111]
    },
    "111112": {
        "skill_step_id": 111112,
        "skill_step_form": [111112]
    },
    "111113": {
        "skill_step_id": 111113,
        "skill_step_form": [111113]
    },
    "111121": {
        "skill_step_id": 111121,
        "skill_step_form": [111121]
    },
    "111122": {
        "skill_step_id": 111122,
        "skill_step_form": [111122]
    },
    "111123": {
        "skill_step_id": 111123,
        "skill_step_form": [111123]
    },
    "111131": {
        "skill_step_id": 111131,
        "skill_step_form": [111131]
    },
    "111132": {
        "skill_step_id": 111132,
        "skill_step_form": [111132]
    },
    "111133": {
        "skill_step_id": 111133,
        "skill_step_form": [111133]
    },
    "111141": {
        "skill_step_id": 111141,
        "skill_step_form": [111141]
    },
    "111142": {
        "skill_step_id": 111142,
        "skill_step_form": [111142]
    },
    "111143": {
        "skill_step_id": 111143,
        "skill_step_form": [111143]
    },
    "111151": {
        "skill_step_id": 111151,
        "skill_step_form": [111151]
    },
    "111152": {
        "skill_step_id": 111152,
        "skill_step_form": [111152]
    },
    "111153": {
        "skill_step_id": 111153,
        "skill_step_form": [111153]
    },
    "111181": {
        "skill_step_id": 111181,
        "skill_step_form": [111181]
    },
    "111182": {
        "skill_step_id": 111182,
        "skill_step_form": [111182]
    },
    "111183": {
        "skill_step_id": 111183,
        "skill_step_form": [111183]
    },
    "111191": {
        "skill_step_id": 111191,
        "skill_step_form": [111191]
    },
    "111192": {
        "skill_step_id": 111192,
        "skill_step_form": [111192]
    },
    "111193": {
        "skill_step_id": 111193,
        "skill_step_form": [111193]
    },
    "111201": {
        "skill_step_id": 111201,
        "skill_step_form": [111201]
    },
    "111202": {
        "skill_step_id": 111202,
        "skill_step_form": [111202]
    },
    "111203": {
        "skill_step_id": 111203,
        "skill_step_form": [111203]
    },
    "111211": {
        "skill_step_id": 111211,
        "skill_step_form": [111211]
    },
    "111212": {
        "skill_step_id": 111212,
        "skill_step_form": [111212]
    },
    "111221": {
        "skill_step_id": 111221,
        "skill_step_form": [111221]
    },
    "111222": {
        "skill_step_id": 111222,
        "skill_step_form": [111222]
    },
    "111223": {
        "skill_step_id": 111223,
        "skill_step_form": [111223]
    },
    "111231": {
        "skill_step_id": 111231,
        "skill_step_form": [111231]
    },
    "111232": {
        "skill_step_id": 111232,
        "skill_step_form": [111232]
    },
    "111241": {
        "skill_step_id": 111241,
        "skill_step_form": [111241]
    },
    "111242": {
        "skill_step_id": 111242,
        "skill_step_form": [111242]
    },
    "111251": {
        "skill_step_id": 111251,
        "skill_step_form": [111251]
    },
    "111252": {
        "skill_step_id": 111252,
        "skill_step_form": [111252]
    },
    "111261": {
        "skill_step_id": 111261,
        "skill_step_form": [111261]
    },
    "111262": {
        "skill_step_id": 111262,
        "skill_step_form": [111262]
    },
    "111263": {
        "skill_step_id": 111263,
        "skill_step_form": [111263]
    },
    "111271": {
        "skill_step_id": 111271,
        "skill_step_form": [111271]
    },
    "111272": {
        "skill_step_id": 111272,
        "skill_step_form": [111272]
    },
    "111273": {
        "skill_step_id": 111273,
        "skill_step_form": [111273]
    },
    "111281": {
        "skill_step_id": 111281,
        "skill_step_form": [111281]
    },
    "111282": {
        "skill_step_id": 111282,
        "skill_step_form": [111282]
    },
    "111283": {
        "skill_step_id": 111283,
        "skill_step_form": [111283]
    },
    "111291": {
        "skill_step_id": 111291,
        "skill_step_form": [111291]
    },
    "111292": {
        "skill_step_id": 111292,
        "skill_step_form": [111292]
    },
    "111293": {
        "skill_step_id": 111293,
        "skill_step_form": [111293]
    },
    "111301": {
        "skill_step_id": 111301,
        "skill_step_form": [111301]
    },
    "111302": {
        "skill_step_id": 111302,
        "skill_step_form": [111302]
    },
    "111303": {
        "skill_step_id": 111303,
        "skill_step_form": [111303]
    },
    "111311": {
        "skill_step_id": 111311,
        "skill_step_form": [111311]
    },
    "111321": {
        "skill_step_id": 111321,
        "skill_step_form": [111321]
    },
    "111331": {
        "skill_step_id": 111331,
        "skill_step_form": [111331]
    },
    "111332": {
        "skill_step_id": 111332,
        "skill_step_form": [111332]
    },
    "111341": {
        "skill_step_id": 111341,
        "skill_step_form": [111341]
    },
    "111342": {
        "skill_step_id": 111342,
        "skill_step_form": [111342]
    },
    "111351": {
        "skill_step_id": 111351,
        "skill_step_form": [111351]
    },
    "111352": {
        "skill_step_id": 111352,
        "skill_step_form": [111352]
    },
    "111361": {
        "skill_step_id": 111361,
        "skill_step_form": [111361]
    },
    "111362": {
        "skill_step_id": 111362,
        "skill_step_form": [111362]
    },
    "111371": {
        "skill_step_id": 111371,
        "skill_step_form": [111371]
    },
    "111372": {
        "skill_step_id": 111372,
        "skill_step_form": [111372]
    },
    "111373": {
        "skill_step_id": 111373,
        "skill_step_form": [111373]
    },
    "111381": {
        "skill_step_id": 111381,
        "skill_step_form": [111381]
    },
    "111382": {
        "skill_step_id": 111382,
        "skill_step_form": [111382]
    },
    "111391": {
        "skill_step_id": 111391,
        "skill_step_form": [111391]
    },
    "111392": {
        "skill_step_id": 111392,
        "skill_step_form": [111392]
    },
    "111393": {
        "skill_step_id": 111393,
        "skill_step_form": [111393]
    },
    "111421": {
        "skill_step_id": 111421,
        "skill_step_form": [111421]
    },
    "111422": {
        "skill_step_id": 111422,
        "skill_step_form": [111422]
    },
    "111423": {
        "skill_step_id": 111423,
        "skill_step_form": [111423]
    },
    "111431": {
        "skill_step_id": 111431,
        "skill_step_form": [111431]
    },
    "111432": {
        "skill_step_id": 111432,
        "skill_step_form": [111432]
    },
    "111433": {
        "skill_step_id": 111433,
        "skill_step_form": [111433]
    },
    "111441": {
        "skill_step_id": 111441,
        "skill_step_form": [111441]
    },
    "111442": {
        "skill_step_id": 111442,
        "skill_step_form": [111442]
    },
    "111443": {
        "skill_step_id": 111443,
        "skill_step_form": [111443]
    },
    "111451": {
        "skill_step_id": 111451,
        "skill_step_form": [111451]
    },
    "111452": {
        "skill_step_id": 111452,
        "skill_step_form": [111452]
    },
    "111461": {
        "skill_step_id": 111461,
        "skill_step_form": [111461]
    },
    "111462": {
        "skill_step_id": 111462,
        "skill_step_form": [111462]
    },
    "111463": {
        "skill_step_id": 111463,
        "skill_step_form": [111463]
    },
    "111471": {
        "skill_step_id": 111471,
        "skill_step_form": [111471]
    },
    "111472": {
        "skill_step_id": 111472,
        "skill_step_form": [111472]
    },
    "111481": {
        "skill_step_id": 111481,
        "skill_step_form": [111481]
    },
    "111482": {
        "skill_step_id": 111482,
        "skill_step_form": [111482]
    },
    "111483": {
        "skill_step_id": 111483,
        "skill_step_form": [111483]
    },
    "111491": {
        "skill_step_id": 111491,
        "skill_step_form": [111491]
    },
    "111492": {
        "skill_step_id": 111492,
        "skill_step_form": [111492]
    },
    "111493": {
        "skill_step_id": 111493,
        "skill_step_form": [111493]
    },
    "111501": {
        "skill_step_id": 111501,
        "skill_step_form": [111501]
    },
    "111502": {
        "skill_step_id": 111502,
        "skill_step_form": [111502]
    },
    "111503": {
        "skill_step_id": 111503,
        "skill_step_form": [111503]
    },
    "111511": {
        "skill_step_id": 111511,
        "skill_step_form": [111511]
    },
    "111512": {
        "skill_step_id": 111512,
        "skill_step_form": [111512]
    },
    "111513": {
        "skill_step_id": 111513,
        "skill_step_form": [111513]
    },
    "111521": {
        "skill_step_id": 111521,
        "skill_step_form": [111521]
    },
    "111522": {
        "skill_step_id": 111522,
        "skill_step_form": [111522]
    },
    "111523": {
        "skill_step_id": 111523,
        "skill_step_form": [111523]
    },
    "111531": {
        "skill_step_id": 111531,
        "skill_step_form": [111531]
    },
    "111532": {
        "skill_step_id": 111532,
        "skill_step_form": [111532]
    },
    "111533": {
        "skill_step_id": 111533,
        "skill_step_form": [111533]
    },
    "111541": {
        "skill_step_id": 111541,
        "skill_step_form": [111541]
    },
    "111542": {
        "skill_step_id": 111542,
        "skill_step_form": [111542]
    },
    "111543": {
        "skill_step_id": 111543,
        "skill_step_form": [111543]
    }}
