{
    "-1": {
        "id": -1,
        "type": -1,
        "name": "测试用的",
        "num": -1,
        "time": -1,
        "continue_time": 5000,
        "displacement_speed": [0.01,0],
        "displacement_acceleration": [0.005,0],
        "acceleration_time": 100,
        "end_pos": [-1],
        "_bug": "测试用的"
    },
    "1003210": {
        "id": 1003210,
        "type": -1,
        "name": "测试-乌鸦技能1-穿梭1",
        "num": -1,
        "time": -1,
        "continue_time": 5000,
        "displacement_speed": [0.4,0.01],
        "displacement_acceleration": [0.02,0.001],
        "acceleration_time": 200,
        "end_pos": [-1],
        "_bug": "测试-乌鸦技能1-穿梭1"
    },
    "1003211": {
        "id": 1003211,
        "type": -1,
        "name": "测试-乌鸦技能1-穿梭2",
        "num": -1,
        "time": -1,
        "continue_time": 5000,
        "displacement_speed": [0.45,0.01],
        "displacement_acceleration": [0.02,0.001],
        "acceleration_time": 200,
        "end_pos": [-1],
        "_bug": "测试-乌鸦技能1-穿梭2"
    },
    "1003212": {
        "id": 1003212,
        "type": -1,
        "name": "测试-乌鸦技能1-穿梭3",
        "num": -1,
        "time": -1,
        "continue_time": 5000,
        "displacement_speed": [0.55,0.01],
        "displacement_acceleration": [0.02,0.001],
        "acceleration_time": 200,
        "end_pos": [-1],
        "_bug": "测试-乌鸦技能1-穿梭3"
    },
    "1004100": {
        "id": 1004100,
        "type": -1,
        "name": "测试-木头普攻1-木头",
        "num": -1,
        "time": -1,
        "continue_time": 5000,
        "displacement_speed": [0.4,0],
        "displacement_acceleration": [0.02,0],
        "acceleration_time": 500,
        "end_pos": [-1],
        "_bug": "测试-木头普攻1-木头"
    },
    "1001210": {
        "id": 1001210,
        "type": -1,
        "name": "玩家-奇牙技能1-烟雾",
        "num": -1,
        "time": -1,
        "continue_time": 5000,
        "displacement_speed": [0.2,0],
        "displacement_acceleration": [0.01,0],
        "acceleration_time": 200,
        "end_pos": [-1],
        "_bug": "玩家-奇牙技能1-烟雾"
    },
    "1002100": {
        "id": 1002100,
        "type": -1,
        "name": "玩家-智喜技能1-能量球",
        "num": -1,
        "time": -1,
        "continue_time": 5000,
        "displacement_speed": [0.45,0],
        "displacement_acceleration": [0.01,0],
        "acceleration_time": 1000,
        "end_pos": [-1],
        "_bug": "玩家-智喜技能1-能量球"
    },
    "1003100": {
        "id": 1003100,
        "type": -1,
        "name": "玩家-小滴技能1-小旋风",
        "num": -1,
        "time": -1,
        "continue_time": 5000,
        "displacement_speed": [0.25,0],
        "displacement_acceleration": [0.001,0],
        "acceleration_time": 200,
        "end_pos": [-1],
        "_bug": "玩家-小滴技能1-小旋风"
    },
    "1003101": {
        "id": 1003101,
        "type": -1,
        "name": "玩家-小滴技能1-地面烟雾",
        "num": -1,
        "time": -1,
        "continue_time": 5000,
        "displacement_speed": [0.25,0],
        "displacement_acceleration": [0.001,0],
        "acceleration_time": 200,
        "end_pos": [-1],
        "_bug": "玩家-小滴技能1-地面烟雾"
    },
    "1004100": {
        "id": 1004100,
        "type": -1,
        "name": "玩家-伊尔迷技能1-飞针1",
        "num": -1,
        "time": -1,
        "continue_time": 5000,
        "displacement_speed": [0.3,0],
        "displacement_acceleration": [0.005,0],
        "acceleration_time": 600,
        "end_pos": [-1],
        "_bug": "玩家-伊尔迷技能1-飞针1"
    },
    "1004101": {
        "id": 1004101,
        "type": -1,
        "name": "玩家-伊尔迷技能1-飞针2",
        "num": -1,
        "time": -1,
        "continue_time": 5000,
        "displacement_speed": [0.3,0],
        "displacement_acceleration": [0.005,0],
        "acceleration_time": 600,
        "end_pos": [-1],
        "_bug": "玩家-伊尔迷技能1-飞针2"
    },
    "1004102": {
        "id": 1004102,
        "type": -1,
        "name": "玩家-伊尔迷技能1-飞针3",
        "num": -1,
        "time": -1,
        "continue_time": 5000,
        "displacement_speed": [0.3,0],
        "displacement_acceleration": [0.005,0],
        "acceleration_time": 600,
        "end_pos": [-1],
        "_bug": "玩家-伊尔迷技能1-飞针3"
    },
    "1005101": {
        "id": 1005101,
        "type": -1,
        "name": "玩家-凯特技能1-刀光1",
        "num": -1,
        "time": -1,
        "continue_time": 5000,
        "displacement_speed": [0.45,0],
        "displacement_acceleration": [0.008,0],
        "acceleration_time": 1000,
        "end_pos": [-1],
        "_bug": "玩家-凯特技能1-刀光1"
    },
    "1005102": {
        "id": 1005102,
        "type": -1,
        "name": "玩家-凯特技能1-刀光2",
        "num": -1,
        "time": -1,
        "continue_time": 5000,
        "displacement_speed": [0.45,0],
        "displacement_acceleration": [0.008,0],
        "acceleration_time": 1000,
        "end_pos": [-1],
        "_bug": "玩家-凯特技能1-刀光2"
    },
    "1005103": {
        "id": 1005103,
        "type": -1,
        "name": "玩家-凯特技能1-刀光3",
        "num": -1,
        "time": -1,
        "continue_time": 5000,
        "displacement_speed": [0.45,0],
        "displacement_acceleration": [0.008,0],
        "acceleration_time": 1000,
        "end_pos": [-1],
        "_bug": "玩家-凯特技能1-刀光3"
    },
    "1005230": {
        "id": 1005230,
        "type": -1,
        "name": "玩家-凯特技能2-循环刀光右1",
        "num": -1,
        "time": -1,
        "continue_time": 5000,
        "displacement_speed": [0.45,0],
        "displacement_acceleration": [0.01,0],
        "acceleration_time": 1000,
        "end_pos": [-1],
        "_bug": "玩家-凯特技能2-循环刀光右1"
    },
    "1006220": {
        "id": 1006220,
        "type": -1,
        "name": "玩家-萨次技能2-大冲刺残影1",
        "num": -1,
        "time": -1,
        "continue_time": 5000,
        "displacement_speed": [0.2,0],
        "displacement_acceleration": [0.001,0],
        "acceleration_time": 3000,
        "end_pos": [-1],
        "_bug": "玩家-萨次技能2-大冲刺残影1"
    },
    "1006221": {
        "id": 1006221,
        "type": -1,
        "name": "玩家-萨次技能2-大冲刺残影2",
        "num": -1,
        "time": -1,
        "continue_time": 5000,
        "displacement_speed": [0.2,0],
        "displacement_acceleration": [0.001,0],
        "acceleration_time": 3000,
        "end_pos": [-1],
        "_bug": "玩家-萨次技能2-大冲刺残影2"
    },
    "1006222": {
        "id": 1006222,
        "type": -1,
        "name": "玩家-萨次技能2-大冲刺残影3",
        "num": -1,
        "time": -1,
        "continue_time": 5000,
        "displacement_speed": [0.2,0],
        "displacement_acceleration": [0.001,0],
        "acceleration_time": 3000,
        "end_pos": [-1],
        "_bug": "玩家-萨次技能2-大冲刺残影3"
    },
    "1006223": {
        "id": 1006223,
        "type": -1,
        "name": "玩家-萨次技能2-大冲刺大拖尾烟雾",
        "num": -1,
        "time": -1,
        "continue_time": 5000,
        "displacement_speed": [0.2,0],
        "displacement_acceleration": [0.001,0],
        "acceleration_time": 3000,
        "end_pos": [-1],
        "_bug": "玩家-萨次技能2-大冲刺大拖尾烟雾"
    },
    "1006224": {
        "id": 1006224,
        "type": -1,
        "name": "玩家-萨次技能2-大冲刺拖尾烟雾",
        "num": -1,
        "time": -1,
        "continue_time": 5000,
        "displacement_speed": [0.2,0],
        "displacement_acceleration": [0.001,0],
        "acceleration_time": 3000,
        "end_pos": [-1],
        "_bug": "玩家-萨次技能2-大冲刺拖尾烟雾"
    },
    "1006225": {
        "id": 1006225,
        "type": -1,
        "name": "玩家-萨次技能2-大冲刺地面碎石",
        "num": -1,
        "time": -1,
        "continue_time": 5000,
        "displacement_speed": [0.2,0],
        "displacement_acceleration": [0.001,0],
        "acceleration_time": 3000,
        "end_pos": [-1],
        "_bug": "玩家-萨次技能2-大冲刺地面碎石"
    },
    "1007220": {
        "id": 1007220,
        "type": -1,
        "name": "玩家-窝金技能2-吼叫1",
        "num": -1,
        "time": -1,
        "continue_time": 5000,
        "displacement_speed": [0.55,0],
        "displacement_acceleration": [0.01,0],
        "acceleration_time": 500,
        "end_pos": [-1],
        "_bug": "玩家-窝金技能2-吼叫1"
    },
    "1007221": {
        "id": 1007221,
        "type": -1,
        "name": "玩家-窝金技能2-吼叫2",
        "num": -1,
        "time": -1,
        "continue_time": 5000,
        "displacement_speed": [0.55,0],
        "displacement_acceleration": [0.01,0],
        "acceleration_time": 500,
        "end_pos": [-1],
        "_bug": "玩家-窝金技能2-吼叫2"
    },
    "1007222": {
        "id": 1007222,
        "type": -1,
        "name": "玩家-窝金技能2-吼叫3",
        "num": -1,
        "time": -1,
        "continue_time": 5000,
        "displacement_speed": [0.55,0],
        "displacement_acceleration": [0.01,0],
        "acceleration_time": 500,
        "end_pos": [-1],
        "_bug": "玩家-窝金技能2-吼叫3"
    },
    "1008100": {
        "id": 1008100,
        "type": -1,
        "name": "玩家-半藏技能1-飞镖1",
        "num": -1,
        "time": -1,
        "continue_time": 5000,
        "displacement_speed": [0.3,0],
        "displacement_acceleration": [0.005,0],
        "acceleration_time": 600,
        "end_pos": [-1],
        "_bug": "玩家-半藏技能1-飞镖1"
    },
    "1008101": {
        "id": 1008101,
        "type": -1,
        "name": "玩家-半藏技能1-飞镖2",
        "num": -1,
        "time": -1,
        "continue_time": 5000,
        "displacement_speed": [0.3,0],
        "displacement_acceleration": [0.005,0],
        "acceleration_time": 600,
        "end_pos": [-1],
        "_bug": "玩家-半藏技能1-飞镖2"
    },
    "1008102": {
        "id": 1008102,
        "type": -1,
        "name": "玩家-半藏技能1-飞镖3",
        "num": -1,
        "time": -1,
        "continue_time": 5000,
        "displacement_speed": [0.3,0],
        "displacement_acceleration": [0.005,0],
        "acceleration_time": 600,
        "end_pos": [-1],
        "_bug": "玩家-半藏技能1-飞镖3"
    },
    "1010100": {
        "id": 1010100,
        "type": -1,
        "name": "玩家-东巴技能1-可乐1",
        "num": -1,
        "time": -1,
        "continue_time": 5000,
        "displacement_speed": [0.3,0],
        "displacement_acceleration": [0.01,0],
        "acceleration_time": 500,
        "end_pos": [-1],
        "_bug": "玩家-东巴技能1-可乐1"
    },
    "1010101": {
        "id": 1010101,
        "type": -1,
        "name": "玩家-东巴技能1-可乐2",
        "num": -1,
        "time": -1,
        "continue_time": 5000,
        "displacement_speed": [0.3,0],
        "displacement_acceleration": [0.01,0],
        "acceleration_time": 500,
        "end_pos": [-1],
        "_bug": "玩家-东巴技能1-可乐2"
    },
    "1010220": {
        "id": 1010220,
        "type": -1,
        "name": "玩家-东巴技能2-罐头1",
        "num": -1,
        "time": -1,
        "continue_time": 5000,
        "displacement_speed": [0.4,0],
        "displacement_acceleration": [0.01,0],
        "acceleration_time": 500,
        "end_pos": [-1],
        "_bug": "玩家-东巴技能2-罐头1"
    },
    "1010221": {
        "id": 1010221,
        "type": -1,
        "name": "玩家-东巴技能2-罐头1拖尾烟雾",
        "num": -1,
        "time": -1,
        "continue_time": 5000,
        "displacement_speed": [0.2,0],
        "displacement_acceleration": [0.001,0],
        "acceleration_time": 3000,
        "end_pos": [-1],
        "_bug": "玩家-东巴技能2-罐头1拖尾烟雾"
    },
    "1011100": {
        "id": 1011100,
        "type": -1,
        "name": "玩家-飞坦技能1-飞镖1",
        "num": -1,
        "time": -1,
        "continue_time": 5000,
        "displacement_speed": [0.3,0],
        "displacement_acceleration": [0.005,0],
        "acceleration_time": 600,
        "end_pos": [-1],
        "_bug": "玩家-飞坦技能1-飞镖1"
    },
    "1011101": {
        "id": 1011101,
        "type": -1,
        "name": "玩家-飞坦技能1-飞镖2",
        "num": -1,
        "time": -1,
        "continue_time": 5000,
        "displacement_speed": [0.3,0],
        "displacement_acceleration": [0.005,0],
        "acceleration_time": 600,
        "end_pos": [-1],
        "_bug": "玩家-飞坦技能1-飞镖2"
    },
    "1011102": {
        "id": 1011102,
        "type": -1,
        "name": "玩家-飞坦技能1-飞镖3",
        "num": -1,
        "time": -1,
        "continue_time": 5000,
        "displacement_speed": [0.3,0],
        "displacement_acceleration": [0.005,0],
        "acceleration_time": 600,
        "end_pos": [-1],
        "_bug": "玩家-飞坦技能1-飞镖3"
    },
    "1013222": {
        "id": 1013222,
        "type": -1,
        "name": "玩家-富兰克林技能2_子弹1",
        "num": -1,
        "time": -1,
        "continue_time": 5000,
        "displacement_speed": [0.3,0],
        "displacement_acceleration": [0.005,0],
        "acceleration_time": 600,
        "end_pos": [-1],
        "_bug": "玩家-富兰克林技能2_子弹1"
    },
    "1013223": {
        "id": 1013223,
        "type": -1,
        "name": "玩家-富兰克林技能2_子弹2",
        "num": -1,
        "time": -1,
        "continue_time": 5000,
        "displacement_speed": [0.3,0],
        "displacement_acceleration": [0.005,0],
        "acceleration_time": 600,
        "end_pos": [-1],
        "_bug": "玩家-富兰克林技能2_子弹2"
    },
    "1013224": {
        "id": 1013224,
        "type": -1,
        "name": "玩家-富兰克林技能2_子弹3",
        "num": -1,
        "time": -1,
        "continue_time": 5000,
        "displacement_speed": [0.3,0],
        "displacement_acceleration": [0.005,0],
        "acceleration_time": 600,
        "end_pos": [-1],
        "_bug": "玩家-富兰克林技能2_子弹3"
    },
    "1013225": {
        "id": 1013225,
        "type": -1,
        "name": "玩家-富兰克林技能2_子弹4",
        "num": -1,
        "time": -1,
        "continue_time": 5000,
        "displacement_speed": [0.3,0],
        "displacement_acceleration": [0.005,0],
        "acceleration_time": 600,
        "end_pos": [-1],
        "_bug": "玩家-富兰克林技能2_子弹4"
    },
    "1013226": {
        "id": 1013226,
        "type": -1,
        "name": "玩家-富兰克林技能2_子弹5",
        "num": -1,
        "time": -1,
        "continue_time": 5000,
        "displacement_speed": [0.3,0],
        "displacement_acceleration": [0.005,0],
        "acceleration_time": 600,
        "end_pos": [-1],
        "_bug": "玩家-富兰克林技能2_子弹5"
    },
    "1013227": {
        "id": 1013227,
        "type": -1,
        "name": "玩家-富兰克林技能2_子弹6",
        "num": -1,
        "time": -1,
        "continue_time": 5000,
        "displacement_speed": [0.3,0],
        "displacement_acceleration": [0.005,0],
        "acceleration_time": 600,
        "end_pos": [-1],
        "_bug": "玩家-富兰克林技能2_子弹6"
    },
    "1013232": {
        "id": 1013232,
        "type": -1,
        "name": "玩家-富兰克林技能2_大炮1",
        "num": -1,
        "time": -1,
        "continue_time": 5000,
        "displacement_speed": [0.25,0],
        "displacement_acceleration": [0.003,0],
        "acceleration_time": 600,
        "end_pos": [-1],
        "_bug": "玩家-富兰克林技能2_大炮1"
    },
    "1013233": {
        "id": 1013233,
        "type": -1,
        "name": "玩家-富兰克林技能2_大炮2",
        "num": -1,
        "time": -1,
        "continue_time": 5000,
        "displacement_speed": [0.25,0],
        "displacement_acceleration": [0.003,0],
        "acceleration_time": 600,
        "end_pos": [-1],
        "_bug": "玩家-富兰克林技能2_大炮2"
    },
    "1014100": {
        "id": 1014100,
        "type": -1,
        "name": "玩家-华石斗郎技能1-龙波",
        "num": -1,
        "time": -1,
        "continue_time": 5000,
        "displacement_speed": [0.4,0],
        "displacement_acceleration": [0.001,0],
        "acceleration_time": 1000,
        "end_pos": [-1],
        "_bug": "玩家-华石斗郎技能1-龙波"
    },
    "1015100": {
        "id": 1015100,
        "type": -1,
        "name": "玩家-疾斗技能1-小陀螺",
        "num": -1,
        "time": -1,
        "continue_time": 5000,
        "displacement_speed": [0.35,0],
        "displacement_acceleration": [0.001,0],
        "acceleration_time": 1000,
        "end_pos": [-1],
        "_bug": "玩家-疾斗技能1-小陀螺"
    },
    "1015101": {
        "id": 1015101,
        "type": -1,
        "name": "玩家-疾斗技能1-小陀螺烟雾",
        "num": -1,
        "time": -1,
        "continue_time": 5000,
        "displacement_speed": [0.35,0],
        "displacement_acceleration": [0.001,0],
        "acceleration_time": 1000,
        "end_pos": [-1],
        "_bug": "玩家-疾斗技能1-小陀螺烟雾"
    },
    "1019100": {
        "id": 1019100,
        "type": -1,
        "name": "玩家-杰诺技能1-龙波",
        "num": -1,
        "time": -1,
        "continue_time": 5000,
        "displacement_speed": [0.45,0],
        "displacement_acceleration": [0.001,0],
        "acceleration_time": 1000,
        "end_pos": [-1],
        "_bug": "玩家-杰诺技能1-龙波"
    },
    "1019101": {
        "id": 1019101,
        "type": -1,
        "name": "玩家-杰诺技能1-烟雾",
        "num": -1,
        "time": -1,
        "continue_time": 5000,
        "displacement_speed": [0.55,0],
        "displacement_acceleration": [0.001,0],
        "acceleration_time": 1000,
        "end_pos": [-1],
        "_bug": "玩家-杰诺技能1-烟雾"
    },
    "1019100": {
        "id": 1019100,
        "type": -1,
        "name": "玩家-杰诺技能1-龙波",
        "num": -1,
        "time": -1,
        "continue_time": 5000,
        "displacement_speed": [0.45,0],
        "displacement_acceleration": [0.001,0],
        "acceleration_time": 1000,
        "end_pos": [-1],
        "_bug": "玩家-杰诺技能1-龙波"
    },
    "1019101": {
        "id": 1019101,
        "type": -1,
        "name": "玩家-杰诺技能1-烟雾",
        "num": -1,
        "time": -1,
        "continue_time": 5000,
        "displacement_speed": [0.55,0],
        "displacement_acceleration": [0.001,0],
        "acceleration_time": 1000,
        "end_pos": [-1],
        "_bug": "玩家-杰诺技能1-烟雾"
    },
    "1019100": {
        "id": 1019100,
        "type": -1,
        "name": "玩家-杰诺技能1-龙波",
        "num": -1,
        "time": -1,
        "continue_time": 5000,
        "displacement_speed": [0.45,0],
        "displacement_acceleration": [0.001,0],
        "acceleration_time": 1000,
        "end_pos": [-1],
        "_bug": "玩家-杰诺技能1-龙波"
    },
    "1019101": {
        "id": 1019101,
        "type": -1,
        "name": "玩家-杰诺技能1-烟雾",
        "num": -1,
        "time": -1,
        "continue_time": 5000,
        "displacement_speed": [0.55,0],
        "displacement_acceleration": [0.001,0],
        "acceleration_time": 1000,
        "end_pos": [-1],
        "_bug": "玩家-杰诺技能1-烟雾"
    },
    "1019100": {
        "id": 1019100,
        "type": -1,
        "name": "玩家-杰诺技能1-龙波",
        "num": -1,
        "time": -1,
        "continue_time": 5000,
        "displacement_speed": [0.45,0],
        "displacement_acceleration": [0.001,0],
        "acceleration_time": 1000,
        "end_pos": [-1],
        "_bug": "玩家-杰诺技能1-龙波"
    },
    "1019101": {
        "id": 1019101,
        "type": -1,
        "name": "玩家-杰诺技能1-烟雾",
        "num": -1,
        "time": -1,
        "continue_time": 5000,
        "displacement_speed": [0.55,0],
        "displacement_acceleration": [0.001,0],
        "acceleration_time": 1000,
        "end_pos": [-1],
        "_bug": "玩家-杰诺技能1-烟雾"
    },
    "1020100": {
        "id": 1020100,
        "type": -1,
        "name": "玩家-柯特技能1-蝴蝶",
        "num": -1,
        "time": -1,
        "continue_time": 5000,
        "displacement_speed": [0.25,0],
        "displacement_acceleration": [0.001,0],
        "acceleration_time": 200,
        "end_pos": [-1],
        "_bug": "玩家-柯特技能1-蝴蝶"
    },
    "1020101": {
        "id": 1020101,
        "type": -1,
        "name": "玩家-柯特技能1-蝴蝶2",
        "num": -1,
        "time": -1,
        "continue_time": 5000,
        "displacement_speed": [0.25,0],
        "displacement_acceleration": [0.001,0],
        "acceleration_time": 200,
        "end_pos": [-1],
        "_bug": "玩家-柯特技能1-蝴蝶2"
    },
    "1022100": {
        "id": 1022100,
        "type": -1,
        "name": "玩家-狸狈多技能1-地面雷电",
        "num": -1,
        "time": -1,
        "continue_time": 5000,
        "displacement_speed": [0.45,0],
        "displacement_acceleration": [0.001,0],
        "acceleration_time": 1000,
        "end_pos": [-1],
        "_bug": "玩家-狸狈多技能1-地面雷电"
    },
    "1024100": {
        "id": 1024100,
        "type": -1,
        "name": "玩家-门琪技能1-回旋飞刀",
        "num": -1,
        "time": -1,
        "continue_time": 5000,
        "displacement_speed": [0.45,0],
        "displacement_acceleration": [0.005,0],
        "acceleration_time": 1000,
        "end_pos": [-1],
        "_bug": "玩家-门琪技能1-回旋飞刀"
    },
    "1025100": {
        "id": 1025100,
        "type": -1,
        "name": "玩家-迷稽技能1-遥控炸弹1",
        "num": -1,
        "time": -1,
        "continue_time": 5000,
        "displacement_speed": [0.25,0],
        "displacement_acceleration": [0.001,0],
        "acceleration_time": 1000,
        "end_pos": [-1],
        "_bug": "玩家-迷稽技能1-遥控炸弹1"
    },
    "1025101": {
        "id": 1025101,
        "type": -1,
        "name": "玩家-迷稽技能1-遥控炸弹2",
        "num": -1,
        "time": -1,
        "continue_time": 5000,
        "displacement_speed": [0.25,0],
        "displacement_acceleration": [0.001,0],
        "acceleration_time": 1000,
        "end_pos": [-1],
        "_bug": "玩家-迷稽技能1-遥控炸弹2"
    },
    "1026100": {
        "id": 1026100,
        "type": -1,
        "name": "玩家-派克技能1-子弹",
        "num": -1,
        "time": -1,
        "continue_time": 5000,
        "displacement_speed": [0.35,0],
        "displacement_acceleration": [0.002,0],
        "acceleration_time": 1000,
        "end_pos": [-1],
        "_bug": "玩家-派克技能1-子弹"
    },
    "1029100": {
        "id": 1029100,
        "type": -1,
        "name": "玩家-云古技能1-念力波",
        "num": -1,
        "time": -1,
        "continue_time": 5000,
        "displacement_speed": [0.35,0],
        "displacement_acceleration": [0.002,0],
        "acceleration_time": 1000,
        "end_pos": [-1],
        "_bug": "玩家-派克技能1-子弹"
    },
    "1031100": {
        "id": 1031100,
        "type": -1,
        "name": "玩家-雷欧力技能1-飞刀1",
        "num": -1,
        "time": -1,
        "continue_time": 5000,
        "displacement_speed": [0.35,0],
        "displacement_acceleration": [0.005,0],
        "acceleration_time": 1000,
        "end_pos": [-1],
        "_bug": "玩家-雷欧力技能1-飞刀1"
    },
    "1031101": {
        "id": 1031101,
        "type": -1,
        "name": "玩家-雷欧力技能1-飞刀2",
        "num": -1,
        "time": -1,
        "continue_time": 5000,
        "displacement_speed": [0.35,0],
        "displacement_acceleration": [0.005,0],
        "acceleration_time": 1000,
        "end_pos": [-1],
        "_bug": "玩家-雷欧力技能1-飞刀2"
    },
    "1031102": {
        "id": 1031102,
        "type": -1,
        "name": "玩家-雷欧力技能1-飞刀3",
        "num": -1,
        "time": -1,
        "continue_time": 5000,
        "displacement_speed": [0.35,0],
        "displacement_acceleration": [0.005,0],
        "acceleration_time": 1000,
        "end_pos": [-1],
        "_bug": "玩家-雷欧力技能1-飞刀3"
    },
    "1033100": {
        "id": 1033100,
        "type": -1,
        "name": "玩家-西索技能1-飞牌",
        "num": -1,
        "time": -1,
        "continue_time": 5000,
        "displacement_speed": [0.35,0],
        "displacement_acceleration": [0.005,0],
        "acceleration_time": 1000,
        "end_pos": [-1],
        "_bug": "玩家-西索技能1-飞牌"
    },
    "1032100": {
        "id": 1032100,
        "type": -1,
        "name": "玩家-小杰技能1-水球",
        "num": -1,
        "time": -1,
        "continue_time": 5000,
        "displacement_speed": [0.35,0],
        "displacement_acceleration": [0.005,0],
        "acceleration_time": 1000,
        "end_pos": [-1],
        "_bug": "玩家-小杰技能1-水球"
    },
    "1035101": {
        "id": 1035101,
        "type": -1,
        "name": "玩家-会长技能1-连续推掌1",
        "num": -1,
        "time": -1,
        "continue_time": 5000,
        "displacement_speed": [0.35,0],
        "displacement_acceleration": [0.005,0],
        "acceleration_time": 1000,
        "end_pos": [-1],
        "_bug": "玩家-会长技能1-连续推掌1"
    },
    "1035102": {
        "id": 1035102,
        "type": -1,
        "name": "玩家-会长技能1-连续推掌2",
        "num": -1,
        "time": -1,
        "continue_time": 5000,
        "displacement_speed": [0.35,0],
        "displacement_acceleration": [0.005,0],
        "acceleration_time": 1000,
        "end_pos": [-1],
        "_bug": "玩家-会长技能1-连续推掌2"
    },
    "1035103": {
        "id": 1035103,
        "type": -1,
        "name": "玩家-会长技能1-连续推掌3",
        "num": -1,
        "time": -1,
        "continue_time": 5000,
        "displacement_speed": [0.35,0],
        "displacement_acceleration": [0.005,0],
        "acceleration_time": 1000,
        "end_pos": [-1],
        "_bug": "玩家-会长技能1-连续推掌3"
    },
    "1035104": {
        "id": 1035104,
        "type": -1,
        "name": "玩家-会长技能1-连续推掌4",
        "num": -1,
        "time": -1,
        "continue_time": 5000,
        "displacement_speed": [0.35,0],
        "displacement_acceleration": [0.005,0],
        "acceleration_time": 1000,
        "end_pos": [-1],
        "_bug": "玩家-会长技能1-连续推掌4"
    },
    "1035105": {
        "id": 1035105,
        "type": -1,
        "name": "玩家-会长技能1-连续推掌5",
        "num": -1,
        "time": -1,
        "continue_time": 5000,
        "displacement_speed": [0.35,0],
        "displacement_acceleration": [0.005,0],
        "acceleration_time": 1000,
        "end_pos": [-1],
        "_bug": "玩家-会长技能1-连续推掌5"
    },
    "1037100": {
        "id": 1037100,
        "type": -1,
        "name": "玩家-磊扎技能1-飞行排球",
        "num": -1,
        "time": -1,
        "continue_time": 5000,
        "displacement_speed": [0.35,0],
        "displacement_acceleration": [0.005,0],
        "acceleration_time": 1000,
        "end_pos": [-1],
        "_bug": "玩家-磊扎技能1-飞行排球"
    },
    "1040100": {
        "id": 1040100,
        "type": -1,
        "name": "玩家-比斯吉技能1-能量弹1",
        "num": -1,
        "time": -1,
        "continue_time": 5000,
        "displacement_speed": [0.35,0],
        "displacement_acceleration": [0.005,0],
        "acceleration_time": 1000,
        "end_pos": [-1],
        "_bug": "玩家-比斯吉技能1-能量弹1"
    },
    "1041100": {
        "id": 1041100,
        "type": -1,
        "name": "玩家-炸弹魔技能1-炸弹1",
        "num": -1,
        "time": -1,
        "continue_time": 5000,
        "displacement_speed": [0.15,0],
        "displacement_acceleration": [0.001,0],
        "acceleration_time": 1000,
        "end_pos": [-1],
        "_bug": "玩家-炸弹魔技能1-炸弹1"
    },
    "1100100": {
        "id": 1100100,
        "type": -1,
        "name": "怪物-纵火犯技能1",
        "num": -1,
        "time": -1,
        "continue_time": 5000,
        "displacement_speed": [0.15,0],
        "displacement_acceleration": [0.001,0],
        "acceleration_time": 500,
        "end_pos": [-1],
        "_bug": "怪物-纵火犯技能1"
    },
    "1101100": {
        "id": 1101100,
        "type": -1,
        "name": "怪物-诈骗犯技能1",
        "num": -1,
        "time": -1,
        "continue_time": 5000,
        "displacement_speed": [0.15,0],
        "displacement_acceleration": [0.001,0],
        "acceleration_time": 500,
        "end_pos": [-1],
        "_bug": "怪物-诈骗犯技能1"
    },
    "1102100": {
        "id": 1102100,
        "type": -1,
        "name": "怪物-蘑菇技能1-炸弹1",
        "num": -1,
        "time": -1,
        "continue_time": 5000,
        "displacement_speed": [0.15,0],
        "displacement_acceleration": [0.001,0],
        "acceleration_time": 500,
        "end_pos": [-1],
        "_bug": "怪物-蘑菇技能1-炸弹1"
    },
    "1102101": {
        "id": 1102101,
        "type": -1,
        "name": "怪物-蘑菇技能1-炸弹2",
        "num": -1,
        "time": -1,
        "continue_time": 5000,
        "displacement_speed": [0.15,0],
        "displacement_acceleration": [0.001,0],
        "acceleration_time": 500,
        "end_pos": [-1],
        "_bug": "怪物-蘑菇技能1-炸弹2"
    },
    "1104100": {
        "id": 1104100,
        "type": -1,
        "name": "怪物-乌鸦技能1-残影",
        "num": -1,
        "time": -1,
        "continue_time": 5000,
        "displacement_speed": [0.55,0],
        "displacement_acceleration": [0.005,0],
        "acceleration_time": 1000,
        "end_pos": [-1],
        "_bug": "怪物-乌鸦技能1-残影"
    },
    "1104210": {
        "id": 1104210,
        "type": -1,
        "name": "怪物-乌鸦技能1-烟雾1",
        "num": -1,
        "time": -1,
        "continue_time": 5000,
        "displacement_speed": [0.15,0],
        "displacement_acceleration": [0.003,0],
        "acceleration_time": 1000,
        "end_pos": [-1],
        "_bug": "怪物-乌鸦技能1-烟雾1"
    },
    "1105100": {
        "id": 1105100,
        "type": -1,
        "name": "怪物-木头技能1-攻击",
        "num": -1,
        "time": -1,
        "continue_time": 5000,
        "displacement_speed": [0.25,0],
        "displacement_acceleration": [0.001,0],
        "acceleration_time": 500,
        "end_pos": [-1],
        "_bug": "怪物-木头技能1-攻击"
    },
    "1106100": {
        "id": 1106100,
        "type": -1,
        "name": "怪物-复仇者技能1-攻击",
        "num": -1,
        "time": -1,
        "continue_time": 5000,
        "displacement_speed": [0.35,0],
        "displacement_acceleration": [0.005,0],
        "acceleration_time": 1000,
        "end_pos": [-1],
        "_bug": "怪物-复仇者技能1-攻击"
    },
    "1107100": {
        "id": 1107100,
        "type": -1,
        "name": "怪物-黑衣人技能1-硬币",
        "num": -1,
        "time": -1,
        "continue_time": 5000,
        "displacement_speed": [0.35,0],
        "displacement_acceleration": [0.005,0],
        "acceleration_time": 1000,
        "end_pos": [-1],
        "_bug": "怪物-黑衣人技能1-硬币"
    },
    "1108100": {
        "id": 1108100,
        "type": -1,
        "name": "怪物-武道家技能1-气功波",
        "num": -1,
        "time": -1,
        "continue_time": 5000,
        "displacement_speed": [0.35,0],
        "displacement_acceleration": [0.005,0],
        "acceleration_time": 1000,
        "end_pos": [-1],
        "_bug": "怪物-武道家技能1-气功波"
    },
    "1117100": {
        "id": 1117100,
        "type": -1,
        "name": "怪物-豪猪技能1-飞刺攻击1",
        "num": -1,
        "time": -1,
        "continue_time": 5000,
        "displacement_speed": [0.25,0],
        "displacement_acceleration": [0.0075,0],
        "acceleration_time": 1000,
        "end_pos": [-1],
        "_bug": "怪物-豪猪技能1-飞刺攻击1"
    },
    "1055101": {
        "id": 1055101,
        "type": -1,
        "name": "玩家-庞姆技能1-飞刀",
        "num": -1,
        "time": -1,
        "continue_time": 5000,
        "displacement_speed": [0.35,0],
        "displacement_acceleration": [0.005,0],
        "acceleration_time": 1000,
        "end_pos": [-1],
        "_bug": "玩家-庞姆技能1-飞刀"
    }}
