{
    "1": {
        "index": 1,
        "trigger_type": 1,
        "trigger_condition": 15,
        "reward_goods": [20002,20004,20001],
        "reward_count": [100,3,30000],
        "des": "15级"
    },
    "2": {
        "index": 2,
        "trigger_type": 1,
        "trigger_condition": 25,
        "reward_goods": [20002,20004,20001],
        "reward_count": [100,3,30000],
        "des": "25级"
    },
    "3": {
        "index": 3,
        "trigger_type": 1,
        "trigger_condition": 30,
        "reward_goods": [20002,20004,20001],
        "reward_count": [100,3,30000],
        "des": "30级"
    },
    "4": {
        "index": 4,
        "trigger_type": 1,
        "trigger_condition": 40,
        "reward_goods": [20002,20004,20001],
        "reward_count": [100,3,30000],
        "des": "40级"
    },
    "5": {
        "index": 5,
        "trigger_type": 1,
        "trigger_condition": 50,
        "reward_goods": [20002,20004,20001],
        "reward_count": [100,3,30000],
        "des": "50级"
    },
    "6": {
        "index": 6,
        "trigger_type": 1,
        "trigger_condition": 55,
        "reward_goods": [20002,20004,20001],
        "reward_count": [100,3,30000],
        "des": "55级"
    },
    "7": {
        "index": 7,
        "trigger_type": 1,
        "trigger_condition": 60,
        "reward_goods": [20002,20004,20001],
        "reward_count": [100,3,30000],
        "des": "60级"
    },
    "8": {
        "index": 8,
        "trigger_type": 1,
        "trigger_condition": 65,
        "reward_goods": [20002,20004,20001],
        "reward_count": [100,3,30000],
        "des": "65级"
    },
    "9": {
        "index": 9,
        "trigger_type": 1,
        "trigger_condition": 70,
        "reward_goods": [20002,20004,20001],
        "reward_count": [100,3,30000],
        "des": "70级"
    },
    "10": {
        "index": 10,
        "trigger_type": 1,
        "trigger_condition": 75,
        "reward_goods": [20002,20004,20001],
        "reward_count": [100,3,30000],
        "des": "75级"
    },
    "11": {
        "index": 11,
        "trigger_type": 1,
        "trigger_condition": 80,
        "reward_goods": [20002,20004,20001],
        "reward_count": [100,3,30000],
        "des": "80级"
    },
    "12": {
        "index": 12,
        "trigger_type": 2,
        "trigger_condition": 3,
        "reward_goods": [20002,20004,20001],
        "reward_count": [100,3,30000],
        "des": "V3"
    },
    "13": {
        "index": 13,
        "trigger_type": 2,
        "trigger_condition": 5,
        "reward_goods": [20002,20004,20001],
        "reward_count": [100,3,30000],
        "des": "V5"
    },
    "14": {
        "index": 14,
        "trigger_type": 2,
        "trigger_condition": 7,
        "reward_goods": [20002,20004,20001],
        "reward_count": [100,3,30000],
        "des": "V7"
    },
    "15": {
        "index": 15,
        "trigger_type": 2,
        "trigger_condition": 8,
        "reward_goods": [20002,20004,20001],
        "reward_count": [100,3,30000],
        "des": "V8"
    },
    "16": {
        "index": 16,
        "trigger_type": 2,
        "trigger_condition": 9,
        "reward_goods": [20002,20004,20001],
        "reward_count": [100,3,30000],
        "des": "V9"
    },
    "17": {
        "index": 17,
        "trigger_type": 2,
        "trigger_condition": 10,
        "reward_goods": [20002,20004,20001],
        "reward_count": [100,3,30000],
        "des": "V10"
    },
    "18": {
        "index": 18,
        "trigger_type": 2,
        "trigger_condition": 11,
        "reward_goods": [20002,20004,20001],
        "reward_count": [100,3,30000],
        "des": "V11"
    },
    "19": {
        "index": 19,
        "trigger_type": 2,
        "trigger_condition": 12,
        "reward_goods": [20002,20004,20001],
        "reward_count": [100,3,30000],
        "des": "V12"
    },
    "20": {
        "index": 20,
        "trigger_type": 2,
        "trigger_condition": 13,
        "reward_goods": [20002,20004,20001],
        "reward_count": [100,3,30000],
        "des": "V13"
    },
    "21": {
        "index": 21,
        "trigger_type": 2,
        "trigger_condition": 14,
        "reward_goods": [20002,20004,20001],
        "reward_count": [100,3,30000],
        "des": "V14"
    },
    "22": {
        "index": 22,
        "trigger_type": 2,
        "trigger_condition": 15,
        "reward_goods": [20002,20004,20001],
        "reward_count": [100,3,30000],
        "des": "V15"
    },
    "23": {
        "index": 23,
        "trigger_type": 3,
        "trigger_condition": 8,
        "reward_goods": [20002,20004,20001],
        "reward_count": [100,3,30000],
        "des": "获得8个武将"
    },
    "24": {
        "index": 24,
        "trigger_type": 3,
        "trigger_condition": 10,
        "reward_goods": [20002,20004,20001],
        "reward_count": [100,3,30000],
        "des": "获得10个武将"
    },
    "25": {
        "index": 25,
        "trigger_type": 3,
        "trigger_condition": 15,
        "reward_goods": [20002,20004,20001],
        "reward_count": [100,3,30000],
        "des": "获得15个武将"
    },
    "26": {
        "index": 26,
        "trigger_type": 3,
        "trigger_condition": 20,
        "reward_goods": [20002,20004,20001],
        "reward_count": [100,3,30000],
        "des": "获得20个武将"
    },
    "27": {
        "index": 27,
        "trigger_type": 4,
        "trigger_condition": 5,
        "reward_goods": [20002,20004,20001],
        "reward_count": [100,3,30000],
        "des": "第一次刻到五行"
    },
    "28": {
        "index": 28,
        "trigger_type": 4,
        "trigger_condition": 8,
        "reward_goods": [20002,20004,20001],
        "reward_count": [100,3,30000],
        "des": "八卦"
    },
    "29": {
        "index": 29,
        "trigger_type": 4,
        "trigger_condition": 10,
        "reward_goods": [20002,20004,20001],
        "reward_count": [100,3,30000],
        "des": "十方"
    },
    "30": {
        "index": 30,
        "trigger_type": 5,
        "trigger_condition": 8,
        "reward_goods": [20002,20004,20001],
        "reward_count": [100,3,30000],
        "des": "第一次锻造到蓝+3"
    },
    "31": {
        "index": 31,
        "trigger_type": 5,
        "trigger_condition": 12,
        "reward_goods": [20002,20004,20001],
        "reward_count": [100,3,30000],
        "des": "紫+3"
    },
    "32": {
        "index": 32,
        "trigger_type": 5,
        "trigger_condition": 13,
        "reward_goods": [20002,20004,20001],
        "reward_count": [100,3,30000],
        "des": "紫+4"
    }}
