{
    "130001": {
        "id": 130001,
        "name": "碎片礼盒",
        "quality": 4,
        "price": 0,
        "drop_count": 1,
        "drop_time": 5,
        "overdue_time": "",
        "is_lost": 0,
        "rand_items": [80000],
        "rand_power": [1],
        "is_first": 0,
        "is_will": 0,
        "rand_count": 1,
        "is_bag_rule": 0,
        "des": "开启后可随机获得猎人碎片1个",
        "extrac": "开启后可随机获得猎人碎片1个",
        "path": "item_putongsuipian_png",
        "path_big": "",
        "red_tips": 1,
        "use_tips": 1,
        "fruit_id": ""
    },
    "130002": {
        "id": 130002,
        "name": "高级碎片礼盒",
        "quality": 5,
        "price": 0,
        "drop_count": 1,
        "drop_time": 5,
        "overdue_time": "",
        "is_lost": 0,
        "rand_items": [80010],
        "rand_power": [1],
        "is_first": 0,
        "is_will": 0,
        "rand_count": 1,
        "is_bag_rule": 0,
        "des": "开启后可获得A级品质以上猎人碎片1个",
        "extrac": "开启后可获得A级品质以上猎人碎片1个",
        "path": "item_gaojisuipian_png",
        "path_big": "",
        "red_tips": 1,
        "use_tips": 1,
        "fruit_id": ""
    },
    "130003": {
        "id": 130003,
        "name": "公会分队碎片礼盒",
        "quality": 5,
        "price": 0,
        "drop_count": 1,
        "drop_time": 5,
        "overdue_time": "",
        "is_lost": 0,
        "rand_items": [130003],
        "rand_power": [1],
        "is_first": 0,
        "is_will": 0,
        "rand_count": 1,
        "is_bag_rule": 0,
        "des": "开启后可在尼特罗、云古、萨次的猎人碎片中随机获取1个",
        "extrac": "开启后可在尼特罗、云古、萨次的猎人碎片中随机获取1个",
        "path": "item_gonghuisuipian_png",
        "path_big": "",
        "red_tips": 1,
        "use_tips": 1,
        "fruit_id": ""
    },
    "130004": {
        "id": 130004,
        "name": "旅团分队碎片礼盒",
        "quality": 5,
        "price": 0,
        "drop_count": 1,
        "drop_time": 5,
        "overdue_time": "",
        "is_lost": 0,
        "rand_items": [130004],
        "rand_power": [1],
        "is_first": 0,
        "is_will": 0,
        "rand_count": 1,
        "is_bag_rule": 0,
        "des": "开启后可在西索、库哔、剥落裂夫的猎人碎片中随机获取1个",
        "extrac": "开启后可在西索、库哔、剥落裂夫的猎人碎片中随机获取1个",
        "path": "item_lvtuansuipian_png",
        "path_big": "",
        "red_tips": 1,
        "use_tips": 1,
        "fruit_id": ""
    },
    "130005": {
        "id": 130005,
        "name": "杀手分队碎片礼盒",
        "quality": 5,
        "price": 0,
        "drop_count": 1,
        "drop_time": 5,
        "overdue_time": "",
        "is_lost": 0,
        "rand_items": [130005],
        "rand_power": [1],
        "is_first": 0,
        "is_will": 0,
        "rand_count": 1,
        "is_bag_rule": 0,
        "des": "开启后可在伊尔谜、凯特、糜稽的猎人碎片中随机获取1个",
        "extrac": "开启后可在伊尔谜、柯特、糜稽的猎人碎片中随机获取1个",
        "path": "item_shashousuipian_png",
        "path_big": "",
        "red_tips": 1,
        "use_tips": 1,
        "fruit_id": ""
    },
    "130006": {
        "id": 130006,
        "name": "蚁王分队碎片礼盒",
        "quality": 5,
        "price": 0,
        "drop_count": 1,
        "drop_time": 5,
        "overdue_time": "",
        "is_lost": 0,
        "rand_items": [130006],
        "rand_power": [1],
        "is_first": 0,
        "is_will": 0,
        "rand_count": 1,
        "is_bag_rule": 0,
        "des": "开启后可在王、庞姆、疾斗的猎人碎片中随机获取1个",
        "extrac": "开启后可在王、庞姆、疾斗的猎人碎片中随机获取1个",
        "path": "item_yiwangsuipian_png",
        "path_big": "",
        "red_tips": 1,
        "use_tips": 1,
        "fruit_id": ""
    },
    "130007": {
        "id": 130007,
        "name": "十二地支碎片礼盒",
        "quality": 5,
        "price": 0,
        "drop_count": 1,
        "drop_time": 5,
        "overdue_time": "",
        "is_lost": 0,
        "rand_items": [130007],
        "rand_power": [1],
        "is_first": 0,
        "is_will": 0,
        "rand_count": 1,
        "is_bag_rule": 0,
        "des": "开启后可在帕里斯通、侠客、东巴的猎人碎片中随机获取1个",
        "extrac": "开启后可在帕里斯通、侠客、东巴的猎人碎片中随机获取1个",
        "path": "item_shierzhisuipian_png",
        "path_big": "",
        "red_tips": 1,
        "use_tips": 1,
        "fruit_id": ""
    },
    "130101": {
        "id": 130101,
        "name": "高级Boss宝箱",
        "quality": 5,
        "price": 0,
        "drop_count": 1,
        "drop_time": 5,
        "overdue_time": "",
        "is_lost": 0,
        "rand_items": [91001,91002,91003],
        "rand_power": [1,1,1],
        "is_first": 0,
        "is_will": 0,
        "rand_count": 3,
        "is_bag_rule": 0,
        "des": "挑战世界Boss获得的宝箱，开启后有可能获得荣誉卡包、高级卡包、钻石、稀有果子等奖励。",
        "extrac": "参与世界BOSS活动可获得",
        "path": "item_shijiebaoxiang_png",
        "path_big": "",
        "red_tips": 1,
        "use_tips": 1,
        "fruit_id": ""
    },
    "130102": {
        "id": 130102,
        "name": "Boss宝箱",
        "quality": 4,
        "price": 0,
        "drop_count": 1,
        "drop_time": 5,
        "overdue_time": "",
        "is_lost": 0,
        "rand_items": [91011,91012],
        "rand_power": [1,1],
        "is_first": 0,
        "is_will": 0,
        "rand_count": 2,
        "is_bag_rule": 0,
        "des": "挑战世界Boss获得的宝箱，开启后有可能获得高级卡包、钻石、稀有果子等奖励。",
        "extrac": "参与世界BOSS活动可获得",
        "path": "item_baoxiang3_png",
        "path_big": "",
        "red_tips": 1,
        "use_tips": 1,
        "fruit_id": ""
    },
    "130103": {
        "id": 130103,
        "name": "跨服格斗宝箱",
        "quality": 5,
        "price": 0,
        "drop_count": 1,
        "drop_time": 5,
        "overdue_time": "",
        "is_lost": 0,
        "rand_items": [91008],
        "rand_power": [1],
        "is_first": 0,
        "is_will": 0,
        "rand_count": 1,
        "is_bag_rule": 0,
        "des": "跨服格斗排名宝箱，开启后有可能获得最多1000钻石的奖励。",
        "extrac": "跨服格斗排名宝箱，开启后有可能获得最多1000钻石的奖励。",
        "path": "item_kuafubaoxiang_png",
        "path_big": "",
        "red_tips": 1,
        "use_tips": 1,
        "fruit_id": ""
    },
    "130104": {
        "id": 130104,
        "name": "公会Boss宝箱",
        "quality": 5,
        "price": 0,
        "drop_count": 1,
        "drop_time": 5,
        "overdue_time": "",
        "is_lost": 0,
        "rand_items": [91008],
        "rand_power": [1],
        "is_first": 0,
        "is_will": 0,
        "rand_count": 1,
        "is_bag_rule": 0,
        "des": "挑战公会Boss获得的宝箱",
        "extrac": "挑战公会Boss获得的宝箱",
        "path": "item_gonghuibaoxiang_png",
        "path_big": "",
        "red_tips": 1,
        "use_tips": 1,
        "fruit_id": ""
    },
    "130105": {
        "id": 130105,
        "name": "最后一击宝箱",
        "quality": 5,
        "price": 0,
        "drop_count": 1,
        "drop_time": 5,
        "overdue_time": "",
        "is_lost": 0,
        "rand_items": [92001,92002,92003],
        "rand_power": [1,1,1],
        "is_first": 0,
        "is_will": 0,
        "rand_count": 3,
        "is_bag_rule": 0,
        "des": "世界BOSS最后一击的奖励，开启可获得钻石*200，高级卡包*1，金币*10万",
        "extrac": "世界BOSS最后一击的奖励，开启可获得钻石*200，高级卡包*1，金币*10万",
        "path": "item_suipianhezi2_png",
        "path_big": "",
        "red_tips": 1,
        "use_tips": 1,
        "fruit_id": ""
    },
    "130201": {
        "id": 130201,
        "name": "盗贼的包裹",
        "quality": 4,
        "price": 0,
        "drop_count": 1,
        "drop_time": 5,
        "overdue_time": "",
        "is_lost": 0,
        "rand_items": [71200],
        "rand_power": [1],
        "is_first": 0,
        "is_will": 0,
        "rand_count": 1,
        "is_bag_rule": 0,
        "des": "盗贼遗落的包裹，里面装着一些资源。",
        "extrac": "盗贼遗落的包裹，里面装着一些资源。",
        "path": "item_daozeibaoguo_png",
        "path_big": "",
        "red_tips": 1,
        "use_tips": 1,
        "fruit_id": ""
    },
    "130202": {
        "id": 130202,
        "name": "首领的皮包",
        "quality": 5,
        "price": 0,
        "drop_count": 1,
        "drop_time": 5,
        "overdue_time": "",
        "is_lost": 0,
        "rand_items": [71201,71202],
        "rand_power": [1,1],
        "is_first": 0,
        "is_will": 0,
        "rand_count": 2,
        "is_bag_rule": 0,
        "des": "盗贼首领的皮包，里面似乎装着不少好东西。",
        "extrac": "盗贼首领的皮包，里面似乎装着不少好东西。",
        "path": "item_daozeipibao_png",
        "path_big": "",
        "red_tips": 1,
        "use_tips": 1,
        "fruit_id": ""
    },
    "130203": {
        "id": 130203,
        "name": "恶魔口袋",
        "quality": 5,
        "price": 0,
        "drop_count": 1,
        "drop_time": 5,
        "overdue_time": "",
        "is_lost": 0,
        "rand_items": [71203],
        "rand_power": [1],
        "is_first": 0,
        "is_will": 0,
        "rand_count": 1,
        "is_bag_rule": 0,
        "des": "被恶魔诅咒的口袋，有机会开出宠物碎片、宠物进化石、高级人偶碎片、突破芯片等稀有物品",
        "extrac": "被恶魔诅咒的口袋，有机会开出宠物碎片、宠物进化石、高级人偶碎片、突破芯片等稀有物品",
        "path": "item_emokoudai_png",
        "path_big": "",
        "red_tips": 1,
        "use_tips": 1,
        "fruit_id": ""
    },
    "130301": {
        "id": 130301,
        "name": "公会购物礼盒",
        "quality": 4,
        "price": 0,
        "drop_count": 1,
        "drop_time": 5,
        "overdue_time": "",
        "is_lost": 0,
        "rand_items": [72101,72102,72103],
        "rand_power": [1,1,1],
        "is_first": 0,
        "is_will": 0,
        "rand_count": 3,
        "is_bag_rule": 0,
        "des": "公会成员购买礼包时送给全体成员的福利",
        "extrac": "公会成员购买礼包时送给全体成员的福利",
        "path": "item_lihe1_png",
        "path_big": "",
        "red_tips": 1,
        "use_tips": 1,
        "fruit_id": ""
    },
    "130302": {
        "id": 130302,
        "name": "暂无",
        "quality": 4,
        "price": 0,
        "drop_count": 1,
        "drop_time": 5,
        "overdue_time": "",
        "is_lost": 0,
        "rand_items": [71201,71202],
        "rand_power": [1,1],
        "is_first": 0,
        "is_will": 0,
        "rand_count": 2,
        "is_bag_rule": 0,
        "des": "公会成员购买礼包时送给全体成员的福利",
        "extrac": "公会成员购买礼包时送给全体成员的福利",
        "path": "item_lihe2_png",
        "path_big": "",
        "red_tips": 1,
        "use_tips": 1,
        "fruit_id": ""
    },
    "130303": {
        "id": 130303,
        "name": "公会购物礼盒(大）",
        "quality": 4,
        "price": 0,
        "drop_count": 1,
        "drop_time": 5,
        "overdue_time": "",
        "is_lost": 0,
        "rand_items": [72201,72202,72203],
        "rand_power": [1,1,1],
        "is_first": 0,
        "is_will": 0,
        "rand_count": 3,
        "is_bag_rule": 0,
        "des": "公会成员购买礼包时送给全体成员的福利",
        "extrac": "公会成员购买礼包时送给全体成员的福利",
        "path": "item_lihe3_png",
        "path_big": "",
        "red_tips": 1,
        "use_tips": 1,
        "fruit_id": ""
    },
    "131001": {
        "id": 131001,
        "name": "1号红色果实",
        "quality": 4,
        "price": 0,
        "drop_count": 1,
        "drop_time": 5,
        "overdue_time": "",
        "is_lost": 0,
        "rand_items": [80000],
        "rand_power": [80000],
        "is_first": 0,
        "is_will": 0,
        "rand_count": 1,
        "is_bag_rule": 0,
        "des": "1号红色果实，采集红果灌木可得，用于果实兑换和双色果玩法。",
        "extrac": "1号红色果实，采集红果灌木可得，用于果实兑换和双色果玩法。",
        "path": "ui_exchange_IconFuritType1_png",
        "path_big": "",
        "red_tips": 0,
        "use_tips": 0,
        "fruit_id": "1"
    },
    "131002": {
        "id": 131002,
        "name": "2号红色果实",
        "quality": 4,
        "price": 0,
        "drop_count": 1,
        "drop_time": 5,
        "overdue_time": "",
        "is_lost": 0,
        "rand_items": [80000],
        "rand_power": [80000],
        "is_first": 0,
        "is_will": 0,
        "rand_count": 1,
        "is_bag_rule": 0,
        "des": "2号红色果实，采集红果灌木可得，用于果实兑换和双色果玩法。",
        "extrac": "2号红色果实，采集红果灌木可得，用于果实兑换和双色果玩法。",
        "path": "ui_exchange_IconFuritType1_png",
        "path_big": "",
        "red_tips": 0,
        "use_tips": 0,
        "fruit_id": "2"
    },
    "131003": {
        "id": 131003,
        "name": "3号红色果实",
        "quality": 4,
        "price": 0,
        "drop_count": 1,
        "drop_time": 5,
        "overdue_time": "",
        "is_lost": 0,
        "rand_items": [80000],
        "rand_power": [80000],
        "is_first": 0,
        "is_will": 0,
        "rand_count": 1,
        "is_bag_rule": 0,
        "des": "3号红色果实，采集红果灌木可得，用于果实兑换和双色果玩法。",
        "extrac": "3号红色果实，采集红果灌木可得，用于果实兑换和双色果玩法。",
        "path": "ui_exchange_IconFuritType1_png",
        "path_big": "",
        "red_tips": 0,
        "use_tips": 0,
        "fruit_id": "3"
    },
    "131101": {
        "id": 131101,
        "name": "1号蓝色果实",
        "quality": 4,
        "price": 0,
        "drop_count": 1,
        "drop_time": 5,
        "overdue_time": "",
        "is_lost": 1,
        "rand_items": [80000],
        "rand_power": [80000],
        "is_first": 0,
        "is_will": 0,
        "rand_count": 1,
        "is_bag_rule": 0,
        "des": "1号蓝色果实，采集蓝果灌木可得，用于果实兑换和双色果玩法，击败玩家有概率被抢夺。",
        "extrac": "1号蓝色果实，采集蓝果灌木可得，用于果实兑换和双色果玩法，击败玩家有概率被抢夺。",
        "path": "ui_exchange_IconFuritType2_png",
        "path_big": "",
        "red_tips": 0,
        "use_tips": 0,
        "fruit_id": "1"
    },
    "131102": {
        "id": 131102,
        "name": "2号蓝色果实",
        "quality": 4,
        "price": 0,
        "drop_count": 1,
        "drop_time": 5,
        "overdue_time": "",
        "is_lost": 1,
        "rand_items": [80000],
        "rand_power": [80000],
        "is_first": 0,
        "is_will": 0,
        "rand_count": 1,
        "is_bag_rule": 0,
        "des": "2号蓝色果实，采集蓝果灌木可得，用于果实兑换和双色果玩法，击败玩家有概率被抢夺。",
        "extrac": "2号蓝色果实，采集蓝果灌木可得，用于果实兑换和双色果玩法，击败玩家有概率被抢夺。",
        "path": "ui_exchange_IconFuritType2_png",
        "path_big": "",
        "red_tips": 0,
        "use_tips": 0,
        "fruit_id": "2"
    },
    "131103": {
        "id": 131103,
        "name": "3号蓝色果实",
        "quality": 4,
        "price": 0,
        "drop_count": 1,
        "drop_time": 5,
        "overdue_time": "",
        "is_lost": 1,
        "rand_items": [80000],
        "rand_power": [80000],
        "is_first": 0,
        "is_will": 0,
        "rand_count": 1,
        "is_bag_rule": 0,
        "des": "3号蓝色果实，采集蓝果灌木可得，用于果实兑换和双色果玩法，击败玩家有概率被抢夺。",
        "extrac": "3号蓝色果实，采集蓝果灌木可得，用于果实兑换和双色果玩法，击败玩家有概率被抢夺。",
        "path": "ui_exchange_IconFuritType2_png",
        "path_big": "",
        "red_tips": 0,
        "use_tips": 0,
        "fruit_id": "3"
    },
    "131104": {
        "id": 131104,
        "name": "4号蓝色果实",
        "quality": 4,
        "price": 0,
        "drop_count": 1,
        "drop_time": 5,
        "overdue_time": "",
        "is_lost": 1,
        "rand_items": [80000],
        "rand_power": [80000],
        "is_first": 0,
        "is_will": 0,
        "rand_count": 1,
        "is_bag_rule": 0,
        "des": "4号蓝色果实，采集蓝果灌木可得，用于果实兑换和双色果玩法，击败玩家有概率被抢夺。",
        "extrac": "4号蓝色果实，采集蓝果灌木可得，用于果实兑换和双色果玩法，击败玩家有概率被抢夺。",
        "path": "ui_exchange_IconFuritType2_png",
        "path_big": "",
        "red_tips": 0,
        "use_tips": 0,
        "fruit_id": "4"
    },
    "131105": {
        "id": 131105,
        "name": "5号蓝色果实",
        "quality": 4,
        "price": 0,
        "drop_count": 1,
        "drop_time": 5,
        "overdue_time": "",
        "is_lost": 1,
        "rand_items": [80000],
        "rand_power": [80000],
        "is_first": 0,
        "is_will": 0,
        "rand_count": 1,
        "is_bag_rule": 0,
        "des": "5号蓝色果实，采集蓝果灌木可得，用于果实兑换和双色果玩法，击败玩家有概率被抢夺。",
        "extrac": "5号蓝色果实，采集蓝果灌木可得，用于果实兑换和双色果玩法，击败玩家有概率被抢夺。",
        "path": "ui_exchange_IconFuritType2_png",
        "path_big": "",
        "red_tips": 0,
        "use_tips": 0,
        "fruit_id": "5"
    },
    "131106": {
        "id": 131106,
        "name": "6号蓝色果实",
        "quality": 4,
        "price": 0,
        "drop_count": 1,
        "drop_time": 5,
        "overdue_time": "",
        "is_lost": 1,
        "rand_items": [80000],
        "rand_power": [80000],
        "is_first": 0,
        "is_will": 0,
        "rand_count": 1,
        "is_bag_rule": 0,
        "des": "6号蓝色果实，采集蓝果灌木可得，用于果实兑换和双色果玩法，击败玩家有概率被抢夺。",
        "extrac": "6号蓝色果实，采集蓝果灌木可得，用于果实兑换和双色果玩法，击败玩家有概率被抢夺。",
        "path": "ui_exchange_IconFuritType2_png",
        "path_big": "",
        "red_tips": 0,
        "use_tips": 0,
        "fruit_id": "6"
    },
    "131107": {
        "id": 131107,
        "name": "7号蓝色果实",
        "quality": 4,
        "price": 0,
        "drop_count": 1,
        "drop_time": 5,
        "overdue_time": "",
        "is_lost": 1,
        "rand_items": [80000],
        "rand_power": [80000],
        "is_first": 0,
        "is_will": 0,
        "rand_count": 1,
        "is_bag_rule": 0,
        "des": "7号蓝色果实，采集蓝果灌木可得，用于果实兑换和双色果玩法，击败玩家有概率被抢夺。",
        "extrac": "7号蓝色果实，采集蓝果灌木可得，用于果实兑换和双色果玩法，击败玩家有概率被抢夺。",
        "path": "ui_exchange_IconFuritType2_png",
        "path_big": "",
        "red_tips": 0,
        "use_tips": 0,
        "fruit_id": "7"
    },
    "131108": {
        "id": 131108,
        "name": "8号蓝色果实",
        "quality": 4,
        "price": 0,
        "drop_count": 1,
        "drop_time": 5,
        "overdue_time": "",
        "is_lost": 1,
        "rand_items": [80000],
        "rand_power": [80000],
        "is_first": 0,
        "is_will": 0,
        "rand_count": 1,
        "is_bag_rule": 0,
        "des": "8号蓝色果实，采集蓝果灌木可得，用于果实兑换和双色果玩法，击败玩家有概率被抢夺。",
        "extrac": "8号蓝色果实，采集蓝果灌木可得，用于果实兑换和双色果玩法，击败玩家有概率被抢夺。",
        "path": "ui_exchange_IconFuritType2_png",
        "path_big": "",
        "red_tips": 0,
        "use_tips": 0,
        "fruit_id": "8"
    },
    "131109": {
        "id": 131109,
        "name": "9号蓝色果实",
        "quality": 4,
        "price": 0,
        "drop_count": 1,
        "drop_time": 5,
        "overdue_time": "",
        "is_lost": 1,
        "rand_items": [80000],
        "rand_power": [80000],
        "is_first": 0,
        "is_will": 0,
        "rand_count": 1,
        "is_bag_rule": 0,
        "des": "9号蓝色果实，采集蓝果灌木可得，用于果实兑换和双色果玩法，击败玩家有概率被抢夺。",
        "extrac": "9号蓝色果实，采集蓝果灌木可得，用于果实兑换和双色果玩法，击败玩家有概率被抢夺。",
        "path": "ui_exchange_IconFuritType2_png",
        "path_big": "",
        "red_tips": 0,
        "use_tips": 0,
        "fruit_id": "9"
    },
    "131110": {
        "id": 131110,
        "name": "10号蓝色果实",
        "quality": 4,
        "price": 0,
        "drop_count": 1,
        "drop_time": 5,
        "overdue_time": "",
        "is_lost": 1,
        "rand_items": [80000],
        "rand_power": [80000],
        "is_first": 0,
        "is_will": 0,
        "rand_count": 1,
        "is_bag_rule": 0,
        "des": "10号蓝色果实，采集蓝果灌木可得，用于果实兑换和双色果玩法，击败玩家有概率被抢夺。",
        "extrac": "10号蓝色果实，采集蓝果灌木可得，用于果实兑换和双色果玩法，击败玩家有概率被抢夺。",
        "path": "ui_exchange_IconFuritType2_png",
        "path_big": "",
        "red_tips": 0,
        "use_tips": 0,
        "fruit_id": "10"
    },
    "131111": {
        "id": 131111,
        "name": "废弃",
        "quality": 4,
        "price": 0,
        "drop_count": 1,
        "drop_time": 5,
        "overdue_time": "",
        "is_lost": 1,
        "rand_items": [80000],
        "rand_power": [80000],
        "is_first": 0,
        "is_will": 0,
        "rand_count": 1,
        "is_bag_rule": 0,
        "des": "蓝色的果实，可在贪婪之岛战斗区域采集，被击败时有概率被抢夺",
        "extrac": "蓝色的果实，可在贪婪之岛战斗区域采集，被击败时有概率被抢夺",
        "path": "ui_exchange_IconFuritType2_png",
        "path_big": "",
        "red_tips": 0,
        "use_tips": 0,
        "fruit_id": "11"
    },
    "131112": {
        "id": 131112,
        "name": "废弃",
        "quality": 4,
        "price": 0,
        "drop_count": 1,
        "drop_time": 5,
        "overdue_time": "",
        "is_lost": 1,
        "rand_items": [80000],
        "rand_power": [80000],
        "is_first": 0,
        "is_will": 0,
        "rand_count": 1,
        "is_bag_rule": 0,
        "des": "蓝色的果实，可在贪婪之岛战斗区域采集，被击败时有概率被抢夺",
        "extrac": "蓝色的果实，可在贪婪之岛战斗区域采集，被击败时有概率被抢夺",
        "path": "ui_exchange_IconFuritType2_png",
        "path_big": "",
        "red_tips": 0,
        "use_tips": 0,
        "fruit_id": "12"
    },
    "131113": {
        "id": 131113,
        "name": "废弃",
        "quality": 4,
        "price": 0,
        "drop_count": 1,
        "drop_time": 5,
        "overdue_time": "",
        "is_lost": 1,
        "rand_items": [80000],
        "rand_power": [80000],
        "is_first": 0,
        "is_will": 0,
        "rand_count": 1,
        "is_bag_rule": 0,
        "des": "蓝色的果实，可在贪婪之岛战斗区域采集，被击败时有概率被抢夺",
        "extrac": "蓝色的果实，可在贪婪之岛战斗区域采集，被击败时有概率被抢夺",
        "path": "ui_exchange_IconFuritType2_png",
        "path_big": "",
        "red_tips": 0,
        "use_tips": 0,
        "fruit_id": "13"
    },
    "131114": {
        "id": 131114,
        "name": "废弃",
        "quality": 4,
        "price": 0,
        "drop_count": 1,
        "drop_time": 5,
        "overdue_time": "",
        "is_lost": 1,
        "rand_items": [80000],
        "rand_power": [80000],
        "is_first": 0,
        "is_will": 0,
        "rand_count": 1,
        "is_bag_rule": 0,
        "des": "蓝色的果实，可在贪婪之岛战斗区域采集，被击败时有概率被抢夺",
        "extrac": "蓝色的果实，可在贪婪之岛战斗区域采集，被击败时有概率被抢夺",
        "path": "ui_exchange_IconFuritType2_png",
        "path_big": "",
        "red_tips": 0,
        "use_tips": 0,
        "fruit_id": "14"
    },
    "131115": {
        "id": 131115,
        "name": "废弃",
        "quality": 4,
        "price": 0,
        "drop_count": 1,
        "drop_time": 5,
        "overdue_time": "",
        "is_lost": 1,
        "rand_items": [80000],
        "rand_power": [80000],
        "is_first": 0,
        "is_will": 0,
        "rand_count": 1,
        "is_bag_rule": 0,
        "des": "蓝色的果实，可在贪婪之岛战斗区域采集，被击败时有概率被抢夺",
        "extrac": "蓝色的果实，可在贪婪之岛战斗区域采集，被击败时有概率被抢夺",
        "path": "ui_exchange_IconFuritType2_png",
        "path_big": "",
        "red_tips": 0,
        "use_tips": 0,
        "fruit_id": "15"
    },
    "131201": {
        "id": 131201,
        "name": "1号紫色果实",
        "quality": 4,
        "price": 0,
        "drop_count": 1,
        "drop_time": 5,
        "overdue_time": "",
        "is_lost": 1,
        "rand_items": [80000],
        "rand_power": [80000],
        "is_first": 0,
        "is_will": 0,
        "rand_count": 1,
        "is_bag_rule": 0,
        "des": "1号紫色果实，采集紫果灌木可得，用于果实兑换玩法，击败玩家有概率被抢夺。",
        "extrac": "1号紫色果实，采集紫果灌木可得，用于果实兑换玩法，击败玩家有概率被抢夺。",
        "path": "ui_exchange_IconFuritType3_png",
        "path_big": "",
        "red_tips": 0,
        "use_tips": 0,
        "fruit_id": "1"
    },
    "131202": {
        "id": 131202,
        "name": "2号紫色果实",
        "quality": 4,
        "price": 0,
        "drop_count": 1,
        "drop_time": 5,
        "overdue_time": "",
        "is_lost": 1,
        "rand_items": [80000],
        "rand_power": [80000],
        "is_first": 0,
        "is_will": 0,
        "rand_count": 1,
        "is_bag_rule": 0,
        "des": "2号紫色果实，采集紫果灌木可得，用于果实兑换玩法，击败玩家有概率被抢夺。",
        "extrac": "2号紫色果实，采集紫果灌木可得，用于果实兑换玩法，击败玩家有概率被抢夺。",
        "path": "ui_exchange_IconFuritType3_png",
        "path_big": "",
        "red_tips": 0,
        "use_tips": 0,
        "fruit_id": "2"
    },
    "131203": {
        "id": 131203,
        "name": "3号紫色果实",
        "quality": 4,
        "price": 0,
        "drop_count": 1,
        "drop_time": 5,
        "overdue_time": "",
        "is_lost": 1,
        "rand_items": [80000],
        "rand_power": [80000],
        "is_first": 0,
        "is_will": 0,
        "rand_count": 1,
        "is_bag_rule": 0,
        "des": "3号紫色果实，采集紫果灌木可得，用于果实兑换玩法，击败玩家有概率被抢夺。",
        "extrac": "3号紫色果实，采集紫果灌木可得，用于果实兑换玩法，击败玩家有概率被抢夺。",
        "path": "ui_exchange_IconFuritType3_png",
        "path_big": "",
        "red_tips": 0,
        "use_tips": 0,
        "fruit_id": "3"
    },
    "131204": {
        "id": 131204,
        "name": "4号紫色果实",
        "quality": 4,
        "price": 0,
        "drop_count": 1,
        "drop_time": 5,
        "overdue_time": "",
        "is_lost": 1,
        "rand_items": [80000],
        "rand_power": [80000],
        "is_first": 0,
        "is_will": 0,
        "rand_count": 1,
        "is_bag_rule": 0,
        "des": "4号紫色果实，采集紫果灌木可得，用于果实兑换玩法，击败玩家有概率被抢夺。",
        "extrac": "4号紫色果实，采集紫果灌木可得，用于果实兑换玩法，击败玩家有概率被抢夺。",
        "path": "ui_exchange_IconFuritType3_png",
        "path_big": "",
        "red_tips": 0,
        "use_tips": 0,
        "fruit_id": "4"
    },
    "138001": {
        "id": 138001,
        "name": "蓝色卡片礼盒",
        "quality": 4,
        "price": 0,
        "drop_count": 1,
        "drop_time": 5,
        "overdue_time": "",
        "is_lost": 0,
        "rand_items": [87209,87208,87207,87206,87205,87204,87203,87202,87201],
        "rand_power": [1,1,1,1,1,1,1,1,1],
        "is_first": 0,
        "is_will": 0,
        "rand_count": 9,
        "is_bag_rule": 0,
        "des": "内含：全套9张蓝色卡片",
        "extrac": "内含：全套9张蓝色卡片",
        "path": "item_lankabox_png",
        "path_big": "",
        "red_tips": 1,
        "use_tips": 1,
        "fruit_id": ""
    },
    "138002": {
        "id": 138002,
        "name": "紫色卡片礼盒",
        "quality": 4,
        "price": 0,
        "drop_count": 1,
        "drop_time": 5,
        "overdue_time": "",
        "is_lost": 0,
        "rand_items": [87306,87305,87304,87303,87302,87301],
        "rand_power": [1,1,1,1,1,1],
        "is_first": 0,
        "is_will": 0,
        "rand_count": 6,
        "is_bag_rule": 0,
        "des": "内含：6系紫色卡片各一张",
        "extrac": "内含：6系紫色卡片各一张",
        "path": "item_zikabox_png",
        "path_big": "",
        "red_tips": 1,
        "use_tips": 1,
        "fruit_id": ""
    },
    "138003": {
        "id": 138003,
        "name": "进阶礼盒",
        "quality": 4,
        "price": 0,
        "drop_count": 1,
        "drop_time": 5,
        "overdue_time": "",
        "is_lost": 0,
        "rand_items": [87018,87017,87016,87015,87014,87013,87012,87011,87010,87009,87008,87007,87006,87005,87004,87003,87002,87001],
        "rand_power": [1,1,1,1,1,1,1,1,1,1,1,1,1,1,1,1,1,1],
        "is_first": 0,
        "is_will": 0,
        "rand_count": 18,
        "is_bag_rule": 0,
        "des": "内含：可以将一个猎人从初级猎人进阶到中级猎人+1的所有徽章",
        "extrac": "内含：可以将一个猎人从初级猎人进阶到中级猎人+1的所有徽章",
        "path": "item_zhongjihuizhangbox_png",
        "path_big": "",
        "red_tips": 1,
        "use_tips": 1,
        "fruit_id": ""
    },
    "138004": {
        "id": 138004,
        "name": "高级进阶礼盒",
        "quality": 5,
        "price": 0,
        "drop_count": 1,
        "drop_time": 5,
        "overdue_time": "",
        "is_lost": 0,
        "rand_items": [87118,87117,87116,87115,87114,87113,87112,87111,87110,87109,87108,87107,87106,87105,87104,87103,87102,87101],
        "rand_power": [1,1,1,1,1,1,1,1,1,1,1,1,1,1,1,1,1,1],
        "is_first": 0,
        "is_will": 0,
        "rand_count": 18,
        "is_bag_rule": 0,
        "des": "内含：可以将一个猎人从中级猎+1进阶到高级猎人+1的所有徽章",
        "extrac": "内含：可以将一个猎人从中级猎+1进阶到高级猎人+1的所有徽章",
        "path": "item_gaojihuizhangbox_png",
        "path_big": "",
        "red_tips": 1,
        "use_tips": 1,
        "fruit_id": ""
    },
    "138005": {
        "id": 138005,
        "name": "觉醒礼盒",
        "quality": 5,
        "price": 0,
        "drop_count": 1,
        "drop_time": 5,
        "overdue_time": "",
        "is_lost": 0,
        "rand_items": [87401,87402,87403],
        "rand_power": [1,1,1],
        "is_first": 0,
        "is_will": 0,
        "rand_count": 3,
        "is_bag_rule": 0,
        "des": "内含：高级觉醒石*5、中级觉醒石*10、初级觉醒石*15",
        "extrac": "内含：高级觉醒石*5、中级觉醒石*10、初级觉醒石*15",
        "path": "item_juexingshibox_png",
        "path_big": "",
        "red_tips": 1,
        "use_tips": 1,
        "fruit_id": ""
    },
    "138006": {
        "id": 138006,
        "name": "能量体礼盒",
        "quality": 3,
        "price": 0,
        "drop_count": 1,
        "drop_time": 5,
        "overdue_time": "",
        "is_lost": 0,
        "rand_items": [93001],
        "rand_power": [1],
        "is_first": 0,
        "is_will": 0,
        "rand_count": 1,
        "is_bag_rule": 0,
        "des": "开启后可以随机获得一个能量体，能量体可用于卡片念力注入。",
        "extrac": "开启后可以随机获得一个能量体，能量体可用于卡片念力注入。",
        "path": "item_nengliangtilihe_png",
        "path_big": "",
        "red_tips": 1,
        "use_tips": 1,
        "fruit_id": ""
    },
    "138007": {
        "id": 138007,
        "name": "高级能量体礼盒",
        "quality": 4,
        "price": 0,
        "drop_count": 1,
        "drop_time": 5,
        "overdue_time": "",
        "is_lost": 0,
        "rand_items": [93002],
        "rand_power": [1],
        "is_first": 0,
        "is_will": 0,
        "rand_count": 1,
        "is_bag_rule": 0,
        "des": "开启后可以随机获得一个高级能量体，能量体可用于卡片念力注入。",
        "extrac": "开启后可以随机获得一个高级能量体，能量体可用于卡片念力注入。",
        "path": "item_nengliangtilihe1_png",
        "path_big": "",
        "red_tips": 1,
        "use_tips": 1,
        "fruit_id": ""
    },
    "139001": {
        "id": 139001,
        "name": "缠系卡包",
        "quality": 4,
        "price": 0,
        "drop_count": 1,
        "drop_time": 5,
        "overdue_time": "",
        "is_lost": 0,
        "rand_items": [10,10,10],
        "rand_power": [1,1,1],
        "is_first": 100084,
        "is_will": 0,
        "rand_count": 3,
        "is_bag_rule": 0,
        "des": "可随机获得3张1至4星“缠系”卡片",
        "extrac": "缠系卡包，可随机获得三张1-4星缠系卡片",
        "path": "ui_cardbag_icon_IconCardBag3_png",
        "path_big": "ui_cardbag_icon_IconCardBig3_png",
        "red_tips": 0,
        "use_tips": 0,
        "fruit_id": ""
    },
    "139002": {
        "id": 139002,
        "name": "绝系卡包",
        "quality": 4,
        "price": 0,
        "drop_count": 1,
        "drop_time": 5,
        "overdue_time": "",
        "is_lost": 0,
        "rand_items": [11,11,11],
        "rand_power": [1,1,1],
        "is_first": 0,
        "is_will": 0,
        "rand_count": 3,
        "is_bag_rule": 0,
        "des": "可随机获得3张1至4星“绝系”卡片",
        "extrac": "绝系卡包，可随机获得三张1-4星绝系卡片",
        "path": "ui_cardbag_icon_IconCardBag4_png",
        "path_big": "ui_cardbag_icon_IconCardBig4_png",
        "red_tips": 0,
        "use_tips": 0,
        "fruit_id": ""
    },
    "139003": {
        "id": 139003,
        "name": "练系卡包",
        "quality": 4,
        "price": 0,
        "drop_count": 1,
        "drop_time": 5,
        "overdue_time": "",
        "is_lost": 0,
        "rand_items": [12,12,12],
        "rand_power": [1,1,1],
        "is_first": 0,
        "is_will": 0,
        "rand_count": 3,
        "is_bag_rule": 0,
        "des": "可随机获得3张1至4星“练系”卡片",
        "extrac": "练系卡包，可随机获得三张1-4星练系卡片",
        "path": "ui_cardbag_icon_IconCardBag5_png",
        "path_big": "ui_cardbag_icon_IconCardBig5_png",
        "red_tips": 0,
        "use_tips": 0,
        "fruit_id": ""
    },
    "139004": {
        "id": 139004,
        "name": "发系卡包",
        "quality": 4,
        "price": 0,
        "drop_count": 1,
        "drop_time": 5,
        "overdue_time": "",
        "is_lost": 0,
        "rand_items": [13,13,13],
        "rand_power": [1,1,1],
        "is_first": 0,
        "is_will": 0,
        "rand_count": 3,
        "is_bag_rule": 0,
        "des": "可随机获得3张1至4星“发系”卡片",
        "extrac": "发系卡包，可随机获得三张1-4星发系卡片",
        "path": "ui_cardbag_icon_IconCardBag6_png",
        "path_big": "ui_cardbag_icon_IconCardBig6_png",
        "red_tips": 0,
        "use_tips": 0,
        "fruit_id": ""
    },
    "139005": {
        "id": 139005,
        "name": "圆系卡包",
        "quality": 4,
        "price": 0,
        "drop_count": 1,
        "drop_time": 5,
        "overdue_time": "",
        "is_lost": 0,
        "rand_items": [14,14,14],
        "rand_power": [1,1,1],
        "is_first": 0,
        "is_will": 0,
        "rand_count": 3,
        "is_bag_rule": 0,
        "des": "可随机获得3张1至4星“圆系”卡片",
        "extrac": "圆系卡包，可随机获得三张1-4星圆系卡片",
        "path": "ui_cardbag_icon_IconCardBag7_png",
        "path_big": "ui_cardbag_icon_IconCardBig7_png",
        "red_tips": 0,
        "use_tips": 0,
        "fruit_id": ""
    },
    "139006": {
        "id": 139006,
        "name": "坚系卡包",
        "quality": 4,
        "price": 0,
        "drop_count": 1,
        "drop_time": 5,
        "overdue_time": "",
        "is_lost": 0,
        "rand_items": [15,15,15],
        "rand_power": [1,1,1],
        "is_first": 0,
        "is_will": 0,
        "rand_count": 3,
        "is_bag_rule": 0,
        "des": "可随机获得3张1至4星“坚系”卡片",
        "extrac": "坚系卡包，可随机获得三张1-4星坚系卡片",
        "path": "ui_cardbag_icon_IconCardBag9_png",
        "path_big": "ui_cardbag_icon_IconCardBig9_png",
        "red_tips": 0,
        "use_tips": 0,
        "fruit_id": ""
    },
    "139007": {
        "id": 139007,
        "name": "随机卡包",
        "quality": 4,
        "price": 0,
        "drop_count": 1,
        "drop_time": 5,
        "overdue_time": "",
        "is_lost": 0,
        "rand_items": [17,17,17],
        "rand_power": [1,1,1],
        "is_first": 0,
        "is_will": 0,
        "rand_count": 3,
        "is_bag_rule": 0,
        "des": "可随机获得3张1-4星卡片",
        "extrac": "随机卡包，开启可随机获得各系三张1-4星卡片",
        "path": "ui_cardbag_icon_IconCardBag2_png",
        "path_big": "ui_cardbag_icon_IconCardBig2_png",
        "red_tips": 0,
        "use_tips": 0,
        "fruit_id": ""
    },
    "139008": {
        "id": 139008,
        "name": "高级卡包",
        "quality": 5,
        "price": 0,
        "drop_count": 1,
        "drop_time": 5,
        "overdue_time": "",
        "is_lost": 0,
        "rand_items": [18,18,18],
        "rand_power": [1,1,1],
        "is_first": 0,
        "is_will": 19,
        "rand_count": 3,
        "is_bag_rule": 0,
        "des": "可随机获得3张2-5星卡片，至少有一张4星橙色卡片",
        "extrac": "高级卡包，随机获得三张2-5星卡片，至少有一张4星橙色卡片",
        "path": "ui_cardbag_icon_IconCardBag10_png",
        "path_big": "ui_cardbag_icon_IconCardBig10_png",
        "red_tips": 0,
        "use_tips": 0,
        "fruit_id": ""
    },
    "139009": {
        "id": 139009,
        "name": "超级卡包",
        "quality": 6,
        "price": 0,
        "drop_count": 1,
        "drop_time": 5,
        "overdue_time": "",
        "is_lost": 0,
        "rand_items": [24,24,24],
        "rand_power": [1,1,1],
        "is_first": 0,
        "is_will": 25,
        "rand_count": 3,
        "is_bag_rule": 1,
        "des": "可随机获得3张3-5星卡片，至少有一张5星红色卡片（4条副属性）",
        "extrac": "超级卡包，可随机获得三张3-5星卡片，其中至少有一张5星红色卡片（4条副属性）",
        "path": "ui_cardbag_icon_IconCardBag11_png",
        "path_big": "ui_cardbag_icon_IconCardBig11_png",
        "red_tips": 0,
        "use_tips": 0,
        "fruit_id": ""
    },
    "139010": {
        "id": 139010,
        "name": "荣誉卡包",
        "quality": 6,
        "price": 0,
        "drop_count": 1,
        "drop_time": 5,
        "overdue_time": "",
        "is_lost": 0,
        "rand_items": [24,24,24],
        "rand_power": [1,1,1],
        "is_first": 0,
        "is_will": 26,
        "rand_count": 3,
        "is_bag_rule": 0,
        "des": "可随机获得3张3-5星卡片，至少有一张5星红色卡片",
        "extrac": "荣誉卡包，可随机获得三张3-5星卡片，其中至少有一张5星红色卡片",
        "path": "ui_cardbag_icon_IconCardBag12_png",
        "path_big": "ui_cardbag_icon_IconCardBig12_png",
        "red_tips": 0,
        "use_tips": 0,
        "fruit_id": ""
    }}
