{
    "1": {
        "index": 1,
        "name": "一段",
        "section_score": 0,
        "title_id": "",
        "win_coin": 10,
        "fail_coin": 8,
        "reset_down": 1000,
        "reward_goods": [20001,20019],
        "reward_count": [10000,80],
        "season_reward_goods": [20002,20019],
        "season_reward_count": [50,200],
        "icon_num": "ui_arena_grade_WordsDailyGrade1_png",
        "title": "ui_arena_grade_WordGradepic1_png"
    },
    "2": {
        "index": 2,
        "name": "二段",
        "section_score": 1200,
        "title_id": "",
        "win_coin": 16,
        "fail_coin": 10,
        "reset_down": 1100,
        "reward_goods": [20001,20019,20003],
        "reward_count": [20000,100,10],
        "season_reward_goods": [20002,20019,30902],
        "season_reward_count": [100,300,1],
        "icon_num": "ui_arena_grade_WordsDailyGrade2_png",
        "title": "ui_arena_grade_WordGradepic2_png"
    },
    "3": {
        "index": 3,
        "name": "三段",
        "section_score": 1400,
        "title_id": "",
        "win_coin": 20,
        "fail_coin": 12,
        "reset_down": 1150,
        "reward_goods": [20001,20019,20003],
        "reward_count": [30000,120,20],
        "season_reward_goods": [20002,20019,30902],
        "season_reward_count": [150,400,1],
        "icon_num": "ui_arena_grade_WordsDailyGrade3_png",
        "title": "ui_arena_grade_WordGradepic3_png"
    },
    "4": {
        "index": 4,
        "name": "四段",
        "section_score": 1600,
        "title_id": "",
        "win_coin": 20,
        "fail_coin": 12,
        "reset_down": 1200,
        "reward_goods": [20001,20019,20003],
        "reward_count": [30000,150,25],
        "season_reward_goods": [20002,20019,30909],
        "season_reward_count": [200,500,1],
        "icon_num": "ui_arena_grade_WordsDailyGrade4_png",
        "title": "ui_arena_grade_WordGradepic4_png"
    },
    "5": {
        "index": 5,
        "name": "五段",
        "section_score": 1800,
        "title_id": "",
        "win_coin": 22,
        "fail_coin": 12,
        "reset_down": 1250,
        "reward_goods": [20001,20019,20003],
        "reward_count": [40000,180,30],
        "season_reward_goods": [20002,20019,30909],
        "season_reward_count": [300,600,1],
        "icon_num": "ui_arena_grade_WordsDailyGrade5_png",
        "title": "ui_arena_grade_WordGradepic5_png"
    },
    "6": {
        "index": 6,
        "name": "六段",
        "section_score": 2000,
        "title_id": "",
        "win_coin": 22,
        "fail_coin": 12,
        "reset_down": 1300,
        "reward_goods": [20001,20019,20003],
        "reward_count": [40000,200,35],
        "season_reward_goods": [20002,20019,30909],
        "season_reward_count": [400,700,1],
        "icon_num": "ui_arena_grade_WordsDailyGrade6_png",
        "title": "ui_arena_grade_WordGradepic6_png"
    },
    "7": {
        "index": 7,
        "name": "七段",
        "section_score": 2200,
        "title_id": "160002",
        "win_coin": 24,
        "fail_coin": 15,
        "reset_down": 1400,
        "reward_goods": [20001,20019,20003],
        "reward_count": [50000,220,40],
        "season_reward_goods": [20002,20019,30906],
        "season_reward_count": [500,800,1],
        "icon_num": "ui_arena_grade_WordsDailyGrade7_png",
        "title": "ui_arena_grade_WordGradepic7_png"
    },
    "8": {
        "index": 8,
        "name": "八段",
        "section_score": 2400,
        "title_id": "160003",
        "win_coin": 24,
        "fail_coin": 15,
        "reset_down": 1500,
        "reward_goods": [20001,20019,20003],
        "reward_count": [50000,240,45],
        "season_reward_goods": [20002,20019,30906],
        "season_reward_count": [600,900,1],
        "icon_num": "ui_arena_grade_WordsDailyGrade8_png",
        "title": "ui_arena_grade_WordGradepic8_png"
    },
    "9": {
        "index": 9,
        "name": "九段",
        "section_score": 2600,
        "title_id": "160004",
        "win_coin": 25,
        "fail_coin": 16,
        "reset_down": 1600,
        "reward_goods": [20001,20019,20003],
        "reward_count": [60000,280,50],
        "season_reward_goods": [20002,20019,30906],
        "season_reward_count": [800,1000,1],
        "icon_num": "ui_arena_grade_WordsDailyGrade9_png",
        "title": "ui_arena_grade_WordGradepic9_png"
    }}
