{
    "71025": {
        "id": 71025,
        "name": "王异(碎)",
        "fullName": "王异羁绊碎片",
        "level": 1,
        "quality": 1,
        "price": 200,
        "drop_count": 1,
        "drop_time": 20,
        "overdue_time": "",
        "path": "buff_icon_wu_png",
        "des": "王异(碎片),凑齐2个可以合成完整的羁绊卡"
    },
    "71027": {
        "id": 71027,
        "name": "文丑(碎)",
        "fullName": "文丑羁绊碎片",
        "level": 1,
        "quality": 1,
        "price": 200,
        "drop_count": 1,
        "drop_time": 20,
        "overdue_time": "",
        "path": "buff_icon_wu_png",
        "des": "文丑(碎片),凑齐2个可以合成完整的羁绊卡"
    },
    "71034": {
        "id": 71034,
        "name": "张春华(碎)",
        "fullName": "张春华羁绊碎片",
        "level": 1,
        "quality": 1,
        "price": 200,
        "drop_count": 1,
        "drop_time": 20,
        "overdue_time": "",
        "path": "buff_icon_wu_png",
        "des": "张春华(碎片),凑齐2个可以合成完整的羁绊卡"
    },
    "71040": {
        "id": 71040,
        "name": "周瑜(碎)",
        "fullName": "周瑜羁绊碎片",
        "level": 1,
        "quality": 1,
        "price": 200,
        "drop_count": 1,
        "drop_time": 20,
        "overdue_time": "",
        "path": "buff_icon_wu_png",
        "des": "周瑜(碎片),凑齐2个可以合成完整的羁绊卡"
    },
    "71001": {
        "id": 71001,
        "name": "孙权(碎)",
        "fullName": "孙权羁绊碎片",
        "level": 2,
        "quality": 2,
        "price": 400,
        "drop_count": 1,
        "drop_time": 20,
        "overdue_time": "",
        "path": "buff_icon_wu_png",
        "des": "孙权(碎片),凑齐4个可以合成完整的羁绊卡"
    },
    "71005": {
        "id": 71005,
        "name": "董卓(碎)",
        "fullName": "董卓羁绊碎片",
        "level": 2,
        "quality": 2,
        "price": 400,
        "drop_count": 1,
        "drop_time": 20,
        "overdue_time": "",
        "path": "buff_icon_wu_png",
        "des": "董卓(碎片),凑齐4个可以合成完整的羁绊卡"
    },
    "71011": {
        "id": 71011,
        "name": "华雄(碎)",
        "fullName": "华雄羁绊碎片",
        "level": 2,
        "quality": 2,
        "price": 400,
        "drop_count": 1,
        "drop_time": 20,
        "overdue_time": "",
        "path": "buff_icon_wu_png",
        "des": "华雄(碎片),凑齐4个可以合成完整的羁绊卡"
    },
    "71022": {
        "id": 71022,
        "name": "孙策(碎)",
        "fullName": "孙策羁绊碎片",
        "level": 2,
        "quality": 2,
        "price": 400,
        "drop_count": 1,
        "drop_time": 20,
        "overdue_time": "",
        "path": "buff_icon_wu_png",
        "des": "孙策(碎片),凑齐6个可以合成完整的羁绊卡"
    },
    "71006": {
        "id": 71006,
        "name": "公孙瓒(碎)",
        "fullName": "公孙瓒羁绊碎片",
        "level": 3,
        "quality": 2,
        "price": 600,
        "drop_count": 1,
        "drop_time": 20,
        "overdue_time": "",
        "path": "buff_icon_wu_png",
        "des": "公孙瓒(碎片),凑齐6个可以合成完整的羁绊卡"
    },
    "71008": {
        "id": 71008,
        "name": "郭嘉(碎)",
        "fullName": "郭嘉羁绊碎片",
        "level": 3,
        "quality": 2,
        "price": 600,
        "drop_count": 1,
        "drop_time": 20,
        "overdue_time": "",
        "path": "buff_icon_wu_png",
        "des": "郭嘉(碎片),凑齐6个可以合成完整的羁绊卡"
    },
    "71012": {
        "id": 71012,
        "name": "贾诩(碎)",
        "fullName": "贾诩羁绊碎片",
        "level": 3,
        "quality": 2,
        "price": 600,
        "drop_count": 1,
        "drop_time": 20,
        "overdue_time": "",
        "path": "buff_icon_wu_png",
        "des": "贾诩(碎片),凑齐6个可以合成完整的羁绊卡"
    },
    "71013": {
        "id": 71013,
        "name": "刘备(碎)",
        "fullName": "刘备羁绊碎片",
        "level": 3,
        "quality": 2,
        "price": 600,
        "drop_count": 1,
        "drop_time": 20,
        "overdue_time": "",
        "path": "buff_icon_wu_png",
        "des": "刘备(碎片),凑齐9个可以合成完整的羁绊卡"
    },
    "71014": {
        "id": 71014,
        "name": "鲁肃(碎)",
        "fullName": "鲁肃羁绊碎片",
        "level": 4,
        "quality": 3,
        "price": 800,
        "drop_count": 1,
        "drop_time": 20,
        "overdue_time": "",
        "path": "buff_icon_wu_png",
        "des": "鲁肃(碎片),凑齐8个可以合成完整的羁绊卡"
    },
    "71015": {
        "id": 71015,
        "name": "陆逊(碎)",
        "fullName": "陆逊羁绊碎片",
        "level": 4,
        "quality": 3,
        "price": 800,
        "drop_count": 1,
        "drop_time": 20,
        "overdue_time": "",
        "path": "buff_icon_wu_png",
        "des": "陆逊(碎片),凑齐8个可以合成完整的羁绊卡"
    },
    "71017": {
        "id": 71017,
        "name": "吕蒙(碎)",
        "fullName": "吕蒙羁绊碎片",
        "level": 4,
        "quality": 3,
        "price": 800,
        "drop_count": 1,
        "drop_time": 20,
        "overdue_time": "",
        "path": "buff_icon_wu_png",
        "des": "吕蒙(碎片),凑齐8个可以合成完整的羁绊卡"
    },
    "71019": {
        "id": 71019,
        "name": "孟获(碎)",
        "fullName": "孟获羁绊碎片",
        "level": 4,
        "quality": 3,
        "price": 800,
        "drop_count": 1,
        "drop_time": 20,
        "overdue_time": "",
        "path": "buff_icon_wu_png",
        "des": "孟获(碎片),凑齐12个可以合成完整的羁绊卡"
    },
    "71031": {
        "id": 71031,
        "name": "徐晃(碎)",
        "fullName": "徐晃羁绊碎片",
        "level": 5,
        "quality": 3,
        "price": 1000,
        "drop_count": 1,
        "drop_time": 20,
        "overdue_time": "",
        "path": "buff_icon_wu_png",
        "des": "徐晃(碎片),凑齐10个可以合成完整的羁绊卡"
    },
    "71033": {
        "id": 71033,
        "name": "袁绍(碎)",
        "fullName": "袁绍羁绊碎片",
        "level": 5,
        "quality": 3,
        "price": 1000,
        "drop_count": 1,
        "drop_time": 20,
        "overdue_time": "",
        "path": "buff_icon_wu_png",
        "des": "袁绍(碎片),凑齐10个可以合成完整的羁绊卡"
    },
    "71036": {
        "id": 71036,
        "name": "张角(碎)",
        "fullName": "张角羁绊碎片",
        "level": 5,
        "quality": 3,
        "price": 1000,
        "drop_count": 1,
        "drop_time": 20,
        "overdue_time": "",
        "path": "buff_icon_wu_png",
        "des": "张角(碎片),凑齐10个可以合成完整的羁绊卡"
    },
    "71039": {
        "id": 71039,
        "name": "周泰(碎)",
        "fullName": "周泰羁绊碎片",
        "level": 5,
        "quality": 3,
        "price": 1000,
        "drop_count": 1,
        "drop_time": 20,
        "overdue_time": "",
        "path": "buff_icon_wu_png",
        "des": "周泰(碎片),凑齐15个可以合成完整的羁绊卡"
    },
    "71003": {
        "id": 71003,
        "name": "典韦(碎)",
        "fullName": "典韦羁绊碎片",
        "level": 6,
        "quality": 3,
        "price": 1200,
        "drop_count": 1,
        "drop_time": 20,
        "overdue_time": "",
        "path": "buff_icon_wu_png",
        "des": "典韦(碎片),凑齐12个可以合成完整的羁绊卡"
    },
    "71010": {
        "id": 71010,
        "name": "华佗(碎)",
        "fullName": "华佗羁绊碎片",
        "level": 6,
        "quality": 3,
        "price": 1200,
        "drop_count": 1,
        "drop_time": 20,
        "overdue_time": "",
        "path": "buff_icon_wu_png",
        "des": "华佗(碎片),凑齐12个可以合成完整的羁绊卡"
    },
    "71028": {
        "id": 71028,
        "name": "乐进(碎)",
        "fullName": "乐进羁绊碎片",
        "level": 6,
        "quality": 3,
        "price": 1200,
        "drop_count": 1,
        "drop_time": 20,
        "overdue_time": "",
        "path": "buff_icon_wu_png",
        "des": "乐进(碎片),凑齐12个可以合成完整的羁绊卡"
    },
    "71029": {
        "id": 71029,
        "name": "夏侯渊(碎)",
        "fullName": "夏侯渊羁绊碎片",
        "level": 6,
        "quality": 3,
        "price": 1200,
        "drop_count": 1,
        "drop_time": 20,
        "overdue_time": "",
        "path": "buff_icon_wu_png",
        "des": "夏侯渊(碎片),凑齐18个可以合成完整的羁绊卡"
    },
    "71002": {
        "id": 71002,
        "name": "大乔(碎)",
        "fullName": "大乔羁绊碎片",
        "level": 7,
        "quality": 3,
        "price": 1400,
        "drop_count": 1,
        "drop_time": 20,
        "overdue_time": "",
        "path": "buff_icon_wu_png",
        "des": "大乔(碎片),凑齐16个可以合成完整的羁绊卡"
    },
    "71004": {
        "id": 71004,
        "name": "貂蝉(碎)",
        "fullName": "貂蝉羁绊碎片",
        "level": 7,
        "quality": 3,
        "price": 1400,
        "drop_count": 1,
        "drop_time": 20,
        "overdue_time": "",
        "path": "buff_icon_wu_png",
        "des": "貂蝉(碎片),凑齐16个可以合成完整的羁绊卡"
    },
    "71007": {
        "id": 71007,
        "name": "关羽(碎)",
        "fullName": "关羽羁绊碎片",
        "level": 7,
        "quality": 3,
        "price": 1400,
        "drop_count": 1,
        "drop_time": 20,
        "overdue_time": "",
        "path": "buff_icon_wu_png",
        "des": "关羽(碎片),凑齐16个可以合成完整的羁绊卡"
    },
    "71009": {
        "id": 71009,
        "name": "黄忠(碎)",
        "fullName": "黄忠羁绊碎片",
        "level": 7,
        "quality": 3,
        "price": 1400,
        "drop_count": 1,
        "drop_time": 20,
        "overdue_time": "",
        "path": "buff_icon_wu_png",
        "des": "黄忠(碎片),凑齐24个可以合成完整的羁绊卡"
    },
    "71018": {
        "id": 71018,
        "name": "马超(碎)",
        "fullName": "马超羁绊碎片",
        "level": 8,
        "quality": 4,
        "price": 1600,
        "drop_count": 1,
        "drop_time": 20,
        "overdue_time": "",
        "path": "buff_icon_wu_png",
        "des": "马超(碎片),凑齐20个可以合成完整的羁绊卡"
    },
    "71021": {
        "id": 71021,
        "name": "司马懿(碎)",
        "fullName": "司马懿羁绊碎片",
        "level": 8,
        "quality": 4,
        "price": 1600,
        "drop_count": 1,
        "drop_time": 20,
        "overdue_time": "",
        "path": "buff_icon_wu_png",
        "des": "司马懿(碎片),凑齐20个可以合成完整的羁绊卡"
    },
    "71024": {
        "id": 71024,
        "name": "孙尚香(碎)",
        "fullName": "孙尚香羁绊碎片",
        "level": 8,
        "quality": 4,
        "price": 1600,
        "drop_count": 1,
        "drop_time": 20,
        "overdue_time": "",
        "path": "buff_icon_wu_png",
        "des": "孙尚香(碎片),凑齐20个可以合成完整的羁绊卡"
    },
    "71030": {
        "id": 71030,
        "name": "小乔(碎)",
        "fullName": "小乔羁绊碎片",
        "level": 8,
        "quality": 4,
        "price": 1600,
        "drop_count": 1,
        "drop_time": 20,
        "overdue_time": "",
        "path": "buff_icon_wu_png",
        "des": "小乔(碎片),凑齐30个可以合成完整的羁绊卡"
    },
    "71035": {
        "id": 71035,
        "name": "张飞(碎)",
        "fullName": "张飞羁绊碎片",
        "level": 9,
        "quality": 4,
        "price": 1800,
        "drop_count": 1,
        "drop_time": 20,
        "overdue_time": "",
        "path": "buff_icon_wu_png",
        "des": "张飞(碎片),凑齐24个可以合成完整的羁绊卡"
    },
    "71038": {
        "id": 71038,
        "name": "姜维(碎)",
        "fullName": "姜维羁绊碎片",
        "level": 9,
        "quality": 4,
        "price": 1800,
        "drop_count": 1,
        "drop_time": 20,
        "overdue_time": "",
        "path": "buff_icon_wu_png",
        "des": "姜维(碎片),凑齐24个可以合成完整的羁绊卡"
    },
    "71041": {
        "id": 71041,
        "name": "诸葛亮(碎)",
        "fullName": "诸葛亮羁绊碎片",
        "level": 9,
        "quality": 4,
        "price": 1800,
        "drop_count": 1,
        "drop_time": 20,
        "overdue_time": "",
        "path": "buff_icon_wu_png",
        "des": "诸葛亮(碎片),凑齐24个可以合成完整的羁绊卡"
    },
    "71044": {
        "id": 71044,
        "name": "冰龙(碎)",
        "fullName": "冰龙羁绊碎片",
        "level": 9,
        "quality": 4,
        "price": 1800,
        "drop_count": 1,
        "drop_time": 20,
        "overdue_time": "",
        "path": "buff_icon_wu_png",
        "des": "冰龙(碎片),凑齐36个可以合成完整的羁绊卡"
    },
    "71046": {
        "id": 71046,
        "name": "关银屏(碎)",
        "fullName": "关银屏羁绊碎片",
        "level": 10,
        "quality": 4,
        "price": 2000,
        "drop_count": 1,
        "drop_time": 20,
        "overdue_time": "",
        "path": "buff_icon_wu_png",
        "des": "关银屏(碎片),凑齐28个可以合成完整的羁绊卡"
    },
    "71047": {
        "id": 71047,
        "name": "马腾(碎)",
        "fullName": "马腾羁绊碎片",
        "level": 10,
        "quality": 4,
        "price": 2000,
        "drop_count": 1,
        "drop_time": 20,
        "overdue_time": "",
        "path": "buff_icon_wu_png",
        "des": "马腾(碎片),凑齐28个可以合成完整的羁绊卡"
    },
    "71048": {
        "id": 71048,
        "name": "孙坚(碎)",
        "fullName": "孙坚羁绊碎片",
        "level": 10,
        "quality": 4,
        "price": 2000,
        "drop_count": 1,
        "drop_time": 20,
        "overdue_time": "",
        "path": "buff_icon_wu_png",
        "des": "孙坚(碎片),凑齐28个可以合成完整的羁绊卡"
    },
    "71049": {
        "id": 71049,
        "name": "沮授(碎)",
        "fullName": "沮授羁绊碎片",
        "level": 10,
        "quality": 4,
        "price": 2000,
        "drop_count": 1,
        "drop_time": 20,
        "overdue_time": "",
        "path": "buff_icon_wu_png",
        "des": "沮授(碎片),凑齐42个可以合成完整的羁绊卡"
    },
    "71051": {
        "id": 71051,
        "name": "蔡文姬(碎)",
        "fullName": "蔡文姬羁绊碎片",
        "level": 11,
        "quality": 4,
        "price": 2200,
        "drop_count": 1,
        "drop_time": 20,
        "overdue_time": "",
        "path": "buff_icon_wu_png",
        "des": "蔡文姬(碎片),凑齐32个可以合成完整的羁绊卡"
    },
    "71052": {
        "id": 71052,
        "name": "甘宁(碎)",
        "fullName": "甘宁羁绊碎片",
        "level": 11,
        "quality": 4,
        "price": 2200,
        "drop_count": 1,
        "drop_time": 20,
        "overdue_time": "",
        "path": "buff_icon_wu_png",
        "des": "甘宁(碎片),凑齐32个可以合成完整的羁绊卡"
    },
    "71053": {
        "id": 71053,
        "name": "黄月英(碎)",
        "fullName": "黄月英羁绊碎片",
        "level": 11,
        "quality": 4,
        "price": 2200,
        "drop_count": 1,
        "drop_time": 20,
        "overdue_time": "",
        "path": "buff_icon_wu_png",
        "des": "黄月英(碎片),凑齐32个可以合成完整的羁绊卡"
    },
    "71054": {
        "id": 71054,
        "name": "司马徽(碎)",
        "fullName": "司马徽羁绊碎片",
        "level": 11,
        "quality": 4,
        "price": 2200,
        "drop_count": 1,
        "drop_time": 20,
        "overdue_time": "",
        "path": "buff_icon_wu_png",
        "des": "司马徽(碎片),凑齐48个可以合成完整的羁绊卡"
    },
    "71056": {
        "id": 71056,
        "name": "法正(碎)",
        "fullName": "法正羁绊碎片",
        "level": 13,
        "quality": 5,
        "price": 3000,
        "drop_count": 1,
        "drop_time": 20,
        "overdue_time": "",
        "path": "buff_icon_wu_png",
        "des": "法正(碎片),凑齐36个可以合成完整的羁绊卡"
    },
    "71057": {
        "id": 71057,
        "name": "蒋琬(碎)",
        "fullName": "蒋琬羁绊碎片",
        "level": 13,
        "quality": 5,
        "price": 3000,
        "drop_count": 1,
        "drop_time": 20,
        "overdue_time": "",
        "path": "buff_icon_wu_png",
        "des": "蒋琬(碎片),凑齐36个可以合成完整的羁绊卡"
    },
    "71058": {
        "id": 71058,
        "name": "刘晔(碎)",
        "fullName": "刘晔羁绊碎片",
        "level": 13,
        "quality": 5,
        "price": 3000,
        "drop_count": 1,
        "drop_time": 20,
        "overdue_time": "",
        "path": "buff_icon_wu_png",
        "des": "刘晔(碎片),凑齐36个可以合成完整的羁绊卡"
    },
    "71059": {
        "id": 71059,
        "name": "马岱(碎)",
        "fullName": "马岱羁绊碎片",
        "level": 13,
        "quality": 5,
        "price": 3000,
        "drop_count": 1,
        "drop_time": 20,
        "overdue_time": "",
        "path": "buff_icon_wu_png",
        "des": "马岱(碎片),凑齐54个可以合成完整的羁绊卡"
    },
    "71061": {
        "id": 71061,
        "name": "盲夏侯(碎)",
        "fullName": "盲夏侯羁绊碎片",
        "level": 15,
        "quality": 5,
        "price": 3000,
        "drop_count": 1,
        "drop_time": 20,
        "overdue_time": "",
        "path": "buff_icon_wu_png",
        "des": "盲夏侯(碎片),凑齐45个可以合成完整的羁绊卡"
    },
    "71062": {
        "id": 71062,
        "name": "荀彧(碎)",
        "fullName": "荀彧羁绊碎片",
        "level": 15,
        "quality": 5,
        "price": 3000,
        "drop_count": 1,
        "drop_time": 20,
        "overdue_time": "",
        "path": "buff_icon_wu_png",
        "des": "荀彧(碎片),凑齐45个可以合成完整的羁绊卡"
    },
    "71063": {
        "id": 71063,
        "name": "张郃(碎)",
        "fullName": "张郃羁绊碎片",
        "level": 15,
        "quality": 5,
        "price": 3000,
        "drop_count": 1,
        "drop_time": 20,
        "overdue_time": "",
        "path": "buff_icon_wu_png",
        "des": "张郃(碎片),凑齐45个可以合成完整的羁绊卡"
    },
    "71064": {
        "id": 71064,
        "name": "张昭(碎)",
        "fullName": "张昭羁绊碎片",
        "level": 15,
        "quality": 5,
        "price": 3000,
        "drop_count": 1,
        "drop_time": 20,
        "overdue_time": "",
        "path": "buff_icon_wu_png",
        "des": "张昭(碎片),凑齐66个可以合成完整的羁绊卡"
    },
    "71043": {
        "id": 71043,
        "name": "左慈(碎)",
        "fullName": "左慈羁绊碎片",
        "level": 17,
        "quality": 6,
        "price": 5000,
        "drop_count": 1,
        "drop_time": 20,
        "overdue_time": "",
        "path": "buff_icon_wu_png",
        "des": "左慈(碎片),凑齐55个可以合成完整的羁绊卡"
    },
    "71023": {
        "id": 71023,
        "name": "孙坚(碎)",
        "fullName": "孙坚羁绊碎片",
        "level": 17,
        "quality": 6,
        "price": 5000,
        "drop_count": 1,
        "drop_time": 20,
        "overdue_time": "",
        "path": "buff_icon_wu_png",
        "des": "孙坚(碎片),凑齐55个可以合成完整的羁绊卡"
    },
    "71026": {
        "id": 71026,
        "name": "李典(碎)",
        "fullName": "李典羁绊碎片",
        "level": 17,
        "quality": 6,
        "price": 5000,
        "drop_count": 1,
        "drop_time": 20,
        "overdue_time": "",
        "path": "buff_icon_wu_png",
        "des": "李典(碎片),凑齐55个可以合成完整的羁绊卡"
    },
    "71020": {
        "id": 71020,
        "name": "庞统(碎)",
        "fullName": "庞统羁绊碎片",
        "level": 17,
        "quality": 6,
        "price": 5000,
        "drop_count": 1,
        "drop_time": 20,
        "overdue_time": "",
        "path": "buff_icon_wu_png",
        "des": "庞统(碎片),凑齐80个可以合成完整的羁绊卡"
    },
    "71042": {
        "id": 71042,
        "name": "祝融(碎)",
        "fullName": "祝融羁绊碎片",
        "level": 19,
        "quality": 6,
        "price": 6000,
        "drop_count": 1,
        "drop_time": 20,
        "overdue_time": "",
        "path": "buff_icon_wu_png",
        "des": "祝融(碎片),凑齐70个可以合成完整的羁绊卡"
    },
    "71037": {
        "id": 71037,
        "name": "张辽(碎)",
        "fullName": "张辽羁绊碎片",
        "level": 19,
        "quality": 6,
        "price": 6000,
        "drop_count": 1,
        "drop_time": 20,
        "overdue_time": "",
        "path": "buff_icon_wu_png",
        "des": "张辽(碎片),凑齐70个可以合成完整的羁绊卡"
    },
    "71016": {
        "id": 71016,
        "name": "吕布(碎)",
        "fullName": "吕布羁绊碎片",
        "level": 19,
        "quality": 6,
        "price": 6000,
        "drop_count": 1,
        "drop_time": 20,
        "overdue_time": "",
        "path": "buff_icon_wu_png",
        "des": "吕布(碎片),凑齐70个可以合成完整的羁绊卡"
    },
    "71032": {
        "id": 71032,
        "name": "颜良(碎)",
        "fullName": "颜良羁绊碎片",
        "level": 19,
        "quality": 6,
        "price": 6000,
        "drop_count": 1,
        "drop_time": 20,
        "overdue_time": "",
        "path": "buff_icon_wu_png",
        "des": "颜良(碎片),凑齐100个可以合成完整的羁绊卡"
    },
    "71050": {
        "id": 71050,
        "name": "曹冲(碎)",
        "fullName": "曹冲羁绊碎片",
        "level": 21,
        "quality": 6,
        "price": 7000,
        "drop_count": 1,
        "drop_time": 20,
        "overdue_time": "",
        "path": "buff_icon_wu_png",
        "des": "曹冲(碎片),凑齐100个可以合成完整的羁绊卡"
    },
    "71055": {
        "id": 71055,
        "name": "甄姬(碎)",
        "fullName": "甄姬羁绊碎片",
        "level": 21,
        "quality": 6,
        "price": 7000,
        "drop_count": 1,
        "drop_time": 20,
        "overdue_time": "",
        "path": "buff_icon_wu_png",
        "des": "甄姬(碎片),凑齐100个可以合成完整的羁绊卡"
    },
    "71060": {
        "id": 71060,
        "name": "太史慈(碎)",
        "fullName": "太史慈羁绊碎片",
        "level": 21,
        "quality": 6,
        "price": 7000,
        "drop_count": 1,
        "drop_time": 20,
        "overdue_time": "",
        "path": "buff_icon_wu_png",
        "des": "太史慈(碎片),凑齐100个可以合成完整的羁绊卡"
    },
    "71065": {
        "id": 71065,
        "name": "诸葛瑾(碎)",
        "fullName": "诸葛瑾羁绊碎片",
        "level": 21,
        "quality": 6,
        "price": 7000,
        "drop_count": 1,
        "drop_time": 20,
        "overdue_time": "",
        "path": "buff_icon_wu_png",
        "des": "诸葛瑾(碎片),凑齐130个可以合成完整的羁绊卡"
    },
    "71066": {
        "id": 71066,
        "name": "许褚（碎）",
        "fullName": "许褚羁绊碎片",
        "level": 23,
        "quality": 6,
        "price": 7000,
        "drop_count": 1,
        "drop_time": 20,
        "overdue_time": "",
        "path": "buff_icon_wu_png",
        "des": "许褚(碎片),凑齐150个可以合成完整的羁绊卡"
    },
    "71067": {
        "id": 71067,
        "name": "魏延（碎）",
        "fullName": "魏延羁绊碎片",
        "level": 23,
        "quality": 6,
        "price": 7000,
        "drop_count": 1,
        "drop_time": 20,
        "overdue_time": "",
        "path": "buff_icon_wu_png",
        "des": "魏延(碎片),凑齐150个可以合成完整的羁绊卡"
    },
    "71068": {
        "id": 71068,
        "name": "曹操（碎）",
        "fullName": "曹操羁绊碎片",
        "level": 23,
        "quality": 6,
        "price": 7000,
        "drop_count": 1,
        "drop_time": 20,
        "overdue_time": "",
        "path": "buff_icon_wu_png",
        "des": "曹操(碎片),凑齐150个可以合成完整的羁绊卡"
    },
    "71069": {
        "id": 71069,
        "name": "赵云（碎）",
        "fullName": "赵云羁绊碎片",
        "level": 23,
        "quality": 6,
        "price": 7000,
        "drop_count": 1,
        "drop_time": 20,
        "overdue_time": "",
        "path": "buff_icon_wu_png",
        "des": "赵云(碎片),凑齐180个可以合成完整的羁绊卡"
    },
    "71045": {
        "id": 71045,
        "name": "火龙(碎)",
        "fullName": "火龙羁绊碎片",
        "level": 9,
        "quality": 6,
        "price": 8000,
        "drop_count": 1,
        "drop_time": 20,
        "overdue_time": "",
        "path": "buff_icon_wu_png",
        "des": "火龙(碎片),凑齐150个可以合成完整的羁绊卡"
    }}
