{
    "1": {
        "id": 1,
        "rank_min": 0,
        "rank_max": 1,
        "rank_reward": [[33050,3],[20002,200],[20001,100000]]
    },
    "2": {
        "id": 2,
        "rank_min": 1,
        "rank_max": 2,
        "rank_reward": [[33050,2],[20002,150],[20001,80000]]
    },
    "3": {
        "id": 3,
        "rank_min": 2,
        "rank_max": 3,
        "rank_reward": [[33050,1],[20002,100],[20001,50000]]
    },
    "4": {
        "id": 4,
        "rank_min": 3,
        "rank_max": 10,
        "rank_reward": [[33051,2],[20002,50],[20001,30000]]
    },
    "5": {
        "id": 5,
        "rank_min": 10,
        "rank_max": 50,
        "rank_reward": [[33051,1],[20001,20000]]
    },
    "6": {
        "id": 6,
        "rank_min": 50,
        "rank_max": 9999,
        "rank_reward": [[20023,1],[20001,10000]]
    }}