{
    "1": {
        "id": 1,
        "name": "1胜5负",
        "reward_goods": [20001],
        "reward_count": [3000],
        "show_type": [0],
        "des": "我方1名选手取胜"
    },
    "2": {
        "id": 2,
        "name": "2胜4负",
        "reward_goods": [20001],
        "reward_count": [10000],
        "show_type": [0],
        "des": "我方2名选手取胜"
    },
    "3": {
        "id": 3,
        "name": "3胜3负",
        "reward_goods": [20001,20015],
        "reward_count": [10000,1],
        "show_type": [0,0],
        "des": "我方3名选手取胜"
    },
    "4": {
        "id": 4,
        "name": "4胜2负",
        "reward_goods": [20001,20015,130001],
        "reward_count": [20000,2,1],
        "show_type": [0,0,0],
        "des": "我方4名选手取胜"
    },
    "5": {
        "id": 5,
        "name": "5胜1负",
        "reward_goods": [20001,20015,130002],
        "reward_count": [30000,2,1],
        "show_type": [0,1,0],
        "des": "我方5名选手取胜"
    },
    "6": {
        "id": 6,
        "name": "6胜0负",
        "reward_goods": [20001,20015,40037,139007,30451],
        "reward_count": [50000,3,1,1,1],
        "show_type": [0,1,1,1,0],
        "des": "我方6名选手取胜"
    }}