{
    "170001": {
        "id": 170001,
        "name": "秘宝1",
        "quality": 1,
        "price": 10000,
        "drop_count": 1,
        "drop_time": 1,
        "overdue_time": "",
        "reward_goods": [20001,20002],
        "reward_count": [100,200],
        "des": "这是一个极品宝箱",
        "extrac": "宝箱散发着神秘的光芒",
        "path": "item_gonghuisuipian_png",
        "red_tips": 0,
        "use_tips": 1
    },
    "170002": {
        "id": 170002,
        "name": "秘宝2",
        "quality": 1,
        "price": 10000,
        "drop_count": 1,
        "drop_time": 1,
        "overdue_time": "",
        "reward_goods": [20001,20002],
        "reward_count": [100,200],
        "des": "这是一个极品宝箱",
        "extrac": "宝箱散发着神秘的光芒",
        "path": "item_gonghuisuipian_png",
        "red_tips": 0,
        "use_tips": 1
    },
    "170003": {
        "id": 170003,
        "name": "秘宝3",
        "quality": 1,
        "price": 10000,
        "drop_count": 1,
        "drop_time": 1,
        "overdue_time": "",
        "reward_goods": [20001,20002],
        "reward_count": [100,200],
        "des": "这是一个极品宝箱",
        "extrac": "宝箱散发着神秘的光芒",
        "path": "item_gonghuisuipian_png",
        "red_tips": 0,
        "use_tips": 1
    },
    "170004": {
        "id": 170004,
        "name": "秘宝4",
        "quality": 1,
        "price": 10000,
        "drop_count": 1,
        "drop_time": 1,
        "overdue_time": "",
        "reward_goods": [20001,20002],
        "reward_count": [100,200],
        "des": "这是一个极品宝箱",
        "extrac": "宝箱散发着神秘的光芒",
        "path": "item_gonghuisuipian_png",
        "red_tips": 0,
        "use_tips": 1
    },
    "170005": {
        "id": 170005,
        "name": "秘宝5",
        "quality": 1,
        "price": 10000,
        "drop_count": 1,
        "drop_time": 1,
        "overdue_time": "",
        "reward_goods": [20001,20002],
        "reward_count": [100,200],
        "des": "这是一个极品宝箱",
        "extrac": "宝箱散发着神秘的光芒",
        "path": "item_gonghuisuipian_png",
        "red_tips": 0,
        "use_tips": 1
    },
    "170006": {
        "id": 170006,
        "name": "秘宝6",
        "quality": 1,
        "price": 10000,
        "drop_count": 1,
        "drop_time": 1,
        "overdue_time": "",
        "reward_goods": [20001,20002],
        "reward_count": [100,200],
        "des": "这是一个极品宝箱",
        "extrac": "宝箱散发着神秘的光芒",
        "path": "item_gonghuisuipian_png",
        "red_tips": 0,
        "use_tips": 1
    },
    "170007": {
        "id": 170007,
        "name": "秘宝7",
        "quality": 1,
        "price": 10000,
        "drop_count": 1,
        "drop_time": 1,
        "overdue_time": "",
        "reward_goods": [20001,20002],
        "reward_count": [100,200],
        "des": "这是一个极品宝箱",
        "extrac": "宝箱散发着神秘的光芒",
        "path": "item_gonghuisuipian_png",
        "red_tips": 0,
        "use_tips": 1
    }}
