{
    "1": {
        "id": 1,
        "rank_min": 1,
        "rank_max": 1,
        "reward_goods": [138007,20009,20001],
        "reward_count": [20,10,500000],
        "title_id": ""
    },
    "2": {
        "id": 2,
        "rank_min": 2,
        "rank_max": 2,
        "reward_goods": [138007,20009,20001],
        "reward_count": [18,10,480000],
        "title_id": ""
    },
    "3": {
        "id": 3,
        "rank_min": 3,
        "rank_max": 3,
        "reward_goods": [138007,20009,20001],
        "reward_count": [16,9,460000],
        "title_id": ""
    },
    "4": {
        "id": 4,
        "rank_min": 4,
        "rank_max": 6,
        "reward_goods": [138007,20009,20001],
        "reward_count": [14,9,440000],
        "title_id": ""
    },
    "5": {
        "id": 5,
        "rank_min": 7,
        "rank_max": 10,
        "reward_goods": [138007,20009,20001],
        "reward_count": [12,8,420000],
        "title_id": ""
    },
    "6": {
        "id": 6,
        "rank_min": 11,
        "rank_max": 15,
        "reward_goods": [138007,20009,20001],
        "reward_count": [10,8,400000],
        "title_id": ""
    },
    "7": {
        "id": 7,
        "rank_min": 16,
        "rank_max": 20,
        "reward_goods": [138007,20009,20001],
        "reward_count": [8,7,380000],
        "title_id": ""
    },
    "8": {
        "id": 8,
        "rank_min": 21,
        "rank_max": 25,
        "reward_goods": [138007,20009,20001],
        "reward_count": [6,7,360000],
        "title_id": ""
    },
    "9": {
        "id": 9,
        "rank_min": 26,
        "rank_max": 32,
        "reward_goods": [138007,20009,20001],
        "reward_count": [4,6,340000],
        "title_id": ""
    }}
