{
    "120101": {
        "id": 120101,
        "name": "1级攻击玉石",
        "quality": 2,
        "price": 50,
        "drop_count": 1,
        "drop_time": 5,
        "overdue_time": "",
        "priority": 6,
        "compose_id": "120201",
        "compose_count": 3,
        "update_cost": 1000,
        "jade_type": 1,
        "jade_level": 1,
        "refresh_consume": 5,
        "refresh_power": 4,
        "refresh_up_rand": 35,
        "show_type": 0,
        "general_hp": 0,
        "general_atk": 0,
        "general_def": 0,
        "atk_crit": 0,
        "crit_extra": 0,
        "dodge_rate": 0,
        "hit_rate": 0,
        "ignore_phyDef": 0,
        "rage_reduce": 0,
        "universal_resistance": 0,
        "ignore_resistance": 0,
        "float_resistance": 0,
        "cd_speed": 0,
        "support_consume": 0,
        "general_atk_all": 100,
        "general_def_all": 0,
        "all_crit": 0,
        "ignore_def_all": 0,
        "skill_atk": 0,
        "skill_def": 0,
        "skill_crit": 0,
        "crit_resistance": 0,
        "final_extra": 0,
        "final_reduce": 0,
        "ignore_magicDef": 0,
        "extra": "镶嵌在神兵上可增加100点攻击。集齐3个可以合成一个2级攻击玉石。",
        "des": "镶嵌在神兵上可增加100点攻击。集齐3个可以合成一个2级攻击玉石。",
        "little_path": "buff_icon_wu_png",
        "path": "buff_icon_wu_png"
    },
    "120102": {
        "id": 120102,
        "name": "1级生命玉石",
        "quality": 2,
        "price": 50,
        "drop_count": 1,
        "drop_time": 5,
        "overdue_time": "",
        "priority": 5,
        "compose_id": "120202",
        "compose_count": 3,
        "update_cost": 1000,
        "jade_type": 2,
        "jade_level": 1,
        "refresh_consume": 5,
        "refresh_power": 4,
        "refresh_up_rand": 35,
        "show_type": 0,
        "general_hp": 5000,
        "general_atk": 0,
        "general_def": 0,
        "atk_crit": 0,
        "crit_extra": 0,
        "dodge_rate": 0,
        "hit_rate": 0,
        "ignore_phyDef": 0,
        "rage_reduce": 0,
        "universal_resistance": 0,
        "ignore_resistance": 0,
        "float_resistance": 0,
        "cd_speed": 0,
        "support_consume": 0,
        "general_atk_all": 0,
        "general_def_all": 0,
        "all_crit": 0,
        "ignore_def_all": 0,
        "skill_atk": 0,
        "skill_def": 0,
        "skill_crit": 0,
        "crit_resistance": 0,
        "final_extra": 0,
        "final_reduce": 0,
        "ignore_magicDef": 0,
        "extra": "镶嵌在神兵上可增加5000点生命。集齐3个可以合成一个2级生命玉石。",
        "des": "镶嵌在神兵上可增加5000点生命。集齐3个可以合成一个2级生命玉石。",
        "little_path": "buff_icon_wu_png",
        "path": "buff_icon_wu_png"
    },
    "120103": {
        "id": 120103,
        "name": "1级防御玉石",
        "quality": 2,
        "price": 50,
        "drop_count": 1,
        "drop_time": 5,
        "overdue_time": "",
        "priority": 4,
        "compose_id": "120203",
        "compose_count": 3,
        "update_cost": 1000,
        "jade_type": 3,
        "jade_level": 1,
        "refresh_consume": 5,
        "refresh_power": 6,
        "refresh_up_rand": 35,
        "show_type": 0,
        "general_hp": 0,
        "general_atk": 0,
        "general_def": 0,
        "atk_crit": 0,
        "crit_extra": 0,
        "dodge_rate": 0,
        "hit_rate": 0,
        "ignore_phyDef": 0,
        "rage_reduce": 0,
        "universal_resistance": 0,
        "ignore_resistance": 0,
        "float_resistance": 0,
        "cd_speed": 0,
        "support_consume": 0,
        "general_atk_all": 0,
        "general_def_all": 800,
        "all_crit": 0,
        "ignore_def_all": 0,
        "skill_atk": 0,
        "skill_def": 0,
        "skill_crit": 0,
        "crit_resistance": 0,
        "final_extra": 0,
        "final_reduce": 0,
        "ignore_magicDef": 0,
        "extra": "镶嵌在神兵上可增加800点防御。集齐3个可以合成一个2级防御玉石。",
        "des": "镶嵌在神兵上可增加800点防御。集齐3个可以合成一个2级防御玉石。",
        "little_path": "buff_icon_wu_png",
        "path": "buff_icon_wu_png"
    },
    "120104": {
        "id": 120104,
        "name": "1级暴击玉石",
        "quality": 2,
        "price": 50,
        "drop_count": 1,
        "drop_time": 5,
        "overdue_time": "",
        "priority": 3,
        "compose_id": "120204",
        "compose_count": 3,
        "update_cost": 1000,
        "jade_type": 4,
        "jade_level": 1,
        "refresh_consume": 5,
        "refresh_power": 6,
        "refresh_up_rand": 35,
        "show_type": 0,
        "general_hp": 0,
        "general_atk": 0,
        "general_def": 0,
        "atk_crit": 0,
        "crit_extra": 0,
        "dodge_rate": 0,
        "hit_rate": 0,
        "ignore_phyDef": 0,
        "rage_reduce": 0,
        "universal_resistance": 0,
        "ignore_resistance": 0,
        "float_resistance": 0,
        "cd_speed": 0,
        "support_consume": 0,
        "general_atk_all": 0,
        "general_def_all": 0,
        "all_crit": 1000,
        "ignore_def_all": 0,
        "skill_atk": 0,
        "skill_def": 0,
        "skill_crit": 0,
        "crit_resistance": 0,
        "final_extra": 0,
        "final_reduce": 0,
        "ignore_magicDef": 0,
        "extra": "镶嵌在神兵上可增加1000点暴击。集齐3个可以合成一个2级暴击玉石。",
        "des": "镶嵌在神兵上可增加1000点暴击。集齐3个可以合成一个2级暴击玉石。",
        "little_path": "buff_icon_wu_png",
        "path": "buff_icon_wu_png"
    },
    "120105": {
        "id": 120105,
        "name": "1级闪避玉石",
        "quality": 2,
        "price": 50,
        "drop_count": 1,
        "drop_time": 5,
        "overdue_time": "",
        "priority": 2,
        "compose_id": "120205",
        "compose_count": 3,
        "update_cost": 1000,
        "jade_type": 5,
        "jade_level": 1,
        "refresh_consume": 5,
        "refresh_power": 10,
        "refresh_up_rand": 35,
        "show_type": 0,
        "general_hp": 0,
        "general_atk": 0,
        "general_def": 0,
        "atk_crit": 0,
        "crit_extra": 0,
        "dodge_rate": 800,
        "hit_rate": 0,
        "ignore_phyDef": 0,
        "rage_reduce": 0,
        "universal_resistance": 0,
        "ignore_resistance": 0,
        "float_resistance": 0,
        "cd_speed": 0,
        "support_consume": 0,
        "general_atk_all": 0,
        "general_def_all": 0,
        "all_crit": 0,
        "ignore_def_all": 0,
        "skill_atk": 0,
        "skill_def": 0,
        "skill_crit": 0,
        "crit_resistance": 0,
        "final_extra": 0,
        "final_reduce": 0,
        "ignore_magicDef": 0,
        "extra": "镶嵌在神兵上可增加800点闪避。集齐3个可以合成一个2级闪避玉石。",
        "des": "镶嵌在神兵上可增加800点闪避。集齐3个可以合成一个2级闪避玉石。",
        "little_path": "buff_icon_wu_png",
        "path": "buff_icon_wu_png"
    },
    "120106": {
        "id": 120106,
        "name": "1级命中玉石",
        "quality": 2,
        "price": 50,
        "drop_count": 1,
        "drop_time": 5,
        "overdue_time": "",
        "priority": 1,
        "compose_id": "120206",
        "compose_count": 3,
        "update_cost": 1000,
        "jade_type": 6,
        "jade_level": 1,
        "refresh_consume": 5,
        "refresh_power": 10,
        "refresh_up_rand": 35,
        "show_type": 0,
        "general_hp": 0,
        "general_atk": 0,
        "general_def": 0,
        "atk_crit": 0,
        "crit_extra": 0,
        "dodge_rate": 0,
        "hit_rate": 1000,
        "ignore_phyDef": 0,
        "rage_reduce": 0,
        "universal_resistance": 0,
        "ignore_resistance": 0,
        "float_resistance": 0,
        "cd_speed": 0,
        "support_consume": 0,
        "general_atk_all": 0,
        "general_def_all": 0,
        "all_crit": 0,
        "ignore_def_all": 0,
        "skill_atk": 0,
        "skill_def": 0,
        "skill_crit": 0,
        "crit_resistance": 0,
        "final_extra": 0,
        "final_reduce": 0,
        "ignore_magicDef": 0,
        "extra": "镶嵌在神兵上可增加1000点命中。集齐3个可以合成一个2级命中玉石。",
        "des": "镶嵌在神兵上可增加1000点命中。集齐3个可以合成一个2级命中玉石。",
        "little_path": "buff_icon_wu_png",
        "path": "buff_icon_wu_png"
    },
    "120201": {
        "id": 120201,
        "name": "2级攻击玉石",
        "quality": 2,
        "price": 50,
        "drop_count": 1,
        "drop_time": 5,
        "overdue_time": "",
        "priority": 6,
        "compose_id": "120301",
        "compose_count": 3,
        "update_cost": 5000,
        "jade_type": 1,
        "jade_level": 2,
        "refresh_consume": 10,
        "refresh_power": 4,
        "refresh_up_rand": 30,
        "show_type": 0,
        "general_hp": 0,
        "general_atk": 0,
        "general_def": 0,
        "atk_crit": 0,
        "crit_extra": 0,
        "dodge_rate": 0,
        "hit_rate": 0,
        "ignore_phyDef": 0,
        "rage_reduce": 0,
        "universal_resistance": 0,
        "ignore_resistance": 0,
        "float_resistance": 0,
        "cd_speed": 0,
        "support_consume": 0,
        "general_atk_all": 200,
        "general_def_all": 0,
        "all_crit": 0,
        "ignore_def_all": 0,
        "skill_atk": 0,
        "skill_def": 0,
        "skill_crit": 0,
        "crit_resistance": 0,
        "final_extra": 0,
        "final_reduce": 0,
        "ignore_magicDef": 0,
        "extra": "镶嵌在神兵上可增加200点攻击。集齐3个可以合成一个3级攻击玉石。",
        "des": "镶嵌在神兵上可增加200点攻击。集齐3个可以合成一个3级攻击玉石。",
        "little_path": "buff_icon_wu_png",
        "path": "buff_icon_wu_png"
    },
    "120202": {
        "id": 120202,
        "name": "2级生命玉石",
        "quality": 2,
        "price": 50,
        "drop_count": 1,
        "drop_time": 5,
        "overdue_time": "",
        "priority": 5,
        "compose_id": "120302",
        "compose_count": 3,
        "update_cost": 5000,
        "jade_type": 2,
        "jade_level": 2,
        "refresh_consume": 10,
        "refresh_power": 4,
        "refresh_up_rand": 30,
        "show_type": 0,
        "general_hp": 10000,
        "general_atk": 0,
        "general_def": 0,
        "atk_crit": 0,
        "crit_extra": 0,
        "dodge_rate": 0,
        "hit_rate": 0,
        "ignore_phyDef": 0,
        "rage_reduce": 0,
        "universal_resistance": 0,
        "ignore_resistance": 0,
        "float_resistance": 0,
        "cd_speed": 0,
        "support_consume": 0,
        "general_atk_all": 0,
        "general_def_all": 0,
        "all_crit": 0,
        "ignore_def_all": 0,
        "skill_atk": 0,
        "skill_def": 0,
        "skill_crit": 0,
        "crit_resistance": 0,
        "final_extra": 0,
        "final_reduce": 0,
        "ignore_magicDef": 0,
        "extra": "镶嵌在神兵上可增加10000点生命。集齐3个可以合成一个3级生命玉石。",
        "des": "镶嵌在神兵上可增加10000点生命。集齐3个可以合成一个3级生命玉石。",
        "little_path": "buff_icon_wu_png",
        "path": "buff_icon_wu_png"
    },
    "120203": {
        "id": 120203,
        "name": "2级防御玉石",
        "quality": 2,
        "price": 50,
        "drop_count": 1,
        "drop_time": 5,
        "overdue_time": "",
        "priority": 4,
        "compose_id": "120303",
        "compose_count": 3,
        "update_cost": 5000,
        "jade_type": 3,
        "jade_level": 2,
        "refresh_consume": 10,
        "refresh_power": 6,
        "refresh_up_rand": 30,
        "show_type": 0,
        "general_hp": 0,
        "general_atk": 0,
        "general_def": 0,
        "atk_crit": 0,
        "crit_extra": 0,
        "dodge_rate": 0,
        "hit_rate": 0,
        "ignore_phyDef": 0,
        "rage_reduce": 0,
        "universal_resistance": 0,
        "ignore_resistance": 0,
        "float_resistance": 0,
        "cd_speed": 0,
        "support_consume": 0,
        "general_atk_all": 0,
        "general_def_all": 1600,
        "all_crit": 0,
        "ignore_def_all": 0,
        "skill_atk": 0,
        "skill_def": 0,
        "skill_crit": 0,
        "crit_resistance": 0,
        "final_extra": 0,
        "final_reduce": 0,
        "ignore_magicDef": 0,
        "extra": "镶嵌在神兵上可增加1600点防御。集齐3个可以合成一个3级防御玉石。",
        "des": "镶嵌在神兵上可增加1600点防御。集齐3个可以合成一个3级防御玉石。",
        "little_path": "buff_icon_wu_png",
        "path": "buff_icon_wu_png"
    },
    "120204": {
        "id": 120204,
        "name": "2级暴击玉石",
        "quality": 2,
        "price": 50,
        "drop_count": 1,
        "drop_time": 5,
        "overdue_time": "",
        "priority": 3,
        "compose_id": "120304",
        "compose_count": 3,
        "update_cost": 5000,
        "jade_type": 4,
        "jade_level": 2,
        "refresh_consume": 10,
        "refresh_power": 6,
        "refresh_up_rand": 30,
        "show_type": 0,
        "general_hp": 0,
        "general_atk": 0,
        "general_def": 0,
        "atk_crit": 0,
        "crit_extra": 0,
        "dodge_rate": 0,
        "hit_rate": 0,
        "ignore_phyDef": 0,
        "rage_reduce": 0,
        "universal_resistance": 0,
        "ignore_resistance": 0,
        "float_resistance": 0,
        "cd_speed": 0,
        "support_consume": 0,
        "general_atk_all": 0,
        "general_def_all": 0,
        "all_crit": 2000,
        "ignore_def_all": 0,
        "skill_atk": 0,
        "skill_def": 0,
        "skill_crit": 0,
        "crit_resistance": 0,
        "final_extra": 0,
        "final_reduce": 0,
        "ignore_magicDef": 0,
        "extra": "镶嵌在神兵上可增加2000点暴击。集齐3个可以合成一个3级暴击玉石。",
        "des": "镶嵌在神兵上可增加2000点暴击。集齐3个可以合成一个3级暴击玉石。",
        "little_path": "buff_icon_wu_png",
        "path": "buff_icon_wu_png"
    },
    "120205": {
        "id": 120205,
        "name": "2级闪避玉石",
        "quality": 2,
        "price": 50,
        "drop_count": 1,
        "drop_time": 5,
        "overdue_time": "",
        "priority": 2,
        "compose_id": "120305",
        "compose_count": 3,
        "update_cost": 5000,
        "jade_type": 5,
        "jade_level": 2,
        "refresh_consume": 10,
        "refresh_power": 10,
        "refresh_up_rand": 30,
        "show_type": 0,
        "general_hp": 0,
        "general_atk": 0,
        "general_def": 0,
        "atk_crit": 0,
        "crit_extra": 0,
        "dodge_rate": 1600,
        "hit_rate": 0,
        "ignore_phyDef": 0,
        "rage_reduce": 0,
        "universal_resistance": 0,
        "ignore_resistance": 0,
        "float_resistance": 0,
        "cd_speed": 0,
        "support_consume": 0,
        "general_atk_all": 0,
        "general_def_all": 0,
        "all_crit": 0,
        "ignore_def_all": 0,
        "skill_atk": 0,
        "skill_def": 0,
        "skill_crit": 0,
        "crit_resistance": 0,
        "final_extra": 0,
        "final_reduce": 0,
        "ignore_magicDef": 0,
        "extra": "镶嵌在神兵上可增加1600点闪避。集齐3个可以合成一个3级闪避玉石。",
        "des": "镶嵌在神兵上可增加1600点闪避。集齐3个可以合成一个3级闪避玉石。",
        "little_path": "buff_icon_wu_png",
        "path": "buff_icon_wu_png"
    },
    "120206": {
        "id": 120206,
        "name": "2级命中玉石",
        "quality": 2,
        "price": 50,
        "drop_count": 1,
        "drop_time": 5,
        "overdue_time": "",
        "priority": 1,
        "compose_id": "120306",
        "compose_count": 3,
        "update_cost": 5000,
        "jade_type": 6,
        "jade_level": 2,
        "refresh_consume": 10,
        "refresh_power": 10,
        "refresh_up_rand": 30,
        "show_type": 0,
        "general_hp": 0,
        "general_atk": 0,
        "general_def": 0,
        "atk_crit": 0,
        "crit_extra": 0,
        "dodge_rate": 0,
        "hit_rate": 2000,
        "ignore_phyDef": 0,
        "rage_reduce": 0,
        "universal_resistance": 0,
        "ignore_resistance": 0,
        "float_resistance": 0,
        "cd_speed": 0,
        "support_consume": 0,
        "general_atk_all": 0,
        "general_def_all": 0,
        "all_crit": 0,
        "ignore_def_all": 0,
        "skill_atk": 0,
        "skill_def": 0,
        "skill_crit": 0,
        "crit_resistance": 0,
        "final_extra": 0,
        "final_reduce": 0,
        "ignore_magicDef": 0,
        "extra": "镶嵌在神兵上可增加2000点命中。集齐3个可以合成一个3级命中玉石。",
        "des": "镶嵌在神兵上可增加2000点命中。集齐3个可以合成一个3级命中玉石。",
        "little_path": "buff_icon_wu_png",
        "path": "buff_icon_wu_png"
    },
    "120301": {
        "id": 120301,
        "name": "3级攻击玉石",
        "quality": 3,
        "price": 100,
        "drop_count": 1,
        "drop_time": 5,
        "overdue_time": "",
        "priority": 6,
        "compose_id": "120401",
        "compose_count": 3,
        "update_cost": 10000,
        "jade_type": 1,
        "jade_level": 3,
        "refresh_consume": 15,
        "refresh_power": 4,
        "refresh_up_rand": 25,
        "show_type": 0,
        "general_hp": 0,
        "general_atk": 0,
        "general_def": 0,
        "atk_crit": 0,
        "crit_extra": 0,
        "dodge_rate": 0,
        "hit_rate": 0,
        "ignore_phyDef": 0,
        "rage_reduce": 0,
        "universal_resistance": 0,
        "ignore_resistance": 0,
        "float_resistance": 0,
        "cd_speed": 0,
        "support_consume": 0,
        "general_atk_all": 350,
        "general_def_all": 0,
        "all_crit": 0,
        "ignore_def_all": 0,
        "skill_atk": 0,
        "skill_def": 0,
        "skill_crit": 0,
        "crit_resistance": 0,
        "final_extra": 0,
        "final_reduce": 0,
        "ignore_magicDef": 0,
        "extra": "镶嵌在神兵上可增加350点攻击。集齐3个可以合成一个4级攻击玉石。",
        "des": "镶嵌在神兵上可增加350点攻击。集齐3个可以合成一个4级攻击玉石。",
        "little_path": "buff_icon_wu_png",
        "path": "buff_icon_wu_png"
    },
    "120302": {
        "id": 120302,
        "name": "3级生命玉石",
        "quality": 3,
        "price": 100,
        "drop_count": 1,
        "drop_time": 5,
        "overdue_time": "",
        "priority": 5,
        "compose_id": "120402",
        "compose_count": 3,
        "update_cost": 10000,
        "jade_type": 2,
        "jade_level": 3,
        "refresh_consume": 15,
        "refresh_power": 4,
        "refresh_up_rand": 25,
        "show_type": 0,
        "general_hp": 17500,
        "general_atk": 0,
        "general_def": 0,
        "atk_crit": 0,
        "crit_extra": 0,
        "dodge_rate": 0,
        "hit_rate": 0,
        "ignore_phyDef": 0,
        "rage_reduce": 0,
        "universal_resistance": 0,
        "ignore_resistance": 0,
        "float_resistance": 0,
        "cd_speed": 0,
        "support_consume": 0,
        "general_atk_all": 0,
        "general_def_all": 0,
        "all_crit": 0,
        "ignore_def_all": 0,
        "skill_atk": 0,
        "skill_def": 0,
        "skill_crit": 0,
        "crit_resistance": 0,
        "final_extra": 0,
        "final_reduce": 0,
        "ignore_magicDef": 0,
        "extra": "镶嵌在神兵上可增加17500点生命。集齐3个可以合成一个4级生命玉石。",
        "des": "镶嵌在神兵上可增加17500点生命。集齐3个可以合成一个4级生命玉石。",
        "little_path": "buff_icon_wu_png",
        "path": "buff_icon_wu_png"
    },
    "120303": {
        "id": 120303,
        "name": "3级防御玉石",
        "quality": 3,
        "price": 100,
        "drop_count": 1,
        "drop_time": 5,
        "overdue_time": "",
        "priority": 4,
        "compose_id": "120403",
        "compose_count": 3,
        "update_cost": 10000,
        "jade_type": 3,
        "jade_level": 3,
        "refresh_consume": 15,
        "refresh_power": 6,
        "refresh_up_rand": 25,
        "show_type": 0,
        "general_hp": 0,
        "general_atk": 0,
        "general_def": 0,
        "atk_crit": 0,
        "crit_extra": 0,
        "dodge_rate": 0,
        "hit_rate": 0,
        "ignore_phyDef": 0,
        "rage_reduce": 0,
        "universal_resistance": 0,
        "ignore_resistance": 0,
        "float_resistance": 0,
        "cd_speed": 0,
        "support_consume": 0,
        "general_atk_all": 0,
        "general_def_all": 2800,
        "all_crit": 0,
        "ignore_def_all": 0,
        "skill_atk": 0,
        "skill_def": 0,
        "skill_crit": 0,
        "crit_resistance": 0,
        "final_extra": 0,
        "final_reduce": 0,
        "ignore_magicDef": 0,
        "extra": "镶嵌在神兵上可增加2800点防御。集齐3个可以合成一个4级防御玉石。",
        "des": "镶嵌在神兵上可增加2800点防御。集齐3个可以合成一个4级防御玉石。",
        "little_path": "buff_icon_wu_png",
        "path": "buff_icon_wu_png"
    },
    "120304": {
        "id": 120304,
        "name": "3级暴击玉石",
        "quality": 3,
        "price": 100,
        "drop_count": 1,
        "drop_time": 5,
        "overdue_time": "",
        "priority": 3,
        "compose_id": "120404",
        "compose_count": 3,
        "update_cost": 10000,
        "jade_type": 4,
        "jade_level": 3,
        "refresh_consume": 15,
        "refresh_power": 6,
        "refresh_up_rand": 25,
        "show_type": 0,
        "general_hp": 0,
        "general_atk": 0,
        "general_def": 0,
        "atk_crit": 0,
        "crit_extra": 0,
        "dodge_rate": 0,
        "hit_rate": 0,
        "ignore_phyDef": 0,
        "rage_reduce": 0,
        "universal_resistance": 0,
        "ignore_resistance": 0,
        "float_resistance": 0,
        "cd_speed": 0,
        "support_consume": 0,
        "general_atk_all": 0,
        "general_def_all": 0,
        "all_crit": 3500,
        "ignore_def_all": 0,
        "skill_atk": 0,
        "skill_def": 0,
        "skill_crit": 0,
        "crit_resistance": 0,
        "final_extra": 0,
        "final_reduce": 0,
        "ignore_magicDef": 0,
        "extra": "镶嵌在神兵上可增加3500点暴击。集齐3个可以合成一个4级暴击玉石。",
        "des": "镶嵌在神兵上可增加3500点暴击。集齐3个可以合成一个4级暴击玉石。",
        "little_path": "buff_icon_wu_png",
        "path": "buff_icon_wu_png"
    },
    "120305": {
        "id": 120305,
        "name": "3级闪避玉石",
        "quality": 3,
        "price": 100,
        "drop_count": 1,
        "drop_time": 5,
        "overdue_time": "",
        "priority": 2,
        "compose_id": "120405",
        "compose_count": 3,
        "update_cost": 10000,
        "jade_type": 5,
        "jade_level": 3,
        "refresh_consume": 15,
        "refresh_power": 10,
        "refresh_up_rand": 25,
        "show_type": 0,
        "general_hp": 0,
        "general_atk": 0,
        "general_def": 0,
        "atk_crit": 0,
        "crit_extra": 0,
        "dodge_rate": 2800,
        "hit_rate": 0,
        "ignore_phyDef": 0,
        "rage_reduce": 0,
        "universal_resistance": 0,
        "ignore_resistance": 0,
        "float_resistance": 0,
        "cd_speed": 0,
        "support_consume": 0,
        "general_atk_all": 0,
        "general_def_all": 0,
        "all_crit": 0,
        "ignore_def_all": 0,
        "skill_atk": 0,
        "skill_def": 0,
        "skill_crit": 0,
        "crit_resistance": 0,
        "final_extra": 0,
        "final_reduce": 0,
        "ignore_magicDef": 0,
        "extra": "镶嵌在神兵上可增加2800点闪避。集齐3个可以合成一个4级闪避玉石。",
        "des": "镶嵌在神兵上可增加2800点闪避。集齐3个可以合成一个4级闪避玉石。",
        "little_path": "buff_icon_wu_png",
        "path": "buff_icon_wu_png"
    },
    "120306": {
        "id": 120306,
        "name": "3级命中玉石",
        "quality": 3,
        "price": 100,
        "drop_count": 1,
        "drop_time": 5,
        "overdue_time": "",
        "priority": 1,
        "compose_id": "120406",
        "compose_count": 3,
        "update_cost": 10000,
        "jade_type": 6,
        "jade_level": 3,
        "refresh_consume": 15,
        "refresh_power": 10,
        "refresh_up_rand": 25,
        "show_type": 0,
        "general_hp": 0,
        "general_atk": 0,
        "general_def": 0,
        "atk_crit": 0,
        "crit_extra": 0,
        "dodge_rate": 0,
        "hit_rate": 3500,
        "ignore_phyDef": 0,
        "rage_reduce": 0,
        "universal_resistance": 0,
        "ignore_resistance": 0,
        "float_resistance": 0,
        "cd_speed": 0,
        "support_consume": 0,
        "general_atk_all": 0,
        "general_def_all": 0,
        "all_crit": 0,
        "ignore_def_all": 0,
        "skill_atk": 0,
        "skill_def": 0,
        "skill_crit": 0,
        "crit_resistance": 0,
        "final_extra": 0,
        "final_reduce": 0,
        "ignore_magicDef": 0,
        "extra": "镶嵌在神兵上可增加3500点命中。集齐3个可以合成一个4级命中玉石。",
        "des": "镶嵌在神兵上可增加3500点命中。集齐3个可以合成一个4级命中玉石。",
        "little_path": "buff_icon_wu_png",
        "path": "buff_icon_wu_png"
    },
    "120401": {
        "id": 120401,
        "name": "4级攻击玉石",
        "quality": 3,
        "price": 100,
        "drop_count": 1,
        "drop_time": 5,
        "overdue_time": "",
        "priority": 6,
        "compose_id": "120501",
        "compose_count": 3,
        "update_cost": 25000,
        "jade_type": 1,
        "jade_level": 4,
        "refresh_consume": 30,
        "refresh_power": 3,
        "refresh_up_rand": 20,
        "show_type": 0,
        "general_hp": 0,
        "general_atk": 0,
        "general_def": 0,
        "atk_crit": 0,
        "crit_extra": 0,
        "dodge_rate": 0,
        "hit_rate": 0,
        "ignore_phyDef": 0,
        "rage_reduce": 0,
        "universal_resistance": 0,
        "ignore_resistance": 0,
        "float_resistance": 0,
        "cd_speed": 0,
        "support_consume": 0,
        "general_atk_all": 500,
        "general_def_all": 0,
        "all_crit": 0,
        "ignore_def_all": 0,
        "skill_atk": 0,
        "skill_def": 0,
        "skill_crit": 0,
        "crit_resistance": 0,
        "final_extra": 0,
        "final_reduce": 0,
        "ignore_magicDef": 0,
        "extra": "镶嵌在神兵上可增加500点攻击。集齐3个可以合成一个5级攻击玉石。",
        "des": "镶嵌在神兵上可增加500点攻击。集齐3个可以合成一个5级攻击玉石。",
        "little_path": "buff_icon_wu_png",
        "path": "buff_icon_wu_png"
    },
    "120402": {
        "id": 120402,
        "name": "4级生命玉石",
        "quality": 3,
        "price": 100,
        "drop_count": 1,
        "drop_time": 5,
        "overdue_time": "",
        "priority": 5,
        "compose_id": "120502",
        "compose_count": 3,
        "update_cost": 25000,
        "jade_type": 2,
        "jade_level": 4,
        "refresh_consume": 30,
        "refresh_power": 4,
        "refresh_up_rand": 20,
        "show_type": 0,
        "general_hp": 25000,
        "general_atk": 0,
        "general_def": 0,
        "atk_crit": 0,
        "crit_extra": 0,
        "dodge_rate": 0,
        "hit_rate": 0,
        "ignore_phyDef": 0,
        "rage_reduce": 0,
        "universal_resistance": 0,
        "ignore_resistance": 0,
        "float_resistance": 0,
        "cd_speed": 0,
        "support_consume": 0,
        "general_atk_all": 0,
        "general_def_all": 0,
        "all_crit": 0,
        "ignore_def_all": 0,
        "skill_atk": 0,
        "skill_def": 0,
        "skill_crit": 0,
        "crit_resistance": 0,
        "final_extra": 0,
        "final_reduce": 0,
        "ignore_magicDef": 0,
        "extra": "镶嵌在神兵上可增加25000点生命。集齐3个可以合成一个5级生命玉石。",
        "des": "镶嵌在神兵上可增加25000点生命。集齐3个可以合成一个5级生命玉石。",
        "little_path": "buff_icon_wu_png",
        "path": "buff_icon_wu_png"
    },
    "120403": {
        "id": 120403,
        "name": "4级防御玉石",
        "quality": 3,
        "price": 100,
        "drop_count": 1,
        "drop_time": 5,
        "overdue_time": "",
        "priority": 4,
        "compose_id": "120503",
        "compose_count": 3,
        "update_cost": 25000,
        "jade_type": 3,
        "jade_level": 4,
        "refresh_consume": 30,
        "refresh_power": 6,
        "refresh_up_rand": 20,
        "show_type": 0,
        "general_hp": 0,
        "general_atk": 0,
        "general_def": 0,
        "atk_crit": 0,
        "crit_extra": 0,
        "dodge_rate": 0,
        "hit_rate": 0,
        "ignore_phyDef": 0,
        "rage_reduce": 0,
        "universal_resistance": 0,
        "ignore_resistance": 0,
        "float_resistance": 0,
        "cd_speed": 0,
        "support_consume": 0,
        "general_atk_all": 0,
        "general_def_all": 4000,
        "all_crit": 0,
        "ignore_def_all": 0,
        "skill_atk": 0,
        "skill_def": 0,
        "skill_crit": 0,
        "crit_resistance": 0,
        "final_extra": 0,
        "final_reduce": 0,
        "ignore_magicDef": 0,
        "extra": "镶嵌在神兵上可增加4000点防御。集齐3个可以合成一个5级防御玉石。",
        "des": "镶嵌在神兵上可增加4000点防御。集齐3个可以合成一个5级防御玉石。",
        "little_path": "buff_icon_wu_png",
        "path": "buff_icon_wu_png"
    },
    "120404": {
        "id": 120404,
        "name": "4级暴击玉石",
        "quality": 3,
        "price": 100,
        "drop_count": 1,
        "drop_time": 5,
        "overdue_time": "",
        "priority": 3,
        "compose_id": "120504",
        "compose_count": 3,
        "update_cost": 25000,
        "jade_type": 4,
        "jade_level": 4,
        "refresh_consume": 30,
        "refresh_power": 7,
        "refresh_up_rand": 20,
        "show_type": 0,
        "general_hp": 0,
        "general_atk": 0,
        "general_def": 0,
        "atk_crit": 0,
        "crit_extra": 0,
        "dodge_rate": 0,
        "hit_rate": 0,
        "ignore_phyDef": 0,
        "rage_reduce": 0,
        "universal_resistance": 0,
        "ignore_resistance": 0,
        "float_resistance": 0,
        "cd_speed": 0,
        "support_consume": 0,
        "general_atk_all": 0,
        "general_def_all": 0,
        "all_crit": 5000,
        "ignore_def_all": 0,
        "skill_atk": 0,
        "skill_def": 0,
        "skill_crit": 0,
        "crit_resistance": 0,
        "final_extra": 0,
        "final_reduce": 0,
        "ignore_magicDef": 0,
        "extra": "镶嵌在神兵上可增加5000点暴击。集齐3个可以合成一个5级暴击玉石。",
        "des": "镶嵌在神兵上可增加5000点暴击。集齐3个可以合成一个5级暴击玉石。",
        "little_path": "buff_icon_wu_png",
        "path": "buff_icon_wu_png"
    },
    "120405": {
        "id": 120405,
        "name": "4级闪避玉石",
        "quality": 3,
        "price": 100,
        "drop_count": 1,
        "drop_time": 5,
        "overdue_time": "",
        "priority": 2,
        "compose_id": "120505",
        "compose_count": 3,
        "update_cost": 25000,
        "jade_type": 5,
        "jade_level": 4,
        "refresh_consume": 30,
        "refresh_power": 10,
        "refresh_up_rand": 20,
        "show_type": 0,
        "general_hp": 0,
        "general_atk": 0,
        "general_def": 0,
        "atk_crit": 0,
        "crit_extra": 0,
        "dodge_rate": 4000,
        "hit_rate": 0,
        "ignore_phyDef": 0,
        "rage_reduce": 0,
        "universal_resistance": 0,
        "ignore_resistance": 0,
        "float_resistance": 0,
        "cd_speed": 0,
        "support_consume": 0,
        "general_atk_all": 0,
        "general_def_all": 0,
        "all_crit": 0,
        "ignore_def_all": 0,
        "skill_atk": 0,
        "skill_def": 0,
        "skill_crit": 0,
        "crit_resistance": 0,
        "final_extra": 0,
        "final_reduce": 0,
        "ignore_magicDef": 0,
        "extra": "镶嵌在神兵上可增加4000点闪避。集齐3个可以合成一个5级闪避玉石。",
        "des": "镶嵌在神兵上可增加4000点闪避。集齐3个可以合成一个5级闪避玉石。",
        "little_path": "buff_icon_wu_png",
        "path": "buff_icon_wu_png"
    },
    "120406": {
        "id": 120406,
        "name": "4级命中玉石",
        "quality": 3,
        "price": 100,
        "drop_count": 1,
        "drop_time": 5,
        "overdue_time": "",
        "priority": 1,
        "compose_id": "120506",
        "compose_count": 3,
        "update_cost": 25000,
        "jade_type": 6,
        "jade_level": 4,
        "refresh_consume": 30,
        "refresh_power": 10,
        "refresh_up_rand": 20,
        "show_type": 0,
        "general_hp": 0,
        "general_atk": 0,
        "general_def": 0,
        "atk_crit": 0,
        "crit_extra": 0,
        "dodge_rate": 0,
        "hit_rate": 5000,
        "ignore_phyDef": 0,
        "rage_reduce": 0,
        "universal_resistance": 0,
        "ignore_resistance": 0,
        "float_resistance": 0,
        "cd_speed": 0,
        "support_consume": 0,
        "general_atk_all": 0,
        "general_def_all": 0,
        "all_crit": 0,
        "ignore_def_all": 0,
        "skill_atk": 0,
        "skill_def": 0,
        "skill_crit": 0,
        "crit_resistance": 0,
        "final_extra": 0,
        "final_reduce": 0,
        "ignore_magicDef": 0,
        "extra": "镶嵌在神兵上可增加5000点命中。集齐3个可以合成一个5级命中玉石。",
        "des": "镶嵌在神兵上可增加5000点命中。集齐3个可以合成一个5级命中玉石。",
        "little_path": "buff_icon_wu_png",
        "path": "buff_icon_wu_png"
    },
    "120501": {
        "id": 120501,
        "name": "5级攻击玉石",
        "quality": 4,
        "price": 200,
        "drop_count": 1,
        "drop_time": 5,
        "overdue_time": "",
        "priority": 6,
        "compose_id": "120601",
        "compose_count": 3,
        "update_cost": 50000,
        "jade_type": 1,
        "jade_level": 5,
        "refresh_consume": 50,
        "refresh_power": 3,
        "refresh_up_rand": 15,
        "show_type": 0,
        "general_hp": 0,
        "general_atk": 0,
        "general_def": 0,
        "atk_crit": 0,
        "crit_extra": 0,
        "dodge_rate": 0,
        "hit_rate": 0,
        "ignore_phyDef": 0,
        "rage_reduce": 0,
        "universal_resistance": 0,
        "ignore_resistance": 0,
        "float_resistance": 0,
        "cd_speed": 0,
        "support_consume": 0,
        "general_atk_all": 750,
        "general_def_all": 0,
        "all_crit": 0,
        "ignore_def_all": 0,
        "skill_atk": 0,
        "skill_def": 0,
        "skill_crit": 0,
        "crit_resistance": 0,
        "final_extra": 0,
        "final_reduce": 0,
        "ignore_magicDef": 0,
        "extra": "镶嵌在神兵上可增加750点攻击。集齐3个可以合成一个6级攻击玉石。",
        "des": "镶嵌在神兵上可增加750点攻击。集齐3个可以合成一个6级攻击玉石。",
        "little_path": "buff_icon_wu_png",
        "path": "buff_icon_wu_png"
    },
    "120502": {
        "id": 120502,
        "name": "5级生命玉石",
        "quality": 4,
        "price": 200,
        "drop_count": 1,
        "drop_time": 5,
        "overdue_time": "",
        "priority": 5,
        "compose_id": "120602",
        "compose_count": 3,
        "update_cost": 50000,
        "jade_type": 2,
        "jade_level": 5,
        "refresh_consume": 50,
        "refresh_power": 4,
        "refresh_up_rand": 15,
        "show_type": 0,
        "general_hp": 37500,
        "general_atk": 0,
        "general_def": 0,
        "atk_crit": 0,
        "crit_extra": 0,
        "dodge_rate": 0,
        "hit_rate": 0,
        "ignore_phyDef": 0,
        "rage_reduce": 0,
        "universal_resistance": 0,
        "ignore_resistance": 0,
        "float_resistance": 0,
        "cd_speed": 0,
        "support_consume": 0,
        "general_atk_all": 0,
        "general_def_all": 0,
        "all_crit": 0,
        "ignore_def_all": 0,
        "skill_atk": 0,
        "skill_def": 0,
        "skill_crit": 0,
        "crit_resistance": 0,
        "final_extra": 0,
        "final_reduce": 0,
        "ignore_magicDef": 0,
        "extra": "镶嵌在神兵上可增加37500点生命。集齐3个可以合成一个6级生命玉石。",
        "des": "镶嵌在神兵上可增加37500点生命。集齐3个可以合成一个6级生命玉石。",
        "little_path": "buff_icon_wu_png",
        "path": "buff_icon_wu_png"
    },
    "120503": {
        "id": 120503,
        "name": "5级防御玉石",
        "quality": 4,
        "price": 200,
        "drop_count": 1,
        "drop_time": 5,
        "overdue_time": "",
        "priority": 4,
        "compose_id": "120603",
        "compose_count": 3,
        "update_cost": 50000,
        "jade_type": 3,
        "jade_level": 5,
        "refresh_consume": 50,
        "refresh_power": 6,
        "refresh_up_rand": 15,
        "show_type": 0,
        "general_hp": 0,
        "general_atk": 0,
        "general_def": 0,
        "atk_crit": 0,
        "crit_extra": 0,
        "dodge_rate": 0,
        "hit_rate": 0,
        "ignore_phyDef": 0,
        "rage_reduce": 0,
        "universal_resistance": 0,
        "ignore_resistance": 0,
        "float_resistance": 0,
        "cd_speed": 0,
        "support_consume": 0,
        "general_atk_all": 0,
        "general_def_all": 6000,
        "all_crit": 0,
        "ignore_def_all": 0,
        "skill_atk": 0,
        "skill_def": 0,
        "skill_crit": 0,
        "crit_resistance": 0,
        "final_extra": 0,
        "final_reduce": 0,
        "ignore_magicDef": 0,
        "extra": "镶嵌在神兵上可增加6000点防御。集齐3个可以合成一个6级防御玉石。",
        "des": "镶嵌在神兵上可增加6000点防御。集齐3个可以合成一个6级防御玉石。",
        "little_path": "buff_icon_wu_png",
        "path": "buff_icon_wu_png"
    },
    "120504": {
        "id": 120504,
        "name": "5级暴击玉石",
        "quality": 4,
        "price": 200,
        "drop_count": 1,
        "drop_time": 5,
        "overdue_time": "",
        "priority": 3,
        "compose_id": "120604",
        "compose_count": 3,
        "update_cost": 50000,
        "jade_type": 4,
        "jade_level": 5,
        "refresh_consume": 50,
        "refresh_power": 7,
        "refresh_up_rand": 15,
        "show_type": 0,
        "general_hp": 0,
        "general_atk": 0,
        "general_def": 0,
        "atk_crit": 0,
        "crit_extra": 0,
        "dodge_rate": 0,
        "hit_rate": 0,
        "ignore_phyDef": 0,
        "rage_reduce": 0,
        "universal_resistance": 0,
        "ignore_resistance": 0,
        "float_resistance": 0,
        "cd_speed": 0,
        "support_consume": 0,
        "general_atk_all": 0,
        "general_def_all": 0,
        "all_crit": 7500,
        "ignore_def_all": 0,
        "skill_atk": 0,
        "skill_def": 0,
        "skill_crit": 0,
        "crit_resistance": 0,
        "final_extra": 0,
        "final_reduce": 0,
        "ignore_magicDef": 0,
        "extra": "镶嵌在神兵上可增加7500点暴击。集齐3个可以合成一个6级暴击玉石。",
        "des": "镶嵌在神兵上可增加7500点暴击。集齐3个可以合成一个6级暴击玉石。",
        "little_path": "buff_icon_wu_png",
        "path": "buff_icon_wu_png"
    },
    "120505": {
        "id": 120505,
        "name": "5级闪避玉石",
        "quality": 4,
        "price": 200,
        "drop_count": 1,
        "drop_time": 5,
        "overdue_time": "",
        "priority": 2,
        "compose_id": "120605",
        "compose_count": 3,
        "update_cost": 50000,
        "jade_type": 5,
        "jade_level": 5,
        "refresh_consume": 50,
        "refresh_power": 10,
        "refresh_up_rand": 15,
        "show_type": 0,
        "general_hp": 0,
        "general_atk": 0,
        "general_def": 0,
        "atk_crit": 0,
        "crit_extra": 0,
        "dodge_rate": 6000,
        "hit_rate": 0,
        "ignore_phyDef": 0,
        "rage_reduce": 0,
        "universal_resistance": 0,
        "ignore_resistance": 0,
        "float_resistance": 0,
        "cd_speed": 0,
        "support_consume": 0,
        "general_atk_all": 0,
        "general_def_all": 0,
        "all_crit": 0,
        "ignore_def_all": 0,
        "skill_atk": 0,
        "skill_def": 0,
        "skill_crit": 0,
        "crit_resistance": 0,
        "final_extra": 0,
        "final_reduce": 0,
        "ignore_magicDef": 0,
        "extra": "镶嵌在神兵上可增加6000点闪避。集齐3个可以合成一个6级闪避玉石。",
        "des": "镶嵌在神兵上可增加6000点闪避。集齐3个可以合成一个6级闪避玉石。",
        "little_path": "buff_icon_wu_png",
        "path": "buff_icon_wu_png"
    },
    "120506": {
        "id": 120506,
        "name": "5级命中玉石",
        "quality": 4,
        "price": 200,
        "drop_count": 1,
        "drop_time": 5,
        "overdue_time": "",
        "priority": 1,
        "compose_id": "120606",
        "compose_count": 3,
        "update_cost": 50000,
        "jade_type": 6,
        "jade_level": 5,
        "refresh_consume": 50,
        "refresh_power": 10,
        "refresh_up_rand": 15,
        "show_type": 0,
        "general_hp": 0,
        "general_atk": 0,
        "general_def": 0,
        "atk_crit": 0,
        "crit_extra": 0,
        "dodge_rate": 0,
        "hit_rate": 7500,
        "ignore_phyDef": 0,
        "rage_reduce": 0,
        "universal_resistance": 0,
        "ignore_resistance": 0,
        "float_resistance": 0,
        "cd_speed": 0,
        "support_consume": 0,
        "general_atk_all": 0,
        "general_def_all": 0,
        "all_crit": 0,
        "ignore_def_all": 0,
        "skill_atk": 0,
        "skill_def": 0,
        "skill_crit": 0,
        "crit_resistance": 0,
        "final_extra": 0,
        "final_reduce": 0,
        "ignore_magicDef": 0,
        "extra": "镶嵌在神兵上可增加7500点命中。集齐3个可以合成一个6级命中玉石。",
        "des": "镶嵌在神兵上可增加7500点命中。集齐3个可以合成一个6级命中玉石。",
        "little_path": "buff_icon_wu_png",
        "path": "buff_icon_wu_png"
    },
    "120601": {
        "id": 120601,
        "name": "6级攻击玉石",
        "quality": 4,
        "price": 200,
        "drop_count": 1,
        "drop_time": 5,
        "overdue_time": "",
        "priority": 6,
        "compose_id": "120701",
        "compose_count": 3,
        "update_cost": 100000,
        "jade_type": 1,
        "jade_level": 6,
        "refresh_consume": 75,
        "refresh_power": 3,
        "refresh_up_rand": 10,
        "show_type": 1,
        "general_hp": 0,
        "general_atk": 0,
        "general_def": 0,
        "atk_crit": 0,
        "crit_extra": 0,
        "dodge_rate": 0,
        "hit_rate": 0,
        "ignore_phyDef": 0,
        "rage_reduce": 0,
        "universal_resistance": 0,
        "ignore_resistance": 0,
        "float_resistance": 0,
        "cd_speed": 0,
        "support_consume": 0,
        "general_atk_all": 1000,
        "general_def_all": 0,
        "all_crit": 0,
        "ignore_def_all": 0,
        "skill_atk": 0,
        "skill_def": 0,
        "skill_crit": 0,
        "crit_resistance": 0,
        "final_extra": 0,
        "final_reduce": 0,
        "ignore_magicDef": 0,
        "extra": "镶嵌在神兵上可增加1000点攻击。集齐3个可以合成一个7级攻击玉石。",
        "des": "镶嵌在神兵上可增加1000点攻击。集齐3个可以合成一个7级攻击玉石。",
        "little_path": "buff_icon_wu_png",
        "path": "buff_icon_wu_png"
    },
    "120602": {
        "id": 120602,
        "name": "6级生命玉石",
        "quality": 4,
        "price": 200,
        "drop_count": 1,
        "drop_time": 5,
        "overdue_time": "",
        "priority": 5,
        "compose_id": "120702",
        "compose_count": 3,
        "update_cost": 100000,
        "jade_type": 2,
        "jade_level": 6,
        "refresh_consume": 75,
        "refresh_power": 4,
        "refresh_up_rand": 10,
        "show_type": 1,
        "general_hp": 50000,
        "general_atk": 0,
        "general_def": 0,
        "atk_crit": 0,
        "crit_extra": 0,
        "dodge_rate": 0,
        "hit_rate": 0,
        "ignore_phyDef": 0,
        "rage_reduce": 0,
        "universal_resistance": 0,
        "ignore_resistance": 0,
        "float_resistance": 0,
        "cd_speed": 0,
        "support_consume": 0,
        "general_atk_all": 0,
        "general_def_all": 0,
        "all_crit": 0,
        "ignore_def_all": 0,
        "skill_atk": 0,
        "skill_def": 0,
        "skill_crit": 0,
        "crit_resistance": 0,
        "final_extra": 0,
        "final_reduce": 0,
        "ignore_magicDef": 0,
        "extra": "镶嵌在神兵上可增加50000点生命。集齐3个可以合成一个7级生命玉石。",
        "des": "镶嵌在神兵上可增加50000点生命。集齐3个可以合成一个7级生命玉石。",
        "little_path": "buff_icon_wu_png",
        "path": "buff_icon_wu_png"
    },
    "120603": {
        "id": 120603,
        "name": "6级防御玉石",
        "quality": 4,
        "price": 200,
        "drop_count": 1,
        "drop_time": 5,
        "overdue_time": "",
        "priority": 4,
        "compose_id": "120703",
        "compose_count": 3,
        "update_cost": 100000,
        "jade_type": 3,
        "jade_level": 6,
        "refresh_consume": 75,
        "refresh_power": 6,
        "refresh_up_rand": 10,
        "show_type": 1,
        "general_hp": 0,
        "general_atk": 0,
        "general_def": 0,
        "atk_crit": 0,
        "crit_extra": 0,
        "dodge_rate": 0,
        "hit_rate": 0,
        "ignore_phyDef": 0,
        "rage_reduce": 0,
        "universal_resistance": 0,
        "ignore_resistance": 0,
        "float_resistance": 0,
        "cd_speed": 0,
        "support_consume": 0,
        "general_atk_all": 0,
        "general_def_all": 8000,
        "all_crit": 0,
        "ignore_def_all": 0,
        "skill_atk": 0,
        "skill_def": 0,
        "skill_crit": 0,
        "crit_resistance": 0,
        "final_extra": 0,
        "final_reduce": 0,
        "ignore_magicDef": 0,
        "extra": "镶嵌在神兵上可增加8000点防御。集齐3个可以合成一个7级防御玉石。",
        "des": "镶嵌在神兵上可增加8000点防御。集齐3个可以合成一个7级防御玉石。",
        "little_path": "buff_icon_wu_png",
        "path": "buff_icon_wu_png"
    },
    "120604": {
        "id": 120604,
        "name": "6级暴击玉石",
        "quality": 4,
        "price": 200,
        "drop_count": 1,
        "drop_time": 5,
        "overdue_time": "",
        "priority": 3,
        "compose_id": "120704",
        "compose_count": 3,
        "update_cost": 100000,
        "jade_type": 4,
        "jade_level": 6,
        "refresh_consume": 75,
        "refresh_power": 7,
        "refresh_up_rand": 10,
        "show_type": 1,
        "general_hp": 0,
        "general_atk": 0,
        "general_def": 0,
        "atk_crit": 0,
        "crit_extra": 0,
        "dodge_rate": 0,
        "hit_rate": 0,
        "ignore_phyDef": 0,
        "rage_reduce": 0,
        "universal_resistance": 0,
        "ignore_resistance": 0,
        "float_resistance": 0,
        "cd_speed": 0,
        "support_consume": 0,
        "general_atk_all": 0,
        "general_def_all": 0,
        "all_crit": 10000,
        "ignore_def_all": 0,
        "skill_atk": 0,
        "skill_def": 0,
        "skill_crit": 0,
        "crit_resistance": 0,
        "final_extra": 0,
        "final_reduce": 0,
        "ignore_magicDef": 0,
        "extra": "镶嵌在神兵上可增加10000点暴击。集齐3个可以合成一个7级暴击玉石。",
        "des": "镶嵌在神兵上可增加10000点暴击。集齐3个可以合成一个7级暴击玉石。",
        "little_path": "buff_icon_wu_png",
        "path": "buff_icon_wu_png"
    },
    "120605": {
        "id": 120605,
        "name": "6级闪避玉石",
        "quality": 4,
        "price": 200,
        "drop_count": 1,
        "drop_time": 5,
        "overdue_time": "",
        "priority": 2,
        "compose_id": "120705",
        "compose_count": 3,
        "update_cost": 100000,
        "jade_type": 5,
        "jade_level": 6,
        "refresh_consume": 75,
        "refresh_power": 10,
        "refresh_up_rand": 10,
        "show_type": 1,
        "general_hp": 0,
        "general_atk": 0,
        "general_def": 0,
        "atk_crit": 0,
        "crit_extra": 0,
        "dodge_rate": 8000,
        "hit_rate": 0,
        "ignore_phyDef": 0,
        "rage_reduce": 0,
        "universal_resistance": 0,
        "ignore_resistance": 0,
        "float_resistance": 0,
        "cd_speed": 0,
        "support_consume": 0,
        "general_atk_all": 0,
        "general_def_all": 0,
        "all_crit": 0,
        "ignore_def_all": 0,
        "skill_atk": 0,
        "skill_def": 0,
        "skill_crit": 0,
        "crit_resistance": 0,
        "final_extra": 0,
        "final_reduce": 0,
        "ignore_magicDef": 0,
        "extra": "镶嵌在神兵上可增加8000点闪避。集齐3个可以合成一个7级闪避玉石。",
        "des": "镶嵌在神兵上可增加8000点闪避。集齐3个可以合成一个7级闪避玉石。",
        "little_path": "buff_icon_wu_png",
        "path": "buff_icon_wu_png"
    },
    "120606": {
        "id": 120606,
        "name": "6级命中玉石",
        "quality": 4,
        "price": 200,
        "drop_count": 1,
        "drop_time": 5,
        "overdue_time": "",
        "priority": 1,
        "compose_id": "120706",
        "compose_count": 3,
        "update_cost": 100000,
        "jade_type": 6,
        "jade_level": 6,
        "refresh_consume": 75,
        "refresh_power": 10,
        "refresh_up_rand": 10,
        "show_type": 1,
        "general_hp": 0,
        "general_atk": 0,
        "general_def": 0,
        "atk_crit": 0,
        "crit_extra": 0,
        "dodge_rate": 0,
        "hit_rate": 10000,
        "ignore_phyDef": 0,
        "rage_reduce": 0,
        "universal_resistance": 0,
        "ignore_resistance": 0,
        "float_resistance": 0,
        "cd_speed": 0,
        "support_consume": 0,
        "general_atk_all": 0,
        "general_def_all": 0,
        "all_crit": 0,
        "ignore_def_all": 0,
        "skill_atk": 0,
        "skill_def": 0,
        "skill_crit": 0,
        "crit_resistance": 0,
        "final_extra": 0,
        "final_reduce": 0,
        "ignore_magicDef": 0,
        "extra": "镶嵌在神兵上可增加10000点命中。集齐3个可以合成一个7级命中玉石。",
        "des": "镶嵌在神兵上可增加10000点命中。集齐3个可以合成一个7级命中玉石。",
        "little_path": "buff_icon_wu_png",
        "path": "buff_icon_wu_png"
    },
    "120701": {
        "id": 120701,
        "name": "7级攻击玉石",
        "quality": 5,
        "price": 400,
        "drop_count": 1,
        "drop_time": 5,
        "overdue_time": "",
        "priority": 6,
        "compose_id": "120801",
        "compose_count": 3,
        "update_cost": 200000,
        "jade_type": 1,
        "jade_level": 7,
        "refresh_consume": 100,
        "refresh_power": 3,
        "refresh_up_rand": 5,
        "show_type": 1,
        "general_hp": 0,
        "general_atk": 0,
        "general_def": 0,
        "atk_crit": 0,
        "crit_extra": 0,
        "dodge_rate": 0,
        "hit_rate": 0,
        "ignore_phyDef": 0,
        "rage_reduce": 0,
        "universal_resistance": 0,
        "ignore_resistance": 0,
        "float_resistance": 0,
        "cd_speed": 0,
        "support_consume": 0,
        "general_atk_all": 1300,
        "general_def_all": 0,
        "all_crit": 0,
        "ignore_def_all": 0,
        "skill_atk": 0,
        "skill_def": 0,
        "skill_crit": 0,
        "crit_resistance": 0,
        "final_extra": 0,
        "final_reduce": 0,
        "ignore_magicDef": 0,
        "extra": "镶嵌在神兵上可增加1300点攻击。集齐3个可以合成一个8级攻击玉石。",
        "des": "镶嵌在神兵上可增加1300点攻击。集齐3个可以合成一个8级攻击玉石。",
        "little_path": "buff_icon_wu_png",
        "path": "buff_icon_wu_png"
    },
    "120702": {
        "id": 120702,
        "name": "7级生命玉石",
        "quality": 5,
        "price": 400,
        "drop_count": 1,
        "drop_time": 5,
        "overdue_time": "",
        "priority": 5,
        "compose_id": "120802",
        "compose_count": 3,
        "update_cost": 200000,
        "jade_type": 2,
        "jade_level": 7,
        "refresh_consume": 100,
        "refresh_power": 4,
        "refresh_up_rand": 5,
        "show_type": 1,
        "general_hp": 65000,
        "general_atk": 0,
        "general_def": 0,
        "atk_crit": 0,
        "crit_extra": 0,
        "dodge_rate": 0,
        "hit_rate": 0,
        "ignore_phyDef": 0,
        "rage_reduce": 0,
        "universal_resistance": 0,
        "ignore_resistance": 0,
        "float_resistance": 0,
        "cd_speed": 0,
        "support_consume": 0,
        "general_atk_all": 0,
        "general_def_all": 0,
        "all_crit": 0,
        "ignore_def_all": 0,
        "skill_atk": 0,
        "skill_def": 0,
        "skill_crit": 0,
        "crit_resistance": 0,
        "final_extra": 0,
        "final_reduce": 0,
        "ignore_magicDef": 0,
        "extra": "镶嵌在神兵上可增加65000点生命。集齐3个可以合成一个8级生命玉石。",
        "des": "镶嵌在神兵上可增加65000点生命。集齐3个可以合成一个8级生命玉石。",
        "little_path": "buff_icon_wu_png",
        "path": "buff_icon_wu_png"
    },
    "120703": {
        "id": 120703,
        "name": "7级防御玉石",
        "quality": 5,
        "price": 400,
        "drop_count": 1,
        "drop_time": 5,
        "overdue_time": "",
        "priority": 4,
        "compose_id": "120803",
        "compose_count": 3,
        "update_cost": 200000,
        "jade_type": 3,
        "jade_level": 7,
        "refresh_consume": 100,
        "refresh_power": 6,
        "refresh_up_rand": 5,
        "show_type": 1,
        "general_hp": 0,
        "general_atk": 0,
        "general_def": 0,
        "atk_crit": 0,
        "crit_extra": 0,
        "dodge_rate": 0,
        "hit_rate": 0,
        "ignore_phyDef": 0,
        "rage_reduce": 0,
        "universal_resistance": 0,
        "ignore_resistance": 0,
        "float_resistance": 0,
        "cd_speed": 0,
        "support_consume": 0,
        "general_atk_all": 0,
        "general_def_all": 10400,
        "all_crit": 0,
        "ignore_def_all": 0,
        "skill_atk": 0,
        "skill_def": 0,
        "skill_crit": 0,
        "crit_resistance": 0,
        "final_extra": 0,
        "final_reduce": 0,
        "ignore_magicDef": 0,
        "extra": "镶嵌在神兵上可增加10400点防御。集齐3个可以合成一个8级防御玉石。",
        "des": "镶嵌在神兵上可增加10400点防御。集齐3个可以合成一个8级防御玉石。",
        "little_path": "buff_icon_wu_png",
        "path": "buff_icon_wu_png"
    },
    "120704": {
        "id": 120704,
        "name": "7级暴击玉石",
        "quality": 5,
        "price": 400,
        "drop_count": 1,
        "drop_time": 5,
        "overdue_time": "",
        "priority": 3,
        "compose_id": "120804",
        "compose_count": 3,
        "update_cost": 200000,
        "jade_type": 4,
        "jade_level": 7,
        "refresh_consume": 100,
        "refresh_power": 7,
        "refresh_up_rand": 5,
        "show_type": 1,
        "general_hp": 0,
        "general_atk": 0,
        "general_def": 0,
        "atk_crit": 0,
        "crit_extra": 0,
        "dodge_rate": 0,
        "hit_rate": 0,
        "ignore_phyDef": 0,
        "rage_reduce": 0,
        "universal_resistance": 0,
        "ignore_resistance": 0,
        "float_resistance": 0,
        "cd_speed": 0,
        "support_consume": 0,
        "general_atk_all": 0,
        "general_def_all": 0,
        "all_crit": 13000,
        "ignore_def_all": 0,
        "skill_atk": 0,
        "skill_def": 0,
        "skill_crit": 0,
        "crit_resistance": 0,
        "final_extra": 0,
        "final_reduce": 0,
        "ignore_magicDef": 0,
        "extra": "镶嵌在神兵上可增加13000点暴击。集齐3个可以合成一个8级暴击玉石。",
        "des": "镶嵌在神兵上可增加13000点暴击。集齐3个可以合成一个8级暴击玉石。",
        "little_path": "buff_icon_wu_png",
        "path": "buff_icon_wu_png"
    },
    "120705": {
        "id": 120705,
        "name": "7级闪避玉石",
        "quality": 5,
        "price": 400,
        "drop_count": 1,
        "drop_time": 5,
        "overdue_time": "",
        "priority": 2,
        "compose_id": "120805",
        "compose_count": 3,
        "update_cost": 200000,
        "jade_type": 5,
        "jade_level": 7,
        "refresh_consume": 100,
        "refresh_power": 10,
        "refresh_up_rand": 5,
        "show_type": 1,
        "general_hp": 0,
        "general_atk": 0,
        "general_def": 0,
        "atk_crit": 0,
        "crit_extra": 0,
        "dodge_rate": 10400,
        "hit_rate": 0,
        "ignore_phyDef": 0,
        "rage_reduce": 0,
        "universal_resistance": 0,
        "ignore_resistance": 0,
        "float_resistance": 0,
        "cd_speed": 0,
        "support_consume": 0,
        "general_atk_all": 0,
        "general_def_all": 0,
        "all_crit": 0,
        "ignore_def_all": 0,
        "skill_atk": 0,
        "skill_def": 0,
        "skill_crit": 0,
        "crit_resistance": 0,
        "final_extra": 0,
        "final_reduce": 0,
        "ignore_magicDef": 0,
        "extra": "镶嵌在神兵上可增加10400点闪避。集齐3个可以合成一个8级闪避玉石。",
        "des": "镶嵌在神兵上可增加10400点闪避。集齐3个可以合成一个8级闪避玉石。",
        "little_path": "buff_icon_wu_png",
        "path": "buff_icon_wu_png"
    },
    "120706": {
        "id": 120706,
        "name": "7级命中玉石",
        "quality": 5,
        "price": 400,
        "drop_count": 1,
        "drop_time": 5,
        "overdue_time": "",
        "priority": 1,
        "compose_id": "120806",
        "compose_count": 3,
        "update_cost": 200000,
        "jade_type": 6,
        "jade_level": 7,
        "refresh_consume": 100,
        "refresh_power": 10,
        "refresh_up_rand": 5,
        "show_type": 1,
        "general_hp": 0,
        "general_atk": 0,
        "general_def": 0,
        "atk_crit": 0,
        "crit_extra": 0,
        "dodge_rate": 0,
        "hit_rate": 13000,
        "ignore_phyDef": 0,
        "rage_reduce": 0,
        "universal_resistance": 0,
        "ignore_resistance": 0,
        "float_resistance": 0,
        "cd_speed": 0,
        "support_consume": 0,
        "general_atk_all": 0,
        "general_def_all": 0,
        "all_crit": 0,
        "ignore_def_all": 0,
        "skill_atk": 0,
        "skill_def": 0,
        "skill_crit": 0,
        "crit_resistance": 0,
        "final_extra": 0,
        "final_reduce": 0,
        "ignore_magicDef": 0,
        "extra": "镶嵌在神兵上可增加13000点命中。集齐3个可以合成一个8级命中玉石。",
        "des": "镶嵌在神兵上可增加13000点命中。集齐3个可以合成一个8级命中玉石。",
        "little_path": "buff_icon_wu_png",
        "path": "buff_icon_wu_png"
    },
    "120801": {
        "id": 120801,
        "name": "8级攻击玉石",
        "quality": 5,
        "price": 400,
        "drop_count": 1,
        "drop_time": 5,
        "overdue_time": "",
        "priority": 6,
        "compose_id": "120901",
        "compose_count": 3,
        "update_cost": 400000,
        "jade_type": 1,
        "jade_level": 8,
        "refresh_consume": 150,
        "refresh_power": 3,
        "refresh_up_rand": 1,
        "show_type": 1,
        "general_hp": 0,
        "general_atk": 0,
        "general_def": 0,
        "atk_crit": 0,
        "crit_extra": 0,
        "dodge_rate": 0,
        "hit_rate": 0,
        "ignore_phyDef": 0,
        "rage_reduce": 0,
        "universal_resistance": 0,
        "ignore_resistance": 0,
        "float_resistance": 0,
        "cd_speed": 0,
        "support_consume": 0,
        "general_atk_all": 1600,
        "general_def_all": 0,
        "all_crit": 0,
        "ignore_def_all": 0,
        "skill_atk": 0,
        "skill_def": 0,
        "skill_crit": 0,
        "crit_resistance": 0,
        "final_extra": 0,
        "final_reduce": 0,
        "ignore_magicDef": 0,
        "extra": "镶嵌在神兵上可增加1600点攻击。集齐3个可以合成一个9级攻击玉石。",
        "des": "镶嵌在神兵上可增加1600点攻击。集齐3个可以合成一个9级攻击玉石。",
        "little_path": "buff_icon_wu_png",
        "path": "buff_icon_wu_png"
    },
    "120802": {
        "id": 120802,
        "name": "8级生命玉石",
        "quality": 5,
        "price": 400,
        "drop_count": 1,
        "drop_time": 5,
        "overdue_time": "",
        "priority": 5,
        "compose_id": "120902",
        "compose_count": 3,
        "update_cost": 400000,
        "jade_type": 2,
        "jade_level": 8,
        "refresh_consume": 150,
        "refresh_power": 4,
        "refresh_up_rand": 1,
        "show_type": 1,
        "general_hp": 80000,
        "general_atk": 0,
        "general_def": 0,
        "atk_crit": 0,
        "crit_extra": 0,
        "dodge_rate": 0,
        "hit_rate": 0,
        "ignore_phyDef": 0,
        "rage_reduce": 0,
        "universal_resistance": 0,
        "ignore_resistance": 0,
        "float_resistance": 0,
        "cd_speed": 0,
        "support_consume": 0,
        "general_atk_all": 0,
        "general_def_all": 0,
        "all_crit": 0,
        "ignore_def_all": 0,
        "skill_atk": 0,
        "skill_def": 0,
        "skill_crit": 0,
        "crit_resistance": 0,
        "final_extra": 0,
        "final_reduce": 0,
        "ignore_magicDef": 0,
        "extra": "镶嵌在神兵上可增加80000点生命。集齐3个可以合成一个9级生命玉石。",
        "des": "镶嵌在神兵上可增加80000点生命。集齐3个可以合成一个9级生命玉石。",
        "little_path": "buff_icon_wu_png",
        "path": "buff_icon_wu_png"
    },
    "120803": {
        "id": 120803,
        "name": "8级防御玉石",
        "quality": 5,
        "price": 400,
        "drop_count": 1,
        "drop_time": 5,
        "overdue_time": "",
        "priority": 4,
        "compose_id": "120903",
        "compose_count": 3,
        "update_cost": 400000,
        "jade_type": 3,
        "jade_level": 8,
        "refresh_consume": 150,
        "refresh_power": 6,
        "refresh_up_rand": 1,
        "show_type": 1,
        "general_hp": 0,
        "general_atk": 0,
        "general_def": 0,
        "atk_crit": 0,
        "crit_extra": 0,
        "dodge_rate": 0,
        "hit_rate": 0,
        "ignore_phyDef": 0,
        "rage_reduce": 0,
        "universal_resistance": 0,
        "ignore_resistance": 0,
        "float_resistance": 0,
        "cd_speed": 0,
        "support_consume": 0,
        "general_atk_all": 0,
        "general_def_all": 12800,
        "all_crit": 0,
        "ignore_def_all": 0,
        "skill_atk": 0,
        "skill_def": 0,
        "skill_crit": 0,
        "crit_resistance": 0,
        "final_extra": 0,
        "final_reduce": 0,
        "ignore_magicDef": 0,
        "extra": "镶嵌在神兵上可增加12800点防御。集齐3个可以合成一个9级防御玉石。",
        "des": "镶嵌在神兵上可增加12800点防御。集齐3个可以合成一个9级防御玉石。",
        "little_path": "buff_icon_wu_png",
        "path": "buff_icon_wu_png"
    },
    "120804": {
        "id": 120804,
        "name": "8级暴击玉石",
        "quality": 5,
        "price": 400,
        "drop_count": 1,
        "drop_time": 5,
        "overdue_time": "",
        "priority": 3,
        "compose_id": "120904",
        "compose_count": 3,
        "update_cost": 400000,
        "jade_type": 4,
        "jade_level": 8,
        "refresh_consume": 150,
        "refresh_power": 7,
        "refresh_up_rand": 1,
        "show_type": 1,
        "general_hp": 0,
        "general_atk": 0,
        "general_def": 0,
        "atk_crit": 0,
        "crit_extra": 0,
        "dodge_rate": 0,
        "hit_rate": 0,
        "ignore_phyDef": 0,
        "rage_reduce": 0,
        "universal_resistance": 0,
        "ignore_resistance": 0,
        "float_resistance": 0,
        "cd_speed": 0,
        "support_consume": 0,
        "general_atk_all": 0,
        "general_def_all": 0,
        "all_crit": 16000,
        "ignore_def_all": 0,
        "skill_atk": 0,
        "skill_def": 0,
        "skill_crit": 0,
        "crit_resistance": 0,
        "final_extra": 0,
        "final_reduce": 0,
        "ignore_magicDef": 0,
        "extra": "镶嵌在神兵上可增加16000点暴击。集齐3个可以合成一个9级暴击玉石。",
        "des": "镶嵌在神兵上可增加16000点暴击。集齐3个可以合成一个9级暴击玉石。",
        "little_path": "buff_icon_wu_png",
        "path": "buff_icon_wu_png"
    },
    "120805": {
        "id": 120805,
        "name": "8级闪避玉石",
        "quality": 5,
        "price": 400,
        "drop_count": 1,
        "drop_time": 5,
        "overdue_time": "",
        "priority": 2,
        "compose_id": "120905",
        "compose_count": 3,
        "update_cost": 400000,
        "jade_type": 5,
        "jade_level": 8,
        "refresh_consume": 150,
        "refresh_power": 10,
        "refresh_up_rand": 1,
        "show_type": 1,
        "general_hp": 0,
        "general_atk": 0,
        "general_def": 0,
        "atk_crit": 0,
        "crit_extra": 0,
        "dodge_rate": 12800,
        "hit_rate": 0,
        "ignore_phyDef": 0,
        "rage_reduce": 0,
        "universal_resistance": 0,
        "ignore_resistance": 0,
        "float_resistance": 0,
        "cd_speed": 0,
        "support_consume": 0,
        "general_atk_all": 0,
        "general_def_all": 0,
        "all_crit": 0,
        "ignore_def_all": 0,
        "skill_atk": 0,
        "skill_def": 0,
        "skill_crit": 0,
        "crit_resistance": 0,
        "final_extra": 0,
        "final_reduce": 0,
        "ignore_magicDef": 0,
        "extra": "镶嵌在神兵上可增加12800点闪避。集齐3个可以合成一个9级闪避玉石。",
        "des": "镶嵌在神兵上可增加12800点闪避。集齐3个可以合成一个9级闪避玉石。",
        "little_path": "buff_icon_wu_png",
        "path": "buff_icon_wu_png"
    },
    "120806": {
        "id": 120806,
        "name": "8级命中玉石",
        "quality": 5,
        "price": 400,
        "drop_count": 1,
        "drop_time": 5,
        "overdue_time": "",
        "priority": 1,
        "compose_id": "120906",
        "compose_count": 3,
        "update_cost": 400000,
        "jade_type": 6,
        "jade_level": 8,
        "refresh_consume": 150,
        "refresh_power": 10,
        "refresh_up_rand": 1,
        "show_type": 1,
        "general_hp": 0,
        "general_atk": 0,
        "general_def": 0,
        "atk_crit": 0,
        "crit_extra": 0,
        "dodge_rate": 0,
        "hit_rate": 16000,
        "ignore_phyDef": 0,
        "rage_reduce": 0,
        "universal_resistance": 0,
        "ignore_resistance": 0,
        "float_resistance": 0,
        "cd_speed": 0,
        "support_consume": 0,
        "general_atk_all": 0,
        "general_def_all": 0,
        "all_crit": 0,
        "ignore_def_all": 0,
        "skill_atk": 0,
        "skill_def": 0,
        "skill_crit": 0,
        "crit_resistance": 0,
        "final_extra": 0,
        "final_reduce": 0,
        "ignore_magicDef": 0,
        "extra": "镶嵌在神兵上可增加16000点命中。集齐3个可以合成一个9级命中玉石。",
        "des": "镶嵌在神兵上可增加16000点命中。集齐3个可以合成一个9级命中玉石。",
        "little_path": "buff_icon_wu_png",
        "path": "buff_icon_wu_png"
    },
    "120901": {
        "id": 120901,
        "name": "9级攻击玉石",
        "quality": 6,
        "price": 800,
        "drop_count": 1,
        "drop_time": 5,
        "overdue_time": "",
        "priority": 6,
        "compose_id": "121001",
        "compose_count": 3,
        "update_cost": 600000,
        "jade_type": 1,
        "jade_level": 9,
        "refresh_consume": 200,
        "refresh_power": 3,
        "refresh_up_rand": 0,
        "show_type": 1,
        "general_hp": 0,
        "general_atk": 0,
        "general_def": 0,
        "atk_crit": 0,
        "crit_extra": 0,
        "dodge_rate": 0,
        "hit_rate": 0,
        "ignore_phyDef": 0,
        "rage_reduce": 0,
        "universal_resistance": 0,
        "ignore_resistance": 0,
        "float_resistance": 0,
        "cd_speed": 0,
        "support_consume": 0,
        "general_atk_all": 2000,
        "general_def_all": 0,
        "all_crit": 0,
        "ignore_def_all": 0,
        "skill_atk": 0,
        "skill_def": 0,
        "skill_crit": 0,
        "crit_resistance": 0,
        "final_extra": 0,
        "final_reduce": 0,
        "ignore_magicDef": 0,
        "extra": "镶嵌在神兵上可增加2000点攻击。集齐3个可以合成一个10级攻击玉石。",
        "des": "镶嵌在神兵上可增加2000点攻击。集齐3个可以合成一个10级攻击玉石。",
        "little_path": "buff_icon_wu_png",
        "path": "buff_icon_wu_png"
    },
    "120902": {
        "id": 120902,
        "name": "9级生命玉石",
        "quality": 6,
        "price": 800,
        "drop_count": 1,
        "drop_time": 5,
        "overdue_time": "",
        "priority": 5,
        "compose_id": "121002",
        "compose_count": 3,
        "update_cost": 600000,
        "jade_type": 2,
        "jade_level": 9,
        "refresh_consume": 200,
        "refresh_power": 4,
        "refresh_up_rand": 0,
        "show_type": 1,
        "general_hp": 100000,
        "general_atk": 0,
        "general_def": 0,
        "atk_crit": 0,
        "crit_extra": 0,
        "dodge_rate": 0,
        "hit_rate": 0,
        "ignore_phyDef": 0,
        "rage_reduce": 0,
        "universal_resistance": 0,
        "ignore_resistance": 0,
        "float_resistance": 0,
        "cd_speed": 0,
        "support_consume": 0,
        "general_atk_all": 0,
        "general_def_all": 0,
        "all_crit": 0,
        "ignore_def_all": 0,
        "skill_atk": 0,
        "skill_def": 0,
        "skill_crit": 0,
        "crit_resistance": 0,
        "final_extra": 0,
        "final_reduce": 0,
        "ignore_magicDef": 0,
        "extra": "镶嵌在神兵上可增加100000点生命。集齐3个可以合成一个10级生命玉石。",
        "des": "镶嵌在神兵上可增加100000点生命。集齐3个可以合成一个10级生命玉石。",
        "little_path": "buff_icon_wu_png",
        "path": "buff_icon_wu_png"
    },
    "120903": {
        "id": 120903,
        "name": "9级防御玉石",
        "quality": 6,
        "price": 800,
        "drop_count": 1,
        "drop_time": 5,
        "overdue_time": "",
        "priority": 4,
        "compose_id": "121003",
        "compose_count": 3,
        "update_cost": 600000,
        "jade_type": 3,
        "jade_level": 9,
        "refresh_consume": 200,
        "refresh_power": 6,
        "refresh_up_rand": 0,
        "show_type": 1,
        "general_hp": 0,
        "general_atk": 0,
        "general_def": 0,
        "atk_crit": 0,
        "crit_extra": 0,
        "dodge_rate": 0,
        "hit_rate": 0,
        "ignore_phyDef": 0,
        "rage_reduce": 0,
        "universal_resistance": 0,
        "ignore_resistance": 0,
        "float_resistance": 0,
        "cd_speed": 0,
        "support_consume": 0,
        "general_atk_all": 0,
        "general_def_all": 16000,
        "all_crit": 0,
        "ignore_def_all": 0,
        "skill_atk": 0,
        "skill_def": 0,
        "skill_crit": 0,
        "crit_resistance": 0,
        "final_extra": 0,
        "final_reduce": 0,
        "ignore_magicDef": 0,
        "extra": "镶嵌在神兵上可增加16000点防御。集齐3个可以合成一个10级防御玉石。",
        "des": "镶嵌在神兵上可增加16000点防御。集齐3个可以合成一个10级防御玉石。",
        "little_path": "buff_icon_wu_png",
        "path": "buff_icon_wu_png"
    },
    "120904": {
        "id": 120904,
        "name": "9级暴击玉石",
        "quality": 6,
        "price": 800,
        "drop_count": 1,
        "drop_time": 5,
        "overdue_time": "",
        "priority": 3,
        "compose_id": "121004",
        "compose_count": 3,
        "update_cost": 600000,
        "jade_type": 4,
        "jade_level": 9,
        "refresh_consume": 200,
        "refresh_power": 7,
        "refresh_up_rand": 0,
        "show_type": 1,
        "general_hp": 0,
        "general_atk": 0,
        "general_def": 0,
        "atk_crit": 0,
        "crit_extra": 0,
        "dodge_rate": 0,
        "hit_rate": 0,
        "ignore_phyDef": 0,
        "rage_reduce": 0,
        "universal_resistance": 0,
        "ignore_resistance": 0,
        "float_resistance": 0,
        "cd_speed": 0,
        "support_consume": 0,
        "general_atk_all": 0,
        "general_def_all": 0,
        "all_crit": 20000,
        "ignore_def_all": 0,
        "skill_atk": 0,
        "skill_def": 0,
        "skill_crit": 0,
        "crit_resistance": 0,
        "final_extra": 0,
        "final_reduce": 0,
        "ignore_magicDef": 0,
        "extra": "镶嵌在神兵上可增加20000点暴击。集齐3个可以合成一个10级暴击玉石。",
        "des": "镶嵌在神兵上可增加20000点暴击。集齐3个可以合成一个10级暴击玉石。",
        "little_path": "buff_icon_wu_png",
        "path": "buff_icon_wu_png"
    },
    "120905": {
        "id": 120905,
        "name": "9级闪避玉石",
        "quality": 6,
        "price": 800,
        "drop_count": 1,
        "drop_time": 5,
        "overdue_time": "",
        "priority": 2,
        "compose_id": "121005",
        "compose_count": 3,
        "update_cost": 600000,
        "jade_type": 5,
        "jade_level": 9,
        "refresh_consume": 200,
        "refresh_power": 10,
        "refresh_up_rand": 0,
        "show_type": 1,
        "general_hp": 0,
        "general_atk": 0,
        "general_def": 0,
        "atk_crit": 0,
        "crit_extra": 0,
        "dodge_rate": 16000,
        "hit_rate": 0,
        "ignore_phyDef": 0,
        "rage_reduce": 0,
        "universal_resistance": 0,
        "ignore_resistance": 0,
        "float_resistance": 0,
        "cd_speed": 0,
        "support_consume": 0,
        "general_atk_all": 0,
        "general_def_all": 0,
        "all_crit": 0,
        "ignore_def_all": 0,
        "skill_atk": 0,
        "skill_def": 0,
        "skill_crit": 0,
        "crit_resistance": 0,
        "final_extra": 0,
        "final_reduce": 0,
        "ignore_magicDef": 0,
        "extra": "镶嵌在神兵上可增加16000点闪避。集齐3个可以合成一个10级闪避玉石。",
        "des": "镶嵌在神兵上可增加16000点闪避。集齐3个可以合成一个10级闪避玉石。",
        "little_path": "buff_icon_wu_png",
        "path": "buff_icon_wu_png"
    },
    "120906": {
        "id": 120906,
        "name": "9级命中玉石",
        "quality": 6,
        "price": 800,
        "drop_count": 1,
        "drop_time": 5,
        "overdue_time": "",
        "priority": 1,
        "compose_id": "121006",
        "compose_count": 3,
        "update_cost": 600000,
        "jade_type": 6,
        "jade_level": 9,
        "refresh_consume": 200,
        "refresh_power": 10,
        "refresh_up_rand": 0,
        "show_type": 1,
        "general_hp": 0,
        "general_atk": 0,
        "general_def": 0,
        "atk_crit": 0,
        "crit_extra": 0,
        "dodge_rate": 0,
        "hit_rate": 20000,
        "ignore_phyDef": 0,
        "rage_reduce": 0,
        "universal_resistance": 0,
        "ignore_resistance": 0,
        "float_resistance": 0,
        "cd_speed": 0,
        "support_consume": 0,
        "general_atk_all": 0,
        "general_def_all": 0,
        "all_crit": 0,
        "ignore_def_all": 0,
        "skill_atk": 0,
        "skill_def": 0,
        "skill_crit": 0,
        "crit_resistance": 0,
        "final_extra": 0,
        "final_reduce": 0,
        "ignore_magicDef": 0,
        "extra": "镶嵌在神兵上可增加20000点命中。集齐3个可以合成一个10级命中玉石。",
        "des": "镶嵌在神兵上可增加20000点命中。集齐3个可以合成一个10级命中玉石。",
        "little_path": "buff_icon_wu_png",
        "path": "buff_icon_wu_png"
    },
    "121001": {
        "id": 121001,
        "name": "10级攻击玉石",
        "quality": 6,
        "price": 800,
        "drop_count": 1,
        "drop_time": 5,
        "overdue_time": "",
        "priority": 6,
        "compose_id": "",
        "compose_count": 3,
        "update_cost": 1000000,
        "jade_type": 1,
        "jade_level": 10,
        "refresh_consume": 300,
        "refresh_power": 2,
        "refresh_up_rand": 0,
        "show_type": 1,
        "general_hp": 0,
        "general_atk": 0,
        "general_def": 0,
        "atk_crit": 0,
        "crit_extra": 0,
        "dodge_rate": 0,
        "hit_rate": 0,
        "ignore_phyDef": 0,
        "rage_reduce": 0,
        "universal_resistance": 0,
        "ignore_resistance": 0,
        "float_resistance": 0,
        "cd_speed": 0,
        "support_consume": 0,
        "general_atk_all": 2500,
        "general_def_all": 0,
        "all_crit": 0,
        "ignore_def_all": 0,
        "skill_atk": 0,
        "skill_def": 0,
        "skill_crit": 0,
        "crit_resistance": 0,
        "final_extra": 0,
        "final_reduce": 0,
        "ignore_magicDef": 0,
        "extra": "镶嵌在神兵上可增加2500点攻击",
        "des": "镶嵌在神兵上可增加2500点攻击",
        "little_path": "buff_icon_wu_png",
        "path": "buff_icon_wu_png"
    },
    "121002": {
        "id": 121002,
        "name": "10级生命玉石",
        "quality": 6,
        "price": 800,
        "drop_count": 1,
        "drop_time": 5,
        "overdue_time": "",
        "priority": 5,
        "compose_id": "",
        "compose_count": 3,
        "update_cost": 1000000,
        "jade_type": 2,
        "jade_level": 10,
        "refresh_consume": 300,
        "refresh_power": 3,
        "refresh_up_rand": 0,
        "show_type": 1,
        "general_hp": 125000,
        "general_atk": 0,
        "general_def": 0,
        "atk_crit": 0,
        "crit_extra": 0,
        "dodge_rate": 0,
        "hit_rate": 0,
        "ignore_phyDef": 0,
        "rage_reduce": 0,
        "universal_resistance": 0,
        "ignore_resistance": 0,
        "float_resistance": 0,
        "cd_speed": 0,
        "support_consume": 0,
        "general_atk_all": 0,
        "general_def_all": 0,
        "all_crit": 0,
        "ignore_def_all": 0,
        "skill_atk": 0,
        "skill_def": 0,
        "skill_crit": 0,
        "crit_resistance": 0,
        "final_extra": 0,
        "final_reduce": 0,
        "ignore_magicDef": 0,
        "extra": "镶嵌在神兵上可增加125000点生命",
        "des": "镶嵌在神兵上可增加125000点生命",
        "little_path": "buff_icon_wu_png",
        "path": "buff_icon_wu_png"
    },
    "121003": {
        "id": 121003,
        "name": "10级防御玉石",
        "quality": 6,
        "price": 800,
        "drop_count": 1,
        "drop_time": 5,
        "overdue_time": "",
        "priority": 4,
        "compose_id": "",
        "compose_count": 3,
        "update_cost": 1000000,
        "jade_type": 3,
        "jade_level": 10,
        "refresh_consume": 300,
        "refresh_power": 7,
        "refresh_up_rand": 0,
        "show_type": 1,
        "general_hp": 0,
        "general_atk": 0,
        "general_def": 0,
        "atk_crit": 0,
        "crit_extra": 0,
        "dodge_rate": 0,
        "hit_rate": 0,
        "ignore_phyDef": 0,
        "rage_reduce": 0,
        "universal_resistance": 0,
        "ignore_resistance": 0,
        "float_resistance": 0,
        "cd_speed": 0,
        "support_consume": 0,
        "general_atk_all": 0,
        "general_def_all": 20000,
        "all_crit": 0,
        "ignore_def_all": 0,
        "skill_atk": 0,
        "skill_def": 0,
        "skill_crit": 0,
        "crit_resistance": 0,
        "final_extra": 0,
        "final_reduce": 0,
        "ignore_magicDef": 0,
        "extra": "镶嵌在神兵上可增加20000点防御",
        "des": "镶嵌在神兵上可增加20000点防御",
        "little_path": "buff_icon_wu_png",
        "path": "buff_icon_wu_png"
    },
    "121004": {
        "id": 121004,
        "name": "10级暴击玉石",
        "quality": 6,
        "price": 800,
        "drop_count": 1,
        "drop_time": 5,
        "overdue_time": "",
        "priority": 3,
        "compose_id": "",
        "compose_count": 3,
        "update_cost": 1000000,
        "jade_type": 4,
        "jade_level": 10,
        "refresh_consume": 300,
        "refresh_power": 8,
        "refresh_up_rand": 0,
        "show_type": 1,
        "general_hp": 0,
        "general_atk": 0,
        "general_def": 0,
        "atk_crit": 0,
        "crit_extra": 0,
        "dodge_rate": 0,
        "hit_rate": 0,
        "ignore_phyDef": 0,
        "rage_reduce": 0,
        "universal_resistance": 0,
        "ignore_resistance": 0,
        "float_resistance": 0,
        "cd_speed": 0,
        "support_consume": 0,
        "general_atk_all": 0,
        "general_def_all": 0,
        "all_crit": 25000,
        "ignore_def_all": 0,
        "skill_atk": 0,
        "skill_def": 0,
        "skill_crit": 0,
        "crit_resistance": 0,
        "final_extra": 0,
        "final_reduce": 0,
        "ignore_magicDef": 0,
        "extra": "镶嵌在神兵上可增加25000点暴击",
        "des": "镶嵌在神兵上可增加25000点暴击",
        "little_path": "buff_icon_wu_png",
        "path": "buff_icon_wu_png"
    },
    "121005": {
        "id": 121005,
        "name": "10级闪避玉石",
        "quality": 6,
        "price": 800,
        "drop_count": 1,
        "drop_time": 5,
        "overdue_time": "",
        "priority": 2,
        "compose_id": "",
        "compose_count": 3,
        "update_cost": 1000000,
        "jade_type": 5,
        "jade_level": 10,
        "refresh_consume": 300,
        "refresh_power": 10,
        "refresh_up_rand": 0,
        "show_type": 1,
        "general_hp": 0,
        "general_atk": 0,
        "general_def": 0,
        "atk_crit": 0,
        "crit_extra": 0,
        "dodge_rate": 20000,
        "hit_rate": 0,
        "ignore_phyDef": 0,
        "rage_reduce": 0,
        "universal_resistance": 0,
        "ignore_resistance": 0,
        "float_resistance": 0,
        "cd_speed": 0,
        "support_consume": 0,
        "general_atk_all": 0,
        "general_def_all": 0,
        "all_crit": 0,
        "ignore_def_all": 0,
        "skill_atk": 0,
        "skill_def": 0,
        "skill_crit": 0,
        "crit_resistance": 0,
        "final_extra": 0,
        "final_reduce": 0,
        "ignore_magicDef": 0,
        "extra": "镶嵌在神兵上可增加20000点闪避",
        "des": "镶嵌在神兵上可增加20000点闪避",
        "little_path": "buff_icon_wu_png",
        "path": "buff_icon_wu_png"
    },
    "121006": {
        "id": 121006,
        "name": "10级命中玉石",
        "quality": 6,
        "price": 800,
        "drop_count": 1,
        "drop_time": 5,
        "overdue_time": "",
        "priority": 1,
        "compose_id": "",
        "compose_count": 3,
        "update_cost": 1000000,
        "jade_type": 6,
        "jade_level": 10,
        "refresh_consume": 300,
        "refresh_power": 10,
        "refresh_up_rand": 0,
        "show_type": 1,
        "general_hp": 0,
        "general_atk": 0,
        "general_def": 0,
        "atk_crit": 0,
        "crit_extra": 0,
        "dodge_rate": 0,
        "hit_rate": 25000,
        "ignore_phyDef": 0,
        "rage_reduce": 0,
        "universal_resistance": 0,
        "ignore_resistance": 0,
        "float_resistance": 0,
        "cd_speed": 0,
        "support_consume": 0,
        "general_atk_all": 0,
        "general_def_all": 0,
        "all_crit": 0,
        "ignore_def_all": 0,
        "skill_atk": 0,
        "skill_def": 0,
        "skill_crit": 0,
        "crit_resistance": 0,
        "final_extra": 0,
        "final_reduce": 0,
        "ignore_magicDef": 0,
        "extra": "镶嵌在神兵上可增加25000点命中",
        "des": "镶嵌在神兵上可增加25000点命中",
        "little_path": "buff_icon_wu_png",
        "path": "buff_icon_wu_png"
    }}
