{
    "1": {
        "id": 1,
        "exchange_prop": [34001,100],
        "exchange_count": 0,
        "exchange_level": 0,
        "consume": 100000
    },
    "2": {
        "id": 2,
        "exchange_prop": [34002,150],
        "exchange_count": 1,
        "exchange_level": 0,
        "consume": 200000
    },
    "3": {
        "id": 3,
        "exchange_prop": [34003,200],
        "exchange_count": 1,
        "exchange_level": 0,
        "consume": 400000
    },
    "4": {
        "id": 4,
        "exchange_prop": [34004,250],
        "exchange_count": 1,
        "exchange_level": 0,
        "consume": 600000
    },
    "5": {
        "id": 5,
        "exchange_prop": [34005,300],
        "exchange_count": 2,
        "exchange_level": 0,
        "consume": 900000
    }}
