{
    "1": {
        "id": 1,
        "tower_rank_min": 1,
        "tower_rank_max": 1,
        "tower_rank_good_id": [20002],
        "tower_rank_good_count": [1100]
    },
    "2": {
        "id": 2,
        "tower_rank_min": 2,
        "tower_rank_max": 2,
        "tower_rank_good_id": [20002],
        "tower_rank_good_count": [700]
    },
    "3": {
        "id": 3,
        "tower_rank_min": 3,
        "tower_rank_max": 3,
        "tower_rank_good_id": [20002],
        "tower_rank_good_count": [400]
    },
    "4": {
        "id": 4,
        "tower_rank_min": 4,
        "tower_rank_max": 10,
        "tower_rank_good_id": [20002],
        "tower_rank_good_count": [300]
    },
    "5": {
        "id": 5,
        "tower_rank_min": 11,
        "tower_rank_max": 50,
        "tower_rank_good_id": [20002],
        "tower_rank_good_count": [200]
    },
    "6": {
        "id": 6,
        "tower_rank_min": 51,
        "tower_rank_max": 100,
        "tower_rank_good_id": [20002],
        "tower_rank_good_count": [120]
    },
    "7": {
        "id": 7,
        "tower_rank_min": 101,
        "tower_rank_max": 200,
        "tower_rank_good_id": [20002],
        "tower_rank_good_count": [100]
    },
    "8": {
        "id": 8,
        "tower_rank_min": 201,
        "tower_rank_max": 9999,
        "tower_rank_good_id": [20002],
        "tower_rank_good_count": [50]
    }}