{
    "1": {
        "id": 1,
        "consume_goods": 20001,
        "consume_count": 1,
        "consume_token": 50,
        "back_goods": [30001],
        "des": "等级重生"
    },
    "2": {
        "id": 2,
        "consume_goods": 20001,
        "consume_count": 1,
        "consume_token": 50,
        "back_goods": [30001],
        "des": "品阶重生"
    },
    "3": {
        "id": 3,
        "consume_goods": 20001,
        "consume_count": 1,
        "consume_token": 50,
        "back_goods": [30001],
        "des": "技能重生"
    },
    "4": {
        "id": 4,
        "consume_goods": 20001,
        "consume_count": 1,
        "consume_token": 50,
        "back_goods": [30001],
        "des": "天赋重生"
    },
    "5": {
        "id": 5,
        "consume_goods": 20001,
        "consume_count": 1,
        "consume_token": 50,
        "back_goods": [30001],
        "des": "等级重生"
    },
    "6": {
        "id": 6,
        "consume_goods": 20001,
        "consume_count": 1,
        "consume_token": 50,
        "back_goods": [30001],
        "des": "锻造重生"
    },
    "7": {
        "id": 7,
        "consume_goods": 20001,
        "consume_count": 1,
        "consume_token": 50,
        "back_goods": [30001],
        "des": "刻印重生"
    }}
