{
    "1": {
        "id": 1,
        "rank_min": 0,
        "rank_max": 1,
        "reward_token": 100,
        "reward_goods": [20004,20002,33011,20001],
        "reward_count": [1000,188,3,100000]
    },
    "2": {
        "id": 2,
        "rank_min": 1,
        "rank_max": 10,
        "reward_token": 10,
        "reward_goods": [20004,20002,33011,20001],
        "reward_count": [900,100,2,80000]
    },
    "3": {
        "id": 3,
        "rank_min": 10,
        "rank_max": 30,
        "reward_token": 3,
        "reward_goods": [20004,20002,33050,20001],
        "reward_count": [850,90,3,60000]
    },
    "4": {
        "id": 4,
        "rank_min": 30,
        "rank_max": 100,
        "reward_token": 1.5,
        "reward_goods": [20004,20002,33050,20001],
        "reward_count": [800,80,2,50000]
    },
    "5": {
        "id": 5,
        "rank_min": 100,
        "rank_max": 200,
        "reward_token": 1,
        "reward_goods": [20004,20002,33051,20001],
        "reward_count": [750,75,3,40000]
    },
    "6": {
        "id": 6,
        "rank_min": 200,
        "rank_max": 500,
        "reward_token": 0.4,
        "reward_goods": [20004,20002,33051,20001],
        "reward_count": [700,70,2,30000]
    },
    "7": {
        "id": 7,
        "rank_min": 500,
        "rank_max": 1000,
        "reward_token": 0.2,
        "reward_goods": [20004,20002,33051,20001],
        "reward_count": [600,60,1,20000]
    },
    "8": {
        "id": 8,
        "rank_min": 1000,
        "rank_max": 1500,
        "reward_token": 0.2,
        "reward_goods": [20004,20002,20001],
        "reward_count": [500,50,10000]
    },
    "9": {
        "id": 9,
        "rank_min": 1500,
        "rank_max": 2000,
        "reward_token": 0.2,
        "reward_goods": [20004,20002,20001],
        "reward_count": [400,40,10000]
    },
    "10": {
        "id": 10,
        "rank_min": 2000,
        "rank_max": 5000,
        "reward_token": 0.05,
        "reward_goods": [20004,20002,20001],
        "reward_count": [300,30,10000]
    },
    "11": {
        "id": 11,
        "rank_min": 5000,
        "rank_max": 80000,
        "reward_token": 0.03,
        "reward_goods": [20004,20002,20001],
        "reward_count": [100,10,10000]
    }}
