{
    "1": {
        "evil_id": 1,
        "evil_min": 0,
        "evil_max": 2,
        "revived_time": 0
    },
    "2": {
        "evil_id": 2,
        "evil_min": 3,
        "evil_max": 10,
        "revived_time": 5
    },
    "3": {
        "evil_id": 3,
        "evil_min": 11,
        "evil_max": 30,
        "revived_time": 8
    },
    "4": {
        "evil_id": 4,
        "evil_min": 31,
        "evil_max": 50,
        "revived_time": 10
    },
    "5": {
        "evil_id": 5,
        "evil_min": 51,
        "evil_max": 90,
        "revived_time": 15
    },
    "6": {
        "evil_id": 6,
        "evil_min": 91,
        "evil_max": 100,
        "revived_time": 30
    }}
