{
    "1": {
        "id": 1,
        "part": 9001,
        "scene": "主城",
        "typeLua": "副本",
        "des": "第二关副本开启",
        "condition": "-1"
    },
    "2": {
        "id": 2,
        "part": 9002,
        "scene": "主城",
        "typeLua": "副本",
        "des": "第三关副本开启",
        "condition": "-1"
    },
    "3": {
        "id": 3,
        "part": 9003,
        "scene": "主城",
        "typeLua": "副本",
        "des": "第四关副本开启",
        "condition": "-1"
    },
    "4": {
        "id": 4,
        "part": 9004,
        "scene": "主城",
        "typeLua": "副本",
        "des": "第五关副本开启",
        "condition": "-1"
    },
    "5": {
        "id": 5,
        "part": 9005,
        "scene": "主城",
        "typeLua": "副本",
        "des": "第六关副本开启",
        "condition": "-1"
    },
    "6": {
        "id": 6,
        "part": 9006,
        "scene": "主城",
        "typeLua": "副本",
        "des": "第七关副本开启",
        "condition": "-1"
    },
    "7": {
        "id": 7,
        "part": 9007,
        "scene": "主城",
        "typeLua": "副本",
        "des": "第八关副本开启",
        "condition": "-1"
    },
    "8": {
        "id": 8,
        "part": 9008,
        "scene": "主城",
        "typeLua": "副本",
        "des": "第九关副本开启",
        "condition": "-1"
    },
    "9": {
        "id": 9,
        "part": 9009,
        "scene": "主城",
        "typeLua": "副本",
        "des": "第十关副本开启",
        "condition": "-1"
    },
    "10": {
        "id": 10,
        "part": 3001,
        "scene": "主城",
        "typeLua": "副本",
        "des": "进入游戏，招募酷拉皮卡、半藏",
        "condition": "Gmgr:getLayerId() == TableEnumLayerId.LAYER_CITY and Player.curInstances[EInstanceType.NORMAL].maxMobID == 100001 and insdb.CheckAvailable(100001)"
    },
    "11": {
        "id": 11,
        "part": 3002,
        "scene": "主城",
        "typeLua": "副本",
        "des": "上阵小杰、酷拉皮卡、半藏，引导开战",
        "condition": "Gmgr:getLayerId() == TableEnumLayerId.LAYER_CITY and Player.curInstances[EInstanceType.NORMAL].maxMobID == 100001 and insdb.CheckAvailable(100002)"
    },
    "12": {
        "id": 12,
        "part": 3003,
        "scene": "主城",
        "typeLua": "副本",
        "des": "攻打1-2",
        "condition": "Gmgr:getLayerId() == TableEnumLayerId.LAYER_CITY and Player.curInstances[EInstanceType.NORMAL].maxMobID == 100002 and insdb.CheckAvailable(100002)"
    },
    "13": {
        "id": 13,
        "part": 3005,
        "scene": "主城",
        "typeLua": "副本",
        "des": "通关1-2，小杰，安装羁绊卡1",
        "condition": "Gmgr:getLayerId() == TableEnumLayerId.LAYER_CITY and Player.curInstances[EInstanceType.NORMAL].maxMobID >= 100003 and insdb.CheckAvailable(100003)"
    },
    "14": {
        "id": 14,
        "part": 3013,
        "scene": "主城",
        "typeLua": "副本",
        "des": "通关1-4，小杰，进阶",
        "condition": "Gmgr:getLayerId() == TableEnumLayerId.LAYER_CITY and Player.curInstances[EInstanceType.NORMAL].maxMobID >= 100005 and insdb.CheckAvailable(100005)"
    },
    "15": {
        "id": 15,
        "part": 3017,
        "scene": "主城",
        "typeLua": "副本",
        "des": "通关1-4，小杰，技能教学",
        "condition": "Gmgr:getLayerId() == TableEnumLayerId.LAYER_CITY and lvdb.FunOpenTo(lvdb.FUNC.SKILL) and Player.curInstances[EInstanceType.NORMAL].maxMobID >= 100005"
    },
    "16": {
        "id": 16,
        "part": 3007,
        "scene": "主城",
        "typeLua": "副本",
        "des": "通关1-6，小杰，吃经验道具",
        "condition": "Gmgr:getLayerId() == TableEnumLayerId.LAYER_CITY and Player.curInstances[EInstanceType.NORMAL].maxMobID >= 100007 and insdb.CheckAvailable(100007)"
    },
    "17": {
        "id": 17,
        "part": 3014,
        "scene": "主城",
        "typeLua": "副本",
        "des": "通关1-7，领取副本宝箱，雷欧力碎片",
        "condition": "Gmgr:getLayerId() == TableEnumLayerId.LAYER_CITY and Player.curInstances[EInstanceType.NORMAL].maxMobID >= 100008 and insdb.CheckAvailable(100007)"
    },
    "18": {
        "id": 18,
        "part": 2005,
        "scene": "主城",
        "typeLua": "条件达成（物品、成就等）",
        "des": "猎人碎片满20个，引导升星",
        "condition": "Gmgr:getLayerId() == TableEnumLayerId.LAYER_CITY and Player.curInstances[EInstanceType.NORMAL].maxMobID >= 100010 and insdb.CheckAvailable(100009)"
    },
    "19": {
        "id": 19,
        "part": 8006,
        "scene": "卡片教学",
        "typeLua": "功能开启",
        "des": "通关2-6，卡片安装和强化",
        "condition": "Gmgr:getLayerId() == TableEnumLayerId.LAYER_CITY and Player.curInstances[EInstanceType.NORMAL].maxMobID >= 100014 and insdb.CheckAvailable(100013)"
    },
    "20": {
        "id": 20,
        "part": 8022,
        "scene": "卡片教学2",
        "typeLua": "功能开启",
        "des": "卡片升星强化教学2",
        "condition": "Gmgr:getLayerId() == TableEnumLayerId.LAYER_CITY and Player.curInstances[EInstanceType.NORMAL].maxMobID >= 100029 and insdb.CheckAvailable(100028)"
    },
    "21": {
        "id": 21,
        "part": 3019,
        "scene": "主城",
        "typeLua": "副本",
        "des": "通关2-7，领取副本宝箱",
        "condition": "Gmgr:getLayerId() == TableEnumLayerId.LAYER_CITY and Player.curInstances[EInstanceType.NORMAL].maxMobID >= 100015 and insdb.CheckAvailable(100014)"
    },
    "22": {
        "id": 22,
        "part": 8002,
        "scene": "卡包",
        "typeLua": "功能开启",
        "des": "拥有一个卡包 并且在主城界面",
        "condition": "Gmgr:getLayerId() == TableEnumLayerId.LAYER_CITY and lvdb.FunOpenTo(lvdb.FUNC.POTATO) and itemdb.HasCardBag()"
    },
    "23": {
        "id": 23,
        "part": 8007,
        "scene": "挑战副本教学",
        "typeLua": "打赢副本",
        "des": "通关2-7，教学挑战副本",
        "condition": "Gmgr:getLayerId() == TableEnumLayerId.LAYER_CITY and Player.curInstances[EInstanceType.NORMAL].maxMobID >= 100015 and insdb.CheckAvailable(100014) and not Player.isJumpToInstance"
    },
    "24": {
        "id": 24,
        "part": 8008,
        "scene": "执照教学",
        "typeLua": "打赢副本",
        "des": "副本进度2-7，执照教学",
        "condition": "Gmgr:getLayerId() == TableEnumLayerId.LAYER_CITY and lvdb.FunOpenTo(lvdb.FUNC.LICENSE)"
    },
    "25": {
        "id": 25,
        "part": 3020,
        "scene": "雷欧力领取教学",
        "typeLua": "打赢副本",
        "des": "副本进度3-7，领取雷欧力",
        "condition": "Gmgr:getLayerId() == TableEnumLayerId.LAYER_CITY and Player.curInstances[EInstanceType.NORMAL].maxMobID >= 100022 and insdb.CheckAvailable(100021) and not Player.isJumpToInstance and gnrdb.TeachCondition8009()"
    },
    "26": {
        "id": 26,
        "part": 8010,
        "scene": "探索副本教学",
        "typeLua": "打赢副本",
        "des": "通关4-7，探索副本",
        "condition": "Gmgr:getLayerId() == TableEnumLayerId.LAYER_CITY and Player.curInstances[EInstanceType.NORMAL].maxMobID >= 100043 and insdb.CheckAvailable(100042)"
    },
    "27": {
        "id": 27,
        "part": 1003,
        "scene": "主城",
        "typeLua": "功能开启",
        "des": "升至10级，本服格斗",
        "condition": "Gmgr:getLayerId() == TableEnumLayerId.LAYER_CITY and lvdb.FunOpenTo(lvdb.FUNC.ARENA)"
    },
    "28": {
        "id": 28,
        "part": 1004,
        "scene": "主城",
        "typeLua": "功能开启",
        "des": "升至10级，引导本服格斗商店",
        "condition": "-1"
    },
    "29": {
        "id": 29,
        "part": 1005,
        "scene": "主城",
        "typeLua": "功能开启",
        "des": "升至12级，公会",
        "condition": "Gmgr:getLayerId() == TableEnumLayerId.LAYER_CITY and lvdb.FunOpenTo(lvdb.FUNC.LEAGUE)"
    },
    "30": {
        "id": 30,
        "part": 1007,
        "scene": "主城",
        "typeLua": "功能开启",
        "des": "升至15级，进入和平，引导兑换",
        "condition": "Gmgr:getLayerId() == TableEnumLayerId.LAYER_CITY and lvdb.FunOpenTo(lvdb.FUNC.WONDERLAND2)"
    },
    "31": {
        "id": 31,
        "part": 1008,
        "scene": "主城",
        "typeLua": "功能开启",
        "des": "升至15级，第一次猜拳",
        "condition": "-1"
    },
    "32": {
        "id": 32,
        "part": 1009,
        "scene": "主城",
        "typeLua": "功能开启",
        "des": "升至20级，引导PK区域",
        "condition": "Gmgr:getLayerId() == TableEnumLayerId.LAYER_CITY and lvdb.FunOpenTo(lvdb.FUNC.WONDERLAND3)"
    },
    "33": {
        "id": 33,
        "part": 1010,
        "scene": "主城",
        "typeLua": "功能开启",
        "des": "升至15级，第一次钓鱼",
        "condition": "-1"
    },
    "34": {
        "id": 34,
        "part": 1011,
        "scene": "主城",
        "typeLua": "功能开启",
        "des": "升至18级，天空竞技场",
        "condition": "Gmgr:getLayerId() == TableEnumLayerId.LAYER_CITY and lvdb.FunOpenTo(lvdb.FUNC.TOWER)"
    },
    "35": {
        "id": 35,
        "part": 1015,
        "scene": "主城",
        "typeLua": "功能开启",
        "des": "升至28级，流星街",
        "condition": "Gmgr:getLayerId() == TableEnumLayerId.LAYER_CITY and lvdb.FunOpenTo(lvdb.FUNC.ARREST)"
    },
    "36": {
        "id": 36,
        "part": 1016,
        "scene": "主城",
        "typeLua": "功能开启",
        "des": "升至24级，流星街第三关卡",
        "condition": "Gmgr:getLayerId() == TableEnumLayerId.LAYER_CITY and lvdb.FunOpenTo(lvdb.FUNC.ARREST) and Player.baseInfo.level >= wanteddb.getLimitLevel(4)"
    },
    "37": {
        "id": 37,
        "part": 1019,
        "scene": "主城",
        "typeLua": "功能开启",
        "des": "首次召唤完宠物",
        "condition": "-1"
    },
    "38": {
        "id": 38,
        "part": 1021,
        "scene": "主城",
        "typeLua": "功能开启",
        "des": "升至36级, 开启装备介绍",
        "condition": "Gmgr:getLayerId() == TableEnumLayerId.LAYER_CITY and lvdb.FunOpenTo(lvdb.FUNC.EQUIP)"
    },
    "39": {
        "id": 39,
        "part": 1020,
        "scene": "主城",
        "typeLua": "功能开启",
        "des": "升至36级, 开启黑暗大陆遗迹",
        "condition": "Gmgr:getLayerId() == TableEnumLayerId.LAYER_CITY and lvdb.FunOpenTo(lvdb.FUNC.DARKLAND2)"
    },
    "40": {
        "id": 40,
        "part": 1017,
        "scene": "主城",
        "typeLua": "功能开启",
        "des": "升至40级，山贼讨伐",
        "condition": "Gmgr:getLayerId() == TableEnumLayerId.LAYER_CITY and lvdb.FunOpenTo(lvdb.FUNC.GROUPFIGHT)"
    },
    "41": {
        "id": 41,
        "part": 1018,
        "scene": "主城",
        "typeLua": "功能开启",
        "des": "猎人45首次介绍念力",
        "condition": "Gmgr:getLayerId() == TableEnumLayerId.LAYER_CITY and (lvdb.FunOpenTo(lvdb.FUNC.PSYCHIC))"
    },
    "42": {
        "id": 42,
        "part": 4001,
        "scene": "战斗",
        "typeLua": "攻打副本",
        "des": "演示关卡888",
        "condition": "Gmgr:getLayerId() == TableEnumLayerId.LAYER_FIGHT and nodeID == 888"
    },
    "43": {
        "id": 43,
        "part": 4002,
        "scene": "战斗",
        "typeLua": "攻打副本",
        "des": "1-1战斗，介绍技能，连击，连击数，援护",
        "condition": "Gmgr:getLayerId() == TableEnumLayerId.LAYER_FIGHT and nodeID == 100001"
    },
    "44": {
        "id": 44,
        "part": 4003,
        "scene": "战斗",
        "typeLua": "攻打副本",
        "des": "1-3快速战斗",
        "condition": "Gmgr:getLayerId() == TableEnumLayerId.LAYER_FIGHT and nodeID == 100002"
    },
    "45": {
        "id": 45,
        "part": 6003,
        "scene": "仙境",
        "typeLua": "功能开启",
        "des": "升至15级，接1007，引导采果子",
        "condition": "Gmgr:getLayerId() == TableEnumLayerId.LAYER_WONDERLAND and lvdb.FunOpenTo(lvdb.FUNC.WONDERLAND2) and Player.wonderland.wonderlandId == 1"
    },
    "46": {
        "id": 46,
        "part": 6001,
        "scene": "仙境",
        "typeLua": "功能开启",
        "des": "升至20级，接1009，引导打怪",
        "condition": "Gmgr:getLayerId() == TableEnumLayerId.LAYER_WONDERLAND and lvdb.FunOpenTo(lvdb.FUNC.WONDERLAND3) and Player.wonderland.wonderlandId == 4"
    },
    "47": {
        "id": 47,
        "part": 8003,
        "scene": "主城",
        "typeLua": "功能开启",
        "des": "介绍公会副本",
        "condition": "-1"
    },
    "48": {
        "id": 48,
        "part": 8004,
        "scene": "主城",
        "typeLua": "功能开启",
        "des": "介绍公会boss",
        "condition": "-1"
    },
    "49": {
        "id": 49,
        "part": 8005,
        "scene": "主城",
        "typeLua": "功能开启",
        "des": "召唤半藏，伙伴介绍",
        "condition": "Gmgr:getLayerId() == TableEnumLayerId.LAYER_CITY and Player.goodsMap[40008].count >= gnrdb.Table(10008).soul_count"
    },
    "50": {
        "id": 50,
        "part": 8009,
        "scene": "主城",
        "typeLua": "可打副本",
        "des": "猎人执照满足第一次考试",
        "condition": "Gmgr:getLayerId() == TableEnumLayerId.LAYER_CITY and missiondb.TeachCanExam()  and lvdb.FunOpenTo(lvdb.FUNC.LICENSE)"
    },
    "51": {
        "id": 51,
        "part": 8011,
        "scene": "主城",
        "typeLua": "功能开启",
        "des": "公会介绍",
        "condition": "-1"
    },
    "52": {
        "id": 52,
        "part": 8012,
        "scene": "主城",
        "typeLua": "功能开启",
        "des": "念兽介绍",
        "condition": "Gmgr:getLayerId() == TableEnumLayerId.LAYER_CITY and (lvdb.FunOpenTo(lvdb.FUNC.ADVISER) or adviserdb.Open())"
    },
    "53": {
        "id": 53,
        "part": 8013,
        "scene": "主城",
        "typeLua": "功能开启",
        "des": "念兽召唤",
        "condition": "Gmgr:getLayerId() == TableEnumLayerId.LAYER_CITY and (lvdb.FunOpenTo(lvdb.FUNC.ADVISER) or adviserdb.Open()) and (adviserdb.Haves() ~= false)"
    },
    "54": {
        "id": 54,
        "part": 8018,
        "scene": "主城",
        "typeLua": "功能开启",
        "des": "猎人合成",
        "condition": "Gmgr:getLayerId() == TableEnumLayerId.LAYER_CITY and lvdb.FunOpenTo(lvdb.FUNC.COMPOUND)"
    },
    "55": {
        "id": 55,
        "part": 8014,
        "scene": "主城",
        "typeLua": "功能开启",
        "des": "猎人觉醒",
        "condition": "-1"
    },
    "56": {
        "id": 56,
        "part": 8015,
        "scene": "主城",
        "typeLua": "功能开启",
        "des": "领取执照",
        "condition": "Gmgr:getLayerId() == TableEnumLayerId.LAYER_CITY and missiondb.TeachGetLicense()  and lvdb.FunOpenTo(lvdb.FUNC.LICENSE)"
    },
    "57": {
        "id": 57,
        "part": 8016,
        "scene": "主城",
        "typeLua": "功能开启",
        "des": "图鉴",
        "condition": "-1"
    },
    "58": {
        "id": 58,
        "part": 8017,
        "scene": "主城",
        "typeLua": "功能开启",
        "des": "双色球",
        "condition": "-1"
    },
    "59": {
        "id": 59,
        "part": 8019,
        "scene": "主城",
        "typeLua": "功能开启",
        "des": "猎人从升星进入念力开发",
        "condition": "-1"
    },
    "60": {
        "id": 60,
        "part": 8020,
        "scene": "主城",
        "typeLua": "功能开启",
        "des": "猎人6星介绍念力修炼",
        "condition": "-1"
    },
    "61": {
        "id": 61,
        "part": 8021,
        "scene": "主城",
        "typeLua": "阵容预设",
        "des": "阵容预设第一次",
        "condition": "-1"
    },
    "62": {
        "id": 62,
        "part": 8023,
        "scene": "主城",
        "typeLua": "上阵",
        "des": "攻打2-1，上阵半藏",
        "condition": "-1"
    },
    "63": {
        "id": 63,
        "part": 4004,
        "scene": "战斗",
        "typeLua": "攻打副本",
        "des": "25级引导3倍速",
        "condition": "Gmgr:getLayerId() == TableEnumLayerId.LAYER_FIGHT and getSpeedMaxIndex( Player.baseInfo.level ) == 3"
    }}
