{
    "1": {
        "index": 1,
        "consume": 10,
        "monoey": 30000
    },
    "2": {
        "index": 2,
        "consume": 20,
        "monoey": 35000
    },
    "3": {
        "index": 3,
        "consume": 30,
        "monoey": 40000
    },
    "4": {
        "index": 4,
        "consume": 40,
        "monoey": 45000
    },
    "5": {
        "index": 5,
        "consume": 50,
        "monoey": 50000
    },
    "6": {
        "index": 6,
        "consume": 50,
        "monoey": 50000
    },
    "7": {
        "index": 7,
        "consume": 50,
        "monoey": 50000
    },
    "8": {
        "index": 8,
        "consume": 50,
        "monoey": 50000
    },
    "9": {
        "index": 9,
        "consume": 50,
        "monoey": 50000
    },
    "10": {
        "index": 10,
        "consume": 50,
        "monoey": 50000
    },
    "11": {
        "index": 11,
        "consume": 50,
        "monoey": 50000
    },
    "12": {
        "index": 12,
        "consume": 50,
        "monoey": 50000
    },
    "13": {
        "index": 13,
        "consume": 50,
        "monoey": 50000
    },
    "14": {
        "index": 14,
        "consume": 50,
        "monoey": 50000
    },
    "15": {
        "index": 15,
        "consume": 50,
        "monoey": 50000
    },
    "16": {
        "index": 16,
        "consume": 50,
        "monoey": 50000
    },
    "17": {
        "index": 17,
        "consume": 50,
        "monoey": 50000
    },
    "18": {
        "index": 18,
        "consume": 50,
        "monoey": 50000
    },
    "19": {
        "index": 19,
        "consume": 50,
        "monoey": 50000
    },
    "20": {
        "index": 20,
        "consume": 50,
        "monoey": 50000
    },
    "21": {
        "index": 21,
        "consume": 50,
        "monoey": 50000
    },
    "22": {
        "index": 22,
        "consume": 50,
        "monoey": 50000
    },
    "23": {
        "index": 23,
        "consume": 50,
        "monoey": 50000
    },
    "24": {
        "index": 24,
        "consume": 50,
        "monoey": 50000
    },
    "25": {
        "index": 25,
        "consume": 50,
        "monoey": 50000
    },
    "26": {
        "index": 26,
        "consume": 60,
        "monoey": 50000
    },
    "27": {
        "index": 27,
        "consume": 60,
        "monoey": 50000
    },
    "28": {
        "index": 28,
        "consume": 60,
        "monoey": 50000
    },
    "29": {
        "index": 29,
        "consume": 60,
        "monoey": 50000
    },
    "30": {
        "index": 30,
        "consume": 60,
        "monoey": 50000
    },
    "31": {
        "index": 31,
        "consume": 75,
        "monoey": 50000
    },
    "32": {
        "index": 32,
        "consume": 75,
        "monoey": 50000
    },
    "33": {
        "index": 33,
        "consume": 75,
        "monoey": 50000
    },
    "34": {
        "index": 34,
        "consume": 75,
        "monoey": 50000
    },
    "35": {
        "index": 35,
        "consume": 75,
        "monoey": 50000
    },
    "36": {
        "index": 36,
        "consume": 100,
        "monoey": 50000
    },
    "37": {
        "index": 37,
        "consume": 100,
        "monoey": 50000
    },
    "38": {
        "index": 38,
        "consume": 100,
        "monoey": 50000
    },
    "39": {
        "index": 39,
        "consume": 100,
        "monoey": 50000
    },
    "40": {
        "index": 40,
        "consume": 100,
        "monoey": 50000
    },
    "41": {
        "index": 41,
        "consume": 100,
        "monoey": 50000
    },
    "42": {
        "index": 42,
        "consume": 100,
        "monoey": 50000
    },
    "43": {
        "index": 43,
        "consume": 100,
        "monoey": 50000
    },
    "44": {
        "index": 44,
        "consume": 100,
        "monoey": 50000
    },
    "45": {
        "index": 45,
        "consume": 100,
        "monoey": 50000
    },
    "46": {
        "index": 46,
        "consume": 125,
        "monoey": 50000
    },
    "47": {
        "index": 47,
        "consume": 125,
        "monoey": 50000
    },
    "48": {
        "index": 48,
        "consume": 125,
        "monoey": 50000
    },
    "49": {
        "index": 49,
        "consume": 125,
        "monoey": 50000
    },
    "50": {
        "index": 50,
        "consume": 125,
        "monoey": 50000
    },
    "51": {
        "index": 51,
        "consume": 125,
        "monoey": 50000
    },
    "52": {
        "index": 52,
        "consume": 125,
        "monoey": 50000
    },
    "53": {
        "index": 53,
        "consume": 125,
        "monoey": 50000
    },
    "54": {
        "index": 54,
        "consume": 125,
        "monoey": 50000
    },
    "55": {
        "index": 55,
        "consume": 125,
        "monoey": 50000
    },
    "56": {
        "index": 56,
        "consume": 125,
        "monoey": 50000
    },
    "57": {
        "index": 57,
        "consume": 125,
        "monoey": 50000
    },
    "58": {
        "index": 58,
        "consume": 125,
        "monoey": 50000
    },
    "59": {
        "index": 59,
        "consume": 50,
        "monoey": 50000
    },
    "60": {
        "index": 60,
        "consume": 50,
        "monoey": 50000
    },
    "61": {
        "index": 61,
        "consume": 50,
        "monoey": 50000
    },
    "62": {
        "index": 62,
        "consume": 50,
        "monoey": 50000
    },
    "63": {
        "index": 63,
        "consume": 50,
        "monoey": 50000
    },
    "64": {
        "index": 64,
        "consume": 50,
        "monoey": 50000
    },
    "65": {
        "index": 65,
        "consume": 50,
        "monoey": 50000
    },
    "66": {
        "index": 66,
        "consume": 50,
        "monoey": 50000
    },
    "67": {
        "index": 67,
        "consume": 50,
        "monoey": 50000
    },
    "68": {
        "index": 68,
        "consume": 50,
        "monoey": 50000
    },
    "69": {
        "index": 69,
        "consume": 50,
        "monoey": 50000
    },
    "70": {
        "index": 70,
        "consume": 50,
        "monoey": 50000
    },
    "71": {
        "index": 71,
        "consume": 50,
        "monoey": 50000
    },
    "72": {
        "index": 72,
        "consume": 50,
        "monoey": 50000
    },
    "73": {
        "index": 73,
        "consume": 50,
        "monoey": 50000
    },
    "74": {
        "index": 74,
        "consume": 50,
        "monoey": 50000
    },
    "75": {
        "index": 75,
        "consume": 50,
        "monoey": 50000
    },
    "76": {
        "index": 76,
        "consume": 50,
        "monoey": 50000
    },
    "77": {
        "index": 77,
        "consume": 50,
        "monoey": 50000
    },
    "78": {
        "index": 78,
        "consume": 50,
        "monoey": 50000
    },
    "79": {
        "index": 79,
        "consume": 50,
        "monoey": 50000
    },
    "80": {
        "index": 80,
        "consume": 50,
        "monoey": 50000
    },
    "81": {
        "index": 81,
        "consume": 50,
        "monoey": 50000
    },
    "82": {
        "index": 82,
        "consume": 50,
        "monoey": 50000
    },
    "83": {
        "index": 83,
        "consume": 50,
        "monoey": 50000
    },
    "84": {
        "index": 84,
        "consume": 50,
        "monoey": 50000
    },
    "85": {
        "index": 85,
        "consume": 50,
        "monoey": 50000
    },
    "86": {
        "index": 86,
        "consume": 50,
        "monoey": 50000
    },
    "87": {
        "index": 87,
        "consume": 50,
        "monoey": 50000
    },
    "88": {
        "index": 88,
        "consume": 50,
        "monoey": 50000
    },
    "89": {
        "index": 89,
        "consume": 50,
        "monoey": 50000
    },
    "90": {
        "index": 90,
        "consume": 50,
        "monoey": 50000
    },
    "91": {
        "index": 91,
        "consume": 50,
        "monoey": 50000
    },
    "92": {
        "index": 92,
        "consume": 50,
        "monoey": 50000
    },
    "93": {
        "index": 93,
        "consume": 50,
        "monoey": 50000
    },
    "94": {
        "index": 94,
        "consume": 50,
        "monoey": 50000
    },
    "95": {
        "index": 95,
        "consume": 50,
        "monoey": 50000
    },
    "96": {
        "index": 96,
        "consume": 50,
        "monoey": 50000
    },
    "97": {
        "index": 97,
        "consume": 50,
        "monoey": 50000
    },
    "98": {
        "index": 98,
        "consume": 50,
        "monoey": 50000
    },
    "99": {
        "index": 99,
        "consume": 50,
        "monoey": 50000
    },
    "100": {
        "index": 100,
        "consume": 50,
        "monoey": 50000
    },
    "101": {
        "index": 101,
        "consume": 50,
        "monoey": 50000
    },
    "102": {
        "index": 102,
        "consume": 50,
        "monoey": 50000
    },
    "103": {
        "index": 103,
        "consume": 50,
        "monoey": 50000
    },
    "104": {
        "index": 104,
        "consume": 50,
        "monoey": 50000
    },
    "105": {
        "index": 105,
        "consume": 50,
        "monoey": 50000
    },
    "106": {
        "index": 106,
        "consume": 50,
        "monoey": 50000
    },
    "107": {
        "index": 107,
        "consume": 50,
        "monoey": 50000
    },
    "108": {
        "index": 108,
        "consume": 50,
        "monoey": 50000
    },
    "109": {
        "index": 109,
        "consume": 50,
        "monoey": 50000
    },
    "110": {
        "index": 110,
        "consume": 50,
        "monoey": 50000
    },
    "111": {
        "index": 111,
        "consume": 50,
        "monoey": 50000
    },
    "112": {
        "index": 112,
        "consume": 50,
        "monoey": 50000
    },
    "113": {
        "index": 113,
        "consume": 50,
        "monoey": 50000
    },
    "114": {
        "index": 114,
        "consume": 50,
        "monoey": 50000
    },
    "115": {
        "index": 115,
        "consume": 50,
        "monoey": 50000
    },
    "116": {
        "index": 116,
        "consume": 50,
        "monoey": 50000
    },
    "117": {
        "index": 117,
        "consume": 50,
        "monoey": 50000
    },
    "118": {
        "index": 118,
        "consume": 50,
        "monoey": 50000
    },
    "119": {
        "index": 119,
        "consume": 50,
        "monoey": 50000
    },
    "120": {
        "index": 120,
        "consume": 50,
        "monoey": 50000
    },
    "121": {
        "index": 121,
        "consume": 50,
        "monoey": 50000
    },
    "122": {
        "index": 122,
        "consume": 50,
        "monoey": 50000
    },
    "123": {
        "index": 123,
        "consume": 50,
        "monoey": 50000
    },
    "124": {
        "index": 124,
        "consume": 50,
        "monoey": 50000
    },
    "125": {
        "index": 125,
        "consume": 50,
        "monoey": 50000
    },
    "126": {
        "index": 126,
        "consume": 50,
        "monoey": 50000
    },
    "127": {
        "index": 127,
        "consume": 50,
        "monoey": 50000
    },
    "128": {
        "index": 128,
        "consume": 50,
        "monoey": 50000
    },
    "129": {
        "index": 129,
        "consume": 50,
        "monoey": 50000
    },
    "130": {
        "index": 130,
        "consume": 50,
        "monoey": 50000
    },
    "131": {
        "index": 131,
        "consume": 50,
        "monoey": 50000
    },
    "132": {
        "index": 132,
        "consume": 50,
        "monoey": 50000
    },
    "133": {
        "index": 133,
        "consume": 50,
        "monoey": 50000
    },
    "134": {
        "index": 134,
        "consume": 50,
        "monoey": 50000
    },
    "135": {
        "index": 135,
        "consume": 50,
        "monoey": 50000
    },
    "136": {
        "index": 136,
        "consume": 50,
        "monoey": 50000
    },
    "137": {
        "index": 137,
        "consume": 50,
        "monoey": 50000
    },
    "138": {
        "index": 138,
        "consume": 50,
        "monoey": 50000
    },
    "139": {
        "index": 139,
        "consume": 50,
        "monoey": 50000
    },
    "140": {
        "index": 140,
        "consume": 50,
        "monoey": 50000
    },
    "141": {
        "index": 141,
        "consume": 50,
        "monoey": 50000
    },
    "142": {
        "index": 142,
        "consume": 50,
        "monoey": 50000
    },
    "143": {
        "index": 143,
        "consume": 50,
        "monoey": 50000
    },
    "144": {
        "index": 144,
        "consume": 50,
        "monoey": 50000
    },
    "145": {
        "index": 145,
        "consume": 50,
        "monoey": 50000
    },
    "146": {
        "index": 146,
        "consume": 50,
        "monoey": 50000
    },
    "147": {
        "index": 147,
        "consume": 50,
        "monoey": 50000
    },
    "148": {
        "index": 148,
        "consume": 50,
        "monoey": 50000
    },
    "149": {
        "index": 149,
        "consume": 50,
        "monoey": 50000
    },
    "150": {
        "index": 150,
        "consume": 50,
        "monoey": 50000
    },
    "151": {
        "index": 151,
        "consume": 50,
        "monoey": 50000
    },
    "152": {
        "index": 152,
        "consume": 50,
        "monoey": 50000
    },
    "153": {
        "index": 153,
        "consume": 50,
        "monoey": 50000
    },
    "154": {
        "index": 154,
        "consume": 50,
        "monoey": 50000
    },
    "155": {
        "index": 155,
        "consume": 50,
        "monoey": 50000
    },
    "156": {
        "index": 156,
        "consume": 50,
        "monoey": 50000
    },
    "157": {
        "index": 157,
        "consume": 50,
        "monoey": 50000
    },
    "158": {
        "index": 158,
        "consume": 50,
        "monoey": 50000
    },
    "159": {
        "index": 159,
        "consume": 50,
        "monoey": 50000
    },
    "160": {
        "index": 160,
        "consume": 50,
        "monoey": 50000
    },
    "161": {
        "index": 161,
        "consume": 50,
        "monoey": 50000
    },
    "162": {
        "index": 162,
        "consume": 50,
        "monoey": 50000
    },
    "163": {
        "index": 163,
        "consume": 50,
        "monoey": 50000
    },
    "164": {
        "index": 164,
        "consume": 50,
        "monoey": 50000
    },
    "165": {
        "index": 165,
        "consume": 50,
        "monoey": 50000
    },
    "166": {
        "index": 166,
        "consume": 50,
        "monoey": 50000
    },
    "167": {
        "index": 167,
        "consume": 50,
        "monoey": 50000
    },
    "168": {
        "index": 168,
        "consume": 50,
        "monoey": 50000
    },
    "169": {
        "index": 169,
        "consume": 50,
        "monoey": 50000
    },
    "170": {
        "index": 170,
        "consume": 50,
        "monoey": 50000
    },
    "171": {
        "index": 171,
        "consume": 50,
        "monoey": 50000
    },
    "172": {
        "index": 172,
        "consume": 50,
        "monoey": 50000
    },
    "173": {
        "index": 173,
        "consume": 50,
        "monoey": 50000
    },
    "174": {
        "index": 174,
        "consume": 50,
        "monoey": 50000
    },
    "175": {
        "index": 175,
        "consume": 50,
        "monoey": 50000
    },
    "176": {
        "index": 176,
        "consume": 50,
        "monoey": 50000
    },
    "177": {
        "index": 177,
        "consume": 50,
        "monoey": 50000
    },
    "178": {
        "index": 178,
        "consume": 50,
        "monoey": 50000
    },
    "179": {
        "index": 179,
        "consume": 50,
        "monoey": 50000
    },
    "180": {
        "index": 180,
        "consume": 50,
        "monoey": 50000
    },
    "181": {
        "index": 181,
        "consume": 50,
        "monoey": 50000
    },
    "182": {
        "index": 182,
        "consume": 50,
        "monoey": 50000
    },
    "183": {
        "index": 183,
        "consume": 50,
        "monoey": 50000
    },
    "184": {
        "index": 184,
        "consume": 50,
        "monoey": 50000
    },
    "185": {
        "index": 185,
        "consume": 50,
        "monoey": 50000
    },
    "186": {
        "index": 186,
        "consume": 50,
        "monoey": 50000
    },
    "187": {
        "index": 187,
        "consume": 50,
        "monoey": 50000
    },
    "188": {
        "index": 188,
        "consume": 50,
        "monoey": 50000
    },
    "189": {
        "index": 189,
        "consume": 50,
        "monoey": 50000
    },
    "190": {
        "index": 190,
        "consume": 50,
        "monoey": 50000
    },
    "191": {
        "index": 191,
        "consume": 50,
        "monoey": 50000
    },
    "192": {
        "index": 192,
        "consume": 50,
        "monoey": 50000
    },
    "193": {
        "index": 193,
        "consume": 50,
        "monoey": 50000
    },
    "194": {
        "index": 194,
        "consume": 50,
        "monoey": 50000
    },
    "195": {
        "index": 195,
        "consume": 50,
        "monoey": 50000
    },
    "196": {
        "index": 196,
        "consume": 50,
        "monoey": 50000
    },
    "197": {
        "index": 197,
        "consume": 50,
        "monoey": 50000
    },
    "198": {
        "index": 198,
        "consume": 50,
        "monoey": 50000
    },
    "199": {
        "index": 199,
        "consume": 50,
        "monoey": 50000
    },
    "200": {
        "index": 200,
        "consume": 50,
        "monoey": 50000
    },
    "201": {
        "index": 201,
        "consume": 50,
        "monoey": 50000
    },
    "202": {
        "index": 202,
        "consume": 50,
        "monoey": 50000
    },
    "203": {
        "index": 203,
        "consume": 50,
        "monoey": 50000
    },
    "204": {
        "index": 204,
        "consume": 50,
        "monoey": 50000
    },
    "205": {
        "index": 205,
        "consume": 50,
        "monoey": 50000
    },
    "206": {
        "index": 206,
        "consume": 50,
        "monoey": 50000
    },
    "207": {
        "index": 207,
        "consume": 50,
        "monoey": 50000
    },
    "208": {
        "index": 208,
        "consume": 50,
        "monoey": 50000
    },
    "209": {
        "index": 209,
        "consume": 50,
        "monoey": 50000
    },
    "210": {
        "index": 210,
        "consume": 50,
        "monoey": 50000
    },
    "211": {
        "index": 211,
        "consume": 50,
        "monoey": 50000
    },
    "212": {
        "index": 212,
        "consume": 50,
        "monoey": 50000
    },
    "213": {
        "index": 213,
        "consume": 50,
        "monoey": 50000
    },
    "214": {
        "index": 214,
        "consume": 50,
        "monoey": 50000
    },
    "215": {
        "index": 215,
        "consume": 50,
        "monoey": 50000
    },
    "216": {
        "index": 216,
        "consume": 50,
        "monoey": 50000
    },
    "217": {
        "index": 217,
        "consume": 50,
        "monoey": 50000
    },
    "218": {
        "index": 218,
        "consume": 50,
        "monoey": 50000
    },
    "219": {
        "index": 219,
        "consume": 50,
        "monoey": 50000
    },
    "220": {
        "index": 220,
        "consume": 50,
        "monoey": 50000
    },
    "221": {
        "index": 221,
        "consume": 50,
        "monoey": 50000
    },
    "222": {
        "index": 222,
        "consume": 50,
        "monoey": 50000
    },
    "223": {
        "index": 223,
        "consume": 50,
        "monoey": 50000
    },
    "224": {
        "index": 224,
        "consume": 50,
        "monoey": 50000
    },
    "225": {
        "index": 225,
        "consume": 50,
        "monoey": 50000
    },
    "226": {
        "index": 226,
        "consume": 50,
        "monoey": 50000
    },
    "227": {
        "index": 227,
        "consume": 50,
        "monoey": 50000
    },
    "228": {
        "index": 228,
        "consume": 50,
        "monoey": 50000
    },
    "229": {
        "index": 229,
        "consume": 50,
        "monoey": 50000
    },
    "230": {
        "index": 230,
        "consume": 50,
        "monoey": 50000
    },
    "231": {
        "index": 231,
        "consume": 50,
        "monoey": 50000
    },
    "232": {
        "index": 232,
        "consume": 50,
        "monoey": 50000
    },
    "233": {
        "index": 233,
        "consume": 50,
        "monoey": 50000
    },
    "234": {
        "index": 234,
        "consume": 50,
        "monoey": 50000
    },
    "235": {
        "index": 235,
        "consume": 50,
        "monoey": 50000
    },
    "236": {
        "index": 236,
        "consume": 50,
        "monoey": 50000
    },
    "237": {
        "index": 237,
        "consume": 50,
        "monoey": 50000
    },
    "238": {
        "index": 238,
        "consume": 50,
        "monoey": 50000
    },
    "239": {
        "index": 239,
        "consume": 50,
        "monoey": 50000
    },
    "240": {
        "index": 240,
        "consume": 50,
        "monoey": 50000
    },
    "241": {
        "index": 241,
        "consume": 50,
        "monoey": 50000
    },
    "242": {
        "index": 242,
        "consume": 50,
        "monoey": 50000
    },
    "243": {
        "index": 243,
        "consume": 50,
        "monoey": 50000
    },
    "244": {
        "index": 244,
        "consume": 50,
        "monoey": 50000
    },
    "245": {
        "index": 245,
        "consume": 50,
        "monoey": 50000
    },
    "246": {
        "index": 246,
        "consume": 50,
        "monoey": 50000
    },
    "247": {
        "index": 247,
        "consume": 50,
        "monoey": 50000
    },
    "248": {
        "index": 248,
        "consume": 50,
        "monoey": 50000
    },
    "249": {
        "index": 249,
        "consume": 50,
        "monoey": 50000
    },
    "250": {
        "index": 250,
        "consume": 50,
        "monoey": 50000
    },
    "251": {
        "index": 251,
        "consume": 50,
        "monoey": 50000
    },
    "252": {
        "index": 252,
        "consume": 50,
        "monoey": 50000
    },
    "253": {
        "index": 253,
        "consume": 50,
        "monoey": 50000
    },
    "254": {
        "index": 254,
        "consume": 50,
        "monoey": 50000
    },
    "255": {
        "index": 255,
        "consume": 50,
        "monoey": 50000
    },
    "256": {
        "index": 256,
        "consume": 50,
        "monoey": 50000
    },
    "257": {
        "index": 257,
        "consume": 50,
        "monoey": 50000
    },
    "258": {
        "index": 258,
        "consume": 50,
        "monoey": 50000
    },
    "259": {
        "index": 259,
        "consume": 50,
        "monoey": 50000
    },
    "260": {
        "index": 260,
        "consume": 50,
        "monoey": 50000
    },
    "261": {
        "index": 261,
        "consume": 50,
        "monoey": 50000
    },
    "262": {
        "index": 262,
        "consume": 50,
        "monoey": 50000
    },
    "263": {
        "index": 263,
        "consume": 50,
        "monoey": 50000
    },
    "264": {
        "index": 264,
        "consume": 50,
        "monoey": 50000
    },
    "265": {
        "index": 265,
        "consume": 50,
        "monoey": 50000
    },
    "266": {
        "index": 266,
        "consume": 50,
        "monoey": 50000
    },
    "267": {
        "index": 267,
        "consume": 50,
        "monoey": 50000
    },
    "268": {
        "index": 268,
        "consume": 50,
        "monoey": 50000
    },
    "269": {
        "index": 269,
        "consume": 50,
        "monoey": 50000
    },
    "270": {
        "index": 270,
        "consume": 50,
        "monoey": 50000
    },
    "271": {
        "index": 271,
        "consume": 50,
        "monoey": 50000
    },
    "272": {
        "index": 272,
        "consume": 50,
        "monoey": 50000
    },
    "273": {
        "index": 273,
        "consume": 50,
        "monoey": 50000
    },
    "274": {
        "index": 274,
        "consume": 50,
        "monoey": 50000
    },
    "275": {
        "index": 275,
        "consume": 50,
        "monoey": 50000
    },
    "276": {
        "index": 276,
        "consume": 50,
        "monoey": 50000
    },
    "277": {
        "index": 277,
        "consume": 50,
        "monoey": 50000
    },
    "278": {
        "index": 278,
        "consume": 50,
        "monoey": 50000
    },
    "279": {
        "index": 279,
        "consume": 50,
        "monoey": 50000
    },
    "280": {
        "index": 280,
        "consume": 50,
        "monoey": 50000
    },
    "281": {
        "index": 281,
        "consume": 50,
        "monoey": 50000
    },
    "282": {
        "index": 282,
        "consume": 50,
        "monoey": 50000
    },
    "283": {
        "index": 283,
        "consume": 50,
        "monoey": 50000
    },
    "284": {
        "index": 284,
        "consume": 50,
        "monoey": 50000
    },
    "285": {
        "index": 285,
        "consume": 50,
        "monoey": 50000
    },
    "286": {
        "index": 286,
        "consume": 50,
        "monoey": 50000
    },
    "287": {
        "index": 287,
        "consume": 50,
        "monoey": 50000
    },
    "288": {
        "index": 288,
        "consume": 50,
        "monoey": 50000
    },
    "289": {
        "index": 289,
        "consume": 50,
        "monoey": 50000
    },
    "290": {
        "index": 290,
        "consume": 50,
        "monoey": 50000
    },
    "291": {
        "index": 291,
        "consume": 50,
        "monoey": 50000
    },
    "292": {
        "index": 292,
        "consume": 50,
        "monoey": 50000
    },
    "293": {
        "index": 293,
        "consume": 50,
        "monoey": 50000
    },
    "294": {
        "index": 294,
        "consume": 50,
        "monoey": 50000
    },
    "295": {
        "index": 295,
        "consume": 50,
        "monoey": 50000
    },
    "296": {
        "index": 296,
        "consume": 50,
        "monoey": 50000
    },
    "297": {
        "index": 297,
        "consume": 50,
        "monoey": 50000
    },
    "298": {
        "index": 298,
        "consume": 50,
        "monoey": 50000
    },
    "299": {
        "index": 299,
        "consume": 50,
        "monoey": 50000
    },
    "300": {
        "index": 300,
        "consume": 50,
        "monoey": 50000
    },
    "301": {
        "index": 301,
        "consume": 50,
        "monoey": 50000
    },
    "302": {
        "index": 302,
        "consume": 50,
        "monoey": 50000
    },
    "303": {
        "index": 303,
        "consume": 50,
        "monoey": 50000
    },
    "304": {
        "index": 304,
        "consume": 50,
        "monoey": 50000
    },
    "305": {
        "index": 305,
        "consume": 50,
        "monoey": 50000
    },
    "306": {
        "index": 306,
        "consume": 50,
        "monoey": 50000
    },
    "307": {
        "index": 307,
        "consume": 50,
        "monoey": 50000
    },
    "308": {
        "index": 308,
        "consume": 50,
        "monoey": 50000
    },
    "309": {
        "index": 309,
        "consume": 50,
        "monoey": 50000
    },
    "310": {
        "index": 310,
        "consume": 50,
        "monoey": 50000
    },
    "311": {
        "index": 311,
        "consume": 50,
        "monoey": 50000
    },
    "312": {
        "index": 312,
        "consume": 50,
        "monoey": 50000
    },
    "313": {
        "index": 313,
        "consume": 50,
        "monoey": 50000
    },
    "314": {
        "index": 314,
        "consume": 50,
        "monoey": 50000
    },
    "315": {
        "index": 315,
        "consume": 50,
        "monoey": 50000
    },
    "316": {
        "index": 316,
        "consume": 50,
        "monoey": 50000
    },
    "317": {
        "index": 317,
        "consume": 50,
        "monoey": 50000
    },
    "318": {
        "index": 318,
        "consume": 50,
        "monoey": 50000
    },
    "319": {
        "index": 319,
        "consume": 50,
        "monoey": 50000
    },
    "320": {
        "index": 320,
        "consume": 50,
        "monoey": 50000
    },
    "321": {
        "index": 321,
        "consume": 50,
        "monoey": 50000
    },
    "322": {
        "index": 322,
        "consume": 50,
        "monoey": 50000
    },
    "323": {
        "index": 323,
        "consume": 50,
        "monoey": 50000
    },
    "324": {
        "index": 324,
        "consume": 50,
        "monoey": 50000
    },
    "325": {
        "index": 325,
        "consume": 50,
        "monoey": 50000
    },
    "326": {
        "index": 326,
        "consume": 50,
        "monoey": 50000
    },
    "327": {
        "index": 327,
        "consume": 50,
        "monoey": 50000
    },
    "328": {
        "index": 328,
        "consume": 50,
        "monoey": 50000
    },
    "329": {
        "index": 329,
        "consume": 50,
        "monoey": 50000
    },
    "330": {
        "index": 330,
        "consume": 50,
        "monoey": 50000
    },
    "331": {
        "index": 331,
        "consume": 50,
        "monoey": 50000
    },
    "332": {
        "index": 332,
        "consume": 50,
        "monoey": 50000
    },
    "333": {
        "index": 333,
        "consume": 50,
        "monoey": 50000
    },
    "334": {
        "index": 334,
        "consume": 50,
        "monoey": 50000
    },
    "335": {
        "index": 335,
        "consume": 50,
        "monoey": 50000
    },
    "336": {
        "index": 336,
        "consume": 50,
        "monoey": 50000
    },
    "337": {
        "index": 337,
        "consume": 50,
        "monoey": 50000
    },
    "338": {
        "index": 338,
        "consume": 50,
        "monoey": 50000
    },
    "339": {
        "index": 339,
        "consume": 50,
        "monoey": 50000
    },
    "340": {
        "index": 340,
        "consume": 50,
        "monoey": 50000
    },
    "341": {
        "index": 341,
        "consume": 50,
        "monoey": 50000
    },
    "342": {
        "index": 342,
        "consume": 50,
        "monoey": 50000
    },
    "343": {
        "index": 343,
        "consume": 50,
        "monoey": 50000
    },
    "344": {
        "index": 344,
        "consume": 50,
        "monoey": 50000
    },
    "345": {
        "index": 345,
        "consume": 50,
        "monoey": 50000
    },
    "346": {
        "index": 346,
        "consume": 50,
        "monoey": 50000
    },
    "347": {
        "index": 347,
        "consume": 50,
        "monoey": 50000
    },
    "348": {
        "index": 348,
        "consume": 50,
        "monoey": 50000
    },
    "349": {
        "index": 349,
        "consume": 50,
        "monoey": 50000
    },
    "350": {
        "index": 350,
        "consume": 50,
        "monoey": 50000
    },
    "351": {
        "index": 351,
        "consume": 50,
        "monoey": 50000
    },
    "352": {
        "index": 352,
        "consume": 50,
        "monoey": 50000
    },
    "353": {
        "index": 353,
        "consume": 50,
        "monoey": 50000
    },
    "354": {
        "index": 354,
        "consume": 50,
        "monoey": 50000
    },
    "355": {
        "index": 355,
        "consume": 50,
        "monoey": 50000
    },
    "356": {
        "index": 356,
        "consume": 50,
        "monoey": 50000
    },
    "357": {
        "index": 357,
        "consume": 50,
        "monoey": 50000
    },
    "358": {
        "index": 358,
        "consume": 50,
        "monoey": 50000
    },
    "359": {
        "index": 359,
        "consume": 50,
        "monoey": 50000
    },
    "360": {
        "index": 360,
        "consume": 50,
        "monoey": 50000
    },
    "361": {
        "index": 361,
        "consume": 50,
        "monoey": 50000
    },
    "362": {
        "index": 362,
        "consume": 50,
        "monoey": 50000
    },
    "363": {
        "index": 363,
        "consume": 50,
        "monoey": 50000
    },
    "364": {
        "index": 364,
        "consume": 50,
        "monoey": 50000
    },
    "365": {
        "index": 365,
        "consume": 50,
        "monoey": 50000
    },
    "366": {
        "index": 366,
        "consume": 50,
        "monoey": 50000
    },
    "367": {
        "index": 367,
        "consume": 50,
        "monoey": 50000
    },
    "368": {
        "index": 368,
        "consume": 50,
        "monoey": 50000
    },
    "369": {
        "index": 369,
        "consume": 50,
        "monoey": 50000
    },
    "370": {
        "index": 370,
        "consume": 50,
        "monoey": 50000
    },
    "371": {
        "index": 371,
        "consume": 50,
        "monoey": 50000
    },
    "372": {
        "index": 372,
        "consume": 50,
        "monoey": 50000
    },
    "373": {
        "index": 373,
        "consume": 50,
        "monoey": 50000
    },
    "374": {
        "index": 374,
        "consume": 50,
        "monoey": 50000
    },
    "375": {
        "index": 375,
        "consume": 50,
        "monoey": 50000
    },
    "376": {
        "index": 376,
        "consume": 50,
        "monoey": 50000
    },
    "377": {
        "index": 377,
        "consume": 50,
        "monoey": 50000
    },
    "378": {
        "index": 378,
        "consume": 50,
        "monoey": 50000
    },
    "379": {
        "index": 379,
        "consume": 50,
        "monoey": 50000
    },
    "380": {
        "index": 380,
        "consume": 50,
        "monoey": 50000
    },
    "381": {
        "index": 381,
        "consume": 50,
        "monoey": 50000
    },
    "382": {
        "index": 382,
        "consume": 50,
        "monoey": 50000
    },
    "383": {
        "index": 383,
        "consume": 50,
        "monoey": 50000
    },
    "384": {
        "index": 384,
        "consume": 50,
        "monoey": 50000
    },
    "385": {
        "index": 385,
        "consume": 50,
        "monoey": 50000
    },
    "386": {
        "index": 386,
        "consume": 50,
        "monoey": 50000
    },
    "387": {
        "index": 387,
        "consume": 50,
        "monoey": 50000
    },
    "388": {
        "index": 388,
        "consume": 50,
        "monoey": 50000
    },
    "389": {
        "index": 389,
        "consume": 50,
        "monoey": 50000
    },
    "390": {
        "index": 390,
        "consume": 50,
        "monoey": 50000
    },
    "391": {
        "index": 391,
        "consume": 50,
        "monoey": 50000
    },
    "392": {
        "index": 392,
        "consume": 50,
        "monoey": 50000
    },
    "393": {
        "index": 393,
        "consume": 50,
        "monoey": 50000
    },
    "394": {
        "index": 394,
        "consume": 50,
        "monoey": 50000
    },
    "395": {
        "index": 395,
        "consume": 50,
        "monoey": 50000
    },
    "396": {
        "index": 396,
        "consume": 50,
        "monoey": 50000
    },
    "397": {
        "index": 397,
        "consume": 50,
        "monoey": 50000
    },
    "398": {
        "index": 398,
        "consume": 50,
        "monoey": 50000
    },
    "399": {
        "index": 399,
        "consume": 50,
        "monoey": 50000
    },
    "400": {
        "index": 400,
        "consume": 50,
        "monoey": 50000
    },
    "401": {
        "index": 401,
        "consume": 50,
        "monoey": 50000
    },
    "402": {
        "index": 402,
        "consume": 50,
        "monoey": 50000
    },
    "403": {
        "index": 403,
        "consume": 50,
        "monoey": 50000
    },
    "404": {
        "index": 404,
        "consume": 50,
        "monoey": 50000
    },
    "405": {
        "index": 405,
        "consume": 50,
        "monoey": 50000
    },
    "406": {
        "index": 406,
        "consume": 50,
        "monoey": 50000
    },
    "407": {
        "index": 407,
        "consume": 50,
        "monoey": 50000
    },
    "408": {
        "index": 408,
        "consume": 50,
        "monoey": 50000
    },
    "409": {
        "index": 409,
        "consume": 50,
        "monoey": 50000
    },
    "410": {
        "index": 410,
        "consume": 50,
        "monoey": 50000
    },
    "411": {
        "index": 411,
        "consume": 50,
        "monoey": 50000
    },
    "412": {
        "index": 412,
        "consume": 50,
        "monoey": 50000
    },
    "413": {
        "index": 413,
        "consume": 50,
        "monoey": 50000
    },
    "414": {
        "index": 414,
        "consume": 50,
        "monoey": 50000
    },
    "415": {
        "index": 415,
        "consume": 50,
        "monoey": 50000
    },
    "416": {
        "index": 416,
        "consume": 50,
        "monoey": 50000
    },
    "417": {
        "index": 417,
        "consume": 50,
        "monoey": 50000
    },
    "418": {
        "index": 418,
        "consume": 50,
        "monoey": 50000
    },
    "419": {
        "index": 419,
        "consume": 50,
        "monoey": 50000
    },
    "420": {
        "index": 420,
        "consume": 50,
        "monoey": 50000
    },
    "421": {
        "index": 421,
        "consume": 50,
        "monoey": 50000
    },
    "422": {
        "index": 422,
        "consume": 50,
        "monoey": 50000
    },
    "423": {
        "index": 423,
        "consume": 50,
        "monoey": 50000
    },
    "424": {
        "index": 424,
        "consume": 50,
        "monoey": 50000
    },
    "425": {
        "index": 425,
        "consume": 50,
        "monoey": 50000
    },
    "426": {
        "index": 426,
        "consume": 50,
        "monoey": 50000
    },
    "427": {
        "index": 427,
        "consume": 50,
        "monoey": 50000
    },
    "428": {
        "index": 428,
        "consume": 50,
        "monoey": 50000
    },
    "429": {
        "index": 429,
        "consume": 50,
        "monoey": 50000
    },
    "430": {
        "index": 430,
        "consume": 50,
        "monoey": 50000
    },
    "431": {
        "index": 431,
        "consume": 50,
        "monoey": 50000
    },
    "432": {
        "index": 432,
        "consume": 50,
        "monoey": 50000
    },
    "433": {
        "index": 433,
        "consume": 50,
        "monoey": 50000
    },
    "434": {
        "index": 434,
        "consume": 50,
        "monoey": 50000
    },
    "435": {
        "index": 435,
        "consume": 50,
        "monoey": 50000
    },
    "436": {
        "index": 436,
        "consume": 50,
        "monoey": 50000
    },
    "437": {
        "index": 437,
        "consume": 50,
        "monoey": 50000
    },
    "438": {
        "index": 438,
        "consume": 50,
        "monoey": 50000
    },
    "439": {
        "index": 439,
        "consume": 50,
        "monoey": 50000
    },
    "440": {
        "index": 440,
        "consume": 50,
        "monoey": 50000
    },
    "441": {
        "index": 441,
        "consume": 50,
        "monoey": 50000
    },
    "442": {
        "index": 442,
        "consume": 50,
        "monoey": 50000
    },
    "443": {
        "index": 443,
        "consume": 50,
        "monoey": 50000
    },
    "444": {
        "index": 444,
        "consume": 50,
        "monoey": 50000
    },
    "445": {
        "index": 445,
        "consume": 50,
        "monoey": 50000
    },
    "446": {
        "index": 446,
        "consume": 50,
        "monoey": 50000
    },
    "447": {
        "index": 447,
        "consume": 50,
        "monoey": 50000
    },
    "448": {
        "index": 448,
        "consume": 50,
        "monoey": 50000
    },
    "449": {
        "index": 449,
        "consume": 50,
        "monoey": 50000
    },
    "450": {
        "index": 450,
        "consume": 50,
        "monoey": 50000
    },
    "451": {
        "index": 451,
        "consume": 50,
        "monoey": 50000
    },
    "452": {
        "index": 452,
        "consume": 50,
        "monoey": 50000
    },
    "453": {
        "index": 453,
        "consume": 50,
        "monoey": 50000
    },
    "454": {
        "index": 454,
        "consume": 50,
        "monoey": 50000
    },
    "455": {
        "index": 455,
        "consume": 50,
        "monoey": 50000
    },
    "456": {
        "index": 456,
        "consume": 50,
        "monoey": 50000
    },
    "457": {
        "index": 457,
        "consume": 50,
        "monoey": 50000
    },
    "458": {
        "index": 458,
        "consume": 50,
        "monoey": 50000
    },
    "459": {
        "index": 459,
        "consume": 50,
        "monoey": 50000
    },
    "460": {
        "index": 460,
        "consume": 50,
        "monoey": 50000
    },
    "461": {
        "index": 461,
        "consume": 50,
        "monoey": 50000
    },
    "462": {
        "index": 462,
        "consume": 50,
        "monoey": 50000
    },
    "463": {
        "index": 463,
        "consume": 50,
        "monoey": 50000
    },
    "464": {
        "index": 464,
        "consume": 50,
        "monoey": 50000
    },
    "465": {
        "index": 465,
        "consume": 50,
        "monoey": 50000
    },
    "466": {
        "index": 466,
        "consume": 50,
        "monoey": 50000
    },
    "467": {
        "index": 467,
        "consume": 50,
        "monoey": 50000
    },
    "468": {
        "index": 468,
        "consume": 50,
        "monoey": 50000
    },
    "469": {
        "index": 469,
        "consume": 50,
        "monoey": 50000
    },
    "470": {
        "index": 470,
        "consume": 50,
        "monoey": 50000
    },
    "471": {
        "index": 471,
        "consume": 50,
        "monoey": 50000
    },
    "472": {
        "index": 472,
        "consume": 50,
        "monoey": 50000
    },
    "473": {
        "index": 473,
        "consume": 50,
        "monoey": 50000
    },
    "474": {
        "index": 474,
        "consume": 50,
        "monoey": 50000
    },
    "475": {
        "index": 475,
        "consume": 50,
        "monoey": 50000
    },
    "476": {
        "index": 476,
        "consume": 50,
        "monoey": 50000
    },
    "477": {
        "index": 477,
        "consume": 50,
        "monoey": 50000
    },
    "478": {
        "index": 478,
        "consume": 50,
        "monoey": 50000
    },
    "479": {
        "index": 479,
        "consume": 50,
        "monoey": 50000
    },
    "480": {
        "index": 480,
        "consume": 50,
        "monoey": 50000
    },
    "481": {
        "index": 481,
        "consume": 50,
        "monoey": 50000
    },
    "482": {
        "index": 482,
        "consume": 50,
        "monoey": 50000
    },
    "483": {
        "index": 483,
        "consume": 50,
        "monoey": 50000
    },
    "484": {
        "index": 484,
        "consume": 50,
        "monoey": 50000
    },
    "485": {
        "index": 485,
        "consume": 50,
        "monoey": 50000
    },
    "486": {
        "index": 486,
        "consume": 50,
        "monoey": 50000
    },
    "487": {
        "index": 487,
        "consume": 50,
        "monoey": 50000
    },
    "488": {
        "index": 488,
        "consume": 50,
        "monoey": 50000
    },
    "489": {
        "index": 489,
        "consume": 50,
        "monoey": 50000
    },
    "490": {
        "index": 490,
        "consume": 50,
        "monoey": 50000
    },
    "491": {
        "index": 491,
        "consume": 50,
        "monoey": 50000
    },
    "492": {
        "index": 492,
        "consume": 50,
        "monoey": 50000
    },
    "493": {
        "index": 493,
        "consume": 50,
        "monoey": 50000
    },
    "494": {
        "index": 494,
        "consume": 50,
        "monoey": 50000
    },
    "495": {
        "index": 495,
        "consume": 50,
        "monoey": 50000
    },
    "496": {
        "index": 496,
        "consume": 50,
        "monoey": 50000
    },
    "497": {
        "index": 497,
        "consume": 50,
        "monoey": 50000
    },
    "498": {
        "index": 498,
        "consume": 50,
        "monoey": 50000
    },
    "499": {
        "index": 499,
        "consume": 50,
        "monoey": 50000
    },
    "500": {
        "index": 500,
        "consume": 50,
        "monoey": 50000
    },
    "501": {
        "index": 501,
        "consume": 50,
        "monoey": 50000
    },
    "502": {
        "index": 502,
        "consume": 50,
        "monoey": 50000
    },
    "503": {
        "index": 503,
        "consume": 50,
        "monoey": 50000
    },
    "504": {
        "index": 504,
        "consume": 50,
        "monoey": 50000
    },
    "505": {
        "index": 505,
        "consume": 50,
        "monoey": 50000
    },
    "506": {
        "index": 506,
        "consume": 50,
        "monoey": 50000
    },
    "507": {
        "index": 507,
        "consume": 50,
        "monoey": 50000
    },
    "508": {
        "index": 508,
        "consume": 50,
        "monoey": 50000
    },
    "509": {
        "index": 509,
        "consume": 50,
        "monoey": 50000
    },
    "510": {
        "index": 510,
        "consume": 50,
        "monoey": 50000
    },
    "511": {
        "index": 511,
        "consume": 50,
        "monoey": 50000
    },
    "512": {
        "index": 512,
        "consume": 50,
        "monoey": 50000
    },
    "513": {
        "index": 513,
        "consume": 50,
        "monoey": 50000
    },
    "514": {
        "index": 514,
        "consume": 50,
        "monoey": 50000
    },
    "515": {
        "index": 515,
        "consume": 50,
        "monoey": 50000
    },
    "516": {
        "index": 516,
        "consume": 50,
        "monoey": 50000
    },
    "517": {
        "index": 517,
        "consume": 50,
        "monoey": 50000
    },
    "518": {
        "index": 518,
        "consume": 50,
        "monoey": 50000
    },
    "519": {
        "index": 519,
        "consume": 50,
        "monoey": 50000
    },
    "520": {
        "index": 520,
        "consume": 50,
        "monoey": 50000
    },
    "521": {
        "index": 521,
        "consume": 50,
        "monoey": 50000
    },
    "522": {
        "index": 522,
        "consume": 50,
        "monoey": 50000
    },
    "523": {
        "index": 523,
        "consume": 50,
        "monoey": 50000
    },
    "524": {
        "index": 524,
        "consume": 50,
        "monoey": 50000
    },
    "525": {
        "index": 525,
        "consume": 50,
        "monoey": 50000
    },
    "526": {
        "index": 526,
        "consume": 50,
        "monoey": 50000
    },
    "527": {
        "index": 527,
        "consume": 50,
        "monoey": 50000
    },
    "528": {
        "index": 528,
        "consume": 50,
        "monoey": 50000
    },
    "529": {
        "index": 529,
        "consume": 50,
        "monoey": 50000
    },
    "530": {
        "index": 530,
        "consume": 50,
        "monoey": 50000
    },
    "531": {
        "index": 531,
        "consume": 50,
        "monoey": 50000
    },
    "532": {
        "index": 532,
        "consume": 50,
        "monoey": 50000
    },
    "533": {
        "index": 533,
        "consume": 50,
        "monoey": 50000
    },
    "534": {
        "index": 534,
        "consume": 50,
        "monoey": 50000
    },
    "535": {
        "index": 535,
        "consume": 50,
        "monoey": 50000
    },
    "536": {
        "index": 536,
        "consume": 50,
        "monoey": 50000
    },
    "537": {
        "index": 537,
        "consume": 50,
        "monoey": 50000
    },
    "538": {
        "index": 538,
        "consume": 50,
        "monoey": 50000
    },
    "539": {
        "index": 539,
        "consume": 50,
        "monoey": 50000
    },
    "540": {
        "index": 540,
        "consume": 50,
        "monoey": 50000
    },
    "541": {
        "index": 541,
        "consume": 50,
        "monoey": 50000
    },
    "542": {
        "index": 542,
        "consume": 50,
        "monoey": 50000
    },
    "543": {
        "index": 543,
        "consume": 50,
        "monoey": 50000
    },
    "544": {
        "index": 544,
        "consume": 50,
        "monoey": 50000
    },
    "545": {
        "index": 545,
        "consume": 50,
        "monoey": 50000
    },
    "546": {
        "index": 546,
        "consume": 50,
        "monoey": 50000
    },
    "547": {
        "index": 547,
        "consume": 50,
        "monoey": 50000
    },
    "548": {
        "index": 548,
        "consume": 50,
        "monoey": 50000
    },
    "549": {
        "index": 549,
        "consume": 50,
        "monoey": 50000
    },
    "550": {
        "index": 550,
        "consume": 50,
        "monoey": 50000
    },
    "551": {
        "index": 551,
        "consume": 50,
        "monoey": 50000
    },
    "552": {
        "index": 552,
        "consume": 50,
        "monoey": 50000
    },
    "553": {
        "index": 553,
        "consume": 50,
        "monoey": 50000
    },
    "554": {
        "index": 554,
        "consume": 50,
        "monoey": 50000
    },
    "555": {
        "index": 555,
        "consume": 50,
        "monoey": 50000
    },
    "556": {
        "index": 556,
        "consume": 50,
        "monoey": 50000
    },
    "557": {
        "index": 557,
        "consume": 50,
        "monoey": 50000
    },
    "558": {
        "index": 558,
        "consume": 50,
        "monoey": 50000
    },
    "559": {
        "index": 559,
        "consume": 50,
        "monoey": 50000
    },
    "560": {
        "index": 560,
        "consume": 50,
        "monoey": 50000
    },
    "561": {
        "index": 561,
        "consume": 50,
        "monoey": 50000
    },
    "562": {
        "index": 562,
        "consume": 50,
        "monoey": 50000
    },
    "563": {
        "index": 563,
        "consume": 50,
        "monoey": 50000
    },
    "564": {
        "index": 564,
        "consume": 50,
        "monoey": 50000
    },
    "565": {
        "index": 565,
        "consume": 50,
        "monoey": 50000
    },
    "566": {
        "index": 566,
        "consume": 50,
        "monoey": 50000
    },
    "567": {
        "index": 567,
        "consume": 50,
        "monoey": 50000
    },
    "568": {
        "index": 568,
        "consume": 50,
        "monoey": 50000
    },
    "569": {
        "index": 569,
        "consume": 50,
        "monoey": 50000
    },
    "570": {
        "index": 570,
        "consume": 50,
        "monoey": 50000
    },
    "571": {
        "index": 571,
        "consume": 50,
        "monoey": 50000
    },
    "572": {
        "index": 572,
        "consume": 50,
        "monoey": 50000
    },
    "573": {
        "index": 573,
        "consume": 50,
        "monoey": 50000
    },
    "574": {
        "index": 574,
        "consume": 50,
        "monoey": 50000
    },
    "575": {
        "index": 575,
        "consume": 50,
        "monoey": 50000
    },
    "576": {
        "index": 576,
        "consume": 50,
        "monoey": 50000
    },
    "577": {
        "index": 577,
        "consume": 50,
        "monoey": 50000
    },
    "578": {
        "index": 578,
        "consume": 50,
        "monoey": 50000
    },
    "579": {
        "index": 579,
        "consume": 50,
        "monoey": 50000
    },
    "580": {
        "index": 580,
        "consume": 50,
        "monoey": 50000
    },
    "581": {
        "index": 581,
        "consume": 50,
        "monoey": 50000
    },
    "582": {
        "index": 582,
        "consume": 50,
        "monoey": 50000
    },
    "583": {
        "index": 583,
        "consume": 50,
        "monoey": 50000
    },
    "584": {
        "index": 584,
        "consume": 50,
        "monoey": 50000
    },
    "585": {
        "index": 585,
        "consume": 50,
        "monoey": 50000
    },
    "586": {
        "index": 586,
        "consume": 50,
        "monoey": 50000
    },
    "587": {
        "index": 587,
        "consume": 50,
        "monoey": 50000
    },
    "588": {
        "index": 588,
        "consume": 50,
        "monoey": 50000
    },
    "589": {
        "index": 589,
        "consume": 50,
        "monoey": 50000
    },
    "590": {
        "index": 590,
        "consume": 50,
        "monoey": 50000
    },
    "591": {
        "index": 591,
        "consume": 50,
        "monoey": 50000
    },
    "592": {
        "index": 592,
        "consume": 50,
        "monoey": 50000
    },
    "593": {
        "index": 593,
        "consume": 50,
        "monoey": 50000
    },
    "594": {
        "index": 594,
        "consume": 50,
        "monoey": 50000
    },
    "595": {
        "index": 595,
        "consume": 50,
        "monoey": 50000
    },
    "596": {
        "index": 596,
        "consume": 50,
        "monoey": 50000
    },
    "597": {
        "index": 597,
        "consume": 50,
        "monoey": 50000
    },
    "598": {
        "index": 598,
        "consume": 50,
        "monoey": 50000
    },
    "599": {
        "index": 599,
        "consume": 50,
        "monoey": 50000
    },
    "600": {
        "index": 600,
        "consume": 50,
        "monoey": 50000
    },
    "601": {
        "index": 601,
        "consume": 50,
        "monoey": 50000
    },
    "602": {
        "index": 602,
        "consume": 50,
        "monoey": 50000
    },
    "603": {
        "index": 603,
        "consume": 50,
        "monoey": 50000
    },
    "604": {
        "index": 604,
        "consume": 50,
        "monoey": 50000
    },
    "605": {
        "index": 605,
        "consume": 50,
        "monoey": 50000
    },
    "606": {
        "index": 606,
        "consume": 50,
        "monoey": 50000
    },
    "607": {
        "index": 607,
        "consume": 50,
        "monoey": 50000
    },
    "608": {
        "index": 608,
        "consume": 50,
        "monoey": 50000
    },
    "609": {
        "index": 609,
        "consume": 50,
        "monoey": 50000
    },
    "610": {
        "index": 610,
        "consume": 50,
        "monoey": 50000
    },
    "611": {
        "index": 611,
        "consume": 50,
        "monoey": 50000
    },
    "612": {
        "index": 612,
        "consume": 50,
        "monoey": 50000
    },
    "613": {
        "index": 613,
        "consume": 50,
        "monoey": 50000
    },
    "614": {
        "index": 614,
        "consume": 50,
        "monoey": 50000
    },
    "615": {
        "index": 615,
        "consume": 50,
        "monoey": 50000
    },
    "616": {
        "index": 616,
        "consume": 50,
        "monoey": 50000
    },
    "617": {
        "index": 617,
        "consume": 50,
        "monoey": 50000
    },
    "618": {
        "index": 618,
        "consume": 50,
        "monoey": 50000
    },
    "619": {
        "index": 619,
        "consume": 50,
        "monoey": 50000
    },
    "620": {
        "index": 620,
        "consume": 50,
        "monoey": 50000
    },
    "621": {
        "index": 621,
        "consume": 50,
        "monoey": 50000
    },
    "622": {
        "index": 622,
        "consume": 50,
        "monoey": 50000
    },
    "623": {
        "index": 623,
        "consume": 50,
        "monoey": 50000
    },
    "624": {
        "index": 624,
        "consume": 50,
        "monoey": 50000
    },
    "625": {
        "index": 625,
        "consume": 50,
        "monoey": 50000
    },
    "626": {
        "index": 626,
        "consume": 50,
        "monoey": 50000
    },
    "627": {
        "index": 627,
        "consume": 50,
        "monoey": 50000
    },
    "628": {
        "index": 628,
        "consume": 50,
        "monoey": 50000
    },
    "629": {
        "index": 629,
        "consume": 50,
        "monoey": 50000
    },
    "630": {
        "index": 630,
        "consume": 50,
        "monoey": 50000
    },
    "631": {
        "index": 631,
        "consume": 50,
        "monoey": 50000
    },
    "632": {
        "index": 632,
        "consume": 50,
        "monoey": 50000
    },
    "633": {
        "index": 633,
        "consume": 50,
        "monoey": 50000
    },
    "634": {
        "index": 634,
        "consume": 50,
        "monoey": 50000
    },
    "635": {
        "index": 635,
        "consume": 50,
        "monoey": 50000
    },
    "636": {
        "index": 636,
        "consume": 50,
        "monoey": 50000
    },
    "637": {
        "index": 637,
        "consume": 50,
        "monoey": 50000
    },
    "638": {
        "index": 638,
        "consume": 50,
        "monoey": 50000
    },
    "639": {
        "index": 639,
        "consume": 50,
        "monoey": 50000
    },
    "640": {
        "index": 640,
        "consume": 50,
        "monoey": 50000
    },
    "641": {
        "index": 641,
        "consume": 50,
        "monoey": 50000
    },
    "642": {
        "index": 642,
        "consume": 50,
        "monoey": 50000
    },
    "643": {
        "index": 643,
        "consume": 50,
        "monoey": 50000
    },
    "644": {
        "index": 644,
        "consume": 50,
        "monoey": 50000
    },
    "645": {
        "index": 645,
        "consume": 50,
        "monoey": 50000
    },
    "646": {
        "index": 646,
        "consume": 50,
        "monoey": 50000
    },
    "647": {
        "index": 647,
        "consume": 50,
        "monoey": 50000
    },
    "648": {
        "index": 648,
        "consume": 50,
        "monoey": 50000
    },
    "649": {
        "index": 649,
        "consume": 50,
        "monoey": 50000
    },
    "650": {
        "index": 650,
        "consume": 50,
        "monoey": 50000
    },
    "651": {
        "index": 651,
        "consume": 50,
        "monoey": 50000
    },
    "652": {
        "index": 652,
        "consume": 50,
        "monoey": 50000
    },
    "653": {
        "index": 653,
        "consume": 50,
        "monoey": 50000
    },
    "654": {
        "index": 654,
        "consume": 50,
        "monoey": 50000
    },
    "655": {
        "index": 655,
        "consume": 50,
        "monoey": 50000
    },
    "656": {
        "index": 656,
        "consume": 50,
        "monoey": 50000
    },
    "657": {
        "index": 657,
        "consume": 50,
        "monoey": 50000
    },
    "658": {
        "index": 658,
        "consume": 50,
        "monoey": 50000
    },
    "659": {
        "index": 659,
        "consume": 50,
        "monoey": 50000
    },
    "660": {
        "index": 660,
        "consume": 50,
        "monoey": 50000
    },
    "661": {
        "index": 661,
        "consume": 50,
        "monoey": 50000
    },
    "662": {
        "index": 662,
        "consume": 50,
        "monoey": 50000
    },
    "663": {
        "index": 663,
        "consume": 50,
        "monoey": 50000
    },
    "664": {
        "index": 664,
        "consume": 50,
        "monoey": 50000
    },
    "665": {
        "index": 665,
        "consume": 50,
        "monoey": 50000
    },
    "666": {
        "index": 666,
        "consume": 50,
        "monoey": 50000
    },
    "667": {
        "index": 667,
        "consume": 50,
        "monoey": 50000
    },
    "668": {
        "index": 668,
        "consume": 50,
        "monoey": 50000
    },
    "669": {
        "index": 669,
        "consume": 50,
        "monoey": 50000
    },
    "670": {
        "index": 670,
        "consume": 50,
        "monoey": 50000
    },
    "671": {
        "index": 671,
        "consume": 50,
        "monoey": 50000
    },
    "672": {
        "index": 672,
        "consume": 50,
        "monoey": 50000
    },
    "673": {
        "index": 673,
        "consume": 50,
        "monoey": 50000
    },
    "674": {
        "index": 674,
        "consume": 50,
        "monoey": 50000
    },
    "675": {
        "index": 675,
        "consume": 50,
        "monoey": 50000
    },
    "676": {
        "index": 676,
        "consume": 50,
        "monoey": 50000
    },
    "677": {
        "index": 677,
        "consume": 50,
        "monoey": 50000
    },
    "678": {
        "index": 678,
        "consume": 50,
        "monoey": 50000
    },
    "679": {
        "index": 679,
        "consume": 50,
        "monoey": 50000
    },
    "680": {
        "index": 680,
        "consume": 50,
        "monoey": 50000
    },
    "681": {
        "index": 681,
        "consume": 50,
        "monoey": 50000
    },
    "682": {
        "index": 682,
        "consume": 50,
        "monoey": 50000
    },
    "683": {
        "index": 683,
        "consume": 50,
        "monoey": 50000
    },
    "684": {
        "index": 684,
        "consume": 50,
        "monoey": 50000
    },
    "685": {
        "index": 685,
        "consume": 50,
        "monoey": 50000
    },
    "686": {
        "index": 686,
        "consume": 50,
        "monoey": 50000
    },
    "687": {
        "index": 687,
        "consume": 50,
        "monoey": 50000
    },
    "688": {
        "index": 688,
        "consume": 50,
        "monoey": 50000
    },
    "689": {
        "index": 689,
        "consume": 50,
        "monoey": 50000
    },
    "690": {
        "index": 690,
        "consume": 50,
        "monoey": 50000
    },
    "691": {
        "index": 691,
        "consume": 50,
        "monoey": 50000
    },
    "692": {
        "index": 692,
        "consume": 50,
        "monoey": 50000
    },
    "693": {
        "index": 693,
        "consume": 50,
        "monoey": 50000
    },
    "694": {
        "index": 694,
        "consume": 50,
        "monoey": 50000
    },
    "695": {
        "index": 695,
        "consume": 50,
        "monoey": 50000
    },
    "696": {
        "index": 696,
        "consume": 50,
        "monoey": 50000
    },
    "697": {
        "index": 697,
        "consume": 50,
        "monoey": 50000
    },
    "698": {
        "index": 698,
        "consume": 50,
        "monoey": 50000
    },
    "699": {
        "index": 699,
        "consume": 50,
        "monoey": 50000
    },
    "700": {
        "index": 700,
        "consume": 50,
        "monoey": 50000
    },
    "701": {
        "index": 701,
        "consume": 50,
        "monoey": 50000
    },
    "702": {
        "index": 702,
        "consume": 50,
        "monoey": 50000
    },
    "703": {
        "index": 703,
        "consume": 50,
        "monoey": 50000
    },
    "704": {
        "index": 704,
        "consume": 50,
        "monoey": 50000
    },
    "705": {
        "index": 705,
        "consume": 50,
        "monoey": 50000
    },
    "706": {
        "index": 706,
        "consume": 50,
        "monoey": 50000
    },
    "707": {
        "index": 707,
        "consume": 50,
        "monoey": 50000
    },
    "708": {
        "index": 708,
        "consume": 50,
        "monoey": 50000
    },
    "709": {
        "index": 709,
        "consume": 50,
        "monoey": 50000
    },
    "710": {
        "index": 710,
        "consume": 50,
        "monoey": 50000
    },
    "711": {
        "index": 711,
        "consume": 50,
        "monoey": 50000
    },
    "712": {
        "index": 712,
        "consume": 50,
        "monoey": 50000
    },
    "713": {
        "index": 713,
        "consume": 50,
        "monoey": 50000
    },
    "714": {
        "index": 714,
        "consume": 50,
        "monoey": 50000
    },
    "715": {
        "index": 715,
        "consume": 50,
        "monoey": 50000
    },
    "716": {
        "index": 716,
        "consume": 50,
        "monoey": 50000
    },
    "717": {
        "index": 717,
        "consume": 50,
        "monoey": 50000
    },
    "718": {
        "index": 718,
        "consume": 50,
        "monoey": 50000
    },
    "719": {
        "index": 719,
        "consume": 50,
        "monoey": 50000
    },
    "720": {
        "index": 720,
        "consume": 50,
        "monoey": 50000
    },
    "721": {
        "index": 721,
        "consume": 50,
        "monoey": 50000
    },
    "722": {
        "index": 722,
        "consume": 50,
        "monoey": 50000
    },
    "723": {
        "index": 723,
        "consume": 50,
        "monoey": 50000
    },
    "724": {
        "index": 724,
        "consume": 50,
        "monoey": 50000
    },
    "725": {
        "index": 725,
        "consume": 50,
        "monoey": 50000
    },
    "726": {
        "index": 726,
        "consume": 50,
        "monoey": 50000
    },
    "727": {
        "index": 727,
        "consume": 50,
        "monoey": 50000
    },
    "728": {
        "index": 728,
        "consume": 50,
        "monoey": 50000
    },
    "729": {
        "index": 729,
        "consume": 50,
        "monoey": 50000
    },
    "730": {
        "index": 730,
        "consume": 50,
        "monoey": 50000
    },
    "731": {
        "index": 731,
        "consume": 50,
        "monoey": 50000
    },
    "732": {
        "index": 732,
        "consume": 50,
        "monoey": 50000
    },
    "733": {
        "index": 733,
        "consume": 50,
        "monoey": 50000
    },
    "734": {
        "index": 734,
        "consume": 50,
        "monoey": 50000
    },
    "735": {
        "index": 735,
        "consume": 50,
        "monoey": 50000
    },
    "736": {
        "index": 736,
        "consume": 50,
        "monoey": 50000
    },
    "737": {
        "index": 737,
        "consume": 50,
        "monoey": 50000
    },
    "738": {
        "index": 738,
        "consume": 50,
        "monoey": 50000
    },
    "739": {
        "index": 739,
        "consume": 50,
        "monoey": 50000
    },
    "740": {
        "index": 740,
        "consume": 50,
        "monoey": 50000
    },
    "741": {
        "index": 741,
        "consume": 50,
        "monoey": 50000
    },
    "742": {
        "index": 742,
        "consume": 50,
        "monoey": 50000
    },
    "743": {
        "index": 743,
        "consume": 50,
        "monoey": 50000
    },
    "744": {
        "index": 744,
        "consume": 50,
        "monoey": 50000
    },
    "745": {
        "index": 745,
        "consume": 50,
        "monoey": 50000
    },
    "746": {
        "index": 746,
        "consume": 50,
        "monoey": 50000
    },
    "747": {
        "index": 747,
        "consume": 50,
        "monoey": 50000
    },
    "748": {
        "index": 748,
        "consume": 50,
        "monoey": 50000
    },
    "749": {
        "index": 749,
        "consume": 50,
        "monoey": 50000
    },
    "750": {
        "index": 750,
        "consume": 50,
        "monoey": 50000
    },
    "751": {
        "index": 751,
        "consume": 50,
        "monoey": 50000
    },
    "752": {
        "index": 752,
        "consume": 50,
        "monoey": 50000
    },
    "753": {
        "index": 753,
        "consume": 50,
        "monoey": 50000
    },
    "754": {
        "index": 754,
        "consume": 50,
        "monoey": 50000
    },
    "755": {
        "index": 755,
        "consume": 50,
        "monoey": 50000
    },
    "756": {
        "index": 756,
        "consume": 50,
        "monoey": 50000
    },
    "757": {
        "index": 757,
        "consume": 50,
        "monoey": 50000
    },
    "758": {
        "index": 758,
        "consume": 50,
        "monoey": 50000
    },
    "759": {
        "index": 759,
        "consume": 50,
        "monoey": 50000
    },
    "760": {
        "index": 760,
        "consume": 50,
        "monoey": 50000
    },
    "761": {
        "index": 761,
        "consume": 50,
        "monoey": 50000
    },
    "762": {
        "index": 762,
        "consume": 50,
        "monoey": 50000
    },
    "763": {
        "index": 763,
        "consume": 50,
        "monoey": 50000
    },
    "764": {
        "index": 764,
        "consume": 50,
        "monoey": 50000
    },
    "765": {
        "index": 765,
        "consume": 50,
        "monoey": 50000
    },
    "766": {
        "index": 766,
        "consume": 50,
        "monoey": 50000
    },
    "767": {
        "index": 767,
        "consume": 50,
        "monoey": 50000
    },
    "768": {
        "index": 768,
        "consume": 50,
        "monoey": 50000
    },
    "769": {
        "index": 769,
        "consume": 50,
        "monoey": 50000
    },
    "770": {
        "index": 770,
        "consume": 50,
        "monoey": 50000
    },
    "771": {
        "index": 771,
        "consume": 50,
        "monoey": 50000
    },
    "772": {
        "index": 772,
        "consume": 50,
        "monoey": 50000
    },
    "773": {
        "index": 773,
        "consume": 50,
        "monoey": 50000
    },
    "774": {
        "index": 774,
        "consume": 50,
        "monoey": 50000
    },
    "775": {
        "index": 775,
        "consume": 50,
        "monoey": 50000
    },
    "776": {
        "index": 776,
        "consume": 50,
        "monoey": 50000
    },
    "777": {
        "index": 777,
        "consume": 50,
        "monoey": 50000
    },
    "778": {
        "index": 778,
        "consume": 50,
        "monoey": 50000
    },
    "779": {
        "index": 779,
        "consume": 50,
        "monoey": 50000
    },
    "780": {
        "index": 780,
        "consume": 50,
        "monoey": 50000
    },
    "781": {
        "index": 781,
        "consume": 50,
        "monoey": 50000
    },
    "782": {
        "index": 782,
        "consume": 50,
        "monoey": 50000
    },
    "783": {
        "index": 783,
        "consume": 50,
        "monoey": 50000
    },
    "784": {
        "index": 784,
        "consume": 50,
        "monoey": 50000
    },
    "785": {
        "index": 785,
        "consume": 50,
        "monoey": 50000
    },
    "786": {
        "index": 786,
        "consume": 50,
        "monoey": 50000
    },
    "787": {
        "index": 787,
        "consume": 50,
        "monoey": 50000
    },
    "788": {
        "index": 788,
        "consume": 50,
        "monoey": 50000
    },
    "789": {
        "index": 789,
        "consume": 50,
        "monoey": 50000
    },
    "790": {
        "index": 790,
        "consume": 50,
        "monoey": 50000
    },
    "791": {
        "index": 791,
        "consume": 50,
        "monoey": 50000
    },
    "792": {
        "index": 792,
        "consume": 50,
        "monoey": 50000
    },
    "793": {
        "index": 793,
        "consume": 50,
        "monoey": 50000
    },
    "794": {
        "index": 794,
        "consume": 50,
        "monoey": 50000
    },
    "795": {
        "index": 795,
        "consume": 50,
        "monoey": 50000
    },
    "796": {
        "index": 796,
        "consume": 50,
        "monoey": 50000
    },
    "797": {
        "index": 797,
        "consume": 50,
        "monoey": 50000
    },
    "798": {
        "index": 798,
        "consume": 50,
        "monoey": 50000
    },
    "799": {
        "index": 799,
        "consume": 50,
        "monoey": 50000
    },
    "800": {
        "index": 800,
        "consume": 50,
        "monoey": 50000
    },
    "801": {
        "index": 801,
        "consume": 50,
        "monoey": 50000
    },
    "802": {
        "index": 802,
        "consume": 50,
        "monoey": 50000
    },
    "803": {
        "index": 803,
        "consume": 50,
        "monoey": 50000
    },
    "804": {
        "index": 804,
        "consume": 50,
        "monoey": 50000
    },
    "805": {
        "index": 805,
        "consume": 50,
        "monoey": 50000
    },
    "806": {
        "index": 806,
        "consume": 50,
        "monoey": 50000
    },
    "807": {
        "index": 807,
        "consume": 50,
        "monoey": 50000
    },
    "808": {
        "index": 808,
        "consume": 50,
        "monoey": 50000
    },
    "809": {
        "index": 809,
        "consume": 50,
        "monoey": 50000
    },
    "810": {
        "index": 810,
        "consume": 50,
        "monoey": 50000
    },
    "811": {
        "index": 811,
        "consume": 50,
        "monoey": 50000
    },
    "812": {
        "index": 812,
        "consume": 50,
        "monoey": 50000
    },
    "813": {
        "index": 813,
        "consume": 50,
        "monoey": 50000
    },
    "814": {
        "index": 814,
        "consume": 50,
        "monoey": 50000
    },
    "815": {
        "index": 815,
        "consume": 50,
        "monoey": 50000
    },
    "816": {
        "index": 816,
        "consume": 50,
        "monoey": 50000
    },
    "817": {
        "index": 817,
        "consume": 50,
        "monoey": 50000
    },
    "818": {
        "index": 818,
        "consume": 50,
        "monoey": 50000
    },
    "819": {
        "index": 819,
        "consume": 50,
        "monoey": 50000
    },
    "820": {
        "index": 820,
        "consume": 50,
        "monoey": 50000
    },
    "821": {
        "index": 821,
        "consume": 50,
        "monoey": 50000
    },
    "822": {
        "index": 822,
        "consume": 50,
        "monoey": 50000
    },
    "823": {
        "index": 823,
        "consume": 50,
        "monoey": 50000
    },
    "824": {
        "index": 824,
        "consume": 50,
        "monoey": 50000
    },
    "825": {
        "index": 825,
        "consume": 50,
        "monoey": 50000
    },
    "826": {
        "index": 826,
        "consume": 50,
        "monoey": 50000
    },
    "827": {
        "index": 827,
        "consume": 50,
        "monoey": 50000
    },
    "828": {
        "index": 828,
        "consume": 50,
        "monoey": 50000
    },
    "829": {
        "index": 829,
        "consume": 50,
        "monoey": 50000
    },
    "830": {
        "index": 830,
        "consume": 50,
        "monoey": 50000
    },
    "831": {
        "index": 831,
        "consume": 50,
        "monoey": 50000
    },
    "832": {
        "index": 832,
        "consume": 50,
        "monoey": 50000
    },
    "833": {
        "index": 833,
        "consume": 50,
        "monoey": 50000
    },
    "834": {
        "index": 834,
        "consume": 50,
        "monoey": 50000
    },
    "835": {
        "index": 835,
        "consume": 50,
        "monoey": 50000
    },
    "836": {
        "index": 836,
        "consume": 50,
        "monoey": 50000
    },
    "837": {
        "index": 837,
        "consume": 50,
        "monoey": 50000
    },
    "838": {
        "index": 838,
        "consume": 50,
        "monoey": 50000
    },
    "839": {
        "index": 839,
        "consume": 50,
        "monoey": 50000
    },
    "840": {
        "index": 840,
        "consume": 50,
        "monoey": 50000
    },
    "841": {
        "index": 841,
        "consume": 50,
        "monoey": 50000
    },
    "842": {
        "index": 842,
        "consume": 50,
        "monoey": 50000
    },
    "843": {
        "index": 843,
        "consume": 50,
        "monoey": 50000
    },
    "844": {
        "index": 844,
        "consume": 50,
        "monoey": 50000
    },
    "845": {
        "index": 845,
        "consume": 50,
        "monoey": 50000
    },
    "846": {
        "index": 846,
        "consume": 50,
        "monoey": 50000
    },
    "847": {
        "index": 847,
        "consume": 50,
        "monoey": 50000
    },
    "848": {
        "index": 848,
        "consume": 50,
        "monoey": 50000
    },
    "849": {
        "index": 849,
        "consume": 50,
        "monoey": 50000
    },
    "850": {
        "index": 850,
        "consume": 50,
        "monoey": 50000
    },
    "851": {
        "index": 851,
        "consume": 50,
        "monoey": 50000
    },
    "852": {
        "index": 852,
        "consume": 50,
        "monoey": 50000
    },
    "853": {
        "index": 853,
        "consume": 50,
        "monoey": 50000
    },
    "854": {
        "index": 854,
        "consume": 50,
        "monoey": 50000
    },
    "855": {
        "index": 855,
        "consume": 50,
        "monoey": 50000
    },
    "856": {
        "index": 856,
        "consume": 50,
        "monoey": 50000
    },
    "857": {
        "index": 857,
        "consume": 50,
        "monoey": 50000
    },
    "858": {
        "index": 858,
        "consume": 50,
        "monoey": 50000
    },
    "859": {
        "index": 859,
        "consume": 50,
        "monoey": 50000
    },
    "860": {
        "index": 860,
        "consume": 50,
        "monoey": 50000
    },
    "861": {
        "index": 861,
        "consume": 50,
        "monoey": 50000
    },
    "862": {
        "index": 862,
        "consume": 50,
        "monoey": 50000
    },
    "863": {
        "index": 863,
        "consume": 50,
        "monoey": 50000
    },
    "864": {
        "index": 864,
        "consume": 50,
        "monoey": 50000
    },
    "865": {
        "index": 865,
        "consume": 50,
        "monoey": 50000
    },
    "866": {
        "index": 866,
        "consume": 50,
        "monoey": 50000
    },
    "867": {
        "index": 867,
        "consume": 50,
        "monoey": 50000
    },
    "868": {
        "index": 868,
        "consume": 50,
        "monoey": 50000
    },
    "869": {
        "index": 869,
        "consume": 50,
        "monoey": 50000
    },
    "870": {
        "index": 870,
        "consume": 50,
        "monoey": 50000
    },
    "871": {
        "index": 871,
        "consume": 50,
        "monoey": 50000
    },
    "872": {
        "index": 872,
        "consume": 50,
        "monoey": 50000
    },
    "873": {
        "index": 873,
        "consume": 50,
        "monoey": 50000
    },
    "874": {
        "index": 874,
        "consume": 50,
        "monoey": 50000
    },
    "875": {
        "index": 875,
        "consume": 50,
        "monoey": 50000
    },
    "876": {
        "index": 876,
        "consume": 50,
        "monoey": 50000
    },
    "877": {
        "index": 877,
        "consume": 50,
        "monoey": 50000
    },
    "878": {
        "index": 878,
        "consume": 50,
        "monoey": 50000
    },
    "879": {
        "index": 879,
        "consume": 50,
        "monoey": 50000
    },
    "880": {
        "index": 880,
        "consume": 50,
        "monoey": 50000
    },
    "881": {
        "index": 881,
        "consume": 50,
        "monoey": 50000
    },
    "882": {
        "index": 882,
        "consume": 50,
        "monoey": 50000
    },
    "883": {
        "index": 883,
        "consume": 50,
        "monoey": 50000
    },
    "884": {
        "index": 884,
        "consume": 50,
        "monoey": 50000
    },
    "885": {
        "index": 885,
        "consume": 50,
        "monoey": 50000
    },
    "886": {
        "index": 886,
        "consume": 50,
        "monoey": 50000
    },
    "887": {
        "index": 887,
        "consume": 50,
        "monoey": 50000
    },
    "888": {
        "index": 888,
        "consume": 50,
        "monoey": 50000
    },
    "889": {
        "index": 889,
        "consume": 50,
        "monoey": 50000
    },
    "890": {
        "index": 890,
        "consume": 50,
        "monoey": 50000
    },
    "891": {
        "index": 891,
        "consume": 50,
        "monoey": 50000
    },
    "892": {
        "index": 892,
        "consume": 50,
        "monoey": 50000
    },
    "893": {
        "index": 893,
        "consume": 50,
        "monoey": 50000
    },
    "894": {
        "index": 894,
        "consume": 50,
        "monoey": 50000
    },
    "895": {
        "index": 895,
        "consume": 50,
        "monoey": 50000
    },
    "896": {
        "index": 896,
        "consume": 50,
        "monoey": 50000
    },
    "897": {
        "index": 897,
        "consume": 50,
        "monoey": 50000
    },
    "898": {
        "index": 898,
        "consume": 50,
        "monoey": 50000
    },
    "899": {
        "index": 899,
        "consume": 50,
        "monoey": 50000
    },
    "900": {
        "index": 900,
        "consume": 50,
        "monoey": 50000
    },
    "901": {
        "index": 901,
        "consume": 50,
        "monoey": 50000
    },
    "902": {
        "index": 902,
        "consume": 50,
        "monoey": 50000
    },
    "903": {
        "index": 903,
        "consume": 50,
        "monoey": 50000
    },
    "904": {
        "index": 904,
        "consume": 50,
        "monoey": 50000
    },
    "905": {
        "index": 905,
        "consume": 50,
        "monoey": 50000
    },
    "906": {
        "index": 906,
        "consume": 50,
        "monoey": 50000
    },
    "907": {
        "index": 907,
        "consume": 50,
        "monoey": 50000
    },
    "908": {
        "index": 908,
        "consume": 50,
        "monoey": 50000
    },
    "909": {
        "index": 909,
        "consume": 50,
        "monoey": 50000
    },
    "910": {
        "index": 910,
        "consume": 50,
        "monoey": 50000
    },
    "911": {
        "index": 911,
        "consume": 50,
        "monoey": 50000
    },
    "912": {
        "index": 912,
        "consume": 50,
        "monoey": 50000
    },
    "913": {
        "index": 913,
        "consume": 50,
        "monoey": 50000
    },
    "914": {
        "index": 914,
        "consume": 50,
        "monoey": 50000
    },
    "915": {
        "index": 915,
        "consume": 50,
        "monoey": 50000
    },
    "916": {
        "index": 916,
        "consume": 50,
        "monoey": 50000
    },
    "917": {
        "index": 917,
        "consume": 50,
        "monoey": 50000
    },
    "918": {
        "index": 918,
        "consume": 50,
        "monoey": 50000
    },
    "919": {
        "index": 919,
        "consume": 50,
        "monoey": 50000
    },
    "920": {
        "index": 920,
        "consume": 50,
        "monoey": 50000
    },
    "921": {
        "index": 921,
        "consume": 50,
        "monoey": 50000
    },
    "922": {
        "index": 922,
        "consume": 50,
        "monoey": 50000
    },
    "923": {
        "index": 923,
        "consume": 50,
        "monoey": 50000
    },
    "924": {
        "index": 924,
        "consume": 50,
        "monoey": 50000
    },
    "925": {
        "index": 925,
        "consume": 50,
        "monoey": 50000
    },
    "926": {
        "index": 926,
        "consume": 50,
        "monoey": 50000
    },
    "927": {
        "index": 927,
        "consume": 50,
        "monoey": 50000
    },
    "928": {
        "index": 928,
        "consume": 50,
        "monoey": 50000
    },
    "929": {
        "index": 929,
        "consume": 50,
        "monoey": 50000
    },
    "930": {
        "index": 930,
        "consume": 50,
        "monoey": 50000
    },
    "931": {
        "index": 931,
        "consume": 50,
        "monoey": 50000
    },
    "932": {
        "index": 932,
        "consume": 50,
        "monoey": 50000
    },
    "933": {
        "index": 933,
        "consume": 50,
        "monoey": 50000
    },
    "934": {
        "index": 934,
        "consume": 50,
        "monoey": 50000
    },
    "935": {
        "index": 935,
        "consume": 50,
        "monoey": 50000
    },
    "936": {
        "index": 936,
        "consume": 50,
        "monoey": 50000
    },
    "937": {
        "index": 937,
        "consume": 50,
        "monoey": 50000
    },
    "938": {
        "index": 938,
        "consume": 50,
        "monoey": 50000
    },
    "939": {
        "index": 939,
        "consume": 50,
        "monoey": 50000
    },
    "940": {
        "index": 940,
        "consume": 50,
        "monoey": 50000
    },
    "941": {
        "index": 941,
        "consume": 50,
        "monoey": 50000
    },
    "942": {
        "index": 942,
        "consume": 50,
        "monoey": 50000
    },
    "943": {
        "index": 943,
        "consume": 50,
        "monoey": 50000
    },
    "944": {
        "index": 944,
        "consume": 50,
        "monoey": 50000
    },
    "945": {
        "index": 945,
        "consume": 50,
        "monoey": 50000
    },
    "946": {
        "index": 946,
        "consume": 50,
        "monoey": 50000
    },
    "947": {
        "index": 947,
        "consume": 50,
        "monoey": 50000
    },
    "948": {
        "index": 948,
        "consume": 50,
        "monoey": 50000
    },
    "949": {
        "index": 949,
        "consume": 50,
        "monoey": 50000
    },
    "950": {
        "index": 950,
        "consume": 50,
        "monoey": 50000
    },
    "951": {
        "index": 951,
        "consume": 50,
        "monoey": 50000
    },
    "952": {
        "index": 952,
        "consume": 50,
        "monoey": 50000
    },
    "953": {
        "index": 953,
        "consume": 50,
        "monoey": 50000
    },
    "954": {
        "index": 954,
        "consume": 50,
        "monoey": 50000
    },
    "955": {
        "index": 955,
        "consume": 50,
        "monoey": 50000
    },
    "956": {
        "index": 956,
        "consume": 50,
        "monoey": 50000
    },
    "957": {
        "index": 957,
        "consume": 50,
        "monoey": 50000
    },
    "958": {
        "index": 958,
        "consume": 50,
        "monoey": 50000
    },
    "959": {
        "index": 959,
        "consume": 50,
        "monoey": 50000
    },
    "960": {
        "index": 960,
        "consume": 50,
        "monoey": 50000
    },
    "961": {
        "index": 961,
        "consume": 50,
        "monoey": 50000
    },
    "962": {
        "index": 962,
        "consume": 50,
        "monoey": 50000
    },
    "963": {
        "index": 963,
        "consume": 50,
        "monoey": 50000
    },
    "964": {
        "index": 964,
        "consume": 50,
        "monoey": 50000
    },
    "965": {
        "index": 965,
        "consume": 50,
        "monoey": 50000
    },
    "966": {
        "index": 966,
        "consume": 50,
        "monoey": 50000
    },
    "967": {
        "index": 967,
        "consume": 50,
        "monoey": 50000
    },
    "968": {
        "index": 968,
        "consume": 50,
        "monoey": 50000
    },
    "969": {
        "index": 969,
        "consume": 50,
        "monoey": 50000
    },
    "970": {
        "index": 970,
        "consume": 50,
        "monoey": 50000
    },
    "971": {
        "index": 971,
        "consume": 50,
        "monoey": 50000
    },
    "972": {
        "index": 972,
        "consume": 50,
        "monoey": 50000
    },
    "973": {
        "index": 973,
        "consume": 50,
        "monoey": 50000
    },
    "974": {
        "index": 974,
        "consume": 50,
        "monoey": 50000
    },
    "975": {
        "index": 975,
        "consume": 50,
        "monoey": 50000
    },
    "976": {
        "index": 976,
        "consume": 50,
        "monoey": 50000
    },
    "977": {
        "index": 977,
        "consume": 50,
        "monoey": 50000
    },
    "978": {
        "index": 978,
        "consume": 50,
        "monoey": 50000
    },
    "979": {
        "index": 979,
        "consume": 50,
        "monoey": 50000
    },
    "980": {
        "index": 980,
        "consume": 50,
        "monoey": 50000
    },
    "981": {
        "index": 981,
        "consume": 50,
        "monoey": 50000
    },
    "982": {
        "index": 982,
        "consume": 50,
        "monoey": 50000
    },
    "983": {
        "index": 983,
        "consume": 50,
        "monoey": 50000
    },
    "984": {
        "index": 984,
        "consume": 50,
        "monoey": 50000
    },
    "985": {
        "index": 985,
        "consume": 50,
        "monoey": 50000
    },
    "986": {
        "index": 986,
        "consume": 50,
        "monoey": 50000
    },
    "987": {
        "index": 987,
        "consume": 50,
        "monoey": 50000
    },
    "988": {
        "index": 988,
        "consume": 50,
        "monoey": 50000
    },
    "989": {
        "index": 989,
        "consume": 50,
        "monoey": 50000
    },
    "990": {
        "index": 990,
        "consume": 50,
        "monoey": 50000
    },
    "991": {
        "index": 991,
        "consume": 50,
        "monoey": 50000
    },
    "992": {
        "index": 992,
        "consume": 50,
        "monoey": 50000
    },
    "993": {
        "index": 993,
        "consume": 50,
        "monoey": 50000
    },
    "994": {
        "index": 994,
        "consume": 50,
        "monoey": 50000
    },
    "995": {
        "index": 995,
        "consume": 50,
        "monoey": 50000
    },
    "996": {
        "index": 996,
        "consume": 50,
        "monoey": 50000
    },
    "997": {
        "index": 997,
        "consume": 50,
        "monoey": 50000
    },
    "998": {
        "index": 998,
        "consume": 50,
        "monoey": 50000
    },
    "999": {
        "index": 999,
        "consume": 50,
        "monoey": 50000
    },
    "1000": {
        "index": 1000,
        "consume": 50,
        "monoey": 50000
    },
    "1001": {
        "index": 1001,
        "consume": 50,
        "monoey": 50000
    }}
