{
    "1": {
        "instance_id": 1,
        "instance_name": "东巴追击战",
        "instance_type": 0,
        "open_level": 1,
        "consume_power": 0,
        "boss_mobs": [500001],
        "battle_bg": 4,
        "reward_zone": [0.3,0.6,1],
        "boss_goods": [[20007,20001],[20007,20001],[20007,20001]],
        "boss_count": [[50,10000],[75,15000],[100,25000]],
        "battle_win_reward": [[20007,50]],
        "battle_lose_reward": [[20007,50]],
        "feature": [103,107],
        "boss_roleId": "18|4|22",
        "recommend_number": "8～10人",
        "recommend_power": 30000,
        "instance_des": 1,
        "back_img": "ui_union_instance_bossimage_IconBossImage1_png",
        "name_img": "ui_union_instance_bossname_WordsBossName1_png",
        "back_big_img": ""
    },
    "2": {
        "instance_id": 2,
        "instance_name": "奇犽追击战",
        "instance_type": 0,
        "open_level": 1,
        "consume_power": 0,
        "boss_mobs": [500002],
        "battle_bg": 4,
        "reward_zone": [0.3,0.6,1],
        "boss_goods": [[20007,20001],[20007,20001],[20007,20001]],
        "boss_count": [[60,12000],[80,18000],[120,30000]],
        "battle_win_reward": [[20007,50]],
        "battle_lose_reward": [[20007,50]],
        "feature": [101],
        "boss_roleId": "18|4|22",
        "recommend_number": "8～10人",
        "recommend_power": 50000,
        "instance_des": 2,
        "back_img": "ui_union_instance_bossimage_IconBossImage2_png",
        "name_img": "ui_union_instance_bossname_WordsBossName2_png",
        "back_big_img": ""
    },
    "3": {
        "instance_id": 3,
        "instance_name": "库哔追击战",
        "instance_type": 0,
        "open_level": 1,
        "consume_power": 0,
        "boss_mobs": [500003],
        "battle_bg": 7,
        "reward_zone": [0.3,0.6,1],
        "boss_goods": [[20007,20001],[20007,20001],[20007,20001]],
        "boss_count": [[70,16000],[90,24000],[150,40000]],
        "battle_win_reward": [[20007,50]],
        "battle_lose_reward": [[20007,50]],
        "feature": [103,107],
        "boss_roleId": "21|2|11",
        "recommend_number": "10～12人",
        "recommend_power": 80000,
        "instance_des": 3,
        "back_img": "ui_union_instance_bossimage_IconBossImage3_png",
        "name_img": "ui_union_instance_bossname_WordsBossName3_png",
        "back_big_img": ""
    },
    "4": {
        "instance_id": 4,
        "instance_name": "窝金追击战",
        "instance_type": 0,
        "open_level": 1,
        "consume_power": 0,
        "boss_mobs": [500004],
        "battle_bg": 7,
        "reward_zone": [0.3,0.6,1],
        "boss_goods": [[20007,20001],[20007,20001],[20007,20001]],
        "boss_count": [[80,20000],[100,30000],[160,50000]],
        "battle_win_reward": [[20007,50]],
        "battle_lose_reward": [[20007,50]],
        "feature": [103,107],
        "boss_roleId": "21|2|11",
        "recommend_number": "10～12人",
        "recommend_power": 150000,
        "instance_des": 4,
        "back_img": "ui_union_instance_bossimage_IconBossImage4_png",
        "name_img": "ui_union_instance_bossname_WordsBossName4_png",
        "back_big_img": ""
    },
    "5": {
        "instance_id": 5,
        "instance_name": "伊尔谜追击战",
        "instance_type": 0,
        "open_level": 1,
        "consume_power": 0,
        "boss_mobs": [500005],
        "battle_bg": 8,
        "reward_zone": [0.3,0.6,1],
        "boss_goods": [[20007,20001],[20007,20001],[20007,20001]],
        "boss_count": [[90,24000],[120,36000],[180,60000]],
        "battle_win_reward": [[20007,50]],
        "battle_lose_reward": [[20007,50]],
        "feature": [101],
        "boss_roleId": "28|19|14",
        "recommend_number": "12～14人",
        "recommend_power": 250000,
        "instance_des": 5,
        "back_img": "ui_union_instance_bossimage_IconBossImage5_png",
        "name_img": "ui_union_instance_bossname_WordsBossName5_png",
        "back_big_img": ""
    },
    "6": {
        "instance_id": 6,
        "instance_name": "西索追击战",
        "instance_type": 0,
        "open_level": 1,
        "consume_power": 0,
        "boss_mobs": [500006],
        "battle_bg": 8,
        "reward_zone": [0.3,0.6,1],
        "boss_goods": [[20007,20001],[20007,20001],[20007,20001]],
        "boss_count": [[100,28000],[130,42000],[200,70000]],
        "battle_win_reward": [[20007,50]],
        "battle_lose_reward": [[20007,50]],
        "feature": [101],
        "boss_roleId": "28|19|14",
        "recommend_number": "12～14人",
        "recommend_power": 400000,
        "instance_des": 6,
        "back_img": "ui_union_instance_bossimage_IconBossImage6_png",
        "name_img": "ui_union_instance_bossname_WordsBossName6_png",
        "back_big_img": ""
    },
    "7": {
        "instance_id": 7,
        "instance_name": "库洛洛追击战",
        "instance_type": 0,
        "open_level": 1,
        "consume_power": 0,
        "boss_mobs": [500007],
        "battle_bg": 2,
        "reward_zone": [0.3,0.6,1],
        "boss_goods": [[20007,20001],[20007,20001],[20007,20001]],
        "boss_count": [[120,32000],[150,48000],[225,80000]],
        "battle_win_reward": [[20007,50]],
        "battle_lose_reward": [[20007,50]],
        "feature": [101],
        "boss_roleId": "9|15|16",
        "recommend_number": "14～16人",
        "recommend_power": 600000,
        "instance_des": 7,
        "back_img": "ui_union_instance_bossimage_IconBossImage7_png",
        "name_img": "ui_union_instance_bossname_WordsBossName7_png",
        "back_big_img": ""
    }}
