{
    "1": {
        "id": 1,
        "name": "1星猎人",
        "battle_id": 700001,
        "reward_goods": [20020,20001,30004],
        "reward_count": [1,100000,2],
        "examination_name": "1星考官-萨次",
        "examination_des": "1星猎人考试考官，击败后可获得1星猎人执照。",
        "condition ": "3分钟内击败考官",
        "consume": 4,
        "battle_bg": 2,
        "feature": [105],
        "boss_roleId": [6],
        "des": "恭喜通过四项考核，接下来只要通过考试就可以获得1星猎人执照",
        "technique": [10001,10001],
        "battle_value": 32000
    },
    "2": {
        "id": 2,
        "name": "2星猎人",
        "battle_id": 700002,
        "reward_goods": [20020,20001,30004],
        "reward_count": [1,100000,2],
        "examination_name": "2星考官-门琪",
        "examination_des": "2星猎人考试考官，击败后可获得2星猎人执照。",
        "condition ": "3分钟内击败考官",
        "consume": 5,
        "battle_bg": 2,
        "feature": [105],
        "boss_roleId": [24],
        "des": "恭喜通过四项考核，接下来只要通过考试就可以获得2星猎人执照",
        "technique": [10001,10001],
        "battle_value": 85000
    },
    "3": {
        "id": 3,
        "name": "3星猎人",
        "battle_id": 700003,
        "reward_goods": [20020,20001,30004],
        "reward_count": [2,200000,3],
        "examination_name": "3星考官-云古",
        "examination_des": "3星猎人考试考官，击败后可获得3星猎人执照。",
        "condition ": "3分钟内击败考官",
        "consume": 6,
        "battle_bg": 2,
        "feature": [103],
        "boss_roleId": [29],
        "des": "恭喜通过四项考核，接下来只要通过考试就可以获得3星猎人执照",
        "technique": [10001,10001],
        "battle_value": 200000
    },
    "4": {
        "id": 4,
        "name": "4星猎人",
        "battle_id": 700004,
        "reward_goods": [20020,20001,30004],
        "reward_count": [2,200000,3],
        "examination_name": "4星考官-酷拉皮卡",
        "examination_des": "4星猎人考试考官，击败后可获得4星猎人执照。",
        "condition ": "3分钟内击败考官",
        "consume": 7,
        "battle_bg": 2,
        "feature": [105,102],
        "boss_roleId": [34],
        "des": "恭喜通过四项考核，接下来只要通过考试就可以获得4星猎人执照",
        "technique": [10001,10001],
        "battle_value": 320000
    },
    "5": {
        "id": 5,
        "name": "5星猎人",
        "battle_id": 700005,
        "reward_goods": [20020,20001,30004],
        "reward_count": [2,200000,3],
        "examination_name": "5星考官-比丝姬",
        "examination_des": "5星猎人考试考官，击败后可获得5星猎人执照。",
        "condition ": "3分钟内击败考官",
        "consume": 8,
        "battle_bg": 2,
        "feature": [101],
        "boss_roleId": [40],
        "des": "恭喜通过四项考核，接下来只要通过考试就可以获得5星猎人执照",
        "technique": [10001,10001],
        "battle_value": 420000
    },
    "6": {
        "id": 6,
        "name": "6星猎人",
        "battle_id": 700006,
        "reward_goods": [20020,20001,30004],
        "reward_count": [3,300000,4],
        "examination_name": "6星考官-磊札",
        "examination_des": "6星猎人考试考官，击败后可获得6星猎人执照。",
        "condition ": "3分钟内击败考官",
        "consume": 9,
        "battle_bg": 2,
        "feature": [101],
        "boss_roleId": [37],
        "des": "恭喜通过四项考核，接下来只要通过考试就可以获得6星猎人执照",
        "technique": [10001,10001],
        "battle_value": 700000
    },
    "7": {
        "id": 7,
        "name": "7星猎人",
        "battle_id": 700007,
        "reward_goods": [20021,20001,30004],
        "reward_count": [1,500000,5],
        "examination_name": "7星考官-凯特",
        "examination_des": "7星猎人考试考官，击败后可获得7星猎人执照。",
        "condition ": "3分钟内击败考官",
        "consume": 10,
        "battle_bg": 2,
        "feature": [101],
        "boss_roleId": [5],
        "des": "恭喜通过四项考核，接下来只要通过考试就可以获得7星猎人执照",
        "technique": [10001,10001],
        "battle_value": 1000000
    },
    "8": {
        "id": 8,
        "name": "高级1星猎人",
        "battle_id": 700008,
        "reward_goods": [20020,20001,30004],
        "reward_count": [3,600000,7],
        "examination_name": "高级1星考官-火红眼",
        "examination_des": "高级1星猎人考试考官，击败后可获得高级1星猎人执照。",
        "condition ": "3分钟内击败考官",
        "consume": 10,
        "battle_bg": 2,
        "feature": [111,105],
        "boss_roleId": [51],
        "des": "恭喜通过四项考核，接下来只要通过考试就可以获得高级1星猎人执照",
        "technique": [10001,10001],
        "battle_value": 1500000
    },
    "9": {
        "id": 9,
        "name": "高级2星猎人",
        "battle_id": 700009,
        "reward_goods": [33050,20001,30004],
        "reward_count": [50,700000,9],
        "examination_name": "高级2星考官-尼特罗",
        "examination_des": "高级2星猎人考试考官，击败后可获得高级2星猎人执照。",
        "condition ": "3分钟内击败考官",
        "consume": 10,
        "battle_bg": 2,
        "feature": [111,101],
        "boss_roleId": [35],
        "des": "恭喜通过四项考核，接下来只要通过考试就可以获得高级2星猎人执照",
        "technique": [10001,10001],
        "battle_value": 2500000
    },
    "10": {
        "id": 10,
        "name": "高级3星猎人",
        "battle_id": 700010,
        "reward_goods": [33050,20001,30004],
        "reward_count": [100,800000,11],
        "examination_name": "高级3星考官-康宰",
        "examination_des": "高级3星猎人考试考官，击败后可获得高级3星猎人执照。",
        "condition ": "3分钟内击败考官",
        "consume": 10,
        "battle_bg": 2,
        "feature": [111,110],
        "boss_roleId": [61],
        "des": "恭喜通过四项考核，接下来只要通过考试就可以获得高级3星猎人执照",
        "technique": [10001,10001],
        "battle_value": 3500000
    },
    "11": {
        "id": 11,
        "name": "高级4星猎人",
        "battle_id": 700011,
        "reward_goods": [33058,20001,30004],
        "reward_count": [50,900000,13],
        "examination_name": "高级4星考官-银达",
        "examination_des": "高级4星猎人考试考官，击败后可获得高级4星猎人执照。",
        "condition ": "3分钟内击败考官",
        "consume": 10,
        "battle_bg": 2,
        "feature": [111,107],
        "boss_roleId": [60],
        "des": "恭喜通过四项考核，接下来只要通过考试就可以获得高级4星猎人执照",
        "technique": [10001,10001],
        "battle_value": 4500000
    },
    "12": {
        "id": 12,
        "name": "高级5星猎人",
        "battle_id": 700012,
        "reward_goods": [33058,20001,30004],
        "reward_count": [100,1000000,15],
        "examination_name": "高级5星考官-帕里斯通",
        "examination_des": "高级5星猎人考试考官，击败后可获得高级5星猎人执照。",
        "condition ": "3分钟内击败考官",
        "consume": 10,
        "battle_bg": 2,
        "feature": [111,110],
        "boss_roleId": [59],
        "des": "恭喜通过四项考核，接下来只要通过考试就可以获得高级5星猎人执照",
        "technique": [10001,10001],
        "battle_value": 5500000
    }}
