{
    "1": {
        "buff_id": 1,
        "rand_power": 10,
        "inspire_type": 0,
        "buff_name": "气血充盈",
        "buff_des": "每个上阵武将生命上限增加20%，仅在下场战斗中生效。",
        "general_hp": 20,
        "general_atk": 0,
        "general_def": 0,
        "atk_crit": 0,
        "crit_extra": 0,
        "dodge_rate": 0,
        "hit_rate": 0,
        "ignore_phyDef": 0,
        "rage_reduce": 0,
        "universal_resistance": 0,
        "ignore_resistance": 0,
        "float_resistance": 0,
        "cd_speed": 0,
        "support_consume": 0,
        "general_atk_all": 0,
        "general_def_all": 0,
        "all_crit": 0,
        "ignore_def_all": 0,
        "skill_atk": 0,
        "skill_def": 0,
        "skill_crit": 0,
        "crit_resistance": 0,
        "final_extra": 0,
        "final_reduce": 0,
        "ignore_magicDef": 0,
        "buff_icon": "ccbResources/talent_icon/Chunfeng.png"
    },
    "2": {
        "buff_id": 2,
        "rand_power": 10,
        "inspire_type": 0,
        "buff_name": "利刃",
        "buff_des": "每个上阵武将物理攻击力增加10%，仅在下场战斗中生效。",
        "general_hp": 0,
        "general_atk": 10,
        "general_def": 0,
        "atk_crit": 0,
        "crit_extra": 0,
        "dodge_rate": 0,
        "hit_rate": 0,
        "ignore_phyDef": 0,
        "rage_reduce": 0,
        "universal_resistance": 0,
        "ignore_resistance": 0,
        "float_resistance": 0,
        "cd_speed": 0,
        "support_consume": 0,
        "general_atk_all": 0,
        "general_def_all": 0,
        "all_crit": 0,
        "ignore_def_all": 0,
        "skill_atk": 0,
        "skill_def": 0,
        "skill_crit": 0,
        "crit_resistance": 0,
        "final_extra": 0,
        "final_reduce": 0,
        "ignore_magicDef": 0,
        "buff_icon": "ccbResources/talent_icon/Anren.png"
    },
    "3": {
        "buff_id": 3,
        "rand_power": 10,
        "inspire_type": 0,
        "buff_name": "金钟罩",
        "buff_des": "每个上阵武将武力防御增加10%，仅在下场战斗中生效。",
        "general_hp": 0,
        "general_atk": 0,
        "general_def": 10,
        "atk_crit": 0,
        "crit_extra": 0,
        "dodge_rate": 0,
        "hit_rate": 0,
        "ignore_phyDef": 0,
        "rage_reduce": 0,
        "universal_resistance": 0,
        "ignore_resistance": 0,
        "float_resistance": 0,
        "cd_speed": 0,
        "support_consume": 0,
        "general_atk_all": 0,
        "general_def_all": 0,
        "all_crit": 0,
        "ignore_def_all": 0,
        "skill_atk": 0,
        "skill_def": 0,
        "skill_crit": 0,
        "crit_resistance": 0,
        "final_extra": 0,
        "final_reduce": 0,
        "ignore_magicDef": 0,
        "buff_icon": "ccbResources/talent_icon/Tiejia.png"
    },
    "4": {
        "buff_id": 4,
        "rand_power": 10,
        "inspire_type": 0,
        "buff_name": "魔法罩",
        "buff_des": "每个上阵武将法术防御增加10%，仅在下场战斗中生效。",
        "general_hp": 0,
        "general_atk": 0,
        "general_def": 0,
        "atk_crit": 0,
        "crit_extra": 0,
        "dodge_rate": 0,
        "hit_rate": 0,
        "ignore_phyDef": 0,
        "rage_reduce": 0,
        "universal_resistance": 0,
        "ignore_resistance": 0,
        "float_resistance": 0,
        "cd_speed": 0,
        "support_consume": 0,
        "general_atk_all": 0,
        "general_def_all": 0,
        "all_crit": 0,
        "ignore_def_all": 0,
        "skill_atk": 0,
        "skill_def": 10,
        "skill_crit": 0,
        "crit_resistance": 0,
        "final_extra": 0,
        "final_reduce": 0,
        "ignore_magicDef": 0,
        "buff_icon": "ccbResources/talent_icon/Shouhu.png"
    },
    "5": {
        "buff_id": 5,
        "rand_power": 10,
        "inspire_type": 0,
        "buff_name": "破法",
        "buff_des": "每个上阵武将忽视敌人10%法术防御，仅在下场战斗中生效。",
        "general_hp": 0,
        "general_atk": 0,
        "general_def": 0,
        "atk_crit": 0,
        "crit_extra": 0,
        "dodge_rate": 0,
        "hit_rate": 0,
        "ignore_phyDef": 0,
        "rage_reduce": 0,
        "universal_resistance": 0,
        "ignore_resistance": 0,
        "float_resistance": 0,
        "cd_speed": 0,
        "support_consume": 0,
        "general_atk_all": 0,
        "general_def_all": 0,
        "all_crit": 0,
        "ignore_def_all": 0,
        "skill_atk": 0,
        "skill_def": 0,
        "skill_crit": 0,
        "crit_resistance": 0,
        "final_extra": 0,
        "final_reduce": 0,
        "ignore_magicDef": 10,
        "buff_icon": "ccbResources/talent_icon/Luolei.png"
    },
    "6": {
        "buff_id": 6,
        "rand_power": 10,
        "inspire_type": 0,
        "buff_name": "破甲",
        "buff_des": "每个上阵武将忽视敌人10%物理防御，仅在下场战斗中生效。",
        "general_hp": 0,
        "general_atk": 0,
        "general_def": 0,
        "atk_crit": 0,
        "crit_extra": 0,
        "dodge_rate": 0,
        "hit_rate": 0,
        "ignore_phyDef": 10,
        "rage_reduce": 0,
        "universal_resistance": 0,
        "ignore_resistance": 0,
        "float_resistance": 0,
        "cd_speed": 0,
        "support_consume": 0,
        "general_atk_all": 0,
        "general_def_all": 0,
        "all_crit": 0,
        "ignore_def_all": 0,
        "skill_atk": 0,
        "skill_def": 0,
        "skill_crit": 0,
        "crit_resistance": 0,
        "final_extra": 0,
        "final_reduce": 0,
        "ignore_magicDef": 0,
        "buff_icon": "ccbResources/talent_icon/Pozhu.png"
    },
    "7": {
        "buff_id": 7,
        "rand_power": 10,
        "inspire_type": 0,
        "buff_name": "法力无边",
        "buff_des": "每个上阵武将法术攻击力增加10%，仅在下场战斗中生效。",
        "general_hp": 0,
        "general_atk": 0,
        "general_def": 0,
        "atk_crit": 0,
        "crit_extra": 0,
        "dodge_rate": 0,
        "hit_rate": 0,
        "ignore_phyDef": 0,
        "rage_reduce": 0,
        "universal_resistance": 0,
        "ignore_resistance": 0,
        "float_resistance": 0,
        "cd_speed": 0,
        "support_consume": 0,
        "general_atk_all": 0,
        "general_def_all": 0,
        "all_crit": 0,
        "ignore_def_all": 0,
        "skill_atk": 10,
        "skill_def": 0,
        "skill_crit": 0,
        "crit_resistance": 0,
        "final_extra": 0,
        "final_reduce": 0,
        "ignore_magicDef": 0,
        "buff_icon": "ccbResources/talent_icon/Leiting.png"
    },
    "8": {
        "buff_id": 8,
        "rand_power": 10,
        "inspire_type": 0,
        "buff_name": "狂暴",
        "buff_des": "每个上阵武将暴击值增加10%，仅在下场战斗中生效。",
        "general_hp": 0,
        "general_atk": 0,
        "general_def": 0,
        "atk_crit": 10,
        "crit_extra": 0,
        "dodge_rate": 0,
        "hit_rate": 0,
        "ignore_phyDef": 0,
        "rage_reduce": 0,
        "universal_resistance": 0,
        "ignore_resistance": 0,
        "float_resistance": 0,
        "cd_speed": 0,
        "support_consume": 0,
        "general_atk_all": 0,
        "general_def_all": 0,
        "all_crit": 0,
        "ignore_def_all": 0,
        "skill_atk": 0,
        "skill_def": 0,
        "skill_crit": 10,
        "crit_resistance": 0,
        "final_extra": 0,
        "final_reduce": 0,
        "ignore_magicDef": 0,
        "buff_icon": "ccbResources/talent_icon/Fengmo.png"
    },
    "9": {
        "buff_id": 9,
        "rand_power": 10,
        "inspire_type": 0,
        "buff_name": "守心",
        "buff_des": "每个上阵武将闪避值增加10%，仅在下场战斗中生效。",
        "general_hp": 0,
        "general_atk": 0,
        "general_def": 0,
        "atk_crit": 0,
        "crit_extra": 0,
        "dodge_rate": 10,
        "hit_rate": 0,
        "ignore_phyDef": 0,
        "rage_reduce": 0,
        "universal_resistance": 0,
        "ignore_resistance": 0,
        "float_resistance": 0,
        "cd_speed": 0,
        "support_consume": 0,
        "general_atk_all": 0,
        "general_def_all": 0,
        "all_crit": 0,
        "ignore_def_all": 0,
        "skill_atk": 0,
        "skill_def": 0,
        "skill_crit": 0,
        "crit_resistance": 0,
        "final_extra": 0,
        "final_reduce": 0,
        "ignore_magicDef": 0,
        "buff_icon": "ccbResources/talent_icon/Xisheng.png"
    },
    "10": {
        "buff_id": 10,
        "rand_power": 5,
        "inspire_type": 0,
        "buff_name": "天神",
        "buff_des": "每个上阵武将造成的最终伤害增加10%，仅在下场战斗中生效。",
        "general_hp": 0,
        "general_atk": 0,
        "general_def": 0,
        "atk_crit": 0,
        "crit_extra": 0,
        "dodge_rate": 0,
        "hit_rate": 0,
        "ignore_phyDef": 0,
        "rage_reduce": 0,
        "universal_resistance": 0,
        "ignore_resistance": 0,
        "float_resistance": 0,
        "cd_speed": 0,
        "support_consume": 0,
        "general_atk_all": 0,
        "general_def_all": 0,
        "all_crit": 0,
        "ignore_def_all": 0,
        "skill_atk": 0,
        "skill_def": 0,
        "skill_crit": 0,
        "crit_resistance": 0,
        "final_extra": 10,
        "final_reduce": 0,
        "ignore_magicDef": 0,
        "buff_icon": "ccbResources/talent_icon/Jili.png"
    },
    "11": {
        "buff_id": 11,
        "rand_power": 5,
        "inspire_type": 0,
        "buff_name": "铁布衫",
        "buff_des": "每个上阵武将受到的最终伤害减少10%，仅在下场战斗中生效。",
        "general_hp": 0,
        "general_atk": 0,
        "general_def": 0,
        "atk_crit": 0,
        "crit_extra": 0,
        "dodge_rate": 0,
        "hit_rate": 0,
        "ignore_phyDef": 0,
        "rage_reduce": 0,
        "universal_resistance": 0,
        "ignore_resistance": 0,
        "float_resistance": 0,
        "cd_speed": 0,
        "support_consume": 0,
        "general_atk_all": 0,
        "general_def_all": 0,
        "all_crit": 0,
        "ignore_def_all": 0,
        "skill_atk": 0,
        "skill_def": 0,
        "skill_crit": 0,
        "crit_resistance": 0,
        "final_extra": 0,
        "final_reduce": 10,
        "ignore_magicDef": 0,
        "buff_icon": "ccbResources/talent_icon/Renjia.png"
    },
    "12": {
        "buff_id": 12,
        "rand_power": 5,
        "inspire_type": 0,
        "buff_name": "克己",
        "buff_des": "每个上阵武将释放怒斩技消耗怒气减少30%，仅在下场战斗中生效。",
        "general_hp": 0,
        "general_atk": 0,
        "general_def": 0,
        "atk_crit": 0,
        "crit_extra": 0,
        "dodge_rate": 0,
        "hit_rate": 0,
        "ignore_phyDef": 0,
        "rage_reduce": 30,
        "universal_resistance": 0,
        "ignore_resistance": 30,
        "float_resistance": 0,
        "cd_speed": 0,
        "support_consume": 0,
        "general_atk_all": 0,
        "general_def_all": 0,
        "all_crit": 0,
        "ignore_def_all": 0,
        "skill_atk": 0,
        "skill_def": 0,
        "skill_crit": 0,
        "crit_resistance": 0,
        "final_extra": 0,
        "final_reduce": 0,
        "ignore_magicDef": 0,
        "buff_icon": "ccbResources/talent_icon/Yiji.png"
    },
    "13": {
        "buff_id": 13,
        "rand_power": 1,
        "inspire_type": 0,
        "buff_name": "一骑当千",
        "buff_des": "全面增加每个上阵武将的各项能力5%，仅在下场战斗中生效。",
        "general_hp": 5,
        "general_atk": 5,
        "general_def": 5,
        "atk_crit": 5,
        "crit_extra": 5,
        "dodge_rate": 5,
        "hit_rate": 5,
        "ignore_phyDef": 5,
        "rage_reduce": 5,
        "universal_resistance": 0,
        "ignore_resistance": 5,
        "float_resistance": 0,
        "cd_speed": 0,
        "support_consume": 0,
        "general_atk_all": 0,
        "general_def_all": 0,
        "all_crit": 0,
        "ignore_def_all": 0,
        "skill_atk": 5,
        "skill_def": 5,
        "skill_crit": 5,
        "crit_resistance": 5,
        "final_extra": 5,
        "final_reduce": 5,
        "ignore_magicDef": 5,
        "buff_icon": "ccbResources/talent_icon/Jishan.png"
    },
    "10001": {
        "buff_id": 10001,
        "rand_power": 10,
        "inspire_type": 1,
        "buff_name": "生命值",
        "buff_des": "全队生命值+20%",
        "general_hp": 20,
        "general_atk": 0,
        "general_def": 0,
        "atk_crit": 0,
        "crit_extra": 0,
        "dodge_rate": 0,
        "hit_rate": 0,
        "ignore_phyDef": 0,
        "rage_reduce": 0,
        "universal_resistance": 0,
        "ignore_resistance": 0,
        "float_resistance": 0,
        "cd_speed": 0,
        "support_consume": 0,
        "general_atk_all": 0,
        "general_def_all": 0,
        "all_crit": 0,
        "ignore_def_all": 0,
        "skill_atk": 0,
        "skill_def": 0,
        "skill_crit": 0,
        "crit_resistance": 0,
        "final_extra": 0,
        "final_reduce": 0,
        "ignore_magicDef": 0,
        "buff_icon": "ccbResources/talent_icon/Chunfeng.png"
    },
    "10002": {
        "buff_id": 10002,
        "rand_power": 10,
        "inspire_type": 1,
        "buff_name": "攻击",
        "buff_des": "全队攻击+20%",
        "general_hp": 0,
        "general_atk": 20,
        "general_def": 0,
        "atk_crit": 0,
        "crit_extra": 0,
        "dodge_rate": 0,
        "hit_rate": 0,
        "ignore_phyDef": 0,
        "rage_reduce": 0,
        "universal_resistance": 0,
        "ignore_resistance": 0,
        "float_resistance": 0,
        "cd_speed": 0,
        "support_consume": 0,
        "general_atk_all": 0,
        "general_def_all": 0,
        "all_crit": 0,
        "ignore_def_all": 0,
        "skill_atk": 0,
        "skill_def": 0,
        "skill_crit": 0,
        "crit_resistance": 0,
        "final_extra": 0,
        "final_reduce": 0,
        "ignore_magicDef": 0,
        "buff_icon": "ccbResources/talent_icon/Anren.png"
    },
    "10003": {
        "buff_id": 10003,
        "rand_power": 10,
        "inspire_type": 1,
        "buff_name": "暴击伤害",
        "buff_des": "全队暴击伤害+20%",
        "general_hp": 0,
        "general_atk": 0,
        "general_def": 0,
        "atk_crit": 0,
        "crit_extra": 20,
        "dodge_rate": 0,
        "hit_rate": 0,
        "ignore_phyDef": 0,
        "rage_reduce": 0,
        "universal_resistance": 0,
        "ignore_resistance": 0,
        "float_resistance": 0,
        "cd_speed": 0,
        "support_consume": 0,
        "general_atk_all": 0,
        "general_def_all": 0,
        "all_crit": 0,
        "ignore_def_all": 0,
        "skill_atk": 0,
        "skill_def": 0,
        "skill_crit": 0,
        "crit_resistance": 0,
        "final_extra": 0,
        "final_reduce": 0,
        "ignore_magicDef": 0,
        "buff_icon": "ccbResources/talent_icon/Tiejia.png"
    },
    "10004": {
        "buff_id": 10004,
        "rand_power": 10,
        "inspire_type": 1,
        "buff_name": "暴击率",
        "buff_des": "全队暴击率+20%",
        "general_hp": 0,
        "general_atk": 0,
        "general_def": 0,
        "atk_crit": 20,
        "crit_extra": 0,
        "dodge_rate": 0,
        "hit_rate": 0,
        "ignore_phyDef": 0,
        "rage_reduce": 0,
        "universal_resistance": 0,
        "ignore_resistance": 0,
        "float_resistance": 0,
        "cd_speed": 0,
        "support_consume": 0,
        "general_atk_all": 0,
        "general_def_all": 0,
        "all_crit": 0,
        "ignore_def_all": 0,
        "skill_atk": 0,
        "skill_def": 0,
        "skill_crit": 0,
        "crit_resistance": 0,
        "final_extra": 0,
        "final_reduce": 0,
        "ignore_magicDef": 0,
        "buff_icon": "ccbResources/talent_icon/Shouhu.png"
    },
    "10005": {
        "buff_id": 10005,
        "rand_power": 10,
        "inspire_type": 1,
        "buff_name": "忽视格挡",
        "buff_des": "全队忽视格挡+20%",
        "general_hp": 0,
        "general_atk": 0,
        "general_def": 0,
        "atk_crit": 0,
        "crit_extra": 0,
        "dodge_rate": 0,
        "hit_rate": 20,
        "ignore_phyDef": 0,
        "rage_reduce": 0,
        "universal_resistance": 0,
        "ignore_resistance": 0,
        "float_resistance": 0,
        "cd_speed": 0,
        "support_consume": 0,
        "general_atk_all": 0,
        "general_def_all": 0,
        "all_crit": 0,
        "ignore_def_all": 0,
        "skill_atk": 0,
        "skill_def": 0,
        "skill_crit": 0,
        "crit_resistance": 0,
        "final_extra": 0,
        "final_reduce": 0,
        "ignore_magicDef": 0,
        "buff_icon": "ccbResources/talent_icon/Luolei.png"
    },
    "10006": {
        "buff_id": 10006,
        "rand_power": 10,
        "inspire_type": 1,
        "buff_name": "格挡率",
        "buff_des": "全队格挡率+20%",
        "general_hp": 0,
        "general_atk": 0,
        "general_def": 0,
        "atk_crit": 0,
        "crit_extra": 0,
        "dodge_rate": 20,
        "hit_rate": 0,
        "ignore_phyDef": 0,
        "rage_reduce": 0,
        "universal_resistance": 0,
        "ignore_resistance": 0,
        "float_resistance": 0,
        "cd_speed": 0,
        "support_consume": 0,
        "general_atk_all": 0,
        "general_def_all": 0,
        "all_crit": 0,
        "ignore_def_all": 0,
        "skill_atk": 0,
        "skill_def": 0,
        "skill_crit": 0,
        "crit_resistance": 0,
        "final_extra": 0,
        "final_reduce": 0,
        "ignore_magicDef": 0,
        "buff_icon": "ccbResources/talent_icon/Pozhu.png"
    },
    "10007": {
        "buff_id": 10007,
        "rand_power": 10,
        "inspire_type": 1,
        "buff_name": "效果命中",
        "buff_des": "全队效果命中+20%",
        "general_hp": 0,
        "general_atk": 0,
        "general_def": 0,
        "atk_crit": 0,
        "crit_extra": 0,
        "dodge_rate": 0,
        "hit_rate": 0,
        "ignore_phyDef": 0,
        "rage_reduce": 0,
        "universal_resistance": 0,
        "ignore_resistance": 0,
        "float_resistance": 0,
        "cd_speed": 0,
        "support_consume": 0,
        "general_atk_all": 0,
        "general_def_all": 0,
        "all_crit": 0,
        "ignore_def_all": 0,
        "skill_atk": 20,
        "skill_def": 0,
        "skill_crit": 0,
        "crit_resistance": 0,
        "final_extra": 0,
        "final_reduce": 0,
        "ignore_magicDef": 0,
        "buff_icon": "ccbResources/talent_icon/Leiting.png"
    },
    "10008": {
        "buff_id": 10008,
        "rand_power": 10,
        "inspire_type": 1,
        "buff_name": "效果抵抗",
        "buff_des": "全队效果抵抗+20%",
        "general_hp": 0,
        "general_atk": 0,
        "general_def": 0,
        "atk_crit": 0,
        "crit_extra": 0,
        "dodge_rate": 0,
        "hit_rate": 0,
        "ignore_phyDef": 0,
        "rage_reduce": 0,
        "universal_resistance": 0,
        "ignore_resistance": 0,
        "float_resistance": 0,
        "cd_speed": 0,
        "support_consume": 0,
        "general_atk_all": 0,
        "general_def_all": 0,
        "all_crit": 0,
        "ignore_def_all": 0,
        "skill_atk": 0,
        "skill_def": 20,
        "skill_crit": 0,
        "crit_resistance": 0,
        "final_extra": 0,
        "final_reduce": 0,
        "ignore_magicDef": 0,
        "buff_icon": "ccbResources/talent_icon/Fengmo.png"
    },
    "10009": {
        "buff_id": 10009,
        "rand_power": 20,
        "inspire_type": 2,
        "buff_name": "生命值",
        "buff_des": "全队生命值+50%",
        "general_hp": 50,
        "general_atk": 0,
        "general_def": 0,
        "atk_crit": 0,
        "crit_extra": 0,
        "dodge_rate": 0,
        "hit_rate": 0,
        "ignore_phyDef": 0,
        "rage_reduce": 0,
        "universal_resistance": 0,
        "ignore_resistance": 0,
        "float_resistance": 0,
        "cd_speed": 0,
        "support_consume": 0,
        "general_atk_all": 0,
        "general_def_all": 0,
        "all_crit": 0,
        "ignore_def_all": 0,
        "skill_atk": 0,
        "skill_def": 0,
        "skill_crit": 0,
        "crit_resistance": 0,
        "final_extra": 0,
        "final_reduce": 0,
        "ignore_magicDef": 0,
        "buff_icon": "ccbResources/talent_icon/Chunfeng.png"
    },
    "10010": {
        "buff_id": 10010,
        "rand_power": 20,
        "inspire_type": 2,
        "buff_name": "攻击",
        "buff_des": "全队攻击+50%",
        "general_hp": 0,
        "general_atk": 50,
        "general_def": 0,
        "atk_crit": 0,
        "crit_extra": 0,
        "dodge_rate": 0,
        "hit_rate": 0,
        "ignore_phyDef": 0,
        "rage_reduce": 0,
        "universal_resistance": 0,
        "ignore_resistance": 0,
        "float_resistance": 0,
        "cd_speed": 0,
        "support_consume": 0,
        "general_atk_all": 0,
        "general_def_all": 0,
        "all_crit": 0,
        "ignore_def_all": 0,
        "skill_atk": 0,
        "skill_def": 0,
        "skill_crit": 0,
        "crit_resistance": 0,
        "final_extra": 0,
        "final_reduce": 0,
        "ignore_magicDef": 0,
        "buff_icon": "ccbResources/talent_icon/Anren.png"
    },
    "10011": {
        "buff_id": 10011,
        "rand_power": 20,
        "inspire_type": 2,
        "buff_name": "暴击伤害",
        "buff_des": "全队暴击伤害+50%",
        "general_hp": 0,
        "general_atk": 0,
        "general_def": 0,
        "atk_crit": 0,
        "crit_extra": 50,
        "dodge_rate": 0,
        "hit_rate": 0,
        "ignore_phyDef": 0,
        "rage_reduce": 0,
        "universal_resistance": 0,
        "ignore_resistance": 0,
        "float_resistance": 0,
        "cd_speed": 0,
        "support_consume": 0,
        "general_atk_all": 0,
        "general_def_all": 0,
        "all_crit": 0,
        "ignore_def_all": 0,
        "skill_atk": 0,
        "skill_def": 0,
        "skill_crit": 0,
        "crit_resistance": 0,
        "final_extra": 0,
        "final_reduce": 0,
        "ignore_magicDef": 0,
        "buff_icon": "ccbResources/talent_icon/Tiejia.png"
    },
    "10012": {
        "buff_id": 10012,
        "rand_power": 20,
        "inspire_type": 2,
        "buff_name": "暴击率",
        "buff_des": "全队暴击率+50%",
        "general_hp": 0,
        "general_atk": 0,
        "general_def": 0,
        "atk_crit": 50,
        "crit_extra": 0,
        "dodge_rate": 0,
        "hit_rate": 0,
        "ignore_phyDef": 0,
        "rage_reduce": 0,
        "universal_resistance": 0,
        "ignore_resistance": 0,
        "float_resistance": 0,
        "cd_speed": 0,
        "support_consume": 0,
        "general_atk_all": 0,
        "general_def_all": 0,
        "all_crit": 0,
        "ignore_def_all": 0,
        "skill_atk": 0,
        "skill_def": 0,
        "skill_crit": 0,
        "crit_resistance": 0,
        "final_extra": 0,
        "final_reduce": 0,
        "ignore_magicDef": 0,
        "buff_icon": "ccbResources/talent_icon/Shouhu.png"
    },
    "10013": {
        "buff_id": 10013,
        "rand_power": 10,
        "inspire_type": 2,
        "buff_name": "忽视格挡",
        "buff_des": "全队忽视格挡+50%",
        "general_hp": 0,
        "general_atk": 0,
        "general_def": 0,
        "atk_crit": 0,
        "crit_extra": 0,
        "dodge_rate": 0,
        "hit_rate": 50,
        "ignore_phyDef": 0,
        "rage_reduce": 0,
        "universal_resistance": 0,
        "ignore_resistance": 0,
        "float_resistance": 0,
        "cd_speed": 0,
        "support_consume": 0,
        "general_atk_all": 0,
        "general_def_all": 0,
        "all_crit": 0,
        "ignore_def_all": 0,
        "skill_atk": 0,
        "skill_def": 0,
        "skill_crit": 0,
        "crit_resistance": 0,
        "final_extra": 0,
        "final_reduce": 0,
        "ignore_magicDef": 0,
        "buff_icon": "ccbResources/talent_icon/Luolei.png"
    },
    "21001": {
        "buff_id": 21001,
        "rand_power": 10,
        "inspire_type": 2,
        "buff_name": "格挡率",
        "buff_des": "全队格挡率+50%",
        "general_hp": 0,
        "general_atk": 0,
        "general_def": 0,
        "atk_crit": 0,
        "crit_extra": 0,
        "dodge_rate": 50,
        "hit_rate": 0,
        "ignore_phyDef": 0,
        "rage_reduce": 0,
        "universal_resistance": 0,
        "ignore_resistance": 0,
        "float_resistance": 0,
        "cd_speed": 0,
        "support_consume": 0,
        "general_atk_all": 0,
        "general_def_all": 0,
        "all_crit": 0,
        "ignore_def_all": 0,
        "skill_atk": 0,
        "skill_def": 0,
        "skill_crit": 0,
        "crit_resistance": 0,
        "final_extra": 0,
        "final_reduce": 0,
        "ignore_magicDef": 0,
        "buff_icon": "ccbResources/talent_icon/Pozhu.png"
    },
    "21002": {
        "buff_id": 21002,
        "rand_power": 10,
        "inspire_type": 2,
        "buff_name": "效果命中",
        "buff_des": "全队效果命中+50%",
        "general_hp": 0,
        "general_atk": 0,
        "general_def": 0,
        "atk_crit": 0,
        "crit_extra": 0,
        "dodge_rate": 0,
        "hit_rate": 0,
        "ignore_phyDef": 0,
        "rage_reduce": 0,
        "universal_resistance": 0,
        "ignore_resistance": 0,
        "float_resistance": 0,
        "cd_speed": 0,
        "support_consume": 0,
        "general_atk_all": 0,
        "general_def_all": 0,
        "all_crit": 0,
        "ignore_def_all": 0,
        "skill_atk": 50,
        "skill_def": 0,
        "skill_crit": 0,
        "crit_resistance": 0,
        "final_extra": 0,
        "final_reduce": 0,
        "ignore_magicDef": 0,
        "buff_icon": "ccbResources/talent_icon/Leiting.png"
    },
    "21003": {
        "buff_id": 21003,
        "rand_power": 10,
        "inspire_type": 2,
        "buff_name": "效果抵抗",
        "buff_des": "全队效果抵抗+50%",
        "general_hp": 0,
        "general_atk": 0,
        "general_def": 0,
        "atk_crit": 0,
        "crit_extra": 0,
        "dodge_rate": 0,
        "hit_rate": 0,
        "ignore_phyDef": 0,
        "rage_reduce": 0,
        "universal_resistance": 0,
        "ignore_resistance": 0,
        "float_resistance": 0,
        "cd_speed": 0,
        "support_consume": 0,
        "general_atk_all": 0,
        "general_def_all": 0,
        "all_crit": 0,
        "ignore_def_all": 0,
        "skill_atk": 0,
        "skill_def": 50,
        "skill_crit": 0,
        "crit_resistance": 0,
        "final_extra": 0,
        "final_reduce": 0,
        "ignore_magicDef": 0,
        "buff_icon": "ccbResources/talent_icon/Fengmo.png"
    }}
