{
    "1": {
        "adviser_id": 1,
        "adviser_name": "密室游鱼",
        "quality": 3,
        "compose_goods": 30901,
        "compose_count": 5,
        "adviser_des": "xx",
        "base_skill": [5024],
        "skill_id": [5034],
        "act_spx_id": 84,
        "act_spx_index": 3,
        "effect_spx_id": 27,
        "effect_spx_index": 30,
        "spine_id": 10026,
        "skeleton_index": [0,1,2],
        "movement_id": ["000_nvshen1_daiji","001_nvshen1_chuchang","002_nvshen1_shifa"],
        "head_path": "ui_pet_icon_IconPet1_png",
        "name_path": "ui_pet_icon_WordsPetName1_png",
        "name_down_path": "ui_pet_icon_WordsBigPetName10_png",
        "des": "旅团团长库洛洛饲养的食人鱼，在真空的密封空间游动捕杀敌人。",
        "spine_scale": 1
    },
    "2": {
        "adviser_id": 2,
        "adviser_name": "玩具修理者",
        "quality": 3,
        "compose_goods": 30902,
        "compose_count": 5,
        "adviser_des": "xx",
        "base_skill": [5025],
        "skill_id": [5035],
        "act_spx_id": 84,
        "act_spx_index": 3,
        "effect_spx_id": 27,
        "effect_spx_index": 30,
        "spine_id": 10025,
        "skeleton_index": [0,1,2],
        "movement_id": ["000_nvshen_daiji","001_nvshen_chuchang","002_nvshen_shifa_2"],
        "head_path": "ui_pet_icon_IconPet2_png",
        "name_path": "ui_pet_icon_WordsPetName2_png",
        "name_down_path": "ui_pet_icon_WordsBigPetName8_png",
        "des": "尼飞彼多开发的修复型念兽，可以修复损坏的组织和器官，但需要消耗大量念力。",
        "spine_scale": 1
    },
    "3": {
        "adviser_id": 3,
        "adviser_name": "凸眼鱼",
        "quality": 3,
        "compose_goods": 30903,
        "compose_count": 5,
        "adviser_des": "xx",
        "base_skill": [5026],
        "skill_id": [5036],
        "act_spx_id": 84,
        "act_spx_index": 3,
        "effect_spx_id": 27,
        "effect_spx_index": 30,
        "spine_id": 10027,
        "skeleton_index": [0,1,2],
        "movement_id": ["000_nvshen_daiji","001_nvshen_chuchang","002_nvshen_shifa_2"],
        "head_path": "ui_pet_icon_IconPet3_png",
        "name_path": "ui_pet_icon_WordsPetName3_png",
        "name_down_path": "ui_pet_icon_WordsBigPetName7_png",
        "des": "小滴具现化出的念兽，可以吸走任何小滴认为没有生命的东西，并且没有体积限制。",
        "spine_scale": 1
    },
    "4": {
        "adviser_id": 4,
        "adviser_name": "白·格雷努",
        "quality": 2,
        "compose_goods": 30904,
        "compose_count": 5,
        "adviser_des": "xx",
        "base_skill": [5021],
        "skill_id": [5031],
        "act_spx_id": 84,
        "act_spx_index": 3,
        "effect_spx_id": 27,
        "effect_spx_index": 30,
        "spine_id": 10028,
        "skeleton_index": [0,1,2],
        "movement_id": ["000_nvshen_daiji","001_nvshen_chuchang","002_nvshen_shifa_2"],
        "head_path": "ui_pet_icon_IconPet4_png",
        "name_path": "ui_pet_icon_WordsPetName4_png",
        "name_down_path": "ui_pet_icon_WordsBigPetName6_png",
        "des": "贪婪之岛中果列召唤出的念兽，非常凶猛，可帮助主人战斗，与主人瞬间换位。",
        "spine_scale": 1
    },
    "5": {
        "adviser_id": 5,
        "adviser_name": "黑·格雷努",
        "quality": 2,
        "compose_goods": 30905,
        "compose_count": 5,
        "adviser_des": "xx",
        "base_skill": [5022],
        "skill_id": [5032],
        "act_spx_id": 84,
        "act_spx_index": 3,
        "effect_spx_id": 27,
        "effect_spx_index": 30,
        "spine_id": 10029,
        "skeleton_index": [0,1,2],
        "movement_id": ["000_nvshen_daiji","001_nvshen_chuchang","002_nvshen_shifa_2"],
        "head_path": "ui_pet_icon_IconPet5_png",
        "name_path": "ui_pet_icon_WordsPetName5_png",
        "name_down_path": "ui_pet_icon_WordsBigPetName5_png",
        "des": "贪婪之岛中果列召唤出的念兽，非常凶猛，可帮助主人战斗，与主人瞬间换位。",
        "spine_scale": 1
    },
    "6": {
        "adviser_id": 6,
        "adviser_name": "疯狂小丑",
        "quality": 5,
        "compose_goods": 30906,
        "compose_count": 5,
        "adviser_des": "xx",
        "base_skill": [5030],
        "skill_id": [5040],
        "act_spx_id": 84,
        "act_spx_index": 3,
        "effect_spx_id": 27,
        "effect_spx_index": 30,
        "spine_id": 10061,
        "skeleton_index": [0,1,2],
        "movement_id": ["000_nvshen_daiji","001_nvshen_chuchang","002_nvshen_shifa_2"],
        "head_path": "ui_pet_icon_IconPet6_png",
        "name_path": "ui_pet_icon_WordsPetName6_png",
        "name_down_path": "ui_pet_icon_WordsBigPetName4_png",
        "des": "凯特具现化出的念兽，可根据随机数字不同变化成不同的武器协助战斗。",
        "spine_scale": 1
    },
    "7": {
        "adviser_id": 7,
        "adviser_name": "波克里林",
        "quality": 4,
        "compose_goods": 30907,
        "compose_count": 5,
        "adviser_des": "xx",
        "base_skill": [5027],
        "skill_id": [5037],
        "act_spx_id": 84,
        "act_spx_index": 3,
        "effect_spx_id": 27,
        "effect_spx_index": 30,
        "spine_id": 10032,
        "skeleton_index": [0,1,2],
        "movement_id": ["000_nvshen_daiji","001_nvshen_chuchang","002_nvshen_shifa_2"],
        "head_path": "ui_pet_icon_IconPet7_png",
        "name_path": "ui_pet_icon_WordsPetName7_png",
        "name_down_path": "ui_pet_icon_WordsBigPetName3_png",
        "des": "拿酷戮使用念力[天上不知唯我独损]时用来计算高利贷召唤出的念兽，十分可爱。",
        "spine_scale": 1
    },
    "8": {
        "adviser_id": 8,
        "adviser_name": "天使自动笔记",
        "quality": 4,
        "compose_goods": 30908,
        "compose_count": 5,
        "adviser_des": "xx",
        "base_skill": [5029],
        "skill_id": [5039],
        "act_spx_id": 84,
        "act_spx_index": 3,
        "effect_spx_id": 27,
        "effect_spx_index": 30,
        "spine_id": 10064,
        "skeleton_index": [0,1,2],
        "movement_id": ["000_nvshen_daiji","001_nvshen_chuchang","002_nvshen_shifa_2"],
        "head_path": "ui_pet_icon_IconPet8_png",
        "name_path": "ui_pet_icon_WordsPetName8_png",
        "name_down_path": "ui_pet_icon_WordsBigPetName9_png",
        "des": "可以帮助他人预测未来的念兽，最初由妮翁所有，后来被团长窃取。",
        "spine_scale": 0.9
    },
    "9": {
        "adviser_id": 9,
        "adviser_name": "黑子舞想",
        "quality": 4,
        "compose_goods": 30909,
        "compose_count": 5,
        "adviser_des": "xx",
        "base_skill": [5028],
        "skill_id": [5038],
        "act_spx_id": 84,
        "act_spx_index": 3,
        "effect_spx_id": 27,
        "effect_spx_index": 30,
        "spine_id": 10065,
        "skeleton_index": [0,1,2],
        "movement_id": ["000_nvshen_daiji","001_nvshen_chuchang","002_nvshen_shifa_2"],
        "head_path": "ui_pet_icon_IconPet9_png",
        "name_path": "ui_pet_icon_WordsPetName9_png",
        "name_down_path": "ui_pet_icon_WordsBigPetName2_png",
        "des": "尼飞彼多开发的操纵型念兽，可以操纵自己的身体进行战斗。",
        "spine_scale": 0.8
    },
    "13": {
        "adviser_id": 13,
        "adviser_name": "曲奇妹妹",
        "quality": 2,
        "compose_goods": 30910,
        "compose_count": 5,
        "adviser_des": "xx",
        "base_skill": [5023],
        "skill_id": [5033],
        "act_spx_id": 84,
        "act_spx_index": 3,
        "effect_spx_id": 27,
        "effect_spx_index": 30,
        "spine_id": 10066,
        "skeleton_index": [0,1,2],
        "movement_id": ["000_nvshen_daiji","001_nvshen_chuchang","002_nvshen_shifa_2"],
        "head_path": "ui_pet_icon_IconPet10_png",
        "name_path": "ui_pet_icon_WordsPetName10_png",
        "name_down_path": "ui_pet_icon_WordsBigPetName1_png",
        "des": "比丝姬为了保养身体具现出的美容助手，可以服侍主人，为主人按摩等等。",
        "spine_scale": 1
    }}
