{
    "10002": {
        "index": 10002,
        "type": 1,
        "sub_type": 2,
        "start_id": 1000000,
        "end_id": 1000099,
        "open_level": 0,
        "open_instance": 0,
        "open_licence": 0,
        "des": "通关第1章、第2章、第3章……(普通副本，实际为怪物Id)",
        "tips": -1,
        "sort": "1",
        "week_path": ""
    },
    "10003": {
        "index": 10003,
        "type": 1,
        "sub_type": 3,
        "start_id": 1000500,
        "end_id": 1000599,
        "open_level": 0,
        "open_instance": 100014,
        "open_licence": 0,
        "des": "通关第1章、第2章、第3章……(精英副本，实际为怪物Id)",
        "tips": -1,
        "sort": "2",
        "week_path": ""
    },
    "10008": {
        "index": 10008,
        "type": 1,
        "sub_type": 8,
        "start_id": 1000801,
        "end_id": 1000899,
        "open_level": 0,
        "open_instance": 0,
        "open_licence": 0,
        "des": "",
        "tips": -1,
        "sort": "6",
        "week_path": ""
    },
    "10017": {
        "index": 10017,
        "type": 1,
        "sub_type": 17,
        "start_id": 1001701,
        "end_id": 1001800,
        "open_level": 15,
        "open_instance": 0,
        "open_licence": 0,
        "des": "采果子数量",
        "tips": -1,
        "sort": "7",
        "week_path": ""
    },
    "10066": {
        "index": 10066,
        "type": 1,
        "sub_type": 66,
        "start_id": 1006601,
        "end_id": 1006700,
        "open_level": 1,
        "open_instance": 0,
        "open_licence": 0,
        "des": "开卡包次数",
        "tips": -1,
        "sort": "6",
        "week_path": ""
    },
    "10078": {
        "index": 10078,
        "type": 1,
        "sub_type": 78,
        "start_id": 1007801,
        "end_id": 1007899,
        "open_level": 1,
        "open_instance": 0,
        "open_licence": 0,
        "des": "抽酒馆",
        "tips": -1,
        "sort": "3",
        "week_path": ""
    },
    "10087": {
        "index": 10087,
        "type": 1,
        "sub_type": 87,
        "start_id": 1008701,
        "end_id": 1008799,
        "open_level": 1,
        "open_instance": 0,
        "open_licence": 0,
        "des": "获得S级猎人数量",
        "tips": -1,
        "sort": "4",
        "week_path": ""
    },
    "10099": {
        "index": 10099,
        "type": 1,
        "sub_type": 99,
        "start_id": 1009901,
        "end_id": 1009910,
        "open_level": 1,
        "open_instance": 0,
        "open_licence": 0,
        "des": "探索紫",
        "tips": -1,
        "sort": "8",
        "week_path": ""
    },
    "10025": {
        "index": 10025,
        "type": 1,
        "sub_type": 25,
        "start_id": 1002501,
        "end_id": 1002506,
        "open_level": 1,
        "open_instance": 0,
        "open_licence": 0,
        "des": "天空塔",
        "tips": -1,
        "sort": "9",
        "week_path": ""
    },
    "10092": {
        "index": 10092,
        "type": 1,
        "sub_type": 92,
        "start_id": 1009201,
        "end_id": 1009209,
        "open_level": 1,
        "open_instance": 0,
        "open_licence": 0,
        "des": "娃娃机次数",
        "tips": -1,
        "sort": "10",
        "week_path": ""
    },
    "10100": {
        "index": 10100,
        "type": 1,
        "sub_type": 100,
        "start_id": 1010001,
        "end_id": 1010008,
        "open_level": 18,
        "open_instance": 0,
        "open_licence": 0,
        "des": "任意职业公会技能等级",
        "tips": -1,
        "sort": "11",
        "week_path": ""
    },
    "20031": {
        "index": 20031,
        "type": 2,
        "sub_type": 31,
        "start_id": 2000000,
        "end_id": 2000000,
        "open_level": 1,
        "open_instance": 0,
        "open_licence": 0,
        "des": "普通副本次数",
        "tips": -1,
        "sort": "",
        "week_path": ""
    },
    "20032": {
        "index": 20032,
        "type": 2,
        "sub_type": 32,
        "start_id": 2000100,
        "end_id": 2000100,
        "open_level": 0,
        "open_instance": 100014,
        "open_licence": 0,
        "des": "挑战精英副本5次",
        "tips": -1,
        "sort": "",
        "week_path": ""
    },
    "20039": {
        "index": 20039,
        "type": 2,
        "sub_type": 39,
        "start_id": 2000300,
        "end_id": 2000300,
        "open_level": 18,
        "open_instance": 0,
        "open_licence": 0,
        "des": "流星街次数",
        "tips": -1,
        "sort": "",
        "week_path": ""
    },
    "20035": {
        "index": 20035,
        "type": 2,
        "sub_type": 35,
        "start_id": 2000400,
        "end_id": 2000400,
        "open_level": 8,
        "open_instance": 0,
        "open_licence": 0,
        "des": "竞技场挑战10次",
        "tips": -1,
        "sort": "",
        "week_path": ""
    },
    "20051": {
        "index": 20051,
        "type": 2,
        "sub_type": 51,
        "start_id": 2000500,
        "end_id": 2000500,
        "open_level": 12,
        "open_instance": 0,
        "open_licence": 0,
        "des": "帮会副本1次",
        "tips": -1,
        "sort": "",
        "week_path": ""
    },
    "20027": {
        "index": 20027,
        "type": 2,
        "sub_type": 27,
        "start_id": 2000600,
        "end_id": 2000600,
        "open_level": 12,
        "open_instance": 0,
        "open_licence": 0,
        "des": "帮会捐献1次",
        "tips": -1,
        "sort": "",
        "week_path": ""
    },
    "20017": {
        "index": 20017,
        "type": 2,
        "sub_type": 17,
        "start_id": 2000700,
        "end_id": 2000700,
        "open_level": 15,
        "open_instance": 0,
        "open_licence": 0,
        "des": "采集果子",
        "tips": -1,
        "sort": "",
        "week_path": ""
    },
    "20062": {
        "index": 20062,
        "type": 2,
        "sub_type": 62,
        "start_id": 2006200,
        "end_id": 2006200,
        "open_level": 14,
        "open_instance": 0,
        "open_licence": 0,
        "des": "探索任务",
        "tips": -1,
        "sort": "",
        "week_path": ""
    },
    "20058": {
        "index": 20058,
        "type": 2,
        "sub_type": 58,
        "start_id": 2000900,
        "end_id": 2000900,
        "open_level": 15,
        "open_instance": 0,
        "open_licence": 0,
        "des": "猜拳X次",
        "tips": -1,
        "sort": "",
        "week_path": ""
    },
    "20065": {
        "index": 20065,
        "type": 2,
        "sub_type": 65,
        "start_id": 2001000,
        "end_id": 2001000,
        "open_level": 0,
        "open_instance": 100014,
        "open_licence": 0,
        "des": "卡片升级X次",
        "tips": -1,
        "sort": "",
        "week_path": ""
    },
    "20072": {
        "index": 20072,
        "type": 2,
        "sub_type": 72,
        "start_id": 2001300,
        "end_id": 2001300,
        "open_level": 0,
        "open_instance": 100009,
        "open_licence": 0,
        "des": "升星1次",
        "tips": -1,
        "sort": "",
        "week_path": ""
    },
    "20073": {
        "index": 20073,
        "type": 2,
        "sub_type": 73,
        "start_id": 2001400,
        "end_id": 2001400,
        "open_level": 40,
        "open_instance": 0,
        "open_licence": 0,
        "des": "山贼讨伐1次",
        "tips": -1,
        "sort": "",
        "week_path": ""
    },
    "20067": {
        "index": 20067,
        "type": 2,
        "sub_type": 67,
        "start_id": 2001050,
        "end_id": 2001050,
        "open_level": 1,
        "open_instance": 0,
        "open_licence": 0,
        "des": "送5次体力",
        "tips": -1,
        "sort": "",
        "week_path": ""
    },
    "20016": {
        "index": 20016,
        "type": 2,
        "sub_type": 16,
        "start_id": 2001100,
        "end_id": 2001100,
        "open_level": 1,
        "open_instance": 0,
        "open_licence": 0,
        "des": "累计消费",
        "tips": -1,
        "sort": "",
        "week_path": ""
    },
    "20048": {
        "index": 20048,
        "type": 2,
        "sub_type": 48,
        "start_id": 2001200,
        "end_id": 2001299,
        "open_level": 10,
        "open_instance": 0,
        "open_licence": 0,
        "des": "执照工资",
        "tips": -1,
        "sort": "",
        "week_path": ""
    },
    "40002": {
        "index": 40002,
        "type": 4,
        "sub_type": 2,
        "start_id": 4000201,
        "end_id": 4000210,
        "open_level": 0,
        "open_instance": 0,
        "open_licence": 0,
        "des": "七日1-1--副本",
        "tips": -1,
        "sort": "1",
        "week_path": ""
    },
    "40078": {
        "index": 40078,
        "type": 4,
        "sub_type": 78,
        "start_id": 4007801,
        "end_id": 4007808,
        "open_level": 0,
        "open_instance": 0,
        "open_licence": 0,
        "des": "七日1-2--畅饮",
        "tips": -1,
        "sort": "2",
        "week_path": ""
    },
    "40025": {
        "index": 40025,
        "type": 4,
        "sub_type": 25,
        "start_id": 4002501,
        "end_id": 4002510,
        "open_level": 0,
        "open_instance": 0,
        "open_licence": 0,
        "des": "七日2-1--爬塔最大层数",
        "tips": -1,
        "sort": "3",
        "week_path": ""
    },
    "40010": {
        "index": 40010,
        "type": 4,
        "sub_type": 10,
        "start_id": 4001001,
        "end_id": 4001005,
        "open_level": 0,
        "open_instance": 100009,
        "open_licence": 0,
        "des": "七日2-2--猎人升星",
        "tips": -1,
        "sort": "4",
        "week_path": ""
    },
    "40008": {
        "index": 40008,
        "type": 4,
        "sub_type": 8,
        "start_id": 4000801,
        "end_id": 4000804,
        "open_level": 0,
        "open_instance": 0,
        "open_licence": 0,
        "des": "七日2-2--猎人进阶",
        "tips": -1,
        "sort": "5",
        "week_path": ""
    },
    "40020": {
        "index": 40020,
        "type": 4,
        "sub_type": 20,
        "start_id": 4002001,
        "end_id": 4002009,
        "open_level": 0,
        "open_instance": 0,
        "open_licence": 0,
        "des": "七日3-1--竞技场",
        "tips": -1,
        "sort": "6",
        "week_path": ""
    },
    "40027": {
        "index": 40027,
        "type": 4,
        "sub_type": 27,
        "start_id": 4002701,
        "end_id": 4002704,
        "open_level": 0,
        "open_instance": 0,
        "open_licence": 0,
        "des": "七日3-2--公会捐献",
        "tips": -1,
        "sort": "7",
        "week_path": ""
    },
    "40051": {
        "index": 40051,
        "type": 4,
        "sub_type": 51,
        "start_id": 4005101,
        "end_id": 4005104,
        "open_level": 0,
        "open_instance": 0,
        "open_licence": 0,
        "des": "七日3-2--公会副本",
        "tips": -1,
        "sort": "8",
        "week_path": ""
    },
    "40069": {
        "index": 40069,
        "type": 4,
        "sub_type": 69,
        "start_id": 4006901,
        "end_id": 4006904,
        "open_level": 0,
        "open_instance": 0,
        "open_licence": 0,
        "des": "七日4-1--流星街-窝金",
        "tips": -1,
        "sort": "9",
        "week_path": ""
    },
    "40070": {
        "index": 40070,
        "type": 4,
        "sub_type": 70,
        "start_id": 4007001,
        "end_id": 4007004,
        "open_level": 0,
        "open_instance": 0,
        "open_licence": 0,
        "des": "七日4-1--流星街-玛琪",
        "tips": -1,
        "sort": "9",
        "week_path": ""
    },
    "40092": {
        "index": 40092,
        "type": 4,
        "sub_type": 92,
        "start_id": 4009201,
        "end_id": 4009208,
        "open_level": 0,
        "open_instance": 0,
        "open_licence": 0,
        "des": "七日4-2--娃娃机",
        "tips": -1,
        "sort": "10",
        "week_path": ""
    },
    "40003": {
        "index": 40003,
        "type": 4,
        "sub_type": 3,
        "start_id": 4000301,
        "end_id": 4000310,
        "open_level": 0,
        "open_instance": 0,
        "open_licence": 0,
        "des": "七日5-1--精英副本",
        "tips": -1,
        "sort": "11",
        "week_path": ""
    },
    "40104": {
        "index": 40104,
        "type": 4,
        "sub_type": 104,
        "start_id": 4010401,
        "end_id": 4010403,
        "open_level": 0,
        "open_instance": 0,
        "open_licence": 0,
        "des": "七日5-2--获得紫色卡片",
        "tips": -1,
        "sort": "12",
        "week_path": ""
    },
    "40105": {
        "index": 40105,
        "type": 4,
        "sub_type": 105,
        "start_id": 4010501,
        "end_id": 4010503,
        "open_level": 0,
        "open_instance": 0,
        "open_licence": 0,
        "des": "七日5-2--获得橙色卡片",
        "tips": -1,
        "sort": "12",
        "week_path": ""
    },
    "40106": {
        "index": 40106,
        "type": 4,
        "sub_type": 106,
        "start_id": 4010601,
        "end_id": 4010602,
        "open_level": 0,
        "open_instance": 0,
        "open_licence": 0,
        "des": "七日5-2--获得红色卡片",
        "tips": -1,
        "sort": "12",
        "week_path": ""
    },
    "40101": {
        "index": 40101,
        "type": 4,
        "sub_type": 101,
        "start_id": 4010101,
        "end_id": 4010103,
        "open_level": 0,
        "open_instance": 0,
        "open_licence": 0,
        "des": "七日6-1--探索",
        "tips": -1,
        "sort": "13",
        "week_path": ""
    },
    "40102": {
        "index": 40102,
        "type": 4,
        "sub_type": 102,
        "start_id": 4010201,
        "end_id": 4010203,
        "open_level": 0,
        "open_instance": 0,
        "open_licence": 0,
        "des": "七日6-1--探索",
        "tips": -1,
        "sort": "13",
        "week_path": ""
    },
    "40103": {
        "index": 40103,
        "type": 4,
        "sub_type": 103,
        "start_id": 4010301,
        "end_id": 4010302,
        "open_level": 0,
        "open_instance": 0,
        "open_licence": 0,
        "des": "七日6-1--探索",
        "tips": -1,
        "sort": "13",
        "week_path": ""
    },
    "40038": {
        "index": 40038,
        "type": 4,
        "sub_type": 38,
        "start_id": 4003801,
        "end_id": 4003807,
        "open_level": 0,
        "open_instance": 0,
        "open_licence": 0,
        "des": "七日6-2--消耗体力",
        "tips": -1,
        "sort": "14",
        "week_path": ""
    },
    "40017": {
        "index": 40017,
        "type": 4,
        "sub_type": 17,
        "start_id": 4001701,
        "end_id": 4001705,
        "open_level": 0,
        "open_instance": 0,
        "open_licence": 0,
        "des": "七日7-1--采果子",
        "tips": -1,
        "sort": "15",
        "week_path": ""
    },
    "40058": {
        "index": 40058,
        "type": 4,
        "sub_type": 58,
        "start_id": 4005801,
        "end_id": 4005805,
        "open_level": 0,
        "open_instance": 0,
        "open_licence": 0,
        "des": "七日7-1--猜拳",
        "tips": -1,
        "sort": "16",
        "week_path": ""
    },
    "40080": {
        "index": 40080,
        "type": 4,
        "sub_type": 80,
        "start_id": 4008001,
        "end_id": 4008004,
        "open_level": 0,
        "open_instance": 0,
        "open_licence": 0,
        "des": "七日7-2--猎人觉醒",
        "tips": -1,
        "sort": "17",
        "week_path": ""
    },
    "40098": {
        "index": 40098,
        "type": 4,
        "sub_type": 98,
        "start_id": 4009801,
        "end_id": 4009804,
        "open_level": 0,
        "open_instance": 0,
        "open_licence": 0,
        "des": "七日7-2--猎人突破",
        "tips": -1,
        "sort": "18",
        "week_path": ""
    },
    "50002": {
        "index": 50002,
        "type": 5,
        "sub_type": 2,
        "start_id": 710001,
        "end_id": 710007,
        "open_level": 1,
        "open_instance": 0,
        "open_licence": 0,
        "des": "普通副本进度",
        "tips": -1,
        "sort": "",
        "week_path": ""
    },
    "50003": {
        "index": 50003,
        "type": 5,
        "sub_type": 3,
        "start_id": 720001,
        "end_id": 720007,
        "open_level": 1,
        "open_instance": 0,
        "open_licence": 0,
        "des": "精英副本进度",
        "tips": -1,
        "sort": "",
        "week_path": ""
    },
    "50025": {
        "index": 50025,
        "type": 5,
        "sub_type": 25,
        "start_id": 730001,
        "end_id": 730007,
        "open_level": 20,
        "open_instance": 0,
        "open_licence": 0,
        "des": "天空竞技场",
        "tips": -1,
        "sort": "",
        "week_path": ""
    },
    "50055": {
        "index": 50055,
        "type": 5,
        "sub_type": 55,
        "start_id": 740001,
        "end_id": 740007,
        "open_level": 18,
        "open_instance": 0,
        "open_licence": 0,
        "des": "流星街",
        "tips": -1,
        "sort": "",
        "week_path": ""
    },
    "80080": {
        "index": 80080,
        "type": 8,
        "sub_type": 80,
        "start_id": 8008001,
        "end_id": 8008003,
        "open_level": 0,
        "open_instance": 0,
        "open_licence": 0,
        "des": "觉醒",
        "tips": -1,
        "sort": "2",
        "week_path": ""
    },
    "80010": {
        "index": 80010,
        "type": 8,
        "sub_type": 10,
        "start_id": 8001001,
        "end_id": 8001003,
        "open_level": 0,
        "open_instance": 0,
        "open_licence": 0,
        "des": "升星次数",
        "tips": -1,
        "sort": "3",
        "week_path": ""
    },
    "80008": {
        "index": 80008,
        "type": 8,
        "sub_type": 8,
        "start_id": 8000801,
        "end_id": 8000803,
        "open_level": 0,
        "open_instance": 0,
        "open_licence": 0,
        "des": "进阶",
        "tips": -1,
        "sort": "1",
        "week_path": ""
    },
    "90079": {
        "index": 90079,
        "type": 9,
        "sub_type": 79,
        "start_id": 9007901,
        "end_id": 9007903,
        "open_level": 25,
        "open_instance": 0,
        "open_licence": 0,
        "des": "获得X资质卡片N个",
        "tips": -1,
        "sort": "2",
        "week_path": ""
    },
    "90081": {
        "index": 90081,
        "type": 9,
        "sub_type": 81,
        "start_id": 9008101,
        "end_id": 9008103,
        "open_level": 25,
        "open_instance": 0,
        "open_licence": 0,
        "des": "通关某个流星街",
        "tips": -1,
        "sort": "1",
        "week_path": ""
    },
    "90082": {
        "index": 90082,
        "type": 9,
        "sub_type": 82,
        "start_id": 9008201,
        "end_id": 9008203,
        "open_level": 25,
        "open_instance": 0,
        "open_licence": 0,
        "des": "卡片升几级几次",
        "tips": -1,
        "sort": "3",
        "week_path": ""
    },
    "100083": {
        "index": 100083,
        "type": 10,
        "sub_type": 83,
        "start_id": 10008301,
        "end_id": 10008303,
        "open_level": 30,
        "open_instance": 0,
        "open_licence": 0,
        "des": "获得X资质发系卡片N个",
        "tips": -1,
        "sort": "2",
        "week_path": ""
    },
    "100084": {
        "index": 100084,
        "type": 10,
        "sub_type": 84,
        "start_id": 10008401,
        "end_id": 10008403,
        "open_level": 30,
        "open_instance": 0,
        "open_licence": 0,
        "des": "发系卡片升几级几次",
        "tips": -1,
        "sort": "3",
        "week_path": ""
    },
    "100081": {
        "index": 100081,
        "type": 10,
        "sub_type": 81,
        "start_id": 10008101,
        "end_id": 10008103,
        "open_level": 30,
        "open_instance": 0,
        "open_licence": 0,
        "des": "通关某个流星街",
        "tips": -1,
        "sort": "1",
        "week_path": ""
    },
    "110085": {
        "index": 110085,
        "type": 11,
        "sub_type": 85,
        "start_id": 11008501,
        "end_id": 11008503,
        "open_level": 99,
        "open_instance": 0,
        "open_licence": 0,
        "des": "获得X资质坚系卡片N个",
        "tips": -1,
        "sort": "2",
        "week_path": ""
    },
    "110086": {
        "index": 110086,
        "type": 11,
        "sub_type": 86,
        "start_id": 11008601,
        "end_id": 11008603,
        "open_level": 99,
        "open_instance": 0,
        "open_licence": 0,
        "des": "坚系卡片升几级几次",
        "tips": -1,
        "sort": "3",
        "week_path": ""
    },
    "110081": {
        "index": 110081,
        "type": 11,
        "sub_type": 81,
        "start_id": 11008101,
        "end_id": 11008103,
        "open_level": 99,
        "open_instance": 0,
        "open_licence": 0,
        "des": "通关某个流星街",
        "tips": -1,
        "sort": "1",
        "week_path": ""
    },
    "120038": {
        "index": 120038,
        "type": 12,
        "sub_type": 38,
        "start_id": 12003801,
        "end_id": 12003805,
        "open_level": 20,
        "open_instance": 0,
        "open_licence": 0,
        "des": "使用体力",
        "tips": -1,
        "sort": "1",
        "week_path": "ui_acitivity_weekmission_WordsShiTiLi_png"
    },
    "120005": {
        "index": 120005,
        "type": 12,
        "sub_type": 5,
        "start_id": 12000501,
        "end_id": 12000505,
        "open_level": 20,
        "open_instance": 0,
        "open_licence": 0,
        "des": "购买体力次数",
        "tips": -1,
        "sort": "2",
        "week_path": "ui_acitivity_weekmission_WordsMaiTiLi_png"
    },
    "120062": {
        "index": 120062,
        "type": 12,
        "sub_type": 62,
        "start_id": 12006201,
        "end_id": 12006205,
        "open_level": 20,
        "open_instance": 0,
        "open_licence": 0,
        "des": "探索任务次数",
        "tips": -1,
        "sort": "3",
        "week_path": "ui_acitivity_weekmission_WordsTanSuo_png"
    },
    "120018": {
        "index": 120018,
        "type": 12,
        "sub_type": 18,
        "start_id": 12001801,
        "end_id": 12001805,
        "open_level": 20,
        "open_instance": 0,
        "open_licence": 0,
        "des": "使用金币",
        "tips": -1,
        "sort": "1",
        "week_path": "ui_acitivity_weekmission_WordsShiJinBi_png"
    },
    "120037": {
        "index": 120037,
        "type": 12,
        "sub_type": 37,
        "start_id": 12003701,
        "end_id": 12003705,
        "open_level": 20,
        "open_instance": 0,
        "open_licence": 0,
        "des": "购买金币次数",
        "tips": -1,
        "sort": "2",
        "week_path": "ui_acitivity_weekmission_WordsMaiJinBi_png"
    },
    "120078": {
        "index": 120078,
        "type": 12,
        "sub_type": 78,
        "start_id": 12007801,
        "end_id": 12007805,
        "open_level": 20,
        "open_instance": 0,
        "open_licence": 0,
        "des": "酒馆次数",
        "tips": -1,
        "sort": "3",
        "week_path": "ui_acitivity_weekmission_WordsZhuaWaWa_png"
    },
    "120095": {
        "index": 120095,
        "type": 12,
        "sub_type": 95,
        "start_id": 12009501,
        "end_id": 12009505,
        "open_level": 20,
        "open_instance": 0,
        "open_licence": 0,
        "des": "猎人升星",
        "tips": -1,
        "sort": "1",
        "week_path": "ui_acitivity_weekmission_WordsShengXing_png"
    },
    "120014": {
        "index": 120014,
        "type": 12,
        "sub_type": 14,
        "start_id": 12001401,
        "end_id": 12001405,
        "open_level": 20,
        "open_instance": 0,
        "open_licence": 0,
        "des": "猎人觉醒",
        "tips": -1,
        "sort": "2",
        "week_path": "ui_acitivity_weekmission_WordsJueXing_png"
    },
    "120102": {
        "index": 120102,
        "type": 12,
        "sub_type": 102,
        "start_id": 12010201,
        "end_id": 12010205,
        "open_level": 20,
        "open_instance": 0,
        "open_licence": 0,
        "des": "S级探索任务",
        "tips": -1,
        "sort": "3",
        "week_path": "ui_acitivity_weekmission_WordsDiaoYu_png"
    },
    "120094": {
        "index": 120094,
        "type": 12,
        "sub_type": 94,
        "start_id": 12009401,
        "end_id": 12009405,
        "open_level": 20,
        "open_instance": 0,
        "open_licence": 0,
        "des": "使用晶石",
        "tips": -1,
        "sort": "1",
        "week_path": "ui_acitivity_weekmission_WordsShiJingShi_png"
    },
    "120089": {
        "index": 120089,
        "type": 12,
        "sub_type": 89,
        "start_id": 12008901,
        "end_id": 12008905,
        "open_level": 20,
        "open_instance": 0,
        "open_licence": 0,
        "des": "强化藏品",
        "tips": -1,
        "sort": "2",
        "week_path": "ui_acitivity_weekmission_WordsShouCang_png"
    },
    "130002": {
        "index": 130002,
        "type": 13,
        "sub_type": 2,
        "start_id": 13000201,
        "end_id": 13000205,
        "open_level": 0,
        "open_instance": 0,
        "open_licence": 7,
        "des": "普通副本进度",
        "tips": -1,
        "sort": "1",
        "week_path": ""
    },
    "130097": {
        "index": 130097,
        "type": 13,
        "sub_type": 97,
        "start_id": 13009701,
        "end_id": 13009705,
        "open_level": 0,
        "open_instance": 0,
        "open_licence": 7,
        "des": "遗迹副本伤害",
        "tips": -1,
        "sort": "2",
        "week_path": ""
    },
    "130025": {
        "index": 130025,
        "type": 13,
        "sub_type": 25,
        "start_id": 13002501,
        "end_id": 13002505,
        "open_level": 18,
        "open_instance": 0,
        "open_licence": 7,
        "des": "高级塔进度",
        "tips": -1,
        "sort": "3",
        "week_path": ""
    },
    "130069": {
        "index": 130069,
        "type": 13,
        "sub_type": 69,
        "start_id": 13006901,
        "end_id": 13006905,
        "open_level": 20,
        "open_instance": 0,
        "open_licence": 7,
        "des": "流星街",
        "tips": -1,
        "sort": "4",
        "week_path": ""
    },
    "140095": {
        "index": 140095,
        "type": 14,
        "sub_type": 95,
        "start_id": 14009501,
        "end_id": 14009503,
        "open_level": 0,
        "open_instance": 0,
        "open_licence": 0,
        "des": "通行证周任务--升星",
        "tips": -1,
        "sort": "",
        "week_path": ""
    },
    "140079": {
        "index": 140079,
        "type": 14,
        "sub_type": 79,
        "start_id": 14007901,
        "end_id": 14007903,
        "open_level": 0,
        "open_instance": 0,
        "open_licence": 0,
        "des": "通行证周任务--获得红卡",
        "tips": -1,
        "sort": "",
        "week_path": ""
    },
    "140038": {
        "index": 140038,
        "type": 14,
        "sub_type": 38,
        "start_id": 14003801,
        "end_id": 14003803,
        "open_level": 0,
        "open_instance": 0,
        "open_licence": 0,
        "des": "通行证周任务--消耗体力",
        "tips": -1,
        "sort": "",
        "week_path": ""
    },
    "140099": {
        "index": 140099,
        "type": 14,
        "sub_type": 99,
        "start_id": 14009901,
        "end_id": 14009903,
        "open_level": 0,
        "open_instance": 0,
        "open_licence": 0,
        "des": "通行证周任务--红色工作",
        "tips": -1,
        "sort": "",
        "week_path": ""
    },
    "150095": {
        "index": 150095,
        "type": 15,
        "sub_type": 95,
        "start_id": 15009501,
        "end_id": 15009503,
        "open_level": 0,
        "open_instance": 0,
        "open_licence": 0,
        "des": "通行证月任务--升星",
        "tips": -1,
        "sort": "",
        "week_path": ""
    },
    "150079": {
        "index": 150079,
        "type": 15,
        "sub_type": 79,
        "start_id": 15007901,
        "end_id": 15007903,
        "open_level": 0,
        "open_instance": 0,
        "open_licence": 0,
        "des": "通行证月任务--获得红卡",
        "tips": -1,
        "sort": "",
        "week_path": ""
    },
    "150038": {
        "index": 150038,
        "type": 15,
        "sub_type": 38,
        "start_id": 15003801,
        "end_id": 15003803,
        "open_level": 0,
        "open_instance": 0,
        "open_licence": 0,
        "des": "通行证月任务--消耗体力",
        "tips": -1,
        "sort": "",
        "week_path": ""
    },
    "150099": {
        "index": 150099,
        "type": 15,
        "sub_type": 99,
        "start_id": 15009901,
        "end_id": 15009903,
        "open_level": 0,
        "open_instance": 0,
        "open_licence": 0,
        "des": "通行证月任务--红色工作",
        "tips": -1,
        "sort": "",
        "week_path": ""
    }}