{
    "1": {
        "index": 1,
        "jade_pos": "剑柄",
        "hole_type": 1,
        "open_level": 50,
        "jade_type": [2,6],
        "jade_tip": "<text>剑柄只可镶嵌</text><color>r=255,g=255,b=0</color><text>生命</text><text>和</text><color>r=255,g=255,b=0</color><text>命中</text><text>玉石</text>"
    },
    "2": {
        "index": 2,
        "jade_pos": "剑柄",
        "hole_type": 1,
        "open_level": 55,
        "jade_type": [2,6],
        "jade_tip": "<text>剑柄只可镶嵌</text><color>r=255,g=255,b=0</color><text>生命</text><text>和</text><color>r=255,g=255,b=0</color><text>命中</text><text>玉石</text>"
    },
    "3": {
        "index": 3,
        "jade_pos": "剑脊",
        "hole_type": 1,
        "open_level": 50,
        "jade_type": [3,5],
        "jade_tip": "<text>剑脊只可镶嵌</text><color>r=255,g=255,b=0</color><text>防御</text><text>和</text><color>r=255,g=255,b=0</color><text>闪避</text><text>玉石</text>"
    },
    "4": {
        "index": 4,
        "jade_pos": "剑脊",
        "hole_type": 1,
        "open_level": 60,
        "jade_type": [3,5],
        "jade_tip": "<text>剑脊只可镶嵌</text><color>r=255,g=255,b=0</color><text>防御</text><text>和</text><color>r=255,g=255,b=0</color><text>闪避</text><text>玉石</text>"
    },
    "5": {
        "index": 5,
        "jade_pos": "剑锋",
        "hole_type": 1,
        "open_level": 50,
        "jade_type": [1,4],
        "jade_tip": "<text>剑锋只可镶嵌</text><color>r=255,g=255,b=0</color><text>攻击</text><text>和</text><color>r=255,g=255,b=0</color><text>暴击</text><text>玉石</text>"
    },
    "6": {
        "index": 6,
        "jade_pos": "剑锋",
        "hole_type": 1,
        "open_level": 65,
        "jade_type": [1,4],
        "jade_tip": "<text>剑锋只可镶嵌</text><color>r=255,g=255,b=0</color><text>攻击</text><text>和</text><color>r=255,g=255,b=0</color><text>暴击</text><text>玉石</text>"
    },
    "101": {
        "index": 101,
        "jade_pos": "左上",
        "hole_type": 2,
        "open_level": 50,
        "jade_type": [2,6],
        "jade_tip": "<text>左上只可镶嵌</text><color>r=255,g=255,b=0</color><text>生命</text><text>和</text><color>r=255,g=255,b=0</color><text>命中</text><text>玉石</text>"
    },
    "102": {
        "index": 102,
        "jade_pos": "右上",
        "hole_type": 2,
        "open_level": 55,
        "jade_type": [2,6],
        "jade_tip": "<text>右上只可镶嵌</text><color>r=255,g=255,b=0</color><text>生命</text><text>和</text><color>r=255,g=255,b=0</color><text>命中</text><text>玉石</text>"
    },
    "103": {
        "index": 103,
        "jade_pos": "左中",
        "hole_type": 2,
        "open_level": 50,
        "jade_type": [3,5],
        "jade_tip": "<text>左中只可镶嵌</text><color>r=255,g=255,b=0</color><text>防御</text><text>和</text><color>r=255,g=255,b=0</color><text>闪避</text><text>玉石</text>"
    },
    "104": {
        "index": 104,
        "jade_pos": "右中",
        "hole_type": 2,
        "open_level": 60,
        "jade_type": [3,5],
        "jade_tip": "<text>右中只可镶嵌</text><color>r=255,g=255,b=0</color><text>防御</text><text>和</text><color>r=255,g=255,b=0</color><text>闪避</text><text>玉石</text>"
    },
    "105": {
        "index": 105,
        "jade_pos": "左下",
        "hole_type": 2,
        "open_level": 50,
        "jade_type": [1,4],
        "jade_tip": "<text>左下只可镶嵌</text><color>r=255,g=255,b=0</color><text>攻击</text><text>和</text><color>r=255,g=255,b=0</color><text>暴击</text><text>玉石</text>"
    },
    "106": {
        "index": 106,
        "jade_pos": "右下",
        "hole_type": 2,
        "open_level": 65,
        "jade_type": [1,4],
        "jade_tip": "<text>右下只可镶嵌</text><color>r=255,g=255,b=0</color><text>攻击</text><text>和</text><color>r=255,g=255,b=0</color><text>暴击</text><text>玉石</text>"
    }}
