{
    "1": {
        "type": 1,
        "name": "酷拉皮卡",
        "open_level": 30,
        "instance_pack": [1,2,3,4,5,6,7,8,9,10,11,12,13,14,15,16,17,18,19,20,21,22,23,24,25,26,27,28,29,30,31,32,33,34,35,36,37,38,39,40],
        "star_zone": [10,25,45,65,90,120],
        "star_reward_good": [20020,0,20002,0,20009,0],
        "star_reward_count": [1,0,200,0,3,0],
        "star_reward_score": [0,50,0,100,0,300],
        "star_rewards": [[20020,1],[204001,50],[20002,200],[204001,100],[20009,3],[204001,300]],
        "exchange_reduce_score": [80,50,150,200,20,100,200,100],
        "exchange_get_goods": [[37028,1],[20023,1],[10058,1],[20020,1],[20001,10000],[30452,1],[30453,1],[30506,1]],
        "exchange_count": [30,10,5,5,50,3,3,5],
        "extra_general": [[10062],[10034,10040]],
        "extra_score": [20,10],
        "extra_goods": [[20001],[20001]],
        "extra_percent": [[20],[10]],
        "extra_reward1": [[20001,20],[204001,20]],
        "extra_reward2": [[20001,10],[204001,10]],
        "instance_normal": [1,2,3,4,5,6,7,8,9,10,11,12,13,14,15,16,17,18,19,20],
        "instance_elite": [21,22,23,24,25,26,27,28,29,30,31,32,33,34,35,36,37,38,39,40],
        "instance_button": ["ui_storyinstance_ButtonInstanceKulapikaNor_png","ui_storyinstance_ButtonInstanceKulapikaSel_png","ui_storyinstance_ButtonInstanceKulapikaSel_png"],
        "instance_bg": "ui_storyinstance_LayerBGMain_png",
        "instance_half": "ui_storyinstance_RoleKulapika_png",
        "instance_Title": "ui_storyinstance_TitleInstanceKulapika_png",
        "act_coin": 204001
    },
    "2": {
        "type": 2,
        "name": "库洛洛",
        "open_level": 30,
        "instance_pack": [41,42,43,44,45,46,47,48,49,50,51,52,53,54,55,56,57,58,59,60,61,62,63,64,65,66,67,68,69,70],
        "star_zone": [10,20,35,50,70,90],
        "star_reward_good": [20020,0,20002,0,20009,0],
        "star_reward_count": [1,0,200,0,3,0],
        "star_reward_score": [0,50,0,100,0,300],
        "star_rewards": [[20020,1],[204002,50],[20002,200],[204002,100],[20009,3],[204002,300]],
        "exchange_reduce_score": [70,70,200,50,150,200,20,100,200,100],
        "exchange_get_goods": [[39302,1],[39303,1],[37017,1],[20023,1],[10058,1],[20020,1],[20001,10000],[30452,1],[30453,1],[30506,1]],
        "exchange_count": [60,60,3,10,5,5,50,3,3,5],
        "extra_general": [[10017],[10028,10026]],
        "extra_score": [20,10],
        "extra_goods": [[20001],[20001]],
        "extra_percent": [[20],[10]],
        "extra_reward1": [[20001,20],[204002,20]],
        "extra_reward2": [[20001,10],[204002,10]],
        "instance_normal": [41,42,43,44,45,46,47,48,49,50,51,52,53,54,55],
        "instance_elite": [56,57,58,59,60,61,62,63,64,65,66,67,68,69,70],
        "instance_button": ["ui_storyinstance_ButtonInstanceKuluoluoNor_png","ui_storyinstance_ButtonInstanceKuluoluoSel_png","ui_storyinstance_ButtonInstanceKuluoluoSel_png"],
        "instance_bg": "ui_storyinstance_LayerBGMain1_png",
        "instance_half": "ui_storyinstance_RoleKuluoluo_png",
        "instance_Title": "ui_storyinstance_TitleInstanceKuluoluo_png",
        "act_coin": 204002
    },
    "3": {
        "type": 3,
        "name": "康宰",
        "open_level": 30,
        "instance_pack": [71,72,73,74,75,76,77,78,79,80,81,82,83,84,85,86,87,88,89,90,91,92,93,94,95,96,97,98,99,100],
        "star_zone": [10,20,35,50,70,90],
        "star_reward_good": [20020,0,20002,0,20009,0],
        "star_reward_count": [1,0,200,0,3,0],
        "star_reward_score": [0,50,0,100,0,300],
        "star_rewards": [[20020,1],[204003,50],[20002,200],[204003,100],[20009,3],[204003,300]],
        "exchange_reduce_score": [70,70,200,50,150,200,20,100,200,100],
        "exchange_get_goods": [[39302,1],[39304,1],[37061,1],[20023,1],[10058,1],[20020,1],[20001,10000],[30452,1],[30453,1],[30506,1]],
        "exchange_count": [60,60,3,10,5,5,50,3,3,5],
        "extra_general": [[10075],[10073,10014]],
        "extra_score": [20,10],
        "extra_goods": [[20001],[20001]],
        "extra_percent": [[20],[10]],
        "extra_reward1": [[20001,20],[204003,20]],
        "extra_reward2": [[20001,10],[204003,10]],
        "instance_normal": [71,72,73,74,75,76,77,78,79,80,81,82,83,84,85],
        "instance_elite": [86,87,88,89,90,91,92,93,94,95,96,97,98,99,100],
        "instance_button": ["ui_storyinstance_ButtonInstanceKangzaiNor_png","ui_storyinstance_ButtonInstanceKangzaiSel_png","ui_storyinstance_ButtonInstanceKangzaiSel_png"],
        "instance_bg": "ui_storyinstance_LayerBGMain2_png",
        "instance_half": "ui_storyinstance_RoleKangzai_png",
        "instance_Title": "ui_storyinstance_TitleInstancekangzai_png",
        "act_coin": 204003
    },
    "4": {
        "type": 4,
        "name": "皮约恩",
        "open_level": 30,
        "instance_pack": [101,102,103,104,105,106,107,108,109,110,111,112,113,114,115,116,117,118,119,120,121,122,123,124,125,126,127,128,129,130],
        "star_zone": [10,20,35,50,70,90],
        "star_reward_good": [20020,0,20002,0,20009,0],
        "star_reward_count": [1,0,200,0,3,0],
        "star_reward_score": [0,50,0,100,0,300],
        "star_rewards": [[20020,1],[204004,50],[20002,200],[204004,100],[20009,3],[204004,300]],
        "exchange_reduce_score": [70,70,200,50,150,200,20,100,200,100],
        "exchange_get_goods": [[39302,1],[39305,1],[37062,1],[20023,1],[10058,1],[20020,1],[20001,10000],[30452,1],[30453,1],[30506,1]],
        "exchange_count": [60,60,3,10,5,5,50,3,3,5],
        "extra_general": [[10076],[10035,10029]],
        "extra_score": [20,10],
        "extra_goods": [[20001],[20001]],
        "extra_percent": [[20],[10]],
        "extra_reward1": [[20001,20],[204004,20]],
        "extra_reward2": [[20001,10],[204004,10]],
        "instance_normal": [101,102,103,104,105,106,107,108,109,110,111,112,113,114,115],
        "instance_elite": [116,117,118,119,120,121,122,123,124,125,126,127,128,129,130],
        "instance_button": ["ui_storyinstance_ButtonInstancePiYueEnNor_png","ui_storyinstance_ButtonInstancePiYueEnSel_png","ui_storyinstance_ButtonInstancePiYueEnSel_png"],
        "instance_bg": "ui_storyinstance_LayerBGMain3_png",
        "instance_half": "ui_storyinstance_RolePiyueen_png",
        "instance_Title": "ui_storyinstance_TitleInstancepiyueen_png",
        "act_coin": 204004
    },
    "5": {
        "type": 5,
        "name": "帕里斯通",
        "open_level": 30,
        "instance_pack": [131,132,133,134,135,136,137,138,139,140,141,142,143,144,145,146,147,148,149,150,151,152,153,154,155,156,157,158,159,160],
        "star_zone": [10,20,35,50,70,90],
        "star_reward_good": [20020,0,20002,0,20009,0],
        "star_reward_count": [1,0,200,0,3,0],
        "star_reward_score": [0,50,0,100,0,300],
        "star_rewards": [[20020,1],[204005,50],[20002,200],[204005,100],[20009,3],[204005,300]],
        "exchange_reduce_score": [70,70,200,50,150,200,20,100,200,100],
        "exchange_get_goods": [[39302,1],[39306,1],[37059,1],[20023,1],[10058,1],[20020,1],[20001,10000],[30452,1],[30453,1],[30506,1]],
        "exchange_count": [60,60,3,10,5,5,50,3,3,5],
        "extra_general": [[10072],[10075,10003]],
        "extra_score": [20,10],
        "extra_goods": [[20001],[20001]],
        "extra_percent": [[20],[10]],
        "extra_reward1": [[20001,20],[204005,20]],
        "extra_reward2": [[20001,10],[204005,10]],
        "instance_normal": [131,132,133,134,135,136,137,138,139,140,141,142,143,144,145],
        "instance_elite": [146,147,148,149,150,151,152,153,154,155,156,157,158,159,160],
        "instance_button": ["ui_storyinstance_ButtonInstancePaLiSiTongNor_png","ui_storyinstance_ButtonInstancePaLiSiTongSel_png","ui_storyinstance_ButtonInstancePaLiSiTongSel_png"],
        "instance_bg": "ui_storyinstance_LayerBGMain4_png",
        "instance_half": "ui_storyinstance_RolePalisitong_png",
        "instance_Title": "ui_storyinstance_TitleInstancepalisitong_png",
        "act_coin": 204005
    },
    "6": {
        "type": 6,
        "name": "王",
        "open_level": 30,
        "instance_pack": [161,162,163,164,165,166,167,168,169,170,171,172,173,174,175,176,177,178,179,180,181,182,183,184,185,186,187,188,189,190],
        "star_zone": [10,20,35,50,70,90],
        "star_reward_good": [20020,0,20002,0,20009,0],
        "star_reward_count": [1,0,200,0,3,0],
        "star_reward_score": [0,50,0,100,0,300],
        "star_rewards": [[20020,1],[204006,50],[20002,200],[204006,100],[20009,3],[204006,300]],
        "exchange_reduce_score": [70,70,200,50,150,200,20,100,200,100],
        "exchange_get_goods": [[39302,1],[39307,1],[37012,1],[20023,1],[10058,1],[20020,1],[20001,10000],[30452,1],[30453,1],[30506,1]],
        "exchange_count": [60,60,3,10,5,5,50,3,3,5],
        "extra_general": [[10043],[10056,10030]],
        "extra_score": [20,10],
        "extra_goods": [[20001],[20001]],
        "extra_percent": [[20],[10]],
        "extra_reward1": [[20001,20],[204006,20]],
        "extra_reward2": [[20001,10],[204006,10]],
        "instance_normal": [161,162,163,164,165,166,167,168,169,170,171,172,173,174,175],
        "instance_elite": [176,177,178,179,180,181,182,183,184,185,186,187,188,189,190],
        "instance_button": ["ui_storyinstance_ButtonInstanceWangNor_png","ui_storyinstance_ButtonInstanceWangSel_png","ui_storyinstance_ButtonInstanceWangSel_png"],
        "instance_bg": "ui_storyinstance_LayerBGMain5_png",
        "instance_half": "ui_storyinstance_RoleWang_png",
        "instance_Title": "ui_storyinstance_TitleInstancewang_png",
        "act_coin": 204006
    },
    "7": {
        "type": 7,
        "name": "尼飞彼多",
        "open_level": 30,
        "instance_pack": [191,192,193,194,195,196,197,198,199,200,201,202,203,204,205,206,207,208,209,210,211,212,213,214,215,216,217,218,219,220],
        "star_zone": [10,20,35,50,70,90],
        "star_reward_good": [20020,0,20002,0,20009,0],
        "star_reward_count": [1,0,200,0,3,0],
        "star_reward_score": [0,50,0,100,0,300],
        "star_rewards": [[20020,1],[204007,50],[20002,200],[204007,100],[20009,3],[204007,300]],
        "exchange_reduce_score": [70,70,200,50,150,200,20,100,200,100],
        "exchange_get_goods": [[39302,1],[39308,1],[37006,1],[20023,1],[10058,1],[20020,1],[20001,10000],[30452,1],[30453,1],[30506,1]],
        "exchange_count": [60,60,3,10,5,5,50,3,3,5],
        "extra_general": [[10042],[10064,10005]],
        "extra_score": [20,10],
        "extra_goods": [[20001],[20001]],
        "extra_percent": [[20],[10]],
        "extra_reward1": [[20001,20],[204007,20]],
        "extra_reward2": [[20001,10],[204007,10]],
        "instance_normal": [191,192,193,194,195,196,197,198,199,200,201,202,203,204,205],
        "instance_elite": [206,207,208,209,210,211,212,213,214,215,216,217,218,219,220],
        "instance_button": ["ui_storyinstance_ButtonInstancenifeibiduoNor_png","ui_storyinstance_ButtonInstancenifeibiduoSel_png","ui_storyinstance_ButtonInstancenifeibiduoSel_png"],
        "instance_bg": "ui_storyinstance_LayerBGMain6_png",
        "instance_half": "ui_storyinstance_RoleNifeibiduo_png",
        "instance_Title": "ui_storyinstance_TitleInstancenifeibiduo_png",
        "act_coin": 204007
    }}
