{
    "1": {
        "id": 1,
        "score": 20,
        "reward_goods": [[20001,3000],[30002,1]],
        "path": "ui_daily_IconActvityAwardA_png"
    },
    "2": {
        "id": 2,
        "score": 40,
        "reward_goods": [[20001,5000],[20003,25],[30002,2]],
        "path": "ui_daily_IconActvityAwardA_png"
    },
    "3": {
        "id": 3,
        "score": 60,
        "reward_goods": [[20001,5000],[20003,25],[20002,20]],
        "path": "ui_daily_IconActvityAwardA_png"
    },
    "4": {
        "id": 4,
        "score": 80,
        "reward_goods": [[20001,10000],[20003,50],[30003,1]],
        "path": "ui_daily_IconActvityAwardA_png"
    },
    "5": {
        "id": 5,
        "score": 100,
        "reward_goods": [[20001,10000],[20015,3],[20002,50]],
        "path": "ui_daily_IconActvityAwardB_png"
    }}
