{
    "1": {
        "index": 1,
        "vip_level": 0,
        "reward_goods": [20002,20002,20002],
        "reward_count": [50,40,30],
        "rand_power": [10,10,10],
        "rand_count": [1],
        "show_type": [1,0,0]
    },
    "2": {
        "index": 2,
        "vip_level": 0,
        "reward_goods": [20002,20002,20002],
        "reward_count": [50,40,30],
        "rand_power": [10,10,10],
        "rand_count": [1],
        "show_type": [1,0,0]
    },
    "3": {
        "index": 3,
        "vip_level": 0,
        "reward_goods": [20002,20002,20002],
        "reward_count": [50,40,30],
        "rand_power": [10,10,10],
        "rand_count": [1],
        "show_type": [1,0,0]
    },
    "4": {
        "index": 4,
        "vip_level": 0,
        "reward_goods": [20002,20002,20002],
        "reward_count": [50,40,30],
        "rand_power": [10,10,10],
        "rand_count": [1],
        "show_type": [1,0,0]
    },
    "5": {
        "index": 5,
        "vip_level": 0,
        "reward_goods": [20002,20002,20002],
        "reward_count": [50,40,30],
        "rand_power": [10,10,10],
        "rand_count": [1],
        "show_type": [1,0,0]
    }}
