{
    "1": {
        "fish_id": 1,
        "fish_name": "青石斑",
        "fish_quality": 1,
        "rand_power": 100,
        "fishing_duration": 180,
        "rand_items": [30001],
        "image_title": "ui_fishing_WordsFishingName1_png",
        "fish_image": "ui_fishing_fish1_png",
        "fish_ani": 135,
        "image_board": "ui_fishing_FrameFishing1_png"
    },
    "2": {
        "fish_id": 2,
        "fish_name": "犬牙斑",
        "fish_quality": 2,
        "rand_power": 80,
        "fishing_duration": 300,
        "rand_items": [30002],
        "image_title": "ui_fishing_WordsFishingName2_png",
        "fish_image": "ui_fishing_fish2_png",
        "fish_ani": 136,
        "image_board": "ui_fishing_FrameFishing2_png"
    },
    "3": {
        "fish_id": 3,
        "fish_name": "老虎斑",
        "fish_quality": 3,
        "rand_power": 60,
        "fishing_duration": 480,
        "rand_items": [30003],
        "image_title": "ui_fishing_WordsFishingName3_png",
        "fish_image": "ui_fishing_fish3_png",
        "fish_ani": 137,
        "image_board": "ui_fishing_FrameFishing3_png"
    },
    "4": {
        "fish_id": 4,
        "fish_name": "沼泽之王",
        "fish_quality": 4,
        "rand_power": 45,
        "fishing_duration": 600,
        "rand_items": [30004],
        "image_title": "ui_fishing_WordsFishingName4_png",
        "fish_image": "ui_fishing_fish4_png",
        "fish_ani": 138,
        "image_board": "ui_fishing_FrameFishing4_png"
    }}
