{
    "70001": {
        "id": 70001,
        "name": "三毛圣诞帽（15天）",
        "quality": 4,
        "price": 0,
        "drop_count": 0,
        "drop_time": 5,
        "overdue_time": 1296000,
        "pet_id": 1,
        "path": "skill_pet_hat_pet1_png",
        "extra": "",
        "des": "三毛的专属圣诞帽，戴上后到贪婪之岛玩耍可是非常拉风呢~获得同款装扮时重置持续时间。"
    },
    "70002": {
        "id": 70002,
        "name": "小狐熊圣诞帽（15天）",
        "quality": 4,
        "price": 0,
        "drop_count": 0,
        "drop_time": 5,
        "overdue_time": 1296000,
        "pet_id": 2,
        "path": "skill_pet_hat_pet2_png",
        "extra": "",
        "des": "小狐熊的专属圣诞帽，戴上后到贪婪之岛玩耍可是非常拉风呢~获得同款装扮时重置持续时间。"
    },
    "70003": {
        "id": 70003,
        "name": "泡泡马圣诞帽（15天）",
        "quality": 4,
        "price": 0,
        "drop_count": 0,
        "drop_time": 5,
        "overdue_time": 1296000,
        "pet_id": 3,
        "path": "skill_pet_hat_pet3_png",
        "extra": "",
        "des": "泡泡马的专属圣诞帽，戴上后到贪婪之岛玩耍可是非常拉风呢~获得同款装扮时重置持续时间。"
    },
    "70004": {
        "id": 70004,
        "name": "遥控老鼠圣诞帽（15天）",
        "quality": 4,
        "price": 0,
        "drop_count": 0,
        "drop_time": 5,
        "overdue_time": 1296000,
        "pet_id": 4,
        "path": "skill_pet_hat_pet4_png",
        "extra": "",
        "des": "遥控老鼠的专属圣诞帽，戴上后到贪婪之岛玩耍可是非常拉风呢~获得同款装扮时重置持续时间。"
    },
    "70005": {
        "id": 70005,
        "name": "魔狐圣诞帽（15天）",
        "quality": 4,
        "price": 0,
        "drop_count": 0,
        "drop_time": 5,
        "overdue_time": 1296000,
        "pet_id": 5,
        "path": "skill_pet_hat_pet5_png",
        "extra": "",
        "des": "魔狐的专属圣诞帽，戴上后到贪婪之岛玩耍可是非常拉风呢~获得同款装扮时重置持续时间。"
    },
    "70007": {
        "id": 70007,
        "name": "太阳罗盘圣诞帽（15天）",
        "quality": 4,
        "price": 0,
        "drop_count": 0,
        "drop_time": 5,
        "overdue_time": 1296000,
        "pet_id": 7,
        "path": "skill_pet_hat_pet7_png",
        "extra": "",
        "des": "太阳罗盘的专属圣诞帽，戴上后到贪婪之岛玩耍可是非常拉风呢~获得同款装扮时重置持续时间。"
    },
    "70101": {
        "id": 70101,
        "name": "三毛圣诞帽（永久）",
        "quality": 5,
        "price": 0,
        "drop_count": 0,
        "drop_time": 5,
        "overdue_time": 999999999,
        "pet_id": 1,
        "path": "skill_pet_hat_pet1_png",
        "extra": "",
        "des": "三毛的专属圣诞帽，戴上后到贪婪之岛玩耍可是非常拉风呢~获得后永久有效。"
    },
    "70102": {
        "id": 70102,
        "name": "小狐熊圣诞帽（永久）",
        "quality": 5,
        "price": 0,
        "drop_count": 0,
        "drop_time": 5,
        "overdue_time": 999999999,
        "pet_id": 2,
        "path": "skill_pet_hat_pet2_png",
        "extra": "",
        "des": "小狐熊的专属圣诞帽，戴上后到贪婪之岛玩耍可是非常拉风呢~获得后永久有效。"
    },
    "70103": {
        "id": 70103,
        "name": "泡泡马圣诞帽（永久）",
        "quality": 5,
        "price": 0,
        "drop_count": 0,
        "drop_time": 5,
        "overdue_time": 999999999,
        "pet_id": 3,
        "path": "skill_pet_hat_pet3_png",
        "extra": "",
        "des": "泡泡马的专属圣诞帽，戴上后到贪婪之岛玩耍可是非常拉风呢~获得后永久有效。"
    },
    "70104": {
        "id": 70104,
        "name": "遥控老鼠圣诞帽（永久）",
        "quality": 5,
        "price": 0,
        "drop_count": 0,
        "drop_time": 5,
        "overdue_time": 999999999,
        "pet_id": 4,
        "path": "skill_pet_hat_pet4_png",
        "extra": "",
        "des": "遥控老鼠的专属圣诞帽，戴上后到贪婪之岛玩耍可是非常拉风呢~获得后永久有效。"
    },
    "70105": {
        "id": 70105,
        "name": "魔狐圣诞帽（永久）",
        "quality": 5,
        "price": 0,
        "drop_count": 0,
        "drop_time": 5,
        "overdue_time": 999999999,
        "pet_id": 5,
        "path": "skill_pet_hat_pet5_png",
        "extra": "",
        "des": "魔狐的专属圣诞帽，戴上后到贪婪之岛玩耍可是非常拉风呢~获得后永久有效。"
    },
    "70107": {
        "id": 70107,
        "name": "太阳罗盘圣诞帽（永久）",
        "quality": 5,
        "price": 0,
        "drop_count": 0,
        "drop_time": 5,
        "overdue_time": 999999999,
        "pet_id": 7,
        "path": "skill_pet_hat_pet7_png",
        "extra": "",
        "des": "太阳罗盘的专属圣诞帽，戴上后到贪婪之岛玩耍可是非常拉风呢~获得后永久有效。"
    },
    "70201": {
        "id": 70201,
        "name": "三毛圣诞帽（临时）",
        "quality": 5,
        "price": 0,
        "drop_count": 0,
        "drop_time": 5,
        "overdue_time": 180,
        "pet_id": 1,
        "path": "skill_pet_hat_pet1_png",
        "extra": "",
        "des": "三毛的专属圣诞帽，戴上后到贪婪之岛玩耍可是非常拉风呢~"
    },
    "70202": {
        "id": 70202,
        "name": "小狐熊圣诞帽（临时）",
        "quality": 5,
        "price": 0,
        "drop_count": 0,
        "drop_time": 5,
        "overdue_time": 180,
        "pet_id": 2,
        "path": "skill_pet_hat_pet2_png",
        "extra": "",
        "des": "小狐熊的专属圣诞帽，戴上后到贪婪之岛玩耍可是非常拉风呢~"
    },
    "70203": {
        "id": 70203,
        "name": "泡泡马圣诞帽（临时）",
        "quality": 5,
        "price": 0,
        "drop_count": 0,
        "drop_time": 5,
        "overdue_time": 180,
        "pet_id": 3,
        "path": "skill_pet_hat_pet3_png",
        "extra": "",
        "des": "泡泡马的专属圣诞帽，戴上后到贪婪之岛玩耍可是非常拉风呢~"
    },
    "70204": {
        "id": 70204,
        "name": "遥控老鼠圣诞帽（临时）",
        "quality": 5,
        "price": 0,
        "drop_count": 0,
        "drop_time": 5,
        "overdue_time": 180,
        "pet_id": 4,
        "path": "skill_pet_hat_pet4_png",
        "extra": "",
        "des": "遥控老鼠的专属圣诞帽，戴上后到贪婪之岛玩耍可是非常拉风呢~"
    },
    "70205": {
        "id": 70205,
        "name": "魔狐圣诞帽（临时）",
        "quality": 5,
        "price": 0,
        "drop_count": 0,
        "drop_time": 5,
        "overdue_time": 180,
        "pet_id": 5,
        "path": "skill_pet_hat_pet5_png",
        "extra": "",
        "des": "魔狐的专属圣诞帽，戴上后到贪婪之岛玩耍可是非常拉风呢~"
    },
    "70207": {
        "id": 70207,
        "name": "太阳罗盘圣诞帽（临时）",
        "quality": 5,
        "price": 0,
        "drop_count": 0,
        "drop_time": 5,
        "overdue_time": 180,
        "pet_id": 7,
        "path": "skill_pet_hat_pet7_png",
        "extra": "",
        "des": "太阳罗盘的专属圣诞帽，戴上后到贪婪之岛玩耍可是非常拉风呢~"
    }}
