{
    "1": {
        "id": 1,
        "bosslevel_min": 0,
        "bosslevel_max": 200,
        "rank_min": 0,
        "rank_max": 1,
        "reward_goods": [20002,20001,130101],
        "reward_count": [200,150000,2]
    },
    "2": {
        "id": 2,
        "bosslevel_min": 0,
        "bosslevel_max": 200,
        "rank_min": 1,
        "rank_max": 3,
        "reward_goods": [20002,20001,130101],
        "reward_count": [150,100000,1]
    },
    "3": {
        "id": 3,
        "bosslevel_min": 0,
        "bosslevel_max": 200,
        "rank_min": 3,
        "rank_max": 10,
        "reward_goods": [20002,20001,130102],
        "reward_count": [100,80000,3]
    },
    "4": {
        "id": 4,
        "bosslevel_min": 0,
        "bosslevel_max": 200,
        "rank_min": 10,
        "rank_max": 20,
        "reward_goods": [20002,20001,130102],
        "reward_count": [75,60000,2]
    },
    "5": {
        "id": 5,
        "bosslevel_min": 0,
        "bosslevel_max": 200,
        "rank_min": 20,
        "rank_max": 50,
        "reward_goods": [20002,20001,130102],
        "reward_count": [50,50000,1]
    },
    "6": {
        "id": 6,
        "bosslevel_min": 0,
        "bosslevel_max": 200,
        "rank_min": 50,
        "rank_max": 100,
        "reward_goods": [20002,20001,130102],
        "reward_count": [40,30000,1]
    },
    "7": {
        "id": 7,
        "bosslevel_min": 0,
        "bosslevel_max": 200,
        "rank_min": 100,
        "rank_max": 1000,
        "reward_goods": [20002,20001],
        "reward_count": [30,10000]
    }}
