{
    "10001": {
        "type": 10001,
        "name": "收藏有礼",
        "refresh_type": 2,
        "reward_goods": [20020,30452,30003],
        "reward_count": [2,1,5],
        "des": "收藏有礼"
    },
    "20001": {
        "type": 20001,
        "name": "登录送VIP",
        "refresh_type": 1,
        "reward_goods": [20012],
        "reward_count": [50],
        "des": "登录送VIP"
    },
    "20002": {
        "type": 20002,
        "name": "登录送VIP1",
        "refresh_type": 2,
        "reward_goods": [20012],
        "reward_count": [60],
        "des": "登录送VIP1"
    },
    "20003": {
        "type": 20003,
        "name": "登录送VIP2",
        "refresh_type": 2,
        "reward_goods": [20012],
        "reward_count": [190],
        "des": "登录送VIP2"
    },
    "20004": {
        "type": 20004,
        "name": "登录送VIP3",
        "refresh_type": 2,
        "reward_goods": [20012],
        "reward_count": [250],
        "des": "登录送VIP3"
    }}
