{
    "60011": {
        "id": 60011,
        "no_use": 11,
        "name": "勇气徽章·1级",
        "fullName": "勇气徽章·1级",
        "quality": 1,
        "price": 1000,
        "drop_count": 20,
        "drop_time": 20,
        "overdue_time": "",
        "compose": 71025,
        "level": 1,
        "count": 1,
        "consume": 1000,
        "transfer_good": [0],
        "transfer_count": [0],
        "path": "huizhang_1yongqi_png",
        "from": [0,4],
        "des": "充满勇气的徽章，猎人晋升时用来证明自己能力。",
        "use_tips": 0
    },
    "60012": {
        "id": 60012,
        "no_use": 12,
        "name": "智慧徽章·1级",
        "fullName": "智慧徽章·1级",
        "quality": 1,
        "price": 1000,
        "drop_count": 20,
        "drop_time": 20,
        "overdue_time": "",
        "compose": 71025,
        "level": 1,
        "count": 1,
        "consume": 1000,
        "transfer_good": [0],
        "transfer_count": [0],
        "path": "huizhang_1zhihui_png",
        "from": [0,4],
        "des": "充满智慧的徽章，猎人晋升时用来证明自己能力。",
        "use_tips": 0
    },
    "60013": {
        "id": 60013,
        "no_use": 13,
        "name": "奇迹徽章·1级",
        "fullName": "奇迹徽章·1级",
        "quality": 1,
        "price": 1000,
        "drop_count": 20,
        "drop_time": 20,
        "overdue_time": "",
        "compose": 71025,
        "level": 1,
        "count": 1,
        "consume": 1000,
        "transfer_good": [0],
        "transfer_count": [0],
        "path": "huizhang_1qiji_png",
        "from": [0,4],
        "des": "充满奇迹的徽章，猎人晋升时用来证明自己能力。",
        "use_tips": 0
    },
    "60014": {
        "id": 60014,
        "no_use": 14,
        "name": "信仰徽章·1级",
        "fullName": "信仰徽章·1级",
        "quality": 1,
        "price": 1000,
        "drop_count": 20,
        "drop_time": 20,
        "overdue_time": "",
        "compose": 71025,
        "level": 1,
        "count": 1,
        "consume": 1000,
        "transfer_good": [0],
        "transfer_count": [0],
        "path": "huizhang_1xinyang_png",
        "from": [0,4],
        "des": "充满信仰的徽章，猎人晋升时用来证明自己能力。",
        "use_tips": 0
    },
    "60015": {
        "id": 60015,
        "no_use": 15,
        "name": "力量徽章·1级",
        "fullName": "力量徽章·1级",
        "quality": 1,
        "price": 1000,
        "drop_count": 20,
        "drop_time": 20,
        "overdue_time": "",
        "compose": 71025,
        "level": 1,
        "count": 1,
        "consume": 1000,
        "transfer_good": [0],
        "transfer_count": [0],
        "path": "huizhang_1liliang_png",
        "from": [0,4],
        "des": "充满力量的徽章，猎人晋升时用来证明自己能力。",
        "use_tips": 0
    },
    "60016": {
        "id": 60016,
        "no_use": 16,
        "name": "敏捷徽章·1级",
        "fullName": "敏捷徽章·1级",
        "quality": 1,
        "price": 1000,
        "drop_count": 20,
        "drop_time": 20,
        "overdue_time": "",
        "compose": 71025,
        "level": 1,
        "count": 1,
        "consume": 1000,
        "transfer_good": [0],
        "transfer_count": [0],
        "path": "huizhang_1minjie_png",
        "from": [0,4],
        "des": "充满敏捷的徽章，猎人晋升时用来证明自己能力。",
        "use_tips": 0
    },
    "60021": {
        "id": 60021,
        "no_use": 21,
        "name": "勇气徽章·2级",
        "fullName": "勇气徽章·2级",
        "quality": 2,
        "price": 1200,
        "drop_count": 20,
        "drop_time": 20,
        "overdue_time": "",
        "compose": 71025,
        "level": 2,
        "count": 1,
        "consume": 1000,
        "transfer_good": [0],
        "transfer_count": [0],
        "path": "huizhang_2yongqi_png",
        "from": [0,4],
        "des": "充满勇气的徽章，猎人晋升时用来证明自己能力。",
        "use_tips": 0
    },
    "60022": {
        "id": 60022,
        "no_use": 22,
        "name": "智慧徽章·2级",
        "fullName": "智慧徽章·2级",
        "quality": 2,
        "price": 1200,
        "drop_count": 20,
        "drop_time": 20,
        "overdue_time": "",
        "compose": 71025,
        "level": 2,
        "count": 1,
        "consume": 1000,
        "transfer_good": [0],
        "transfer_count": [0],
        "path": "huizhang_2zhihui_png",
        "from": [0,4],
        "des": "充满智慧的徽章，猎人晋升时用来证明自己能力。",
        "use_tips": 0
    },
    "60023": {
        "id": 60023,
        "no_use": 23,
        "name": "奇迹徽章·2级",
        "fullName": "奇迹徽章·2级",
        "quality": 2,
        "price": 1200,
        "drop_count": 20,
        "drop_time": 20,
        "overdue_time": "",
        "compose": 71025,
        "level": 2,
        "count": 1,
        "consume": 1000,
        "transfer_good": [0],
        "transfer_count": [0],
        "path": "huizhang_2qiji_png",
        "from": [0,4],
        "des": "充满奇迹的徽章，猎人晋升时用来证明自己能力。",
        "use_tips": 0
    },
    "60024": {
        "id": 60024,
        "no_use": 24,
        "name": "信仰徽章·2级",
        "fullName": "信仰徽章·2级",
        "quality": 2,
        "price": 1200,
        "drop_count": 20,
        "drop_time": 20,
        "overdue_time": "",
        "compose": 71025,
        "level": 2,
        "count": 1,
        "consume": 1000,
        "transfer_good": [0],
        "transfer_count": [0],
        "path": "huizhang_2xinyang_png",
        "from": [0,4],
        "des": "充满信仰的徽章，猎人晋升时用来证明自己能力。",
        "use_tips": 0
    },
    "60025": {
        "id": 60025,
        "no_use": 25,
        "name": "力量徽章·2级",
        "fullName": "力量徽章·2级",
        "quality": 2,
        "price": 1200,
        "drop_count": 20,
        "drop_time": 20,
        "overdue_time": "",
        "compose": 71025,
        "level": 2,
        "count": 1,
        "consume": 1000,
        "transfer_good": [0],
        "transfer_count": [0],
        "path": "huizhang_2liliang_png",
        "from": [0,4],
        "des": "充满力量的徽章，猎人晋升时用来证明自己能力。",
        "use_tips": 0
    },
    "60026": {
        "id": 60026,
        "no_use": 26,
        "name": "敏捷徽章·2级",
        "fullName": "敏捷徽章·2级",
        "quality": 2,
        "price": 1200,
        "drop_count": 20,
        "drop_time": 20,
        "overdue_time": "",
        "compose": 71025,
        "level": 2,
        "count": 1,
        "consume": 1000,
        "transfer_good": [0],
        "transfer_count": [0],
        "path": "huizhang_2minjie_png",
        "from": [0,4],
        "des": "充满敏捷的徽章，猎人晋升时用来证明自己能力。",
        "use_tips": 0
    },
    "60031": {
        "id": 60031,
        "no_use": 31,
        "name": "勇气徽章·3级",
        "fullName": "勇气徽章·3级",
        "quality": 2,
        "price": 1400,
        "drop_count": 20,
        "drop_time": 20,
        "overdue_time": "",
        "compose": 71025,
        "level": 3,
        "count": 1,
        "consume": 1000,
        "transfer_good": [0],
        "transfer_count": [0],
        "path": "huizhang_3yongqi_png",
        "from": [0,4],
        "des": "充满勇气的徽章，猎人晋升时用来证明自己能力。",
        "use_tips": 0
    },
    "60032": {
        "id": 60032,
        "no_use": 32,
        "name": "智慧徽章·3级",
        "fullName": "智慧徽章·3级",
        "quality": 2,
        "price": 1400,
        "drop_count": 20,
        "drop_time": 20,
        "overdue_time": "",
        "compose": 71025,
        "level": 3,
        "count": 1,
        "consume": 1000,
        "transfer_good": [0],
        "transfer_count": [0],
        "path": "huizhang_3zhihui_png",
        "from": [0,4],
        "des": "充满智慧的徽章，猎人晋升时用来证明自己能力。",
        "use_tips": 0
    },
    "60033": {
        "id": 60033,
        "no_use": 33,
        "name": "奇迹徽章·3级",
        "fullName": "奇迹徽章·3级",
        "quality": 2,
        "price": 1400,
        "drop_count": 20,
        "drop_time": 20,
        "overdue_time": "",
        "compose": 71025,
        "level": 3,
        "count": 1,
        "consume": 1000,
        "transfer_good": [0],
        "transfer_count": [0],
        "path": "huizhang_3qiji_png",
        "from": [0,4],
        "des": "充满奇迹的徽章，猎人晋升时用来证明自己能力。",
        "use_tips": 0
    },
    "60034": {
        "id": 60034,
        "no_use": 34,
        "name": "信仰徽章·3级",
        "fullName": "信仰徽章·3级",
        "quality": 2,
        "price": 1400,
        "drop_count": 20,
        "drop_time": 20,
        "overdue_time": "",
        "compose": 71025,
        "level": 3,
        "count": 1,
        "consume": 1000,
        "transfer_good": [0],
        "transfer_count": [0],
        "path": "huizhang_3xinyang_png",
        "from": [0,4],
        "des": "充满信仰的徽章，猎人晋升时用来证明自己能力。",
        "use_tips": 0
    },
    "60035": {
        "id": 60035,
        "no_use": 35,
        "name": "力量徽章·3级",
        "fullName": "力量徽章·3级",
        "quality": 2,
        "price": 1400,
        "drop_count": 20,
        "drop_time": 20,
        "overdue_time": "",
        "compose": 71025,
        "level": 3,
        "count": 1,
        "consume": 1000,
        "transfer_good": [0],
        "transfer_count": [0],
        "path": "huizhang_3liliang_png",
        "from": [0,4],
        "des": "充满力量的徽章，猎人晋升时用来证明自己能力。",
        "use_tips": 0
    },
    "60036": {
        "id": 60036,
        "no_use": 36,
        "name": "敏捷徽章·3级",
        "fullName": "敏捷徽章·3级",
        "quality": 2,
        "price": 1400,
        "drop_count": 20,
        "drop_time": 20,
        "overdue_time": "",
        "compose": 71025,
        "level": 3,
        "count": 1,
        "consume": 1000,
        "transfer_good": [0],
        "transfer_count": [0],
        "path": "huizhang_3minjie_png",
        "from": [0,4],
        "des": "充满敏捷的徽章，猎人晋升时用来证明自己能力。",
        "use_tips": 0
    },
    "60041": {
        "id": 60041,
        "no_use": 41,
        "name": "勇气徽章·4级",
        "fullName": "勇气徽章·4级",
        "quality": 3,
        "price": 1600,
        "drop_count": 20,
        "drop_time": 20,
        "overdue_time": "",
        "compose": 71025,
        "level": 4,
        "count": 1,
        "consume": 1000,
        "transfer_good": [0],
        "transfer_count": [0],
        "path": "huizhang_4yongqi_png",
        "from": [0,4],
        "des": "充满勇气的徽章，猎人晋升时用来证明自己能力。",
        "use_tips": 0
    },
    "60042": {
        "id": 60042,
        "no_use": 42,
        "name": "智慧徽章·4级",
        "fullName": "智慧徽章·4级",
        "quality": 3,
        "price": 1600,
        "drop_count": 20,
        "drop_time": 20,
        "overdue_time": "",
        "compose": 71025,
        "level": 4,
        "count": 1,
        "consume": 1000,
        "transfer_good": [0],
        "transfer_count": [0],
        "path": "huizhang_4zhihui_png",
        "from": [0,4],
        "des": "充满智慧的徽章，猎人晋升时用来证明自己能力。",
        "use_tips": 0
    },
    "60043": {
        "id": 60043,
        "no_use": 43,
        "name": "奇迹徽章·4级",
        "fullName": "奇迹徽章·4级",
        "quality": 3,
        "price": 1600,
        "drop_count": 20,
        "drop_time": 20,
        "overdue_time": "",
        "compose": 71025,
        "level": 4,
        "count": 1,
        "consume": 1000,
        "transfer_good": [0],
        "transfer_count": [0],
        "path": "huizhang_4qiji_png",
        "from": [0,4],
        "des": "充满奇迹的徽章，猎人晋升时用来证明自己能力。",
        "use_tips": 0
    },
    "60044": {
        "id": 60044,
        "no_use": 44,
        "name": "信仰徽章·4级",
        "fullName": "信仰徽章·4级",
        "quality": 3,
        "price": 1600,
        "drop_count": 20,
        "drop_time": 20,
        "overdue_time": "",
        "compose": 71025,
        "level": 4,
        "count": 1,
        "consume": 1000,
        "transfer_good": [0],
        "transfer_count": [0],
        "path": "huizhang_4xinyang_png",
        "from": [0,4],
        "des": "充满信仰的徽章，猎人晋升时用来证明自己能力。",
        "use_tips": 0
    },
    "60045": {
        "id": 60045,
        "no_use": 45,
        "name": "力量徽章·4级",
        "fullName": "力量徽章·4级",
        "quality": 3,
        "price": 1600,
        "drop_count": 20,
        "drop_time": 20,
        "overdue_time": "",
        "compose": 71025,
        "level": 4,
        "count": 1,
        "consume": 1000,
        "transfer_good": [0],
        "transfer_count": [0],
        "path": "huizhang_4liliang_png",
        "from": [0,4],
        "des": "充满力量的徽章，猎人晋升时用来证明自己能力。",
        "use_tips": 0
    },
    "60046": {
        "id": 60046,
        "no_use": 46,
        "name": "敏捷徽章·4级",
        "fullName": "敏捷徽章·4级",
        "quality": 3,
        "price": 1600,
        "drop_count": 20,
        "drop_time": 20,
        "overdue_time": "",
        "compose": 71025,
        "level": 4,
        "count": 1,
        "consume": 1000,
        "transfer_good": [0],
        "transfer_count": [0],
        "path": "huizhang_4minjie_png",
        "from": [0,4],
        "des": "充满敏捷的徽章，猎人晋升时用来证明自己能力。",
        "use_tips": 0
    },
    "60051": {
        "id": 60051,
        "no_use": 51,
        "name": "勇气徽章·5级",
        "fullName": "勇气徽章·5级",
        "quality": 3,
        "price": 1800,
        "drop_count": 20,
        "drop_time": 20,
        "overdue_time": "",
        "compose": 71025,
        "level": 5,
        "count": 1,
        "consume": 1000,
        "transfer_good": [0],
        "transfer_count": [0],
        "path": "huizhang_5yongqi_png",
        "from": [0,4],
        "des": "充满勇气的徽章，猎人晋升时用来证明自己能力。",
        "use_tips": 0
    },
    "60052": {
        "id": 60052,
        "no_use": 52,
        "name": "智慧徽章·5级",
        "fullName": "智慧徽章·5级",
        "quality": 3,
        "price": 1800,
        "drop_count": 20,
        "drop_time": 20,
        "overdue_time": "",
        "compose": 71025,
        "level": 5,
        "count": 1,
        "consume": 1000,
        "transfer_good": [0],
        "transfer_count": [0],
        "path": "huizhang_5zhihui_png",
        "from": [0,4],
        "des": "充满智慧的徽章，猎人晋升时用来证明自己能力。",
        "use_tips": 0
    },
    "60053": {
        "id": 60053,
        "no_use": 53,
        "name": "奇迹徽章·5级",
        "fullName": "奇迹徽章·5级",
        "quality": 3,
        "price": 1800,
        "drop_count": 20,
        "drop_time": 20,
        "overdue_time": "",
        "compose": 71025,
        "level": 5,
        "count": 1,
        "consume": 1000,
        "transfer_good": [0],
        "transfer_count": [0],
        "path": "huizhang_5qiji_png",
        "from": [0,4],
        "des": "充满奇迹的徽章，猎人晋升时用来证明自己能力。",
        "use_tips": 0
    },
    "60054": {
        "id": 60054,
        "no_use": 54,
        "name": "信仰徽章·5级",
        "fullName": "信仰徽章·5级",
        "quality": 3,
        "price": 1800,
        "drop_count": 20,
        "drop_time": 20,
        "overdue_time": "",
        "compose": 71025,
        "level": 5,
        "count": 1,
        "consume": 1000,
        "transfer_good": [0],
        "transfer_count": [0],
        "path": "huizhang_5xinyang_png",
        "from": [0,4],
        "des": "充满信仰的徽章，猎人晋升时用来证明自己能力。",
        "use_tips": 0
    },
    "60055": {
        "id": 60055,
        "no_use": 55,
        "name": "力量徽章·5级",
        "fullName": "力量徽章·5级",
        "quality": 3,
        "price": 1800,
        "drop_count": 20,
        "drop_time": 20,
        "overdue_time": "",
        "compose": 71025,
        "level": 5,
        "count": 1,
        "consume": 1000,
        "transfer_good": [0],
        "transfer_count": [0],
        "path": "huizhang_5liliang_png",
        "from": [0,4],
        "des": "充满力量的徽章，猎人晋升时用来证明自己能力。",
        "use_tips": 0
    },
    "60056": {
        "id": 60056,
        "no_use": 56,
        "name": "敏捷徽章·5级",
        "fullName": "敏捷徽章·5级",
        "quality": 3,
        "price": 1800,
        "drop_count": 20,
        "drop_time": 20,
        "overdue_time": "",
        "compose": 71025,
        "level": 5,
        "count": 1,
        "consume": 1000,
        "transfer_good": [0],
        "transfer_count": [0],
        "path": "huizhang_5minjie_png",
        "from": [0,4],
        "des": "充满敏捷的徽章，猎人晋升时用来证明自己能力。",
        "use_tips": 0
    },
    "60061": {
        "id": 60061,
        "no_use": 61,
        "name": "勇气徽章·6级",
        "fullName": "勇气徽章·6级",
        "quality": 3,
        "price": 2000,
        "drop_count": 20,
        "drop_time": 20,
        "overdue_time": "",
        "compose": 71025,
        "level": 6,
        "count": 1,
        "consume": 1000,
        "transfer_good": [0],
        "transfer_count": [0],
        "path": "huizhang_6yongqi_png",
        "from": [0,4],
        "des": "充满勇气的徽章，猎人晋升时用来证明自己能力。",
        "use_tips": 0
    },
    "60062": {
        "id": 60062,
        "no_use": 62,
        "name": "智慧徽章·6级",
        "fullName": "智慧徽章·6级",
        "quality": 3,
        "price": 2000,
        "drop_count": 20,
        "drop_time": 20,
        "overdue_time": "",
        "compose": 71025,
        "level": 6,
        "count": 1,
        "consume": 1000,
        "transfer_good": [0],
        "transfer_count": [0],
        "path": "huizhang_6zhihui_png",
        "from": [0,4],
        "des": "充满智慧的徽章，猎人晋升时用来证明自己能力。",
        "use_tips": 0
    },
    "60063": {
        "id": 60063,
        "no_use": 63,
        "name": "奇迹徽章·6级",
        "fullName": "奇迹徽章·6级",
        "quality": 3,
        "price": 2000,
        "drop_count": 20,
        "drop_time": 20,
        "overdue_time": "",
        "compose": 71025,
        "level": 6,
        "count": 1,
        "consume": 1000,
        "transfer_good": [0],
        "transfer_count": [0],
        "path": "huizhang_6qiji_png",
        "from": [0,4],
        "des": "充满奇迹的徽章，猎人晋升时用来证明自己能力。",
        "use_tips": 0
    },
    "60064": {
        "id": 60064,
        "no_use": 64,
        "name": "信仰徽章·6级",
        "fullName": "信仰徽章·6级",
        "quality": 3,
        "price": 2000,
        "drop_count": 20,
        "drop_time": 20,
        "overdue_time": "",
        "compose": 71025,
        "level": 6,
        "count": 1,
        "consume": 1000,
        "transfer_good": [0],
        "transfer_count": [0],
        "path": "huizhang_6xinyang_png",
        "from": [0,4],
        "des": "充满信仰的徽章，猎人晋升时用来证明自己能力。",
        "use_tips": 0
    },
    "60065": {
        "id": 60065,
        "no_use": 65,
        "name": "力量徽章·6级",
        "fullName": "力量徽章·6级",
        "quality": 3,
        "price": 2000,
        "drop_count": 20,
        "drop_time": 20,
        "overdue_time": "",
        "compose": 71025,
        "level": 6,
        "count": 1,
        "consume": 1000,
        "transfer_good": [0],
        "transfer_count": [0],
        "path": "huizhang_6liliang_png",
        "from": [0,4],
        "des": "充满力量的徽章，猎人晋升时用来证明自己能力。",
        "use_tips": 0
    },
    "60066": {
        "id": 60066,
        "no_use": 66,
        "name": "敏捷徽章·6级",
        "fullName": "敏捷徽章·6级",
        "quality": 3,
        "price": 2000,
        "drop_count": 20,
        "drop_time": 20,
        "overdue_time": "",
        "compose": 71025,
        "level": 6,
        "count": 1,
        "consume": 1000,
        "transfer_good": [0],
        "transfer_count": [0],
        "path": "huizhang_6minjie_png",
        "from": [0,4],
        "des": "充满敏捷的徽章，猎人晋升时用来证明自己能力。",
        "use_tips": 0
    },
    "60071": {
        "id": 60071,
        "no_use": 71,
        "name": "勇气徽章·7级",
        "fullName": "勇气徽章·7级",
        "quality": 4,
        "price": 2200,
        "drop_count": 20,
        "drop_time": 20,
        "overdue_time": "",
        "compose": 71025,
        "level": 7,
        "count": 1,
        "consume": 1000,
        "transfer_good": [0],
        "transfer_count": [0],
        "path": "huizhang_7yongqi_png",
        "from": [0,4],
        "des": "充满勇气的徽章，猎人晋升时用来证明自己能力。",
        "use_tips": 0
    },
    "60072": {
        "id": 60072,
        "no_use": 72,
        "name": "智慧徽章·7级",
        "fullName": "智慧徽章·7级",
        "quality": 4,
        "price": 2200,
        "drop_count": 20,
        "drop_time": 20,
        "overdue_time": "",
        "compose": 71025,
        "level": 7,
        "count": 1,
        "consume": 1000,
        "transfer_good": [0],
        "transfer_count": [0],
        "path": "huizhang_7zhihui_png",
        "from": [0,4],
        "des": "充满智慧的徽章，猎人晋升时用来证明自己能力。",
        "use_tips": 0
    },
    "60073": {
        "id": 60073,
        "no_use": 73,
        "name": "奇迹徽章·7级",
        "fullName": "奇迹徽章·7级",
        "quality": 4,
        "price": 2200,
        "drop_count": 20,
        "drop_time": 20,
        "overdue_time": "",
        "compose": 71025,
        "level": 7,
        "count": 1,
        "consume": 1000,
        "transfer_good": [0],
        "transfer_count": [0],
        "path": "huizhang_7qiji_png",
        "from": [0,4],
        "des": "充满奇迹的徽章，猎人晋升时用来证明自己能力。",
        "use_tips": 0
    },
    "60074": {
        "id": 60074,
        "no_use": 74,
        "name": "信仰徽章·7级",
        "fullName": "信仰徽章·7级",
        "quality": 4,
        "price": 2200,
        "drop_count": 20,
        "drop_time": 20,
        "overdue_time": "",
        "compose": 71025,
        "level": 7,
        "count": 1,
        "consume": 1000,
        "transfer_good": [0],
        "transfer_count": [0],
        "path": "huizhang_7xinyang_png",
        "from": [0,4],
        "des": "充满信仰的徽章，猎人晋升时用来证明自己能力。",
        "use_tips": 0
    },
    "60075": {
        "id": 60075,
        "no_use": 75,
        "name": "力量徽章·7级",
        "fullName": "力量徽章·7级",
        "quality": 4,
        "price": 2200,
        "drop_count": 20,
        "drop_time": 20,
        "overdue_time": "",
        "compose": 71025,
        "level": 7,
        "count": 1,
        "consume": 1000,
        "transfer_good": [0],
        "transfer_count": [0],
        "path": "huizhang_7liliang_png",
        "from": [0,4],
        "des": "充满力量的徽章，猎人晋升时用来证明自己能力。",
        "use_tips": 0
    },
    "60076": {
        "id": 60076,
        "no_use": 76,
        "name": "敏捷徽章·7级",
        "fullName": "敏捷徽章·7级",
        "quality": 4,
        "price": 2200,
        "drop_count": 20,
        "drop_time": 20,
        "overdue_time": "",
        "compose": 71025,
        "level": 7,
        "count": 1,
        "consume": 1000,
        "transfer_good": [0],
        "transfer_count": [0],
        "path": "huizhang_7minjie_png",
        "from": [0,4],
        "des": "充满敏捷的徽章，猎人晋升时用来证明自己能力。",
        "use_tips": 0
    },
    "60081": {
        "id": 60081,
        "no_use": 81,
        "name": "勇气徽章·8级",
        "fullName": "勇气徽章·8级",
        "quality": 4,
        "price": 2400,
        "drop_count": 20,
        "drop_time": 20,
        "overdue_time": "",
        "compose": 71025,
        "level": 8,
        "count": 1,
        "consume": 1000,
        "transfer_good": [0],
        "transfer_count": [0],
        "path": "huizhang_8yongqi_png",
        "from": [0,4],
        "des": "充满勇气的徽章，猎人晋升时用来证明自己能力。",
        "use_tips": 0
    },
    "60082": {
        "id": 60082,
        "no_use": 82,
        "name": "智慧徽章·8级",
        "fullName": "智慧徽章·8级",
        "quality": 4,
        "price": 2400,
        "drop_count": 20,
        "drop_time": 20,
        "overdue_time": "",
        "compose": 71025,
        "level": 8,
        "count": 1,
        "consume": 1000,
        "transfer_good": [0],
        "transfer_count": [0],
        "path": "huizhang_8zhihui_png",
        "from": [0,4],
        "des": "充满智慧的徽章，猎人晋升时用来证明自己能力。",
        "use_tips": 0
    },
    "60083": {
        "id": 60083,
        "no_use": 83,
        "name": "奇迹徽章·8级",
        "fullName": "奇迹徽章·8级",
        "quality": 4,
        "price": 2400,
        "drop_count": 20,
        "drop_time": 20,
        "overdue_time": "",
        "compose": 71025,
        "level": 8,
        "count": 1,
        "consume": 1000,
        "transfer_good": [0],
        "transfer_count": [0],
        "path": "huizhang_8qiji_png",
        "from": [0,4],
        "des": "充满奇迹的徽章，猎人晋升时用来证明自己能力。",
        "use_tips": 0
    },
    "60084": {
        "id": 60084,
        "no_use": 84,
        "name": "信仰徽章·8级",
        "fullName": "信仰徽章·8级",
        "quality": 4,
        "price": 2400,
        "drop_count": 20,
        "drop_time": 20,
        "overdue_time": "",
        "compose": 71025,
        "level": 8,
        "count": 1,
        "consume": 1000,
        "transfer_good": [0],
        "transfer_count": [0],
        "path": "huizhang_8xinyang_png",
        "from": [0,4],
        "des": "充满信仰的徽章，猎人晋升时用来证明自己能力。",
        "use_tips": 0
    },
    "60085": {
        "id": 60085,
        "no_use": 85,
        "name": "力量徽章·8级",
        "fullName": "力量徽章·8级",
        "quality": 4,
        "price": 2400,
        "drop_count": 20,
        "drop_time": 20,
        "overdue_time": "",
        "compose": 71025,
        "level": 8,
        "count": 1,
        "consume": 1000,
        "transfer_good": [0],
        "transfer_count": [0],
        "path": "huizhang_8liliang_png",
        "from": [0,4],
        "des": "充满力量的徽章，猎人晋升时用来证明自己能力。",
        "use_tips": 0
    },
    "60086": {
        "id": 60086,
        "no_use": 86,
        "name": "敏捷徽章·8级",
        "fullName": "敏捷徽章·8级",
        "quality": 4,
        "price": 2400,
        "drop_count": 20,
        "drop_time": 20,
        "overdue_time": "",
        "compose": 71025,
        "level": 8,
        "count": 1,
        "consume": 1000,
        "transfer_good": [0],
        "transfer_count": [0],
        "path": "huizhang_8minjie_png",
        "from": [0,4],
        "des": "充满敏捷的徽章，猎人晋升时用来证明自己能力。",
        "use_tips": 0
    },
    "60091": {
        "id": 60091,
        "no_use": 91,
        "name": "勇气徽章·9级",
        "fullName": "勇气徽章·9级",
        "quality": 4,
        "price": 2600,
        "drop_count": 20,
        "drop_time": 20,
        "overdue_time": "",
        "compose": 71025,
        "level": 9,
        "count": 1,
        "consume": 1000,
        "transfer_good": [0],
        "transfer_count": [0],
        "path": "huizhang_9yongqi_png",
        "from": [0,4],
        "des": "充满勇气的徽章，猎人晋升时用来证明自己能力。",
        "use_tips": 0
    },
    "60092": {
        "id": 60092,
        "no_use": 92,
        "name": "智慧徽章·9级",
        "fullName": "智慧徽章·9级",
        "quality": 4,
        "price": 2600,
        "drop_count": 20,
        "drop_time": 20,
        "overdue_time": "",
        "compose": 71025,
        "level": 9,
        "count": 1,
        "consume": 1000,
        "transfer_good": [0],
        "transfer_count": [0],
        "path": "huizhang_9zhihui_png",
        "from": [0,4],
        "des": "充满智慧的徽章，猎人晋升时用来证明自己能力。",
        "use_tips": 0
    },
    "60093": {
        "id": 60093,
        "no_use": 93,
        "name": "奇迹徽章·9级",
        "fullName": "奇迹徽章·9级",
        "quality": 4,
        "price": 2600,
        "drop_count": 20,
        "drop_time": 20,
        "overdue_time": "",
        "compose": 71025,
        "level": 9,
        "count": 1,
        "consume": 1000,
        "transfer_good": [0],
        "transfer_count": [0],
        "path": "huizhang_9qiji_png",
        "from": [0,4],
        "des": "充满奇迹的徽章，猎人晋升时用来证明自己能力。",
        "use_tips": 0
    },
    "60094": {
        "id": 60094,
        "no_use": 94,
        "name": "信仰徽章·9级",
        "fullName": "信仰徽章·9级",
        "quality": 4,
        "price": 2600,
        "drop_count": 20,
        "drop_time": 20,
        "overdue_time": "",
        "compose": 71025,
        "level": 9,
        "count": 1,
        "consume": 1000,
        "transfer_good": [0],
        "transfer_count": [0],
        "path": "huizhang_9xinyang_png",
        "from": [0,4],
        "des": "充满信仰的徽章，猎人晋升时用来证明自己能力。",
        "use_tips": 0
    },
    "60095": {
        "id": 60095,
        "no_use": 95,
        "name": "力量徽章·9级",
        "fullName": "力量徽章·9级",
        "quality": 4,
        "price": 2600,
        "drop_count": 20,
        "drop_time": 20,
        "overdue_time": "",
        "compose": 71025,
        "level": 9,
        "count": 1,
        "consume": 1000,
        "transfer_good": [0],
        "transfer_count": [0],
        "path": "huizhang_9liliang_png",
        "from": [0,4],
        "des": "充满力量的徽章，猎人晋升时用来证明自己能力。",
        "use_tips": 0
    },
    "60096": {
        "id": 60096,
        "no_use": 96,
        "name": "敏捷徽章·9级",
        "fullName": "敏捷徽章·9级",
        "quality": 4,
        "price": 2600,
        "drop_count": 20,
        "drop_time": 20,
        "overdue_time": "",
        "compose": 71025,
        "level": 9,
        "count": 1,
        "consume": 1000,
        "transfer_good": [0],
        "transfer_count": [0],
        "path": "huizhang_9minjie_png",
        "from": [0,4],
        "des": "充满敏捷的徽章，猎人晋升时用来证明自己能力。",
        "use_tips": 0
    },
    "60101": {
        "id": 60101,
        "no_use": 101,
        "name": "勇气徽章·10级",
        "fullName": "勇气徽章·10级",
        "quality": 4,
        "price": 2800,
        "drop_count": 20,
        "drop_time": 20,
        "overdue_time": "",
        "compose": 71025,
        "level": 10,
        "count": 1,
        "consume": 1000,
        "transfer_good": [0],
        "transfer_count": [0],
        "path": "huizhang_10yongqi_png",
        "from": [0,4],
        "des": "充满勇气的徽章，猎人晋升时用来证明自己能力。",
        "use_tips": 0
    },
    "60102": {
        "id": 60102,
        "no_use": 102,
        "name": "智慧徽章·10级",
        "fullName": "智慧徽章·10级",
        "quality": 4,
        "price": 2800,
        "drop_count": 20,
        "drop_time": 20,
        "overdue_time": "",
        "compose": 71025,
        "level": 10,
        "count": 1,
        "consume": 1000,
        "transfer_good": [0],
        "transfer_count": [0],
        "path": "huizhang_10zhihui_png",
        "from": [0,4],
        "des": "充满智慧的徽章，猎人晋升时用来证明自己能力。",
        "use_tips": 0
    },
    "60103": {
        "id": 60103,
        "no_use": 103,
        "name": "奇迹徽章·10级",
        "fullName": "奇迹徽章·10级",
        "quality": 4,
        "price": 2800,
        "drop_count": 20,
        "drop_time": 20,
        "overdue_time": "",
        "compose": 71025,
        "level": 10,
        "count": 1,
        "consume": 1000,
        "transfer_good": [0],
        "transfer_count": [0],
        "path": "huizhang_10qiji_png",
        "from": [0,4],
        "des": "充满奇迹的徽章，猎人晋升时用来证明自己能力。",
        "use_tips": 0
    },
    "60104": {
        "id": 60104,
        "no_use": 104,
        "name": "信仰徽章·10级",
        "fullName": "信仰徽章·10级",
        "quality": 4,
        "price": 2800,
        "drop_count": 20,
        "drop_time": 20,
        "overdue_time": "",
        "compose": 71025,
        "level": 10,
        "count": 1,
        "consume": 1000,
        "transfer_good": [0],
        "transfer_count": [0],
        "path": "huizhang_10xinyang_png",
        "from": [0,4],
        "des": "充满信仰的徽章，猎人晋升时用来证明自己能力。",
        "use_tips": 0
    },
    "60105": {
        "id": 60105,
        "no_use": 105,
        "name": "力量徽章·10级",
        "fullName": "力量徽章·10级",
        "quality": 4,
        "price": 2800,
        "drop_count": 20,
        "drop_time": 20,
        "overdue_time": "",
        "compose": 71025,
        "level": 10,
        "count": 1,
        "consume": 1000,
        "transfer_good": [0],
        "transfer_count": [0],
        "path": "huizhang_10liliang_png",
        "from": [0,4],
        "des": "充满力量的徽章，猎人晋升时用来证明自己能力。",
        "use_tips": 0
    },
    "60106": {
        "id": 60106,
        "no_use": 106,
        "name": "敏捷徽章·10级",
        "fullName": "敏捷徽章·10级",
        "quality": 4,
        "price": 2800,
        "drop_count": 20,
        "drop_time": 20,
        "overdue_time": "",
        "compose": 71025,
        "level": 10,
        "count": 1,
        "consume": 1000,
        "transfer_good": [0],
        "transfer_count": [0],
        "path": "huizhang_10minjie_png",
        "from": [0,4],
        "des": "充满敏捷的徽章，猎人晋升时用来证明自己能力。",
        "use_tips": 0
    },
    "60111": {
        "id": 60111,
        "no_use": 111,
        "name": "勇气徽章·11级",
        "fullName": "勇气徽章·11级",
        "quality": 5,
        "price": 3000,
        "drop_count": 20,
        "drop_time": 20,
        "overdue_time": "",
        "compose": 71025,
        "level": 11,
        "count": 1,
        "consume": 1000,
        "transfer_good": [0],
        "transfer_count": [0],
        "path": "huizhang_11yongqi_png",
        "from": [0,4],
        "des": "充满勇气的徽章，猎人晋升时用来证明自己能力。",
        "use_tips": 0
    },
    "60112": {
        "id": 60112,
        "no_use": 112,
        "name": "智慧徽章·11级",
        "fullName": "智慧徽章·11级",
        "quality": 5,
        "price": 3000,
        "drop_count": 20,
        "drop_time": 20,
        "overdue_time": "",
        "compose": 71025,
        "level": 11,
        "count": 1,
        "consume": 1000,
        "transfer_good": [0],
        "transfer_count": [0],
        "path": "huizhang_11zhihui_png",
        "from": [0,4],
        "des": "充满智慧的徽章，猎人晋升时用来证明自己能力。",
        "use_tips": 0
    },
    "60113": {
        "id": 60113,
        "no_use": 113,
        "name": "奇迹徽章·11级",
        "fullName": "奇迹徽章·11级",
        "quality": 5,
        "price": 3000,
        "drop_count": 20,
        "drop_time": 20,
        "overdue_time": "",
        "compose": 71025,
        "level": 11,
        "count": 1,
        "consume": 1000,
        "transfer_good": [0],
        "transfer_count": [0],
        "path": "huizhang_11qiji_png",
        "from": [0,4],
        "des": "充满奇迹的徽章，猎人晋升时用来证明自己能力。",
        "use_tips": 0
    },
    "60114": {
        "id": 60114,
        "no_use": 114,
        "name": "信仰徽章·11级",
        "fullName": "信仰徽章·11级",
        "quality": 5,
        "price": 3000,
        "drop_count": 20,
        "drop_time": 20,
        "overdue_time": "",
        "compose": 71025,
        "level": 11,
        "count": 1,
        "consume": 1000,
        "transfer_good": [0],
        "transfer_count": [0],
        "path": "huizhang_11xinyang_png",
        "from": [0,4],
        "des": "充满信仰的徽章，猎人晋升时用来证明自己能力。",
        "use_tips": 0
    },
    "60115": {
        "id": 60115,
        "no_use": 115,
        "name": "力量徽章·11级",
        "fullName": "力量徽章·11级",
        "quality": 5,
        "price": 3000,
        "drop_count": 20,
        "drop_time": 20,
        "overdue_time": "",
        "compose": 71025,
        "level": 11,
        "count": 1,
        "consume": 1000,
        "transfer_good": [0],
        "transfer_count": [0],
        "path": "huizhang_11liliang_png",
        "from": [0,4],
        "des": "充满力量的徽章，猎人晋升时用来证明自己能力。",
        "use_tips": 0
    },
    "60116": {
        "id": 60116,
        "no_use": 116,
        "name": "敏捷徽章·11级",
        "fullName": "敏捷徽章·11级",
        "quality": 5,
        "price": 3000,
        "drop_count": 20,
        "drop_time": 20,
        "overdue_time": "",
        "compose": 71025,
        "level": 11,
        "count": 1,
        "consume": 1000,
        "transfer_good": [0],
        "transfer_count": [0],
        "path": "huizhang_11minjie_png",
        "from": [0,4],
        "des": "充满敏捷的徽章，猎人晋升时用来证明自己能力。",
        "use_tips": 0
    },
    "60121": {
        "id": 60121,
        "no_use": 121,
        "name": "勇气徽章·12级",
        "fullName": "勇气徽章·12级",
        "quality": 5,
        "price": 3200,
        "drop_count": 20,
        "drop_time": 20,
        "overdue_time": "",
        "compose": 71025,
        "level": 12,
        "count": 1,
        "consume": 1000,
        "transfer_good": [0],
        "transfer_count": [0],
        "path": "huizhang_12yongqi_png",
        "from": [0,4],
        "des": "充满勇气的徽章，猎人晋升时用来证明自己能力。",
        "use_tips": 0
    },
    "60122": {
        "id": 60122,
        "no_use": 122,
        "name": "智慧徽章·12级",
        "fullName": "智慧徽章·12级",
        "quality": 5,
        "price": 3200,
        "drop_count": 20,
        "drop_time": 20,
        "overdue_time": "",
        "compose": 71025,
        "level": 12,
        "count": 1,
        "consume": 1000,
        "transfer_good": [0],
        "transfer_count": [0],
        "path": "huizhang_12zhihui_png",
        "from": [0,4],
        "des": "充满智慧的徽章，猎人晋升时用来证明自己能力。",
        "use_tips": 0
    },
    "60123": {
        "id": 60123,
        "no_use": 123,
        "name": "奇迹徽章·12级",
        "fullName": "奇迹徽章·12级",
        "quality": 5,
        "price": 3200,
        "drop_count": 20,
        "drop_time": 20,
        "overdue_time": "",
        "compose": 71025,
        "level": 12,
        "count": 1,
        "consume": 1000,
        "transfer_good": [0],
        "transfer_count": [0],
        "path": "huizhang_12qiji_png",
        "from": [0,4],
        "des": "充满奇迹的徽章，猎人晋升时用来证明自己能力。",
        "use_tips": 0
    },
    "60124": {
        "id": 60124,
        "no_use": 124,
        "name": "信仰徽章·12级",
        "fullName": "信仰徽章·12级",
        "quality": 5,
        "price": 3200,
        "drop_count": 20,
        "drop_time": 20,
        "overdue_time": "",
        "compose": 71025,
        "level": 12,
        "count": 1,
        "consume": 1000,
        "transfer_good": [0],
        "transfer_count": [0],
        "path": "huizhang_12xinyang_png",
        "from": [0,4],
        "des": "充满信仰的徽章，猎人晋升时用来证明自己能力。",
        "use_tips": 0
    },
    "60125": {
        "id": 60125,
        "no_use": 125,
        "name": "力量徽章·12级",
        "fullName": "力量徽章·12级",
        "quality": 5,
        "price": 3200,
        "drop_count": 20,
        "drop_time": 20,
        "overdue_time": "",
        "compose": 71025,
        "level": 12,
        "count": 1,
        "consume": 1000,
        "transfer_good": [0],
        "transfer_count": [0],
        "path": "huizhang_12liliang_png",
        "from": [0,4],
        "des": "充满力量的徽章，猎人晋升时用来证明自己能力。",
        "use_tips": 0
    },
    "60126": {
        "id": 60126,
        "no_use": 126,
        "name": "敏捷徽章·12级",
        "fullName": "敏捷徽章·12级",
        "quality": 5,
        "price": 3200,
        "drop_count": 20,
        "drop_time": 20,
        "overdue_time": "",
        "compose": 71025,
        "level": 12,
        "count": 1,
        "consume": 1000,
        "transfer_good": [0],
        "transfer_count": [0],
        "path": "huizhang_12minjie_png",
        "from": [0,4],
        "des": "充满敏捷的徽章，猎人晋升时用来证明自己能力。",
        "use_tips": 0
    },
    "60131": {
        "id": 60131,
        "no_use": 131,
        "name": "勇气徽章·13级",
        "fullName": "勇气徽章·13级",
        "quality": 5,
        "price": 3400,
        "drop_count": 20,
        "drop_time": 20,
        "overdue_time": "",
        "compose": 71025,
        "level": 13,
        "count": 1,
        "consume": 1000,
        "transfer_good": [0],
        "transfer_count": [0],
        "path": "huizhang_13yongqi_png",
        "from": [0,4],
        "des": "充满勇气的徽章，猎人晋升时用来证明自己能力。",
        "use_tips": 0
    },
    "60132": {
        "id": 60132,
        "no_use": 132,
        "name": "智慧徽章·13级",
        "fullName": "智慧徽章·13级",
        "quality": 5,
        "price": 3400,
        "drop_count": 20,
        "drop_time": 20,
        "overdue_time": "",
        "compose": 71025,
        "level": 13,
        "count": 1,
        "consume": 1000,
        "transfer_good": [0],
        "transfer_count": [0],
        "path": "huizhang_13zhihui_png",
        "from": [0,4],
        "des": "充满智慧的徽章，猎人晋升时用来证明自己能力。",
        "use_tips": 0
    },
    "60133": {
        "id": 60133,
        "no_use": 133,
        "name": "奇迹徽章·13级",
        "fullName": "奇迹徽章·13级",
        "quality": 5,
        "price": 3400,
        "drop_count": 20,
        "drop_time": 20,
        "overdue_time": "",
        "compose": 71025,
        "level": 13,
        "count": 1,
        "consume": 1000,
        "transfer_good": [0],
        "transfer_count": [0],
        "path": "huizhang_13qiji_png",
        "from": [0,4],
        "des": "充满奇迹的徽章，猎人晋升时用来证明自己能力。",
        "use_tips": 0
    },
    "60134": {
        "id": 60134,
        "no_use": 134,
        "name": "信仰徽章·13级",
        "fullName": "信仰徽章·13级",
        "quality": 5,
        "price": 3400,
        "drop_count": 20,
        "drop_time": 20,
        "overdue_time": "",
        "compose": 71025,
        "level": 13,
        "count": 1,
        "consume": 1000,
        "transfer_good": [0],
        "transfer_count": [0],
        "path": "huizhang_13xinyang_png",
        "from": [0,4],
        "des": "充满信仰的徽章，猎人晋升时用来证明自己能力。",
        "use_tips": 0
    },
    "60135": {
        "id": 60135,
        "no_use": 135,
        "name": "力量徽章·13级",
        "fullName": "力量徽章·13级",
        "quality": 5,
        "price": 3400,
        "drop_count": 20,
        "drop_time": 20,
        "overdue_time": "",
        "compose": 71025,
        "level": 13,
        "count": 1,
        "consume": 1000,
        "transfer_good": [0],
        "transfer_count": [0],
        "path": "huizhang_13liliang_png",
        "from": [0,4],
        "des": "充满力量的徽章，猎人晋升时用来证明自己能力。",
        "use_tips": 0
    },
    "60136": {
        "id": 60136,
        "no_use": 136,
        "name": "敏捷徽章·13级",
        "fullName": "敏捷徽章·13级",
        "quality": 5,
        "price": 3400,
        "drop_count": 20,
        "drop_time": 20,
        "overdue_time": "",
        "compose": 71025,
        "level": 13,
        "count": 1,
        "consume": 1000,
        "transfer_good": [0],
        "transfer_count": [0],
        "path": "huizhang_13minjie_png",
        "from": [0,4],
        "des": "充满敏捷的徽章，猎人晋升时用来证明自己能力。",
        "use_tips": 0
    },
    "60141": {
        "id": 60141,
        "no_use": 141,
        "name": "勇气徽章·14级",
        "fullName": "勇气徽章·13级",
        "quality": 5,
        "price": 3600,
        "drop_count": 20,
        "drop_time": 20,
        "overdue_time": "",
        "compose": 71025,
        "level": 14,
        "count": 1,
        "consume": 1000,
        "transfer_good": [0],
        "transfer_count": [0],
        "path": "huizhang_14yongqi_png",
        "from": [0,4],
        "des": "充满勇气的徽章，猎人晋升时用来证明自己能力。",
        "use_tips": 0
    },
    "60142": {
        "id": 60142,
        "no_use": 142,
        "name": "智慧徽章·14级",
        "fullName": "智慧徽章·13级",
        "quality": 5,
        "price": 3600,
        "drop_count": 20,
        "drop_time": 20,
        "overdue_time": "",
        "compose": 71025,
        "level": 14,
        "count": 1,
        "consume": 1000,
        "transfer_good": [0],
        "transfer_count": [0],
        "path": "huizhang_14zhihui_png",
        "from": [0,4],
        "des": "充满智慧的徽章，猎人晋升时用来证明自己能力。",
        "use_tips": 0
    },
    "60143": {
        "id": 60143,
        "no_use": 143,
        "name": "奇迹徽章·14级",
        "fullName": "奇迹徽章·13级",
        "quality": 5,
        "price": 3600,
        "drop_count": 20,
        "drop_time": 20,
        "overdue_time": "",
        "compose": 71025,
        "level": 14,
        "count": 1,
        "consume": 1000,
        "transfer_good": [0],
        "transfer_count": [0],
        "path": "huizhang_14qiji_png",
        "from": [0,4],
        "des": "充满奇迹的徽章，猎人晋升时用来证明自己能力。",
        "use_tips": 0
    },
    "60144": {
        "id": 60144,
        "no_use": 144,
        "name": "信仰徽章·14级",
        "fullName": "信仰徽章·13级",
        "quality": 5,
        "price": 3600,
        "drop_count": 20,
        "drop_time": 20,
        "overdue_time": "",
        "compose": 71025,
        "level": 14,
        "count": 1,
        "consume": 1000,
        "transfer_good": [0],
        "transfer_count": [0],
        "path": "huizhang_14xinyang_png",
        "from": [0,4],
        "des": "充满信仰的徽章，猎人晋升时用来证明自己能力。",
        "use_tips": 0
    },
    "60145": {
        "id": 60145,
        "no_use": 145,
        "name": "力量徽章·14级",
        "fullName": "力量徽章·13级",
        "quality": 5,
        "price": 3600,
        "drop_count": 20,
        "drop_time": 20,
        "overdue_time": "",
        "compose": 71025,
        "level": 14,
        "count": 1,
        "consume": 1000,
        "transfer_good": [0],
        "transfer_count": [0],
        "path": "huizhang_14liliang_png",
        "from": [0,4],
        "des": "充满力量的徽章，猎人晋升时用来证明自己能力。",
        "use_tips": 0
    },
    "60146": {
        "id": 60146,
        "no_use": 146,
        "name": "敏捷徽章·14级",
        "fullName": "敏捷徽章·13级",
        "quality": 5,
        "price": 3600,
        "drop_count": 20,
        "drop_time": 20,
        "overdue_time": "",
        "compose": 71025,
        "level": 14,
        "count": 1,
        "consume": 1000,
        "transfer_good": [0],
        "transfer_count": [0],
        "path": "huizhang_14minjie_png",
        "from": [0,4],
        "des": "充满敏捷的徽章，猎人晋升时用来证明自己能力。",
        "use_tips": 0
    },
    "60151": {
        "id": 60151,
        "no_use": 151,
        "name": "勇气徽章·15级",
        "fullName": "勇气徽章·13级",
        "quality": 5,
        "price": 3800,
        "drop_count": 20,
        "drop_time": 20,
        "overdue_time": "",
        "compose": 71025,
        "level": 15,
        "count": 1,
        "consume": 1000,
        "transfer_good": [0],
        "transfer_count": [0],
        "path": "huizhang_15yongqi_png",
        "from": [0,4],
        "des": "充满勇气的徽章，猎人晋升时用来证明自己能力。",
        "use_tips": 0
    },
    "60152": {
        "id": 60152,
        "no_use": 152,
        "name": "智慧徽章·15级",
        "fullName": "智慧徽章·13级",
        "quality": 5,
        "price": 3800,
        "drop_count": 20,
        "drop_time": 20,
        "overdue_time": "",
        "compose": 71025,
        "level": 15,
        "count": 1,
        "consume": 1000,
        "transfer_good": [0],
        "transfer_count": [0],
        "path": "huizhang_15zhihui_png",
        "from": [0,4],
        "des": "充满智慧的徽章，猎人晋升时用来证明自己能力。",
        "use_tips": 0
    },
    "60153": {
        "id": 60153,
        "no_use": 153,
        "name": "奇迹徽章·15级",
        "fullName": "奇迹徽章·13级",
        "quality": 5,
        "price": 3800,
        "drop_count": 20,
        "drop_time": 20,
        "overdue_time": "",
        "compose": 71025,
        "level": 15,
        "count": 1,
        "consume": 1000,
        "transfer_good": [0],
        "transfer_count": [0],
        "path": "huizhang_15qiji_png",
        "from": [0,4],
        "des": "充满奇迹的徽章，猎人晋升时用来证明自己能力。",
        "use_tips": 0
    },
    "60154": {
        "id": 60154,
        "no_use": 154,
        "name": "信仰徽章·15级",
        "fullName": "信仰徽章·13级",
        "quality": 5,
        "price": 3800,
        "drop_count": 20,
        "drop_time": 20,
        "overdue_time": "",
        "compose": 71025,
        "level": 15,
        "count": 1,
        "consume": 1000,
        "transfer_good": [0],
        "transfer_count": [0],
        "path": "huizhang_15xinyang_png",
        "from": [0,4],
        "des": "充满信仰的徽章，猎人晋升时用来证明自己能力。",
        "use_tips": 0
    },
    "60155": {
        "id": 60155,
        "no_use": 155,
        "name": "力量徽章·15级",
        "fullName": "力量徽章·13级",
        "quality": 5,
        "price": 3800,
        "drop_count": 20,
        "drop_time": 20,
        "overdue_time": "",
        "compose": 71025,
        "level": 15,
        "count": 1,
        "consume": 1000,
        "transfer_good": [0],
        "transfer_count": [0],
        "path": "huizhang_15liliang_png",
        "from": [0,4],
        "des": "充满力量的徽章，猎人晋升时用来证明自己能力。",
        "use_tips": 0
    },
    "60156": {
        "id": 60156,
        "no_use": 156,
        "name": "敏捷徽章·15级",
        "fullName": "敏捷徽章·13级",
        "quality": 5,
        "price": 3800,
        "drop_count": 20,
        "drop_time": 20,
        "overdue_time": "",
        "compose": 71025,
        "level": 15,
        "count": 1,
        "consume": 1000,
        "transfer_good": [0],
        "transfer_count": [0],
        "path": "huizhang_15minjie_png",
        "from": [0,4],
        "des": "充满敏捷的徽章，猎人晋升时用来证明自己能力。",
        "use_tips": 0
    },
    "60161": {
        "id": 60161,
        "no_use": 161,
        "name": "勇气徽章·16级",
        "fullName": "勇气徽章·13级",
        "quality": 5,
        "price": 4000,
        "drop_count": 20,
        "drop_time": 20,
        "overdue_time": "",
        "compose": 71025,
        "level": 16,
        "count": 1,
        "consume": 1000,
        "transfer_good": [0],
        "transfer_count": [0],
        "path": "huizhang_16yongqi_png",
        "from": [0,4],
        "des": "充满勇气的徽章，猎人晋升时用来证明自己能力。",
        "use_tips": 0
    },
    "60162": {
        "id": 60162,
        "no_use": 162,
        "name": "智慧徽章·16级",
        "fullName": "智慧徽章·13级",
        "quality": 5,
        "price": 4000,
        "drop_count": 20,
        "drop_time": 20,
        "overdue_time": "",
        "compose": 71025,
        "level": 16,
        "count": 1,
        "consume": 1000,
        "transfer_good": [0],
        "transfer_count": [0],
        "path": "huizhang_16zhihui_png",
        "from": [0,4],
        "des": "充满智慧的徽章，猎人晋升时用来证明自己能力。",
        "use_tips": 0
    },
    "60163": {
        "id": 60163,
        "no_use": 163,
        "name": "奇迹徽章·16级",
        "fullName": "奇迹徽章·13级",
        "quality": 5,
        "price": 4000,
        "drop_count": 20,
        "drop_time": 20,
        "overdue_time": "",
        "compose": 71025,
        "level": 16,
        "count": 1,
        "consume": 1000,
        "transfer_good": [0],
        "transfer_count": [0],
        "path": "huizhang_16qiji_png",
        "from": [0,4],
        "des": "充满奇迹的徽章，猎人晋升时用来证明自己能力。",
        "use_tips": 0
    },
    "60164": {
        "id": 60164,
        "no_use": 164,
        "name": "信仰徽章·16级",
        "fullName": "信仰徽章·13级",
        "quality": 5,
        "price": 4000,
        "drop_count": 20,
        "drop_time": 20,
        "overdue_time": "",
        "compose": 71025,
        "level": 16,
        "count": 1,
        "consume": 1000,
        "transfer_good": [0],
        "transfer_count": [0],
        "path": "huizhang_16xinyang_png",
        "from": [0,4],
        "des": "充满信仰的徽章，猎人晋升时用来证明自己能力。",
        "use_tips": 0
    },
    "60165": {
        "id": 60165,
        "no_use": 165,
        "name": "力量徽章·16级",
        "fullName": "力量徽章·13级",
        "quality": 5,
        "price": 4000,
        "drop_count": 20,
        "drop_time": 20,
        "overdue_time": "",
        "compose": 71025,
        "level": 16,
        "count": 1,
        "consume": 1000,
        "transfer_good": [0],
        "transfer_count": [0],
        "path": "huizhang_16liliang_png",
        "from": [0,4],
        "des": "充满力量的徽章，猎人晋升时用来证明自己能力。",
        "use_tips": 0
    },
    "60166": {
        "id": 60166,
        "no_use": 166,
        "name": "敏捷徽章·16级",
        "fullName": "敏捷徽章·13级",
        "quality": 5,
        "price": 4000,
        "drop_count": 20,
        "drop_time": 20,
        "overdue_time": "",
        "compose": 71025,
        "level": 16,
        "count": 1,
        "consume": 1000,
        "transfer_good": [0],
        "transfer_count": [0],
        "path": "huizhang_16minjie_png",
        "from": [0,4],
        "des": "充满敏捷的徽章，猎人晋升时用来证明自己能力。",
        "use_tips": 0
    },
    "60171": {
        "id": 60171,
        "no_use": 171,
        "name": "勇气徽章·17级",
        "fullName": "勇气徽章·17级",
        "quality": 6,
        "price": 4200,
        "drop_count": 20,
        "drop_time": 20,
        "overdue_time": "",
        "compose": 71025,
        "level": 17,
        "count": 1,
        "consume": 1000,
        "transfer_good": [0],
        "transfer_count": [0],
        "path": "huizhang_17yongqi_png",
        "from": [0,41],
        "des": "充满勇气的徽章，猎人晋升时用来证明自己能力。",
        "use_tips": 0
    },
    "60172": {
        "id": 60172,
        "no_use": 172,
        "name": "智慧徽章·17级",
        "fullName": "智慧徽章·17级",
        "quality": 6,
        "price": 4200,
        "drop_count": 20,
        "drop_time": 20,
        "overdue_time": "",
        "compose": 71025,
        "level": 17,
        "count": 1,
        "consume": 1000,
        "transfer_good": [0],
        "transfer_count": [0],
        "path": "huizhang_17zhihui_png",
        "from": [0,41],
        "des": "充满智慧的徽章，猎人晋升时用来证明自己能力。",
        "use_tips": 0
    },
    "60173": {
        "id": 60173,
        "no_use": 173,
        "name": "奇迹徽章·17级",
        "fullName": "奇迹徽章·17级",
        "quality": 6,
        "price": 4200,
        "drop_count": 20,
        "drop_time": 20,
        "overdue_time": "",
        "compose": 71025,
        "level": 17,
        "count": 1,
        "consume": 1000,
        "transfer_good": [0],
        "transfer_count": [0],
        "path": "huizhang_17qiji_png",
        "from": [0,41],
        "des": "充满奇迹的徽章，猎人晋升时用来证明自己能力。",
        "use_tips": 0
    },
    "60174": {
        "id": 60174,
        "no_use": 174,
        "name": "信仰徽章·17级",
        "fullName": "信仰徽章·17级",
        "quality": 6,
        "price": 4200,
        "drop_count": 20,
        "drop_time": 20,
        "overdue_time": "",
        "compose": 71025,
        "level": 17,
        "count": 1,
        "consume": 1000,
        "transfer_good": [0],
        "transfer_count": [0],
        "path": "huizhang_17xinyang_png",
        "from": [0,41],
        "des": "充满信仰的徽章，猎人晋升时用来证明自己能力。",
        "use_tips": 0
    },
    "60175": {
        "id": 60175,
        "no_use": 175,
        "name": "力量徽章·17级",
        "fullName": "力量徽章·17级",
        "quality": 6,
        "price": 4200,
        "drop_count": 20,
        "drop_time": 20,
        "overdue_time": "",
        "compose": 71025,
        "level": 17,
        "count": 1,
        "consume": 1000,
        "transfer_good": [0],
        "transfer_count": [0],
        "path": "huizhang_17liliang_png",
        "from": [0,41],
        "des": "充满力量的徽章，猎人晋升时用来证明自己能力。",
        "use_tips": 0
    },
    "60176": {
        "id": 60176,
        "no_use": 176,
        "name": "敏捷徽章·17级",
        "fullName": "敏捷徽章·17级",
        "quality": 6,
        "price": 4200,
        "drop_count": 20,
        "drop_time": 20,
        "overdue_time": "",
        "compose": 71025,
        "level": 17,
        "count": 1,
        "consume": 1000,
        "transfer_good": [0],
        "transfer_count": [0],
        "path": "huizhang_17minjie_png",
        "from": [0,41],
        "des": "充满敏捷的徽章，猎人晋升时用来证明自己能力。",
        "use_tips": 0
    },
    "60181": {
        "id": 60181,
        "no_use": 181,
        "name": "勇气徽章·18级",
        "fullName": "勇气徽章·18级",
        "quality": 6,
        "price": 4400,
        "drop_count": 20,
        "drop_time": 20,
        "overdue_time": "",
        "compose": 71025,
        "level": 18,
        "count": 1,
        "consume": 1000,
        "transfer_good": [0],
        "transfer_count": [0],
        "path": "huizhang_18yongqi_png",
        "from": [0,41],
        "des": "充满勇气的徽章，猎人晋升时用来证明自己能力。",
        "use_tips": 0
    },
    "60182": {
        "id": 60182,
        "no_use": 182,
        "name": "智慧徽章·18级",
        "fullName": "智慧徽章·18级",
        "quality": 6,
        "price": 4400,
        "drop_count": 20,
        "drop_time": 20,
        "overdue_time": "",
        "compose": 71025,
        "level": 18,
        "count": 1,
        "consume": 1000,
        "transfer_good": [0],
        "transfer_count": [0],
        "path": "huizhang_18zhihui_png",
        "from": [0,41],
        "des": "充满智慧的徽章，猎人晋升时用来证明自己能力。",
        "use_tips": 0
    },
    "60183": {
        "id": 60183,
        "no_use": 183,
        "name": "奇迹徽章·18级",
        "fullName": "奇迹徽章·18级",
        "quality": 6,
        "price": 4400,
        "drop_count": 20,
        "drop_time": 20,
        "overdue_time": "",
        "compose": 71025,
        "level": 18,
        "count": 1,
        "consume": 1000,
        "transfer_good": [0],
        "transfer_count": [0],
        "path": "huizhang_18qiji_png",
        "from": [0,41],
        "des": "充满奇迹的徽章，猎人晋升时用来证明自己能力。",
        "use_tips": 0
    },
    "60184": {
        "id": 60184,
        "no_use": 184,
        "name": "信仰徽章·18级",
        "fullName": "信仰徽章·18级",
        "quality": 6,
        "price": 4400,
        "drop_count": 20,
        "drop_time": 20,
        "overdue_time": "",
        "compose": 71025,
        "level": 18,
        "count": 1,
        "consume": 1000,
        "transfer_good": [0],
        "transfer_count": [0],
        "path": "huizhang_18xinyang_png",
        "from": [0,41],
        "des": "充满信仰的徽章，猎人晋升时用来证明自己能力。",
        "use_tips": 0
    },
    "60185": {
        "id": 60185,
        "no_use": 185,
        "name": "力量徽章·18级",
        "fullName": "力量徽章·18级",
        "quality": 6,
        "price": 4400,
        "drop_count": 20,
        "drop_time": 20,
        "overdue_time": "",
        "compose": 71025,
        "level": 18,
        "count": 1,
        "consume": 1000,
        "transfer_good": [0],
        "transfer_count": [0],
        "path": "huizhang_18liliang_png",
        "from": [0,41],
        "des": "充满力量的徽章，猎人晋升时用来证明自己能力。",
        "use_tips": 0
    },
    "60186": {
        "id": 60186,
        "no_use": 186,
        "name": "敏捷徽章·18级",
        "fullName": "敏捷徽章·18级",
        "quality": 6,
        "price": 4400,
        "drop_count": 20,
        "drop_time": 20,
        "overdue_time": "",
        "compose": 71025,
        "level": 18,
        "count": 1,
        "consume": 1000,
        "transfer_good": [0],
        "transfer_count": [0],
        "path": "huizhang_18minjie_png",
        "from": [0,41],
        "des": "充满敏捷的徽章，猎人晋升时用来证明自己能力。",
        "use_tips": 0
    },
    "60191": {
        "id": 60191,
        "no_use": 191,
        "name": "勇气徽章·19级",
        "fullName": "勇气徽章·19级",
        "quality": 6,
        "price": 4600,
        "drop_count": 20,
        "drop_time": 20,
        "overdue_time": "",
        "compose": 71025,
        "level": 19,
        "count": 1,
        "consume": 1000,
        "transfer_good": [0],
        "transfer_count": [0],
        "path": "huizhang_19yongqi_png",
        "from": [0,41],
        "des": "充满勇气的徽章，猎人晋升时用来证明自己能力。",
        "use_tips": 0
    },
    "60192": {
        "id": 60192,
        "no_use": 192,
        "name": "智慧徽章·19级",
        "fullName": "智慧徽章·19级",
        "quality": 6,
        "price": 4600,
        "drop_count": 20,
        "drop_time": 20,
        "overdue_time": "",
        "compose": 71025,
        "level": 19,
        "count": 1,
        "consume": 1000,
        "transfer_good": [0],
        "transfer_count": [0],
        "path": "huizhang_19zhihui_png",
        "from": [0,41],
        "des": "充满智慧的徽章，猎人晋升时用来证明自己能力。",
        "use_tips": 0
    },
    "60193": {
        "id": 60193,
        "no_use": 193,
        "name": "奇迹徽章·19级",
        "fullName": "奇迹徽章·19级",
        "quality": 6,
        "price": 4600,
        "drop_count": 20,
        "drop_time": 20,
        "overdue_time": "",
        "compose": 71025,
        "level": 19,
        "count": 1,
        "consume": 1000,
        "transfer_good": [0],
        "transfer_count": [0],
        "path": "huizhang_19qiji_png",
        "from": [0,41],
        "des": "充满奇迹的徽章，猎人晋升时用来证明自己能力。",
        "use_tips": 0
    },
    "60194": {
        "id": 60194,
        "no_use": 194,
        "name": "信仰徽章·19级",
        "fullName": "信仰徽章·19级",
        "quality": 6,
        "price": 4600,
        "drop_count": 20,
        "drop_time": 20,
        "overdue_time": "",
        "compose": 71025,
        "level": 19,
        "count": 1,
        "consume": 1000,
        "transfer_good": [0],
        "transfer_count": [0],
        "path": "huizhang_19xinyang_png",
        "from": [0,41],
        "des": "充满信仰的徽章，猎人晋升时用来证明自己能力。",
        "use_tips": 0
    },
    "60195": {
        "id": 60195,
        "no_use": 195,
        "name": "力量徽章·19级",
        "fullName": "力量徽章·19级",
        "quality": 6,
        "price": 4600,
        "drop_count": 20,
        "drop_time": 20,
        "overdue_time": "",
        "compose": 71025,
        "level": 19,
        "count": 1,
        "consume": 1000,
        "transfer_good": [0],
        "transfer_count": [0],
        "path": "huizhang_19liliang_png",
        "from": [0,41],
        "des": "充满力量的徽章，猎人晋升时用来证明自己能力。",
        "use_tips": 0
    },
    "60196": {
        "id": 60196,
        "no_use": 196,
        "name": "敏捷徽章·19级",
        "fullName": "敏捷徽章·19级",
        "quality": 6,
        "price": 4600,
        "drop_count": 20,
        "drop_time": 20,
        "overdue_time": "",
        "compose": 71025,
        "level": 19,
        "count": 1,
        "consume": 1000,
        "transfer_good": [0],
        "transfer_count": [0],
        "path": "huizhang_19minjie_png",
        "from": [0,41],
        "des": "充满敏捷的徽章，猎人晋升时用来证明自己能力。",
        "use_tips": 0
    },
    "60201": {
        "id": 60201,
        "no_use": 201,
        "name": "勇气徽章·20级",
        "fullName": "勇气徽章·20级",
        "quality": 6,
        "price": 4800,
        "drop_count": 20,
        "drop_time": 20,
        "overdue_time": "",
        "compose": 71025,
        "level": 20,
        "count": 1,
        "consume": 1000,
        "transfer_good": [0],
        "transfer_count": [0],
        "path": "huizhang_20yongqi_png",
        "from": [0,41],
        "des": "充满勇气的徽章，猎人晋升时用来证明自己能力。",
        "use_tips": 0
    },
    "60202": {
        "id": 60202,
        "no_use": 202,
        "name": "智慧徽章·20级",
        "fullName": "智慧徽章·20级",
        "quality": 6,
        "price": 4800,
        "drop_count": 20,
        "drop_time": 20,
        "overdue_time": "",
        "compose": 71025,
        "level": 20,
        "count": 1,
        "consume": 1000,
        "transfer_good": [0],
        "transfer_count": [0],
        "path": "huizhang_20zhihui_png",
        "from": [0,41],
        "des": "充满智慧的徽章，猎人晋升时用来证明自己能力。",
        "use_tips": 0
    },
    "60203": {
        "id": 60203,
        "no_use": 203,
        "name": "奇迹徽章·20级",
        "fullName": "奇迹徽章·20级",
        "quality": 6,
        "price": 4800,
        "drop_count": 20,
        "drop_time": 20,
        "overdue_time": "",
        "compose": 71025,
        "level": 20,
        "count": 1,
        "consume": 1000,
        "transfer_good": [0],
        "transfer_count": [0],
        "path": "huizhang_20qiji_png",
        "from": [0,41],
        "des": "充满奇迹的徽章，猎人晋升时用来证明自己能力。",
        "use_tips": 0
    },
    "60204": {
        "id": 60204,
        "no_use": 204,
        "name": "信仰徽章·20级",
        "fullName": "信仰徽章·20级",
        "quality": 6,
        "price": 4800,
        "drop_count": 20,
        "drop_time": 20,
        "overdue_time": "",
        "compose": 71025,
        "level": 20,
        "count": 1,
        "consume": 1000,
        "transfer_good": [0],
        "transfer_count": [0],
        "path": "huizhang_20xinyang_png",
        "from": [0,41],
        "des": "充满信仰的徽章，猎人晋升时用来证明自己能力。",
        "use_tips": 0
    },
    "60205": {
        "id": 60205,
        "no_use": 205,
        "name": "力量徽章·20级",
        "fullName": "力量徽章·20级",
        "quality": 6,
        "price": 4800,
        "drop_count": 20,
        "drop_time": 20,
        "overdue_time": "",
        "compose": 71025,
        "level": 20,
        "count": 1,
        "consume": 1000,
        "transfer_good": [0],
        "transfer_count": [0],
        "path": "huizhang_20liliang_png",
        "from": [0,41],
        "des": "充满力量的徽章，猎人晋升时用来证明自己能力。",
        "use_tips": 0
    },
    "60206": {
        "id": 60206,
        "no_use": 206,
        "name": "敏捷徽章·20级",
        "fullName": "敏捷徽章·20级",
        "quality": 6,
        "price": 4800,
        "drop_count": 20,
        "drop_time": 20,
        "overdue_time": "",
        "compose": 71025,
        "level": 20,
        "count": 1,
        "consume": 1000,
        "transfer_good": [0],
        "transfer_count": [0],
        "path": "huizhang_20minjie_png",
        "from": [0,41],
        "des": "充满敏捷的徽章，猎人晋升时用来证明自己能力。",
        "use_tips": 0
    },
    "60211": {
        "id": 60211,
        "no_use": 211,
        "name": "勇气徽章·21级",
        "fullName": "勇气徽章·21级",
        "quality": 6,
        "price": 5000,
        "drop_count": 20,
        "drop_time": 20,
        "overdue_time": "",
        "compose": 71025,
        "level": 21,
        "count": 1,
        "consume": 1000,
        "transfer_good": [0],
        "transfer_count": [0],
        "path": "huizhang_20yongqi_png",
        "from": [0,41],
        "des": "充满勇气的徽章，猎人晋升时用来证明自己能力。",
        "use_tips": 0
    },
    "60212": {
        "id": 60212,
        "no_use": 212,
        "name": "智慧徽章·21级",
        "fullName": "智慧徽章·21级",
        "quality": 6,
        "price": 5000,
        "drop_count": 20,
        "drop_time": 20,
        "overdue_time": "",
        "compose": 71025,
        "level": 21,
        "count": 1,
        "consume": 1000,
        "transfer_good": [0],
        "transfer_count": [0],
        "path": "huizhang_20zhihui_png",
        "from": [0,41],
        "des": "充满智慧的徽章，猎人晋升时用来证明自己能力。",
        "use_tips": 0
    },
    "60213": {
        "id": 60213,
        "no_use": 213,
        "name": "奇迹徽章·21级",
        "fullName": "奇迹徽章·21级",
        "quality": 6,
        "price": 5000,
        "drop_count": 20,
        "drop_time": 20,
        "overdue_time": "",
        "compose": 71025,
        "level": 21,
        "count": 1,
        "consume": 1000,
        "transfer_good": [0],
        "transfer_count": [0],
        "path": "huizhang_20qiji_png",
        "from": [0,41],
        "des": "充满奇迹的徽章，猎人晋升时用来证明自己能力。",
        "use_tips": 0
    },
    "60214": {
        "id": 60214,
        "no_use": 214,
        "name": "信仰徽章·21级",
        "fullName": "信仰徽章·21级",
        "quality": 6,
        "price": 5000,
        "drop_count": 20,
        "drop_time": 20,
        "overdue_time": "",
        "compose": 71025,
        "level": 21,
        "count": 1,
        "consume": 1000,
        "transfer_good": [0],
        "transfer_count": [0],
        "path": "huizhang_20xinyang_png",
        "from": [0,41],
        "des": "充满信仰的徽章，猎人晋升时用来证明自己能力。",
        "use_tips": 0
    },
    "60215": {
        "id": 60215,
        "no_use": 215,
        "name": "力量徽章·21级",
        "fullName": "力量徽章·21级",
        "quality": 6,
        "price": 5000,
        "drop_count": 20,
        "drop_time": 20,
        "overdue_time": "",
        "compose": 71025,
        "level": 21,
        "count": 1,
        "consume": 1000,
        "transfer_good": [0],
        "transfer_count": [0],
        "path": "huizhang_20liliang_png",
        "from": [0,41],
        "des": "充满力量的徽章，猎人晋升时用来证明自己能力。",
        "use_tips": 0
    },
    "60216": {
        "id": 60216,
        "no_use": 216,
        "name": "敏捷徽章·21级",
        "fullName": "敏捷徽章·21级",
        "quality": 6,
        "price": 5000,
        "drop_count": 20,
        "drop_time": 20,
        "overdue_time": "",
        "compose": 71025,
        "level": 21,
        "count": 1,
        "consume": 1000,
        "transfer_good": [0],
        "transfer_count": [0],
        "path": "huizhang_20minjie_png",
        "from": [0,41],
        "des": "充满敏捷的徽章，猎人晋升时用来证明自己能力。",
        "use_tips": 0
    },
    "60221": {
        "id": 60221,
        "no_use": 221,
        "name": "勇气徽章·22级",
        "fullName": "勇气徽章·22级",
        "quality": 6,
        "price": 5200,
        "drop_count": 20,
        "drop_time": 20,
        "overdue_time": "",
        "compose": 71025,
        "level": 22,
        "count": 1,
        "consume": 1000,
        "transfer_good": [0],
        "transfer_count": [0],
        "path": "huizhang_20yongqi_png",
        "from": [0,41],
        "des": "充满勇气的徽章，猎人晋升时用来证明自己能力。",
        "use_tips": 0
    },
    "60222": {
        "id": 60222,
        "no_use": 222,
        "name": "智慧徽章·22级",
        "fullName": "智慧徽章·22级",
        "quality": 6,
        "price": 5200,
        "drop_count": 20,
        "drop_time": 20,
        "overdue_time": "",
        "compose": 71025,
        "level": 22,
        "count": 1,
        "consume": 1000,
        "transfer_good": [0],
        "transfer_count": [0],
        "path": "huizhang_20zhihui_png",
        "from": [0,41],
        "des": "充满智慧的徽章，猎人晋升时用来证明自己能力。",
        "use_tips": 0
    },
    "60223": {
        "id": 60223,
        "no_use": 223,
        "name": "奇迹徽章·22级",
        "fullName": "奇迹徽章·22级",
        "quality": 6,
        "price": 5200,
        "drop_count": 20,
        "drop_time": 20,
        "overdue_time": "",
        "compose": 71025,
        "level": 22,
        "count": 1,
        "consume": 1000,
        "transfer_good": [0],
        "transfer_count": [0],
        "path": "huizhang_20qiji_png",
        "from": [0,41],
        "des": "充满奇迹的徽章，猎人晋升时用来证明自己能力。",
        "use_tips": 0
    },
    "60224": {
        "id": 60224,
        "no_use": 224,
        "name": "信仰徽章·22级",
        "fullName": "信仰徽章·22级",
        "quality": 6,
        "price": 5200,
        "drop_count": 20,
        "drop_time": 20,
        "overdue_time": "",
        "compose": 71025,
        "level": 22,
        "count": 1,
        "consume": 1000,
        "transfer_good": [0],
        "transfer_count": [0],
        "path": "huizhang_20xinyang_png",
        "from": [0,41],
        "des": "充满信仰的徽章，猎人晋升时用来证明自己能力。",
        "use_tips": 0
    },
    "60225": {
        "id": 60225,
        "no_use": 225,
        "name": "力量徽章·22级",
        "fullName": "力量徽章·22级",
        "quality": 6,
        "price": 5200,
        "drop_count": 20,
        "drop_time": 20,
        "overdue_time": "",
        "compose": 71025,
        "level": 22,
        "count": 1,
        "consume": 1000,
        "transfer_good": [0],
        "transfer_count": [0],
        "path": "huizhang_20liliang_png",
        "from": [0,41],
        "des": "充满力量的徽章，猎人晋升时用来证明自己能力。",
        "use_tips": 0
    },
    "60226": {
        "id": 60226,
        "no_use": 226,
        "name": "敏捷徽章·22级",
        "fullName": "敏捷徽章·22级",
        "quality": 6,
        "price": 5200,
        "drop_count": 20,
        "drop_time": 20,
        "overdue_time": "",
        "compose": 71025,
        "level": 22,
        "count": 1,
        "consume": 1000,
        "transfer_good": [0],
        "transfer_count": [0],
        "path": "huizhang_20minjie_png",
        "from": [0,41],
        "des": "充满敏捷的徽章，猎人晋升时用来证明自己能力。",
        "use_tips": 0
    },
    "60231": {
        "id": 60231,
        "no_use": 231,
        "name": "勇气徽章·23级",
        "fullName": "勇气徽章·23级",
        "quality": 6,
        "price": 5400,
        "drop_count": 20,
        "drop_time": 20,
        "overdue_time": "",
        "compose": 71025,
        "level": 23,
        "count": 1,
        "consume": 1000,
        "transfer_good": [0],
        "transfer_count": [0],
        "path": "huizhang_20yongqi_png",
        "from": [0,41],
        "des": "充满勇气的徽章，猎人晋升时用来证明自己能力。",
        "use_tips": 0
    },
    "60232": {
        "id": 60232,
        "no_use": 232,
        "name": "智慧徽章·23级",
        "fullName": "智慧徽章·23级",
        "quality": 6,
        "price": 5400,
        "drop_count": 20,
        "drop_time": 20,
        "overdue_time": "",
        "compose": 71025,
        "level": 23,
        "count": 1,
        "consume": 1000,
        "transfer_good": [0],
        "transfer_count": [0],
        "path": "huizhang_20zhihui_png",
        "from": [0,41],
        "des": "充满智慧的徽章，猎人晋升时用来证明自己能力。",
        "use_tips": 0
    },
    "60233": {
        "id": 60233,
        "no_use": 233,
        "name": "奇迹徽章·23级",
        "fullName": "奇迹徽章·23级",
        "quality": 6,
        "price": 5400,
        "drop_count": 20,
        "drop_time": 20,
        "overdue_time": "",
        "compose": 71025,
        "level": 23,
        "count": 1,
        "consume": 1000,
        "transfer_good": [0],
        "transfer_count": [0],
        "path": "huizhang_20qiji_png",
        "from": [0,41],
        "des": "充满奇迹的徽章，猎人晋升时用来证明自己能力。",
        "use_tips": 0
    },
    "60234": {
        "id": 60234,
        "no_use": 234,
        "name": "信仰徽章·23级",
        "fullName": "信仰徽章·23级",
        "quality": 6,
        "price": 5400,
        "drop_count": 20,
        "drop_time": 20,
        "overdue_time": "",
        "compose": 71025,
        "level": 23,
        "count": 1,
        "consume": 1000,
        "transfer_good": [0],
        "transfer_count": [0],
        "path": "huizhang_20xinyang_png",
        "from": [0,41],
        "des": "充满信仰的徽章，猎人晋升时用来证明自己能力。",
        "use_tips": 0
    },
    "60235": {
        "id": 60235,
        "no_use": 235,
        "name": "力量徽章·23级",
        "fullName": "力量徽章·23级",
        "quality": 6,
        "price": 5400,
        "drop_count": 20,
        "drop_time": 20,
        "overdue_time": "",
        "compose": 71025,
        "level": 23,
        "count": 1,
        "consume": 1000,
        "transfer_good": [0],
        "transfer_count": [0],
        "path": "huizhang_20liliang_png",
        "from": [0,41],
        "des": "充满力量的徽章，猎人晋升时用来证明自己能力。",
        "use_tips": 0
    },
    "60236": {
        "id": 60236,
        "no_use": 236,
        "name": "敏捷徽章·23级",
        "fullName": "敏捷徽章·23级",
        "quality": 6,
        "price": 5400,
        "drop_count": 20,
        "drop_time": 20,
        "overdue_time": "",
        "compose": 71025,
        "level": 23,
        "count": 1,
        "consume": 1000,
        "transfer_good": [0],
        "transfer_count": [0],
        "path": "huizhang_20minjie_png",
        "from": [0,41],
        "des": "充满敏捷的徽章，猎人晋升时用来证明自己能力。",
        "use_tips": 0
    },
    "60241": {
        "id": 60241,
        "no_use": 241,
        "name": "勇气徽章·24级",
        "fullName": "勇气徽章·24级",
        "quality": 6,
        "price": 5600,
        "drop_count": 20,
        "drop_time": 20,
        "overdue_time": "",
        "compose": 71025,
        "level": 24,
        "count": 1,
        "consume": 1000,
        "transfer_good": [0],
        "transfer_count": [0],
        "path": "huizhang_20yongqi_png",
        "from": [0,41],
        "des": "充满勇气的徽章，猎人晋升时用来证明自己能力。",
        "use_tips": 0
    },
    "60242": {
        "id": 60242,
        "no_use": 242,
        "name": "智慧徽章·24级",
        "fullName": "智慧徽章·24级",
        "quality": 6,
        "price": 5600,
        "drop_count": 20,
        "drop_time": 20,
        "overdue_time": "",
        "compose": 71025,
        "level": 24,
        "count": 1,
        "consume": 1000,
        "transfer_good": [0],
        "transfer_count": [0],
        "path": "huizhang_20zhihui_png",
        "from": [0,41],
        "des": "充满智慧的徽章，猎人晋升时用来证明自己能力。",
        "use_tips": 0
    },
    "60243": {
        "id": 60243,
        "no_use": 243,
        "name": "奇迹徽章·24级",
        "fullName": "奇迹徽章·24级",
        "quality": 6,
        "price": 5600,
        "drop_count": 20,
        "drop_time": 20,
        "overdue_time": "",
        "compose": 71025,
        "level": 24,
        "count": 1,
        "consume": 1000,
        "transfer_good": [0],
        "transfer_count": [0],
        "path": "huizhang_20qiji_png",
        "from": [0,41],
        "des": "充满奇迹的徽章，猎人晋升时用来证明自己能力。",
        "use_tips": 0
    },
    "60244": {
        "id": 60244,
        "no_use": 244,
        "name": "信仰徽章·24级",
        "fullName": "信仰徽章·24级",
        "quality": 6,
        "price": 5600,
        "drop_count": 20,
        "drop_time": 20,
        "overdue_time": "",
        "compose": 71025,
        "level": 24,
        "count": 1,
        "consume": 1000,
        "transfer_good": [0],
        "transfer_count": [0],
        "path": "huizhang_20xinyang_png",
        "from": [0,41],
        "des": "充满信仰的徽章，猎人晋升时用来证明自己能力。",
        "use_tips": 0
    },
    "60245": {
        "id": 60245,
        "no_use": 245,
        "name": "力量徽章·24级",
        "fullName": "力量徽章·24级",
        "quality": 6,
        "price": 5600,
        "drop_count": 20,
        "drop_time": 20,
        "overdue_time": "",
        "compose": 71025,
        "level": 24,
        "count": 1,
        "consume": 1000,
        "transfer_good": [0],
        "transfer_count": [0],
        "path": "huizhang_20liliang_png",
        "from": [0,41],
        "des": "充满力量的徽章，猎人晋升时用来证明自己能力。",
        "use_tips": 0
    },
    "60246": {
        "id": 60246,
        "no_use": 246,
        "name": "敏捷徽章·24级",
        "fullName": "敏捷徽章·24级",
        "quality": 6,
        "price": 5600,
        "drop_count": 20,
        "drop_time": 20,
        "overdue_time": "",
        "compose": 71025,
        "level": 24,
        "count": 1,
        "consume": 1000,
        "transfer_good": [0],
        "transfer_count": [0],
        "path": "huizhang_20minjie_png",
        "from": [0,41],
        "des": "充满敏捷的徽章，猎人晋升时用来证明自己能力。",
        "use_tips": 0
    },
    "60251": {
        "id": 60251,
        "no_use": 251,
        "name": "勇气徽章·25级",
        "fullName": "勇气徽章·25级",
        "quality": 6,
        "price": 5800,
        "drop_count": 20,
        "drop_time": 20,
        "overdue_time": "",
        "compose": 71025,
        "level": 25,
        "count": 1,
        "consume": 1000,
        "transfer_good": [0],
        "transfer_count": [0],
        "path": "huizhang_20yongqi_png",
        "from": [0,41],
        "des": "充满勇气的徽章，猎人晋升时用来证明自己能力。",
        "use_tips": 0
    },
    "60252": {
        "id": 60252,
        "no_use": 252,
        "name": "智慧徽章·25级",
        "fullName": "智慧徽章·25级",
        "quality": 6,
        "price": 5800,
        "drop_count": 20,
        "drop_time": 20,
        "overdue_time": "",
        "compose": 71025,
        "level": 25,
        "count": 1,
        "consume": 1000,
        "transfer_good": [0],
        "transfer_count": [0],
        "path": "huizhang_20zhihui_png",
        "from": [0,41],
        "des": "充满智慧的徽章，猎人晋升时用来证明自己能力。",
        "use_tips": 0
    },
    "60253": {
        "id": 60253,
        "no_use": 253,
        "name": "奇迹徽章·25级",
        "fullName": "奇迹徽章·25级",
        "quality": 6,
        "price": 5800,
        "drop_count": 20,
        "drop_time": 20,
        "overdue_time": "",
        "compose": 71025,
        "level": 25,
        "count": 1,
        "consume": 1000,
        "transfer_good": [0],
        "transfer_count": [0],
        "path": "huizhang_20qiji_png",
        "from": [0,41],
        "des": "充满奇迹的徽章，猎人晋升时用来证明自己能力。",
        "use_tips": 0
    },
    "60254": {
        "id": 60254,
        "no_use": 254,
        "name": "信仰徽章·25级",
        "fullName": "信仰徽章·25级",
        "quality": 6,
        "price": 5800,
        "drop_count": 20,
        "drop_time": 20,
        "overdue_time": "",
        "compose": 71025,
        "level": 25,
        "count": 1,
        "consume": 1000,
        "transfer_good": [0],
        "transfer_count": [0],
        "path": "huizhang_20xinyang_png",
        "from": [0,41],
        "des": "充满信仰的徽章，猎人晋升时用来证明自己能力。",
        "use_tips": 0
    },
    "60255": {
        "id": 60255,
        "no_use": 255,
        "name": "力量徽章·25级",
        "fullName": "力量徽章·25级",
        "quality": 6,
        "price": 5800,
        "drop_count": 20,
        "drop_time": 20,
        "overdue_time": "",
        "compose": 71025,
        "level": 25,
        "count": 1,
        "consume": 1000,
        "transfer_good": [0],
        "transfer_count": [0],
        "path": "huizhang_20liliang_png",
        "from": [0,41],
        "des": "充满力量的徽章，猎人晋升时用来证明自己能力。",
        "use_tips": 0
    },
    "60256": {
        "id": 60256,
        "no_use": 256,
        "name": "敏捷徽章·25级",
        "fullName": "敏捷徽章·25级",
        "quality": 6,
        "price": 5800,
        "drop_count": 20,
        "drop_time": 20,
        "overdue_time": "",
        "compose": 71025,
        "level": 25,
        "count": 1,
        "consume": 1000,
        "transfer_good": [0],
        "transfer_count": [0],
        "path": "huizhang_20minjie_png",
        "from": [0,41],
        "des": "充满敏捷的徽章，猎人晋升时用来证明自己能力。",
        "use_tips": 0
    }}
