{
    "0": {
        "level": 0,
        "text1": [0],
        "text2": [23,24],
        "buy_plate": 3,
        "buy_wanted_time": 1,
        "buy_arrest_time": 1,
        "buy_hunt_time": 1,
        "quick_skill_up": 1,
        "all_skill_up": 1,
        "quick_equip_up": 1,
        "all_equip_up": 1,
        "buy_money": 20,
        "buy_money_rand": 100,
        "buy_money_cirt": [[1,2,3],[300,300,200]],
        "buy_mobs": 3,
        "is_sweep": 1,
        "lottery_time": 9,
        "ladder": 5,
        "visit_immortal": 5,
        "tower": 1,
        "tower_sweep_sapce": 10,
        "tower_auto": 0,
        "sign_supply_time": 0,
        "relation_count": 25,
        "reward_power": 25,
        "pic_frame": "",
        "chest_ten_sliver": 1,
        "chest_ten_gold": 1,
        "wanted_time": 2,
        "arrest_time": 2,
        "hunt_time": 3,
        "wanted_add": 0,
        "wanted_sweep": 0,
        "wanted_refresh": 2,
        "secret_free": 1,
        "league_animel_feed": 0,
        "league_party_add": 1,
        "league_fishing": 2,
        "fishing_refresh": 0,
        "fishing_reward_double": 1,
        "battle_jump": 0,
        "wash_type": 0,
        "strategy_time": 5,
        "gamble_jade_time": 10,
        "jade_quick_compose": 0,
        "jade_auto_refresh": 0,
        "gain_runes_time": 3,
        "change_runes_time": 3,
        "singlecraft_buy": 5,
        "singlecraft_free": 6,
        "assist_time": 10,
        "reward_group_mail": 10,
        "tree_cirt": [[11001,15000],[11002,3],[11003,10]],
        "xuyuan_free": 1,
        "mall_relic_time": 5,
        "search_count": 0
    },
    "1": {
        "level": 1,
        "text1": [0],
        "text2": [0],
        "buy_plate": 3,
        "buy_wanted_time": 1,
        "buy_arrest_time": 1,
        "buy_hunt_time": 1,
        "quick_skill_up": 1,
        "all_skill_up": 1,
        "quick_equip_up": 1,
        "all_equip_up": 1,
        "buy_money": 25,
        "buy_money_rand": 100,
        "buy_money_cirt": [[1,2,3,4],[300,300,200,100]],
        "buy_mobs": 3,
        "is_sweep": 1,
        "lottery_time": 9,
        "ladder": 5,
        "visit_immortal": 5,
        "tower": 1,
        "tower_sweep_sapce": 10,
        "tower_auto": 0,
        "sign_supply_time": 0,
        "relation_count": 26,
        "reward_power": 26,
        "pic_frame": "",
        "chest_ten_sliver": 1,
        "chest_ten_gold": 1,
        "wanted_time": 2,
        "arrest_time": 2,
        "hunt_time": 3,
        "wanted_add": 0,
        "wanted_sweep": 0,
        "wanted_refresh": 2,
        "secret_free": 1,
        "league_animel_feed": 0,
        "league_party_add": 1,
        "league_fishing": 3,
        "fishing_refresh": 0,
        "fishing_reward_double": 1,
        "battle_jump": 0,
        "wash_type": 0,
        "strategy_time": 5,
        "gamble_jade_time": 10,
        "jade_quick_compose": 0,
        "jade_auto_refresh": 0,
        "gain_runes_time": 3,
        "change_runes_time": 3,
        "singlecraft_buy": 5,
        "singlecraft_free": 6,
        "assist_time": 10,
        "reward_group_mail": 10,
        "tree_cirt": [[11001,15000],[11002,3],[11003,16]],
        "xuyuan_free": 1,
        "mall_relic_time": 5,
        "search_count": 0
    },
    "2": {
        "level": 2,
        "text1": [0],
        "text2": [0],
        "buy_plate": 3,
        "buy_wanted_time": 1,
        "buy_arrest_time": 1,
        "buy_hunt_time": 1,
        "quick_skill_up": 1,
        "all_skill_up": 1,
        "quick_equip_up": 1,
        "all_equip_up": 1,
        "buy_money": 30,
        "buy_money_rand": 100,
        "buy_money_cirt": [[1,2,3,4,5],[300,300,200,100,50]],
        "buy_mobs": 3,
        "is_sweep": 1,
        "lottery_time": 9,
        "ladder": 5,
        "visit_immortal": 5,
        "tower": 1,
        "tower_sweep_sapce": 10,
        "tower_auto": 0,
        "sign_supply_time": 0,
        "relation_count": 30,
        "reward_power": 30,
        "pic_frame": "",
        "chest_ten_sliver": 1,
        "chest_ten_gold": 1,
        "wanted_time": 2,
        "arrest_time": 2,
        "hunt_time": 3,
        "wanted_add": 0,
        "wanted_sweep": 0,
        "wanted_refresh": 2,
        "secret_free": 1,
        "league_animel_feed": 0,
        "league_party_add": 1,
        "league_fishing": 3,
        "fishing_refresh": 0,
        "fishing_reward_double": 1,
        "battle_jump": 0,
        "wash_type": 0,
        "strategy_time": 5,
        "gamble_jade_time": 10,
        "jade_quick_compose": 0,
        "jade_auto_refresh": 0,
        "gain_runes_time": 3,
        "change_runes_time": 3,
        "singlecraft_buy": 5,
        "singlecraft_free": 6,
        "assist_time": 10,
        "reward_group_mail": 10,
        "tree_cirt": [[11001,15000],[11002,3],[11003,16]],
        "xuyuan_free": 1,
        "mall_relic_time": 5,
        "search_count": 1
    },
    "3": {
        "level": 3,
        "text1": [0],
        "text2": [25],
        "buy_plate": 3,
        "buy_wanted_time": 1,
        "buy_arrest_time": 1,
        "buy_hunt_time": 1,
        "quick_skill_up": 1,
        "all_skill_up": 1,
        "quick_equip_up": 1,
        "all_equip_up": 1,
        "buy_money": 35,
        "buy_money_rand": 100,
        "buy_money_cirt": [[1,2,3,4,5,6],[300,300,200,100,50,26]],
        "buy_mobs": 3,
        "is_sweep": 1,
        "lottery_time": 9,
        "ladder": 5,
        "visit_immortal": 5,
        "tower": 1,
        "tower_sweep_sapce": 10,
        "tower_auto": 0,
        "sign_supply_time": 0,
        "relation_count": 35,
        "reward_power": 35,
        "pic_frame": "",
        "chest_ten_sliver": 1,
        "chest_ten_gold": 1,
        "wanted_time": 2,
        "arrest_time": 2,
        "hunt_time": 3,
        "wanted_add": 0,
        "wanted_sweep": 0,
        "wanted_refresh": 2,
        "secret_free": 1,
        "league_animel_feed": 0,
        "league_party_add": 1,
        "league_fishing": 4,
        "fishing_refresh": 0,
        "fishing_reward_double": 1,
        "battle_jump": 0,
        "wash_type": 0,
        "strategy_time": 5,
        "gamble_jade_time": 10,
        "jade_quick_compose": 0,
        "jade_auto_refresh": 0,
        "gain_runes_time": 4,
        "change_runes_time": 3,
        "singlecraft_buy": 5,
        "singlecraft_free": 6,
        "assist_time": 10,
        "reward_group_mail": 10,
        "tree_cirt": [[11001,20000],[11002,3],[11003,16]],
        "xuyuan_free": 1,
        "mall_relic_time": 5,
        "search_count": 1
    },
    "4": {
        "level": 4,
        "text1": [0],
        "text2": [26,27],
        "buy_plate": 3,
        "buy_wanted_time": 1,
        "buy_arrest_time": 1,
        "buy_hunt_time": 1,
        "quick_skill_up": 1,
        "all_skill_up": 1,
        "quick_equip_up": 1,
        "all_equip_up": 1,
        "buy_money": 40,
        "buy_money_rand": 100,
        "buy_money_cirt": [[1,2,3,4,5,6,7],[300,300,200,100,50,26,13]],
        "buy_mobs": 3,
        "is_sweep": 1,
        "lottery_time": 9,
        "ladder": 5,
        "visit_immortal": 5,
        "tower": 1,
        "tower_sweep_sapce": 10,
        "tower_auto": 0,
        "sign_supply_time": 0,
        "relation_count": 40,
        "reward_power": 40,
        "pic_frame": "",
        "chest_ten_sliver": 1,
        "chest_ten_gold": 1,
        "wanted_time": 2,
        "arrest_time": 2,
        "hunt_time": 3,
        "wanted_add": 0,
        "wanted_sweep": 0,
        "wanted_refresh": 2,
        "secret_free": 1,
        "league_animel_feed": 0,
        "league_party_add": 1,
        "league_fishing": 4,
        "fishing_refresh": 0,
        "fishing_reward_double": 1,
        "battle_jump": 0,
        "wash_type": 0,
        "strategy_time": 5,
        "gamble_jade_time": 10,
        "jade_quick_compose": 0,
        "jade_auto_refresh": 0,
        "gain_runes_time": 4,
        "change_runes_time": 3,
        "singlecraft_buy": 5,
        "singlecraft_free": 6,
        "assist_time": 10,
        "reward_group_mail": 10,
        "tree_cirt": [[11001,20000],[11002,3],[11003,16]],
        "xuyuan_free": 1,
        "mall_relic_time": 5,
        "search_count": 2
    },
    "5": {
        "level": 5,
        "text1": [0],
        "text2": [28,29],
        "buy_plate": 3,
        "buy_wanted_time": 1,
        "buy_arrest_time": 1,
        "buy_hunt_time": 1,
        "quick_skill_up": 1,
        "all_skill_up": 1,
        "quick_equip_up": 1,
        "all_equip_up": 1,
        "buy_money": 45,
        "buy_money_rand": 100,
        "buy_money_cirt": [[1,2,3,4,5,6,7,8],[300,300,200,100,50,26,13,6]],
        "buy_mobs": 3,
        "is_sweep": 1,
        "lottery_time": 9,
        "ladder": 5,
        "visit_immortal": 5,
        "tower": 1,
        "tower_sweep_sapce": 10,
        "tower_auto": 0,
        "sign_supply_time": 0,
        "relation_count": 43,
        "reward_power": 43,
        "pic_frame": "",
        "chest_ten_sliver": 1,
        "chest_ten_gold": 1,
        "wanted_time": 2,
        "arrest_time": 2,
        "hunt_time": 3,
        "wanted_add": 0,
        "wanted_sweep": 0,
        "wanted_refresh": 2,
        "secret_free": 1,
        "league_animel_feed": 0,
        "league_party_add": 1,
        "league_fishing": 5,
        "fishing_refresh": 0,
        "fishing_reward_double": 1,
        "battle_jump": 0,
        "wash_type": 0,
        "strategy_time": 5,
        "gamble_jade_time": 10,
        "jade_quick_compose": 0,
        "jade_auto_refresh": 0,
        "gain_runes_time": 5,
        "change_runes_time": 3,
        "singlecraft_buy": 5,
        "singlecraft_free": 6,
        "assist_time": 10,
        "reward_group_mail": 10,
        "tree_cirt": [[11001,20000],[11002,3],[11003,18]],
        "xuyuan_free": 1,
        "mall_relic_time": 5,
        "search_count": 2
    },
    "6": {
        "level": 6,
        "text1": [0],
        "text2": [30,31],
        "buy_plate": 3,
        "buy_wanted_time": 1,
        "buy_arrest_time": 1,
        "buy_hunt_time": 1,
        "quick_skill_up": 1,
        "all_skill_up": 1,
        "quick_equip_up": 1,
        "all_equip_up": 1,
        "buy_money": 50,
        "buy_money_rand": 100,
        "buy_money_cirt": [[1,2,3,4,5,6,7,8,9],[300,300,200,100,50,26,13,6,3]],
        "buy_mobs": 3,
        "is_sweep": 1,
        "lottery_time": 9,
        "ladder": 5,
        "visit_immortal": 5,
        "tower": 1,
        "tower_sweep_sapce": 10,
        "tower_auto": 0,
        "sign_supply_time": 0,
        "relation_count": 46,
        "reward_power": 46,
        "pic_frame": "",
        "chest_ten_sliver": 1,
        "chest_ten_gold": 1,
        "wanted_time": 2,
        "arrest_time": 2,
        "hunt_time": 3,
        "wanted_add": 0,
        "wanted_sweep": 0,
        "wanted_refresh": 2,
        "secret_free": 1,
        "league_animel_feed": 0,
        "league_party_add": 1,
        "league_fishing": 5,
        "fishing_refresh": 0,
        "fishing_reward_double": 1,
        "battle_jump": 0,
        "wash_type": 0,
        "strategy_time": 5,
        "gamble_jade_time": 10,
        "jade_quick_compose": 0,
        "jade_auto_refresh": 0,
        "gain_runes_time": 5,
        "change_runes_time": 3,
        "singlecraft_buy": 5,
        "singlecraft_free": 6,
        "assist_time": 10,
        "reward_group_mail": 10,
        "tree_cirt": [[11001,30000],[11002,3],[11003,18]],
        "xuyuan_free": 1,
        "mall_relic_time": 5,
        "search_count": 3
    },
    "7": {
        "level": 7,
        "text1": [0],
        "text2": [32],
        "buy_plate": 3,
        "buy_wanted_time": 1,
        "buy_arrest_time": 1,
        "buy_hunt_time": 1,
        "quick_skill_up": 1,
        "all_skill_up": 1,
        "quick_equip_up": 1,
        "all_equip_up": 1,
        "buy_money": 55,
        "buy_money_rand": 100,
        "buy_money_cirt": [[1,2,3,4,5,6,7,8,9,10],[300,300,200,100,50,26,13,6,3,1]],
        "buy_mobs": 3,
        "is_sweep": 1,
        "lottery_time": 9,
        "ladder": 5,
        "visit_immortal": 5,
        "tower": 1,
        "tower_sweep_sapce": 10,
        "tower_auto": 0,
        "sign_supply_time": 0,
        "relation_count": 50,
        "reward_power": 50,
        "pic_frame": "",
        "chest_ten_sliver": 1,
        "chest_ten_gold": 1,
        "wanted_time": 2,
        "arrest_time": 2,
        "hunt_time": 3,
        "wanted_add": 0,
        "wanted_sweep": 0,
        "wanted_refresh": 2,
        "secret_free": 1,
        "league_animel_feed": 0,
        "league_party_add": 1,
        "league_fishing": 6,
        "fishing_refresh": 0,
        "fishing_reward_double": 1,
        "battle_jump": 0,
        "wash_type": 0,
        "strategy_time": 5,
        "gamble_jade_time": 10,
        "jade_quick_compose": 0,
        "jade_auto_refresh": 0,
        "gain_runes_time": 6,
        "change_runes_time": 3,
        "singlecraft_buy": 5,
        "singlecraft_free": 6,
        "assist_time": 10,
        "reward_group_mail": 10,
        "tree_cirt": [[11001,30000],[11002,3],[11003,20]],
        "xuyuan_free": 1,
        "mall_relic_time": 5,
        "search_count": 3
    },
    "8": {
        "level": 8,
        "text1": [0],
        "text2": [0],
        "buy_plate": 3,
        "buy_wanted_time": 1,
        "buy_arrest_time": 1,
        "buy_hunt_time": 1,
        "quick_skill_up": 1,
        "all_skill_up": 1,
        "quick_equip_up": 1,
        "all_equip_up": 1,
        "buy_money": 58,
        "buy_money_rand": 100,
        "buy_money_cirt": [[2,3,4,5,6,7,8,9,10],[300,200,100,50,26,13,6,3,1]],
        "buy_mobs": 3,
        "is_sweep": 1,
        "lottery_time": 9,
        "ladder": 5,
        "visit_immortal": 5,
        "tower": 1,
        "tower_sweep_sapce": 10,
        "tower_auto": 0,
        "sign_supply_time": 0,
        "relation_count": 52,
        "reward_power": 52,
        "pic_frame": "",
        "chest_ten_sliver": 1,
        "chest_ten_gold": 1,
        "wanted_time": 2,
        "arrest_time": 2,
        "hunt_time": 3,
        "wanted_add": 0,
        "wanted_sweep": 0,
        "wanted_refresh": 2,
        "secret_free": 1,
        "league_animel_feed": 0,
        "league_party_add": 1,
        "league_fishing": 6,
        "fishing_refresh": 0,
        "fishing_reward_double": 1,
        "battle_jump": 0,
        "wash_type": 0,
        "strategy_time": 5,
        "gamble_jade_time": 10,
        "jade_quick_compose": 0,
        "jade_auto_refresh": 0,
        "gain_runes_time": 7,
        "change_runes_time": 3,
        "singlecraft_buy": 5,
        "singlecraft_free": 6,
        "assist_time": 10,
        "reward_group_mail": 10,
        "tree_cirt": [[11001,40000],[11002,3],[11003,20]],
        "xuyuan_free": 1,
        "mall_relic_time": 5,
        "search_count": 3
    },
    "9": {
        "level": 9,
        "text1": [0],
        "text2": [35],
        "buy_plate": 3,
        "buy_wanted_time": 1,
        "buy_arrest_time": 1,
        "buy_hunt_time": 1,
        "quick_skill_up": 1,
        "all_skill_up": 1,
        "quick_equip_up": 1,
        "all_equip_up": 1,
        "buy_money": 61,
        "buy_money_rand": 100,
        "buy_money_cirt": [[2,3,4,5,6,7,8,9,10],[300,200,100,50,26,13,6,3,1]],
        "buy_mobs": 3,
        "is_sweep": 1,
        "lottery_time": 9,
        "ladder": 5,
        "visit_immortal": 5,
        "tower": 1,
        "tower_sweep_sapce": 10,
        "tower_auto": 0,
        "sign_supply_time": 0,
        "relation_count": 54,
        "reward_power": 54,
        "pic_frame": "",
        "chest_ten_sliver": 1,
        "chest_ten_gold": 1,
        "wanted_time": 2,
        "arrest_time": 2,
        "hunt_time": 3,
        "wanted_add": 0,
        "wanted_sweep": 0,
        "wanted_refresh": 2,
        "secret_free": 1,
        "league_animel_feed": 0,
        "league_party_add": 1,
        "league_fishing": 6,
        "fishing_refresh": 0,
        "fishing_reward_double": 1,
        "battle_jump": 0,
        "wash_type": 0,
        "strategy_time": 5,
        "gamble_jade_time": 10,
        "jade_quick_compose": 0,
        "jade_auto_refresh": 0,
        "gain_runes_time": 7,
        "change_runes_time": 3,
        "singlecraft_buy": 5,
        "singlecraft_free": 6,
        "assist_time": 10,
        "reward_group_mail": 10,
        "tree_cirt": [[11001,40000],[11002,3],[11003,22]],
        "xuyuan_free": 1,
        "mall_relic_time": 5,
        "search_count": 3
    },
    "10": {
        "level": 10,
        "text1": [0],
        "text2": [0],
        "buy_plate": 3,
        "buy_wanted_time": 1,
        "buy_arrest_time": 1,
        "buy_hunt_time": 1,
        "quick_skill_up": 1,
        "all_skill_up": 1,
        "quick_equip_up": 1,
        "all_equip_up": 1,
        "buy_money": 64,
        "buy_money_rand": 100,
        "buy_money_cirt": [[2,3,4,5,6,7,8,9,10],[300,200,100,50,26,13,6,3,1]],
        "buy_mobs": 3,
        "is_sweep": 1,
        "lottery_time": 9,
        "ladder": 5,
        "visit_immortal": 5,
        "tower": 1,
        "tower_sweep_sapce": 10,
        "tower_auto": 0,
        "sign_supply_time": 0,
        "relation_count": 56,
        "reward_power": 56,
        "pic_frame": "",
        "chest_ten_sliver": 1,
        "chest_ten_gold": 1,
        "wanted_time": 2,
        "arrest_time": 2,
        "hunt_time": 3,
        "wanted_add": 0,
        "wanted_sweep": 0,
        "wanted_refresh": 2,
        "secret_free": 1,
        "league_animel_feed": 0,
        "league_party_add": 1,
        "league_fishing": 6,
        "fishing_refresh": 0,
        "fishing_reward_double": 1,
        "battle_jump": 0,
        "wash_type": 0,
        "strategy_time": 5,
        "gamble_jade_time": 10,
        "jade_quick_compose": 0,
        "jade_auto_refresh": 0,
        "gain_runes_time": 8,
        "change_runes_time": 3,
        "singlecraft_buy": 5,
        "singlecraft_free": 6,
        "assist_time": 10,
        "reward_group_mail": 10,
        "tree_cirt": [[11001,50000],[11002,3],[11003,22]],
        "xuyuan_free": 1,
        "mall_relic_time": 5,
        "search_count": 3
    },
    "11": {
        "level": 11,
        "text1": [0],
        "text2": [38],
        "buy_plate": 3,
        "buy_wanted_time": 1,
        "buy_arrest_time": 1,
        "buy_hunt_time": 1,
        "quick_skill_up": 1,
        "all_skill_up": 1,
        "quick_equip_up": 1,
        "all_equip_up": 1,
        "buy_money": 67,
        "buy_money_rand": 100,
        "buy_money_cirt": [[2,3,4,5,6,7,8,9,10],[300,200,100,50,26,13,6,3,1]],
        "buy_mobs": 3,
        "is_sweep": 1,
        "lottery_time": 9,
        "ladder": 5,
        "visit_immortal": 5,
        "tower": 1,
        "tower_sweep_sapce": 10,
        "tower_auto": 0,
        "sign_supply_time": 0,
        "relation_count": 58,
        "reward_power": 58,
        "pic_frame": "",
        "chest_ten_sliver": 1,
        "chest_ten_gold": 1,
        "wanted_time": 2,
        "arrest_time": 2,
        "hunt_time": 3,
        "wanted_add": 0,
        "wanted_sweep": 0,
        "wanted_refresh": 2,
        "secret_free": 1,
        "league_animel_feed": 0,
        "league_party_add": 1,
        "league_fishing": 6,
        "fishing_refresh": 0,
        "fishing_reward_double": 1,
        "battle_jump": 0,
        "wash_type": 0,
        "strategy_time": 5,
        "gamble_jade_time": 10,
        "jade_quick_compose": 0,
        "jade_auto_refresh": 0,
        "gain_runes_time": 8,
        "change_runes_time": 3,
        "singlecraft_buy": 5,
        "singlecraft_free": 6,
        "assist_time": 10,
        "reward_group_mail": 10,
        "tree_cirt": [[11001,50000],[11002,3],[11003,24]],
        "xuyuan_free": 1,
        "mall_relic_time": 5,
        "search_count": 3
    },
    "12": {
        "level": 12,
        "text1": [0],
        "text2": [0],
        "buy_plate": 3,
        "buy_wanted_time": 1,
        "buy_arrest_time": 1,
        "buy_hunt_time": 1,
        "quick_skill_up": 1,
        "all_skill_up": 1,
        "quick_equip_up": 1,
        "all_equip_up": 1,
        "buy_money": 70,
        "buy_money_rand": 100,
        "buy_money_cirt": [[3,4,5,6,7,8,9,10],[200,100,50,26,13,6,3,1]],
        "buy_mobs": 3,
        "is_sweep": 1,
        "lottery_time": 9,
        "ladder": 5,
        "visit_immortal": 5,
        "tower": 1,
        "tower_sweep_sapce": 10,
        "tower_auto": 0,
        "sign_supply_time": 0,
        "relation_count": 60,
        "reward_power": 60,
        "pic_frame": "",
        "chest_ten_sliver": 1,
        "chest_ten_gold": 1,
        "wanted_time": 2,
        "arrest_time": 2,
        "hunt_time": 3,
        "wanted_add": 0,
        "wanted_sweep": 0,
        "wanted_refresh": 2,
        "secret_free": 1,
        "league_animel_feed": 0,
        "league_party_add": 1,
        "league_fishing": 6,
        "fishing_refresh": 0,
        "fishing_reward_double": 1,
        "battle_jump": 0,
        "wash_type": 0,
        "strategy_time": 5,
        "gamble_jade_time": 10,
        "jade_quick_compose": 0,
        "jade_auto_refresh": 0,
        "gain_runes_time": 9,
        "change_runes_time": 3,
        "singlecraft_buy": 5,
        "singlecraft_free": 6,
        "assist_time": 10,
        "reward_group_mail": 10,
        "tree_cirt": [[11001,60000],[11002,3],[11003,24]],
        "xuyuan_free": 1,
        "mall_relic_time": 5,
        "search_count": 3
    },
    "13": {
        "level": 13,
        "text1": [0],
        "text2": [0],
        "buy_plate": 3,
        "buy_wanted_time": 1,
        "buy_arrest_time": 1,
        "buy_hunt_time": 1,
        "quick_skill_up": 1,
        "all_skill_up": 1,
        "quick_equip_up": 1,
        "all_equip_up": 1,
        "buy_money": 50,
        "buy_money_rand": 100,
        "buy_money_cirt": [[1,2,3,4,5,6,7,8,9,10],[300,300,200,100,50,26,13,6,3,1]],
        "buy_mobs": 3,
        "is_sweep": 1,
        "lottery_time": 9,
        "ladder": 5,
        "visit_immortal": 5,
        "tower": 1,
        "tower_sweep_sapce": 10,
        "tower_auto": 0,
        "sign_supply_time": 0,
        "relation_count": 50,
        "reward_power": 50,
        "pic_frame": "",
        "chest_ten_sliver": 1,
        "chest_ten_gold": 1,
        "wanted_time": 2,
        "arrest_time": 2,
        "hunt_time": 3,
        "wanted_add": 0,
        "wanted_sweep": 0,
        "wanted_refresh": 2,
        "secret_free": 1,
        "league_animel_feed": 0,
        "league_party_add": 1,
        "league_fishing": 6,
        "fishing_refresh": 0,
        "fishing_reward_double": 1,
        "battle_jump": 0,
        "wash_type": 0,
        "strategy_time": 5,
        "gamble_jade_time": 10,
        "jade_quick_compose": 0,
        "jade_auto_refresh": 0,
        "gain_runes_time": 6,
        "change_runes_time": 3,
        "singlecraft_buy": 5,
        "singlecraft_free": 6,
        "assist_time": 10,
        "reward_group_mail": 10,
        "tree_cirt": [[11001,50000],[11002,3],[11003,24]],
        "xuyuan_free": 1,
        "mall_relic_time": 5,
        "search_count": 3
    },
    "14": {
        "level": 14,
        "text1": [0],
        "text2": [0],
        "buy_plate": 3,
        "buy_wanted_time": 1,
        "buy_arrest_time": 1,
        "buy_hunt_time": 1,
        "quick_skill_up": 1,
        "all_skill_up": 1,
        "quick_equip_up": 1,
        "all_equip_up": 1,
        "buy_money": 50,
        "buy_money_rand": 100,
        "buy_money_cirt": [[1,2,3,4,5,6,7,8,9,10],[300,300,200,100,50,26,13,6,3,1]],
        "buy_mobs": 3,
        "is_sweep": 1,
        "lottery_time": 9,
        "ladder": 5,
        "visit_immortal": 5,
        "tower": 1,
        "tower_sweep_sapce": 10,
        "tower_auto": 0,
        "sign_supply_time": 0,
        "relation_count": 50,
        "reward_power": 50,
        "pic_frame": "",
        "chest_ten_sliver": 1,
        "chest_ten_gold": 1,
        "wanted_time": 2,
        "arrest_time": 2,
        "hunt_time": 3,
        "wanted_add": 0,
        "wanted_sweep": 0,
        "wanted_refresh": 2,
        "secret_free": 1,
        "league_animel_feed": 0,
        "league_party_add": 1,
        "league_fishing": 6,
        "fishing_refresh": 0,
        "fishing_reward_double": 1,
        "battle_jump": 0,
        "wash_type": 0,
        "strategy_time": 5,
        "gamble_jade_time": 10,
        "jade_quick_compose": 0,
        "jade_auto_refresh": 0,
        "gain_runes_time": 6,
        "change_runes_time": 3,
        "singlecraft_buy": 5,
        "singlecraft_free": 6,
        "assist_time": 10,
        "reward_group_mail": 10,
        "tree_cirt": [[11001,50000],[11002,3],[11003,24]],
        "xuyuan_free": 1,
        "mall_relic_time": 5,
        "search_count": 3
    },
    "15": {
        "level": 15,
        "text1": [0],
        "text2": [0],
        "buy_plate": 3,
        "buy_wanted_time": 1,
        "buy_arrest_time": 1,
        "buy_hunt_time": 1,
        "quick_skill_up": 1,
        "all_skill_up": 1,
        "quick_equip_up": 1,
        "all_equip_up": 1,
        "buy_money": 50,
        "buy_money_rand": 100,
        "buy_money_cirt": [[1,2,3,4,5,6,7,8,9,10],[300,300,200,100,50,26,13,6,3,1]],
        "buy_mobs": 3,
        "is_sweep": 1,
        "lottery_time": 9,
        "ladder": 5,
        "visit_immortal": 5,
        "tower": 1,
        "tower_sweep_sapce": 10,
        "tower_auto": 0,
        "sign_supply_time": 0,
        "relation_count": 50,
        "reward_power": 50,
        "pic_frame": "",
        "chest_ten_sliver": 1,
        "chest_ten_gold": 1,
        "wanted_time": 2,
        "arrest_time": 2,
        "hunt_time": 3,
        "wanted_add": 0,
        "wanted_sweep": 0,
        "wanted_refresh": 2,
        "secret_free": 1,
        "league_animel_feed": 0,
        "league_party_add": 1,
        "league_fishing": 6,
        "fishing_refresh": 0,
        "fishing_reward_double": 1,
        "battle_jump": 0,
        "wash_type": 0,
        "strategy_time": 5,
        "gamble_jade_time": 10,
        "jade_quick_compose": 0,
        "jade_auto_refresh": 0,
        "gain_runes_time": 6,
        "change_runes_time": 3,
        "singlecraft_buy": 5,
        "singlecraft_free": 6,
        "assist_time": 10,
        "reward_group_mail": 10,
        "tree_cirt": [[11001,50000],[11002,3],[11003,24]],
        "xuyuan_free": 1,
        "mall_relic_time": 5,
        "search_count": 3
    },
    "16": {
        "level": 16,
        "text1": [0],
        "text2": [0],
        "buy_plate": 3,
        "buy_wanted_time": 1,
        "buy_arrest_time": 1,
        "buy_hunt_time": 1,
        "quick_skill_up": 1,
        "all_skill_up": 1,
        "quick_equip_up": 1,
        "all_equip_up": 1,
        "buy_money": 50,
        "buy_money_rand": 100,
        "buy_money_cirt": [[1,2,3,4,5,6,7,8,9,10],[300,300,200,100,50,26,13,6,3,1]],
        "buy_mobs": 3,
        "is_sweep": 1,
        "lottery_time": 9,
        "ladder": 5,
        "visit_immortal": 5,
        "tower": 1,
        "tower_sweep_sapce": 10,
        "tower_auto": 0,
        "sign_supply_time": 0,
        "relation_count": 50,
        "reward_power": 50,
        "pic_frame": "",
        "chest_ten_sliver": 1,
        "chest_ten_gold": 1,
        "wanted_time": 2,
        "arrest_time": 2,
        "hunt_time": 3,
        "wanted_add": 0,
        "wanted_sweep": 0,
        "wanted_refresh": 2,
        "secret_free": 1,
        "league_animel_feed": 0,
        "league_party_add": 1,
        "league_fishing": 6,
        "fishing_refresh": 0,
        "fishing_reward_double": 1,
        "battle_jump": 0,
        "wash_type": 0,
        "strategy_time": 5,
        "gamble_jade_time": 10,
        "jade_quick_compose": 0,
        "jade_auto_refresh": 0,
        "gain_runes_time": 6,
        "change_runes_time": 3,
        "singlecraft_buy": 5,
        "singlecraft_free": 6,
        "assist_time": 10,
        "reward_group_mail": 10,
        "tree_cirt": [[11001,50000],[11002,3],[11003,24]],
        "xuyuan_free": 1,
        "mall_relic_time": 5,
        "search_count": 3
    }}