{
    "1": {
        "instance_id": 1,
        "instance_name": "暗杀者",
        "instance_pack": [1010101],
        "challenge_level": 1,
        "reward_goods": [[20002,50]],
        "combo_count": 25,
        "battle_bg": 9,
        "boss_roleId": 1119,
        "instance_icon": "ccbResources/common_ui/Train/TitleTip1.png",
        "instance_des": "技能就绪后最好不要立刻释放，等敌人快落地再放，可延长敌人浮空时间哦~"
    },
    "2": {
        "instance_id": 2,
        "instance_name": "张飞",
        "instance_pack": [1010101],
        "challenge_level": 2,
        "reward_goods": [[20002,50]],
        "combo_count": 60,
        "battle_bg": 6,
        "boss_roleId": 1119,
        "instance_icon": "ccbResources/common_ui/Train/TitleTip2.png",
        "instance_des": "技能就绪后最好不要立刻释放，等敌人快落地再放，可延长敌人浮空时间哦~"
    },
    "3": {
        "instance_id": 3,
        "instance_name": "小乔",
        "instance_pack": [1010101],
        "challenge_level": 3,
        "reward_goods": [[20002,50]],
        "combo_count": 90,
        "battle_bg": 8,
        "boss_roleId": 1119,
        "instance_icon": "ccbResources/common_ui/Train/TitleTip3.png",
        "instance_des": "掌握技能释放时机，提升连斩数使无双状态不断进化，是今后克敌制胜的关键！"
    },
    "4": {
        "instance_id": 4,
        "instance_name": "司马懿",
        "instance_pack": [1010101],
        "challenge_level": 5,
        "reward_goods": [[20002,50]],
        "combo_count": 120,
        "battle_bg": 6,
        "boss_roleId": 1119,
        "instance_icon": "ccbResources/common_ui/Train/TitleTip4.png",
        "instance_des": "技能亮起后CD会继续走下一轮，最多可攒两个豆。多攒一攒再释放可更好地堆高连斩数！"
    },
    "5": {
        "instance_id": 5,
        "instance_name": "吕布",
        "instance_pack": [1010101],
        "challenge_level": 6,
        "reward_goods": [[20002,100]],
        "combo_count": 150,
        "battle_bg": 5,
        "boss_roleId": 1119,
        "instance_icon": "ccbResources/common_ui/Train/TitleTip5.png",
        "instance_des": "技能亮起后CD会继续走下一轮，最多可攒两个豆。多攒一攒再释放可更好地堆高连斩数！"
    }}
