{
    "101": {
        "life_id": 101,
        "life_name": "计夺安定",
        "path": "ccbResources/common_ui/HeroLog/WordHeroLogName1.png",
        "des": "额外生命 防御提升",
        "battle_power": 1,
        "stat_zone": [10,20,30,40,50],
        "add_allattri": [1,1,1,1,1],
        "begin_point": 101406,
        "stat_points": [101406]
    },
    "102": {
        "life_id": 102,
        "life_name": "九伐中原",
        "path": "ccbResources/common_ui/HeroLog/WordHeroLogName2.png",
        "des": "额外生命 防御提升",
        "battle_power": 2,
        "stat_zone": [10,20,30,40,50],
        "add_allattri": [1,1,1,1,1],
        "begin_point": 101406,
        "stat_points": [101406]
    },
    "103": {
        "life_id": 103,
        "life_name": "忠难复蜀",
        "path": "ccbResources/common_ui/HeroLog/WordHeroLogName3.png",
        "des": "额外生命 防御提升",
        "battle_power": 3,
        "stat_zone": [10,20,30,40,50],
        "add_allattri": [1,1,1,1,1],
        "begin_point": 101406,
        "stat_points": [101406]
    },
    "201": {
        "life_id": 201,
        "life_name": "六出祁山",
        "path": "ccbResources/common_ui/HeroLog/WordHeroLogName4.png",
        "des": "额外生命 防御提升",
        "battle_power": 1,
        "stat_zone": [10,20,30,40,50],
        "add_allattri": [1,1,1,1,1],
        "begin_point": 101406,
        "stat_points": [101406]
    }}
