{
    "1": {
        "index": 1,
        "name": "专享礼包1",
        "charge_token": 20000,
        "reward_goods": [20002,30453,139008],
        "reward_count": [2000,1,1]
    },
    "2": {
        "index": 2,
        "name": "专享礼包2",
        "charge_token": 80000,
        "reward_goods": [20002,30453,139009],
        "reward_count": [5000,2,1]
    },
    "3": {
        "index": 3,
        "name": "专享礼包3",
        "charge_token": 200000,
        "reward_goods": [20002,30453,139009],
        "reward_count": [10000,3,2]
    },
    "4": {
        "index": 4,
        "name": "专享礼包4",
        "charge_token": 500000,
        "reward_goods": [20002,30453,139009],
        "reward_count": [20000,6,3]
    },
    "5": {
        "index": 5,
        "name": "专享礼包5",
        "charge_token": 1000000,
        "reward_goods": [20002,30453,139009],
        "reward_count": [30000,10,5]
    },
    "6": {
        "index": 6,
        "name": "专享礼包6",
        "charge_token": 2000000,
        "reward_goods": [20002,30453,139009],
        "reward_count": [50000,20,10]
    }}
