{
    "1": {
        "type": 1,
        "consume_token": 0,
        "consume_money": 60000,
        "reward_token": 100,
        "reward_contribution": 10,
        "reward_exp": 30,
        "reward_active": 0
    },
    "2": {
        "type": 2,
        "consume_token": 100,
        "consume_money": 0,
        "reward_token": 200,
        "reward_contribution": 10,
        "reward_exp": 60,
        "reward_active": 0
    },
    "3": {
        "type": 3,
        "consume_token": 200,
        "consume_money": 0,
        "reward_token": 500,
        "reward_contribution": 10,
        "reward_exp": 120,
        "reward_active": 0
    }}
