{
    "1": {
        "index": 1,
        "product_id": "2003_7_0_250",
        "pay_index": 1000101
    },
    "2": {
        "index": 2,
        "product_id": "2003_8_0_450",
        "pay_index": 1000201
    },
    "3": {
        "index": 3,
        "product_id": "2003_1_0_60",
        "pay_index": 1000301
    },
    "4": {
        "index": 4,
        "product_id": "2003_2_0_300",
        "pay_index": 1000401
    },
    "5": {
        "index": 5,
        "product_id": "2003_3_0_980",
        "pay_index": 1000501
    },
    "6": {
        "index": 6,
        "product_id": "2003_4_0_1980",
        "pay_index": 1000601
    },
    "7": {
        "index": 7,
        "product_id": "2003_5_0_3280",
        "pay_index": 1000701
    },
    "8": {
        "index": 8,
        "product_id": "2003_6_0_6480",
        "pay_index": 1000801
    },
    "9": {
        "index": 9,
        "product_id": "com.aonesoft.lzws.yueka2",
        "pay_index": 1000101
    },
    "10": {
        "index": 10,
        "product_id": "com.aonesoft.lzws.gjyueka2",
        "pay_index": 1000201
    },
    "11": {
        "index": 11,
        "product_id": "2003_1_0_60_IOS",
        "pay_index": 1000301
    },
    "12": {
        "index": 12,
        "product_id": "2003_1_0_60_IOS_1",
        "pay_index": 1000301
    },
    "13": {
        "index": 13,
        "product_id": "2003_2_0_300_1",
        "pay_index": 1000401
    },
    "14": {
        "index": 14,
        "product_id": "2003_3_0_980_1",
        "pay_index": 1000501
    },
    "15": {
        "index": 15,
        "product_id": "2003_4_0_1980_1",
        "pay_index": 1000601
    },
    "16": {
        "index": 16,
        "product_id": "2003_5_0_3280_1",
        "pay_index": 1000701
    },
    "17": {
        "index": 17,
        "product_id": "2003_6_0_6480_1",
        "pay_index": 1000801
    },
    "18": {
        "index": 18,
        "product_id": "2003_6_0_6480",
        "pay_index": 2000101
    },
    "19": {
        "index": 19,
        "product_id": "2003_4_0_1980",
        "pay_index": 2000102
    },
    "20": {
        "index": 20,
        "product_id": "2003_3_0_980",
        "pay_index": 2000103
    },
    "21": {
        "index": 21,
        "product_id": "2003_6_0_6480_1",
        "pay_index": 2000101
    },
    "22": {
        "index": 22,
        "product_id": "2003_4_0_1980_1",
        "pay_index": 2000102
    },
    "23": {
        "index": 23,
        "product_id": "2003_3_0_980_1",
        "pay_index": 2000103
    },
    "24": {
        "index": 24,
        "product_id": "2003_8_0_10",
        "pay_index": 2000104
    },
    "25": {
        "index": 25,
        "product_id": "2003_8_0_10",
        "pay_index": 2000105
    }}
