{
    "200001": {
        "id": 200001,
        "name": "猎人碎片（随机）",
        "quality": 1,
        "price": 0,
        "path": "item_suipian1_png",
        "icon": "item_suipian1_png",
        "frame": "ui_frame_FrameHunterViolet1_png",
        "frame_mask": "ui_frame_FrameHunterSPmask_png",
        "client_star": 0,
        "small_icon": "item_suipian1_png",
        "des": "击败首领后，可获得1至3个随机的猎人碎片，层数越高，概率越大，品质越好",
        "from": [],
        "is_card": "",
        "is_piece": 1
    },
    "200002": {
        "id": 200002,
        "name": "上阵猎人碎片（随机）",
        "quality": 1,
        "price": 0,
        "path": "item_suipian2_png",
        "icon": "item_suipian2_png",
        "frame": "ui_frame_FrameHunterOrange1_png",
        "frame_mask": "ui_frame_FrameHunterSPmask_png",
        "client_star": 0,
        "small_icon": "item_suipian2_png",
        "des": "击败首领后，有概率获得1至3个本次参战猎人的碎片，层数越高概率越大",
        "from": [],
        "is_card": "",
        "is_piece": 1
    },
    "200011": {
        "id": 200011,
        "name": "缠系绿卡·1星",
        "quality": 2,
        "price": 0,
        "path": "item_suijikapian1_png",
        "icon": "item_suijikapian1_png",
        "frame": "ui_frame_FrameHunterViolet1_png",
        "frame_mask": "ui_frame_FrameHunterSPmask_png",
        "client_star": 1,
        "small_icon": "item_suijikapian1_png",
        "des": "击败首领后，有概率获得缠系绿卡·1星",
        "from": [],
        "is_card": "1",
        "is_piece": 0
    },
    "200012": {
        "id": 200012,
        "name": "缠系蓝卡·2星",
        "quality": 3,
        "price": 0,
        "path": "item_suijikapian1_png",
        "icon": "item_suijikapian1_png",
        "frame": "ui_frame_FrameHunterViolet1_png",
        "frame_mask": "ui_frame_FrameHunterSPmask_png",
        "client_star": 2,
        "small_icon": "item_suijikapian1_png",
        "des": "击败首领后，有概率获得缠系蓝卡·2星",
        "from": [],
        "is_card": "1",
        "is_piece": 0
    },
    "200013": {
        "id": 200013,
        "name": "缠系紫卡·3星",
        "quality": 4,
        "price": 0,
        "path": "item_suijikapian1_png",
        "icon": "item_suijikapian1_png",
        "frame": "ui_frame_FrameHunterViolet1_png",
        "frame_mask": "ui_frame_FrameHunterSPmask_png",
        "client_star": 3,
        "small_icon": "item_suijikapian1_png",
        "des": "击败首领后，有概率获得缠系紫卡·3星",
        "from": [],
        "is_card": "1",
        "is_piece": 0
    },
    "200014": {
        "id": 200014,
        "name": "缠系橙卡·4星",
        "quality": 5,
        "price": 0,
        "path": "item_suijikapian1_png",
        "icon": "item_suijikapian1_png",
        "frame": "ui_frame_FrameHunterViolet1_png",
        "frame_mask": "ui_frame_FrameHunterSPmask_png",
        "client_star": 4,
        "small_icon": "item_suijikapian1_png",
        "des": "击败首领后，有概率获得缠系橙卡·4星",
        "from": [],
        "is_card": "1",
        "is_piece": 0
    },
    "200015": {
        "id": 200015,
        "name": "缠系红卡·5星",
        "quality": 6,
        "price": 0,
        "path": "item_suijikapian1_png",
        "icon": "item_suijikapian1_png",
        "frame": "ui_frame_FrameHunterViolet1_png",
        "frame_mask": "ui_frame_FrameHunterSPmask_png",
        "client_star": 5,
        "small_icon": "item_suijikapian1_png",
        "des": "击败首领后，有较小的概率获得缠系红卡·5星",
        "from": [],
        "is_card": "1",
        "is_piece": 0
    },
    "200021": {
        "id": 200021,
        "name": "练系绿卡·1星",
        "quality": 2,
        "price": 0,
        "path": "item_suijikapian2_png",
        "icon": "item_suijikapian2_png",
        "frame": "ui_frame_FrameHunterViolet1_png",
        "frame_mask": "ui_frame_FrameHunterSPmask_png",
        "client_star": 1,
        "small_icon": "item_suijikapian2_png",
        "des": "击败首领后，有概率获得练系绿卡·1星",
        "from": [],
        "is_card": "1",
        "is_piece": 0
    },
    "200022": {
        "id": 200022,
        "name": "练系蓝卡·2星",
        "quality": 3,
        "price": 0,
        "path": "item_suijikapian2_png",
        "icon": "item_suijikapian2_png",
        "frame": "ui_frame_FrameHunterViolet1_png",
        "frame_mask": "ui_frame_FrameHunterSPmask_png",
        "client_star": 2,
        "small_icon": "item_suijikapian2_png",
        "des": "击败首领后，有概率获得练系蓝卡·2星",
        "from": [],
        "is_card": "1",
        "is_piece": 0
    },
    "200023": {
        "id": 200023,
        "name": "练系紫卡·3星",
        "quality": 4,
        "price": 0,
        "path": "item_suijikapian2_png",
        "icon": "item_suijikapian2_png",
        "frame": "ui_frame_FrameHunterViolet1_png",
        "frame_mask": "ui_frame_FrameHunterSPmask_png",
        "client_star": 3,
        "small_icon": "item_suijikapian2_png",
        "des": "击败首领后，有概率获得练系紫卡·3星",
        "from": [],
        "is_card": "1",
        "is_piece": 0
    },
    "200024": {
        "id": 200024,
        "name": "练系橙卡·4星",
        "quality": 5,
        "price": 0,
        "path": "item_suijikapian2_png",
        "icon": "item_suijikapian2_png",
        "frame": "ui_frame_FrameHunterViolet1_png",
        "frame_mask": "ui_frame_FrameHunterSPmask_png",
        "client_star": 4,
        "small_icon": "item_suijikapian2_png",
        "des": "击败首领后，有概率获得练系橙卡·4星",
        "from": [],
        "is_card": "1",
        "is_piece": 0
    },
    "200025": {
        "id": 200025,
        "name": "练系红卡·5星",
        "quality": 6,
        "price": 0,
        "path": "item_suijikapian2_png",
        "icon": "item_suijikapian2_png",
        "frame": "ui_frame_FrameHunterViolet1_png",
        "frame_mask": "ui_frame_FrameHunterSPmask_png",
        "client_star": 5,
        "small_icon": "item_suijikapian2_png",
        "des": "击败首领后，有较小的概率获得练系红卡·5星",
        "from": [],
        "is_card": "1",
        "is_piece": 0
    },
    "200031": {
        "id": 200031,
        "name": "绝系绿卡·1星",
        "quality": 2,
        "price": 0,
        "path": "item_suijikapian3_png",
        "icon": "item_suijikapian3_png",
        "frame": "ui_frame_FrameHunterViolet1_png",
        "frame_mask": "ui_frame_FrameHunterSPmask_png",
        "client_star": 1,
        "small_icon": "item_suijikapian3_png",
        "des": "击败首领后，有概率获得绝系绿卡·1星",
        "from": [],
        "is_card": "1",
        "is_piece": 0
    },
    "200032": {
        "id": 200032,
        "name": "绝系蓝卡·2星",
        "quality": 3,
        "price": 0,
        "path": "item_suijikapian3_png",
        "icon": "item_suijikapian3_png",
        "frame": "ui_frame_FrameHunterViolet1_png",
        "frame_mask": "ui_frame_FrameHunterSPmask_png",
        "client_star": 2,
        "small_icon": "item_suijikapian3_png",
        "des": "击败首领后，有概率获得绝系蓝卡·2星",
        "from": [],
        "is_card": "1",
        "is_piece": 0
    },
    "200033": {
        "id": 200033,
        "name": "绝系紫卡·3星",
        "quality": 4,
        "price": 0,
        "path": "item_suijikapian3_png",
        "icon": "item_suijikapian3_png",
        "frame": "ui_frame_FrameHunterViolet1_png",
        "frame_mask": "ui_frame_FrameHunterSPmask_png",
        "client_star": 3,
        "small_icon": "item_suijikapian3_png",
        "des": "击败首领后，有概率获得绝系紫卡·3星",
        "from": [],
        "is_card": "1",
        "is_piece": 0
    },
    "200034": {
        "id": 200034,
        "name": "绝系橙卡·4星",
        "quality": 5,
        "price": 0,
        "path": "item_suijikapian3_png",
        "icon": "item_suijikapian3_png",
        "frame": "ui_frame_FrameHunterViolet1_png",
        "frame_mask": "ui_frame_FrameHunterSPmask_png",
        "client_star": 4,
        "small_icon": "item_suijikapian3_png",
        "des": "击败首领后，有概率获得绝系橙卡·4星",
        "from": [],
        "is_card": "1",
        "is_piece": 0
    },
    "200035": {
        "id": 200035,
        "name": "绝系红卡·5星",
        "quality": 6,
        "price": 0,
        "path": "item_suijikapian3_png",
        "icon": "item_suijikapian3_png",
        "frame": "ui_frame_FrameHunterViolet1_png",
        "frame_mask": "ui_frame_FrameHunterSPmask_png",
        "client_star": 5,
        "small_icon": "item_suijikapian3_png",
        "des": "击败首领后，有较小的概率获得绝系红卡·5星",
        "from": [],
        "is_card": "1",
        "is_piece": 0
    },
    "200041": {
        "id": 200041,
        "name": "发系绿卡·1星",
        "quality": 2,
        "price": 0,
        "path": "item_suijikapian4_png",
        "icon": "item_suijikapian4_png",
        "frame": "ui_frame_FrameHunterViolet1_png",
        "frame_mask": "ui_frame_FrameHunterSPmask_png",
        "client_star": 1,
        "small_icon": "item_suijikapian4_png",
        "des": "击败首领后，有概率获得发系绿卡·1星",
        "from": [],
        "is_card": "1",
        "is_piece": 0
    },
    "200042": {
        "id": 200042,
        "name": "发系蓝卡·2星",
        "quality": 3,
        "price": 0,
        "path": "item_suijikapian4_png",
        "icon": "item_suijikapian4_png",
        "frame": "ui_frame_FrameHunterViolet1_png",
        "frame_mask": "ui_frame_FrameHunterSPmask_png",
        "client_star": 2,
        "small_icon": "item_suijikapian4_png",
        "des": "击败首领后，有概率获得发系蓝卡·2星",
        "from": [],
        "is_card": "1",
        "is_piece": 0
    },
    "200043": {
        "id": 200043,
        "name": "发系紫卡·3星",
        "quality": 4,
        "price": 0,
        "path": "item_suijikapian4_png",
        "icon": "item_suijikapian4_png",
        "frame": "ui_frame_FrameHunterViolet1_png",
        "frame_mask": "ui_frame_FrameHunterSPmask_png",
        "client_star": 3,
        "small_icon": "item_suijikapian4_png",
        "des": "击败首领后，有概率获得发系紫卡·3星",
        "from": [],
        "is_card": "1",
        "is_piece": 0
    },
    "200044": {
        "id": 200044,
        "name": "发系橙卡·4星",
        "quality": 5,
        "price": 0,
        "path": "item_suijikapian4_png",
        "icon": "item_suijikapian4_png",
        "frame": "ui_frame_FrameHunterViolet1_png",
        "frame_mask": "ui_frame_FrameHunterSPmask_png",
        "client_star": 4,
        "small_icon": "item_suijikapian4_png",
        "des": "击败首领后，有概率获得发系橙卡·4星",
        "from": [],
        "is_card": "1",
        "is_piece": 0
    },
    "200045": {
        "id": 200045,
        "name": "发系红卡·5星",
        "quality": 6,
        "price": 0,
        "path": "item_suijikapian4_png",
        "icon": "item_suijikapian4_png",
        "frame": "ui_frame_FrameHunterViolet1_png",
        "frame_mask": "ui_frame_FrameHunterSPmask_png",
        "client_star": 5,
        "small_icon": "item_suijikapian4_png",
        "des": "击败首领后，有较小的概率获得发系红卡·5星",
        "from": [],
        "is_card": "1",
        "is_piece": 0
    },
    "200051": {
        "id": 200051,
        "name": "圆系绿卡·1星",
        "quality": 2,
        "price": 0,
        "path": "item_suijikapian5_png",
        "icon": "item_suijikapian5_png",
        "frame": "ui_frame_FrameHunterViolet1_png",
        "frame_mask": "ui_frame_FrameHunterSPmask_png",
        "client_star": 1,
        "small_icon": "item_suijikapian5_png",
        "des": "击败首领后，有概率获得圆系绿卡·1星",
        "from": [],
        "is_card": "1",
        "is_piece": 0
    },
    "200052": {
        "id": 200052,
        "name": "圆系蓝卡·2星",
        "quality": 3,
        "price": 0,
        "path": "item_suijikapian5_png",
        "icon": "item_suijikapian5_png",
        "frame": "ui_frame_FrameHunterViolet1_png",
        "frame_mask": "ui_frame_FrameHunterSPmask_png",
        "client_star": 2,
        "small_icon": "item_suijikapian5_png",
        "des": "击败首领后，有概率获得圆系蓝卡·2星",
        "from": [],
        "is_card": "1",
        "is_piece": 0
    },
    "200053": {
        "id": 200053,
        "name": "圆系紫卡·3星",
        "quality": 4,
        "price": 0,
        "path": "item_suijikapian5_png",
        "icon": "item_suijikapian5_png",
        "frame": "ui_frame_FrameHunterViolet1_png",
        "frame_mask": "ui_frame_FrameHunterSPmask_png",
        "client_star": 3,
        "small_icon": "item_suijikapian5_png",
        "des": "击败首领后，有概率获得圆系紫卡·3星",
        "from": [],
        "is_card": "1",
        "is_piece": 0
    },
    "200054": {
        "id": 200054,
        "name": "圆系橙卡·4星",
        "quality": 5,
        "price": 0,
        "path": "item_suijikapian5_png",
        "icon": "item_suijikapian5_png",
        "frame": "ui_frame_FrameHunterViolet1_png",
        "frame_mask": "ui_frame_FrameHunterSPmask_png",
        "client_star": 4,
        "small_icon": "item_suijikapian5_png",
        "des": "击败首领后，有概率获得圆系橙卡·4星",
        "from": [],
        "is_card": "1",
        "is_piece": 0
    },
    "200055": {
        "id": 200055,
        "name": "圆系红卡·5星",
        "quality": 6,
        "price": 0,
        "path": "item_suijikapian5_png",
        "icon": "item_suijikapian5_png",
        "frame": "ui_frame_FrameHunterViolet1_png",
        "frame_mask": "ui_frame_FrameHunterSPmask_png",
        "client_star": 5,
        "small_icon": "item_suijikapian5_png",
        "des": "击败首领后，有较小的概率获得圆系红卡·5星",
        "from": [],
        "is_card": "1",
        "is_piece": 0
    },
    "200061": {
        "id": 200061,
        "name": "坚系绿卡·1星",
        "quality": 2,
        "price": 0,
        "path": "item_suijikapian6_png",
        "icon": "item_suijikapian6_png",
        "frame": "ui_frame_FrameHunterViolet1_png",
        "frame_mask": "ui_frame_FrameHunterSPmask_png",
        "client_star": 1,
        "small_icon": "item_suijikapian6_png",
        "des": "击败首领后，有概率获得坚系绿卡·1星",
        "from": [],
        "is_card": "1",
        "is_piece": 0
    },
    "200062": {
        "id": 200062,
        "name": "坚系蓝卡·2星",
        "quality": 3,
        "price": 0,
        "path": "item_suijikapian6_png",
        "icon": "item_suijikapian6_png",
        "frame": "ui_frame_FrameHunterViolet1_png",
        "frame_mask": "ui_frame_FrameHunterSPmask_png",
        "client_star": 2,
        "small_icon": "item_suijikapian6_png",
        "des": "击败首领后，有概率获得坚系蓝卡·2星",
        "from": [],
        "is_card": "1",
        "is_piece": 0
    },
    "200063": {
        "id": 200063,
        "name": "坚系紫卡·3星",
        "quality": 4,
        "price": 0,
        "path": "item_suijikapian6_png",
        "icon": "item_suijikapian6_png",
        "frame": "ui_frame_FrameHunterViolet1_png",
        "frame_mask": "ui_frame_FrameHunterSPmask_png",
        "client_star": 3,
        "small_icon": "item_suijikapian6_png",
        "des": "击败首领后，有概率获得坚系紫卡·3星",
        "from": [],
        "is_card": "1",
        "is_piece": 0
    },
    "200064": {
        "id": 200064,
        "name": "坚系橙卡·4星",
        "quality": 5,
        "price": 0,
        "path": "item_suijikapian6_png",
        "icon": "item_suijikapian6_png",
        "frame": "ui_frame_FrameHunterViolet1_png",
        "frame_mask": "ui_frame_FrameHunterSPmask_png",
        "client_star": 4,
        "small_icon": "item_suijikapian6_png",
        "des": "击败首领后，有概率获得坚系橙卡·4星",
        "from": [],
        "is_card": "1",
        "is_piece": 0
    },
    "200065": {
        "id": 200065,
        "name": "坚系红卡·5星",
        "quality": 6,
        "price": 0,
        "path": "item_suijikapian6_png",
        "icon": "item_suijikapian6_png",
        "frame": "ui_frame_FrameHunterViolet1_png",
        "frame_mask": "ui_frame_FrameHunterSPmask_png",
        "client_star": 5,
        "small_icon": "item_suijikapian6_png",
        "des": "击败首领后，有较小的概率获得坚系红卡·5星",
        "from": [],
        "is_card": "1",
        "is_piece": 0
    },
    "200101": {
        "id": 200101,
        "name": "初级觉醒石",
        "quality": 3,
        "price": 0,
        "path": "item_VowStone1_png",
        "icon": "item_VowStone1_png",
        "frame": "ui_frame_FrameHunterViolet1_png",
        "frame_mask": "ui_frame_FrameHunterSPmask_png",
        "client_star": 0,
        "small_icon": "item_VowStone1_png",
        "des": "初级觉醒石，可用于C级和B级资质的猎人觉醒，击败首领后有一定概率获得。",
        "from": [],
        "is_card": "",
        "is_piece": 0
    },
    "200102": {
        "id": 200102,
        "name": "中级觉醒石",
        "quality": 4,
        "price": 0,
        "path": "item_VowStone6_png",
        "icon": "item_VowStone6_png",
        "frame": "ui_frame_FrameHunterViolet1_png",
        "frame_mask": "ui_frame_FrameHunterSPmask_png",
        "client_star": 0,
        "small_icon": "item_VowStone6_png",
        "des": "中级觉醒石，可用于A级资质的猎人觉醒，击败首领后有一定概率获得。",
        "from": [],
        "is_card": "",
        "is_piece": 0
    },
    "200103": {
        "id": 200103,
        "name": "高级觉醒石",
        "quality": 5,
        "price": 0,
        "path": "item_VowStone3_png",
        "icon": "item_VowStone3_png",
        "frame": "ui_frame_FrameHunterViolet1_png",
        "frame_mask": "ui_frame_FrameHunterSPmask_png",
        "client_star": 0,
        "small_icon": "item_VowStone3_png",
        "des": "高级觉醒石，可用于S级资质的猎人觉醒，击败首领后有一定概率获得。",
        "from": [],
        "is_card": "",
        "is_piece": 0
    },
    "200201": {
        "id": 200201,
        "name": "缠系卡片",
        "quality": 1,
        "price": 0,
        "path": "item_suijikapian1_png",
        "icon": "item_suijikapian1_png",
        "frame": "ui_frame_FrameHunterViolet1_png",
        "frame_mask": "ui_frame_FrameHunterSPmask_png",
        "client_star": 1,
        "small_icon": "item_suijikapian1_png",
        "des": "通关鲸鱼岛地区挑战副本和流星街窝金の试炼可获得缠系卡片",
        "from": [29,13],
        "is_card": "1",
        "is_piece": 0
    },
    "200202": {
        "id": 200202,
        "name": "练系卡片",
        "quality": 1,
        "price": 0,
        "path": "item_suijikapian2_png",
        "icon": "item_suijikapian2_png",
        "frame": "ui_frame_FrameHunterViolet1_png",
        "frame_mask": "ui_frame_FrameHunterSPmask_png",
        "client_star": 1,
        "small_icon": "item_suijikapian2_png",
        "des": "通关迷雾沼泽地区挑战副本和流星街窝金の试炼可获得练系卡片",
        "from": [29,13],
        "is_card": "1",
        "is_piece": 0
    },
    "200203": {
        "id": 200203,
        "name": "绝系卡片",
        "quality": 1,
        "price": 0,
        "path": "item_suijikapian3_png",
        "icon": "item_suijikapian3_png",
        "frame": "ui_frame_FrameHunterViolet1_png",
        "frame_mask": "ui_frame_FrameHunterSPmask_png",
        "client_star": 1,
        "small_icon": "item_suijikapian3_png",
        "des": "通关枯枯戮山地区挑战副本和流星街玛琪の试炼可获得绝系卡片",
        "from": [29,14],
        "is_card": "1",
        "is_piece": 0
    },
    "200204": {
        "id": 200204,
        "name": "发系卡片",
        "quality": 1,
        "price": 0,
        "path": "item_suijikapian4_png",
        "icon": "item_suijikapian4_png",
        "frame": "ui_frame_FrameHunterViolet1_png",
        "frame_mask": "ui_frame_FrameHunterSPmask_png",
        "client_star": 1,
        "small_icon": "item_suijikapian4_png",
        "des": "通关友克鑫市地区挑战副本和流星街玛琪の试炼可获得发系卡片",
        "from": [29,14],
        "is_card": "1",
        "is_piece": 0
    },
    "200205": {
        "id": 200205,
        "name": "圆系卡片",
        "quality": 1,
        "price": 0,
        "path": "item_suijikapian5_png",
        "icon": "item_suijikapian5_png",
        "frame": "ui_frame_FrameHunterViolet1_png",
        "frame_mask": "ui_frame_FrameHunterSPmask_png",
        "client_star": 1,
        "small_icon": "item_suijikapian5_png",
        "des": "通关贪婪之岛地区挑战副本和流星街库哔の试炼可获得圆系卡片",
        "from": [29,15],
        "is_card": "1",
        "is_piece": 0
    },
    "200206": {
        "id": 200206,
        "name": "坚系卡片",
        "quality": 1,
        "price": 0,
        "path": "item_suijikapian6_png",
        "icon": "item_suijikapian6_png",
        "frame": "ui_frame_FrameHunterViolet1_png",
        "frame_mask": "ui_frame_FrameHunterSPmask_png",
        "client_star": 1,
        "small_icon": "item_suijikapian6_png",
        "des": "通关蚂蚁洞穴地区挑战副本和流星街库哔の试炼可获得坚系卡片",
        "from": [29,15],
        "is_card": "1",
        "is_piece": 0
    },
    "200304": {
        "id": 200304,
        "name": "随机奖励",
        "quality": 1,
        "price": 0,
        "path": "ui_instance_IconInstanceSearchBox_png",
        "icon": "ui_instance_IconInstanceSearchBox_png",
        "frame": "ui_frame_FrameHunterViolet1_png",
        "frame_mask": "ui_frame_FrameHunterSPmask_png",
        "client_star": 0,
        "small_icon": "ui_instance_IconInstanceSearchBox_png",
        "des": "随机获得钻石、啤酒、苏打水、徽章等奖励",
        "from": [],
        "is_card": "",
        "is_piece": 0
    },
    "201001": {
        "id": 201001,
        "name": "金币",
        "quality": 4,
        "price": 0,
        "path": "ui_iconresources_jinbi1_png",
        "icon": "ui_iconresources_jinbi1_png",
        "frame": "ui_frame_FrameHunterViolet1_png",
        "frame_mask": "ui_frame_FrameHunterSPmask_png",
        "client_star": 0,
        "small_icon": "ui_iconresources_jinbi1_png",
        "des": "击败首领后可获得一定数量金币",
        "from": [],
        "is_card": "",
        "is_piece": 0
    },
    "201002": {
        "id": 201002,
        "name": "念力果",
        "quality": 5,
        "price": 0,
        "path": "ui_iconresources_nianliguo1_png",
        "icon": "ui_iconresources_nianliguo1_png",
        "frame": "ui_frame_FrameHunterViolet1_png",
        "frame_mask": "ui_frame_FrameHunterSPmask_png",
        "client_star": 0,
        "small_icon": "ui_iconresources_nianliguo1_png",
        "des": "猎人念力修炼时必备的道具，击败首领后可获得一定数量。",
        "from": [],
        "is_card": "",
        "is_piece": 0
    },
    "201003": {
        "id": 201003,
        "name": "突破芯片",
        "quality": 5,
        "price": 0,
        "path": "item_xinpian_png",
        "icon": "item_xinpian_png",
        "frame": "ui_frame_FrameHunterViolet1_png",
        "frame_mask": "ui_frame_FrameHunterSPmask_png",
        "client_star": 0,
        "small_icon": "item_xinpian_png",
        "des": "记载着各种猎人生存技能的芯片，是猎人突破的核心材料。击败首领后获得一定数量。",
        "from": [],
        "is_card": "",
        "is_piece": 0
    },
    "201004": {
        "id": 201004,
        "name": "升星蘑菇",
        "quality": 4,
        "price": 0,
        "path": "hero_icon_head_gw_moguguai_png",
        "icon": "hero_icon_head_gw_moguguai_png",
        "frame": "ui_frame_FrameHunterViolet1_png",
        "frame_mask": "ui_frame_FrameHunterSPmask_png",
        "client_star": 0,
        "small_icon": "hero_icon_head_gw_moguguai_png",
        "des": "可随机获得一个升星蘑菇。",
        "from": [],
        "is_card": "",
        "is_piece": 0
    },
    "202001": {
        "id": 202001,
        "name": "强化卷轴",
        "quality": 6,
        "price": 0,
        "path": "zhuangbei_scroll5_png",
        "icon": "zhuangbei_scroll5_png",
        "frame": "ui_frame_FrameHunterViolet1_png",
        "frame_mask": "ui_frame_FrameHunterSPmask_png",
        "client_star": 0,
        "small_icon": "zhuangbei_scroll5_png",
        "des": "可获得强化卷轴，可用来对猎人藏品进行强化。",
        "from": [],
        "is_card": "",
        "is_piece": 0
    },
    "202002": {
        "id": 202002,
        "name": "念力精华-强化",
        "quality": 5,
        "price": 0,
        "path": "zhuangbei_jinghua_qianghua_png",
        "icon": "zhuangbei_jinghua_qianghua_png",
        "frame": "ui_frame_FrameHunterViolet1_png",
        "frame_mask": "ui_frame_FrameHunterSPmask_png",
        "client_star": 0,
        "small_icon": "zhuangbei_jinghua_qianghua_png",
        "des": "强化系念力所凝结而成，蕴藏巨大的能量，使用后可大幅提升强化系猎人藏品的属性。",
        "from": [],
        "is_card": "",
        "is_piece": 0
    },
    "202003": {
        "id": 202003,
        "name": "念力精华-变化",
        "quality": 5,
        "price": 0,
        "path": "zhuangbei_jinghua_bianhua_png",
        "icon": "zhuangbei_jinghua_bianhua_png",
        "frame": "ui_frame_FrameHunterViolet1_png",
        "frame_mask": "ui_frame_FrameHunterSPmask_png",
        "client_star": 0,
        "small_icon": "zhuangbei_jinghua_bianhua_png",
        "des": "变化系念力所凝结而成，蕴藏巨大的能量，使用后可大幅提升变化系猎人藏品的属性。",
        "from": [],
        "is_card": "",
        "is_piece": 0
    },
    "202004": {
        "id": 202004,
        "name": "念力精华-放出",
        "quality": 5,
        "price": 0,
        "path": "zhuangbei_jinghua_fangchu_png",
        "icon": "zhuangbei_jinghua_fangchu_png",
        "frame": "ui_frame_FrameHunterViolet1_png",
        "frame_mask": "ui_frame_FrameHunterSPmask_png",
        "client_star": 0,
        "small_icon": "zhuangbei_jinghua_fangchu_png",
        "des": "放出系念力所凝结而成，蕴藏巨大的能量，使用后可大幅提升放出系猎人藏品的属性。",
        "from": [],
        "is_card": "",
        "is_piece": 0
    },
    "202005": {
        "id": 202005,
        "name": "念力精华-操作",
        "quality": 5,
        "price": 0,
        "path": "zhuangbei_jinghua_caozuo_png",
        "icon": "zhuangbei_jinghua_caozuo_png",
        "frame": "ui_frame_FrameHunterViolet1_png",
        "frame_mask": "ui_frame_FrameHunterSPmask_png",
        "client_star": 0,
        "small_icon": "zhuangbei_jinghua_caozuo_png",
        "des": "操作系念力所凝结而成，蕴藏巨大的能量，使用后可大幅提升操作系猎人藏品的属性。",
        "from": [],
        "is_card": "",
        "is_piece": 0
    },
    "202006": {
        "id": 202006,
        "name": "念力精华-具现",
        "quality": 5,
        "price": 0,
        "path": "zhuangbei_jinghua_juxianhua_png",
        "icon": "zhuangbei_jinghua_juxianhua_png",
        "frame": "ui_frame_FrameHunterViolet1_png",
        "frame_mask": "ui_frame_FrameHunterSPmask_png",
        "client_star": 0,
        "small_icon": "zhuangbei_jinghua_juxianhua_png",
        "des": "具现化系念力所凝结而成，蕴藏巨大的能量，使用后可大幅提升具现化系猎人藏品的属性。",
        "from": [],
        "is_card": "",
        "is_piece": 0
    },
    "202007": {
        "id": 202007,
        "name": "念力精华-特质",
        "quality": 5,
        "price": 0,
        "path": "zhuangbei_jinghua_tezhi_png",
        "icon": "zhuangbei_jinghua_tezhi_png",
        "frame": "ui_frame_FrameHunterViolet1_png",
        "frame_mask": "ui_frame_FrameHunterSPmask_png",
        "client_star": 0,
        "small_icon": "zhuangbei_jinghua_tezhi_png",
        "des": "特质系念力所凝结而成，蕴藏巨大的能量，使用后可大幅提升特质系猎人藏品的属性。",
        "from": [],
        "is_card": "",
        "is_piece": 0
    },
    "202008": {
        "id": 202008,
        "name": "专属收藏碎片",
        "quality": 6,
        "price": 0,
        "path": "zhuangbei_huohongyan_png",
        "icon": "zhuangbei_huohongyan_png",
        "frame": "ui_frame_FrameHunterSPOrange_png",
        "frame_mask": "ui_frame_FrameHunterSPmask_png",
        "client_star": 0,
        "small_icon": "zhuangbei_huohongyan_png",
        "des": "可随机获得特质系、放出系猎人专属藏品碎片。",
        "from": [],
        "is_card": "",
        "is_piece": 1
    },
    "202009": {
        "id": 202009,
        "name": "专属收藏碎片",
        "quality": 6,
        "price": 0,
        "path": "zhuangbei_huohongyan_png",
        "icon": "zhuangbei_huohongyan_png",
        "frame": "ui_frame_FrameHunterSPOrange_png",
        "frame_mask": "ui_frame_FrameHunterSPmask_png",
        "client_star": 0,
        "small_icon": "zhuangbei_huohongyan_png",
        "des": "可随机获得强化系、具现化系猎人专属藏品碎片。",
        "from": [],
        "is_card": "",
        "is_piece": 1
    },
    "202010": {
        "id": 202010,
        "name": "专属收藏碎片",
        "quality": 6,
        "price": 0,
        "path": "zhuangbei_huohongyan_png",
        "icon": "zhuangbei_huohongyan_png",
        "frame": "ui_frame_FrameHunterSPOrange_png",
        "frame_mask": "ui_frame_FrameHunterSPmask_png",
        "client_star": 0,
        "small_icon": "zhuangbei_huohongyan_png",
        "des": "可随机获得变化系、操作系猎人专属藏品碎片。",
        "from": [],
        "is_card": "",
        "is_piece": 1
    },
    "203001": {
        "id": 203001,
        "name": "缠系红卡碎片",
        "quality": 6,
        "price": 0,
        "path": "card_8883shenmichan_s_png",
        "icon": "card_8883shenmichan_s_png",
        "frame": "ui_frame_FrameHunterSPRed_png",
        "frame_mask": "ui_frame_FrameHunterSPmask_png",
        "client_star": 0,
        "small_icon": "card_8883shenmichan_s_png",
        "des": "有概率掉落缠系红卡碎片，集齐100个可合成随机缠系红卡。",
        "from": [],
        "is_card": "",
        "is_piece": 1
    },
    "203002": {
        "id": 203002,
        "name": "练系红卡碎片",
        "quality": 6,
        "price": 0,
        "path": "card_8884shenmilian_s_png",
        "icon": "card_8884shenmilian_s_png",
        "frame": "ui_frame_FrameHunterSPRed_png",
        "frame_mask": "ui_frame_FrameHunterSPmask_png",
        "client_star": 0,
        "small_icon": "card_8884shenmilian_s_png",
        "des": "有概率掉落练系红卡碎片，集齐100个可合成随机练系红卡。",
        "from": [],
        "is_card": "",
        "is_piece": 1
    },
    "203003": {
        "id": 203003,
        "name": "绝系红卡碎片",
        "quality": 6,
        "price": 0,
        "path": "card_8885shenmijue_s_png",
        "icon": "card_8885shenmijue_s_png",
        "frame": "ui_frame_FrameHunterSPRed_png",
        "frame_mask": "ui_frame_FrameHunterSPmask_png",
        "client_star": 0,
        "small_icon": "card_8885shenmijue_s_png",
        "des": "有概率掉落绝系红卡碎片，集齐100个可合成随机绝系红卡。",
        "from": [],
        "is_card": "",
        "is_piece": 1
    },
    "203004": {
        "id": 203004,
        "name": "发系红卡碎片",
        "quality": 6,
        "price": 0,
        "path": "card_8886shenmifa_s_png",
        "icon": "card_8886shenmifa_s_png",
        "frame": "ui_frame_FrameHunterSPRed_png",
        "frame_mask": "ui_frame_FrameHunterSPmask_png",
        "client_star": 0,
        "small_icon": "card_8886shenmifa_s_png",
        "des": "有概率掉落发系红卡碎片，集齐100个可合成随机发系红卡。",
        "from": [],
        "is_card": "",
        "is_piece": 1
    },
    "203005": {
        "id": 203005,
        "name": "圆系红卡碎片",
        "quality": 6,
        "price": 0,
        "path": "card_8887shenmiyuan_s_png",
        "icon": "card_8887shenmiyuan_s_png",
        "frame": "ui_frame_FrameHunterSPRed_png",
        "frame_mask": "ui_frame_FrameHunterSPmask_png",
        "client_star": 0,
        "small_icon": "card_8887shenmiyuan_s_png",
        "des": "有概率掉落圆系红卡碎片，集齐100个可合成随机圆系红卡。",
        "from": [],
        "is_card": "",
        "is_piece": 1
    },
    "203006": {
        "id": 203006,
        "name": "坚系红卡碎片",
        "quality": 6,
        "price": 0,
        "path": "card_8888shenmijian_s_png",
        "icon": "card_8888shenmijian_s_png",
        "frame": "ui_frame_FrameHunterSPRed_png",
        "frame_mask": "ui_frame_FrameHunterSPmask_png",
        "client_star": 0,
        "small_icon": "card_8888shenmijian_s_png",
        "des": "有概率掉落坚系红卡碎片，集齐100个可合成随机坚系红卡。",
        "from": [],
        "is_card": "",
        "is_piece": 1
    },
    "203007": {
        "id": 203007,
        "name": "能量体",
        "quality": 4,
        "price": 0,
        "path": "bottle_bottleblue12_png",
        "icon": "bottle_bottleblue12_png",
        "frame": "ui_frame_FrameHunterViolet1_png",
        "frame_mask": "ui_frame_FrameHunterSPmask_png",
        "client_star": 0,
        "small_icon": "bottle_bottleblue12_png",
        "des": "可掉落生命数值、生命百分比、暴击率、暴击抵抗、真实伤害能量体，能量体可将卡片副属性进行增幅。",
        "from": [],
        "is_card": "",
        "is_piece": 0
    },
    "203008": {
        "id": 203008,
        "name": "精英挑战券",
        "quality": 5,
        "price": 0,
        "path": "item_menpiao1_png",
        "icon": "item_menpiao1_png",
        "frame": "ui_frame_FrameHunterViolet1_png",
        "frame_mask": "ui_frame_FrameHunterSPmask_png",
        "client_star": 0,
        "small_icon": "item_menpiao1_png",
        "des": "有概率掉落窝金の试炼精英挑战券。",
        "from": [],
        "is_card": "",
        "is_piece": 0
    },
    "203009": {
        "id": 203009,
        "name": "精英挑战券",
        "quality": 5,
        "price": 0,
        "path": "item_menpiao2_png",
        "icon": "item_menpiao2_png",
        "frame": "ui_frame_FrameHunterViolet1_png",
        "frame_mask": "ui_frame_FrameHunterSPmask_png",
        "client_star": 0,
        "small_icon": "item_menpiao2_png",
        "des": "有概率掉落玛琪の试炼精英挑战券。",
        "from": [],
        "is_card": "",
        "is_piece": 0
    },
    "203010": {
        "id": 203010,
        "name": "精英挑战券",
        "quality": 5,
        "price": 0,
        "path": "item_menpiao3_png",
        "icon": "item_menpiao3_png",
        "frame": "ui_frame_FrameHunterViolet1_png",
        "frame_mask": "ui_frame_FrameHunterSPmask_png",
        "client_star": 0,
        "small_icon": "item_menpiao3_png",
        "des": "有概率掉落库哔の试炼精英挑战券。",
        "from": [],
        "is_card": "",
        "is_piece": 0
    },
    "203011": {
        "id": 203011,
        "name": "能量体",
        "quality": 4,
        "price": 0,
        "path": "bottle_bottleblue15_png",
        "icon": "bottle_bottleblue15_png",
        "frame": "ui_frame_FrameHunterViolet1_png",
        "frame_mask": "ui_frame_FrameHunterSPmask_png",
        "client_star": 0,
        "small_icon": "bottle_bottleblue15_png",
        "des": "可掉落防御数值、防御百分比、速度、效果抵抗、回复提升能量体，能量体可将卡片副属性进行增幅。",
        "from": [],
        "is_card": "",
        "is_piece": 0
    },
    "203012": {
        "id": 203012,
        "name": "能量体",
        "quality": 4,
        "price": 0,
        "path": "bottle_bottleblue11_png",
        "icon": "bottle_bottleblue11_png",
        "frame": "ui_frame_FrameHunterViolet1_png",
        "frame_mask": "ui_frame_FrameHunterSPmask_png",
        "client_star": 0,
        "small_icon": "bottle_bottleblue11_png",
        "des": "可掉落攻击数值、攻击百分比、暴击伤害、效果命中、忽视防御能量体，能量体可将卡片副属性进行增幅。",
        "from": [],
        "is_card": "",
        "is_piece": 0
    },
    "203013": {
        "id": 203013,
        "name": "高级能量体",
        "quality": 5,
        "price": 0,
        "path": "bottle_bottlepurple12_png",
        "icon": "bottle_bottlepurple12_png",
        "frame": "ui_frame_FrameHunterViolet1_png",
        "frame_mask": "ui_frame_FrameHunterSPmask_png",
        "client_star": 0,
        "small_icon": "bottle_bottlepurple12_png",
        "des": "可掉落生命数值、生命百分比、暴击率、暴击抵抗、真实伤害高级能量体，高级能量体可将卡片副属性进行增幅。",
        "from": [],
        "is_card": "",
        "is_piece": 0
    },
    "203014": {
        "id": 203014,
        "name": "高级能量体",
        "quality": 5,
        "price": 0,
        "path": "bottle_bottlepurple15_png",
        "icon": "bottle_bottlepurple15_png",
        "frame": "ui_frame_FrameHunterViolet1_png",
        "frame_mask": "ui_frame_FrameHunterSPmask_png",
        "client_star": 0,
        "small_icon": "bottle_bottlepurple15_png",
        "des": "可掉落防御数值、防御百分比、速度、效果抵抗、回复提升高级能量体，高级能量体可将卡片副属性进行增幅。",
        "from": [],
        "is_card": "",
        "is_piece": 0
    },
    "203015": {
        "id": 203015,
        "name": "高级能量体",
        "quality": 5,
        "price": 0,
        "path": "bottle_bottlepurple11_png",
        "icon": "bottle_bottlepurple11_png",
        "frame": "ui_frame_FrameHunterViolet1_png",
        "frame_mask": "ui_frame_FrameHunterSPmask_png",
        "client_star": 0,
        "small_icon": "bottle_bottlepurple11_png",
        "des": "可掉落攻击数值、攻击百分比、暴击伤害、效果命中、忽视防御高级能量体，高级能量体可将卡片副属性进行增幅。",
        "from": [],
        "is_card": "",
        "is_piece": 0
    },
    "204001": {
        "id": 204001,
        "name": "永恒的信念",
        "quality": 4,
        "price": 0,
        "path": "ui_iconresources_yonghengxinnian1_png",
        "icon": "ui_iconresources_yonghengxinnian1_png",
        "frame": "ui_frame_FrameHunterViolet1_png",
        "frame_mask": "ui_frame_FrameHunterSPmask_png",
        "client_star": 0,
        "small_icon": "ui_iconresources_yonghengxinnian1_png",
        "des": "酷拉皮卡信念凝结而成的珍惜信物，可以用来在酷拉皮卡故事商店中兑换物品。",
        "from": [],
        "is_card": "",
        "is_piece": 0
    },
    "204002": {
        "id": 204002,
        "name": "蜘蛛的印记",
        "quality": 4,
        "price": 0,
        "path": "ui_iconresources_kuluoluoxinwu1_png",
        "icon": "ui_iconresources_kuluoluoxinwu1_png",
        "frame": "ui_frame_FrameHunterViolet1_png",
        "frame_mask": "ui_frame_FrameHunterSPmask_png",
        "client_star": 0,
        "small_icon": "ui_iconresources_kuluoluoxinwu1_png",
        "des": "库洛洛信念凝结而成的珍惜信物，可以用来在库洛洛故事商店中兑换物品。",
        "from": [],
        "is_card": "",
        "is_piece": 0
    },
    "204003": {
        "id": 204003,
        "name": "老虎的印记",
        "quality": 4,
        "price": 0,
        "path": "ui_iconresources_laohuxinwu1_png",
        "icon": "ui_iconresources_laohuxinwu1_png",
        "frame": "ui_frame_FrameHunterViolet1_png",
        "frame_mask": "ui_frame_FrameHunterSPmask_png",
        "client_star": 0,
        "small_icon": "ui_iconresources_laohuxinwu1_png",
        "des": "康宰信念凝结而成的珍惜信物，可以用来在康宰故事商店中兑换物品。",
        "from": [],
        "is_card": "",
        "is_piece": 0
    },
    "204004": {
        "id": 204004,
        "name": "玉兔的印记",
        "quality": 4,
        "price": 0,
        "path": "ui_iconresources_tuzixinwu1_png",
        "icon": "ui_iconresources_tuzixinwu1_png",
        "frame": "ui_frame_FrameHunterViolet1_png",
        "frame_mask": "ui_frame_FrameHunterSPmask_png",
        "client_star": 0,
        "small_icon": "ui_iconresources_tuzixinwu1_png",
        "des": "皮约恩信念凝结而成的珍惜信物，可以用来在皮约恩故事商店中兑换物品。",
        "from": [],
        "is_card": "",
        "is_piece": 0
    },
    "204005": {
        "id": 204005,
        "name": "诡鼠的印记",
        "quality": 4,
        "price": 0,
        "path": "ui_iconresources_laoshuxinwu1_png",
        "icon": "ui_iconresources_laoshuxinwu1_png",
        "frame": "ui_frame_FrameHunterViolet1_png",
        "frame_mask": "ui_frame_FrameHunterSPmask_png",
        "client_star": 0,
        "small_icon": "ui_iconresources_laoshuxinwu1_png",
        "des": "帕里斯通信念凝结而成的珍惜信物，可以用来在帕里斯通故事商店中兑换物品。",
        "from": [],
        "is_card": "",
        "is_piece": 0
    },
    "204006": {
        "id": 204006,
        "name": "蚁王的印记",
        "quality": 4,
        "price": 0,
        "path": "ui_iconresources_wangxinwu1_png",
        "icon": "ui_iconresources_wangxinwu1_png",
        "frame": "ui_frame_FrameHunterViolet1_png",
        "frame_mask": "ui_frame_FrameHunterSPmask_png",
        "client_star": 0,
        "small_icon": "ui_iconresources_wangxinwu1_png",
        "des": "王信念凝结而成的珍惜信物，可以用来在王故事商店中兑换物品。",
        "from": [],
        "is_card": "",
        "is_piece": 0
    },
    "204007": {
        "id": 204007,
        "name": "猫女的印记",
        "quality": 4,
        "price": 0,
        "path": "ui_iconresources_nifeibiduoxinwu1_png",
        "icon": "ui_iconresources_nifeibiduoxinwu1_png",
        "frame": "ui_frame_FrameHunterViolet1_png",
        "frame_mask": "ui_frame_FrameHunterSPmask_png",
        "client_star": 0,
        "small_icon": "ui_iconresources_nifeibiduoxinwu1_png",
        "des": "尼飞彼多信念凝结而成的珍惜信物，可以用来在尼飞彼多故事商店中兑换物品。",
        "from": [],
        "is_card": "",
        "is_piece": 0
    }}
