{
    "10101": {
        "attri_id": 10101,
        "name": "阿修罗の刃",
        "quality": [1,1,1,1,1,1,1,1,1,1],
        "attri_type": 2,
        "object_type": 2,
        "attri_value": [5,10,15,20,25,30,35,40,45,50],
        "consume_general": [0,0,0,0,0,0,0,0,0],
        "general_level": [0,0,0,0,0,0,0,0,0],
        "general_star": [3,3,3,4,4,4,4,4,5],
        "general_awaken": [0,0,0,0,0,0,0,0,0],
        "general_count": [1,2,3,1,1,2,2,3,1],
        "consume_money": [15000,30000,50000,75000,105000,140000,180000,220000,300000],
        "consume_fridge": [[20006,15],[20006,30],[20006,50],[20006,75],[20006,105],[20006,140],[20006,180],[20006,220],[20006,300]],
        "path": "ui_hunter_psychic_psy_axiuluo1_png"
    },
    "10102": {
        "attri_id": 10102,
        "name": "阿修罗の体",
        "quality": [1,1,1,1,1,1,1,1,1,1],
        "attri_type": 1,
        "object_type": 2,
        "attri_value": [5,10,15,20,25,30,35,40,45,50],
        "consume_general": [0,0,0,0,0,0,0,0,0],
        "general_level": [0,0,0,0,0,0,0,0,0],
        "general_star": [3,3,3,4,4,4,4,4,5],
        "general_awaken": [0,0,0,0,0,0,0,0,0],
        "general_count": [1,2,3,1,1,2,2,3,1],
        "consume_money": [15000,30000,50000,75000,105000,140000,180000,220000,300000],
        "consume_fridge": [[20006,15],[20006,30],[20006,50],[20006,75],[20006,105],[20006,140],[20006,180],[20006,220],[20006,300]],
        "path": "ui_hunter_psychic_psy_axiuluo1_png"
    },
    "10103": {
        "attri_id": 10103,
        "name": "阿修罗の牙",
        "quality": [1,1,1,1,1,1,1,1,1,1],
        "attri_type": 9,
        "object_type": 1,
        "attri_value": [2,4,6,8,10,12,14,16,18,20],
        "consume_general": [0,0,0,0,0,0,0,0,0],
        "general_level": [0,0,0,0,0,0,0,0,0],
        "general_star": [3,3,3,4,4,4,4,4,5],
        "general_awaken": [0,0,0,0,0,0,0,0,0],
        "general_count": [1,2,3,1,1,2,2,3,1],
        "consume_money": [15000,30000,50000,75000,105000,140000,180000,220000,300000],
        "consume_fridge": [[20006,15],[20006,30],[20006,50],[20006,75],[20006,105],[20006,140],[20006,180],[20006,220],[20006,300]],
        "path": "ui_hunter_psychic_psy_axiuluo1_png"
    },
    "10104": {
        "attri_id": 10104,
        "name": "阿修罗の怒",
        "quality": [1,1,1,1,1,1,1,1,1,1],
        "attri_type": 8,
        "object_type": 1,
        "attri_value": [5,10,15,20,25,30,35,40,45,50],
        "consume_general": [0,0,0,0,0,0,0,0,0],
        "general_level": [0,0,0,0,0,0,0,0,0],
        "general_star": [3,3,3,4,4,4,4,4,5],
        "general_awaken": [0,0,0,0,0,0,0,0,0],
        "general_count": [1,2,3,1,1,2,2,3,1],
        "consume_money": [15000,30000,50000,75000,105000,140000,180000,220000,300000],
        "consume_fridge": [[20006,15],[20006,30],[20006,50],[20006,75],[20006,105],[20006,140],[20006,180],[20006,220],[20006,300]],
        "path": "ui_hunter_psychic_psy_axiuluo1_png"
    },
    "10105": {
        "attri_id": 10105,
        "name": "阿修罗の眼",
        "quality": [1,1,1,1,1,1,1,1,1,1],
        "attri_type": 4,
        "object_type": 1,
        "attri_value": [3,6,9,12,15,18,21,24,27,30],
        "consume_general": [0,0,0,0,0,0,0,0,0],
        "general_level": [0,0,0,0,0,0,0,0,0],
        "general_star": [3,3,3,4,4,4,4,4,5],
        "general_awaken": [0,0,0,0,0,0,0,0,0],
        "general_count": [1,2,3,1,1,2,2,3,1],
        "consume_money": [15000,30000,50000,75000,105000,140000,180000,220000,300000],
        "consume_fridge": [[20006,15],[20006,30],[20006,50],[20006,75],[20006,105],[20006,140],[20006,180],[20006,220],[20006,300]],
        "path": "ui_hunter_psychic_psy_axiuluo1_png"
    },
    "10106": {
        "attri_id": 10106,
        "name": "阿修罗の盾",
        "quality": [1,1,1,1,1,1,1,1,1,1],
        "attri_type": 5,
        "object_type": 1,
        "attri_value": [3,6,9,12,15,18,21,24,27,30],
        "consume_general": [0,0,0,0,0,0,0,0,0],
        "general_level": [0,0,0,0,0,0,0,0,0],
        "general_star": [3,3,3,4,4,4,4,4,5],
        "general_awaken": [0,0,0,0,0,0,0,0,0],
        "general_count": [1,2,3,1,1,2,2,3,1],
        "consume_money": [15000,30000,50000,75000,105000,140000,180000,220000,300000],
        "consume_fridge": [[20006,15],[20006,30],[20006,50],[20006,75],[20006,105],[20006,140],[20006,180],[20006,220],[20006,300]],
        "path": "ui_hunter_psychic_psy_axiuluo1_png"
    },
    "20101": {
        "attri_id": 20101,
        "name": "火烈鸟の刃",
        "quality": [1,1,1,1,1,1,1,1,1,1],
        "attri_type": 2,
        "object_type": 2,
        "attri_value": [5,10,15,20,25,30,35,40,45,50],
        "consume_general": [0,0,0,0,0,0,0,0,0],
        "general_level": [0,0,0,0,0,0,0,0,0],
        "general_star": [3,3,3,4,4,4,4,4,5],
        "general_awaken": [0,0,0,0,0,0,0,0,0],
        "general_count": [1,2,3,1,1,2,2,3,1],
        "consume_money": [15000,30000,50000,75000,105000,140000,180000,220000,300000],
        "consume_fridge": [[20006,15],[20006,30],[20006,50],[20006,75],[20006,105],[20006,140],[20006,180],[20006,220],[20006,300]],
        "path": "ui_hunter_psychic_psy_huolieniao1_png"
    },
    "20102": {
        "attri_id": 20102,
        "name": "火烈鸟の体",
        "quality": [1,1,1,1,1,1,1,1,1,1],
        "attri_type": 1,
        "object_type": 2,
        "attri_value": [5,10,15,20,25,30,35,40,45,50],
        "consume_general": [0,0,0,0,0,0,0,0,0],
        "general_level": [0,0,0,0,0,0,0,0,0],
        "general_star": [3,3,3,4,4,4,4,4,5],
        "general_awaken": [0,0,0,0,0,0,0,0,0],
        "general_count": [1,2,3,1,1,2,2,3,1],
        "consume_money": [15000,30000,50000,75000,105000,140000,180000,220000,300000],
        "consume_fridge": [[20006,15],[20006,30],[20006,50],[20006,75],[20006,105],[20006,140],[20006,180],[20006,220],[20006,300]],
        "path": "ui_hunter_psychic_psy_huolieniao1_png"
    },
    "20103": {
        "attri_id": 20103,
        "name": "火烈鸟の牙",
        "quality": [1,1,1,1,1,1,1,1,1,1],
        "attri_type": 9,
        "object_type": 1,
        "attri_value": [2,4,6,8,10,12,14,16,18,20],
        "consume_general": [0,0,0,0,0,0,0,0,0],
        "general_level": [0,0,0,0,0,0,0,0,0],
        "general_star": [3,3,3,4,4,4,4,4,5],
        "general_awaken": [0,0,0,0,0,0,0,0,0],
        "general_count": [1,2,3,1,1,2,2,3,1],
        "consume_money": [15000,30000,50000,75000,105000,140000,180000,220000,300000],
        "consume_fridge": [[20006,15],[20006,30],[20006,50],[20006,75],[20006,105],[20006,140],[20006,180],[20006,220],[20006,300]],
        "path": "ui_hunter_psychic_psy_huolieniao1_png"
    },
    "20104": {
        "attri_id": 20104,
        "name": "火烈鸟の怒",
        "quality": [1,1,1,1,1,1,1,1,1,1],
        "attri_type": 8,
        "object_type": 1,
        "attri_value": [5,10,15,20,25,30,35,40,45,50],
        "consume_general": [0,0,0,0,0,0,0,0,0],
        "general_level": [0,0,0,0,0,0,0,0,0],
        "general_star": [3,3,3,4,4,4,4,4,5],
        "general_awaken": [0,0,0,0,0,0,0,0,0],
        "general_count": [1,2,3,1,1,2,2,3,1],
        "consume_money": [15000,30000,50000,75000,105000,140000,180000,220000,300000],
        "consume_fridge": [[20006,15],[20006,30],[20006,50],[20006,75],[20006,105],[20006,140],[20006,180],[20006,220],[20006,300]],
        "path": "ui_hunter_psychic_psy_huolieniao1_png"
    },
    "20105": {
        "attri_id": 20105,
        "name": "火烈鸟の眼",
        "quality": [1,1,1,1,1,1,1,1,1,1],
        "attri_type": 4,
        "object_type": 1,
        "attri_value": [3,6,9,12,15,18,21,24,27,30],
        "consume_general": [0,0,0,0,0,0,0,0,0],
        "general_level": [0,0,0,0,0,0,0,0,0],
        "general_star": [3,3,3,4,4,4,4,4,5],
        "general_awaken": [0,0,0,0,0,0,0,0,0],
        "general_count": [1,2,3,1,1,2,2,3,1],
        "consume_money": [15000,30000,50000,75000,105000,140000,180000,220000,300000],
        "consume_fridge": [[20006,15],[20006,30],[20006,50],[20006,75],[20006,105],[20006,140],[20006,180],[20006,220],[20006,300]],
        "path": "ui_hunter_psychic_psy_huolieniao1_png"
    },
    "20106": {
        "attri_id": 20106,
        "name": "火烈鸟の盾",
        "quality": [1,1,1,1,1,1,1,1,1,1],
        "attri_type": 5,
        "object_type": 1,
        "attri_value": [3,6,9,12,15,18,21,24,27,30],
        "consume_general": [0,0,0,0,0,0,0,0,0],
        "general_level": [0,0,0,0,0,0,0,0,0],
        "general_star": [3,3,3,4,4,4,4,4,5],
        "general_awaken": [0,0,0,0,0,0,0,0,0],
        "general_count": [1,2,3,1,1,2,2,3,1],
        "consume_money": [15000,30000,50000,75000,105000,140000,180000,220000,300000],
        "consume_fridge": [[20006,15],[20006,30],[20006,50],[20006,75],[20006,105],[20006,140],[20006,180],[20006,220],[20006,300]],
        "path": "ui_hunter_psychic_psy_huolieniao1_png"
    },
    "30101": {
        "attri_id": 30101,
        "name": "影舞者の刃",
        "quality": [1,1,1,1,1,1,1,1,1,1],
        "attri_type": 2,
        "object_type": 2,
        "attri_value": [5,10,15,20,25,30,35,40,45,50],
        "consume_general": [0,0,0,0,0,0,0,0,0],
        "general_level": [0,0,0,0,0,0,0,0,0],
        "general_star": [3,3,3,4,4,4,4,4,5],
        "general_awaken": [0,0,0,0,0,0,0,0,0],
        "general_count": [1,2,3,1,1,2,2,3,1],
        "consume_money": [15000,30000,50000,75000,105000,140000,180000,220000,300000],
        "consume_fridge": [[20006,15],[20006,30],[20006,50],[20006,75],[20006,105],[20006,140],[20006,180],[20006,220],[20006,300]],
        "path": "ui_hunter_psychic_psy_yingwuzhe1_png"
    },
    "30102": {
        "attri_id": 30102,
        "name": "影舞者の体",
        "quality": [1,1,1,1,1,1,1,1,1,1],
        "attri_type": 1,
        "object_type": 2,
        "attri_value": [5,10,15,20,25,30,35,40,45,50],
        "consume_general": [0,0,0,0,0,0,0,0,0],
        "general_level": [0,0,0,0,0,0,0,0,0],
        "general_star": [3,3,3,4,4,4,4,4,5],
        "general_awaken": [0,0,0,0,0,0,0,0,0],
        "general_count": [1,2,3,1,1,2,2,3,1],
        "consume_money": [15000,30000,50000,75000,105000,140000,180000,220000,300000],
        "consume_fridge": [[20006,15],[20006,30],[20006,50],[20006,75],[20006,105],[20006,140],[20006,180],[20006,220],[20006,300]],
        "path": "ui_hunter_psychic_psy_yingwuzhe1_png"
    },
    "30103": {
        "attri_id": 30103,
        "name": "影舞者の牙",
        "quality": [1,1,1,1,1,1,1,1,1,1],
        "attri_type": 9,
        "object_type": 1,
        "attri_value": [2,4,6,8,10,12,14,16,18,20],
        "consume_general": [0,0,0,0,0,0,0,0,0],
        "general_level": [0,0,0,0,0,0,0,0,0],
        "general_star": [3,3,3,4,4,4,4,4,5],
        "general_awaken": [0,0,0,0,0,0,0,0,0],
        "general_count": [1,2,3,1,1,2,2,3,1],
        "consume_money": [15000,30000,50000,75000,105000,140000,180000,220000,300000],
        "consume_fridge": [[20006,15],[20006,30],[20006,50],[20006,75],[20006,105],[20006,140],[20006,180],[20006,220],[20006,300]],
        "path": "ui_hunter_psychic_psy_yingwuzhe1_png"
    },
    "30104": {
        "attri_id": 30104,
        "name": "影舞者の怒",
        "quality": [1,1,1,1,1,1,1,1,1,1],
        "attri_type": 8,
        "object_type": 1,
        "attri_value": [5,10,15,20,25,30,35,40,45,50],
        "consume_general": [0,0,0,0,0,0,0,0,0],
        "general_level": [0,0,0,0,0,0,0,0,0],
        "general_star": [3,3,3,4,4,4,4,4,5],
        "general_awaken": [0,0,0,0,0,0,0,0,0],
        "general_count": [1,2,3,1,1,2,2,3,1],
        "consume_money": [15000,30000,50000,75000,105000,140000,180000,220000,300000],
        "consume_fridge": [[20006,15],[20006,30],[20006,50],[20006,75],[20006,105],[20006,140],[20006,180],[20006,220],[20006,300]],
        "path": "ui_hunter_psychic_psy_yingwuzhe1_png"
    },
    "30105": {
        "attri_id": 30105,
        "name": "影舞者の眼",
        "quality": [1,1,1,1,1,1,1,1,1,1],
        "attri_type": 4,
        "object_type": 1,
        "attri_value": [3,6,9,12,15,18,21,24,27,30],
        "consume_general": [0,0,0,0,0,0,0,0,0],
        "general_level": [0,0,0,0,0,0,0,0,0],
        "general_star": [3,3,3,4,4,4,4,4,5],
        "general_awaken": [0,0,0,0,0,0,0,0,0],
        "general_count": [1,2,3,1,1,2,2,3,1],
        "consume_money": [15000,30000,50000,75000,105000,140000,180000,220000,300000],
        "consume_fridge": [[20006,15],[20006,30],[20006,50],[20006,75],[20006,105],[20006,140],[20006,180],[20006,220],[20006,300]],
        "path": "ui_hunter_psychic_psy_yingwuzhe1_png"
    },
    "30106": {
        "attri_id": 30106,
        "name": "影舞者の盾",
        "quality": [1,1,1,1,1,1,1,1,1,1],
        "attri_type": 5,
        "object_type": 1,
        "attri_value": [3,6,9,12,15,18,21,24,27,30],
        "consume_general": [0,0,0,0,0,0,0,0,0],
        "general_level": [0,0,0,0,0,0,0,0,0],
        "general_star": [3,3,3,4,4,4,4,4,5],
        "general_awaken": [0,0,0,0,0,0,0,0,0],
        "general_count": [1,2,3,1,1,2,2,3,1],
        "consume_money": [15000,30000,50000,75000,105000,140000,180000,220000,300000],
        "consume_fridge": [[20006,15],[20006,30],[20006,50],[20006,75],[20006,105],[20006,140],[20006,180],[20006,220],[20006,300]],
        "path": "ui_hunter_psychic_psy_yingwuzhe1_png"
    },
    "40101": {
        "attri_id": 40101,
        "name": "地火狼の刃",
        "quality": [1,1,1,1,1,1,1,1,1,1],
        "attri_type": 2,
        "object_type": 2,
        "attri_value": [5,10,15,20,25,30,35,40,45,50],
        "consume_general": [0,0,0,0,0,0,0,0,0],
        "general_level": [0,0,0,0,0,0,0,0,0],
        "general_star": [3,3,3,4,4,4,4,4,5],
        "general_awaken": [0,0,0,0,0,0,0,0,0],
        "general_count": [1,2,3,1,1,2,2,3,1],
        "consume_money": [15000,30000,50000,75000,105000,140000,180000,220000,300000],
        "consume_fridge": [[20006,15],[20006,30],[20006,50],[20006,75],[20006,105],[20006,140],[20006,180],[20006,220],[20006,300]],
        "path": "ui_hunter_psychic_psy_dihuolang1_png"
    },
    "40102": {
        "attri_id": 40102,
        "name": "地火狼の体",
        "quality": [1,1,1,1,1,1,1,1,1,1],
        "attri_type": 1,
        "object_type": 2,
        "attri_value": [5,10,15,20,25,30,35,40,45,50],
        "consume_general": [0,0,0,0,0,0,0,0,0],
        "general_level": [0,0,0,0,0,0,0,0,0],
        "general_star": [3,3,3,4,4,4,4,4,5],
        "general_awaken": [0,0,0,0,0,0,0,0,0],
        "general_count": [1,2,3,1,1,2,2,3,1],
        "consume_money": [15000,30000,50000,75000,105000,140000,180000,220000,300000],
        "consume_fridge": [[20006,15],[20006,30],[20006,50],[20006,75],[20006,105],[20006,140],[20006,180],[20006,220],[20006,300]],
        "path": "ui_hunter_psychic_psy_dihuolang1_png"
    },
    "40103": {
        "attri_id": 40103,
        "name": "地火狼の牙",
        "quality": [1,1,1,1,1,1,1,1,1,1],
        "attri_type": 9,
        "object_type": 1,
        "attri_value": [2,4,6,8,10,12,14,16,18,20],
        "consume_general": [0,0,0,0,0,0,0,0,0],
        "general_level": [0,0,0,0,0,0,0,0,0],
        "general_star": [3,3,3,4,4,4,4,4,5],
        "general_awaken": [0,0,0,0,0,0,0,0,0],
        "general_count": [1,2,3,1,1,2,2,3,1],
        "consume_money": [15000,30000,50000,75000,105000,140000,180000,220000,300000],
        "consume_fridge": [[20006,15],[20006,30],[20006,50],[20006,75],[20006,105],[20006,140],[20006,180],[20006,220],[20006,300]],
        "path": "ui_hunter_psychic_psy_dihuolang1_png"
    },
    "40104": {
        "attri_id": 40104,
        "name": "地火狼の怒",
        "quality": [1,1,1,1,1,1,1,1,1,1],
        "attri_type": 8,
        "object_type": 1,
        "attri_value": [5,10,15,20,25,30,35,40,45,50],
        "consume_general": [0,0,0,0,0,0,0,0,0],
        "general_level": [0,0,0,0,0,0,0,0,0],
        "general_star": [3,3,3,4,4,4,4,4,5],
        "general_awaken": [0,0,0,0,0,0,0,0,0],
        "general_count": [1,2,3,1,1,2,2,3,1],
        "consume_money": [15000,30000,50000,75000,105000,140000,180000,220000,300000],
        "consume_fridge": [[20006,15],[20006,30],[20006,50],[20006,75],[20006,105],[20006,140],[20006,180],[20006,220],[20006,300]],
        "path": "ui_hunter_psychic_psy_dihuolang1_png"
    },
    "40105": {
        "attri_id": 40105,
        "name": "地火狼の眼",
        "quality": [1,1,1,1,1,1,1,1,1,1],
        "attri_type": 4,
        "object_type": 1,
        "attri_value": [3,6,9,12,15,18,21,24,27,30],
        "consume_general": [0,0,0,0,0,0,0,0,0],
        "general_level": [0,0,0,0,0,0,0,0,0],
        "general_star": [3,3,3,4,4,4,4,4,5],
        "general_awaken": [0,0,0,0,0,0,0,0,0],
        "general_count": [1,2,3,1,1,2,2,3,1],
        "consume_money": [15000,30000,50000,75000,105000,140000,180000,220000,300000],
        "consume_fridge": [[20006,15],[20006,30],[20006,50],[20006,75],[20006,105],[20006,140],[20006,180],[20006,220],[20006,300]],
        "path": "ui_hunter_psychic_psy_dihuolang1_png"
    },
    "40106": {
        "attri_id": 40106,
        "name": "地火狼の盾",
        "quality": [1,1,1,1,1,1,1,1,1,1],
        "attri_type": 5,
        "object_type": 1,
        "attri_value": [3,6,9,12,15,18,21,24,27,30],
        "consume_general": [0,0,0,0,0,0,0,0,0],
        "general_level": [0,0,0,0,0,0,0,0,0],
        "general_star": [3,3,3,4,4,4,4,4,5],
        "general_awaken": [0,0,0,0,0,0,0,0,0],
        "general_count": [1,2,3,1,1,2,2,3,1],
        "consume_money": [15000,30000,50000,75000,105000,140000,180000,220000,300000],
        "consume_fridge": [[20006,15],[20006,30],[20006,50],[20006,75],[20006,105],[20006,140],[20006,180],[20006,220],[20006,300]],
        "path": "ui_hunter_psychic_psy_dihuolang1_png"
    },
    "50101": {
        "attri_id": 50101,
        "name": "暗杀者の刃",
        "quality": [1,1,1,1,1,1,1,1,1,1],
        "attri_type": 2,
        "object_type": 2,
        "attri_value": [5,10,15,20,25,30,35,40,45,50],
        "consume_general": [0,0,0,0,0,0,0,0,0],
        "general_level": [0,0,0,0,0,0,0,0,0],
        "general_star": [3,3,3,4,4,4,4,4,5],
        "general_awaken": [0,0,0,0,0,0,0,0,0],
        "general_count": [1,2,3,1,1,2,2,3,1],
        "consume_money": [15000,30000,50000,75000,105000,140000,180000,220000,300000],
        "consume_fridge": [[20006,15],[20006,30],[20006,50],[20006,75],[20006,105],[20006,140],[20006,180],[20006,220],[20006,300]],
        "path": "ui_hunter_psychic_psy_anshazhe1_png"
    },
    "50102": {
        "attri_id": 50102,
        "name": "暗杀者の体",
        "quality": [1,1,1,1,1,1,1,1,1,1],
        "attri_type": 1,
        "object_type": 2,
        "attri_value": [5,10,15,20,25,30,35,40,45,50],
        "consume_general": [0,0,0,0,0,0,0,0,0],
        "general_level": [0,0,0,0,0,0,0,0,0],
        "general_star": [3,3,3,4,4,4,4,4,5],
        "general_awaken": [0,0,0,0,0,0,0,0,0],
        "general_count": [1,2,3,1,1,2,2,3,1],
        "consume_money": [15000,30000,50000,75000,105000,140000,180000,220000,300000],
        "consume_fridge": [[20006,15],[20006,30],[20006,50],[20006,75],[20006,105],[20006,140],[20006,180],[20006,220],[20006,300]],
        "path": "ui_hunter_psychic_psy_anshazhe1_png"
    },
    "50103": {
        "attri_id": 50103,
        "name": "暗杀者の牙",
        "quality": [1,1,1,1,1,1,1,1,1,1],
        "attri_type": 9,
        "object_type": 1,
        "attri_value": [2,4,6,8,10,12,14,16,18,20],
        "consume_general": [0,0,0,0,0,0,0,0,0],
        "general_level": [0,0,0,0,0,0,0,0,0],
        "general_star": [3,3,3,4,4,4,4,4,5],
        "general_awaken": [0,0,0,0,0,0,0,0,0],
        "general_count": [1,2,3,1,1,2,2,3,1],
        "consume_money": [15000,30000,50000,75000,105000,140000,180000,220000,300000],
        "consume_fridge": [[20006,15],[20006,30],[20006,50],[20006,75],[20006,105],[20006,140],[20006,180],[20006,220],[20006,300]],
        "path": "ui_hunter_psychic_psy_anshazhe1_png"
    },
    "50104": {
        "attri_id": 50104,
        "name": "暗杀者の怒",
        "quality": [1,1,1,1,1,1,1,1,1,1],
        "attri_type": 8,
        "object_type": 1,
        "attri_value": [5,10,15,20,25,30,35,40,45,50],
        "consume_general": [0,0,0,0,0,0,0,0,0],
        "general_level": [0,0,0,0,0,0,0,0,0],
        "general_star": [3,3,3,4,4,4,4,4,5],
        "general_awaken": [0,0,0,0,0,0,0,0,0],
        "general_count": [1,2,3,1,1,2,2,3,1],
        "consume_money": [15000,30000,50000,75000,105000,140000,180000,220000,300000],
        "consume_fridge": [[20006,15],[20006,30],[20006,50],[20006,75],[20006,105],[20006,140],[20006,180],[20006,220],[20006,300]],
        "path": "ui_hunter_psychic_psy_anshazhe1_png"
    },
    "50105": {
        "attri_id": 50105,
        "name": "暗杀者の眼",
        "quality": [1,1,1,1,1,1,1,1,1,1],
        "attri_type": 4,
        "object_type": 1,
        "attri_value": [3,6,9,12,15,18,21,24,27,30],
        "consume_general": [0,0,0,0,0,0,0,0,0],
        "general_level": [0,0,0,0,0,0,0,0,0],
        "general_star": [3,3,3,4,4,4,4,4,5],
        "general_awaken": [0,0,0,0,0,0,0,0,0],
        "general_count": [1,2,3,1,1,2,2,3,1],
        "consume_money": [15000,30000,50000,75000,105000,140000,180000,220000,300000],
        "consume_fridge": [[20006,15],[20006,30],[20006,50],[20006,75],[20006,105],[20006,140],[20006,180],[20006,220],[20006,300]],
        "path": "ui_hunter_psychic_psy_anshazhe1_png"
    },
    "50106": {
        "attri_id": 50106,
        "name": "暗杀者の盾",
        "quality": [1,1,1,1,1,1,1,1,1,1],
        "attri_type": 5,
        "object_type": 1,
        "attri_value": [3,6,9,12,15,18,21,24,27,30],
        "consume_general": [0,0,0,0,0,0,0,0,0],
        "general_level": [0,0,0,0,0,0,0,0,0],
        "general_star": [3,3,3,4,4,4,4,4,5],
        "general_awaken": [0,0,0,0,0,0,0,0,0],
        "general_count": [1,2,3,1,1,2,2,3,1],
        "consume_money": [15000,30000,50000,75000,105000,140000,180000,220000,300000],
        "consume_fridge": [[20006,15],[20006,30],[20006,50],[20006,75],[20006,105],[20006,140],[20006,180],[20006,220],[20006,300]],
        "path": "ui_hunter_psychic_psy_anshazhe1_png"
    },
    "60101": {
        "attri_id": 60101,
        "name": "冒险王の刃",
        "quality": [1,1,1,1,1,1,1,1,1,1],
        "attri_type": 2,
        "object_type": 2,
        "attri_value": [5,10,15,20,25,30,35,40,45,50],
        "consume_general": [0,0,0,0,0,0,0,0,0],
        "general_level": [0,0,0,0,0,0,0,0,0],
        "general_star": [3,3,3,4,4,4,4,4,5],
        "general_awaken": [0,0,0,0,0,0,0,0,0],
        "general_count": [1,2,3,1,1,2,2,3,1],
        "consume_money": [15000,30000,50000,75000,105000,140000,180000,220000,300000],
        "consume_fridge": [[20006,15],[20006,30],[20006,50],[20006,75],[20006,105],[20006,140],[20006,180],[20006,220],[20006,300]],
        "path": "ui_hunter_psychic_psy_maoxianwang1_png"
    },
    "60102": {
        "attri_id": 60102,
        "name": "冒险王の体",
        "quality": [1,1,1,1,1,1,1,1,1,1],
        "attri_type": 1,
        "object_type": 2,
        "attri_value": [5,10,15,20,25,30,35,40,45,50],
        "consume_general": [0,0,0,0,0,0,0,0,0],
        "general_level": [0,0,0,0,0,0,0,0,0],
        "general_star": [3,3,3,4,4,4,4,4,5],
        "general_awaken": [0,0,0,0,0,0,0,0,0],
        "general_count": [1,2,3,1,1,2,2,3,1],
        "consume_money": [15000,30000,50000,75000,105000,140000,180000,220000,300000],
        "consume_fridge": [[20006,15],[20006,30],[20006,50],[20006,75],[20006,105],[20006,140],[20006,180],[20006,220],[20006,300]],
        "path": "ui_hunter_psychic_psy_maoxianwang1_png"
    },
    "60103": {
        "attri_id": 60103,
        "name": "冒险王の牙",
        "quality": [1,1,1,1,1,1,1,1,1,1],
        "attri_type": 9,
        "object_type": 1,
        "attri_value": [2,4,6,8,10,12,14,16,18,20],
        "consume_general": [0,0,0,0,0,0,0,0,0],
        "general_level": [0,0,0,0,0,0,0,0,0],
        "general_star": [3,3,3,4,4,4,4,4,5],
        "general_awaken": [0,0,0,0,0,0,0,0,0],
        "general_count": [1,2,3,1,1,2,2,3,1],
        "consume_money": [15000,30000,50000,75000,105000,140000,180000,220000,300000],
        "consume_fridge": [[20006,15],[20006,30],[20006,50],[20006,75],[20006,105],[20006,140],[20006,180],[20006,220],[20006,300]],
        "path": "ui_hunter_psychic_psy_maoxianwang1_png"
    },
    "60104": {
        "attri_id": 60104,
        "name": "冒险王の怒",
        "quality": [1,1,1,1,1,1,1,1,1,1],
        "attri_type": 8,
        "object_type": 1,
        "attri_value": [5,10,15,20,25,30,35,40,45,50],
        "consume_general": [0,0,0,0,0,0,0,0,0],
        "general_level": [0,0,0,0,0,0,0,0,0],
        "general_star": [3,3,3,4,4,4,4,4,5],
        "general_awaken": [0,0,0,0,0,0,0,0,0],
        "general_count": [1,2,3,1,1,2,2,3,1],
        "consume_money": [15000,30000,50000,75000,105000,140000,180000,220000,300000],
        "consume_fridge": [[20006,15],[20006,30],[20006,50],[20006,75],[20006,105],[20006,140],[20006,180],[20006,220],[20006,300]],
        "path": "ui_hunter_psychic_psy_maoxianwang1_png"
    },
    "60105": {
        "attri_id": 60105,
        "name": "冒险王の眼",
        "quality": [1,1,1,1,1,1,1,1,1,1],
        "attri_type": 4,
        "object_type": 1,
        "attri_value": [3,6,9,12,15,18,21,24,27,30],
        "consume_general": [0,0,0,0,0,0,0,0,0],
        "general_level": [0,0,0,0,0,0,0,0,0],
        "general_star": [3,3,3,4,4,4,4,4,5],
        "general_awaken": [0,0,0,0,0,0,0,0,0],
        "general_count": [1,2,3,1,1,2,2,3,1],
        "consume_money": [15000,30000,50000,75000,105000,140000,180000,220000,300000],
        "consume_fridge": [[20006,15],[20006,30],[20006,50],[20006,75],[20006,105],[20006,140],[20006,180],[20006,220],[20006,300]],
        "path": "ui_hunter_psychic_psy_maoxianwang1_png"
    },
    "60106": {
        "attri_id": 60106,
        "name": "冒险王の盾",
        "quality": [1,1,1,1,1,1,1,1,1,1],
        "attri_type": 5,
        "object_type": 1,
        "attri_value": [3,6,9,12,15,18,21,24,27,30],
        "consume_general": [0,0,0,0,0,0,0,0,0],
        "general_level": [0,0,0,0,0,0,0,0,0],
        "general_star": [3,3,3,4,4,4,4,4,5],
        "general_awaken": [0,0,0,0,0,0,0,0,0],
        "general_count": [1,2,3,1,1,2,2,3,1],
        "consume_money": [15000,30000,50000,75000,105000,140000,180000,220000,300000],
        "consume_fridge": [[20006,15],[20006,30],[20006,50],[20006,75],[20006,105],[20006,140],[20006,180],[20006,220],[20006,300]],
        "path": "ui_hunter_psychic_psy_maoxianwang1_png"
    },
    "70101": {
        "attri_id": 70101,
        "name": "仲裁者の刃",
        "quality": [1,1,1,1,1,1,1,1,1,1],
        "attri_type": 2,
        "object_type": 2,
        "attri_value": [5,10,15,20,25,30,35,40,45,50],
        "consume_general": [0,0,0,0,0,0,0,0,0],
        "general_level": [0,0,0,0,0,0,0,0,0],
        "general_star": [3,3,3,4,4,4,4,4,5],
        "general_awaken": [0,0,0,0,0,0,0,0,0],
        "general_count": [1,2,3,1,1,2,2,3,1],
        "consume_money": [15000,30000,50000,75000,105000,140000,180000,220000,300000],
        "consume_fridge": [[20006,15],[20006,30],[20006,50],[20006,75],[20006,105],[20006,140],[20006,180],[20006,220],[20006,300]],
        "path": "ui_hunter_psychic_psy_zhongcaizhe1_png"
    },
    "70102": {
        "attri_id": 70102,
        "name": "仲裁者の体",
        "quality": [1,1,1,1,1,1,1,1,1,1],
        "attri_type": 1,
        "object_type": 2,
        "attri_value": [5,10,15,20,25,30,35,40,45,50],
        "consume_general": [0,0,0,0,0,0,0,0,0],
        "general_level": [0,0,0,0,0,0,0,0,0],
        "general_star": [3,3,3,4,4,4,4,4,5],
        "general_awaken": [0,0,0,0,0,0,0,0,0],
        "general_count": [1,2,3,1,1,2,2,3,1],
        "consume_money": [15000,30000,50000,75000,105000,140000,180000,220000,300000],
        "consume_fridge": [[20006,15],[20006,30],[20006,50],[20006,75],[20006,105],[20006,140],[20006,180],[20006,220],[20006,300]],
        "path": "ui_hunter_psychic_psy_zhongcaizhe1_png"
    },
    "70103": {
        "attri_id": 70103,
        "name": "仲裁者の牙",
        "quality": [1,1,1,1,1,1,1,1,1,1],
        "attri_type": 9,
        "object_type": 1,
        "attri_value": [2,4,6,8,10,12,14,16,18,20],
        "consume_general": [0,0,0,0,0,0,0,0,0],
        "general_level": [0,0,0,0,0,0,0,0,0],
        "general_star": [3,3,3,4,4,4,4,4,5],
        "general_awaken": [0,0,0,0,0,0,0,0,0],
        "general_count": [1,2,3,1,1,2,2,3,1],
        "consume_money": [15000,30000,50000,75000,105000,140000,180000,220000,300000],
        "consume_fridge": [[20006,15],[20006,30],[20006,50],[20006,75],[20006,105],[20006,140],[20006,180],[20006,220],[20006,300]],
        "path": "ui_hunter_psychic_psy_zhongcaizhe1_png"
    },
    "70104": {
        "attri_id": 70104,
        "name": "仲裁者の怒",
        "quality": [1,1,1,1,1,1,1,1,1,1],
        "attri_type": 8,
        "object_type": 1,
        "attri_value": [5,10,15,20,25,30,35,40,45,50],
        "consume_general": [0,0,0,0,0,0,0,0,0],
        "general_level": [0,0,0,0,0,0,0,0,0],
        "general_star": [3,3,3,4,4,4,4,4,5],
        "general_awaken": [0,0,0,0,0,0,0,0,0],
        "general_count": [1,2,3,1,1,2,2,3,1],
        "consume_money": [15000,30000,50000,75000,105000,140000,180000,220000,300000],
        "consume_fridge": [[20006,15],[20006,30],[20006,50],[20006,75],[20006,105],[20006,140],[20006,180],[20006,220],[20006,300]],
        "path": "ui_hunter_psychic_psy_zhongcaizhe1_png"
    },
    "70105": {
        "attri_id": 70105,
        "name": "仲裁者の眼",
        "quality": [1,1,1,1,1,1,1,1,1,1],
        "attri_type": 4,
        "object_type": 1,
        "attri_value": [3,6,9,12,15,18,21,24,27,30],
        "consume_general": [0,0,0,0,0,0,0,0,0],
        "general_level": [0,0,0,0,0,0,0,0,0],
        "general_star": [3,3,3,4,4,4,4,4,5],
        "general_awaken": [0,0,0,0,0,0,0,0,0],
        "general_count": [1,2,3,1,1,2,2,3,1],
        "consume_money": [15000,30000,50000,75000,105000,140000,180000,220000,300000],
        "consume_fridge": [[20006,15],[20006,30],[20006,50],[20006,75],[20006,105],[20006,140],[20006,180],[20006,220],[20006,300]],
        "path": "ui_hunter_psychic_psy_zhongcaizhe1_png"
    },
    "70106": {
        "attri_id": 70106,
        "name": "仲裁者の盾",
        "quality": [1,1,1,1,1,1,1,1,1,1],
        "attri_type": 5,
        "object_type": 1,
        "attri_value": [3,6,9,12,15,18,21,24,27,30],
        "consume_general": [0,0,0,0,0,0,0,0,0],
        "general_level": [0,0,0,0,0,0,0,0,0],
        "general_star": [3,3,3,4,4,4,4,4,5],
        "general_awaken": [0,0,0,0,0,0,0,0,0],
        "general_count": [1,2,3,1,1,2,2,3,1],
        "consume_money": [15000,30000,50000,75000,105000,140000,180000,220000,300000],
        "consume_fridge": [[20006,15],[20006,30],[20006,50],[20006,75],[20006,105],[20006,140],[20006,180],[20006,220],[20006,300]],
        "path": "ui_hunter_psychic_psy_zhongcaizhe1_png"
    },
    "80101": {
        "attri_id": 80101,
        "name": "傀儡师の刃",
        "quality": [1,1,1,1,1,1,1,1,1,1],
        "attri_type": 2,
        "object_type": 2,
        "attri_value": [5,10,15,20,25,30,35,40,45,50],
        "consume_general": [0,0,0,0,0,0,0,0,0],
        "general_level": [0,0,0,0,0,0,0,0,0],
        "general_star": [3,3,3,4,4,4,4,4,5],
        "general_awaken": [0,0,0,0,0,0,0,0,0],
        "general_count": [1,2,3,1,1,2,2,3,1],
        "consume_money": [15000,30000,50000,75000,105000,140000,180000,220000,300000],
        "consume_fridge": [[20006,15],[20006,30],[20006,50],[20006,75],[20006,105],[20006,140],[20006,180],[20006,220],[20006,300]],
        "path": "ui_hunter_psychic_psy_kuileishi1_png"
    },
    "80102": {
        "attri_id": 80102,
        "name": "傀儡师の体",
        "quality": [1,1,1,1,1,1,1,1,1,1],
        "attri_type": 1,
        "object_type": 2,
        "attri_value": [5,10,15,20,25,30,35,40,45,50],
        "consume_general": [0,0,0,0,0,0,0,0,0],
        "general_level": [0,0,0,0,0,0,0,0,0],
        "general_star": [3,3,3,4,4,4,4,4,5],
        "general_awaken": [0,0,0,0,0,0,0,0,0],
        "general_count": [1,2,3,1,1,2,2,3,1],
        "consume_money": [15000,30000,50000,75000,105000,140000,180000,220000,300000],
        "consume_fridge": [[20006,15],[20006,30],[20006,50],[20006,75],[20006,105],[20006,140],[20006,180],[20006,220],[20006,300]],
        "path": "ui_hunter_psychic_psy_kuileishi1_png"
    },
    "80103": {
        "attri_id": 80103,
        "name": "傀儡师の牙",
        "quality": [1,1,1,1,1,1,1,1,1,1],
        "attri_type": 9,
        "object_type": 1,
        "attri_value": [2,4,6,8,10,12,14,16,18,20],
        "consume_general": [0,0,0,0,0,0,0,0,0],
        "general_level": [0,0,0,0,0,0,0,0,0],
        "general_star": [3,3,3,4,4,4,4,4,5],
        "general_awaken": [0,0,0,0,0,0,0,0,0],
        "general_count": [1,2,3,1,1,2,2,3,1],
        "consume_money": [15000,30000,50000,75000,105000,140000,180000,220000,300000],
        "consume_fridge": [[20006,15],[20006,30],[20006,50],[20006,75],[20006,105],[20006,140],[20006,180],[20006,220],[20006,300]],
        "path": "ui_hunter_psychic_psy_kuileishi1_png"
    },
    "80104": {
        "attri_id": 80104,
        "name": "傀儡师の怒",
        "quality": [1,1,1,1,1,1,1,1,1,1],
        "attri_type": 8,
        "object_type": 1,
        "attri_value": [5,10,15,20,25,30,35,40,45,50],
        "consume_general": [0,0,0,0,0,0,0,0,0],
        "general_level": [0,0,0,0,0,0,0,0,0],
        "general_star": [3,3,3,4,4,4,4,4,5],
        "general_awaken": [0,0,0,0,0,0,0,0,0],
        "general_count": [1,2,3,1,1,2,2,3,1],
        "consume_money": [15000,30000,50000,75000,105000,140000,180000,220000,300000],
        "consume_fridge": [[20006,15],[20006,30],[20006,50],[20006,75],[20006,105],[20006,140],[20006,180],[20006,220],[20006,300]],
        "path": "ui_hunter_psychic_psy_kuileishi1_png"
    },
    "80105": {
        "attri_id": 80105,
        "name": "傀儡师の眼",
        "quality": [1,1,1,1,1,1,1,1,1,1],
        "attri_type": 4,
        "object_type": 1,
        "attri_value": [3,6,9,12,15,18,21,24,27,30],
        "consume_general": [0,0,0,0,0,0,0,0,0],
        "general_level": [0,0,0,0,0,0,0,0,0],
        "general_star": [3,3,3,4,4,4,4,4,5],
        "general_awaken": [0,0,0,0,0,0,0,0,0],
        "general_count": [1,2,3,1,1,2,2,3,1],
        "consume_money": [15000,30000,50000,75000,105000,140000,180000,220000,300000],
        "consume_fridge": [[20006,15],[20006,30],[20006,50],[20006,75],[20006,105],[20006,140],[20006,180],[20006,220],[20006,300]],
        "path": "ui_hunter_psychic_psy_kuileishi1_png"
    },
    "80106": {
        "attri_id": 80106,
        "name": "傀儡师の盾",
        "quality": [1,1,1,1,1,1,1,1,1,1],
        "attri_type": 5,
        "object_type": 1,
        "attri_value": [3,6,9,12,15,18,21,24,27,30],
        "consume_general": [0,0,0,0,0,0,0,0,0],
        "general_level": [0,0,0,0,0,0,0,0,0],
        "general_star": [3,3,3,4,4,4,4,4,5],
        "general_awaken": [0,0,0,0,0,0,0,0,0],
        "general_count": [1,2,3,1,1,2,2,3,1],
        "consume_money": [15000,30000,50000,75000,105000,140000,180000,220000,300000],
        "consume_fridge": [[20006,15],[20006,30],[20006,50],[20006,75],[20006,105],[20006,140],[20006,180],[20006,220],[20006,300]],
        "path": "ui_hunter_psychic_psy_kuileishi1_png"
    },
    "90101": {
        "attri_id": 90101,
        "name": "独角仙の刃",
        "quality": [1,1,1,1,1,1,1,1,1,1],
        "attri_type": 2,
        "object_type": 2,
        "attri_value": [5,10,15,20,25,30,35,40,45,50],
        "consume_general": [0,0,0,0,0,0,0,0,0],
        "general_level": [0,0,0,0,0,0,0,0,0],
        "general_star": [3,3,3,4,4,4,4,4,5],
        "general_awaken": [0,0,0,0,0,0,0,0,0],
        "general_count": [1,2,3,1,1,2,2,3,1],
        "consume_money": [15000,30000,50000,75000,105000,140000,180000,220000,300000],
        "consume_fridge": [[20006,15],[20006,30],[20006,50],[20006,75],[20006,105],[20006,140],[20006,180],[20006,220],[20006,300]],
        "path": "ui_hunter_psychic_psy_dujiaoxian1_png"
    },
    "90102": {
        "attri_id": 90102,
        "name": "独角仙の体",
        "quality": [1,1,1,1,1,1,1,1,1,1],
        "attri_type": 1,
        "object_type": 2,
        "attri_value": [5,10,15,20,25,30,35,40,45,50],
        "consume_general": [0,0,0,0,0,0,0,0,0],
        "general_level": [0,0,0,0,0,0,0,0,0],
        "general_star": [3,3,3,4,4,4,4,4,5],
        "general_awaken": [0,0,0,0,0,0,0,0,0],
        "general_count": [1,2,3,1,1,2,2,3,1],
        "consume_money": [15000,30000,50000,75000,105000,140000,180000,220000,300000],
        "consume_fridge": [[20006,15],[20006,30],[20006,50],[20006,75],[20006,105],[20006,140],[20006,180],[20006,220],[20006,300]],
        "path": "ui_hunter_psychic_psy_dujiaoxian1_png"
    },
    "90103": {
        "attri_id": 90103,
        "name": "独角仙の牙",
        "quality": [1,1,1,1,1,1,1,1,1,1],
        "attri_type": 9,
        "object_type": 1,
        "attri_value": [2,4,6,8,10,12,14,16,18,20],
        "consume_general": [0,0,0,0,0,0,0,0,0],
        "general_level": [0,0,0,0,0,0,0,0,0],
        "general_star": [3,3,3,4,4,4,4,4,5],
        "general_awaken": [0,0,0,0,0,0,0,0,0],
        "general_count": [1,2,3,1,1,2,2,3,1],
        "consume_money": [15000,30000,50000,75000,105000,140000,180000,220000,300000],
        "consume_fridge": [[20006,15],[20006,30],[20006,50],[20006,75],[20006,105],[20006,140],[20006,180],[20006,220],[20006,300]],
        "path": "ui_hunter_psychic_psy_dujiaoxian1_png"
    },
    "90104": {
        "attri_id": 90104,
        "name": "独角仙の怒",
        "quality": [1,1,1,1,1,1,1,1,1,1],
        "attri_type": 8,
        "object_type": 1,
        "attri_value": [5,10,15,20,25,30,35,40,45,50],
        "consume_general": [0,0,0,0,0,0,0,0,0],
        "general_level": [0,0,0,0,0,0,0,0,0],
        "general_star": [3,3,3,4,4,4,4,4,5],
        "general_awaken": [0,0,0,0,0,0,0,0,0],
        "general_count": [1,2,3,1,1,2,2,3,1],
        "consume_money": [15000,30000,50000,75000,105000,140000,180000,220000,300000],
        "consume_fridge": [[20006,15],[20006,30],[20006,50],[20006,75],[20006,105],[20006,140],[20006,180],[20006,220],[20006,300]],
        "path": "ui_hunter_psychic_psy_dujiaoxian1_png"
    },
    "90105": {
        "attri_id": 90105,
        "name": "独角仙の眼",
        "quality": [1,1,1,1,1,1,1,1,1,1],
        "attri_type": 4,
        "object_type": 1,
        "attri_value": [3,6,9,12,15,18,21,24,27,30],
        "consume_general": [0,0,0,0,0,0,0,0,0],
        "general_level": [0,0,0,0,0,0,0,0,0],
        "general_star": [3,3,3,4,4,4,4,4,5],
        "general_awaken": [0,0,0,0,0,0,0,0,0],
        "general_count": [1,2,3,1,1,2,2,3,1],
        "consume_money": [15000,30000,50000,75000,105000,140000,180000,220000,300000],
        "consume_fridge": [[20006,15],[20006,30],[20006,50],[20006,75],[20006,105],[20006,140],[20006,180],[20006,220],[20006,300]],
        "path": "ui_hunter_psychic_psy_dujiaoxian1_png"
    },
    "90106": {
        "attri_id": 90106,
        "name": "独角仙の盾",
        "quality": [1,1,1,1,1,1,1,1,1,1],
        "attri_type": 5,
        "object_type": 1,
        "attri_value": [3,6,9,12,15,18,21,24,27,30],
        "consume_general": [0,0,0,0,0,0,0,0,0],
        "general_level": [0,0,0,0,0,0,0,0,0],
        "general_star": [3,3,3,4,4,4,4,4,5],
        "general_awaken": [0,0,0,0,0,0,0,0,0],
        "general_count": [1,2,3,1,1,2,2,3,1],
        "consume_money": [15000,30000,50000,75000,105000,140000,180000,220000,300000],
        "consume_fridge": [[20006,15],[20006,30],[20006,50],[20006,75],[20006,105],[20006,140],[20006,180],[20006,220],[20006,300]],
        "path": "ui_hunter_psychic_psy_dujiaoxian1_png"
    },
    "100101": {
        "attri_id": 100101,
        "name": "圣骑士の刃",
        "quality": [1,1,1,1,1,1,1,1,1,1],
        "attri_type": 2,
        "object_type": 2,
        "attri_value": [5,10,15,20,25,30,35,40,45,50],
        "consume_general": [0,0,0,0,0,0,0,0,0],
        "general_level": [0,0,0,0,0,0,0,0,0],
        "general_star": [3,3,3,4,4,4,4,4,5],
        "general_awaken": [0,0,0,0,0,0,0,0,0],
        "general_count": [1,2,3,1,1,2,2,3,1],
        "consume_money": [15000,30000,50000,75000,105000,140000,180000,220000,300000],
        "consume_fridge": [[20006,15],[20006,30],[20006,50],[20006,75],[20006,105],[20006,140],[20006,180],[20006,220],[20006,300]],
        "path": "ui_hunter_psychic_psy_shengqishi1_png"
    },
    "100102": {
        "attri_id": 100102,
        "name": "圣骑士の体",
        "quality": [1,1,1,1,1,1,1,1,1,1],
        "attri_type": 1,
        "object_type": 2,
        "attri_value": [5,10,15,20,25,30,35,40,45,50],
        "consume_general": [0,0,0,0,0,0,0,0,0],
        "general_level": [0,0,0,0,0,0,0,0,0],
        "general_star": [3,3,3,4,4,4,4,4,5],
        "general_awaken": [0,0,0,0,0,0,0,0,0],
        "general_count": [1,2,3,1,1,2,2,3,1],
        "consume_money": [15000,30000,50000,75000,105000,140000,180000,220000,300000],
        "consume_fridge": [[20006,15],[20006,30],[20006,50],[20006,75],[20006,105],[20006,140],[20006,180],[20006,220],[20006,300]],
        "path": "ui_hunter_psychic_psy_shengqishi1_png"
    },
    "100103": {
        "attri_id": 100103,
        "name": "圣骑士の牙",
        "quality": [1,1,1,1,1,1,1,1,1,1],
        "attri_type": 9,
        "object_type": 1,
        "attri_value": [2,4,6,8,10,12,14,16,18,20],
        "consume_general": [0,0,0,0,0,0,0,0,0],
        "general_level": [0,0,0,0,0,0,0,0,0],
        "general_star": [3,3,3,4,4,4,4,4,5],
        "general_awaken": [0,0,0,0,0,0,0,0,0],
        "general_count": [1,2,3,1,1,2,2,3,1],
        "consume_money": [15000,30000,50000,75000,105000,140000,180000,220000,300000],
        "consume_fridge": [[20006,15],[20006,30],[20006,50],[20006,75],[20006,105],[20006,140],[20006,180],[20006,220],[20006,300]],
        "path": "ui_hunter_psychic_psy_shengqishi1_png"
    },
    "100104": {
        "attri_id": 100104,
        "name": "圣骑士の怒",
        "quality": [1,1,1,1,1,1,1,1,1,1],
        "attri_type": 8,
        "object_type": 1,
        "attri_value": [5,10,15,20,25,30,35,40,45,50],
        "consume_general": [0,0,0,0,0,0,0,0,0],
        "general_level": [0,0,0,0,0,0,0,0,0],
        "general_star": [3,3,3,4,4,4,4,4,5],
        "general_awaken": [0,0,0,0,0,0,0,0,0],
        "general_count": [1,2,3,1,1,2,2,3,1],
        "consume_money": [15000,30000,50000,75000,105000,140000,180000,220000,300000],
        "consume_fridge": [[20006,15],[20006,30],[20006,50],[20006,75],[20006,105],[20006,140],[20006,180],[20006,220],[20006,300]],
        "path": "ui_hunter_psychic_psy_shengqishi1_png"
    },
    "100105": {
        "attri_id": 100105,
        "name": "圣骑士の眼",
        "quality": [1,1,1,1,1,1,1,1,1,1],
        "attri_type": 4,
        "object_type": 1,
        "attri_value": [3,6,9,12,15,18,21,24,27,30],
        "consume_general": [0,0,0,0,0,0,0,0,0],
        "general_level": [0,0,0,0,0,0,0,0,0],
        "general_star": [3,3,3,4,4,4,4,4,5],
        "general_awaken": [0,0,0,0,0,0,0,0,0],
        "general_count": [1,2,3,1,1,2,2,3,1],
        "consume_money": [15000,30000,50000,75000,105000,140000,180000,220000,300000],
        "consume_fridge": [[20006,15],[20006,30],[20006,50],[20006,75],[20006,105],[20006,140],[20006,180],[20006,220],[20006,300]],
        "path": "ui_hunter_psychic_psy_shengqishi1_png"
    },
    "100106": {
        "attri_id": 100106,
        "name": "圣骑士の盾",
        "quality": [1,1,1,1,1,1,1,1,1,1],
        "attri_type": 5,
        "object_type": 1,
        "attri_value": [3,6,9,12,15,18,21,24,27,30],
        "consume_general": [0,0,0,0,0,0,0,0,0],
        "general_level": [0,0,0,0,0,0,0,0,0],
        "general_star": [3,3,3,4,4,4,4,4,5],
        "general_awaken": [0,0,0,0,0,0,0,0,0],
        "general_count": [1,2,3,1,1,2,2,3,1],
        "consume_money": [15000,30000,50000,75000,105000,140000,180000,220000,300000],
        "consume_fridge": [[20006,15],[20006,30],[20006,50],[20006,75],[20006,105],[20006,140],[20006,180],[20006,220],[20006,300]],
        "path": "ui_hunter_psychic_psy_shengqishi1_png"
    },
    "110101": {
        "attri_id": 110101,
        "name": "大天使の刃",
        "quality": [1,1,1,1,1,1,1,1,1,1],
        "attri_type": 2,
        "object_type": 2,
        "attri_value": [5,10,15,20,25,30,35,40,45,50],
        "consume_general": [0,0,0,0,0,0,0,0,0],
        "general_level": [0,0,0,0,0,0,0,0,0],
        "general_star": [3,3,3,4,4,4,4,4,5],
        "general_awaken": [0,0,0,0,0,0,0,0,0],
        "general_count": [1,2,3,1,1,2,2,3,1],
        "consume_money": [15000,30000,50000,75000,105000,140000,180000,220000,300000],
        "consume_fridge": [[20006,15],[20006,30],[20006,50],[20006,75],[20006,105],[20006,140],[20006,180],[20006,220],[20006,300]],
        "path": "ui_hunter_psychic_psy_datianshi1_png"
    },
    "110102": {
        "attri_id": 110102,
        "name": "大天使の体",
        "quality": [1,1,1,1,1,1,1,1,1,1],
        "attri_type": 1,
        "object_type": 2,
        "attri_value": [5,10,15,20,25,30,35,40,45,50],
        "consume_general": [0,0,0,0,0,0,0,0,0],
        "general_level": [0,0,0,0,0,0,0,0,0],
        "general_star": [3,3,3,4,4,4,4,4,5],
        "general_awaken": [0,0,0,0,0,0,0,0,0],
        "general_count": [1,2,3,1,1,2,2,3,1],
        "consume_money": [15000,30000,50000,75000,105000,140000,180000,220000,300000],
        "consume_fridge": [[20006,15],[20006,30],[20006,50],[20006,75],[20006,105],[20006,140],[20006,180],[20006,220],[20006,300]],
        "path": "ui_hunter_psychic_psy_datianshi1_png"
    },
    "110103": {
        "attri_id": 110103,
        "name": "大天使の牙",
        "quality": [1,1,1,1,1,1,1,1,1,1],
        "attri_type": 9,
        "object_type": 1,
        "attri_value": [2,4,6,8,10,12,14,16,18,20],
        "consume_general": [0,0,0,0,0,0,0,0,0],
        "general_level": [0,0,0,0,0,0,0,0,0],
        "general_star": [3,3,3,4,4,4,4,4,5],
        "general_awaken": [0,0,0,0,0,0,0,0,0],
        "general_count": [1,2,3,1,1,2,2,3,1],
        "consume_money": [15000,30000,50000,75000,105000,140000,180000,220000,300000],
        "consume_fridge": [[20006,15],[20006,30],[20006,50],[20006,75],[20006,105],[20006,140],[20006,180],[20006,220],[20006,300]],
        "path": "ui_hunter_psychic_psy_datianshi1_png"
    },
    "110104": {
        "attri_id": 110104,
        "name": "大天使の怒",
        "quality": [1,1,1,1,1,1,1,1,1,1],
        "attri_type": 8,
        "object_type": 1,
        "attri_value": [5,10,15,20,25,30,35,40,45,50],
        "consume_general": [0,0,0,0,0,0,0,0,0],
        "general_level": [0,0,0,0,0,0,0,0,0],
        "general_star": [3,3,3,4,4,4,4,4,5],
        "general_awaken": [0,0,0,0,0,0,0,0,0],
        "general_count": [1,2,3,1,1,2,2,3,1],
        "consume_money": [15000,30000,50000,75000,105000,140000,180000,220000,300000],
        "consume_fridge": [[20006,15],[20006,30],[20006,50],[20006,75],[20006,105],[20006,140],[20006,180],[20006,220],[20006,300]],
        "path": "ui_hunter_psychic_psy_datianshi1_png"
    },
    "110105": {
        "attri_id": 110105,
        "name": "大天使の眼",
        "quality": [1,1,1,1,1,1,1,1,1,1],
        "attri_type": 4,
        "object_type": 1,
        "attri_value": [3,6,9,12,15,18,21,24,27,30],
        "consume_general": [0,0,0,0,0,0,0,0,0],
        "general_level": [0,0,0,0,0,0,0,0,0],
        "general_star": [3,3,3,4,4,4,4,4,5],
        "general_awaken": [0,0,0,0,0,0,0,0,0],
        "general_count": [1,2,3,1,1,2,2,3,1],
        "consume_money": [15000,30000,50000,75000,105000,140000,180000,220000,300000],
        "consume_fridge": [[20006,15],[20006,30],[20006,50],[20006,75],[20006,105],[20006,140],[20006,180],[20006,220],[20006,300]],
        "path": "ui_hunter_psychic_psy_datianshi1_png"
    },
    "110106": {
        "attri_id": 110106,
        "name": "大天使の盾",
        "quality": [1,1,1,1,1,1,1,1,1,1],
        "attri_type": 5,
        "object_type": 1,
        "attri_value": [3,6,9,12,15,18,21,24,27,30],
        "consume_general": [0,0,0,0,0,0,0,0,0],
        "general_level": [0,0,0,0,0,0,0,0,0],
        "general_star": [3,3,3,4,4,4,4,4,5],
        "general_awaken": [0,0,0,0,0,0,0,0,0],
        "general_count": [1,2,3,1,1,2,2,3,1],
        "consume_money": [15000,30000,50000,75000,105000,140000,180000,220000,300000],
        "consume_fridge": [[20006,15],[20006,30],[20006,50],[20006,75],[20006,105],[20006,140],[20006,180],[20006,220],[20006,300]],
        "path": "ui_hunter_psychic_psy_datianshi1_png"
    },
    "120101": {
        "attri_id": 120101,
        "name": "吸血鬼の刃",
        "quality": [1,1,1,1,1,1,1,1,1,1],
        "attri_type": 2,
        "object_type": 2,
        "attri_value": [5,10,15,20,25,30,35,40,45,50],
        "consume_general": [0,0,0,0,0,0,0,0,0],
        "general_level": [0,0,0,0,0,0,0,0,0],
        "general_star": [3,3,3,4,4,4,4,4,5],
        "general_awaken": [0,0,0,0,0,0,0,0,0],
        "general_count": [1,2,3,1,1,2,2,3,1],
        "consume_money": [15000,30000,50000,75000,105000,140000,180000,220000,300000],
        "consume_fridge": [[20006,15],[20006,30],[20006,50],[20006,75],[20006,105],[20006,140],[20006,180],[20006,220],[20006,300]],
        "path": "ui_hunter_psychic_psy_xixuegui1_png"
    },
    "120102": {
        "attri_id": 120102,
        "name": "吸血鬼の体",
        "quality": [1,1,1,1,1,1,1,1,1,1],
        "attri_type": 1,
        "object_type": 2,
        "attri_value": [5,10,15,20,25,30,35,40,45,50],
        "consume_general": [0,0,0,0,0,0,0,0,0],
        "general_level": [0,0,0,0,0,0,0,0,0],
        "general_star": [3,3,3,4,4,4,4,4,5],
        "general_awaken": [0,0,0,0,0,0,0,0,0],
        "general_count": [1,2,3,1,1,2,2,3,1],
        "consume_money": [15000,30000,50000,75000,105000,140000,180000,220000,300000],
        "consume_fridge": [[20006,15],[20006,30],[20006,50],[20006,75],[20006,105],[20006,140],[20006,180],[20006,220],[20006,300]],
        "path": "ui_hunter_psychic_psy_xixuegui1_png"
    },
    "120103": {
        "attri_id": 120103,
        "name": "吸血鬼の牙",
        "quality": [1,1,1,1,1,1,1,1,1,1],
        "attri_type": 9,
        "object_type": 1,
        "attri_value": [2,4,6,8,10,12,14,16,18,20],
        "consume_general": [0,0,0,0,0,0,0,0,0],
        "general_level": [0,0,0,0,0,0,0,0,0],
        "general_star": [3,3,3,4,4,4,4,4,5],
        "general_awaken": [0,0,0,0,0,0,0,0,0],
        "general_count": [1,2,3,1,1,2,2,3,1],
        "consume_money": [15000,30000,50000,75000,105000,140000,180000,220000,300000],
        "consume_fridge": [[20006,15],[20006,30],[20006,50],[20006,75],[20006,105],[20006,140],[20006,180],[20006,220],[20006,300]],
        "path": "ui_hunter_psychic_psy_xixuegui1_png"
    },
    "120104": {
        "attri_id": 120104,
        "name": "吸血鬼の怒",
        "quality": [1,1,1,1,1,1,1,1,1,1],
        "attri_type": 8,
        "object_type": 1,
        "attri_value": [5,10,15,20,25,30,35,40,45,50],
        "consume_general": [0,0,0,0,0,0,0,0,0],
        "general_level": [0,0,0,0,0,0,0,0,0],
        "general_star": [3,3,3,4,4,4,4,4,5],
        "general_awaken": [0,0,0,0,0,0,0,0,0],
        "general_count": [1,2,3,1,1,2,2,3,1],
        "consume_money": [15000,30000,50000,75000,105000,140000,180000,220000,300000],
        "consume_fridge": [[20006,15],[20006,30],[20006,50],[20006,75],[20006,105],[20006,140],[20006,180],[20006,220],[20006,300]],
        "path": "ui_hunter_psychic_psy_xixuegui1_png"
    },
    "120105": {
        "attri_id": 120105,
        "name": "吸血鬼の眼",
        "quality": [1,1,1,1,1,1,1,1,1,1],
        "attri_type": 4,
        "object_type": 1,
        "attri_value": [3,6,9,12,15,18,21,24,27,30],
        "consume_general": [0,0,0,0,0,0,0,0,0],
        "general_level": [0,0,0,0,0,0,0,0,0],
        "general_star": [3,3,3,4,4,4,4,4,5],
        "general_awaken": [0,0,0,0,0,0,0,0,0],
        "general_count": [1,2,3,1,1,2,2,3,1],
        "consume_money": [15000,30000,50000,75000,105000,140000,180000,220000,300000],
        "consume_fridge": [[20006,15],[20006,30],[20006,50],[20006,75],[20006,105],[20006,140],[20006,180],[20006,220],[20006,300]],
        "path": "ui_hunter_psychic_psy_xixuegui1_png"
    },
    "120106": {
        "attri_id": 120106,
        "name": "吸血鬼の盾",
        "quality": [1,1,1,1,1,1,1,1,1,1],
        "attri_type": 5,
        "object_type": 1,
        "attri_value": [3,6,9,12,15,18,21,24,27,30],
        "consume_general": [0,0,0,0,0,0,0,0,0],
        "general_level": [0,0,0,0,0,0,0,0,0],
        "general_star": [3,3,3,4,4,4,4,4,5],
        "general_awaken": [0,0,0,0,0,0,0,0,0],
        "general_count": [1,2,3,1,1,2,2,3,1],
        "consume_money": [15000,30000,50000,75000,105000,140000,180000,220000,300000],
        "consume_fridge": [[20006,15],[20006,30],[20006,50],[20006,75],[20006,105],[20006,140],[20006,180],[20006,220],[20006,300]],
        "path": "ui_hunter_psychic_psy_xixuegui1_png"
    },
    "130101": {
        "attri_id": 130101,
        "name": "暴风熊の刃",
        "quality": [1,1,1,1,1,1,1,1,1,1],
        "attri_type": 2,
        "object_type": 2,
        "attri_value": [5,10,15,20,25,30,35,40,45,50],
        "consume_general": [0,0,0,0,0,0,0,0,0],
        "general_level": [0,0,0,0,0,0,0,0,0],
        "general_star": [3,3,3,4,4,4,4,4,5],
        "general_awaken": [0,0,0,0,0,0,0,0,0],
        "general_count": [1,2,3,1,1,2,2,3,1],
        "consume_money": [15000,30000,50000,75000,105000,140000,180000,220000,300000],
        "consume_fridge": [[20006,15],[20006,30],[20006,50],[20006,75],[20006,105],[20006,140],[20006,180],[20006,220],[20006,300]],
        "path": "ui_hunter_psychic_psy_baofengxiong1_png"
    },
    "130102": {
        "attri_id": 130102,
        "name": "暴风熊の体",
        "quality": [1,1,1,1,1,1,1,1,1,1],
        "attri_type": 1,
        "object_type": 2,
        "attri_value": [5,10,15,20,25,30,35,40,45,50],
        "consume_general": [0,0,0,0,0,0,0,0,0],
        "general_level": [0,0,0,0,0,0,0,0,0],
        "general_star": [3,3,3,4,4,4,4,4,5],
        "general_awaken": [0,0,0,0,0,0,0,0,0],
        "general_count": [1,2,3,1,1,2,2,3,1],
        "consume_money": [15000,30000,50000,75000,105000,140000,180000,220000,300000],
        "consume_fridge": [[20006,15],[20006,30],[20006,50],[20006,75],[20006,105],[20006,140],[20006,180],[20006,220],[20006,300]],
        "path": "ui_hunter_psychic_psy_baofengxiong1_png"
    },
    "130103": {
        "attri_id": 130103,
        "name": "暴风熊の牙",
        "quality": [1,1,1,1,1,1,1,1,1,1],
        "attri_type": 9,
        "object_type": 1,
        "attri_value": [2,4,6,8,10,12,14,16,18,20],
        "consume_general": [0,0,0,0,0,0,0,0,0],
        "general_level": [0,0,0,0,0,0,0,0,0],
        "general_star": [3,3,3,4,4,4,4,4,5],
        "general_awaken": [0,0,0,0,0,0,0,0,0],
        "general_count": [1,2,3,1,1,2,2,3,1],
        "consume_money": [15000,30000,50000,75000,105000,140000,180000,220000,300000],
        "consume_fridge": [[20006,15],[20006,30],[20006,50],[20006,75],[20006,105],[20006,140],[20006,180],[20006,220],[20006,300]],
        "path": "ui_hunter_psychic_psy_baofengxiong1_png"
    },
    "130104": {
        "attri_id": 130104,
        "name": "暴风熊の怒",
        "quality": [1,1,1,1,1,1,1,1,1,1],
        "attri_type": 8,
        "object_type": 1,
        "attri_value": [5,10,15,20,25,30,35,40,45,50],
        "consume_general": [0,0,0,0,0,0,0,0,0],
        "general_level": [0,0,0,0,0,0,0,0,0],
        "general_star": [3,3,3,4,4,4,4,4,5],
        "general_awaken": [0,0,0,0,0,0,0,0,0],
        "general_count": [1,2,3,1,1,2,2,3,1],
        "consume_money": [15000,30000,50000,75000,105000,140000,180000,220000,300000],
        "consume_fridge": [[20006,15],[20006,30],[20006,50],[20006,75],[20006,105],[20006,140],[20006,180],[20006,220],[20006,300]],
        "path": "ui_hunter_psychic_psy_baofengxiong1_png"
    },
    "130105": {
        "attri_id": 130105,
        "name": "暴风熊の眼",
        "quality": [1,1,1,1,1,1,1,1,1,1],
        "attri_type": 4,
        "object_type": 1,
        "attri_value": [3,6,9,12,15,18,21,24,27,30],
        "consume_general": [0,0,0,0,0,0,0,0,0],
        "general_level": [0,0,0,0,0,0,0,0,0],
        "general_star": [3,3,3,4,4,4,4,4,5],
        "general_awaken": [0,0,0,0,0,0,0,0,0],
        "general_count": [1,2,3,1,1,2,2,3,1],
        "consume_money": [15000,30000,50000,75000,105000,140000,180000,220000,300000],
        "consume_fridge": [[20006,15],[20006,30],[20006,50],[20006,75],[20006,105],[20006,140],[20006,180],[20006,220],[20006,300]],
        "path": "ui_hunter_psychic_psy_baofengxiong1_png"
    },
    "130106": {
        "attri_id": 130106,
        "name": "暴风熊の盾",
        "quality": [1,1,1,1,1,1,1,1,1,1],
        "attri_type": 5,
        "object_type": 1,
        "attri_value": [3,6,9,12,15,18,21,24,27,30],
        "consume_general": [0,0,0,0,0,0,0,0,0],
        "general_level": [0,0,0,0,0,0,0,0,0],
        "general_star": [3,3,3,4,4,4,4,4,5],
        "general_awaken": [0,0,0,0,0,0,0,0,0],
        "general_count": [1,2,3,1,1,2,2,3,1],
        "consume_money": [15000,30000,50000,75000,105000,140000,180000,220000,300000],
        "consume_fridge": [[20006,15],[20006,30],[20006,50],[20006,75],[20006,105],[20006,140],[20006,180],[20006,220],[20006,300]],
        "path": "ui_hunter_psychic_psy_baofengxiong1_png"
    },
    "140101": {
        "attri_id": 140101,
        "name": "妖精王の刃",
        "quality": [1,1,1,1,1,1,1,1,1,1],
        "attri_type": 2,
        "object_type": 2,
        "attri_value": [5,10,15,20,25,30,35,40,45,50],
        "consume_general": [0,0,0,0,0,0,0,0,0],
        "general_level": [0,0,0,0,0,0,0,0,0],
        "general_star": [3,3,3,4,4,4,4,4,5],
        "general_awaken": [0,0,0,0,0,0,0,0,0],
        "general_count": [1,2,3,1,1,2,2,3,1],
        "consume_money": [15000,30000,50000,75000,105000,140000,180000,220000,300000],
        "consume_fridge": [[20006,15],[20006,30],[20006,50],[20006,75],[20006,105],[20006,140],[20006,180],[20006,220],[20006,300]],
        "path": "ui_hunter_psychic_psy_yaojingwang1_png"
    },
    "140102": {
        "attri_id": 140102,
        "name": "妖精王の体",
        "quality": [1,1,1,1,1,1,1,1,1,1],
        "attri_type": 1,
        "object_type": 2,
        "attri_value": [5,10,15,20,25,30,35,40,45,50],
        "consume_general": [0,0,0,0,0,0,0,0,0],
        "general_level": [0,0,0,0,0,0,0,0,0],
        "general_star": [3,3,3,4,4,4,4,4,5],
        "general_awaken": [0,0,0,0,0,0,0,0,0],
        "general_count": [1,2,3,1,1,2,2,3,1],
        "consume_money": [15000,30000,50000,75000,105000,140000,180000,220000,300000],
        "consume_fridge": [[20006,15],[20006,30],[20006,50],[20006,75],[20006,105],[20006,140],[20006,180],[20006,220],[20006,300]],
        "path": "ui_hunter_psychic_psy_yaojingwang1_png"
    },
    "140103": {
        "attri_id": 140103,
        "name": "妖精王の牙",
        "quality": [1,1,1,1,1,1,1,1,1,1],
        "attri_type": 9,
        "object_type": 1,
        "attri_value": [2,4,6,8,10,12,14,16,18,20],
        "consume_general": [0,0,0,0,0,0,0,0,0],
        "general_level": [0,0,0,0,0,0,0,0,0],
        "general_star": [3,3,3,4,4,4,4,4,5],
        "general_awaken": [0,0,0,0,0,0,0,0,0],
        "general_count": [1,2,3,1,1,2,2,3,1],
        "consume_money": [15000,30000,50000,75000,105000,140000,180000,220000,300000],
        "consume_fridge": [[20006,15],[20006,30],[20006,50],[20006,75],[20006,105],[20006,140],[20006,180],[20006,220],[20006,300]],
        "path": "ui_hunter_psychic_psy_yaojingwang1_png"
    },
    "140104": {
        "attri_id": 140104,
        "name": "妖精王の怒",
        "quality": [1,1,1,1,1,1,1,1,1,1],
        "attri_type": 8,
        "object_type": 1,
        "attri_value": [5,10,15,20,25,30,35,40,45,50],
        "consume_general": [0,0,0,0,0,0,0,0,0],
        "general_level": [0,0,0,0,0,0,0,0,0],
        "general_star": [3,3,3,4,4,4,4,4,5],
        "general_awaken": [0,0,0,0,0,0,0,0,0],
        "general_count": [1,2,3,1,1,2,2,3,1],
        "consume_money": [15000,30000,50000,75000,105000,140000,180000,220000,300000],
        "consume_fridge": [[20006,15],[20006,30],[20006,50],[20006,75],[20006,105],[20006,140],[20006,180],[20006,220],[20006,300]],
        "path": "ui_hunter_psychic_psy_yaojingwang1_png"
    },
    "140105": {
        "attri_id": 140105,
        "name": "妖精王の眼",
        "quality": [1,1,1,1,1,1,1,1,1,1],
        "attri_type": 4,
        "object_type": 1,
        "attri_value": [3,6,9,12,15,18,21,24,27,30],
        "consume_general": [0,0,0,0,0,0,0,0,0],
        "general_level": [0,0,0,0,0,0,0,0,0],
        "general_star": [3,3,3,4,4,4,4,4,5],
        "general_awaken": [0,0,0,0,0,0,0,0,0],
        "general_count": [1,2,3,1,1,2,2,3,1],
        "consume_money": [15000,30000,50000,75000,105000,140000,180000,220000,300000],
        "consume_fridge": [[20006,15],[20006,30],[20006,50],[20006,75],[20006,105],[20006,140],[20006,180],[20006,220],[20006,300]],
        "path": "ui_hunter_psychic_psy_yaojingwang1_png"
    },
    "140106": {
        "attri_id": 140106,
        "name": "妖精王の盾",
        "quality": [1,1,1,1,1,1,1,1,1,1],
        "attri_type": 5,
        "object_type": 1,
        "attri_value": [3,6,9,12,15,18,21,24,27,30],
        "consume_general": [0,0,0,0,0,0,0,0,0],
        "general_level": [0,0,0,0,0,0,0,0,0],
        "general_star": [3,3,3,4,4,4,4,4,5],
        "general_awaken": [0,0,0,0,0,0,0,0,0],
        "general_count": [1,2,3,1,1,2,2,3,1],
        "consume_money": [15000,30000,50000,75000,105000,140000,180000,220000,300000],
        "consume_fridge": [[20006,15],[20006,30],[20006,50],[20006,75],[20006,105],[20006,140],[20006,180],[20006,220],[20006,300]],
        "path": "ui_hunter_psychic_psy_yaojingwang1_png"
    },
    "150101": {
        "attri_id": 150101,
        "name": "漫游者の刃",
        "quality": [1,1,1,1,1,1,1,1,1,1],
        "attri_type": 2,
        "object_type": 2,
        "attri_value": [5,10,15,20,25,30,35,40,45,50],
        "consume_general": [0,0,0,0,0,0,0,0,0],
        "general_level": [0,0,0,0,0,0,0,0,0],
        "general_star": [3,3,3,4,4,4,4,4,5],
        "general_awaken": [0,0,0,0,0,0,0,0,0],
        "general_count": [1,2,3,1,1,2,2,3,1],
        "consume_money": [15000,30000,50000,75000,105000,140000,180000,220000,300000],
        "consume_fridge": [[20006,15],[20006,30],[20006,50],[20006,75],[20006,105],[20006,140],[20006,180],[20006,220],[20006,300]],
        "path": "ui_hunter_psychic_psy_manyouzhe1_png"
    },
    "150102": {
        "attri_id": 150102,
        "name": "漫游者の体",
        "quality": [1,1,1,1,1,1,1,1,1,1],
        "attri_type": 1,
        "object_type": 2,
        "attri_value": [5,10,15,20,25,30,35,40,45,50],
        "consume_general": [0,0,0,0,0,0,0,0,0],
        "general_level": [0,0,0,0,0,0,0,0,0],
        "general_star": [3,3,3,4,4,4,4,4,5],
        "general_awaken": [0,0,0,0,0,0,0,0,0],
        "general_count": [1,2,3,1,1,2,2,3,1],
        "consume_money": [15000,30000,50000,75000,105000,140000,180000,220000,300000],
        "consume_fridge": [[20006,15],[20006,30],[20006,50],[20006,75],[20006,105],[20006,140],[20006,180],[20006,220],[20006,300]],
        "path": "ui_hunter_psychic_psy_manyouzhe1_png"
    },
    "150103": {
        "attri_id": 150103,
        "name": "漫游者の牙",
        "quality": [1,1,1,1,1,1,1,1,1,1],
        "attri_type": 9,
        "object_type": 1,
        "attri_value": [2,4,6,8,10,12,14,16,18,20],
        "consume_general": [0,0,0,0,0,0,0,0,0],
        "general_level": [0,0,0,0,0,0,0,0,0],
        "general_star": [3,3,3,4,4,4,4,4,5],
        "general_awaken": [0,0,0,0,0,0,0,0,0],
        "general_count": [1,2,3,1,1,2,2,3,1],
        "consume_money": [15000,30000,50000,75000,105000,140000,180000,220000,300000],
        "consume_fridge": [[20006,15],[20006,30],[20006,50],[20006,75],[20006,105],[20006,140],[20006,180],[20006,220],[20006,300]],
        "path": "ui_hunter_psychic_psy_manyouzhe1_png"
    },
    "150104": {
        "attri_id": 150104,
        "name": "漫游者の怒",
        "quality": [1,1,1,1,1,1,1,1,1,1],
        "attri_type": 8,
        "object_type": 1,
        "attri_value": [5,10,15,20,25,30,35,40,45,50],
        "consume_general": [0,0,0,0,0,0,0,0,0],
        "general_level": [0,0,0,0,0,0,0,0,0],
        "general_star": [3,3,3,4,4,4,4,4,5],
        "general_awaken": [0,0,0,0,0,0,0,0,0],
        "general_count": [1,2,3,1,1,2,2,3,1],
        "consume_money": [15000,30000,50000,75000,105000,140000,180000,220000,300000],
        "consume_fridge": [[20006,15],[20006,30],[20006,50],[20006,75],[20006,105],[20006,140],[20006,180],[20006,220],[20006,300]],
        "path": "ui_hunter_psychic_psy_manyouzhe1_png"
    },
    "150105": {
        "attri_id": 150105,
        "name": "漫游者の眼",
        "quality": [1,1,1,1,1,1,1,1,1,1],
        "attri_type": 4,
        "object_type": 1,
        "attri_value": [3,6,9,12,15,18,21,24,27,30],
        "consume_general": [0,0,0,0,0,0,0,0,0],
        "general_level": [0,0,0,0,0,0,0,0,0],
        "general_star": [3,3,3,4,4,4,4,4,5],
        "general_awaken": [0,0,0,0,0,0,0,0,0],
        "general_count": [1,2,3,1,1,2,2,3,1],
        "consume_money": [15000,30000,50000,75000,105000,140000,180000,220000,300000],
        "consume_fridge": [[20006,15],[20006,30],[20006,50],[20006,75],[20006,105],[20006,140],[20006,180],[20006,220],[20006,300]],
        "path": "ui_hunter_psychic_psy_manyouzhe1_png"
    },
    "150106": {
        "attri_id": 150106,
        "name": "漫游者の盾",
        "quality": [1,1,1,1,1,1,1,1,1,1],
        "attri_type": 5,
        "object_type": 1,
        "attri_value": [3,6,9,12,15,18,21,24,27,30],
        "consume_general": [0,0,0,0,0,0,0,0,0],
        "general_level": [0,0,0,0,0,0,0,0,0],
        "general_star": [3,3,3,4,4,4,4,4,5],
        "general_awaken": [0,0,0,0,0,0,0,0,0],
        "general_count": [1,2,3,1,1,2,2,3,1],
        "consume_money": [15000,30000,50000,75000,105000,140000,180000,220000,300000],
        "consume_fridge": [[20006,15],[20006,30],[20006,50],[20006,75],[20006,105],[20006,140],[20006,180],[20006,220],[20006,300]],
        "path": "ui_hunter_psychic_psy_manyouzhe1_png"
    },
    "160101": {
        "attri_id": 160101,
        "name": "眼镜蛇の刃",
        "quality": [1,1,1,1,1,1,1,1,1,1],
        "attri_type": 2,
        "object_type": 2,
        "attri_value": [5,10,15,20,25,30,35,40,45,50],
        "consume_general": [0,0,0,0,0,0,0,0,0],
        "general_level": [0,0,0,0,0,0,0,0,0],
        "general_star": [3,3,3,4,4,4,4,4,5],
        "general_awaken": [0,0,0,0,0,0,0,0,0],
        "general_count": [1,2,3,1,1,2,2,3,1],
        "consume_money": [15000,30000,50000,75000,105000,140000,180000,220000,300000],
        "consume_fridge": [[20006,15],[20006,30],[20006,50],[20006,75],[20006,105],[20006,140],[20006,180],[20006,220],[20006,300]],
        "path": "ui_hunter_psychic_psy_yanjingshe1_png"
    },
    "160102": {
        "attri_id": 160102,
        "name": "眼镜蛇の体",
        "quality": [1,1,1,1,1,1,1,1,1,1],
        "attri_type": 1,
        "object_type": 2,
        "attri_value": [5,10,15,20,25,30,35,40,45,50],
        "consume_general": [0,0,0,0,0,0,0,0,0],
        "general_level": [0,0,0,0,0,0,0,0,0],
        "general_star": [3,3,3,4,4,4,4,4,5],
        "general_awaken": [0,0,0,0,0,0,0,0,0],
        "general_count": [1,2,3,1,1,2,2,3,1],
        "consume_money": [15000,30000,50000,75000,105000,140000,180000,220000,300000],
        "consume_fridge": [[20006,15],[20006,30],[20006,50],[20006,75],[20006,105],[20006,140],[20006,180],[20006,220],[20006,300]],
        "path": "ui_hunter_psychic_psy_yanjingshe1_png"
    },
    "160103": {
        "attri_id": 160103,
        "name": "眼镜蛇の牙",
        "quality": [1,1,1,1,1,1,1,1,1,1],
        "attri_type": 9,
        "object_type": 1,
        "attri_value": [2,4,6,8,10,12,14,16,18,20],
        "consume_general": [0,0,0,0,0,0,0,0,0],
        "general_level": [0,0,0,0,0,0,0,0,0],
        "general_star": [3,3,3,4,4,4,4,4,5],
        "general_awaken": [0,0,0,0,0,0,0,0,0],
        "general_count": [1,2,3,1,1,2,2,3,1],
        "consume_money": [15000,30000,50000,75000,105000,140000,180000,220000,300000],
        "consume_fridge": [[20006,15],[20006,30],[20006,50],[20006,75],[20006,105],[20006,140],[20006,180],[20006,220],[20006,300]],
        "path": "ui_hunter_psychic_psy_yanjingshe1_png"
    },
    "160104": {
        "attri_id": 160104,
        "name": "眼镜蛇の怒",
        "quality": [1,1,1,1,1,1,1,1,1,1],
        "attri_type": 8,
        "object_type": 1,
        "attri_value": [5,10,15,20,25,30,35,40,45,50],
        "consume_general": [0,0,0,0,0,0,0,0,0],
        "general_level": [0,0,0,0,0,0,0,0,0],
        "general_star": [3,3,3,4,4,4,4,4,5],
        "general_awaken": [0,0,0,0,0,0,0,0,0],
        "general_count": [1,2,3,1,1,2,2,3,1],
        "consume_money": [15000,30000,50000,75000,105000,140000,180000,220000,300000],
        "consume_fridge": [[20006,15],[20006,30],[20006,50],[20006,75],[20006,105],[20006,140],[20006,180],[20006,220],[20006,300]],
        "path": "ui_hunter_psychic_psy_yanjingshe1_png"
    },
    "160105": {
        "attri_id": 160105,
        "name": "眼镜蛇の眼",
        "quality": [1,1,1,1,1,1,1,1,1,1],
        "attri_type": 4,
        "object_type": 1,
        "attri_value": [3,6,9,12,15,18,21,24,27,30],
        "consume_general": [0,0,0,0,0,0,0,0,0],
        "general_level": [0,0,0,0,0,0,0,0,0],
        "general_star": [3,3,3,4,4,4,4,4,5],
        "general_awaken": [0,0,0,0,0,0,0,0,0],
        "general_count": [1,2,3,1,1,2,2,3,1],
        "consume_money": [15000,30000,50000,75000,105000,140000,180000,220000,300000],
        "consume_fridge": [[20006,15],[20006,30],[20006,50],[20006,75],[20006,105],[20006,140],[20006,180],[20006,220],[20006,300]],
        "path": "ui_hunter_psychic_psy_yanjingshe1_png"
    },
    "160106": {
        "attri_id": 160106,
        "name": "眼镜蛇の盾",
        "quality": [1,1,1,1,1,1,1,1,1,1],
        "attri_type": 5,
        "object_type": 1,
        "attri_value": [3,6,9,12,15,18,21,24,27,30],
        "consume_general": [0,0,0,0,0,0,0,0,0],
        "general_level": [0,0,0,0,0,0,0,0,0],
        "general_star": [3,3,3,4,4,4,4,4,5],
        "general_awaken": [0,0,0,0,0,0,0,0,0],
        "general_count": [1,2,3,1,1,2,2,3,1],
        "consume_money": [15000,30000,50000,75000,105000,140000,180000,220000,300000],
        "consume_fridge": [[20006,15],[20006,30],[20006,50],[20006,75],[20006,105],[20006,140],[20006,180],[20006,220],[20006,300]],
        "path": "ui_hunter_psychic_psy_yanjingshe1_png"
    },
    "170101": {
        "attri_id": 170101,
        "name": "魔法师の刃",
        "quality": [1,1,1,1,1,1,1,1,1,1],
        "attri_type": 2,
        "object_type": 2,
        "attri_value": [5,10,15,20,25,30,35,40,45,50],
        "consume_general": [0,0,0,0,0,0,0,0,0],
        "general_level": [0,0,0,0,0,0,0,0,0],
        "general_star": [3,3,3,4,4,4,4,4,5],
        "general_awaken": [0,0,0,0,0,0,0,0,0],
        "general_count": [1,2,3,1,1,2,2,3,1],
        "consume_money": [15000,30000,50000,75000,105000,140000,180000,220000,300000],
        "consume_fridge": [[20006,15],[20006,30],[20006,50],[20006,75],[20006,105],[20006,140],[20006,180],[20006,220],[20006,300]],
        "path": "ui_hunter_psychic_psy_mofashi1_png"
    },
    "170102": {
        "attri_id": 170102,
        "name": "魔法师の体",
        "quality": [1,1,1,1,1,1,1,1,1,1],
        "attri_type": 1,
        "object_type": 2,
        "attri_value": [5,10,15,20,25,30,35,40,45,50],
        "consume_general": [0,0,0,0,0,0,0,0,0],
        "general_level": [0,0,0,0,0,0,0,0,0],
        "general_star": [3,3,3,4,4,4,4,4,5],
        "general_awaken": [0,0,0,0,0,0,0,0,0],
        "general_count": [1,2,3,1,1,2,2,3,1],
        "consume_money": [15000,30000,50000,75000,105000,140000,180000,220000,300000],
        "consume_fridge": [[20006,15],[20006,30],[20006,50],[20006,75],[20006,105],[20006,140],[20006,180],[20006,220],[20006,300]],
        "path": "ui_hunter_psychic_psy_mofashi1_png"
    },
    "170103": {
        "attri_id": 170103,
        "name": "魔法师の牙",
        "quality": [1,1,1,1,1,1,1,1,1,1],
        "attri_type": 9,
        "object_type": 1,
        "attri_value": [2,4,6,8,10,12,14,16,18,20],
        "consume_general": [0,0,0,0,0,0,0,0,0],
        "general_level": [0,0,0,0,0,0,0,0,0],
        "general_star": [3,3,3,4,4,4,4,4,5],
        "general_awaken": [0,0,0,0,0,0,0,0,0],
        "general_count": [1,2,3,1,1,2,2,3,1],
        "consume_money": [15000,30000,50000,75000,105000,140000,180000,220000,300000],
        "consume_fridge": [[20006,15],[20006,30],[20006,50],[20006,75],[20006,105],[20006,140],[20006,180],[20006,220],[20006,300]],
        "path": "ui_hunter_psychic_psy_mofashi1_png"
    },
    "170104": {
        "attri_id": 170104,
        "name": "魔法师の怒",
        "quality": [1,1,1,1,1,1,1,1,1,1],
        "attri_type": 8,
        "object_type": 1,
        "attri_value": [5,10,15,20,25,30,35,40,45,50],
        "consume_general": [0,0,0,0,0,0,0,0,0],
        "general_level": [0,0,0,0,0,0,0,0,0],
        "general_star": [3,3,3,4,4,4,4,4,5],
        "general_awaken": [0,0,0,0,0,0,0,0,0],
        "general_count": [1,2,3,1,1,2,2,3,1],
        "consume_money": [15000,30000,50000,75000,105000,140000,180000,220000,300000],
        "consume_fridge": [[20006,15],[20006,30],[20006,50],[20006,75],[20006,105],[20006,140],[20006,180],[20006,220],[20006,300]],
        "path": "ui_hunter_psychic_psy_mofashi1_png"
    },
    "170105": {
        "attri_id": 170105,
        "name": "魔法师の眼",
        "quality": [1,1,1,1,1,1,1,1,1,1],
        "attri_type": 4,
        "object_type": 1,
        "attri_value": [3,6,9,12,15,18,21,24,27,30],
        "consume_general": [0,0,0,0,0,0,0,0,0],
        "general_level": [0,0,0,0,0,0,0,0,0],
        "general_star": [3,3,3,4,4,4,4,4,5],
        "general_awaken": [0,0,0,0,0,0,0,0,0],
        "general_count": [1,2,3,1,1,2,2,3,1],
        "consume_money": [15000,30000,50000,75000,105000,140000,180000,220000,300000],
        "consume_fridge": [[20006,15],[20006,30],[20006,50],[20006,75],[20006,105],[20006,140],[20006,180],[20006,220],[20006,300]],
        "path": "ui_hunter_psychic_psy_mofashi1_png"
    },
    "170106": {
        "attri_id": 170106,
        "name": "魔法师の盾",
        "quality": [1,1,1,1,1,1,1,1,1,1],
        "attri_type": 5,
        "object_type": 1,
        "attri_value": [3,6,9,12,15,18,21,24,27,30],
        "consume_general": [0,0,0,0,0,0,0,0,0],
        "general_level": [0,0,0,0,0,0,0,0,0],
        "general_star": [3,3,3,4,4,4,4,4,5],
        "general_awaken": [0,0,0,0,0,0,0,0,0],
        "general_count": [1,2,3,1,1,2,2,3,1],
        "consume_money": [15000,30000,50000,75000,105000,140000,180000,220000,300000],
        "consume_fridge": [[20006,15],[20006,30],[20006,50],[20006,75],[20006,105],[20006,140],[20006,180],[20006,220],[20006,300]],
        "path": "ui_hunter_psychic_psy_mofashi1_png"
    },
    "180101": {
        "attri_id": 180101,
        "name": "美人鱼の刃",
        "quality": [1,1,1,1,1,1,1,1,1,1],
        "attri_type": 2,
        "object_type": 2,
        "attri_value": [5,10,15,20,25,30,35,40,45,50],
        "consume_general": [0,0,0,0,0,0,0,0,0],
        "general_level": [0,0,0,0,0,0,0,0,0],
        "general_star": [3,3,3,4,4,4,4,4,5],
        "general_awaken": [0,0,0,0,0,0,0,0,0],
        "general_count": [1,2,3,1,1,2,2,3,1],
        "consume_money": [15000,30000,50000,75000,105000,140000,180000,220000,300000],
        "consume_fridge": [[20006,15],[20006,30],[20006,50],[20006,75],[20006,105],[20006,140],[20006,180],[20006,220],[20006,300]],
        "path": "ui_hunter_psychic_psy_meirenyu1_png"
    },
    "180102": {
        "attri_id": 180102,
        "name": "美人鱼の体",
        "quality": [1,1,1,1,1,1,1,1,1,1],
        "attri_type": 1,
        "object_type": 2,
        "attri_value": [5,10,15,20,25,30,35,40,45,50],
        "consume_general": [0,0,0,0,0,0,0,0,0],
        "general_level": [0,0,0,0,0,0,0,0,0],
        "general_star": [3,3,3,4,4,4,4,4,5],
        "general_awaken": [0,0,0,0,0,0,0,0,0],
        "general_count": [1,2,3,1,1,2,2,3,1],
        "consume_money": [15000,30000,50000,75000,105000,140000,180000,220000,300000],
        "consume_fridge": [[20006,15],[20006,30],[20006,50],[20006,75],[20006,105],[20006,140],[20006,180],[20006,220],[20006,300]],
        "path": "ui_hunter_psychic_psy_meirenyu1_png"
    },
    "180103": {
        "attri_id": 180103,
        "name": "美人鱼の牙",
        "quality": [1,1,1,1,1,1,1,1,1,1],
        "attri_type": 9,
        "object_type": 1,
        "attri_value": [2,4,6,8,10,12,14,16,18,20],
        "consume_general": [0,0,0,0,0,0,0,0,0],
        "general_level": [0,0,0,0,0,0,0,0,0],
        "general_star": [3,3,3,4,4,4,4,4,5],
        "general_awaken": [0,0,0,0,0,0,0,0,0],
        "general_count": [1,2,3,1,1,2,2,3,1],
        "consume_money": [15000,30000,50000,75000,105000,140000,180000,220000,300000],
        "consume_fridge": [[20006,15],[20006,30],[20006,50],[20006,75],[20006,105],[20006,140],[20006,180],[20006,220],[20006,300]],
        "path": "ui_hunter_psychic_psy_meirenyu1_png"
    },
    "180104": {
        "attri_id": 180104,
        "name": "美人鱼の怒",
        "quality": [1,1,1,1,1,1,1,1,1,1],
        "attri_type": 8,
        "object_type": 1,
        "attri_value": [5,10,15,20,25,30,35,40,45,50],
        "consume_general": [0,0,0,0,0,0,0,0,0],
        "general_level": [0,0,0,0,0,0,0,0,0],
        "general_star": [3,3,3,4,4,4,4,4,5],
        "general_awaken": [0,0,0,0,0,0,0,0,0],
        "general_count": [1,2,3,1,1,2,2,3,1],
        "consume_money": [15000,30000,50000,75000,105000,140000,180000,220000,300000],
        "consume_fridge": [[20006,15],[20006,30],[20006,50],[20006,75],[20006,105],[20006,140],[20006,180],[20006,220],[20006,300]],
        "path": "ui_hunter_psychic_psy_meirenyu1_png"
    },
    "180105": {
        "attri_id": 180105,
        "name": "美人鱼の眼",
        "quality": [1,1,1,1,1,1,1,1,1,1],
        "attri_type": 4,
        "object_type": 1,
        "attri_value": [3,6,9,12,15,18,21,24,27,30],
        "consume_general": [0,0,0,0,0,0,0,0,0],
        "general_level": [0,0,0,0,0,0,0,0,0],
        "general_star": [3,3,3,4,4,4,4,4,5],
        "general_awaken": [0,0,0,0,0,0,0,0,0],
        "general_count": [1,2,3,1,1,2,2,3,1],
        "consume_money": [15000,30000,50000,75000,105000,140000,180000,220000,300000],
        "consume_fridge": [[20006,15],[20006,30],[20006,50],[20006,75],[20006,105],[20006,140],[20006,180],[20006,220],[20006,300]],
        "path": "ui_hunter_psychic_psy_meirenyu1_png"
    },
    "180106": {
        "attri_id": 180106,
        "name": "美人鱼の盾",
        "quality": [1,1,1,1,1,1,1,1,1,1],
        "attri_type": 5,
        "object_type": 1,
        "attri_value": [3,6,9,12,15,18,21,24,27,30],
        "consume_general": [0,0,0,0,0,0,0,0,0],
        "general_level": [0,0,0,0,0,0,0,0,0],
        "general_star": [3,3,3,4,4,4,4,4,5],
        "general_awaken": [0,0,0,0,0,0,0,0,0],
        "general_count": [1,2,3,1,1,2,2,3,1],
        "consume_money": [15000,30000,50000,75000,105000,140000,180000,220000,300000],
        "consume_fridge": [[20006,15],[20006,30],[20006,50],[20006,75],[20006,105],[20006,140],[20006,180],[20006,220],[20006,300]],
        "path": "ui_hunter_psychic_psy_meirenyu1_png"
    },
    "190101": {
        "attri_id": 190101,
        "name": "猛犸象の刃",
        "quality": [1,1,1,1,1,1,1,1,1,1],
        "attri_type": 2,
        "object_type": 2,
        "attri_value": [5,10,15,20,25,30,35,40,45,50],
        "consume_general": [0,0,0,0,0,0,0,0,0],
        "general_level": [0,0,0,0,0,0,0,0,0],
        "general_star": [3,3,3,4,4,4,4,4,5],
        "general_awaken": [0,0,0,0,0,0,0,0,0],
        "general_count": [1,2,3,1,1,2,2,3,1],
        "consume_money": [15000,30000,50000,75000,105000,140000,180000,220000,300000],
        "consume_fridge": [[20006,15],[20006,30],[20006,50],[20006,75],[20006,105],[20006,140],[20006,180],[20006,220],[20006,300]],
        "path": "ui_hunter_psychic_psy_mengmaxiang1_png"
    },
    "190102": {
        "attri_id": 190102,
        "name": "猛犸象の体",
        "quality": [1,1,1,1,1,1,1,1,1,1],
        "attri_type": 1,
        "object_type": 2,
        "attri_value": [5,10,15,20,25,30,35,40,45,50],
        "consume_general": [0,0,0,0,0,0,0,0,0],
        "general_level": [0,0,0,0,0,0,0,0,0],
        "general_star": [3,3,3,4,4,4,4,4,5],
        "general_awaken": [0,0,0,0,0,0,0,0,0],
        "general_count": [1,2,3,1,1,2,2,3,1],
        "consume_money": [15000,30000,50000,75000,105000,140000,180000,220000,300000],
        "consume_fridge": [[20006,15],[20006,30],[20006,50],[20006,75],[20006,105],[20006,140],[20006,180],[20006,220],[20006,300]],
        "path": "ui_hunter_psychic_psy_mengmaxiang1_png"
    },
    "190103": {
        "attri_id": 190103,
        "name": "猛犸象の牙",
        "quality": [1,1,1,1,1,1,1,1,1,1],
        "attri_type": 9,
        "object_type": 1,
        "attri_value": [2,4,6,8,10,12,14,16,18,20],
        "consume_general": [0,0,0,0,0,0,0,0,0],
        "general_level": [0,0,0,0,0,0,0,0,0],
        "general_star": [3,3,3,4,4,4,4,4,5],
        "general_awaken": [0,0,0,0,0,0,0,0,0],
        "general_count": [1,2,3,1,1,2,2,3,1],
        "consume_money": [15000,30000,50000,75000,105000,140000,180000,220000,300000],
        "consume_fridge": [[20006,15],[20006,30],[20006,50],[20006,75],[20006,105],[20006,140],[20006,180],[20006,220],[20006,300]],
        "path": "ui_hunter_psychic_psy_mengmaxiang1_png"
    },
    "190104": {
        "attri_id": 190104,
        "name": "猛犸象の怒",
        "quality": [1,1,1,1,1,1,1,1,1,1],
        "attri_type": 8,
        "object_type": 1,
        "attri_value": [5,10,15,20,25,30,35,40,45,50],
        "consume_general": [0,0,0,0,0,0,0,0,0],
        "general_level": [0,0,0,0,0,0,0,0,0],
        "general_star": [3,3,3,4,4,4,4,4,5],
        "general_awaken": [0,0,0,0,0,0,0,0,0],
        "general_count": [1,2,3,1,1,2,2,3,1],
        "consume_money": [15000,30000,50000,75000,105000,140000,180000,220000,300000],
        "consume_fridge": [[20006,15],[20006,30],[20006,50],[20006,75],[20006,105],[20006,140],[20006,180],[20006,220],[20006,300]],
        "path": "ui_hunter_psychic_psy_mengmaxiang1_png"
    },
    "190105": {
        "attri_id": 190105,
        "name": "猛犸象の眼",
        "quality": [1,1,1,1,1,1,1,1,1,1],
        "attri_type": 4,
        "object_type": 1,
        "attri_value": [3,6,9,12,15,18,21,24,27,30],
        "consume_general": [0,0,0,0,0,0,0,0,0],
        "general_level": [0,0,0,0,0,0,0,0,0],
        "general_star": [3,3,3,4,4,4,4,4,5],
        "general_awaken": [0,0,0,0,0,0,0,0,0],
        "general_count": [1,2,3,1,1,2,2,3,1],
        "consume_money": [15000,30000,50000,75000,105000,140000,180000,220000,300000],
        "consume_fridge": [[20006,15],[20006,30],[20006,50],[20006,75],[20006,105],[20006,140],[20006,180],[20006,220],[20006,300]],
        "path": "ui_hunter_psychic_psy_mengmaxiang1_png"
    },
    "190106": {
        "attri_id": 190106,
        "name": "猛犸象の盾",
        "quality": [1,1,1,1,1,1,1,1,1,1],
        "attri_type": 5,
        "object_type": 1,
        "attri_value": [3,6,9,12,15,18,21,24,27,30],
        "consume_general": [0,0,0,0,0,0,0,0,0],
        "general_level": [0,0,0,0,0,0,0,0,0],
        "general_star": [3,3,3,4,4,4,4,4,5],
        "general_awaken": [0,0,0,0,0,0,0,0,0],
        "general_count": [1,2,3,1,1,2,2,3,1],
        "consume_money": [15000,30000,50000,75000,105000,140000,180000,220000,300000],
        "consume_fridge": [[20006,15],[20006,30],[20006,50],[20006,75],[20006,105],[20006,140],[20006,180],[20006,220],[20006,300]],
        "path": "ui_hunter_psychic_psy_mengmaxiang1_png"
    }}
