{
    "0": {
        "level": 0,
        "vipLevelName": "普通用户",
        "text1": [13],
        "text2": [502],
        "charge": 60,
        "sum": 0,
        "power_speed": 0,
        "power_add": 0,
        "buy_power": 3,
        "instance_exp_add": 0,
        "wanted_coin_add": 0,
        "mall_free_time": 0,
        "buy_coin_free_time": 1,
        "runes_free_time": 1,
        "fishing_free_time": 0,
        "package_add": 5,
        "potato_add": 0,
        "craft_buy_time": 1,
        "scene_revive_time": 0,
        "sendchat": 0,
        "is_sweep": 1,
        "is_speed": 0,
        "is_direct_tower": 0,
        "search_count": 0
    },
    "1": {
        "level": 1,
        "vipLevelName": "VIP1",
        "text1": [1],
        "text2": [503,39,47,501,518],
        "charge": 240,
        "sum": 60,
        "power_speed": 0,
        "power_add": 0,
        "buy_power": 5,
        "instance_exp_add": 0,
        "wanted_coin_add": 0,
        "mall_free_time": 0,
        "buy_coin_free_time": 1,
        "runes_free_time": 2,
        "fishing_free_time": 0,
        "package_add": 10,
        "potato_add": 0,
        "craft_buy_time": 2,
        "scene_revive_time": 0,
        "sendchat": 0,
        "is_sweep": 1,
        "is_speed": 1,
        "is_direct_tower": 1,
        "search_count": 0
    },
    "2": {
        "level": 2,
        "vipLevelName": "VIP2",
        "text1": [2],
        "text2": [504],
        "charge": 200,
        "sum": 300,
        "power_speed": 0,
        "power_add": 0,
        "buy_power": 6,
        "instance_exp_add": 0,
        "wanted_coin_add": 0,
        "mall_free_time": 0,
        "buy_coin_free_time": 1,
        "runes_free_time": 2,
        "fishing_free_time": 0,
        "package_add": 20,
        "potato_add": 0,
        "craft_buy_time": 2,
        "scene_revive_time": 0,
        "sendchat": 0,
        "is_sweep": 1,
        "is_speed": 1,
        "is_direct_tower": 1,
        "search_count": 0
    },
    "3": {
        "level": 3,
        "vipLevelName": "VIP3",
        "text1": [3],
        "text2": [505,519],
        "charge": 500,
        "sum": 500,
        "power_speed": 0,
        "power_add": 0,
        "buy_power": 7,
        "instance_exp_add": 0,
        "wanted_coin_add": 0,
        "mall_free_time": 0,
        "buy_coin_free_time": 1,
        "runes_free_time": 2,
        "fishing_free_time": 0,
        "package_add": 30,
        "potato_add": 0,
        "craft_buy_time": 2,
        "scene_revive_time": 0,
        "sendchat": 0,
        "is_sweep": 1,
        "is_speed": 1,
        "is_direct_tower": 1,
        "search_count": 0
    },
    "4": {
        "level": 4,
        "vipLevelName": "VIP4",
        "text1": [4],
        "text2": [506,50,515,520],
        "charge": 1000,
        "sum": 1000,
        "power_speed": 0,
        "power_add": 0,
        "buy_power": 8,
        "instance_exp_add": 0,
        "wanted_coin_add": 0,
        "mall_free_time": 0,
        "buy_coin_free_time": 2,
        "runes_free_time": 2,
        "fishing_free_time": 0,
        "package_add": 40,
        "potato_add": 0,
        "craft_buy_time": 3,
        "scene_revive_time": 0,
        "sendchat": 0,
        "is_sweep": 1,
        "is_speed": 1,
        "is_direct_tower": 1,
        "search_count": 1
    },
    "5": {
        "level": 5,
        "vipLevelName": "VIP5",
        "text1": [5],
        "text2": [507,49,521],
        "charge": 1000,
        "sum": 2000,
        "power_speed": 0,
        "power_add": 0,
        "buy_power": 9,
        "instance_exp_add": 0,
        "wanted_coin_add": 0,
        "mall_free_time": 1,
        "buy_coin_free_time": 2,
        "runes_free_time": 3,
        "fishing_free_time": 0,
        "package_add": 50,
        "potato_add": 0,
        "craft_buy_time": 3,
        "scene_revive_time": 0,
        "sendchat": 0,
        "is_sweep": 1,
        "is_speed": 1,
        "is_direct_tower": 1,
        "search_count": 1
    },
    "6": {
        "level": 6,
        "vipLevelName": "VIP6",
        "text1": [6],
        "text2": [508],
        "charge": 2000,
        "sum": 3000,
        "power_speed": 0,
        "power_add": 0,
        "buy_power": 10,
        "instance_exp_add": 0,
        "wanted_coin_add": 0,
        "mall_free_time": 1,
        "buy_coin_free_time": 2,
        "runes_free_time": 3,
        "fishing_free_time": 0,
        "package_add": 60,
        "potato_add": 0,
        "craft_buy_time": 3,
        "scene_revive_time": 0,
        "sendchat": 0,
        "is_sweep": 1,
        "is_speed": 1,
        "is_direct_tower": 1,
        "search_count": 1
    },
    "7": {
        "level": 7,
        "vipLevelName": "VIP7",
        "text1": [7],
        "text2": [509,45,516,522],
        "charge": 2000,
        "sum": 5000,
        "power_speed": 0,
        "power_add": 5,
        "buy_power": 11,
        "instance_exp_add": 0,
        "wanted_coin_add": 0,
        "mall_free_time": 1,
        "buy_coin_free_time": 2,
        "runes_free_time": 3,
        "fishing_free_time": 0,
        "package_add": 70,
        "potato_add": 0,
        "craft_buy_time": 4,
        "scene_revive_time": 0,
        "sendchat": 0,
        "is_sweep": 1,
        "is_speed": 1,
        "is_direct_tower": 1,
        "search_count": 1
    },
    "8": {
        "level": 8,
        "vipLevelName": "VIP8",
        "text1": [8],
        "text2": [510,42,523],
        "charge": 3000,
        "sum": 7000,
        "power_speed": 0,
        "power_add": 5,
        "buy_power": 12,
        "instance_exp_add": 0,
        "wanted_coin_add": 0,
        "mall_free_time": 1,
        "buy_coin_free_time": 2,
        "runes_free_time": 3,
        "fishing_free_time": 0,
        "package_add": 80,
        "potato_add": 10,
        "craft_buy_time": 4,
        "scene_revive_time": 0,
        "sendchat": 0,
        "is_sweep": 1,
        "is_speed": 1,
        "is_direct_tower": 1,
        "search_count": 2
    },
    "9": {
        "level": 9,
        "vipLevelName": "VIP9",
        "text1": [9],
        "text2": [511,40],
        "charge": 10000,
        "sum": 10000,
        "power_speed": 0,
        "power_add": 5,
        "buy_power": 13,
        "instance_exp_add": 0,
        "wanted_coin_add": 0,
        "mall_free_time": 1,
        "buy_coin_free_time": 2,
        "runes_free_time": 4,
        "fishing_free_time": 0,
        "package_add": 90,
        "potato_add": 10,
        "craft_buy_time": 4,
        "scene_revive_time": 0,
        "sendchat": 0,
        "is_sweep": 1,
        "is_speed": 1,
        "is_direct_tower": 1,
        "search_count": 2
    },
    "10": {
        "level": 10,
        "vipLevelName": "VIP10",
        "text1": [10],
        "text2": [512,43,517,524],
        "charge": 10000,
        "sum": 20000,
        "power_speed": 0,
        "power_add": 5,
        "buy_power": 14,
        "instance_exp_add": 0,
        "wanted_coin_add": 0,
        "mall_free_time": 1,
        "buy_coin_free_time": 2,
        "runes_free_time": 4,
        "fishing_free_time": 0,
        "package_add": 100,
        "potato_add": 20,
        "craft_buy_time": 5,
        "scene_revive_time": 0,
        "sendchat": 0,
        "is_sweep": 1,
        "is_speed": 1,
        "is_direct_tower": 1,
        "search_count": 2
    },
    "11": {
        "level": 11,
        "vipLevelName": "VIP11",
        "text1": [11],
        "text2": [513,46,525],
        "charge": 20000,
        "sum": 30000,
        "power_speed": 0,
        "power_add": 10,
        "buy_power": 15,
        "instance_exp_add": 0,
        "wanted_coin_add": 0,
        "mall_free_time": 1,
        "buy_coin_free_time": 2,
        "runes_free_time": 4,
        "fishing_free_time": 0,
        "package_add": 110,
        "potato_add": 20,
        "craft_buy_time": 5,
        "scene_revive_time": 0,
        "sendchat": 0,
        "is_sweep": 1,
        "is_speed": 1,
        "is_direct_tower": 1,
        "search_count": 2
    },
    "12": {
        "level": 12,
        "vipLevelName": "VIP12",
        "text1": [12],
        "text2": [514,41,44],
        "charge": 0,
        "sum": 50000,
        "power_speed": 0,
        "power_add": 10,
        "buy_power": 16,
        "instance_exp_add": 0,
        "wanted_coin_add": 0,
        "mall_free_time": 1,
        "buy_coin_free_time": 2,
        "runes_free_time": 4,
        "fishing_free_time": 0,
        "package_add": 120,
        "potato_add": 30,
        "craft_buy_time": 5,
        "scene_revive_time": 0,
        "sendchat": 0,
        "is_sweep": 1,
        "is_speed": 1,
        "is_direct_tower": 1,
        "search_count": 2
    }}