{
    "1001": {
        "id": 1001,
        "type": 1,
        "instance_level": "一层",
        "reward_good_id": [30001,20001,20002],
        "reward_good_count": [100,50000,50],
        "instance_pack": [101],
        "general": [10015,10026,10011],
        "battle_value": 600000,
        "feature": [101],
        "general_id": 65,
        "monster_level": 40,
        "battle_bg": 2
    },
    "1002": {
        "id": 1002,
        "type": 1,
        "instance_level": "二层",
        "reward_good_id": [30001,20001,20002],
        "reward_good_count": [100,50000,50],
        "instance_pack": [101],
        "general": [10015,10026,10011],
        "battle_value": 950000,
        "feature": [101],
        "general_id": 65,
        "monster_level": 50,
        "battle_bg": 2
    },
    "1003": {
        "id": 1003,
        "type": 1,
        "instance_level": "三层",
        "reward_good_id": [30001,20001,20002],
        "reward_good_count": [100,50000,50],
        "instance_pack": [101],
        "general": [10015,10026,10011],
        "battle_value": 2500000,
        "feature": [101],
        "general_id": 65,
        "monster_level": 60,
        "battle_bg": 2
    },
    "1004": {
        "id": 1004,
        "type": 1,
        "instance_level": "四层",
        "reward_good_id": [30001,20001,20002],
        "reward_good_count": [100,50000,50],
        "instance_pack": [101],
        "general": [10015,10026,10011],
        "battle_value": 4300000,
        "feature": [101],
        "general_id": 65,
        "monster_level": 70,
        "battle_bg": 2
    },
    "1005": {
        "id": 1005,
        "type": 1,
        "instance_level": "五层",
        "reward_good_id": [30001,20001,20002],
        "reward_good_count": [100,50000,50],
        "instance_pack": [101],
        "general": [10015,10026,10011],
        "battle_value": 7600000,
        "feature": [101],
        "general_id": 65,
        "monster_level": 80,
        "battle_bg": 2
    },
    "1006": {
        "id": 1006,
        "type": 1,
        "instance_level": "六层",
        "reward_good_id": [30001,20001,20002],
        "reward_good_count": [100,50000,50],
        "instance_pack": [101],
        "general": [10015,10026,10011],
        "battle_value": 12000000,
        "feature": [101],
        "general_id": 65,
        "monster_level": 90,
        "battle_bg": 2
    },
    "1007": {
        "id": 1007,
        "type": 1,
        "instance_level": "七层",
        "reward_good_id": [30001,20001,20002],
        "reward_good_count": [100,50000,50],
        "instance_pack": [101],
        "general": [10015,10026,10011],
        "battle_value": 16000000,
        "feature": [101],
        "general_id": 65,
        "monster_level": 100,
        "battle_bg": 2
    },
    "1008": {
        "id": 1008,
        "type": 1,
        "instance_level": "八层",
        "reward_good_id": [30001,20001,20002],
        "reward_good_count": [100,50000,50],
        "instance_pack": [101],
        "general": [10015,10026,10011],
        "battle_value": 20000000,
        "feature": [101],
        "general_id": 65,
        "monster_level": 110,
        "battle_bg": 2
    },
    "1009": {
        "id": 1009,
        "type": 1,
        "instance_level": "九层",
        "reward_good_id": [30001,20001,20002],
        "reward_good_count": [100,50000,50],
        "instance_pack": [101],
        "general": [10015,10026,10011],
        "battle_value": 24000000,
        "feature": [101],
        "general_id": 65,
        "monster_level": 120,
        "battle_bg": 2
    },
    "1010": {
        "id": 1010,
        "type": 1,
        "instance_level": "十层",
        "reward_good_id": [30001,20001,20002],
        "reward_good_count": [100,50000,50],
        "instance_pack": [101],
        "general": [10015,10026,10011],
        "battle_value": 28000000,
        "feature": [101],
        "general_id": 65,
        "monster_level": 130,
        "battle_bg": 2
    },
    "2001": {
        "id": 2001,
        "type": 2,
        "instance_level": "一层",
        "reward_good_id": [30001,20001,20002],
        "reward_good_count": [100,50000,50],
        "instance_pack": [101],
        "general": [10015,10020,10030],
        "battle_value": 700000,
        "feature": [101],
        "general_id": 64,
        "monster_level": 45,
        "battle_bg": 5
    },
    "2002": {
        "id": 2002,
        "type": 2,
        "instance_level": "二层",
        "reward_good_id": [30001,20001,20002],
        "reward_good_count": [100,50000,50],
        "instance_pack": [101],
        "general": [10015,10020,10030],
        "battle_value": 1600000,
        "feature": [101],
        "general_id": 64,
        "monster_level": 55,
        "battle_bg": 5
    },
    "2003": {
        "id": 2003,
        "type": 2,
        "instance_level": "三层",
        "reward_good_id": [30001,20001,20002],
        "reward_good_count": [100,50000,50],
        "instance_pack": [101],
        "general": [10015,10020,10030],
        "battle_value": 3300000,
        "feature": [101],
        "general_id": 64,
        "monster_level": 65,
        "battle_bg": 5
    },
    "2004": {
        "id": 2004,
        "type": 2,
        "instance_level": "四层",
        "reward_good_id": [30001,20001,20002],
        "reward_good_count": [100,50000,50],
        "instance_pack": [101],
        "general": [10015,10020,10030],
        "battle_value": 6000000,
        "feature": [101],
        "general_id": 64,
        "monster_level": 75,
        "battle_bg": 5
    },
    "2005": {
        "id": 2005,
        "type": 2,
        "instance_level": "五层",
        "reward_good_id": [30001,20001,20002],
        "reward_good_count": [100,50000,50],
        "instance_pack": [101],
        "general": [10015,10020,10030],
        "battle_value": 9500000,
        "feature": [101],
        "general_id": 64,
        "monster_level": 85,
        "battle_bg": 5
    },
    "2006": {
        "id": 2006,
        "type": 2,
        "instance_level": "六层",
        "reward_good_id": [30001,20001,20002],
        "reward_good_count": [100,50000,50],
        "instance_pack": [101],
        "general": [10015,10020,10030],
        "battle_value": 14000000,
        "feature": [101],
        "general_id": 64,
        "monster_level": 95,
        "battle_bg": 5
    },
    "2007": {
        "id": 2007,
        "type": 2,
        "instance_level": "七层",
        "reward_good_id": [30001,20001,20002],
        "reward_good_count": [100,50000,50],
        "instance_pack": [101],
        "general": [10015,10020,10030],
        "battle_value": 18000000,
        "feature": [101],
        "general_id": 64,
        "monster_level": 105,
        "battle_bg": 5
    },
    "2008": {
        "id": 2008,
        "type": 2,
        "instance_level": "八层",
        "reward_good_id": [30001,20001,20002],
        "reward_good_count": [100,50000,50],
        "instance_pack": [101],
        "general": [10015,10020,10030],
        "battle_value": 22000000,
        "feature": [101],
        "general_id": 64,
        "monster_level": 115,
        "battle_bg": 5
    },
    "2009": {
        "id": 2009,
        "type": 2,
        "instance_level": "九层",
        "reward_good_id": [30001,20001,20002],
        "reward_good_count": [100,50000,50],
        "instance_pack": [101],
        "general": [10015,10020,10030],
        "battle_value": 26000000,
        "feature": [101],
        "general_id": 64,
        "monster_level": 125,
        "battle_bg": 5
    },
    "2010": {
        "id": 2010,
        "type": 2,
        "instance_level": "十层",
        "reward_good_id": [30001,20001,20002],
        "reward_good_count": [100,50000,50],
        "instance_pack": [101],
        "general": [10015,10020,10030],
        "battle_value": 30000000,
        "feature": [101],
        "general_id": 64,
        "monster_level": 135,
        "battle_bg": 5
    },
    "3001": {
        "id": 3001,
        "type": 3,
        "instance_level": "一层",
        "reward_good_id": [30001,20001,20002],
        "reward_good_count": [100,50000,50],
        "instance_pack": [101],
        "general": [10015,10018,10031],
        "battle_value": 1600000,
        "feature": [101],
        "general_id": 63,
        "monster_level": 55,
        "battle_bg": 12
    },
    "3002": {
        "id": 3002,
        "type": 3,
        "instance_level": "二层",
        "reward_good_id": [30001,20001,20002],
        "reward_good_count": [100,50000,50],
        "instance_pack": [101],
        "general": [10015,10018,10031],
        "battle_value": 3300000,
        "feature": [101],
        "general_id": 63,
        "monster_level": 65,
        "battle_bg": 12
    },
    "3003": {
        "id": 3003,
        "type": 3,
        "instance_level": "三层",
        "reward_good_id": [30001,20001,20002],
        "reward_good_count": [100,50000,50],
        "instance_pack": [101],
        "general": [10015,10018,10031],
        "battle_value": 6000000,
        "feature": [101],
        "general_id": 63,
        "monster_level": 75,
        "battle_bg": 12
    },
    "3004": {
        "id": 3004,
        "type": 3,
        "instance_level": "四层",
        "reward_good_id": [30001,20001,20002],
        "reward_good_count": [100,50000,50],
        "instance_pack": [101],
        "general": [10015,10018,10031],
        "battle_value": 9500000,
        "feature": [101],
        "general_id": 63,
        "monster_level": 85,
        "battle_bg": 12
    },
    "3005": {
        "id": 3005,
        "type": 3,
        "instance_level": "五层",
        "reward_good_id": [30001,20001,20002],
        "reward_good_count": [100,50000,50],
        "instance_pack": [101],
        "general": [10015,10018,10031],
        "battle_value": 14000000,
        "feature": [101],
        "general_id": 63,
        "monster_level": 95,
        "battle_bg": 12
    },
    "3006": {
        "id": 3006,
        "type": 3,
        "instance_level": "六层",
        "reward_good_id": [30001,20001,20002],
        "reward_good_count": [100,50000,50],
        "instance_pack": [101],
        "general": [10015,10018,10031],
        "battle_value": 18000000,
        "feature": [101],
        "general_id": 63,
        "monster_level": 105,
        "battle_bg": 12
    },
    "3007": {
        "id": 3007,
        "type": 3,
        "instance_level": "七层",
        "reward_good_id": [30001,20001,20002],
        "reward_good_count": [100,50000,50],
        "instance_pack": [101],
        "general": [10015,10018,10031],
        "battle_value": 22000000,
        "feature": [101],
        "general_id": 63,
        "monster_level": 115,
        "battle_bg": 12
    },
    "3008": {
        "id": 3008,
        "type": 3,
        "instance_level": "八层",
        "reward_good_id": [30001,20001,20002],
        "reward_good_count": [100,50000,50],
        "instance_pack": [101],
        "general": [10015,10018,10031],
        "battle_value": 26000000,
        "feature": [101],
        "general_id": 63,
        "monster_level": 125,
        "battle_bg": 12
    },
    "3009": {
        "id": 3009,
        "type": 3,
        "instance_level": "九层",
        "reward_good_id": [30001,20001,20002],
        "reward_good_count": [100,50000,50],
        "instance_pack": [101],
        "general": [10015,10018,10031],
        "battle_value": 30000000,
        "feature": [101],
        "general_id": 63,
        "monster_level": 135,
        "battle_bg": 12
    },
    "3010": {
        "id": 3010,
        "type": 3,
        "instance_level": "十层",
        "reward_good_id": [30001,20001,20002],
        "reward_good_count": [100,50000,50],
        "instance_pack": [101],
        "general": [10015,10018,10031],
        "battle_value": 35000000,
        "feature": [101],
        "general_id": 63,
        "monster_level": 145,
        "battle_bg": 12
    }}
