{
    "0": {
        "general_step": 0,
        "general_quality": 1,
        "general_pos": [1,1,1,1],
        "add_skill": 0,
        "consume_money": 1000,
        "max_level": 10,
        "name": "见习猎人",
        "name_path": "ui_hunter_title_Title1_png",
        "frame_path": "ui_frame_FrameHunterAsh_png"
    },
    "1": {
        "general_step": 1,
        "general_quality": 2,
        "general_pos": [1,1,1,1],
        "add_skill": 1,
        "consume_money": 3000,
        "max_level": 15,
        "name": "初级猎人",
        "name_path": "ui_hunter_title_Title2_png",
        "frame_path": "ui_frame_FrameHunterGreen1_png"
    },
    "2": {
        "general_step": 2,
        "general_quality": 2,
        "general_pos": [10,10,10,10],
        "add_skill": 1,
        "consume_money": 6000,
        "max_level": 20,
        "name": "初级猎人+1",
        "name_path": "ui_hunter_title_Title3_png",
        "frame_path": "ui_frame_FrameHunterGreen2_png"
    },
    "3": {
        "general_step": 3,
        "general_quality": 3,
        "general_pos": [10,10,10,10],
        "add_skill": 1,
        "consume_money": 10000,
        "max_level": 25,
        "name": "中级猎人",
        "name_path": "ui_hunter_title_Title41_png",
        "frame_path": "ui_frame_FrameHunterBule1_png"
    },
    "4": {
        "general_step": 4,
        "general_quality": 3,
        "general_pos": [20,20,20,20],
        "add_skill": 1,
        "consume_money": 20000,
        "max_level": 30,
        "name": "中级猎人+1",
        "name_path": "ui_hunter_title_Title4_png",
        "frame_path": "ui_frame_FrameHunterBule2_png"
    },
    "5": {
        "general_step": 5,
        "general_quality": 3,
        "general_pos": [20,20,20,20],
        "add_skill": 1,
        "consume_money": 30000,
        "max_level": 32,
        "name": "中级猎人+2",
        "name_path": "ui_hunter_title_Title5_png",
        "frame_path": "ui_frame_FrameHunterBule3_png"
    },
    "6": {
        "general_step": 6,
        "general_quality": 4,
        "general_pos": [30,30,30,30],
        "add_skill": 1,
        "consume_money": 50000,
        "max_level": 35,
        "name": "高级猎人",
        "name_path": "ui_hunter_title_Title7_png",
        "frame_path": "ui_frame_FrameHunterViolet1_png"
    },
    "7": {
        "general_step": 7,
        "general_quality": 4,
        "general_pos": [30,30,30,30],
        "add_skill": 1,
        "consume_money": 60000,
        "max_level": 38,
        "name": "高级猎人+1",
        "name_path": "ui_hunter_title_Title6_png",
        "frame_path": "ui_frame_FrameHunterViolet2_png"
    },
    "8": {
        "general_step": 8,
        "general_quality": 4,
        "general_pos": [35,35,35,35],
        "add_skill": 1,
        "consume_money": 80000,
        "max_level": 40,
        "name": "高级猎人+2",
        "name_path": "ui_hunter_title_Title8_png",
        "frame_path": "ui_frame_FrameHunterViolet3_png"
    },
    "9": {
        "general_step": 9,
        "general_quality": 5,
        "general_pos": [35,35,35,35],
        "add_skill": 1,
        "consume_money": 100000,
        "max_level": 42,
        "name": "黄金猎人",
        "name_path": "ui_hunter_title_Title10_png",
        "frame_path": "ui_frame_FrameHunterOrange1_png"
    },
    "10": {
        "general_step": 10,
        "general_quality": 5,
        "general_pos": [40,40,40,40],
        "add_skill": 1,
        "consume_money": 120000,
        "max_level": 45,
        "name": "黄金猎人+1",
        "name_path": "ui_hunter_title_Title11_png",
        "frame_path": "ui_frame_FrameHunterOrange2_png"
    },
    "11": {
        "general_step": 11,
        "general_quality": 5,
        "general_pos": [40,40,40,40],
        "add_skill": 1,
        "consume_money": 150000,
        "max_level": 48,
        "name": "黄金猎人+2",
        "name_path": "ui_hunter_title_Title12_png",
        "frame_path": "ui_frame_FrameHunterOrange3_png"
    },
    "12": {
        "general_step": 12,
        "general_quality": 6,
        "general_pos": [45,45,45,45],
        "add_skill": 1,
        "consume_money": 180000,
        "max_level": 50,
        "name": "黄金猎人+3",
        "name_path": "ui_hunter_title_Title13_png",
        "frame_path": "ui_frame_FrameHunterOrange4_png"
    },
    "13": {
        "general_step": 13,
        "general_quality": 6,
        "general_pos": [45,45,45,45],
        "add_skill": 1,
        "consume_money": 200000,
        "max_level": 52,
        "name": "传奇猎人",
        "name_path": "ui_hunter_title_Title15_png",
        "frame_path": "ui_frame_FrameHunterRed1_png"
    },
    "14": {
        "general_step": 14,
        "general_quality": 6,
        "general_pos": [50,50,50,50],
        "add_skill": 1,
        "consume_money": 250000,
        "max_level": 55,
        "name": "传奇猎人+1",
        "name_path": "ui_hunter_title_Title16_png",
        "frame_path": "ui_frame_FrameHunterRed2_png"
    },
    "15": {
        "general_step": 15,
        "general_quality": 6,
        "general_pos": [50,50,50,50],
        "add_skill": 1,
        "consume_money": 300000,
        "max_level": 58,
        "name": "传奇猎人+2",
        "name_path": "ui_hunter_title_Title17_png",
        "frame_path": "ui_frame_FrameHunterRed3_png"
    },
    "16": {
        "general_step": 16,
        "general_quality": 6,
        "general_pos": [60,60,60,60],
        "add_skill": 1,
        "consume_money": 360000,
        "max_level": 60,
        "name": "传奇猎人+3",
        "name_path": "ui_hunter_title_Title18_png",
        "frame_path": "ui_frame_FrameHunterRed4_png"
    },
    "17": {
        "general_step": 17,
        "general_quality": 7,
        "general_pos": [60,60,60,60],
        "add_skill": 0,
        "consume_money": 420000,
        "max_level": 60,
        "name": "金牌猎人",
        "name_path": "ui_hunter_title_Title19_png",
        "frame_path": "ui_frame_FrameHunterGold1_png"
    },
    "18": {
        "general_step": 18,
        "general_quality": 7,
        "general_pos": [60,60,60,60],
        "add_skill": 0,
        "consume_money": 500000,
        "max_level": 60,
        "name": "金牌猎人+1",
        "name_path": "ui_hunter_title_Title20_png",
        "frame_path": "ui_frame_FrameHunterGold2_png"
    },
    "19": {
        "general_step": 19,
        "general_quality": 7,
        "general_pos": [60,60,60,60],
        "add_skill": 0,
        "consume_money": 600000,
        "max_level": 60,
        "name": "金牌猎人+2",
        "name_path": "ui_hunter_title_Title21_png",
        "frame_path": "ui_frame_FrameHunterGold3_png"
    },
    "20": {
        "general_step": 20,
        "general_quality": 7,
        "general_pos": [60,60,60,60],
        "add_skill": 0,
        "consume_money": 750000,
        "max_level": 60,
        "name": "金牌猎人+3",
        "name_path": "ui_hunter_title_Title22_png",
        "frame_path": "ui_frame_FrameHunterGold4_png"
    },
    "21": {
        "general_step": 21,
        "general_quality": 7,
        "general_pos": [60,60,60,60],
        "add_skill": 0,
        "consume_money": 900000,
        "max_level": 60,
        "name": "金牌猎人+4",
        "name_path": "ui_hunter_title_Title23_png",
        "frame_path": "ui_frame_FrameHunterGold5_png"
    },
    "22": {
        "general_step": 22,
        "general_quality": 7,
        "general_pos": [60,60,60,60],
        "add_skill": 0,
        "consume_money": 1100000,
        "max_level": 60,
        "name": "金牌猎人+5",
        "name_path": "ccbResources/common_ui/HXH_Hunter/HXH_Title/Title24.png",
        "frame_path": "ui_frame_FrameHunterGold6_png"
    }}
