{"frameRate":60,"isGlobal":0,"armature":[{"bone":[{"inheritScale":false,"name":"000_fuji","transform":{}},{"inheritScale":false,"transform":{},"name":"001_diban1","parent":"000_fuji"},{"inheritScale":false,"transform":{},"name":"001_dengguang1_1","parent":"001_diban1"},{"inheritScale":false,"transform":{},"name":"001_dengguang1_2","parent":"001_diban1"},{"inheritScale":false,"transform":{},"name":"001_dengguang1_3","parent":"001_diban1"},{"inheritScale":false,"transform":{},"name":"001_dengguang1_4","parent":"001_diban1"},{"inheritScale":false,"transform":{},"name":"001_dengguang2_1","parent":"001_diban1"},{"inheritScale":false,"transform":{},"name":"001_dengguang2_2","parent":"001_diban1"},{"inheritScale":false,"transform":{},"name":"001_dengguang2_3","parent":"001_diban1"},{"inheritScale":false,"transform":{},"name":"001_dengguang2_4","parent":"001_diban1"}],"type":"Armature","frameRate":60,"animation":[{"playTimes":0,"bone":[{"frame":[{"tweenEasing":0,"transform":{"x":300},"duration":44},{"tweenEasing":0,"transform":{"x":300},"duration":1},{"tweenEasing":0,"transform":{"x":300},"duration":14},{"tweenEasing":0,"transform":{"x":300},"duration":1},{"tweenEasing":0,"transform":{"x":300},"duration":4},{"tweenEasing":0,"transform":{"x":300},"duration":1},{"tweenEasing":0,"transform":{"x":300},"duration":15},{"tweenEasing":0,"transform":{"x":300},"duration":1},{"tweenEasing":0,"transform":{"x":300},"duration":8},{"tweenEasing":0,"transform":{"x":300},"duration":1},{"tweenEasing":0,"transform":{"x":300},"duration":15},{"tweenEasing":0,"transform":{"x":300},"duration":1},{"tweenEasing":0,"transform":{"x":300},"duration":14},{"transform":{"x":300},"duration":0}],"name":"001_dengguang2_4"},{"frame":[{"tweenEasing":0,"transform":{"y":15,"x":250},"duration":29},{"tweenEasing":0,"transform":{"y":15,"x":250},"duration":1},{"tweenEasing":0,"transform":{"y":15,"x":250},"duration":15},{"tweenEasing":0,"transform":{"y":15,"x":250},"duration":1},{"tweenEasing":0,"transform":{"y":15,"x":250},"duration":18},{"tweenEasing":0,"transform":{"y":15,"x":250},"duration":1},{"tweenEasing":0,"transform":{"y":15,"x":250},"duration":15},{"tweenEasing":0,"transform":{"y":15,"x":250},"duration":1},{"tweenEasing":0,"transform":{"y":15,"x":250},"duration":8},{"tweenEasing":0,"transform":{"y":15,"x":250},"duration":1},{"tweenEasing":0,"transform":{"y":15,"x":250},"duration":15},{"tweenEasing":0,"transform":{"y":15,"x":250},"duration":1},{"tweenEasing":0,"transform":{"y":15,"x":250},"duration":14},{"transform":{"y":15,"x":250},"duration":0}],"name":"001_dengguang2_3"},{"frame":[{"tweenEasing":0,"transform":{"y":10,"x":200},"duration":14},{"tweenEasing":0,"transform":{"y":10,"x":200},"duration":1},{"tweenEasing":0,"transform":{"y":10,"x":200},"duration":15},{"tweenEasing":0,"transform":{"y":10,"x":200},"duration":1},{"tweenEasing":0,"transform":{"y":10,"x":200},"duration":33},{"tweenEasing":0,"transform":{"y":10,"x":200},"duration":1},{"tweenEasing":0,"transform":{"y":10,"x":200},"duration":15},{"tweenEasing":0,"transform":{"y":10,"x":200},"duration":1},{"tweenEasing":0,"transform":{"y":10,"x":200},"duration":8},{"tweenEasing":0,"transform":{"y":10,"x":200},"duration":1},{"tweenEasing":0,"transform":{"y":10,"x":200},"duration":15},{"tweenEasing":0,"transform":{"y":10,"x":200},"duration":1},{"tweenEasing":0,"transform":{"y":10,"x":200},"duration":14},{"transform":{"y":10,"x":200},"duration":0}],"name":"001_dengguang2_2"},{"frame":[{"tweenEasing":0,"transform":{"y":20,"x":150},"duration":15},{"tweenEasing":0,"transform":{"y":20,"x":150},"duration":1},{"tweenEasing":0,"transform":{"y":20,"x":150},"duration":48},{"tweenEasing":0,"transform":{"y":20,"x":150},"duration":1},{"tweenEasing":0,"transform":{"y":20,"x":150},"duration":15},{"tweenEasing":0,"transform":{"y":20,"x":150},"duration":1},{"tweenEasing":0,"transform":{"y":20,"x":150},"duration":8},{"tweenEasing":0,"transform":{"y":20,"x":150},"duration":1},{"tweenEasing":0,"transform":{"y":20,"x":150},"duration":15},{"tweenEasing":0,"transform":{"y":20,"x":150},"duration":1},{"tweenEasing":0,"transform":{"y":20,"x":150},"duration":14},{"transform":{"y":20,"x":150},"duration":0}],"name":"001_dengguang2_1"},{"frame":[{"tweenEasing":0,"transform":{"x":-300},"duration":44},{"tweenEasing":0,"transform":{"x":-300},"duration":1},{"tweenEasing":0,"transform":{"x":-300},"duration":14},{"tweenEasing":0,"transform":{"x":-300},"duration":1},{"tweenEasing":0,"transform":{"x":-300},"duration":4},{"tweenEasing":0,"transform":{"x":-300},"duration":1},{"tweenEasing":0,"transform":{"x":-300},"duration":15},{"tweenEasing":0,"transform":{"x":-300},"duration":1},{"tweenEasing":0,"transform":{"x":-300},"duration":8},{"tweenEasing":0,"transform":{"x":-300},"duration":1},{"tweenEasing":0,"transform":{"x":-300},"duration":15},{"tweenEasing":0,"transform":{"x":-300},"duration":1},{"tweenEasing":0,"transform":{"x":-300},"duration":14},{"transform":{"x":-300},"duration":0}],"name":"001_dengguang1_4"},{"frame":[{"tweenEasing":0,"transform":{"y":15,"x":-250},"duration":29},{"tweenEasing":0,"transform":{"y":15,"x":-250},"duration":1},{"tweenEasing":0,"transform":{"y":15,"x":-250},"duration":15},{"tweenEasing":0,"transform":{"y":15,"x":-250},"duration":1},{"tweenEasing":0,"transform":{"y":15,"x":-250},"duration":18},{"tweenEasing":0,"transform":{"y":15,"x":-250},"duration":1},{"tweenEasing":0,"transform":{"y":15,"x":-250},"duration":15},{"tweenEasing":0,"transform":{"y":15,"x":-250},"duration":1},{"tweenEasing":0,"transform":{"y":15,"x":-250},"duration":8},{"tweenEasing":0,"transform":{"y":15,"x":-250},"duration":1},{"tweenEasing":0,"transform":{"y":15,"x":-250},"duration":15},{"tweenEasing":0,"transform":{"y":15,"x":-250},"duration":1},{"tweenEasing":0,"transform":{"y":15,"x":-250},"duration":14},{"transform":{"y":15,"x":-250},"duration":0}],"name":"001_dengguang1_3"},{"frame":[{"tweenEasing":0,"transform":{"y":10,"x":-200},"duration":14},{"tweenEasing":0,"transform":{"y":10,"x":-200},"duration":1},{"tweenEasing":0,"transform":{"y":10,"x":-200},"duration":15},{"tweenEasing":0,"transform":{"y":10,"x":-200},"duration":1},{"tweenEasing":0,"transform":{"y":10,"x":-200},"duration":33},{"tweenEasing":0,"transform":{"y":10,"x":-200},"duration":1},{"tweenEasing":0,"transform":{"y":10,"x":-200},"duration":15},{"tweenEasing":0,"transform":{"y":10,"x":-200},"duration":1},{"tweenEasing":0,"transform":{"y":10,"x":-200},"duration":8},{"tweenEasing":0,"transform":{"y":10,"x":-200},"duration":1},{"tweenEasing":0,"transform":{"y":10,"x":-200},"duration":15},{"tweenEasing":0,"transform":{"y":10,"x":-200},"duration":1},{"tweenEasing":0,"transform":{"y":10,"x":-200},"duration":14},{"transform":{"y":10,"x":-200},"duration":0}],"name":"001_dengguang1_2"},{"frame":[{"tweenEasing":0,"transform":{"y":20,"x":-150},"duration":15},{"tweenEasing":0,"transform":{"y":20,"x":-150},"duration":1},{"tweenEasing":0,"transform":{"y":20,"x":-150},"duration":48},{"tweenEasing":0,"transform":{"y":20,"x":-150},"duration":1},{"tweenEasing":0,"transform":{"y":20,"x":-150},"duration":15},{"tweenEasing":0,"transform":{"y":20,"x":-150},"duration":1},{"tweenEasing":0,"transform":{"y":20,"x":-150},"duration":8},{"tweenEasing":0,"transform":{"y":20,"x":-150},"duration":1},{"tweenEasing":0,"transform":{"y":20,"x":-150},"duration":15},{"tweenEasing":0,"transform":{"y":20,"x":-150},"duration":1},{"tweenEasing":0,"transform":{"y":20,"x":-150},"duration":14},{"transform":{"y":20,"x":-150},"duration":0}],"name":"001_dengguang1_1"},{"frame":[{"tweenEasing":0,"transform":{},"duration":120},{"transform":{},"duration":0}],"name":"001_diban1"},{"frame":[{"tweenEasing":0,"transform":{},"duration":120},{"transform":{},"duration":0}],"name":"000_fuji"}],"slot":[{"frame":[{"tweenEasing":0,"color":{"rM":27,"gM":27,"bM":27},"duration":44},{"tweenEasing":0,"color":{"rM":27,"gM":27,"bM":27},"duration":1},{"tweenEasing":0,"duration":14},{"tweenEasing":0,"duration":1},{"tweenEasing":0,"color":{"rM":27,"gM":27,"bM":27},"duration":4},{"tweenEasing":0,"color":{"rM":27,"gM":27,"bM":27},"duration":1},{"tweenEasing":0,"duration":15},{"tweenEasing":0,"duration":1},{"tweenEasing":0,"color":{"rM":34,"gM":34,"bM":34},"duration":8},{"tweenEasing":0,"color":{"rM":34,"gM":34,"bM":34},"duration":1},{"tweenEasing":0,"duration":15},{"tweenEasing":0,"duration":1},{"tweenEasing":0,"color":{"rM":34,"gM":34,"bM":34},"duration":14},{"tweenEasing":null,"color":{"rM":34,"gM":34,"bM":34},"duration":0}],"name":"001_dengguang2_4"},{"frame":[{"tweenEasing":0,"color":{"rM":30,"gM":30,"bM":30},"duration":29},{"tweenEasing":0,"color":{"rM":30,"gM":30,"bM":30},"duration":1},{"tweenEasing":0,"duration":15},{"tweenEasing":0,"duration":1},{"tweenEasing":0,"color":{"rM":30,"gM":30,"bM":30},"duration":18},{"tweenEasing":0,"color":{"rM":30,"gM":30,"bM":30},"duration":1},{"tweenEasing":0,"duration":15},{"tweenEasing":0,"duration":1},{"tweenEasing":0,"color":{"rM":34,"gM":34,"bM":34},"duration":8},{"tweenEasing":0,"color":{"rM":34,"gM":34,"bM":34},"duration":1},{"tweenEasing":0,"duration":15},{"tweenEasing":0,"duration":1},{"tweenEasing":0,"color":{"rM":34,"gM":34,"bM":34},"duration":14},{"tweenEasing":null,"color":{"rM":34,"gM":34,"bM":34},"duration":0}],"name":"001_dengguang2_3"},{"frame":[{"tweenEasing":0,"color":{"rM":30,"gM":30,"bM":30},"duration":14},{"tweenEasing":0,"color":{"rM":30,"gM":30,"bM":30},"duration":1},{"tweenEasing":0,"duration":15},{"tweenEasing":0,"duration":1},{"tweenEasing":0,"color":{"rM":30,"gM":30,"bM":30},"duration":33},{"tweenEasing":0,"color":{"rM":30,"gM":30,"bM":30},"duration":1},{"tweenEasing":0,"duration":15},{"tweenEasing":0,"duration":1},{"tweenEasing":0,"color":{"rM":34,"gM":34,"bM":34},"duration":8},{"tweenEasing":0,"color":{"rM":34,"gM":34,"bM":34},"duration":1},{"tweenEasing":0,"duration":15},{"tweenEasing":0,"duration":1},{"tweenEasing":0,"color":{"rM":34,"gM":34,"bM":34},"duration":14},{"tweenEasing":null,"color":{"rM":34,"gM":34,"bM":34},"duration":0}],"name":"001_dengguang2_2"},{"frame":[{"tweenEasing":0,"duration":15},{"tweenEasing":0,"duration":1},{"tweenEasing":0,"color":{"rM":30,"gM":30,"bM":30},"duration":48},{"tweenEasing":0,"color":{"rM":30,"gM":30,"bM":30},"duration":1},{"tweenEasing":0,"duration":15},{"tweenEasing":0,"duration":1},{"tweenEasing":0,"color":{"rM":34,"gM":34,"bM":34},"duration":8},{"tweenEasing":0,"color":{"rM":34,"gM":34,"bM":34},"duration":1},{"tweenEasing":0,"duration":15},{"tweenEasing":0,"duration":1},{"tweenEasing":0,"color":{"rM":34,"gM":34,"bM":34},"duration":14},{"tweenEasing":null,"color":{"rM":34,"gM":34,"bM":34},"duration":0}],"name":"001_dengguang2_1"},{"frame":[{"displayIndex":1,"tweenEasing":0,"color":{"rM":30,"gM":30,"bM":30},"duration":44},{"displayIndex":1,"tweenEasing":0,"color":{"rM":30,"gM":30,"bM":30},"duration":1},{"displayIndex":1,"tweenEasing":0,"duration":14},{"displayIndex":1,"tweenEasing":0,"duration":1},{"displayIndex":1,"tweenEasing":0,"color":{"rM":30,"gM":30,"bM":30},"duration":4},{"displayIndex":1,"tweenEasing":0,"color":{"rM":30,"gM":30,"bM":30},"duration":1},{"displayIndex":1,"tweenEasing":0,"duration":15},{"displayIndex":1,"tweenEasing":0,"duration":1},{"displayIndex":1,"tweenEasing":0,"color":{"rM":30,"gM":30,"bM":30},"duration":8},{"displayIndex":1,"tweenEasing":0,"color":{"rM":30,"gM":30,"bM":30},"duration":1},{"displayIndex":1,"tweenEasing":0,"duration":15},{"displayIndex":1,"tweenEasing":0,"duration":1},{"displayIndex":1,"tweenEasing":0,"color":{"rM":30,"gM":30,"bM":30},"duration":14},{"displayIndex":1,"tweenEasing":null,"color":{"rM":30,"gM":30,"bM":30},"duration":0}],"name":"001_dengguang1_4"},{"frame":[{"tweenEasing":0,"color":{"rM":27,"gM":27,"bM":27},"duration":29},{"tweenEasing":0,"color":{"rM":27,"gM":27,"bM":27},"duration":1},{"tweenEasing":0,"duration":15},{"tweenEasing":0,"duration":1},{"tweenEasing":0,"color":{"rM":27,"gM":27,"bM":27},"duration":18},{"tweenEasing":0,"color":{"rM":27,"gM":27,"bM":27},"duration":1},{"tweenEasing":0,"duration":15},{"tweenEasing":0,"duration":1},{"tweenEasing":0,"color":{"rM":27,"gM":27,"bM":27},"duration":8},{"tweenEasing":0,"color":{"rM":27,"gM":27,"bM":27},"duration":1},{"tweenEasing":0,"duration":15},{"tweenEasing":0,"duration":1},{"tweenEasing":0,"color":{"rM":27,"gM":27,"bM":27},"duration":14},{"tweenEasing":null,"color":{"rM":27,"gM":27,"bM":27},"duration":0}],"name":"001_dengguang1_3"},{"frame":[{"tweenEasing":0,"color":{"rM":32,"gM":32,"bM":32},"duration":14},{"tweenEasing":0,"color":{"rM":32,"gM":32,"bM":32},"duration":1},{"tweenEasing":0,"duration":15},{"tweenEasing":0,"duration":1},{"tweenEasing":0,"color":{"rM":32,"gM":32,"bM":32},"duration":33},{"tweenEasing":0,"color":{"rM":32,"gM":32,"bM":32},"duration":1},{"tweenEasing":0,"duration":15},{"tweenEasing":0,"duration":1},{"tweenEasing":0,"color":{"rM":32,"gM":32,"bM":32},"duration":8},{"tweenEasing":0,"color":{"rM":32,"gM":32,"bM":32},"duration":1},{"tweenEasing":0,"duration":15},{"tweenEasing":0,"duration":1},{"tweenEasing":0,"color":{"rM":32,"gM":32,"bM":32},"duration":14},{"tweenEasing":null,"color":{"rM":32,"gM":32,"bM":32},"duration":0}],"name":"001_dengguang1_2"},{"frame":[{"tweenEasing":0,"duration":15},{"tweenEasing":0,"duration":1},{"tweenEasing":0,"color":{"rM":27,"gM":27,"bM":27},"duration":48},{"tweenEasing":0,"color":{"rM":27,"gM":27,"bM":27},"duration":1},{"tweenEasing":0,"duration":15},{"tweenEasing":0,"duration":1},{"tweenEasing":0,"color":{"rM":27,"gM":27,"bM":27},"duration":8},{"tweenEasing":0,"color":{"rM":27,"gM":27,"bM":27},"duration":1},{"tweenEasing":0,"duration":15},{"tweenEasing":0,"duration":1},{"tweenEasing":0,"color":{"rM":27,"gM":27,"bM":27},"duration":14},{"tweenEasing":null,"color":{"rM":27,"gM":27,"bM":27},"duration":0}],"name":"001_dengguang1_1"},{"frame":[{"tweenEasing":0,"duration":120},{"tweenEasing":null,"duration":0}],"name":"001_diban1"},{"frame":[{"displayIndex":-1,"tweenEasing":0,"duration":120},{"displayIndex":-1,"tweenEasing":null,"duration":0}],"name":"000_fuji"}],"ffd":[],"ik":[],"frame":[],"name":"000_diban1","duration":120}],"defaultActions":[{"gotoAndPlay":"000_diban1"}],"aabb":{"width":870,"y":-59,"height":118,"x":-435},"ik":[],"name":"armatureName","skin":[{"slot":[{"display":[{"path":"hd_tongyong_biaotidiban_eff/diban1_eff/deng2","type":"image","name":"hd_tongyong_biaotidiban_eff/diban1_eff/deng2","transform":{}}],"name":"001_dengguang2_4"},{"display":[{"path":"hd_tongyong_biaotidiban_eff/diban1_eff/diban1","type":"image","name":"hd_tongyong_biaotidiban_eff/diban1_eff/diban1","transform":{}}],"name":"001_diban1"},{"display":[{"path":"hd_tongyong_biaotidiban_eff/diban1_eff/deng1","type":"image","name":"hd_tongyong_biaotidiban_eff/diban1_eff/deng1","transform":{}}],"name":"001_dengguang2_3"},{"display":[{"path":"hd_tongyong_biaotidiban_eff/diban1_eff/deng2","type":"image","name":"hd_tongyong_biaotidiban_eff/diban1_eff/deng2","transform":{}}],"name":"001_dengguang2_2"},{"display":[{"path":"hd_tongyong_biaotidiban_eff/diban1_eff/deng1","type":"image","name":"hd_tongyong_biaotidiban_eff/diban1_eff/deng1","transform":{}}],"name":"001_dengguang2_1"},{"display":[{"path":"hd_tongyong_biaotidiban_eff/diban1_eff/deng2","type":"image","name":"hd_tongyong_biaotidiban_eff/diban1_eff/deng2","transform":{}},{"path":"hd_tongyong_biaotidiban_eff/diban1_eff/deng1","type":"image","name":"hd_tongyong_biaotidiban_eff/diban1_eff/deng1","transform":{}}],"name":"001_dengguang1_4"},{"display":[{"path":"hd_tongyong_biaotidiban_eff/diban1_eff/deng2","type":"image","name":"hd_tongyong_biaotidiban_eff/diban1_eff/deng2","transform":{}}],"name":"001_dengguang1_3"},{"display":[{"path":"hd_tongyong_biaotidiban_eff/diban1_eff/deng1","type":"image","name":"hd_tongyong_biaotidiban_eff/diban1_eff/deng1","transform":{}}],"name":"001_dengguang1_2"},{"display":[{"path":"hd_tongyong_biaotidiban_eff/diban1_eff/deng2","type":"image","name":"hd_tongyong_biaotidiban_eff/diban1_eff/deng2","transform":{}}],"name":"001_dengguang1_1"}],"name":""}],"slot":[{"displayIndex":-1,"name":"000_fuji","parent":"000_fuji","color":{}},{"z":1,"name":"001_diban1","parent":"001_diban1","color":{}},{"z":2,"name":"001_dengguang1_1","parent":"001_dengguang1_1","color":{}},{"z":3,"name":"001_dengguang1_2","parent":"001_dengguang1_2","color":{}},{"z":4,"name":"001_dengguang1_3","parent":"001_dengguang1_3","color":{}},{"z":5,"name":"001_dengguang1_4","parent":"001_dengguang1_4","color":{}},{"z":6,"name":"001_dengguang2_1","parent":"001_dengguang2_1","color":{}},{"z":7,"name":"001_dengguang2_2","parent":"001_dengguang2_2","color":{}},{"z":8,"name":"001_dengguang2_3","parent":"001_dengguang2_3","color":{}},{"z":9,"name":"001_dengguang2_4","parent":"001_dengguang2_4","color":{}}]}],"name":"hd_tongyong_biaotidiban","version":"4.0"}