{"frameRate":30,"name":"gw_009_yezhu","version":"5.5","compatibleVersion":"5.5","armature":[{"type":"Armature","frameRate":30,"name":"armatureName","aabb":{"x":-99.69,"y":-180.49,"width":243.7,"height":187.74},"bone":[{"name":"root"},{"name":"buff_flo","parent":"root"},{"name":"buff_mid","parent":"root","transform":{"y":-91.92}},{"name":"buff_up","parent":"root","transform":{"y":-172.49}},{"name":"gw_009_yezhu_pz","parent":"root","transform":{"x":-26.15,"y":-40.54}},{"length":151,"name":"zhu_dj_shenti","parent":"root","transform":{"x":-2.05,"y":-19.78,"skX":-89.81,"skY":-89.81}},{"name":"zhu_houtui1","parent":"root","transform":{"x":-71.55,"y":-2.65}},{"name":"zhu_houtui2","parent":"root","transform":{"x":-27.36,"y":-1.03}},{"name":"zhu_qiantui1","parent":"root","transform":{"x":40.48,"y":0.56}},{"name":"zhu_qiantui2","parent":"root","transform":{"x":59.13,"y":-0.98}},{"length":13,"name":"zhu_dj_erduo_b1","parent":"zhu_dj_shenti","transform":{"x":75.94,"y":43.92,"skX":58.21,"skY":58.21}},{"length":11,"name":"zhu_dj_houtui_a1","parent":"zhu_dj_shenti","transform":{"x":11.45,"y":-28.14,"skX":179.81,"skY":179.81}},{"length":47,"name":"zhu_dj_bizi","parent":"zhu_dj_shenti","transform":{"x":44.95,"y":85.69,"skX":98.89,"skY":98.89}},{"length":41,"name":"zhu_dj_houtui_b2","parent":"zhu_dj_shenti","transform":{"x":42.94,"y":-51.2,"skX":-172.32,"skY":-172.32}},{"name":"zhu_dj_jianjing","parent":"zhu_dj_shenti","transform":{"x":49.42,"y":71.12}},{"length":9,"name":"zhu_dj_erduo_a1","parent":"zhu_dj_shenti","transform":{"x":89.64,"y":87.05,"skX":77.89,"skY":77.89}},{"length":21,"name":"zhu_dj_qiantui_b1","parent":"zhu_dj_shenti","transform":{"x":13.65,"y":30.57,"skX":-177.52,"skY":-177.52}},{"length":15,"name":"zhu_dj_qiantui_a1","parent":"zhu_dj_shenti","transform":{"x":11.69,"y":46.64,"skX":168.47,"skY":168.47}},{"length":24,"name":"zhu_dj_zui","parent":"zhu_dj_shenti","transform":{"x":22.67,"y":69.86,"skX":123.23,"skY":123.23}},{"length":23,"name":"zhu_dj_weiba","parent":"zhu_dj_shenti","transform":{"x":84.03,"y":-91.13,"skX":-167.89,"skY":-167.89}},{"length":23,"name":"zhu_dj_houtui_b1","parent":"zhu_dj_houtui_b2","transform":{"x":41.49,"y":-0.01,"skX":-0.43,"skY":-0.43}},{"length":17,"name":"zhu_dj_qiantui_a2","parent":"zhu_dj_qiantui_a1","transform":{"x":15.35,"y":0.01,"skX":-17.45,"skY":-17.45}},{"length":19,"name":"zhu_dj_houtui_a2","parent":"zhu_dj_houtui_a1","transform":{"x":12.04,"y":0.5,"skX":-15.15,"skY":-15.15}},{"length":13,"name":"zhu_dj_qiantui_b2","parent":"zhu_dj_qiantui_b1","transform":{"x":22.18,"y":1.48,"skX":-18.38,"skY":-18.38}}],"slot":[{"blendMode":"erase","name":"gw_009_yezhu_pz","parent":"gw_009_yezhu_pz","color":{"aM":0}},{"blendMode":"erase","name":"buff_flo","parent":"buff_flo","color":{"aM":0}},{"name":"zhu_dj_qiantui_a2","parent":"zhu_dj_qiantui_a2"},{"name":"zhu_dj_qiantui_a1","parent":"zhu_dj_qiantui_a1"},{"name":"zhu_dj_weiba","parent":"zhu_dj_weiba"},{"name":"zhu_dj_bizi","parent":"zhu_dj_bizi"},{"name":"zhu_dj_zui","parent":"zhu_dj_zui"},{"name":"zhu_dj_houtui_a2","parent":"zhu_dj_houtui_a2"},{"name":"zhu_dj_houtui_a1","parent":"zhu_dj_houtui_a1"},{"name":"zhu_dj_erduo_a1","parent":"zhu_dj_erduo_a1"},{"name":"zhu_dj_shenti","parent":"zhu_dj_shenti"},{"displayIndex":2,"name":"zhu_dj_jianjing","parent":"zhu_dj_jianjing"},{"name":"zhu_dj_erduo_b1","parent":"zhu_dj_erduo_b1"},{"name":"zhu_dj_houtui_b1","parent":"zhu_dj_houtui_b1"},{"name":"zhu_dj_houtui_b2","parent":"zhu_dj_houtui_b2"},{"name":"zhu_dj_qiantui_b2","parent":"zhu_dj_qiantui_b2"},{"name":"zhu_dj_qiantui_b1","parent":"zhu_dj_qiantui_b1"},{"blendMode":"erase","name":"buff_up","parent":"buff_up","color":{"aM":0}},{"blendMode":"erase","name":"buff_mid","parent":"buff_mid","color":{"aM":0}}],"ik":[{"bendPositive":false,"chain":1,"name":"zhu_houtui2","bone":"zhu_dj_houtui_a2","target":"zhu_houtui2"},{"bendPositive":false,"chain":1,"name":"zhu_houtui1","bone":"zhu_dj_houtui_b1","target":"zhu_houtui1"},{"chain":1,"name":"zhu_qiantui1","bone":"zhu_dj_qiantui_b2","target":"zhu_qiantui1"},{"chain":1,"name":"zhu_qiantui2","bone":"zhu_dj_qiantui_a2","target":"zhu_qiantui2"}],"skin":[{"slot":[{"name":"zhu_dj_houtui_a2","display":[{"name":"zhu_dj_houtui_a2","transform":{"x":4.17,"y":-1.94,"skX":-74.77,"skY":-74.77}}]},{"name":"zhu_dj_shenti","display":[{"name":"zhu_dj_shenti","transform":{"x":74,"y":6.61,"skX":89.81,"skY":89.81}}]},{"name":"zhu_dj_qiantui_a1","display":[{"name":"zhu_dj_qiantui_a1","transform":{"x":6.66,"y":0.14,"skX":-78.61,"skY":-78.61}}]},{"name":"zhu_dj_houtui_a1","display":[{"name":"zhu_dj_houtui_a1","transform":{"x":4.06,"y":-0.46,"skX":-89.97,"skY":-89.97}}]},{"name":"buff_mid","display":[{"name":"buff_mid","transform":{"x":0.75,"y":-2.25}}]},{"name":"gw_009_yezhu_pz","display":[{"name":"gw_009_yezhu_pz","transform":{"x":36.14,"y":-47.97,"scX":21.968,"scY":18.075}}]},{"name":"zhu_dj_zui","display":[{"name":"zhu_dj_zui","transform":{"x":8.79,"y":-1.05,"skX":-33.67,"skY":-33.67}}]},{"name":"zhu_dj_houtui_b2","display":[{"name":"zhu_dj_houtui_b2","transform":{"x":18.85,"y":4.04,"skX":-97.88,"skY":-97.88}}]},{"name":"zhu_dj_houtui_b1","display":[{"name":"zhu_dj_houtui_b1","transform":{"x":12.9,"y":-1.76,"skX":-97.43,"skY":-97.43}}]},{"name":"zhu_dj_weiba","display":[{"name":"zhu_dj_weiba","transform":{"x":11.96,"y":-0.78,"skX":-102.31,"skY":-102.31}}]},{"name":"zhu_dj_erduo_b1","display":[{"name":"zhu_dj_erduo_b1","transform":{"x":13.71,"y":7.63,"skX":31.87,"skY":31.87}}]},{"name":"zhu_dj_jianjing","display":[{"name":"zhu_dj_jianjing","transform":{"x":-0.21,"y":0.07,"skX":89.81,"skY":89.81}},{"name":"zhu_dj_jianjing2","transform":{"skX":89.81,"skY":89.81}},{"name":"zhu_dj_jianjing3","transform":{"skX":131.81,"skY":131.81}}]},{"name":"zhu_dj_erduo_a1","display":[{"name":"zhu_dj_erduo_a1","transform":{"x":8.55,"y":0.65,"skX":11.93,"skY":11.93}}]},{"name":"zhu_dj_qiantui_b1","display":[{"name":"zhu_dj_qiantui_b1","transform":{"x":10.57,"y":-0.22,"skX":-92.65,"skY":-92.65}}]},{"name":"zhu_dj_qiantui_b2","display":[{"name":"zhu_dj_qiantui_b2","transform":{"x":7.12,"y":-1.36,"skX":-74.22,"skY":-74.22}}]},{"name":"buff_flo","display":[{"name":"buff_flo","transform":{"x":0.75,"y":-0.75}}]},{"name":"zhu_dj_bizi","display":[{"name":"zhu_dj_bizi","transform":{"x":20.21,"y":-30.23,"skX":-9.06,"skY":-9.06}}]},{"name":"zhu_dj_qiantui_a2","display":[{"name":"zhu_dj_qiantui_a2","transform":{"x":4.78,"y":-0.39,"skX":-60.94,"skY":-60.94}}]},{"name":"buff_up","display":[{"name":"buff_up","transform":{"x":-0.75}}]}]}],"animation":[{"duration":30,"name":"0000_chuchang","bone":[{"name":"root","translateFrame":[{"duration":15,"curve":[0,0.31,0.568,1],"x":-423.68},{"duration":3,"x":-423.68},{"duration":2,"curve":[0.29,0,0.629,0.37],"x":-0.39},{"duration":10,"curve":[0.31,0.25,0.756,1],"x":-0.35},{"duration":0}]},{"name":"zhu_dj_shenti","translateFrame":[{"duration":3,"curve":[0.25,0,0.75,1],"x":2.8,"y":-32.97},{"curve":[0.28049999999999997,0,0.6255,0.39],"x":6.51,"y":16.27},{"duration":3,"curve":[0.303,0.21,0.643,0.57],"x":6.51,"y":16.27},{"duration":4,"curve":[0.30625,0.225,0.6930000000000001,0.7675],"x":10.44,"y":4.56},{"duration":4,"curve":[0.382,0.57,0.735,1],"x":6.23,"y":16.35},{"duration":5,"curve":[0.25,0,0.75,1],"x":6.51,"y":11.07},{"duration":7,"curve":[0.25,0,0.71875,0.875],"x":6.81,"y":7.51},{"duration":3,"curve":[0.375,0.5,0.75,1],"x":3.4,"y":13.96},{"duration":0}],"rotateFrame":[{"duration":3,"curve":[0.25,0,0.75,1],"rotate":9.18},{"duration":12,"curve":[0.28049999999999997,0,0.6255,0.39],"rotate":0.65},{"duration":5,"curve":[0.25,0,0.75,1],"rotate":0.65},{"duration":7,"curve":[0.25,0,0.71875,0.875],"rotate":19.96},{"duration":3,"curve":[0.375,0.5,0.75,1],"rotate":19.96},{"duration":0}],"scaleFrame":[{"duration":3,"curve":[0.25,0,0.75,1]},{"curve":[0.28049999999999997,0,0.6255,0.39],"y":1.01},{"duration":3,"curve":[0.303,0.21,0.643,0.57],"x":0.95,"y":1.04},{"duration":4,"curve":[0.30625,0.225,0.6930000000000001,0.7675],"x":1.05,"y":0.94},{"duration":4,"curve":[0.382,0.57,0.735,1],"x":0.98,"y":1.03},{"duration":5,"curve":[0.25,0,0.75,1],"x":1.09,"y":0.93},{"duration":7,"curve":[0.25,0,0.71875,0.875],"x":1.03,"y":0.94},{"duration":3,"curve":[0.375,0.5,0.75,1],"x":1.03,"y":0.94},{"duration":0}]},{"name":"zhu_dj_bizi","rotateFrame":[{"duration":3,"curve":[0.25,0,0.75,1]},{"duration":12,"rotate":-5.07},{"duration":5,"curve":[0.25,0,0.75,1],"rotate":-5.07},{"duration":10,"curve":[0.25,0,0.75,1],"rotate":-4.95},{"duration":0}]},{"name":"zhu_dj_jianjing","rotateFrame":[{"duration":20},{"duration":5,"curve":[0.25,0,0.625,0.5]},{"duration":5,"curve":[0.375,0.5,0.75,1],"rotate":-47.22},{"duration":0}]},{"name":"zhu_dj_erduo_b1","rotateFrame":[{"duration":3,"curve":[0.25,0,0.75,1]},{"duration":4,"curve":[0.264,0,0.617,0.42],"rotate":-10.79},{"duration":4,"curve":[0.325,0.3,0.674,0.69],"rotate":11.48},{"duration":4,"curve":[0.382,0.57,0.735,1],"rotate":-31.42},{"duration":5,"rotate":-10.79},{"duration":10,"curve":[0.25,0,0.75,1],"rotate":-10.79},{"duration":0}]},{"name":"zhu_dj_erduo_a1","rotateFrame":[{"duration":3,"curve":[0.25,0,0.75,1]},{"duration":4,"curve":[0.264,0,0.617,0.42],"rotate":-12.63},{"duration":4,"curve":[0.325,0.3,0.674,0.69],"rotate":12.8},{"duration":4,"curve":[0.382,0.57,0.735,1],"rotate":-46.92},{"duration":5,"rotate":-12.63},{"duration":10,"curve":[0.25,0,0.75,1],"rotate":-12.63},{"duration":0}]},{"name":"zhu_dj_weiba","rotateFrame":[{"duration":3,"rotate":69.86},{"duration":4,"curve":[0.264,0,0.617,0.42],"rotate":69.86},{"duration":4,"curve":[0.325,0.3,0.674,0.69],"rotate":19.96},{"duration":4,"curve":[0.382,0.57,0.735,1],"rotate":100.41},{"duration":5,"rotate":69.86},{"duration":10,"curve":[0.25,0,0.75,1],"rotate":69.86},{"duration":0}]},{"name":"zhu_dj_zui","rotateFrame":[{"duration":3},{"duration":4,"curve":[0.264,0,0.617,0.42]},{"duration":8,"curve":[0.351,0.4,0.756,1],"rotate":-17.77},{"duration":5,"curve":[0.25,0,0.75,1],"rotate":-21.46},{"duration":10,"curve":[0.25,0,0.75,1],"rotate":-25.59},{"duration":0}]},{"name":"zhu_houtui1","translateFrame":[{"duration":3,"curve":[0.25,0,0.75,1],"x":-25.59,"y":-26.92},{"duration":12,"x":-33.68,"y":-19.06},{"duration":5,"curve":[0.25,0,0.75,1],"x":-33.68,"y":-19.06},{"duration":10,"curve":[0.25,0,0.75,1],"x":-13.22,"y":-48.56},{"duration":0}]},{"name":"zhu_houtui2","translateFrame":[{"duration":3,"curve":[0.25,0,0.75,1],"x":-40.66,"y":-19.44},{"duration":12,"x":-37.74,"y":-4.74},{"duration":5,"curve":[0.25,0,0.75,1],"x":-37.74,"y":-4.74},{"duration":10,"curve":[0.25,0,0.75,1],"x":-21.49,"y":-32.43},{"duration":0}]},{"name":"zhu_qiantui1","translateFrame":[{"duration":3,"curve":[0.273,0,0.619,0.4],"x":26.5,"y":-10.53},{"duration":17,"x":41.76,"y":-2.68},{"duration":10,"curve":[0.273,0,0.619,0.4],"x":41.76,"y":-2.68},{"duration":0}]},{"name":"zhu_qiantui2","translateFrame":[{"duration":3,"curve":[0.25,0,0.75,1],"x":15.48,"y":-11.4},{"duration":17,"x":26.38,"y":-4.86},{"duration":10,"curve":[0.25,0,0.75,1],"x":26.38,"y":-4.86},{"duration":0}]}],"slot":[{"name":"zhu_dj_jianjing","displayFrame":[{"duration":20,"value":1},{"duration":5},{"duration":5,"value":2}]}]},{"duration":60,"name":"0001_daiji","bone":[{"name":"zhu_dj_shenti","translateFrame":[{"duration":15,"curve":[0.25,0,0.75,1]},{"duration":15,"curve":[0.25,0,0.75,1],"x":-1.02},{"duration":15,"curve":[0.25,0,0.75,1]},{"duration":15,"curve":[0.25,0,0.75,1],"x":-1.02},{"duration":0}],"scaleFrame":[{"duration":15,"curve":[0.25,0,0.75,1]},{"duration":15,"curve":[0.25,0,0.75,1],"x":1.04,"y":0.97},{"duration":15,"curve":[0.25,0,0.75,1]},{"duration":15,"curve":[0.25,0,0.75,1],"x":1.04,"y":0.97},{"duration":0}]},{"name":"zhu_dj_bizi","rotateFrame":[{"duration":15,"curve":[0.25,0,0.75,1]},{"duration":2,"curve":[0.297,0,0.634,0.36],"rotate":0.85},{"duration":2,"curve":[0.3,0.21,0.755,1],"rotate":-1.29},{"duration":3,"curve":[0.297,0,0.634,0.36],"rotate":0.85},{"duration":8,"curve":[0.3,0.21,0.755,1],"rotate":-1.29},{"duration":15,"curve":[0.25,0,0.75,1]},{"duration":15,"curve":[0.25,0,0.75,1],"rotate":0.85},{"duration":0}]},{"name":"zhu_dj_erduo_b1","rotateFrame":[{"duration":15,"curve":[0.25,0,0.75,1]},{"duration":15,"curve":[0.25,0,0.75,1],"rotate":-5.59},{"duration":15,"curve":[0.25,0,0.75,1]},{"duration":15,"curve":[0.25,0,0.75,1],"rotate":-5.59},{"duration":0}]},{"name":"zhu_dj_erduo_a1","rotateFrame":[{"duration":15,"curve":[0.25,0,0.75,1]},{"duration":15,"curve":[0.25,0,0.75,1],"rotate":3.35},{"duration":15,"curve":[0.25,0,0.75,1]},{"duration":15,"curve":[0.25,0,0.75,1],"rotate":3.35},{"duration":0}]},{"name":"zhu_dj_weiba","rotateFrame":[{"duration":15,"curve":[0.25,0,0.75,1]},{"duration":15,"curve":[0.25,0,0.75,1],"rotate":3.34},{"duration":15,"curve":[0.25,0,0.75,1]},{"duration":3,"curve":[0.284,0,0.625,0.38],"rotate":3.34},{"duration":3,"curve":[0.32,0.28,0.757,1],"rotate":18.94},{"duration":4,"curve":[0.307,0,0.642,0.35],"rotate":3.34},{"duration":5,"curve":[0.311,0.22,0.646,0.56],"rotate":16.58},{"duration":0}]},{"name":"zhu_dj_zui","rotateFrame":[{"duration":15,"curve":[0.25,0,0.75,1]},{"duration":15,"curve":[0.25,0,0.75,1],"rotate":3.71},{"duration":15,"curve":[0.25,0,0.75,1]},{"duration":15,"curve":[0.25,0,0.75,1],"rotate":3.71},{"duration":0}]},{"name":"zhu_houtui2","translateFrame":[{"duration":30},{"duration":3,"curve":[0.273,0,0.619,0.4]},{"duration":7,"curve":[0.337,0.34,0.757,1],"x":-25.61,"y":-9.89},{"duration":3,"curve":[0.273,0,0.619,0.4]},{"duration":17,"curve":[0.337,0.34,0.757,1],"x":-25.61,"y":-9.89},{"duration":0}]}]},{"duration":20,"name":"0002_pao","bone":[{"name":"zhu_dj_shenti","translateFrame":[{"duration":5,"curve":[0.31575,0.175,0.652,0.525],"x":-0.01,"y":5.07},{"duration":5,"curve":[0.3165,0.245,0.655,0.595],"y":0.37},{"duration":5,"curve":[0.333,0.3225,0.6687500000000001,0.6675],"x":0.01,"y":-5.22},{"duration":5,"curve":[0.3305,0.29,0.669,0.64],"y":0.37},{"duration":0,"x":-0.01,"y":5.07}],"rotateFrame":[{"duration":5,"curve":[0.31575,0.175,0.652,0.525],"rotate":2.39},{"duration":5,"curve":[0.3165,0.245,0.655,0.595],"rotate":2.96},{"duration":5,"curve":[0.333,0.3225,0.6687500000000001,0.6675],"rotate":-5.92},{"duration":5,"curve":[0.3305,0.29,0.669,0.64],"rotate":-3.36},{"duration":0,"rotate":2.39}],"scaleFrame":[{"duration":5,"curve":[0.31575,0.175,0.652,0.525],"x":0.97,"y":1.03},{"duration":5,"curve":[0.3165,0.245,0.655,0.595],"x":0.97,"y":1.03},{"duration":5,"curve":[0.333,0.3225,0.6687500000000001,0.6675],"x":1.04,"y":0.96},{"duration":5,"curve":[0.3305,0.29,0.669,0.64],"x":1.04,"y":0.96},{"duration":0,"x":0.97,"y":1.03}]},{"name":"zhu_dj_bizi","rotateFrame":[{"duration":5,"curve":[0.309,0,0.643,0.35]},{"duration":5,"curve":[0.315,0.23,0.65,0.57],"rotate":-0.46},{"duration":5,"rotate":-1.56},{"duration":5,"curve":[0.295,0.21,0.655,0.63],"rotate":-1.56},{"duration":0}]},{"name":"zhu_dj_erduo_b1","rotateFrame":[{"duration":5,"curve":[0.309,0,0.643,0.35]},{"duration":5,"curve":[0.315,0.23,0.65,0.57],"rotate":-4.64},{"duration":5,"rotate":-15.54},{"duration":5,"curve":[0.295,0.21,0.655,0.63],"rotate":-15.54},{"duration":0}]},{"name":"zhu_dj_erduo_a1","rotateFrame":[{"duration":5,"curve":[0.309,0,0.643,0.35]},{"duration":5,"curve":[0.315,0.23,0.65,0.57],"rotate":-2.62},{"duration":5,"rotate":-8.78},{"duration":5,"curve":[0.295,0.21,0.655,0.63],"rotate":-8.78},{"duration":0}]},{"name":"zhu_dj_weiba","rotateFrame":[{"duration":5,"curve":[0.309,0,0.643,0.35]},{"duration":5,"curve":[0.315,0.23,0.65,0.57],"rotate":8.19},{"duration":5,"rotate":27.41},{"duration":5,"curve":[0.295,0.21,0.655,0.63],"rotate":27.41},{"duration":0}]},{"name":"zhu_dj_zui","rotateFrame":[{"duration":5,"curve":[0.275,0,0.62,0.4]},{"duration":5,"curve":[0.314,0.27,0.657,0.63],"rotate":3.63},{"duration":5,"curve":[0.342,0.36,0.685,0.72],"rotate":-11.87},{"duration":5,"curve":[0.342,0.36,0.685,0.72]},{"duration":0,"rotate":6.07}]},{"name":"zhu_houtui1","translateFrame":[{"duration":4,"curve":[0.314,0.11,0.648,0.45],"x":-23.46,"y":-23.32},{"curve":[0.315,0.23,0.65,0.57],"x":15.24,"y":-8.48},{"duration":4,"x":15.24,"y":-8.48},{"curve":[0.32,0.28,0.655,0.61],"x":41.04,"y":0.02},{"duration":4,"curve":[0.342,0.36,0.685,0.72],"x":41.04,"y":0.02},{"curve":[0.32,0.28,0.655,0.61],"x":-15.02,"y":-0.79},{"duration":5,"curve":[0.342,0.36,0.685,0.72],"x":-15.02,"y":-0.79},{"duration":0,"x":-23.46,"y":-23.32}],"rotateFrame":[{"duration":14,"curve":[0.314,0.11,0.648,0.45]},{"curve":[0.32,0.28,0.655,0.61]},{"duration":5,"curve":[0.342,0.36,0.685,0.72],"rotate":5.62},{"duration":0}]},{"name":"zhu_houtui2","translateFrame":[{"duration":5,"curve":[0.314,0.11,0.648,0.45],"x":-25.83,"y":-12.34},{"x":-25.83,"y":-12.34},{"duration":4,"curve":[0.315,0.23,0.65,0.57],"x":-10.93,"y":-11.72},{"x":-10.93,"y":-11.72},{"duration":4,"curve":[0.32,0.28,0.655,0.61],"x":4.93,"y":-0.68},{"x":4.93,"y":-0.68},{"duration":4,"curve":[0.32,0.28,0.655,0.61],"x":-26.11,"y":-8.12},{"duration":0,"x":-25.83,"y":-12.34}]},{"name":"zhu_qiantui1","translateFrame":[{"duration":5,"curve":[0.328,0,0.661,0.33],"x":15.99,"y":-3.99},{"x":15.99,"y":-3.99},{"duration":4,"curve":[0.331,0.26,0.664,0.6],"x":-26.36,"y":-12.53},{"x":-26.36,"y":-12.53},{"duration":4,"curve":[0.332,0.31,0.665,0.64],"x":2.26,"y":-21.42},{"x":2.26,"y":-21.42},{"duration":4,"curve":[0.327,0.27,0.661,0.61],"x":15.07,"y":-10.77},{"duration":0,"x":15.99,"y":-3.99}]},{"name":"zhu_qiantui2","translateFrame":[{"duration":4,"curve":[0.2945,0.055,0.634,0.425],"x":20.08,"y":-3.84},{"curve":[0.315,0.23,0.65,0.57],"x":-34.36,"y":-1.88},{"duration":4,"curve":[0.314,0.27,0.657,0.63],"x":-34.36,"y":-1.88},{"curve":[0.327,0.31,0.661,0.64],"x":-10.85,"y":-16.45},{"duration":4,"x":-10.85,"y":-16.45},{"curve":[0.32,0.28,0.655,0.61],"x":4.8,"y":-12.48},{"duration":5,"curve":[0.342,0.36,0.685,0.72],"x":4.8,"y":-12.48},{"duration":0,"x":20.08,"y":-3.84}],"scaleFrame":[{"duration":4,"curve":[0.2945,0.055,0.634,0.425]},{"curve":[0.315,0.23,0.65,0.57]},{"duration":4,"curve":[0.314,0.27,0.657,0.63],"x":0.82,"y":0.82},{"curve":[0.327,0.31,0.661,0.64],"x":0.82,"y":0.82},{"duration":5,"x":0.91,"y":0.91},{"duration":5,"curve":[0.342,0.36,0.685,0.72],"x":0.91,"y":0.91},{"duration":0}]}]},{"duration":16,"name":"0003_chongci","bone":[{"name":"zhu_dj_shenti","translateFrame":[{"duration":4,"curve":[0.31575,0.175,0.652,0.525],"x":-0.01,"y":5.07},{"duration":4,"curve":[0.3165,0.245,0.655,0.595],"y":0.37},{"duration":4,"curve":[0.333,0.3225,0.6687500000000001,0.6675],"x":0.01,"y":-5.22},{"duration":4,"curve":[0.3305,0.29,0.669,0.64],"y":0.37},{"duration":0,"x":-0.01,"y":5.07}],"rotateFrame":[{"duration":4,"curve":[0.31575,0.175,0.652,0.525],"rotate":2.39},{"duration":4,"curve":[0.3165,0.245,0.655,0.595],"rotate":2.96},{"duration":4,"curve":[0.333,0.3225,0.6687500000000001,0.6675],"rotate":-5.92},{"duration":4,"curve":[0.3305,0.29,0.669,0.64],"rotate":-3.36},{"duration":0,"rotate":2.39}],"scaleFrame":[{"duration":4,"curve":[0.31575,0.175,0.652,0.525],"x":0.97,"y":1.03},{"duration":4,"curve":[0.3165,0.245,0.655,0.595],"x":0.97,"y":1.03},{"duration":4,"curve":[0.333,0.3225,0.6687500000000001,0.6675],"x":1.04,"y":0.96},{"duration":4,"curve":[0.3305,0.29,0.669,0.64],"x":1.04,"y":0.96},{"duration":0,"x":0.97,"y":1.03}]},{"name":"zhu_dj_bizi","rotateFrame":[{"duration":4,"curve":[0.309,0,0.643,0.35]},{"duration":4,"curve":[0.315,0.23,0.65,0.57],"rotate":-0.46},{"duration":4,"rotate":-1.56},{"duration":4,"curve":[0.295,0.21,0.655,0.63],"rotate":-1.56},{"duration":0}]},{"name":"zhu_dj_erduo_b1","rotateFrame":[{"duration":4,"curve":[0.309,0,0.643,0.35]},{"duration":4,"curve":[0.315,0.23,0.65,0.57],"rotate":-4.64},{"duration":4,"rotate":-15.54},{"duration":4,"curve":[0.295,0.21,0.655,0.63],"rotate":-15.54},{"duration":0}]},{"name":"zhu_dj_erduo_a1","rotateFrame":[{"duration":4,"curve":[0.309,0,0.643,0.35]},{"duration":4,"curve":[0.315,0.23,0.65,0.57],"rotate":-2.62},{"duration":4,"rotate":-8.78},{"duration":4,"curve":[0.295,0.21,0.655,0.63],"rotate":-8.78},{"duration":0}]},{"name":"zhu_dj_weiba","rotateFrame":[{"duration":4,"curve":[0.309,0,0.643,0.35]},{"duration":4,"curve":[0.315,0.23,0.65,0.57],"rotate":8.19},{"duration":4,"rotate":27.41},{"duration":4,"curve":[0.295,0.21,0.655,0.63],"rotate":27.41},{"duration":0}]},{"name":"zhu_dj_zui","rotateFrame":[{"duration":4,"curve":[0.275,0,0.62,0.4]},{"duration":4,"curve":[0.314,0.27,0.657,0.63],"rotate":3.63},{"duration":4,"curve":[0.342,0.36,0.685,0.72],"rotate":-11.87},{"duration":4,"curve":[0.342,0.36,0.685,0.72]},{"duration":0,"rotate":6.07}]},{"name":"zhu_houtui1","translateFrame":[{"duration":3,"curve":[0.314,0.11,0.648,0.45],"x":-23.46,"y":-23.32},{"curve":[0.315,0.23,0.65,0.57],"x":15.24,"y":-8.48},{"duration":3,"x":15.24,"y":-8.48},{"curve":[0.32,0.28,0.655,0.61],"x":41.04,"y":0.02},{"duration":3,"curve":[0.342,0.36,0.685,0.72],"x":41.04,"y":0.02},{"curve":[0.32,0.28,0.655,0.61],"x":-15.02,"y":-0.79},{"duration":4,"curve":[0.342,0.36,0.685,0.72],"x":-15.02,"y":-0.79},{"duration":0,"x":-23.46,"y":-23.32}],"rotateFrame":[{"duration":11,"curve":[0.314,0.11,0.648,0.45]},{"curve":[0.32,0.28,0.655,0.61]},{"duration":4,"curve":[0.342,0.36,0.685,0.72],"rotate":5.62},{"duration":0}]},{"name":"zhu_houtui2","translateFrame":[{"duration":4,"curve":[0.314,0.11,0.648,0.45],"x":-25.83,"y":-12.34},{"x":-25.83,"y":-12.34},{"duration":3,"curve":[0.315,0.23,0.65,0.57],"x":-10.93,"y":-11.72},{"x":-10.93,"y":-11.72},{"duration":3,"curve":[0.32,0.28,0.655,0.61],"x":4.93,"y":-0.68},{"x":4.93,"y":-0.68},{"duration":3,"curve":[0.32,0.28,0.655,0.61],"x":-26.11,"y":-8.12},{"duration":0,"x":-25.83,"y":-12.34}]},{"name":"zhu_qiantui1","translateFrame":[{"duration":4,"curve":[0.328,0,0.661,0.33],"x":15.99,"y":-3.99},{"x":15.99,"y":-3.99},{"duration":3,"curve":[0.331,0.26,0.664,0.6],"x":-26.36,"y":-12.53},{"x":-26.36,"y":-12.53},{"duration":3,"curve":[0.332,0.31,0.665,0.64],"x":2.26,"y":-21.42},{"x":2.26,"y":-21.42},{"duration":3,"curve":[0.327,0.27,0.661,0.61],"x":15.07,"y":-10.77},{"duration":0,"x":15.99,"y":-3.99}]},{"name":"zhu_qiantui2","translateFrame":[{"duration":3,"curve":[0.2945,0.055,0.634,0.425],"x":20.08,"y":-3.84},{"curve":[0.315,0.23,0.65,0.57],"x":-34.36,"y":-1.88},{"duration":3,"curve":[0.314,0.27,0.657,0.63],"x":-34.36,"y":-1.88},{"curve":[0.327,0.31,0.661,0.64],"x":-10.85,"y":-16.45},{"duration":3,"x":-10.85,"y":-16.45},{"curve":[0.32,0.28,0.655,0.61],"x":4.8,"y":-12.48},{"duration":4,"curve":[0.342,0.36,0.685,0.72],"x":4.8,"y":-12.48},{"duration":0,"x":20.08,"y":-3.84}],"scaleFrame":[{"duration":3,"curve":[0.2945,0.055,0.634,0.425]},{"curve":[0.315,0.23,0.65,0.57]},{"duration":3,"curve":[0.314,0.27,0.657,0.63],"x":0.82,"y":0.82},{"curve":[0.327,0.31,0.661,0.64],"x":0.82,"y":0.82},{"duration":4,"x":0.91,"y":0.91},{"duration":4,"curve":[0.342,0.36,0.685,0.72],"x":0.91,"y":0.91},{"duration":0}]}]},{"duration":30,"name":"0004_tiaoyue_yanshi","bone":[{"name":"zhu_dj_shenti","translateFrame":[{"duration":5,"curve":[0.25,0,0.75,1],"x":-0.01,"y":5.33},{"duration":8,"curve":[0.2535,0,0.71675,0.855],"x":0.09,"y":-28.02},{"duration":6,"curve":[0.08125,0.075,0.9185,0.9225],"x":0.11,"y":-36.27},{"duration":4,"curve":[0.0955,0.1425,0.93375,1],"x":0.09,"y":-29},{"duration":7,"tweenEasing":0,"y":-0.19},{"duration":0,"x":-0.01,"y":5.33}],"rotateFrame":[{"duration":5,"curve":[0.25,0,0.75,1],"rotate":-4.99},{"duration":8,"curve":[0.2535,0,0.71675,0.855],"rotate":-5.85},{"duration":6,"curve":[0.08125,0.075,0.9185,0.9225],"rotate":1.77},{"duration":4,"curve":[0.0955,0.1425,0.93375,1],"rotate":3.7},{"duration":7,"tweenEasing":0,"rotate":3.36},{"duration":0,"rotate":-4.99}],"scaleFrame":[{"duration":5,"curve":[0.25,0,0.75,1],"x":0.97,"y":1.03},{"duration":8,"curve":[0.2535,0,0.71675,0.855],"x":1.05,"y":0.94},{"duration":6,"curve":[0.08125,0.075,0.9185,0.9225],"x":1.03,"y":0.97},{"duration":4,"curve":[0.0955,0.1425,0.93375,1],"x":1.02,"y":0.97},{"duration":7,"tweenEasing":0,"x":1.05,"y":0.97},{"duration":0,"x":0.97,"y":1.03}]},{"name":"zhu_dj_bizi","rotateFrame":[{"duration":5,"curve":[0.25,0,0.75,1]},{"duration":8,"curve":[0.264,0,0.617,0.42],"rotate":2.79},{"duration":6,"curve":[0.325,0.3,0.674,0.69]},{"duration":4,"curve":[0.382,0.57,0.735,1],"rotate":-4.82},{"duration":7,"tweenEasing":0,"rotate":-2.65},{"duration":0}]},{"name":"zhu_dj_erduo_b1","rotateFrame":[{"duration":5,"curve":[0.25,0,0.75,1]},{"duration":8,"curve":[0.264,0,0.617,0.42],"rotate":14.83},{"duration":6,"curve":[0.325,0.3,0.674,0.69]},{"duration":4,"curve":[0.382,0.57,0.735,1],"rotate":-28.7},{"duration":7,"tweenEasing":0,"rotate":-39.26},{"duration":0}]},{"name":"zhu_dj_erduo_a1","rotateFrame":[{"duration":5,"curve":[0.25,0,0.75,1]},{"duration":8,"curve":[0.264,0,0.617,0.42],"rotate":20.36},{"duration":6,"curve":[0.325,0.3,0.674,0.69]},{"duration":4,"curve":[0.382,0.57,0.735,1],"rotate":-35.53},{"duration":7,"tweenEasing":0,"rotate":-44.16},{"duration":0}]},{"name":"zhu_dj_weiba","rotateFrame":[{"duration":5},{"duration":8,"curve":[0.264,0,0.617,0.42]},{"duration":6,"curve":[0.325,0.3,0.674,0.69],"rotate":61.03},{"duration":4,"curve":[0.382,0.57,0.735,1],"rotate":62.5},{"duration":7,"tweenEasing":0,"rotate":25.64},{"duration":0}]},{"name":"zhu_dj_zui","rotateFrame":[{"duration":5,"rotate":-17.99},{"duration":8,"curve":[0.25,0,0.75,1],"rotate":-17.99},{"duration":10},{"duration":7,"tweenEasing":0},{"duration":0,"rotate":-17.99}]}],"slot":[{"name":"zhu_dj_jianjing","displayFrame":[{"duration":5},{"duration":18,"value":2},{"duration":7}]}]},{"duration":0,"name":"0005_tiaoyueshang","bone":[{"name":"zhu_dj_shenti","translateFrame":[{"duration":0,"x":1.42,"y":-1.83}],"rotateFrame":[{"duration":0,"rotate":-5.53}],"scaleFrame":[{"duration":0,"x":1.02,"y":0.97}]},{"name":"zhu_dj_bizi","rotateFrame":[{"duration":0,"rotate":1.76}]},{"name":"zhu_dj_erduo_b1","rotateFrame":[{"duration":0,"rotate":9.37}]},{"name":"zhu_dj_erduo_a1","rotateFrame":[{"duration":0,"rotate":12.87}]},{"name":"zhu_dj_zui","rotateFrame":[{"duration":0,"rotate":-17.99}]}],"slot":[{"name":"zhu_dj_jianjing","displayFrame":[{"duration":0}]}]},{"duration":0,"name":"0006_tiaoyuezhong","bone":[{"name":"zhu_dj_shenti","translateFrame":[{"duration":0,"x":1.42,"y":-1.83}],"rotateFrame":[{"duration":0,"rotate":-5.53}],"scaleFrame":[{"duration":0,"x":1.02,"y":0.97}]},{"name":"zhu_dj_bizi","rotateFrame":[{"duration":0,"rotate":1.76}]},{"name":"zhu_dj_erduo_b1","rotateFrame":[{"duration":0,"rotate":9.37}]},{"name":"zhu_dj_erduo_a1","rotateFrame":[{"duration":0,"rotate":12.87}]},{"name":"zhu_dj_zui","rotateFrame":[{"duration":0,"rotate":-17.99}]}],"slot":[{"name":"zhu_dj_jianjing","displayFrame":[{"duration":0}]}]},{"duration":0,"name":"0007_tiaoyuexia","bone":[{"name":"zhu_dj_shenti","translateFrame":[{"duration":0,"x":1.42,"y":-1.83}],"rotateFrame":[{"duration":0,"rotate":-5.53}],"scaleFrame":[{"duration":0,"x":1.02,"y":0.97}]},{"name":"zhu_dj_bizi","rotateFrame":[{"duration":0,"rotate":1.76}]},{"name":"zhu_dj_erduo_b1","rotateFrame":[{"duration":0,"rotate":9.37}]},{"name":"zhu_dj_erduo_a1","rotateFrame":[{"duration":0,"rotate":12.87}]},{"name":"zhu_dj_zui","rotateFrame":[{"duration":0,"rotate":-17.99}]}],"slot":[{"name":"zhu_dj_jianjing","displayFrame":[{"duration":0}]}]},{"duration":15,"name":"0008_beigongji1","bone":[{"name":"zhu_dj_shenti","translateFrame":[{"duration":3,"curve":[0.25,0,0.75,1]},{"duration":12,"curve":[0.25,0,0.75,1],"x":-11.11,"y":6.56},{"duration":0}],"rotateFrame":[{"duration":3,"curve":[0.25,0,0.75,1]},{"duration":12,"curve":[0.25,0,0.75,1],"rotate":8.81},{"duration":0}],"scaleFrame":[{"duration":3,"curve":[0.25,0,0.75,1]},{"duration":12,"curve":[0.25,0,0.75,1],"x":1.04,"y":0.97},{"duration":0}]},{"name":"zhu_dj_bizi","rotateFrame":[{"duration":3,"curve":[0.25,0,0.75,1]},{"duration":12,"curve":[0.25,0,0.75,1],"rotate":3.57},{"duration":0}],"scaleFrame":[{"duration":3,"curve":[0.25,0,0.75,1]},{"duration":12,"curve":[0.25,0,0.75,1],"x":0.98,"y":1.02},{"duration":0}]},{"name":"zhu_dj_erduo_b1","rotateFrame":[{"duration":3,"curve":[0.25,0,0.75,1]},{"duration":12,"curve":[0.25,0,0.75,1],"rotate":-13.67},{"duration":0}]},{"name":"zhu_dj_erduo_a1","rotateFrame":[{"duration":3,"curve":[0.25,0,0.75,1]},{"duration":12,"curve":[0.25,0,0.75,1],"rotate":-18.03},{"duration":0}]},{"name":"zhu_dj_weiba","rotateFrame":[{"duration":3,"curve":[0.25,0,0.75,1]},{"duration":12,"curve":[0.25,0,0.75,1],"rotate":27.42},{"duration":0}]},{"name":"zhu_dj_zui","rotateFrame":[{"duration":3,"curve":[0.25,0,0.75,1]},{"duration":12,"curve":[0.25,0,0.75,1],"rotate":11.78},{"duration":0}]},{"name":"zhu_qiantui1","translateFrame":[{"duration":3,"curve":[0.273,0,0.619,0.4]},{"duration":12,"curve":[0.273,0,0.619,0.4],"x":-1.51,"y":-3.02},{"duration":0}]}],"slot":[{"name":"zhu_dj_jianjing","displayFrame":[{"duration":7},{"duration":8,"value":2}]}]},{"duration":15,"name":"0009_beigongji2","bone":[{"name":"zhu_dj_shenti","translateFrame":[{"duration":3,"curve":[0.25,0,0.75,1]},{"duration":12,"curve":[0.25,0,0.75,1],"x":7.05,"y":-1.36},{"duration":0}],"rotateFrame":[{"duration":3,"curve":[0.25,0,0.75,1]},{"duration":12,"curve":[0.25,0,0.75,1],"rotate":-2.66},{"duration":0}],"scaleFrame":[{"duration":3,"curve":[0.25,0,0.75,1]},{"duration":12,"curve":[0.25,0,0.75,1],"x":1.04,"y":0.97},{"duration":0}]},{"name":"zhu_dj_bizi","rotateFrame":[{"duration":3,"curve":[0.25,0,0.75,1]},{"duration":12,"curve":[0.25,0,0.75,1],"rotate":3.57},{"duration":0}],"scaleFrame":[{"duration":3,"curve":[0.25,0,0.75,1]},{"duration":12,"curve":[0.25,0,0.75,1],"x":0.98,"y":1.02},{"duration":0}]},{"name":"zhu_dj_erduo_b1","rotateFrame":[{"duration":3,"curve":[0.25,0,0.75,1]},{"duration":12,"curve":[0.25,0,0.75,1],"rotate":-13.67},{"duration":0}]},{"name":"zhu_dj_erduo_a1","rotateFrame":[{"duration":3,"curve":[0.25,0,0.75,1]},{"duration":12,"curve":[0.25,0,0.75,1],"rotate":-18.03},{"duration":0}]},{"name":"zhu_dj_weiba","rotateFrame":[{"duration":3,"curve":[0.25,0,0.75,1]},{"duration":12,"curve":[0.25,0,0.75,1],"rotate":27.42},{"duration":0}]},{"name":"zhu_dj_zui","rotateFrame":[{"duration":3,"curve":[0.25,0,0.75,1]},{"duration":12,"curve":[0.25,0,0.75,1],"rotate":11.78},{"duration":0}]},{"name":"zhu_qiantui2","translateFrame":[{"duration":3,"curve":[0.25,0,0.75,1]},{"duration":12,"curve":[0.25,0,0.75,1],"x":-2.75,"y":-1.89},{"duration":0}]}],"slot":[{"name":"zhu_dj_jianjing","displayFrame":[{"duration":15,"value":1}]}]},{"duration":30,"name":"0010_fukongdaodi_yanshi","bone":[{"name":"zhu_dj_shenti","translateFrame":[{"duration":3,"curve":[0.25,0,0.75,1]},{"duration":9,"curve":[0.245,0,0.634,0.54],"x":11.06,"y":-40.77},{"duration":3,"curve":[0.38,0.53,0.743,1],"x":5.66,"y":-39.57},{"x":6.86,"y":-5.42},{"duration":4,"tweenEasing":0,"x":10.46,"y":17.35},{"duration":5,"tweenEasing":0,"x":10.46,"y":17.35},{"duration":5,"tweenEasing":0,"x":10.76,"y":13.93},{"duration":0,"x":10.46,"y":17.35}],"rotateFrame":[{"duration":3,"curve":[0.25,0,0.75,1]},{"duration":9,"curve":[0.245,0,0.634,0.54],"rotate":-8.48},{"duration":3,"curve":[0.38,0.53,0.743,1],"rotate":1.67},{"duration":5,"rotate":4.92},{"duration":5,"tweenEasing":0,"rotate":4.92},{"duration":5,"tweenEasing":0,"rotate":4.62},{"duration":0,"rotate":4.92}],"scaleFrame":[{"duration":3,"curve":[0.25,0,0.75,1]},{"duration":13,"curve":[0.245,0,0.634,0.54],"x":1.04,"y":0.97},{"duration":4,"tweenEasing":0,"x":1.04,"y":0.97},{"duration":5,"tweenEasing":0,"x":0.96,"y":1.04},{"duration":5,"tweenEasing":0,"x":1.02,"y":0.98},{"duration":0}]},{"name":"zhu_dj_bizi","rotateFrame":[{"duration":3,"curve":[0.25,0,0.75,1]},{"duration":13,"rotate":3.57},{"duration":4,"tweenEasing":0,"rotate":3.57},{"duration":10,"tweenEasing":0,"rotate":-0.27},{"duration":0,"rotate":3.57}],"scaleFrame":[{"duration":3,"curve":[0.25,0,0.75,1]},{"duration":27,"x":0.98,"y":1.02}]},{"name":"zhu_dj_erduo_b1","rotateFrame":[{"duration":3,"curve":[0.25,0,0.75,1]},{"duration":13,"rotate":-13.67},{"duration":4,"tweenEasing":0,"rotate":-13.67},{"duration":10,"tweenEasing":0,"rotate":-56.31},{"duration":0,"rotate":-13.67}]},{"name":"zhu_dj_erduo_a1","rotateFrame":[{"duration":3,"curve":[0.25,0,0.75,1]},{"duration":13,"rotate":-18.03},{"duration":4,"tweenEasing":0,"rotate":-18.03},{"duration":10,"tweenEasing":0,"rotate":-55.96},{"duration":0,"rotate":-18.03}]},{"name":"zhu_dj_weiba","rotateFrame":[{"duration":3,"curve":[0.25,0,0.75,1]},{"duration":13,"rotate":27.42},{"duration":4,"tweenEasing":0,"rotate":27.42},{"duration":10,"tweenEasing":0,"rotate":50.86},{"duration":0,"rotate":27.42}]},{"name":"zhu_dj_houtui_a1","rotateFrame":[{"duration":3,"curve":[0.25,0,0.75,1]},{"duration":12,"curve":[0.25,0,0.75,1],"rotate":34.4},{"rotate":16.11},{"duration":14,"rotate":16.1}]},{"name":"zhu_dj_qiantui_b1","rotateFrame":[{"duration":3},{"duration":12,"curve":[0.25,0,0.75,1]},{"rotate":-74.9},{"duration":14,"rotate":-51.17}]},{"name":"zhu_dj_qiantui_b2","rotateFrame":[{"duration":3},{"duration":12,"curve":[0.25,0,0.75,1]},{"rotate":45.2},{"duration":14,"rotate":53.46}]},{"name":"zhu_dj_qiantui_a1","rotateFrame":[{"duration":3},{"duration":12,"curve":[0.25,0,0.75,1]},{"rotate":-52.8},{"duration":14,"rotate":-29.67}]},{"name":"zhu_dj_qiantui_a2","rotateFrame":[{"duration":3},{"duration":12,"curve":[0.25,0,0.75,1]},{"rotate":14.89},{"duration":14}]},{"name":"zhu_dj_zui","rotateFrame":[{"duration":3,"curve":[0.25,0,0.75,1]},{"duration":27,"rotate":11.78}]},{"name":"zhu_houtui1","translateFrame":[{"duration":3,"curve":[0.25,0,0.75,1]},{"duration":12,"x":2.39,"y":-1.79},{"x":2.39,"y":-1.79},{"duration":4,"tweenEasing":0,"x":-15.97,"y":-11.24},{"duration":5,"tweenEasing":0,"x":-32.7,"y":-17.26},{"duration":5,"tweenEasing":0,"x":-17.65,"y":-14.92},{"duration":0,"x":-12.9,"y":2.79}]},{"name":"zhu_dj_houtui_b2","rotateFrame":[{"duration":3,"curve":[0.25,0,0.75,1]},{"duration":12,"curve":[0.25,0,0.75,1],"rotate":22.78},{"duration":15,"rotate":8.82}]},{"name":"zhu_houtui2","translateFrame":[{"duration":3,"curve":[0.25,0,0.75,1]},{"duration":12,"x":-2.99,"y":-6.59},{"x":-2.99,"y":-6.59},{"duration":4,"tweenEasing":0,"x":-20.84,"y":-7.11},{"duration":5,"tweenEasing":0,"x":-38.24,"y":-3.77},{"duration":5,"tweenEasing":0,"x":-17.5,"y":-5.44},{"duration":0,"x":-20.84,"y":0.78}]},{"name":"zhu_qiantui1","translateFrame":[{"duration":3,"curve":[0.273,0,0.619,0.4]},{"duration":12,"x":9.27,"y":-6.62},{"x":9.27,"y":-6.62},{"duration":4,"tweenEasing":0,"x":29.91,"y":-5.19},{"duration":5,"tweenEasing":0,"x":42.34,"y":-1.37},{"duration":5,"tweenEasing":0,"x":35.62,"y":-5.71},{"duration":0,"x":42.34,"y":-1.37}]},{"name":"zhu_qiantui2","translateFrame":[{"duration":3,"curve":[0.25,0,0.75,1]},{"duration":12,"x":16.18,"y":-5.99},{"x":16.18,"y":-5.99},{"duration":4,"tweenEasing":0,"x":25.85,"y":-6.37},{"duration":5,"tweenEasing":0,"x":33.5,"y":-4.94},{"duration":5,"tweenEasing":0,"x":24.9,"y":-6.37},{"duration":0,"x":33.5,"y":-4.94}]}],"slot":[{"name":"zhu_dj_jianjing","displayFrame":[{"duration":30}]}]},{"duration":3,"name":"0011_jifeishangsheng","bone":[{"name":"zhu_dj_shenti","translateFrame":[{"duration":3,"curve":[0.25,0,0.75,1]},{"duration":0,"x":9.38,"y":-13.05}],"rotateFrame":[{"duration":3,"curve":[0.25,0,0.75,1]},{"duration":0,"rotate":-8.48}],"scaleFrame":[{"duration":3,"curve":[0.25,0,0.75,1]},{"duration":0,"x":1.04,"y":0.97}]},{"name":"zhu_dj_bizi","rotateFrame":[{"duration":3,"curve":[0.25,0,0.75,1]},{"duration":0,"rotate":3.57}],"scaleFrame":[{"duration":3,"curve":[0.25,0,0.75,1]},{"duration":0,"x":0.98,"y":1.02}]},{"name":"zhu_dj_erduo_b1","rotateFrame":[{"duration":3,"curve":[0.25,0,0.75,1]},{"duration":0,"rotate":-13.67}]},{"name":"zhu_dj_erduo_a1","rotateFrame":[{"duration":3,"curve":[0.25,0,0.75,1]},{"duration":0,"rotate":-18.03}]},{"name":"zhu_dj_weiba","rotateFrame":[{"duration":3,"curve":[0.25,0,0.75,1]},{"duration":0,"rotate":27.42}]},{"name":"zhu_dj_houtui_a1","rotateFrame":[{"duration":3,"curve":[0.25,0,0.75,1]},{"duration":0,"rotate":34.4}]},{"name":"zhu_dj_zui","rotateFrame":[{"duration":3,"curve":[0.25,0,0.75,1]},{"duration":0,"rotate":11.78}]},{"name":"zhu_houtui1","translateFrame":[{"duration":3,"curve":[0.25,0,0.75,1]},{"duration":0,"x":2.39,"y":-1.79}]},{"name":"zhu_dj_houtui_b2","rotateFrame":[{"duration":3,"curve":[0.25,0,0.75,1]},{"duration":0,"rotate":22.78}]},{"name":"zhu_houtui2","translateFrame":[{"duration":3,"curve":[0.25,0,0.75,1]},{"duration":0,"x":-2.99,"y":-6.59}]},{"name":"zhu_qiantui1","translateFrame":[{"duration":3,"curve":[0.273,0,0.619,0.4]},{"duration":0,"x":9.27,"y":-6.62}]},{"name":"zhu_qiantui2","translateFrame":[{"duration":3,"curve":[0.25,0,0.75,1]},{"duration":0,"x":16.18,"y":-5.99}]}],"slot":[{"name":"zhu_dj_jianjing","displayFrame":[{"duration":3}]}]},{"duration":0,"name":"0012_jifexialuo","bone":[{"name":"zhu_dj_shenti","translateFrame":[{"duration":0,"x":6.86,"y":-5.42}],"rotateFrame":[{"duration":0,"rotate":4.92}],"scaleFrame":[{"duration":0,"x":1.04,"y":0.97}]},{"name":"zhu_dj_bizi","rotateFrame":[{"duration":0,"rotate":3.57}],"scaleFrame":[{"duration":0,"x":0.98,"y":1.02}]},{"name":"zhu_dj_erduo_b1","rotateFrame":[{"duration":0,"rotate":-13.67}]},{"name":"zhu_dj_erduo_a1","rotateFrame":[{"duration":0,"rotate":-18.03}]},{"name":"zhu_dj_weiba","rotateFrame":[{"duration":0,"rotate":27.42}]},{"name":"zhu_dj_houtui_a1","rotateFrame":[{"duration":0,"rotate":16.11}]},{"name":"zhu_dj_qiantui_b1","rotateFrame":[{"duration":0,"rotate":-74.9}]},{"name":"zhu_dj_qiantui_b2","rotateFrame":[{"duration":0,"rotate":45.2}]},{"name":"zhu_dj_qiantui_a1","rotateFrame":[{"duration":0,"rotate":-52.8}]},{"name":"zhu_dj_qiantui_a2","rotateFrame":[{"duration":0,"rotate":14.89}]},{"name":"zhu_dj_zui","rotateFrame":[{"duration":0,"rotate":11.78}]},{"name":"zhu_houtui1","translateFrame":[{"duration":0,"x":2.39,"y":-1.79}]},{"name":"zhu_dj_houtui_b2","rotateFrame":[{"duration":0,"rotate":8.82}]},{"name":"zhu_houtui2","translateFrame":[{"duration":0,"x":-2.99,"y":-6.59}]},{"name":"zhu_qiantui1","translateFrame":[{"duration":0,"x":9.27,"y":-6.62}]},{"name":"zhu_qiantui2","translateFrame":[{"duration":0,"x":16.18,"y":-5.99}]}],"slot":[{"name":"zhu_dj_jianjing","displayFrame":[{"duration":0}]}]},{"duration":10,"name":"0013_daodi","bone":[{"name":"zhu_dj_shenti","translateFrame":[{"duration":3,"tweenEasing":0,"x":10.46,"y":17.35},{"duration":4,"tweenEasing":0,"x":10.46,"y":17.35},{"duration":3,"tweenEasing":0,"x":10.76,"y":13.93},{"duration":0,"x":10.46,"y":17.35}],"rotateFrame":[{"duration":3,"tweenEasing":0,"rotate":4.92},{"duration":4,"tweenEasing":0,"rotate":4.92},{"duration":3,"tweenEasing":0,"rotate":4.62},{"duration":0,"rotate":4.92}],"scaleFrame":[{"duration":3,"tweenEasing":0,"x":1.04,"y":0.97},{"duration":4,"tweenEasing":0,"x":0.96,"y":1.04},{"duration":3,"tweenEasing":0,"x":1.02,"y":0.98},{"duration":0}]},{"name":"zhu_dj_bizi","rotateFrame":[{"duration":3,"tweenEasing":0,"rotate":3.57},{"duration":7,"tweenEasing":0,"rotate":-0.27},{"duration":0,"rotate":3.57}],"scaleFrame":[{"duration":10,"x":0.98,"y":1.02}]},{"name":"zhu_dj_erduo_b1","rotateFrame":[{"duration":3,"tweenEasing":0,"rotate":-13.67},{"duration":7,"tweenEasing":0,"rotate":-56.31},{"duration":0,"rotate":-13.67}]},{"name":"zhu_dj_erduo_a1","rotateFrame":[{"duration":3,"tweenEasing":0,"rotate":-18.03},{"duration":7,"tweenEasing":0,"rotate":-55.96},{"duration":0,"rotate":-18.03}]},{"name":"zhu_dj_weiba","rotateFrame":[{"duration":3,"tweenEasing":0,"rotate":27.42},{"duration":7,"tweenEasing":0,"rotate":50.86},{"duration":0,"rotate":27.42}]},{"name":"zhu_dj_houtui_a1","rotateFrame":[{"duration":10,"rotate":16.1}]},{"name":"zhu_dj_qiantui_b1","rotateFrame":[{"duration":10,"rotate":-51.17}]},{"name":"zhu_dj_qiantui_b2","rotateFrame":[{"duration":10,"rotate":53.46}]},{"name":"zhu_dj_qiantui_a1","rotateFrame":[{"duration":10,"rotate":-29.67}]},{"name":"zhu_dj_zui","rotateFrame":[{"duration":10,"rotate":11.78}]},{"name":"zhu_houtui1","translateFrame":[{"duration":3,"tweenEasing":0,"x":-15.97,"y":-11.24},{"duration":4,"tweenEasing":0,"x":-32.7,"y":-17.26},{"duration":3,"tweenEasing":0,"x":-17.65,"y":-14.92},{"duration":0,"x":-12.9,"y":2.79}]},{"name":"zhu_dj_houtui_b2","rotateFrame":[{"duration":10,"rotate":8.82}]},{"name":"zhu_houtui2","translateFrame":[{"duration":3,"tweenEasing":0,"x":-20.84,"y":-7.11},{"duration":4,"tweenEasing":0,"x":-38.24,"y":-3.77},{"duration":3,"tweenEasing":0,"x":-17.5,"y":-5.44},{"duration":0,"x":-20.84,"y":0.78}]},{"name":"zhu_qiantui1","translateFrame":[{"duration":3,"tweenEasing":0,"x":29.91,"y":-5.19},{"duration":4,"tweenEasing":0,"x":42.34,"y":-1.37},{"duration":3,"tweenEasing":0,"x":35.62,"y":-5.71},{"duration":0,"x":42.34,"y":-1.37}]},{"name":"zhu_qiantui2","translateFrame":[{"duration":3,"tweenEasing":0,"x":25.85,"y":-6.37},{"duration":4,"tweenEasing":0,"x":33.5,"y":-4.94},{"duration":3,"tweenEasing":0,"x":24.9,"y":-6.37},{"duration":0,"x":33.5,"y":-4.94}]}],"slot":[{"name":"zhu_dj_jianjing","displayFrame":[{"duration":10}]}]},{"duration":0,"name":"0014_siwang","bone":[{"name":"zhu_dj_shenti","translateFrame":[{"duration":0,"x":10.46,"y":17.35}],"rotateFrame":[{"duration":0,"rotate":4.92}]},{"name":"zhu_dj_bizi","rotateFrame":[{"duration":0,"rotate":3.57}],"scaleFrame":[{"duration":0,"x":0.98,"y":1.02}]},{"name":"zhu_dj_erduo_b1","rotateFrame":[{"duration":0,"rotate":-13.67}]},{"name":"zhu_dj_erduo_a1","rotateFrame":[{"duration":0,"rotate":-18.03}]},{"name":"zhu_dj_weiba","rotateFrame":[{"duration":0,"rotate":27.42}]},{"name":"zhu_dj_houtui_a1","rotateFrame":[{"duration":0,"rotate":16.1}]},{"name":"zhu_dj_qiantui_b1","rotateFrame":[{"duration":0,"rotate":-51.17}]},{"name":"zhu_dj_qiantui_b2","rotateFrame":[{"duration":0,"rotate":53.46}]},{"name":"zhu_dj_qiantui_a1","rotateFrame":[{"duration":0,"rotate":-29.67}]},{"name":"zhu_dj_zui","rotateFrame":[{"duration":0,"rotate":11.78}]},{"name":"zhu_houtui1","translateFrame":[{"duration":0,"x":-12.9,"y":2.79}]},{"name":"zhu_dj_houtui_b2","rotateFrame":[{"duration":0,"rotate":8.82}]},{"name":"zhu_houtui2","translateFrame":[{"duration":0,"x":-20.84,"y":0.78}]},{"name":"zhu_qiantui1","translateFrame":[{"duration":0,"x":42.34,"y":-1.37}]},{"name":"zhu_qiantui2","translateFrame":[{"duration":0,"x":33.5,"y":-4.94}]}],"slot":[{"name":"zhu_dj_jianjing","displayFrame":[{"duration":0}]}]},{"duration":5,"name":"0015_daodiqishen","bone":[{"name":"zhu_dj_shenti","translateFrame":[{"duration":2,"x":10.46,"y":17.35},{"duration":3,"tweenEasing":0,"x":10.46,"y":17.35},{"duration":0,"x":2.46,"y":5.1}],"rotateFrame":[{"duration":5,"rotate":4.92}]},{"name":"zhu_dj_bizi","rotateFrame":[{"duration":5,"rotate":3.57}],"scaleFrame":[{"duration":5,"x":0.98,"y":1.02}]},{"name":"zhu_dj_erduo_b1","rotateFrame":[{"duration":5,"rotate":-13.67}]},{"name":"zhu_dj_erduo_a1","rotateFrame":[{"duration":5,"rotate":-18.03}]},{"name":"zhu_dj_weiba","rotateFrame":[{"duration":5,"rotate":27.42}]},{"name":"zhu_dj_houtui_a1","rotateFrame":[{"duration":5,"rotate":16.1}]},{"name":"zhu_dj_qiantui_b1","rotateFrame":[{"duration":5,"rotate":-51.17}]},{"name":"zhu_dj_qiantui_b2","rotateFrame":[{"duration":5,"rotate":53.46}]},{"name":"zhu_dj_qiantui_a1","rotateFrame":[{"duration":5,"rotate":-29.67}]},{"name":"zhu_dj_zui","rotateFrame":[{"duration":5,"rotate":11.78}]},{"name":"zhu_houtui1","translateFrame":[{"duration":2,"tweenEasing":0,"x":-12.9,"y":2.79},{"duration":3,"tweenEasing":0,"x":-4.82,"y":-0.97},{"duration":0,"x":-1.5,"y":-1.44}]},{"name":"zhu_dj_houtui_b2","rotateFrame":[{"duration":5,"rotate":8.82}]},{"name":"zhu_houtui2","translateFrame":[{"duration":2,"tweenEasing":0,"x":-20.84,"y":0.78},{"duration":3,"tweenEasing":0,"x":-13.3,"y":-2.44},{"duration":0,"x":-10.46,"y":-0.55}]},{"name":"zhu_qiantui1","translateFrame":[{"duration":2,"tweenEasing":0,"x":42.34,"y":-1.37},{"duration":3,"tweenEasing":0,"x":27.25,"y":-2.99},{"duration":0,"x":14.01,"y":-2.04}]},{"name":"zhu_qiantui2","translateFrame":[{"duration":2,"tweenEasing":0,"x":33.5,"y":-4.94},{"duration":3,"tweenEasing":0,"x":24.88,"y":-4.94},{"duration":0,"x":14.47,"y":-0.68}]}],"slot":[{"name":"zhu_dj_jianjing","displayFrame":[{"duration":5}]}]},{"duration":60,"name":"0016_xuruo","bone":[{"name":"zhu_dj_shenti","translateFrame":[{"duration":30,"curve":[0.25,0,0.75,1]},{"duration":30,"curve":[0.25,0,0.75,1],"x":0.45},{"duration":0}],"scaleFrame":[{"duration":30,"curve":[0.25,0,0.75,1]},{"duration":30,"curve":[0.25,0,0.75,1],"x":1.03,"y":0.97},{"duration":0}]},{"name":"zhu_dj_bizi","rotateFrame":[{"duration":60,"rotate":3.13}]},{"name":"zhu_dj_jianjing","rotateFrame":[{"duration":60,"rotate":-40.77}]},{"name":"zhu_dj_erduo_b1","rotateFrame":[{"duration":30,"curve":[0.25,0,0.75,1],"rotate":28.98},{"duration":30,"curve":[0.25,0,0.75,1],"rotate":33.01},{"duration":0,"rotate":28.98}]},{"name":"zhu_dj_erduo_a1","rotateFrame":[{"duration":30,"curve":[0.25,0,0.75,1],"rotate":26.26},{"duration":30,"curve":[0.25,0,0.75,1],"rotate":29.65},{"duration":0,"rotate":26.26}]},{"name":"zhu_dj_weiba","rotateFrame":[{"duration":30,"curve":[0.25,0,0.75,1]},{"duration":30,"curve":[0.25,0,0.75,1],"rotate":5.66},{"duration":0}]},{"name":"zhu_dj_zui","rotateFrame":[{"duration":30,"curve":[0.25,0,0.75,1],"rotate":-9.89},{"duration":30,"curve":[0.25,0,0.75,1],"rotate":-6.61},{"duration":0,"rotate":-9.89}]}]},{"duration":30,"name":"0017_shengli","bone":[{"name":"zhu_dj_shenti","translateFrame":[{"duration":5,"curve":[0.25,0,0.75,1],"x":-0.01,"y":5.33},{"duration":8,"curve":[0.2535,0,0.71675,0.855],"x":0.09,"y":-28.02},{"duration":6,"curve":[0.08125,0.075,0.9185,0.9225],"x":0.11,"y":-36.27},{"duration":4,"curve":[0.0955,0.1425,0.93375,1],"x":0.09,"y":-29},{"duration":7,"tweenEasing":0,"y":-0.19},{"duration":0,"x":-0.01,"y":5.33}],"rotateFrame":[{"duration":5,"curve":[0.25,0,0.75,1],"rotate":-4.99},{"duration":8,"curve":[0.2535,0,0.71675,0.855],"rotate":-5.85},{"duration":6,"curve":[0.08125,0.075,0.9185,0.9225],"rotate":1.77},{"duration":4,"curve":[0.0955,0.1425,0.93375,1],"rotate":3.7},{"duration":7,"tweenEasing":0,"rotate":3.36},{"duration":0,"rotate":-4.99}],"scaleFrame":[{"duration":5,"curve":[0.25,0,0.75,1],"x":0.97,"y":1.03},{"duration":8,"curve":[0.2535,0,0.71675,0.855],"x":1.05,"y":0.94},{"duration":6,"curve":[0.08125,0.075,0.9185,0.9225],"x":1.03,"y":0.97},{"duration":4,"curve":[0.0955,0.1425,0.93375,1],"x":1.02,"y":0.97},{"duration":7,"tweenEasing":0,"x":1.05,"y":0.97},{"duration":0,"x":0.97,"y":1.03}]},{"name":"zhu_dj_bizi","rotateFrame":[{"duration":5,"curve":[0.25,0,0.75,1]},{"duration":8,"curve":[0.264,0,0.617,0.42],"rotate":2.79},{"duration":6,"curve":[0.325,0.3,0.674,0.69]},{"duration":4,"curve":[0.382,0.57,0.735,1],"rotate":-4.82},{"duration":7,"tweenEasing":0,"rotate":-2.65},{"duration":0}]},{"name":"zhu_dj_erduo_b1","rotateFrame":[{"duration":5,"curve":[0.25,0,0.75,1]},{"duration":8,"curve":[0.264,0,0.617,0.42],"rotate":14.83},{"duration":6,"curve":[0.325,0.3,0.674,0.69]},{"duration":4,"curve":[0.382,0.57,0.735,1],"rotate":-28.7},{"duration":7,"tweenEasing":0,"rotate":-39.26},{"duration":0}]},{"name":"zhu_dj_erduo_a1","rotateFrame":[{"duration":5,"curve":[0.25,0,0.75,1]},{"duration":8,"curve":[0.264,0,0.617,0.42],"rotate":20.36},{"duration":6,"curve":[0.325,0.3,0.674,0.69]},{"duration":4,"curve":[0.382,0.57,0.735,1],"rotate":-35.53},{"duration":7,"tweenEasing":0,"rotate":-44.16},{"duration":0}]},{"name":"zhu_dj_weiba","rotateFrame":[{"duration":5},{"duration":8,"curve":[0.264,0,0.617,0.42]},{"duration":6,"curve":[0.325,0.3,0.674,0.69],"rotate":61.03},{"duration":4,"curve":[0.382,0.57,0.735,1],"rotate":62.5},{"duration":7,"tweenEasing":0,"rotate":25.64},{"duration":0}]},{"name":"zhu_dj_zui","rotateFrame":[{"duration":5,"rotate":-17.99},{"duration":8,"curve":[0.25,0,0.75,1],"rotate":-17.99},{"duration":10},{"duration":7,"tweenEasing":0},{"duration":0,"rotate":-17.99}]}],"slot":[{"name":"zhu_dj_jianjing","displayFrame":[{"duration":5},{"duration":18,"value":2},{"duration":7}]}]},{"duration":0,"name":"0018_dingshen","bone":[{"name":"zhu_dj_shenti","translateFrame":[{"duration":0,"x":-11.11,"y":6.56}],"rotateFrame":[{"duration":0,"rotate":8.81}],"scaleFrame":[{"duration":0,"x":1.04,"y":0.97}]},{"name":"zhu_dj_bizi","rotateFrame":[{"duration":0,"rotate":3.57}],"scaleFrame":[{"duration":0,"x":0.98,"y":1.02}]},{"name":"zhu_dj_erduo_b1","rotateFrame":[{"duration":0,"rotate":-13.67}]},{"name":"zhu_dj_erduo_a1","rotateFrame":[{"duration":0,"rotate":-18.03}]},{"name":"zhu_dj_weiba","rotateFrame":[{"duration":0,"rotate":27.42}]},{"name":"zhu_dj_zui","rotateFrame":[{"duration":0,"rotate":11.78}]},{"name":"zhu_qiantui1","translateFrame":[{"duration":0,"x":-1.51,"y":-3.02}]}],"slot":[{"name":"zhu_dj_jianjing","displayFrame":[{"duration":0}]}]},{"duration":0,"name":"0019_gedang","bone":[{"name":"zhu_dj_shenti","translateFrame":[{"duration":0,"x":4.87,"y":5.49}],"rotateFrame":[{"duration":0,"rotate":8.81}],"scaleFrame":[{"duration":0,"x":1.04,"y":0.97}]},{"name":"zhu_dj_bizi","rotateFrame":[{"duration":0,"rotate":1.85}],"scaleFrame":[{"duration":0,"x":0.99}]},{"name":"zhu_dj_erduo_b1","rotateFrame":[{"duration":0,"rotate":-39.34}]},{"name":"zhu_dj_erduo_a1","rotateFrame":[{"duration":0,"rotate":-42.53}]},{"name":"zhu_dj_weiba","rotateFrame":[{"duration":0,"rotate":101.81}]},{"name":"zhu_dj_zui","rotateFrame":[{"duration":0,"rotate":-23.92}]},{"name":"zhu_houtui2","translateFrame":[{"duration":0,"x":-11.54,"y":0.44}]},{"name":"zhu_qiantui1","translateFrame":[{"duration":0,"x":2.03,"y":-3.02}]},{"name":"zhu_qiantui2","translateFrame":[{"duration":0,"x":-0.88,"y":-0.44}]}]},{"duration":0,"name":"0020_wu","bone":[{"name":"zhu_dj_shenti","translateFrame":[{"duration":0,"x":4.87,"y":5.49}],"rotateFrame":[{"duration":0,"rotate":8.81}],"scaleFrame":[{"duration":0,"x":1.04,"y":0.97}]},{"name":"zhu_dj_bizi","rotateFrame":[{"duration":0,"rotate":1.85}],"scaleFrame":[{"duration":0,"x":0.99}]},{"name":"zhu_dj_erduo_b1","rotateFrame":[{"duration":0,"rotate":-39.34}]},{"name":"zhu_dj_erduo_a1","rotateFrame":[{"duration":0,"rotate":-42.53}]},{"name":"zhu_dj_weiba","rotateFrame":[{"duration":0,"rotate":101.81}]},{"name":"zhu_dj_zui","rotateFrame":[{"duration":0,"rotate":-23.92}]},{"name":"zhu_houtui2","translateFrame":[{"duration":0,"x":-11.54,"y":0.44}]},{"name":"zhu_qiantui1","translateFrame":[{"duration":0,"x":2.03,"y":-3.02}]},{"name":"zhu_qiantui2","translateFrame":[{"duration":0,"x":-0.88,"y":-0.44}]}]},{"duration":0,"name":"0021_wu","bone":[{"name":"zhu_dj_shenti","translateFrame":[{"duration":0,"x":4.87,"y":5.49}],"rotateFrame":[{"duration":0,"rotate":8.81}],"scaleFrame":[{"duration":0,"x":1.04,"y":0.97}]},{"name":"zhu_dj_bizi","rotateFrame":[{"duration":0,"rotate":1.85}],"scaleFrame":[{"duration":0,"x":0.99}]},{"name":"zhu_dj_erduo_b1","rotateFrame":[{"duration":0,"rotate":-39.34}]},{"name":"zhu_dj_erduo_a1","rotateFrame":[{"duration":0,"rotate":-42.53}]},{"name":"zhu_dj_weiba","rotateFrame":[{"duration":0,"rotate":101.81}]},{"name":"zhu_dj_zui","rotateFrame":[{"duration":0,"rotate":-23.92}]},{"name":"zhu_houtui2","translateFrame":[{"duration":0,"x":-11.54,"y":0.44}]},{"name":"zhu_qiantui1","translateFrame":[{"duration":0,"x":2.03,"y":-3.02}]},{"name":"zhu_qiantui2","translateFrame":[{"duration":0,"x":-0.88,"y":-0.44}]}]},{"duration":0,"name":"0022_wu","bone":[{"name":"zhu_dj_shenti","translateFrame":[{"duration":0,"x":4.87,"y":5.49}],"rotateFrame":[{"duration":0,"rotate":8.81}],"scaleFrame":[{"duration":0,"x":1.04,"y":0.97}]},{"name":"zhu_dj_bizi","rotateFrame":[{"duration":0,"rotate":1.85}],"scaleFrame":[{"duration":0,"x":0.99}]},{"name":"zhu_dj_erduo_b1","rotateFrame":[{"duration":0,"rotate":-39.34}]},{"name":"zhu_dj_erduo_a1","rotateFrame":[{"duration":0,"rotate":-42.53}]},{"name":"zhu_dj_weiba","rotateFrame":[{"duration":0,"rotate":101.81}]},{"name":"zhu_dj_zui","rotateFrame":[{"duration":0,"rotate":-23.92}]},{"name":"zhu_houtui2","translateFrame":[{"duration":0,"x":-11.54,"y":0.44}]},{"name":"zhu_qiantui1","translateFrame":[{"duration":0,"x":2.03,"y":-3.02}]},{"name":"zhu_qiantui2","translateFrame":[{"duration":0,"x":-0.88,"y":-0.44}]}]},{"duration":0,"name":"0023_wu","bone":[{"name":"zhu_dj_shenti","translateFrame":[{"duration":0,"x":4.87,"y":5.49}],"rotateFrame":[{"duration":0,"rotate":8.81}],"scaleFrame":[{"duration":0,"x":1.04,"y":0.97}]},{"name":"zhu_dj_bizi","rotateFrame":[{"duration":0,"rotate":1.85}],"scaleFrame":[{"duration":0,"x":0.99}]},{"name":"zhu_dj_erduo_b1","rotateFrame":[{"duration":0,"rotate":-39.34}]},{"name":"zhu_dj_erduo_a1","rotateFrame":[{"duration":0,"rotate":-42.53}]},{"name":"zhu_dj_weiba","rotateFrame":[{"duration":0,"rotate":101.81}]},{"name":"zhu_dj_zui","rotateFrame":[{"duration":0,"rotate":-23.92}]},{"name":"zhu_houtui2","translateFrame":[{"duration":0,"x":-11.54,"y":0.44}]},{"name":"zhu_qiantui1","translateFrame":[{"duration":0,"x":2.03,"y":-3.02}]},{"name":"zhu_qiantui2","translateFrame":[{"duration":0,"x":-0.88,"y":-0.44}]}]},{"duration":0,"name":"0024_wu","bone":[{"name":"zhu_dj_shenti","translateFrame":[{"duration":0,"x":4.87,"y":5.49}],"rotateFrame":[{"duration":0,"rotate":8.81}],"scaleFrame":[{"duration":0,"x":1.04,"y":0.97}]},{"name":"zhu_dj_bizi","rotateFrame":[{"duration":0,"rotate":1.85}],"scaleFrame":[{"duration":0,"x":0.99}]},{"name":"zhu_dj_erduo_b1","rotateFrame":[{"duration":0,"rotate":-39.34}]},{"name":"zhu_dj_erduo_a1","rotateFrame":[{"duration":0,"rotate":-42.53}]},{"name":"zhu_dj_weiba","rotateFrame":[{"duration":0,"rotate":101.81}]},{"name":"zhu_dj_zui","rotateFrame":[{"duration":0,"rotate":-23.92}]},{"name":"zhu_houtui2","translateFrame":[{"duration":0,"x":-11.54,"y":0.44}]},{"name":"zhu_qiantui1","translateFrame":[{"duration":0,"x":2.03,"y":-3.02}]},{"name":"zhu_qiantui2","translateFrame":[{"duration":0,"x":-0.88,"y":-0.44}]}]},{"duration":45,"name":"0025_gongji1","bone":[{"name":"root","translateFrame":[{"duration":15,"curve":[0.25,0,0.75,1]},{"duration":5,"curve":[0.25,0,0.75,1],"x":-5.02},{"duration":9,"x":8.22},{"duration":16,"curve":[0.277,0.11,0.753,1],"x":8.22},{"duration":0}],"rotateFrame":[{"duration":15,"curve":[0.25,0,0.75,1]},{"duration":5,"curve":[0.25,0,0.75,1],"rotate":0.03},{"duration":25}]},{"name":"zhu_dj_shenti","translateFrame":[{"duration":15,"curve":[0.25,0,0.75,1]},{"duration":5,"curve":[0.27349999999999997,0.0925,0.75175,1],"x":-14.27,"y":10.42},{"duration":9,"x":14.87,"y":5.21},{"duration":16,"curve":[0.25,0,0.75,1],"x":14.87,"y":5.21},{"duration":0}],"rotateFrame":[{"duration":15,"curve":[0.25,0,0.75,1]},{"duration":5,"curve":[0.27349999999999997,0.0925,0.75175,1],"rotate":8.18},{"duration":2,"rotate":-14.18},{"duration":7,"curve":[0.25,0,0.75,1],"rotate":-14.18},{"duration":16,"curve":[0.25,0,0.75,1],"rotate":-3.61},{"duration":0}],"scaleFrame":[{"duration":15,"curve":[0.25,0,0.75,1]},{"duration":5,"curve":[0.27349999999999997,0.0925,0.75175,1]},{"duration":9,"x":1.04,"y":0.97},{"duration":16,"curve":[0.25,0,0.75,1],"x":1.04,"y":0.97},{"duration":0}]},{"name":"zhu_dj_bizi","rotateFrame":[{"duration":15},{"duration":5,"curve":[0.25,0,0.75,1]},{"duration":9,"rotate":-3.57},{"duration":16,"curve":[0.25,0,0.75,1],"rotate":-3.57},{"duration":0}],"scaleFrame":[{"duration":15},{"duration":5,"curve":[0.25,0,0.75,1]},{"duration":9,"x":0.99},{"duration":16,"curve":[0.25,0,0.75,1],"x":0.99},{"duration":0}]},{"name":"zhu_dj_erduo_b1","rotateFrame":[{"duration":15,"curve":[0.25,0,0.75,1]},{"duration":5,"curve":[0.25,0,0.75,1],"rotate":7.49},{"duration":9,"rotate":-39.34},{"duration":16,"curve":[0.25,0,0.75,1],"rotate":-39.34},{"duration":0}]},{"name":"zhu_dj_erduo_a1","rotateFrame":[{"duration":15,"curve":[0.25,0,0.75,1]},{"duration":5,"curve":[0.25,0,0.75,1],"rotate":19.76},{"duration":9,"rotate":-42.53},{"duration":16,"curve":[0.25,0,0.75,1],"rotate":-42.53},{"duration":0}]},{"name":"zhu_dj_weiba","rotateFrame":[{"duration":15,"curve":[0.25,0,0.75,1]},{"duration":5,"curve":[0.25,0,0.75,1],"rotate":-8.75},{"duration":9,"rotate":-4.83},{"duration":16,"curve":[0.25,0,0.75,1],"rotate":-4.83},{"duration":0}]},{"name":"zhu_dj_zui","rotateFrame":[{"duration":15,"curve":[0.25,0,0.75,1]},{"duration":5,"curve":[0.25,0,0.75,1],"rotate":0.06},{"duration":9,"rotate":-27.57},{"duration":16,"curve":[0.25,0,0.75,1],"rotate":-27.57},{"duration":0}]},{"name":"zhu_houtui1","translateFrame":[{"duration":15,"curve":[0.25,0,0.75,1]},{"duration":5,"curve":[0.3365,0.345,0.734,0.905],"x":-11.11,"y":-0.88},{"duration":9,"x":-5.68,"y":-1.42},{"duration":16,"curve":[0.25,0,0.75,1],"x":-5.68,"y":-1.42},{"duration":0}],"scaleFrame":[{"duration":15,"curve":[0.25,0,0.75,1]},{"duration":5,"curve":[0.3365,0.345,0.734,0.905],"x":0.9,"y":0.9},{"duration":25}]},{"name":"zhu_houtui2","translateFrame":[{"duration":15,"curve":[0.25,0,0.75,1]},{"duration":5,"curve":[0.344,0.37,0.757,1],"x":-18.98,"y":0.74},{"duration":9,"x":-4.9,"y":0.44},{"duration":16,"curve":[0.25,0,0.75,1],"x":-4.9,"y":0.44},{"duration":0}]},{"name":"zhu_qiantui1","translateFrame":[{"duration":15},{"duration":5,"curve":[0.277,0,0.621,0.39]},{"duration":9,"x":10.43,"y":-0.59},{"duration":16,"curve":[0.33,0.32,0.663,0.65],"x":10.43,"y":-0.59},{"duration":0}]},{"name":"zhu_qiantui2","translateFrame":[{"duration":15,"curve":[0.25,0,0.75,1]},{"duration":5,"curve":[0.25,0,0.75,1],"x":1.9},{"duration":9,"x":-10.01,"y":-9},{"duration":6,"x":-10.01,"y":-9},{"duration":10,"curve":[0.25,0,0.75,1],"x":15.03,"y":2.97},{"duration":0}]}]},{"duration":45,"name":"0026_gongji2","bone":[{"name":"root","translateFrame":[{"duration":15,"curve":[0.25,0,0.75,1]},{"duration":4,"x":-24.08},{"curve":[0.313,0,0.647,0.34],"x":-24.08},{"duration":9,"x":-22.89},{"duration":8,"x":-22.89},{"duration":3,"curve":[0.25,0,0.75,1],"x":28.09},{"duration":5,"curve":[0.25,0,0.75,1],"x":35.91},{"duration":0,"x":60.18}]},{"name":"zhu_dj_shenti","translateFrame":[{"duration":15,"curve":[0.25,0,0.75,1]},{"duration":5,"curve":[0.27349999999999997,0.0925,0.75175,1],"x":-14.27,"y":10.42},{"duration":9,"x":17.8,"y":-4.55},{"duration":8,"curve":[0.25,0,0.75,1],"x":17.8,"y":-4.55},{"duration":3,"curve":[0.25,0,0.75,1],"x":3.16,"y":-4.01},{"duration":5,"curve":[0.25,0,0.75,1],"x":20.99,"y":3.57},{"duration":0}],"rotateFrame":[{"duration":15,"curve":[0.25,0,0.75,1]},{"duration":5,"curve":[0.27349999999999997,0.0925,0.75175,1],"rotate":7.02},{"duration":2,"rotate":-7.05},{"duration":7,"curve":[0.25,0,0.75,1],"rotate":-7.05},{"duration":8,"curve":[0.25,0,0.75,1],"rotate":-2.87},{"duration":3,"curve":[0.25,0,0.75,1],"rotate":10.84},{"duration":5,"curve":[0.25,0,0.75,1],"rotate":8.93},{"duration":0}],"scaleFrame":[{"duration":15,"curve":[0.25,0,0.75,1]},{"duration":5,"curve":[0.27349999999999997,0.0925,0.75175,1]},{"duration":20,"x":1.04,"y":0.97},{"duration":5,"curve":[0.25,0,0.75,1],"x":1.04,"y":0.97},{"duration":0}]},{"name":"zhu_dj_bizi","rotateFrame":[{"duration":15},{"duration":5,"curve":[0.25,0,0.75,1]},{"duration":2,"rotate":-1.14},{"duration":7,"curve":[0.25,0,0.75,1],"rotate":-1.14},{"duration":11,"rotate":1.85},{"duration":5,"curve":[0.25,0,0.75,1],"rotate":1.85},{"duration":0}],"scaleFrame":[{"duration":15},{"duration":5,"curve":[0.25,0,0.75,1]},{"duration":20,"x":0.99},{"duration":5,"curve":[0.25,0,0.75,1],"x":0.99},{"duration":0}]},{"name":"zhu_dj_erduo_b1","rotateFrame":[{"duration":15,"curve":[0.25,0,0.75,1]},{"duration":5,"curve":[0.25,0,0.75,1],"rotate":7.49},{"duration":20,"rotate":-39.34},{"duration":5,"curve":[0.25,0,0.75,1],"rotate":-39.34},{"duration":0}]},{"name":"zhu_dj_erduo_a1","rotateFrame":[{"duration":15,"curve":[0.25,0,0.75,1]},{"duration":5,"curve":[0.25,0,0.75,1],"rotate":19.76},{"duration":20,"rotate":-42.53},{"duration":5,"curve":[0.25,0,0.75,1],"rotate":-42.53},{"duration":0}]},{"name":"zhu_dj_weiba","rotateFrame":[{"duration":15,"curve":[0.25,0,0.75,1]},{"duration":5,"curve":[0.25,0,0.75,1],"rotate":-8.75},{"duration":20,"rotate":-4.83},{"duration":5,"curve":[0.25,0,0.75,1],"rotate":-4.83},{"duration":0}]},{"name":"zhu_dj_zui","rotateFrame":[{"duration":15},{"duration":5,"curve":[0.25,0,0.75,1]},{"duration":20,"rotate":-23.92},{"duration":5,"curve":[0.25,0,0.75,1],"rotate":-23.92},{"duration":0}]},{"name":"zhu_houtui1","translateFrame":[{"duration":15,"curve":[0.25,0,0.75,1]},{"duration":4,"curve":[0.344,0.37,0.757,1],"x":-25.08,"y":-0.88},{"curve":[0.367,0.63,0.704,1],"x":-25.08,"y":-0.88},{"duration":2},{"duration":7,"curve":[0.25,0,0.75,1]},{"duration":8,"curve":[0.25,0,0.75,1],"x":-18.2,"y":-31.08},{"duration":3,"curve":[0.25,0,0.75,1],"x":-3.02,"y":-23.49},{"duration":5,"curve":[0.25,0,0.75,1],"x":16.35,"y":-23.98},{"duration":0}],"scaleFrame":[{"duration":15,"curve":[0.25,0,0.75,1]},{"duration":4,"curve":[0.344,0.37,0.757,1],"x":0.9,"y":0.9},{"curve":[0.367,0.63,0.704,1],"x":0.9,"y":0.9},{"duration":25}]},{"name":"zhu_houtui2","translateFrame":[{"duration":15,"curve":[0.25,0,0.75,1]},{"duration":5,"curve":[0.344,0.37,0.757,1],"x":-22.15,"y":0.1},{"duration":2,"x":-11.54,"y":0.44},{"duration":7,"curve":[0.25,0,0.75,1],"x":-11.54,"y":0.44},{"duration":8,"curve":[0.25,0,0.75,1],"x":-16.98,"y":-26.59},{"duration":3,"curve":[0.25,0,0.75,1],"x":-11.92,"y":-20.52},{"duration":5,"curve":[0.25,0,0.75,1],"x":-3.97,"y":-20.02},{"duration":0}]},{"name":"zhu_qiantui1","translateFrame":[{"duration":15},{"duration":5,"curve":[0.277,0,0.621,0.39]},{"duration":2,"x":5.87,"y":-14.12},{"duration":7,"curve":[0.33,0.32,0.663,0.65],"x":5.87,"y":-14.12},{"duration":8,"curve":[0.33,0.32,0.663,0.65],"x":17.52,"y":-21.15},{"duration":3,"curve":[0.331,0.32,0.664,0.65],"x":23.33,"y":6.16},{"duration":5,"curve":[0.331,0.32,0.664,0.65],"x":29.19,"y":-1.74},{"duration":0}]},{"name":"zhu_qiantui2","translateFrame":[{"duration":15},{"duration":5,"curve":[0.25,0,0.75,1]},{"duration":2,"x":-3.04,"y":-14.08},{"duration":7,"curve":[0.25,0,0.75,1],"x":-3.04,"y":-14.08},{"duration":8,"curve":[0.25,0,0.75,1],"x":5.51,"y":-15.88},{"duration":3,"curve":[0.243,0,0.644,0.58],"x":26.1,"y":5.03},{"duration":5,"curve":[0.243,0,0.644,0.58],"x":28.37,"y":-1.4},{"duration":0}]}]},{"duration":45,"name":"0027_shifa1","bone":[{"name":"root","translateFrame":[{"duration":15,"curve":[0.25,0,0.75,1]},{"duration":5,"curve":[0.25,0,0.75,1],"x":-5.02},{"duration":9,"x":8.22},{"duration":16,"curve":[0.277,0.11,0.753,1],"x":8.22},{"duration":0}],"rotateFrame":[{"duration":15,"curve":[0.25,0,0.75,1]},{"duration":5,"curve":[0.25,0,0.75,1],"rotate":0.03},{"duration":25}]},{"name":"zhu_dj_shenti","translateFrame":[{"duration":15,"curve":[0.25,0,0.75,1]},{"duration":5,"curve":[0.27349999999999997,0.0925,0.75175,1],"x":-14.27,"y":10.42},{"duration":9,"x":14.87,"y":5.21},{"duration":16,"curve":[0.25,0,0.75,1],"x":14.87,"y":5.21},{"duration":0}],"rotateFrame":[{"duration":15,"curve":[0.25,0,0.75,1]},{"duration":5,"curve":[0.27349999999999997,0.0925,0.75175,1],"rotate":8.18},{"duration":2,"rotate":-14.18},{"duration":7,"curve":[0.25,0,0.75,1],"rotate":-14.18},{"duration":16,"curve":[0.25,0,0.75,1],"rotate":-3.61},{"duration":0}],"scaleFrame":[{"duration":15,"curve":[0.25,0,0.75,1]},{"duration":5,"curve":[0.27349999999999997,0.0925,0.75175,1]},{"duration":9,"x":1.04,"y":0.97},{"duration":16,"curve":[0.25,0,0.75,1],"x":1.04,"y":0.97},{"duration":0}]},{"name":"zhu_dj_bizi","rotateFrame":[{"duration":15},{"duration":5,"curve":[0.25,0,0.75,1]},{"curve":[0.25,0,0.625,0.5],"rotate":-3.57},{"curve":[0.375,0.5,0.75,1],"rotate":-2.03},{"curve":[0.25,0,0.625,0.5],"rotate":-3.57},{"curve":[0.375,0.5,0.75,1],"rotate":-2.03},{"curve":[0.25,0,0.625,0.5],"rotate":-3.57},{"curve":[0.375,0.5,0.75,1],"rotate":-2.03},{"curve":[0.25,0,0.625,0.5],"rotate":-3.57},{"curve":[0.375,0.5,0.75,1],"rotate":-2.03},{"curve":[0.25,0,0.625,0.5],"rotate":-3.57},{"duration":16,"curve":[0.3125,0.25,0.75,1],"rotate":-2.03},{"duration":0}],"scaleFrame":[{"duration":15},{"duration":5,"curve":[0.25,0,0.75,1]},{"duration":9,"curve":[0.25,0,0.625,0.5],"x":0.99},{"duration":16,"curve":[0.3125,0.25,0.75,1],"x":0.99},{"duration":0}]},{"name":"zhu_dj_erduo_b1","rotateFrame":[{"duration":15,"curve":[0.25,0,0.75,1]},{"duration":5,"curve":[0.25,0,0.75,1],"rotate":7.49},{"duration":9,"rotate":-39.34},{"duration":16,"curve":[0.25,0,0.75,1],"rotate":-39.34},{"duration":0}]},{"name":"zhu_dj_erduo_a1","rotateFrame":[{"duration":15,"curve":[0.25,0,0.75,1]},{"duration":5,"curve":[0.25,0,0.75,1],"rotate":19.76},{"duration":9,"rotate":-42.53},{"duration":16,"curve":[0.25,0,0.75,1],"rotate":-42.53},{"duration":0}]},{"name":"zhu_dj_weiba","rotateFrame":[{"duration":15,"curve":[0.25,0,0.75,1]},{"duration":5,"curve":[0.25,0,0.75,1],"rotate":-8.75},{"duration":9,"rotate":-4.83},{"duration":16,"curve":[0.25,0,0.75,1],"rotate":-4.83},{"duration":0}]},{"name":"zhu_dj_zui","rotateFrame":[{"duration":15,"curve":[0.25,0,0.75,1]},{"duration":5,"curve":[0.25,0,0.75,1],"rotate":-24.36},{"curve":[0.25,0,0.75,1],"rotate":9.46},{"curve":[0.25,0,0.75,1],"rotate":13.67},{"curve":[0.25,0,0.75,1],"rotate":9.46},{"curve":[0.25,0,0.75,1],"rotate":13.67},{"curve":[0.25,0,0.75,1],"rotate":9.46},{"curve":[0.25,0,0.75,1],"rotate":13.67},{"curve":[0.25,0,0.75,1],"rotate":9.46},{"curve":[0.25,0,0.75,1],"rotate":13.67},{"curve":[0.25,0,0.75,1],"rotate":9.46},{"duration":16,"curve":[0.25,0,0.75,1],"rotate":13.67},{"duration":0}]},{"name":"zhu_houtui1","translateFrame":[{"duration":15,"curve":[0.25,0,0.75,1]},{"duration":5,"curve":[0.3365,0.345,0.734,0.905],"x":-11.11,"y":-0.88},{"duration":9,"x":-5.68,"y":-1.42},{"duration":16,"curve":[0.25,0,0.75,1],"x":-5.68,"y":-1.42},{"duration":0}],"scaleFrame":[{"duration":15,"curve":[0.25,0,0.75,1]},{"duration":5,"curve":[0.3365,0.345,0.734,0.905],"x":0.9,"y":0.9},{"duration":25}]},{"name":"zhu_houtui2","translateFrame":[{"duration":15,"curve":[0.25,0,0.75,1]},{"duration":5,"curve":[0.344,0.37,0.757,1],"x":-18.98,"y":0.74},{"duration":9,"x":-4.9,"y":0.44},{"duration":16,"curve":[0.25,0,0.75,1],"x":-4.9,"y":0.44},{"duration":0}]},{"name":"zhu_qiantui1","translateFrame":[{"duration":15},{"duration":5,"curve":[0.277,0,0.621,0.39]},{"duration":9,"x":10.43,"y":-0.59},{"duration":16,"curve":[0.33,0.32,0.663,0.65],"x":10.43,"y":-0.59},{"duration":0}]},{"name":"zhu_qiantui2","translateFrame":[{"duration":15,"curve":[0.25,0,0.75,1]},{"duration":5,"curve":[0.25,0,0.75,1],"x":1.9},{"duration":9,"x":-10.01,"y":-9},{"duration":6,"x":-10.01,"y":-9},{"duration":10,"curve":[0.25,0,0.75,1],"x":15.03,"y":2.97},{"duration":0}]}]},{"duration":60,"name":"0028_shifa2","bone":[{"name":"root","translateFrame":[{"duration":15,"curve":[0.25,0,0.75,1]},{"duration":5,"curve":[0.25,0,0.75,1],"x":-5.02},{"duration":25,"x":8.22},{"duration":15,"curve":[0.277,0.11,0.753,1],"x":8.22},{"duration":0}],"rotateFrame":[{"duration":15,"curve":[0.25,0,0.75,1]},{"duration":5,"curve":[0.25,0,0.75,1],"rotate":0.03},{"duration":40}]},{"name":"zhu_dj_shenti","translateFrame":[{"duration":15,"curve":[0.25,0,0.75,1]},{"duration":5,"curve":[0.27349999999999997,0.0925,0.75175,1],"x":-14.27,"y":10.42},{"duration":25,"curve":[0.317,0,0.651,0.34],"x":14.87,"y":5.21},{"duration":15,"curve":[0.25,0,0.75,1],"x":14.87,"y":5.21},{"duration":0}],"rotateFrame":[{"duration":15,"curve":[0.25,0,0.75,1]},{"duration":5,"curve":[0.27349999999999997,0.0925,0.75175,1],"rotate":8.18},{"duration":20,"curve":[0.317,0,0.651,0.34],"rotate":-14.18},{"duration":5,"curve":[0.25,0,0.75,1],"rotate":-14.18},{"duration":15,"curve":[0.25,0,0.75,1],"rotate":-3.61},{"duration":0}],"scaleFrame":[{"duration":15,"curve":[0.25,0,0.75,1]},{"duration":5,"curve":[0.27349999999999997,0.0925,0.75175,1]},{"duration":20,"curve":[0.317,0,0.651,0.34],"x":1.06,"y":0.99},{"duration":5,"curve":[0.25,0,0.75,1],"x":1.08,"y":1.01},{"duration":15,"curve":[0.25,0,0.75,1],"x":1.04,"y":0.97},{"duration":0}]},{"name":"zhu_dj_bizi","rotateFrame":[{"duration":15},{"duration":5,"curve":[0.25,0,0.75,1]},{"curve":[0.25,0,0.625,0.5],"rotate":-3.57},{"curve":[0.375,0.5,0.75,1],"rotate":-2.03},{"curve":[0.25,0,0.625,0.5],"rotate":-3.57},{"curve":[0.375,0.5,0.75,1],"rotate":-2.03},{"curve":[0.25,0,0.625,0.5],"rotate":-3.57},{"curve":[0.375,0.5,0.75,1],"rotate":-2.03},{"curve":[0.25,0,0.625,0.5],"rotate":-3.57},{"curve":[0.375,0.5,0.75,1],"rotate":-2.03},{"curve":[0.25,0,0.625,0.5],"rotate":-3.57},{"curve":[0.375,0.5,0.75,1],"rotate":-2.03},{"curve":[0.25,0,0.625,0.5],"rotate":-3.57},{"curve":[0.375,0.5,0.75,1],"rotate":-2.03},{"curve":[0.25,0,0.625,0.5],"rotate":-3.57},{"curve":[0.375,0.5,0.75,1],"rotate":-2.03},{"curve":[0.25,0,0.625,0.5],"rotate":-3.57},{"curve":[0.375,0.5,0.75,1],"rotate":-2.03},{"curve":[0.25,0,0.625,0.5],"rotate":-3.57},{"curve":[0.375,0.5,0.75,1],"rotate":-2.03},{"curve":[0.25,0,0.625,0.5],"rotate":-3.57},{"curve":[0.375,0.5,0.75,1],"rotate":-2.03},{"duration":5,"curve":[0.25,0,0.625,0.5],"rotate":-3.57},{"duration":15,"curve":[0.3125,0.25,0.75,1],"rotate":-2.03},{"duration":0}],"scaleFrame":[{"duration":15},{"duration":5,"curve":[0.25,0,0.75,1]},{"duration":25,"curve":[0.25,0,0.625,0.5],"x":0.99},{"duration":15,"curve":[0.3125,0.25,0.75,1],"x":0.99},{"duration":0}]},{"name":"zhu_dj_erduo_b1","rotateFrame":[{"duration":15,"curve":[0.25,0,0.75,1]},{"duration":5,"curve":[0.25,0,0.75,1],"rotate":7.49},{"duration":25,"curve":[0.304,0,0.64,0.35],"rotate":-39.34},{"duration":15,"curve":[0.25,0,0.75,1],"rotate":-39.34},{"duration":0}],"scaleFrame":[{"duration":20,"curve":[0.25,0,0.75,1]},{"duration":15,"curve":[0.304,0,0.64,0.35]},{"duration":5,"curve":[0.289,0.16,0.754,1],"x":1.11,"y":1.11},{"duration":20}]},{"name":"zhu_dj_erduo_a1","rotateFrame":[{"duration":15,"curve":[0.25,0,0.75,1]},{"duration":5,"curve":[0.25,0,0.75,1],"rotate":19.76},{"duration":25,"curve":[0.304,0,0.64,0.35],"rotate":-42.53},{"duration":15,"curve":[0.25,0,0.75,1],"rotate":-42.53},{"duration":0}],"scaleFrame":[{"duration":20,"curve":[0.25,0,0.75,1]},{"duration":15,"curve":[0.304,0,0.64,0.35]},{"duration":5,"curve":[0.289,0.16,0.754,1],"x":1.1,"y":1.1},{"duration":20}]},{"name":"zhu_dj_weiba","rotateFrame":[{"duration":15,"curve":[0.25,0,0.75,1]},{"duration":5,"curve":[0.25,0,0.75,1],"rotate":-8.75},{"duration":25,"rotate":-4.83},{"duration":15,"curve":[0.25,0,0.75,1],"rotate":-4.83},{"duration":0}]},{"name":"zhu_dj_zui","rotateFrame":[{"duration":15,"curve":[0.25,0,0.75,1]},{"duration":5,"curve":[0.25,0,0.75,1],"rotate":-24.36},{"curve":[0.25,0,0.75,1],"rotate":9.46},{"curve":[0.25,0,0.75,1],"rotate":13.67},{"curve":[0.25,0,0.75,1],"rotate":9.46},{"curve":[0.25,0,0.75,1],"rotate":13.67},{"curve":[0.25,0,0.75,1],"rotate":9.46},{"curve":[0.25,0,0.75,1],"rotate":13.67},{"curve":[0.25,0,0.75,1],"rotate":9.46},{"curve":[0.25,0,0.75,1],"rotate":13.67},{"curve":[0.25,0,0.75,1],"rotate":9.46},{"curve":[0.25,0,0.75,1],"rotate":13.67},{"curve":[0.25,0,0.75,1],"rotate":9.46},{"curve":[0.25,0,0.75,1],"rotate":13.67},{"curve":[0.25,0,0.75,1],"rotate":9.46},{"curve":[0.25,0,0.75,1],"rotate":13.67},{"curve":[0.25,0,0.75,1],"rotate":9.46},{"curve":[0.25,0,0.75,1],"rotate":13.67},{"curve":[0.25,0,0.75,1],"rotate":9.46},{"curve":[0.25,0,0.75,1],"rotate":13.67},{"curve":[0.25,0,0.75,1],"rotate":9.46},{"curve":[0.25,0,0.75,1],"rotate":13.67},{"duration":5,"curve":[0.25,0,0.75,1],"rotate":9.46},{"duration":15,"curve":[0.25,0,0.75,1],"rotate":13.67},{"duration":0}]},{"name":"zhu_houtui1","translateFrame":[{"duration":15,"curve":[0.25,0,0.75,1]},{"duration":5,"curve":[0.3365,0.345,0.734,0.905],"x":-11.11,"y":-0.88},{"duration":25,"x":-5.68,"y":-1.42},{"duration":15,"curve":[0.25,0,0.75,1],"x":-5.68,"y":-1.42},{"duration":0}],"scaleFrame":[{"duration":15,"curve":[0.25,0,0.75,1]},{"duration":5,"curve":[0.3365,0.345,0.734,0.905],"x":0.9,"y":0.9},{"duration":40}]},{"name":"zhu_dj_houtui_b2","translateFrame":[{"duration":15},{"duration":5,"curve":[0.25,0,0.75,1]},{"duration":20,"x":11.55,"y":-11.56},{"duration":5,"curve":[0.25,0,0.75,1],"x":11.55,"y":-11.56},{"duration":15}]},{"name":"zhu_houtui2","translateFrame":[{"duration":15,"curve":[0.25,0,0.75,1]},{"duration":5,"curve":[0.344,0.37,0.757,1],"x":-18.98,"y":0.74},{"duration":25,"x":-4.9,"y":0.44},{"duration":15,"curve":[0.25,0,0.75,1],"x":-4.9,"y":0.44},{"duration":0}]},{"name":"zhu_qiantui1","translateFrame":[{"duration":15},{"duration":5,"curve":[0.277,0,0.621,0.39]},{"duration":25,"x":10.43,"y":-0.59},{"duration":15,"curve":[0.33,0.32,0.663,0.65],"x":10.43,"y":-0.59},{"duration":0}]},{"name":"zhu_qiantui2","translateFrame":[{"duration":5,"curve":[0.264,0,0.617,0.42]},{"duration":5,"curve":[0.351,0.4,0.756,1],"x":-25.58,"y":-0.56},{"duration":5,"curve":[0.264,0,0.617,0.42]},{"duration":5,"curve":[0.25,0,0.75,1],"x":1.9},{"duration":25,"x":-10.01,"y":-9},{"duration":5,"x":-10.01,"y":-9},{"duration":10,"curve":[0.25,0,0.75,1],"x":15.03,"y":2.97},{"duration":0}]}]}],"defaultActions":[{"gotoAndPlay":"0000_chuchang"}]}]}