{"frameRate":30,"isGlobal":0,"armature":[{"bone":[{"name":"root","transform":{}},{"length":61,"transform":{"y":139.34,"skX":-90,"skY":-90,"x":238.78},"parent":"root","name":"chongji_eff/dusty02"},{"length":61,"transform":{"y":139.34,"skX":-90,"skY":-90,"x":345.67},"parent":"root","name":"chongji_eff/dusty2"},{"length":61,"transform":{"y":139.34,"skX":-90,"skY":-90,"x":445.36},"parent":"root","name":"chongji_eff/dusty3"},{"length":61,"transform":{"y":139.34,"skX":-90,"skY":-90,"x":541.44},"parent":"root","name":"chongji_eff/dusty4"},{"length":61,"transform":{"y":140.54,"skX":-90,"skY":-90,"x":636.32},"parent":"root","name":"chongji_eff/dusty5"},{"length":77,"transform":{"y":225.83,"skX":-0.56,"skY":-0.56,"x":458.23},"parent":"root","name":"jianshe_eff/bai_shashi_02_eff_01"},{"length":77,"transform":{"y":227.69,"skX":-0.56,"skY":-0.56,"x":235.59},"parent":"root","name":"jianshe_eff/bai_shashi_02_eff_1"},{"length":77,"transform":{"y":227.69,"skX":-0.56,"skY":-0.56,"x":235.59},"parent":"root","name":"jianshe_eff/bai_shashi_02_eff_2"},{"length":77,"transform":{"y":228.61,"skX":-0.56,"skY":-0.56,"x":685.51},"parent":"root","name":"jianshe_eff/bai_shashi_02_eff_3"},{"length":311,"transform":{"y":-286.07,"skX":-89.52,"skY":-89.52,"x":236.96},"parent":"root","name":"luoshi_eff/bai_shashi_05_eff_01"},{"length":124,"transform":{"y":348.08,"skX":-179.3,"skY":-179.3,"x":254.62},"parent":"root","name":"yanwu_eff/bai_chongciyanwu_01_eff_01"},{"length":124,"transform":{"y":348.08,"skX":-179.3,"skY":-179.3,"x":523.31},"parent":"root","name":"yanwu_eff/bai_chongciyanwu_01_eff_1"},{"length":124,"transform":{"y":350.3,"skX":-179.3,"skY":-179.3,"x":778.67},"parent":"root","name":"yanwu_eff/bai_chongciyanwu_01_eff_2"},{"length":124,"transform":{"y":351.5,"skX":-179.3,"skY":-179.3,"x":1045.3},"parent":"root","name":"yanwu_eff/bai_chongciyanwu_01_eff_3"}],"type":"Armature","frameRate":30,"animation":[{"bone":[{"frame":[{"transform":{"scY":6.428,"y":-51.22,"scX":6.428,"x":-40.8},"duration":27},{"curve":[0.25,0,1,0.41],"transform":{"scY":6.428,"y":-51.22,"scX":6.428,"x":-40.8},"duration":3},{"tweenEasing":0,"transform":{"scY":11.606,"y":-51.22,"scX":6.428,"x":-40.8},"duration":15},{"transform":{"scY":11.606,"y":-51.22,"scX":6.428,"x":-40.8},"duration":4}],"name":"yanwu_eff/bai_chongciyanwu_01_eff_01"},{"frame":[{"tweenEasing":0,"transform":{"scY":5.495,"y":585.86,"skX":89.52,"skY":89.52,"scX":5.495,"x":-1024.83},"duration":30},{"transform":{"scY":5.495,"y":387.37,"skX":89.52,"skY":89.52,"scX":5.495,"x":-1024.83},"duration":19}],"name":"luoshi_eff/bai_shashi_05_eff_01"},{"frame":[{"transform":{"scY":6.72,"y":220.78,"scX":6.72,"x":-639.74},"duration":49}],"name":"chongji_eff/dusty02"},{"frame":[{"transform":{"scY":4.222,"y":277.04,"scX":4.222,"x":-294.24},"duration":49}],"name":"jianshe_eff/bai_shashi_02_eff_01"},{"frame":[{"transform":{"scY":4.458,"y":33.49,"scX":4.458,"x":-27.65},"duration":49}],"name":"yanwu_eff/bai_chongciyanwu_01_eff_1"},{"frame":[{"transform":{"scY":6.073,"y":-24.76,"scX":4.501,"x":-1164.13},"duration":49}],"name":"yanwu_eff/bai_chongciyanwu_01_eff_2"},{"frame":[{"transform":{"scY":5.106,"y":267.52,"scX":5.106,"x":-699.93},"duration":49}],"name":"jianshe_eff/bai_shashi_02_eff_1"},{"frame":[{"transform":{"scY":4.815,"y":209.53,"scX":4.815,"x":-340.8},"duration":49}],"name":"jianshe_eff/bai_shashi_02_eff_2"},{"frame":[{"transform":{"scY":4.7,"y":281.98,"scX":4.7,"x":-183.68},"duration":49}],"name":"jianshe_eff/bai_shashi_02_eff_3"},{"frame":[{"transform":{"scY":-3.526,"y":-681.81,"skX":-0.44,"skY":-0.44,"scX":7.688,"x":-1005.8},"duration":27},{"curve":[0.25,0,1,0.66],"transform":{"scY":-3.526,"y":-681.81,"skX":-0.44,"skY":-0.44,"scX":7.688,"x":-1005.8},"duration":3},{"tweenEasing":0,"transform":{"scY":-7.414,"y":-681.81,"skX":-0.44,"skY":-0.44,"scX":7.688,"x":-1005.8},"duration":15},{"transform":{"scY":-7.414,"y":-681.81,"skX":-0.44,"skY":-0.44,"scX":7.688,"x":-1005.8},"duration":4}],"name":"yanwu_eff/bai_chongciyanwu_01_eff_3"},{"frame":[{"transform":{"scY":4.84,"y":316.6,"scX":4.84,"x":-419.65},"duration":49}],"name":"chongji_eff/dusty2"},{"frame":[{"transform":{"scY":8.671,"y":288.28,"scX":8.671,"x":-159.67},"duration":49}],"name":"chongji_eff/dusty3"},{"frame":[{"transform":{"scY":4.489,"y":262.54,"scX":4.489,"x":-1065.72},"duration":49}],"name":"chongji_eff/dusty4"},{"frame":[{"transform":{"scY":5.689,"y":211.06,"scX":5.689,"x":-87.6},"duration":49}],"name":"chongji_eff/dusty5"},{"frame":[{"transform":{},"duration":49}],"name":"root"}],"slot":[{"frame":[{"displayIndex":-1,"tweenEasing":null,"duration":49}],"name":"chongji_eff/dusty02"},{"frame":[{"displayIndex":-1,"tweenEasing":null,"duration":49}],"name":"chongji_eff/dusty2"},{"frame":[{"displayIndex":-1,"tweenEasing":null,"duration":49}],"name":"chongji_eff/dusty3"},{"frame":[{"displayIndex":-1,"tweenEasing":null,"duration":49}],"name":"chongji_eff/dusty4"},{"frame":[{"displayIndex":-1,"tweenEasing":null,"duration":49}],"name":"chongji_eff/dusty5"},{"frame":[{"displayIndex":-1,"tweenEasing":null,"duration":49}],"name":"jianshe_eff/bai_shashi_02_eff_01"},{"frame":[{"displayIndex":-1,"tweenEasing":null,"duration":49}],"name":"jianshe_eff/bai_shashi_02_eff_1"},{"frame":[{"displayIndex":-1,"tweenEasing":null,"duration":49}],"name":"jianshe_eff/bai_shashi_02_eff_2"},{"frame":[{"displayIndex":-1,"tweenEasing":null,"duration":49}],"name":"jianshe_eff/bai_shashi_02_eff_3"},{"frame":[{"displayIndex":-1,"tweenEasing":0,"duration":30},{"tweenEasing":0,"duration":3},{"displayIndex":1,"tweenEasing":0,"duration":4},{"displayIndex":2,"tweenEasing":0,"duration":4},{"displayIndex":3,"tweenEasing":0,"duration":4},{"displayIndex":4,"tweenEasing":0,"duration":4},{"displayIndex":5,"tweenEasing":null,"color":{"aM":0},"duration":0}],"name":"luoshi_eff/bai_shashi_05_eff_01"},{"frame":[{"tweenEasing":0,"color":{"aM":0},"duration":3},{"displayIndex":1,"tweenEasing":0,"duration":3},{"displayIndex":2,"tweenEasing":0,"duration":3},{"displayIndex":3,"tweenEasing":0,"duration":3},{"tweenEasing":0,"duration":3},{"displayIndex":1,"tweenEasing":0,"duration":3},{"displayIndex":2,"tweenEasing":0,"duration":3},{"displayIndex":3,"tweenEasing":0,"duration":3},{"tweenEasing":0,"duration":1},{"tweenEasing":null,"duration":2},{"displayIndex":1,"tweenEasing":0,"duration":3},{"displayIndex":2,"tweenEasing":0,"duration":2},{"displayIndex":3,"tweenEasing":0,"color":{"aM":47},"duration":2},{"tweenEasing":0,"duration":2},{"displayIndex":1,"tweenEasing":0,"duration":2},{"displayIndex":2,"tweenEasing":0,"duration":2},{"displayIndex":3,"tweenEasing":0,"duration":2},{"tweenEasing":0,"duration":2},{"displayIndex":1,"tweenEasing":0,"duration":1},{"displayIndex":1,"tweenEasing":null,"color":{"aM":0},"duration":4}],"name":"yanwu_eff/bai_chongciyanwu_01_eff_01"},{"frame":[{"displayIndex":3,"tweenEasing":0,"color":{"aM":0},"duration":3},{"tweenEasing":0,"duration":3},{"displayIndex":1,"tweenEasing":0,"duration":3},{"displayIndex":2,"tweenEasing":0,"duration":3},{"displayIndex":3,"tweenEasing":0,"duration":3},{"tweenEasing":0,"duration":3},{"displayIndex":1,"tweenEasing":0,"duration":3},{"displayIndex":2,"tweenEasing":0,"duration":3},{"displayIndex":3,"tweenEasing":0,"duration":1},{"displayIndex":3,"tweenEasing":null,"duration":2},{"tweenEasing":0,"duration":3},{"displayIndex":1,"tweenEasing":0,"duration":2},{"displayIndex":2,"tweenEasing":0,"duration":2},{"displayIndex":3,"tweenEasing":0,"duration":2},{"tweenEasing":0,"duration":2},{"displayIndex":1,"tweenEasing":0,"duration":2},{"displayIndex":2,"tweenEasing":0,"duration":2},{"displayIndex":3,"tweenEasing":0,"duration":2},{"tweenEasing":0,"duration":1},{"tweenEasing":null,"color":{"aM":0},"duration":4}],"name":"yanwu_eff/bai_chongciyanwu_01_eff_1"},{"frame":[{"displayIndex":1,"tweenEasing":0,"color":{"aM":0},"duration":3},{"displayIndex":2,"tweenEasing":0,"duration":3},{"displayIndex":3,"tweenEasing":0,"duration":3},{"tweenEasing":0,"duration":3},{"displayIndex":1,"tweenEasing":0,"duration":3},{"displayIndex":2,"tweenEasing":0,"duration":3},{"displayIndex":3,"tweenEasing":0,"duration":3},{"tweenEasing":0,"duration":3},{"displayIndex":1,"tweenEasing":0,"duration":1},{"displayIndex":1,"tweenEasing":null,"duration":2},{"displayIndex":2,"tweenEasing":0,"duration":3},{"displayIndex":3,"tweenEasing":0,"duration":15},{"displayIndex":3,"tweenEasing":null,"color":{"aM":0},"duration":4}],"name":"yanwu_eff/bai_chongciyanwu_01_eff_2"},{"frame":[{"displayIndex":2,"tweenEasing":0,"color":{"aM":0},"duration":3},{"displayIndex":3,"tweenEasing":0,"duration":3},{"tweenEasing":0,"duration":3},{"displayIndex":1,"tweenEasing":0,"duration":3},{"displayIndex":2,"tweenEasing":0,"duration":3},{"displayIndex":3,"tweenEasing":0,"duration":3},{"tweenEasing":0,"duration":3},{"displayIndex":1,"tweenEasing":0,"duration":3},{"displayIndex":2,"tweenEasing":0,"duration":1},{"displayIndex":2,"tweenEasing":null,"duration":2},{"displayIndex":3,"tweenEasing":0,"duration":3},{"tweenEasing":0,"duration":2},{"displayIndex":1,"tweenEasing":0,"duration":2},{"displayIndex":2,"tweenEasing":0,"duration":2},{"displayIndex":3,"tweenEasing":0,"duration":2},{"tweenEasing":0,"duration":2},{"displayIndex":1,"tweenEasing":0,"duration":2},{"displayIndex":2,"tweenEasing":0,"duration":3},{"displayIndex":3,"tweenEasing":null,"color":{"aM":0},"duration":4}],"name":"yanwu_eff/bai_chongciyanwu_01_eff_3"}],"ffd":[],"ik":[],"frame":[],"name":"animation","duration":49},{"bone":[{"frame":[{"tweenEasing":0,"transform":{"scY":11.606,"y":-51.22,"scX":6.428,"x":-40.8},"duration":2},{"tweenEasing":0,"transform":{"scY":11.606,"y":-72.69,"scX":6.428,"x":-40.8},"duration":2},{"tweenEasing":0,"transform":{"scY":11.606,"y":-43.16,"scX":6.428,"x":-40.8},"duration":2},{"tweenEasing":0,"transform":{"scY":11.606,"y":-72.69,"scX":6.428,"x":-40.8},"duration":2},{"tweenEasing":0,"transform":{"scY":11.606,"y":-43.16,"scX":6.428,"x":-40.8},"duration":2},{"tweenEasing":0,"transform":{"scY":11.606,"y":-72.69,"scX":6.428,"x":-40.8},"duration":2},{"tweenEasing":0,"transform":{"scY":11.606,"y":-43.16,"scX":6.428,"x":-40.8},"duration":2},{"tweenEasing":0,"transform":{"scY":11.606,"y":-72.69,"scX":6.428,"x":-40.8},"duration":1},{"tweenEasing":0,"transform":{"scY":11.606,"y":-72.69,"scX":6.428,"x":-40.8},"duration":15},{"transform":{"scY":6.428,"y":-43.16,"scX":6.428,"x":-40.8},"duration":0}],"name":"yanwu_eff/bai_chongciyanwu_01_eff_01"},{"frame":[{"transform":{"scY":5.495,"y":585.86,"skX":89.52,"skY":89.52,"scX":5.495,"x":-1024.83},"duration":30}],"name":"luoshi_eff/bai_shashi_05_eff_01"},{"frame":[{"transform":{"scY":3.011,"y":205.76,"scX":3.011,"x":-639.74},"duration":30}],"name":"chongji_eff/dusty02"},{"frame":[{"tweenEasing":0,"transform":{"scY":3.887,"y":159.06,"scX":3.887,"x":-294.24},"duration":15},{"tweenEasing":0,"transform":{"scY":3.887,"y":159.06,"scX":3.887,"x":-294.24},"duration":15},{"transform":{"scY":3.887,"y":291.12,"scX":3.887,"x":-294.24},"duration":0}],"name":"jianshe_eff/bai_shashi_02_eff_01"},{"frame":[{"transform":{"scY":4.458,"y":33.49,"scX":4.458,"x":-27.65},"duration":30}],"name":"yanwu_eff/bai_chongciyanwu_01_eff_1"},{"frame":[{"transform":{"scY":6.073,"y":-24.76,"scX":4.501,"x":-1164.13},"duration":30}],"name":"yanwu_eff/bai_chongciyanwu_01_eff_2"},{"frame":[{"tweenEasing":0,"transform":{"scY":5.106,"y":109.96,"scX":5.106,"x":-699.93},"duration":15},{"tweenEasing":0,"transform":{"scY":5.106,"y":109.96,"scX":5.106,"x":-699.93},"duration":15},{"transform":{"scY":5.106,"y":315.2,"scX":5.106,"x":-699.93},"duration":0}],"name":"jianshe_eff/bai_shashi_02_eff_1"},{"frame":[{"tweenEasing":0,"transform":{"scY":5.891,"y":137.31,"scX":5.891,"x":-340.8},"duration":15},{"tweenEasing":0,"transform":{"scY":5.891,"y":137.31,"scX":5.891,"x":-340.8},"duration":15},{"transform":{"scY":5.891,"y":297.71,"scX":5.891,"x":-340.8},"duration":0}],"name":"jianshe_eff/bai_shashi_02_eff_2"},{"frame":[{"tweenEasing":0,"transform":{"scY":4.7,"y":146.03,"scX":4.7,"x":-183.68},"duration":15},{"tweenEasing":0,"transform":{"scY":4.7,"y":146.03,"scX":4.7,"x":-183.68},"duration":15},{"transform":{"scY":4.7,"y":269.55,"scX":4.7,"x":-183.68},"duration":0}],"name":"jianshe_eff/bai_shashi_02_eff_3"},{"frame":[{"tweenEasing":0,"transform":{"scY":-7.414,"y":-681.81,"skX":-0.44,"skY":-0.44,"scX":7.688,"x":-1005.8},"duration":2},{"tweenEasing":0,"transform":{"scY":-7.414,"y":-695.23,"skX":-0.44,"skY":-0.44,"scX":7.688,"x":-1005.8},"duration":2},{"tweenEasing":0,"transform":{"scY":-7.414,"y":-684.49,"skX":-0.44,"skY":-0.44,"scX":7.688,"x":-1005.8},"duration":2},{"tweenEasing":0,"transform":{"scY":-7.414,"y":-695.23,"skX":-0.44,"skY":-0.44,"scX":7.688,"x":-1005.8},"duration":2},{"tweenEasing":0,"transform":{"scY":-7.414,"y":-684.49,"skX":-0.44,"skY":-0.44,"scX":7.688,"x":-1005.8},"duration":2},{"tweenEasing":0,"transform":{"scY":-7.414,"y":-695.23,"skX":-0.44,"skY":-0.44,"scX":7.688,"x":-1005.8},"duration":2},{"tweenEasing":0,"transform":{"scY":-7.414,"y":-684.49,"skX":-0.44,"skY":-0.44,"scX":7.688,"x":-1005.8},"duration":2},{"tweenEasing":0,"transform":{"scY":-7.414,"y":-695.23,"skX":-0.44,"skY":-0.44,"scX":7.688,"x":-1005.8},"duration":1},{"tweenEasing":0,"transform":{"scY":-7.414,"y":-695.23,"skX":-0.44,"skY":-0.44,"scX":7.688,"x":-1005.8},"duration":15},{"transform":{"scY":-3.526,"y":-684.49,"skX":-0.44,"skY":-0.44,"scX":7.688,"x":-1005.8},"duration":0}],"name":"yanwu_eff/bai_chongciyanwu_01_eff_3"},{"frame":[{"tweenEasing":0,"transform":{"scY":4.84,"y":316.6,"scX":4.84,"x":-419.65},"duration":5},{"transform":{"scY":2.857,"y":218.95,"scX":2.857,"x":-419.65},"duration":25}],"name":"chongji_eff/dusty2"},{"frame":[{"transform":{"scY":3.141,"y":205.66,"scX":3.141,"x":-159.67},"duration":30}],"name":"chongji_eff/dusty3"},{"frame":[{"tweenEasing":0,"transform":{"scY":4.489,"y":262.54,"scX":4.489,"x":-1065.72},"duration":10},{"transform":{"scY":4.489,"y":221.23,"scX":4.489,"x":-1065.72},"duration":20}],"name":"chongji_eff/dusty4"},{"frame":[{"tweenEasing":0,"transform":{"scY":5.689,"y":211.06,"scX":5.689,"x":-87.6},"duration":10},{"transform":{"scY":5.689,"y":241.11,"scX":5.689,"x":-87.6},"duration":20}],"name":"chongji_eff/dusty5"},{"frame":[{"transform":{},"duration":30}],"name":"root"}],"slot":[{"frame":[{"tweenEasing":0,"duration":3},{"displayIndex":1,"tweenEasing":0,"duration":3},{"displayIndex":2,"tweenEasing":0,"duration":3},{"displayIndex":3,"tweenEasing":0,"duration":3},{"displayIndex":4,"tweenEasing":0,"duration":3},{"displayIndex":-1,"tweenEasing":null,"duration":15}],"name":"chongji_eff/dusty02"},{"frame":[{"displayIndex":-1,"tweenEasing":0,"duration":5},{"tweenEasing":0,"duration":3},{"displayIndex":1,"tweenEasing":0,"duration":3},{"displayIndex":2,"tweenEasing":0,"duration":3},{"displayIndex":3,"tweenEasing":0,"duration":3},{"displayIndex":4,"tweenEasing":0,"duration":3},{"displayIndex":-1,"tweenEasing":null,"duration":10}],"name":"chongji_eff/dusty2"},{"frame":[{"tweenEasing":0,"duration":3},{"displayIndex":1,"tweenEasing":0,"duration":3},{"displayIndex":2,"tweenEasing":0,"duration":3},{"displayIndex":3,"tweenEasing":0,"duration":3},{"displayIndex":4,"tweenEasing":0,"duration":3},{"displayIndex":-1,"tweenEasing":null,"duration":15}],"name":"chongji_eff/dusty3"},{"frame":[{"displayIndex":-1,"tweenEasing":0,"duration":10},{"tweenEasing":0,"duration":3},{"displayIndex":1,"tweenEasing":0,"duration":3},{"displayIndex":2,"tweenEasing":0,"duration":3},{"displayIndex":3,"tweenEasing":0,"duration":3},{"displayIndex":4,"tweenEasing":0,"duration":3},{"displayIndex":-1,"tweenEasing":null,"duration":5}],"name":"chongji_eff/dusty4"},{"frame":[{"displayIndex":-1,"tweenEasing":0,"duration":10},{"tweenEasing":0,"duration":3},{"displayIndex":1,"tweenEasing":0,"duration":3},{"displayIndex":2,"tweenEasing":0,"duration":3},{"displayIndex":3,"tweenEasing":0,"duration":3},{"displayIndex":4,"tweenEasing":0,"duration":3},{"displayIndex":-1,"tweenEasing":null,"duration":5}],"name":"chongji_eff/dusty5"},{"frame":[{"tweenEasing":0,"duration":3},{"displayIndex":1,"tweenEasing":0,"duration":3},{"displayIndex":2,"tweenEasing":0,"duration":3},{"displayIndex":3,"tweenEasing":0,"duration":1},{"displayIndex":3,"tweenEasing":0,"duration":2},{"displayIndex":4,"tweenEasing":0,"duration":3},{"tweenEasing":null,"color":{"aM":0},"duration":15}],"name":"jianshe_eff/bai_shashi_02_eff_01"},{"frame":[{"tweenEasing":0,"duration":3},{"displayIndex":1,"tweenEasing":0,"duration":3},{"displayIndex":2,"tweenEasing":0,"duration":3},{"displayIndex":3,"tweenEasing":0,"duration":1},{"displayIndex":3,"tweenEasing":0,"duration":2},{"displayIndex":4,"tweenEasing":0,"duration":3},{"tweenEasing":null,"color":{"aM":0},"duration":15}],"name":"jianshe_eff/bai_shashi_02_eff_1"},{"frame":[{"tweenEasing":0,"duration":3},{"displayIndex":1,"tweenEasing":0,"duration":3},{"displayIndex":2,"tweenEasing":0,"duration":3},{"displayIndex":3,"tweenEasing":0,"duration":1},{"displayIndex":3,"tweenEasing":0,"duration":2},{"displayIndex":4,"tweenEasing":0,"duration":3},{"tweenEasing":null,"color":{"aM":0},"duration":15}],"name":"jianshe_eff/bai_shashi_02_eff_2"},{"frame":[{"tweenEasing":0,"duration":3},{"displayIndex":1,"tweenEasing":0,"duration":3},{"displayIndex":2,"tweenEasing":0,"duration":3},{"displayIndex":3,"tweenEasing":0,"duration":1},{"displayIndex":3,"tweenEasing":0,"duration":2},{"displayIndex":4,"tweenEasing":0,"duration":3},{"tweenEasing":null,"color":{"aM":0},"duration":15}],"name":"jianshe_eff/bai_shashi_02_eff_3"},{"frame":[{"displayIndex":-1,"tweenEasing":0,"duration":2},{"displayIndex":2,"tweenEasing":0,"duration":4},{"displayIndex":3,"tweenEasing":0,"duration":4},{"displayIndex":4,"tweenEasing":0,"duration":4},{"displayIndex":5,"tweenEasing":null,"color":{"aM":0},"duration":16}],"name":"luoshi_eff/bai_shashi_05_eff_01"},{"frame":[{"displayIndex":2,"tweenEasing":0,"duration":2},{"displayIndex":3,"tweenEasing":0,"color":{"aM":47},"duration":2},{"tweenEasing":0,"duration":2},{"displayIndex":1,"tweenEasing":0,"duration":2},{"displayIndex":2,"tweenEasing":0,"duration":2},{"displayIndex":3,"tweenEasing":0,"duration":2},{"tweenEasing":0,"duration":1},{"tweenEasing":0,"color":{"aM":47},"duration":1},{"displayIndex":1,"tweenEasing":0,"duration":1},{"displayIndex":1,"tweenEasing":0,"duration":2},{"displayIndex":2,"tweenEasing":0,"duration":3},{"displayIndex":3,"tweenEasing":0,"duration":3},{"tweenEasing":0,"duration":3},{"displayIndex":1,"tweenEasing":0,"duration":4},{"displayIndex":2,"tweenEasing":null,"color":{"aM":0},"duration":0}],"name":"yanwu_eff/bai_chongciyanwu_01_eff_01"},{"frame":[{"displayIndex":1,"tweenEasing":0,"duration":2},{"displayIndex":2,"tweenEasing":0,"duration":2},{"displayIndex":3,"tweenEasing":0,"duration":2},{"tweenEasing":0,"duration":2},{"displayIndex":1,"tweenEasing":0,"duration":2},{"displayIndex":2,"tweenEasing":0,"duration":2},{"displayIndex":3,"tweenEasing":0,"duration":2},{"tweenEasing":0,"duration":1},{"tweenEasing":0,"duration":2},{"displayIndex":1,"tweenEasing":0,"duration":3},{"displayIndex":2,"tweenEasing":0,"duration":3},{"displayIndex":3,"tweenEasing":0,"duration":3},{"tweenEasing":0,"duration":4},{"displayIndex":1,"tweenEasing":null,"color":{"aM":0},"duration":0}],"name":"yanwu_eff/bai_chongciyanwu_01_eff_1"},{"frame":[{"displayIndex":3,"tweenEasing":0,"duration":2},{"tweenEasing":0,"duration":2},{"displayIndex":1,"tweenEasing":0,"duration":2},{"displayIndex":2,"tweenEasing":0,"duration":2},{"displayIndex":3,"tweenEasing":0,"duration":2},{"tweenEasing":0,"duration":2},{"displayIndex":1,"tweenEasing":0,"duration":2},{"displayIndex":2,"tweenEasing":0,"duration":1},{"displayIndex":2,"tweenEasing":0,"duration":2},{"displayIndex":3,"tweenEasing":0,"duration":3},{"tweenEasing":0,"duration":3},{"displayIndex":1,"tweenEasing":0,"duration":3},{"displayIndex":2,"tweenEasing":0,"duration":4},{"displayIndex":3,"tweenEasing":null,"color":{"aM":0},"duration":0}],"name":"yanwu_eff/bai_chongciyanwu_01_eff_2"},{"frame":[{"tweenEasing":0,"duration":2},{"displayIndex":1,"tweenEasing":0,"color":{"aM":43},"duration":2},{"displayIndex":2,"tweenEasing":0,"duration":2},{"displayIndex":3,"tweenEasing":0,"duration":2},{"tweenEasing":0,"duration":2},{"displayIndex":1,"tweenEasing":0,"duration":2},{"displayIndex":2,"tweenEasing":0,"duration":1},{"displayIndex":2,"tweenEasing":0,"color":{"aM":46},"duration":1},{"displayIndex":3,"tweenEasing":0,"duration":1},{"displayIndex":3,"tweenEasing":0,"duration":2},{"tweenEasing":0,"duration":3},{"displayIndex":1,"tweenEasing":0,"duration":3},{"displayIndex":2,"tweenEasing":0,"duration":3},{"displayIndex":3,"tweenEasing":0,"duration":4},{"tweenEasing":null,"color":{"aM":0},"duration":0}],"name":"yanwu_eff/bai_chongciyanwu_01_eff_3"}],"ffd":[],"ik":[],"frame":[],"name":"animation2","duration":30}],"skin":[{"slot":[{"display":[{"path":"luoshi_eff/bai_shashi_05_eff_01","type":"image","name":"luoshi_eff/bai_shashi_05_eff_01","transform":{"y":-12.83,"skX":89.52,"skY":89.52,"x":155.78}},{"path":"luoshi_eff/bai_shashi_05_eff_02","type":"image","name":"luoshi_eff/bai_shashi_05_eff_02","transform":{"y":-12.83,"skX":89.52,"skY":89.52,"x":155.78}},{"path":"luoshi_eff/bai_shashi_05_eff_03","type":"image","name":"luoshi_eff/bai_shashi_05_eff_03","transform":{"y":-12.83,"skX":89.52,"skY":89.52,"x":155.78}},{"path":"luoshi_eff/bai_shashi_05_eff_04","type":"image","name":"luoshi_eff/bai_shashi_05_eff_04","transform":{"y":-12.83,"skX":89.52,"skY":89.52,"x":155.78}},{"path":"luoshi_eff/bai_shashi_05_eff_05","type":"image","name":"luoshi_eff/bai_shashi_05_eff_05","transform":{"y":-12.83,"skX":89.52,"skY":89.52,"x":155.78}},{"path":"luoshi_eff/bai_shashi_05_eff_06","type":"image","name":"luoshi_eff/bai_shashi_05_eff_06","transform":{"y":-12.83,"skX":89.52,"skY":89.52,"x":155.78}}],"name":"luoshi_eff/bai_shashi_05_eff_01"},{"display":[{"path":"jianshe_eff/bai_shashi_02_eff_01","type":"image","name":"jianshe_eff/bai_shashi_02_eff_01","transform":{"y":-75.08,"skX":0.56,"skY":0.56,"x":-2.7}},{"path":"jianshe_eff/bai_shashi_02_eff_02","type":"image","name":"jianshe_eff/bai_shashi_02_eff_02","transform":{"y":-75.08,"skX":0.56,"skY":0.56,"x":-2.7}},{"path":"jianshe_eff/bai_shashi_02_eff_03","type":"image","name":"jianshe_eff/bai_shashi_02_eff_03","transform":{"y":-75.08,"skX":0.56,"skY":0.56,"x":-2.7}},{"path":"jianshe_eff/bai_shashi_02_eff_04","type":"image","name":"jianshe_eff/bai_shashi_02_eff_04","transform":{"y":-75.08,"skX":0.56,"skY":0.56,"x":-2.7}},{"path":"jianshe_eff/bai_shashi_02_eff_05","type":"image","name":"jianshe_eff/bai_shashi_02_eff_05","transform":{"y":-75.08,"skX":0.56,"skY":0.56,"x":-2.7}}],"name":"jianshe_eff/bai_shashi_02_eff_2"},{"display":[{"path":"chongji_eff/dusty02","type":"image","name":"chongji_eff/dusty02","transform":{"y":1.61,"skX":90,"skY":90,"x":64.82}},{"path":"chongji_eff/dusty03","type":"image","name":"chongji_eff/dusty03","transform":{"y":1.61,"skX":90,"skY":90,"x":64.82}},{"path":"chongji_eff/dusty04","type":"image","name":"chongji_eff/dusty04","transform":{"y":1.61,"skX":90,"skY":90,"x":64.82}},{"path":"chongji_eff/dusty05","type":"image","name":"chongji_eff/dusty05","transform":{"y":1.61,"skX":90,"skY":90,"x":64.82}},{"path":"chongji_eff/dusty06","type":"image","name":"chongji_eff/dusty06","transform":{"y":1.61,"skX":90,"skY":90,"x":64.82}}],"name":"chongji_eff/dusty5"},{"display":[{"path":"chongji_eff/dusty02","type":"image","name":"chongji_eff/dusty02","transform":{"y":1.61,"skX":90,"skY":90,"x":64.82}},{"path":"chongji_eff/dusty03","type":"image","name":"chongji_eff/dusty03","transform":{"y":1.61,"skX":90,"skY":90,"x":64.82}},{"path":"chongji_eff/dusty04","type":"image","name":"chongji_eff/dusty04","transform":{"y":1.61,"skX":90,"skY":90,"x":64.82}},{"path":"chongji_eff/dusty05","type":"image","name":"chongji_eff/dusty05","transform":{"y":1.61,"skX":90,"skY":90,"x":64.82}},{"path":"chongji_eff/dusty06","type":"image","name":"chongji_eff/dusty06","transform":{"y":1.61,"skX":90,"skY":90,"x":64.82}}],"name":"chongji_eff/dusty4"},{"display":[{"path":"jianshe_eff/bai_shashi_02_eff_01","type":"image","name":"jianshe_eff/bai_shashi_02_eff_01","transform":{"y":-75.08,"skX":0.56,"skY":0.56,"x":-2.7}},{"path":"jianshe_eff/bai_shashi_02_eff_02","type":"image","name":"jianshe_eff/bai_shashi_02_eff_02","transform":{"y":-75.08,"skX":0.56,"skY":0.56,"x":-2.7}},{"path":"jianshe_eff/bai_shashi_02_eff_03","type":"image","name":"jianshe_eff/bai_shashi_02_eff_03","transform":{"y":-75.08,"skX":0.56,"skY":0.56,"x":-2.7}},{"path":"jianshe_eff/bai_shashi_02_eff_04","type":"image","name":"jianshe_eff/bai_shashi_02_eff_04","transform":{"y":-75.08,"skX":0.56,"skY":0.56,"x":-2.7}},{"path":"jianshe_eff/bai_shashi_02_eff_05","type":"image","name":"jianshe_eff/bai_shashi_02_eff_05","transform":{"y":-75.08,"skX":0.56,"skY":0.56,"x":-2.7}}],"name":"jianshe_eff/bai_shashi_02_eff_3"},{"display":[{"path":"yanwu_eff/bai_chongciyanwu_01_eff_01","type":"image","name":"yanwu_eff/bai_chongciyanwu_01_eff_01","transform":{"y":20.18,"skX":179.3,"skY":179.3,"x":0.25}},{"path":"yanwu_eff/bai_chongciyanwu_01_eff_02","type":"image","name":"yanwu_eff/bai_chongciyanwu_01_eff_02","transform":{"y":20.18,"skX":179.3,"skY":179.3,"x":0.25}},{"path":"yanwu_eff/bai_chongciyanwu_01_eff_03","type":"image","name":"yanwu_eff/bai_chongciyanwu_01_eff_03","transform":{"y":20.18,"skX":179.3,"skY":179.3,"x":0.25}},{"path":"yanwu_eff/bai_chongciyanwu_01_eff_04","type":"image","name":"yanwu_eff/bai_chongciyanwu_01_eff_04","transform":{"y":20.18,"skX":179.3,"skY":179.3,"x":0.25}}],"name":"yanwu_eff/bai_chongciyanwu_01_eff_2"},{"display":[{"path":"yanwu_eff/bai_chongciyanwu_01_eff_01","type":"image","name":"yanwu_eff/bai_chongciyanwu_01_eff_01","transform":{"y":20.18,"skX":179.3,"skY":179.3,"x":0.25}},{"path":"yanwu_eff/bai_chongciyanwu_01_eff_02","type":"image","name":"yanwu_eff/bai_chongciyanwu_01_eff_02","transform":{"y":20.18,"skX":179.3,"skY":179.3,"x":0.25}},{"path":"yanwu_eff/bai_chongciyanwu_01_eff_03","type":"image","name":"yanwu_eff/bai_chongciyanwu_01_eff_03","transform":{"y":20.18,"skX":179.3,"skY":179.3,"x":0.25}},{"path":"yanwu_eff/bai_chongciyanwu_01_eff_04","type":"image","name":"yanwu_eff/bai_chongciyanwu_01_eff_04","transform":{"y":20.18,"skX":179.3,"skY":179.3,"x":0.25}}],"name":"yanwu_eff/bai_chongciyanwu_01_eff_1"},{"display":[{"path":"yanwu_eff/bai_chongciyanwu_01_eff_01","type":"image","name":"yanwu_eff/bai_chongciyanwu_01_eff_01","transform":{"y":20.18,"skX":179.3,"skY":179.3,"x":0.25}},{"path":"yanwu_eff/bai_chongciyanwu_01_eff_02","type":"image","name":"yanwu_eff/bai_chongciyanwu_01_eff_02","transform":{"y":20.18,"skX":179.3,"skY":179.3,"x":0.25}},{"path":"yanwu_eff/bai_chongciyanwu_01_eff_03","type":"image","name":"yanwu_eff/bai_chongciyanwu_01_eff_03","transform":{"y":20.18,"skX":179.3,"skY":179.3,"x":0.25}},{"path":"yanwu_eff/bai_chongciyanwu_01_eff_04","type":"image","name":"yanwu_eff/bai_chongciyanwu_01_eff_04","transform":{"y":20.18,"skX":179.3,"skY":179.3,"x":0.25}}],"name":"yanwu_eff/bai_chongciyanwu_01_eff_01"},{"display":[{"path":"jianshe_eff/bai_shashi_02_eff_01","type":"image","name":"jianshe_eff/bai_shashi_02_eff_01","transform":{"y":-75.08,"skX":0.56,"skY":0.56,"x":-2.7}},{"path":"jianshe_eff/bai_shashi_02_eff_02","type":"image","name":"jianshe_eff/bai_shashi_02_eff_02","transform":{"y":-75.08,"skX":0.56,"skY":0.56,"x":-2.7}},{"path":"jianshe_eff/bai_shashi_02_eff_03","type":"image","name":"jianshe_eff/bai_shashi_02_eff_03","transform":{"y":-75.08,"skX":0.56,"skY":0.56,"x":-2.7}},{"path":"jianshe_eff/bai_shashi_02_eff_04","type":"image","name":"jianshe_eff/bai_shashi_02_eff_04","transform":{"y":-75.08,"skX":0.56,"skY":0.56,"x":-2.7}},{"path":"jianshe_eff/bai_shashi_02_eff_05","type":"image","name":"jianshe_eff/bai_shashi_02_eff_05","transform":{"y":-75.08,"skX":0.56,"skY":0.56,"x":-2.7}}],"name":"jianshe_eff/bai_shashi_02_eff_01"},{"display":[{"path":"chongji_eff/dusty02","type":"image","name":"chongji_eff/dusty02","transform":{"y":1.61,"skX":90,"skY":90,"x":64.82}},{"path":"chongji_eff/dusty03","type":"image","name":"chongji_eff/dusty03","transform":{"y":1.61,"skX":90,"skY":90,"x":64.82}},{"path":"chongji_eff/dusty04","type":"image","name":"chongji_eff/dusty04","transform":{"y":1.61,"skX":90,"skY":90,"x":64.82}},{"path":"chongji_eff/dusty05","type":"image","name":"chongji_eff/dusty05","transform":{"y":1.61,"skX":90,"skY":90,"x":64.82}},{"path":"chongji_eff/dusty06","type":"image","name":"chongji_eff/dusty06","transform":{"y":1.61,"skX":90,"skY":90,"x":64.82}}],"name":"chongji_eff/dusty2"},{"display":[{"path":"yanwu_eff/bai_chongciyanwu_01_eff_01","type":"image","name":"yanwu_eff/bai_chongciyanwu_01_eff_01","transform":{"y":20.18,"skX":179.3,"skY":179.3,"x":0.25}},{"path":"yanwu_eff/bai_chongciyanwu_01_eff_02","type":"image","name":"yanwu_eff/bai_chongciyanwu_01_eff_02","transform":{"y":20.18,"skX":179.3,"skY":179.3,"x":0.25}},{"path":"yanwu_eff/bai_chongciyanwu_01_eff_03","type":"image","name":"yanwu_eff/bai_chongciyanwu_01_eff_03","transform":{"y":20.18,"skX":179.3,"skY":179.3,"x":0.25}},{"path":"yanwu_eff/bai_chongciyanwu_01_eff_04","type":"image","name":"yanwu_eff/bai_chongciyanwu_01_eff_04","transform":{"y":20.18,"skX":179.3,"skY":179.3,"x":0.25}}],"name":"yanwu_eff/bai_chongciyanwu_01_eff_3"},{"display":[{"path":"jianshe_eff/bai_shashi_02_eff_01","type":"image","name":"jianshe_eff/bai_shashi_02_eff_01","transform":{"y":-75.08,"skX":0.56,"skY":0.56,"x":-2.7}},{"path":"jianshe_eff/bai_shashi_02_eff_02","type":"image","name":"jianshe_eff/bai_shashi_02_eff_02","transform":{"y":-75.08,"skX":0.56,"skY":0.56,"x":-2.7}},{"path":"jianshe_eff/bai_shashi_02_eff_03","type":"image","name":"jianshe_eff/bai_shashi_02_eff_03","transform":{"y":-75.08,"skX":0.56,"skY":0.56,"x":-2.7}},{"path":"jianshe_eff/bai_shashi_02_eff_04","type":"image","name":"jianshe_eff/bai_shashi_02_eff_04","transform":{"y":-75.08,"skX":0.56,"skY":0.56,"x":-2.7}},{"path":"jianshe_eff/bai_shashi_02_eff_05","type":"image","name":"jianshe_eff/bai_shashi_02_eff_05","transform":{"y":-75.08,"skX":0.56,"skY":0.56,"x":-2.7}}],"name":"jianshe_eff/bai_shashi_02_eff_1"},{"display":[{"path":"chongji_eff/dusty02","type":"image","name":"chongji_eff/dusty02","transform":{"y":1.61,"skX":90,"skY":90,"x":64.82}},{"path":"chongji_eff/dusty03","type":"image","name":"chongji_eff/dusty03","transform":{"y":1.61,"skX":90,"skY":90,"x":64.82}},{"path":"chongji_eff/dusty04","type":"image","name":"chongji_eff/dusty04","transform":{"y":1.61,"skX":90,"skY":90,"x":64.82}},{"path":"chongji_eff/dusty05","type":"image","name":"chongji_eff/dusty05","transform":{"y":1.61,"skX":90,"skY":90,"x":64.82}},{"path":"chongji_eff/dusty06","type":"image","name":"chongji_eff/dusty06","transform":{"y":1.61,"skX":90,"skY":90,"x":64.82}}],"name":"chongji_eff/dusty02"},{"display":[{"path":"chongji_eff/dusty02","type":"image","name":"chongji_eff/dusty02","transform":{"y":1.61,"skX":90,"skY":90,"x":64.82}},{"path":"chongji_eff/dusty03","type":"image","name":"chongji_eff/dusty03","transform":{"y":1.61,"skX":90,"skY":90,"x":64.82}},{"path":"chongji_eff/dusty04","type":"image","name":"chongji_eff/dusty04","transform":{"y":1.61,"skX":90,"skY":90,"x":64.82}},{"path":"chongji_eff/dusty05","type":"image","name":"chongji_eff/dusty05","transform":{"y":1.61,"skX":90,"skY":90,"x":64.82}},{"path":"chongji_eff/dusty06","type":"image","name":"chongji_eff/dusty06","transform":{"y":1.61,"skX":90,"skY":90,"x":64.82}}],"name":"chongji_eff/dusty3"}],"name":""}],"defaultActions":[{"gotoAndPlay":"animation"}],"aabb":{"width":1125.6402372826356,"y":-616.9520165110032,"height":985.7704683010464,"x":82.15632045180462},"ik":[],"name":"armatureName","slot":[{"name":"luoshi_eff/bai_shashi_05_eff_01","parent":"luoshi_eff/bai_shashi_05_eff_01","color":{}},{"z":1,"name":"chongji_eff/dusty02","parent":"chongji_eff/dusty02","color":{}},{"z":2,"name":"chongji_eff/dusty2","parent":"chongji_eff/dusty2","color":{}},{"z":3,"name":"chongji_eff/dusty3","parent":"chongji_eff/dusty3","color":{}},{"z":4,"name":"chongji_eff/dusty4","parent":"chongji_eff/dusty4","color":{}},{"z":5,"name":"chongji_eff/dusty5","parent":"chongji_eff/dusty5","color":{}},{"z":6,"name":"jianshe_eff/bai_shashi_02_eff_01","parent":"jianshe_eff/bai_shashi_02_eff_01","color":{}},{"z":7,"name":"jianshe_eff/bai_shashi_02_eff_3","parent":"jianshe_eff/bai_shashi_02_eff_3","color":{}},{"z":8,"name":"jianshe_eff/bai_shashi_02_eff_1","parent":"jianshe_eff/bai_shashi_02_eff_1","color":{}},{"z":9,"name":"jianshe_eff/bai_shashi_02_eff_2","parent":"jianshe_eff/bai_shashi_02_eff_2","color":{}},{"z":10,"name":"yanwu_eff/bai_chongciyanwu_01_eff_01","parent":"yanwu_eff/bai_chongciyanwu_01_eff_01","color":{}},{"z":11,"name":"yanwu_eff/bai_chongciyanwu_01_eff_1","parent":"yanwu_eff/bai_chongciyanwu_01_eff_1","color":{}},{"z":12,"name":"yanwu_eff/bai_chongciyanwu_01_eff_2","parent":"yanwu_eff/bai_chongciyanwu_01_eff_2","color":{}},{"z":13,"name":"yanwu_eff/bai_chongciyanwu_01_eff_3","parent":"yanwu_eff/bai_chongciyanwu_01_eff_3","color":{}}]}],"name":"wj_000_yianda2_eff","version":"4.0"}