{
    "150001": {
        "id": 150001,
        "order": 1001,
        "name": "普通头像框",
        "quality": 1,
        "price": 0,
        "drop_count": 0,
        "drop_time": 5,
        "overdue_time": 999999999,
        "extra": "经典款，总会带给你最初的感觉。",
        "path": "ui_frame_FrameImage_png",
        "path_frame": "ui_frame_FrameImage_png",
        "des": "经典款，总会带给你最初的感觉。",
        "from": [25]
    },
    "150002": {
        "id": 150002,
        "order": 2003,
        "name": "星耀头像框·蓝",
        "quality": 3,
        "price": 0,
        "drop_count": 0,
        "drop_time": 5,
        "overdue_time": 999999999,
        "extra": "蔚蓝色的宝石打造的边框，非常稀有。",
        "path": "ui_frame_FrameImage1_png",
        "path_frame": "ui_frame_FrameImage1_png",
        "des": "蔚蓝色的宝石打造的边框，非常稀有。",
        "from": [25]
    },
    "150003": {
        "id": 150003,
        "order": 2004,
        "name": "星耀头像框·紫",
        "quality": 4,
        "price": 0,
        "drop_count": 0,
        "drop_time": 5,
        "overdue_time": 999999999,
        "extra": "边框镶满紫水晶，夜空中最亮的星。",
        "path": "ui_frame_FrameImage2_png",
        "path_frame": "ui_frame_FrameImage2_png",
        "des": "边框镶满紫水晶，夜空中最亮的星。",
        "from": [25]
    },
    "150004": {
        "id": 150004,
        "order": 2005,
        "name": "星耀头像框·橙",
        "quality": 5,
        "price": 0,
        "drop_count": 0,
        "drop_time": 5,
        "overdue_time": 999999999,
        "extra": "“哇，传说！”",
        "path": "ui_frame_FrameImage3_png",
        "path_frame": "ui_frame_FrameImage3_png",
        "des": "“哇，传说！”",
        "from": [25]
    },
    "150005": {
        "id": 150005,
        "order": 2006,
        "name": "星耀头像框·红",
        "quality": 6,
        "price": 0,
        "drop_count": 0,
        "drop_time": 5,
        "overdue_time": 999999999,
        "extra": "就像窟卢塔族双眼的血红色的边框。",
        "path": "ui_frame_FrameImage4_png",
        "path_frame": "ui_frame_FrameImage4_png",
        "des": "就像窟卢塔族双眼的血红色的边框。",
        "from": [25]
    },
    "150006": {
        "id": 150006,
        "order": 2002,
        "name": "星耀头像框·绿",
        "quality": 2,
        "price": 0,
        "drop_count": 0,
        "drop_time": 5,
        "overdue_time": 999999999,
        "extra": "嗯？总感觉这个头像框颜色怪怪的。",
        "path": "ui_frame_FrameImage0_png",
        "path_frame": "ui_frame_FrameImage0_png",
        "des": "嗯？总感觉这个头像框颜色怪怪的。",
        "from": [25]
    },
    "150007": {
        "id": 150007,
        "order": 2001,
        "name": "星耀头像框·白",
        "quality": 1,
        "price": 0,
        "drop_count": 0,
        "drop_time": 5,
        "overdue_time": 999999999,
        "extra": "戴上之后我就是黄金大神了！",
        "path": "ui_frame_FrameImage5_png",
        "path_frame": "ui_frame_FrameImage5_png",
        "des": "戴上之后我就是黄金大神了！",
        "from": [25]
    },
    "150008": {
        "id": 150008,
        "order": 2007,
        "name": "星耀头像框·金",
        "quality": 6,
        "price": 0,
        "drop_count": 0,
        "drop_time": 5,
        "overdue_time": 999999999,
        "extra": "至高无上的边框，据说只有极少部分人才拥有。",
        "path": "ui_frame_FrameImage6_png",
        "path_frame": "ui_frame_FrameImage6_png",
        "des": "至高无上的边框，据说只有极少部分人才拥有。",
        "from": [25]
    },
    "150009": {
        "id": 150009,
        "order": 3001,
        "name": "春节头像框",
        "quality": 5,
        "price": 0,
        "drop_count": 0,
        "drop_time": 5,
        "overdue_time": 999999999,
        "extra": "金猪贺岁，鞭炮齐鸣。",
        "path": "ui_frame_FrameImagechunjie_png",
        "path_frame": "ui_frame_FrameImagechunjie_png",
        "des": "金猪贺岁，鞭炮齐鸣。",
        "from": [25]
    },
    "150010": {
        "id": 150010,
        "order": 3002,
        "name": "情人节头像框",
        "quality": 5,
        "price": 0,
        "drop_count": 0,
        "drop_time": 5,
        "overdue_time": 999999999,
        "extra": "总有人认为这个节日是花贩们的一次狂欢",
        "path": "ui_frame_FrameImageqingrenjie_png",
        "path_frame": "ui_frame_FrameImageqingrenjie_png",
        "des": "总有人认为这个节日是花贩们的一次狂欢",
        "from": [25]
    },
    "150011": {
        "id": 150011,
        "order": 3003,
        "name": "元宵节头像框",
        "quality": 5,
        "price": 0,
        "drop_count": 0,
        "drop_time": 5,
        "overdue_time": 999999999,
        "extra": "灯笼上写着许多有趣的灯谜，例如...一二迷？",
        "path": "ui_frame_FrameImageyuanxiaojie_png",
        "path_frame": "ui_frame_FrameImageyuanxiaojie_png",
        "des": "灯笼上写着许多有趣的灯谜，例如...一二迷？",
        "from": [25]
    },
    "150012": {
        "id": 150012,
        "order": 3005,
        "name": "通行证头像框（S1）",
        "quality": 5,
        "price": 0,
        "drop_count": 0,
        "drop_time": 5,
        "overdue_time": 999999999,
        "extra": "通行证赛季专属头像框。",
        "path": "ui_frame_FrameImagePass_png",
        "path_frame": "ui_frame_FrameImageyuanxiaojie_png",
        "des": "通行证赛季专属头像框。",
        "from": [25]
    },
    "150017": {
        "id": 150017,
        "order": 3009,
        "name": "鼠年头像框",
        "quality": 5,
        "price": 0,
        "drop_count": 0,
        "drop_time": 5,
        "overdue_time": 999999999,
        "extra": "鼠年快乐，万事大吉！",
        "path": "FrameImageshu_png",
        "path_frame": "FrameImageshu_png",
        "des": "鼠年快乐，万事大吉！",
        "from": [25]
    }}
