{"frameRate":30,"name":"shui_shuiqiu_eff","version":"5.5","compatibleVersion":"5.5","armature":[{"type":"Armature","frameRate":30,"name":"armatureName","aabb":{"x":497.61,"y":-834.09,"width":581.23,"height":1067.15},"bone":[{"name":"root"},{"length":179,"name":"absolute_zero","parent":"root","transform":{"x":747.41,"y":-116.99,"skX":149.69,"skY":149.69,"scX":0.616,"scY":0.616}},{"length":179,"name":"absolute_zero2","parent":"root","transform":{"x":747.41,"y":-392.18,"skX":-28.7,"skY":-28.7}},{"length":179,"name":"absolute_zero3","parent":"root","transform":{"x":747.41,"y":-682.1,"skX":-28.39,"skY":-28.39,"scX":0.613,"scY":0.613}},{"name":"shuiqiu_fuji","parent":"root","transform":{"x":421.04,"y":-402.55}},{"name":"xingxing1","parent":"root","transform":{"x":734.15,"y":119.36,"scX":0.645,"scY":0.645}},{"name":"xingxing4","parent":"root","transform":{"x":959.94,"y":119.36,"scX":0.882,"scY":0.882}},{"name":"xingxing3","parent":"root","transform":{"x":891.4,"y":119.36}},{"length":126,"name":"xuanfenghuichen/xuanfenghuichen03_eff2","parent":"root","transform":{"x":211.04,"y":175.02,"skX":-121.1,"skY":-121.1}},{"length":161,"name":"duantoutai/duantoutai01","parent":"root","transform":{"x":175.29,"y":-141.15,"skX":89.37,"skY":89.37}},{"length":161,"name":"duantoutai/duantoutai1","parent":"root","transform":{"x":290.78,"y":-141.15,"skX":89.37,"skY":89.37}},{"length":161,"name":"duantoutai/duantoutai2","parent":"root","transform":{"x":411.08,"y":-141.15,"skX":89.37,"skY":89.37}},{"name":"xingxing6","parent":"root","transform":{"x":734.08,"y":214.48,"scX":0.655,"scY":0.655}},{"name":"xingxing2","parent":"root","transform":{"x":821.51,"y":119.36,"scX":1.882,"scY":1.882}},{"length":126,"name":"xuanfenghuichen/xuanfenghuichen03_eff","parent":"root","transform":{"x":358.61,"y":175.02,"skX":-121.1,"skY":-121.1}},{"name":"xingxing7","parent":"root","transform":{"x":819.77,"y":214.48,"scX":2.392,"scY":2.392}},{"name":"xingxing5","parent":"root","transform":{"x":1033.86,"y":119.36,"scX":1.286,"scY":1.286}},{"name":"xingxing8","parent":"root","transform":{"x":894.59,"y":214.48}},{"name":"xingxing9","parent":"root","transform":{"x":970.62,"y":214.48,"scX":0.887,"scY":0.887}},{"name":"xingxing10","parent":"root","transform":{"x":1058.72,"y":214.48,"scX":1.428,"scY":1.428}},{"length":75,"name":"bingdongshexian_002@2x2","parent":"shuiqiu_fuji","transform":{"x":-31.07,"y":769.57,"skX":-91.06,"skY":-91.06}},{"length":75,"name":"bingdongshexian_002@2x3","parent":"shuiqiu_fuji","transform":{"x":140.55,"y":769.57,"skX":-91.06,"skY":-91.06}},{"length":235,"name":"bingdongshexian_001@2x","parent":"shuiqiu_fuji","transform":{"x":-0.91,"y":2.9,"skX":180,"skY":180}},{"length":75,"name":"bingdongshexian_002@2x","parent":"shuiqiu_fuji","transform":{"x":-205.91,"y":769.57,"skX":-91.06,"skY":-91.06}}],"slot":[{"displayIndex":-1,"name":"bingdongshexian_001@2x","parent":"bingdongshexian_001@2x"},{"blendMode":"add","displayIndex":-1,"name":"bingdongshexian_002@2x","parent":"bingdongshexian_002@2x"},{"blendMode":"add","displayIndex":-1,"name":"bingdongshexian_002@2x2","parent":"bingdongshexian_002@2x2"},{"blendMode":"add","displayIndex":-1,"name":"bingdongshexian_002@2x3","parent":"bingdongshexian_002@2x3"},{"displayIndex":-1,"name":"duantoutai/duantoutai01","parent":"duantoutai/duantoutai01"},{"displayIndex":-1,"name":"duantoutai/duantoutai1","parent":"duantoutai/duantoutai1"},{"displayIndex":-1,"name":"duantoutai/duantoutai2","parent":"duantoutai/duantoutai2"},{"blendMode":"add","displayIndex":-1,"name":"xuanfenghuichen/xuanfenghuichen03_eff","parent":"xuanfenghuichen/xuanfenghuichen03_eff"},{"blendMode":"add","displayIndex":-1,"name":"xuanfenghuichen/xuanfenghuichen03_eff2","parent":"xuanfenghuichen/xuanfenghuichen03_eff2"},{"blendMode":"add","name":"absolute_zero","parent":"absolute_zero"},{"blendMode":"add","name":"absolute_zero2","parent":"absolute_zero2"},{"blendMode":"add","name":"absolute_zero3","parent":"absolute_zero3"},{"blendMode":"add","name":"xingxing1","parent":"xingxing1"},{"blendMode":"add","name":"xingxing2","parent":"xingxing2"},{"blendMode":"add","name":"xingxing3","parent":"xingxing3"},{"blendMode":"add","name":"xingxing4","parent":"xingxing4"},{"blendMode":"add","name":"xingxing5","parent":"xingxing5"},{"blendMode":"add","name":"xingxing6","parent":"xingxing6"},{"blendMode":"add","name":"xingxing7","parent":"xingxing7"},{"blendMode":"add","name":"xingxing8","parent":"xingxing8"},{"blendMode":"add","name":"xingxing9","parent":"xingxing9"},{"blendMode":"add","name":"xingxing10","parent":"xingxing10"}],"skin":[{"slot":[{"name":"xuanfenghuichen/xuanfenghuichen03_eff2","display":[{"name":"xuanfenghuichen/xuanfenghuichen03_eff","transform":{"x":58.17,"y":9.8,"skX":121.36,"skY":121.36}},{"name":"xuanfenghuichen/xuanfenghuichen04_eff","transform":{"x":58.17,"y":9.8,"skX":121.36,"skY":121.36}}]},{"name":"xingxing5","display":[{"name":"xingxing1","transform":{"x":-0.43,"y":-0.43}}]},{"name":"absolute_zero3","display":[{"name":"absolute_zero","transform":{"x":17.66,"y":-16.39,"skX":28.94,"skY":28.94}}]},{"name":"duantoutai/duantoutai2","display":[{"name":"duantoutai/duantoutai01","transform":{"x":-1.67,"y":26.4,"skX":-89.37,"skY":-89.37}},{"name":"duantoutai/duantoutai02","transform":{"x":-1.67,"y":26.4,"skX":-89.37,"skY":-89.37}}]},{"name":"bingdongshexian_002@2x","display":[{"name":"2x","transform":{"x":54.3,"y":7.99,"skX":91.06,"skY":91.06},"path":"shui_shuiqiu_eff@bingdongshexian_002@2x"}]},{"name":"duantoutai/duantoutai1","display":[{"name":"duantoutai/duantoutai01","transform":{"x":-1.67,"y":26.4,"skX":-89.37,"skY":-89.37}},{"name":"duantoutai/duantoutai02","transform":{"x":-1.67,"y":26.4,"skX":-89.37,"skY":-89.37}}]},{"name":"duantoutai/duantoutai01","display":[{"name":"duantoutai/duantoutai01","transform":{"x":-1.67,"y":26.4,"skX":-89.37,"skY":-89.37}},{"name":"duantoutai/duantoutai02","transform":{"x":-1.67,"y":26.4,"skX":-89.37,"skY":-89.37}}]},{"name":"xingxing10","display":[{"name":"xingxing2","transform":{"x":0.79,"y":-0.63}}]},{"name":"bingdongshexian_002@2x3","display":[{"name":"2x","transform":{"x":54.3,"y":7.99,"skX":91.06,"skY":91.06},"path":"shui_shuiqiu_eff@bingdongshexian_002@2x"}]},{"name":"xingxing3","display":[{"name":"xingxing1","transform":{"x":-0.43,"y":-0.43}}]},{"name":"xingxing8","display":[{"name":"xingxing2","transform":{"x":0.79,"y":-0.63}}]},{"name":"bingdongshexian_001@2x","display":[{"name":"2x","transform":{"x":150.77,"y":-1.89,"skX":90.34,"skY":90.34},"path":"shui_shuiqiu_eff@bingdongshexian_001@2x"}]},{"name":"xuanfenghuichen/xuanfenghuichen03_eff","display":[{"name":"xuanfenghuichen/xuanfenghuichen03_eff","transform":{"x":58.17,"y":9.8,"skX":121.36,"skY":121.36}},{"name":"xuanfenghuichen/xuanfenghuichen04_eff","transform":{"x":58.17,"y":9.8,"skX":121.36,"skY":121.36}}]},{"name":"xingxing6","display":[{"name":"xingxing2","transform":{"x":0.79,"y":-0.63}}]},{"name":"xingxing7","display":[{"name":"xingxing2","transform":{"x":0.79,"y":-0.63}}]},{"name":"xingxing2","display":[{"name":"xingxing1","transform":{"x":-0.43,"y":-0.43}}]},{"name":"absolute_zero","display":[{"name":"absolute_zero","transform":{"x":17.66,"y":-16.39,"skX":28.94,"skY":28.94}}]},{"name":"xingxing9","display":[{"name":"xingxing2","transform":{"x":0.79,"y":-0.63}}]},{"name":"xingxing1","display":[{"name":"xingxing1","transform":{"x":-0.43,"y":-0.43}}]},{"name":"absolute_zero2","display":[{"name":"absolute_zero","transform":{"x":17.66,"y":-16.39,"skX":28.94,"skY":28.94}}]},{"name":"bingdongshexian_002@2x2","display":[{"name":"2x","transform":{"x":54.3,"y":7.99,"skX":91.06,"skY":91.06},"path":"shui_shuiqiu_eff@bingdongshexian_002@2x"}]},{"name":"xingxing4","display":[{"name":"xingxing1","transform":{"x":-0.43,"y":-0.43}}]}]}],"animation":[{"duration":25,"name":"000_shuiqiu","bone":[{"name":"bingdongshexian_001@2x","translateFrame":[{"duration":25,"x":0.91,"y":-2.9}],"scaleFrame":[{"curve":[0,0.59,0.75,1],"x":0.47},{"duration":4,"curve":[0,0.36,0.396,0.7],"x":1.89},{"duration":20,"curve":[0.275,0.61,0.788,1],"x":2.6,"y":1.2},{"duration":0,"x":2.87,"y":0.04}]},{"name":"duantoutai/duantoutai2","translateFrame":[{"duration":2,"curve":[0,0.59,0.75,1],"x":157.48,"y":41.08},{"duration":23,"x":-389.18,"y":57.81}],"scaleFrame":[{"duration":2,"curve":[0,0.59,0.75,1]},{"duration":10,"curve":[0,0.57,0.62,0.9],"x":0.49,"y":0.49},{"duration":13,"x":1.48,"y":1.48}]},{"name":"duantoutai/duantoutai1","translateFrame":[{"curve":[0,0.59,0.75,1],"x":128.16,"y":39.64},{"duration":10,"curve":[0.179,0.6,0.722,0.89],"x":-275.39,"y":52.78},{"duration":14,"x":-302.06,"y":52.78}],"scaleFrame":[{"curve":[0,0.59,0.75,1]},{"duration":10,"curve":[0.179,0.6,0.722,0.89],"x":0.55,"y":0.55},{"duration":14,"x":1.21,"y":1.21}]},{"name":"duantoutai/duantoutai01","translateFrame":[{"duration":10,"curve":[0,0.47,0.75,1],"x":-167,"y":50.24},{"duration":15,"x":-223.48,"y":50.24}],"scaleFrame":[{"duration":10,"curve":[0,0.47,0.75,1],"x":0.61,"y":0.61},{"duration":15,"x":0.98,"y":0.98}]},{"name":"xuanfenghuichen/xuanfenghuichen03_eff","translateFrame":[{"duration":10,"curve":[0,0.56,0.75,1],"x":-376.87,"y":-175.02},{"duration":15,"x":-433.23,"y":-175.02}],"rotateFrame":[{"duration":10,"curve":[0,0.56,0.75,1]},{"duration":15,"rotate":0.01}],"scaleFrame":[{"duration":10,"curve":[0,0.56,0.75,1]},{"duration":15,"x":1.3,"y":1.3}]},{"name":"xuanfenghuichen/xuanfenghuichen03_eff2","translateFrame":[{"duration":2,"x":-295.01,"y":-175.02},{"duration":23,"curve":[0,0.24,0.753,0.905],"x":-295.01,"y":-175.02},{"duration":0,"x":-382.8,"y":-175.02}],"scaleFrame":[{"duration":2,"x":1.7,"y":1.7},{"duration":23,"curve":[0,0.24,0.753,0.905],"x":1.7,"y":1.7},{"duration":0,"x":2.51,"y":2.51}]},{"name":"bingdongshexian_002@2x","translateFrame":[{"duration":25,"x":205.91,"y":-769.57}],"rotateFrame":[{"duration":2,"curve":[0,0.34,0.36,0.68],"rotate":-87.47},{"duration":23,"curve":[0.16,0.6,0.775,1],"rotate":-88.72},{"duration":0,"rotate":-87.47}],"scaleFrame":[{"duration":2,"curve":[0,0.34,0.36,0.68],"x":1.43,"y":0.29},{"duration":23,"curve":[0.16,0.6,0.775,1],"x":5.74,"y":0.29},{"duration":0,"x":1.43,"y":0.29}]},{"name":"bingdongshexian_002@2x3","translateFrame":[{"duration":25,"x":-133.17,"y":-769.57}],"rotateFrame":[{"duration":10,"curve":[0,0.45,0.529,0.81],"rotate":-87.28},{"duration":15,"curve":[0.4,0.64,0.775,1],"rotate":-88.01},{"duration":0,"rotate":-87.28}],"scaleFrame":[{"duration":10,"curve":[0,0.45,0.529,0.81],"x":0.6,"y":0.6},{"duration":15,"curve":[0.4,0.64,0.775,1],"x":6.26,"y":0.57},{"duration":0,"x":6.26,"y":0.19}]},{"name":"bingdongshexian_002@2x2","translateFrame":[{"duration":25,"x":37.15,"y":-769.57}],"rotateFrame":[{"duration":5,"curve":[0,0.37,0.409,0.71],"rotate":-88.18},{"duration":20,"rotate":-88.04}],"scaleFrame":[{"duration":5,"curve":[0,0.37,0.409,0.71],"x":1.22,"y":0.44},{"duration":20,"curve":[0.302,0.61,0.79,1],"x":6.38,"y":0.39},{"duration":0,"x":1.55,"y":0.39}]},{"name":"shuiqiu_fuji","translateFrame":[{"duration":25,"x":-425.79,"y":310.58}],"scaleFrame":[{"duration":25,"x":-1.53,"y":1.53}]},{"name":"absolute_zero2","translateFrame":[{"duration":25,"curve":[0,0.68,0.75,1],"x":-491.01,"y":303.15},{"duration":0,"x":-483.74,"y":294.12}],"scaleFrame":[{"duration":25,"curve":[0,0.68,0.75,1],"x":0.75,"y":0.75},{"duration":0,"x":1.09,"y":1.09}]},{"name":"absolute_zero","translateFrame":[{"duration":25,"tweenEasing":0,"x":-575.66,"y":85.13},{"duration":0,"x":-565.94,"y":43.01}],"scaleFrame":[{"duration":25,"tweenEasing":0,"x":0.72,"y":0.72},{"duration":0,"x":1.27,"y":1.27}]},{"name":"absolute_zero3","translateFrame":[{"duration":25,"tweenEasing":0,"x":-397.29,"y":599.99},{"duration":0,"x":-426.8,"y":644.62}],"scaleFrame":[{"duration":25,"tweenEasing":0},{"duration":0,"x":1.53,"y":1.53}]},{"name":"xingxing2","translateFrame":[{"duration":25,"x":-821.51,"y":-212.36}],"scaleFrame":[{"duration":2,"tweenEasing":0},{"duration":23,"x":2.32,"y":2.32}]},{"name":"xingxing3","translateFrame":[{"duration":25,"x":-891.4,"y":-212.36}],"scaleFrame":[{"duration":2,"tweenEasing":0},{"duration":23,"x":2.32,"y":2.32}]},{"name":"xingxing1","translateFrame":[{"duration":25,"x":-734.15,"y":-212.36}],"scaleFrame":[{"duration":2,"tweenEasing":0},{"duration":23,"x":2.32,"y":2.32}]},{"name":"xingxing4","translateFrame":[{"duration":25,"x":-959.94,"y":-212.36}],"scaleFrame":[{"duration":2,"tweenEasing":0},{"duration":23,"x":2.32,"y":2.32}]},{"name":"xingxing5","translateFrame":[{"duration":25,"x":-1033.86,"y":-212.36}],"scaleFrame":[{"duration":2,"tweenEasing":0},{"duration":23,"x":2.32,"y":2.32}]},{"name":"xingxing7","translateFrame":[{"duration":25,"x":-819.77,"y":-307.48}],"scaleFrame":[{"duration":2,"tweenEasing":0},{"duration":23,"x":2.32,"y":2.32}]},{"name":"xingxing8","translateFrame":[{"duration":25,"x":-894.59,"y":-307.48}],"scaleFrame":[{"duration":2,"tweenEasing":0},{"duration":23,"x":2.32,"y":2.32}]},{"name":"xingxing9","translateFrame":[{"duration":25,"x":-970.62,"y":-307.48}],"scaleFrame":[{"duration":2,"tweenEasing":0},{"duration":23,"x":2.32,"y":2.32}]},{"name":"xingxing10","translateFrame":[{"duration":25,"x":-1058.72,"y":-307.48}],"scaleFrame":[{"duration":2,"tweenEasing":0},{"duration":23,"x":2.32,"y":2.32}]},{"name":"xingxing6","translateFrame":[{"duration":25,"x":-734.08,"y":-307.48}],"scaleFrame":[{"duration":2,"tweenEasing":0},{"duration":23,"x":2.32,"y":2.32}]}],"slot":[{"name":"absolute_zero","colorFrame":[{"duration":2,"tweenEasing":0,"value":{"aM":0}},{"duration":2,"tweenEasing":0},{"duration":2,"tweenEasing":0,"value":{"aM":34}},{"duration":2,"tweenEasing":0},{"duration":2,"tweenEasing":0,"value":{"aM":34}},{"duration":2,"tweenEasing":0},{"duration":13,"tweenEasing":0,"value":{"aM":34}},{"duration":0,"value":{"aM":0}}]},{"name":"absolute_zero2","colorFrame":[{"duration":2,"tweenEasing":0,"value":{"aM":0}},{"duration":2,"tweenEasing":0},{"duration":2,"tweenEasing":0,"value":{"aM":56}},{"duration":2,"tweenEasing":0},{"duration":17,"tweenEasing":0,"value":{"aM":56}},{"duration":0,"value":{"aM":0}}]},{"name":"absolute_zero3","colorFrame":[{"duration":2,"tweenEasing":0,"value":{"aM":0}},{"duration":2,"tweenEasing":0},{"duration":2,"tweenEasing":0,"value":{"aM":35}},{"duration":2,"tweenEasing":0},{"duration":2,"tweenEasing":0,"value":{"aM":35}},{"duration":2,"tweenEasing":0},{"duration":13,"tweenEasing":0,"value":{"aM":35}},{"duration":0,"value":{"aM":0}}]},{"name":"bingdongshexian_001@2x","displayFrame":[{"duration":25}],"colorFrame":[{"duration":10,"tweenEasing":0},{"duration":15,"tweenEasing":0},{"duration":0,"value":{"aM":0}}]},{"name":"bingdongshexian_002@2x","displayFrame":[{"duration":25}],"colorFrame":[{"duration":2,"tweenEasing":0},{"duration":23,"tweenEasing":0},{"duration":0,"value":{"aM":0}}]},{"name":"bingdongshexian_002@2x2","displayFrame":[{"duration":25}],"colorFrame":[{"duration":5,"tweenEasing":0,"value":{"aM":0}},{"duration":20,"tweenEasing":0},{"duration":0,"value":{"aM":0}}]},{"name":"bingdongshexian_002@2x3","displayFrame":[{"duration":25}],"colorFrame":[{"duration":10,"tweenEasing":0,"value":{"aM":0}},{"duration":15,"tweenEasing":0},{"duration":0,"value":{"aM":0}}]},{"name":"duantoutai/duantoutai1","displayFrame":[{"value":-1},{"duration":3},{"duration":21,"value":1}],"colorFrame":[{"duration":4,"tweenEasing":0},{"duration":7,"curve":[0,0.375,0.875,1]},{"duration":14,"value":{"aM":0}}]},{"name":"duantoutai/duantoutai01","displayFrame":[{"duration":3},{"duration":7,"value":1},{"duration":15}],"colorFrame":[{"duration":3,"tweenEasing":0},{"duration":7,"curve":[0,0.235,0.875,1]},{"duration":15,"value":{"aM":0}}]},{"name":"duantoutai/duantoutai2","displayFrame":[{"duration":2,"value":-1},{"duration":3},{"duration":20,"value":1}],"colorFrame":[{"duration":5,"tweenEasing":0},{"duration":7,"curve":[0,0.335,0.875,1]},{"duration":13,"value":{"aM":0}}]},{"name":"xingxing1","colorFrame":[{"duration":2,"tweenEasing":0},{"duration":2,"tweenEasing":0,"value":{"aM":45}},{"duration":2,"tweenEasing":0},{"duration":2,"tweenEasing":0,"value":{"aM":19}},{"duration":2,"tweenEasing":0},{"duration":2,"tweenEasing":0,"value":{"aM":38}},{"duration":13,"tweenEasing":0},{"duration":0,"value":{"aM":0}}]},{"name":"xingxing2","colorFrame":[{"duration":2,"tweenEasing":0},{"duration":2,"tweenEasing":0,"value":{"aM":45}},{"duration":2,"tweenEasing":0},{"duration":2,"tweenEasing":0,"value":{"aM":19}},{"duration":2,"tweenEasing":0},{"duration":2,"tweenEasing":0,"value":{"aM":38}},{"duration":13,"tweenEasing":0},{"duration":0,"value":{"aM":0}}]},{"name":"xingxing3","colorFrame":[{"duration":2,"tweenEasing":0},{"duration":2,"tweenEasing":0,"value":{"aM":45}},{"duration":2,"tweenEasing":0},{"duration":2,"tweenEasing":0,"value":{"aM":19}},{"duration":2,"tweenEasing":0},{"duration":2,"tweenEasing":0,"value":{"aM":38}},{"duration":13,"tweenEasing":0},{"duration":0,"value":{"aM":0}}]},{"name":"xingxing4","colorFrame":[{"duration":2,"tweenEasing":0},{"duration":2,"tweenEasing":0,"value":{"aM":45}},{"duration":2,"tweenEasing":0},{"duration":2,"tweenEasing":0,"value":{"aM":19}},{"duration":2,"tweenEasing":0},{"duration":2,"tweenEasing":0,"value":{"aM":38}},{"duration":13,"tweenEasing":0},{"duration":0,"value":{"aM":0}}]},{"name":"xingxing5","colorFrame":[{"duration":2,"tweenEasing":0},{"duration":2,"tweenEasing":0,"value":{"aM":45}},{"duration":2,"tweenEasing":0},{"duration":2,"tweenEasing":0,"value":{"aM":19}},{"duration":2,"tweenEasing":0},{"duration":2,"tweenEasing":0,"value":{"aM":38}},{"duration":13,"tweenEasing":0},{"duration":0,"value":{"aM":0}}]},{"name":"xingxing6","colorFrame":[{"duration":2,"tweenEasing":0},{"duration":2,"tweenEasing":0,"value":{"aM":45}},{"duration":2,"tweenEasing":0},{"duration":2,"tweenEasing":0,"value":{"aM":19}},{"duration":2,"tweenEasing":0},{"duration":2,"tweenEasing":0,"value":{"aM":38}},{"duration":13,"tweenEasing":0},{"duration":0,"value":{"aM":0}}]},{"name":"xingxing7","colorFrame":[{"duration":2,"tweenEasing":0},{"duration":2,"tweenEasing":0,"value":{"aM":45}},{"duration":2,"tweenEasing":0},{"duration":2,"tweenEasing":0,"value":{"aM":19}},{"duration":2,"tweenEasing":0},{"duration":2,"tweenEasing":0,"value":{"aM":38}},{"duration":13,"tweenEasing":0},{"duration":0,"value":{"aM":0}}]},{"name":"xingxing8","colorFrame":[{"duration":2,"tweenEasing":0},{"duration":2,"tweenEasing":0,"value":{"aM":45}},{"duration":2,"tweenEasing":0},{"duration":2,"tweenEasing":0,"value":{"aM":19}},{"duration":2,"tweenEasing":0},{"duration":2,"tweenEasing":0,"value":{"aM":38}},{"duration":13,"tweenEasing":0},{"duration":0,"value":{"aM":0}}]},{"name":"xingxing9","colorFrame":[{"duration":2,"tweenEasing":0},{"duration":2,"tweenEasing":0,"value":{"aM":45}},{"duration":2,"tweenEasing":0},{"duration":2,"tweenEasing":0,"value":{"aM":19}},{"duration":2,"tweenEasing":0},{"duration":2,"tweenEasing":0,"value":{"aM":38}},{"duration":13,"tweenEasing":0},{"duration":0,"value":{"aM":0}}]},{"name":"xingxing10","colorFrame":[{"duration":2,"tweenEasing":0},{"duration":2,"tweenEasing":0,"value":{"aM":45}},{"duration":2,"tweenEasing":0},{"duration":2,"tweenEasing":0,"value":{"aM":19}},{"duration":2,"tweenEasing":0},{"duration":2,"tweenEasing":0,"value":{"aM":38}},{"duration":13,"tweenEasing":0},{"duration":0,"value":{"aM":0}}]},{"name":"xuanfenghuichen/xuanfenghuichen03_eff","displayFrame":[{"duration":3},{"duration":22,"value":1}],"colorFrame":[{"duration":3,"tweenEasing":0},{"duration":7,"tweenEasing":0},{"duration":15,"value":{"aM":0}}]},{"name":"xuanfenghuichen/xuanfenghuichen03_eff2","displayFrame":[{"duration":2,"value":-1},{"duration":3},{"duration":20,"value":1}],"colorFrame":[{"duration":5,"tweenEasing":0},{"duration":20,"tweenEasing":0},{"duration":0,"value":{"aM":0}}]}]}],"defaultActions":[{"gotoAndPlay":"000_shuiqiu"}]}]}