{"frameRate":30,"isGlobal":0,"armature":[{"skin":[{"name":"","slot":[{"display":[{"path":"lan_fangshe_00_eff_02","type":"image","name":"lan_fangshe_00_eff_02","transform":{}}],"blendMode":"add","name":"lan_fangshe_00_eff_02"},{"display":[{"path":"guojia_qipan_eff","type":"image","name":"guojia_qipan_eff","transform":{}}],"blendMode":"add","name":"guojia_qipan_eff2"},{"display":[{"path":"xingxing_eff","type":"image","name":"xingxing_eff","transform":{"y":-1.47,"x":-0.03}}],"blendMode":"add","name":"xingxing_eff3"},{"display":[{"path":"guojia_qipan_eff","type":"image","name":"guojia_qipan_eff","transform":{}}],"blendMode":"add","name":"guojia_qipan_eff5"},{"display":[{"path":"guojia_qipan_eff","type":"image","name":"guojia_qipan_eff","transform":{}}],"blendMode":"add","name":"guojia_qipan_eff"},{"display":[{"path":"lan_daoguang_05_eff_01","type":"image","name":"lan_daoguang_05_eff_01","transform":{"y":-14,"x":-4.16}},{"path":"lan_daoguang_05_eff_02","type":"image","name":"lan_daoguang_05_eff_02","transform":{"y":-14,"x":-4.16}},{"path":"lan_daoguang_05_eff_03","type":"image","name":"lan_daoguang_05_eff_03","transform":{"y":-14,"x":-4.16}},{"path":"lan_daoguang_05_eff_04","type":"image","name":"lan_daoguang_05_eff_04","transform":{"y":-14,"x":-4.16}},{"path":"lan_daoguang_05_eff_05","type":"image","name":"lan_daoguang_05_eff_05","transform":{"y":-14,"x":-4.16}}],"blendMode":"add","name":"lan_daoguang_05_eff_01"},{"display":[{"path":"lan_fangshe_00_eff_01","type":"image","name":"lan_fangshe_00_eff_01","transform":{"scX":3.302,"scY":3.302}}],"blendMode":"add","name":"lan_fangshe_00_eff_01"},{"display":[{"path":"ys_qipan_eff_pz","type":"image","name":"ys_qipan_eff_pz","transform":{"scX":38.518,"y":-144.5,"scY":38.518,"x":104.36}}],"name":"ys_qipan_eff_pz"},{"display":[{"path":"xingxing_eff","type":"image","name":"xingxing_eff","transform":{"y":-1.47,"x":-0.03}}],"blendMode":"add","name":"xingxing_eff4"},{"display":[{"path":"xingxing_eff","type":"image","name":"xingxing_eff","transform":{"y":-1.47,"x":-0.03}}],"blendMode":"add","name":"xingxing_eff5"},{"display":[{"path":"guojia_qipan_eff","type":"image","name":"guojia_qipan_eff","transform":{}}],"blendMode":"add","name":"guojia_qipan_eff6"},{"display":[{"path":"xingxing_eff","type":"image","name":"xingxing_eff","transform":{"y":-1.47,"x":-0.03}}],"blendMode":"add","name":"xingxing_eff2"},{"display":[{"path":"xingxing_eff","type":"image","name":"xingxing_eff","transform":{"y":-1.47,"x":-0.03}}],"blendMode":"add","name":"xingxing_eff"},{"display":[{"path":"guojia_qipan_eff","type":"image","name":"guojia_qipan_eff","transform":{}}],"blendMode":"add","name":"guojia_qipan_eff3"},{"display":[{"path":"guojia_qipan_eff","type":"image","name":"guojia_qipan_eff","transform":{}}],"blendMode":"add","name":"guojia_qipan_eff4"}]}],"slot":[{"name":"ys_qipan_eff_pz","parent":"ys_qipan_eff_pz","color":{}},{"blendMode":"add","z":1,"parent":"guojia_qipan_eff","name":"guojia_qipan_eff","color":{}},{"blendMode":"add","z":2,"parent":"guojia_qipan_eff3","name":"guojia_qipan_eff3","color":{}},{"blendMode":"add","z":3,"parent":"guojia_qipan_eff4","name":"guojia_qipan_eff4","color":{}},{"blendMode":"add","z":4,"parent":"guojia_qipan_eff5","name":"guojia_qipan_eff5","color":{}},{"blendMode":"add","z":5,"parent":"guojia_qipan_eff6","name":"guojia_qipan_eff6","color":{}},{"blendMode":"add","z":6,"parent":"guojia_qipan_eff2","name":"guojia_qipan_eff2","color":{}},{"blendMode":"add","z":7,"parent":"lan_fangshe_00_eff_02","name":"lan_fangshe_00_eff_02","color":{}},{"blendMode":"add","z":8,"parent":"lan_fangshe_00_eff_01","name":"lan_fangshe_00_eff_01","color":{}},{"blendMode":"add","z":9,"parent":"lan_daoguang_05_eff_01","name":"lan_daoguang_05_eff_01","color":{}},{"blendMode":"add","z":10,"parent":"xingxing_eff","name":"xingxing_eff","color":{}},{"blendMode":"add","z":11,"parent":"xingxing_eff2","name":"xingxing_eff2","color":{}},{"blendMode":"add","z":12,"parent":"xingxing_eff3","name":"xingxing_eff3","color":{}},{"blendMode":"add","z":13,"parent":"xingxing_eff4","name":"xingxing_eff4","color":{}},{"blendMode":"add","z":14,"parent":"xingxing_eff5","name":"xingxing_eff5","color":{}}],"type":"Armature","ik":[],"defaultActions":[{"gotoAndPlay":"animation"}],"animation":[{"ffd":[],"frame":[],"duration":60,"ik":[],"bone":[{"frame":[{"duration":30,"transform":{}},{"duration":30,"transform":{}}],"name":"root"},{"frame":[{"duration":30,"curve":[0,0.93,0.75,1],"transform":{"x":-286.53}},{"duration":30,"curve":[0,0.6,0.75,1],"transform":{"scX":1.251,"scY":0.471}},{"duration":0,"transform":{"scX":1.248,"scY":0.34}}],"name":"guojia_qipan_eff"},{"frame":[{"duration":30,"curve":[0,0.93,0.75,1],"transform":{"x":316.93}},{"duration":30,"curve":[0,0.6,0.75,1],"transform":{"scX":1.251,"scY":0.471}},{"duration":0,"transform":{"scX":1.248,"scY":0.34}}],"name":"guojia_qipan_eff2"},{"frame":[{"duration":30,"curve":[0.25,0,1,0.25],"transform":{"scX":5.117,"scY":5.117}},{"duration":30,"transform":{}}],"name":"lan_fangshe_00_eff_02"},{"frame":[{"duration":30,"curve":[0,0.93,0.75,1],"transform":{}},{"duration":30,"curve":[0,0.6,0.75,1],"transform":{"scX":0.21,"scY":0.21}},{"duration":0,"transform":{"scX":1.317,"scY":1.317}}],"name":"lan_fangshe_00_eff_01"},{"frame":[{"duration":30,"curve":[0,0.93,0.75,1],"transform":{}},{"duration":30,"curve":[0,0.6,0.75,1],"transform":{"scX":2.367,"scY":2.367}},{"duration":0,"transform":{"scX":3.649,"scY":3.649}}],"name":"lan_daoguang_05_eff_01"},{"frame":[{"duration":30,"curve":[0,0.93,0.75,1],"transform":{"x":-415.48}},{"duration":30,"curve":[0,0.6,0.75,1],"transform":{"scX":1.251,"scY":0.471}},{"duration":0,"transform":{"scX":1.248,"scY":0.34}}],"name":"guojia_qipan_eff3"},{"frame":[{"duration":30,"curve":[0,0.93,0.75,1],"transform":{"y":423.33}},{"duration":30,"curve":[0,0.6,0.75,1],"transform":{"scX":1.237,"scY":0.344}},{"duration":0,"transform":{"scX":1.248,"scY":0.406}}],"name":"guojia_qipan_eff4"},{"frame":[{"duration":30,"curve":[0,0.93,0.75,1],"transform":{"y":-335.02}},{"duration":30,"curve":[0,0.6,0.75,1],"transform":{"scX":1.237,"scY":0.344}},{"duration":0,"transform":{"scX":1.248,"scY":0.406}}],"name":"guojia_qipan_eff5"},{"frame":[{"duration":30,"curve":[0,0.93,0.75,1],"transform":{"y":286.28}},{"duration":30,"curve":[0,0.6,0.75,1],"transform":{"scX":1.237,"scY":0.344}},{"duration":0,"transform":{"scX":1.248,"scY":0.406}}],"name":"guojia_qipan_eff6"},{"frame":[{"duration":30,"curve":[0,0.93,0.75,1],"transform":{"skX":-179.06,"skY":-179.06}},{"duration":30,"curve":[0,0.6,0.75,1],"transform":{}},{"duration":0,"transform":{"skX":12.63,"skY":12.63,"scX":0.563,"y":-122.94,"scY":0.563,"x":-80.64}}],"name":"xingxing_eff"},{"frame":[{"duration":30,"curve":[0,0.93,0.75,1],"transform":{"skX":-179.06,"skY":-179.06}},{"duration":30,"curve":[0,0.6,0.75,1],"transform":{}},{"duration":0,"transform":{"skX":12.63,"skY":12.63,"scX":0.563,"y":-70.06,"scY":0.563,"x":60.81}}],"name":"xingxing_eff2"},{"frame":[{"duration":30,"curve":[0,0.93,0.75,1],"transform":{"skX":-179.06,"skY":-179.06}},{"duration":30,"curve":[0,0.6,0.75,1],"transform":{}},{"duration":0,"transform":{"skX":12.63,"skY":12.63,"scX":0.563,"y":52.87,"scY":0.563,"x":-55.52}}],"name":"xingxing_eff3"},{"frame":[{"duration":30,"curve":[0,0.93,0.75,1],"transform":{"skX":-179.06,"skY":-179.06}},{"duration":30,"curve":[0,0.6,0.75,1],"transform":{}},{"duration":0,"transform":{"skX":12.63,"skY":12.63,"scX":0.563,"y":22.47,"scY":0.563,"x":42.3}}],"name":"xingxing_eff4"},{"frame":[{"duration":30,"curve":[0,0.93,0.75,1],"transform":{"skX":-179.06,"skY":-179.06}},{"duration":30,"curve":[0,0.6,0.75,1],"transform":{}},{"duration":0,"transform":{"skX":12.63,"skY":12.63,"scX":0.563,"y":58.16,"scY":0.563,"x":-118.98}}],"name":"xingxing_eff5"},{"frame":[{"tweenEasing":0,"duration":30,"transform":{}},{"duration":30,"transform":{"scX":2.118,"y":157.55,"scY":2.118,"x":-98.27}},{"duration":0,"transform":{"scX":2.118,"y":157.55,"scY":2.118,"x":-98.27}}],"name":"ys_qipan_eff_pz"}],"slot":[{"frame":[{"tweenEasing":0,"duration":30},{"duration":30,"curve":[0,0.6,0.75,1]},{"tweenEasing":null,"duration":0,"color":{"aM":0}}],"name":"guojia_qipan_eff"},{"frame":[{"tweenEasing":0,"duration":30},{"duration":30,"curve":[0,0.6,0.75,1]},{"tweenEasing":null,"duration":0,"color":{"aM":0}}],"name":"guojia_qipan_eff2"},{"frame":[{"tweenEasing":0,"duration":30},{"duration":30,"curve":[0,0.6,0.75,1]},{"tweenEasing":null,"duration":0,"color":{"aM":0}}],"name":"guojia_qipan_eff3"},{"frame":[{"tweenEasing":0,"duration":30},{"duration":30,"curve":[0,0.6,0.75,1]},{"tweenEasing":null,"duration":0,"color":{"aM":0}}],"name":"guojia_qipan_eff4"},{"frame":[{"tweenEasing":0,"duration":30},{"duration":30,"curve":[0,0.6,0.75,1]},{"tweenEasing":null,"duration":0,"color":{"aM":0}}],"name":"guojia_qipan_eff5"},{"frame":[{"tweenEasing":0,"duration":30},{"duration":30,"curve":[0,0.6,0.75,1]},{"tweenEasing":null,"duration":0,"color":{"aM":0}}],"name":"guojia_qipan_eff6"},{"frame":[{"tweenEasing":0,"displayIndex":-1,"duration":30},{"tweenEasing":0,"duration":2},{"tweenEasing":0,"displayIndex":1,"duration":2},{"tweenEasing":0,"displayIndex":2,"duration":3},{"tweenEasing":0,"displayIndex":3,"duration":4},{"tweenEasing":0,"displayIndex":4,"duration":19},{"tweenEasing":null,"displayIndex":4,"duration":0,"color":{"aM":0}}],"name":"lan_daoguang_05_eff_01"},{"frame":[{"tweenEasing":0,"duration":30},{"tweenEasing":0,"duration":10},{"tweenEasing":0,"duration":20},{"tweenEasing":null,"duration":0,"color":{"aM":0}}],"name":"lan_fangshe_00_eff_01"},{"frame":[{"tweenEasing":0,"duration":30},{"tweenEasing":null,"duration":30}],"name":"lan_fangshe_00_eff_02"},{"frame":[{"duration":30,"curve":[0,0.93,0.75,1],"color":{"aM":0}},{"duration":30,"curve":[0,0.6,0.75,1]},{"tweenEasing":null,"duration":0,"color":{"aM":0}}],"name":"xingxing_eff"},{"frame":[{"duration":30,"curve":[0,0.93,0.75,1],"color":{"aM":0}},{"duration":30,"curve":[0,0.6,0.75,1]},{"tweenEasing":null,"duration":0,"color":{"aM":0}}],"name":"xingxing_eff2"},{"frame":[{"duration":30,"curve":[0,0.93,0.75,1],"color":{"aM":0}},{"duration":30,"curve":[0,0.6,0.75,1]},{"tweenEasing":null,"duration":0,"color":{"aM":0}}],"name":"xingxing_eff3"},{"frame":[{"duration":30,"curve":[0,0.465,0.875,1],"color":{"aM":0}},{"duration":30,"curve":[0,0.6,0.75,1]},{"tweenEasing":null,"duration":0,"color":{"aM":0}}],"name":"xingxing_eff4"},{"frame":[{"duration":30,"curve":[0,0.465,0.875,1],"color":{"aM":0}},{"duration":30,"curve":[0,0.6,0.75,1]},{"tweenEasing":null,"duration":0,"color":{"aM":0}}],"name":"xingxing_eff5"},{"frame":[{"tweenEasing":0,"displayIndex":-1,"duration":30},{"tweenEasing":0,"duration":30},{"tweenEasing":null,"duration":0}],"name":"ys_qipan_eff_pz"}],"name":"animation"},{"ffd":[],"frame":[],"duration":20,"ik":[],"bone":[{"frame":[{"duration":20,"transform":{}}],"name":"root"},{"frame":[{"duration":20,"transform":{"scX":1.251,"scY":0.471}}],"name":"guojia_qipan_eff"},{"frame":[{"duration":20,"curve":[0,0.6,0.75,1],"transform":{"scX":1.251,"scY":0.471}},{"duration":0,"transform":{"scX":1.248,"scY":0.34}}],"name":"guojia_qipan_eff2"},{"frame":[{"duration":20,"transform":{}}],"name":"lan_fangshe_00_eff_02"},{"frame":[{"duration":20,"curve":[0,0.6,0.75,1],"transform":{"scX":0.21,"scY":0.21}},{"duration":0,"transform":{"scX":1.317,"scY":1.317}}],"name":"lan_fangshe_00_eff_01"},{"frame":[{"duration":20,"transform":{"scX":2.367,"scY":2.367}}],"name":"lan_daoguang_05_eff_01"},{"frame":[{"duration":20,"transform":{"scX":1.251,"scY":0.471}}],"name":"guojia_qipan_eff3"},{"frame":[{"duration":20,"transform":{"scX":1.237,"scY":0.344}}],"name":"guojia_qipan_eff4"},{"frame":[{"duration":20,"curve":[0,0.6,0.75,1],"transform":{"scX":1.237,"scY":0.344}},{"duration":0,"transform":{"scX":1.248,"scY":0.406}}],"name":"guojia_qipan_eff5"},{"frame":[{"duration":20,"transform":{"scX":1.248,"scY":0.406}}],"name":"guojia_qipan_eff6"},{"frame":[{"duration":20,"transform":{}}],"name":"xingxing_eff"},{"frame":[{"duration":20,"transform":{}}],"name":"xingxing_eff2"},{"frame":[{"duration":20,"transform":{}}],"name":"xingxing_eff3"},{"frame":[{"duration":20,"transform":{}}],"name":"xingxing_eff4"},{"frame":[{"duration":20,"transform":{}}],"name":"xingxing_eff5"},{"frame":[{"duration":20,"transform":{}}],"name":"ys_qipan_eff_pz"}],"slot":[{"frame":[{"tweenEasing":null,"displayIndex":-1,"duration":20}],"name":"guojia_qipan_eff"},{"frame":[{"duration":20,"curve":[0,0.6,0.75,1]},{"tweenEasing":null,"duration":0,"color":{"aM":0}}],"name":"guojia_qipan_eff2"},{"frame":[{"tweenEasing":null,"displayIndex":-1,"duration":20}],"name":"guojia_qipan_eff3"},{"frame":[{"tweenEasing":null,"displayIndex":-1,"duration":20}],"name":"guojia_qipan_eff4"},{"frame":[{"duration":20,"curve":[0,0.3,0.875,1]},{"tweenEasing":null,"duration":0,"color":{"aM":0}}],"name":"guojia_qipan_eff5"},{"frame":[{"tweenEasing":null,"displayIndex":-1,"duration":20,"color":{"aM":0}}],"name":"guojia_qipan_eff6"},{"frame":[{"tweenEasing":null,"displayIndex":-1,"duration":20}],"name":"lan_daoguang_05_eff_01"},{"frame":[{"tweenEasing":0,"duration":5},{"tweenEasing":0,"duration":15},{"tweenEasing":null,"duration":0,"color":{"aM":0}}],"name":"lan_fangshe_00_eff_01"},{"frame":[{"tweenEasing":null,"duration":20}],"name":"lan_fangshe_00_eff_02"},{"frame":[{"tweenEasing":null,"displayIndex":-1,"duration":20}],"name":"xingxing_eff"},{"frame":[{"tweenEasing":null,"displayIndex":-1,"duration":20}],"name":"xingxing_eff2"},{"frame":[{"tweenEasing":null,"displayIndex":-1,"duration":20}],"name":"xingxing_eff3"},{"frame":[{"tweenEasing":null,"displayIndex":-1,"duration":20}],"name":"xingxing_eff4"},{"frame":[{"tweenEasing":null,"displayIndex":-1,"duration":20}],"name":"xingxing_eff5"}],"name":"animation2"}],"bone":[{"name":"root","transform":{}},{"transform":{"y":-63.42,"x":-62.51},"name":"guojia_qipan_eff","parent":"root"},{"transform":{},"name":"guojia_qipan_eff2","parent":"root"},{"transform":{"y":66.5,"x":64.08},"name":"guojia_qipan_eff3","parent":"root"},{"transform":{"skX":-90,"skY":-90,"y":-61.9,"x":-60.89},"name":"guojia_qipan_eff4","parent":"root"},{"transform":{"skX":-90,"skY":-90,"y":-0.26,"x":2.44},"name":"guojia_qipan_eff5","parent":"root"},{"transform":{"skX":-90,"skY":-90,"y":66.2,"x":65.79},"name":"guojia_qipan_eff6","parent":"root"},{"transform":{},"name":"lan_daoguang_05_eff_01","parent":"root"},{"transform":{"scX":0.515,"scY":0.515},"name":"lan_fangshe_00_eff_01","parent":"root"},{"transform":{"scX":0.305,"scY":0.305},"name":"lan_fangshe_00_eff_02","parent":"root"},{"transform":{"scX":0.253,"y":-29.34,"scY":0.253,"x":-62.53},"name":"xingxing_eff","parent":"root"},{"transform":{"scX":0.253,"y":-64.34,"scY":0.253,"x":64.46},"name":"xingxing_eff2","parent":"root"},{"transform":{"scX":0.253,"y":120.65,"scY":0.253,"x":0.46},"name":"xingxing_eff3","parent":"root"},{"transform":{"scX":0.253,"y":66.65,"scY":0.253,"x":151.46},"name":"xingxing_eff4","parent":"root"},{"transform":{"scX":0.253,"y":-1.34,"scY":0.253,"x":-144.53},"name":"xingxing_eff5","parent":"root"},{"transform":{"y":134.23,"x":-107.22},"name":"ys_qipan_eff_pz","parent":"root"}],"aabb":{"width":603.3,"y":-164,"height":359.27809,"x":-300.01},"name":"armatureName","frameRate":30}],"name":"ys_qipan_eff","version":"4.0"}