{"frameRate":30,"isGlobal":0,"armature":[{"skin":[{"name":"","slot":[{"display":[{"path":"ys_sishen_qu1_010_eff","type":"image","name":"ys_sishen_qu1_010_eff","transform":{"skX":90.6,"skY":90.6,"y":9.51,"x":-2.12}}],"name":"ys_sishen_qu1_010_eff"},{"display":[{"path":"ys_sishen_wu1_008_eff","type":"image","name":"ys_sishen_wu1_008_eff","transform":{"skX":90.56,"skY":90.56,"y":1.84,"x":-0.51}}],"name":"ys_sishen_wu1_008_eff"},{"display":[{"path":"ys_sishen_de1_004_eff","type":"image","name":"ys_sishen_de1_004_eff","transform":{"skX":89.11,"skY":89.11,"y":-2.26,"x":-1.41}}],"name":"ys_sishen_de1_004_eff"},{"display":[{"path":"ys_sishen_si2_001_eff","type":"image","name":"ys_sishen_si2_001_eff","transform":{"skX":-90,"skY":-90,"y":7.51,"x":-1.52}}],"name":"ys_sishen_si2_001_eff"},{"display":[{"path":"ys_sishen_shen2_003_eff","type":"image","name":"ys_sishen_shen2_003_eff","transform":{"skX":-90,"skY":-90,"y":-0.05,"x":-0.66}}],"name":"ys_sishen_shen2_003_eff"},{"display":[{"path":"ys_sishen_qu2_011_eff","type":"image","name":"ys_sishen_qu2_011_eff","transform":{"skX":-91.72,"skY":-91.72,"y":-9.24,"x":-1.86}}],"name":"ys_sishen_qu2_011_eff"},{"display":[{"path":"ys_sishen_yuan1_006_eff","type":"image","name":"ys_sishen_yuan1_006_eff","transform":{"skX":89.24,"skY":89.24,"y":-5.39,"x":-2.38}}],"name":"ys_sishen_yuan1_006_eff"},{"display":[{"path":"ys_sishen_wu2_009_eff","type":"image","name":"ys_sishen_wu2_009_eff","transform":{"skX":-90.6,"skY":-90.6,"y":-1.84,"x":-0.25}}],"name":"ys_sishen_wu2_009_eff"},{"display":[{"path":"ys_sishen_de2_005_eff","type":"image","name":"ys_sishen_de2_005_eff","transform":{"skX":-90,"skY":-90,"y":2.29,"x":-0.32}}],"name":"ys_sishen_de2_005_eff"},{"display":[{"path":"ys_sishen_yuan2_007_eff","type":"image","name":"ys_sishen_yuan2_007_eff","transform":{"skX":-90.78,"skY":-90.78,"y":5.44,"x":-1.44}}],"name":"ys_sishen_yuan2_007_eff"},{"display":[{"path":"ys_sishen_si1_000_eff","type":"image","name":"ys_sishen_si1_000_eff","transform":{"skX":92.66,"skY":92.66,"y":-8.14,"x":-0.87}}],"name":"ys_sishen_si1_000_eff"},{"display":[{"path":"ys_sishen_shen1_002_eff","type":"image","name":"ys_sishen_shen1_002_eff","transform":{"skX":90.36,"skY":90.36,"y":0.05,"x":-1.5}}],"name":"ys_sishen_shen1_002_eff"}]}],"slot":[{"name":"ys_sishen_si1_000_eff","parent":"ys_sishen_si1_000_eff","color":{}},{"z":1,"name":"ys_sishen_si2_001_eff","parent":"ys_sishen_si2_001_eff","color":{}},{"z":2,"name":"ys_sishen_shen1_002_eff","parent":"ys_sishen_shen1_002_eff","color":{}},{"z":3,"name":"ys_sishen_shen2_003_eff","parent":"ys_sishen_shen2_003_eff","color":{}},{"z":4,"name":"ys_sishen_de1_004_eff","parent":"ys_sishen_de1_004_eff","color":{}},{"z":5,"name":"ys_sishen_de2_005_eff","parent":"ys_sishen_de2_005_eff","color":{}},{"z":6,"name":"ys_sishen_yuan1_006_eff","parent":"ys_sishen_yuan1_006_eff","color":{}},{"z":7,"name":"ys_sishen_yuan2_007_eff","parent":"ys_sishen_yuan2_007_eff","color":{}},{"z":8,"name":"ys_sishen_wu1_008_eff","parent":"ys_sishen_wu1_008_eff","color":{}},{"z":9,"name":"ys_sishen_wu2_009_eff","parent":"ys_sishen_wu2_009_eff","color":{}},{"z":10,"name":"ys_sishen_qu1_010_eff","parent":"ys_sishen_qu1_010_eff","color":{}},{"z":11,"name":"ys_sishen_qu2_011_eff","parent":"ys_sishen_qu2_011_eff","color":{}}],"type":"Armature","ik":[],"defaultActions":[{"gotoAndPlay":"0000_wenzichuxian"}],"animation":[{"ffd":[],"frame":[],"duration":55,"ik":[],"bone":[{"frame":[{"duration":30,"curve":[0,0.4,0.875,1],"transform":{"skX":-0.02,"skY":-0.02,"y":0.1,"x":-181.03}},{"duration":25,"curve":[0,0.66,0.75,1],"transform":{}},{"duration":0,"transform":{"x":34.02}}],"name":"root"},{"frame":[{"tweenEasing":0,"duration":5,"transform":{"skX":-0.05,"skY":-0.05,"scX":2,"scY":2}},{"tweenEasing":0,"duration":25,"transform":{"skX":-0.04,"skY":-0.04}},{"duration":25,"transform":{}},{"duration":0,"transform":{}}],"name":"001_si"},{"frame":[{"tweenEasing":0,"duration":5,"transform":{"skX":0.02,"skY":0.02}},{"duration":25,"transform":{"skX":0.02,"skY":0.02}},{"duration":25,"curve":[0,0.66,0.75,1],"transform":{}},{"duration":0,"transform":{"y":0.25,"x":-5.49}}],"name":"ys_sishen_si1_000_eff"},{"frame":[{"duration":5,"transform":{}},{"duration":25,"transform":{}},{"duration":25,"curve":[0,0.66,0.75,1],"transform":{}},{"duration":0,"transform":{"x":9.63}}],"name":"ys_sishen_si2_001_eff"},{"frame":[{"tweenEasing":0,"duration":5,"transform":{}},{"tweenEasing":0,"duration":5,"transform":{"scX":2,"scY":2}},{"duration":20,"transform":{}},{"duration":25,"transform":{}},{"duration":0,"transform":{}}],"name":"002_shen"},{"frame":[{"duration":5,"transform":{}},{"duration":5,"transform":{}},{"duration":20,"transform":{}},{"duration":25,"curve":[0,0.66,0.75,1],"transform":{}},{"duration":0,"transform":{"y":0.03,"x":-5.49}}],"name":"ys_sishen_shen1_002_eff"},{"frame":[{"duration":5,"transform":{}},{"duration":5,"transform":{}},{"duration":20,"transform":{}},{"duration":25,"curve":[0,0.66,0.75,1],"transform":{}},{"duration":0,"transform":{"x":9.63}}],"name":"ys_sishen_shen2_003_eff"},{"frame":[{"duration":10,"transform":{"scX":2,"scY":2}},{"tweenEasing":0,"duration":5,"transform":{"scX":2,"scY":2}},{"duration":15,"transform":{}},{"duration":25,"transform":{}},{"duration":0,"transform":{}}],"name":"003_de"},{"frame":[{"duration":10,"transform":{}},{"duration":5,"transform":{}},{"duration":15,"transform":{}},{"duration":25,"curve":[0,0.66,0.75,1],"transform":{}},{"duration":0,"transform":{"y":-0.08,"x":-5.49}}],"name":"ys_sishen_de1_004_eff"},{"frame":[{"duration":10,"transform":{}},{"duration":5,"transform":{}},{"duration":15,"transform":{}},{"duration":25,"curve":[0,0.66,0.75,1],"transform":{}},{"duration":0,"transform":{"x":9.63}}],"name":"ys_sishen_de2_005_eff"},{"frame":[{"tweenEasing":0,"duration":15,"transform":{}},{"tweenEasing":0,"duration":5,"transform":{"scX":2,"scY":2}},{"duration":10,"transform":{}},{"duration":25,"transform":{}},{"duration":0,"transform":{}}],"name":"004_yuan"},{"frame":[{"duration":15,"transform":{}},{"duration":5,"transform":{}},{"duration":10,"transform":{}},{"duration":25,"curve":[0,0.66,0.75,1],"transform":{}},{"duration":0,"transform":{"y":-0.07,"x":-5.49}}],"name":"ys_sishen_yuan1_006_eff"},{"frame":[{"duration":15,"transform":{}},{"duration":5,"transform":{}},{"duration":10,"transform":{}},{"duration":25,"curve":[0,0.66,0.75,1],"transform":{}},{"duration":0,"transform":{"y":0.13,"x":9.63}}],"name":"ys_sishen_yuan2_007_eff"},{"frame":[{"tweenEasing":0,"duration":20,"transform":{}},{"tweenEasing":0,"duration":5,"transform":{"scX":2,"scY":2}},{"duration":5,"transform":{}},{"duration":25,"transform":{}},{"duration":0,"transform":{}}],"name":"005_wu"},{"frame":[{"duration":30,"transform":{}},{"duration":25,"curve":[0,0.66,0.75,1],"transform":{}},{"duration":0,"transform":{"y":0.05,"x":-5.49}}],"name":"ys_sishen_wu1_008_eff"},{"frame":[{"duration":30,"transform":{}},{"duration":25,"curve":[0,0.66,0.75,1],"transform":{}},{"duration":0,"transform":{"y":0.1,"x":9.63}}],"name":"ys_sishen_wu2_009_eff"},{"frame":[{"duration":25,"transform":{"scX":2,"scY":2}},{"tweenEasing":0,"duration":5,"transform":{"scX":2,"scY":2}},{"duration":25,"transform":{}},{"duration":0,"transform":{}}],"name":"006_qu"},{"frame":[{"duration":30,"transform":{}},{"duration":25,"curve":[0,0.66,0.75,1],"transform":{}},{"duration":0,"transform":{"y":0.05,"x":-5.49}}],"name":"ys_sishen_qu1_010_eff"},{"frame":[{"duration":30,"transform":{}},{"duration":25,"curve":[0,0.66,0.75,1],"transform":{}},{"duration":0,"transform":{"y":0.29,"x":9.62}}],"name":"ys_sishen_qu2_011_eff"}],"slot":[{"frame":[{"tweenEasing":null,"duration":10,"color":{"aM":0}},{"tweenEasing":0,"duration":5,"color":{"aM":0}},{"tweenEasing":null,"duration":15},{"tweenEasing":null,"duration":5},{"tweenEasing":0,"duration":20},{"tweenEasing":null,"duration":0,"color":{"aM":0}}],"name":"ys_sishen_de1_004_eff"},{"frame":[{"tweenEasing":null,"duration":10,"color":{"aM":0}},{"tweenEasing":0,"duration":5,"color":{"aM":0}},{"tweenEasing":null,"duration":15},{"tweenEasing":null,"duration":5},{"tweenEasing":0,"duration":20},{"tweenEasing":null,"duration":0,"color":{"aM":0}}],"name":"ys_sishen_de2_005_eff"},{"frame":[{"tweenEasing":null,"duration":25,"color":{"aM":0}},{"tweenEasing":0,"duration":5,"color":{"aM":0}},{"tweenEasing":null,"duration":5},{"tweenEasing":0,"duration":20},{"tweenEasing":null,"duration":0,"color":{"aM":0}}],"name":"ys_sishen_qu1_010_eff"},{"frame":[{"tweenEasing":null,"duration":25,"color":{"aM":0}},{"tweenEasing":0,"duration":5,"color":{"aM":0}},{"tweenEasing":null,"duration":5},{"tweenEasing":0,"duration":20},{"tweenEasing":null,"duration":0,"color":{"aM":0}}],"name":"ys_sishen_qu2_011_eff"},{"frame":[{"tweenEasing":null,"duration":5,"color":{"aM":0}},{"tweenEasing":0,"duration":5,"color":{"aM":0}},{"tweenEasing":null,"duration":20},{"tweenEasing":null,"duration":5},{"tweenEasing":0,"duration":20},{"tweenEasing":null,"duration":0,"color":{"aM":0}}],"name":"ys_sishen_shen1_002_eff"},{"frame":[{"tweenEasing":null,"duration":5,"color":{"aM":0}},{"tweenEasing":0,"duration":5,"color":{"aM":0}},{"tweenEasing":null,"duration":20},{"tweenEasing":null,"duration":5},{"tweenEasing":0,"duration":20},{"tweenEasing":null,"duration":0,"color":{"aM":0}}],"name":"ys_sishen_shen2_003_eff"},{"frame":[{"tweenEasing":0,"duration":5,"color":{"aM":0}},{"tweenEasing":null,"duration":25},{"tweenEasing":null,"duration":5},{"tweenEasing":0,"duration":20},{"tweenEasing":null,"duration":0,"color":{"aM":0}}],"name":"ys_sishen_si1_000_eff"},{"frame":[{"tweenEasing":0,"duration":5,"color":{"aM":0}},{"tweenEasing":null,"duration":25},{"tweenEasing":null,"duration":5},{"tweenEasing":0,"duration":20},{"tweenEasing":null,"duration":0,"color":{"aM":0}}],"name":"ys_sishen_si2_001_eff"},{"frame":[{"tweenEasing":null,"duration":20,"color":{"aM":0}},{"tweenEasing":0,"duration":5,"color":{"aM":0}},{"tweenEasing":null,"duration":5},{"tweenEasing":null,"duration":5},{"tweenEasing":0,"duration":20},{"tweenEasing":null,"duration":0,"color":{"aM":0}}],"name":"ys_sishen_wu1_008_eff"},{"frame":[{"tweenEasing":null,"duration":20,"color":{"aM":0}},{"tweenEasing":0,"duration":5,"color":{"aM":0}},{"tweenEasing":null,"duration":5},{"tweenEasing":null,"duration":5},{"tweenEasing":0,"duration":20},{"tweenEasing":null,"duration":0,"color":{"aM":0}}],"name":"ys_sishen_wu2_009_eff"},{"frame":[{"tweenEasing":null,"duration":15,"color":{"aM":0}},{"tweenEasing":0,"duration":5,"color":{"aM":0}},{"tweenEasing":null,"duration":10},{"tweenEasing":null,"duration":5},{"tweenEasing":0,"duration":20},{"tweenEasing":null,"duration":0,"color":{"aM":0}}],"name":"ys_sishen_yuan1_006_eff"},{"frame":[{"tweenEasing":null,"duration":15,"color":{"aM":0}},{"tweenEasing":0,"duration":5,"color":{"aM":0}},{"tweenEasing":null,"duration":10},{"tweenEasing":null,"duration":5},{"tweenEasing":0,"duration":20},{"tweenEasing":null,"duration":0,"color":{"aM":0}}],"name":"ys_sishen_yuan2_007_eff"}],"name":"0000_wenzichuxian"},{"ffd":[],"frame":[],"duration":25,"ik":[],"bone":[{"frame":[{"duration":25,"curve":[0,0.66,0.75,1],"transform":{}},{"duration":0,"transform":{"x":34.02}}],"name":"root"},{"frame":[{"duration":25,"transform":{}},{"duration":0,"transform":{}}],"name":"001_si"},{"frame":[{"duration":25,"curve":[0,0.66,0.75,1],"transform":{}},{"duration":0,"transform":{"y":0.25,"x":-5.49}}],"name":"ys_sishen_si1_000_eff"},{"frame":[{"duration":25,"curve":[0,0.66,0.75,1],"transform":{}},{"duration":0,"transform":{"x":9.63}}],"name":"ys_sishen_si2_001_eff"},{"frame":[{"duration":25,"transform":{}},{"duration":0,"transform":{}}],"name":"002_shen"},{"frame":[{"duration":25,"curve":[0,0.66,0.75,1],"transform":{}},{"duration":0,"transform":{"y":0.03,"x":-5.49}}],"name":"ys_sishen_shen1_002_eff"},{"frame":[{"duration":25,"curve":[0,0.66,0.75,1],"transform":{}},{"duration":0,"transform":{"x":9.63}}],"name":"ys_sishen_shen2_003_eff"},{"frame":[{"duration":25,"transform":{}},{"duration":0,"transform":{}}],"name":"003_de"},{"frame":[{"duration":25,"curve":[0,0.66,0.75,1],"transform":{}},{"duration":0,"transform":{"y":-0.08,"x":-5.49}}],"name":"ys_sishen_de1_004_eff"},{"frame":[{"duration":25,"curve":[0,0.66,0.75,1],"transform":{}},{"duration":0,"transform":{"x":9.63}}],"name":"ys_sishen_de2_005_eff"},{"frame":[{"duration":25,"transform":{}},{"duration":0,"transform":{}}],"name":"004_yuan"},{"frame":[{"duration":25,"curve":[0,0.66,0.75,1],"transform":{}},{"duration":0,"transform":{"y":-0.07,"x":-5.49}}],"name":"ys_sishen_yuan1_006_eff"},{"frame":[{"duration":25,"curve":[0,0.66,0.75,1],"transform":{}},{"duration":0,"transform":{"y":0.13,"x":9.63}}],"name":"ys_sishen_yuan2_007_eff"},{"frame":[{"duration":25,"transform":{}},{"duration":0,"transform":{}}],"name":"005_wu"},{"frame":[{"duration":25,"curve":[0,0.66,0.75,1],"transform":{}},{"duration":0,"transform":{"y":0.05,"x":-5.49}}],"name":"ys_sishen_wu1_008_eff"},{"frame":[{"duration":25,"curve":[0,0.66,0.75,1],"transform":{}},{"duration":0,"transform":{"y":0.1,"x":9.63}}],"name":"ys_sishen_wu2_009_eff"},{"frame":[{"duration":25,"transform":{}},{"duration":0,"transform":{}}],"name":"006_qu"},{"frame":[{"duration":25,"curve":[0,0.66,0.75,1],"transform":{}},{"duration":0,"transform":{"y":0.05,"x":-5.49}}],"name":"ys_sishen_qu1_010_eff"},{"frame":[{"duration":25,"curve":[0,0.66,0.75,1],"transform":{}},{"duration":0,"transform":{"y":0.29,"x":9.62}}],"name":"ys_sishen_qu2_011_eff"}],"slot":[{"frame":[{"tweenEasing":null,"duration":5},{"tweenEasing":0,"duration":20},{"tweenEasing":null,"duration":0,"color":{"aM":0}}],"name":"ys_sishen_de1_004_eff"},{"frame":[{"tweenEasing":null,"duration":5},{"tweenEasing":0,"duration":20},{"tweenEasing":null,"duration":0,"color":{"aM":0}}],"name":"ys_sishen_de2_005_eff"},{"frame":[{"tweenEasing":null,"duration":5},{"tweenEasing":0,"duration":20},{"tweenEasing":null,"duration":0,"color":{"aM":0}}],"name":"ys_sishen_qu1_010_eff"},{"frame":[{"tweenEasing":null,"duration":5},{"tweenEasing":0,"duration":20},{"tweenEasing":null,"duration":0,"color":{"aM":0}}],"name":"ys_sishen_qu2_011_eff"},{"frame":[{"tweenEasing":null,"duration":5},{"tweenEasing":0,"duration":20},{"tweenEasing":null,"duration":0,"color":{"aM":0}}],"name":"ys_sishen_shen1_002_eff"},{"frame":[{"tweenEasing":null,"duration":5},{"tweenEasing":0,"duration":20},{"tweenEasing":null,"duration":0,"color":{"aM":0}}],"name":"ys_sishen_shen2_003_eff"},{"frame":[{"tweenEasing":null,"duration":5},{"tweenEasing":0,"duration":20},{"tweenEasing":null,"duration":0,"color":{"aM":0}}],"name":"ys_sishen_si1_000_eff"},{"frame":[{"tweenEasing":null,"duration":5},{"tweenEasing":0,"duration":20},{"tweenEasing":null,"duration":0,"color":{"aM":0}}],"name":"ys_sishen_si2_001_eff"},{"frame":[{"tweenEasing":null,"duration":5},{"tweenEasing":0,"duration":20},{"tweenEasing":null,"duration":0,"color":{"aM":0}}],"name":"ys_sishen_wu1_008_eff"},{"frame":[{"tweenEasing":null,"duration":5},{"tweenEasing":0,"duration":20},{"tweenEasing":null,"duration":0,"color":{"aM":0}}],"name":"ys_sishen_wu2_009_eff"},{"frame":[{"tweenEasing":null,"duration":5},{"tweenEasing":0,"duration":20},{"tweenEasing":null,"duration":0,"color":{"aM":0}}],"name":"ys_sishen_yuan1_006_eff"},{"frame":[{"tweenEasing":null,"duration":5},{"tweenEasing":0,"duration":20},{"tweenEasing":null,"duration":0,"color":{"aM":0}}],"name":"ys_sishen_yuan2_007_eff"}],"name":"0001_wenzipolie"}],"bone":[{"name":"root","transform":{}},{"transform":{"y":-40.76,"x":-110.46},"name":"001_si","parent":"root"},{"transform":{"y":-40.69,"x":-60.71},"name":"002_shen","parent":"root"},{"transform":{"y":-40.78,"x":-22.81},"name":"003_de","parent":"root"},{"transform":{"y":-40.42,"x":15.67},"name":"004_yuan","parent":"root"},{"transform":{"y":-40.53,"x":64.21},"name":"005_wu","parent":"root"},{"transform":{"y":-41.13,"x":120.75},"name":"006_qu","parent":"root"},{"length":21,"transform":{"skX":-89.11,"skY":-89.11,"y":-0.67,"x":2.7},"parent":"003_de","name":"ys_sishen_de1_004_eff"},{"length":23,"transform":{"skX":90,"skY":90,"y":0.33,"x":2.7},"parent":"003_de","name":"ys_sishen_de2_005_eff"},{"length":45,"transform":{"skX":-90.6,"skY":-90.6,"y":-0.97,"x":-9.27},"parent":"006_qu","name":"ys_sishen_qu1_010_eff"},{"length":31,"transform":{"skX":91.74,"skY":91.74,"y":1.95,"x":-9.02},"parent":"006_qu","name":"ys_sishen_qu2_011_eff"},{"length":45,"transform":{"skX":-90.36,"skY":-90.36,"y":-0.88},"parent":"002_shen","name":"ys_sishen_shen1_002_eff"},{"length":40,"transform":{"skX":90,"skY":90,"y":0.59},"parent":"002_shen","name":"ys_sishen_shen2_003_eff"},{"length":25,"transform":{"skX":-92.66,"skY":-92.66,"y":0.75,"x":0.03},"parent":"001_si","name":"ys_sishen_si1_000_eff"},{"length":22,"transform":{"skX":90,"skY":90,"y":2.33},"parent":"001_si","name":"ys_sishen_si2_001_eff"},{"length":36,"transform":{"skX":-90.56,"skY":-90.56,"y":0.63,"x":-0.71},"parent":"005_wu","name":"ys_sishen_wu1_008_eff"},{"length":33,"transform":{"skX":90.62,"skY":90.62,"x":-0.72},"parent":"005_wu","name":"ys_sishen_wu2_009_eff"},{"length":29,"transform":{"skX":-89.24,"skY":-89.24,"y":-1.96,"x":5.51},"parent":"004_yuan","name":"ys_sishen_yuan1_006_eff"},{"length":27,"transform":{"skX":90.8,"skY":90.8,"y":1.18,"x":5.51},"parent":"004_yuan","name":"ys_sishen_yuan2_007_eff"}],"aabb":{"width":470.543070036523,"y":-161.27,"height":243.0068325230562,"x":-234.02085339500408},"name":"armatureName","frameRate":30}],"name":"ys_sishenyuanwuqu_eff","version":"4.0"}