{"frameRate":30,"isGlobal":0,"armature":[{"defaultActions":[{"gotoAndPlay":"0000_gongji1_yanshi"}],"animation":[{"frame":[],"duration":40,"slot":[{"frame":[{"tweenEasing":null,"displayIndex":-1,"duration":40}],"name":"hk_chongji_eff/lan_chongji_05_eff_02"},{"frame":[{"tweenEasing":null,"displayIndex":-1,"duration":40}],"name":"hk_dimianyanwu_eff/00001"},{"frame":[{"tweenEasing":null,"displayIndex":-1,"duration":40}],"name":"hk_dimianyanwu_eff/1"},{"frame":[{"tweenEasing":null,"displayIndex":-1,"duration":40}],"name":"hk_dimianyanwu_eff/2"},{"frame":[{"tweenEasing":null,"displayIndex":-1,"duration":40}],"name":"hk_dimianyanwu_eff/3"},{"frame":[{"tweenEasing":null,"displayIndex":-1,"duration":40}],"name":"hk_dimianyanwu_eff/4"},{"frame":[{"tweenEasing":null,"displayIndex":-1,"duration":40}],"name":"hk_kongjianmen_eff/0_00000"},{"frame":[{"tweenEasing":null,"displayIndex":-1,"duration":40}],"name":"hk_suolian1_eff/0_00000"},{"frame":[{"tweenEasing":null,"displayIndex":-1,"duration":40}],"name":"hk_suolian1_eff/0_0"},{"frame":[{"tweenEasing":null,"displayIndex":-1,"duration":40}],"name":"hk_suolian1_eff/0_1"},{"frame":[{"tweenEasing":null,"displayIndex":-1,"duration":40}],"name":"hk_suolian1_eff/0_2"},{"frame":[{"tweenEasing":null,"displayIndex":-1,"duration":40}],"name":"hk_suolian1_eff/0_3"},{"frame":[{"tweenEasing":0,"displayIndex":-1,"duration":20},{"tweenEasing":0,"duration":2},{"tweenEasing":0,"displayIndex":1,"duration":2},{"tweenEasing":0,"displayIndex":2,"duration":2},{"tweenEasing":0,"displayIndex":3,"duration":2},{"tweenEasing":0,"displayIndex":4,"duration":2},{"tweenEasing":0,"displayIndex":5,"duration":2},{"tweenEasing":0,"displayIndex":6,"duration":2},{"tweenEasing":null,"displayIndex":-1,"duration":6}],"name":"hk_suolianfashe_eff/0_00000"},{"frame":[{"tweenEasing":0,"duration":10,"color":{"aM":0}},{"tweenEasing":0,"duration":10},{"tweenEasing":null,"duration":20,"color":{"aM":0}}],"name":"hk_suolianxuli2_eff/0_00000"},{"frame":[{"tweenEasing":0,"duration":3},{"tweenEasing":0,"displayIndex":1,"duration":3},{"tweenEasing":0,"displayIndex":2,"duration":3},{"tweenEasing":0,"displayIndex":3,"duration":3},{"tweenEasing":0,"displayIndex":4,"duration":3},{"tweenEasing":0,"displayIndex":5,"duration":3},{"tweenEasing":0,"displayIndex":6,"duration":2},{"tweenEasing":0,"displayIndex":6,"duration":10},{"displayIndex":6,"curve":[0.368,0.85,0.789,1],"duration":10},{"tweenEasing":null,"displayIndex":6,"duration":0,"color":{"aM":0}}],"name":"hk_xulifazhen_eff/0_00000"}],"ffd":[],"bone":[{"frame":[{"duration":20,"transform":{"y":-150.18,"x":-101}},{"curve":[0,0.9,0.75,1],"duration":20,"transform":{"y":-150.18,"x":-101}},{"duration":0,"transform":{"y":-150.18,"x":-121.2}}],"name":"hk_xulifazhen_eff/0_00000"},{"frame":[{"tweenEasing":0,"duration":5,"transform":{"x":-80.745}},{"tweenEasing":0,"duration":5,"transform":{"skX":-270,"skY":-270,"x":-80.745}},{"tweenEasing":0,"duration":5,"transform":{"skX":-180,"skY":-180,"x":-80.745}},{"tweenEasing":0,"duration":5,"transform":{"skX":-90,"skY":-90,"x":-80.745}},{"duration":20,"transform":{"scY":0.289,"scX":0.289,"x":-80.745}}],"name":"hk_suolianxuli2_eff/0_00000"},{"frame":[{"tweenEasing":0,"duration":20,"transform":{"y":-139.805,"x":178.105}},{"tweenEasing":0,"duration":14,"transform":{"y":-139.805,"x":166.37}},{"duration":6,"transform":{"y":-139.805,"scX":1.316,"x":166.37}}],"name":"hk_suolianfashe_eff/0_00000"},{"frame":[{"duration":40,"transform":{}}],"name":"root"},{"frame":[{"duration":40,"transform":{}}],"name":"fuji"},{"frame":[{"duration":40,"transform":{}}],"name":"hk_chongji_eff/lan_chongji_05_eff_02"},{"frame":[{"duration":40,"transform":{}}],"name":"hk_dimianyanwu_eff/00001"},{"frame":[{"duration":40,"transform":{}}],"name":"hk_dimianyanwu_eff/1"},{"frame":[{"duration":40,"transform":{}}],"name":"hk_dimianyanwu_eff/2"},{"frame":[{"duration":40,"transform":{}}],"name":"hk_dimianyanwu_eff/3"},{"frame":[{"duration":40,"transform":{}}],"name":"hk_dimianyanwu_eff/4"},{"frame":[{"duration":40,"transform":{}}],"name":"hk_suolian1_eff/0_00000"},{"frame":[{"duration":40,"transform":{}}],"name":"hk_suolian1_eff/0_3"},{"frame":[{"duration":40,"transform":{}}],"name":"hk_suolian1_eff/0_0"},{"frame":[{"duration":40,"transform":{}}],"name":"hk_suolian1_eff/0_1"},{"frame":[{"duration":40,"transform":{}}],"name":"hk_suolian1_eff/0_2"},{"frame":[{"duration":40,"transform":{}}],"name":"wj_050_hongka_eff_pz"},{"frame":[{"duration":40,"transform":{}}],"name":"hk_kongjianmen_eff/0_00000"}],"name":"0000_gongji1_yanshi","ik":[]},{"frame":[],"duration":40,"slot":[{"frame":[{"tweenEasing":null,"displayIndex":-1,"duration":40}],"name":"hk_chongji_eff/lan_chongji_05_eff_02"},{"frame":[{"tweenEasing":null,"displayIndex":-1,"duration":40}],"name":"hk_dimianyanwu_eff/00001"},{"frame":[{"tweenEasing":null,"displayIndex":-1,"duration":40}],"name":"hk_dimianyanwu_eff/1"},{"frame":[{"tweenEasing":null,"displayIndex":-1,"duration":40}],"name":"hk_dimianyanwu_eff/2"},{"frame":[{"tweenEasing":null,"displayIndex":-1,"duration":40}],"name":"hk_dimianyanwu_eff/3"},{"frame":[{"tweenEasing":null,"displayIndex":-1,"duration":40}],"name":"hk_dimianyanwu_eff/4"},{"frame":[{"tweenEasing":null,"displayIndex":-1,"duration":40}],"name":"hk_kongjianmen_eff/0_00000"},{"frame":[{"tweenEasing":null,"displayIndex":-1,"duration":40}],"name":"hk_suolian1_eff/0_00000"},{"frame":[{"tweenEasing":null,"displayIndex":-1,"duration":40}],"name":"hk_suolian1_eff/0_0"},{"frame":[{"tweenEasing":null,"displayIndex":-1,"duration":40}],"name":"hk_suolian1_eff/0_1"},{"frame":[{"tweenEasing":null,"displayIndex":-1,"duration":40}],"name":"hk_suolian1_eff/0_2"},{"frame":[{"tweenEasing":null,"displayIndex":-1,"duration":40}],"name":"hk_suolian1_eff/0_3"},{"frame":[{"tweenEasing":null,"displayIndex":-1,"duration":40}],"name":"hk_suolianfashe_eff/0_00000"},{"frame":[{"tweenEasing":0,"duration":10,"color":{"aM":0}},{"tweenEasing":0,"duration":10},{"tweenEasing":null,"duration":20,"color":{"aM":0}}],"name":"hk_suolianxuli2_eff/0_00000"},{"frame":[{"tweenEasing":0,"duration":3},{"tweenEasing":0,"displayIndex":1,"duration":3},{"tweenEasing":0,"displayIndex":2,"duration":3},{"tweenEasing":0,"displayIndex":3,"duration":3},{"tweenEasing":0,"displayIndex":4,"duration":3},{"tweenEasing":0,"displayIndex":5,"duration":3},{"tweenEasing":0,"displayIndex":6,"duration":2},{"tweenEasing":0,"displayIndex":6,"duration":10},{"displayIndex":6,"curve":[0.368,0.85,0.789,1],"duration":10},{"tweenEasing":null,"displayIndex":6,"duration":0,"color":{"aM":0}}],"name":"hk_xulifazhen_eff/0_00000"}],"ffd":[],"bone":[{"frame":[{"duration":20,"transform":{"y":-150.18,"x":-101}},{"curve":[0,0.9,0.75,1],"duration":20,"transform":{"y":-150.18,"x":-101}},{"duration":0,"transform":{"y":-150.18,"x":-121.2}}],"name":"hk_xulifazhen_eff/0_00000"},{"frame":[{"tweenEasing":0,"duration":5,"transform":{"x":-80.745}},{"tweenEasing":0,"duration":5,"transform":{"skX":-270,"skY":-270,"x":-80.745}},{"tweenEasing":0,"duration":5,"transform":{"skX":-180,"skY":-180,"x":-80.745}},{"tweenEasing":0,"duration":5,"transform":{"skX":-90,"skY":-90,"x":-80.745}},{"duration":20,"transform":{"scY":0.289,"scX":0.289,"x":-80.745}}],"name":"hk_suolianxuli2_eff/0_00000"},{"frame":[{"duration":40,"transform":{"y":-139.805,"x":178.105}}],"name":"hk_suolianfashe_eff/0_00000"},{"frame":[{"duration":40,"transform":{}}],"name":"root"},{"frame":[{"duration":40,"transform":{}}],"name":"fuji"},{"frame":[{"duration":40,"transform":{}}],"name":"hk_chongji_eff/lan_chongji_05_eff_02"},{"frame":[{"duration":40,"transform":{}}],"name":"hk_dimianyanwu_eff/00001"},{"frame":[{"duration":40,"transform":{}}],"name":"hk_dimianyanwu_eff/1"},{"frame":[{"duration":40,"transform":{}}],"name":"hk_dimianyanwu_eff/2"},{"frame":[{"duration":40,"transform":{}}],"name":"hk_dimianyanwu_eff/3"},{"frame":[{"duration":40,"transform":{}}],"name":"hk_dimianyanwu_eff/4"},{"frame":[{"duration":40,"transform":{}}],"name":"hk_suolian1_eff/0_00000"},{"frame":[{"duration":40,"transform":{}}],"name":"hk_suolian1_eff/0_3"},{"frame":[{"duration":40,"transform":{}}],"name":"hk_suolian1_eff/0_0"},{"frame":[{"duration":40,"transform":{}}],"name":"hk_suolian1_eff/0_1"},{"frame":[{"duration":40,"transform":{}}],"name":"hk_suolian1_eff/0_2"},{"frame":[{"duration":40,"transform":{}}],"name":"wj_050_hongka_eff_pz"},{"frame":[{"duration":40,"transform":{}}],"name":"hk_kongjianmen_eff/0_00000"}],"name":"0001_gongji1_xuli","ik":[]},{"frame":[],"duration":15,"slot":[{"frame":[{"tweenEasing":null,"displayIndex":-1,"duration":15}],"name":"hk_chongji_eff/lan_chongji_05_eff_02"},{"frame":[{"tweenEasing":null,"displayIndex":-1,"duration":15}],"name":"hk_dimianyanwu_eff/00001"},{"frame":[{"tweenEasing":null,"displayIndex":-1,"duration":15}],"name":"hk_dimianyanwu_eff/1"},{"frame":[{"tweenEasing":null,"displayIndex":-1,"duration":15}],"name":"hk_dimianyanwu_eff/2"},{"frame":[{"tweenEasing":null,"displayIndex":-1,"duration":15}],"name":"hk_dimianyanwu_eff/3"},{"frame":[{"tweenEasing":null,"displayIndex":-1,"duration":15}],"name":"hk_dimianyanwu_eff/4"},{"frame":[{"tweenEasing":null,"displayIndex":-1,"duration":15}],"name":"hk_kongjianmen_eff/0_00000"},{"frame":[{"tweenEasing":null,"displayIndex":-1,"duration":15}],"name":"hk_suolian1_eff/0_00000"},{"frame":[{"tweenEasing":null,"displayIndex":-1,"duration":15}],"name":"hk_suolian1_eff/0_0"},{"frame":[{"tweenEasing":null,"displayIndex":-1,"duration":15}],"name":"hk_suolian1_eff/0_1"},{"frame":[{"tweenEasing":null,"displayIndex":-1,"duration":15}],"name":"hk_suolian1_eff/0_2"},{"frame":[{"tweenEasing":null,"displayIndex":-1,"duration":15}],"name":"hk_suolian1_eff/0_3"},{"frame":[{"tweenEasing":0,"duration":1},{"tweenEasing":0,"displayIndex":1,"duration":1},{"tweenEasing":0,"displayIndex":2,"duration":1},{"tweenEasing":0,"displayIndex":3,"duration":1},{"tweenEasing":0,"displayIndex":4,"duration":1},{"tweenEasing":0,"displayIndex":5,"duration":6},{"tweenEasing":0,"displayIndex":5,"duration":4},{"tweenEasing":null,"displayIndex":-1,"duration":0,"color":{"aM":0}}],"name":"hk_suolianfashe_eff/0_00000"},{"frame":[{"tweenEasing":null,"displayIndex":-1,"duration":15}],"name":"hk_suolianxuli2_eff/0_00000"},{"frame":[{"tweenEasing":null,"displayIndex":-1,"duration":15}],"name":"hk_xulifazhen_eff/0_00000"},{"frame":[{"tweenEasing":null,"duration":15}],"name":"wj_050_hongka_eff_pz"}],"ffd":[],"bone":[{"frame":[{"duration":15,"transform":{"y":-150.18,"x":-101}}],"name":"hk_xulifazhen_eff/0_00000"},{"frame":[{"duration":15,"transform":{"y":-139.805,"x":166.37}}],"name":"hk_suolianfashe_eff/0_00000"},{"frame":[{"tweenEasing":0,"duration":5,"transform":{"scY":1.401,"y":-122.93,"scX":3.376,"x":-158.145}},{"duration":10,"transform":{"scY":1.401,"y":-122.93,"scX":6.256,"x":-70.66}}],"name":"wj_050_hongka_eff_pz"},{"frame":[{"duration":15,"transform":{}}],"name":"root"},{"frame":[{"duration":15,"transform":{}}],"name":"fuji"},{"frame":[{"duration":15,"transform":{}}],"name":"hk_chongji_eff/lan_chongji_05_eff_02"},{"frame":[{"duration":15,"transform":{}}],"name":"hk_dimianyanwu_eff/00001"},{"frame":[{"duration":15,"transform":{}}],"name":"hk_dimianyanwu_eff/1"},{"frame":[{"duration":15,"transform":{}}],"name":"hk_dimianyanwu_eff/2"},{"frame":[{"duration":15,"transform":{}}],"name":"hk_dimianyanwu_eff/3"},{"frame":[{"duration":15,"transform":{}}],"name":"hk_dimianyanwu_eff/4"},{"frame":[{"duration":15,"transform":{}}],"name":"hk_suolian1_eff/0_00000"},{"frame":[{"duration":15,"transform":{}}],"name":"hk_suolian1_eff/0_3"},{"frame":[{"duration":15,"transform":{}}],"name":"hk_suolian1_eff/0_0"},{"frame":[{"duration":15,"transform":{}}],"name":"hk_suolian1_eff/0_1"},{"frame":[{"duration":15,"transform":{}}],"name":"hk_suolian1_eff/0_2"},{"frame":[{"duration":15,"transform":{}}],"name":"hk_suolianxuli2_eff/0_00000"},{"frame":[{"duration":15,"transform":{}}],"name":"hk_kongjianmen_eff/0_00000"}],"name":"0002_gongji1_fashe","ik":[]},{"frame":[],"duration":75,"slot":[{"frame":[{"tweenEasing":0,"displayIndex":-1,"duration":45},{"tweenEasing":0,"duration":5},{"tweenEasing":0,"duration":25},{"tweenEasing":null,"duration":0,"color":{"aM":0}}],"name":"hk_chongji_eff/lan_chongji_05_eff_02"},{"frame":[{"tweenEasing":0,"displayIndex":-1,"duration":30},{"tweenEasing":0,"duration":2},{"tweenEasing":0,"displayIndex":1,"duration":2},{"tweenEasing":0,"displayIndex":2,"duration":2},{"tweenEasing":0,"displayIndex":3,"duration":2},{"tweenEasing":0,"displayIndex":4,"duration":2},{"tweenEasing":0,"displayIndex":5,"duration":2},{"tweenEasing":null,"displayIndex":-1,"duration":33}],"name":"hk_dimianyanwu_eff/00001"},{"frame":[{"tweenEasing":0,"displayIndex":-1,"duration":30},{"tweenEasing":0,"duration":2},{"tweenEasing":0,"displayIndex":1,"duration":2},{"tweenEasing":0,"displayIndex":2,"duration":2},{"tweenEasing":0,"displayIndex":3,"duration":2},{"tweenEasing":0,"displayIndex":4,"duration":2},{"tweenEasing":0,"displayIndex":5,"duration":2},{"tweenEasing":null,"displayIndex":-1,"duration":33}],"name":"hk_dimianyanwu_eff/1"},{"frame":[{"tweenEasing":0,"displayIndex":-1,"duration":30},{"tweenEasing":0,"duration":2},{"tweenEasing":0,"displayIndex":1,"duration":2},{"tweenEasing":0,"displayIndex":2,"duration":2},{"tweenEasing":0,"displayIndex":3,"duration":2},{"tweenEasing":0,"displayIndex":4,"duration":2},{"tweenEasing":0,"displayIndex":5,"duration":2},{"tweenEasing":null,"displayIndex":-1,"duration":33}],"name":"hk_dimianyanwu_eff/2"},{"frame":[{"tweenEasing":0,"displayIndex":-1,"duration":30},{"tweenEasing":0,"duration":2},{"tweenEasing":0,"displayIndex":1,"duration":2},{"tweenEasing":0,"displayIndex":2,"duration":2},{"tweenEasing":0,"displayIndex":3,"duration":2},{"tweenEasing":0,"displayIndex":4,"duration":2},{"tweenEasing":0,"displayIndex":5,"duration":2},{"tweenEasing":null,"displayIndex":-1,"duration":33}],"name":"hk_dimianyanwu_eff/3"},{"frame":[{"tweenEasing":0,"displayIndex":-1,"duration":30},{"tweenEasing":0,"duration":2},{"tweenEasing":0,"displayIndex":1,"duration":2},{"tweenEasing":0,"displayIndex":2,"duration":2},{"tweenEasing":0,"displayIndex":3,"duration":2},{"tweenEasing":0,"displayIndex":4,"duration":2},{"tweenEasing":0,"displayIndex":5,"duration":2},{"tweenEasing":null,"displayIndex":-1,"duration":33}],"name":"hk_dimianyanwu_eff/4"},{"frame":[{"tweenEasing":0,"duration":3},{"tweenEasing":0,"displayIndex":1,"duration":3},{"tweenEasing":0,"displayIndex":2,"duration":3},{"tweenEasing":0,"displayIndex":3,"duration":3},{"tweenEasing":0,"displayIndex":4,"duration":3},{"tweenEasing":0,"displayIndex":5,"duration":3},{"tweenEasing":0,"displayIndex":6,"duration":3},{"tweenEasing":0,"displayIndex":7,"duration":9},{"tweenEasing":0,"displayIndex":7,"duration":5},{"tweenEasing":0,"displayIndex":7,"duration":5,"color":{"aM":62}},{"tweenEasing":null,"displayIndex":7,"duration":5},{"tweenEasing":null,"displayIndex":7,"duration":15},{"tweenEasing":0,"displayIndex":7,"duration":15},{"tweenEasing":null,"displayIndex":7,"duration":0,"color":{"aM":0}}],"name":"hk_kongjianmen_eff/0_00000"},{"frame":[{"tweenEasing":0,"displayIndex":-1,"duration":27},{"tweenEasing":0,"duration":1},{"tweenEasing":0,"displayIndex":1,"duration":1},{"tweenEasing":0,"displayIndex":2,"duration":1},{"tweenEasing":0,"displayIndex":5,"duration":5},{"tweenEasing":0,"displayIndex":5,"duration":5},{"tweenEasing":0,"displayIndex":5,"duration":5,"color":{"aM":52}},{"tweenEasing":0,"displayIndex":5,"duration":15},{"tweenEasing":null,"displayIndex":5,"duration":15,"color":{"aM":0}}],"name":"hk_suolian1_eff/0_00000"},{"frame":[{"tweenEasing":0,"displayIndex":-1,"duration":27},{"tweenEasing":0,"duration":1},{"tweenEasing":0,"displayIndex":1,"duration":1},{"tweenEasing":0,"displayIndex":2,"duration":1},{"tweenEasing":0,"displayIndex":5,"duration":5},{"tweenEasing":0,"displayIndex":5,"duration":5},{"tweenEasing":0,"displayIndex":5,"duration":5,"color":{"aM":52}},{"tweenEasing":0,"displayIndex":5,"duration":15},{"tweenEasing":null,"displayIndex":5,"duration":15,"color":{"aM":0}}],"name":"hk_suolian1_eff/0_0"},{"frame":[{"tweenEasing":0,"displayIndex":-1,"duration":27},{"tweenEasing":0,"duration":1},{"tweenEasing":0,"displayIndex":1,"duration":1},{"tweenEasing":0,"displayIndex":2,"duration":1},{"tweenEasing":0,"displayIndex":5,"duration":5},{"tweenEasing":0,"displayIndex":5,"duration":5},{"tweenEasing":0,"displayIndex":5,"duration":5,"color":{"aM":52}},{"tweenEasing":0,"displayIndex":5,"duration":15},{"tweenEasing":null,"displayIndex":5,"duration":15,"color":{"aM":0}}],"name":"hk_suolian1_eff/0_1"},{"frame":[{"tweenEasing":0,"displayIndex":-1,"duration":27},{"tweenEasing":0,"duration":1},{"tweenEasing":0,"displayIndex":1,"duration":1},{"tweenEasing":0,"displayIndex":2,"duration":1},{"tweenEasing":0,"displayIndex":5,"duration":5},{"tweenEasing":0,"displayIndex":5,"duration":5},{"tweenEasing":0,"displayIndex":5,"duration":5,"color":{"aM":52}},{"tweenEasing":0,"displayIndex":5,"duration":15},{"tweenEasing":null,"displayIndex":5,"duration":15,"color":{"aM":0}}],"name":"hk_suolian1_eff/0_2"},{"frame":[{"tweenEasing":0,"displayIndex":-1,"duration":27},{"tweenEasing":0,"duration":1},{"tweenEasing":0,"displayIndex":1,"duration":1},{"tweenEasing":0,"displayIndex":2,"duration":1},{"tweenEasing":0,"displayIndex":5,"duration":5},{"tweenEasing":0,"displayIndex":5,"duration":5},{"tweenEasing":0,"displayIndex":5,"duration":5,"color":{"aM":52}},{"tweenEasing":0,"displayIndex":5,"duration":15},{"tweenEasing":null,"displayIndex":5,"duration":15,"color":{"aM":0}}],"name":"hk_suolian1_eff/0_3"},{"frame":[{"tweenEasing":0,"displayIndex":-1,"duration":45},{"tweenEasing":0,"duration":1},{"tweenEasing":0,"displayIndex":1,"duration":1},{"tweenEasing":0,"displayIndex":2,"duration":1},{"tweenEasing":0,"displayIndex":3,"duration":1},{"tweenEasing":0,"displayIndex":4,"duration":1},{"tweenEasing":0,"displayIndex":5,"duration":15},{"tweenEasing":0,"displayIndex":6,"duration":10},{"tweenEasing":null,"displayIndex":-1,"duration":0,"color":{"aM":0}}],"name":"hk_suolianfashe_eff/0_00000"},{"frame":[{"tweenEasing":null,"displayIndex":-1,"duration":75}],"name":"hk_suolianxuli2_eff/0_00000"},{"frame":[{"tweenEasing":null,"displayIndex":-1,"duration":75}],"name":"hk_xulifazhen_eff/0_00000"},{"frame":[{"tweenEasing":0,"duration":30},{"tweenEasing":null,"duration":45}],"name":"wj_050_hongka_eff_pz"}],"ffd":[],"bone":[{"frame":[{"duration":30,"transform":{}},{"duration":15,"transform":{}},{"duration":15,"transform":{}},{"duration":15,"transform":{}}],"name":"hk_suolianxuli2_eff/0_00000"},{"frame":[{"duration":45,"transform":{}},{"duration":30,"transform":{"scY":3.989,"y":-139.55,"skX":-90.4,"skY":-90.4,"scX":1.125,"x":168.74}},{"duration":0,"transform":{"scY":3.989,"y":-139.55,"skX":-90.4,"skY":-90.4,"scX":1.125,"x":168.74}}],"name":"hk_suolianfashe_eff/0_00000"},{"frame":[{"duration":30,"transform":{}},{"duration":15,"transform":{}},{"duration":15,"transform":{}},{"duration":15,"transform":{}}],"name":"hk_xulifazhen_eff/0_00000"},{"frame":[{"tweenEasing":0,"duration":25,"transform":{"skX":90,"skY":90}},{"tweenEasing":0,"duration":5,"transform":{"skX":15,"skY":15}},{"tweenEasing":0,"duration":8,"transform":{}},{"tweenEasing":0,"duration":7,"transform":{"skX":-11.99,"skY":-11.99}},{"tweenEasing":0,"duration":30,"transform":{"skX":-19.21,"skY":-19.21}},{"duration":0,"transform":{"skX":-45,"skY":-45}}],"name":"hk_kongjianmen_eff/0_00000"},{"frame":[{"tweenEasing":0,"duration":25,"transform":{"scY":2.126,"skX":-90,"skY":-90,"scX":0.333}},{"tweenEasing":0,"duration":5,"transform":{"scY":1.775,"skX":-90,"skY":-90,"scX":0.278}},{"tweenEasing":0,"duration":15,"transform":{"scY":2.337,"skX":-90,"skY":-90,"scX":0.366}},{"tweenEasing":0,"duration":5,"transform":{"scY":2.032,"skX":-90,"skY":-90,"scX":0.318}},{"tweenEasing":0,"duration":10,"transform":{"scY":2.516,"skX":-90,"skY":-90,"scX":0.394}},{"duration":15,"transform":{"scY":2.126,"skX":-90,"skY":-90,"scX":0.333}}],"name":"fuji"},{"frame":[{"duration":27,"transform":{"y":-202.76,"skX":25.27,"skY":25.27,"x":-37.165}},{"duration":3,"transform":{"y":-75.11,"skX":-105.96,"skY":-105.96,"x":228.12}},{"duration":15,"transform":{"y":-75.11,"skX":-105.96,"skY":-105.96,"x":228.12}},{"duration":15,"transform":{"y":-75.11,"skX":-105.96,"skY":-105.96,"x":228.12}},{"duration":15,"transform":{"y":-75.11,"skX":-105.96,"skY":-105.96,"x":228.12}}],"name":"hk_suolian1_eff/0_00000"},{"frame":[{"duration":30,"transform":{"y":5.28,"x":210.27}},{"duration":15,"transform":{"y":5.28,"x":210.27}},{"duration":15,"transform":{"y":5.28,"x":210.27}},{"duration":15,"transform":{"y":5.28,"x":210.27}}],"name":"hk_dimianyanwu_eff/00001"},{"frame":[{"duration":27,"transform":{"y":44.55,"skX":33.02,"skY":33.02,"x":-52.825}},{"duration":3,"transform":{"y":157.77,"skX":-70.46,"skY":-70.46,"x":93.69}},{"duration":15,"transform":{"y":157.77,"skX":-70.46,"skY":-70.46,"x":93.69}},{"duration":15,"transform":{"y":157.77,"skX":-70.46,"skY":-70.46,"x":93.69}},{"duration":15,"transform":{"y":157.77,"skX":-70.46,"skY":-70.46,"x":93.69}}],"name":"hk_suolian1_eff/0_0"},{"frame":[{"tweenEasing":0,"duration":30,"transform":{}},{"duration":15,"transform":{"y":7.47,"x":152.485}},{"duration":15,"transform":{"y":7.47,"x":152.485}},{"duration":15,"transform":{"y":7.47,"x":152.485}}],"name":"hk_dimianyanwu_eff/1"},{"frame":[{"duration":27,"transform":{"y":79.535,"skX":20.72,"skY":20.72,"x":-63}},{"duration":3,"transform":{"y":171.665,"skX":-100.45,"skY":-100.45,"x":124.585}},{"duration":15,"transform":{"y":171.665,"skX":-100.45,"skY":-100.45,"x":124.585}},{"duration":15,"transform":{"y":171.665,"skX":-100.45,"skY":-100.45,"x":124.585}},{"duration":15,"transform":{"y":171.665,"skX":-100.45,"skY":-100.45,"x":124.585}}],"name":"hk_suolian1_eff/0_1"},{"frame":[{"tweenEasing":0,"duration":30,"transform":{}},{"duration":15,"transform":{"x":269.225}},{"duration":15,"transform":{"x":269.225}},{"duration":15,"transform":{"x":269.225}}],"name":"hk_dimianyanwu_eff/2"},{"frame":[{"duration":27,"transform":{}},{"duration":3,"transform":{"y":210.965,"skX":-74.7,"skY":-74.7,"x":142.39}},{"duration":15,"transform":{"y":210.965,"skX":-74.7,"skY":-74.7,"x":142.39}},{"duration":15,"transform":{"y":210.965,"skX":-74.7,"skY":-74.7,"x":142.39}},{"duration":15,"transform":{"y":210.965,"skX":-74.7,"skY":-74.7,"x":142.39}}],"name":"hk_suolian1_eff/0_2"},{"frame":[{"tweenEasing":0,"duration":30,"transform":{}},{"duration":15,"transform":{"y":23.505,"x":366.175}},{"duration":15,"transform":{"y":23.505,"x":366.175}},{"duration":15,"transform":{"y":23.505,"x":366.175}}],"name":"hk_dimianyanwu_eff/3"},{"frame":[{"duration":27,"transform":{}},{"duration":3,"transform":{"y":207.48,"skX":-85.87,"skY":-85.87,"x":219.865}},{"duration":15,"transform":{"y":207.48,"skX":-85.87,"skY":-85.87,"x":219.865}},{"duration":15,"transform":{"y":207.48,"skX":-85.87,"skY":-85.87,"x":219.865}},{"duration":15,"transform":{"y":207.48,"skX":-85.87,"skY":-85.87,"x":219.865}}],"name":"hk_suolian1_eff/0_3"},{"frame":[{"tweenEasing":0,"duration":30,"transform":{}},{"duration":15,"transform":{"y":14.245,"x":386.835}},{"duration":15,"transform":{"y":14.245,"x":386.835}},{"duration":15,"transform":{"y":14.245,"x":386.835}}],"name":"hk_dimianyanwu_eff/4"},{"frame":[{"duration":45,"transform":{}},{"curve":[0,0.9,0.75,1],"duration":30,"transform":{"scY":4.221,"y":-0.49,"x":-234.21}},{"duration":0,"transform":{"scY":3,"y":-0.49,"scX":2,"x":-234.21}}],"name":"hk_chongji_eff/lan_chongji_05_eff_02"},{"frame":[{"duration":30,"transform":{}},{"duration":15,"transform":{}},{"duration":15,"transform":{}},{"duration":15,"transform":{}}],"name":"root"},{"frame":[{"tweenEasing":0,"duration":30,"transform":{}},{"duration":45,"transform":{"scY":2,"y":-153.53,"scX":4,"x":-226.635}}],"name":"wj_050_hongka_eff_pz"}],"name":"0003_bisha_yanshi","ik":[]},{"frame":[],"duration":75,"slot":[{"frame":[{"tweenEasing":null,"displayIndex":-1,"duration":75}],"name":"hk_chongji_eff/lan_chongji_05_eff_02"},{"frame":[{"tweenEasing":0,"displayIndex":-1,"duration":30},{"tweenEasing":0,"duration":2},{"tweenEasing":0,"displayIndex":1,"duration":2},{"tweenEasing":0,"displayIndex":2,"duration":2},{"tweenEasing":0,"displayIndex":3,"duration":2},{"tweenEasing":0,"displayIndex":4,"duration":2},{"tweenEasing":0,"displayIndex":5,"duration":2},{"tweenEasing":null,"displayIndex":-1,"duration":33}],"name":"hk_dimianyanwu_eff/00001"},{"frame":[{"tweenEasing":0,"displayIndex":-1,"duration":30},{"tweenEasing":0,"duration":2},{"tweenEasing":0,"displayIndex":1,"duration":2},{"tweenEasing":0,"displayIndex":2,"duration":2},{"tweenEasing":0,"displayIndex":3,"duration":2},{"tweenEasing":0,"displayIndex":4,"duration":2},{"tweenEasing":0,"displayIndex":5,"duration":2},{"tweenEasing":null,"displayIndex":-1,"duration":33}],"name":"hk_dimianyanwu_eff/1"},{"frame":[{"tweenEasing":0,"displayIndex":-1,"duration":30},{"tweenEasing":0,"duration":2},{"tweenEasing":0,"displayIndex":1,"duration":2},{"tweenEasing":0,"displayIndex":2,"duration":2},{"tweenEasing":0,"displayIndex":3,"duration":2},{"tweenEasing":0,"displayIndex":4,"duration":2},{"tweenEasing":0,"displayIndex":5,"duration":2},{"tweenEasing":null,"displayIndex":-1,"duration":33}],"name":"hk_dimianyanwu_eff/2"},{"frame":[{"tweenEasing":0,"displayIndex":-1,"duration":30},{"tweenEasing":0,"duration":2},{"tweenEasing":0,"displayIndex":1,"duration":2},{"tweenEasing":0,"displayIndex":2,"duration":2},{"tweenEasing":0,"displayIndex":3,"duration":2},{"tweenEasing":0,"displayIndex":4,"duration":2},{"tweenEasing":0,"displayIndex":5,"duration":2},{"tweenEasing":null,"displayIndex":-1,"duration":33}],"name":"hk_dimianyanwu_eff/3"},{"frame":[{"tweenEasing":0,"displayIndex":-1,"duration":30},{"tweenEasing":0,"duration":2},{"tweenEasing":0,"displayIndex":1,"duration":2},{"tweenEasing":0,"displayIndex":2,"duration":2},{"tweenEasing":0,"displayIndex":3,"duration":2},{"tweenEasing":0,"displayIndex":4,"duration":2},{"tweenEasing":0,"displayIndex":5,"duration":2},{"tweenEasing":null,"displayIndex":-1,"duration":33}],"name":"hk_dimianyanwu_eff/4"},{"frame":[{"tweenEasing":0,"duration":3},{"tweenEasing":0,"displayIndex":1,"duration":3},{"tweenEasing":0,"displayIndex":2,"duration":3},{"tweenEasing":0,"displayIndex":3,"duration":3},{"tweenEasing":0,"displayIndex":4,"duration":3},{"tweenEasing":0,"displayIndex":5,"duration":3},{"tweenEasing":0,"displayIndex":6,"duration":3},{"tweenEasing":0,"displayIndex":7,"duration":9},{"tweenEasing":0,"displayIndex":7,"duration":5},{"tweenEasing":0,"displayIndex":7,"duration":5,"color":{"aM":62}},{"tweenEasing":null,"displayIndex":7,"duration":5},{"tweenEasing":null,"displayIndex":7,"duration":15},{"tweenEasing":0,"displayIndex":7,"duration":15},{"tweenEasing":null,"displayIndex":7,"duration":0,"color":{"aM":0}}],"name":"hk_kongjianmen_eff/0_00000"},{"frame":[{"tweenEasing":0,"displayIndex":-1,"duration":27},{"tweenEasing":0,"duration":1},{"tweenEasing":0,"displayIndex":1,"duration":1},{"tweenEasing":0,"displayIndex":2,"duration":1},{"tweenEasing":0,"displayIndex":5,"duration":5},{"tweenEasing":0,"displayIndex":5,"duration":5},{"tweenEasing":0,"displayIndex":5,"duration":5,"color":{"aM":52}},{"tweenEasing":0,"displayIndex":5,"duration":15},{"tweenEasing":null,"displayIndex":5,"duration":15,"color":{"aM":0}}],"name":"hk_suolian1_eff/0_00000"},{"frame":[{"tweenEasing":0,"displayIndex":-1,"duration":27},{"tweenEasing":0,"duration":1},{"tweenEasing":0,"displayIndex":1,"duration":1},{"tweenEasing":0,"displayIndex":2,"duration":1},{"tweenEasing":0,"displayIndex":5,"duration":5},{"tweenEasing":0,"displayIndex":5,"duration":5},{"tweenEasing":0,"displayIndex":5,"duration":5,"color":{"aM":52}},{"tweenEasing":0,"displayIndex":5,"duration":15},{"tweenEasing":null,"displayIndex":5,"duration":15,"color":{"aM":0}}],"name":"hk_suolian1_eff/0_0"},{"frame":[{"tweenEasing":0,"displayIndex":-1,"duration":27},{"tweenEasing":0,"duration":1},{"tweenEasing":0,"displayIndex":1,"duration":1},{"tweenEasing":0,"displayIndex":2,"duration":1},{"tweenEasing":0,"displayIndex":5,"duration":5},{"tweenEasing":0,"displayIndex":5,"duration":5},{"tweenEasing":0,"displayIndex":5,"duration":5,"color":{"aM":52}},{"tweenEasing":0,"displayIndex":5,"duration":15},{"tweenEasing":null,"displayIndex":5,"duration":15,"color":{"aM":0}}],"name":"hk_suolian1_eff/0_1"},{"frame":[{"tweenEasing":0,"displayIndex":-1,"duration":27},{"tweenEasing":0,"duration":1},{"tweenEasing":0,"displayIndex":1,"duration":1},{"tweenEasing":0,"displayIndex":2,"duration":1},{"tweenEasing":0,"displayIndex":5,"duration":5},{"tweenEasing":0,"displayIndex":5,"duration":5},{"tweenEasing":0,"displayIndex":5,"duration":5,"color":{"aM":52}},{"tweenEasing":0,"displayIndex":5,"duration":15},{"tweenEasing":null,"displayIndex":5,"duration":15,"color":{"aM":0}}],"name":"hk_suolian1_eff/0_2"},{"frame":[{"tweenEasing":0,"displayIndex":-1,"duration":27},{"tweenEasing":0,"duration":1},{"tweenEasing":0,"displayIndex":1,"duration":1},{"tweenEasing":0,"displayIndex":2,"duration":1},{"tweenEasing":0,"displayIndex":5,"duration":5},{"tweenEasing":0,"displayIndex":5,"duration":5},{"tweenEasing":0,"displayIndex":5,"duration":5,"color":{"aM":52}},{"tweenEasing":0,"displayIndex":5,"duration":15},{"tweenEasing":null,"displayIndex":5,"duration":15,"color":{"aM":0}}],"name":"hk_suolian1_eff/0_3"},{"frame":[{"tweenEasing":null,"displayIndex":-1,"duration":75}],"name":"hk_suolianfashe_eff/0_00000"},{"frame":[{"tweenEasing":null,"displayIndex":-1,"duration":75}],"name":"hk_suolianxuli2_eff/0_00000"},{"frame":[{"tweenEasing":null,"displayIndex":-1,"duration":75}],"name":"hk_xulifazhen_eff/0_00000"},{"frame":[{"tweenEasing":0,"displayIndex":-1,"duration":29},{"tweenEasing":0,"displayIndex":-1,"duration":1},{"tweenEasing":0,"duration":15},{"tweenEasing":null,"displayIndex":-1,"duration":30}],"name":"wj_050_hongka_eff_pz"}],"ffd":[],"bone":[{"frame":[{"duration":30,"transform":{}},{"duration":15,"transform":{}},{"duration":15,"transform":{}},{"duration":15,"transform":{}}],"name":"hk_suolianxuli2_eff/0_00000"},{"frame":[{"duration":75,"transform":{}}],"name":"hk_suolianfashe_eff/0_00000"},{"frame":[{"duration":30,"transform":{}},{"duration":15,"transform":{}},{"duration":15,"transform":{}},{"duration":15,"transform":{}}],"name":"hk_xulifazhen_eff/0_00000"},{"frame":[{"tweenEasing":0,"duration":25,"transform":{"skX":90,"skY":90}},{"tweenEasing":0,"duration":5,"transform":{"skX":15,"skY":15}},{"tweenEasing":0,"duration":8,"transform":{}},{"tweenEasing":0,"duration":7,"transform":{"skX":-11.99,"skY":-11.99}},{"tweenEasing":0,"duration":30,"transform":{"skX":-19.21,"skY":-19.21}},{"duration":0,"transform":{"skX":-45,"skY":-45}}],"name":"hk_kongjianmen_eff/0_00000"},{"frame":[{"tweenEasing":0,"duration":25,"transform":{"scY":2.126,"skX":-90,"skY":-90,"scX":0.333}},{"tweenEasing":0,"duration":5,"transform":{"scY":1.775,"skX":-90,"skY":-90,"scX":0.278}},{"tweenEasing":0,"duration":15,"transform":{"scY":2.337,"skX":-90,"skY":-90,"scX":0.366}},{"tweenEasing":0,"duration":5,"transform":{"scY":2.032,"skX":-90,"skY":-90,"scX":0.318}},{"tweenEasing":0,"duration":10,"transform":{"scY":2.516,"skX":-90,"skY":-90,"scX":0.394}},{"duration":15,"transform":{"scY":2.126,"skX":-90,"skY":-90,"scX":0.333}}],"name":"fuji"},{"frame":[{"duration":27,"transform":{"y":-202.76,"skX":25.27,"skY":25.27,"x":-37.165}},{"duration":3,"transform":{"y":-75.11,"skX":-105.96,"skY":-105.96,"x":228.12}},{"duration":15,"transform":{"y":-75.11,"skX":-105.96,"skY":-105.96,"x":228.12}},{"duration":15,"transform":{"y":-75.11,"skX":-105.96,"skY":-105.96,"x":228.12}},{"duration":15,"transform":{"y":-75.11,"skX":-105.96,"skY":-105.96,"x":228.12}}],"name":"hk_suolian1_eff/0_00000"},{"frame":[{"duration":30,"transform":{"y":5.28,"x":210.27}},{"duration":15,"transform":{"y":5.28,"x":210.27}},{"duration":15,"transform":{"y":5.28,"x":210.27}},{"duration":15,"transform":{"y":5.28,"x":210.27}}],"name":"hk_dimianyanwu_eff/00001"},{"frame":[{"duration":27,"transform":{"y":44.55,"skX":33.02,"skY":33.02,"x":-52.825}},{"duration":3,"transform":{"y":157.77,"skX":-70.46,"skY":-70.46,"x":93.69}},{"duration":15,"transform":{"y":157.77,"skX":-70.46,"skY":-70.46,"x":93.69}},{"duration":15,"transform":{"y":157.77,"skX":-70.46,"skY":-70.46,"x":93.69}},{"duration":15,"transform":{"y":157.77,"skX":-70.46,"skY":-70.46,"x":93.69}}],"name":"hk_suolian1_eff/0_0"},{"frame":[{"tweenEasing":0,"duration":30,"transform":{}},{"duration":15,"transform":{"y":7.47,"x":152.485}},{"duration":15,"transform":{"y":7.47,"x":152.485}},{"duration":15,"transform":{"y":7.47,"x":152.485}}],"name":"hk_dimianyanwu_eff/1"},{"frame":[{"duration":27,"transform":{"y":79.535,"skX":20.72,"skY":20.72,"x":-63}},{"duration":3,"transform":{"y":171.665,"skX":-100.45,"skY":-100.45,"x":124.585}},{"duration":15,"transform":{"y":171.665,"skX":-100.45,"skY":-100.45,"x":124.585}},{"duration":15,"transform":{"y":171.665,"skX":-100.45,"skY":-100.45,"x":124.585}},{"duration":15,"transform":{"y":171.665,"skX":-100.45,"skY":-100.45,"x":124.585}}],"name":"hk_suolian1_eff/0_1"},{"frame":[{"tweenEasing":0,"duration":30,"transform":{}},{"duration":15,"transform":{"x":269.225}},{"duration":15,"transform":{"x":269.225}},{"duration":15,"transform":{"x":269.225}}],"name":"hk_dimianyanwu_eff/2"},{"frame":[{"duration":27,"transform":{}},{"duration":3,"transform":{"y":210.965,"skX":-74.7,"skY":-74.7,"x":142.39}},{"duration":15,"transform":{"y":210.965,"skX":-74.7,"skY":-74.7,"x":142.39}},{"duration":15,"transform":{"y":210.965,"skX":-74.7,"skY":-74.7,"x":142.39}},{"duration":15,"transform":{"y":210.965,"skX":-74.7,"skY":-74.7,"x":142.39}}],"name":"hk_suolian1_eff/0_2"},{"frame":[{"tweenEasing":0,"duration":30,"transform":{}},{"duration":15,"transform":{"y":23.505,"x":366.175}},{"duration":15,"transform":{"y":23.505,"x":366.175}},{"duration":15,"transform":{"y":23.505,"x":366.175}}],"name":"hk_dimianyanwu_eff/3"},{"frame":[{"duration":27,"transform":{}},{"duration":3,"transform":{"y":207.48,"skX":-85.87,"skY":-85.87,"x":219.865}},{"duration":15,"transform":{"y":207.48,"skX":-85.87,"skY":-85.87,"x":219.865}},{"duration":15,"transform":{"y":207.48,"skX":-85.87,"skY":-85.87,"x":219.865}},{"duration":15,"transform":{"y":207.48,"skX":-85.87,"skY":-85.87,"x":219.865}}],"name":"hk_suolian1_eff/0_3"},{"frame":[{"tweenEasing":0,"duration":30,"transform":{}},{"duration":15,"transform":{"y":14.245,"x":386.835}},{"duration":15,"transform":{"y":14.245,"x":386.835}},{"duration":15,"transform":{"y":14.245,"x":386.835}}],"name":"hk_dimianyanwu_eff/4"},{"frame":[{"duration":75,"transform":{}}],"name":"hk_chongji_eff/lan_chongji_05_eff_02"},{"frame":[{"duration":30,"transform":{}},{"duration":15,"transform":{}},{"duration":15,"transform":{}},{"duration":15,"transform":{}}],"name":"root"},{"frame":[{"tweenEasing":0,"duration":29,"transform":{}},{"duration":1,"transform":{"scY":4.945,"y":-236.99,"scX":4,"x":-226.635}},{"duration":15,"transform":{"scY":4.945,"y":-236.99,"scX":4,"x":-226.635}},{"duration":30,"transform":{"scY":4.945,"y":-236.99,"scX":4,"x":-226.635}}],"name":"wj_050_hongka_eff_pz"}],"name":"0004_bisha_gongji1","ik":[]},{"frame":[],"duration":30,"slot":[{"frame":[{"tweenEasing":0,"duration":5},{"tweenEasing":0,"duration":25},{"tweenEasing":null,"duration":0,"color":{"aM":0}}],"name":"hk_chongji_eff/lan_chongji_05_eff_02"},{"frame":[{"tweenEasing":null,"displayIndex":-1,"duration":30}],"name":"hk_dimianyanwu_eff/00001"},{"frame":[{"tweenEasing":null,"displayIndex":-1,"duration":30}],"name":"hk_dimianyanwu_eff/1"},{"frame":[{"tweenEasing":null,"displayIndex":-1,"duration":30}],"name":"hk_dimianyanwu_eff/2"},{"frame":[{"tweenEasing":null,"displayIndex":-1,"duration":30}],"name":"hk_dimianyanwu_eff/3"},{"frame":[{"tweenEasing":null,"displayIndex":-1,"duration":30}],"name":"hk_dimianyanwu_eff/4"},{"frame":[{"tweenEasing":0,"duration":15},{"tweenEasing":0,"duration":15},{"tweenEasing":null,"duration":0,"color":{"aM":0}}],"name":"hk_kongjianmen_eff/0_00000"},{"frame":[{"tweenEasing":0,"displayIndex":5,"duration":15},{"tweenEasing":null,"displayIndex":5,"duration":15,"color":{"aM":0}}],"name":"hk_suolian1_eff/0_00000"},{"frame":[{"tweenEasing":0,"displayIndex":5,"duration":15},{"tweenEasing":null,"displayIndex":5,"duration":15,"color":{"aM":0}}],"name":"hk_suolian1_eff/0_0"},{"frame":[{"tweenEasing":0,"displayIndex":5,"duration":15},{"tweenEasing":null,"displayIndex":5,"duration":15,"color":{"aM":0}}],"name":"hk_suolian1_eff/0_1"},{"frame":[{"tweenEasing":0,"displayIndex":5,"duration":15},{"tweenEasing":null,"displayIndex":5,"duration":15,"color":{"aM":0}}],"name":"hk_suolian1_eff/0_2"},{"frame":[{"tweenEasing":0,"displayIndex":5,"duration":15},{"tweenEasing":null,"displayIndex":5,"duration":15,"color":{"aM":0}}],"name":"hk_suolian1_eff/0_3"},{"frame":[{"tweenEasing":0,"duration":1},{"tweenEasing":0,"displayIndex":1,"duration":1},{"tweenEasing":0,"displayIndex":2,"duration":1},{"tweenEasing":0,"displayIndex":3,"duration":1},{"tweenEasing":0,"displayIndex":4,"duration":1},{"tweenEasing":0,"displayIndex":5,"duration":15},{"tweenEasing":0,"displayIndex":6,"duration":10},{"tweenEasing":null,"displayIndex":-1,"duration":0,"color":{"aM":0}}],"name":"hk_suolianfashe_eff/0_00000"},{"frame":[{"tweenEasing":null,"displayIndex":-1,"duration":30}],"name":"hk_suolianxuli2_eff/0_00000"},{"frame":[{"tweenEasing":null,"displayIndex":-1,"duration":30}],"name":"hk_xulifazhen_eff/0_00000"}],"ffd":[],"bone":[{"frame":[{"duration":15,"transform":{}},{"duration":15,"transform":{}},{"duration":0,"transform":{}}],"name":"hk_suolianxuli2_eff/0_00000"},{"frame":[{"duration":30,"transform":{"scY":3.989,"y":-139.55,"skX":-90.4,"skY":-90.4,"scX":1.125,"x":168.74}},{"duration":0,"transform":{"scY":3.989,"y":-139.55,"skX":-90.4,"skY":-90.4,"scX":1.125,"x":168.74}}],"name":"hk_suolianfashe_eff/0_00000"},{"frame":[{"duration":30,"transform":{}}],"name":"hk_xulifazhen_eff/0_00000"},{"frame":[{"tweenEasing":0,"duration":30,"transform":{"skX":-19.21,"skY":-19.21}},{"duration":0,"transform":{"skX":-45,"skY":-45}}],"name":"hk_kongjianmen_eff/0_00000"},{"frame":[{"tweenEasing":0,"duration":5,"transform":{"scY":2.032,"skX":-90,"skY":-90,"scX":0.318}},{"tweenEasing":0,"duration":10,"transform":{"scY":2.516,"skX":-90,"skY":-90,"scX":0.394}},{"duration":15,"transform":{"scY":2.126,"skX":-90,"skY":-90,"scX":0.333}},{"duration":0,"transform":{"scY":2.126,"skX":-90,"skY":-90,"scX":0.333}}],"name":"fuji"},{"frame":[{"duration":15,"transform":{"y":-75.11,"skX":-105.96,"skY":-105.96,"x":228.12}},{"duration":15,"transform":{"y":-75.11,"skX":-105.96,"skY":-105.96,"x":228.12}},{"duration":0,"transform":{"y":-75.11,"skX":-105.96,"skY":-105.96,"x":228.12}}],"name":"hk_suolian1_eff/0_00000"},{"frame":[{"duration":15,"transform":{"y":5.28,"x":210.27}},{"duration":15,"transform":{"y":5.28,"x":210.27}},{"duration":0,"transform":{"y":5.28,"x":210.27}}],"name":"hk_dimianyanwu_eff/00001"},{"frame":[{"duration":15,"transform":{"y":157.77,"skX":-70.46,"skY":-70.46,"x":93.69}},{"duration":15,"transform":{"y":157.77,"skX":-70.46,"skY":-70.46,"x":93.69}},{"duration":0,"transform":{"y":157.77,"skX":-70.46,"skY":-70.46,"x":93.69}}],"name":"hk_suolian1_eff/0_0"},{"frame":[{"duration":15,"transform":{"y":7.47,"x":152.485}},{"duration":15,"transform":{"y":7.47,"x":152.485}},{"duration":0,"transform":{"y":7.47,"x":152.485}}],"name":"hk_dimianyanwu_eff/1"},{"frame":[{"duration":15,"transform":{"y":171.665,"skX":-100.45,"skY":-100.45,"x":124.585}},{"duration":15,"transform":{"y":171.665,"skX":-100.45,"skY":-100.45,"x":124.585}},{"duration":0,"transform":{"y":171.665,"skX":-100.45,"skY":-100.45,"x":124.585}}],"name":"hk_suolian1_eff/0_1"},{"frame":[{"duration":15,"transform":{"x":269.225}},{"duration":15,"transform":{"x":269.225}},{"duration":0,"transform":{"x":269.225}}],"name":"hk_dimianyanwu_eff/2"},{"frame":[{"duration":15,"transform":{"y":210.965,"skX":-74.7,"skY":-74.7,"x":142.39}},{"duration":15,"transform":{"y":210.965,"skX":-74.7,"skY":-74.7,"x":142.39}},{"duration":0,"transform":{"y":210.965,"skX":-74.7,"skY":-74.7,"x":142.39}}],"name":"hk_suolian1_eff/0_2"},{"frame":[{"duration":15,"transform":{"y":23.505,"x":366.175}},{"duration":15,"transform":{"y":23.505,"x":366.175}},{"duration":0,"transform":{"y":23.505,"x":366.175}}],"name":"hk_dimianyanwu_eff/3"},{"frame":[{"duration":15,"transform":{"y":207.48,"skX":-85.87,"skY":-85.87,"x":219.865}},{"duration":15,"transform":{"y":207.48,"skX":-85.87,"skY":-85.87,"x":219.865}},{"duration":0,"transform":{"y":207.48,"skX":-85.87,"skY":-85.87,"x":219.865}}],"name":"hk_suolian1_eff/0_3"},{"frame":[{"duration":15,"transform":{"y":14.245,"x":386.835}},{"duration":15,"transform":{"y":14.245,"x":386.835}},{"duration":0,"transform":{"y":14.245,"x":386.835}}],"name":"hk_dimianyanwu_eff/4"},{"frame":[{"curve":[0,0.9,0.75,1],"duration":30,"transform":{"scY":4.221,"y":-0.49,"x":-234.21}},{"duration":0,"transform":{"scY":3,"y":-0.49,"scX":2,"x":-234.21}}],"name":"hk_chongji_eff/lan_chongji_05_eff_02"},{"frame":[{"duration":15,"transform":{}},{"duration":15,"transform":{}},{"duration":0,"transform":{}}],"name":"root"},{"frame":[{"tweenEasing":0,"duration":30,"transform":{"scY":4.533,"y":-229.01,"scX":4.533,"x":-224.835}},{"duration":0,"transform":{"scY":4.533,"y":-229.01,"scX":4.533,"x":-224.835}}],"name":"wj_050_hongka_eff_pz"}],"name":"0005_bisha_gongji2","ik":[]}],"type":"Armature","frameRate":30,"ik":[],"bone":[{"name":"root","transform":{}},{"transform":{},"name":"fuji","parent":"root"},{"length":96,"transform":{"y":0.095,"skX":-89.88,"skY":-89.88,"x":235.52},"parent":"root","name":"hk_chongji_eff/lan_chongji_05_eff_02"},{"length":19.5,"transform":{"y":-2.47,"skX":-88.56,"skY":-88.56,"x":-151.62},"parent":"root","name":"hk_dimianyanwu_eff/00001"},{"length":19.5,"transform":{"y":-2.135,"skX":-88.56,"skY":-88.56,"x":-210.26},"parent":"root","name":"hk_dimianyanwu_eff/1"},{"length":19.5,"transform":{"y":-1.915,"skX":-88.56,"skY":-88.56,"x":-273.65},"parent":"root","name":"hk_dimianyanwu_eff/2"},{"length":19.5,"transform":{"y":-2.36,"skX":-88.56,"skY":-88.56,"x":-339.535},"parent":"root","name":"hk_dimianyanwu_eff/3"},{"length":19.5,"transform":{"y":-2.095,"skX":-88.56,"skY":-88.56,"x":-403.365},"parent":"root","name":"hk_dimianyanwu_eff/4"},{"length":66.5,"transform":{"y":75.64,"skX":-1.01,"skY":-1.01,"x":-170.405},"parent":"root","name":"hk_suolian1_eff/0_00000"},{"length":66.5,"transform":{"y":-223.615,"skX":-1.01,"skY":-1.01,"x":-175.745},"parent":"root","name":"hk_suolian1_eff/0_3"},{"length":66.5,"transform":{"y":-151.42,"skX":-1.01,"skY":-1.01,"x":-174.455},"parent":"root","name":"hk_suolian1_eff/0_0"},{"length":66.5,"transform":{"y":-174.38,"skX":-1.01,"skY":-1.01,"x":-174.865},"parent":"root","name":"hk_suolian1_eff/0_1"},{"length":66.5,"transform":{"y":-198.765,"skX":-1.01,"skY":-1.01,"x":-175.3},"parent":"root","name":"hk_suolian1_eff/0_2"},{"transform":{"y":0.7,"x":110.14},"name":"hk_suolianxuli2_eff/0_00000","parent":"root"},{"length":111.5,"transform":{"y":139.545,"skX":0.4,"skY":0.4,"x":-165.86},"parent":"root","name":"hk_suolianfashe_eff/0_00000"},{"length":11.5,"transform":{"y":149.68,"x":101},"parent":"root","name":"hk_xulifazhen_eff/0_00000"},{"transform":{"y":122.93,"x":218.065},"name":"wj_050_hongka_eff_pz","parent":"root"},{"transform":{},"name":"hk_kongjianmen_eff/0_00000","parent":"fuji"}],"aabb":{"width":763.0499815964988,"y":-234.89824185969064,"height":444.7574707293363,"x":-484.4984607854661},"skin":[{"slot":[{"display":[{"path":"hk_dimianyanwu_eff/00001","type":"image","name":"hk_dimianyanwu_eff/00001","transform":{"y":-7.11,"skX":88.56,"skY":88.56,"x":38.77}},{"path":"hk_dimianyanwu_eff/00002","type":"image","name":"hk_dimianyanwu_eff/00002","transform":{"y":-7.11,"skX":88.56,"skY":88.56,"x":38.77}},{"path":"hk_dimianyanwu_eff/00003","type":"image","name":"hk_dimianyanwu_eff/00003","transform":{"y":-7.11,"skX":88.56,"skY":88.56,"x":38.77}},{"path":"hk_dimianyanwu_eff/00004","type":"image","name":"hk_dimianyanwu_eff/00004","transform":{"y":-7.11,"skX":88.56,"skY":88.56,"x":38.77}},{"path":"hk_dimianyanwu_eff/00005","type":"image","name":"hk_dimianyanwu_eff/00005","transform":{"y":-7.11,"skX":88.56,"skY":88.56,"x":38.77}},{"path":"hk_dimianyanwu_eff/00006","type":"image","name":"hk_dimianyanwu_eff/00006","transform":{"y":-7.11,"skX":88.56,"skY":88.56,"x":38.77}}],"name":"hk_dimianyanwu_eff/2"},{"display":[{"path":"wj_050_hongka_eff_pz","type":"image","name":"wj_050_hongka_eff_pz","transform":{"scY":10,"scX":10,"x":1.485}}],"name":"wj_050_hongka_eff_pz"},{"display":[{"path":"hk_dimianyanwu_eff/00001","type":"image","name":"hk_dimianyanwu_eff/00001","transform":{"y":-7.11,"skX":88.56,"skY":88.56,"x":38.77}},{"path":"hk_dimianyanwu_eff/00002","type":"image","name":"hk_dimianyanwu_eff/00002","transform":{"y":-7.11,"skX":88.56,"skY":88.56,"x":38.77}},{"path":"hk_dimianyanwu_eff/00003","type":"image","name":"hk_dimianyanwu_eff/00003","transform":{"y":-7.11,"skX":88.56,"skY":88.56,"x":38.77}},{"path":"hk_dimianyanwu_eff/00004","type":"image","name":"hk_dimianyanwu_eff/00004","transform":{"y":-7.11,"skX":88.56,"skY":88.56,"x":38.77}},{"path":"hk_dimianyanwu_eff/00005","type":"image","name":"hk_dimianyanwu_eff/00005","transform":{"y":-7.11,"skX":88.56,"skY":88.56,"x":38.77}},{"path":"hk_dimianyanwu_eff/00006","type":"image","name":"hk_dimianyanwu_eff/00006","transform":{"y":-7.11,"skX":88.56,"skY":88.56,"x":38.77}}],"blendMode":"add","name":"hk_dimianyanwu_eff/00001"},{"display":[{"path":"hk_dimianyanwu_eff/00001","type":"image","name":"hk_dimianyanwu_eff/00001","transform":{"y":-7.11,"skX":88.56,"skY":88.56,"x":38.77}},{"path":"hk_dimianyanwu_eff/00002","type":"image","name":"hk_dimianyanwu_eff/00002","transform":{"y":-7.11,"skX":88.56,"skY":88.56,"x":38.77}},{"path":"hk_dimianyanwu_eff/00003","type":"image","name":"hk_dimianyanwu_eff/00003","transform":{"y":-7.11,"skX":88.56,"skY":88.56,"x":38.77}},{"path":"hk_dimianyanwu_eff/00004","type":"image","name":"hk_dimianyanwu_eff/00004","transform":{"y":-7.11,"skX":88.56,"skY":88.56,"x":38.77}},{"path":"hk_dimianyanwu_eff/00005","type":"image","name":"hk_dimianyanwu_eff/00005","transform":{"y":-7.11,"skX":88.56,"skY":88.56,"x":38.77}},{"path":"hk_dimianyanwu_eff/00006","type":"image","name":"hk_dimianyanwu_eff/00006","transform":{"y":-7.11,"skX":88.56,"skY":88.56,"x":38.77}}],"blendMode":"add","name":"hk_dimianyanwu_eff/3"},{"display":[{"path":"hk_suolian1_eff/0_00000","type":"image","name":"hk_suolian1_eff/0_00000","transform":{"y":3.755,"skX":1.02,"skY":1.02,"x":143.965}},{"path":"hk_suolian1_eff/0_00001","type":"image","name":"hk_suolian1_eff/0_00001","transform":{"y":3.755,"skX":1.02,"skY":1.02,"x":143.965}},{"path":"hk_suolian1_eff/0_00002","type":"image","name":"hk_suolian1_eff/0_00002","transform":{"y":3.755,"skX":1.02,"skY":1.02,"x":143.965}},{"path":"hk_suolian1_eff/0_00003","type":"image","name":"hk_suolian1_eff/0_00003","transform":{"y":3.755,"skX":1.02,"skY":1.02,"x":143.965}},{"path":"hk_suolian1_eff/0_00004","type":"image","name":"hk_suolian1_eff/0_00004","transform":{"y":3.755,"skX":1.02,"skY":1.02,"x":143.965}},{"path":"hk_suolian1_eff/0_00005","type":"image","name":"hk_suolian1_eff/0_00005","transform":{"y":3.755,"skX":1.02,"skY":1.02,"x":143.965}}],"name":"hk_suolian1_eff/0_00000"},{"display":[{"path":"hk_dimianyanwu_eff/00001","type":"image","name":"hk_dimianyanwu_eff/00001","transform":{"y":-7.11,"skX":88.56,"skY":88.56,"x":38.77}},{"path":"hk_dimianyanwu_eff/00002","type":"image","name":"hk_dimianyanwu_eff/00002","transform":{"y":-7.11,"skX":88.56,"skY":88.56,"x":38.77}},{"path":"hk_dimianyanwu_eff/00003","type":"image","name":"hk_dimianyanwu_eff/00003","transform":{"y":-7.11,"skX":88.56,"skY":88.56,"x":38.77}},{"path":"hk_dimianyanwu_eff/00004","type":"image","name":"hk_dimianyanwu_eff/00004","transform":{"y":-7.11,"skX":88.56,"skY":88.56,"x":38.77}},{"path":"hk_dimianyanwu_eff/00005","type":"image","name":"hk_dimianyanwu_eff/00005","transform":{"y":-7.11,"skX":88.56,"skY":88.56,"x":38.77}},{"path":"hk_dimianyanwu_eff/00006","type":"image","name":"hk_dimianyanwu_eff/00006","transform":{"y":-7.11,"skX":88.56,"skY":88.56,"x":38.77}}],"name":"hk_dimianyanwu_eff/1"},{"display":[{"path":"hk_kongjianmen_eff/0_00000","type":"image","name":"hk_kongjianmen_eff/0_00000","transform":{"y":-0.75,"x":-2.235}},{"path":"hk_kongjianmen_eff/0_00001","type":"image","name":"hk_kongjianmen_eff/0_00001","transform":{"y":-0.75,"x":-2.235}},{"path":"hk_kongjianmen_eff/0_00002","type":"image","name":"hk_kongjianmen_eff/0_00002","transform":{"y":-0.75,"x":-2.235}},{"path":"hk_kongjianmen_eff/0_00003","type":"image","name":"hk_kongjianmen_eff/0_00003","transform":{"y":-0.75,"x":-2.235}},{"path":"hk_kongjianmen_eff/0_00004","type":"image","name":"hk_kongjianmen_eff/0_00004","transform":{"y":-0.75,"x":-2.235}},{"path":"hk_kongjianmen_eff/0_00005","type":"image","name":"hk_kongjianmen_eff/0_00005","transform":{"y":-0.75,"x":-2.235}},{"path":"hk_kongjianmen_eff/0_00006","type":"image","name":"hk_kongjianmen_eff/0_00006","transform":{"y":-0.75,"x":-2.235}},{"path":"hk_kongjianmen_eff/0_00007","type":"image","name":"hk_kongjianmen_eff/0_00007","transform":{"y":-0.75,"x":-2.235}}],"blendMode":"add","name":"hk_kongjianmen_eff/0_00000"},{"display":[{"path":"hk_chongji_eff/lan_chongji_05_eff_02","type":"image","name":"hk_chongji_eff/lan_chongji_05_eff_02","transform":{"y":-0.87,"skX":90.86,"skY":90.86,"x":72.345}}],"blendMode":"add","name":"hk_chongji_eff/lan_chongji_05_eff_02"},{"display":[{"path":"hk_suolian1_eff/0_00000","type":"image","name":"hk_suolian1_eff/0_00000","transform":{"y":3.755,"skX":1.02,"skY":1.02,"x":143.965}},{"path":"hk_suolian1_eff/0_00001","type":"image","name":"hk_suolian1_eff/0_00001","transform":{"y":3.755,"skX":1.02,"skY":1.02,"x":143.965}},{"path":"hk_suolian1_eff/0_00002","type":"image","name":"hk_suolian1_eff/0_00002","transform":{"y":3.755,"skX":1.02,"skY":1.02,"x":143.965}},{"path":"hk_suolian1_eff/0_00003","type":"image","name":"hk_suolian1_eff/0_00003","transform":{"y":3.755,"skX":1.02,"skY":1.02,"x":143.965}},{"path":"hk_suolian1_eff/0_00004","type":"image","name":"hk_suolian1_eff/0_00004","transform":{"y":3.755,"skX":1.02,"skY":1.02,"x":143.965}},{"path":"hk_suolian1_eff/0_00005","type":"image","name":"hk_suolian1_eff/0_00005","transform":{"y":3.755,"skX":1.02,"skY":1.02,"x":143.965}}],"name":"hk_suolian1_eff/0_2"},{"display":[{"path":"hk_suolian1_eff/0_00000","type":"image","name":"hk_suolian1_eff/0_00000","transform":{"y":3.755,"skX":1.02,"skY":1.02,"x":143.965}},{"path":"hk_suolian1_eff/0_00001","type":"image","name":"hk_suolian1_eff/0_00001","transform":{"y":3.755,"skX":1.02,"skY":1.02,"x":143.965}},{"path":"hk_suolian1_eff/0_00002","type":"image","name":"hk_suolian1_eff/0_00002","transform":{"y":3.755,"skX":1.02,"skY":1.02,"x":143.965}},{"path":"hk_suolian1_eff/0_00003","type":"image","name":"hk_suolian1_eff/0_00003","transform":{"y":3.755,"skX":1.02,"skY":1.02,"x":143.965}},{"path":"hk_suolian1_eff/0_00004","type":"image","name":"hk_suolian1_eff/0_00004","transform":{"y":3.755,"skX":1.02,"skY":1.02,"x":143.965}},{"path":"hk_suolian1_eff/0_00005","type":"image","name":"hk_suolian1_eff/0_00005","transform":{"y":3.755,"skX":1.02,"skY":1.02,"x":143.965}}],"name":"hk_suolian1_eff/0_1"},{"display":[{"path":"hk_suolian1_eff/0_00000","type":"image","name":"hk_suolian1_eff/0_00000","transform":{"y":3.755,"skX":1.02,"skY":1.02,"x":143.965}},{"path":"hk_suolian1_eff/0_00001","type":"image","name":"hk_suolian1_eff/0_00001","transform":{"y":3.755,"skX":1.02,"skY":1.02,"x":143.965}},{"path":"hk_suolian1_eff/0_00002","type":"image","name":"hk_suolian1_eff/0_00002","transform":{"y":3.755,"skX":1.02,"skY":1.02,"x":143.965}},{"path":"hk_suolian1_eff/0_00003","type":"image","name":"hk_suolian1_eff/0_00003","transform":{"y":3.755,"skX":1.02,"skY":1.02,"x":143.965}},{"path":"hk_suolian1_eff/0_00004","type":"image","name":"hk_suolian1_eff/0_00004","transform":{"y":3.755,"skX":1.02,"skY":1.02,"x":143.965}},{"path":"hk_suolian1_eff/0_00005","type":"image","name":"hk_suolian1_eff/0_00005","transform":{"y":3.755,"skX":1.02,"skY":1.02,"x":143.965}}],"name":"hk_suolian1_eff/0_0"},{"display":[{"path":"hk_suolian1_eff/0_00000","type":"image","name":"hk_suolian1_eff/0_00000","transform":{"y":3.755,"skX":1.02,"skY":1.02,"x":143.965}},{"path":"hk_suolian1_eff/0_00001","type":"image","name":"hk_suolian1_eff/0_00001","transform":{"y":3.755,"skX":1.02,"skY":1.02,"x":143.965}},{"path":"hk_suolian1_eff/0_00002","type":"image","name":"hk_suolian1_eff/0_00002","transform":{"y":3.755,"skX":1.02,"skY":1.02,"x":143.965}},{"path":"hk_suolian1_eff/0_00003","type":"image","name":"hk_suolian1_eff/0_00003","transform":{"y":3.755,"skX":1.02,"skY":1.02,"x":143.965}},{"path":"hk_suolian1_eff/0_00004","type":"image","name":"hk_suolian1_eff/0_00004","transform":{"y":3.755,"skX":1.02,"skY":1.02,"x":143.965}},{"path":"hk_suolian1_eff/0_00005","type":"image","name":"hk_suolian1_eff/0_00005","transform":{"y":3.755,"skX":1.02,"skY":1.02,"x":143.965}}],"name":"hk_suolian1_eff/0_3"},{"display":[{"path":"hk_xulifazhen_eff/0_00000","type":"image","name":"hk_xulifazhen_eff/0_00000","transform":{"y":0.735,"x":21.815}},{"path":"hk_xulifazhen_eff/0_00001","type":"image","name":"hk_xulifazhen_eff/0_00001","transform":{"y":0.735,"x":21.815}},{"path":"hk_xulifazhen_eff/0_00002","type":"image","name":"hk_xulifazhen_eff/0_00002","transform":{"y":0.735,"x":21.815}},{"path":"hk_xulifazhen_eff/0_00003","type":"image","name":"hk_xulifazhen_eff/0_00003","transform":{"y":0.735,"x":21.815}},{"path":"hk_xulifazhen_eff/0_00004","type":"image","name":"hk_xulifazhen_eff/0_00004","transform":{"y":0.735,"x":21.815}},{"path":"hk_xulifazhen_eff/0_00005","type":"image","name":"hk_xulifazhen_eff/0_00005","transform":{"y":0.735,"x":21.815}},{"path":"hk_xulifazhen_eff/0_00006","type":"image","name":"hk_xulifazhen_eff/0_00006","transform":{"y":0.735,"x":21.815}}],"blendMode":"add","name":"hk_xulifazhen_eff/0_00000"},{"display":[{"path":"hk_suolianxuli2_eff/0_00000","type":"image","name":"hk_suolianxuli2_eff/0_00000","transform":{"y":-0.295,"x":-0.595}}],"blendMode":"add","name":"hk_suolianxuli2_eff/0_00000"},{"display":[{"path":"hk_dimianyanwu_eff/00001","type":"image","name":"hk_dimianyanwu_eff/00001","transform":{"y":-7.11,"skX":88.56,"skY":88.56,"x":38.77}},{"path":"hk_dimianyanwu_eff/00002","type":"image","name":"hk_dimianyanwu_eff/00002","transform":{"y":-7.11,"skX":88.56,"skY":88.56,"x":38.77}},{"path":"hk_dimianyanwu_eff/00003","type":"image","name":"hk_dimianyanwu_eff/00003","transform":{"y":-7.11,"skX":88.56,"skY":88.56,"x":38.77}},{"path":"hk_dimianyanwu_eff/00004","type":"image","name":"hk_dimianyanwu_eff/00004","transform":{"y":-7.11,"skX":88.56,"skY":88.56,"x":38.77}},{"path":"hk_dimianyanwu_eff/00005","type":"image","name":"hk_dimianyanwu_eff/00005","transform":{"y":-7.11,"skX":88.56,"skY":88.56,"x":38.77}},{"path":"hk_dimianyanwu_eff/00006","type":"image","name":"hk_dimianyanwu_eff/00006","transform":{"y":-7.11,"skX":88.56,"skY":88.56,"x":38.77}}],"name":"hk_dimianyanwu_eff/4"},{"display":[{"path":"hk_suolianfashe_eff/0_00000","type":"image","name":"hk_suolianfashe_eff/0_00000","transform":{"y":-5.515,"skX":-0.38,"skY":-0.38,"x":118.76}},{"path":"hk_suolianfashe_eff/0_00001","type":"image","name":"hk_suolianfashe_eff/0_00001","transform":{"y":-5.515,"skX":-0.38,"skY":-0.38,"x":118.76}},{"path":"hk_suolianfashe_eff/0_00002","type":"image","name":"hk_suolianfashe_eff/0_00002","transform":{"y":-5.515,"skX":-0.38,"skY":-0.38,"x":118.76}},{"path":"hk_suolianfashe_eff/0_00003","type":"image","name":"hk_suolianfashe_eff/0_00003","transform":{"y":-5.515,"skX":-0.38,"skY":-0.38,"x":118.76}},{"path":"hk_suolianfashe_eff/0_00004","type":"image","name":"hk_suolianfashe_eff/0_00004","transform":{"y":-5.515,"skX":-0.38,"skY":-0.38,"x":118.76}},{"path":"hk_suolianfashe_eff/0_00005","type":"image","name":"hk_suolianfashe_eff/0_00005","transform":{"y":-5.515,"skX":-0.38,"skY":-0.38,"x":118.76}},{"path":"hk_suolianfashe_eff/0_00006","type":"image","name":"hk_suolianfashe_eff/0_00006","transform":{"y":-5.515,"skX":-0.38,"skY":-0.38,"x":118.76}}],"blendMode":"add","name":"hk_suolianfashe_eff/0_00000"}],"name":""}],"slot":[{"name":"wj_050_hongka_eff_pz","parent":"wj_050_hongka_eff_pz","color":{}},{"blendMode":"add","z":1,"parent":"hk_chongji_eff/lan_chongji_05_eff_02","name":"hk_chongji_eff/lan_chongji_05_eff_02","color":{}},{"z":2,"name":"hk_suolian1_eff/0_00000","parent":"hk_suolian1_eff/0_00000","color":{}},{"z":3,"name":"hk_suolian1_eff/0_0","parent":"hk_suolian1_eff/0_0","color":{}},{"z":4,"name":"hk_suolian1_eff/0_1","parent":"hk_suolian1_eff/0_1","color":{}},{"z":5,"name":"hk_suolian1_eff/0_2","parent":"hk_suolian1_eff/0_2","color":{}},{"z":6,"name":"hk_suolian1_eff/0_3","parent":"hk_suolian1_eff/0_3","color":{}},{"blendMode":"add","z":7,"parent":"hk_suolianfashe_eff/0_00000","name":"hk_suolianfashe_eff/0_00000","color":{}},{"blendMode":"add","z":8,"parent":"hk_suolianxuli2_eff/0_00000","name":"hk_suolianxuli2_eff/0_00000","color":{}},{"blendMode":"add","z":9,"parent":"hk_xulifazhen_eff/0_00000","name":"hk_xulifazhen_eff/0_00000","color":{}},{"blendMode":"add","z":10,"parent":"hk_kongjianmen_eff/0_00000","name":"hk_kongjianmen_eff/0_00000","color":{}},{"blendMode":"add","z":11,"parent":"hk_dimianyanwu_eff/00001","name":"hk_dimianyanwu_eff/00001","color":{}},{"z":12,"name":"hk_dimianyanwu_eff/1","parent":"hk_dimianyanwu_eff/1","color":{}},{"z":13,"name":"hk_dimianyanwu_eff/2","parent":"hk_dimianyanwu_eff/2","color":{}},{"blendMode":"add","z":14,"parent":"hk_dimianyanwu_eff/3","name":"hk_dimianyanwu_eff/3","color":{}},{"z":15,"name":"hk_dimianyanwu_eff/4","parent":"hk_dimianyanwu_eff/4","color":{}}],"name":"armatureName"}],"name":"wj_050_hongka_eff","version":"4.0"}