{"frameRate":60,"isGlobal":0,"armature":[{"bone":[{"name":"root","transform":{}},{"inheritScale":false,"transform":{},"name":"005_huanrao3","parent":"root"},{"inheritScale":false,"transform":{},"name":"005_huanrao1","parent":"root"},{"inheritScale":false,"transform":{},"name":"006_guihuo2","parent":"root"},{"inheritScale":false,"transform":{},"name":"006_guihuo1","parent":"root"},{"inheritScale":false,"transform":{},"name":"000_fuji","parent":"root"},{"inheritScale":false,"transform":{},"name":"005_huanrao2","parent":"root"},{"inheritScale":false,"transform":{},"name":"002_guilian_fuji","parent":"000_fuji"},{"inheritScale":false,"transform":{},"name":"001_fazhen","parent":"000_fuji"},{"inheritScale":false,"transform":{},"name":"003_luoxuan","parent":"000_fuji"},{"inheritScale":false,"transform":{},"name":"004_fuwen","parent":"000_fuji"},{"inheritScale":false,"transform":{},"name":"002_guilian2","parent":"002_guilian_fuji"},{"inheritScale":false,"transform":{},"name":"002_guilian1","parent":"002_guilian_fuji"},{"inheritScale":false,"transform":{},"name":"002_guiyan2","parent":"002_guilian1"},{"inheritScale":false,"transform":{},"name":"002_guiyan1","parent":"002_guilian1"}],"type":"Armature","frameRate":60,"animation":[{"playTimes":0,"bone":[{"frame":[{"tweenEasing":0,"transform":{"y":-61},"duration":9},{"tweenEasing":0,"transform":{"y":-61},"duration":1},{"tweenEasing":0,"transform":{"y":-61},"duration":5},{"tweenEasing":0,"transform":{"y":-61},"duration":5},{"tweenEasing":0,"transform":{"y":-61},"duration":5},{"tweenEasing":0,"transform":{"y":-61},"duration":5},{"tweenEasing":0,"transform":{"y":-61},"duration":5},{"tweenEasing":0,"transform":{"y":-61},"duration":5},{"tweenEasing":0,"transform":{"y":-61},"duration":5},{"tweenEasing":0,"transform":{"y":-61},"duration":5},{"tweenEasing":0,"transform":{"y":-61},"duration":5},{"tweenEasing":0,"transform":{"y":-61},"duration":1},{"transform":{"y":-61},"duration":9}],"name":"004_fuwen"},{"frame":[{"tweenEasing":0,"transform":{"scY":1.5,"y":-50,"scX":-1.5},"duration":5},{"tweenEasing":0,"transform":{"scY":1.5,"y":-50,"scX":-1.5},"duration":5},{"tweenEasing":0,"transform":{"scY":1.5,"y":-50,"scX":-1.5},"duration":5},{"tweenEasing":0,"transform":{"scY":1.5,"y":-50,"scX":-1.5},"duration":5},{"tweenEasing":0,"transform":{"scY":1.5,"y":-50,"scX":-1.5},"duration":5},{"tweenEasing":0,"transform":{"scY":1.5,"y":-50,"scX":-1.5},"duration":5},{"tweenEasing":0,"transform":{"scY":1.5,"y":-50,"scX":-1.5},"duration":5},{"tweenEasing":0,"transform":{"scY":1.5,"y":-50,"scX":-1.5},"duration":5},{"tweenEasing":0,"transform":{"scY":1.5,"y":-50,"scX":-1.5},"duration":5},{"tweenEasing":0,"transform":{"scY":1.5,"y":-50,"scX":-1.5},"duration":5},{"tweenEasing":0,"transform":{"scY":1.5,"y":-50,"scX":-1.5},"duration":1},{"transform":{"scY":1.5,"y":-50,"scX":-1.5},"duration":14}],"name":"006_guihuo2"},{"frame":[{"tweenEasing":0,"transform":{"scY":1.5,"y":-50,"scX":1.5},"duration":5},{"tweenEasing":0,"transform":{"scY":1.5,"y":-50,"scX":1.5},"duration":5},{"tweenEasing":0,"transform":{"scY":1.5,"y":-50,"scX":1.5},"duration":5},{"tweenEasing":0,"transform":{"scY":1.5,"y":-50,"scX":1.5},"duration":5},{"tweenEasing":0,"transform":{"scY":1.5,"y":-50,"scX":1.5},"duration":5},{"tweenEasing":0,"transform":{"scY":1.5,"y":-50,"scX":1.5},"duration":5},{"tweenEasing":0,"transform":{"scY":1.5,"y":-50,"scX":1.5},"duration":5},{"tweenEasing":0,"transform":{"scY":1.5,"y":-50,"scX":1.5},"duration":5},{"tweenEasing":0,"transform":{"scY":1.5,"y":-50,"scX":1.5},"duration":5},{"tweenEasing":0,"transform":{"scY":1.5,"y":-50,"scX":1.5},"duration":5},{"tweenEasing":0,"transform":{"scY":1.5,"y":-50,"scX":1.5},"duration":1},{"transform":{"scY":1.5,"y":-50,"scX":1.5},"duration":14}],"name":"006_guihuo1"},{"frame":[{"tweenEasing":0,"transform":{"y":-106,"skX":26,"skY":26,"x":-1},"duration":19},{"tweenEasing":0,"transform":{"y":-106,"skX":26,"skY":26,"x":-1},"duration":1},{"tweenEasing":0,"transform":{"y":-106,"skX":26,"skY":26,"x":-1},"duration":5},{"tweenEasing":0,"transform":{"y":-106,"skX":26,"skY":26,"x":-1},"duration":5},{"tweenEasing":0,"transform":{"y":-106,"skX":26,"skY":26,"x":-1},"duration":5},{"tweenEasing":0,"transform":{"y":-106,"skX":26,"skY":26,"x":-1},"duration":5},{"tweenEasing":0,"transform":{"y":-106,"skX":26,"skY":26,"x":-1},"duration":1},{"transform":{"y":-106,"skX":26,"skY":26,"x":-1},"duration":24}],"name":"005_huanrao3"},{"frame":[{"tweenEasing":0,"transform":{"scY":1.6,"y":-98,"scX":-1.8,"x":22},"duration":9},{"tweenEasing":0,"transform":{"scY":1.6,"y":-98,"scX":-1.8,"x":22},"duration":1},{"tweenEasing":0,"transform":{"scY":1.6,"y":-98,"scX":-1.8,"x":22},"duration":5},{"tweenEasing":0,"transform":{"scY":1.6,"y":-98,"scX":-1.8,"x":22},"duration":5},{"tweenEasing":0,"transform":{"scY":1.6,"y":-98,"scX":-1.8,"x":22},"duration":5},{"tweenEasing":0,"transform":{"scY":1.6,"y":-98,"scX":-1.8,"x":22},"duration":5},{"tweenEasing":0,"transform":{"scY":1.6,"y":-98,"scX":-1.8,"x":22},"duration":1},{"transform":{"scY":1.6,"y":-98,"scX":-1.8,"x":22},"duration":34}],"name":"005_huanrao2"},{"frame":[{"tweenEasing":0,"transform":{"scY":1.4,"y":-65,"scX":1.4,"x":-13},"duration":5},{"tweenEasing":0,"transform":{"scY":1.4,"y":-65,"scX":1.4,"x":-13},"duration":5},{"tweenEasing":0,"transform":{"scY":1.4,"y":-65,"scX":1.4,"x":-13},"duration":5},{"tweenEasing":0,"transform":{"scY":1.4,"y":-65,"scX":1.4,"x":-13},"duration":5},{"tweenEasing":0,"transform":{"scY":1.4,"y":-65,"scX":1.4,"x":-13},"duration":1},{"transform":{"scY":1.4,"y":-65,"scX":1.4,"x":-13},"duration":44}],"name":"005_huanrao1"},{"frame":[{"tweenEasing":0,"transform":{"y":-58,"x":2.7778},"duration":5},{"tweenEasing":0,"transform":{"y":-58,"x":2.7778},"duration":5},{"tweenEasing":0,"transform":{"y":-58,"x":2.7778},"duration":5},{"tweenEasing":0,"transform":{"y":-58,"x":2.7778},"duration":5},{"tweenEasing":0,"transform":{"y":-58,"x":2.7778},"duration":5},{"tweenEasing":0,"transform":{"y":-58,"x":2.7778},"duration":5},{"tweenEasing":0,"transform":{"y":-58,"x":2.7778},"duration":1},{"transform":{"y":-58,"x":2.7778},"duration":34}],"name":"003_luoxuan"},{"frame":[{"tweenEasing":0,"transform":{"y":-49},"duration":5},{"tweenEasing":0,"transform":{"y":-49},"duration":5},{"tweenEasing":0,"transform":{"y":-49},"duration":5},{"tweenEasing":0,"transform":{"y":-49},"duration":5},{"tweenEasing":0,"transform":{"y":-49},"duration":5},{"tweenEasing":0,"transform":{"y":-49},"duration":5},{"tweenEasing":0,"transform":{"y":-49},"duration":5},{"tweenEasing":0,"transform":{"y":-49},"duration":5},{"tweenEasing":0,"transform":{"y":-49},"duration":5},{"tweenEasing":0,"transform":{"y":-49},"duration":5},{"tweenEasing":0,"transform":{"y":-49},"duration":5},{"tweenEasing":0,"transform":{"y":-49},"duration":5},{"tweenEasing":0,"transform":{"y":-49},"duration":5},{"transform":{"y":-49},"duration":0}],"name":"001_fazhen"},{"frame":[{"tweenEasing":0,"transform":{"skX":90,"skY":90,"x":14.1234},"duration":15},{"tweenEasing":0,"transform":{"y":-24.9351,"x":14.1234},"duration":5},{"tweenEasing":0,"transform":{"y":-24.9351,"x":14.1234},"duration":5},{"tweenEasing":0,"transform":{"y":-24.9351,"x":14.1234},"duration":5},{"tweenEasing":0,"transform":{"y":-24.9351,"x":14.1234},"duration":34},{"tweenEasing":0,"transform":{"y":-24.9351,"x":14.1234},"duration":1},{"transform":{"y":-24.9351,"x":14.1234},"duration":0}],"name":"002_guiyan2"},{"frame":[{"tweenEasing":0,"transform":{"skX":90,"skY":90,"x":-17.013},"duration":15},{"tweenEasing":0,"transform":{"y":-24.9026,"x":-17.013},"duration":5},{"tweenEasing":0,"transform":{"y":-24.9026,"x":-17.013},"duration":5},{"tweenEasing":0,"transform":{"y":-24.9026,"x":-17.013},"duration":5},{"tweenEasing":0,"transform":{"y":-24.9026,"x":-17.013},"duration":34},{"tweenEasing":0,"transform":{"y":-24.9026,"x":-17.013},"duration":1},{"transform":{"y":-24.9026,"x":-17.013},"duration":0}],"name":"002_guiyan1"},{"frame":[{"tweenEasing":0,"transform":{},"duration":15},{"tweenEasing":0,"transform":{"y":19},"duration":49},{"tweenEasing":0,"transform":{"scY":1.3,"y":19},"duration":1},{"transform":{"scY":1.3,"y":19,"scX":0.6},"duration":0}],"name":"002_guilian2"},{"frame":[{"tweenEasing":0,"transform":{"y":-3,"x":0.7143},"duration":15},{"tweenEasing":0,"transform":{"y":-24,"x":2.0476},"duration":49},{"tweenEasing":0,"transform":{"scY":1.3,"y":-36,"x":0.7143},"duration":1},{"transform":{"scY":1.3,"y":-36,"scX":0.6,"x":0.7143},"duration":0}],"name":"002_guilian1"},{"frame":[{"tweenEasing":0,"transform":{"scY":1.5,"y":-50,"scX":1.5},"duration":65},{"transform":{"scY":1.5,"y":-50,"scX":1.5},"duration":0}],"name":"002_guilian_fuji"},{"frame":[{"tweenEasing":0,"transform":{},"duration":65},{"transform":{},"duration":0}],"name":"000_fuji"},{"frame":[{"transform":{},"duration":65}],"name":"root"}],"slot":[{"frame":[{"displayIndex":-1,"tweenEasing":0,"duration":9},{"displayIndex":-1,"tweenEasing":0,"duration":1},{"displayIndex":4,"tweenEasing":0,"duration":5},{"displayIndex":1,"tweenEasing":0,"duration":5},{"displayIndex":2,"tweenEasing":0,"duration":5},{"displayIndex":3,"tweenEasing":0,"duration":5},{"displayIndex":4,"tweenEasing":0,"duration":5},{"displayIndex":5,"tweenEasing":0,"duration":5},{"displayIndex":6,"tweenEasing":0,"duration":5},{"displayIndex":7,"tweenEasing":0,"duration":5},{"displayIndex":8,"tweenEasing":0,"duration":5},{"displayIndex":9,"tweenEasing":0,"duration":1},{"displayIndex":-1,"tweenEasing":null,"duration":9}],"name":"004_fuwen"},{"frame":[{"tweenEasing":0,"duration":5},{"displayIndex":1,"tweenEasing":0,"duration":5},{"displayIndex":2,"tweenEasing":0,"duration":5},{"displayIndex":3,"tweenEasing":0,"duration":5},{"displayIndex":4,"tweenEasing":0,"duration":5},{"displayIndex":5,"tweenEasing":0,"duration":5},{"displayIndex":6,"tweenEasing":0,"duration":5},{"displayIndex":7,"tweenEasing":0,"duration":5},{"displayIndex":8,"tweenEasing":0,"duration":5},{"displayIndex":9,"tweenEasing":0,"duration":5},{"displayIndex":10,"tweenEasing":0,"duration":1},{"displayIndex":-1,"tweenEasing":null,"duration":14}],"name":"006_guihuo2"},{"frame":[{"displayIndex":1,"tweenEasing":0,"duration":5},{"displayIndex":1,"tweenEasing":0,"duration":5},{"displayIndex":2,"tweenEasing":0,"duration":5},{"displayIndex":3,"tweenEasing":0,"duration":5},{"displayIndex":4,"tweenEasing":0,"duration":5},{"displayIndex":5,"tweenEasing":0,"duration":5},{"displayIndex":6,"tweenEasing":0,"duration":5},{"displayIndex":7,"tweenEasing":0,"duration":5},{"displayIndex":8,"tweenEasing":0,"duration":5},{"displayIndex":9,"tweenEasing":0,"duration":5},{"displayIndex":10,"tweenEasing":0,"duration":1},{"displayIndex":-1,"tweenEasing":null,"duration":14}],"name":"006_guihuo1"},{"frame":[{"displayIndex":-1,"tweenEasing":0,"duration":19},{"displayIndex":-1,"tweenEasing":0,"duration":1},{"tweenEasing":0,"duration":5},{"displayIndex":1,"tweenEasing":0,"duration":5},{"displayIndex":2,"tweenEasing":0,"duration":5},{"displayIndex":3,"tweenEasing":0,"duration":5},{"displayIndex":3,"tweenEasing":0,"color":{"aM":0},"duration":1},{"displayIndex":-1,"tweenEasing":null,"duration":24}],"name":"005_huanrao3"},{"frame":[{"displayIndex":-1,"tweenEasing":0,"duration":9},{"displayIndex":-1,"tweenEasing":0,"duration":1},{"tweenEasing":0,"duration":5},{"displayIndex":1,"tweenEasing":0,"duration":5},{"displayIndex":2,"tweenEasing":0,"duration":5},{"displayIndex":3,"tweenEasing":0,"duration":5},{"displayIndex":3,"tweenEasing":0,"duration":1},{"displayIndex":-1,"tweenEasing":null,"duration":34}],"name":"005_huanrao2"},{"frame":[{"tweenEasing":0,"duration":5},{"displayIndex":1,"tweenEasing":0,"duration":5},{"displayIndex":2,"tweenEasing":0,"duration":5},{"displayIndex":3,"tweenEasing":0,"duration":5},{"displayIndex":3,"tweenEasing":0,"color":{"aM":0},"duration":1},{"displayIndex":-1,"tweenEasing":null,"duration":44}],"name":"005_huanrao1"},{"frame":[{"tweenEasing":0,"color":{"aM":0},"duration":5},{"displayIndex":1,"tweenEasing":0,"color":{"aM":57},"duration":5},{"displayIndex":2,"tweenEasing":0,"duration":5},{"displayIndex":3,"tweenEasing":0,"duration":5},{"displayIndex":4,"tweenEasing":0,"duration":5},{"displayIndex":5,"tweenEasing":0,"color":{"aM":57},"duration":5},{"displayIndex":6,"tweenEasing":0,"color":{"aM":0},"duration":1},{"displayIndex":-1,"tweenEasing":null,"color":{"aM":0},"duration":34}],"name":"003_luoxuan"},{"frame":[{"tweenEasing":0,"duration":5},{"displayIndex":1,"tweenEasing":0,"duration":5},{"displayIndex":2,"tweenEasing":0,"duration":5},{"displayIndex":3,"tweenEasing":0,"duration":5},{"displayIndex":4,"tweenEasing":0,"duration":5},{"displayIndex":5,"tweenEasing":0,"duration":5},{"displayIndex":6,"tweenEasing":0,"duration":5},{"tweenEasing":0,"duration":5},{"displayIndex":1,"tweenEasing":0,"duration":5},{"displayIndex":2,"tweenEasing":0,"duration":5},{"displayIndex":3,"tweenEasing":0,"duration":5},{"displayIndex":4,"tweenEasing":0,"duration":5},{"displayIndex":5,"tweenEasing":0,"duration":5},{"displayIndex":6,"tweenEasing":null,"duration":0}],"name":"001_fazhen"},{"frame":[{"tweenEasing":0,"color":{"aM":0},"duration":15},{"tweenEasing":0,"duration":5},{"tweenEasing":0,"color":{"aM":0},"duration":5},{"tweenEasing":0,"duration":5},{"tweenEasing":0,"color":{"aM":0},"duration":34},{"tweenEasing":0,"color":{"aM":0},"duration":1},{"displayIndex":-1,"tweenEasing":null,"duration":0}],"name":"002_guiyan2"},{"frame":[{"tweenEasing":0,"color":{"aM":0},"duration":15},{"tweenEasing":0,"duration":5},{"tweenEasing":0,"color":{"aM":0},"duration":5},{"tweenEasing":0,"duration":5},{"tweenEasing":0,"color":{"aM":0},"duration":34},{"tweenEasing":0,"color":{"aM":0},"duration":1},{"displayIndex":-1,"tweenEasing":null,"duration":0}],"name":"002_guiyan1"},{"frame":[{"tweenEasing":0,"color":{"aM":0},"duration":15},{"tweenEasing":0,"duration":49},{"tweenEasing":0,"color":{"aM":0},"duration":1},{"displayIndex":-1,"tweenEasing":null,"color":{"aM":0},"duration":0}],"name":"002_guilian2"},{"frame":[{"tweenEasing":0,"color":{"aM":0},"duration":15},{"tweenEasing":0,"duration":49},{"tweenEasing":0,"color":{"aM":0},"duration":1},{"displayIndex":-1,"tweenEasing":null,"color":{"aM":0},"duration":0}],"name":"002_guilian1"},{"frame":[{"displayIndex":-1,"tweenEasing":0,"duration":65},{"displayIndex":-1,"tweenEasing":null,"duration":0}],"name":"002_guilian_fuji"},{"frame":[{"displayIndex":-1,"tweenEasing":0,"duration":65},{"displayIndex":-1,"tweenEasing":null,"duration":0}],"name":"000_fuji"}],"ffd":[],"ik":[],"frame":[],"name":"000_guanghuan7","duration":65},{"playTimes":0,"bone":[{"frame":[{"tweenEasing":0,"transform":{"y":-61},"duration":9},{"tweenEasing":0,"transform":{"y":-61},"duration":1},{"tweenEasing":0,"transform":{"y":-61},"duration":5},{"tweenEasing":0,"transform":{"y":-61},"duration":5},{"tweenEasing":0,"transform":{"y":-61},"duration":5},{"tweenEasing":0,"transform":{"y":-61},"duration":5},{"tweenEasing":0,"transform":{"y":-61},"duration":5},{"tweenEasing":0,"transform":{"y":-61},"duration":5},{"tweenEasing":0,"transform":{"y":-61},"duration":5},{"tweenEasing":0,"transform":{"y":-61},"duration":5},{"tweenEasing":0,"transform":{"y":-61},"duration":5},{"tweenEasing":0,"transform":{"y":-61},"duration":1},{"transform":{"y":-61},"duration":9}],"name":"004_fuwen"},{"frame":[{"tweenEasing":0,"transform":{"scY":1.5,"y":-50,"scX":-1.5},"duration":5},{"tweenEasing":0,"transform":{"scY":1.5,"y":-50,"scX":-1.5},"duration":5},{"tweenEasing":0,"transform":{"scY":1.5,"y":-50,"scX":-1.5},"duration":5},{"tweenEasing":0,"transform":{"scY":1.5,"y":-50,"scX":-1.5},"duration":5},{"tweenEasing":0,"transform":{"scY":1.5,"y":-50,"scX":-1.5},"duration":5},{"tweenEasing":0,"transform":{"scY":1.5,"y":-50,"scX":-1.5},"duration":5},{"tweenEasing":0,"transform":{"scY":1.5,"y":-50,"scX":-1.5},"duration":5},{"tweenEasing":0,"transform":{"scY":1.5,"y":-50,"scX":-1.5},"duration":5},{"tweenEasing":0,"transform":{"scY":1.5,"y":-50,"scX":-1.5},"duration":5},{"tweenEasing":0,"transform":{"scY":1.5,"y":-50,"scX":-1.5},"duration":5},{"tweenEasing":0,"transform":{"scY":1.5,"y":-50,"scX":-1.5},"duration":1},{"transform":{"scY":1.5,"y":-50,"scX":-1.5},"duration":14}],"name":"006_guihuo2"},{"frame":[{"tweenEasing":0,"transform":{"scY":1.5,"y":-50,"scX":1.5},"duration":5},{"tweenEasing":0,"transform":{"scY":1.5,"y":-50,"scX":1.5},"duration":5},{"tweenEasing":0,"transform":{"scY":1.5,"y":-50,"scX":1.5},"duration":5},{"tweenEasing":0,"transform":{"scY":1.5,"y":-50,"scX":1.5},"duration":5},{"tweenEasing":0,"transform":{"scY":1.5,"y":-50,"scX":1.5},"duration":5},{"tweenEasing":0,"transform":{"scY":1.5,"y":-50,"scX":1.5},"duration":5},{"tweenEasing":0,"transform":{"scY":1.5,"y":-50,"scX":1.5},"duration":5},{"tweenEasing":0,"transform":{"scY":1.5,"y":-50,"scX":1.5},"duration":5},{"tweenEasing":0,"transform":{"scY":1.5,"y":-50,"scX":1.5},"duration":5},{"tweenEasing":0,"transform":{"scY":1.5,"y":-50,"scX":1.5},"duration":5},{"tweenEasing":0,"transform":{"scY":1.5,"y":-50,"scX":1.5},"duration":1},{"transform":{"scY":1.5,"y":-50,"scX":1.5},"duration":14}],"name":"006_guihuo1"},{"frame":[{"tweenEasing":0,"transform":{"y":-106,"skX":26,"skY":26,"x":-1},"duration":19},{"tweenEasing":0,"transform":{"y":-106,"skX":26,"skY":26,"x":-1},"duration":1},{"tweenEasing":0,"transform":{"y":-106,"skX":26,"skY":26,"x":-1},"duration":5},{"tweenEasing":0,"transform":{"y":-106,"skX":26,"skY":26,"x":-1},"duration":5},{"tweenEasing":0,"transform":{"y":-106,"skX":26,"skY":26,"x":-1},"duration":5},{"tweenEasing":0,"transform":{"y":-106,"skX":26,"skY":26,"x":-1},"duration":5},{"tweenEasing":0,"transform":{"y":-106,"skX":26,"skY":26,"x":-1},"duration":1},{"transform":{"y":-106,"skX":26,"skY":26,"x":-1},"duration":24}],"name":"005_huanrao3"},{"frame":[{"tweenEasing":0,"transform":{"scY":1.6,"y":-98,"scX":-1.8,"x":22},"duration":9},{"tweenEasing":0,"transform":{"scY":1.6,"y":-98,"scX":-1.8,"x":22},"duration":1},{"tweenEasing":0,"transform":{"scY":1.6,"y":-98,"scX":-1.8,"x":22},"duration":5},{"tweenEasing":0,"transform":{"scY":1.6,"y":-98,"scX":-1.8,"x":22},"duration":5},{"tweenEasing":0,"transform":{"scY":1.6,"y":-98,"scX":-1.8,"x":22},"duration":5},{"tweenEasing":0,"transform":{"scY":1.6,"y":-98,"scX":-1.8,"x":22},"duration":5},{"tweenEasing":0,"transform":{"scY":1.6,"y":-98,"scX":-1.8,"x":22},"duration":1},{"transform":{"scY":1.6,"y":-98,"scX":-1.8,"x":22},"duration":34}],"name":"005_huanrao2"},{"frame":[{"tweenEasing":0,"transform":{"scY":1.4,"y":-65,"scX":1.4,"x":-13},"duration":5},{"tweenEasing":0,"transform":{"scY":1.4,"y":-65,"scX":1.4,"x":-13},"duration":5},{"tweenEasing":0,"transform":{"scY":1.4,"y":-65,"scX":1.4,"x":-13},"duration":5},{"tweenEasing":0,"transform":{"scY":1.4,"y":-65,"scX":1.4,"x":-13},"duration":5},{"tweenEasing":0,"transform":{"scY":1.4,"y":-65,"scX":1.4,"x":-13},"duration":1},{"transform":{"scY":1.4,"y":-65,"scX":1.4,"x":-13},"duration":44}],"name":"005_huanrao1"},{"frame":[{"tweenEasing":0,"transform":{"y":-58,"x":2.7778},"duration":5},{"tweenEasing":0,"transform":{"y":-58,"x":2.7778},"duration":5},{"tweenEasing":0,"transform":{"y":-58,"x":2.7778},"duration":5},{"tweenEasing":0,"transform":{"y":-58,"x":2.7778},"duration":5},{"tweenEasing":0,"transform":{"y":-58,"x":2.7778},"duration":5},{"tweenEasing":0,"transform":{"y":-58,"x":2.7778},"duration":5},{"tweenEasing":0,"transform":{"y":-58,"x":2.7778},"duration":1},{"transform":{"y":-58,"x":2.7778},"duration":34}],"name":"003_luoxuan"},{"frame":[{"tweenEasing":0,"transform":{},"duration":65},{"transform":{},"duration":0}],"name":"000_fuji"},{"frame":[{"transform":{},"duration":65}],"name":"root"},{"frame":[{"transform":{},"duration":65}],"name":"002_guilian_fuji"},{"frame":[{"transform":{},"duration":65}],"name":"001_fazhen"},{"frame":[{"transform":{},"duration":65}],"name":"002_guilian2"},{"frame":[{"transform":{},"duration":65}],"name":"002_guilian1"},{"frame":[{"transform":{},"duration":65}],"name":"002_guiyan2"},{"frame":[{"transform":{},"duration":65}],"name":"002_guiyan1"}],"slot":[{"frame":[{"displayIndex":-1,"tweenEasing":0,"duration":9},{"displayIndex":-1,"tweenEasing":0,"duration":1},{"displayIndex":4,"tweenEasing":0,"duration":5},{"displayIndex":1,"tweenEasing":0,"duration":5},{"displayIndex":2,"tweenEasing":0,"duration":5},{"displayIndex":3,"tweenEasing":0,"duration":5},{"displayIndex":4,"tweenEasing":0,"duration":5},{"displayIndex":5,"tweenEasing":0,"duration":5},{"displayIndex":6,"tweenEasing":0,"duration":5},{"displayIndex":7,"tweenEasing":0,"duration":5},{"displayIndex":8,"tweenEasing":0,"duration":5},{"displayIndex":9,"tweenEasing":0,"duration":1},{"displayIndex":-1,"tweenEasing":null,"duration":9}],"name":"004_fuwen"},{"frame":[{"tweenEasing":0,"duration":5},{"displayIndex":1,"tweenEasing":0,"duration":5},{"displayIndex":2,"tweenEasing":0,"duration":5},{"displayIndex":3,"tweenEasing":0,"duration":5},{"displayIndex":4,"tweenEasing":0,"duration":5},{"displayIndex":5,"tweenEasing":0,"duration":5},{"displayIndex":6,"tweenEasing":0,"duration":5},{"displayIndex":7,"tweenEasing":0,"duration":5},{"displayIndex":8,"tweenEasing":0,"duration":5},{"displayIndex":9,"tweenEasing":0,"duration":5},{"displayIndex":10,"tweenEasing":0,"duration":1},{"displayIndex":-1,"tweenEasing":null,"duration":14}],"name":"006_guihuo2"},{"frame":[{"displayIndex":1,"tweenEasing":0,"duration":5},{"displayIndex":1,"tweenEasing":0,"duration":5},{"displayIndex":2,"tweenEasing":0,"duration":5},{"displayIndex":3,"tweenEasing":0,"duration":5},{"displayIndex":4,"tweenEasing":0,"duration":5},{"displayIndex":5,"tweenEasing":0,"duration":5},{"displayIndex":6,"tweenEasing":0,"duration":5},{"displayIndex":7,"tweenEasing":0,"duration":5},{"displayIndex":8,"tweenEasing":0,"duration":5},{"displayIndex":9,"tweenEasing":0,"duration":5},{"displayIndex":10,"tweenEasing":0,"duration":1},{"displayIndex":-1,"tweenEasing":null,"duration":14}],"name":"006_guihuo1"},{"frame":[{"displayIndex":-1,"tweenEasing":0,"duration":19},{"displayIndex":-1,"tweenEasing":0,"duration":1},{"tweenEasing":0,"duration":5},{"displayIndex":1,"tweenEasing":0,"duration":5},{"displayIndex":2,"tweenEasing":0,"duration":5},{"displayIndex":3,"tweenEasing":0,"duration":5},{"displayIndex":3,"tweenEasing":0,"color":{"aM":0},"duration":1},{"displayIndex":-1,"tweenEasing":null,"duration":24}],"name":"005_huanrao3"},{"frame":[{"displayIndex":-1,"tweenEasing":0,"duration":9},{"displayIndex":-1,"tweenEasing":0,"duration":1},{"tweenEasing":0,"duration":5},{"displayIndex":1,"tweenEasing":0,"duration":5},{"displayIndex":2,"tweenEasing":0,"duration":5},{"displayIndex":3,"tweenEasing":0,"duration":5},{"displayIndex":3,"tweenEasing":0,"duration":1},{"displayIndex":-1,"tweenEasing":null,"duration":34}],"name":"005_huanrao2"},{"frame":[{"tweenEasing":0,"duration":5},{"displayIndex":1,"tweenEasing":0,"duration":5},{"displayIndex":2,"tweenEasing":0,"duration":5},{"displayIndex":3,"tweenEasing":0,"duration":5},{"displayIndex":3,"tweenEasing":0,"color":{"aM":0},"duration":1},{"displayIndex":-1,"tweenEasing":null,"duration":44}],"name":"005_huanrao1"},{"frame":[{"tweenEasing":0,"color":{"aM":0},"duration":5},{"displayIndex":1,"tweenEasing":0,"color":{"aM":57},"duration":5},{"displayIndex":2,"tweenEasing":0,"duration":5},{"displayIndex":3,"tweenEasing":0,"duration":5},{"displayIndex":4,"tweenEasing":0,"duration":5},{"displayIndex":5,"tweenEasing":0,"color":{"aM":57},"duration":5},{"displayIndex":6,"tweenEasing":0,"color":{"aM":0},"duration":1},{"displayIndex":-1,"tweenEasing":null,"color":{"aM":0},"duration":34}],"name":"003_luoxuan"},{"frame":[{"displayIndex":-1,"tweenEasing":0,"duration":65},{"displayIndex":-1,"tweenEasing":null,"duration":0}],"name":"000_fuji"},{"frame":[{"displayIndex":-1,"tweenEasing":null,"duration":65}],"name":"002_guilian_fuji"},{"frame":[{"displayIndex":-1,"tweenEasing":null,"duration":65}],"name":"002_guilian1"},{"frame":[{"displayIndex":-1,"tweenEasing":null,"duration":65}],"name":"002_guilian2"},{"frame":[{"displayIndex":-1,"tweenEasing":null,"duration":65}],"name":"002_guiyan1"},{"frame":[{"displayIndex":-1,"tweenEasing":null,"duration":65}],"name":"002_guiyan2"},{"frame":[{"displayIndex":-1,"tweenEasing":null,"duration":65}],"name":"001_fazhen"}],"ffd":[],"ik":[],"frame":[],"name":"001_guanghuan7_1","duration":65},{"playTimes":0,"bone":[{"frame":[{"transform":{},"duration":5},{"transform":{},"duration":5},{"transform":{"y":-6.448},"duration":5},{"transform":{"y":-53.2151},"duration":5},{"transform":{"y":-53.7182},"duration":5},{"transform":{"y":-49.9211},"duration":5},{"transform":{},"duration":5},{"transform":{},"duration":5},{"transform":{},"duration":5},{"transform":{"y":-7.1649},"duration":5},{"transform":{"y":-53.0442},"duration":5},{"transform":{"y":-53.0442},"duration":5},{"transform":{"y":-51.6961},"duration":5},{"transform":{},"duration":0}],"name":"001_fazhen"},{"frame":[{"tweenEasing":0,"transform":{"skX":90,"skY":90,"x":14.1234},"duration":15},{"tweenEasing":0,"transform":{"y":-24.9351,"x":14.1234},"duration":5},{"tweenEasing":0,"transform":{"y":-24.9351,"x":14.1234},"duration":5},{"tweenEasing":0,"transform":{"y":-24.9351,"x":14.1234},"duration":5},{"tweenEasing":0,"transform":{"y":-24.9351,"x":14.1234},"duration":34},{"tweenEasing":0,"transform":{"y":-24.9351,"x":14.1234},"duration":1},{"transform":{"y":-24.9351,"x":14.1234},"duration":0}],"name":"002_guiyan2"},{"frame":[{"tweenEasing":0,"transform":{"skX":90,"skY":90,"x":-17.013},"duration":15},{"tweenEasing":0,"transform":{"y":-24.9026,"x":-17.013},"duration":5},{"tweenEasing":0,"transform":{"y":-24.9026,"x":-17.013},"duration":5},{"tweenEasing":0,"transform":{"y":-24.9026,"x":-17.013},"duration":5},{"tweenEasing":0,"transform":{"y":-24.9026,"x":-17.013},"duration":34},{"tweenEasing":0,"transform":{"y":-24.9026,"x":-17.013},"duration":1},{"transform":{"y":-24.9026,"x":-17.013},"duration":0}],"name":"002_guiyan1"},{"frame":[{"tweenEasing":0,"transform":{},"duration":15},{"tweenEasing":0,"transform":{"y":19},"duration":49},{"tweenEasing":0,"transform":{"scY":1.3,"y":19},"duration":1},{"transform":{"scY":1.3,"y":19,"scX":0.6},"duration":0}],"name":"002_guilian2"},{"frame":[{"tweenEasing":0,"transform":{"y":-3,"x":0.7143},"duration":15},{"tweenEasing":0,"transform":{"y":-24,"x":2.0476},"duration":49},{"tweenEasing":0,"transform":{"scY":1.3,"y":-36,"x":0.7143},"duration":1},{"transform":{"scY":1.3,"y":-36,"scX":0.6,"x":0.7143},"duration":0}],"name":"002_guilian1"},{"frame":[{"tweenEasing":0,"transform":{"scY":1.5,"y":-50,"scX":1.5},"duration":65},{"transform":{"scY":1.5,"y":-50,"scX":1.5},"duration":0}],"name":"002_guilian_fuji"},{"frame":[{"tweenEasing":0,"transform":{},"duration":65},{"transform":{},"duration":0}],"name":"000_fuji"},{"frame":[{"transform":{},"duration":65}],"name":"root"},{"frame":[{"transform":{},"duration":65}],"name":"005_huanrao3"},{"frame":[{"transform":{},"duration":65}],"name":"005_huanrao1"},{"frame":[{"transform":{},"duration":65}],"name":"006_guihuo2"},{"frame":[{"transform":{},"duration":65}],"name":"006_guihuo1"},{"frame":[{"transform":{},"duration":65}],"name":"005_huanrao2"},{"frame":[{"transform":{},"duration":65}],"name":"003_luoxuan"},{"frame":[{"transform":{},"duration":65}],"name":"004_fuwen"}],"slot":[{"frame":[{"tweenEasing":null,"duration":5},{"displayIndex":1,"tweenEasing":null,"duration":5},{"displayIndex":2,"tweenEasing":null,"duration":5},{"displayIndex":3,"tweenEasing":null,"duration":5},{"displayIndex":4,"tweenEasing":null,"duration":5},{"displayIndex":5,"tweenEasing":null,"duration":5},{"displayIndex":6,"tweenEasing":null,"duration":5},{"tweenEasing":null,"duration":5},{"displayIndex":1,"tweenEasing":null,"duration":5},{"displayIndex":2,"tweenEasing":null,"duration":5},{"displayIndex":3,"tweenEasing":null,"duration":5},{"displayIndex":4,"tweenEasing":null,"duration":5},{"displayIndex":5,"tweenEasing":null,"duration":5},{"displayIndex":6,"tweenEasing":null,"duration":0}],"name":"001_fazhen"},{"frame":[{"tweenEasing":0,"color":{"aM":0},"duration":15},{"tweenEasing":0,"duration":5},{"tweenEasing":0,"color":{"aM":0},"duration":5},{"tweenEasing":0,"duration":5},{"tweenEasing":0,"color":{"aM":0},"duration":34},{"tweenEasing":0,"color":{"aM":0},"duration":1},{"displayIndex":-1,"tweenEasing":null,"duration":0}],"name":"002_guiyan2"},{"frame":[{"tweenEasing":0,"color":{"aM":0},"duration":15},{"tweenEasing":0,"duration":5},{"tweenEasing":0,"color":{"aM":0},"duration":5},{"tweenEasing":0,"duration":5},{"tweenEasing":0,"color":{"aM":0},"duration":34},{"tweenEasing":0,"color":{"aM":0},"duration":1},{"displayIndex":-1,"tweenEasing":null,"duration":0}],"name":"002_guiyan1"},{"frame":[{"tweenEasing":0,"color":{"aM":0},"duration":15},{"tweenEasing":0,"duration":49},{"tweenEasing":0,"color":{"aM":0},"duration":1},{"displayIndex":-1,"tweenEasing":null,"color":{"aM":0},"duration":0}],"name":"002_guilian2"},{"frame":[{"tweenEasing":0,"color":{"aM":0},"duration":15},{"tweenEasing":0,"duration":49},{"tweenEasing":0,"color":{"aM":0},"duration":1},{"displayIndex":-1,"tweenEasing":null,"color":{"aM":0},"duration":0}],"name":"002_guilian1"},{"frame":[{"displayIndex":-1,"tweenEasing":0,"duration":65},{"displayIndex":-1,"tweenEasing":null,"duration":0}],"name":"002_guilian_fuji"},{"frame":[{"displayIndex":-1,"tweenEasing":0,"duration":65},{"displayIndex":-1,"tweenEasing":null,"duration":0}],"name":"000_fuji"},{"frame":[{"displayIndex":-1,"tweenEasing":null,"duration":65}],"name":"003_luoxuan"},{"frame":[{"displayIndex":-1,"tweenEasing":null,"duration":65}],"name":"005_huanrao1"},{"frame":[{"displayIndex":-1,"tweenEasing":null,"duration":65}],"name":"005_huanrao2"},{"frame":[{"displayIndex":-1,"tweenEasing":null,"duration":65}],"name":"005_huanrao3"},{"frame":[{"displayIndex":-1,"tweenEasing":null,"duration":65}],"name":"006_guihuo1"},{"frame":[{"displayIndex":-1,"tweenEasing":null,"duration":65}],"name":"006_guihuo2"},{"frame":[{"displayIndex":-1,"tweenEasing":null,"duration":65}],"name":"004_fuwen"}],"ffd":[],"ik":[],"frame":[],"name":"002_guanghuan7_2","duration":65}],"defaultActions":[{"gotoAndPlay":"000_guanghuan7"}],"aabb":{"width":145,"y":-134.2422,"height":186.2422,"x":-72.993},"ik":[],"name":"armatureName","skin":[{"slot":[{"display":[{"path":"gz_guanghuan07/ys_guilian_eff_03","type":"image","name":"gz_guanghuan07/ys_guilian_eff_03","transform":{}}],"name":"002_guiyan2"},{"display":[{"path":"gz_guanghuan07/guihuo_eff/00001","type":"image","name":"gz_guanghuan07/guihuo_eff/00001","transform":{}},{"path":"gz_guanghuan07/guihuo_eff/00002","type":"image","name":"gz_guanghuan07/guihuo_eff/00002","transform":{}},{"path":"gz_guanghuan07/guihuo_eff/00003","type":"image","name":"gz_guanghuan07/guihuo_eff/00003","transform":{}},{"path":"gz_guanghuan07/guihuo_eff/00004","type":"image","name":"gz_guanghuan07/guihuo_eff/00004","transform":{}},{"path":"gz_guanghuan07/guihuo_eff/00005","type":"image","name":"gz_guanghuan07/guihuo_eff/00005","transform":{}},{"path":"gz_guanghuan07/guihuo_eff/00006","type":"image","name":"gz_guanghuan07/guihuo_eff/00006","transform":{}},{"path":"gz_guanghuan07/guihuo_eff/00007","type":"image","name":"gz_guanghuan07/guihuo_eff/00007","transform":{}},{"path":"gz_guanghuan07/guihuo_eff/00008","type":"image","name":"gz_guanghuan07/guihuo_eff/00008","transform":{}},{"path":"gz_guanghuan07/guihuo_eff/00009","type":"image","name":"gz_guanghuan07/guihuo_eff/00009","transform":{}},{"path":"gz_guanghuan07/guihuo_eff/00010","type":"image","name":"gz_guanghuan07/guihuo_eff/00010","transform":{}},{"path":"gz_guanghuan07/guihuo_eff/00011","type":"image","name":"gz_guanghuan07/guihuo_eff/00011","transform":{}}],"name":"006_guihuo2"},{"display":[{"path":"gz_guanghuan07/ys_guilian_eff_02","type":"image","name":"gz_guanghuan07/ys_guilian_eff_02","transform":{"y":4.9203}}],"name":"002_guilian2"},{"display":[{"path":"gz_guanghuan07/00011","type":"image","name":"gz_guanghuan07/00011","transform":{}},{"path":"gz_guanghuan07/00012","type":"image","name":"gz_guanghuan07/00012","transform":{}},{"path":"gz_guanghuan07/00013","type":"image","name":"gz_guanghuan07/00013","transform":{}},{"path":"gz_guanghuan07/00014","type":"image","name":"gz_guanghuan07/00014","transform":{}}],"name":"005_huanrao3"},{"display":[{"path":"gz_guanghuan07/00011","type":"image","name":"gz_guanghuan07/00011","transform":{}},{"path":"gz_guanghuan07/00012","type":"image","name":"gz_guanghuan07/00012","transform":{}},{"path":"gz_guanghuan07/00013","type":"image","name":"gz_guanghuan07/00013","transform":{}},{"path":"gz_guanghuan07/00014","type":"image","name":"gz_guanghuan07/00014","transform":{}}],"name":"005_huanrao1"},{"display":[{"path":"gz_guanghuan07/fazhen_eff/0_00000","type":"image","name":"gz_guanghuan07/fazhen_eff/0_00000","transform":{}},{"path":"gz_guanghuan07/fazhen_eff/0_00001","type":"image","name":"gz_guanghuan07/fazhen_eff/0_00001","transform":{}},{"path":"gz_guanghuan07/fazhen_eff/0_00002","type":"image","name":"gz_guanghuan07/fazhen_eff/0_00002","transform":{}},{"path":"gz_guanghuan07/fazhen_eff/0_00003","type":"image","name":"gz_guanghuan07/fazhen_eff/0_00003","transform":{}},{"path":"gz_guanghuan07/fazhen_eff/0_00004","type":"image","name":"gz_guanghuan07/fazhen_eff/0_00004","transform":{}},{"path":"gz_guanghuan07/fazhen_eff/0_00005","type":"image","name":"gz_guanghuan07/fazhen_eff/0_00005","transform":{}},{"path":"gz_guanghuan07/fazhen_eff/0_00006","type":"image","name":"gz_guanghuan07/fazhen_eff/0_00006","transform":{}}],"name":"001_fazhen"},{"display":[{"path":"gz_guanghuan07/fuwen_eff/00001","type":"image","name":"gz_guanghuan07/fuwen_eff/00001","transform":{}},{"path":"gz_guanghuan07/fuwen_eff/00003","type":"image","name":"gz_guanghuan07/fuwen_eff/00003","transform":{}},{"path":"gz_guanghuan07/fuwen_eff/00005","type":"image","name":"gz_guanghuan07/fuwen_eff/00005","transform":{}},{"path":"gz_guanghuan07/fuwen_eff/00007","type":"image","name":"gz_guanghuan07/fuwen_eff/00007","transform":{}},{"path":"gz_guanghuan07/fuwen_eff/00009","type":"image","name":"gz_guanghuan07/fuwen_eff/00009","transform":{}},{"path":"gz_guanghuan07/fuwen_eff/00011","type":"image","name":"gz_guanghuan07/fuwen_eff/00011","transform":{}},{"path":"gz_guanghuan07/fuwen_eff/00013","type":"image","name":"gz_guanghuan07/fuwen_eff/00013","transform":{}},{"path":"gz_guanghuan07/fuwen_eff/00015","type":"image","name":"gz_guanghuan07/fuwen_eff/00015","transform":{}},{"path":"gz_guanghuan07/fuwen_eff/00017","type":"image","name":"gz_guanghuan07/fuwen_eff/00017","transform":{}},{"path":"gz_guanghuan07/fuwen_eff/00019","type":"image","name":"gz_guanghuan07/fuwen_eff/00019","transform":{}}],"name":"004_fuwen"},{"display":[{"path":"gz_guanghuan07/ys_guilian_eff_03","type":"image","name":"gz_guanghuan07/ys_guilian_eff_03","transform":{}}],"name":"002_guiyan1"},{"display":[{"path":"gz_guanghuan07/guihuo_eff/00001","type":"image","name":"gz_guanghuan07/guihuo_eff/00001","transform":{}},{"path":"gz_guanghuan07/guihuo_eff/00002","type":"image","name":"gz_guanghuan07/guihuo_eff/00002","transform":{}},{"path":"gz_guanghuan07/guihuo_eff/00003","type":"image","name":"gz_guanghuan07/guihuo_eff/00003","transform":{}},{"path":"gz_guanghuan07/guihuo_eff/00004","type":"image","name":"gz_guanghuan07/guihuo_eff/00004","transform":{}},{"path":"gz_guanghuan07/guihuo_eff/00005","type":"image","name":"gz_guanghuan07/guihuo_eff/00005","transform":{}},{"path":"gz_guanghuan07/guihuo_eff/00006","type":"image","name":"gz_guanghuan07/guihuo_eff/00006","transform":{}},{"path":"gz_guanghuan07/guihuo_eff/00007","type":"image","name":"gz_guanghuan07/guihuo_eff/00007","transform":{}},{"path":"gz_guanghuan07/guihuo_eff/00008","type":"image","name":"gz_guanghuan07/guihuo_eff/00008","transform":{}},{"path":"gz_guanghuan07/guihuo_eff/00009","type":"image","name":"gz_guanghuan07/guihuo_eff/00009","transform":{}},{"path":"gz_guanghuan07/guihuo_eff/00010","type":"image","name":"gz_guanghuan07/guihuo_eff/00010","transform":{}},{"path":"gz_guanghuan07/guihuo_eff/00011","type":"image","name":"gz_guanghuan07/guihuo_eff/00011","transform":{}}],"name":"006_guihuo1"},{"display":[{"path":"gz_guanghuan07/ys_guilian_eff_01","type":"image","name":"gz_guanghuan07/ys_guilian_eff_01","transform":{"y":-57.7422,"x":-0.493}}],"name":"002_guilian1"},{"display":[{"path":"gz_guanghuan07/00011","type":"image","name":"gz_guanghuan07/00011","transform":{}},{"path":"gz_guanghuan07/00012","type":"image","name":"gz_guanghuan07/00012","transform":{}},{"path":"gz_guanghuan07/00013","type":"image","name":"gz_guanghuan07/00013","transform":{}},{"path":"gz_guanghuan07/00014","type":"image","name":"gz_guanghuan07/00014","transform":{}}],"name":"005_huanrao2"},{"display":[{"path":"gz_guanghuan07/00001","type":"image","name":"gz_guanghuan07/00001","transform":{}},{"path":"gz_guanghuan07/00002","type":"image","name":"gz_guanghuan07/00002","transform":{}},{"path":"gz_guanghuan07/00003","type":"image","name":"gz_guanghuan07/00003","transform":{}},{"path":"gz_guanghuan07/00004","type":"image","name":"gz_guanghuan07/00004","transform":{}},{"path":"gz_guanghuan07/00005","type":"image","name":"gz_guanghuan07/00005","transform":{}},{"path":"gz_guanghuan07/00006","type":"image","name":"gz_guanghuan07/00006","transform":{}},{"path":"gz_guanghuan07/00007","type":"image","name":"gz_guanghuan07/00007","transform":{}},{"path":"gz_guanghuan07/00011","type":"image","name":"gz_guanghuan07/00011","transform":{}},{"path":"gz_guanghuan07/00012","type":"image","name":"gz_guanghuan07/00012","transform":{}},{"path":"gz_guanghuan07/00013","type":"image","name":"gz_guanghuan07/00013","transform":{}},{"path":"gz_guanghuan07/00014","type":"image","name":"gz_guanghuan07/00014","transform":{}}],"name":"003_luoxuan"}],"name":""}],"slot":[{"displayIndex":-1,"name":"000_fuji","parent":"000_fuji","color":{}},{"z":1,"displayIndex":-1,"name":"002_guilian_fuji","parent":"002_guilian_fuji","color":{}},{"z":2,"name":"002_guilian1","parent":"002_guilian1","color":{}},{"z":3,"name":"002_guilian2","parent":"002_guilian2","color":{}},{"z":4,"name":"002_guiyan1","parent":"002_guiyan1","color":{}},{"z":5,"name":"002_guiyan2","parent":"002_guiyan2","color":{}},{"z":6,"name":"001_fazhen","parent":"001_fazhen","color":{}},{"z":7,"name":"003_luoxuan","parent":"003_luoxuan","color":{}},{"z":8,"name":"005_huanrao1","parent":"005_huanrao1","color":{}},{"z":9,"name":"005_huanrao2","parent":"005_huanrao2","color":{}},{"z":10,"name":"005_huanrao3","parent":"005_huanrao3","color":{}},{"z":11,"name":"006_guihuo1","parent":"006_guihuo1","color":{}},{"z":12,"name":"006_guihuo2","parent":"006_guihuo2","color":{}},{"z":13,"name":"004_fuwen","parent":"004_fuwen","color":{}}]}],"name":"guanghuan2_eff","version":"4.0"}