{"frameRate":30,"name":"worldspine","version":"5.5","compatibleVersion":"5.5","armature":[{"type":"Armature","frameRate":30,"name":"armatureName","aabb":{"x":184.99,"y":-595,"width":825.01,"height":489.93},"bone":[{"name":"root"},{"name":"G1","parent":"root","transform":{"x":252.06,"y":-268.95}},{"name":"G2","parent":"root","transform":{"x":849.62,"y":-218.2}},{"name":"G3","parent":"root","transform":{"x":855.62,"y":-469.53}},{"length":45,"name":"G4","parent":"root","transform":{"x":516.15,"y":-375.62,"skX":28.53,"skY":28.53}},{"name":"G5","parent":"root","transform":{"x":499.24,"y":-586.25}},{"name":"island1","parent":"root","transform":{"x":255.83,"y":-313.61}},{"name":"wf2","parent":"root","transform":{"x":552.34,"y":-111.57}},{"name":"w2","parent":"root","transform":{"x":553.64,"y":-201.46}},{"name":"wf1","parent":"root","transform":{"x":554.35,"y":-155.7}},{"name":"w3","parent":"root","transform":{"x":500.79,"y":-150.87}},{"name":"w5","parent":"root","transform":{"x":540.64,"y":-137.57}},{"name":"w1","parent":"root","transform":{"x":550.7,"y":-203.32}},{"name":"w4","parent":"root","transform":{"x":549.74,"y":-120.02}},{"name":"w6","parent":"root","transform":{"x":550.7,"y":-203.32}},{"name":"f1","parent":"island1","transform":{"x":-31.46,"y":11.01}},{"name":"f5","parent":"island1","transform":{"x":-0.54,"y":-8.1}},{"name":"f2","parent":"island1","transform":{"x":31.87,"y":52.32}},{"name":"f3","parent":"island1","transform":{"x":-31.46,"y":11.01}},{"name":"f4","parent":"island1","transform":{"x":31.87,"y":52.32}}],"slot":[{"blendMode":"add","name":"G2","parent":"G2"},{"name":"G3","parent":"G3"},{"name":"G4","parent":"G4"},{"blendMode":"add","name":"G5","parent":"G5"},{"name":"island1","parent":"island1"},{"blendMode":"add","name":"f1","parent":"f1"},{"blendMode":"add","name":"f3","parent":"f3"},{"blendMode":"add","name":"f2","parent":"f2"},{"blendMode":"add","name":"f4","parent":"f4"},{"name":"G1","parent":"G1"},{"blendMode":"add","name":"f5","parent":"f5"},{"name":"w1","parent":"w1"},{"name":"w6","parent":"w6"},{"name":"w2","parent":"w2"},{"name":"w3","parent":"w3"},{"name":"w4","parent":"w4"},{"blendMode":"add","name":"w5","parent":"w5"},{"name":"wf1","parent":"wf1"},{"name":"wf2","parent":"wf2"}],"skin":[{"slot":[{"name":"w4","display":[{"name":"w4","transform":{"x":-0.74,"y":1.18}}]},{"name":"f3","display":[{"name":"f1","transform":{"x":0.53,"y":-0.33}}]},{"name":"w2","display":[{"name":"w2","transform":{"x":0.16,"y":1.61}}]},{"name":"island1","display":[{"name":"island1","transform":{"x":-1.32,"y":22.86}}]},{"name":"w1","display":[{"name":"w1","transform":{"x":0.46,"y":2.53}}]},{"name":"G4","display":[{"name":"G4","transform":{"x":14.25,"y":0.36,"skX":-28.75,"skY":-28.75}}]},{"name":"f5","display":[{"name":"f5","transform":{"x":-0.52,"y":-5.34}}]},{"name":"G1","display":[{"name":"G1","transform":{"x":3.43,"y":-6.04}}]},{"name":"G2","display":[{"name":"G2","transform":{"x":-3.12,"y":3.2}}]},{"name":"f2","display":[{"name":"f2","transform":{"x":-0.15,"y":-0.15}}]},{"name":"w3","display":[{"name":"w3","transform":{"x":-0.33,"y":0.99}}]},{"name":"f1","display":[{"name":"f1","transform":{"x":0.53,"y":-0.33}}]},{"name":"w6","display":[{"name":"w1","transform":{"x":0.46,"y":2.53}}]},{"name":"G5","display":[{"name":"G5","transform":{"x":0.25,"y":0.25}}]},{"name":"w5","display":[{"name":"w5","transform":{"x":-0.37,"y":-0.06}}]},{"name":"wf1","display":[{"name":"wf1","transform":{"x":0.1,"y":0.5,"skX":-3.62,"skY":-3.62}}]},{"name":"G3","display":[{"name":"G3","transform":{"x":-0.12,"y":0.03}}]},{"name":"wf2","display":[{"name":"wf2","transform":{"x":1.9,"y":0.5,"skX":-5.56,"skY":-5.56}}]},{"name":"f4","display":[{"name":"f2","transform":{"x":-0.15,"y":-0.15}}]}]}],"animation":[{"duration":180,"name":"animation","bone":[{"name":"G1","translateFrame":[{"tweenEasing":0,"y":-7.49},{"duration":90,"tweenEasing":0,"y":-7.58},{"duration":89,"tweenEasing":0},{"duration":0,"y":-7.49}]},{"name":"G2","rotateFrame":[{"tweenEasing":0,"rotate":21.69},{"duration":90,"tweenEasing":0,"rotate":21.93},{"duration":89,"tweenEasing":0},{"duration":0,"rotate":21.69}],"scaleFrame":[{"tweenEasing":0,"x":1.3,"y":1.3},{"duration":90,"tweenEasing":0,"x":1.31,"y":1.31},{"duration":89,"tweenEasing":0},{"duration":0,"x":1.3,"y":1.3}]},{"name":"G4","scaleFrame":[{"tweenEasing":0,"x":2.42,"y":1.31},{"duration":90,"tweenEasing":0,"x":2.43,"y":1.32},{"duration":89,"tweenEasing":0},{"duration":0,"x":2.42,"y":1.31}]},{"name":"island1","translateFrame":[{"tweenEasing":0,"y":4.97},{"duration":90,"tweenEasing":0,"y":5.02},{"duration":89,"tweenEasing":0},{"duration":0,"y":4.97}]},{"name":"f1","translateFrame":[{"tweenEasing":0,"x":-0.21,"y":-1.69},{"duration":70,"tweenEasing":0,"x":-0.22,"y":-3.58},{"duration":20,"tweenEasing":0,"y":34.18},{"duration":70,"tweenEasing":0,"x":-0.22,"y":-3.58},{"duration":19,"tweenEasing":0,"y":34.18},{"duration":0,"x":-0.21,"y":-1.69}],"scaleFrame":[{"duration":180,"x":1.59,"y":0.39}]},{"name":"f2","translateFrame":[{"tweenEasing":0,"x":-0.21,"y":-42.5},{"duration":70,"tweenEasing":0,"x":-0.22,"y":-44.39},{"duration":20,"tweenEasing":0,"y":-6.61},{"duration":70,"tweenEasing":0,"x":-0.22,"y":-44.39},{"duration":19,"tweenEasing":0,"y":-6.61},{"duration":0,"x":-0.21,"y":-42.5}],"scaleFrame":[{"duration":180,"x":1.59,"y":1.15}]},{"name":"f3","translateFrame":[{"duration":37,"tweenEasing":0,"x":-0.11,"y":14.22},{"duration":20,"tweenEasing":0,"y":34.18},{"duration":16,"tweenEasing":0,"x":-0.22,"y":-3.58},{"duration":12,"tweenEasing":0,"x":-0.17,"y":5.04},{"duration":6,"tweenEasing":0,"x":-0.13,"y":11.52},{"duration":6,"tweenEasing":0,"x":-0.11,"y":14.76},{"duration":30,"tweenEasing":0,"x":-0.09,"y":17.99},{"duration":20,"tweenEasing":0,"y":34.18},{"duration":33,"tweenEasing":0,"x":-0.22,"y":-3.58},{"duration":0,"x":-0.11,"y":14.22}],"scaleFrame":[{"duration":180,"x":1.59,"y":0.39}]},{"name":"f4","translateFrame":[{"duration":21,"tweenEasing":0,"x":-0.06,"y":-17.95},{"duration":20,"tweenEasing":0,"y":-6.61},{"duration":50,"tweenEasing":0,"x":-0.22,"y":-44.39},{"duration":20,"tweenEasing":0,"x":-0.06,"y":-17.41},{"duration":20,"tweenEasing":0,"y":-6.61},{"duration":49,"tweenEasing":0,"x":-0.22,"y":-44.39},{"duration":0,"x":-0.06,"y":-17.95}],"scaleFrame":[{"duration":180,"x":1.59,"y":1.15}]},{"name":"f5","rotateFrame":[{"duration":11,"tweenEasing":0,"rotate":43.62},{"duration":80,"tweenEasing":0,"rotate":49.01},{"duration":89,"tweenEasing":0},{"duration":0,"rotate":43.62}],"scaleFrame":[{"duration":11,"tweenEasing":0,"x":0.71},{"duration":80,"tweenEasing":0,"x":0.67},{"duration":89,"tweenEasing":0},{"duration":0,"x":0.71}]},{"name":"w2","translateFrame":[{"tweenEasing":0,"y":-2.77},{"duration":70,"tweenEasing":0,"y":-4.03},{"duration":20,"tweenEasing":0,"y":21.16},{"duration":70,"tweenEasing":0,"y":-4.03},{"duration":19,"tweenEasing":0,"y":21.16},{"duration":0,"y":-2.77}],"scaleFrame":[{"duration":180,"y":0.53}]},{"name":"w1","translateFrame":[{"duration":37,"tweenEasing":0,"y":11.66},{"duration":20,"tweenEasing":0,"y":29.28},{"duration":34,"tweenEasing":0,"y":-4.03},{"duration":36,"tweenEasing":0,"y":12.14},{"duration":20,"tweenEasing":0,"y":29.28},{"duration":33,"tweenEasing":0,"y":-4.03},{"duration":0,"y":11.66}],"scaleFrame":[{"duration":180,"y":0.53}]},{"name":"w5","translateFrame":[{"duration":38,"tweenEasing":0,"y":-5.96},{"duration":7,"tweenEasing":0,"y":3.62},{"duration":38,"tweenEasing":0,"y":-5.96},{"duration":7,"tweenEasing":0,"y":3.62},{"duration":38,"tweenEasing":0,"y":-5.96},{"duration":7,"tweenEasing":0,"y":3.62},{"duration":38,"tweenEasing":0,"y":-5.96},{"duration":7,"tweenEasing":0,"y":3.62},{"duration":0,"y":-5.96}]},{"name":"w4","translateFrame":[{"duration":4,"tweenEasing":0},{"duration":3,"tweenEasing":0,"y":-0.24},{"duration":4,"tweenEasing":0},{"duration":4,"tweenEasing":0,"y":-0.24},{"duration":3,"tweenEasing":0},{"duration":4,"tweenEasing":0,"y":-0.24},{"duration":4,"tweenEasing":0},{"duration":4,"tweenEasing":0,"y":-0.24},{"duration":3,"tweenEasing":0},{"duration":5,"tweenEasing":0,"y":-0.24},{"duration":4,"tweenEasing":0},{"duration":3,"tweenEasing":0,"y":-0.24},{"duration":4,"tweenEasing":0},{"duration":4,"tweenEasing":0,"y":-0.24},{"duration":3,"tweenEasing":0},{"duration":4,"tweenEasing":0,"y":-0.24},{"duration":4,"tweenEasing":0},{"duration":4,"tweenEasing":0,"y":-0.24},{"duration":4,"tweenEasing":0},{"duration":3,"tweenEasing":0,"y":-0.24},{"duration":4,"tweenEasing":0},{"duration":4,"tweenEasing":0,"y":-0.24},{"duration":3,"tweenEasing":0},{"duration":4,"tweenEasing":0,"y":-0.24},{"duration":4,"tweenEasing":0},{"duration":4,"tweenEasing":0,"y":-0.24},{"duration":3,"tweenEasing":0},{"duration":5,"tweenEasing":0,"y":-0.24},{"duration":4,"tweenEasing":0},{"duration":3,"tweenEasing":0,"y":-0.24},{"duration":4,"tweenEasing":0},{"duration":4,"tweenEasing":0,"y":-0.24},{"duration":3,"tweenEasing":0},{"duration":4,"tweenEasing":0,"y":-0.24},{"duration":4,"tweenEasing":0},{"duration":4,"tweenEasing":0,"y":-0.24},{"duration":3,"tweenEasing":0},{"duration":4,"tweenEasing":0,"y":-0.24},{"duration":4,"tweenEasing":0},{"duration":3,"tweenEasing":0,"y":-0.24},{"duration":3,"tweenEasing":0},{"duration":4,"tweenEasing":0,"y":-0.24},{"duration":4,"tweenEasing":0},{"duration":4,"tweenEasing":0,"y":-0.24},{"duration":3,"tweenEasing":0},{"duration":4,"tweenEasing":0,"y":-0.24},{"duration":4,"tweenEasing":0},{"duration":4,"tweenEasing":0,"y":-0.24},{"duration":0}],"scaleFrame":[{"duration":4,"tweenEasing":0},{"duration":3,"tweenEasing":0,"y":0.73},{"duration":4,"tweenEasing":0},{"duration":4,"tweenEasing":0,"y":0.73},{"duration":3,"tweenEasing":0},{"duration":4,"tweenEasing":0,"y":0.73},{"duration":4,"tweenEasing":0},{"duration":4,"tweenEasing":0,"y":0.73},{"duration":3,"tweenEasing":0},{"duration":5,"tweenEasing":0,"y":0.73},{"duration":4,"tweenEasing":0},{"duration":3,"tweenEasing":0,"y":0.73},{"duration":4,"tweenEasing":0},{"duration":4,"tweenEasing":0,"y":0.73},{"duration":3,"tweenEasing":0},{"duration":4,"tweenEasing":0,"y":0.73},{"duration":4,"tweenEasing":0},{"duration":4,"tweenEasing":0,"y":0.73},{"duration":4,"tweenEasing":0},{"duration":3,"tweenEasing":0,"y":0.73},{"duration":4,"tweenEasing":0},{"duration":4,"tweenEasing":0,"y":0.73},{"duration":3,"tweenEasing":0},{"duration":4,"tweenEasing":0,"y":0.73},{"duration":4,"tweenEasing":0},{"duration":4,"tweenEasing":0,"y":0.73},{"duration":3,"tweenEasing":0},{"duration":5,"tweenEasing":0,"y":0.73},{"duration":4,"tweenEasing":0},{"duration":3,"tweenEasing":0,"y":0.73},{"duration":4,"tweenEasing":0},{"duration":4,"tweenEasing":0,"y":0.73},{"duration":3,"tweenEasing":0},{"duration":4,"tweenEasing":0,"y":0.73},{"duration":4,"tweenEasing":0},{"duration":4,"tweenEasing":0,"y":0.73},{"duration":3,"tweenEasing":0},{"duration":4,"tweenEasing":0,"y":0.73},{"duration":4,"tweenEasing":0},{"duration":3,"tweenEasing":0,"y":0.73},{"duration":3,"tweenEasing":0},{"duration":4,"tweenEasing":0,"y":0.73},{"duration":4,"tweenEasing":0},{"duration":4,"tweenEasing":0,"y":0.73},{"duration":3,"tweenEasing":0},{"duration":4,"tweenEasing":0,"y":0.73},{"duration":4,"tweenEasing":0},{"duration":4,"tweenEasing":0,"y":0.73},{"duration":0}]},{"name":"w6","translateFrame":[{"duration":24,"tweenEasing":0,"x":1.31,"y":17.85},{"duration":20,"tweenEasing":0,"x":1.31,"y":29.28},{"tweenEasing":0,"x":1.31,"y":-4.03},{"duration":30,"tweenEasing":0,"x":1.31,"y":-3.56},{"duration":29,"tweenEasing":0,"x":1.31,"y":10.71},{"duration":10,"tweenEasing":0,"x":1.31,"y":24.52},{"duration":20,"tweenEasing":0,"x":1.31,"y":29.28},{"duration":46,"tweenEasing":0,"x":1.31,"y":-4.03},{"duration":0,"x":1.31,"y":17.85}],"scaleFrame":[{"duration":180,"y":0.53}]},{"name":"w3","translateFrame":[{"duration":70,"tweenEasing":0,"y":-3.87},{"duration":20,"tweenEasing":0,"y":10.42},{"duration":70,"tweenEasing":0,"y":-3.87},{"duration":20,"tweenEasing":0,"y":10.42},{"duration":0,"y":-3.87}]},{"name":"wf1","scaleFrame":[{"duration":4,"tweenEasing":0},{"duration":4,"tweenEasing":0,"x":0.88,"y":0.88},{"duration":4,"tweenEasing":0},{"duration":4,"tweenEasing":0,"x":0.88,"y":0.88},{"duration":4,"tweenEasing":0},{"duration":5,"tweenEasing":0,"x":0.88,"y":0.88},{"duration":4,"tweenEasing":0},{"duration":4,"tweenEasing":0,"x":0.88,"y":0.88},{"duration":4,"tweenEasing":0},{"duration":4,"tweenEasing":0,"x":0.88,"y":0.88},{"duration":4,"tweenEasing":0},{"duration":4,"tweenEasing":0,"x":0.88,"y":0.88},{"duration":4,"tweenEasing":0},{"duration":4,"tweenEasing":0,"x":0.88,"y":0.88},{"duration":4,"tweenEasing":0},{"duration":4,"tweenEasing":0,"x":0.88,"y":0.88},{"duration":4,"tweenEasing":0},{"duration":5,"tweenEasing":0,"x":0.88,"y":0.88},{"duration":4,"tweenEasing":0},{"duration":4,"tweenEasing":0,"x":0.88,"y":0.88},{"duration":4,"tweenEasing":0},{"duration":4,"tweenEasing":0,"x":0.88,"y":0.88},{"duration":4,"tweenEasing":0},{"duration":4,"tweenEasing":0,"x":0.88,"y":0.88},{"duration":4,"tweenEasing":0},{"duration":4,"tweenEasing":0,"x":0.88,"y":0.88},{"duration":4,"tweenEasing":0},{"duration":5,"tweenEasing":0,"x":0.88,"y":0.88},{"duration":4,"tweenEasing":0},{"duration":4,"tweenEasing":0,"x":0.88,"y":0.88},{"duration":4,"tweenEasing":0},{"duration":4,"tweenEasing":0,"x":0.88,"y":0.88},{"duration":4,"tweenEasing":0},{"duration":4,"tweenEasing":0,"x":0.88,"y":0.88},{"duration":4,"tweenEasing":0},{"duration":4,"tweenEasing":0,"x":0.88,"y":0.88},{"duration":4,"tweenEasing":0},{"duration":4,"tweenEasing":0,"x":0.88,"y":0.88},{"duration":4,"tweenEasing":0},{"duration":5,"tweenEasing":0,"x":0.88,"y":0.88},{"duration":4,"tweenEasing":0},{"duration":4,"tweenEasing":0,"x":0.88,"y":0.88},{"duration":4,"tweenEasing":0},{"duration":4,"tweenEasing":0,"x":0.88,"y":0.88},{"duration":0}]},{"name":"wf2","translateFrame":[{"duration":4,"tweenEasing":0},{"duration":4,"tweenEasing":0,"x":-0.61,"y":-0.47},{"duration":4,"tweenEasing":0},{"duration":4,"tweenEasing":0,"x":-0.61,"y":-0.47},{"duration":4,"tweenEasing":0},{"duration":5,"tweenEasing":0,"x":-0.61,"y":-0.47},{"duration":4,"tweenEasing":0},{"duration":4,"tweenEasing":0,"x":-0.61,"y":-0.47},{"duration":4,"tweenEasing":0},{"duration":4,"tweenEasing":0,"x":-0.61,"y":-0.47},{"duration":4,"tweenEasing":0},{"duration":4,"tweenEasing":0,"x":-0.61,"y":-0.47},{"duration":4,"tweenEasing":0},{"duration":4,"tweenEasing":0,"x":-0.61,"y":-0.47},{"duration":4,"tweenEasing":0},{"duration":4,"tweenEasing":0,"x":-0.61,"y":-0.47},{"duration":4,"tweenEasing":0},{"duration":5,"tweenEasing":0,"x":-0.61,"y":-0.47},{"duration":4,"tweenEasing":0},{"duration":4,"tweenEasing":0,"x":-0.61,"y":-0.47},{"duration":4,"tweenEasing":0},{"duration":4,"tweenEasing":0,"x":-0.61,"y":-0.47},{"duration":4,"tweenEasing":0},{"duration":4,"tweenEasing":0,"x":-0.61,"y":-0.47},{"duration":4,"tweenEasing":0},{"duration":4,"tweenEasing":0,"x":-0.61,"y":-0.47},{"duration":4,"tweenEasing":0},{"duration":5,"tweenEasing":0,"x":-0.61,"y":-0.47},{"duration":4,"tweenEasing":0},{"duration":4,"tweenEasing":0,"x":-0.61,"y":-0.47},{"duration":4,"tweenEasing":0},{"duration":4,"tweenEasing":0,"x":-0.61,"y":-0.47},{"duration":4,"tweenEasing":0},{"duration":4,"tweenEasing":0,"x":-0.61,"y":-0.47},{"duration":4,"tweenEasing":0},{"duration":4,"tweenEasing":0,"x":-0.61,"y":-0.47},{"duration":4,"tweenEasing":0},{"duration":4,"tweenEasing":0,"x":-0.61,"y":-0.47},{"duration":4,"tweenEasing":0},{"duration":5,"tweenEasing":0,"x":-0.61,"y":-0.47},{"duration":4,"tweenEasing":0},{"duration":4,"tweenEasing":0,"x":-0.61,"y":-0.47},{"duration":4,"tweenEasing":0},{"duration":4,"tweenEasing":0,"x":-0.61,"y":-0.47},{"duration":0}],"scaleFrame":[{"duration":4,"tweenEasing":0},{"duration":4,"tweenEasing":0,"x":0.93,"y":0.93},{"duration":4,"tweenEasing":0},{"duration":4,"tweenEasing":0,"x":0.93,"y":0.93},{"duration":4,"tweenEasing":0},{"duration":5,"tweenEasing":0,"x":0.93,"y":0.93},{"duration":4,"tweenEasing":0},{"duration":4,"tweenEasing":0,"x":0.93,"y":0.93},{"duration":4,"tweenEasing":0},{"duration":4,"tweenEasing":0,"x":0.93,"y":0.93},{"duration":4,"tweenEasing":0},{"duration":4,"tweenEasing":0,"x":0.93,"y":0.93},{"duration":4,"tweenEasing":0},{"duration":4,"tweenEasing":0,"x":0.93,"y":0.93},{"duration":4,"tweenEasing":0},{"duration":4,"tweenEasing":0,"x":0.93,"y":0.93},{"duration":4,"tweenEasing":0},{"duration":5,"tweenEasing":0,"x":0.93,"y":0.93},{"duration":4,"tweenEasing":0},{"duration":4,"tweenEasing":0,"x":0.93,"y":0.93},{"duration":4,"tweenEasing":0},{"duration":4,"tweenEasing":0,"x":0.93,"y":0.93},{"duration":4,"tweenEasing":0},{"duration":4,"tweenEasing":0,"x":0.93,"y":0.93},{"duration":4,"tweenEasing":0},{"duration":4,"tweenEasing":0,"x":0.93,"y":0.93},{"duration":4,"tweenEasing":0},{"duration":5,"tweenEasing":0,"x":0.93,"y":0.93},{"duration":4,"tweenEasing":0},{"duration":4,"tweenEasing":0,"x":0.93,"y":0.93},{"duration":4,"tweenEasing":0},{"duration":4,"tweenEasing":0,"x":0.93,"y":0.93},{"duration":4,"tweenEasing":0},{"duration":4,"tweenEasing":0,"x":0.93,"y":0.93},{"duration":4,"tweenEasing":0},{"duration":4,"tweenEasing":0,"x":0.93,"y":0.93},{"duration":4,"tweenEasing":0},{"duration":4,"tweenEasing":0,"x":0.93,"y":0.93},{"duration":4,"tweenEasing":0},{"duration":5,"tweenEasing":0,"x":0.93,"y":0.93},{"duration":4,"tweenEasing":0},{"duration":4,"tweenEasing":0,"x":0.93,"y":0.93},{"duration":4,"tweenEasing":0},{"duration":4,"tweenEasing":0,"x":0.93,"y":0.93},{"duration":0}]}],"slot":[{"name":"G1","colorFrame":[{"tweenEasing":0,"value":{"aM":98}},{"duration":90,"tweenEasing":0},{"duration":89,"tweenEasing":0,"value":{"aM":0}},{"duration":0,"value":{"aM":98}}]},{"name":"G2","colorFrame":[{"duration":11,"tweenEasing":0,"value":{"aM":82}},{"duration":43,"tweenEasing":0},{"duration":37,"tweenEasing":0,"value":{"aM":22}},{"duration":60,"tweenEasing":0},{"duration":29,"tweenEasing":0,"value":{"aM":36}},{"duration":0,"value":{"aM":82}}]},{"name":"G3","colorFrame":[{"duration":31,"tweenEasing":0,"value":{"aM":56}},{"duration":60,"tweenEasing":0,"value":{"aM":22}},{"duration":50},{"duration":39,"tweenEasing":0},{"duration":0,"value":{"aM":56}}]},{"name":"G4","colorFrame":[{"duration":10,"tweenEasing":0,"value":{"aM":71}},{"duration":81,"tweenEasing":0,"value":{"aM":74}},{"duration":89,"tweenEasing":0,"value":{"aM":47}},{"duration":0,"value":{"aM":71}}]},{"name":"G5","colorFrame":[{"duration":61,"tweenEasing":0,"value":{"aM":61}},{"duration":30},{"duration":40,"tweenEasing":0},{"duration":49,"tweenEasing":0,"value":{"aM":30}},{"duration":0,"value":{"aM":61}}]},{"name":"f1","colorFrame":[{"tweenEasing":0,"value":{"aM":0}},{"duration":70,"tweenEasing":0,"value":{"aM":53}},{"duration":19,"value":{"aM":0}},{"tweenEasing":0,"value":{"aM":0}},{"duration":50,"tweenEasing":0,"value":{"aM":53}},{"duration":39,"value":{"aM":0}}]},{"name":"f2","colorFrame":[{"tweenEasing":0,"value":{"aM":0}},{"duration":70,"tweenEasing":0,"value":{"aM":53}},{"duration":19,"value":{"aM":0}},{"tweenEasing":0,"value":{"aM":0}},{"duration":50,"tweenEasing":0,"value":{"aM":53}},{"duration":39,"value":{"aM":0}}]},{"name":"f3","colorFrame":[{"duration":17,"tweenEasing":0,"value":{"aM":18}},{"duration":39,"value":{"aM":0}},{"tweenEasing":0,"value":{"aM":0}},{"duration":16,"tweenEasing":0,"value":{"aM":53}},{"duration":12,"tweenEasing":0,"value":{"aM":40}},{"duration":6,"tweenEasing":0,"value":{"aM":31}},{"duration":6,"tweenEasing":0,"value":{"aM":27}},{"duration":30,"tweenEasing":0,"value":{"aM":22}},{"duration":19,"value":{"aM":0}},{"tweenEasing":0,"value":{"aM":0}},{"duration":33,"tweenEasing":0,"value":{"aM":53}},{"duration":0,"value":{"aM":18}}]},{"name":"f4","colorFrame":[{"duration":40,"tweenEasing":0,"value":{"aM":0}},{"tweenEasing":0,"value":{"aM":0}},{"duration":50,"tweenEasing":0,"value":{"aM":53}},{"duration":20,"tweenEasing":0,"value":{"aM":14}},{"duration":19,"value":{"aM":0}},{"tweenEasing":0,"value":{"aM":0}},{"duration":49,"tweenEasing":0,"value":{"aM":53}},{"duration":0,"value":{"aM":0}}]},{"name":"f5","colorFrame":[{"duration":11,"tweenEasing":0,"value":{"aM":49}},{"duration":80,"tweenEasing":0,"value":{"aM":42}},{"duration":89,"tweenEasing":0},{"duration":0,"value":{"aM":49}}]},{"name":"w1","colorFrame":[{"duration":37,"tweenEasing":0,"value":{"aM":52}},{"duration":19,"value":{"aM":0}},{"tweenEasing":0,"value":{"aM":0}},{"duration":34,"tweenEasing":0},{"duration":36,"tweenEasing":0,"value":{"aM":51}},{"duration":19,"value":{"aM":0}},{"tweenEasing":0,"value":{"aM":0}},{"duration":33,"tweenEasing":0},{"duration":0,"value":{"aM":52}}]},{"name":"w2","colorFrame":[{"tweenEasing":0,"value":{"aM":0}},{"duration":70,"tweenEasing":0},{"duration":19,"value":{"aM":0}},{"tweenEasing":0,"value":{"aM":0}},{"duration":70,"tweenEasing":0},{"duration":19,"value":{"aM":0}}]},{"name":"w3","colorFrame":[{"duration":5,"tweenEasing":0,"value":{"aM":0}},{"duration":65,"tweenEasing":0},{"duration":20,"value":{"aM":0}},{"duration":5,"tweenEasing":0,"value":{"aM":0}},{"duration":65,"tweenEasing":0},{"duration":20,"value":{"aM":0}}]},{"name":"w5","colorFrame":[{"duration":3,"tweenEasing":0,"value":{"aM":0}},{"duration":35,"tweenEasing":0,"value":{"aM":78}},{"duration":7,"value":{"aM":0}},{"duration":3,"tweenEasing":0,"value":{"aM":0}},{"duration":35,"tweenEasing":0,"value":{"aM":78}},{"duration":7,"value":{"aM":0}},{"duration":3,"tweenEasing":0,"value":{"aM":0}},{"duration":35,"tweenEasing":0,"value":{"aM":78}},{"duration":7,"value":{"aM":0}},{"duration":3,"tweenEasing":0,"value":{"aM":0}},{"duration":35,"tweenEasing":0,"value":{"aM":78}},{"duration":7,"value":{"aM":0}}]},{"name":"w6","colorFrame":[{"duration":24,"tweenEasing":0,"value":{"aM":34}},{"duration":19,"value":{"aM":0}},{"tweenEasing":0,"value":{"aM":0}},{"tweenEasing":0},{"duration":30,"tweenEasing":0,"value":{"aM":98}},{"duration":29,"tweenEasing":0,"value":{"aM":55}},{"duration":10,"tweenEasing":0,"value":{"aM":14}},{"duration":19,"value":{"aM":0}},{"tweenEasing":0,"value":{"aM":0}},{"duration":46,"tweenEasing":0},{"duration":0,"value":{"aM":34}}]}]}],"defaultActions":[{"gotoAndPlay":"animation"}]}]}