{"frameRate":30,"isGlobal":0,"armature":[{"bone":[{"name":"root","transform":{}},{"transform":{"scY":0.913,"scX":0.913},"name":"Fuji","parent":"root"},{"transform":{"y":3.15,"x":49.45},"name":"hand_r","parent":"root"},{"transform":{"y":0.04,"x":65.15},"name":"hand_l","parent":"root"},{"transform":{"y":-12.72,"x":49.06},"name":"arm_r","parent":"root"},{"transform":{"y":-14.28,"x":-90},"name":"leg_l1","parent":"root"},{"transform":{"y":-20.2,"x":64.35},"name":"arm_l","parent":"root"},{"transform":{"y":-60.73,"x":-91.59},"name":"leg_r","parent":"root"},{"transform":{"y":-58.35,"x":-82.06},"name":"leg_l","parent":"root"},{"transform":{"y":2.4,"x":-102.25},"name":"foot_r","parent":"root"},{"transform":{"y":-11.11,"x":-101.51},"name":"leg_r1","parent":"root"},{"transform":{"y":1.32,"x":-87.28},"name":"foot_l","parent":"root"},{"transform":{"y":-246.48},"name":"buff_up","parent":"Fuji"},{"transform":{},"name":"buff_flo","parent":"Fuji"},{"transform":{"y":-124.09},"name":"buff_mid","parent":"Fuji"},{"transform":{"y":-146.34,"x":-65},"name":"bip","parent":"Fuji"},{"length":41,"transform":{"y":0.55,"skX":22.98,"skY":22.98,"x":2.63},"parent":"bip","name":"Body"},{"length":46,"transform":{"y":4.14,"skX":90,"skY":90,"x":-0.95},"parent":"bip","name":"Thigh_R"},{"length":49,"transform":{"y":2.84,"skX":100.04,"skY":100.04,"x":15.17},"parent":"bip","name":"Thigh_L"},{"length":48,"transform":{"y":-2.82,"skX":-165.6,"skY":-165.6,"x":-12.54},"parent":"bip","name":"Tail"},{"length":46,"transform":{"y":-0.14,"skX":-19.69,"skY":-19.69,"x":41.57},"parent":"Body","name":"spine"},{"length":42,"transform":{"y":1.34,"skX":32.79,"skY":32.79,"x":46.24},"parent":"Thigh_R","name":"Fibula_R"},{"length":44,"transform":{"y":-0.48,"skX":21.7,"skY":21.7,"x":48.72},"parent":"Thigh_L","name":"Fibula_L"},{"length":39,"transform":{"y":-0.04,"skX":7.5,"skY":7.5,"x":48.2},"parent":"Tail","name":"Tail_01"},{"length":43,"transform":{"y":-0.07,"skX":-18.61,"skY":-18.61,"x":44.83},"parent":"Fibula_L","name":"Leg_L"},{"length":48,"transform":{"y":0.08,"skX":-31.92,"skY":-31.92,"x":46.74},"parent":"spine","name":"waist"},{"length":42,"transform":{"skX":3.16,"skY":3.16,"x":39.79},"parent":"Tail_01","name":"Tail_02"},{"length":46,"transform":{"y":1.87,"skX":-26.33,"skY":-26.33,"x":47.67},"parent":"Fibula_R","name":"Leg_R"},{"length":34,"transform":{"y":2.87,"skX":-19.76,"skY":-19.76,"x":44.26},"parent":"waist","name":"Neck"},{"length":20,"transform":{"y":-0.95,"skX":-29.17,"skY":-29.17,"x":47.75},"parent":"Leg_L","name":"Foot_L"},{"length":18,"transform":{"y":1.23,"skX":-7.28,"skY":-7.28,"x":50.82},"parent":"Leg_R","name":"Foot_R"},{"length":78,"transform":{"y":-6.93,"skX":113.25,"skY":113.25,"x":26.6},"parent":"waist","name":"UpArm_R"},{"length":71,"transform":{"y":2.78,"skX":116.84,"skY":116.84,"x":37.53},"parent":"waist","name":"UpArm_L"},{"length":43,"transform":{"y":1.68,"skX":-0.53,"skY":-0.53,"x":77.89},"parent":"UpArm_L","name":"Arm_L"},{"length":50,"transform":{"y":2.55,"skX":3.58,"skY":3.58,"x":83.05},"parent":"UpArm_R","name":"Arm_R"},{"length":34,"transform":{"y":0.06,"skX":-10.52,"skY":-10.52,"x":34.62},"parent":"Neck","name":"neck_01"},{"length":14,"transform":{"y":-0.55,"skX":-3.04,"skY":-3.04,"x":52.58},"parent":"Arm_R","name":"Hand_R"},{"length":14,"transform":{"y":-2.15,"skX":-11.41,"skY":-11.41,"x":48.9},"parent":"Arm_L","name":"Hand_L"},{"length":48,"transform":{"scY":1.056,"y":1.7,"skX":94.87,"skY":94.87,"scX":1.056,"x":45.06},"parent":"neck_01","name":"Head"},{"length":25,"transform":{"y":-23.28,"skX":-124.08,"skY":-124.08,"x":-0.52},"parent":"Head","name":"Ear_L"},{"length":26,"transform":{"y":-17.55,"skX":-119.16,"skY":-119.16,"x":-9.22},"parent":"Head","name":"Ear_R"},{"transform":{"y":-1.01,"x":64.38},"name":"mouth","parent":"Head"}],"type":"Armature","name":"armatureName","animation":[{"bone":[{"frame":[{"curve":[0.25,0,0.75,1],"transform":{},"duration":20},{"curve":[0.25,0,0.75,1],"transform":{"x":-3},"duration":20},{"transform":{},"duration":0}],"name":"Fuji"},{"frame":[{"curve":[0.25,0,0.75,1],"transform":{},"duration":20},{"curve":[0.25,0,0.75,1],"transform":{"y":4.43,"skX":-2,"skY":-2,"x":2.37},"duration":20},{"transform":{},"duration":0}],"name":"bip"},{"frame":[{"transform":{"skX":3.07,"skY":3.07},"duration":20},{"transform":{"skX":3.07,"skY":3.07},"duration":20},{"transform":{"skX":3.07,"skY":3.07},"duration":0}],"name":"Body"},{"frame":[{"curve":[0.25,0,0.75,1],"transform":{"skX":-0.22,"skY":-0.22},"duration":20},{"curve":[0.25,0,0.75,1],"transform":{"skX":-0.75,"skY":-0.75},"duration":20},{"transform":{"skX":-0.22,"skY":-0.22},"duration":0}],"name":"spine"},{"frame":[{"curve":[0.25,0,0.75,1],"transform":{"skX":3.08,"skY":3.08},"duration":20},{"curve":[0.25,0,0.75,1],"transform":{"skX":7.1,"skY":7.1},"duration":20},{"transform":{"skX":3.08,"skY":3.08},"duration":0}],"name":"waist"},{"frame":[{"curve":[0.25,0,0.75,1],"transform":{"skX":-2.27,"skY":-2.27},"duration":20},{"curve":[0.25,0,0.75,1],"transform":{"skX":-4.3,"skY":-4.3},"duration":20},{"transform":{"skX":-2.27,"skY":-2.27},"duration":0}],"name":"Neck"},{"frame":[{"curve":[0.25,0,0.75,1],"transform":{"skX":-2.31,"skY":-2.31},"duration":20},{"curve":[0.25,0,0.75,1],"transform":{"skX":-5.6,"skY":-5.6},"duration":20},{"transform":{"skX":-2.31,"skY":-2.31},"duration":0}],"name":"neck_01"},{"frame":[{"curve":[0.25,0,0.75,1],"transform":{"skX":-0.91,"skY":-0.91},"duration":20},{"curve":[0.25,0,0.75,1],"transform":{"skX":4.53,"skY":4.53},"duration":20},{"transform":{"skX":-0.91,"skY":-0.91},"duration":0}],"name":"Head"},{"frame":[{"curve":[0.25,0,0.75,1],"transform":{},"duration":20},{"curve":[0.25,0,0.75,1],"transform":{"scY":0.749,"scX":0.749},"duration":20},{"transform":{},"duration":0}],"name":"mouth"},{"frame":[{"curve":[0.25,0,0.75,1],"transform":{"skX":-3.8,"skY":-3.8},"duration":20},{"curve":[0.25,0,0.75,1],"transform":{"skX":3.96,"skY":3.96},"duration":20},{"transform":{"skX":-3.8,"skY":-3.8},"duration":0}],"name":"Ear_R"},{"frame":[{"curve":[0.25,0,0.75,1],"transform":{"skX":-2.53,"skY":-2.53},"duration":20},{"curve":[0.25,0,0.75,1],"transform":{"skX":2.96,"skY":2.96},"duration":20},{"transform":{"skX":-2.53,"skY":-2.53},"duration":0}],"name":"Ear_L"},{"frame":[{"transform":{"y":-2.12,"scX":0.945,"x":-0.12},"duration":20},{"transform":{"y":-2.12,"scX":0.945,"x":-0.12},"duration":20},{"transform":{"y":-2.12,"scX":0.945,"x":-0.12},"duration":0}],"name":"UpArm_R"},{"frame":[{"transform":{"scX":1.039},"duration":20},{"transform":{"scX":1.039},"duration":20},{"transform":{"scX":1.039},"duration":0}],"name":"Arm_R"},{"frame":[{"transform":{},"duration":20},{"transform":{},"duration":20},{"transform":{},"duration":0}],"name":"Hand_R"},{"frame":[{"transform":{},"duration":20},{"transform":{},"duration":20},{"transform":{},"duration":0}],"name":"UpArm_L"},{"frame":[{"transform":{},"duration":20},{"transform":{},"duration":20},{"transform":{},"duration":0}],"name":"Arm_L"},{"frame":[{"transform":{},"duration":20},{"transform":{},"duration":20},{"transform":{},"duration":0}],"name":"Hand_L"},{"frame":[{"transform":{},"duration":20},{"transform":{},"duration":20},{"transform":{},"duration":0}],"name":"Thigh_R"},{"frame":[{"transform":{},"duration":20},{"transform":{},"duration":20},{"transform":{},"duration":0}],"name":"Fibula_R"},{"frame":[{"transform":{},"duration":20},{"transform":{},"duration":20},{"transform":{},"duration":0}],"name":"Leg_R"},{"frame":[{"transform":{},"duration":20},{"transform":{},"duration":20},{"transform":{},"duration":0}],"name":"Foot_R"},{"frame":[{"curve":[0.25,0,0.625,0.5],"transform":{"y":1.02,"x":-7.09},"duration":20},{"curve":[0.375,0.5,0.75,1],"transform":{"y":3.4,"x":-8.84},"duration":20},{"transform":{"y":1.02,"x":-7.09},"duration":0}],"name":"Thigh_L"},{"frame":[{"transform":{},"duration":20},{"transform":{},"duration":20},{"transform":{},"duration":0}],"name":"Fibula_L"},{"frame":[{"transform":{},"duration":20},{"transform":{},"duration":20},{"transform":{},"duration":0}],"name":"Leg_L"},{"frame":[{"transform":{},"duration":20},{"transform":{},"duration":20},{"transform":{},"duration":0}],"name":"Foot_L"},{"frame":[{"curve":[0.25,0,0.75,1],"transform":{"skX":-37.06,"skY":-37.06},"duration":20},{"curve":[0.25,0,0.75,1],"transform":{"skX":317.14,"skY":317.14},"duration":20},{"transform":{"skX":-37.06,"skY":-37.06},"duration":0}],"name":"Tail"},{"frame":[{"curve":[0.25,0,0.75,1],"transform":{"skX":3.29,"skY":3.29},"duration":20},{"curve":[0.25,0,0.75,1],"transform":{"skX":-10.79,"skY":-10.79},"duration":20},{"transform":{"skX":3.29,"skY":3.29},"duration":0}],"name":"Tail_01"},{"frame":[{"curve":[0.25,0,0.75,1],"transform":{"skX":7.85,"skY":7.85},"duration":20},{"curve":[0.25,0,0.75,1],"transform":{"skX":-13.55,"skY":-13.55},"duration":20},{"transform":{"skX":7.85,"skY":7.85},"duration":0}],"name":"Tail_02"},{"frame":[{"curve":[0.25,0,0.75,1],"transform":{"y":-0.49,"x":-0.92},"duration":20},{"curve":[0.25,0,0.75,1],"transform":{"y":-0.49,"x":-5.81},"duration":20},{"transform":{"y":-0.49,"x":-0.92},"duration":0}],"name":"leg_r"},{"frame":[{"transform":{"y":-2.06,"x":18.31},"duration":20},{"transform":{"y":-2.06,"x":18.31},"duration":20},{"transform":{"y":-2.06,"x":18.31},"duration":0}],"name":"arm_r"},{"frame":[{"transform":{"y":-1.47,"x":1.39},"duration":20},{"transform":{"y":-1.47,"x":1.39},"duration":20},{"transform":{"y":-1.47,"x":1.39},"duration":0}],"name":"foot_r"},{"frame":[{"transform":{"y":-2.51,"x":30.14},"duration":20},{"transform":{"y":-2.51,"x":30.14},"duration":20},{"transform":{"y":-2.51,"x":30.14},"duration":0}],"name":"hand_l"},{"frame":[{"curve":[0.25,0,0.75,1],"transform":{"y":0.98,"x":9.46},"duration":20},{"curve":[0.25,0,0.75,1],"transform":{"y":0.98,"x":9.74},"duration":20},{"transform":{"y":0.98,"x":9.46},"duration":0}],"name":"leg_l"},{"frame":[{"transform":{"y":1.43,"x":25.27},"duration":20},{"transform":{"y":1.43,"x":25.27},"duration":20},{"transform":{"y":1.43,"x":25.27},"duration":0}],"name":"arm_l"},{"frame":[{"transform":{"y":0.49,"x":24.28},"duration":20},{"transform":{"y":0.49,"x":24.28},"duration":20},{"transform":{"y":0.49,"x":24.28},"duration":0}],"name":"foot_l"},{"frame":[{"transform":{"y":-4.08,"x":19.21},"duration":20},{"transform":{"y":-4.08,"x":19.21},"duration":20},{"transform":{"y":-4.08,"x":19.21},"duration":0}],"name":"hand_r"},{"frame":[{"transform":{"x":21.24},"duration":20},{"transform":{"x":21.24},"duration":20},{"transform":{"x":21.24},"duration":0}],"name":"leg_l1"},{"frame":[{"transform":{},"duration":40},{"transform":{},"duration":0}],"name":"leg_r1"},{"frame":[{"transform":{},"duration":40}],"name":"root"},{"frame":[{"transform":{},"duration":40}],"name":"buff_mid"},{"frame":[{"transform":{},"duration":40}],"name":"buff_flo"},{"frame":[{"transform":{},"duration":40}],"name":"buff_up"}],"slot":[],"ffd":[],"ik":[],"frame":[],"name":"0000_daiji","duration":40},{"bone":[{"frame":[{"transform":{},"duration":30},{"transform":{},"duration":0}],"name":"Fuji"},{"frame":[{"curve":[0.2245,0.11,0.6859999999999999,0.6699999999999999],"transform":{"y":5.03},"duration":3},{"curve":[0.267,0.37,0.77,1],"transform":{"y":9.52},"duration":9},{"curve":[0.071,0.23,0.75,1],"transform":{"y":9.52,"skX":2.66,"skY":2.66},"duration":3},{"curve":[0.239,0,0.614,0.4],"transform":{"y":1.75,"skX":2.66,"skY":2.66},"duration":6},{"curve":[0.414,0.28,0.847,0.69],"transform":{"y":4.88,"skX":2.66,"skY":2.66},"duration":3},{"curve":[0.25,0,0.837,0.78],"transform":{"y":4.88,"skX":-2.84,"skY":-2.84},"duration":6},{"transform":{"y":5.03},"duration":0}],"name":"bip"},{"frame":[{"tweenEasing":0,"transform":{"skX":-8.43,"skY":-8.43},"duration":3},{"tweenEasing":0,"transform":{"skX":-6.69,"skY":-6.69},"duration":6},{"tweenEasing":0,"transform":{"skX":-15.73,"skY":-15.73},"duration":6},{"tweenEasing":0,"transform":{"skX":-24.07,"skY":-24.07},"duration":15},{"transform":{"skX":-8.43,"skY":-8.43},"duration":0}],"name":"Body"},{"frame":[{"tweenEasing":0,"transform":{"skX":1.8,"skY":1.8},"duration":3},{"tweenEasing":0,"transform":{"skX":1.66,"skY":1.66},"duration":6},{"tweenEasing":0,"transform":{"skX":18.69,"skY":18.69},"duration":6},{"tweenEasing":0,"transform":{"skX":35.94,"skY":35.94},"duration":15},{"transform":{"skX":1.8,"skY":1.8},"duration":0}],"name":"spine"},{"frame":[{"tweenEasing":0,"transform":{"skX":-3.32,"skY":-3.32},"duration":6},{"tweenEasing":0,"transform":{"skX":0.16,"skY":0.16},"duration":9},{"tweenEasing":0,"transform":{"skX":6.25,"skY":6.25},"duration":15},{"transform":{"skX":-3.32,"skY":-3.32},"duration":0}],"name":"waist"},{"frame":[{"tweenEasing":0,"transform":{"skX":8.86,"skY":8.86},"duration":6},{"tweenEasing":0,"transform":{"skX":12.83,"skY":12.83},"duration":9},{"tweenEasing":0,"transform":{"skX":-0.83,"skY":-0.83},"duration":15},{"transform":{"skX":8.86,"skY":8.86},"duration":0}],"name":"Neck"},{"frame":[{"tweenEasing":0,"transform":{"skX":0.24,"skY":0.24},"duration":6},{"tweenEasing":0,"transform":{"skX":-1.22,"skY":-1.22},"duration":9},{"tweenEasing":0,"transform":{"skX":-14.82,"skY":-14.82},"duration":15},{"transform":{"skX":0.24,"skY":0.24},"duration":0}],"name":"neck_01"},{"frame":[{"tweenEasing":0,"transform":{"skX":0.29,"skY":0.29},"duration":6},{"tweenEasing":0,"transform":{"skX":-1.72,"skY":-1.72},"duration":9},{"tweenEasing":0,"transform":{"skX":10.1,"skY":10.1},"duration":15},{"transform":{"skX":0.29,"skY":0.29},"duration":0}],"name":"Head"},{"frame":[{"tweenEasing":0,"transform":{},"duration":15},{"tweenEasing":0,"transform":{"scY":0.823,"scX":0.823,"x":-6.57},"duration":15},{"transform":{},"duration":0}],"name":"mouth"},{"frame":[{"tweenEasing":0,"transform":{"skX":-3.8,"skY":-3.8},"duration":15},{"tweenEasing":0,"transform":{"skX":3.04,"skY":3.04},"duration":15},{"transform":{"skX":-3.8,"skY":-3.8},"duration":0}],"name":"Ear_R"},{"frame":[{"tweenEasing":0,"transform":{"skX":-2.53,"skY":-2.53},"duration":15},{"tweenEasing":0,"transform":{"skX":7.49,"skY":7.49},"duration":15},{"transform":{"skX":-2.53,"skY":-2.53},"duration":0}],"name":"Ear_L"},{"frame":[{"tweenEasing":0,"transform":{"skX":-32.29,"skY":-32.29},"duration":3},{"tweenEasing":0,"transform":{"skX":-20.6,"skY":-20.6},"duration":3},{"tweenEasing":0,"transform":{"skX":-6.24,"skY":-6.24,"scX":0.951},"duration":2},{"tweenEasing":0,"transform":{"skX":-6.24,"skY":-6.24,"scX":0.96},"duration":1},{"tweenEasing":0,"transform":{"skX":15.24,"skY":15.24},"duration":3},{"tweenEasing":0,"transform":{"skX":16.35,"skY":16.35},"duration":3},{"tweenEasing":0,"transform":{"skX":-5.11,"skY":-5.11},"duration":3},{"tweenEasing":0,"transform":{"skX":-26.03,"skY":-26.03},"duration":3},{"tweenEasing":0,"transform":{"skX":-39.16,"skY":-39.16},"duration":3},{"tweenEasing":0,"transform":{"skX":-48.59,"skY":-48.59},"duration":3},{"tweenEasing":0,"transform":{"skX":-54.21,"skY":-54.21},"duration":3},{"transform":{"skX":-32.29,"skY":-32.29},"duration":0}],"name":"UpArm_R"},{"frame":[{"tweenEasing":0,"transform":{"skX":2.06,"skY":2.06},"duration":3},{"tweenEasing":0,"transform":{"skX":5.46,"skY":5.46},"duration":3},{"tweenEasing":0,"transform":{"skX":0.67,"skY":0.67},"duration":3},{"tweenEasing":0,"transform":{"skX":-5.91,"skY":-5.91},"duration":3},{"tweenEasing":0,"transform":{"skX":30.21,"skY":30.21},"duration":3},{"tweenEasing":0,"transform":{"skX":52.15,"skY":52.15},"duration":3},{"tweenEasing":0,"transform":{"skX":76.39,"skY":76.39},"duration":3},{"tweenEasing":0,"transform":{"skX":62.56,"skY":62.56},"duration":3},{"tweenEasing":0,"transform":{"skX":36.91,"skY":36.91},"duration":3},{"tweenEasing":0,"transform":{"skX":28.19,"skY":28.19},"duration":3},{"transform":{"skX":2.06,"skY":2.06},"duration":0}],"name":"Arm_R"},{"frame":[{"tweenEasing":0,"transform":{"skX":22.64,"skY":22.64},"duration":3},{"tweenEasing":0,"transform":{"skX":21.74,"skY":21.74},"duration":3},{"tweenEasing":0,"transform":{"skX":4.36,"skY":4.36},"duration":3},{"tweenEasing":0,"transform":{"skX":-18.53,"skY":-18.53},"duration":3},{"tweenEasing":0,"transform":{"skX":31.84,"skY":31.84},"duration":3},{"tweenEasing":0,"transform":{"skX":44.19,"skY":44.19},"duration":3},{"tweenEasing":0,"transform":{"skX":58.93,"skY":58.93},"duration":3},{"tweenEasing":0,"transform":{"skX":50.15,"skY":50.15},"duration":3},{"tweenEasing":0,"transform":{"skX":37.71,"skY":37.71},"duration":3},{"tweenEasing":0,"transform":{"skX":30.69,"skY":30.69},"duration":3},{"transform":{"skX":22.64,"skY":22.64},"duration":0}],"name":"Hand_R"},{"frame":[{"tweenEasing":0,"transform":{"skX":-55.19,"skY":-55.19},"duration":3},{"tweenEasing":0,"transform":{"skX":-60.2,"skY":-60.2},"duration":3},{"tweenEasing":0,"transform":{"skX":-41.39,"skY":-41.39},"duration":3},{"tweenEasing":0,"transform":{"skX":-18.96,"skY":-18.96,"scX":0.963},"duration":3},{"tweenEasing":0,"transform":{"skX":-11.32,"skY":-11.32,"scX":0.94},"duration":3},{"tweenEasing":0,"transform":{"skX":-0.7,"skY":-0.7},"duration":3},{"tweenEasing":0,"transform":{"skX":17.36,"skY":17.36},"duration":3},{"tweenEasing":0,"transform":{"skX":17.04,"skY":17.04},"duration":3},{"tweenEasing":0,"transform":{"skX":-13.56,"skY":-13.56},"duration":3},{"tweenEasing":0,"transform":{"skX":-31.06,"skY":-31.06},"duration":3},{"transform":{"skX":-55.19,"skY":-55.19},"duration":0}],"name":"UpArm_L"},{"frame":[{"tweenEasing":0,"transform":{"skX":73.07,"skY":73.07},"duration":3},{"tweenEasing":0,"transform":{"skX":35.3,"skY":35.3},"duration":3},{"tweenEasing":0,"transform":{"skX":1.22,"skY":1.22},"duration":3},{"tweenEasing":0,"transform":{"skX":0.89,"skY":0.89},"duration":3},{"tweenEasing":0,"transform":{"skX":-0.93,"skY":-0.93},"duration":3},{"tweenEasing":0,"transform":{"skX":-2.88,"skY":-2.88},"duration":3},{"tweenEasing":0,"transform":{"skX":8.36,"skY":8.36},"duration":3},{"tweenEasing":0,"transform":{"skX":31.32,"skY":31.32},"duration":3},{"tweenEasing":0,"transform":{"skX":56.47,"skY":56.47},"duration":3},{"tweenEasing":0,"transform":{"skX":56.77,"skY":56.77},"duration":3},{"transform":{"skX":73.07,"skY":73.07},"duration":0}],"name":"Arm_L"},{"frame":[{"tweenEasing":0,"transform":{"skX":33.96,"skY":33.96},"duration":3},{"tweenEasing":0,"transform":{"skX":58.26,"skY":58.26},"duration":3},{"tweenEasing":0,"transform":{"skX":15.05,"skY":15.05},"duration":3},{"tweenEasing":0,"transform":{"skX":12.57,"skY":12.57},"duration":3},{"tweenEasing":0,"transform":{"skX":-1.1,"skY":-1.1},"duration":3},{"tweenEasing":0,"transform":{"skX":-14.43,"skY":-14.43},"duration":3},{"tweenEasing":0,"transform":{"skX":20.32,"skY":20.32},"duration":3},{"tweenEasing":0,"transform":{"skX":38.04,"skY":38.04},"duration":3},{"tweenEasing":0,"transform":{"skX":60.67,"skY":60.67},"duration":3},{"tweenEasing":0,"transform":{"skX":61.14,"skY":61.14},"duration":3},{"transform":{"skX":33.96,"skY":33.96},"duration":0}],"name":"Hand_L"},{"frame":[{"tweenEasing":0,"transform":{"skX":5.11,"skY":5.11},"duration":3},{"tweenEasing":0,"transform":{"skX":13.56,"skY":13.56},"duration":3},{"tweenEasing":0,"transform":{"skX":2.52,"skY":2.52},"duration":3},{"tweenEasing":0,"transform":{"skX":-6.38,"skY":-6.38},"duration":3},{"tweenEasing":0,"transform":{"skX":-14.22,"skY":-14.22},"duration":3},{"tweenEasing":0,"transform":{"skX":-21.03,"skY":-21.03},"duration":3},{"tweenEasing":0,"transform":{"skX":-24.58,"skY":-24.58},"duration":3},{"tweenEasing":0,"transform":{"skX":-25.54,"skY":-25.54},"duration":3},{"tweenEasing":0,"transform":{"skX":-14.6,"skY":-14.6},"duration":3},{"tweenEasing":0,"transform":{"skX":-0.87,"skY":-0.87},"duration":3},{"transform":{"skX":5.11,"skY":5.11},"duration":0}],"name":"Thigh_R"},{"frame":[{"tweenEasing":0,"transform":{"skX":15.95,"skY":15.95},"duration":3},{"tweenEasing":0,"transform":{"skX":18.35,"skY":18.35},"duration":3},{"tweenEasing":0,"transform":{"skX":35.35,"skY":35.35},"duration":3},{"tweenEasing":0,"transform":{"skX":35.22,"skY":35.22},"duration":3},{"tweenEasing":0,"transform":{"skX":31.16,"skY":31.16},"duration":3},{"tweenEasing":0,"transform":{"skX":23.87,"skY":23.87},"duration":3},{"tweenEasing":0,"transform":{"skX":22.16,"skY":22.16},"duration":3},{"tweenEasing":0,"transform":{"skX":17.31,"skY":17.31},"duration":3},{"tweenEasing":0,"transform":{"skX":18.61,"skY":18.61},"duration":3},{"tweenEasing":0,"transform":{"skX":19.33,"skY":19.33},"duration":3},{"transform":{"skX":15.95,"skY":15.95},"duration":0}],"name":"Fibula_R"},{"frame":[{"tweenEasing":0,"transform":{"skX":-18.24,"skY":-18.24},"duration":3},{"tweenEasing":0,"transform":{"skX":4.65,"skY":4.65},"duration":3},{"tweenEasing":0,"transform":{"skX":-13.55,"skY":-13.55},"duration":3},{"tweenEasing":0,"transform":{"skX":-28.52,"skY":-28.52},"duration":3},{"tweenEasing":0,"transform":{"skX":-46.03,"skY":-46.03},"duration":3},{"tweenEasing":0,"transform":{"skX":-65.57,"skY":-65.57},"duration":3},{"tweenEasing":0,"transform":{"skX":-68.29,"skY":-68.29},"duration":3},{"tweenEasing":0,"transform":{"skX":-48.59,"skY":-48.59},"duration":3},{"tweenEasing":0,"transform":{"skX":-46.13,"skY":-46.13},"duration":3},{"tweenEasing":0,"transform":{"skX":-47.51,"skY":-47.51},"duration":3},{"transform":{"skX":-18.24,"skY":-18.24},"duration":0}],"name":"Leg_R"},{"frame":[{"tweenEasing":0,"transform":{"skX":-6.25,"skY":-6.25},"duration":3},{"tweenEasing":0,"transform":{"skX":30.1,"skY":30.1},"duration":3},{"tweenEasing":0,"transform":{"skX":40.92,"skY":40.92},"duration":3},{"tweenEasing":0,"transform":{"skX":47.88,"skY":47.88},"duration":3},{"tweenEasing":0,"transform":{"skX":38.04,"skY":38.04},"duration":3},{"tweenEasing":0,"transform":{"skX":46.54,"skY":46.54},"duration":3},{"tweenEasing":0,"transform":{"skX":31.37,"skY":31.37},"duration":3},{"tweenEasing":0,"transform":{"skX":19.1,"skY":19.1},"duration":3},{"tweenEasing":0,"transform":{"skX":39.12,"skY":39.12},"duration":3},{"tweenEasing":0,"transform":{"skX":27.89,"skY":27.89},"duration":3},{"transform":{"skX":-6.25,"skY":-6.25},"duration":0}],"name":"Foot_R"},{"frame":[{"tweenEasing":0,"transform":{"skX":-2.51,"skY":-2.51},"duration":3},{"tweenEasing":0,"transform":{"skX":12.28,"skY":12.28},"duration":3},{"tweenEasing":0,"transform":{"skX":17.04,"skY":17.04},"duration":3},{"tweenEasing":0,"transform":{"skX":2.93,"skY":2.93},"duration":3},{"tweenEasing":0,"transform":{"skX":-15.92,"skY":-15.92},"duration":3},{"tweenEasing":0,"transform":{"skX":-23.2,"skY":-23.2},"duration":3},{"tweenEasing":0,"transform":{"skX":-27.35,"skY":-27.35},"duration":3},{"tweenEasing":0,"transform":{"skX":-29.83,"skY":-29.83},"duration":3},{"tweenEasing":0,"transform":{"skX":-19.43,"skY":-19.43},"duration":3},{"tweenEasing":0,"transform":{"skX":-18.1,"skY":-18.1},"duration":3},{"transform":{"skX":-2.51,"skY":-2.51},"duration":0}],"name":"Thigh_L"},{"frame":[{"tweenEasing":0,"transform":{"skX":-1.52,"skY":-1.52},"duration":1},{"tweenEasing":0,"transform":{"skX":12.56,"skY":12.56},"duration":1},{"tweenEasing":0,"transform":{"skX":15.13,"skY":15.13},"duration":1},{"tweenEasing":0,"transform":{"skX":6.3,"skY":6.3},"duration":3},{"tweenEasing":0,"transform":{"skX":27.9,"skY":27.9},"duration":3},{"tweenEasing":0,"transform":{"skX":36.87,"skY":36.87},"duration":3},{"tweenEasing":0,"transform":{"skX":30.9,"skY":30.9},"duration":3},{"tweenEasing":0,"transform":{"skX":25.98,"skY":25.98},"duration":3},{"tweenEasing":0,"transform":{"skX":22.31,"skY":22.31},"duration":3},{"tweenEasing":0,"transform":{"skX":32.34,"skY":32.34},"duration":3},{"tweenEasing":0,"transform":{"skX":16.2,"skY":16.2},"duration":3},{"tweenEasing":0,"transform":{"skX":10.53,"skY":10.53},"duration":3},{"transform":{"skX":-1.52,"skY":-1.52},"duration":0}],"name":"Fibula_L"},{"frame":[{"tweenEasing":0,"transform":{"skX":-53.4,"skY":-53.4},"duration":1},{"tweenEasing":0,"transform":{"skX":-55.75,"skY":-55.75},"duration":1},{"tweenEasing":0,"transform":{"skX":-40.18,"skY":-40.18},"duration":1},{"tweenEasing":0,"transform":{"skX":-12.07,"skY":-12.07},"duration":3},{"tweenEasing":0,"transform":{"skX":-15.13,"skY":-15.13},"duration":3},{"tweenEasing":0,"transform":{"skX":-18.8,"skY":-18.8},"duration":3},{"tweenEasing":0,"transform":{"skX":-29.79,"skY":-29.79},"duration":3},{"tweenEasing":0,"transform":{"skX":-48.14,"skY":-48.14},"duration":3},{"tweenEasing":0,"transform":{"skX":-61.71,"skY":-61.71},"duration":3},{"tweenEasing":0,"transform":{"skX":-62.99,"skY":-62.99},"duration":3},{"tweenEasing":0,"transform":{"skX":-69.29,"skY":-69.29},"duration":3},{"tweenEasing":0,"transform":{"skX":-44.45,"skY":-44.45},"duration":3},{"transform":{"skX":-53.4,"skY":-53.4},"duration":0}],"name":"Leg_L"},{"frame":[{"tweenEasing":0,"transform":{"skX":55.81,"skY":55.81},"duration":1},{"tweenEasing":0,"transform":{"skX":36.63,"skY":36.63},"duration":1},{"tweenEasing":0,"transform":{"skX":14.14,"skY":14.14},"duration":1},{"tweenEasing":0,"transform":{"skX":-8.98,"skY":-8.98},"duration":3},{"tweenEasing":0,"transform":{"skX":16.45,"skY":16.45},"duration":3},{"tweenEasing":0,"transform":{"skX":45.28,"skY":45.28},"duration":3},{"tweenEasing":0,"transform":{"skX":51.42,"skY":51.42},"duration":3},{"tweenEasing":0,"transform":{"skX":38.68,"skY":38.68},"duration":3},{"tweenEasing":0,"transform":{"skX":36.41,"skY":36.41},"duration":3},{"tweenEasing":0,"transform":{"skX":41.47,"skY":41.47},"duration":3},{"tweenEasing":0,"transform":{"skX":44.59,"skY":44.59},"duration":3},{"tweenEasing":0,"transform":{"skX":51.25,"skY":51.25},"duration":3},{"transform":{"skX":55.81,"skY":55.81},"duration":0}],"name":"Foot_L"},{"frame":[{"curve":[0.25,0,0.75,1],"transform":{"skX":314.3,"skY":314.3},"duration":15},{"curve":[0.25,0,0.75,1],"transform":{"skX":-12.79,"skY":-12.79},"duration":15},{"transform":{"skX":314.3,"skY":314.3},"duration":0}],"name":"Tail"},{"frame":[{"curve":[0.374,0.61,0.715,1],"transform":{"skX":-5.79,"skY":-5.79},"duration":3},{"curve":[0.25,0,0.75,1],"transform":{"skX":-10.57,"skY":-10.57},"duration":15},{"curve":[0.242,0,0.679,0.71],"transform":{"skX":26.11,"skY":26.11},"duration":12},{"transform":{"skX":-5.79,"skY":-5.79},"duration":0}],"name":"Tail_01"},{"frame":[{"curve":[0.381,0.54,0.742,1],"transform":{"skX":6.11,"skY":6.11},"duration":6},{"curve":[0.25,0,0.75,1],"transform":{"skX":-9.52,"skY":-9.52},"duration":15},{"curve":[0.245,0,0.637,0.55],"transform":{"skX":33,"skY":33},"duration":9},{"transform":{"skX":6.11,"skY":6.11},"duration":0}],"name":"Tail_02"},{"frame":[{"transform":{},"duration":30},{"transform":{},"duration":0}],"name":"leg_r"},{"frame":[{"transform":{},"duration":30},{"transform":{},"duration":0}],"name":"arm_r"},{"frame":[{"transform":{},"duration":30},{"transform":{},"duration":0}],"name":"foot_r"},{"frame":[{"transform":{},"duration":30},{"transform":{},"duration":0}],"name":"hand_l"},{"frame":[{"transform":{},"duration":30},{"transform":{},"duration":0}],"name":"leg_l"},{"frame":[{"transform":{},"duration":30},{"transform":{},"duration":0}],"name":"arm_l"},{"frame":[{"transform":{},"duration":30},{"transform":{},"duration":0}],"name":"foot_l"},{"frame":[{"transform":{},"duration":30},{"transform":{},"duration":0}],"name":"hand_r"},{"frame":[{"transform":{},"duration":30}],"name":"root"},{"frame":[{"transform":{},"duration":30}],"name":"leg_l1"},{"frame":[{"transform":{},"duration":30}],"name":"leg_r1"},{"frame":[{"transform":{},"duration":30}],"name":"buff_mid"},{"frame":[{"transform":{},"duration":30}],"name":"buff_flo"},{"frame":[{"transform":{},"duration":30}],"name":"buff_up"}],"slot":[],"ffd":[],"ik":[{"frame":[{"bendPositive":true,"tweenEasing":null,"weight":0,"duration":30}],"offset":0,"name":"leg_r","scale":1},{"frame":[{"bendPositive":true,"tweenEasing":null,"weight":0,"duration":30}],"offset":0,"name":"leg_l","scale":1},{"frame":[{"bendPositive":false,"tweenEasing":null,"weight":0,"duration":30}],"offset":0,"name":"Leg_l1","scale":1},{"frame":[{"bendPositive":false,"tweenEasing":null,"weight":0,"duration":30}],"offset":0,"name":"leg_r1","scale":1},{"frame":[{"bendPositive":false,"tweenEasing":null,"weight":0,"duration":30}],"offset":0,"name":"foot_l","scale":1},{"frame":[{"bendPositive":false,"tweenEasing":null,"weight":0,"duration":30}],"offset":0,"name":"foot_r","scale":1},{"frame":[{"bendPositive":true,"tweenEasing":null,"weight":0,"duration":30}],"offset":0,"name":"arm_r","scale":1},{"frame":[{"bendPositive":true,"tweenEasing":null,"weight":0,"duration":30}],"offset":0,"name":"arm_l","scale":1},{"frame":[{"bendPositive":false,"tweenEasing":null,"weight":0,"duration":30}],"offset":0,"name":"hand_r","scale":1},{"frame":[{"bendPositive":false,"tweenEasing":null,"weight":0,"duration":30}],"offset":0,"name":"hand_l","scale":1}],"frame":[],"name":"0001_yidong","duration":30},{"bone":[{"frame":[{"transform":{},"duration":30},{"transform":{},"duration":0}],"name":"Fuji"},{"frame":[{"curve":[0.25,0,0.75,1],"transform":{},"duration":6},{"tweenEasing":0,"transform":{"y":10.34,"skX":-5.89,"skY":-5.89,"x":-34.64},"duration":3},{"tweenEasing":0,"transform":{"y":13.15,"skX":-5.89,"skY":-5.89,"x":-10.32},"duration":1},{"tweenEasing":0,"transform":{"y":20.52,"skX":0.97,"skY":0.97,"x":-2.45},"duration":12},{"tweenEasing":0,"transform":{"y":18.45,"skX":-0.76,"skY":-0.76,"x":-2.15},"duration":8},{"transform":{},"duration":0}],"name":"bip"},{"frame":[{"curve":[0.25,0,0.75,1],"transform":{"skX":3.07,"skY":3.07},"duration":6},{"tweenEasing":0,"transform":{"skX":-43.76,"skY":-43.76},"duration":4},{"tweenEasing":0,"transform":{"skX":-10.72,"skY":-10.72},"duration":12},{"tweenEasing":0,"transform":{"skX":-12.2,"skY":-12.2},"duration":8},{"transform":{"skX":3.07,"skY":3.07},"duration":0}],"name":"Body"},{"frame":[{"curve":[0.25,0,0.75,1],"transform":{"skX":-0.22,"skY":-0.22},"duration":6},{"tweenEasing":0,"transform":{"skX":-0.01,"skY":-0.01},"duration":4},{"tweenEasing":0,"transform":{"skX":31.74,"skY":31.74},"duration":12},{"tweenEasing":0,"transform":{"skX":34.23,"skY":34.23},"duration":8},{"transform":{"skX":-0.22,"skY":-0.22},"duration":0}],"name":"spine"},{"frame":[{"curve":[0.25,0,0.75,1],"transform":{"skX":3.08,"skY":3.08},"duration":6},{"tweenEasing":0,"transform":{"skX":-32.12,"skY":-32.12},"duration":4},{"tweenEasing":0,"transform":{"skX":-12.14,"skY":-12.14},"duration":12},{"tweenEasing":0,"transform":{"skX":-11.49,"skY":-11.49},"duration":8},{"transform":{"skX":3.08,"skY":3.08},"duration":0}],"name":"waist"},{"frame":[{"curve":[0.25,0,0.75,1],"transform":{"skX":-2.27,"skY":-2.27},"duration":6},{"tweenEasing":0,"transform":{"skX":25.72,"skY":25.72},"duration":4},{"tweenEasing":0,"transform":{"skX":4.3,"skY":4.3},"duration":12},{"tweenEasing":0,"transform":{"skX":3.94,"skY":3.94},"duration":8},{"transform":{"skX":-2.27,"skY":-2.27},"duration":0}],"name":"Neck"},{"frame":[{"curve":[0.25,0,0.75,1],"transform":{"skX":-2.31,"skY":-2.31},"duration":6},{"tweenEasing":0,"transform":{"skX":14.11,"skY":14.11},"duration":4},{"tweenEasing":0,"transform":{"skX":12.57,"skY":12.57},"duration":12},{"tweenEasing":0,"transform":{"skX":22.56,"skY":22.56},"duration":8},{"transform":{"skX":-2.31,"skY":-2.31},"duration":0}],"name":"neck_01"},{"frame":[{"curve":[0.25,0,0.75,1],"transform":{"skX":-0.91,"skY":-0.91},"duration":6},{"tweenEasing":0,"transform":{"skX":8.15,"skY":8.15},"duration":4},{"tweenEasing":0,"transform":{"skX":-37.59,"skY":-37.59},"duration":12},{"tweenEasing":0,"transform":{"skX":-40.49,"skY":-40.49},"duration":8},{"transform":{"skX":-0.91,"skY":-0.91},"duration":0}],"name":"Head"},{"frame":[{"curve":[0.25,0,0.75,1],"transform":{},"duration":6},{"curve":[0.259,0.75,0.75,1],"transform":{"scY":0.447,"scX":0.447,"x":-11.31},"duration":4},{"curve":[0.327,0.31,0.662,0.65],"transform":{"scY":1.485,"scX":1.485,"x":-1.62},"duration":4},{"curve":[0.332,0.32,0.666,0.66],"transform":{"scY":0.79,"scX":0.79,"x":-10.36},"duration":2},{"curve":[0.334,0.33,0.669,0.67],"transform":{"scY":1.115,"scX":1.115,"x":-1.01},"duration":3},{"curve":[0.337,0.34,0.671,0.68],"transform":{"scY":0.574,"scX":0.574,"x":-11.68},"duration":3},{"curve":[0.35850000000000004,0.455,0.7015,0.835],"transform":{"scY":1.156,"scX":1.156,"x":-2.92},"duration":3},{"curve":[0.337,0.34,0.67,0.68],"transform":{"scY":0.903,"scX":0.903,"x":-2.92},"duration":5},{"transform":{},"duration":0}],"name":"mouth"},{"frame":[{"transform":{"skX":-3.8,"skY":-3.8},"duration":30},{"transform":{"skX":-3.8,"skY":-3.8},"duration":0}],"name":"Ear_R"},{"frame":[{"transform":{"skX":-2.53,"skY":-2.53},"duration":30},{"transform":{"skX":-2.53,"skY":-2.53},"duration":0}],"name":"Ear_L"},{"frame":[{"transform":{"y":-2.12,"scX":0.945,"x":-0.12},"duration":30},{"transform":{"y":-2.12,"scX":0.945,"x":-0.12},"duration":0}],"name":"UpArm_R"},{"frame":[{"transform":{"scX":1.039},"duration":30},{"transform":{"scX":1.039},"duration":0}],"name":"Arm_R"},{"frame":[{"transform":{},"duration":30},{"transform":{},"duration":0}],"name":"Hand_R"},{"frame":[{"transform":{},"duration":30},{"transform":{},"duration":0}],"name":"UpArm_L"},{"frame":[{"transform":{},"duration":30},{"transform":{},"duration":0}],"name":"Arm_L"},{"frame":[{"transform":{},"duration":30},{"transform":{},"duration":0}],"name":"Hand_L"},{"frame":[{"transform":{},"duration":30},{"transform":{},"duration":0}],"name":"Thigh_R"},{"frame":[{"transform":{},"duration":30},{"transform":{},"duration":0}],"name":"Fibula_R"},{"frame":[{"transform":{},"duration":30},{"transform":{},"duration":0}],"name":"Leg_R"},{"frame":[{"transform":{},"duration":30},{"transform":{},"duration":0}],"name":"Foot_R"},{"frame":[{"curve":[0.25,0,0.625,0.5],"transform":{"y":1.02,"x":-7.09},"duration":6},{"curve":[0.319,0.26,0.653,0.59],"transform":{"y":0.17,"x":-5.88},"duration":4},{"curve":[0.307,0.24,0.647,0.59],"transform":{"y":8.09,"x":-9.98},"duration":12},{"curve":[0.328,0.31,0.664,0.65],"transform":{"y":7.14,"x":-8.4},"duration":8},{"transform":{"y":1.02,"x":-7.09},"duration":0}],"name":"Thigh_L"},{"frame":[{"transform":{},"duration":30},{"transform":{},"duration":0}],"name":"Fibula_L"},{"frame":[{"transform":{},"duration":30},{"transform":{},"duration":0}],"name":"Leg_L"},{"frame":[{"transform":{},"duration":30},{"transform":{},"duration":0}],"name":"Foot_L"},{"frame":[{"transform":{"skX":-37.06,"skY":-37.06},"duration":30},{"transform":{"skX":-37.06,"skY":-37.06},"duration":0}],"name":"Tail"},{"frame":[{"transform":{"skX":3.29,"skY":3.29},"duration":30},{"transform":{"skX":3.29,"skY":3.29},"duration":0}],"name":"Tail_01"},{"frame":[{"transform":{"skX":7.85,"skY":7.85},"duration":30},{"transform":{"skX":7.85,"skY":7.85},"duration":0}],"name":"Tail_02"},{"frame":[{"curve":[0.25,0,0.75,1],"transform":{"y":1.43,"x":25.27},"duration":6},{"tweenEasing":0,"transform":{"y":-163.28,"x":-18.05},"duration":4},{"transform":{"y":3.44,"x":60.79},"duration":12},{"curve":[0.25,0,0.75,1],"transform":{"y":3.44,"x":60.79},"duration":8},{"transform":{"y":1.43,"x":25.27},"duration":0}],"name":"arm_l"},{"frame":[{"curve":[0.25,0,0.75,1],"transform":{"y":-2.06,"x":18.31},"duration":6},{"tweenEasing":0,"transform":{"y":-132.76,"x":-5.21},"duration":3},{"tweenEasing":0,"transform":{"y":-28.39,"x":14.97},"duration":1},{"transform":{"y":-0.86,"x":70.39},"duration":12},{"curve":[0.25,0,0.75,1],"transform":{"y":-0.86,"x":70.39},"duration":8},{"transform":{"y":-2.06,"x":18.31},"duration":0}],"name":"arm_r"},{"frame":[{"curve":[0.25,0,0.75,1],"transform":{"y":0.49,"x":24.28},"duration":6},{"tweenEasing":0,"transform":{"y":-1.7,"x":22.87},"duration":4},{"transform":{"y":-0.65,"x":40.86},"duration":12},{"curve":[0.25,0,0.75,1],"transform":{"y":-0.65,"x":40.86},"duration":8},{"transform":{"y":0.49,"x":24.28},"duration":0}],"name":"foot_l"},{"frame":[{"curve":[0.25,0,0.75,1],"transform":{"y":-1.47,"x":1.39},"duration":6},{"tweenEasing":0,"transform":{"y":-2.61,"x":-3.11},"duration":4},{"transform":{"y":-2.8,"x":-1.47},"duration":12},{"curve":[0.25,0,0.75,1],"transform":{"y":-2.8,"x":-1.47},"duration":8},{"transform":{"y":-1.47,"x":1.39},"duration":0}],"name":"foot_r"},{"frame":[{"curve":[0.25,0,0.75,1],"transform":{"y":-2.51,"x":30.14},"duration":6},{"tweenEasing":0,"transform":{"y":-159.27,"x":-21.78},"duration":4},{"transform":{"y":-5.14,"x":67.12},"duration":12},{"curve":[0.25,0,0.75,1],"transform":{"y":-5.14,"x":67.12},"duration":8},{"transform":{"y":-2.51,"x":30.14},"duration":0}],"name":"hand_l"},{"frame":[{"curve":[0.25,0,0.75,1],"transform":{"y":-4.08,"x":19.21},"duration":6},{"tweenEasing":0,"transform":{"y":-134.14,"x":-14.52},"duration":3},{"tweenEasing":0,"transform":{"y":-28.07,"x":15.92},"duration":1},{"transform":{"y":-0.86,"x":70.84},"duration":12},{"curve":[0.25,0,0.75,1],"transform":{"y":-0.86,"x":70.84},"duration":8},{"transform":{"y":-4.08,"x":19.21},"duration":0}],"name":"hand_r"},{"frame":[{"curve":[0.25,0,0.75,1],"transform":{"y":0.98,"x":9.46},"duration":6},{"tweenEasing":0,"transform":{"y":3.32,"x":2.47},"duration":3},{"tweenEasing":0,"transform":{"y":3.2,"x":14.74},"duration":1},{"curve":[0.25,0,0.75,1],"transform":{"y":2.69,"x":25.91},"duration":12},{"curve":[0.25,0,0.75,1],"transform":{"y":2.69,"x":25.97},"duration":8},{"transform":{"y":0.98,"x":9.46},"duration":0}],"name":"leg_l"},{"frame":[{"curve":[0.25,0,0.75,1],"transform":{"y":-0.49,"x":-0.92},"duration":6},{"tweenEasing":0,"transform":{"y":2.03,"x":-23.95},"duration":3},{"tweenEasing":0,"transform":{"y":1.83,"x":-20.25},"duration":1},{"transform":{"y":1.99,"x":-14.01},"duration":12},{"curve":[0.25,0,0.75,1],"transform":{"y":1.99,"x":-14.01},"duration":8},{"transform":{"y":-0.49,"x":-0.92},"duration":0}],"name":"leg_r"},{"frame":[{"tweenEasing":0,"transform":{},"duration":6},{"tweenEasing":0,"transform":{"y":0.96,"x":-5.87},"duration":4},{"transform":{"y":0.96,"x":-3.14},"duration":12},{"tweenEasing":0,"transform":{"y":0.96,"x":-3.14},"duration":8},{"transform":{},"duration":0}],"name":"leg_r1"},{"frame":[{"tweenEasing":0,"transform":{"x":21.24},"duration":6},{"tweenEasing":0,"transform":{"y":-1.7,"x":19.08},"duration":3},{"tweenEasing":0,"transform":{"y":3.78,"x":33.94},"duration":1},{"transform":{"y":5.61,"x":39.54},"duration":12},{"tweenEasing":0,"transform":{"y":5.61,"x":39.54},"duration":8},{"transform":{"x":21.24},"duration":0}],"name":"leg_l1"},{"frame":[{"transform":{},"duration":30}],"name":"root"},{"frame":[{"transform":{},"duration":30}],"name":"buff_mid"},{"frame":[{"transform":{},"duration":30}],"name":"buff_flo"},{"frame":[{"transform":{},"duration":30}],"name":"buff_up"}],"slot":[],"ffd":[],"ik":[],"frame":[],"name":"0002_shifa","duration":30},{"bone":[{"frame":[{"curve":[0.25,0,0.75,1],"transform":{},"duration":20},{"curve":[0.25,0,0.75,1],"transform":{"x":-3},"duration":20},{"transform":{},"duration":0}],"name":"Fuji"},{"frame":[{"curve":[0.25,0,0.75,1],"transform":{},"duration":20},{"curve":[0.25,0,0.75,1],"transform":{"y":1.46,"skX":-2,"skY":-2},"duration":20},{"transform":{},"duration":0}],"name":"bip"},{"frame":[{"curve":[0.25,0,0.75,1],"transform":{"skX":-0.05,"skY":-0.05},"duration":20},{"curve":[0.25,0,0.75,1],"transform":{"skX":2.14,"skY":2.14,"scX":0.992},"duration":20},{"transform":{"skX":-0.05,"skY":-0.05},"duration":0}],"name":"Body"},{"frame":[{"curve":[0.25,0,0.75,1],"transform":{"skX":-0.22,"skY":-0.22},"duration":20},{"curve":[0.25,0,0.75,1],"transform":{"skX":-0.75,"skY":-0.75},"duration":20},{"transform":{"skX":-0.22,"skY":-0.22},"duration":0}],"name":"spine"},{"frame":[{"curve":[0.25,0,0.75,1],"transform":{"skX":3.08,"skY":3.08},"duration":20},{"curve":[0.25,0,0.75,1],"transform":{"skX":7.1,"skY":7.1},"duration":20},{"transform":{"skX":3.08,"skY":3.08},"duration":0}],"name":"waist"},{"frame":[{"curve":[0.25,0,0.75,1],"transform":{"skX":-2.27,"skY":-2.27},"duration":20},{"curve":[0.25,0,0.75,1],"transform":{"skX":-4.3,"skY":-4.3},"duration":20},{"transform":{"skX":-2.27,"skY":-2.27},"duration":0}],"name":"Neck"},{"frame":[{"curve":[0.25,0,0.75,1],"transform":{"skX":-2.31,"skY":-2.31},"duration":20},{"curve":[0.25,0,0.75,1],"transform":{"skX":-5.6,"skY":-5.6},"duration":20},{"transform":{"skX":-2.31,"skY":-2.31},"duration":0}],"name":"neck_01"},{"frame":[{"curve":[0.25,0,0.75,1],"transform":{"skX":-0.91,"skY":-0.91},"duration":20},{"curve":[0.25,0,0.75,1],"transform":{"skX":4.53,"skY":4.53},"duration":20},{"transform":{"skX":-0.91,"skY":-0.91},"duration":0}],"name":"Head"},{"frame":[{"curve":[0.25,0,0.75,1],"transform":{},"duration":20},{"curve":[0.25,0,0.75,1],"transform":{"scY":0.749,"scX":0.749},"duration":20},{"transform":{},"duration":0}],"name":"mouth"},{"frame":[{"curve":[0.25,0,0.75,1],"transform":{"skX":-3.8,"skY":-3.8},"duration":20},{"curve":[0.25,0,0.75,1],"transform":{"skX":3.96,"skY":3.96},"duration":20},{"transform":{"skX":-3.8,"skY":-3.8},"duration":0}],"name":"Ear_R"},{"frame":[{"curve":[0.25,0,0.75,1],"transform":{"skX":-2.53,"skY":-2.53},"duration":20},{"curve":[0.25,0,0.75,1],"transform":{"skX":2.96,"skY":2.96},"duration":20},{"transform":{"skX":-2.53,"skY":-2.53},"duration":0}],"name":"Ear_L"},{"frame":[{"transform":{"y":-2.12,"x":-0.12},"duration":20},{"transform":{"y":-2.12,"x":-0.12},"duration":20},{"transform":{"y":-2.12,"x":-0.12},"duration":0}],"name":"UpArm_R"},{"frame":[{"transform":{},"duration":20},{"transform":{},"duration":20},{"transform":{},"duration":0}],"name":"Arm_R"},{"frame":[{"transform":{},"duration":20},{"transform":{},"duration":20},{"transform":{},"duration":0}],"name":"Hand_R"},{"frame":[{"transform":{},"duration":20},{"transform":{},"duration":20},{"transform":{},"duration":0}],"name":"UpArm_L"},{"frame":[{"transform":{},"duration":20},{"transform":{},"duration":20},{"transform":{},"duration":0}],"name":"Arm_L"},{"frame":[{"transform":{},"duration":20},{"transform":{},"duration":20},{"transform":{},"duration":0}],"name":"Hand_L"},{"frame":[{"transform":{},"duration":20},{"transform":{},"duration":20},{"transform":{},"duration":0}],"name":"Thigh_R"},{"frame":[{"transform":{},"duration":20},{"transform":{},"duration":20},{"transform":{},"duration":0}],"name":"Fibula_R"},{"frame":[{"transform":{},"duration":20},{"transform":{},"duration":20},{"transform":{},"duration":0}],"name":"Leg_R"},{"frame":[{"transform":{},"duration":20},{"transform":{},"duration":20},{"transform":{},"duration":0}],"name":"Foot_R"},{"frame":[{"curve":[0.25,0,0.625,0.5],"transform":{"y":1.02,"x":-7.09},"duration":20},{"curve":[0.375,0.5,0.75,1],"transform":{"y":3.4,"x":-8.84},"duration":20},{"transform":{"y":1.02,"x":-7.09},"duration":0}],"name":"Thigh_L"},{"frame":[{"transform":{},"duration":20},{"transform":{},"duration":20},{"transform":{},"duration":0}],"name":"Fibula_L"},{"frame":[{"transform":{},"duration":20},{"transform":{},"duration":20},{"transform":{},"duration":0}],"name":"Leg_L"},{"frame":[{"transform":{},"duration":20},{"transform":{},"duration":20},{"transform":{},"duration":0}],"name":"Foot_L"},{"frame":[{"curve":[0.25,0,0.75,1],"transform":{"skX":-37.06,"skY":-37.06},"duration":20},{"curve":[0.25,0,0.75,1],"transform":{"skX":317.14,"skY":317.14},"duration":20},{"transform":{"skX":-37.06,"skY":-37.06},"duration":0}],"name":"Tail"},{"frame":[{"curve":[0.25,0,0.75,1],"transform":{"skX":3.29,"skY":3.29},"duration":20},{"curve":[0.25,0,0.75,1],"transform":{"skX":-10.79,"skY":-10.79},"duration":20},{"transform":{"skX":3.29,"skY":3.29},"duration":0}],"name":"Tail_01"},{"frame":[{"curve":[0.25,0,0.75,1],"transform":{"skX":7.85,"skY":7.85},"duration":20},{"curve":[0.25,0,0.75,1],"transform":{"skX":-13.55,"skY":-13.55},"duration":20},{"transform":{"skX":7.85,"skY":7.85},"duration":0}],"name":"Tail_02"},{"frame":[{"transform":{},"duration":40}],"name":"leg_r1"},{"frame":[{"transform":{},"duration":40}],"name":"leg_r"},{"frame":[{"transform":{},"duration":40}],"name":"leg_l1"},{"frame":[{"transform":{},"duration":40}],"name":"leg_l"},{"frame":[{"transform":{},"duration":40}],"name":"hand_r"},{"frame":[{"transform":{},"duration":40}],"name":"hand_l"},{"frame":[{"transform":{},"duration":40}],"name":"foot_r"},{"frame":[{"transform":{},"duration":40}],"name":"foot_l"},{"frame":[{"transform":{},"duration":40}],"name":"arm_r"},{"frame":[{"transform":{},"duration":40}],"name":"arm_l"},{"frame":[{"transform":{},"duration":40}],"name":"root"},{"frame":[{"transform":{},"duration":40}],"name":"buff_mid"},{"frame":[{"transform":{},"duration":40}],"name":"buff_flo"},{"frame":[{"transform":{},"duration":40}],"name":"buff_up"}],"slot":[],"ffd":[],"ik":[],"frame":[],"name":"0003_shiluo","duration":40}],"skin":[{"slot":[{"display":[{"path":"buff_mid","type":"image","name":"buff_mid","transform":{"y":-1.16,"x":1.16}}],"name":"buff_mid"},{"display":[{"path":"buff_up","type":"image","name":"buff_up","transform":{"y":-0.58,"x":0.58}}],"name":"buff_up"},{"display":[{"path":"Thigh_L","type":"image","name":"Thigh_L","transform":{"y":-1.61,"skX":-100.04,"skY":-100.04,"x":17.64}}],"name":"Thigh_L"},{"display":[{"path":"Leg_R","type":"image","name":"Leg_R","transform":{"y":8.96,"skX":-96.44,"skY":-96.44,"x":24.2}}],"name":"Leg_R"},{"display":[{"path":"Fibula_R","type":"image","name":"Fibula_R","transform":{"y":-3.24,"skX":-123.05,"skY":-123.05,"x":17.07}}],"name":"Fibula_R"},{"display":[{"path":"buff_flo","type":"image","name":"buff_flo","transform":{"y":-1.74,"x":1.16}}],"name":"buff_flo"},{"display":[{"path":"Hand_R","type":"image","name":"Hand_R","transform":{"y":-2.97,"skX":-90,"skY":-90,"x":5.36}}],"name":"Hand_R"},{"display":[{"path":"Arm_R","type":"image","name":"Arm_R","transform":{"y":8.96,"skX":-93.04,"skY":-93.04,"x":24.91}}],"name":"Arm_R"},{"display":[{"uvs":[0.03857,0,-0.00595,0.14764,-0.00595,0.44775,0.21941,0.86328,0.4556,1,0.77851,1,1.00595,0.78414,1.00595,0.34551,0.87077,0,0.67702,0,0.58845,0.0685,0.39101,0.08499,0.24893,0,0.33391,0.44651,0.62167,0.50472,0.55339,0.8336,0.59952,0.24988,0.36887,0.23339,0.27107,0.69839,0.8343,0.33806,0.83017,0.73137],"vertices":[-70.26,-153.24,-75.93,-140.03,-73.63,-114.37,-36.02,-81.94,1.1,-73.5,50.42,-77.92,83.52,-99.47,80.16,-136.96,56.87,-164.65,27.26,-162,14.26,-154.93,-15.78,-150.82,-38.13,-156.14,-21.73,-119.13,22.68,-118.1,14.77,-89.06,17.34,-139.58,-18.02,-137.83,-29.38,-96.75,53.89,-135.25,56.26,-101.58],"edges":[1,2,2,3,3,4,4,5,5,6,6,7,7,8,8,9,9,10,10,11,11,12,12,0,0,1],"path":"Body","bonePose":[16,0.840545404884075,0.3564441363359291,-0.3564441363359291,0.840545404884075,-56.94381,-133.10627,25,0.8013695101190658,-0.4374653223417013,0.4374653223417013,0.8013695101190658,20.64666030790934,-115.8846142170964,20,0.9114952374306792,0.052396871482848495,-0.052396871482848495,0.9114952374306792,-21.95243533988197,-118.4065636091992],"triangles":[20,5,6,8,19,7,20,6,7,19,20,7,14,20,19,9,19,8,15,5,20,9,16,19,16,14,19,14,15,20,15,4,5,10,16,9,17,13,16,16,13,14,13,15,14,10,11,16,11,17,16,18,4,15,13,18,15,18,3,4,12,17,11,12,13,17,1,2,12,2,18,13,12,2,13,0,1,12,2,3,18],"type":"mesh","transform":{},"slotPose":[1,0,0,1,0,0],"userEdges":[],"width":168,"height":92,"name":"Body","weights":[1,16,1,1,16,1,1,16,0.99999,3,16,0.48087,20,0.5183,25,0.00081,3,16,0.0234,20,0.76227,25,0.21431,2,20,0.10882,25,0.89117,2,20,0.00205,25,0.99794,1,25,1,1,25,1,3,16,0.0115,20,0.92039,25,0.0681,3,16,0.07227,20,0.86918,25,0.05854,2,16,0.54281,20,0.45717,2,16,0.95015,20,0.04984,2,16,0.5,20,0.5,2,20,0.5,25,0.5,3,16,0.00336,20,0.67119,25,0.32543,3,16,0.02333,20,0.71228,25,0.26437,2,16,0.66437,20,0.33562,3,16,0.41835,20,0.58022,25,0.00141,1,25,1,2,20,0.01904,25,0.98095]}],"name":"Body"},{"display":[{"path":"Leg_L","type":"image","name":"Leg_L","transform":{"y":7.79,"skX":-103.12,"skY":-103.12,"x":23.79}}],"name":"Leg_L"},{"display":[{"uvs":[0.29676,-0.01538,-0.008,0.08056,-0.008,0.3661,0.17984,0.81225,0.43225,1.01538,0.64198,1.01538,0.83315,0.88721,1.008,0.96217,1.008,0.77299,0.86841,0.66591,0.72921,0.29115,0.5566,0.03773,0.29862,0.36254,0.49536,0.47675,0.6958,0.64093,0.85542,0.78013],"vertices":[-149.02,-185.52,-183.8,-179.81,-183.79,-162.87,-162.33,-136.4,-133.51,-124.37,-109.57,-124.4,-87.76,-132.03,-67.81,-127.61,-67.83,-138.82,-83.75,-145.15,-99.67,-167.38,-119.37,-182.4,-148.8,-163.1,-126.34,-156.35,-103.45,-146.61,-85.22,-138.39],"edges":[1,2,2,3,3,4,4,5,5,6,6,7,7,8,8,9,9,10,10,11,11,0,0,1],"path":"Tail","bonePose":[19,-0.8843164261104403,-0.22705386698151245,0.22705386698151245,-0.8843164261104403,-70.79402,-136.18308,23,-0.847114499809714,-0.34053784549171356,0.34053784549171356,-0.847114499809714,-113.42715389320249,-147.0917037314645,26,-0.8270544942627608,-0.3867167742932406,0.3867167742932406,-0.8270544942627608,-147.133839840631,-160.64170460357977],"triangles":[15,6,7,15,7,8,9,15,8,14,15,9,10,14,9,14,6,15,14,5,6,13,14,10,11,13,10,13,4,5,13,5,14,12,13,11,0,12,11,12,3,4,12,4,13,2,3,12,1,2,12,1,12,0],"type":"mesh","transform":{},"slotPose":[1,0,0,1,0,0],"userEdges":[],"width":125,"height":65,"name":"Tail","weights":[3,19,0.00145,23,0.17796,26,0.82057,1,26,1,2,23,0.00366,26,0.99634,2,23,0.56905,26,0.43094,3,19,0.12936,23,0.85793,26,0.0127,2,19,0.81781,23,0.18218,1,19,1,1,19,1,1,19,1,3,19,0.99257,23,0.00738,26,0.00003,2,19,0.63217,23,0.36782,3,19,0.14541,23,0.81862,26,0.03595,2,23,0.5,26,0.5,1,23,1,1,19,1,1,19,1]}],"name":"Tail"},{"display":[{"path":"Fibula_L","type":"image","name":"Fibula_L","transform":{"y":-4.48,"skX":-121.98,"skY":-121.98,"x":16.73}}],"name":"Fibula_L"},{"display":[{"path":"Ear_R","type":"image","name":"Ear_R","transform":{"y":-2.52,"skX":78.33,"skY":78.33,"x":9.29}}],"name":"Ear_R"},{"display":[{"uvs":[0.25612,-0.00885,-0.01266,0.10591,-0.01266,0.26815,0.11614,0.37887,0.11982,0.79606,0.42187,0.84242,0.57278,0.8938,0.66392,0.94478,0.67986,1.00052,0.80518,1.00885,0.92138,0.93839,1.01266,0.81734,0.98518,0.77273,0.91401,0.7715,0.88868,0.76333,1.01266,0.60319,1.01266,0.55822,0.74052,0.65499,0.68594,0.57253,0.91657,0.50255,0.90656,0.25507,0.62856,-0.00885,0.87307,0.90536,0.83859,0.88693,0.79169,0.85919,0.67986,0.78604,0.76518,0.72167,0.84036,0.77184,0.45759,0.59966],"vertices":[98.06,-254.7,78.75,-240.47,80.28,-222.86,91.09,-211.7,95.3,-166.45,118.65,-163.41,130.59,-158.83,137.99,-153.89,139.73,-147.95,149.31,-147.88,157.46,-156.28,163.24,-170.02,160.74,-174.68,155.32,-174.34,153.32,-175.06,161.23,-193.26,160.8,-198.14,141.06,-185.84,136.15,-194.44,152.99,-203.55,149.89,-230.34,126.32,-257.15,153.49,-159.54,150.69,-161.32,146.87,-164.02,137.7,-171.23,143.57,-178.77,149.74,-173.82,119.08,-189.99],"edges":[1,2,2,3,3,4,4,5,5,6,6,7,7,8,8,9,9,10,10,11,11,12,12,13,13,14,14,15,15,16,16,17,17,18,18,19,19,20,20,21,21,0,0,1],"path":"Head","bonePose":[38,0.7803913780285567,0.5661555417751294,-0.5661555417751294,0.7803913780285567,100.9743739425704,-190.97217413904872,41,0.7803913780285567,0.5661555417751294,-0.5661555417751294,0.7803913780285567,151.78778795724176,-155.31127565137473],"triangles":[17,26,14,23,22,13,12,13,11,13,22,11,22,10,11,17,14,15,24,23,27,26,27,14,22,9,10,14,27,13,27,23,13,20,18,19,3,28,18,3,18,20,21,3,20,23,9,22,7,9,23,24,7,23,25,24,27,26,25,27,0,3,21,7,8,9,25,6,24,6,7,24,17,25,26,18,28,17,28,25,17,28,5,25,5,6,25,2,3,0,1,2,0,4,5,28,3,4,28,17,15,16],"type":"mesh","transform":{},"slotPose":[1,0,0,1,0,0],"userEdges":[],"width":79,"height":113,"name":"Head","weights":[1,38,1,1,38,1,1,38,1,1,38,1,1,38,1,1,38,1,1,38,1,2,38,0.64999,41,0.35,2,38,0.45,41,0.55,2,38,0.25,41,0.75,2,38,0.25,41,0.75,2,38,0.25,41,0.75,2,38,0.45,41,0.55,2,38,0.53999,41,0.46,2,38,0.64999,41,0.35,1,38,1,1,38,1,1,38,1,1,38,1,1,38,1,1,38,1,1,38,1,2,38,0.45,41,0.55,2,38,0.53999,41,0.46,2,38,0.64999,41,0.35,1,38,1,1,38,1,2,38,0.8,41,0.2,1,38,1]}],"name":"Head"},{"display":[{"path":"Foot_L","type":"image","name":"Foot_L","transform":{"y":-3.19,"skX":-73.85,"skY":-73.85,"x":8.4}}],"name":"Foot_L"},{"display":[{"path":"Ear_L","type":"image","name":"Ear_L","transform":{"y":-2.52,"skX":83.27,"skY":83.27,"x":9.22}}],"name":"Ear_L"},{"display":[{"path":"UpArm_L","type":"image","name":"UpArm_L","transform":{"y":-2.74,"skX":-93.05,"skY":-93.05,"x":32.38}}],"name":"UpArm_L"},{"display":[{"path":"Arm_L","type":"image","name":"Arm_L","transform":{"y":10.68,"skX":-92.52,"skY":-92.52,"x":22.29}}],"name":"Arm_L"},{"display":[{"path":"UpArm_R","type":"image","name":"UpArm_R","transform":{"y":-1.58,"skX":-89.47,"skY":-89.47,"x":37.98}}],"name":"UpArm_R"},{"display":[{"uvs":[0.39633,-0.00813,0.11602,0.16793,-0.00943,0.39325,0.03357,0.55972,0.26442,0.89465,0.45521,1.00813,0.58712,1.00813,0.78028,0.7688,0.85801,0.62061,1.00942,0.49069,1.00942,0.26942,0.93575,0.16183,0.68135,-0.00813,0.575,0.68582,0.72611,0.5094,0.61068,0.33033,0.39633,0.48054,0.37042,0.28161,0.80619,0.22477],"vertices":[55.01,-233.07,29.71,-211.03,19.8,-184.77,25.54,-166.5,51.08,-130.97,70.57,-119.88,83.29,-120.98,99.58,-149.37,105.68,-166.37,119.97,-181.91,117.72,-208.05,109.11,-220.07,82.5,-235.45,78.99,-156.93,91.84,-177.94,78.98,-197,59.77,-178.4,55.33,-200.43,96.59,-211.44],"edges":[2,3,3,4,4,5,5,6,6,7,7,8,8,9,9,10,10,11,11,12,12,0,0,1,1,2],"path":"Neck","bonePose":[35,0.4714584771456234,-0.7818541451751277,0.7818541451751277,0.4714584771456234,78.40130291559089,-156.54330576860502,28,0.6062837834678968,-0.6826338505405753,0.6826338505405753,0.6062837834678968,57.37080030089988,-132.9468988898984,38,0.7803913780285567,0.5661555417751294,-0.5661555417751294,0.7803913780285567,100.9743739425704,-190.97217413904872],"triangles":[11,18,10,14,8,9,10,18,9,18,14,9,15,14,18,12,18,11,13,7,8,14,13,8,12,15,18,13,6,7,0,17,15,0,15,12,15,16,14,16,13,14,13,5,6,4,5,13,17,16,15,16,4,13,1,17,0,3,4,16,17,2,16,2,3,16,1,2,17],"type":"mesh","transform":{},"slotPose":[1,0,0,1,0,0],"userEdges":[],"width":106,"height":123,"name":"Neck","weights":[1,35,1,2,28,0.19175,35,0.80824,2,28,0.64,35,0.36,3,28,0.78,35,0.21489,38,0.0051,2,28,0.99657,35,0.00342,1,28,1,2,28,0.9947,35,0.00529,2,28,0.34441,35,0.65558,2,35,0.83376,38,0.16624,1,38,0.99999,1,38,0.99999,2,35,0.02151,38,0.97848,1,35,1,2,28,0.5,35,0.5,1,35,1,2,28,0.04266,35,0.95733,2,28,0.30095,35,0.69904,2,28,0.13215,35,0.86783,2,35,0.08683,38,0.91317]}],"name":"Neck"},{"display":[{"path":"Thigh_R","type":"image","name":"Thigh_R","transform":{"y":-5.14,"skX":-90,"skY":-90,"x":14.35}}],"name":"Thigh_R"},{"display":[{"path":"Hand_L","type":"image","name":"Hand_L","transform":{"y":-0.35,"skX":-81.09,"skY":-81.09,"x":6.49}}],"name":"Hand_L"},{"display":[{"path":"Foot_R","type":"image","name":"Foot_R","transform":{"y":-3.22,"skX":-89.16,"skY":-89.16,"x":5.73}}],"name":"Foot_R"}],"name":""}],"aabb":{"width":356.24068312575764,"y":-246.55613486818183,"height":252.96751486818184,"x":-183.1831588666667},"slot":[{"name":"Foot_L","parent":"Foot_L","color":{}},{"z":1,"name":"Leg_L","parent":"Leg_L","color":{}},{"z":2,"name":"Fibula_L","parent":"Fibula_L","color":{}},{"z":3,"name":"Thigh_L","parent":"Thigh_L","color":{}},{"z":4,"name":"Hand_L","parent":"Hand_L","color":{}},{"z":5,"name":"Arm_L","parent":"Arm_L","color":{}},{"z":6,"name":"UpArm_L","parent":"UpArm_L","color":{}},{"z":7,"name":"Body","parent":"Body","color":{}},{"z":8,"name":"Neck","parent":"Neck","color":{}},{"z":9,"name":"Hand_R","parent":"Hand_R","color":{}},{"z":10,"name":"Arm_R","parent":"Arm_R","color":{}},{"z":11,"name":"UpArm_R","parent":"UpArm_R","color":{}},{"z":12,"name":"Tail","parent":"Tail","color":{}},{"z":13,"name":"Foot_R","parent":"Foot_R","color":{}},{"z":14,"name":"Leg_R","parent":"Leg_R","color":{}},{"z":15,"name":"Fibula_R","parent":"Fibula_R","color":{}},{"z":16,"name":"Thigh_R","parent":"Thigh_R","color":{}},{"z":17,"name":"Ear_L","parent":"Ear_L","color":{}},{"z":18,"name":"Head","parent":"Head","color":{}},{"z":19,"name":"Ear_R","parent":"Ear_R","color":{}},{"z":20,"name":"buff_flo","parent":"buff_flo","color":{"aM":0}},{"z":21,"name":"buff_mid","parent":"buff_mid","color":{"aM":0}},{"z":22,"name":"buff_up","parent":"buff_up","color":{"aM":0}}],"ik":[{"bone":"Fibula_R","name":"leg_r","chain":1,"target":"leg_r"},{"bone":"Fibula_L","name":"leg_l","chain":1,"target":"leg_l"},{"bendPositive":"false","bone":"Leg_L","name":"Leg_l1","target":"leg_l1"},{"bendPositive":"false","bone":"Leg_R","name":"leg_r1","target":"leg_r1"},{"bendPositive":"false","bone":"Foot_L","name":"foot_l","target":"foot_l"},{"bendPositive":"false","bone":"Foot_R","name":"foot_r","target":"foot_r"},{"bone":"Arm_R","name":"arm_r","chain":1,"target":"arm_r"},{"bone":"Arm_L","name":"arm_l","chain":1,"target":"arm_l"},{"bendPositive":"false","bone":"Hand_R","name":"hand_r","target":"hand_r"},{"bendPositive":"false","bone":"Hand_L","name":"hand_l","target":"hand_l"}],"frameRate":30,"defaultActions":[{"gotoAndPlay":"0000_daiji"}]}],"name":"cw_003_paopaoma_gj","version":"4.0"}