{"frameRate":30,"isGlobal":0,"armature":[{"ik":[],"bone":[{"name":"root","transform":{}},{"transform":{"y":-52.13,"x":220.96},"name":"ys_guanyin_eff_pz","parent":"root"},{"transform":{"y":-216.7,"x":-14.5},"name":"hip","parent":"root"},{"transform":{"y":-278.31,"x":186.22},"name":"bone6","parent":"root"},{"transform":{},"name":"bone7","parent":"root"},{"length":179,"transform":{"y":73.75,"x":258.06},"parent":"bone6","name":"w8"},{"transform":{"y":-90.9,"x":20.52},"name":"bone4","parent":"hip"},{"length":49,"transform":{"y":-5.59,"skX":-79.76,"skY":-79.76,"x":-7.2},"parent":"hip","name":"body"},{"transform":{},"name":"bone5","parent":"hip"},{"length":179,"transform":{"y":-93.09,"x":-2},"parent":"bone6","name":"w5"},{"length":179,"transform":{"y":92.09},"parent":"bone6","name":"w3"},{"transform":{"y":-1.1},"name":"canying01","parent":"bone7"},{"length":179,"transform":{},"parent":"bone6","name":"w1"},{"length":179,"transform":{"y":-124.53,"x":242.96},"parent":"bone6","name":"w6"},{"length":179,"transform":{"scY":1.139,"y":-53.05,"scX":1.139,"x":65.06},"parent":"bone6","name":"w4"},{"length":179,"transform":{"scY":1.241,"y":18.73,"scX":1.241,"x":326.18},"parent":"bone6","name":"w9"},{"length":179,"transform":{"y":132.22,"x":138.16},"parent":"bone6","name":"w11"},{"length":179,"transform":{"y":-78.68,"x":312.39},"parent":"bone6","name":"w10"},{"length":179,"transform":{"y":-17.11,"x":197.11},"parent":"bone6","name":"w7"},{"length":179,"transform":{"scY":1.182,"y":44.04,"scX":1.182,"x":47.04},"parent":"bone6","name":"w2"},{"transform":{},"name":"bone3","parent":"bone4"},{"transform":{},"name":"gy_fangshe/cheng_fangshe_03_eff_02","parent":"bone5"},{"transform":{},"name":"gy_fangshe/cheng_fangshe_03_eff_2","parent":"bone5"},{"length":49,"transform":{"skX":-16.73,"skY":-16.73,"x":49.58},"parent":"body","name":"bone"},{"length":56,"transform":{"y":37.37,"skX":137.45,"skY":137.45,"x":31.16},"parent":"bone","name":"l3"},{"length":122,"transform":{"skX":20,"skY":20},"parent":"bone3","name":"ys_shouzhang_eff_17"},{"length":122,"transform":{"skX":40,"skY":40},"parent":"bone3","name":"ys_shouzhang_eff_16"},{"length":63,"transform":{"y":26.84,"skX":170.34,"skY":170.34,"x":-4.67},"parent":"bone","name":"l2"},{"length":122,"transform":{"skX":80,"skY":80},"parent":"bone3","name":"ys_shouzhang_eff_14"},{"length":122,"transform":{"skX":100,"skY":100},"parent":"bone3","name":"ys_shouzhang_eff_13"},{"length":63,"transform":{"y":-21.16,"skX":-131.13,"skY":-131.13,"x":12.07},"parent":"bone","name":"r1"},{"length":70,"transform":{"y":-31.43,"skX":-124.65,"skY":-124.65,"x":34.98},"parent":"bone","name":"r2"},{"length":122,"transform":{"skX":-140,"skY":-140},"parent":"bone3","name":"ys_shouzhang_eff_7"},{"length":70,"transform":{"y":-31.3,"skX":-31.81,"skY":-31.81,"x":50.26},"parent":"bone","name":"r4"},{"length":58,"transform":{"y":33.96,"skX":64.13,"skY":64.13,"x":43.63},"parent":"bone","name":"l5"},{"length":56,"transform":{"y":33.89,"skX":156.9,"skY":156.9,"x":21.9},"parent":"bone","name":"l1"},{"transform":{"y":23.24,"x":34.38},"name":"back","parent":"bone"},{"length":66,"transform":{"y":-40.77,"skX":-142.98,"skY":-142.98,"x":44.9},"parent":"bone","name":"r5"},{"length":37,"transform":{"y":-0.85,"skX":52.98,"skY":52.98,"x":41.96},"parent":"bone","name":"neck"},{"length":60,"transform":{"y":35.71,"skX":121.97,"skY":121.97,"x":37.79},"parent":"bone","name":"bone2"},{"length":122,"transform":{"skX":120,"skY":120},"parent":"bone3","name":"ys_shouzhang_eff_12"},{"length":122,"transform":{"skX":140,"skY":140},"parent":"bone3","name":"ys_shouzhang_eff_11"},{"length":122,"transform":{"skX":160,"skY":160},"parent":"bone3","name":"ys_shouzhang_eff_10"},{"length":122,"transform":{"skX":180,"skY":180},"parent":"bone3","name":"ys_shouzhang_eff_9"},{"length":122,"transform":{"skX":-160,"skY":-160},"parent":"bone3","name":"ys_shouzhang_eff_8"},{"length":122,"transform":{"skX":60,"skY":60},"parent":"bone3","name":"ys_shouzhang_eff_15"},{"length":73,"transform":{"y":-35.89,"skX":-107.91,"skY":-107.91,"x":52.4},"parent":"bone","name":"r3"},{"length":122,"transform":{"skX":-100,"skY":-100},"parent":"bone3","name":"ys_shouzhang_eff_5"},{"length":122,"transform":{"skX":-80,"skY":-80},"parent":"bone3","name":"ys_shouzhang_eff_4"},{"length":122,"transform":{"skX":-120,"skY":-120},"parent":"bone3","name":"ys_shouzhang_eff_6"},{"length":122,"transform":{"skX":-40,"skY":-40},"parent":"bone3","name":"ys_shouzhang_eff_2"},{"length":122,"transform":{"skX":-20,"skY":-20},"parent":"bone3","name":"ys_shouzhang_eff_1"},{"length":122,"transform":{"skX":-60,"skY":-60},"parent":"bone3","name":"ys_shouzhang_eff_3"},{"length":122,"transform":{},"parent":"bone3","name":"ys_shouzhang_eff_0"},{"length":48,"transform":{"y":-0.55,"skX":65.25,"skY":65.25,"x":72.29},"parent":"r3","name":"ra3"},{"length":49,"transform":{"y":1.15,"skX":-24.12,"skY":-24.12,"x":56.06},"parent":"l3","name":"la3"},{"length":100,"transform":{"y":0.98,"skX":-30.6,"skY":-30.6,"x":27.75},"parent":"neck","name":"head"},{"length":45,"transform":{"y":-0.33,"skX":-82.59,"skY":-82.59,"x":56.54},"parent":"bone2","name":"la4"},{"length":59,"transform":{"y":0.45,"skX":43.61,"skY":43.61,"x":68.97},"parent":"r4","name":"ra4"},{"length":45,"transform":{"y":0.61,"skX":-10.89,"skY":-10.89,"x":62.26},"parent":"r1","name":"ra1"},{"length":47,"transform":{"y":1.55,"skX":7.21,"skY":7.21,"x":69.83},"parent":"r2","name":"ra2"},{"length":39,"transform":{"y":-0.08,"skX":-1.51,"skY":-1.51,"x":59.99},"parent":"l2","name":"la2"},{"length":36,"transform":{"y":1.49,"skX":-70.04,"skY":-70.04,"x":66.8},"parent":"r5","name":"ra5"},{"length":50,"transform":{"y":1.55,"skX":-14.79,"skY":-14.79,"x":56.16},"parent":"l1","name":"la1"},{"length":45,"transform":{"y":-0.21,"skX":-45.51,"skY":-45.51,"x":57.92},"parent":"l5","name":"la5"},{"length":31,"transform":{"y":0.54,"skX":-18.86,"skY":-18.86,"x":35.85},"parent":"ra5","name":"rh5"},{"length":47,"transform":{"y":-2.98,"skX":31.07,"skY":31.07,"x":58.38},"parent":"ra4","name":"rh4"},{"length":50,"transform":{"y":1.37,"skX":31,"skY":31,"x":49.82},"parent":"ra3","name":"rh3"},{"length":39,"transform":{"y":-0.66,"skX":14.12,"skY":14.12,"x":44.82},"parent":"ra2","name":"rh2"},{"length":35,"transform":{"y":1.79,"skX":3.31,"skY":3.31,"x":46.11},"parent":"ra1","name":"rh1"},{"length":36,"transform":{"y":0.05,"skX":-17.14,"skY":-17.14,"x":41.74},"parent":"la5","name":"lh5"},{"length":39,"transform":{"y":1.05,"skX":-24.92,"skY":-24.92,"x":42.59},"parent":"la4","name":"lh4"},{"length":34,"transform":{"y":0.29,"skX":-29.14,"skY":-29.14,"x":46.05},"parent":"la3","name":"lh3"},{"length":31,"transform":{"y":0.03,"skX":-45.3,"skY":-45.3,"x":36.93},"parent":"la2","name":"lh2"},{"length":33,"transform":{"y":0.62,"skX":-30.83,"skY":-30.83,"x":48.65},"parent":"la1","name":"lh1"}],"type":"Armature","frameRate":30,"animation":[{"ik":[],"bone":[{"frame":[{"curve":[0,0.88,0.75,1],"transform":{"y":-61.54,"skX":-2.09,"skY":-2.09,"x":-2.78},"duration":30},{"transform":{"y":-80.62,"skX":-2.09,"skY":-2.09,"x":-3.47},"duration":15},{"transform":{"y":-80.62,"skX":-2.09,"skY":-2.09,"x":-3.47},"duration":0}],"name":"hip"},{"frame":[{"curve":[0,0.78,0.75,1],"transform":{"skX":-11.27,"skY":-11.27},"duration":30},{"curve":[0,0.56,0.75,1],"transform":{"skX":-12.03,"skY":-12.03},"duration":15},{"transform":{},"duration":0}],"name":"body"},{"frame":[{"curve":[0,0.78,0.75,1],"transform":{"skX":6.03,"skY":6.03},"duration":30},{"curve":[0,0.56,0.75,1],"transform":{"skX":5.53,"skY":5.53},"duration":15},{"transform":{},"duration":0}],"name":"bone"},{"frame":[{"transform":{},"duration":30},{"transform":{},"duration":15},{"transform":{},"duration":0}],"name":"back"},{"frame":[{"curve":[0,0.78,0.75,1],"transform":{"skX":-9.89,"skY":-9.89},"duration":30},{"curve":[0,0.56,0.75,1],"transform":{"skX":-11.83,"skY":-11.83},"duration":15},{"transform":{},"duration":0}],"name":"neck"},{"frame":[{"curve":[0,0.78,0.75,1],"transform":{"skX":-10.72,"skY":-10.72},"duration":30},{"curve":[0,0.56,0.75,1],"transform":{"skX":-7.71,"skY":-7.71},"duration":15},{"transform":{},"duration":0}],"name":"head"},{"frame":[{"curve":[0,0.78,0.75,1],"transform":{"skX":13.58,"skY":13.58},"duration":30},{"curve":[0,0.56,0.75,1],"transform":{"skX":26.06,"skY":26.06},"duration":15},{"transform":{},"duration":0}],"name":"r5"},{"frame":[{"transform":{"skX":72.92,"skY":72.92},"duration":30},{"curve":[0,0.56,0.75,1],"transform":{"skX":72.92,"skY":72.92},"duration":15},{"transform":{},"duration":0}],"name":"ra5"},{"frame":[{"transform":{"skX":33.29,"skY":33.29},"duration":30},{"curve":[0,0.56,0.75,1],"transform":{"skX":33.29,"skY":33.29},"duration":15},{"transform":{},"duration":0}],"name":"rh5"},{"frame":[{"curve":[0,0.78,0.75,1],"transform":{"skX":-5.53,"skY":-5.53},"duration":30},{"curve":[0,0.56,0.75,1],"transform":{"skX":-6.13,"skY":-6.13},"duration":15},{"transform":{},"duration":0}],"name":"r1"},{"frame":[{"transform":{"skX":18.03,"skY":18.03},"duration":30},{"curve":[0,0.56,0.75,1],"transform":{"skX":18.03,"skY":18.03},"duration":15},{"transform":{},"duration":0}],"name":"ra1"},{"frame":[{"transform":{"skX":-13.8,"skY":-13.8},"duration":30},{"curve":[0,0.56,0.75,1],"transform":{"skX":-13.8,"skY":-13.8},"duration":15},{"transform":{},"duration":0}],"name":"rh1"},{"frame":[{"transform":{"skX":-3.9,"skY":-3.9},"duration":30},{"curve":[0,0.56,0.75,1],"transform":{"skX":-3.9,"skY":-3.9},"duration":15},{"transform":{},"duration":0}],"name":"r2"},{"frame":[{"transform":{"skX":-7.4,"skY":-7.4},"duration":30},{"curve":[0,0.56,0.75,1],"transform":{"skX":-7.4,"skY":-7.4},"duration":15},{"transform":{},"duration":0}],"name":"ra2"},{"frame":[{"transform":{"skX":-17,"skY":-17},"duration":30},{"curve":[0,0.56,0.75,1],"transform":{"skX":-17,"skY":-17},"duration":15},{"transform":{},"duration":0}],"name":"rh2"},{"frame":[{"transform":{"skX":3.2,"skY":3.2},"duration":30},{"curve":[0,0.56,0.75,1],"transform":{"skX":3.2,"skY":3.2},"duration":15},{"transform":{},"duration":0}],"name":"r3"},{"frame":[{"transform":{"skX":-56.12,"skY":-56.12},"duration":30},{"curve":[0,0.56,0.75,1],"transform":{"skX":-56.12,"skY":-56.12},"duration":15},{"transform":{},"duration":0}],"name":"ra3"},{"frame":[{"transform":{"skX":-46.32,"skY":-46.32},"duration":30},{"curve":[0,0.56,0.75,1],"transform":{"skX":-46.32,"skY":-46.32},"duration":15},{"transform":{},"duration":0}],"name":"rh3"},{"frame":[{"curve":[0,0.78,0.75,1],"transform":{"skX":-1.8,"skY":-1.8},"duration":30},{"curve":[0,0.56,0.75,1],"transform":{"skX":-1.71,"skY":-1.71},"duration":15},{"transform":{},"duration":0}],"name":"r4"},{"frame":[{"transform":{"skX":-35.64,"skY":-35.64},"duration":30},{"curve":[0,0.56,0.75,1],"transform":{"skX":-35.64,"skY":-35.64},"duration":15},{"transform":{},"duration":0}],"name":"ra4"},{"frame":[{"transform":{"skX":-40.5,"skY":-40.5},"duration":30},{"curve":[0,0.56,0.75,1],"transform":{"skX":-40.5,"skY":-40.5},"duration":15},{"transform":{},"duration":0}],"name":"rh4"},{"frame":[{"curve":[0,0.78,0.75,1],"transform":{"skX":-3.29,"skY":-3.29},"duration":30},{"curve":[0,0.56,0.75,1],"transform":{"skX":-0.46,"skY":-0.46},"duration":15},{"transform":{},"duration":0}],"name":"l2"},{"frame":[{"transform":{"skX":2.97,"skY":2.97},"duration":30},{"curve":[0,0.56,0.75,1],"transform":{"skX":2.97,"skY":2.97},"duration":15},{"transform":{},"duration":0}],"name":"la2"},{"frame":[{"transform":{"skX":44.84,"skY":44.84},"duration":30},{"curve":[0,0.56,0.75,1],"transform":{"skX":44.84,"skY":44.84},"duration":15},{"transform":{},"duration":0}],"name":"lh2"},{"frame":[{"curve":[0,0.78,0.75,1],"transform":{"y":1.7,"skX":-2.91,"skY":-2.91,"x":8.71},"duration":30},{"curve":[0,0.56,0.75,1],"transform":{"y":1.7,"skX":-11.98,"skY":-11.98,"x":8.71},"duration":15},{"transform":{},"duration":0}],"name":"l1"},{"frame":[{"curve":[0,0.78,0.75,1],"transform":{"skX":5.47,"skY":5.47},"duration":30},{"curve":[0,0.56,0.75,1],"transform":{"skX":8.27,"skY":8.27},"duration":15},{"transform":{},"duration":0}],"name":"la1"},{"frame":[{"curve":[0,0.78,0.75,1],"transform":{"skX":15.17,"skY":15.17},"duration":30},{"curve":[0,0.56,0.75,1],"transform":{"skX":18.43,"skY":18.43},"duration":15},{"transform":{},"duration":0}],"name":"lh1"},{"frame":[{"transform":{"skX":23.72,"skY":23.72},"duration":30},{"curve":[0,0.56,0.75,1],"transform":{"skX":23.72,"skY":23.72},"duration":15},{"transform":{},"duration":0}],"name":"l3"},{"frame":[{"transform":{"skX":17.79,"skY":17.79},"duration":30},{"curve":[0,0.56,0.75,1],"transform":{"skX":17.79,"skY":17.79},"duration":15},{"transform":{},"duration":0}],"name":"la3"},{"frame":[{"transform":{"skX":11.62,"skY":11.62},"duration":30},{"curve":[0,0.56,0.75,1],"transform":{"skX":11.62,"skY":11.62},"duration":15},{"transform":{},"duration":0}],"name":"lh3"},{"frame":[{"transform":{},"duration":30},{"transform":{},"duration":15},{"transform":{},"duration":0}],"name":"bone2"},{"frame":[{"transform":{"skX":86.15,"skY":86.15},"duration":30},{"curve":[0,0.56,0.75,1],"transform":{"skX":86.15,"skY":86.15},"duration":15},{"transform":{},"duration":0}],"name":"la4"},{"frame":[{"transform":{"skX":26.34,"skY":26.34},"duration":30},{"curve":[0,0.56,0.75,1],"transform":{"skX":26.34,"skY":26.34},"duration":15},{"transform":{},"duration":0}],"name":"lh4"},{"frame":[{"curve":[0,0.78,0.75,1],"transform":{"skX":2.75,"skY":2.75},"duration":30},{"curve":[0,0.56,0.75,1],"transform":{"skX":5.09,"skY":5.09},"duration":15},{"transform":{},"duration":0}],"name":"l5"},{"frame":[{"transform":{"skX":37.03,"skY":37.03},"duration":30},{"curve":[0,0.56,0.75,1],"transform":{"skX":37.03,"skY":37.03},"duration":15},{"transform":{},"duration":0}],"name":"la5"},{"frame":[{"transform":{"skX":22.01,"skY":22.01},"duration":30},{"curve":[0,0.56,0.75,1],"transform":{"skX":22.01,"skY":22.01},"duration":15},{"transform":{},"duration":0}],"name":"lh5"},{"frame":[{"transform":{},"duration":30},{"transform":{},"duration":15},{"transform":{},"duration":0}],"name":"root"},{"frame":[{"curve":[0,0.49,0.461,0.8],"transform":{"scY":1.026,"y":-12.93,"skX":36.66,"skY":36.66,"scX":1.026},"duration":30},{"curve":[0.368,0.73,0.789,1],"transform":{"scY":1.501,"y":-12.93,"skX":59.45,"skY":59.45,"scX":1.501},"duration":15},{"transform":{"scY":2.504,"y":-12.93,"skX":63.51,"skY":63.51,"scX":2.504},"duration":0}],"name":"bone3"},{"frame":[{"curve":[0.25,0,0.75,1],"transform":{"y":34.2,"x":93.96},"duration":30},{"tweenEasing":0,"transform":{"scY":1.051,"y":68.4,"scX":1.051,"x":187.93},"duration":15},{"transform":{"scY":1.404,"y":34.2,"scX":1.404,"x":93.96},"duration":0}],"name":"ys_shouzhang_eff_17"},{"frame":[{"curve":[0.25,0,0.75,1],"transform":{"y":64.27,"x":76.6},"duration":30},{"tweenEasing":0,"transform":{"scY":1.051,"y":128.55,"scX":1.051,"x":153.2},"duration":15},{"transform":{"scY":1.404,"y":64.27,"scX":1.404,"x":76.6},"duration":0}],"name":"ys_shouzhang_eff_16"},{"frame":[{"curve":[0.25,0,0.75,1],"transform":{"y":86.6,"x":49.99},"duration":30},{"tweenEasing":0,"transform":{"scY":1.051,"y":173.2,"scX":1.051,"x":99.99},"duration":15},{"transform":{"scY":1.404,"y":86.6,"scX":1.404,"x":49.99},"duration":0}],"name":"ys_shouzhang_eff_15"},{"frame":[{"curve":[0.25,0,0.75,1],"transform":{"y":98.48,"x":17.36},"duration":30},{"tweenEasing":0,"transform":{"scY":1.051,"y":196.96,"scX":1.051,"x":34.72},"duration":15},{"transform":{"scY":1.404,"y":98.48,"scX":1.404,"x":17.36},"duration":0}],"name":"ys_shouzhang_eff_14"},{"frame":[{"curve":[0.25,0,0.75,1],"transform":{"y":98.48,"x":-17.36},"duration":30},{"tweenEasing":0,"transform":{"scY":1.051,"y":196.96,"scX":1.051,"x":-34.72},"duration":15},{"transform":{"scY":1.404,"y":98.48,"scX":1.404,"x":-17.36},"duration":0}],"name":"ys_shouzhang_eff_13"},{"frame":[{"curve":[0.25,0,0.75,1],"transform":{"y":86.6,"x":-49.99},"duration":30},{"tweenEasing":0,"transform":{"scY":1.051,"y":173.2,"scX":1.051,"x":-99.99},"duration":15},{"transform":{"scY":1.404,"y":86.6,"scX":1.404,"x":-49.99},"duration":0}],"name":"ys_shouzhang_eff_12"},{"frame":[{"curve":[0.25,0,0.75,1],"transform":{"y":64.27,"x":-76.6},"duration":30},{"tweenEasing":0,"transform":{"scY":1.051,"y":128.55,"scX":1.051,"x":-153.2},"duration":15},{"transform":{"scY":1.404,"y":64.27,"scX":1.404,"x":-76.6},"duration":0}],"name":"ys_shouzhang_eff_11"},{"frame":[{"curve":[0.25,0,0.75,1],"transform":{"y":34.2,"x":-93.96},"duration":30},{"tweenEasing":0,"transform":{"scY":1.051,"y":68.4,"scX":1.051,"x":-187.93},"duration":15},{"transform":{"scY":1.404,"y":34.2,"scX":1.404,"x":-93.96},"duration":0}],"name":"ys_shouzhang_eff_10"},{"frame":[{"curve":[0.25,0,0.75,1],"transform":{"x":-100},"duration":30},{"tweenEasing":0,"transform":{"scY":1.051,"scX":1.051,"x":-200},"duration":15},{"transform":{"scY":1.404,"scX":1.404,"x":-100},"duration":0}],"name":"ys_shouzhang_eff_9"},{"frame":[{"curve":[0.25,0,0.75,1],"transform":{"y":-34.2,"x":-93.96},"duration":30},{"tweenEasing":0,"transform":{"scY":1.051,"y":-68.4,"scX":1.051,"x":-187.93},"duration":15},{"transform":{"scY":1.404,"y":-34.2,"scX":1.404,"x":-93.96},"duration":0}],"name":"ys_shouzhang_eff_8"},{"frame":[{"curve":[0.25,0,0.75,1],"transform":{"y":-64.27,"x":-76.6},"duration":30},{"tweenEasing":0,"transform":{"scY":1.051,"y":-128.55,"scX":1.051,"x":-153.2},"duration":15},{"transform":{"scY":1.404,"y":-64.27,"scX":1.404,"x":-76.6},"duration":0}],"name":"ys_shouzhang_eff_7"},{"frame":[{"curve":[0.25,0,0.75,1],"transform":{"y":-86.6,"x":-50},"duration":30},{"tweenEasing":0,"transform":{"scY":1.051,"y":-173.2,"scX":1.051,"x":-100},"duration":15},{"transform":{"scY":1.404,"y":-86.6,"scX":1.404,"x":-50},"duration":0}],"name":"ys_shouzhang_eff_6"},{"frame":[{"curve":[0.25,0,0.75,1],"transform":{"y":-98.48,"x":-17.36},"duration":30},{"tweenEasing":0,"transform":{"scY":1.051,"y":-196.96,"scX":1.051,"x":-34.72},"duration":15},{"transform":{"scY":1.404,"y":-98.48,"scX":1.404,"x":-17.36},"duration":0}],"name":"ys_shouzhang_eff_5"},{"frame":[{"curve":[0.25,0,0.75,1],"transform":{"y":-98.48,"x":17.36},"duration":30},{"tweenEasing":0,"transform":{"scY":1.051,"y":-196.96,"scX":1.051,"x":34.72},"duration":15},{"transform":{"scY":1.404,"y":-98.48,"scX":1.404,"x":17.36},"duration":0}],"name":"ys_shouzhang_eff_4"},{"frame":[{"curve":[0.25,0,0.75,1],"transform":{"y":-86.6,"x":49.99},"duration":30},{"tweenEasing":0,"transform":{"scY":1.051,"y":-173.2,"scX":1.051,"x":99.99},"duration":15},{"transform":{"scY":1.404,"y":-86.6,"scX":1.404,"x":49.99},"duration":0}],"name":"ys_shouzhang_eff_3"},{"frame":[{"curve":[0.25,0,0.75,1],"transform":{"y":-64.27,"x":76.6},"duration":30},{"tweenEasing":0,"transform":{"scY":1.051,"y":-128.55,"scX":1.051,"x":153.2},"duration":15},{"transform":{"scY":1.404,"y":-64.27,"scX":1.404,"x":76.6},"duration":0}],"name":"ys_shouzhang_eff_2"},{"frame":[{"curve":[0.25,0,0.75,1],"transform":{"y":-34.2,"x":93.96},"duration":30},{"tweenEasing":0,"transform":{"scY":1.051,"y":-68.4,"scX":1.051,"x":187.93},"duration":15},{"transform":{"scY":1.404,"y":-34.2,"scX":1.404,"x":93.96},"duration":0}],"name":"ys_shouzhang_eff_1"},{"frame":[{"curve":[0.25,0,0.75,1],"transform":{"x":100},"duration":30},{"tweenEasing":0,"transform":{"scY":1.051,"scX":1.051,"x":200},"duration":15},{"transform":{"scY":1.404,"scX":1.404,"x":100},"duration":0}],"name":"ys_shouzhang_eff_0"},{"frame":[{"tweenEasing":0,"transform":{},"duration":26},{"transform":{},"duration":19},{"transform":{"scY":2.5,"skX":-90,"skY":-90,"scX":2.5},"duration":0}],"name":"gy_fangshe/cheng_fangshe_03_eff_02"},{"frame":[{"transform":{"scX":0.686,"x":-29.88},"duration":45}],"name":"bone4"},{"frame":[{"tweenEasing":0,"transform":{"scY":1.5,"skX":90,"skY":90,"scX":1.5},"duration":13},{"tweenEasing":0,"transform":{"skX":90,"skY":90},"duration":13},{"transform":{"scY":1.5,"skX":90,"skY":90,"scX":1.5},"duration":19},{"transform":{},"duration":0}],"name":"gy_fangshe/cheng_fangshe_03_eff_2"},{"frame":[{"transform":{"scY":2.233,"y":-105.44,"scX":1.387,"x":-9.46},"duration":45}],"name":"bone5"},{"frame":[{"transform":{"scY":0.39,"y":-247,"x":-21.88},"duration":10},{"transform":{"scY":0.39,"y":-247,"x":-21.88},"duration":20},{"transform":{"scY":0.39,"y":-247,"x":-21.88},"duration":15},{"transform":{"scY":0.39,"y":-247,"x":-21.88},"duration":0}],"name":"w1"},{"frame":[{"transform":{"scY":0.39,"y":-40.62,"x":-62.78},"duration":10},{"transform":{"scY":0.39,"y":-40.62,"x":-62.78},"duration":20},{"transform":{"scY":0.39,"y":-40.62,"x":-62.78},"duration":15},{"transform":{"scY":0.39,"y":-40.62,"x":-62.78},"duration":0}],"name":"w2"},{"frame":[{"transform":{"scY":0.39,"y":-22.72,"x":-93.15},"duration":10},{"transform":{"scY":0.39,"y":-22.72,"x":-93.15},"duration":20},{"transform":{"scY":0.39,"y":-22.72,"x":-93.15},"duration":15},{"transform":{"scY":0.39,"y":-22.72,"x":-93.15},"duration":0}],"name":"w3"},{"frame":[{"transform":{"scY":0.39,"y":-340.28,"x":-196.12},"duration":10},{"transform":{"scY":0.39,"y":-340.28,"x":-196.12},"duration":20},{"transform":{"scY":0.39,"y":-340.28,"x":-196.12},"duration":15},{"transform":{"scY":0.39,"y":-340.28,"x":-196.12},"duration":0}],"name":"w4"},{"frame":[{"transform":{"scY":0.39,"y":-54.26,"x":-16.97},"duration":10},{"transform":{"scY":0.39,"y":-54.26,"x":-16.97},"duration":20},{"transform":{"scY":0.39,"y":-54.26,"x":-16.97},"duration":15},{"transform":{"scY":0.39,"y":-54.26,"x":-16.97},"duration":0}],"name":"w5"},{"frame":[{"transform":{"scY":0.39,"y":374.23,"x":-361.28},"duration":10},{"transform":{"scY":0.39,"y":374.23,"x":-361.28},"duration":20},{"transform":{"scY":0.39,"y":374.23,"x":-361.28},"duration":15},{"transform":{"scY":0.39,"y":374.23,"x":-361.28},"duration":0}],"name":"w6"},{"frame":[{"transform":{"scY":0.39,"y":-77.91,"x":-326.57},"duration":10},{"transform":{"scY":0.39,"y":-77.91,"x":-326.57},"duration":20},{"transform":{"scY":0.39,"y":-77.91,"x":-326.57},"duration":15},{"transform":{"scY":0.39,"y":-77.91,"x":-326.57},"duration":0}],"name":"w7"},{"frame":[{"transform":{"scY":0.39,"y":214.24,"x":-242.1},"duration":10},{"transform":{"scY":0.39,"y":214.24,"x":-242.1},"duration":20},{"transform":{"scY":0.39,"y":214.24,"x":-242.1},"duration":15},{"transform":{"scY":0.39,"y":214.24,"x":-242.1},"duration":0}],"name":"w8"},{"frame":[{"transform":{"scY":0.39,"y":132.89,"x":-329.7},"duration":10},{"transform":{"scY":0.39,"y":132.89,"x":-329.7},"duration":20},{"transform":{"scY":0.39,"y":132.89,"x":-329.7},"duration":15},{"transform":{"scY":0.39,"y":132.89,"x":-329.7},"duration":0}],"name":"w9"},{"frame":[{"transform":{"scY":0.39,"y":67.81,"x":-503.92},"duration":10},{"transform":{"scY":0.39,"y":67.81,"x":-503.92},"duration":20},{"transform":{"scY":0.39,"y":67.81,"x":-503.92},"duration":15},{"transform":{"scY":0.39,"y":67.81,"x":-503.92},"duration":0}],"name":"w10"},{"frame":[{"transform":{"scY":0.39,"y":232.09,"x":-269.17},"duration":10},{"transform":{"scY":0.39,"y":232.09,"x":-269.17},"duration":20},{"transform":{"scY":0.39,"y":232.09,"x":-269.17},"duration":15},{"transform":{"scY":0.39,"y":232.09,"x":-269.17},"duration":0}],"name":"w11"},{"frame":[{"tweenEasing":0,"transform":{"y":-66.96,"scX":4.733,"x":-328.04},"duration":30},{"tweenEasing":0,"transform":{"y":-66.96,"scX":4.733,"x":-57.16},"duration":15},{"transform":{"y":-66.96,"scX":14.446,"x":-57.16},"duration":0}],"name":"bone6"},{"frame":[{"transform":{},"duration":25},{"transform":{"scY":3.5,"y":1.1,"scX":3.5},"duration":5},{"tweenEasing":0,"transform":{"scY":3.5,"y":1.1,"scX":3.5},"duration":3},{"tweenEasing":0,"transform":{"scY":3.5,"y":1.1,"skX":-90,"skY":-90,"scX":3.5},"duration":3},{"tweenEasing":0,"transform":{"scY":3.5,"y":1.1,"skX":-180,"skY":-180,"scX":3.5},"duration":3},{"tweenEasing":0,"transform":{"scY":3.5,"y":1.1,"skX":-270,"skY":-270,"scX":3.5},"duration":3},{"tweenEasing":0,"transform":{"scY":3.5,"y":1.1,"scX":3.5},"duration":3},{"transform":{"scY":3.5,"y":1.1,"skX":-90,"skY":-90,"scX":3.5},"duration":0}],"name":"canying01"},{"frame":[{"tweenEasing":0,"transform":{},"duration":25},{"tweenEasing":0,"transform":{"y":-365.52,"scX":0.65},"duration":5},{"curve":[0,0.97,0.75,1],"transform":{"scY":1.33,"y":-365.52,"scX":0.864},"duration":15},{"transform":{"scY":1.502,"y":-365.52,"scX":0.976,"x":1063.39},"duration":0}],"name":"bone7"},{"frame":[{"transform":{"scY":1.754,"scX":2.269},"duration":30},{"transform":{"scY":1.754,"scX":2.269},"duration":15},{"transform":{"scY":1.754,"scX":2.269},"duration":0}],"name":"ys_guanyin_eff_pz"}],"slot":[{"frame":[{"tweenEasing":0,"color":{"aM":0},"duration":15},{"tweenEasing":null,"duration":15},{"tweenEasing":0,"duration":15},{"tweenEasing":null,"color":{"aM":0},"duration":0}],"name":"back"},{"frame":[{"tweenEasing":0,"color":{"aM":0},"duration":15},{"tweenEasing":null,"duration":15},{"tweenEasing":0,"duration":15},{"tweenEasing":null,"color":{"aM":0},"duration":0}],"name":"body"},{"frame":[{"displayIndex":-1,"tweenEasing":0,"duration":25},{"curve":[0,0.33,0.7645,0.955],"color":{"aM":0},"duration":5},{"tweenEasing":0,"duration":10},{"curve":[0.4,0.88,0.775,1],"duration":5},{"tweenEasing":null,"color":{"aM":0},"duration":0}],"name":"canying01"},{"frame":[{"tweenEasing":0,"color":{"bM":0,"gM":98,"aM":0},"duration":4},{"displayIndex":1,"tweenEasing":0,"duration":4},{"displayIndex":2,"tweenEasing":0,"duration":4},{"tweenEasing":0,"duration":1},{"tweenEasing":null,"color":{"bM":0,"gM":98},"duration":3},{"displayIndex":1,"tweenEasing":0,"duration":4},{"displayIndex":2,"tweenEasing":0,"duration":4},{"tweenEasing":0,"duration":2},{"displayIndex":1,"tweenEasing":0,"color":{"bM":0,"gM":98},"duration":5},{"displayIndex":2,"tweenEasing":0,"duration":2},{"tweenEasing":0,"duration":12},{"displayIndex":1,"tweenEasing":null,"color":{"bM":0,"gM":98,"aM":0},"duration":0}],"name":"gy_fangshe/cheng_fangshe_03_eff_02"},{"frame":[{"tweenEasing":0,"color":{"bM":0,"gM":98,"aM":0},"duration":4},{"displayIndex":1,"tweenEasing":0,"duration":4},{"displayIndex":2,"tweenEasing":0,"duration":4},{"tweenEasing":0,"duration":1},{"tweenEasing":null,"color":{"bM":0,"gM":98},"duration":3},{"displayIndex":1,"tweenEasing":0,"duration":4},{"displayIndex":2,"tweenEasing":0,"duration":4},{"tweenEasing":0,"duration":2},{"displayIndex":1,"tweenEasing":0,"duration":5},{"displayIndex":2,"tweenEasing":0,"duration":1},{"displayIndex":2,"tweenEasing":0,"color":{"bM":0,"gM":98},"duration":1},{"tweenEasing":0,"duration":5},{"displayIndex":2,"tweenEasing":0,"duration":3},{"tweenEasing":0,"duration":4},{"displayIndex":1,"tweenEasing":null,"color":{"bM":0,"gM":98,"aM":0},"duration":0}],"name":"gy_fangshe/cheng_fangshe_03_eff_2"},{"frame":[{"tweenEasing":0,"color":{"aM":0},"duration":15},{"tweenEasing":null,"duration":15},{"tweenEasing":0,"duration":15},{"tweenEasing":null,"color":{"aM":0},"duration":0}],"name":"head"},{"frame":[{"tweenEasing":0,"color":{"aM":0},"duration":15},{"tweenEasing":null,"duration":15},{"tweenEasing":0,"duration":15},{"tweenEasing":null,"color":{"aM":0},"duration":0}],"name":"hip"},{"frame":[{"tweenEasing":0,"color":{"aM":0},"duration":15},{"tweenEasing":null,"duration":15},{"tweenEasing":0,"duration":15},{"tweenEasing":null,"color":{"aM":0},"duration":0}],"name":"l1"},{"frame":[{"tweenEasing":0,"color":{"aM":0},"duration":15},{"tweenEasing":null,"duration":15},{"tweenEasing":0,"duration":15},{"tweenEasing":null,"color":{"aM":0},"duration":0}],"name":"l2"},{"frame":[{"tweenEasing":0,"color":{"aM":0},"duration":15},{"tweenEasing":null,"duration":15},{"tweenEasing":0,"duration":15},{"tweenEasing":null,"color":{"aM":0},"duration":0}],"name":"l3"},{"frame":[{"tweenEasing":0,"color":{"aM":0},"duration":15},{"tweenEasing":null,"duration":15},{"tweenEasing":0,"duration":15},{"tweenEasing":null,"color":{"aM":0},"duration":0}],"name":"l4"},{"frame":[{"tweenEasing":0,"color":{"aM":0},"duration":15},{"tweenEasing":null,"duration":15},{"tweenEasing":0,"duration":15},{"tweenEasing":null,"color":{"aM":0},"duration":0}],"name":"l5"},{"frame":[{"tweenEasing":0,"color":{"aM":0},"duration":15},{"tweenEasing":null,"duration":15},{"tweenEasing":0,"duration":15},{"tweenEasing":null,"color":{"aM":0},"duration":0}],"name":"la1"},{"frame":[{"tweenEasing":0,"color":{"aM":0},"duration":15},{"tweenEasing":null,"duration":15},{"tweenEasing":0,"duration":15},{"tweenEasing":null,"color":{"aM":0},"duration":0}],"name":"la2"},{"frame":[{"tweenEasing":0,"color":{"aM":0},"duration":15},{"tweenEasing":null,"duration":15},{"tweenEasing":0,"duration":15},{"tweenEasing":null,"color":{"aM":0},"duration":0}],"name":"la3"},{"frame":[{"tweenEasing":0,"color":{"aM":0},"duration":15},{"tweenEasing":null,"duration":15},{"tweenEasing":0,"duration":15},{"tweenEasing":null,"color":{"aM":0},"duration":0}],"name":"la4"},{"frame":[{"tweenEasing":0,"color":{"aM":0},"duration":15},{"tweenEasing":null,"duration":15},{"tweenEasing":0,"duration":15},{"tweenEasing":null,"color":{"aM":0},"duration":0}],"name":"la5"},{"frame":[{"tweenEasing":0,"color":{"aM":0},"duration":15},{"tweenEasing":null,"duration":15},{"tweenEasing":0,"duration":15},{"tweenEasing":null,"color":{"aM":0},"duration":0}],"name":"lh1"},{"frame":[{"tweenEasing":0,"color":{"aM":0},"duration":15},{"tweenEasing":null,"duration":15},{"tweenEasing":0,"duration":15},{"tweenEasing":null,"color":{"aM":0},"duration":0}],"name":"lh2"},{"frame":[{"tweenEasing":0,"color":{"aM":0},"duration":15},{"tweenEasing":null,"duration":15},{"tweenEasing":0,"duration":15},{"tweenEasing":null,"color":{"aM":0},"duration":0}],"name":"lh3"},{"frame":[{"tweenEasing":0,"color":{"aM":0},"duration":15},{"tweenEasing":null,"duration":15},{"tweenEasing":0,"duration":15},{"tweenEasing":null,"color":{"aM":0},"duration":0}],"name":"lh4"},{"frame":[{"tweenEasing":0,"color":{"aM":0},"duration":15},{"tweenEasing":null,"duration":15},{"tweenEasing":0,"duration":15},{"tweenEasing":null,"color":{"aM":0},"duration":0}],"name":"lh5"},{"frame":[{"tweenEasing":0,"color":{"aM":0},"duration":15},{"tweenEasing":null,"duration":15},{"tweenEasing":0,"duration":15},{"tweenEasing":null,"color":{"aM":0},"duration":0}],"name":"neck"},{"frame":[{"tweenEasing":0,"color":{"aM":0},"duration":15},{"tweenEasing":null,"duration":15},{"tweenEasing":0,"duration":15},{"tweenEasing":null,"color":{"aM":0},"duration":0}],"name":"r1"},{"frame":[{"tweenEasing":0,"color":{"aM":0},"duration":15},{"tweenEasing":null,"duration":15},{"tweenEasing":0,"duration":15},{"tweenEasing":null,"color":{"aM":0},"duration":0}],"name":"r2"},{"frame":[{"tweenEasing":0,"color":{"aM":0},"duration":15},{"tweenEasing":null,"duration":15},{"tweenEasing":0,"duration":15},{"tweenEasing":null,"color":{"aM":0},"duration":0}],"name":"r3"},{"frame":[{"tweenEasing":0,"color":{"aM":0},"duration":15},{"tweenEasing":null,"duration":15},{"tweenEasing":0,"duration":15},{"tweenEasing":null,"color":{"aM":0},"duration":0}],"name":"r4"},{"frame":[{"tweenEasing":0,"color":{"aM":0},"duration":15},{"tweenEasing":null,"duration":15},{"tweenEasing":0,"duration":15},{"tweenEasing":null,"color":{"aM":0},"duration":0}],"name":"r5"},{"frame":[{"tweenEasing":0,"color":{"aM":0},"duration":15},{"tweenEasing":null,"duration":15},{"tweenEasing":0,"duration":15},{"tweenEasing":null,"color":{"aM":0},"duration":0}],"name":"ra1"},{"frame":[{"tweenEasing":0,"color":{"aM":0},"duration":15},{"tweenEasing":null,"duration":15},{"tweenEasing":0,"duration":15},{"tweenEasing":null,"color":{"aM":0},"duration":0}],"name":"ra2"},{"frame":[{"tweenEasing":0,"color":{"aM":0},"duration":15},{"tweenEasing":null,"duration":15},{"tweenEasing":0,"duration":15},{"tweenEasing":null,"color":{"aM":0},"duration":0}],"name":"ra3"},{"frame":[{"tweenEasing":0,"color":{"aM":0},"duration":15},{"tweenEasing":null,"duration":15},{"tweenEasing":0,"duration":15},{"tweenEasing":null,"color":{"aM":0},"duration":0}],"name":"ra4"},{"frame":[{"tweenEasing":0,"color":{"aM":0},"duration":15},{"tweenEasing":null,"duration":15},{"tweenEasing":0,"duration":15},{"tweenEasing":null,"color":{"aM":0},"duration":0}],"name":"ra5"},{"frame":[{"tweenEasing":0,"color":{"aM":0},"duration":15},{"tweenEasing":null,"duration":15},{"tweenEasing":0,"duration":15},{"tweenEasing":null,"color":{"aM":0},"duration":0}],"name":"rh1"},{"frame":[{"tweenEasing":0,"color":{"aM":0},"duration":15},{"tweenEasing":null,"duration":15},{"tweenEasing":0,"duration":15},{"tweenEasing":null,"color":{"aM":0},"duration":0}],"name":"rh2"},{"frame":[{"tweenEasing":0,"color":{"aM":0},"duration":15},{"tweenEasing":null,"duration":15},{"tweenEasing":0,"duration":15},{"tweenEasing":null,"color":{"aM":0},"duration":0}],"name":"rh3"},{"frame":[{"tweenEasing":0,"color":{"aM":0},"duration":15},{"tweenEasing":null,"duration":15},{"tweenEasing":0,"duration":15},{"tweenEasing":null,"color":{"aM":0},"duration":0}],"name":"rh4"},{"frame":[{"tweenEasing":0,"color":{"aM":0},"duration":15},{"tweenEasing":null,"duration":15},{"tweenEasing":0,"duration":15},{"tweenEasing":null,"color":{"aM":0},"duration":0}],"name":"rh5"},{"frame":[{"curve":[0,0.275,0.7305,0.92],"color":{"aM":0},"duration":10},{"curve":[0,0.24,0.7105,0.895],"color":{"aM":28},"duration":15},{"curve":[0.31,0.4,0.648,0.73],"color":{"aM":23},"duration":5},{"curve":[0,0.275,0.7305,0.92],"duration":15},{"tweenEasing":null,"color":{"aM":0},"duration":0}],"name":"w1"},{"frame":[{"curve":[0,0.275,0.7305,0.92],"color":{"aM":0},"duration":10},{"curve":[0,0.24,0.7105,0.895],"color":{"aM":28},"duration":15},{"curve":[0.31,0.4,0.648,0.73],"color":{"aM":23},"duration":5},{"curve":[0,0.275,0.7305,0.92],"duration":15},{"tweenEasing":null,"color":{"aM":0},"duration":0}],"name":"w2"},{"frame":[{"curve":[0,0.275,0.7305,0.92],"color":{"aM":0},"duration":10},{"curve":[0,0.24,0.7105,0.895],"color":{"aM":28},"duration":15},{"curve":[0.31,0.4,0.648,0.73],"color":{"aM":23},"duration":5},{"curve":[0,0.275,0.7305,0.92],"duration":15},{"tweenEasing":null,"color":{"aM":0},"duration":0}],"name":"w3"},{"frame":[{"curve":[0,0.275,0.7305,0.92],"color":{"aM":0},"duration":10},{"curve":[0,0.24,0.7105,0.895],"color":{"aM":28},"duration":15},{"curve":[0.31,0.4,0.648,0.73],"color":{"aM":23},"duration":5},{"curve":[0,0.275,0.7305,0.92],"duration":15},{"tweenEasing":null,"color":{"aM":0},"duration":0}],"name":"w4"},{"frame":[{"curve":[0,0.275,0.7305,0.92],"color":{"aM":0},"duration":10},{"curve":[0,0.24,0.7105,0.895],"color":{"aM":28},"duration":15},{"curve":[0.31,0.4,0.648,0.73],"color":{"aM":23},"duration":5},{"curve":[0,0.275,0.7305,0.92],"duration":15},{"tweenEasing":null,"color":{"aM":0},"duration":0}],"name":"w5"},{"frame":[{"curve":[0,0.275,0.7305,0.92],"color":{"aM":0},"duration":10},{"curve":[0,0.24,0.7105,0.895],"color":{"aM":28},"duration":15},{"curve":[0.31,0.4,0.648,0.73],"color":{"aM":23},"duration":5},{"curve":[0,0.275,0.7305,0.92],"duration":15},{"tweenEasing":null,"color":{"aM":0},"duration":0}],"name":"w6"},{"frame":[{"curve":[0,0.275,0.7305,0.92],"color":{"aM":0},"duration":10},{"curve":[0,0.24,0.7105,0.895],"color":{"aM":28},"duration":15},{"curve":[0.31,0.4,0.648,0.73],"color":{"aM":23},"duration":5},{"curve":[0,0.275,0.7305,0.92],"duration":15},{"tweenEasing":null,"color":{"aM":0},"duration":0}],"name":"w7"},{"frame":[{"curve":[0,0.275,0.7305,0.92],"color":{"aM":0},"duration":10},{"curve":[0,0.24,0.7105,0.895],"color":{"aM":28},"duration":15},{"curve":[0.31,0.4,0.648,0.73],"color":{"aM":23},"duration":5},{"curve":[0,0.275,0.7305,0.92],"duration":15},{"tweenEasing":null,"color":{"aM":0},"duration":0}],"name":"w8"},{"frame":[{"curve":[0,0.275,0.7305,0.92],"color":{"aM":0},"duration":10},{"curve":[0,0.24,0.7105,0.895],"color":{"aM":28},"duration":15},{"curve":[0.31,0.4,0.648,0.73],"color":{"aM":23},"duration":5},{"curve":[0,0.275,0.7305,0.92],"duration":15},{"tweenEasing":null,"color":{"aM":0},"duration":0}],"name":"w9"},{"frame":[{"curve":[0,0.275,0.7305,0.92],"color":{"aM":0},"duration":10},{"curve":[0,0.24,0.7105,0.895],"color":{"aM":28},"duration":15},{"curve":[0.31,0.4,0.648,0.73],"color":{"aM":23},"duration":5},{"curve":[0,0.275,0.7305,0.92],"duration":15},{"tweenEasing":null,"color":{"aM":0},"duration":0}],"name":"w10"},{"frame":[{"curve":[0,0.275,0.7305,0.92],"color":{"aM":0},"duration":10},{"curve":[0,0.24,0.7105,0.895],"color":{"aM":28},"duration":15},{"curve":[0.31,0.4,0.648,0.73],"color":{"aM":23},"duration":5},{"curve":[0,0.275,0.7305,0.92],"duration":15},{"tweenEasing":null,"color":{"aM":0},"duration":0}],"name":"w11"},{"frame":[{"displayIndex":-1,"tweenEasing":0,"duration":30},{"tweenEasing":null,"duration":15}],"name":"ys_guanyin_eff_pz"},{"frame":[{"curve":[0.125,0,0.875,1],"color":{"aM":0},"duration":30},{"tweenEasing":0,"duration":15},{"tweenEasing":null,"color":{"aM":0},"duration":0}],"name":"ys_shouzhang_eff_1"},{"frame":[{"curve":[0.125,0,0.875,1],"color":{"aM":0},"duration":30},{"tweenEasing":0,"duration":15},{"tweenEasing":null,"color":{"aM":0},"duration":0}],"name":"ys_shouzhang_eff_01"},{"frame":[{"curve":[0.125,0,0.875,1],"color":{"aM":0},"duration":30},{"tweenEasing":0,"duration":15},{"tweenEasing":null,"color":{"aM":0},"duration":0}],"name":"ys_shouzhang_eff_2"},{"frame":[{"curve":[0.125,0,0.875,1],"color":{"aM":0},"duration":30},{"tweenEasing":0,"duration":15},{"tweenEasing":null,"color":{"aM":0},"duration":0}],"name":"ys_shouzhang_eff_3"},{"frame":[{"curve":[0.125,0,0.875,1],"color":{"aM":0},"duration":30},{"tweenEasing":0,"duration":15},{"tweenEasing":null,"color":{"aM":0},"duration":0}],"name":"ys_shouzhang_eff_4"},{"frame":[{"curve":[0.125,0,0.875,1],"color":{"aM":0},"duration":30},{"tweenEasing":0,"duration":15},{"tweenEasing":null,"color":{"aM":0},"duration":0}],"name":"ys_shouzhang_eff_5"},{"frame":[{"curve":[0.125,0,0.875,1],"color":{"aM":0},"duration":30},{"tweenEasing":0,"duration":15},{"tweenEasing":null,"color":{"aM":0},"duration":0}],"name":"ys_shouzhang_eff_6"},{"frame":[{"curve":[0.125,0,0.875,1],"color":{"aM":0},"duration":30},{"tweenEasing":0,"duration":15},{"tweenEasing":null,"color":{"aM":0},"duration":0}],"name":"ys_shouzhang_eff_7"},{"frame":[{"curve":[0.125,0,0.875,1],"color":{"aM":0},"duration":30},{"tweenEasing":0,"duration":15},{"tweenEasing":null,"color":{"aM":0},"duration":0}],"name":"ys_shouzhang_eff_8"},{"frame":[{"curve":[0.125,0,0.875,1],"color":{"aM":0},"duration":30},{"tweenEasing":0,"duration":15},{"tweenEasing":null,"color":{"aM":0},"duration":0}],"name":"ys_shouzhang_eff_9"},{"frame":[{"curve":[0.125,0,0.875,1],"color":{"aM":0},"duration":30},{"tweenEasing":0,"duration":15},{"tweenEasing":null,"color":{"aM":0},"duration":0}],"name":"ys_shouzhang_eff_10"},{"frame":[{"curve":[0.125,0,0.875,1],"color":{"aM":0},"duration":30},{"tweenEasing":0,"duration":15},{"tweenEasing":null,"color":{"aM":0},"duration":0}],"name":"ys_shouzhang_eff_11"},{"frame":[{"curve":[0.125,0,0.875,1],"color":{"aM":0},"duration":30},{"tweenEasing":0,"duration":15},{"tweenEasing":null,"color":{"aM":0},"duration":0}],"name":"ys_shouzhang_eff_12"},{"frame":[{"curve":[0.125,0,0.875,1],"color":{"aM":0},"duration":30},{"tweenEasing":0,"duration":15},{"tweenEasing":null,"color":{"aM":0},"duration":0}],"name":"ys_shouzhang_eff_13"},{"frame":[{"curve":[0.125,0,0.875,1],"color":{"aM":0},"duration":30},{"tweenEasing":0,"duration":15},{"tweenEasing":null,"color":{"aM":0},"duration":0}],"name":"ys_shouzhang_eff_14"},{"frame":[{"curve":[0.125,0,0.875,1],"color":{"aM":0},"duration":30},{"tweenEasing":0,"duration":15},{"tweenEasing":null,"color":{"aM":0},"duration":0}],"name":"ys_shouzhang_eff_15"},{"frame":[{"curve":[0.125,0,0.875,1],"color":{"aM":0},"duration":30},{"tweenEasing":0,"duration":15},{"tweenEasing":null,"color":{"aM":0},"duration":0}],"name":"ys_shouzhang_eff_16"},{"frame":[{"curve":[0.125,0,0.875,1],"color":{"aM":0},"duration":30},{"tweenEasing":0,"duration":15},{"tweenEasing":null,"color":{"aM":0},"duration":0}],"name":"ys_shouzhang_eff_17"}],"ffd":[{"frame":[{"offset":0,"tweenEasing":null,"vertices":[],"duration":30},{"offset":0,"tweenEasing":null,"vertices":[],"duration":15},{"offset":0,"tweenEasing":null,"vertices":[],"duration":0}],"slot":"body","scale":1,"offset":0,"skin":"","name":"body"}],"frame":[],"name":"000_shifa","duration":45}],"skin":[{"slot":[{"display":[{"path":"la1","type":"image","name":"la1","transform":{"y":0.91,"skX":-45.76,"skY":-45.76,"x":24.15}}],"name":"la1"},{"display":[{"path":"w1","type":"image","name":"w1","transform":{"y":-1.28,"skX":-1.51,"skY":-1.51,"x":86.84}}],"blendMode":"add","name":"w9"},{"display":[{"path":"lh4","type":"image","name":"lh4","transform":{"y":-2.43,"skX":82.04,"skY":82.04,"x":17.12}}],"name":"lh4"},{"display":[{"path":"w1","type":"image","name":"w1","transform":{"y":-1.28,"skX":-1.51,"skY":-1.51,"x":86.84}}],"blendMode":"add","name":"w5"},{"display":[{"path":"rh1","type":"image","name":"rh1","transform":{"y":-3.03,"skX":-125.02,"skY":-125.02,"x":17.97}}],"name":"rh1"},{"display":[{"path":"ys_shouzhang_eff_01","type":"image","name":"ys_shouzhang_eff_01","transform":{"y":-6.98}}],"blendMode":"add","name":"ys_shouzhang_eff_4"},{"display":[{"path":"ys_shouzhang_eff_01","type":"image","name":"ys_shouzhang_eff_01","transform":{"y":-6.98}}],"blendMode":"add","name":"ys_shouzhang_eff_12"},{"display":[{"path":"ys_shouzhang_eff_01","type":"image","name":"ys_shouzhang_eff_01","transform":{"y":-6.98}}],"blendMode":"add","name":"ys_shouzhang_eff_8"},{"display":[{"path":"r3","type":"image","name":"r3","transform":{"y":-1.22,"skX":-155.4,"skY":-155.4,"x":35.75}}],"name":"r3"},{"display":[{"path":"ys_shouzhang_eff_01","type":"image","name":"ys_shouzhang_eff_01","transform":{"y":-6.98}}],"blendMode":"add","name":"ys_shouzhang_eff_14"},{"display":[{"path":"ys_guanyin_eff_pz","type":"image","name":"ys_guanyin_eff_pz","transform":{"scY":49.519,"y":-187.78,"scX":105.368,"x":148.48}}],"name":"ys_guanyin_eff_pz"},{"display":[{"path":"la3","type":"image","name":"la3","transform":{"y":-2.57,"skX":-16.87,"skY":-16.87,"x":22.36}}],"name":"la3"},{"display":[{"path":"w1","type":"image","name":"w1","transform":{"y":-1.28,"skX":-1.51,"skY":-1.51,"x":86.84}}],"blendMode":"add","name":"w6"},{"display":[{"path":"ra1","type":"image","name":"ra1","transform":{"y":-0.89,"skX":-121.73,"skY":-121.73,"x":25.12}}],"name":"ra1"},{"display":[{"path":"head","type":"image","name":"head","transform":{"y":-1.75,"skX":74.06,"skY":74.06,"x":39.64}}],"name":"head"},{"display":[{"path":"ys_shouzhang_eff_01","type":"image","name":"ys_shouzhang_eff_01","transform":{"y":-6.98}}],"blendMode":"add","name":"ys_shouzhang_eff_10"},{"display":[{"path":"lh1","type":"image","name":"lh1","transform":{"y":2.43,"skX":-14.8,"skY":-14.8,"x":20.96}}],"name":"lh1"},{"display":[{"path":"ys_shouzhang_eff_01","type":"image","name":"ys_shouzhang_eff_01","transform":{"y":-6.98}}],"blendMode":"add","name":"ys_shouzhang_eff_15"},{"display":[{"path":"ra4","type":"image","name":"ra4","transform":{"y":0.52,"skX":84.71,"skY":84.71,"x":27.47}}],"name":"ra4"},{"display":[{"path":"ys_shouzhang_eff_01","type":"image","name":"ys_shouzhang_eff_01","transform":{"y":-6.98}}],"blendMode":"add","name":"ys_shouzhang_eff_7"},{"display":[{"path":"ra3","type":"image","name":"ra3","transform":{"y":-2.27,"skX":139.06,"skY":139.06,"x":21.75}}],"name":"ra3"},{"display":[{"path":"ys_shouzhang_eff_01","type":"image","name":"ys_shouzhang_eff_01","transform":{"y":-6.98}}],"blendMode":"add","name":"ys_shouzhang_eff_17"},{"display":[{"path":"l1","type":"image","name":"l1","transform":{"y":-1.01,"skX":-60.14,"skY":-60.14,"x":29.9}}],"name":"l1"},{"display":[{"path":"canying01","type":"image","name":"canying01","transform":{}}],"blendMode":"add","name":"canying01"},{"display":[{"path":"l3","type":"image","name":"l3","transform":{"y":1.79,"skX":-41.03,"skY":-41.03,"x":31.66}}],"name":"l3"},{"display":[{"path":"w1","type":"image","name":"w1","transform":{"y":-1.28,"skX":-1.51,"skY":-1.51,"x":86.84}}],"blendMode":"add","name":"w7"},{"display":[{"path":"ys_shouzhang_eff_01","type":"image","name":"ys_shouzhang_eff_01","transform":{"y":-6.98}}],"blendMode":"add","name":"ys_shouzhang_eff_6"},{"display":[{"path":"ys_shouzhang_eff_01","type":"image","name":"ys_shouzhang_eff_01","transform":{"y":-6.98}}],"blendMode":"add","name":"ys_shouzhang_eff_3"},{"display":[{"path":"ra5","type":"image","name":"ra5","transform":{"y":1.02,"skX":-50.29,"skY":-50.29,"x":14.83}}],"name":"ra5"},{"display":[{"path":"r4","type":"image","name":"r4","transform":{"y":0.29,"skX":128.53,"skY":128.53,"x":29.97}}],"name":"r4"},{"display":[{"path":"w1","type":"image","name":"w1","transform":{"y":-1.28,"skX":-1.51,"skY":-1.51,"x":86.84}}],"blendMode":"add","name":"w10"},{"display":[{"path":"rh3","type":"image","name":"rh3","transform":{"y":3.84,"skX":108.26,"skY":108.26,"x":21.79}}],"name":"rh3"},{"display":[{"path":"r5","type":"image","name":"r5","transform":{"y":-0.61,"skX":-120.77,"skY":-120.77,"x":29.69}}],"name":"r5"},{"display":[{"path":"w1","type":"image","name":"w1","transform":{"y":-1.28,"skX":-1.51,"skY":-1.51,"x":86.84}}],"blendMode":"add","name":"w4"},{"display":[{"path":"hip","type":"image","name":"hip","transform":{"y":40.99,"x":-11.54}}],"name":"hip"},{"display":[{"path":"lh3","type":"image","name":"lh3","transform":{"y":-3.05,"skX":12.36,"skY":12.36,"x":19.25}}],"name":"lh3"},{"display":[{"path":"l5","type":"image","name":"l5","transform":{"y":1.7,"skX":32.65,"skY":32.65,"x":33.32}}],"name":"l5"},{"display":[{"path":"w1","type":"image","name":"w1","transform":{"y":-1.28,"skX":-1.51,"skY":-1.51,"x":86.84}}],"blendMode":"add","name":"w11"},{"display":[{"path":"ra2","type":"image","name":"ra2","transform":{"y":-3.13,"skX":-145.75,"skY":-145.75,"x":23.62}}],"name":"ra2"},{"display":[{"path":"rh4","type":"image","name":"rh4","transform":{"y":1.57,"skX":53.38,"skY":53.38,"x":20.9}}],"name":"rh4"},{"display":[{"path":"la5","type":"image","name":"la5","transform":{"y":-1.01,"skX":77.87,"skY":77.87,"x":17.88}}],"name":"la5"},{"display":[{"path":"gy_fangshe/cheng_fangshe_03_eff_02","type":"image","name":"gy_fangshe/cheng_fangshe_03_eff_02","transform":{}},{"path":"gy_fangshe/cheng_fangshe_03_eff_03","type":"image","name":"gy_fangshe/cheng_fangshe_03_eff_03","transform":{}},{"path":"gy_fangshe/cheng_fangshe_03_eff_04","type":"image","name":"gy_fangshe/cheng_fangshe_03_eff_04","transform":{}}],"blendMode":"add","name":"gy_fangshe/cheng_fangshe_03_eff_2"},{"display":[{"path":"gy_fangshe/cheng_fangshe_03_eff_02","type":"image","name":"gy_fangshe/cheng_fangshe_03_eff_02","transform":{}},{"path":"gy_fangshe/cheng_fangshe_03_eff_03","type":"image","name":"gy_fangshe/cheng_fangshe_03_eff_03","transform":{}},{"path":"gy_fangshe/cheng_fangshe_03_eff_04","type":"image","name":"gy_fangshe/cheng_fangshe_03_eff_04","transform":{}}],"blendMode":"add","name":"gy_fangshe/cheng_fangshe_03_eff_02"},{"display":[{"path":"back","type":"image","name":"back","transform":{"y":-9.54,"skX":96.5,"skY":96.5,"x":16.48}}],"name":"back"},{"display":[{"path":"la2","type":"image","name":"la2","transform":{"y":2.14,"skX":-72.21,"skY":-72.21,"x":21.04}}],"name":"la2"},{"display":[{"path":"ys_shouzhang_eff_01","type":"image","name":"ys_shouzhang_eff_01","transform":{"y":-6.98}}],"blendMode":"add","name":"ys_shouzhang_eff_5"},{"display":[{"path":"lh5","type":"image","name":"lh5","transform":{"y":-1.63,"skX":95.04,"skY":95.04,"x":16.11}}],"name":"lh5"},{"display":[{"path":"rh5","type":"image","name":"rh5","transform":{"y":0.21,"skX":-31.87,"skY":-31.87,"x":15.1}}],"name":"rh5"},{"display":[{"path":"r2","type":"image","name":"r2","transform":{"y":-0.4,"skX":-138.73,"skY":-138.73,"x":36.14}}],"name":"r2"},{"display":[{"path":"ys_shouzhang_eff_01","type":"image","name":"ys_shouzhang_eff_01","transform":{"y":-6.98}}],"blendMode":"add","name":"ys_shouzhang_eff_2"},{"display":[{"path":"ys_shouzhang_eff_01","type":"image","name":"ys_shouzhang_eff_01","transform":{"y":-6.98}}],"blendMode":"add","name":"ys_shouzhang_eff_13"},{"display":[{"path":"neck","type":"image","name":"neck","transform":{"y":-1.54,"skX":43.44,"skY":43.44,"x":17.26}}],"name":"neck"},{"display":[{"path":"l2","type":"image","name":"l2","transform":{"y":0.52,"skX":-73.75,"skY":-73.75,"x":41.8}}],"name":"l2"},{"display":[{"path":"w1","type":"image","name":"w1","transform":{"y":-1.28,"skX":-1.51,"skY":-1.51,"x":86.84}}],"blendMode":"add","name":"w3"},{"display":[{"path":"la4","type":"image","name":"la4","transform":{"y":3.3,"skX":56.85,"skY":56.85,"x":20.59}}],"name":"la4"},{"display":[{"path":"ys_shouzhang_eff_01","type":"image","name":"ys_shouzhang_eff_01","transform":{"y":-6.98}}],"blendMode":"add","name":"ys_shouzhang_eff_9"},{"display":[{"path":"w1","type":"image","name":"w1","transform":{"y":-1.28,"skX":-1.51,"skY":-1.51,"x":86.84}}],"blendMode":"add","name":"w2"},{"display":[{"path":"ys_shouzhang_eff_01","type":"image","name":"ys_shouzhang_eff_01","transform":{"y":-6.98}}],"blendMode":"add","name":"ys_shouzhang_eff_16"},{"display":[{"path":"w1","type":"image","name":"w1","transform":{"y":-1.28,"skX":-1.51,"skY":-1.51,"x":86.84}}],"blendMode":"add","name":"w8"},{"display":[{"path":"rh2","type":"image","name":"rh2","transform":{"y":2.82,"skX":-160.02,"skY":-160.02,"x":18.7}}],"name":"rh2"},{"display":[{"path":"w1","type":"image","name":"w1","transform":{"y":-1.28,"skX":-1.51,"skY":-1.51,"x":86.84}}],"blendMode":"add","name":"w1"},{"display":[{"uvs":[0.98329,0.35862,1,0.55475,0.93987,0.62508,0.98734,0.69928,0.94653,0.7807,0.81972,0.83368,0.70565,1,0.52193,0.99999,0.2705,0.99998,0,0.42658,0,0.25604,0.19694,0.22174,0.17514,0,0.99999,0.20892,0.37843,0.77841,0.27495,0.66967,0.32847,0.5503,0.47219,0.41817,0.85965,0.46517,0.70924,0.60156,0.67239,0.77848,0.18825,0.41597],"vertices":[33.34,-305.17,34.96,-275.37,29.13,-264.68,33.73,-253.4,29.78,-241.02,17.48,-232.97,6.43,-207.71,-11.4,-207.71,-35.78,-207.7,-62.02,-294.83,-62.02,-320.74,-42.92,-325.97,-45.04,-359.66,34.96,-327.92,-25.32,-241.36,-35.36,-257.89,-30.16,-276.03,-16.23,-296.11,21.35,-288.98,6.76,-268.25,3.19,-241.36,-43.76,-296.44],"edges":[9,8,8,7,7,6,6,5,5,4,4,3,3,2,2,1,1,0,0,13,13,12,12,11,11,10,10,9],"path":"body","bonePose":[7,0.17777179526300307,-0.9840717396658482,0.9840717396658482,0.17777179526300307,-21.7,-222.29,23,-0.11302980104223644,-0.9935915982315632,0.9935915982315632,-0.11302980104223644,-12.886074390860308,-271.0802768526327],"triangles":[0,18,1,18,2,1,17,0,13,11,17,13,12,11,13,2,20,3,20,4,3,17,18,0,20,5,4,19,20,2,18,19,2,17,19,18,20,6,5,14,7,20,15,14,19,16,15,19,17,16,19,14,20,19,20,7,6,11,21,17,14,8,7,21,16,17,15,8,14,9,15,16,21,9,16,10,21,11,9,8,15,10,9,21],"type":"mesh","transform":{},"slotPose":[1,0,0,1,0,0],"userEdges":[],"width":97,"height":152,"name":"body","weights":[2,7,0.05319,23,0.9468,2,7,0.36809,23,0.6319,2,7,0.59263,23,0.40736,2,7,0.78205,23,0.21794,2,7,0.87211,23,0.12788,2,7,0.95841,23,0.04158,1,7,1,1,7,1,1,7,1,2,7,0.07255,23,0.92744,2,7,0.00072,23,0.99927,1,23,1,1,23,1,2,7,0.00154,23,0.99845,2,7,0.99795,23,0.00204,2,7,0.76114,23,0.23885,2,7,0.46217,23,0.53782,1,23,1,2,7,0.23597,23,0.76402,2,7,0.53787,23,0.46212,2,7,0.95905,23,0.04094,2,7,0.04452,23,0.95547]}],"name":"body"},{"display":[{"path":"lh2","type":"image","name":"lh2","transform":{"y":2.04,"skX":-27.2,"skY":-27.2,"x":15.8}}],"name":"lh2"},{"display":[{"path":"ys_shouzhang_eff_01","type":"image","name":"ys_shouzhang_eff_01","transform":{"y":-6.98}}],"blendMode":"add","name":"ys_shouzhang_eff_1"},{"display":[{"path":"ys_shouzhang_eff_01","type":"image","name":"ys_shouzhang_eff_01","transform":{"y":-6.98}}],"blendMode":"add","name":"ys_shouzhang_eff_01"},{"display":[{"path":"ys_shouzhang_eff_01","type":"image","name":"ys_shouzhang_eff_01","transform":{"y":-6.98}}],"blendMode":"add","name":"ys_shouzhang_eff_11"},{"display":[{"path":"l4","type":"image","name":"l4","transform":{"y":2.49,"skX":-25.64,"skY":-25.64,"x":28.49}}],"name":"l4"},{"display":[{"path":"r1","type":"image","name":"r1","transform":{"y":-1.24,"skX":-132.37,"skY":-132.37,"x":38.1}}],"name":"r1"}],"name":""}],"defaultActions":[{"gotoAndPlay":"000_shifa"}],"aabb":{"width":926.714625576815,"y":-468.6859148139219,"height":580.0859148139219,"x":-178.04618557681493},"slot":[{"name":"ys_guanyin_eff_pz","parent":"ys_guanyin_eff_pz","color":{}},{"blendMode":"add","displayIndex":-1,"z":1,"parent":"ys_shouzhang_eff_0","name":"ys_shouzhang_eff_01","color":{}},{"blendMode":"add","displayIndex":-1,"z":2,"parent":"ys_shouzhang_eff_1","name":"ys_shouzhang_eff_1","color":{}},{"blendMode":"add","displayIndex":-1,"z":3,"parent":"ys_shouzhang_eff_2","name":"ys_shouzhang_eff_2","color":{}},{"blendMode":"add","displayIndex":-1,"z":4,"parent":"ys_shouzhang_eff_3","name":"ys_shouzhang_eff_3","color":{}},{"blendMode":"add","displayIndex":-1,"z":5,"parent":"ys_shouzhang_eff_4","name":"ys_shouzhang_eff_4","color":{}},{"blendMode":"add","displayIndex":-1,"z":6,"parent":"ys_shouzhang_eff_5","name":"ys_shouzhang_eff_5","color":{}},{"blendMode":"add","displayIndex":-1,"z":7,"parent":"ys_shouzhang_eff_6","name":"ys_shouzhang_eff_6","color":{}},{"blendMode":"add","displayIndex":-1,"z":8,"parent":"ys_shouzhang_eff_7","name":"ys_shouzhang_eff_7","color":{}},{"blendMode":"add","displayIndex":-1,"z":9,"parent":"ys_shouzhang_eff_8","name":"ys_shouzhang_eff_8","color":{}},{"blendMode":"add","displayIndex":-1,"z":10,"parent":"ys_shouzhang_eff_9","name":"ys_shouzhang_eff_9","color":{}},{"blendMode":"add","displayIndex":-1,"z":11,"parent":"ys_shouzhang_eff_10","name":"ys_shouzhang_eff_10","color":{}},{"blendMode":"add","displayIndex":-1,"z":12,"parent":"ys_shouzhang_eff_11","name":"ys_shouzhang_eff_11","color":{}},{"blendMode":"add","displayIndex":-1,"z":13,"parent":"ys_shouzhang_eff_12","name":"ys_shouzhang_eff_12","color":{}},{"blendMode":"add","displayIndex":-1,"z":14,"parent":"ys_shouzhang_eff_13","name":"ys_shouzhang_eff_13","color":{}},{"blendMode":"add","displayIndex":-1,"z":15,"parent":"ys_shouzhang_eff_14","name":"ys_shouzhang_eff_14","color":{}},{"blendMode":"add","displayIndex":-1,"z":16,"parent":"ys_shouzhang_eff_15","name":"ys_shouzhang_eff_15","color":{}},{"blendMode":"add","displayIndex":-1,"z":17,"parent":"ys_shouzhang_eff_16","name":"ys_shouzhang_eff_16","color":{}},{"blendMode":"add","displayIndex":-1,"z":18,"parent":"ys_shouzhang_eff_17","name":"ys_shouzhang_eff_17","color":{}},{"blendMode":"add","z":19,"parent":"gy_fangshe/cheng_fangshe_03_eff_02","name":"gy_fangshe/cheng_fangshe_03_eff_02","color":{"bM":0,"gM":98}},{"blendMode":"add","z":20,"parent":"gy_fangshe/cheng_fangshe_03_eff_2","name":"gy_fangshe/cheng_fangshe_03_eff_2","color":{"bM":0,"gM":98}},{"z":21,"name":"r4","parent":"r4","color":{}},{"z":22,"name":"ra4","parent":"ra4","color":{}},{"z":23,"name":"rh4","parent":"rh4","color":{}},{"z":24,"name":"r3","parent":"r3","color":{}},{"z":25,"name":"ra3","parent":"ra3","color":{}},{"z":26,"name":"rh3","parent":"rh3","color":{}},{"z":27,"name":"ra2","parent":"ra2","color":{}},{"z":28,"name":"r2","parent":"r2","color":{}},{"z":29,"name":"rh2","parent":"rh2","color":{}},{"z":30,"name":"r1","parent":"r1","color":{}},{"z":31,"name":"rh1","parent":"rh1","color":{}},{"z":32,"name":"ra1","parent":"ra1","color":{}},{"z":33,"name":"l5","parent":"l5","color":{}},{"z":34,"name":"la5","parent":"la5","color":{}},{"z":35,"name":"lh5","parent":"lh5","color":{}},{"z":36,"name":"la4","parent":"la4","color":{}},{"z":37,"name":"l4","parent":"bone2","color":{}},{"z":38,"name":"lh4","parent":"lh4","color":{}},{"z":39,"name":"la3","parent":"la3","color":{}},{"z":40,"name":"l3","parent":"l3","color":{}},{"z":41,"name":"lh3","parent":"lh3","color":{}},{"z":42,"name":"la2","parent":"la2","color":{}},{"z":43,"name":"l2","parent":"l2","color":{}},{"z":44,"name":"lh2","parent":"lh2","color":{}},{"z":45,"name":"la1","parent":"la1","color":{}},{"z":46,"name":"lh1","parent":"lh1","color":{}},{"z":47,"name":"l1","parent":"l1","color":{}},{"z":48,"name":"hip","parent":"hip","color":{}},{"z":49,"name":"back","parent":"back","color":{}},{"z":50,"name":"neck","parent":"neck","color":{}},{"z":51,"name":"body","parent":"body","color":{}},{"z":52,"name":"head","parent":"head","color":{}},{"z":53,"name":"r5","parent":"r5","color":{}},{"z":54,"name":"ra5","parent":"ra5","color":{}},{"z":55,"name":"rh5","parent":"rh5","color":{}},{"blendMode":"add","z":56,"parent":"w1","name":"w1","color":{}},{"blendMode":"add","z":57,"parent":"w2","name":"w2","color":{}},{"blendMode":"add","z":58,"parent":"w5","name":"w5","color":{}},{"blendMode":"add","z":59,"parent":"w6","name":"w6","color":{}},{"blendMode":"add","z":60,"parent":"w7","name":"w7","color":{}},{"blendMode":"add","z":61,"parent":"w10","name":"w10","color":{}},{"blendMode":"add","z":62,"parent":"w11","name":"w11","color":{}},{"blendMode":"add","z":63,"parent":"w3","name":"w3","color":{}},{"blendMode":"add","z":64,"parent":"w8","name":"w8","color":{}},{"blendMode":"add","z":65,"parent":"w9","name":"w9","color":{}},{"blendMode":"add","z":66,"parent":"w4","name":"w4","color":{}},{"blendMode":"add","z":67,"parent":"canying01","name":"canying01","color":{}}],"name":"armatureName"}],"name":"ys_guanyin_eff","version":"4.0"}