{"frameRate":30,"isGlobal":0,"armature":[{"bone":[{"name":"root","transform":{}},{"transform":{"y":-13.22,"x":11.62},"name":"light","parent":"root"},{"transform":{"y":-69.54,"x":-11.22},"name":"white01","parent":"root"},{"transform":{"y":-13.45,"x":10.79},"name":"white04","parent":"root"},{"transform":{"y":-78.97,"x":24.41},"name":"white02","parent":"root"},{"transform":{"y":-30.23,"x":41.71},"name":"white05","parent":"root"},{"transform":{"y":9.6,"x":-32.18},"name":"white03","parent":"root"},{"transform":{"scY":1.948,"y":-13.22,"scX":1.948,"x":11.62},"name":"lightstar","parent":"root"},{"transform":{"y":34.23,"x":28.61},"name":"white07","parent":"root"},{"transform":{"y":65.68,"x":-9.64},"name":"white06","parent":"root"},{"transform":{},"name":"light06","parent":"white06"},{"transform":{},"name":"light01","parent":"white01"},{"transform":{},"name":"light03","parent":"white03"},{"transform":{},"name":"light04","parent":"white04"},{"transform":{},"name":"light02","parent":"white02"},{"transform":{},"name":"light07","parent":"white07"},{"transform":{},"name":"light05","parent":"white05"}],"type":"Armature","frameRate":30,"animation":[{"bone":[{"frame":[{"transform":{},"duration":25},{"transform":{},"duration":20},{"transform":{},"duration":0}],"name":"light"},{"frame":[{"transform":{},"duration":14},{"transform":{},"duration":11},{"transform":{},"duration":3},{"transform":{},"duration":17},{"transform":{},"duration":0}],"name":"light01"},{"frame":[{"transform":{},"duration":14},{"transform":{},"duration":11},{"transform":{},"duration":3},{"transform":{},"duration":17},{"transform":{},"duration":0}],"name":"light02"},{"frame":[{"transform":{},"duration":14},{"transform":{},"duration":11},{"transform":{},"duration":3},{"transform":{},"duration":17},{"transform":{},"duration":0}],"name":"light03"},{"frame":[{"tweenEasing":0,"transform":{},"duration":14},{"tweenEasing":0,"transform":{"y":14.73},"duration":11},{"tweenEasing":0,"transform":{"y":9.49},"duration":3},{"tweenEasing":0,"transform":{"y":8.78},"duration":17},{"transform":{"y":4.73},"duration":0}],"name":"light04"},{"frame":[{"transform":{},"duration":14},{"transform":{},"duration":11},{"transform":{},"duration":3},{"transform":{},"duration":17},{"transform":{},"duration":0}],"name":"light05"},{"frame":[{"transform":{},"duration":14},{"transform":{},"duration":11},{"transform":{},"duration":3},{"transform":{},"duration":17},{"transform":{},"duration":0}],"name":"light06"},{"frame":[{"transform":{},"duration":14},{"transform":{},"duration":11},{"transform":{},"duration":3},{"transform":{},"duration":17},{"transform":{},"duration":0}],"name":"light07"},{"frame":[{"tweenEasing":0,"transform":{},"duration":25},{"tweenEasing":0,"transform":{"scY":1.056,"scX":1.056},"duration":3},{"curve":[0.238,1,0.164,0.9],"transform":{"scY":1.063,"scX":1.063},"duration":2},{"curve":[0.357,0,0.904,0],"transform":{"scY":1.56,"scX":1.56},"duration":11},{"curve":[0.364,0.29,0.7,0.62],"transform":{"scY":0.536,"scX":0.536},"duration":1},{"transform":{"scY":0,"scX":0},"duration":3},{"transform":{"scY":0,"scX":0},"duration":0}],"name":"lightstar"},{"frame":[{"curve":[0.238,0.79,0.75,1],"transform":{"y":-20.06,"x":-22.07},"duration":7},{"transform":{},"duration":7},{"transform":{},"duration":11},{"transform":{},"duration":3},{"transform":{},"duration":17},{"transform":{},"duration":0}],"name":"white01"},{"frame":[{"transform":{"y":-23.6,"x":12.2},"duration":4},{"tweenEasing":0,"transform":{"y":-23.6,"x":12.2},"duration":7},{"transform":{},"duration":14},{"transform":{},"duration":3},{"transform":{},"duration":17},{"transform":{},"duration":0}],"name":"white02"},{"frame":[{"transform":{"y":8.13,"x":-10.58},"duration":6},{"curve":[0.267,0.78,0.75,1],"transform":{"y":8.13,"x":-10.58},"duration":7},{"transform":{},"duration":12},{"transform":{},"duration":3},{"transform":{},"duration":17},{"transform":{},"duration":0}],"name":"white03"},{"frame":[{"transform":{"y":11.05},"duration":13},{"curve":[0.255,0.73,0.75,1],"transform":{"y":11.05},"duration":7},{"transform":{},"duration":5},{"transform":{},"duration":3},{"transform":{},"duration":17},{"transform":{},"duration":0}],"name":"white04"},{"frame":[{"transform":{"y":-5.95,"x":14.87},"duration":14},{"transform":{"y":-5.95,"x":14.87},"duration":1},{"curve":[0.235,0.66,0.75,1],"transform":{"y":-5.95,"x":14.87},"duration":8},{"transform":{},"duration":2},{"transform":{},"duration":3},{"transform":{},"duration":17},{"transform":{},"duration":0}],"name":"white05"},{"frame":[{"transform":{"y":20.53,"x":-4.88},"duration":14},{"transform":{"y":20.53,"x":-4.88},"duration":3},{"curve":[0.267,0.58,0.75,1],"transform":{"y":20.53,"x":-4.88},"duration":7},{"transform":{"y":-1.74},"duration":1},{"transform":{"y":-1.74},"duration":3},{"transform":{"y":-1.74},"duration":17},{"transform":{"y":-1.74},"duration":0}],"name":"white06"},{"frame":[{"tweenEasing":0,"transform":{},"duration":14},{"transform":{"y":17.95,"x":15.39},"duration":4},{"curve":[0.25,0.58,0.75,1],"transform":{"y":17.95,"x":15.39},"duration":7},{"transform":{},"duration":3},{"transform":{},"duration":17},{"transform":{},"duration":0}],"name":"white07"},{"frame":[{"transform":{},"duration":14},{"transform":{},"duration":11},{"transform":{},"duration":3},{"transform":{},"duration":17},{"transform":{},"duration":0}],"name":"root"}],"slot":[{"frame":[{"tweenEasing":0,"color":{"aM":0},"duration":25},{"tweenEasing":0,"color":{"aM":0},"duration":2},{"tweenEasing":0,"color":{"aM":0},"duration":1},{"tweenEasing":null,"duration":7},{"tweenEasing":0,"duration":9},{"tweenEasing":null,"color":{"aM":0},"duration":1},{"tweenEasing":null,"color":{"aM":0},"duration":0}],"name":"light"},{"frame":[{"tweenEasing":0,"color":{"aM":0},"duration":14},{"tweenEasing":0,"color":{"aM":0},"duration":11},{"tweenEasing":0,"color":{"aM":0},"duration":2},{"tweenEasing":0,"color":{"aM":0},"duration":1},{"tweenEasing":0,"duration":2},{"curve":[0.125,0,1,0.75],"duration":15},{"tweenEasing":null,"color":{"aM":0},"duration":0}],"name":"light01"},{"frame":[{"tweenEasing":0,"color":{"aM":0},"duration":14},{"tweenEasing":0,"color":{"aM":0},"duration":11},{"tweenEasing":0,"color":{"aM":0},"duration":2},{"tweenEasing":0,"color":{"aM":0},"duration":1},{"tweenEasing":0,"duration":2},{"curve":[0.125,0,1,0.75],"duration":15},{"tweenEasing":null,"color":{"aM":0},"duration":0}],"name":"light02"},{"frame":[{"tweenEasing":0,"color":{"aM":0},"duration":14},{"tweenEasing":0,"color":{"aM":0},"duration":11},{"tweenEasing":0,"color":{"aM":0},"duration":2},{"tweenEasing":0,"color":{"aM":0},"duration":1},{"tweenEasing":0,"duration":2},{"curve":[0.125,0,1,0.75],"duration":15},{"tweenEasing":null,"color":{"aM":0},"duration":0}],"name":"light03"},{"frame":[{"tweenEasing":0,"color":{"aM":0},"duration":14},{"tweenEasing":0,"color":{"aM":0},"duration":11},{"tweenEasing":0,"color":{"aM":0},"duration":2},{"tweenEasing":0,"color":{"aM":0},"duration":1},{"tweenEasing":0,"duration":2},{"curve":[0.125,0,1,0.75],"duration":15},{"tweenEasing":null,"color":{"aM":0},"duration":0}],"name":"light04"},{"frame":[{"tweenEasing":0,"color":{"aM":0},"duration":14},{"tweenEasing":0,"color":{"aM":0},"duration":11},{"tweenEasing":0,"color":{"aM":0},"duration":2},{"tweenEasing":0,"color":{"aM":0},"duration":1},{"tweenEasing":0,"duration":2},{"curve":[0.125,0,1,0.75],"duration":15},{"tweenEasing":null,"color":{"aM":0},"duration":0}],"name":"light05"},{"frame":[{"tweenEasing":0,"color":{"aM":0},"duration":14},{"tweenEasing":0,"color":{"aM":0},"duration":11},{"tweenEasing":0,"color":{"aM":0},"duration":2},{"tweenEasing":0,"color":{"aM":0},"duration":1},{"tweenEasing":0,"duration":2},{"curve":[0.125,0,1,0.75],"duration":15},{"tweenEasing":null,"color":{"aM":0},"duration":0}],"name":"light06"},{"frame":[{"tweenEasing":0,"color":{"aM":0},"duration":14},{"tweenEasing":0,"color":{"aM":0},"duration":11},{"tweenEasing":0,"color":{"aM":0},"duration":2},{"tweenEasing":0,"color":{"aM":0},"duration":1},{"tweenEasing":0,"duration":2},{"curve":[0.125,0,1,0.75],"duration":15},{"tweenEasing":null,"color":{"aM":0},"duration":0}],"name":"light07"},{"frame":[{"tweenEasing":0,"color":{"aM":0},"duration":25},{"tweenEasing":0,"color":{"aM":0},"duration":2},{"tweenEasing":0,"color":{"aM":0},"duration":1},{"tweenEasing":null,"duration":11},{"tweenEasing":0,"duration":2},{"tweenEasing":0,"color":{"aM":0},"duration":4},{"tweenEasing":null,"color":{"aM":0},"duration":0}],"name":"lightstar"},{"frame":[{"tweenEasing":0,"color":{"aM":0},"duration":7},{"tweenEasing":null,"duration":7},{"tweenEasing":0,"duration":11},{"tweenEasing":0,"duration":2},{"tweenEasing":null,"duration":1},{"tweenEasing":0,"duration":17},{"tweenEasing":null,"color":{"aM":0},"duration":0}],"name":"white01"},{"frame":[{"tweenEasing":0,"color":{"aM":0},"duration":4},{"tweenEasing":0,"color":{"aM":0},"duration":7},{"tweenEasing":0,"duration":14},{"tweenEasing":0,"duration":2},{"tweenEasing":null,"duration":1},{"tweenEasing":0,"duration":17},{"tweenEasing":null,"color":{"aM":0},"duration":0}],"name":"white02"},{"frame":[{"tweenEasing":0,"color":{"aM":0},"duration":6},{"tweenEasing":0,"color":{"aM":0},"duration":7},{"tweenEasing":0,"duration":12},{"tweenEasing":0,"duration":2},{"tweenEasing":null,"duration":1},{"tweenEasing":0,"duration":17},{"tweenEasing":null,"color":{"aM":0},"duration":0}],"name":"white03"},{"frame":[{"tweenEasing":0,"color":{"aM":0},"duration":13},{"tweenEasing":0,"color":{"aM":0},"duration":7},{"tweenEasing":null,"duration":5},{"tweenEasing":0,"duration":2},{"tweenEasing":null,"duration":1},{"tweenEasing":0,"duration":17},{"tweenEasing":null,"color":{"aM":0},"duration":0}],"name":"white04"},{"frame":[{"tweenEasing":0,"color":{"aM":0},"duration":14},{"tweenEasing":0,"color":{"aM":0},"duration":1},{"tweenEasing":0,"color":{"aM":0},"duration":8},{"tweenEasing":null,"duration":2},{"tweenEasing":0,"duration":2},{"tweenEasing":null,"duration":1},{"tweenEasing":0,"duration":17},{"tweenEasing":null,"color":{"aM":0},"duration":0}],"name":"white05"},{"frame":[{"tweenEasing":0,"color":{"aM":0},"duration":14},{"tweenEasing":0,"color":{"aM":0},"duration":3},{"tweenEasing":0,"color":{"aM":0},"duration":7},{"tweenEasing":null,"duration":1},{"tweenEasing":0,"duration":2},{"tweenEasing":null,"duration":1},{"tweenEasing":0,"duration":17},{"tweenEasing":null,"color":{"aM":0},"duration":0}],"name":"white06"},{"frame":[{"tweenEasing":0,"color":{"aM":0},"duration":14},{"tweenEasing":0,"color":{"aM":0},"duration":4},{"tweenEasing":0,"color":{"aM":0},"duration":7},{"tweenEasing":0,"duration":2},{"tweenEasing":null,"duration":1},{"tweenEasing":0,"duration":17},{"tweenEasing":null,"color":{"aM":0},"duration":0}],"name":"white07"}],"ffd":[],"frame":[],"name":"animation1","duration":45,"ik":[]}],"skin":[{"slot":[{"display":[{"path":"light01","type":"image","name":"light01","transform":{"y":-1.78,"x":-0.44}}],"name":"light01"},{"display":[{"path":"light","type":"image","name":"light","transform":{"y":6.45,"x":-9.97}}],"name":"light"},{"display":[{"path":"white07","type":"image","name":"white07","transform":{"y":2.46,"x":-2.1}}],"name":"white07"},{"display":[{"path":"white06","type":"image","name":"white06","transform":{"y":-2.46,"x":0.52}}],"name":"white06"},{"display":[{"path":"light02","type":"image","name":"light02","transform":{"y":-3.34}}],"name":"light02"},{"display":[{"path":"white05","type":"image","name":"white05","transform":{"y":1.58,"x":-1.75}}],"name":"white05"},{"display":[{"path":"light05","type":"image","name":"light05","transform":{"y":2.52,"x":-1.26}}],"name":"light05"},{"display":[{"path":"white01","type":"image","name":"white01","transform":{"y":-2.16,"x":-0.68}}],"name":"white01"},{"display":[{"path":"lightstar","type":"image","name":"lightstar","transform":{"y":0.43,"x":-11.87}}],"name":"lightstar"},{"display":[{"path":"white03","type":"image","name":"white03","transform":{"y":-3.87,"x":0.7}}],"name":"white03"},{"display":[{"path":"light06","type":"image","name":"light06","transform":{"y":-2.51,"x":0.75}}],"name":"light06"},{"display":[{"path":"light07","type":"image","name":"light07","transform":{"y":3.52,"x":-1.51}}],"name":"light07"},{"display":[{"path":"light04","type":"image","name":"light04","transform":{"y":-1,"x":-2.01}}],"name":"light04"},{"display":[{"path":"white04","type":"image","name":"white04","transform":{"y":-0.88,"x":-2.1}}],"name":"white04"},{"display":[{"path":"white02","type":"image","name":"white02","transform":{"y":-3.15,"x":-0.41}}],"name":"white02"},{"display":[{"path":"light03","type":"image","name":"light03","transform":{"y":-3.52,"x":1}}],"name":"light03"}],"name":""}],"slot":[{"name":"light07","parent":"light07","color":{"aM":0}},{"z":1,"name":"light06","parent":"light06","color":{"aM":0}},{"z":2,"name":"light05","parent":"light05","color":{"aM":0}},{"z":3,"name":"light04","parent":"light04","color":{"aM":0}},{"z":4,"name":"light03","parent":"light03","color":{"aM":0}},{"z":5,"name":"light02","parent":"light02","color":{"aM":0}},{"z":6,"name":"light01","parent":"light01","color":{"aM":0}},{"z":7,"name":"white01","parent":"white01","color":{"aM":0}},{"z":8,"name":"white02","parent":"white02","color":{"aM":0}},{"z":9,"name":"white03","parent":"white03","color":{"aM":0}},{"z":10,"name":"white04","parent":"white04","color":{"aM":0}},{"z":11,"name":"white05","parent":"white05","color":{"aM":0}},{"z":12,"name":"white06","parent":"white06","color":{"aM":0}},{"z":13,"name":"white07","parent":"white07","color":{"aM":0}},{"z":14,"name":"light","parent":"light","color":{"aM":0}},{"z":15,"name":"lightstar","parent":"lightstar","color":{"aM":0}}],"aabb":{"width":144.33,"y":-135.31,"height":256.98,"x":-71.18},"defaultActions":[{"gotoAndPlay":"animation1"}],"name":"armatureName","ik":[]}],"name":"xiake_eff1","version":"4.0"}