{"frameRate":60,"isGlobal":0,"armature":[{"bone":[{"inheritScale":false,"name":"000_fuji","transform":{}},{"inheritScale":false,"transform":{},"name":"001_lv_shugan","parent":"000_fuji"},{"inheritScale":false,"transform":{},"name":"002_lan_shugan","parent":"000_fuji"},{"inheritScale":false,"transform":{},"name":"003_huang_shugan","parent":"000_fuji"},{"inheritScale":false,"transform":{},"name":"002_lan_shuguan","parent":"002_lan_shugan"},{"inheritScale":false,"transform":{},"name":"003_huang_shuguan","parent":"003_huang_shugan"},{"inheritScale":false,"transform":{},"name":"001_lv_shuguan","parent":"001_lv_shugan"},{"inheritScale":false,"transform":{},"name":"001_lv_shuye4","parent":"001_lv_shuguan"},{"inheritScale":false,"transform":{},"name":"001_lv_guoshi2","parent":"001_lv_shuguan"},{"inheritScale":false,"transform":{},"name":"001_lv_guoshi1","parent":"001_lv_shuguan"},{"inheritScale":false,"transform":{},"name":"001_lv_guoshi3","parent":"001_lv_shuguan"},{"inheritScale":false,"transform":{},"name":"001_lv_shuye1","parent":"001_lv_shuguan"},{"inheritScale":false,"transform":{},"name":"001_lv_shuye3","parent":"001_lv_shuguan"},{"inheritScale":false,"transform":{},"name":"002_lan_shuye2","parent":"002_lan_shuguan"},{"inheritScale":false,"transform":{},"name":"002_lan_shuye1","parent":"002_lan_shuguan"},{"inheritScale":false,"transform":{},"name":"002_lan_shuye4","parent":"002_lan_shuguan"},{"inheritScale":false,"transform":{},"name":"002_lan_guoshi1","parent":"002_lan_shuguan"},{"inheritScale":false,"transform":{},"name":"002_lan_guoshi2","parent":"002_lan_shuguan"},{"inheritScale":false,"transform":{},"name":"002_lan_guoshi3","parent":"002_lan_shuguan"},{"inheritScale":false,"transform":{},"name":"001_lv_shuye2","parent":"001_lv_shuguan"},{"inheritScale":false,"transform":{},"name":"002_lan_shuye3","parent":"002_lan_shuguan"},{"inheritScale":false,"transform":{},"name":"003_huang_shuye1","parent":"003_huang_shuguan"},{"inheritScale":false,"transform":{},"name":"003_huang_shuye2","parent":"003_huang_shuguan"},{"inheritScale":false,"transform":{},"name":"003_huang_shuye3","parent":"003_huang_shuguan"},{"inheritScale":false,"transform":{},"name":"003_huang_shuye4","parent":"003_huang_shuguan"},{"inheritScale":false,"transform":{},"name":"003_huang_guozi1","parent":"003_huang_shuguan"},{"inheritScale":false,"transform":{},"name":"003_huang_guozi2","parent":"003_huang_shuguan"},{"inheritScale":false,"transform":{},"name":"003_huang_guozi3","parent":"003_huang_shuguan"}],"type":"Armature","frameRate":60,"animation":[{"playTimes":0,"bone":[{"frame":[{"tweenEasing":0,"transform":{"y":4.1667,"x":106.6667},"duration":90},{"tweenEasing":0,"transform":{"y":4.1667,"skX":-1,"skY":-1,"x":106.6667},"duration":90},{"transform":{"y":4.1667,"x":106.6667},"duration":0}],"name":"001_lv_shuye4"},{"frame":[{"tweenEasing":0,"transform":{"y":45,"x":-10},"duration":90},{"tweenEasing":0,"transform":{"y":45,"skX":-1,"skY":-1,"x":-10},"duration":90},{"transform":{"y":45,"x":-10},"duration":0}],"name":"001_lv_shuye3"},{"frame":[{"tweenEasing":0,"transform":{"y":-40,"x":-12.5},"duration":90},{"tweenEasing":0,"transform":{"y":-40,"skX":-1,"skY":-1,"x":-12.5},"duration":90},{"transform":{"y":-40,"x":-12.5},"duration":0}],"name":"001_lv_shuye2"},{"frame":[{"tweenEasing":0,"transform":{"y":40,"x":-112.5},"duration":90},{"tweenEasing":0,"transform":{"y":40,"skX":-1,"skY":-1,"x":-112.5},"duration":90},{"transform":{"y":40,"x":-112.5},"duration":0}],"name":"001_lv_shuye1"},{"frame":[{"tweenEasing":0,"transform":{"y":-97.5,"x":-25},"duration":75},{"tweenEasing":0,"transform":{"y":-97.5,"skX":1,"skY":1,"x":-25},"duration":105},{"transform":{"y":-97.5,"x":-25},"duration":0}],"name":"001_lv_shuguan"},{"frame":[{"tweenEasing":0,"transform":{"y":-100},"duration":180},{"transform":{"y":-100},"duration":0}],"name":"001_lv_shugan"},{"frame":[{"transform":{},"duration":180}],"name":"000_fuji"},{"frame":[{"transform":{},"duration":180}],"name":"002_lan_shugan"},{"frame":[{"transform":{},"duration":180}],"name":"003_huang_shugan"},{"frame":[{"transform":{},"duration":180}],"name":"002_lan_shuguan"},{"frame":[{"transform":{},"duration":180}],"name":"003_huang_shuguan"},{"frame":[{"transform":{},"duration":180}],"name":"001_lv_guoshi2"},{"frame":[{"transform":{},"duration":180}],"name":"001_lv_guoshi1"},{"frame":[{"transform":{},"duration":180}],"name":"001_lv_guoshi3"},{"frame":[{"transform":{},"duration":180}],"name":"002_lan_shuye2"},{"frame":[{"transform":{},"duration":180}],"name":"002_lan_shuye1"},{"frame":[{"transform":{},"duration":180}],"name":"002_lan_shuye4"},{"frame":[{"transform":{},"duration":180}],"name":"002_lan_guoshi1"},{"frame":[{"transform":{},"duration":180}],"name":"002_lan_guoshi2"},{"frame":[{"transform":{},"duration":180}],"name":"002_lan_guoshi3"},{"frame":[{"transform":{},"duration":180}],"name":"002_lan_shuye3"},{"frame":[{"transform":{},"duration":180}],"name":"003_huang_shuye1"},{"frame":[{"transform":{},"duration":180}],"name":"003_huang_shuye2"},{"frame":[{"transform":{},"duration":180}],"name":"003_huang_shuye3"},{"frame":[{"transform":{},"duration":180}],"name":"003_huang_shuye4"},{"frame":[{"transform":{},"duration":180}],"name":"003_huang_guozi1"},{"frame":[{"transform":{},"duration":180}],"name":"003_huang_guozi2"},{"frame":[{"transform":{},"duration":180}],"name":"003_huang_guozi3"}],"slot":[{"frame":[{"tweenEasing":0,"duration":90},{"tweenEasing":0,"duration":90},{"tweenEasing":null,"duration":0}],"name":"001_lv_shuye4"},{"frame":[{"tweenEasing":0,"duration":90},{"tweenEasing":0,"duration":90},{"tweenEasing":null,"duration":0}],"name":"001_lv_shuye3"},{"frame":[{"tweenEasing":0,"duration":90},{"tweenEasing":0,"duration":90},{"tweenEasing":null,"duration":0}],"name":"001_lv_shuye2"},{"frame":[{"tweenEasing":0,"duration":90},{"tweenEasing":0,"duration":90},{"tweenEasing":null,"duration":0}],"name":"001_lv_shuye1"},{"frame":[{"tweenEasing":0,"duration":75},{"tweenEasing":0,"duration":105},{"tweenEasing":null,"duration":0}],"name":"001_lv_shuguan"},{"frame":[{"tweenEasing":0,"duration":180},{"tweenEasing":null,"duration":0}],"name":"001_lv_shugan"},{"frame":[{"displayIndex":-1,"tweenEasing":null,"duration":180}],"name":"000_fuji"},{"frame":[{"displayIndex":-1,"tweenEasing":null,"duration":180}],"name":"001_lv_guoshi1"},{"frame":[{"displayIndex":-1,"tweenEasing":null,"duration":180}],"name":"001_lv_guoshi2"},{"frame":[{"displayIndex":-1,"tweenEasing":null,"duration":180}],"name":"001_lv_guoshi3"},{"frame":[{"displayIndex":-1,"tweenEasing":null,"duration":180}],"name":"002_lan_shugan"},{"frame":[{"displayIndex":-1,"tweenEasing":null,"duration":180}],"name":"002_lan_shuguan"},{"frame":[{"displayIndex":-1,"tweenEasing":null,"duration":180}],"name":"002_lan_shuye1"},{"frame":[{"displayIndex":-1,"tweenEasing":null,"duration":180}],"name":"002_lan_shuye2"},{"frame":[{"displayIndex":-1,"tweenEasing":null,"duration":180}],"name":"002_lan_shuye3"},{"frame":[{"displayIndex":-1,"tweenEasing":null,"duration":180}],"name":"002_lan_shuye4"},{"frame":[{"displayIndex":-1,"tweenEasing":null,"duration":180}],"name":"002_lan_guoshi1"},{"frame":[{"displayIndex":-1,"tweenEasing":null,"duration":180}],"name":"002_lan_guoshi2"},{"frame":[{"displayIndex":-1,"tweenEasing":null,"duration":180}],"name":"002_lan_guoshi3"},{"frame":[{"displayIndex":-1,"tweenEasing":null,"duration":180}],"name":"003_huang_shugan"},{"frame":[{"displayIndex":-1,"tweenEasing":null,"duration":180}],"name":"003_huang_shuguan"},{"frame":[{"displayIndex":-1,"tweenEasing":null,"duration":180}],"name":"003_huang_shuye1"},{"frame":[{"displayIndex":-1,"tweenEasing":null,"duration":180}],"name":"003_huang_shuye2"},{"frame":[{"displayIndex":-1,"tweenEasing":null,"duration":180}],"name":"003_huang_shuye3"},{"frame":[{"displayIndex":-1,"tweenEasing":null,"duration":180}],"name":"003_huang_shuye4"},{"frame":[{"displayIndex":-1,"tweenEasing":null,"duration":180}],"name":"003_huang_guozi1"},{"frame":[{"displayIndex":-1,"tweenEasing":null,"duration":180}],"name":"003_huang_guozi2"},{"frame":[{"displayIndex":-1,"tweenEasing":null,"duration":180}],"name":"003_huang_guozi3"}],"ffd":[],"ik":[],"frame":[],"name":"000_lv_da","duration":180},{"playTimes":0,"bone":[{"frame":[{"tweenEasing":0,"transform":{"y":7.6923,"x":131.5385},"duration":105},{"tweenEasing":0,"transform":{"y":7.6923,"skX":1,"skY":1,"x":131.5385},"duration":75},{"transform":{"y":7.6923,"x":131.5385},"duration":0}],"name":"001_lv_guoshi3"},{"frame":[{"tweenEasing":0,"transform":{"y":-42.3077,"x":56.9231},"duration":105},{"tweenEasing":0,"transform":{"y":-42.3077,"skX":1,"skY":1,"x":56.9231},"duration":75},{"transform":{"y":-42.3077,"x":56.9231},"duration":0}],"name":"001_lv_guoshi2"},{"frame":[{"tweenEasing":0,"transform":{"y":41.5385,"x":-75.3846},"duration":105},{"tweenEasing":0,"transform":{"y":41.5385,"skX":1,"skY":1,"x":-75.3846},"duration":75},{"transform":{"y":41.5385,"x":-75.3846},"duration":0}],"name":"001_lv_guoshi1"},{"frame":[{"tweenEasing":0,"transform":{"y":4.1667,"x":106.6667},"duration":90},{"tweenEasing":0,"transform":{"y":4.1667,"skX":-1,"skY":-1,"x":106.6667},"duration":90},{"transform":{"y":4.1667,"x":106.6667},"duration":0}],"name":"001_lv_shuye4"},{"frame":[{"tweenEasing":0,"transform":{"y":45,"x":-10},"duration":90},{"tweenEasing":0,"transform":{"y":45,"skX":-1,"skY":-1,"x":-10},"duration":90},{"transform":{"y":45,"x":-10},"duration":0}],"name":"001_lv_shuye3"},{"frame":[{"tweenEasing":0,"transform":{"y":-40,"x":-12.5},"duration":90},{"tweenEasing":0,"transform":{"y":-40,"skX":-1,"skY":-1,"x":-12.5},"duration":90},{"transform":{"y":-40,"x":-12.5},"duration":0}],"name":"001_lv_shuye2"},{"frame":[{"tweenEasing":0,"transform":{"y":40,"x":-112.5},"duration":90},{"tweenEasing":0,"transform":{"y":40,"skX":-1,"skY":-1,"x":-112.5},"duration":90},{"transform":{"y":40,"x":-112.5},"duration":0}],"name":"001_lv_shuye1"},{"frame":[{"tweenEasing":0,"transform":{"y":-97.5,"x":-25},"duration":75},{"tweenEasing":0,"transform":{"y":-97.5,"skX":1,"skY":1,"x":-25},"duration":105},{"transform":{"y":-97.5,"x":-25},"duration":0}],"name":"001_lv_shuguan"},{"frame":[{"tweenEasing":0,"transform":{"y":-100},"duration":180},{"transform":{"y":-100},"duration":0}],"name":"001_lv_shugan"},{"frame":[{"transform":{},"duration":180}],"name":"000_fuji"},{"frame":[{"transform":{},"duration":180}],"name":"002_lan_shugan"},{"frame":[{"transform":{},"duration":180}],"name":"003_huang_shugan"},{"frame":[{"transform":{},"duration":180}],"name":"002_lan_shuguan"},{"frame":[{"transform":{},"duration":180}],"name":"003_huang_shuguan"},{"frame":[{"transform":{},"duration":180}],"name":"002_lan_shuye2"},{"frame":[{"transform":{},"duration":180}],"name":"002_lan_shuye1"},{"frame":[{"transform":{},"duration":180}],"name":"002_lan_shuye4"},{"frame":[{"transform":{},"duration":180}],"name":"002_lan_guoshi1"},{"frame":[{"transform":{},"duration":180}],"name":"002_lan_guoshi2"},{"frame":[{"transform":{},"duration":180}],"name":"002_lan_guoshi3"},{"frame":[{"transform":{},"duration":180}],"name":"002_lan_shuye3"},{"frame":[{"transform":{},"duration":180}],"name":"003_huang_shuye1"},{"frame":[{"transform":{},"duration":180}],"name":"003_huang_shuye2"},{"frame":[{"transform":{},"duration":180}],"name":"003_huang_shuye3"},{"frame":[{"transform":{},"duration":180}],"name":"003_huang_shuye4"},{"frame":[{"transform":{},"duration":180}],"name":"003_huang_guozi1"},{"frame":[{"transform":{},"duration":180}],"name":"003_huang_guozi2"},{"frame":[{"transform":{},"duration":180}],"name":"003_huang_guozi3"}],"slot":[{"frame":[{"tweenEasing":0,"duration":105},{"tweenEasing":0,"duration":75},{"tweenEasing":null,"duration":0}],"name":"001_lv_guoshi3"},{"frame":[{"tweenEasing":0,"duration":105},{"tweenEasing":0,"duration":75},{"tweenEasing":null,"duration":0}],"name":"001_lv_guoshi2"},{"frame":[{"tweenEasing":0,"duration":105},{"tweenEasing":0,"duration":75},{"tweenEasing":null,"duration":0}],"name":"001_lv_guoshi1"},{"frame":[{"tweenEasing":0,"duration":90},{"tweenEasing":0,"duration":90},{"tweenEasing":null,"duration":0}],"name":"001_lv_shuye4"},{"frame":[{"tweenEasing":0,"duration":90},{"tweenEasing":0,"duration":90},{"tweenEasing":null,"duration":0}],"name":"001_lv_shuye3"},{"frame":[{"tweenEasing":0,"duration":90},{"tweenEasing":0,"duration":90},{"tweenEasing":null,"duration":0}],"name":"001_lv_shuye2"},{"frame":[{"tweenEasing":0,"duration":90},{"tweenEasing":0,"duration":90},{"tweenEasing":null,"duration":0}],"name":"001_lv_shuye1"},{"frame":[{"tweenEasing":0,"duration":75},{"tweenEasing":0,"duration":105},{"tweenEasing":null,"duration":0}],"name":"001_lv_shuguan"},{"frame":[{"tweenEasing":0,"duration":180},{"tweenEasing":null,"duration":0}],"name":"001_lv_shugan"},{"frame":[{"displayIndex":-1,"tweenEasing":null,"duration":180}],"name":"000_fuji"},{"frame":[{"displayIndex":-1,"tweenEasing":null,"duration":180}],"name":"002_lan_shugan"},{"frame":[{"displayIndex":-1,"tweenEasing":null,"duration":180}],"name":"002_lan_shuguan"},{"frame":[{"displayIndex":-1,"tweenEasing":null,"duration":180}],"name":"002_lan_shuye1"},{"frame":[{"displayIndex":-1,"tweenEasing":null,"duration":180}],"name":"002_lan_shuye2"},{"frame":[{"displayIndex":-1,"tweenEasing":null,"duration":180}],"name":"002_lan_shuye3"},{"frame":[{"displayIndex":-1,"tweenEasing":null,"duration":180}],"name":"002_lan_shuye4"},{"frame":[{"displayIndex":-1,"tweenEasing":null,"duration":180}],"name":"002_lan_guoshi1"},{"frame":[{"displayIndex":-1,"tweenEasing":null,"duration":180}],"name":"002_lan_guoshi2"},{"frame":[{"displayIndex":-1,"tweenEasing":null,"duration":180}],"name":"002_lan_guoshi3"},{"frame":[{"displayIndex":-1,"tweenEasing":null,"duration":180}],"name":"003_huang_shugan"},{"frame":[{"displayIndex":-1,"tweenEasing":null,"duration":180}],"name":"003_huang_shuguan"},{"frame":[{"displayIndex":-1,"tweenEasing":null,"duration":180}],"name":"003_huang_shuye1"},{"frame":[{"displayIndex":-1,"tweenEasing":null,"duration":180}],"name":"003_huang_shuye2"},{"frame":[{"displayIndex":-1,"tweenEasing":null,"duration":180}],"name":"003_huang_shuye3"},{"frame":[{"displayIndex":-1,"tweenEasing":null,"duration":180}],"name":"003_huang_shuye4"},{"frame":[{"displayIndex":-1,"tweenEasing":null,"duration":180}],"name":"003_huang_guozi1"},{"frame":[{"displayIndex":-1,"tweenEasing":null,"duration":180}],"name":"003_huang_guozi2"},{"frame":[{"displayIndex":-1,"tweenEasing":null,"duration":180}],"name":"003_huang_guozi3"}],"ffd":[],"ik":[],"frame":[],"name":"001_lv_da_guoshi","duration":180},{"playTimes":0,"bone":[{"frame":[{"tweenEasing":0,"transform":{"y":-0.8333,"x":108.3333},"duration":90},{"tweenEasing":0,"transform":{"y":-0.8333,"skX":-1,"skY":-1,"x":108.3333},"duration":90},{"transform":{"y":-0.8333,"x":108.3333},"duration":0}],"name":"002_lan_shuye4"},{"frame":[{"tweenEasing":0,"transform":{"y":38.3333,"x":-4.1667},"duration":90},{"tweenEasing":0,"transform":{"y":38.3333,"skX":-1,"skY":-1,"x":-4.1667},"duration":90},{"transform":{"y":38.3333,"x":-4.1667},"duration":0}],"name":"002_lan_shuye3"},{"frame":[{"tweenEasing":0,"transform":{"y":-47.5,"x":-10.8333},"duration":90},{"tweenEasing":0,"transform":{"y":-47.5,"skX":-1,"skY":-1,"x":-10.8333},"duration":90},{"transform":{"y":-47.5,"x":-10.8333},"duration":0}],"name":"002_lan_shuye2"},{"frame":[{"tweenEasing":0,"transform":{"y":35.8333,"x":-112.5},"duration":90},{"tweenEasing":0,"transform":{"y":35.8333,"skX":-1,"skY":-1,"x":-112.5},"duration":90},{"transform":{"y":35.8333,"x":-112.5},"duration":0}],"name":"002_lan_shuye1"},{"frame":[{"tweenEasing":0,"transform":{"y":-92.6666,"x":-25.3333},"duration":75},{"tweenEasing":0,"transform":{"y":-92.6666,"skX":1,"skY":1,"x":-25.3333},"duration":105},{"transform":{"y":-92.6666,"x":-25.3333},"duration":0}],"name":"002_lan_shuguan"},{"frame":[{"tweenEasing":0,"transform":{"y":-100},"duration":180},{"transform":{"y":-100},"duration":0}],"name":"002_lan_shugan"},{"frame":[{"transform":{},"duration":180}],"name":"000_fuji"},{"frame":[{"transform":{},"duration":180}],"name":"001_lv_shugan"},{"frame":[{"transform":{},"duration":180}],"name":"003_huang_shugan"},{"frame":[{"transform":{},"duration":180}],"name":"003_huang_shuguan"},{"frame":[{"transform":{},"duration":180}],"name":"001_lv_shuguan"},{"frame":[{"transform":{},"duration":180}],"name":"001_lv_shuye4"},{"frame":[{"transform":{},"duration":180}],"name":"001_lv_guoshi2"},{"frame":[{"transform":{},"duration":180}],"name":"001_lv_guoshi1"},{"frame":[{"transform":{},"duration":180}],"name":"001_lv_guoshi3"},{"frame":[{"transform":{},"duration":180}],"name":"001_lv_shuye1"},{"frame":[{"transform":{},"duration":180}],"name":"001_lv_shuye3"},{"frame":[{"transform":{},"duration":180}],"name":"002_lan_guoshi1"},{"frame":[{"transform":{},"duration":180}],"name":"002_lan_guoshi2"},{"frame":[{"transform":{},"duration":180}],"name":"002_lan_guoshi3"},{"frame":[{"transform":{},"duration":180}],"name":"001_lv_shuye2"},{"frame":[{"transform":{},"duration":180}],"name":"003_huang_shuye1"},{"frame":[{"transform":{},"duration":180}],"name":"003_huang_shuye2"},{"frame":[{"transform":{},"duration":180}],"name":"003_huang_shuye3"},{"frame":[{"transform":{},"duration":180}],"name":"003_huang_shuye4"},{"frame":[{"transform":{},"duration":180}],"name":"003_huang_guozi1"},{"frame":[{"transform":{},"duration":180}],"name":"003_huang_guozi2"},{"frame":[{"transform":{},"duration":180}],"name":"003_huang_guozi3"}],"slot":[{"frame":[{"tweenEasing":0,"duration":90},{"tweenEasing":0,"duration":90},{"tweenEasing":null,"duration":0}],"name":"002_lan_shuye4"},{"frame":[{"tweenEasing":0,"duration":90},{"tweenEasing":0,"duration":90},{"tweenEasing":null,"duration":0}],"name":"002_lan_shuye3"},{"frame":[{"tweenEasing":0,"duration":90},{"tweenEasing":0,"duration":90},{"tweenEasing":null,"duration":0}],"name":"002_lan_shuye2"},{"frame":[{"tweenEasing":0,"duration":90},{"tweenEasing":0,"duration":90},{"tweenEasing":null,"duration":0}],"name":"002_lan_shuye1"},{"frame":[{"tweenEasing":0,"duration":75},{"tweenEasing":0,"duration":105},{"tweenEasing":null,"duration":0}],"name":"002_lan_shuguan"},{"frame":[{"tweenEasing":0,"duration":180},{"tweenEasing":null,"duration":0}],"name":"002_lan_shugan"},{"frame":[{"displayIndex":-1,"tweenEasing":null,"duration":180}],"name":"000_fuji"},{"frame":[{"displayIndex":-1,"tweenEasing":null,"duration":180}],"name":"001_lv_shugan"},{"frame":[{"displayIndex":-1,"tweenEasing":null,"duration":180}],"name":"001_lv_shuguan"},{"frame":[{"displayIndex":-1,"tweenEasing":null,"duration":180}],"name":"001_lv_shuye1"},{"frame":[{"displayIndex":-1,"tweenEasing":null,"duration":180}],"name":"001_lv_shuye2"},{"frame":[{"displayIndex":-1,"tweenEasing":null,"duration":180}],"name":"001_lv_shuye3"},{"frame":[{"displayIndex":-1,"tweenEasing":null,"duration":180}],"name":"001_lv_shuye4"},{"frame":[{"displayIndex":-1,"tweenEasing":null,"duration":180}],"name":"001_lv_guoshi1"},{"frame":[{"displayIndex":-1,"tweenEasing":null,"duration":180}],"name":"001_lv_guoshi2"},{"frame":[{"displayIndex":-1,"tweenEasing":null,"duration":180}],"name":"001_lv_guoshi3"},{"frame":[{"displayIndex":-1,"tweenEasing":null,"duration":180}],"name":"002_lan_guoshi1"},{"frame":[{"displayIndex":-1,"tweenEasing":null,"duration":180}],"name":"002_lan_guoshi2"},{"frame":[{"displayIndex":-1,"tweenEasing":null,"duration":180}],"name":"002_lan_guoshi3"},{"frame":[{"displayIndex":-1,"tweenEasing":null,"duration":180}],"name":"003_huang_shugan"},{"frame":[{"displayIndex":-1,"tweenEasing":null,"duration":180}],"name":"003_huang_shuguan"},{"frame":[{"displayIndex":-1,"tweenEasing":null,"duration":180}],"name":"003_huang_shuye1"},{"frame":[{"displayIndex":-1,"tweenEasing":null,"duration":180}],"name":"003_huang_shuye2"},{"frame":[{"displayIndex":-1,"tweenEasing":null,"duration":180}],"name":"003_huang_shuye3"},{"frame":[{"displayIndex":-1,"tweenEasing":null,"duration":180}],"name":"003_huang_shuye4"},{"frame":[{"displayIndex":-1,"tweenEasing":null,"duration":180}],"name":"003_huang_guozi1"},{"frame":[{"displayIndex":-1,"tweenEasing":null,"duration":180}],"name":"003_huang_guozi2"},{"frame":[{"displayIndex":-1,"tweenEasing":null,"duration":180}],"name":"003_huang_guozi3"}],"ffd":[],"ik":[],"frame":[],"name":"002_lan_da","duration":180},{"playTimes":0,"bone":[{"frame":[{"tweenEasing":0,"transform":{"y":0.8333,"x":125},"duration":105},{"tweenEasing":0,"transform":{"y":0.8333,"skX":1,"skY":1,"x":125},"duration":75},{"transform":{"y":0.8333,"x":125},"duration":0}],"name":"002_lan_guoshi3"},{"frame":[{"tweenEasing":0,"transform":{"y":-21.6667,"x":18.3333},"duration":105},{"tweenEasing":0,"transform":{"y":-21.6667,"skX":-1,"skY":-1,"x":18.3333},"duration":75},{"transform":{"y":-21.6667,"x":18.3333},"duration":0}],"name":"002_lan_guoshi2"},{"frame":[{"tweenEasing":0,"transform":{"y":45.8333,"x":-100},"duration":105},{"tweenEasing":0,"transform":{"y":45.8333,"skX":1,"skY":1,"x":-100},"duration":75},{"transform":{"y":45.8333,"x":-100},"duration":0}],"name":"002_lan_guoshi1"},{"frame":[{"tweenEasing":0,"transform":{"y":-0.8333,"x":108.3333},"duration":90},{"tweenEasing":0,"transform":{"y":-0.8333,"skX":-1,"skY":-1,"x":108.3333},"duration":90},{"transform":{"y":-0.8333,"x":108.3333},"duration":0}],"name":"002_lan_shuye4"},{"frame":[{"tweenEasing":0,"transform":{"y":38.3333,"x":-4.1667},"duration":90},{"tweenEasing":0,"transform":{"y":38.3333,"skX":-1,"skY":-1,"x":-4.1667},"duration":90},{"transform":{"y":38.3333,"x":-4.1667},"duration":0}],"name":"002_lan_shuye3"},{"frame":[{"tweenEasing":0,"transform":{"y":-47.5,"x":-10.8333},"duration":90},{"tweenEasing":0,"transform":{"y":-47.5,"skX":-1,"skY":-1,"x":-10.8333},"duration":90},{"transform":{"y":-47.5,"x":-10.8333},"duration":0}],"name":"002_lan_shuye2"},{"frame":[{"tweenEasing":0,"transform":{"y":35.8333,"x":-112.5},"duration":90},{"tweenEasing":0,"transform":{"y":35.8333,"skX":-1,"skY":-1,"x":-112.5},"duration":90},{"transform":{"y":35.8333,"x":-112.5},"duration":0}],"name":"002_lan_shuye1"},{"frame":[{"tweenEasing":0,"transform":{"y":-92.6666,"x":-25.3333},"duration":75},{"tweenEasing":0,"transform":{"y":-92.6666,"skX":1,"skY":1,"x":-25.3333},"duration":105},{"transform":{"y":-92.6666,"x":-25.3333},"duration":0}],"name":"002_lan_shuguan"},{"frame":[{"tweenEasing":0,"transform":{"y":-100},"duration":180},{"transform":{"y":-100},"duration":0}],"name":"002_lan_shugan"},{"frame":[{"transform":{},"duration":180}],"name":"000_fuji"},{"frame":[{"transform":{},"duration":180}],"name":"001_lv_shugan"},{"frame":[{"transform":{},"duration":180}],"name":"003_huang_shugan"},{"frame":[{"transform":{},"duration":180}],"name":"003_huang_shuguan"},{"frame":[{"transform":{},"duration":180}],"name":"001_lv_shuguan"},{"frame":[{"transform":{},"duration":180}],"name":"001_lv_shuye4"},{"frame":[{"transform":{},"duration":180}],"name":"001_lv_guoshi2"},{"frame":[{"transform":{},"duration":180}],"name":"001_lv_guoshi1"},{"frame":[{"transform":{},"duration":180}],"name":"001_lv_guoshi3"},{"frame":[{"transform":{},"duration":180}],"name":"001_lv_shuye1"},{"frame":[{"transform":{},"duration":180}],"name":"001_lv_shuye3"},{"frame":[{"transform":{},"duration":180}],"name":"001_lv_shuye2"},{"frame":[{"transform":{},"duration":180}],"name":"003_huang_shuye1"},{"frame":[{"transform":{},"duration":180}],"name":"003_huang_shuye2"},{"frame":[{"transform":{},"duration":180}],"name":"003_huang_shuye3"},{"frame":[{"transform":{},"duration":180}],"name":"003_huang_shuye4"},{"frame":[{"transform":{},"duration":180}],"name":"003_huang_guozi1"},{"frame":[{"transform":{},"duration":180}],"name":"003_huang_guozi2"},{"frame":[{"transform":{},"duration":180}],"name":"003_huang_guozi3"}],"slot":[{"frame":[{"tweenEasing":0,"duration":105},{"tweenEasing":0,"duration":75},{"tweenEasing":null,"duration":0}],"name":"002_lan_guoshi3"},{"frame":[{"tweenEasing":0,"duration":105},{"tweenEasing":0,"duration":75},{"tweenEasing":null,"duration":0}],"name":"002_lan_guoshi2"},{"frame":[{"tweenEasing":0,"duration":105},{"tweenEasing":0,"duration":75},{"tweenEasing":null,"duration":0}],"name":"002_lan_guoshi1"},{"frame":[{"tweenEasing":0,"duration":90},{"tweenEasing":0,"duration":90},{"tweenEasing":null,"duration":0}],"name":"002_lan_shuye4"},{"frame":[{"tweenEasing":0,"duration":90},{"tweenEasing":0,"duration":90},{"tweenEasing":null,"duration":0}],"name":"002_lan_shuye3"},{"frame":[{"tweenEasing":0,"duration":90},{"tweenEasing":0,"duration":90},{"tweenEasing":null,"duration":0}],"name":"002_lan_shuye2"},{"frame":[{"tweenEasing":0,"duration":90},{"tweenEasing":0,"duration":90},{"tweenEasing":null,"duration":0}],"name":"002_lan_shuye1"},{"frame":[{"tweenEasing":0,"duration":75},{"tweenEasing":0,"duration":105},{"tweenEasing":null,"duration":0}],"name":"002_lan_shuguan"},{"frame":[{"tweenEasing":0,"duration":180},{"tweenEasing":null,"duration":0}],"name":"002_lan_shugan"},{"frame":[{"displayIndex":-1,"tweenEasing":null,"duration":180}],"name":"000_fuji"},{"frame":[{"displayIndex":-1,"tweenEasing":null,"duration":180}],"name":"001_lv_shugan"},{"frame":[{"displayIndex":-1,"tweenEasing":null,"duration":180}],"name":"001_lv_shuguan"},{"frame":[{"displayIndex":-1,"tweenEasing":null,"duration":180}],"name":"001_lv_shuye1"},{"frame":[{"displayIndex":-1,"tweenEasing":null,"duration":180}],"name":"001_lv_shuye2"},{"frame":[{"displayIndex":-1,"tweenEasing":null,"duration":180}],"name":"001_lv_shuye3"},{"frame":[{"displayIndex":-1,"tweenEasing":null,"duration":180}],"name":"001_lv_shuye4"},{"frame":[{"displayIndex":-1,"tweenEasing":null,"duration":180}],"name":"001_lv_guoshi1"},{"frame":[{"displayIndex":-1,"tweenEasing":null,"duration":180}],"name":"001_lv_guoshi2"},{"frame":[{"displayIndex":-1,"tweenEasing":null,"duration":180}],"name":"001_lv_guoshi3"},{"frame":[{"displayIndex":-1,"tweenEasing":null,"duration":180}],"name":"003_huang_shugan"},{"frame":[{"displayIndex":-1,"tweenEasing":null,"duration":180}],"name":"003_huang_shuguan"},{"frame":[{"displayIndex":-1,"tweenEasing":null,"duration":180}],"name":"003_huang_shuye1"},{"frame":[{"displayIndex":-1,"tweenEasing":null,"duration":180}],"name":"003_huang_shuye2"},{"frame":[{"displayIndex":-1,"tweenEasing":null,"duration":180}],"name":"003_huang_shuye3"},{"frame":[{"displayIndex":-1,"tweenEasing":null,"duration":180}],"name":"003_huang_shuye4"},{"frame":[{"displayIndex":-1,"tweenEasing":null,"duration":180}],"name":"003_huang_guozi1"},{"frame":[{"displayIndex":-1,"tweenEasing":null,"duration":180}],"name":"003_huang_guozi2"},{"frame":[{"displayIndex":-1,"tweenEasing":null,"duration":180}],"name":"003_huang_guozi3"}],"ffd":[],"ik":[],"frame":[],"name":"003_lan_da_guoshi","duration":180},{"playTimes":0,"bone":[{"frame":[{"tweenEasing":0,"transform":{"y":12.5,"x":106.6667},"duration":90},{"tweenEasing":0,"transform":{"y":12.5,"skX":-1,"skY":-1,"x":106.6667},"duration":90},{"transform":{"y":12.5,"x":106.6667},"duration":0}],"name":"003_huang_shuye4"},{"frame":[{"tweenEasing":0,"transform":{"y":54.1667,"x":-5.8333},"duration":90},{"tweenEasing":0,"transform":{"y":54.1667,"skX":-1,"skY":-1,"x":-5.8333},"duration":90},{"transform":{"y":54.1667,"x":-5.8333},"duration":0}],"name":"003_huang_shuye3"},{"frame":[{"tweenEasing":0,"transform":{"y":-30.8333,"x":-10},"duration":90},{"tweenEasing":0,"transform":{"y":-30.8333,"skX":-1,"skY":-1,"x":-10},"duration":90},{"transform":{"y":-30.8333,"x":-10},"duration":0}],"name":"003_huang_shuye2"},{"frame":[{"tweenEasing":0,"transform":{"y":47.5,"x":-111.6667},"duration":90},{"tweenEasing":0,"transform":{"y":47.5,"skX":-1,"skY":-1,"x":-111.6667},"duration":90},{"transform":{"y":47.5,"x":-111.6667},"duration":0}],"name":"003_huang_shuye1"},{"frame":[{"tweenEasing":0,"transform":{"y":-98.3333,"x":-24.1667},"duration":75},{"tweenEasing":0,"transform":{"y":-98.3333,"skX":1,"skY":1,"x":-24.1667},"duration":105},{"transform":{"y":-98.3333,"x":-24.1667},"duration":0}],"name":"003_huang_shuguan"},{"frame":[{"tweenEasing":0,"transform":{"y":-100},"duration":180},{"transform":{"y":-100},"duration":0}],"name":"003_huang_shugan"},{"frame":[{"transform":{},"duration":180}],"name":"000_fuji"},{"frame":[{"transform":{},"duration":180}],"name":"001_lv_shugan"},{"frame":[{"transform":{},"duration":180}],"name":"002_lan_shugan"},{"frame":[{"transform":{},"duration":180}],"name":"002_lan_shuguan"},{"frame":[{"transform":{},"duration":180}],"name":"001_lv_shuguan"},{"frame":[{"transform":{},"duration":180}],"name":"001_lv_shuye4"},{"frame":[{"transform":{},"duration":180}],"name":"001_lv_guoshi2"},{"frame":[{"transform":{},"duration":180}],"name":"001_lv_guoshi1"},{"frame":[{"transform":{},"duration":180}],"name":"001_lv_guoshi3"},{"frame":[{"transform":{},"duration":180}],"name":"001_lv_shuye1"},{"frame":[{"transform":{},"duration":180}],"name":"001_lv_shuye3"},{"frame":[{"transform":{},"duration":180}],"name":"002_lan_shuye2"},{"frame":[{"transform":{},"duration":180}],"name":"002_lan_shuye1"},{"frame":[{"transform":{},"duration":180}],"name":"002_lan_shuye4"},{"frame":[{"transform":{},"duration":180}],"name":"002_lan_guoshi1"},{"frame":[{"transform":{},"duration":180}],"name":"002_lan_guoshi2"},{"frame":[{"transform":{},"duration":180}],"name":"002_lan_guoshi3"},{"frame":[{"transform":{},"duration":180}],"name":"001_lv_shuye2"},{"frame":[{"transform":{},"duration":180}],"name":"002_lan_shuye3"},{"frame":[{"transform":{},"duration":180}],"name":"003_huang_guozi1"},{"frame":[{"transform":{},"duration":180}],"name":"003_huang_guozi2"},{"frame":[{"transform":{},"duration":180}],"name":"003_huang_guozi3"}],"slot":[{"frame":[{"tweenEasing":0,"duration":90},{"tweenEasing":0,"duration":90},{"tweenEasing":null,"duration":0}],"name":"003_huang_shuye4"},{"frame":[{"tweenEasing":0,"duration":90},{"tweenEasing":0,"duration":90},{"tweenEasing":null,"duration":0}],"name":"003_huang_shuye3"},{"frame":[{"tweenEasing":0,"duration":90},{"tweenEasing":0,"duration":90},{"tweenEasing":null,"duration":0}],"name":"003_huang_shuye2"},{"frame":[{"tweenEasing":0,"duration":90},{"tweenEasing":0,"duration":90},{"tweenEasing":null,"duration":0}],"name":"003_huang_shuye1"},{"frame":[{"tweenEasing":0,"duration":75},{"tweenEasing":0,"duration":105},{"tweenEasing":null,"duration":0}],"name":"003_huang_shuguan"},{"frame":[{"tweenEasing":0,"duration":180},{"tweenEasing":null,"duration":0}],"name":"003_huang_shugan"},{"frame":[{"displayIndex":-1,"tweenEasing":null,"duration":180}],"name":"000_fuji"},{"frame":[{"displayIndex":-1,"tweenEasing":null,"duration":180}],"name":"001_lv_shugan"},{"frame":[{"displayIndex":-1,"tweenEasing":null,"duration":180}],"name":"001_lv_shuguan"},{"frame":[{"displayIndex":-1,"tweenEasing":null,"duration":180}],"name":"001_lv_shuye1"},{"frame":[{"displayIndex":-1,"tweenEasing":null,"duration":180}],"name":"001_lv_shuye2"},{"frame":[{"displayIndex":-1,"tweenEasing":null,"duration":180}],"name":"001_lv_shuye3"},{"frame":[{"displayIndex":-1,"tweenEasing":null,"duration":180}],"name":"001_lv_shuye4"},{"frame":[{"displayIndex":-1,"tweenEasing":null,"duration":180}],"name":"001_lv_guoshi1"},{"frame":[{"displayIndex":-1,"tweenEasing":null,"duration":180}],"name":"001_lv_guoshi2"},{"frame":[{"displayIndex":-1,"tweenEasing":null,"duration":180}],"name":"001_lv_guoshi3"},{"frame":[{"displayIndex":-1,"tweenEasing":null,"duration":180}],"name":"002_lan_shugan"},{"frame":[{"displayIndex":-1,"tweenEasing":null,"duration":180}],"name":"002_lan_shuguan"},{"frame":[{"displayIndex":-1,"tweenEasing":null,"duration":180}],"name":"002_lan_shuye1"},{"frame":[{"displayIndex":-1,"tweenEasing":null,"duration":180}],"name":"002_lan_shuye2"},{"frame":[{"displayIndex":-1,"tweenEasing":null,"duration":180}],"name":"002_lan_shuye3"},{"frame":[{"displayIndex":-1,"tweenEasing":null,"duration":180}],"name":"002_lan_shuye4"},{"frame":[{"displayIndex":-1,"tweenEasing":null,"duration":180}],"name":"002_lan_guoshi1"},{"frame":[{"displayIndex":-1,"tweenEasing":null,"duration":180}],"name":"002_lan_guoshi2"},{"frame":[{"displayIndex":-1,"tweenEasing":null,"duration":180}],"name":"002_lan_guoshi3"},{"frame":[{"displayIndex":-1,"tweenEasing":null,"duration":180}],"name":"003_huang_guozi1"},{"frame":[{"displayIndex":-1,"tweenEasing":null,"duration":180}],"name":"003_huang_guozi2"},{"frame":[{"displayIndex":-1,"tweenEasing":null,"duration":180}],"name":"003_huang_guozi3"}],"ffd":[],"ik":[],"frame":[],"name":"004_huang_da","duration":180},{"playTimes":0,"bone":[{"frame":[{"tweenEasing":0,"transform":{"y":3.3333,"x":129.1667},"duration":105},{"tweenEasing":0,"transform":{"y":3.3333,"skX":1,"skY":1,"x":129.1667},"duration":75},{"transform":{"y":3.3333,"x":129.1667},"duration":0}],"name":"003_huang_guozi3"},{"frame":[{"tweenEasing":0,"transform":{"y":-24.1667,"x":3.3333},"duration":105},{"tweenEasing":0,"transform":{"y":-24.1667,"skX":1,"skY":1,"x":3.3333},"duration":75},{"transform":{"y":-24.1667,"x":3.3333},"duration":0}],"name":"003_huang_guozi2"},{"frame":[{"tweenEasing":0,"transform":{"y":31.6667,"x":-67.5},"duration":105},{"tweenEasing":0,"transform":{"y":31.6667,"skX":1,"skY":1,"x":-67.5},"duration":75},{"transform":{"y":31.6667,"x":-67.5},"duration":0}],"name":"003_huang_guozi1"},{"frame":[{"tweenEasing":0,"transform":{"y":12.5,"x":106.6667},"duration":90},{"tweenEasing":0,"transform":{"y":12.5,"skX":-1,"skY":-1,"x":106.6667},"duration":90},{"transform":{"y":12.5,"x":106.6667},"duration":0}],"name":"003_huang_shuye4"},{"frame":[{"tweenEasing":0,"transform":{"y":54.1667,"x":-5.8333},"duration":90},{"tweenEasing":0,"transform":{"y":54.1667,"skX":-1,"skY":-1,"x":-5.8333},"duration":90},{"transform":{"y":54.1667,"x":-5.8333},"duration":0}],"name":"003_huang_shuye3"},{"frame":[{"tweenEasing":0,"transform":{"y":-30.8333,"x":-10},"duration":90},{"tweenEasing":0,"transform":{"y":-30.8333,"skX":-1,"skY":-1,"x":-10},"duration":90},{"transform":{"y":-30.8333,"x":-10},"duration":0}],"name":"003_huang_shuye2"},{"frame":[{"tweenEasing":0,"transform":{"y":47.5,"x":-111.6667},"duration":90},{"tweenEasing":0,"transform":{"y":47.5,"skX":-1,"skY":-1,"x":-111.6667},"duration":90},{"transform":{"y":47.5,"x":-111.6667},"duration":0}],"name":"003_huang_shuye1"},{"frame":[{"tweenEasing":0,"transform":{"y":-98.3333,"x":-24.1667},"duration":75},{"tweenEasing":0,"transform":{"y":-98.3333,"skX":1,"skY":1,"x":-24.1667},"duration":105},{"transform":{"y":-98.3333,"x":-24.1667},"duration":0}],"name":"003_huang_shuguan"},{"frame":[{"tweenEasing":0,"transform":{"y":-100},"duration":180},{"transform":{"y":-100},"duration":0}],"name":"003_huang_shugan"},{"frame":[{"transform":{},"duration":180}],"name":"000_fuji"},{"frame":[{"transform":{},"duration":180}],"name":"001_lv_shugan"},{"frame":[{"transform":{},"duration":180}],"name":"002_lan_shugan"},{"frame":[{"transform":{},"duration":180}],"name":"002_lan_shuguan"},{"frame":[{"transform":{},"duration":180}],"name":"001_lv_shuguan"},{"frame":[{"transform":{},"duration":180}],"name":"001_lv_shuye4"},{"frame":[{"transform":{},"duration":180}],"name":"001_lv_guoshi2"},{"frame":[{"transform":{},"duration":180}],"name":"001_lv_guoshi1"},{"frame":[{"transform":{},"duration":180}],"name":"001_lv_guoshi3"},{"frame":[{"transform":{},"duration":180}],"name":"001_lv_shuye1"},{"frame":[{"transform":{},"duration":180}],"name":"001_lv_shuye3"},{"frame":[{"transform":{},"duration":180}],"name":"002_lan_shuye2"},{"frame":[{"transform":{},"duration":180}],"name":"002_lan_shuye1"},{"frame":[{"transform":{},"duration":180}],"name":"002_lan_shuye4"},{"frame":[{"transform":{},"duration":180}],"name":"002_lan_guoshi1"},{"frame":[{"transform":{},"duration":180}],"name":"002_lan_guoshi2"},{"frame":[{"transform":{},"duration":180}],"name":"002_lan_guoshi3"},{"frame":[{"transform":{},"duration":180}],"name":"001_lv_shuye2"},{"frame":[{"transform":{},"duration":180}],"name":"002_lan_shuye3"}],"slot":[{"frame":[{"tweenEasing":0,"duration":105},{"tweenEasing":0,"duration":75},{"tweenEasing":null,"duration":0}],"name":"003_huang_guozi3"},{"frame":[{"tweenEasing":0,"duration":105},{"tweenEasing":0,"duration":75},{"tweenEasing":null,"duration":0}],"name":"003_huang_guozi2"},{"frame":[{"tweenEasing":0,"duration":105},{"tweenEasing":0,"duration":75},{"tweenEasing":null,"duration":0}],"name":"003_huang_guozi1"},{"frame":[{"tweenEasing":0,"duration":90},{"tweenEasing":0,"duration":90},{"tweenEasing":null,"duration":0}],"name":"003_huang_shuye4"},{"frame":[{"tweenEasing":0,"duration":90},{"tweenEasing":0,"duration":90},{"tweenEasing":null,"duration":0}],"name":"003_huang_shuye3"},{"frame":[{"tweenEasing":0,"duration":90},{"tweenEasing":0,"duration":90},{"tweenEasing":null,"duration":0}],"name":"003_huang_shuye2"},{"frame":[{"tweenEasing":0,"duration":90},{"tweenEasing":0,"duration":90},{"tweenEasing":null,"duration":0}],"name":"003_huang_shuye1"},{"frame":[{"tweenEasing":0,"duration":75},{"tweenEasing":0,"duration":105},{"tweenEasing":null,"duration":0}],"name":"003_huang_shuguan"},{"frame":[{"tweenEasing":0,"duration":180},{"tweenEasing":null,"duration":0}],"name":"003_huang_shugan"},{"frame":[{"displayIndex":-1,"tweenEasing":null,"duration":180}],"name":"000_fuji"},{"frame":[{"displayIndex":-1,"tweenEasing":null,"duration":180}],"name":"001_lv_shugan"},{"frame":[{"displayIndex":-1,"tweenEasing":null,"duration":180}],"name":"001_lv_shuguan"},{"frame":[{"displayIndex":-1,"tweenEasing":null,"duration":180}],"name":"001_lv_shuye1"},{"frame":[{"displayIndex":-1,"tweenEasing":null,"duration":180}],"name":"001_lv_shuye2"},{"frame":[{"displayIndex":-1,"tweenEasing":null,"duration":180}],"name":"001_lv_shuye3"},{"frame":[{"displayIndex":-1,"tweenEasing":null,"duration":180}],"name":"001_lv_shuye4"},{"frame":[{"displayIndex":-1,"tweenEasing":null,"duration":180}],"name":"001_lv_guoshi1"},{"frame":[{"displayIndex":-1,"tweenEasing":null,"duration":180}],"name":"001_lv_guoshi2"},{"frame":[{"displayIndex":-1,"tweenEasing":null,"duration":180}],"name":"001_lv_guoshi3"},{"frame":[{"displayIndex":-1,"tweenEasing":null,"duration":180}],"name":"002_lan_shugan"},{"frame":[{"displayIndex":-1,"tweenEasing":null,"duration":180}],"name":"002_lan_shuguan"},{"frame":[{"displayIndex":-1,"tweenEasing":null,"duration":180}],"name":"002_lan_shuye1"},{"frame":[{"displayIndex":-1,"tweenEasing":null,"duration":180}],"name":"002_lan_shuye2"},{"frame":[{"displayIndex":-1,"tweenEasing":null,"duration":180}],"name":"002_lan_shuye3"},{"frame":[{"displayIndex":-1,"tweenEasing":null,"duration":180}],"name":"002_lan_shuye4"},{"frame":[{"displayIndex":-1,"tweenEasing":null,"duration":180}],"name":"002_lan_guoshi1"},{"frame":[{"displayIndex":-1,"tweenEasing":null,"duration":180}],"name":"002_lan_guoshi2"},{"frame":[{"displayIndex":-1,"tweenEasing":null,"duration":180}],"name":"002_lan_guoshi3"}],"ffd":[],"ik":[],"frame":[],"name":"005_huang_da_guoshi","duration":180}],"defaultActions":[{"gotoAndPlay":"000_lv_da"}],"aabb":{"width":382,"y":-134,"height":268,"x":-191},"ik":[],"name":"armatureName","skin":[{"slot":[{"display":[{"path":"lv_guoshu_da/gl2","type":"image","name":"lv_guoshu_da/gl2","transform":{}}],"name":"001_lv_shuye2"},{"display":[{"path":"lan_guoshu_da/bl1","type":"image","name":"lan_guoshu_da/bl1","transform":{}}],"name":"002_lan_shuye1"},{"display":[{"path":"huang_guoshu_da/1","type":"image","name":"huang_guoshu_da/1","transform":{}}],"name":"003_huang_shuguan"},{"display":[{"path":"huang_guoshu_da/yfruit7","type":"image","name":"huang_guoshu_da/yfruit7","transform":{}}],"name":"003_huang_guozi2"},{"display":[{"path":"huang_guoshu_da/yl3","type":"image","name":"huang_guoshu_da/yl3","transform":{}}],"name":"003_huang_shuye3"},{"display":[{"path":"lv_guoshu_da/gl3","type":"image","name":"lv_guoshu_da/gl3","transform":{}}],"name":"001_lv_shuye3"},{"display":[{"path":"lv_guoshu_da/gfruit4","type":"image","name":"lv_guoshu_da/gfruit4","transform":{}}],"name":"001_lv_guoshi2"},{"display":[{"path":"huang_guoshu_da/yfruit4","type":"image","name":"huang_guoshu_da/yfruit4","transform":{}}],"name":"003_huang_guozi1"},{"display":[{"path":"lv_guoshu_da/gl1","type":"image","name":"lv_guoshu_da/gl1","transform":{}}],"name":"001_lv_shuye1"},{"display":[{"path":"lv_guoshu_da/gl4","type":"image","name":"lv_guoshu_da/gl4","transform":{}}],"name":"001_lv_shuye4"},{"display":[{"path":"lan_guoshu_da/bfruit8","type":"image","name":"lan_guoshu_da/bfruit8","transform":{}}],"name":"002_lan_guoshi3"},{"display":[{"path":"lv_guoshu_da/gfruit6","type":"image","name":"lv_guoshu_da/gfruit6","transform":{}}],"name":"001_lv_guoshi3"},{"display":[{"path":"trank","type":"image","name":"trank","transform":{}}],"name":"002_lan_shugan"},{"display":[{"path":"lan_guoshu_da/bl4","type":"image","name":"lan_guoshu_da/bl4","transform":{}}],"name":"002_lan_shuye4"},{"display":[{"path":"trank","type":"image","name":"trank","transform":{}}],"name":"001_lv_shugan"},{"display":[{"path":"trank","type":"image","name":"trank","transform":{}}],"name":"003_huang_shugan"},{"display":[{"path":"lv_guoshu_da/gfruit2","type":"image","name":"lv_guoshu_da/gfruit2","transform":{}}],"name":"001_lv_guoshi1"},{"display":[{"path":"huang_guoshu_da/yl4","type":"image","name":"huang_guoshu_da/yl4","transform":{}}],"name":"003_huang_shuye4"},{"display":[{"path":"lan_guoshu_da/bl3","type":"image","name":"lan_guoshu_da/bl3","transform":{}}],"name":"002_lan_shuye3"},{"display":[{"path":"lan_guoshu_da/bfruit6","type":"image","name":"lan_guoshu_da/bfruit6","transform":{}}],"name":"002_lan_guoshi2"},{"display":[{"path":"huang_guoshu_da/yl2","type":"image","name":"huang_guoshu_da/yl2","transform":{}}],"name":"003_huang_shuye2"},{"display":[{"path":"lan_guoshu_da/bl2","type":"image","name":"lan_guoshu_da/bl2","transform":{}}],"name":"002_lan_shuye2"},{"display":[{"path":"huang_guoshu_da/yfruit9","type":"image","name":"huang_guoshu_da/yfruit9","transform":{}}],"name":"003_huang_guozi3"},{"display":[{"path":"lv_guoshu_da/3","type":"image","name":"lv_guoshu_da/3","transform":{}}],"name":"001_lv_shuguan"},{"display":[{"path":"lan_guoshu_da/2","type":"image","name":"lan_guoshu_da/2","transform":{}}],"name":"002_lan_shuguan"},{"display":[{"path":"lan_guoshu_da/bfruit4","type":"image","name":"lan_guoshu_da/bfruit4","transform":{}}],"name":"002_lan_guoshi1"},{"display":[{"path":"huang_guoshu_da/yl1","type":"image","name":"huang_guoshu_da/yl1","transform":{}}],"name":"003_huang_shuye1"}],"name":""}],"slot":[{"displayIndex":-1,"name":"000_fuji","parent":"000_fuji","color":{}},{"z":1,"name":"001_lv_shugan","parent":"001_lv_shugan","color":{}},{"z":2,"name":"001_lv_shuguan","parent":"001_lv_shuguan","color":{}},{"z":3,"name":"001_lv_shuye1","parent":"001_lv_shuye1","color":{}},{"z":4,"name":"001_lv_shuye2","parent":"001_lv_shuye2","color":{}},{"z":5,"name":"001_lv_shuye3","parent":"001_lv_shuye3","color":{}},{"z":6,"name":"001_lv_shuye4","parent":"001_lv_shuye4","color":{}},{"z":7,"name":"001_lv_guoshi1","parent":"001_lv_guoshi1","color":{}},{"z":8,"name":"001_lv_guoshi2","parent":"001_lv_guoshi2","color":{}},{"z":9,"name":"001_lv_guoshi3","parent":"001_lv_guoshi3","color":{}},{"z":10,"name":"002_lan_shugan","parent":"002_lan_shugan","color":{}},{"z":11,"name":"002_lan_shuguan","parent":"002_lan_shuguan","color":{}},{"z":12,"name":"002_lan_shuye1","parent":"002_lan_shuye1","color":{}},{"z":13,"name":"002_lan_shuye2","parent":"002_lan_shuye2","color":{}},{"z":14,"name":"002_lan_shuye3","parent":"002_lan_shuye3","color":{}},{"z":15,"name":"002_lan_shuye4","parent":"002_lan_shuye4","color":{}},{"z":16,"name":"002_lan_guoshi1","parent":"002_lan_guoshi1","color":{}},{"z":17,"name":"002_lan_guoshi2","parent":"002_lan_guoshi2","color":{}},{"z":18,"name":"002_lan_guoshi3","parent":"002_lan_guoshi3","color":{}},{"z":19,"name":"003_huang_shugan","parent":"003_huang_shugan","color":{}},{"z":20,"name":"003_huang_shuguan","parent":"003_huang_shuguan","color":{}},{"z":21,"name":"003_huang_shuye1","parent":"003_huang_shuye1","color":{}},{"z":22,"name":"003_huang_shuye2","parent":"003_huang_shuye2","color":{}},{"z":23,"name":"003_huang_shuye3","parent":"003_huang_shuye3","color":{}},{"z":24,"name":"003_huang_shuye4","parent":"003_huang_shuye4","color":{}},{"z":25,"name":"003_huang_guozi1","parent":"003_huang_guozi1","color":{}},{"z":26,"name":"003_huang_guozi2","parent":"003_huang_guozi2","color":{}},{"z":27,"name":"003_huang_guozi3","parent":"003_huang_guozi3","color":{}}]}],"name":"ui_tanlanzhidao_guoshu_da","version":"4.0"}