{"frameRate":60,"isGlobal":0,"armature":[{"bone":[{"inheritScale":false,"name":"000_fuji","transform":{}},{"inheritScale":false,"transform":{},"name":"000_diban","parent":"000_fuji"},{"inheritScale":false,"transform":{},"name":"000_huixingxing_fuji","parent":"000_diban"},{"inheritScale":false,"transform":{},"name":"000_lizi_fuji","parent":"000_diban"},{"inheritScale":false,"transform":{},"name":"000_wenzi","parent":"000_diban"},{"inheritScale":false,"transform":{},"name":"000_diguang","parent":"000_diban"},{"inheritScale":false,"transform":{},"name":"000_baoxiang","parent":"000_diban"},{"inheritScale":false,"transform":{},"name":"000_huixingxing5","parent":"000_huixingxing_fuji"},{"inheritScale":false,"transform":{},"name":"000_huixingxing3","parent":"000_huixingxing_fuji"},{"inheritScale":false,"transform":{},"name":"000_huixingxing4","parent":"000_huixingxing_fuji"},{"inheritScale":false,"transform":{},"name":"000_huixingxing1","parent":"000_huixingxing_fuji"},{"inheritScale":false,"transform":{},"name":"000_lizi2","parent":"000_lizi_fuji"},{"inheritScale":false,"transform":{},"name":"000_huixingxing2","parent":"000_huixingxing_fuji"},{"inheritScale":false,"transform":{},"name":"000_lizi3","parent":"000_lizi_fuji"},{"inheritScale":false,"transform":{},"name":"000_lizi1","parent":"000_lizi_fuji"},{"inheritScale":false,"transform":{},"name":"001_zaxingxing","parent":"000_huixingxing5"},{"inheritScale":false,"transform":{},"name":"000_xingxing5","parent":"000_huixingxing5"},{"inheritScale":false,"transform":{},"name":"000_xingxing4","parent":"000_huixingxing4"},{"inheritScale":false,"transform":{},"name":"000_xingxing2","parent":"000_huixingxing2"},{"inheritScale":false,"transform":{},"name":"000_xingxing3","parent":"000_huixingxing3"},{"inheritScale":false,"transform":{},"name":"000_xingxing1","parent":"000_huixingxing1"}],"type":"Armature","frameRate":60,"animation":[{"playTimes":0,"bone":[{"frame":[{"tweenEasing":0,"transform":{"y":71.1111,"x":110},"duration":68},{"transform":{"y":71.1111,"x":110},"duration":22}],"name":"000_lizi_fuji"},{"frame":[{"tweenEasing":0,"transform":{},"duration":67},{"tweenEasing":0,"transform":{},"duration":1},{"tweenEasing":0,"transform":{"y":-39.1667,"x":-43.3333},"duration":13},{"tweenEasing":0,"transform":{"y":-83.9773,"skX":53.1818,"skY":53.1818,"x":-44.8106},"duration":9},{"transform":{"y":-115,"skX":90,"skY":90,"x":-45.8333},"duration":0}],"name":"000_lizi3"},{"frame":[{"tweenEasing":0,"transform":{"skX":45,"skY":45},"duration":67},{"tweenEasing":0,"transform":{"skX":45,"skY":45},"duration":1},{"tweenEasing":0,"transform":{"scY":0.8,"y":35.8333,"skX":45,"skY":45,"scX":0.8,"x":-5.8333},"duration":13},{"tweenEasing":0,"transform":{"scY":0.8,"y":2.8409,"skX":98.1818,"skY":98.1818,"scX":0.8,"x":-1.8939},"duration":9},{"transform":{"scY":0.8,"y":-20,"skX":135,"skY":135,"scX":0.8,"x":0.8333},"duration":0}],"name":"000_lizi2"},{"frame":[{"tweenEasing":0,"transform":{"skX":60,"skY":60},"duration":67},{"tweenEasing":0,"transform":{"skX":60,"skY":60},"duration":1},{"tweenEasing":0,"transform":{"y":-3.3333,"skX":60,"skY":60,"x":70},"duration":13},{"tweenEasing":0,"transform":{"y":-42.7273,"skX":113.1818,"skY":113.1818,"x":74.9242},"duration":9},{"transform":{"y":-70,"skX":150,"skY":150,"x":78.3333},"duration":0}],"name":"000_lizi1"},{"frame":[{"tweenEasing":0,"transform":{"y":65,"x":116},"duration":59},{"tweenEasing":0,"transform":{"y":65,"x":116},"duration":1},{"tweenEasing":0,"transform":{"y":-300,"x":116},"duration":8},{"tweenEasing":0,"transform":{"y":125,"x":116},"duration":5},{"tweenEasing":0,"transform":{"scY":0.9,"y":126,"scX":1.1,"x":116},"duration":8},{"tweenEasing":0,"transform":{"scY":1.1,"y":125,"scX":0.9,"x":116},"duration":9},{"transform":{"y":125,"x":116},"duration":0}],"name":"000_baoxiang"},{"frame":[{"tweenEasing":0,"transform":{},"duration":29},{"tweenEasing":0,"transform":{},"duration":1},{"tweenEasing":0,"transform":{"scY":3,"scX":3},"duration":10},{"tweenEasing":0,"transform":{"scY":0.85,"scX":0.85},"duration":10},{"tweenEasing":0,"transform":{"scY":1.05,"scX":1.05},"duration":10},{"tweenEasing":0,"transform":{},"duration":30},{"transform":{},"duration":0}],"name":"000_xingxing5"},{"frame":[{"tweenEasing":0,"transform":{},"duration":10},{"tweenEasing":0,"transform":{},"duration":20},{"tweenEasing":0,"transform":{},"duration":60},{"transform":{},"duration":0}],"name":"000_xingxing4"},{"frame":[{"tweenEasing":0,"transform":{},"duration":10},{"tweenEasing":0,"transform":{},"duration":20},{"tweenEasing":0,"transform":{},"duration":60},{"transform":{},"duration":0}],"name":"000_xingxing3"},{"frame":[{"tweenEasing":0,"transform":{},"duration":10},{"tweenEasing":0,"transform":{},"duration":20},{"tweenEasing":0,"transform":{},"duration":60},{"transform":{},"duration":0}],"name":"000_xingxing2"},{"frame":[{"tweenEasing":0,"transform":{},"duration":10},{"tweenEasing":0,"transform":{},"duration":20},{"tweenEasing":0,"transform":{},"duration":60},{"transform":{},"duration":0}],"name":"000_xingxing1"},{"frame":[{"tweenEasing":0,"transform":{"y":112,"x":125},"duration":59},{"tweenEasing":0,"transform":{"y":112,"x":125},"duration":1},{"tweenEasing":0,"transform":{"scY":0.5,"y":112,"scX":0.5,"x":125},"duration":8},{"tweenEasing":0,"transform":{"y":112,"x":125},"duration":5},{"tweenEasing":0,"transform":{"scY":1.1,"y":112,"scX":1.1,"x":125},"duration":8},{"tweenEasing":0,"transform":{"y":112,"x":125},"duration":9},{"transform":{"y":112,"x":125},"duration":0}],"name":"000_diguang"},{"frame":[{"tweenEasing":0,"transform":{"x":-150},"duration":29},{"tweenEasing":0,"transform":{"x":-150},"duration":1},{"tweenEasing":0,"transform":{"y":30,"x":-150},"duration":10},{"tweenEasing":0,"transform":{"x":-150},"duration":20},{"tweenEasing":0,"transform":{"x":-150},"duration":30},{"transform":{"x":-150},"duration":0}],"name":"000_wenzi"},{"frame":[{"tweenEasing":0,"transform":{"x":200},"duration":10},{"tweenEasing":0,"transform":{"x":200},"duration":20},{"tweenEasing":0,"transform":{"x":200},"duration":30},{"tweenEasing":0,"transform":{"x":200},"duration":30},{"transform":{"x":200},"duration":0}],"name":"000_huixingxing5"},{"frame":[{"tweenEasing":0,"transform":{"x":100},"duration":10},{"tweenEasing":0,"transform":{"x":100},"duration":20},{"tweenEasing":0,"transform":{"x":100},"duration":30},{"tweenEasing":0,"transform":{"x":100},"duration":30},{"transform":{"x":100},"duration":0}],"name":"000_huixingxing4"},{"frame":[{"tweenEasing":0,"transform":{},"duration":10},{"tweenEasing":0,"transform":{},"duration":20},{"tweenEasing":0,"transform":{},"duration":30},{"tweenEasing":0,"transform":{},"duration":30},{"transform":{},"duration":0}],"name":"000_huixingxing3"},{"frame":[{"tweenEasing":0,"transform":{"x":-100},"duration":10},{"tweenEasing":0,"transform":{"x":-100},"duration":20},{"tweenEasing":0,"transform":{"x":-100},"duration":30},{"tweenEasing":0,"transform":{"x":-100},"duration":30},{"transform":{"x":-100},"duration":0}],"name":"000_huixingxing2"},{"frame":[{"tweenEasing":0,"transform":{"x":-200},"duration":10},{"tweenEasing":0,"transform":{"x":-200},"duration":20},{"tweenEasing":0,"transform":{"x":-200},"duration":30},{"tweenEasing":0,"transform":{"x":-200},"duration":30},{"transform":{"x":-200},"duration":0}],"name":"000_huixingxing1"},{"frame":[{"tweenEasing":0,"transform":{"y":-80},"duration":10},{"tweenEasing":0,"transform":{"y":-80},"duration":20},{"tweenEasing":0,"transform":{"y":-80},"duration":30},{"tweenEasing":0,"transform":{"y":-80},"duration":30},{"transform":{"y":-80},"duration":0}],"name":"000_huixingxing_fuji"},{"frame":[{"tweenEasing":0,"transform":{"x":-600},"duration":10},{"tweenEasing":0,"transform":{"x":20},"duration":20},{"tweenEasing":0,"transform":{},"duration":30},{"tweenEasing":0,"transform":{},"duration":30},{"transform":{},"duration":0}],"name":"000_diban"},{"frame":[{"tweenEasing":0,"transform":{},"duration":10},{"tweenEasing":0,"transform":{},"duration":20},{"tweenEasing":0,"transform":{},"duration":30},{"tweenEasing":0,"transform":{},"duration":30},{"transform":{},"duration":0}],"name":"000_fuji"},{"frame":[{"transform":{},"duration":90}],"name":"001_zaxingxing"}],"slot":[{"frame":[{"displayIndex":-1,"tweenEasing":0,"duration":68},{"displayIndex":-1,"tweenEasing":null,"duration":22}],"name":"000_lizi_fuji"},{"frame":[{"displayIndex":-1,"tweenEasing":0,"duration":67},{"displayIndex":-1,"tweenEasing":0,"duration":1},{"tweenEasing":0,"duration":13},{"tweenEasing":0,"duration":9},{"tweenEasing":null,"color":{"aM":0},"duration":0}],"name":"000_lizi3"},{"frame":[{"displayIndex":-1,"tweenEasing":0,"duration":67},{"displayIndex":-1,"tweenEasing":0,"duration":1},{"tweenEasing":0,"duration":13},{"tweenEasing":0,"duration":9},{"tweenEasing":null,"color":{"aM":0},"duration":0}],"name":"000_lizi2"},{"frame":[{"displayIndex":-1,"tweenEasing":0,"duration":67},{"displayIndex":-1,"tweenEasing":0,"duration":1},{"tweenEasing":0,"duration":13},{"tweenEasing":0,"duration":9},{"tweenEasing":null,"color":{"aM":0},"duration":0}],"name":"000_lizi1"},{"frame":[{"displayIndex":-1,"tweenEasing":0,"duration":59},{"displayIndex":-1,"tweenEasing":0,"duration":1},{"tweenEasing":0,"duration":8},{"tweenEasing":0,"duration":5},{"tweenEasing":0,"duration":8},{"tweenEasing":0,"duration":9},{"tweenEasing":null,"duration":0}],"name":"000_baoxiang"},{"frame":[{"displayIndex":-1,"tweenEasing":0,"color":{"aM":0},"duration":29},{"displayIndex":-1,"tweenEasing":0,"color":{"aM":0},"duration":1},{"displayIndex":1,"tweenEasing":0,"color":{"aM":0},"duration":10},{"displayIndex":1,"tweenEasing":0,"duration":10},{"displayIndex":1,"tweenEasing":0,"duration":10},{"displayIndex":1,"tweenEasing":0,"duration":30},{"displayIndex":1,"tweenEasing":null,"duration":0}],"name":"000_xingxing5"},{"frame":[{"displayIndex":1,"tweenEasing":0,"color":{"aM":0},"duration":10},{"displayIndex":1,"tweenEasing":0,"duration":20},{"displayIndex":1,"tweenEasing":0,"duration":60},{"displayIndex":1,"tweenEasing":null,"duration":0}],"name":"000_xingxing4"},{"frame":[{"displayIndex":1,"tweenEasing":0,"color":{"aM":0},"duration":10},{"displayIndex":1,"tweenEasing":0,"duration":20},{"displayIndex":1,"tweenEasing":0,"duration":60},{"displayIndex":1,"tweenEasing":null,"duration":0}],"name":"000_xingxing3"},{"frame":[{"displayIndex":1,"tweenEasing":0,"color":{"aM":0},"duration":10},{"displayIndex":1,"tweenEasing":0,"duration":20},{"displayIndex":1,"tweenEasing":0,"duration":60},{"displayIndex":1,"tweenEasing":null,"duration":0}],"name":"000_xingxing2"},{"frame":[{"displayIndex":1,"tweenEasing":0,"color":{"aM":0},"duration":10},{"displayIndex":1,"tweenEasing":0,"duration":20},{"displayIndex":1,"tweenEasing":0,"duration":60},{"displayIndex":1,"tweenEasing":null,"duration":0}],"name":"000_xingxing1"},{"frame":[{"displayIndex":-1,"tweenEasing":0,"duration":59},{"displayIndex":-1,"tweenEasing":0,"duration":1},{"tweenEasing":0,"color":{"aM":57},"duration":8},{"tweenEasing":0,"duration":5},{"tweenEasing":0,"duration":8},{"tweenEasing":0,"duration":9},{"tweenEasing":null,"duration":0}],"name":"000_diguang"},{"frame":[{"displayIndex":-1,"tweenEasing":0,"duration":29},{"displayIndex":-1,"tweenEasing":0,"duration":1},{"tweenEasing":0,"color":{"aM":0},"duration":10},{"tweenEasing":0,"duration":20},{"tweenEasing":0,"duration":30},{"tweenEasing":null,"duration":0}],"name":"000_wenzi"},{"frame":[{"tweenEasing":0,"color":{"aM":0},"duration":10},{"tweenEasing":0,"duration":20},{"tweenEasing":0,"duration":30},{"tweenEasing":0,"duration":30},{"tweenEasing":null,"duration":0}],"name":"000_huixingxing5"},{"frame":[{"tweenEasing":0,"color":{"aM":0},"duration":10},{"tweenEasing":0,"duration":20},{"tweenEasing":0,"duration":30},{"tweenEasing":0,"duration":30},{"tweenEasing":null,"duration":0}],"name":"000_huixingxing4"},{"frame":[{"tweenEasing":0,"color":{"aM":0},"duration":10},{"tweenEasing":0,"duration":20},{"tweenEasing":0,"duration":30},{"tweenEasing":0,"duration":30},{"tweenEasing":null,"duration":0}],"name":"000_huixingxing3"},{"frame":[{"tweenEasing":0,"color":{"aM":0},"duration":10},{"tweenEasing":0,"duration":20},{"tweenEasing":0,"duration":30},{"tweenEasing":0,"duration":30},{"tweenEasing":null,"duration":0}],"name":"000_huixingxing2"},{"frame":[{"tweenEasing":0,"color":{"aM":0},"duration":10},{"tweenEasing":0,"duration":20},{"tweenEasing":0,"duration":30},{"tweenEasing":0,"duration":30},{"tweenEasing":null,"duration":0}],"name":"000_huixingxing1"},{"frame":[{"displayIndex":-1,"tweenEasing":0,"color":{"aM":0},"duration":10},{"displayIndex":-1,"tweenEasing":0,"duration":20},{"displayIndex":-1,"tweenEasing":0,"duration":30},{"displayIndex":-1,"tweenEasing":0,"duration":30},{"displayIndex":-1,"tweenEasing":null,"duration":0}],"name":"000_huixingxing_fuji"},{"frame":[{"tweenEasing":0,"color":{"aM":0},"duration":10},{"tweenEasing":0,"duration":20},{"tweenEasing":0,"duration":30},{"tweenEasing":0,"duration":30},{"tweenEasing":null,"duration":0}],"name":"000_diban"},{"frame":[{"displayIndex":-1,"tweenEasing":0,"duration":10},{"displayIndex":-1,"tweenEasing":0,"duration":20},{"displayIndex":-1,"tweenEasing":0,"duration":30},{"displayIndex":-1,"tweenEasing":0,"duration":30},{"displayIndex":-1,"tweenEasing":null,"duration":0}],"name":"000_fuji"},{"frame":[{"displayIndex":-1,"tweenEasing":null,"duration":90}],"name":"001_zaxingxing"}],"ffd":[],"ik":[],"frame":[],"name":"000_yanshi","duration":90},{"bone":[{"frame":[{"tweenEasing":0,"transform":{"y":71.1111,"x":110},"duration":68},{"transform":{"y":71.1111,"x":110},"duration":22}],"name":"000_lizi_fuji"},{"frame":[{"tweenEasing":0,"transform":{},"duration":67},{"tweenEasing":0,"transform":{},"duration":1},{"tweenEasing":0,"transform":{"y":-39.1667,"x":-43.3333},"duration":13},{"tweenEasing":0,"transform":{"y":-83.9773,"skX":53.1818,"skY":53.1818,"x":-44.8106},"duration":9},{"transform":{"y":-115,"skX":90,"skY":90,"x":-45.8333},"duration":0}],"name":"000_lizi3"},{"frame":[{"tweenEasing":0,"transform":{"skX":45,"skY":45},"duration":67},{"tweenEasing":0,"transform":{"skX":45,"skY":45},"duration":1},{"tweenEasing":0,"transform":{"scY":0.8,"y":35.8333,"skX":45,"skY":45,"scX":0.8,"x":-5.8333},"duration":13},{"tweenEasing":0,"transform":{"scY":0.8,"y":2.8409,"skX":98.1818,"skY":98.1818,"scX":0.8,"x":-1.8939},"duration":9},{"transform":{"scY":0.8,"y":-20,"skX":135,"skY":135,"scX":0.8,"x":0.8333},"duration":0}],"name":"000_lizi2"},{"frame":[{"tweenEasing":0,"transform":{"skX":60,"skY":60},"duration":67},{"tweenEasing":0,"transform":{"skX":60,"skY":60},"duration":1},{"tweenEasing":0,"transform":{"y":-3.3333,"skX":60,"skY":60,"x":70},"duration":13},{"tweenEasing":0,"transform":{"y":-42.7273,"skX":113.1818,"skY":113.1818,"x":74.9242},"duration":9},{"transform":{"y":-70,"skX":150,"skY":150,"x":78.3333},"duration":0}],"name":"000_lizi1"},{"frame":[{"tweenEasing":0,"transform":{"y":65,"x":116},"duration":59},{"tweenEasing":0,"transform":{"y":65,"x":116},"duration":1},{"tweenEasing":0,"transform":{"y":-300,"x":116},"duration":8},{"tweenEasing":0,"transform":{"y":60,"x":116},"duration":5},{"tweenEasing":0,"transform":{"scY":0.9,"y":66,"scX":1.1,"x":116},"duration":8},{"tweenEasing":0,"transform":{"scY":1.1,"y":55,"scX":0.9,"x":116},"duration":9},{"transform":{"y":60,"x":116},"duration":0}],"name":"000_baoxiang"},{"frame":[{"tweenEasing":0,"transform":{},"duration":10},{"tweenEasing":0,"transform":{},"duration":20},{"tweenEasing":0,"transform":{},"duration":60},{"transform":{},"duration":0}],"name":"000_xingxing5"},{"frame":[{"tweenEasing":0,"transform":{},"duration":10},{"tweenEasing":0,"transform":{},"duration":20},{"tweenEasing":0,"transform":{},"duration":60},{"transform":{},"duration":0}],"name":"000_xingxing4"},{"frame":[{"tweenEasing":0,"transform":{},"duration":10},{"tweenEasing":0,"transform":{},"duration":20},{"tweenEasing":0,"transform":{},"duration":60},{"transform":{},"duration":0}],"name":"000_xingxing3"},{"frame":[{"tweenEasing":0,"transform":{},"duration":10},{"tweenEasing":0,"transform":{},"duration":20},{"tweenEasing":0,"transform":{},"duration":60},{"transform":{},"duration":0}],"name":"000_xingxing2"},{"frame":[{"tweenEasing":0,"transform":{},"duration":10},{"tweenEasing":0,"transform":{},"duration":20},{"tweenEasing":0,"transform":{},"duration":60},{"transform":{},"duration":0}],"name":"000_xingxing1"},{"frame":[{"tweenEasing":0,"transform":{"y":112,"x":125},"duration":59},{"tweenEasing":0,"transform":{"y":112,"x":125},"duration":1},{"tweenEasing":0,"transform":{"scY":0.5,"y":112,"scX":0.5,"x":125},"duration":8},{"tweenEasing":0,"transform":{"y":112,"x":125},"duration":5},{"tweenEasing":0,"transform":{"scY":1.1,"y":112,"scX":1.1,"x":125},"duration":8},{"tweenEasing":0,"transform":{"y":112,"x":125},"duration":9},{"transform":{"y":112,"x":125},"duration":0}],"name":"000_diguang"},{"frame":[{"tweenEasing":0,"transform":{"x":-150},"duration":29},{"tweenEasing":0,"transform":{"x":-150},"duration":1},{"tweenEasing":0,"transform":{"y":30,"x":-150},"duration":10},{"tweenEasing":0,"transform":{"x":-150},"duration":20},{"tweenEasing":0,"transform":{"x":-150},"duration":30},{"transform":{"x":-150},"duration":0}],"name":"000_wenzi"},{"frame":[{"tweenEasing":0,"transform":{"x":200},"duration":10},{"tweenEasing":0,"transform":{"x":200},"duration":20},{"tweenEasing":0,"transform":{"x":200},"duration":30},{"tweenEasing":0,"transform":{"x":200},"duration":30},{"transform":{"x":200},"duration":0}],"name":"000_huixingxing5"},{"frame":[{"tweenEasing":0,"transform":{"x":100},"duration":10},{"tweenEasing":0,"transform":{"x":100},"duration":20},{"tweenEasing":0,"transform":{"x":100},"duration":30},{"tweenEasing":0,"transform":{"x":100},"duration":30},{"transform":{"x":100},"duration":0}],"name":"000_huixingxing4"},{"frame":[{"tweenEasing":0,"transform":{},"duration":10},{"tweenEasing":0,"transform":{},"duration":20},{"tweenEasing":0,"transform":{},"duration":30},{"tweenEasing":0,"transform":{},"duration":30},{"transform":{},"duration":0}],"name":"000_huixingxing3"},{"frame":[{"tweenEasing":0,"transform":{"x":-100},"duration":10},{"tweenEasing":0,"transform":{"x":-100},"duration":20},{"tweenEasing":0,"transform":{"x":-100},"duration":30},{"tweenEasing":0,"transform":{"x":-100},"duration":30},{"transform":{"x":-100},"duration":0}],"name":"000_huixingxing2"},{"frame":[{"tweenEasing":0,"transform":{"x":-200},"duration":10},{"tweenEasing":0,"transform":{"x":-200},"duration":20},{"tweenEasing":0,"transform":{"x":-200},"duration":30},{"tweenEasing":0,"transform":{"x":-200},"duration":30},{"transform":{"x":-200},"duration":0}],"name":"000_huixingxing1"},{"frame":[{"tweenEasing":0,"transform":{"y":-80},"duration":10},{"tweenEasing":0,"transform":{"y":-80},"duration":20},{"tweenEasing":0,"transform":{"y":-80},"duration":30},{"tweenEasing":0,"transform":{"y":-80},"duration":30},{"transform":{"y":-80},"duration":0}],"name":"000_huixingxing_fuji"},{"frame":[{"tweenEasing":0,"transform":{"x":-600},"duration":10},{"tweenEasing":0,"transform":{"x":20},"duration":20},{"tweenEasing":0,"transform":{},"duration":30},{"tweenEasing":0,"transform":{},"duration":30},{"transform":{},"duration":0}],"name":"000_diban"},{"frame":[{"tweenEasing":0,"transform":{},"duration":10},{"tweenEasing":0,"transform":{},"duration":20},{"tweenEasing":0,"transform":{},"duration":30},{"tweenEasing":0,"transform":{},"duration":30},{"transform":{},"duration":0}],"name":"000_fuji"},{"frame":[{"transform":{},"duration":90}],"name":"001_zaxingxing"}],"slot":[{"frame":[{"displayIndex":-1,"tweenEasing":0,"duration":68},{"displayIndex":-1,"tweenEasing":null,"duration":22}],"name":"000_lizi_fuji"},{"frame":[{"displayIndex":-1,"tweenEasing":0,"duration":67},{"displayIndex":-1,"tweenEasing":0,"duration":1},{"tweenEasing":0,"duration":13},{"tweenEasing":0,"duration":9},{"tweenEasing":null,"color":{"aM":0},"duration":0}],"name":"000_lizi3"},{"frame":[{"displayIndex":-1,"tweenEasing":0,"duration":67},{"displayIndex":-1,"tweenEasing":0,"duration":1},{"tweenEasing":0,"duration":13},{"tweenEasing":0,"duration":9},{"tweenEasing":null,"color":{"aM":0},"duration":0}],"name":"000_lizi2"},{"frame":[{"displayIndex":-1,"tweenEasing":0,"duration":67},{"displayIndex":-1,"tweenEasing":0,"duration":1},{"tweenEasing":0,"duration":13},{"tweenEasing":0,"duration":9},{"tweenEasing":null,"color":{"aM":0},"duration":0}],"name":"000_lizi1"},{"frame":[{"displayIndex":-1,"tweenEasing":0,"duration":59},{"displayIndex":-1,"tweenEasing":0,"duration":1},{"tweenEasing":0,"duration":8},{"tweenEasing":0,"duration":5},{"tweenEasing":0,"duration":8},{"tweenEasing":0,"duration":9},{"tweenEasing":null,"duration":0}],"name":"000_baoxiang"},{"frame":[{"tweenEasing":0,"color":{"aM":0},"duration":10},{"tweenEasing":0,"duration":20},{"tweenEasing":0,"duration":60},{"tweenEasing":null,"duration":0}],"name":"000_xingxing5"},{"frame":[{"tweenEasing":0,"color":{"aM":0},"duration":10},{"tweenEasing":0,"duration":20},{"tweenEasing":0,"duration":60},{"tweenEasing":null,"duration":0}],"name":"000_xingxing4"},{"frame":[{"tweenEasing":0,"color":{"aM":0},"duration":10},{"tweenEasing":0,"duration":20},{"tweenEasing":0,"duration":60},{"tweenEasing":null,"duration":0}],"name":"000_xingxing3"},{"frame":[{"tweenEasing":0,"color":{"aM":0},"duration":10},{"tweenEasing":0,"duration":20},{"tweenEasing":0,"duration":60},{"tweenEasing":null,"duration":0}],"name":"000_xingxing2"},{"frame":[{"tweenEasing":0,"color":{"aM":0},"duration":10},{"tweenEasing":0,"duration":20},{"tweenEasing":0,"duration":60},{"tweenEasing":null,"duration":0}],"name":"000_xingxing1"},{"frame":[{"displayIndex":-1,"tweenEasing":0,"duration":59},{"displayIndex":-1,"tweenEasing":0,"duration":1},{"tweenEasing":0,"color":{"aM":57},"duration":8},{"tweenEasing":0,"duration":5},{"tweenEasing":0,"duration":8},{"tweenEasing":0,"duration":9},{"tweenEasing":null,"duration":0}],"name":"000_diguang"},{"frame":[{"displayIndex":-1,"tweenEasing":0,"duration":29},{"displayIndex":-1,"tweenEasing":0,"duration":1},{"tweenEasing":0,"color":{"aM":0},"duration":10},{"tweenEasing":0,"duration":20},{"tweenEasing":0,"duration":30},{"tweenEasing":null,"duration":0}],"name":"000_wenzi"},{"frame":[{"tweenEasing":0,"color":{"aM":0},"duration":10},{"tweenEasing":0,"duration":20},{"tweenEasing":0,"duration":30},{"tweenEasing":0,"duration":30},{"tweenEasing":null,"duration":0}],"name":"000_huixingxing5"},{"frame":[{"tweenEasing":0,"color":{"aM":0},"duration":10},{"tweenEasing":0,"duration":20},{"tweenEasing":0,"duration":30},{"tweenEasing":0,"duration":30},{"tweenEasing":null,"duration":0}],"name":"000_huixingxing4"},{"frame":[{"tweenEasing":0,"color":{"aM":0},"duration":10},{"tweenEasing":0,"duration":20},{"tweenEasing":0,"duration":30},{"tweenEasing":0,"duration":30},{"tweenEasing":null,"duration":0}],"name":"000_huixingxing3"},{"frame":[{"tweenEasing":0,"color":{"aM":0},"duration":10},{"tweenEasing":0,"duration":20},{"tweenEasing":0,"duration":30},{"tweenEasing":0,"duration":30},{"tweenEasing":null,"duration":0}],"name":"000_huixingxing2"},{"frame":[{"tweenEasing":0,"color":{"aM":0},"duration":10},{"tweenEasing":0,"duration":20},{"tweenEasing":0,"duration":30},{"tweenEasing":0,"duration":30},{"tweenEasing":null,"duration":0}],"name":"000_huixingxing1"},{"frame":[{"displayIndex":-1,"tweenEasing":0,"color":{"aM":0},"duration":10},{"displayIndex":-1,"tweenEasing":0,"duration":20},{"displayIndex":-1,"tweenEasing":0,"duration":30},{"displayIndex":-1,"tweenEasing":0,"duration":30},{"displayIndex":-1,"tweenEasing":null,"duration":0}],"name":"000_huixingxing_fuji"},{"frame":[{"tweenEasing":0,"color":{"aM":0},"duration":10},{"tweenEasing":0,"duration":20},{"tweenEasing":0,"duration":30},{"tweenEasing":0,"duration":30},{"tweenEasing":null,"duration":0}],"name":"000_diban"},{"frame":[{"displayIndex":-1,"tweenEasing":0,"duration":10},{"displayIndex":-1,"tweenEasing":0,"duration":20},{"displayIndex":-1,"tweenEasing":0,"duration":30},{"displayIndex":-1,"tweenEasing":0,"duration":30},{"displayIndex":-1,"tweenEasing":null,"duration":0}],"name":"000_fuji"},{"frame":[{"displayIndex":-1,"tweenEasing":null,"duration":90}],"name":"001_zaxingxing"}],"ffd":[],"ik":[],"frame":[],"name":"001_diban","duration":90},{"bone":[{"frame":[{"tweenEasing":0,"transform":{"scY":3,"scX":3},"duration":10},{"tweenEasing":0,"transform":{"scY":0.85,"scX":0.85},"duration":10},{"tweenEasing":0,"transform":{"scY":1.05,"scX":1.05},"duration":10},{"tweenEasing":0,"transform":{},"duration":30},{"transform":{},"duration":0}],"name":"001_zaxingxing"},{"frame":[{"transform":{},"duration":60}],"name":"000_fuji"},{"frame":[{"transform":{},"duration":60}],"name":"000_diban"},{"frame":[{"transform":{},"duration":60}],"name":"000_huixingxing_fuji"},{"frame":[{"transform":{},"duration":60}],"name":"000_lizi_fuji"},{"frame":[{"transform":{},"duration":60}],"name":"000_wenzi"},{"frame":[{"transform":{},"duration":60}],"name":"000_diguang"},{"frame":[{"transform":{},"duration":60}],"name":"000_baoxiang"},{"frame":[{"transform":{},"duration":60}],"name":"000_huixingxing5"},{"frame":[{"transform":{},"duration":60}],"name":"000_huixingxing3"},{"frame":[{"transform":{},"duration":60}],"name":"000_huixingxing4"},{"frame":[{"transform":{},"duration":60}],"name":"000_huixingxing1"},{"frame":[{"transform":{},"duration":60}],"name":"000_lizi2"},{"frame":[{"transform":{},"duration":60}],"name":"000_huixingxing2"},{"frame":[{"transform":{},"duration":60}],"name":"000_lizi3"},{"frame":[{"transform":{},"duration":60}],"name":"000_lizi1"},{"frame":[{"transform":{},"duration":60}],"name":"000_xingxing2"},{"frame":[{"transform":{},"duration":60}],"name":"000_xingxing5"},{"frame":[{"transform":{},"duration":60}],"name":"000_xingxing4"},{"frame":[{"transform":{},"duration":60}],"name":"000_xingxing3"},{"frame":[{"transform":{},"duration":60}],"name":"000_xingxing1"}],"slot":[{"frame":[{"displayIndex":1,"tweenEasing":0,"color":{"aM":0},"duration":10},{"displayIndex":1,"tweenEasing":0,"duration":10},{"displayIndex":1,"tweenEasing":0,"duration":10},{"displayIndex":1,"tweenEasing":0,"duration":30},{"displayIndex":1,"tweenEasing":null,"duration":0}],"name":"001_zaxingxing"},{"frame":[{"displayIndex":-1,"tweenEasing":null,"duration":60}],"name":"000_fuji"},{"frame":[{"displayIndex":-1,"tweenEasing":null,"duration":60}],"name":"000_diban"},{"frame":[{"displayIndex":-1,"tweenEasing":null,"duration":60}],"name":"000_huixingxing_fuji"},{"frame":[{"displayIndex":-1,"tweenEasing":null,"duration":60}],"name":"000_huixingxing1"},{"frame":[{"displayIndex":-1,"tweenEasing":null,"duration":60}],"name":"000_huixingxing2"},{"frame":[{"displayIndex":-1,"tweenEasing":null,"duration":60}],"name":"000_huixingxing3"},{"frame":[{"displayIndex":-1,"tweenEasing":null,"duration":60}],"name":"000_huixingxing4"},{"frame":[{"displayIndex":-1,"tweenEasing":null,"duration":60}],"name":"000_huixingxing5"},{"frame":[{"displayIndex":-1,"tweenEasing":null,"duration":60}],"name":"000_wenzi"},{"frame":[{"displayIndex":-1,"tweenEasing":null,"duration":60}],"name":"000_diguang"},{"frame":[{"displayIndex":-1,"tweenEasing":null,"duration":60}],"name":"000_xingxing1"},{"frame":[{"displayIndex":-1,"tweenEasing":null,"duration":60}],"name":"000_xingxing2"},{"frame":[{"displayIndex":-1,"tweenEasing":null,"duration":60}],"name":"000_xingxing3"},{"frame":[{"displayIndex":-1,"tweenEasing":null,"duration":60}],"name":"000_xingxing4"},{"frame":[{"displayIndex":-1,"tweenEasing":null,"duration":60}],"name":"000_xingxing5"},{"frame":[{"displayIndex":-1,"tweenEasing":null,"duration":60}],"name":"000_baoxiang"},{"frame":[{"displayIndex":-1,"tweenEasing":null,"duration":60}],"name":"000_lizi1"},{"frame":[{"displayIndex":-1,"tweenEasing":null,"duration":60}],"name":"000_lizi2"},{"frame":[{"displayIndex":-1,"tweenEasing":null,"duration":60}],"name":"000_lizi3"},{"frame":[{"displayIndex":-1,"tweenEasing":null,"duration":60}],"name":"000_lizi_fuji"}],"ffd":[],"ik":[],"frame":[],"name":"002_zaxingxing","duration":60},{"playTimes":0,"bone":[{"frame":[{"tweenEasing":0,"transform":{},"duration":10},{"tweenEasing":0,"transform":{"scY":0.9,"y":4,"scX":1.1},"duration":10},{"tweenEasing":0,"transform":{"scY":1.1,"y":-3,"scX":0.9},"duration":20},{"tweenEasing":0,"transform":{"y":-20},"duration":20},{"transform":{},"duration":0}],"name":"000_baoxiang"},{"frame":[{"transform":{},"duration":60}],"name":"000_fuji"},{"frame":[{"transform":{},"duration":60}],"name":"000_diban"},{"frame":[{"transform":{},"duration":60}],"name":"000_huixingxing_fuji"},{"frame":[{"transform":{},"duration":60}],"name":"000_lizi_fuji"},{"frame":[{"transform":{},"duration":60}],"name":"000_wenzi"},{"frame":[{"transform":{},"duration":60}],"name":"000_diguang"},{"frame":[{"transform":{},"duration":60}],"name":"000_huixingxing5"},{"frame":[{"transform":{},"duration":60}],"name":"000_huixingxing3"},{"frame":[{"transform":{},"duration":60}],"name":"000_huixingxing4"},{"frame":[{"transform":{},"duration":60}],"name":"000_huixingxing1"},{"frame":[{"transform":{},"duration":60}],"name":"000_lizi2"},{"frame":[{"transform":{},"duration":60}],"name":"000_huixingxing2"},{"frame":[{"transform":{},"duration":60}],"name":"000_lizi3"},{"frame":[{"transform":{},"duration":60}],"name":"000_lizi1"},{"frame":[{"transform":{},"duration":60}],"name":"000_xingxing2"},{"frame":[{"transform":{},"duration":60}],"name":"000_xingxing5"},{"frame":[{"transform":{},"duration":60}],"name":"000_xingxing4"},{"frame":[{"transform":{},"duration":60}],"name":"001_zaxingxing"},{"frame":[{"transform":{},"duration":60}],"name":"000_xingxing3"},{"frame":[{"transform":{},"duration":60}],"name":"000_xingxing1"}],"slot":[{"frame":[{"tweenEasing":0,"duration":10},{"tweenEasing":0,"duration":10},{"tweenEasing":0,"duration":20},{"tweenEasing":0,"duration":20},{"tweenEasing":null,"duration":0}],"name":"000_baoxiang"},{"frame":[{"displayIndex":-1,"tweenEasing":null,"duration":60}],"name":"000_fuji"},{"frame":[{"displayIndex":-1,"tweenEasing":null,"duration":60}],"name":"000_diban"},{"frame":[{"displayIndex":-1,"tweenEasing":null,"duration":60}],"name":"000_huixingxing_fuji"},{"frame":[{"displayIndex":-1,"tweenEasing":null,"duration":60}],"name":"000_huixingxing1"},{"frame":[{"displayIndex":-1,"tweenEasing":null,"duration":60}],"name":"000_huixingxing2"},{"frame":[{"displayIndex":-1,"tweenEasing":null,"duration":60}],"name":"000_huixingxing3"},{"frame":[{"displayIndex":-1,"tweenEasing":null,"duration":60}],"name":"000_huixingxing4"},{"frame":[{"displayIndex":-1,"tweenEasing":null,"duration":60}],"name":"000_huixingxing5"},{"frame":[{"displayIndex":-1,"tweenEasing":null,"duration":60}],"name":"000_wenzi"},{"frame":[{"displayIndex":-1,"tweenEasing":null,"duration":60}],"name":"000_diguang"},{"frame":[{"displayIndex":-1,"tweenEasing":null,"duration":60}],"name":"000_xingxing1"},{"frame":[{"displayIndex":-1,"tweenEasing":null,"duration":60}],"name":"000_xingxing2"},{"frame":[{"displayIndex":-1,"tweenEasing":null,"duration":60}],"name":"000_xingxing3"},{"frame":[{"displayIndex":-1,"tweenEasing":null,"duration":60}],"name":"000_xingxing4"},{"frame":[{"displayIndex":-1,"tweenEasing":null,"duration":60}],"name":"000_xingxing5"},{"frame":[{"displayIndex":-1,"tweenEasing":null,"duration":60}],"name":"001_zaxingxing"},{"frame":[{"displayIndex":-1,"tweenEasing":null,"duration":60}],"name":"000_lizi1"},{"frame":[{"displayIndex":-1,"tweenEasing":null,"duration":60}],"name":"000_lizi2"},{"frame":[{"displayIndex":-1,"tweenEasing":null,"duration":60}],"name":"000_lizi3"},{"frame":[{"displayIndex":-1,"tweenEasing":null,"duration":60}],"name":"000_lizi_fuji"}],"ffd":[],"ik":[],"frame":[],"name":"003_xiangzi","duration":60}],"defaultActions":[{"gotoAndPlay":"000_yanshi"}],"aabb":{"width":828,"y":-169,"height":338,"x":-414},"ik":[],"name":"armatureName","skin":[{"slot":[{"display":[{"path":"xingxing0","type":"image","name":"xingxing0","transform":{}}],"name":"000_huixingxing4"},{"display":[{"path":"diban","type":"image","name":"diban","transform":{}}],"name":"000_diban"},{"display":[{"path":"xingxing0","type":"image","name":"xingxing0","transform":{}}],"name":"000_huixingxing2"},{"display":[{"path":"xingxing1","type":"image","name":"xingxing1","transform":{}},{"path":"xingxing2","type":"image","name":"xingxing2","transform":{}}],"name":"000_xingxing1"},{"display":[{"path":"baoxiang","type":"image","name":"baoxiang","transform":{}}],"name":"000_baoxiang"},{"display":[{"path":"wenzi","type":"image","name":"wenzi","transform":{}}],"name":"000_wenzi"},{"display":[{"path":"xingxing1","type":"image","name":"xingxing1","transform":{}},{"path":"xingxing2","type":"image","name":"xingxing2","transform":{}}],"name":"000_xingxing5"},{"display":[{"path":"xingxing0","type":"image","name":"xingxing0","transform":{}}],"name":"000_huixingxing5"},{"display":[{"path":"xingxing1","type":"image","name":"xingxing1","transform":{}},{"path":"xingxing2","type":"image","name":"xingxing2","transform":{}}],"name":"000_xingxing4"},{"display":[{"path":"xingxing1","type":"image","name":"xingxing1","transform":{}},{"path":"xingxing2","type":"image","name":"xingxing2","transform":{}}],"name":"000_xingxing3"},{"display":[{"path":"xingxing0","type":"image","name":"xingxing0","transform":{}}],"name":"000_huixingxing3"},{"display":[{"path":"xingxing1","type":"image","name":"xingxing1","transform":{}},{"path":"xingxing2","type":"image","name":"xingxing2","transform":{}}],"name":"000_xingxing2"},{"display":[{"path":"gaoguang","type":"image","name":"gaoguang","transform":{}}],"name":"000_lizi1"},{"display":[{"path":"diguang","type":"image","name":"diguang","transform":{}}],"name":"000_diguang"},{"display":[{"path":"xingxing1","type":"image","name":"xingxing1","transform":{}},{"path":"xingxing2","type":"image","name":"xingxing2","transform":{}}],"name":"001_zaxingxing"},{"display":[{"path":"gaoguang","type":"image","name":"gaoguang","transform":{}}],"name":"000_lizi3"},{"display":[{"path":"gaoguang","type":"image","name":"gaoguang","transform":{}}],"name":"000_lizi2"},{"display":[{"path":"xingxing0","type":"image","name":"xingxing0","transform":{}}],"name":"000_huixingxing1"}],"name":""}],"slot":[{"displayIndex":-1,"name":"000_fuji","parent":"000_fuji","color":{}},{"z":1,"name":"000_diban","parent":"000_diban","color":{}},{"z":2,"displayIndex":-1,"name":"000_huixingxing_fuji","parent":"000_huixingxing_fuji","color":{}},{"z":3,"name":"000_huixingxing1","parent":"000_huixingxing1","color":{}},{"z":4,"name":"000_huixingxing2","parent":"000_huixingxing2","color":{}},{"z":5,"name":"000_huixingxing3","parent":"000_huixingxing3","color":{}},{"z":6,"name":"000_huixingxing4","parent":"000_huixingxing4","color":{}},{"z":7,"name":"000_huixingxing5","parent":"000_huixingxing5","color":{}},{"z":8,"name":"000_wenzi","parent":"000_wenzi","color":{}},{"z":9,"name":"000_diguang","parent":"000_diguang","color":{}},{"z":10,"name":"000_xingxing1","parent":"000_xingxing1","color":{}},{"z":11,"name":"000_xingxing2","parent":"000_xingxing2","color":{}},{"z":12,"name":"000_xingxing3","parent":"000_xingxing3","color":{}},{"z":13,"name":"000_xingxing4","parent":"000_xingxing4","color":{}},{"z":14,"name":"000_xingxing5","parent":"000_xingxing5","color":{}},{"z":15,"name":"001_zaxingxing","parent":"001_zaxingxing","color":{}},{"z":16,"name":"000_baoxiang","parent":"000_baoxiang","color":{}},{"z":17,"name":"000_lizi1","parent":"000_lizi1","color":{}},{"z":18,"name":"000_lizi2","parent":"000_lizi2","color":{}},{"z":19,"name":"000_lizi3","parent":"000_lizi3","color":{}},{"z":20,"displayIndex":-1,"name":"000_lizi_fuji","parent":"000_lizi_fuji","color":{}}]}],"name":"xiaojiesuan_heiandalu","version":"4.0"}