{"frameRate":30,"isGlobal":0,"armature":[{"bone":[{"name":"root","transform":{}},{"length":91,"transform":{"y":-123.85,"skX":-89.61,"skY":-89.61,"x":195.45},"parent":"root","name":"baozha_eff/dusty02"},{"length":91,"transform":{"y":-123.85,"skX":-89.61,"skY":-89.61,"x":103.64},"parent":"root","name":"baozha_eff/dusty2"},{"length":91,"transform":{"y":-123.85,"skX":-89.61,"skY":-89.61,"x":2.81},"parent":"root","name":"baozha_eff/dusty3"},{"length":207,"transform":{"y":266.23,"skX":179.63,"skY":179.63,"x":159.99},"parent":"root","name":"luoshi_eff/light02"},{"length":34,"transform":{"y":172.77,"skX":-47.87,"skY":-47.87,"x":187.74},"parent":"root","name":"luoshi_eff/rock01"},{"transform":{"y":177.78,"x":268.71},"name":"luoshi_eff/rock02","parent":"root"},{"transform":{"y":268.08,"x":268.71},"name":"luoshi_eff/rock2","parent":"root"},{"length":26,"transform":{"y":172.77,"skX":21.93,"skY":21.93,"x":342.17},"parent":"root","name":"luoshi_eff/rock03"},{"transform":{"y":364.4,"x":268.71},"name":"luoshi_eff/rock3","parent":"root"},{"length":26,"transform":{"y":267.59,"skX":21.93,"skY":21.93,"x":342.17},"parent":"root","name":"luoshi_eff/rock4"},{"length":26,"transform":{"y":357.89,"skX":21.93,"skY":21.93,"x":342.17},"parent":"root","name":"luoshi_eff/rock5"},{"length":56,"transform":{"y":41.1,"skX":-176.09,"skY":-176.09,"x":-271.07},"parent":"root","name":"yanwu_eff/bai_yanwu_02_eff_01"}],"type":"Armature","frameRate":30,"animation":[{"bone":[{"frame":[{"transform":{"scY":1.591,"y":124.56,"scX":1.591,"x":-44.98},"duration":30}],"name":"baozha_eff/dusty3"},{"frame":[{"tweenEasing":0,"transform":{"scY":2.5,"y":122.13,"scX":2.5,"x":-103.75},"duration":15},{"transform":{"scY":2.432,"y":122.13,"scX":2.432,"x":-103.75},"duration":15}],"name":"baozha_eff/dusty2"},{"frame":[{"transform":{"scY":1.082,"y":-226.41,"skX":-0.6,"skY":-0.6,"scX":1.082,"x":-212.53},"duration":15},{"curve":[0,0.98,0.75,1],"transform":{"scY":1.082,"y":-226.41,"skX":-0.6,"skY":-0.6,"scX":1.082,"x":-212.53},"duration":15},{"transform":{"scY":1.082,"y":-259.61,"skX":82.54,"skY":82.54,"scX":1.082,"x":-155.42},"duration":0}],"name":"luoshi_eff/rock02"},{"frame":[{"transform":{"scY":0.933,"y":-322.37,"scX":0.933,"x":-323.91},"duration":15},{"curve":[0,0.98,0.75,1],"transform":{"scY":0.933,"y":-322.37,"scX":0.933,"x":-323.91},"duration":15},{"transform":{"scY":0.933,"y":-368.85,"skX":83.14,"skY":83.14,"scX":0.933,"x":-395.62},"duration":0}],"name":"luoshi_eff/rock2"},{"frame":[{"transform":{"scY":0.775,"y":-466.33,"skX":-28.52,"skY":-28.52,"scX":0.775,"x":-243.93},"duration":15},{"curve":[0,0.98,0.75,1],"transform":{"scY":0.775,"y":-466.33,"skX":-28.52,"skY":-28.52,"scX":0.775,"x":-243.93},"duration":15},{"transform":{"scY":0.775,"y":-599.13,"skX":54.61,"skY":54.61,"scX":0.775,"x":-170.89},"duration":0}],"name":"luoshi_eff/rock3"},{"frame":[{"curve":[0.235,0,0.91,0.15],"transform":{"y":-567.98,"skX":-28.05,"skY":-28.05,"x":-184.24},"duration":15},{"transform":{"y":-215.7,"skX":-28.05,"skY":-28.05,"x":-184.24},"duration":15}],"name":"luoshi_eff/rock01"},{"frame":[{"transform":{"scY":1.584,"y":120.4,"scX":1.584,"x":-145.32},"duration":30}],"name":"baozha_eff/dusty02"},{"frame":[{"transform":{"scY":0.748,"y":-194.58,"scX":0.748,"x":-304.33},"duration":15},{"curve":[0,0.83,0.75,1],"transform":{"scY":0.748,"y":-194.58,"scX":0.748,"x":-304.33},"duration":15},{"transform":{"scY":0.748,"y":-185.88,"skX":-199.27,"skY":-199.27,"scX":0.748,"x":-233.86},"duration":0}],"name":"luoshi_eff/rock03"},{"frame":[{"transform":{"y":-299.93,"skX":-154.52,"skY":-154.52,"x":-351.2},"duration":15},{"curve":[0,0.1525,0.9375,1],"transform":{"y":-299.93,"skX":-154.52,"skY":-154.52,"x":-351.2},"duration":5},{"curve":[0.25,0,1,0.32],"transform":{"y":-291.09,"skX":-154.52,"skY":-154.52,"x":-368.6},"duration":5},{"tweenEasing":0,"transform":{"y":-284.64,"skX":137.32,"skY":137.32,"x":-379.04},"duration":5},{"transform":{"y":-284.64,"skX":142.11,"skY":142.11,"x":-381.65},"duration":0}],"name":"luoshi_eff/rock4"},{"frame":[{"transform":{"scY":0.629,"y":-377.83,"scX":0.629,"x":-374.66},"duration":15},{"curve":[0,0.335,0.875,1],"transform":{"scY":0.629,"y":-377.83,"scX":0.629,"x":-374.66},"duration":15},{"transform":{"scY":0.629,"y":-377.83,"skX":-124.78,"skY":-124.78,"scX":0.629,"x":-472.1},"duration":0}],"name":"luoshi_eff/rock5"},{"frame":[{"transform":{},"duration":15},{"transform":{},"duration":15}],"name":"root"},{"frame":[{"transform":{"scY":0.733,"y":-588.34,"skX":-269.63,"skY":-269.63,"scX":0.541,"x":-159.99},"duration":30}],"name":"luoshi_eff/light02"},{"frame":[{"transform":{"y":-45.16,"skX":-2.53,"skY":-2.53,"x":264.76},"duration":15},{"curve":[0,0.41,0.875,1],"transform":{"y":-45.16,"skX":-2.53,"skY":-2.53,"x":264.76},"duration":15},{"transform":{"scY":2,"y":-50.98,"skX":-2.53,"skY":-2.53,"scX":2,"x":254.24},"duration":0}],"name":"yanwu_eff/bai_yanwu_02_eff_01"}],"slot":[{"frame":[{"displayIndex":-1,"tweenEasing":0,"duration":15},{"tweenEasing":0,"duration":3},{"displayIndex":1,"tweenEasing":0,"duration":3},{"displayIndex":2,"tweenEasing":0,"duration":3},{"displayIndex":3,"tweenEasing":0,"duration":3},{"displayIndex":4,"tweenEasing":0,"duration":3},{"displayIndex":-1,"tweenEasing":null,"color":{"aM":0},"duration":0}],"name":"baozha_eff/dusty2"},{"frame":[{"displayIndex":-1,"tweenEasing":null,"duration":30}],"name":"baozha_eff/dusty02"},{"frame":[{"displayIndex":-1,"tweenEasing":null,"duration":30}],"name":"baozha_eff/dusty3"},{"frame":[{"tweenEasing":null,"color":{"aM":0},"duration":30}],"name":"luoshi_eff/light02"},{"frame":[{"curve":[0.125,0,1,0.5700000000000001],"color":{"aM":0},"duration":15},{"displayIndex":-1,"tweenEasing":null,"duration":15}],"name":"luoshi_eff/rock01"},{"frame":[{"displayIndex":-1,"tweenEasing":0,"duration":15},{"tweenEasing":0,"duration":15},{"tweenEasing":null,"color":{"aM":0},"duration":0}],"name":"luoshi_eff/rock02"},{"frame":[{"displayIndex":-1,"tweenEasing":0,"duration":15},{"tweenEasing":0,"duration":15},{"tweenEasing":null,"color":{"aM":0},"duration":0}],"name":"luoshi_eff/rock2"},{"frame":[{"displayIndex":-1,"tweenEasing":0,"duration":15},{"tweenEasing":0,"duration":15},{"tweenEasing":null,"color":{"aM":0},"duration":0}],"name":"luoshi_eff/rock3"},{"frame":[{"displayIndex":-1,"tweenEasing":0,"duration":15},{"tweenEasing":0,"duration":15},{"tweenEasing":null,"color":{"aM":0},"duration":0}],"name":"luoshi_eff/rock03"},{"frame":[{"displayIndex":-1,"tweenEasing":0,"duration":15},{"tweenEasing":0,"duration":15},{"tweenEasing":null,"color":{"aM":0},"duration":0}],"name":"luoshi_eff/rock4"},{"frame":[{"displayIndex":-1,"tweenEasing":0,"duration":15},{"tweenEasing":0,"duration":15},{"tweenEasing":null,"color":{"aM":0},"duration":0}],"name":"luoshi_eff/rock5"},{"frame":[{"displayIndex":-1,"tweenEasing":0,"duration":15},{"tweenEasing":0,"duration":2},{"displayIndex":1,"tweenEasing":0,"duration":2},{"displayIndex":2,"tweenEasing":0,"duration":2},{"displayIndex":3,"tweenEasing":0,"duration":3},{"displayIndex":4,"tweenEasing":0,"duration":3},{"displayIndex":5,"tweenEasing":0,"duration":3},{"displayIndex":6,"tweenEasing":null,"color":{"aM":0},"duration":0}],"name":"yanwu_eff/bai_yanwu_02_eff_01"}],"ffd":[],"ik":[],"frame":[],"name":"0000_luoshi","duration":30},{"bone":[{"frame":[{"transform":{"scY":1.591,"y":124.56,"scX":1.591,"x":-44.98},"duration":15},{"transform":{"scY":1.591,"y":124.56,"scX":1.591,"x":-44.98},"duration":0}],"name":"baozha_eff/dusty3"},{"frame":[{"transform":{"scY":2.5,"y":122.13,"scX":2.5,"x":-103.75},"duration":15},{"transform":{"scY":2.5,"y":122.13,"scX":2.5,"x":-103.75},"duration":0}],"name":"baozha_eff/dusty2"},{"frame":[{"transform":{"scY":1.082,"y":-226.41,"skX":-0.6,"skY":-0.6,"scX":1.082,"x":-212.53},"duration":15},{"transform":{"scY":1.082,"y":-226.41,"skX":-0.6,"skY":-0.6,"scX":1.082,"x":-212.53},"duration":0}],"name":"luoshi_eff/rock02"},{"frame":[{"transform":{"scY":0.933,"y":-322.37,"scX":0.933,"x":-323.91},"duration":15},{"transform":{"scY":0.933,"y":-322.37,"scX":0.933,"x":-323.91},"duration":0}],"name":"luoshi_eff/rock2"},{"frame":[{"transform":{"scY":0.775,"y":-466.33,"skX":-28.52,"skY":-28.52,"scX":0.775,"x":-243.93},"duration":15},{"transform":{"scY":0.775,"y":-466.33,"skX":-28.52,"skY":-28.52,"scX":0.775,"x":-243.93},"duration":0}],"name":"luoshi_eff/rock3"},{"frame":[{"transform":{"y":-567.98,"skX":-28.05,"skY":-28.05,"x":-184.24},"duration":15},{"transform":{"y":-567.98,"skX":-28.05,"skY":-28.05,"x":-184.24},"duration":0}],"name":"luoshi_eff/rock01"},{"frame":[{"transform":{"scY":1.584,"y":120.4,"scX":1.584,"x":-145.32},"duration":15},{"transform":{"scY":1.584,"y":120.4,"scX":1.584,"x":-145.32},"duration":0}],"name":"baozha_eff/dusty02"},{"frame":[{"transform":{"scY":0.748,"y":-194.58,"scX":0.748,"x":-304.33},"duration":15},{"transform":{"scY":0.748,"y":-194.58,"scX":0.748,"x":-304.33},"duration":0}],"name":"luoshi_eff/rock03"},{"frame":[{"transform":{"y":-299.93,"skX":-154.52,"skY":-154.52,"x":-351.2},"duration":15},{"transform":{"y":-299.93,"skX":-154.52,"skY":-154.52,"x":-351.2},"duration":0}],"name":"luoshi_eff/rock4"},{"frame":[{"transform":{"scY":0.629,"y":-377.83,"scX":0.629,"x":-374.66},"duration":15},{"transform":{"scY":0.629,"y":-377.83,"scX":0.629,"x":-374.66},"duration":0}],"name":"luoshi_eff/rock5"},{"frame":[{"transform":{},"duration":15},{"transform":{},"duration":0}],"name":"root"},{"frame":[{"transform":{"scY":0.733,"y":-588.34,"skX":-269.63,"skY":-269.63,"scX":0.541,"x":-159.99},"duration":15},{"transform":{"scY":0.733,"y":-588.34,"skX":-269.63,"skY":-269.63,"scX":0.541,"x":-159.99},"duration":0}],"name":"luoshi_eff/light02"},{"frame":[{"transform":{"y":-45.16,"skX":-2.53,"skY":-2.53,"x":264.76},"duration":15},{"transform":{"y":-45.16,"skX":-2.53,"skY":-2.53,"x":264.76},"duration":0}],"name":"yanwu_eff/bai_yanwu_02_eff_01"}],"slot":[{"frame":[{"displayIndex":-1,"tweenEasing":0,"duration":15},{"displayIndex":-1,"tweenEasing":null,"duration":0}],"name":"baozha_eff/dusty2"},{"frame":[{"displayIndex":-1,"tweenEasing":0,"duration":15},{"displayIndex":-1,"tweenEasing":null,"duration":0}],"name":"baozha_eff/dusty02"},{"frame":[{"displayIndex":-1,"tweenEasing":0,"duration":15},{"displayIndex":-1,"tweenEasing":null,"duration":0}],"name":"baozha_eff/dusty3"},{"frame":[{"tweenEasing":null,"color":{"aM":0},"duration":15},{"tweenEasing":null,"color":{"aM":0},"duration":0}],"name":"luoshi_eff/light02"},{"frame":[{"tweenEasing":0,"color":{"aM":0},"duration":15},{"tweenEasing":null,"color":{"aM":0},"duration":0}],"name":"luoshi_eff/rock01"},{"frame":[{"displayIndex":-1,"tweenEasing":0,"duration":15},{"displayIndex":-1,"tweenEasing":null,"duration":0}],"name":"luoshi_eff/rock02"},{"frame":[{"displayIndex":-1,"tweenEasing":0,"duration":15},{"displayIndex":-1,"tweenEasing":null,"duration":0}],"name":"luoshi_eff/rock2"},{"frame":[{"displayIndex":-1,"tweenEasing":0,"duration":15},{"displayIndex":-1,"tweenEasing":null,"duration":0}],"name":"luoshi_eff/rock3"},{"frame":[{"displayIndex":-1,"tweenEasing":0,"duration":15},{"displayIndex":-1,"tweenEasing":null,"duration":0}],"name":"luoshi_eff/rock03"},{"frame":[{"displayIndex":-1,"tweenEasing":0,"duration":15},{"displayIndex":-1,"tweenEasing":null,"duration":0}],"name":"luoshi_eff/rock4"},{"frame":[{"displayIndex":-1,"tweenEasing":0,"duration":15},{"displayIndex":-1,"tweenEasing":null,"duration":0}],"name":"luoshi_eff/rock5"},{"frame":[{"displayIndex":-1,"tweenEasing":0,"duration":15},{"displayIndex":-1,"tweenEasing":null,"duration":0}],"name":"yanwu_eff/bai_yanwu_02_eff_01"}],"ffd":[],"ik":[],"frame":[],"name":"0000_luoshi2","duration":15}],"skin":[{"slot":[{"display":[{"path":"luoshi_eff/rock03","type":"image","name":"luoshi_eff/rock03","transform":{"y":1.39,"skX":-22.05,"skY":-22.05,"x":-1.23}}],"name":"luoshi_eff/rock5"},{"display":[{"path":"luoshi_eff/rock03","type":"image","name":"luoshi_eff/rock03","transform":{"y":1.39,"skX":-22.05,"skY":-22.05,"x":-1.23}}],"name":"luoshi_eff/rock03"},{"display":[{"path":"luoshi_eff/light02","type":"image","name":"luoshi_eff/light02","transform":{"y":4.95,"skX":-179.61,"skY":-179.61,"x":139.27}}],"blendMode":"add","name":"luoshi_eff/light02"},{"display":[{"path":"baozha_eff/dusty02","type":"image","name":"baozha_eff/dusty02","transform":{"y":1.4,"skX":89.61,"skY":89.61,"x":62.81}},{"path":"baozha_eff/dusty03","type":"image","name":"baozha_eff/dusty03","transform":{"y":-4.09,"skX":89.61,"skY":89.61,"x":62.77}},{"path":"baozha_eff/dusty04","type":"image","name":"baozha_eff/dusty04","transform":{"y":-4.09,"skX":89.61,"skY":89.61,"x":62.77}},{"path":"baozha_eff/dusty05","type":"image","name":"baozha_eff/dusty05","transform":{"y":-4.09,"skX":89.61,"skY":89.61,"x":62.77}},{"path":"baozha_eff/dusty06","type":"image","name":"baozha_eff/dusty06","transform":{"y":-4.09,"skX":89.61,"skY":89.61,"x":62.77}}],"name":"baozha_eff/dusty2"},{"display":[{"path":"luoshi_eff/rock02","type":"image","name":"luoshi_eff/rock02","transform":{"y":-0.83}}],"name":"luoshi_eff/rock2"},{"display":[{"path":"luoshi_eff/rock01","type":"image","name":"luoshi_eff/rock01","transform":{"y":-0.61,"skX":47.83,"skY":47.83,"x":-0.55}}],"name":"luoshi_eff/rock01"},{"display":[{"path":"luoshi_eff/rock02","type":"image","name":"luoshi_eff/rock02","transform":{"y":-0.83}}],"name":"luoshi_eff/rock02"},{"display":[{"path":"luoshi_eff/rock03","type":"image","name":"luoshi_eff/rock03","transform":{"y":1.39,"skX":-22.05,"skY":-22.05,"x":-1.23}}],"name":"luoshi_eff/rock4"},{"display":[{"path":"yanwu_eff/bai_yanwu_02_eff_01","type":"image","name":"yanwu_eff/bai_yanwu_02_eff_01","transform":{"y":18.67,"skX":176.09,"skY":176.09,"x":-10.98}},{"path":"yanwu_eff/bai_yanwu_02_eff_02","type":"image","name":"yanwu_eff/bai_yanwu_02_eff_02","transform":{"y":18.67,"skX":176.09,"skY":176.09,"x":-10.98}},{"path":"yanwu_eff/bai_yanwu_02_eff_03","type":"image","name":"yanwu_eff/bai_yanwu_02_eff_03","transform":{"y":18.67,"skX":176.09,"skY":176.09,"x":-10.98}},{"path":"yanwu_eff/bai_yanwu_02_eff_04","type":"image","name":"yanwu_eff/bai_yanwu_02_eff_04","transform":{"y":18.67,"skX":176.09,"skY":176.09,"x":-10.98}},{"path":"yanwu_eff/bai_yanwu_02_eff_05","type":"image","name":"yanwu_eff/bai_yanwu_02_eff_05","transform":{"y":18.67,"skX":176.09,"skY":176.09,"x":-10.98}},{"path":"yanwu_eff/bai_yanwu_02_eff_06","type":"image","name":"yanwu_eff/bai_yanwu_02_eff_06","transform":{"y":18.67,"skX":176.09,"skY":176.09,"x":-10.98}},{"path":"yanwu_eff/bai_yanwu_02_eff_07","type":"image","name":"yanwu_eff/bai_yanwu_02_eff_07","transform":{"y":18.67,"skX":176.09,"skY":176.09,"x":-10.98}}],"blendMode":"add","name":"yanwu_eff/bai_yanwu_02_eff_01"},{"display":[{"path":"baozha_eff/dusty02","type":"image","name":"baozha_eff/dusty02","transform":{"y":1.4,"skX":89.61,"skY":89.61,"x":62.81}},{"path":"baozha_eff/dusty03","type":"image","name":"baozha_eff/dusty03","transform":{"y":-4.09,"skX":89.61,"skY":89.61,"x":62.77}},{"path":"baozha_eff/dusty04","type":"image","name":"baozha_eff/dusty04","transform":{"y":-4.09,"skX":89.61,"skY":89.61,"x":62.77}},{"path":"baozha_eff/dusty05","type":"image","name":"baozha_eff/dusty05","transform":{"y":-4.09,"skX":89.61,"skY":89.61,"x":62.77}},{"path":"baozha_eff/dusty06","type":"image","name":"baozha_eff/dusty06","transform":{"y":-4.09,"skX":89.61,"skY":89.61,"x":62.77}}],"name":"baozha_eff/dusty3"},{"display":[{"path":"luoshi_eff/rock02","type":"image","name":"luoshi_eff/rock02","transform":{"y":-0.83}}],"name":"luoshi_eff/rock3"},{"display":[{"path":"baozha_eff/dusty02","type":"image","name":"baozha_eff/dusty02","transform":{"y":1.4,"skX":89.61,"skY":89.61,"x":62.81}},{"path":"baozha_eff/dusty03","type":"image","name":"baozha_eff/dusty03","transform":{"y":-4.09,"skX":89.61,"skY":89.61,"x":62.77}},{"path":"baozha_eff/dusty04","type":"image","name":"baozha_eff/dusty04","transform":{"y":-4.09,"skX":89.61,"skY":89.61,"x":62.77}},{"path":"baozha_eff/dusty05","type":"image","name":"baozha_eff/dusty05","transform":{"y":-4.09,"skX":89.61,"skY":89.61,"x":62.77}},{"path":"baozha_eff/dusty06","type":"image","name":"baozha_eff/dusty06","transform":{"y":-4.09,"skX":89.61,"skY":89.61,"x":62.77}}],"name":"baozha_eff/dusty02"}],"name":""}],"defaultActions":[{"gotoAndPlay":"0000_luoshi"}],"aabb":{"width":733.8523342366748,"y":-259.64901551530784,"height":646.3690638093035,"x":-363.8424606865679},"ik":[],"name":"armatureName","slot":[{"name":"luoshi_eff/rock01","parent":"luoshi_eff/rock01","color":{}},{"z":1,"name":"baozha_eff/dusty02","parent":"baozha_eff/dusty02","color":{}},{"z":2,"name":"baozha_eff/dusty2","parent":"baozha_eff/dusty2","color":{}},{"z":3,"name":"baozha_eff/dusty3","parent":"baozha_eff/dusty3","color":{}},{"z":4,"name":"luoshi_eff/rock03","parent":"luoshi_eff/rock03","color":{}},{"z":5,"name":"luoshi_eff/rock4","parent":"luoshi_eff/rock4","color":{}},{"z":6,"name":"luoshi_eff/rock5","parent":"luoshi_eff/rock5","color":{}},{"z":7,"name":"luoshi_eff/rock02","parent":"luoshi_eff/rock02","color":{}},{"z":8,"name":"luoshi_eff/rock2","parent":"luoshi_eff/rock2","color":{}},{"z":9,"name":"luoshi_eff/rock3","parent":"luoshi_eff/rock3","color":{}},{"blendMode":"add","z":10,"parent":"luoshi_eff/light02","name":"luoshi_eff/light02","color":{}},{"blendMode":"add","z":11,"parent":"yanwu_eff/bai_yanwu_02_eff_01","name":"yanwu_eff/bai_yanwu_02_eff_01","color":{}}]}],"name":"wj_000_yianda1_eff","version":"4.0"}