{"frameRate":30,"name":"lan_chongji_06_eff","version":"5.5","compatibleVersion":"5.5","armature":[{"type":"Armature","frameRate":30,"name":"armatureName","aabb":{"x":-107.81,"y":-328.27,"width":225,"height":375},"bone":[{"name":"root"},{"name":"lan_chongji_06_eff_pz","parent":"root","transform":{"x":-13.5,"y":-17.49,"scX":0.71}},{"length":90,"name":"lan_shangshengleidian_eff_01","parent":"root","transform":{"x":2.16,"y":13.72,"skX":-88.09,"skY":-88.09}},{"length":90,"name":"lan_shangshengleidian_eff_1","parent":"root","transform":{"x":-90,"y":10.59,"skX":-90,"skY":-90}},{"length":90,"name":"lan_shangshengleidian_eff_2","parent":"root","transform":{"x":-180,"y":10.59,"skX":-90,"skY":-90}},{"length":90,"name":"lan_shangshengleidian_eff_3","parent":"root","transform":{"x":-270,"y":10.59,"skX":-90,"skY":-90}},{"length":90,"name":"lan_shangshengleidian_eff_4","parent":"root","transform":{"x":-360,"y":10.59,"skX":-90,"skY":-90}},{"length":90,"name":"lan_shangshengleidian_eff_5","parent":"root","transform":{"x":-450,"y":10.59,"skX":-90,"skY":-90}},{"length":90,"name":"lan_shangshengleidian_eff_6","parent":"root","transform":{"x":-540,"y":10.59,"skX":-90,"skY":-90}}],"slot":[{"name":"lan_shangshengleidian_eff_01","parent":"lan_shangshengleidian_eff_01"},{"displayIndex":-1,"name":"lan_shangshengleidian_eff_1","parent":"lan_shangshengleidian_eff_1"},{"displayIndex":-1,"name":"lan_shangshengleidian_eff_2","parent":"lan_shangshengleidian_eff_2"},{"displayIndex":-1,"name":"lan_shangshengleidian_eff_3","parent":"lan_shangshengleidian_eff_3"},{"displayIndex":-1,"name":"lan_shangshengleidian_eff_4","parent":"lan_shangshengleidian_eff_4"},{"displayIndex":-1,"name":"lan_shangshengleidian_eff_5","parent":"lan_shangshengleidian_eff_5"},{"displayIndex":-1,"name":"lan_shangshengleidian_eff_6","parent":"lan_shangshengleidian_eff_6"},{"name":"lan_chongji_06_eff_pz","parent":"lan_chongji_06_eff_pz"}],"skin":[{"slot":[{"name":"lan_shangshengleidian_eff_01","display":[{"name":"lan_shangshengleidian_eff_01","transform":{"x":154.49,"y":-2.62,"skX":88.09,"skY":88.09}},{"name":"lan_shangshengleidian_eff_02","transform":{"x":154.49,"y":-2.62,"skX":88.09,"skY":88.09}},{"name":"lan_shangshengleidian_eff_03","transform":{"x":154.49,"y":-2.62,"skX":88.09,"skY":88.09}},{"name":"lan_shangshengleidian_eff_04","transform":{"x":154.49,"y":-2.62,"skX":88.09,"skY":88.09}},{"name":"lan_shangshengleidian_eff_05","transform":{"x":154.49,"y":-2.62,"skX":88.09,"skY":88.09}},{"name":"lan_shangshengleidian_eff_06","transform":{"x":154.49,"y":-2.62,"skX":88.09,"skY":88.09}},{"name":"lan_shangshengleidian_eff_07","transform":{"x":154.49,"y":-2.62,"skX":88.09,"skY":88.09}}]},{"name":"lan_shangshengleidian_eff_1","display":[{"name":"lan_shangshengleidian_eff_01","transform":{"x":154.49,"y":-2.62,"skX":88.09,"skY":88.09}},{"name":"lan_shangshengleidian_eff_02","transform":{"x":154.49,"y":-2.62,"skX":88.09,"skY":88.09}},{"name":"lan_shangshengleidian_eff_03","transform":{"x":154.49,"y":-2.62,"skX":88.09,"skY":88.09}},{"name":"lan_shangshengleidian_eff_04","transform":{"x":154.49,"y":-2.62,"skX":88.09,"skY":88.09}},{"name":"lan_shangshengleidian_eff_05","transform":{"x":154.49,"y":-2.62,"skX":88.09,"skY":88.09}},{"name":"lan_shangshengleidian_eff_06","transform":{"x":154.49,"y":-2.62,"skX":88.09,"skY":88.09}},{"name":"lan_shangshengleidian_eff_07","transform":{"x":154.49,"y":-2.62,"skX":88.09,"skY":88.09}}]},{"name":"lan_shangshengleidian_eff_2","display":[{"name":"lan_shangshengleidian_eff_01","transform":{"x":154.49,"y":-2.62,"skX":88.09,"skY":88.09}},{"name":"lan_shangshengleidian_eff_02","transform":{"x":154.49,"y":-2.62,"skX":88.09,"skY":88.09}},{"name":"lan_shangshengleidian_eff_03","transform":{"x":154.49,"y":-2.62,"skX":88.09,"skY":88.09}},{"name":"lan_shangshengleidian_eff_04","transform":{"x":154.49,"y":-2.62,"skX":88.09,"skY":88.09}},{"name":"lan_shangshengleidian_eff_05","transform":{"x":154.49,"y":-2.62,"skX":88.09,"skY":88.09}},{"name":"lan_shangshengleidian_eff_06","transform":{"x":154.49,"y":-2.62,"skX":88.09,"skY":88.09}},{"name":"lan_shangshengleidian_eff_07","transform":{"x":154.49,"y":-2.62,"skX":88.09,"skY":88.09}}]},{"name":"lan_shangshengleidian_eff_3","display":[{"name":"lan_shangshengleidian_eff_01","transform":{"x":154.49,"y":-2.62,"skX":88.09,"skY":88.09}},{"name":"lan_shangshengleidian_eff_02","transform":{"x":154.49,"y":-2.62,"skX":88.09,"skY":88.09}},{"name":"lan_shangshengleidian_eff_03","transform":{"x":154.49,"y":-2.62,"skX":88.09,"skY":88.09}},{"name":"lan_shangshengleidian_eff_04","transform":{"x":154.49,"y":-2.62,"skX":88.09,"skY":88.09}},{"name":"lan_shangshengleidian_eff_05","transform":{"x":154.49,"y":-2.62,"skX":88.09,"skY":88.09}},{"name":"lan_shangshengleidian_eff_06","transform":{"x":154.49,"y":-2.62,"skX":88.09,"skY":88.09}},{"name":"lan_shangshengleidian_eff_07","transform":{"x":154.49,"y":-2.62,"skX":88.09,"skY":88.09}}]},{"name":"lan_shangshengleidian_eff_4","display":[{"name":"lan_shangshengleidian_eff_01","transform":{"x":154.49,"y":-2.62,"skX":88.09,"skY":88.09}},{"name":"lan_shangshengleidian_eff_02","transform":{"x":154.49,"y":-2.62,"skX":88.09,"skY":88.09}},{"name":"lan_shangshengleidian_eff_03","transform":{"x":154.49,"y":-2.62,"skX":88.09,"skY":88.09}},{"name":"lan_shangshengleidian_eff_04","transform":{"x":154.49,"y":-2.62,"skX":88.09,"skY":88.09}},{"name":"lan_shangshengleidian_eff_05","transform":{"x":154.49,"y":-2.62,"skX":88.09,"skY":88.09}},{"name":"lan_shangshengleidian_eff_06","transform":{"x":154.49,"y":-2.62,"skX":88.09,"skY":88.09}},{"name":"lan_shangshengleidian_eff_07","transform":{"x":154.49,"y":-2.62,"skX":88.09,"skY":88.09}}]},{"name":"lan_shangshengleidian_eff_5","display":[{"name":"lan_shangshengleidian_eff_01","transform":{"x":154.49,"y":-2.62,"skX":88.09,"skY":88.09}},{"name":"lan_shangshengleidian_eff_02","transform":{"x":154.49,"y":-2.62,"skX":88.09,"skY":88.09}},{"name":"lan_shangshengleidian_eff_03","transform":{"x":154.49,"y":-2.62,"skX":88.09,"skY":88.09}},{"name":"lan_shangshengleidian_eff_04","transform":{"x":154.49,"y":-2.62,"skX":88.09,"skY":88.09}},{"name":"lan_shangshengleidian_eff_05","transform":{"x":154.49,"y":-2.62,"skX":88.09,"skY":88.09}},{"name":"lan_shangshengleidian_eff_06","transform":{"x":154.49,"y":-2.62,"skX":88.09,"skY":88.09}},{"name":"lan_shangshengleidian_eff_07","transform":{"x":154.49,"y":-2.62,"skX":88.09,"skY":88.09}}]},{"name":"lan_chongji_06_eff_pz","display":[{"name":"lan_chongji_06_eff_pz","transform":{"x":19,"y":-113,"scX":13.858,"scY":26.524}}]},{"name":"lan_shangshengleidian_eff_6","display":[{"name":"lan_shangshengleidian_eff_01","transform":{"x":154.49,"y":-2.62,"skX":88.09,"skY":88.09}},{"name":"lan_shangshengleidian_eff_02","transform":{"x":154.49,"y":-2.62,"skX":88.09,"skY":88.09}},{"name":"lan_shangshengleidian_eff_03","transform":{"x":154.49,"y":-2.62,"skX":88.09,"skY":88.09}},{"name":"lan_shangshengleidian_eff_04","transform":{"x":154.49,"y":-2.62,"skX":88.09,"skY":88.09}},{"name":"lan_shangshengleidian_eff_05","transform":{"x":154.49,"y":-2.62,"skX":88.09,"skY":88.09}},{"name":"lan_shangshengleidian_eff_06","transform":{"x":154.49,"y":-2.62,"skX":88.09,"skY":88.09}},{"name":"lan_shangshengleidian_eff_07","transform":{"x":154.49,"y":-2.62,"skX":88.09,"skY":88.09}}]}]}],"animation":[{"duration":30,"name":"animation","slot":[{"name":"lan_chongji_06_eff_pz","displayFrame":[{"duration":15},{"duration":15,"value":-1}]},{"name":"lan_shangshengleidian_eff_01","displayFrame":[{"duration":3},{"duration":3,"value":1},{"duration":3,"value":2},{"duration":3,"value":3},{"duration":3,"value":4},{"duration":3,"value":5},{"duration":12,"value":6}],"colorFrame":[{"duration":18,"tweenEasing":0},{"duration":12,"tweenEasing":0},{"duration":0,"value":{"aM":0}}]}]},{"duration":60,"name":"animation2","bone":[{"name":"root","translateFrame":[{"duration":60,"x":543.51}]},{"name":"lan_chongji_06_eff_pz","translateFrame":[{"duration":7,"x":-545.49},{"tweenEasing":0,"x":-545.49},{"duration":27,"tweenEasing":0,"x":-447},{"duration":25}]}],"slot":[{"name":"lan_chongji_06_eff_pz","displayFrame":[{"duration":40},{"duration":20,"value":-1}]},{"name":"lan_shangshengleidian_eff_01","displayFrame":[{"duration":30,"value":-1},{"duration":3},{"duration":3,"value":1},{"duration":3,"value":2},{"duration":3,"value":3},{"duration":3,"value":4},{"duration":3,"value":5},{"duration":12,"value":6}],"colorFrame":[{"duration":48,"tweenEasing":0},{"duration":12,"tweenEasing":0},{"duration":0,"value":{"aM":0}}]},{"name":"lan_shangshengleidian_eff_1","displayFrame":[{"duration":25,"value":-1},{"duration":3},{"duration":3,"value":1},{"duration":3,"value":2},{"duration":3,"value":3},{"duration":3,"value":4},{"duration":3,"value":5},{"duration":17,"value":6}],"colorFrame":[{"duration":43,"tweenEasing":0},{"duration":12,"tweenEasing":0},{"duration":5,"value":{"aM":0}}]},{"name":"lan_shangshengleidian_eff_2","displayFrame":[{"duration":20,"value":-1},{"duration":3},{"duration":3,"value":1},{"duration":3,"value":2},{"duration":3,"value":3},{"duration":3,"value":4},{"duration":3,"value":5},{"duration":22,"value":6}],"colorFrame":[{"duration":38,"tweenEasing":0},{"duration":12,"tweenEasing":0},{"duration":10,"value":{"aM":0}}]},{"name":"lan_shangshengleidian_eff_3","displayFrame":[{"duration":15,"value":-1},{"duration":3},{"duration":3,"value":1},{"duration":3,"value":2},{"duration":3,"value":3},{"duration":3,"value":4},{"duration":3,"value":5},{"duration":27,"value":6}],"colorFrame":[{"duration":33,"tweenEasing":0},{"duration":12,"tweenEasing":0},{"duration":15,"value":{"aM":0}}]},{"name":"lan_shangshengleidian_eff_4","displayFrame":[{"duration":10,"value":-1},{"duration":3},{"duration":3,"value":1},{"duration":3,"value":2},{"duration":3,"value":3},{"duration":3,"value":4},{"duration":3,"value":5},{"duration":32,"value":6}],"colorFrame":[{"duration":28,"tweenEasing":0},{"duration":12,"tweenEasing":0},{"duration":20,"value":{"aM":0}}]},{"name":"lan_shangshengleidian_eff_5","displayFrame":[{"duration":5,"value":-1},{"duration":3},{"duration":3,"value":1},{"duration":3,"value":2},{"duration":3,"value":3},{"duration":3,"value":4},{"duration":3,"value":5},{"duration":37,"value":6}],"colorFrame":[{"duration":23,"tweenEasing":0},{"duration":12,"tweenEasing":0},{"duration":25,"value":{"aM":0}}]},{"name":"lan_shangshengleidian_eff_6","displayFrame":[{"duration":3},{"duration":3,"value":1},{"duration":3,"value":2},{"duration":3,"value":3},{"duration":3,"value":4},{"duration":3,"value":5},{"duration":42,"value":6}],"colorFrame":[{"duration":18,"tweenEasing":0},{"duration":12,"tweenEasing":0},{"duration":30,"value":{"aM":0}}]}]},{"duration":30,"name":"animation3","bone":[{"name":"root","translateFrame":[{"duration":30,"x":540.56}]},{"name":"lan_chongji_06_eff_pz","translateFrame":[{"duration":30,"x":-353.97}],"scaleFrame":[{"duration":30,"x":6.16}]}],"slot":[{"name":"lan_chongji_06_eff_pz","displayFrame":[{"duration":10},{"duration":20,"value":-1}]},{"name":"lan_shangshengleidian_eff_01","displayFrame":[{"duration":3},{"duration":3,"value":1},{"duration":3,"value":2},{"duration":3,"value":3},{"duration":3,"value":4},{"duration":3,"value":5},{"duration":12,"value":6}],"colorFrame":[{"duration":18,"tweenEasing":0},{"duration":12,"tweenEasing":0},{"duration":0,"value":{"aM":0}}]},{"name":"lan_shangshengleidian_eff_1","displayFrame":[{"duration":3},{"duration":3,"value":1},{"duration":3,"value":2},{"duration":3,"value":3},{"duration":3,"value":4},{"duration":3,"value":5},{"duration":12,"value":6}],"colorFrame":[{"duration":18,"tweenEasing":0},{"duration":12,"tweenEasing":0},{"duration":0,"value":{"aM":0}}]},{"name":"lan_shangshengleidian_eff_2","displayFrame":[{"duration":3},{"duration":3,"value":1},{"duration":3,"value":2},{"duration":3,"value":3},{"duration":3,"value":4},{"duration":3,"value":5},{"duration":12,"value":6}],"colorFrame":[{"duration":18,"tweenEasing":0},{"duration":12,"tweenEasing":0},{"duration":0,"value":{"aM":0}}]},{"name":"lan_shangshengleidian_eff_3","displayFrame":[{"duration":3},{"duration":3,"value":1},{"duration":3,"value":2},{"duration":3,"value":3},{"duration":3,"value":4},{"duration":3,"value":5},{"duration":12,"value":6}],"colorFrame":[{"duration":18,"tweenEasing":0},{"duration":12,"tweenEasing":0},{"duration":0,"value":{"aM":0}}]},{"name":"lan_shangshengleidian_eff_4","displayFrame":[{"duration":3},{"duration":3,"value":1},{"duration":3,"value":2},{"duration":3,"value":3},{"duration":3,"value":4},{"duration":3,"value":5},{"duration":12,"value":6}],"colorFrame":[{"duration":18,"tweenEasing":0},{"duration":12,"tweenEasing":0},{"duration":0,"value":{"aM":0}}]},{"name":"lan_shangshengleidian_eff_5","displayFrame":[{"duration":3},{"duration":3,"value":1},{"duration":3,"value":2},{"duration":3,"value":3},{"duration":3,"value":4},{"duration":3,"value":5},{"duration":12,"value":6}],"colorFrame":[{"duration":18,"tweenEasing":0},{"duration":12,"tweenEasing":0},{"duration":0,"value":{"aM":0}}]},{"name":"lan_shangshengleidian_eff_6","displayFrame":[{"duration":3},{"duration":3,"value":1},{"duration":3,"value":2},{"duration":3,"value":3},{"duration":3,"value":4},{"duration":3,"value":5},{"duration":12,"value":6}],"colorFrame":[{"duration":18,"tweenEasing":0},{"duration":12,"tweenEasing":0},{"duration":0,"value":{"aM":0}}]}]}],"defaultActions":[{"gotoAndPlay":"animation"}]}]}