{"frameRate":30,"isGlobal":0,"armature":[{"ik":[],"bone":[{"name":"ys_hudiehua_eff","transform":{}},{"length":35,"transform":{"y":0.06,"skX":-88.69,"skY":-88.69,"x":14.73},"parent":"ys_hudiehua_eff","name":"xiaoqiao_huaban_eff/huazhan_eff 2"},{"length":35,"transform":{"y":0.06,"skX":-88.69,"skY":-88.69,"x":14.73},"parent":"ys_hudiehua_eff","name":"xiaoqiao_huaban_eff/huazhan_eff 3"},{"length":22,"transform":{"y":-1.01,"skX":-91.08,"skY":-91.08,"x":24.4},"parent":"ys_hudiehua_eff","name":"xiaoqiao_huaban_eff/huban_eff1"},{"length":22,"transform":{"y":-1.01,"skX":-91.08,"skY":-91.08,"x":24.4},"parent":"ys_hudiehua_eff","name":"xiaoqiao_huaban_eff/huban_eff2"},{"length":22,"transform":{"y":-1.01,"skX":-91.08,"skY":-91.08,"x":24.4},"parent":"ys_hudiehua_eff","name":"xiaoqiao_huaban_eff/huban_eff3"},{"length":22,"transform":{"y":-1.01,"skX":-91.08,"skY":-91.08,"x":24.4},"parent":"ys_hudiehua_eff","name":"xiaoqiao_huaban_eff/huban_eff4"},{"length":22,"transform":{"y":-1.01,"skX":-91.08,"skY":-91.08,"x":24.4},"parent":"ys_hudiehua_eff","name":"xiaoqiao_huaban_eff/huban_eff5"},{"length":22,"transform":{"y":-1.01,"skX":-91.08,"skY":-91.08,"x":24.4},"parent":"ys_hudiehua_eff","name":"xiaoqiao_huaban_eff/huban_eff6"},{"length":45,"transform":{"y":-0.3,"skX":0.52,"skY":0.52,"x":1.85},"parent":"ys_hudiehua_eff","name":"xiaoqiao_hudie_eff/hudie_eff 01"},{"length":45,"transform":{"y":-0.3,"skX":0.52,"skY":0.52,"x":1.85},"parent":"ys_hudiehua_eff","name":"xiaoqiao_hudie_eff/hudie_eff 1"},{"length":45,"transform":{"y":-0.3,"skX":0.52,"skY":0.52,"x":1.85},"parent":"ys_hudiehua_eff","name":"xiaoqiao_hudie_eff/hudie_eff 2"},{"transform":{"y":42.74,"x":-35.11},"name":"ys_hudiehua_eff_pz","parent":"ys_hudiehua_eff"}],"type":"Armature","frameRate":30,"animation":[{"ik":[],"bone":[{"frame":[{"transform":{"scX":-1},"duration":21}],"name":"xiaoqiao_hudie_eff/hudie_eff 01"},{"frame":[{"transform":{"scY":0.799,"y":-11.14,"scX":0.637,"x":23.77},"duration":21}],"name":"ys_hudiehua_eff_pz"},{"frame":[{"transform":{},"duration":21}],"name":"ys_hudiehua_eff"},{"frame":[{"transform":{},"duration":21}],"name":"xiaoqiao_huaban_eff/huazhan_eff 2"},{"frame":[{"transform":{},"duration":21}],"name":"xiaoqiao_huaban_eff/huazhan_eff 3"},{"frame":[{"transform":{},"duration":21}],"name":"xiaoqiao_huaban_eff/huban_eff1"},{"frame":[{"transform":{},"duration":21}],"name":"xiaoqiao_huaban_eff/huban_eff2"},{"frame":[{"transform":{},"duration":21}],"name":"xiaoqiao_huaban_eff/huban_eff3"},{"frame":[{"transform":{},"duration":21}],"name":"xiaoqiao_huaban_eff/huban_eff4"},{"frame":[{"transform":{},"duration":21}],"name":"xiaoqiao_huaban_eff/huban_eff5"},{"frame":[{"transform":{},"duration":21}],"name":"xiaoqiao_huaban_eff/huban_eff6"},{"frame":[{"transform":{},"duration":21}],"name":"xiaoqiao_hudie_eff/hudie_eff 1"},{"frame":[{"transform":{},"duration":21}],"name":"xiaoqiao_hudie_eff/hudie_eff 2"}],"slot":[{"frame":[{"tweenEasing":0,"duration":3},{"displayIndex":1,"tweenEasing":0,"duration":3},{"displayIndex":2,"tweenEasing":0,"duration":3},{"displayIndex":3,"tweenEasing":0,"duration":3},{"displayIndex":4,"tweenEasing":0,"duration":3},{"displayIndex":5,"tweenEasing":0,"duration":3},{"displayIndex":6,"tweenEasing":0,"duration":3},{"displayIndex":7,"tweenEasing":null,"duration":0}],"name":"xiaoqiao_hudie_eff/hudie_eff 01"}],"ffd":[],"frame":[],"name":"000_hudie","duration":21},{"ik":[],"bone":[{"frame":[{"tweenEasing":0,"transform":{"y":63.49,"skX":-30.61,"skY":-30.61,"scX":-1,"x":-107.45},"duration":15},{"tweenEasing":0,"transform":{"y":63.49,"skX":-30.73,"skY":-30.73,"scX":-1,"x":-107.45},"duration":20},{"transform":{"skX":-30.73,"skY":-30.73,"scX":-1,"x":0.22},"duration":0}],"name":"xiaoqiao_hudie_eff/hudie_eff 01"},{"frame":[{"tweenEasing":0,"transform":{"scY":0.5,"y":30.83,"skX":237.7,"skY":237.7,"scX":0.5,"x":10.39},"duration":15},{"tweenEasing":0,"transform":{"scY":0.5,"y":68.76,"skX":-167.87,"skY":-167.87,"scX":0.5,"x":72.34},"duration":20},{"transform":{"y":68.76,"skX":192.12,"skY":192.12,"x":72.34},"duration":0}],"name":"xiaoqiao_huaban_eff/huban_eff1"},{"frame":[{"tweenEasing":0,"transform":{"scY":0.5,"y":-39.3,"skX":53.96,"skY":53.96,"scX":0.5,"x":-22.33},"duration":15},{"tweenEasing":0,"transform":{"scY":0.5,"y":-129.89,"scX":0.5,"x":-26.2},"duration":20},{"transform":{"y":-129.89,"x":-26.2},"duration":0}],"name":"xiaoqiao_huaban_eff/huban_eff3"},{"frame":[{"tweenEasing":0,"transform":{"scY":0.5,"y":31.17,"skX":241.3,"skY":241.3,"scX":0.5,"x":-60.81},"duration":15},{"tweenEasing":0,"transform":{"scY":0.5,"y":62.91,"skX":-76.19,"skY":-76.19,"scX":0.5,"x":-128.17},"duration":20},{"transform":{"y":62.91,"skX":-76.19,"skY":-76.19,"x":-128.17},"duration":0}],"name":"xiaoqiao_huaban_eff/huban_eff5"},{"frame":[{"transform":{"y":68.52,"skX":28.81,"skY":28.81,"scX":-1,"x":87.11},"duration":15},{"tweenEasing":0,"transform":{"y":68.52,"skX":28.81,"skY":28.81,"scX":-1,"x":87.11},"duration":20},{"transform":{"y":-6.3,"skX":28.81,"skY":28.81,"scX":-1,"x":-9.78},"duration":0}],"name":"xiaoqiao_hudie_eff/hudie_eff 1"},{"frame":[{"transform":{"y":-139.67,"skX":-89.12,"skY":-89.12,"x":-4.84},"duration":15},{"tweenEasing":0,"transform":{"y":-139.67,"skX":-89.12,"skY":-89.12,"x":-4.84},"duration":20},{"transform":{"y":2.25,"skX":-89.12,"skY":-89.12,"x":-7.34},"duration":0}],"name":"xiaoqiao_hudie_eff/hudie_eff 2"},{"frame":[{"tweenEasing":0,"transform":{"skX":-90.53,"skY":-90.53},"duration":15},{"tweenEasing":0,"transform":{"skX":-50.9,"skY":-50.9},"duration":20},{"transform":{"skX":-50.9,"skY":-50.9},"duration":0}],"name":"ys_hudiehua_eff"},{"frame":[{"transform":{},"duration":15},{"transform":{},"duration":20}],"name":"xiaoqiao_huaban_eff/huazhan_eff 2"},{"frame":[{"transform":{},"duration":15},{"transform":{},"duration":20}],"name":"xiaoqiao_huaban_eff/huban_eff2"},{"frame":[{"transform":{},"duration":15},{"transform":{},"duration":20}],"name":"xiaoqiao_huaban_eff/huban_eff4"},{"frame":[{"transform":{},"duration":15},{"transform":{},"duration":20}],"name":"xiaoqiao_huaban_eff/huban_eff6"},{"frame":[{"transform":{},"duration":15},{"transform":{},"duration":20}],"name":"xiaoqiao_huaban_eff/huazhan_eff 3"},{"frame":[{"transform":{},"duration":35}],"name":"ys_hudiehua_eff_pz"}],"slot":[{"frame":[{"displayIndex":2,"tweenEasing":0,"color":{"aM":0},"duration":15},{"displayIndex":2,"tweenEasing":0,"duration":2},{"displayIndex":3,"tweenEasing":0,"duration":2},{"displayIndex":4,"tweenEasing":0,"duration":2},{"tweenEasing":0,"duration":2},{"displayIndex":1,"tweenEasing":0,"duration":12},{"displayIndex":1,"tweenEasing":null,"color":{"aM":0},"duration":0}],"name":"xiaoqiao_huaban_eff/huban_eff1"},{"frame":[{"displayIndex":2,"tweenEasing":0,"color":{"aM":0},"duration":15},{"displayIndex":2,"tweenEasing":0,"duration":2},{"displayIndex":3,"tweenEasing":0,"duration":2},{"displayIndex":4,"tweenEasing":0,"duration":2},{"tweenEasing":0,"duration":2},{"displayIndex":1,"tweenEasing":0,"duration":12},{"displayIndex":1,"tweenEasing":null,"color":{"aM":0},"duration":0}],"name":"xiaoqiao_huaban_eff/huban_eff3"},{"frame":[{"displayIndex":2,"tweenEasing":0,"color":{"aM":0},"duration":15},{"displayIndex":2,"tweenEasing":0,"duration":2},{"displayIndex":3,"tweenEasing":0,"duration":2},{"displayIndex":4,"tweenEasing":0,"duration":2},{"tweenEasing":0,"duration":2},{"displayIndex":1,"tweenEasing":0,"duration":12},{"displayIndex":2,"tweenEasing":null,"color":{"aM":0},"duration":0}],"name":"xiaoqiao_huaban_eff/huban_eff5"},{"frame":[{"displayIndex":-1,"tweenEasing":0,"duration":15},{"displayIndex":-1,"tweenEasing":0,"duration":2},{"displayIndex":1,"tweenEasing":0,"duration":2},{"displayIndex":2,"tweenEasing":0,"duration":2},{"displayIndex":3,"tweenEasing":0,"duration":2},{"displayIndex":4,"tweenEasing":0,"duration":2},{"displayIndex":5,"tweenEasing":0,"duration":2},{"displayIndex":6,"tweenEasing":0,"duration":2},{"displayIndex":7,"tweenEasing":0,"duration":6},{"displayIndex":7,"tweenEasing":null,"color":{"aM":0},"duration":0}],"name":"xiaoqiao_hudie_eff/hudie_eff 01"},{"frame":[{"displayIndex":-1,"tweenEasing":0,"duration":15},{"tweenEasing":0,"duration":2},{"displayIndex":1,"tweenEasing":0,"duration":2},{"displayIndex":2,"tweenEasing":0,"duration":2},{"displayIndex":3,"tweenEasing":0,"duration":2},{"displayIndex":4,"tweenEasing":0,"duration":2},{"displayIndex":5,"tweenEasing":0,"duration":2},{"displayIndex":6,"tweenEasing":0,"duration":2},{"displayIndex":7,"tweenEasing":0,"duration":6},{"displayIndex":7,"tweenEasing":null,"color":{"aM":0},"duration":0}],"name":"xiaoqiao_hudie_eff/hudie_eff 1"},{"frame":[{"displayIndex":-1,"tweenEasing":0,"duration":15},{"tweenEasing":0,"duration":2},{"displayIndex":1,"tweenEasing":0,"duration":2},{"displayIndex":2,"tweenEasing":0,"duration":2},{"displayIndex":3,"tweenEasing":0,"duration":2},{"displayIndex":4,"tweenEasing":0,"duration":2},{"displayIndex":5,"tweenEasing":0,"duration":2},{"displayIndex":6,"tweenEasing":0,"duration":2},{"displayIndex":7,"tweenEasing":0,"duration":6},{"displayIndex":7,"tweenEasing":null,"color":{"aM":0},"duration":0}],"name":"xiaoqiao_hudie_eff/hudie_eff 2"},{"frame":[{"displayIndex":-1,"tweenEasing":null,"duration":35}],"name":"ys_hudiehua_eff_pz"}],"ffd":[],"frame":[],"name":"001_kaihua","duration":35},{"ik":[],"bone":[{"frame":[{"tweenEasing":0,"transform":{"scY":0.5,"y":26.97,"skX":192.12,"skY":192.12,"scX":0.5,"x":26.62},"duration":20},{"transform":{"scY":0.5,"y":66.51,"skX":192.12,"skY":192.12,"scX":0.5,"x":72.96},"duration":0}],"name":"xiaoqiao_huaban_eff/huban_eff1"},{"frame":[{"tweenEasing":0,"transform":{"scY":0.5,"y":-48.77,"scX":0.5,"x":-18.95},"duration":20},{"transform":{"scY":0.5,"y":-96.33,"scX":0.5,"x":-22.75},"duration":0}],"name":"xiaoqiao_huaban_eff/huban_eff3"},{"frame":[{"tweenEasing":0,"transform":{"scY":0.5,"y":-20.24,"skX":34.76,"skY":34.76,"scX":0.5,"x":-70.43},"duration":20},{"transform":{"scY":0.5,"y":-64.47,"skX":34.76,"skY":34.76,"scX":0.5,"x":-120.17},"duration":0}],"name":"xiaoqiao_huaban_eff/huban_eff4"},{"frame":[{"tweenEasing":0,"transform":{"scY":0.5,"y":-26.48,"skX":-52.49,"skY":-52.49,"scX":0.5,"x":33},"duration":20},{"transform":{"scY":0.5,"y":-63.38,"skX":-52.49,"skY":-52.49,"scX":0.5,"x":69.41},"duration":0}],"name":"xiaoqiao_huaban_eff/huban_eff2"},{"frame":[{"tweenEasing":0,"transform":{"scY":0.5,"y":32.3,"skX":-76.19,"skY":-76.19,"scX":0.5,"x":-67.81},"duration":20},{"transform":{"scY":0.5,"y":64.69,"skX":-76.19,"skY":-76.19,"scX":0.5,"x":-120.69},"duration":0}],"name":"xiaoqiao_huaban_eff/huban_eff5"},{"frame":[{"tweenEasing":0,"transform":{"scY":0.5,"y":60.16,"skX":61.81,"skY":61.81,"scX":0.5,"x":-20.21},"duration":20},{"transform":{"scY":0.5,"y":97.45,"skX":61.81,"skY":61.81,"scX":0.5,"x":-23.39},"duration":0}],"name":"xiaoqiao_huaban_eff/huban_eff6"},{"frame":[{"transform":{"y":-0.26,"x":-11.42},"duration":20}],"name":"xiaoqiao_huaban_eff/huazhan_eff 2"},{"frame":[{"transform":{"y":1.93,"skX":-90.32,"skY":-90.32,"x":-13.19},"duration":20}],"name":"xiaoqiao_huaban_eff/huazhan_eff 3"},{"frame":[{"transform":{},"duration":20}],"name":"ys_hudiehua_eff"},{"frame":[{"transform":{},"duration":20}],"name":"xiaoqiao_hudie_eff/hudie_eff 01"},{"frame":[{"transform":{},"duration":20}],"name":"xiaoqiao_hudie_eff/hudie_eff 1"},{"frame":[{"transform":{},"duration":20}],"name":"xiaoqiao_hudie_eff/hudie_eff 2"},{"frame":[{"transform":{},"duration":20}],"name":"ys_hudiehua_eff_pz"}],"slot":[{"frame":[{"tweenEasing":0,"duration":2},{"displayIndex":1,"tweenEasing":0,"duration":2},{"displayIndex":2,"tweenEasing":0,"duration":2},{"tweenEasing":0,"duration":2},{"displayIndex":1,"tweenEasing":0,"duration":12},{"displayIndex":1,"tweenEasing":null,"color":{"aM":0},"duration":0}],"name":"xiaoqiao_huaban_eff/huazhan_eff 2"},{"frame":[{"tweenEasing":0,"duration":2},{"displayIndex":1,"tweenEasing":0,"duration":2},{"displayIndex":2,"tweenEasing":0,"duration":2},{"tweenEasing":0,"duration":2},{"displayIndex":1,"tweenEasing":0,"duration":12},{"displayIndex":1,"tweenEasing":null,"color":{"aM":0},"duration":0}],"name":"xiaoqiao_huaban_eff/huazhan_eff 3"},{"frame":[{"displayIndex":2,"tweenEasing":0,"duration":2},{"displayIndex":3,"tweenEasing":0,"duration":2},{"displayIndex":4,"tweenEasing":0,"duration":2},{"tweenEasing":0,"duration":2},{"displayIndex":1,"tweenEasing":0,"duration":12},{"displayIndex":1,"tweenEasing":null,"color":{"aM":0},"duration":0}],"name":"xiaoqiao_huaban_eff/huban_eff1"},{"frame":[{"displayIndex":2,"tweenEasing":0,"duration":2},{"displayIndex":3,"tweenEasing":0,"duration":2},{"displayIndex":4,"tweenEasing":0,"duration":2},{"tweenEasing":0,"duration":2},{"displayIndex":1,"tweenEasing":0,"duration":12},{"displayIndex":1,"tweenEasing":null,"color":{"aM":0},"duration":0}],"name":"xiaoqiao_huaban_eff/huban_eff2"},{"frame":[{"displayIndex":2,"tweenEasing":0,"duration":2},{"displayIndex":3,"tweenEasing":0,"duration":2},{"displayIndex":4,"tweenEasing":0,"duration":2},{"tweenEasing":0,"duration":2},{"displayIndex":1,"tweenEasing":0,"duration":12},{"displayIndex":1,"tweenEasing":null,"color":{"aM":0},"duration":0}],"name":"xiaoqiao_huaban_eff/huban_eff3"},{"frame":[{"displayIndex":2,"tweenEasing":0,"duration":2},{"displayIndex":3,"tweenEasing":0,"duration":2},{"displayIndex":4,"tweenEasing":0,"duration":2},{"tweenEasing":0,"duration":2},{"displayIndex":1,"tweenEasing":0,"duration":12},{"displayIndex":1,"tweenEasing":null,"color":{"aM":0},"duration":0}],"name":"xiaoqiao_huaban_eff/huban_eff4"},{"frame":[{"displayIndex":2,"tweenEasing":0,"duration":2},{"displayIndex":3,"tweenEasing":0,"duration":2},{"displayIndex":4,"tweenEasing":0,"duration":2},{"tweenEasing":0,"duration":2},{"displayIndex":1,"tweenEasing":0,"duration":12},{"displayIndex":1,"tweenEasing":null,"color":{"aM":0},"duration":0}],"name":"xiaoqiao_huaban_eff/huban_eff5"},{"frame":[{"displayIndex":2,"tweenEasing":0,"duration":2},{"displayIndex":3,"tweenEasing":0,"duration":2},{"displayIndex":4,"tweenEasing":0,"duration":2},{"tweenEasing":0,"duration":2},{"displayIndex":1,"tweenEasing":0,"duration":12},{"displayIndex":1,"tweenEasing":null,"color":{"aM":0},"duration":0}],"name":"xiaoqiao_huaban_eff/huban_eff6"},{"frame":[{"displayIndex":-1,"tweenEasing":null,"duration":20}],"name":"xiaoqiao_hudie_eff/hudie_eff 01"},{"frame":[{"tweenEasing":0,"duration":8},{"displayIndex":-1,"tweenEasing":null,"duration":12}],"name":"ys_hudiehua_eff_pz"}],"ffd":[],"frame":[],"name":"002_chuanci","duration":20},{"ik":[],"bone":[{"frame":[{"tweenEasing":0,"transform":{"y":63.49,"skX":-30.61,"skY":-30.61,"scX":-1,"x":-107.45},"duration":15},{"tweenEasing":0,"transform":{"y":63.49,"skX":-30.73,"skY":-30.73,"scX":-1,"x":-107.45},"duration":20},{"transform":{"skX":-30.73,"skY":-30.73,"scX":-1,"x":0.22},"duration":0}],"name":"xiaoqiao_hudie_eff/hudie_eff 01"},{"frame":[{"tweenEasing":0,"transform":{"scY":0.5,"y":30.83,"skX":237.7,"skY":237.7,"scX":0.5,"x":10.39},"duration":15},{"tweenEasing":0,"transform":{"scY":0.5,"y":68.76,"skX":-167.87,"skY":-167.87,"scX":0.5,"x":72.34},"duration":20},{"transform":{"y":68.76,"skX":192.12,"skY":192.12,"x":72.34},"duration":0}],"name":"xiaoqiao_huaban_eff/huban_eff1"},{"frame":[{"tweenEasing":0,"transform":{"scY":0.5,"y":-39.3,"skX":53.96,"skY":53.96,"scX":0.5,"x":-22.33},"duration":15},{"tweenEasing":0,"transform":{"scY":0.5,"y":-129.89,"scX":0.5,"x":-26.2},"duration":20},{"transform":{"y":-129.89,"x":-26.2},"duration":0}],"name":"xiaoqiao_huaban_eff/huban_eff3"},{"frame":[{"tweenEasing":0,"transform":{"scY":0.5,"y":31.17,"skX":241.3,"skY":241.3,"scX":0.5,"x":-60.81},"duration":15},{"tweenEasing":0,"transform":{"scY":0.5,"y":62.91,"skX":-76.19,"skY":-76.19,"scX":0.5,"x":-128.17},"duration":20},{"transform":{"y":62.91,"skX":-76.19,"skY":-76.19,"x":-128.17},"duration":0}],"name":"xiaoqiao_huaban_eff/huban_eff5"},{"frame":[{"transform":{"y":68.52,"skX":28.81,"skY":28.81,"scX":-1,"x":87.11},"duration":15},{"tweenEasing":0,"transform":{"y":68.52,"skX":28.81,"skY":28.81,"scX":-1,"x":87.11},"duration":20},{"transform":{"y":-6.3,"skX":28.81,"skY":28.81,"scX":-1,"x":-9.78},"duration":0}],"name":"xiaoqiao_hudie_eff/hudie_eff 1"},{"frame":[{"transform":{"y":-139.67,"skX":-89.12,"skY":-89.12,"x":-4.84},"duration":15},{"tweenEasing":0,"transform":{"y":-139.67,"skX":-89.12,"skY":-89.12,"x":-4.84},"duration":20},{"transform":{"y":2.25,"skX":-89.12,"skY":-89.12,"x":-7.34},"duration":0}],"name":"xiaoqiao_hudie_eff/hudie_eff 2"},{"frame":[{"tweenEasing":0,"transform":{"skX":155.92,"skY":155.92},"duration":15},{"tweenEasing":0,"transform":{"skX":-115.91,"skY":-115.91},"duration":20},{"transform":{"skX":-115.91,"skY":-115.91},"duration":0}],"name":"ys_hudiehua_eff"},{"frame":[{"transform":{},"duration":15},{"transform":{},"duration":20}],"name":"xiaoqiao_huaban_eff/huazhan_eff 2"},{"frame":[{"transform":{},"duration":15},{"transform":{},"duration":20}],"name":"xiaoqiao_huaban_eff/huban_eff2"},{"frame":[{"transform":{},"duration":15},{"transform":{},"duration":20}],"name":"xiaoqiao_huaban_eff/huban_eff4"},{"frame":[{"transform":{},"duration":15},{"transform":{},"duration":20}],"name":"xiaoqiao_huaban_eff/huban_eff6"},{"frame":[{"transform":{},"duration":15},{"transform":{},"duration":20}],"name":"xiaoqiao_huaban_eff/huazhan_eff 3"},{"frame":[{"transform":{},"duration":35}],"name":"ys_hudiehua_eff_pz"}],"slot":[{"frame":[{"displayIndex":2,"tweenEasing":0,"color":{"aM":0},"duration":15},{"displayIndex":2,"tweenEasing":0,"duration":2},{"displayIndex":3,"tweenEasing":0,"duration":2},{"displayIndex":4,"tweenEasing":0,"duration":2},{"tweenEasing":0,"duration":2},{"displayIndex":1,"tweenEasing":0,"duration":12},{"displayIndex":1,"tweenEasing":null,"color":{"aM":0},"duration":0}],"name":"xiaoqiao_huaban_eff/huban_eff1"},{"frame":[{"displayIndex":2,"tweenEasing":0,"color":{"aM":0},"duration":15},{"displayIndex":2,"tweenEasing":0,"duration":2},{"displayIndex":3,"tweenEasing":0,"duration":2},{"displayIndex":4,"tweenEasing":0,"duration":2},{"tweenEasing":0,"duration":2},{"displayIndex":1,"tweenEasing":0,"duration":12},{"displayIndex":1,"tweenEasing":null,"color":{"aM":0},"duration":0}],"name":"xiaoqiao_huaban_eff/huban_eff3"},{"frame":[{"displayIndex":2,"tweenEasing":0,"color":{"aM":0},"duration":15},{"displayIndex":2,"tweenEasing":0,"duration":2},{"displayIndex":3,"tweenEasing":0,"duration":2},{"displayIndex":4,"tweenEasing":0,"duration":2},{"tweenEasing":0,"duration":2},{"displayIndex":1,"tweenEasing":0,"duration":12},{"displayIndex":2,"tweenEasing":null,"color":{"aM":0},"duration":0}],"name":"xiaoqiao_huaban_eff/huban_eff5"},{"frame":[{"displayIndex":-1,"tweenEasing":0,"duration":15},{"displayIndex":-1,"tweenEasing":0,"duration":2},{"displayIndex":1,"tweenEasing":0,"duration":2},{"displayIndex":2,"tweenEasing":0,"duration":2},{"displayIndex":3,"tweenEasing":0,"duration":2},{"displayIndex":4,"tweenEasing":0,"duration":2},{"displayIndex":5,"tweenEasing":0,"duration":2},{"displayIndex":6,"tweenEasing":0,"duration":2},{"displayIndex":7,"tweenEasing":0,"duration":6},{"displayIndex":7,"tweenEasing":null,"color":{"aM":0},"duration":0}],"name":"xiaoqiao_hudie_eff/hudie_eff 01"},{"frame":[{"displayIndex":-1,"tweenEasing":0,"duration":15},{"tweenEasing":0,"duration":2},{"displayIndex":1,"tweenEasing":0,"duration":2},{"displayIndex":2,"tweenEasing":0,"duration":2},{"displayIndex":3,"tweenEasing":0,"duration":2},{"displayIndex":4,"tweenEasing":0,"duration":2},{"displayIndex":5,"tweenEasing":0,"duration":2},{"displayIndex":6,"tweenEasing":0,"duration":2},{"displayIndex":7,"tweenEasing":0,"duration":6},{"displayIndex":7,"tweenEasing":null,"color":{"aM":0},"duration":0}],"name":"xiaoqiao_hudie_eff/hudie_eff 1"},{"frame":[{"displayIndex":-1,"tweenEasing":0,"duration":15},{"tweenEasing":0,"duration":2},{"displayIndex":1,"tweenEasing":0,"duration":2},{"displayIndex":2,"tweenEasing":0,"duration":2},{"displayIndex":3,"tweenEasing":0,"duration":2},{"displayIndex":4,"tweenEasing":0,"duration":2},{"displayIndex":5,"tweenEasing":0,"duration":2},{"displayIndex":6,"tweenEasing":0,"duration":2},{"displayIndex":7,"tweenEasing":0,"duration":6},{"displayIndex":7,"tweenEasing":null,"color":{"aM":0},"duration":0}],"name":"xiaoqiao_hudie_eff/hudie_eff 2"},{"frame":[{"displayIndex":-1,"tweenEasing":null,"duration":35}],"name":"ys_hudiehua_eff_pz"}],"ffd":[],"frame":[],"name":"003_huakai2","duration":35}],"skin":[{"slot":[{"display":[{"path":"xiaoqiao_huaban_eff/huazhan_eff 5","type":"image","name":"xiaoqiao_huaban_eff/huazhan_eff 5","transform":{"y":-24.42,"skX":91.08,"skY":91.08,"x":-0.54}},{"path":"xiaoqiao_huaban_eff/huazhan_eff 6","type":"image","name":"xiaoqiao_huaban_eff/huazhan_eff 6","transform":{"y":-24.42,"skX":91.08,"skY":91.08,"x":-0.54}},{"path":"xiaoqiao_huaban_eff/huban_eff1","type":"image","name":"xiaoqiao_huaban_eff/huban_eff1","transform":{"y":-24.42,"skX":91.08,"skY":91.08,"x":-0.54}},{"path":"xiaoqiao_huaban_eff/huban_eff2","type":"image","name":"xiaoqiao_huaban_eff/huban_eff2","transform":{"y":-24.42,"skX":91.08,"skY":91.08,"x":-0.54}},{"path":"xiaoqiao_huaban_eff/huban_eff3","type":"image","name":"xiaoqiao_huaban_eff/huban_eff3","transform":{"y":-24.42,"skX":91.08,"skY":91.08,"x":-0.54}}],"name":"xiaoqiao_huaban_eff/huban_eff2"},{"display":[{"path":"xiaoqiao_huaban_eff/huazhan_eff 5","type":"image","name":"xiaoqiao_huaban_eff/huazhan_eff 5","transform":{"y":-24.42,"skX":91.08,"skY":91.08,"x":-0.54}},{"path":"xiaoqiao_huaban_eff/huazhan_eff 6","type":"image","name":"xiaoqiao_huaban_eff/huazhan_eff 6","transform":{"y":-24.42,"skX":91.08,"skY":91.08,"x":-0.54}},{"path":"xiaoqiao_huaban_eff/huban_eff1","type":"image","name":"xiaoqiao_huaban_eff/huban_eff1","transform":{"y":-24.42,"skX":91.08,"skY":91.08,"x":-0.54}},{"path":"xiaoqiao_huaban_eff/huban_eff2","type":"image","name":"xiaoqiao_huaban_eff/huban_eff2","transform":{"y":-24.42,"skX":91.08,"skY":91.08,"x":-0.54}},{"path":"xiaoqiao_huaban_eff/huban_eff3","type":"image","name":"xiaoqiao_huaban_eff/huban_eff3","transform":{"y":-24.42,"skX":91.08,"skY":91.08,"x":-0.54}}],"name":"xiaoqiao_huaban_eff/huban_eff5"},{"display":[{"path":"ys_hudiehua_eff_pz","type":"image","name":"ys_hudiehua_eff_pz","transform":{"scY":17.071,"y":-48.49,"scX":17.071,"x":37.09}}],"name":"ys_hudiehua_eff_pz"},{"display":[{"path":"xiaoqiao_huaban_eff/huazhan_eff 5","type":"image","name":"xiaoqiao_huaban_eff/huazhan_eff 5","transform":{"y":-24.42,"skX":91.08,"skY":91.08,"x":-0.54}},{"path":"xiaoqiao_huaban_eff/huazhan_eff 6","type":"image","name":"xiaoqiao_huaban_eff/huazhan_eff 6","transform":{"y":-24.42,"skX":91.08,"skY":91.08,"x":-0.54}},{"path":"xiaoqiao_huaban_eff/huban_eff1","type":"image","name":"xiaoqiao_huaban_eff/huban_eff1","transform":{"y":-24.42,"skX":91.08,"skY":91.08,"x":-0.54}},{"path":"xiaoqiao_huaban_eff/huban_eff2","type":"image","name":"xiaoqiao_huaban_eff/huban_eff2","transform":{"y":-24.42,"skX":91.08,"skY":91.08,"x":-0.54}},{"path":"xiaoqiao_huaban_eff/huban_eff3","type":"image","name":"xiaoqiao_huaban_eff/huban_eff3","transform":{"y":-24.42,"skX":91.08,"skY":91.08,"x":-0.54}}],"name":"xiaoqiao_huaban_eff/huban_eff3"},{"display":[{"path":"xiaoqiao_hudie_eff/hudie_eff 01","type":"image","name":"xiaoqiao_hudie_eff/hudie_eff 01","transform":{"y":0.32,"skX":-0.49,"skY":-0.49,"x":-1.85}},{"path":"xiaoqiao_hudie_eff/hudie_eff 02","type":"image","name":"xiaoqiao_hudie_eff/hudie_eff 02","transform":{"y":0.32,"skX":-0.49,"skY":-0.49,"x":-1.85}},{"path":"xiaoqiao_hudie_eff/hudie_eff 03","type":"image","name":"xiaoqiao_hudie_eff/hudie_eff 03","transform":{"y":0.32,"skX":-0.49,"skY":-0.49,"x":-1.85}},{"path":"xiaoqiao_hudie_eff/hudie_eff 04","type":"image","name":"xiaoqiao_hudie_eff/hudie_eff 04","transform":{"y":0.32,"skX":-0.49,"skY":-0.49,"x":-1.85}},{"path":"xiaoqiao_hudie_eff/hudie_eff 07","type":"image","name":"xiaoqiao_hudie_eff/hudie_eff 07","transform":{"y":0.32,"skX":-0.49,"skY":-0.49,"x":-1.85}},{"path":"xiaoqiao_hudie_eff/hudie_eff 08","type":"image","name":"xiaoqiao_hudie_eff/hudie_eff 08","transform":{"y":0.32,"skX":-0.49,"skY":-0.49,"x":-1.85}},{"path":"xiaoqiao_hudie_eff/hudie_eff 09","type":"image","name":"xiaoqiao_hudie_eff/hudie_eff 09","transform":{"y":0.32,"skX":-0.49,"skY":-0.49,"x":-1.85}},{"path":"xiaoqiao_hudie_eff/hudie_eff 10","type":"image","name":"xiaoqiao_hudie_eff/hudie_eff 10","transform":{"y":0.32,"skX":-0.49,"skY":-0.49,"x":-1.85}}],"name":"xiaoqiao_hudie_eff/hudie_eff 01"},{"display":[{"path":"xiaoqiao_huaban_eff/huazhan_eff 5","type":"image","name":"xiaoqiao_huaban_eff/huazhan_eff 5","transform":{"y":-24.42,"skX":91.08,"skY":91.08,"x":-0.54}},{"path":"xiaoqiao_huaban_eff/huazhan_eff 6","type":"image","name":"xiaoqiao_huaban_eff/huazhan_eff 6","transform":{"y":-24.42,"skX":91.08,"skY":91.08,"x":-0.54}},{"path":"xiaoqiao_huaban_eff/huban_eff1","type":"image","name":"xiaoqiao_huaban_eff/huban_eff1","transform":{"y":-24.42,"skX":91.08,"skY":91.08,"x":-0.54}},{"path":"xiaoqiao_huaban_eff/huban_eff2","type":"image","name":"xiaoqiao_huaban_eff/huban_eff2","transform":{"y":-24.42,"skX":91.08,"skY":91.08,"x":-0.54}},{"path":"xiaoqiao_huaban_eff/huban_eff3","type":"image","name":"xiaoqiao_huaban_eff/huban_eff3","transform":{"y":-24.42,"skX":91.08,"skY":91.08,"x":-0.54}}],"name":"xiaoqiao_huaban_eff/huban_eff1"},{"display":[{"path":"xiaoqiao_huaban_eff/huazhan_eff 2","type":"image","name":"xiaoqiao_huaban_eff/huazhan_eff 2","transform":{"y":-14.73,"skX":88.69,"skY":88.69,"x":-0.27}},{"path":"xiaoqiao_huaban_eff/huazhan_eff 3","type":"image","name":"xiaoqiao_huaban_eff/huazhan_eff 3","transform":{"y":-14.73,"skX":88.69,"skY":88.69,"x":-0.27}},{"path":"xiaoqiao_huaban_eff/huazhan_eff 4","type":"image","name":"xiaoqiao_huaban_eff/huazhan_eff 4","transform":{"y":-14.73,"skX":88.69,"skY":88.69,"x":-0.27}},{"path":"xiaoqiao_huaban_eff/huazhan_eff 5","type":"image","name":"xiaoqiao_huaban_eff/huazhan_eff 5","transform":{"y":-14.73,"skX":88.69,"skY":88.69,"x":-0.27}},{"path":"xiaoqiao_huaban_eff/huazhan_eff 6","type":"image","name":"xiaoqiao_huaban_eff/huazhan_eff 6","transform":{"y":-14.73,"skX":88.69,"skY":88.69,"x":-0.27}}],"name":"xiaoqiao_huaban_eff/huazhan_eff 2"},{"display":[{"path":"xiaoqiao_huaban_eff/huazhan_eff 5","type":"image","name":"xiaoqiao_huaban_eff/huazhan_eff 5","transform":{"y":-24.42,"skX":91.08,"skY":91.08,"x":-0.54}},{"path":"xiaoqiao_huaban_eff/huazhan_eff 6","type":"image","name":"xiaoqiao_huaban_eff/huazhan_eff 6","transform":{"y":-24.42,"skX":91.08,"skY":91.08,"x":-0.54}},{"path":"xiaoqiao_huaban_eff/huban_eff1","type":"image","name":"xiaoqiao_huaban_eff/huban_eff1","transform":{"y":-24.42,"skX":91.08,"skY":91.08,"x":-0.54}},{"path":"xiaoqiao_huaban_eff/huban_eff2","type":"image","name":"xiaoqiao_huaban_eff/huban_eff2","transform":{"y":-24.42,"skX":91.08,"skY":91.08,"x":-0.54}},{"path":"xiaoqiao_huaban_eff/huban_eff3","type":"image","name":"xiaoqiao_huaban_eff/huban_eff3","transform":{"y":-24.42,"skX":91.08,"skY":91.08,"x":-0.54}}],"name":"xiaoqiao_huaban_eff/huban_eff6"},{"display":[{"path":"xiaoqiao_huaban_eff/huazhan_eff 5","type":"image","name":"xiaoqiao_huaban_eff/huazhan_eff 5","transform":{"y":-24.42,"skX":91.08,"skY":91.08,"x":-0.54}},{"path":"xiaoqiao_huaban_eff/huazhan_eff 6","type":"image","name":"xiaoqiao_huaban_eff/huazhan_eff 6","transform":{"y":-24.42,"skX":91.08,"skY":91.08,"x":-0.54}},{"path":"xiaoqiao_huaban_eff/huban_eff1","type":"image","name":"xiaoqiao_huaban_eff/huban_eff1","transform":{"y":-24.42,"skX":91.08,"skY":91.08,"x":-0.54}},{"path":"xiaoqiao_huaban_eff/huban_eff2","type":"image","name":"xiaoqiao_huaban_eff/huban_eff2","transform":{"y":-24.42,"skX":91.08,"skY":91.08,"x":-0.54}},{"path":"xiaoqiao_huaban_eff/huban_eff3","type":"image","name":"xiaoqiao_huaban_eff/huban_eff3","transform":{"y":-24.42,"skX":91.08,"skY":91.08,"x":-0.54}}],"name":"xiaoqiao_huaban_eff/huban_eff4"},{"display":[{"path":"xiaoqiao_hudie_eff/hudie_eff 01","type":"image","name":"xiaoqiao_hudie_eff/hudie_eff 01","transform":{"y":0.32,"skX":-0.49,"skY":-0.49,"x":-1.85}},{"path":"xiaoqiao_hudie_eff/hudie_eff 02","type":"image","name":"xiaoqiao_hudie_eff/hudie_eff 02","transform":{"y":0.32,"skX":-0.49,"skY":-0.49,"x":-1.85}},{"path":"xiaoqiao_hudie_eff/hudie_eff 03","type":"image","name":"xiaoqiao_hudie_eff/hudie_eff 03","transform":{"y":0.32,"skX":-0.49,"skY":-0.49,"x":-1.85}},{"path":"xiaoqiao_hudie_eff/hudie_eff 04","type":"image","name":"xiaoqiao_hudie_eff/hudie_eff 04","transform":{"y":0.32,"skX":-0.49,"skY":-0.49,"x":-1.85}},{"path":"xiaoqiao_hudie_eff/hudie_eff 07","type":"image","name":"xiaoqiao_hudie_eff/hudie_eff 07","transform":{"y":0.32,"skX":-0.49,"skY":-0.49,"x":-1.85}},{"path":"xiaoqiao_hudie_eff/hudie_eff 08","type":"image","name":"xiaoqiao_hudie_eff/hudie_eff 08","transform":{"y":0.32,"skX":-0.49,"skY":-0.49,"x":-1.85}},{"path":"xiaoqiao_hudie_eff/hudie_eff 09","type":"image","name":"xiaoqiao_hudie_eff/hudie_eff 09","transform":{"y":0.32,"skX":-0.49,"skY":-0.49,"x":-1.85}},{"path":"xiaoqiao_hudie_eff/hudie_eff 10","type":"image","name":"xiaoqiao_hudie_eff/hudie_eff 10","transform":{"y":0.32,"skX":-0.49,"skY":-0.49,"x":-1.85}}],"name":"xiaoqiao_hudie_eff/hudie_eff 2"},{"display":[{"path":"xiaoqiao_hudie_eff/hudie_eff 01","type":"image","name":"xiaoqiao_hudie_eff/hudie_eff 01","transform":{"y":0.32,"skX":-0.49,"skY":-0.49,"x":-1.85}},{"path":"xiaoqiao_hudie_eff/hudie_eff 02","type":"image","name":"xiaoqiao_hudie_eff/hudie_eff 02","transform":{"y":0.32,"skX":-0.49,"skY":-0.49,"x":-1.85}},{"path":"xiaoqiao_hudie_eff/hudie_eff 03","type":"image","name":"xiaoqiao_hudie_eff/hudie_eff 03","transform":{"y":0.32,"skX":-0.49,"skY":-0.49,"x":-1.85}},{"path":"xiaoqiao_hudie_eff/hudie_eff 04","type":"image","name":"xiaoqiao_hudie_eff/hudie_eff 04","transform":{"y":0.32,"skX":-0.49,"skY":-0.49,"x":-1.85}},{"path":"xiaoqiao_hudie_eff/hudie_eff 07","type":"image","name":"xiaoqiao_hudie_eff/hudie_eff 07","transform":{"y":0.32,"skX":-0.49,"skY":-0.49,"x":-1.85}},{"path":"xiaoqiao_hudie_eff/hudie_eff 08","type":"image","name":"xiaoqiao_hudie_eff/hudie_eff 08","transform":{"y":0.32,"skX":-0.49,"skY":-0.49,"x":-1.85}},{"path":"xiaoqiao_hudie_eff/hudie_eff 09","type":"image","name":"xiaoqiao_hudie_eff/hudie_eff 09","transform":{"y":0.32,"skX":-0.49,"skY":-0.49,"x":-1.85}},{"path":"xiaoqiao_hudie_eff/hudie_eff 10","type":"image","name":"xiaoqiao_hudie_eff/hudie_eff 10","transform":{"y":0.32,"skX":-0.49,"skY":-0.49,"x":-1.85}}],"name":"xiaoqiao_hudie_eff/hudie_eff 1"},{"display":[{"path":"xiaoqiao_huaban_eff/huazhan_eff 2","type":"image","name":"xiaoqiao_huaban_eff/huazhan_eff 2","transform":{"y":-14.73,"skX":88.69,"skY":88.69,"x":-0.27}},{"path":"xiaoqiao_huaban_eff/huazhan_eff 3","type":"image","name":"xiaoqiao_huaban_eff/huazhan_eff 3","transform":{"y":-14.73,"skX":88.69,"skY":88.69,"x":-0.27}},{"path":"xiaoqiao_huaban_eff/huazhan_eff 4","type":"image","name":"xiaoqiao_huaban_eff/huazhan_eff 4","transform":{"y":-14.73,"skX":88.69,"skY":88.69,"x":-0.27}},{"path":"xiaoqiao_huaban_eff/huazhan_eff 5","type":"image","name":"xiaoqiao_huaban_eff/huazhan_eff 5","transform":{"y":-14.73,"skX":88.69,"skY":88.69,"x":-0.27}},{"path":"xiaoqiao_huaban_eff/huazhan_eff 6","type":"image","name":"xiaoqiao_huaban_eff/huazhan_eff 6","transform":{"y":-14.73,"skX":88.69,"skY":88.69,"x":-0.27}}],"name":"xiaoqiao_huaban_eff/huazhan_eff 3"}],"name":""}],"defaultActions":[{"gotoAndPlay":"000_hudie"}],"aabb":{"width":10,"y":-10.75,"height":10,"x":-3.019999999999996},"slot":[{"name":"ys_hudiehua_eff_pz","parent":"ys_hudiehua_eff_pz","color":{}},{"z":1,"displayIndex":-1,"name":"xiaoqiao_hudie_eff/hudie_eff 01","parent":"xiaoqiao_hudie_eff/hudie_eff 01","color":{}},{"z":2,"displayIndex":-1,"name":"xiaoqiao_hudie_eff/hudie_eff 1","parent":"xiaoqiao_hudie_eff/hudie_eff 1","color":{}},{"z":3,"displayIndex":-1,"name":"xiaoqiao_hudie_eff/hudie_eff 2","parent":"xiaoqiao_hudie_eff/hudie_eff 2","color":{}},{"z":4,"displayIndex":-1,"name":"xiaoqiao_huaban_eff/huazhan_eff 2","parent":"xiaoqiao_huaban_eff/huazhan_eff 2","color":{}},{"z":5,"displayIndex":-1,"name":"xiaoqiao_huaban_eff/huazhan_eff 3","parent":"xiaoqiao_huaban_eff/huazhan_eff 3","color":{}},{"z":6,"displayIndex":-1,"name":"xiaoqiao_huaban_eff/huban_eff1","parent":"xiaoqiao_huaban_eff/huban_eff1","color":{}},{"z":7,"displayIndex":-1,"name":"xiaoqiao_huaban_eff/huban_eff2","parent":"xiaoqiao_huaban_eff/huban_eff2","color":{}},{"z":8,"displayIndex":-1,"name":"xiaoqiao_huaban_eff/huban_eff3","parent":"xiaoqiao_huaban_eff/huban_eff3","color":{}},{"z":9,"displayIndex":-1,"name":"xiaoqiao_huaban_eff/huban_eff4","parent":"xiaoqiao_huaban_eff/huban_eff4","color":{}},{"z":10,"displayIndex":-1,"name":"xiaoqiao_huaban_eff/huban_eff5","parent":"xiaoqiao_huaban_eff/huban_eff5","color":{}},{"z":11,"displayIndex":-1,"name":"xiaoqiao_huaban_eff/huban_eff6","parent":"xiaoqiao_huaban_eff/huban_eff6","color":{}}],"name":"armatureName"}],"name":"ys_hudiehua_eff","version":"4.0"}