{"frameRate":30,"isGlobal":0,"armature":[{"defaultActions":[{"gotoAndPlay":"animation"}],"animation":[{"frame":[],"duration":60,"slot":[{"frame":[{"tweenEasing":0,"duration":15,"color":{"aM":0}},{"tweenEasing":0,"duration":3},{"tweenEasing":0,"duration":3,"color":{"aM":49}},{"tweenEasing":0,"duration":3},{"tweenEasing":0,"duration":3,"color":{"aM":49}},{"tweenEasing":null,"duration":3},{"tweenEasing":null,"duration":15},{"tweenEasing":0,"duration":15},{"tweenEasing":null,"duration":0,"color":{"aM":0}}],"name":"00001"},{"frame":[{"tweenEasing":0,"displayIndex":-1,"duration":5},{"tweenEasing":0,"duration":2},{"tweenEasing":0,"displayIndex":1,"duration":2},{"tweenEasing":0,"displayIndex":2,"duration":1},{"tweenEasing":0,"displayIndex":2,"duration":1},{"tweenEasing":0,"displayIndex":3,"duration":2},{"tweenEasing":0,"displayIndex":4,"duration":2},{"tweenEasing":0,"displayIndex":5,"duration":10},{"tweenEasing":null,"displayIndex":5,"duration":35,"color":{"aM":0}}],"name":"fangsheleidian_eff/lei_fangshe001"},{"frame":[{"tweenEasing":0,"duration":15,"color":{"aM":0}},{"tweenEasing":0,"duration":15},{"tweenEasing":null,"duration":30,"color":{"aM":0}}],"name":"guangquan02"},{"frame":[{"tweenEasing":0,"displayIndex":-1,"duration":5},{"tweenEasing":0,"duration":2},{"tweenEasing":0,"duration":2,"color":{"aM":0}},{"tweenEasing":0,"duration":2},{"tweenEasing":0,"duration":2,"color":{"aM":0}},{"tweenEasing":0,"duration":2},{"tweenEasing":0,"displayIndex":1,"duration":2,"color":{"aM":0}},{"tweenEasing":0,"displayIndex":2,"duration":3},{"tweenEasing":null,"displayIndex":2,"duration":40,"color":{"aM":0}}],"name":"leidian2_eff/lightning01a"},{"frame":[{"tweenEasing":null,"displayIndex":-1,"duration":60}],"name":"leidian2_eff/lightning02a"},{"frame":[{"tweenEasing":null,"displayIndex":-1,"duration":60}],"name":"leihuan_eff/00001 (3)"},{"frame":[{"tweenEasing":0,"duration":15,"color":{"aM":0}},{"tweenEasing":0,"duration":12},{"tweenEasing":0,"duration":3,"color":{"aM":0}},{"tweenEasing":null,"duration":30}],"name":"wind01"},{"frame":[{"tweenEasing":null,"duration":15,"color":{"aM":0}},{"tweenEasing":null,"duration":12,"color":{"aM":0}},{"tweenEasing":0,"duration":3,"color":{"aM":0}},{"tweenEasing":null,"duration":30}],"name":"wind02"}],"ffd":[],"bone":[{"frame":[{"duration":30,"transform":{}},{"duration":30,"transform":{}},{"duration":0,"transform":{}}],"name":"root"},{"frame":[{"tweenEasing":0,"duration":15,"transform":{"scY":2.762,"scX":2.762,"x":-474.3}},{"tweenEasing":0,"duration":15,"transform":{"scY":2.762,"scX":2.762,"x":-474.3}},{"duration":30,"transform":{"scY":1.427,"skX":-180,"skY":-180,"scX":1.427,"x":-474.3}}],"name":"yueguang"},{"frame":[{"curve":[0,0.86,0.75,1],"duration":30,"transform":{"scY":5.077,"skX":-180,"skY":-180,"scX":5.077,"x":-474.3}},{"curve":[0,0.95,0.75,1],"duration":30,"transform":{"scY":2.808,"scX":2.808,"x":-474.3}},{"duration":0,"transform":{"scY":3.969,"scX":3.969,"x":-474.3}}],"name":"fazhen"},{"frame":[{"tweenEasing":0,"duration":30,"transform":{"scY":2.449,"scX":2.449,"x":-474.3}},{"duration":30,"transform":{"scY":0.081,"scX":0.081,"x":-474.3}}],"name":"guangquan02"},{"frame":[{"duration":60,"transform":{"scY":1.602,"y":-0.255,"scX":1.602,"x":-473.465}}],"name":"leihuan_eff/00001 (3)"},{"frame":[{"tweenEasing":0,"duration":5,"transform":{"y":356.635,"x":-64.48}},{"curve":[0,0.71,0.75,1],"duration":15,"transform":{"scY":1.564,"y":356.635,"scX":1.564,"x":-64.48}},{"duration":40,"transform":{"scY":0.896,"y":356.635,"scX":0.896,"x":-64.48}}],"name":"leidian2_eff/lightning01a"},{"frame":[{"duration":60,"transform":{"y":0.38,"x":0.71}}],"name":"leidian2_eff/lightning02a"},{"frame":[{"tweenEasing":0,"duration":5,"transform":{}},{"duration":20,"transform":{"scY":6.002,"scX":6.002}},{"duration":35,"transform":{"scY":6.002,"scX":6.002}}],"name":"fangsheleidian_eff/lei_fangshe001"}],"name":"animation","ik":[]},{"frame":[],"duration":30,"slot":[{"frame":[{"tweenEasing":null,"duration":15},{"tweenEasing":0,"duration":15},{"tweenEasing":null,"duration":0,"color":{"aM":0}}],"name":"00001"},{"frame":[{"tweenEasing":null,"displayIndex":-1,"duration":30}],"name":"fangsheleidian_eff/lei_fangshe001"},{"frame":[{"tweenEasing":0,"duration":10,"color":{"aM":0}},{"tweenEasing":0,"duration":20},{"tweenEasing":null,"duration":0,"color":{"aM":0}}],"name":"guangquan02"},{"frame":[{"tweenEasing":0,"duration":2},{"tweenEasing":0,"duration":2},{"tweenEasing":0,"displayIndex":1,"duration":2},{"tweenEasing":0,"displayIndex":2,"duration":9},{"tweenEasing":null,"displayIndex":1,"duration":15,"color":{"aM":0}}],"name":"leidian2_eff/lightning01a"},{"frame":[{"tweenEasing":0,"duration":2},{"tweenEasing":0,"duration":2},{"tweenEasing":0,"displayIndex":1,"duration":2},{"tweenEasing":0,"displayIndex":2,"duration":9},{"tweenEasing":null,"displayIndex":2,"duration":15,"color":{"aM":0}}],"name":"leidian2_eff/lightning02a"},{"frame":[{"tweenEasing":0,"displayIndex":3,"duration":3},{"tweenEasing":0,"displayIndex":4,"duration":3},{"tweenEasing":0,"displayIndex":5,"duration":3},{"tweenEasing":0,"displayIndex":6,"duration":1},{"tweenEasing":0,"displayIndex":6,"duration":2},{"tweenEasing":0,"duration":3},{"tweenEasing":0,"displayIndex":1,"duration":3},{"tweenEasing":0,"displayIndex":2,"duration":2},{"tweenEasing":null,"displayIndex":3,"duration":10,"color":{"aM":0}}],"name":"leihuan_eff/00001 (3)"},{"frame":[{"tweenEasing":null,"duration":15},{"tweenEasing":0,"duration":15},{"tweenEasing":null,"duration":0,"color":{"aM":0}}],"name":"wind01"},{"frame":[{"tweenEasing":0,"duration":2},{"tweenEasing":0,"duration":2,"color":{"aM":0}},{"tweenEasing":0,"duration":2},{"tweenEasing":0,"duration":2,"color":{"aM":0}},{"tweenEasing":0,"duration":2},{"tweenEasing":0,"duration":2,"color":{"aM":0}},{"tweenEasing":0,"duration":2},{"tweenEasing":0,"duration":2,"color":{"aM":0}},{"tweenEasing":0,"duration":14},{"tweenEasing":null,"duration":0,"color":{"aM":0}}],"name":"wind02"}],"ffd":[],"bone":[{"frame":[{"duration":30,"transform":{}},{"duration":0,"transform":{}}],"name":"root"},{"frame":[{"curve":[0.14075,0.16,0.7242500000000001,0.835],"duration":2,"transform":{"scY":1.427,"skX":-180,"skY":-180,"scX":1.427,"x":-474.3}},{"curve":[0.317,0.23,0.652,0.57],"duration":2,"transform":{"scY":1.427,"y":-4.425,"skX":-180,"skY":-180,"scX":1.427,"x":-474.3}},{"curve":[0.3,0.21,0.755,1],"duration":2,"transform":{"scY":1.427,"y":4.625,"skX":-180,"skY":-180,"scX":1.427,"x":-474.3}},{"curve":[0.317,0.23,0.652,0.57],"duration":2,"transform":{"scY":1.427,"y":-4.425,"skX":-180,"skY":-180,"scX":1.427,"x":-474.3}},{"curve":[0.3,0.21,0.755,1],"duration":2,"transform":{"scY":1.427,"y":4.625,"skX":-180,"skY":-180,"scX":1.427,"x":-474.3}},{"curve":[0.317,0.23,0.652,0.57],"duration":2,"transform":{"scY":1.427,"y":-4.425,"skX":-180,"skY":-180,"scX":1.427,"x":-474.3}},{"curve":[0.3,0.21,0.755,1],"duration":2,"transform":{"scY":1.427,"y":4.625,"skX":-180,"skY":-180,"scX":1.427,"x":-474.3}},{"curve":[0.317,0.23,0.652,0.57],"duration":2,"transform":{"scY":1.427,"y":-4.425,"skX":-180,"skY":-180,"scX":1.427,"x":-474.3}},{"curve":[0.3,0.21,0.755,1],"duration":2,"transform":{"scY":1.427,"y":4.625,"skX":-180,"skY":-180,"scX":1.427,"x":-474.3}},{"curve":[0.317,0.23,0.652,0.57],"duration":2,"transform":{"scY":1.427,"y":-4.425,"skX":-180,"skY":-180,"scX":1.427,"x":-474.3}},{"curve":[0.3,0.21,0.755,1],"duration":2,"transform":{"scY":1.427,"y":4.625,"skX":-180,"skY":-180,"scX":1.427,"x":-474.3}},{"curve":[0.317,0.23,0.652,0.57],"duration":2,"transform":{"scY":1.427,"y":-4.425,"skX":-180,"skY":-180,"scX":1.427,"x":-474.3}},{"curve":[0.3,0.21,0.755,1],"duration":2,"transform":{"scY":1.427,"y":4.625,"skX":-180,"skY":-180,"scX":1.427,"x":-474.3}},{"curve":[0.317,0.23,0.652,0.57],"duration":2,"transform":{"scY":1.427,"y":-4.425,"skX":-180,"skY":-180,"scX":1.427,"x":-474.3}},{"curve":[0.3,0.21,0.755,1],"duration":2,"transform":{"scY":1.427,"y":4.625,"skX":-180,"skY":-180,"scX":1.427,"x":-474.3}},{"duration":0,"transform":{"scY":4.84,"scX":4.84,"x":-474.3}}],"name":"yueguang"},{"frame":[{"curve":[0,0.95,0.75,1],"duration":30,"transform":{"scY":2.808,"scX":2.808,"x":-474.3}},{"duration":0,"transform":{"scY":3.969,"scX":3.969,"x":-474.3}}],"name":"fazhen"},{"frame":[{"curve":[0,0.455,0.875,1],"duration":2,"transform":{"scY":0.081,"scX":0.081,"x":-474.3}},{"tweenEasing":0,"duration":2,"transform":{"scY":0.081,"scX":0.081,"x":-481.68}},{"tweenEasing":0,"duration":2,"transform":{"scY":0.081,"scX":0.081,"x":-475.25}},{"tweenEasing":0,"duration":2,"transform":{"scY":0.081,"scX":0.081,"x":-481.68}},{"tweenEasing":0,"duration":2,"transform":{"scY":0.081,"scX":0.081,"x":-475.25}},{"tweenEasing":0,"duration":2,"transform":{"scY":0.081,"scX":0.081,"x":-481.68}},{"tweenEasing":0,"duration":2,"transform":{"scY":0.081,"scX":0.081,"x":-475.25}},{"tweenEasing":0,"duration":2,"transform":{"scY":0.081,"scX":0.081,"x":-481.68}},{"tweenEasing":0,"duration":2,"transform":{"scY":0.081,"scX":0.081,"x":-475.25}},{"tweenEasing":0,"duration":2,"transform":{"scY":0.081,"scX":0.081,"x":-481.68}},{"tweenEasing":0,"duration":2,"transform":{"scY":0.081,"scX":0.081,"x":-475.25}},{"tweenEasing":0,"duration":2,"transform":{"scY":0.081,"scX":0.081,"x":-481.68}},{"tweenEasing":0,"duration":2,"transform":{"scY":0.081,"scX":0.081,"x":-475.25}},{"tweenEasing":0,"duration":2,"transform":{"scY":0.081,"scX":0.081,"x":-481.68}},{"tweenEasing":0,"duration":2,"transform":{"scY":0.081,"scX":0.081,"x":-475.25}},{"duration":0,"transform":{"scY":5.395,"scX":5.395,"x":-474.3}}],"name":"guangquan02"},{"frame":[{"duration":20,"transform":{"scY":1.602,"y":-0.255,"scX":1.602,"x":-473.465}},{"duration":10,"transform":{"scY":1.602,"y":-0.255,"scX":1.602,"x":-473.465}},{"duration":0,"transform":{"scY":1.602,"y":-0.255,"scX":1.602,"x":-473.465}}],"name":"leihuan_eff/00001 (3)"},{"frame":[{"curve":[0,0.51,0.75,1],"duration":15,"transform":{"scY":0.802,"y":356.635,"scX":0.802,"x":-64.48}},{"duration":15,"transform":{"scY":1.976,"y":356.635,"scX":1.976,"x":-64.48}}],"name":"leidian2_eff/lightning01a"},{"frame":[{"curve":[0,0.55,0.75,1],"duration":15,"transform":{"scY":0.97,"y":0.38,"scX":0.97,"x":0.71}},{"duration":15,"transform":{"scY":1.697,"y":0.38,"scX":1.697,"x":0.71}}],"name":"leidian2_eff/lightning02a"},{"frame":[{"duration":30,"transform":{"scY":6.002,"scX":6.002}}],"name":"fangsheleidian_eff/lei_fangshe001"}],"name":"animation2","ik":[]}],"type":"Armature","frameRate":30,"ik":[],"bone":[{"name":"root","transform":{}},{"length":101,"transform":{"y":0.355,"skX":42.35,"skY":42.35,"x":-0.85},"parent":"root","name":"fangsheleidian_eff/lei_fangshe001"},{"transform":{"x":474.3},"name":"fazhen","parent":"root"},{"length":57,"transform":{"scY":1.224,"skX":-39.36,"skY":-39.36,"scX":1.224,"x":474.3},"parent":"root","name":"guangquan02"},{"length":76,"transform":{"scY":3.541,"y":-356.635,"skX":-89.43,"skY":-89.43,"scX":3.541,"x":64.48},"parent":"root","name":"leidian2_eff/lightning01a"},{"length":71.5,"transform":{"scY":4.122,"y":-0.38,"skX":144.56,"skY":144.56,"scX":4.122,"x":-0.71},"parent":"root","name":"leidian2_eff/lightning02a"},{"length":41.5,"transform":{"scY":3.186,"y":0.255,"skX":27.98,"skY":27.98,"scX":3.186,"x":473.465},"parent":"root","name":"leihuan_eff/00001 (3)"},{"transform":{"scY":1.015,"scX":1.015,"x":474.3},"name":"yueguang","parent":"root"}],"aabb":{"width":692.9648731559623,"y":-465.92987655766206,"height":605.1498765576621,"x":-76.21487315596234},"skin":[{"slot":[{"display":[{"path":"leihuan_eff/00005","type":"image","name":"leihuan_eff/00005","transform":{"y":-0.615,"skX":-28.19,"skY":-28.19,"x":0.615}},{"path":"leihuan_eff/00006","type":"image","name":"leihuan_eff/00006","transform":{"y":-0.615,"skX":-28.19,"skY":-28.19,"x":0.615}},{"path":"leihuan_eff/00007","type":"image","name":"leihuan_eff/00007","transform":{"y":-0.615,"skX":-28.19,"skY":-28.19,"x":0.615}},{"path":"leihuan_eff/00001 (3)","type":"image","name":"leihuan_eff/00001 (3)","transform":{"y":-0.615,"skX":-28.19,"skY":-28.19,"x":0.615}},{"path":"leihuan_eff/00002 (4)","type":"image","name":"leihuan_eff/00002 (4)","transform":{"y":-0.615,"skX":-28.19,"skY":-28.19,"x":0.615}},{"path":"leihuan_eff/00003 (3)","type":"image","name":"leihuan_eff/00003 (3)","transform":{"y":-0.615,"skX":-28.19,"skY":-28.19,"x":0.615}},{"path":"leihuan_eff/00004 (2)","type":"image","name":"leihuan_eff/00004 (2)","transform":{"y":-0.615,"skX":-28.19,"skY":-28.19,"x":0.615}}],"blendMode":"add","name":"leihuan_eff/00001 (3)"},{"display":[{"path":"leidian2_eff/lightning01a","type":"image","name":"leidian2_eff/lightning01a","transform":{"y":2.85,"skX":89.43,"skY":89.43,"x":8.09}},{"path":"leidian2_eff/lightning01b","type":"image","name":"leidian2_eff/lightning01b","transform":{"y":2.85,"skX":89.43,"skY":89.43,"x":8.09}},{"path":"leidian2_eff/lightning01c","type":"image","name":"leidian2_eff/lightning01c","transform":{"y":2.85,"skX":89.43,"skY":89.43,"x":8.09}}],"name":"leidian2_eff/lightning01a"},{"display":[{"path":"ring2","type":"image","name":"ring2","transform":{"skX":39.55,"skY":39.55}}],"name":"guangquan02"},{"display":[{"path":"wind02","type":"image","name":"wind02","transform":{"scY":0.938,"scX":0.938}}],"blendMode":"add","name":"wind02"},{"display":[{"path":"wind01","type":"image","name":"wind01","transform":{}}],"blendMode":"add","name":"wind01"},{"display":[{"path":"00001","type":"image","name":"00001","transform":{"y":1.72,"x":4.95}}],"blendMode":"add","name":"00001"},{"display":[{"path":"leidian2_eff/lightning02a","type":"image","name":"leidian2_eff/lightning02a","transform":{"y":-0.72,"skX":-91.37,"skY":-91.37,"x":0.365}},{"path":"leidian2_eff/lightning02b","type":"image","name":"leidian2_eff/lightning02b","transform":{"y":-0.72,"skX":-91.37,"skY":-91.37,"x":0.365}},{"path":"leidian2_eff/lightning02c","type":"image","name":"leidian2_eff/lightning02c","transform":{"y":-0.72,"skX":-91.37,"skY":-91.37,"x":0.365}}],"blendMode":"add","name":"leidian2_eff/lightning02a"},{"display":[{"path":"fangsheleidian_eff/lei_fangshe001","type":"image","name":"fangsheleidian_eff/lei_fangshe001","transform":{"y":-0.835,"skX":-42.36,"skY":-42.36,"x":0.385}},{"path":"fangsheleidian_eff/lei_fangshe002.png","type":"image","name":"fangsheleidian_eff/lei_fangshe002.png","transform":{"y":-0.835,"skX":-42.36,"skY":-42.36,"x":0.385}},{"path":"fangsheleidian_eff/lei_fangshe003.png","type":"image","name":"fangsheleidian_eff/lei_fangshe003.png","transform":{"y":-0.835,"skX":-42.36,"skY":-42.36,"x":0.385}},{"path":"fangsheleidian_eff/lei_fangshe004.png","type":"image","name":"fangsheleidian_eff/lei_fangshe004.png","transform":{"y":-0.835,"skX":-42.36,"skY":-42.36,"x":0.385}},{"path":"fangsheleidian_eff/lei_fangshe005.png","type":"image","name":"fangsheleidian_eff/lei_fangshe005.png","transform":{"y":-0.835,"skX":-42.36,"skY":-42.36,"x":0.385}},{"path":"fangsheleidian_eff/lei_fangshe006.png","type":"image","name":"fangsheleidian_eff/lei_fangshe006.png","transform":{"y":-0.835,"skX":-42.36,"skY":-42.36,"x":0.385}}],"name":"fangsheleidian_eff/lei_fangshe001"}],"name":""}],"slot":[{"name":"leidian2_eff/lightning01a","parent":"leidian2_eff/lightning01a","color":{}},{"blendMode":"add","z":1,"parent":"fazhen","name":"00001","color":{}},{"blendMode":"add","z":2,"parent":"yueguang","name":"wind01","color":{}},{"blendMode":"add","z":3,"parent":"yueguang","name":"wind02","color":{}},{"z":4,"name":"guangquan02","parent":"guangquan02","color":{}},{"blendMode":"add","z":5,"parent":"leihuan_eff/00001 (3)","displayIndex":3,"name":"leihuan_eff/00001 (3)","color":{}},{"z":6,"name":"fangsheleidian_eff/lei_fangshe001","parent":"fangsheleidian_eff/lei_fangshe001","color":{}},{"blendMode":"add","z":7,"parent":"leidian2_eff/lightning02a","name":"leidian2_eff/lightning02a","color":{}}],"name":"armatureName"}],"name":"wj_000_palisitong2_eff","version":"4.0"}