{"frameRate":60,"name":"ui_tongyong_daojuguang","version":"5.5","compatibleVersion":"5.5","armature":[{"type":"Armature","frameRate":60,"name":"armatureName","aabb":{"x":-92.5,"y":-92.5,"width":185,"height":185},"bone":[{"name":"root"},{"inheritScale":false,"name":"000_fuji","parent":"root"},{"inheritScale":false,"name":"006_saoguang","parent":"root"},{"inheritScale":false,"name":"005_guangban","parent":"root"},{"inheritScale":false,"name":"001_beiguang","parent":"000_fuji"},{"inheritScale":false,"name":"002_qianguang1","parent":"000_fuji"},{"inheritScale":false,"name":"004_qianguang3","parent":"000_fuji"},{"inheritScale":false,"name":"003_qianguang2","parent":"000_fuji"}],"slot":[{"displayIndex":-1,"name":"000_fuji","parent":"000_fuji"},{"name":"001_beiguang","parent":"001_beiguang"},{"name":"002_qianguang1","parent":"002_qianguang1"},{"name":"003_qianguang2","parent":"003_qianguang2"},{"name":"004_qianguang3","parent":"004_qianguang3"},{"name":"005_guangban","parent":"005_guangban"},{"name":"006_saoguang","parent":"006_saoguang"}],"skin":[{"slot":[{"name":"004_qianguang3","display":[{"name":"ui_tongyong_daojuguang_ima/ui_daoju_qianguang"}]},{"name":"005_guangban","display":[{"name":"shanguang_eff/0_00002"}]},{"name":"006_saoguang","display":[{"name":"0_00003","transform":{"x":-5.93,"y":-1.7}}]},{"name":"001_beiguang","display":[{"name":"ui_tongyong_daojuguang_ima/ui_daoju_beiguang"},{"name":"ui_tongyong_daojuguang_ima/daojuguang_bai"},{"name":"ui_tongyong_daojuguang_ima/daojuguang_lv"},{"name":"ui_tongyong_daojuguang_ima/daojuguang_lan"},{"name":"ui_tongyong_daojuguang_ima/daojuguang_zi"},{"name":"ui_tongyong_daojuguang_ima/daojuguang_cheng"},{"name":"ui_tongyong_daojuguang_ima/daojuguang_hong"},{"name":"ui_tongyong_daojuguang_ima/daojuguang_huang"}]},{"name":"002_qianguang1","display":[{"name":"ui_tongyong_daojuguang_ima/ui_daoju_qianguang"}]},{"name":"003_qianguang2","display":[{"name":"ui_tongyong_daojuguang_ima/ui_daoju_qianguang"}]}]}],"animation":[{"duration":120,"playTimes":0,"name":"000_daojuguang_01","bone":[{"name":"001_beiguang","rotateFrame":[{"duration":120,"tweenEasing":0},{"duration":0,"rotate":180}]}],"slot":[{"name":"002_qianguang1","displayFrame":[{"duration":120,"value":-1}]},{"name":"003_qianguang2","displayFrame":[{"duration":120,"value":-1}]},{"name":"004_qianguang3","displayFrame":[{"duration":120,"value":-1}]},{"name":"005_guangban","displayFrame":[{"duration":120,"value":-1}]},{"name":"006_saoguang","displayFrame":[{"duration":120,"value":-1}]}]},{"duration":120,"playTimes":0,"name":"001_daojuguang_02","bone":[{"name":"006_saoguang","translateFrame":[{"duration":30,"tweenEasing":0,"x":18,"y":20},{"duration":30,"tweenEasing":0,"x":3.5,"y":-6.5},{"duration":60,"x":-11,"y":-33}]},{"name":"005_guangban","scaleFrame":[{"duration":120,"x":0.7,"y":0.7}]},{"name":"004_qianguang3","translateFrame":[{"duration":120,"x":-18,"y":-48}],"rotateFrame":[{"duration":120,"rotate":24}],"scaleFrame":[{"duration":120,"x":0.6,"y":0.5}]},{"name":"003_qianguang2","translateFrame":[{"duration":120,"x":27,"y":5}],"rotateFrame":[{"duration":20,"tweenEasing":0},{"duration":45,"tweenEasing":0},{"duration":44,"tweenEasing":0,"rotate":-10},{"tweenEasing":0,"rotate":-27},{"duration":10}]},{"name":"002_qianguang1","translateFrame":[{"duration":120,"x":-39,"y":28}],"rotateFrame":[{"duration":30,"tweenEasing":0,"rotate":-53},{"duration":30,"tweenEasing":0,"rotate":-38},{"tweenEasing":0,"rotate":-29},{"duration":59,"rotate":-53}],"scaleFrame":[{"duration":120,"x":0.7,"y":0.7}]}],"slot":[{"name":"006_saoguang","colorFrame":[{"duration":30,"tweenEasing":0,"value":{"aM":0,"rM":95,"bM":0}},{"duration":30,"tweenEasing":0,"value":{"aM":56,"rM":95,"bM":0}},{"duration":60,"value":{"aM":0,"rM":95,"bM":0}}]},{"name":"005_guangban","colorFrame":[{"duration":15,"tweenEasing":0,"value":{"aM":0,"rM":95,"bM":0}},{"duration":15,"tweenEasing":0,"value":{"rM":95,"bM":0}},{"duration":15,"tweenEasing":0,"value":{"aM":0,"rM":95,"bM":0}},{"duration":15,"tweenEasing":0,"value":{"rM":95,"bM":0}},{"duration":15,"tweenEasing":0,"value":{"aM":0,"rM":95,"bM":0}},{"duration":15,"tweenEasing":0,"value":{"rM":95,"bM":0}},{"duration":15,"tweenEasing":0,"value":{"aM":0,"rM":95,"bM":0}},{"duration":15,"tweenEasing":0,"value":{"rM":95,"bM":0}},{"duration":0,"value":{"aM":0,"rM":95,"bM":0}}]},{"name":"004_qianguang3","displayFrame":[{"duration":60,"value":-1},{"duration":60}],"colorFrame":[{"duration":60,"tweenEasing":0,"value":{"aM":0}},{"duration":30,"tweenEasing":0,"value":{"aM":0}},{"duration":30,"tweenEasing":0},{"duration":0,"value":{"aM":0}}]},{"name":"003_qianguang2","displayFrame":[{"duration":20,"value":-1},{"duration":90},{"duration":10,"value":-1}],"colorFrame":[{"duration":20,"tweenEasing":0,"value":{"aM":0}},{"duration":45,"tweenEasing":0,"value":{"aM":0}},{"duration":44,"tweenEasing":0},{"duration":11,"value":{"aM":0}}]},{"name":"002_qianguang1","displayFrame":[{"duration":61},{"duration":59,"value":-1}],"colorFrame":[{"duration":30,"tweenEasing":0,"value":{"aM":0}},{"duration":30,"tweenEasing":0},{"duration":60,"value":{"aM":0}}]},{"name":"001_beiguang","displayFrame":[{"duration":120,"value":-1}]}]},{"duration":120,"playTimes":0,"name":"002_daojuguang_03","bone":[{"name":"001_beiguang","rotateFrame":[{"duration":120,"tweenEasing":0},{"duration":0,"rotate":180}],"scaleFrame":[{"duration":120,"x":0.5,"y":0.5}]}],"slot":[{"name":"002_qianguang1","displayFrame":[{"duration":120,"value":-1}]},{"name":"003_qianguang2","displayFrame":[{"duration":120,"value":-1}]},{"name":"004_qianguang3","displayFrame":[{"duration":120,"value":-1}]},{"name":"005_guangban","displayFrame":[{"duration":120,"value":-1}]},{"name":"006_saoguang","displayFrame":[{"duration":120,"value":-1}]}]},{"duration":120,"playTimes":0,"name":"003_tubiaoguang_bai","bone":[{"name":"001_beiguang","rotateFrame":[{"duration":120,"tweenEasing":0},{"duration":0,"rotate":180}]}],"slot":[{"name":"001_beiguang","displayFrame":[{"duration":120,"value":1}]},{"name":"002_qianguang1","displayFrame":[{"duration":120,"value":-1}]},{"name":"003_qianguang2","displayFrame":[{"duration":120,"value":-1}]},{"name":"004_qianguang3","displayFrame":[{"duration":120,"value":-1}]},{"name":"005_guangban","displayFrame":[{"duration":120,"value":-1}]},{"name":"006_saoguang","displayFrame":[{"duration":120,"value":-1}]}]},{"duration":120,"playTimes":0,"name":"004_tubiaoguang_lv","bone":[{"name":"001_beiguang","rotateFrame":[{"duration":120,"tweenEasing":0},{"duration":0,"rotate":180}]}],"slot":[{"name":"001_beiguang","displayFrame":[{"duration":120,"value":2}]},{"name":"002_qianguang1","displayFrame":[{"duration":120,"value":-1}]},{"name":"003_qianguang2","displayFrame":[{"duration":120,"value":-1}]},{"name":"004_qianguang3","displayFrame":[{"duration":120,"value":-1}]},{"name":"005_guangban","displayFrame":[{"duration":120,"value":-1}]},{"name":"006_saoguang","displayFrame":[{"duration":120,"value":-1}]}]},{"duration":120,"playTimes":0,"name":"005_tubiaoguang_lan","bone":[{"name":"001_beiguang","rotateFrame":[{"duration":120,"tweenEasing":0},{"duration":0,"rotate":180}]}],"slot":[{"name":"001_beiguang","displayFrame":[{"duration":120,"value":3}]},{"name":"002_qianguang1","displayFrame":[{"duration":120,"value":-1}]},{"name":"003_qianguang2","displayFrame":[{"duration":120,"value":-1}]},{"name":"004_qianguang3","displayFrame":[{"duration":120,"value":-1}]},{"name":"005_guangban","displayFrame":[{"duration":120,"value":-1}]},{"name":"006_saoguang","displayFrame":[{"duration":120,"value":-1}]}]},{"duration":120,"playTimes":0,"name":"006_tubiaoguang_zi","bone":[{"name":"001_beiguang","rotateFrame":[{"duration":120,"tweenEasing":0},{"duration":0,"rotate":180}]}],"slot":[{"name":"001_beiguang","displayFrame":[{"duration":120,"value":4}]},{"name":"002_qianguang1","displayFrame":[{"duration":120,"value":-1}]},{"name":"003_qianguang2","displayFrame":[{"duration":120,"value":-1}]},{"name":"004_qianguang3","displayFrame":[{"duration":120,"value":-1}]},{"name":"005_guangban","displayFrame":[{"duration":120,"value":-1}]},{"name":"006_saoguang","displayFrame":[{"duration":120,"value":-1}]}]},{"duration":120,"playTimes":0,"name":"007_tubiaoguang_cheng","bone":[{"name":"001_beiguang","rotateFrame":[{"duration":120,"tweenEasing":0},{"duration":0,"rotate":180}]}],"slot":[{"name":"001_beiguang","displayFrame":[{"duration":120,"value":5}]},{"name":"002_qianguang1","displayFrame":[{"duration":120,"value":-1}]},{"name":"003_qianguang2","displayFrame":[{"duration":120,"value":-1}]},{"name":"004_qianguang3","displayFrame":[{"duration":120,"value":-1}]},{"name":"005_guangban","displayFrame":[{"duration":120,"value":-1}]},{"name":"006_saoguang","displayFrame":[{"duration":120,"value":-1}]}]},{"duration":120,"playTimes":0,"name":"008_tubiaoguang_hong","bone":[{"name":"001_beiguang","rotateFrame":[{"duration":120,"tweenEasing":0},{"duration":0,"rotate":180}]}],"slot":[{"name":"001_beiguang","displayFrame":[{"duration":120,"value":6}]},{"name":"002_qianguang1","displayFrame":[{"duration":120,"value":-1}]},{"name":"003_qianguang2","displayFrame":[{"duration":120,"value":-1}]},{"name":"004_qianguang3","displayFrame":[{"duration":120,"value":-1}]},{"name":"005_guangban","displayFrame":[{"duration":120,"value":-1}]},{"name":"006_saoguang","displayFrame":[{"duration":120,"value":-1}]}]},{"duration":120,"playTimes":0,"name":"009_tubiaoguang_jin","bone":[{"name":"001_beiguang","rotateFrame":[{"duration":120,"tweenEasing":0},{"duration":0,"rotate":180}]}],"slot":[{"name":"001_beiguang","displayFrame":[{"duration":120,"value":7}]},{"name":"002_qianguang1","displayFrame":[{"duration":120,"value":-1}]},{"name":"003_qianguang2","displayFrame":[{"duration":120,"value":-1}]},{"name":"004_qianguang3","displayFrame":[{"duration":120,"value":-1}]},{"name":"005_guangban","displayFrame":[{"duration":120,"value":-1}]},{"name":"006_saoguang","displayFrame":[{"duration":120,"value":-1}]}]},{"duration":120,"playTimes":0,"name":"010_baoxiang_beiguang","bone":[{"name":"001_beiguang","rotateFrame":[{"duration":120,"tweenEasing":0},{"duration":0,"rotate":180}],"scaleFrame":[{"duration":120,"x":0.7,"y":0.7}]}],"slot":[{"name":"002_qianguang1","displayFrame":[{"duration":120,"value":-1}]},{"name":"003_qianguang2","displayFrame":[{"duration":120,"value":-1}]},{"name":"004_qianguang3","displayFrame":[{"duration":120,"value":-1}]},{"name":"005_guangban","displayFrame":[{"duration":120,"value":-1}]},{"name":"006_saoguang","displayFrame":[{"duration":120,"value":-1}]}]}],"defaultActions":[{"gotoAndPlay":"000_daojuguang_01"}]}]}