{"frameRate":30,"isGlobal":0,"armature":[{"skin":[{"name":"","slot":[{"display":[{"path":"ys_shitou_eff_06","type":"image","name":"ys_shitou_eff_06","transform":{"y":-0.42,"x":0.55}}],"name":"ys_shitou_eff_06"},{"display":[{"path":"ys_shitou_eff_01","type":"image","name":"ys_shitou_eff_01","transform":{"scX":0.789,"scY":0.789}}],"name":"shitou1"},{"display":[{"path":"ys_shitou_eff_05","type":"image","name":"ys_shitou_eff_05","transform":{"y":-1.29,"x":-1.17}}],"name":"ys_shitou_eff_05"},{"display":[{"path":"ys_shitou_eff_04","type":"image","name":"ys_shitou_eff_04","transform":{"scX":0.84,"y":0.43,"scY":0.84,"x":1.41}}],"name":"ys_shitou_eff_04"},{"display":[{"path":"ys_shitou_eff_05","type":"image","name":"ys_shitou_eff_05","transform":{"scX":-1,"y":0.43,"scY":-1,"x":-0.31}}],"name":"ys_shitou_eff_5"}]}],"slot":[{"name":"shitou1","parent":"shitou1","color":{}},{"z":1,"name":"ys_shitou_eff_04","parent":"shitou3","color":{}},{"z":2,"name":"ys_shitou_eff_05","parent":"shitou4","color":{}},{"z":3,"name":"ys_shitou_eff_06","parent":"shitou5","color":{}},{"z":4,"name":"ys_shitou_eff_5","parent":"shitou2","color":{}}],"type":"Armature","ik":[],"defaultActions":[{"gotoAndPlay":"animation"}],"animation":[{"ffd":[],"frame":[],"duration":50,"ik":[],"bone":[{"frame":[{"tweenEasing":0,"duration":5,"transform":{}},{"tweenEasing":0,"duration":5,"transform":{"skX":-90,"skY":-90,"y":70.14,"x":108.24}},{"tweenEasing":0,"duration":5,"transform":{"skX":-180,"skY":-180,"y":65.39,"x":261.1}},{"tweenEasing":0,"duration":5,"transform":{"skX":-270,"skY":-270,"y":-3.51,"x":394.16}},{"tweenEasing":0,"duration":5,"transform":{"skX":-270,"skY":-270,"y":-33.6,"x":189.03}},{"tweenEasing":0,"duration":5,"transform":{}},{"duration":5,"curve":[0,0.165,0.875,1],"transform":{"skX":-90,"skY":-90,"y":70.14,"x":108.24}},{"tweenEasing":0,"duration":5,"transform":{"skX":-180,"skY":-180,"y":262.09,"x":172.41}},{"tweenEasing":0,"duration":10,"transform":{"skX":-270,"skY":-270,"y":262.09,"x":172.41}},{"duration":0,"transform":{"y":192.73,"x":172.41}}],"name":"shitou3"},{"frame":[{"duration":25,"curve":[0,0.2,0.875,1],"transform":{"scX":0.592,"scY":0.592}},{"duration":25,"curve":[0.25,0,1,0.7],"transform":{"y":-254.69}},{"duration":0,"transform":{"y":-152.36}}],"name":"root"},{"frame":[{"tweenEasing":0,"duration":5,"transform":{}},{"tweenEasing":0,"duration":5,"transform":{"skX":-90,"skY":-90,"y":-29.44,"x":-205.24}},{"tweenEasing":0,"duration":5,"transform":{"skX":-180,"skY":-180,"y":-4.09,"x":-395.32}},{"tweenEasing":0,"duration":5,"transform":{"skX":-270,"skY":-270,"y":64.8,"x":-287.6}},{"tweenEasing":0,"duration":5,"transform":{"skX":-270,"skY":-270,"y":64.01,"x":-133.16}},{"tweenEasing":0,"duration":5,"transform":{}},{"tweenEasing":0,"duration":5,"transform":{"skX":-90,"skY":-90,"y":-29.44,"x":-205.24}},{"tweenEasing":0,"duration":5,"transform":{"skX":-180,"skY":-180,"y":-4.09,"x":-395.32}},{"duration":5,"curve":[0,0.255,0.875,1],"transform":{"skX":-270,"skY":-270,"y":64.8,"x":-287.6}},{"duration":5,"transform":{"skX":-270,"skY":-270,"y":226.6,"x":-218.44}},{"duration":0,"transform":{"skX":-270,"skY":-270,"y":226.6,"x":-218.44}}],"name":"shitou1"},{"frame":[{"tweenEasing":0,"duration":5,"transform":{}},{"tweenEasing":0,"duration":5,"transform":{"skX":-90,"skY":-90,"y":-4.33,"x":161.07}},{"tweenEasing":0,"duration":5,"transform":{"skX":-180,"skY":-180,"y":-76.4,"x":292.54}},{"tweenEasing":0,"duration":5,"transform":{"skX":-270,"skY":-270,"y":-108.87,"x":89}},{"tweenEasing":0,"duration":5,"transform":{"skX":-270,"skY":-270,"y":-84.32,"x":-112.95}},{"duration":5,"curve":[0,0.085,0.9375,1],"transform":{}},{"tweenEasing":0,"duration":5,"transform":{"skX":-90,"skY":-90,"y":206.01,"x":71.25}},{"tweenEasing":0,"duration":5,"transform":{"skX":-180,"skY":-180,"y":206.01,"x":71.25}},{"tweenEasing":0,"duration":10,"transform":{"skX":-270,"skY":-270,"y":206.01,"x":71.25}},{"duration":0,"transform":{"skX":-270,"skY":-270,"y":109.37,"x":71.25}}],"name":"shitou4"},{"frame":[{"tweenEasing":0,"duration":5,"transform":{}},{"tweenEasing":0,"duration":5,"transform":{"skX":-90,"skY":-90,"y":-70.14,"x":133.36}},{"tweenEasing":0,"duration":5,"transform":{"skX":-180,"skY":-180,"y":-101.03,"x":-69.38}},{"tweenEasing":0,"duration":5,"transform":{"skX":-270,"skY":-270,"y":-74.1,"x":-267.38}},{"tweenEasing":0,"duration":5,"transform":{"skX":-270,"skY":-270,"y":-5.99,"x":-158.88}},{"tweenEasing":0,"duration":5,"transform":{}},{"tweenEasing":0,"duration":5,"transform":{"skX":-90,"skY":-90,"y":-70.14,"x":133.36}},{"tweenEasing":0,"duration":5,"transform":{"skX":-180,"skY":-180,"y":-101.03,"x":-69.38}},{"tweenEasing":0,"duration":5,"transform":{"skX":-270,"skY":-270,"y":-74.1,"x":-267.38}},{"duration":5,"curve":[0,0.53,0.75,1],"transform":{"skX":-270,"skY":-270,"y":-5.99,"x":-158.88}},{"duration":0,"transform":{"y":127.34,"x":-75.04}}],"name":"shitou5"},{"frame":[{"tweenEasing":0,"duration":5,"transform":{}},{"tweenEasing":0,"duration":5,"transform":{"skX":-90,"skY":-90,"y":28.57,"x":-188.78}},{"tweenEasing":0,"duration":5,"transform":{"skX":-180,"skY":-180,"y":101.44,"x":-83.45}},{"tweenEasing":0,"duration":5,"transform":{"skX":-270,"skY":-270,"y":96.68,"x":70.98}},{"tweenEasing":0,"duration":5,"transform":{"skX":-270,"skY":-270,"y":25.41,"x":208}},{"tweenEasing":0,"duration":5,"transform":{}},{"tweenEasing":0,"duration":5,"transform":{"skX":-90,"skY":-90,"y":28.57,"x":-188.78}},{"duration":5,"curve":[0,0.215,0.875,1],"transform":{"skX":-180,"skY":-180,"y":101.44,"x":-83.45}},{"tweenEasing":0,"duration":10,"transform":{"skX":-270,"skY":-270,"y":275.2,"x":-14.28}},{"duration":0,"transform":{"skX":-270,"skY":-270,"y":225.17,"x":-14.28}}],"name":"shitou2"}],"slot":[{"frame":[{"tweenEasing":0,"duration":45},{"tweenEasing":0,"duration":1},{"tweenEasing":null,"displayIndex":-1,"duration":4}],"name":"shitou1"},{"frame":[{"tweenEasing":0,"duration":35},{"tweenEasing":0,"duration":1},{"tweenEasing":null,"displayIndex":-1,"duration":14}],"name":"ys_shitou_eff_04"},{"frame":[{"tweenEasing":0,"duration":30},{"tweenEasing":0,"duration":1},{"tweenEasing":null,"displayIndex":-1,"duration":19}],"name":"ys_shitou_eff_05"},{"frame":[{"tweenEasing":0,"duration":40},{"tweenEasing":0,"duration":1},{"tweenEasing":null,"displayIndex":-1,"duration":9}],"name":"ys_shitou_eff_5"}],"name":"animation"},{"ffd":[],"frame":[],"duration":25,"ik":[],"bone":[{"frame":[{"tweenEasing":0,"duration":5,"transform":{}},{"tweenEasing":0,"duration":5,"transform":{"skX":-90,"skY":-90,"y":70.14,"x":108.24}},{"tweenEasing":0,"duration":5,"transform":{"skX":-180,"skY":-180,"y":65.39,"x":261.1}},{"tweenEasing":0,"duration":5,"transform":{"skX":-270,"skY":-270,"y":-3.51,"x":394.16}},{"tweenEasing":0,"duration":5,"transform":{"skX":-270,"skY":-270,"y":-33.6,"x":189.03}},{"duration":0,"transform":{}}],"name":"shitou3"},{"frame":[{"duration":25,"curve":[0,0.4,0.75,1],"transform":{}},{"duration":0,"transform":{"y":-99.44}}],"name":"root"},{"frame":[{"tweenEasing":0,"duration":5,"transform":{}},{"tweenEasing":0,"duration":5,"transform":{"skX":-90,"skY":-90,"y":-29.44,"x":-205.24}},{"tweenEasing":0,"duration":5,"transform":{"skX":-180,"skY":-180,"y":-4.09,"x":-395.32}},{"tweenEasing":0,"duration":5,"transform":{"skX":-270,"skY":-270,"y":64.8,"x":-287.6}},{"tweenEasing":0,"duration":5,"transform":{"skX":-270,"skY":-270,"y":64.01,"x":-133.16}},{"duration":0,"transform":{}}],"name":"shitou1"},{"frame":[{"tweenEasing":0,"duration":5,"transform":{}},{"tweenEasing":0,"duration":5,"transform":{"skX":-90,"skY":-90,"y":-4.33,"x":161.07}},{"tweenEasing":0,"duration":5,"transform":{"skX":-180,"skY":-180,"y":-76.4,"x":292.54}},{"tweenEasing":0,"duration":5,"transform":{"skX":-270,"skY":-270,"y":-108.87,"x":89}},{"tweenEasing":0,"duration":5,"transform":{"skX":-270,"skY":-270,"y":-84.32,"x":-112.95}},{"duration":0,"transform":{}}],"name":"shitou4"},{"frame":[{"tweenEasing":0,"duration":5,"transform":{}},{"tweenEasing":0,"duration":5,"transform":{"skX":-90,"skY":-90,"y":-70.14,"x":133.36}},{"tweenEasing":0,"duration":5,"transform":{"skX":-180,"skY":-180,"y":-101.03,"x":-69.38}},{"tweenEasing":0,"duration":5,"transform":{"skX":-270,"skY":-270,"y":-74.1,"x":-267.38}},{"tweenEasing":0,"duration":5,"transform":{"skX":-270,"skY":-270,"y":-5.99,"x":-158.88}},{"duration":0,"transform":{}}],"name":"shitou5"},{"frame":[{"tweenEasing":0,"duration":5,"transform":{}},{"tweenEasing":0,"duration":5,"transform":{"skX":-90,"skY":-90,"y":28.57,"x":-188.78}},{"tweenEasing":0,"duration":5,"transform":{"skX":-180,"skY":-180,"y":101.44,"x":-83.45}},{"tweenEasing":0,"duration":5,"transform":{"skX":-270,"skY":-270,"y":96.68,"x":70.98}},{"tweenEasing":0,"duration":5,"transform":{"skX":-270,"skY":-270,"y":25.41,"x":208}},{"duration":0,"transform":{}}],"name":"shitou2"}],"slot":[{"frame":[{"tweenEasing":0,"duration":5,"color":{"aM":0}},{"tweenEasing":null,"duration":10},{"tweenEasing":0,"duration":10},{"tweenEasing":null,"duration":0,"color":{"aM":0}}],"name":"shitou1"},{"frame":[{"tweenEasing":0,"duration":5,"color":{"aM":0}},{"tweenEasing":null,"duration":10},{"tweenEasing":0,"duration":10},{"tweenEasing":null,"duration":0,"color":{"aM":0}}],"name":"ys_shitou_eff_04"},{"frame":[{"tweenEasing":0,"duration":5,"color":{"aM":0}},{"tweenEasing":null,"duration":10},{"tweenEasing":0,"duration":10},{"tweenEasing":null,"duration":0,"color":{"aM":0}}],"name":"ys_shitou_eff_05"},{"frame":[{"tweenEasing":0,"duration":5,"color":{"aM":0}},{"tweenEasing":null,"duration":10},{"tweenEasing":0,"duration":10},{"tweenEasing":null,"duration":0,"color":{"aM":0}}],"name":"ys_shitou_eff_5"},{"frame":[{"tweenEasing":0,"duration":5,"color":{"aM":0}},{"tweenEasing":null,"duration":10},{"tweenEasing":0,"duration":10},{"tweenEasing":null,"duration":0,"color":{"aM":0}}],"name":"ys_shitou_eff_06"}],"name":"animation2"},{"ffd":[],"frame":[],"duration":35,"ik":[],"bone":[{"frame":[{"duration":10,"transform":{}},{"tweenEasing":0,"duration":5,"transform":{}},{"duration":5,"curve":[0,0.165,0.875,1],"transform":{"skX":-90,"skY":-90,"y":70.14,"x":108.24}},{"duration":15,"transform":{"skX":-180,"skY":-180,"y":471.21,"x":169.82}}],"name":"shitou3"},{"frame":[{"duration":10,"curve":[0,0.2,0.875,1],"transform":{"scX":0.384,"scY":0.384}},{"tweenEasing":0,"duration":25,"transform":{"scX":0.662,"y":-254.69,"scY":0.662}},{"duration":0,"transform":{"scX":0.592,"y":-254.69,"scY":0.592}}],"name":"root"},{"frame":[{"duration":10,"transform":{}},{"tweenEasing":0,"duration":5,"transform":{}},{"tweenEasing":0,"duration":5,"transform":{"skX":-90,"skY":-90,"y":-29.44,"x":-205.24}},{"tweenEasing":0,"duration":5,"transform":{"skX":-180,"skY":-180,"y":-4.09,"x":-395.32}},{"duration":5,"curve":[0,0.255,0.875,1],"transform":{"skX":-270,"skY":-270,"y":64.8,"x":-287.6}},{"duration":5,"transform":{"skX":-270,"skY":-270,"y":468.19,"x":-223.64}}],"name":"shitou1"},{"frame":[{"duration":10,"transform":{}},{"duration":5,"curve":[0,0.085,0.9375,1],"transform":{}},{"duration":20,"transform":{"skX":-90,"skY":-90,"y":378.76,"x":68.65}}],"name":"shitou4"},{"frame":[{"duration":10,"transform":{}},{"tweenEasing":0,"duration":5,"transform":{}},{"tweenEasing":0,"duration":5,"transform":{"skX":-90,"skY":-90,"y":-70.14,"x":133.36}},{"tweenEasing":0,"duration":5,"transform":{"skX":-180,"skY":-180,"y":-101.03,"x":-69.38}},{"tweenEasing":0,"duration":5,"transform":{"skX":-270,"skY":-270,"y":-74.1,"x":-267.38}},{"duration":5,"curve":[0,0.53,0.75,1],"transform":{"skX":-270,"skY":-270,"y":-5.99,"x":-158.88}},{"duration":0,"transform":{"y":397.5,"x":-75.04}}],"name":"shitou5"},{"frame":[{"duration":10,"transform":{}},{"tweenEasing":0,"duration":5,"transform":{}},{"tweenEasing":0,"duration":5,"transform":{"skX":-90,"skY":-90,"y":28.57,"x":-188.78}},{"duration":5,"curve":[0,0.215,0.875,1],"transform":{"skX":-180,"skY":-180,"y":101.44,"x":-83.45}},{"duration":10,"transform":{"skX":-270,"skY":-270,"y":488.21,"x":-15.58}}],"name":"shitou2"}],"slot":[{"frame":[{"tweenEasing":0,"duration":30},{"tweenEasing":0,"duration":1},{"tweenEasing":null,"displayIndex":-1,"duration":4}],"name":"shitou1"},{"frame":[{"tweenEasing":0,"duration":20},{"tweenEasing":0,"duration":1},{"tweenEasing":null,"displayIndex":-1,"duration":14}],"name":"ys_shitou_eff_04"},{"frame":[{"tweenEasing":0,"duration":15},{"tweenEasing":0,"duration":1},{"tweenEasing":null,"displayIndex":-1,"duration":19}],"name":"ys_shitou_eff_05"},{"frame":[{"tweenEasing":0,"duration":25},{"tweenEasing":0,"duration":1},{"tweenEasing":null,"displayIndex":-1,"duration":9}],"name":"ys_shitou_eff_5"}],"name":"animation3"}],"bone":[{"name":"root","transform":{}},{"transform":{"y":-45.46,"x":216.81},"name":"shitou1","parent":"root"},{"transform":{"y":-75.77,"x":13.3},"name":"shitou2","parent":"root"},{"transform":{"y":-47.2,"x":-169.42},"name":"shitou3","parent":"root"},{"transform":{"y":28.13,"x":-70.69},"name":"shitou4","parent":"root"},{"transform":{"y":21.21,"x":79.98},"name":"shitou5","parent":"root"}],"aabb":{"width":518.8199999999999,"y":-142.33999999999997,"height":236.17999999999998,"x":-235.01},"name":"armatureName","frameRate":30}],"name":"ys_shitou_eff","version":"4.0"}