{"frameRate":30,"isGlobal":0,"armature":[{"bone":[{"name":"root","transform":{}},{"inheritRotation":false,"transform":{},"name":"buff_flo","parent":"root"},{"inheritRotation":false,"transform":{"y":-142.15},"name":"buff_mid","parent":"root"},{"inheritRotation":false,"transform":{"y":-220.08},"name":"buff_up","parent":"root"},{"transform":{},"name":"wj_031_xiaojie_pz","parent":"root"},{"transform":{},"name":"yingzi","parent":"root"}],"aabb":{"width":201,"y":-309.3,"height":332.30000000000007,"x":-97.36},"type":"Armature","frameRate":30,"skin":[{"slot":[{"display":[{"path":"buff","type":"image","name":"buff","transform":{}}],"name":"buff_mid"},{"display":[{"path":"buff","type":"image","name":"buff","transform":{}}],"name":"buff_up"},{"display":[{"path":"buff","type":"image","name":"buff","transform":{}}],"name":"buff_flo"},{"display":[{"path":"yingzi","type":"image","name":"yingzi","transform":{"y":-146.8,"x":3.14}}],"name":"yingzi"},{"display":[{"path":"wj_031_xiaojie_pz","type":"image","name":"wj_031_xiaojie_pz","transform":{"scY":22,"y":-110,"scX":10}}],"name":"wj_031_xiaojie_pz"}],"name":""}],"defaultActions":[{"gotoAndPlay":"0000_chuchang"}],"animation":[{"bone":[{"frame":[{"transform":{},"duration":20},{"transform":{},"duration":0}],"name":"root"},{"frame":[{"transform":{},"duration":20}],"name":"buff_flo"},{"frame":[{"transform":{},"duration":20}],"name":"buff_mid"},{"frame":[{"transform":{},"duration":20}],"name":"buff_up"},{"frame":[{"transform":{},"duration":20}],"name":"wj_031_xiaojie_pz"},{"frame":[{"transform":{},"duration":20}],"name":"yingzi"}],"slot":[],"ffd":[],"frame":[],"name":"0000_chuchang","duration":20,"ik":[]},{"bone":[{"frame":[{"transform":{},"duration":30},{"transform":{},"duration":30},{"transform":{},"duration":0}],"name":"root"},{"frame":[{"transform":{},"duration":60}],"name":"buff_flo"},{"frame":[{"transform":{},"duration":60}],"name":"buff_mid"},{"frame":[{"transform":{},"duration":60}],"name":"buff_up"},{"frame":[{"transform":{},"duration":60}],"name":"wj_031_xiaojie_pz"},{"frame":[{"transform":{},"duration":60}],"name":"yingzi"}],"slot":[],"ffd":[],"frame":[],"name":"0001_daiji","duration":60,"ik":[]},{"bone":[{"frame":[{"transform":{},"duration":15},{"transform":{},"duration":15},{"transform":{},"duration":0}],"name":"root"},{"frame":[{"transform":{},"duration":30}],"name":"buff_flo"},{"frame":[{"transform":{},"duration":30}],"name":"buff_mid"},{"frame":[{"transform":{},"duration":30}],"name":"buff_up"},{"frame":[{"transform":{},"duration":30}],"name":"wj_031_xiaojie_pz"},{"frame":[{"transform":{},"duration":30}],"name":"yingzi"}],"slot":[],"ffd":[],"frame":[],"name":"0002_pao","duration":30,"ik":[]},{"bone":[{"frame":[{"transform":{},"duration":15},{"transform":{},"duration":15},{"transform":{},"duration":0}],"name":"root"},{"frame":[{"transform":{},"duration":30}],"name":"buff_flo"},{"frame":[{"transform":{},"duration":30}],"name":"buff_mid"},{"frame":[{"transform":{},"duration":30}],"name":"buff_up"},{"frame":[{"transform":{},"duration":30}],"name":"wj_031_xiaojie_pz"},{"frame":[{"transform":{},"duration":30}],"name":"yingzi"}],"slot":[],"ffd":[],"frame":[],"name":"0003_chongci","duration":30,"ik":[]},{"bone":[{"frame":[{"transform":{},"duration":3},{"transform":{},"duration":0}],"name":"root"},{"frame":[{"transform":{},"duration":3}],"name":"buff_flo"},{"frame":[{"transform":{},"duration":3}],"name":"buff_mid"},{"frame":[{"transform":{},"duration":3}],"name":"buff_up"},{"frame":[{"transform":{},"duration":3}],"name":"wj_031_xiaojie_pz"},{"frame":[{"transform":{},"duration":3}],"name":"yingzi"}],"slot":[],"ffd":[],"frame":[],"name":"0004_tiaoyue","duration":3,"ik":[]},{"bone":[{"frame":[{"transform":{},"duration":3},{"transform":{},"duration":0}],"name":"root"},{"frame":[{"transform":{},"duration":3}],"name":"buff_flo"},{"frame":[{"transform":{},"duration":3}],"name":"buff_mid"},{"frame":[{"transform":{},"duration":3}],"name":"buff_up"},{"frame":[{"transform":{},"duration":3}],"name":"wj_031_xiaojie_pz"},{"frame":[{"transform":{},"duration":3}],"name":"yingzi"}],"slot":[],"ffd":[],"frame":[],"name":"0005_tiaoyueshang","duration":3,"ik":[]},{"bone":[{"frame":[{"transform":{},"duration":3},{"transform":{},"duration":0}],"name":"root"},{"frame":[{"transform":{},"duration":3}],"name":"buff_flo"},{"frame":[{"transform":{},"duration":3}],"name":"buff_mid"},{"frame":[{"transform":{},"duration":3}],"name":"buff_up"},{"frame":[{"transform":{},"duration":3}],"name":"wj_031_xiaojie_pz"},{"frame":[{"transform":{},"duration":3}],"name":"yingzi"}],"slot":[],"ffd":[],"frame":[],"name":"0006_tiaoyuezhong","duration":3,"ik":[]},{"bone":[{"frame":[{"transform":{},"duration":3},{"transform":{},"duration":0}],"name":"root"},{"frame":[{"transform":{},"duration":3}],"name":"buff_flo"},{"frame":[{"transform":{},"duration":3}],"name":"buff_mid"},{"frame":[{"transform":{},"duration":3}],"name":"buff_up"},{"frame":[{"transform":{},"duration":3}],"name":"wj_031_xiaojie_pz"},{"frame":[{"transform":{},"duration":3}],"name":"yingzi"}],"slot":[],"ffd":[],"frame":[],"name":"0007_tiaoyuexia","duration":3,"ik":[]},{"bone":[{"frame":[{"transform":{},"duration":15},{"transform":{},"duration":0}],"name":"root"},{"frame":[{"transform":{},"duration":15}],"name":"buff_flo"},{"frame":[{"transform":{},"duration":15}],"name":"buff_mid"},{"frame":[{"transform":{},"duration":15}],"name":"buff_up"},{"frame":[{"transform":{},"duration":15}],"name":"wj_031_xiaojie_pz"},{"frame":[{"transform":{},"duration":15}],"name":"yingzi"}],"slot":[],"ffd":[],"frame":[],"name":"0008_shouji1","duration":15,"ik":[]},{"bone":[{"frame":[{"transform":{},"duration":15},{"transform":{},"duration":0}],"name":"root"},{"frame":[{"transform":{},"duration":15}],"name":"buff_flo"},{"frame":[{"transform":{},"duration":15}],"name":"buff_mid"},{"frame":[{"transform":{},"duration":15}],"name":"buff_up"},{"frame":[{"transform":{},"duration":15}],"name":"wj_031_xiaojie_pz"},{"frame":[{"transform":{},"duration":15}],"name":"yingzi"}],"slot":[],"ffd":[],"frame":[],"name":"0009_shouji2","duration":15,"ik":[]},{"bone":[{"frame":[{"transform":{},"duration":5},{"transform":{},"duration":5},{"transform":{},"duration":5},{"transform":{},"duration":5},{"transform":{},"duration":5},{"transform":{},"duration":0}],"name":"root"},{"frame":[{"transform":{},"duration":5},{"tweenEasing":0,"transform":{},"duration":5},{"tweenEasing":0,"transform":{"scY":0.816,"y":-31.73,"scX":1.583,"x":-11.69},"duration":5},{"tweenEasing":0,"transform":{"scY":0.492,"y":-46.76,"scX":2.054,"x":-60.12},"duration":5},{"tweenEasing":0,"transform":{"scY":0.492,"y":22.54,"scX":2.054,"x":-60.12},"duration":5},{"transform":{"scY":0.299,"y":38.41,"scX":2.054,"x":-60.12},"duration":0}],"name":"wj_031_xiaojie_pz"},{"frame":[{"transform":{},"duration":25}],"name":"buff_flo"},{"frame":[{"transform":{},"duration":25}],"name":"buff_mid"},{"frame":[{"transform":{},"duration":25}],"name":"buff_up"},{"frame":[{"transform":{},"duration":25}],"name":"yingzi"}],"slot":[],"ffd":[],"frame":[],"name":"0010_fukongdaodi","duration":25,"ik":[]},{"bone":[{"frame":[{"transform":{},"duration":3},{"transform":{},"duration":0}],"name":"root"},{"frame":[{"transform":{},"duration":3},{"transform":{},"duration":0}],"name":"wj_031_xiaojie_pz"},{"frame":[{"transform":{},"duration":3}],"name":"buff_flo"},{"frame":[{"transform":{},"duration":3}],"name":"buff_mid"},{"frame":[{"transform":{},"duration":3}],"name":"buff_up"},{"frame":[{"transform":{},"duration":3}],"name":"yingzi"}],"slot":[],"ffd":[],"frame":[],"name":"0011_feijishangsheng","duration":3,"ik":[]},{"bone":[{"frame":[{"transform":{},"duration":3},{"transform":{},"duration":0}],"name":"root"},{"frame":[{"transform":{"scY":0.816,"y":-3,"scX":1.583},"duration":3},{"transform":{"scY":0.816,"y":-3,"scX":1.583},"duration":0}],"name":"wj_031_xiaojie_pz"},{"frame":[{"transform":{},"duration":3}],"name":"buff_flo"},{"frame":[{"transform":{},"duration":3}],"name":"buff_mid"},{"frame":[{"transform":{},"duration":3}],"name":"buff_up"},{"frame":[{"transform":{},"duration":3}],"name":"yingzi"}],"slot":[],"ffd":[],"frame":[],"name":"0012_jifeixialuo","duration":3,"ik":[]},{"bone":[{"frame":[{"transform":{},"duration":5},{"transform":{},"duration":0}],"name":"root"},{"frame":[{"transform":{"scY":0.492,"scX":2.054},"duration":5},{"transform":{"scY":0.492,"scX":2.054},"duration":0}],"name":"wj_031_xiaojie_pz"},{"frame":[{"transform":{},"duration":5}],"name":"buff_flo"},{"frame":[{"transform":{},"duration":5}],"name":"buff_mid"},{"frame":[{"transform":{},"duration":5}],"name":"buff_up"},{"frame":[{"transform":{},"duration":5}],"name":"yingzi"}],"slot":[],"ffd":[],"frame":[],"name":"0013_daodi","duration":5,"ik":[]},{"bone":[{"frame":[{"transform":{},"duration":5},{"transform":{},"duration":0}],"name":"root"},{"frame":[{"transform":{"scY":0.492,"scX":2.054},"duration":5},{"transform":{"scY":0.492,"scX":2.054},"duration":0}],"name":"wj_031_xiaojie_pz"},{"frame":[{"transform":{},"duration":5}],"name":"buff_flo"},{"frame":[{"transform":{},"duration":5}],"name":"buff_mid"},{"frame":[{"transform":{},"duration":5}],"name":"buff_up"},{"frame":[{"transform":{},"duration":5}],"name":"yingzi"}],"slot":[],"ffd":[],"frame":[],"name":"0014_siwang","duration":5,"ik":[]},{"bone":[{"frame":[{"transform":{},"duration":5},{"transform":{},"duration":0}],"name":"root"},{"frame":[{"transform":{"scY":0.492,"scX":2.054},"duration":5},{"transform":{"scY":0.492,"scX":2.054},"duration":0}],"name":"wj_031_xiaojie_pz"},{"frame":[{"transform":{},"duration":5}],"name":"buff_flo"},{"frame":[{"transform":{},"duration":5}],"name":"buff_mid"},{"frame":[{"transform":{},"duration":5}],"name":"buff_up"},{"frame":[{"transform":{},"duration":5}],"name":"yingzi"}],"slot":[],"ffd":[],"frame":[],"name":"0015_daodiqishen","duration":5,"ik":[]},{"bone":[{"frame":[{"transform":{},"duration":30},{"transform":{},"duration":30},{"transform":{},"duration":0}],"name":"root"},{"frame":[{"transform":{},"duration":60}],"name":"buff_flo"},{"frame":[{"transform":{},"duration":60}],"name":"buff_mid"},{"frame":[{"transform":{},"duration":60}],"name":"buff_up"},{"frame":[{"transform":{},"duration":60}],"name":"wj_031_xiaojie_pz"},{"frame":[{"transform":{},"duration":60}],"name":"yingzi"}],"slot":[],"ffd":[],"frame":[],"name":"0016_xuruo","duration":60,"ik":[]},{"bone":[{"frame":[{"transform":{},"duration":30},{"transform":{},"duration":0}],"name":"root"},{"frame":[{"transform":{},"duration":30}],"name":"buff_flo"},{"frame":[{"transform":{},"duration":30}],"name":"buff_mid"},{"frame":[{"transform":{},"duration":30}],"name":"buff_up"},{"frame":[{"transform":{},"duration":30}],"name":"wj_031_xiaojie_pz"},{"frame":[{"transform":{},"duration":30}],"name":"yingzi"}],"slot":[],"ffd":[],"frame":[],"name":"0017_shengli","duration":30,"ik":[]},{"bone":[{"frame":[{"transform":{},"duration":3},{"transform":{},"duration":0}],"name":"root"},{"frame":[{"transform":{},"duration":3}],"name":"buff_flo"},{"frame":[{"transform":{},"duration":3}],"name":"buff_mid"},{"frame":[{"transform":{},"duration":3}],"name":"buff_up"},{"frame":[{"transform":{},"duration":3}],"name":"wj_031_xiaojie_pz"},{"frame":[{"transform":{},"duration":3}],"name":"yingzi"}],"slot":[],"ffd":[],"frame":[],"name":"0018_dingshen","duration":3,"ik":[]},{"bone":[{"frame":[{"transform":{},"duration":3},{"transform":{},"duration":0}],"name":"root"},{"frame":[{"transform":{},"duration":3}],"name":"buff_flo"},{"frame":[{"transform":{},"duration":3}],"name":"buff_mid"},{"frame":[{"transform":{},"duration":3}],"name":"buff_up"},{"frame":[{"transform":{},"duration":3}],"name":"wj_031_xiaojie_pz"},{"frame":[{"transform":{},"duration":3}],"name":"yingzi"}],"slot":[],"ffd":[],"frame":[],"name":"0019_gedang","duration":3,"ik":[]},{"bone":[{"frame":[{"transform":{},"duration":3},{"transform":{},"duration":0}],"name":"root"},{"frame":[{"transform":{},"duration":3}],"name":"buff_flo"},{"frame":[{"transform":{},"duration":3}],"name":"buff_mid"},{"frame":[{"transform":{},"duration":3}],"name":"buff_up"},{"frame":[{"transform":{},"duration":3}],"name":"wj_031_xiaojie_pz"},{"frame":[{"transform":{},"duration":3}],"name":"yingzi"}],"slot":[],"ffd":[],"frame":[],"name":"0020_wu","duration":3,"ik":[]},{"bone":[{"frame":[{"transform":{},"duration":3},{"transform":{},"duration":0}],"name":"root"},{"frame":[{"transform":{},"duration":3}],"name":"buff_flo"},{"frame":[{"transform":{},"duration":3}],"name":"buff_mid"},{"frame":[{"transform":{},"duration":3}],"name":"buff_up"},{"frame":[{"transform":{},"duration":3}],"name":"wj_031_xiaojie_pz"},{"frame":[{"transform":{},"duration":3}],"name":"yingzi"}],"slot":[],"ffd":[],"frame":[],"name":"0021_wu","duration":3,"ik":[]},{"bone":[{"frame":[{"transform":{},"duration":3},{"transform":{},"duration":0}],"name":"root"},{"frame":[{"transform":{},"duration":3}],"name":"buff_flo"},{"frame":[{"transform":{},"duration":3}],"name":"buff_mid"},{"frame":[{"transform":{},"duration":3}],"name":"buff_up"},{"frame":[{"transform":{},"duration":3}],"name":"wj_031_xiaojie_pz"},{"frame":[{"transform":{},"duration":3}],"name":"yingzi"}],"slot":[],"ffd":[],"frame":[],"name":"0022_wu","duration":3,"ik":[]},{"bone":[{"frame":[{"transform":{},"duration":3},{"transform":{},"duration":0}],"name":"root"},{"frame":[{"transform":{},"duration":3}],"name":"buff_flo"},{"frame":[{"transform":{},"duration":3}],"name":"buff_mid"},{"frame":[{"transform":{},"duration":3}],"name":"buff_up"},{"frame":[{"transform":{},"duration":3}],"name":"wj_031_xiaojie_pz"},{"frame":[{"transform":{},"duration":3}],"name":"yingzi"}],"slot":[],"ffd":[],"frame":[],"name":"0023_wu","duration":3,"ik":[]},{"bone":[{"frame":[{"transform":{},"duration":3},{"transform":{},"duration":0}],"name":"root"},{"frame":[{"transform":{},"duration":3}],"name":"buff_flo"},{"frame":[{"transform":{},"duration":3}],"name":"buff_mid"},{"frame":[{"transform":{},"duration":3}],"name":"buff_up"},{"frame":[{"transform":{},"duration":3}],"name":"wj_031_xiaojie_pz"},{"frame":[{"transform":{},"duration":3}],"name":"yingzi"}],"slot":[],"ffd":[],"frame":[],"name":"0024_wu","duration":3,"ik":[]},{"bone":[{"frame":[{"transform":{},"duration":14,"curve":[0,0.8,0.75,1]},{"transform":{},"duration":1},{"transform":{"x":-59.98},"duration":3,"curve":[0.25,0,1,0.29]},{"transform":{"x":-42.88},"duration":2,"curve":[0.581,0.21,1,0.53]},{"transform":{"x":28.03},"duration":5,"curve":[0,0.51,0.75,1]},{"transform":{"x":28.03},"duration":20},{"transform":{"x":47.12},"duration":0}],"name":"root"},{"frame":[{"transform":{},"duration":14},{"transform":{},"duration":1},{"transform":{},"duration":3},{"transform":{},"duration":2},{"transform":{},"duration":5},{"transform":{},"duration":20},{"transform":{},"duration":0}],"name":"buff_flo"},{"frame":[{"transform":{},"duration":15},{"transform":{},"duration":3},{"transform":{},"duration":2},{"transform":{},"duration":5},{"transform":{},"duration":20},{"transform":{},"duration":0}],"name":"buff_mid"},{"frame":[{"transform":{},"duration":15},{"transform":{},"duration":3},{"transform":{},"duration":2},{"transform":{},"duration":5},{"transform":{},"duration":20},{"transform":{},"duration":0}],"name":"buff_up"},{"frame":[{"transform":{},"duration":15},{"transform":{},"duration":3},{"transform":{},"duration":2},{"transform":{},"duration":5},{"transform":{},"duration":20},{"transform":{},"duration":0}],"name":"wj_031_xiaojie_pz"},{"frame":[{"transform":{},"duration":45}],"name":"yingzi"}],"slot":[],"ffd":[],"frame":[],"name":"0025_gongji1","duration":45,"ik":[]},{"bone":[{"frame":[{"transform":{},"duration":14,"curve":[0,0.8,0.75,1]},{"transform":{},"duration":1},{"transform":{"x":-59.98},"duration":3,"curve":[0.25,0,1,0.29]},{"transform":{"x":-42.88},"duration":2,"curve":[0.581,0.21,1,0.53]},{"transform":{"x":28.03},"duration":5,"curve":[0,0.51,0.75,1]},{"transform":{"x":28.03},"duration":20},{"transform":{"x":47.12},"duration":0}],"name":"root"},{"frame":[{"transform":{},"duration":14},{"transform":{},"duration":1},{"transform":{},"duration":3},{"transform":{},"duration":2},{"transform":{},"duration":5},{"transform":{},"duration":20},{"transform":{},"duration":0}],"name":"buff_flo"},{"frame":[{"transform":{},"duration":15},{"transform":{},"duration":3},{"transform":{},"duration":2},{"transform":{},"duration":5},{"transform":{},"duration":20},{"transform":{},"duration":0}],"name":"buff_mid"},{"frame":[{"transform":{},"duration":15},{"transform":{},"duration":3},{"transform":{},"duration":2},{"transform":{},"duration":5},{"transform":{},"duration":20},{"transform":{},"duration":0}],"name":"buff_up"},{"frame":[{"transform":{},"duration":15},{"transform":{},"duration":3},{"transform":{},"duration":2},{"transform":{},"duration":5},{"transform":{},"duration":20},{"transform":{},"duration":0}],"name":"wj_031_xiaojie_pz"},{"frame":[{"transform":{},"duration":45}],"name":"yingzi"}],"slot":[],"ffd":[],"frame":[],"name":"0026_gongji2","duration":45,"ik":[]},{"bone":[{"frame":[{"transform":{},"duration":14,"curve":[0,0.8,0.75,1]},{"transform":{},"duration":1},{"transform":{"x":-59.98},"duration":3,"curve":[0.25,0,1,0.29]},{"transform":{"x":-42.88},"duration":2,"curve":[0.581,0.21,1,0.53]},{"transform":{"x":28.03},"duration":5,"curve":[0,0.51,0.75,1]},{"transform":{"x":28.03},"duration":20},{"transform":{"x":47.12},"duration":0}],"name":"root"},{"frame":[{"transform":{},"duration":14},{"transform":{},"duration":1},{"transform":{},"duration":3},{"transform":{},"duration":2},{"transform":{},"duration":5},{"transform":{},"duration":20},{"transform":{},"duration":0}],"name":"buff_flo"},{"frame":[{"transform":{},"duration":15},{"transform":{},"duration":3},{"transform":{},"duration":2},{"transform":{},"duration":5},{"transform":{},"duration":20},{"transform":{},"duration":0}],"name":"buff_mid"},{"frame":[{"transform":{},"duration":15},{"transform":{},"duration":3},{"transform":{},"duration":2},{"transform":{},"duration":5},{"transform":{},"duration":20},{"transform":{},"duration":0}],"name":"buff_up"},{"frame":[{"transform":{},"duration":15},{"transform":{},"duration":3},{"transform":{},"duration":2},{"transform":{},"duration":5},{"transform":{},"duration":20},{"transform":{},"duration":0}],"name":"wj_031_xiaojie_pz"},{"frame":[{"transform":{},"duration":45}],"name":"yingzi"}],"slot":[],"ffd":[],"frame":[],"name":"0027_shifa1","duration":45,"ik":[]},{"bone":[{"frame":[{"transform":{},"duration":14,"curve":[0,0.8,0.75,1]},{"transform":{},"duration":1},{"transform":{"x":-59.98},"duration":3,"curve":[0.25,0,1,0.29]},{"transform":{"x":-42.88},"duration":2,"curve":[0.581,0.21,1,0.53]},{"transform":{"x":28.03},"duration":5,"curve":[0,0.51,0.75,1]},{"transform":{"x":28.03},"duration":20},{"transform":{"x":47.12},"duration":0}],"name":"root"},{"frame":[{"transform":{},"duration":14},{"transform":{},"duration":1},{"transform":{},"duration":3},{"transform":{},"duration":2},{"transform":{},"duration":5},{"transform":{},"duration":20},{"transform":{},"duration":0}],"name":"buff_flo"},{"frame":[{"transform":{},"duration":15},{"transform":{},"duration":3},{"transform":{},"duration":2},{"transform":{},"duration":5},{"transform":{},"duration":20},{"transform":{},"duration":0}],"name":"buff_mid"},{"frame":[{"transform":{},"duration":15},{"transform":{},"duration":3},{"transform":{},"duration":2},{"transform":{},"duration":5},{"transform":{},"duration":20},{"transform":{},"duration":0}],"name":"buff_up"},{"frame":[{"transform":{},"duration":15},{"transform":{},"duration":3},{"transform":{},"duration":2},{"transform":{},"duration":5},{"transform":{},"duration":20},{"transform":{},"duration":0}],"name":"wj_031_xiaojie_pz"},{"frame":[{"transform":{},"duration":45}],"name":"yingzi"}],"slot":[],"ffd":[],"frame":[],"name":"0028_shifa2","duration":45,"ik":[]},{"bone":[{"frame":[{"transform":{},"duration":20},{"transform":{},"duration":10},{"transform":{},"duration":14},{"transform":{},"duration":1,"curve":[0,0.74,0.75,1]},{"transform":{},"duration":4},{"transform":{"x":-39.55},"duration":11,"curve":[0,0.89,0.75,1]},{"transform":{"x":-59.97},"duration":0}],"name":"root"},{"frame":[{"tweenEasing":0,"transform":{},"duration":44},{"transform":{},"duration":16},{"transform":{},"duration":0}],"name":"wj_031_xiaojie_pz"},{"frame":[{"tweenEasing":0,"transform":{},"duration":44},{"transform":{},"duration":16},{"transform":{},"duration":0}],"name":"buff_up"},{"frame":[{"tweenEasing":0,"transform":{},"duration":44},{"transform":{},"duration":16},{"transform":{},"duration":0}],"name":"buff_flo"},{"frame":[{"tweenEasing":0,"transform":{},"duration":44},{"transform":{},"duration":16},{"transform":{},"duration":0}],"name":"buff_mid"},{"frame":[{"transform":{},"duration":60}],"name":"yingzi"}],"slot":[],"ffd":[],"frame":[],"name":"0029_bisha_yanshi","duration":60,"ik":[]},{"bone":[{"frame":[{"transform":{},"duration":20},{"transform":{},"duration":10},{"transform":{},"duration":0}],"name":"root"},{"frame":[{"transform":{},"duration":30}],"name":"buff_flo"},{"frame":[{"transform":{},"duration":30}],"name":"buff_mid"},{"frame":[{"transform":{},"duration":30}],"name":"buff_up"},{"frame":[{"transform":{},"duration":30}],"name":"wj_031_xiaojie_pz"},{"frame":[{"transform":{},"duration":30}],"name":"yingzi"}],"slot":[],"ffd":[],"frame":[],"name":"0030_bisha_xuli","duration":30,"ik":[]},{"bone":[{"frame":[{"transform":{},"duration":29},{"transform":{},"duration":1,"curve":[0,0.38,0.375,0.71]},{"transform":{"x":-23.01},"duration":0}],"name":"root"},{"frame":[{"tweenEasing":0,"transform":{},"duration":29},{"transform":{},"duration":1},{"transform":{},"duration":0}],"name":"wj_031_xiaojie_pz"},{"frame":[{"tweenEasing":0,"transform":{},"duration":29},{"transform":{},"duration":1},{"transform":{},"duration":0}],"name":"buff_up"},{"frame":[{"tweenEasing":0,"transform":{},"duration":29},{"transform":{},"duration":1},{"transform":{},"duration":0}],"name":"buff_flo"},{"frame":[{"tweenEasing":0,"transform":{},"duration":29},{"transform":{},"duration":1},{"transform":{},"duration":0}],"name":"buff_mid"},{"frame":[{"transform":{},"duration":30}],"name":"yingzi"}],"slot":[],"ffd":[],"frame":[],"name":"0031_bisha_qujian1","duration":30,"ik":[]},{"bone":[{"frame":[{"transform":{"x":-23.01},"duration":4,"curve":[0.217,0.73,0.782,1]},{"transform":{"x":-39.55},"duration":41,"curve":[0,0.89,0.75,1]},{"transform":{"x":-59.97},"duration":0}],"name":"root"},{"frame":[{"transform":{},"duration":45},{"transform":{},"duration":0}],"name":"wj_031_xiaojie_pz"},{"frame":[{"transform":{},"duration":45},{"transform":{},"duration":0}],"name":"buff_up"},{"frame":[{"transform":{},"duration":45},{"transform":{},"duration":0}],"name":"buff_flo"},{"frame":[{"transform":{},"duration":45},{"transform":{},"duration":0}],"name":"buff_mid"},{"frame":[{"transform":{},"duration":45}],"name":"yingzi"}],"slot":[],"ffd":[],"frame":[],"name":"0032_bisha_qujian2","duration":45,"ik":[]}],"slot":[{"displayIndex":-1,"name":"wj_031_xiaojie_pz","parent":"wj_031_xiaojie_pz","color":{}},{"z":1,"name":"buff_flo","parent":"buff_flo","color":{"aM":0}},{"z":2,"name":"buff_mid","parent":"buff_mid","color":{"aM":0}},{"z":3,"name":"buff_up","parent":"buff_up","color":{"aM":0}},{"z":4,"name":"yingzi","parent":"yingzi","color":{}}],"name":"armatureName","ik":[]}],"name":"wj_hei","version":"4.0"}