{"frameRate":30,"isGlobal":0,"armature":[{"ik":[],"bone":[{"name":"root","transform":{}},{"length":43,"transform":{"y":242.32,"skX":1.9,"skY":1.9,"x":-152.08},"parent":"root","name":"cheng_daoguang_04_eff_01"},{"length":43,"transform":{"y":246,"skX":1.9,"skY":1.9,"x":-39.72},"parent":"root","name":"cheng_daoguang_04_eff_1"},{"transform":{},"name":"fangshe1","parent":"root"},{"transform":{"skX":-1.1,"skY":-1.1,"x":358.85},"name":"fangshe2","parent":"root"},{"transform":{"y":-145.13,"skX":-45,"skY":-45,"x":120.26},"name":"guizhua2","parent":"root"},{"transform":{},"name":"fangshexian_fuji","parent":"root"},{"transform":{"y":-147.87,"skX":-135,"skY":-135,"x":-145.32},"name":"guizhua1","parent":"root"},{"transform":{"skX":-45,"skY":-45},"name":"fangshexian3","parent":"fangshexian_fuji"},{"transform":{"skX":-90,"skY":-90},"name":"fangshexian2","parent":"fangshexian_fuji"},{"transform":{},"name":"fangshexian1","parent":"fangshexian_fuji"},{"transform":{"skX":45,"skY":45},"name":"fangshexian4","parent":"fangshexian_fuji"},{"length":322,"transform":{"y":-42.5,"skX":-0.13,"skY":-0.13,"x":19.05},"parent":"guizhua1","name":"zhuahen1"},{"length":393,"transform":{"y":0.76,"skX":-0.21,"skY":-0.21,"x":1.15},"parent":"guizhua1","name":"zhuahen2"},{"length":320,"transform":{"y":45.52,"skX":-0.53,"skY":-0.53,"x":30.24},"parent":"guizhua1","name":"zhuahen3"},{"length":393,"transform":{"y":0.76,"skX":-0.21,"skY":-0.21,"x":1.15},"parent":"guizhua2","name":"zhuahen4"},{"length":320,"transform":{"y":45.52,"skX":-0.53,"skY":-0.53,"x":30.24},"parent":"guizhua2","name":"zhuahen5"},{"length":322,"transform":{"y":-42.5,"skX":-0.13,"skY":-0.13,"x":19.05},"parent":"guizhua2","name":"zhuahen6"}],"type":"Armature","frameRate":30,"animation":[{"ik":[],"bone":[{"frame":[{"transform":{"scY":0.5,"scX":0.5,"x":-358.85},"duration":40}],"name":"fangshe2"},{"frame":[{"transform":{"scY":1.121,"scX":0.5},"duration":40}],"name":"fangshexian3"},{"frame":[{"transform":{"scY":1.121,"scX":0.5},"duration":40}],"name":"fangshexian4"},{"frame":[{"transform":{"scY":2.013,"scX":1.207},"duration":40}],"name":"fangshexian1"},{"frame":[{"transform":{"scY":2.052,"scX":1.233},"duration":40}],"name":"fangshexian2"},{"frame":[{"curve":[0,0.54,0.75,1],"transform":{"y":111.54,"scX":0.441,"x":-80.69},"duration":17},{"curve":[0.25,0,1,0.68],"transform":{"y":-5.04,"scX":0.416,"x":35.84},"duration":3},{"curve":[0,0.59,0.75,1],"transform":{"y":251.82,"x":-220.92},"duration":20},{"transform":{"y":275.25,"x":-244.34},"duration":0}],"name":"guizhua2"},{"frame":[{"transform":{},"duration":40}],"name":"root"},{"frame":[{"transform":{},"duration":40}],"name":"fangshe1"},{"frame":[{"curve":[0,0.54,0.75,1],"transform":{"y":119.62,"scX":0.447,"x":119.67},"duration":17},{"curve":[0.25,0,1,0.68],"transform":{"scX":0.412},"duration":3},{"curve":[0,0.59,0.75,1],"transform":{"y":251.8,"x":251.89},"duration":20},{"transform":{"y":276.48,"x":276.59},"duration":0}],"name":"guizhua1"},{"frame":[{"transform":{},"duration":18},{"transform":{},"duration":2},{"transform":{},"duration":3},{"tweenEasing":0,"transform":{},"duration":7},{"transform":{"scY":0.1},"duration":10},{"transform":{"scY":0.1},"duration":0}],"name":"zhuahen2"},{"frame":[{"curve":[0,0.54,0.75,1],"transform":{"scY":0.869,"y":-23.97,"x":-0.22},"duration":18},{"curve":[0,0.23,0.428,0.61],"transform":{"y":9.98,"x":0.09},"duration":2},{"curve":[0.333,0.5,0.791,1],"transform":{"y":4.03,"x":0.03},"duration":3},{"tweenEasing":0,"transform":{},"duration":7},{"transform":{"scY":0.1},"duration":10},{"transform":{"scY":0.1},"duration":0}],"name":"zhuahen3"},{"frame":[{"curve":[0,0.54,0.75,1],"transform":{"scY":0.869,"y":19.59,"x":0.04},"duration":18},{"curve":[0,0.23,0.428,0.61],"transform":{"y":-14.49,"x":-0.03},"duration":2},{"curve":[0.333,0.5,0.791,1],"transform":{"y":-5.85,"x":-0.01},"duration":3},{"tweenEasing":0,"transform":{},"duration":7},{"transform":{"scY":0.1},"duration":10},{"transform":{"scY":0.1},"duration":0}],"name":"zhuahen1"},{"frame":[{"transform":{},"duration":18},{"transform":{},"duration":2},{"transform":{},"duration":3},{"tweenEasing":0,"transform":{},"duration":7},{"transform":{"scY":0.1},"duration":10},{"transform":{"scY":0.1},"duration":0}],"name":"zhuahen4"},{"frame":[{"curve":[0,0.54,0.75,1],"transform":{"scY":0.854,"y":-21.13,"x":-0.19},"duration":18},{"curve":[0,0.23,0.428,0.61],"transform":{"y":8.74,"x":0.08},"duration":2},{"curve":[0.333,0.5,0.791,1],"transform":{"y":3.53,"x":0.03},"duration":3},{"tweenEasing":0,"transform":{},"duration":7},{"transform":{"scY":0.1},"duration":10},{"transform":{"scY":0.1},"duration":0}],"name":"zhuahen5"},{"frame":[{"curve":[0,0.54,0.75,1],"transform":{"scY":0.854,"y":18.9,"x":0.04},"duration":18},{"curve":[0,0.23,0.428,0.61],"transform":{"y":-10.92,"x":-0.02},"duration":2},{"curve":[0.333,0.5,0.791,1],"transform":{"y":-4.41,"x":-0.01},"duration":3},{"tweenEasing":0,"transform":{},"duration":7},{"transform":{"scY":0.1},"duration":10},{"transform":{"scY":0.1},"duration":0}],"name":"zhuahen6"},{"frame":[{"transform":{"scY":0.745,"skX":90,"skY":90,"scX":0.745},"duration":40}],"name":"fangshexian_fuji"},{"frame":[{"transform":{},"duration":40}],"name":"cheng_daoguang_04_eff_01"},{"frame":[{"transform":{},"duration":40}],"name":"cheng_daoguang_04_eff_1"}],"slot":[{"frame":[{"tweenEasing":null,"color":{"aM":0},"duration":40}],"name":"baixian"},{"frame":[{"tweenEasing":null,"color":{"aM":0},"duration":40}],"name":"baixian2"},{"frame":[{"tweenEasing":null,"color":{"aM":0},"duration":40}],"name":"baixian3"},{"frame":[{"tweenEasing":null,"color":{"aM":0},"duration":40}],"name":"baixian4"},{"frame":[{"displayIndex":-1,"tweenEasing":null,"duration":40}],"name":"cheng_daoguang_04_eff_1"},{"frame":[{"displayIndex":-1,"tweenEasing":null,"duration":40}],"name":"cheng_daoguang_04_eff_01"},{"frame":[{"displayIndex":-1,"tweenEasing":null,"color":{"aM":0},"duration":40}],"name":"fangshe1"},{"frame":[{"displayIndex":-1,"tweenEasing":null,"color":{"aM":0},"duration":40}],"name":"fangshe2"},{"frame":[{"tweenEasing":null,"color":{"aM":0},"duration":40}],"name":"heixian"},{"frame":[{"tweenEasing":null,"color":{"aM":0},"duration":40}],"name":"heixian2"},{"frame":[{"tweenEasing":null,"color":{"aM":0},"duration":40}],"name":"heixian3"},{"frame":[{"tweenEasing":null,"color":{"aM":0},"duration":40}],"name":"heixian4"},{"frame":[{"curve":[0,0.54,0.75,1],"color":{"aM":0},"duration":18},{"tweenEasing":null,"duration":5},{"tweenEasing":null,"duration":2},{"tweenEasing":0,"duration":5},{"tweenEasing":null,"color":{"aM":0},"duration":10}],"name":"zhuahen1"},{"frame":[{"curve":[0,0.54,0.75,1],"color":{"aM":0},"duration":18},{"tweenEasing":null,"duration":5},{"tweenEasing":null,"duration":2},{"tweenEasing":0,"duration":5},{"tweenEasing":null,"color":{"aM":0},"duration":10}],"name":"zhuahen2"},{"frame":[{"curve":[0,0.54,0.75,1],"color":{"aM":0},"duration":18},{"tweenEasing":null,"duration":5},{"tweenEasing":null,"duration":2},{"tweenEasing":0,"duration":5},{"tweenEasing":null,"color":{"aM":0},"duration":10}],"name":"zhuahen3"},{"frame":[{"curve":[0,0.54,0.75,1],"color":{"aM":0},"duration":18},{"tweenEasing":null,"duration":5},{"tweenEasing":null,"duration":2},{"tweenEasing":0,"duration":5},{"tweenEasing":null,"color":{"aM":0},"duration":10}],"name":"zhuahen4"},{"frame":[{"curve":[0,0.54,0.75,1],"color":{"aM":0},"duration":18},{"tweenEasing":null,"duration":5},{"tweenEasing":null,"duration":2},{"tweenEasing":0,"duration":5},{"tweenEasing":null,"color":{"aM":0},"duration":10}],"name":"zhuahen5"},{"frame":[{"curve":[0,0.54,0.75,1],"color":{"aM":0},"duration":18},{"tweenEasing":null,"duration":5},{"tweenEasing":null,"duration":2},{"tweenEasing":0,"duration":5},{"tweenEasing":null,"color":{"aM":0},"duration":10}],"name":"zhuahen6"}],"ffd":[],"frame":[],"name":"000_guizhua1","duration":40},{"ik":[],"bone":[{"frame":[{"curve":[0,0.61,0.75,1],"transform":{"scY":0.5,"scX":0.5,"x":-358.85},"duration":5},{"transform":{"x":-358.85},"duration":15}],"name":"fangshe2"},{"frame":[{"curve":[0.25,0,1,0.42],"transform":{"scY":1.121,"scX":0.5},"duration":5},{"transform":{"scY":0.5,"scX":0.5},"duration":15},{"transform":{"scY":0.5,"scX":0.5},"duration":0}],"name":"fangshexian3"},{"frame":[{"curve":[0.25,0,1,0.42],"transform":{"scY":1.121,"scX":0.5},"duration":5},{"transform":{"scY":0.5,"scX":0.5},"duration":15},{"transform":{"scY":0.5,"scX":0.5},"duration":0}],"name":"fangshexian4"},{"frame":[{"curve":[0.25,0,1,0.42],"transform":{"scY":2.013,"scX":1.207},"duration":5},{"curve":[0,0.74,0.75,1],"transform":{"scY":0.727,"scX":2.58},"duration":15},{"transform":{"scY":0.556,"scX":1.899},"duration":0}],"name":"fangshexian1"},{"frame":[{"curve":[0.25,0,1,0.42],"transform":{"scY":2.052,"scX":1.233},"duration":5},{"curve":[0,0.74,0.75,1],"transform":{"scY":0.774,"scX":2.541},"duration":15},{"transform":{"scY":0.632,"scX":2.012},"duration":0}],"name":"fangshexian2"},{"frame":[{"transform":{"y":111.54,"scX":0.441,"x":-80.69},"duration":20}],"name":"guizhua2"},{"frame":[{"transform":{},"duration":20},{"transform":{},"duration":0}],"name":"root"},{"frame":[{"curve":[0,0.52,0.75,1],"transform":{"scY":0.873,"scX":0.873},"duration":20},{"transform":{"scY":1.196,"scX":1.196},"duration":0}],"name":"fangshe1"},{"frame":[{"transform":{"y":119.62,"scX":0.447,"x":119.67},"duration":20}],"name":"guizhua1"},{"frame":[{"transform":{},"duration":20}],"name":"zhuahen2"},{"frame":[{"transform":{"scY":0.869,"y":-23.97,"x":-0.22},"duration":20}],"name":"zhuahen3"},{"frame":[{"transform":{"scY":0.869,"y":19.59,"x":0.04},"duration":20}],"name":"zhuahen1"},{"frame":[{"transform":{},"duration":20}],"name":"zhuahen4"},{"frame":[{"transform":{"scY":0.854,"y":-21.13,"x":-0.19},"duration":20}],"name":"zhuahen5"},{"frame":[{"transform":{"scY":0.854,"y":18.9,"x":0.04},"duration":20}],"name":"zhuahen6"},{"frame":[{"tweenEasing":0,"transform":{"scY":0.745,"scX":0.745},"duration":5},{"tweenEasing":0,"transform":{"scY":0.719,"scX":0.719},"duration":15},{"transform":{"scY":0.548,"scX":0.548},"duration":0}],"name":"fangshexian_fuji"},{"frame":[{"transform":{},"duration":20}],"name":"cheng_daoguang_04_eff_01"},{"frame":[{"transform":{},"duration":20}],"name":"cheng_daoguang_04_eff_1"}],"slot":[{"frame":[{"curve":[0.25,0,0.6,0.34],"duration":1},{"curve":[0.307,0.23,0.653,0.56],"color":{"aM":76},"duration":1},{"curve":[0.346,0.27,0.692,0.61],"duration":1},{"curve":[0.399,0.29,0.749,0.63],"color":{"aM":54},"duration":1},{"curve":[0.624,0.3,1,0.64],"duration":1},{"tweenEasing":null,"color":{"aM":0},"duration":15},{"tweenEasing":null,"color":{"aM":0},"duration":0}],"name":"baixian"},{"frame":[{"curve":[0.25,0,0.6,0.34],"duration":1},{"curve":[0.307,0.23,0.653,0.56],"color":{"aM":76},"duration":1},{"curve":[0.346,0.27,0.692,0.61],"duration":1},{"curve":[0.399,0.29,0.749,0.63],"color":{"aM":54},"duration":1},{"curve":[0.624,0.3,1,0.64],"duration":1},{"tweenEasing":null,"color":{"aM":0},"duration":15},{"tweenEasing":null,"color":{"aM":0},"duration":0}],"name":"baixian2"},{"frame":[{"curve":[0.25,0,0.6,0.34],"duration":1},{"curve":[0.307,0.23,0.653,0.56],"color":{"aM":76},"duration":1},{"curve":[0.346,0.27,0.692,0.61],"duration":1},{"curve":[0.399,0.29,0.749,0.63],"color":{"aM":54},"duration":1},{"curve":[0.624,0.3,1,0.64],"duration":1},{"tweenEasing":null,"color":{"aM":0},"duration":15},{"tweenEasing":null,"color":{"aM":0},"duration":0}],"name":"baixian3"},{"frame":[{"curve":[0.25,0,0.6,0.34],"duration":1},{"curve":[0.307,0.23,0.653,0.56],"color":{"aM":76},"duration":1},{"curve":[0.346,0.27,0.692,0.61],"duration":1},{"curve":[0.399,0.29,0.749,0.63],"color":{"aM":54},"duration":1},{"curve":[0.624,0.3,1,0.64],"duration":1},{"tweenEasing":null,"color":{"aM":0},"duration":15},{"tweenEasing":null,"color":{"aM":0},"duration":0}],"name":"baixian4"},{"frame":[{"displayIndex":-1,"tweenEasing":null,"duration":20}],"name":"cheng_daoguang_04_eff_1"},{"frame":[{"displayIndex":-1,"tweenEasing":null,"duration":20}],"name":"cheng_daoguang_04_eff_01"},{"frame":[{"tweenEasing":0,"duration":3},{"tweenEasing":0,"duration":4},{"tweenEasing":null,"color":{"aM":0},"duration":13},{"tweenEasing":null,"color":{"aM":0},"duration":0}],"name":"fangshe1"},{"frame":[{"tweenEasing":0,"duration":2},{"tweenEasing":0,"duration":3},{"tweenEasing":null,"color":{"aM":0},"duration":15}],"name":"fangshe2"},{"frame":[{"tweenEasing":null,"duration":5},{"curve":[0,0.74,0.75,1],"duration":15},{"tweenEasing":null,"color":{"aM":0},"duration":0}],"name":"heixian"},{"frame":[{"tweenEasing":null,"duration":5},{"curve":[0,0.74,0.75,1],"duration":15},{"tweenEasing":null,"color":{"aM":0},"duration":0}],"name":"heixian2"},{"frame":[{"tweenEasing":0,"duration":5},{"curve":[0,0.37,0.875,1],"duration":15},{"tweenEasing":null,"color":{"aM":0},"duration":0}],"name":"heixian3"},{"frame":[{"tweenEasing":null,"duration":5},{"curve":[0,0.74,0.75,1],"duration":15},{"tweenEasing":null,"color":{"aM":0},"duration":0}],"name":"heixian4"},{"frame":[{"tweenEasing":null,"color":{"aM":0},"duration":20}],"name":"zhuahen1"},{"frame":[{"tweenEasing":null,"color":{"aM":0},"duration":20}],"name":"zhuahen2"},{"frame":[{"tweenEasing":null,"color":{"aM":0},"duration":20}],"name":"zhuahen3"},{"frame":[{"tweenEasing":null,"color":{"aM":0},"duration":20}],"name":"zhuahen4"},{"frame":[{"tweenEasing":null,"color":{"aM":0},"duration":20}],"name":"zhuahen5"},{"frame":[{"tweenEasing":null,"color":{"aM":0},"duration":20}],"name":"zhuahen6"}],"ffd":[],"frame":[],"name":"000_guizhua2","duration":20},{"ik":[],"bone":[{"frame":[{"curve":[0,0.61,0.75,1],"transform":{"scY":0.5,"scX":0.5,"x":-358.85},"duration":5},{"transform":{"x":-358.85},"duration":15}],"name":"fangshe2"},{"frame":[{"curve":[0.25,0,1,0.42],"transform":{"scY":1.121,"scX":0.5},"duration":5},{"transform":{"scY":0.5,"scX":0.5},"duration":15},{"transform":{"scY":0.5,"scX":0.5},"duration":0}],"name":"fangshexian3"},{"frame":[{"curve":[0.25,0,1,0.42],"transform":{"scY":1.121,"scX":0.5},"duration":5},{"transform":{"scY":0.5,"scX":0.5},"duration":15},{"transform":{"scY":0.5,"scX":0.5},"duration":0}],"name":"fangshexian4"},{"frame":[{"curve":[0.25,0,1,0.42],"transform":{"scY":2.013,"scX":1.207},"duration":5},{"curve":[0,0.74,0.75,1],"transform":{"scY":0.727,"scX":2.58},"duration":15},{"transform":{"scY":0.556,"scX":1.899},"duration":0}],"name":"fangshexian1"},{"frame":[{"curve":[0.25,0,1,0.42],"transform":{"scY":2.052,"scX":1.233},"duration":5},{"curve":[0,0.74,0.75,1],"transform":{"scY":0.774,"scX":2.541},"duration":15},{"transform":{"scY":0.632,"scX":2.012},"duration":0}],"name":"fangshexian2"},{"frame":[{"curve":[0,0.59,0.75,1],"transform":{"y":251.82,"x":-220.92},"duration":20},{"transform":{"y":275.25,"x":-244.34},"duration":0}],"name":"guizhua2"},{"frame":[{"transform":{"skX":-90,"skY":-90},"duration":20},{"transform":{"skX":-90,"skY":-90},"duration":0}],"name":"root"},{"frame":[{"curve":[0,0.52,0.75,1],"transform":{"scY":0.873,"scX":0.873},"duration":20},{"transform":{"scY":1.196,"scX":1.196},"duration":0}],"name":"fangshe1"},{"frame":[{"curve":[0,0.59,0.75,1],"transform":{"y":251.8,"x":251.89},"duration":20},{"transform":{"y":276.48,"x":276.59},"duration":0}],"name":"guizhua1"},{"frame":[{"transform":{},"duration":3},{"tweenEasing":0,"transform":{},"duration":17},{"transform":{"scY":0.1},"duration":0}],"name":"zhuahen2"},{"frame":[{"curve":[0.333,0.5,0.791,1],"transform":{"y":4.03,"x":0.03},"duration":3},{"tweenEasing":0,"transform":{},"duration":17},{"transform":{"scY":0.1},"duration":0}],"name":"zhuahen3"},{"frame":[{"curve":[0.333,0.5,0.791,1],"transform":{"y":-5.85,"x":-0.01},"duration":3},{"tweenEasing":0,"transform":{},"duration":17},{"transform":{"scY":0.1},"duration":0}],"name":"zhuahen1"},{"frame":[{"transform":{},"duration":3},{"tweenEasing":0,"transform":{},"duration":17},{"transform":{"scY":0.1},"duration":0}],"name":"zhuahen4"},{"frame":[{"curve":[0.333,0.5,0.791,1],"transform":{"y":3.53,"x":0.03},"duration":3},{"tweenEasing":0,"transform":{},"duration":17},{"transform":{"scY":0.1},"duration":0}],"name":"zhuahen5"},{"frame":[{"curve":[0.333,0.5,0.791,1],"transform":{"y":-4.41,"x":-0.01},"duration":3},{"tweenEasing":0,"transform":{},"duration":17},{"transform":{"scY":0.1},"duration":0}],"name":"zhuahen6"},{"frame":[{"tweenEasing":0,"transform":{"scY":0.745,"scX":0.745},"duration":5},{"tweenEasing":0,"transform":{"scY":0.719,"scX":0.719},"duration":15},{"transform":{"scY":0.548,"scX":0.548},"duration":0}],"name":"fangshexian_fuji"},{"frame":[{"transform":{"scY":2,"y":-270.17,"skX":4.01,"skY":4.01,"scX":2,"x":82.52},"duration":20}],"name":"cheng_daoguang_04_eff_1"},{"frame":[{"transform":{"scY":-2,"y":-266.88,"skX":170.36,"skY":170.36,"scX":2,"x":110.7},"duration":20}],"name":"cheng_daoguang_04_eff_01"}],"slot":[{"frame":[{"curve":[0.25,0,0.6,0.34],"duration":1},{"curve":[0.307,0.23,0.653,0.56],"color":{"aM":76},"duration":1},{"curve":[0.346,0.27,0.692,0.61],"duration":1},{"curve":[0.399,0.29,0.749,0.63],"color":{"aM":54},"duration":1},{"curve":[0.624,0.3,1,0.64],"duration":1},{"tweenEasing":null,"color":{"aM":0},"duration":15},{"tweenEasing":null,"color":{"aM":0},"duration":0}],"name":"baixian"},{"frame":[{"curve":[0.25,0,0.6,0.34],"duration":1},{"curve":[0.307,0.23,0.653,0.56],"color":{"aM":76},"duration":1},{"curve":[0.346,0.27,0.692,0.61],"duration":1},{"curve":[0.399,0.29,0.749,0.63],"color":{"aM":54},"duration":1},{"curve":[0.624,0.3,1,0.64],"duration":1},{"tweenEasing":null,"color":{"aM":0},"duration":15},{"tweenEasing":null,"color":{"aM":0},"duration":0}],"name":"baixian2"},{"frame":[{"curve":[0.25,0,0.6,0.34],"duration":1},{"curve":[0.307,0.23,0.653,0.56],"color":{"aM":76},"duration":1},{"curve":[0.346,0.27,0.692,0.61],"duration":1},{"curve":[0.399,0.29,0.749,0.63],"color":{"aM":54},"duration":1},{"curve":[0.624,0.3,1,0.64],"duration":1},{"tweenEasing":null,"color":{"aM":0},"duration":15},{"tweenEasing":null,"color":{"aM":0},"duration":0}],"name":"baixian3"},{"frame":[{"curve":[0.25,0,0.6,0.34],"duration":1},{"curve":[0.307,0.23,0.653,0.56],"color":{"aM":76},"duration":1},{"curve":[0.346,0.27,0.692,0.61],"duration":1},{"curve":[0.399,0.29,0.749,0.63],"color":{"aM":54},"duration":1},{"curve":[0.624,0.3,1,0.64],"duration":1},{"tweenEasing":null,"color":{"aM":0},"duration":15},{"tweenEasing":null,"color":{"aM":0},"duration":0}],"name":"baixian4"},{"frame":[{"tweenEasing":0,"color":{"aM":0},"duration":3},{"displayIndex":1,"tweenEasing":0,"duration":3},{"displayIndex":2,"tweenEasing":0,"duration":14},{"displayIndex":2,"tweenEasing":null,"color":{"aM":0},"duration":0}],"name":"cheng_daoguang_04_eff_1"},{"frame":[{"tweenEasing":0,"color":{"aM":0},"duration":3},{"displayIndex":1,"tweenEasing":0,"duration":3},{"displayIndex":2,"tweenEasing":0,"duration":14},{"displayIndex":2,"tweenEasing":null,"color":{"aM":0},"duration":0}],"name":"cheng_daoguang_04_eff_01"},{"frame":[{"tweenEasing":0,"duration":3},{"tweenEasing":0,"duration":4},{"tweenEasing":null,"color":{"aM":0},"duration":13},{"tweenEasing":null,"color":{"aM":0},"duration":0}],"name":"fangshe1"},{"frame":[{"tweenEasing":0,"duration":2},{"tweenEasing":0,"duration":3},{"tweenEasing":null,"color":{"aM":0},"duration":15}],"name":"fangshe2"},{"frame":[{"tweenEasing":null,"duration":5},{"curve":[0,0.74,0.75,1],"duration":15},{"tweenEasing":null,"color":{"aM":0},"duration":0}],"name":"heixian"},{"frame":[{"tweenEasing":null,"duration":5},{"curve":[0,0.74,0.75,1],"duration":15},{"tweenEasing":null,"color":{"aM":0},"duration":0}],"name":"heixian2"},{"frame":[{"tweenEasing":0,"duration":5},{"curve":[0,0.37,0.875,1],"duration":15},{"tweenEasing":null,"color":{"aM":0},"duration":0}],"name":"heixian3"},{"frame":[{"tweenEasing":null,"duration":5},{"curve":[0,0.74,0.75,1],"duration":15},{"tweenEasing":null,"color":{"aM":0},"duration":0}],"name":"heixian4"},{"frame":[{"curve":[0,0.54,0.75,1],"color":{"aM":0},"duration":3},{"tweenEasing":null,"duration":2},{"tweenEasing":0,"duration":15},{"tweenEasing":null,"color":{"aM":0},"duration":0}],"name":"zhuahen1"},{"frame":[{"curve":[0,0.54,0.75,1],"color":{"aM":0},"duration":3},{"tweenEasing":null,"duration":2},{"tweenEasing":0,"duration":15},{"tweenEasing":null,"color":{"aM":0},"duration":0}],"name":"zhuahen2"},{"frame":[{"curve":[0,0.54,0.75,1],"color":{"aM":0},"duration":3},{"tweenEasing":null,"duration":2},{"tweenEasing":0,"duration":15},{"tweenEasing":null,"color":{"aM":0},"duration":0}],"name":"zhuahen3"},{"frame":[{"curve":[0,0.54,0.75,1],"color":{"aM":0},"duration":3},{"tweenEasing":null,"duration":2},{"tweenEasing":0,"duration":15},{"tweenEasing":null,"color":{"aM":0},"duration":0}],"name":"zhuahen4"},{"frame":[{"curve":[0,0.54,0.75,1],"color":{"aM":0},"duration":3},{"tweenEasing":null,"duration":2},{"tweenEasing":0,"duration":15},{"tweenEasing":null,"color":{"aM":0},"duration":0}],"name":"zhuahen5"},{"frame":[{"curve":[0,0.54,0.75,1],"color":{"aM":0},"duration":3},{"tweenEasing":null,"duration":2},{"tweenEasing":0,"duration":15},{"tweenEasing":null,"color":{"aM":0},"duration":0}],"name":"zhuahen6"}],"ffd":[],"frame":[],"name":"002_guizhua2","duration":20}],"skin":[{"slot":[{"display":[{"path":"fangshe1","type":"image","name":"fangshe1","transform":{"y":2.51,"x":13.75}}],"name":"fangshe1"},{"display":[{"path":"baixian","type":"image","name":"baixian","transform":{"y":-0.19,"x":-2.29}}],"blendMode":"add","name":"baixian2"},{"display":[{"path":"zhuahen3","type":"image","name":"zhuahen3","transform":{"y":10.47,"skX":0.53,"skY":0.53,"x":167.19}}],"name":"zhuahen5"},{"display":[{"path":"fangshe2","type":"image","name":"fangshe2","transform":{"y":0.46,"x":26.44}}],"blendMode":"add","name":"fangshe2"},{"display":[{"path":"zhuahen2","type":"image","name":"zhuahen2","transform":{"y":-5.23,"skX":0.2,"skY":0.2,"x":216.29}}],"name":"zhuahen4"},{"display":[{"path":"zhuahen1","type":"image","name":"zhuahen1","transform":{"y":-9.07,"skX":0.14,"skY":0.14,"x":156}}],"name":"zhuahen1"},{"display":[{"path":"heixian","type":"image","name":"heixian","transform":{}}],"name":"heixian3"},{"display":[{"path":"heixian","type":"image","name":"heixian","transform":{}}],"name":"heixian4"},{"display":[{"path":"zhuahen2","type":"image","name":"zhuahen2","transform":{"y":-5.23,"skX":0.2,"skY":0.2,"x":216.29}}],"name":"zhuahen2"},{"display":[{"path":"baixian","type":"image","name":"baixian","transform":{"y":-0.19,"x":-2.29}}],"blendMode":"add","name":"baixian"},{"display":[{"path":"zhuahen3","type":"image","name":"zhuahen3","transform":{"y":10.47,"skX":0.53,"skY":0.53,"x":167.19}}],"name":"zhuahen3"},{"display":[{"path":"cheng_daoguang_04_eff_01","type":"image","name":"cheng_daoguang_04_eff_01","transform":{"y":0.34,"skX":-1.87,"skY":-1.87,"x":-1.33}},{"path":"cheng_daoguang_04_eff_02","type":"image","name":"cheng_daoguang_04_eff_02","transform":{"y":0.34,"skX":-1.87,"skY":-1.87,"x":-1.33}},{"path":"cheng_daoguang_04_eff_03","type":"image","name":"cheng_daoguang_04_eff_03","transform":{"y":0.34,"skX":-1.87,"skY":-1.87,"x":-1.33}}],"blendMode":"add","name":"cheng_daoguang_04_eff_01"},{"display":[{"path":"heixian","type":"image","name":"heixian","transform":{}}],"blendMode":"add","name":"heixian"},{"display":[{"path":"baixian","type":"image","name":"baixian","transform":{"y":-0.19,"x":-2.29}}],"blendMode":"add","name":"baixian3"},{"display":[{"path":"baixian","type":"image","name":"baixian","transform":{"y":-0.19,"x":-2.29}}],"blendMode":"add","name":"baixian4"},{"display":[{"path":"heixian","type":"image","name":"heixian","transform":{}}],"name":"heixian2"},{"display":[{"path":"cheng_daoguang_04_eff_01","type":"image","name":"cheng_daoguang_04_eff_01","transform":{"y":0.34,"skX":-1.87,"skY":-1.87,"x":-1.33}},{"path":"cheng_daoguang_04_eff_02","type":"image","name":"cheng_daoguang_04_eff_02","transform":{"y":0.34,"skX":-1.87,"skY":-1.87,"x":-1.33}},{"path":"cheng_daoguang_04_eff_03","type":"image","name":"cheng_daoguang_04_eff_03","transform":{"y":0.34,"skX":-1.87,"skY":-1.87,"x":-1.33}}],"blendMode":"add","name":"cheng_daoguang_04_eff_1"},{"display":[{"path":"zhuahen1","type":"image","name":"zhuahen1","transform":{"y":-9.07,"skX":0.14,"skY":0.14,"x":156}}],"name":"zhuahen6"}],"name":""}],"defaultActions":[{"gotoAndPlay":"000_guizhua1"}],"aabb":{"width":1007.0574335338858,"y":-345.534548913088,"height":380.824548913088,"x":-519.7800128218228},"slot":[{"blendMode":"add","displayIndex":-1,"parent":"fangshe2","name":"fangshe2","color":{}},{"z":1,"displayIndex":-1,"name":"fangshe1","parent":"fangshe1","color":{}},{"z":2,"name":"zhuahen1","parent":"zhuahen1","color":{}},{"z":3,"name":"zhuahen6","parent":"zhuahen6","color":{}},{"z":4,"name":"zhuahen2","parent":"zhuahen2","color":{}},{"z":5,"name":"zhuahen4","parent":"zhuahen4","color":{}},{"z":6,"name":"zhuahen3","parent":"zhuahen3","color":{}},{"z":7,"name":"zhuahen5","parent":"zhuahen5","color":{}},{"blendMode":"add","z":8,"parent":"fangshexian1","name":"heixian","color":{}},{"z":9,"name":"heixian2","parent":"fangshexian2","color":{}},{"z":10,"name":"heixian3","parent":"fangshexian3","color":{}},{"z":11,"name":"heixian4","parent":"fangshexian4","color":{}},{"blendMode":"add","z":12,"parent":"fangshexian1","name":"baixian","color":{}},{"blendMode":"add","z":13,"parent":"fangshexian2","name":"baixian2","color":{}},{"blendMode":"add","z":14,"parent":"fangshexian3","name":"baixian3","color":{}},{"blendMode":"add","z":15,"parent":"fangshexian4","name":"baixian4","color":{}},{"blendMode":"add","displayIndex":-1,"z":16,"parent":"cheng_daoguang_04_eff_01","name":"cheng_daoguang_04_eff_01","color":{}},{"blendMode":"add","displayIndex":-1,"z":17,"parent":"cheng_daoguang_04_eff_1","name":"cheng_daoguang_04_eff_1","color":{}}],"name":"armatureName"}],"name":"youling_jingxia_eff","version":"4.0"}