{"frameRate":30,"name":"klpkjz","version":"5.5","compatibleVersion":"5.5","armature":[{"type":"Armature","frameRate":30,"name":"armatureName","aabb":{"x":-262.78,"y":-238.57,"width":483.5,"height":429.24},"bone":[{"name":"root"},{"name":"4","parent":"root","transform":{"x":32.55,"y":-199.55}},{"name":"2","parent":"root","transform":{"x":-139.14,"y":-164.66}},{"name":"3","parent":"root","transform":{"x":-59.95,"y":-204.07}},{"name":"1","parent":"root","transform":{"x":-223.28,"y":-106.04}},{"name":"5","parent":"root","transform":{"x":129.55,"y":-176.96}},{"length":11,"name":"1-1","parent":"1","transform":{"x":28.75,"y":17.51,"skX":40.59,"skY":40.59}},{"length":12,"name":"5-5","parent":"5","transform":{"x":22.85,"y":15.35,"skX":39.68,"skY":39.68}},{"length":12,"name":"2-2","parent":"2","transform":{"x":23.36,"y":13.12,"skX":29.99,"skY":29.99}},{"length":12,"name":"3-","parent":"3","transform":{"x":27.6,"y":18.3,"skX":46.57,"skY":46.57}},{"length":12,"name":"4-4","parent":"4","transform":{"x":28.29,"y":15.98,"skX":38.69,"skY":38.69}},{"length":7,"name":"4-5","parent":"4-4","transform":{"x":14.74,"y":0.86,"skX":12.12,"skY":12.12}},{"length":7,"name":"5-6","parent":"5-5","transform":{"x":15.06,"y":0.05,"skX":6.01,"skY":6.01}},{"length":8,"name":"3-2","parent":"3-","transform":{"x":13.99,"y":0.15,"skX":31.17,"skY":31.17}},{"length":6,"name":"1-2","parent":"1-1","transform":{"x":15.06,"y":-1.6,"skX":-13.06,"skY":-13.06}},{"length":8,"name":"2-3","parent":"2-2","transform":{"x":14.84,"y":0.37,"skX":10.26,"skY":10.26}},{"length":10,"name":"1-3","parent":"1-2","transform":{"x":9.65,"y":-0.04,"skX":9.06,"skY":9.06}},{"length":10,"name":"3-3","parent":"3-2","transform":{"x":10.92,"y":0.21,"skX":-5.11,"skY":-5.11}},{"length":9,"name":"5-7","parent":"5-6","transform":{"x":9.87,"y":-0.11,"skX":-4.96,"skY":-4.96}},{"length":9,"name":"4-6","parent":"4-5","transform":{"x":9.66,"y":-0.1,"skX":-5.79,"skY":-5.79}},{"length":10,"name":"2-4","parent":"2-3","transform":{"x":10.95,"y":0.41,"skX":-4.35,"skY":-4.35}},{"length":7,"name":"5-8","parent":"5-7","transform":{"x":13.14,"y":0.08,"skX":10.18,"skY":10.18}},{"length":8,"name":"4-7","parent":"4-6","transform":{"x":11.26,"y":-0.1,"skX":-5.33,"skY":-5.33}},{"length":7,"name":"3-4","parent":"3-3","transform":{"x":11.79,"y":0.21,"skX":-0.3,"skY":-0.3}},{"length":7,"name":"1-4","parent":"1-3","transform":{"x":12.27,"y":-0.03,"skX":-4.95,"skY":-4.95}},{"length":8,"name":"2-5","parent":"2-4","transform":{"x":11.75,"y":0.62,"skX":-7.81,"skY":-7.81}},{"length":9,"name":"1-5","parent":"1-4","transform":{"x":10.69,"y":-0.47,"skX":-20.71,"skY":-20.71}},{"length":10,"name":"4-8","parent":"4-7","transform":{"x":10.68,"y":0.77,"skX":23.15,"skY":23.15}},{"length":10,"name":"3-5","parent":"3-4","transform":{"x":9.94,"y":0.63,"skX":-30.51,"skY":-30.51}},{"length":9,"name":"5-9","parent":"5-8","transform":{"x":9.85,"y":0.16,"skX":64.8,"skY":64.8}},{"length":9,"name":"2-6","parent":"2-5","transform":{"x":12.03,"y":-0.63,"skX":-13.52,"skY":-13.52}},{"length":8,"name":"5-10","parent":"5-9","transform":{"x":10.33,"y":0.77,"skX":9.04,"skY":9.04}},{"length":8,"name":"3-6","parent":"3-5","transform":{"x":12.57,"y":0.91,"skX":2.45,"skY":2.45}},{"length":8,"name":"1-6","parent":"1-5","transform":{"x":11.68,"y":0.01,"skX":-8.41,"skY":-8.41}},{"length":7,"name":"4-9","parent":"4-8","transform":{"x":12.3,"y":0.41,"skX":22.37,"skY":22.37}},{"length":7,"name":"2-7","parent":"2-6","transform":{"x":11.32,"y":0.88,"skX":13.99,"skY":13.99}},{"length":11,"name":"4-10","parent":"4-9","transform":{"x":9.91,"y":0.21,"skX":-12.11,"skY":-12.11}},{"length":11,"name":"5-11","parent":"5-10","transform":{"x":9.98,"y":0.81,"skX":3.47,"skY":3.47}},{"length":9,"name":"1-7","parent":"1-6","transform":{"x":10.49,"y":-1.34,"skX":-5.71,"skY":-5.71}},{"length":10,"name":"3-7","parent":"3-6","transform":{"x":8.75,"y":0.54,"skX":-10.1,"skY":-10.1}},{"length":9,"name":"2-8","parent":"2-7","transform":{"x":9.76,"y":-0.09,"skX":-4.87,"skY":-4.87}},{"length":7,"name":"4-11","parent":"4-10","transform":{"x":13.88,"y":0.18,"skX":-2.92,"skY":-2.92}},{"length":9,"name":"1-8","parent":"1-7","transform":{"x":11.13,"y":-0.62,"skX":10.65,"skY":10.65}},{"length":7,"name":"5-12","parent":"5-11","transform":{"x":12.57,"y":0.78,"skX":-7,"skY":-7}},{"length":6,"name":"3-8","parent":"3-7","transform":{"x":13.1,"y":-0.18,"skX":1.08,"skY":1.08}},{"length":7,"name":"2-9","parent":"2-8","transform":{"x":12.74,"y":0.57,"skX":-0.06,"skY":-0.06}},{"length":10,"name":"5-13","parent":"5-12","transform":{"x":9.77,"y":0.47,"skX":-2.69,"skY":-2.69}},{"length":9,"name":"1-9","parent":"1-8","transform":{"x":11.45,"y":-0.58,"skX":2.42,"skY":2.42}},{"length":9,"name":"4-12","parent":"4-11","transform":{"x":9.38,"y":-1.37,"skX":5.14,"skY":5.14}},{"length":10,"name":"2-10","parent":"2-9","transform":{"x":9.56,"y":-0.52,"skX":-9.53,"skY":-9.53}},{"length":11,"name":"3-9","parent":"3-8","transform":{"x":8.79,"y":-0.1,"skX":0.43,"skY":0.43}},{"length":8,"name":"5-14","parent":"5-13","transform":{"x":12.38,"y":-0.35,"skX":14.66,"skY":14.66}},{"length":7,"name":"3-10","parent":"3-9","transform":{"x":13.66,"y":-0.48,"skX":-15.09,"skY":-15.09}},{"length":7,"name":"2-11","parent":"2-10","transform":{"x":13.66,"y":0.94,"skX":15.08,"skY":15.08}},{"length":8,"name":"1-10","parent":"1-9","transform":{"x":11.39,"y":-0.15,"skX":-13.56,"skY":-13.56}},{"length":7,"name":"4-13","parent":"4-12","transform":{"x":12.2,"y":-0.78,"skX":10.1,"skY":10.1}},{"length":12,"name":"4-14","parent":"4-13","transform":{"x":8.58,"y":-0.54,"skX":-7.79,"skY":-7.79}},{"length":8,"name":"3-11","parent":"3-10","transform":{"x":10.55,"y":-0.23,"skX":6.07,"skY":6.07}},{"length":10,"name":"5-15","parent":"5-14","transform":{"x":9.07,"y":0.21,"skX":-5.4,"skY":-5.4}},{"length":11,"name":"1-11","parent":"1-10","transform":{"x":10.21,"y":-0.04,"skX":-1.42,"skY":-1.42}},{"length":10,"name":"2-12","parent":"2-11","transform":{"x":9.93,"y":0.11,"skX":-5.02,"skY":-5.02}},{"length":8,"name":"3-12","parent":"3-11","transform":{"x":10.67,"y":-0.26,"skX":5.12,"skY":5.12}},{"length":7,"name":"2-13","parent":"2-12","transform":{"x":13.28,"y":0.81,"skX":-2.51,"skY":-2.51}},{"length":8,"name":"1-12","parent":"1-11","transform":{"x":13.44,"y":0.14,"skX":3.91,"skY":3.91}},{"length":12,"name":"5-16","parent":"5-15","transform":{"x":17.75,"y":4.26,"skX":32.68,"skY":32.68}},{"length":10,"name":"2-14","parent":"2-13","transform":{"x":9.25,"y":-0.05,"skX":-4.01,"skY":-4.01}},{"length":21,"name":"5-17","parent":"5-16","transform":{"x":19.99,"y":1.06,"skX":9.33,"skY":9.33}},{"length":11,"name":"3-13","parent":"3-12","transform":{"x":10.74,"y":-0.41,"skX":-9.87,"skY":-9.87}},{"length":9,"name":"1-13","parent":"1-12","transform":{"x":9.63,"y":0.75,"skX":1.28,"skY":1.28}},{"length":7,"name":"3-14","parent":"3-13","transform":{"x":12.6,"y":0.67,"skX":8.48,"skY":8.48}},{"length":9,"name":"1-14","parent":"1-13","transform":{"x":11.97,"y":-0.17,"skX":-13,"skY":-13}},{"length":8,"name":"2-15","parent":"2-14","transform":{"x":12.19,"y":0.02,"skX":-8.07,"skY":-8.07}},{"length":23,"name":"5-18","parent":"5-17","transform":{"x":27.72,"y":1.69,"skX":19.52,"skY":19.52}},{"length":10,"name":"1-15","parent":"1-14","transform":{"x":12.23,"y":0.25,"skX":2.09,"skY":2.09}},{"length":10,"name":"2-16","parent":"2-15","transform":{"x":10.24,"y":0.43,"skX":4.58,"skY":4.58}},{"length":18,"name":"5-19","parent":"5-18","transform":{"x":30.76,"y":-4.07,"skX":-80.6,"skY":-80.6}},{"length":12,"name":"3-15","parent":"3-14","transform":{"x":9.5,"y":0.23,"skX":1.25,"skY":1.25}},{"length":8,"name":"3-16","parent":"3-15","transform":{"x":13.13,"y":0.03,"skX":-5.42,"skY":-5.42}},{"length":9,"name":"2-17","parent":"2-16","transform":{"x":13.28,"y":-0.59,"skX":0.55,"skY":0.55}},{"length":17,"name":"5-20","parent":"5-19","transform":{"x":30.31,"y":0.81,"skX":9.88,"skY":9.88}},{"length":8,"name":"1-16","parent":"1-15","transform":{"x":12.29,"y":-0.53,"skX":8.56,"skY":8.56}},{"length":10,"name":"3-17","parent":"3-16","transform":{"x":10,"y":0.08,"skX":27.66,"skY":27.66}},{"length":10,"name":"2-18","parent":"2-17","transform":{"x":12.8,"y":-0.54,"skX":-1.97,"skY":-1.97}},{"length":11,"name":"1-17","parent":"1-16","transform":{"x":11.45,"y":-0.23,"skX":-1.99,"skY":-1.99}},{"length":48,"name":"5-21","parent":"5-20","transform":{"x":24.51,"y":2.94,"skX":40.85,"skY":40.85}},{"length":9,"name":"1-18","parent":"1-17","transform":{"x":12.92,"y":-0.26,"skX":6.6,"skY":6.6}},{"length":8,"name":"2-19","parent":"2-18","transform":{"x":12.34,"y":-0.16,"skX":11.27,"skY":11.27}},{"length":9,"name":"3-18","parent":"3-17","transform":{"x":11.84,"y":0.15,"skX":17.93,"skY":17.93}},{"length":10,"name":"3-19","parent":"3-18","transform":{"x":10.79,"y":-1.12,"skX":-2.53,"skY":-2.53}},{"length":10,"name":"1-19","parent":"1-18","transform":{"x":10.55,"y":0.13,"skX":0.67,"skY":0.67}},{"length":17,"name":"2-20","parent":"2-19","transform":{"x":11.29,"y":0.74,"skX":-27.38,"skY":-27.38}},{"length":5,"name":"3-20","parent":"3-19","transform":{"x":11.93,"y":2.53,"skX":57.86,"skY":57.86}},{"length":10,"name":"1-20","parent":"1-19","transform":{"x":13.25,"y":0.23,"skX":-9.39,"skY":-9.39}},{"length":15,"name":"2-21","parent":"2-20","transform":{"x":21.09,"y":-2.54,"skX":-34.09,"skY":-34.09}},{"length":6,"name":"3-21","parent":"3-20","transform":{"x":7.78,"y":1.46,"skX":0.79,"skY":0.79}},{"length":9,"name":"1-21","parent":"1-20","transform":{"x":12.65,"y":-0.52,"skX":3.25,"skY":3.25}},{"length":14,"name":"2-22","parent":"2-21","transform":{"x":19.88,"y":-0.16,"skX":-4.67,"skY":-4.67}},{"length":8,"name":"3-22","parent":"3-21","transform":{"x":7.72,"y":2.94,"skX":61.9,"skY":61.9}},{"length":7,"name":"1-22","parent":"1-21","transform":{"x":11.11,"y":-0.25,"skX":-0.97,"skY":-0.97}},{"length":8,"name":"3-23","parent":"3-22","transform":{"x":11.4,"y":-0.71,"skX":-1.34,"skY":-1.34}},{"length":10,"name":"1-23","parent":"1-22","transform":{"x":10.03,"y":0.03,"skX":2.28,"skY":2.28}},{"length":9,"name":"1-24","parent":"1-23","transform":{"x":12.53,"y":-0.27,"skX":2.02,"skY":2.02}},{"length":6,"name":"3-24","parent":"3-23","transform":{"x":11.95,"y":-0.34,"skX":0.45,"skY":0.45}},{"length":10,"name":"1-25","parent":"1-24","transform":{"x":11.44,"y":0.36,"skX":18.86,"skY":18.86}},{"length":5,"name":"3-25","parent":"3-24","transform":{"x":9.85,"y":-0.46,"skX":-5.35,"skY":-5.35}},{"length":10,"name":"3-26","parent":"3-25","transform":{"x":8.94,"y":-0.35,"skX":-2.39,"skY":-2.39}},{"length":7,"name":"1-26","parent":"1-25","transform":{"x":13.06,"y":0.08,"skX":-18.9,"skY":-18.9}},{"length":7,"name":"3-27","parent":"3-26","transform":{"x":13.27,"y":0.8,"skX":1.68,"skY":1.68}},{"length":8,"name":"1-27","parent":"1-26","transform":{"x":9.83,"y":-1.95,"skX":-40.02,"skY":-40.02}},{"length":10,"name":"1-28","parent":"1-27","transform":{"x":11.32,"y":0.42,"skX":-0.59,"skY":-0.59}},{"length":13,"name":"3-28","parent":"3-27","transform":{"x":8.61,"y":-0.05,"skX":-10.89,"skY":-10.89}},{"length":9,"name":"3-29","parent":"3-28","transform":{"x":13.41,"y":-0.14,"skX":1.66,"skY":1.66}},{"length":11,"name":"3-30","parent":"3-29","transform":{"x":9.52,"y":0.06,"skX":10.77,"skY":10.77}},{"length":9,"name":"3-31","parent":"3-30","transform":{"x":12.61,"y":0.12,"skX":-4.14,"skY":-4.14}},{"length":9,"name":"3-32","parent":"3-31","transform":{"x":11.19,"y":-0.86,"skX":-11.54,"skY":-11.54}},{"length":8,"name":"3-33","parent":"3-32","transform":{"x":11.88,"y":0.31,"skX":-25.27,"skY":-25.27}},{"length":9,"name":"3-34","parent":"3-33","transform":{"x":9.98,"y":0.16,"skX":3.41,"skY":3.41}},{"length":7,"name":"3-35","parent":"3-34","transform":{"x":13.47,"y":1.46,"skX":-2.41,"skY":-2.41}},{"length":8,"name":"3-36","parent":"3-35","transform":{"x":9.98,"skX":-6.81,"skY":-6.81}},{"length":5,"name":"3-37","parent":"3-36","transform":{"x":11.54,"y":0.43,"skX":0.14,"skY":0.14}},{"length":11,"name":"3-38","parent":"3-37","transform":{"x":9.23,"y":-0.64,"skX":5.13,"skY":5.13}},{"length":7,"name":"3-39","parent":"3-38","transform":{"x":13.98,"y":-0.13,"skX":6,"skY":6}},{"length":9,"name":"3-40","parent":"3-39","transform":{"x":10.25,"y":-0.59,"skX":-18.04,"skY":-18.04}},{"length":9,"name":"3-41","parent":"3-40","transform":{"x":11.35,"y":0.23,"skX":3.05,"skY":3.05}},{"length":9,"name":"3-42","parent":"3-41","transform":{"x":12.43,"y":-0.17,"skX":8.76,"skY":8.76}},{"length":8,"name":"3-43","parent":"3-42","transform":{"x":12.05,"y":0.17,"skX":-7.29,"skY":-7.29}},{"length":8,"name":"3-44","parent":"3-43","transform":{"x":7.79,"y":-1.94,"skX":-95.63,"skY":-95.63}},{"length":7,"name":"3-45","parent":"3-44","transform":{"x":12.09,"y":-1.01,"skX":-38.26,"skY":-38.26}},{"length":10,"name":"3-46","parent":"3-45","transform":{"x":10.87,"y":0.99,"skX":13.63,"skY":13.63}},{"length":8,"name":"3-47","parent":"3-46","transform":{"x":11.89,"y":-0.8,"skX":2.98,"skY":2.98}},{"length":10,"name":"3-48","parent":"3-47","transform":{"x":9.85,"y":0.29,"skX":-14.02,"skY":-14.02}},{"length":8,"name":"3-49","parent":"3-48","transform":{"x":11.79,"y":-1.78,"skX":-29.92,"skY":-29.92}},{"length":10,"name":"3-50","parent":"3-49","transform":{"x":11.24,"y":-0.98,"skX":6.68,"skY":6.68}},{"length":5,"name":"3-51","parent":"3-50","transform":{"x":13.3,"y":-0.38,"skX":-6.22,"skY":-6.22}},{"length":7,"name":"3-52","parent":"3-51","transform":{"x":9.24,"y":0.26,"skX":23.5,"skY":23.5}},{"length":8,"name":"3-53","parent":"3-52","transform":{"x":11.03,"y":-0.06,"skX":11.02,"skY":11.02}},{"length":8,"name":"3-54","parent":"3-53","transform":{"x":11.67,"y":-0.03,"skX":-5.28,"skY":-5.28}},{"length":7,"name":"3-55","parent":"3-54","transform":{"x":12.16,"y":1.35,"skX":-5.9,"skY":-5.9}},{"length":8,"name":"3-56","parent":"3-55","transform":{"x":10.68,"y":0.12,"skX":0.1,"skY":0.1}},{"length":8,"name":"3-57","parent":"3-56","transform":{"x":12.09,"y":0.86,"skX":10.61,"skY":10.61}},{"length":9,"name":"3-58","parent":"3-57","transform":{"x":11.47,"y":-0.07,"skX":-2.72,"skY":-2.72}},{"length":8,"name":"3-59","parent":"3-58","transform":{"x":11.09,"y":0.16,"skX":4.48,"skY":4.48}},{"length":10,"name":"3-60","parent":"3-59","transform":{"x":10.25,"y":-0.38,"skX":-1.18,"skY":-1.18}},{"length":6,"name":"3-61","parent":"3-60","transform":{"x":13.31,"y":0.4,"skX":15.94,"skY":15.94}},{"length":7,"name":"3-62","parent":"3-61","transform":{"x":10.17,"y":0.27,"skX":12.03,"skY":12.03}},{"length":6,"name":"3-63","parent":"3-62","transform":{"x":10.78,"y":0.35,"skX":-5.91,"skY":-5.91}},{"length":8,"name":"3-64","parent":"3-63","transform":{"x":10,"y":1.31,"skX":34.03,"skY":34.03}},{"length":9,"name":"3-65","parent":"3-64","transform":{"x":11.41,"y":0.05,"skX":5.23,"skY":5.23}},{"length":8,"name":"3-66","parent":"3-65","transform":{"x":10.14,"y":-0.14,"skX":5.76,"skY":5.76}},{"length":7,"name":"3-67","parent":"3-66","transform":{"x":5.83,"y":3.62,"skX":77.15,"skY":77.15}},{"length":9,"name":"3-68","parent":"3-67","transform":{"x":8.4,"y":0.24,"skX":10.09,"skY":10.09}},{"length":6,"name":"3-69","parent":"3-68","transform":{"x":12.28,"y":0.53,"skX":11.41,"skY":11.41}},{"length":9,"name":"3-70","parent":"3-69","transform":{"x":10.41,"y":-0.17,"skX":-10.1,"skY":-10.1}},{"length":8,"name":"3-71","parent":"3-70","transform":{"x":11.63,"y":0.06,"skX":5.4,"skY":5.4}},{"length":10,"name":"3-72","parent":"3-71","transform":{"x":10.68,"y":0.04,"skX":-3.82,"skY":-3.82}},{"length":8,"name":"3-73","parent":"3-72","transform":{"x":12.88,"y":-0.28,"skX":9.61,"skY":9.61}},{"length":9,"name":"3-74","parent":"3-73","transform":{"x":11.08,"y":-0.13,"skX":-28.94,"skY":-28.94}},{"length":51,"name":"3-75","parent":"3-74","transform":{"x":15.01,"y":-4.3,"skX":-36.02,"skY":-36.02}}],"slot":[{"name":"5","parent":"5"},{"name":"4","parent":"4"},{"name":"3","parent":"3"},{"name":"2","parent":"2"},{"name":"1","parent":"1"},{"name":"5-5","parent":"5-21"},{"name":"4-4","parent":"4-14"},{"name":"1-1","parent":"1-28"},{"name":"2-2","parent":"2-22"},{"name":"3-","parent":"3-75"}],"skin":[{"slot":[{"name":"2-2","display":[{"type":"mesh","name":"2-2","width":253,"height":105,"vertices":[15.09,-94.69,25.01,-90.83,36.31,-88.69,47.39,-84.7,60.82,-82.11,73.19,-78.44,83.19,-81.93,90,-88.25,102.55,-101.01,122.09,-102.13,129.4,-96.76,133.37,-90.17,129.34,-76.68,124.5,-67.74,117.34,-58.88,111.64,-50.91,99.27,-50.94,89.17,-56.08,76.38,-58.78,67.52,-63.24,54.41,-64.38,45.06,-67.97,32.92,-70.89,21.84,-74.68,10.17,-76.92,-0.33,-79.65,-12.18,-85.44,-22,-91.54,-30.46,-93.58,-42.32,-98.35,-54.51,-105.47,-64.32,-110.57,-73.52,-115.66,-85.05,-118.87,-95.89,-125.98,-104.01,-134.11,-112.49,-138.17,-119.59,-145.29,-119.6,-156.26,-115.81,-156.25,-101.92,-153.21,-93.79,-145.76,-84.31,-139.66,-76.85,-132.2,-67.03,-130.17,-54.14,-126.43,-46.02,-120.32,-37.21,-116.25,-25.7,-111.82,-13.16,-107.4,-3.34,-104,5.61,-98.56],"uvs":[0.53254,0.58539,0.57179,0.62197,0.61646,0.64221,0.6603,0.67982,0.7134,0.70423,0.76234,0.73878,0.80177,0.70531,0.82861,0.64495,0.87806,0.52304,0.95524,0.51184,0.9842,0.56292,0.99999,0.62547,0.9842,0.754,0.96517,0.83931,0.93694,0.92388,0.9145,0.99999,0.86568,0.99999,0.82572,0.95137,0.7751,0.926,0.74005,0.88371,0.68823,0.87314,0.65123,0.83931,0.60325,0.81182,0.55937,0.77588,0.51323,0.75472,0.47171,0.7289,0.42483,0.67403,0.38599,0.61594,0.3525,0.59658,0.30562,0.55139,0.2574,0.48362,0.21856,0.43521,0.18215,0.3868,0.13661,0.35625,0.09375,0.28848,0.06161,0.21102,0.02812,0.17229,0,0.10452,0,0,0.01497,0,0.06989,0.02904,0.10203,0.10004,0.13954,0.15813,0.169,0.22914,0.20785,0.2485,0.25874,0.284,0.29089,0.34209,0.32571,0.38082,0.37125,0.42278,0.42081,0.46473,0.45965,0.49701,0.49504,0.54864],"triangles":[10,12,11,7,13,12,8,7,12,9,8,12,10,9,12,7,14,13,7,17,14,17,16,14,16,15,14,6,17,7,5,18,6,6,18,17,5,19,18,4,19,5,4,20,19,21,20,4,3,21,4,22,21,3,2,22,3,23,22,2,1,23,2,24,23,1,0,24,1,25,24,0,51,25,0,26,25,51,50,26,51,49,27,26,49,26,50,48,27,49,48,28,27,29,28,48,47,29,48,30,29,47,46,30,47,31,30,46,45,31,46,44,31,45,44,32,31,43,32,44,43,33,32,34,33,43,42,34,43,35,34,41,41,34,42,40,35,41,36,35,40,37,36,40,39,37,40,38,37,39],"weights":[5,49,0.00007,60,0.00704,62,0.04365,65,0.72416,71,0.22505,3,65,0.10405,71,0.65746,74,0.23847,3,71,0.00455,74,0.8193,78,0.17612,2,78,0.90443,82,0.09556,2,82,0.86865,86,0.13134,3,82,0.01437,86,0.96141,93,0.02421,4,86,0.28222,90,0.31242,93,0.40187,96,0.00347,4,86,0.04606,90,0.07276,93,0.79903,96,0.08213,3,86,0.00003,93,0.32714,96,0.6728,1,96,0.99999,1,96,1,1,96,1,3,90,0.00298,93,0.18082,96,0.81619,3,90,0.07752,93,0.51206,96,0.41039,3,90,0.32742,93,0.58286,96,0.08971,3,90,0.5614,93,0.42278,96,0.01581,2,90,0.78959,93,0.2104,2,90,0.97751,93,0.02248,1,90,1,4,78,0.01174,82,0.12831,86,0.44384,90,0.41608,4,78,0.35926,82,0.61176,86,0.02675,90,0.0022,3,74,0.0983,78,0.74358,82,0.15809,3,71,0.04605,74,0.87433,78,0.07961,3,65,0.06123,71,0.66341,74,0.27535,3,62,0.13235,65,0.67171,71,0.19593,3,60,0.01271,62,0.70961,65,0.27766,3,53,0.0413,60,0.57421,62,0.38448,4,45,0.00942,53,0.85665,60,0.10607,62,0.02784,4,45,0.13618,49,0.40624,53,0.45752,62,0.00003,4,40,0.00359,45,0.80259,49,0.18613,53,0.00767,2,40,0.84639,45,0.1536,3,30,0.04938,35,0.84118,40,0.10942,3,25,0.00995,30,0.83222,35,0.15782,3,20,0.04434,25,0.92345,30,0.03218,3,15,0.04216,20,0.71108,25,0.24675,3,8,0.0204,15,0.76592,20,0.21367,2,8,0.78936,15,0.21063,1,8,1,1,8,1,1,8,1,3,8,0.88145,15,0.11673,20,0.00181,2,15,0.77383,20,0.22616,4,15,0.043,20,0.76887,25,0.18809,35,0.00001,5,20,0.06415,25,0.68608,30,0.24956,35,0.00016,40,0.00002,3,30,0.99986,45,0.00009,49,0.00004,5,20,0.00003,30,0.19152,35,0.33917,40,0.46889,49,0.00037,4,30,0.0005,40,0.9698,45,0.02898,49,0.0007,3,40,0.0999,45,0.61536,49,0.28472,2,49,0.99996,65,0.00003,4,53,0.70371,60,0.29317,62,0.00252,65,0.00058,3,49,0.00665,53,0.18081,60,0.81252,6,49,0.00143,53,0.00842,60,0.43016,62,0.3598,65,0.20013,74,0.00003],"slotPose":[1,0,0,1,0,0],"bonePose":[49,0.969872,0.243615,-0.243615,0.969872,-35.201039,-106.630409,60,0.912406,0.409286,-0.409286,0.912406,-13.565409,-97.453488,62,0.929455,0.368936,-0.368936,0.929455,-1.780178,-91.279119,65,0.952979,0.303035,-0.303035,0.952979,6.835726,-87.912935,71,0.986083,0.166252,-0.166252,0.986083,18.446484,-84.199876,53,0.873092,0.487555,-0.487555,0.873092,-22.181585,-102.390948,74,0.969659,0.244461,-0.244461,0.969659,28.472487,-82.073435,78,0.967268,0.253758,-0.253758,0.967268,41.493792,-79.399088,82,0.975419,0.220357,-0.220357,0.975419,54.011848,-76.673311,86,0.913545,0.406737,-0.406737,0.913545,66.083779,-74.110173,93,0.793672,-0.608346,0.608346,0.793672,97.000283,-72.621097,90,0.99826,-0.058958,0.058958,0.99826,76.096722,-68.842093,96,0.741508,-0.670944,0.670944,0.741508,112.681146,-84.842002,45,0.916153,0.400829,-0.400829,0.916153,-44.167892,-109.985933,40,0.915733,0.401788,-0.401788,0.915733,-55.605308,-115.626679,30,0.967841,0.251563,-0.251563,0.967841,-74.955294,-123.913069,35,0.878317,0.478079,-0.478079,0.878317,-64.220708,-120.21368,25,0.882209,0.470858,-0.470858,0.882209,-85.864909,-129.021698,20,0.810042,0.586372,-0.586372,0.810042,-95.019348,-136.413799,15,0.763232,0.646124,-0.646124,0.763232,-103.111832,-143.801781,8,0.866113,0.499849,-0.499849,0.866113,-115.78,-151.54],"edges":[38,37,37,36,36,35,35,34,34,33,33,32,32,31,31,30,30,29,29,28,28,27,27,26,26,25,25,24,24,23,23,22,22,21,21,20,20,19,19,18,18,17,17,16,16,15,15,14,14,13,13,12,12,11,11,10,10,9,9,8,8,7,7,6,6,5,5,4,4,3,3,2,2,1,1,0,0,51,51,50,50,49,49,48,48,47,47,46,46,45,45,44,44,43,43,42,42,41,41,40,40,39,39,38],"userEdges":[]}]},{"name":"1","display":[{"type":"mesh","name":"1","width":79,"height":77,"vertices":[35.68,43.78,-43.31,43.78,-43.31,-33.21,35.68,-33.21],"uvs":[1,1,0,1,0,0,1,0],"triangles":[1,0,3,2,1,3],"edges":[1,0,0,3,3,2,2,1],"userEdges":[]}]},{"name":"4","display":[{"type":"mesh","name":"4","width":72,"height":70,"vertices":[32.84,39.29,-39.15,39.29,-39.15,-30.7,32.84,-30.7],"uvs":[1,1,0,1,0,0,1,0],"triangles":[1,0,3,2,1,3],"edges":[1,0,0,3,3,2,2,1],"userEdges":[]}]},{"name":"3-","display":[{"type":"mesh","name":"3-","width":243,"height":380,"vertices":[68.18,-100.72,79.18,-94.99,88.37,-87.7,97.56,-83.18,109.6,-75.57,115.73,-63.18,117.31,-53.43,119.85,-43.69,116.37,-37.69,108.71,-27.8,102.97,-22.05,94.67,-24.39,83.04,-25.02,71.43,-27.12,61.91,-27.92,50.45,-28.24,40.26,-29.52,27.98,-28.9,18.03,-28.13,5.2,-27.83,-6.14,-28.15,-15.14,-26.53,-21.31,-23.52,-31.43,-17.28,-41.05,-10.63,-50.33,-4.91,-58.68,0.67,-68.58,8.83,-76.06,14.76,-86.48,23.53,-91.86,31.06,-100.1,37.61,-109.55,43.57,-101.89,45.29,-89.75,45.13,-80.09,50.99,-71.02,50.88,-62.63,49.29,-52.86,44.46,-40.81,39.67,-27.44,34.98,-16.89,36,-6.08,36.63,5.47,39.47,14.91,39.34,29.98,40.11,39.57,41.51,50.99,43.74,62.34,45.24,77.85,49.34,88.22,54.86,95.72,60.79,103.1,72.86,109.38,83.12,113.91,92.48,114.18,102.38,102.25,107.06,93.14,110.86,79.78,114.88,68.78,116.17,59.41,117.98,47.09,120.98,33.92,122.92,29.56,127.35,26.48,137.63,39.88,143.11,38.25,156.58,23.26,160.08,-6.66,188.79,-10.78,146.91,-17.4,128.7,-7.53,119.5,3.34,126.47,9.87,112.21,18.03,109.85,32.84,107.31,43.16,105.01,55.54,104.71,67.1,100.74,77.09,101.45,87.17,97.35,98.02,94.58,95.23,87.19,91.64,79.16,86.52,73.15,76.92,68.34,70.68,62.46,62.3,60.65,49.68,57.45,39.14,56.67,25.82,54.3,16.41,55.38,5.53,56.14,-5.72,56.23,-19.25,53.06,-26.78,53.32,-36.08,52.52,-43.6,56.46,-55.52,63.09,-68.37,67.54,-82.11,64.64,-92.29,62.16,-103.66,60.55,-118.32,53.8,-123.46,44.02,-118.9,36.29,-111.95,27.27,-104.3,18.53,-96.56,11.84,-85.54,3.04,-77.41,-3.93,-69.02,-11.79,-59.48,-19.32,-50.26,-25.34,-40.22,-31.33,-30.32,-40.88,-18.56,-44.66,-5.65,-43.64,5.77,-43.21,15.56,-42.99,25.86,-44.41,38.9,-43.71,50.37,-44.41,63.74,-43.72,73.46,-41.02,83.66,-40.34,96.19,-38.67,105.94,-42.75,104.48,-47.33,100.07,-54.81,95.56,-61.29,89.34,-68.09,79.34,-73.52,70,-81.27,63.28,-85.21,52.6,-89.39,41.6,-93.5,30.6,-99.07,20.24,-103.9,10.54,-110.26,0.18,-118.38,-7.94,-127.66,-18.1,-136.79,-23.93,-148.13,-26.17,-158.48,-28.56,-168.29,-33.72,-176.19,-39.62,-184.11,-37.25,-191.25,-28.66,-191.25,-22.17,-185.64,-16.06,-175.43,-12.73,-162.76,-10.87,-151.68,-5.19,-144.61,1.68,-138.13,9.38,-130.68,19.77,-125.81,26.53,-118.34,37.17,-114.11,48.43,-111.16,59.76,-104.33],"uvs":[0.78533,0.23795,0.83066,0.25299,0.86853,0.27209,0.9064,0.28396,0.956,0.3039,0.98133,0.33642,0.98799,0.36208,0.99857,0.38765,0.9843,0.40346,0.9529,0.42952,0.92937,0.4447,0.89512,0.43862,0.84732,0.43707,0.79952,0.43168,0.76028,0.4297,0.71315,0.42897,0.6712,0.4257,0.62071,0.42747,0.57981,0.42961,0.52708,0.43055,0.48045,0.42984,0.44348,0.43421,0.41818,0.4422,0.3767,0.45873,0.33729,0.47632,0.29928,0.49151,0.26506,0.50631,0.22461,0.52794,0.194,0.54365,0.15142,0.5669,0.12948,0.5868,0.09583,0.60416,0.05713,0.62001,0.08871,0.62437,0.13859,0.62374,0.1785,0.63894,0.21578,0.63845,0.2502,0.63407,0.29022,0.62118,0.33956,0.60832,0.39435,0.59571,0.43778,0.59812,0.48222,0.59953,0.52979,0.60671,0.56854,0.60616,0.63053,0.60783,0.66999,0.61124,0.71699,0.61679,0.76369,0.62043,0.82759,0.6308,0.8704,0.645,0.90145,0.66039,0.9323,0.69184,0.95859,0.71864,0.97771,0.74306,0.9793,0.76905,0.93047,0.78173,0.89332,0.79199,0.83866,0.80295,0.79355,0.80671,0.75522,0.81178,0.70483,0.82003,0.65094,0.82558,0.63327,0.83739,0.62121,0.86449,0.67646,0.87839,0.67051,0.91383,0.60918,0.92356,0.48803,0.99998,0.46866,0.89022,0.44048,0.84266,0.48048,0.81816,0.52547,0.83606,0.55144,0.79838,0.5848,0.79186,0.64555,0.78464,0.68779,0.77824,0.73864,0.77703,0.78591,0.76621,0.82698,0.76777,0.86822,0.75668,0.91266,0.74905,0.90084,0.72971,0.88579,0.70872,0.8645,0.69307,0.82486,0.68069,0.79895,0.66542,0.76443,0.66091,0.71235,0.65285,0.66891,0.65108,0.61402,0.64521,0.5753,0.64829,0.53052,0.65054,0.48444,0.65102,0.42869,0.64304,0.39775,0.64389,0.35945,0.64201,0.32865,0.65252,0.27989,0.67023,0.22723,0.68221,0.17066,0.67487,0.12873,0.66857,0.08192,0.66453,0.02145,0.64709,0,0.62145,0.01852,0.60102,0.04681,0.57717,0.07801,0.55409,0.10966,0.53636,0.15472,0.51304,0.18797,0.49451,0.22228,0.47374,0.2613,0.45377,0.2991,0.43781,0.34028,0.42193,0.38081,0.39668,0.42909,0.3866,0.48222,0.38911,0.52914,0.39011,0.56941,0.39057,0.61176,0.3867,0.66546,0.38841,0.71262,0.38644,0.7676,0.38812,0.80763,0.39512,0.84962,0.39677,0.90118,0.40105,0.94129,0.39025,0.93525,0.37822,0.91696,0.35858,0.8983,0.34157,0.8727,0.3237,0.83152,0.30951,0.79304,0.28918,0.76533,0.27881,0.72133,0.26787,0.67599,0.25713,0.63066,0.24254,0.58799,0.22987,0.54799,0.21315,0.50529,0.19184,0.47189,0.16742,0.43007,0.14341,0.40603,0.11355,0.39682,0.0863,0.38699,0.06048,0.36574,0.03965,0.34144,0.01881,0.3512,0,0.38658,0,0.41325,0.01478,0.43845,0.04166,0.45217,0.07503,0.45981,0.10419,0.48318,0.12277,0.51143,0.13983,0.54312,0.15944,0.58591,0.17223,0.61378,0.19184,0.65762,0.20292,0.70399,0.21059,0.75066,0.2285],"triangles":[128,127,6,127,8,7,6,127,7,5,129,6,129,128,6,127,9,8,4,130,5,130,129,5,54,81,55,81,56,55,53,81,54,52,82,53,82,81,53,3,131,4,131,130,4,127,126,9,126,10,9,126,11,10,83,82,52,81,57,56,51,84,52,84,83,52,80,57,81,2,131,3,2,132,131,12,11,126,125,12,126,50,84,51,50,85,84,80,79,57,79,58,57,49,86,50,86,85,50,133,132,2,1,133,2,124,13,125,125,13,12,78,59,79,79,59,58,134,133,1,0,134,1,48,87,86,48,86,49,78,77,59,14,13,124,123,14,124,77,60,59,135,134,0,161,135,0,122,15,14,47,88,48,48,88,87,122,14,123,77,61,60,76,61,77,136,135,161,160,136,161,16,15,122,121,16,122,89,88,47,46,89,47,159,136,160,76,75,61,75,62,61,159,137,136,121,17,16,64,67,66,90,89,46,45,90,46,64,66,65,120,17,121,158,138,137,75,74,62,158,137,159,74,63,62,120,18,17,74,73,63,73,72,63,72,64,63,44,90,45,119,18,120,44,91,90,69,67,64,72,69,64,157,139,158,139,138,158,69,68,67,156,140,139,43,92,44,44,92,91,119,19,18,156,139,157,118,19,119,43,93,92,118,117,19,117,20,19,155,141,156,141,140,156,70,69,72,42,93,43,71,70,72,154,141,155,42,94,93,142,141,154,41,94,42,21,20,117,116,21,117,153,142,154,143,142,153,152,144,153,144,143,153,40,95,94,40,94,41,116,115,21,115,22,21,151,145,152,145,144,152,150,146,151,146,145,151,96,95,40,115,114,22,114,23,22,39,96,40,149,146,150,147,146,149,148,147,149,114,113,23,113,24,23,38,97,39,39,97,96,113,112,24,112,25,24,38,98,97,112,111,26,37,98,38,112,26,25,37,99,98,36,99,37,110,27,26,111,110,26,35,100,36,36,100,99,109,28,27,110,109,27,109,29,28,109,108,29,101,100,35,34,101,35,33,101,34,107,30,29,108,107,29,33,102,101,107,31,30,107,106,31,32,103,102,32,102,33,106,32,31,106,105,32,104,103,32,105,104,32],"weights":[4,61,0.05271,67,0.83408,69,0.11165,76,0.00154,3,69,0.78877,76,0.20862,77,0.0026,3,69,0.01615,76,0.84384,77,0.13999,3,76,0.01933,77,0.87016,81,0.11049,2,81,0.95332,87,0.04667,3,81,0.06443,87,0.76922,88,0.16634,2,87,0.14371,88,0.85628,3,87,0.00412,88,0.45563,91,0.54024,1,91,1,2,94,0.93981,97,0.06018,2,94,0.48929,97,0.5107,2,97,0.93661,99,0.06338,3,97,0.07522,99,0.86022,102,0.06454,4,99,0.04091,102,0.85819,104,0.0997,105,0.00119,3,102,0.05261,104,0.78862,105,0.15875,2,105,0.90246,107,0.09753,3,105,0.04333,107,0.89649,110,0.06017,3,107,0.00758,110,0.9204,111,0.07199,2,110,0.11389,111,0.8861,1,112,1,2,112,0.50897,114,0.49102,3,112,0.03045,114,0.79881,115,0.17072,3,114,0.18508,115,0.75969,116,0.05521,4,114,0.0014,115,0.01861,116,0.88972,117,0.09024,3,116,0.0464,117,0.8242,118,0.12939,4,117,0.05848,118,0.83968,119,0.09823,120,0.00359,2,119,0.80875,120,0.19124,2,120,0.83028,121,0.16971,4,120,0.04103,121,0.89701,122,0.0592,123,0.00274,2,122,0.76965,123,0.23034,2,122,0.04643,123,0.95356,4,123,0.7903,125,0.17838,126,0.02634,127,0.00496,5,123,0.0183,125,0.49157,126,0.31391,127,0.17605,128,0.00015,3,125,0.0528,127,0.72822,128,0.21897,3,125,0.00049,128,0.94476,129,0.05474,4,128,0.1207,129,0.81729,130,0.05826,131,0.00373,3,129,0.06403,130,0.79108,131,0.14488,2,130,0.08997,131,0.91002,2,131,0.56881,133,0.43118,2,133,0.82693,134,0.17306,3,134,0.77445,135,0.22518,136,0.00036,2,135,0.85133,136,0.14866,4,135,0.03276,136,0.92385,137,0.04335,140,0.00002,4,136,0.01036,137,0.88738,138,0.10203,140,0.00019,4,137,0.06549,138,0.89776,139,0.03671,141,0.00002,3,136,0.00001,139,0.85929,140,0.14068,5,137,0.00009,139,0.1036,140,0.87615,141,0.02011,144,0.00001,5,140,0.05129,141,0.89527,142,0.05312,144,0.00025,145,0.00004,5,141,0.00966,142,0.98645,144,0.00221,143,0.00118,145,0.00047,5,140,0.00014,141,0.0044,144,0.01211,143,0.9833,147,0.00002,7,140,0.00001,141,0.0006,144,0.78898,143,0.02215,145,0.18796,147,0.00023,148,0.00003,5,141,0.00011,144,0.0157,145,0.91069,146,0.07337,148,0.0001,4,144,0.00048,143,0.00003,146,0.90152,147,0.09796,4,144,0.00005,146,0.00346,147,0.84709,148,0.14937,2,147,0.13789,148,0.86209,3,147,0.01021,148,0.66771,149,0.32205,2,149,0.99168,151,0.00831,2,149,0.72355,151,0.27644,2,151,0.92421,152,0.07577,2,151,0.05903,152,0.94096,3,152,0.92613,156,0.07301,157,0.00083,3,152,0.57762,156,0.39365,157,0.02872,3,152,0.10906,156,0.74441,157,0.14651,3,152,0.02422,156,0.504,157,0.47177,1,157,1,1,157,1,1,157,1,1,157,1,1,157,1,1,157,1,1,157,1,1,157,1,1,157,1,2,152,0.00121,156,0.99878,1,156,1,2,152,0.13872,156,0.86127,2,152,0.5046,156,0.49539,2,152,0.90947,156,0.09052,1,152,1,2,151,0.84987,152,0.15012,2,149,0.55847,151,0.44152,3,147,0.21951,148,0.33463,149,0.44585,3,146,0.08117,147,0.85962,149,0.0592,4,145,0.05642,146,0.80236,147,0.13843,149,0.00278,2,145,0.77541,146,0.22458,4,144,0.82468,143,0.10612,145,0.05831,146,0.01087,3,142,0.08926,144,0.12218,143,0.78855,3,142,0.81742,144,0.00022,143,0.18234,4,140,0.0194,141,0.87465,142,0.10461,143,0.00133,2,140,0.93163,141,0.06836,3,138,0.07627,139,0.90423,140,0.01949,3,137,0.04145,138,0.8182,139,0.14034,3,136,0.03027,137,0.83873,138,0.13098,2,136,0.80005,137,0.19994,5,133,0.00682,134,0.04193,135,0.81659,136,0.12428,137,0.01036,4,133,0.09964,134,0.51998,135,0.37539,136,0.00498,4,131,0.00566,133,0.80204,134,0.16275,135,0.02953,3,129,0.00001,131,0.34559,133,0.65438,2,129,0.00025,131,0.99973,3,130,0.99498,131,0.00437,133,0.00064,4,128,0.00611,129,0.89507,130,0.09877,133,0.00003,3,127,0.04951,128,0.82197,129,0.1285,2,127,0.82473,128,0.17526,3,126,0.94457,127,0.05498,129,0.00044,3,123,0.00005,125,0.48939,126,0.51055,1,125,1,2,123,0.52146,125,0.47853,3,122,0.07497,123,0.89997,125,0.02505,2,122,0.83717,123,0.16282,3,120,0.0361,121,0.8737,122,0.09018,3,119,0.0115,120,0.88895,121,0.09954,2,119,0.81803,120,0.18196,4,117,0.02967,118,0.95163,119,0.01789,120,0.00079,3,116,0.00731,117,0.91013,118,0.08254,3,115,0.06085,116,0.87061,117,0.06852,2,114,0.08617,115,0.91382,2,114,0.94548,115,0.05451,2,112,0.54816,114,0.45182,2,111,0.07676,112,0.92323,3,110,0.08787,111,0.78987,112,0.12224,2,110,0.92666,111,0.07333,2,107,0.85349,110,0.1465,2,105,0.91097,107,0.08902,3,94,0.00001,104,0.9079,105,0.09208,5,91,0.00002,94,0.0001,99,0.01081,102,0.92408,104,0.06496,4,88,0.0001,91,0.00056,99,0.93387,102,0.06545,4,94,0.22895,97,0.74865,99,0.02236,104,0.00003,5,88,0.13454,91,0.71404,94,0.13022,97,0.02114,102,0.00002,7,77,0.00009,87,0.09314,88,0.69631,91,0.19644,94,0.01333,97,0.00064,102,0.00001,5,77,0.01167,81,0.04353,87,0.79881,88,0.13823,91,0.00772,3,77,0.09873,81,0.56431,87,0.33694,4,76,0.03014,77,0.73515,81,0.20638,87,0.02831,3,76,0.8994,77,0.0962,81,0.00437,3,67,0.00636,69,0.73512,76,0.25851,3,67,0.71768,69,0.25914,76,0.02316,2,61,0.56223,67,0.43776,3,52,0.00428,57,0.66938,61,0.32632,3,52,0.833,57,0.1542,61,0.01278,3,44,0.01735,50,0.76205,52,0.22059,2,44,0.7121,50,0.28788,3,39,0.933,44,0.05243,50,0.01456,3,28,0.00264,32,0.91262,39,0.08472,1,28,1,3,17,0.05898,23,0.91061,28,0.0304,3,13,0.03356,17,0.88925,23,0.07717,3,9,0.02723,13,0.82912,17,0.14364,3,9,0.87228,13,0.12588,17,0.00183,2,9,0.99862,13,0.00137,1,9,1,1,9,1,2,9,0.98627,13,0.01372,2,9,0.03433,13,0.96566,2,13,0.00305,17,0.99694,4,17,0.03703,23,0.81965,28,0.13797,32,0.00533,3,23,0.04008,28,0.82106,32,0.13884,3,28,0.04979,32,0.88051,39,0.06968,4,32,0.01949,39,0.86794,44,0.11109,50,0.00146,2,44,0.83546,50,0.16453,4,44,0.03776,50,0.84808,52,0.10746,57,0.00668,3,52,0.80049,57,0.19762,67,0.00188,4,52,0.02192,57,0.79504,61,0.14785,67,0.03517,2,61,0.58655,67,0.41344],"slotPose":[1,0,0,1,0,0],"bonePose":[61,0.850077,0.526659,-0.526659,0.850077,48.818846,-100.432355,67,0.927771,0.37315,-0.37315,0.927771,58.164599,-95.124567,69,0.862602,0.505883,-0.505883,0.862602,69.604505,-89.801274,76,0.851361,0.52458,-0.52458,0.851361,77.682871,-84.796985,77,0.897104,0.441819,-0.441819,0.897104,88.845502,-77.883704,81,0.589478,0.807784,-0.807784,0.589478,97.781199,-73.393745,87,0.312169,0.950027,-0.950027,0.312169,104.639455,-63.741159,88,0.353801,0.935321,-0.935321,0.353801,109.071789,-53.840002,147,0.332161,0.943223,-0.943223,0.332161,100.10674,82.501846,91,-0.603765,0.797163,-0.797163,-0.603765,110.926278,-41.78651,94,-0.614698,0.788762,-0.788762,-0.614698,105.065132,-36.466081,97,-0.985319,-0.170725,0.170725,-0.985319,98.0007,-32.184049,141,0.983382,0.181549,-0.181549,0.983382,46.862857,50.379452,99,-0.989042,-0.147637,0.147637,-0.989042,86.646852,-33.430743,102,-0.987852,-0.1554,0.1554,-0.987852,74.777608,-34.858728,148,0.235821,0.971797,-0.971797,0.235821,103.606905,92.019621,104,-0.998038,-0.062616,0.062616,-0.998038,64.975786,-35.935007,105,-0.999781,-0.020942,0.020942,-0.999781,56.031413,-36.145484,107,-0.998737,-0.050244,0.050244,-0.998737,42.781078,-37.223214,110,-0.990244,0.139346,-0.139346,-0.990244,34.17944,-37.605881,111,-0.993865,0.110602,-0.110602,-0.993865,20.91978,-35.598618,112,-0.997026,-0.077067,0.077067,-0.997026,11.451551,-34.605322,114,-0.980751,0.195261,-0.195261,-0.980751,-12.305767,-34.891475,115,-0.803545,0.595244,-0.595244,-0.803545,-24.017623,-32.875802,116,-0.837528,0.546394,-0.546394,-0.837528,-32.132244,-27.063838,117,-0.813811,0.581129,-0.581129,-0.813811,-44.211482,-20.926697,144,0.796002,0.605294,-0.605294,0.796002,79.168339,58.985422,145,0.854096,0.520116,-0.520116,0.854096,87.537388,65.789092,118,-0.739161,0.673529,-0.673529,-0.739161,-52.33332,-15.127028,119,-0.740805,0.671721,-0.671721,-0.740805,-61.152856,-7.672346,120,-0.7979,0.60279,-0.60279,-0.7979,-67.560581,-0.99825,121,-0.856537,0.516085,-0.516085,-0.856537,-78.636855,7.532485,122,-0.654609,0.755968,-0.755968,-0.654609,-87.111874,13.327713,123,-0.693905,0.720067,-0.720067,-0.693905,-94.715557,21.757386,125,-0.712149,0.702029,-0.702029,-0.712149,-112.906855,37.992711,126,0.768507,0.639841,-0.639841,0.768507,-117.092556,44.843083,127,0.999648,0.026526,-0.026526,0.999648,-107.155068,51.802575,128,0.965245,0.261347,-0.261347,0.965245,-96.315153,53.080563,129,0.950353,0.311174,-0.311174,0.950353,-84.629314,55.415782,130,0.997428,0.071672,-0.071672,0.997428,-75.358578,58.756449,131,0.900243,-0.435388,0.435388,0.900243,-63.471323,57.826034,133,0.903709,-0.428147,0.428147,0.903709,-41.338265,47.332439,134,0.999479,-0.032283,0.032283,0.999479,-32.876673,43.611328,140,0.994558,0.104181,-0.104181,0.994558,35.849874,49.064952,135,0.98722,0.159364,-0.159364,0.98722,-21.854359,43.195278,136,0.997696,0.067841,-0.067841,0.997696,-10.328723,45.025443,137,0.999385,-0.035074,0.035074,0.999385,1.711677,47.197281,138,0.999444,-0.03333,0.03333,0.999444,12.389314,46.942618,139,0.988494,0.151261,-0.151261,0.988494,24.501261,47.399185,142,0.986912,0.161259,-0.161259,0.986912,57.01151,51.866645,143,0.904678,0.426095,-0.426095,0.904678,70.082805,54.407771,146,0.416757,0.909018,-0.909018,0.416757,95.396996,72.109112,149,-0.895012,0.446042,-0.446042,-0.895012,101.463835,98.538866,151,-0.99621,0.086982,-0.086982,-0.99621,81.908666,105.029529,152,-0.965518,0.260336,-0.260336,-0.965518,71.552908,106.104366,156,-0.840188,0.542295,-0.542295,-0.840188,26.270266,114.996865,157,-0.360648,0.932702,-0.932702,-0.360648,15.990909,126.749521,52,0.936121,0.351678,-0.351678,0.936121,29.209606,-108.482472,57,0.893685,0.448695,-0.448695,0.893685,39.166568,-104.987574,44,0.816642,0.577145,-0.577145,0.816642,10.597806,-121.051317,50,0.812287,0.583258,-0.583258,0.812287,17.8338,-116.059875,39,0.827375,0.56165,-0.56165,0.827375,-0.3419,-128.260008,28,0.745243,0.666793,-0.666793,0.745243,-14.991396,-143.814288,32,0.716058,0.69804,-0.69804,0.716058,-6.230469,-134.754533,17,0.298541,0.954397,-0.954397,0.298541,-20.727625,-164.791582,23,0.303534,0.952821,-0.952821,0.303534,-17.408249,-153.476551,13,0.212348,0.977194,-0.977194,0.212348,-22.841257,-175.507135,9,0.687468,0.726215,-0.726215,0.687468,-32.35,-185.77],"edges":[104,103,103,102,102,101,101,100,100,99,99,98,98,97,97,96,96,95,95,94,94,93,93,92,92,91,91,90,90,89,89,88,88,87,87,86,86,85,85,84,84,83,83,82,82,81,81,80,80,79,79,78,78,77,77,76,76,75,75,74,74,73,73,72,72,71,71,70,70,69,69,68,68,67,67,66,66,65,65,64,64,63,63,62,62,61,61,60,60,59,59,58,58,57,57,56,56,55,55,54,54,53,53,52,52,51,51,50,50,49,49,48,48,47,47,46,46,45,45,44,44,43,43,42,42,41,41,40,40,39,39,38,38,37,37,36,36,35,35,34,34,33,33,32,32,31,31,30,30,29,29,28,28,27,27,26,26,25,25,24,24,23,23,22,22,21,21,20,20,19,19,18,18,17,17,16,16,15,15,14,14,13,13,12,12,11,11,10,10,9,9,8,8,7,7,6,6,5,5,4,4,3,3,2,2,1,1,0,0,161,161,160,160,159,159,158,158,157,157,156,156,155,155,154,154,153,153,152,152,151,151,150,150,149,149,148,148,147,147,146,146,145,145,144,144,143,143,142,142,141,141,140,140,139,139,138,138,137,137,136,136,135,135,134,134,133,133,132,132,131,131,130,130,129,129,128,128,127,127,126,126,125,125,124,124,123,123,122,122,121,121,120,120,119,119,118,118,117,117,116,116,115,115,114,114,113,113,112,112,111,111,110,110,109,109,108,108,107,107,106,106,105,105,104],"userEdges":[]}]},{"name":"5-5","display":[{"type":"mesh","name":"5-5","width":218,"height":188,"vertices":[188.62,-138.39,194.37,-130.05,191.37,-122.23,184.8,-114.14,177.73,-103.99,171.74,-96.28,167.02,-86.47,159.2,-76.67,154.46,-70.35,160.5,-67.99,167.73,-63.95,168,-52.36,162.38,-36.85,148.19,-24.55,127.07,-22.65,102.87,-20.24,77.81,-32.16,62.37,-13.54,37.41,12.44,14.19,21.47,-13.42,21.39,-24.03,13.34,-23.92,-7.13,-12.21,-23.25,7.03,-15.14,29.67,-21.64,34.86,-42.74,10.76,-48.28,-0.1,-54.69,-0.51,-76.93,6.51,-111.39,40.41,-105.11,53.66,-122.19,71.27,-113.67,91.62,-97.59,110.15,-104.07,132.29,-108.16,138.18,-95.33,140.93,-75.29,146.46,-84.24,151.35,-92.25,159.11,-104.82,165.52,-110.86,173.59,-121.36,177.33,-127.55,169.01,-137.35,161.58,-144.04,153.39,-151.44,147.22,-156.72,147.66,-164.48,157.05,-166.26,163.12,-161.53,170.78,-152.78,178.84,-145.56],"uvs":[0.97358,0.14822,0.99999,0.19254,0.98629,0.23416,0.95614,0.27729,0.92375,0.33126,0.89634,0.37232,0.87466,0.42455,0.83893,0.47666,0.81716,0.51035,0.84489,0.52281,0.87811,0.54424,0.8794,0.60585,0.85377,0.68832,0.78877,0.75385,0.692,0.76408,0.58109,0.77719,0.46615,0.71411,0.3956,0.81323,0.28157,0.95166,0.1753,0.99999,0.04875,0.99998,0,0.9574,0.00027,0.84862,0.05368,0.76276,0.14198,0.80558,0.24559,0.77067,0.26915,0.65846,0.15864,0.62935,0.10878,0.59541,0.10666,0.47722,0.13845,0.29397,0.29386,0.32683,0.35442,0.23591,0.43526,0.28096,0.5287,0.36612,0.61366,0.3315,0.71518,0.30951,0.74231,0.37762,0.75508,0.48419,0.78038,0.43653,0.80276,0.39389,0.83831,0.32696,0.86768,0.29482,0.90469,0.23889,0.92183,0.20592,0.88368,0.1538,0.84948,0.11821,0.81192,0.07886,0.7836,0.0508,0.78559,0.00953,0.82875,0,0.85661,0.02513,0.89168,0.07165,0.92873,0.11008],"triangles":[44,2,1,0,44,1,44,3,2,44,43,3,53,44,0,45,44,53,43,4,3,43,42,4,52,45,53,42,5,4,46,45,52,42,41,5,41,6,5,41,40,6,51,47,52,47,46,52,8,12,11,9,8,11,9,11,10,40,7,6,38,13,8,40,39,7,50,47,51,8,13,12,38,14,13,48,47,50,49,48,50,39,8,7,39,38,8,15,14,38,16,15,38,34,16,38,37,35,38,35,34,38,36,35,37,26,16,34,33,31,34,31,26,34,26,17,16,32,31,33,29,26,31,25,18,17,26,25,17,29,27,26,25,24,18,24,19,18,30,29,31,29,28,27,22,20,24,24,20,19,22,21,20,23,22,24],"weights":[2,21,0.97759,29,0.0224,2,21,0.34261,29,0.65738,3,29,0.99486,31,0.0051,43,0.00001,4,29,0.07366,31,0.92568,37,0.00056,46,0.00007,2,37,0.97797,43,0.02202,4,29,0.00014,37,0.1195,43,0.81196,46,0.06838,3,29,0.00003,43,0.01136,46,0.9886,3,46,0.03274,51,0.84126,58,0.12598,2,51,0.12605,58,0.87394,3,51,0.01734,58,0.97315,64,0.00949,2,58,0.98377,64,0.01622,3,58,0.91896,64,0.07566,66,0.00535,3,58,0.74492,64,0.20077,66,0.05429,3,58,0.52325,64,0.29627,66,0.18047,4,58,0.23165,64,0.26742,66,0.5001,72,0.00081,4,58,0.0374,64,0.0607,66,0.83848,72,0.0634,4,66,0.29981,72,0.43033,75,0.13229,79,0.13755,3,66,0.00771,72,0.03674,79,0.95553,3,66,0.00001,72,0.00016,79,0.99982,3,66,0.00001,72,0.00004,79,0.99993,3,66,0.00001,72,0.00001,79,0.99996,3,66,0.00001,72,0.00001,79,0.99996,2,66,0.00001,79,0.99997,2,66,0.00001,79,0.99998,2,66,0.00001,79,0.99998,2,75,0.02086,79,0.97913,2,75,0.84827,79,0.15172,2,75,0.99884,79,0.00115,2,72,0.00205,75,0.99794,2,72,0.02816,75,0.97183,2,72,0.08446,75,0.91553,3,66,0.00012,72,0.30357,75,0.69628,3,66,0.00449,72,0.52069,75,0.4748,4,64,0.00465,66,0.02546,72,0.61461,75,0.35524,5,58,0.00139,64,0.09904,66,0.23272,72,0.59687,75,0.06996,5,58,0.03814,64,0.38205,66,0.32332,72,0.25554,75,0.00092,4,58,0.11121,64,0.5545,66,0.2332,72,0.10107,4,58,0.17864,64,0.55675,66,0.19294,72,0.07165,4,58,0.76868,64,0.19546,66,0.029,72,0.00684,6,46,0.02285,51,0.88185,58,0.08946,64,0.005,66,0.00069,72,0.00012,2,46,0.82763,51,0.17236,5,21,0.00007,37,0.08232,43,0.84989,46,0.06703,51,0.00065,3,21,0.00335,37,0.87197,43,0.12467,4,21,0.09934,29,0.03658,31,0.77339,37,0.09067,3,21,0.40902,29,0.47689,31,0.11408,5,12,0.01761,18,0.94372,21,0.01565,29,0.02251,31,0.00048,3,12,0.89684,18,0.10255,29,0.0006,2,7,0.88247,12,0.11752,2,7,0.99637,12,0.00362,1,7,1,1,7,1,2,7,0.86922,12,0.13077,2,12,0.87953,18,0.12046,2,18,0.88383,21,0.11616],"slotPose":[1,0,0,1,0,0],"bonePose":[21,0.63054,0.776156,-0.776156,0.63054,180.837092,-136.335465,29,-0.433816,0.901001,-0.901001,-0.433816,186.923729,-128.589437,43,-0.518326,0.855183,-0.855183,-0.518326,167.004892,-102.484858,31,-0.569997,0.821647,-0.821647,-0.569997,181.748635,-119.616132,37,-0.618683,0.785641,-0.785641,-0.618683,175.394534,-111.877793,46,-0.477619,0.878567,-0.878567,-0.477619,161.538916,-94.37333,51,-0.68442,0.729088,-0.729088,-0.68442,155.933493,-83.329502,58,-0.612769,0.790262,-0.790262,-0.612769,149.572696,-76.860401,64,-0.942467,0.3343,-0.3343,-0.942467,135.329528,-65.443648,66,-0.984196,0.177085,-0.177085,-0.984196,116.135263,-59.759998,72,-0.986799,-0.161948,0.161948,-0.986799,88.554087,-56.514499,75,-0.320944,0.947098,-0.947098,-0.320944,57.541013,-57.479756,79,-0.478692,0.877983,-0.877983,-0.478692,47.046062,-29.03317,12,0.69854,0.715571,-0.715571,0.69854,163.95859,-151.955721,18,0.757793,0.652495,-0.652495,0.757793,170.931894,-144.969876,7,0.769622,0.638499,-0.638499,0.769622,152.4,-161.61],"edges":[21,20,20,19,19,18,18,17,17,16,16,15,15,14,14,13,13,12,12,11,11,10,10,9,9,8,8,7,7,6,6,5,5,4,4,3,3,2,2,1,1,0,0,53,53,52,52,51,51,50,50,49,49,48,48,47,47,46,46,45,45,44,44,43,43,42,42,41,41,40,40,39,39,38,38,37,37,36,36,35,35,34,34,33,33,32,32,31,31,30,30,29,29,28,28,27,27,26,26,25,25,24,24,23,23,22,22,21],"userEdges":[]}]},{"name":"4-4","display":[{"type":"mesh","name":"4-4","width":69,"height":119,"vertices":[94.29,-159.4,103.78,-151.94,105.24,-136.18,107.66,-125.26,111.01,-114.64,115.4,-104.22,117.91,-92.78,120.23,-83.68,122.3,-74.19,117.34,-71.21,111.29,-71.22,108.19,-80.47,106.89,-90.2,104.39,-100.58,100.06,-111.34,96.45,-123.07,94.14,-134.02,91.86,-144.31,86.74,-152.17,78.14,-158.9,70.53,-167.21,61.42,-174.94,54.78,-179.94,55.94,-187.35,64.19,-189.16,69.67,-183.84,78.78,-174.46,85.74,-166.9],"uvs":[0.59301,0.25914,0.73055,0.32188,0.7519,0.45437,0.78689,0.54605,0.83547,0.63527,0.89928,0.7227,0.93601,0.81873,0.9698,0.89523,0.99998,0.97494,0.92811,0.99998,0.84032,1,0.79541,0.92235,0.77623,0.84067,0.73986,0.7535,0.67674,0.66324,0.62446,0.56463,0.59091,0.47261,0.5578,0.38613,0.48354,0.32005,0.35865,0.26352,0.2484,0.19379,0.11645,0.12874,0.02002,0.0867,0.03688,0.02444,0.1565,0.00917,0.23615,0.05398,0.36806,0.13266,0.46902,0.19625],"triangles":[11,9,7,7,9,8,11,10,9,6,12,7,12,11,7,5,13,6,13,12,6,4,13,5,3,14,4,14,13,4,1,17,2,16,15,2,2,15,3,15,14,3,17,16,2,0,17,1,18,17,0,27,18,0,27,19,18,20,19,27,26,20,27,25,20,26,21,20,25,24,21,25,22,21,24,23,22,24],"weights":[3,19,0.01722,22,0.94798,27,0.03478,4,19,0.0001,22,0.01766,27,0.97387,34,0.00836,3,34,0.95964,36,0.04031,41,0.00004,4,34,0.0129,36,0.96666,41,0.01986,48,0.00056,3,36,0.06985,41,0.54965,48,0.38048,2,48,0.89803,55,0.10196,2,55,0.57224,56,0.42775,2,55,0.01689,56,0.98309,1,56,0.99999,1,56,1,1,56,1,2,55,0.08423,56,0.91576,2,48,0.03979,55,0.9602,3,41,0.09818,48,0.88873,55,0.01308,1,41,1,2,36,0.99537,41,0.00461,3,27,0.04323,34,0.84988,36,0.10688,2,27,0.9694,34,0.03059,2,22,0.96318,27,0.03681,1,19,1,2,10,0.00094,11,0.99905,2,10,0.96255,11,0.03743,1,10,1,1,10,1,1,10,1,1,10,1,3,10,0.04309,11,0.91397,19,0.04292,3,11,0.00934,19,0.90929,22,0.08135],"slotPose":[1,0,0,1,0,0],"bonePose":[19,0.70686,0.707354,-0.707354,0.70686,77.989163,-166.260827,22,0.769511,0.638634,-0.638634,0.769511,86.019141,-158.366712,27,0.456477,0.889735,-0.889735,0.456477,93.745771,-150.953583,41,0.339066,0.940762,-0.940762,0.339066,103.476622,-116.59686,34,0.083504,0.996507,-0.996507,0.083504,98.995645,-139.822683,36,0.290702,0.956814,-0.956814,0.290702,99.613902,-129.929759,48,0.25342,0.967356,-0.967356,0.25342,107.945909,-108.237029,55,0.079851,0.996807,-0.996807,0.079851,111.792175,-96.63295,56,0.214224,0.976785,-0.976785,0.214224,113.015572,-88.123467,10,0.78054,0.625106,-0.625106,0.78054,60.84,-183.57,11,0.631894,0.775055,-0.775055,0.631894,71.807561,-173.684667],"edges":[22,21,21,20,20,19,19,18,18,17,17,16,16,15,15,14,14,13,13,12,12,11,11,10,10,9,9,8,8,7,7,6,6,5,5,4,4,3,3,2,2,1,1,0,0,27,27,26,26,25,25,24,24,23,23,22],"userEdges":[]}]},{"name":"3","display":[{"type":"mesh","name":"3","width":72,"height":69,"vertices":[32.35,42.81,-39.64,42.81,-39.64,-26.18,32.35,-26.18],"uvs":[1,1,0,1,0,0,1,0],"triangles":[1,0,3,2,1,3],"edges":[1,0,0,3,3,2,2,1],"userEdges":[]}]},{"name":"1-1","display":[{"type":"mesh","name":"1-1","width":320,"height":40,"vertices":[120.42,-77.18,108.43,-64.13,93.74,-56.42,79.98,-59.88,69.56,-62.49,58.1,-62.08,46.02,-62.43,36.04,-62.23,22.97,-61.35,9.93,-60.61,-0.34,-61.91,-11.55,-61.52,-24.4,-60.64,-35.21,-58.6,-46.99,-56.13,-59.82,-54.1,-71.59,-54.82,-82.83,-54.13,-92.36,-54.15,-106.1,-54.18,-115.45,-54.2,-125.03,-54.2,-138.08,-54.23,-151.33,-54.24,-165.89,-58.06,-172.07,-63.42,-182.95,-71.39,-193.37,-77.11,-199.59,-86.56,-199.6,-94.25,-192.11,-94.25,-184.91,-89.93,-176.79,-82.14,-165.3,-79.19,-156.54,-71.22,-150.11,-68.62,-138.49,-69.12,-128.45,-70.32,-114.91,-70.65,-104.44,-69.25,-93.15,-68.36,-82.92,-68.69,-70.72,-66.91,-59.11,-67.49,-49.56,-69.41,-40.26,-72.15,-25.64,-73.49,-13.79,-75.14,-1.56,-76.16,10.18,-75.75,21.52,-75.06,34.65,-77.71,45.63,-76.52,57.71,-78.11,70.97,-78.17,83.61,-76.46,91.65,-72.8,97.9,-78.36,112.07,-88.27,119.1,-86.42],"uvs":[0.99999,0.4082,0.96278,0.73573,0.91693,0.9301,0.87393,0.84529,0.84135,0.78103,0.80555,0.79235,0.76777,0.7848,0.73661,0.79053,0.69579,0.81361,0.65501,0.83313,0.62288,0.80118,0.58786,0.81183,0.54768,0.8349,0.51389,0.8866,0.47709,0.94852,0.43698,1,0.4002,0.98269,0.36505,0.99999,0.33531,0.99999,0.29231,0.99999,0.26309,0.99999,0.23314,0.99999,0.19238,0.99999,0.15094,0.99998,0.10541,0.90481,0.08608,0.77069,0.05203,0.57166,0.01946,0.42889,0,0.19249,0,0,0.02339,0,0.04589,0.10816,0.07131,0.30285,0.1072,0.3764,0.13463,0.57542,0.15473,0.64032,0.19102,0.62734,0.22241,0.59706,0.26472,0.5884,0.29745,0.62302,0.33273,0.64465,0.36471,0.636,0.40286,0.67996,0.43912,0.66497,0.46896,0.6165,0.49803,0.54784,0.5437,0.51349,0.5807,0.47124,0.61893,0.44524,0.65561,0.45453,0.69107,0.47093,0.73204,0.4036,0.76636,0.43224,0.80412,0.39174,0.8455,0.38882,0.885,0.43035,0.91015,0.52095,0.92959,0.38127,0.97375,0.13212,0.99575,0.17742],"triangles":[58,57,0,57,1,0,59,58,0,57,56,1,56,2,1,56,3,2,55,3,56,4,3,55,54,4,55,53,5,4,53,4,54,52,6,5,52,5,53,7,6,52,51,7,52,51,50,7,50,8,7,49,9,50,50,9,8,48,10,49,49,10,9,47,11,48,48,11,10,46,12,47,47,12,11,45,13,46,46,13,12,44,14,45,45,14,13,44,43,14,43,15,14,43,42,15,42,16,15,17,16,42,41,17,42,40,18,41,41,18,17,39,19,40,40,19,18,38,20,19,38,19,39,37,21,38,38,21,20,36,22,37,37,22,21,36,35,22,35,23,22,34,24,23,34,23,35,25,24,34,33,25,34,32,26,25,32,25,33,27,26,32,31,27,32,30,28,31,28,27,31,29,28,30],"weights":[1,109,1,2,108,0.88722,109,0.11277,3,103,0.02015,106,0.97633,108,0.00351,3,101,0.1202,103,0.70725,106,0.17253,2,100,0.09213,101,0.90786,3,98,0.02189,100,0.97179,101,0.00631,3,95,0.16432,98,0.7361,100,0.09957,3,92,0.07763,95,0.8368,98,0.08556,2,92,0.95752,95,0.04247,3,85,0.06673,89,0.8992,92,0.03405,2,85,0.86235,89,0.13764,4,73,0.01043,80,0.00414,83,0.93704,85,0.04838,3,73,0.32786,80,0.65879,83,0.01334,2,70,0.0705,73,0.92949,1,70,0.99999,2,63,0.02751,68,0.97248,3,59,0.11237,63,0.64363,68,0.24399,3,54,0.03957,59,0.83584,63,0.12457,3,38,0.00004,54,0.69533,59,0.30462,4,33,0.00001,42,0.12681,47,0.7808,54,0.09236,4,38,0.01619,42,0.7725,47,0.21128,59,0.00001,4,33,0.07944,38,0.58626,42,0.33359,54,0.00068,1,33,0.99999,2,26,0.99486,33,0.00512,2,24,0.98595,26,0.01404,2,14,0.26562,24,0.73437,3,6,0.07509,14,0.89468,24,0.03021,1,6,1,1,6,1,1,6,1,2,6,0.98463,14,0.01536,2,6,0.71701,14,0.28298,1,14,1,2,14,0.46275,24,0.53724,2,24,0.83336,26,0.16663,2,26,0.98785,38,0.01214,3,26,0.0314,33,0.46436,38,0.50422,2,38,0.88485,42,0.11514,3,38,0.05029,42,0.75698,47,0.19272,4,42,0.14456,47,0.63996,54,0.21314,59,0.0023,3,47,0.07061,54,0.6301,59,0.29927,3,54,0.05772,59,0.85131,63,0.09096,4,59,0.00623,63,0.93679,68,0.04805,70,0.00891,2,68,0.32869,70,0.6713,1,70,0.99999,4,68,0.00003,70,0.12949,73,0.75661,80,0.11385,2,80,0.91446,83,0.08553,3,80,0.09999,83,0.85247,85,0.04753,3,83,0.1934,85,0.69107,89,0.11551,2,85,0.10698,89,0.89301,3,89,0.1226,92,0.81636,95,0.06103,3,92,0.09303,95,0.761,98,0.14596,2,95,0.09439,98,0.9056,1,100,1,2,100,0.00025,101,0.99973,2,103,0.97839,108,0.0216,4,101,0.00058,103,0.20808,106,0.29418,108,0.49714,3,101,0.00006,103,0.00295,108,0.99697,1,109,0.99999,1,109,1],"slotPose":[1,0,0,1,0,0],"bonePose":[73,0.982222,-0.187724,0.187724,0.982222,-41.324968,-64.037927,109,0.761086,-0.648651,0.648651,0.761086,107.366746,-75.506667,108,0.767725,-0.64078,0.64078,0.767725,98.406976,-68.575483,103,0.94512,0.326723,-0.326723,0.94512,76.254102,-70.997271,106,0.999996,0.002967,-0.002967,0.999996,88.571233,-66.654658,33,0.999033,0.043968,-0.043968,0.999033,-142.793274,-60.799512,101,0.999993,0.003665,-0.003665,0.999993,64.815499,-71.399198,100,0.999501,-0.031585,0.031585,0.999501,52.300278,-70.73357,98,0.997453,-0.071323,0.071323,0.997453,42.293683,-70.048121,95,0.998518,-0.054427,0.054427,0.998518,31.213757,-69.193803,92,0.993826,-0.110949,0.110949,0.993826,18.69955,-67.273514,85,0.999159,0.041004,-0.041004,0.999159,-5.055728,-68.763745,89,0.998611,0.052685,-0.052685,0.998611,5.480069,-68.201265,80,0.999222,-0.039434,0.039434,0.999222,-29.352956,-66.865635,83,0.99725,-0.074108,0.074108,0.99725,-17.920932,-67.546978,70,0.974722,-0.22342,0.22342,0.974722,-53.301676,-61.549178,59,0.996041,-0.088894,0.088894,0.996041,-88.314664,-60.892531,63,0.999784,-0.020768,0.020768,0.999784,-74.915427,-61.947824,68,0.999999,0.001571,-0.001571,0.999999,-65.271928,-61.397981,38,0.99845,-0.055647,0.055647,0.99845,-132.254501,-61.676991,54,0.997938,-0.064184,0.064184,0.997938,-98.501045,-60.197295,42,0.991536,0.129834,-0.129834,0.991536,-121.176249,-62.915384,47,0.985169,0.171585,-0.171585,0.985169,-109.747861,-62.003875,26,0.98186,0.18961,-0.18961,0.98186,-154.259498,-63.02397,24,0.851361,0.52458,-0.52458,0.851361,-163.607099,-68.231595,14,0.886769,0.462213,-0.462213,0.886769,-182.052637,-79.946352,6,0.759385,0.650642,-0.650642,0.759385,-194.53,-88.53],"edges":[29,28,28,27,27,26,26,25,25,24,24,23,23,22,22,21,21,20,20,19,19,18,18,17,17,16,16,15,15,14,14,13,13,12,12,11,11,10,10,9,9,8,8,7,7,6,6,5,5,4,4,3,3,2,2,1,1,0,0,59,59,58,58,57,57,56,56,55,55,54,54,53,53,52,52,51,51,50,50,49,49,48,48,47,47,46,46,45,45,44,44,43,43,42,42,41,41,40,40,39,39,38,38,37,37,36,36,35,35,34,34,33,33,32,32,31,31,30,30,29],"userEdges":[]}]},{"name":"5","display":[{"type":"mesh","name":"5","width":92,"height":66,"vertices":[28.84,37.91,-41.15,38.7,-41.15,-27.29,30.41,-26.12],"uvs":[0.76078,0.98809,0,1,0,0,0.77786,0.01786],"triangles":[2,1,0,2,0,3],"edges":[1,0,0,3,3,2,2,1],"userEdges":[]}]},{"name":"2","display":[{"type":"mesh","name":"2","width":79,"height":76,"vertices":[30.54,39.4,-48.45,39.4,-48.45,-36.59,30.54,-36.59],"uvs":[1,1,0,1,0,0,1,0],"triangles":[1,0,3,2,1,3],"edges":[1,0,0,3,3,2,2,1],"userEdges":[]}]}]}],"animation":[{"duration":60,"name":"animation","bone":[{"name":"1","translateFrame":[{"duration":30,"tweenEasing":0},{"duration":30,"tweenEasing":0,"x":0.61,"y":8.61},{"duration":0}]},{"name":"1-5","rotateFrame":[{"duration":30,"tweenEasing":0},{"duration":30,"tweenEasing":0,"rotate":-4.16},{"duration":0}]},{"name":"1-13","rotateFrame":[{"duration":30,"tweenEasing":0},{"duration":30,"tweenEasing":0,"rotate":-8.16},{"duration":0}]},{"name":"1-14","rotateFrame":[{"duration":30,"tweenEasing":0},{"duration":30,"tweenEasing":0,"rotate":-9.99},{"duration":0}]},{"name":"1-17","rotateFrame":[{"duration":30,"tweenEasing":0},{"duration":30,"tweenEasing":0,"rotate":12.48},{"duration":0}]},{"name":"1-20","rotateFrame":[{"duration":30,"tweenEasing":0},{"duration":30,"tweenEasing":0,"rotate":8.27},{"duration":0}]},{"name":"1-21","rotateFrame":[{"duration":30,"tweenEasing":0},{"duration":30,"tweenEasing":0,"rotate":20.55},{"duration":0}]},{"name":"2","translateFrame":[{"duration":30,"tweenEasing":0},{"duration":30,"tweenEasing":0,"x":0.83,"y":-12.51},{"duration":0}]},{"name":"2-8","rotateFrame":[{"duration":30,"tweenEasing":0},{"duration":30,"tweenEasing":0,"rotate":18.29},{"duration":0}]},{"name":"2-12","rotateFrame":[{"duration":30,"tweenEasing":0},{"duration":30,"tweenEasing":0,"rotate":-20.31},{"duration":0}]},{"name":"2-18","rotateFrame":[{"duration":30,"tweenEasing":0},{"duration":30,"tweenEasing":0,"rotate":11.64},{"duration":0}]},{"name":"3","translateFrame":[{"duration":30,"tweenEasing":0},{"duration":30,"tweenEasing":0,"x":3.57,"y":-21.32},{"duration":0}]},{"name":"3-7","rotateFrame":[{"duration":30,"tweenEasing":0},{"duration":30,"tweenEasing":0,"rotate":10.7},{"duration":0}]},{"name":"3-13","rotateFrame":[{"duration":30,"tweenEasing":0},{"duration":30,"tweenEasing":0,"rotate":-4.2},{"duration":0}]},{"name":"3-22","rotateFrame":[{"duration":30,"tweenEasing":0},{"duration":30,"tweenEasing":0,"rotate":-7.04},{"duration":0}]},{"name":"3-23","rotateFrame":[{"duration":30,"tweenEasing":0},{"duration":30,"tweenEasing":0,"rotate":3.32},{"duration":0}]},{"name":"3-35","rotateFrame":[{"duration":30,"tweenEasing":0},{"duration":30,"tweenEasing":0,"rotate":-5.91},{"duration":0}]},{"name":"3-50","rotateFrame":[{"duration":30,"tweenEasing":0},{"duration":30,"tweenEasing":0,"rotate":3.77},{"duration":0}]},{"name":"3-54","rotateFrame":[{"duration":30,"tweenEasing":0},{"duration":30,"tweenEasing":0,"rotate":-5.96},{"duration":0}]},{"name":"3-67","rotateFrame":[{"duration":30,"tweenEasing":0},{"duration":30,"tweenEasing":0,"rotate":-3.3},{"duration":0}]},{"name":"4","translateFrame":[{"duration":30,"tweenEasing":0},{"duration":30,"tweenEasing":0,"y":9.17},{"duration":0}]},{"name":"4-5","rotateFrame":[{"duration":30,"tweenEasing":0},{"duration":30,"tweenEasing":0,"rotate":8.58},{"duration":0}]},{"name":"4-10","rotateFrame":[{"duration":30,"tweenEasing":0},{"duration":30,"tweenEasing":0,"rotate":18.75},{"duration":0}]},{"name":"4-12","rotateFrame":[{"duration":30,"tweenEasing":0},{"duration":30,"tweenEasing":0,"rotate":-15.52},{"duration":0}]},{"name":"5","translateFrame":[{"duration":30,"tweenEasing":0},{"duration":30,"tweenEasing":0,"x":-2.02,"y":19.25},{"duration":0}]},{"name":"5-6","rotateFrame":[{"duration":30,"tweenEasing":0},{"duration":30,"tweenEasing":0,"rotate":6.62},{"duration":0}]},{"name":"5-13","rotateFrame":[{"duration":30,"tweenEasing":0},{"duration":30,"tweenEasing":0,"rotate":10.34},{"duration":0}]},{"name":"5-16","rotateFrame":[{"duration":30,"tweenEasing":0},{"duration":30,"tweenEasing":0,"rotate":-16.41},{"duration":0}]},{"name":"5-18","rotateFrame":[{"duration":30,"tweenEasing":0},{"duration":30,"tweenEasing":0,"rotate":-10.34},{"duration":0}]},{"name":"5-20","rotateFrame":[{"duration":30,"tweenEasing":0},{"duration":30,"tweenEasing":0,"rotate":31.12},{"duration":0}]}]}],"defaultActions":[{"gotoAndPlay":"animation"}]}]}