{"frameRate":30,"name":"cao_tengbian_eff","version":"5.5","compatibleVersion":"5.5","armature":[{"type":"Armature","frameRate":30,"name":"armatureName","aabb":{"x":-685.72,"y":-636.69,"width":1503.97,"height":1090.07},"bone":[{"name":"root"},{"name":"bone","parent":"root","transform":{"x":-0.17,"y":-4.74}},{"name":"cao_tengbian_eff_pz","parent":"root"},{"length":81,"name":"chaorao_eff/qinpu_eff_002","parent":"root","transform":{"x":-0.03,"y":-460.68,"skX":-90.75,"skY":-90.75}},{"name":"leaf2","parent":"root","transform":{"x":788.32,"y":-353.17}},{"name":"leaf4","parent":"root","transform":{"x":788.32,"y":-219.63}},{"name":"leaf5","parent":"root","transform":{"x":788.32,"y":-156.98}},{"length":128,"name":"tengbian_eff/0_00003","parent":"root","transform":{"x":-185.31,"y":-59.71,"skX":-178.94,"skY":-178.94,"scX":3.396,"scY":1.603}},{"length":132,"name":"jianshe_eff/00001","parent":"root","transform":{"x":371.94,"y":194.04,"skX":-90.51,"skY":-90.51}},{"length":128,"name":"juji_eff/lv_zhongzi_03_eff_01","parent":"root","transform":{"x":308.74,"y":342.13,"skX":-1.7,"skY":-1.7}},{"name":"leaf02","parent":"root","transform":{"x":788.32,"y":-430.66}},{"name":"leaf6","parent":"root","transform":{"x":788.32,"y":-92.68}},{"name":"leaf3","parent":"root","transform":{"x":788.32,"y":-298.77}},{"length":89,"name":"tengbian_eff/0_1","parent":"root","transform":{"x":-522.64,"y":-106.62,"skX":0.76,"skY":0.76,"scX":-2.3,"scY":1.354}},{"length":41,"name":"yanwu_eff/bai_yanwu_02_eff_01","parent":"root","transform":{"x":-20.77,"y":406.52,"skX":-90,"skY":-90,"scX":3.873,"scY":3.873}},{"name":"leaf8","parent":"root","transform":{"x":788.32,"y":40.85}},{"name":"leaf7","parent":"root","transform":{"x":788.32,"y":-39.92}},{"length":89,"name":"tengbian_eff/0_00001","parent":"root","transform":{"x":-461.17,"y":-106.62,"skX":0.76,"skY":0.76,"scX":2.298,"scY":1.354}},{"length":109,"name":"huanrao_eff/13","parent":"bone","transform":{"x":12.75,"y":-158.36,"skX":-25.69,"skY":-25.69,"scX":2.881,"scY":1.673}},{"length":109,"name":"huanrao_eff/11","parent":"bone","transform":{"x":-4.05,"y":-156.49,"skX":-164.93,"skY":-164.93,"scX":2.859,"scY":1.66}},{"length":109,"name":"huanrao_eff/00011","parent":"bone","transform":{"x":-4.05,"y":-156.49,"skX":155.63,"skY":155.63,"scX":2.155,"scY":1.251}},{"length":109,"name":"huanrao_eff/12","parent":"bone","transform":{"x":25.83,"y":-139.68,"skX":20.6,"skY":20.6,"scX":2.014,"scY":1.169}}],"slot":[{"name":"cao_tengbian_eff_pz","parent":"cao_tengbian_eff_pz"},{"name":"yanwu_eff/bai_yanwu_02_eff_01","parent":"yanwu_eff/bai_yanwu_02_eff_01"},{"name":"tengbian_eff/0_00001","parent":"tengbian_eff/0_00001"},{"name":"tengbian_eff/0_1","parent":"tengbian_eff/0_1"},{"displayIndex":2,"name":"tengbian_eff/0_00003","parent":"tengbian_eff/0_00003"},{"name":"huanrao_eff/00011","parent":"huanrao_eff/00011"},{"name":"huanrao_eff/11","parent":"huanrao_eff/11"},{"name":"huanrao_eff/12","parent":"huanrao_eff/12"},{"name":"huanrao_eff/13","parent":"huanrao_eff/13"},{"blendMode":"add","name":"jianshe_eff/00001","parent":"jianshe_eff/00001"},{"blendMode":"add","name":"juji_eff/lv_zhongzi_03_eff_01","parent":"juji_eff/lv_zhongzi_03_eff_01"},{"blendMode":"add","name":"chaorao_eff/qinpu_eff_002","parent":"chaorao_eff/qinpu_eff_002"},{"name":"leaf02","parent":"leaf02"},{"name":"leaf2","parent":"leaf2"},{"name":"leaf3","parent":"leaf3"},{"name":"leaf4","parent":"leaf4"},{"name":"leaf5","parent":"leaf5"},{"name":"leaf6","parent":"leaf6"},{"name":"leaf7","parent":"leaf7"},{"name":"leaf8","parent":"leaf8"}],"skin":[{"slot":[{"name":"tengbian_eff/0_00001","display":[{"name":"tengbian_eff/0_00001","transform":{"x":0.26,"y":-0.91,"skX":-0.73,"skY":-0.73}},{"name":"tengbian_eff/0_00002","transform":{"x":0.26,"y":-0.91,"skX":-0.73,"skY":-0.73}}]},{"name":"leaf8","display":[{"name":"leaf02","transform":{"x":-0.07,"y":-0.64}}]},{"name":"huanrao_eff/00011","display":[{"name":"huanrao_eff/00011","transform":{"x":2.92,"y":42.05,"skX":-155.44,"skY":-155.44}},{"name":"huanrao_eff/00012","transform":{"x":2.92,"y":42.05,"skX":-155.44,"skY":-155.44}},{"name":"huanrao_eff/00013","transform":{"x":2.92,"y":42.05,"skX":-155.44,"skY":-155.44}},{"name":"huanrao_eff/00014","transform":{"x":2.92,"y":42.05,"skX":-155.44,"skY":-155.44}}]},{"name":"huanrao_eff/11","display":[{"name":"huanrao_eff/00011","transform":{"x":2.92,"y":42.05,"skX":-155.44,"skY":-155.44}},{"name":"huanrao_eff/00012","transform":{"x":2.92,"y":42.05,"skX":-155.44,"skY":-155.44}},{"name":"huanrao_eff/00013","transform":{"x":2.92,"y":42.05,"skX":-155.44,"skY":-155.44}},{"name":"huanrao_eff/00014","transform":{"x":2.92,"y":42.05,"skX":-155.44,"skY":-155.44}}]},{"name":"huanrao_eff/13","display":[{"name":"huanrao_eff/00011","transform":{"x":2.92,"y":42.05,"skX":-155.44,"skY":-155.44}},{"name":"huanrao_eff/00012","transform":{"x":2.92,"y":42.05,"skX":-155.44,"skY":-155.44}},{"name":"huanrao_eff/00013","transform":{"x":2.92,"y":42.05,"skX":-155.44,"skY":-155.44}},{"name":"huanrao_eff/00014","transform":{"x":2.92,"y":42.05,"skX":-155.44,"skY":-155.44}}]},{"name":"cao_tengbian_eff_pz","display":[{"name":"cao_tengbian_eff_pz","transform":{"x":2.45,"y":-4.93,"scX":10,"scY":10}}]},{"name":"leaf4","display":[{"name":"leaf02","transform":{"x":-0.07,"y":-0.64}}]},{"name":"jianshe_eff/00001","display":[{"name":"jianshe_eff/00001","transform":{"x":94.3,"y":-1.41,"skX":90.51,"skY":90.51}},{"name":"jianshe_eff/00002","transform":{"x":94.3,"y":-1.41,"skX":90.51,"skY":90.51}},{"name":"jianshe_eff/00003","transform":{"x":94.3,"y":-1.41,"skX":90.51,"skY":90.51}},{"name":"jianshe_eff/00004","transform":{"x":94.3,"y":-1.41,"skX":90.51,"skY":90.51}},{"name":"jianshe_eff/00005","transform":{"x":94.3,"y":-1.41,"skX":90.51,"skY":90.51}},{"name":"jianshe_eff/00006","transform":{"x":94.3,"y":-1.41,"skX":90.51,"skY":90.51}},{"name":"jianshe_eff/00007","transform":{"x":94.3,"y":-1.41,"skX":90.51,"skY":90.51}}]},{"name":"leaf5","display":[{"name":"leaf02","transform":{"x":-0.07,"y":-0.64}}]},{"name":"leaf2","display":[{"name":"leaf02","transform":{"x":-0.07,"y":-0.64}}]},{"name":"leaf3","display":[{"name":"leaf02","transform":{"x":-0.07,"y":-0.64}}]},{"name":"tengbian_eff/0_00003","display":[{"name":"tengbian_eff/0_00003","transform":{"x":-1.8,"y":1.47,"skX":178.95,"skY":178.95}},{"name":"tengbian_eff/0_00004","transform":{"x":-1.8,"y":1.47,"skX":178.95,"skY":178.95}},{"name":"tengbian_eff/0_00005","transform":{"x":-1.8,"y":1.47,"skX":178.95,"skY":178.95}}]},{"name":"huanrao_eff/12","display":[{"name":"huanrao_eff/00011","transform":{"x":2.92,"y":42.05,"skX":-155.44,"skY":-155.44}},{"name":"huanrao_eff/00012","transform":{"x":2.92,"y":42.05,"skX":-155.44,"skY":-155.44}},{"name":"huanrao_eff/00013","transform":{"x":2.92,"y":42.05,"skX":-155.44,"skY":-155.44}},{"name":"huanrao_eff/00014","transform":{"x":2.92,"y":42.05,"skX":-155.44,"skY":-155.44}}]},{"name":"tengbian_eff/0_1","display":[{"name":"tengbian_eff/0_00001","transform":{"x":0.26,"y":-0.91,"skX":-0.73,"skY":-0.73}},{"name":"tengbian_eff/0_00002","transform":{"x":0.26,"y":-0.91,"skX":-0.73,"skY":-0.73}}]},{"name":"leaf6","display":[{"name":"leaf02","transform":{"x":-0.07,"y":-0.64}}]},{"name":"chaorao_eff/qinpu_eff_002","display":[{"name":"chaorao_eff/qinpu_eff_002","transform":{"x":76,"y":1.04,"skX":90.75,"skY":90.75}},{"name":"chaorao_eff/qinpu_eff_003","transform":{"x":76,"y":1.04,"skX":90.75,"skY":90.75}},{"name":"chaorao_eff/qinpu_eff_004","transform":{"x":76,"y":1.04,"skX":90.75,"skY":90.75}},{"name":"chaorao_eff/qinpu_eff_005","transform":{"x":76,"y":1.04,"skX":90.75,"skY":90.75}}]},{"name":"juji_eff/lv_zhongzi_03_eff_01","display":[{"name":"juji_eff/lv_zhongzi_03_eff_01","transform":{"x":73.45,"y":-2.07,"skX":1.7,"skY":1.7}},{"name":"juji_eff/lv_zhongzi_03_eff_02","transform":{"x":73.45,"y":-2.07,"skX":1.7,"skY":1.7}},{"name":"juji_eff/lv_zhongzi_03_eff_03","transform":{"x":73.45,"y":-2.07,"skX":1.7,"skY":1.7}},{"name":"juji_eff/lv_zhongzi_03_eff_04","transform":{"x":73.45,"y":-2.07,"skX":1.7,"skY":1.7}}]},{"name":"leaf7","display":[{"name":"leaf02","transform":{"x":-0.07,"y":-0.64}}]},{"name":"leaf02","display":[{"name":"leaf02","transform":{"x":-0.07,"y":-0.64}}]},{"name":"yanwu_eff/bai_yanwu_02_eff_01","display":[{"name":"yanwu_eff/bai_yanwu_02_eff_01","transform":{"x":24.7,"y":13.11,"skX":90,"skY":90}},{"name":"yanwu_eff/bai_yanwu_02_eff_02","transform":{"x":24.7,"y":13.11,"skX":90,"skY":90}},{"name":"yanwu_eff/bai_yanwu_02_eff_03","transform":{"x":24.7,"y":13.11,"skX":90,"skY":90}},{"name":"yanwu_eff/bai_yanwu_02_eff_04","transform":{"x":24.7,"y":13.11,"skX":90,"skY":90}},{"name":"yanwu_eff/bai_yanwu_02_eff_05","transform":{"x":24.7,"y":13.11,"skX":90,"skY":90}},{"name":"yanwu_eff/bai_yanwu_02_eff_06","transform":{"x":24.7,"y":13.11,"skX":90,"skY":90}},{"name":"yanwu_eff/bai_yanwu_02_eff_07","transform":{"x":24.7,"y":13.11,"skX":90,"skY":90}}]}]}],"animation":[{"duration":20,"name":"000_xuli","bone":[{"name":"jianshe_eff/00001","translateFrame":[{"duration":20,"x":-377.05,"y":-189.62}],"scaleFrame":[{"duration":20,"x":2.74,"y":2.74}]},{"name":"chaorao_eff/qinpu_eff_002","translateFrame":[{"duration":20,"y":460.84}],"scaleFrame":[{"duration":20,"x":1.98,"y":1.98}]},{"name":"juji_eff/lv_zhongzi_03_eff_01","translateFrame":[{"duration":20,"x":-455.69,"y":-444.3}],"scaleFrame":[{"duration":20,"x":3.2,"y":3.2}]},{"name":"tengbian_eff/0_00001","translateFrame":[{"duration":20,"x":297.79,"y":-57.33},{"duration":0,"x":621.8,"y":-57.33}],"scaleFrame":[{"duration":20,"x":-1.06},{"duration":0}]},{"name":"tengbian_eff/0_00003","translateFrame":[{"duration":6,"x":142.19,"y":-35.71},{"duration":14,"x":175.98,"y":-35.71}],"rotateFrame":[{"duration":6,"rotate":-1.79},{"duration":14,"rotate":-1.79},{"duration":0,"rotate":-1.78}],"scaleFrame":[{"duration":6,"x":-1.12},{"duration":14,"x":-0.76,"y":0.56}]},{"name":"tengbian_eff/0_1","translateFrame":[{"duration":3,"x":551.71,"y":43.87},{"duration":16,"x":551.71,"y":43.87},{"tweenEasing":0,"x":440.2,"y":55.02},{"duration":0,"x":440.2,"y":51.3}],"scaleFrame":[{"duration":3,"x":-1.74},{"duration":16,"x":-1.74},{}]},{"name":"yanwu_eff/bai_yanwu_02_eff_01","translateFrame":[{"duration":20,"y":-384.59}],"scaleFrame":[{"duration":20,"x":1.22,"y":1.22}]},{"name":"leaf8","translateFrame":[{"duration":15,"curve":[0.21,0,0.631,0.28],"x":-832.51,"y":-369.13},{"duration":5,"curve":[0.36,0.27,0.702,0.6],"x":-910.8,"y":-311.47},{"duration":0,"x":-922.26,"y":-272.14}],"rotateFrame":[{"duration":20,"rotate":-80.74}],"scaleFrame":[{"duration":20,"x":0.94,"y":0.94}]},{"name":"leaf7","translateFrame":[{"duration":15,"curve":[0.0525,0,0.90775,0.8200000000000001],"x":-1119.29,"y":-473.05},{"duration":5,"x":-1029.31,"y":-409.82}],"rotateFrame":[{"duration":20,"rotate":-62.43}],"scaleFrame":[{"duration":20,"x":0.77,"y":0.77}]},{"name":"leaf6","translateFrame":[{"duration":15,"curve":[0.21,0,0.631,0.28],"x":-849.07,"y":-385.55},{"duration":5,"curve":[0.36,0.27,0.702,0.6],"x":-877.49,"y":-324.55},{"duration":0,"x":-853.89,"y":-266.84}],"rotateFrame":[{"duration":20,"rotate":54.66}],"scaleFrame":[{"duration":20,"x":1.02,"y":1.02}]},{"name":"leaf5","translateFrame":[{"duration":15,"curve":[0.21,0,0.631,0.28],"x":-660.85,"y":-319.38},{"duration":5,"curve":[0.36,0.27,0.702,0.6],"x":-650.44,"y":-259.35},{"duration":0,"x":-642.39,"y":-197.15}],"rotateFrame":[{"duration":20,"rotate":-80.74}],"scaleFrame":[{"duration":20,"x":0.77,"y":0.77}]},{"name":"leaf4","translateFrame":[{"duration":15,"curve":[0.21,0,0.631,0.28],"x":-460.78,"y":-223.21},{"duration":5,"curve":[0.36,0.27,0.702,0.6],"x":-511.21,"y":-125.16},{"duration":0,"x":-513.4,"y":-96.68}],"rotateFrame":[{"duration":20,"rotate":-80.74}],"scaleFrame":[{"duration":20,"x":0.73,"y":0.73}]},{"name":"leaf3","translateFrame":[{"duration":15,"curve":[0.0525,0,0.90775,0.8200000000000001],"x":-891.89,"y":-334.87},{"duration":5,"x":-900.86,"y":-245.34}],"rotateFrame":[{"duration":20,"rotate":-80.74}],"scaleFrame":[{"duration":20,"x":0.69,"y":0.69}]},{"name":"leaf2","translateFrame":[{"duration":15,"curve":[0.0525,0,0.90775,0.8200000000000001],"x":-638.83,"y":-299.72},{"duration":5,"x":-616.17,"y":-207.25}],"rotateFrame":[{"duration":20,"rotate":-139.22}],"scaleFrame":[{"duration":20,"x":0.77,"y":0.77}]},{"name":"leaf02","translateFrame":[{"duration":20,"x":-966.15,"y":-368.58}],"rotateFrame":[{"duration":20,"rotate":82.67}],"scaleFrame":[{"duration":20,"x":0.77,"y":0.77}]},{"name":"cao_tengbian_eff_pz","translateFrame":[{"duration":20,"x":-7.77,"y":-147.54}],"scaleFrame":[{"duration":20,"x":5.53,"y":3.19}]}],"slot":[{"name":"chaorao_eff/qinpu_eff_002","displayFrame":[{"duration":20,"value":-1}]},{"name":"huanrao_eff/11","displayFrame":[{"duration":20,"value":-1}]},{"name":"huanrao_eff/00011","displayFrame":[{"duration":20,"value":-1}]},{"name":"huanrao_eff/12","displayFrame":[{"duration":20,"value":-1}]},{"name":"huanrao_eff/13","displayFrame":[{"duration":20,"value":-1}]},{"name":"jianshe_eff/00001","displayFrame":[{"duration":20,"value":-1}]},{"name":"juji_eff/lv_zhongzi_03_eff_01","displayFrame":[{"duration":3},{"duration":3,"value":1},{"duration":3,"value":2},{"duration":3,"value":3},{"duration":8,"value":-1}]},{"name":"leaf2","colorFrame":[{"duration":20,"value":{"aM":0}}]},{"name":"leaf02","colorFrame":[{"duration":20,"value":{"aM":0}}]},{"name":"leaf3","colorFrame":[{"duration":20,"value":{"aM":0}}]},{"name":"leaf4","colorFrame":[{"duration":20,"value":{"aM":0}}]},{"name":"leaf5","colorFrame":[{"duration":20,"value":{"aM":0}}]},{"name":"leaf6","colorFrame":[{"duration":20,"value":{"aM":0}}]},{"name":"leaf7","colorFrame":[{"duration":20,"value":{"aM":0}}]},{"name":"leaf8","colorFrame":[{"duration":20,"value":{"aM":0}}]},{"name":"tengbian_eff/0_00001","displayFrame":[{"duration":3},{"duration":17,"value":1},{"duration":0}],"colorFrame":[{"duration":3,"tweenEasing":0},{"duration":3,"tweenEasing":0},{"duration":14,"value":{"aM":0}}]},{"name":"tengbian_eff/0_1","displayFrame":[{"duration":3,"value":-1},{"duration":3},{"duration":3,"value":1},{"duration":11,"value":-1}]},{"name":"tengbian_eff/0_00003","displayFrame":[{"duration":6,"value":-1},{"duration":3},{"duration":3,"value":1},{"duration":8,"value":2}],"colorFrame":[{"duration":12,"tweenEasing":0},{"duration":8,"tweenEasing":0},{"duration":0,"value":{"aM":0}}]},{"name":"yanwu_eff/bai_yanwu_02_eff_01","displayFrame":[{"duration":20,"value":-1}]}]},{"duration":40,"name":"001_baofa","bone":[{"name":"jianshe_eff/00001","translateFrame":[{"duration":40,"x":-377.05,"y":-189.62}],"scaleFrame":[{"duration":40,"x":2.74,"y":2.74}]},{"name":"chaorao_eff/qinpu_eff_002","translateFrame":[{"duration":40,"y":460.84}],"scaleFrame":[{"duration":40,"x":1.98,"y":1.98}]},{"name":"juji_eff/lv_zhongzi_03_eff_01","translateFrame":[{"duration":40,"x":-455.69,"y":-444.3}],"scaleFrame":[{"duration":40,"x":3.2,"y":3.2}]},{"name":"tengbian_eff/0_00001","translateFrame":[{"duration":40,"x":621.8,"y":-57.33}]},{"name":"tengbian_eff/0_00003","translateFrame":[{"duration":6,"x":142.19,"y":-35.71},{"duration":34,"x":175.47,"y":-35.71}],"rotateFrame":[{"duration":6,"rotate":-1.79},{"duration":34}],"scaleFrame":[{"duration":6,"x":-1.12},{"duration":34,"x":1.29}]},{"name":"tengbian_eff/0_1","translateFrame":[{"duration":2,"tweenEasing":0,"x":551.71,"y":43.87},{"duration":38,"x":440.2,"y":43.87}],"scaleFrame":[{"duration":40,"x":-1.74}]},{"name":"yanwu_eff/bai_yanwu_02_eff_01","translateFrame":[{"duration":40,"y":-384.59}],"scaleFrame":[{"duration":40,"x":1.22,"y":1.22}]},{"name":"leaf8","translateFrame":[{"duration":10,"curve":[0.21,0,0.631,0.28],"x":-832.51,"y":-369.13},{"duration":30,"curve":[0,0.91,0.75,1],"x":-989.01,"y":-42.92},{"duration":0,"x":-920.74,"y":-172.3}],"rotateFrame":[{"duration":10,"curve":[0.21,0,0.631,0.28],"rotate":-80.74},{"duration":30,"curve":[0,0.91,0.75,1],"rotate":-80.74},{"duration":0,"rotate":34.62}],"scaleFrame":[{"duration":10,"curve":[0.21,0,0.631,0.28],"x":0.94,"y":0.94},{"duration":30,"curve":[0,0.91,0.75,1],"x":0.94,"y":0.94},{"duration":0,"x":1.78,"y":1.78}]},{"name":"leaf7","translateFrame":[{"duration":10,"curve":[0.21,0,0.631,0.28],"x":-1119.29,"y":-473.05},{"duration":30,"curve":[0,0.91,0.75,1],"x":-901.38,"y":-16.09},{"duration":0,"x":-1120.41,"y":52.16}],"rotateFrame":[{"duration":10,"curve":[0.21,0,0.631,0.28],"rotate":-62.43},{"duration":30,"curve":[0,0.91,0.75,1],"rotate":-62.43},{"duration":0,"rotate":52.93}],"scaleFrame":[{"duration":10,"curve":[0.21,0,0.631,0.28],"x":0.77,"y":0.77},{"duration":30,"curve":[0,0.91,0.75,1],"x":0.77,"y":0.77},{"duration":0,"x":1.47,"y":1.47}]},{"name":"leaf6","translateFrame":[{"duration":10,"curve":[0.21,0,0.631,0.28],"x":-849.07,"y":-385.55},{"duration":30,"curve":[0,0.91,0.75,1],"x":-716.34,"y":69.41},{"duration":0,"x":-595.5,"y":41.03}],"rotateFrame":[{"duration":10,"curve":[0.21,0,0.631,0.28],"rotate":54.66},{"duration":30,"curve":[0,0.91,0.75,1],"rotate":54.66},{"duration":0,"rotate":170.04}],"scaleFrame":[{"duration":10,"curve":[0.21,0,0.631,0.28],"x":1.02,"y":1.02},{"duration":30,"curve":[0,0.91,0.75,1],"x":1.02,"y":1.02},{"duration":0,"x":1.92,"y":1.92}]},{"name":"leaf5","translateFrame":[{"duration":10,"curve":[0.21,0,0.631,0.28],"x":-660.85,"y":-319.38},{"duration":30,"curve":[0,0.91,0.75,1],"x":-595.48,"y":165.31},{"duration":0,"x":-757.76,"y":41.72}],"rotateFrame":[{"duration":10,"curve":[0.21,0,0.631,0.28],"rotate":-80.74},{"duration":30,"curve":[0,0.91,0.75,1],"rotate":-80.74},{"duration":0,"rotate":34.62}],"scaleFrame":[{"duration":10,"curve":[0.21,0,0.631,0.28],"x":0.77,"y":0.77},{"duration":30,"curve":[0,0.91,0.75,1],"x":0.77,"y":0.77},{"duration":0,"x":1.47,"y":1.47}]},{"name":"leaf4","translateFrame":[{"duration":10,"curve":[0.21,0,0.631,0.28],"x":-460.78,"y":-223.21},{"duration":30,"curve":[0,0.91,0.75,1],"x":-526.15,"y":69.32},{"duration":0,"x":-437.05,"y":130.17}],"rotateFrame":[{"duration":10,"curve":[0.21,0,0.631,0.28],"rotate":-80.74},{"duration":30,"curve":[0,0.91,0.75,1],"rotate":-80.74},{"duration":0,"rotate":34.62}],"scaleFrame":[{"duration":10,"curve":[0.21,0,0.631,0.28],"x":0.73,"y":0.73},{"duration":30,"curve":[0,0.91,0.75,1],"x":0.73,"y":0.73},{"duration":0,"x":1.39,"y":1.39}]},{"name":"leaf3","translateFrame":[{"duration":10,"curve":[0.21,0,0.631,0.28],"x":-891.89,"y":-334.87},{"duration":30,"curve":[0,0.91,0.75,1],"x":-1103.86,"y":179.53},{"duration":0,"x":-1053.55,"y":79.5}],"rotateFrame":[{"duration":10,"curve":[0.21,0,0.631,0.28],"rotate":-80.74},{"duration":30,"curve":[0,0.91,0.75,1],"rotate":-80.74},{"duration":0,"rotate":34.62}],"scaleFrame":[{"duration":10,"curve":[0.21,0,0.631,0.28],"x":0.69,"y":0.69},{"duration":30,"curve":[0,0.91,0.75,1],"x":0.69,"y":0.69},{"duration":0,"x":1.31,"y":1.31}]},{"name":"leaf2","translateFrame":[{"duration":10,"curve":[0.21,0,0.631,0.28],"x":-638.83,"y":-299.72},{"duration":30,"curve":[0,0.91,0.75,1],"x":-735.9,"y":149.31},{"duration":0,"x":-600.24,"y":114.89}],"rotateFrame":[{"duration":10,"curve":[0.21,0,0.631,0.28],"rotate":-139.22},{"duration":30,"curve":[0,0.91,0.75,1],"rotate":-139.22},{"duration":0,"rotate":-23.85}],"scaleFrame":[{"duration":10,"curve":[0.21,0,0.631,0.28],"x":0.77,"y":0.77},{"duration":30,"curve":[0,0.91,0.75,1],"x":0.77,"y":0.77},{"duration":0,"x":1.47,"y":1.47}]},{"name":"leaf02","translateFrame":[{"duration":10,"curve":[0.25,0,1,0.24],"x":-966.15,"y":-368.58},{"duration":30,"curve":[0,0.91,0.75,1],"x":-783.9,"y":58.65},{"duration":0,"x":-892.73,"y":89.36}],"rotateFrame":[{"duration":10,"curve":[0.25,0,1,0.24],"rotate":82.67},{"duration":30,"curve":[0,0.91,0.75,1],"rotate":82.67},{"duration":0,"rotate":-161.95}],"scaleFrame":[{"duration":10,"curve":[0.25,0,1,0.24],"x":0.77,"y":0.77},{"duration":30,"curve":[0,0.91,0.75,1],"x":0.77,"y":0.77},{"duration":0,"x":1.47,"y":1.47}]},{"name":"cao_tengbian_eff_pz","translateFrame":[{"duration":40,"x":-7.77,"y":-147.54}],"scaleFrame":[{"duration":40,"x":5.53,"y":3.19}]}],"slot":[{"name":"chaorao_eff/qinpu_eff_002","displayFrame":[{"duration":10,"value":-1},{"duration":3},{"duration":3,"value":1},{"duration":3,"value":2},{"duration":21,"value":3}],"colorFrame":[{"duration":19,"tweenEasing":0},{"duration":6,"tweenEasing":0},{"duration":15,"value":{"aM":0}}]},{"name":"huanrao_eff/11","displayFrame":[{"duration":12,"value":-1},{"duration":3},{"duration":3,"value":1},{"duration":3,"value":2},{"duration":3,"value":3},{"duration":16,"value":-1}]},{"name":"huanrao_eff/00011","displayFrame":[{"duration":10,"value":-1},{"duration":3},{"duration":3,"value":1},{"duration":3,"value":2},{"duration":3,"value":3},{"duration":18,"value":-1}]},{"name":"huanrao_eff/12","displayFrame":[{"duration":14,"value":-1},{"duration":3},{"duration":3,"value":1},{"duration":3,"value":2},{"duration":3,"value":3},{"duration":14,"value":-1}]},{"name":"huanrao_eff/13","displayFrame":[{"duration":16,"value":-1},{"duration":3},{"duration":3,"value":1},{"duration":3,"value":2},{"duration":3,"value":3},{"duration":12,"value":-1}]},{"name":"jianshe_eff/00001","displayFrame":[{"duration":10,"value":-1},{"duration":3},{"duration":3,"value":1},{"duration":3,"value":2},{"duration":3,"value":3},{"duration":3,"value":4},{"duration":3,"value":5},{"duration":12,"value":6}],"colorFrame":[{"duration":28,"tweenEasing":0},{"duration":12,"tweenEasing":0},{"duration":0,"value":{"aM":0}}]},{"name":"juji_eff/lv_zhongzi_03_eff_01","displayFrame":[{"duration":40,"value":-1}]},{"name":"leaf2","colorFrame":[{"duration":10,"curve":[0.21,0,0.631,0.28],"value":{"aM":0}},{"duration":10},{"duration":20,"curve":[0.302,0.89,0.79,1]},{"duration":0,"value":{"aM":0}}]},{"name":"leaf02","colorFrame":[{"duration":10,"curve":[0.21,0,0.631,0.28],"value":{"aM":0}},{"duration":10},{"duration":20,"curve":[0.302,0.89,0.79,1]},{"duration":0,"value":{"aM":0}}]},{"name":"leaf3","colorFrame":[{"duration":10,"curve":[0.21,0,0.631,0.28],"value":{"aM":0}},{"duration":10},{"duration":20,"curve":[0.302,0.89,0.79,1]},{"duration":0,"value":{"aM":0}}]},{"name":"leaf4","colorFrame":[{"duration":10,"curve":[0.21,0,0.631,0.28],"value":{"aM":0}},{"duration":10},{"duration":20,"curve":[0.302,0.89,0.79,1]},{"duration":0,"value":{"aM":0}}]},{"name":"leaf5","colorFrame":[{"duration":10,"curve":[0.21,0,0.631,0.28],"value":{"aM":0}},{"duration":10},{"duration":20,"curve":[0.302,0.89,0.79,1]},{"duration":0,"value":{"aM":0}}]},{"name":"leaf6","colorFrame":[{"duration":10,"curve":[0.21,0,0.631,0.28],"value":{"aM":0}},{"duration":10},{"duration":20,"curve":[0.302,0.89,0.79,1]},{"duration":0,"value":{"aM":0}}]},{"name":"leaf7","colorFrame":[{"duration":10,"curve":[0.21,0,0.631,0.28],"value":{"aM":0}},{"duration":10},{"duration":20,"curve":[0.302,0.89,0.79,1]},{"duration":0,"value":{"aM":0}}]},{"name":"leaf8","colorFrame":[{"duration":10,"curve":[0.21,0,0.631,0.28],"value":{"aM":0}},{"duration":10},{"duration":20,"curve":[0.302,0.89,0.79,1]},{"duration":0,"value":{"aM":0}}]},{"name":"tengbian_eff/0_00001","displayFrame":[{"duration":4},{"duration":36,"value":1}],"colorFrame":[{"duration":4,"tweenEasing":0,"value":{"aM":0}},{"duration":4,"tweenEasing":0},{"duration":32,"value":{"aM":0}}]},{"name":"tengbian_eff/0_1","displayFrame":[{"duration":2,"value":-1},{"duration":3},{"duration":3,"value":1},{"duration":32,"value":-1}]},{"name":"tengbian_eff/0_00003","displayFrame":[{"duration":6,"value":-1},{"duration":4},{"duration":4,"value":1},{"duration":26,"value":2}],"colorFrame":[{"duration":6,"tweenEasing":0,"value":{"aM":0}},{"duration":8,"tweenEasing":0},{"duration":12,"tweenEasing":0},{"duration":14,"value":{"aM":0}}]},{"name":"yanwu_eff/bai_yanwu_02_eff_01","displayFrame":[{"duration":10,"value":-1},{"duration":3},{"duration":3,"value":1},{"duration":3,"value":2},{"duration":3,"value":3},{"duration":3,"value":4},{"duration":3,"value":5},{"duration":12,"value":6}],"colorFrame":[{"duration":28,"tweenEasing":0},{"duration":12,"tweenEasing":0},{"duration":0,"value":{"aM":0}}]}]}],"defaultActions":[{"gotoAndPlay":"000_xuli"}]}]}