{"frameRate":30,"name":"beasttoys","version":"5.5","compatibleVersion":"5.5","armature":[{"type":"Armature","frameRate":30,"name":"armatureName","aabb":{"x":-103.03,"y":-301.34,"width":277.44,"height":307},"bone":[{"name":"root"},{"name":"S2","parent":"root","transform":{"x":-40.23,"y":-153.61}},{"name":"righthand","parent":"root","transform":{"x":12.09,"y":-84.78}},{"name":"lefthand","parent":"root","transform":{"x":121.6,"y":-72.69}},{"length":54,"name":"body","parent":"S2","transform":{"x":1.83,"y":-4.88,"skX":-65.86,"skY":-65.86}},{"length":25,"name":"S4","parent":"S2","transform":{"x":31.16,"y":20.16,"skX":114.27,"skY":114.27}},{"length":28,"name":"s1","parent":"S2","transform":{"x":-29.52,"y":40.61,"skX":94.14,"skY":94.14}},{"length":35,"name":"S3","parent":"S2","transform":{"x":-33.6,"y":-1.83,"skX":97,"skY":97}},{"length":22,"name":"s0","parent":"S2","transform":{"x":-7.94,"y":59.87,"skX":86.81,"skY":86.81}},{"length":27,"name":"s2","parent":"S2","transform":{"x":4.58,"y":46.85,"skX":96.1,"skY":96.1}},{"length":56,"name":"bone5","parent":"body","transform":{"x":54.15,"y":-0.16,"skX":30.72,"skY":30.72}},{"length":22,"name":"bone3","parent":"s0","transform":{"x":22.03,"skX":49.17,"skY":49.17}},{"length":23,"name":"bone2","parent":"S4","transform":{"x":25.43,"y":-0.06,"skX":-13.57,"skY":-13.57}},{"length":23,"name":"bone","parent":"S3","transform":{"x":35.08,"y":0.01,"skX":5.22,"skY":5.22}},{"length":121,"name":"armR","parent":"body","transform":{"x":79.27,"y":-24.8,"skX":165.94,"skY":165.94}},{"length":73,"name":"armR2","parent":"armR","transform":{"x":121.15,"y":0.83,"skX":-70.21,"skY":-70.21}},{"length":14,"name":"H2","parent":"bone5","transform":{"x":-11.71,"y":54.97,"skX":125.42,"skY":125.42}},{"length":27,"name":"H8","parent":"bone5","transform":{"x":10.86,"y":88.02,"skX":122.27,"skY":122.27}},{"length":30,"name":"H7","parent":"bone5","transform":{"x":7.01,"y":80.64,"skX":127.79,"skY":127.79}},{"inheritRotation":false,"length":23,"name":"H6","parent":"bone5","transform":{"x":2.98,"y":75.3,"skX":92.06,"skY":92.06}},{"length":31,"name":"H4","parent":"bone5","transform":{"x":-4.27,"y":68.32,"skX":136.29,"skY":136.29}},{"length":29,"name":"H1","parent":"bone5","transform":{"x":-25.51,"y":52.42,"skX":115.96,"skY":115.96}},{"length":18,"name":"H5","parent":"bone5","transform":{"x":2.46,"y":64.95,"skX":121.5,"skY":121.5}},{"length":108,"name":"armL","parent":"bone5","transform":{"x":76.61,"y":67.39,"skX":127.34,"skY":127.34}},{"length":27,"name":"H3","parent":"bone5","transform":{"x":-5.15,"y":64.26,"skX":149.81,"skY":149.81}},{"length":65,"name":"bone6","parent":"bone5","transform":{"x":56.97,"y":-0.24,"skX":68.26,"skY":68.26}},{"length":34,"name":"bone4","parent":"bone3","transform":{"x":22.04,"y":0.05,"skX":15.21,"skY":15.21}},{"length":34,"name":"breastL2","parent":"bone5","transform":{"x":22.08,"y":97.13,"skX":131.56,"skY":131.56}},{"length":42,"name":"wingR","parent":"bone5","transform":{"x":55.92,"y":-32.09,"skX":-85.31,"skY":-85.31}},{"length":24,"name":"breastL","parent":"bone5","transform":{"x":-26.3,"y":78.16,"skX":132.73,"skY":132.73}},{"length":33,"name":"wingL","parent":"bone5","transform":{"x":94.53,"y":8.23,"skX":-11.84,"skY":-11.84}},{"length":37,"name":"breastR","parent":"bone5","transform":{"x":-5.13,"y":42.49,"skX":128.68,"skY":128.68}},{"length":35,"name":"breastR2","parent":"bone5","transform":{"x":-43.99,"y":29.58,"skX":129.66,"skY":129.66}},{"length":19,"name":"bone48","parent":"H3","transform":{"x":27.84,"y":0.13,"skX":-21.1,"skY":-21.1}},{"length":44,"name":"armL2","parent":"armL","transform":{"x":107.61,"y":-0.4,"skX":-69.37,"skY":-69.37}},{"length":15,"name":"bone51","parent":"H1","transform":{"x":29.72,"y":-0.08,"skX":2.44,"skY":2.44}},{"length":16,"name":"bone44","parent":"H2","transform":{"x":15.04,"y":0.18,"skX":6.08,"skY":6.08}},{"length":20,"name":"bone41","parent":"H4","transform":{"x":31.96,"y":-0.05,"skX":-11.15,"skY":-11.15}},{"length":23,"name":"bone28","parent":"H8","transform":{"x":27.84,"y":-0.11,"skX":-3.36,"skY":-3.36}},{"length":21,"name":"bone31","parent":"H7","transform":{"x":30.37,"y":-0.11,"skX":2.13,"skY":2.13}},{"length":55,"name":"face","parent":"bone6","transform":{"x":33.8,"y":26.11,"skX":-42.08,"skY":-42.08}},{"length":16,"name":"handR","parent":"armR2","transform":{"x":77.6,"y":-2.26,"skX":33.86,"skY":33.86}},{"length":25,"name":"bone37","parent":"H5","transform":{"x":18.66,"y":-0.07,"skX":12.98,"skY":12.98}},{"length":21,"name":"bone34","parent":"H6","transform":{"x":23.98,"y":-0.09,"skX":1.93,"skY":1.93}},{"length":22,"name":"handR5","parent":"handR","transform":{"x":23.44,"y":-12.95,"skX":-32.47,"skY":-32.47}},{"length":29,"name":"handR3","parent":"handR","transform":{"x":21.86,"y":1.26,"skX":10.53,"skY":10.53}},{"length":24,"name":"handR4","parent":"handR","transform":{"x":20.73,"y":-7.47,"skX":-13.73,"skY":-13.73}},{"length":23,"name":"handR2","parent":"handR","transform":{"x":15.63,"y":12.49,"skX":32.42,"skY":32.42}},{"length":24,"name":"handL","parent":"armL2","transform":{"x":42.12,"y":0.86,"skX":8.92,"skY":8.92}},{"length":32,"name":"hair3","parent":"face","transform":{"x":58.26,"y":-24.21,"skX":-150.2,"skY":-150.2}},{"length":21,"name":"bone45","parent":"bone44","transform":{"x":16.16,"skX":-16.5,"skY":-16.5}},{"name":"eyes","parent":"face","transform":{"x":46.47,"y":30.86}},{"length":19,"name":"bone52","parent":"bone51","transform":{"x":15.15,"skX":3.81,"skY":3.81}},{"length":33,"name":"hair5","parent":"face","transform":{"x":14,"y":-46.97,"skX":158.2,"skY":158.2}},{"length":42,"name":"hair1","parent":"face","transform":{"x":62.05,"y":-13.82,"skX":90.34,"skY":90.34}},{"length":17,"name":"bone49","parent":"bone48","transform":{"x":19.93,"y":0.04,"skX":-5.2,"skY":-5.2}},{"length":29,"name":"hair2","parent":"face","transform":{"x":64.57,"y":-29.73,"skX":59.58,"skY":59.58}},{"length":20,"name":"bone29","parent":"bone28","transform":{"x":23.34,"skX":-5.31,"skY":-5.31}},{"length":17,"name":"bone32","parent":"bone31","transform":{"x":21.49,"skX":-4.75,"skY":-4.75}},{"length":17,"name":"bone42","parent":"bone41","transform":{"x":20.4,"skX":0.83,"skY":0.83}},{"length":15,"name":"bone35","parent":"bone34","transform":{"x":21.98,"y":0.01,"skX":3.63,"skY":3.63}},{"length":14,"name":"bone38","parent":"bone37","transform":{"x":25.32,"skX":-1.28,"skY":-1.28}},{"length":26,"name":"handL3","parent":"handL","transform":{"x":22.11,"y":7.89,"skX":41.2,"skY":41.2}},{"length":33,"name":"bone21","parent":"hair5","transform":{"x":33.71,"y":0.09,"skX":-34.56,"skY":-34.56}},{"length":30,"name":"bone26","parent":"hair1","transform":{"x":42.92,"y":0.02,"skX":8.67,"skY":8.67}},{"length":21,"name":"bone30","parent":"bone29","transform":{"x":20.3,"skX":-31.31,"skY":-31.31}},{"length":18,"name":"bone39","parent":"bone38","transform":{"x":14.68,"skX":-8,"skY":-8}},{"length":22,"name":"bone43","parent":"bone42","transform":{"x":17.85,"y":0.01,"skX":-2.69,"skY":-2.69}},{"length":21,"name":"bone33","parent":"bone32","transform":{"x":17.59}},{"length":18,"name":"handL5","parent":"handL","transform":{"x":30.46,"y":-3.01,"skX":-7.74,"skY":-7.74}},{"length":31,"name":"bone7","parent":"handR2","transform":{"x":23.96,"y":-0.1,"skX":5.2,"skY":5.2}},{"length":27,"name":"bone36","parent":"bone35","transform":{"x":15.43,"skX":-7.58,"skY":-7.58}},{"length":33,"name":"bone8","parent":"handR3","transform":{"x":29.21,"skX":16.88,"skY":16.88}},{"length":19,"name":"bone46","parent":"bone45","transform":{"x":21.76,"y":0.02,"skX":14.73,"skY":14.73}},{"length":36,"name":"hair4","parent":"hair3","transform":{"x":25.8,"y":-9.22,"skX":-69.81,"skY":-69.81}},{"length":23,"name":"bone53","parent":"bone52","transform":{"x":19.66,"skX":2.99,"skY":2.99}},{"length":16,"name":"bone11","parent":"handR5","transform":{"x":22.21,"y":0.11,"skX":37.23,"skY":37.23}},{"length":16,"name":"bone9","parent":"handR4","transform":{"x":24.72,"y":0.01,"skX":29.37,"skY":29.37}},{"length":28,"name":"handL2","parent":"handL","transform":{"x":6.45,"y":4.63,"skX":60.54,"skY":60.54}},{"length":17,"name":"handL4","parent":"handL","transform":{"x":27.06,"y":1.95,"skX":19.1,"skY":19.1}},{"length":30,"name":"bone23","parent":"hair2","transform":{"x":29.78,"y":0.13,"skX":24.32,"skY":24.32}},{"length":23,"name":"bone50","parent":"bone49","transform":{"x":17.6,"skX":-3.37,"skY":-3.37}},{"length":23,"name":"bone47","parent":"bone46","transform":{"x":19.44,"skX":-6.42,"skY":-6.42}},{"length":23,"name":"bone40","parent":"bone39","transform":{"x":18.1,"skX":-0.6,"skY":-0.6}},{"length":37,"name":"bone22","parent":"bone21","transform":{"x":33.16,"y":0.15,"skX":-29.78,"skY":-29.78}},{"length":29,"name":"bone24","parent":"bone23","transform":{"x":30.63,"y":-0.08,"skX":24.56,"skY":24.56}},{"length":24,"name":"bone14","parent":"handL3","transform":{"x":26.87,"y":-0.04,"skX":20.07,"skY":20.07}},{"length":31,"name":"bone27","parent":"bone26","transform":{"x":30.08,"skX":16.97,"skY":16.97}},{"length":18,"name":"bone17","parent":"handL5","transform":{"x":18.05,"skX":50.43,"skY":50.43}},{"length":27,"name":"bone13","parent":"handL2","transform":{"x":28.14,"y":0.12,"skX":-19.15,"skY":-19.15}},{"length":19,"name":"bone15","parent":"handL4","transform":{"x":17.37,"y":-0.02,"skX":15.11,"skY":15.11}},{"length":25,"name":"bone12","parent":"bone11","transform":{"x":16.45,"y":-0.06,"skX":25.84,"skY":25.84}},{"length":25,"name":"bone10","parent":"bone9","transform":{"x":16.18,"y":-0.06,"skX":13.42,"skY":13.42}},{"length":32,"name":"bone19","parent":"hair4","transform":{"x":36.93,"y":-0.07,"skX":-28.99,"skY":-28.99}},{"length":24,"name":"bone16","parent":"bone15","transform":{"x":19.42,"y":-0.01,"skX":16.86,"skY":16.86}},{"length":33,"name":"bone20","parent":"bone19","transform":{"x":32.97,"y":0.13,"skX":-13.87,"skY":-13.87}},{"length":36,"name":"bone25","parent":"bone24","transform":{"x":29.95,"y":-0.07,"skX":21.79,"skY":21.79}},{"length":20,"name":"bone18","parent":"bone17","transform":{"x":18.38,"y":0.06,"skX":10.59,"skY":10.59}}],"slot":[{"name":"s0","parent":"s0"},{"name":"s1","parent":"s2"},{"name":"S2","parent":"S4"},{"name":"wingL","parent":"wingL"},{"name":"armL","parent":"armL"},{"name":"armL2","parent":"armL2"},{"name":"handL","parent":"handL5"},{"name":"body","parent":"body"},{"name":"wingR","parent":"wingR"},{"name":"breastL","parent":"breastL2"},{"name":"H1","parent":"H1"},{"name":"H2","parent":"H2"},{"name":"H3","parent":"H3"},{"name":"H4","parent":"H4"},{"name":"H5","parent":"H5"},{"name":"H6","parent":"H6"},{"name":"H7","parent":"H7"},{"name":"H8","parent":"H8"},{"name":"breastR","parent":"breastR2"},{"name":"armR2","parent":"armR2"},{"name":"handR","parent":"handR5"},{"name":"armR","parent":"armR"},{"name":"hair1","parent":"hair1"},{"name":"face","parent":"face"},{"displayIndex":-1,"name":"eyes","parent":"eyes"},{"name":"hair2","parent":"hair2"},{"name":"hair3","parent":"hair5"}],"ik":[{"bendPositive":false,"chain":1,"name":"righthand","bone":"armR2","target":"righthand"},{"bendPositive":false,"chain":1,"name":"lefthand","bone":"armL2","target":"lefthand"}],"skin":[{"slot":[{"name":"handL","display":[{"type":"mesh","name":"handL","width":59,"height":80,"vertices":[175.39,-40.7,175.44,-8.14,169.1,-6.6,164.38,-33.7,156.38,-45.55,164.67,-24.72,168.67,1.75,159.23,2.31,156.44,-22.31,147.93,-42.35,141.4,-50.19,146.36,-27.99,143.13,1.59,135.8,0.19,138.24,-27.76,131.62,-50,126.76,-57.05,126.18,-37.61,134.33,-7.53,127.57,-4.79,116.43,-32.22,118.1,-61.15,116.36,-69.78,122.37,-77.2,133.93,-74.18,148.9,-60.4,165.83,-56.46,139.55,-57.33],"uvs":[1,0.45772,1,0.86471,0.89235,0.88387,0.81303,0.54503,0.6779,0.39667,0.81783,0.65718,0.88493,0.98813,0.725,0.99493,0.67814,0.68727,0.53429,0.43646,0.42407,0.33838,0.50736,0.61591,0.45188,0.9855,0.32748,0.96777,0.36949,0.61863,0.25799,0.34048,0.17593,0.25226,0.1655,0.49522,0.30263,0.87138,0.18785,0.90556,0,0.56236,0.02927,0.20081,0,0.09275,0.10216,0,0.29811,0.03815,0.55139,0.21067,0.8383,0.26043,0.39288,0.24904],"triangles":[26,4,0,4,3,0,25,4,26,25,10,4,10,9,4,24,27,25,27,10,25,24,16,27,27,15,10,16,15,27,22,21,16,22,16,24,23,22,24,16,21,17,21,20,17,20,19,18,17,20,18,14,13,12,14,12,11,15,14,10,10,14,11,5,8,6,8,7,6,9,8,4,4,8,5,3,2,1,3,1,0],"weights":[3,97,0.05899,69,0.00365,88,0.93734,2,97,0.99914,88,0.00085,2,97,0.99967,88,0.00032,4,79,0.00044,90,0.00013,97,0.35334,88,0.64607,4,79,0.35645,90,0.22736,69,0.16148,88,0.25468,2,90,0.33614,94,0.66385,1,94,1,1,94,1,2,90,0.34405,94,0.65594,3,62,0.001,79,0.76086,90,0.23812,2,62,0.37545,79,0.62453,2,62,0.4439,86,0.55609,1,86,1,1,86,1,2,62,0.48754,86,0.51244,2,78,0.00625,62,0.99374,3,48,0.06115,78,0.69951,62,0.23933,2,78,0.54509,89,0.4549,1,89,1,1,89,1,2,78,0.12512,89,0.87487,2,48,0.0049,78,0.99509,2,48,0.76699,78,0.233,2,48,0.99824,78,0.00175,1,48,1,1,69,0.99999,2,69,0.62721,88,0.37278,1,48,1],"slotPose":[1,0,0,1,0,0],"bonePose":[97,0.086634,0.99624,-0.99624,0.086634,168.637228,-33.739803,69,0.913474,0.406896,-0.406896,0.913474,147.276429,-58.806747,88,0.268247,0.96335,-0.96335,0.268247,163.764642,-51.462272,90,0.407374,0.913261,-0.913261,0.407374,152.757318,-42.920393,79,0.631353,0.775496,-0.775496,0.631353,141.77521,-56.378127,94,0.124987,0.992158,-0.992158,0.124987,160.67766,-25.188933,62,0.293206,0.956049,-0.956049,0.293206,134.440256,-53.931794,86,-0.052685,0.998611,-0.998611,-0.052685,142.356946,-28.254478,78,-0.039957,0.999201,-0.999201,-0.039957,122.839197,-64.944452,48,0.850352,0.526214,-0.526214,0.850352,119.790796,-72.275662,89,0.290034,0.957016,-0.957016,0.290034,121.594892,-36.83172],"edges":[20,19,19,18,18,17,17,16,16,15,15,14,14,13,13,12,12,11,11,10,10,9,9,8,8,7,7,6,6,5,5,4,4,3,3,2,2,1,1,0,0,26,26,25,25,24,24,23,23,22,22,21,21,20],"userEdges":[16,27]}]},{"name":"eyes","display":[{"name":"eyes","transform":{"x":-6.98,"y":-2.54,"skX":8.99,"skY":8.99}}]},{"name":"H8","display":[{"type":"mesh","name":"H8","width":32,"height":91,"vertices":[51.61,-93.01,54.8,-72.22,71.41,-58.71,71.41,-52.3,63.66,-52.32,47.88,-69.08,43.47,-92.23,41.48,-111.53,39.5,-143.31,46.71,-143.31,49.09,-112.75],"uvs":[0.38018,0.55272,0.48048,0.78125,1,0.92961,1,1,0.75777,1,0.2638,0.81589,0.12564,0.56144,0.06282,0.34937,0,0,0.22559,0,0.30066,0.33581],"triangles":[1,4,2,2,4,3,1,5,4,9,8,10,8,7,10,10,7,0,7,6,0,0,6,1,6,5,1],"weights":[2,38,0.61088,57,0.3891,2,57,0.31886,65,0.68113,1,65,0.99999,1,65,1,1,65,1,2,57,0.33589,65,0.6641,2,38,0.85772,57,0.14227,2,17,0.12368,38,0.87631,1,17,1,1,17,1,2,17,0.13361,38,0.86638],"slotPose":[1,0,0,1,0,0],"bonePose":[38,0.10852,0.994094,-0.994094,0.10852,44.64637,-114.442956,57,0.200052,0.979785,-0.979785,0.200052,47.179224,-91.240795,65,0.680081,0.733137,-0.733137,0.680081,51.24028,-71.351154,17,0.05007,0.998746,-0.998746,0.05007,43.142559,-142.242529],"edges":[8,7,7,6,6,5,5,4,4,3,3,2,2,1,1,0,0,10,10,9,9,8],"userEdges":[]}]},{"name":"H1","display":[{"type":"mesh","name":"H1","width":14,"height":89,"vertices":[1.11,-120.44,3.15,-105.49,4.83,-87.43,5.41,-59.34,-3.88,-59.35,-2.5,-86.1,-4.31,-103.89,-5.94,-119.66,-8.5,-148.34,-2.52,-148.33],"uvs":[0.68845,0.31339,0.83541,0.4814,0.95628,0.68424,1,1,0.33572,0.99999,0.43235,0.69942,0.30176,0.49955,0.18439,0.32225,0,0,0.42775,0],"triangles":[8,7,9,9,7,0,0,7,1,7,6,1,5,4,3,1,6,2,6,5,2,5,3,2],"weights":[2,21,0.34175,35,0.65824,2,35,0.27528,52,0.72471,2,52,0.65538,75,0.34461,1,75,1,1,75,1,2,52,0.47071,75,0.52928,2,35,0.25376,52,0.74623,2,21,0.30509,35,0.6949,1,21,1,1,21,1],"slotPose":[1,0,0,1,0,0],"bonePose":[21,0.159537,0.987192,-0.987192,0.159537,-7.089455,-150.420651,35,0.117364,0.993089,-0.993089,0.117364,-2.269052,-121.094067,52,0.051116,0.998693,-0.998693,0.051116,-0.490986,-106.04877,75,-0.001047,0.999999,-0.999999,-0.001047,0.513952,-86.414471],"edges":[8,7,7,6,6,5,5,4,4,3,3,2,2,1,1,0,0,9,9,8],"userEdges":[]}]},{"name":"S2","display":[{"type":"mesh","name":"S2","width":111,"height":106,"vertices":[-29.05,-176.03,-7.94,-162,5.72,-149.26,11.52,-129.5,11.55,-118.82,-6.88,-108.53,-13.78,-99.37,-15.7,-88.76,-21.69,-83.44,-38.81,-85.63,-56.67,-87.89,-76.03,-90.37,-93.36,-92.58,-89,-110.56,-85.41,-125.36,-99.54,-152.44,-99.56,-163.63,-94.43,-175.9,-78.67,-189.25,-69.81,-189.27,-50.63,-185.35,-73.73,-165.96,-57.85,-153.72,-26.6,-139.15,-4.47,-127.69,-66.46,-120.65,-41.71,-113.63,-19.58,-109.99],"uvs":[0.63583,0.12618,0.82553,0.25907,0.94826,0.37966,1,0.56629,1,0.66704,0.83369,0.76369,0.77137,0.84998,0.7538,0.95004,0.69973,1,0.54544,0.9789,0.3847,0.95692,0.2104,0.93308,0.05421,0.91172,0.09391,0.7423,0.12664,0.60262,0,0.34681,0,0.24115,0.04655,0.12544,0.18889,0,0.26874,0,0.44151,0.03751,0.23286,0.21979,0.37564,0.33572,0.65677,0.4742,0.85587,0.58294,0.2973,0.64747,0.51999,0.71452,0.71931,0.74955],"triangles":[24,5,4,24,4,3,2,24,3,23,24,2,1,23,2,27,5,24,23,27,24,27,6,5,0,23,1,23,26,27,27,9,6,8,7,6,9,8,6,0,22,23,26,9,27,22,26,23,22,25,26,20,22,0,26,10,9,21,22,20,25,10,26,25,11,10,19,21,20,14,25,22,21,14,22,13,11,25,15,14,21,18,21,19,14,13,25,18,17,21,13,12,11,17,16,21,16,15,21],"weights":[3,7,0.04098,1,0.90891,5,0.0501,2,1,0.51645,5,0.48354,2,1,0.12817,5,0.87182,1,5,1,2,1,0.00017,5,0.99982,2,5,0.75712,12,0.24287,2,5,0.08597,12,0.91402,2,5,0.00169,12,0.9983,1,12,1,3,13,0.1553,1,0.00075,12,0.84393,4,7,0.00042,13,0.53626,1,0.00431,12,0.45899,2,13,0.92277,12,0.07722,1,13,0.99999,1,13,1,2,7,0.75402,13,0.24597,2,7,0.99937,13,0.00062,2,7,0.99948,13,0.00051,3,7,0.98251,13,0.00034,1,0.01713,3,7,0.83865,13,0.00014,1,0.16119,3,7,0.74262,13,0.00009,1,0.25727,3,7,0.38007,13,0.00001,1,0.61991,3,7,0.90737,13,0.00015,1,0.09246,4,7,0.60499,1,0.3898,5,0.00086,12,0.00431,5,7,0.01245,13,0.00909,1,0.38991,5,0.56566,12,0.02288,1,5,1,5,7,0.46894,13,0.3352,1,0.07797,5,0.02468,12,0.09318,5,7,0.10792,13,0.25529,1,0.10247,5,0.11684,12,0.41746,2,5,0.5,12,0.5],"slotPose":[1,0,0,1,0,0],"bonePose":[7,-0.121869,0.992546,-0.992546,-0.121869,-73.83,-155.44,1,1,0,0,1,-40.23,-153.61,5,-0.411037,0.911619,-0.911619,-0.411037,-9.07,-133.45,12,-0.185667,0.982613,-0.982613,-0.185667,-19.467976,-110.242876,13,-0.211666,0.977342,-0.977342,-0.211666,-78.115102,-120.6227],"edges":[15,14,14,13,13,12,12,11,11,10,10,9,9,8,8,7,7,6,6,5,5,4,4,3,3,2,2,1,1,0,0,20,20,19,19,18,18,17,17,16,16,15],"userEdges":[]}]},{"name":"breastL","display":[{"type":"mesh","name":"breastL","width":62,"height":36,"vertices":[60.47,-106.16,1.48,-104.34,1.5,-127.57,63.49,-140.31],"uvs":[0.95148,0.9488,0,1,0,0.35475,1,0],"triangles":[2,0,3,2,1,0],"weights":[1,27,1,1,29,1,1,29,1,1,27,1],"slotPose":[1,0,0,1,0,0],"bonePose":[27,-0.111816,0.993729,-0.993729,-0.111816,57.561193,-141.25081,29,-0.132083,0.991239,-0.991239,-0.132083,7.079858,-128.91711],"edges":[1,0,0,3,3,2,2,1],"userEdges":[]}]},{"name":"armR","display":[{"name":"armR","transform":{"x":51.36,"y":-3.14,"skX":-100.07,"skY":-100.07}}]},{"name":"H5","display":[{"type":"mesh","name":"H5","width":13,"height":103,"vertices":[27.47,-137.25,23.95,-111.53,21.79,-97.46,21.89,-78.71,23.2,-53.33,14.36,-53.35,14.41,-79.26,14.96,-97.74,16.59,-113.42,20.78,-137.96,20.19,-156.31,27.49,-156.32],"uvs":[1,0.18504,0.73197,0.43488,0.56701,0.5715,0.57731,0.75367,0.68041,0.99999,0,1,0,0.74847,0.04123,0.5689,0.16495,0.41666,0.48453,0.17827,0.43751,0,1,0],"triangles":[6,5,3,6,3,2,7,6,2,3,5,4,8,1,0,9,8,0,9,0,11,10,9,11,7,2,1,8,7,1],"weights":[2,22,0.53673,42,0.46326,2,42,0.37676,61,0.62323,2,61,0.4106,66,0.58938,2,66,0.21503,83,0.78496,1,83,1,1,83,1,2,66,0.33046,83,0.66954,2,61,0.38639,66,0.6136,2,42,0.56175,61,0.43824,2,22,0.4283,42,0.57169,1,22,1,1,22,1],"slotPose":[1,0,0,1,0,0],"bonePose":[22,0.063487,0.997983,-0.997983,0.063487,22.99493,-156.273136,42,-0.162293,0.986743,-0.986743,-0.162293,24.249461,-137.655224,61,-0.14021,0.990122,-0.990122,-0.14021,20.140209,-112.6709,66,-0.001047,0.999999,-0.999999,-0.001047,18.081926,-98.135912,83,0.009425,0.999956,-0.999956,0.009425,18.062971,-80.035922],"edges":[5,4,4,3,3,2,2,1,1,0,0,11,11,10,10,9,9,8,8,7,7,6,6,5],"userEdges":[]}]},{"name":"armL2","display":[{"name":"armL2","transform":{"x":22.36,"y":-0.07,"skX":-22.94,"skY":-22.94}}]},{"name":"hair2","display":[{"type":"mesh","name":"hair2","width":42,"height":129,"vertices":[132.57,-202.88,132.5,-185.42,132.37,-156.99,124.8,-139.87,116.5,-130.28,103.46,-121.3,93.6,-121.34,110.36,-140.3,117.22,-157.17,119.83,-184.75,115.18,-210.18,102.71,-225.65,90.76,-247.09,90.77,-250.35,102.86,-248.26,114.91,-240.74,128.61,-225.93],"uvs":[1,0.36681,1,0.50216,1,0.72245,0.82159,0.85539,0.62517,0.93002,0.31573,1,0.0807,0.99999,0.47774,0.85254,0.63933,0.72156,0.69824,0.5078,0.58496,0.3108,0.28659,0.19121,0,0.02528,0,0,0.28824,0.01584,0.57597,0.07377,0.90344,0.18819],"triangles":[16,10,0,10,9,0,0,9,1,8,3,2,1,9,2,9,8,2,11,10,16,15,11,16,7,4,3,8,7,3,7,5,4,14,11,15,6,5,7,14,12,11,13,12,14],"weights":[2,56,0.0059,80,0.99409,2,80,0.24625,85,0.75374,2,85,0.63294,96,0.36705,1,96,1,1,96,1,1,96,1,1,96,1,1,96,1,2,85,0.22225,96,0.77774,2,80,0.34491,85,0.65508,2,56,0.23201,80,0.76798,1,56,1,1,56,1,1,56,1,1,56,1,1,56,1,2,56,0.85017,80,0.14982],"slotPose":[1,0,0,1,0,0],"bonePose":[56,0.634461,0.772955,-0.772955,0.634461,103.242428,-240.044473,80,0.25983,0.965654,-0.965654,0.25983,122.036185,-216.943391,85,-0.165048,0.986286,-0.986286,-0.165048,130.072043,-187.386187,96,-0.51937,0.854549,-0.854549,-0.51937,125.197907,-157.83538],"edges":[12,11,11,10,10,9,9,8,8,7,7,6,6,5,5,4,4,3,3,2,2,1,1,0,0,16,16,15,15,14,14,13,13,12],"userEdges":[]}]},{"name":"breastR","display":[{"type":"mesh","name":"breastR","width":51,"height":51,"vertices":[7.09,-133.57,-41.51,-123.35,-39.59,-160.89,9.49,-174.32],"uvs":[0.9533,0.7993,0,0.99998,0.03734,0.2637,0.99999,0],"triangles":[2,0,3,2,1,0],"weights":[1,31,1,1,32,1,1,32,1,1,31,1],"slotPose":[1,0,0,1,0,0],"bonePose":[31,-0.061745,0.998092,-0.998092,-0.061745,3.860779,-170.271134,32,-0.078807,0.99689,-0.99689,-0.078807,-35.347602,-158.461368],"edges":[1,0,0,3,3,2,2,1],"userEdges":[]}]},{"name":"H2","display":[{"type":"mesh","name":"H2","width":11,"height":94,"vertices":[7.68,-126.95,11.48,-104.7,10.45,-84.05,8.6,-63.34,0.43,-63.35,2.83,-85.05,4.31,-103.98,0.65,-125.85,2.13,-157.32,9.07,-157.32],"uvs":[0.6545,0.32325,1,0.55994,0.90898,0.77974,0.74351,0.99999,0,1,0.21511,0.76909,0.34751,0.56769,0.01365,0.33501,0.14729,0,0.77905,0],"triangles":[7,6,0,8,7,0,8,0,9,5,4,3,5,3,2,6,5,2,6,2,1,0,6,1],"weights":[3,16,0.00896,36,0.78912,50,0.20191,2,50,0.82575,73,0.17424,2,73,0.48479,82,0.5152,1,82,1,1,82,1,2,73,0.62743,82,0.37255,2,50,0.69701,73,0.30298,2,36,0.77685,50,0.22314,2,16,0.99393,36,0.00606,1,16,1],"slotPose":[1,0,0,1,0,0],"bonePose":[16,-0.004887,0.999988,-0.999988,-0.004887,5.663188,-156.278346,36,-0.110775,0.993845,-0.993845,-0.110775,5.409691,-141.239405,50,0.176054,0.984381,-0.984381,0.176054,3.619565,-125.178862,73,-0.080025,0.996793,-0.996793,-0.080025,7.430813,-103.755221,82,0.031934,0.99949,-0.99949,0.031934,5.875128,-84.377568],"edges":[4,3,3,2,2,1,1,0,0,9,9,8,8,7,7,6,6,5,5,4],"userEdges":[]}]},{"name":"s1","display":[{"type":"mesh","name":"s1","width":62,"height":32,"vertices":[-20.52,-81.41,-34.93,-76.37,-42.68,-76.37,-65.76,-78.89,-82.5,-80.84,-82.49,-108.38,-62.25,-108.37,-38.97,-106.62,-20.51,-96.34],"uvs":[0.99999,0.84237,0.76769,1,0.64253,1,0.27017,0.92118,0.00001,0.86056,0,0,0.32648,0.00002,0.70198,0.05456,0.99999,0.37587],"triangles":[7,1,8,8,1,0,6,3,2,6,2,7,7,2,1,5,4,3,5,3,6],"weights":[2,6,0.00051,9,0.99948,1,9,1,2,6,0.0422,9,0.95779,2,6,0.88937,9,0.11062,1,6,1,2,6,0.99985,9,0.00014,2,6,0.86125,9,0.13874,2,6,0.03142,9,0.96856,2,6,0.00152,9,0.99847],"slotPose":[1,0,0,1,0,0],"bonePose":[6,-0.072194,0.997391,-0.997391,-0.072194,-69.75,-113,9,-0.106264,0.994338,-0.994338,-0.106264,-35.65,-106.76],"edges":[5,4,4,3,3,2,2,1,1,0,0,8,8,7,7,6,6,5],"userEdges":[7,2]}]},{"name":"wingR","display":[{"name":"wingR","transform":{"x":17.36,"y":-0.04,"skX":120.72,"skY":120.72}}]},{"name":"hair1","display":[{"type":"mesh","name":"hair1","width":49,"height":116,"vertices":[131.5,-198.74,131.48,-179.55,127.89,-152.53,117.14,-132.81,101.99,-122.3,85.81,-126.09,82.45,-136.93,89.62,-153.46,93.96,-177.89,91.85,-201.84,84.99,-238.29,91.96,-238.3,107.41,-233.48,124.38,-223.23],"uvs":[1,0.34078,0.99999,0.50614,0.92734,0.73909,0.70831,0.90921,0.39947,1,0.06908,0.96756,0,0.87416,0.14583,0.7315,0.23412,0.52074,0.19069,0.31428,0.04989,0,0.19211,0,0.50775,0.04139,0.85417,0.12969],"triangles":[8,2,1,13,9,0,8,1,0,9,8,0,7,3,2,8,7,2,12,9,13,7,4,3,7,6,4,6,5,4,11,9,12,10,9,11],"weights":[2,54,0.91233,64,0.08766,2,54,0.36358,64,0.63641,2,64,0.75052,87,0.24947,2,64,0.01345,87,0.98654,1,87,1,1,87,1,2,64,0.0105,87,0.98949,2,64,0.39461,87,0.60538,3,54,0.3799,64,0.61751,87,0.00256,1,54,1,1,54,1,1,54,1,1,54,1,1,54,1],"slotPose":[1,0,0,1,0,0],"bonePose":[54,0.14988,0.988704,-0.988704,0.14988,103.23108,-223.936141,64,-0.000873,1,-1,-0.000873,109.644176,-181.497962,87,-0.292706,0.956203,-0.956203,-0.292706,109.617926,-151.417974],"edges":[6,5,5,4,4,3,3,2,2,1,1,0,0,13,13,12,12,11,11,10,10,9,9,8,8,7,7,6],"userEdges":[9,0,7,2]}]},{"name":"H6","display":[{"type":"mesh","name":"H6","width":14,"height":92,"vertices":[46.77,-130.54,57.43,-112.6,65.4,-97.31,80.78,-73.29,73.5,-68.17,69.8,-73.44,58.19,-92.71,50.83,-108.29,38.19,-125.89,25.01,-146.51,32.05,-151.46],"uvs":[1,0.27821,0.88606,0.50428,0.72386,0.69019,0.63623,0.99999,0,1,0,0.93007,0.11261,0.68608,0.32231,0.50137,0.30659,0.2658,0.38415,0,1,0],"triangles":[7,6,2,5,3,2,6,5,2,7,2,1,9,8,10,7,1,0,8,7,0,10,8,0,5,4,3],"weights":[2,19,0.47427,43,0.52572,2,43,0.66981,60,0.33018,2,60,0.37239,71,0.6276,1,71,1,1,71,1,1,71,1,2,60,0.34547,71,0.65451,2,43,0.66725,60,0.33274,2,19,0.56967,43,0.43031,1,19,1,1,19,1],"slotPose":[1,0,0,1,0,0],"bonePose":[19,0.54581,0.837909,-0.837909,0.54581,29.377374,-148.108743,43,0.51728,0.855816,-0.855816,0.51728,42.541298,-128.064801,60,0.462058,0.88685,-0.88685,0.462058,53.902562,-109.248793,71,0.575005,0.81815,-0.81815,0.575005,61.03212,-95.564704],"edges":[4,3,3,2,2,1,1,0,0,10,10,9,9,8,8,7,7,6,6,5,5,4],"userEdges":[]}]},{"name":"armL","display":[{"name":"armL","transform":{"x":48.71,"y":1.17,"skX":-92.17,"skY":-92.17}}]},{"name":"hair3","display":[{"type":"mesh","name":"hair3","width":101,"height":122,"vertices":[101.51,-239.96,104.63,-225.28,91.09,-232.48,76.96,-228.11,58.51,-203.75,49.81,-173.85,51.06,-137.36,36.24,-139.9,19.18,-148.49,8.45,-156.02,3.47,-192.99,3.55,-207.27,10.84,-225.14,19.23,-237.94,34.41,-250.43,56.05,-259.29,75.04,-259.2,93.9,-250.41,21.4,-186.4,29.69,-216.86,35.34,-226.25,56.22,-244.09,73.16,-247.85,93.27,-243.15],"uvs":[0.96827,0.15671,1,0.27689,0.86545,0.21853,0.72583,0.25498,0.54448,0.45546,0.45994,0.70102,0.47428,1,0.32732,0.97991,0.15796,0.91006,0.05128,0.84873,0,0.5459,0,0.42872,0.07122,0.28201,0.15367,0.17667,0.30331,0.07367,0.51717,0,0.70515,0,0.8924,0.07132,0.17789,0.59918,0.25841,0.34915,0.31383,0.27187,0.51969,0.12464,0.68709,0.09316,0.88653,0.13093],"triangles":[17,23,0,0,2,1,23,2,0,22,23,17,16,22,17,22,2,23,22,3,2,22,21,3,21,4,3,21,20,4,15,22,16,15,21,22,5,7,6,15,14,21,20,19,4,18,5,4,19,18,4,14,20,21,8,7,5,18,8,5,9,8,18,11,18,19,14,13,20,13,19,20,13,12,19,11,10,18,12,11,19,10,9,18],"weights":[1,74,1,1,74,1,1,74,1,1,74,1,2,74,0.71276,93,0.28723,2,93,0.56045,95,0.43954,2,95,0.99881,84,0.00118,2,95,0.98892,84,0.01107,2,95,0.48798,84,0.512,2,95,0.10834,84,0.89165,1,84,1,2,84,0.20246,63,0.79752,1,63,1,2,63,0.32091,53,0.67908,1,53,1,2,74,0.10585,53,0.89414,2,74,0.67263,53,0.32736,2,74,0.97241,53,0.02758,4,93,0.27122,95,0.01057,84,0.66589,63,0.0523,5,74,0.24424,93,0.15676,84,0.00791,63,0.43151,53,0.15955,4,74,0.19876,93,0.01188,63,0.08835,53,0.701,2,74,0.17238,53,0.82761,2,74,0.70478,53,0.29521,2,74,0.99497,53,0.00502],"slotPose":[1,0,0,1,0,0],"bonePose":[74,-0.656454,0.754366,-0.754366,-0.656454,70.476936,-234.170872,93,-0.208595,0.978002,-0.978002,-0.208595,46.286892,-206.266185,95,0.031934,0.99949,-0.99949,0.031934,39.28239,-174.04857,84,0.088894,0.996041,-0.996041,0.088894,7.608612,-201.966339,63,-0.41755,0.908654,-0.908654,-0.41755,21.590865,-232.034672,53,-0.859317,0.511443,-0.511443,-0.859317,50.604476,-249.19808],"edges":[10,9,9,8,8,7,7,6,6,5,5,4,4,3,3,2,2,1,1,0,0,17,17,16,16,15,15,14,14,13,13,12,12,11,11,10],"userEdges":[]}]},{"name":"armR2","display":[{"name":"armR2","transform":{"x":38.3,"y":2.2,"skX":-30.1,"skY":-30.1}}]},{"name":"H3","display":[{"type":"mesh","name":"H3","width":18,"height":96,"vertices":[18.37,-147.86,8.63,-125.61,7.09,-107.52,9.15,-88.09,12.69,-58.35,4.63,-58.34,0.54,-87.96,0.49,-107.93,1.03,-127.5,13.89,-154.33,18.36,-154.35],"uvs":[1,0.06773,0.45578,0.29916,0.36718,0.48762,0.47878,0.69005,0.67191,0.99999,0.22297,0.99999,0,0.69118,0,0.48312,0.0328,0.27923,0.75202,0,1,0],"triangles":[6,5,3,3,5,4,9,8,0,8,1,0,9,0,10,2,6,3,7,2,1,7,6,2,8,7,1],"weights":[1,24,1,2,24,0.4931,33,0.50689,2,33,0.52813,55,0.47186,2,55,0.2311,81,0.76889,1,81,1,1,81,1,2,55,0.15626,81,0.84373,2,33,0.70331,55,0.29668,2,24,0.33123,33,0.66876,1,24,1,1,24,1],"slotPose":[1,0,0,1,0,0],"bonePose":[24,-0.417391,0.908727,-0.908727,-0.417391,16.374719,-152.457247,33,-0.062268,0.998059,-0.998059,-0.062268,4.636411,-127.212552,55,0.028445,0.999595,-0.999595,0.028445,3.355488,-107.323718,81,0.087156,0.996195,-0.996195,0.087156,3.856121,-89.73084],"edges":[6,5,5,4,4,3,3,2,2,1,1,0,0,10,10,9,9,8,8,7,7,6],"userEdges":[]}]},{"name":"s0","display":[{"type":"mesh","name":"s0","width":56,"height":53,"vertices":[-32.49,-74.61,-34.24,-62.96,-47.63,-55.01,-63.86,-53.41,-88.49,-43.37,-88.49,-48.61,-71.47,-60.27,-64.88,-62.24,-57.25,-73.46,-65.2,-86.86,-54.49,-94.81,-43.54,-95.93,-32.5,-89.4],"uvs":[0.99999,0.41062,0.96882,0.63024,0.72978,0.78037,0.4398,0.81063,0,1,0,0.90112,0.30369,0.68103,0.42148,0.64389,0.55775,0.43227,0.41572,0.17936,0.60719,0.02928,0.80268,0.00806,0.99999,0.13177],"triangles":[8,1,0,11,8,0,11,0,12,10,8,11,8,2,1,9,8,10,8,7,2,7,3,2,6,5,3,5,4,3,7,6,3],"weights":[2,8,0.81343,11,0.18656,2,8,0.32494,11,0.67505,2,8,0.00113,11,0.99886,2,11,0.12961,26,0.87038,1,26,1,1,26,1,2,11,0.03135,26,0.96864,2,11,0.64771,26,0.35228,3,8,0.4345,11,0.56544,26,0.00004,2,8,0.99996,26,0.00003,1,8,0.99999,1,8,1,1,8,1],"slotPose":[1,0,0,1,0,0],"bonePose":[8,0.055647,0.99845,-0.99845,0.055647,-48.17,-93.74,11,-0.719097,0.694909,-0.694909,-0.719097,-46.944091,-71.744136,26,-0.876223,0.481907,-0.481907,-0.876223,-62.827741,-56.464287],"edges":[4,3,3,2,2,1,1,0,0,12,12,11,11,10,10,9,9,8,8,7,7,6,6,5,5,4],"userEdges":[]}]},{"name":"body","display":[{"type":"mesh","name":"body","width":186,"height":161,"vertices":[75.01,-259.34,85.73,-241.54,101.47,-215.37,101.53,-194.85,80.9,-148.85,71.52,-138.25,45.22,-132.44,4.31,-121.35,-28.96,-121.25,-50.38,-132.91,-70.92,-144.09,-84.37,-166.63,-84.43,-186.03,-63.99,-209.11,-53.45,-237.71,-37.91,-263.6,-10.67,-276.67,20.7,-282.36,46.95,-275.83,4.33,-244.51,-33.1,-215.69,-54.73,-181.87,7.09,-135.01,50.9,-157.99,14.02,-181.31,-18.42,-163.84,41.77,-252,53.68,-204.58],"uvs":[0.85844,0.14398,0.91577,0.25477,1,0.41754,1,0.54496,0.88835,0.83035,0.83778,0.89607,0.69633,0.93171,0.47615,1,0.29723,1,0.18218,0.92713,0.07194,0.85731,0,0.71697,0,0.59644,0.11027,0.45346,0.16749,0.27598,0.25141,0.11542,0.39811,0.03476,0.56686,0,0.7078,0.04105,0.47825,0.23478,0.27651,0.41317,0.15965,0.62286,0.49131,0.91513,0.72724,0.77304,0.52936,0.62765,0.35464,0.73552,0.67963,0.18901,0.74293,0.48375],"triangles":[23,4,3,27,23,3,27,3,2,1,27,2,0,26,1,26,27,1,23,5,4,18,26,0,23,6,5,26,19,27,19,24,27,24,23,27,22,6,23,24,22,23,17,26,18,22,7,6,17,19,26,19,20,24,25,22,24,16,19,17,20,25,24,8,7,22,25,8,22,16,15,19,15,20,19,15,14,20,20,21,25,9,8,25,21,9,25,21,10,9,13,21,20,14,13,20,11,10,21,13,12,21,12,11,21],"weights":[2,10,0.01314,25,0.98685,1,25,1,1,25,1,2,4,0.00491,25,0.99508,2,4,0.19262,25,0.80737,2,4,0.26238,25,0.7376,3,4,0.47403,10,0.0081,25,0.51786,2,4,0.86394,25,0.13605,2,4,0.97768,25,0.02231,2,4,0.99865,25,0.00134,1,4,1,1,4,1,2,4,0.99728,10,0.00271,2,4,0.84953,10,0.15046,2,4,0.37632,10,0.62367,2,4,0.09962,10,0.90037,3,4,0.00941,10,0.94637,25,0.04421,2,10,0.69468,25,0.30531,2,10,0.30657,25,0.69342,3,4,0.00453,10,0.97042,25,0.02504,2,4,0.68597,10,0.31402,2,4,0.98476,10,0.01523,3,4,0.82032,10,0.00299,25,0.17667,3,4,0.29585,10,0.02618,25,0.67796,3,4,0.59162,10,0.19074,25,0.21763,3,4,0.9739,10,0.00305,25,0.02303,2,10,0.20087,25,0.79912,3,4,0.02564,10,0.03878,25,0.93556],"slotPose":[1,0,0,1,0,0],"bonePose":[4,0.408968,-0.912549,0.912549,0.408968,-38.4,-158.49,10,0.817748,-0.575576,0.575576,0.817748,-16.40041,-207.969957,25,0.837528,0.546394,-0.546394,0.837528,30.04856,-240.956798],"edges":[11,10,10,9,9,8,8,7,7,6,6,5,5,4,4,3,3,2,2,1,1,0,0,18,18,17,17,16,16,15,15,14,14,13,13,12,12,11],"userEdges":[]}]},{"name":"face","display":[{"name":"face","transform":{"x":37.23,"y":13.78,"skX":8.99,"skY":8.99}}]},{"name":"H7","display":[{"type":"mesh","name":"H7","width":11,"height":93,"vertices":[38.81,-116.48,37.32,-93.98,36.5,-77.09,38.63,-53.33,28.44,-53.34,28.46,-76.7,28.47,-94.37,30.1,-117.28,32.12,-146.3,39.49,-146.3],"uvs":[0.93908,0.32078,0.80506,0.56288,0.73195,0.74446,0.9269,0.99999,0,1,0,0.7488,0,0.55857,0.14619,0.31214,0.32895,0,1,0],"triangles":[5,4,2,1,6,2,6,5,2,6,1,0,7,6,0,2,4,3,7,0,9,8,7,9],"weights":[2,18,0.56682,39,0.43316,2,39,0.35303,58,0.64696,2,58,0.59589,68,0.4041,1,68,1,1,68,1,2,58,0.62559,68,0.3744,2,39,0.46839,58,0.5316,2,18,0.71826,39,0.28173,1,18,1,1,18,1],"slotPose":[1,0,0,1,0,0],"bonePose":[18,-0.046235,0.998931,-0.998931,-0.046235,35.746476,-146.061541,39,-0.08333,0.996522,-0.996522,-0.08333,34.452209,-115.718933,58,-0.000524,1,-1,-0.000524,32.661448,-94.303675,68,-0.000524,1,-1,-0.000524,32.652237,-76.713677],"edges":[4,3,3,2,2,1,1,0,0,9,9,8,8,7,7,6,6,5,5,4],"userEdges":[]}]},{"name":"wingL","display":[{"name":"wingL","transform":{"x":17.72,"y":0.4,"skX":47.03,"skY":47.03}}]},{"name":"handR","display":[{"type":"mesh","name":"handR","width":69,"height":92,"vertices":[68.43,-42.59,67.45,-16.15,59.81,-15.92,60.24,-42.62,55.37,-54.45,44.75,-61.5,51.99,-55.92,56.46,-35.82,55.95,-8.38,45.71,-5.69,47.45,-35.48,45.16,-48.93,35.4,-61.9,33.41,-61.73,40.34,-37.64,42.21,0.64,29.41,0.7,29.09,-35.96,23.64,-60.33,18.8,-60.82,15.89,-38.71,11.54,-5.76,-0.4,-5.51,0.8,-17.41,6.09,-41.39,8.2,-61.97,3.49,-82.03,13.79,-91.23,31.34,-87.48,44.81,-71.14,58.29,-62.82],"uvs":[1,0.53127,0.98424,0.81858,0.87347,0.82071,0.88108,0.53065,0.81117,0.40179,0.65763,0.32467,0.76222,0.38561,0.82583,0.60437,0.81669,0.9026,0.66793,0.9313,0.69509,0.60769,0.6626,0.46139,0.52203,0.31986,0.49319,0.32166,0.59229,0.58377,0.6171,1,0.43149,0.99998,0.42899,0.60164,0.35145,0.33637,0.28136,0.33088,0.23786,0.57098,0.173,0.92894,0,0.93113,0.01792,0.80185,0.09597,0.54151,0.12771,0.31785,0.06072,0.0994,0.21056,0.00001,0.46481,0.04155,0.65907,0.2198,0.85408,0.31083],"triangles":[4,3,0,30,4,0,29,5,30,5,11,6,12,11,5,29,12,5,13,12,29,28,13,29,18,17,13,28,18,13,19,18,28,27,19,28,23,21,20,27,26,19,26,25,19,24,20,19,25,24,19,24,23,20,23,22,21,14,17,15,17,16,15,13,17,14,10,9,8,10,8,7,6,11,7,11,10,7,5,4,30,3,2,1,3,1,0],"weights":[3,44,0.00047,91,0.61887,76,0.38065,1,91,1,1,91,1,2,91,0.44639,76,0.5536,2,44,0.35292,76,0.64707,2,46,0.62597,44,0.37402,2,46,0.81932,77,0.18067,2,77,0.54389,92,0.4561,1,92,1,1,92,1,2,77,0.57711,92,0.42288,2,46,0.48674,77,0.51325,2,45,0.16223,46,0.83776,3,45,0.46938,46,0.52841,44,0.00218,2,45,0.50537,72,0.49461,1,72,1,1,72,1,2,45,0.44587,72,0.55412,2,47,0.11895,45,0.88104,3,41,0.05909,47,0.62535,45,0.31555,2,47,0.27542,70,0.72457,1,70,1,1,70,1,2,47,0.00006,70,0.99993,2,47,0.37246,70,0.62752,2,47,0.99996,70,0.00003,2,41,0.69665,47,0.30333,2,41,0.96871,47,0.03128,3,41,0.7443,46,0.15212,44,0.10355,2,47,0.00001,44,0.99998,2,44,0.94761,76,0.05238],"slotPose":[1,0,0,1,0,0],"bonePose":[47,-0.107132,0.994245,-0.994245,-0.107132,13.501263,-65.604001,70,-0.196802,0.980443,-0.980443,-0.196802,11.033811,-41.771182,44,0.854821,0.518922,-0.518922,0.854821,39.770496,-69.860419,91,-0.075501,0.997146,-0.997146,-0.075501,64.786433,-42.958804,76,0.366664,0.930354,-0.930354,0.366664,58.698996,-58.241121,72,-0.019895,0.999802,-0.999802,-0.019895,34.252687,-36.873163,46,0.642788,0.766044,-0.766044,0.642788,33.657029,-69.865068,77,0.184466,0.982839,-0.982839,0.184466,49.539078,-50.922022,92,-0.048675,0.998815,-0.998815,-0.048675,52.582708,-35.030756,45,0.271272,0.962503,-0.962503,0.271272,26.328818,-64.987864,41,0.442602,0.896718,-0.896718,0.442602,17.783409,-85.147804],"edges":[22,21,21,20,20,19,19,18,18,17,17,16,16,15,15,14,14,13,13,12,12,11,11,10,10,9,9,8,8,7,7,6,6,5,5,4,4,3,3,2,2,1,1,0,0,30,30,29,29,28,28,27,27,26,26,25,25,24,24,23,23,22],"userEdges":[]}]},{"name":"H4","display":[{"type":"mesh","name":"H4","width":12,"height":95,"vertices":[17.19,-118.5,16.52,-97.46,16.38,-79.77,19.32,-55.33,9.47,-55.34,9.49,-80.05,9.49,-97.33,9.49,-118.9,16.73,-150.31,21.48,-150.32],"uvs":[0.6426,0.33498,0.58675,0.55647,0.57556,0.74269,0.82128,0.99998,0,1,0,0.73985,0,0.55786,0,0.33073,0.60316,0,1,0],"triangles":[7,6,0,0,6,1,6,5,1,7,0,8,1,5,2,5,4,2,2,4,3,8,0,9],"weights":[2,20,0.66241,37,0.33758,2,37,0.41454,59,0.58545,2,59,0.33824,67,0.66175,1,67,1,1,67,1,2,59,0.4601,67,0.53989,2,37,0.36236,59,0.63763,2,20,0.53929,37,0.4607,1,20,1,1,20,1],"slotPose":[1,0,0,1,0,0],"bonePose":[20,-0.193378,0.981124,-0.981124,-0.193378,19.431178,-149.643697,37,0,1,-1,0,13.299865,-118.277296,59,-0.014486,0.999895,-0.999895,-0.014486,13.299865,-97.877296,67,0.032457,0.999473,-0.999473,0.032457,13.031296,-80.029314],"edges":[4,3,3,2,2,1,1,0,0,9,9,8,8,7,7,6,6,5,5,4],"userEdges":[]}]}]}],"animation":[{"duration":100,"name":"animation","bone":[{"name":"S2","translateFrame":[{"duration":50,"tweenEasing":0},{"duration":50,"tweenEasing":0,"y":-8.47},{"duration":0}]},{"name":"S3","rotateFrame":[{"duration":25,"tweenEasing":0},{"duration":25,"tweenEasing":0,"rotate":-5.1},{"duration":25,"tweenEasing":0},{"duration":25,"tweenEasing":0,"rotate":-5.1},{"duration":0}]},{"name":"S4","rotateFrame":[{"duration":25,"tweenEasing":0},{"duration":25,"tweenEasing":0,"rotate":-5.1},{"duration":25,"tweenEasing":0},{"duration":25,"tweenEasing":0,"rotate":-5.1},{"duration":0}]},{"name":"s0","rotateFrame":[{"duration":6,"tweenEasing":0},{"duration":19,"tweenEasing":0,"rotate":1.47},{"duration":25,"tweenEasing":0,"rotate":12},{"duration":6,"tweenEasing":0},{"duration":19,"tweenEasing":0,"rotate":1.47},{"duration":25,"tweenEasing":0,"rotate":12},{"duration":0}]},{"name":"bone3","translateFrame":[{"duration":6,"tweenEasing":0},{"duration":24,"tweenEasing":0,"x":0.03,"y":1.02},{"duration":20,"tweenEasing":0,"x":-3.46,"y":11.86},{"duration":6,"tweenEasing":0},{"duration":24,"tweenEasing":0,"x":0.03,"y":1.02},{"duration":20,"tweenEasing":0,"x":-3.46,"y":11.86},{"duration":0}],"rotateFrame":[{"duration":6,"tweenEasing":0},{"duration":24,"tweenEasing":0,"rotate":-10.88},{"duration":20,"tweenEasing":0,"rotate":-10.67},{"duration":6,"tweenEasing":0},{"duration":24,"tweenEasing":0,"rotate":-10.88},{"duration":20,"tweenEasing":0,"rotate":-10.67},{"duration":0}]},{"name":"bone4","translateFrame":[{"duration":30,"tweenEasing":0},{"duration":20,"tweenEasing":0,"x":-2.56,"y":1.07},{"duration":30,"tweenEasing":0},{"duration":20,"tweenEasing":0,"x":-2.56,"y":1.07},{"duration":0}]},{"name":"body","rotateFrame":[{"duration":50,"tweenEasing":0},{"duration":50,"tweenEasing":0,"rotate":-4.75},{"duration":0}]},{"name":"bone6","rotateFrame":[{"duration":50,"tweenEasing":0},{"duration":50,"tweenEasing":0,"rotate":-2.26},{"duration":0}]},{"name":"face","rotateFrame":[{"duration":4,"tweenEasing":0},{"duration":6,"rotate":-0.02},{"duration":2,"tweenEasing":0,"rotate":-0.02},{"duration":38,"tweenEasing":0,"rotate":-4.16},{"duration":8,"rotate":-0.26},{"duration":2,"tweenEasing":0,"rotate":-0.26},{"duration":40,"tweenEasing":0,"rotate":2.33},{"duration":0}]},{"name":"righthand","translateFrame":[{"duration":50,"tweenEasing":0},{"duration":50,"tweenEasing":0,"x":-11.88,"y":0.98},{"duration":0}]},{"name":"bone7","rotateFrame":[{"duration":50,"tweenEasing":0},{"duration":50,"tweenEasing":0,"rotate":8.97},{"duration":0}],"scaleFrame":[{"duration":50,"tweenEasing":0},{"duration":50,"tweenEasing":0,"x":0.81},{"duration":0}]},{"name":"handR3","rotateFrame":[{"duration":50,"tweenEasing":0},{"duration":50,"tweenEasing":0,"rotate":4.36},{"duration":0}]},{"name":"bone8","rotateFrame":[{"duration":50,"tweenEasing":0},{"duration":50,"tweenEasing":0,"rotate":9.67},{"duration":0}]},{"name":"handR4","rotateFrame":[{"duration":50,"tweenEasing":0},{"duration":50,"tweenEasing":0,"rotate":-8.65},{"duration":0}]},{"name":"bone9","rotateFrame":[{"duration":50,"tweenEasing":0},{"duration":50,"tweenEasing":0,"rotate":-2.74},{"duration":0}]},{"name":"bone11","rotateFrame":[{"duration":50,"tweenEasing":0},{"duration":50,"tweenEasing":0,"rotate":2.5},{"duration":0}]},{"name":"lefthand","translateFrame":[{"duration":50,"tweenEasing":0},{"duration":50,"tweenEasing":0,"x":-6.21,"y":-12.72},{"duration":0}]},{"name":"handL2","rotateFrame":[{"duration":50,"tweenEasing":0},{"duration":50,"tweenEasing":0,"rotate":20.27},{"duration":0}]},{"name":"bone13","rotateFrame":[{"duration":50,"tweenEasing":0},{"duration":50,"tweenEasing":0,"rotate":-23.34},{"duration":0}]},{"name":"handL3","rotateFrame":[{"duration":50,"tweenEasing":0},{"duration":50,"tweenEasing":0,"rotate":2.36},{"duration":0}]},{"name":"bone15","rotateFrame":[{"duration":50,"tweenEasing":0},{"duration":50,"tweenEasing":0,"rotate":10.87},{"duration":0}]},{"name":"handL5","rotateFrame":[{"duration":50,"tweenEasing":0},{"duration":50,"tweenEasing":0,"rotate":-7.31},{"duration":0}]},{"name":"bone17","rotateFrame":[{"duration":50,"tweenEasing":0},{"duration":50,"tweenEasing":0,"rotate":8.97},{"duration":0}]},{"name":"bone18","rotateFrame":[{"duration":50,"tweenEasing":0},{"duration":50,"tweenEasing":0,"rotate":13.97},{"duration":0}]},{"name":"hair4","translateFrame":[{"duration":20,"tweenEasing":0},{"duration":30,"tweenEasing":0,"x":-5.49,"y":1.43},{"duration":20,"tweenEasing":0},{"duration":30,"tweenEasing":0,"x":-5.49,"y":1.43},{"duration":0}],"rotateFrame":[{"duration":20,"tweenEasing":0},{"duration":30,"tweenEasing":0,"rotate":-3.86},{"duration":20,"tweenEasing":0},{"duration":30,"tweenEasing":0,"rotate":-3.86},{"duration":0}]},{"name":"bone21","rotateFrame":[{"duration":20,"tweenEasing":0},{"duration":30,"tweenEasing":0,"rotate":4.82},{"duration":50}]},{"name":"bone23","rotateFrame":[{"duration":20,"tweenEasing":0},{"duration":30,"tweenEasing":0,"rotate":-2.58},{"duration":20,"tweenEasing":0},{"duration":30,"tweenEasing":0,"rotate":-3.53},{"duration":0}]},{"name":"hair1","rotateFrame":[{"duration":20,"tweenEasing":0},{"duration":30,"tweenEasing":0,"rotate":-3.02},{"duration":20,"tweenEasing":0},{"duration":30,"tweenEasing":0,"rotate":-2.81},{"duration":0}]},{"name":"bone26","rotateFrame":[{"duration":20,"tweenEasing":0},{"duration":30,"tweenEasing":0,"rotate":-1.06},{"duration":20,"tweenEasing":0},{"duration":30,"tweenEasing":0,"rotate":-1.06},{"duration":0}]},{"name":"breastR","rotateFrame":[{"duration":50,"tweenEasing":0},{"duration":50,"tweenEasing":0,"rotate":-6.66},{"duration":0}]},{"name":"breastR2","rotateFrame":[{"duration":50,"tweenEasing":0},{"duration":50,"tweenEasing":0,"rotate":-6.66},{"duration":0}]},{"name":"breastL","rotateFrame":[{"duration":50,"tweenEasing":0},{"duration":50,"tweenEasing":0,"rotate":16.42},{"duration":0}]},{"name":"breastL2","rotateFrame":[{"duration":50,"tweenEasing":0},{"duration":50,"tweenEasing":0,"rotate":16.42},{"duration":0}]},{"name":"wingR","rotateFrame":[{"duration":3,"tweenEasing":0},{"duration":4,"tweenEasing":0,"rotate":-10.16},{"duration":3,"tweenEasing":0},{"duration":4,"tweenEasing":0,"rotate":-10.16},{"duration":3,"tweenEasing":0},{"duration":4,"tweenEasing":0,"rotate":-10.16},{"duration":3,"tweenEasing":0},{"duration":4,"tweenEasing":0,"rotate":-10.16},{"duration":3,"tweenEasing":0},{"duration":4,"tweenEasing":0,"rotate":-18.68},{"duration":3,"tweenEasing":0},{"duration":4,"tweenEasing":0,"rotate":-10.16},{"duration":3,"tweenEasing":0},{"duration":4,"tweenEasing":0,"rotate":-10.16},{"duration":3,"tweenEasing":0},{"duration":4,"tweenEasing":0,"rotate":-10.16},{"duration":3,"tweenEasing":0},{"duration":4,"tweenEasing":0,"rotate":-10.16},{"duration":3,"tweenEasing":0},{"duration":4,"tweenEasing":0,"rotate":-10.16},{"duration":3,"tweenEasing":0},{"duration":4,"tweenEasing":0,"rotate":-10.16},{"duration":3,"tweenEasing":0},{"duration":4,"tweenEasing":0,"rotate":-10.16},{"duration":3,"tweenEasing":0},{"duration":5,"tweenEasing":0,"rotate":-10.16},{"duration":4,"tweenEasing":0},{"duration":4,"tweenEasing":0,"rotate":-10.16},{"duration":0}]},{"name":"wingL","rotateFrame":[{"duration":3,"tweenEasing":0},{"duration":4,"tweenEasing":0,"rotate":14.56},{"duration":3,"tweenEasing":0},{"duration":4,"tweenEasing":0,"rotate":14.56},{"duration":3,"tweenEasing":0},{"duration":4,"tweenEasing":0,"rotate":14.56},{"duration":3,"tweenEasing":0},{"duration":4,"tweenEasing":0,"rotate":14.56},{"duration":3,"tweenEasing":0},{"duration":4,"tweenEasing":0,"rotate":20.51},{"duration":3,"tweenEasing":0},{"duration":4,"tweenEasing":0,"rotate":14.56},{"duration":3,"tweenEasing":0},{"duration":4,"tweenEasing":0,"rotate":14.56},{"duration":3,"tweenEasing":0},{"duration":4,"tweenEasing":0,"rotate":14.56},{"duration":3,"tweenEasing":0},{"duration":4,"tweenEasing":0,"rotate":14.56},{"duration":3,"tweenEasing":0},{"duration":4,"tweenEasing":0,"rotate":14.56},{"duration":3,"tweenEasing":0},{"duration":4,"tweenEasing":0,"rotate":14.56},{"duration":3,"tweenEasing":0},{"duration":4,"tweenEasing":0,"rotate":14.56},{"duration":3,"tweenEasing":0},{"duration":5,"tweenEasing":0,"rotate":14.56},{"duration":4,"tweenEasing":0},{"duration":4,"tweenEasing":0,"rotate":14.56},{"duration":0}]},{"name":"H8","rotateFrame":[{"duration":50,"tweenEasing":0},{"duration":50,"tweenEasing":0,"rotate":24.92},{"duration":0}]},{"name":"bone28","rotateFrame":[{"duration":50,"tweenEasing":0},{"duration":50,"tweenEasing":0,"rotate":-9.9},{"duration":0}]},{"name":"bone30","rotateFrame":[{"duration":50,"tweenEasing":0},{"duration":50,"tweenEasing":0,"rotate":23.75},{"duration":0}]},{"name":"H7","rotateFrame":[{"duration":50,"tweenEasing":0},{"duration":50,"tweenEasing":0,"rotate":14.37},{"duration":0}]},{"name":"H6","rotateFrame":[{"duration":66,"tweenEasing":0},{"duration":34,"tweenEasing":0,"rotate":-7.82},{"duration":0}]},{"name":"H5","rotateFrame":[{"duration":50,"tweenEasing":0},{"duration":50,"tweenEasing":0,"rotate":14.37},{"duration":0}]},{"name":"bone39","rotateFrame":[{"duration":50,"tweenEasing":0},{"duration":50,"tweenEasing":0,"rotate":11.85},{"duration":0}]},{"name":"H4","rotateFrame":[{"duration":50,"tweenEasing":0},{"duration":50,"tweenEasing":0,"rotate":-0.13},{"duration":0}]},{"name":"bone41","rotateFrame":[{"duration":50,"tweenEasing":0},{"duration":50,"tweenEasing":0,"rotate":-8.48},{"duration":0}]},{"name":"bone42","rotateFrame":[{"duration":50,"tweenEasing":0},{"duration":50,"tweenEasing":0,"rotate":9.21},{"duration":0}]},{"name":"H2","rotateFrame":[{"duration":50,"tweenEasing":0},{"duration":50,"tweenEasing":0,"rotate":-0.26},{"duration":0}]},{"name":"H3","rotateFrame":[{"duration":50,"tweenEasing":0},{"duration":50,"tweenEasing":0,"rotate":14.37},{"duration":0}]},{"name":"H1","rotateFrame":[{"duration":50,"tweenEasing":0},{"duration":50,"tweenEasing":0,"rotate":14.37},{"duration":0}]},{"name":"bone52","rotateFrame":[{"duration":50,"tweenEasing":0},{"duration":50,"tweenEasing":0,"rotate":9.44},{"duration":0}]},{"name":"s1","translateFrame":[{"duration":25,"tweenEasing":0},{"duration":25,"tweenEasing":0,"x":6.46},{"duration":25,"tweenEasing":0},{"duration":25,"tweenEasing":0,"x":6.46},{"duration":0}],"rotateFrame":[{"duration":25,"tweenEasing":0},{"duration":25,"tweenEasing":0,"rotate":8.19},{"duration":25,"tweenEasing":0},{"duration":25,"tweenEasing":0,"rotate":8.19},{"duration":0}]},{"name":"s2","translateFrame":[{"duration":25,"tweenEasing":0},{"duration":25,"tweenEasing":0,"x":6.46},{"duration":25,"tweenEasing":0},{"duration":25,"tweenEasing":0,"x":6.46},{"duration":0}],"rotateFrame":[{"duration":25,"tweenEasing":0},{"duration":25,"tweenEasing":0,"rotate":8.19},{"duration":25,"tweenEasing":0},{"duration":25,"tweenEasing":0,"rotate":8.19},{"duration":0}]}],"slot":[{"name":"eyes","displayFrame":[{"duration":53,"value":-1},{"duration":2},{"duration":45,"value":-1}]}]}],"defaultActions":[{"gotoAndPlay":"animation"}]}]}