{"frameRate":30,"isGlobal":0,"armature":[{"skin":[{"name":"","slot":[{"display":[{"path":"lan_daoguang_01_eff_01","type":"image","name":"lan_daoguang_01_eff_01","transform":{"y":-1.96,"x":-6.49}}],"blendMode":"add","name":"lan_daoguang_01_eff_01"},{"display":[{"path":"suizhipai_03","type":"image","name":"suizhipai_03","transform":{"y":-37.82,"x":21.32}}],"name":"suizhipai_03"},{"display":[{"path":"ys_pukepai_eff_01","type":"image","name":"ys_pukepai_eff_01","transform":{}}],"name":"ys_pukepai_eff_01"},{"display":[{"path":"suizhipai_04","type":"image","name":"suizhipai_04","transform":{"y":-24.42,"x":-39.24}}],"name":"suizhipai_04"},{"display":[{"path":"ys_pukepai_eff_pz","type":"image","name":"ys_pukepai_eff_pz","transform":{"scX":18.133,"y":-52.92,"scY":17.438,"x":-2.88}}],"name":"ys_pukepai_eff_pz"},{"display":[{"path":"ys_pukepai_eff_01","type":"image","name":"ys_pukepai_eff_01","transform":{}}],"name":"ys_pukepai_eff_1"},{"display":[{"path":"lan_daoguang_01_eff_01","type":"image","name":"lan_daoguang_01_eff_01","transform":{"y":-1.96,"x":-6.49}}],"blendMode":"add","name":"lan_daoguang_01_eff_1"},{"display":[{"path":"suizhipai_02","type":"image","name":"suizhipai_02","transform":{"y":46.76,"x":-30.09}}],"name":"suizhipai_02"},{"display":[{"path":"suizhipai_01","type":"image","name":"suizhipai_01","transform":{"y":37.21,"x":26.74}}],"name":"suizhipai_01"}]}],"animation":[{"duration":48,"frame":[],"bone":[{"frame":[{"duration":2,"transform":{"scX":1.2,"scY":1.2},"tweenEasing":0},{"duration":2,"transform":{"scX":1.2,"scY":1.2,"skX":-90,"skY":-90},"tweenEasing":0},{"duration":2,"transform":{"scX":1.2,"scY":1.2,"skX":-180,"skY":-180},"tweenEasing":0},{"duration":2,"transform":{"scX":1.2,"scY":1.2,"skX":-270,"skY":-270},"tweenEasing":0},{"duration":2,"transform":{"scX":1.2,"scY":1.2},"tweenEasing":0},{"duration":2,"transform":{"scX":1.2,"scY":1.2,"skX":-90,"skY":-90},"tweenEasing":0},{"duration":2,"transform":{"scX":1.2,"scY":1.2,"skX":-180,"skY":-180},"tweenEasing":0},{"duration":1,"transform":{"scX":1.2,"scY":1.2,"skX":-270,"skY":-270},"tweenEasing":0},{"duration":5,"transform":{"scX":1.2,"scY":1.2},"curve":[0.25,0,1,0.4]},{"duration":10,"transform":{"scX":0.9,"scY":0.9}},{"duration":18,"transform":{"scX":0.9,"scY":0.9},"curve":[0,0.52,0.75,1]},{"duration":0,"transform":{}}],"name":"ys_pukepai_eff_01"},{"frame":[{"duration":15,"transform":{}},{"duration":5,"transform":{}},{"duration":10,"transform":{}},{"duration":18,"transform":{},"curve":[0,0.52,0.75,1]},{"duration":0,"transform":{"scX":1.3,"scY":1.3}}],"name":"ys_pukepai_eff_1"},{"frame":[{"duration":20,"transform":{}},{"duration":10,"transform":{}},{"duration":18,"transform":{}},{"duration":0,"transform":{}}],"name":"root"},{"frame":[{"duration":20,"transform":{}},{"duration":10,"transform":{},"curve":[0,0.52,0.75,1]},{"duration":18,"transform":{"y":-11.13,"x":-7.15},"curve":[0,0.52,0.75,1]},{"duration":0,"transform":{"y":-11.08,"x":-19.39}}],"name":"suizhipai_01"},{"frame":[{"duration":20,"transform":{}},{"duration":10,"transform":{},"curve":[0,0.52,0.75,1]},{"duration":18,"transform":{"y":11.13,"x":1.59},"curve":[0,0.52,0.75,1]},{"duration":0,"transform":{"y":-12,"x":12.93}}],"name":"suizhipai_02"},{"frame":[{"duration":20,"transform":{}},{"duration":10,"transform":{},"curve":[0,0.52,0.75,1]},{"duration":18,"transform":{"y":-11.13,"x":-7.15},"curve":[0,0.52,0.75,1]},{"duration":0,"transform":{"y":21.24,"x":-13.85}}],"name":"suizhipai_03"},{"frame":[{"duration":20,"transform":{}},{"duration":10,"transform":{},"curve":[0,0.52,0.75,1]},{"duration":18,"transform":{"y":11.13,"x":1.59},"curve":[0,0.52,0.75,1]},{"duration":0,"transform":{"y":15.7,"x":8.31}}],"name":"suizhipai_04"},{"frame":[{"duration":48,"transform":{}}],"name":"lan_daoguang_01_eff_01"},{"frame":[{"duration":48,"transform":{}}],"name":"lan_daoguang_01_eff_1"},{"frame":[{"duration":48,"transform":{}}],"name":"ys_pukepai_eff_pz"},{"frame":[{"duration":48,"transform":{}}],"name":"fuji"}],"slot":[{"frame":[{"tweenEasing":0,"duration":20},{"tweenEasing":null,"duration":10},{"tweenEasing":null,"duration":8},{"tweenEasing":0,"duration":10},{"tweenEasing":null,"duration":0,"color":{"aM":0}}],"name":"suizhipai_01"},{"frame":[{"tweenEasing":0,"duration":20},{"tweenEasing":null,"duration":10},{"tweenEasing":null,"duration":8},{"tweenEasing":0,"duration":10},{"tweenEasing":null,"duration":0,"color":{"aM":0}}],"name":"suizhipai_02"},{"frame":[{"tweenEasing":0,"duration":20},{"tweenEasing":null,"duration":10},{"tweenEasing":null,"duration":8},{"tweenEasing":0,"duration":10},{"tweenEasing":null,"duration":0,"color":{"aM":0}}],"name":"suizhipai_03"},{"frame":[{"tweenEasing":0,"duration":20},{"tweenEasing":null,"duration":10},{"tweenEasing":null,"duration":8},{"tweenEasing":0,"duration":10},{"tweenEasing":null,"duration":0,"color":{"aM":0}}],"name":"suizhipai_04"},{"frame":[{"tweenEasing":0,"duration":20},{"tweenEasing":0,"duration":10,"displayIndex":-1},{"tweenEasing":null,"duration":18,"displayIndex":-1}],"name":"ys_pukepai_eff_01"},{"frame":[{"tweenEasing":0,"duration":20},{"tweenEasing":0,"duration":10,"displayIndex":-1},{"curve":[0,0.52,0.75,1],"duration":18,"displayIndex":-1},{"tweenEasing":null,"duration":0,"displayIndex":-1,"color":{"aM":0}}],"name":"ys_pukepai_eff_1"}],"ffd":[],"ik":[],"name":"animation0"},{"duration":30,"frame":[],"bone":[{"frame":[{"duration":2,"transform":{"scX":1.2,"scY":1.2},"tweenEasing":0},{"duration":2,"transform":{"scX":1.2,"scY":1.2,"skX":-90,"skY":-90},"tweenEasing":0},{"duration":2,"transform":{"scX":1.2,"scY":1.2,"skX":-180,"skY":-180},"tweenEasing":0},{"duration":2,"transform":{"scX":1.2,"scY":1.2,"skX":-270,"skY":-270},"tweenEasing":0},{"duration":2,"transform":{"scX":1.2,"scY":1.2},"tweenEasing":0},{"duration":2,"transform":{"scX":1.2,"scY":1.2,"skX":-90,"skY":-90},"tweenEasing":0},{"duration":2,"transform":{"scX":1.2,"scY":1.2,"skX":-180,"skY":-180},"tweenEasing":0},{"duration":1,"transform":{"scX":1.2,"scY":1.2,"skX":-270,"skY":-270},"tweenEasing":0},{"duration":10,"transform":{"scX":1.2,"scY":1.2},"curve":[0.25,0,1,0.4]},{"duration":5,"transform":{"scX":0.854,"scY":0.854},"curve":[0,0.52,0.75,1]},{"duration":0,"transform":{"scX":0.9,"scY":0.9}}],"name":"ys_pukepai_eff_01"},{"frame":[{"duration":15,"transform":{}},{"duration":10,"transform":{}},{"duration":5,"transform":{},"curve":[0,0.52,0.75,1]},{"duration":0,"transform":{"scX":1.501,"scY":1.501}}],"name":"ys_pukepai_eff_1"},{"frame":[{"duration":25,"transform":{}},{"duration":5,"transform":{}},{"duration":0,"transform":{}}],"name":"root"},{"frame":[{"duration":25,"transform":{}},{"duration":5,"transform":{}},{"duration":0,"transform":{}}],"name":"suizhipai_01"},{"frame":[{"duration":25,"transform":{}},{"duration":5,"transform":{}},{"duration":0,"transform":{}}],"name":"suizhipai_02"},{"frame":[{"duration":25,"transform":{}},{"duration":5,"transform":{}},{"duration":0,"transform":{}}],"name":"suizhipai_03"},{"frame":[{"duration":25,"transform":{}},{"duration":5,"transform":{}},{"duration":0,"transform":{}}],"name":"suizhipai_04"},{"frame":[{"duration":30,"transform":{}}],"name":"lan_daoguang_01_eff_01"},{"frame":[{"duration":30,"transform":{}}],"name":"lan_daoguang_01_eff_1"},{"frame":[{"duration":30,"transform":{}}],"name":"ys_pukepai_eff_pz"},{"frame":[{"duration":30,"transform":{}}],"name":"fuji"}],"slot":[{"frame":[{"tweenEasing":0,"duration":25},{"tweenEasing":null,"duration":5},{"tweenEasing":null,"duration":0}],"name":"suizhipai_01"},{"frame":[{"tweenEasing":0,"duration":25},{"tweenEasing":null,"duration":5},{"tweenEasing":null,"duration":0}],"name":"suizhipai_02"},{"frame":[{"tweenEasing":0,"duration":25},{"tweenEasing":null,"duration":5},{"tweenEasing":null,"duration":0}],"name":"suizhipai_03"},{"frame":[{"tweenEasing":0,"duration":25},{"tweenEasing":null,"duration":5},{"tweenEasing":null,"duration":0}],"name":"suizhipai_04"},{"frame":[{"tweenEasing":0,"duration":25},{"tweenEasing":0,"duration":5,"displayIndex":-1},{"tweenEasing":null,"duration":0,"displayIndex":-1}],"name":"ys_pukepai_eff_01"},{"frame":[{"tweenEasing":0,"duration":25},{"curve":[0,0.26,0.875,1],"duration":5},{"tweenEasing":null,"duration":0,"color":{"aM":0}}],"name":"ys_pukepai_eff_1"}],"ffd":[],"ik":[],"name":"animation1"},{"duration":15,"frame":[],"bone":[{"frame":[{"duration":15,"transform":{"scX":0.9,"scY":0.9}},{"duration":0,"transform":{"scX":0.9,"scY":0.9}}],"name":"ys_pukepai_eff_01"},{"frame":[{"duration":15,"transform":{}},{"duration":0,"transform":{}}],"name":"ys_pukepai_eff_1"},{"frame":[{"duration":15,"transform":{}},{"duration":0,"transform":{}}],"name":"root"},{"frame":[{"duration":15,"transform":{},"curve":[0,0.52,0.75,1]},{"duration":0,"transform":{"y":-11.13,"x":-7.15}}],"name":"suizhipai_01"},{"frame":[{"duration":15,"transform":{},"curve":[0,0.52,0.75,1]},{"duration":0,"transform":{"y":11.13,"x":1.59}}],"name":"suizhipai_02"},{"frame":[{"duration":15,"transform":{},"curve":[0,0.52,0.75,1]},{"duration":0,"transform":{"y":-11.13,"x":-7.15}}],"name":"suizhipai_03"},{"frame":[{"duration":15,"transform":{},"curve":[0,0.52,0.75,1]},{"duration":0,"transform":{"y":11.13,"x":1.59}}],"name":"suizhipai_04"},{"frame":[{"duration":15,"transform":{"scX":5,"scY":1.7,"skX":77.1,"skY":77.1}},{"duration":0,"transform":{"scX":5,"scY":1.7,"skX":77.1,"skY":77.1}}],"name":"lan_daoguang_01_eff_01"},{"frame":[{"duration":15,"transform":{"scY":5.526}}],"name":"lan_daoguang_01_eff_1"},{"frame":[{"duration":15,"transform":{}}],"name":"ys_pukepai_eff_pz"},{"frame":[{"duration":15,"transform":{}}],"name":"fuji"}],"slot":[{"frame":[{"tweenEasing":0,"duration":15},{"tweenEasing":null,"duration":0,"color":{"aM":49}}],"name":"lan_daoguang_01_eff_01"},{"frame":[{"tweenEasing":null,"duration":15},{"tweenEasing":null,"duration":0}],"name":"suizhipai_01"},{"frame":[{"tweenEasing":null,"duration":15},{"tweenEasing":null,"duration":0}],"name":"suizhipai_02"},{"frame":[{"tweenEasing":null,"duration":15},{"tweenEasing":null,"duration":0}],"name":"suizhipai_03"},{"frame":[{"tweenEasing":null,"duration":15},{"tweenEasing":null,"duration":0}],"name":"suizhipai_04"},{"frame":[{"tweenEasing":0,"duration":15,"displayIndex":-1},{"tweenEasing":null,"duration":0,"displayIndex":-1}],"name":"ys_pukepai_eff_01"},{"frame":[{"tweenEasing":0,"duration":15,"displayIndex":-1},{"tweenEasing":null,"duration":0,"displayIndex":-1}],"name":"ys_pukepai_eff_1"}],"ffd":[],"ik":[],"name":"animation2"},{"duration":15,"frame":[],"bone":[{"frame":[{"duration":15,"transform":{"scX":0.9,"scY":0.9},"curve":[0,0.52,0.75,1]},{"duration":0,"transform":{}}],"name":"ys_pukepai_eff_01"},{"frame":[{"duration":15,"transform":{},"curve":[0,0.52,0.75,1]},{"duration":0,"transform":{"scX":1.926,"scY":1.926}}],"name":"ys_pukepai_eff_1"},{"frame":[{"duration":15,"transform":{}},{"duration":0,"transform":{}}],"name":"root"},{"frame":[{"duration":15,"transform":{"y":-11.13,"x":-7.15},"curve":[0,0.52,0.75,1]},{"duration":0,"transform":{"y":-11.08,"x":-19.39}}],"name":"suizhipai_01"},{"frame":[{"duration":15,"transform":{"y":11.13,"x":1.59},"curve":[0,0.52,0.75,1]},{"duration":0,"transform":{"y":-12,"x":12.93}}],"name":"suizhipai_02"},{"frame":[{"duration":15,"transform":{"y":-11.13,"x":-7.15},"curve":[0,0.52,0.75,1]},{"duration":0,"transform":{"y":21.24,"x":-13.85}}],"name":"suizhipai_03"},{"frame":[{"duration":15,"transform":{"y":11.13,"x":1.59},"curve":[0,0.52,0.75,1]},{"duration":0,"transform":{"y":15.7,"x":8.31}}],"name":"suizhipai_04"},{"frame":[{"duration":15,"transform":{"scX":5,"scY":1.7,"skX":77.1,"skY":77.1}},{"duration":0,"transform":{"scX":5,"scY":1.7,"skX":77.1,"skY":77.1}}],"name":"lan_daoguang_01_eff_01"},{"frame":[{"duration":15,"transform":{"scX":5,"scY":1.7,"skX":-15.43,"skY":-15.43}},{"duration":0,"transform":{"scX":5,"scY":1.7,"skX":-15.43,"skY":-15.43}}],"name":"lan_daoguang_01_eff_1"},{"frame":[{"duration":15,"transform":{}}],"name":"ys_pukepai_eff_pz"},{"frame":[{"duration":15,"transform":{}}],"name":"fuji"}],"slot":[{"frame":[{"tweenEasing":0,"duration":15},{"tweenEasing":null,"duration":0,"color":{"aM":0}}],"name":"lan_daoguang_01_eff_01"},{"frame":[{"tweenEasing":0,"duration":15},{"tweenEasing":null,"duration":0,"color":{"aM":0}}],"name":"lan_daoguang_01_eff_1"},{"frame":[{"tweenEasing":null,"duration":5},{"tweenEasing":0,"duration":10},{"tweenEasing":null,"duration":0,"color":{"aM":0}}],"name":"suizhipai_01"},{"frame":[{"tweenEasing":null,"duration":5},{"tweenEasing":0,"duration":10},{"tweenEasing":null,"duration":0,"color":{"aM":0}}],"name":"suizhipai_02"},{"frame":[{"tweenEasing":null,"duration":5},{"tweenEasing":0,"duration":10},{"tweenEasing":null,"duration":0,"color":{"aM":0}}],"name":"suizhipai_03"},{"frame":[{"tweenEasing":null,"duration":5},{"tweenEasing":0,"duration":10},{"tweenEasing":null,"duration":0,"color":{"aM":0}}],"name":"suizhipai_04"},{"frame":[{"tweenEasing":null,"duration":15,"displayIndex":-1}],"name":"ys_pukepai_eff_01"},{"frame":[{"curve":[0,0.52,0.75,1],"duration":15},{"tweenEasing":null,"duration":0,"color":{"aM":0}}],"name":"ys_pukepai_eff_1"}],"ffd":[],"ik":[],"name":"animation3"},{"duration":5,"frame":[],"bone":[{"frame":[{"duration":5,"transform":{"scX":1.2,"scY":1.2}},{"duration":0,"transform":{"scX":1.2,"scY":1.2}}],"name":"ys_pukepai_eff_01"},{"frame":[{"duration":5,"transform":{"y":36.12}},{"duration":0,"transform":{"y":36.12}}],"name":"ys_pukepai_eff_1"},{"frame":[{"duration":5,"transform":{}},{"duration":0,"transform":{}}],"name":"root"},{"frame":[{"duration":5,"transform":{"y":-36.78,"x":0.34}},{"duration":0,"transform":{"y":-36.78,"x":0.34}}],"name":"suizhipai_01"},{"frame":[{"duration":5,"transform":{"y":-36.78,"x":0.34}},{"duration":0,"transform":{"y":-36.78,"x":0.34}}],"name":"suizhipai_02"},{"frame":[{"duration":5,"transform":{"y":-36.78,"x":0.34}},{"duration":0,"transform":{"y":-36.78,"x":0.34}}],"name":"suizhipai_03"},{"frame":[{"duration":5,"transform":{"y":-36.78,"x":0.34}},{"duration":0,"transform":{"y":-36.78,"x":0.34}}],"name":"suizhipai_04"},{"frame":[{"duration":5,"transform":{"scX":9.093,"y":16.93,"scY":1.3,"x":10.9}},{"duration":0,"transform":{"scX":9.093,"y":16.93,"scY":1.3,"x":10.9}}],"name":"ys_pukepai_eff_pz"},{"frame":[{"duration":5,"transform":{}},{"duration":0,"transform":{}}],"name":"lan_daoguang_01_eff_01"},{"frame":[{"duration":5,"transform":{}},{"duration":0,"transform":{}}],"name":"lan_daoguang_01_eff_1"},{"frame":[{"duration":5,"transform":{"scX":0.14,"scY":0.24,"skX":90,"skY":90}},{"duration":0,"transform":{"scX":0.14,"scY":0.24,"skX":90,"skY":90}}],"name":"fuji"}],"slot":[{"frame":[{"tweenEasing":null,"duration":5,"color":{"aM":48}},{"tweenEasing":null,"duration":0,"color":{"aM":48}}],"name":"ys_pukepai_eff_1"},{"frame":[{"tweenEasing":null,"duration":5}],"name":"ys_pukepai_eff_pz"}],"ffd":[],"ik":[],"name":"animation4"}],"type":"Armature","bone":[{"name":"root","transform":{}},{"transform":{},"name":"fuji","parent":"root"},{"transform":{"y":52.92,"x":4.88},"name":"ys_pukepai_eff_pz","parent":"fuji"},{"transform":{},"name":"ys_pukepai_eff_01","parent":"fuji"},{"transform":{},"name":"lan_daoguang_01_eff_1","parent":"fuji"},{"transform":{},"name":"lan_daoguang_01_eff_01","parent":"fuji"},{"transform":{},"name":"ys_pukepai_eff_1","parent":"ys_pukepai_eff_01"},{"transform":{"y":23.3,"x":39.24},"name":"suizhipai_04","parent":"ys_pukepai_eff_01"},{"transform":{"y":36.67,"x":-20.11},"name":"suizhipai_03","parent":"ys_pukepai_eff_01"},{"transform":{"y":-46.92,"x":30.04},"name":"suizhipai_02","parent":"ys_pukepai_eff_01"},{"transform":{"y":-37.3,"x":-25.54},"name":"suizhipai_01","parent":"ys_pukepai_eff_01"}],"aabb":{"width":301.26,"y":-151.15,"height":301.15000000000003,"x":-150.05},"ik":[],"defaultActions":[{"gotoAndPlay":"animation0"}],"name":"armatureName","frameRate":30,"slot":[{"color":{},"name":"ys_pukepai_eff_pz","parent":"ys_pukepai_eff_pz"},{"z":1,"color":{},"name":"ys_pukepai_eff_1","parent":"ys_pukepai_eff_1"},{"z":2,"color":{},"name":"ys_pukepai_eff_01","parent":"ys_pukepai_eff_01"},{"z":3,"color":{},"name":"suizhipai_01","parent":"suizhipai_01"},{"z":4,"color":{},"name":"suizhipai_02","parent":"suizhipai_02"},{"z":5,"color":{},"name":"suizhipai_03","parent":"suizhipai_03"},{"z":6,"color":{},"name":"suizhipai_04","parent":"suizhipai_04"},{"blendMode":"add","z":7,"color":{},"displayIndex":-1,"name":"lan_daoguang_01_eff_01","parent":"lan_daoguang_01_eff_01"},{"blendMode":"add","z":8,"color":{},"displayIndex":-1,"name":"lan_daoguang_01_eff_1","parent":"lan_daoguang_01_eff_1"}]}],"name":"ys_pukepai_eff","version":"4.0"}