{"frameRate":30,"isGlobal":0,"armature":[{"bone":[{"name":"root","transform":{}},{"transform":{"y":-968.85,"x":-0.71},"name":"bone4","parent":"root"},{"transform":{"scY":3,"y":-138.09,"x":0.01},"name":"bone2","parent":"root"},{"transform":{"y":125.93,"x":-1.17},"name":"bone3","parent":"root"},{"transform":{"y":-83.48,"x":-1.46},"name":"bone","parent":"root"},{"length":63,"transform":{"y":89.01,"skX":-89.09,"skY":-89.09,"x":135.03},"parent":"bone","name":"bai_baiyan_01_eff/bai_baiyan_01_eff_2"},{"length":63,"transform":{"y":89.01,"skX":-89.09,"skY":-89.09,"x":262.03},"parent":"bone","name":"bai_baiyan_01_eff/bai_baiyan_01_eff_3"},{"length":63,"transform":{"y":86.98,"skX":-89.09,"skY":-89.09,"x":-356.03},"parent":"bone","name":"bai_baiyan_01_eff/bai_baiyan_01_eff_4"},{"length":63,"transform":{"y":89.01,"skX":-89.09,"skY":-89.09,"x":372.03},"parent":"bone","name":"bai_baiyan_01_eff/bai_baiyan_01_eff_5"},{"length":63,"transform":{"y":86.98,"skX":-89.09,"skY":-89.09,"x":-244.03},"parent":"bone","name":"bai_baiyan_01_eff/bai_baiyan_01_eff_6"},{"length":63,"transform":{"y":89.01,"skX":-89.09,"skY":-89.09,"x":-115.96},"parent":"bone","name":"bai_baiyan_01_eff/bai_baiyan_01_eff_0"},{"length":63,"transform":{"y":89.01,"skX":-89.09,"skY":-89.09,"x":12.03},"parent":"bone","name":"bai_baiyan_01_eff/bai_baiyan_01_eff_1"},{"transform":{"scY":2,"y":56.59,"scX":2,"x":-375.99},"name":"bai_yanwu_02_eff/bai_yanwu_02_eff_01","parent":"bone2"},{"length":63,"transform":{"y":86.98,"skX":-89.09,"skY":-89.09,"x":-244.03},"parent":"bone","name":"bai_baiyan_01_eff/bai_baiyan_01_eff_00"},{"transform":{"scY":2,"y":56.59,"scX":2,"x":12.35},"name":"bai_yanwu_02_eff/bai_yanwu_02_eff_3","parent":"bone2"},{"transform":{"scY":2,"y":56.59,"scX":2,"x":139.04},"name":"bai_yanwu_02_eff/bai_yanwu_02_eff_4","parent":"bone2"},{"transform":{"scY":2,"y":56.59,"scX":2,"x":265.72},"name":"bai_yanwu_02_eff/bai_yanwu_02_eff_5","parent":"bone2"},{"transform":{"scY":2,"y":56.59,"scX":2,"x":384.12},"name":"bai_yanwu_02_eff/bai_yanwu_02_eff_6","parent":"bone2"},{"transform":{"scY":2,"y":56.59,"scX":2,"x":-116.7},"name":"bai_yanwu_02_eff/bai_yanwu_02_eff_2","parent":"bone2"},{"length":40,"transform":{"scY":2,"y":-26.04,"skX":-90,"skY":-90,"scX":4,"x":-432.15},"parent":"bone3","name":"bai_yanwu_04_eff/bai_yanwu_04_eff_01"},{"length":40,"transform":{"scY":2,"y":-26.04,"skX":-90,"skY":-90,"scX":4,"x":-203.64},"parent":"bone3","name":"bai_yanwu_04_eff/bai_yanwu_04_eff_1"},{"length":40,"transform":{"scY":2,"y":-26.04,"skX":-90,"skY":-90,"scX":4,"x":20.12},"parent":"bone3","name":"bai_yanwu_04_eff/bai_yanwu_04_eff_2"},{"length":40,"transform":{"scY":2,"y":-26.04,"skX":-90,"skY":-90,"scX":4,"x":247.45},"parent":"bone3","name":"bai_yanwu_04_eff/bai_yanwu_04_eff_3"},{"length":40,"transform":{"scY":2,"y":-26.04,"skX":-90,"skY":-90,"scX":4,"x":468.86},"parent":"bone3","name":"bai_yanwu_04_eff/bai_yanwu_04_eff_4"},{"transform":{"scY":2,"y":56.59,"scX":2,"x":-248.12},"name":"bai_yanwu_02_eff/bai_yanwu_02_eff_1","parent":"bone2"}],"type":"Armature","frameRate":30,"animation":[{"bone":[{"frame":[{"tweenEasing":0,"transform":{},"duration":12},{"transform":{"scY":1.2,"scX":1.2},"duration":8},{"tweenEasing":0,"transform":{"scY":2.5,"scX":3},"duration":12},{"transform":{"scY":3,"scX":3.5},"duration":17}],"name":"bai_baiyan_01_eff/bai_baiyan_01_eff_6"},{"frame":[{"tweenEasing":0,"transform":{},"duration":12},{"transform":{"scY":1.2,"scX":1.2},"duration":8},{"tweenEasing":0,"transform":{"scY":2.5,"scX":3},"duration":12},{"transform":{"scY":3,"scX":3.5},"duration":17}],"name":"bai_baiyan_01_eff/bai_baiyan_01_eff_5"},{"frame":[{"tweenEasing":0,"transform":{},"duration":12},{"transform":{"scY":1.2,"scX":1.2},"duration":8},{"tweenEasing":0,"transform":{"scY":2.5,"scX":3},"duration":12},{"transform":{"scY":3,"scX":3.5},"duration":17}],"name":"bai_baiyan_01_eff/bai_baiyan_01_eff_4"},{"frame":[{"tweenEasing":0,"transform":{},"duration":12},{"transform":{"scY":1.2,"scX":1.2},"duration":8},{"tweenEasing":0,"transform":{"scY":2.5,"scX":3},"duration":12},{"transform":{"scY":3,"scX":3.5},"duration":17}],"name":"bai_baiyan_01_eff/bai_baiyan_01_eff_3"},{"frame":[{"tweenEasing":0,"transform":{},"duration":12},{"transform":{"scY":1.2,"scX":1.2},"duration":8},{"tweenEasing":0,"transform":{"scY":2.5,"scX":3},"duration":12},{"transform":{"scY":3,"scX":3.5},"duration":17}],"name":"bai_baiyan_01_eff/bai_baiyan_01_eff_2"},{"frame":[{"tweenEasing":0,"transform":{},"duration":12},{"transform":{"scY":1.2,"scX":1.2},"duration":8},{"tweenEasing":0,"transform":{"scY":2.5,"scX":3},"duration":12},{"transform":{"scY":3,"scX":3.5},"duration":17}],"name":"bai_baiyan_01_eff/bai_baiyan_01_eff_1"},{"frame":[{"tweenEasing":0,"transform":{},"duration":12},{"transform":{"scY":1.2,"scX":1.2},"duration":8},{"tweenEasing":0,"transform":{"scY":2.5,"scX":3},"duration":12},{"transform":{"scY":3,"scX":3.5},"duration":17}],"name":"bai_baiyan_01_eff/bai_baiyan_01_eff_0"},{"frame":[{"tweenEasing":0,"transform":{},"duration":12},{"transform":{"scY":1.2,"scX":1.2},"duration":8},{"tweenEasing":0,"transform":{"scY":2.5,"scX":3},"duration":12},{"transform":{"scY":3,"scX":3.5},"duration":17}],"name":"bai_baiyan_01_eff/bai_baiyan_01_eff_00"},{"frame":[{"transform":{},"duration":10},{"transform":{},"duration":14},{"transform":{},"duration":11},{"transform":{"scY":2,"scX":2,"x":337.31},"duration":14},{"transform":{"scY":2,"scX":2,"x":337.31},"duration":0}],"name":"bai_yanwu_02_eff/bai_yanwu_02_eff_6"},{"frame":[{"transform":{},"duration":10},{"transform":{},"duration":14},{"transform":{},"duration":11},{"transform":{"scY":2,"scX":2,"x":232.37},"duration":14},{"transform":{"scY":2,"scX":2,"x":232.37},"duration":0}],"name":"bai_yanwu_02_eff/bai_yanwu_02_eff_5"},{"frame":[{"transform":{},"duration":10},{"transform":{},"duration":14},{"transform":{},"duration":11},{"transform":{"scY":2,"scX":2,"x":123.68},"duration":14},{"transform":{"scY":2,"scX":2,"x":123.68},"duration":0}],"name":"bai_yanwu_02_eff/bai_yanwu_02_eff_4"},{"frame":[{"transform":{},"duration":10},{"transform":{},"duration":14},{"transform":{},"duration":11},{"transform":{"scY":2,"scX":2},"duration":14},{"transform":{"scY":2,"scX":2},"duration":0}],"name":"bai_yanwu_02_eff/bai_yanwu_02_eff_3"},{"frame":[{"transform":{},"duration":10},{"transform":{},"duration":14},{"transform":{},"duration":11},{"transform":{"scY":2,"scX":2,"x":-140.54},"duration":14},{"transform":{"scY":2,"scX":2,"x":-140.54},"duration":0}],"name":"bai_yanwu_02_eff/bai_yanwu_02_eff_2"},{"frame":[{"transform":{},"duration":10},{"transform":{},"duration":14},{"transform":{},"duration":1},{"transform":{"y":-1230.86},"duration":10},{"transform":{"scY":2,"scX":2,"x":-243.62},"duration":14},{"transform":{"scY":2,"scX":2,"x":-243.62},"duration":0}],"name":"bai_yanwu_02_eff/bai_yanwu_02_eff_1"},{"frame":[{"transform":{},"duration":10},{"transform":{},"duration":14},{"transform":{},"duration":11},{"transform":{"scY":2,"scX":2,"x":-342.94},"duration":14},{"transform":{"scY":2,"scX":2,"x":-342.94},"duration":0}],"name":"bai_yanwu_02_eff/bai_yanwu_02_eff_01"},{"frame":[{"tweenEasing":0,"transform":{},"duration":30},{"transform":{"x":65.58},"duration":12},{"transform":{"x":65.58},"duration":7}],"name":"bai_yanwu_04_eff/bai_yanwu_04_eff_4"},{"frame":[{"tweenEasing":0,"transform":{},"duration":30},{"transform":{"x":11.24},"duration":12},{"transform":{"x":11.24},"duration":7}],"name":"bai_yanwu_04_eff/bai_yanwu_04_eff_3"},{"frame":[{"transform":{},"duration":30},{"transform":{},"duration":12},{"transform":{},"duration":7}],"name":"bai_yanwu_04_eff/bai_yanwu_04_eff_2"},{"frame":[{"tweenEasing":0,"transform":{},"duration":30},{"transform":{"x":-16.86},"duration":12},{"transform":{"x":-16.86},"duration":7}],"name":"bai_yanwu_04_eff/bai_yanwu_04_eff_1"},{"frame":[{"tweenEasing":0,"transform":{},"duration":30},{"transform":{"x":-56.21},"duration":12},{"transform":{"x":-56.21},"duration":7}],"name":"bai_yanwu_04_eff/bai_yanwu_04_eff_01"},{"frame":[{"transform":{},"duration":20},{"transform":{"y":112.7,"x":-31.85},"duration":29}],"name":"bone"},{"frame":[{"transform":{},"duration":6},{"transform":{"scY":1.2,"y":-193.75,"scX":-1.2,"x":-57.4},"duration":9},{"transform":{"scY":1.5,"y":-469.09,"scX":1.5,"x":-57.4},"duration":10},{"transform":{"scY":2.5,"y":-469.09,"scX":2.5,"x":-57.4},"duration":24}],"name":"bone4"},{"frame":[{"tweenEasing":0,"transform":{},"duration":30},{"transform":{"y":93.58,"scX":1.356},"duration":19}],"name":"bone3"},{"frame":[{"tweenEasing":0,"transform":{},"duration":35},{"transform":{"scY":1.333,"y":131.17,"scX":1.5},"duration":14}],"name":"bone2"},{"frame":[{"transform":{},"duration":49}],"name":"root"}],"slot":[{"frame":[{"tweenEasing":0,"duration":3},{"displayIndex":1,"tweenEasing":0,"duration":3},{"displayIndex":2,"tweenEasing":0,"duration":3},{"displayIndex":3,"tweenEasing":0,"duration":3},{"displayIndex":-1,"tweenEasing":0,"duration":8},{"tweenEasing":0,"duration":3},{"displayIndex":1,"tweenEasing":0,"duration":3},{"displayIndex":2,"tweenEasing":0,"duration":3},{"displayIndex":3,"tweenEasing":0,"duration":3},{"displayIndex":-1,"tweenEasing":null,"duration":17}],"name":"bai_baiyan_01_eff/bai_baiyan_01_eff_0"},{"frame":[{"tweenEasing":0,"duration":3},{"displayIndex":1,"tweenEasing":0,"duration":3},{"displayIndex":2,"tweenEasing":0,"duration":3},{"displayIndex":3,"tweenEasing":0,"duration":3},{"displayIndex":-1,"tweenEasing":0,"duration":8},{"tweenEasing":0,"duration":3},{"displayIndex":1,"tweenEasing":0,"duration":3},{"displayIndex":2,"tweenEasing":0,"duration":3},{"displayIndex":3,"tweenEasing":0,"duration":3},{"displayIndex":-1,"tweenEasing":null,"duration":17}],"name":"bai_baiyan_01_eff/bai_baiyan_01_eff_00"},{"frame":[{"tweenEasing":0,"duration":3},{"displayIndex":1,"tweenEasing":0,"duration":3},{"displayIndex":2,"tweenEasing":0,"duration":3},{"displayIndex":3,"tweenEasing":0,"duration":3},{"displayIndex":-1,"tweenEasing":0,"duration":8},{"tweenEasing":0,"duration":3},{"displayIndex":1,"tweenEasing":0,"duration":3},{"displayIndex":2,"tweenEasing":0,"duration":3},{"displayIndex":3,"tweenEasing":0,"duration":3},{"displayIndex":-1,"tweenEasing":null,"duration":17}],"name":"bai_baiyan_01_eff/bai_baiyan_01_eff_1"},{"frame":[{"tweenEasing":0,"duration":3},{"displayIndex":1,"tweenEasing":0,"duration":3},{"displayIndex":2,"tweenEasing":0,"duration":3},{"displayIndex":3,"tweenEasing":0,"duration":3},{"displayIndex":-1,"tweenEasing":0,"duration":8},{"tweenEasing":0,"duration":3},{"displayIndex":1,"tweenEasing":0,"duration":3},{"displayIndex":2,"tweenEasing":0,"duration":3},{"displayIndex":3,"tweenEasing":0,"duration":3},{"displayIndex":-1,"tweenEasing":null,"duration":17}],"name":"bai_baiyan_01_eff/bai_baiyan_01_eff_2"},{"frame":[{"tweenEasing":0,"duration":3},{"displayIndex":1,"tweenEasing":0,"duration":3},{"displayIndex":2,"tweenEasing":0,"duration":3},{"displayIndex":3,"tweenEasing":0,"duration":3},{"displayIndex":-1,"tweenEasing":0,"duration":8},{"tweenEasing":0,"duration":3},{"displayIndex":1,"tweenEasing":0,"duration":3},{"displayIndex":2,"tweenEasing":0,"duration":3},{"displayIndex":3,"tweenEasing":0,"duration":3},{"displayIndex":-1,"tweenEasing":null,"duration":17}],"name":"bai_baiyan_01_eff/bai_baiyan_01_eff_3"},{"frame":[{"tweenEasing":0,"duration":3},{"displayIndex":1,"tweenEasing":0,"duration":3},{"displayIndex":2,"tweenEasing":0,"duration":3},{"displayIndex":3,"tweenEasing":0,"duration":3},{"displayIndex":-1,"tweenEasing":0,"duration":8},{"tweenEasing":0,"duration":3},{"displayIndex":1,"tweenEasing":0,"duration":3},{"displayIndex":2,"tweenEasing":0,"duration":3},{"displayIndex":3,"tweenEasing":0,"duration":3},{"displayIndex":-1,"tweenEasing":null,"duration":17}],"name":"bai_baiyan_01_eff/bai_baiyan_01_eff_4"},{"frame":[{"tweenEasing":0,"duration":3},{"displayIndex":1,"tweenEasing":0,"duration":3},{"displayIndex":2,"tweenEasing":0,"duration":3},{"displayIndex":3,"tweenEasing":0,"duration":3},{"displayIndex":-1,"tweenEasing":0,"duration":8},{"tweenEasing":0,"duration":3},{"displayIndex":1,"tweenEasing":0,"duration":3},{"displayIndex":2,"tweenEasing":0,"duration":3},{"displayIndex":3,"tweenEasing":0,"duration":3},{"displayIndex":-1,"tweenEasing":null,"duration":17}],"name":"bai_baiyan_01_eff/bai_baiyan_01_eff_5"},{"frame":[{"tweenEasing":0,"duration":3},{"displayIndex":1,"tweenEasing":0,"duration":3},{"displayIndex":2,"tweenEasing":0,"duration":3},{"displayIndex":3,"tweenEasing":0,"duration":3},{"displayIndex":-1,"tweenEasing":0,"duration":8},{"tweenEasing":0,"duration":3},{"displayIndex":1,"tweenEasing":0,"duration":3},{"displayIndex":2,"tweenEasing":0,"duration":3},{"displayIndex":3,"tweenEasing":0,"duration":3},{"displayIndex":-1,"tweenEasing":null,"duration":17}],"name":"bai_baiyan_01_eff/bai_baiyan_01_eff_6"},{"frame":[{"displayIndex":-1,"tweenEasing":0,"duration":10},{"tweenEasing":0,"duration":2},{"displayIndex":1,"tweenEasing":0,"duration":2},{"displayIndex":2,"tweenEasing":0,"duration":2},{"displayIndex":3,"tweenEasing":0,"duration":2},{"displayIndex":4,"tweenEasing":0,"duration":2},{"displayIndex":5,"tweenEasing":0,"duration":2},{"displayIndex":6,"tweenEasing":0,"duration":2},{"displayIndex":-1,"tweenEasing":0,"duration":11},{"tweenEasing":0,"duration":2},{"displayIndex":1,"tweenEasing":0,"duration":2},{"displayIndex":2,"tweenEasing":0,"duration":2},{"displayIndex":3,"tweenEasing":0,"duration":2},{"displayIndex":4,"tweenEasing":0,"duration":2},{"displayIndex":5,"tweenEasing":0,"duration":2},{"displayIndex":6,"tweenEasing":0,"duration":2},{"displayIndex":-1,"tweenEasing":null,"duration":0}],"name":"bai_yanwu_02_eff/bai_yanwu_02_eff_1"},{"frame":[{"displayIndex":-1,"tweenEasing":0,"duration":10},{"tweenEasing":0,"duration":2},{"displayIndex":1,"tweenEasing":0,"duration":2},{"displayIndex":2,"tweenEasing":0,"duration":2},{"displayIndex":3,"tweenEasing":0,"duration":2},{"displayIndex":4,"tweenEasing":0,"duration":2},{"displayIndex":5,"tweenEasing":0,"duration":2},{"displayIndex":6,"tweenEasing":0,"duration":2},{"displayIndex":-1,"tweenEasing":0,"duration":11},{"tweenEasing":0,"duration":2},{"displayIndex":1,"tweenEasing":0,"duration":2},{"displayIndex":2,"tweenEasing":0,"duration":2},{"displayIndex":3,"tweenEasing":0,"duration":2},{"displayIndex":4,"tweenEasing":0,"duration":2},{"displayIndex":5,"tweenEasing":0,"duration":2},{"displayIndex":6,"tweenEasing":0,"duration":2},{"displayIndex":-1,"tweenEasing":null,"duration":0}],"name":"bai_yanwu_02_eff/bai_yanwu_02_eff_01"},{"frame":[{"displayIndex":-1,"tweenEasing":0,"duration":10},{"tweenEasing":0,"duration":2},{"displayIndex":1,"tweenEasing":0,"duration":2},{"displayIndex":2,"tweenEasing":0,"duration":2},{"displayIndex":3,"tweenEasing":0,"duration":2},{"displayIndex":4,"tweenEasing":0,"duration":2},{"displayIndex":5,"tweenEasing":0,"duration":2},{"displayIndex":6,"tweenEasing":0,"duration":2},{"displayIndex":-1,"tweenEasing":0,"duration":11},{"tweenEasing":0,"duration":2},{"displayIndex":1,"tweenEasing":0,"duration":2},{"displayIndex":2,"tweenEasing":0,"duration":2},{"displayIndex":3,"tweenEasing":0,"duration":2},{"displayIndex":4,"tweenEasing":0,"duration":2},{"displayIndex":5,"tweenEasing":0,"duration":2},{"displayIndex":6,"tweenEasing":0,"duration":2},{"displayIndex":-1,"tweenEasing":null,"duration":0}],"name":"bai_yanwu_02_eff/bai_yanwu_02_eff_2"},{"frame":[{"displayIndex":-1,"tweenEasing":0,"duration":10},{"tweenEasing":0,"duration":2},{"displayIndex":1,"tweenEasing":0,"duration":2},{"displayIndex":2,"tweenEasing":0,"duration":2},{"displayIndex":3,"tweenEasing":0,"duration":2},{"displayIndex":4,"tweenEasing":0,"duration":2},{"displayIndex":5,"tweenEasing":0,"duration":2},{"displayIndex":6,"tweenEasing":0,"duration":2},{"displayIndex":-1,"tweenEasing":0,"duration":11},{"tweenEasing":0,"duration":2},{"displayIndex":1,"tweenEasing":0,"duration":2},{"displayIndex":2,"tweenEasing":0,"duration":2},{"displayIndex":3,"tweenEasing":0,"duration":2},{"displayIndex":4,"tweenEasing":0,"duration":2},{"displayIndex":5,"tweenEasing":0,"duration":2},{"displayIndex":6,"tweenEasing":0,"duration":2},{"displayIndex":-1,"tweenEasing":null,"duration":0}],"name":"bai_yanwu_02_eff/bai_yanwu_02_eff_3"},{"frame":[{"displayIndex":-1,"tweenEasing":0,"duration":10},{"tweenEasing":0,"duration":2},{"displayIndex":1,"tweenEasing":0,"duration":2},{"displayIndex":2,"tweenEasing":0,"duration":2},{"displayIndex":3,"tweenEasing":0,"duration":2},{"displayIndex":4,"tweenEasing":0,"duration":2},{"displayIndex":5,"tweenEasing":0,"duration":2},{"displayIndex":6,"tweenEasing":0,"duration":2},{"displayIndex":-1,"tweenEasing":0,"duration":11},{"tweenEasing":0,"duration":2},{"displayIndex":1,"tweenEasing":0,"duration":2},{"displayIndex":2,"tweenEasing":0,"duration":2},{"displayIndex":3,"tweenEasing":0,"duration":2},{"displayIndex":4,"tweenEasing":0,"duration":2},{"displayIndex":5,"tweenEasing":0,"duration":2},{"displayIndex":6,"tweenEasing":0,"duration":2},{"displayIndex":-1,"tweenEasing":null,"duration":0}],"name":"bai_yanwu_02_eff/bai_yanwu_02_eff_4"},{"frame":[{"displayIndex":-1,"tweenEasing":0,"duration":10},{"tweenEasing":0,"duration":2},{"displayIndex":1,"tweenEasing":0,"duration":2},{"displayIndex":2,"tweenEasing":0,"duration":2},{"displayIndex":3,"tweenEasing":0,"duration":2},{"displayIndex":4,"tweenEasing":0,"duration":2},{"displayIndex":5,"tweenEasing":0,"duration":2},{"displayIndex":6,"tweenEasing":0,"duration":2},{"displayIndex":-1,"tweenEasing":0,"duration":11},{"tweenEasing":0,"duration":2},{"displayIndex":1,"tweenEasing":0,"duration":2},{"displayIndex":2,"tweenEasing":0,"duration":2},{"displayIndex":3,"tweenEasing":0,"duration":2},{"displayIndex":4,"tweenEasing":0,"duration":2},{"displayIndex":5,"tweenEasing":0,"duration":2},{"displayIndex":6,"tweenEasing":0,"duration":2},{"displayIndex":-1,"tweenEasing":null,"duration":0}],"name":"bai_yanwu_02_eff/bai_yanwu_02_eff_5"},{"frame":[{"displayIndex":-1,"tweenEasing":0,"duration":10},{"tweenEasing":0,"duration":2},{"displayIndex":1,"tweenEasing":0,"duration":2},{"displayIndex":2,"tweenEasing":0,"duration":2},{"displayIndex":3,"tweenEasing":0,"duration":2},{"displayIndex":4,"tweenEasing":0,"duration":2},{"displayIndex":5,"tweenEasing":0,"duration":2},{"displayIndex":6,"tweenEasing":0,"duration":2},{"displayIndex":-1,"tweenEasing":0,"duration":11},{"tweenEasing":0,"duration":2},{"displayIndex":1,"tweenEasing":0,"duration":2},{"displayIndex":2,"tweenEasing":0,"duration":2},{"displayIndex":3,"tweenEasing":0,"duration":2},{"displayIndex":4,"tweenEasing":0,"duration":2},{"displayIndex":5,"tweenEasing":0,"duration":2},{"displayIndex":6,"tweenEasing":0,"duration":2},{"displayIndex":-1,"tweenEasing":null,"duration":0}],"name":"bai_yanwu_02_eff/bai_yanwu_02_eff_6"},{"frame":[{"displayIndex":-1,"tweenEasing":0,"duration":30},{"tweenEasing":0,"duration":2},{"displayIndex":1,"tweenEasing":0,"duration":2},{"displayIndex":2,"tweenEasing":0,"duration":2},{"displayIndex":3,"tweenEasing":0,"duration":2},{"displayIndex":4,"tweenEasing":0,"duration":2},{"displayIndex":6,"tweenEasing":0,"duration":2},{"displayIndex":-1,"tweenEasing":null,"duration":7}],"name":"bai_yanwu_04_eff/bai_yanwu_04_eff_1"},{"frame":[{"displayIndex":-1,"tweenEasing":0,"duration":30},{"tweenEasing":0,"duration":2},{"displayIndex":1,"tweenEasing":0,"duration":2},{"displayIndex":2,"tweenEasing":0,"duration":2},{"displayIndex":3,"tweenEasing":0,"duration":2},{"displayIndex":4,"tweenEasing":0,"duration":2},{"displayIndex":6,"tweenEasing":0,"duration":2},{"displayIndex":-1,"tweenEasing":null,"duration":7}],"name":"bai_yanwu_04_eff/bai_yanwu_04_eff_01"},{"frame":[{"displayIndex":-1,"tweenEasing":0,"duration":30},{"tweenEasing":0,"duration":2},{"displayIndex":1,"tweenEasing":0,"duration":2},{"displayIndex":2,"tweenEasing":0,"duration":2},{"displayIndex":3,"tweenEasing":0,"duration":2},{"displayIndex":4,"tweenEasing":0,"duration":2},{"displayIndex":6,"tweenEasing":0,"duration":2},{"displayIndex":-1,"tweenEasing":null,"duration":7}],"name":"bai_yanwu_04_eff/bai_yanwu_04_eff_2"},{"frame":[{"displayIndex":-1,"tweenEasing":0,"duration":30},{"tweenEasing":0,"duration":2},{"displayIndex":1,"tweenEasing":0,"duration":2},{"displayIndex":2,"tweenEasing":0,"duration":2},{"displayIndex":3,"tweenEasing":0,"duration":2},{"displayIndex":4,"tweenEasing":0,"duration":2},{"displayIndex":6,"tweenEasing":0,"duration":2},{"displayIndex":-1,"tweenEasing":null,"duration":7}],"name":"bai_yanwu_04_eff/bai_yanwu_04_eff_3"},{"frame":[{"displayIndex":-1,"tweenEasing":0,"duration":30},{"tweenEasing":0,"duration":2},{"displayIndex":1,"tweenEasing":0,"duration":2},{"displayIndex":2,"tweenEasing":0,"duration":2},{"displayIndex":3,"tweenEasing":0,"duration":2},{"displayIndex":4,"tweenEasing":0,"duration":2},{"displayIndex":6,"tweenEasing":0,"duration":2},{"displayIndex":-1,"tweenEasing":null,"duration":7}],"name":"bai_yanwu_04_eff/bai_yanwu_04_eff_4"}],"ffd":[],"frame":[],"name":"000_yanshi","duration":49,"ik":[]},{"bone":[{"frame":[{"transform":{},"duration":25}],"name":"bai_baiyan_01_eff/bai_baiyan_01_eff_6"},{"frame":[{"transform":{},"duration":25}],"name":"bai_baiyan_01_eff/bai_baiyan_01_eff_5"},{"frame":[{"transform":{},"duration":25}],"name":"bai_baiyan_01_eff/bai_baiyan_01_eff_4"},{"frame":[{"transform":{},"duration":25}],"name":"bai_baiyan_01_eff/bai_baiyan_01_eff_3"},{"frame":[{"transform":{},"duration":25}],"name":"bai_baiyan_01_eff/bai_baiyan_01_eff_2"},{"frame":[{"tweenEasing":0,"transform":{},"duration":12},{"transform":{"scY":1.2,"scX":1.2},"duration":13}],"name":"bai_baiyan_01_eff/bai_baiyan_01_eff_1"},{"frame":[{"transform":{},"duration":25}],"name":"bai_baiyan_01_eff/bai_baiyan_01_eff_0"},{"frame":[{"transform":{"skX":-0.01,"skY":-0.01},"duration":25}],"name":"bai_baiyan_01_eff/bai_baiyan_01_eff_00"},{"frame":[{"transform":{},"duration":25}],"name":"bai_yanwu_02_eff/bai_yanwu_02_eff_6"},{"frame":[{"transform":{},"duration":25}],"name":"bai_yanwu_02_eff/bai_yanwu_02_eff_5"},{"frame":[{"transform":{},"duration":25}],"name":"bai_yanwu_02_eff/bai_yanwu_02_eff_4"},{"frame":[{"tweenEasing":0,"transform":{},"duration":3},{"transform":{"y":-6.96,"x":-11.39},"duration":14},{"transform":{"y":-6.96,"x":-11.39},"duration":8}],"name":"bai_yanwu_02_eff/bai_yanwu_02_eff_3"},{"frame":[{"transform":{},"duration":25}],"name":"bai_yanwu_02_eff/bai_yanwu_02_eff_2"},{"frame":[{"transform":{},"duration":25}],"name":"bai_yanwu_02_eff/bai_yanwu_02_eff_1"},{"frame":[{"transform":{},"duration":25}],"name":"bai_yanwu_02_eff/bai_yanwu_02_eff_01"},{"frame":[{"transform":{},"duration":25}],"name":"bai_yanwu_04_eff/bai_yanwu_04_eff_4"},{"frame":[{"transform":{},"duration":25}],"name":"bai_yanwu_04_eff/bai_yanwu_04_eff_3"},{"frame":[{"transform":{},"duration":25}],"name":"bai_yanwu_04_eff/bai_yanwu_04_eff_2"},{"frame":[{"transform":{},"duration":25}],"name":"bai_yanwu_04_eff/bai_yanwu_04_eff_1"},{"frame":[{"transform":{},"duration":25}],"name":"bai_yanwu_04_eff/bai_yanwu_04_eff_01"},{"frame":[{"transform":{},"duration":20},{"transform":{"y":112.7,"x":-31.85},"duration":5}],"name":"bone"},{"frame":[{"transform":{},"duration":6},{"transform":{"scY":1.2,"y":-193.75,"scX":-1.2,"x":-57.4},"duration":9},{"transform":{"scY":1.5,"y":-469.09,"scX":1.5,"x":-57.4},"duration":10},{"transform":{"scY":2.5,"y":-469.09,"scX":2.5,"x":-57.4},"duration":0}],"name":"bone4"},{"frame":[{"transform":{},"duration":25}],"name":"root"},{"frame":[{"transform":{},"duration":25}],"name":"bone2"},{"frame":[{"transform":{},"duration":25}],"name":"bone3"}],"slot":[{"frame":[{"displayIndex":-1,"tweenEasing":null,"duration":25}],"name":"bai_baiyan_01_eff/bai_baiyan_01_eff_0"},{"frame":[{"displayIndex":-1,"tweenEasing":null,"duration":25}],"name":"bai_baiyan_01_eff/bai_baiyan_01_eff_00"},{"frame":[{"tweenEasing":0,"duration":3},{"displayIndex":1,"tweenEasing":0,"duration":3},{"displayIndex":2,"tweenEasing":0,"duration":3},{"displayIndex":3,"tweenEasing":0,"duration":3},{"displayIndex":-1,"tweenEasing":null,"duration":13}],"name":"bai_baiyan_01_eff/bai_baiyan_01_eff_1"},{"frame":[{"displayIndex":-1,"tweenEasing":null,"duration":25}],"name":"bai_baiyan_01_eff/bai_baiyan_01_eff_2"},{"frame":[{"displayIndex":-1,"tweenEasing":null,"duration":25}],"name":"bai_baiyan_01_eff/bai_baiyan_01_eff_3"},{"frame":[{"displayIndex":-1,"tweenEasing":null,"duration":25}],"name":"bai_baiyan_01_eff/bai_baiyan_01_eff_4"},{"frame":[{"displayIndex":-1,"tweenEasing":null,"duration":25}],"name":"bai_baiyan_01_eff/bai_baiyan_01_eff_5"},{"frame":[{"displayIndex":-1,"tweenEasing":null,"duration":25}],"name":"bai_baiyan_01_eff/bai_baiyan_01_eff_6"},{"frame":[{"displayIndex":-1,"tweenEasing":null,"duration":25}],"name":"bai_yanwu_02_eff/bai_yanwu_02_eff_1"},{"frame":[{"displayIndex":-1,"tweenEasing":null,"duration":25}],"name":"bai_yanwu_02_eff/bai_yanwu_02_eff_01"},{"frame":[{"displayIndex":-1,"tweenEasing":null,"duration":25}],"name":"bai_yanwu_02_eff/bai_yanwu_02_eff_2"},{"frame":[{"displayIndex":-1,"tweenEasing":0,"duration":3},{"tweenEasing":0,"duration":2},{"displayIndex":1,"tweenEasing":0,"duration":2},{"displayIndex":2,"tweenEasing":0,"duration":2},{"displayIndex":3,"tweenEasing":0,"duration":2},{"displayIndex":4,"tweenEasing":0,"duration":2},{"displayIndex":5,"tweenEasing":0,"duration":2},{"displayIndex":6,"tweenEasing":0,"duration":2},{"displayIndex":-1,"tweenEasing":null,"duration":8}],"name":"bai_yanwu_02_eff/bai_yanwu_02_eff_3"},{"frame":[{"displayIndex":-1,"tweenEasing":null,"duration":25}],"name":"bai_yanwu_02_eff/bai_yanwu_02_eff_4"},{"frame":[{"displayIndex":-1,"tweenEasing":null,"duration":25}],"name":"bai_yanwu_02_eff/bai_yanwu_02_eff_5"},{"frame":[{"displayIndex":-1,"tweenEasing":null,"duration":25}],"name":"bai_yanwu_02_eff/bai_yanwu_02_eff_6"},{"frame":[{"displayIndex":-1,"tweenEasing":null,"duration":25}],"name":"bai_yanwu_04_eff/bai_yanwu_04_eff_1"},{"frame":[{"displayIndex":-1,"tweenEasing":null,"duration":25}],"name":"bai_yanwu_04_eff/bai_yanwu_04_eff_01"},{"frame":[{"displayIndex":-1,"tweenEasing":null,"duration":25}],"name":"bai_yanwu_04_eff/bai_yanwu_04_eff_2"},{"frame":[{"displayIndex":-1,"tweenEasing":null,"duration":25}],"name":"bai_yanwu_04_eff/bai_yanwu_04_eff_3"},{"frame":[{"displayIndex":-1,"tweenEasing":null,"duration":25}],"name":"bai_yanwu_04_eff/bai_yanwu_04_eff_4"}],"ffd":[],"frame":[],"name":"001_pugong","duration":25,"ik":[]},{"bone":[{"frame":[{"tweenEasing":0,"transform":{},"duration":12},{"transform":{"scY":1.2,"scX":1.2},"duration":21}],"name":"bai_baiyan_01_eff/bai_baiyan_01_eff_6"},{"frame":[{"tweenEasing":0,"transform":{},"duration":12},{"transform":{"scY":1.2,"scX":1.2},"duration":21}],"name":"bai_baiyan_01_eff/bai_baiyan_01_eff_5"},{"frame":[{"tweenEasing":0,"transform":{},"duration":12},{"transform":{"scY":1.2,"scX":1.2},"duration":21}],"name":"bai_baiyan_01_eff/bai_baiyan_01_eff_4"},{"frame":[{"tweenEasing":0,"transform":{},"duration":12},{"transform":{"scY":1.2,"scX":1.2},"duration":21}],"name":"bai_baiyan_01_eff/bai_baiyan_01_eff_3"},{"frame":[{"tweenEasing":0,"transform":{},"duration":12},{"transform":{"scY":1.2,"scX":1.2},"duration":21}],"name":"bai_baiyan_01_eff/bai_baiyan_01_eff_2"},{"frame":[{"tweenEasing":0,"transform":{},"duration":12},{"transform":{"scY":1.2,"scX":1.2},"duration":21}],"name":"bai_baiyan_01_eff/bai_baiyan_01_eff_1"},{"frame":[{"tweenEasing":0,"transform":{},"duration":12},{"transform":{"scY":1.2,"scX":1.2},"duration":21}],"name":"bai_baiyan_01_eff/bai_baiyan_01_eff_0"},{"frame":[{"tweenEasing":0,"transform":{},"duration":12},{"transform":{"scY":1.2,"scX":1.2},"duration":21}],"name":"bai_baiyan_01_eff/bai_baiyan_01_eff_00"},{"frame":[{"transform":{},"duration":5},{"transform":{},"duration":14},{"transform":{},"duration":14}],"name":"bai_yanwu_02_eff/bai_yanwu_02_eff_6"},{"frame":[{"transform":{},"duration":5},{"transform":{},"duration":14},{"transform":{},"duration":14}],"name":"bai_yanwu_02_eff/bai_yanwu_02_eff_5"},{"frame":[{"transform":{},"duration":5},{"transform":{},"duration":14},{"transform":{},"duration":14}],"name":"bai_yanwu_02_eff/bai_yanwu_02_eff_4"},{"frame":[{"transform":{},"duration":5},{"transform":{},"duration":14},{"transform":{},"duration":14}],"name":"bai_yanwu_02_eff/bai_yanwu_02_eff_3"},{"frame":[{"transform":{},"duration":5},{"transform":{},"duration":14},{"transform":{},"duration":14}],"name":"bai_yanwu_02_eff/bai_yanwu_02_eff_2"},{"frame":[{"transform":{},"duration":5},{"transform":{},"duration":14},{"tweenEasing":0,"transform":{},"duration":1},{"transform":{"y":-1230.86},"duration":13}],"name":"bai_yanwu_02_eff/bai_yanwu_02_eff_1"},{"frame":[{"transform":{},"duration":5},{"transform":{},"duration":14},{"transform":{},"duration":14}],"name":"bai_yanwu_02_eff/bai_yanwu_02_eff_01"},{"frame":[{"transform":{},"duration":33}],"name":"bai_yanwu_04_eff/bai_yanwu_04_eff_4"},{"frame":[{"transform":{},"duration":33}],"name":"bai_yanwu_04_eff/bai_yanwu_04_eff_3"},{"frame":[{"transform":{},"duration":33}],"name":"bai_yanwu_04_eff/bai_yanwu_04_eff_2"},{"frame":[{"transform":{},"duration":33}],"name":"bai_yanwu_04_eff/bai_yanwu_04_eff_1"},{"frame":[{"transform":{},"duration":33}],"name":"bai_yanwu_04_eff/bai_yanwu_04_eff_01"},{"frame":[{"transform":{},"duration":33}],"name":"bone"},{"frame":[{"transform":{},"duration":6},{"transform":{"scY":1.2,"y":-193.75,"scX":-1.2,"x":-57.4},"duration":9},{"transform":{"scY":1.5,"y":-469.09,"scX":1.5,"x":-57.4},"duration":10},{"transform":{"scY":2.5,"y":-469.09,"scX":2.5,"x":-57.4},"duration":8}],"name":"bone4"},{"frame":[{"tweenEasing":0,"transform":{},"duration":30},{"transform":{"y":93.58,"scX":1.356},"duration":3}],"name":"bone3"},{"frame":[{"tweenEasing":0,"transform":{"y":-49.3},"duration":10},{"transform":{"y":-49.3},"duration":23},{"transform":{"scY":1.333,"y":-49.3,"scX":1.5},"duration":0}],"name":"bone2"},{"frame":[{"transform":{},"duration":33}],"name":"root"}],"slot":[{"frame":[{"tweenEasing":0,"duration":3},{"displayIndex":1,"tweenEasing":0,"duration":3},{"displayIndex":2,"tweenEasing":0,"duration":3},{"displayIndex":3,"tweenEasing":0,"duration":3},{"displayIndex":-1,"tweenEasing":null,"duration":21}],"name":"bai_baiyan_01_eff/bai_baiyan_01_eff_0"},{"frame":[{"tweenEasing":0,"duration":3},{"displayIndex":1,"tweenEasing":0,"duration":3},{"displayIndex":2,"tweenEasing":0,"duration":3},{"displayIndex":3,"tweenEasing":0,"duration":3},{"displayIndex":-1,"tweenEasing":null,"duration":21}],"name":"bai_baiyan_01_eff/bai_baiyan_01_eff_00"},{"frame":[{"tweenEasing":0,"duration":3},{"displayIndex":1,"tweenEasing":0,"duration":3},{"displayIndex":2,"tweenEasing":0,"duration":3},{"displayIndex":3,"tweenEasing":0,"duration":3},{"displayIndex":-1,"tweenEasing":null,"duration":21}],"name":"bai_baiyan_01_eff/bai_baiyan_01_eff_1"},{"frame":[{"tweenEasing":0,"duration":3},{"displayIndex":1,"tweenEasing":0,"duration":3},{"displayIndex":2,"tweenEasing":0,"duration":3},{"displayIndex":3,"tweenEasing":0,"duration":3},{"displayIndex":-1,"tweenEasing":null,"duration":21}],"name":"bai_baiyan_01_eff/bai_baiyan_01_eff_2"},{"frame":[{"tweenEasing":0,"duration":3},{"displayIndex":1,"tweenEasing":0,"duration":3},{"displayIndex":2,"tweenEasing":0,"duration":3},{"displayIndex":3,"tweenEasing":0,"duration":3},{"displayIndex":-1,"tweenEasing":null,"duration":21}],"name":"bai_baiyan_01_eff/bai_baiyan_01_eff_3"},{"frame":[{"tweenEasing":0,"duration":3},{"displayIndex":1,"tweenEasing":0,"duration":3},{"displayIndex":2,"tweenEasing":0,"duration":3},{"displayIndex":3,"tweenEasing":0,"duration":3},{"displayIndex":-1,"tweenEasing":null,"duration":21}],"name":"bai_baiyan_01_eff/bai_baiyan_01_eff_4"},{"frame":[{"tweenEasing":0,"duration":3},{"displayIndex":1,"tweenEasing":0,"duration":3},{"displayIndex":2,"tweenEasing":0,"duration":3},{"displayIndex":3,"tweenEasing":0,"duration":3},{"displayIndex":-1,"tweenEasing":null,"duration":21}],"name":"bai_baiyan_01_eff/bai_baiyan_01_eff_5"},{"frame":[{"tweenEasing":0,"duration":3},{"displayIndex":1,"tweenEasing":0,"duration":3},{"displayIndex":2,"tweenEasing":0,"duration":3},{"displayIndex":3,"tweenEasing":0,"duration":3},{"displayIndex":-1,"tweenEasing":null,"duration":21}],"name":"bai_baiyan_01_eff/bai_baiyan_01_eff_6"},{"frame":[{"displayIndex":-1,"tweenEasing":0,"duration":5},{"tweenEasing":0,"duration":2},{"displayIndex":1,"tweenEasing":0,"duration":2},{"displayIndex":2,"tweenEasing":0,"duration":2},{"displayIndex":3,"tweenEasing":0,"duration":2},{"displayIndex":4,"tweenEasing":0,"duration":2},{"displayIndex":5,"tweenEasing":0,"duration":2},{"displayIndex":6,"tweenEasing":0,"duration":2},{"displayIndex":-1,"tweenEasing":null,"duration":14}],"name":"bai_yanwu_02_eff/bai_yanwu_02_eff_1"},{"frame":[{"displayIndex":-1,"tweenEasing":0,"duration":5},{"tweenEasing":0,"duration":2},{"displayIndex":1,"tweenEasing":0,"duration":2},{"displayIndex":2,"tweenEasing":0,"duration":2},{"displayIndex":3,"tweenEasing":0,"duration":2},{"displayIndex":4,"tweenEasing":0,"duration":2},{"displayIndex":5,"tweenEasing":0,"duration":2},{"displayIndex":6,"tweenEasing":0,"duration":2},{"displayIndex":-1,"tweenEasing":null,"duration":14}],"name":"bai_yanwu_02_eff/bai_yanwu_02_eff_01"},{"frame":[{"displayIndex":-1,"tweenEasing":0,"duration":5},{"tweenEasing":0,"duration":2},{"displayIndex":1,"tweenEasing":0,"duration":2},{"displayIndex":2,"tweenEasing":0,"duration":2},{"displayIndex":3,"tweenEasing":0,"duration":2},{"displayIndex":4,"tweenEasing":0,"duration":2},{"displayIndex":5,"tweenEasing":0,"duration":2},{"displayIndex":6,"tweenEasing":0,"duration":2},{"displayIndex":-1,"tweenEasing":null,"duration":14}],"name":"bai_yanwu_02_eff/bai_yanwu_02_eff_2"},{"frame":[{"displayIndex":-1,"tweenEasing":0,"duration":5},{"tweenEasing":0,"duration":2},{"displayIndex":1,"tweenEasing":0,"duration":2},{"displayIndex":2,"tweenEasing":0,"duration":2},{"displayIndex":3,"tweenEasing":0,"duration":2},{"displayIndex":4,"tweenEasing":0,"duration":2},{"displayIndex":5,"tweenEasing":0,"duration":2},{"displayIndex":6,"tweenEasing":0,"duration":2},{"displayIndex":-1,"tweenEasing":null,"duration":14}],"name":"bai_yanwu_02_eff/bai_yanwu_02_eff_3"},{"frame":[{"displayIndex":-1,"tweenEasing":0,"duration":5},{"tweenEasing":0,"duration":2},{"displayIndex":1,"tweenEasing":0,"duration":2},{"displayIndex":2,"tweenEasing":0,"duration":2},{"displayIndex":3,"tweenEasing":0,"duration":2},{"displayIndex":4,"tweenEasing":0,"duration":2},{"displayIndex":5,"tweenEasing":0,"duration":2},{"displayIndex":6,"tweenEasing":0,"duration":2},{"displayIndex":-1,"tweenEasing":null,"duration":14}],"name":"bai_yanwu_02_eff/bai_yanwu_02_eff_4"},{"frame":[{"displayIndex":-1,"tweenEasing":0,"duration":5},{"tweenEasing":0,"duration":2},{"displayIndex":1,"tweenEasing":0,"duration":2},{"displayIndex":2,"tweenEasing":0,"duration":2},{"displayIndex":3,"tweenEasing":0,"duration":2},{"displayIndex":4,"tweenEasing":0,"duration":2},{"displayIndex":5,"tweenEasing":0,"duration":2},{"displayIndex":6,"tweenEasing":0,"duration":2},{"displayIndex":-1,"tweenEasing":null,"duration":14}],"name":"bai_yanwu_02_eff/bai_yanwu_02_eff_5"},{"frame":[{"displayIndex":-1,"tweenEasing":0,"duration":5},{"tweenEasing":0,"duration":2},{"displayIndex":1,"tweenEasing":0,"duration":2},{"displayIndex":2,"tweenEasing":0,"duration":2},{"displayIndex":3,"tweenEasing":0,"duration":2},{"displayIndex":4,"tweenEasing":0,"duration":2},{"displayIndex":5,"tweenEasing":0,"duration":2},{"displayIndex":6,"tweenEasing":0,"duration":2},{"displayIndex":-1,"tweenEasing":null,"duration":14}],"name":"bai_yanwu_02_eff/bai_yanwu_02_eff_6"},{"frame":[{"displayIndex":-1,"tweenEasing":null,"duration":33}],"name":"bai_yanwu_04_eff/bai_yanwu_04_eff_1"},{"frame":[{"displayIndex":-1,"tweenEasing":null,"duration":33}],"name":"bai_yanwu_04_eff/bai_yanwu_04_eff_01"},{"frame":[{"displayIndex":-1,"tweenEasing":null,"duration":33}],"name":"bai_yanwu_04_eff/bai_yanwu_04_eff_2"},{"frame":[{"displayIndex":-1,"tweenEasing":null,"duration":33}],"name":"bai_yanwu_04_eff/bai_yanwu_04_eff_3"},{"frame":[{"displayIndex":-1,"tweenEasing":null,"duration":33}],"name":"bai_yanwu_04_eff/bai_yanwu_04_eff_4"}],"ffd":[],"frame":[],"name":"002_xuli","duration":33,"ik":[]},{"bone":[{"frame":[{"transform":{},"duration":25}],"name":"bai_baiyan_01_eff/bai_baiyan_01_eff_6"},{"frame":[{"transform":{},"duration":25}],"name":"bai_baiyan_01_eff/bai_baiyan_01_eff_5"},{"frame":[{"transform":{},"duration":25}],"name":"bai_baiyan_01_eff/bai_baiyan_01_eff_4"},{"frame":[{"transform":{},"duration":25}],"name":"bai_baiyan_01_eff/bai_baiyan_01_eff_3"},{"frame":[{"transform":{},"duration":25}],"name":"bai_baiyan_01_eff/bai_baiyan_01_eff_2"},{"frame":[{"transform":{},"duration":25}],"name":"bai_baiyan_01_eff/bai_baiyan_01_eff_1"},{"frame":[{"transform":{},"duration":25}],"name":"bai_baiyan_01_eff/bai_baiyan_01_eff_0"},{"frame":[{"transform":{},"duration":25}],"name":"bai_baiyan_01_eff/bai_baiyan_01_eff_00"},{"frame":[{"transform":{},"duration":25}],"name":"bai_yanwu_02_eff/bai_yanwu_02_eff_6"},{"frame":[{"transform":{},"duration":25}],"name":"bai_yanwu_02_eff/bai_yanwu_02_eff_5"},{"frame":[{"transform":{},"duration":25}],"name":"bai_yanwu_02_eff/bai_yanwu_02_eff_4"},{"frame":[{"transform":{},"duration":25}],"name":"bai_yanwu_02_eff/bai_yanwu_02_eff_3"},{"frame":[{"transform":{},"duration":25}],"name":"bai_yanwu_02_eff/bai_yanwu_02_eff_2"},{"frame":[{"transform":{},"duration":25}],"name":"bai_yanwu_02_eff/bai_yanwu_02_eff_1"},{"frame":[{"transform":{},"duration":25}],"name":"bai_yanwu_02_eff/bai_yanwu_02_eff_01"},{"frame":[{"transform":{"x":65.58},"duration":12},{"transform":{"x":65.58},"duration":13}],"name":"bai_yanwu_04_eff/bai_yanwu_04_eff_4"},{"frame":[{"transform":{"x":11.24},"duration":12},{"transform":{"x":11.24},"duration":13}],"name":"bai_yanwu_04_eff/bai_yanwu_04_eff_3"},{"frame":[{"transform":{},"duration":12},{"transform":{},"duration":13}],"name":"bai_yanwu_04_eff/bai_yanwu_04_eff_2"},{"frame":[{"transform":{"x":-16.86},"duration":12},{"transform":{"x":-16.86},"duration":13}],"name":"bai_yanwu_04_eff/bai_yanwu_04_eff_1"},{"frame":[{"transform":{"x":-56.21},"duration":12},{"transform":{"x":-56.21},"duration":13}],"name":"bai_yanwu_04_eff/bai_yanwu_04_eff_01"},{"frame":[{"transform":{},"duration":20},{"transform":{"y":112.7,"x":-31.85},"duration":5}],"name":"bone"},{"frame":[{"transform":{},"duration":6},{"transform":{"scY":1.2,"y":-193.75,"scX":-1.2,"x":-57.4},"duration":9},{"transform":{"scY":1.5,"y":-469.09,"scX":1.5,"x":-57.4},"duration":10},{"transform":{"scY":2.5,"y":-469.09,"scX":2.5,"x":-57.4},"duration":0}],"name":"bone4"},{"frame":[{"tweenEasing":0,"transform":{"y":-77.91,"scX":1.356},"duration":9},{"transform":{"y":-101.92,"scX":1.356},"duration":16}],"name":"bone3"},{"frame":[{"transform":{"scY":1.333,"y":-48.06,"scX":1.5},"duration":25}],"name":"bone2"},{"frame":[{"transform":{},"duration":25}],"name":"root"}],"slot":[{"frame":[{"displayIndex":-1,"tweenEasing":null,"duration":25}],"name":"bai_baiyan_01_eff/bai_baiyan_01_eff_0"},{"frame":[{"displayIndex":-1,"tweenEasing":null,"duration":25}],"name":"bai_baiyan_01_eff/bai_baiyan_01_eff_00"},{"frame":[{"displayIndex":-1,"tweenEasing":null,"duration":25}],"name":"bai_baiyan_01_eff/bai_baiyan_01_eff_1"},{"frame":[{"displayIndex":-1,"tweenEasing":null,"duration":25}],"name":"bai_baiyan_01_eff/bai_baiyan_01_eff_2"},{"frame":[{"displayIndex":-1,"tweenEasing":null,"duration":25}],"name":"bai_baiyan_01_eff/bai_baiyan_01_eff_3"},{"frame":[{"displayIndex":-1,"tweenEasing":null,"duration":25}],"name":"bai_baiyan_01_eff/bai_baiyan_01_eff_4"},{"frame":[{"displayIndex":-1,"tweenEasing":null,"duration":25}],"name":"bai_baiyan_01_eff/bai_baiyan_01_eff_5"},{"frame":[{"displayIndex":-1,"tweenEasing":null,"duration":25}],"name":"bai_baiyan_01_eff/bai_baiyan_01_eff_6"},{"frame":[{"displayIndex":-1,"tweenEasing":null,"duration":25}],"name":"bai_yanwu_02_eff/bai_yanwu_02_eff_1"},{"frame":[{"displayIndex":-1,"tweenEasing":null,"duration":25}],"name":"bai_yanwu_02_eff/bai_yanwu_02_eff_01"},{"frame":[{"displayIndex":-1,"tweenEasing":null,"duration":25}],"name":"bai_yanwu_02_eff/bai_yanwu_02_eff_2"},{"frame":[{"displayIndex":-1,"tweenEasing":null,"duration":25}],"name":"bai_yanwu_02_eff/bai_yanwu_02_eff_3"},{"frame":[{"displayIndex":-1,"tweenEasing":null,"duration":25}],"name":"bai_yanwu_02_eff/bai_yanwu_02_eff_4"},{"frame":[{"displayIndex":-1,"tweenEasing":null,"duration":25}],"name":"bai_yanwu_02_eff/bai_yanwu_02_eff_5"},{"frame":[{"displayIndex":-1,"tweenEasing":null,"duration":25}],"name":"bai_yanwu_02_eff/bai_yanwu_02_eff_6"},{"frame":[{"tweenEasing":0,"duration":2},{"displayIndex":1,"tweenEasing":0,"duration":2},{"displayIndex":2,"tweenEasing":0,"duration":2},{"displayIndex":3,"tweenEasing":0,"duration":2},{"displayIndex":4,"tweenEasing":0,"duration":2},{"displayIndex":6,"tweenEasing":0,"duration":2},{"displayIndex":-1,"tweenEasing":null,"duration":13}],"name":"bai_yanwu_04_eff/bai_yanwu_04_eff_1"},{"frame":[{"tweenEasing":0,"duration":2},{"displayIndex":1,"tweenEasing":0,"duration":2},{"displayIndex":2,"tweenEasing":0,"duration":2},{"displayIndex":3,"tweenEasing":0,"duration":2},{"displayIndex":4,"tweenEasing":0,"duration":2},{"displayIndex":6,"tweenEasing":0,"duration":2},{"displayIndex":-1,"tweenEasing":null,"duration":13}],"name":"bai_yanwu_04_eff/bai_yanwu_04_eff_01"},{"frame":[{"tweenEasing":0,"duration":2},{"displayIndex":1,"tweenEasing":0,"duration":2},{"displayIndex":2,"tweenEasing":0,"duration":2},{"displayIndex":3,"tweenEasing":0,"duration":2},{"displayIndex":4,"tweenEasing":0,"duration":2},{"displayIndex":6,"tweenEasing":0,"duration":2},{"displayIndex":-1,"tweenEasing":null,"duration":13}],"name":"bai_yanwu_04_eff/bai_yanwu_04_eff_2"},{"frame":[{"tweenEasing":0,"duration":2},{"displayIndex":1,"tweenEasing":0,"duration":2},{"displayIndex":2,"tweenEasing":0,"duration":2},{"displayIndex":3,"tweenEasing":0,"duration":2},{"displayIndex":4,"tweenEasing":0,"duration":2},{"displayIndex":6,"tweenEasing":0,"duration":2},{"displayIndex":-1,"tweenEasing":null,"duration":13}],"name":"bai_yanwu_04_eff/bai_yanwu_04_eff_3"},{"frame":[{"tweenEasing":0,"duration":2},{"displayIndex":1,"tweenEasing":0,"duration":2},{"displayIndex":2,"tweenEasing":0,"duration":2},{"displayIndex":3,"tweenEasing":0,"duration":2},{"displayIndex":4,"tweenEasing":0,"duration":2},{"displayIndex":6,"tweenEasing":0,"duration":2},{"displayIndex":-1,"tweenEasing":null,"duration":13}],"name":"bai_yanwu_04_eff/bai_yanwu_04_eff_4"}],"ffd":[],"frame":[],"name":"003_dabaozha","duration":25,"ik":[]}],"skin":[{"slot":[{"display":[{"path":"bai_baiyan_01_eff/bai_baiyan_01_eff_00","type":"image","name":"bai_baiyan_01_eff/bai_baiyan_01_eff_00","transform":{"y":-2.89,"skX":89.08,"skY":89.08,"x":87.46}},{"path":"bai_baiyan_01_eff/bai_baiyan_01_eff_01","type":"image","name":"bai_baiyan_01_eff/bai_baiyan_01_eff_01","transform":{"y":-2.89,"skX":89.08,"skY":89.08,"x":87.46}},{"path":"bai_baiyan_01_eff/bai_baiyan_01_eff_02","type":"image","name":"bai_baiyan_01_eff/bai_baiyan_01_eff_02","transform":{"y":-2.89,"skX":89.08,"skY":89.08,"x":87.46}},{"path":"bai_baiyan_01_eff/bai_baiyan_01_eff_03","type":"image","name":"bai_baiyan_01_eff/bai_baiyan_01_eff_03","transform":{"y":-2.89,"skX":89.08,"skY":89.08,"x":87.46}}],"name":"bai_baiyan_01_eff/bai_baiyan_01_eff_6"},{"display":[{"path":"bai_baiyan_01_eff/bai_baiyan_01_eff_00","type":"image","name":"bai_baiyan_01_eff/bai_baiyan_01_eff_00","transform":{"y":-2.89,"skX":89.08,"skY":89.08,"x":87.46}},{"path":"bai_baiyan_01_eff/bai_baiyan_01_eff_01","type":"image","name":"bai_baiyan_01_eff/bai_baiyan_01_eff_01","transform":{"y":-2.89,"skX":89.08,"skY":89.08,"x":87.46}},{"path":"bai_baiyan_01_eff/bai_baiyan_01_eff_02","type":"image","name":"bai_baiyan_01_eff/bai_baiyan_01_eff_02","transform":{"y":-2.89,"skX":89.08,"skY":89.08,"x":87.46}},{"path":"bai_baiyan_01_eff/bai_baiyan_01_eff_03","type":"image","name":"bai_baiyan_01_eff/bai_baiyan_01_eff_03","transform":{"y":-2.89,"skX":89.08,"skY":89.08,"x":87.46}}],"name":"bai_baiyan_01_eff/bai_baiyan_01_eff_5"},{"display":[{"path":"bai_yanwu_04_eff/bai_yanwu_04_eff_01","type":"image","name":"bai_yanwu_04_eff/bai_yanwu_04_eff_01","transform":{"y":-1.19,"skX":90,"skY":90,"x":98.7}},{"path":"bai_yanwu_04_eff/bai_yanwu_04_eff_02","type":"image","name":"bai_yanwu_04_eff/bai_yanwu_04_eff_02","transform":{"y":-1.19,"skX":90,"skY":90,"x":98.7}},{"path":"bai_yanwu_04_eff/bai_yanwu_04_eff_03","type":"image","name":"bai_yanwu_04_eff/bai_yanwu_04_eff_03","transform":{"y":-1.19,"skX":90,"skY":90,"x":98.7}},{"path":"bai_yanwu_04_eff/bai_yanwu_04_eff_04","type":"image","name":"bai_yanwu_04_eff/bai_yanwu_04_eff_04","transform":{"y":-1.19,"skX":90,"skY":90,"x":98.7}},{"path":"bai_yanwu_04_eff/bai_yanwu_04_eff_05","type":"image","name":"bai_yanwu_04_eff/bai_yanwu_04_eff_05","transform":{"y":-1.19,"skX":90,"skY":90,"x":98.7}},{"path":"bai_yanwu_04_eff/bai_yanwu_04_eff_06","type":"image","name":"bai_yanwu_04_eff/bai_yanwu_04_eff_06","transform":{"y":-1.19,"skX":90,"skY":90,"x":98.7}},{"path":"bai_yanwu_04_eff/bai_yanwu_04_eff_07","type":"image","name":"bai_yanwu_04_eff/bai_yanwu_04_eff_07","transform":{"y":-1.19,"skX":90,"skY":90,"x":98.7}}],"name":"bai_yanwu_04_eff/bai_yanwu_04_eff_2"},{"display":[{"path":"bai_baiyan_01_eff/bai_baiyan_01_eff_00","type":"image","name":"bai_baiyan_01_eff/bai_baiyan_01_eff_00","transform":{"y":-2.89,"skX":89.08,"skY":89.08,"x":87.46}},{"path":"bai_baiyan_01_eff/bai_baiyan_01_eff_01","type":"image","name":"bai_baiyan_01_eff/bai_baiyan_01_eff_01","transform":{"y":-2.89,"skX":89.08,"skY":89.08,"x":87.46}},{"path":"bai_baiyan_01_eff/bai_baiyan_01_eff_02","type":"image","name":"bai_baiyan_01_eff/bai_baiyan_01_eff_02","transform":{"y":-2.89,"skX":89.08,"skY":89.08,"x":87.46}},{"path":"bai_baiyan_01_eff/bai_baiyan_01_eff_03","type":"image","name":"bai_baiyan_01_eff/bai_baiyan_01_eff_03","transform":{"y":-2.89,"skX":89.08,"skY":89.08,"x":87.46}}],"name":"bai_baiyan_01_eff/bai_baiyan_01_eff_3"},{"display":[{"path":"bai_baiyan_01_eff/bai_baiyan_01_eff_00","type":"image","name":"bai_baiyan_01_eff/bai_baiyan_01_eff_00","transform":{"y":-2.89,"skX":89.08,"skY":89.08,"x":87.46}},{"path":"bai_baiyan_01_eff/bai_baiyan_01_eff_01","type":"image","name":"bai_baiyan_01_eff/bai_baiyan_01_eff_01","transform":{"y":-2.89,"skX":89.08,"skY":89.08,"x":87.46}},{"path":"bai_baiyan_01_eff/bai_baiyan_01_eff_02","type":"image","name":"bai_baiyan_01_eff/bai_baiyan_01_eff_02","transform":{"y":-2.89,"skX":89.08,"skY":89.08,"x":87.46}},{"path":"bai_baiyan_01_eff/bai_baiyan_01_eff_03","type":"image","name":"bai_baiyan_01_eff/bai_baiyan_01_eff_03","transform":{"y":-2.89,"skX":89.08,"skY":89.08,"x":87.46}}],"name":"bai_baiyan_01_eff/bai_baiyan_01_eff_2"},{"display":[{"path":"bai_yanwu_02_eff/bai_yanwu_02_eff_01","type":"image","name":"bai_yanwu_02_eff/bai_yanwu_02_eff_01","transform":{"y":-26.02,"x":6.82}},{"path":"bai_yanwu_02_eff/bai_yanwu_02_eff_02","type":"image","name":"bai_yanwu_02_eff/bai_yanwu_02_eff_02","transform":{"y":-26.02,"x":6.82}},{"path":"bai_yanwu_02_eff/bai_yanwu_02_eff_03","type":"image","name":"bai_yanwu_02_eff/bai_yanwu_02_eff_03","transform":{"y":-26.02,"x":6.82}},{"path":"bai_yanwu_02_eff/bai_yanwu_02_eff_04","type":"image","name":"bai_yanwu_02_eff/bai_yanwu_02_eff_04","transform":{"y":-26.02,"x":6.82}},{"path":"bai_yanwu_02_eff/bai_yanwu_02_eff_05","type":"image","name":"bai_yanwu_02_eff/bai_yanwu_02_eff_05","transform":{"y":-26.02,"x":6.82}},{"path":"bai_yanwu_02_eff/bai_yanwu_02_eff_06","type":"image","name":"bai_yanwu_02_eff/bai_yanwu_02_eff_06","transform":{"y":-26.02,"x":6.82}},{"path":"bai_yanwu_02_eff/bai_yanwu_02_eff_07","type":"image","name":"bai_yanwu_02_eff/bai_yanwu_02_eff_07","transform":{"y":-26.02,"x":6.82}}],"blendMode":"add","name":"bai_yanwu_02_eff/bai_yanwu_02_eff_1"},{"display":[{"path":"bai_yanwu_02_eff/bai_yanwu_02_eff_01","type":"image","name":"bai_yanwu_02_eff/bai_yanwu_02_eff_01","transform":{"y":-26.02,"x":6.82}},{"path":"bai_yanwu_02_eff/bai_yanwu_02_eff_02","type":"image","name":"bai_yanwu_02_eff/bai_yanwu_02_eff_02","transform":{"y":-26.02,"x":6.82}},{"path":"bai_yanwu_02_eff/bai_yanwu_02_eff_03","type":"image","name":"bai_yanwu_02_eff/bai_yanwu_02_eff_03","transform":{"y":-26.02,"x":6.82}},{"path":"bai_yanwu_02_eff/bai_yanwu_02_eff_04","type":"image","name":"bai_yanwu_02_eff/bai_yanwu_02_eff_04","transform":{"y":-26.02,"x":6.82}},{"path":"bai_yanwu_02_eff/bai_yanwu_02_eff_05","type":"image","name":"bai_yanwu_02_eff/bai_yanwu_02_eff_05","transform":{"y":-26.02,"x":6.82}},{"path":"bai_yanwu_02_eff/bai_yanwu_02_eff_06","type":"image","name":"bai_yanwu_02_eff/bai_yanwu_02_eff_06","transform":{"y":-26.02,"x":6.82}},{"path":"bai_yanwu_02_eff/bai_yanwu_02_eff_07","type":"image","name":"bai_yanwu_02_eff/bai_yanwu_02_eff_07","transform":{"y":-26.02,"x":6.82}}],"blendMode":"add","name":"bai_yanwu_02_eff/bai_yanwu_02_eff_5"},{"display":[{"path":"bai_yanwu_04_eff/bai_yanwu_04_eff_01","type":"image","name":"bai_yanwu_04_eff/bai_yanwu_04_eff_01","transform":{"y":-1.19,"skX":90,"skY":90,"x":98.7}},{"path":"bai_yanwu_04_eff/bai_yanwu_04_eff_02","type":"image","name":"bai_yanwu_04_eff/bai_yanwu_04_eff_02","transform":{"y":-1.19,"skX":90,"skY":90,"x":98.7}},{"path":"bai_yanwu_04_eff/bai_yanwu_04_eff_03","type":"image","name":"bai_yanwu_04_eff/bai_yanwu_04_eff_03","transform":{"y":-1.19,"skX":90,"skY":90,"x":98.7}},{"path":"bai_yanwu_04_eff/bai_yanwu_04_eff_04","type":"image","name":"bai_yanwu_04_eff/bai_yanwu_04_eff_04","transform":{"y":-1.19,"skX":90,"skY":90,"x":98.7}},{"path":"bai_yanwu_04_eff/bai_yanwu_04_eff_05","type":"image","name":"bai_yanwu_04_eff/bai_yanwu_04_eff_05","transform":{"y":-1.19,"skX":90,"skY":90,"x":98.7}},{"path":"bai_yanwu_04_eff/bai_yanwu_04_eff_06","type":"image","name":"bai_yanwu_04_eff/bai_yanwu_04_eff_06","transform":{"y":-1.19,"skX":90,"skY":90,"x":98.7}},{"path":"bai_yanwu_04_eff/bai_yanwu_04_eff_07","type":"image","name":"bai_yanwu_04_eff/bai_yanwu_04_eff_07","transform":{"y":-1.19,"skX":90,"skY":90,"x":98.7}}],"name":"bai_yanwu_04_eff/bai_yanwu_04_eff_3"},{"display":[{"path":"bai_yanwu_02_eff/bai_yanwu_02_eff_01","type":"image","name":"bai_yanwu_02_eff/bai_yanwu_02_eff_01","transform":{"y":-26.02,"x":6.82}},{"path":"bai_yanwu_02_eff/bai_yanwu_02_eff_02","type":"image","name":"bai_yanwu_02_eff/bai_yanwu_02_eff_02","transform":{"y":-26.02,"x":6.82}},{"path":"bai_yanwu_02_eff/bai_yanwu_02_eff_03","type":"image","name":"bai_yanwu_02_eff/bai_yanwu_02_eff_03","transform":{"y":-26.02,"x":6.82}},{"path":"bai_yanwu_02_eff/bai_yanwu_02_eff_04","type":"image","name":"bai_yanwu_02_eff/bai_yanwu_02_eff_04","transform":{"y":-26.02,"x":6.82}},{"path":"bai_yanwu_02_eff/bai_yanwu_02_eff_05","type":"image","name":"bai_yanwu_02_eff/bai_yanwu_02_eff_05","transform":{"y":-26.02,"x":6.82}},{"path":"bai_yanwu_02_eff/bai_yanwu_02_eff_06","type":"image","name":"bai_yanwu_02_eff/bai_yanwu_02_eff_06","transform":{"y":-26.02,"x":6.82}},{"path":"bai_yanwu_02_eff/bai_yanwu_02_eff_07","type":"image","name":"bai_yanwu_02_eff/bai_yanwu_02_eff_07","transform":{"y":-26.02,"x":6.82}}],"blendMode":"add","name":"bai_yanwu_02_eff/bai_yanwu_02_eff_3"},{"display":[{"path":"bai_baiyan_01_eff/bai_baiyan_01_eff_00","type":"image","name":"bai_baiyan_01_eff/bai_baiyan_01_eff_00","transform":{"y":-2.89,"skX":89.08,"skY":89.08,"x":87.46}},{"path":"bai_baiyan_01_eff/bai_baiyan_01_eff_01","type":"image","name":"bai_baiyan_01_eff/bai_baiyan_01_eff_01","transform":{"y":-2.89,"skX":89.08,"skY":89.08,"x":87.46}},{"path":"bai_baiyan_01_eff/bai_baiyan_01_eff_02","type":"image","name":"bai_baiyan_01_eff/bai_baiyan_01_eff_02","transform":{"y":-2.89,"skX":89.08,"skY":89.08,"x":87.46}},{"path":"bai_baiyan_01_eff/bai_baiyan_01_eff_03","type":"image","name":"bai_baiyan_01_eff/bai_baiyan_01_eff_03","transform":{"y":-2.89,"skX":89.08,"skY":89.08,"x":87.46}}],"name":"bai_baiyan_01_eff/bai_baiyan_01_eff_1"},{"display":[{"path":"bai_yanwu_04_eff/bai_yanwu_04_eff_01","type":"image","name":"bai_yanwu_04_eff/bai_yanwu_04_eff_01","transform":{"y":-1.19,"skX":90,"skY":90,"x":98.7}},{"path":"bai_yanwu_04_eff/bai_yanwu_04_eff_02","type":"image","name":"bai_yanwu_04_eff/bai_yanwu_04_eff_02","transform":{"y":-1.19,"skX":90,"skY":90,"x":98.7}},{"path":"bai_yanwu_04_eff/bai_yanwu_04_eff_03","type":"image","name":"bai_yanwu_04_eff/bai_yanwu_04_eff_03","transform":{"y":-1.19,"skX":90,"skY":90,"x":98.7}},{"path":"bai_yanwu_04_eff/bai_yanwu_04_eff_04","type":"image","name":"bai_yanwu_04_eff/bai_yanwu_04_eff_04","transform":{"y":-1.19,"skX":90,"skY":90,"x":98.7}},{"path":"bai_yanwu_04_eff/bai_yanwu_04_eff_05","type":"image","name":"bai_yanwu_04_eff/bai_yanwu_04_eff_05","transform":{"y":-1.19,"skX":90,"skY":90,"x":98.7}},{"path":"bai_yanwu_04_eff/bai_yanwu_04_eff_06","type":"image","name":"bai_yanwu_04_eff/bai_yanwu_04_eff_06","transform":{"y":-1.19,"skX":90,"skY":90,"x":98.7}},{"path":"bai_yanwu_04_eff/bai_yanwu_04_eff_07","type":"image","name":"bai_yanwu_04_eff/bai_yanwu_04_eff_07","transform":{"y":-1.19,"skX":90,"skY":90,"x":98.7}}],"name":"bai_yanwu_04_eff/bai_yanwu_04_eff_1"},{"display":[{"path":"bai_baiyan_01_eff/bai_baiyan_01_eff_00","type":"image","name":"bai_baiyan_01_eff/bai_baiyan_01_eff_00","transform":{"y":-2.89,"skX":89.08,"skY":89.08,"x":87.46}},{"path":"bai_baiyan_01_eff/bai_baiyan_01_eff_01","type":"image","name":"bai_baiyan_01_eff/bai_baiyan_01_eff_01","transform":{"y":-2.89,"skX":89.08,"skY":89.08,"x":87.46}},{"path":"bai_baiyan_01_eff/bai_baiyan_01_eff_02","type":"image","name":"bai_baiyan_01_eff/bai_baiyan_01_eff_02","transform":{"y":-2.89,"skX":89.08,"skY":89.08,"x":87.46}},{"path":"bai_baiyan_01_eff/bai_baiyan_01_eff_03","type":"image","name":"bai_baiyan_01_eff/bai_baiyan_01_eff_03","transform":{"y":-2.89,"skX":89.08,"skY":89.08,"x":87.46}}],"name":"bai_baiyan_01_eff/bai_baiyan_01_eff_00"},{"display":[{"path":"bai_yanwu_04_eff/bai_yanwu_04_eff_01","type":"image","name":"bai_yanwu_04_eff/bai_yanwu_04_eff_01","transform":{"y":-1.19,"skX":90,"skY":90,"x":98.7}},{"path":"bai_yanwu_04_eff/bai_yanwu_04_eff_02","type":"image","name":"bai_yanwu_04_eff/bai_yanwu_04_eff_02","transform":{"y":-1.19,"skX":90,"skY":90,"x":98.7}},{"path":"bai_yanwu_04_eff/bai_yanwu_04_eff_03","type":"image","name":"bai_yanwu_04_eff/bai_yanwu_04_eff_03","transform":{"y":-1.19,"skX":90,"skY":90,"x":98.7}},{"path":"bai_yanwu_04_eff/bai_yanwu_04_eff_04","type":"image","name":"bai_yanwu_04_eff/bai_yanwu_04_eff_04","transform":{"y":-1.19,"skX":90,"skY":90,"x":98.7}},{"path":"bai_yanwu_04_eff/bai_yanwu_04_eff_05","type":"image","name":"bai_yanwu_04_eff/bai_yanwu_04_eff_05","transform":{"y":-1.19,"skX":90,"skY":90,"x":98.7}},{"path":"bai_yanwu_04_eff/bai_yanwu_04_eff_06","type":"image","name":"bai_yanwu_04_eff/bai_yanwu_04_eff_06","transform":{"y":-1.19,"skX":90,"skY":90,"x":98.7}},{"path":"bai_yanwu_04_eff/bai_yanwu_04_eff_07","type":"image","name":"bai_yanwu_04_eff/bai_yanwu_04_eff_07","transform":{"y":-1.19,"skX":90,"skY":90,"x":98.7}}],"name":"bai_yanwu_04_eff/bai_yanwu_04_eff_01"},{"display":[{"path":"bai_baiyan_01_eff/bai_baiyan_01_eff_00","type":"image","name":"bai_baiyan_01_eff/bai_baiyan_01_eff_00","transform":{"y":-2.89,"skX":89.08,"skY":89.08,"x":87.46}},{"path":"bai_baiyan_01_eff/bai_baiyan_01_eff_01","type":"image","name":"bai_baiyan_01_eff/bai_baiyan_01_eff_01","transform":{"y":-2.89,"skX":89.08,"skY":89.08,"x":87.46}},{"path":"bai_baiyan_01_eff/bai_baiyan_01_eff_02","type":"image","name":"bai_baiyan_01_eff/bai_baiyan_01_eff_02","transform":{"y":-2.89,"skX":89.08,"skY":89.08,"x":87.46}},{"path":"bai_baiyan_01_eff/bai_baiyan_01_eff_03","type":"image","name":"bai_baiyan_01_eff/bai_baiyan_01_eff_03","transform":{"y":-2.89,"skX":89.08,"skY":89.08,"x":87.46}}],"name":"bai_baiyan_01_eff/bai_baiyan_01_eff_4"},{"display":[{"path":"bai_yanwu_04_eff/bai_yanwu_04_eff_01","type":"image","name":"bai_yanwu_04_eff/bai_yanwu_04_eff_01","transform":{"y":-1.19,"skX":90,"skY":90,"x":98.7}},{"path":"bai_yanwu_04_eff/bai_yanwu_04_eff_02","type":"image","name":"bai_yanwu_04_eff/bai_yanwu_04_eff_02","transform":{"y":-1.19,"skX":90,"skY":90,"x":98.7}},{"path":"bai_yanwu_04_eff/bai_yanwu_04_eff_03","type":"image","name":"bai_yanwu_04_eff/bai_yanwu_04_eff_03","transform":{"y":-1.19,"skX":90,"skY":90,"x":98.7}},{"path":"bai_yanwu_04_eff/bai_yanwu_04_eff_04","type":"image","name":"bai_yanwu_04_eff/bai_yanwu_04_eff_04","transform":{"y":-1.19,"skX":90,"skY":90,"x":98.7}},{"path":"bai_yanwu_04_eff/bai_yanwu_04_eff_05","type":"image","name":"bai_yanwu_04_eff/bai_yanwu_04_eff_05","transform":{"y":-1.19,"skX":90,"skY":90,"x":98.7}},{"path":"bai_yanwu_04_eff/bai_yanwu_04_eff_06","type":"image","name":"bai_yanwu_04_eff/bai_yanwu_04_eff_06","transform":{"y":-1.19,"skX":90,"skY":90,"x":98.7}},{"path":"bai_yanwu_04_eff/bai_yanwu_04_eff_07","type":"image","name":"bai_yanwu_04_eff/bai_yanwu_04_eff_07","transform":{"y":-1.19,"skX":90,"skY":90,"x":98.7}}],"name":"bai_yanwu_04_eff/bai_yanwu_04_eff_4"},{"display":[{"path":"bai_yanwu_02_eff/bai_yanwu_02_eff_01","type":"image","name":"bai_yanwu_02_eff/bai_yanwu_02_eff_01","transform":{"y":-26.02,"x":6.82}},{"path":"bai_yanwu_02_eff/bai_yanwu_02_eff_02","type":"image","name":"bai_yanwu_02_eff/bai_yanwu_02_eff_02","transform":{"y":-26.02,"x":6.82}},{"path":"bai_yanwu_02_eff/bai_yanwu_02_eff_03","type":"image","name":"bai_yanwu_02_eff/bai_yanwu_02_eff_03","transform":{"y":-26.02,"x":6.82}},{"path":"bai_yanwu_02_eff/bai_yanwu_02_eff_04","type":"image","name":"bai_yanwu_02_eff/bai_yanwu_02_eff_04","transform":{"y":-26.02,"x":6.82}},{"path":"bai_yanwu_02_eff/bai_yanwu_02_eff_05","type":"image","name":"bai_yanwu_02_eff/bai_yanwu_02_eff_05","transform":{"y":-26.02,"x":6.82}},{"path":"bai_yanwu_02_eff/bai_yanwu_02_eff_06","type":"image","name":"bai_yanwu_02_eff/bai_yanwu_02_eff_06","transform":{"y":-26.02,"x":6.82}},{"path":"bai_yanwu_02_eff/bai_yanwu_02_eff_07","type":"image","name":"bai_yanwu_02_eff/bai_yanwu_02_eff_07","transform":{"y":-26.02,"x":6.82}}],"blendMode":"add","name":"bai_yanwu_02_eff/bai_yanwu_02_eff_2"},{"display":[{"path":"bai_yanwu_02_eff/bai_yanwu_02_eff_01","type":"image","name":"bai_yanwu_02_eff/bai_yanwu_02_eff_01","transform":{"y":-26.02,"x":6.82}},{"path":"bai_yanwu_02_eff/bai_yanwu_02_eff_02","type":"image","name":"bai_yanwu_02_eff/bai_yanwu_02_eff_02","transform":{"y":-26.02,"x":6.82}},{"path":"bai_yanwu_02_eff/bai_yanwu_02_eff_03","type":"image","name":"bai_yanwu_02_eff/bai_yanwu_02_eff_03","transform":{"y":-26.02,"x":6.82}},{"path":"bai_yanwu_02_eff/bai_yanwu_02_eff_04","type":"image","name":"bai_yanwu_02_eff/bai_yanwu_02_eff_04","transform":{"y":-26.02,"x":6.82}},{"path":"bai_yanwu_02_eff/bai_yanwu_02_eff_05","type":"image","name":"bai_yanwu_02_eff/bai_yanwu_02_eff_05","transform":{"y":-26.02,"x":6.82}},{"path":"bai_yanwu_02_eff/bai_yanwu_02_eff_06","type":"image","name":"bai_yanwu_02_eff/bai_yanwu_02_eff_06","transform":{"y":-26.02,"x":6.82}},{"path":"bai_yanwu_02_eff/bai_yanwu_02_eff_07","type":"image","name":"bai_yanwu_02_eff/bai_yanwu_02_eff_07","transform":{"y":-26.02,"x":6.82}}],"blendMode":"add","name":"bai_yanwu_02_eff/bai_yanwu_02_eff_6"},{"display":[{"path":"bai_yanwu_02_eff/bai_yanwu_02_eff_01","type":"image","name":"bai_yanwu_02_eff/bai_yanwu_02_eff_01","transform":{"y":-26.02,"x":6.82}},{"path":"bai_yanwu_02_eff/bai_yanwu_02_eff_02","type":"image","name":"bai_yanwu_02_eff/bai_yanwu_02_eff_02","transform":{"y":-26.02,"x":6.82}},{"path":"bai_yanwu_02_eff/bai_yanwu_02_eff_03","type":"image","name":"bai_yanwu_02_eff/bai_yanwu_02_eff_03","transform":{"y":-26.02,"x":6.82}},{"path":"bai_yanwu_02_eff/bai_yanwu_02_eff_04","type":"image","name":"bai_yanwu_02_eff/bai_yanwu_02_eff_04","transform":{"y":-26.02,"x":6.82}},{"path":"bai_yanwu_02_eff/bai_yanwu_02_eff_05","type":"image","name":"bai_yanwu_02_eff/bai_yanwu_02_eff_05","transform":{"y":-26.02,"x":6.82}},{"path":"bai_yanwu_02_eff/bai_yanwu_02_eff_06","type":"image","name":"bai_yanwu_02_eff/bai_yanwu_02_eff_06","transform":{"y":-26.02,"x":6.82}},{"path":"bai_yanwu_02_eff/bai_yanwu_02_eff_07","type":"image","name":"bai_yanwu_02_eff/bai_yanwu_02_eff_07","transform":{"y":-26.02,"x":6.82}}],"blendMode":"add","name":"bai_yanwu_02_eff/bai_yanwu_02_eff_4"},{"display":[{"path":"bai_yanwu_02_eff/bai_yanwu_02_eff_01","type":"image","name":"bai_yanwu_02_eff/bai_yanwu_02_eff_01","transform":{"y":-26.02,"x":6.82}},{"path":"bai_yanwu_02_eff/bai_yanwu_02_eff_02","type":"image","name":"bai_yanwu_02_eff/bai_yanwu_02_eff_02","transform":{"y":-26.02,"x":6.82}},{"path":"bai_yanwu_02_eff/bai_yanwu_02_eff_03","type":"image","name":"bai_yanwu_02_eff/bai_yanwu_02_eff_03","transform":{"y":-26.02,"x":6.82}},{"path":"bai_yanwu_02_eff/bai_yanwu_02_eff_04","type":"image","name":"bai_yanwu_02_eff/bai_yanwu_02_eff_04","transform":{"y":-26.02,"x":6.82}},{"path":"bai_yanwu_02_eff/bai_yanwu_02_eff_05","type":"image","name":"bai_yanwu_02_eff/bai_yanwu_02_eff_05","transform":{"y":-26.02,"x":6.82}},{"path":"bai_yanwu_02_eff/bai_yanwu_02_eff_06","type":"image","name":"bai_yanwu_02_eff/bai_yanwu_02_eff_06","transform":{"y":-26.02,"x":6.82}},{"path":"bai_yanwu_02_eff/bai_yanwu_02_eff_07","type":"image","name":"bai_yanwu_02_eff/bai_yanwu_02_eff_07","transform":{"y":-26.02,"x":6.82}}],"blendMode":"add","name":"bai_yanwu_02_eff/bai_yanwu_02_eff_01"},{"display":[{"path":"bai_baiyan_01_eff/bai_baiyan_01_eff_00","type":"image","name":"bai_baiyan_01_eff/bai_baiyan_01_eff_00","transform":{"y":-2.89,"skX":89.08,"skY":89.08,"x":87.46}},{"path":"bai_baiyan_01_eff/bai_baiyan_01_eff_01","type":"image","name":"bai_baiyan_01_eff/bai_baiyan_01_eff_01","transform":{"y":-2.89,"skX":89.08,"skY":89.08,"x":87.46}},{"path":"bai_baiyan_01_eff/bai_baiyan_01_eff_02","type":"image","name":"bai_baiyan_01_eff/bai_baiyan_01_eff_02","transform":{"y":-2.89,"skX":89.08,"skY":89.08,"x":87.46}},{"path":"bai_baiyan_01_eff/bai_baiyan_01_eff_03","type":"image","name":"bai_baiyan_01_eff/bai_baiyan_01_eff_03","transform":{"y":-2.89,"skX":89.08,"skY":89.08,"x":87.46}}],"name":"bai_baiyan_01_eff/bai_baiyan_01_eff_0"}],"name":""}],"slot":[{"name":"bai_baiyan_01_eff/bai_baiyan_01_eff_00","parent":"bai_baiyan_01_eff/bai_baiyan_01_eff_00","color":{}},{"z":1,"name":"bai_baiyan_01_eff/bai_baiyan_01_eff_6","parent":"bai_baiyan_01_eff/bai_baiyan_01_eff_6","color":{}},{"z":2,"name":"bai_baiyan_01_eff/bai_baiyan_01_eff_4","parent":"bai_baiyan_01_eff/bai_baiyan_01_eff_4","color":{}},{"z":3,"name":"bai_baiyan_01_eff/bai_baiyan_01_eff_0","parent":"bai_baiyan_01_eff/bai_baiyan_01_eff_0","color":{}},{"z":4,"name":"bai_baiyan_01_eff/bai_baiyan_01_eff_1","parent":"bai_baiyan_01_eff/bai_baiyan_01_eff_1","color":{}},{"z":5,"name":"bai_baiyan_01_eff/bai_baiyan_01_eff_2","parent":"bai_baiyan_01_eff/bai_baiyan_01_eff_2","color":{}},{"z":6,"name":"bai_baiyan_01_eff/bai_baiyan_01_eff_3","parent":"bai_baiyan_01_eff/bai_baiyan_01_eff_3","color":{}},{"z":7,"name":"bai_baiyan_01_eff/bai_baiyan_01_eff_5","parent":"bai_baiyan_01_eff/bai_baiyan_01_eff_5","color":{}},{"blendMode":"add","z":8,"parent":"bai_yanwu_02_eff/bai_yanwu_02_eff_01","name":"bai_yanwu_02_eff/bai_yanwu_02_eff_01","color":{}},{"blendMode":"add","z":9,"parent":"bai_yanwu_02_eff/bai_yanwu_02_eff_1","name":"bai_yanwu_02_eff/bai_yanwu_02_eff_1","color":{}},{"blendMode":"add","z":10,"parent":"bai_yanwu_02_eff/bai_yanwu_02_eff_2","name":"bai_yanwu_02_eff/bai_yanwu_02_eff_2","color":{}},{"blendMode":"add","z":11,"parent":"bai_yanwu_02_eff/bai_yanwu_02_eff_3","name":"bai_yanwu_02_eff/bai_yanwu_02_eff_3","color":{}},{"blendMode":"add","z":12,"parent":"bai_yanwu_02_eff/bai_yanwu_02_eff_4","name":"bai_yanwu_02_eff/bai_yanwu_02_eff_4","color":{}},{"blendMode":"add","z":13,"parent":"bai_yanwu_02_eff/bai_yanwu_02_eff_5","name":"bai_yanwu_02_eff/bai_yanwu_02_eff_5","color":{}},{"blendMode":"add","z":14,"parent":"bai_yanwu_02_eff/bai_yanwu_02_eff_6","name":"bai_yanwu_02_eff/bai_yanwu_02_eff_6","color":{}},{"z":15,"name":"bai_yanwu_04_eff/bai_yanwu_04_eff_01","parent":"bai_yanwu_04_eff/bai_yanwu_04_eff_01","color":{}},{"z":16,"name":"bai_yanwu_04_eff/bai_yanwu_04_eff_1","parent":"bai_yanwu_04_eff/bai_yanwu_04_eff_1","color":{}},{"z":17,"name":"bai_yanwu_04_eff/bai_yanwu_04_eff_2","parent":"bai_yanwu_04_eff/bai_yanwu_04_eff_2","color":{}},{"z":18,"name":"bai_yanwu_04_eff/bai_yanwu_04_eff_3","parent":"bai_yanwu_04_eff/bai_yanwu_04_eff_3","color":{}},{"z":19,"name":"bai_yanwu_04_eff/bai_yanwu_04_eff_4","parent":"bai_yanwu_04_eff/bai_yanwu_04_eff_4","color":{}}],"aabb":{"width":1161.01,"y":-407.40999999999997,"height":429.94513233751144,"x":-565.7},"defaultActions":[{"gotoAndPlay":"000_yanshi"}],"name":"armatureName","ik":[]}],"name":"wj_057_baobi_eff","version":"4.0"}