{"frameRate":60,"isGlobal":0,"armature":[{"bone":[{"inheritScale":false,"name":"0000_fuji","transform":{}},{"inheritScale":false,"transform":{},"name":"0001_diban","parent":"0000_fuji"},{"inheritScale":false,"transform":{},"name":"0004_qizi1_1","parent":"0001_diban"},{"inheritScale":false,"transform":{},"name":"0002_tubiao","parent":"0001_diban"},{"inheritScale":false,"transform":{},"name":"0005_qizi1_2","parent":"0001_diban"}],"type":"Armature","frameRate":60,"animation":[{"bone":[{"frame":[{"tweenEasing":0,"transform":{"y":30},"duration":1},{"tweenEasing":0,"transform":{"y":30},"duration":9},{"tweenEasing":0,"transform":{"scY":1.03,"y":-20,"scX":0.97},"duration":10},{"tweenEasing":0,"transform":{},"duration":10},{"tweenEasing":0,"transform":{"scY":0.98,"y":3,"scX":1.02},"duration":10},{"tweenEasing":0,"transform":{"scY":1.01,"y":-5,"scX":0.99},"duration":10},{"tweenEasing":0,"transform":{"scY":0.99,"y":3,"scX":1.01},"duration":10},{"transform":{},"duration":0}],"name":"0001_diban"},{"frame":[{"tweenEasing":0,"transform":{"y":45,"scX":-1,"x":80.625},"duration":1},{"tweenEasing":0,"transform":{"y":45,"scX":-1,"x":80.625},"duration":9},{"tweenEasing":0,"transform":{"y":45,"skX":10,"skY":10,"scX":-1,"x":80.625},"duration":20},{"tweenEasing":0,"transform":{"y":45,"skX":-5,"skY":-5,"scX":-1,"x":80.625},"duration":15},{"tweenEasing":0,"transform":{"y":45,"skX":2,"skY":2,"scX":-1,"x":80.625},"duration":15},{"transform":{"y":45,"scX":-1,"x":80.625},"duration":0}],"name":"0005_qizi1_2"},{"frame":[{"tweenEasing":0,"transform":{"y":45,"x":-80},"duration":1},{"tweenEasing":0,"transform":{"y":45,"x":-80},"duration":9},{"tweenEasing":0,"transform":{"y":45,"skX":-10,"skY":-10,"x":-80},"duration":20},{"tweenEasing":0,"transform":{"y":45,"skX":5,"skY":5,"x":-80},"duration":15},{"tweenEasing":0,"transform":{"y":45,"skX":-2,"skY":-2,"x":-80},"duration":15},{"transform":{"y":45,"x":-80},"duration":0}],"name":"0004_qizi1_1"},{"frame":[{"tweenEasing":0,"transform":{},"duration":60},{"transform":{},"duration":0}],"name":"0000_fuji"},{"frame":[{"transform":{},"duration":60}],"name":"0002_tubiao"}],"slot":[{"frame":[{"displayIndex":-1,"tweenEasing":0,"duration":1},{"tweenEasing":0,"color":{"aM":0},"duration":9},{"tweenEasing":0,"duration":10},{"tweenEasing":0,"duration":10},{"tweenEasing":0,"duration":10},{"tweenEasing":0,"duration":10},{"tweenEasing":0,"duration":10},{"tweenEasing":null,"duration":0}],"name":"0001_diban"},{"frame":[{"displayIndex":-1,"tweenEasing":0,"duration":1},{"tweenEasing":0,"color":{"aM":0},"duration":9},{"tweenEasing":0,"duration":20},{"tweenEasing":0,"duration":15},{"tweenEasing":0,"duration":15},{"tweenEasing":null,"duration":0}],"name":"0005_qizi1_2"},{"frame":[{"displayIndex":-1,"tweenEasing":0,"duration":1},{"tweenEasing":0,"color":{"aM":0},"duration":9},{"tweenEasing":0,"duration":20},{"tweenEasing":0,"duration":15},{"tweenEasing":0,"duration":15},{"tweenEasing":null,"duration":0}],"name":"0004_qizi1_1"},{"frame":[{"displayIndex":-1,"tweenEasing":0,"duration":60},{"displayIndex":-1,"tweenEasing":null,"duration":0}],"name":"0000_fuji"},{"frame":[{"displayIndex":-1,"tweenEasing":null,"duration":60}],"name":"0002_tubiao"}],"ffd":[],"ik":[],"frame":[],"name":"000_diban1_chuxian","duration":60},{"playTimes":0,"bone":[{"frame":[{"tweenEasing":0,"transform":{},"duration":60},{"tweenEasing":0,"transform":{"scY":1.02,"y":-1,"scX":0.98},"duration":60},{"transform":{},"duration":0}],"name":"0001_diban"},{"frame":[{"tweenEasing":0,"transform":{"y":45,"scX":-1,"x":80.625},"duration":60},{"tweenEasing":0,"transform":{"y":45,"skX":-5,"skY":-5,"scX":-1,"x":80.625},"duration":60},{"transform":{"y":45,"scX":-1,"x":80.625},"duration":0}],"name":"0005_qizi1_2"},{"frame":[{"tweenEasing":0,"transform":{"y":45,"x":-80},"duration":60},{"tweenEasing":0,"transform":{"y":45,"skX":5,"skY":5,"x":-80},"duration":60},{"transform":{"y":45,"x":-80},"duration":0}],"name":"0004_qizi1_1"},{"frame":[{"tweenEasing":0,"transform":{},"duration":60},{"tweenEasing":0,"transform":{"y":-3},"duration":60},{"transform":{},"duration":0}],"name":"0000_fuji"},{"frame":[{"transform":{},"duration":120}],"name":"0002_tubiao"}],"slot":[{"frame":[{"tweenEasing":0,"duration":60},{"tweenEasing":0,"duration":60},{"tweenEasing":null,"duration":0}],"name":"0001_diban"},{"frame":[{"tweenEasing":0,"duration":60},{"tweenEasing":0,"duration":60},{"tweenEasing":null,"duration":0}],"name":"0005_qizi1_2"},{"frame":[{"tweenEasing":0,"duration":60},{"tweenEasing":0,"duration":60},{"tweenEasing":null,"duration":0}],"name":"0004_qizi1_1"},{"frame":[{"displayIndex":-1,"tweenEasing":0,"duration":60},{"displayIndex":-1,"tweenEasing":0,"duration":60},{"displayIndex":-1,"tweenEasing":null,"duration":0}],"name":"0000_fuji"},{"frame":[{"displayIndex":-1,"tweenEasing":null,"duration":120}],"name":"0002_tubiao"}],"ffd":[],"ik":[],"frame":[],"name":"001_diban1_xunhuan","duration":120},{"bone":[{"frame":[{"tweenEasing":0,"transform":{"y":30},"duration":10},{"tweenEasing":0,"transform":{"scY":1.03,"y":-20,"scX":0.97},"duration":10},{"tweenEasing":0,"transform":{},"duration":10},{"tweenEasing":0,"transform":{"scY":0.98,"y":3,"scX":1.02},"duration":10},{"tweenEasing":0,"transform":{"scY":1.01,"y":-5,"scX":0.99},"duration":10},{"tweenEasing":0,"transform":{"scY":0.99,"y":3,"scX":1.01},"duration":10},{"transform":{},"duration":0}],"name":"0001_diban"},{"frame":[{"tweenEasing":0,"transform":{"y":-16,"scX":-1,"x":120},"duration":10},{"tweenEasing":0,"transform":{"y":-16,"skX":10,"skY":10,"scX":-1,"x":120},"duration":20},{"tweenEasing":0,"transform":{"y":-16,"skX":-5,"skY":-5,"scX":-1,"x":120},"duration":15},{"tweenEasing":0,"transform":{"y":-16,"skX":2,"skY":2,"scX":-1,"x":120},"duration":15},{"transform":{"y":-16,"scX":-1,"x":120},"duration":0}],"name":"0005_qizi1_2"},{"frame":[{"tweenEasing":0,"transform":{"y":-16,"x":-120},"duration":10},{"tweenEasing":0,"transform":{"y":-16,"skX":-10,"skY":-10,"x":-120},"duration":20},{"tweenEasing":0,"transform":{"y":-16,"skX":5,"skY":5,"x":-120},"duration":15},{"tweenEasing":0,"transform":{"y":-16,"skX":-2,"skY":-2,"x":-120},"duration":15},{"transform":{"y":-16,"x":-120},"duration":0}],"name":"0004_qizi1_1"},{"frame":[{"tweenEasing":0,"transform":{},"duration":60},{"transform":{},"duration":0}],"name":"0000_fuji"},{"frame":[{"transform":{},"duration":60}],"name":"0002_tubiao"}],"slot":[{"frame":[{"displayIndex":1,"tweenEasing":0,"color":{"aM":0},"duration":10},{"displayIndex":1,"tweenEasing":0,"duration":10},{"displayIndex":1,"tweenEasing":0,"duration":10},{"displayIndex":1,"tweenEasing":0,"duration":10},{"displayIndex":1,"tweenEasing":0,"duration":10},{"displayIndex":1,"tweenEasing":0,"duration":10},{"displayIndex":1,"tweenEasing":null,"duration":0}],"name":"0001_diban"},{"frame":[{"displayIndex":1,"tweenEasing":0,"color":{"aM":0},"duration":10},{"displayIndex":1,"tweenEasing":0,"duration":20},{"displayIndex":1,"tweenEasing":0,"duration":15},{"displayIndex":1,"tweenEasing":0,"duration":15},{"displayIndex":1,"tweenEasing":null,"duration":0}],"name":"0005_qizi1_2"},{"frame":[{"displayIndex":1,"tweenEasing":0,"color":{"aM":0},"duration":10},{"displayIndex":1,"tweenEasing":0,"duration":20},{"displayIndex":1,"tweenEasing":0,"duration":15},{"displayIndex":1,"tweenEasing":0,"duration":15},{"displayIndex":1,"tweenEasing":null,"duration":0}],"name":"0004_qizi1_1"},{"frame":[{"displayIndex":-1,"tweenEasing":0,"duration":60},{"displayIndex":-1,"tweenEasing":null,"duration":0}],"name":"0000_fuji"},{"frame":[{"displayIndex":-1,"tweenEasing":null,"duration":60}],"name":"0002_tubiao"}],"ffd":[],"ik":[],"frame":[],"name":"002_diban2_chuxian","duration":60},{"playTimes":0,"bone":[{"frame":[{"tweenEasing":0,"transform":{},"duration":60},{"tweenEasing":0,"transform":{"scY":1.02,"y":-1,"scX":0.98},"duration":60},{"transform":{},"duration":0}],"name":"0001_diban"},{"frame":[{"tweenEasing":0,"transform":{"y":-16,"scX":-1,"x":120},"duration":60},{"tweenEasing":0,"transform":{"y":-16,"skX":-5,"skY":-5,"scX":-1,"x":120},"duration":60},{"transform":{"y":-16,"scX":-1,"x":120},"duration":0}],"name":"0005_qizi1_2"},{"frame":[{"tweenEasing":0,"transform":{"y":-16,"x":-120},"duration":60},{"tweenEasing":0,"transform":{"y":-16,"skX":5,"skY":5,"x":-120},"duration":60},{"transform":{"y":-16,"x":-120},"duration":0}],"name":"0004_qizi1_1"},{"frame":[{"tweenEasing":0,"transform":{},"duration":60},{"tweenEasing":0,"transform":{"y":-3},"duration":60},{"transform":{},"duration":0}],"name":"0000_fuji"},{"frame":[{"transform":{},"duration":120}],"name":"0002_tubiao"}],"slot":[{"frame":[{"displayIndex":1,"tweenEasing":0,"duration":60},{"displayIndex":1,"tweenEasing":0,"duration":60},{"displayIndex":1,"tweenEasing":null,"duration":0}],"name":"0001_diban"},{"frame":[{"displayIndex":1,"tweenEasing":0,"duration":60},{"displayIndex":1,"tweenEasing":0,"duration":60},{"displayIndex":1,"tweenEasing":null,"duration":0}],"name":"0005_qizi1_2"},{"frame":[{"displayIndex":1,"tweenEasing":0,"duration":60},{"displayIndex":1,"tweenEasing":0,"duration":60},{"displayIndex":1,"tweenEasing":null,"duration":0}],"name":"0004_qizi1_1"},{"frame":[{"displayIndex":-1,"tweenEasing":0,"duration":60},{"displayIndex":-1,"tweenEasing":0,"duration":60},{"displayIndex":-1,"tweenEasing":null,"duration":0}],"name":"0000_fuji"},{"frame":[{"displayIndex":-1,"tweenEasing":null,"duration":120}],"name":"0002_tubiao"}],"ffd":[],"ik":[],"frame":[],"name":"003_diban2_xunhuan","duration":120},{"bone":[{"frame":[{"tweenEasing":0,"transform":{"y":30},"duration":10},{"tweenEasing":0,"transform":{"scY":1.03,"y":-20,"scX":0.97},"duration":10},{"tweenEasing":0,"transform":{},"duration":10},{"tweenEasing":0,"transform":{"scY":0.98,"y":3,"scX":1.02},"duration":10},{"tweenEasing":0,"transform":{"scY":1.01,"y":-5,"scX":0.99},"duration":10},{"tweenEasing":0,"transform":{"scY":0.99,"y":3,"scX":1.01},"duration":10},{"transform":{},"duration":0}],"name":"0001_diban"},{"frame":[{"tweenEasing":0,"transform":{"y":40,"scX":-1,"x":150},"duration":10},{"tweenEasing":0,"transform":{"y":40,"skX":10,"skY":10,"scX":-1,"x":150},"duration":20},{"tweenEasing":0,"transform":{"y":40,"skX":-5,"skY":-5,"scX":-1,"x":150},"duration":15},{"tweenEasing":0,"transform":{"y":40,"skX":2,"skY":2,"scX":-1,"x":150},"duration":15},{"transform":{"y":40,"scX":-1,"x":150},"duration":0}],"name":"0005_qizi1_2"},{"frame":[{"tweenEasing":0,"transform":{"y":40,"x":-140},"duration":10},{"tweenEasing":0,"transform":{"y":40,"skX":-10,"skY":-10,"x":-140},"duration":20},{"tweenEasing":0,"transform":{"y":40,"skX":5,"skY":5,"x":-140},"duration":15},{"tweenEasing":0,"transform":{"y":40,"skX":-2,"skY":-2,"x":-140},"duration":15},{"transform":{"y":40,"x":-140},"duration":0}],"name":"0004_qizi1_1"},{"frame":[{"tweenEasing":0,"transform":{"y":-20,"x":-5},"duration":60},{"transform":{"y":-20,"x":-5},"duration":0}],"name":"0000_fuji"},{"frame":[{"transform":{},"duration":60}],"name":"0002_tubiao"}],"slot":[{"frame":[{"displayIndex":2,"tweenEasing":0,"color":{"aM":0},"duration":10},{"displayIndex":2,"tweenEasing":0,"duration":10},{"displayIndex":2,"tweenEasing":0,"duration":10},{"displayIndex":2,"tweenEasing":0,"duration":10},{"displayIndex":2,"tweenEasing":0,"duration":10},{"displayIndex":2,"tweenEasing":0,"duration":10},{"displayIndex":2,"tweenEasing":null,"duration":0}],"name":"0001_diban"},{"frame":[{"displayIndex":2,"tweenEasing":0,"color":{"aM":0},"duration":10},{"displayIndex":2,"tweenEasing":0,"duration":20},{"displayIndex":2,"tweenEasing":0,"duration":15},{"displayIndex":2,"tweenEasing":0,"duration":15},{"displayIndex":2,"tweenEasing":null,"duration":0}],"name":"0005_qizi1_2"},{"frame":[{"displayIndex":2,"tweenEasing":0,"color":{"aM":0},"duration":10},{"displayIndex":2,"tweenEasing":0,"duration":20},{"displayIndex":2,"tweenEasing":0,"duration":15},{"displayIndex":2,"tweenEasing":0,"duration":15},{"displayIndex":2,"tweenEasing":null,"duration":0}],"name":"0004_qizi1_1"},{"frame":[{"displayIndex":-1,"tweenEasing":0,"duration":60},{"displayIndex":-1,"tweenEasing":null,"duration":0}],"name":"0000_fuji"},{"frame":[{"displayIndex":-1,"tweenEasing":null,"duration":60}],"name":"0002_tubiao"}],"ffd":[],"ik":[],"frame":[],"name":"004_diban3_chuxian","duration":60},{"playTimes":0,"bone":[{"frame":[{"tweenEasing":0,"transform":{},"duration":60},{"tweenEasing":0,"transform":{"scY":1.02,"y":-1,"scX":0.98},"duration":60},{"transform":{},"duration":0}],"name":"0001_diban"},{"frame":[{"tweenEasing":0,"transform":{"y":40,"scX":-1,"x":150},"duration":60},{"tweenEasing":0,"transform":{"y":40,"skX":-5,"skY":-5,"scX":-1,"x":150},"duration":60},{"transform":{"y":40,"scX":-1,"x":150},"duration":0}],"name":"0005_qizi1_2"},{"frame":[{"tweenEasing":0,"transform":{"y":40,"x":-140},"duration":60},{"tweenEasing":0,"transform":{"y":40,"skX":5,"skY":5,"x":-140},"duration":60},{"transform":{"y":40,"x":-140},"duration":0}],"name":"0004_qizi1_1"},{"frame":[{"tweenEasing":0,"transform":{"y":-20,"x":-5},"duration":60},{"tweenEasing":0,"transform":{"y":-23,"x":-5},"duration":60},{"transform":{"y":-20,"x":-5},"duration":0}],"name":"0000_fuji"},{"frame":[{"transform":{},"duration":120}],"name":"0002_tubiao"}],"slot":[{"frame":[{"displayIndex":2,"tweenEasing":0,"duration":60},{"displayIndex":2,"tweenEasing":0,"duration":60},{"displayIndex":2,"tweenEasing":null,"duration":0}],"name":"0001_diban"},{"frame":[{"displayIndex":2,"tweenEasing":0,"duration":60},{"displayIndex":2,"tweenEasing":0,"duration":60},{"displayIndex":2,"tweenEasing":null,"duration":0}],"name":"0005_qizi1_2"},{"frame":[{"displayIndex":2,"tweenEasing":0,"duration":60},{"displayIndex":2,"tweenEasing":0,"duration":60},{"displayIndex":2,"tweenEasing":null,"duration":0}],"name":"0004_qizi1_1"},{"frame":[{"displayIndex":-1,"tweenEasing":0,"duration":60},{"displayIndex":-1,"tweenEasing":0,"duration":60},{"displayIndex":-1,"tweenEasing":null,"duration":0}],"name":"0000_fuji"},{"frame":[{"displayIndex":-1,"tweenEasing":null,"duration":120}],"name":"0002_tubiao"}],"ffd":[],"ik":[],"frame":[],"name":"005_diban3_xunhuan","duration":120},{"bone":[{"frame":[{"tweenEasing":0,"transform":{"y":30},"duration":10},{"tweenEasing":0,"transform":{"scY":1.03,"y":-20,"scX":0.97},"duration":10},{"tweenEasing":0,"transform":{},"duration":10},{"tweenEasing":0,"transform":{"scY":0.98,"y":3,"scX":1.02},"duration":10},{"tweenEasing":0,"transform":{"scY":1.01,"y":-5,"scX":0.99},"duration":10},{"tweenEasing":0,"transform":{"scY":0.99,"y":3,"scX":1.01},"duration":10},{"transform":{},"duration":0}],"name":"0001_diban"},{"frame":[{"tweenEasing":0,"transform":{"y":-60},"duration":10},{"tweenEasing":0,"transform":{"y":-60},"duration":50},{"transform":{"y":-60},"duration":0}],"name":"0002_tubiao"},{"frame":[{"tweenEasing":0,"transform":{"y":-30,"scX":-1,"x":140},"duration":10},{"tweenEasing":0,"transform":{"y":-30,"skX":10,"skY":10,"scX":-1,"x":140},"duration":20},{"tweenEasing":0,"transform":{"y":-30,"skX":-5,"skY":-5,"scX":-1,"x":140},"duration":15},{"tweenEasing":0,"transform":{"y":-30,"skX":2,"skY":2,"scX":-1,"x":140},"duration":15},{"transform":{"y":-30,"scX":-1,"x":140},"duration":0}],"name":"0005_qizi1_2"},{"frame":[{"tweenEasing":0,"transform":{"y":-30,"x":-140},"duration":10},{"tweenEasing":0,"transform":{"y":-30,"skX":-10,"skY":-10,"x":-140},"duration":20},{"tweenEasing":0,"transform":{"y":-30,"skX":5,"skY":5,"x":-140},"duration":15},{"tweenEasing":0,"transform":{"y":-30,"skX":-2,"skY":-2,"x":-140},"duration":15},{"transform":{"y":-30,"x":-140},"duration":0}],"name":"0004_qizi1_1"},{"frame":[{"tweenEasing":0,"transform":{"y":-20},"duration":60},{"transform":{"y":-20},"duration":0}],"name":"0000_fuji"}],"slot":[{"frame":[{"displayIndex":3,"tweenEasing":0,"color":{"aM":0},"duration":10},{"displayIndex":3,"tweenEasing":0,"duration":10},{"displayIndex":3,"tweenEasing":0,"duration":10},{"displayIndex":3,"tweenEasing":0,"duration":10},{"displayIndex":3,"tweenEasing":0,"duration":10},{"displayIndex":3,"tweenEasing":0,"duration":10},{"displayIndex":3,"tweenEasing":null,"duration":0}],"name":"0001_diban"},{"frame":[{"tweenEasing":0,"color":{"aM":0},"duration":10},{"tweenEasing":0,"duration":50},{"tweenEasing":null,"duration":0}],"name":"0002_tubiao"},{"frame":[{"displayIndex":3,"tweenEasing":0,"color":{"aM":0},"duration":10},{"displayIndex":3,"tweenEasing":0,"duration":20},{"displayIndex":3,"tweenEasing":0,"duration":15},{"displayIndex":3,"tweenEasing":0,"duration":15},{"displayIndex":3,"tweenEasing":null,"duration":0}],"name":"0005_qizi1_2"},{"frame":[{"displayIndex":3,"tweenEasing":0,"color":{"aM":0},"duration":10},{"displayIndex":3,"tweenEasing":0,"duration":20},{"displayIndex":3,"tweenEasing":0,"duration":15},{"displayIndex":3,"tweenEasing":0,"duration":15},{"displayIndex":3,"tweenEasing":null,"duration":0}],"name":"0004_qizi1_1"},{"frame":[{"displayIndex":-1,"tweenEasing":0,"duration":60},{"displayIndex":-1,"tweenEasing":null,"duration":0}],"name":"0000_fuji"}],"ffd":[],"ik":[],"frame":[],"name":"006_diban4_chuxian","duration":60},{"playTimes":0,"bone":[{"frame":[{"tweenEasing":0,"transform":{},"duration":60},{"tweenEasing":0,"transform":{"scY":1.02,"y":-1,"scX":0.98},"duration":60},{"transform":{},"duration":0}],"name":"0001_diban"},{"frame":[{"tweenEasing":0,"transform":{"y":-60},"duration":120},{"transform":{"y":-60},"duration":0}],"name":"0002_tubiao"},{"frame":[{"tweenEasing":0,"transform":{"y":-30,"scX":-1,"x":140},"duration":60},{"tweenEasing":0,"transform":{"y":-30,"skX":-5,"skY":-5,"scX":-1,"x":140},"duration":60},{"transform":{"y":-30,"scX":-1,"x":140},"duration":0}],"name":"0005_qizi1_2"},{"frame":[{"tweenEasing":0,"transform":{"y":-30,"x":-140},"duration":60},{"tweenEasing":0,"transform":{"y":-30,"skX":5,"skY":5,"x":-140},"duration":60},{"transform":{"y":-30,"x":-140},"duration":0}],"name":"0004_qizi1_1"},{"frame":[{"tweenEasing":0,"transform":{"y":-20},"duration":60},{"tweenEasing":0,"transform":{"y":-23},"duration":60},{"transform":{"y":-20},"duration":0}],"name":"0000_fuji"}],"slot":[{"frame":[{"displayIndex":3,"tweenEasing":0,"duration":60},{"displayIndex":3,"tweenEasing":0,"duration":60},{"displayIndex":3,"tweenEasing":null,"duration":0}],"name":"0001_diban"},{"frame":[{"tweenEasing":0,"duration":120},{"tweenEasing":null,"duration":0}],"name":"0002_tubiao"},{"frame":[{"displayIndex":3,"tweenEasing":0,"duration":60},{"displayIndex":3,"tweenEasing":0,"duration":60},{"displayIndex":3,"tweenEasing":null,"duration":0}],"name":"0005_qizi1_2"},{"frame":[{"displayIndex":3,"tweenEasing":0,"duration":60},{"displayIndex":3,"tweenEasing":0,"duration":60},{"displayIndex":3,"tweenEasing":null,"duration":0}],"name":"0004_qizi1_1"},{"frame":[{"displayIndex":-1,"tweenEasing":0,"duration":60},{"displayIndex":-1,"tweenEasing":0,"duration":60},{"displayIndex":-1,"tweenEasing":null,"duration":0}],"name":"0000_fuji"}],"ffd":[],"ik":[],"frame":[],"name":"007_diban4_xunhuan","duration":120},{"bone":[{"frame":[{"tweenEasing":0,"transform":{"y":30},"duration":10},{"tweenEasing":0,"transform":{"scY":1.03,"y":-20,"scX":0.97},"duration":10},{"tweenEasing":0,"transform":{},"duration":10},{"tweenEasing":0,"transform":{"scY":0.98,"y":3,"scX":1.02},"duration":10},{"tweenEasing":0,"transform":{"scY":1.01,"y":-5,"scX":0.99},"duration":10},{"tweenEasing":0,"transform":{"scY":0.99,"y":3,"scX":1.01},"duration":10},{"transform":{},"duration":0}],"name":"0001_diban"},{"frame":[{"tweenEasing":0,"transform":{"y":32,"scX":-1,"x":100},"duration":10},{"tweenEasing":0,"transform":{"y":32,"skX":10,"skY":10,"scX":-1,"x":100},"duration":20},{"tweenEasing":0,"transform":{"y":32,"skX":-5,"skY":-5,"scX":-1,"x":100},"duration":15},{"tweenEasing":0,"transform":{"y":32,"skX":2,"skY":2,"scX":-1,"x":100},"duration":15},{"transform":{"y":32,"scX":-1,"x":100},"duration":0}],"name":"0005_qizi1_2"},{"frame":[{"tweenEasing":0,"transform":{"y":32,"x":-100},"duration":10},{"tweenEasing":0,"transform":{"y":32,"skX":-10,"skY":-10,"x":-100},"duration":20},{"tweenEasing":0,"transform":{"y":32,"skX":5,"skY":5,"x":-100},"duration":15},{"tweenEasing":0,"transform":{"y":32,"skX":-2,"skY":-2,"x":-100},"duration":15},{"transform":{"y":32,"x":-100},"duration":0}],"name":"0004_qizi1_1"},{"frame":[{"tweenEasing":0,"transform":{},"duration":60},{"transform":{},"duration":0}],"name":"0000_fuji"},{"frame":[{"transform":{},"duration":60}],"name":"0002_tubiao"}],"slot":[{"frame":[{"displayIndex":5,"tweenEasing":0,"color":{"aM":0},"duration":10},{"displayIndex":5,"tweenEasing":0,"duration":10},{"displayIndex":5,"tweenEasing":0,"duration":10},{"displayIndex":5,"tweenEasing":0,"duration":10},{"displayIndex":5,"tweenEasing":0,"duration":10},{"displayIndex":5,"tweenEasing":0,"duration":10},{"displayIndex":5,"tweenEasing":null,"duration":0}],"name":"0001_diban"},{"frame":[{"displayIndex":4,"tweenEasing":0,"color":{"aM":0},"duration":10},{"displayIndex":4,"tweenEasing":0,"duration":20},{"displayIndex":4,"tweenEasing":0,"duration":15},{"displayIndex":4,"tweenEasing":0,"duration":15},{"displayIndex":4,"tweenEasing":null,"duration":0}],"name":"0005_qizi1_2"},{"frame":[{"displayIndex":5,"tweenEasing":0,"color":{"aM":0},"duration":10},{"displayIndex":5,"tweenEasing":0,"duration":20},{"displayIndex":5,"tweenEasing":0,"duration":15},{"displayIndex":5,"tweenEasing":0,"duration":15},{"displayIndex":5,"tweenEasing":null,"duration":0}],"name":"0004_qizi1_1"},{"frame":[{"displayIndex":-1,"tweenEasing":0,"duration":60},{"displayIndex":-1,"tweenEasing":null,"duration":0}],"name":"0000_fuji"},{"frame":[{"displayIndex":-1,"tweenEasing":null,"duration":60}],"name":"0002_tubiao"}],"ffd":[],"ik":[],"frame":[],"name":"008_diban5_chuxian","duration":60},{"playTimes":0,"bone":[{"frame":[{"tweenEasing":0,"transform":{},"duration":60},{"tweenEasing":0,"transform":{"scY":1.02,"y":-5,"scX":0.98},"duration":60},{"transform":{},"duration":0}],"name":"0001_diban"},{"frame":[{"tweenEasing":0,"transform":{"y":32,"scX":-1,"x":100},"duration":60},{"tweenEasing":0,"transform":{"y":32,"skX":-5,"skY":-5,"scX":-1,"x":100},"duration":60},{"transform":{"y":32,"scX":-1,"x":100},"duration":0}],"name":"0005_qizi1_2"},{"frame":[{"tweenEasing":0,"transform":{"y":32,"x":-100},"duration":60},{"tweenEasing":0,"transform":{"y":32,"skX":5,"skY":5,"x":-100},"duration":60},{"transform":{"y":32,"x":-100},"duration":0}],"name":"0004_qizi1_1"},{"frame":[{"tweenEasing":0,"transform":{},"duration":60},{"tweenEasing":0,"transform":{},"duration":60},{"transform":{},"duration":0}],"name":"0000_fuji"},{"frame":[{"transform":{},"duration":120}],"name":"0002_tubiao"}],"slot":[{"frame":[{"displayIndex":5,"tweenEasing":0,"duration":60},{"displayIndex":5,"tweenEasing":0,"duration":60},{"displayIndex":5,"tweenEasing":null,"duration":0}],"name":"0001_diban"},{"frame":[{"displayIndex":4,"tweenEasing":0,"duration":60},{"displayIndex":4,"tweenEasing":0,"duration":60},{"displayIndex":4,"tweenEasing":null,"duration":0}],"name":"0005_qizi1_2"},{"frame":[{"displayIndex":5,"tweenEasing":0,"duration":60},{"displayIndex":5,"tweenEasing":0,"duration":60},{"displayIndex":5,"tweenEasing":null,"duration":0}],"name":"0004_qizi1_1"},{"frame":[{"displayIndex":-1,"tweenEasing":0,"duration":60},{"displayIndex":-1,"tweenEasing":0,"duration":60},{"displayIndex":-1,"tweenEasing":null,"duration":0}],"name":"0000_fuji"},{"frame":[{"displayIndex":-1,"tweenEasing":null,"duration":120}],"name":"0002_tubiao"}],"ffd":[],"ik":[],"frame":[],"name":"009_diban5_xunhuan","duration":120},{"bone":[{"frame":[{"tweenEasing":0,"transform":{"y":30},"duration":10},{"tweenEasing":0,"transform":{"scY":1.03,"y":-20,"scX":0.97},"duration":10},{"tweenEasing":0,"transform":{},"duration":10},{"tweenEasing":0,"transform":{"scY":0.98,"y":3,"scX":1.02},"duration":10},{"tweenEasing":0,"transform":{"scY":1.01,"y":-5,"scX":0.99},"duration":10},{"tweenEasing":0,"transform":{"scY":0.99,"y":3,"scX":1.01},"duration":10},{"transform":{},"duration":0}],"name":"0001_diban"},{"frame":[{"tweenEasing":0,"transform":{"y":32,"scX":-1,"x":100},"duration":10},{"tweenEasing":0,"transform":{"y":32,"skX":10,"skY":10,"scX":-1,"x":100},"duration":20},{"tweenEasing":0,"transform":{"y":32,"skX":-5,"skY":-5,"scX":-1,"x":100},"duration":15},{"tweenEasing":0,"transform":{"y":32,"skX":2,"skY":2,"scX":-1,"x":100},"duration":15},{"transform":{"y":32,"scX":-1,"x":100},"duration":0}],"name":"0005_qizi1_2"},{"frame":[{"tweenEasing":0,"transform":{"y":32,"x":-100},"duration":10},{"tweenEasing":0,"transform":{"y":32,"skX":-10,"skY":-10,"x":-100},"duration":20},{"tweenEasing":0,"transform":{"y":32,"skX":5,"skY":5,"x":-100},"duration":15},{"tweenEasing":0,"transform":{"y":32,"skX":-2,"skY":-2,"x":-100},"duration":15},{"transform":{"y":32,"x":-100},"duration":0}],"name":"0004_qizi1_1"},{"frame":[{"tweenEasing":0,"transform":{},"duration":60},{"transform":{},"duration":0}],"name":"0000_fuji"},{"frame":[{"transform":{},"duration":60}],"name":"0002_tubiao"}],"slot":[{"frame":[{"displayIndex":6,"tweenEasing":0,"color":{"aM":0},"duration":10},{"displayIndex":6,"tweenEasing":0,"duration":10},{"displayIndex":6,"tweenEasing":0,"duration":10},{"displayIndex":6,"tweenEasing":0,"duration":10},{"displayIndex":6,"tweenEasing":0,"duration":10},{"displayIndex":6,"tweenEasing":0,"duration":10},{"displayIndex":6,"tweenEasing":null,"duration":0}],"name":"0001_diban"},{"frame":[{"displayIndex":5,"tweenEasing":0,"color":{"aM":0},"duration":10},{"displayIndex":5,"tweenEasing":0,"duration":20},{"displayIndex":5,"tweenEasing":0,"duration":15},{"displayIndex":5,"tweenEasing":0,"duration":15},{"displayIndex":5,"tweenEasing":null,"duration":0}],"name":"0005_qizi1_2"},{"frame":[{"displayIndex":6,"tweenEasing":0,"color":{"aM":0},"duration":10},{"displayIndex":6,"tweenEasing":0,"duration":20},{"displayIndex":6,"tweenEasing":0,"duration":15},{"displayIndex":6,"tweenEasing":0,"duration":15},{"displayIndex":6,"tweenEasing":null,"duration":0}],"name":"0004_qizi1_1"},{"frame":[{"displayIndex":-1,"tweenEasing":0,"duration":60},{"displayIndex":-1,"tweenEasing":null,"duration":0}],"name":"0000_fuji"},{"frame":[{"displayIndex":-1,"tweenEasing":null,"duration":60}],"name":"0002_tubiao"}],"ffd":[],"ik":[],"frame":[],"name":"010_diban6_chuxian","duration":60},{"playTimes":0,"bone":[{"frame":[{"tweenEasing":0,"transform":{},"duration":60},{"tweenEasing":0,"transform":{"scY":1.02,"y":-5,"scX":0.98},"duration":60},{"transform":{},"duration":0}],"name":"0001_diban"},{"frame":[{"tweenEasing":0,"transform":{"y":32,"scX":-1,"x":100},"duration":60},{"tweenEasing":0,"transform":{"y":32,"skX":-5,"skY":-5,"scX":-1,"x":100},"duration":60},{"transform":{"y":32,"scX":-1,"x":100},"duration":0}],"name":"0005_qizi1_2"},{"frame":[{"tweenEasing":0,"transform":{"y":32,"x":-100},"duration":60},{"tweenEasing":0,"transform":{"y":32,"skX":5,"skY":5,"x":-100},"duration":60},{"transform":{"y":32,"x":-100},"duration":0}],"name":"0004_qizi1_1"},{"frame":[{"tweenEasing":0,"transform":{},"duration":60},{"tweenEasing":0,"transform":{},"duration":60},{"transform":{},"duration":0}],"name":"0000_fuji"},{"frame":[{"transform":{},"duration":120}],"name":"0002_tubiao"}],"slot":[{"frame":[{"displayIndex":6,"tweenEasing":0,"duration":60},{"displayIndex":6,"tweenEasing":0,"duration":60},{"displayIndex":6,"tweenEasing":null,"duration":0}],"name":"0001_diban"},{"frame":[{"displayIndex":5,"tweenEasing":0,"duration":60},{"displayIndex":5,"tweenEasing":0,"duration":60},{"displayIndex":5,"tweenEasing":null,"duration":0}],"name":"0005_qizi1_2"},{"frame":[{"displayIndex":6,"tweenEasing":0,"duration":60},{"displayIndex":6,"tweenEasing":0,"duration":60},{"displayIndex":6,"tweenEasing":null,"duration":0}],"name":"0004_qizi1_1"},{"frame":[{"displayIndex":-1,"tweenEasing":0,"duration":60},{"displayIndex":-1,"tweenEasing":0,"duration":60},{"displayIndex":-1,"tweenEasing":null,"duration":0}],"name":"0000_fuji"},{"frame":[{"displayIndex":-1,"tweenEasing":null,"duration":120}],"name":"0002_tubiao"}],"ffd":[],"ik":[],"frame":[],"name":"011_diban6_xunhuan","duration":120},{"bone":[{"frame":[{"tweenEasing":0,"transform":{"y":30},"duration":10},{"tweenEasing":0,"transform":{"scY":1.03,"y":-20,"scX":0.97},"duration":10},{"tweenEasing":0,"transform":{},"duration":10},{"tweenEasing":0,"transform":{"scY":0.98,"y":3,"scX":1.02},"duration":10},{"tweenEasing":0,"transform":{"scY":1.01,"y":-5,"scX":0.99},"duration":10},{"tweenEasing":0,"transform":{"scY":0.99,"y":3,"scX":1.01},"duration":10},{"transform":{},"duration":0}],"name":"0001_diban"},{"frame":[{"tweenEasing":0,"transform":{"y":30,"scX":-1,"x":265},"duration":10},{"tweenEasing":0,"transform":{"y":30,"skX":10,"skY":10,"scX":-1,"x":265},"duration":20},{"tweenEasing":0,"transform":{"y":30,"skX":-5,"skY":-5,"scX":-1,"x":265},"duration":15},{"tweenEasing":0,"transform":{"y":30,"skX":2,"skY":2,"scX":-1,"x":265},"duration":15},{"transform":{"y":30,"scX":-1,"x":265},"duration":0}],"name":"0005_qizi1_2"},{"frame":[{"tweenEasing":0,"transform":{"y":30,"x":-265},"duration":10},{"tweenEasing":0,"transform":{"y":30,"skX":-10,"skY":-10,"x":-265},"duration":20},{"tweenEasing":0,"transform":{"y":30,"skX":5,"skY":5,"x":-265},"duration":15},{"tweenEasing":0,"transform":{"y":30,"skX":-2,"skY":-2,"x":-265},"duration":15},{"transform":{"y":30,"x":-265},"duration":0}],"name":"0004_qizi1_1"},{"frame":[{"tweenEasing":0,"transform":{},"duration":60},{"transform":{},"duration":0}],"name":"0000_fuji"},{"frame":[{"transform":{},"duration":60}],"name":"0002_tubiao"}],"slot":[{"frame":[{"displayIndex":7,"tweenEasing":0,"color":{"aM":0},"duration":10},{"displayIndex":7,"tweenEasing":0,"duration":10},{"displayIndex":7,"tweenEasing":0,"duration":10},{"displayIndex":7,"tweenEasing":0,"duration":10},{"displayIndex":7,"tweenEasing":0,"duration":10},{"displayIndex":7,"tweenEasing":0,"duration":10},{"displayIndex":7,"tweenEasing":null,"duration":0}],"name":"0001_diban"},{"frame":[{"displayIndex":6,"tweenEasing":0,"color":{"aM":0},"duration":10},{"displayIndex":6,"tweenEasing":0,"duration":20},{"displayIndex":6,"tweenEasing":0,"duration":15},{"displayIndex":6,"tweenEasing":0,"duration":15},{"displayIndex":6,"tweenEasing":null,"duration":0}],"name":"0005_qizi1_2"},{"frame":[{"displayIndex":7,"tweenEasing":0,"color":{"aM":0},"duration":10},{"displayIndex":7,"tweenEasing":0,"duration":20},{"displayIndex":7,"tweenEasing":0,"duration":15},{"displayIndex":7,"tweenEasing":0,"duration":15},{"displayIndex":7,"tweenEasing":null,"duration":0}],"name":"0004_qizi1_1"},{"frame":[{"displayIndex":-1,"tweenEasing":0,"duration":60},{"displayIndex":-1,"tweenEasing":null,"duration":0}],"name":"0000_fuji"},{"frame":[{"displayIndex":-1,"tweenEasing":null,"duration":60}],"name":"0002_tubiao"}],"ffd":[],"ik":[],"frame":[],"name":"012_diban7_chuxian","duration":60},{"playTimes":0,"bone":[{"frame":[{"tweenEasing":0,"transform":{},"duration":60},{"tweenEasing":0,"transform":{"scY":1.02,"y":-5,"scX":0.98},"duration":60},{"transform":{},"duration":0}],"name":"0001_diban"},{"frame":[{"tweenEasing":0,"transform":{"y":30,"scX":-1,"x":265},"duration":60},{"tweenEasing":0,"transform":{"y":30,"skX":-5,"skY":-5,"scX":-1,"x":265},"duration":60},{"transform":{"y":30,"scX":-1,"x":265},"duration":0}],"name":"0005_qizi1_2"},{"frame":[{"tweenEasing":0,"transform":{"y":30,"x":-265},"duration":60},{"tweenEasing":0,"transform":{"y":30,"skX":5,"skY":5,"x":-265},"duration":60},{"transform":{"y":30,"x":-265},"duration":0}],"name":"0004_qizi1_1"},{"frame":[{"tweenEasing":0,"transform":{},"duration":60},{"tweenEasing":0,"transform":{},"duration":60},{"transform":{},"duration":0}],"name":"0000_fuji"},{"frame":[{"transform":{},"duration":120}],"name":"0002_tubiao"}],"slot":[{"frame":[{"displayIndex":7,"tweenEasing":0,"duration":60},{"displayIndex":7,"tweenEasing":0,"duration":60},{"displayIndex":7,"tweenEasing":null,"duration":0}],"name":"0001_diban"},{"frame":[{"displayIndex":6,"tweenEasing":0,"duration":60},{"displayIndex":6,"tweenEasing":0,"duration":60},{"displayIndex":6,"tweenEasing":null,"duration":0}],"name":"0005_qizi1_2"},{"frame":[{"displayIndex":7,"tweenEasing":0,"duration":60},{"displayIndex":7,"tweenEasing":0,"duration":60},{"displayIndex":7,"tweenEasing":null,"duration":0}],"name":"0004_qizi1_1"},{"frame":[{"displayIndex":-1,"tweenEasing":0,"duration":60},{"displayIndex":-1,"tweenEasing":0,"duration":60},{"displayIndex":-1,"tweenEasing":null,"duration":0}],"name":"0000_fuji"},{"frame":[{"displayIndex":-1,"tweenEasing":null,"duration":120}],"name":"0002_tubiao"}],"ffd":[],"ik":[],"frame":[],"name":"013_diban7_xunhuan","duration":120}],"defaultActions":[{"gotoAndPlay":"000_diban1_chuxian"}],"aabb":{"width":239,"y":-62,"height":124,"x":-119.5},"ik":[],"name":"armatureName","skin":[{"slot":[{"display":[{"path":"ui_baitidiban01_ima/ui_baitidiban01_02","type":"image","name":"ui_baitidiban01_ima/ui_baitidiban01_02","transform":{"y":-14.664,"x":-20.664}},{"path":"ui_baitidiban02_ima/ui_baitidiban02_02","type":"image","name":"ui_baitidiban02_ima/ui_baitidiban02_02","transform":{"y":19.5988,"x":-11.2008}},{"path":"ui_baitidiban03_ima/ui_baitidiban03_02","type":"image","name":"ui_baitidiban03_ima/ui_baitidiban03_02","transform":{"y":-7.5,"x":-39.4998}},{"path":"ui_baitidiban04_ima/ui_baitidiban04_02","type":"image","name":"ui_baitidiban04_ima/ui_baitidiban04_02","transform":{"y":22.002,"x":-13.1022}},{"path":"ui_tongyong_01_ima/qizi2","type":"image","name":"ui_tongyong_01_ima/qizi2","transform":{"y":-0.6917,"x":-0.8143}},{"path":"ui_baitidiban05_ima/ui_baitidiban05_02","type":"image","name":"ui_baitidiban05_ima/ui_baitidiban05_02","transform":{"y":-15.9984,"x":-25.498}},{"path":"ui_baitidiban06_ima/ui_baitidiban06_02","type":"image","name":"ui_baitidiban06_ima/ui_baitidiban06_02","transform":{"y":-15.9984,"x":-25.9982}},{"path":"ui_baitidiban07_ima/ui_baitidiban07_02","type":"image","name":"ui_baitidiban07_ima/ui_baitidiban07_02","transform":{"y":-15.6672,"x":-0.8262}}],"name":"0004_qizi1_1"},{"display":[{"path":"ui_baitidiban01_ima/ui_baitidiban01_01","type":"image","name":"ui_baitidiban01_ima/ui_baitidiban01_01","transform":{}},{"path":"ui_baitidiban02_ima/ui_baitidiban02_01","type":"image","name":"ui_baitidiban02_ima/ui_baitidiban02_01","transform":{}},{"path":"ui_baitidiban03_ima/ui_baitidiban03_01","type":"image","name":"ui_baitidiban03_ima/ui_baitidiban03_01","transform":{}},{"path":"ui_baitidiban04_ima/ui_baitidiban04_01","type":"image","name":"ui_baitidiban04_ima/ui_baitidiban04_01","transform":{}},{"path":"ui_tongyong_01_ima/qizi1","type":"image","name":"ui_tongyong_01_ima/qizi1","transform":{"y":-0.5,"x":-0.5}},{"path":"ui_baitidiban05_ima/ui_baitidiban05_01","type":"image","name":"ui_baitidiban05_ima/ui_baitidiban05_01","transform":{}},{"path":"ui_baitidiban06_ima/ui_baitidiban06_01","type":"image","name":"ui_baitidiban06_ima/ui_baitidiban06_01","transform":{}},{"path":"ui_baitidiban07_ima/ui_baitidiban07_01","type":"image","name":"ui_baitidiban07_ima/ui_baitidiban07_01","transform":{}}],"name":"0001_diban"},{"display":[{"path":"ui_biaotiban_tongyong/BoardTipOrn","type":"image","name":"ui_biaotiban_tongyong/BoardTipOrn","transform":{}}],"name":"0002_tubiao"},{"display":[{"path":"ui_baitidiban01_ima/ui_baitidiban01_02","type":"image","name":"ui_baitidiban01_ima/ui_baitidiban01_02","transform":{"y":-14.664,"x":-20.664}},{"path":"ui_baitidiban02_ima/ui_baitidiban02_02","type":"image","name":"ui_baitidiban02_ima/ui_baitidiban02_02","transform":{"y":19.5988,"x":-11.2008}},{"path":"ui_baitidiban03_ima/ui_baitidiban03_02","type":"image","name":"ui_baitidiban03_ima/ui_baitidiban03_02","transform":{"y":-7.5,"x":-39.4998}},{"path":"ui_baitidiban04_ima/ui_baitidiban04_02","type":"image","name":"ui_baitidiban04_ima/ui_baitidiban04_02","transform":{"y":22.002,"x":-13.1022}},{"path":"ui_baitidiban05_ima/ui_baitidiban05_02","type":"image","name":"ui_baitidiban05_ima/ui_baitidiban05_02","transform":{"y":-15.9984,"x":-25.498}},{"path":"ui_baitidiban06_ima/ui_baitidiban06_02","type":"image","name":"ui_baitidiban06_ima/ui_baitidiban06_02","transform":{"y":-15.9984,"x":-25.9982}},{"path":"ui_baitidiban07_ima/ui_baitidiban07_02","type":"image","name":"ui_baitidiban07_ima/ui_baitidiban07_02","transform":{"y":-15.6672,"x":-0.8262}}],"name":"0005_qizi1_2"}],"name":""}],"slot":[{"displayIndex":-1,"name":"0000_fuji","parent":"0000_fuji","color":{}},{"z":1,"name":"0004_qizi1_1","parent":"0004_qizi1_1","color":{}},{"z":2,"name":"0005_qizi1_2","parent":"0005_qizi1_2","color":{}},{"z":3,"name":"0002_tubiao","parent":"0002_tubiao","color":{}},{"z":4,"name":"0001_diban","parent":"0001_diban","color":{}}]}],"name":"ui_tongyong_diban","version":"4.0"}