{"frameRate":30,"isGlobal":0,"armature":[{"bone":[{"name":"root","transform":{}},{"transform":{},"name":"Fuji","parent":"root"},{"transform":{"y":-256.76},"name":"buff_up","parent":"root"},{"transform":{},"name":"buff_flo","parent":"root"},{"transform":{"y":-80.64},"name":"buff_mid","parent":"root"},{"transform":{"y":-40,"x":3},"name":"bip","parent":"Fuji"},{"length":112,"transform":{"y":27.06,"skX":-85,"skY":-85,"x":-1.93},"parent":"bip","name":"Body"},{"length":29,"transform":{"y":-1.55,"skX":90,"skY":90,"x":13.77},"parent":"bip","name":"Leg_L"},{"length":25,"transform":{"y":9.09,"skX":94.85,"skY":94.85,"x":-8.49},"parent":"bip","name":"Leg_R"},{"transform":{"y":13.73,"skX":-5,"skY":-5,"x":75.35},"name":"Brow_R","parent":"Body"},{"length":28,"transform":{"y":14.06,"skX":15.49,"skY":15.49,"x":90.81},"parent":"Body","name":"Ear_L"},{"length":16,"transform":{"y":0.46,"skX":-75.77,"skY":-75.77,"x":28.32},"parent":"Leg_L","name":"Foot_L"},{"transform":{"y":47.76,"skX":-5,"skY":-5,"x":75.79},"name":"Brow_L","parent":"Body"},{"length":40,"transform":{"y":-11.83,"skX":-18.91,"skY":-18.91,"x":68.47},"parent":"Body","name":"Ear_R"},{"length":17,"transform":{"y":0.87,"skX":-77.12,"skY":-77.12,"x":26.19},"parent":"Leg_R","name":"Foot_R"},{"length":27,"transform":{"y":-24.71,"skX":-73.73,"skY":-73.73,"x":19.34},"parent":"Body","name":"Tail"},{"length":41,"transform":{"y":33.75,"skX":117.11,"skY":117.11,"x":32.89},"parent":"Body","name":"Hand_L"},{"length":43,"transform":{"y":-17.12,"skX":-133.15,"skY":-133.15,"x":26.27},"parent":"Body","name":"Hand_R"},{"length":27,"transform":{"y":0.14,"skX":16.45,"skY":16.45,"x":26.81},"parent":"Ear_L","name":"Ear_L2"},{"length":19,"transform":{"y":-0.12,"skX":5.21,"skY":5.21,"x":16.42},"parent":"Foot_L","name":"Foot_L2"},{"length":30,"transform":{"y":-0.03,"skX":-12.99,"skY":-12.99,"x":27.74},"parent":"Tail","name":"Tail2"},{"length":20,"transform":{"skX":11.45,"skY":11.45,"x":17.92},"parent":"Foot_R","name":"Foot_R2"},{"length":34,"transform":{"y":0.06,"skX":-2.44,"skY":-2.44,"x":40.46},"parent":"Ear_R","name":"Ear_R2"},{"length":46,"transform":{"y":0.01,"skX":102.69,"skY":102.69,"x":30.87},"parent":"Tail2","name":"Tail3"},{"length":38,"transform":{"skX":-112.75,"skY":-112.75,"x":46.79},"parent":"Tail3","name":"Tail4"},{"length":34,"transform":{"y":0.55,"skX":92.58,"skY":92.58,"x":38.58},"parent":"Tail4","name":"Tail5"},{"length":27,"transform":{"y":-0.87,"skX":10.32,"skY":10.32,"x":34.65},"parent":"Tail5","name":"Tail6"},{"length":34,"transform":{"y":0.01,"skX":8.82,"skY":8.82,"x":27.78},"parent":"Tail6","name":"Tail7"}],"type":"Armature","ik":[],"defaultActions":[{"gotoAndPlay":"0000_daiji"}],"animation":[{"ik":[],"frame":[],"slot":[{"frame":[{"displayIndex":-1,"tweenEasing":0,"duration":53},{"tweenEasing":0,"duration":3},{"displayIndex":-1,"tweenEasing":0,"duration":24},{"displayIndex":-1,"tweenEasing":null,"duration":0}],"name":"Eye"}],"ffd":[],"bone":[{"frame":[{"transform":{},"duration":80}],"name":"Fuji"},{"frame":[{"curve":[0.25,0,0.75,1],"transform":{},"duration":20},{"curve":[0.25,0,0.75,1],"transform":{"y":-3.26},"duration":40},{"curve":[0.25,0,0.75,1],"transform":{"y":-3.26},"duration":20},{"transform":{},"duration":0}],"name":"bip"},{"frame":[{"curve":[0.348,0.65,0.682,1],"transform":{"scY":0.999,"skX":-0.02,"skY":-0.02},"duration":1},{"curve":[0.25,0,0.75,1],"transform":{},"duration":20},{"curve":[0.25,0,0.75,1],"transform":{"scY":0.973,"skX":-1.37,"skY":-1.37,"scX":1.032},"duration":20},{"curve":[0.25,0,0.75,1],"transform":{},"duration":20},{"curve":[0.247,0,0.729,0.9],"transform":{"scY":0.973,"skX":-1.37,"skY":-1.37,"scX":1.032},"duration":19},{"transform":{"scY":0.999,"skX":-0.02,"skY":-0.02},"duration":0}],"name":"Body"},{"frame":[{"curve":[0.359,0.64,0.695,1],"transform":{"skX":-14.28,"skY":-14.28},"duration":2},{"curve":[0.25,0,0.75,1],"transform":{"skX":-15.19,"skY":-15.19},"duration":20},{"curve":[0.25,0,0.75,1],"transform":{"skX":-0.61,"skY":-0.61},"duration":20},{"curve":[0.25,0,0.75,1],"transform":{"skX":-15.19,"skY":-15.19},"duration":20},{"curve":[0.25,0,0.75,1],"transform":{"skX":-0.61,"skY":-0.61},"duration":18},{"transform":{"skX":-14.28,"skY":-14.28},"duration":0}],"name":"Tail"},{"frame":[{"curve":[0.374,0.61,0.715,1],"transform":{"skX":-5.75,"skY":-5.75},"duration":4},{"curve":[0.25,0,0.75,1],"transform":{"skX":-8.94,"skY":-8.94},"duration":20},{"curve":[0.25,0,0.75,1],"transform":{"skX":10.63,"skY":10.63},"duration":20},{"curve":[0.25,0,0.75,1],"transform":{"skX":-8.94,"skY":-8.94},"duration":20},{"curve":[0.25,0,0.75,1],"transform":{"skX":10.63,"skY":10.63},"duration":16},{"transform":{"skX":-5.75,"skY":-5.75},"duration":0}],"name":"Tail2"},{"frame":[{"curve":[0.381,0.58,0.731,1],"transform":{"skX":14.64,"skY":14.64},"duration":6},{"curve":[0.25,0,0.75,1],"transform":{"skX":21.63,"skY":21.63},"duration":20},{"curve":[0.25,0,0.75,1],"transform":{"skX":-7.22,"skY":-7.22},"duration":20},{"curve":[0.25,0,0.75,1],"transform":{"skX":21.63,"skY":21.63},"duration":20},{"curve":[0.242,0,0.655,0.62],"transform":{"skX":-7.22,"skY":-7.22},"duration":14},{"transform":{"skX":14.64,"skY":14.64},"duration":0}],"name":"Tail3"},{"frame":[{"curve":[0.381,0.54,0.742,1],"transform":{"skX":2.06,"skY":2.06},"duration":8},{"curve":[0.25,0,0.75,1],"transform":{"skX":-17.48,"skY":-17.48},"duration":20},{"curve":[0.25,0,0.75,1],"transform":{"skX":35.65,"skY":35.65},"duration":20},{"curve":[0.25,0,0.75,1],"transform":{"skX":-17.48,"skY":-17.48},"duration":20},{"curve":[0.245,0,0.637,0.55],"transform":{"skX":35.65,"skY":35.65},"duration":12},{"transform":{"skX":2.06,"skY":2.06},"duration":0}],"name":"Tail4"},{"frame":[{"curve":[0.375,0.5,0.75,1],"transform":{"skX":-5.98,"skY":-5.98},"duration":10},{"curve":[0.25,0,0.75,1],"transform":{"skX":18.69,"skY":18.69},"duration":20},{"curve":[0.25,0,0.75,1],"transform":{"skX":-30.66,"skY":-30.66},"duration":20},{"curve":[0.25,0,0.75,1],"transform":{"skX":18.69,"skY":18.69},"duration":20},{"curve":[0.25,0,0.625,0.5],"transform":{"skX":-30.66,"skY":-30.66},"duration":10},{"transform":{"skX":-5.98,"skY":-5.98},"duration":0}],"name":"Tail5"},{"frame":[{"curve":[0.362,0.44,0.754,1],"transform":{"skX":2.98,"skY":2.98},"duration":12},{"curve":[0.25,0,0.75,1],"transform":{"skX":-11.12,"skY":-11.12},"duration":20},{"curve":[0.25,0,0.75,1],"transform":{"skX":11.19,"skY":11.19},"duration":20},{"curve":[0.25,0,0.75,1],"transform":{"skX":-11.12,"skY":-11.12},"duration":20},{"curve":[0.257,0,0.618,0.45],"transform":{"skX":11.19,"skY":11.19},"duration":8},{"transform":{"skX":2.98,"skY":2.98},"duration":0}],"name":"Tail6"},{"frame":[{"curve":[0.344,0.37,0.757,1],"transform":{"skX":8.94,"skY":8.94},"duration":14},{"curve":[0.25,0,0.75,1],"transform":{"skX":-10.92,"skY":-10.92},"duration":20},{"curve":[0.25,0,0.75,1],"transform":{"skX":15.29,"skY":15.29},"duration":20},{"curve":[0.25,0,0.75,1],"transform":{"skX":-10.92,"skY":-10.92},"duration":20},{"curve":[0.268,0,0.618,0.41],"transform":{"skX":15.29,"skY":15.29},"duration":6},{"transform":{"skX":8.94,"skY":8.94},"duration":0}],"name":"Tail7"},{"frame":[{"curve":[0.359,0.64,0.695,1],"transform":{"skX":0.42,"skY":0.42,"x":0.04},"duration":2},{"curve":[0.25,0,0.75,1],"transform":{},"duration":20},{"curve":[0.25,0,0.75,1],"transform":{"y":-0.07,"skX":10.05,"skY":10.05,"x":1.06},"duration":20},{"curve":[0.25,0,0.75,1],"transform":{},"duration":20},{"curve":[0.245,0,0.71,0.83],"transform":{"y":-0.07,"skX":10.05,"skY":10.05,"x":1.06},"duration":18},{"transform":{"skX":0.42,"skY":0.42,"x":0.04},"duration":0}],"name":"Hand_R"},{"frame":[{"curve":[0.368,0.62,0.706,1],"transform":{"skX":-0.87,"skY":-0.87,"x":0.08},"duration":3},{"curve":[0.25,0,0.75,1],"transform":{},"duration":20},{"curve":[0.25,0,0.75,1],"transform":{"y":-0.07,"skX":-10.58,"skY":-10.58,"x":1.06},"duration":20},{"curve":[0.25,0,0.75,1],"transform":{},"duration":20},{"curve":[0.243,0,0.694,0.76],"transform":{"y":-0.07,"skX":-10.58,"skY":-10.58,"x":1.06},"duration":17},{"transform":{"skX":-0.87,"skY":-0.87,"x":0.08},"duration":0}],"name":"Hand_L"},{"frame":[{"curve":[0.368,0.62,0.706,1],"transform":{"skX":-7.02,"skY":-7.02},"duration":3},{"curve":[0.25,0,0.75,1],"transform":{"skX":-7.45,"skY":-7.45},"duration":20},{"curve":[0.25,0,0.75,1],"transform":{"skX":-2.25,"skY":-2.25},"duration":20},{"curve":[0.25,0,0.75,1],"transform":{"skX":-7.45,"skY":-7.45},"duration":20},{"curve":[0.243,0,0.694,0.76],"transform":{"skX":-2.25,"skY":-2.25},"duration":17},{"transform":{"skX":-7.02,"skY":-7.02},"duration":0}],"name":"Ear_R"},{"frame":[{"curve":[0.379,0.6,0.724,1],"transform":{"skX":-16.25,"skY":-16.25},"duration":5},{"curve":[0.25,0,0.75,1],"transform":{"skX":-17.98,"skY":-17.98},"duration":20},{"curve":[0.25,0,0.75,1],"transform":{"skX":-8.6,"skY":-8.6},"duration":20},{"curve":[0.25,0,0.75,1],"transform":{"skX":-17.98,"skY":-17.98},"duration":20},{"curve":[0.242,0,0.666,0.66],"transform":{"skX":-8.6,"skY":-8.6},"duration":15},{"transform":{"skX":-16.25,"skY":-16.25},"duration":0}],"name":"Ear_R2"},{"frame":[{"curve":[0.379,0.6,0.724,1],"transform":{"skX":3.5,"skY":3.5},"duration":5},{"curve":[0.25,0,0.75,1],"transform":{"skX":4.29,"skY":4.29},"duration":20},{"curve":[0.25,0,0.75,1],"transform":{},"duration":20},{"curve":[0.25,0,0.75,1],"transform":{"skX":4.29,"skY":4.29},"duration":20},{"curve":[0.242,0,0.666,0.66],"transform":{},"duration":15},{"transform":{"skX":3.5,"skY":3.5},"duration":0}],"name":"Ear_L"},{"frame":[{"curve":[0.382,0.56,0.737,1],"transform":{"skX":3.86,"skY":3.86},"duration":7},{"curve":[0.25,0,0.75,1],"transform":{"skX":5.55,"skY":5.55},"duration":20},{"curve":[0.25,0,0.75,1],"transform":{},"duration":20},{"curve":[0.25,0,0.75,1],"transform":{"skX":5.55,"skY":5.55},"duration":20},{"curve":[0.243,0,0.645,0.58],"transform":{},"duration":13},{"transform":{"skX":3.86,"skY":3.86},"duration":0}],"name":"Ear_L2"},{"frame":[{"curve":[0.368,0.62,0.706,1],"transform":{"y":0.1,"skX":0.15,"skY":0.15,"x":0.12},"duration":3},{"curve":[0.25,0,0.75,1],"transform":{},"duration":20},{"curve":[0.25,0,0.75,1],"transform":{"y":1.23,"skX":1.86,"skY":1.86,"x":1.53},"duration":20},{"curve":[0.25,0,0.75,1],"transform":{},"duration":20},{"curve":[0.243,0,0.694,0.76],"transform":{"y":1.23,"skX":1.86,"skY":1.86,"x":1.53},"duration":17},{"transform":{"y":0.1,"skX":0.15,"skY":0.15,"x":0.12},"duration":0}],"name":"Brow_R"},{"frame":[{"curve":[0.359,0.64,0.695,1],"transform":{"y":-0.02,"skX":0.09,"skY":0.09,"x":0.05},"duration":2},{"curve":[0.25,0,0.75,1],"transform":{},"duration":20},{"curve":[0.25,0,0.75,1],"transform":{"y":-0.52,"skX":2.19,"skY":2.19,"x":1.27},"duration":20},{"curve":[0.25,0,0.75,1],"transform":{},"duration":20},{"curve":[0.245,0,0.71,0.83],"transform":{"y":-0.52,"skX":2.19,"skY":2.19,"x":1.27},"duration":18},{"transform":{"y":-0.02,"skX":0.09,"skY":0.09,"x":0.05},"duration":0}],"name":"Brow_L"},{"frame":[{"curve":[0.25,0,0.75,1],"transform":{},"duration":20},{"curve":[0.25,0,0.75,1],"transform":{"y":1.05,"skX":-0.92,"skY":-0.92,"scX":1.048},"duration":40},{"curve":[0.25,0,0.75,1],"transform":{"y":1.05,"skX":-0.92,"skY":-0.92,"scX":1.048},"duration":20},{"transform":{},"duration":0}],"name":"Leg_R"},{"frame":[{"curve":[0.25,0,0.75,1],"transform":{},"duration":20},{"curve":[0.25,0,0.75,1],"transform":{"skX":0.33,"skY":0.33},"duration":40},{"curve":[0.25,0,0.75,1],"transform":{"skX":0.33,"skY":0.33},"duration":20},{"transform":{},"duration":0}],"name":"Foot_R"},{"frame":[{"curve":[0.25,0,0.75,1],"transform":{},"duration":20},{"curve":[0.25,0,0.75,1],"transform":{"skX":3.28,"skY":3.28},"duration":40},{"curve":[0.25,0,0.75,1],"transform":{"skX":3.28,"skY":3.28},"duration":20},{"transform":{},"duration":0}],"name":"Foot_R2"},{"frame":[{"curve":[0.25,0,0.75,1],"transform":{},"duration":20},{"curve":[0.25,0,0.75,1],"transform":{"y":1.48,"skX":-0.61,"skY":-0.61,"scX":1.018},"duration":40},{"curve":[0.25,0,0.75,1],"transform":{"y":1.48,"skX":-0.61,"skY":-0.61,"scX":1.018},"duration":20},{"transform":{},"duration":0}],"name":"Leg_L"},{"frame":[{"curve":[0.25,0,0.75,1],"transform":{},"duration":20},{"curve":[0.25,0,0.75,1],"transform":{"skX":-0.37,"skY":-0.37},"duration":40},{"curve":[0.25,0,0.75,1],"transform":{"skX":-0.37,"skY":-0.37},"duration":20},{"transform":{},"duration":0}],"name":"Foot_L"},{"frame":[{"curve":[0.25,0,0.75,1],"transform":{},"duration":20},{"curve":[0.25,0,0.75,1],"transform":{"skX":5.28,"skY":5.28},"duration":40},{"curve":[0.25,0,0.75,1],"transform":{"skX":5.28,"skY":5.28},"duration":20},{"transform":{},"duration":0}],"name":"Foot_L2"},{"frame":[{"transform":{},"duration":80}],"name":"root"},{"frame":[{"transform":{},"duration":80}],"name":"buff_up"},{"frame":[{"transform":{},"duration":80}],"name":"buff_flo"},{"frame":[{"transform":{},"duration":80}],"name":"buff_mid"}],"name":"0000_daiji","duration":80},{"ik":[],"frame":[],"slot":[{"frame":[{"displayIndex":-1,"tweenEasing":0,"duration":30},{"displayIndex":-1,"tweenEasing":null,"duration":0}],"name":"Eye"}],"ffd":[],"bone":[{"frame":[{"transform":{},"duration":30}],"name":"Fuji"},{"frame":[{"tweenEasing":0,"transform":{"y":-1.26,"x":-9.08},"duration":3},{"tweenEasing":0,"transform":{"y":-20.05,"skX":2,"skY":2,"x":-1.99},"duration":3},{"tweenEasing":0,"transform":{"y":-40.07,"skX":1.5,"skY":1.5,"x":-0.99},"duration":3},{"tweenEasing":0,"transform":{"y":-47.18,"skX":0.5,"skY":0.5,"x":0.66},"duration":3},{"tweenEasing":0,"transform":{"y":-50.26,"x":1.91},"duration":3},{"tweenEasing":0,"transform":{"y":-46.06,"skX":-3,"skY":-3,"x":3.9},"duration":3},{"tweenEasing":0,"transform":{"y":-36.1,"skX":-8,"skY":-8,"x":5.99},"duration":3},{"tweenEasing":0,"transform":{"y":-9.96,"skX":-10,"skY":-10,"x":7.89},"duration":3},{"tweenEasing":0,"transform":{"y":7.73,"x":6.91},"duration":3},{"tweenEasing":0,"transform":{"y":4.81,"skX":0.5,"skY":0.5,"x":-0.09},"duration":3},{"transform":{"y":-1.26,"x":-9.08},"duration":0}],"name":"bip"},{"frame":[{"curve":[0.191,0.285,0.8674999999999999,1],"transform":{"scY":0.999,"skX":9.11,"skY":9.11,"scX":1.004},"duration":3},{"curve":[0.0545,0.1,0.875,1],"transform":{"scY":0.971,"y":-0.49,"skX":10.94,"skY":10.94,"scX":1.033,"x":0.14},"duration":9},{"curve":[0.125,0,0.875,1],"transform":{"scY":1.011,"y":-2.5,"skX":-1.97,"skY":-1.97,"scX":0.986,"x":0.19},"duration":6},{"curve":[0.125,0,0.875,1],"transform":{"scY":0.965,"y":-10.14,"skX":-2.1,"skY":-2.1,"scX":1.034,"x":0.56},"duration":6},{"curve":[0.1215,0,0.8240000000000001,0.8],"transform":{"scY":1.051,"y":0.89,"skX":-0.42,"skY":-0.42,"scX":0.954,"x":-0.19},"duration":6},{"transform":{"scY":0.999,"skX":9.11,"skY":9.11,"scX":1.004},"duration":0}],"name":"Body"},{"frame":[{"curve":[0.25,0,0.75,1],"transform":{"skX":-5.61,"skY":-5.61},"duration":15},{"curve":[0.25,0,0.75,1],"transform":{"skX":17.99,"skY":17.99,"scX":1.014},"duration":15},{"transform":{"skX":-5.61,"skY":-5.61},"duration":0}],"name":"Tail"},{"frame":[{"curve":[0.352,0.65,0.686,1],"transform":{"skX":-38.8,"skY":-38.8},"duration":1},{"curve":[0.25,0,0.75,1],"transform":{"skX":-39.82,"skY":-39.82},"duration":15},{"curve":[0.246,0,0.722,0.88],"transform":{"skX":4.75,"skY":4.75},"duration":14},{"transform":{"skX":-38.8,"skY":-38.8},"duration":0}],"name":"Tail2"},{"frame":[{"curve":[0.365,0.63,0.702,1],"transform":{"skX":25.15,"skY":25.15},"duration":2},{"curve":[0.25,0,0.75,1],"transform":{"skX":30.34,"skY":30.34},"duration":15},{"curve":[0.244,0,0.699,0.78],"transform":{"skX":-44.33,"skY":-44.33},"duration":13},{"transform":{"skX":25.15,"skY":25.15},"duration":0}],"name":"Tail3"},{"frame":[{"curve":[0.374,0.61,0.715,1],"transform":{"skX":-5.25,"skY":-5.25},"duration":3},{"curve":[0.25,0,0.75,1],"transform":{"skX":-15.32,"skY":-15.32},"duration":15},{"curve":[0.242,0,0.679,0.71],"transform":{"skX":62.08,"skY":62.08},"duration":12},{"transform":{"skX":-5.25,"skY":-5.25},"duration":0}],"name":"Tail4"},{"frame":[{"curve":[0.38,0.59,0.726,1],"transform":{"skX":9.79,"skY":9.79},"duration":4},{"curve":[0.25,0,0.75,1],"transform":{"skX":24.48,"skY":24.48},"duration":15},{"curve":[0.242,0,0.662,0.65],"transform":{"skX":-48.03,"skY":-48.03},"duration":11},{"transform":{"skX":9.79,"skY":9.79},"duration":0}],"name":"Tail5"},{"frame":[{"curve":[0.382,0.57,0.735,1],"transform":{"skX":23.41,"skY":23.41},"duration":5},{"curve":[0.25,0,0.75,1],"transform":{"skX":35.68,"skY":35.68},"duration":15},{"curve":[0.243,0,0.648,0.6],"transform":{"skX":-7.57,"skY":-7.57},"duration":10},{"transform":{"skX":23.41,"skY":23.41},"duration":0}],"name":"Tail6"},{"frame":[{"curve":[0.381,0.54,0.742,1],"transform":{"skX":17.38,"skY":17.38},"duration":6},{"curve":[0.25,0,0.75,1],"transform":{"skX":31.51,"skY":31.51},"duration":15},{"curve":[0.245,0,0.637,0.55],"transform":{"skX":-6.89,"skY":-6.89},"duration":9},{"transform":{"skX":17.38,"skY":17.38},"duration":0}],"name":"Tail7"},{"frame":[{"tweenEasing":0,"transform":{"skX":-124.04,"skY":-124.04},"duration":3},{"tweenEasing":0,"transform":{"skX":218.49,"skY":218.49},"duration":6},{"tweenEasing":0,"transform":{"skX":-17.2,"skY":-17.2},"duration":6},{"tweenEasing":0,"transform":{"skX":3.11,"skY":3.11},"duration":3},{"tweenEasing":0,"transform":{"skX":-8.47,"skY":-8.47},"duration":9},{"tweenEasing":0,"transform":{"skX":271.02,"skY":271.02},"duration":3},{"transform":{"skX":-124.04,"skY":-124.04},"duration":0}],"name":"Hand_R"},{"frame":[{"tweenEasing":0,"transform":{"skX":-25.55,"skY":-25.55},"duration":3},{"tweenEasing":0,"transform":{"skX":-46.79,"skY":-46.79},"duration":6},{"tweenEasing":0,"transform":{"skX":-279.34,"skY":-279.34},"duration":6},{"tweenEasing":0,"transform":{"skX":-258.53,"skY":-258.53},"duration":3},{"tweenEasing":0,"transform":{"skX":-268.19,"skY":-268.19},"duration":9},{"tweenEasing":0,"transform":{"skX":17.07,"skY":17.07},"duration":3},{"transform":{"skX":-25.55,"skY":-25.55},"duration":0}],"name":"Hand_L"},{"frame":[{"curve":[0.365,0.63,0.702,1],"transform":{"y":1.66,"skX":-18.72,"skY":-18.72,"x":-4.61},"duration":2},{"curve":[0.25,0,0.75,1],"transform":{"y":1.66,"skX":-19.69,"skY":-19.69,"x":-4.61},"duration":15},{"curve":[0.244,0,0.699,0.78],"transform":{"y":1.66,"skX":-5.85,"skY":-5.85,"x":-4.61},"duration":13},{"transform":{"y":1.66,"skX":-18.72,"skY":-18.72,"x":-4.61},"duration":0}],"name":"Ear_R"},{"frame":[{"curve":[0.38,0.59,0.726,1],"transform":{"skX":-21.96,"skY":-21.96},"duration":4},{"curve":[0.25,0,0.75,1],"transform":{"skX":-31.49,"skY":-31.49},"duration":15},{"curve":[0.242,0,0.662,0.65],"transform":{"skX":15.54,"skY":15.54},"duration":11},{"transform":{"skX":-21.96,"skY":-21.96},"duration":0}],"name":"Ear_R2"},{"frame":[{"curve":[0.352,0.65,0.686,1],"transform":{"y":4.74,"skX":17.69,"skY":17.69,"x":-7.78},"duration":1},{"curve":[0.25,0,0.75,1],"transform":{"y":4.74,"skX":17.9,"skY":17.9,"x":-7.78},"duration":15},{"curve":[0.246,0,0.722,0.88],"transform":{"y":4.74,"skX":8.79,"skY":8.79,"x":-7.78},"duration":14},{"transform":{"y":4.74,"skX":17.69,"skY":17.69,"x":-7.78},"duration":0}],"name":"Ear_L"},{"frame":[{"curve":[0.374,0.61,0.715,1],"transform":{"skX":17,"skY":17},"duration":3},{"curve":[0.25,0,0.75,1],"transform":{"skX":19.57,"skY":19.57},"duration":15},{"curve":[0.242,0,0.679,0.71],"transform":{"skX":-0.2,"skY":-0.2},"duration":12},{"transform":{"skX":17,"skY":17},"duration":0}],"name":"Ear_L2"},{"frame":[{"curve":[0.25,0,0.75,1],"transform":{},"duration":15},{"curve":[0.25,0,0.75,1],"transform":{"y":-0.78,"skX":-1.2,"skY":-1.2,"x":2.18},"duration":15},{"transform":{},"duration":0}],"name":"Brow_R"},{"frame":[{"curve":[0.25,0,0.75,1],"transform":{},"duration":15},{"curve":[0.25,0,0.75,1],"transform":{"y":0.47,"skX":3.6,"skY":3.6,"x":2.16},"duration":15},{"transform":{},"duration":0}],"name":"Brow_L"},{"frame":[{"tweenEasing":0,"transform":{"y":2.4,"skX":9.55,"skY":9.55,"scX":0.834,"x":-0.32},"duration":3},{"tweenEasing":0,"transform":{"y":3.61,"skX":17.78,"skY":17.78,"x":-2.47},"duration":3},{"tweenEasing":0,"transform":{"scY":0.959,"y":3.61,"skX":22.17,"skY":22.17,"scX":1.042,"x":-2.47},"duration":3},{"tweenEasing":0,"transform":{"scY":1.03,"y":3.61,"skX":14.85,"skY":14.85,"scX":0.926,"x":-2.47},"duration":6},{"tweenEasing":0,"transform":{"scY":1.038,"y":-5.89,"skX":1.5,"skY":1.5,"scX":0.931,"x":0.7},"duration":6},{"tweenEasing":0,"transform":{"scY":1.078,"y":-7.72,"skX":-14.47,"skY":-14.47,"scX":0.992,"x":-0.98},"duration":3},{"tweenEasing":0,"transform":{"y":-7.72,"skX":2.69,"skY":2.69,"scX":0.868,"x":-0.98},"duration":3},{"tweenEasing":0,"transform":{"y":1.19,"skX":14.38,"skY":14.38,"scX":0.833,"x":-0.19},"duration":3},{"transform":{"y":2.4,"skX":9.55,"skY":9.55,"scX":0.834,"x":-0.32},"duration":0}],"name":"Leg_R"},{"frame":[{"tweenEasing":0,"transform":{"skX":-10.93,"skY":-10.93},"duration":3},{"tweenEasing":0,"transform":{"skX":17.29,"skY":17.29},"duration":3},{"tweenEasing":0,"transform":{"skX":13.09,"skY":13.09},"duration":9},{"tweenEasing":0,"transform":{"skX":0.33,"skY":0.33},"duration":9},{"tweenEasing":0,"transform":{"skX":-6.93,"skY":-6.93},"duration":3},{"tweenEasing":0,"transform":{"skX":-19.21,"skY":-19.21},"duration":3},{"transform":{"skX":-10.93,"skY":-10.93},"duration":0}],"name":"Foot_R"},{"frame":[{"tweenEasing":0,"transform":{"skX":12.39,"skY":12.39},"duration":3},{"tweenEasing":0,"transform":{"skX":18.49,"skY":18.49},"duration":3},{"tweenEasing":0,"transform":{"skX":27.33,"skY":27.33},"duration":9},{"tweenEasing":0,"transform":{"skX":11.52,"skY":11.52},"duration":6},{"tweenEasing":0,"transform":{"skX":-22.09,"skY":-22.09},"duration":6},{"tweenEasing":0,"transform":{"skX":12.53,"skY":12.53},"duration":3},{"transform":{"skX":12.39,"skY":12.39},"duration":0}],"name":"Foot_R2"},{"frame":[{"tweenEasing":0,"transform":{"y":0.57,"skX":4.68,"skY":4.68,"scX":0.987,"x":-1.95},"duration":3},{"tweenEasing":0,"transform":{"y":4.97,"skX":16.29,"skY":16.29,"x":-2.19},"duration":3},{"tweenEasing":0,"transform":{"scY":0.991,"y":4.97,"skX":12.56,"skY":12.56,"scX":1.019,"x":-2.19},"duration":3},{"tweenEasing":0,"transform":{"y":4.97,"skX":5.17,"skY":5.17,"scX":1.034,"x":-2.19},"duration":6},{"tweenEasing":0,"transform":{"scY":1.038,"y":0.89,"skX":5.44,"skY":5.44,"scX":0.892,"x":-0.77},"duration":6},{"tweenEasing":0,"transform":{"scY":1.015,"y":-11.5,"skX":-9.05,"skY":-9.05,"scX":1.084,"x":-2.75},"duration":3},{"tweenEasing":0,"transform":{"y":-11.5,"skX":8.04,"skY":8.04,"scX":0.937,"x":-2.75},"duration":3},{"tweenEasing":0,"transform":{"y":-5.87,"skX":9.84,"skY":9.84,"scX":1.037,"x":-1.76},"duration":3},{"transform":{"y":0.57,"skX":4.68,"skY":4.68,"scX":0.987,"x":-1.95},"duration":0}],"name":"Leg_L"},{"frame":[{"tweenEasing":0,"transform":{"skX":0.15,"skY":0.15},"duration":3},{"tweenEasing":0,"transform":{"skX":20.21,"skY":20.21},"duration":3},{"tweenEasing":0,"transform":{"skX":25.37,"skY":25.37},"duration":9},{"tweenEasing":0,"transform":{"skX":-2.16,"skY":-2.16},"duration":9},{"tweenEasing":0,"transform":{"skX":-3.45,"skY":-3.45},"duration":3},{"tweenEasing":0,"transform":{"skX":-10.75,"skY":-10.75},"duration":3},{"transform":{"skX":0.15,"skY":0.15},"duration":0}],"name":"Foot_L"},{"frame":[{"tweenEasing":0,"transform":{"skX":12.9,"skY":12.9},"duration":3},{"tweenEasing":0,"transform":{"skX":25.22,"skY":25.22},"duration":3},{"tweenEasing":0,"transform":{"skX":27.96,"skY":27.96},"duration":9},{"tweenEasing":0,"transform":{"skX":11.08,"skY":11.08},"duration":6},{"tweenEasing":0,"transform":{"skX":-17.83,"skY":-17.83},"duration":6},{"tweenEasing":0,"transform":{"skX":10.05,"skY":10.05},"duration":3},{"transform":{"skX":12.9,"skY":12.9},"duration":0}],"name":"Foot_L2"},{"frame":[{"transform":{},"duration":30}],"name":"root"},{"frame":[{"transform":{},"duration":30}],"name":"buff_up"},{"frame":[{"transform":{},"duration":30}],"name":"buff_flo"},{"frame":[{"transform":{},"duration":30}],"name":"buff_mid"}],"name":"0001_yidong","duration":30},{"ik":[],"frame":[],"slot":[{"frame":[{"displayIndex":-1,"tweenEasing":0,"duration":3},{"tweenEasing":0,"duration":17},{"displayIndex":-1,"tweenEasing":0,"duration":17},{"displayIndex":-1,"tweenEasing":null,"duration":0}],"name":"Eye"}],"ffd":[],"bone":[{"frame":[{"transform":{},"duration":37}],"name":"Fuji"},{"frame":[{"curve":[0.25,0,0.75,1],"transform":{},"duration":5},{"transform":{"y":6.02},"duration":12},{"transform":{"y":6.02},"duration":2},{"curve":[0.25,0,1,0.56],"transform":{"y":6.02},"duration":3},{"curve":[0.25,0,0.75,1],"transform":{"y":-82.55},"duration":3},{"curve":[0.25,0,0.75,1],"transform":{"y":-88.86},"duration":5},{"curve":[0.25,0,0.75,1],"transform":{"y":-84.34},"duration":7},{"transform":{},"duration":0}],"name":"bip"},{"frame":[{"curve":[0.25,0,0.75,1],"transform":{"scY":0.999,"skX":-0.02,"skY":-0.02},"duration":5},{"curve":[0.25,0,0.75,1],"transform":{"scY":1.045,"skX":2.23,"skY":2.23,"scX":0.93},"duration":3},{"curve":[0.25,0,0.75,1],"transform":{"scY":1.03,"skX":2.23,"skY":2.23,"scX":0.967},"duration":3},{"curve":[0.25,0,0.75,1],"transform":{"scY":1.049,"skX":2.23,"skY":2.23,"scX":0.903},"duration":3},{"curve":[0.25,0,0.75,1],"transform":{"scY":1.054,"skX":2.23,"skY":2.23,"scX":0.928},"duration":3},{"transform":{"scY":1.055,"skX":3.1,"skY":3.1,"scX":0.919},"duration":2},{"curve":[0.25,0,1,0.56],"transform":{"scY":1.055,"skX":3.1,"skY":3.1,"scX":0.919},"duration":3},{"curve":[0.25,0,0.75,1],"transform":{"scY":0.932,"skX":-2.83,"skY":-2.83,"scX":1.104},"duration":3},{"curve":[0.25,0,0.75,1],"transform":{"skX":-4.32,"skY":-4.32},"duration":5},{"curve":[0.25,0,0.75,1],"transform":{"skX":-4.32,"skY":-4.32},"duration":3},{"curve":[0.162,0.38,0.75,1],"transform":{"scY":0.952,"skX":-4.37,"skY":-4.37,"scX":1.117},"duration":4},{"transform":{"scY":0.999,"skX":-0.02,"skY":-0.02},"duration":0}],"name":"Body"},{"frame":[{"curve":[0.25,0,0.75,1],"transform":{"skX":-19.13,"skY":-19.13},"duration":5},{"curve":[0.25,0,0.75,1],"transform":{"scY":1.062,"skX":-62.1,"skY":-62.1,"scX":0.999},"duration":3},{"curve":[0.25,0,0.75,1],"transform":{"scY":1.062,"skX":-52.01,"skY":-52.01,"scX":0.999},"duration":3},{"curve":[0.25,0,0.75,1],"transform":{"scY":1.062,"skX":-58.16,"skY":-58.16,"scX":0.999},"duration":3},{"curve":[0.25,0,0.75,1],"transform":{"scY":1.062,"skX":-53.54,"skY":-53.54,"scX":0.999},"duration":3},{"curve":[0.25,0,0.75,1],"transform":{"scY":1.062,"skX":-58.31,"skY":-58.31,"scX":0.999},"duration":2},{"curve":[0.25,0,1,0.56],"transform":{"scY":1.062,"skX":-58.75,"skY":-58.75,"scX":0.999},"duration":3},{"curve":[0.25,0,0.75,1],"transform":{"scY":1.104,"skX":-6.45,"skY":-6.45,"scX":1.108},"duration":3},{"curve":[0.25,0,0.75,1],"transform":{"scY":1.104,"skX":-22.24,"skY":-22.24,"scX":1.108},"duration":5},{"curve":[0.25,0,0.75,1],"transform":{"scY":1.064,"skX":-22.59,"skY":-22.59,"scX":1.063},"duration":3},{"curve":[0.162,0.38,0.75,1],"transform":{"scY":1.064,"skX":-0.49,"skY":-0.49,"scX":1.063},"duration":4},{"transform":{"skX":-19.13,"skY":-19.13},"duration":0}],"name":"Tail"},{"frame":[{"curve":[0.25,0,0.75,1],"transform":{"skX":-5.75,"skY":-5.75},"duration":5},{"curve":[0.25,0,0.75,1],"transform":{"skX":51.99,"skY":51.99},"duration":3},{"curve":[0.25,0,0.75,1],"transform":{"skX":44.44,"skY":44.44},"duration":3},{"curve":[0.25,0,0.75,1],"transform":{"skX":51.74,"skY":51.74},"duration":3},{"curve":[0.25,0,0.75,1],"transform":{"skX":47.28,"skY":47.28},"duration":3},{"transform":{"skX":51.99,"skY":51.99},"duration":2},{"curve":[0.25,0,1,0.56],"transform":{"skX":51.99,"skY":51.99},"duration":3},{"curve":[0.25,0,0.75,1],"transform":{"skX":24.73,"skY":24.73},"duration":3},{"curve":[0.25,0,0.75,1],"transform":{"skX":23.46,"skY":23.46},"duration":5},{"curve":[0.25,0,0.75,1],"transform":{"skX":22.93,"skY":22.93},"duration":3},{"curve":[0.162,0.38,0.75,1],"transform":{"skX":14.92,"skY":14.92},"duration":4},{"transform":{"skX":-5.75,"skY":-5.75},"duration":0}],"name":"Tail2"},{"frame":[{"curve":[0.25,0,0.75,1],"transform":{"skX":14.64,"skY":14.64},"duration":5},{"curve":[0.25,0,0.75,1],"transform":{"skX":39.66,"skY":39.66},"duration":3},{"curve":[0.25,0,0.75,1],"transform":{"skX":31.1,"skY":31.1},"duration":3},{"curve":[0.25,0,0.75,1],"transform":{"skX":41.28,"skY":41.28},"duration":3},{"curve":[0.25,0,0.75,1],"transform":{"skX":36.08,"skY":36.08},"duration":3},{"transform":{"skX":39.66,"skY":39.66},"duration":2},{"curve":[0.25,0,1,0.56],"transform":{"skX":39.66,"skY":39.66},"duration":3},{"curve":[0.25,0,0.75,1],"transform":{"skX":-27.66,"skY":-27.66},"duration":3},{"curve":[0.25,0,0.75,1],"transform":{"skX":14.62,"skY":14.62},"duration":5},{"curve":[0.25,0,0.75,1],"transform":{"skX":26.85,"skY":26.85},"duration":3},{"curve":[0.162,0.38,0.75,1],"transform":{"skX":-5.54,"skY":-5.54},"duration":4},{"transform":{"skX":14.64,"skY":14.64},"duration":0}],"name":"Tail3"},{"frame":[{"curve":[0.25,0,0.75,1],"transform":{"skX":2.06,"skY":2.06},"duration":5},{"curve":[0.25,0,0.75,1],"transform":{"skX":-40.45,"skY":-40.45},"duration":3},{"curve":[0.25,0,0.75,1],"transform":{"skX":-27.36,"skY":-27.36},"duration":3},{"curve":[0.25,0,0.75,1],"transform":{"skX":-40.08,"skY":-40.08},"duration":3},{"curve":[0.25,0,0.75,1],"transform":{"skX":-32.11,"skY":-32.11},"duration":3},{"transform":{"skX":-40.45,"skY":-40.45},"duration":2},{"curve":[0.25,0,1,0.56],"transform":{"skX":-40.45,"skY":-40.45},"duration":3},{"curve":[0.25,0,0.75,1],"transform":{"skX":35.3,"skY":35.3},"duration":3},{"curve":[0.25,0,0.75,1],"transform":{"skX":-11.42,"skY":-11.42},"duration":5},{"curve":[0.25,0,0.75,1],"transform":{"skX":-19.81,"skY":-19.81},"duration":3},{"curve":[0.162,0.38,0.75,1],"transform":{"skX":15.7,"skY":15.7},"duration":4},{"transform":{"skX":2.06,"skY":2.06},"duration":0}],"name":"Tail4"},{"frame":[{"curve":[0.25,0,0.75,1],"transform":{"skX":-5.98,"skY":-5.98},"duration":5},{"curve":[0.25,0,0.75,1],"transform":{"skX":33.93,"skY":33.93},"duration":3},{"curve":[0.25,0,0.75,1],"transform":{"skX":25.92,"skY":25.92},"duration":3},{"curve":[0.25,0,0.75,1],"transform":{"skX":33.2,"skY":33.2},"duration":3},{"curve":[0.25,0,0.75,1],"transform":{"skX":29.74,"skY":29.74},"duration":3},{"transform":{"skX":33.93,"skY":33.93},"duration":2},{"curve":[0.25,0,1,0.56],"transform":{"skX":33.93,"skY":33.93},"duration":3},{"curve":[0.25,0,0.75,1],"transform":{"skX":-48.19,"skY":-48.19},"duration":3},{"curve":[0.25,0,0.75,1],"transform":{"skX":4.37,"skY":4.37},"duration":5},{"curve":[0.25,0,0.75,1],"transform":{"skX":16.9,"skY":16.9},"duration":3},{"curve":[0.162,0.38,0.75,1],"transform":{"skX":-17.79,"skY":-17.79},"duration":4},{"transform":{"skX":-5.98,"skY":-5.98},"duration":0}],"name":"Tail5"},{"frame":[{"curve":[0.25,0,0.75,1],"transform":{"skX":2.98,"skY":2.98},"duration":5},{"curve":[0.25,0,0.75,1],"transform":{"skX":0.28,"skY":0.28},"duration":3},{"curve":[0.25,0,0.75,1],"transform":{"skX":10.98,"skY":10.98},"duration":3},{"curve":[0.25,0,0.75,1],"transform":{"skX":2.35,"skY":2.35},"duration":3},{"curve":[0.25,0,0.75,1],"transform":{"skX":12.39,"skY":12.39},"duration":3},{"curve":[0.25,0,0.75,1],"transform":{"skX":2.12,"skY":2.12},"duration":2},{"curve":[0.25,0,1,0.56],"transform":{"skX":9.66,"skY":9.66},"duration":3},{"curve":[0.25,0,0.75,1],"transform":{"skX":17.73,"skY":17.73},"duration":3},{"curve":[0.25,0,0.75,1],"transform":{"skX":2.6,"skY":2.6},"duration":5},{"curve":[0.25,0,0.75,1],"transform":{"skX":-4.34,"skY":-4.34},"duration":3},{"curve":[0.162,0.38,0.75,1],"transform":{"skX":3.5,"skY":3.5},"duration":4},{"transform":{"skX":2.98,"skY":2.98},"duration":0}],"name":"Tail6"},{"frame":[{"curve":[0.25,0,0.75,1],"transform":{"skX":8.94,"skY":8.94},"duration":5},{"curve":[0.25,0,0.75,1],"transform":{"skX":-11.99,"skY":-11.99},"duration":3},{"curve":[0.25,0,0.75,1],"transform":{"skX":16.04,"skY":16.04},"duration":3},{"curve":[0.25,0,0.75,1],"transform":{"skX":9.51,"skY":9.51},"duration":3},{"curve":[0.25,0,0.75,1],"transform":{"skX":24.93,"skY":24.93},"duration":3},{"curve":[0.25,0,0.75,1],"transform":{"skX":9.94,"skY":9.94},"duration":2},{"curve":[0.25,0,1,0.56],"transform":{"skX":19.72,"skY":19.72},"duration":3},{"curve":[0.25,0,0.75,1],"transform":{"skX":25.73,"skY":25.73},"duration":3},{"curve":[0.25,0,0.75,1],"transform":{"skX":-20.01,"skY":-20.01},"duration":5},{"curve":[0.25,0,0.75,1],"transform":{"skX":6.42,"skY":6.42},"duration":3},{"curve":[0.162,0.38,0.75,1],"transform":{"skX":-4.5,"skY":-4.5},"duration":4},{"transform":{"skX":8.94,"skY":8.94},"duration":0}],"name":"Tail7"},{"frame":[{"curve":[0.25,0,0.75,1],"transform":{"skX":0.42,"skY":0.42,"x":0.04},"duration":5},{"curve":[0.25,0,0.75,1],"transform":{"skX":20.74,"skY":20.74,"x":0.04},"duration":3},{"curve":[0.25,0,0.75,1],"transform":{"skX":16.75,"skY":16.75,"x":0.04},"duration":3},{"curve":[0.25,0,0.75,1],"transform":{"skX":23.74,"skY":23.74,"x":0.04},"duration":3},{"curve":[0.25,0,0.75,1],"transform":{"skX":15.39,"skY":15.39,"x":0.04},"duration":3},{"curve":[0.25,0,0.75,1],"transform":{"skX":22.86,"skY":22.86,"x":0.04},"duration":2},{"curve":[0.25,0,1,0.56],"transform":{"skX":28.69,"skY":28.69,"x":0.04},"duration":3},{"curve":[0.25,0,0.75,1],"transform":{"skX":-31.77,"skY":-31.77,"x":0.04},"duration":3},{"curve":[0.25,0,0.75,1],"transform":{"skX":-28.97,"skY":-28.97,"x":0.04},"duration":12},{"transform":{"skX":0.42,"skY":0.42,"x":0.04},"duration":0}],"name":"Hand_R"},{"frame":[{"curve":[0.25,0,0.75,1],"transform":{"skX":-0.87,"skY":-0.87,"x":0.08},"duration":5},{"curve":[0.25,0,0.75,1],"transform":{"skX":-26.77,"skY":-26.77,"x":0.08},"duration":3},{"curve":[0.25,0,0.75,1],"transform":{"skX":-21.02,"skY":-21.02,"x":0.08},"duration":3},{"curve":[0.25,0,0.75,1],"transform":{"skX":-32.1,"skY":-32.1,"x":0.08},"duration":3},{"curve":[0.25,0,0.75,1],"transform":{"skX":-21.81,"skY":-21.81,"x":0.08},"duration":3},{"curve":[0.25,0,0.75,1],"transform":{"skX":-29.37,"skY":-29.37,"x":0.08},"duration":2},{"curve":[0.25,0,1,0.56],"transform":{"skX":-34.14,"skY":-34.14,"x":0.08},"duration":3},{"curve":[0.25,0,0.75,1],"transform":{"skX":37.07,"skY":37.07,"x":0.08},"duration":3},{"curve":[0.25,0,0.75,1],"transform":{"skX":38.05,"skY":38.05,"x":0.08},"duration":12},{"transform":{"skX":-0.87,"skY":-0.87,"x":0.08},"duration":0}],"name":"Hand_L"},{"frame":[{"curve":[0.25,0,0.75,1],"transform":{"skX":-7.02,"skY":-7.02},"duration":5},{"curve":[0.25,0,0.75,1],"transform":{"y":1.02,"skX":-14.49,"skY":-14.49,"x":-2.38},"duration":6},{"curve":[0.25,0,0.75,1],"transform":{"y":1.02,"skX":-8.9,"skY":-8.9,"x":-2.38},"duration":6},{"curve":[0.257,0,0.618,0.45],"transform":{"y":1.02,"skX":-13.6,"skY":-13.6,"x":-2.38},"duration":2},{"curve":[0.28049999999999997,0,0.629,0.4],"transform":{"y":1.02,"skX":-12.03,"skY":-12.03,"x":-2.38},"duration":3},{"curve":[0.281,0.13,0.7095,0.835],"transform":{"y":-0.56,"skX":0.07,"skY":0.07,"x":0.19},"duration":8},{"curve":[0.272,0.47,0.7435,1],"transform":{"y":1.45,"skX":-12.4,"skY":-12.4,"x":-2.36},"duration":7},{"transform":{"skX":-7.02,"skY":-7.02},"duration":0}],"name":"Ear_R"},{"frame":[{"curve":[0.25,0,0.75,1],"transform":{"skX":-16.25,"skY":-16.25},"duration":6},{"curve":[0.25,0,0.75,1],"transform":{"skX":-37.47,"skY":-37.47},"duration":6},{"curve":[0.25,0,0.75,1],"transform":{"skX":-29.48,"skY":-29.48},"duration":6},{"curve":[0.25,0,0.75,1],"transform":{"skX":-40.07,"skY":-40.07},"duration":2},{"curve":[0.25,0,1,0.56],"transform":{"skX":-43.51,"skY":-43.51},"duration":3},{"curve":[0.25,0,0.75,1],"transform":{"skX":4.43,"skY":4.43},"duration":8},{"curve":[0.162,0.38,0.75,1],"transform":{"skX":-31.59,"skY":-31.59},"duration":6},{"transform":{"skX":-16.25,"skY":-16.25},"duration":0}],"name":"Ear_R2"},{"frame":[{"curve":[0.25,0,0.75,1],"transform":{"skX":3.5,"skY":3.5},"duration":6},{"curve":[0.25,0,0.75,1],"transform":{"skX":11.39,"skY":11.39},"duration":6},{"curve":[0.25,0,0.75,1],"transform":{"skX":10.03,"skY":10.03},"duration":6},{"curve":[0.25,0,0.75,1],"transform":{"skX":11.39,"skY":11.39},"duration":2},{"curve":[0.25,0,1,0.56],"transform":{"skX":15.75,"skY":15.75},"duration":3},{"curve":[0.25,0,0.75,1],"transform":{"skX":1.48,"skY":1.48},"duration":8},{"curve":[0.162,0.38,0.75,1],"transform":{"skX":15.63,"skY":15.63},"duration":6},{"transform":{"skX":3.5,"skY":3.5},"duration":0}],"name":"Ear_L"},{"frame":[{"curve":[0.25,0,0.75,1],"transform":{"skX":3.86,"skY":3.86},"duration":7},{"curve":[0.25,0,0.75,1],"transform":{"skX":18.2,"skY":18.2},"duration":6},{"curve":[0.25,0,0.75,1],"transform":{"skX":16.09,"skY":16.09},"duration":6},{"curve":[0.25,0,0.75,1],"transform":{"skX":18.2,"skY":18.2},"duration":2},{"curve":[0.25,0,1,0.56],"transform":{"skX":32.32,"skY":32.32},"duration":3},{"curve":[0.25,0,0.75,1],"transform":{"skX":-8.78,"skY":-8.78},"duration":8},{"curve":[0.162,0.38,0.75,1],"transform":{"skX":15.43,"skY":15.43},"duration":5},{"transform":{"skX":3.86,"skY":3.86},"duration":0}],"name":"Ear_L2"},{"frame":[{"curve":[0.296,0,0.633,0.36],"transform":{"y":0.1,"skX":0.15,"skY":0.15,"x":0.12},"duration":5},{"curve":[0.293,0.19,0.643,0.58],"transform":{"y":-0.26,"skX":0.15,"skY":0.15,"x":-1.94},"duration":12},{"curve":[0.333,0.33,0.669,0.67],"transform":{"y":0.04,"skX":0.15,"skY":0.15,"x":-2.45},"duration":5},{"curve":[0.337,0.34,0.672,0.68],"transform":{"y":-0.23,"skX":0.15,"skY":0.15,"x":5.11},"duration":3},{"curve":[0.382,0.57,0.734,1],"transform":{"y":-0.11,"skX":0.15,"skY":0.15,"x":1.86},"duration":12},{"transform":{"y":0.1,"skX":0.15,"skY":0.15,"x":0.12},"duration":0}],"name":"Brow_R"},{"frame":[{"curve":[0.296,0,0.633,0.36],"transform":{"y":-0.02,"skX":0.09,"skY":0.09,"x":0.05},"duration":5},{"curve":[0.293,0.19,0.643,0.58],"transform":{"y":0.2,"skX":0.09,"skY":0.09,"x":-1.93},"duration":12},{"curve":[0.333,0.33,0.669,0.67],"transform":{"y":0.27,"skX":0.09,"skY":0.09,"x":-2.47},"duration":5},{"curve":[0.337,0.34,0.672,0.68],"transform":{"y":-3.39,"skX":0.09,"skY":0.09,"x":3.84},"duration":3},{"curve":[0.382,0.57,0.734,1],"transform":{"y":-2.42,"skX":0.09,"skY":0.09,"x":-0.3},"duration":12},{"transform":{"y":-0.02,"skX":0.09,"skY":0.09,"x":0.05},"duration":0}],"name":"Brow_L"},{"frame":[{"curve":[0.25,0,0.75,1],"transform":{},"duration":5},{"transform":{"scY":1.009,"skX":0.84,"skY":0.84,"scX":0.836},"duration":12},{"transform":{"scY":1.009,"skX":0.84,"skY":0.84,"scX":0.836},"duration":2},{"curve":[0.25,0,1,0.56],"transform":{"scY":1.009,"skX":0.84,"skY":0.84,"scX":0.836},"duration":3},{"curve":[0.25,0,0.75,1],"transform":{"scY":0.893,"skX":1.56,"skY":1.56,"scX":1.057},"duration":3},{"curve":[0.25,0,0.75,1],"transform":{"skX":-3.21,"skY":-3.21},"duration":12},{"transform":{},"duration":0}],"name":"Leg_R"},{"frame":[{"curve":[0.25,0,0.75,1],"transform":{},"duration":5},{"transform":{"scY":1.049,"skX":1.06,"skY":1.06},"duration":12},{"transform":{"scY":1.049,"skX":1.06,"skY":1.06},"duration":2},{"curve":[0.25,0,1,0.56],"transform":{"scY":1.049,"skX":1.06,"skY":1.06},"duration":3},{"curve":[0.25,0,0.75,1],"transform":{"skX":13.78,"skY":13.78},"duration":3},{"curve":[0.25,0,0.75,1],"transform":{"skX":14.67,"skY":14.67},"duration":5},{"curve":[0.25,0,0.75,1],"transform":{"skX":-0.43,"skY":-0.43},"duration":3},{"curve":[0.162,0.38,0.75,1],"transform":{"skX":-4.56,"skY":-4.56},"duration":4},{"transform":{},"duration":0}],"name":"Foot_R"},{"frame":[{"curve":[0.25,0,0.75,1],"transform":{},"duration":5},{"curve":[0.25,0,0.75,1],"transform":{"skX":3.84,"skY":3.84},"duration":12},{"transform":{"skX":6.05,"skY":6.05},"duration":2},{"curve":[0.25,0,1,0.56],"transform":{"skX":6.05,"skY":6.05},"duration":3},{"curve":[0.25,0,0.75,1],"transform":{"skX":12.36,"skY":12.36},"duration":3},{"curve":[0.25,0,0.75,1],"transform":{"skX":16.51,"skY":16.51},"duration":8},{"curve":[0.162,0.38,0.75,1],"transform":{"skX":-11.91,"skY":-11.91},"duration":4},{"transform":{},"duration":0}],"name":"Foot_R2"},{"frame":[{"curve":[0.25,0,0.75,1],"transform":{},"duration":5},{"transform":{"scY":1.015,"skX":-1.57,"skY":-1.57,"scX":0.867},"duration":12},{"transform":{"scY":1.015,"skX":-1.57,"skY":-1.57,"scX":0.867},"duration":2},{"curve":[0.25,0,1,0.56],"transform":{"scY":1.015,"skX":-1.57,"skY":-1.57,"scX":0.867},"duration":3},{"curve":[0.25,0,0.75,1],"transform":{"scY":0.951,"skX":3.61,"skY":3.61,"scX":1.015},"duration":3},{"curve":[0.25,0,0.75,1],"transform":{"skX":-0.82,"skY":-0.82},"duration":12},{"transform":{},"duration":0}],"name":"Leg_L"},{"frame":[{"curve":[0.25,0,0.75,1],"transform":{},"duration":5},{"transform":{"scY":1.087,"skX":0.7,"skY":0.7},"duration":12},{"transform":{"scY":1.087,"skX":0.7,"skY":0.7},"duration":2},{"curve":[0.25,0,1,0.56],"transform":{"scY":1.087,"skX":0.7,"skY":0.7},"duration":3},{"curve":[0.25,0,0.75,1],"transform":{"skX":12.56,"skY":12.56},"duration":3},{"curve":[0.25,0,0.75,1],"transform":{"skX":9.94,"skY":9.94},"duration":5},{"curve":[0.25,0,0.75,1],"transform":{"skX":-0.12,"skY":-0.12},"duration":3},{"curve":[0.162,0.38,0.75,1],"transform":{"skX":-9.06,"skY":-9.06},"duration":4},{"transform":{},"duration":0}],"name":"Foot_L"},{"frame":[{"curve":[0.25,0,0.75,1],"transform":{},"duration":5},{"curve":[0.25,0,0.75,1],"transform":{"skX":10.8,"skY":10.8},"duration":12},{"transform":{"skX":13.08,"skY":13.08},"duration":2},{"curve":[0.25,0,1,0.56],"transform":{"skX":13.08,"skY":13.08},"duration":3},{"curve":[0.25,0,0.75,1],"transform":{"skX":13.63,"skY":13.63},"duration":3},{"curve":[0.25,0,0.75,1],"transform":{"skX":14.68,"skY":14.68},"duration":8},{"curve":[0.162,0.38,0.75,1],"transform":{"skX":-14.55,"skY":-14.55},"duration":4},{"transform":{},"duration":0}],"name":"Foot_L2"},{"frame":[{"transform":{},"duration":37}],"name":"root"},{"frame":[{"transform":{},"duration":37}],"name":"buff_up"},{"frame":[{"transform":{},"duration":37}],"name":"buff_flo"},{"frame":[{"transform":{},"duration":37}],"name":"buff_mid"}],"name":"0002_shifa","duration":37}],"aabb":{"width":195.03424558409327,"y":-264.76,"height":277.08084175,"x":-121.65170560000007},"skin":[{"slot":[{"display":[{"path":"Brow_R","type":"image","name":"Brow_R","transform":{"y":-3.42,"skX":90,"skY":90,"x":-1.13}}],"name":"Brow_R"},{"display":[{"vertices":[11.62,-22.18,11.33,-17.89,-7.6,-15.01,-4.95,-5.24,10.3,-6.42,26.12,-2.05,45.8,2.83,54.39,-1.96,54.39,-12.32,39.16,-14.69,25.32,-15,23.1,-20.7,17.47,-14.33,-3.08,-10.94,16.37,-11.75,31.4,-9.24],"edges":[2,3,3,4,4,5,5,6,6,7,7,8,8,9,9,10,10,11,11,0,0,1,1,2],"path":"Foot_L","uvs":[0.30374,-0.04348,0.2988,0.14305,-0.01667,0.26853,0.02747,0.69323,0.28153,0.64175,0.54547,0.83158,0.87353,1.04348,1.01667,0.83479,1.01667,0.38436,0.76278,0.2814,0.53215,0.26853,0.49514,0.0208,0.40142,0.29749,0.05855,0.44549,0.38291,0.4101,0.63328,0.51949],"bonePose":[7,6.123233995736766e-17,1,-1,6.123233995736766e-17,16.77,-41.55,11,0.969316774364646,0.24581495262761807,-0.24581495262761807,0.969316774364646,16.31,-13.229999999999997,19,0.9429905358928644,0.3328195445229867,-0.3328195445229867,0.9429905358928644,32.2556792293828,-9.310036490778266],"triangles":[15,5,6,10,15,9,14,4,5,11,12,10,12,14,10,0,12,11,1,14,12,0,1,12,2,13,1,13,3,4,2,3,13,4,13,14,1,13,14,5,14,15,10,14,15,6,15,7,9,15,7,8,9,7],"type":"mesh","transform":{},"slotPose":[1,0,0,1,0,0],"userEdges":[1,12,12,10,13,14,14,15,15,7],"width":60,"height":23,"name":"Foot_L","weights":[2,7,0.94667,11,0.05332,2,7,0.73236,11,0.26763,1,11,1,1,11,1,1,11,1,2,11,0.82694,19,0.17305,1,19,1,1,19,1,1,19,1,2,11,0.02378,19,0.97621,2,7,0.03187,11,0.96811,2,7,0.55563,11,0.44436,2,7,0.53607,11,0.46392,1,11,1,1,11,1,2,11,0.5,19,0.5]}],"name":"Foot_L"},{"display":[{"path":"buff_flo","type":"image","name":"buff_flo","transform":{"x":1.7}}],"name":"buff_flo"},{"display":[{"path":"Leg_L","type":"image","name":"Leg_L","transform":{"y":-0.62,"skX":-90,"skY":-90,"x":14.87}}],"name":"Leg_L"},{"display":[{"vertices":[-106.56,-92.2,-94.08,-83.34,-69.06,-89.5,-74.72,-74.43,-85.22,-56.95,-74.2,-39.76,-49.18,-36.53,-22.5,-29.18,-17.34,-30.98,-17.92,-40.12,-48.53,-52.66,-70.97,-54.1,-54.8,-81.89,-56.79,-98.98,-73.42,-101.01,-95.85,-98.88,-90.41,-108.09,-89.21,-135.16,-105.48,-135,-103.85,-109.99,-106.55,-103.73,-96.78,-109.27,-101.14,-101.84,-99.63,-95.12,-91.84,-90.52,-70.6,-94.74,-62.92,-94.15,-62,-80.83,-76.04,-61.28,-75.57,-50.79,-47.96,-43.6,-96.81,-123.86],"edges":[0,1,1,2,2,3,3,4,4,5,5,6,6,7,7,8,8,9,9,10,10,11,11,12,12,13,13,14,14,15,15,16,16,17,17,18,18,19,19,20,20,0],"path":"Tail","uvs":[-0.01124,0.40353,0.12902,0.48888,0.4101,0.4294,0.34664,0.57424,0.22876,0.74236,0.35268,0.90791,0.63377,0.93894,0.93369,1.00962,0.99169,0.99236,0.98517,0.90424,0.64109,0.78378,0.38899,0.76984,0.57054,0.50258,0.54799,0.33805,0.36106,0.31877,0.10914,0.3392,0.17013,0.2507,0.18339,-0.00962,0.00042,-0.00799,0.01899,0.23254,-0.01124,0.29268,0.09854,0.23934,0.04948,0.31083,0.06672,0.3755,0.15422,0.41975,0.39288,0.37891,0.47905,0.38458,0.48966,0.51279,0.33189,0.70077,0.33719,0.80175,0.64743,0.87097,0.0981,0.09906],"bonePose":[24,-0.9995174638954168,0.031061863564087463,-0.031061863564087463,-0.9995174638954168,-61.52326159835144,-92.54163321714876,25,0.013962180339145229,-0.9999025240093042,0.9999025240093042,0.013962180339145229,-100.10172938039688,-91.89300112598872,23,0.3578790788750962,-0.9337679395350392,0.9337679395350392,0.3578790788750962,-78.26842369891719,-48.850631326304274,20,-0.9895761186026508,-0.14401078255225205,0.14401078255225205,-0.9895761186026508,-47.72164902547887,-44.39512270773022,15,-0.9318812977621516,-0.3627633483155766,0.3627633483155766,-0.9318812977621516,-21.860378925107323,-34.36002386438899],"triangles":[10,30,9,30,6,7,28,11,27,13,26,12,5,6,30,10,11,30,3,28,27,26,27,12,26,2,27,14,26,13,14,25,26,2,3,27,25,2,26,31,16,17,25,24,2,28,29,11,14,24,25,3,4,28,28,4,29,29,4,5,31,21,16,21,15,16,18,31,17,15,23,24,21,22,15,19,21,31,23,1,24,23,0,1,22,23,15,18,19,31,19,22,21,19,20,22,22,0,23,20,0,22,1,24,2,27,11,12,15,24,14,5,29,30,11,29,30,7,30,8,9,30,8],"type":"mesh","transform":{},"slotPose":[1,0,0,1,0,0],"userEdges":[21,22,22,23,23,24,24,25,25,26,26,27,27,28,28,29,29,30,30,8,21,31],"width":89,"height":104,"name":"Tail","weights":[2,24,0.03932,25,0.96066,1,24,1,2,23,0.26794,24,0.73205,1,23,0.99999,1,23,1,1,20,1,2,15,0.55475,20,0.44524,1,15,1,1,15,1,1,15,1,2,15,0.23638,20,0.76361,2,20,0.4644,23,0.53559,1,23,1,2,23,0.30278,24,0.6972,1,24,1,2,24,0.23573,25,0.76426,1,25,1,1,25,1,1,25,1,1,25,1,1,25,1,1,25,1,1,25,1,1,25,1,1,24,1,1,24,1,2,23,0.09472,24,0.90527,1,23,1,1,23,1,2,20,0.60987,23,0.39012,2,15,0.5,20,0.5,1,25,1]}],"name":"Tail"},{"display":[{"path":"Eye","type":"image","name":"Eye","transform":{"y":25.4,"skX":84.99,"skY":84.99,"x":57.67}}],"name":"Eye"},{"display":[{"path":"Leg_R","type":"image","name":"Leg_R","transform":{"y":-0.09,"skX":-94.82,"skY":-94.82,"x":14.27}}],"name":"Leg_R"},{"display":[{"vertices":[36.26,-148.17,18.1,-133.17,7.4,-116.65,7.41,-108.7,22.99,-102.18,42.56,-102.17,45.22,-119.5,51.39,-132.35,49.72,-148.17,44.62,-139.91,31.97,-125.83],"edges":[2,3,3,4,4,5,5,6,6,7,7,8,8,0,0,1,1,2],"path":"Ear_L","uvs":[0.66314,-0.02273,0.23086,0.3182,-0.02381,0.69374,-0.02381,0.87456,0.34742,1.02273,0.81371,1.02273,0.87685,0.62883,1.02381,0.33674,0.98371,-0.02273,0.86228,0.16519,0.56114,0.4851],"bonePose":[10,0.3500438957891915,-0.9367332977004318,0.9367332977004318,0.3500438957891915,22.991110454084776,-102.17903079067932,18,0.6009783641725034,-0.7992652912497465,0.7992652912497465,0.6009783641725034,32.50692996187106,-127.24384435661742],"triangles":[10,6,7,9,10,7,8,9,7,0,9,8,10,4,5,10,5,6,0,10,9,1,10,0,2,4,10,1,2,10,2,3,4],"type":"mesh","transform":{},"slotPose":[1,0,0,1,0,0],"userEdges":[9,10,10,4],"width":42,"height":44,"name":"Ear_L","weights":[2,10,0.07909,18,0.9209,1,10,1,1,10,1,1,10,1,1,10,1,2,10,0.49043,18,0.50956,2,10,0.03089,18,0.9691,1,18,0.99999,1,18,1,1,18,1,1,10,1]}],"name":"Ear_L"},{"display":[{"path":"Hair_01","type":"image","name":"Hair_01","transform":{"y":10.82,"skX":84.99,"skY":84.99,"x":98.05}}],"name":"Hair_01"},{"display":[{"path":"buff_mid","type":"image","name":"buff_mid","transform":{"y":-0.85,"x":0.85}}],"name":"buff_mid"},{"display":[{"path":"Hand_L","type":"image","name":"Hand_L","transform":{"y":-0.91,"skX":-32.35,"skY":-32.35,"x":15.75}}],"name":"Hand_L"},{"display":[{"path":"Hand_R","type":"image","name":"Hand_R","transform":{"y":3.89,"skX":-141.62,"skY":-141.62,"x":17.79}}],"name":"Hand_R"},{"display":[{"path":"buff_up","type":"image","name":"buff_up","transform":{"x":1.7}}],"name":"buff_up"},{"display":[{"vertices":[-94.08,-182.15,-119.82,-159.01,-124.52,-129.64,-115.62,-102.19,-98.09,-102.17,-75.54,-119.17,-75.5,-151.8,-82.05,-182.14,-94.95,-152.86,-100.49,-126.55],"edges":[2,3,3,4,4,5,5,6,6,7,7,0,0,1,1,2],"path":"Tail_02","uvs":[0.62471,-0.01282,0.07782,0.28436,-0.02128,0.66097,0.16897,1.01282,0.54224,1.01282,1.02128,0.79436,1.02128,0.3759,0.88079,-0.01282,0.60735,0.36282,0.49016,0.70021],"bonePose":[27,0.34103591216064705,-0.9400502681329098,0.9400502681329098,0.34103591216064705,-95.120267226094,-153.80828368484478,25,0.013962180339145229,-0.9999025240093042,0.9999025240093042,0.013962180339145229,-100.10172938039688,-91.89300112598872,26,0.19286449054808907,-0.9812254013658768,0.9812254013658768,0.19286449054808907,-100.48785502753358,-126.5517706798062],"triangles":[0,8,7,8,9,6,7,8,6,6,9,5,9,4,5,9,3,4,2,9,8,1,2,8,1,8,0,2,3,9],"type":"mesh","transform":{},"slotPose":[1,0,0,1,0,0],"userEdges":[7,8,8,9,9,4],"width":47,"height":78,"name":"Tail_02","weights":[1,27,1,3,25,0.00182,26,0.68914,27,0.30903,3,25,0.35965,26,0.64013,27,0.0002,2,25,0.97654,26,0.02345,1,25,1,2,25,0.63717,26,0.36282,3,25,0.00167,26,0.40001,27,0.59831,1,27,1,2,26,0.5,27,0.5,2,25,0.5,26,0.5]}],"name":"Tail_02"},{"display":[{"path":"Body","type":"image","name":"Body","transform":{"y":-0.73,"skX":84.99,"skY":84.99,"x":52.37}}],"name":"Body"},{"display":[{"path":"Brow_L","type":"image","name":"Brow_L","transform":{"y":3.14,"skX":90,"skY":90,"x":0.39}}],"name":"Brow_L"},{"display":[{"vertices":[-27.79,-153.17,-36.59,-127.06,-34.32,-114.41,-31.87,-82.18,-4.75,-82.18,18.4,-97.27,18.4,-110.94,7.08,-130.72,-15.76,-153.17,-14.74,-120.94],"edges":[1,2,2,3,3,4,4,5,5,6,6,7,7,8,8,0,0,1],"path":"Ear_R","uvs":[0.1471,-0.01449,-0.01887,0.36406,0.02393,0.54736,0.07011,1.01449,0.58203,1.01449,1.01887,0.79572,1.01887,0.59763,0.80528,0.31085,0.37418,-0.01449,0.39343,0.45276],"bonePose":[13,-0.24039746080459048,-0.9706745390905775,0.9706745390905775,-0.24039746080459048,-4.747429572493196,-82.18050341504662,22,-0.2815041900706754,-0.9595599986309626,0.9595599986309626,-0.2815041900706754,-14.41567036430149,-121.46841911429966],"triangles":[7,9,6,6,9,5,9,4,5,8,9,7,8,0,9,0,1,9,2,3,9,9,3,4,1,2,9],"type":"mesh","transform":{},"slotPose":[1,0,0,1,0,0],"userEdges":[0,9,9,4],"width":53,"height":69,"name":"Ear_R","weights":[2,13,0.00001,22,0.99998,2,13,0.15099,22,0.84899,2,13,0.59034,22,0.40965,1,13,1,1,13,1,2,13,0.99907,22,0.00092,2,13,0.96026,22,0.03973,2,13,0.49757,22,0.50242,1,22,1,2,13,0.5,22,0.5]}],"name":"Ear_R"},{"display":[{"vertices":[-12.06,-13.17,-13.7,-9.65,-29.59,-6.66,-28.33,2.41,-17.98,1.82,-1.27,7.98,15.14,15.83,36.38,12.45,36.39,-0.9,17.48,-5.27,-0.22,-7.02,-0.67,-11.97,-7.56,-6.5,-26.38,-2.69,-9.43,-3.12,7.66,0.41],"edges":[2,3,3,4,4,5,5,6,6,7,7,8,8,9,9,10,10,11,11,0,0,1,1,2],"path":"Foot_R","uvs":[0.25837,-0.03669,0.23259,0.09386,-0.01563,0.20497,0.00407,0.54108,0.16578,0.51886,0.42711,0.74663,0.68376,1.03704,1.01563,0.91052,1.01563,0.41608,0.72008,0.25497,0.44352,0.19107,0.43649,0.00775,0.32868,0.21053,0.03453,0.35219,0.29938,0.33553,0.56657,0.46608],"bonePose":[8,-0.08454741542810863,0.9964194571285864,-0.9964194571285864,-0.08454741542810863,-5.49,-30.91,14,0.9525021593336442,0.30453183161164793,-0.30453183161164793,0.9525021593336442,-8.571181737764036,-4.887330669224777,21,0.8730923192316905,0.48755492213557633,-0.48755492213557633,0.8730923192316905,8.497656957494872,0.5698797532559539],"triangles":[9,7,8,10,15,9,15,5,6,11,12,10,12,14,10,0,12,11,14,4,5,1,14,12,0,1,12,2,13,1,13,3,4,2,3,13,4,13,14,1,13,14,5,14,15,10,14,15,6,15,7,9,15,7],"type":"mesh","transform":{},"slotPose":[1,0,0,1,0,0],"userEdges":[12,1,12,10,13,14,14,15,15,7],"width":64,"height":27,"name":"Foot_R","weights":[2,8,0.91,14,0.09,2,8,0.26288,14,0.73711,1,14,1,1,14,1,1,14,1,2,14,0.92964,21,0.07035,2,14,0.01619,21,0.9838,1,21,1,1,21,1,2,14,0.0238,21,0.97619,2,8,0.49197,14,0.50802,2,8,0.99813,14,0.00186,2,8,0.47,14,0.52999,1,14,1,1,14,1,2,14,0.76194,21,0.23805]}],"name":"Foot_R"}],"name":""}],"slot":[{"name":"Hand_L","parent":"Hand_L","color":{}},{"z":1,"name":"Tail_02","parent":"Tail6","color":{}},{"z":2,"name":"Tail","parent":"Tail","color":{}},{"z":3,"name":"Leg_L","parent":"Leg_L","color":{}},{"z":4,"name":"Leg_R","parent":"Leg_R","color":{}},{"z":5,"name":"Foot_L","parent":"Foot_L","color":{}},{"z":6,"name":"Foot_R","parent":"Foot_R","color":{}},{"z":7,"name":"Ear_L","parent":"Ear_L","color":{}},{"z":8,"name":"Body","parent":"Body","color":{}},{"z":9,"name":"Eye","parent":"Body","color":{}},{"z":10,"name":"Hair_01","parent":"Body","color":{}},{"z":11,"name":"Ear_R","parent":"Ear_R","color":{}},{"z":12,"name":"Brow_L","parent":"Brow_L","color":{}},{"z":13,"name":"Brow_R","parent":"Brow_R","color":{}},{"z":14,"name":"Hand_R","parent":"Hand_R","color":{}},{"z":15,"name":"buff_flo","parent":"buff_flo","color":{"aM":0}},{"z":16,"name":"buff_mid","parent":"buff_mid","color":{"aM":0}},{"z":17,"name":"buff_up","parent":"buff_up","color":{"aM":0}}],"frameRate":30,"name":"armatureName"}],"name":"cw_005_tiaotiaoshu_zj","version":"4.0"}