{"frameRate":30,"isGlobal":0,"armature":[{"skin":[{"name":"","slot":[{"display":[{"path":"zi_shangshengleidian_eff_01","type":"image","name":"zi_shangshengleidian_eff_01","transform":{"skX":90.58,"skY":90.58,"y":1.37,"x":145.34}},{"path":"zi_shangshengleidian_eff_02","type":"image","name":"zi_shangshengleidian_eff_02","transform":{"skX":90.58,"skY":90.58,"y":1.37,"x":145.34}},{"path":"zi_shangshengleidian_eff_03","type":"image","name":"zi_shangshengleidian_eff_03","transform":{"skX":90.58,"skY":90.58,"y":1.37,"x":145.34}},{"path":"zi_shangshengleidian_eff_04","type":"image","name":"zi_shangshengleidian_eff_04","transform":{"skX":90.58,"skY":90.58,"y":1.37,"x":145.34}},{"path":"zi_shangshengleidian_eff_05","type":"image","name":"zi_shangshengleidian_eff_05","transform":{"skX":90.58,"skY":90.58,"y":1.37,"x":145.34}}],"name":"zi_shangshengleidian_eff_3"},{"display":[{"path":"zi_shangshengleidian_eff_01","type":"image","name":"zi_shangshengleidian_eff_01","transform":{"skX":90.58,"skY":90.58,"y":1.37,"x":145.34}},{"path":"zi_shangshengleidian_eff_02","type":"image","name":"zi_shangshengleidian_eff_02","transform":{"skX":90.58,"skY":90.58,"y":1.37,"x":145.34}},{"path":"zi_shangshengleidian_eff_03","type":"image","name":"zi_shangshengleidian_eff_03","transform":{"skX":90.58,"skY":90.58,"y":1.37,"x":145.34}},{"path":"zi_shangshengleidian_eff_04","type":"image","name":"zi_shangshengleidian_eff_04","transform":{"skX":90.58,"skY":90.58,"y":1.37,"x":145.34}},{"path":"zi_shangshengleidian_eff_05","type":"image","name":"zi_shangshengleidian_eff_05","transform":{"skX":90.58,"skY":90.58,"y":1.37,"x":145.34}}],"name":"zi_shangshengleidian_eff_4"},{"display":[{"path":"zi_shangshengleidian_eff_01","type":"image","name":"zi_shangshengleidian_eff_01","transform":{"skX":90.58,"skY":90.58,"y":1.37,"x":145.34}},{"path":"zi_shangshengleidian_eff_02","type":"image","name":"zi_shangshengleidian_eff_02","transform":{"skX":90.58,"skY":90.58,"y":1.37,"x":145.34}},{"path":"zi_shangshengleidian_eff_03","type":"image","name":"zi_shangshengleidian_eff_03","transform":{"skX":90.58,"skY":90.58,"y":1.37,"x":145.34}},{"path":"zi_shangshengleidian_eff_04","type":"image","name":"zi_shangshengleidian_eff_04","transform":{"skX":90.58,"skY":90.58,"y":1.37,"x":145.34}},{"path":"zi_shangshengleidian_eff_05","type":"image","name":"zi_shangshengleidian_eff_05","transform":{"skX":90.58,"skY":90.58,"y":1.37,"x":145.34}}],"name":"zi_shangshengleidian_eff_6"},{"display":[{"path":"zi_shangshengleidian_eff_01","type":"image","name":"zi_shangshengleidian_eff_01","transform":{"skX":90.58,"skY":90.58,"y":1.37,"x":145.34}},{"path":"zi_shangshengleidian_eff_02","type":"image","name":"zi_shangshengleidian_eff_02","transform":{"skX":90.58,"skY":90.58,"y":1.37,"x":145.34}},{"path":"zi_shangshengleidian_eff_03","type":"image","name":"zi_shangshengleidian_eff_03","transform":{"skX":90.58,"skY":90.58,"y":1.37,"x":145.34}},{"path":"zi_shangshengleidian_eff_04","type":"image","name":"zi_shangshengleidian_eff_04","transform":{"skX":90.58,"skY":90.58,"y":1.37,"x":145.34}},{"path":"zi_shangshengleidian_eff_05","type":"image","name":"zi_shangshengleidian_eff_05","transform":{"skX":90.58,"skY":90.58,"y":1.37,"x":145.34}}],"name":"zi_shangshengleidian_eff_01"},{"display":[{"path":"zi_shangshengleidian_eff_pz","type":"image","name":"zi_shangshengleidian_eff_pz","transform":{"scX":12.563,"y":-78.3,"scY":29.112,"x":29.09}}],"name":"zi_shangshengleidian_eff_pz"},{"display":[{"path":"zi_shangshengleidian_eff_01","type":"image","name":"zi_shangshengleidian_eff_01","transform":{"skX":90.58,"skY":90.58,"y":1.37,"x":145.34}},{"path":"zi_shangshengleidian_eff_02","type":"image","name":"zi_shangshengleidian_eff_02","transform":{"skX":90.58,"skY":90.58,"y":1.37,"x":145.34}},{"path":"zi_shangshengleidian_eff_03","type":"image","name":"zi_shangshengleidian_eff_03","transform":{"skX":90.58,"skY":90.58,"y":1.37,"x":145.34}},{"path":"zi_shangshengleidian_eff_04","type":"image","name":"zi_shangshengleidian_eff_04","transform":{"skX":90.58,"skY":90.58,"y":1.37,"x":145.34}},{"path":"zi_shangshengleidian_eff_05","type":"image","name":"zi_shangshengleidian_eff_05","transform":{"skX":90.58,"skY":90.58,"y":1.37,"x":145.34}}],"name":"zi_shangshengleidian_eff_5"},{"display":[{"path":"zi_shangshengleidian_eff_01","type":"image","name":"zi_shangshengleidian_eff_01","transform":{"skX":90.58,"skY":90.58,"y":1.37,"x":145.34}},{"path":"zi_shangshengleidian_eff_02","type":"image","name":"zi_shangshengleidian_eff_02","transform":{"skX":90.58,"skY":90.58,"y":1.37,"x":145.34}},{"path":"zi_shangshengleidian_eff_03","type":"image","name":"zi_shangshengleidian_eff_03","transform":{"skX":90.58,"skY":90.58,"y":1.37,"x":145.34}},{"path":"zi_shangshengleidian_eff_04","type":"image","name":"zi_shangshengleidian_eff_04","transform":{"skX":90.58,"skY":90.58,"y":1.37,"x":145.34}},{"path":"zi_shangshengleidian_eff_05","type":"image","name":"zi_shangshengleidian_eff_05","transform":{"skX":90.58,"skY":90.58,"y":1.37,"x":145.34}}],"name":"zi_shangshengleidian_eff_2"},{"display":[{"path":"zi_shangshengleidian_eff_01","type":"image","name":"zi_shangshengleidian_eff_01","transform":{"skX":90.58,"skY":90.58,"y":1.37,"x":145.34}},{"path":"zi_shangshengleidian_eff_02","type":"image","name":"zi_shangshengleidian_eff_02","transform":{"skX":90.58,"skY":90.58,"y":1.37,"x":145.34}},{"path":"zi_shangshengleidian_eff_03","type":"image","name":"zi_shangshengleidian_eff_03","transform":{"skX":90.58,"skY":90.58,"y":1.37,"x":145.34}},{"path":"zi_shangshengleidian_eff_04","type":"image","name":"zi_shangshengleidian_eff_04","transform":{"skX":90.58,"skY":90.58,"y":1.37,"x":145.34}},{"path":"zi_shangshengleidian_eff_05","type":"image","name":"zi_shangshengleidian_eff_05","transform":{"skX":90.58,"skY":90.58,"y":1.37,"x":145.34}}],"name":"zi_shangshengleidian_eff_1"}]}],"slot":[{"name":"zi_shangshengleidian_eff_pz","parent":"zi_shangshengleidian_eff_7","color":{}},{"z":1,"name":"zi_shangshengleidian_eff_01","parent":"zi_shangshengleidian_eff_01","color":{}},{"z":2,"displayIndex":-1,"name":"zi_shangshengleidian_eff_1","parent":"zi_shangshengleidian_eff_1","color":{}},{"z":3,"displayIndex":-1,"name":"zi_shangshengleidian_eff_2","parent":"zi_shangshengleidian_eff_2","color":{}},{"z":4,"displayIndex":-1,"name":"zi_shangshengleidian_eff_3","parent":"zi_shangshengleidian_eff_3","color":{}},{"z":5,"displayIndex":-1,"name":"zi_shangshengleidian_eff_4","parent":"zi_shangshengleidian_eff_4","color":{}},{"z":6,"displayIndex":-1,"name":"zi_shangshengleidian_eff_5","parent":"zi_shangshengleidian_eff_5","color":{}},{"z":7,"displayIndex":-1,"name":"zi_shangshengleidian_eff_6","parent":"zi_shangshengleidian_eff_6","color":{}}],"type":"Armature","ik":[],"defaultActions":[{"gotoAndPlay":"animation"}],"animation":[{"ffd":[],"frame":[],"duration":20,"ik":[],"bone":[{"frame":[{"duration":20,"transform":{}}],"name":"zi_shangshengleidian_eff_01"},{"frame":[{"duration":20,"transform":{}}],"name":"root"},{"frame":[{"duration":20,"transform":{}}],"name":"zi_shangshengleidian_eff_1"},{"frame":[{"duration":20,"transform":{}}],"name":"zi_shangshengleidian_eff_2"},{"frame":[{"duration":20,"transform":{}}],"name":"zi_shangshengleidian_eff_3"},{"frame":[{"duration":20,"transform":{}}],"name":"zi_shangshengleidian_eff_4"},{"frame":[{"duration":20,"transform":{}}],"name":"zi_shangshengleidian_eff_5"},{"frame":[{"duration":20,"transform":{}}],"name":"zi_shangshengleidian_eff_6"},{"frame":[{"duration":20,"transform":{}}],"name":"zi_shangshengleidian_eff_7"}],"slot":[{"frame":[{"tweenEasing":0,"duration":3},{"tweenEasing":0,"displayIndex":1,"duration":3},{"tweenEasing":0,"displayIndex":2,"duration":3},{"tweenEasing":0,"displayIndex":3,"duration":3},{"tweenEasing":0,"displayIndex":4,"duration":8},{"tweenEasing":null,"displayIndex":4,"duration":0,"color":{"aM":0}}],"name":"zi_shangshengleidian_eff_01"},{"frame":[{"tweenEasing":0,"duration":12},{"tweenEasing":null,"displayIndex":-1,"duration":8}],"name":"zi_shangshengleidian_eff_pz"}],"name":"animation"},{"ffd":[],"frame":[],"duration":50,"ik":[],"bone":[{"frame":[{"duration":50,"transform":{}}],"name":"zi_shangshengleidian_eff_01"},{"frame":[{"tweenEasing":0,"duration":5,"transform":{}},{"duration":45,"transform":{}}],"name":"zi_shangshengleidian_eff_1"},{"frame":[{"tweenEasing":0,"duration":10,"transform":{}},{"duration":40,"transform":{}}],"name":"zi_shangshengleidian_eff_2"},{"frame":[{"tweenEasing":0,"duration":15,"transform":{}},{"duration":35,"transform":{}}],"name":"zi_shangshengleidian_eff_3"},{"frame":[{"tweenEasing":0,"duration":20,"transform":{}},{"duration":30,"transform":{}}],"name":"zi_shangshengleidian_eff_4"},{"frame":[{"tweenEasing":0,"duration":25,"transform":{}},{"duration":25,"transform":{}}],"name":"zi_shangshengleidian_eff_5"},{"frame":[{"tweenEasing":0,"duration":30,"transform":{}},{"duration":20,"transform":{}}],"name":"zi_shangshengleidian_eff_6"},{"frame":[{"duration":7,"transform":{}},{"tweenEasing":0,"duration":1,"transform":{}},{"duration":4,"transform":{"x":93.85}},{"tweenEasing":0,"duration":1,"transform":{"x":93.85}},{"duration":4,"transform":{"x":182.96}},{"tweenEasing":0,"duration":1,"transform":{"x":182.96}},{"duration":4,"transform":{"x":272.07}},{"tweenEasing":0,"duration":1,"transform":{"x":272.07}},{"duration":4,"transform":{"x":364.03}},{"tweenEasing":0,"duration":1,"transform":{"x":364.03}},{"duration":4,"transform":{"x":451.24}},{"tweenEasing":0,"duration":1,"transform":{"x":451.24}},{"duration":6,"transform":{"x":538.72}},{"duration":11,"transform":{"x":538.72}}],"name":"zi_shangshengleidian_eff_7"},{"frame":[{"duration":50,"transform":{}}],"name":"root"}],"slot":[{"frame":[{"tweenEasing":0,"duration":3},{"tweenEasing":0,"displayIndex":1,"duration":3},{"tweenEasing":0,"displayIndex":2,"duration":3},{"tweenEasing":0,"displayIndex":3,"duration":3},{"tweenEasing":0,"displayIndex":4,"duration":8},{"tweenEasing":null,"displayIndex":4,"duration":30,"color":{"aM":0}}],"name":"zi_shangshengleidian_eff_01"},{"frame":[{"tweenEasing":0,"displayIndex":-1,"duration":5},{"tweenEasing":0,"duration":3},{"tweenEasing":0,"displayIndex":1,"duration":3},{"tweenEasing":0,"displayIndex":2,"duration":3},{"tweenEasing":0,"displayIndex":3,"duration":3},{"tweenEasing":0,"displayIndex":4,"duration":8},{"tweenEasing":null,"displayIndex":4,"duration":25,"color":{"aM":0}}],"name":"zi_shangshengleidian_eff_1"},{"frame":[{"tweenEasing":0,"displayIndex":-1,"duration":10},{"tweenEasing":0,"duration":3},{"tweenEasing":0,"displayIndex":1,"duration":3},{"tweenEasing":0,"displayIndex":2,"duration":3},{"tweenEasing":0,"displayIndex":3,"duration":3},{"tweenEasing":0,"displayIndex":4,"duration":8},{"tweenEasing":null,"displayIndex":4,"duration":20,"color":{"aM":0}}],"name":"zi_shangshengleidian_eff_2"},{"frame":[{"tweenEasing":0,"displayIndex":-1,"duration":15},{"tweenEasing":0,"duration":3},{"tweenEasing":0,"displayIndex":1,"duration":3},{"tweenEasing":0,"displayIndex":2,"duration":3},{"tweenEasing":0,"displayIndex":3,"duration":3},{"tweenEasing":0,"displayIndex":4,"duration":8},{"tweenEasing":null,"displayIndex":4,"duration":15,"color":{"aM":0}}],"name":"zi_shangshengleidian_eff_3"},{"frame":[{"tweenEasing":0,"displayIndex":-1,"duration":20},{"tweenEasing":0,"duration":3},{"tweenEasing":0,"displayIndex":1,"duration":3},{"tweenEasing":0,"displayIndex":2,"duration":3},{"tweenEasing":0,"displayIndex":3,"duration":3},{"tweenEasing":0,"displayIndex":4,"duration":8},{"tweenEasing":null,"displayIndex":4,"duration":10,"color":{"aM":0}}],"name":"zi_shangshengleidian_eff_4"},{"frame":[{"tweenEasing":0,"displayIndex":-1,"duration":25},{"tweenEasing":0,"duration":3},{"tweenEasing":0,"displayIndex":1,"duration":3},{"tweenEasing":0,"displayIndex":2,"duration":3},{"tweenEasing":0,"displayIndex":3,"duration":3},{"tweenEasing":0,"displayIndex":4,"duration":8},{"tweenEasing":null,"displayIndex":4,"duration":5,"color":{"aM":0}}],"name":"zi_shangshengleidian_eff_5"},{"frame":[{"tweenEasing":0,"displayIndex":-1,"duration":30},{"tweenEasing":0,"duration":3},{"tweenEasing":0,"displayIndex":1,"duration":3},{"tweenEasing":0,"displayIndex":2,"duration":3},{"tweenEasing":0,"displayIndex":3,"duration":3},{"tweenEasing":0,"displayIndex":4,"duration":8},{"tweenEasing":null,"displayIndex":4,"duration":0,"color":{"aM":0}}],"name":"zi_shangshengleidian_eff_6"},{"frame":[{"tweenEasing":0,"duration":39},{"tweenEasing":null,"displayIndex":-1,"duration":11}],"name":"zi_shangshengleidian_eff_pz"}],"name":"animation2"},{"ffd":[],"frame":[],"duration":20,"ik":[],"bone":[{"frame":[{"duration":20,"transform":{}}],"name":"zi_shangshengleidian_eff_01"},{"frame":[{"duration":20,"transform":{}}],"name":"zi_shangshengleidian_eff_1"},{"frame":[{"duration":20,"transform":{}}],"name":"zi_shangshengleidian_eff_2"},{"frame":[{"duration":20,"transform":{}}],"name":"zi_shangshengleidian_eff_3"},{"frame":[{"duration":20,"transform":{}}],"name":"zi_shangshengleidian_eff_4"},{"frame":[{"duration":20,"transform":{}}],"name":"zi_shangshengleidian_eff_5"},{"frame":[{"duration":20,"transform":{}}],"name":"zi_shangshengleidian_eff_6"},{"frame":[{"duration":10,"transform":{"scX":5.012,"x":145.02}},{"duration":10,"transform":{"scX":5.012,"x":145.02}}],"name":"zi_shangshengleidian_eff_7"},{"frame":[{"duration":20,"transform":{}}],"name":"root"}],"slot":[{"frame":[{"tweenEasing":0,"duration":3},{"tweenEasing":0,"displayIndex":1,"duration":3},{"tweenEasing":0,"displayIndex":2,"duration":3},{"tweenEasing":0,"displayIndex":3,"duration":3},{"tweenEasing":0,"displayIndex":4,"duration":8},{"tweenEasing":null,"displayIndex":4,"duration":0,"color":{"aM":0}}],"name":"zi_shangshengleidian_eff_01"},{"frame":[{"tweenEasing":0,"duration":3},{"tweenEasing":0,"displayIndex":1,"duration":3},{"tweenEasing":0,"displayIndex":2,"duration":3},{"tweenEasing":0,"displayIndex":3,"duration":3},{"tweenEasing":0,"displayIndex":4,"duration":8},{"tweenEasing":null,"displayIndex":4,"duration":0,"color":{"aM":0}}],"name":"zi_shangshengleidian_eff_1"},{"frame":[{"tweenEasing":0,"duration":3},{"tweenEasing":0,"displayIndex":1,"duration":3},{"tweenEasing":0,"displayIndex":2,"duration":3},{"tweenEasing":0,"displayIndex":3,"duration":3},{"tweenEasing":0,"displayIndex":4,"duration":8},{"tweenEasing":null,"displayIndex":4,"duration":0,"color":{"aM":0}}],"name":"zi_shangshengleidian_eff_2"},{"frame":[{"tweenEasing":0,"duration":3},{"tweenEasing":0,"displayIndex":1,"duration":3},{"tweenEasing":0,"displayIndex":2,"duration":3},{"tweenEasing":0,"displayIndex":3,"duration":3},{"tweenEasing":0,"displayIndex":4,"duration":8},{"tweenEasing":null,"displayIndex":4,"duration":0,"color":{"aM":0}}],"name":"zi_shangshengleidian_eff_3"},{"frame":[{"tweenEasing":0,"duration":3},{"tweenEasing":0,"displayIndex":1,"duration":3},{"tweenEasing":0,"displayIndex":2,"duration":3},{"tweenEasing":0,"displayIndex":3,"duration":3},{"tweenEasing":0,"displayIndex":4,"duration":8},{"tweenEasing":null,"displayIndex":4,"duration":0,"color":{"aM":0}}],"name":"zi_shangshengleidian_eff_4"},{"frame":[{"tweenEasing":0,"duration":3},{"tweenEasing":0,"displayIndex":1,"duration":3},{"tweenEasing":0,"displayIndex":2,"duration":3},{"tweenEasing":0,"displayIndex":3,"duration":3},{"tweenEasing":0,"displayIndex":4,"duration":8},{"tweenEasing":null,"displayIndex":4,"duration":0,"color":{"aM":0}}],"name":"zi_shangshengleidian_eff_5"},{"frame":[{"tweenEasing":0,"duration":3},{"tweenEasing":0,"displayIndex":1,"duration":3},{"tweenEasing":0,"displayIndex":2,"duration":3},{"tweenEasing":0,"displayIndex":3,"duration":3},{"tweenEasing":0,"displayIndex":4,"duration":8},{"tweenEasing":null,"displayIndex":4,"duration":0,"color":{"aM":0}}],"name":"zi_shangshengleidian_eff_6"},{"frame":[{"tweenEasing":0,"duration":10},{"tweenEasing":null,"displayIndex":-1,"duration":10}],"name":"zi_shangshengleidian_eff_pz"}],"name":"animation3"}],"bone":[{"name":"root","transform":{}},{"length":82,"transform":{"skX":-90.58,"skY":-90.58,"y":-4.73,"x":1.1},"parent":"root","name":"zi_shangshengleidian_eff_01"},{"length":82,"transform":{"skX":-90.58,"skY":-90.58,"y":-5.63,"x":89.94},"parent":"root","name":"zi_shangshengleidian_eff_1"},{"length":82,"transform":{"skX":-90.58,"skY":-90.58,"y":-6.55,"x":179.94},"parent":"root","name":"zi_shangshengleidian_eff_2"},{"length":82,"transform":{"skX":-90.58,"skY":-90.58,"y":-7.47,"x":269.93},"parent":"root","name":"zi_shangshengleidian_eff_3"},{"length":82,"transform":{"skX":-90.58,"skY":-90.58,"y":-8.39,"x":359.93},"parent":"root","name":"zi_shangshengleidian_eff_4"},{"length":82,"transform":{"skX":-90.58,"skY":-90.58,"y":-9.31,"x":449.92},"parent":"root","name":"zi_shangshengleidian_eff_5"},{"length":82,"transform":{"skX":-90.58,"skY":-90.58,"y":-10.23,"x":539.92},"parent":"root","name":"zi_shangshengleidian_eff_6"},{"transform":{"y":-62.44,"x":-28.99},"name":"zi_shangshengleidian_eff_7","parent":"root"}],"aabb":{"width":225,"y":-337.5764214782596,"height":375,"x":-111.50130875641108},"name":"armatureName","frameRate":30}],"name":"zi_shangshengleidian_eff","version":"4.0"}