{"frameRate":30,"name":"fish","version":"5.5","compatibleVersion":"5.5","armature":[{"type":"Armature","frameRate":30,"name":"armatureName","aabb":{"y":-388.38,"width":1541,"height":388.39},"bone":[{"name":"root"},{"length":57,"name":"leaf3","parent":"root","transform":{"x":76.38,"y":-67.73,"skX":-83.85,"skY":-83.85}},{"length":40,"name":"npcBODY","parent":"root","transform":{"x":1107.17,"y":-260.68,"skX":-92.54,"skY":-92.54}},{"name":"q4","parent":"root","transform":{"x":884.72,"y":-259.83}},{"name":"front","parent":"root","transform":{"x":1449.65,"y":-15.6}},{"name":"q3","parent":"root","transform":{"x":884.72,"y":-134.92}},{"length":77,"name":"leaf5","parent":"root","transform":{"x":98.56,"y":-67.73,"skX":12.4,"skY":12.4}},{"name":"leaf1","parent":"root","transform":{"x":70.22,"y":-29.54}},{"length":57,"name":"leaf4","parent":"root","transform":{"x":85.01,"y":-66.5,"skX":-40.35,"skY":-40.35}},{"length":81,"name":"leaf2","parent":"root","transform":{"x":64.06,"y":-67.73,"skX":-119.72,"skY":-119.72}},{"length":56,"name":"bone","parent":"leaf3","transform":{"x":57.61,"skX":13.71,"skY":13.71}},{"length":33,"name":"q6","parent":"q4","transform":{"x":0.25,"y":-3.22,"skX":-88.66,"skY":-88.66}},{"length":17,"name":"fisha","parent":"front","transform":{"x":9.4,"y":-108.25,"skX":180,"skY":180}},{"length":21,"name":"fishb","parent":"front","transform":{"x":69.51,"y":-96.34,"skX":159.51,"skY":159.51}},{"length":32,"name":"npcARMr","parent":"npcBODY","transform":{"x":40.17,"y":-22.6,"skX":-148.5,"skY":-148.5}},{"length":98,"name":"fishlight1","parent":"front","transform":{"x":-57.49,"y":-195,"skX":91.97,"skY":91.97}},{"name":"fishlight2","parent":"front","transform":{"x":23.58,"y":-143.4}},{"length":84,"name":"q5","parent":"q4","transform":{"y":3.48,"skX":91.18,"skY":91.18}},{"length":46,"name":"npcHEAD","parent":"npcBODY","transform":{"x":43.2,"y":-0.81,"skX":-5.91,"skY":-5.91}},{"length":37,"name":"npcARML","parent":"npcBODY","transform":{"x":36.64,"y":14.12,"skX":163.24,"skY":163.24}},{"length":13,"name":"fisha2","parent":"fisha","transform":{"x":-16.44,"y":-2.83,"skX":-107.72,"skY":-107.72}},{"length":16,"name":"fisha1","parent":"fisha","transform":{"x":-17.57,"y":-0.56,"skX":129.47,"skY":129.47}},{"length":32,"name":"q7","parent":"q6","transform":{"x":33.52,"y":-21.5,"skX":-173.09,"skY":-173.09}},{"length":13,"name":"q9","parent":"q6","transform":{"x":39.88,"y":-0.14,"skX":-1.32,"skY":-1.32}},{"length":32,"name":"npchandL","parent":"npcARML","transform":{"x":37.11,"y":-0.2,"skX":96.43,"skY":96.43}},{"name":"npcEYES","parent":"npcHEAD","transform":{"x":21.34,"y":-4.62}},{"length":48,"name":"npcHEAD2","parent":"npcHEAD","transform":{"x":-9.74,"y":58.59,"skX":3.93,"skY":3.93}},{"length":15,"name":"fishb1","parent":"fishb","transform":{"x":-2.32,"y":-0.26,"skX":147.93,"skY":147.93}},{"length":10,"name":"npchandR","parent":"npcARMr","transform":{"x":33.24,"y":0.18,"skX":20.23,"skY":20.23}},{"length":38,"name":"q11","parent":"q6","transform":{"x":34.47,"y":19.14,"skX":156.6,"skY":156.6}},{"length":23,"name":"q18","parent":"q11","transform":{"x":38.55,"y":-0.39,"skX":-146.9,"skY":-146.9}},{"length":26,"name":"q10","parent":"q9","transform":{"x":1.17,"y":7.42,"skX":149.05,"skY":149.05}},{"length":25,"name":"bone2","parent":"q9","transform":{"y":-9.77,"skX":-150.78,"skY":-150.78}},{"length":28,"name":"bone3","parent":"q7","transform":{"x":32.79,"skX":11.22,"skY":11.22}},{"length":50,"name":"q14","parent":"q9","transform":{"x":9.37,"y":-0.45,"skX":0.27,"skY":0.27}},{"length":14,"name":"q8","parent":"bone3","transform":{"x":25.48,"y":0.54,"skX":-8.73,"skY":-8.73}},{"length":21,"name":"q1","parent":"q14","transform":{"x":50.02,"y":-7.51,"skX":-153.18,"skY":-153.18}},{"length":50,"name":"q12","parent":"q14","transform":{"x":35.8,"y":19.76,"skX":177.53,"skY":177.53}},{"length":53,"name":"q13","parent":"q14","transform":{"x":33.91,"y":-22.99,"skX":-178.17,"skY":-178.17}},{"name":"q2","parent":"q14","transform":{"x":-0.25,"y":-1.94}},{"length":17,"name":"q16","parent":"q14","transform":{"x":44.39,"y":-16.71,"skX":-33.99,"skY":-33.99}},{"length":18,"name":"q17","parent":"q14","transform":{"x":43.56,"y":15.36,"skX":31.37,"skY":31.37}},{"length":21,"name":"q15","parent":"q14","transform":{"x":49.85,"y":8.28,"skX":151.81,"skY":151.81}},{"length":32,"name":"q19","parent":"q18","transform":{"x":21.39,"y":-0.58,"skX":-13.09,"skY":-13.09}},{"name":"q20","parent":"q14","transform":{"x":34.24,"y":-3.31}},{"name":"q21","parent":"q14","transform":{"x":22.34,"y":-2.28}},{"name":"q22","parent":"q14","transform":{"x":23.34,"y":2.81}}],"slot":[{"name":"leaf2","parent":"leaf5"},{"name":"leaf1","parent":"leaf1"},{"name":"front","parent":"front"},{"name":"fisha1","parent":"fisha2"},{"name":"fisha","parent":"fisha"},{"name":"fishb1","parent":"fishb1"},{"name":"fishb","parent":"fishb"},{"blendMode":"add","name":"fishlight1","parent":"fishlight1"},{"name":"fishlight2","parent":"fishlight2"},{"name":"npcARMr","parent":"npcARMr"},{"name":"npchandR","parent":"npchandR"},{"name":"npcBODY","parent":"npcBODY"},{"name":"npcARML","parent":"npcARML"},{"name":"npcHEAD","parent":"npcHEAD"},{"name":"npcEYES","parent":"npcEYES"},{"name":"npchandL","parent":"npchandL"},{"name":"npcHEAD2","parent":"npcHEAD2","color":{"aM":19,"rM":2,"gM":5,"bM":1}},{"name":"q1","parent":"q20"},{"name":"q2","parent":"q2"},{"name":"q3","parent":"q3"},{"name":"q4","parent":"q5"},{"name":"q5","parent":"q6"},{"name":"q6","parent":"q8"},{"name":"q7","parent":"q7"},{"name":"q8","parent":"q11"},{"name":"q9","parent":"q10"},{"name":"q10","parent":"q17"},{"name":"q11","parent":"q16"},{"name":"q12","parent":"q12"},{"name":"q13","parent":"q13"},{"name":"q14","parent":"q14"},{"name":"q15","parent":"q15"},{"displayIndex":-1,"name":"q16","parent":"q22"},{"name":"q17","parent":"q21"},{"name":"q18","parent":"q18"},{"name":"q19","parent":"q19"}],"skin":[{"slot":[{"name":"fisha1","display":[{"type":"mesh","name":"fisha1","width":17,"height":35,"vertices":[1481.01,-120.63,1483.55,-103.09,1480.33,-103.01,1475.12,-109,1472.33,-120.15,1474.34,-126.58,1486.61,-137.99,1489,-135.92],"uvs":[0.53251,0.49635,0.68222,0.99739,0.4925,0.99999,0.18556,0.82899,0.0211,0.51026,0.13869,0.32646,0.85897,0,1,0.05909],"triangles":[0,3,1,6,5,7,5,0,7,3,2,1,4,3,0,5,4,0],"weights":[2,21,0.54909,20,0.4509,1,20,1,1,20,1,1,20,1,2,21,0.01098,20,0.98901,2,21,0.98689,20,0.0131,1,21,1,1,21,1],"slotPose":[1,0,0,1,0,0],"bonePose":[21,0.635674,-0.771958,0.771958,0.635674,1476.62,-123.29,20,0.304366,0.952555,-0.952555,0.304366,1475.49,-121.02],"edges":[4,3,3,2,2,1,1,0,0,7,7,6,6,5,5,4],"userEdges":[]}]},{"name":"fishb","display":[{"name":"fishb","transform":{"x":6.92,"y":4.78,"skX":-159.37,"skY":-159.37}}]},{"name":"q5","display":[{"name":"q5","transform":{"x":10.67,"y":0.15,"skX":88.67,"skY":88.67}}]},{"name":"npcEYES","display":[{"name":"npcEYES","transform":{"x":-0.56,"y":1.31,"skX":98.46,"skY":98.46}}]},{"name":"q19","display":[{"name":"q19","transform":{"x":13.35,"y":-1.39,"skX":92.08,"skY":92.08}}]},{"name":"q16","display":[{"name":"q16","transform":{"x":-1,"y":-3.83,"skX":89.74,"skY":89.74}}]},{"name":"q9","display":[{"type":"mesh","name":"q9","width":60,"height":46,"vertices":[906.45,-304.99,915.56,-296.91,915.52,-287.89,909.88,-276.54,899.96,-270.04,885.28,-270.12,870.05,-270.19,860.24,-277.75,855.55,-288.69,855.6,-297.06,864.95,-304.21,873.35,-309.29,876.94,-316.16,894.21,-316.07,896.06,-309.26,885.29,-288.03,885.18,-301.7],"uvs":[0.8475,0.23956,1,0.4141,1,0.61037,0.90704,0.85753,0.74237,1,0.49735,1,0.24365,1,0.07897,0.83687,0,0.59972,0,0.41756,0.15528,0.26125,0.29507,0.14966,0.35412,0,0.6422,0,0.67371,0.14778,0.49594,0.61076,0.49274,0.31352],"triangles":[15,3,2,0,15,2,0,2,1,16,15,0,15,4,3,14,16,0,15,5,4,13,16,14,12,16,13,11,10,16,12,11,16,10,8,15,7,6,15,16,10,15,15,6,5,8,7,15,9,8,10],"weights":[1,31,0.99999,1,31,1,1,31,1,2,32,0.00075,31,0.99924,3,23,0.01492,32,0.07395,31,0.91111,2,32,0.51283,31,0.48716,3,23,0.01383,32,0.9286,31,0.05755,1,32,1,1,32,1,1,32,1,1,32,0.99999,1,23,1,1,23,1,1,23,1,1,23,1,2,32,0.49,31,0.51,1,23,1],"slotPose":[1,0,0,1,0,0],"bonePose":[32,-0.488469,0.872581,-0.872581,-0.488469,875.992644,-302.925778,31,0.51399,0.857796,-0.857796,0.51399,893.183051,-304.089778,23,0.000349,-1,1,0.000349,885.762643,-302.922368],"edges":[8,7,7,6,6,5,5,4,4,3,3,2,2,1,1,0,0,14,14,13,13,12,12,11,11,10,10,9,9,8],"userEdges":[]}]},{"name":"q2","display":[{"name":"q2","transform":{"x":1.71,"y":0.75,"skX":89.74,"skY":89.74}}]},{"name":"npcBODY","display":[{"name":"npcBODY","transform":{"x":20.23,"y":-7.79,"skX":92.53,"skY":92.53}}]},{"name":"front","display":[{"name":"front","transform":{"x":-9.15,"y":-97.39}}]},{"name":"q12","display":[{"name":"q12","transform":{"x":31.05,"y":-2.23,"skX":-87.75,"skY":-87.75}}]},{"name":"fishb1","display":[{"name":"fishb1","transform":{"x":5.12,"y":-0.68,"skX":52.35,"skY":52.35}}]},{"name":"q6","display":[{"name":"q6","transform":{"x":7.98,"y":0.3,"skX":-100.72,"skY":-100.72}}]},{"name":"npchandL","display":[{"name":"npchandL","transform":{"x":18.4,"y":-0.66,"skX":-167.05,"skY":-167.05}}]},{"name":"fishlight1","display":[{"name":"fishlight1","transform":{"x":90.24,"y":-41.42,"skX":-91.94,"skY":-91.94}}]},{"name":"fishlight2","display":[{"name":"fishlight2","transform":{"x":-2.73,"y":-0.99}}]},{"name":"q13","display":[{"name":"q13","transform":{"x":28.96,"y":-0.21,"skX":-92.06,"skY":-92.06}}]},{"name":"q10","display":[{"name":"q10","transform":{"x":6.77,"y":0.23,"skX":58.12,"skY":58.12}}]},{"name":"q3","display":[{"name":"q3","transform":{"x":0.79,"y":-19.08}}]},{"name":"npcARML","display":[{"name":"npcARML","transform":{"x":21.88,"y":1.51,"skX":-70.58,"skY":-70.58}}]},{"name":"leaf1","display":[{"name":"leaf1","transform":{"x":-3.72,"y":-19.95}}]},{"name":"q14","display":[{"name":"q14","transform":{"x":20.7,"y":-0.94,"skX":89.74,"skY":89.74}}]},{"name":"q7","display":[{"type":"mesh","name":"q7","width":32,"height":65,"vertices":[870.05,-281.56,866.51,-263.02,859.77,-235.91,845.76,-235.91,838.04,-239.19,838.05,-251.17,848.92,-269.46,856.45,-300.9,865.56,-300.9,870.05,-296.97],"uvs":[1,0.29769,0.88962,0.5828,0.67939,0.99998,0.24136,1,0.00001,0.94961,0.00001,0.76516,0.33959,0.48372,0.5748,0,0.85992,0,0.99999,0.06046],"triangles":[5,2,1,6,1,0,7,6,0,7,0,9,8,7,9,5,3,2,6,5,1,5,4,3],"weights":[1,22,1,2,22,0.52999,33,0.47,1,33,1,1,33,1,1,33,1,1,33,1,2,22,0.52999,33,0.47,1,22,1,1,22,1,1,22,1],"slotPose":[1,0,0,1,0,0],"bonePose":[22,-0.143493,0.989651,-0.989651,-0.143493,864.259754,-297.063617,33,-0.333313,0.942816,-0.942816,-0.333313,859.554631,-264.612948],"edges":[4,3,3,2,2,1,1,0,0,9,9,8,8,7,7,6,6,5,5,4],"userEdges":[]}]},{"name":"npcHEAD2","display":[{"name":"npcHEAD","transform":{"x":22.76,"y":1.14,"skX":94.53,"skY":94.53}}]},{"name":"npcARMr","display":[{"name":"npcARMr","transform":{"x":16.58,"y":-2.57,"skX":-119.2,"skY":-119.2}}]},{"name":"q17","display":[{"name":"q17","transform":{"x":0.54,"y":1.2,"skX":89.74,"skY":89.74}}]},{"name":"leaf2","display":[{"type":"mesh","name":"leaf2","width":200,"height":184,"vertices":[199.99,-74.86,199.99,-65.13,185.62,-26.4,153.71,-46.44,154.81,-1,144.65,-1,124.29,-27.05,95.64,-44.49,59.68,-41.17,0.02,-72.35,0,-130.3,-0.02,-137.07,6.74,-151.95,44.06,-155.33,60.74,-154.63,80.19,-171.88,116.78,-184.98,124.39,-184.98,107.79,-144,142.55,-141.54,177.11,-119.87,63.45,-56.71,69.8,-71.07,83.34,-69.39,92.65,-66.01,146.79,-104.92,113.79,-96.03,147.21,-89.27],"uvs":[1,0.59861,1,0.6515,0.92812,0.86201,0.76856,0.75308,0.77402,1,0.72325,1,0.62145,0.85842,0.47821,0.76365,0.29833,0.78168,0,0.61199,0,0.29701,0,0.2602,0.03378,0.17935,0.2204,0.16104,0.30374,0.16492,0.40101,0.07115,0.58398,0,0.62205,0,0.53903,0.22267,0.71286,0.23615,0.88565,0.35404,0.31722,0.6972,0.34897,0.61904,0.41666,0.62826,0.46319,0.64668,0.73402,0.43525,0.56901,0.48347,0.73611,0.52032],"triangles":[3,2,1,20,27,0,3,1,0,27,3,0,25,27,20,19,25,20,26,24,27,7,6,3,24,7,3,27,24,3,6,5,3,3,5,4,18,26,19,26,27,25,19,26,25,16,18,17,15,18,16,18,14,26,14,22,26,22,23,26,23,24,26,15,14,18,24,23,7,23,21,7,21,8,7,14,13,22,13,10,22,22,21,23,9,8,21,11,10,12,12,10,13,9,10,21,10,21,22],"weights":[3,10,0.00072,8,0.18187,6,0.81739,3,10,0.0006,8,0.11312,6,0.88627,1,6,0.99999,1,6,0.99999,4,9,0.00002,1,0.00003,8,0.0002,6,0.99972,4,9,0.00002,1,0.00003,8,0.0002,6,0.99973,3,9,0.00001,1,0.00001,6,0.99996,4,9,0.00966,1,0.01007,8,0.18464,6,0.7956,4,9,0.8489,1,0.08846,8,0.06123,6,0.00139,2,9,0.99998,8,0.00001,2,9,0.99993,10,0.00006,2,9,0.99991,10,0.00008,1,9,0.99999,3,9,0.65845,1,0.02585,10,0.31569,3,9,0.25351,1,0.04351,10,0.70297,2,9,0.01229,10,0.9877,2,9,0.00014,10,0.99985,2,9,0.00016,10,0.99983,3,1,0.01575,10,0.76432,8,0.21992,2,10,0.15627,8,0.84372,3,10,0.00474,8,0.81888,6,0.17636,4,9,0.65409,1,0.21932,8,0.10741,6,0.01916,2,9,0.40192,1,0.59807,1,8,1,2,8,0.50769,6,0.4923,3,10,0.01103,8,0.86489,6,0.12406,3,1,0.11604,10,0.02613,8,0.85781,2,8,0.72946,6,0.27052],"slotPose":[1,0,0,1,0,0],"bonePose":[10,0.339723,-0.940526,0.940526,0.339723,82.55186,-125.008445,8,0.762104,-0.647455,0.647455,0.762104,85.01,-66.5,6,0.976672,0.214735,-0.214735,0.976672,98.56,-67.73,9,-0.495762,-0.868459,0.868459,-0.495762,64.06,-67.73,1,0.107132,-0.994245,0.994245,0.107132,76.38,-67.73],"edges":[9,8,8,7,7,6,6,5,5,4,4,3,3,2,2,1,1,0,0,20,20,19,19,18,18,17,17,16,16,15,15,14,14,13,13,12,12,11,11,10,10,9],"userEdges":[10,21]}]},{"name":"q11","display":[{"name":"q11","transform":{"x":5.9,"y":-0.55,"skX":124.02,"skY":124.02}}]},{"name":"q4","display":[{"type":"mesh","name":"q4","width":86,"height":94,"vertices":[921.84,-236.89,928.81,-212.9,928.79,-187.61,928.78,-170.44,883.51,-170.47,842.78,-170.48,842.8,-187.65,842.81,-212.93,850.46,-237.99,862.01,-253.35,872.22,-264.45,898.59,-264.45,909.2,-253.78,883.99,-251.72,884.42,-237.12,883.54,-212.93,883.09,-182.4],"uvs":[0.91888,0.29327,1,0.54838,1,0.8174,1,1,0.47357,1,0,1,0,0.8174,0,0.54838,0.08872,0.28168,0.22306,0.11827,0.34176,0,0.64848,0,0.77185,0.11363,0.47864,0.13557,0.48371,0.29095,0.47357,0.54838,0.4685,0.87306],"triangles":[16,4,3,0,15,1,16,3,2,1,15,2,15,16,2,12,14,0,14,15,0,11,13,12,13,14,12,10,13,11,8,7,15,7,6,15,15,6,16,8,15,14,9,8,14,9,14,13,10,9,13,16,5,4,6,5,16],"weights":[2,3,0.58,17,0.42,2,3,0.28,17,0.72,2,3,0.11,17,0.89,1,17,1,1,17,1,1,17,0.99999,2,3,0.11,17,0.89,2,3,0.28,17,0.72,2,3,0.58,17,0.42,2,3,0.69,17,0.31,1,3,1,1,3,1,2,3,0.69,17,0.31,2,3,0.87,17,0.13,2,3,0.29,17,0.71,1,17,1,1,17,1],"slotPose":[1,0,0,1,0,0],"bonePose":[3,1,0,0,1,884.72,-259.83,17,-0.020593,0.999788,-0.999788,-0.020593,884.72,-256.35],"edges":[5,4,4,3,3,2,2,1,1,0,0,12,12,11,11,10,10,9,9,8,8,7,7,6,6,5],"userEdges":[]}]},{"name":"npcHEAD","display":[{"name":"npcHEAD","transform":{"x":20.66,"y":-3.56,"skX":98.46,"skY":98.46}}]},{"name":"q18","display":[{"name":"q18","transform":{"x":10.57,"y":2.05,"skX":78.96,"skY":78.96}}]},{"name":"fisha","display":[{"name":"fisha","transform":{"x":1.06,"y":0.14,"skX":180,"skY":180}}]},{"name":"q15","display":[{"type":"mesh","name":"q15","width":56,"height":46,"vertices":[894.13,-367.59,905.57,-359.23,911.88,-347.85,911.82,-335.95,907.82,-330.47,897.9,-336.83,887.94,-331.9,872.86,-334.42,865.14,-327.84,862.38,-327.86,855.85,-336.48,855.89,-346.52,861.23,-357.38,870.82,-366.09,889.22,-373.71,894.14,-373.69,884.62,-362.37,884.74,-347.37],"uvs":[0.68142,0.13267,0.88632,0.3133,1,0.56009,1,0.81888,0.92893,0.93834,0.75121,0.80119,0.57377,0.90929,0.30425,0.85609,0.16685,1,0.11747,0.99999,0,0.81308,0,0.59473,0.09418,0.35806,0.26489,0.16766,0.59312,0,0.68092,0.00001,0.51197,0.24717,0.51526,0.57333],"triangles":[5,4,3,5,3,2,1,5,2,17,5,1,0,16,1,16,17,1,17,6,5,14,16,0,14,0,15,17,7,6,13,16,14,12,7,17,13,12,17,13,17,16,12,11,7,10,8,7,11,10,7,10,9,8],"weights":[2,36,0.07484,42,0.92515,1,42,1,1,42,1,1,42,1,1,42,1,2,36,0.08677,42,0.91322,2,36,0.45523,42,0.54476,2,36,0.9415,42,0.05849,2,36,0.99971,42,0.00028,1,36,1,1,36,1,1,36,1,1,36,1,1,36,1,2,36,0.22914,42,0.77085,2,36,0.15026,42,0.84973,2,36,0.6568,42,0.34319,2,36,0.56037,42,0.43962],"slotPose":[1,0,0,1,0,0],"bonePose":[36,-0.4557,0.890133,-0.890133,-0.4557,878.059183,-362.349895,42,0.46793,0.883766,-0.883766,0.46793,893.84812,-362.099977],"edges":[10,9,9,8,8,7,7,6,6,5,5,4,4,3,3,2,2,1,1,0,0,15,15,14,14,13,13,12,12,11,11,10],"userEdges":[]}]},{"name":"q8","display":[{"name":"q8","transform":{"x":23.35,"y":0.16,"skX":-67.77,"skY":-67.77}}]},{"name":"q1","display":[{"name":"q1","transform":{"x":9.34,"y":2.46,"skX":89.74,"skY":89.74}}]},{"name":"npchandR","display":[{"name":"npchandR","transform":{"x":5.89,"y":-2.93,"skX":-139.04,"skY":-139.04}}]}]}],"animation":[{"duration":120,"name":"animation","bone":[{"name":"leaf2","rotateFrame":[{"duration":60,"tweenEasing":0},{"duration":60,"tweenEasing":0,"rotate":-6.38},{"duration":0}]},{"name":"leaf3","rotateFrame":[{"duration":60,"tweenEasing":0},{"duration":60,"tweenEasing":0,"rotate":6.14},{"duration":0}]},{"name":"bone","translateFrame":[{"duration":60,"tweenEasing":0},{"duration":60,"tweenEasing":0,"x":-4.01,"y":6.25},{"duration":0}]},{"name":"leaf4","rotateFrame":[{"duration":60,"tweenEasing":0},{"duration":60,"tweenEasing":0,"rotate":7.29},{"duration":0}]},{"name":"leaf5","translateFrame":[{"duration":60,"tweenEasing":0},{"duration":60,"tweenEasing":0,"y":2.49},{"duration":0}],"rotateFrame":[{"duration":60,"tweenEasing":0},{"duration":60,"tweenEasing":0,"rotate":4.06},{"duration":0}]},{"name":"fisha","translateFrame":[{"duration":25,"tweenEasing":0},{"duration":5,"tweenEasing":0},{"duration":25,"tweenEasing":0,"x":-4.98,"y":4.09},{"duration":5,"tweenEasing":0,"x":-4.98,"y":4.09},{"duration":25,"tweenEasing":0,"y":8.19},{"duration":5,"tweenEasing":0,"y":8.19},{"duration":25,"tweenEasing":0,"x":2.99,"y":4.09},{"duration":5,"tweenEasing":0,"x":2.99,"y":4.09},{"duration":0}],"rotateFrame":[{"duration":5,"tweenEasing":0},{"duration":5,"tweenEasing":0,"rotate":3.04},{"duration":5,"tweenEasing":0},{"duration":5,"tweenEasing":0,"rotate":3.04},{"duration":5,"tweenEasing":0},{"duration":5,"tweenEasing":0,"rotate":3.04},{"duration":5,"tweenEasing":0},{"duration":5,"tweenEasing":0,"rotate":3.04},{"duration":5,"tweenEasing":0},{"duration":5,"tweenEasing":0,"rotate":3.04},{"duration":5,"tweenEasing":0},{"duration":5,"tweenEasing":0,"rotate":3.04},{"duration":5,"tweenEasing":0},{"duration":5,"tweenEasing":0,"rotate":3.04},{"duration":5,"tweenEasing":0},{"duration":5,"tweenEasing":0,"rotate":3.04},{"duration":5,"tweenEasing":0},{"duration":5,"tweenEasing":0,"rotate":3.04},{"duration":5,"tweenEasing":0},{"duration":5,"tweenEasing":0,"rotate":3.04},{"duration":5,"tweenEasing":0},{"duration":5,"tweenEasing":0,"rotate":3.04},{"duration":5,"tweenEasing":0},{"duration":5,"tweenEasing":0,"rotate":3.04},{"duration":0}],"scaleFrame":[{"duration":5,"tweenEasing":0},{"duration":5,"tweenEasing":0,"x":1.11},{"duration":5,"tweenEasing":0},{"duration":5,"tweenEasing":0,"x":1.11},{"duration":5,"tweenEasing":0},{"duration":5,"tweenEasing":0,"x":1.11},{"duration":5,"tweenEasing":0},{"duration":5,"tweenEasing":0,"x":1.11},{"duration":5,"tweenEasing":0},{"duration":5,"tweenEasing":0,"x":1.11},{"duration":5,"tweenEasing":0},{"duration":5,"tweenEasing":0,"x":1.11},{"duration":5,"tweenEasing":0},{"duration":5,"tweenEasing":0,"x":1.11},{"duration":5,"tweenEasing":0},{"duration":5,"tweenEasing":0,"x":1.11},{"duration":5,"tweenEasing":0},{"duration":5,"tweenEasing":0,"x":1.11},{"duration":5,"tweenEasing":0},{"duration":5,"tweenEasing":0,"x":1.11},{"duration":5,"tweenEasing":0},{"duration":5,"tweenEasing":0,"x":1.11},{"duration":5,"tweenEasing":0},{"duration":5,"tweenEasing":0,"x":1.11},{"duration":0}]},{"name":"fisha1","rotateFrame":[{"duration":3,"tweenEasing":0},{"duration":2,"tweenEasing":0,"rotate":9.98},{"duration":3,"tweenEasing":0},{"duration":2,"tweenEasing":0,"rotate":9.98},{"duration":3,"tweenEasing":0},{"duration":2,"tweenEasing":0,"rotate":9.98},{"duration":3,"tweenEasing":0},{"duration":2,"tweenEasing":0,"rotate":9.98},{"duration":3,"tweenEasing":0},{"duration":2,"tweenEasing":0,"rotate":9.98},{"duration":3,"tweenEasing":0},{"duration":2,"tweenEasing":0,"rotate":9.98},{"duration":3,"tweenEasing":0},{"duration":2,"tweenEasing":0,"rotate":9.98},{"duration":3,"tweenEasing":0},{"duration":2,"tweenEasing":0,"rotate":9.98},{"duration":3,"tweenEasing":0},{"duration":2,"tweenEasing":0,"rotate":9.98},{"duration":3,"tweenEasing":0},{"duration":2,"tweenEasing":0,"rotate":9.98},{"duration":3,"tweenEasing":0},{"duration":2,"tweenEasing":0,"rotate":9.98},{"duration":3,"tweenEasing":0},{"duration":2,"tweenEasing":0,"rotate":9.98},{"duration":3,"tweenEasing":0},{"duration":2,"tweenEasing":0,"rotate":9.98},{"duration":3,"tweenEasing":0},{"duration":2,"tweenEasing":0,"rotate":9.98},{"duration":3,"tweenEasing":0},{"duration":2,"tweenEasing":0,"rotate":9.98},{"duration":3,"tweenEasing":0},{"duration":2,"tweenEasing":0,"rotate":9.98},{"duration":3,"tweenEasing":0},{"duration":2,"tweenEasing":0,"rotate":9.98},{"duration":3,"tweenEasing":0},{"duration":2,"tweenEasing":0,"rotate":9.98},{"duration":3,"tweenEasing":0},{"duration":2,"tweenEasing":0,"rotate":9.98},{"duration":3,"tweenEasing":0},{"duration":2,"tweenEasing":0,"rotate":9.98},{"duration":3,"tweenEasing":0},{"duration":2,"tweenEasing":0,"rotate":9.98},{"duration":3,"tweenEasing":0},{"duration":2,"tweenEasing":0,"rotate":9.98},{"duration":3,"tweenEasing":0},{"duration":2,"tweenEasing":0,"rotate":9.98},{"duration":3,"tweenEasing":0},{"duration":2,"tweenEasing":0,"rotate":9.98},{"duration":0}]},{"name":"fisha2","rotateFrame":[{"duration":3,"tweenEasing":0},{"duration":2,"tweenEasing":0,"rotate":-7.43},{"duration":3,"tweenEasing":0},{"duration":2,"tweenEasing":0,"rotate":-7.43},{"duration":3,"tweenEasing":0},{"duration":2,"tweenEasing":0,"rotate":-7.43},{"duration":3,"tweenEasing":0},{"duration":2,"tweenEasing":0,"rotate":-7.43},{"duration":3,"tweenEasing":0},{"duration":2,"tweenEasing":0,"rotate":-7.43},{"duration":3,"tweenEasing":0},{"duration":2,"tweenEasing":0,"rotate":-7.43},{"duration":3,"tweenEasing":0},{"duration":2,"tweenEasing":0,"rotate":-7.43},{"duration":3,"tweenEasing":0},{"duration":2,"tweenEasing":0,"rotate":-7.43},{"duration":3,"tweenEasing":0},{"duration":2,"tweenEasing":0,"rotate":-7.43},{"duration":3,"tweenEasing":0},{"duration":2,"tweenEasing":0,"rotate":-7.43},{"duration":3,"tweenEasing":0},{"duration":2,"tweenEasing":0,"rotate":-7.43},{"duration":3,"tweenEasing":0},{"duration":2,"tweenEasing":0,"rotate":-7.43},{"duration":3,"tweenEasing":0},{"duration":2,"tweenEasing":0,"rotate":-7.43},{"duration":3,"tweenEasing":0},{"duration":2,"tweenEasing":0,"rotate":-7.43},{"duration":3,"tweenEasing":0},{"duration":2,"tweenEasing":0,"rotate":-7.43},{"duration":3,"tweenEasing":0},{"duration":2,"tweenEasing":0,"rotate":-7.43},{"duration":3,"tweenEasing":0},{"duration":2,"tweenEasing":0,"rotate":-7.43},{"duration":3,"tweenEasing":0},{"duration":2,"tweenEasing":0,"rotate":-7.43},{"duration":3,"tweenEasing":0},{"duration":2,"tweenEasing":0,"rotate":-7.43},{"duration":3,"tweenEasing":0},{"duration":2,"tweenEasing":0,"rotate":-7.43},{"duration":3,"tweenEasing":0},{"duration":2,"tweenEasing":0,"rotate":-7.43},{"duration":3,"tweenEasing":0},{"duration":2,"tweenEasing":0,"rotate":-7.43},{"duration":3,"tweenEasing":0},{"duration":2,"tweenEasing":0,"rotate":-7.43},{"duration":3,"tweenEasing":0},{"duration":2,"tweenEasing":0,"rotate":-7.43},{"duration":0}]},{"name":"fishb","translateFrame":[{"duration":25,"tweenEasing":0},{"duration":5,"tweenEasing":0},{"duration":25,"tweenEasing":0,"x":2.85,"y":-3.92},{"duration":5,"tweenEasing":0,"x":2.85,"y":-3.92},{"duration":25,"tweenEasing":0,"y":-7.85},{"duration":5,"tweenEasing":0,"y":-7.85},{"duration":25,"tweenEasing":0,"x":-3.4,"y":-3.92},{"duration":5,"tweenEasing":0,"x":-3.4,"y":-3.92},{"duration":0}],"rotateFrame":[{"duration":5,"tweenEasing":0},{"duration":5,"tweenEasing":0,"rotate":3.7},{"duration":5,"tweenEasing":0},{"duration":5,"tweenEasing":0,"rotate":3.7},{"duration":5,"tweenEasing":0},{"duration":5,"tweenEasing":0,"rotate":3.7},{"duration":5,"tweenEasing":0},{"duration":5,"tweenEasing":0,"rotate":3.7},{"duration":5,"tweenEasing":0},{"duration":5,"tweenEasing":0,"rotate":3.7},{"duration":5,"tweenEasing":0},{"duration":5,"tweenEasing":0,"rotate":3.7},{"duration":5,"tweenEasing":0},{"duration":5,"tweenEasing":0,"rotate":3.7},{"duration":5,"tweenEasing":0},{"duration":5,"tweenEasing":0,"rotate":3.7},{"duration":5,"tweenEasing":0},{"duration":5,"tweenEasing":0,"rotate":3.7},{"duration":5,"tweenEasing":0},{"duration":5,"tweenEasing":0,"rotate":3.7},{"duration":5,"tweenEasing":0},{"duration":5,"tweenEasing":0,"rotate":3.7},{"duration":5,"tweenEasing":0},{"duration":5,"tweenEasing":0,"rotate":3.7},{"duration":0}],"scaleFrame":[{"duration":5,"tweenEasing":0},{"duration":5,"tweenEasing":0,"y":1.09},{"duration":5,"tweenEasing":0},{"duration":5,"tweenEasing":0,"y":1.09},{"duration":5,"tweenEasing":0},{"duration":5,"tweenEasing":0,"y":1.09},{"duration":5,"tweenEasing":0},{"duration":5,"tweenEasing":0,"y":1.09},{"duration":5,"tweenEasing":0},{"duration":5,"tweenEasing":0,"y":1.09},{"duration":5,"tweenEasing":0},{"duration":5,"tweenEasing":0,"y":1.09},{"duration":5,"tweenEasing":0},{"duration":5,"tweenEasing":0,"y":1.09},{"duration":5,"tweenEasing":0},{"duration":5,"tweenEasing":0,"y":1.09},{"duration":5,"tweenEasing":0},{"duration":5,"tweenEasing":0,"y":1.09},{"duration":5,"tweenEasing":0},{"duration":5,"tweenEasing":0,"y":1.09},{"duration":5,"tweenEasing":0},{"duration":5,"tweenEasing":0,"y":1.09},{"duration":5,"tweenEasing":0},{"duration":5,"tweenEasing":0,"y":1.09},{"duration":0}]},{"name":"fishb1","rotateFrame":[{"duration":3,"tweenEasing":0},{"duration":2,"tweenEasing":0,"rotate":10.36},{"duration":3,"tweenEasing":0},{"duration":2,"tweenEasing":0,"rotate":-11.4},{"duration":3,"tweenEasing":0},{"duration":2,"tweenEasing":0,"rotate":10.36},{"duration":3,"tweenEasing":0},{"duration":2,"tweenEasing":0,"rotate":-11.4},{"duration":3,"tweenEasing":0},{"duration":2,"tweenEasing":0,"rotate":10.36},{"duration":3,"tweenEasing":0},{"duration":2,"tweenEasing":0,"rotate":-11.4},{"duration":3,"tweenEasing":0},{"duration":2,"tweenEasing":0,"rotate":10.36},{"duration":3,"tweenEasing":0},{"duration":2,"tweenEasing":0,"rotate":-11.4},{"duration":3,"tweenEasing":0},{"duration":2,"tweenEasing":0,"rotate":10.36},{"duration":3,"tweenEasing":0},{"duration":2,"tweenEasing":0,"rotate":-11.4},{"duration":3,"tweenEasing":0},{"duration":2,"tweenEasing":0,"rotate":10.36},{"duration":3,"tweenEasing":0},{"duration":2,"tweenEasing":0,"rotate":-11.4},{"duration":3,"tweenEasing":0},{"duration":2,"tweenEasing":0,"rotate":10.36},{"duration":3,"tweenEasing":0},{"duration":2,"tweenEasing":0,"rotate":-11.4},{"duration":3,"tweenEasing":0},{"duration":2,"tweenEasing":0,"rotate":10.36},{"duration":3,"tweenEasing":0},{"duration":2,"tweenEasing":0,"rotate":-11.4},{"duration":3,"tweenEasing":0},{"duration":2,"tweenEasing":0,"rotate":10.36},{"duration":3,"tweenEasing":0},{"duration":2,"tweenEasing":0,"rotate":-11.4},{"duration":3,"tweenEasing":0},{"duration":2,"tweenEasing":0,"rotate":10.36},{"duration":3,"tweenEasing":0},{"duration":2,"tweenEasing":0,"rotate":-11.4},{"duration":3,"tweenEasing":0},{"duration":2,"tweenEasing":0,"rotate":10.36},{"duration":3,"tweenEasing":0},{"duration":2,"tweenEasing":0,"rotate":-11.4},{"duration":3,"tweenEasing":0},{"duration":2,"tweenEasing":0,"rotate":10.36},{"duration":3,"tweenEasing":0},{"duration":2,"tweenEasing":0,"rotate":-11.4},{"duration":0}]},{"name":"npcBODY","scaleFrame":[{"duration":60,"tweenEasing":0},{"duration":60,"tweenEasing":0,"x":0.98},{"duration":0}]},{"name":"npcHEAD","translateFrame":[{"duration":60,"tweenEasing":0},{"duration":60,"tweenEasing":0,"x":-0.97,"y":-0.04},{"duration":0}],"rotateFrame":[{"duration":60,"tweenEasing":0},{"duration":60,"tweenEasing":0,"rotate":-2.82},{"duration":0}]},{"name":"npcARML","translateFrame":[{"duration":60,"tweenEasing":0},{"duration":60,"tweenEasing":0,"x":-0.51,"y":0.46},{"duration":0}],"rotateFrame":[{"duration":60,"tweenEasing":0},{"duration":60,"tweenEasing":0,"rotate":-0.14},{"duration":0}]},{"name":"npchandL","rotateFrame":[{"duration":60,"tweenEasing":0},{"duration":60,"tweenEasing":0,"rotate":6.97},{"duration":0}]},{"name":"npcHEAD2","translateFrame":[{"duration":60,"tweenEasing":0},{"duration":60,"tweenEasing":0,"x":-1.92,"y":-0.38},{"duration":0}]},{"name":"q4","translateFrame":[{"duration":60,"tweenEasing":0},{"duration":60,"tweenEasing":0,"x":1.24,"y":2.6},{"duration":0}]},{"name":"q5","translateFrame":[{"duration":20,"tweenEasing":0},{"duration":60,"tweenEasing":0,"x":-0.84,"y":-0.58},{"duration":40,"tweenEasing":0,"x":3.17},{"duration":0}],"rotateFrame":[{"duration":20,"tweenEasing":0},{"duration":60,"tweenEasing":0,"rotate":0.09},{"duration":40,"tweenEasing":0,"rotate":-1.98},{"duration":0}],"scaleFrame":[{"duration":20,"tweenEasing":0},{"duration":60,"tweenEasing":0},{"duration":40,"tweenEasing":0,"x":1.01},{"duration":0}]},{"name":"q9","translateFrame":[{"duration":60,"tweenEasing":0},{"duration":60,"tweenEasing":0,"x":-0.99,"y":0.02},{"duration":0}]},{"name":"bone2","rotateFrame":[{"duration":60,"tweenEasing":0},{"duration":60,"tweenEasing":0,"rotate":12.21},{"duration":0}],"scaleFrame":[{"duration":60,"tweenEasing":0},{"duration":60,"tweenEasing":0,"x":0.94},{"duration":0}]},{"name":"q10","rotateFrame":[{"duration":60,"tweenEasing":0},{"duration":60,"tweenEasing":0,"rotate":-8.23},{"duration":0}],"scaleFrame":[{"duration":60,"tweenEasing":0},{"duration":60,"tweenEasing":0,"x":0.96},{"duration":0}]},{"name":"q7","rotateFrame":[{"duration":60,"tweenEasing":0},{"duration":60,"tweenEasing":0,"rotate":5.57},{"duration":0}]},{"name":"q11","rotateFrame":[{"duration":60,"tweenEasing":0},{"duration":60,"tweenEasing":0,"rotate":-15.31},{"duration":0}]},{"name":"q19","translateFrame":[{"duration":60,"tweenEasing":0},{"duration":60,"tweenEasing":0,"x":-0.97,"y":1.98},{"duration":0}],"rotateFrame":[{"duration":60,"tweenEasing":0},{"duration":60,"tweenEasing":0,"rotate":28.7},{"duration":0}]},{"name":"q14","translateFrame":[{"duration":60,"tweenEasing":0},{"duration":60,"tweenEasing":0,"x":-0.7},{"duration":0}],"rotateFrame":[{"duration":60,"tweenEasing":0},{"duration":60,"tweenEasing":0,"rotate":2.9},{"duration":0}]},{"name":"q13","translateFrame":[{"duration":30,"tweenEasing":0},{"duration":30,"tweenEasing":0,"y":1.04},{"duration":30,"tweenEasing":0},{"duration":30,"tweenEasing":0,"y":1.04},{"duration":0}],"rotateFrame":[{"duration":30,"tweenEasing":0},{"duration":30,"tweenEasing":0,"rotate":4.56},{"duration":30,"tweenEasing":0},{"duration":30,"tweenEasing":0,"rotate":4.56},{"duration":0}]},{"name":"q12","translateFrame":[{"duration":30,"tweenEasing":0},{"duration":30,"tweenEasing":0,"y":-2.08},{"duration":30,"tweenEasing":0},{"duration":30,"tweenEasing":0,"y":-2.08},{"duration":0}],"rotateFrame":[{"duration":30,"tweenEasing":0},{"duration":30,"tweenEasing":0,"rotate":-5.11},{"duration":30,"tweenEasing":0},{"duration":30,"tweenEasing":0,"rotate":-5.11},{"duration":0}]},{"name":"q1","translateFrame":[{"duration":30,"tweenEasing":0},{"duration":30,"tweenEasing":0,"x":-0.84},{"duration":30,"tweenEasing":0},{"duration":30,"tweenEasing":0,"x":-0.84},{"duration":0}],"rotateFrame":[{"duration":30,"tweenEasing":0},{"duration":30,"tweenEasing":0,"rotate":3.74},{"duration":30,"tweenEasing":0},{"duration":30,"tweenEasing":0,"rotate":3.74},{"duration":0}],"scaleFrame":[{"duration":30,"tweenEasing":0},{"duration":30,"tweenEasing":0,"x":1.02},{"duration":30,"tweenEasing":0},{"duration":30,"tweenEasing":0,"x":1.02},{"duration":0}]},{"name":"q15","translateFrame":[{"duration":30,"tweenEasing":0},{"duration":30,"tweenEasing":0,"x":-0.84},{"duration":30,"tweenEasing":0},{"duration":30,"tweenEasing":0,"x":-0.84},{"duration":0}],"rotateFrame":[{"duration":30,"tweenEasing":0},{"duration":30,"tweenEasing":0,"rotate":-2.67},{"duration":30,"tweenEasing":0},{"duration":30,"tweenEasing":0,"rotate":-2.67},{"duration":0}],"scaleFrame":[{"duration":30,"tweenEasing":0},{"duration":30,"tweenEasing":0,"x":1.02},{"duration":30,"tweenEasing":0},{"duration":30,"tweenEasing":0,"x":1.02},{"duration":0}]},{"name":"q16","translateFrame":[{"duration":60,"tweenEasing":0},{"duration":60,"tweenEasing":0,"x":-2.8,"y":-1.66},{"duration":0}],"rotateFrame":[{"duration":60,"tweenEasing":0},{"duration":60,"tweenEasing":0,"rotate":-14.98},{"duration":0}]},{"name":"q17","rotateFrame":[{"duration":60,"tweenEasing":0},{"duration":60,"tweenEasing":0,"rotate":12.93},{"duration":0}]},{"name":"q20","scaleFrame":[{"duration":60,"tweenEasing":0},{"duration":60,"tweenEasing":0,"x":1.03},{"duration":0}]}],"slot":[{"name":"fishlight1","colorFrame":[{"duration":3,"tweenEasing":0},{"duration":5,"tweenEasing":0,"value":{"aM":89}},{"duration":3,"tweenEasing":0},{"duration":5,"tweenEasing":0,"value":{"aM":89}},{"duration":3,"tweenEasing":0},{"duration":4,"tweenEasing":0,"value":{"aM":89}},{"duration":3,"tweenEasing":0},{"duration":5,"tweenEasing":0,"value":{"aM":89}},{"duration":3,"tweenEasing":0},{"duration":5,"tweenEasing":0,"value":{"aM":89}},{"duration":3,"tweenEasing":0},{"duration":5,"tweenEasing":0,"value":{"aM":89}},{"duration":3,"tweenEasing":0},{"duration":4,"tweenEasing":0,"value":{"aM":89}},{"duration":3,"tweenEasing":0},{"duration":5,"tweenEasing":0,"value":{"aM":89}},{"duration":3,"tweenEasing":0},{"duration":5,"tweenEasing":0,"value":{"aM":89}},{"duration":9,"tweenEasing":0},{"duration":4,"tweenEasing":0,"value":{"aM":89}},{"duration":3,"tweenEasing":0},{"duration":5,"tweenEasing":0,"value":{"aM":89}},{"duration":3,"tweenEasing":0},{"duration":4,"tweenEasing":0,"value":{"aM":89}},{"duration":3,"tweenEasing":0},{"duration":5,"tweenEasing":0,"value":{"aM":89}},{"duration":3,"tweenEasing":0},{"duration":4,"tweenEasing":0,"value":{"aM":89}},{"duration":3,"tweenEasing":0},{"duration":4,"tweenEasing":0,"value":{"aM":89}},{"duration":0}]},{"name":"fishlight2","colorFrame":[{"duration":5,"tweenEasing":0},{"duration":5,"tweenEasing":0,"value":{"aM":81}},{"duration":5,"tweenEasing":0},{"duration":5,"tweenEasing":0,"value":{"aM":81}},{"duration":5,"tweenEasing":0},{"duration":5,"tweenEasing":0,"value":{"aM":81}},{"duration":5,"tweenEasing":0},{"duration":5,"tweenEasing":0,"value":{"aM":81}},{"duration":5,"tweenEasing":0},{"duration":5,"tweenEasing":0,"value":{"aM":81}},{"duration":5,"tweenEasing":0},{"duration":5,"tweenEasing":0,"value":{"aM":81}},{"duration":5,"tweenEasing":0},{"duration":5,"tweenEasing":0,"value":{"aM":81}},{"duration":5,"tweenEasing":0},{"duration":5,"tweenEasing":0,"value":{"aM":81}},{"duration":5,"tweenEasing":0},{"duration":5,"tweenEasing":0,"value":{"aM":81}},{"duration":5,"tweenEasing":0},{"duration":5,"tweenEasing":0,"value":{"aM":81}},{"duration":5,"tweenEasing":0},{"duration":5,"tweenEasing":0,"value":{"aM":81}},{"duration":5,"tweenEasing":0},{"duration":5,"tweenEasing":0,"value":{"aM":81}},{"duration":0}]},{"name":"npcEYES","displayFrame":[{"duration":60,"value":-1},{"duration":2},{"duration":8,"value":-1},{"duration":2},{"duration":48,"value":-1}]},{"name":"q16","displayFrame":[{"duration":20,"value":-1},{"duration":2},{"duration":98,"value":-1}]}]}],"defaultActions":[{"gotoAndPlay":"animation"}]}]}