{"frameRate":30,"name":"fuhuo_nengliang_tisheng","version":"5.5","compatibleVersion":"5.5","armature":[{"type":"Armature","frameRate":30,"name":"armatureName","aabb":{"x":-255.79,"y":-1963.74,"width":514.49,"height":2152.62},"bone":[{"name":"root","transform":{"skX":-90,"skY":-90,"scX":3,"scY":3}},{"name":"start","parent":"root"},{"length":57,"name":"breathbar1","parent":"start","transform":{"x":8.82,"y":0.85,"scX":22.915}},{"name":"breathline","parent":"start"},{"length":80,"name":"lightning03","parent":"start","transform":{"x":642.58,"y":-41.23}},{"name":"particle01","parent":"start","transform":{"x":45.47,"y":0.93}},{"name":"particle02","parent":"start","transform":{"x":45.47,"y":0.93}},{"length":145,"name":"mcircle","parent":"start","transform":{"y":-3.5,"skX":-90,"skY":-90,"scY":0.405}},{"length":80,"name":"lightning01","parent":"start","transform":{"x":319.39,"y":-19.57}},{"length":80,"name":"lightning02","parent":"start","transform":{"x":449.92,"y":53.38}},{"name":"particle03","parent":"start","transform":{"x":45.47,"y":0.93}},{"name":"starlight","parent":"start","transform":{"x":39.16,"y":1.12}},{"length":5,"name":"wave1","parent":"breathbar1","transform":{"x":6.75,"y":-17.02}},{"length":162,"name":"breathline4","parent":"breathline","transform":{"x":292.28,"y":-41.93}},{"length":128,"name":"breathline2","parent":"breathline","transform":{"x":124.77,"y":54.9}},{"length":154,"name":"breathline3","parent":"breathline","transform":{"x":296.09,"y":54.35}},{"length":103,"name":"breathline1","parent":"breathline","transform":{"x":124.42,"y":-40.46}},{"length":5,"name":"wave2","parent":"breathbar1","transform":{"x":12.95,"y":15.71}},{"length":5,"name":"wave3","parent":"breathbar1","transform":{"x":23.51,"y":4.96}},{"length":5,"name":"wave4","parent":"breathbar1","transform":{"x":19.75,"y":-10.67}}],"slot":[{"blendMode":"add","name":"mcircle","parent":"mcircle","color":{"aM":0}},{"name":"breathline01","parent":"breathline1","color":{"aM":0}},{"name":"breathline02","parent":"breathline2","color":{"aM":0}},{"name":"breathline4","parent":"breathline4","color":{"aM":0}},{"name":"breathline03","parent":"breathline3","color":{"aM":0}},{"name":"breathwave01","parent":"wave1","color":{"aM":0}},{"name":"breathwave02","parent":"wave2","color":{"aM":0}},{"name":"breathwave03","parent":"wave3","color":{"aM":0}},{"name":"breathwave04","parent":"wave4","color":{"aM":0}},{"name":"particle01","parent":"particle01","color":{"aM":0}},{"name":"particle02","parent":"particle02","color":{"aM":0}},{"name":"particle03","parent":"particle03","color":{"aM":0}},{"name":"lightning01","parent":"lightning01","color":{"aM":0}},{"name":"lightning02","parent":"lightning02","color":{"aM":0}},{"name":"lightning03","parent":"lightning03","color":{"aM":0}},{"blendMode":"add","name":"starlight","parent":"starlight","color":{"aM":0}}],"skin":[{"slot":[{"name":"lightning02","display":[{"name":"lightning02-1","transform":{"x":26.78,"y":-12.53}},{"name":"lightning02-2","transform":{"x":26.78,"y":-12.53}},{"name":"lightning02-3","transform":{"x":26.78,"y":-12.53}}]},{"name":"breathwave04","display":[{"name":"breathwave04","transform":{"x":2.01,"scX":0.043}}]},{"name":"breathwave02","display":[{"name":"breathwave02","transform":{"x":1.79,"scX":0.043}}]},{"name":"particle03","display":[{"name":"particle03"}]},{"name":"lightning01","display":[{"name":"lightning01-1"},{"name":"lightning01-2"},{"name":"lightning01-3"}]},{"name":"particle02","display":[{"name":"particle02"}]},{"name":"breathline01","display":[{"name":"breathline01","transform":{"x":65.5}}]},{"name":"breathline03","display":[{"name":"breathline03","transform":{"x":60.88}}]},{"name":"lightning03","display":[{"name":"lightning03-1"},{"name":"lightning03-2"},{"name":"lightning03-3"}]},{"name":"breathwave03","display":[{"name":"breathwave03","transform":{"x":2,"y":-0.72,"scX":0.043}}]},{"name":"starlight","display":[{"name":"starlight"}]},{"name":"mcircle","display":[{"name":"mcircle","transform":{"x":-8.27,"y":-8.54,"skX":90,"skY":90}}]},{"name":"breathline4","display":[{"name":"breathline04","transform":{"x":114.69}}]},{"name":"breathwave01","display":[{"name":"breathwave01","transform":{"x":3.5,"scX":0.043}}]},{"name":"breathline02","display":[{"name":"breathline02","transform":{"x":74.66}}]},{"name":"particle01","display":[{"name":"particle01"}]}]}],"animation":[{"duration":70,"name":"animation1","bone":[{"name":"mcircle","scaleFrame":[{"x":0.2,"y":0.24},{"duration":2,"curve":[0.229,0.87,0.706,0.92],"x":0.2,"y":0.24},{"duration":67}]},{"name":"starlight","scaleFrame":[{"duration":2},{"tweenEasing":0},{"duration":7,"curve":[0.724,0,0.62,0.27],"x":1.3,"y":1.4},{"duration":60,"x":0.31,"y":0.31}]},{"name":"breathbar1","translateFrame":[{"duration":3},{"curve":[0.181,0.39,0.529,0.72]},{"duration":21,"curve":[0.224,0.92,0.74,0.94],"x":141.79},{"duration":4,"tweenEasing":0,"x":141.79},{"duration":9,"tweenEasing":0,"x":480.02},{"duration":32,"x":1653.31}],"scaleFrame":[{"duration":3,"y":0},{"curve":[0.181,0.39,0.529,0.72],"y":0},{"duration":3,"curve":[0.224,0.92,0.74,0.94],"x":18.08,"y":0.56},{"duration":3,"tweenEasing":0,"x":18.08,"y":1.5},{"duration":4,"tweenEasing":0,"x":18.08,"y":1.6},{"duration":4,"tweenEasing":0,"x":18.08,"y":1.5},{"duration":3,"tweenEasing":0,"x":18.08,"y":1.6},{"duration":4,"tweenEasing":0,"x":18.08,"y":1.5},{"duration":4,"tweenEasing":0,"x":18.08,"y":1.6},{"duration":9,"tweenEasing":0,"x":18.08,"y":1.5},{"x":18.08,"y":1.5},{"tweenEasing":0,"x":2.34,"y":1.11},{"duration":30,"y":1.08}]},{"name":"breathline1","translateFrame":[{"duration":4},{"duration":11,"tweenEasing":0},{"duration":4,"tweenEasing":0,"x":1055.86},{"duration":11,"tweenEasing":0,"y":97.46},{"duration":40,"x":1055.86,"y":97.46}]},{"name":"wave1","translateFrame":[{"duration":4,"tweenEasing":0},{"duration":10,"tweenEasing":0,"x":-5.34},{"duration":7,"tweenEasing":0,"x":36.89},{"duration":11,"tweenEasing":0,"x":-5.34,"y":18.32},{"duration":38,"x":36.89,"y":17.71}],"scaleFrame":[{"duration":14,"tweenEasing":0},{"duration":7,"tweenEasing":0},{"duration":49,"y":2.08}]},{"name":"particle01","scaleFrame":[{"tweenEasing":0},{"duration":14,"tweenEasing":0,"x":1.2,"y":1.2},{"tweenEasing":0,"x":0,"y":0},{"duration":17,"tweenEasing":0,"x":1.2,"y":1.2},{"duration":37,"x":0,"y":0}]},{"name":"breathline2","translateFrame":[{"duration":14},{"duration":8,"tweenEasing":0},{"duration":3,"tweenEasing":0,"x":890.27},{"duration":8,"tweenEasing":0,"y":-100.9},{"duration":37,"x":890.27,"y":-100.9}]},{"name":"wave2","translateFrame":[{"duration":7,"tweenEasing":0},{"duration":14,"tweenEasing":0,"x":-16.12,"y":-13.95},{"duration":49,"x":33.9,"y":-13.95}],"scaleFrame":[{"duration":7,"tweenEasing":0},{"duration":14,"tweenEasing":0,"y":2},{"duration":49}]},{"name":"particle02","scaleFrame":[{"duration":7},{"tweenEasing":0},{"duration":15,"curve":[0.459,0.26,0.712,0.46],"x":1.5,"y":1.5},{"tweenEasing":0,"x":0,"y":0},{"duration":15,"curve":[0.474,0.22,0.741,0.44],"x":1.5,"y":1.5},{"duration":31,"x":0,"y":0}]},{"name":"breathline3","translateFrame":[{"duration":4,"tweenEasing":0},{"duration":10,"tweenEasing":0,"x":-298.68},{"duration":2,"tweenEasing":0,"x":689.06},{"duration":10,"tweenEasing":0,"x":-298.68,"y":-100.35},{"duration":44,"x":689.06,"y":-100.35}]},{"name":"wave3","translateFrame":[{"duration":4,"tweenEasing":0},{"duration":12,"tweenEasing":0,"x":-24.25},{"duration":2,"tweenEasing":0,"x":-24.25},{"duration":52,"x":19.56}],"scaleFrame":[{"duration":4,"tweenEasing":0},{"duration":3,"tweenEasing":0},{"duration":9,"x":1.68},{"duration":2,"tweenEasing":0,"x":1.68},{"duration":52,"x":0.96}]},{"name":"particle03","scaleFrame":[{"duration":15},{"duration":15,"tweenEasing":0,"x":1.5,"y":1.2},{"duration":40,"x":0,"y":0}]},{"name":"breathline4","translateFrame":[{"duration":4,"tweenEasing":0},{"duration":3,"x":-270.59},{"duration":11,"tweenEasing":0,"x":-270.59},{"duration":52,"x":662.38}]},{"name":"wave4","translateFrame":[{"duration":10,"tweenEasing":0},{"duration":14,"tweenEasing":0,"x":-21.1,"y":-8.99},{"duration":46,"x":23.63,"y":-8.99}],"scaleFrame":[{"duration":10,"tweenEasing":0},{"duration":14,"tweenEasing":0,"x":2.18},{"duration":46,"x":0.96}]}],"slot":[{"name":"breathline01","colorFrame":[{"duration":4,"tweenEasing":0,"value":{"aM":0}},{"tweenEasing":0,"value":{"aM":0}},{"duration":10},{"tweenEasing":0},{"duration":3,"value":{"aM":0}},{"tweenEasing":0,"value":{"aM":0}},{"duration":10},{"tweenEasing":0},{"duration":39,"value":{"aM":0}}]},{"name":"breathline02","colorFrame":[{"duration":14,"tweenEasing":0,"value":{"aM":0}},{"tweenEasing":0,"value":{"aM":0}},{"duration":7},{"tweenEasing":0},{"duration":2,"value":{"aM":0}},{"tweenEasing":0,"value":{"aM":0}},{"duration":7},{"tweenEasing":0},{"duration":36,"value":{"aM":0}}]},{"name":"breathline03","colorFrame":[{"duration":4,"tweenEasing":0,"value":{"aM":0}},{"duration":2,"tweenEasing":0,"value":{"aM":0}},{"duration":7},{"duration":2,"tweenEasing":0},{"value":{"aM":0}},{"duration":2,"tweenEasing":0,"value":{"aM":0}},{"duration":7},{"duration":2,"tweenEasing":0},{"duration":43,"value":{"aM":0}}]},{"name":"breathline4","colorFrame":[{"duration":7,"tweenEasing":0,"value":{"aM":0}},{"duration":3,"tweenEasing":0,"value":{"aM":0}},{"duration":7},{"tweenEasing":0},{"duration":52,"value":{"aM":0}}]},{"name":"breathwave01","colorFrame":[{"duration":4,"tweenEasing":0,"value":{"aM":0}},{"duration":2,"tweenEasing":0,"value":{"aM":0}},{"duration":7},{"tweenEasing":0},{"duration":7,"value":{"aM":0}},{"duration":3,"tweenEasing":0,"value":{"aM":0}},{"duration":8},{"duration":38,"value":{"aM":0}}]},{"name":"breathwave02","colorFrame":[{"duration":7,"tweenEasing":0,"value":{"aM":0}},{"duration":2,"tweenEasing":0,"value":{"aM":0}},{"duration":16},{"tweenEasing":0},{"duration":44,"value":{"aM":0}}]},{"name":"breathwave03","colorFrame":[{"duration":4,"tweenEasing":0,"value":{"aM":0}},{"tweenEasing":0,"value":{"aM":0}},{"duration":12},{"tweenEasing":0},{"duration":52,"value":{"aM":0}}]},{"name":"breathwave04","colorFrame":[{"duration":10,"tweenEasing":0,"value":{"aM":0}},{"duration":2,"tweenEasing":0,"value":{"aM":0}},{"duration":12},{"duration":46,"value":{"aM":0}}]},{"name":"mcircle","colorFrame":[{"tweenEasing":0,"value":{"aM":0}},{"duration":19,"tweenEasing":0,"value":{"aM":0}},{"duration":25},{"duration":20,"tweenEasing":0},{"duration":5,"value":{"aM":0}}]},{"name":"particle01","colorFrame":[{"tweenEasing":0,"value":{"aM":0}},{"duration":5,"tweenEasing":0,"value":{"aM":0}},{"duration":6},{"duration":3,"tweenEasing":0},{"value":{"aM":0}},{"duration":4,"tweenEasing":0,"value":{"aM":0}},{"duration":7},{"duration":5,"tweenEasing":0},{"duration":38,"value":{"aM":0}}]},{"name":"particle02","colorFrame":[{"duration":8,"tweenEasing":0,"value":{"aM":0}},{"duration":4,"tweenEasing":0,"value":{"aM":0}},{"duration":7},{"duration":4,"tweenEasing":0},{"value":{"aM":0}},{"duration":4,"tweenEasing":0,"value":{"aM":0}},{"duration":7},{"duration":4,"tweenEasing":0},{"duration":31,"value":{"aM":0}}]},{"name":"particle03","colorFrame":[{"duration":15,"tweenEasing":0,"value":{"aM":0}},{"duration":4,"tweenEasing":0,"value":{"aM":0}},{"duration":8},{"duration":3,"tweenEasing":0},{"duration":40,"value":{"aM":0}}]},{"name":"starlight","colorFrame":[{"duration":2,"tweenEasing":0,"value":{"aM":0}},{"tweenEasing":0,"value":{"aM":0}},{"duration":7,"tweenEasing":0},{"duration":60,"value":{"aM":0}}]}]}],"defaultActions":[{"gotoAndPlay":"animation1"}]}]}