{"frameRate":30,"isGlobal":0,"armature":[{"skin":[{"name":"","slot":[{"display":[{"path":"shuizhu_shuihua/caocao_huoyanxuanfeng_eff 1","type":"image","name":"shuizhu_shuihua/caocao_huoyanxuanfeng_eff 1","transform":{"skX":89.43,"skY":89.43,"y":0.49,"x":49.68}},{"path":"shuizhu_shuihua/caocao_huoyanxuanfeng_eff 3","type":"image","name":"shuizhu_shuihua/caocao_huoyanxuanfeng_eff 3","transform":{"skX":89.43,"skY":89.43,"y":0.41,"x":57.52}},{"path":"shuizhu_shuihua/caocao_huoyanxuanfeng_eff 4","type":"image","name":"shuizhu_shuihua/caocao_huoyanxuanfeng_eff 4","transform":{"skX":89.43,"skY":89.43,"y":0.41,"x":57.52}},{"path":"shuizhu_shuihua/caocao_huoyanxuanfeng_eff 6","type":"image","name":"shuizhu_shuihua/caocao_huoyanxuanfeng_eff 6","transform":{"skX":89.43,"skY":89.43,"y":0.41,"x":57.52}},{"path":"shuizhu_shuihua/caocao_huoyanxuanfeng_eff 7","type":"image","name":"shuizhu_shuihua/caocao_huoyanxuanfeng_eff 7","transform":{"skX":89.43,"skY":89.43,"y":0.41,"x":57.52}},{"path":"shuizhu_shuihua/caocao_huoyanxuanfeng_eff 8","type":"image","name":"shuizhu_shuihua/caocao_huoyanxuanfeng_eff 8","transform":{"skX":89.43,"skY":89.43,"y":0.41,"x":57.52}}],"blendMode":"add","name":"shuizhu_shuihua/caocao_huoyanxuanfeng_eff 5"},{"display":[{"path":"ys_shuizhu_eff_pz","type":"image","name":"ys_shuizhu_eff_pz","transform":{"scX":29.875,"y":-117.37,"scY":29.875,"x":108.03}}],"name":"ys_shuizhu_eff_pz"},{"display":[{"path":"shuizhu_shuihua/caocao_huoyanxuanfeng_eff 1","type":"image","name":"shuizhu_shuihua/caocao_huoyanxuanfeng_eff 1","transform":{"skX":89.43,"skY":89.43,"y":0.49,"x":49.68}},{"path":"shuizhu_shuihua/caocao_huoyanxuanfeng_eff 3","type":"image","name":"shuizhu_shuihua/caocao_huoyanxuanfeng_eff 3","transform":{"skX":89.43,"skY":89.43,"y":0.41,"x":57.52}},{"path":"shuizhu_shuihua/caocao_huoyanxuanfeng_eff 4","type":"image","name":"shuizhu_shuihua/caocao_huoyanxuanfeng_eff 4","transform":{"skX":89.43,"skY":89.43,"y":0.41,"x":57.52}},{"path":"shuizhu_shuihua/caocao_huoyanxuanfeng_eff 6","type":"image","name":"shuizhu_shuihua/caocao_huoyanxuanfeng_eff 6","transform":{"skX":89.43,"skY":89.43,"y":0.41,"x":57.52}},{"path":"shuizhu_shuihua/caocao_huoyanxuanfeng_eff 7","type":"image","name":"shuizhu_shuihua/caocao_huoyanxuanfeng_eff 7","transform":{"skX":89.43,"skY":89.43,"y":0.41,"x":57.52}},{"path":"shuizhu_shuihua/caocao_huoyanxuanfeng_eff 8","type":"image","name":"shuizhu_shuihua/caocao_huoyanxuanfeng_eff 8","transform":{"skX":89.43,"skY":89.43,"y":0.41,"x":57.52}}],"blendMode":"add","name":"shuizhu_shuihua/caocao_huoyanxuanfeng_eff 3"},{"display":[{"path":"shuizhu_xuanwo/lan_fangshe_06_eff_01","type":"image","name":"shuizhu_xuanwo/lan_fangshe_06_eff_01","transform":{}}],"blendMode":"add","name":"shuizhu_xuanwo/lan_fangshe_06_eff_1"},{"display":[{"path":"shuizhu_shuihua/caocao_huoyanxuanfeng_eff 1","type":"image","name":"shuizhu_shuihua/caocao_huoyanxuanfeng_eff 1","transform":{"skX":89.43,"skY":89.43,"y":0.49,"x":49.68}},{"path":"shuizhu_shuihua/caocao_huoyanxuanfeng_eff 3","type":"image","name":"shuizhu_shuihua/caocao_huoyanxuanfeng_eff 3","transform":{"skX":89.43,"skY":89.43,"y":0.41,"x":57.52}},{"path":"shuizhu_shuihua/caocao_huoyanxuanfeng_eff 4","type":"image","name":"shuizhu_shuihua/caocao_huoyanxuanfeng_eff 4","transform":{"skX":89.43,"skY":89.43,"y":0.41,"x":57.52}},{"path":"shuizhu_shuihua/caocao_huoyanxuanfeng_eff 6","type":"image","name":"shuizhu_shuihua/caocao_huoyanxuanfeng_eff 6","transform":{"skX":89.43,"skY":89.43,"y":0.41,"x":57.52}},{"path":"shuizhu_shuihua/caocao_huoyanxuanfeng_eff 7","type":"image","name":"shuizhu_shuihua/caocao_huoyanxuanfeng_eff 7","transform":{"skX":89.43,"skY":89.43,"y":0.41,"x":57.52}},{"path":"shuizhu_shuihua/caocao_huoyanxuanfeng_eff 8","type":"image","name":"shuizhu_shuihua/caocao_huoyanxuanfeng_eff 8","transform":{"skX":89.43,"skY":89.43,"y":0.41,"x":57.52}}],"blendMode":"add","name":"shuizhu_shuihua/caocao_huoyanxuanfeng_eff 2"},{"display":[{"path":"shuizhu_shuihua/caocao_huoyanxuanfeng_eff 1","type":"image","name":"shuizhu_shuihua/caocao_huoyanxuanfeng_eff 1","transform":{"skX":89.43,"skY":89.43,"y":0.42,"x":56.65}},{"path":"shuizhu_shuihua/caocao_huoyanxuanfeng_eff 3","type":"image","name":"shuizhu_shuihua/caocao_huoyanxuanfeng_eff 3","transform":{"skX":89.43,"skY":89.43,"y":0.41,"x":57.52}},{"path":"shuizhu_shuihua/caocao_huoyanxuanfeng_eff 4","type":"image","name":"shuizhu_shuihua/caocao_huoyanxuanfeng_eff 4","transform":{"skX":89.43,"skY":89.43,"y":0.41,"x":57.52}},{"path":"shuizhu_shuihua/caocao_huoyanxuanfeng_eff 6","type":"image","name":"shuizhu_shuihua/caocao_huoyanxuanfeng_eff 6","transform":{"skX":89.43,"skY":89.43,"y":0.41,"x":57.52}},{"path":"shuizhu_shuihua/caocao_huoyanxuanfeng_eff 7","type":"image","name":"shuizhu_shuihua/caocao_huoyanxuanfeng_eff 7","transform":{"skX":89.43,"skY":89.43,"y":0.41,"x":57.52}},{"path":"shuizhu_shuihua/caocao_huoyanxuanfeng_eff 8","type":"image","name":"shuizhu_shuihua/caocao_huoyanxuanfeng_eff 8","transform":{"skX":89.43,"skY":89.43,"y":0.41,"x":57.52}}],"blendMode":"add","name":"shuizhu_shuihua/caocao_huoyanxuanfeng_eff 1"},{"display":[{"path":"shuizhu_shuihua/caocao_huoyanxuanfeng_eff 1","type":"image","name":"shuizhu_shuihua/caocao_huoyanxuanfeng_eff 1","transform":{"skX":89.43,"skY":89.43,"y":0.49,"x":49.68}},{"path":"shuizhu_shuihua/caocao_huoyanxuanfeng_eff 3","type":"image","name":"shuizhu_shuihua/caocao_huoyanxuanfeng_eff 3","transform":{"skX":89.43,"skY":89.43,"y":0.41,"x":57.52}},{"path":"shuizhu_shuihua/caocao_huoyanxuanfeng_eff 4","type":"image","name":"shuizhu_shuihua/caocao_huoyanxuanfeng_eff 4","transform":{"skX":89.43,"skY":89.43,"y":0.41,"x":57.52}},{"path":"shuizhu_shuihua/caocao_huoyanxuanfeng_eff 6","type":"image","name":"shuizhu_shuihua/caocao_huoyanxuanfeng_eff 6","transform":{"skX":89.43,"skY":89.43,"y":0.41,"x":57.52}},{"path":"shuizhu_shuihua/caocao_huoyanxuanfeng_eff 7","type":"image","name":"shuizhu_shuihua/caocao_huoyanxuanfeng_eff 7","transform":{"skX":89.43,"skY":89.43,"y":0.41,"x":57.52}},{"path":"shuizhu_shuihua/caocao_huoyanxuanfeng_eff 8","type":"image","name":"shuizhu_shuihua/caocao_huoyanxuanfeng_eff 8","transform":{"skX":89.43,"skY":89.43,"y":0.41,"x":57.52}}],"blendMode":"add","name":"shuizhu_shuihua/caocao_huoyanxuanfeng_eff 4"},{"display":[{"path":"shuizhu_xuanwo/lan_fangshe_05_eff_05","type":"image","name":"shuizhu_xuanwo/lan_fangshe_05_eff_05","transform":{}}],"name":"shuizhu_xuanwo/lan_fangshe_05_eff_05"},{"display":[{"path":"shuizhua_baozha/xinzhaoyun_fazhenbaofa1_eff","type":"image","name":"shuizhua_baozha/xinzhaoyun_fazhenbaofa1_eff","transform":{"skX":90,"skY":90,"y":-3.41,"x":61.95}},{"path":"shuizhua_baozha/xinzhaoyun_fazhenbaofa3_eff","type":"image","name":"shuizhua_baozha/xinzhaoyun_fazhenbaofa3_eff","transform":{"skX":90,"skY":90,"y":-1.73,"x":73.83}},{"path":"shuizhua_baozha/xinzhaoyun_fazhenbaofa5_eff","type":"image","name":"shuizhua_baozha/xinzhaoyun_fazhenbaofa5_eff","transform":{"skX":90,"skY":90,"y":-1.73,"x":73.83}},{"path":"shuizhua_baozha/xinzhaoyun_fazhenbaofa6_eff","type":"image","name":"shuizhua_baozha/xinzhaoyun_fazhenbaofa6_eff","transform":{"skX":90,"skY":90,"y":-1.73,"x":73.83}},{"path":"shuizhua_baozha/xinzhaoyun_fazhenbaofa7_eff","type":"image","name":"shuizhua_baozha/xinzhaoyun_fazhenbaofa7_eff","transform":{"skX":90,"skY":90,"y":-1.73,"x":73.83}}],"blendMode":"add","name":"shuizhua_baozha/xinzhaoyun_fazhenbaofa1_eff"},{"display":[{"path":"shuizhu_xuanwo/lan_fangshe_06_eff_01","type":"image","name":"shuizhu_xuanwo/lan_fangshe_06_eff_01","transform":{}}],"blendMode":"add","name":"shuizhu_xuanwo/lan_fangshe_06_eff_01"},{"display":[{"path":"shuizhu_luoxuan/qinpu_eff_002","type":"image","name":"shuizhu_luoxuan/qinpu_eff_002","transform":{"y":-42.71,"x":-0.65}},{"path":"shuizhu_luoxuan/qinpu_eff_003","type":"image","name":"shuizhu_luoxuan/qinpu_eff_003","transform":{"y":-42.71,"x":-0.65}},{"path":"shuizhu_luoxuan/qinpu_eff_004","type":"image","name":"shuizhu_luoxuan/qinpu_eff_004","transform":{"y":-42.71,"x":-0.65}},{"path":"shuizhu_luoxuan/qinpu_eff_005","type":"image","name":"shuizhu_luoxuan/qinpu_eff_005","transform":{"y":-42.71,"x":-0.65}}],"blendMode":"add","name":"shuizhu_luoxuan/qinpu_eff_002"}]}],"slot":[{"name":"ys_shuizhu_eff_pz","parent":"ys_shuizhu_eff_pz","color":{}},{"z":1,"name":"shuizhu_xuanwo/lan_fangshe_05_eff_05","parent":"shuizhu_xuanwo/lan_fangshe_05_eff_05","color":{}},{"blendMode":"add","z":2,"parent":"shuizhu_xuanwo/lan_fangshe_06_eff_1","name":"shuizhu_xuanwo/lan_fangshe_06_eff_01","color":{}},{"blendMode":"add","z":3,"parent":"shuizhu_xuanwo/lan_fangshe_06_eff_2","name":"shuizhu_xuanwo/lan_fangshe_06_eff_1","color":{}},{"blendMode":"add","z":4,"parent":"shuizhu_shuihua/caocao_huoyanxuanfeng_eff 1","name":"shuizhu_shuihua/caocao_huoyanxuanfeng_eff 1","color":{}},{"blendMode":"add","z":5,"parent":"shuizhu_shuihua/caocao_huoyanxuanfeng_eff 2","name":"shuizhu_shuihua/caocao_huoyanxuanfeng_eff 2","color":{}},{"blendMode":"add","z":6,"parent":"shuizhu_shuihua/caocao_huoyanxuanfeng_eff 3","name":"shuizhu_shuihua/caocao_huoyanxuanfeng_eff 3","color":{}},{"blendMode":"add","z":7,"parent":"shuizhu_shuihua/caocao_huoyanxuanfeng_eff 4","name":"shuizhu_shuihua/caocao_huoyanxuanfeng_eff 4","color":{}},{"blendMode":"add","z":8,"parent":"shuizhu_shuihua/caocao_huoyanxuanfeng_eff 5","name":"shuizhu_shuihua/caocao_huoyanxuanfeng_eff 5","color":{}},{"blendMode":"add","z":9,"parent":"shuizhu_luoxuan/qinpu_eff_002","name":"shuizhu_luoxuan/qinpu_eff_002","color":{}},{"blendMode":"add","z":10,"parent":"shuizhua_baozha/xinzhaoyun_fazhenbaofa1_eff","name":"shuizhua_baozha/xinzhaoyun_fazhenbaofa1_eff","color":{}}],"type":"Armature","ik":[],"defaultActions":[{"gotoAndPlay":"000_shuizhu_yanshi"}],"animation":[{"ffd":[],"frame":[],"duration":75,"ik":[],"bone":[{"frame":[{"duration":20,"transform":{}},{"duration":55,"transform":{}}],"name":"root"},{"frame":[{"duration":20,"transform":{}},{"duration":55,"transform":{}}],"name":"shuizhu_xuanwo/lan_fangshe_06_eff_01"},{"frame":[{"tweenEasing":0,"duration":15,"transform":{"scX":0.729,"scY":0.729}},{"tweenEasing":0,"duration":5,"transform":{"scX":0.729,"scY":0.729}},{"tweenEasing":0,"duration":25,"transform":{"skX":54.9,"skY":54.9,"scX":3,"scY":3}},{"tweenEasing":0,"duration":5,"transform":{"skX":54.9,"skY":54.9,"scX":3.345,"scY":3.345}},{"duration":5,"transform":{"skX":54.9,"skY":54.9,"scX":3.345,"scY":3.345}},{"duration":20,"transform":{"skX":150.99,"skY":150.99,"scX":1.306,"scY":1.306}}],"name":"shuizhu_xuanwo/lan_fangshe_05_eff_05"},{"frame":[{"tweenEasing":0,"duration":20,"transform":{"scX":0.403,"scY":0.403}},{"duration":25,"transform":{"scX":2.108,"scY":2.108}},{"tweenEasing":0,"duration":30,"transform":{"scX":0.79,"scY":0.79}},{"duration":0,"transform":{"scX":4.253,"scY":4.253}}],"name":"shuizhu_xuanwo/lan_fangshe_06_eff_1"},{"frame":[{"duration":18,"transform":{}},{"tweenEasing":0,"duration":2,"transform":{}},{"tweenEasing":0,"duration":29,"transform":{"scX":1.15,"scY":1.15}},{"tweenEasing":0,"duration":1,"transform":{"scX":0.95,"scY":0.95}},{"tweenEasing":0,"duration":25,"transform":{"scX":1.507,"scY":1.507}},{"duration":0,"transform":{"scX":2.388,"scY":2.388}}],"name":"shuizhu_shuihua/caocao_huoyanxuanfeng_eff 1"},{"frame":[{"tweenEasing":0,"duration":20,"transform":{"y":19.82}},{"duration":55,"transform":{"y":3.77}}],"name":"shuizhu_luoxuan/qinpu_eff_002"},{"frame":[{"tweenEasing":0,"duration":20,"transform":{"scX":0.403,"scY":0.403}},{"duration":30,"transform":{"scX":1.15,"scY":1.15}},{"tweenEasing":0,"duration":25,"transform":{"scX":0.403,"scY":0.403}},{"duration":0,"transform":{"scX":2.075,"scY":2.075}}],"name":"shuizhu_xuanwo/lan_fangshe_06_eff_2"},{"frame":[{"duration":20,"transform":{}},{"duration":55,"transform":{}}],"name":"shuizhu_shuihua/caocao_huoyanxuanfeng_eff 5"},{"frame":[{"duration":20,"transform":{}},{"duration":55,"transform":{}}],"name":"shuizhu_shuihua/caocao_huoyanxuanfeng_eff 2"},{"frame":[{"duration":20,"transform":{}},{"duration":55,"transform":{}}],"name":"shuizhu_shuihua/caocao_huoyanxuanfeng_eff 3"},{"frame":[{"duration":20,"transform":{}},{"duration":55,"transform":{}}],"name":"shuizhu_shuihua/caocao_huoyanxuanfeng_eff 4"},{"frame":[{"tweenEasing":0,"duration":20,"transform":{}},{"tweenEasing":0,"duration":30,"transform":{"scX":0.757,"y":4.05,"scY":0.757,"x":-106.98}},{"duration":18,"curve":[0,0.315,0.875,1],"transform":{"scX":0.429,"y":9.52,"scY":0.429,"x":-251.42}},{"duration":7,"transform":{"scX":3,"y":9.52,"scY":3,"x":-251.42}}],"name":"shuizhua_baozha/xinzhaoyun_fazhenbaofa1_eff"},{"frame":[{"tweenEasing":0,"duration":20,"transform":{}},{"duration":30,"transform":{"scY":0.507}},{"duration":5,"transform":{"scY":0.507}},{"duration":20,"transform":{"scY":0.507}}],"name":"ys_shuizhu_eff_pz"}],"slot":[{"frame":[{"tweenEasing":0,"duration":3,"color":{"aM":44}},{"tweenEasing":0,"displayIndex":1,"duration":3},{"tweenEasing":0,"displayIndex":2,"duration":3},{"tweenEasing":0,"displayIndex":3,"duration":11},{"tweenEasing":null,"displayIndex":3,"duration":55,"color":{"aM":0}}],"name":"shuizhu_luoxuan/qinpu_eff_002"},{"frame":[{"tweenEasing":0,"duration":3,"color":{"aM":0}},{"tweenEasing":0,"displayIndex":1,"duration":3},{"tweenEasing":0,"displayIndex":2,"duration":3},{"tweenEasing":0,"displayIndex":3,"duration":3},{"tweenEasing":0,"displayIndex":4,"duration":3},{"tweenEasing":0,"displayIndex":5,"duration":3},{"tweenEasing":0,"duration":2,"color":{"aM":0}},{"tweenEasing":null,"duration":1},{"tweenEasing":0,"displayIndex":1,"duration":3},{"tweenEasing":0,"displayIndex":2,"duration":3},{"tweenEasing":0,"displayIndex":3,"duration":3},{"tweenEasing":0,"displayIndex":4,"duration":3},{"tweenEasing":0,"displayIndex":5,"duration":3},{"tweenEasing":0,"duration":3},{"tweenEasing":0,"displayIndex":1,"duration":3},{"tweenEasing":0,"displayIndex":2,"duration":3},{"tweenEasing":0,"displayIndex":3,"duration":3},{"tweenEasing":0,"displayIndex":4,"duration":2},{"tweenEasing":0,"displayIndex":4,"duration":1},{"tweenEasing":0,"displayIndex":5,"duration":3},{"tweenEasing":0,"duration":3},{"tweenEasing":0,"displayIndex":1,"duration":3},{"tweenEasing":0,"displayIndex":2,"duration":3,"color":{"aM":0}},{"tweenEasing":0,"displayIndex":3,"duration":2},{"tweenEasing":null,"displayIndex":4,"duration":10}],"name":"shuizhu_shuihua/caocao_huoyanxuanfeng_eff 1"},{"frame":[{"tweenEasing":0,"displayIndex":1,"duration":3,"color":{"aM":0}},{"tweenEasing":0,"displayIndex":2,"duration":3},{"tweenEasing":0,"displayIndex":3,"duration":3},{"tweenEasing":0,"displayIndex":4,"duration":3},{"tweenEasing":0,"displayIndex":5,"duration":3},{"tweenEasing":0,"duration":3},{"tweenEasing":0,"displayIndex":1,"duration":3},{"tweenEasing":0,"displayIndex":2,"duration":3},{"tweenEasing":0,"displayIndex":3,"duration":3},{"tweenEasing":0,"displayIndex":4,"duration":3},{"tweenEasing":0,"displayIndex":5,"duration":3},{"tweenEasing":0,"duration":3},{"tweenEasing":0,"displayIndex":1,"duration":3},{"tweenEasing":0,"displayIndex":2,"duration":3},{"tweenEasing":0,"displayIndex":3,"duration":3},{"tweenEasing":0,"displayIndex":4,"duration":1},{"tweenEasing":0,"displayIndex":4,"duration":2,"color":{"aM":0}},{"tweenEasing":0,"displayIndex":5,"duration":3},{"tweenEasing":0,"duration":3},{"tweenEasing":0,"displayIndex":1,"duration":3},{"tweenEasing":0,"displayIndex":2,"duration":3},{"tweenEasing":0,"displayIndex":3,"duration":1},{"tweenEasing":0,"displayIndex":3,"duration":2,"color":{"aM":0}},{"tweenEasing":0,"displayIndex":4,"duration":2},{"tweenEasing":null,"displayIndex":5,"duration":10}],"name":"shuizhu_shuihua/caocao_huoyanxuanfeng_eff 2"},{"frame":[{"tweenEasing":0,"displayIndex":2,"duration":3,"color":{"aM":0}},{"tweenEasing":0,"displayIndex":3,"duration":3},{"tweenEasing":0,"displayIndex":4,"duration":3},{"tweenEasing":0,"displayIndex":5,"duration":3},{"tweenEasing":0,"duration":3},{"tweenEasing":0,"displayIndex":1,"duration":3},{"tweenEasing":0,"displayIndex":2,"duration":3},{"tweenEasing":0,"displayIndex":3,"duration":3},{"tweenEasing":0,"displayIndex":4,"duration":3},{"tweenEasing":0,"displayIndex":5,"duration":3},{"tweenEasing":0,"duration":3},{"tweenEasing":0,"displayIndex":1,"duration":3},{"tweenEasing":0,"displayIndex":2,"duration":3},{"tweenEasing":0,"displayIndex":3,"duration":3},{"tweenEasing":0,"displayIndex":4,"duration":3},{"tweenEasing":0,"displayIndex":5,"duration":2},{"tweenEasing":0,"displayIndex":5,"duration":1,"color":{"aM":0}},{"tweenEasing":0,"duration":3},{"tweenEasing":0,"displayIndex":1,"duration":1},{"tweenEasing":0,"displayIndex":1,"duration":2},{"tweenEasing":0,"displayIndex":2,"duration":3},{"tweenEasing":0,"displayIndex":3,"duration":3},{"tweenEasing":0,"displayIndex":4,"duration":2},{"tweenEasing":0,"displayIndex":4,"duration":1,"color":{"aM":0}},{"tweenEasing":0,"displayIndex":5,"duration":2},{"tweenEasing":null,"duration":10}],"name":"shuizhu_shuihua/caocao_huoyanxuanfeng_eff 3"},{"frame":[{"tweenEasing":0,"displayIndex":3,"duration":3,"color":{"aM":0}},{"tweenEasing":0,"displayIndex":4,"duration":3},{"tweenEasing":0,"displayIndex":5,"duration":3},{"tweenEasing":0,"duration":3},{"tweenEasing":0,"displayIndex":1,"duration":3},{"tweenEasing":0,"displayIndex":2,"duration":3},{"tweenEasing":0,"displayIndex":3,"duration":3},{"tweenEasing":0,"displayIndex":4,"duration":3},{"tweenEasing":0,"displayIndex":5,"duration":3},{"tweenEasing":0,"duration":3},{"tweenEasing":0,"displayIndex":1,"duration":3},{"tweenEasing":0,"displayIndex":2,"duration":3},{"tweenEasing":0,"displayIndex":3,"duration":3},{"tweenEasing":0,"displayIndex":4,"duration":3},{"tweenEasing":0,"displayIndex":5,"duration":3},{"tweenEasing":0,"duration":3},{"tweenEasing":0,"displayIndex":1,"duration":3,"color":{"aM":0}},{"tweenEasing":0,"displayIndex":2,"duration":2},{"tweenEasing":0,"displayIndex":2,"duration":1},{"tweenEasing":0,"displayIndex":3,"duration":3},{"tweenEasing":0,"displayIndex":4,"duration":3},{"tweenEasing":0,"displayIndex":5,"duration":3},{"tweenEasing":0,"duration":1},{"tweenEasing":0,"duration":1,"color":{"aM":0}},{"tweenEasing":null,"displayIndex":1,"duration":10}],"name":"shuizhu_shuihua/caocao_huoyanxuanfeng_eff 4"},{"frame":[{"tweenEasing":0,"duration":3,"color":{"aM":0}},{"tweenEasing":0,"displayIndex":1,"duration":3},{"tweenEasing":0,"displayIndex":2,"duration":3},{"tweenEasing":0,"displayIndex":3,"duration":3},{"tweenEasing":0,"displayIndex":4,"duration":3},{"tweenEasing":0,"displayIndex":5,"duration":3},{"tweenEasing":0,"duration":3},{"tweenEasing":0,"displayIndex":1,"duration":3},{"tweenEasing":0,"displayIndex":2,"duration":3},{"tweenEasing":0,"displayIndex":3,"duration":3},{"tweenEasing":0,"displayIndex":4,"duration":3},{"tweenEasing":0,"displayIndex":5,"duration":3},{"tweenEasing":0,"duration":3},{"tweenEasing":0,"displayIndex":1,"duration":3},{"tweenEasing":0,"displayIndex":2,"duration":3},{"tweenEasing":0,"displayIndex":4,"duration":3},{"tweenEasing":0,"displayIndex":4,"duration":1},{"tweenEasing":0,"displayIndex":4,"duration":2,"color":{"aM":0}},{"tweenEasing":0,"displayIndex":5,"duration":3},{"tweenEasing":0,"displayIndex":1,"duration":3},{"tweenEasing":0,"displayIndex":1,"duration":3},{"tweenEasing":0,"displayIndex":2,"duration":3},{"tweenEasing":0,"displayIndex":3,"duration":2},{"tweenEasing":null,"displayIndex":4,"duration":10,"color":{"aM":0}}],"name":"shuizhu_shuihua/caocao_huoyanxuanfeng_eff 5"},{"frame":[{"tweenEasing":null,"duration":15,"color":{"aM":0}},{"tweenEasing":0,"duration":5,"color":{"aM":0}},{"tweenEasing":0,"duration":5},{"tweenEasing":0,"duration":5,"color":{"aM":74}},{"tweenEasing":0,"duration":5},{"tweenEasing":0,"duration":5,"color":{"aM":74}},{"tweenEasing":0,"duration":5},{"tweenEasing":0,"duration":5,"color":{"aM":74}},{"tweenEasing":0,"duration":5},{"tweenEasing":null,"duration":20,"color":{"aM":0}}],"name":"shuizhu_xuanwo/lan_fangshe_05_eff_05"},{"frame":[{"tweenEasing":0,"duration":5,"color":{"aM":0}},{"tweenEasing":0,"duration":15},{"tweenEasing":null,"duration":25,"color":{"aM":0}},{"tweenEasing":0,"duration":30},{"tweenEasing":null,"duration":0,"color":{"aM":0}}],"name":"shuizhu_xuanwo/lan_fangshe_06_eff_01"},{"frame":[{"tweenEasing":0,"duration":5,"color":{"aM":0}},{"tweenEasing":0,"duration":15},{"tweenEasing":null,"duration":30,"color":{"aM":0}},{"tweenEasing":0,"duration":25},{"tweenEasing":null,"duration":0,"color":{"aM":0}}],"name":"shuizhu_xuanwo/lan_fangshe_06_eff_1"},{"frame":[{"tweenEasing":0,"displayIndex":-1,"duration":50},{"tweenEasing":0,"duration":1},{"tweenEasing":0,"displayIndex":1,"duration":1},{"tweenEasing":0,"displayIndex":2,"duration":2},{"tweenEasing":0,"displayIndex":3,"duration":2},{"tweenEasing":0,"displayIndex":4,"duration":12},{"tweenEasing":null,"displayIndex":4,"duration":7,"color":{"aM":0}}],"name":"shuizhua_baozha/xinzhaoyun_fazhenbaofa1_eff"},{"frame":[{"tweenEasing":0,"displayIndex":-1,"duration":20},{"tweenEasing":0,"duration":30},{"tweenEasing":0,"duration":5},{"tweenEasing":null,"displayIndex":-1,"duration":20}],"name":"ys_shuizhu_eff_pz"}],"name":"000_shuizhu_yanshi"},{"ffd":[],"frame":[],"duration":30,"ik":[],"bone":[{"frame":[{"duration":20,"transform":{}},{"duration":5,"transform":{}},{"duration":5,"transform":{}}],"name":"root"},{"frame":[{"duration":20,"transform":{}},{"duration":5,"transform":{}},{"duration":5,"transform":{}}],"name":"shuizhu_xuanwo/lan_fangshe_06_eff_01"},{"frame":[{"tweenEasing":0,"duration":5,"transform":{"scX":0.729,"scY":0.729}},{"tweenEasing":0,"duration":15,"transform":{"scX":0.729,"scY":0.729}},{"tweenEasing":0,"duration":10,"transform":{"skX":54.9,"skY":54.9,"scX":3,"scY":3}},{"duration":0,"transform":{"skX":102.34,"skY":102.34,"scX":3,"scY":3}}],"name":"shuizhu_xuanwo/lan_fangshe_05_eff_05"},{"frame":[{"tweenEasing":0,"duration":20,"transform":{"scX":0.403,"scY":0.403}},{"duration":10,"transform":{"scX":2.108,"scY":2.108}},{"duration":0,"transform":{"scX":2.108,"scY":2.108}}],"name":"shuizhu_xuanwo/lan_fangshe_06_eff_1"},{"frame":[{"duration":18,"transform":{}},{"tweenEasing":0,"duration":2,"transform":{}},{"duration":10,"transform":{"scX":1.15,"scY":1.15}},{"duration":0,"transform":{"scX":1.15,"scY":1.15}}],"name":"shuizhu_shuihua/caocao_huoyanxuanfeng_eff 1"},{"frame":[{"tweenEasing":0,"duration":20,"transform":{"scX":2,"y":19.82,"scY":2}},{"duration":10,"transform":{"y":3.77}},{"duration":0,"transform":{"y":3.77}}],"name":"shuizhu_luoxuan/qinpu_eff_002"},{"frame":[{"tweenEasing":0,"duration":20,"transform":{"scX":0.403,"scY":0.403}},{"duration":10,"transform":{"scX":1.15,"scY":1.15}},{"duration":0,"transform":{"scX":1.15,"scY":1.15}}],"name":"shuizhu_xuanwo/lan_fangshe_06_eff_2"},{"frame":[{"duration":20,"transform":{}},{"duration":10,"transform":{}},{"duration":0,"transform":{}}],"name":"shuizhu_shuihua/caocao_huoyanxuanfeng_eff 5"},{"frame":[{"duration":20,"transform":{}},{"duration":10,"transform":{}},{"duration":0,"transform":{}}],"name":"shuizhu_shuihua/caocao_huoyanxuanfeng_eff 2"},{"frame":[{"duration":20,"transform":{}},{"duration":10,"transform":{}},{"duration":0,"transform":{}}],"name":"shuizhu_shuihua/caocao_huoyanxuanfeng_eff 3"},{"frame":[{"duration":20,"transform":{}},{"duration":10,"transform":{}},{"duration":0,"transform":{}}],"name":"shuizhu_shuihua/caocao_huoyanxuanfeng_eff 4"},{"frame":[{"tweenEasing":0,"duration":20,"transform":{}},{"duration":10,"transform":{"scX":0.757,"y":4.05,"scY":0.757,"x":-106.98}},{"duration":0,"transform":{"scX":0.757,"y":4.05,"scY":0.757,"x":-106.98}}],"name":"shuizhua_baozha/xinzhaoyun_fazhenbaofa1_eff"},{"frame":[{"tweenEasing":0,"duration":20,"transform":{}},{"duration":10,"transform":{"scY":0.507}},{"duration":0,"transform":{"scY":0.507}}],"name":"ys_shuizhu_eff_pz"}],"slot":[{"frame":[{"tweenEasing":0,"duration":3,"color":{"aM":44}},{"tweenEasing":0,"displayIndex":1,"duration":3},{"tweenEasing":0,"displayIndex":2,"duration":3},{"tweenEasing":0,"displayIndex":3,"duration":11},{"tweenEasing":0,"displayIndex":3,"duration":10,"color":{"aM":0}},{"tweenEasing":null,"displayIndex":3,"duration":0,"color":{"aM":0}}],"name":"shuizhu_luoxuan/qinpu_eff_002"},{"frame":[{"tweenEasing":0,"duration":3,"color":{"aM":0}},{"tweenEasing":0,"displayIndex":1,"duration":3},{"tweenEasing":0,"displayIndex":2,"duration":3},{"tweenEasing":0,"displayIndex":3,"duration":3},{"tweenEasing":0,"displayIndex":4,"duration":3},{"tweenEasing":0,"displayIndex":5,"duration":3},{"tweenEasing":0,"duration":2,"color":{"aM":0}},{"tweenEasing":0,"duration":10},{"tweenEasing":null,"duration":0,"color":{"aM":0}}],"name":"shuizhu_shuihua/caocao_huoyanxuanfeng_eff 1"},{"frame":[{"tweenEasing":0,"displayIndex":1,"duration":3,"color":{"aM":0}},{"tweenEasing":0,"displayIndex":2,"duration":3},{"tweenEasing":0,"displayIndex":3,"duration":3},{"tweenEasing":0,"displayIndex":4,"duration":3},{"tweenEasing":0,"displayIndex":5,"duration":3},{"tweenEasing":0,"duration":3},{"tweenEasing":0,"displayIndex":1,"duration":2},{"tweenEasing":null,"displayIndex":1,"duration":10,"color":{"aM":0}},{"tweenEasing":null,"displayIndex":1,"duration":0,"color":{"aM":0}}],"name":"shuizhu_shuihua/caocao_huoyanxuanfeng_eff 2"},{"frame":[{"tweenEasing":0,"displayIndex":2,"duration":3,"color":{"aM":0}},{"tweenEasing":0,"displayIndex":3,"duration":3},{"tweenEasing":0,"displayIndex":4,"duration":3},{"tweenEasing":0,"displayIndex":5,"duration":3},{"tweenEasing":0,"duration":3},{"tweenEasing":0,"displayIndex":1,"duration":3},{"tweenEasing":0,"displayIndex":2,"duration":2},{"tweenEasing":null,"displayIndex":2,"duration":10,"color":{"aM":0}},{"tweenEasing":null,"displayIndex":2,"duration":0,"color":{"aM":0}}],"name":"shuizhu_shuihua/caocao_huoyanxuanfeng_eff 3"},{"frame":[{"tweenEasing":0,"displayIndex":3,"duration":3,"color":{"aM":0}},{"tweenEasing":0,"displayIndex":4,"duration":3},{"tweenEasing":0,"displayIndex":5,"duration":3},{"tweenEasing":0,"duration":3},{"tweenEasing":0,"displayIndex":1,"duration":3},{"tweenEasing":0,"displayIndex":2,"duration":3},{"tweenEasing":0,"displayIndex":3,"duration":2},{"tweenEasing":null,"displayIndex":3,"duration":10,"color":{"aM":0}},{"tweenEasing":null,"displayIndex":3,"duration":0,"color":{"aM":0}}],"name":"shuizhu_shuihua/caocao_huoyanxuanfeng_eff 4"},{"frame":[{"tweenEasing":0,"duration":3,"color":{"aM":0}},{"tweenEasing":0,"displayIndex":1,"duration":3},{"tweenEasing":0,"displayIndex":2,"duration":3},{"tweenEasing":0,"displayIndex":3,"duration":3},{"tweenEasing":0,"displayIndex":4,"duration":3},{"tweenEasing":0,"displayIndex":5,"duration":3},{"tweenEasing":0,"duration":2},{"tweenEasing":null,"duration":10,"color":{"aM":0}},{"tweenEasing":null,"duration":0,"color":{"aM":0}}],"name":"shuizhu_shuihua/caocao_huoyanxuanfeng_eff 5"},{"frame":[{"tweenEasing":null,"duration":5,"color":{"aM":0}},{"tweenEasing":0,"duration":15,"color":{"aM":0}},{"tweenEasing":0,"duration":10},{"tweenEasing":null,"duration":0,"color":{"aM":0}}],"name":"shuizhu_xuanwo/lan_fangshe_05_eff_05"},{"frame":[{"tweenEasing":0,"duration":5,"color":{"aM":0}},{"tweenEasing":0,"duration":15},{"tweenEasing":null,"duration":10,"color":{"aM":0}},{"tweenEasing":null,"duration":0,"color":{"aM":0}}],"name":"shuizhu_xuanwo/lan_fangshe_06_eff_01"},{"frame":[{"tweenEasing":0,"duration":5,"color":{"aM":0}},{"tweenEasing":0,"duration":15},{"tweenEasing":null,"duration":10,"color":{"aM":0}},{"tweenEasing":null,"duration":0,"color":{"aM":0}}],"name":"shuizhu_xuanwo/lan_fangshe_06_eff_1"},{"frame":[{"tweenEasing":0,"displayIndex":-1,"duration":20},{"tweenEasing":0,"displayIndex":-1,"duration":10},{"tweenEasing":null,"displayIndex":-1,"duration":0,"color":{"aM":0}}],"name":"shuizhua_baozha/xinzhaoyun_fazhenbaofa1_eff"},{"frame":[{"tweenEasing":0,"displayIndex":-1,"duration":20},{"tweenEasing":0,"displayIndex":-1,"duration":10},{"tweenEasing":null,"displayIndex":-1,"duration":0,"color":{"aM":0}}],"name":"ys_shuizhu_eff_pz"}],"name":"001_shuizhu_xuli"},{"ffd":[],"frame":[],"duration":30,"ik":[],"bone":[{"frame":[{"duration":30,"transform":{}},{"duration":0,"transform":{}}],"name":"root"},{"frame":[{"duration":30,"transform":{}},{"duration":0,"transform":{}}],"name":"shuizhu_xuanwo/lan_fangshe_06_eff_01"},{"frame":[{"tweenEasing":0,"duration":30,"transform":{"skX":54.9,"skY":54.9,"scX":3,"scY":3}},{"duration":0,"transform":{"skX":141.11,"skY":141.11,"scX":2.1,"scY":2.1}}],"name":"shuizhu_xuanwo/lan_fangshe_05_eff_05"},{"frame":[{"duration":30,"transform":{"scX":2.108,"scY":2.108}}],"name":"shuizhu_xuanwo/lan_fangshe_06_eff_1"},{"frame":[{"duration":30,"transform":{"scX":1.15,"scY":1.15}},{"duration":0,"transform":{"scX":1.15,"scY":1.15}}],"name":"shuizhu_shuihua/caocao_huoyanxuanfeng_eff 1"},{"frame":[{"duration":30,"transform":{"y":3.77}},{"duration":0,"transform":{"y":3.77}}],"name":"shuizhu_luoxuan/qinpu_eff_002"},{"frame":[{"duration":30,"transform":{"scX":1.15,"scY":1.15}},{"duration":0,"transform":{"scX":0.403,"scY":0.403}}],"name":"shuizhu_xuanwo/lan_fangshe_06_eff_2"},{"frame":[{"duration":30,"transform":{}}],"name":"shuizhu_shuihua/caocao_huoyanxuanfeng_eff 5"},{"frame":[{"duration":30,"transform":{}}],"name":"shuizhu_shuihua/caocao_huoyanxuanfeng_eff 2"},{"frame":[{"duration":30,"transform":{}}],"name":"shuizhu_shuihua/caocao_huoyanxuanfeng_eff 3"},{"frame":[{"duration":30,"transform":{}}],"name":"shuizhu_shuihua/caocao_huoyanxuanfeng_eff 4"},{"frame":[{"duration":30,"transform":{"scX":0.757,"y":4.05,"scY":0.757,"x":-106.98}},{"duration":0,"transform":{"scX":0.757,"y":4.05,"scY":0.757,"x":-106.98}}],"name":"shuizhua_baozha/xinzhaoyun_fazhenbaofa1_eff"},{"frame":[{"duration":30,"transform":{"scX":1.087,"scY":0.822}},{"duration":0,"transform":{"scX":1.087,"scY":0.822}}],"name":"ys_shuizhu_eff_pz"}],"slot":[{"frame":[{"tweenEasing":null,"displayIndex":3,"duration":30,"color":{"aM":0}}],"name":"shuizhu_luoxuan/qinpu_eff_002"},{"frame":[{"tweenEasing":0,"duration":2},{"tweenEasing":0,"displayIndex":1,"duration":2},{"tweenEasing":0,"displayIndex":2,"duration":2},{"tweenEasing":0,"displayIndex":3,"duration":2},{"tweenEasing":0,"displayIndex":4,"duration":2},{"tweenEasing":0,"displayIndex":5,"duration":2},{"tweenEasing":0,"duration":2},{"tweenEasing":0,"displayIndex":1,"duration":2},{"tweenEasing":0,"displayIndex":2,"duration":2},{"tweenEasing":0,"displayIndex":3,"duration":2},{"tweenEasing":0,"displayIndex":4,"duration":2},{"tweenEasing":0,"displayIndex":5,"duration":2},{"tweenEasing":0,"duration":2},{"tweenEasing":0,"displayIndex":1,"duration":2},{"tweenEasing":0,"displayIndex":2,"duration":2},{"tweenEasing":null,"displayIndex":3,"duration":0}],"name":"shuizhu_shuihua/caocao_huoyanxuanfeng_eff 1"},{"frame":[{"tweenEasing":null,"displayIndex":1,"duration":30,"color":{"aM":0}}],"name":"shuizhu_shuihua/caocao_huoyanxuanfeng_eff 2"},{"frame":[{"tweenEasing":null,"displayIndex":2,"duration":30,"color":{"aM":0}}],"name":"shuizhu_shuihua/caocao_huoyanxuanfeng_eff 3"},{"frame":[{"tweenEasing":null,"displayIndex":3,"duration":30,"color":{"aM":0}}],"name":"shuizhu_shuihua/caocao_huoyanxuanfeng_eff 4"},{"frame":[{"tweenEasing":null,"duration":30,"color":{"aM":0}}],"name":"shuizhu_shuihua/caocao_huoyanxuanfeng_eff 5"},{"frame":[{"tweenEasing":0,"duration":5},{"tweenEasing":0,"duration":5,"color":{"aM":74}},{"tweenEasing":0,"duration":5},{"tweenEasing":0,"duration":5,"color":{"aM":74}},{"tweenEasing":0,"duration":10},{"tweenEasing":null,"duration":0,"color":{"aM":74}}],"name":"shuizhu_xuanwo/lan_fangshe_05_eff_05"},{"frame":[{"tweenEasing":null,"duration":30,"color":{"aM":0}}],"name":"shuizhu_xuanwo/lan_fangshe_06_eff_01"},{"frame":[{"tweenEasing":null,"duration":30,"color":{"aM":0}},{"tweenEasing":null,"duration":0}],"name":"shuizhu_xuanwo/lan_fangshe_06_eff_1"},{"frame":[{"tweenEasing":null,"displayIndex":-1,"duration":30}],"name":"shuizhua_baozha/xinzhaoyun_fazhenbaofa1_eff"},{"frame":[{"tweenEasing":0,"duration":30},{"tweenEasing":null,"duration":0}],"name":"ys_shuizhu_eff_pz"}],"name":"002_shuizhu_xunhuan"},{"ffd":[],"frame":[],"duration":25,"ik":[],"bone":[{"frame":[{"duration":25,"transform":{}}],"name":"root"},{"frame":[{"duration":25,"transform":{}}],"name":"shuizhu_xuanwo/lan_fangshe_06_eff_01"},{"frame":[{"tweenEasing":0,"duration":5,"transform":{"skX":137.26,"skY":137.26,"scX":2.325,"scY":2.325}},{"duration":20,"transform":{"skX":150.99,"skY":150.99,"scX":1.306,"scY":1.306}}],"name":"shuizhu_xuanwo/lan_fangshe_05_eff_05"},{"frame":[{"tweenEasing":0,"duration":25,"transform":{"scX":1.367,"scY":1.367}},{"duration":0,"transform":{"scX":4.253,"scY":4.253}}],"name":"shuizhu_xuanwo/lan_fangshe_06_eff_1"},{"frame":[{"tweenEasing":0,"duration":25,"transform":{"scX":1.507,"scY":1.507}},{"duration":0,"transform":{"scX":2.388,"scY":2.388}}],"name":"shuizhu_shuihua/caocao_huoyanxuanfeng_eff 1"},{"frame":[{"duration":25,"transform":{"y":3.77}},{"duration":0,"transform":{"y":3.77}}],"name":"shuizhu_luoxuan/qinpu_eff_002"},{"frame":[{"tweenEasing":0,"duration":25,"transform":{"scX":0.403,"scY":0.403}},{"duration":0,"transform":{"scX":2.075,"scY":2.075}}],"name":"shuizhu_xuanwo/lan_fangshe_06_eff_2"},{"frame":[{"duration":25,"transform":{}}],"name":"shuizhu_shuihua/caocao_huoyanxuanfeng_eff 5"},{"frame":[{"duration":25,"transform":{}}],"name":"shuizhu_shuihua/caocao_huoyanxuanfeng_eff 2"},{"frame":[{"duration":25,"transform":{}}],"name":"shuizhu_shuihua/caocao_huoyanxuanfeng_eff 3"},{"frame":[{"duration":25,"transform":{}}],"name":"shuizhu_shuihua/caocao_huoyanxuanfeng_eff 4"},{"frame":[{"duration":18,"curve":[0,0.315,0.875,1],"transform":{"scX":0.429,"y":9.52,"scY":0.429,"x":-251.42}},{"duration":7,"transform":{"scX":3,"y":9.52,"scY":3,"x":-251.42}}],"name":"shuizhua_baozha/xinzhaoyun_fazhenbaofa1_eff"},{"frame":[{"duration":5,"transform":{"scY":0.507}},{"duration":20,"transform":{"scY":0.507}}],"name":"ys_shuizhu_eff_pz"}],"slot":[{"frame":[{"tweenEasing":0,"duration":25,"color":{"aM":44}},{"tweenEasing":null,"duration":0,"color":{"aM":0}}],"name":"shuizhu_luoxuan/qinpu_eff_002"},{"frame":[{"tweenEasing":0,"duration":1},{"tweenEasing":0,"displayIndex":5,"duration":3},{"tweenEasing":0,"duration":3},{"tweenEasing":0,"displayIndex":1,"duration":3},{"tweenEasing":0,"displayIndex":2,"duration":3,"color":{"aM":0}},{"tweenEasing":0,"displayIndex":3,"duration":2},{"tweenEasing":null,"displayIndex":4,"duration":10}],"name":"shuizhu_shuihua/caocao_huoyanxuanfeng_eff 1"},{"frame":[{"tweenEasing":0,"displayIndex":1,"duration":1,"color":{"aM":0}},{"tweenEasing":0,"duration":3},{"tweenEasing":0,"displayIndex":1,"duration":3},{"tweenEasing":0,"displayIndex":2,"duration":3},{"tweenEasing":0,"displayIndex":3,"duration":1},{"tweenEasing":0,"displayIndex":3,"duration":2,"color":{"aM":0}},{"tweenEasing":0,"displayIndex":4,"duration":2},{"tweenEasing":null,"displayIndex":5,"duration":10}],"name":"shuizhu_shuihua/caocao_huoyanxuanfeng_eff 2"},{"frame":[{"tweenEasing":0,"displayIndex":2,"duration":1,"color":{"aM":0}},{"tweenEasing":0,"displayIndex":1,"duration":1},{"tweenEasing":0,"displayIndex":1,"duration":2},{"tweenEasing":0,"displayIndex":2,"duration":3},{"tweenEasing":0,"displayIndex":3,"duration":3},{"tweenEasing":0,"displayIndex":4,"duration":2},{"tweenEasing":0,"displayIndex":4,"duration":1,"color":{"aM":0}},{"tweenEasing":0,"displayIndex":5,"duration":2},{"tweenEasing":null,"duration":10}],"name":"shuizhu_shuihua/caocao_huoyanxuanfeng_eff 3"},{"frame":[{"tweenEasing":0,"displayIndex":3,"duration":1,"color":{"aM":0}},{"tweenEasing":0,"displayIndex":2,"duration":2},{"tweenEasing":0,"displayIndex":2,"duration":1},{"tweenEasing":0,"displayIndex":3,"duration":3},{"tweenEasing":0,"displayIndex":4,"duration":3},{"tweenEasing":0,"displayIndex":5,"duration":3},{"tweenEasing":0,"duration":1},{"tweenEasing":0,"duration":1,"color":{"aM":0}},{"tweenEasing":null,"displayIndex":1,"duration":10}],"name":"shuizhu_shuihua/caocao_huoyanxuanfeng_eff 4"},{"frame":[{"tweenEasing":0,"duration":1,"color":{"aM":0}},{"tweenEasing":0,"displayIndex":5,"duration":3},{"tweenEasing":0,"displayIndex":1,"duration":3},{"tweenEasing":0,"displayIndex":1,"duration":3},{"tweenEasing":0,"displayIndex":2,"duration":3},{"tweenEasing":0,"displayIndex":3,"duration":2},{"tweenEasing":null,"displayIndex":4,"duration":10,"color":{"aM":0}}],"name":"shuizhu_shuihua/caocao_huoyanxuanfeng_eff 5"},{"frame":[{"tweenEasing":0,"duration":5},{"tweenEasing":null,"duration":20,"color":{"aM":0}}],"name":"shuizhu_xuanwo/lan_fangshe_05_eff_05"},{"frame":[{"tweenEasing":null,"duration":25,"color":{"aM":0}},{"tweenEasing":null,"duration":0,"color":{"aM":0}}],"name":"shuizhu_xuanwo/lan_fangshe_06_eff_01"},{"frame":[{"tweenEasing":0,"duration":25},{"tweenEasing":null,"duration":0,"color":{"aM":0}}],"name":"shuizhu_xuanwo/lan_fangshe_06_eff_1"},{"frame":[{"tweenEasing":0,"duration":1},{"tweenEasing":0,"displayIndex":1,"duration":1},{"tweenEasing":0,"displayIndex":2,"duration":2},{"tweenEasing":0,"displayIndex":3,"duration":2},{"tweenEasing":0,"displayIndex":4,"duration":12},{"tweenEasing":null,"displayIndex":4,"duration":7,"color":{"aM":0}}],"name":"shuizhua_baozha/xinzhaoyun_fazhenbaofa1_eff"},{"frame":[{"tweenEasing":0,"duration":5},{"tweenEasing":null,"displayIndex":-1,"duration":20}],"name":"ys_shuizhu_eff_pz"}],"name":"003_shuizhu_baozha"}],"bone":[{"name":"root","transform":{}},{"transform":{"y":-48.74,"x":0.65},"name":"shuizhu_luoxuan/qinpu_eff_002","parent":"root"},{"length":104,"transform":{"skX":-89.42,"skY":-89.42,"y":3.89,"x":-0.45},"parent":"root","name":"shuizhu_shuihua/caocao_huoyanxuanfeng_eff 1"},{"length":104,"transform":{"skX":-89.42,"skY":-89.42,"y":-53.87,"x":0.11},"parent":"root","name":"shuizhu_shuihua/caocao_huoyanxuanfeng_eff 2"},{"length":104,"transform":{"skX":-89.42,"skY":-89.42,"y":-109.04,"x":0.65},"parent":"root","name":"shuizhu_shuihua/caocao_huoyanxuanfeng_eff 3"},{"length":104,"transform":{"skX":-89.42,"skY":-89.42,"y":-165.5,"x":1.2},"parent":"root","name":"shuizhu_shuihua/caocao_huoyanxuanfeng_eff 4"},{"length":104,"transform":{"skX":-89.42,"skY":-89.42,"y":-223.84,"x":1.77},"parent":"root","name":"shuizhu_shuihua/caocao_huoyanxuanfeng_eff 5"},{"transform":{"scY":0.204},"name":"shuizhu_xuanwo/lan_fangshe_06_eff_01","parent":"root"},{"length":50,"transform":{"skX":-90,"skY":-90,"y":0.14,"x":251.42},"parent":"root","name":"shuizhua_baozha/xinzhaoyun_fazhenbaofa1_eff"},{"transform":{"y":-19.78,"x":-113.03},"name":"ys_shuizhu_eff_pz","parent":"root"},{"transform":{"scX":1.706,"scY":1.706},"name":"shuizhu_xuanwo/lan_fangshe_06_eff_1","parent":"shuizhu_xuanwo/lan_fangshe_06_eff_01"},{"transform":{},"name":"shuizhu_xuanwo/lan_fangshe_05_eff_05","parent":"shuizhu_xuanwo/lan_fangshe_06_eff_01"},{"transform":{"scX":2.46,"scY":2.46},"name":"shuizhu_xuanwo/lan_fangshe_06_eff_2","parent":"shuizhu_xuanwo/lan_fangshe_06_eff_01"}],"aabb":{"width":548.01,"y":-373.51249444394466,"height":484.01249444394466,"x":-150},"name":"armatureName","frameRate":30}],"name":"ys_shuizhu_eff","version":"4.0"}