{"frameRate":30,"isGlobal":0,"armature":[{"defaultActions":[{"gotoAndPlay":"0000_chongji1"}],"animation":[{"frame":[],"duration":15,"slot":[{"frame":[{"tweenEasing":null,"displayIndex":-1,"duration":15}],"name":"hj3/cheng_chongji_03_eff_01"},{"frame":[{"tweenEasing":null,"displayIndex":-1,"duration":15}],"name":"hj_fazhen01_eff/lan_fazhen_03_eff_01"},{"frame":[{"tweenEasing":null,"displayIndex":-1,"duration":15}],"name":"hj_yanwu/zi_yanwu_eff_01"},{"frame":[{"tweenEasing":null,"displayIndex":-1,"duration":15}],"name":"hj_zhaoze_01_eff/hei_zhaoze_01_eff_01"},{"frame":[{"tweenEasing":0,"duration":15},{"tweenEasing":null,"duration":0,"color":{"aM":0}}],"name":"lan_fangshe_06_eff_01"},{"frame":[{"tweenEasing":0,"duration":15},{"tweenEasing":null,"duration":0,"color":{"aM":0}}],"name":"lan_fangshe_06_eff_1"},{"frame":[{"tweenEasing":null,"displayIndex":-1,"duration":15}],"name":"leiyu_001_eff"},{"frame":[{"tweenEasing":0,"duration":15},{"tweenEasing":null,"duration":0,"color":{"aM":0}}],"name":"zi_fangshe_02_eff_03"}],"ffd":[],"bone":[{"frame":[{"tweenEasing":0,"duration":15,"transform":{"y":24.47,"x":-143.25}},{"duration":0,"transform":{"scY":2.129,"y":24.47,"scX":2.129,"x":-143.25}}],"name":"zi_fangshe_02_eff_03"},{"frame":[{"duration":15,"transform":{"y":-0.395,"x":0.15}},{"duration":0,"transform":{"y":-0.395,"x":0.15}}],"name":"wj_048_heixiaojie_eff_pz"},{"frame":[{"tweenEasing":0,"duration":15,"transform":{"scX":0.253,"x":-244.335}},{"duration":0,"transform":{"scY":2.356,"scX":0.596,"x":-244.335}}],"name":"lan_fangshe_06_eff_01"},{"frame":[{"tweenEasing":0,"duration":15,"transform":{"scY":1.165,"scX":0.402,"x":-316.38}},{"duration":0,"transform":{"scY":3.757,"scX":1.295,"x":-316.38}}],"name":"lan_fangshe_06_eff_1"},{"frame":[{"duration":15,"transform":{}}],"name":"root"},{"frame":[{"duration":15,"transform":{}}],"name":"hj3/cheng_chongji_03_eff_01"},{"frame":[{"duration":15,"transform":{}}],"name":"hj_fazhen01_eff/lan_fazhen_03_eff_01"},{"frame":[{"duration":15,"transform":{}}],"name":"hj_yanwu/zi_yanwu_eff_01"},{"frame":[{"duration":15,"transform":{}}],"name":"hj_zhaoze_01_eff/hei_zhaoze_01_eff_01"},{"frame":[{"duration":15,"transform":{}}],"name":"leiyu_001_eff"}],"name":"0000_chongji1","ik":[]},{"frame":[],"duration":39,"slot":[{"frame":[{"tweenEasing":null,"displayIndex":-1,"duration":39}],"name":"hj3/cheng_chongji_03_eff_01"},{"frame":[{"tweenEasing":0,"duration":3,"color":{"aM":0}},{"tweenEasing":0,"displayIndex":1,"duration":3},{"tweenEasing":0,"displayIndex":2,"duration":3},{"tweenEasing":0,"displayIndex":3,"duration":1},{"tweenEasing":null,"displayIndex":3,"duration":2},{"tweenEasing":0,"displayIndex":4,"duration":3},{"tweenEasing":0,"displayIndex":5,"duration":3},{"tweenEasing":0,"duration":2},{"tweenEasing":0,"duration":1},{"tweenEasing":0,"displayIndex":1,"duration":3},{"tweenEasing":0,"displayIndex":2,"duration":3},{"tweenEasing":0,"displayIndex":3,"duration":3},{"tweenEasing":0,"displayIndex":4,"duration":3},{"tweenEasing":null,"displayIndex":5,"duration":6,"color":{"aM":0}}],"name":"hj_fazhen01_eff/lan_fazhen_03_eff_01"},{"frame":[{"tweenEasing":null,"displayIndex":-1,"duration":39}],"name":"hj_yanwu/zi_yanwu_eff_01"},{"frame":[{"tweenEasing":0,"duration":3,"color":{"aM":0}},{"tweenEasing":0,"displayIndex":1,"duration":3},{"tweenEasing":0,"displayIndex":2,"duration":3},{"tweenEasing":0,"displayIndex":3,"duration":1},{"tweenEasing":null,"displayIndex":3,"duration":2},{"tweenEasing":0,"displayIndex":4,"duration":3},{"tweenEasing":0,"displayIndex":5,"duration":3},{"tweenEasing":0,"displayIndex":6,"duration":3},{"tweenEasing":0,"duration":3},{"tweenEasing":0,"displayIndex":1,"duration":3},{"tweenEasing":0,"displayIndex":2,"duration":3},{"tweenEasing":0,"displayIndex":3,"duration":3},{"tweenEasing":0,"displayIndex":4,"duration":3},{"tweenEasing":0,"displayIndex":5,"duration":3},{"tweenEasing":null,"displayIndex":6,"duration":0,"color":{"aM":0}}],"name":"hj_zhaoze_01_eff/hei_zhaoze_01_eff_01"},{"frame":[{"tweenEasing":0,"duration":15,"color":{"aM":0}},{"tweenEasing":0,"duration":15},{"tweenEasing":null,"duration":9,"color":{"aM":0}}],"name":"lan_fangshe_06_eff_01"},{"frame":[{"tweenEasing":0,"duration":30},{"tweenEasing":null,"duration":9,"color":{"aM":0}}],"name":"lan_fangshe_06_eff_1"},{"frame":[{"tweenEasing":0,"displayIndex":-1,"duration":15},{"tweenEasing":0,"duration":5},{"tweenEasing":0,"duration":5,"color":{"aM":0}},{"tweenEasing":0,"duration":5},{"tweenEasing":null,"duration":9,"color":{"aM":0}}],"name":"leiyu_001_eff"},{"frame":[{"tweenEasing":null,"displayIndex":-1,"duration":39}],"name":"zi_fangshe_02_eff_03"}],"ffd":[],"bone":[{"frame":[{"duration":39,"transform":{"y":77.395,"x":-144.55}}],"name":"hj_zhaoze_01_eff/hei_zhaoze_01_eff_01"},{"frame":[{"duration":39,"transform":{"scY":2,"y":-41.525,"scX":2}}],"name":"wj_048_heixiaojie_eff_pz"},{"frame":[{"duration":33,"transform":{"y":116.045,"scX":0.373,"x":-4.135}},{"duration":6,"transform":{"y":116.045,"scX":0.373,"x":-4.135}}],"name":"hj_fazhen01_eff/lan_fazhen_03_eff_01"},{"frame":[{"tweenEasing":0,"duration":15,"transform":{"y":-40.645,"skX":-183.55,"skY":-183.55,"x":-243.87}},{"duration":5,"transform":{"y":-40.645,"skX":176.44,"skY":176.44,"x":-243.87}},{"duration":5,"transform":{"y":-40.645,"skX":176.44,"skY":176.44,"x":-243.87}},{"duration":5,"transform":{"scY":0.65,"y":-40.645,"skX":50.51,"skY":50.51,"scX":-1.404,"x":-243.87}},{"duration":9,"transform":{"scY":0.65,"y":-40.645,"skX":50.51,"skY":50.51,"scX":-1.404,"x":-243.87}}],"name":"leiyu_001_eff"},{"frame":[{"tweenEasing":0,"duration":30,"transform":{"scY":0.786,"scX":3.498,"x":-244.335}},{"duration":9,"transform":{"scY":1.183,"scX":5.262,"x":-244.335}}],"name":"lan_fangshe_06_eff_01"},{"frame":[{"tweenEasing":0,"duration":30,"transform":{"scY":0.491,"scX":2.19,"x":-316.38}},{"duration":9,"transform":{"scY":1.029,"scX":4.583,"x":-316.38}}],"name":"lan_fangshe_06_eff_1"},{"frame":[{"duration":39,"transform":{}}],"name":"root"},{"frame":[{"duration":39,"transform":{}}],"name":"hj3/cheng_chongji_03_eff_01"},{"frame":[{"duration":39,"transform":{}}],"name":"hj_yanwu/zi_yanwu_eff_01"},{"frame":[{"duration":39,"transform":{}}],"name":"zi_fangshe_02_eff_03"}],"name":"0001_zhaoze","ik":[]},{"frame":[],"duration":30,"slot":[{"frame":[{"tweenEasing":0,"duration":2},{"tweenEasing":0,"displayIndex":1,"duration":2},{"tweenEasing":0,"displayIndex":2,"duration":6},{"tweenEasing":0,"displayIndex":3,"duration":10},{"tweenEasing":0,"displayIndex":3,"duration":10},{"tweenEasing":null,"displayIndex":4,"duration":0,"color":{"aM":0}}],"name":"hj3/cheng_chongji_03_eff_01"},{"frame":[{"tweenEasing":null,"displayIndex":-1,"duration":30}],"name":"hj_fazhen01_eff/lan_fazhen_03_eff_01"},{"frame":[{"tweenEasing":0,"duration":3},{"tweenEasing":0,"displayIndex":1,"duration":3},{"tweenEasing":0,"displayIndex":2,"duration":3},{"tweenEasing":0,"displayIndex":3,"duration":3},{"tweenEasing":0,"displayIndex":4,"duration":8},{"tweenEasing":null,"displayIndex":4,"duration":10,"color":{"aM":0}}],"name":"hj_yanwu/zi_yanwu_eff_01"},{"frame":[{"tweenEasing":null,"displayIndex":-1,"duration":30}],"name":"hj_zhaoze_01_eff/hei_zhaoze_01_eff_01"},{"frame":[{"tweenEasing":null,"displayIndex":-1,"duration":30}],"name":"lan_fangshe_06_eff_01"},{"frame":[{"tweenEasing":null,"displayIndex":-1,"duration":30}],"name":"lan_fangshe_06_eff_1"},{"frame":[{"tweenEasing":0,"displayIndex":-1,"duration":8},{"tweenEasing":0,"duration":1},{"tweenEasing":null,"duration":3,"color":{"aM":0}},{"tweenEasing":0,"duration":1,"color":{"aM":0}},{"tweenEasing":0,"duration":3},{"tweenEasing":0,"duration":1,"color":{"aM":0}},{"tweenEasing":0,"duration":3},{"tweenEasing":0,"duration":1,"color":{"aM":0}},{"tweenEasing":0,"duration":3},{"tweenEasing":0,"duration":1,"color":{"aM":0}},{"tweenEasing":0,"duration":5},{"tweenEasing":null,"duration":0,"color":{"aM":0}}],"name":"leiyu_001_eff"},{"frame":[{"tweenEasing":null,"displayIndex":-1,"duration":30}],"name":"zi_fangshe_02_eff_03"}],"ffd":[],"bone":[{"frame":[{"duration":15,"transform":{"scY":2.8,"y":-60.285,"scX":5.82}},{"duration":15,"transform":{"scY":2.8,"y":-60.285,"scX":4.82}}],"name":"wj_048_heixiaojie_eff_pz"},{"frame":[{"curve":[0,0.83,0.75,1],"duration":5,"transform":{"y":-107.975,"skX":1.6,"skY":1.6,"scX":-1,"x":147.11}},{"duration":25,"transform":{"y":-109.095,"skX":1.6,"skY":1.6,"scX":-1,"x":92.565}}],"name":"hj_yanwu/zi_yanwu_eff_01"},{"frame":[{"curve":[0,0.25,0.9375,1],"duration":30,"transform":{"y":-25.32,"skX":-8.93,"skY":-8.93,"x":138.03}},{"duration":0,"transform":{"y":-33.145,"skX":-8.93,"skY":-8.93,"x":190.3}}],"name":"hj3/cheng_chongji_03_eff_01"},{"frame":[{"duration":8,"transform":{"y":-86.395,"skX":94.55,"skY":94.55,"x":-206.7}},{"tweenEasing":0,"duration":1,"transform":{"y":-86.395,"skX":94.55,"skY":94.55,"x":-206.7}},{"tweenEasing":0,"duration":21,"transform":{"scY":1.241,"y":-128.845,"skX":94.55,"skY":94.55,"scX":2.561,"x":-101.71}},{"duration":0,"transform":{"scY":2.381,"y":-163.2,"skX":94.55,"skY":94.55,"scX":4.411,"x":-6.11}}],"name":"leiyu_001_eff"},{"frame":[{"duration":30,"transform":{}}],"name":"root"},{"frame":[{"duration":30,"transform":{}}],"name":"hj_fazhen01_eff/lan_fazhen_03_eff_01"},{"frame":[{"duration":30,"transform":{}}],"name":"hj_zhaoze_01_eff/hei_zhaoze_01_eff_01"},{"frame":[{"duration":30,"transform":{}}],"name":"lan_fangshe_06_eff_01"},{"frame":[{"duration":30,"transform":{}}],"name":"lan_fangshe_06_eff_1"},{"frame":[{"duration":30,"transform":{}}],"name":"zi_fangshe_02_eff_03"}],"name":"0002_chongji","ik":[]}],"type":"Armature","frameRate":30,"ik":[],"bone":[{"name":"root","transform":{}},{"length":50,"transform":{"y":1.27,"skX":0.43,"skY":0.43,"x":-189.06},"parent":"root","name":"hj3/cheng_chongji_03_eff_01"},{"length":44,"transform":{"y":-115,"skX":-88.65,"skY":-88.65,"x":3.44},"parent":"root","name":"hj_fazhen01_eff/lan_fazhen_03_eff_01"},{"length":108.5,"transform":{"y":97.795,"skX":-0.4,"skY":-0.4,"x":-108.11},"parent":"root","name":"hj_yanwu/zi_yanwu_eff_01"},{"length":11.5,"transform":{"y":-77.395,"skX":-90,"skY":-90,"x":144.73},"parent":"root","name":"hj_zhaoze_01_eff/hei_zhaoze_01_eff_01"},{"transform":{"x":244.335},"name":"lan_fangshe_06_eff_01","parent":"root"},{"transform":{"x":316.38},"name":"lan_fangshe_06_eff_1","parent":"root"},{"length":44.5,"transform":{"y":39.54,"skX":65.31,"skY":65.31,"x":243.44},"parent":"root","name":"leiyu_001_eff"},{"transform":{"y":5.43,"x":-0.15},"name":"wj_048_heixiaojie_eff_pz","parent":"root"},{"transform":{"y":-24.47,"x":143.25},"name":"zi_fangshe_02_eff_03","parent":"root"}],"aabb":{"width":348.6202857384774,"y":-74.9882488674826,"height":199.217870516674,"x":-291.1699124119745},"skin":[{"slot":[{"display":[{"path":"lan_fangshe_06_eff_01","type":"image","name":"lan_fangshe_06_eff_01","transform":{}}],"name":"lan_fangshe_06_eff_01"},{"display":[{"path":"hj_fazhen01_eff/lan_fazhen_03_eff_01","type":"image","name":"hj_fazhen01_eff/lan_fazhen_03_eff_01","transform":{"y":-0.7,"skX":88.67,"skY":88.67,"x":58.51}},{"path":"hj_fazhen01_eff/lan_fazhen_03_eff_02","type":"image","name":"hj_fazhen01_eff/lan_fazhen_03_eff_02","transform":{"y":-0.7,"skX":88.67,"skY":88.67,"x":58.51}},{"path":"hj_fazhen01_eff/lan_fazhen_03_eff_03","type":"image","name":"hj_fazhen01_eff/lan_fazhen_03_eff_03","transform":{"y":-0.7,"skX":88.67,"skY":88.67,"x":58.51}},{"path":"hj_fazhen01_eff/lan_fazhen_03_eff_04","type":"image","name":"hj_fazhen01_eff/lan_fazhen_03_eff_04","transform":{"y":-0.7,"skX":88.67,"skY":88.67,"x":58.51}},{"path":"hj_fazhen01_eff/lan_fazhen_03_eff_05","type":"image","name":"hj_fazhen01_eff/lan_fazhen_03_eff_05","transform":{"y":-0.7,"skX":88.67,"skY":88.67,"x":58.51}},{"path":"hj_fazhen01_eff/lan_fazhen_03_eff_06","type":"image","name":"hj_fazhen01_eff/lan_fazhen_03_eff_06","transform":{"y":-0.7,"skX":88.67,"skY":88.67,"x":58.51}}],"name":"hj_fazhen01_eff/lan_fazhen_03_eff_01"},{"display":[{"path":"lan_fangshe_06_eff_01","type":"image","name":"lan_fangshe_06_eff_01","transform":{}}],"name":"lan_fangshe_06_eff_1"},{"display":[{"path":"hj_zhaoze_01_eff/hei_zhaoze_01_eff_01","type":"image","name":"hj_zhaoze_01_eff/hei_zhaoze_01_eff_01","transform":{"y":0.08,"skX":90,"skY":90,"x":32.555}},{"path":"hj_zhaoze_01_eff/hei_zhaoze_01_eff_02","type":"image","name":"hj_zhaoze_01_eff/hei_zhaoze_01_eff_02","transform":{"y":0.08,"skX":90,"skY":90,"x":32.555}},{"path":"hj_zhaoze_01_eff/hei_zhaoze_01_eff_03","type":"image","name":"hj_zhaoze_01_eff/hei_zhaoze_01_eff_03","transform":{"y":0.08,"skX":90,"skY":90,"x":32.555}},{"path":"hj_zhaoze_01_eff/hei_zhaoze_01_eff_04","type":"image","name":"hj_zhaoze_01_eff/hei_zhaoze_01_eff_04","transform":{"y":0.08,"skX":90,"skY":90,"x":32.555}},{"path":"hj_zhaoze_01_eff/hei_zhaoze_01_eff_05","type":"image","name":"hj_zhaoze_01_eff/hei_zhaoze_01_eff_05","transform":{"y":0.08,"skX":90,"skY":90,"x":32.555}},{"path":"hj_zhaoze_01_eff/hei_zhaoze_01_eff_06","type":"image","name":"hj_zhaoze_01_eff/hei_zhaoze_01_eff_06","transform":{"y":0.08,"skX":90,"skY":90,"x":32.555}},{"path":"hj_zhaoze_01_eff/hei_zhaoze_01_eff_07","type":"image","name":"hj_zhaoze_01_eff/hei_zhaoze_01_eff_07","transform":{"y":0.08,"skX":90,"skY":90,"x":32.555}}],"name":"hj_zhaoze_01_eff/hei_zhaoze_01_eff_01"},{"display":[{"path":"wj_048_heixiaojie_eff_pz","type":"image","name":"wj_048_heixiaojie_eff_pz","transform":{"scY":10,"y":-5.43,"scX":10,"x":0.15}}],"name":"wj_048_heixiaojie_eff_pz"},{"display":[{"path":"zi_fangshe_02_eff_03","type":"image","name":"zi_fangshe_02_eff_03","transform":{"y":-0.275}}],"name":"zi_fangshe_02_eff_03"},{"display":[{"path":"leiyu_001_eff","type":"image","name":"leiyu_001_eff","transform":{"y":11.29,"skX":-65.13,"skY":-65.13,"x":71.79}}],"blendMode":"add","name":"leiyu_001_eff"},{"display":[{"path":"hj_yanwu/zi_yanwu_eff_01","type":"image","name":"hj_yanwu/zi_yanwu_eff_01","transform":{"y":-16.955,"skX":-2.51,"skY":-2.51,"x":51.68}},{"path":"hj_yanwu/zi_yanwu_eff_02","type":"image","name":"hj_yanwu/zi_yanwu_eff_02","transform":{"y":-16.955,"skX":-2.51,"skY":-2.51,"x":51.68}},{"path":"hj_yanwu/zi_yanwu_eff_03","type":"image","name":"hj_yanwu/zi_yanwu_eff_03","transform":{"y":-16.955,"skX":-2.51,"skY":-2.51,"x":51.68}},{"path":"hj_yanwu/zi_yanwu_eff_04","type":"image","name":"hj_yanwu/zi_yanwu_eff_04","transform":{"y":-16.955,"skX":-2.51,"skY":-2.51,"x":51.68}},{"path":"hj_yanwu/zi_yanwu_eff_pz","type":"image","name":"hj_yanwu/zi_yanwu_eff_pz","transform":{"y":-16.955,"skX":-2.51,"skY":-2.51,"x":51.68}}],"name":"hj_yanwu/zi_yanwu_eff_01"},{"display":[{"path":"hj3/cheng_chongji_03_eff_01","type":"image","name":"hj3/cheng_chongji_03_eff_01","transform":{"y":-1.43,"skX":-0.4,"skY":-0.4,"x":22.88}},{"path":"hj3/cheng_chongji_03_eff_02","type":"image","name":"hj3/cheng_chongji_03_eff_02","transform":{"y":-1.43,"skX":-0.4,"skY":-0.4,"x":22.88}},{"path":"hj3/cheng_chongji_03_eff_03","type":"image","name":"hj3/cheng_chongji_03_eff_03","transform":{"y":-1.43,"skX":-0.4,"skY":-0.4,"x":22.88}},{"path":"hj3/cheng_chongji_03_eff_04","type":"image","name":"hj3/cheng_chongji_03_eff_04","transform":{"y":-1.43,"skX":-0.4,"skY":-0.4,"x":22.88}},{"path":"hj3/cheng_chongji_03_eff_05","type":"image","name":"hj3/cheng_chongji_03_eff_05","transform":{"y":-1.43,"skX":-0.4,"skY":-0.4,"x":22.88}}],"name":"hj3/cheng_chongji_03_eff_01"}],"name":""}],"slot":[{"name":"wj_048_heixiaojie_eff_pz","parent":"wj_048_heixiaojie_eff_pz","color":{}},{"displayIndex":-1,"z":1,"name":"zi_fangshe_02_eff_03","parent":"zi_fangshe_02_eff_03","color":{}},{"displayIndex":-1,"z":2,"name":"hj_zhaoze_01_eff/hei_zhaoze_01_eff_01","parent":"hj_zhaoze_01_eff/hei_zhaoze_01_eff_01","color":{}},{"displayIndex":-1,"z":3,"name":"hj_fazhen01_eff/lan_fazhen_03_eff_01","parent":"hj_fazhen01_eff/lan_fazhen_03_eff_01","color":{}},{"z":4,"name":"hj3/cheng_chongji_03_eff_01","parent":"hj3/cheng_chongji_03_eff_01","color":{}},{"z":5,"name":"hj_yanwu/zi_yanwu_eff_01","parent":"hj_yanwu/zi_yanwu_eff_01","color":{}},{"displayIndex":-1,"z":6,"name":"lan_fangshe_06_eff_01","parent":"lan_fangshe_06_eff_01","color":{}},{"displayIndex":-1,"z":7,"name":"lan_fangshe_06_eff_1","parent":"lan_fangshe_06_eff_1","color":{}},{"blendMode":"add","z":8,"parent":"leiyu_001_eff","displayIndex":-1,"name":"leiyu_001_eff","color":{}}],"name":"armatureName"}],"name":"wj_048_heixiaojie_eff","version":"4.0"}