{"frameRate":60,"isGlobal":0,"armature":[{"bone":[{"inheritScale":false,"name":"000_fuji","transform":{}},{"inheritScale":false,"transform":{},"name":"001_xuanwo01","parent":"000_fuji"},{"inheritScale":false,"transform":{},"name":"004_baozha_fuji","parent":"000_fuji"},{"inheritScale":false,"transform":{},"name":"003_guangdian_fuji","parent":"000_fuji"},{"inheritScale":false,"transform":{},"name":"003_guangdian01","parent":"003_guangdian_fuji"},{"inheritScale":false,"transform":{},"name":"003_guangdian03","parent":"003_guangdian_fuji"},{"inheritScale":false,"transform":{},"name":"003_guangdian02","parent":"003_guangdian_fuji"},{"inheritScale":false,"transform":{},"name":"003_guangdian05","parent":"003_guangdian_fuji"},{"inheritScale":false,"transform":{},"name":"003_guangdian06","parent":"003_guangdian_fuji"},{"inheritScale":false,"transform":{},"name":"003_guangdian04","parent":"003_guangdian_fuji"},{"inheritScale":false,"transform":{},"name":"004_baozha01","parent":"004_baozha_fuji"},{"inheritScale":false,"transform":{},"name":"005_baozha02","parent":"004_baozha_fuji"}],"type":"Armature","frameRate":60,"animation":[{"playTimes":0,"bone":[{"frame":[{"tweenEasing":0,"transform":{"scY":2,"scX":2},"duration":89},{"tweenEasing":0,"transform":{"scY":2,"scX":2},"duration":1},{"tweenEasing":0,"transform":{"scY":2,"scX":2},"duration":3},{"tweenEasing":0,"transform":{"scY":2,"scX":2},"duration":3},{"tweenEasing":0,"transform":{"scY":2,"scX":2},"duration":3},{"tweenEasing":0,"transform":{"scY":2,"scX":2},"duration":3},{"tweenEasing":0,"transform":{"scY":2,"scX":2},"duration":3},{"tweenEasing":0,"transform":{"scY":2,"scX":2},"duration":3},{"tweenEasing":0,"transform":{"scY":2,"scX":2},"duration":37},{"transform":{"scY":2,"scX":2},"duration":0}],"name":"005_baozha02"},{"frame":[{"tweenEasing":0,"transform":{},"duration":89},{"tweenEasing":0,"transform":{},"duration":1},{"tweenEasing":0,"transform":{},"duration":55},{"transform":{"skX":90,"skY":90},"duration":0}],"name":"004_baozha01"},{"frame":[{"tweenEasing":0,"transform":{"scY":0.6,"scX":0.6},"duration":90},{"tweenEasing":0,"transform":{"scY":0.6,"scX":0.6},"duration":55},{"transform":{"scY":1.1,"scX":1.1},"duration":0}],"name":"004_baozha_fuji"},{"frame":[{"tweenEasing":0,"transform":{"scY":0.6,"y":-45.2941,"scX":0.6,"x":34.1176},"duration":19},{"tweenEasing":0,"transform":{"scY":0.6,"y":-45.2941,"scX":0.6,"x":34.1176},"duration":1},{"tweenEasing":0,"transform":{"scY":0.6,"y":-45.2941,"scX":0.6,"x":34.1176},"duration":15},{"tweenEasing":0,"transform":{"scY":0.6,"y":-21.8661,"skX":93.1035,"skY":93.1035,"scX":0.6,"x":16.4706},"duration":14},{"tweenEasing":0,"transform":{"scY":0.6,"skX":180,"skY":180,"scX":0.6},"duration":1},{"tweenEasing":0,"transform":{"scY":0.6,"y":-45.2941,"scX":0.6,"x":34.1176},"duration":15},{"tweenEasing":0,"transform":{"scY":0.6,"y":-21.8661,"skX":93.1035,"skY":93.1035,"scX":0.6,"x":16.4706},"duration":14},{"tweenEasing":0,"transform":{"scY":0.6,"skX":180,"skY":180,"scX":0.6},"duration":1},{"tweenEasing":0,"transform":{"scY":0.6,"y":-45.2941,"scX":0.6,"x":34.1176},"duration":15},{"tweenEasing":0,"transform":{"scY":0.6,"y":-21.8661,"skX":93.1035,"skY":93.1035,"scX":0.6,"x":16.4706},"duration":14},{"tweenEasing":0,"transform":{"scY":0.6,"skX":180,"skY":180,"scX":0.6},"duration":1},{"transform":{"scY":0.6,"skX":180,"skY":180,"scX":0.6},"duration":35}],"name":"003_guangdian06"},{"frame":[{"tweenEasing":0,"transform":{"scY":0.8,"y":-27.0588,"scX":0.8,"x":-45.2941},"duration":19},{"tweenEasing":0,"transform":{"scY":0.8,"y":-27.0588,"scX":0.8,"x":-45.2941},"duration":1},{"tweenEasing":0,"transform":{"scY":0.8,"y":-27.0588,"scX":0.8,"x":-45.2941},"duration":15},{"tweenEasing":0,"transform":{"scY":0.8,"y":-13.0629,"skX":93.1035,"skY":93.1035,"scX":0.8,"x":-21.8661},"duration":14},{"tweenEasing":0,"transform":{"scY":0.8,"skX":180,"skY":180,"scX":0.8},"duration":1},{"tweenEasing":0,"transform":{"scY":0.8,"y":-27.0588,"scX":0.8,"x":-45.2941},"duration":15},{"tweenEasing":0,"transform":{"scY":0.8,"y":-13.0629,"skX":93.1035,"skY":93.1035,"scX":0.8,"x":-21.8661},"duration":14},{"tweenEasing":0,"transform":{"scY":0.8,"skX":180,"skY":180,"scX":0.8},"duration":1},{"tweenEasing":0,"transform":{"scY":0.8,"y":-27.0588,"scX":0.8,"x":-45.2941},"duration":15},{"tweenEasing":0,"transform":{"scY":0.8,"y":-13.0629,"skX":93.1035,"skY":93.1035,"scX":0.8,"x":-21.8661},"duration":14},{"tweenEasing":0,"transform":{"scY":0.8,"skX":180,"skY":180,"scX":0.8},"duration":1},{"transform":{"scY":0.8,"skX":180,"skY":180,"scX":0.8},"duration":35}],"name":"003_guangdian05"},{"frame":[{"tweenEasing":0,"transform":{"scY":0.9,"y":12.9412,"scX":0.9,"x":45.2941},"duration":9},{"tweenEasing":0,"transform":{"scY":0.9,"y":12.9412,"scX":0.9,"x":45.2941},"duration":1},{"tweenEasing":0,"transform":{"scY":0.9,"y":12.9412,"scX":0.9,"x":45.2941},"duration":15},{"tweenEasing":0,"transform":{"scY":0.9,"y":6.2475,"skX":93.1035,"skY":93.1035,"scX":0.9,"x":21.8661},"duration":14},{"tweenEasing":0,"transform":{"scY":0.9,"skX":180,"skY":180,"scX":0.9},"duration":1},{"tweenEasing":0,"transform":{"scY":0.9,"y":12.9412,"scX":0.9,"x":45.2941},"duration":15},{"tweenEasing":0,"transform":{"scY":0.9,"y":6.2475,"skX":93.1035,"skY":93.1035,"scX":0.9,"x":21.8661},"duration":14},{"tweenEasing":0,"transform":{"scY":0.9,"skX":180,"skY":180,"scX":0.9},"duration":1},{"tweenEasing":0,"transform":{"scY":0.9,"y":12.9412,"scX":0.9,"x":45.2941},"duration":15},{"tweenEasing":0,"transform":{"scY":0.9,"y":6.2475,"skX":93.1035,"skY":93.1035,"scX":0.9,"x":21.8661},"duration":14},{"tweenEasing":0,"transform":{"scY":0.9,"skX":180,"skY":180,"scX":0.9},"duration":1},{"transform":{"scY":0.9,"skX":180,"skY":180,"scX":0.9},"duration":45}],"name":"003_guangdian04"},{"frame":[{"tweenEasing":0,"transform":{"y":22.3529,"x":-40},"duration":9},{"tweenEasing":0,"transform":{"y":22.3529,"x":-40},"duration":1},{"tweenEasing":0,"transform":{"y":22.3529,"x":-40},"duration":15},{"tweenEasing":0,"transform":{"y":10.7911,"skX":93.1035,"skY":93.1035,"x":-19.3103},"duration":14},{"tweenEasing":0,"transform":{"skX":180,"skY":180},"duration":1},{"tweenEasing":0,"transform":{"y":22.3529,"x":-40},"duration":15},{"tweenEasing":0,"transform":{"y":10.7911,"skX":93.1035,"skY":93.1035,"x":-19.3103},"duration":14},{"tweenEasing":0,"transform":{"skX":180,"skY":180},"duration":1},{"tweenEasing":0,"transform":{"y":22.3529,"x":-40},"duration":15},{"tweenEasing":0,"transform":{"y":10.7911,"skX":93.1035,"skY":93.1035,"x":-19.3103},"duration":14},{"tweenEasing":0,"transform":{"skX":180,"skY":180},"duration":1},{"transform":{"skX":180,"skY":180},"duration":45}],"name":"003_guangdian03"},{"frame":[{"tweenEasing":0,"transform":{"scY":0.8,"y":-7.6471,"scX":0.8,"x":25.2941},"duration":15},{"tweenEasing":0,"transform":{"scY":0.8,"y":-3.6917,"skX":93.1035,"skY":93.1035,"scX":0.8,"x":12.211},"duration":14},{"tweenEasing":0,"transform":{"scY":0.8,"skX":180,"skY":180,"scX":0.8},"duration":1},{"tweenEasing":0,"transform":{"scY":0.8,"y":-7.6471,"scX":0.8,"x":25.2941},"duration":15},{"tweenEasing":0,"transform":{"scY":0.8,"y":-3.6917,"skX":93.1035,"skY":93.1035,"scX":0.8,"x":12.211},"duration":14},{"tweenEasing":0,"transform":{"scY":0.8,"skX":180,"skY":180,"scX":0.8},"duration":1},{"tweenEasing":0,"transform":{"scY":0.8,"y":-7.6471,"scX":0.8,"x":25.2941},"duration":15},{"tweenEasing":0,"transform":{"scY":0.8,"y":-3.6917,"skX":93.1035,"skY":93.1035,"scX":0.8,"x":12.211},"duration":14},{"tweenEasing":0,"transform":{"scY":0.8,"skX":180,"skY":180,"scX":0.8},"duration":1},{"transform":{"scY":0.8,"skX":180,"skY":180,"scX":0.8},"duration":55}],"name":"003_guangdian02"},{"frame":[{"tweenEasing":0,"transform":{"scY":0.6,"y":24.1176,"scX":0.6,"x":-6.4706},"duration":15},{"tweenEasing":0,"transform":{"scY":0.6,"y":11.643,"skX":93.1035,"skY":93.1035,"scX":0.6,"x":-3.1237},"duration":14},{"tweenEasing":0,"transform":{"scY":0.6,"skX":180,"skY":180,"scX":0.6},"duration":1},{"tweenEasing":0,"transform":{"scY":0.6,"y":24.1176,"scX":0.6,"x":-6.4706},"duration":15},{"tweenEasing":0,"transform":{"scY":0.6,"y":11.643,"skX":93.1035,"skY":93.1035,"scX":0.6,"x":-3.1237},"duration":14},{"tweenEasing":0,"transform":{"scY":0.6,"skX":180,"skY":180,"scX":0.6},"duration":1},{"tweenEasing":0,"transform":{"scY":0.6,"y":24.1176,"scX":0.6,"x":-6.4706},"duration":15},{"tweenEasing":0,"transform":{"scY":0.6,"y":11.643,"skX":93.1035,"skY":93.1035,"scX":0.6,"x":-3.1237},"duration":14},{"tweenEasing":0,"transform":{"scY":0.6,"skX":180,"skY":180,"scX":0.6},"duration":1},{"transform":{"scY":0.6,"skX":180,"skY":180,"scX":0.6},"duration":55}],"name":"003_guangdian01"},{"frame":[{"tweenEasing":0,"transform":{"scY":2,"scX":2},"duration":90},{"transform":{"scY":2,"skX":180,"skY":180,"scX":2},"duration":55}],"name":"003_guangdian_fuji"},{"frame":[{"tweenEasing":0,"transform":{"scY":1.2,"scX":1.2},"duration":90},{"tweenEasing":0,"transform":{"scY":0.5,"skX":539.9998,"skY":539.9998,"scX":0.5},"duration":1},{"transform":{"scY":0.5,"skX":539.9998,"skY":539.9998,"scX":0.5},"duration":54}],"name":"001_xuanwo01"},{"frame":[{"transform":{"scY":2,"scX":2},"duration":145}],"name":"000_fuji"}],"slot":[{"frame":[{"displayIndex":-1,"tweenEasing":0,"duration":89},{"displayIndex":-1,"tweenEasing":0,"duration":1},{"tweenEasing":0,"duration":3},{"displayIndex":1,"tweenEasing":0,"duration":3},{"displayIndex":2,"tweenEasing":0,"duration":3},{"displayIndex":3,"tweenEasing":0,"duration":3},{"displayIndex":4,"tweenEasing":0,"duration":3},{"displayIndex":5,"tweenEasing":0,"duration":3},{"displayIndex":6,"tweenEasing":0,"duration":37},{"displayIndex":6,"tweenEasing":null,"color":{"aM":0},"duration":0}],"name":"005_baozha02"},{"frame":[{"displayIndex":-1,"tweenEasing":0,"duration":89},{"displayIndex":-1,"tweenEasing":0,"duration":1},{"tweenEasing":0,"duration":55},{"tweenEasing":null,"color":{"aM":0},"duration":0}],"name":"004_baozha01"},{"frame":[{"displayIndex":-1,"tweenEasing":0,"duration":90},{"displayIndex":-1,"tweenEasing":0,"duration":55},{"displayIndex":-1,"tweenEasing":null,"duration":0}],"name":"004_baozha_fuji"},{"frame":[{"displayIndex":-1,"tweenEasing":0,"color":{"aM":0},"duration":19},{"displayIndex":-1,"tweenEasing":0,"color":{"aM":0},"duration":1},{"tweenEasing":0,"color":{"aM":0},"duration":15},{"tweenEasing":0,"duration":14},{"tweenEasing":0,"color":{"aM":0},"duration":1},{"tweenEasing":0,"color":{"aM":0},"duration":15},{"tweenEasing":0,"duration":14},{"tweenEasing":0,"color":{"aM":0},"duration":1},{"tweenEasing":0,"color":{"aM":0},"duration":15},{"tweenEasing":0,"duration":14},{"tweenEasing":0,"color":{"aM":0},"duration":1},{"displayIndex":-1,"tweenEasing":null,"color":{"aM":0},"duration":35}],"name":"003_guangdian06"},{"frame":[{"displayIndex":-1,"tweenEasing":0,"color":{"aM":0},"duration":19},{"displayIndex":-1,"tweenEasing":0,"color":{"aM":0},"duration":1},{"tweenEasing":0,"color":{"aM":0},"duration":15},{"tweenEasing":0,"duration":14},{"tweenEasing":0,"color":{"aM":0},"duration":1},{"tweenEasing":0,"color":{"aM":0},"duration":15},{"tweenEasing":0,"duration":14},{"tweenEasing":0,"color":{"aM":0},"duration":1},{"tweenEasing":0,"color":{"aM":0},"duration":15},{"tweenEasing":0,"duration":14},{"tweenEasing":0,"color":{"aM":0},"duration":1},{"displayIndex":-1,"tweenEasing":null,"color":{"aM":0},"duration":35}],"name":"003_guangdian05"},{"frame":[{"displayIndex":-1,"tweenEasing":0,"color":{"aM":0},"duration":9},{"displayIndex":-1,"tweenEasing":0,"color":{"aM":0},"duration":1},{"tweenEasing":0,"color":{"aM":0},"duration":15},{"tweenEasing":0,"duration":14},{"tweenEasing":0,"color":{"aM":0},"duration":1},{"tweenEasing":0,"color":{"aM":0},"duration":15},{"tweenEasing":0,"duration":14},{"tweenEasing":0,"color":{"aM":0},"duration":1},{"tweenEasing":0,"color":{"aM":0},"duration":15},{"tweenEasing":0,"duration":14},{"tweenEasing":0,"color":{"aM":0},"duration":1},{"displayIndex":-1,"tweenEasing":null,"color":{"aM":0},"duration":45}],"name":"003_guangdian04"},{"frame":[{"displayIndex":-1,"tweenEasing":0,"color":{"aM":0},"duration":9},{"displayIndex":-1,"tweenEasing":0,"color":{"aM":0},"duration":1},{"tweenEasing":0,"color":{"aM":0},"duration":15},{"tweenEasing":0,"duration":14},{"tweenEasing":0,"color":{"aM":0},"duration":1},{"tweenEasing":0,"color":{"aM":0},"duration":15},{"tweenEasing":0,"duration":14},{"tweenEasing":0,"color":{"aM":0},"duration":1},{"tweenEasing":0,"color":{"aM":0},"duration":15},{"tweenEasing":0,"duration":14},{"tweenEasing":0,"color":{"aM":0},"duration":1},{"displayIndex":-1,"tweenEasing":null,"color":{"aM":0},"duration":45}],"name":"003_guangdian03"},{"frame":[{"tweenEasing":0,"color":{"aM":0},"duration":15},{"tweenEasing":0,"duration":14},{"tweenEasing":0,"color":{"aM":0},"duration":1},{"tweenEasing":0,"color":{"aM":0},"duration":15},{"tweenEasing":0,"duration":14},{"tweenEasing":0,"color":{"aM":0},"duration":1},{"tweenEasing":0,"color":{"aM":0},"duration":15},{"tweenEasing":0,"duration":14},{"tweenEasing":0,"color":{"aM":0},"duration":1},{"displayIndex":-1,"tweenEasing":null,"color":{"aM":0},"duration":55}],"name":"003_guangdian02"},{"frame":[{"tweenEasing":0,"color":{"aM":0},"duration":15},{"tweenEasing":0,"duration":14},{"tweenEasing":0,"color":{"aM":0},"duration":1},{"tweenEasing":0,"color":{"aM":0},"duration":15},{"tweenEasing":0,"duration":14},{"tweenEasing":0,"color":{"aM":0},"duration":1},{"tweenEasing":0,"color":{"aM":0},"duration":15},{"tweenEasing":0,"duration":14},{"tweenEasing":0,"color":{"aM":0},"duration":1},{"displayIndex":-1,"tweenEasing":null,"color":{"aM":0},"duration":55}],"name":"003_guangdian01"},{"frame":[{"displayIndex":-1,"tweenEasing":0,"duration":90},{"displayIndex":-1,"tweenEasing":null,"duration":55}],"name":"003_guangdian_fuji"},{"frame":[{"tweenEasing":0,"duration":90},{"tweenEasing":0,"duration":1},{"displayIndex":-1,"tweenEasing":null,"duration":54}],"name":"001_xuanwo01"},{"frame":[{"displayIndex":-1,"tweenEasing":null,"duration":145}],"name":"000_fuji"}],"ffd":[],"ik":[],"frame":[],"name":"000_xuanwo","duration":145}],"defaultActions":[{"gotoAndPlay":"000_xuanwo"}],"aabb":{"width":225,"y":-113,"height":226,"x":-112.5},"ik":[],"name":"armatureName","skin":[{"slot":[{"display":[{"path":"CheerPop_LevelUp1","type":"image","name":"CheerPop_LevelUp1","transform":{}}],"name":"004_baozha01"},{"display":[{"path":"bingjia_eff/bingjia_00002","type":"image","name":"bingjia_eff/bingjia_00002","transform":{}},{"path":"bingjia_eff/bingjia_00003","type":"image","name":"bingjia_eff/bingjia_00003","transform":{}},{"path":"bingjia_eff/bingjia_00004","type":"image","name":"bingjia_eff/bingjia_00004","transform":{}},{"path":"bingjia_eff/bingjia_00005","type":"image","name":"bingjia_eff/bingjia_00005","transform":{}},{"path":"bingjia_eff/bingjia_00006","type":"image","name":"bingjia_eff/bingjia_00006","transform":{}},{"path":"bingjia_eff/bingjia_00007","type":"image","name":"bingjia_eff/bingjia_00007","transform":{}},{"path":"bingjia_eff/bingjia_00008","type":"image","name":"bingjia_eff/bingjia_00008","transform":{}}],"name":"005_baozha02"},{"display":[{"path":"guangban01","type":"image","name":"guangban01","transform":{"x":1.0088}}],"name":"003_guangdian02"},{"display":[{"path":"guangban01","type":"image","name":"guangban01","transform":{"x":1.0088}}],"name":"003_guangdian06"},{"display":[{"path":"guangban01","type":"image","name":"guangban01","transform":{"x":1.0088}}],"name":"003_guangdian03"},{"display":[{"path":"guangban01","type":"image","name":"guangban01","transform":{"x":1.0088}}],"name":"003_guangdian05"},{"display":[{"path":"guangban01","type":"image","name":"guangban01","transform":{"x":1.0088}}],"name":"003_guangdian04"},{"display":[{"path":"xuanwo02","type":"image","name":"xuanwo02","transform":{}}],"name":"001_xuanwo01"},{"display":[{"path":"guangban01","type":"image","name":"guangban01","transform":{"x":1.0088}}],"name":"003_guangdian01"}],"name":""}],"slot":[{"displayIndex":-1,"name":"000_fuji","parent":"000_fuji","color":{}},{"z":1,"name":"001_xuanwo01","parent":"001_xuanwo01","color":{}},{"z":2,"displayIndex":-1,"name":"003_guangdian_fuji","parent":"003_guangdian_fuji","color":{}},{"z":3,"name":"003_guangdian01","parent":"003_guangdian01","color":{}},{"z":4,"name":"003_guangdian02","parent":"003_guangdian02","color":{}},{"z":5,"name":"003_guangdian03","parent":"003_guangdian03","color":{}},{"z":6,"name":"003_guangdian04","parent":"003_guangdian04","color":{}},{"z":7,"name":"003_guangdian05","parent":"003_guangdian05","color":{}},{"z":8,"name":"003_guangdian06","parent":"003_guangdian06","color":{}},{"z":9,"displayIndex":-1,"name":"004_baozha_fuji","parent":"004_baozha_fuji","color":{}},{"z":10,"name":"004_baozha01","parent":"004_baozha01","color":{}},{"z":11,"name":"005_baozha02","parent":"005_baozha02","color":{}}]}],"name":"ui_nianshou_shengji","version":"4.0"}