{"frameRate":60,"isGlobal":0,"armature":[{"bone":[{"name":"root","transform":{}},{"inheritScale":false,"transform":{},"name":"009_caideng1","parent":"root"},{"inheritScale":false,"transform":{},"name":"005_caideng1","parent":"root"},{"inheritScale":false,"transform":{},"name":"006_caideng2","parent":"root"},{"inheritScale":false,"transform":{},"name":"000_caiquan_fuji","parent":"root"},{"inheritScale":false,"transform":{},"name":"000_fuji","parent":"root"},{"inheritScale":false,"transform":{},"name":"010_caideng2","parent":"root"},{"inheritScale":false,"transform":{},"name":"007_zhipai1","parent":"root"},{"inheritScale":false,"transform":{},"name":"008_jiantou3","parent":"root"},{"inheritScale":false,"transform":{},"name":"011_fangshe","parent":"root"},{"inheritScale":false,"transform":{},"name":"007_zhipai2","parent":"root"},{"inheritScale":false,"transform":{},"name":"008_jiantou1","parent":"root"},{"inheritScale":false,"transform":{},"name":"008_jiantou2","parent":"root"},{"inheritScale":false,"transform":{},"name":"002_baozi_fuji","parent":"000_caiquan_fuji"},{"inheritScale":false,"transform":{},"name":"003_jianzi_fuji","parent":"000_caiquan_fuji"},{"inheritScale":false,"transform":{},"name":"004_chuizi_fuji","parent":"000_caiquan_fuji"},{"inheritScale":false,"transform":{},"name":"003_jianzi1","parent":"003_jianzi_fuji"},{"inheritScale":false,"transform":{},"name":"002_baozi1","parent":"002_baozi_fuji"},{"inheritScale":false,"transform":{},"name":"004_chuizi1","parent":"004_chuizi_fuji"}],"type":"Armature","frameRate":60,"animation":[{"playTimes":0,"bone":[{"frame":[{"tweenEasing":0,"transform":{"y":15.7143},"duration":60},{"tweenEasing":0,"transform":{"y":15.7143,"skX":8,"skY":8},"duration":60},{"transform":{"y":15.7143},"duration":0}],"name":"007_zhipai2"},{"frame":[{"tweenEasing":0,"transform":{"y":-155},"duration":60},{"tweenEasing":0,"transform":{"y":-155,"skX":-4,"skY":-4},"duration":60},{"transform":{"y":-155},"duration":0}],"name":"007_zhipai1"},{"frame":[{"transform":{},"duration":120}],"name":"root"},{"frame":[{"transform":{},"duration":120}],"name":"009_caideng1"},{"frame":[{"transform":{},"duration":120}],"name":"005_caideng1"},{"frame":[{"transform":{},"duration":120}],"name":"006_caideng2"},{"frame":[{"transform":{},"duration":120}],"name":"000_caiquan_fuji"},{"frame":[{"transform":{},"duration":120}],"name":"000_fuji"},{"frame":[{"transform":{},"duration":120}],"name":"010_caideng2"},{"frame":[{"transform":{},"duration":120}],"name":"008_jiantou3"},{"frame":[{"transform":{},"duration":120}],"name":"011_fangshe"},{"frame":[{"transform":{},"duration":120}],"name":"008_jiantou1"},{"frame":[{"transform":{},"duration":120}],"name":"008_jiantou2"},{"frame":[{"transform":{},"duration":120}],"name":"002_baozi_fuji"},{"frame":[{"transform":{},"duration":120}],"name":"003_jianzi_fuji"},{"frame":[{"transform":{},"duration":120}],"name":"004_chuizi_fuji"},{"frame":[{"transform":{},"duration":120}],"name":"003_jianzi1"},{"frame":[{"transform":{},"duration":120}],"name":"002_baozi1"},{"frame":[{"transform":{},"duration":120}],"name":"004_chuizi1"}],"slot":[{"frame":[{"tweenEasing":0,"color":{"aM":57},"duration":60},{"tweenEasing":0,"duration":60},{"tweenEasing":null,"color":{"aM":57},"duration":0}],"name":"007_zhipai2"},{"frame":[{"tweenEasing":0,"duration":60},{"tweenEasing":0,"color":{"aM":57},"duration":60},{"tweenEasing":null,"duration":0}],"name":"007_zhipai1"},{"frame":[{"displayIndex":-1,"tweenEasing":null,"duration":120}],"name":"000_fuji"},{"frame":[{"displayIndex":-1,"tweenEasing":null,"duration":120}],"name":"005_caideng1"},{"frame":[{"displayIndex":-1,"tweenEasing":null,"duration":120}],"name":"006_caideng2"},{"frame":[{"displayIndex":-1,"tweenEasing":null,"duration":120}],"name":"000_caiquan_fuji"},{"frame":[{"displayIndex":-1,"tweenEasing":null,"duration":120}],"name":"002_baozi_fuji"},{"frame":[{"displayIndex":-1,"tweenEasing":null,"duration":120}],"name":"002_baozi1"},{"frame":[{"displayIndex":-1,"tweenEasing":null,"duration":120}],"name":"003_jianzi_fuji"},{"frame":[{"displayIndex":-1,"tweenEasing":null,"duration":120}],"name":"003_jianzi1"},{"frame":[{"displayIndex":-1,"tweenEasing":null,"duration":120}],"name":"004_chuizi_fuji"},{"frame":[{"displayIndex":-1,"tweenEasing":null,"duration":120}],"name":"004_chuizi1"},{"frame":[{"displayIndex":-1,"tweenEasing":null,"duration":120}],"name":"008_jiantou1"},{"frame":[{"displayIndex":-1,"tweenEasing":null,"duration":120}],"name":"008_jiantou2"},{"frame":[{"displayIndex":-1,"tweenEasing":null,"duration":120}],"name":"008_jiantou3"},{"frame":[{"displayIndex":-1,"tweenEasing":null,"duration":120}],"name":"009_caideng1"},{"frame":[{"displayIndex":-1,"tweenEasing":null,"duration":120}],"name":"010_caideng2"},{"frame":[{"displayIndex":-1,"tweenEasing":null,"duration":120}],"name":"011_fangshe"}],"ffd":[],"ik":[],"frame":[],"name":"000_zhipai","duration":120},{"playTimes":0,"bone":[{"frame":[{"tweenEasing":0,"transform":{"y":18.5714},"duration":60},{"tweenEasing":0,"transform":{"y":18.5714,"skX":5,"skY":5},"duration":60},{"transform":{"y":18.5714},"duration":0}],"name":"008_jiantou3"},{"frame":[{"tweenEasing":0,"transform":{"y":115.7143},"duration":60},{"tweenEasing":0,"transform":{"y":115.7143,"skX":-6,"skY":-6},"duration":60},{"transform":{"y":115.7143},"duration":0}],"name":"008_jiantou2"},{"frame":[{"tweenEasing":0,"transform":{"y":191.6667},"duration":60},{"tweenEasing":0,"transform":{"y":191.6667,"skX":4,"skY":4},"duration":60},{"transform":{"y":191.6667},"duration":0}],"name":"008_jiantou1"},{"frame":[{"transform":{},"duration":120}],"name":"root"},{"frame":[{"transform":{},"duration":120}],"name":"009_caideng1"},{"frame":[{"transform":{},"duration":120}],"name":"005_caideng1"},{"frame":[{"transform":{},"duration":120}],"name":"006_caideng2"},{"frame":[{"transform":{},"duration":120}],"name":"000_caiquan_fuji"},{"frame":[{"transform":{},"duration":120}],"name":"000_fuji"},{"frame":[{"transform":{},"duration":120}],"name":"010_caideng2"},{"frame":[{"transform":{},"duration":120}],"name":"007_zhipai1"},{"frame":[{"transform":{},"duration":120}],"name":"011_fangshe"},{"frame":[{"transform":{},"duration":120}],"name":"007_zhipai2"},{"frame":[{"transform":{},"duration":120}],"name":"002_baozi_fuji"},{"frame":[{"transform":{},"duration":120}],"name":"003_jianzi_fuji"},{"frame":[{"transform":{},"duration":120}],"name":"004_chuizi_fuji"},{"frame":[{"transform":{},"duration":120}],"name":"003_jianzi1"},{"frame":[{"transform":{},"duration":120}],"name":"002_baozi1"},{"frame":[{"transform":{},"duration":120}],"name":"004_chuizi1"}],"slot":[{"frame":[{"tweenEasing":0,"duration":60},{"tweenEasing":0,"color":{"aM":57},"duration":60},{"tweenEasing":null,"duration":0}],"name":"008_jiantou3"},{"frame":[{"tweenEasing":0,"color":{"aM":57},"duration":60},{"tweenEasing":0,"duration":60},{"tweenEasing":null,"color":{"aM":57},"duration":0}],"name":"008_jiantou2"},{"frame":[{"tweenEasing":0,"duration":60},{"tweenEasing":0,"color":{"aM":57},"duration":60},{"tweenEasing":null,"duration":0}],"name":"008_jiantou1"},{"frame":[{"displayIndex":-1,"tweenEasing":null,"duration":120}],"name":"000_fuji"},{"frame":[{"displayIndex":-1,"tweenEasing":null,"duration":120}],"name":"005_caideng1"},{"frame":[{"displayIndex":-1,"tweenEasing":null,"duration":120}],"name":"006_caideng2"},{"frame":[{"displayIndex":-1,"tweenEasing":null,"duration":120}],"name":"000_caiquan_fuji"},{"frame":[{"displayIndex":-1,"tweenEasing":null,"duration":120}],"name":"002_baozi_fuji"},{"frame":[{"displayIndex":-1,"tweenEasing":null,"duration":120}],"name":"002_baozi1"},{"frame":[{"displayIndex":-1,"tweenEasing":null,"duration":120}],"name":"003_jianzi_fuji"},{"frame":[{"displayIndex":-1,"tweenEasing":null,"duration":120}],"name":"003_jianzi1"},{"frame":[{"displayIndex":-1,"tweenEasing":null,"duration":120}],"name":"004_chuizi_fuji"},{"frame":[{"displayIndex":-1,"tweenEasing":null,"duration":120}],"name":"004_chuizi1"},{"frame":[{"displayIndex":-1,"tweenEasing":null,"duration":120}],"name":"007_zhipai1"},{"frame":[{"displayIndex":-1,"tweenEasing":null,"duration":120}],"name":"007_zhipai2"},{"frame":[{"displayIndex":-1,"tweenEasing":null,"duration":120}],"name":"009_caideng1"},{"frame":[{"displayIndex":-1,"tweenEasing":null,"duration":120}],"name":"010_caideng2"},{"frame":[{"displayIndex":-1,"tweenEasing":null,"duration":120}],"name":"011_fangshe"}],"ffd":[],"ik":[],"frame":[],"name":"001_jiantou","duration":120},{"playTimes":0,"bone":[{"frame":[{"tweenEasing":0,"transform":{},"duration":20},{"tweenEasing":0,"transform":{},"duration":20},{"tweenEasing":0,"transform":{},"duration":20},{"tweenEasing":0,"transform":{},"duration":20},{"tweenEasing":0,"transform":{},"duration":20},{"tweenEasing":0,"transform":{},"duration":20},{"transform":{},"duration":0}],"name":"004_chuizi1"},{"frame":[{"tweenEasing":0,"transform":{"x":200},"duration":120},{"transform":{"x":200},"duration":0}],"name":"004_chuizi_fuji"},{"frame":[{"tweenEasing":0,"transform":{},"duration":20},{"tweenEasing":0,"transform":{},"duration":20},{"tweenEasing":0,"transform":{},"duration":20},{"tweenEasing":0,"transform":{},"duration":20},{"tweenEasing":0,"transform":{},"duration":20},{"tweenEasing":0,"transform":{},"duration":20},{"transform":{},"duration":0}],"name":"003_jianzi1"},{"frame":[{"tweenEasing":0,"transform":{},"duration":120},{"transform":{},"duration":0}],"name":"003_jianzi_fuji"},{"frame":[{"tweenEasing":0,"transform":{},"duration":20},{"tweenEasing":0,"transform":{},"duration":20},{"tweenEasing":0,"transform":{},"duration":20},{"tweenEasing":0,"transform":{},"duration":20},{"tweenEasing":0,"transform":{},"duration":20},{"tweenEasing":0,"transform":{},"duration":20},{"transform":{},"duration":0}],"name":"002_baozi1"},{"frame":[{"tweenEasing":0,"transform":{"x":-200},"duration":120},{"transform":{"x":-200},"duration":0}],"name":"002_baozi_fuji"},{"frame":[{"tweenEasing":0,"transform":{},"duration":120},{"transform":{},"duration":0}],"name":"000_caiquan_fuji"},{"frame":[{"tweenEasing":0,"transform":{},"duration":20},{"tweenEasing":0,"transform":{},"duration":6},{"tweenEasing":0,"transform":{},"duration":14},{"tweenEasing":0,"transform":{},"duration":20},{"tweenEasing":0,"transform":{},"duration":6},{"tweenEasing":0,"transform":{},"duration":14},{"tweenEasing":0,"transform":{},"duration":20},{"tweenEasing":0,"transform":{},"duration":6},{"tweenEasing":0,"transform":{},"duration":14},{"transform":{},"duration":0}],"name":"006_caideng2"},{"frame":[{"tweenEasing":0,"transform":{},"duration":6},{"tweenEasing":0,"transform":{},"duration":14},{"tweenEasing":0,"transform":{},"duration":20},{"tweenEasing":0,"transform":{},"duration":6},{"tweenEasing":0,"transform":{},"duration":14},{"tweenEasing":0,"transform":{},"duration":20},{"tweenEasing":0,"transform":{},"duration":6},{"tweenEasing":0,"transform":{},"duration":14},{"tweenEasing":0,"transform":{},"duration":20},{"transform":{},"duration":0}],"name":"005_caideng1"},{"frame":[{"transform":{},"duration":120}],"name":"000_fuji"},{"frame":[{"transform":{},"duration":120}],"name":"root"},{"frame":[{"transform":{},"duration":120}],"name":"009_caideng1"},{"frame":[{"transform":{},"duration":120}],"name":"010_caideng2"},{"frame":[{"transform":{},"duration":120}],"name":"007_zhipai1"},{"frame":[{"transform":{},"duration":120}],"name":"008_jiantou3"},{"frame":[{"transform":{},"duration":120}],"name":"011_fangshe"},{"frame":[{"transform":{},"duration":120}],"name":"007_zhipai2"},{"frame":[{"transform":{},"duration":120}],"name":"008_jiantou1"},{"frame":[{"transform":{},"duration":120}],"name":"008_jiantou2"}],"slot":[{"frame":[{"tweenEasing":0,"duration":20},{"displayIndex":1,"tweenEasing":0,"duration":20},{"displayIndex":2,"tweenEasing":0,"duration":20},{"tweenEasing":0,"duration":20},{"displayIndex":1,"tweenEasing":0,"duration":20},{"displayIndex":2,"tweenEasing":0,"duration":20},{"tweenEasing":null,"duration":0}],"name":"004_chuizi1"},{"frame":[{"displayIndex":-1,"tweenEasing":0,"duration":120},{"displayIndex":-1,"tweenEasing":null,"duration":0}],"name":"004_chuizi_fuji"},{"frame":[{"tweenEasing":0,"duration":20},{"displayIndex":1,"tweenEasing":0,"duration":20},{"displayIndex":2,"tweenEasing":0,"duration":20},{"tweenEasing":0,"duration":20},{"displayIndex":1,"tweenEasing":0,"duration":20},{"displayIndex":2,"tweenEasing":0,"duration":20},{"tweenEasing":null,"duration":0}],"name":"003_jianzi1"},{"frame":[{"displayIndex":-1,"tweenEasing":0,"duration":120},{"displayIndex":-1,"tweenEasing":null,"duration":0}],"name":"003_jianzi_fuji"},{"frame":[{"tweenEasing":0,"duration":20},{"displayIndex":1,"tweenEasing":0,"duration":20},{"displayIndex":2,"tweenEasing":0,"duration":20},{"tweenEasing":0,"duration":20},{"displayIndex":1,"tweenEasing":0,"duration":20},{"displayIndex":2,"tweenEasing":0,"duration":20},{"tweenEasing":null,"duration":0}],"name":"002_baozi1"},{"frame":[{"displayIndex":-1,"tweenEasing":0,"duration":120},{"displayIndex":-1,"tweenEasing":null,"duration":0}],"name":"002_baozi_fuji"},{"frame":[{"displayIndex":-1,"tweenEasing":0,"duration":120},{"displayIndex":-1,"tweenEasing":null,"duration":0}],"name":"000_caiquan_fuji"},{"frame":[{"tweenEasing":0,"color":{"aM":57},"duration":20},{"tweenEasing":0,"color":{"aM":57},"duration":6},{"tweenEasing":0,"duration":14},{"tweenEasing":0,"color":{"aM":57},"duration":20},{"tweenEasing":0,"color":{"aM":57},"duration":6},{"tweenEasing":0,"duration":14},{"tweenEasing":0,"color":{"aM":57},"duration":20},{"tweenEasing":0,"color":{"aM":57},"duration":6},{"tweenEasing":0,"duration":14},{"tweenEasing":null,"color":{"aM":57},"duration":0}],"name":"006_caideng2"},{"frame":[{"tweenEasing":0,"color":{"aM":57},"duration":6},{"tweenEasing":0,"duration":14},{"tweenEasing":0,"color":{"aM":57},"duration":20},{"tweenEasing":0,"color":{"aM":57},"duration":6},{"tweenEasing":0,"duration":14},{"tweenEasing":0,"color":{"aM":57},"duration":20},{"tweenEasing":0,"color":{"aM":57},"duration":6},{"tweenEasing":0,"duration":14},{"tweenEasing":0,"color":{"aM":57},"duration":20},{"tweenEasing":null,"color":{"aM":57},"duration":0}],"name":"005_caideng1"},{"frame":[{"displayIndex":-1,"tweenEasing":null,"duration":120}],"name":"000_fuji"},{"frame":[{"displayIndex":-1,"tweenEasing":null,"duration":120}],"name":"007_zhipai1"},{"frame":[{"displayIndex":-1,"tweenEasing":null,"duration":120}],"name":"007_zhipai2"},{"frame":[{"displayIndex":-1,"tweenEasing":null,"duration":120}],"name":"008_jiantou1"},{"frame":[{"displayIndex":-1,"tweenEasing":null,"duration":120}],"name":"008_jiantou2"},{"frame":[{"displayIndex":-1,"tweenEasing":null,"duration":120}],"name":"008_jiantou3"},{"frame":[{"displayIndex":-1,"tweenEasing":null,"duration":120}],"name":"009_caideng1"},{"frame":[{"displayIndex":-1,"tweenEasing":null,"duration":120}],"name":"010_caideng2"},{"frame":[{"displayIndex":-1,"tweenEasing":null,"duration":120}],"name":"011_fangshe"}],"ffd":[],"ik":[],"frame":[],"name":"002_caiquan_daiji","duration":120},{"playTimes":0,"bone":[{"frame":[{"tweenEasing":0,"transform":{},"duration":59},{"tweenEasing":0,"transform":{},"duration":1},{"tweenEasing":0,"transform":{},"duration":4},{"tweenEasing":0,"transform":{"scY":1.3333,"scX":1.3333},"duration":6},{"tweenEasing":0,"transform":{"scY":2,"scX":2},"duration":20},{"transform":{"scY":3,"scX":3},"duration":0}],"name":"011_fangshe"},{"frame":[{"tweenEasing":0,"transform":{"y":97.1429,"scX":-1,"x":328.5717},"duration":60},{"tweenEasing":0,"transform":{"y":97.1429,"skX":90,"skY":90,"scX":-1,"x":328.5717},"duration":30},{"transform":{"y":97.1429,"scX":-1,"x":328.5717},"duration":0}],"name":"010_caideng2"},{"frame":[{"tweenEasing":0,"transform":{"y":92.8572,"x":-334},"duration":60},{"tweenEasing":0,"transform":{"y":92.8572,"skX":-90,"skY":-90,"x":-334},"duration":30},{"transform":{"y":92.8572,"x":-334},"duration":0}],"name":"009_caideng1"},{"frame":[{"tweenEasing":0,"transform":{"scX":-1},"duration":70},{"tweenEasing":0,"transform":{"scX":-1},"duration":20},{"transform":{"scX":-1},"duration":0}],"name":"004_chuizi1"},{"frame":[{"tweenEasing":0,"transform":{"x":200},"duration":15},{"tweenEasing":0,"transform":{"scY":0.9389,"skX":-18.3333,"skY":-18.3333,"scX":0.9389,"x":138.8889},"duration":15},{"tweenEasing":0,"transform":{"skX":15,"skY":15,"x":210},"duration":15},{"tweenEasing":0,"transform":{"scY":0.9389,"skX":-18.3333,"skY":-18.3333,"scX":0.9389,"x":138.8889},"duration":15},{"tweenEasing":0,"transform":{"skX":15,"skY":15,"x":210},"duration":10},{"tweenEasing":0,"transform":{"scY":0.8,"skX":-60,"skY":-60,"scX":0.8,"x":50},"duration":20},{"transform":{"scY":3,"skX":120,"skY":120,"scX":3},"duration":0}],"name":"004_chuizi_fuji"},{"frame":[{"tweenEasing":0,"transform":{},"duration":70},{"tweenEasing":0,"transform":{},"duration":20},{"transform":{},"duration":0}],"name":"002_baozi1"},{"frame":[{"tweenEasing":0,"transform":{"x":-200},"duration":15},{"tweenEasing":0,"transform":{"scY":0.9389,"skX":18.3333,"skY":18.3333,"scX":0.9389,"x":-138.8889},"duration":15},{"tweenEasing":0,"transform":{"skX":-15,"skY":-15,"x":-210},"duration":15},{"tweenEasing":0,"transform":{"scY":0.9389,"skX":18.3333,"skY":18.3333,"scX":0.9389,"x":-138.8889},"duration":15},{"tweenEasing":0,"transform":{"skX":-15,"skY":-15,"x":-210},"duration":10},{"tweenEasing":0,"transform":{"scY":0.8,"skX":60,"skY":60,"scX":0.8,"x":-50},"duration":20},{"transform":{"scY":3,"skX":-120,"skY":-120,"scX":3},"duration":0}],"name":"002_baozi_fuji"},{"frame":[{"tweenEasing":0,"transform":{},"duration":90},{"transform":{},"duration":0}],"name":"000_caiquan_fuji"},{"frame":[{"tweenEasing":0,"transform":{},"duration":15},{"tweenEasing":0,"transform":{},"duration":2},{"tweenEasing":0,"transform":{},"duration":23},{"tweenEasing":0,"transform":{},"duration":20},{"tweenEasing":0,"transform":{},"duration":2},{"tweenEasing":0,"transform":{},"duration":8},{"tweenEasing":0,"transform":{},"duration":10},{"tweenEasing":0,"transform":{},"duration":2},{"tweenEasing":0,"transform":{},"duration":8},{"transform":{},"duration":0}],"name":"006_caideng2"},{"frame":[{"tweenEasing":0,"transform":{"y":-1.4286},"duration":2},{"tweenEasing":0,"transform":{},"duration":13},{"tweenEasing":0,"transform":{},"duration":25},{"tweenEasing":0,"transform":{},"duration":2},{"tweenEasing":0,"transform":{},"duration":18},{"tweenEasing":0,"transform":{},"duration":10},{"tweenEasing":0,"transform":{},"duration":2},{"tweenEasing":0,"transform":{},"duration":8},{"tweenEasing":0,"transform":{},"duration":10},{"transform":{},"duration":0}],"name":"005_caideng1"},{"frame":[{"transform":{},"duration":90}],"name":"000_fuji"},{"frame":[{"transform":{},"duration":90}],"name":"root"},{"frame":[{"transform":{},"duration":90}],"name":"007_zhipai1"},{"frame":[{"transform":{},"duration":90}],"name":"008_jiantou3"},{"frame":[{"transform":{},"duration":90}],"name":"007_zhipai2"},{"frame":[{"transform":{},"duration":90}],"name":"008_jiantou1"},{"frame":[{"transform":{},"duration":90}],"name":"008_jiantou2"},{"frame":[{"transform":{},"duration":90}],"name":"003_jianzi_fuji"},{"frame":[{"transform":{},"duration":90}],"name":"003_jianzi1"}],"slot":[{"frame":[{"displayIndex":-1,"tweenEasing":0,"duration":59},{"displayIndex":-1,"tweenEasing":0,"duration":1},{"tweenEasing":0,"color":{"aM":0},"duration":4},{"tweenEasing":0,"duration":6},{"tweenEasing":0,"duration":20},{"tweenEasing":null,"color":{"aM":0},"duration":0}],"name":"011_fangshe"},{"frame":[{"tweenEasing":0,"color":{"aM":57},"duration":60},{"tweenEasing":0,"duration":30},{"tweenEasing":null,"color":{"aM":57},"duration":0}],"name":"010_caideng2"},{"frame":[{"tweenEasing":0,"color":{"aM":57},"duration":60},{"tweenEasing":0,"duration":30},{"tweenEasing":null,"color":{"aM":57},"duration":0}],"name":"009_caideng1"},{"frame":[{"tweenEasing":0,"duration":70},{"tweenEasing":0,"duration":20},{"tweenEasing":null,"color":{"aM":0},"duration":0}],"name":"004_chuizi1"},{"frame":[{"displayIndex":-1,"tweenEasing":0,"duration":15},{"displayIndex":-1,"tweenEasing":0,"duration":15},{"displayIndex":-1,"tweenEasing":0,"duration":15},{"displayIndex":-1,"tweenEasing":0,"duration":15},{"displayIndex":-1,"tweenEasing":0,"duration":10},{"displayIndex":-1,"tweenEasing":0,"duration":20},{"displayIndex":-1,"tweenEasing":null,"color":{"aM":0},"duration":0}],"name":"004_chuizi_fuji"},{"frame":[{"displayIndex":2,"tweenEasing":0,"duration":70},{"displayIndex":2,"tweenEasing":0,"duration":20},{"displayIndex":2,"tweenEasing":null,"color":{"aM":0},"duration":0}],"name":"002_baozi1"},{"frame":[{"displayIndex":-1,"tweenEasing":0,"duration":15},{"displayIndex":-1,"tweenEasing":0,"duration":15},{"displayIndex":-1,"tweenEasing":0,"duration":15},{"displayIndex":-1,"tweenEasing":0,"duration":15},{"displayIndex":-1,"tweenEasing":0,"duration":10},{"displayIndex":-1,"tweenEasing":0,"duration":20},{"displayIndex":-1,"tweenEasing":null,"duration":0}],"name":"002_baozi_fuji"},{"frame":[{"displayIndex":-1,"tweenEasing":0,"duration":90},{"displayIndex":-1,"tweenEasing":null,"duration":0}],"name":"000_caiquan_fuji"},{"frame":[{"tweenEasing":0,"color":{"aM":57},"duration":15},{"tweenEasing":0,"color":{"aM":57},"duration":2},{"tweenEasing":0,"duration":23},{"tweenEasing":0,"color":{"aM":57},"duration":20},{"tweenEasing":0,"color":{"aM":57},"duration":2},{"tweenEasing":0,"duration":8},{"tweenEasing":0,"color":{"aM":57},"duration":10},{"tweenEasing":0,"color":{"aM":57},"duration":2},{"tweenEasing":0,"duration":8},{"tweenEasing":null,"color":{"aM":57},"duration":0}],"name":"006_caideng2"},{"frame":[{"tweenEasing":0,"color":{"aM":57},"duration":2},{"tweenEasing":0,"duration":13},{"tweenEasing":0,"color":{"aM":57},"duration":25},{"tweenEasing":0,"color":{"aM":57},"duration":2},{"tweenEasing":0,"duration":18},{"tweenEasing":0,"color":{"aM":57},"duration":10},{"tweenEasing":0,"color":{"aM":57},"duration":2},{"tweenEasing":0,"duration":8},{"tweenEasing":0,"color":{"aM":57},"duration":10},{"tweenEasing":null,"color":{"aM":57},"duration":0}],"name":"005_caideng1"},{"frame":[{"displayIndex":-1,"tweenEasing":null,"duration":90}],"name":"000_fuji"},{"frame":[{"displayIndex":-1,"tweenEasing":null,"duration":90}],"name":"003_jianzi_fuji"},{"frame":[{"displayIndex":-1,"tweenEasing":null,"duration":90}],"name":"003_jianzi1"},{"frame":[{"displayIndex":-1,"tweenEasing":null,"duration":90}],"name":"007_zhipai1"},{"frame":[{"displayIndex":-1,"tweenEasing":null,"duration":90}],"name":"007_zhipai2"},{"frame":[{"displayIndex":-1,"tweenEasing":null,"duration":90}],"name":"008_jiantou1"},{"frame":[{"displayIndex":-1,"tweenEasing":null,"duration":90}],"name":"008_jiantou2"},{"frame":[{"displayIndex":-1,"tweenEasing":null,"duration":90}],"name":"008_jiantou3"}],"ffd":[],"ik":[],"frame":[],"name":"003_caiquan_jihuo","duration":90}],"defaultActions":[{"gotoAndPlay":"000_zhipai"}],"aabb":{"width":707,"y":-176.3938,"height":298.8938,"x":-353.5},"ik":[],"name":"armatureName","skin":[{"slot":[{"display":[{"path":"ui_tanlanzhidao_caiquan/caideng","type":"image","name":"ui_tanlanzhidao_caiquan/caideng","transform":{"y":-77.8938,"x":76.9045}}],"name":"009_caideng1"},{"display":[{"path":"ui_tanlanzhidao_caiquan/caideng1","type":"image","name":"ui_tanlanzhidao_caiquan/caideng1","transform":{}}],"name":"005_caideng1"},{"display":[{"path":"ui_tanlanzhidao_caiquan/jiantou2","type":"image","name":"ui_tanlanzhidao_caiquan/jiantou2","transform":{}}],"name":"008_jiantou2"},{"display":[{"path":"ui_tanlanzhidao_caiquan/zhipai2","type":"image","name":"ui_tanlanzhidao_caiquan/zhipai2","transform":{}}],"name":"007_zhipai2"},{"display":[{"path":"ui_tanlanzhidao_caiquan/zhipai","type":"image","name":"ui_tanlanzhidao_caiquan/zhipai","transform":{}}],"name":"007_zhipai1"},{"display":[{"path":"ui_tanlanzhidao_caiquan/chuizi","type":"image","name":"ui_tanlanzhidao_caiquan/chuizi","transform":{}},{"path":"ui_tanlanzhidao_caiquan/baozi","type":"image","name":"ui_tanlanzhidao_caiquan/baozi","transform":{}},{"path":"ui_tanlanzhidao_caiquan/jianzi","type":"image","name":"ui_tanlanzhidao_caiquan/jianzi","transform":{}}],"name":"004_chuizi1"},{"display":[{"path":"ui_tanlanzhidao_caiquan/fangshe","type":"image","name":"ui_tanlanzhidao_caiquan/fangshe","transform":{}}],"name":"011_fangshe"},{"display":[{"path":"ui_tanlanzhidao_caiquan/caideng","type":"image","name":"ui_tanlanzhidao_caiquan/caideng","transform":{"y":-77.8938,"x":76.9045}}],"name":"010_caideng2"},{"display":[{"path":"ui_tanlanzhidao_caiquan/caideng2","type":"image","name":"ui_tanlanzhidao_caiquan/caideng2","transform":{}}],"name":"006_caideng2"},{"display":[{"path":"ui_tanlanzhidao_caiquan/jiantou","type":"image","name":"ui_tanlanzhidao_caiquan/jiantou","transform":{}}],"name":"008_jiantou1"},{"display":[{"path":"ui_tanlanzhidao_caiquan/jianzi","type":"image","name":"ui_tanlanzhidao_caiquan/jianzi","transform":{}},{"path":"ui_tanlanzhidao_caiquan/chuizi","type":"image","name":"ui_tanlanzhidao_caiquan/chuizi","transform":{}},{"path":"ui_tanlanzhidao_caiquan/baozi","type":"image","name":"ui_tanlanzhidao_caiquan/baozi","transform":{}}],"name":"003_jianzi1"},{"display":[{"path":"ui_tanlanzhidao_caiquan/jiantou3","type":"image","name":"ui_tanlanzhidao_caiquan/jiantou3","transform":{}}],"name":"008_jiantou3"},{"display":[{"path":"ui_tanlanzhidao_caiquan/baozi","type":"image","name":"ui_tanlanzhidao_caiquan/baozi","transform":{}},{"path":"ui_tanlanzhidao_caiquan/jianzi","type":"image","name":"ui_tanlanzhidao_caiquan/jianzi","transform":{}},{"path":"ui_tanlanzhidao_caiquan/chuizi","type":"image","name":"ui_tanlanzhidao_caiquan/chuizi","transform":{}}],"name":"002_baozi1"}],"name":""}],"slot":[{"displayIndex":-1,"name":"000_fuji","parent":"000_fuji","color":{}},{"z":1,"name":"005_caideng1","parent":"005_caideng1","color":{}},{"z":2,"name":"006_caideng2","parent":"006_caideng2","color":{}},{"z":3,"displayIndex":-1,"name":"000_caiquan_fuji","parent":"000_caiquan_fuji","color":{}},{"z":4,"displayIndex":-1,"name":"002_baozi_fuji","parent":"002_baozi_fuji","color":{}},{"z":5,"name":"002_baozi1","parent":"002_baozi1","color":{}},{"z":6,"displayIndex":-1,"name":"003_jianzi_fuji","parent":"003_jianzi_fuji","color":{}},{"z":7,"name":"003_jianzi1","parent":"003_jianzi1","color":{}},{"z":8,"displayIndex":-1,"name":"004_chuizi_fuji","parent":"004_chuizi_fuji","color":{}},{"z":9,"name":"004_chuizi1","parent":"004_chuizi1","color":{}},{"z":10,"name":"007_zhipai1","parent":"007_zhipai1","color":{}},{"z":11,"name":"007_zhipai2","parent":"007_zhipai2","color":{}},{"z":12,"name":"008_jiantou1","parent":"008_jiantou1","color":{}},{"z":13,"name":"008_jiantou2","parent":"008_jiantou2","color":{}},{"z":14,"name":"008_jiantou3","parent":"008_jiantou3","color":{}},{"z":15,"name":"009_caideng1","parent":"009_caideng1","color":{}},{"z":16,"name":"010_caideng2","parent":"010_caideng2","color":{}},{"z":17,"name":"011_fangshe","parent":"011_fangshe","color":{}}]}],"name":"ui_tanlanzhidao_caiquan_eff","version":"4.0"}