{"frameRate":30,"isGlobal":0,"armature":[{"defaultActions":[{"gotoAndPlay":"0000_sc_quantou"}],"animation":[{"frame":[],"duration":15,"slot":[{"frame":[{"curve":[0,0.475,0.875,1],"duration":5,"color":{"aM":0}},{"curve":[0,0.88,0.75,1],"duration":10},{"tweenEasing":null,"duration":0,"color":{"aM":0}}],"name":"chongjibo"},{"frame":[{"tweenEasing":0,"duration":2,"color":{"aM":0}},{"tweenEasing":0,"duration":1,"color":{"aM":0}},{"tweenEasing":0,"duration":5},{"tweenEasing":0,"duration":1},{"tweenEasing":0,"duration":6,"color":{"aM":0}},{"tweenEasing":null,"duration":0,"color":{"aM":0}}],"name":"wj_005_saci_eff_pz"}],"ffd":[],"bone":[{"frame":[{"curve":[0,0.95,0.75,1],"duration":5,"transform":{"scY":0.721,"y":10.66,"scX":0.721,"x":-21.01}},{"curve":[0,0.88,0.75,1],"duration":10,"transform":{"y":4.945}},{"duration":0,"transform":{"scY":1.16,"y":3.56,"scX":0.853,"x":2.05}}],"name":"chongjibo"},{"frame":[{"duration":2,"transform":{"y":-47.35,"x":39.3}},{"duration":1,"transform":{"y":-47.35,"x":39.3}},{"duration":5,"transform":{"y":-47.35,"x":39.3}},{"duration":1,"transform":{"y":-47.35,"x":39.3}},{"duration":6,"transform":{"y":-47.35,"x":39.3}},{"duration":0,"transform":{"y":-47.35,"x":39.3}}],"name":"wj_005_saci_eff_pz"},{"frame":[{"tweenEasing":0,"duration":3,"transform":{}},{"duration":12,"transform":{"skX":-0.04,"skY":-0.04}}],"name":"root"},{"frame":[{"duration":15,"transform":{}}],"name":"bai_chongciyanwu_01_eff/bai_chongciyanwu_01_eff_01"},{"frame":[{"duration":15,"transform":{}}],"name":"bai_chongciyanwu_02_eff/bai_chongciyanwu_02_eff_01"},{"frame":[{"duration":15,"transform":{}}],"name":"luoxuan"},{"frame":[{"duration":15,"transform":{}}],"name":"paizi_eff/paizi01"},{"frame":[{"duration":15,"transform":{}}],"name":"paizi_eff/paizi02"},{"frame":[{"duration":15,"transform":{}}],"name":"paizi_eff/paizi03"},{"frame":[{"duration":15,"transform":{}}],"name":"sc_luoxuanyanwu2/0_00000"}],"name":"0000_sc_quantou","ik":[]},{"frame":[],"duration":30,"slot":[{"frame":[{"tweenEasing":0,"duration":6,"color":{"aM":0}},{"tweenEasing":null,"duration":19},{"tweenEasing":0,"duration":5},{"tweenEasing":null,"duration":0,"color":{"aM":0}}],"name":"luoxuan"},{"frame":[{"tweenEasing":0,"duration":2},{"tweenEasing":0,"displayIndex":1,"duration":2},{"tweenEasing":0,"displayIndex":2,"duration":2},{"tweenEasing":0,"displayIndex":3,"duration":2},{"tweenEasing":0,"displayIndex":4,"duration":2},{"tweenEasing":0,"displayIndex":5,"duration":2},{"tweenEasing":0,"displayIndex":6,"duration":2},{"tweenEasing":0,"displayIndex":7,"duration":2},{"tweenEasing":0,"duration":2},{"tweenEasing":0,"displayIndex":1,"duration":2},{"tweenEasing":0,"displayIndex":2,"duration":2},{"tweenEasing":0,"displayIndex":3,"duration":2},{"tweenEasing":0,"displayIndex":4,"duration":2},{"tweenEasing":0,"displayIndex":5,"duration":2},{"tweenEasing":0,"displayIndex":6,"duration":2},{"tweenEasing":null,"displayIndex":7,"duration":0}],"name":"sc_luoxuanyanwu2/0_00000"},{"frame":[{"tweenEasing":null,"duration":30}],"name":"wj_005_saci_eff_pz"}],"ffd":[],"bone":[{"frame":[{"duration":30,"transform":{"y":-47.35,"scX":4,"x":0.305}},{"duration":0,"transform":{"y":-47.35,"scX":4,"x":0.305}}],"name":"wj_005_saci_eff_pz"},{"frame":[{"duration":21,"transform":{}},{"duration":9,"transform":{}}],"name":"bai_chongciyanwu_01_eff/bai_chongciyanwu_01_eff_01"},{"frame":[{"tweenEasing":0,"duration":3,"transform":{"y":-3.415}},{"tweenEasing":0,"duration":3,"transform":{"y":-3.415,"scX":1.034}},{"tweenEasing":0,"duration":3,"transform":{"y":-3.415}},{"tweenEasing":0,"duration":3,"transform":{"y":-3.415,"scX":1.034}},{"tweenEasing":0,"duration":3,"transform":{"y":-3.415}},{"tweenEasing":0,"duration":3,"transform":{"y":-3.415,"scX":1.034}},{"tweenEasing":0,"duration":3,"transform":{"y":-3.415}},{"tweenEasing":0,"duration":3,"transform":{"y":-3.415,"scX":1.034}},{"tweenEasing":0,"duration":3,"transform":{"y":-3.415}},{"tweenEasing":0,"duration":3,"transform":{"y":-3.415,"scX":1.034}},{"duration":0,"transform":{"y":-3.415}}],"name":"luoxuan"},{"frame":[{"tweenEasing":0,"duration":30,"transform":{}},{"duration":0,"transform":{}}],"name":"root"},{"frame":[{"tweenEasing":0,"duration":21,"transform":{}},{"duration":9,"transform":{}}],"name":"bai_chongciyanwu_02_eff/bai_chongciyanwu_02_eff_01"},{"frame":[{"tweenEasing":0,"duration":30,"transform":{}},{"duration":0,"transform":{}}],"name":"chongjibo"},{"frame":[{"tweenEasing":0,"duration":21,"transform":{}},{"duration":9,"transform":{}}],"name":"paizi_eff/paizi01"},{"frame":[{"tweenEasing":0,"duration":21,"transform":{}},{"duration":9,"transform":{}}],"name":"paizi_eff/paizi02"},{"frame":[{"tweenEasing":0,"duration":21,"transform":{}},{"duration":9,"transform":{}}],"name":"paizi_eff/paizi03"},{"frame":[{"duration":30,"transform":{"y":-24.72,"x":0.25}}],"name":"sc_luoxuanyanwu2/0_00000"}],"name":"0001_sc_luoxuan","ik":[]},{"frame":[],"duration":60,"slot":[{"frame":[{"tweenEasing":0,"duration":3},{"tweenEasing":0,"displayIndex":1,"duration":3},{"tweenEasing":0,"displayIndex":2,"duration":3},{"tweenEasing":0,"displayIndex":3,"duration":3},{"tweenEasing":0,"duration":3},{"tweenEasing":0,"displayIndex":1,"duration":3},{"tweenEasing":0,"displayIndex":2,"duration":3},{"tweenEasing":0,"displayIndex":3,"duration":3},{"tweenEasing":0,"duration":3},{"tweenEasing":0,"displayIndex":1,"duration":3},{"tweenEasing":0,"displayIndex":2,"duration":3},{"tweenEasing":0,"displayIndex":3,"duration":3},{"tweenEasing":0,"duration":3},{"tweenEasing":0,"displayIndex":1,"duration":3},{"tweenEasing":0,"displayIndex":2,"duration":3},{"tweenEasing":0,"displayIndex":3,"duration":3},{"tweenEasing":0,"duration":3},{"tweenEasing":0,"displayIndex":1,"duration":3},{"tweenEasing":0,"displayIndex":2,"duration":3},{"tweenEasing":0,"displayIndex":3,"duration":3},{"tweenEasing":null,"duration":0}],"name":"bai_chongciyanwu_01_eff/bai_chongciyanwu_01_eff_01"},{"frame":[{"tweenEasing":0,"duration":3},{"tweenEasing":0,"displayIndex":1,"duration":3},{"tweenEasing":0,"displayIndex":2,"duration":3},{"tweenEasing":0,"displayIndex":3,"duration":3},{"tweenEasing":0,"displayIndex":4,"duration":3},{"tweenEasing":0,"displayIndex":5,"duration":3},{"tweenEasing":0,"duration":3},{"tweenEasing":0,"displayIndex":1,"duration":3},{"tweenEasing":0,"displayIndex":2,"duration":3},{"tweenEasing":0,"displayIndex":3,"duration":3},{"tweenEasing":0,"displayIndex":4,"duration":3},{"tweenEasing":0,"displayIndex":5,"duration":3},{"tweenEasing":0,"duration":3},{"tweenEasing":0,"displayIndex":1,"duration":3},{"tweenEasing":0,"displayIndex":2,"duration":3},{"tweenEasing":0,"displayIndex":3,"duration":3},{"tweenEasing":0,"displayIndex":4,"duration":3},{"tweenEasing":0,"displayIndex":5,"duration":3},{"tweenEasing":0,"duration":3},{"tweenEasing":0,"displayIndex":1,"duration":3},{"tweenEasing":null,"displayIndex":2,"duration":0}],"name":"bai_chongciyanwu_02_eff/bai_chongciyanwu_02_eff_01"},{"frame":[{"tweenEasing":0,"duration":6},{"tweenEasing":0,"duration":6},{"tweenEasing":0,"duration":6},{"tweenEasing":0,"duration":6},{"tweenEasing":0,"duration":6},{"tweenEasing":0,"duration":6},{"tweenEasing":0,"duration":6},{"tweenEasing":0,"duration":6},{"tweenEasing":0,"duration":6},{"tweenEasing":null,"duration":6}],"name":"paizi_eff/paizi01"},{"frame":[{"tweenEasing":0,"duration":6},{"tweenEasing":0,"duration":6},{"tweenEasing":0,"duration":6},{"tweenEasing":0,"duration":6},{"tweenEasing":0,"duration":6},{"tweenEasing":0,"duration":6},{"tweenEasing":0,"duration":6},{"tweenEasing":0,"duration":6},{"tweenEasing":0,"duration":6},{"tweenEasing":null,"duration":6}],"name":"paizi_eff/paizi02"},{"frame":[{"tweenEasing":0,"duration":6},{"tweenEasing":0,"duration":6},{"tweenEasing":0,"duration":6},{"tweenEasing":0,"duration":6},{"tweenEasing":0,"duration":6},{"tweenEasing":0,"duration":6},{"tweenEasing":0,"duration":6},{"tweenEasing":0,"duration":6},{"tweenEasing":0,"duration":6},{"tweenEasing":null,"duration":6}],"name":"paizi_eff/paizi03"}],"ffd":[],"bone":[{"frame":[{"duration":60,"transform":{"scY":3.378,"y":-8.325,"skX":-358.74,"skY":-358.74,"scX":4.095,"x":-235.025}},{"duration":0,"transform":{"scY":3.378,"y":-8.325,"skX":-358.74,"skY":-358.74,"scX":4.095,"x":-235.025}}],"name":"bai_chongciyanwu_02_eff/bai_chongciyanwu_02_eff_01"},{"frame":[{"duration":60,"transform":{"scY":2.987,"y":-54.385,"skX":-0.02,"skY":-0.02,"scX":4.279,"x":-220.715}},{"duration":0,"transform":{"scY":2.987,"y":-54.385,"skX":-0.02,"skY":-0.02,"scX":4.279,"x":-220.715}}],"name":"bai_chongciyanwu_01_eff/bai_chongciyanwu_01_eff_01"},{"frame":[{"duration":60,"transform":{"scY":1.936,"y":-78.005,"scX":7.814,"x":-190.67}},{"duration":0,"transform":{"scY":1.936,"y":-78.005,"scX":7.814,"x":-190.67}}],"name":"wj_005_saci_eff_pz"},{"frame":[{"tweenEasing":0,"duration":3,"transform":{"y":-32.75,"x":-396.65}},{"tweenEasing":0,"duration":3,"transform":{"y":-31.255,"skX":-1.29,"skY":-1.29,"x":-396.65}},{"tweenEasing":0,"duration":3,"transform":{"y":-32.75,"x":-396.65}},{"tweenEasing":0,"duration":3,"transform":{"y":-31.255,"skX":-1.29,"skY":-1.29,"x":-396.65}},{"tweenEasing":0,"duration":3,"transform":{"y":-32.75,"x":-396.65}},{"tweenEasing":0,"duration":3,"transform":{"y":-31.255,"skX":-1.29,"skY":-1.29,"x":-396.65}},{"tweenEasing":0,"duration":3,"transform":{"y":-32.75,"x":-396.65}},{"tweenEasing":0,"duration":3,"transform":{"y":-31.255,"skX":-1.29,"skY":-1.29,"x":-396.65}},{"tweenEasing":0,"duration":3,"transform":{"y":-32.75,"x":-396.65}},{"tweenEasing":0,"duration":3,"transform":{"y":-31.255,"skX":-1.29,"skY":-1.29,"x":-396.65}},{"tweenEasing":0,"duration":3,"transform":{"y":-32.75,"x":-396.65}},{"tweenEasing":0,"duration":3,"transform":{"y":-31.255,"skX":-1.29,"skY":-1.29,"x":-396.65}},{"tweenEasing":0,"duration":3,"transform":{"y":-32.75,"x":-396.65}},{"tweenEasing":0,"duration":3,"transform":{"y":-31.255,"skX":-1.29,"skY":-1.29,"x":-396.65}},{"tweenEasing":0,"duration":3,"transform":{"y":-32.75,"x":-396.65}},{"tweenEasing":0,"duration":3,"transform":{"y":-31.255,"skX":-1.29,"skY":-1.29,"x":-396.65}},{"tweenEasing":0,"duration":3,"transform":{"y":-32.75,"x":-396.65}},{"tweenEasing":0,"duration":3,"transform":{"y":-31.255,"skX":-1.29,"skY":-1.29,"x":-396.65}},{"tweenEasing":0,"duration":3,"transform":{"y":-32.75,"x":-396.65}},{"duration":3,"transform":{"y":-31.255,"skX":-1.29,"skY":-1.29,"x":-396.65}},{"duration":0,"transform":{"y":-31.255,"skX":-1.29,"skY":-1.29,"x":-396.65}}],"name":"paizi_eff/paizi01"},{"frame":[{"tweenEasing":0,"duration":3,"transform":{"y":-34.57,"x":-394.22}},{"tweenEasing":0,"duration":3,"transform":{"y":-37.55,"skX":-3.99,"skY":-3.99,"x":-394.085}},{"tweenEasing":0,"duration":3,"transform":{"y":-34.57,"x":-394.22}},{"tweenEasing":0,"duration":3,"transform":{"y":-37.55,"skX":-3.99,"skY":-3.99,"x":-394.085}},{"tweenEasing":0,"duration":3,"transform":{"y":-34.57,"x":-394.22}},{"tweenEasing":0,"duration":3,"transform":{"y":-37.55,"skX":-3.99,"skY":-3.99,"x":-394.085}},{"tweenEasing":0,"duration":3,"transform":{"y":-34.57,"x":-394.22}},{"tweenEasing":0,"duration":3,"transform":{"y":-37.55,"skX":-3.99,"skY":-3.99,"x":-394.085}},{"tweenEasing":0,"duration":3,"transform":{"y":-34.57,"x":-394.22}},{"tweenEasing":0,"duration":3,"transform":{"y":-37.55,"skX":-3.99,"skY":-3.99,"x":-394.085}},{"tweenEasing":0,"duration":3,"transform":{"y":-34.57,"x":-394.22}},{"tweenEasing":0,"duration":3,"transform":{"y":-37.55,"skX":-3.99,"skY":-3.99,"x":-394.085}},{"tweenEasing":0,"duration":3,"transform":{"y":-34.57,"x":-394.22}},{"tweenEasing":0,"duration":3,"transform":{"y":-37.55,"skX":-3.99,"skY":-3.99,"x":-394.085}},{"tweenEasing":0,"duration":3,"transform":{"y":-34.57,"x":-394.22}},{"tweenEasing":0,"duration":3,"transform":{"y":-37.55,"skX":-3.99,"skY":-3.99,"x":-394.085}},{"tweenEasing":0,"duration":3,"transform":{"y":-34.57,"x":-394.22}},{"tweenEasing":0,"duration":3,"transform":{"y":-37.55,"skX":-3.99,"skY":-3.99,"x":-394.085}},{"tweenEasing":0,"duration":3,"transform":{"y":-34.57,"x":-394.22}},{"duration":3,"transform":{"y":-37.55,"skX":-3.99,"skY":-3.99,"x":-394.085}},{"duration":0,"transform":{"y":-37.55,"skX":-3.99,"skY":-3.99,"x":-394.085}}],"name":"paizi_eff/paizi02"},{"frame":[{"tweenEasing":0,"duration":3,"transform":{"y":-29.11,"skX":1.83,"skY":1.83,"x":-420.91}},{"tweenEasing":0,"duration":3,"transform":{"y":-32.1,"skX":6.39,"skY":6.39,"x":-418.665}},{"tweenEasing":0,"duration":3,"transform":{"y":-29.11,"skX":1.83,"skY":1.83,"x":-420.91}},{"tweenEasing":0,"duration":3,"transform":{"y":-32.1,"skX":6.39,"skY":6.39,"x":-418.665}},{"tweenEasing":0,"duration":3,"transform":{"y":-29.11,"skX":1.83,"skY":1.83,"x":-420.91}},{"tweenEasing":0,"duration":3,"transform":{"y":-32.1,"skX":6.39,"skY":6.39,"x":-418.665}},{"tweenEasing":0,"duration":3,"transform":{"y":-29.11,"skX":1.83,"skY":1.83,"x":-420.91}},{"tweenEasing":0,"duration":3,"transform":{"y":-32.1,"skX":6.39,"skY":6.39,"x":-418.665}},{"tweenEasing":0,"duration":3,"transform":{"y":-29.11,"skX":1.83,"skY":1.83,"x":-420.91}},{"tweenEasing":0,"duration":3,"transform":{"y":-32.1,"skX":6.39,"skY":6.39,"x":-418.665}},{"tweenEasing":0,"duration":3,"transform":{"y":-29.11,"skX":1.83,"skY":1.83,"x":-420.91}},{"tweenEasing":0,"duration":3,"transform":{"y":-32.1,"skX":6.39,"skY":6.39,"x":-418.665}},{"tweenEasing":0,"duration":3,"transform":{"y":-29.11,"skX":1.83,"skY":1.83,"x":-420.91}},{"tweenEasing":0,"duration":3,"transform":{"y":-32.1,"skX":6.39,"skY":6.39,"x":-418.665}},{"tweenEasing":0,"duration":3,"transform":{"y":-29.11,"skX":1.83,"skY":1.83,"x":-420.91}},{"tweenEasing":0,"duration":3,"transform":{"y":-32.1,"skX":6.39,"skY":6.39,"x":-418.665}},{"tweenEasing":0,"duration":3,"transform":{"y":-29.11,"skX":1.83,"skY":1.83,"x":-420.91}},{"tweenEasing":0,"duration":3,"transform":{"y":-32.1,"skX":6.39,"skY":6.39,"x":-418.665}},{"tweenEasing":0,"duration":3,"transform":{"y":-29.11,"skX":1.83,"skY":1.83,"x":-420.91}},{"duration":3,"transform":{"y":-32.1,"skX":6.39,"skY":6.39,"x":-418.665}},{"duration":0,"transform":{"y":-32.1,"skX":6.39,"skY":6.39,"x":-418.665}}],"name":"paizi_eff/paizi03"},{"frame":[{"tweenEasing":0,"duration":60,"transform":{}},{"duration":0,"transform":{"x":1000}}],"name":"root"},{"frame":[{"tweenEasing":0,"duration":60,"transform":{}},{"duration":0,"transform":{}}],"name":"chongjibo"},{"frame":[{"tweenEasing":0,"duration":60,"transform":{}},{"duration":0,"transform":{}}],"name":"luoxuan"},{"frame":[{"duration":60,"transform":{}}],"name":"sc_luoxuanyanwu2/0_00000"}],"name":"0002_sc_dachongji","ik":[]}],"type":"Armature","frameRate":30,"ik":[],"bone":[{"name":"root","transform":{}},{"length":87,"transform":{"y":43.18,"skX":179.7,"skY":179.7,"x":202.29},"parent":"root","name":"bai_chongciyanwu_01_eff/bai_chongciyanwu_01_eff_01"},{"length":102,"transform":{"y":-4.17,"skX":179.2,"skY":179.2,"x":204.09},"parent":"root","name":"bai_chongciyanwu_02_eff/bai_chongciyanwu_02_eff_01"},{"length":67.5,"transform":{"y":-63.27,"skX":164.8,"skY":164.8,"x":60},"parent":"root","name":"chongjibo"},{"transform":{"y":0.085,"x":0.085},"name":"luoxuan","parent":"root"},{"length":56,"transform":{"y":-4.555,"skX":-105.3,"skY":-105.3,"x":283.82},"parent":"root","name":"paizi_eff/paizi01"},{"length":77.5,"transform":{"y":-4.555,"skX":-87.39,"skY":-87.39,"x":340.26},"parent":"root","name":"paizi_eff/paizi02"},{"length":45,"transform":{"y":-3.145,"skX":-62.81,"skY":-62.81,"x":395.99},"parent":"root","name":"paizi_eff/paizi03"},{"length":63.5,"transform":{"y":41.815,"skX":-89.41,"skY":-89.41,"x":1.84},"parent":"root","name":"sc_luoxuanyanwu2/0_00000"},{"transform":{},"name":"wj_005_saci_eff_pz","parent":"root"}],"aabb":{"width":5,"y":-5.6850000000000005,"height":5,"x":-1.705},"skin":[{"slot":[{"display":[{"path":"chongjibo","type":"image","name":"chongjibo","transform":{"y":2.175,"skX":-179.37,"skY":-179.37,"x":38.015}}],"blendMode":"add","name":"chongjibo"},{"display":[{"path":"paizi_eff/paizi03","type":"image","name":"paizi_eff/paizi03","transform":{"y":0.975,"skX":62.59,"skY":62.59,"x":25.88}}],"name":"paizi_eff/paizi03"},{"display":[{"path":"wj_005_saci_eff_pz","type":"image","name":"wj_005_saci_eff_pz","transform":{"scY":20,"y":-3.185,"scX":10,"x":0.795}}],"name":"wj_005_saci_eff_pz"},{"display":[{"path":"luoxuan","type":"image","name":"luoxuan","transform":{"y":-28.5,"x":-0.085}}],"name":"luoxuan"},{"display":[{"path":"paizi_eff/paizi02","type":"image","name":"paizi_eff/paizi02","transform":{"y":-1.695,"skX":87.39,"skY":87.39,"x":37.35}}],"name":"paizi_eff/paizi02"},{"display":[{"path":"paizi_eff/paizi01","type":"image","name":"paizi_eff/paizi01","transform":{"y":-6.225,"skX":105.35,"skY":105.35,"x":28.035}}],"name":"paizi_eff/paizi01"},{"display":[{"path":"sc_luoxuanyanwu2/0_00000","type":"image","name":"sc_luoxuanyanwu2/0_00000","transform":{"y":-2.265,"skX":89.41,"skY":89.41,"x":41.795}},{"path":"sc_luoxuanyanwu2/0_00001","type":"image","name":"sc_luoxuanyanwu2/0_00001","transform":{"y":-2.265,"skX":89.41,"skY":89.41,"x":41.795}},{"path":"sc_luoxuanyanwu2/0_00002","type":"image","name":"sc_luoxuanyanwu2/0_00002","transform":{"y":-2.265,"skX":89.41,"skY":89.41,"x":41.795}},{"path":"sc_luoxuanyanwu2/0_00003","type":"image","name":"sc_luoxuanyanwu2/0_00003","transform":{"y":-2.265,"skX":89.41,"skY":89.41,"x":41.795}},{"path":"sc_luoxuanyanwu2/0_00004","type":"image","name":"sc_luoxuanyanwu2/0_00004","transform":{"y":-2.265,"skX":89.41,"skY":89.41,"x":41.795}},{"path":"sc_luoxuanyanwu2/0_00005","type":"image","name":"sc_luoxuanyanwu2/0_00005","transform":{"y":-2.265,"skX":89.41,"skY":89.41,"x":41.795}},{"path":"sc_luoxuanyanwu2/0_00006","type":"image","name":"sc_luoxuanyanwu2/0_00006","transform":{"y":-2.265,"skX":89.41,"skY":89.41,"x":41.795}},{"path":"sc_luoxuanyanwu2/0_00007","type":"image","name":"sc_luoxuanyanwu2/0_00007","transform":{"y":-2.265,"skX":89.41,"skY":89.41,"x":41.795}}],"name":"sc_luoxuanyanwu2/0_00000"},{"display":[{"path":"bai_chongciyanwu_02_eff/bai_chongciyanwu_02_eff_01","type":"image","name":"bai_chongciyanwu_02_eff/bai_chongciyanwu_02_eff_01","transform":{"y":27.295,"skX":-179.17,"skY":-179.17,"x":47.905}},{"path":"bai_chongciyanwu_02_eff/bai_chongciyanwu_02_eff_03","type":"image","name":"bai_chongciyanwu_02_eff/bai_chongciyanwu_02_eff_03","transform":{"y":27.295,"skX":-179.17,"skY":-179.17,"x":47.905}},{"path":"bai_chongciyanwu_02_eff/bai_chongciyanwu_02_eff_05","type":"image","name":"bai_chongciyanwu_02_eff/bai_chongciyanwu_02_eff_05","transform":{"y":27.295,"skX":-179.17,"skY":-179.17,"x":47.905}},{"path":"bai_chongciyanwu_02_eff/bai_chongciyanwu_02_eff_07","type":"image","name":"bai_chongciyanwu_02_eff/bai_chongciyanwu_02_eff_07","transform":{"y":27.295,"skX":-179.17,"skY":-179.17,"x":47.905}},{"path":"bai_chongciyanwu_02_eff/bai_chongciyanwu_02_eff_09","type":"image","name":"bai_chongciyanwu_02_eff/bai_chongciyanwu_02_eff_09","transform":{"y":27.295,"skX":-179.17,"skY":-179.17,"x":47.905}},{"path":"bai_chongciyanwu_02_eff/bai_chongciyanwu_02_eff_11","type":"image","name":"bai_chongciyanwu_02_eff/bai_chongciyanwu_02_eff_11","transform":{"y":27.295,"skX":-179.17,"skY":-179.17,"x":47.905}}],"name":"bai_chongciyanwu_02_eff/bai_chongciyanwu_02_eff_01"},{"display":[{"path":"bai_chongciyanwu_01_eff/bai_chongciyanwu_01_eff_01","type":"image","name":"bai_chongciyanwu_01_eff/bai_chongciyanwu_01_eff_01","transform":{"y":10.735,"skX":-179.65,"skY":-179.65,"x":39.325}},{"path":"bai_chongciyanwu_01_eff/bai_chongciyanwu_01_eff_02","type":"image","name":"bai_chongciyanwu_01_eff/bai_chongciyanwu_01_eff_02","transform":{"y":10.735,"skX":-179.65,"skY":-179.65,"x":39.325}},{"path":"bai_chongciyanwu_01_eff/bai_chongciyanwu_01_eff_03","type":"image","name":"bai_chongciyanwu_01_eff/bai_chongciyanwu_01_eff_03","transform":{"y":10.735,"skX":-179.65,"skY":-179.65,"x":39.325}},{"path":"bai_chongciyanwu_01_eff/bai_chongciyanwu_01_eff_04","type":"image","name":"bai_chongciyanwu_01_eff/bai_chongciyanwu_01_eff_04","transform":{"y":10.735,"skX":-179.65,"skY":-179.65,"x":39.325}}],"blendMode":"add","name":"bai_chongciyanwu_01_eff/bai_chongciyanwu_01_eff_01"}],"name":""}],"slot":[{"name":"wj_005_saci_eff_pz","parent":"wj_005_saci_eff_pz","color":{}},{"blendMode":"add","z":1,"parent":"chongjibo","displayIndex":-1,"name":"chongjibo","color":{}},{"displayIndex":-1,"z":2,"name":"bai_chongciyanwu_02_eff/bai_chongciyanwu_02_eff_01","parent":"bai_chongciyanwu_02_eff/bai_chongciyanwu_02_eff_01","color":{}},{"displayIndex":-1,"z":3,"name":"paizi_eff/paizi01","parent":"paizi_eff/paizi01","color":{}},{"displayIndex":-1,"z":4,"name":"paizi_eff/paizi02","parent":"paizi_eff/paizi02","color":{}},{"displayIndex":-1,"z":5,"name":"paizi_eff/paizi03","parent":"paizi_eff/paizi03","color":{}},{"blendMode":"add","z":6,"parent":"bai_chongciyanwu_01_eff/bai_chongciyanwu_01_eff_01","displayIndex":-1,"name":"bai_chongciyanwu_01_eff/bai_chongciyanwu_01_eff_01","color":{}},{"displayIndex":-1,"z":7,"name":"luoxuan","parent":"luoxuan","color":{}},{"displayIndex":-1,"z":8,"name":"sc_luoxuanyanwu2/0_00000","parent":"sc_luoxuanyanwu2/0_00000","color":{}}],"name":"armatureName"}],"name":"wj_005_saci_eff","version":"4.0"}