{"frameRate":30,"isGlobal":0,"armature":[{"defaultActions":[{"gotoAndPlay":"animation"}],"animation":[{"frame":[],"duration":60,"slot":[{"frame":[{"curve":[0.115,0,1,0.94],"duration":15,"color":{"aM":0}},{"tweenEasing":null,"duration":30},{"tweenEasing":0,"duration":15},{"tweenEasing":null,"duration":0,"color":{"aM":0}}],"name":"background01"},{"frame":[{"tweenEasing":0,"duration":8,"color":{"aM":0}},{"tweenEasing":0,"duration":6},{"tweenEasing":0,"displayIndex":-1,"duration":1,"color":{"aM":0}},{"tweenEasing":0,"duration":7,"color":{"aM":0}},{"tweenEasing":0,"duration":8},{"tweenEasing":null,"displayIndex":-1,"duration":30,"color":{"aM":0}}],"name":"clouds/cloud02"},{"frame":[{"tweenEasing":0,"displayIndex":-1,"duration":2,"color":{"aM":0}},{"tweenEasing":0,"duration":7,"color":{"aM":0}},{"tweenEasing":0,"duration":7},{"tweenEasing":0,"displayIndex":-1,"duration":1,"color":{"aM":0}},{"tweenEasing":0,"duration":7,"color":{"aM":0}},{"tweenEasing":0,"duration":8},{"tweenEasing":null,"displayIndex":-1,"duration":28,"color":{"aM":0}}],"name":"clouds/cloud03"},{"frame":[{"tweenEasing":0,"displayIndex":-1,"duration":4,"color":{"aM":0}},{"tweenEasing":0,"duration":8,"color":{"aM":0}},{"tweenEasing":0,"duration":7},{"tweenEasing":0,"displayIndex":-1,"duration":1,"color":{"aM":0}},{"tweenEasing":0,"duration":8,"color":{"aM":0}},{"tweenEasing":0,"duration":8},{"tweenEasing":null,"displayIndex":-1,"duration":24,"color":{"aM":0}}],"name":"clouds/cloud07"},{"frame":[{"tweenEasing":0,"displayIndex":-1,"duration":7,"color":{"aM":0}},{"tweenEasing":0,"duration":7,"color":{"aM":0}},{"tweenEasing":0,"duration":9},{"tweenEasing":null,"displayIndex":-1,"duration":37,"color":{"aM":0}}],"name":"clouds/cloud08"},{"frame":[{"tweenEasing":null,"duration":23,"color":{"aM":0}},{"tweenEasing":0,"duration":7,"color":{"aM":0}},{"tweenEasing":null,"duration":15},{"tweenEasing":0,"duration":15},{"tweenEasing":null,"duration":0,"color":{"aM":0}}],"name":"guangyun"},{"frame":[{"tweenEasing":null,"duration":23,"color":{"bM":52,"rM":52,"aM":0,"gM":52}},{"tweenEasing":0,"duration":7,"color":{"bM":52,"rM":52,"aM":0,"gM":52}},{"tweenEasing":0,"duration":30,"color":{"bM":52,"rM":52,"gM":52}},{"tweenEasing":null,"duration":0,"color":{"bM":52,"rM":52,"aM":0,"gM":52}}],"name":"lanse"},{"frame":[{"tweenEasing":0,"duration":15,"color":{"aM":0}},{"tweenEasing":null,"duration":30},{"tweenEasing":0,"duration":15},{"tweenEasing":null,"duration":0,"color":{"aM":0}}],"name":"lansediban"},{"frame":[{"tweenEasing":null,"duration":23,"color":{"bM":3,"rM":23,"aM":0,"gM":15}},{"tweenEasing":0,"duration":7,"color":{"bM":3,"rM":23,"aM":0,"gM":15}},{"tweenEasing":0,"duration":30,"color":{"bM":3,"rM":23,"gM":15}},{"tweenEasing":null,"duration":0,"color":{"bM":3,"rM":23,"aM":0,"gM":15}}],"name":"quan2"},{"frame":[{"tweenEasing":null,"duration":23,"color":{"bM":7,"rM":25,"aM":0,"gM":12}},{"tweenEasing":0,"duration":7,"color":{"bM":7,"rM":25,"aM":0,"gM":12}},{"tweenEasing":0,"duration":30,"color":{"bM":7,"rM":25,"gM":12}},{"tweenEasing":null,"duration":0,"color":{"bM":7,"rM":25,"aM":0,"gM":12}}],"name":"quan3"},{"frame":[{"tweenEasing":null,"duration":23,"color":{"bM":12,"rM":7,"aM":0,"gM":23}},{"tweenEasing":0,"duration":7,"color":{"bM":12,"rM":7,"aM":0,"gM":23}},{"tweenEasing":0,"duration":30,"color":{"bM":12,"rM":7,"gM":23}},{"tweenEasing":null,"duration":0,"color":{"bM":12,"rM":7,"aM":0,"gM":23}}],"name":"quan4"},{"frame":[{"tweenEasing":null,"duration":23,"color":{"bM":3,"rM":18,"aM":0,"gM":9}},{"tweenEasing":0,"duration":7,"color":{"bM":3,"rM":18,"aM":0,"gM":9}},{"tweenEasing":0,"duration":30,"color":{"bM":3,"rM":18,"gM":9}},{"tweenEasing":null,"duration":0,"color":{"bM":3,"rM":18,"aM":0,"gM":9}}],"name":"quan5"},{"frame":[{"tweenEasing":null,"duration":23,"color":{"bM":0,"rM":23,"aM":0,"gM":13}},{"tweenEasing":0,"duration":7,"color":{"bM":0,"rM":23,"aM":0,"gM":13}},{"tweenEasing":0,"duration":30,"color":{"bM":0,"rM":23,"gM":13}},{"tweenEasing":null,"duration":0,"color":{"bM":0,"rM":23,"aM":0,"gM":13}}],"name":"quan6"},{"frame":[{"tweenEasing":null,"duration":23,"color":{"aM":0}},{"tweenEasing":0,"duration":7,"color":{"aM":0}},{"tweenEasing":0,"duration":30},{"tweenEasing":null,"duration":0,"color":{"aM":0}}],"name":"quan7"},{"frame":[{"tweenEasing":null,"duration":23,"color":{"bM":1,"rM":4,"aM":0,"gM":36}},{"tweenEasing":0,"duration":7,"color":{"bM":1,"rM":4,"aM":0,"gM":36}},{"tweenEasing":0,"duration":30,"color":{"bM":1,"rM":4,"gM":36}},{"tweenEasing":null,"duration":0,"color":{"bM":1,"rM":4,"aM":0,"gM":36}}],"name":"quan8"},{"frame":[{"tweenEasing":null,"duration":23,"color":{"bM":1,"rM":4,"aM":0,"gM":36}},{"tweenEasing":0,"duration":7,"color":{"bM":1,"rM":4,"aM":0,"gM":36}},{"tweenEasing":0,"duration":30,"color":{"bM":1,"rM":4,"gM":36}},{"tweenEasing":null,"duration":0,"color":{"bM":1,"rM":4,"aM":0,"gM":36}}],"name":"quan9"},{"frame":[{"tweenEasing":null,"duration":23,"color":{"bM":4,"rM":7,"aM":0,"gM":0}},{"tweenEasing":0,"duration":7,"color":{"bM":4,"rM":7,"aM":0,"gM":0}},{"tweenEasing":0,"duration":30,"color":{"bM":4,"rM":7,"gM":0}},{"tweenEasing":null,"duration":0,"color":{"bM":4,"rM":7,"aM":0,"gM":0}}],"name":"quan10"},{"frame":[{"tweenEasing":null,"duration":23,"color":{"bM":32,"rM":4,"aM":0,"gM":15}},{"tweenEasing":0,"duration":7,"color":{"bM":32,"rM":4,"aM":0,"gM":15}},{"tweenEasing":0,"duration":30,"color":{"bM":32,"rM":4,"gM":15}},{"tweenEasing":null,"duration":0,"color":{"bM":32,"rM":4,"aM":0,"gM":15}}],"name":"quan11"},{"frame":[{"tweenEasing":null,"duration":23,"color":{"bM":7,"rM":25,"aM":0,"gM":12}},{"tweenEasing":0,"duration":7,"color":{"bM":7,"rM":25,"aM":0,"gM":12}},{"tweenEasing":0,"duration":30,"color":{"bM":7,"rM":25,"gM":12}},{"tweenEasing":null,"duration":0,"color":{"bM":7,"rM":25,"aM":0,"gM":12}}],"name":"quan12"},{"frame":[{"tweenEasing":null,"duration":23,"color":{"aM":0}},{"tweenEasing":0,"duration":7,"color":{"aM":0}},{"tweenEasing":null,"duration":15},{"tweenEasing":0,"duration":15},{"tweenEasing":null,"duration":0,"color":{"aM":0}}],"name":"taiyang1"},{"frame":[{"tweenEasing":null,"duration":23,"color":{"aM":0}},{"tweenEasing":0,"duration":7,"color":{"aM":0}},{"tweenEasing":0,"duration":30},{"tweenEasing":null,"duration":0,"color":{"aM":0}}],"name":"taiyang2"}],"ffd":[],"bone":[{"frame":[{"curve":[0.115,0,1,0.94],"duration":30,"transform":{"y":124.28,"scX":4.49}},{"curve":[0,0.46,0.75,1],"duration":15,"transform":{"y":-367.625,"scX":1.34}},{"duration":15,"transform":{"y":-386.77,"scX":1.34}}],"name":"background01"},{"frame":[{"duration":20,"transform":{"y":-369.715,"x":-0.015}},{"curve":[0,0.355,0.5685,0.825],"duration":10,"transform":{"y":-369.715,"x":-0.015}},{"curve":[0.1265,0.52,0.768,1],"duration":30,"transform":{"y":-806.91,"skX":15.14,"skY":15.14,"x":-0.015}},{"duration":0,"transform":{"y":-814.635,"skX":30.71,"skY":30.71,"x":-0.015}}],"name":"taiyang2"},{"frame":[{"duration":7,"transform":{"scY":5.26,"y":-12.59,"scX":5.26,"x":-647.86}},{"tweenEasing":0,"duration":16,"transform":{"scY":5.26,"y":-12.59,"scX":5.26,"x":-647.86}},{"duration":37,"transform":{"scY":5.26,"y":-856.155,"scX":5.26,"x":-647.86}}],"name":"clouds/cloud08"},{"frame":[{"duration":4,"transform":{"scY":3.16,"y":100.165,"scX":3.16,"x":-279.44}},{"tweenEasing":0,"duration":15,"transform":{"scY":3.16,"y":100.165,"scX":3.16,"x":-279.44}},{"duration":1,"transform":{"scY":3.16,"y":-605.4,"scX":3.16,"x":-279.44}},{"tweenEasing":0,"duration":16,"transform":{"scY":3.16,"y":100.165,"scX":3.16,"x":-279.44}},{"duration":24,"transform":{"scY":3.16,"y":-605.4,"scX":3.16,"x":-279.44}}],"name":"clouds/cloud07"},{"frame":[{"duration":2,"transform":{"scY":2.84,"y":336.83,"scX":2.84,"x":-750.305}},{"tweenEasing":0,"duration":14,"transform":{"scY":2.84,"y":336.83,"scX":2.84,"x":-750.305}},{"duration":1,"transform":{"scY":2.84,"y":-452.05,"scX":2.84,"x":-750.305}},{"tweenEasing":0,"duration":15,"transform":{"scY":2.84,"y":336.83,"scX":2.84,"x":-750.305}},{"duration":28,"transform":{"scY":2.84,"y":-452.05,"scX":2.84,"x":-750.305}}],"name":"clouds/cloud03"},{"frame":[{"tweenEasing":0,"duration":14,"transform":{"scY":3.58,"y":491.22,"scX":3.58,"x":-479.235}},{"duration":1,"transform":{"scY":3.58,"y":-332.27,"scX":3.58,"x":-479.235}},{"tweenEasing":0,"duration":15,"transform":{"scY":3.58,"y":491.22,"scX":3.58,"x":-479.235}},{"duration":30,"transform":{"scY":3.58,"y":-332.27,"scX":3.58,"x":-479.235}}],"name":"clouds/cloud02"},{"frame":[{"tweenEasing":0,"duration":20,"transform":{}},{"curve":[0,0.1,0.9375,1],"duration":40,"transform":{}},{"duration":0,"transform":{"x":-42.91}}],"name":"quan12"},{"frame":[{"tweenEasing":0,"duration":20,"transform":{}},{"curve":[0,0.1,0.9375,1],"duration":40,"transform":{}},{"duration":0,"transform":{"x":-6.57}}],"name":"quan11"},{"frame":[{"tweenEasing":0,"duration":20,"transform":{}},{"curve":[0,0.1,0.9375,1],"duration":40,"transform":{}},{"duration":0,"transform":{"x":-77.16}}],"name":"quan5"},{"frame":[{"tweenEasing":0,"duration":20,"transform":{}},{"curve":[0,0.1,0.9375,1],"duration":40,"transform":{}},{"duration":0,"transform":{"scY":0.92,"scX":0.92,"x":-80.985}}],"name":"quan6"},{"frame":[{"tweenEasing":0,"duration":20,"transform":{}},{"curve":[0,0.1,0.9375,1],"duration":40,"transform":{}},{"duration":0,"transform":{"scY":1.11,"scX":1.11,"x":-71.93}}],"name":"quan3"},{"frame":[{"tweenEasing":0,"duration":20,"transform":{}},{"curve":[0,0.1,0.9375,1],"duration":40,"transform":{}},{"duration":0,"transform":{"scY":1.53,"scX":1.53,"x":-66.695}}],"name":"quan8"},{"frame":[{"tweenEasing":0,"duration":20,"transform":{}},{"curve":[0,0.1,0.9375,1],"duration":40,"transform":{}},{"duration":0,"transform":{"scY":1.4,"scX":1.4,"x":-80.88}}],"name":"quan4"},{"frame":[{"tweenEasing":0,"duration":20,"transform":{}},{"curve":[0,0.1,0.9375,1],"duration":40,"transform":{}},{"duration":0,"transform":{"scY":2.16,"scX":2.16,"x":-213.795}}],"name":"quan2"},{"frame":[{"tweenEasing":0,"duration":30,"transform":{}},{"tweenEasing":0,"duration":30,"transform":{}},{"duration":0,"transform":{"scX":0.63}}],"name":"guangyun"},{"frame":[{"tweenEasing":0,"duration":20,"transform":{}},{"tweenEasing":0,"duration":40,"transform":{}},{"duration":0,"transform":{"x":-36.98}}],"name":"quan9"},{"frame":[{"tweenEasing":0,"duration":30,"transform":{}},{"tweenEasing":0,"duration":15,"transform":{}},{"tweenEasing":0,"duration":15,"transform":{"scY":1.62,"scX":1.62}},{"duration":0,"transform":{"scY":1.4,"scX":1.4}}],"name":"taiyang1"},{"frame":[{"duration":60,"transform":{}}],"name":"root"},{"frame":[{"duration":60,"transform":{}}],"name":"lansediban"},{"frame":[{"duration":60,"transform":{}}],"name":"bone"},{"frame":[{"duration":60,"transform":{}}],"name":"lanse"},{"frame":[{"duration":60,"transform":{}}],"name":"quan7"},{"frame":[{"duration":60,"transform":{}}],"name":"quan10"}],"name":"animation","ik":[]}],"type":"Armature","frameRate":30,"ik":[],"bone":[{"name":"root","transform":{}},{"transform":{"y":284.265,"x":520.3},"name":"clouds/cloud07","parent":"root"},{"transform":{"y":763.05,"x":-106.28},"name":"taiyang2","parent":"root"},{"transform":{"y":444.405,"x":506.955},"name":"clouds/cloud08","parent":"root"},{"transform":{"y":-71.78,"x":526.375},"name":"clouds/cloud02","parent":"root"},{"transform":{"y":82.755,"x":521.635},"name":"clouds/cloud03","parent":"root"},{"length":91,"transform":{"y":373.66,"skX":89.47,"skY":89.47},"parent":"root","name":"background01"},{"transform":{"y":133.895,"x":-259.805},"name":"lansediban","parent":"root"},{"length":145,"transform":{"scY":2.138,"y":0.81,"skX":-145.32,"skY":-145.32,"scX":2.138,"x":-1.58},"parent":"taiyang2","name":"guangyun"},{"length":394,"transform":{"y":-8.45,"skX":31.87,"skY":31.87,"x":-1.415},"parent":"taiyang2","name":"bone"},{"transform":{"scY":2.738,"y":0.415,"scX":2.738,"x":-4.42},"name":"lanse","parent":"taiyang2"},{"transform":{"scY":2.084,"y":-5.745,"skX":-0.6,"skY":-0.6,"scX":2.084,"x":-1.885},"name":"taiyang1","parent":"taiyang2"},{"transform":{"scY":0.653,"skX":-90,"skY":-90,"scX":0.653,"x":204.135},"name":"quan3","parent":"bone"},{"transform":{"scY":1.411,"skX":-90,"skY":-90,"scX":1.411,"x":249.405},"name":"quan4","parent":"bone"},{"transform":{"scY":1.246,"skX":-90,"skY":-90,"scX":1.246,"x":187.305},"name":"quan5","parent":"bone"},{"transform":{"scY":1.844,"skX":-90,"skY":-90,"scX":1.844,"x":197.22},"name":"quan6","parent":"bone"},{"transform":{"scY":1.096,"skX":-90,"skY":-90,"scX":1.096,"x":1.08},"name":"quan7","parent":"bone"},{"transform":{"scY":0.362,"skX":-90,"skY":-90,"scX":0.362,"x":232.98},"name":"quan8","parent":"bone"},{"transform":{"scY":0.114,"skX":-90,"skY":-90,"scX":0.114,"x":130.315},"name":"quan9","parent":"bone"},{"transform":{"scY":5.021,"skX":-90,"skY":-90,"scX":5.021,"x":-4.835},"name":"quan10","parent":"bone"},{"transform":{"scY":0.697,"skX":-90,"skY":-90,"scX":0.697,"x":68.22},"name":"quan11","parent":"bone"},{"transform":{"scY":0.487,"skX":-90,"skY":-90,"scX":0.487,"x":112.645},"name":"quan12","parent":"bone"},{"transform":{"scY":1.911,"skX":-90,"skY":-90,"scX":1.911,"x":328.53},"name":"quan2","parent":"bone"}],"aabb":{"width":951.4959736833172,"y":-133.715,"height":1136.7767839834728,"x":-290.66097368331714},"skin":[{"slot":[{"display":[{"path":"clouds/cloud02","type":"image","name":"clouds/cloud02","transform":{"y":7.315,"x":-12.54}}],"name":"clouds/cloud02"},{"display":[{"path":"clouds/cloud08","type":"image","name":"clouds/cloud08","transform":{"x":9.34}}],"name":"clouds/cloud08"},{"display":[{"path":"quan2","type":"image","name":"quan2","transform":{}}],"blendMode":"add","name":"quan2"},{"display":[{"path":"quan3","type":"image","name":"quan3","transform":{}}],"blendMode":"add","name":"quan12"},{"display":[{"path":"quan4","type":"image","name":"quan4","transform":{}}],"blendMode":"add","name":"quan4"},{"display":[{"path":"taiyang1","type":"image","name":"taiyang1","transform":{"y":1.385,"x":-1.63}}],"blendMode":"add","name":"taiyang1"},{"display":[{"path":"quan3","type":"image","name":"quan3","transform":{}}],"blendMode":"add","name":"quan8"},{"display":[{"path":"guangyun","type":"image","name":"guangyun","transform":{"y":-0.995,"skX":-89.76,"skY":-89.76,"x":84.23}}],"blendMode":"add","name":"guangyun"},{"display":[{"path":"clouds/cloud03","type":"image","name":"clouds/cloud03","transform":{"y":-6.67,"x":-8.005}}],"name":"clouds/cloud03"},{"display":[{"path":"quan3","type":"image","name":"quan3","transform":{}}],"blendMode":"add","name":"quan10"},{"display":[{"path":"background01","type":"image","name":"background01","transform":{"scY":2.685,"skX":-89.48,"skY":-89.48,"scX":2.685}}],"name":"background01"},{"display":[{"path":"lansediban","type":"image","name":"lansediban","transform":{"scY":10.305,"y":-133.895,"scX":10.305,"x":259.805}}],"name":"lansediban"},{"display":[{"path":"quan3","type":"image","name":"quan3","transform":{}}],"blendMode":"add","name":"quan11"},{"display":[{"path":"quan3","type":"image","name":"quan3","transform":{}}],"blendMode":"add","name":"quan5"},{"display":[{"path":"lanse","type":"image","name":"lanse","transform":{"y":-0.69,"x":0.01}}],"blendMode":"add","name":"lanse"},{"display":[{"path":"quan3","type":"image","name":"quan3","transform":{}}],"blendMode":"add","name":"quan3"},{"display":[{"path":"quan3","type":"image","name":"quan3","transform":{}}],"blendMode":"add","name":"quan9"},{"display":[{"path":"quan2","type":"image","name":"quan2","transform":{}}],"blendMode":"add","name":"quan7"},{"display":[{"path":"clouds/cloud07","type":"image","name":"clouds/cloud07","transform":{"y":-8.005,"x":-17.345}}],"name":"clouds/cloud07"},{"display":[{"path":"quan3","type":"image","name":"quan3","transform":{}}],"blendMode":"add","name":"quan6"},{"display":[{"path":"taiyang2","type":"image","name":"taiyang2","transform":{}}],"blendMode":"add","name":"taiyang2"}],"name":""}],"slot":[{"name":"lansediban","parent":"lansediban","color":{}},{"z":1,"name":"background01","parent":"background01","color":{}},{"blendMode":"add","z":2,"parent":"lanse","name":"lanse","color":{"bM":53,"rM":53,"aM":40,"gM":53}},{"blendMode":"add","z":3,"parent":"quan2","name":"quan2","color":{"bM":3,"rM":23,"gM":16}},{"blendMode":"add","z":4,"parent":"quan7","name":"quan7","color":{"aM":27}},{"blendMode":"add","z":5,"parent":"quan3","name":"quan3","color":{"bM":8,"rM":25,"gM":12}},{"blendMode":"add","z":6,"parent":"quan12","name":"quan12","color":{"bM":8,"rM":25,"gM":12}},{"blendMode":"add","z":7,"parent":"quan5","name":"quan5","color":{"bM":4,"rM":19,"gM":10}},{"blendMode":"add","z":8,"parent":"quan11","name":"quan11","color":{"bM":33,"rM":4,"gM":16}},{"blendMode":"add","z":9,"parent":"quan10","name":"quan10","color":{"bM":5,"rM":7,"gM":0}},{"blendMode":"add","z":10,"parent":"quan6","name":"quan6","color":{"bM":0,"rM":23,"gM":14}},{"blendMode":"add","z":11,"parent":"quan8","name":"quan8","color":{"bM":2,"rM":5,"gM":37}},{"blendMode":"add","z":12,"parent":"quan9","name":"quan9","color":{"bM":2,"rM":5,"gM":37}},{"blendMode":"add","z":13,"parent":"quan4","name":"quan4","color":{"bM":13,"rM":8,"gM":23}},{"blendMode":"add","z":14,"parent":"taiyang2","name":"taiyang2","color":{}},{"blendMode":"add","z":15,"parent":"guangyun","name":"guangyun","color":{}},{"blendMode":"add","z":16,"parent":"taiyang1","name":"taiyang1","color":{"aM":22}},{"z":17,"name":"clouds/cloud02","parent":"clouds/cloud02","color":{}},{"z":18,"name":"clouds/cloud03","parent":"clouds/cloud03","color":{}},{"z":19,"name":"clouds/cloud07","parent":"clouds/cloud07","color":{}},{"z":20,"name":"clouds/cloud08","parent":"clouds/cloud08","color":{}}],"name":"armatureName"}],"name":"cao_guanghezuoyong_eff","version":"4.0"}