{"frameRate":30,"isGlobal":0,"armature":[{"defaultActions":[{"gotoAndPlay":"animation"}],"animation":[{"frame":[],"duration":800,"slot":[{"frame":[{"tweenEasing":null,"duration":800}],"name":"cm9"},{"frame":[{"tweenEasing":null,"duration":800}],"name":"cm5s2"}],"ffd":[],"bone":[{"frame":[{"tweenEasing":0,"duration":400,"transform":{}},{"tweenEasing":0,"duration":400,"transform":{"y":1.1,"x":16.525}},{"duration":0,"transform":{}}],"name":"cm3"},{"frame":[{"tweenEasing":0,"duration":400,"transform":{}},{"tweenEasing":0,"duration":400,"transform":{"y":1.1,"x":16.525}},{"duration":0,"transform":{}}],"name":"cm7"},{"frame":[{"tweenEasing":0,"duration":400,"transform":{}},{"tweenEasing":0,"duration":400,"transform":{"y":-4.405,"x":-18.73}},{"duration":0,"transform":{}}],"name":"cm2"},{"frame":[{"tweenEasing":0,"duration":400,"transform":{}},{"tweenEasing":0,"duration":400,"transform":{"y":1.1,"x":16.525}},{"duration":0,"transform":{}}],"name":"cm8"},{"frame":[{"tweenEasing":0,"duration":400,"transform":{}},{"tweenEasing":0,"duration":400,"transform":{"y":-4.405,"x":-18.73}},{"duration":0,"transform":{}}],"name":"cm6"},{"frame":[{"tweenEasing":0,"duration":400,"transform":{}},{"tweenEasing":0,"duration":400,"transform":{"y":-4.405,"x":-18.73}},{"duration":0,"transform":{}}],"name":"cm0"},{"frame":[{"tweenEasing":0,"duration":400,"transform":{}},{"tweenEasing":0,"duration":400,"transform":{"y":1.1,"x":16.525}},{"duration":0,"transform":{}}],"name":"cm4"},{"frame":[{"tweenEasing":0,"duration":400,"transform":{}},{"tweenEasing":0,"duration":400,"transform":{"y":1.1,"x":16.525}},{"duration":0,"transform":{}}],"name":"cm5"},{"frame":[{"tweenEasing":0,"duration":400,"transform":{}},{"tweenEasing":0,"duration":400,"transform":{"x":-10.235}},{"duration":0,"transform":{}}],"name":"cm9"},{"frame":[{"tweenEasing":0,"duration":400,"transform":{}},{"tweenEasing":0,"duration":400,"transform":{"x":17.655}},{"duration":0,"transform":{}}],"name":"cm10"},{"frame":[{"duration":800,"transform":{}}],"name":"root"},{"frame":[{"duration":800,"transform":{}}],"name":"cm5s2"},{"frame":[{"duration":800,"transform":{}}],"name":"cm2s"},{"frame":[{"duration":800,"transform":{}}],"name":"cm3s"},{"frame":[{"duration":800,"transform":{}}],"name":"cm4s"},{"frame":[{"duration":800,"transform":{}}],"name":"cm5s"},{"frame":[{"duration":800,"transform":{}}],"name":"cm0s"},{"frame":[{"duration":800,"transform":{}}],"name":"cm6s"},{"frame":[{"duration":800,"transform":{}}],"name":"cm7s"},{"frame":[{"duration":800,"transform":{}}],"name":"cm8s"},{"frame":[{"duration":800,"transform":{}}],"name":"cm8s2"}],"name":"animation","ik":[]},{"frame":[],"duration":800,"slot":[],"ffd":[],"bone":[{"frame":[{"tweenEasing":0,"duration":400,"transform":{}},{"tweenEasing":0,"duration":400,"transform":{"y":1.1,"x":16.525}},{"duration":0,"transform":{}}],"name":"cm3"},{"frame":[{"tweenEasing":0,"duration":400,"transform":{}},{"tweenEasing":0,"duration":400,"transform":{"y":1.1,"x":16.525}},{"duration":0,"transform":{}}],"name":"cm7"},{"frame":[{"tweenEasing":0,"duration":400,"transform":{}},{"tweenEasing":0,"duration":400,"transform":{"y":-4.405,"x":-18.73}},{"duration":0,"transform":{}}],"name":"cm2"},{"frame":[{"tweenEasing":0,"duration":400,"transform":{}},{"tweenEasing":0,"duration":400,"transform":{"y":1.1,"x":16.525}},{"duration":0,"transform":{}}],"name":"cm8"},{"frame":[{"tweenEasing":0,"duration":400,"transform":{}},{"tweenEasing":0,"duration":400,"transform":{"y":-4.405,"x":-18.73}},{"duration":0,"transform":{}}],"name":"cm6"},{"frame":[{"tweenEasing":0,"duration":400,"transform":{}},{"tweenEasing":0,"duration":400,"transform":{"y":-4.405,"x":-18.73}},{"duration":0,"transform":{}}],"name":"cm0"},{"frame":[{"tweenEasing":0,"duration":400,"transform":{}},{"tweenEasing":0,"duration":400,"transform":{"y":1.1,"x":16.525}},{"duration":0,"transform":{}}],"name":"cm4"},{"frame":[{"tweenEasing":0,"duration":400,"transform":{}},{"tweenEasing":0,"duration":400,"transform":{"y":1.1,"x":16.525}},{"duration":0,"transform":{}}],"name":"cm5"},{"frame":[{"tweenEasing":0,"duration":400,"transform":{}},{"tweenEasing":0,"duration":400,"transform":{"x":-10.235}},{"duration":0,"transform":{}}],"name":"cm9"},{"frame":[{"tweenEasing":0,"duration":400,"transform":{}},{"tweenEasing":0,"duration":400,"transform":{"x":11.035}},{"duration":0,"transform":{}}],"name":"cm10"},{"frame":[{"duration":800,"transform":{}}],"name":"root"},{"frame":[{"duration":800,"transform":{}}],"name":"cm5s2"},{"frame":[{"duration":800,"transform":{}}],"name":"cm2s"},{"frame":[{"duration":800,"transform":{}}],"name":"cm3s"},{"frame":[{"duration":800,"transform":{}}],"name":"cm4s"},{"frame":[{"duration":800,"transform":{}}],"name":"cm5s"},{"frame":[{"duration":800,"transform":{}}],"name":"cm0s"},{"frame":[{"duration":800,"transform":{}}],"name":"cm6s"},{"frame":[{"duration":800,"transform":{}}],"name":"cm7s"},{"frame":[{"duration":800,"transform":{}}],"name":"cm8s"},{"frame":[{"duration":800,"transform":{}}],"name":"cm8s2"}],"name":"animation2","ik":[]},{"frame":[],"duration":800,"slot":[{"frame":[{"tweenEasing":null,"displayIndex":-1,"duration":800}],"name":"cm3"},{"frame":[{"tweenEasing":null,"displayIndex":-1,"duration":800}],"name":"cm3s"}],"ffd":[],"bone":[{"frame":[{"tweenEasing":0,"duration":400,"transform":{}},{"tweenEasing":0,"duration":400,"transform":{"y":1.1,"x":16.525}},{"duration":0,"transform":{}}],"name":"cm3"},{"frame":[{"tweenEasing":0,"duration":400,"transform":{}},{"tweenEasing":0,"duration":400,"transform":{"y":1.1,"x":16.525}},{"duration":0,"transform":{}}],"name":"cm7"},{"frame":[{"tweenEasing":0,"duration":400,"transform":{}},{"tweenEasing":0,"duration":400,"transform":{"y":-4.405,"x":-18.73}},{"duration":0,"transform":{}}],"name":"cm2"},{"frame":[{"tweenEasing":0,"duration":400,"transform":{}},{"tweenEasing":0,"duration":400,"transform":{"y":1.1,"x":16.525}},{"duration":0,"transform":{}}],"name":"cm8"},{"frame":[{"tweenEasing":0,"duration":400,"transform":{}},{"tweenEasing":0,"duration":400,"transform":{"y":-4.405,"x":-18.73}},{"duration":0,"transform":{}}],"name":"cm6"},{"frame":[{"tweenEasing":0,"duration":400,"transform":{}},{"tweenEasing":0,"duration":400,"transform":{"y":-4.405,"x":-18.73}},{"duration":0,"transform":{}}],"name":"cm0"},{"frame":[{"tweenEasing":0,"duration":400,"transform":{}},{"tweenEasing":0,"duration":400,"transform":{"y":1.1,"x":16.525}},{"duration":0,"transform":{}}],"name":"cm4"},{"frame":[{"tweenEasing":0,"duration":400,"transform":{}},{"tweenEasing":0,"duration":400,"transform":{"y":1.1,"x":16.525}},{"duration":0,"transform":{}}],"name":"cm5"},{"frame":[{"tweenEasing":0,"duration":400,"transform":{}},{"tweenEasing":0,"duration":400,"transform":{"x":11.035}},{"duration":0,"transform":{}}],"name":"cm10"},{"frame":[{"duration":800,"transform":{}}],"name":"root"},{"frame":[{"duration":800,"transform":{}}],"name":"cm9"},{"frame":[{"duration":800,"transform":{}}],"name":"cm5s2"},{"frame":[{"duration":800,"transform":{}}],"name":"cm2s"},{"frame":[{"duration":800,"transform":{}}],"name":"cm3s"},{"frame":[{"duration":800,"transform":{}}],"name":"cm4s"},{"frame":[{"duration":800,"transform":{}}],"name":"cm5s"},{"frame":[{"duration":800,"transform":{}}],"name":"cm0s"},{"frame":[{"duration":800,"transform":{}}],"name":"cm6s"},{"frame":[{"duration":800,"transform":{}}],"name":"cm7s"},{"frame":[{"duration":800,"transform":{}}],"name":"cm8s"},{"frame":[{"duration":800,"transform":{}}],"name":"cm8s2"}],"name":"animation3","ik":[]},{"frame":[],"duration":800,"slot":[{"frame":[{"tweenEasing":null,"displayIndex":-1,"duration":800}],"name":"cm3"},{"frame":[{"tweenEasing":null,"displayIndex":-1,"duration":800}],"name":"cm6"},{"frame":[{"tweenEasing":null,"displayIndex":-1,"duration":800}],"name":"cm3s"},{"frame":[{"tweenEasing":null,"displayIndex":-1,"duration":800}],"name":"cm6s"}],"ffd":[],"bone":[{"frame":[{"tweenEasing":0,"duration":400,"transform":{}},{"tweenEasing":0,"duration":400,"transform":{"y":1.1,"x":16.525}},{"duration":0,"transform":{}}],"name":"cm3"},{"frame":[{"tweenEasing":0,"duration":400,"transform":{}},{"tweenEasing":0,"duration":400,"transform":{"y":1.1,"x":16.525}},{"duration":0,"transform":{}}],"name":"cm7"},{"frame":[{"tweenEasing":0,"duration":400,"transform":{}},{"tweenEasing":0,"duration":400,"transform":{"y":-4.405,"x":-18.73}},{"duration":0,"transform":{}}],"name":"cm2"},{"frame":[{"tweenEasing":0,"duration":400,"transform":{}},{"tweenEasing":0,"duration":400,"transform":{"y":1.1,"x":16.525}},{"duration":0,"transform":{}}],"name":"cm8"},{"frame":[{"tweenEasing":0,"duration":400,"transform":{}},{"tweenEasing":0,"duration":400,"transform":{"y":-4.405,"x":-18.73}},{"duration":0,"transform":{}}],"name":"cm6"},{"frame":[{"tweenEasing":0,"duration":400,"transform":{}},{"tweenEasing":0,"duration":400,"transform":{"y":-4.405,"x":-18.73}},{"duration":0,"transform":{}}],"name":"cm0"},{"frame":[{"tweenEasing":0,"duration":400,"transform":{}},{"tweenEasing":0,"duration":400,"transform":{"y":1.1,"x":16.525}},{"duration":0,"transform":{}}],"name":"cm4"},{"frame":[{"tweenEasing":0,"duration":400,"transform":{}},{"tweenEasing":0,"duration":400,"transform":{"y":1.1,"x":16.525}},{"duration":0,"transform":{}}],"name":"cm5"},{"frame":[{"tweenEasing":0,"duration":400,"transform":{}},{"tweenEasing":0,"duration":400,"transform":{"x":11.035}},{"duration":0,"transform":{}}],"name":"cm10"},{"frame":[{"duration":800,"transform":{}}],"name":"root"},{"frame":[{"duration":800,"transform":{}}],"name":"cm9"},{"frame":[{"duration":800,"transform":{}}],"name":"cm5s2"},{"frame":[{"duration":800,"transform":{}}],"name":"cm2s"},{"frame":[{"duration":800,"transform":{}}],"name":"cm3s"},{"frame":[{"duration":800,"transform":{}}],"name":"cm4s"},{"frame":[{"duration":800,"transform":{}}],"name":"cm5s"},{"frame":[{"duration":800,"transform":{}}],"name":"cm0s"},{"frame":[{"duration":800,"transform":{}}],"name":"cm6s"},{"frame":[{"duration":800,"transform":{}}],"name":"cm7s"},{"frame":[{"duration":800,"transform":{}}],"name":"cm8s"},{"frame":[{"duration":800,"transform":{}}],"name":"cm8s2"}],"name":"animation4","ik":[]},{"frame":[],"duration":800,"slot":[{"frame":[{"tweenEasing":null,"displayIndex":-1,"duration":800}],"name":"cm2"},{"frame":[{"tweenEasing":null,"displayIndex":-1,"duration":800}],"name":"cm3"},{"frame":[{"tweenEasing":null,"displayIndex":-1,"duration":800}],"name":"cm6"},{"frame":[{"tweenEasing":null,"displayIndex":-1,"duration":800}],"name":"cm8"},{"frame":[{"tweenEasing":null,"displayIndex":-1,"duration":800}],"name":"cm2s"},{"frame":[{"tweenEasing":null,"displayIndex":-1,"duration":800}],"name":"cm3s"},{"frame":[{"tweenEasing":null,"displayIndex":-1,"duration":800}],"name":"cm6s"},{"frame":[{"tweenEasing":null,"displayIndex":-1,"duration":800}],"name":"cm8s"}],"ffd":[],"bone":[{"frame":[{"tweenEasing":0,"duration":400,"transform":{}},{"tweenEasing":0,"duration":400,"transform":{"y":1.1,"x":16.525}},{"duration":0,"transform":{}}],"name":"cm3"},{"frame":[{"tweenEasing":0,"duration":400,"transform":{}},{"tweenEasing":0,"duration":400,"transform":{"y":1.1,"x":16.525}},{"duration":0,"transform":{}}],"name":"cm7"},{"frame":[{"tweenEasing":0,"duration":400,"transform":{}},{"tweenEasing":0,"duration":400,"transform":{"y":-4.405,"x":-18.73}},{"duration":0,"transform":{}}],"name":"cm2"},{"frame":[{"tweenEasing":0,"duration":400,"transform":{}},{"tweenEasing":0,"duration":400,"transform":{"y":1.1,"x":16.525}},{"duration":0,"transform":{}}],"name":"cm8"},{"frame":[{"tweenEasing":0,"duration":400,"transform":{}},{"tweenEasing":0,"duration":400,"transform":{"y":-4.405,"x":-18.73}},{"duration":0,"transform":{}}],"name":"cm6"},{"frame":[{"tweenEasing":0,"duration":400,"transform":{}},{"tweenEasing":0,"duration":400,"transform":{"y":-4.405,"x":-18.73}},{"duration":0,"transform":{}}],"name":"cm0"},{"frame":[{"tweenEasing":0,"duration":400,"transform":{}},{"tweenEasing":0,"duration":400,"transform":{"y":1.1,"x":16.525}},{"duration":0,"transform":{}}],"name":"cm4"},{"frame":[{"tweenEasing":0,"duration":400,"transform":{}},{"tweenEasing":0,"duration":400,"transform":{"y":1.1,"x":16.525}},{"duration":0,"transform":{}}],"name":"cm5"},{"frame":[{"tweenEasing":0,"duration":400,"transform":{}},{"tweenEasing":0,"duration":400,"transform":{"x":11.035}},{"duration":0,"transform":{}}],"name":"cm10"},{"frame":[{"duration":800,"transform":{}}],"name":"root"},{"frame":[{"duration":800,"transform":{}}],"name":"cm9"},{"frame":[{"duration":800,"transform":{}}],"name":"cm5s2"},{"frame":[{"duration":800,"transform":{}}],"name":"cm2s"},{"frame":[{"duration":800,"transform":{}}],"name":"cm3s"},{"frame":[{"duration":800,"transform":{}}],"name":"cm4s"},{"frame":[{"duration":800,"transform":{}}],"name":"cm5s"},{"frame":[{"duration":800,"transform":{}}],"name":"cm0s"},{"frame":[{"duration":800,"transform":{}}],"name":"cm6s"},{"frame":[{"duration":800,"transform":{}}],"name":"cm7s"},{"frame":[{"duration":800,"transform":{}}],"name":"cm8s"},{"frame":[{"duration":800,"transform":{}}],"name":"cm8s2"}],"name":"animation5","ik":[]},{"frame":[],"duration":800,"slot":[{"frame":[{"tweenEasing":null,"displayIndex":-1,"duration":800}],"name":"cm2"},{"frame":[{"tweenEasing":null,"displayIndex":-1,"duration":800}],"name":"cm3"},{"frame":[{"tweenEasing":null,"displayIndex":-1,"duration":800}],"name":"cm6"},{"frame":[{"tweenEasing":null,"displayIndex":-1,"duration":800}],"name":"cm7"},{"frame":[{"tweenEasing":null,"displayIndex":-1,"duration":800}],"name":"cm8"},{"frame":[{"tweenEasing":null,"displayIndex":-1,"duration":800}],"name":"cm2s"},{"frame":[{"tweenEasing":null,"displayIndex":-1,"duration":800}],"name":"cm3s"},{"frame":[{"tweenEasing":null,"displayIndex":-1,"duration":800}],"name":"cm6s"},{"frame":[{"tweenEasing":null,"displayIndex":-1,"duration":800}],"name":"cm7s"},{"frame":[{"tweenEasing":null,"displayIndex":-1,"duration":800}],"name":"cm8s"}],"ffd":[],"bone":[{"frame":[{"tweenEasing":0,"duration":400,"transform":{}},{"tweenEasing":0,"duration":400,"transform":{"y":1.1,"x":16.525}},{"duration":0,"transform":{}}],"name":"cm3"},{"frame":[{"tweenEasing":0,"duration":400,"transform":{}},{"tweenEasing":0,"duration":400,"transform":{"y":1.1,"x":16.525}},{"duration":0,"transform":{}}],"name":"cm7"},{"frame":[{"tweenEasing":0,"duration":400,"transform":{}},{"tweenEasing":0,"duration":400,"transform":{"y":-4.405,"x":-18.73}},{"duration":0,"transform":{}}],"name":"cm2"},{"frame":[{"tweenEasing":0,"duration":400,"transform":{}},{"tweenEasing":0,"duration":400,"transform":{"y":1.1,"x":16.525}},{"duration":0,"transform":{}}],"name":"cm8"},{"frame":[{"tweenEasing":0,"duration":400,"transform":{}},{"tweenEasing":0,"duration":400,"transform":{"y":-4.405,"x":-18.73}},{"duration":0,"transform":{}}],"name":"cm6"},{"frame":[{"tweenEasing":0,"duration":400,"transform":{}},{"tweenEasing":0,"duration":400,"transform":{"y":-4.405,"x":-18.73}},{"duration":0,"transform":{}}],"name":"cm0"},{"frame":[{"tweenEasing":0,"duration":400,"transform":{}},{"tweenEasing":0,"duration":400,"transform":{"y":1.1,"x":16.525}},{"duration":0,"transform":{}}],"name":"cm4"},{"frame":[{"tweenEasing":0,"duration":400,"transform":{}},{"tweenEasing":0,"duration":400,"transform":{"y":1.1,"x":16.525}},{"duration":0,"transform":{}}],"name":"cm5"},{"frame":[{"tweenEasing":0,"duration":400,"transform":{}},{"tweenEasing":0,"duration":400,"transform":{"x":11.035}},{"duration":0,"transform":{}}],"name":"cm10"},{"frame":[{"duration":800,"transform":{}}],"name":"root"},{"frame":[{"duration":800,"transform":{}}],"name":"cm9"},{"frame":[{"duration":800,"transform":{}}],"name":"cm5s2"},{"frame":[{"duration":800,"transform":{}}],"name":"cm2s"},{"frame":[{"duration":800,"transform":{}}],"name":"cm3s"},{"frame":[{"duration":800,"transform":{}}],"name":"cm4s"},{"frame":[{"duration":800,"transform":{}}],"name":"cm5s"},{"frame":[{"duration":800,"transform":{}}],"name":"cm0s"},{"frame":[{"duration":800,"transform":{}}],"name":"cm6s"},{"frame":[{"duration":800,"transform":{}}],"name":"cm7s"},{"frame":[{"duration":800,"transform":{}}],"name":"cm8s"},{"frame":[{"duration":800,"transform":{}}],"name":"cm8s2"}],"name":"animation6","ik":[]},{"frame":[],"duration":800,"slot":[{"frame":[{"tweenEasing":null,"displayIndex":-1,"duration":800}],"name":"cm2"},{"frame":[{"tweenEasing":null,"displayIndex":-1,"duration":800}],"name":"cm3"},{"frame":[{"tweenEasing":null,"displayIndex":-1,"duration":800}],"name":"cm4"},{"frame":[{"tweenEasing":null,"displayIndex":-1,"duration":800}],"name":"cm6"},{"frame":[{"tweenEasing":null,"displayIndex":-1,"duration":800}],"name":"cm7"},{"frame":[{"tweenEasing":null,"displayIndex":-1,"duration":800}],"name":"cm8"},{"frame":[{"tweenEasing":null,"displayIndex":-1,"duration":800}],"name":"cm2s"},{"frame":[{"tweenEasing":null,"displayIndex":-1,"duration":800}],"name":"cm3s"},{"frame":[{"tweenEasing":null,"displayIndex":-1,"duration":800}],"name":"cm4s"},{"frame":[{"tweenEasing":null,"displayIndex":-1,"duration":800}],"name":"cm6s"},{"frame":[{"tweenEasing":null,"displayIndex":-1,"duration":800}],"name":"cm7s"},{"frame":[{"tweenEasing":null,"displayIndex":-1,"duration":800}],"name":"cm8s"}],"ffd":[],"bone":[{"frame":[{"tweenEasing":0,"duration":400,"transform":{}},{"tweenEasing":0,"duration":400,"transform":{"y":1.1,"x":16.525}},{"duration":0,"transform":{}}],"name":"cm3"},{"frame":[{"tweenEasing":0,"duration":400,"transform":{}},{"tweenEasing":0,"duration":400,"transform":{"y":1.1,"x":16.525}},{"duration":0,"transform":{}}],"name":"cm7"},{"frame":[{"tweenEasing":0,"duration":400,"transform":{}},{"tweenEasing":0,"duration":400,"transform":{"y":-4.405,"x":-18.73}},{"duration":0,"transform":{}}],"name":"cm2"},{"frame":[{"tweenEasing":0,"duration":400,"transform":{}},{"tweenEasing":0,"duration":400,"transform":{"y":1.1,"x":16.525}},{"duration":0,"transform":{}}],"name":"cm8"},{"frame":[{"tweenEasing":0,"duration":400,"transform":{}},{"tweenEasing":0,"duration":400,"transform":{"y":-4.405,"x":-18.73}},{"duration":0,"transform":{}}],"name":"cm6"},{"frame":[{"tweenEasing":0,"duration":400,"transform":{}},{"tweenEasing":0,"duration":400,"transform":{"y":-4.405,"x":-18.73}},{"duration":0,"transform":{}}],"name":"cm0"},{"frame":[{"tweenEasing":0,"duration":400,"transform":{}},{"tweenEasing":0,"duration":400,"transform":{"y":1.1,"x":16.525}},{"duration":0,"transform":{}}],"name":"cm4"},{"frame":[{"tweenEasing":0,"duration":400,"transform":{}},{"tweenEasing":0,"duration":400,"transform":{"y":1.1,"x":16.525}},{"duration":0,"transform":{}}],"name":"cm5"},{"frame":[{"tweenEasing":0,"duration":400,"transform":{}},{"tweenEasing":0,"duration":400,"transform":{"x":11.035}},{"duration":0,"transform":{}}],"name":"cm10"},{"frame":[{"duration":800,"transform":{}}],"name":"root"},{"frame":[{"duration":800,"transform":{}}],"name":"cm9"},{"frame":[{"duration":800,"transform":{}}],"name":"cm5s2"},{"frame":[{"duration":800,"transform":{}}],"name":"cm2s"},{"frame":[{"duration":800,"transform":{}}],"name":"cm3s"},{"frame":[{"duration":800,"transform":{}}],"name":"cm4s"},{"frame":[{"duration":800,"transform":{}}],"name":"cm5s"},{"frame":[{"duration":800,"transform":{}}],"name":"cm0s"},{"frame":[{"duration":800,"transform":{}}],"name":"cm6s"},{"frame":[{"duration":800,"transform":{}}],"name":"cm7s"},{"frame":[{"duration":800,"transform":{}}],"name":"cm8s"},{"frame":[{"duration":800,"transform":{}}],"name":"cm8s2"}],"name":"animation7","ik":[]},{"frame":[],"duration":800,"slot":[{"frame":[{"tweenEasing":null,"displayIndex":-1,"duration":800}],"name":"cm0"},{"frame":[{"tweenEasing":null,"displayIndex":-1,"duration":800}],"name":"cm2"},{"frame":[{"tweenEasing":null,"displayIndex":-1,"duration":800}],"name":"cm3"},{"frame":[{"tweenEasing":null,"displayIndex":-1,"duration":800}],"name":"cm4"},{"frame":[{"tweenEasing":null,"displayIndex":-1,"duration":800}],"name":"cm6"},{"frame":[{"tweenEasing":null,"displayIndex":-1,"duration":800}],"name":"cm7"},{"frame":[{"tweenEasing":null,"displayIndex":-1,"duration":800}],"name":"cm8"},{"frame":[{"tweenEasing":null,"displayIndex":-1,"duration":800}],"name":"cm0s"},{"frame":[{"tweenEasing":null,"displayIndex":-1,"duration":800}],"name":"cm2s"},{"frame":[{"tweenEasing":null,"displayIndex":-1,"duration":800}],"name":"cm3s"},{"frame":[{"tweenEasing":null,"displayIndex":-1,"duration":800}],"name":"cm4s"},{"frame":[{"tweenEasing":null,"displayIndex":-1,"duration":800}],"name":"cm6s"},{"frame":[{"tweenEasing":null,"displayIndex":-1,"duration":800}],"name":"cm7s"},{"frame":[{"tweenEasing":null,"displayIndex":-1,"duration":800}],"name":"cm8s"}],"ffd":[],"bone":[{"frame":[{"tweenEasing":0,"duration":400,"transform":{}},{"tweenEasing":0,"duration":400,"transform":{"y":1.1,"x":16.525}},{"duration":0,"transform":{}}],"name":"cm3"},{"frame":[{"tweenEasing":0,"duration":400,"transform":{}},{"tweenEasing":0,"duration":400,"transform":{"y":1.1,"x":16.525}},{"duration":0,"transform":{}}],"name":"cm7"},{"frame":[{"tweenEasing":0,"duration":400,"transform":{}},{"tweenEasing":0,"duration":400,"transform":{"y":-4.405,"x":-18.73}},{"duration":0,"transform":{}}],"name":"cm2"},{"frame":[{"tweenEasing":0,"duration":400,"transform":{}},{"tweenEasing":0,"duration":400,"transform":{"y":1.1,"x":16.525}},{"duration":0,"transform":{}}],"name":"cm8"},{"frame":[{"tweenEasing":0,"duration":400,"transform":{}},{"tweenEasing":0,"duration":400,"transform":{"y":-4.405,"x":-18.73}},{"duration":0,"transform":{}}],"name":"cm6"},{"frame":[{"tweenEasing":0,"duration":400,"transform":{}},{"tweenEasing":0,"duration":400,"transform":{"y":-4.405,"x":-18.73}},{"duration":0,"transform":{}}],"name":"cm0"},{"frame":[{"tweenEasing":0,"duration":400,"transform":{}},{"tweenEasing":0,"duration":400,"transform":{"y":1.1,"x":16.525}},{"duration":0,"transform":{}}],"name":"cm4"},{"frame":[{"tweenEasing":0,"duration":400,"transform":{}},{"tweenEasing":0,"duration":400,"transform":{"y":1.1,"x":16.525}},{"duration":0,"transform":{}}],"name":"cm5"},{"frame":[{"duration":800,"transform":{}}],"name":"root"},{"frame":[{"duration":800,"transform":{}}],"name":"cm9"},{"frame":[{"duration":800,"transform":{}}],"name":"cm10"},{"frame":[{"duration":800,"transform":{}}],"name":"cm5s2"},{"frame":[{"duration":800,"transform":{}}],"name":"cm2s"},{"frame":[{"duration":800,"transform":{}}],"name":"cm3s"},{"frame":[{"duration":800,"transform":{}}],"name":"cm4s"},{"frame":[{"duration":800,"transform":{}}],"name":"cm5s"},{"frame":[{"duration":800,"transform":{}}],"name":"cm0s"},{"frame":[{"duration":800,"transform":{}}],"name":"cm6s"},{"frame":[{"duration":800,"transform":{}}],"name":"cm7s"},{"frame":[{"duration":800,"transform":{}}],"name":"cm8s"},{"frame":[{"duration":800,"transform":{}}],"name":"cm8s2"}],"name":"animation8","ik":[]},{"frame":[],"duration":800,"slot":[{"frame":[{"tweenEasing":null,"displayIndex":-1,"duration":800}],"name":"cm0"},{"frame":[{"tweenEasing":null,"displayIndex":-1,"duration":800}],"name":"cm2"},{"frame":[{"tweenEasing":null,"displayIndex":-1,"duration":800}],"name":"cm3"},{"frame":[{"tweenEasing":null,"displayIndex":-1,"duration":800}],"name":"cm4"},{"frame":[{"tweenEasing":null,"displayIndex":-1,"duration":800}],"name":"cm5"},{"frame":[{"tweenEasing":null,"displayIndex":-1,"duration":800}],"name":"cm6"},{"frame":[{"tweenEasing":null,"displayIndex":-1,"duration":800}],"name":"cm7"},{"frame":[{"tweenEasing":null,"displayIndex":-1,"duration":800}],"name":"cm8"},{"frame":[{"tweenEasing":null,"displayIndex":-1,"duration":800}],"name":"cm0s"},{"frame":[{"tweenEasing":null,"displayIndex":-1,"duration":800}],"name":"cm2s"},{"frame":[{"tweenEasing":null,"displayIndex":-1,"duration":800}],"name":"cm3s"},{"frame":[{"tweenEasing":null,"displayIndex":-1,"duration":800}],"name":"cm4s"},{"frame":[{"tweenEasing":null,"displayIndex":-1,"duration":800}],"name":"cm5s"},{"frame":[{"tweenEasing":null,"displayIndex":-1,"duration":800}],"name":"cm6s"},{"frame":[{"tweenEasing":null,"displayIndex":-1,"duration":800}],"name":"cm7s"},{"frame":[{"tweenEasing":null,"displayIndex":-1,"duration":800}],"name":"cm8s"}],"ffd":[],"bone":[{"frame":[{"tweenEasing":0,"duration":400,"transform":{}},{"tweenEasing":0,"duration":400,"transform":{"y":1.1,"x":16.525}},{"duration":0,"transform":{}}],"name":"cm3"},{"frame":[{"tweenEasing":0,"duration":400,"transform":{}},{"tweenEasing":0,"duration":400,"transform":{"y":1.1,"x":16.525}},{"duration":0,"transform":{}}],"name":"cm7"},{"frame":[{"tweenEasing":0,"duration":400,"transform":{}},{"tweenEasing":0,"duration":400,"transform":{"y":-4.405,"x":-18.73}},{"duration":0,"transform":{}}],"name":"cm2"},{"frame":[{"tweenEasing":0,"duration":400,"transform":{}},{"tweenEasing":0,"duration":400,"transform":{"y":1.1,"x":16.525}},{"duration":0,"transform":{}}],"name":"cm8"},{"frame":[{"tweenEasing":0,"duration":400,"transform":{}},{"tweenEasing":0,"duration":400,"transform":{"y":-4.405,"x":-18.73}},{"duration":0,"transform":{}}],"name":"cm6"},{"frame":[{"tweenEasing":0,"duration":400,"transform":{}},{"tweenEasing":0,"duration":400,"transform":{"y":-4.405,"x":-18.73}},{"duration":0,"transform":{}}],"name":"cm0"},{"frame":[{"tweenEasing":0,"duration":400,"transform":{}},{"tweenEasing":0,"duration":400,"transform":{"y":1.1,"x":16.525}},{"duration":0,"transform":{}}],"name":"cm4"},{"frame":[{"tweenEasing":0,"duration":400,"transform":{}},{"tweenEasing":0,"duration":400,"transform":{"y":1.1,"x":16.525}},{"duration":0,"transform":{}}],"name":"cm5"},{"frame":[{"tweenEasing":0,"duration":400,"transform":{}},{"tweenEasing":0,"duration":400,"transform":{"x":11.035}},{"duration":0,"transform":{}}],"name":"cm10"},{"frame":[{"duration":800,"transform":{}}],"name":"root"},{"frame":[{"duration":800,"transform":{}}],"name":"cm9"},{"frame":[{"duration":800,"transform":{}}],"name":"cm5s2"},{"frame":[{"duration":800,"transform":{}}],"name":"cm2s"},{"frame":[{"duration":800,"transform":{}}],"name":"cm3s"},{"frame":[{"duration":800,"transform":{}}],"name":"cm4s"},{"frame":[{"duration":800,"transform":{}}],"name":"cm5s"},{"frame":[{"duration":800,"transform":{}}],"name":"cm0s"},{"frame":[{"duration":800,"transform":{}}],"name":"cm6s"},{"frame":[{"duration":800,"transform":{}}],"name":"cm7s"},{"frame":[{"duration":800,"transform":{}}],"name":"cm8s"},{"frame":[{"duration":800,"transform":{}}],"name":"cm8s2"}],"name":"animation9","ik":[]},{"frame":[],"duration":800,"slot":[{"frame":[{"tweenEasing":null,"displayIndex":-1,"duration":800}],"name":"cm0"},{"frame":[{"tweenEasing":null,"displayIndex":-1,"duration":800}],"name":"cm2"},{"frame":[{"tweenEasing":null,"displayIndex":-1,"duration":800}],"name":"cm3"},{"frame":[{"tweenEasing":null,"displayIndex":-1,"duration":800}],"name":"cm4"},{"frame":[{"tweenEasing":null,"displayIndex":-1,"duration":800}],"name":"cm5"},{"frame":[{"tweenEasing":null,"displayIndex":-1,"duration":800}],"name":"cm6"},{"frame":[{"tweenEasing":null,"displayIndex":-1,"duration":800}],"name":"cm7"},{"frame":[{"tweenEasing":null,"displayIndex":-1,"duration":800}],"name":"cm8"},{"frame":[{"tweenEasing":null,"displayIndex":-1,"duration":800}],"name":"cm10"},{"frame":[{"tweenEasing":null,"displayIndex":-1,"duration":800}],"name":"cm0s"},{"frame":[{"tweenEasing":null,"displayIndex":-1,"duration":800}],"name":"cm2s"},{"frame":[{"tweenEasing":null,"displayIndex":-1,"duration":800}],"name":"cm3s"},{"frame":[{"tweenEasing":null,"displayIndex":-1,"duration":800}],"name":"cm4s"},{"frame":[{"tweenEasing":null,"displayIndex":-1,"duration":800}],"name":"cm5s"},{"frame":[{"tweenEasing":null,"displayIndex":-1,"duration":800}],"name":"cm6s"},{"frame":[{"tweenEasing":null,"displayIndex":-1,"duration":800}],"name":"cm7s"},{"frame":[{"tweenEasing":null,"displayIndex":-1,"duration":800}],"name":"cm8s"},{"frame":[{"tweenEasing":null,"displayIndex":-1,"duration":800}],"name":"cm8s2"}],"ffd":[],"bone":[{"frame":[{"tweenEasing":0,"duration":400,"transform":{}},{"tweenEasing":0,"duration":400,"transform":{"y":1.1,"x":16.525}},{"duration":0,"transform":{}}],"name":"cm3"},{"frame":[{"tweenEasing":0,"duration":400,"transform":{}},{"tweenEasing":0,"duration":400,"transform":{"y":1.1,"x":16.525}},{"duration":0,"transform":{}}],"name":"cm7"},{"frame":[{"tweenEasing":0,"duration":400,"transform":{}},{"tweenEasing":0,"duration":400,"transform":{"y":-4.405,"x":-18.73}},{"duration":0,"transform":{}}],"name":"cm2"},{"frame":[{"tweenEasing":0,"duration":400,"transform":{}},{"tweenEasing":0,"duration":400,"transform":{"y":1.1,"x":16.525}},{"duration":0,"transform":{}}],"name":"cm8"},{"frame":[{"tweenEasing":0,"duration":400,"transform":{}},{"tweenEasing":0,"duration":400,"transform":{"y":-4.405,"x":-18.73}},{"duration":0,"transform":{}}],"name":"cm6"},{"frame":[{"tweenEasing":0,"duration":400,"transform":{}},{"tweenEasing":0,"duration":400,"transform":{"y":-4.405,"x":-18.73}},{"duration":0,"transform":{}}],"name":"cm0"},{"frame":[{"tweenEasing":0,"duration":400,"transform":{}},{"tweenEasing":0,"duration":400,"transform":{"y":1.1,"x":16.525}},{"duration":0,"transform":{}}],"name":"cm4"},{"frame":[{"tweenEasing":0,"duration":400,"transform":{}},{"tweenEasing":0,"duration":400,"transform":{"y":1.1,"x":16.525}},{"duration":0,"transform":{}}],"name":"cm5"},{"frame":[{"tweenEasing":0,"duration":400,"transform":{}},{"tweenEasing":0,"duration":400,"transform":{"x":11.035}},{"duration":0,"transform":{}}],"name":"cm10"},{"frame":[{"duration":800,"transform":{}}],"name":"root"},{"frame":[{"duration":800,"transform":{}}],"name":"cm9"},{"frame":[{"duration":800,"transform":{}}],"name":"cm5s2"},{"frame":[{"duration":800,"transform":{}}],"name":"cm2s"},{"frame":[{"duration":800,"transform":{}}],"name":"cm3s"},{"frame":[{"duration":800,"transform":{}}],"name":"cm4s"},{"frame":[{"duration":800,"transform":{}}],"name":"cm5s"},{"frame":[{"duration":800,"transform":{}}],"name":"cm0s"},{"frame":[{"duration":800,"transform":{}}],"name":"cm6s"},{"frame":[{"duration":800,"transform":{}}],"name":"cm7s"},{"frame":[{"duration":800,"transform":{}}],"name":"cm8s"},{"frame":[{"duration":800,"transform":{}}],"name":"cm8s2"}],"name":"animation10","ik":[]}],"type":"Armature","frameRate":30,"ik":[],"bone":[{"name":"root","transform":{}},{"transform":{"y":-359.235,"x":799.555},"name":"cm0","parent":"root"},{"transform":{"y":-459.715,"x":454.185},"name":"cm2","parent":"root"},{"transform":{"scY":0.869,"y":-227.41,"scX":0.869,"x":260.87},"name":"cm3","parent":"root"},{"transform":{"y":-212.775,"x":840.2},"name":"cm4","parent":"root"},{"transform":{"y":-435.86,"x":922.415},"name":"cm5","parent":"root"},{"transform":{"y":-298.825,"x":567.145},"name":"cm6","parent":"root"},{"transform":{"y":-132.775,"x":561.03},"name":"cm7","parent":"root"},{"transform":{"y":-412.275,"x":547.735},"name":"cm8","parent":"root"},{"transform":{"y":-349.15,"x":333.6},"name":"cm9","parent":"root"},{"transform":{"y":-300.03,"x":990.975},"name":"cm10","parent":"root"},{"transform":{"y":28.42,"x":-11.05},"name":"cm0s","parent":"cm0"},{"transform":{"y":36.315,"x":-11.05},"name":"cm2s","parent":"cm2"},{"transform":{"y":77.865,"x":-50.38},"name":"cm3s","parent":"cm3"},{"transform":{"y":80.53,"x":1.575},"name":"cm4s","parent":"cm4"},{"transform":{"y":32.37,"x":-18.155},"name":"cm5s","parent":"cm5"},{"transform":{"y":40.945,"x":-10.42},"name":"cm5s2","parent":"cm9"},{"transform":{"y":54.475,"x":-7.105},"name":"cm6s","parent":"cm6"},{"transform":{"y":79.74,"x":-9.47},"name":"cm7s","parent":"cm7"},{"transform":{"y":34.735,"x":-22.105},"name":"cm8s","parent":"cm8"},{"transform":{"y":34.735,"x":-22.105},"name":"cm8s2","parent":"cm10"}],"aabb":{"width":913.2204800000001,"y":-478.525,"height":478.61499999999995,"x":115.92952000000002},"skin":[{"slot":[{"display":[{"path":"cm8s","type":"image","name":"cm8s","transform":{"scY":1.764,"y":-1.105,"scX":1.764,"x":-9.575}}],"name":"cm8s"},{"display":[{"path":"cm4","type":"image","name":"cm4","transform":{"scY":1.519,"y":9.41,"scX":1.832,"x":-48.955}}],"name":"cm4"},{"display":[{"path":"cm0s","type":"image","name":"cm0s","transform":{"scY":1.311,"y":48.555,"scX":1.311,"x":-3.435}}],"name":"cm0s"},{"display":[{"path":"cm6s","type":"image","name":"cm6s","transform":{"scY":1.56,"y":2.9,"scX":1.56,"x":4.65}}],"name":"cm6s"},{"display":[{"path":"cm3","type":"image","name":"cm3","transform":{"scY":1.849,"y":-25.935,"scX":1.849,"x":3.435}}],"name":"cm3"},{"display":[{"path":"cm4s","type":"image","name":"cm4s","transform":{"scY":1.519,"y":-7.22,"scX":1.832,"x":-32.24}}],"name":"cm4s"},{"display":[{"path":"cm5","type":"image","name":"cm5","transform":{"scY":1.502,"y":17.205,"scX":1.502,"x":13.935}}],"name":"cm9"},{"display":[{"path":"cm3s","type":"image","name":"cm3s","transform":{"scY":1.849,"y":-25.71,"scX":1.849,"x":10.46}}],"name":"cm3s"},{"display":[{"path":"cm5s","type":"image","name":"cm5s","transform":{"scY":1.502,"y":-1.915,"scX":1.502,"x":12.93}}],"name":"cm5s2"},{"display":[{"path":"cm8s","type":"image","name":"cm8s","transform":{"scY":1.764,"y":-1.105,"scX":1.764,"x":-9.575}}],"name":"cm8s2"},{"display":[{"path":"cm2s","type":"image","name":"cm2s","transform":{"scY":1.764,"y":4.385,"scX":1.764,"x":0.7}}],"name":"cm2s"},{"display":[{"path":"cm8","type":"image","name":"cm8","transform":{"scY":1.764,"y":7.735,"scX":1.764,"x":-8.075}}],"name":"cm8"},{"display":[{"path":"cm7s","type":"image","name":"cm7s","transform":{"scY":1.56,"y":-25.375,"scX":1.56,"x":46.21}}],"name":"cm7s"},{"display":[{"path":"cm8","type":"image","name":"cm8","transform":{"scY":1.764,"y":7.735,"scX":1.764,"x":-8.075}}],"name":"cm10"},{"display":[{"path":"cm6","type":"image","name":"cm6","transform":{"scY":1.56,"y":-3.975,"scX":1.56,"x":4.56}}],"name":"cm6"},{"display":[{"path":"cm5s","type":"image","name":"cm5s","transform":{"scY":1.487,"y":1.025,"scX":1.679,"x":11.23}}],"name":"cm5s"},{"display":[{"path":"cm2","type":"image","name":"cm2","transform":{"scY":1.764,"y":-1.81,"scX":1.764,"x":6.415}}],"name":"cm2"},{"display":[{"path":"cm7","type":"image","name":"cm7","transform":{"scY":1.56,"y":-3.025,"scX":1.56,"x":68.35}}],"name":"cm7"},{"display":[{"path":"cm0","type":"image","name":"cm0","transform":{"scY":1.311,"y":66.15,"scX":1.311,"x":0.76}}],"name":"cm0"},{"display":[{"path":"cm5","type":"image","name":"cm5","transform":{"scY":1.487,"y":15.61,"scX":1.679,"x":17.405}}],"name":"cm5"}],"name":""}],"slot":[{"name":"cm2s","parent":"cm2s","color":{}},{"z":1,"name":"cm3s","parent":"cm3s","color":{}},{"z":2,"name":"cm0s","parent":"cm0s","color":{}},{"z":3,"name":"cm4s","parent":"cm4s","color":{}},{"z":4,"name":"cm5s","parent":"cm5s","color":{}},{"z":5,"name":"cm6s","parent":"cm6s","color":{}},{"z":6,"name":"cm7s","parent":"cm7s","color":{}},{"z":7,"name":"cm8s","parent":"cm8s","color":{}},{"z":8,"name":"cm8s2","parent":"cm8s2","color":{}},{"displayIndex":-1,"z":9,"name":"cm5s2","parent":"cm5s2","color":{}},{"displayIndex":-1,"z":10,"name":"cm9","parent":"cm9","color":{}},{"z":11,"name":"cm2","parent":"cm2","color":{}},{"z":12,"name":"cm3","parent":"cm3","color":{}},{"z":13,"name":"cm0","parent":"cm0","color":{}},{"z":14,"name":"cm10","parent":"cm10","color":{}},{"z":15,"name":"cm4","parent":"cm4","color":{}},{"z":16,"name":"cm5","parent":"cm5","color":{}},{"z":17,"name":"cm6","parent":"cm6","color":{}},{"z":18,"name":"cm7","parent":"cm7","color":{}},{"z":19,"name":"cm8","parent":"cm8","color":{}}],"name":"armatureName"}],"name":"mapcloud","version":"4.0"}