{"frameRate":30,"isGlobal":0,"armature":[{"defaultActions":[{"gotoAndPlay":"000_leiqiu"}],"animation":[{"frame":[],"duration":15,"slot":[{"frame":[{"tweenEasing":null,"displayIndex":-1,"duration":15}],"name":"chuanci_eff/0_00000"},{"frame":[{"tweenEasing":null,"displayIndex":-1,"duration":15}],"name":"jianshe_eff/0_00000"},{"frame":[{"tweenEasing":0,"duration":2},{"tweenEasing":0,"displayIndex":1,"duration":2},{"tweenEasing":0,"displayIndex":2,"duration":2},{"tweenEasing":0,"displayIndex":3,"duration":2},{"tweenEasing":0,"displayIndex":4,"duration":2},{"tweenEasing":0,"displayIndex":5,"duration":2},{"tweenEasing":0,"displayIndex":6,"duration":3},{"tweenEasing":null,"displayIndex":7,"duration":0,"color":{"aM":0}}],"name":"lan_fangshe_07_eff/lan_fangshe_06_eff_01"},{"frame":[{"tweenEasing":null,"displayIndex":-1,"duration":15}],"name":"lan_leidianhuohua_eff/lan_leidianhuohua_eff_01"},{"frame":[{"tweenEasing":null,"displayIndex":-1,"duration":15}],"name":"luolei_eff/0_00000"},{"frame":[{"tweenEasing":0,"duration":2,"color":{"bM":90,"gM":0}},{"tweenEasing":0,"displayIndex":1,"duration":2},{"tweenEasing":0,"displayIndex":2,"duration":1},{"tweenEasing":0,"displayIndex":2,"duration":1,"color":{"rM":27,"gM":63}},{"tweenEasing":0,"displayIndex":3,"duration":2},{"tweenEasing":0,"displayIndex":4,"duration":2},{"tweenEasing":0,"displayIndex":5,"duration":5,"color":{"bM":84,"gM":0}},{"tweenEasing":null,"displayIndex":5,"duration":0,"color":{"aM":0}}],"name":"ys_xindiantu_eff/ys_xindiantu_eff_01"}],"ffd":[],"bone":[{"frame":[{"duration":15,"transform":{"scY":1.5,"y":82.47,"scX":1.5}}],"name":"luolei_eff/0_00000"},{"frame":[{"duration":15,"transform":{"y":91.935,"x":-125.74}}],"name":"jianshe_eff/0_00000"},{"frame":[{"duration":15,"transform":{}}],"name":"chuanci_eff/0_00000"},{"frame":[{"duration":15,"transform":{}}],"name":"lan_leidianhuohua_eff/lan_leidianhuohua_eff_01"},{"frame":[{"duration":15,"transform":{"y":102.945,"x":-225.965}}],"name":"lan_fangshe_07_eff/lan_fangshe_06_eff_01"},{"frame":[{"duration":15,"transform":{"y":16.35,"x":-195.035}}],"name":"ys_xindiantu_eff/ys_xindiantu_eff_01"},{"frame":[{"duration":15,"transform":{"scY":2,"scX":2}}],"name":"wj_052_leiya_eff_pz"},{"frame":[{"duration":15,"transform":{}}],"name":"root"}],"name":"000_leiqiu","ik":[]},{"frame":[],"duration":20,"slot":[{"frame":[{"tweenEasing":0,"duration":2},{"tweenEasing":0,"displayIndex":1,"duration":2},{"tweenEasing":0,"displayIndex":2,"duration":2},{"tweenEasing":0,"displayIndex":3,"duration":2},{"tweenEasing":0,"displayIndex":4,"duration":12},{"tweenEasing":null,"displayIndex":4,"duration":0,"color":{"aM":0}}],"name":"chuanci_eff/0_00000"},{"frame":[{"tweenEasing":null,"displayIndex":-1,"duration":20}],"name":"jianshe_eff/0_00000"},{"frame":[{"tweenEasing":null,"displayIndex":-1,"duration":20}],"name":"lan_fangshe_07_eff/lan_fangshe_06_eff_01"},{"frame":[{"tweenEasing":0,"duration":2},{"tweenEasing":0,"displayIndex":1,"duration":2},{"tweenEasing":0,"displayIndex":2,"duration":2},{"tweenEasing":0,"displayIndex":3,"duration":2},{"tweenEasing":0,"displayIndex":4,"duration":2},{"tweenEasing":0,"displayIndex":5,"duration":10},{"tweenEasing":null,"displayIndex":5,"duration":0,"color":{"aM":0}}],"name":"lan_leidianhuohua_eff/lan_leidianhuohua_eff_01"},{"frame":[{"tweenEasing":null,"displayIndex":-1,"duration":20}],"name":"luolei_eff/0_00000"},{"frame":[{"tweenEasing":null,"displayIndex":-1,"duration":20}],"name":"ys_xindiantu_eff/ys_xindiantu_eff_01"}],"ffd":[],"bone":[{"frame":[{"duration":20,"transform":{"y":82.47,"x":166}}],"name":"luolei_eff/0_00000"},{"frame":[{"duration":20,"transform":{"y":91.935,"x":40.485}}],"name":"jianshe_eff/0_00000"},{"frame":[{"duration":20,"transform":{"y":73.335,"x":111.22}}],"name":"chuanci_eff/0_00000"},{"frame":[{"duration":10,"transform":{"y":147.79,"x":-115.12}},{"duration":10,"transform":{"y":147.79,"x":-115.12}}],"name":"lan_leidianhuohua_eff/lan_leidianhuohua_eff_01"},{"frame":[{"duration":20,"transform":{"y":-122.48,"skX":-1.8,"skY":-1.8,"scX":5,"x":1.69}}],"name":"wj_052_leiya_eff_pz"},{"frame":[{"duration":20,"transform":{}}],"name":"root"},{"frame":[{"duration":20,"transform":{}}],"name":"lan_fangshe_07_eff/lan_fangshe_06_eff_01"},{"frame":[{"duration":20,"transform":{}}],"name":"ys_xindiantu_eff/ys_xindiantu_eff_01"}],"name":"001_luolei1_eff","ik":[]},{"frame":[],"duration":20,"slot":[{"frame":[{"tweenEasing":null,"displayIndex":-1,"duration":20}],"name":"chuanci_eff/0_00000"},{"frame":[{"tweenEasing":0,"duration":2},{"tweenEasing":0,"displayIndex":1,"duration":2},{"tweenEasing":0,"displayIndex":2,"duration":2},{"tweenEasing":0,"displayIndex":3,"duration":2},{"tweenEasing":0,"displayIndex":4,"duration":2},{"tweenEasing":0,"displayIndex":5,"duration":10},{"tweenEasing":null,"displayIndex":5,"duration":0,"color":{"aM":0}}],"name":"jianshe_eff/0_00000"},{"frame":[{"tweenEasing":null,"displayIndex":-1,"duration":20}],"name":"lan_fangshe_07_eff/lan_fangshe_06_eff_01"},{"frame":[{"tweenEasing":null,"displayIndex":-1,"duration":20}],"name":"lan_leidianhuohua_eff/lan_leidianhuohua_eff_01"},{"frame":[{"tweenEasing":0,"duration":2},{"tweenEasing":0,"displayIndex":1,"duration":2},{"tweenEasing":0,"displayIndex":2,"duration":2},{"tweenEasing":0,"displayIndex":3,"duration":2},{"tweenEasing":0,"displayIndex":4,"duration":2},{"tweenEasing":0,"displayIndex":5,"duration":10},{"tweenEasing":null,"displayIndex":5,"duration":0,"color":{"aM":0}}],"name":"luolei_eff/0_00000"},{"frame":[{"tweenEasing":null,"displayIndex":-1,"duration":20}],"name":"ys_xindiantu_eff/ys_xindiantu_eff_01"}],"ffd":[],"bone":[{"frame":[{"duration":20,"transform":{"scY":1.5,"y":82.47,"scX":1.5}}],"name":"luolei_eff/0_00000"},{"frame":[{"duration":20,"transform":{"y":91.935,"x":-125.74}}],"name":"jianshe_eff/0_00000"},{"frame":[{"duration":20,"transform":{}}],"name":"chuanci_eff/0_00000"},{"frame":[{"duration":20,"transform":{"scY":3,"y":-125.455,"scX":5,"x":1.655}}],"name":"wj_052_leiya_eff_pz"},{"frame":[{"duration":20,"transform":{}}],"name":"root"},{"frame":[{"duration":20,"transform":{}}],"name":"lan_fangshe_07_eff/lan_fangshe_06_eff_01"},{"frame":[{"duration":20,"transform":{}}],"name":"lan_leidianhuohua_eff/lan_leidianhuohua_eff_01"},{"frame":[{"duration":20,"transform":{}}],"name":"ys_xindiantu_eff/ys_xindiantu_eff_01"}],"name":"002_luolei2_eff","ik":[]}],"type":"Armature","frameRate":30,"ik":[],"bone":[{"name":"root","transform":{}},{"length":197,"transform":{"y":-76.025,"skX":-90,"skY":-90,"x":-108.73},"parent":"root","name":"chuanci_eff/0_00000"},{"length":11,"transform":{"y":-86.76,"skX":-90,"skY":-90,"x":125.695},"parent":"root","name":"jianshe_eff/0_00000"},{"transform":{"y":-102.945,"x":225.965},"name":"lan_fangshe_07_eff/lan_fangshe_06_eff_01","parent":"root"},{"length":30.5,"transform":{"y":-153.05,"skX":-90.93,"skY":-90.93,"x":118.75},"parent":"root","name":"lan_leidianhuohua_eff/lan_leidianhuohua_eff_01"},{"length":144,"transform":{"y":-83.71,"skX":-90.67,"skY":-90.67,"x":-0.275},"parent":"root","name":"luolei_eff/0_00000"},{"length":24.5,"transform":{"y":0.345,"skX":-89.24,"skY":-89.24,"x":-0.66},"parent":"root","name":"wj_052_leiya_eff_pz"},{"length":145.5,"transform":{"y":-17.06,"skX":0.17,"skY":0.17,"x":128.9},"parent":"root","name":"ys_xindiantu_eff/ys_xindiantu_eff_01"}],"aabb":{"width":555.5026679010448,"y":-267.5784020779257,"height":288.91539418992335,"x":-251.78500000000003},"skin":[{"slot":[{"display":[{"path":"lan_fangshe_07_eff/lan_fangshe_06_eff_01","type":"image","name":"lan_fangshe_07_eff/lan_fangshe_06_eff_01","transform":{"y":-1.305,"x":1.885}},{"path":"lan_fangshe_07_eff/lan_fangshe_06_eff_02","type":"image","name":"lan_fangshe_07_eff/lan_fangshe_06_eff_02","transform":{"y":-1.305,"x":1.885}},{"path":"lan_fangshe_07_eff/lan_fangshe_06_eff_03","type":"image","name":"lan_fangshe_07_eff/lan_fangshe_06_eff_03","transform":{"y":-1.305,"x":1.885}},{"path":"lan_fangshe_07_eff/lan_fangshe_06_eff_04","type":"image","name":"lan_fangshe_07_eff/lan_fangshe_06_eff_04","transform":{"y":-1.305,"x":1.885}},{"path":"lan_fangshe_07_eff/lan_fangshe_06_eff_05","type":"image","name":"lan_fangshe_07_eff/lan_fangshe_06_eff_05","transform":{"y":-1.305,"x":1.885}},{"path":"lan_fangshe_07_eff/lan_fangshe_06_eff_06","type":"image","name":"lan_fangshe_07_eff/lan_fangshe_06_eff_06","transform":{"y":-1.305,"x":1.885}},{"path":"lan_fangshe_07_eff/lan_fangshe_06_eff_07","type":"image","name":"lan_fangshe_07_eff/lan_fangshe_06_eff_07","transform":{"y":-1.305,"x":1.885}},{"path":"lan_fangshe_07_eff/lan_fangshe_06_eff_08","type":"image","name":"lan_fangshe_07_eff/lan_fangshe_06_eff_08","transform":{"y":-1.305,"x":1.885}},{"path":"lan_fangshe_07_eff/lan_fangshe_07_eff_pz","type":"image","name":"lan_fangshe_07_eff/lan_fangshe_07_eff_pz","transform":{"y":-1.305,"x":1.885}},{"path":"lan_fangshe_07_eff/zi_fangshe_02_eff_03","type":"image","name":"lan_fangshe_07_eff/zi_fangshe_02_eff_03","transform":{"y":-1.305,"x":1.885}},{"path":"lan_fangshe_07_eff/zi_fangshe_02_eff_04","type":"image","name":"lan_fangshe_07_eff/zi_fangshe_02_eff_04","transform":{"y":-1.305,"x":1.885}}],"blendMode":"add","name":"lan_fangshe_07_eff/lan_fangshe_06_eff_01"},{"display":[{"path":"wj_052_leiya_eff_pz","type":"image","name":"wj_052_leiya_eff_pz","transform":{"scY":10,"y":0.655,"skX":89.24,"skY":89.24,"scX":10,"x":0.35}}],"name":"wj_052_leiya_eff_pz"},{"display":[{"path":"jianshe_eff/0_00000","type":"image","name":"jianshe_eff/0_00000","transform":{"y":0.305,"skX":90,"skY":90,"x":21.055}},{"path":"jianshe_eff/0_00001","type":"image","name":"jianshe_eff/0_00001","transform":{"y":0.305,"skX":90,"skY":90,"x":21.055}},{"path":"jianshe_eff/0_00002","type":"image","name":"jianshe_eff/0_00002","transform":{"y":0.305,"skX":90,"skY":90,"x":21.055}},{"path":"jianshe_eff/0_00003","type":"image","name":"jianshe_eff/0_00003","transform":{"y":0.305,"skX":90,"skY":90,"x":21.055}},{"path":"jianshe_eff/0_00004","type":"image","name":"jianshe_eff/0_00004","transform":{"y":0.305,"skX":90,"skY":90,"x":21.055}},{"path":"jianshe_eff/0_00005","type":"image","name":"jianshe_eff/0_00005","transform":{"y":0.305,"skX":90,"skY":90,"x":21.055}}],"blendMode":"add","name":"jianshe_eff/0_00000"},{"display":[{"path":"ys_xindiantu_eff/ys_xindiantu_eff_01","type":"image","name":"ys_xindiantu_eff/ys_xindiantu_eff_01","transform":{"y":0.675,"skX":-0.14,"skY":-0.14,"x":74.82}},{"path":"ys_xindiantu_eff/ys_xindiantu_eff_02","type":"image","name":"ys_xindiantu_eff/ys_xindiantu_eff_02","transform":{"y":0.675,"skX":-0.14,"skY":-0.14,"x":74.82}},{"path":"ys_xindiantu_eff/ys_xindiantu_eff_03","type":"image","name":"ys_xindiantu_eff/ys_xindiantu_eff_03","transform":{"y":0.675,"skX":-0.14,"skY":-0.14,"x":74.82}},{"path":"ys_xindiantu_eff/ys_xindiantu_eff_04","type":"image","name":"ys_xindiantu_eff/ys_xindiantu_eff_04","transform":{"y":0.675,"skX":-0.14,"skY":-0.14,"x":74.82}},{"path":"ys_xindiantu_eff/ys_xindiantu_eff_05","type":"image","name":"ys_xindiantu_eff/ys_xindiantu_eff_05","transform":{"y":0.675,"skX":-0.14,"skY":-0.14,"x":74.82}},{"path":"ys_xindiantu_eff/ys_xindiantu_eff_06","type":"image","name":"ys_xindiantu_eff/ys_xindiantu_eff_06","transform":{"y":0.675,"skX":-0.14,"skY":-0.14,"x":74.82}}],"name":"ys_xindiantu_eff/ys_xindiantu_eff_01"},{"display":[{"path":"lan_leidianhuohua_eff/lan_leidianhuohua_eff_01","type":"image","name":"lan_leidianhuohua_eff/lan_leidianhuohua_eff_01","transform":{"y":12.66,"skX":90.93,"skY":90.93,"x":25.24}},{"path":"lan_leidianhuohua_eff/lan_leidianhuohua_eff_02","type":"image","name":"lan_leidianhuohua_eff/lan_leidianhuohua_eff_02","transform":{"y":12.66,"skX":90.93,"skY":90.93,"x":25.24}},{"path":"lan_leidianhuohua_eff/lan_leidianhuohua_eff_03","type":"image","name":"lan_leidianhuohua_eff/lan_leidianhuohua_eff_03","transform":{"y":12.66,"skX":90.93,"skY":90.93,"x":25.24}},{"path":"lan_leidianhuohua_eff/lan_leidianhuohua_eff_04","type":"image","name":"lan_leidianhuohua_eff/lan_leidianhuohua_eff_04","transform":{"y":12.66,"skX":90.93,"skY":90.93,"x":25.24}},{"path":"lan_leidianhuohua_eff/lan_leidianhuohua_eff_05","type":"image","name":"lan_leidianhuohua_eff/lan_leidianhuohua_eff_05","transform":{"y":12.66,"skX":90.93,"skY":90.93,"x":25.24}},{"path":"lan_leidianhuohua_eff/lan_leidianhuohua_eff_pz","type":"image","name":"lan_leidianhuohua_eff/lan_leidianhuohua_eff_pz","transform":{"y":12.66,"skX":90.93,"skY":90.93,"x":25.24}}],"blendMode":"add","name":"lan_leidianhuohua_eff/lan_leidianhuohua_eff_01"},{"display":[{"path":"chuanci_eff/0_00001","type":"image","name":"chuanci_eff/0_00001","transform":{"y":-0.555,"x":108.73}},{"path":"chuanci_eff/0_00002","type":"image","name":"chuanci_eff/0_00002","transform":{"y":-0.555,"x":108.73}},{"path":"chuanci_eff/0_00003","type":"image","name":"chuanci_eff/0_00003","transform":{"y":-0.555,"x":108.73}},{"path":"chuanci_eff/0_00004","type":"image","name":"chuanci_eff/0_00004","transform":{"y":-0.555,"x":108.73}},{"path":"chuanci_eff/0_00005","type":"image","name":"chuanci_eff/0_00005","transform":{"y":-0.555,"x":108.73}}],"blendMode":"add","name":"chuanci_eff/0_00000"},{"display":[{"path":"luolei_eff/0_00000","type":"image","name":"luolei_eff/0_00000","transform":{"y":1.165,"skX":90.67,"skY":90.67,"x":76.36}},{"path":"luolei_eff/0_00001","type":"image","name":"luolei_eff/0_00001","transform":{"y":1.165,"skX":90.67,"skY":90.67,"x":76.36}},{"path":"luolei_eff/0_00002","type":"image","name":"luolei_eff/0_00002","transform":{"y":1.165,"skX":90.67,"skY":90.67,"x":76.36}},{"path":"luolei_eff/0_00003","type":"image","name":"luolei_eff/0_00003","transform":{"y":1.165,"skX":90.67,"skY":90.67,"x":76.36}},{"path":"luolei_eff/0_00004","type":"image","name":"luolei_eff/0_00004","transform":{"y":1.165,"skX":90.67,"skY":90.67,"x":76.36}},{"path":"luolei_eff/0_00005","type":"image","name":"luolei_eff/0_00005","transform":{"y":1.165,"skX":90.67,"skY":90.67,"x":76.36}}],"blendMode":"add","name":"luolei_eff/0_00000"}],"name":""}],"slot":[{"name":"wj_052_leiya_eff_pz","parent":"wj_052_leiya_eff_pz","color":{}},{"blendMode":"add","z":1,"parent":"jianshe_eff/0_00000","name":"jianshe_eff/0_00000","color":{}},{"blendMode":"add","z":2,"parent":"luolei_eff/0_00000","name":"luolei_eff/0_00000","color":{}},{"blendMode":"add","z":3,"parent":"lan_leidianhuohua_eff/lan_leidianhuohua_eff_01","name":"lan_leidianhuohua_eff/lan_leidianhuohua_eff_01","color":{}},{"blendMode":"add","z":4,"parent":"chuanci_eff/0_00000","displayIndex":4,"name":"chuanci_eff/0_00000","color":{}},{"blendMode":"add","z":5,"parent":"lan_fangshe_07_eff/lan_fangshe_06_eff_01","name":"lan_fangshe_07_eff/lan_fangshe_06_eff_01","color":{}},{"z":6,"name":"ys_xindiantu_eff/ys_xindiantu_eff_01","parent":"ys_xindiantu_eff/ys_xindiantu_eff_01","color":{}}],"name":"armatureName"}],"name":"wj_052_leiya_eff","version":"4.0"}