{"frameRate":30,"name":"cvqiya","version":"5.5","compatibleVersion":"5.5","armature":[{"type":"Armature","frameRate":30,"name":"armatureName","aabb":{"x":224.71,"y":-600.43,"width":322.59,"height":538.72},"bone":[{"name":"root","transform":{"scX":0.91,"scY":0.91}},{"name":"qyhip","parent":"root","transform":{"x":439.72,"y":-335.44}},{"name":"rightleg","parent":"root","transform":{"x":430.18,"y":-315.17}},{"name":"leftleg","parent":"root","transform":{"x":493.51,"y":-57.21}},{"name":"lefthand","parent":"root","transform":{"x":296.99,"y":-415.46}},{"name":"righthand","parent":"root","transform":{"x":571.48,"y":-345.71}},{"length":119,"name":"qiyalegL","parent":"qyhip","transform":{"x":-40.42,"y":-16.17,"skX":169.49,"skY":169.49}},{"length":157,"name":"qylegR","parent":"qyhip","transform":{"x":9.21,"y":1.94,"skX":82.18,"skY":82.18}},{"length":61,"name":"qybody","parent":"qyhip","transform":{"x":24.53,"y":-35.05,"skX":-62.04,"skY":-62.04}},{"length":148,"name":"qyfootL","parent":"qiyalegL","transform":{"x":118.44,"y":-0.74,"skX":-163.88,"skY":-163.88}},{"length":86,"name":"bone3","parent":"qybody","transform":{"x":61.24,"y":-0.24,"skX":-18.81,"skY":-18.81}},{"length":123,"name":"bone2","parent":"qylegR","transform":{"x":157.68,"y":0.02,"skX":-3.28,"skY":-3.28}},{"length":75,"name":"qytL","parent":"qiyalegL","transform":{"x":-7.67,"y":0.46,"skX":11.5,"skY":11.5}},{"length":70,"name":"bone","parent":"qyfootL","transform":{"x":148.72,"y":-0.15,"skX":79.84,"skY":79.84}},{"length":117,"name":"qyarmL","parent":"bone3","transform":{"x":78.65,"y":-49.26,"skX":-138.75,"skY":-138.75}},{"length":94,"name":"qyarmR","parent":"bone3","transform":{"x":77.7,"y":19.17,"skX":126.42,"skY":126.42}},{"length":49,"name":"bone4","parent":"bone3","transform":{"x":86.6,"y":0.14,"skX":-45.7,"skY":-45.7}},{"length":86,"name":"bone5","parent":"qyarmR","transform":{"x":94.84,"y":-0.39,"skX":57.11,"skY":57.11}},{"length":72,"name":"bone6","parent":"qyarmL","transform":{"x":117.46,"y":-0.18,"skX":24.3,"skY":24.3}},{"length":71,"name":"qyhead","parent":"bone4","transform":{"x":51.64,"y":-1.54,"skX":20.99,"skY":20.99}},{"length":29,"name":"qyhair9","parent":"qyhead","transform":{"x":54.63,"y":-30.41,"skX":126.39,"skY":126.39}},{"length":24,"name":"qyhair7","parent":"qyhead","transform":{"x":67.71,"y":-44.21,"skX":-170.23,"skY":-170.23}},{"length":25,"name":"bone7","parent":"bone6","transform":{"x":72.85,"y":-0.2,"skX":-19.76,"skY":-19.76}},{"length":29,"name":"qyhair17","parent":"qyhead","transform":{"x":35.37,"y":-54.1,"skX":169.34,"skY":169.34}},{"length":25,"name":"qyhair2","parent":"qyhead","transform":{"x":65.34,"y":-54.1,"skX":-162.09,"skY":-162.09}},{"length":60,"name":"qyarmR2","parent":"bone5","transform":{"x":88.36,"y":0.11,"skX":15.75,"skY":15.75}},{"length":28,"name":"qyhair4","parent":"qyhead","transform":{"x":63.66,"y":-40.72,"skX":116.7,"skY":116.7}},{"length":37,"name":"qyhair16","parent":"qyhead","transform":{"x":30.8,"y":9.09,"skX":169.67,"skY":169.67}},{"length":32,"name":"qyhair5","parent":"qyhead","transform":{"x":74.95,"y":-37.06,"skX":100.39,"skY":100.39}},{"length":38,"name":"qyhair15","parent":"qyhead","transform":{"x":33.64,"y":19.12,"skX":162.63,"skY":162.63}},{"length":41,"name":"qyhair14","parent":"qyhead","transform":{"x":44.91,"y":19.18,"skX":113.27,"skY":113.27}},{"length":41,"name":"qyhair12","parent":"qyhead","transform":{"x":75.95,"y":1.68,"skX":86.7,"skY":86.7}},{"length":17,"name":"qyhair10","parent":"qyhead","transform":{"x":69.79,"y":-36.96,"skX":23.64,"skY":23.64}},{"length":29,"name":"qyhair11","parent":"qyhead","transform":{"x":74.43,"y":-13.1,"skX":47.66,"skY":47.66}},{"length":26,"name":"qyhair13","parent":"qyhead","transform":{"x":51.77,"y":9.3,"skX":86.79,"skY":86.79}},{"length":27,"name":"qyhair8","parent":"qyhead","transform":{"x":60.26,"y":-52.44,"skX":-52.75,"skY":-52.75}},{"length":26,"name":"qyhair6","parent":"qyhead","transform":{"x":65.52,"y":-47.38,"skX":-8.18,"skY":-8.18}},{"length":25,"name":"qyhair1","parent":"qyhead","transform":{"x":56.21,"y":-48.95,"skX":108.97,"skY":108.97}},{"length":29,"name":"bone12","parent":"qyhair4","transform":{"x":28.68,"y":-0.09,"skX":-3.38,"skY":-3.38}},{"length":25,"name":"qyhair3","parent":"qyhair2","transform":{"x":12.08,"y":5.44,"skX":40.47,"skY":40.47}},{"length":26,"name":"bone15","parent":"qyhair10","transform":{"x":17.95,"y":-0.04,"skX":21.54,"skY":21.54}},{"length":24,"name":"bone14","parent":"qyhair9","transform":{"x":29.54,"y":-0.12,"skX":12.59,"skY":12.59}},{"length":32,"name":"bone8","parent":"bone7","transform":{"x":25.45,"y":0.04,"skX":-20.31,"skY":-20.31}},{"length":25,"name":"bone13","parent":"qyhair5","transform":{"x":32.74,"skX":1.82,"skY":1.82}},{"length":30,"name":"bone16","parent":"qyhair13","transform":{"x":26.09,"skX":0.63,"skY":0.63}},{"length":22,"name":"bone9","parent":"qyhair7","transform":{"x":24.33,"skX":-27.75,"skY":-27.75}},{"length":27,"name":"qyarmR3","parent":"qyarmR2","transform":{"x":5.79,"y":6.34,"skX":39.2,"skY":39.2}},{"length":32,"name":"bone11","parent":"qyhair2","transform":{"x":25.21,"y":-0.03,"skX":-12.1,"skY":-12.1}},{"length":16,"name":"qyhandL","parent":"bone7","transform":{"x":25.93,"y":-11.51,"skX":-52.27,"skY":-52.27}},{"length":23,"name":"qyhandL2","parent":"bone7","transform":{"x":16.78,"y":7.54,"skX":40.29,"skY":40.29}},{"length":18,"name":"bone10","parent":"bone9","transform":{"x":22.47,"y":0.09,"skX":-25.92,"skY":-25.92}}],"slot":[{"name":"qyhip","parent":"qyhip"},{"name":"qylegR","parent":"qylegR"},{"name":"qiyalegL","parent":"qiyalegL"},{"name":"qytL","parent":"qytL"},{"name":"qyfootL","parent":"qyfootL"},{"name":"qyarmR","parent":"qyarmR3"},{"name":"qybody","parent":"qybody"},{"name":"qyhair11","parent":"qyhair17"},{"name":"qyhair10","parent":"qyhair16"},{"name":"qyhair9","parent":"qyhair15"},{"name":"qyhead","parent":"qyhead"},{"name":"qyhair8","parent":"qyhair9"},{"name":"qyhair7","parent":"qyhair7"},{"name":"qyhair6","parent":"qyhair8"},{"name":"qyhair5","parent":"qyhair13"},{"name":"qyhair4","parent":"qyhair5"},{"name":"qyhair3","parent":"qyhair11"},{"name":"qyhair2","parent":"qyhair3"},{"name":"qyhair1","parent":"qyhair1"},{"name":"qyhandL","parent":"qyhandL2"},{"name":"qyarmL","parent":"qyarmL"}],"ik":[{"bendPositive":false,"chain":1,"name":"rightleg","bone":"qyfootL","target":"rightleg"},{"bendPositive":false,"chain":1,"name":"leftleg","bone":"bone2","target":"leftleg"},{"chain":1,"name":"lefthand","bone":"bone6","target":"lefthand"},{"chain":1,"name":"righthand","bone":"bone5","target":"righthand"}],"skin":[{"slot":[{"name":"qyhandL","display":[{"type":"mesh","name":"qyhandL","width":66,"height":76,"vertices":[288.06,-374.66,273.47,-365.21,264.97,-350.25,268.37,-344.54,249.87,-330.2,244.24,-338.07,229.72,-336.55,240.88,-368.36,232.78,-373.66,233.37,-380.64,248.86,-378.77,265.01,-389.96,278.11,-395.69,285.87,-393.74,249.18,-357.92,251.61,-370.31],"uvs":[0.97167,0.31815,0.7288,0.45498,0.58738,0.67137,0.64398,0.75388,0.33589,0.96144,0.2421,0.84771,0,0.86961,0.18576,0.40952,0.051,0.33294,0.0606,0.23196,0.31862,0.25892,0.58774,0.0968,0.80589,0.01406,0.93523,0.04215,0.3241,0.56045,0.36464,0.38123],"triangles":[12,11,0,11,1,0,13,12,0,11,15,1,10,15,11,15,2,1,15,14,2,2,5,3,5,4,3,14,5,2,10,7,15,7,14,15,6,5,14,7,6,14,9,7,10,9,8,7],"weights":[2,22,0.99728,48,0.00271,3,22,0.80961,42,0.00001,48,0.19036,2,22,0.06205,48,0.93794,2,22,0.00071,48,0.99928,2,42,0.0912,48,0.90879,2,42,0.52603,48,0.47396,1,42,1,3,22,0.02695,49,0.49081,42,0.48223,2,49,0.98413,42,0.01586,1,49,0.99999,1,49,1,3,22,0.82935,49,0.17063,42,0.00001,2,22,0.9955,49,0.00448,1,22,0.99999,3,22,0.06738,42,0.66194,48,0.27067,3,22,0.74928,49,0.23942,42,0.01129],"slotPose":[1,0,0,1,0,0],"bonePose":[22,-0.744881,0.522735,-0.522735,-0.744881,269.377677,-378.332716,49,-0.906211,-0.08295,0.08295,-0.906211,252.937147,-375.177631,42,-0.51713,0.748783,-0.748783,-0.51713,250.399537,-365.058909,48,-0.042391,0.909012,-0.909012,-0.042391,256.079582,-356.204616],"edges":[6,5,5,4,4,3,3,2,2,1,1,0,0,13,13,12,12,11,11,10,10,9,9,8,8,7,7,6],"userEdges":[]}]},{"name":"qybody","display":[{"type":"mesh","name":"qybody","width":131,"height":224,"vertices":[484.35,-464.14,484.56,-404.72,475.39,-378.55,451.02,-343.4,450.16,-311.68,430.37,-309.28,377.18,-327.83,365.6,-348.34,365.55,-362.44,389.7,-391.87,397.82,-442.14,419,-473.36,407.28,-484.61,416.94,-498.76,426.69,-513.05,435.43,-513.09,450.72,-487.57,470.06,-478.01,436.43,-462.15,477.05,-462.49,434.06,-414.8,428.69,-390.97,414.58,-354.71,435.76,-478.27],"uvs":[0.99999,0.24107,1,0.53261,0.92224,0.66092,0.71657,0.83294,0.70827,0.98861,0.54213,1,0.0964,0.90795,0,0.80708,0,0.73786,0.20358,0.59395,0.27329,0.3474,0.452,0.19458,0.35404,0.1392,0.43553,0.06993,0.5178,0,0.59116,0,0.71862,0.12549,0.88051,0.17272,0.59785,0.24994,0.93874,0.24907,0.57657,0.4822,0.53071,0.59907,0.41119,0.77674,0.59274,0.17084],"triangles":[18,20,19,17,19,0,19,20,1,20,2,1,0,19,1,20,21,2,17,18,19,21,3,2,16,18,17,15,13,23,5,4,3,22,5,3,21,22,3,23,18,16,15,23,16,10,20,18,14,13,15,11,10,18,13,11,23,11,18,23,22,6,5,9,21,20,10,9,20,13,12,11,9,22,21,7,6,22,8,7,22,9,8,22],"weights":[3,8,0.00055,10,0.76673,16,0.23271,3,8,0.03204,10,0.96104,16,0.0069,3,8,0.42294,10,0.57397,16,0.00307,2,8,0.99997,16,0.00002,1,8,1,1,8,1,1,8,1,2,8,0.99631,10,0.00368,2,8,0.98579,10,0.0142,3,8,0.74458,10,0.25206,16,0.00335,3,8,0.08617,10,0.70031,16,0.21351,3,8,0.00016,10,0.16916,16,0.83066,2,10,0.03326,16,0.96673,2,10,0.00882,16,0.99117,1,16,1,1,16,1,1,16,0.99999,3,8,0.00017,10,0.24154,16,0.75828,3,8,0.00006,10,0.4552,16,0.54472,3,8,0.00036,10,0.76442,16,0.23521,3,8,0.11088,10,0.8707,16,0.0184,3,8,0.50628,10,0.49362,16,0.00009,2,8,0.99243,10,0.00756,2,10,0.10731,16,0.89268],"slotPose":[1,0,0,1,0,0],"bonePose":[8,0.426658,-0.80378,0.80378,0.426658,422.4675,-337.1459,10,0.144708,-0.898421,0.898421,0.144708,448.403134,-386.471808,16,-0.541927,-0.731037,0.731037,-0.541927,461.060618,-464.254775],"edges":[7,6,6,5,5,4,4,3,3,2,2,1,1,0,0,17,17,16,16,15,15,14,14,13,13,12,12,11,11,10,10,9,9,8,8,7],"userEdges":[]}]},{"name":"qyhair5","display":[{"type":"mesh","name":"qyhair5","width":80,"height":58,"vertices":[466.36,-553.24,448.47,-540.5,426.36,-533.06,411.09,-531.31,409.04,-550.68,405.43,-557.36,423.76,-578.87,435.92,-582.76,458.33,-584.02,456.56,-580.03,443.05,-569.11,457.01,-573.89,455.95,-565.65,477.76,-566.15,439.03,-561.38],"uvs":[0.83727,0.58292,0.59176,0.82494,0.28803,0.96648,0.07841,0.99998,0.04967,0.63283,0,0.50658,0.25144,0.09838,0.41839,0.0244,0.72622,0,0.70212,0.07576,0.51667,0.28272,0.70843,0.19169,0.69394,0.34784,0.99356,0.33763,0.46174,0.42934],"triangles":[12,0,13,12,1,0,14,1,12,7,9,8,10,12,11,10,14,12,7,10,9,14,2,1,4,2,14,6,14,10,7,6,10,6,4,14,5,4,6,4,3,2],"weights":[3,34,0.00836,44,0.99146,31,0.00017,2,34,0.88623,44,0.11376,1,34,1,2,34,0.97961,31,0.02038,2,34,0.59631,31,0.40368,2,34,0.36442,31,0.63557,1,31,1,1,31,1,1,31,1,1,31,1,3,34,0.20488,44,0.21193,31,0.58317,2,44,0.89274,31,0.10725,2,44,0.94471,31,0.05528,1,44,1,3,34,0.4055,44,0.0554,31,0.53908],"slotPose":[1,0,0,1,0,0],"bonePose":[34,0.861604,-0.292811,0.292811,0.861604,427.465228,-548.825237,44,0.864772,-0.283319,0.283319,0.864772,449.944483,-556.464668,31,0.861143,-0.294164,0.294164,0.861143,414.882705,-568.162518],"edges":[5,4,4,3,3,2,2,1,1,0,0,13,13,12,12,11,11,10,10,9,9,8,8,7,7,6,6,5],"userEdges":[]}]},{"name":"qylegR","display":[{"type":"mesh","name":"qylegR","width":111,"height":266,"vertices":[449.01,-231.19,441.53,-206.13,440.41,-185.1,451.51,-165.21,466.12,-134.61,466.12,-109.96,453.99,-50.32,428.51,-50.32,417.39,-154.27,407.66,-172.9,397.99,-196.79,379.44,-209.54,365.1,-286.88,385.61,-292.36,410.65,-292.37,426.27,-287.85,439.11,-284.15,393.84,-213.65,421.23,-238.69,431.79,-239.47],"uvs":[0.8307,0.25277,0.75663,0.35625,0.74553,0.44314,0.85547,0.52536,0.99998,0.65177,1,0.75362,0.87989,0.99999,0.6275,0.99999,0.51747,0.57055,0.42123,0.49351,0.3255,0.39485,0.14184,0.34216,0,0.02262,0.20309,0,0.45103,0,0.60568,0.01864,0.73268,0.03394,0.28444,0.32521,0.55563,0.22175,0.66023,0.21852],"triangles":[16,19,0,7,6,5,8,7,5,8,5,4,3,8,4,19,1,0,2,8,3,15,18,19,15,19,16,9,8,2,18,17,1,17,10,1,19,18,1,10,2,1,10,9,2,14,18,15,14,13,18,12,17,18,13,12,18,12,11,17,17,11,10],"weights":[1,7,1,1,7,1,2,7,0.9629,11,0.03709,2,7,0.37696,11,0.62303,1,11,1,1,11,1,1,11,1,1,11,1,2,7,0.26411,11,0.73588,2,7,0.98564,11,0.01435,1,7,1,1,7,1,1,7,1,1,7,1,1,7,1,1,7,1,1,7,1,1,7,1,1,7,1,1,7,1],"slotPose":[1,0,0,1,0,0],"bonePose":[7,0.123816,0.901537,-0.901537,0.123816,408.5263,-303.485,11,0.175195,0.892976,-0.892976,0.175195,428.031556,-161.328111],"edges":[12,11,11,10,10,9,9,8,8,7,7,6,6,5,5,4,4,3,3,2,2,1,1,0,0,16,16,15,15,14,14,13,13,12],"userEdges":[]}]},{"name":"qyfootL","display":[{"type":"mesh","name":"qyfootL","width":184,"height":111,"vertices":[414.47,-297.04,413.3,-240.99,408.02,-214.59,387.9,-214.71,375.27,-226.39,374.59,-259.76,358.85,-274.58,269.87,-273.92,247.05,-284.22,247.05,-298.93,265.79,-308.98,290.59,-315.64,312.6,-315.64,371.54,-303.97,406.36,-304.2],"uvs":[1,0.18376,0.99298,0.73869,0.96143,0.99999,0.84125,0.9989,0.76576,0.88322,0.76179,0.55288,0.66781,0.40632,0.1364,0.41316,0,0.31128,0,0.16558,0.11195,0.06599,0.26005,0,0.3915,0,0.74355,0.11533,0.95158,0.1128],"triangles":[13,5,14,3,2,1,4,3,1,5,1,0,14,5,0,5,4,1,13,6,5,12,6,13,12,7,6,11,7,12,10,7,11,9,8,10,10,8,7],"weights":[2,9,0.29747,13,0.70252,1,13,1,1,13,1,1,13,1,1,13,1,2,9,0.21754,13,0.78245,2,9,0.94235,13,0.05764,1,9,1,1,9,1,1,9,1,1,9,1,1,9,1,1,9,1,1,9,1,2,9,0.45392,13,0.54606],"slotPose":[1,0,0,1,0,0],"bonePose":[9,0.905641,0.088959,-0.088959,0.905641,257.513655,-299.643084,13,0.072189,0.907132,-0.907132,0.072189,392.213991,-286.549021],"edges":[8,7,7,6,6,5,5,4,4,3,3,2,2,1,1,0,0,14,14,13,13,12,12,11,11,10,10,9,9,8],"userEdges":[]}]},{"name":"qyhair8","display":[{"type":"mesh","name":"qyhair8","width":47,"height":38,"vertices":[431.82,-512.19,414.69,-522.44,405.49,-522.03,393.59,-526.33,389.03,-540.4,389.02,-543.5,399.8,-546.71,410.93,-546.72,426.37,-541.04],"uvs":[1,1,0.59971,0.70272,0.38458,0.71409,0.10631,0.58948,0,0.182,0,0.09226,0.25252,0,0.5126,0,0.87353,0.16524],"triangles":[8,1,0,7,1,8,6,3,2,6,2,7,7,2,1,4,3,6,5,4,6],"weights":[1,41,1,2,20,0.38218,41,0.61781,2,20,0.93503,41,0.06496,1,20,1,1,20,1,1,20,1,1,20,1,2,20,0.99309,41,0.0069,2,20,0.30993,41,0.69006],"slotPose":[1,0,0,1,0,0],"bonePose":[41,0.759537,0.501203,-0.501203,0.759537,417.118625,-532.182173,20,0.850522,0.323593,-0.323593,0.850522,391.955373,-541.639039],"edges":[4,3,3,2,2,1,1,0,0,8,8,7,7,6,6,5,5,4],"userEdges":[]}]},{"name":"qyhip","display":[{"type":"mesh","name":"qyhip","width":118,"height":105,"vertices":[44.4,-9.01,45.69,17.01,36.87,41.81,1.55,46.62,-28.14,46.62,-55.67,33.05,-69.07,1.31,-72.3,-28.69,-72.3,-48.27,-53.17,-57.18,-37.59,-58.37,-21.76,-51.98,-0.44,-41.63,20.29,-32.88,-11.45,23.3,6.88,-6.87],"uvs":[0.98901,0.4701,1,0.71798,0.92523,0.95422,0.62592,1,0.37422,1,0.14093,0.87076,0.02739,0.5685,0,0.28271,0,0.0962,0.16209,0.01129,0.29414,0,0.42828,0.06089,0.60892,0.15945,0.78474,0.24274,0.51567,0.77788,0.67106,0.49047],"triangles":[14,2,1,15,14,1,0,15,1,13,15,0,14,3,2,12,15,13,6,14,15,11,6,15,12,11,15,14,4,3,7,6,11,10,7,11,5,4,14,6,5,14,9,7,10,8,7,9],"edges":[7,6,6,5,5,4,4,3,3,2,2,1,1,0,0,13,13,12,12,11,11,10,10,9,9,8,8,7],"userEdges":[]}]},{"name":"qiyalegL","display":[{"name":"qiyalegL","transform":{"x":90.5,"y":1.79,"skX":-169.44,"skY":-169.44}}]},{"name":"qyhair9","display":[{"type":"mesh","name":"qyhair9","width":72,"height":60,"vertices":[477.13,-525.81,473.74,-511.59,462.94,-495.69,446.89,-502.94,428.65,-518.65,418.53,-527.36,417.32,-537.47,433.3,-549.24,454.34,-549.95,468.16,-543.07,482.1,-546.67,437.79,-534.03,460.55,-530.5,452.57,-517.65],"uvs":[0.91397,0.44685,0.86351,0.70744,0.69986,0.99999,0.45425,0.86883,0.17452,0.58295,0.01922,0.42422,0.00001,0.23933,0.24292,0.0219,0.56395,0.00704,0.77562,0.1317,0.98806,0.06418,0.31252,0.30038,0.66057,0.36249,0.53969,0.59865],"triangles":[9,0,10,12,1,0,9,12,0,13,2,1,12,13,1,13,3,2,8,12,9,8,11,12,11,13,12,7,11,8,4,3,13,11,4,13,5,4,11,7,6,11,6,5,11],"weights":[2,30,0.69985,29,0.30014,2,30,0.1808,29,0.81919,1,29,1,1,29,1,2,30,0.00629,29,0.9937,2,30,0.08472,29,0.91527,2,30,0.18414,29,0.81585,2,30,0.96599,29,0.034,1,30,1,1,30,1,1,30,1,1,29,1,2,30,0.63735,29,0.36263,1,29,1],"slotPose":[1,0,0,1,0,0],"bonePose":[30,0.901773,0.122085,-0.122085,0.901773,437.801077,-545.223186,29,0.494689,0.763795,-0.763795,0.494689,440.499542,-535.32871],"edges":[6,5,5,4,4,3,3,2,2,1,1,0,0,10,10,9,9,8,8,7,7,6],"userEdges":[]}]},{"name":"qyarmL","display":[{"type":"mesh","name":"qyarmL","width":222,"height":153,"vertices":[428.29,-466.84,428.24,-453.45,418.9,-427.15,372.23,-388.32,357.49,-398.4,337.38,-384.17,281.67,-356.19,269.05,-367.45,274.47,-400.42,322.7,-421.7,349.32,-435.95,400.13,-476.54,422.26,-477.68],"uvs":[0.99998,0.17944,1,0.27562,0.95419,0.46482,0.72388,0.74489,0.6507,0.67289,0.55149,0.77559,0.27624,0.97793,0.21356,0.89748,0.23977,0.6605,0.47813,0.50638,0.60959,0.40327,0.86038,0.11051,0.96994,0.1017],"triangles":[11,2,1,11,1,0,12,11,0,11,10,2,4,3,2,10,4,2,10,9,4,9,5,4,9,8,5,8,6,5,8,7,6],"weights":[1,14,1,1,14,1,1,14,1,1,14,1,1,14,1,2,14,0.38184,18,0.61815,1,18,1,1,18,1,1,18,1,2,14,0.583,18,0.41699,1,14,1,1,14,1,1,14,1],"slotPose":[1,0,0,1,0,0],"bonePose":[14,-0.701167,0.580056,-0.580056,-0.701167,415.528211,-464.260902,18,-0.877747,0.240124,-0.240124,-0.877747,333.27354,-396.001334],"edges":[7,6,6,5,5,4,4,3,3,2,2,1,1,0,0,12,12,11,11,10,10,9,9,8,8,7],"userEdges":[]}]},{"name":"qyhair11","display":[{"name":"qyhair11","transform":{"x":17.96,"y":-0.71,"skX":-63.55,"skY":-63.55}}]},{"name":"qyhair4","display":[{"type":"mesh","name":"qyhair4","width":81,"height":54,"vertices":[439.08,-546.76,439.07,-541.97,435.49,-523.5,433.19,-521.64,409.26,-524.77,394.53,-527.24,375.75,-533.35,365.38,-543.62,365.39,-553.72,378.01,-566.79,394.01,-570.39,410.62,-568.13,424.05,-560.25,438.41,-562.4],"uvs":[1,0.48049,0.99998,0.57784,0.95133,0.954,0.92009,0.9919,0.59539,0.92847,0.39552,0.87832,0.14067,0.75399,0,0.54489,0,0.33938,0.17124,0.07309,0.3885,0,0.61384,0.04599,0.79613,0.20608,0.99098,0.16225],"triangles":[3,2,1,4,3,1,12,4,1,12,1,0,13,12,0,5,4,11,11,4,12,9,6,10,10,6,5,10,5,11,8,7,6,8,6,9],"weights":[3,38,0.74233,28,0.00002,43,0.25764,2,38,0.91155,43,0.08843,1,38,1,1,38,1,2,26,0.31234,38,0.68765,2,26,0.88569,38,0.1143,1,26,1,2,26,0.91502,28,0.08497,2,26,0.63934,28,0.36065,2,26,0.00157,28,0.99842,1,28,0.99999,2,28,0.62392,43,0.37607,3,38,0.07759,28,0.00112,43,0.92127,3,38,0.23218,28,0.00035,43,0.76745],"slotPose":[1,0,0,1,0,0],"bonePose":[38,0.901667,0.122872,-0.122872,0.901667,406.335728,-542.076338,28,0.906298,-0.082001,0.082001,0.906298,381.165445,-557.829239,43,0.908445,-0.053176,0.053176,0.908445,410.837637,-560.513956,26,0.892854,0.175818,-0.175818,0.892854,380.712857,-547.038452],"edges":[7,6,6,5,5,4,4,3,3,2,2,1,1,0,0,13,13,12,12,11,11,10,10,9,9,8,8,7],"userEdges":[]}]},{"name":"qyhair1","display":[{"name":"qyhair1","transform":{"x":11.43,"y":-2.74,"skX":-3.37,"skY":-3.37}}]},{"name":"qyarmR","display":[{"type":"mesh","name":"qyarmR","width":88,"height":223,"vertices":[516.76,-421.4,549.19,-396.18,548.93,-312.07,535.83,-308.17,530.11,-290.14,511.47,-275.26,497.46,-264.69,489.2,-264.72,497.26,-300.9,487.1,-299.8,484.37,-306.39,509.53,-319.12,506.39,-323.49,516.63,-371,512.64,-383.06,495.8,-392.97,474.32,-405.62,469.28,-431.95,470.28,-451.96,477.79,-467.6,482.09,-467.59,517.4,-440.59,510.18,-306],"uvs":[0.59384,0.22716,0.99998,0.35101,0.99999,0.76561,0.83649,0.78501,0.76586,0.87401,0.53361,0.94768,0.3591,0.99999,0.25577,1,0.35492,0.82154,0.22807,0.82717,0.19358,0.79468,0.50734,0.73146,0.46797,0.70999,0.59416,0.47567,0.54381,0.41623,0.33305,0.36766,0.06412,0.30568,0.00001,0.17587,0.01179,0.0772,0.10511,0,0.15883,0,0.60096,0.13251,0.51612,0.79616],"triangles":[12,11,3,12,3,2,13,12,2,14,13,1,0,14,1,13,2,1,22,4,3,11,22,3,15,14,0,22,5,4,22,8,5,16,15,0,20,18,21,17,0,21,18,17,21,17,16,0,8,6,5,8,22,11,10,9,8,19,18,20,10,8,11,7,6,8],"weights":[1,15,1,2,15,0.49485,17,0.50514,2,17,0.65315,25,0.34684,2,17,0.40414,25,0.59585,2,17,0.02227,25,0.97772,1,25,1,1,25,1,1,25,1,2,46,0.81133,25,0.18866,1,46,1,1,46,1,2,46,0.69677,17,0.30322,2,46,0.52933,17,0.47066,2,15,0.11712,17,0.88287,2,15,0.5848,17,0.41519,2,15,0.96326,17,0.03673,1,15,1,2,10,0.79,15,0.21,1,10,1,1,10,1,2,10,0.79,15,0.21,1,15,1,2,46,0.38634,25,0.61365],"slotPose":[1,0,0,1,0,0],"bonePose":[15,0.637034,0.649837,-0.649837,0.637034,476.869662,-453.50504,17,-0.19975,0.887806,-0.887806,-0.19975,537.539401,-392.122972,25,-0.433237,0.800253,-0.800253,-0.433237,519.791819,-313.698388,46,-0.841518,0.346333,-0.346333,-0.841518,512.209769,-311.811643,10,0.144708,-0.898421,0.898421,0.144708,448.403134,-386.471808],"edges":[17,16,16,15,15,14,14,13,13,12,12,11,11,10,10,9,9,8,8,7,7,6,6,5,5,4,4,3,3,2,2,1,1,0,0,21,21,20,20,19,19,18,18,17],"userEdges":[0,15]}]},{"name":"qyhair6","display":[{"type":"mesh","name":"qyhair6","width":35,"height":46,"vertices":[371.11,-563.13,378.13,-553.84,378.13,-550.4,374.81,-538.31,367.18,-534.94,357.98,-539.42,350.72,-544.41,346.28,-552.71,356.85,-550.37,363,-550.83,363.12,-562.46,365.37,-571.81,369.28,-576.79],"uvs":[0.78036,0.32656,1,0.54879,1,0.63124,0.89512,0.91977,0.65508,1,0.36625,0.89239,0.1388,0.77274,0,0.57418,0.33176,0.63055,0.52477,0.61985,0.52928,0.34215,0.60095,0.11871,0.72397,0],"triangles":[12,11,0,0,9,1,1,9,2,9,3,2,10,9,0,9,4,3,9,5,4,11,10,0,8,5,9,8,6,5,7,6,8],"weights":[1,36,1,1,36,1,1,36,1,2,35,0.96261,36,0.03737,1,35,1,1,35,1,1,35,1,1,35,1,2,35,0.99522,36,0.00477,2,35,0.62483,36,0.37516,2,35,0.00024,36,0.99975,1,36,1,1,36,1],"slotPose":[1,0,0,1,0,0],"bonePose":[36,-0.366354,-0.832997,0.832997,-0.366354,374.420342,-547.043279,35,-0.845569,-0.336322,0.336322,-0.845569,371.268493,-541.196935],"edges":[7,6,6,5,5,4,4,3,3,2,2,1,1,0,0,12,12,11,11,10,10,9,9,8,8,7],"userEdges":[]}]},{"name":"qyhair7","display":[{"type":"mesh","name":"qyhair7","width":43,"height":63,"vertices":[395.8,-529.7,407.51,-518.35,408.35,-516.06,402.29,-516.5,407.94,-498.52,386.95,-500.57,380.48,-504.61,371.75,-518.67,369.92,-528.55,369.93,-546.96,373.99,-554.76,380.26,-555.83,386.89,-548.08,391.83,-542.3],"uvs":[0.66184,0.45571,0.96125,0.65365,0.98262,0.69363,0.82799,0.68591,0.97232,0.99999,0.43582,0.96411,0.27037,0.89374,0.04702,0.64862,0,0.47611,0.00001,0.1549,0.10362,0.01889,0.26415,0.00001,0.4337,0.13537,0.55994,0.23615],"triangles":[3,2,1,0,3,1,3,5,4,0,6,3,6,5,3,7,6,0,13,8,0,8,7,0,9,8,12,12,8,13,11,10,12,10,9,12],"weights":[3,21,0.3273,45,0.57676,50,0.09592,3,21,0.00145,45,0.37399,50,0.62455,2,45,0.36729,50,0.6327,3,21,0.00379,45,0.33758,50,0.65861,1,50,1,2,45,0.31073,50,0.68926,2,45,0.74429,50,0.2557,2,21,0.05963,45,0.94036,2,21,0.71096,45,0.28902,2,21,0.9988,45,0.00119,2,21,0.99934,45,0.00065,1,21,0.99999,2,21,0.9951,45,0.00489,3,21,0.91153,45,0.08821,50,0.00025],"slotPose":[1,0,0,1,0,0],"bonePose":[21,0.091803,0.905357,-0.905357,0.091803,376.664728,-549.736952,45,0.502792,0.758485,-0.758485,0.502792,378.8983,-527.709605,50,0.78376,0.462407,-0.462407,0.78376,390.12778,-510.621189],"edges":[8,7,7,6,6,5,5,4,4,3,3,2,2,1,1,0,0,13,13,12,12,11,11,10,10,9,9,8],"userEdges":[]}]},{"name":"qytL","display":[{"type":"mesh","name":"qytL","width":73,"height":87,"vertices":[21.06,13.96,17.39,-16.98,8.52,-48.88,40.97,-41.67,67.34,-41.52,81.05,-13.69,79.97,16.92,71.55,35.16,51.02,35.26,27.54,35.37,17.93,27.44,54.49,15.63,55.59,-15.97],"uvs":[0.82811,0.25353,0.87116,0.60991,0.98521,0.97826,0.54251,0.88902,0.18132,0.88214,0,0.55964,0.02205,0.20795,0.14154,0,0.42274,0.00289,0.74443,0.0062,0.87417,0.09925,0.3707,0.22771,0.34826,0.59083],"triangles":[1,3,2,11,12,0,9,0,10,0,12,1,12,3,1,9,11,0,8,11,9,12,4,3,5,12,11,6,5,11,7,11,8,5,4,12,7,6,11],"edges":[5,4,4,3,3,2,2,1,1,0,0,10,10,9,9,8,8,7,7,6,6,5],"userEdges":[]}]},{"name":"qyhead","display":[{"type":"mesh","name":"qyhead","width":92,"height":102,"vertices":[6.08,12.31,4.39,7.16,-9.38,-0.81,-16.57,-12.74,-23.35,-24,-22.29,-27.8,-5.71,-44.65,7.65,-44.11,16.89,-52.72,17.74,-60.3,47.16,-63.12,67.19,-54.66,77.67,-36.54,80.15,-19.08,77.55,-6.1,68.31,10.09,54.94,23.52,25.66,-48.38,37.43,-20.15,27.86,-26.91,19.16,-32.4,17.23,-42.35,7.2,-37.17,-1.24,-41.36,-3.03,-33.47,2.95,-32.21,16.23,-29.94,24.5,-22.93,28.55,-16.9,28.09,-7.21,16.23,-12.35,11.8,-19.93,11.37,-41.12,-8.5,-34.39,-8.9,-30,-6.17,-25.14,-2.14,-18.3,-5.97,-28.77,-10.84,-23.79,-12.85,-29.05,-14.01,-24.88,5.8,-22.62,10.62,-9.83,17.19,-3.29,-0.19,-5.48,-10.05,-14.16],"uvs":[0.99357,0.62617,0.94456,0.65578,0.90135,0.80689,0.79746,0.90623,0.69942,0.99998,0.65657,1,0.43163,0.88796,0.39816,0.76025,0.28109,0.69572,0.19916,0.70773,0.08366,0.43739,0.11366,0.22593,0.27261,0.07914,0.44816,0.00966,0.59164,0,0.7883,0.04442,0.96796,0.13523,0.3008,0.60145,0.56194,0.41587,0.51919,0.52406,0.48713,0.62066,0.38865,0.66514,0.47223,0.74622,0.45302,0.83702,0.54082,0.83311,0.53649,0.77323,0.52141,0.64189,0.5706,0.54528,0.62196,0.49117,0.72474,0.46986,0.70555,0.59543,0.63921,0.65728,0.41867,0.71728,0.54728,0.88719,0.59439,0.87944,0.63719,0.84078,0.69712,0.78473,0.59865,0.84853,0.66506,0.88133,0.61583,0.91419,0.66294,0.91417,0.62854,0.72103,0.74842,0.64176,0.79762,0.56254,0.82558,0.7325,0.76355,0.84843],"triangles":[44,2,1,29,43,16,15,29,16,16,43,0,43,1,0,18,29,15,42,44,1,43,42,1,44,45,2,45,3,2,14,18,15,36,45,44,42,36,44,30,42,43,29,30,43,45,40,3,40,4,3,41,36,42,38,40,45,13,18,14,31,41,42,36,38,45,35,38,36,18,28,29,28,30,29,30,31,42,40,5,4,27,31,30,28,27,30,41,35,36,13,12,18,25,37,35,25,35,41,35,34,38,34,39,38,38,39,40,39,33,5,33,6,5,40,39,5,37,34,35,26,41,31,27,26,31,25,24,37,26,25,41,19,27,28,18,19,28,34,33,39,26,22,25,12,11,18,33,34,37,24,33,37,20,26,27,19,20,27,17,19,18,10,17,18,11,10,18,23,24,25,24,23,33,23,6,33,32,22,26,22,23,25,20,32,26,17,20,19,7,23,22,17,21,20,21,32,20,32,7,22,7,6,23,21,7,32,21,8,7,17,8,21,9,8,17,10,9,17],"edges":[10,9,9,8,8,7,7,6,6,5,5,4,4,3,3,2,2,1,1,0,0,16,16,15,15,14,14,13,13,12,12,11,11,10],"userEdges":[]}]},{"name":"qyhair2","display":[{"type":"mesh","name":"qyhair2","width":39,"height":61,"vertices":[378.09,-503.88,378.07,-484.87,361.27,-496.58,357.07,-518.31,346.3,-513.51,342.62,-515.16,356.84,-533.4,360.23,-540.37,375.62,-540.37,377.88,-522.34],"uvs":[0.99999,0.65738,0.99998,0.99998,0.52618,0.7893,0.40735,0.39784,0.10413,0.48459,0,0.45496,0.4002,0.12583,0.49561,0,0.92957,0,0.99405,0.32469],"triangles":[7,6,8,3,2,0,0,2,1,8,6,9,6,3,9,3,0,9,6,5,3,5,4,3],"weights":[1,47,1,1,47,1,1,47,1,3,24,0.01898,47,0.36172,39,0.61929,1,39,1,1,39,1,1,39,1,2,24,0.00724,39,0.99275,1,24,1,2,24,0.54704,47,0.45295],"slotPose":[1,0,0,1,0,0],"bonePose":[47,0.154108,0.896856,-0.896856,0.154108,367.659809,-522.32217,24,-0.037313,0.909235,-0.909235,-0.037313,368.573203,-545.245096,39,-0.618525,0.667478,-0.667478,-0.618525,363.17622,-534.464526],"edges":[5,4,4,3,3,2,2,1,1,0,0,9,9,8,8,7,7,6,6,5],"userEdges":[]}]},{"name":"qyhair10","display":[{"name":"qyhair10","transform":{"x":22.15,"y":3.72,"skX":-63.86,"skY":-63.86}}]},{"name":"qyhair3","display":[{"type":"mesh","name":"qyhair3","width":63,"height":64,"vertices":[420.8,-576.66,425.32,-582.93,428.12,-576.47,420.68,-564.74,410.8,-556.11,398.95,-545.72,387.59,-535.77,377.11,-535.73,370.91,-555.22,370.87,-561.34,377.08,-574.25,386.43,-582.88,399.99,-590.67,400.96,-584.26,404.64,-579.77,421.21,-592.46,395,-566.41,384.83,-543.3,387.83,-550.35],"uvs":[0.8726,0.3004,0.95188,0.19326,0.99998,0.30436,0.86931,0.50501,0.69638,0.65273,0.48872,0.83009,0.28981,1,0.10673,0.99998,0,0.66471,0,0.55957,0.10926,0.33803,0.27288,0.19076,0.51019,0.0579,0.52669,0.16807,0.59082,0.24544,0.88086,0.02921,0.42156,0.47427,0.24213,0.87049,0.29516,0.74963],"triangles":[1,0,2,0,3,2,14,4,3,14,3,0,15,14,0,14,16,4,16,5,4,16,18,5,13,16,14,12,11,13,11,16,13,17,6,5,18,17,5,9,18,16,10,9,16,11,10,16,8,17,18,9,8,18,17,7,6,8,7,17],"weights":[1,33,1,1,33,1,1,33,1,1,33,1,2,32,0.01545,33,0.98454,2,32,0.50983,33,0.49016,2,32,0.93485,33,0.06514,2,32,0.99507,33,0.00492,1,32,1,2,32,0.99517,40,0.00482,2,32,0.44798,40,0.55201,1,40,1,1,40,1,2,40,0.84379,33,0.1562,2,40,0.28327,33,0.71671,1,33,1,3,32,0.21695,40,0.29687,33,0.48616,2,32,0.91855,33,0.08144,2,32,0.89985,33,0.10014],"slotPose":[1,0,0,1,0,0],"bonePose":[33,0.483573,-0.770881,0.770881,0.483573,402.296879,-563.22214,32,0.127906,-0.900966,0.900966,0.127906,382.512692,-553.330143,40,0.449763,-0.791083,0.791083,0.449763,384.772559,-569.507603],"edges":[8,7,7,6,6,5,5,4,4,3,3,2,2,1,1,0,0,15,15,14,14,13,13,12,12,11,11,10,10,9,9,8],"userEdges":[]}]}]}],"animation":[{"duration":120,"name":"animation","bone":[{"name":"qyhip","translateFrame":[{"duration":60,"tweenEasing":0,"x":-23.66},{"duration":60,"tweenEasing":0,"x":-18.28,"y":0.21},{"duration":0,"x":-23.66}]},{"name":"rightleg","translateFrame":[{"duration":60,"tweenEasing":0,"x":-23.66},{"duration":60,"tweenEasing":0,"x":-19.74,"y":14.9},{"duration":0,"x":-23.66}]},{"name":"bone","rotateFrame":[{"duration":60,"tweenEasing":0},{"duration":60,"tweenEasing":0,"rotate":13.09},{"duration":0}]},{"name":"qytL","rotateFrame":[{"duration":60,"tweenEasing":0},{"duration":60,"tweenEasing":0,"rotate":-13.51},{"duration":0}],"scaleFrame":[{"duration":60,"tweenEasing":0},{"duration":60,"tweenEasing":0,"x":0.98},{"duration":0}]},{"name":"leftleg","translateFrame":[{"duration":120,"x":-23.66}]},{"name":"qybody","translateFrame":[{"duration":60,"tweenEasing":0},{"duration":60,"tweenEasing":0,"y":4.89},{"duration":0}],"rotateFrame":[{"duration":60,"tweenEasing":0},{"duration":60,"tweenEasing":0,"rotate":-6.03},{"duration":0}]},{"name":"bone3","rotateFrame":[{"duration":60,"tweenEasing":0},{"duration":60,"tweenEasing":0,"rotate":3.79},{"duration":0}]},{"name":"bone4","rotateFrame":[{"duration":60,"tweenEasing":0},{"duration":60,"tweenEasing":0,"rotate":2.33},{"duration":0}]},{"name":"righthand","translateFrame":[{"duration":60,"tweenEasing":0,"x":-23.66},{"duration":60,"tweenEasing":0,"x":-30.19,"y":6.52},{"duration":0,"x":-23.66}]},{"name":"lefthand","translateFrame":[{"duration":60,"tweenEasing":0,"x":-23.66},{"duration":60,"tweenEasing":0,"x":-26.53,"y":-21.65},{"duration":0,"x":-23.66}]},{"name":"qyarmL","translateFrame":[{"duration":60,"tweenEasing":0},{"duration":60,"tweenEasing":0,"x":0.36,"y":3.05},{"duration":0}]},{"name":"bone7","translateFrame":[{"duration":70,"tweenEasing":0},{"duration":50,"tweenEasing":0,"x":-0.13,"y":-2.74},{"duration":0}],"rotateFrame":[{"duration":70,"tweenEasing":0},{"duration":50,"tweenEasing":0,"rotate":-7.81},{"duration":0}]},{"name":"qyhandL","rotateFrame":[{"duration":70,"tweenEasing":0},{"duration":50,"tweenEasing":0,"rotate":-17.89},{"duration":0}]},{"name":"qyhandL2","rotateFrame":[{"duration":70,"tweenEasing":0},{"duration":50,"tweenEasing":0,"rotate":-25.99},{"duration":0}]},{"name":"qyhead","rotateFrame":[{"duration":60,"tweenEasing":0},{"duration":60,"tweenEasing":0,"rotate":3.95},{"duration":0}]},{"name":"qyhair7","rotateFrame":[{"duration":10,"tweenEasing":0},{"duration":20,"tweenEasing":0,"rotate":1.25},{"duration":30,"tweenEasing":0,"rotate":-6.06},{"duration":10,"tweenEasing":0},{"duration":20,"tweenEasing":0,"rotate":1.25},{"duration":30,"tweenEasing":0,"rotate":-6.06},{"duration":0}]},{"name":"bone9","translateFrame":[{"duration":10,"tweenEasing":0},{"duration":30,"tweenEasing":0,"x":0.01,"y":0.19},{"duration":20,"tweenEasing":0,"x":0.23,"y":-1.85},{"duration":10,"tweenEasing":0},{"duration":30,"tweenEasing":0,"x":0.01,"y":0.19},{"duration":20,"tweenEasing":0,"x":0.23,"y":-1.85},{"duration":0}],"rotateFrame":[{"duration":10,"tweenEasing":0},{"duration":30,"tweenEasing":0,"rotate":3.04},{"duration":20,"tweenEasing":0,"rotate":-3.63},{"duration":10,"tweenEasing":0},{"duration":30,"tweenEasing":0,"rotate":3.04},{"duration":20,"tweenEasing":0,"rotate":-3.63},{"duration":0}]},{"name":"bone10","translateFrame":[{"duration":40,"tweenEasing":0},{"duration":20,"tweenEasing":0,"x":-1.53,"y":-2.36},{"duration":40,"tweenEasing":0},{"duration":20,"tweenEasing":0,"x":-1.53,"y":-2.36},{"duration":0}],"rotateFrame":[{"duration":40,"tweenEasing":0},{"duration":20,"tweenEasing":0,"rotate":-5.54},{"duration":40,"tweenEasing":0},{"duration":20,"tweenEasing":0,"rotate":-5.54},{"duration":0}]},{"name":"qyhair1","translateFrame":[{"duration":30,"tweenEasing":0},{"duration":30,"tweenEasing":0},{"duration":30,"tweenEasing":0,"x":0.51,"y":-2.51},{"duration":30,"tweenEasing":0,"x":0.51,"y":-2.51},{"duration":0}],"rotateFrame":[{"duration":30,"tweenEasing":0},{"duration":30,"tweenEasing":0,"rotate":-7.05},{"duration":30,"tweenEasing":0},{"duration":30,"tweenEasing":0,"rotate":-12.63},{"duration":0}]},{"name":"qyhair2","rotateFrame":[{"duration":10,"tweenEasing":0},{"duration":20,"tweenEasing":0,"rotate":1.25},{"duration":30,"tweenEasing":0,"rotate":-3.31},{"duration":10,"tweenEasing":0},{"duration":20,"tweenEasing":0,"rotate":1.25},{"duration":30,"tweenEasing":0,"rotate":-3.31},{"duration":0}]},{"name":"qyhair6","rotateFrame":[{"duration":10,"tweenEasing":0},{"duration":30,"tweenEasing":0,"rotate":4.11},{"duration":20,"tweenEasing":0,"rotate":-15.79},{"duration":10,"tweenEasing":0},{"duration":30,"tweenEasing":0,"rotate":4.11},{"duration":20,"tweenEasing":0,"rotate":-15.79},{"duration":0}]},{"name":"qyhair8","rotateFrame":[{"duration":10,"tweenEasing":0},{"duration":30,"tweenEasing":0,"rotate":4.2},{"duration":20,"tweenEasing":0,"rotate":-13.43},{"duration":10,"tweenEasing":0},{"duration":30,"tweenEasing":0,"rotate":4.2},{"duration":20,"tweenEasing":0,"rotate":-13.43},{"duration":0}]},{"name":"qyhair4","rotateFrame":[{"duration":10,"tweenEasing":0},{"duration":20,"tweenEasing":0,"rotate":2.99},{"duration":30,"tweenEasing":0,"rotate":-1.86},{"duration":10,"tweenEasing":0},{"duration":20,"tweenEasing":0,"rotate":2.99},{"duration":30,"tweenEasing":0,"rotate":-1.86},{"duration":0}]},{"name":"bone12","translateFrame":[{"duration":40,"tweenEasing":0},{"duration":20,"tweenEasing":0,"x":0.27,"y":-1.98},{"duration":40,"tweenEasing":0},{"duration":20,"tweenEasing":0,"x":0.27,"y":-1.98},{"duration":0}],"rotateFrame":[{"duration":40,"tweenEasing":0},{"duration":20,"tweenEasing":0,"rotate":-7.83},{"duration":40,"tweenEasing":0},{"duration":20,"tweenEasing":0,"rotate":-7.83},{"duration":0}]},{"name":"qyhair5","rotateFrame":[{"duration":10,"tweenEasing":0},{"duration":20,"tweenEasing":0,"rotate":2.99},{"duration":30,"tweenEasing":0,"rotate":-4.15},{"duration":10,"tweenEasing":0},{"duration":20,"tweenEasing":0,"rotate":2.99},{"duration":30,"tweenEasing":0,"rotate":-4.15},{"duration":0}]},{"name":"bone13","rotateFrame":[{"duration":10,"tweenEasing":0},{"duration":30,"tweenEasing":0,"rotate":5.07},{"duration":20,"tweenEasing":0,"rotate":-3.43},{"duration":10,"tweenEasing":0},{"duration":30,"tweenEasing":0,"rotate":5.07},{"duration":20,"tweenEasing":0,"rotate":-3.43},{"duration":0}]},{"name":"qyhair9","rotateFrame":[{"duration":30,"tweenEasing":0},{"duration":30,"tweenEasing":0,"rotate":-1.39},{"duration":30,"tweenEasing":0},{"duration":30,"tweenEasing":0,"rotate":-1.39},{"duration":0}]},{"name":"bone14","rotateFrame":[{"duration":40,"tweenEasing":0},{"duration":20,"tweenEasing":0,"rotate":-13.58},{"duration":40,"tweenEasing":0},{"duration":20,"tweenEasing":0,"rotate":-13.58},{"duration":0}]},{"name":"qyhair10","rotateFrame":[{"duration":10,"tweenEasing":0},{"duration":20,"tweenEasing":0,"rotate":2.99},{"duration":30,"tweenEasing":0,"rotate":-0.91},{"duration":10,"tweenEasing":0},{"duration":20,"tweenEasing":0,"rotate":2.99},{"duration":30,"tweenEasing":0,"rotate":-0.91},{"duration":0}]},{"name":"qyhair11","rotateFrame":[{"duration":10,"tweenEasing":0},{"duration":20,"tweenEasing":0,"rotate":5.07},{"duration":30,"tweenEasing":0,"rotate":-1.84},{"duration":10,"tweenEasing":0},{"duration":20,"tweenEasing":0,"rotate":5.07},{"duration":30,"tweenEasing":0,"rotate":-1.84},{"duration":0}]},{"name":"qyhair12","rotateFrame":[{"duration":10,"tweenEasing":0},{"duration":20,"tweenEasing":0,"rotate":2.95},{"duration":30,"tweenEasing":0,"rotate":-2.03},{"duration":10,"tweenEasing":0},{"duration":20,"tweenEasing":0,"rotate":2.95},{"duration":30,"tweenEasing":0,"rotate":-2.03},{"duration":0}]},{"name":"qyhair13","rotateFrame":[{"duration":10,"tweenEasing":0},{"duration":20,"tweenEasing":0,"rotate":5.07},{"duration":30,"tweenEasing":0,"rotate":-1.09},{"duration":10,"tweenEasing":0},{"duration":20,"tweenEasing":0,"rotate":5.07},{"duration":30,"tweenEasing":0,"rotate":-1.09},{"duration":0}]},{"name":"bone16","translateFrame":[{"duration":40,"tweenEasing":0},{"duration":20,"tweenEasing":0,"x":0.33,"y":-1.12},{"duration":40,"tweenEasing":0},{"duration":20,"tweenEasing":0,"x":0.33,"y":-1.12},{"duration":0}],"rotateFrame":[{"duration":40,"tweenEasing":0},{"duration":20,"tweenEasing":0,"rotate":-6.3},{"duration":40,"tweenEasing":0},{"duration":20,"tweenEasing":0,"rotate":-6.3},{"duration":0}]},{"name":"qyhair14","rotateFrame":[{"duration":10,"tweenEasing":0},{"duration":30,"tweenEasing":0,"rotate":5.07},{"duration":20,"tweenEasing":0,"rotate":-3.55},{"duration":10,"tweenEasing":0},{"duration":30,"tweenEasing":0,"rotate":5.07},{"duration":20,"tweenEasing":0,"rotate":-3.55},{"duration":0}]},{"name":"qyhair15","rotateFrame":[{"duration":10,"tweenEasing":0},{"duration":20,"tweenEasing":0,"rotate":2.95},{"duration":30,"tweenEasing":0,"rotate":-9.46},{"duration":10,"tweenEasing":0},{"duration":20,"tweenEasing":0,"rotate":2.95},{"duration":30,"tweenEasing":0,"rotate":-9.46},{"duration":0}]},{"name":"qyhair16","rotateFrame":[{"duration":10,"tweenEasing":0},{"duration":20,"tweenEasing":0,"rotate":2.95},{"duration":30,"tweenEasing":0,"rotate":-0.77},{"duration":10,"tweenEasing":0},{"duration":20,"tweenEasing":0,"rotate":2.95},{"duration":30,"tweenEasing":0,"rotate":-0.77},{"duration":0}]},{"name":"qyhair17","rotateFrame":[{"duration":10,"tweenEasing":0},{"duration":20,"tweenEasing":0,"rotate":4.16},{"duration":30,"tweenEasing":0,"rotate":-5.43},{"duration":10,"tweenEasing":0},{"duration":20,"tweenEasing":0,"rotate":4.16},{"duration":30,"tweenEasing":0,"rotate":-5.43},{"duration":0}]}],"ffd":[{"name":"qyarmL","slot":"qyarmL","frame":[{"duration":60,"tweenEasing":0},{"duration":60,"tweenEasing":0,"vertices":[5.98,0.09,5.98,0.09,4.8,4.56,-8.29,4.37,-4.17,3.68,-2.47,2.44,-3.16,-1.99,-1.89,-8.09,-1.88,0.32,1.77,1.97,6.42,-4.02,2.97,1.54]},{"duration":0}]},{"name":"qybody","slot":"qybody","frame":[{"duration":60,"tweenEasing":0},{"duration":60,"tweenEasing":0,"offset":2,"vertices":[1.22,-6.57,1.54,-1.79,2.48,-5.44,0,0,2.87,-0.17,0,0,1.81,-3.61,3.36,-4.87,1.59,3.46,-1.1,4.21,0,0,0,0,0,0,0,0,0,0,0,0,0,0,10.39,0.18,0,0,10.38,0.48,9.98,5.93,9.79,6.25,4.26,-1.88]},{"duration":0}]},{"name":"qyfootL","slot":"qyfootL","frame":[{"duration":60,"tweenEasing":0},{"duration":60,"tweenEasing":0,"vertices":[-2.79,0.74,0,0,0.93,2.74,0,0,-0.63,-3.36,-3.44,1.98,-1.49,-0.32,-4.86,0,0,0,0,0,0,0,1.92,-0.19,2.02,0.77,0,0,-2.17,3.45]},{"duration":0}]},{"name":"qyhead","slot":"qyhead","frame":[{"duration":60,"tweenEasing":0},{"duration":60,"tweenEasing":0,"vertices":[0.3,-0.52,-0.33,-2.2,0.01,-2.62,-0.6,-1.34,0.26,-1.17,0,0,-0.89,3.72,0,0,0,0,0,0,0,0,0,0,0,0,0,0,0,0,0,0,-0.9,2.53,0,0,0,0,0.57,-1.82,0.52,-1.6,0,0,0.41,-2.01,0.41,-2.01,0.1,-0.5,0.31,-1.51,-0.82,-1.68,-0.29,-3.32,-0.29,-3.32,0.41,-2.01,-0.29,-3.32,-0.29,-3.32,0,0,0.34,-2.28,0.17,-3.19,-0.19,-1.61,0.41,-2.01,0.17,-3.19,0.41,-2.01,0.24,-1.17,0.41,-2.01,0.41,-2.01,0.41,-2.01,0,0,0.31,-1.51,0.31,-1.51]},{"duration":0}]},{"name":"qyhip","slot":"qyhip","frame":[{"duration":60,"tweenEasing":0},{"duration":60,"tweenEasing":0,"offset":2,"vertices":[-1.97,2.82,-5.08,1.41,0,0,0,0,0,0,-0.85,14.66,-0.85,3.67,0.56,4.51,-0.85,8.18,3.67,7.05,0,0,0,0,0,0,3.1,8.46,7.61]},{"duration":0}]},{"name":"qytL","slot":"qytL","frame":[{"duration":60,"tweenEasing":0},{"duration":60,"tweenEasing":0,"vertices":[-0.79,3.58,-8.45,5.76,-6.45,-1.73,-4.02,-1.88,0,0,-1.68,7.55,-0.79,3.58,0.5,-2.25,0.5,-2.25,0,0,0,0,-0.79,3.58,-1.68,7.55]},{"duration":0}]}]}],"defaultActions":[{"gotoAndPlay":"animation"}]}]}