{"frameRate":30,"isGlobal":0,"armature":[{"skin":[{"name":"","slot":[{"display":[{"path":"ys_xiaochou_eff_pz","type":"image","name":"ys_xiaochou_eff_pz","transform":{"scX":6.271,"y":-58.63,"scY":11.561,"x":4.63}}],"name":"ys_xiaochou_eff_pz"},{"display":[{"path":"ys_xiaochou_eff_02","type":"image","name":"ys_xiaochou_eff_02","transform":{"skX":60.22,"skY":60.22,"y":-2.91,"x":16.96}}],"name":"ys_xiaochou_eff_02"},{"display":[{"slotPose":[1,0,0,1,0,0],"userEdges":[19,0,18,1,17,2,16,3,15,4,14,5,13,6,12,7,11,8],"vertices":[12.69,-64.66,12.69,-59.82,12.68,-54.76,12.68,-49.27,12.68,-44.43,12.68,-38.93,12.67,-33.66,12.67,-28.82,12.67,-22.44,12.67,-16.36,-9.32,-16.36,-9.32,-22.22,-9.32,-29.26,-9.32,-34.1,-9.31,-40.04,-9.31,-45.32,-9.31,-50.39,-9.31,-55.44,-9.3,-60.5,-9.3,-65.34,-9.3,-71.36,12.7,-71.33],"edges":[10,9,9,8,8,7,7,6,6,5,5,4,4,3,3,2,2,1,1,0,0,21,21,20,20,19,19,18,18,17,17,16,16,15,15,14,14,13,13,12,12,11,11,10],"weights":[3,5,0.00616,6,0.31858,7,0.67524,3,5,0.06257,6,0.63627,7,0.30114,4,4,0.00157,5,0.25255,6,0.6835,7,0.06235,4,4,0.04066,5,0.58167,6,0.37572,7,0.00193,4,3,0.00172,4,0.1826,5,0.69624,6,0.11941,4,3,0.0473,4,0.48383,5,0.4564,6,0.01245,3,3,0.22848,4,0.61211,5,0.15939,3,3,0.54562,4,0.42143,5,0.03293,2,3,0.90121,4,0.09878,2,3,0.99663,4,0.00336,2,3,0.99864,4,0.00135,2,3,0.91419,4,0.0858,3,3,0.49218,4,0.48123,5,0.02657,3,3,0.16023,4,0.67063,5,0.16912,4,3,0.00965,4,0.42253,5,0.55017,6,0.01763,3,4,0.12481,5,0.71966,6,0.1555,4,4,0.01345,5,0.5125,6,0.46868,7,0.00535,3,5,0.18013,6,0.74659,7,0.07326,3,5,0.027,6,0.66193,7,0.31105,3,5,0.00025,6,0.34755,7,0.65219,2,6,0.14712,7,0.85287,2,6,0.07181,7,0.92818],"path":"ys_xiaochou_eff_03","type":"mesh","transform":{},"triangles":[20,19,21,11,10,9,11,9,8,11,8,7,12,11,7,12,7,6,13,12,6,21,19,0,19,18,0,15,14,4,15,4,3,16,15,3,16,3,2,17,16,2,0,18,1,17,2,1,18,17,1,13,6,5,14,13,5,4,14,5],"width":22,"height":55,"name":"ys_xiaochou_eff_03","bonePose":[5,0.0006981316440874891,-0.999999756306074,0.999999756306074,0.0006981316440874891,1.576611452929541,-39.56119746758725,6,0.028096103174849094,-0.9996052265701636,0.9996052265701636,0.028096103174849094,1.5845282657734931,-50.90119470409813,7,0.18583811084256127,-0.9825803766402358,0.9825803766402358,0.18583811084256127,1.9214005428399337,-62.8864613706744,4,0.00034906584331000654,-0.9999999390765166,0.9999999390765166,0.00034906584331000654,1.5729951307928494,-29.201198098754535,3,-9.020562075079396e-17,-1,1,-9.020562075079396e-17,1.5729951307928505,-17.541198098754535],"uvs":[1,0.12128,1,0.20928,1,0.30128,1,0.40128,1,0.48928,1,0.58928,1,0.68528,1,0.77328,1,0.88928,1,1,0,1,0,0.89328,0,0.76528,0,0.67728,0,0.56928,0,0.47328,0,0.38128,0,0.28928,0,0.19728,0,0.10928,0,0,1,0]}],"name":"ys_xiaochou_eff_03"},{"display":[{"path":"ys_xiaochou_eff_04","type":"image","name":"ys_xiaochou_eff_04","transform":{"skX":91.7,"skY":91.7,"y":6.09,"x":50.59}}],"name":"ys_xiaochou_eff_04"},{"display":[{"path":"ys_xiaochou_eff_01","type":"image","name":"ys_xiaochou_eff_01","transform":{"y":-38.92,"x":1.8}}],"name":"ys_xiaochou_eff_01"}]}],"slot":[{"name":"ys_xiaochou_eff_pz","parent":"root","color":{}},{"z":1,"name":"ys_xiaochou_eff_01","parent":"ys_xiaochou_eff_01","color":{}},{"z":2,"displayIndex":-1,"name":"ys_xiaochou_eff_04","parent":"ys_xiaochou_eff_04","color":{}},{"z":3,"displayIndex":-1,"name":"ys_xiaochou_eff_03","parent":"ys_xiaochou_eff_03","color":{}},{"z":4,"displayIndex":-1,"name":"ys_xiaochou_eff_02","parent":"ys_xiaochou_eff_02","color":{}}],"type":"Armature","ik":[],"defaultActions":[{"gotoAndPlay":"0000_xiangzi"}],"animation":[{"ffd":[],"frame":[],"duration":30,"ik":[],"bone":[{"frame":[{"tweenEasing":0,"duration":5,"transform":{"scX":1.026,"scY":1.056}},{"duration":15,"transform":{}},{"duration":10,"transform":{}},{"duration":0,"transform":{}}],"name":"root"},{"frame":[{"duration":5,"transform":{}},{"duration":15,"transform":{}},{"duration":10,"transform":{}},{"duration":0,"transform":{}}],"name":"ys_xiaochou_eff_01"},{"frame":[{"duration":5,"transform":{}},{"duration":15,"transform":{}},{"duration":10,"transform":{}},{"duration":0,"transform":{}}],"name":"ys_xiaochou_eff_04"},{"frame":[{"tweenEasing":0,"duration":5,"transform":{"scX":0.674}},{"tweenEasing":0,"duration":15,"transform":{"skX":3.18,"skY":3.18,"scX":0.995}},{"tweenEasing":0,"duration":10,"transform":{"skX":2.95,"skY":2.95,"scX":0.924}},{"duration":0,"transform":{"skX":2.95,"skY":2.95}}],"name":"ys_xiaochou_eff_03"},{"frame":[{"tweenEasing":0,"duration":5,"transform":{"skX":3.53,"skY":3.53}},{"tweenEasing":0,"duration":15,"transform":{"skX":5.08,"skY":5.08}},{"tweenEasing":0,"duration":10,"transform":{"skX":3.87,"skY":3.87,"y":0.11,"x":-2.53}},{"duration":0,"transform":{"skX":3.87,"skY":3.87}}],"name":"bone"},{"frame":[{"tweenEasing":0,"duration":5,"transform":{"skX":1.63,"skY":1.63}},{"tweenEasing":0,"duration":15,"transform":{"skX":2.54,"skY":2.54}},{"tweenEasing":0,"duration":10,"transform":{"skX":-1.84,"skY":-1.84,"y":0.03,"x":-2.86}},{"duration":0,"transform":{"skX":-1.84,"skY":-1.84}}],"name":"bone2"},{"frame":[{"tweenEasing":0,"duration":5,"transform":{"skX":1.74,"skY":1.74}},{"tweenEasing":0,"duration":15,"transform":{"skX":3.52,"skY":3.52}},{"tweenEasing":0,"duration":10,"transform":{"skX":2.64,"skY":2.64,"y":-0.05,"x":-2.86}},{"duration":0,"transform":{"skX":2.64,"skY":2.64}}],"name":"bone3"},{"frame":[{"tweenEasing":0,"duration":5,"transform":{"skX":1.39,"skY":1.39}},{"tweenEasing":0,"duration":15,"transform":{"skX":2.31,"skY":2.31}},{"tweenEasing":0,"duration":10,"transform":{"skX":-4.53,"skY":-4.53,"y":-0.46,"x":-4.57}},{"duration":0,"transform":{"skX":-4.53,"skY":-4.53}}],"name":"bone4"},{"frame":[{"tweenEasing":0,"duration":5,"transform":{"skX":-1.02,"skY":-1.02,"scX":1.434,"scY":1.095}},{"tweenEasing":0,"duration":15,"transform":{"skX":-4.6,"skY":-4.6}},{"tweenEasing":0,"duration":10,"transform":{"skX":-10.34,"skY":-10.34,"scX":1.066,"scY":1.066}},{"duration":0,"transform":{"skX":-10.34,"skY":-10.34}}],"name":"ys_xiaochou_eff_02"}],"slot":[{"frame":[{"tweenEasing":0,"displayIndex":-1,"duration":5,"color":{"aM":0}},{"tweenEasing":0,"displayIndex":-1,"duration":15,"color":{"aM":71}},{"tweenEasing":0,"displayIndex":-1,"duration":10},{"tweenEasing":null,"displayIndex":-1,"duration":0,"color":{"aM":0}}],"name":"ys_xiaochou_eff_01"},{"frame":[{"tweenEasing":0,"duration":5},{"tweenEasing":null,"duration":15},{"tweenEasing":0,"duration":10},{"tweenEasing":null,"duration":0,"color":{"aM":0}}],"name":"ys_xiaochou_eff_02"},{"frame":[{"tweenEasing":0,"duration":5},{"tweenEasing":null,"duration":15},{"tweenEasing":0,"duration":10},{"tweenEasing":null,"duration":0,"color":{"aM":0}}],"name":"ys_xiaochou_eff_03"},{"frame":[{"tweenEasing":0,"duration":5},{"tweenEasing":null,"duration":15},{"tweenEasing":0,"duration":10},{"tweenEasing":null,"duration":0,"color":{"aM":0}}],"name":"ys_xiaochou_eff_04"},{"frame":[{"tweenEasing":0,"duration":20},{"tweenEasing":0,"displayIndex":-1,"duration":10},{"tweenEasing":null,"displayIndex":-1,"duration":0}],"name":"ys_xiaochou_eff_pz"}],"name":"0000_xiangzi"},{"ffd":[],"frame":[],"duration":30,"ik":[],"bone":[{"frame":[{"tweenEasing":0,"duration":5,"transform":{"scX":1.026,"scY":1.056}},{"duration":15,"transform":{}},{"duration":10,"transform":{}},{"duration":0,"transform":{}}],"name":"root"},{"frame":[{"duration":5,"transform":{}},{"duration":15,"transform":{}},{"duration":10,"transform":{}},{"duration":0,"transform":{}}],"name":"ys_xiaochou_eff_01"},{"frame":[{"duration":5,"transform":{}},{"duration":15,"transform":{}},{"duration":10,"transform":{}},{"duration":0,"transform":{}}],"name":"ys_xiaochou_eff_04"},{"frame":[{"tweenEasing":0,"duration":5,"transform":{"scX":0.674}},{"tweenEasing":0,"duration":15,"transform":{"skX":3.18,"skY":3.18,"scX":0.995}},{"tweenEasing":0,"duration":10,"transform":{"skX":2.95,"skY":2.95,"scX":0.924}},{"duration":0,"transform":{"skX":2.95,"skY":2.95}}],"name":"ys_xiaochou_eff_03"},{"frame":[{"tweenEasing":0,"duration":5,"transform":{"skX":3.53,"skY":3.53}},{"tweenEasing":0,"duration":15,"transform":{"skX":5.08,"skY":5.08}},{"tweenEasing":0,"duration":10,"transform":{"skX":3.87,"skY":3.87,"y":0.11,"x":-2.53}},{"duration":0,"transform":{"skX":3.87,"skY":3.87}}],"name":"bone"},{"frame":[{"tweenEasing":0,"duration":5,"transform":{"skX":1.63,"skY":1.63}},{"tweenEasing":0,"duration":15,"transform":{"skX":2.54,"skY":2.54}},{"tweenEasing":0,"duration":10,"transform":{"skX":-1.84,"skY":-1.84,"y":0.03,"x":-2.86}},{"duration":0,"transform":{"skX":-1.84,"skY":-1.84}}],"name":"bone2"},{"frame":[{"tweenEasing":0,"duration":5,"transform":{"skX":1.74,"skY":1.74}},{"tweenEasing":0,"duration":15,"transform":{"skX":3.52,"skY":3.52}},{"tweenEasing":0,"duration":10,"transform":{"skX":2.64,"skY":2.64,"y":-0.05,"x":-2.86}},{"duration":0,"transform":{"skX":2.64,"skY":2.64}}],"name":"bone3"},{"frame":[{"tweenEasing":0,"duration":5,"transform":{"skX":1.39,"skY":1.39}},{"tweenEasing":0,"duration":15,"transform":{"skX":2.31,"skY":2.31}},{"tweenEasing":0,"duration":10,"transform":{"skX":-4.53,"skY":-4.53,"y":-0.46,"x":-4.57}},{"duration":0,"transform":{"skX":-4.53,"skY":-4.53}}],"name":"bone4"},{"frame":[{"tweenEasing":0,"duration":5,"transform":{"skX":-1.02,"skY":-1.02,"scX":1.434,"scY":1.095}},{"tweenEasing":0,"duration":15,"transform":{"skX":-4.6,"skY":-4.6}},{"tweenEasing":0,"duration":10,"transform":{"skX":-10.34,"skY":-10.34,"scX":1.066,"scY":1.066}},{"duration":0,"transform":{"skX":-10.34,"skY":-10.34}}],"name":"ys_xiaochou_eff_02"}],"slot":[{"frame":[{"tweenEasing":0,"displayIndex":-1,"duration":5,"color":{"aM":0}},{"tweenEasing":0,"displayIndex":-1,"duration":15,"color":{"aM":71}},{"tweenEasing":0,"displayIndex":-1,"duration":10},{"tweenEasing":null,"displayIndex":-1,"duration":0,"color":{"aM":0}}],"name":"ys_xiaochou_eff_01"},{"frame":[{"tweenEasing":0,"duration":5},{"tweenEasing":null,"duration":15},{"tweenEasing":0,"duration":10},{"tweenEasing":null,"duration":0,"color":{"aM":0}}],"name":"ys_xiaochou_eff_02"},{"frame":[{"tweenEasing":0,"duration":5},{"tweenEasing":null,"duration":15},{"tweenEasing":0,"duration":10},{"tweenEasing":null,"duration":0,"color":{"aM":0}}],"name":"ys_xiaochou_eff_03"},{"frame":[{"tweenEasing":0,"duration":5},{"tweenEasing":null,"duration":15},{"tweenEasing":0,"duration":10},{"tweenEasing":null,"duration":0,"color":{"aM":0}}],"name":"ys_xiaochou_eff_04"},{"frame":[{"tweenEasing":0,"duration":20},{"tweenEasing":0,"displayIndex":-1,"duration":10},{"tweenEasing":null,"displayIndex":-1,"duration":0}],"name":"ys_xiaochou_eff_pz"}],"name":"0001_xiaochou2"}],"bone":[{"name":"root","transform":{}},{"length":46,"transform":{"skX":-91.7,"skY":-91.7,"y":1.97,"x":-2.56},"parent":"root","name":"ys_xiaochou_eff_04"},{"transform":{"y":-9.77,"x":0.27},"name":"ys_xiaochou_eff_01","parent":"root"},{"length":11,"transform":{"skX":1.7,"skY":1.7,"y":4.71,"x":19.38},"parent":"ys_xiaochou_eff_04","name":"ys_xiaochou_eff_03"},{"length":10,"transform":{"skX":0.02,"skY":0.02,"x":11.66},"parent":"ys_xiaochou_eff_03","name":"bone"},{"length":11,"transform":{"skX":0.02,"skY":0.02,"x":10.36},"parent":"bone","name":"bone2"},{"length":11,"transform":{"skX":1.57,"skY":1.57,"x":11.34},"parent":"bone2","name":"bone3"},{"length":10,"transform":{"skX":9.1,"skY":9.1,"x":11.99},"parent":"bone3","name":"bone4"},{"length":42,"transform":{"skX":18.92,"skY":18.92,"y":-0.43,"x":7.62},"parent":"bone4","name":"ys_xiaochou_eff_02"}],"aabb":{"width":210,"y":-153.69,"height":210,"x":-102.93},"name":"armatureName","frameRate":30}],"name":"ys_xiaochou_eff","version":"4.0"}