{"frameRate":30,"name":"gw_007_heiyiren","version":"5.5","compatibleVersion":"5.5","armature":[{"type":"Armature","frameRate":30,"name":"armatureName","aabb":{"x":-40.39,"y":-264.5,"width":87.38,"height":272.25},"bone":[{"name":"root"},{"name":"Fuji","parent":"root","transform":{"x":0.11,"y":32.2}},{"name":"gw_007_heiyiren_pz","parent":"root","transform":{"x":0.02,"y":-21.75}},{"name":"buff_flo","parent":"root"},{"name":"buff_mid","parent":"root","transform":{"y":-141.97}},{"name":"buff_up","parent":"root","transform":{"y":-256.07}},{"name":"wt_tanshe_eff/nengliangjianzadi_00013","parent":"root","transform":{"x":222.82,"y":-123.48,"skX":90,"skY":90}},{"name":"wt_shoubijiacha_eff/0_00000","parent":"root","transform":{"x":170.9,"y":-118.14}},{"name":"tui2","parent":"Fuji","transform":{"x":20.11,"y":-47.95}},{"name":"Role","parent":"Fuji","transform":{"x":3.76,"y":-149.12,"scY":1.278}},{"name":"jiao1","parent":"Fuji","transform":{"x":-22.18,"y":-34.49}},{"name":"guang01","parent":"Fuji","transform":{"x":53.28,"y":-196.93}},{"name":"jiao2","parent":"Fuji","transform":{"x":37.5,"y":-37}},{"name":"tui1","parent":"Fuji","transform":{"x":-24.13,"y":-46.39}},{"length":59,"name":"wt_dj_shenti","parent":"Role","transform":{"x":-0.51,"y":-0.88,"skX":-98.13,"skY":-98.13}},{"length":42,"name":"wt_dj_datui1","parent":"Role","transform":{"x":-5.67,"y":4.04,"skX":103.16,"skY":103.16}},{"name":"wt_dj_kua","parent":"Role","transform":{"x":3.53,"y":1.99}},{"length":40,"name":"wt_dj_datui2","parent":"Role","transform":{"x":11.37,"y":4.04,"skX":91.44,"skY":91.44}},{"name":"wt_gj2_shou2-1","parent":"wt_dj_shenti","transform":{"x":39.2,"y":3.73}},{"length":34,"name":"wt_dj_shangbi2","parent":"wt_dj_shenti","transform":{"x":39.75,"y":17.34,"skX":-176.01,"skY":-176.01,"scX":0.884}},{"length":40,"name":"wt_dj_xiaotui1","parent":"wt_dj_datui1","transform":{"x":39.94,"y":0.12,"skX":2.52,"skY":2.52}},{"length":39,"name":"wt_dj_xiaotui2","parent":"wt_dj_datui2","transform":{"x":38.2,"y":0.07,"skX":-0.91,"skY":-0.91}},{"length":33,"name":"wt_dj_shangbi1","parent":"wt_dj_shenti","transform":{"x":47.08,"y":-16.27,"skX":-149.6,"skY":-149.6}},{"inheritScale":false,"length":68,"name":"wt_dj_tou","parent":"wt_dj_shenti","transform":{"x":53.08,"y":-0.91,"skX":28.19,"skY":28.19,"scX":0.953,"scY":0.878}},{"length":14,"name":"wt_dj_jiao1","parent":"wt_dj_xiaotui1","transform":{"x":38.73,"y":0.46,"skX":-18.47,"skY":-18.47}},{"inheritScale":false,"length":32,"name":"wt_dj_xiaobi1","parent":"wt_dj_shangbi1","transform":{"x":31.29,"y":0.67,"skX":-27.37,"skY":-27.37,"scX":1.144}},{"inheritScale":false,"length":31,"name":"wt_dj_xiaobi2","parent":"wt_dj_shangbi2","transform":{"x":30.32,"y":0.32,"skX":-17.61,"skY":-17.61,"scX":1.103}},{"length":22,"name":"wt_dj_jiao2","parent":"wt_dj_xiaotui2","transform":{"x":38.53,"y":0.34,"skX":-55.8,"skY":-55.8}},{"name":"wt_dj_biyan","parent":"wt_dj_tou","transform":{"x":30.06,"y":16.6}},{"inheritScale":false,"length":20,"name":"wt_dj_shou2","parent":"wt_dj_xiaobi2","transform":{"x":30.66,"y":-1.91,"skX":25.52,"skY":25.52,"scX":0.84,"scY":0.84}},{"inheritScale":false,"length":14,"name":"wt_dj_shou1","parent":"wt_dj_xiaobi1","transform":{"x":31.32,"y":-0.01,"skX":-12.37,"skY":-12.37,"scX":1.005,"scY":1.005}}],"slot":[{"blendMode":"erase","name":"gw_007_heiyiren_pz","parent":"gw_007_heiyiren_pz","color":{"aM":0}},{"displayIndex":4,"name":"wt_dj_shou2","parent":"wt_dj_shou2"},{"name":"wt_dj_shangbi2","parent":"wt_dj_shangbi2"},{"name":"wt_dj_xiaobi2","parent":"wt_dj_xiaobi2"},{"name":"wt_dj_jiao2","parent":"wt_dj_jiao2"},{"name":"wt_dj_xiaotui2","parent":"wt_dj_xiaotui2"},{"name":"wt_dj_datui2","parent":"wt_dj_datui2"},{"name":"wt_dj_xiaotui1","parent":"wt_dj_xiaotui1"},{"name":"wt_dj_jiao1","parent":"wt_dj_jiao1"},{"name":"wt_dj_kua","parent":"wt_dj_kua"},{"name":"wt_dj_datui1","parent":"wt_dj_datui1"},{"name":"wt_dj_shenti","parent":"wt_dj_shenti"},{"name":"wt_dj_tou","parent":"wt_dj_tou"},{"displayIndex":3,"name":"wt_dj_shou1","parent":"wt_dj_shou1"},{"name":"wt_dj_shangbi1","parent":"wt_dj_shangbi1"},{"name":"wt_dj_xiaobi1","parent":"wt_dj_xiaobi1"},{"displayIndex":-1,"name":"wt_gj2_shou2-1","parent":"wt_gj2_shou2-1"},{"displayIndex":-1,"name":"guang01","parent":"guang01"},{"displayIndex":-1,"name":"wt_dj_biyan","parent":"wt_dj_biyan"},{"blendMode":"erase","name":"buff_flo","parent":"buff_flo","color":{"aM":0}},{"blendMode":"erase","name":"buff_mid","parent":"buff_mid","color":{"aM":0}},{"blendMode":"erase","name":"buff_up","parent":"buff_up","color":{"aM":0}},{"displayIndex":-1,"name":"wt_shoubijiacha_eff/0_00000","parent":"wt_shoubijiacha_eff/0_00000"},{"blendMode":"add","displayIndex":-1,"name":"wt_tanshe_eff/nengliangjianzadi_00013","parent":"wt_tanshe_eff/nengliangjianzadi_00013"}],"ik":[{"chain":1,"name":"tui1","bone":"wt_dj_xiaotui1","target":"tui1"},{"chain":1,"name":"tui2","bone":"wt_dj_xiaotui2","target":"tui2"},{"bendPositive":false,"name":"jiao1","bone":"wt_dj_jiao1","target":"jiao1"},{"bendPositive":false,"name":"jiao2","bone":"wt_dj_jiao2","target":"jiao2"}],"skin":[{"slot":[{"name":"guang01","display":[{"name":"guang01","transform":{"x":-0.13,"y":1.59}}]},{"name":"buff_up","display":[{"name":"buff_up","transform":{"x":0.52,"y":-0.43}}]},{"name":"wt_tanshe_eff/nengliangjianzadi_00013","display":[{"name":"wt_tanshe_eff/nengliangjianzadi_00013","transform":{"x":0.97,"y":-19.6}},{"name":"wt_tanshe_eff/nengliangjianzadi_00014","transform":{"x":0.97,"y":-19.6}},{"name":"wt_tanshe_eff/nengliangjianzadi_00015","transform":{"x":0.97,"y":-19.6}}]},{"name":"wt_dj_jiao2","display":[{"name":"wt_dj_jiao2","transform":{"x":8.16,"y":0.28,"skX":-34.98,"skY":-34.98}}]},{"name":"buff_mid","display":[{"name":"buff_mid","transform":{"x":0.77,"y":-0.15}}]},{"name":"wt_dj_xiaobi2","display":[{"name":"wt_dj_xiaobi2","transform":{"x":15.02,"y":-1.68,"skX":-68.1,"skY":-68.1}}]},{"name":"wt_dj_shou2","display":[{"name":"wt_dj_shou2","transform":{"x":8.6,"y":0.34,"skX":-93.74,"skY":-93.74}},{"name":"wt_gj1_shou2","transform":{"x":10.38,"y":-4.96,"skX":1.97,"skY":1.97}},{"name":"wt_pb_shou2","transform":{"x":9.74,"y":-1.11,"skX":34,"skY":34}},{"name":"wt_xl1_shou2","transform":{"x":8.77,"y":-3.78,"skX":-41.67,"skY":-41.67}},{"name":"wt_xl2_shou2","transform":{"x":12.95,"y":-3.03,"skX":20.93,"skY":20.93}}]},{"name":"wt_dj_xiaotui1","display":[{"name":"wt_dj_xiaotui1","transform":{"x":19.48,"y":3.77,"skX":-105.72,"skY":-105.72}}]},{"name":"wt_dj_shangbi2","display":[{"name":"wt_dj_shangbi2","transform":{"x":16.84,"y":0.52,"skX":-85.84,"skY":-85.84}},{"name":"wt_gj2_shou2-2","transform":{"x":9.57,"y":-35.78,"skX":-85.84,"skY":-85.84}}]},{"name":"buff_flo","display":[{"name":"buff_flo","transform":{"x":1.02,"y":-0.25}}]},{"name":"wt_shoubijiacha_eff/0_00000","display":[{"name":"wt_shoubijiacha_eff/0_00000","transform":{"x":3.74,"y":-8.62}},{"name":"wt_shoubijiacha_eff/0_00001"},{"name":"wt_shoubijiacha_eff/0_00002"},{"name":"wt_shoubijiacha_eff/0_00003"},{"name":"wt_shoubijiacha_eff/0_00004"},{"name":"wt_shoubijiacha_eff/0_00005"},{"name":"wt_shoubijiacha_eff/0_00006"},{"name":"wt_shoubijiacha_eff/0_00007"}]},{"name":"wt_dj_datui1","display":[{"name":"wt_dj_datui1","transform":{"x":21,"y":-0.69,"skX":-103.18,"skY":-103.18}}]},{"name":"wt_dj_jiao1","display":[{"name":"wt_dj_jiao1","transform":{"x":8.01,"y":1.37,"skX":-87.17,"skY":-87.17}},{"name":"wt_pb_jiao1","transform":{"x":12.5,"y":4.23,"skX":-87.61,"skY":-87.61}}]},{"name":"wt_gj2_shou2-1","display":[{"name":"wt_gj2_shou2-1","transform":{"x":-5.4,"y":5.56,"skX":98.14,"skY":98.14}}]},{"name":"wt_dj_shou1","display":[{"name":"wt_dj_shou1","transform":{"x":8.11,"y":0.03,"skX":-77.71,"skY":-77.71,"scX":1.093,"scY":1.093}},{"name":"wt_gj2_shou2","transform":{"x":8.04,"y":0.06,"skX":51.95,"skY":51.95}},{"name":"wt_sj_shou1","transform":{"x":10,"y":1.43,"skX":-27.84,"skY":-27.84}},{"name":"wt_xl2_shou1","transform":{"x":11.33,"y":1.84,"skX":120.46,"skY":120.46,"scX":0.73,"scY":0.73}}]},{"name":"wt_dj_kua","display":[{"name":"wt_dj_kua","transform":{"x":-0.3,"y":0.15}}]},{"name":"wt_dj_datui2","display":[{"name":"wt_dj_datui2","transform":{"x":20.1,"y":-0.34,"skX":-91.41,"skY":-91.41}}]},{"name":"wt_dj_shangbi1","display":[{"name":"wt_dj_shangbi1","transform":{"x":16.37,"y":0.84,"skX":-112.39,"skY":-112.39}},{"name":"wt_gj2_shou1-1","transform":{"x":2.15,"y":37.8,"skX":-112.39,"skY":-112.39}}]},{"name":"wt_dj_xiaobi1","display":[{"name":"wt_dj_xiaobi1","transform":{"x":14.39,"y":-2.22,"skX":-84.88,"skY":-84.88}}]},{"name":"wt_dj_tou","display":[{"name":"wt_dj_tou","transform":{"x":31.41,"y":-0.11,"skX":69.84,"skY":69.84}},{"name":"wt_sj_tou","transform":{"x":32.81,"y":1.57,"skX":54.38,"skY":54.38}}]},{"name":"wt_dj_xiaotui2","display":[{"name":"wt_dj_xiaotui2","transform":{"x":17.42,"y":0.97,"skX":-90.5,"skY":-90.5}}]},{"name":"gw_007_heiyiren_pz","display":[{"name":"gw_007_heiyiren_pz","transform":{"x":-0.02,"y":-88.24,"skX":-0.19,"skY":-0.19,"scX":10,"scY":22}}]},{"name":"wt_dj_biyan","display":[{"name":"wt_dj_biyan","transform":{"x":-3.98,"y":-8.34,"skX":69.84,"skY":69.84}}]},{"name":"wt_dj_shenti","display":[{"name":"wt_dj_shenti","transform":{"x":22.13,"y":0.37,"skX":98.14,"skY":98.14}},{"name":"wt_pb_shenti","transform":{"x":21.36,"y":-5.74,"skX":70.4,"skY":70.4}},{"name":"wt_sj_shenti","transform":{"x":23.97,"y":2.25,"skX":90.48,"skY":90.48}}]}]}],"animation":[{"duration":20,"name":"0000_chuchang","bone":[{"name":"Role","translateFrame":[{"duration":5,"curve":[0.25,0,1,0.37],"x":-3.99,"y":-90.34},{"duration":5,"curve":[0,0.64,0.75,1],"x":-3.99,"y":-10.03},{"duration":10,"curve":[0.25,0,1,0.4],"x":-7.2,"y":13.68},{"duration":0}]},{"name":"tui1","translateFrame":[{"duration":5,"curve":[0.25,0,1,0.37],"x":3.19,"y":-84.79},{"duration":5,"curve":[0,0.64,0.75,1],"x":3.19,"y":-5.59},{"duration":10}]},{"name":"wt_dj_datui1","translateFrame":[{"duration":5,"x":-4,"y":1.59},{"duration":5,"curve":[0,0.64,0.75,1],"x":-4,"y":1.59},{"duration":10,"curve":[0.25,0,1,0.4],"x":-4.8},{"duration":0}]},{"name":"jiao1","translateFrame":[{"duration":5,"curve":[0.25,0,1,0.37],"x":0.79,"y":-87.99},{"duration":5,"curve":[0,0.64,0.75,1],"x":0.79,"y":-8.79},{"duration":10}]},{"name":"tui2","translateFrame":[{"duration":5,"curve":[0.25,0,1,0.37],"x":5.6,"y":-90.39},{"duration":5,"curve":[0,0.64,0.75,1],"x":5.6,"y":-11.19},{"duration":10}]},{"name":"wt_dj_datui2","translateFrame":[{"duration":5,"x":-3.19,"y":3.19},{"duration":5,"curve":[0,0.64,0.75,1],"x":-3.19,"y":3.19},{"duration":10,"curve":[0.25,0,1,0.4],"x":-5.6},{"duration":0}]},{"name":"jiao2","translateFrame":[{"duration":5,"curve":[0.25,0,1,0.37],"x":-5.6,"y":-90.39},{"duration":5,"curve":[0,0.64,0.75,1],"x":-5.6,"y":-11.19},{"duration":10}]},{"name":"wt_dj_shenti","rotateFrame":[{"duration":5,"rotate":9.38},{"duration":5,"curve":[0,0.64,0.75,1],"rotate":9.38},{"duration":10,"curve":[0.25,0,1,0.4],"rotate":12.82},{"duration":0}]},{"name":"wt_dj_shangbi1","rotateFrame":[{"duration":5,"curve":[0.25,0,1,0.37],"rotate":35.85},{"duration":5,"curve":[0,0.64,0.75,1],"rotate":17.27},{"duration":10,"curve":[0.25,0,1,0.4],"rotate":36.92},{"duration":0}]},{"name":"wt_dj_xiaobi1","rotateFrame":[{"duration":5,"rotate":-6.54},{"duration":5,"curve":[0,0.64,0.75,1],"rotate":-6.54},{"duration":10,"curve":[0.25,0,1,0.4],"rotate":-32.35},{"duration":0}]},{"name":"wt_dj_shangbi2","rotateFrame":[{"duration":5,"curve":[0.25,0,1,0.37],"rotate":-52.87},{"duration":5,"curve":[0,0.64,0.75,1],"rotate":-26.63},{"duration":10,"curve":[0.25,0,1,0.4],"rotate":-44.65},{"duration":0}]},{"name":"wt_dj_xiaobi2","rotateFrame":[{"duration":5},{"duration":5,"curve":[0,0.64,0.75,1]},{"duration":10,"curve":[0.25,0,1,0.4],"rotate":-21.97},{"duration":0}]}],"slot":[{"name":"wt_dj_shou1","displayFrame":[{"duration":20,"value":2}]}]},{"duration":80,"name":"0001_daiji","bone":[{"name":"wt_dj_shenti","translateFrame":[{"duration":15,"curve":[0.25,0,0.75,1]},{"duration":25,"curve":[0.25,0,0.75,1],"x":-0.06,"y":-0.47},{"duration":15,"curve":[0.25,0,0.75,1]},{"duration":25,"curve":[0.25,0,0.75,1],"x":-0.06,"y":-0.47},{"duration":0}],"rotateFrame":[{"duration":15,"curve":[0.25,0,0.75,1]},{"duration":25,"curve":[0.25,0,0.75,1],"rotate":-0.33},{"duration":15,"curve":[0.25,0,0.75,1]},{"duration":25,"curve":[0.25,0,0.75,1],"rotate":-0.33},{"duration":0}]},{"name":"wt_dj_tou","rotateFrame":[{"duration":20,"curve":[0.25,0,0.75,1]},{"duration":20,"curve":[0.25,0,0.75,1],"rotate":-1.18},{"duration":20,"curve":[0.25,0,0.75,1]},{"duration":20,"curve":[0.25,0,0.75,1],"rotate":-1.18},{"duration":0}]},{"name":"wt_dj_shangbi1","translateFrame":[{"duration":20,"curve":[0.25,0,0.75,1]},{"duration":20,"curve":[0.25,0,0.75,1],"x":1.18,"y":0.16},{"duration":20,"curve":[0.25,0,0.75,1]},{"duration":20,"curve":[0.25,0,0.75,1],"x":1.18,"y":0.16},{"duration":0}],"rotateFrame":[{"duration":20,"curve":[0.25,0,0.75,1]},{"duration":20,"curve":[0.25,0,0.75,1],"rotate":0.64},{"duration":20,"curve":[0.25,0,0.75,1]},{"duration":20,"curve":[0.25,0,0.75,1],"rotate":0.64},{"duration":0}]},{"name":"wt_dj_xiaobi1","rotateFrame":[{"duration":25,"curve":[0.25,0,0.75,1]},{"duration":15,"curve":[0.25,0,0.75,1],"rotate":-1.78},{"duration":25,"curve":[0.25,0,0.75,1]},{"duration":15,"curve":[0.25,0,0.75,1],"rotate":-1.78},{"duration":0}]},{"name":"wt_dj_shou1","rotateFrame":[{"duration":25,"curve":[0.25,0,0.75,1]},{"duration":15,"curve":[0.25,0,0.75,1],"rotate":1.84},{"duration":25,"curve":[0.25,0,0.75,1]},{"duration":15,"curve":[0.25,0,0.75,1],"rotate":1.84},{"duration":0}]},{"name":"wt_dj_shangbi2","translateFrame":[{"duration":20,"curve":[0.25,0,0.75,1]},{"duration":20,"curve":[0.25,0,0.75,1],"x":0.58,"y":0.08},{"duration":20,"curve":[0.25,0,0.75,1]},{"duration":20,"curve":[0.25,0,0.75,1],"x":0.58,"y":0.08},{"duration":0}],"rotateFrame":[{"duration":20,"curve":[0.25,0,0.75,1]},{"duration":20,"curve":[0.25,0,0.75,1],"rotate":-3.02},{"duration":20,"curve":[0.25,0,0.75,1]},{"duration":20,"curve":[0.25,0,0.75,1],"rotate":-3.02},{"duration":0}]},{"name":"wt_dj_xiaobi2","rotateFrame":[{"duration":25,"curve":[0.25,0,0.75,1]},{"duration":15,"curve":[0.25,0,0.75,1],"rotate":-2.09},{"duration":25,"curve":[0.25,0,0.75,1]},{"duration":15,"curve":[0.25,0,0.75,1],"rotate":-2.09},{"duration":0}]},{"name":"wt_dj_shou2","rotateFrame":[{"duration":25,"curve":[0.25,0,0.75,1]},{"duration":15,"curve":[0.25,0,0.75,1],"rotate":1.08},{"duration":25,"curve":[0.25,0,0.75,1]},{"duration":15,"curve":[0.25,0,0.75,1],"rotate":1.08},{"duration":0}]}],"slot":[{"name":"wt_dj_biyan","displayFrame":[{"duration":45,"value":-1},{"duration":3},{"duration":32,"value":-1}]},{"name":"wt_dj_shou1","displayFrame":[{"duration":80,"value":2}]}]},{"duration":30,"name":"0002_pao","bone":[{"name":"Role","translateFrame":[{"duration":7,"tweenEasing":0,"x":-9.51,"y":8.17},{"duration":8,"tweenEasing":0,"x":-9.51,"y":0.44},{"duration":7,"tweenEasing":0,"x":-9.51,"y":8.17},{"duration":8,"tweenEasing":0,"x":-9.51,"y":0.44},{"duration":0,"x":-9.51,"y":8.17}]},{"name":"wt_dj_kua","translateFrame":[{"duration":15,"y":6.17},{"duration":5,"tweenEasing":0,"y":6.17},{"duration":10,"tweenEasing":0,"y":4.43},{"duration":0,"y":6.17}]},{"name":"tui1","translateFrame":[{"duration":5,"tweenEasing":0,"x":-25.6,"y":-38.14},{"duration":5,"tweenEasing":0,"x":22.52,"y":-21.92},{"duration":5,"tweenEasing":0,"x":72.23,"y":-3.65},{"duration":5,"tweenEasing":0,"x":21.51,"y":-0.43},{"duration":5,"tweenEasing":0,"x":-33.93,"y":-11.25},{"duration":5,"tweenEasing":0,"x":-27.66,"y":-47.16},{"duration":0,"x":-25.6,"y":-38.14}],"scaleFrame":[{"duration":15,"tweenEasing":0},{"duration":5,"tweenEasing":0},{"duration":5,"tweenEasing":0,"x":0.98,"y":0.98},{"duration":5,"tweenEasing":0,"x":0.98,"y":0.98},{"duration":0}]},{"name":"wt_dj_datui1","translateFrame":[{"duration":5,"tweenEasing":0},{"duration":5,"tweenEasing":0,"x":10.17,"y":5.85},{"duration":5,"tweenEasing":0,"x":4.7,"y":4.78},{"duration":5,"tweenEasing":0},{"duration":10,"tweenEasing":0,"x":2.08,"y":-2.08},{"duration":0}],"scaleFrame":[{"duration":5,"tweenEasing":0},{"duration":5,"tweenEasing":0,"y":0.92},{"duration":5,"tweenEasing":0,"y":0.92},{"duration":5,"tweenEasing":0},{"duration":10,"tweenEasing":0,"x":1.04},{"duration":0}]},{"name":"wt_dj_xiaotui1","translateFrame":[{"duration":5,"tweenEasing":0},{"duration":5,"tweenEasing":0,"x":1.86,"y":1.42},{"duration":5,"tweenEasing":0,"x":2.92,"y":-1.87},{"duration":10,"tweenEasing":0},{"duration":5,"tweenEasing":0,"x":2.95,"y":0.47},{"duration":0}],"scaleFrame":[{"duration":10,"tweenEasing":0,"x":1.01,"y":0.76},{"duration":5,"tweenEasing":0,"x":1.01,"y":0.76},{"duration":10,"tweenEasing":0},{"duration":5,"tweenEasing":0,"y":0.75},{"duration":0,"x":1.01,"y":0.76}]},{"name":"jiao1","translateFrame":[{"duration":5,"tweenEasing":0,"x":-39.89,"y":-35.89},{"duration":5,"tweenEasing":0,"x":31.9,"y":-17.69},{"duration":5,"tweenEasing":0,"x":91.34,"y":-10.9},{"duration":5,"tweenEasing":0,"x":39.42,"y":0.52},{"duration":5,"tweenEasing":0,"x":-24.65,"y":-8.17},{"duration":5,"tweenEasing":0,"x":-37.76,"y":-47.5},{"duration":0,"x":-39.89,"y":-35.89}]},{"name":"wt_dj_jiao1","translateFrame":[{"duration":30,"x":-0.3,"y":5.22}]},{"name":"tui2","translateFrame":[{"duration":5,"tweenEasing":0,"x":-26.33},{"duration":5,"tweenEasing":0,"x":-75.31,"y":-8.07},{"duration":5,"tweenEasing":0,"x":-79.28,"y":-52.24},{"duration":5,"tweenEasing":0,"x":-58.16,"y":-44.04},{"duration":5,"tweenEasing":0,"x":-9.03,"y":-27.06},{"duration":5,"tweenEasing":0,"x":30.4,"y":-1.87},{"duration":0,"x":-26.33}]},{"name":"wt_dj_datui2","translateFrame":[{"duration":5,"tweenEasing":0,"x":-7.78,"y":-0.55},{"duration":5,"tweenEasing":0,"x":-13.05,"y":-2.61},{"duration":5,"tweenEasing":0,"x":-16.91,"y":5.76},{"duration":5,"tweenEasing":0,"x":-7.78,"y":-0.55},{"duration":5,"tweenEasing":0,"x":-10.38,"y":4.94},{"duration":5,"tweenEasing":0,"x":-10.38,"y":4.94},{"duration":0,"x":-7.78,"y":-0.55}],"scaleFrame":[{"duration":5,"tweenEasing":0},{"duration":5,"tweenEasing":0,"x":1.1},{"duration":5,"tweenEasing":0,"x":1.1},{"duration":5,"tweenEasing":0},{"duration":5,"tweenEasing":0,"y":0.88},{"duration":5,"tweenEasing":0,"x":1.09,"y":0.94},{"duration":0}]},{"name":"wt_dj_xiaotui2","scaleFrame":[{"duration":10,"tweenEasing":0},{"duration":5,"tweenEasing":0,"y":0.81},{"duration":15,"tweenEasing":0,"y":0.85},{"duration":0}]},{"name":"jiao2","translateFrame":[{"duration":5,"tweenEasing":0,"x":-26.33},{"duration":5,"tweenEasing":0,"x":-81.05,"y":-5.7},{"duration":5,"tweenEasing":0,"x":-110.2,"y":-50.96},{"duration":5,"tweenEasing":0,"x":-87.5,"y":-36.31},{"duration":5,"tweenEasing":0,"x":-18.14,"y":-25.77},{"duration":5,"tweenEasing":0,"x":31.53,"y":-8.29},{"duration":0,"x":-26.33}]},{"name":"wt_dj_shenti","translateFrame":[{"duration":7,"tweenEasing":0,"x":5.44,"y":0.45},{"duration":8,"tweenEasing":0,"x":5.44,"y":-0.7},{"duration":7,"tweenEasing":0,"x":5.44,"y":0.45},{"duration":8,"tweenEasing":0,"x":5.44,"y":-0.7},{"duration":0,"x":5.44,"y":0.45}],"rotateFrame":[{"duration":30,"rotate":31.22}]},{"name":"wt_dj_tou","rotateFrame":[{"duration":7,"tweenEasing":0,"rotate":-28.26},{"duration":8,"tweenEasing":0,"rotate":-30.1},{"duration":7,"tweenEasing":0,"rotate":-28.26},{"duration":8,"tweenEasing":0,"rotate":-30.1},{"duration":0,"rotate":-28.26}]},{"name":"wt_dj_shangbi1","translateFrame":[{"duration":30,"x":-1.97,"y":2.32}],"rotateFrame":[{"duration":5,"tweenEasing":0,"rotate":3.25},{"duration":5,"tweenEasing":0,"rotate":14.35},{"duration":5,"tweenEasing":0,"rotate":39.78},{"duration":5,"tweenEasing":0,"rotate":-7.13},{"duration":5,"tweenEasing":0,"rotate":-74.98},{"duration":5,"tweenEasing":0,"rotate":-96.49},{"duration":0,"rotate":3.25}]},{"name":"wt_dj_xiaobi1","rotateFrame":[{"duration":5,"tweenEasing":0,"rotate":-0.88},{"duration":5,"tweenEasing":0,"rotate":-9.14},{"duration":5,"tweenEasing":0,"rotate":-34.23},{"duration":5,"tweenEasing":0,"rotate":-25.93},{"duration":5,"tweenEasing":0,"rotate":-8.11},{"duration":5,"tweenEasing":0,"rotate":-40.22},{"duration":0,"rotate":-0.88}]},{"name":"wt_dj_shangbi2","translateFrame":[{"duration":5,"tweenEasing":0,"x":10.09,"y":-8.74},{"duration":5,"tweenEasing":0,"x":10.09,"y":-8.74},{"duration":5,"tweenEasing":0,"x":6.78,"y":-4.53},{"duration":15,"x":10.09,"y":-8.74}],"rotateFrame":[{"duration":5,"tweenEasing":0,"rotate":-10.89},{"duration":5,"tweenEasing":0,"rotate":-51.58},{"duration":5,"tweenEasing":0,"rotate":-83.8},{"duration":5,"tweenEasing":0,"rotate":-6.68},{"duration":5,"tweenEasing":0,"rotate":50.51},{"duration":5,"tweenEasing":0,"rotate":64.8},{"duration":0,"rotate":-10.89}],"scaleFrame":[{"duration":15,"tweenEasing":0},{"duration":5,"tweenEasing":0},{"duration":5,"tweenEasing":0,"x":1.2},{"duration":5,"tweenEasing":0,"x":1.2},{"duration":0}]},{"name":"wt_dj_xiaobi2","translateFrame":[{"duration":5,"tweenEasing":0},{"duration":5,"tweenEasing":0},{"duration":5,"tweenEasing":0,"x":4.83,"y":-1.58},{"duration":15}],"rotateFrame":[{"duration":5,"tweenEasing":0,"rotate":-21.45},{"duration":5,"tweenEasing":0,"rotate":-10.99},{"duration":5,"tweenEasing":0,"rotate":-58.44},{"duration":5,"tweenEasing":0,"rotate":-33.54},{"duration":5,"tweenEasing":0,"rotate":-15.31},{"duration":5,"tweenEasing":0,"rotate":-23.4},{"duration":0,"rotate":-21.45}],"scaleFrame":[{"duration":15,"tweenEasing":0},{"duration":5,"tweenEasing":0},{"duration":5,"tweenEasing":0,"x":0.92},{"duration":5,"tweenEasing":0,"x":0.92},{"duration":0}]},{"name":"wt_dj_shou2","translateFrame":[{"duration":30,"x":-1.79,"y":2.12}],"rotateFrame":[{"duration":30,"rotate":-22.06}]}],"slot":[{"name":"wt_dj_jiao1","displayFrame":[{"duration":30,"value":1}]},{"name":"wt_dj_shenti","displayFrame":[{"duration":30,"value":1}]},{"name":"wt_dj_shou2","displayFrame":[{"duration":30,"value":2}]},{"name":"wt_dj_shou1","displayFrame":[{"duration":30}]}]},{"duration":24,"name":"0003_chongci","bone":[{"name":"Role","translateFrame":[{"duration":6,"tweenEasing":0,"x":-9.51,"y":8.17},{"duration":6,"tweenEasing":0,"x":-9.51,"y":0.44},{"duration":6,"tweenEasing":0,"x":-9.51,"y":8.17},{"duration":6,"tweenEasing":0,"x":-9.51,"y":0.44},{"duration":0,"x":-9.51,"y":8.17}]},{"name":"wt_dj_kua","translateFrame":[{"duration":12,"y":6.17},{"duration":4,"tweenEasing":0,"y":6.17},{"duration":8,"tweenEasing":0,"y":4.43},{"duration":0,"y":6.17}]},{"name":"tui1","translateFrame":[{"duration":4,"tweenEasing":0,"x":0.9,"y":-23.61},{"duration":4,"tweenEasing":0,"x":25.27,"y":-15.88},{"duration":4,"tweenEasing":0,"x":65.64,"y":-3.65},{"duration":4,"tweenEasing":0,"x":21.51,"y":-0.43},{"duration":4,"tweenEasing":0,"x":-25.69,"y":-4.66},{"duration":4,"tweenEasing":0,"x":-31.51,"y":-31.79},{"duration":0,"x":0.9,"y":-23.61}]},{"name":"wt_dj_datui1","translateFrame":[{"duration":4,"tweenEasing":0},{"duration":4,"tweenEasing":0,"x":0.84,"y":6.71},{"duration":4,"tweenEasing":0,"x":4.7,"y":4.78},{"duration":4,"tweenEasing":0},{"duration":8,"tweenEasing":0,"x":2.08,"y":-2.08},{"duration":0}]},{"name":"wt_dj_xiaotui1","translateFrame":[{"duration":4,"tweenEasing":0},{"duration":4,"tweenEasing":0,"x":1.86,"y":1.42},{"duration":4,"tweenEasing":0,"x":2.92,"y":-1.87},{"duration":12}]},{"name":"jiao1","translateFrame":[{"duration":4,"tweenEasing":0,"x":-13.38,"y":-21.37},{"duration":4,"tweenEasing":0,"x":26.96,"y":-10},{"duration":4,"tweenEasing":0,"x":84.75,"y":-10.9},{"duration":4,"tweenEasing":0,"x":39.42,"y":0.52},{"duration":4,"tweenEasing":0,"x":-18.06,"y":-5.43},{"duration":4,"tweenEasing":0,"x":-41.61,"y":-32.13},{"duration":0,"x":-13.38,"y":-21.37}]},{"name":"wt_dj_jiao1","translateFrame":[{"duration":24,"x":-0.3,"y":5.22}]},{"name":"tui2","translateFrame":[{"duration":4,"tweenEasing":0,"x":-26.33},{"duration":4,"tweenEasing":0,"x":-60.49,"y":-9.17},{"duration":4,"tweenEasing":0,"x":-63.36,"y":-34.13},{"duration":4,"tweenEasing":0,"x":-41.14,"y":-23.18},{"duration":4,"tweenEasing":0,"x":-17.26,"y":-19.92},{"duration":4,"tweenEasing":0,"x":7.89,"y":-3.51},{"duration":0,"x":-26.33}]},{"name":"wt_dj_datui2","translateFrame":[{"duration":4,"tweenEasing":0,"x":-7.78,"y":-0.55},{"duration":4,"tweenEasing":0,"x":-13.05,"y":-2.61},{"duration":4,"tweenEasing":0,"x":-16.91,"y":5.76},{"duration":4,"tweenEasing":0,"x":-7.78,"y":-0.55},{"duration":8,"tweenEasing":0,"x":-7.08,"y":-0.2},{"duration":0,"x":-7.78,"y":-0.55}]},{"name":"jiao2","translateFrame":[{"duration":4,"tweenEasing":0,"x":-26.33},{"duration":4,"tweenEasing":0,"x":-73.37,"y":-1.31},{"duration":4,"tweenEasing":0,"x":-94.28,"y":-32.84},{"duration":4,"tweenEasing":0,"x":-68.83,"y":-15.45},{"duration":4,"tweenEasing":0,"x":-31.86,"y":-14.79},{"duration":4,"tweenEasing":0,"x":9.02,"y":-9.94},{"duration":0,"x":-26.33}]},{"name":"wt_dj_shenti","translateFrame":[{"duration":6,"tweenEasing":0,"x":5.44,"y":0.45},{"duration":6,"tweenEasing":0,"x":5.44,"y":-0.7},{"duration":6,"tweenEasing":0,"x":5.44,"y":0.45},{"duration":6,"tweenEasing":0,"x":5.44,"y":-0.7},{"duration":0,"x":5.44,"y":0.45}],"rotateFrame":[{"duration":24,"rotate":31.22}]},{"name":"wt_dj_tou","rotateFrame":[{"duration":6,"tweenEasing":0,"rotate":-28.26},{"duration":6,"tweenEasing":0,"rotate":-30.1},{"duration":6,"tweenEasing":0,"rotate":-28.26},{"duration":6,"tweenEasing":0,"rotate":-30.1},{"duration":0,"rotate":-28.26}]},{"name":"wt_dj_shangbi1","translateFrame":[{"duration":24,"x":-1.97,"y":2.32}],"rotateFrame":[{"duration":4,"tweenEasing":0,"rotate":-21.31},{"duration":4,"tweenEasing":0,"rotate":20.51},{"duration":4,"tweenEasing":0,"rotate":28.34},{"duration":4,"tweenEasing":0,"rotate":-7.13},{"duration":4,"tweenEasing":0,"rotate":-63.19},{"duration":4,"tweenEasing":0,"rotate":-92.01},{"duration":0,"rotate":-21.31}]},{"name":"wt_dj_xiaobi1","rotateFrame":[{"duration":4,"tweenEasing":0,"rotate":-39.96},{"duration":4,"tweenEasing":0,"rotate":-22.74},{"duration":4,"tweenEasing":0,"rotate":-42.99},{"duration":4,"tweenEasing":0,"rotate":-60.04},{"duration":4,"tweenEasing":0,"rotate":-8.11},{"duration":4,"tweenEasing":0,"rotate":-51.49},{"duration":0,"rotate":-39.96}]},{"name":"wt_dj_shangbi2","translateFrame":[{"duration":24,"x":10.09,"y":-8.74}],"rotateFrame":[{"duration":4,"tweenEasing":0,"rotate":10.65},{"duration":4,"tweenEasing":0,"rotate":-25.54},{"duration":4,"tweenEasing":0,"rotate":-51.23},{"duration":4,"tweenEasing":0,"rotate":23.03},{"duration":4,"tweenEasing":0,"rotate":50.51},{"duration":4,"tweenEasing":0,"rotate":64.8},{"duration":0,"rotate":10.65}]},{"name":"wt_dj_xiaobi2","rotateFrame":[{"duration":4,"tweenEasing":0,"rotate":-55.09},{"duration":4,"tweenEasing":0,"rotate":-31.89},{"duration":4,"tweenEasing":0,"rotate":-58.44},{"duration":4,"tweenEasing":0,"rotate":-81.23},{"duration":4,"tweenEasing":0,"rotate":-26.06},{"duration":4,"tweenEasing":0,"rotate":-23.4},{"duration":0,"rotate":-55.09}]},{"name":"wt_dj_shou2","translateFrame":[{"duration":24,"x":-1.79,"y":2.12}],"rotateFrame":[{"duration":24,"rotate":-22.06}]}],"slot":[{"name":"wt_dj_jiao1","displayFrame":[{"duration":24,"value":1}]},{"name":"wt_dj_shenti","displayFrame":[{"duration":24,"value":1}]},{"name":"wt_dj_shou2","displayFrame":[{"duration":24,"value":2}]},{"name":"wt_dj_shou1","displayFrame":[{"duration":24}]}]},{"duration":0,"name":"0004_tiaoyue_yanshi","bone":[{"name":"Role","translateFrame":[{"duration":0,"x":-12.44}]},{"name":"tui1","translateFrame":[{"duration":0,"x":3.93}]},{"name":"tui2","translateFrame":[{"duration":0,"x":-10.48,"y":-13.75}]},{"name":"jiao2","translateFrame":[{"duration":0,"x":-18.99,"y":-5.24}]},{"name":"wt_dj_shenti","rotateFrame":[{"duration":0,"rotate":7.01}]},{"name":"wt_dj_tou","rotateFrame":[{"duration":0,"rotate":1.03}]},{"name":"wt_dj_shangbi1","rotateFrame":[{"duration":0,"rotate":14.6}]},{"name":"wt_dj_shangbi2","rotateFrame":[{"duration":0,"rotate":-25.52}]}],"slot":[{"name":"wt_dj_shou1","displayFrame":[{"duration":0,"value":2}]}]},{"duration":0,"name":"0005_tiaoyueshang","bone":[{"name":"Role","translateFrame":[{"duration":0,"x":-12.44}]},{"name":"tui1","translateFrame":[{"duration":0,"x":3.93}]},{"name":"tui2","translateFrame":[{"duration":0,"x":-10.48,"y":-13.75}]},{"name":"jiao2","translateFrame":[{"duration":0,"x":-18.99,"y":-5.24}]},{"name":"wt_dj_shenti","rotateFrame":[{"duration":0,"rotate":7.01}]},{"name":"wt_dj_tou","rotateFrame":[{"duration":0,"rotate":1.03}]},{"name":"wt_dj_shangbi1","rotateFrame":[{"duration":0,"rotate":14.6}]},{"name":"wt_dj_shangbi2","rotateFrame":[{"duration":0,"rotate":-25.52}]}],"slot":[{"name":"wt_dj_shou1","displayFrame":[{"duration":0,"value":2}]}]},{"duration":0,"name":"0006_tiaoyuezhong","bone":[{"name":"Role","translateFrame":[{"duration":0,"x":-12.44}]},{"name":"tui1","translateFrame":[{"duration":0,"x":3.93}]},{"name":"tui2","translateFrame":[{"duration":0,"x":-10.48,"y":-13.75}]},{"name":"jiao2","translateFrame":[{"duration":0,"x":-18.99,"y":-5.24}]},{"name":"wt_dj_shenti","rotateFrame":[{"duration":0,"rotate":7.01}]},{"name":"wt_dj_tou","rotateFrame":[{"duration":0,"rotate":1.03}]},{"name":"wt_dj_shangbi1","rotateFrame":[{"duration":0,"rotate":14.6}]},{"name":"wt_dj_shangbi2","rotateFrame":[{"duration":0,"rotate":-25.52}]}],"slot":[{"name":"wt_dj_shou1","displayFrame":[{"duration":0,"value":2}]}]},{"duration":0,"name":"0007_tiaoyuexia","bone":[{"name":"Role","translateFrame":[{"duration":0,"x":-12.44}]},{"name":"tui1","translateFrame":[{"duration":0,"x":3.93}]},{"name":"tui2","translateFrame":[{"duration":0,"x":-10.48,"y":-13.75}]},{"name":"jiao2","translateFrame":[{"duration":0,"x":-18.99,"y":-5.24}]},{"name":"wt_dj_shenti","rotateFrame":[{"duration":0,"rotate":7.01}]},{"name":"wt_dj_tou","rotateFrame":[{"duration":0,"rotate":1.03}]},{"name":"wt_dj_shangbi1","rotateFrame":[{"duration":0,"rotate":14.6}]},{"name":"wt_dj_shangbi2","rotateFrame":[{"duration":0,"rotate":-25.52}]}],"slot":[{"name":"wt_dj_shou1","displayFrame":[{"duration":0,"value":2}]}],"ik":[{"name":"tui1","frame":[{"duration":0}]},{"name":"tui2","frame":[{"duration":0}]},{"name":"jiao1","frame":[{"duration":0,"bendPositive":false}]},{"name":"jiao2","frame":[{"duration":0,"bendPositive":false}]}]},{"duration":15,"name":"0008_shouji1","bone":[{"name":"Role","translateFrame":[{"duration":3,"tweenEasing":0},{"duration":4,"curve":[0.264,0,0.617,0.42],"x":-0.46,"y":3.23},{"duration":8,"curve":[0.351,0.4,0.756,1],"x":-3.25,"y":3.23},{"duration":0}],"rotateFrame":[{"duration":3,"tweenEasing":0},{"duration":4,"curve":[0.264,0,0.617,0.42],"rotate":0.06},{"duration":8,"curve":[0.351,0.4,0.756,1],"rotate":0.06},{"duration":0}]},{"name":"wt_dj_shenti","rotateFrame":[{"duration":3,"tweenEasing":0},{"duration":12,"curve":[0.25,0,0.75,1],"rotate":15.34},{"duration":0}]},{"name":"wt_dj_tou","rotateFrame":[{"duration":5,"tweenEasing":0},{"duration":10,"curve":[0.25,0,0.75,1],"rotate":6},{"duration":0}]},{"name":"wt_dj_shangbi1","rotateFrame":[{"duration":3,"tweenEasing":0},{"duration":12,"curve":[0.256,0,0.619,0.46],"rotate":-19.24},{"duration":0}]},{"name":"wt_dj_xiaobi1","rotateFrame":[{"duration":5,"tweenEasing":0},{"duration":10,"curve":[0.31,0.25,0.756,1],"rotate":-14},{"duration":0}]},{"name":"wt_dj_shou1","rotateFrame":[{"duration":6,"tweenEasing":0},{"duration":9,"curve":[0.333,0.33,0.757,1],"rotate":-16.85},{"duration":0}]},{"name":"wt_dj_shangbi2","rotateFrame":[{"duration":3,"tweenEasing":0},{"duration":12,"curve":[0.256,0,0.619,0.46],"rotate":-26.89},{"duration":0}]},{"name":"wt_dj_xiaobi2","rotateFrame":[{"duration":5,"tweenEasing":0},{"duration":10,"curve":[0.31,0.25,0.756,1],"rotate":-9.8},{"duration":0}]},{"name":"wt_dj_shou2","rotateFrame":[{"duration":6,"tweenEasing":0},{"duration":9,"curve":[0.333,0.33,0.757,1],"rotate":-23.68},{"duration":0}]}],"slot":[{"name":"wt_dj_shou1","displayFrame":[{"duration":15,"value":2}]},{"name":"wt_dj_tou","displayFrame":[{"duration":2},{"duration":13,"value":1}]}]},{"duration":15,"name":"0009_shouji2","bone":[{"name":"Role","translateFrame":[{"duration":3,"tweenEasing":0},{"duration":12,"curve":[0.264,0,0.617,0.42],"x":-4.65,"y":7.42},{"duration":0}],"rotateFrame":[{"duration":3,"tweenEasing":0},{"duration":12,"curve":[0.264,0,0.617,0.42],"rotate":-26.67},{"duration":0}]},{"name":"wt_dj_shenti","rotateFrame":[{"duration":3,"tweenEasing":0},{"duration":12,"curve":[0.25,0,0.75,1],"rotate":15.34},{"duration":0}]},{"name":"wt_dj_tou","rotateFrame":[{"duration":5,"tweenEasing":0},{"duration":10,"curve":[0.25,0,0.75,1],"rotate":-21.41},{"duration":0}]},{"name":"wt_dj_shangbi1","rotateFrame":[{"duration":3,"tweenEasing":0},{"duration":12,"curve":[0.256,0,0.619,0.46],"rotate":-19.24},{"duration":0}]},{"name":"wt_dj_xiaobi1","rotateFrame":[{"duration":5,"tweenEasing":0},{"duration":10,"curve":[0.31,0.25,0.756,1],"rotate":-14},{"duration":0}]},{"name":"wt_dj_shou1","rotateFrame":[{"duration":6,"tweenEasing":0},{"duration":9,"curve":[0.333,0.33,0.757,1],"rotate":-16.85},{"duration":0}]},{"name":"wt_dj_shangbi2","rotateFrame":[{"duration":3,"tweenEasing":0},{"duration":12,"curve":[0.256,0,0.619,0.46],"rotate":-26.89},{"duration":0}]},{"name":"wt_dj_xiaobi2","rotateFrame":[{"duration":5,"tweenEasing":0},{"duration":10,"curve":[0.31,0.25,0.756,1],"rotate":-9.8},{"duration":0}]},{"name":"wt_dj_shou2","rotateFrame":[{"duration":6,"tweenEasing":0},{"duration":9,"curve":[0.333,0.33,0.757,1],"rotate":-23.68},{"duration":0}]}],"slot":[{"name":"wt_dj_shou1","displayFrame":[{"duration":15,"value":2}]},{"name":"wt_dj_tou","displayFrame":[{"duration":2},{"duration":13,"value":1}]}]},{"duration":15,"name":"0010_fukongdaodi","bone":[{"name":"Role","translateFrame":[{"duration":3,"tweenEasing":0,"x":-26.3,"y":0.9},{"duration":3,"tweenEasing":0,"x":-6.98,"y":1.52},{"duration":3,"tweenEasing":0,"x":-6.16,"y":-9.15},{"duration":3,"tweenEasing":0,"x":-3.7,"y":70.82},{"duration":3,"tweenEasing":0,"x":-3.09,"y":64.16},{"duration":0,"x":-3.47,"y":75.62}],"rotateFrame":[{"duration":3,"tweenEasing":0},{"duration":3,"tweenEasing":0,"rotate":-48.51},{"duration":3,"tweenEasing":0,"rotate":-76.45},{"duration":3,"tweenEasing":0,"rotate":-87.56},{"duration":3,"tweenEasing":0,"rotate":-89.56},{"duration":0,"rotate":-92.72}]},{"name":"wt_dj_datui1","translateFrame":[{"duration":12,"tweenEasing":0},{"duration":3,"tweenEasing":0},{"duration":0,"x":-4.42,"y":-0.13}],"rotateFrame":[{"duration":3,"tweenEasing":0,"rotate":-39.93},{"duration":3,"tweenEasing":0,"rotate":-33.91},{"duration":3,"tweenEasing":0,"rotate":-45.64},{"duration":3,"tweenEasing":0,"rotate":-46.95},{"duration":3,"tweenEasing":0,"rotate":-10.57},{"duration":0,"rotate":-33.43}]},{"name":"wt_dj_xiaotui1","rotateFrame":[{"duration":3,"tweenEasing":0,"rotate":32.4},{"duration":3,"tweenEasing":0,"rotate":28.94},{"duration":3,"tweenEasing":0,"rotate":20.1},{"duration":3,"tweenEasing":0,"rotate":5.05},{"duration":3,"tweenEasing":0,"rotate":17.37},{"duration":0,"rotate":46.02}]},{"name":"wt_dj_jiao1","translateFrame":[{"duration":15,"x":0.35,"y":4.11}],"rotateFrame":[{"duration":3,"tweenEasing":0,"rotate":-47.87},{"duration":3,"tweenEasing":0,"rotate":-28.55},{"duration":3,"tweenEasing":0,"rotate":-25.3},{"duration":3,"tweenEasing":0,"rotate":-44.65},{"duration":3,"rotate":-26.88}]},{"name":"tui2","translateFrame":[{"duration":15,"x":1.81,"y":-9.52}]},{"name":"wt_dj_datui2","translateFrame":[{"duration":3,"tweenEasing":0},{"duration":3,"tweenEasing":0},{"duration":3,"tweenEasing":0,"x":-8.33,"y":1.18},{"duration":3,"tweenEasing":0,"x":-6.82,"y":0.28},{"duration":3,"tweenEasing":0},{"duration":0,"x":-12.02,"y":-0.66}],"rotateFrame":[{"duration":3,"tweenEasing":0,"rotate":-37.23},{"duration":3,"tweenEasing":0,"rotate":-34.35},{"duration":3,"tweenEasing":0,"rotate":5.06},{"duration":3,"tweenEasing":0,"rotate":-39.66},{"duration":3,"tweenEasing":0,"rotate":-13.23},{"duration":0,"rotate":8.38}]},{"name":"wt_dj_xiaotui2","rotateFrame":[{"duration":3,"rotate":33.68},{"duration":3,"tweenEasing":0,"rotate":33.68},{"duration":3,"tweenEasing":0,"rotate":23.48},{"duration":3,"tweenEasing":0,"rotate":48.88},{"duration":3,"tweenEasing":0,"rotate":56.57},{"duration":0,"rotate":4.22}]},{"name":"jiao2","translateFrame":[{"duration":15,"y":-10.88}]},{"name":"wt_dj_jiao2","rotateFrame":[{"duration":3,"tweenEasing":0},{"duration":3,"tweenEasing":0,"rotate":5.86},{"duration":3,"tweenEasing":0,"rotate":0.04},{"duration":3,"tweenEasing":0,"rotate":-6.2},{"duration":3,"rotate":-2.79}]},{"name":"wt_dj_shenti","rotateFrame":[{"duration":3,"rotate":15.13},{"duration":3,"tweenEasing":0,"rotate":15.13},{"duration":3,"tweenEasing":0,"rotate":41.45},{"duration":3,"tweenEasing":0,"rotate":23.27},{"duration":3,"tweenEasing":0,"rotate":-0.79},{"duration":0,"rotate":7.97}]},{"name":"wt_dj_tou","translateFrame":[{"duration":15,"x":1.4,"y":0.28}],"rotateFrame":[{"duration":3,"tweenEasing":0,"rotate":-11.04},{"duration":3,"tweenEasing":0,"rotate":-6.75},{"duration":3,"tweenEasing":0,"rotate":-1.24},{"duration":3,"tweenEasing":0,"rotate":20.02},{"duration":3,"tweenEasing":0,"rotate":-26.07},{"duration":0,"rotate":-7.97}]},{"name":"wt_dj_shangbi1","translateFrame":[{"duration":15,"x":-2.17,"y":-1.7}],"rotateFrame":[{"duration":3,"tweenEasing":0,"rotate":-12.67},{"duration":3,"tweenEasing":0,"rotate":-85.49},{"duration":3,"tweenEasing":0,"rotate":-124.62},{"duration":3,"tweenEasing":0,"rotate":-124.61},{"duration":3,"rotate":-11.47}]},{"name":"wt_dj_xiaobi1","rotateFrame":[{"duration":9},{"duration":3,"tweenEasing":0},{"duration":3,"tweenEasing":0,"rotate":-41.25},{"duration":0,"rotate":10.86}]},{"name":"wt_dj_shou1","rotateFrame":[{"duration":6},{"duration":3,"tweenEasing":0},{"duration":3,"tweenEasing":0,"rotate":-23.05},{"duration":3,"tweenEasing":0,"rotate":-26.81},{"duration":0}]},{"name":"wt_dj_shangbi2","translateFrame":[{"duration":15,"x":5.85,"y":-9.78}],"rotateFrame":[{"duration":3,"tweenEasing":0,"rotate":-37.8},{"duration":3,"tweenEasing":0,"rotate":-86.55},{"duration":3,"tweenEasing":0,"rotate":-97.27},{"duration":3,"tweenEasing":0,"rotate":-97.26},{"duration":3,"rotate":8.54}]},{"name":"wt_dj_xiaobi2","rotateFrame":[{"duration":9},{"duration":3,"tweenEasing":0},{"duration":3,"tweenEasing":0,"rotate":-55.24},{"duration":0,"rotate":5.26}]},{"name":"wt_dj_shou2","rotateFrame":[{"duration":6},{"duration":3,"tweenEasing":0},{"duration":3,"tweenEasing":0,"rotate":-53.54},{"duration":3,"tweenEasing":0,"rotate":-46.54},{"duration":0}]}],"slot":[{"name":"wt_dj_jiao1","displayFrame":[{"duration":15,"value":1}]},{"name":"wt_dj_shenti","displayFrame":[{"duration":15,"value":2}]},{"name":"wt_dj_shou1","displayFrame":[{"duration":15,"value":2}]},{"name":"wt_dj_tou","displayFrame":[{"duration":15,"value":1}]}],"ik":[{"name":"tui1","frame":[{"duration":9,"weight":0},{"duration":6,"weight":0}]},{"name":"tui2","frame":[{"duration":9,"weight":0},{"duration":6,"weight":0}]},{"name":"jiao1","frame":[{"duration":15,"bendPositive":false,"weight":0}]},{"name":"jiao2","frame":[{"duration":9,"bendPositive":false,"weight":0},{"duration":6,"bendPositive":false,"weight":0}]}]},{"duration":3,"name":"0011_jifeishangsheng","bone":[{"name":"Role","translateFrame":[{"duration":3,"tweenEasing":0,"x":-26.3,"y":0.9},{"duration":0,"x":-6.98,"y":1.52}],"rotateFrame":[{"duration":3,"tweenEasing":0},{"duration":0,"rotate":-48.51}]},{"name":"wt_dj_datui1","rotateFrame":[{"duration":3,"tweenEasing":0,"rotate":-39.93},{"duration":0,"rotate":-43.62}]},{"name":"wt_dj_xiaotui1","rotateFrame":[{"duration":3,"tweenEasing":0,"rotate":32.4},{"duration":0,"rotate":28.94}]},{"name":"wt_dj_jiao1","translateFrame":[{"duration":3,"x":0.35,"y":4.11}],"rotateFrame":[{"duration":3,"tweenEasing":0,"rotate":-47.87},{"duration":0,"rotate":-36.48}]},{"name":"tui2","translateFrame":[{"duration":3,"x":1.81,"y":-9.52}]},{"name":"wt_dj_datui2","rotateFrame":[{"duration":3,"tweenEasing":0,"rotate":-37.23},{"duration":0,"rotate":-41.12}]},{"name":"wt_dj_xiaotui2","rotateFrame":[{"duration":3,"rotate":33.68}]},{"name":"jiao2","translateFrame":[{"duration":3,"y":-10.88}]},{"name":"wt_dj_jiao2","rotateFrame":[{"duration":3,"tweenEasing":0},{"duration":0,"rotate":22.18}]},{"name":"wt_dj_shenti","rotateFrame":[{"duration":3,"rotate":15.13}]},{"name":"wt_dj_tou","translateFrame":[{"duration":3,"x":1.4,"y":0.28}],"rotateFrame":[{"duration":3,"tweenEasing":0,"rotate":-11.04},{"duration":0,"rotate":-6.75}]},{"name":"wt_dj_shangbi1","translateFrame":[{"duration":3,"x":-2.17,"y":-1.7}],"rotateFrame":[{"duration":3,"tweenEasing":0,"rotate":-12.67},{"duration":0,"rotate":-85.49}]},{"name":"wt_dj_shangbi2","translateFrame":[{"duration":3,"x":5.85,"y":-9.78}],"rotateFrame":[{"duration":3,"tweenEasing":0,"rotate":-37.8},{"duration":0,"rotate":-86.55}]},{"name":"gw_007_heiyiren_pz","translateFrame":[{"duration":3,"tweenEasing":0},{"duration":0,"y":-21.67}],"scaleFrame":[{"duration":3,"tweenEasing":0},{"duration":0,"x":1.6,"y":0.82}]}],"slot":[{"name":"wt_dj_jiao1","displayFrame":[{"duration":3,"value":1}]},{"name":"wt_dj_shenti","displayFrame":[{"duration":3,"value":2}]},{"name":"wt_dj_shou1","displayFrame":[{"duration":3,"value":2}]},{"name":"wt_dj_tou","displayFrame":[{"duration":3,"value":1}]}],"ik":[{"name":"tui1","frame":[{"duration":3,"weight":0}]},{"name":"tui2","frame":[{"duration":3,"weight":0}]},{"name":"jiao1","frame":[{"duration":3,"bendPositive":false,"weight":0}]},{"name":"jiao2","frame":[{"duration":3,"bendPositive":false,"weight":0}]}]},{"duration":0,"name":"0012_jifeixialuo","bone":[{"name":"Role","translateFrame":[{"duration":0,"x":-6.04,"y":73.21}],"rotateFrame":[{"duration":0,"rotate":-76.45}]},{"name":"wt_dj_datui1","rotateFrame":[{"duration":0,"rotate":-47.8}]},{"name":"wt_dj_xiaotui1","rotateFrame":[{"duration":0,"rotate":20.1}]},{"name":"wt_dj_jiao1","translateFrame":[{"duration":0,"x":0.35,"y":4.11}],"rotateFrame":[{"duration":0,"rotate":-37.59}]},{"name":"tui2","translateFrame":[{"duration":0,"x":1.81,"y":-9.52}]},{"name":"wt_dj_datui2","translateFrame":[{"duration":0,"x":-8.33,"y":1.18}],"rotateFrame":[{"duration":0,"rotate":-5.44}]},{"name":"wt_dj_xiaotui2","rotateFrame":[{"duration":0,"rotate":20.64}]},{"name":"jiao2","translateFrame":[{"duration":0,"y":-10.88}]},{"name":"wt_dj_jiao2","rotateFrame":[{"duration":0,"rotate":14.68}]},{"name":"wt_dj_shenti","rotateFrame":[{"duration":0,"rotate":41.45}]},{"name":"wt_dj_tou","translateFrame":[{"duration":0,"x":1.4,"y":0.28}],"rotateFrame":[{"duration":0,"rotate":-1.24}]},{"name":"wt_dj_shangbi1","translateFrame":[{"duration":0,"x":-2.17,"y":-1.7}],"rotateFrame":[{"duration":0,"rotate":-124.62}]},{"name":"wt_dj_shangbi2","translateFrame":[{"duration":0,"x":5.85,"y":-9.78}],"rotateFrame":[{"duration":0,"rotate":-97.27}]},{"name":"gw_007_heiyiren_pz","translateFrame":[{"duration":0,"y":-3.2}],"scaleFrame":[{"duration":0,"x":1.78,"y":0.77}]}],"slot":[{"name":"wt_dj_jiao1","displayFrame":[{"duration":0,"value":1}]},{"name":"wt_dj_shenti","displayFrame":[{"duration":0,"value":2}]},{"name":"wt_dj_shou1","displayFrame":[{"duration":0,"value":2}]},{"name":"wt_dj_tou","displayFrame":[{"duration":0,"value":1}]}],"ik":[{"name":"tui1","frame":[{"duration":0,"bendPositive":false,"weight":0}]},{"name":"tui2","frame":[{"duration":0,"bendPositive":false,"weight":0}]},{"name":"jiao1","frame":[{"duration":0,"weight":0}]},{"name":"jiao2","frame":[{"duration":0,"bendPositive":false,"weight":0}]}]},{"duration":6,"name":"0013_daodi","bone":[{"name":"Role","translateFrame":[{"duration":3,"tweenEasing":0,"x":-2.25,"y":92.51},{"duration":3,"tweenEasing":0,"x":-3.82,"y":77.9},{"duration":0,"x":-4.92,"y":100.93}],"rotateFrame":[{"duration":3,"tweenEasing":0,"rotate":-87.56},{"duration":3,"tweenEasing":0,"rotate":-89.56},{"duration":0,"rotate":-92.72}]},{"name":"wt_dj_datui1","translateFrame":[{"duration":3,"tweenEasing":0},{"duration":3,"tweenEasing":0},{"duration":0,"x":-4.42,"y":-0.13}],"rotateFrame":[{"duration":3,"tweenEasing":0,"rotate":-46.95},{"duration":3,"tweenEasing":0,"rotate":-10.57},{"duration":0,"rotate":-33.43}]},{"name":"wt_dj_xiaotui1","rotateFrame":[{"duration":3,"tweenEasing":0,"rotate":5.05},{"duration":3,"tweenEasing":0,"rotate":17.37},{"duration":0,"rotate":46.02}]},{"name":"wt_dj_jiao1","translateFrame":[{"duration":6,"x":0.35,"y":4.11}],"rotateFrame":[{"duration":3,"tweenEasing":0,"rotate":-44.65},{"duration":3,"rotate":-26.88}]},{"name":"tui2","translateFrame":[{"duration":6,"x":1.81,"y":-9.52}]},{"name":"wt_dj_datui2","translateFrame":[{"duration":3,"tweenEasing":0,"x":-6.82,"y":0.28},{"duration":3,"tweenEasing":0},{"duration":0,"x":-12.02,"y":-0.66}],"rotateFrame":[{"duration":3,"tweenEasing":0,"rotate":-39.66},{"duration":3,"tweenEasing":0,"rotate":-13.23},{"duration":0,"rotate":8.38}]},{"name":"wt_dj_xiaotui2","rotateFrame":[{"duration":3,"tweenEasing":0,"rotate":48.88},{"duration":3,"tweenEasing":0,"rotate":56.57},{"duration":0,"rotate":4.22}]},{"name":"jiao2","translateFrame":[{"duration":6,"y":-10.88}]},{"name":"wt_dj_jiao2","rotateFrame":[{"duration":3,"tweenEasing":0,"rotate":-6.2},{"duration":3,"rotate":-2.79}]},{"name":"wt_dj_shenti","rotateFrame":[{"duration":3,"tweenEasing":0,"rotate":23.27},{"duration":3,"tweenEasing":0,"rotate":-0.79},{"duration":0,"rotate":7.97}]},{"name":"wt_dj_tou","translateFrame":[{"duration":6,"x":1.4,"y":0.28}],"rotateFrame":[{"duration":3,"tweenEasing":0,"rotate":20.02},{"duration":3,"tweenEasing":0,"rotate":-26.07},{"duration":0,"rotate":-7.97}]},{"name":"wt_dj_shangbi1","translateFrame":[{"duration":3,"tweenEasing":0,"x":-2.17,"y":-1.7},{"duration":3,"tweenEasing":0,"x":-2.17,"y":-1.7},{"duration":0,"x":-1.08,"y":1.48}],"rotateFrame":[{"duration":3,"tweenEasing":0,"rotate":-124.61},{"duration":3,"rotate":-11.47}]},{"name":"wt_dj_xiaobi1","rotateFrame":[{"duration":3,"tweenEasing":0},{"duration":3,"tweenEasing":0,"rotate":-41.25},{"duration":0,"rotate":10.86}]},{"name":"wt_dj_shou1","rotateFrame":[{"duration":3,"tweenEasing":0,"rotate":-23.05},{"duration":3,"tweenEasing":0,"rotate":-26.81},{"duration":0}]},{"name":"wt_dj_shangbi2","translateFrame":[{"duration":6,"x":5.85,"y":-9.78}],"rotateFrame":[{"duration":3,"tweenEasing":0,"rotate":-97.26},{"duration":3,"rotate":8.54}]},{"name":"wt_dj_xiaobi2","rotateFrame":[{"duration":3,"tweenEasing":0},{"duration":3,"tweenEasing":0,"rotate":-55.24},{"duration":0,"rotate":5.26}]},{"name":"wt_dj_shou2","rotateFrame":[{"duration":3,"tweenEasing":0,"rotate":-53.54},{"duration":3,"tweenEasing":0,"rotate":-46.54},{"duration":0}]},{"name":"gw_007_heiyiren_pz","translateFrame":[{"duration":6,"x":-3.6,"y":12.5}],"scaleFrame":[{"duration":6,"x":2.23,"y":0.39}]}],"slot":[{"name":"wt_dj_jiao1","displayFrame":[{"duration":6,"value":1}]},{"name":"wt_dj_shenti","displayFrame":[{"duration":3,"value":2},{"duration":3},{"duration":0,"value":1}]},{"name":"wt_dj_shou1","displayFrame":[{"duration":6,"value":2}]},{"name":"wt_dj_tou","displayFrame":[{"duration":6,"value":1}]}],"ik":[{"name":"tui1","frame":[{"duration":6,"weight":0}]},{"name":"tui2","frame":[{"duration":6,"weight":0}]},{"name":"jiao1","frame":[{"duration":6,"bendPositive":false,"weight":0}]},{"name":"jiao2","frame":[{"duration":6,"bendPositive":false,"weight":0}]}]},{"duration":0,"name":"0014_siwang","bone":[{"name":"Role","translateFrame":[{"duration":0,"x":-4.92,"y":100.93}],"rotateFrame":[{"duration":0,"rotate":-92.72}]},{"name":"wt_dj_datui1","translateFrame":[{"duration":0,"x":-4.42,"y":-0.13}],"rotateFrame":[{"duration":0,"rotate":-33.43}]},{"name":"wt_dj_xiaotui1","rotateFrame":[{"duration":0,"rotate":46.02}]},{"name":"wt_dj_jiao1","translateFrame":[{"duration":0,"x":0.35,"y":4.11}],"rotateFrame":[{"duration":0,"rotate":-26.88}]},{"name":"tui2","translateFrame":[{"duration":0,"x":1.81,"y":-9.52}]},{"name":"wt_dj_datui2","translateFrame":[{"duration":0,"x":-12.02,"y":-0.66}],"rotateFrame":[{"duration":0,"rotate":8.38}]},{"name":"wt_dj_xiaotui2","rotateFrame":[{"duration":0,"rotate":4.22}]},{"name":"jiao2","translateFrame":[{"duration":0,"y":-10.88}]},{"name":"wt_dj_jiao2","rotateFrame":[{"duration":0,"rotate":-2.79}]},{"name":"wt_dj_shenti","rotateFrame":[{"duration":0,"rotate":7.97}]},{"name":"wt_dj_tou","translateFrame":[{"duration":0,"x":1.4,"y":0.28}],"rotateFrame":[{"duration":0,"rotate":-7.97}]},{"name":"wt_dj_shangbi1","translateFrame":[{"duration":0,"x":-1.08,"y":1.48}],"rotateFrame":[{"duration":0,"rotate":-11.47}]},{"name":"wt_dj_xiaobi1","rotateFrame":[{"duration":0,"rotate":10.86}]},{"name":"wt_dj_shangbi2","translateFrame":[{"duration":0,"x":5.85,"y":-9.78}],"rotateFrame":[{"duration":0,"rotate":8.54}]},{"name":"wt_dj_xiaobi2","rotateFrame":[{"duration":0,"rotate":5.26}]},{"name":"gw_007_heiyiren_pz","translateFrame":[{"duration":0,"x":-3.6,"y":12.5}],"scaleFrame":[{"duration":0,"x":2.23,"y":0.39}]}],"slot":[{"name":"wt_dj_jiao1","displayFrame":[{"duration":0,"value":1}]},{"name":"wt_dj_shenti","displayFrame":[{"duration":0,"value":1}]},{"name":"wt_dj_shou1","displayFrame":[{"duration":0,"value":2}]},{"name":"wt_dj_tou","displayFrame":[{"duration":0,"value":1}]}],"ik":[{"name":"tui1","frame":[{"duration":0,"weight":0}]},{"name":"tui2","frame":[{"duration":0,"weight":0}]},{"name":"jiao1","frame":[{"duration":0,"bendPositive":false,"weight":0}]},{"name":"jiao2","frame":[{"duration":0,"bendPositive":false,"weight":0}]}]},{"duration":3,"name":"0015_daodiqishen","bone":[{"name":"Role","translateFrame":[{"duration":3,"x":-16.85,"y":95.05}],"rotateFrame":[{"duration":3,"rotate":-92.72}]},{"name":"wt_dj_datui1","translateFrame":[{"duration":3,"tweenEasing":0,"x":-11.72,"y":-6.17},{"duration":0,"x":-4.98,"y":-18.19}],"rotateFrame":[{"duration":3,"tweenEasing":0,"rotate":-69.4},{"duration":0,"rotate":-33.88}]},{"name":"wt_dj_xiaotui1","rotateFrame":[{"duration":3,"tweenEasing":0,"rotate":109.56},{"duration":0,"rotate":42.6}]},{"name":"wt_dj_jiao1","translateFrame":[{"duration":3,"x":0.35,"y":4.11}],"rotateFrame":[{"duration":3,"tweenEasing":0,"rotate":-30.62},{"duration":0,"rotate":-49.26}]},{"name":"tui2","translateFrame":[{"duration":3,"x":1.81,"y":-9.52}]},{"name":"wt_dj_datui2","translateFrame":[{"duration":3,"tweenEasing":0,"x":-16.13,"y":-3.78},{"duration":0,"x":-18.87,"y":-5.87}],"rotateFrame":[{"duration":3,"tweenEasing":0,"rotate":-7.99},{"duration":0,"rotate":-25.78}]},{"name":"wt_dj_xiaotui2","rotateFrame":[{"duration":3,"tweenEasing":0,"rotate":34.52},{"duration":0,"rotate":59.35}]},{"name":"jiao2","translateFrame":[{"duration":3,"y":-10.88}]},{"name":"wt_dj_jiao2","rotateFrame":[{"duration":3,"tweenEasing":0,"rotate":16.79},{"duration":0,"rotate":8.85}]},{"name":"wt_dj_shenti","translateFrame":[{"duration":3,"tweenEasing":0,"x":4.03,"y":3.7},{"duration":0,"x":9.25,"y":1.32}],"rotateFrame":[{"duration":3,"tweenEasing":0,"rotate":72},{"duration":0,"rotate":114.69}]},{"name":"wt_dj_tou","translateFrame":[{"duration":3,"tweenEasing":0,"x":-0.91,"y":-2.25},{"duration":0,"x":1.4,"y":0.28}],"rotateFrame":[{"duration":3,"tweenEasing":0,"rotate":15.26},{"duration":0,"rotate":-7.97}]},{"name":"wt_dj_shangbi1","translateFrame":[{"duration":3,"x":-1.08,"y":1.48}],"rotateFrame":[{"duration":3,"tweenEasing":0,"rotate":9.69},{"duration":0,"rotate":-6.02}]},{"name":"wt_dj_xiaobi1","rotateFrame":[{"duration":3,"tweenEasing":0,"rotate":-22.85},{"duration":0,"rotate":-1.08}]},{"name":"wt_dj_shou1","rotateFrame":[{"duration":3,"tweenEasing":0,"rotate":-49.19},{"duration":0,"rotate":-26.6}]},{"name":"wt_dj_shangbi2","translateFrame":[{"duration":3,"x":5.85,"y":-9.78}],"rotateFrame":[{"duration":3,"tweenEasing":0,"rotate":-2.95},{"duration":0,"rotate":-42.04}]},{"name":"wt_dj_xiaobi2","rotateFrame":[{"duration":3,"rotate":5.26}]},{"name":"wt_dj_shou2","rotateFrame":[{"duration":3,"tweenEasing":0,"rotate":-55.67},{"duration":0,"rotate":-56.16}]},{"name":"gw_007_heiyiren_pz","translateFrame":[{"duration":3,"tweenEasing":0,"y":6.01},{"duration":0,"y":7.22}],"scaleFrame":[{"duration":3,"x":1.3,"y":0.69}]}],"slot":[{"name":"wt_dj_jiao1","displayFrame":[{"duration":3,"value":1}]},{"name":"wt_dj_shenti","displayFrame":[{"duration":3,"value":2},{"duration":0,"value":1}]},{"name":"wt_dj_shou1","displayFrame":[{"duration":3,"value":2}]},{"name":"wt_dj_tou","displayFrame":[{"duration":3,"value":1}]}],"ik":[{"name":"tui1","frame":[{"duration":3,"weight":0}]},{"name":"tui2","frame":[{"duration":3,"weight":0}]},{"name":"jiao1","frame":[{"duration":3,"bendPositive":false,"weight":0}]},{"name":"jiao2","frame":[{"duration":3,"bendPositive":false,"weight":0}]}],"zOrder":{"frame":[{"duration":3}]}},{"duration":40,"name":"0016_xutuo","bone":[{"name":"wt_dj_shenti","translateFrame":[{"duration":15,"curve":[0.25,0,0.75,1]},{"duration":25,"curve":[0.25,0,0.75,1],"x":-0.06,"y":-0.47},{"duration":0}],"rotateFrame":[{"duration":15,"curve":[0.25,0,0.75,1]},{"duration":25,"curve":[0.25,0,0.75,1],"rotate":-0.33},{"duration":0}]},{"name":"wt_dj_tou","rotateFrame":[{"duration":20,"curve":[0.25,0,0.75,1]},{"duration":20,"curve":[0.25,0,0.75,1],"rotate":-1.18},{"duration":0}]},{"name":"wt_dj_shangbi1","translateFrame":[{"duration":20,"curve":[0.25,0,0.75,1]},{"duration":20,"curve":[0.25,0,0.75,1],"x":1.18,"y":0.16},{"duration":0}],"rotateFrame":[{"duration":20,"curve":[0.25,0,0.75,1]},{"duration":20,"curve":[0.25,0,0.75,1],"rotate":0.64},{"duration":0}]},{"name":"wt_dj_xiaobi1","rotateFrame":[{"duration":25,"curve":[0.25,0,0.75,1]},{"duration":15,"curve":[0.25,0,0.75,1],"rotate":-1.78},{"duration":0}]},{"name":"wt_dj_shou1","rotateFrame":[{"duration":25,"curve":[0.25,0,0.75,1]},{"duration":15,"curve":[0.25,0,0.75,1],"rotate":1.84},{"duration":0}]},{"name":"wt_dj_shangbi2","translateFrame":[{"duration":20,"curve":[0.25,0,0.75,1]},{"duration":20,"curve":[0.25,0,0.75,1],"x":0.58,"y":0.08},{"duration":0}],"rotateFrame":[{"duration":20,"curve":[0.25,0,0.75,1]},{"duration":20,"curve":[0.25,0,0.75,1],"rotate":-3.02},{"duration":0}]},{"name":"wt_dj_xiaobi2","rotateFrame":[{"duration":25,"curve":[0.25,0,0.75,1]},{"duration":15,"curve":[0.25,0,0.75,1],"rotate":-2.09},{"duration":0}]},{"name":"wt_dj_shou2","rotateFrame":[{"duration":25,"curve":[0.25,0,0.75,1]},{"duration":15,"curve":[0.25,0,0.75,1],"rotate":1.08},{"duration":0}]}],"slot":[{"name":"wt_dj_shou1","displayFrame":[{"duration":40,"value":2}]}]},{"duration":40,"name":"0017_shengli","bone":[{"name":"wt_dj_shenti","translateFrame":[{"duration":15,"curve":[0.25,0,0.75,1]},{"duration":25,"curve":[0.25,0,0.75,1],"x":-0.06,"y":-0.47},{"duration":0}],"rotateFrame":[{"duration":15,"curve":[0.25,0,0.75,1]},{"duration":25,"curve":[0.25,0,0.75,1],"rotate":-0.33},{"duration":0}]},{"name":"wt_dj_tou","rotateFrame":[{"duration":20,"curve":[0.25,0,0.75,1]},{"duration":20,"curve":[0.25,0,0.75,1],"rotate":-1.18},{"duration":0}]},{"name":"wt_dj_shangbi1","translateFrame":[{"duration":20,"curve":[0.25,0,0.75,1]},{"duration":20,"curve":[0.25,0,0.75,1],"x":1.18,"y":0.16},{"duration":0}],"rotateFrame":[{"duration":20,"curve":[0.25,0,0.75,1]},{"duration":20,"curve":[0.25,0,0.75,1],"rotate":0.64},{"duration":0}]},{"name":"wt_dj_xiaobi1","rotateFrame":[{"duration":25,"curve":[0.25,0,0.75,1]},{"duration":15,"curve":[0.25,0,0.75,1],"rotate":-1.78},{"duration":0}]},{"name":"wt_dj_shou1","rotateFrame":[{"duration":25,"curve":[0.25,0,0.75,1]},{"duration":15,"curve":[0.25,0,0.75,1],"rotate":1.84},{"duration":0}]},{"name":"wt_dj_shangbi2","translateFrame":[{"duration":20,"curve":[0.25,0,0.75,1]},{"duration":20,"curve":[0.25,0,0.75,1],"x":0.58,"y":0.08},{"duration":0}],"rotateFrame":[{"duration":20,"curve":[0.25,0,0.75,1]},{"duration":20,"curve":[0.25,0,0.75,1],"rotate":-3.02},{"duration":0}]},{"name":"wt_dj_xiaobi2","rotateFrame":[{"duration":25,"curve":[0.25,0,0.75,1]},{"duration":15,"curve":[0.25,0,0.75,1],"rotate":-2.09},{"duration":0}]},{"name":"wt_dj_shou2","rotateFrame":[{"duration":25,"curve":[0.25,0,0.75,1]},{"duration":15,"curve":[0.25,0,0.75,1],"rotate":1.08},{"duration":0}]}],"slot":[{"name":"wt_dj_shou1","displayFrame":[{"duration":40,"value":2}]}]},{"duration":0,"name":"0018_dingshen","bone":[{"name":"Role","translateFrame":[{"duration":0,"x":-0.46,"y":3.23}],"rotateFrame":[{"duration":0,"rotate":0.06}]},{"name":"tui2","translateFrame":[{"duration":0,"x":5.94,"y":-4.15}]},{"name":"wt_dj_datui2","translateFrame":[{"duration":0,"x":-8.31,"y":-0.58}]},{"name":"wt_dj_shenti","rotateFrame":[{"duration":0,"rotate":15.34}]},{"name":"wt_dj_shangbi1","rotateFrame":[{"duration":0,"rotate":-19.24}]},{"name":"wt_dj_shangbi2","rotateFrame":[{"duration":0,"rotate":-26.89}]}],"slot":[{"name":"wt_dj_shou1","displayFrame":[{"duration":0,"value":2}]},{"name":"wt_dj_tou","displayFrame":[{"duration":0,"value":1}]}],"ik":[{"name":"tui2","frame":[{"duration":0}]},{"name":"jiao2","frame":[{"duration":0,"bendPositive":false,"weight":0}]}]},{"duration":0,"name":"0019_gedang","bone":[{"name":"Role","translateFrame":[{"duration":0,"x":-6.16,"y":1.84}]},{"name":"wt_dj_datui1","translateFrame":[{"duration":0,"x":-1.84}]},{"name":"tui2","translateFrame":[{"duration":0,"y":-2.46}]},{"name":"wt_dj_datui2","translateFrame":[{"duration":0,"x":-3.08,"y":0.61}]},{"name":"wt_dj_shangbi1","rotateFrame":[{"duration":0,"rotate":-72.74}]},{"name":"wt_dj_xiaobi1","rotateFrame":[{"duration":0,"rotate":-52.01}]},{"name":"wt_dj_shangbi2","rotateFrame":[{"duration":0,"rotate":0.26}]},{"name":"wt_dj_xiaobi2","rotateFrame":[{"duration":0,"rotate":-7.47}]},{"name":"wt_dj_shou2","rotateFrame":[{"duration":0,"rotate":-8.74}]}],"slot":[{"name":"wt_dj_shou1","displayFrame":[{"duration":0,"value":2}]}]},{"duration":0,"name":"0020_wu"},{"duration":0,"name":"0021_wu"},{"duration":0,"name":"0022_wu"},{"duration":0,"name":"0023_wu"},{"duration":0,"name":"0024_wu"},{"duration":45,"name":"0025_gongji1","bone":[{"name":"Role","translateFrame":[{"duration":35,"x":-10.85,"y":-6.12},{"duration":10,"curve":[0,0.35,0.75,1],"x":-10.85,"y":-6.12},{"duration":0}]},{"name":"tui1","translateFrame":[{"duration":35,"x":11.5},{"duration":10,"curve":[0.25,0,1,0.44],"x":11.5},{"duration":0}]},{"name":"jiao1","translateFrame":[{"duration":35,"x":11.5},{"duration":10,"curve":[0.25,0,1,0.44],"x":11.5},{"duration":0}]},{"name":"tui2","translateFrame":[{"duration":35,"x":-13.07},{"duration":10,"curve":[0.25,0,1,0.44],"x":-13.07},{"duration":0}]},{"name":"wt_dj_datui2","translateFrame":[{"duration":35,"x":-0.42,"y":2.61},{"duration":10,"curve":[0.25,0,1,0.44],"x":-0.42,"y":2.61},{"duration":0}]},{"name":"jiao2","translateFrame":[{"duration":35,"x":-13.07},{"duration":10,"curve":[0.25,0,1,0.44],"x":-13.07},{"duration":0}]},{"name":"wt_dj_shenti","translateFrame":[{"duration":35,"curve":[0,0.35,0.75,1],"x":5.69},{"duration":10,"curve":[0.25,0,1,0.44],"x":5.69},{"duration":0}],"rotateFrame":[{"duration":15,"curve":[0,0.35,0.75,1],"rotate":30.3},{"duration":10,"rotate":29.36},{"duration":10,"curve":[0,0.5,0.75,1],"rotate":29.36},{"duration":10,"curve":[0.25,0,1,0.44],"rotate":28.88},{"duration":0}]},{"name":"wt_dj_tou","rotateFrame":[{"duration":15,"curve":[0,0.35,0.75,1],"rotate":-11.91},{"duration":10,"rotate":-32.01},{"duration":10,"curve":[0,0.5,0.75,1],"rotate":-32.01},{"duration":10,"curve":[0.25,0,1,0.44],"rotate":-28.21},{"duration":0}]},{"name":"wt_dj_shangbi1","rotateFrame":[{"duration":15,"curve":[0,0.35,0.75,1],"rotate":-10.6},{"duration":20,"rotate":-14.58},{"duration":10,"curve":[0.25,0,1,0.44],"rotate":-14.58},{"duration":0}]},{"name":"wt_dj_xiaobi1","rotateFrame":[{"duration":15,"curve":[0,0.35,0.75,1],"rotate":-85.16},{"duration":20,"rotate":-60.55},{"duration":10,"curve":[0.25,0,1,0.44],"rotate":-60.55},{"duration":0}]},{"name":"wt_dj_shangbi2","translateFrame":[{"duration":35,"curve":[0,0.35,0.75,1],"x":6.02,"y":-7.57},{"duration":10,"curve":[0.25,0,1,0.44],"x":6.02,"y":-7.57},{"duration":0}],"rotateFrame":[{"duration":15,"curve":[0,0.35,0.75,1],"rotate":-22.57},{"duration":9,"curve":[0.661,0,1,0.56],"rotate":-102.12},{"curve":[0.25,0,0.75,1],"rotate":-99.81},{"duration":10,"curve":[0,0.5,0.75,1],"rotate":-112.32},{"duration":10,"curve":[0.25,0,1,0.44],"rotate":-113.45},{"duration":0}]},{"name":"wt_dj_xiaobi2","translateFrame":[{"duration":35,"curve":[0,0.35,0.75,1],"x":-0.06,"y":1.03},{"duration":10,"curve":[0.25,0,1,0.44],"x":-0.06,"y":1.03},{"duration":0}],"rotateFrame":[{"duration":15,"curve":[0,0.35,0.75,1],"rotate":21.38},{"duration":9,"curve":[0.661,0,1,0.56],"rotate":11.02},{"curve":[0.25,0,0.75,1],"rotate":15.36},{"duration":10,"curve":[0,0.5,0.75,1],"rotate":2.08},{"duration":10,"curve":[0.25,0,1,0.44],"rotate":0.26},{"duration":0}]},{"name":"wt_dj_shou2","rotateFrame":[{"duration":15,"curve":[0,0.35,0.75,1]},{"duration":9,"curve":[0.661,0,1,0.56],"rotate":-14.51},{"curve":[0.25,0,0.75,1],"rotate":4.77},{"duration":10,"curve":[0,0.5,0.75,1],"rotate":-30.93},{"duration":10,"curve":[0.25,0,1,0.44],"rotate":-33.73},{"duration":0}]},{"name":"guang01","translateFrame":[{"duration":45,"x":53.86,"y":8.46}],"scaleFrame":[{"duration":5,"x":0.37,"y":0.37},{"duration":20,"curve":[0,0.76,0.75,1],"x":0.37,"y":0.37},{"duration":20}]},{"name":"wt_tanshe_eff/nengliangjianzadi_00013","translateFrame":[{"duration":25,"tweenEasing":0},{"duration":20,"x":-102.73,"y":-31.95}]}],"slot":[{"name":"guang01","displayFrame":[{"duration":45}],"colorFrame":[{"duration":5,"tweenEasing":0,"value":{"aM":0}},{"duration":5,"tweenEasing":0,"value":{"aM":0}},{"duration":15,"tweenEasing":0},{"duration":20,"value":{"aM":0}}]},{"name":"wt_dj_shou2","displayFrame":[{"duration":25,"value":3},{"duration":18,"value":1},{"duration":2}]},{"name":"wt_tanshe_eff/nengliangjianzadi_00013","displayFrame":[{"duration":25,"value":-1},{"duration":3},{"duration":3,"value":1},{"duration":14,"value":2}],"colorFrame":[{"duration":31,"tweenEasing":0},{"duration":4,"tweenEasing":0},{"duration":10,"value":{"aM":0}}]},{"name":"wt_dj_shou1","displayFrame":[{"duration":45}]}]},{"duration":45,"name":"0026_gongji2","bone":[{"name":"Role","translateFrame":[{"duration":35,"x":-13.24,"y":-3.14},{"duration":10,"curve":[0.25,0,1,0.44],"x":-13.24,"y":-3.14},{"duration":0}]},{"name":"tui1","translateFrame":[{"duration":35,"x":11.5},{"duration":10,"curve":[0.25,0,1,0.44],"x":11.5},{"duration":0}]},{"name":"jiao1","translateFrame":[{"duration":35,"x":11.5},{"duration":10,"curve":[0.25,0,1,0.44],"x":11.5},{"duration":0}]},{"name":"tui2","translateFrame":[{"duration":35,"x":-13.07},{"duration":10,"curve":[0.25,0,1,0.44],"x":-13.07},{"duration":0}]},{"name":"wt_dj_datui2","translateFrame":[{"duration":35,"x":-0.42,"y":2.61},{"duration":10,"curve":[0.25,0,1,0.44],"x":-0.42,"y":2.61},{"duration":0}]},{"name":"jiao2","translateFrame":[{"duration":35,"x":-13.07},{"duration":10,"curve":[0.25,0,1,0.44],"x":-13.07},{"duration":0}]},{"name":"wt_dj_shenti","translateFrame":[{"duration":35,"curve":[0,0.35,0.75,1],"x":5.69},{"duration":10,"curve":[0.25,0,1,0.44],"x":5.69},{"duration":0}],"rotateFrame":[{"duration":15,"curve":[0,0.35,0.75,1],"rotate":30.3},{"duration":10,"rotate":29.36},{"duration":10,"curve":[0,0.5,0.75,1],"rotate":29.36},{"duration":10,"curve":[0.25,0,1,0.44],"rotate":28.88},{"duration":0}]},{"name":"wt_dj_tou","rotateFrame":[{"duration":15,"curve":[0,0.35,0.75,1],"rotate":-11.91},{"duration":10,"rotate":-32.01},{"duration":10,"curve":[0,0.5,0.75,1],"rotate":-32.01},{"duration":10,"curve":[0.25,0,1,0.44],"rotate":-28.21},{"duration":0}]},{"name":"wt_dj_shangbi1","rotateFrame":[{"duration":15,"curve":[0,0.35,0.75,1],"rotate":-10.6},{"duration":20,"rotate":-14.58},{"duration":10,"curve":[0.25,0,1,0.44],"rotate":-14.58},{"duration":0}]},{"name":"wt_dj_xiaobi1","rotateFrame":[{"duration":15,"curve":[0,0.35,0.75,1],"rotate":-85.16},{"duration":20,"rotate":-60.55},{"duration":10,"curve":[0.25,0,1,0.44],"rotate":-60.55},{"duration":0}]},{"name":"wt_dj_shangbi2","translateFrame":[{"duration":35,"curve":[0,0.35,0.75,1],"x":6.02,"y":-7.57},{"duration":10,"curve":[0.25,0,1,0.44],"x":6.02,"y":-7.57},{"duration":0}],"rotateFrame":[{"duration":15,"curve":[0,0.35,0.75,1],"rotate":-22.57},{"duration":9,"curve":[0.661,0,1,0.56],"rotate":-102.12},{"curve":[0.25,0,0.75,1],"rotate":-99.81},{"duration":10,"curve":[0,0.5,0.75,1],"rotate":-112.32},{"duration":10,"curve":[0.25,0,1,0.44],"rotate":-113.45},{"duration":0}]},{"name":"wt_dj_xiaobi2","translateFrame":[{"duration":35,"curve":[0,0.35,0.75,1],"x":-0.06,"y":1.03},{"duration":10,"curve":[0.25,0,1,0.44],"x":-0.06,"y":1.03},{"duration":0}],"rotateFrame":[{"duration":15,"curve":[0,0.35,0.75,1],"rotate":21.38},{"duration":9,"curve":[0.661,0,1,0.56],"rotate":11.02},{"curve":[0.25,0,0.75,1],"rotate":15.36},{"duration":10,"curve":[0,0.5,0.75,1],"rotate":2.08},{"duration":10,"curve":[0.25,0,1,0.44],"rotate":0.26},{"duration":0}]},{"name":"wt_dj_shou2","rotateFrame":[{"duration":15,"curve":[0,0.35,0.75,1]},{"duration":9,"curve":[0.661,0,1,0.56],"rotate":-14.51},{"curve":[0.25,0,0.75,1],"rotate":4.77},{"duration":10,"curve":[0,0.5,0.75,1],"rotate":-30.93},{"duration":10,"curve":[0.25,0,1,0.44],"rotate":-33.73},{"duration":0}]}],"slot":[{"name":"wt_dj_shou2","displayFrame":[{"duration":25,"value":3},{"duration":18,"value":1},{"duration":2}]},{"name":"wt_dj_shou1","displayFrame":[{"duration":45}]}],"ik":[{"name":"jiao1","frame":[{"duration":45,"bendPositive":false,"weight":0}]},{"name":"jiao2","frame":[{"duration":45,"bendPositive":false}]}]},{"duration":45,"name":"0027_shifa1","bone":[{"name":"Role","translateFrame":[{"duration":35,"x":-13.24,"y":-3.14},{"duration":10,"curve":[0.25,0,1,0.44],"x":-13.24,"y":-3.14},{"duration":0}]},{"name":"tui1","translateFrame":[{"duration":35,"x":11.5},{"duration":10,"curve":[0.25,0,1,0.44],"x":11.5},{"duration":0}]},{"name":"jiao1","translateFrame":[{"duration":35,"x":11.5},{"duration":10,"curve":[0.25,0,1,0.44],"x":11.5},{"duration":0}]},{"name":"tui2","translateFrame":[{"duration":35,"x":-13.07},{"duration":10,"curve":[0.25,0,1,0.44],"x":-13.07},{"duration":0}]},{"name":"wt_dj_datui2","translateFrame":[{"duration":35,"x":-0.42,"y":2.61},{"duration":10,"curve":[0.25,0,1,0.44],"x":-0.42,"y":2.61},{"duration":0}]},{"name":"jiao2","translateFrame":[{"duration":35,"x":-13.07},{"duration":10,"curve":[0.25,0,1,0.44],"x":-13.07},{"duration":0}]},{"name":"wt_dj_shenti","translateFrame":[{"duration":35,"curve":[0,0.35,0.75,1],"x":5.69},{"duration":10,"curve":[0.25,0,1,0.44],"x":5.69},{"duration":0}],"rotateFrame":[{"duration":15,"curve":[0,0.35,0.75,1],"rotate":30.3},{"duration":10,"rotate":29.36},{"duration":10,"curve":[0,0.5,0.75,1],"rotate":29.36},{"duration":10,"curve":[0.25,0,1,0.44],"rotate":28.88},{"duration":0}]},{"name":"wt_dj_tou","rotateFrame":[{"duration":15,"curve":[0,0.35,0.75,1],"rotate":-11.91},{"duration":10,"rotate":-32.01},{"duration":10,"curve":[0,0.5,0.75,1],"rotate":-32.01},{"duration":10,"curve":[0.25,0,1,0.44],"rotate":-28.21},{"duration":0}]},{"name":"wt_dj_shangbi1","rotateFrame":[{"duration":15,"curve":[0,0.35,0.75,1],"rotate":-10.6},{"duration":20,"rotate":-14.58},{"duration":10,"curve":[0.25,0,1,0.44],"rotate":-14.58},{"duration":0}]},{"name":"wt_dj_xiaobi1","rotateFrame":[{"duration":15,"curve":[0,0.35,0.75,1],"rotate":-85.16},{"duration":20,"rotate":-60.55},{"duration":10,"curve":[0.25,0,1,0.44],"rotate":-60.55},{"duration":0}]},{"name":"wt_dj_shangbi2","translateFrame":[{"duration":35,"curve":[0,0.35,0.75,1],"x":6.02,"y":-7.57},{"duration":10,"curve":[0.25,0,1,0.44],"x":6.02,"y":-7.57},{"duration":0}],"rotateFrame":[{"duration":15,"curve":[0,0.35,0.75,1],"rotate":-22.57},{"duration":9,"curve":[0.661,0,1,0.56],"rotate":-102.12},{"curve":[0.25,0,0.75,1],"rotate":-99.81},{"duration":10,"curve":[0,0.5,0.75,1],"rotate":-112.32},{"duration":10,"curve":[0.25,0,1,0.44],"rotate":-113.45},{"duration":0}]},{"name":"wt_dj_xiaobi2","translateFrame":[{"duration":35,"curve":[0,0.35,0.75,1],"x":-0.06,"y":1.03},{"duration":10,"curve":[0.25,0,1,0.44],"x":-0.06,"y":1.03},{"duration":0}],"rotateFrame":[{"duration":15,"curve":[0,0.35,0.75,1],"rotate":21.38},{"duration":9,"curve":[0.661,0,1,0.56],"rotate":11.02},{"curve":[0.25,0,0.75,1],"rotate":15.36},{"duration":10,"curve":[0,0.5,0.75,1],"rotate":2.08},{"duration":10,"curve":[0.25,0,1,0.44],"rotate":0.26},{"duration":0}]},{"name":"wt_dj_shou2","rotateFrame":[{"duration":15,"curve":[0,0.35,0.75,1]},{"duration":9,"curve":[0.661,0,1,0.56],"rotate":-14.51},{"curve":[0.25,0,0.75,1],"rotate":4.77},{"duration":10,"curve":[0,0.5,0.75,1],"rotate":-30.93},{"duration":10,"curve":[0.25,0,1,0.44],"rotate":-33.73},{"duration":0}]}],"slot":[{"name":"wt_dj_shou2","displayFrame":[{"duration":25,"value":3},{"duration":18,"value":1},{"duration":2}]},{"name":"wt_dj_shou1","displayFrame":[{"duration":45}]}]},{"duration":45,"name":"0028_shifa2","bone":[{"name":"Role","translateFrame":[{"duration":35,"x":-13.24,"y":-3.14},{"duration":10,"curve":[0.25,0,1,0.44],"x":-13.24,"y":-3.14},{"duration":0}]},{"name":"tui1","translateFrame":[{"duration":35,"x":11.5},{"duration":10,"curve":[0.25,0,1,0.44],"x":11.5},{"duration":0}]},{"name":"jiao1","translateFrame":[{"duration":35,"x":11.5},{"duration":10,"curve":[0.25,0,1,0.44],"x":11.5},{"duration":0}]},{"name":"tui2","translateFrame":[{"duration":35,"x":-13.07},{"duration":10,"curve":[0.25,0,1,0.44],"x":-13.07},{"duration":0}]},{"name":"wt_dj_datui2","translateFrame":[{"duration":35,"x":-0.42,"y":2.61},{"duration":10,"curve":[0.25,0,1,0.44],"x":-0.42,"y":2.61},{"duration":0}]},{"name":"jiao2","translateFrame":[{"duration":35,"x":-13.07},{"duration":10,"curve":[0.25,0,1,0.44],"x":-13.07},{"duration":0}]},{"name":"wt_dj_shenti","translateFrame":[{"duration":35,"curve":[0,0.35,0.75,1],"x":5.69},{"duration":10,"curve":[0.25,0,1,0.44],"x":5.69},{"duration":0}],"rotateFrame":[{"duration":15,"curve":[0,0.35,0.75,1],"rotate":30.3},{"duration":10,"rotate":29.36},{"duration":10,"curve":[0,0.5,0.75,1],"rotate":29.36},{"duration":10,"curve":[0.25,0,1,0.44],"rotate":28.88},{"duration":0}]},{"name":"wt_dj_tou","rotateFrame":[{"duration":15,"curve":[0,0.35,0.75,1],"rotate":-11.91},{"duration":10,"rotate":-32.01},{"duration":10,"curve":[0,0.5,0.75,1],"rotate":-32.01},{"duration":10,"curve":[0.25,0,1,0.44],"rotate":-28.21},{"duration":0}]},{"name":"wt_dj_shangbi1","rotateFrame":[{"duration":15,"curve":[0,0.35,0.75,1],"rotate":-10.6},{"duration":20,"rotate":-14.58},{"duration":10,"curve":[0.25,0,1,0.44],"rotate":-14.58},{"duration":0}]},{"name":"wt_dj_xiaobi1","rotateFrame":[{"duration":15,"curve":[0,0.35,0.75,1],"rotate":-85.16},{"duration":20,"rotate":-60.55},{"duration":10,"curve":[0.25,0,1,0.44],"rotate":-60.55},{"duration":0}]},{"name":"wt_dj_shangbi2","translateFrame":[{"duration":35,"curve":[0,0.35,0.75,1],"x":6.02,"y":-7.57},{"duration":10,"curve":[0.25,0,1,0.44],"x":6.02,"y":-7.57},{"duration":0}],"rotateFrame":[{"duration":15,"curve":[0,0.35,0.75,1],"rotate":-22.57},{"duration":9,"curve":[0.661,0,1,0.56],"rotate":-102.12},{"curve":[0.25,0,0.75,1],"rotate":-99.81},{"duration":10,"curve":[0,0.5,0.75,1],"rotate":-112.32},{"duration":10,"curve":[0.25,0,1,0.44],"rotate":-113.45},{"duration":0}]},{"name":"wt_dj_xiaobi2","translateFrame":[{"duration":35,"curve":[0,0.35,0.75,1],"x":-0.06,"y":1.03},{"duration":10,"curve":[0.25,0,1,0.44],"x":-0.06,"y":1.03},{"duration":0}],"rotateFrame":[{"duration":15,"curve":[0,0.35,0.75,1],"rotate":21.38},{"duration":9,"curve":[0.661,0,1,0.56],"rotate":11.02},{"curve":[0.25,0,0.75,1],"rotate":15.36},{"duration":10,"curve":[0,0.5,0.75,1],"rotate":2.08},{"duration":10,"curve":[0.25,0,1,0.44],"rotate":0.26},{"duration":0}]},{"name":"wt_dj_shou2","rotateFrame":[{"duration":15,"curve":[0,0.35,0.75,1]},{"duration":9,"curve":[0.661,0,1,0.56],"rotate":-14.51},{"curve":[0.25,0,0.75,1],"rotate":4.77},{"duration":10,"curve":[0,0.5,0.75,1],"rotate":-30.93},{"duration":10,"curve":[0.25,0,1,0.44],"rotate":-33.73},{"duration":0}]}],"slot":[{"name":"wt_dj_shou2","displayFrame":[{"duration":25,"value":3},{"duration":18,"value":1},{"duration":2}]},{"name":"wt_dj_shou1","displayFrame":[{"duration":45}]}]},{"duration":90,"name":"0029_bisha_yanshi","bone":[{"name":"Role","translateFrame":[{"duration":30},{"duration":24,"curve":[0,0.98,0.75,1]},{"duration":6,"curve":[0.25,0,1,0.17],"y":3.66},{"duration":30}]},{"name":"wt_dj_datui1","translateFrame":[{"duration":30},{"duration":24,"curve":[0,0.98,0.75,1]},{"duration":6,"curve":[0.25,0,1,0.17],"x":-2.74},{"duration":30}]},{"name":"wt_dj_datui2","translateFrame":[{"duration":30},{"duration":24,"curve":[0,0.98,0.75,1]},{"duration":6,"curve":[0.25,0,1,0.17],"x":-2.28,"y":0.35},{"duration":30}]},{"name":"wt_dj_shenti","rotateFrame":[{"duration":20,"curve":[0,0.9,0.75,1]},{"duration":10,"curve":[0.25,0,1,0.1],"rotate":-2.18},{"duration":24,"curve":[0,0.98,0.75,1],"rotate":-1.18},{"duration":6,"curve":[0.25,0,1,0.17],"rotate":2.47},{"duration":30}]},{"name":"wt_dj_tou","rotateFrame":[{"duration":20,"curve":[0,0.9,0.75,1]},{"duration":10,"curve":[0.25,0,1,0.1],"rotate":-12.99},{"duration":24,"curve":[0,0.98,0.75,1],"rotate":-0.36},{"duration":6,"curve":[0.25,0,1,0.17],"rotate":3.05},{"duration":30,"curve":[0.25,0,1,0],"rotate":-20.59},{"duration":0}]},{"name":"wt_dj_shangbi1","translateFrame":[{"duration":30,"curve":[0,0.9,0.75,1]},{"duration":24,"curve":[0,0.98,0.75,1]},{"duration":6,"curve":[0.25,0,1,0.17],"x":-0.35,"y":-0.05},{"duration":30}],"rotateFrame":[{"duration":20,"curve":[0,0.9,0.75,1]},{"duration":10,"curve":[0.25,0,1,0.1],"rotate":49.29},{"duration":24,"curve":[0,0.98,0.75,1],"rotate":30.09},{"duration":6,"curve":[0.25,0,1,0.17],"rotate":-2.24},{"duration":30,"curve":[0.25,0,1,0],"rotate":74.42},{"duration":0}]},{"name":"wt_dj_xiaobi1","rotateFrame":[{"duration":20,"curve":[0,0.9,0.75,1]},{"duration":10,"curve":[0.25,0,1,0.1],"rotate":73.73},{"duration":24,"curve":[0,0.98,0.75,1],"rotate":126.62},{"duration":6,"curve":[0.25,0,1,0.17],"rotate":-174.17},{"duration":30,"curve":[0.25,0,1,0],"rotate":55.7},{"duration":0}]},{"name":"wt_dj_shou1","rotateFrame":[{"duration":20,"curve":[0,0.9,0.75,1]},{"duration":10,"curve":[0.25,0,1,0.1],"rotate":9.95},{"duration":24,"rotate":10.42},{"duration":6,"curve":[0.25,0,1,0.17],"rotate":10.42},{"duration":30}]},{"name":"wt_dj_shangbi2","translateFrame":[{"duration":20,"curve":[0,0.9,0.75,1]},{"duration":10,"curve":[0.25,0,1,0.1],"x":1.96,"y":-5.05},{"duration":24,"curve":[0,0.98,0.75,1],"x":0.7,"y":-2.23},{"duration":6,"curve":[0.25,0,1,0.17],"x":-1.45,"y":0.48},{"duration":30,"curve":[0.25,0,1,0],"x":2.17,"y":-4.57},{"duration":0}],"rotateFrame":[{"duration":20,"curve":[0,0.9,0.75,1]},{"duration":10,"curve":[0.25,0,1,0.1],"rotate":-71.78},{"duration":24,"curve":[0,0.98,0.75,1],"rotate":-43.45},{"duration":6,"curve":[0.25,0,1,0.17],"rotate":-32.3},{"duration":30,"curve":[0.25,0,1,0],"rotate":-97.46},{"duration":0}]},{"name":"wt_dj_xiaobi2","translateFrame":[{"duration":20,"curve":[0,0.9,0.75,1]},{"duration":10,"curve":[0.25,0,1,0.1],"x":3.83,"y":2.16},{"duration":24,"curve":[0,0.98,0.75,1],"x":6.28,"y":-0.75},{"duration":6,"curve":[0.25,0,1,0.17],"x":6.28,"y":-0.75},{"duration":30,"curve":[0.25,0,1,0],"x":2.49,"y":1.43},{"duration":0}],"rotateFrame":[{"duration":20,"curve":[0,0.9,0.75,1]},{"duration":10,"curve":[0.25,0,1,0.1],"rotate":-26.74},{"duration":24,"curve":[0,0.98,0.75,1],"rotate":-77.36},{"duration":6,"curve":[0.25,0,1,0.17],"rotate":-117.43},{"duration":30,"curve":[0.25,0,1,0],"rotate":-8.26},{"duration":0}]},{"name":"wt_dj_shou2","rotateFrame":[{"duration":20,"curve":[0,0.9,0.75,1]},{"duration":10,"curve":[0.25,0,1,0.1],"rotate":-27.21},{"duration":24,"rotate":-27.83},{"duration":6,"curve":[0.25,0,1,0.17],"rotate":-27.83},{"duration":30,"curve":[0.25,0,1,0],"rotate":-14.18},{"duration":0}]},{"name":"wt_shoubijiacha_eff/0_00000","translateFrame":[{"duration":30,"curve":[0,0.9,0.75,1]},{"duration":24,"x":3.99},{"duration":36,"tweenEasing":0,"x":3.99},{"duration":0}]}],"slot":[{"name":"wt_dj_biyan","displayFrame":[{"duration":30,"value":-1},{"duration":30},{"duration":30,"value":-1}]},{"name":"wt_dj_shou1","displayFrame":[{"duration":30,"value":3},{"duration":30,"value":1},{"duration":30,"value":3}]},{"name":"wt_dj_shou2","displayFrame":[{"duration":30,"value":4},{"duration":30,"value":2},{"duration":30,"value":4}]}]},{"duration":30,"name":"0030_bisha_xuli","bone":[{"name":"wt_dj_shenti","rotateFrame":[{"duration":20,"curve":[0,0.9,0.75,1]},{"duration":10,"curve":[0.25,0,1,0.1],"rotate":-2.18},{"duration":0,"rotate":-1.18}]},{"name":"wt_dj_tou","rotateFrame":[{"duration":20,"curve":[0,0.9,0.75,1]},{"duration":10,"curve":[0.25,0,1,0.1],"rotate":-12.99},{"duration":0,"rotate":-0.36}]},{"name":"wt_dj_shangbi1","rotateFrame":[{"duration":20,"curve":[0,0.9,0.75,1]},{"duration":10,"curve":[0.25,0,1,0.1],"rotate":49.29},{"duration":0,"rotate":30.09}]},{"name":"wt_dj_xiaobi1","rotateFrame":[{"duration":20,"curve":[0,0.9,0.75,1]},{"duration":10,"curve":[0.25,0,1,0.1],"rotate":73.73},{"duration":0,"rotate":126.62}]},{"name":"wt_dj_shou1","rotateFrame":[{"duration":20,"curve":[0,0.9,0.75,1]},{"duration":10,"curve":[0.25,0,1,0.1],"rotate":9.95},{"duration":0,"rotate":10.42}]},{"name":"wt_dj_shangbi2","translateFrame":[{"duration":20,"curve":[0,0.9,0.75,1]},{"duration":10,"curve":[0.25,0,1,0.1],"x":1.96,"y":-5.05},{"duration":0,"x":0.7,"y":-2.23}],"rotateFrame":[{"duration":20,"curve":[0,0.9,0.75,1]},{"duration":10,"curve":[0.25,0,1,0.1],"rotate":-71.78},{"duration":0,"rotate":-43.44}]},{"name":"wt_dj_xiaobi2","translateFrame":[{"duration":20,"curve":[0,0.9,0.75,1]},{"duration":10,"curve":[0.25,0,1,0.1],"x":3.83,"y":2.16},{"duration":0,"x":6.28,"y":-0.75}],"rotateFrame":[{"duration":20,"curve":[0,0.9,0.75,1]},{"duration":10,"curve":[0.25,0,1,0.1],"rotate":-26.74},{"duration":0,"rotate":-77.36}]},{"name":"wt_dj_shou2","rotateFrame":[{"duration":20,"curve":[0,0.9,0.75,1]},{"duration":10,"curve":[0.25,0,1,0.1],"rotate":-27.21},{"duration":0,"rotate":-27.83}]},{"name":"wt_shoubijiacha_eff/0_00000","translateFrame":[{"duration":30,"curve":[0,0.9,0.75,1]},{"duration":0,"x":3.99}]}],"slot":[{"name":"wt_dj_biyan","displayFrame":[{"duration":30,"value":-1},{"duration":0}]},{"name":"wt_dj_shou1","displayFrame":[{"duration":30,"value":3},{"duration":0,"value":1}]},{"name":"wt_dj_shou2","displayFrame":[{"duration":30,"value":4},{"duration":0,"value":2}]}]},{"duration":60,"name":"0031_bisha_gongji1","bone":[{"name":"Role","translateFrame":[{"duration":24,"curve":[0,0.98,0.75,1]},{"duration":6,"curve":[0.25,0,1,0.17],"y":3.66},{"duration":30}]},{"name":"wt_dj_datui1","translateFrame":[{"duration":24,"curve":[0,0.98,0.75,1]},{"duration":6,"curve":[0.25,0,1,0.17],"x":-2.74},{"duration":30}]},{"name":"wt_dj_datui2","translateFrame":[{"duration":24,"curve":[0,0.98,0.75,1]},{"duration":6,"curve":[0.25,0,1,0.17],"x":-2.28,"y":0.35},{"duration":30}]},{"name":"wt_dj_shenti","rotateFrame":[{"duration":24,"curve":[0,0.98,0.75,1],"rotate":-1.18},{"duration":6,"curve":[0.25,0,1,0.17],"rotate":2.47},{"duration":30}]},{"name":"wt_dj_tou","rotateFrame":[{"duration":24,"curve":[0,0.98,0.75,1],"rotate":-0.36},{"duration":6,"curve":[0.25,0,1,0.17],"rotate":3.05},{"duration":30,"curve":[0.25,0,1,0],"rotate":-20.59},{"duration":0}]},{"name":"wt_dj_shangbi1","translateFrame":[{"duration":24,"curve":[0,0.98,0.75,1]},{"duration":6,"curve":[0.25,0,1,0.17],"x":-0.35,"y":-0.05},{"duration":30}],"rotateFrame":[{"duration":24,"curve":[0,0.98,0.75,1],"rotate":30.09},{"duration":6,"curve":[0.25,0,1,0.17],"rotate":-2.24},{"duration":30,"curve":[0.25,0,1,0],"rotate":74.42},{"duration":0}]},{"name":"wt_dj_xiaobi1","rotateFrame":[{"duration":24,"curve":[0,0.98,0.75,1],"rotate":126.62},{"duration":6,"curve":[0.25,0,1,0.17],"rotate":-174.17},{"duration":30,"curve":[0.25,0,1,0],"rotate":55.7},{"duration":0}]},{"name":"wt_dj_shou1","rotateFrame":[{"duration":24,"rotate":10.42},{"duration":6,"curve":[0.25,0,1,0.17],"rotate":10.42},{"duration":30}]},{"name":"wt_dj_shangbi2","translateFrame":[{"duration":24,"curve":[0,0.98,0.75,1],"x":0.7,"y":-2.23},{"duration":6,"curve":[0.25,0,1,0.17],"x":-1.45,"y":0.48},{"duration":30,"curve":[0.25,0,1,0],"x":2.17,"y":-4.57},{"duration":0}],"rotateFrame":[{"duration":24,"curve":[0,0.98,0.75,1],"rotate":-43.44},{"duration":6,"curve":[0.25,0,1,0.17],"rotate":-32.3},{"duration":30,"curve":[0.25,0,1,0],"rotate":-97.45},{"duration":0}]},{"name":"wt_dj_xiaobi2","translateFrame":[{"duration":24,"curve":[0,0.98,0.75,1],"x":6.28,"y":-0.75},{"duration":6,"curve":[0.25,0,1,0.17],"x":6.28,"y":-0.75},{"duration":30,"curve":[0.25,0,1,0],"x":2.49,"y":1.43},{"duration":0}],"rotateFrame":[{"duration":24,"curve":[0,0.98,0.75,1],"rotate":-77.36},{"duration":6,"curve":[0.25,0,1,0.17],"rotate":-117.43},{"duration":30,"curve":[0.25,0,1,0],"rotate":-8.26},{"duration":0}]},{"name":"wt_dj_shou2","rotateFrame":[{"duration":24,"rotate":-27.83},{"duration":6,"curve":[0.25,0,1,0.17],"rotate":-27.83},{"duration":30,"curve":[0.25,0,1,0],"rotate":-14.18},{"duration":0}]},{"name":"wt_shoubijiacha_eff/0_00000","translateFrame":[{"duration":24,"x":3.99},{"duration":6,"tweenEasing":0,"x":3.99},{"duration":30}]}],"slot":[{"name":"wt_dj_biyan","displayFrame":[{"duration":30},{"duration":30,"value":-1}]},{"name":"wt_dj_shou1","displayFrame":[{"duration":30,"value":1},{"duration":30,"value":3}]},{"name":"wt_dj_shou2","displayFrame":[{"duration":30,"value":2},{"duration":30,"value":4}]}]},{"duration":30,"name":"0032_bisha_gongji2","bone":[{"name":"wt_dj_tou","rotateFrame":[{"duration":30,"curve":[0.25,0,1,0],"rotate":-20.59},{"duration":0}]},{"name":"wt_dj_shangbi1","rotateFrame":[{"duration":30,"curve":[0.25,0,1,0],"rotate":74.42},{"duration":0}]},{"name":"wt_dj_xiaobi1","rotateFrame":[{"duration":30,"curve":[0.25,0,1,0],"rotate":55.7},{"duration":0}]},{"name":"wt_dj_shangbi2","translateFrame":[{"duration":30,"curve":[0.25,0,1,0],"x":2.17,"y":-4.57},{"duration":0}],"rotateFrame":[{"duration":30,"curve":[0.25,0,1,0],"rotate":-97.45},{"duration":0}]},{"name":"wt_dj_xiaobi2","translateFrame":[{"duration":30,"curve":[0.25,0,1,0],"x":2.49,"y":1.43},{"duration":0}],"rotateFrame":[{"duration":30,"curve":[0.25,0,1,0],"rotate":-8.26},{"duration":0}]},{"name":"wt_dj_shou2","rotateFrame":[{"duration":30,"curve":[0.25,0,1,0],"rotate":-14.18},{"duration":0}]}]}],"defaultActions":[{"gotoAndPlay":"0000_chuchang"}]}]}