{"frameRate":60,"isGlobal":0,"armature":[{"bone":[{"inheritScale":false,"name":"000_fuji","transform":{}},{"inheritScale":false,"transform":{},"name":"000_biaoqian1","parent":"000_fuji"},{"inheritScale":false,"transform":{},"name":"001_biaoqian2","parent":"000_fuji"},{"inheritScale":false,"transform":{},"name":"003_duiwu","parent":"000_fuji"},{"inheritScale":false,"transform":{},"name":"002_vs","parent":"000_fuji"},{"inheritScale":false,"transform":{},"name":"004_xiaobiaoqian1","parent":"000_fuji"},{"inheritScale":false,"transform":{},"name":"005_xiaobiaoqian2","parent":"000_fuji"},{"inheritScale":false,"transform":{},"name":"006_touxiang1_4","parent":"000_biaoqian1"},{"inheritScale":false,"transform":{},"name":"006_touxiang1_3","parent":"000_biaoqian1"},{"inheritScale":false,"transform":{},"name":"006_touxiang1_2","parent":"000_biaoqian1"},{"inheritScale":false,"transform":{},"name":"006_touxiang1_1","parent":"000_biaoqian1"},{"inheritScale":false,"transform":{},"name":"007_touxiang2_1","parent":"001_biaoqian2"},{"inheritScale":false,"transform":{},"name":"007_touxiang2_2","parent":"001_biaoqian2"},{"inheritScale":false,"transform":{},"name":"007_touxiang2_3","parent":"001_biaoqian2"},{"inheritScale":false,"transform":{},"name":"007_touxiang2_4","parent":"001_biaoqian2"}],"type":"Armature","frameRate":60,"animation":[{"bone":[{"frame":[{"tweenEasing":0,"transform":{"x":-90},"duration":19},{"tweenEasing":0,"transform":{"x":-90},"duration":1},{"tweenEasing":0,"transform":{"x":-90},"duration":5},{"tweenEasing":0,"transform":{"x":-90},"duration":5},{"transform":{"x":-90},"duration":0}],"name":"007_touxiang2_3"},{"frame":[{"tweenEasing":0,"transform":{"x":-25},"duration":14},{"tweenEasing":0,"transform":{"x":-25},"duration":1},{"tweenEasing":0,"transform":{"x":-25},"duration":5},{"tweenEasing":0,"transform":{"x":-25},"duration":10},{"transform":{"x":-25},"duration":0}],"name":"007_touxiang2_2"},{"frame":[{"tweenEasing":0,"transform":{"x":45},"duration":9},{"tweenEasing":0,"transform":{"x":45},"duration":1},{"tweenEasing":0,"transform":{"x":45},"duration":5},{"tweenEasing":0,"transform":{"x":45},"duration":15},{"transform":{"x":45},"duration":0}],"name":"007_touxiang2_1"},{"frame":[{"tweenEasing":0,"transform":{"scX":-1,"x":-90},"duration":19},{"tweenEasing":0,"transform":{"scX":-1,"x":-90},"duration":1},{"tweenEasing":0,"transform":{"scX":-1,"x":-90},"duration":5},{"tweenEasing":0,"transform":{"scX":-1,"x":-90},"duration":5},{"transform":{"scX":-1,"x":-90},"duration":0}],"name":"006_touxiang1_2"},{"frame":[{"tweenEasing":0,"transform":{"scX":-1,"x":-25},"duration":14},{"tweenEasing":0,"transform":{"scX":-1,"x":-25},"duration":1},{"tweenEasing":0,"transform":{"scX":-1,"x":-25},"duration":5},{"tweenEasing":0,"transform":{"scX":-1,"x":-25},"duration":10},{"transform":{"scX":-1,"x":-25},"duration":0}],"name":"006_touxiang1_3"},{"frame":[{"tweenEasing":0,"transform":{"scX":-1,"x":45},"duration":9},{"tweenEasing":0,"transform":{"scX":-1,"x":45},"duration":1},{"tweenEasing":0,"transform":{"scX":-1,"x":45},"duration":5},{"tweenEasing":0,"transform":{"scX":-1,"x":45},"duration":15},{"transform":{"scX":-1,"x":45},"duration":0}],"name":"006_touxiang1_4"},{"frame":[{"tweenEasing":0,"transform":{"x":350},"duration":9},{"tweenEasing":0,"transform":{"x":350},"duration":1},{"tweenEasing":0,"transform":{"scY":1.3,"skX":-360,"skY":-360,"scX":1.3,"x":350},"duration":20},{"transform":{"x":350},"duration":0}],"name":"005_xiaobiaoqian2"},{"frame":[{"tweenEasing":0,"transform":{"x":-350},"duration":9},{"tweenEasing":0,"transform":{"x":-350},"duration":1},{"tweenEasing":0,"transform":{"scY":1.3,"skX":360,"skY":360,"scX":1.3,"x":-350},"duration":20},{"transform":{"x":-350},"duration":0}],"name":"004_xiaobiaoqian1"},{"frame":[{"tweenEasing":0,"transform":{"scY":0.3,"scX":0.3},"duration":10},{"tweenEasing":0,"transform":{"scY":0.8,"scX":0.8},"duration":5},{"tweenEasing":0,"transform":{"scY":0.5,"scX":0.5},"duration":7},{"tweenEasing":0,"transform":{"scY":0.6,"scX":0.6},"duration":8},{"transform":{"scY":0.5,"scX":0.5},"duration":0}],"name":"002_vs"},{"frame":[{"tweenEasing":0,"transform":{},"duration":10},{"tweenEasing":0,"transform":{"scY":1.2,"y":-80,"scX":0.8},"duration":5},{"tweenEasing":0,"transform":{"scY":0.8,"y":-53,"scX":1.2},"duration":7},{"tweenEasing":0,"transform":{"scY":1.1,"y":-60,"scX":0.9},"duration":8},{"transform":{"y":-55},"duration":0}],"name":"003_duiwu"},{"frame":[{"tweenEasing":0,"transform":{"scY":0.9,"scX":1.1,"x":350},"duration":10},{"tweenEasing":0,"transform":{"scY":1.1,"scX":0.9,"x":210},"duration":20},{"transform":{"x":225},"duration":0}],"name":"001_biaoqian2"},{"frame":[{"tweenEasing":0,"transform":{"scY":0.9,"scX":-1.1,"x":-350},"duration":10},{"tweenEasing":0,"transform":{"scY":1.1,"scX":-0.9,"x":-210},"duration":20},{"transform":{"scX":-1,"x":-225},"duration":0}],"name":"000_biaoqian1"},{"frame":[{"tweenEasing":0,"transform":{"y":10},"duration":10},{"tweenEasing":0,"transform":{"y":-5},"duration":20},{"transform":{},"duration":0}],"name":"000_fuji"},{"frame":[{"transform":{},"duration":30}],"name":"006_touxiang1_1"},{"frame":[{"transform":{},"duration":30}],"name":"007_touxiang2_4"}],"slot":[{"frame":[{"displayIndex":-1,"tweenEasing":0,"duration":19},{"displayIndex":-1,"tweenEasing":0,"duration":1},{"tweenEasing":0,"color":{"aM":0},"duration":5},{"tweenEasing":0,"duration":5},{"tweenEasing":null,"duration":0}],"name":"007_touxiang2_3"},{"frame":[{"displayIndex":-1,"tweenEasing":0,"duration":14},{"displayIndex":-1,"tweenEasing":0,"duration":1},{"tweenEasing":0,"color":{"aM":0},"duration":5},{"tweenEasing":0,"duration":10},{"tweenEasing":null,"duration":0}],"name":"007_touxiang2_2"},{"frame":[{"displayIndex":-1,"tweenEasing":0,"duration":9},{"displayIndex":-1,"tweenEasing":0,"duration":1},{"tweenEasing":0,"color":{"aM":0},"duration":5},{"tweenEasing":0,"duration":15},{"tweenEasing":null,"duration":0}],"name":"007_touxiang2_1"},{"frame":[{"displayIndex":-1,"tweenEasing":0,"duration":19},{"displayIndex":-1,"tweenEasing":0,"duration":1},{"tweenEasing":0,"color":{"aM":0},"duration":5},{"tweenEasing":0,"duration":5},{"tweenEasing":null,"duration":0}],"name":"006_touxiang1_2"},{"frame":[{"displayIndex":-1,"tweenEasing":0,"duration":14},{"displayIndex":-1,"tweenEasing":0,"duration":1},{"tweenEasing":0,"color":{"aM":0},"duration":5},{"tweenEasing":0,"duration":10},{"tweenEasing":null,"duration":0}],"name":"006_touxiang1_3"},{"frame":[{"displayIndex":-1,"tweenEasing":0,"duration":9},{"displayIndex":-1,"tweenEasing":0,"duration":1},{"tweenEasing":0,"color":{"aM":0},"duration":5},{"tweenEasing":0,"duration":15},{"tweenEasing":null,"duration":0}],"name":"006_touxiang1_4"},{"frame":[{"displayIndex":-1,"tweenEasing":0,"duration":9},{"displayIndex":-1,"tweenEasing":0,"duration":1},{"tweenEasing":0,"color":{"aM":0},"duration":20},{"tweenEasing":null,"duration":0}],"name":"005_xiaobiaoqian2"},{"frame":[{"displayIndex":-1,"tweenEasing":0,"duration":9},{"displayIndex":-1,"tweenEasing":0,"duration":1},{"tweenEasing":0,"color":{"aM":0},"duration":20},{"tweenEasing":null,"duration":0}],"name":"004_xiaobiaoqian1"},{"frame":[{"tweenEasing":0,"color":{"aM":0},"duration":10},{"tweenEasing":0,"duration":5},{"tweenEasing":0,"duration":7},{"tweenEasing":0,"duration":8},{"tweenEasing":null,"duration":0}],"name":"002_vs"},{"frame":[{"tweenEasing":0,"duration":10},{"tweenEasing":0,"duration":5},{"tweenEasing":0,"duration":7},{"tweenEasing":0,"duration":8},{"tweenEasing":null,"duration":0}],"name":"003_duiwu"},{"frame":[{"tweenEasing":0,"color":{"aM":0},"duration":10},{"tweenEasing":0,"duration":20},{"tweenEasing":null,"duration":0}],"name":"001_biaoqian2"},{"frame":[{"tweenEasing":0,"color":{"aM":0},"duration":10},{"tweenEasing":0,"duration":20},{"tweenEasing":null,"duration":0}],"name":"000_biaoqian1"},{"frame":[{"displayIndex":-1,"tweenEasing":0,"duration":10},{"displayIndex":-1,"tweenEasing":0,"duration":20},{"displayIndex":-1,"tweenEasing":null,"duration":0}],"name":"000_fuji"},{"frame":[{"displayIndex":-1,"tweenEasing":null,"duration":30}],"name":"006_touxiang1_1"},{"frame":[{"displayIndex":-1,"tweenEasing":null,"duration":30}],"name":"007_touxiang2_4"}],"ffd":[],"ik":[],"frame":[],"name":"0000_biaoqian_00","duration":30},{"bone":[{"frame":[{"tweenEasing":0,"transform":{"x":-110},"duration":24},{"tweenEasing":0,"transform":{"x":-110},"duration":1},{"tweenEasing":0,"transform":{"x":-110},"duration":5},{"transform":{"x":-110},"duration":0}],"name":"007_touxiang2_4"},{"frame":[{"tweenEasing":0,"transform":{"x":-40},"duration":19},{"tweenEasing":0,"transform":{"x":-40},"duration":1},{"tweenEasing":0,"transform":{"x":-40},"duration":5},{"tweenEasing":0,"transform":{"x":-40},"duration":5},{"transform":{"x":-40},"duration":0}],"name":"007_touxiang2_3"},{"frame":[{"tweenEasing":0,"transform":{"x":30},"duration":14},{"tweenEasing":0,"transform":{"x":30},"duration":1},{"tweenEasing":0,"transform":{"x":30},"duration":5},{"tweenEasing":0,"transform":{"x":30},"duration":10},{"transform":{"x":30},"duration":0}],"name":"007_touxiang2_2"},{"frame":[{"tweenEasing":0,"transform":{"x":100},"duration":9},{"tweenEasing":0,"transform":{"x":100},"duration":1},{"tweenEasing":0,"transform":{"x":100},"duration":5},{"tweenEasing":0,"transform":{"x":100},"duration":15},{"transform":{"x":100},"duration":0}],"name":"007_touxiang2_1"},{"frame":[{"tweenEasing":0,"transform":{"scX":-1,"x":-110},"duration":24},{"tweenEasing":0,"transform":{"scX":-1,"x":-110},"duration":1},{"tweenEasing":0,"transform":{"scX":-1,"x":-110},"duration":5},{"transform":{"scX":-1,"x":-110},"duration":0}],"name":"006_touxiang1_1"},{"frame":[{"tweenEasing":0,"transform":{"scX":-1,"x":-40},"duration":19},{"tweenEasing":0,"transform":{"scX":-1,"x":-40},"duration":1},{"tweenEasing":0,"transform":{"scX":-1,"x":-40},"duration":5},{"tweenEasing":0,"transform":{"scX":-1,"x":-40},"duration":5},{"transform":{"scX":-1,"x":-40},"duration":0}],"name":"006_touxiang1_2"},{"frame":[{"tweenEasing":0,"transform":{"scX":-1,"x":30},"duration":14},{"tweenEasing":0,"transform":{"scX":-1,"x":30},"duration":1},{"tweenEasing":0,"transform":{"scX":-1,"x":30},"duration":5},{"tweenEasing":0,"transform":{"scX":-1,"x":30},"duration":10},{"transform":{"scX":-1,"x":30},"duration":0}],"name":"006_touxiang1_3"},{"frame":[{"tweenEasing":0,"transform":{"scX":-1,"x":100},"duration":9},{"tweenEasing":0,"transform":{"scX":-1,"x":100},"duration":1},{"tweenEasing":0,"transform":{"scX":-1,"x":100},"duration":5},{"tweenEasing":0,"transform":{"scX":-1,"x":100},"duration":15},{"transform":{"scX":-1,"x":100},"duration":0}],"name":"006_touxiang1_4"},{"frame":[{"tweenEasing":0,"transform":{"x":410},"duration":9},{"tweenEasing":0,"transform":{"x":410},"duration":1},{"tweenEasing":0,"transform":{"scY":1.3,"skX":-360,"skY":-360,"scX":1.3,"x":410},"duration":20},{"transform":{"x":410},"duration":0}],"name":"005_xiaobiaoqian2"},{"frame":[{"tweenEasing":0,"transform":{"x":-410},"duration":9},{"tweenEasing":0,"transform":{"x":-410},"duration":1},{"tweenEasing":0,"transform":{"scY":1.3,"skX":360,"skY":360,"scX":1.3,"x":-410},"duration":20},{"transform":{"x":-410},"duration":0}],"name":"004_xiaobiaoqian1"},{"frame":[{"tweenEasing":0,"transform":{"scY":0.3,"scX":0.3},"duration":10},{"tweenEasing":0,"transform":{"scY":0.8,"scX":0.8},"duration":5},{"tweenEasing":0,"transform":{"scY":0.5,"scX":0.5},"duration":7},{"tweenEasing":0,"transform":{"scY":0.6,"scX":0.6},"duration":8},{"transform":{"scY":0.5,"scX":0.5},"duration":0}],"name":"002_vs"},{"frame":[{"tweenEasing":0,"transform":{},"duration":10},{"tweenEasing":0,"transform":{"scY":1.2,"y":-80,"scX":0.8},"duration":5},{"tweenEasing":0,"transform":{"scY":0.8,"y":-53,"scX":1.2},"duration":7},{"tweenEasing":0,"transform":{"scY":1.1,"y":-60,"scX":0.9},"duration":8},{"transform":{"y":-55},"duration":0}],"name":"003_duiwu"},{"frame":[{"tweenEasing":0,"transform":{"scY":0.9,"scX":1.1,"x":350},"duration":10},{"tweenEasing":0,"transform":{"scY":1.1,"scX":0.9,"x":210},"duration":20},{"transform":{"x":225},"duration":0}],"name":"001_biaoqian2"},{"frame":[{"tweenEasing":0,"transform":{"scY":0.9,"scX":-1.1,"x":-350},"duration":10},{"tweenEasing":0,"transform":{"scY":1.1,"scX":-0.9,"x":-210},"duration":20},{"transform":{"scX":-1,"x":-225},"duration":0}],"name":"000_biaoqian1"},{"frame":[{"tweenEasing":0,"transform":{"y":10},"duration":10},{"tweenEasing":0,"transform":{"y":-5},"duration":20},{"transform":{},"duration":0}],"name":"000_fuji"}],"slot":[{"frame":[{"displayIndex":-1,"tweenEasing":0,"duration":24},{"displayIndex":-1,"tweenEasing":0,"duration":1},{"tweenEasing":0,"color":{"aM":0},"duration":5},{"tweenEasing":null,"duration":0}],"name":"007_touxiang2_4"},{"frame":[{"displayIndex":-1,"tweenEasing":0,"duration":19},{"displayIndex":-1,"tweenEasing":0,"duration":1},{"tweenEasing":0,"color":{"aM":0},"duration":5},{"tweenEasing":0,"duration":5},{"tweenEasing":null,"duration":0}],"name":"007_touxiang2_3"},{"frame":[{"displayIndex":-1,"tweenEasing":0,"duration":14},{"displayIndex":-1,"tweenEasing":0,"duration":1},{"tweenEasing":0,"color":{"aM":0},"duration":5},{"tweenEasing":0,"duration":10},{"tweenEasing":null,"duration":0}],"name":"007_touxiang2_2"},{"frame":[{"displayIndex":-1,"tweenEasing":0,"duration":9},{"displayIndex":-1,"tweenEasing":0,"duration":1},{"tweenEasing":0,"color":{"aM":0},"duration":5},{"tweenEasing":0,"duration":15},{"tweenEasing":null,"duration":0}],"name":"007_touxiang2_1"},{"frame":[{"displayIndex":-1,"tweenEasing":0,"duration":24},{"displayIndex":-1,"tweenEasing":0,"duration":1},{"tweenEasing":0,"color":{"aM":0},"duration":5},{"tweenEasing":null,"duration":0}],"name":"006_touxiang1_1"},{"frame":[{"displayIndex":-1,"tweenEasing":0,"duration":19},{"displayIndex":-1,"tweenEasing":0,"duration":1},{"tweenEasing":0,"color":{"aM":0},"duration":5},{"tweenEasing":0,"duration":5},{"tweenEasing":null,"duration":0}],"name":"006_touxiang1_2"},{"frame":[{"displayIndex":-1,"tweenEasing":0,"duration":14},{"displayIndex":-1,"tweenEasing":0,"duration":1},{"tweenEasing":0,"color":{"aM":0},"duration":5},{"tweenEasing":0,"duration":10},{"tweenEasing":null,"duration":0}],"name":"006_touxiang1_3"},{"frame":[{"displayIndex":-1,"tweenEasing":0,"duration":9},{"displayIndex":-1,"tweenEasing":0,"duration":1},{"tweenEasing":0,"color":{"aM":0},"duration":5},{"tweenEasing":0,"duration":15},{"tweenEasing":null,"duration":0}],"name":"006_touxiang1_4"},{"frame":[{"displayIndex":-1,"tweenEasing":0,"duration":9},{"displayIndex":-1,"tweenEasing":0,"duration":1},{"tweenEasing":0,"color":{"aM":0},"duration":20},{"tweenEasing":null,"duration":0}],"name":"005_xiaobiaoqian2"},{"frame":[{"displayIndex":-1,"tweenEasing":0,"duration":9},{"displayIndex":-1,"tweenEasing":0,"duration":1},{"tweenEasing":0,"color":{"aM":0},"duration":20},{"tweenEasing":null,"duration":0}],"name":"004_xiaobiaoqian1"},{"frame":[{"tweenEasing":0,"color":{"aM":0},"duration":10},{"tweenEasing":0,"duration":5},{"tweenEasing":0,"duration":7},{"tweenEasing":0,"duration":8},{"tweenEasing":null,"duration":0}],"name":"002_vs"},{"frame":[{"tweenEasing":0,"duration":10},{"tweenEasing":0,"duration":5},{"tweenEasing":0,"duration":7},{"tweenEasing":0,"duration":8},{"tweenEasing":null,"duration":0}],"name":"003_duiwu"},{"frame":[{"tweenEasing":0,"color":{"aM":0},"duration":10},{"tweenEasing":0,"duration":20},{"tweenEasing":null,"duration":0}],"name":"001_biaoqian2"},{"frame":[{"tweenEasing":0,"color":{"aM":0},"duration":10},{"tweenEasing":0,"duration":20},{"tweenEasing":null,"duration":0}],"name":"000_biaoqian1"},{"frame":[{"displayIndex":-1,"tweenEasing":0,"duration":10},{"displayIndex":-1,"tweenEasing":0,"duration":20},{"displayIndex":-1,"tweenEasing":null,"duration":0}],"name":"000_fuji"}],"ffd":[],"ik":[],"frame":[],"name":"0001_biaoqian_01","duration":30}],"defaultActions":[{"gotoAndPlay":"0000_biaoqian_00"}],"aabb":{"width":390,"y":-73.5,"height":147,"x":-195},"ik":[],"name":"armatureName","skin":[{"slot":[{"display":[{"path":"ui_caiquan_ima/IconMoraSmall3","type":"image","name":"ui_caiquan_ima/IconMoraSmall3","transform":{}}],"name":"006_touxiang1_2"},{"display":[{"path":"ui_kuafu_ima/BoardArenaMy","type":"image","name":"ui_kuafu_ima/BoardArenaMy","transform":{}}],"name":"000_biaoqian1"},{"display":[{"path":"ui_caiquan_ima/IconMoraSmall3","type":"image","name":"ui_caiquan_ima/IconMoraSmall3","transform":{}}],"name":"006_touxiang1_4"},{"display":[{"path":"ui_caiquan_ima/IconMoraSmall3","type":"image","name":"ui_caiquan_ima/IconMoraSmall3","transform":{}}],"name":"007_touxiang2_4"},{"display":[{"path":"ui_kuafu_ima/shengli","type":"image","name":"ui_kuafu_ima/shengli","transform":{}}],"name":"005_xiaobiaoqian2"},{"display":[{"path":"ui_caiquan_ima/IconMoraSmall3","type":"image","name":"ui_caiquan_ima/IconMoraSmall3","transform":{}}],"name":"007_touxiang2_2"},{"display":[{"path":"ui_kuafu_ima/WordsVS","type":"image","name":"ui_kuafu_ima/WordsVS","transform":{}}],"name":"002_vs"},{"display":[{"path":"ui_caiquan_ima/IconMoraSmall3","type":"image","name":"ui_caiquan_ima/IconMoraSmall3","transform":{}}],"name":"006_touxiang1_1"},{"display":[{"path":"ui_kuafu_ima/BoardArenaMy","type":"image","name":"ui_kuafu_ima/BoardArenaMy","transform":{}}],"name":"001_biaoqian2"},{"display":[{"path":"ui_caiquan_ima/IconMoraSmall3","type":"image","name":"ui_caiquan_ima/IconMoraSmall3","transform":{}}],"name":"006_touxiang1_3"},{"display":[{"path":"ui_caiquan_ima/IconMoraSmall3","type":"image","name":"ui_caiquan_ima/IconMoraSmall3","transform":{}}],"name":"007_touxiang2_3"},{"display":[{"path":"ui_kuafu_ima/shengli","type":"image","name":"ui_kuafu_ima/shengli","transform":{}}],"name":"004_xiaobiaoqian1"},{"display":[{"path":"ui_caiquan_ima/IconMoraSmall3","type":"image","name":"ui_caiquan_ima/IconMoraSmall3","transform":{}}],"name":"007_touxiang2_1"},{"display":[{"path":"ui_kuafu_ima/WordsArenaInterTeam1","type":"image","name":"ui_kuafu_ima/WordsArenaInterTeam1","transform":{}}],"name":"003_duiwu"}],"name":""}],"slot":[{"displayIndex":-1,"name":"000_fuji","parent":"000_fuji","color":{}},{"z":1,"name":"000_biaoqian1","parent":"000_biaoqian1","color":{}},{"z":2,"name":"001_biaoqian2","parent":"001_biaoqian2","color":{}},{"z":3,"name":"003_duiwu","parent":"003_duiwu","color":{}},{"z":4,"name":"002_vs","parent":"002_vs","color":{}},{"z":5,"name":"004_xiaobiaoqian1","parent":"004_xiaobiaoqian1","color":{}},{"z":6,"name":"005_xiaobiaoqian2","parent":"005_xiaobiaoqian2","color":{}},{"z":7,"name":"006_touxiang1_4","parent":"006_touxiang1_4","color":{}},{"z":8,"name":"006_touxiang1_3","parent":"006_touxiang1_3","color":{}},{"z":9,"name":"006_touxiang1_2","parent":"006_touxiang1_2","color":{}},{"z":10,"name":"006_touxiang1_1","parent":"006_touxiang1_1","color":{}},{"z":11,"name":"007_touxiang2_1","parent":"007_touxiang2_1","color":{}},{"z":12,"name":"007_touxiang2_2","parent":"007_touxiang2_2","color":{}},{"z":13,"name":"007_touxiang2_3","parent":"007_touxiang2_3","color":{}},{"z":14,"name":"007_touxiang2_4","parent":"007_touxiang2_4","color":{}}]}],"name":"ui_gedou_02","version":"4.0"}