{"frameRate":30,"name":"cvklpk","version":"5.5","compatibleVersion":"5.5","armature":[{"type":"Armature","frameRate":30,"name":"armatureName","aabb":{"x":696.68,"y":-503.61,"width":616.29,"height":547.45},"bone":[{"name":"root","transform":{"scX":1.096,"scY":1.096}},{"name":"klpkhip","parent":"root","transform":{"x":845.06,"y":-176.15}},{"name":"lefthand","parent":"root","transform":{"x":946.53,"y":-218.76}},{"name":"righthand","parent":"root","transform":{"x":708.84,"y":-385.64}},{"length":79,"name":"klpkcoat","parent":"klpkhip","transform":{"x":-51.88,"y":-22.82,"skX":83.31,"skY":83.31}},{"length":57,"name":"klpkbody","parent":"klpkhip","transform":{"x":-4.68,"y":-33.78,"skX":-95.66,"skY":-95.66}},{"length":74,"name":"klpkcoat5","parent":"klpkhip","transform":{"x":32.78,"y":-23.44,"skX":72.08,"skY":72.08}},{"length":39,"name":"klpkbelt","parent":"klpkhip","transform":{"x":-13.45,"y":-50.29,"skX":7.6,"skY":7.6}},{"length":62,"name":"klpkcoat6","parent":"klpkhip","transform":{"x":87.78,"y":71.1,"skX":59.85,"skY":59.85}},{"length":77,"name":"klpkcoat7","parent":"klpkhip","transform":{"x":137.22,"y":146.5,"skX":40.91,"skY":40.91}},{"length":72,"name":"klpkcoat4","parent":"klpkhip","transform":{"x":-13.56,"y":-27.77,"skX":77.22,"skY":77.22}},{"length":37,"name":"klpkcoatF","parent":"klpkhip","transform":{"x":4.35,"y":-34.56,"skX":79.42,"skY":79.42}},{"length":81,"name":"bone","parent":"klpkbody","transform":{"x":57.55,"skX":-7.94,"skY":-7.94}},{"length":59,"name":"bone2","parent":"klpkcoat","transform":{"x":79.64,"skX":-7.2,"skY":-7.2}},{"length":71,"name":"bone8","parent":"klpkcoat4","transform":{"x":72.86,"y":0.04,"skX":-16.04,"skY":-16.04}},{"length":55,"name":"klpkcoat3","parent":"klpkcoat","transform":{"x":109.71,"y":72.6,"skX":22.42,"skY":22.42}},{"length":37,"name":"klpkcoat2","parent":"klpkcoat","transform":{"x":51.75,"y":41.54,"skX":7.65,"skY":7.65}},{"length":54,"name":"bone12","parent":"klpkcoat6","transform":{"x":62.02,"y":0.27,"skX":15.84,"skY":15.84}},{"length":72,"name":"bone11","parent":"klpkcoat5","transform":{"x":74.66,"y":0.11,"skX":-8.21,"skY":-8.21}},{"length":35,"name":"bone13","parent":"klpkcoatF","transform":{"x":37.09,"y":0.01,"skX":-28.94,"skY":-28.94}},{"length":64,"name":"bone5","parent":"klpkcoat2","transform":{"x":37.08,"skX":-10.33,"skY":-10.33}},{"length":75,"name":"bone9","parent":"bone8","transform":{"x":71.91,"y":0.07,"skX":-11.89,"skY":-11.89}},{"length":47,"name":"bone3","parent":"bone2","transform":{"x":59.2,"skX":-8.33,"skY":-8.33}},{"length":59,"name":"bone14","parent":"bone13","transform":{"x":35.13,"y":0.14,"skX":-30.79,"skY":-30.79}},{"length":33,"name":"klpkclothF3","parent":"bone","transform":{"x":58.02,"y":28.74,"skX":173.03,"skY":173.03}},{"length":108,"name":"klpkhead","parent":"bone","transform":{"x":81.22,"skX":23.3,"skY":23.3}},{"length":60,"name":"klpkarmL","parent":"bone","transform":{"x":34.96,"y":41.72,"skX":-174.82,"skY":-174.82}},{"length":56,"name":"bone7","parent":"klpkcoat3","transform":{"x":55.18,"y":-0.11,"skX":11.71,"skY":11.71}},{"length":50,"name":"klpkclothB","parent":"bone","transform":{"x":90.79,"y":-26.25,"skX":-154.6,"skY":-154.6}},{"length":27,"name":"klpkarmR","parent":"bone","transform":{"x":79.85,"y":-27.08,"skX":-52.82,"skY":-52.82}},{"length":37,"name":"klpkclothF","parent":"bone","transform":{"x":66.93,"y":-6.22,"skX":159.04,"skY":159.04}},{"length":21,"name":"klpkclothF2","parent":"bone","transform":{"x":38.36,"y":53.86,"skX":-175.67,"skY":-175.67}},{"length":30,"name":"klpkclothB2","parent":"bone","transform":{"x":48.55,"y":-8.85,"skX":-143.26,"skY":-143.26}},{"inheritRotation":false,"length":18,"name":"klpkhair1","parent":"klpkhead","transform":{"x":114.45,"y":5.53,"skX":151.44,"skY":151.44}},{"length":71,"name":"bone10","parent":"bone9","transform":{"x":75.81,"y":0.03,"skX":-11.63,"skY":-11.63}},{"length":62,"name":"bone15","parent":"bone14","transform":{"x":59.82,"y":0.26,"skX":-7.15,"skY":-7.15}},{"length":46,"name":"bone4","parent":"bone3","transform":{"x":47.39,"skX":-7.43,"skY":-7.43}},{"length":21,"name":"bone22","parent":"klpkclothF","transform":{"x":37.34,"y":0.08,"skX":15.05,"skY":15.05}},{"length":27,"name":"bone24","parent":"klpkclothF2","transform":{"x":21.84,"skX":-27.64,"skY":-27.64}},{"length":25,"name":"bone18","parent":"klpkclothB","transform":{"x":50.3,"y":-0.16,"skX":23.68,"skY":23.68}},{"length":68,"name":"bone6","parent":"bone5","transform":{"x":64.52,"y":0.02,"skX":-4.77,"skY":-4.77}},{"inheritScale":false,"length":66,"name":"bone30","parent":"klpkarmR","transform":{"x":27.78,"y":-0.12,"skX":9.82,"skY":9.82}},{"length":26,"name":"bone27","parent":"klpkclothF3","transform":{"x":33.83,"y":0.01,"skX":-6.42,"skY":-6.42}},{"inheritRotation":false,"length":24,"name":"klpkhair7","parent":"klpkhead","transform":{"x":74.95,"y":27.7,"skX":80.4,"skY":80.4}},{"length":34,"name":"bone21","parent":"klpkclothB2","transform":{"x":30.56,"y":-0.13,"skX":10.58,"skY":10.58}},{"inheritRotation":false,"length":21,"name":"klpkhair4","parent":"klpkhead","transform":{"x":117.76,"y":9.48,"skX":66.06,"skY":66.06}},{"length":36,"name":"klpkhair6","parent":"klpkhead","transform":{"x":55.33,"y":18.62,"skX":162.68,"skY":162.68}},{"inheritRotation":false,"length":20,"name":"klpkhair5","parent":"klpkhead","transform":{"x":88.65,"y":37.41,"skX":78.09,"skY":78.09}},{"length":42,"name":"klpkcoatF2","parent":"bone14","transform":{"x":26.22,"y":-16.59,"skX":-51.97,"skY":-51.97}},{"inheritRotation":false,"length":19,"name":"klpkhair3","parent":"klpkhead","transform":{"x":114.63,"y":19.8,"skX":32.86,"skY":32.86}},{"length":77,"name":"klpkarmL2","parent":"klpkarmL","transform":{"x":61.78,"y":0.25,"skX":-56.77,"skY":-56.77}},{"length":25,"name":"klpkhair10","parent":"klpkhead","transform":{"x":108.27,"y":-15.24,"skX":-137.92,"skY":-137.92}},{"length":65,"name":"klpkcoatF3","parent":"bone14","transform":{"x":65.55,"y":-14.9,"skX":-29.2,"skY":-29.2}},{"length":58,"name":"klpkhangR","parent":"bone30","transform":{"x":3.14,"y":4.77,"skX":-6.62,"skY":-6.62}},{"length":22,"name":"bone25","parent":"bone24","transform":{"x":27.98,"y":0.1,"skX":-16.05,"skY":-16.05}},{"inheritRotation":false,"length":17,"name":"klpkhair2","parent":"klpkhair1","transform":{"x":12.54,"y":-2.93,"skX":92.65,"skY":92.65}},{"length":26,"name":"bone23","parent":"bone22","transform":{"x":21.01,"skX":15.79,"skY":15.79}},{"length":22,"name":"bone64","parent":"klpkhair10","transform":{"x":25.9,"y":-0.01,"skX":-36.2,"skY":-36.2}},{"length":28,"name":"bone19","parent":"bone18","transform":{"x":25.88,"y":-0.06,"skX":38.58,"skY":38.58}},{"length":17,"name":"bone47","parent":"klpkhair5","transform":{"x":21.17,"y":0.28,"skX":-6.18,"skY":-6.18}},{"length":23,"name":"bone28","parent":"bone27","transform":{"x":26.17,"skX":-8.79,"skY":-8.79}},{"length":17,"name":"bone48","parent":"klpkhair7","transform":{"x":24.82,"y":0.04,"skX":-11.57,"skY":-11.57}},{"inheritRotation":false,"length":16,"name":"klpkhair8","parent":"klpkhair4","transform":{"x":16.65,"y":10.98,"skX":81.17,"skY":81.17}},{"length":51,"name":"klpkcoatF4","parent":"bone15","transform":{"x":51.34,"y":14.55,"skX":23.81,"skY":23.81}},{"length":18,"name":"bone55","parent":"klpkhair4","transform":{"x":21.43,"y":0.11,"skX":-0.76,"skY":-0.76}},{"length":22,"name":"bone39","parent":"klpkarmL2","transform":{"x":77.38,"y":-0.38,"skX":-36.6,"skY":-36.6}},{"length":14,"name":"bone52","parent":"klpkhair3","transform":{"x":19.35,"y":-0.03,"skX":35.06,"skY":35.06}},{"length":32,"name":"bone16","parent":"bone15","transform":{"x":62.67,"skX":-16.99,"skY":-16.99}},{"length":14,"name":"bone58","parent":"klpkhair1","transform":{"x":18.92,"y":0.08,"skX":-30.23,"skY":-30.23}},{"inheritRotation":false,"length":14,"name":"klpkhair9","parent":"klpkhair1","transform":{"x":29.8,"y":2.57,"skX":128.72,"skY":128.72}},{"length":15,"name":"bone50","parent":"bone47","transform":{"x":17.95,"skX":-9.7,"skY":-9.7}},{"length":27,"name":"bone20","parent":"bone19","transform":{"x":28.95,"y":-0.4,"skX":8.74,"skY":8.74}},{"length":22,"name":"bone40","parent":"bone39","transform":{"x":22,"y":0.09,"skX":-16.34,"skY":-16.34}},{"length":17,"name":"bone61","parent":"klpkhair2","transform":{"x":17.82,"y":-0.08,"skX":-8.73,"skY":-8.73}},{"length":27,"name":"bone65","parent":"bone64","transform":{"x":22.78,"y":0.1,"skX":-20.62,"skY":-20.62}},{"length":47,"name":"bone17","parent":"klpkcoatF4","transform":{"x":51.3,"y":-0.13,"skX":-8.09,"skY":-8.09}},{"length":20,"name":"klpkarmL3","parent":"bone39","transform":{"x":2.76,"y":10.46,"skX":63.49,"skY":63.49}},{"length":17,"name":"bone62","parent":"klpkhair9","transform":{"x":14.25,"y":0.03,"skX":-27.89,"skY":-27.89}},{"length":21,"name":"bone59","parent":"bone58","transform":{"x":14.82,"y":0.06,"skX":-27.78,"skY":-27.78}},{"length":21,"name":"bone49","parent":"bone48","transform":{"x":17.5,"skX":-13.39,"skY":-13.39}},{"inheritRotation":false,"inheritScale":false,"length":29,"name":"chain1","parent":"bone39","transform":{"x":15.45,"y":7.02,"skX":8.91,"skY":8.91}},{"length":24,"name":"bone26","parent":"bone25","transform":{"x":22.61,"y":0.02,"skX":-31.18,"skY":-31.18}},{"inheritScale":false,"length":35,"name":"bone31","parent":"klpkhangR","transform":{"x":58.64,"skX":31.58,"skY":31.58}},{"length":28,"name":"bone29","parent":"bone28","transform":{"x":23.32,"skX":18,"skY":18}},{"length":13,"name":"bone53","parent":"bone52","transform":{"x":14.47,"y":-0.06,"skX":5.35,"skY":5.35}},{"length":19,"name":"bone56","parent":"bone55","transform":{"x":18.76,"skX":15.66,"skY":15.66}},{"length":16,"name":"bone57","parent":"klpkhair8","transform":{"x":17.63,"y":0.1,"skX":-5.53,"skY":-5.53}},{"length":23,"name":"klpkfinger1","parent":"bone31","transform":{"x":32,"y":0.09,"skX":-5.62,"skY":-5.62}},{"length":19,"name":"klpkfinger3","parent":"bone31","transform":{"x":20.12,"y":-21.71,"skX":-77.94,"skY":-77.94}},{"length":14,"name":"bone54","parent":"bone53","transform":{"x":17.95,"y":-0.32,"skX":0.87,"skY":0.87}},{"length":20,"name":"bone51","parent":"bone50","transform":{"x":15.93,"skX":-2.48,"skY":-2.48}},{"length":18,"name":"klpkfinger4","parent":"bone31","transform":{"x":22.92,"y":19.83,"skX":29.25,"skY":29.25}},{"length":34,"name":"bone41","parent":"chain1","transform":{"x":29.16,"y":-0.06,"skX":-1.74,"skY":-1.74}},{"length":20,"name":"klpkfinger5","parent":"bone31","transform":{"x":-0.76,"y":11.56,"skX":117.01,"skY":117.01}},{"length":15,"name":"bone60","parent":"bone59","transform":{"x":21.94,"y":0.08,"skX":-15.01,"skY":-15.01}},{"length":26,"name":"klpkfinger2","parent":"bone31","transform":{"x":28.95,"y":-10.05,"skX":-56.16,"skY":-56.16}},{"length":17,"name":"bone63","parent":"bone62","transform":{"x":17.75,"y":0.06,"skX":-14.31,"skY":-14.31}},{"length":16,"name":"klpkhair11","parent":"bone65","transform":{"x":23.14,"y":-9.59,"skX":-26.58,"skY":-26.58}},{"length":21,"name":"bone66","parent":"bone65","transform":{"x":27.17,"y":0.05,"skX":-21.89,"skY":-21.89}},{"length":13,"name":"bone35","parent":"klpkfinger2","transform":{"x":26.86,"y":-0.12,"skX":1.54,"skY":1.54}},{"length":13,"name":"bone68","parent":"klpkhair11","transform":{"x":16.79,"y":0.25,"skX":-9.05,"skY":-9.05}},{"length":39,"name":"bone42","parent":"bone41","transform":{"x":34.83,"skX":-1.95,"skY":-1.95}},{"length":14,"name":"bone37","parent":"klpkfinger3","transform":{"x":19.62,"skX":-1.53,"skY":-1.53}},{"length":27,"name":"bone33","parent":"klpkfinger4","transform":{"x":18.94,"y":-0.07,"skX":0.61,"skY":0.61}},{"length":28,"name":"bone32","parent":"klpkfinger5","transform":{"x":19.92,"y":-0.13,"skX":2.15,"skY":2.15}},{"length":29,"name":"bone34","parent":"klpkfinger1","transform":{"x":23.23,"skX":-3.47,"skY":-3.47}},{"length":13,"name":"bone67","parent":"bone66","transform":{"x":21.57,"y":0.05,"skX":-10.49,"skY":-10.49}},{"length":18,"name":"bone38","parent":"bone37","transform":{"x":14.62,"skX":-2.94,"skY":-2.94}},{"length":30,"name":"bone43","parent":"bone42","transform":{"x":39.01,"skX":-2.24,"skY":-2.24}},{"length":20,"name":"bone36","parent":"bone35","transform":{"x":13.67,"skX":1.18,"skY":1.18}},{"length":45,"name":"bone44","parent":"bone43","transform":{"x":30.23,"skX":-0.44,"skY":-0.44}},{"length":33,"name":"bone45","parent":"bone44","transform":{"x":45.33,"skX":-3.62,"skY":-3.62}},{"length":39,"name":"bone46","parent":"bone45","transform":{"x":33.75,"skX":-1.03,"skY":-1.03}}],"slot":[{"name":"chain1","parent":"chain1"},{"name":"klpkhip","parent":"klpkhip"},{"name":"klpkclothB","parent":"klpkclothB2"},{"name":"klpkarmL","parent":"klpkarmL3"},{"name":"klpkcoat","parent":"klpkcoat7"},{"name":"klpkcoatF","parent":"klpkcoatF4"},{"name":"klpkhair5","parent":"klpkhair7"},{"name":"klpkhead","parent":"klpkhead"},{"name":"klpkhair4","parent":"klpkhair8"},{"name":"klpkhair3","parent":"klpkhair3"},{"name":"klpkhair2","parent":"klpkhair11"},{"name":"klpkhair1","parent":"klpkhair9"},{"name":"klpkbody","parent":"klpkbody"},{"name":"klpkbelt","parent":"klpkbelt"},{"name":"klpkclothF","parent":"klpkclothF3"},{"name":"klpkarmR","parent":"klpkarmR"},{"name":"klpkhangR","parent":"klpkhangR"},{"name":"klpkfinger5","parent":"klpkfinger5"},{"name":"klpkfinger4","parent":"klpkfinger4"},{"name":"klpkfinger3","parent":"klpkfinger3"},{"name":"klpkfinger2","parent":"klpkfinger2"},{"name":"klpkfinger1","parent":"klpkfinger1"}],"ik":[{"bendPositive":false,"chain":1,"name":"lefthand","bone":"klpkarmL2","target":"lefthand"},{"chain":1,"name":"righthand","bone":"bone30","target":"righthand"}],"skin":[{"slot":[{"name":"klpkarmL","display":[{"type":"mesh","name":"klpkarmL","width":111,"height":65,"vertices":[1053.93,-251.81,1067.09,-251.27,1081.65,-261.69,1086.26,-254.63,1086.23,-247.4,1065.26,-233.88,1054.67,-223.8,1061.24,-206.74,1051.85,-206.78,1039.78,-220.47,1027.06,-218.93,1009.81,-221.33,983.38,-229,964.62,-242,964.62,-250.37,966.72,-260.79,972.37,-273.6,979.35,-278.29,1012.25,-265.8,1026.37,-260.44,1041.73,-249.66,1042.16,-235.61,1039.13,-226.42,1023.63,-244.8,1014.54,-231.32,1001.77,-253.18,991.57,-239.27],"uvs":[0.73427,0.36757,0.84253,0.37449,0.96179,0.22745,1,0.3264,1,0.42794,0.82803,0.6188,0.74141,0.76095,0.79582,1,0.71853,0.99999,0.61882,0.80852,0.51451,0.83078,0.37261,0.79808,0.15503,0.69182,0.00028,0.51035,0,0.393,0.01694,0.24664,0.06298,0.06637,0.12028,0.00003,0.39115,0.17347,0.5075,0.24797,0.634,0.3983,0.63812,0.59566,0.61336,0.7249,0.48536,0.46776,0.41113,0.65751,0.30532,0.35149,0.22197,0.54718],"triangles":[1,5,4,1,4,3,2,1,3,0,5,1,6,8,7,21,6,5,0,21,5,20,21,0,21,22,6,22,9,6,9,8,6,23,22,21,23,21,20,19,23,20,24,10,22,23,24,22,10,9,22,18,23,19,24,11,10,18,25,23,25,24,23,26,11,24,25,26,24,17,25,18,26,12,11,17,16,25,16,15,25,15,26,25,15,14,26,13,12,26,14,13,26],"weights":[2,65,0.85832,72,0.14167,2,65,0.00472,72,0.99527,1,72,1,1,72,1,1,72,1,3,65,0.41,76,0.09643,72,0.49356,4,50,0.0001,65,0.15575,76,0.83488,72,0.00925,1,76,1,1,76,1,1,76,1,2,50,0.52657,76,0.47341,2,50,0.85956,76,0.14043,2,50,0.99335,76,0.00664,1,50,1,1,50,1,1,50,1,1,50,1,1,50,1,2,50,0.99996,72,0.00003,3,50,0.96606,65,0.03374,72,0.00018,2,50,0.2688,65,0.73119,3,50,0.03286,65,0.51035,76,0.45677,2,50,0.05333,76,0.94666,1,50,1,2,50,0.87832,76,0.12167,1,50,1,2,50,0.99097,76,0.00902],"slotPose":[1,0,0,1,0,0],"bonePose":[65,1.072878,-0.22394,0.22394,1.072878,1037.068538,-238.61463,72,0.966541,-0.516735,0.516735,0.966541,1060.692004,-243.44476,50,0.994844,0.459893,-0.459893,0.994844,959.912761,-273.823119,76,0.679278,0.860115,-0.860115,0.679278,1042.372098,-228.010404],"edges":[14,13,13,12,12,11,11,10,10,9,9,8,8,7,7,6,6,5,5,4,4,3,3,2,2,1,1,0,0,20,20,19,19,18,18,17,17,16,16,15,15,14],"userEdges":[]}]},{"name":"klpkhead","display":[{"type":"mesh","name":"klpkhead","width":92,"height":105,"vertices":[102.02,36.96,93.19,43.62,81.68,45.59,74.23,44.09,59.15,44.82,52.06,43.12,41.18,44.44,30.48,42.17,15.06,25.12,13.37,15.23,10.91,0.83,10.93,-14.13,22.24,-28.23,38.21,-36.5,55.97,-42.53,77.93,-43.85,96.97,-31.91,109.19,-18.55,116.68,-3.52,118.94,10.64,113.6,25.74,32.65,-16.19,23.52,-4.28,50.75,-24.7,79.39,-23.84,81.21,-10.38,76.48,-0.23,70.5,10.35,66.36,26.75,69.91,33.56,72,41.59,66.81,13.98,55.34,22.52,51.46,27.13,46.83,23.85,47.08,19.02,63.85,10.65,68.3,3.79,69.7,-2.07,68.35,-9.98,65.41,-16.66,57.15,-11.06,53.95,-5.97,53.65,2.1,58.19,7.67,60.44,27.16,63.89,31.96,64.13,38.98,49.89,29.2,49.06,34.13,51.87,38.68,58.81,21.09,51.53,14.91,47.39,-1.68,37.28,8.53,39.22,18.5,37.19,24.11,32.44,15.95,32,21.77,43.98,33.73,38.67,21.59,27.53,20.14,23.26,24.69,22.61,15.47],"uvs":[0.93615,0.20257,0.99133,0.29613,0.99133,0.40734,0.96169,0.47489,0.94188,0.61767,0.91064,0.68148,0.90481,0.78578,0.86088,0.8826,0.64999,1,0.5409,1,0.38211,1,0.22178,0.97577,0.09138,0.84689,0.03203,0.68375,0.00001,0.50734,0.02601,0.29906,0.18883,0.13945,0.35437,0.04613,0.52916,0,0.68509,0.0015,0.8371,0.07585,0.23951,0.76853,0.35036,0.87331,0.18149,0.58491,0.24317,0.31741,0.3907,0.32195,0.49074,0.38268,0.59334,0.45577,0.76137,0.52101,0.84092,0.49855,0.93072,0.49184,0.62539,0.49624,0.69591,0.61766,0.73822,0.66151,0.69459,0.69971,0.64328,0.68958,0.58433,0.51871,0.51893,0.46586,0.45864,0.44336,0.37141,0.44334,0.29443,0.46018,0.3393,0.54674,0.38803,0.58497,0.47398,0.60073,0.54198,0.56703,0.75493,0.57721,0.81267,0.5525,0.88836,0.56151,0.75746,0.6795,0.80877,0.69525,0.86266,0.67616,0.68694,0.58281,0.60738,0.64124,0.42194,0.65343,0.51298,0.76474,0.62331,0.76252,0.67975,0.79064,0.58352,0.82208,0.64509,0.83559,0.79522,0.74234,0.65538,0.77265,0.61942,0.87492,0.66044,0.92229,0.56047,0.91357],"triangles":[30,47,4,30,4,3,0,29,1,30,3,2,29,30,2,1,29,2,27,29,0,5,50,6,20,26,0,26,27,0,50,5,4,47,50,4,29,47,30,27,28,29,62,8,7,49,59,50,46,50,47,50,59,6,59,7,6,19,26,20,46,45,50,29,46,47,33,48,45,45,48,49,59,56,7,45,49,50,58,62,56,56,62,7,18,26,19,27,31,28,28,46,29,48,59,49,28,45,46,48,34,59,34,56,59,25,26,18,31,51,28,33,34,48,32,33,45,28,51,45,51,32,45,60,56,34,35,55,60,58,61,62,31,36,51,35,60,34,51,52,32,52,35,32,17,25,18,44,52,51,36,44,51,60,58,56,55,57,58,63,9,8,55,58,60,63,8,62,61,63,62,57,61,58,54,55,35,52,54,35,27,36,31,54,57,55,57,63,61,43,53,54,26,37,27,44,43,52,43,54,52,37,36,27,37,44,36,54,63,57,54,22,63,10,9,63,22,10,63,26,38,37,38,43,37,37,43,44,38,42,43,53,22,54,17,16,25,21,22,53,39,41,38,41,42,38,39,38,26,25,39,26,42,53,43,16,24,25,41,23,42,24,40,39,40,41,39,22,11,10,24,39,25,21,11,22,40,23,41,12,11,21,24,14,40,14,23,40,15,14,24,16,15,24,23,13,21,13,12,21,14,13,23,34,35,33,32,35,33,21,23,53,42,23,53],"edges":[14,13,13,12,12,11,11,10,10,9,9,8,8,7,7,6,6,5,5,4,4,3,3,2,2,1,1,0,0,20,20,19,19,18,18,17,17,16,16,15,15,14],"userEdges":[35,33,23,53]}]},{"name":"klpkclothF","display":[{"type":"mesh","name":"klpkclothF","width":129,"height":100,"vertices":[972.72,-324.59,987.27,-302.92,1006.66,-288.43,1030.32,-290.42,1030.3,-283.29,1023.75,-266.93,1005.04,-261.22,993.66,-246.25,976.33,-246.3,945.15,-265.16,916.31,-272.97,910.46,-282.86,913.55,-304.02,904.61,-327.77,889.06,-346.47,889.07,-353.35,898.89,-356.03,933.89,-355.97,967.59,-343.57,941.72,-326.77,954.62,-302.65,970.58,-281.24],"uvs":[0.59226,0.28564,0.69548,0.48313,0.83282,0.61502,1,0.59649,1,0.66154,0.95405,0.81101,0.82185,0.86327,0.7416,1,0.61899,1,0.39838,0.82837,0.19428,0.75772,0.15268,0.66767,0.17415,0.47443,0.11037,0.25794,0,0.08751,0,0.02483,0.0696,0,0.31709,0,0.55559,0.11269,0.37278,0.26637,0.46442,0.48625,0.57766,0.68127],"triangles":[2,5,4,2,4,3,2,6,5,21,6,2,1,21,2,8,7,6,21,8,6,0,20,1,20,21,1,21,9,8,18,19,0,19,20,0,17,19,18,12,11,20,19,12,20,17,13,19,13,12,19,16,13,17,16,14,13,15,14,16,11,9,21,11,10,9,20,11,21],"weights":[2,31,0.38995,38,0.61004,2,38,0.53093,54,0.46906,2,54,0.44507,81,0.55492,1,81,1,1,81,1,3,83,0.03494,54,0.00007,81,0.96497,3,83,0.41477,54,0.13373,81,0.45148,3,83,0.90634,54,0.02657,81,0.06708,2,56,0.0003,83,0.99969,4,56,0.30066,42,0.00697,60,0.33113,83,0.36121,1,56,1,1,56,1,2,37,0.41767,56,0.58231,2,30,0.66967,37,0.33032,1,30,1,1,30,1,2,30,0.99774,24,0.00224,1,24,0.99999,1,31,1,2,24,0.5,42,0.5,2,42,0.5,60,0.5,2,60,0.5,83,0.5],"slotPose":[1,0,0,1,0,0],"bonePose":[30,0.621727,0.902592,-0.902592,0.621727,890.960835,-362.546049,31,0.176551,1.081686,-1.081686,0.176551,962.325151,-347.594869,38,0.658214,0.87634,-0.87634,0.658214,966.181034,-323.970836,54,0.874844,0.6602,-0.6602,0.874844,984.510215,-299.385035,24,0.385081,1.026123,-1.026123,0.385081,930.498895,-362.064242,81,1.090273,0.111899,-0.111899,1.090273,1004.27723,-284.440412,83,0.334678,1.043651,-1.043651,0.334678,971.476504,-281.053273,56,0.071109,1.093691,-1.093691,0.071109,921.79425,-307.088709,42,0.497403,0.97663,-0.97663,0.497403,943.515932,-327.34665,60,0.640803,0.88915,-0.88915,0.640803,956.532972,-301.788243,37,0.366033,1.033071,-1.033071,0.366033,914.103905,-328.793535],"edges":[14,13,13,12,12,11,11,10,10,9,9,8,8,7,7,6,6,5,5,4,4,3,3,2,2,1,1,0,0,18,18,17,17,16,16,15,15,14],"userEdges":[11,21]}]},{"name":"klpkfinger2","display":[{"type":"mesh","name":"klpkfinger2","width":63,"height":22,"vertices":[754.19,-427.84,724.43,-427.86,708.19,-427.88,685.16,-427.9,685.17,-452,707.87,-451.97,724.8,-451.96,754.21,-451.94],"uvs":[1,1,0.56905,1,0.33376,1,0,1,0,0,0.32891,0,0.57409,0,1,0],"triangles":[6,1,0,6,0,7,5,2,1,5,1,6,4,3,5,5,3,2],"weights":[1,95,0.99999,3,95,0.46959,99,0.52486,109,0.00554,2,99,0.44924,109,0.55075,1,109,1,2,99,0.00084,109,0.99915,3,95,0.00008,99,0.3478,109,0.6521,2,95,0.44515,99,0.55484,2,95,0.99854,99,0.00145],"slotPose":[1,0,0,1,0,0],"bonePose":[95,-1.095192,-0.042073,0.042073,-1.095192,754.058981,-439.443915,99,-1.093666,-0.071491,0.071491,-1.093666,724.637071,-440.442574,109,-1.091962,-0.093998,0.093998,-1.091962,709.686658,-441.419855],"edges":[3,2,2,1,1,0,0,7,7,6,6,5,5,4,4,3],"userEdges":[]}]},{"name":"klpkbelt","display":[{"type":"mesh","name":"klpkbelt","width":106,"height":45,"vertices":[63.08,4.54,63.36,9.18,61.89,18.69,58.03,17.99,37.33,12.81,16.39,12.31,-6.88,16.27,-22.86,19.67,-40.24,27.43,-41.18,16.51,-37.31,-1.09,-24.97,-10.29,-9.95,-15.94,9.82,-18.65,27.6,-18.11,46.77,-13,58.92,-6.29],"uvs":[0.9948,0.69196,0.99168,0.79485,0.96612,0.99999,0.93087,0.97339,0.74373,0.79859,0.54852,0.72638,0.32589,0.74538,0.1722,0.77361,0.00001,0.89359,0.00484,0.65027,0.06292,0.27361,0.18972,0.10706,0.33718,0.02666,0.52556,0.02488,0.6912,0.0888,0.86408,0.25743,0.96933,0.44082],"triangles":[3,2,1,16,4,0,3,1,0,4,3,0,15,4,16,14,4,15,13,5,14,14,5,4,13,12,5,12,6,5,11,7,6,11,6,12,10,7,11,10,9,7,9,8,7],"edges":[8,7,7,6,6,5,5,4,4,3,3,2,2,1,1,0,0,16,16,15,15,14,14,13,13,12,12,11,11,10,10,9,9,8],"userEdges":[]}]},{"name":"klpkcoat","display":[{"type":"mesh","name":"klpkcoat","width":436,"height":266,"vertices":[1091.91,-51.66,1120.84,-30.37,1156.93,-3.81,1196.09,25.02,1196.09,32.17,1119.2,38.28,987.1,29.31,889.23,32.24,808.22,38.4,718.28,42.38,718.25,27.69,737.79,-19.71,767.16,-56.68,792.17,-101.56,819.6,-161.29,841.56,-195.64,854.99,-216.63,861.22,-235.85,881.77,-241.87,907.78,-249.48,952.35,-249.58,973.56,-231.7,980.68,-191.19,1003.07,-145.81,1053.04,-111.51,816.44,-95.14,814.27,-46.76,808.26,2.17,856.67,-130.47,864.82,-60.88,815.37,-114.71,891.48,-221.79,903.44,-142.43,925.19,-78.3,877.85,-10.87,951.26,-27.2,937.68,-226.16,895.83,-187.56,942.03,-189.73,954.53,-144.06,983.35,-95.14,1026.82,-39.15,971.34,4.34,1061.63,-11.42,1016.5,-104.39,1047.51,-54.38,1095.33,-21.76,1144.81,14.13],"uvs":[0.78236,0.68008,0.84282,0.75336,0.9182,0.84474,1,0.9439,1,0.96842,0.83915,0.98881,0.5627,0.9571,0.35788,0.96639,0.18831,0.98694,0,1,0,0.94964,0.04107,0.78718,0.10264,0.66047,0.15518,0.50666,0.21285,0.30193,0.25898,0.18424,0.28717,0.11232,0.30028,0.04646,0.34336,0.02594,0.39784,0,0.49113,0,0.53543,0.0615,0.55015,0.20057,0.59687,0.35641,0.70126,0.47453,0.206,0.52888,0.20123,0.69485,0.1885,0.86266,0.29036,0.40795,0.30712,0.64673,0.20381,0.46173,0.36359,0.09489,0.38827,0.36726,0.43349,0.5875,0.3342,0.81841,0.48788,0.763,0.46032,0.08031,0.37254,0.21241,0.46926,0.20529,0.49523,0.36204,0.55532,0.53011,0.64609,0.72252,0.52984,0.87132,0.71879,0.81789,0.62476,0.49864,0.6894,0.67045,0.78938,0.7827,0.89275,0.90616],"triangles":[2,47,3,3,47,4,47,5,4,1,47,2,1,46,47,46,5,47,46,43,5,43,6,5,0,46,1,45,43,0,24,45,0,0,43,46,44,45,24,45,41,43,41,6,43,23,44,24,42,6,41,44,41,45,40,35,41,35,42,41,44,40,41,23,40,44,39,40,23,22,39,23,21,38,22,38,39,22,33,35,40,42,7,6,36,38,21,39,33,40,20,36,21,35,7,42,34,7,35,38,32,39,32,33,39,19,36,20,33,34,35,29,34,33,31,37,36,36,37,38,37,32,38,19,31,36,32,28,33,28,29,33,37,28,32,18,31,19,15,28,37,31,16,37,16,15,37,18,17,31,17,16,31,34,27,7,27,8,7,15,14,28,28,25,29,29,26,34,26,27,34,30,25,28,25,26,29,14,30,28,12,27,26,13,12,26,30,13,25,13,26,25,13,30,14,12,11,27,10,9,8,10,8,27,11,10,27],"weights":[2,8,0.13521,9,0.86478,2,8,0.00251,9,0.99748,1,9,1,1,9,1,1,9,1,5,36,0.00003,21,0.00007,34,0.18539,17,0.01616,9,0.79831,5,40,0.0065,36,0.32978,21,0.29958,34,0.36383,9,0.00028,5,40,0.54419,22,0.0143,36,0.43888,21,0.00091,34,0.00169,2,27,0.49531,40,0.50467,1,27,1,1,27,1,2,15,0.09964,27,0.90035,2,15,0.72343,27,0.27656,2,15,0.93022,16,0.06977,2,15,0.00203,16,0.99796,2,16,0.22288,4,0.77711,2,16,0.01654,4,0.98345,1,4,1,2,4,0.57624,10,0.42375,3,4,0.04441,10,0.91334,6,0.04224,2,10,0.37101,6,0.62898,1,6,1,1,6,1,3,6,0.39545,18,0.56133,8,0.0432,1,8,1,3,15,0.53743,16,0.06951,20,0.39303,4,15,0.38971,27,0.01239,20,0.45907,40,0.13882,3,15,0.04499,27,0.51402,40,0.44098,4,16,0.25062,20,0.14007,4,0.28922,13,0.32006,4,20,0.28468,40,0.1379,13,0.26349,22,0.3139,3,15,0.17736,16,0.46816,20,0.35447,2,4,0.75743,10,0.24256,4,4,0.213,13,0.33716,10,0.20013,14,0.24969,5,13,0.14373,22,0.31858,36,0.01131,14,0.37622,21,0.15015,4,40,0.49937,22,0.1721,36,0.32816,34,0.00034,5,22,0.19013,36,0.45093,14,0.0345,21,0.31406,34,0.01035,2,10,0.73212,6,0.26787,2,4,0.64058,10,0.35941,2,10,0.67651,6,0.32348,4,10,0.21689,14,0.26614,6,0.46256,18,0.05439,3,14,0.43397,21,0.20695,18,0.35907,5,21,0.20407,34,0.0746,18,0.19666,8,0.10603,17,0.41862,7,40,0.00316,22,0.01116,36,0.55198,14,0.0015,21,0.3154,34,0.11667,9,0.00008,4,21,0.00274,34,0.26316,18,0.00083,17,0.73325,2,18,0.09389,8,0.9061,2,8,0.5,17,0.5,1,9,1,1,9,1],"slotPose":[1,0,0,1,0,0],"bonePose":[8,0.550483,0.947726,-0.947726,0.550483,1022.39264,-115.1348,9,0.82829,0.717741,-0.717741,0.82829,1076.57888,-32.4964,40,0.267744,1.062793,-1.062793,0.267744,841.525307,-46.027471,36,0.542192,0.952494,-0.952494,0.542192,914.711202,-20.311749,21,0.714845,0.83079,-0.83079,0.714845,966.871235,-76.521929,34,0.867649,0.669628,-0.669628,0.867649,1021.0387,-13.518257,17,0.270896,1.061994,-1.061994,0.270896,1056.277711,-56.208207,22,0.414468,1.01461,-1.01461,0.414468,895.069578,-68.394096,27,-0.505058,0.972693,-0.972693,-0.505058,788.025752,-31.132952,15,-0.297131,1.054955,-1.054955,-0.297131,804.305368,-89.378038,16,-0.018363,1.095846,-1.095846,-0.018363,830.714938,-156.435438,4,0.127681,1.088537,-1.088537,0.127681,869.32528,-218.07112,10,0.242444,1.068848,-1.068848,0.242444,911.324,-223.49632,6,0.337227,1.04283,-1.04283,0.337227,962.11264,-218.75064,18,0.482689,0.983986,-0.983986,0.482689,987.175288,-140.855871,20,0.178439,1.081377,-1.081377,0.178439,830.034046,-115.801463,13,0.263104,1.063951,-1.063951,0.263104,879.493806,-131.380007,14,0.528337,0.960248,-0.960248,0.528337,928.945721,-145.610329],"edges":[9,8,8,7,7,6,6,5,5,4,4,3,3,2,2,1,1,0,0,24,24,23,23,22,22,21,21,20,20,19,19,18,18,17,17,16,16,15,15,14,14,13,13,12,12,11,11,10,10,9],"userEdges":[28,29]}]},{"name":"klpkfinger3","display":[{"type":"mesh","name":"klpkfinger3","width":50,"height":32,"vertices":[747.63,-422.5,743.29,-411.12,730.58,-405.69,718.32,-400.44,710.74,-397.21,692.78,-397.27,692.8,-408.02,709.61,-417.45,724.14,-425.61,742.23,-432.18,747.65,-432.16],"uvs":[1,0.27601,0.92156,0.60035,0.68972,0.75645,0.46619,0.90695,0.32799,1,0,1,0,0.69299,0.30646,0.42247,0.57129,0.18869,0.90112,0,1,0],"triangles":[8,1,0,9,8,0,10,9,0,8,2,1,8,7,2,7,3,2,7,4,3,7,6,4,6,5,4],"weights":[1,88,1,2,88,0.99301,102,0.00698,3,88,0.39279,102,0.60331,107,0.00388,3,88,0.00132,102,0.52866,107,0.47001,2,102,0.09922,107,0.90077,1,107,1,1,107,1,2,102,0.45973,107,0.54025,2,88,0.44623,102,0.55376,1,88,1,1,88,1],"slotPose":[1,0,0,1,0,0],"bonePose":[88,-1.032623,0.367294,-0.367294,-1.032623,748.255854,-424.500915,102,-1.022448,0.394735,-0.394735,-1.022448,727.995786,-417.294597,107,-1.000856,0.446657,-0.446657,-1.000856,713.047594,-411.523572],"edges":[5,4,4,3,3,2,2,1,1,0,0,10,10,9,9,8,8,7,7,6,6,5],"userEdges":[]}]},{"name":"klpkhair5","display":[{"type":"mesh","name":"klpkhair5","width":60,"height":84,"vertices":[1043,-487.59,1032.38,-476.52,1012.37,-456.29,991.98,-426.49,920.26,-390.61,920.07,-402.53,919.83,-417.67,919.66,-428.11,946.03,-446.63,952.96,-462.49,948.15,-469.77,949.09,-475.31,972.39,-478.88,988.59,-481.36,1007.01,-484.18,1036.24,-488.81,950.26,-436.51,975.61,-464.92,961.28,-429.32,988.08,-467.96,1008.43,-473.56],"uvs":[1,1,0.81786,1,0.5708,1,0.35224,1,0.00945,0.87329,0.00645,0.74388,0.00263,0.57939,0,0.46609,0.17707,0.297,0.3941,0.08975,0.48809,0,0.57362,0,0.68665,0.2429,0.76531,0.41196,0.85472,0.6041,0.99999,0.91629,0.23486,0.49084,0.49138,0.35278,0.2761,0.66957,0.57697,0.54734,0.71642,0.78487],"triangles":[14,20,15,1,0,15,20,1,15,20,2,1,13,19,14,19,20,14,12,17,13,17,19,13,11,9,12,3,2,20,18,3,20,19,18,20,9,17,12,10,9,11,17,16,19,16,18,19,18,4,3,9,8,17,8,16,17,5,4,18,8,7,16,16,6,18,6,5,18,7,6,16],"weights":[2,90,0.93502,79,0.06497,2,90,0.57105,79,0.42894,3,90,0.00308,79,0.93195,46,0.06496,2,79,0.69366,46,0.30633,1,46,1,1,46,1,1,46,1,1,46,1,2,43,0.88234,46,0.11765,2,47,0.90372,43,0.09627,2,47,0.99979,59,0.0002,2,47,0.99955,43,0.00044,3,47,0.42425,59,0.57448,90,0.00126,2,59,0.69388,70,0.30611,3,59,0.00623,70,0.54434,90,0.44941,2,90,0.96976,79,0.03023,3,43,0.20693,61,0.28042,46,0.51264,4,47,0.00254,59,0.80382,43,0.18311,61,0.01052,3,61,0.39477,79,0.12603,46,0.47919,5,59,0.08926,70,0.45853,43,0.00092,61,0.38409,79,0.06718,3,70,0.00581,90,0.42575,79,0.56842],"slotPose":[1,0,0,1,0,0],"bonePose":[90,1.026123,-0.385081,0.385081,1.026123,1009.945546,-477.114683,79,0.994442,-0.460761,0.460761,0.994442,983.669371,-458.950062,46,0.145332,1.086322,-1.086322,0.145332,924.237294,-435.708002,43,1.095998,0.001913,-0.001913,1.095998,937.669814,-455.227344,47,1.095185,-0.042264,0.042264,1.095185,950.68973,-468.234788,59,1.08427,-0.159918,0.159918,1.08427,973.886626,-468.822869,70,1.041825,-0.34032,0.34032,1.041825,993.349279,-471.693393,61,1.074112,-0.217945,0.217945,1.074112,964.872416,-455.136027],"edges":[7,6,6,5,5,4,4,3,3,2,2,1,1,0,0,15,15,14,14,13,13,12,12,11,11,10,10,9,9,8,8,7],"userEdges":[]}]},{"name":"klpkhair2","display":[{"type":"mesh","name":"klpkhair2","width":52,"height":100,"vertices":[902.44,-489.05,895.39,-471.9,890.65,-454.58,890.16,-434.06,896.63,-417.61,902.24,-403.29,896.84,-397.2,888.24,-394.2,865.71,-398.67,855.67,-427.59,852.55,-451.2,854.69,-468.88,865.03,-485.08,883.29,-497.59,899.03,-503.77,903.47,-503.78,878.16,-430.2,873.85,-457.71,882.77,-412.43,880.18,-478.49,894.54,-495.06],"uvs":[0.98211,0.13438,0.85875,0.29085,0.77586,0.44895,0.76744,0.63624,0.88097,0.7864,0.97972,0.91701,0.88487,0.9727,0.73384,1,0.33837,0.95934,0.16194,0.69543,0.10717,0.47999,0.14439,0.31877,0.32554,0.17075,0.64576,0.05657,0.92198,0,1,0,0.55689,0.67153,0.481,0.42051,0.63787,0.83368,0.59194,0.23076,0.84319,0.0796],"triangles":[19,1,20,14,20,15,15,20,0,20,1,0,4,18,5,18,6,5,18,7,6,13,20,14,17,2,1,13,19,20,3,16,4,16,18,4,19,17,1,16,3,2,17,16,2,18,8,7,17,10,16,16,9,18,12,19,13,9,8,18,10,9,16,11,17,19,12,11,19,11,10,17],"weights":[3,51,0.99319,57,0.00613,97,0.00066,5,51,0.57864,57,0.36927,74,0.00224,97,0.04969,100,0.00014,5,51,0.05342,57,0.37751,74,0.18104,97,0.38733,100,0.00068,3,57,0.00486,74,0.00678,97,0.98835,3,74,0.00002,97,0.20382,100,0.79615,3,106,0.01572,97,0.00001,100,0.98425,3,98,0.0003,106,0.62253,100,0.37716,2,98,0.00011,106,0.99988,2,98,0.75375,106,0.24624,2,74,0.66053,98,0.33946,2,57,0.15651,74,0.84347,2,57,0.85762,74,0.14237,2,51,0.23715,57,0.76284,1,51,1,1,51,1,1,51,1,3,74,0.05587,98,0.26865,97,0.67546,5,51,0.01071,57,0.7034,74,0.21595,97,0.06979,100,0.00013,4,98,0.44527,106,0.11518,97,0.18261,100,0.25692,3,51,0.56671,57,0.43056,97,0.0027,1,51,1],"slotPose":[1,0,0,1,0,0],"bonePose":[51,-0.861063,0.678076,-0.678076,-0.861063,897.433417,-499.153461,57,-0.294368,1.055729,-1.055729,-0.294368,875.138679,-481.582676,97,0.574614,0.933292,-0.933292,0.574614,881.025446,-433.222596,100,0.714265,0.831289,-0.831289,0.714265,890.439898,-417.408967,74,0.096285,1.091762,-1.091762,0.096285,868.327411,-457.562607,106,0.665988,0.870446,-0.870446,0.665988,881.546946,-406.792656,98,0.49638,0.97715,-0.97715,0.49638,870.888884,-427.894607],"edges":[10,9,9,8,8,7,7,6,6,5,5,4,4,3,3,2,2,1,1,0,0,15,15,14,14,13,13,12,12,11,11,10],"userEdges":[1,19,19,12]}]},{"name":"klpkfinger5","display":[{"type":"mesh","name":"klpkfinger5","width":45,"height":21,"vertices":[848.44,-422.41,839.17,-416.8,812.69,-416.82,799.12,-416.84,799.14,-439.84,815.34,-439.83,839.56,-439.8,848.45,-432.78],"uvs":[0.99999,0.75613,0.81213,0.99998,0.27511,1,0,1,0,0,0.32857,0,0.81941,0,0.99995,0.30484],"triangles":[1,0,7,6,1,7,5,2,1,5,1,6,4,3,2,4,2,5],"weights":[1,104,1,1,104,1,2,93,0.32,104,0.68,1,93,1,1,93,1,2,93,0.32,104,0.68,1,104,1,1,104,1],"slotPose":[1,0,0,1,0,0],"bonePose":[104,1.094973,-0.047425,0.047425,1.094973,813.054135,-426.050559,93,1.092423,-0.08847,0.08847,1.092423,791.30456,-424.146221],"edges":[3,2,2,1,1,0,0,7,7,6,6,5,5,4,4,3],"userEdges":[]}]},{"name":"chain1","display":[{"type":"mesh","name":"chain1","width":272,"height":34,"vertices":[1343.35,-267.98,1286.59,-255.13,1249.53,-246.72,1202.68,-238.1,1169.38,-232.27,1127.65,-226.98,1092.15,-223.52,1047.32,-225.37,1044.48,-237.76,1080.47,-246.03,1123.76,-248.21,1165.7,-253.05,1198.51,-257.23,1245.26,-266.12,1283.64,-273.04,1340.22,-281.69],"uvs":[1,1,0.8048,0.99725,0.67729,0.99546,0.51766,0.94059,0.40436,0.89365,0.26396,0.78164,0.14528,0.65901,0,0.34149,0,0,0.12397,0,0.26712,0.20269,0.40787,0.32763,0.5183,0.415,0.67785,0.4623,0.8086,0.51083,0.99999,0.62236],"triangles":[1,0,15,14,1,15,13,2,1,13,1,14,12,3,13,13,3,2,4,3,12,11,4,12,5,4,11,10,5,11,6,5,10,9,6,10,9,7,6,8,7,9],"weights":[1,112,1,2,111,0.61749,112,0.3825,2,110,0.68814,111,0.31185,2,108,0.48764,110,0.51235,2,101,0.46101,108,0.53898,2,92,0.42289,101,0.57709,2,80,0.25889,92,0.7411,1,80,1,1,80,1,2,80,0.85462,92,0.14537,2,92,0.53402,101,0.46597,2,101,0.59282,108,0.40717,2,108,0.56884,110,0.43115,2,110,0.66316,111,0.33683,2,111,0.52104,112,0.47894,1,112,1],"slotPose":[1,0,0,1,0,0],"bonePose":[112,1.063905,-0.26329,0.26329,1.063905,1285.493628,-265.480581,111,1.068466,-0.244123,0.244123,1.068466,1249.432893,-257.24144,110,1.081748,-0.176174,0.176174,1.081748,1200.397255,-249.255479,108,1.083069,-0.167862,0.167862,1.083069,1167.656078,-244.181025,101,1.088802,-0.125401,0.125401,1.088802,1125.181898,-239.289131,92,1.092439,-0.088279,0.088279,1.092439,1087.132251,-236.214361,80,1.094616,-0.055068,0.055068,1.094616,1055.216562,-234.542908],"edges":[7,6,6,5,5,4,4,3,3,2,2,1,1,0,0,15,15,14,14,13,13,12,12,11,11,10,10,9,9,8,8,7],"userEdges":[]}]},{"name":"klpkhangR","display":[{"type":"mesh","name":"klpkhangR","width":69,"height":58,"vertices":[807.34,-431.05,806.02,-421.54,796.04,-398.33,791.05,-398.71,766.6,-409.38,749.48,-400.73,733.68,-407.2,733.18,-428.15,744.77,-449.14,763.25,-460.89,781.98,-461.84,796.78,-456.23,777.12,-415.34,791.73,-415,793.52,-441.47,766.27,-436.66,754.05,-421.39],"uvs":[0.99268,0.48574,0.97472,0.63526,0.84154,0.99998,0.77551,0.99359,0.45293,0.82446,0.22609,0.95928,0.0175,0.85662,0.01191,0.52714,0.16612,0.19765,0.41095,0.01382,0.65883,0,0.8541,0.08906,0.59231,0.73127,0.78553,0.73741,0.81025,0.32097,0.44966,0.39522,0.28753,0.63467],"triangles":[13,2,1,11,14,0,13,1,0,14,13,0,12,13,14,15,12,14,10,14,11,13,3,2,13,12,3,10,15,14,12,4,3,9,15,10,16,4,12,15,16,12,9,8,15,16,5,4,8,16,15,8,7,16,6,5,16,7,6,16],"weights":[1,82,1,1,82,1,1,53,1,1,53,1,2,53,0.00999,82,0.99,2,53,0.001,82,0.99899,1,82,1,1,82,1,1,82,1,1,82,1,1,82,1,1,82,1,1,82,1,1,82,1,1,82,1,1,82,1,2,53,0.0026,82,0.99739],"slotPose":[1,0,0,1,0,0],"bonePose":[82,-0.57494,-0.933092,0.933092,-0.57494,780.081067,-418.209063,53,-0.978446,-0.49382,0.49382,-0.978446,837.45717,-389.251442],"edges":[7,6,6,5,5,4,4,3,3,2,2,1,1,0,0,11,11,10,10,9,9,8,8,7],"userEdges":[]}]},{"name":"klpkfinger1","display":[{"type":"mesh","name":"klpkfinger1","width":45,"height":49,"vertices":[768.42,-460.09,768.37,-451.48,758.81,-443.12,753.17,-443.14,735.36,-459.2,724.17,-469.29,719.22,-482.35,720.66,-493.76,725.69,-496.97,730.48,-496.95,747.89,-478.3],"uvs":[0.99998,0.68282,0.99998,0.84352,0.80695,1,0.69246,1,0.32978,0.70249,0.10194,0.51559,0,0.27285,0.028,0.0604,0.12977,0,0.22685,0,0.58191,0.34543],"triangles":[4,3,0,10,4,0,2,1,0,3,2,0,9,6,10,6,5,10,5,4,10,8,7,9,7,6,9],"weights":[1,87,1,1,87,1,1,87,0.99999,1,87,0.99999,2,87,0.46754,105,0.53245,2,87,0.01096,105,0.98903,1,105,1,1,105,1,1,105,1,1,105,1,2,87,0.06391,105,0.93608],"slotPose":[1,0,0,1,0,0],"bonePose":[87,-0.663554,-0.872302,0.872302,-0.663554,761.766962,-448.119737,105,-0.715135,-0.830541,0.830541,-0.715135,746.352592,-468.383322],"edges":[6,5,5,4,4,3,3,2,2,1,1,0,0,10,10,9,9,8,8,7,7,6],"userEdges":[]}]},{"name":"klpkclothB","display":[{"type":"mesh","name":"klpkclothB","width":122,"height":89,"vertices":[896.61,-316.21,886.89,-297.63,869.87,-265.08,862.25,-265.07,855.13,-276.93,834.38,-279.58,815.35,-264.95,799.7,-264.92,790.86,-272.31,788.77,-293.4,762.95,-283.71,762.93,-292.52,775.67,-305.31,788.09,-310.33,804.44,-309.23,822.09,-314.51,833.19,-329.43,834.15,-343.02,840.25,-356.1,855.85,-362.58,868.72,-362.6,885.62,-343.99,868.72,-321.33,850.71,-296.2],"uvs":[0.99998,0.47647,0.92699,0.66668,0.79908,0.99999,0.74217,0.99999,0.68904,0.87818,0.53407,0.85038,0.39147,0.99999,0.27452,1,0.2085,0.92413,0.19312,0.70793,0,0.80678,0,0.71627,0.09541,0.58551,0.18839,0.53438,0.31064,0.5459,0.4426,0.49207,0.52593,0.33933,0.53342,0.19992,0.57918,0.06609,0.69599,0,0.79241,0,0.91831,0.19127,0.79159,0.42316,0.65641,0.68042],"triangles":[22,1,0,21,22,0,4,2,1,23,4,1,22,23,1,20,22,21,18,17,19,4,3,2,19,17,22,17,16,22,16,23,22,19,22,20,16,15,23,23,5,4,15,5,23,15,14,5,14,6,5,8,7,6,9,8,6,14,9,6,13,9,14,13,12,9,12,11,9,11,10,9],"weights":[3,28,0.00159,44,0.08005,32,0.91834,3,28,0.00002,44,0.88338,32,0.11659,1,44,1,1,44,1,3,39,0.00608,58,0.03369,44,0.96022,4,39,0.03026,58,0.74603,71,0.05766,44,0.16603,3,58,0.53519,71,0.46156,44,0.00324,2,58,0.30067,71,0.69932,2,58,0.18187,71,0.81812,1,71,1,1,71,0.99999,1,71,0.99999,1,71,0.99999,3,39,0.00001,58,0.00994,71,0.99004,2,58,0.54013,71,0.45986,2,39,0.20247,58,0.79752,4,28,0.2549,39,0.70764,58,0.0374,71,0.00004,3,28,0.76665,39,0.23332,71,0.00001,2,28,0.96969,39,0.0303,1,28,0.99999,3,28,0.96058,44,0.00001,32,0.03939,3,28,0.33625,44,0.00025,32,0.66348,4,28,0.12356,39,0.22054,44,0.30247,32,0.3534,3,39,0.47009,58,0.18529,44,0.34461],"slotPose":[1,0,0,1,0,0],"bonePose":[28,-0.224128,1.072839,-1.072839,-0.224128,863.474393,-382.801326,44,-0.608428,0.911609,-0.911609,-0.608428,879.864659,-311.433517,32,-0.430705,1.007824,-1.007824,-0.430705,892.895992,-342.288607,39,-0.636139,0.892493,-0.892493,-0.636139,852.372426,-328.801682,58,-1.053859,0.300995,-0.300995,-1.053859,835.9627,-305.665802,71,-1.087358,0.137365,-0.137365,-1.087358,805.573891,-296.53045],"edges":[10,9,9,8,8,7,7,6,6,5,5,4,4,3,3,2,2,1,1,0,0,21,21,20,20,19,19,18,18,17,17,16,16,15,15,14,14,13,13,12,12,11,11,10],"userEdges":[]}]},{"name":"klpkcoatF","display":[{"type":"mesh","name":"klpkcoatF","width":264,"height":197,"vertices":[1126.34,-159.04,1130.91,-138.42,1137.12,-122.17,1152.62,-119.21,1167.84,-102.32,1169.83,-76.41,1174.17,-56.64,1174.26,-34.03,1161.5,-45.78,1126.75,-48.41,1097.62,-57.22,1073.49,-74.27,1057.76,-95.64,1044.05,-109.71,1018.59,-121.4,984.57,-134.34,950.43,-144.67,923.69,-158.55,906.97,-174.49,895.43,-195.5,884.16,-222.8,884.13,-234.51,916.02,-237.02,945.23,-237.16,968.76,-229.56,972.99,-215.33,978.13,-198.06,984.64,-186.64,989.22,-178.66,1007.6,-193.88,1025.28,-202.45,1040.84,-205.93,1054.17,-203.46,1044.9,-193.63,1046.58,-182.9,1054.99,-176.04,1077.09,-181.39,1098.99,-181.74,1117.13,-174.39,951.03,-155.27,971.63,-157.49,984.45,-168.34,976.09,-144.13,1001.14,-159.15,1020.62,-174.45,1073.51,-146.32,1022.31,-138.56,1031.2,-164.42,1049.01,-119.35,1094.1,-118.23,1131.91,-88.97],"uvs":[0.8362,0.36546,0.85167,0.46119,0.87294,0.53662,0.92647,0.55063,0.97884,0.62911,0.98533,0.74913,1,0.8408,0.99999,0.94554,0.95601,0.8909,0.83597,0.87803,0.73543,0.83666,0.65224,0.75723,0.59813,0.65791,0.55104,0.59246,0.46315,0.5378,0.34573,0.47721,0.22785,0.42863,0.13562,0.36376,0.07806,0.28954,0.03851,0.19194,0,0.06522,0.00001,0.01096,0.1103,0.00001,0.21132,0,0.29253,0.03573,0.30695,0.10171,0.32446,0.18181,0.34682,0.23483,0.36246,0.2719,0.4262,0.20177,0.48745,0.16236,0.54125,0.14656,0.58731,0.15829,0.55518,0.20368,0.56081,0.25339,0.58977,0.28528,0.66625,0.26092,0.7419,0.25975,0.8046,0.29413,0.2301,0.3795,0.30135,0.36962,0.34579,0.3196,0.31653,0.43162,0.40338,0.36251,0.47098,0.29199,0.65338,0.42336,0.47619,0.45838,0.50739,0.33864,0.56827,0.54793,0.72415,0.55404,0.85456,0.69024],"triangles":[5,8,6,6,8,7,9,8,5,50,9,5,4,50,5,3,50,4,2,50,3,10,9,50,1,49,2,49,50,2,11,10,50,49,11,50,0,49,1,38,45,0,45,49,0,37,45,38,12,11,49,36,45,37,45,48,49,48,12,49,35,45,36,35,47,45,47,48,45,47,46,48,48,13,12,34,47,35,31,33,32,14,13,48,46,14,48,33,44,34,44,47,34,31,30,33,30,44,33,29,44,30,43,46,47,44,43,47,15,14,46,43,15,46,29,28,44,28,43,44,41,42,43,42,15,43,28,41,43,40,42,41,27,41,28,42,16,15,27,40,41,25,18,26,18,17,26,40,16,42,39,16,40,24,23,25,22,19,23,39,17,16,20,19,22,21,20,22,39,40,27,17,39,27,26,17,27,18,19,25,23,19,25],"weights":[4,52,0.66969,67,0.32985,63,0.00003,75,0.00041,2,52,0.1292,67,0.87079,4,35,0.00001,67,0.87114,63,0.01354,75,0.11528,5,52,0.00185,35,0.00001,67,0.62531,63,0.00285,75,0.36996,3,52,0.00168,67,0.36644,75,0.63186,3,52,0.00056,67,0.10095,75,0.89847,3,52,0.00003,67,0.00498,75,0.99498,1,75,0.99999,1,75,1,2,63,0.16955,75,0.83044,3,23,0.00005,63,0.78019,75,0.21974,3,23,0.00015,63,0.99384,75,0.006,2,35,0.13116,63,0.86883,3,23,0.01329,35,0.70433,63,0.28235,3,23,0.48822,35,0.50194,63,0.00982,2,23,0.99994,63,0.00005,2,19,0.5628,23,0.43719,3,11,0.13378,19,0.85204,23,0.01417,2,11,0.49332,19,0.50667,2,11,0.85541,19,0.14458,2,11,0.99621,19,0.00378,1,11,1,1,11,1,1,11,1,1,11,1,2,11,0.70327,19,0.29672,2,11,0.35306,19,0.64692,3,11,0.17159,19,0.77746,23,0.05093,4,11,0.00777,19,0.06565,23,0.01656,48,0.91,1,48,1,1,48,1,1,48,1,1,48,1,2,48,0.92317,52,0.07682,2,48,0.5018,52,0.49819,2,48,0.1425,52,0.85749,2,48,0.00467,52,0.99531,1,52,1,3,52,0.99261,67,0.00734,75,0.00003,2,19,0.78183,23,0.21816,3,19,0.22419,23,0.769,48,0.0068,2,23,0.11,48,0.89,3,19,0.00261,23,0.99736,63,0.00002,3,23,0.24549,48,0.74,52,0.0145,3,23,0.02229,48,0.81881,52,0.15888,3,52,0.80554,35,0.16584,67,0.0286,2,23,0.5,35,0.5,3,23,0.02936,48,0.36191,52,0.60871,3,23,0.014,35,0.78519,63,0.2008,3,35,0.16597,67,0.40751,63,0.42651,4,52,0.00053,67,0.188,63,0.15154,75,0.65988],"slotPose":[1,0,0,1,0,0],"bonePose":[52,1.080937,-0.181081,0.181081,1.080937,1035.933295,-152.347528,67,1.092696,-0.085038,0.085038,1.092696,1091.469972,-123.906379,63,0.882731,0.649617,-0.649617,0.882731,1075.886132,-111.036136,75,0.965366,0.518927,-0.518927,0.965366,1121.254674,-77.825538,35,1.069855,0.237965,-0.237965,1.069855,1024.422187,-138.819631,23,1.031916,0.369276,-0.369276,1.031916,962.788972,-161.178038,19,0.697437,0.845457,-0.845457,0.697437,938.406378,-190.976589,11,0.201235,1.077367,-1.077367,0.201235,930.95336,-230.93816,48,0.926611,-0.585327,0.585327,0.926611,995.972109,-168.615103],"edges":[20,19,19,18,18,17,17,16,16,15,15,14,14,13,13,12,12,11,11,10,10,9,9,8,8,7,7,6,6,5,5,4,4,3,3,2,2,1,1,0,0,38,38,37,37,36,36,35,35,34,34,33,33,32,32,31,31,30,30,29,29,28,28,27,27,26,26,25,25,24,24,23,23,22,22,21,21,20],"userEdges":[17,27,19,25]}]},{"name":"klpkbody","display":[{"type":"mesh","name":"klpkbody","width":150,"height":216,"vertices":[944.15,-372.69,969.25,-352.06,973.03,-330.36,978.43,-300.6,981.64,-267.91,979.66,-244.55,975.48,-240.87,951.43,-243.71,916.01,-249.01,880.88,-253.08,861.15,-261.91,861.05,-269.29,853.68,-298.49,839.51,-320.17,826.49,-339.02,826.48,-374.16,834.13,-394.33,861.2,-409.67,910.1,-400.76,943.53,-390.22,868.45,-391.86,877.9,-359.95,875.94,-310.48,906.53,-379.15,918.11,-344.84,959.05,-336.58,924.37,-312.98,963.29,-307.32,879.5,-276.2,929.24,-278.99,968.08,-272.24,893,-337.51,901.52,-279.36,897.81,-312.69],"uvs":[0.71582,0.44306,0.86849,0.53031,0.89146,0.62194,0.92424,0.74769,0.9436,0.88583,0.93151,0.98452,0.90608,0.99999,0.7598,0.98801,0.54421,0.96554,0.33062,0.94827,0.21063,0.91097,0.21008,0.87977,0.16527,0.75644,0.07915,0.66478,0,0.58514,0,0.43676,0.04659,0.35158,0.21119,0.29674,0.50875,0.32446,0.71205,0.36902,0.25535,0.36205,0.31269,0.49681,0.3007,0.70581,0.48698,0.41573,0.55736,0.56074,0.80635,0.59566,0.59538,0.69527,0.83208,0.71927,0.32233,0.85061,0.62494,0.83894,0.86115,0.86749,0.40455,0.59163,0.45624,0.83732,0.43378,0.69648],"triangles":[30,7,6,2,27,3,27,30,3,30,6,5,30,5,4,3,30,4,1,25,2,25,27,2,27,29,30,0,25,1,29,7,30,0,24,25,25,26,27,26,29,27,24,26,25,29,8,7,19,23,0,23,24,0,18,23,19,24,33,26,33,32,26,26,32,29,32,8,29,31,33,24,21,31,23,32,9,8,23,31,24,20,23,18,17,20,18,33,22,32,22,28,32,28,9,32,20,21,23,31,22,33,21,22,31,14,13,21,13,22,21,22,12,28,12,11,28,11,10,28,28,10,9,20,15,21,15,14,21,13,12,22,17,16,20,16,15,20],"weights":[3,5,0.00503,12,0.77289,25,0.22207,3,5,0.08441,12,0.89084,25,0.02474,3,5,0.21513,12,0.78075,25,0.0041,2,5,0.56146,12,0.43852,2,5,0.89154,12,0.10845,2,5,0.97462,12,0.02537,2,5,0.97811,12,0.02188,2,5,0.99046,12,0.00953,1,5,1,2,5,0.7972,12,0.20279,2,5,0.63504,12,0.36495,2,5,0.58727,12,0.41271,3,5,0.19424,12,0.79484,25,0.01091,3,5,0.03101,12,0.89263,25,0.07635,3,5,0.00284,12,0.82512,25,0.17203,2,12,0.61437,25,0.38562,2,12,0.49025,25,0.50974,3,12,0.15218,25,0.37781,29,0.47,2,12,0.05329,25,0.9467,2,12,0.57502,25,0.42497,2,12,0.27903,25,0.72096,2,12,0.85355,25,0.14644,3,5,0.13361,12,0.85872,25,0.00766,2,12,0.40116,25,0.59883,3,5,0.00148,12,0.97412,25,0.02439,3,5,0.13665,12,0.85235,25,0.01099,2,5,0.15731,12,0.84267,2,5,0.50519,12,0.4948,2,5,0.5497,12,0.45028,2,5,0.90824,12,0.09175,2,5,0.85016,12,0.14983,3,5,0.00023,12,0.99871,25,0.00105,2,5,0.82336,12,0.17663,2,5,0.094,12,0.90599],"slotPose":[1,0,0,1,0,0],"bonePose":[5,-0.108093,-1.090657,1.090657,-0.108093,921.05648,-230.08328,12,-0.257716,-1.065269,1.065269,-0.257716,914.835725,-292.850569,25,0.184664,-1.080331,1.080331,0.184664,893.904051,-379.371738,29,-1.004487,-0.438432,0.438432,-1.004487,865.40963,-370.933377],"edges":[14,13,13,12,12,11,11,10,10,9,9,8,8,7,7,6,6,5,5,4,4,3,3,2,2,1,1,0,0,19,19,18,18,17,17,16,16,15,15,14],"userEdges":[24,25]}]},{"name":"klpkarmR","display":[{"type":"mesh","name":"klpkarmR","width":113,"height":135,"vertices":[882.45,-363.32,882.56,-330.77,879.81,-310.07,873.2,-310.06,846.27,-321.24,819.94,-349.77,781.51,-370.01,758.57,-386.89,758.55,-394.19,763.97,-417.82,778.13,-446.76,794.98,-462.8,811.54,-462.85,838.73,-432,849.03,-409.79,857.07,-413.58,872.9,-394.63,810.4,-442.15,801.97,-409.87,784,-385.2,829.46,-425.3,820.47,-399.48,803.64,-374.25,843.19,-383.77,823.82,-356.29,865.62,-341.43,867.86,-373.23],"uvs":[0.99998,0.64023,1,0.8602,0.97731,0.99999,0.92394,0.99999,0.70678,0.92382,0.49482,0.76446,0.18487,0.6269,0,0.51241,0,0.46309,0.04419,0.30352,0.15922,0.10812,0.29559,0,0.42928,0,0.64822,0.20894,0.73109,0.35918,0.79596,0.33381,0.92366,0.42836,0.41965,0.13993,0.35089,0.35783,0.20529,0.52433,0.57328,0.2541,0.50015,0.42838,0.3636,0.59869,0.68326,0.53504,0.52627,0.72048,0.86353,0.80099,0.88234,0.60269],"triangles":[3,2,1,25,3,1,16,26,0,25,1,0,26,25,0,23,26,16,14,23,16,25,4,3,15,14,16,23,24,25,23,25,26,24,4,25,12,17,13,24,5,4,13,20,14,21,23,14,20,21,14,22,24,23,21,22,23,17,20,13,18,21,20,17,18,20,22,5,24,18,22,21,22,6,5,18,19,22,10,18,17,11,17,12,11,10,17,10,9,18,19,6,22,9,19,18,9,8,19,7,6,19,8,7,19],"weights":[1,12,1,1,12,1,1,12,1,1,12,1,1,12,1,2,29,0.56233,41,0.43766,2,29,0.00732,41,0.99267,1,41,1,1,41,1,1,41,1,1,41,1,1,41,1,1,41,1,2,29,0.0263,41,0.97369,2,29,0.43992,41,0.56006,2,29,0.64139,41,0.3586,1,12,1,1,41,1,1,41,1,2,29,0.0002,41,0.99979,2,29,0.03369,41,0.9663,2,29,0.0012,41,0.99879,2,29,0.04264,41,0.95735,2,29,0.84462,41,0.15537,2,29,0.47244,41,0.52755,3,12,0.61,29,0.38871,41,0.00128,3,12,0.12,29,0.87953,41,0.00046],"slotPose":[1,0,0,1,0,0],"bonePose":[12,-0.257716,-1.065269,1.065269,-0.257716,914.835725,-292.850569,29,-1.004487,-0.438432,0.438432,-1.004487,865.40963,-370.933377,41,-0.914993,-0.603327,0.603327,-0.914993,837.452379,-382.992477],"edges":[7,6,6,5,5,4,4,3,3,2,2,1,1,0,0,16,16,15,15,14,14,13,13,12,12,11,11,10,10,9,9,8,8,7],"userEdges":[]}]},{"name":"klpkhair1","display":[{"type":"mesh","name":"klpkhair1","width":50,"height":68,"vertices":[925.11,-506.28,930.48,-483.63,910.32,-476.97,886.78,-469.1,885.25,-476.72,890.69,-484.95,931.89,-482.77,964.45,-471.13,974.6,-469.77,987.35,-471.58,937.06,-458.14,874.64,-459.7,870.47,-463.47,886.88,-475.28,898.62,-479.31,913.44,-480.4,925.7,-478.75,932.28,-473.25,921.22,-477.14,914.93,-490.53,917.92,-508.79,927.94,-490.95,932.2,-467.02,917.76,-464.86,925.61,-478.46],"uvs":[1,0.08786,0.9014,0.21608,0.80985,0.46842,0.80526,0.80176,0.66472,0.78759,0.55503,0.68251,0.51777,0.46618,0.45815,0.69784,0.46319,0.83505,0.53344,0.99999,0.29004,0.90755,0.17621,1,0.10704,1,0,0.74044,0,0.57372,0.0685,0.38085,0.16954,0.23242,0.30661,0.12501,0.45681,0.05917,0.66237,0,1,0,0.67369,0.18378,0.2959,0.37869,0.22741,0.59248,0.49618,0.15175],"triangles":[5,3,2,21,1,0,19,21,0,20,19,0,5,4,3,21,2,1,6,5,2,21,6,2,24,22,6,18,24,19,19,24,21,24,6,21,17,22,24,23,7,6,8,10,9,17,16,22,22,23,6,18,17,24,10,8,7,23,10,7,13,12,10,23,13,10,15,23,22,16,15,22,12,11,10,15,14,23,14,13,23],"weights":[2,33,0.95366,55,0.04633,2,33,0.23332,55,0.76667,2,55,0.39589,73,0.6041,1,73,1,1,73,1,1,73,1,4,68,0.08122,78,0.54281,55,0.10575,73,0.2702,2,78,0.43972,94,0.56027,1,94,1,1,94,1,2,94,0.579,96,0.42099,2,94,0.02624,96,0.97375,1,96,1,2,77,0.00323,96,0.99676,2,77,0.92519,96,0.0748,2,69,0.39339,77,0.6066,1,69,1,4,33,0.15354,68,0.07637,69,0.76867,55,0.0014,4,33,0.68495,68,0.16716,69,0.14726,55,0.0006,3,33,0.99001,68,0.00997,55,0.00001,1,33,1,1,55,1,4,68,0.20702,78,0.45754,69,0.29685,77,0.03858,4,78,0.29018,94,0.01825,77,0.5813,96,0.11024,4,33,0.65143,68,0.26883,69,0.07941,55,0.00031],"slotPose":[1,0,0,1,0,0],"bonePose":[33,0.35429,1.037157,-1.037157,0.35429,921.013118,-501.994428,55,-1.052428,0.305958,-0.305958,-1.052428,928.494779,-490.026545,73,-0.993798,0.462149,-0.462149,-0.993798,909.764979,-484.49018,68,0.82829,0.717741,-0.717741,0.82829,927.633303,-482.343071,78,1.067347,0.248969,-0.248969,1.067347,939.865498,-471.656459,94,1.09541,-0.035956,0.035956,1.09541,963.263184,-466.108698,96,-1.013739,0.416592,-0.416592,-1.013739,894.955053,-472.860894,77,-1.085254,0.153102,-0.153102,-1.085254,914.227493,-475.513339,69,-1.030816,-0.372336,0.372336,-1.030816,928.905451,-470.176621],"edges":[13,12,12,11,11,10,10,9,9,8,8,7,7,6,6,5,5,4,4,3,3,2,2,1,1,0,0,20,20,19,19,18,18,17,17,16,16,15,15,14,14,13],"userEdges":[]}]},{"name":"klpkfinger4","display":[{"type":"mesh","name":"klpkfinger4","width":21,"height":52,"vertices":[795.87,-472.84,795.87,-447.55,772.86,-447.55,772.87,-472.24,772.89,-504.53,795.89,-504.51],"uvs":[0.99998,0.5557,1,1,0,1,0,0.56659,0,0,1,0],"triangles":[3,2,1,5,4,0,4,3,0,3,1,0],"weights":[2,91,0.26999,103,0.73,1,91,1,1,91,1,2,91,0.26999,103,0.73,1,103,1,1,103,1],"slotPose":[1,0,0,1,0,0],"bonePose":[91,-0.045705,-1.095047,1.095047,-0.045705,785.406646,-450.996584,103,-0.034044,-1.095471,1.095471,-0.034044,784.464347,-471.733567],"edges":[2,1,1,0,0,5,5,4,4,3,3,2],"userEdges":[]}]},{"name":"klpkhip","display":[{"name":"klpkhip","transform":{"x":-0.91,"y":4.86}}]},{"name":"klpkhair3","display":[{"type":"mesh","name":"klpkhair3","width":49,"height":69,"vertices":[962.21,-524.83,983.36,-530.83,1001.34,-538.1,1007.31,-537.07,1007.36,-503.2,989.82,-501.11,971.02,-498.87,952.77,-496.71,941.08,-495.32,932.64,-495.4,945.59,-517.29],"uvs":[0.63356,0.32013,0.8103,0.5822,0.99998,0.79998,0.99999,0.88018,0.37852,0.95687,0.28498,0.73288,0.18488,0.49316,0.08739,0.25971,0.02506,0.11044,0,0,0.44279,0.12021],"triangles":[1,4,2,2,4,3,0,6,1,6,5,1,5,4,1,10,7,0,7,6,0,8,7,10,9,8,10],"weights":[3,49,0.02414,66,0.76102,84,0.21482,3,49,0.00022,84,0.29207,89,0.70769,1,89,1,1,89,1,2,84,0.04312,89,0.95687,3,66,0.00347,84,0.43395,89,0.56256,4,49,0.05248,66,0.28099,84,0.64459,89,0.0219,3,49,0.76778,66,0.1898,84,0.04241,2,49,0.99674,66,0.00325,1,49,1,2,49,0.70945,66,0.29054],"slotPose":[1,0,0,1,0,0],"bonePose":[49,0.741293,-0.80728,0.80728,0.741293,936.462681,-499.553727,66,1.070515,-0.234976,0.234976,1.070515,950.782475,-515.196836,84,1.08776,-0.134138,0.134138,1.08776,966.258727,-518.661173,89,1.089672,-0.117607,0.117607,1.089672,985.741104,-521.41704],"edges":[9,8,8,7,7,6,6,5,5,4,4,3,3,2,2,1,1,0,0,10,10,9],"userEdges":[]}]},{"name":"klpkhair4","display":[{"type":"mesh","name":"klpkhair4","width":37,"height":64,"vertices":[966.53,-524.41,978.86,-521.28,989.97,-517.03,986.29,-483.29,973.62,-464.07,957.47,-456.31,948.45,-466.28,943.89,-475.93,939.86,-484.49,940.48,-498.54,924.13,-501.7,925.95,-512.59,943.23,-519.71,953.87,-523.93,966.7,-498.59,951.44,-502.32],"uvs":[0.98497,0.54315,0.9586,0.72369,0.90062,0.8899,0.68035,0.99999,0.49405,0.99999,0.26081,0.93536,0.10729,0.76534,0.05699,0.6158,0.01249,0.48347,0.11177,0.28788,0.25792,0,0.53116,0,0.77498,0.22632,0.92138,0.3662,0.60577,0.59683,0.44013,0.3551],"triangles":[14,1,0,13,14,0,14,2,1,4,3,2,14,4,2,12,15,13,15,14,13,5,4,14,6,5,14,11,15,12,10,9,15,10,15,11,8,7,15,15,7,14,7,6,14,9,8,15],"weights":[4,64,0.6758,85,0.32395,86,0.00018,62,0.00005,1,85,1,1,85,1,2,85,0.53517,86,0.46481,2,85,0.21783,86,0.78216,2,85,0.00157,86,0.99842,2,86,0.93859,62,0.06139,3,64,0.00016,86,0.40981,62,0.59001,3,64,0.00029,86,0.03777,62,0.96193,2,45,0.03726,62,0.96273,2,45,0.99866,62,0.00133,1,45,1,2,45,0.6522,64,0.34779,3,45,0.08597,64,0.91396,86,0.00005,4,64,0.35683,85,0.25536,86,0.2908,62,0.09699,3,45,0.40815,64,0.25011,62,0.34173],"slotPose":[1,0,0,1,0,0],"bonePose":[64,1.058655,-0.283666,0.283666,1.058655,948.686927,-510.501541,85,1.095927,0.012625,-0.012625,1.095927,968.547289,-515.823109,86,0.524646,0.962269,-0.962269,0.524646,954.010338,-479.84525,62,0.429474,1.008349,-1.008349,0.429474,946.539554,-497.665397,45,1.062324,-0.269599,0.269599,1.062324,925.891664,-504.840899],"edges":[8,7,7,6,6,5,5,4,4,3,3,2,2,1,1,0,0,13,13,12,12,11,11,10,10,9,9,8],"userEdges":[15,13]}]}]}],"animation":[{"duration":120,"name":"animation","bone":[{"name":"klpkhip","translateFrame":[{"duration":60,"tweenEasing":0},{"duration":60,"tweenEasing":0,"y":-5.63},{"duration":0}],"rotateFrame":[{"duration":60,"tweenEasing":0},{"duration":60,"tweenEasing":0,"rotate":-0.45},{"duration":0}]},{"name":"klpkbody","rotateFrame":[{"duration":60,"tweenEasing":0},{"duration":60,"tweenEasing":0,"rotate":-1.32},{"duration":0}]},{"name":"klpkhead","rotateFrame":[{"duration":60,"tweenEasing":0},{"duration":60,"tweenEasing":0,"rotate":-3.18},{"duration":0}]},{"name":"klpkcoat","translateFrame":[{"duration":10,"tweenEasing":0},{"duration":20,"tweenEasing":0},{"duration":30,"tweenEasing":0,"x":1.39},{"duration":10,"tweenEasing":0},{"duration":20,"tweenEasing":0},{"duration":30,"tweenEasing":0,"x":1.39},{"duration":0}],"rotateFrame":[{"duration":10,"tweenEasing":0},{"duration":20,"tweenEasing":0,"rotate":3.86},{"duration":30,"tweenEasing":0,"rotate":-1.8},{"duration":10,"tweenEasing":0},{"duration":20,"tweenEasing":0,"rotate":3.86},{"duration":30,"tweenEasing":0,"rotate":-1.8},{"duration":0}]},{"name":"bone2","translateFrame":[{"duration":40,"tweenEasing":0},{"duration":20,"tweenEasing":0,"x":2.85,"y":-19.83},{"duration":40,"tweenEasing":0},{"duration":20,"tweenEasing":0,"x":2.85,"y":-19.83},{"duration":0}],"rotateFrame":[{"duration":40,"tweenEasing":0},{"duration":20,"tweenEasing":0,"rotate":-5.99},{"duration":40,"tweenEasing":0},{"duration":20,"tweenEasing":0,"rotate":-5.99},{"duration":0}]},{"name":"klpkcoat2","translateFrame":[{"duration":10,"tweenEasing":0},{"duration":20,"tweenEasing":0},{"duration":30,"tweenEasing":0,"x":1.65,"y":-10.8},{"duration":10,"tweenEasing":0},{"duration":20,"tweenEasing":0},{"duration":30,"tweenEasing":0,"x":1.65,"y":-10.8},{"duration":0}],"rotateFrame":[{"duration":10,"tweenEasing":0},{"duration":20,"tweenEasing":0,"rotate":3.86},{"duration":30,"tweenEasing":0,"rotate":-14.16},{"duration":10,"tweenEasing":0},{"duration":20,"tweenEasing":0,"rotate":3.86},{"duration":30,"tweenEasing":0,"rotate":-14.16},{"duration":0}]},{"name":"bone5","translateFrame":[{"duration":40,"tweenEasing":0},{"duration":20,"tweenEasing":0,"x":0.25,"y":-8.19},{"duration":40,"tweenEasing":0},{"duration":20,"tweenEasing":0,"x":0.25,"y":-8.19},{"duration":0}]},{"name":"klpkcoat3","translateFrame":[{"duration":10,"tweenEasing":0},{"duration":20,"tweenEasing":0},{"duration":30,"tweenEasing":0,"x":2.93,"y":-19.1},{"duration":10,"tweenEasing":0},{"duration":20,"tweenEasing":0},{"duration":30,"tweenEasing":0,"x":2.93,"y":-19.1},{"duration":0}],"rotateFrame":[{"duration":10,"tweenEasing":0},{"duration":20,"tweenEasing":0,"rotate":3.86},{"duration":30,"tweenEasing":0,"rotate":0.02},{"duration":10,"tweenEasing":0},{"duration":20,"tweenEasing":0,"rotate":3.86},{"duration":30,"tweenEasing":0,"rotate":0.02},{"duration":0}]},{"name":"klpkcoat4","rotateFrame":[{"duration":10,"tweenEasing":0},{"duration":20,"tweenEasing":0,"rotate":3.86},{"duration":30,"tweenEasing":0,"rotate":-1.8},{"duration":10,"tweenEasing":0},{"duration":20,"tweenEasing":0,"rotate":3.86},{"duration":30,"tweenEasing":0,"rotate":-1.8},{"duration":0}]},{"name":"bone8","translateFrame":[{"duration":40,"tweenEasing":0},{"duration":20,"tweenEasing":0,"x":2.47,"y":-9.71},{"duration":40,"tweenEasing":0},{"duration":20,"tweenEasing":0,"x":2.47,"y":-9.71},{"duration":0}]},{"name":"klpkcoat5","rotateFrame":[{"duration":10,"tweenEasing":0},{"duration":20,"tweenEasing":0,"rotate":3.86},{"duration":30,"tweenEasing":0,"rotate":-10.17},{"duration":10,"tweenEasing":0},{"duration":20,"tweenEasing":0,"rotate":3.86},{"duration":30,"tweenEasing":0,"rotate":-10.17},{"duration":0}]},{"name":"klpkcoat6","rotateFrame":[{"duration":10,"tweenEasing":0},{"duration":20,"tweenEasing":0,"rotate":3.24},{"duration":30,"tweenEasing":0,"rotate":-10.69},{"duration":10,"tweenEasing":0},{"duration":20,"tweenEasing":0,"rotate":3.24},{"duration":30,"tweenEasing":0,"rotate":-10.69},{"duration":0}]},{"name":"klpkcoatF","translateFrame":[{"duration":120,"x":1.39,"y":-0.69}],"rotateFrame":[{"duration":10,"tweenEasing":0,"rotate":0.07},{"duration":20,"tweenEasing":0,"rotate":1.55},{"duration":30,"tweenEasing":0,"rotate":-4.35},{"duration":10,"tweenEasing":0,"rotate":0.07},{"duration":20,"tweenEasing":0,"rotate":1.55},{"duration":30,"tweenEasing":0,"rotate":-4.35},{"duration":0,"rotate":0.07}]},{"name":"bone13","translateFrame":[{"duration":10,"tweenEasing":0,"x":-1.48,"y":-1.93},{"duration":30,"tweenEasing":0,"x":-1.11,"y":1.33},{"duration":20,"tweenEasing":0,"x":-12.77,"y":1.9},{"duration":10,"tweenEasing":0,"x":-1.48,"y":-1.93},{"duration":30,"tweenEasing":0,"x":-1.11,"y":1.33},{"duration":20,"tweenEasing":0,"x":-12.77,"y":1.9},{"duration":0,"x":-1.48,"y":-1.93}],"rotateFrame":[{"duration":10,"tweenEasing":0,"rotate":-1.36},{"duration":30,"tweenEasing":0,"rotate":-0.01},{"duration":20,"tweenEasing":0,"rotate":-4.06},{"duration":10,"tweenEasing":0,"rotate":-1.36},{"duration":30,"tweenEasing":0,"rotate":-0.01},{"duration":20,"tweenEasing":0,"rotate":-4.06},{"duration":0,"rotate":-1.36}]},{"name":"bone14","translateFrame":[{"duration":10,"tweenEasing":0,"x":0.89,"y":-0.14},{"duration":30,"tweenEasing":0,"x":2.68,"y":2.34},{"duration":20,"tweenEasing":0,"x":-0.36,"y":-1.63},{"duration":10,"tweenEasing":0,"x":0.89,"y":-0.14},{"duration":30,"tweenEasing":0,"x":2.68,"y":2.34},{"duration":20,"tweenEasing":0,"x":-0.36,"y":-1.63},{"duration":0,"x":0.89,"y":-0.14}],"rotateFrame":[{"duration":10,"tweenEasing":0,"rotate":4.11},{"duration":30,"tweenEasing":0,"rotate":6.68},{"duration":20,"tweenEasing":0,"rotate":0.6},{"duration":10,"tweenEasing":0,"rotate":4.11},{"duration":30,"tweenEasing":0,"rotate":6.68},{"duration":20,"tweenEasing":0,"rotate":0.6},{"duration":0,"rotate":4.11}]},{"name":"bone15","translateFrame":[{"duration":10,"tweenEasing":0,"x":-1.01,"y":-2.7},{"duration":30,"tweenEasing":0,"x":-0.53,"y":-5.6},{"duration":20,"tweenEasing":0,"x":4.39,"y":1.81},{"duration":10,"tweenEasing":0,"x":-1.01,"y":-2.7},{"duration":30,"tweenEasing":0,"x":-0.53,"y":-5.6},{"duration":20,"tweenEasing":0,"x":4.39,"y":1.81},{"duration":0,"x":-1.01,"y":-2.7}],"rotateFrame":[{"duration":120,"rotate":-4.33}]},{"name":"bone16","translateFrame":[{"duration":120,"x":-1.15,"y":3.77}],"rotateFrame":[{"duration":120,"rotate":18.15}]},{"name":"klpkcoatF2","translateFrame":[{"duration":10,"tweenEasing":0,"x":3.64,"y":5.64},{"duration":30,"tweenEasing":0,"x":6.43,"y":7.56},{"duration":20,"tweenEasing":0,"x":-1.94,"y":1.79},{"duration":10,"tweenEasing":0,"x":3.64,"y":5.64},{"duration":30,"tweenEasing":0,"x":6.43,"y":7.56},{"duration":20,"tweenEasing":0,"x":-1.94,"y":1.79},{"duration":0,"x":3.64,"y":5.64}],"rotateFrame":[{"duration":10,"tweenEasing":0,"rotate":1.84},{"duration":30,"tweenEasing":0,"rotate":6.55},{"duration":20,"tweenEasing":0,"rotate":-7.56},{"duration":10,"tweenEasing":0,"rotate":1.84},{"duration":30,"tweenEasing":0,"rotate":6.55},{"duration":20,"tweenEasing":0,"rotate":-7.56},{"duration":0,"rotate":1.84}]},{"name":"klpkcoatF3","translateFrame":[{"duration":10,"tweenEasing":0,"x":4.22,"y":11.77},{"duration":30,"tweenEasing":0,"x":5.16,"y":15.63},{"duration":20,"tweenEasing":0,"x":2.33,"y":4.06},{"duration":10,"tweenEasing":0,"x":4.22,"y":11.77},{"duration":30,"tweenEasing":0,"x":5.16,"y":15.63},{"duration":20,"tweenEasing":0,"x":2.33,"y":4.06},{"duration":0,"x":4.22,"y":11.77}],"rotateFrame":[{"duration":10,"tweenEasing":0,"rotate":-6.69},{"duration":30,"tweenEasing":0,"rotate":1.46},{"duration":20,"tweenEasing":0,"rotate":-6.69},{"duration":10,"tweenEasing":0,"rotate":-6.69},{"duration":30,"tweenEasing":0,"rotate":1.46},{"duration":20,"rotate":-6.69}]},{"name":"klpkcoatF4","translateFrame":[{"duration":10,"tweenEasing":0,"x":-0.21,"y":-8.3},{"duration":30,"tweenEasing":0,"x":-8.1,"y":-7.44},{"duration":20,"tweenEasing":0,"x":1.74,"y":-0.07},{"duration":10,"tweenEasing":0,"x":-0.21,"y":-8.3},{"duration":30,"tweenEasing":0,"x":-8.1,"y":-7.44},{"duration":20,"tweenEasing":0,"x":1.74,"y":-0.07},{"duration":0,"x":-0.21,"y":-8.3}],"rotateFrame":[{"duration":120,"rotate":-8.45}]},{"name":"bone17","translateFrame":[{"duration":10,"tweenEasing":0},{"duration":30,"tweenEasing":0},{"duration":20,"tweenEasing":0,"x":6.28,"y":-1.71},{"duration":10,"tweenEasing":0},{"duration":30,"tweenEasing":0},{"duration":20,"tweenEasing":0,"x":6.28,"y":-1.71},{"duration":0}],"rotateFrame":[{"duration":10,"tweenEasing":0},{"duration":30,"tweenEasing":0,"rotate":7.24},{"duration":20,"tweenEasing":0,"rotate":7.24},{"duration":10,"tweenEasing":0},{"duration":30,"tweenEasing":0,"rotate":7.24},{"duration":20,"tweenEasing":0,"rotate":7.24},{"duration":0}]},{"name":"klpkclothB","rotateFrame":[{"duration":30,"tweenEasing":0},{"duration":30,"tweenEasing":0,"rotate":-4.27},{"duration":30,"tweenEasing":0},{"duration":30,"tweenEasing":0,"rotate":-4.27},{"duration":0}]},{"name":"bone18","rotateFrame":[{"duration":10,"tweenEasing":0},{"duration":30,"tweenEasing":0,"rotate":-6.79},{"duration":20,"tweenEasing":0,"rotate":14.28},{"duration":10,"tweenEasing":0},{"duration":30,"tweenEasing":0,"rotate":-6.79},{"duration":20,"tweenEasing":0,"rotate":14.28},{"duration":0}]},{"name":"bone19","translateFrame":[{"duration":10,"tweenEasing":0},{"duration":30,"tweenEasing":0},{"duration":20,"tweenEasing":0,"x":-4.16,"y":-1.32},{"duration":10,"tweenEasing":0},{"duration":30,"tweenEasing":0},{"duration":20,"tweenEasing":0,"x":-4.16,"y":-1.32},{"duration":0}],"rotateFrame":[{"duration":10,"tweenEasing":0,"rotate":-10.65},{"duration":30,"tweenEasing":0,"rotate":-15.05},{"duration":20,"tweenEasing":0,"rotate":-15.05},{"duration":10,"tweenEasing":0,"rotate":-10.65},{"duration":30,"tweenEasing":0,"rotate":-15.05},{"duration":20,"tweenEasing":0,"rotate":-15.05},{"duration":0,"rotate":-10.65}]},{"name":"bone20","translateFrame":[{"duration":10,"tweenEasing":0,"x":2.43,"y":-1.3},{"duration":30,"tweenEasing":0,"x":2.46,"y":-4.39},{"duration":20,"tweenEasing":0,"x":2.38,"y":4.88},{"duration":10,"tweenEasing":0,"x":2.43,"y":-1.3},{"duration":30,"tweenEasing":0,"x":2.46,"y":-4.39},{"duration":20,"tweenEasing":0,"x":2.38,"y":4.88},{"duration":0,"x":2.43,"y":-1.3}],"rotateFrame":[{"duration":120,"rotate":6.19}]},{"name":"klpkclothB2","rotateFrame":[{"duration":30,"tweenEasing":0},{"duration":30,"tweenEasing":0,"rotate":-8.41},{"duration":30,"tweenEasing":0},{"duration":30,"tweenEasing":0,"rotate":-8.41},{"duration":0}]},{"name":"bone21","translateFrame":[{"duration":40,"tweenEasing":0},{"duration":20,"tweenEasing":0,"x":-10.38,"y":0.41},{"duration":40,"tweenEasing":0},{"duration":20,"tweenEasing":0,"x":-10.38,"y":0.41},{"duration":0}]},{"name":"klpkclothF","translateFrame":[{"duration":10,"tweenEasing":0},{"duration":20,"tweenEasing":0,"x":-0.53,"y":2.14},{"duration":30,"tweenEasing":0,"x":0.45,"y":-1.7},{"duration":10,"tweenEasing":0},{"duration":20,"tweenEasing":0,"x":-0.53,"y":2.14},{"duration":30,"tweenEasing":0,"x":0.45,"y":-1.7},{"duration":0}],"rotateFrame":[{"duration":10,"tweenEasing":0},{"duration":20,"tweenEasing":0,"rotate":11.33},{"duration":30,"tweenEasing":0,"rotate":-8.56},{"duration":10,"tweenEasing":0},{"duration":20,"tweenEasing":0,"rotate":11.33},{"duration":30,"tweenEasing":0,"rotate":-8.56},{"duration":0}]},{"name":"bone22","translateFrame":[{"duration":10,"tweenEasing":0},{"duration":30,"tweenEasing":0,"x":-1.54,"y":-1.14},{"duration":20,"tweenEasing":0,"x":-4.06,"y":-9.43},{"duration":10,"tweenEasing":0},{"duration":30,"tweenEasing":0,"x":-1.54,"y":-1.14},{"duration":20,"tweenEasing":0,"x":-4.06,"y":-9.43},{"duration":0}],"rotateFrame":[{"duration":10,"tweenEasing":0},{"duration":30,"tweenEasing":0},{"duration":20,"tweenEasing":0,"rotate":-24.4},{"duration":10,"tweenEasing":0},{"duration":30,"tweenEasing":0},{"duration":20,"tweenEasing":0,"rotate":-24.4},{"duration":0}]},{"name":"bone23","translateFrame":[{"duration":10,"tweenEasing":0},{"duration":30,"tweenEasing":0},{"duration":20,"tweenEasing":0,"x":-0.73,"y":-4},{"duration":10,"tweenEasing":0},{"duration":30,"tweenEasing":0},{"duration":20,"tweenEasing":0,"x":-0.73,"y":-4},{"duration":0}],"rotateFrame":[{"duration":10,"tweenEasing":0},{"duration":30,"tweenEasing":0,"rotate":-10.78},{"duration":20,"tweenEasing":0,"rotate":-3.15},{"duration":10,"tweenEasing":0},{"duration":30,"tweenEasing":0,"rotate":-10.78},{"duration":20,"tweenEasing":0,"rotate":-3.15},{"duration":0}]},{"name":"klpkclothF2","rotateFrame":[{"duration":10,"tweenEasing":0},{"duration":20,"tweenEasing":0,"rotate":5.68},{"duration":30,"tweenEasing":0,"rotate":-17.05},{"duration":10,"tweenEasing":0},{"duration":20,"tweenEasing":0,"rotate":5.68},{"duration":30,"tweenEasing":0,"rotate":-17.05},{"duration":0}]},{"name":"bone24","translateFrame":[{"duration":10,"tweenEasing":0},{"duration":30,"tweenEasing":0},{"duration":20,"tweenEasing":0,"x":-4.15,"y":-6.35},{"duration":10,"tweenEasing":0},{"duration":30,"tweenEasing":0},{"duration":20,"tweenEasing":0,"x":-4.15,"y":-6.35},{"duration":0}],"rotateFrame":[{"duration":10,"tweenEasing":0},{"duration":30,"tweenEasing":0,"rotate":5.67},{"duration":20,"tweenEasing":0,"rotate":10.91},{"duration":10,"tweenEasing":0},{"duration":30,"tweenEasing":0,"rotate":5.67},{"duration":20,"tweenEasing":0,"rotate":10.91},{"duration":0}]},{"name":"bone25","translateFrame":[{"duration":10,"tweenEasing":0},{"duration":30,"tweenEasing":0,"x":-2.66,"y":0.67},{"duration":20,"tweenEasing":0,"x":-3.87,"y":-6.47},{"duration":10,"tweenEasing":0},{"duration":30,"tweenEasing":0,"x":-2.66,"y":0.67},{"duration":20,"tweenEasing":0,"x":-3.87,"y":-6.47},{"duration":0}],"rotateFrame":[{"duration":10,"tweenEasing":0},{"duration":30,"tweenEasing":0,"rotate":2.72},{"duration":20,"tweenEasing":0,"rotate":-18.18},{"duration":10,"tweenEasing":0},{"duration":30,"tweenEasing":0,"rotate":2.72},{"duration":20,"tweenEasing":0,"rotate":-18.18},{"duration":0}]},{"name":"bone26","translateFrame":[{"duration":10,"tweenEasing":0},{"duration":30,"tweenEasing":0,"x":-2.81,"y":1.31},{"duration":20,"tweenEasing":0,"x":-3.36,"y":-0.35},{"duration":10,"tweenEasing":0},{"duration":30,"tweenEasing":0,"x":-2.81,"y":1.31},{"duration":20,"tweenEasing":0,"x":-1.86,"y":6.06},{"duration":0}],"rotateFrame":[{"duration":10,"tweenEasing":0},{"duration":30,"tweenEasing":0,"rotate":18.02},{"duration":20,"tweenEasing":0,"rotate":30.5},{"duration":10,"tweenEasing":0},{"duration":30,"tweenEasing":0,"rotate":18.02},{"duration":20,"tweenEasing":0,"rotate":30.5},{"duration":0}]},{"name":"klpkclothF3","rotateFrame":[{"duration":10,"tweenEasing":0},{"duration":20,"tweenEasing":0,"rotate":3.01},{"duration":30,"tweenEasing":0,"rotate":-5.7},{"duration":10,"tweenEasing":0},{"duration":20,"tweenEasing":0,"rotate":3.01},{"duration":30,"tweenEasing":0,"rotate":-5.7},{"duration":0}],"scaleFrame":[{"duration":10,"tweenEasing":0},{"duration":20,"tweenEasing":0},{"duration":30,"tweenEasing":0,"x":0.95},{"duration":10,"tweenEasing":0},{"duration":20,"tweenEasing":0},{"duration":30,"tweenEasing":0,"x":0.95},{"duration":0}]},{"name":"bone27","translateFrame":[{"duration":10,"tweenEasing":0},{"duration":30,"tweenEasing":0,"x":-1.51,"y":-0.91},{"duration":20,"tweenEasing":0,"x":-6.07,"y":-3.67},{"duration":10,"tweenEasing":0},{"duration":30,"tweenEasing":0,"x":-1.51,"y":-0.91},{"duration":20,"tweenEasing":0,"x":-6.07,"y":-3.67},{"duration":0}],"rotateFrame":[{"duration":10,"tweenEasing":0},{"duration":30,"tweenEasing":0,"rotate":9.16},{"duration":20,"tweenEasing":0,"rotate":-24.11},{"duration":10,"tweenEasing":0},{"duration":30,"tweenEasing":0,"rotate":9.16},{"duration":20,"tweenEasing":0,"rotate":-24.11},{"duration":0}]},{"name":"bone28","translateFrame":[{"duration":10,"tweenEasing":0},{"duration":30,"tweenEasing":0},{"duration":20,"tweenEasing":0,"x":-1.27,"y":-7.3},{"duration":10,"tweenEasing":0},{"duration":30,"tweenEasing":0},{"duration":20,"tweenEasing":0,"x":-1.27,"y":-7.3},{"duration":0}],"rotateFrame":[{"duration":10,"tweenEasing":0},{"duration":30,"tweenEasing":0,"rotate":3.08},{"duration":20,"tweenEasing":0,"rotate":25.31},{"duration":10,"tweenEasing":0},{"duration":30,"tweenEasing":0,"rotate":3.08},{"duration":20,"tweenEasing":0,"rotate":25.31},{"duration":0}]},{"name":"bone29","rotateFrame":[{"duration":10,"tweenEasing":0},{"duration":50,"tweenEasing":0,"rotate":-10.18},{"duration":60}]},{"name":"righthand","translateFrame":[{"duration":70,"tweenEasing":0,"x":-8.26,"y":23.75},{"duration":50,"tweenEasing":0,"x":2.34,"y":16.16},{"duration":0,"x":-8.26,"y":23.75}]},{"name":"klpkhangR","translateFrame":[{"duration":60,"tweenEasing":0},{"duration":10,"tweenEasing":0},{"duration":50,"tweenEasing":0,"x":2.66,"y":2.79},{"duration":0}],"rotateFrame":[{"duration":60,"tweenEasing":0},{"duration":10,"tweenEasing":0,"rotate":1.69},{"duration":50,"tweenEasing":0,"rotate":1.69},{"duration":0}]},{"name":"bone31","translateFrame":[{"duration":70,"tweenEasing":0},{"duration":50,"tweenEasing":0,"x":-5.99,"y":3.85},{"duration":0}],"rotateFrame":[{"duration":70,"tweenEasing":0},{"duration":50,"tweenEasing":0,"rotate":-5.78},{"duration":0}],"scaleFrame":[{"duration":70,"tweenEasing":0},{"duration":50,"tweenEasing":0,"x":1.07,"y":1.1},{"duration":0}]},{"name":"klpkfinger5","translateFrame":[{"duration":70,"tweenEasing":0},{"duration":50,"tweenEasing":0,"x":0.77,"y":-1.6},{"duration":0}],"rotateFrame":[{"duration":70,"tweenEasing":0},{"duration":50,"tweenEasing":0,"rotate":10.07},{"duration":0}],"scaleFrame":[{"duration":70,"tweenEasing":0},{"duration":50,"tweenEasing":0,"x":0.93},{"duration":0}]},{"name":"bone32","scaleFrame":[{"duration":70,"tweenEasing":0},{"duration":50,"tweenEasing":0,"x":0.78},{"duration":0}]},{"name":"klpkfinger4","rotateFrame":[{"duration":70,"tweenEasing":0},{"duration":50,"tweenEasing":0,"rotate":7.43},{"duration":0}],"scaleFrame":[{"duration":70,"tweenEasing":0},{"duration":50,"tweenEasing":0,"x":0.79},{"duration":0}]},{"name":"bone33","scaleFrame":[{"duration":70,"tweenEasing":0},{"duration":50,"tweenEasing":0,"x":0.9,"y":1.14},{"duration":0}]},{"name":"klpkfinger1","rotateFrame":[{"duration":70,"tweenEasing":0},{"duration":50,"tweenEasing":0,"rotate":9.64},{"duration":0}],"scaleFrame":[{"duration":70,"tweenEasing":0},{"duration":50,"tweenEasing":0,"x":0.93},{"duration":0}]},{"name":"bone34","rotateFrame":[{"duration":70,"tweenEasing":0},{"duration":50,"tweenEasing":0,"rotate":-9.6},{"duration":0}]},{"name":"klpkfinger2","scaleFrame":[{"duration":70,"tweenEasing":0},{"duration":50,"tweenEasing":0,"x":0.9},{"duration":0}]},{"name":"bone35","rotateFrame":[{"duration":70,"tweenEasing":0},{"duration":50,"tweenEasing":0,"rotate":-17.31},{"duration":0}]},{"name":"bone36","rotateFrame":[{"duration":70,"tweenEasing":0},{"duration":50,"tweenEasing":0,"rotate":-7.24},{"duration":0}]},{"name":"klpkfinger3","rotateFrame":[{"duration":70,"tweenEasing":0},{"duration":50,"tweenEasing":0,"rotate":-6.01},{"duration":0}]},{"name":"bone37","rotateFrame":[{"duration":70,"tweenEasing":0},{"duration":50,"tweenEasing":0,"rotate":-19.48},{"duration":0}]},{"name":"bone38","rotateFrame":[{"duration":70,"tweenEasing":0},{"duration":50,"tweenEasing":0,"rotate":-11.32},{"duration":0}]},{"name":"lefthand","translateFrame":[{"duration":70,"tweenEasing":0},{"duration":50,"tweenEasing":0,"x":-20.89,"y":7.17},{"duration":0}]},{"name":"klpkarmL2","scaleFrame":[{"duration":70,"tweenEasing":0},{"duration":50,"tweenEasing":0,"x":0.82,"y":0.82},{"duration":0}]},{"name":"bone40","scaleFrame":[{"duration":70,"tweenEasing":0},{"duration":50,"tweenEasing":0,"x":0.79},{"duration":0}]},{"name":"klpkarmL3","translateFrame":[{"duration":70,"tweenEasing":0},{"duration":50,"tweenEasing":0,"x":2.84,"y":-5.13},{"duration":0}],"rotateFrame":[{"duration":70,"tweenEasing":0},{"duration":50,"tweenEasing":0,"rotate":-9.95},{"duration":0}]},{"name":"chain1","rotateFrame":[{"duration":10,"tweenEasing":0},{"duration":50,"tweenEasing":0,"rotate":2.38},{"duration":60,"tweenEasing":0,"rotate":15.99},{"duration":0}],"scaleFrame":[{"duration":120,"x":1.23}]},{"name":"bone41","rotateFrame":[{"duration":20,"tweenEasing":0},{"duration":60,"tweenEasing":0,"rotate":-9.96},{"duration":40,"tweenEasing":0,"rotate":0.04},{"duration":0}]},{"name":"bone42","rotateFrame":[{"duration":10,"tweenEasing":0},{"duration":50,"tweenEasing":0,"rotate":-10.47},{"duration":20,"tweenEasing":0,"rotate":-8.46},{"duration":40,"tweenEasing":0,"rotate":11.33},{"duration":0}]},{"name":"bone44","rotateFrame":[{"duration":60,"tweenEasing":0},{"duration":20,"tweenEasing":0,"rotate":-4.17},{"duration":40,"tweenEasing":0,"rotate":6.81},{"duration":0}]},{"name":"bone45","rotateFrame":[{"duration":60,"tweenEasing":0},{"duration":20,"tweenEasing":0,"rotate":5.39},{"duration":40,"tweenEasing":0,"rotate":15.84},{"duration":0}]},{"name":"klpkhair5","rotateFrame":[{"duration":10,"tweenEasing":0},{"duration":20,"tweenEasing":0,"rotate":3.86},{"duration":30,"tweenEasing":0,"rotate":-5.1},{"duration":10,"tweenEasing":0},{"duration":20,"tweenEasing":0,"rotate":3.86},{"duration":30,"tweenEasing":0,"rotate":-5.1},{"duration":0}]},{"name":"bone47","translateFrame":[{"duration":40,"tweenEasing":0},{"duration":20,"tweenEasing":0,"x":-1.01,"y":-1.31},{"duration":40,"tweenEasing":0},{"duration":20,"tweenEasing":0,"x":-1.01,"y":-1.31},{"duration":0}],"rotateFrame":[{"duration":40,"tweenEasing":0},{"duration":20,"tweenEasing":0,"rotate":-3.41},{"duration":40,"tweenEasing":0},{"duration":20,"tweenEasing":0,"rotate":-3.41},{"duration":0}]},{"name":"klpkhair6","rotateFrame":[{"duration":10,"tweenEasing":0},{"duration":20,"tweenEasing":0,"rotate":1.8},{"duration":10,"tweenEasing":0,"rotate":-3.02},{"duration":20,"tweenEasing":0,"rotate":-1.62},{"duration":10,"tweenEasing":0},{"duration":20,"tweenEasing":0,"rotate":1.8},{"duration":10,"tweenEasing":0,"rotate":-3.02},{"duration":20,"tweenEasing":0,"rotate":-1.62},{"duration":0}]},{"name":"klpkhair7","rotateFrame":[{"duration":10,"tweenEasing":0},{"duration":20,"tweenEasing":0,"rotate":2.99},{"duration":30,"tweenEasing":0,"rotate":-3.63},{"duration":10,"tweenEasing":0},{"duration":20,"tweenEasing":0,"rotate":2.99},{"duration":30,"tweenEasing":0,"rotate":-3.63},{"duration":0}]},{"name":"bone48","translateFrame":[{"duration":10,"tweenEasing":0},{"duration":30,"tweenEasing":0},{"duration":20,"tweenEasing":0,"x":-1.08,"y":-1.25},{"duration":10,"tweenEasing":0},{"duration":30,"tweenEasing":0},{"duration":20,"tweenEasing":0,"x":-1.08,"y":-1.25},{"duration":0}],"rotateFrame":[{"duration":10,"tweenEasing":0},{"duration":30,"tweenEasing":0,"rotate":9.65},{"duration":20,"tweenEasing":0,"rotate":-3.41},{"duration":10,"tweenEasing":0},{"duration":30,"tweenEasing":0,"rotate":9.65},{"duration":20,"tweenEasing":0,"rotate":-3.41},{"duration":0}]},{"name":"bone49","rotateFrame":[{"duration":40,"tweenEasing":0},{"duration":20,"tweenEasing":0,"rotate":-3.62},{"duration":40,"tweenEasing":0},{"duration":20,"tweenEasing":0,"rotate":-3.62},{"duration":0}]},{"name":"bone50","translateFrame":[{"duration":10,"tweenEasing":0},{"duration":30},{"duration":60,"x":-0.18,"y":-1.18},{"duration":20,"tweenEasing":0,"x":-0.18,"y":-1.18},{"duration":0}],"rotateFrame":[{"duration":120,"rotate":12.12}]},{"name":"bone51","rotateFrame":[{"duration":10,"rotate":12.24},{"duration":30,"tweenEasing":0,"rotate":12.24},{"duration":20,"tweenEasing":0,"rotate":-13.22},{"duration":10,"tweenEasing":0,"rotate":3.75},{"duration":30,"tweenEasing":0,"rotate":12.24},{"duration":20,"tweenEasing":0,"rotate":-13.22},{"duration":0,"rotate":12.24}]},{"name":"klpkhair3","rotateFrame":[{"duration":10,"tweenEasing":0},{"duration":50,"tweenEasing":0,"rotate":2.24},{"duration":10,"tweenEasing":0},{"duration":50,"tweenEasing":0,"rotate":2.24},{"duration":0}]},{"name":"bone52","rotateFrame":[{"duration":30,"tweenEasing":0},{"duration":10,"tweenEasing":0,"rotate":-6.29},{"duration":20,"tweenEasing":0,"rotate":-6.91},{"duration":30,"tweenEasing":0},{"duration":10,"tweenEasing":0,"rotate":-6.29},{"duration":20,"tweenEasing":0,"rotate":-6.91},{"duration":0}]},{"name":"bone54","translateFrame":[{"duration":40,"tweenEasing":0},{"duration":20,"tweenEasing":0,"x":-1.27,"y":-1.25},{"duration":40,"tweenEasing":0},{"duration":20,"tweenEasing":0,"x":-1.27,"y":-1.25},{"duration":0}],"rotateFrame":[{"duration":40,"tweenEasing":0},{"duration":20,"tweenEasing":0,"rotate":-3.87},{"duration":40,"tweenEasing":0},{"duration":20,"tweenEasing":0,"rotate":-3.87},{"duration":0}]},{"name":"klpkhair4","rotateFrame":[{"duration":10,"tweenEasing":0},{"duration":20,"tweenEasing":0,"rotate":0.76},{"duration":30,"tweenEasing":0,"rotate":-9.66},{"duration":10,"tweenEasing":0},{"duration":20,"tweenEasing":0,"rotate":0.76},{"duration":30,"tweenEasing":0,"rotate":-9.66},{"duration":0}]},{"name":"bone55","translateFrame":[{"duration":40,"tweenEasing":0},{"duration":20,"tweenEasing":0,"x":0.31,"y":-2.5},{"duration":40,"tweenEasing":0},{"duration":20,"tweenEasing":0,"x":0.31,"y":-2.5},{"duration":0}],"rotateFrame":[{"duration":40,"tweenEasing":0},{"duration":20,"tweenEasing":0,"rotate":-5.43},{"duration":40,"tweenEasing":0},{"duration":20,"tweenEasing":0,"rotate":-5.43},{"duration":0}]},{"name":"bone56","rotateFrame":[{"duration":40,"tweenEasing":0},{"duration":20,"tweenEasing":0,"rotate":1.11},{"duration":40,"tweenEasing":0},{"duration":20,"tweenEasing":0,"rotate":1.11},{"duration":0}]},{"name":"klpkhair8","rotateFrame":[{"duration":10,"tweenEasing":0},{"duration":20,"tweenEasing":0,"rotate":5.14},{"duration":30,"tweenEasing":0,"rotate":-2.61},{"duration":10,"tweenEasing":0},{"duration":20,"tweenEasing":0,"rotate":5.14},{"duration":30,"tweenEasing":0,"rotate":-2.61},{"duration":0}]},{"name":"bone57","translateFrame":[{"duration":40,"tweenEasing":0},{"duration":20,"tweenEasing":0,"x":0.04,"y":-2.01},{"duration":40,"tweenEasing":0},{"duration":20,"tweenEasing":0,"x":0.04,"y":-2.01},{"duration":0}]},{"name":"klpkhair1","rotateFrame":[{"duration":10,"tweenEasing":0},{"duration":20,"tweenEasing":0,"rotate":3.67},{"duration":30,"tweenEasing":0,"rotate":-0.63},{"duration":10,"tweenEasing":0},{"duration":20,"tweenEasing":0,"rotate":3.67},{"duration":30,"tweenEasing":0,"rotate":-0.63},{"duration":0}]},{"name":"bone58","translateFrame":[{"duration":30,"tweenEasing":0},{"duration":30,"tweenEasing":0,"x":-2.31,"y":-1.29},{"duration":30,"tweenEasing":0},{"duration":30,"tweenEasing":0,"x":-2.31,"y":-1.29},{"duration":0}],"rotateFrame":[{"duration":30,"tweenEasing":0},{"duration":30,"tweenEasing":0,"rotate":-4.01},{"duration":30,"tweenEasing":0},{"duration":30,"tweenEasing":0,"rotate":-4.01},{"duration":0}]},{"name":"bone59","translateFrame":[{"duration":40,"tweenEasing":0},{"duration":20,"tweenEasing":0,"x":-1.09,"y":-2.05},{"duration":40,"tweenEasing":0},{"duration":20,"tweenEasing":0,"x":-1.09,"y":-2.05},{"duration":0}]},{"name":"klpkhair2","translateFrame":[{"duration":30,"tweenEasing":0},{"duration":30,"tweenEasing":0,"x":-3.18,"y":-1.78},{"duration":30,"tweenEasing":0},{"duration":30,"tweenEasing":0,"x":-3.18,"y":-1.78},{"duration":0}],"rotateFrame":[{"duration":30,"tweenEasing":0},{"duration":30,"tweenEasing":0,"rotate":-10.51},{"duration":30,"tweenEasing":0},{"duration":30,"tweenEasing":0,"rotate":-10.51},{"duration":0}]},{"name":"bone61","translateFrame":[{"duration":40,"tweenEasing":0},{"duration":20,"tweenEasing":0,"x":-0.3,"y":-0.35},{"duration":40,"tweenEasing":0},{"duration":20,"tweenEasing":0,"x":-0.3,"y":-0.35},{"duration":0}]},{"name":"klpkhair9","rotateFrame":[{"duration":10,"tweenEasing":0},{"duration":20,"tweenEasing":0,"rotate":2.85},{"duration":30,"tweenEasing":0,"rotate":-3.77},{"duration":10,"tweenEasing":0},{"duration":20,"tweenEasing":0,"rotate":2.85},{"duration":30,"tweenEasing":0,"rotate":-3.77},{"duration":0}]},{"name":"bone62","translateFrame":[{"duration":40,"tweenEasing":0},{"duration":20,"tweenEasing":0,"x":-1.19,"y":0.04},{"duration":40,"tweenEasing":0},{"duration":20,"tweenEasing":0,"x":-1.19,"y":0.04},{"duration":0}]},{"name":"klpkhair10","rotateFrame":[{"duration":10,"tweenEasing":0},{"duration":20,"tweenEasing":0,"rotate":0.26},{"duration":30,"tweenEasing":0,"rotate":-1.54},{"duration":10,"tweenEasing":0},{"duration":20,"tweenEasing":0,"rotate":0.26},{"duration":30,"tweenEasing":0,"rotate":-1.54},{"duration":0}]},{"name":"bone64","rotateFrame":[{"duration":10,"tweenEasing":0},{"duration":20,"tweenEasing":0,"rotate":1.76},{"duration":30,"tweenEasing":0,"rotate":-1.1},{"duration":10,"tweenEasing":0},{"duration":20,"tweenEasing":0,"rotate":-3.17},{"duration":30,"tweenEasing":0,"rotate":-1.1},{"duration":0}]},{"name":"bone65","rotateFrame":[{"duration":40,"tweenEasing":0},{"duration":20,"tweenEasing":0,"rotate":-3.33},{"duration":10,"tweenEasing":0},{"duration":30,"tweenEasing":0,"rotate":7.22},{"duration":20,"tweenEasing":0,"rotate":-3.33},{"duration":0}]},{"name":"bone66","translateFrame":[{"duration":40,"tweenEasing":0},{"duration":20,"tweenEasing":0,"x":-0.47,"y":-3.23},{"duration":40,"tweenEasing":0},{"duration":20,"tweenEasing":0,"x":-0.47,"y":-3.23},{"duration":0}]},{"name":"klpkhair11","translateFrame":[{"duration":40,"tweenEasing":0},{"duration":20,"tweenEasing":0,"x":-0.23,"y":-0.4},{"duration":40,"tweenEasing":0},{"duration":20,"tweenEasing":0,"x":-0.23,"y":-0.4},{"duration":0}],"rotateFrame":[{"duration":40,"tweenEasing":0},{"duration":20,"tweenEasing":0,"rotate":-4.27},{"duration":40,"tweenEasing":0},{"duration":20,"tweenEasing":0,"rotate":-4.27},{"duration":0}]}],"ffd":[{"name":"klpkarmR","slot":"klpkarmR","frame":[{"duration":70,"tweenEasing":0},{"duration":50,"tweenEasing":0,"offset":4,"vertices":[-4.72,4.05,-4.72,4.05,-1.46,3.2,-6.97,0.56,0,0,0,0,0,0,0,0,-3.69,13.49,2.76,16.38,2.76,16.38,-3.72,4.35,0.51,-0.31,0,0,-1.97,5.04,6.95,7.15,12.4,-1.53,6.11,-5.43,1.18,8.93,6.88,-0.84,6.81,-0.62,0,0,-4.05,1.92,-6.1,3.63,-3.7,3.42]},{"duration":0}]},{"name":"klpkbelt","slot":"klpkbelt","frame":[{"duration":60,"tweenEasing":0},{"duration":60,"tweenEasing":0,"offset":8,"vertices":[-1.4,0.19,-5.62,0.75,-5.92,1.14,-5.78,2.2,0,0,0,0,0,0,-5.78,2.2,-5.92,1.14,-5.62,0.75,-1.4,0.19]},{"duration":0}]},{"name":"klpkbody","slot":"klpkbody","frame":[{"duration":60,"tweenEasing":0},{"duration":60,"tweenEasing":0,"offset":2,"vertices":[0.09,-3.63,0.09,-3.63,0,0,0,0,0,0,0,0,0,0,0,0,0,0,1.88,-4.12,1.88,-4.12,0,0,0,0,0,0,0,0,0,0,0,0,-4.8,-0.61,-4.82,-0.34,0,0,0,0,-3.07,4.09,0,0,0,0,0.09,-3.63,0,0,0,0,-3.03,2.31,-7.21,2.81,0,0,0,0,-7.21,2.81,-3.03,2.31]},{"duration":0}]},{"name":"klpkclothB","slot":"klpkclothB","frame":[{"duration":120,"offset":10,"vertices":[3.26,0.02,6.91,-9.41,10.36,-10.69,8.83,-10.2,3.81,-1.21,3.41,-17.2,4.79,-14.45,2.5,-9.02,1.89,-5.13]}]},{"name":"klpkhead","slot":"klpkhead","frame":[{"duration":60,"tweenEasing":0},{"duration":60,"tweenEasing":0,"offset":8,"vertices":[-1.66,-0.71,0,0,3.54,-2.07,3.54,-2.07,0,0,0,0,0,0,0,0,0,0,0,0,0,0,0,0,0,0,0,0,0,0,0,0,0,0,0,0,0,0,0,0,0,0,0.26,3.32,0.26,3.32,0.26,3.32,0.78,3.31,1.11,2.13,0.05,1.66,0.26,3.32,0.48,3.92,0.48,3.92,-0.18,1.92,-0.18,1.92,-0.34,3.34,-0.34,3.34,-1.17,2.36,-1.54,3.57,-2.96,3.01,-2.78,2.21,-0.14,3.33,0.5,4.71,-1.88,5.38,0.58,2.15,0.58,2.15,0.66,1.32,2.04,2.71,1.82,2.11,1.81,1.61,0.26,3.32,0.26,3.32,0.26,3.32,0.26,3.32,1.1,4.71,1.1,4.71,0.26,3.32,1.1,4.71,2.89,4.35,1.1,4.71,1.1,4.71,-0.13,3.94,-0.06,6.15]},{"duration":0}]}]}],"defaultActions":[{"gotoAndPlay":"animation"}]}]}