{"frameRate":60,"isGlobal":0,"armature":[{"bone":[{"inheritScale":false,"name":"000_fuji","transform":{}},{"inheritScale":false,"transform":{},"name":"001_lv_shugan","parent":"000_fuji"},{"inheritScale":false,"transform":{},"name":"003_huang_shugan","parent":"000_fuji"},{"inheritScale":false,"transform":{},"name":"004_zi_shugan","parent":"000_fuji"},{"inheritScale":false,"transform":{},"name":"002_lan_shugan","parent":"000_fuji"},{"inheritScale":false,"transform":{},"name":"003_huang_shuguan","parent":"003_huang_shugan"},{"inheritScale":false,"transform":{},"name":"004_zi_shuguan","parent":"004_zi_shugan"},{"inheritScale":false,"transform":{},"name":"002_lan_shuguan","parent":"002_lan_shugan"},{"inheritScale":false,"transform":{},"name":"001_lv_shuguan","parent":"001_lv_shugan"},{"inheritScale":false,"transform":{},"name":"002_lan_shuye1","parent":"002_lan_shuguan"},{"inheritScale":false,"transform":{},"name":"001_lv_shuye3","parent":"001_lv_shuguan"},{"inheritScale":false,"transform":{},"name":"001_lv_shuye2","parent":"001_lv_shuguan"},{"inheritScale":false,"transform":{},"name":"002_lan_shuye2","parent":"002_lan_shuguan"},{"inheritScale":false,"transform":{},"name":"002_lan_shuye3","parent":"002_lan_shuguan"},{"inheritScale":false,"transform":{},"name":"003_huang_shuye1","parent":"003_huang_shuguan"},{"inheritScale":false,"transform":{},"name":"004_zi_guozi1","parent":"004_zi_shuguan"},{"inheritScale":false,"transform":{},"name":"004_zi_shuye1","parent":"004_zi_shuguan"},{"inheritScale":false,"transform":{},"name":"004_zi_faguang1","parent":"004_zi_shuguan"},{"inheritScale":false,"transform":{},"name":"004_zi_guozi3","parent":"004_zi_shuguan"},{"inheritScale":false,"transform":{},"name":"001_lv_shuye1","parent":"001_lv_shuguan"},{"inheritScale":false,"transform":{},"name":"003_huang_shuye2","parent":"003_huang_shuguan"},{"inheritScale":false,"transform":{},"name":"003_huang_shuye3","parent":"003_huang_shuguan"},{"inheritScale":false,"transform":{},"name":"004_zi_shuye3","parent":"004_zi_shuguan"},{"inheritScale":false,"transform":{},"name":"004_zi_guozi2","parent":"004_zi_shuguan"},{"inheritScale":false,"transform":{},"name":"004_zi_shuye2","parent":"004_zi_shuguan"},{"inheritScale":false,"transform":{},"name":"003_huang_guozi1","parent":"003_huang_shuye1"},{"inheritScale":false,"transform":{},"name":"001_lv_guozi2","parent":"001_lv_shuye2"},{"inheritScale":false,"transform":{},"name":"002_lan_guozi2","parent":"002_lan_shuye2"},{"inheritScale":false,"transform":{},"name":"002_lan_guozi3","parent":"002_lan_shuye3"},{"inheritScale":false,"transform":{},"name":"002_lan_guozi1","parent":"002_lan_shuye1"},{"inheritScale":false,"transform":{},"name":"001_lv_guozi1","parent":"001_lv_shuye1"},{"inheritScale":false,"transform":{},"name":"003_huang_guozi2","parent":"003_huang_shuye2"},{"inheritScale":false,"transform":{},"name":"003_huang_guozi3","parent":"003_huang_shuye3"},{"inheritScale":false,"transform":{},"name":"001_lv_guozi3","parent":"001_lv_shuye3"},{"inheritScale":false,"transform":{},"name":"004_zi_faguang2","parent":"004_zi_guozi1"}],"type":"Armature","frameRate":60,"animation":[{"playTimes":0,"bone":[{"frame":[{"tweenEasing":0,"transform":{"y":-22,"x":8.6667},"duration":60},{"tweenEasing":0,"transform":{"y":-22,"skX":-1,"skY":-1,"x":8.6667},"duration":60},{"transform":{"y":-22,"x":8.6667},"duration":0}],"name":"001_lv_shuye3"},{"frame":[{"tweenEasing":0,"transform":{"y":28.6667,"x":43.3333},"duration":60},{"tweenEasing":0,"transform":{"y":28.6667,"skX":-1,"skY":-1,"x":43.3333},"duration":60},{"transform":{"y":28.6667,"x":43.3333},"duration":0}],"name":"001_lv_shuye2"},{"frame":[{"tweenEasing":0,"transform":{"y":19.3333,"x":-47.3333},"duration":60},{"tweenEasing":0,"transform":{"y":19.3333,"skX":-1,"skY":-1,"x":-47.3333},"duration":60},{"transform":{"y":19.3333,"x":-47.3333},"duration":0}],"name":"001_lv_shuye1"},{"frame":[{"tweenEasing":0,"transform":{"y":-78,"x":5.3333},"duration":60},{"tweenEasing":0,"transform":{"y":-78,"skX":-1,"skY":-1,"x":5.3333},"duration":60},{"transform":{"y":-78,"x":5.3333},"duration":0}],"name":"001_lv_shuguan"},{"frame":[{"tweenEasing":0,"transform":{"y":-18.6667},"duration":120},{"transform":{"y":-18.6667},"duration":0}],"name":"001_lv_shugan"},{"frame":[{"tweenEasing":0,"transform":{},"duration":120},{"transform":{},"duration":0}],"name":"000_fuji"},{"frame":[{"transform":{},"duration":120}],"name":"003_huang_shugan"},{"frame":[{"transform":{},"duration":120}],"name":"004_zi_shugan"},{"frame":[{"transform":{},"duration":120}],"name":"002_lan_shugan"},{"frame":[{"transform":{},"duration":120}],"name":"003_huang_shuguan"},{"frame":[{"transform":{},"duration":120}],"name":"004_zi_shuguan"},{"frame":[{"transform":{},"duration":120}],"name":"002_lan_shuguan"},{"frame":[{"transform":{},"duration":120}],"name":"002_lan_shuye3"},{"frame":[{"transform":{},"duration":120}],"name":"002_lan_shuye2"},{"frame":[{"transform":{},"duration":120}],"name":"002_lan_shuye1"},{"frame":[{"transform":{},"duration":120}],"name":"003_huang_shuye1"},{"frame":[{"transform":{},"duration":120}],"name":"004_zi_guozi1"},{"frame":[{"transform":{},"duration":120}],"name":"004_zi_shuye1"},{"frame":[{"transform":{},"duration":120}],"name":"004_zi_faguang1"},{"frame":[{"transform":{},"duration":120}],"name":"004_zi_guozi3"},{"frame":[{"transform":{},"duration":120}],"name":"003_huang_shuye2"},{"frame":[{"transform":{},"duration":120}],"name":"003_huang_shuye3"},{"frame":[{"transform":{},"duration":120}],"name":"004_zi_shuye3"},{"frame":[{"transform":{},"duration":120}],"name":"004_zi_guozi2"},{"frame":[{"transform":{},"duration":120}],"name":"004_zi_shuye2"},{"frame":[{"transform":{},"duration":120}],"name":"001_lv_guozi1"},{"frame":[{"transform":{},"duration":120}],"name":"001_lv_guozi2"},{"frame":[{"transform":{},"duration":120}],"name":"002_lan_guozi2"},{"frame":[{"transform":{},"duration":120}],"name":"002_lan_guozi3"},{"frame":[{"transform":{},"duration":120}],"name":"002_lan_guozi1"},{"frame":[{"transform":{},"duration":120}],"name":"003_huang_guozi1"},{"frame":[{"transform":{},"duration":120}],"name":"003_huang_guozi2"},{"frame":[{"transform":{},"duration":120}],"name":"003_huang_guozi3"},{"frame":[{"transform":{},"duration":120}],"name":"001_lv_guozi3"},{"frame":[{"transform":{},"duration":120}],"name":"004_zi_faguang2"}],"slot":[{"frame":[{"tweenEasing":0,"duration":60},{"tweenEasing":0,"duration":60},{"tweenEasing":null,"duration":0}],"name":"001_lv_shuye3"},{"frame":[{"tweenEasing":0,"duration":60},{"tweenEasing":0,"duration":60},{"tweenEasing":null,"duration":0}],"name":"001_lv_shuye2"},{"frame":[{"tweenEasing":0,"duration":60},{"tweenEasing":0,"duration":60},{"tweenEasing":null,"duration":0}],"name":"001_lv_shuye1"},{"frame":[{"tweenEasing":0,"duration":60},{"tweenEasing":0,"duration":60},{"tweenEasing":null,"duration":0}],"name":"001_lv_shuguan"},{"frame":[{"tweenEasing":0,"duration":120},{"tweenEasing":null,"duration":0}],"name":"001_lv_shugan"},{"frame":[{"displayIndex":-1,"tweenEasing":0,"duration":120},{"displayIndex":-1,"tweenEasing":null,"duration":0}],"name":"000_fuji"},{"frame":[{"displayIndex":-1,"tweenEasing":null,"duration":120}],"name":"001_lv_guozi1"},{"frame":[{"displayIndex":-1,"tweenEasing":null,"duration":120}],"name":"001_lv_guozi3"},{"frame":[{"displayIndex":-1,"tweenEasing":null,"duration":120}],"name":"001_lv_guozi2"},{"frame":[{"displayIndex":-1,"tweenEasing":null,"duration":120}],"name":"002_lan_shugan"},{"frame":[{"displayIndex":-1,"tweenEasing":null,"duration":120}],"name":"002_lan_shuguan"},{"frame":[{"displayIndex":-1,"tweenEasing":null,"duration":120}],"name":"002_lan_shuye1"},{"frame":[{"displayIndex":-1,"tweenEasing":null,"duration":120}],"name":"002_lan_shuye2"},{"frame":[{"displayIndex":-1,"tweenEasing":null,"duration":120}],"name":"002_lan_shuye3"},{"frame":[{"displayIndex":-1,"tweenEasing":null,"duration":120}],"name":"002_lan_guozi1"},{"frame":[{"displayIndex":-1,"tweenEasing":null,"duration":120}],"name":"002_lan_guozi2"},{"frame":[{"displayIndex":-1,"tweenEasing":null,"duration":120}],"name":"002_lan_guozi3"},{"frame":[{"displayIndex":-1,"tweenEasing":null,"duration":120}],"name":"003_huang_shugan"},{"frame":[{"displayIndex":-1,"tweenEasing":null,"duration":120}],"name":"003_huang_shuguan"},{"frame":[{"displayIndex":-1,"tweenEasing":null,"duration":120}],"name":"003_huang_shuye1"},{"frame":[{"displayIndex":-1,"tweenEasing":null,"duration":120}],"name":"003_huang_shuye2"},{"frame":[{"displayIndex":-1,"tweenEasing":null,"duration":120}],"name":"003_huang_shuye3"},{"frame":[{"displayIndex":-1,"tweenEasing":null,"duration":120}],"name":"003_huang_guozi1"},{"frame":[{"displayIndex":-1,"tweenEasing":null,"duration":120}],"name":"003_huang_guozi2"},{"frame":[{"displayIndex":-1,"tweenEasing":null,"duration":120}],"name":"003_huang_guozi3"},{"frame":[{"displayIndex":-1,"tweenEasing":null,"duration":120}],"name":"004_zi_shugan"},{"frame":[{"displayIndex":-1,"tweenEasing":null,"duration":120}],"name":"004_zi_shuye2"},{"frame":[{"displayIndex":-1,"tweenEasing":null,"duration":120}],"name":"004_zi_shuye3"},{"frame":[{"displayIndex":-1,"tweenEasing":null,"duration":120}],"name":"004_zi_guozi2"},{"frame":[{"displayIndex":-1,"tweenEasing":null,"duration":120}],"name":"004_zi_guozi3"},{"frame":[{"displayIndex":-1,"tweenEasing":null,"duration":120}],"name":"004_zi_shuguan"},{"frame":[{"displayIndex":-1,"tweenEasing":null,"duration":120}],"name":"004_zi_shuye1"},{"frame":[{"displayIndex":-1,"tweenEasing":null,"duration":120}],"name":"004_zi_guozi1"},{"frame":[{"displayIndex":-1,"tweenEasing":null,"duration":120}],"name":"004_zi_faguang1"},{"frame":[{"displayIndex":-1,"tweenEasing":null,"duration":120}],"name":"004_zi_faguang2"}],"ffd":[],"ik":[],"frame":[],"name":"000_lv_xiao","duration":120},{"playTimes":0,"bone":[{"frame":[{"tweenEasing":0,"transform":{"y":-6.0953,"x":14.6666},"duration":70},{"tweenEasing":0,"transform":{"y":-6.0953,"skX":1,"skY":1,"x":14.6666},"duration":50},{"transform":{"y":-6.0953,"x":14.6666},"duration":0}],"name":"001_lv_guozi2"},{"frame":[{"tweenEasing":0,"transform":{},"duration":70},{"tweenEasing":0,"transform":{"skX":1,"skY":1},"duration":50},{"transform":{},"duration":0}],"name":"001_lv_guozi3"},{"frame":[{"tweenEasing":0,"transform":{"y":-13.3333,"x":3.3333},"duration":70},{"tweenEasing":0,"transform":{"y":-13.3333,"skX":1,"skY":1,"x":3.3333},"duration":50},{"transform":{"y":-13.3333,"x":3.3333},"duration":0}],"name":"001_lv_guozi1"},{"frame":[{"tweenEasing":0,"transform":{"y":-22,"x":8.6667},"duration":60},{"tweenEasing":0,"transform":{"y":-22,"skX":-1,"skY":-1,"x":8.6667},"duration":60},{"transform":{"y":-22,"x":8.6667},"duration":0}],"name":"001_lv_shuye3"},{"frame":[{"tweenEasing":0,"transform":{"y":28.6667,"x":43.3333},"duration":60},{"tweenEasing":0,"transform":{"y":28.6667,"skX":-1,"skY":-1,"x":43.3333},"duration":60},{"transform":{"y":28.6667,"x":43.3333},"duration":0}],"name":"001_lv_shuye2"},{"frame":[{"tweenEasing":0,"transform":{"y":19.3333,"x":-47.3333},"duration":60},{"tweenEasing":0,"transform":{"y":19.3333,"skX":-1,"skY":-1,"x":-47.3333},"duration":60},{"transform":{"y":19.3333,"x":-47.3333},"duration":0}],"name":"001_lv_shuye1"},{"frame":[{"tweenEasing":0,"transform":{"y":-78,"x":5.3333},"duration":50},{"tweenEasing":0,"transform":{"y":-78,"skX":-1,"skY":-1,"x":5.3333},"duration":70},{"transform":{"y":-78,"x":5.3333},"duration":0}],"name":"001_lv_shuguan"},{"frame":[{"tweenEasing":0,"transform":{"y":-18.6667},"duration":120},{"transform":{"y":-18.6667},"duration":0}],"name":"001_lv_shugan"},{"frame":[{"tweenEasing":0,"transform":{},"duration":120},{"transform":{},"duration":0}],"name":"000_fuji"},{"frame":[{"transform":{},"duration":120}],"name":"003_huang_shugan"},{"frame":[{"transform":{},"duration":120}],"name":"004_zi_shugan"},{"frame":[{"transform":{},"duration":120}],"name":"002_lan_shugan"},{"frame":[{"transform":{},"duration":120}],"name":"003_huang_shuguan"},{"frame":[{"transform":{},"duration":120}],"name":"004_zi_shuguan"},{"frame":[{"transform":{},"duration":120}],"name":"002_lan_shuguan"},{"frame":[{"transform":{},"duration":120}],"name":"002_lan_shuye3"},{"frame":[{"transform":{},"duration":120}],"name":"002_lan_shuye2"},{"frame":[{"transform":{},"duration":120}],"name":"002_lan_shuye1"},{"frame":[{"transform":{},"duration":120}],"name":"003_huang_shuye1"},{"frame":[{"transform":{},"duration":120}],"name":"004_zi_guozi1"},{"frame":[{"transform":{},"duration":120}],"name":"004_zi_shuye1"},{"frame":[{"transform":{},"duration":120}],"name":"004_zi_faguang1"},{"frame":[{"transform":{},"duration":120}],"name":"004_zi_guozi3"},{"frame":[{"transform":{},"duration":120}],"name":"003_huang_shuye2"},{"frame":[{"transform":{},"duration":120}],"name":"003_huang_shuye3"},{"frame":[{"transform":{},"duration":120}],"name":"004_zi_shuye3"},{"frame":[{"transform":{},"duration":120}],"name":"004_zi_guozi2"},{"frame":[{"transform":{},"duration":120}],"name":"004_zi_shuye2"},{"frame":[{"transform":{},"duration":120}],"name":"002_lan_guozi2"},{"frame":[{"transform":{},"duration":120}],"name":"002_lan_guozi3"},{"frame":[{"transform":{},"duration":120}],"name":"002_lan_guozi1"},{"frame":[{"transform":{},"duration":120}],"name":"003_huang_guozi1"},{"frame":[{"transform":{},"duration":120}],"name":"003_huang_guozi2"},{"frame":[{"transform":{},"duration":120}],"name":"003_huang_guozi3"},{"frame":[{"transform":{},"duration":120}],"name":"004_zi_faguang2"}],"slot":[{"frame":[{"tweenEasing":0,"duration":70},{"tweenEasing":0,"duration":50},{"tweenEasing":null,"duration":0}],"name":"001_lv_guozi2"},{"frame":[{"tweenEasing":0,"duration":70},{"tweenEasing":0,"duration":50},{"tweenEasing":null,"duration":0}],"name":"001_lv_guozi3"},{"frame":[{"tweenEasing":0,"duration":70},{"tweenEasing":0,"duration":50},{"tweenEasing":null,"duration":0}],"name":"001_lv_guozi1"},{"frame":[{"tweenEasing":0,"duration":60},{"tweenEasing":0,"duration":60},{"tweenEasing":null,"duration":0}],"name":"001_lv_shuye3"},{"frame":[{"tweenEasing":0,"duration":60},{"tweenEasing":0,"duration":60},{"tweenEasing":null,"duration":0}],"name":"001_lv_shuye2"},{"frame":[{"tweenEasing":0,"duration":60},{"tweenEasing":0,"duration":60},{"tweenEasing":null,"duration":0}],"name":"001_lv_shuye1"},{"frame":[{"tweenEasing":0,"duration":50},{"tweenEasing":0,"duration":70},{"tweenEasing":null,"duration":0}],"name":"001_lv_shuguan"},{"frame":[{"tweenEasing":0,"duration":120},{"tweenEasing":null,"duration":0}],"name":"001_lv_shugan"},{"frame":[{"displayIndex":-1,"tweenEasing":0,"duration":120},{"displayIndex":-1,"tweenEasing":null,"duration":0}],"name":"000_fuji"},{"frame":[{"displayIndex":-1,"tweenEasing":null,"duration":120}],"name":"002_lan_shugan"},{"frame":[{"displayIndex":-1,"tweenEasing":null,"duration":120}],"name":"002_lan_shuguan"},{"frame":[{"displayIndex":-1,"tweenEasing":null,"duration":120}],"name":"002_lan_shuye1"},{"frame":[{"displayIndex":-1,"tweenEasing":null,"duration":120}],"name":"002_lan_shuye2"},{"frame":[{"displayIndex":-1,"tweenEasing":null,"duration":120}],"name":"002_lan_shuye3"},{"frame":[{"displayIndex":-1,"tweenEasing":null,"duration":120}],"name":"002_lan_guozi1"},{"frame":[{"displayIndex":-1,"tweenEasing":null,"duration":120}],"name":"002_lan_guozi2"},{"frame":[{"displayIndex":-1,"tweenEasing":null,"duration":120}],"name":"002_lan_guozi3"},{"frame":[{"displayIndex":-1,"tweenEasing":null,"duration":120}],"name":"003_huang_shugan"},{"frame":[{"displayIndex":-1,"tweenEasing":null,"duration":120}],"name":"003_huang_shuguan"},{"frame":[{"displayIndex":-1,"tweenEasing":null,"duration":120}],"name":"003_huang_shuye1"},{"frame":[{"displayIndex":-1,"tweenEasing":null,"duration":120}],"name":"003_huang_shuye2"},{"frame":[{"displayIndex":-1,"tweenEasing":null,"duration":120}],"name":"003_huang_shuye3"},{"frame":[{"displayIndex":-1,"tweenEasing":null,"duration":120}],"name":"003_huang_guozi1"},{"frame":[{"displayIndex":-1,"tweenEasing":null,"duration":120}],"name":"003_huang_guozi2"},{"frame":[{"displayIndex":-1,"tweenEasing":null,"duration":120}],"name":"003_huang_guozi3"},{"frame":[{"displayIndex":-1,"tweenEasing":null,"duration":120}],"name":"004_zi_shugan"},{"frame":[{"displayIndex":-1,"tweenEasing":null,"duration":120}],"name":"004_zi_shuye2"},{"frame":[{"displayIndex":-1,"tweenEasing":null,"duration":120}],"name":"004_zi_shuye3"},{"frame":[{"displayIndex":-1,"tweenEasing":null,"duration":120}],"name":"004_zi_guozi2"},{"frame":[{"displayIndex":-1,"tweenEasing":null,"duration":120}],"name":"004_zi_guozi3"},{"frame":[{"displayIndex":-1,"tweenEasing":null,"duration":120}],"name":"004_zi_shuguan"},{"frame":[{"displayIndex":-1,"tweenEasing":null,"duration":120}],"name":"004_zi_shuye1"},{"frame":[{"displayIndex":-1,"tweenEasing":null,"duration":120}],"name":"004_zi_guozi1"},{"frame":[{"displayIndex":-1,"tweenEasing":null,"duration":120}],"name":"004_zi_faguang1"},{"frame":[{"displayIndex":-1,"tweenEasing":null,"duration":120}],"name":"004_zi_faguang2"}],"ffd":[],"ik":[],"frame":[],"name":"001_lv_xiao_guozi","duration":120},{"playTimes":0,"bone":[{"frame":[{"tweenEasing":0,"transform":{"y":-22.1429,"x":7.1429},"duration":60},{"tweenEasing":0,"transform":{"y":-22.1429,"skX":-1,"skY":-1,"x":7.1429},"duration":60},{"transform":{"y":-22.1429,"x":7.1429},"duration":0}],"name":"002_lan_shuye3"},{"frame":[{"tweenEasing":0,"transform":{"y":27.1429,"x":40.7143},"duration":60},{"tweenEasing":0,"transform":{"y":27.1429,"skX":-1,"skY":-1,"x":40.7143},"duration":60},{"transform":{"y":27.1429,"x":40.7143},"duration":0}],"name":"002_lan_shuye2"},{"frame":[{"tweenEasing":0,"transform":{"y":20,"x":-46.4286},"duration":60},{"tweenEasing":0,"transform":{"y":20,"skX":-1,"skY":-1,"x":-46.4286},"duration":60},{"transform":{"y":20,"x":-46.4286},"duration":0}],"name":"002_lan_shuye1"},{"frame":[{"tweenEasing":0,"transform":{"y":-78.3333,"x":6.6667},"duration":60},{"tweenEasing":0,"transform":{"y":-78.3333,"skX":-1,"skY":-1,"x":6.6667},"duration":60},{"transform":{"y":-78.3333,"x":6.6667},"duration":0}],"name":"002_lan_shuguan"},{"frame":[{"tweenEasing":0,"transform":{"y":-18},"duration":120},{"transform":{"y":-18},"duration":0}],"name":"002_lan_shugan"},{"frame":[{"transform":{},"duration":120}],"name":"000_fuji"},{"frame":[{"transform":{},"duration":120}],"name":"001_lv_shugan"},{"frame":[{"transform":{},"duration":120}],"name":"003_huang_shugan"},{"frame":[{"transform":{},"duration":120}],"name":"004_zi_shugan"},{"frame":[{"transform":{},"duration":120}],"name":"003_huang_shuguan"},{"frame":[{"transform":{},"duration":120}],"name":"004_zi_shuguan"},{"frame":[{"transform":{},"duration":120}],"name":"001_lv_shuguan"},{"frame":[{"transform":{},"duration":120}],"name":"001_lv_shuye3"},{"frame":[{"transform":{},"duration":120}],"name":"001_lv_shuye2"},{"frame":[{"transform":{},"duration":120}],"name":"003_huang_shuye1"},{"frame":[{"transform":{},"duration":120}],"name":"004_zi_guozi1"},{"frame":[{"transform":{},"duration":120}],"name":"004_zi_shuye1"},{"frame":[{"transform":{},"duration":120}],"name":"004_zi_faguang1"},{"frame":[{"transform":{},"duration":120}],"name":"004_zi_guozi3"},{"frame":[{"transform":{},"duration":120}],"name":"001_lv_shuye1"},{"frame":[{"transform":{},"duration":120}],"name":"003_huang_shuye2"},{"frame":[{"transform":{},"duration":120}],"name":"003_huang_shuye3"},{"frame":[{"transform":{},"duration":120}],"name":"004_zi_shuye3"},{"frame":[{"transform":{},"duration":120}],"name":"004_zi_guozi2"},{"frame":[{"transform":{},"duration":120}],"name":"004_zi_shuye2"},{"frame":[{"transform":{},"duration":120}],"name":"001_lv_guozi1"},{"frame":[{"transform":{},"duration":120}],"name":"001_lv_guozi2"},{"frame":[{"transform":{},"duration":120}],"name":"002_lan_guozi2"},{"frame":[{"transform":{},"duration":120}],"name":"002_lan_guozi3"},{"frame":[{"transform":{},"duration":120}],"name":"002_lan_guozi1"},{"frame":[{"transform":{},"duration":120}],"name":"003_huang_guozi1"},{"frame":[{"transform":{},"duration":120}],"name":"003_huang_guozi2"},{"frame":[{"transform":{},"duration":120}],"name":"003_huang_guozi3"},{"frame":[{"transform":{},"duration":120}],"name":"001_lv_guozi3"},{"frame":[{"transform":{},"duration":120}],"name":"004_zi_faguang2"}],"slot":[{"frame":[{"tweenEasing":0,"duration":60},{"tweenEasing":0,"duration":60},{"tweenEasing":null,"duration":0}],"name":"002_lan_shuye3"},{"frame":[{"tweenEasing":0,"duration":60},{"tweenEasing":0,"duration":60},{"tweenEasing":null,"duration":0}],"name":"002_lan_shuye2"},{"frame":[{"tweenEasing":0,"duration":60},{"tweenEasing":0,"duration":60},{"tweenEasing":null,"duration":0}],"name":"002_lan_shuye1"},{"frame":[{"tweenEasing":0,"duration":60},{"tweenEasing":0,"duration":60},{"tweenEasing":null,"duration":0}],"name":"002_lan_shuguan"},{"frame":[{"tweenEasing":0,"duration":120},{"tweenEasing":null,"duration":0}],"name":"002_lan_shugan"},{"frame":[{"displayIndex":-1,"tweenEasing":null,"duration":120}],"name":"000_fuji"},{"frame":[{"displayIndex":-1,"tweenEasing":null,"duration":120}],"name":"001_lv_shugan"},{"frame":[{"displayIndex":-1,"tweenEasing":null,"duration":120}],"name":"001_lv_shuguan"},{"frame":[{"displayIndex":-1,"tweenEasing":null,"duration":120}],"name":"001_lv_shuye1"},{"frame":[{"displayIndex":-1,"tweenEasing":null,"duration":120}],"name":"001_lv_shuye2"},{"frame":[{"displayIndex":-1,"tweenEasing":null,"duration":120}],"name":"001_lv_shuye3"},{"frame":[{"displayIndex":-1,"tweenEasing":null,"duration":120}],"name":"001_lv_guozi1"},{"frame":[{"displayIndex":-1,"tweenEasing":null,"duration":120}],"name":"001_lv_guozi3"},{"frame":[{"displayIndex":-1,"tweenEasing":null,"duration":120}],"name":"001_lv_guozi2"},{"frame":[{"displayIndex":-1,"tweenEasing":null,"duration":120}],"name":"002_lan_guozi1"},{"frame":[{"displayIndex":-1,"tweenEasing":null,"duration":120}],"name":"002_lan_guozi2"},{"frame":[{"displayIndex":-1,"tweenEasing":null,"duration":120}],"name":"002_lan_guozi3"},{"frame":[{"displayIndex":-1,"tweenEasing":null,"duration":120}],"name":"003_huang_shugan"},{"frame":[{"displayIndex":-1,"tweenEasing":null,"duration":120}],"name":"003_huang_shuguan"},{"frame":[{"displayIndex":-1,"tweenEasing":null,"duration":120}],"name":"003_huang_shuye1"},{"frame":[{"displayIndex":-1,"tweenEasing":null,"duration":120}],"name":"003_huang_shuye2"},{"frame":[{"displayIndex":-1,"tweenEasing":null,"duration":120}],"name":"003_huang_shuye3"},{"frame":[{"displayIndex":-1,"tweenEasing":null,"duration":120}],"name":"003_huang_guozi1"},{"frame":[{"displayIndex":-1,"tweenEasing":null,"duration":120}],"name":"003_huang_guozi2"},{"frame":[{"displayIndex":-1,"tweenEasing":null,"duration":120}],"name":"003_huang_guozi3"},{"frame":[{"displayIndex":-1,"tweenEasing":null,"duration":120}],"name":"004_zi_shugan"},{"frame":[{"displayIndex":-1,"tweenEasing":null,"duration":120}],"name":"004_zi_shuye2"},{"frame":[{"displayIndex":-1,"tweenEasing":null,"duration":120}],"name":"004_zi_shuye3"},{"frame":[{"displayIndex":-1,"tweenEasing":null,"duration":120}],"name":"004_zi_guozi2"},{"frame":[{"displayIndex":-1,"tweenEasing":null,"duration":120}],"name":"004_zi_guozi3"},{"frame":[{"displayIndex":-1,"tweenEasing":null,"duration":120}],"name":"004_zi_shuguan"},{"frame":[{"displayIndex":-1,"tweenEasing":null,"duration":120}],"name":"004_zi_shuye1"},{"frame":[{"displayIndex":-1,"tweenEasing":null,"duration":120}],"name":"004_zi_guozi1"},{"frame":[{"displayIndex":-1,"tweenEasing":null,"duration":120}],"name":"004_zi_faguang1"},{"frame":[{"displayIndex":-1,"tweenEasing":null,"duration":120}],"name":"004_zi_faguang2"}],"ffd":[],"ik":[],"frame":[],"name":"002_lan_xiao","duration":120},{"playTimes":0,"bone":[{"frame":[{"tweenEasing":0,"transform":{"x":14.7619},"duration":105},{"tweenEasing":0,"transform":{"skX":1,"skY":1,"x":14.7619},"duration":75},{"transform":{"x":14.7619},"duration":0}],"name":"002_lan_guozi3"},{"frame":[{"tweenEasing":0,"transform":{"y":20,"x":4.7619},"duration":105},{"tweenEasing":0,"transform":{"y":20,"skX":1,"skY":1,"x":4.7619},"duration":75},{"transform":{"y":20,"x":4.7619},"duration":0}],"name":"002_lan_guozi2"},{"frame":[{"tweenEasing":0,"transform":{"y":-4.7619,"x":5.7143},"duration":105},{"tweenEasing":0,"transform":{"y":-4.7619,"skX":1,"skY":1,"x":5.7143},"duration":75},{"transform":{"y":-4.7619,"x":5.7143},"duration":0}],"name":"002_lan_guozi1"},{"frame":[{"tweenEasing":0,"transform":{"y":-22.1429,"x":7.1429},"duration":60},{"tweenEasing":0,"transform":{"y":-22.1429,"skX":-1,"skY":-1,"x":7.1429},"duration":60},{"transform":{"y":-22.1429,"x":7.1429},"duration":60}],"name":"002_lan_shuye3"},{"frame":[{"tweenEasing":0,"transform":{"y":27.1429,"x":40.7143},"duration":60},{"tweenEasing":0,"transform":{"y":27.1429,"skX":-1,"skY":-1,"x":40.7143},"duration":60},{"transform":{"y":27.1429,"x":40.7143},"duration":60}],"name":"002_lan_shuye2"},{"frame":[{"tweenEasing":0,"transform":{"y":20,"x":-46.4286},"duration":60},{"tweenEasing":0,"transform":{"y":20,"skX":-1,"skY":-1,"x":-46.4286},"duration":60},{"transform":{"y":20,"x":-46.4286},"duration":60}],"name":"002_lan_shuye1"},{"frame":[{"tweenEasing":0,"transform":{"y":-78.3333,"x":6.6667},"duration":60},{"tweenEasing":0,"transform":{"y":-78.3333,"skX":-1,"skY":-1,"x":6.6667},"duration":60},{"transform":{"y":-78.3333,"x":6.6667},"duration":60}],"name":"002_lan_shuguan"},{"frame":[{"tweenEasing":0,"transform":{"y":-18},"duration":120},{"transform":{"y":-18},"duration":60}],"name":"002_lan_shugan"},{"frame":[{"transform":{},"duration":180}],"name":"000_fuji"},{"frame":[{"transform":{},"duration":180}],"name":"001_lv_shugan"},{"frame":[{"transform":{},"duration":180}],"name":"003_huang_shugan"},{"frame":[{"transform":{},"duration":180}],"name":"004_zi_shugan"},{"frame":[{"transform":{},"duration":180}],"name":"003_huang_shuguan"},{"frame":[{"transform":{},"duration":180}],"name":"004_zi_shuguan"},{"frame":[{"transform":{},"duration":180}],"name":"001_lv_shuguan"},{"frame":[{"transform":{},"duration":180}],"name":"001_lv_shuye3"},{"frame":[{"transform":{},"duration":180}],"name":"001_lv_shuye2"},{"frame":[{"transform":{},"duration":180}],"name":"003_huang_shuye1"},{"frame":[{"transform":{},"duration":180}],"name":"004_zi_guozi1"},{"frame":[{"transform":{},"duration":180}],"name":"004_zi_shuye1"},{"frame":[{"transform":{},"duration":180}],"name":"004_zi_faguang1"},{"frame":[{"transform":{},"duration":180}],"name":"004_zi_guozi3"},{"frame":[{"transform":{},"duration":180}],"name":"001_lv_shuye1"},{"frame":[{"transform":{},"duration":180}],"name":"003_huang_shuye2"},{"frame":[{"transform":{},"duration":180}],"name":"003_huang_shuye3"},{"frame":[{"transform":{},"duration":180}],"name":"004_zi_shuye3"},{"frame":[{"transform":{},"duration":180}],"name":"004_zi_guozi2"},{"frame":[{"transform":{},"duration":180}],"name":"004_zi_shuye2"},{"frame":[{"transform":{},"duration":180}],"name":"001_lv_guozi1"},{"frame":[{"transform":{},"duration":180}],"name":"001_lv_guozi2"},{"frame":[{"transform":{},"duration":180}],"name":"003_huang_guozi1"},{"frame":[{"transform":{},"duration":180}],"name":"003_huang_guozi2"},{"frame":[{"transform":{},"duration":180}],"name":"003_huang_guozi3"},{"frame":[{"transform":{},"duration":180}],"name":"001_lv_guozi3"},{"frame":[{"transform":{},"duration":180}],"name":"004_zi_faguang2"}],"slot":[{"frame":[{"tweenEasing":0,"duration":105},{"tweenEasing":0,"duration":75},{"tweenEasing":null,"duration":0}],"name":"002_lan_guozi3"},{"frame":[{"tweenEasing":0,"duration":105},{"tweenEasing":0,"duration":75},{"tweenEasing":null,"duration":0}],"name":"002_lan_guozi2"},{"frame":[{"tweenEasing":0,"duration":105},{"tweenEasing":0,"duration":75},{"tweenEasing":null,"duration":0}],"name":"002_lan_guozi1"},{"frame":[{"tweenEasing":0,"duration":60},{"tweenEasing":0,"duration":60},{"tweenEasing":null,"duration":60}],"name":"002_lan_shuye3"},{"frame":[{"tweenEasing":0,"duration":60},{"tweenEasing":0,"duration":60},{"tweenEasing":null,"duration":60}],"name":"002_lan_shuye2"},{"frame":[{"tweenEasing":0,"duration":60},{"tweenEasing":0,"duration":60},{"tweenEasing":null,"duration":60}],"name":"002_lan_shuye1"},{"frame":[{"tweenEasing":0,"duration":60},{"tweenEasing":0,"duration":60},{"tweenEasing":null,"duration":60}],"name":"002_lan_shuguan"},{"frame":[{"tweenEasing":0,"duration":120},{"tweenEasing":null,"duration":60}],"name":"002_lan_shugan"},{"frame":[{"displayIndex":-1,"tweenEasing":null,"duration":180}],"name":"000_fuji"},{"frame":[{"displayIndex":-1,"tweenEasing":null,"duration":180}],"name":"001_lv_shugan"},{"frame":[{"displayIndex":-1,"tweenEasing":null,"duration":180}],"name":"001_lv_shuguan"},{"frame":[{"displayIndex":-1,"tweenEasing":null,"duration":180}],"name":"001_lv_shuye1"},{"frame":[{"displayIndex":-1,"tweenEasing":null,"duration":180}],"name":"001_lv_shuye2"},{"frame":[{"displayIndex":-1,"tweenEasing":null,"duration":180}],"name":"001_lv_shuye3"},{"frame":[{"displayIndex":-1,"tweenEasing":null,"duration":180}],"name":"001_lv_guozi1"},{"frame":[{"displayIndex":-1,"tweenEasing":null,"duration":180}],"name":"001_lv_guozi3"},{"frame":[{"displayIndex":-1,"tweenEasing":null,"duration":180}],"name":"001_lv_guozi2"},{"frame":[{"displayIndex":-1,"tweenEasing":null,"duration":180}],"name":"003_huang_shugan"},{"frame":[{"displayIndex":-1,"tweenEasing":null,"duration":180}],"name":"003_huang_shuguan"},{"frame":[{"displayIndex":-1,"tweenEasing":null,"duration":180}],"name":"003_huang_shuye1"},{"frame":[{"displayIndex":-1,"tweenEasing":null,"duration":180}],"name":"003_huang_shuye2"},{"frame":[{"displayIndex":-1,"tweenEasing":null,"duration":180}],"name":"003_huang_shuye3"},{"frame":[{"displayIndex":-1,"tweenEasing":null,"duration":180}],"name":"003_huang_guozi1"},{"frame":[{"displayIndex":-1,"tweenEasing":null,"duration":180}],"name":"003_huang_guozi2"},{"frame":[{"displayIndex":-1,"tweenEasing":null,"duration":180}],"name":"003_huang_guozi3"},{"frame":[{"displayIndex":-1,"tweenEasing":null,"duration":180}],"name":"004_zi_shugan"},{"frame":[{"displayIndex":-1,"tweenEasing":null,"duration":180}],"name":"004_zi_shuye2"},{"frame":[{"displayIndex":-1,"tweenEasing":null,"duration":180}],"name":"004_zi_shuye3"},{"frame":[{"displayIndex":-1,"tweenEasing":null,"duration":180}],"name":"004_zi_guozi2"},{"frame":[{"displayIndex":-1,"tweenEasing":null,"duration":180}],"name":"004_zi_guozi3"},{"frame":[{"displayIndex":-1,"tweenEasing":null,"duration":180}],"name":"004_zi_shuguan"},{"frame":[{"displayIndex":-1,"tweenEasing":null,"duration":180}],"name":"004_zi_shuye1"},{"frame":[{"displayIndex":-1,"tweenEasing":null,"duration":180}],"name":"004_zi_guozi1"},{"frame":[{"displayIndex":-1,"tweenEasing":null,"duration":180}],"name":"004_zi_faguang1"},{"frame":[{"displayIndex":-1,"tweenEasing":null,"duration":180}],"name":"004_zi_faguang2"}],"ffd":[],"ik":[],"frame":[],"name":"003_lan_xiao_guozi","duration":180},{"playTimes":0,"bone":[{"frame":[{"tweenEasing":0,"transform":{"y":-21.6667,"x":10},"duration":60},{"tweenEasing":0,"transform":{"y":-21.6667,"skX":-1,"skY":-1,"x":10},"duration":60},{"transform":{"y":-21.6667,"x":10},"duration":0}],"name":"003_huang_shuye3"},{"frame":[{"tweenEasing":0,"transform":{"y":28.3333,"x":43.8889},"duration":60},{"tweenEasing":0,"transform":{"y":28.3333,"skX":-1,"skY":-1,"x":43.8889},"duration":60},{"transform":{"y":28.3333,"x":43.8889},"duration":0}],"name":"003_huang_shuye2"},{"frame":[{"tweenEasing":0,"transform":{"y":23.8889,"x":-45.5556},"duration":60},{"tweenEasing":0,"transform":{"y":23.8889,"skX":-1,"skY":-1,"x":-45.5556},"duration":60},{"transform":{"y":23.8889,"x":-45.5556},"duration":0}],"name":"003_huang_shuye1"},{"frame":[{"tweenEasing":0,"transform":{"y":-80.1637,"x":3.5673},"duration":60},{"tweenEasing":0,"transform":{"y":-80.1637,"skX":1,"skY":1,"x":3.5673},"duration":60},{"transform":{"y":-80.1637,"x":3.5673},"duration":0}],"name":"003_huang_shuguan"},{"frame":[{"tweenEasing":0,"transform":{"y":-18},"duration":120},{"transform":{"y":-18},"duration":0}],"name":"003_huang_shugan"},{"frame":[{"transform":{},"duration":120}],"name":"000_fuji"},{"frame":[{"transform":{},"duration":120}],"name":"001_lv_shugan"},{"frame":[{"transform":{},"duration":120}],"name":"004_zi_shugan"},{"frame":[{"transform":{},"duration":120}],"name":"002_lan_shugan"},{"frame":[{"transform":{},"duration":120}],"name":"004_zi_shuguan"},{"frame":[{"transform":{},"duration":120}],"name":"002_lan_shuguan"},{"frame":[{"transform":{},"duration":120}],"name":"001_lv_shuguan"},{"frame":[{"transform":{},"duration":120}],"name":"002_lan_shuye3"},{"frame":[{"transform":{},"duration":120}],"name":"001_lv_shuye3"},{"frame":[{"transform":{},"duration":120}],"name":"001_lv_shuye2"},{"frame":[{"transform":{},"duration":120}],"name":"002_lan_shuye2"},{"frame":[{"transform":{},"duration":120}],"name":"002_lan_shuye1"},{"frame":[{"transform":{},"duration":120}],"name":"004_zi_guozi1"},{"frame":[{"transform":{},"duration":120}],"name":"004_zi_shuye1"},{"frame":[{"transform":{},"duration":120}],"name":"004_zi_faguang1"},{"frame":[{"transform":{},"duration":120}],"name":"004_zi_guozi3"},{"frame":[{"transform":{},"duration":120}],"name":"001_lv_shuye1"},{"frame":[{"transform":{},"duration":120}],"name":"004_zi_shuye3"},{"frame":[{"transform":{},"duration":120}],"name":"004_zi_guozi2"},{"frame":[{"transform":{},"duration":120}],"name":"004_zi_shuye2"},{"frame":[{"transform":{},"duration":120}],"name":"001_lv_guozi1"},{"frame":[{"transform":{},"duration":120}],"name":"001_lv_guozi2"},{"frame":[{"transform":{},"duration":120}],"name":"002_lan_guozi2"},{"frame":[{"transform":{},"duration":120}],"name":"002_lan_guozi3"},{"frame":[{"transform":{},"duration":120}],"name":"002_lan_guozi1"},{"frame":[{"transform":{},"duration":120}],"name":"003_huang_guozi1"},{"frame":[{"transform":{},"duration":120}],"name":"003_huang_guozi2"},{"frame":[{"transform":{},"duration":120}],"name":"003_huang_guozi3"},{"frame":[{"transform":{},"duration":120}],"name":"001_lv_guozi3"},{"frame":[{"transform":{},"duration":120}],"name":"004_zi_faguang2"}],"slot":[{"frame":[{"tweenEasing":0,"duration":60},{"tweenEasing":0,"duration":60},{"tweenEasing":null,"duration":0}],"name":"003_huang_shuye3"},{"frame":[{"tweenEasing":0,"duration":60},{"tweenEasing":0,"duration":60},{"tweenEasing":null,"duration":0}],"name":"003_huang_shuye2"},{"frame":[{"tweenEasing":0,"duration":60},{"tweenEasing":0,"duration":60},{"tweenEasing":null,"duration":0}],"name":"003_huang_shuye1"},{"frame":[{"displayIndex":1,"tweenEasing":0,"duration":60},{"displayIndex":1,"tweenEasing":0,"duration":60},{"displayIndex":1,"tweenEasing":null,"duration":0}],"name":"003_huang_shuguan"},{"frame":[{"tweenEasing":0,"duration":120},{"tweenEasing":null,"duration":0}],"name":"003_huang_shugan"},{"frame":[{"displayIndex":-1,"tweenEasing":null,"duration":120}],"name":"000_fuji"},{"frame":[{"displayIndex":-1,"tweenEasing":null,"duration":120}],"name":"001_lv_shugan"},{"frame":[{"displayIndex":-1,"tweenEasing":null,"duration":120}],"name":"001_lv_shuguan"},{"frame":[{"displayIndex":-1,"tweenEasing":null,"duration":120}],"name":"001_lv_shuye1"},{"frame":[{"displayIndex":-1,"tweenEasing":null,"duration":120}],"name":"001_lv_shuye2"},{"frame":[{"displayIndex":-1,"tweenEasing":null,"duration":120}],"name":"001_lv_shuye3"},{"frame":[{"displayIndex":-1,"tweenEasing":null,"duration":120}],"name":"001_lv_guozi1"},{"frame":[{"displayIndex":-1,"tweenEasing":null,"duration":120}],"name":"001_lv_guozi3"},{"frame":[{"displayIndex":-1,"tweenEasing":null,"duration":120}],"name":"001_lv_guozi2"},{"frame":[{"displayIndex":-1,"tweenEasing":null,"duration":120}],"name":"002_lan_shugan"},{"frame":[{"displayIndex":-1,"tweenEasing":null,"duration":120}],"name":"002_lan_shuguan"},{"frame":[{"displayIndex":-1,"tweenEasing":null,"duration":120}],"name":"002_lan_shuye1"},{"frame":[{"displayIndex":-1,"tweenEasing":null,"duration":120}],"name":"002_lan_shuye2"},{"frame":[{"displayIndex":-1,"tweenEasing":null,"duration":120}],"name":"002_lan_shuye3"},{"frame":[{"displayIndex":-1,"tweenEasing":null,"duration":120}],"name":"002_lan_guozi1"},{"frame":[{"displayIndex":-1,"tweenEasing":null,"duration":120}],"name":"002_lan_guozi2"},{"frame":[{"displayIndex":-1,"tweenEasing":null,"duration":120}],"name":"002_lan_guozi3"},{"frame":[{"displayIndex":-1,"tweenEasing":null,"duration":120}],"name":"003_huang_guozi1"},{"frame":[{"displayIndex":-1,"tweenEasing":null,"duration":120}],"name":"003_huang_guozi2"},{"frame":[{"displayIndex":-1,"tweenEasing":null,"duration":120}],"name":"003_huang_guozi3"},{"frame":[{"displayIndex":-1,"tweenEasing":null,"duration":120}],"name":"004_zi_shugan"},{"frame":[{"displayIndex":-1,"tweenEasing":null,"duration":120}],"name":"004_zi_shuye2"},{"frame":[{"displayIndex":-1,"tweenEasing":null,"duration":120}],"name":"004_zi_shuye3"},{"frame":[{"displayIndex":-1,"tweenEasing":null,"duration":120}],"name":"004_zi_guozi2"},{"frame":[{"displayIndex":-1,"tweenEasing":null,"duration":120}],"name":"004_zi_guozi3"},{"frame":[{"displayIndex":-1,"tweenEasing":null,"duration":120}],"name":"004_zi_shuguan"},{"frame":[{"displayIndex":-1,"tweenEasing":null,"duration":120}],"name":"004_zi_shuye1"},{"frame":[{"displayIndex":-1,"tweenEasing":null,"duration":120}],"name":"004_zi_guozi1"},{"frame":[{"displayIndex":-1,"tweenEasing":null,"duration":120}],"name":"004_zi_faguang1"},{"frame":[{"displayIndex":-1,"tweenEasing":null,"duration":120}],"name":"004_zi_faguang2"}],"ffd":[],"ik":[],"frame":[],"name":"004_huang_xiao","duration":120},{"playTimes":0,"bone":[{"frame":[{"tweenEasing":0,"transform":{"y":-3.8889,"x":12.2222},"duration":70},{"tweenEasing":0,"transform":{"y":-3.8889,"skX":1,"skY":1,"x":12.2222},"duration":50},{"transform":{"y":-3.8889,"x":12.2222},"duration":0}],"name":"003_huang_guozi3"},{"frame":[{"tweenEasing":0,"transform":{"y":-12.2222,"x":23.8889},"duration":70},{"tweenEasing":0,"transform":{"y":-12.2222,"skX":1,"skY":1,"x":23.8889},"duration":50},{"transform":{"y":-12.2222,"x":23.8889},"duration":0}],"name":"003_huang_guozi2"},{"frame":[{"tweenEasing":0,"transform":{"y":19.4444,"x":5},"duration":70},{"tweenEasing":0,"transform":{"y":19.4444,"skX":1,"skY":1,"x":5},"duration":50},{"transform":{"y":19.4444,"x":5},"duration":0}],"name":"003_huang_guozi1"},{"frame":[{"tweenEasing":0,"transform":{"y":-21.6667,"x":10},"duration":60},{"tweenEasing":0,"transform":{"y":-21.6667,"skX":-1,"skY":-1,"x":10},"duration":60},{"transform":{"y":-21.6667,"x":10},"duration":0}],"name":"003_huang_shuye3"},{"frame":[{"tweenEasing":0,"transform":{"y":28.3333,"x":43.8889},"duration":60},{"tweenEasing":0,"transform":{"y":28.3333,"skX":-1,"skY":-1,"x":43.8889},"duration":60},{"transform":{"y":28.3333,"x":43.8889},"duration":0}],"name":"003_huang_shuye2"},{"frame":[{"tweenEasing":0,"transform":{"y":23.8889,"x":-45.5556},"duration":60},{"tweenEasing":0,"transform":{"y":23.8889,"skX":-1,"skY":-1,"x":-45.5556},"duration":60},{"transform":{"y":23.8889,"x":-45.5556},"duration":0}],"name":"003_huang_shuye1"},{"frame":[{"tweenEasing":0,"transform":{"y":-80.1637,"x":3.5673},"duration":50},{"tweenEasing":0,"transform":{"y":-80.1637,"skX":1,"skY":1,"x":3.5673},"duration":70},{"transform":{"y":-80.1637,"x":3.5673},"duration":0}],"name":"003_huang_shuguan"},{"frame":[{"tweenEasing":0,"transform":{"y":-18},"duration":120},{"transform":{"y":-18},"duration":0}],"name":"003_huang_shugan"},{"frame":[{"transform":{},"duration":120}],"name":"000_fuji"},{"frame":[{"transform":{},"duration":120}],"name":"001_lv_shugan"},{"frame":[{"transform":{},"duration":120}],"name":"004_zi_shugan"},{"frame":[{"transform":{},"duration":120}],"name":"002_lan_shugan"},{"frame":[{"transform":{},"duration":120}],"name":"004_zi_shuguan"},{"frame":[{"transform":{},"duration":120}],"name":"002_lan_shuguan"},{"frame":[{"transform":{},"duration":120}],"name":"001_lv_shuguan"},{"frame":[{"transform":{},"duration":120}],"name":"002_lan_shuye3"},{"frame":[{"transform":{},"duration":120}],"name":"001_lv_shuye3"},{"frame":[{"transform":{},"duration":120}],"name":"001_lv_shuye2"},{"frame":[{"transform":{},"duration":120}],"name":"002_lan_shuye2"},{"frame":[{"transform":{},"duration":120}],"name":"002_lan_shuye1"},{"frame":[{"transform":{},"duration":120}],"name":"004_zi_guozi1"},{"frame":[{"transform":{},"duration":120}],"name":"004_zi_shuye1"},{"frame":[{"transform":{},"duration":120}],"name":"004_zi_faguang1"},{"frame":[{"transform":{},"duration":120}],"name":"004_zi_guozi3"},{"frame":[{"transform":{},"duration":120}],"name":"001_lv_shuye1"},{"frame":[{"transform":{},"duration":120}],"name":"004_zi_shuye3"},{"frame":[{"transform":{},"duration":120}],"name":"004_zi_guozi2"},{"frame":[{"transform":{},"duration":120}],"name":"004_zi_shuye2"},{"frame":[{"transform":{},"duration":120}],"name":"001_lv_guozi1"},{"frame":[{"transform":{},"duration":120}],"name":"001_lv_guozi2"},{"frame":[{"transform":{},"duration":120}],"name":"002_lan_guozi2"},{"frame":[{"transform":{},"duration":120}],"name":"002_lan_guozi3"},{"frame":[{"transform":{},"duration":120}],"name":"002_lan_guozi1"},{"frame":[{"transform":{},"duration":120}],"name":"001_lv_guozi3"},{"frame":[{"transform":{},"duration":120}],"name":"004_zi_faguang2"}],"slot":[{"frame":[{"tweenEasing":0,"duration":70},{"tweenEasing":0,"duration":50},{"tweenEasing":null,"duration":0}],"name":"003_huang_guozi3"},{"frame":[{"tweenEasing":0,"duration":70},{"tweenEasing":0,"duration":50},{"tweenEasing":null,"duration":0}],"name":"003_huang_guozi2"},{"frame":[{"tweenEasing":0,"duration":70},{"tweenEasing":0,"duration":50},{"tweenEasing":null,"duration":0}],"name":"003_huang_guozi1"},{"frame":[{"tweenEasing":0,"duration":60},{"tweenEasing":0,"duration":60},{"tweenEasing":null,"duration":0}],"name":"003_huang_shuye3"},{"frame":[{"tweenEasing":0,"duration":60},{"tweenEasing":0,"duration":60},{"tweenEasing":null,"duration":0}],"name":"003_huang_shuye2"},{"frame":[{"tweenEasing":0,"duration":60},{"tweenEasing":0,"duration":60},{"tweenEasing":null,"duration":0}],"name":"003_huang_shuye1"},{"frame":[{"displayIndex":1,"tweenEasing":0,"duration":50},{"displayIndex":1,"tweenEasing":0,"duration":70},{"displayIndex":1,"tweenEasing":null,"duration":0}],"name":"003_huang_shuguan"},{"frame":[{"tweenEasing":0,"duration":120},{"tweenEasing":null,"duration":0}],"name":"003_huang_shugan"},{"frame":[{"displayIndex":-1,"tweenEasing":null,"duration":120}],"name":"000_fuji"},{"frame":[{"displayIndex":-1,"tweenEasing":null,"duration":120}],"name":"001_lv_shugan"},{"frame":[{"displayIndex":-1,"tweenEasing":null,"duration":120}],"name":"001_lv_shuguan"},{"frame":[{"displayIndex":-1,"tweenEasing":null,"duration":120}],"name":"001_lv_shuye1"},{"frame":[{"displayIndex":-1,"tweenEasing":null,"duration":120}],"name":"001_lv_shuye2"},{"frame":[{"displayIndex":-1,"tweenEasing":null,"duration":120}],"name":"001_lv_shuye3"},{"frame":[{"displayIndex":-1,"tweenEasing":null,"duration":120}],"name":"001_lv_guozi1"},{"frame":[{"displayIndex":-1,"tweenEasing":null,"duration":120}],"name":"001_lv_guozi3"},{"frame":[{"displayIndex":-1,"tweenEasing":null,"duration":120}],"name":"001_lv_guozi2"},{"frame":[{"displayIndex":-1,"tweenEasing":null,"duration":120}],"name":"002_lan_shugan"},{"frame":[{"displayIndex":-1,"tweenEasing":null,"duration":120}],"name":"002_lan_shuguan"},{"frame":[{"displayIndex":-1,"tweenEasing":null,"duration":120}],"name":"002_lan_shuye1"},{"frame":[{"displayIndex":-1,"tweenEasing":null,"duration":120}],"name":"002_lan_shuye2"},{"frame":[{"displayIndex":-1,"tweenEasing":null,"duration":120}],"name":"002_lan_shuye3"},{"frame":[{"displayIndex":-1,"tweenEasing":null,"duration":120}],"name":"002_lan_guozi1"},{"frame":[{"displayIndex":-1,"tweenEasing":null,"duration":120}],"name":"002_lan_guozi2"},{"frame":[{"displayIndex":-1,"tweenEasing":null,"duration":120}],"name":"002_lan_guozi3"},{"frame":[{"displayIndex":-1,"tweenEasing":null,"duration":120}],"name":"004_zi_shugan"},{"frame":[{"displayIndex":-1,"tweenEasing":null,"duration":120}],"name":"004_zi_shuye2"},{"frame":[{"displayIndex":-1,"tweenEasing":null,"duration":120}],"name":"004_zi_shuye3"},{"frame":[{"displayIndex":-1,"tweenEasing":null,"duration":120}],"name":"004_zi_guozi2"},{"frame":[{"displayIndex":-1,"tweenEasing":null,"duration":120}],"name":"004_zi_guozi3"},{"frame":[{"displayIndex":-1,"tweenEasing":null,"duration":120}],"name":"004_zi_shuguan"},{"frame":[{"displayIndex":-1,"tweenEasing":null,"duration":120}],"name":"004_zi_shuye1"},{"frame":[{"displayIndex":-1,"tweenEasing":null,"duration":120}],"name":"004_zi_guozi1"},{"frame":[{"displayIndex":-1,"tweenEasing":null,"duration":120}],"name":"004_zi_faguang1"},{"frame":[{"displayIndex":-1,"tweenEasing":null,"duration":120}],"name":"004_zi_faguang2"}],"ffd":[],"ik":[],"frame":[],"name":"005_huang_xiao_gouzi","duration":120},{"playTimes":0,"bone":[{"frame":[{"tweenEasing":0,"transform":{"y":-16.3889,"x":8.6111},"duration":120},{"transform":{"y":-16.3889,"x":8.6111},"duration":0}],"name":"004_zi_shuye1"},{"frame":[{"tweenEasing":0,"transform":{"y":-131.1111,"x":6.6667},"duration":60},{"tweenEasing":0,"transform":{"y":-131.1111,"skX":1,"skY":1,"x":6.6667},"duration":60},{"transform":{"y":-131.1111,"x":6.6667},"duration":0}],"name":"004_zi_shuguan"},{"frame":[{"tweenEasing":0,"transform":{"y":69.1667,"x":31.6667},"duration":60},{"tweenEasing":0,"transform":{"y":69.1492,"x":32.6665},"duration":60},{"transform":{"y":69.1667,"x":31.6667},"duration":0}],"name":"004_zi_shuye3"},{"frame":[{"tweenEasing":0,"transform":{"y":58.3333,"x":-49.7222},"duration":60},{"tweenEasing":0,"transform":{"y":60.333,"x":-49.6873},"duration":60},{"transform":{"y":58.3333,"x":-49.7222},"duration":0}],"name":"004_zi_shuye2"},{"frame":[{"tweenEasing":0,"transform":{},"duration":120},{"transform":{},"duration":0}],"name":"004_zi_shugan"},{"frame":[{"transform":{},"duration":120}],"name":"000_fuji"},{"frame":[{"transform":{},"duration":120}],"name":"001_lv_shugan"},{"frame":[{"transform":{},"duration":120}],"name":"003_huang_shugan"},{"frame":[{"transform":{},"duration":120}],"name":"002_lan_shugan"},{"frame":[{"transform":{},"duration":120}],"name":"003_huang_shuguan"},{"frame":[{"transform":{},"duration":120}],"name":"002_lan_shuguan"},{"frame":[{"transform":{},"duration":120}],"name":"001_lv_shuguan"},{"frame":[{"transform":{},"duration":120}],"name":"002_lan_shuye3"},{"frame":[{"transform":{},"duration":120}],"name":"001_lv_shuye3"},{"frame":[{"transform":{},"duration":120}],"name":"001_lv_shuye2"},{"frame":[{"transform":{},"duration":120}],"name":"002_lan_shuye2"},{"frame":[{"transform":{},"duration":120}],"name":"002_lan_shuye1"},{"frame":[{"transform":{},"duration":120}],"name":"003_huang_shuye1"},{"frame":[{"transform":{},"duration":120}],"name":"004_zi_guozi1"},{"frame":[{"transform":{},"duration":120}],"name":"004_zi_faguang1"},{"frame":[{"transform":{},"duration":120}],"name":"004_zi_guozi3"},{"frame":[{"transform":{},"duration":120}],"name":"001_lv_shuye1"},{"frame":[{"transform":{},"duration":120}],"name":"003_huang_shuye2"},{"frame":[{"transform":{},"duration":120}],"name":"003_huang_shuye3"},{"frame":[{"transform":{},"duration":120}],"name":"004_zi_guozi2"},{"frame":[{"transform":{},"duration":120}],"name":"001_lv_guozi1"},{"frame":[{"transform":{},"duration":120}],"name":"001_lv_guozi2"},{"frame":[{"transform":{},"duration":120}],"name":"002_lan_guozi2"},{"frame":[{"transform":{},"duration":120}],"name":"002_lan_guozi3"},{"frame":[{"transform":{},"duration":120}],"name":"002_lan_guozi1"},{"frame":[{"transform":{},"duration":120}],"name":"003_huang_guozi1"},{"frame":[{"transform":{},"duration":120}],"name":"003_huang_guozi2"},{"frame":[{"transform":{},"duration":120}],"name":"003_huang_guozi3"},{"frame":[{"transform":{},"duration":120}],"name":"001_lv_guozi3"},{"frame":[{"transform":{},"duration":120}],"name":"004_zi_faguang2"}],"slot":[{"frame":[{"tweenEasing":0,"duration":120},{"tweenEasing":null,"duration":0}],"name":"004_zi_shuye1"},{"frame":[{"tweenEasing":0,"duration":60},{"tweenEasing":0,"duration":60},{"tweenEasing":null,"duration":0}],"name":"004_zi_shuguan"},{"frame":[{"tweenEasing":0,"duration":60},{"tweenEasing":0,"duration":60},{"tweenEasing":null,"duration":0}],"name":"004_zi_shuye3"},{"frame":[{"tweenEasing":0,"duration":60},{"tweenEasing":0,"duration":60},{"tweenEasing":null,"duration":0}],"name":"004_zi_shuye2"},{"frame":[{"tweenEasing":0,"duration":120},{"tweenEasing":null,"duration":0}],"name":"004_zi_shugan"},{"frame":[{"displayIndex":-1,"tweenEasing":null,"duration":120}],"name":"000_fuji"},{"frame":[{"displayIndex":-1,"tweenEasing":null,"duration":120}],"name":"001_lv_shugan"},{"frame":[{"displayIndex":-1,"tweenEasing":null,"duration":120}],"name":"001_lv_shuguan"},{"frame":[{"displayIndex":-1,"tweenEasing":null,"duration":120}],"name":"001_lv_shuye1"},{"frame":[{"displayIndex":-1,"tweenEasing":null,"duration":120}],"name":"001_lv_shuye2"},{"frame":[{"displayIndex":-1,"tweenEasing":null,"duration":120}],"name":"001_lv_shuye3"},{"frame":[{"displayIndex":-1,"tweenEasing":null,"duration":120}],"name":"001_lv_guozi1"},{"frame":[{"displayIndex":-1,"tweenEasing":null,"duration":120}],"name":"001_lv_guozi3"},{"frame":[{"displayIndex":-1,"tweenEasing":null,"duration":120}],"name":"001_lv_guozi2"},{"frame":[{"displayIndex":-1,"tweenEasing":null,"duration":120}],"name":"002_lan_shugan"},{"frame":[{"displayIndex":-1,"tweenEasing":null,"duration":120}],"name":"002_lan_shuguan"},{"frame":[{"displayIndex":-1,"tweenEasing":null,"duration":120}],"name":"002_lan_shuye1"},{"frame":[{"displayIndex":-1,"tweenEasing":null,"duration":120}],"name":"002_lan_shuye2"},{"frame":[{"displayIndex":-1,"tweenEasing":null,"duration":120}],"name":"002_lan_shuye3"},{"frame":[{"displayIndex":-1,"tweenEasing":null,"duration":120}],"name":"002_lan_guozi1"},{"frame":[{"displayIndex":-1,"tweenEasing":null,"duration":120}],"name":"002_lan_guozi2"},{"frame":[{"displayIndex":-1,"tweenEasing":null,"duration":120}],"name":"002_lan_guozi3"},{"frame":[{"displayIndex":-1,"tweenEasing":null,"duration":120}],"name":"003_huang_shugan"},{"frame":[{"displayIndex":-1,"tweenEasing":null,"duration":120}],"name":"003_huang_shuguan"},{"frame":[{"displayIndex":-1,"tweenEasing":null,"duration":120}],"name":"003_huang_shuye1"},{"frame":[{"displayIndex":-1,"tweenEasing":null,"duration":120}],"name":"003_huang_shuye2"},{"frame":[{"displayIndex":-1,"tweenEasing":null,"duration":120}],"name":"003_huang_shuye3"},{"frame":[{"displayIndex":-1,"tweenEasing":null,"duration":120}],"name":"003_huang_guozi1"},{"frame":[{"displayIndex":-1,"tweenEasing":null,"duration":120}],"name":"003_huang_guozi2"},{"frame":[{"displayIndex":-1,"tweenEasing":null,"duration":120}],"name":"003_huang_guozi3"},{"frame":[{"displayIndex":-1,"tweenEasing":null,"duration":120}],"name":"004_zi_guozi2"},{"frame":[{"displayIndex":-1,"tweenEasing":null,"duration":120}],"name":"004_zi_guozi3"},{"frame":[{"displayIndex":-1,"tweenEasing":null,"duration":120}],"name":"004_zi_guozi1"},{"frame":[{"displayIndex":-1,"tweenEasing":null,"duration":120}],"name":"004_zi_faguang1"},{"frame":[{"displayIndex":-1,"tweenEasing":null,"duration":120}],"name":"004_zi_faguang2"}],"ffd":[],"ik":[],"frame":[],"name":"006_zi_xiao","duration":120},{"playTimes":0,"bone":[{"frame":[{"tweenEasing":0,"transform":{},"duration":60},{"tweenEasing":0,"transform":{},"duration":60},{"transform":{},"duration":0}],"name":"004_zi_faguang2"},{"frame":[{"tweenEasing":0,"transform":{},"duration":60},{"tweenEasing":0,"transform":{},"duration":60},{"transform":{},"duration":0}],"name":"004_zi_faguang1"},{"frame":[{"tweenEasing":0,"transform":{"y":-18.3333,"x":3.3333},"duration":60},{"tweenEasing":0,"transform":{"y":-19.3332,"skX":-1,"skY":-1,"x":3.3159},"duration":60},{"transform":{"y":-18.3333,"x":3.3333},"duration":0}],"name":"004_zi_guozi1"},{"frame":[{"tweenEasing":0,"transform":{"y":-16.3889,"x":8.6111},"duration":120},{"transform":{"y":-16.3889,"x":8.6111},"duration":0}],"name":"004_zi_shuye1"},{"frame":[{"tweenEasing":0,"transform":{"y":-131.1111,"x":6.6667},"duration":60},{"tweenEasing":0,"transform":{"y":-131.1111,"skX":1,"skY":1,"x":6.6667},"duration":60},{"transform":{"y":-131.1111,"x":6.6667},"duration":0}],"name":"004_zi_shuguan"},{"frame":[{"tweenEasing":0,"transform":{"y":63.3333,"x":28.3333},"duration":120},{"transform":{"y":63.3333,"x":28.3333},"duration":0}],"name":"004_zi_guozi3"},{"frame":[{"tweenEasing":0,"transform":{"y":56.6667,"x":-51.6666},"duration":120},{"transform":{"y":56.6667,"x":-51.6666},"duration":0}],"name":"004_zi_guozi2"},{"frame":[{"tweenEasing":0,"transform":{"y":69.1667,"x":31.6667},"duration":60},{"tweenEasing":0,"transform":{"y":69.1492,"x":32.6665},"duration":60},{"transform":{"y":69.1667,"x":31.6667},"duration":0}],"name":"004_zi_shuye3"},{"frame":[{"tweenEasing":0,"transform":{"y":58.3333,"x":-49.7222},"duration":60},{"tweenEasing":0,"transform":{"y":60.333,"x":-49.6873},"duration":60},{"transform":{"y":58.3333,"x":-49.7222},"duration":0}],"name":"004_zi_shuye2"},{"frame":[{"tweenEasing":0,"transform":{},"duration":120},{"transform":{},"duration":0}],"name":"004_zi_shugan"},{"frame":[{"transform":{},"duration":120}],"name":"000_fuji"},{"frame":[{"transform":{},"duration":120}],"name":"001_lv_shugan"},{"frame":[{"transform":{},"duration":120}],"name":"003_huang_shugan"},{"frame":[{"transform":{},"duration":120}],"name":"002_lan_shugan"},{"frame":[{"transform":{},"duration":120}],"name":"003_huang_shuguan"},{"frame":[{"transform":{},"duration":120}],"name":"002_lan_shuguan"},{"frame":[{"transform":{},"duration":120}],"name":"001_lv_shuguan"},{"frame":[{"transform":{},"duration":120}],"name":"002_lan_shuye3"},{"frame":[{"transform":{},"duration":120}],"name":"001_lv_shuye3"},{"frame":[{"transform":{},"duration":120}],"name":"001_lv_shuye2"},{"frame":[{"transform":{},"duration":120}],"name":"002_lan_shuye2"},{"frame":[{"transform":{},"duration":120}],"name":"002_lan_shuye1"},{"frame":[{"transform":{},"duration":120}],"name":"003_huang_shuye1"},{"frame":[{"transform":{},"duration":120}],"name":"001_lv_shuye1"},{"frame":[{"transform":{},"duration":120}],"name":"003_huang_shuye2"},{"frame":[{"transform":{},"duration":120}],"name":"003_huang_shuye3"},{"frame":[{"transform":{},"duration":120}],"name":"001_lv_guozi1"},{"frame":[{"transform":{},"duration":120}],"name":"001_lv_guozi2"},{"frame":[{"transform":{},"duration":120}],"name":"002_lan_guozi2"},{"frame":[{"transform":{},"duration":120}],"name":"002_lan_guozi3"},{"frame":[{"transform":{},"duration":120}],"name":"002_lan_guozi1"},{"frame":[{"transform":{},"duration":120}],"name":"003_huang_guozi1"},{"frame":[{"transform":{},"duration":120}],"name":"003_huang_guozi2"},{"frame":[{"transform":{},"duration":120}],"name":"003_huang_guozi3"},{"frame":[{"transform":{},"duration":120}],"name":"001_lv_guozi3"}],"slot":[{"frame":[{"tweenEasing":0,"color":{"aM":19},"duration":60},{"tweenEasing":0,"color":{"aM":68},"duration":60},{"tweenEasing":null,"color":{"aM":19},"duration":0}],"name":"004_zi_faguang2"},{"frame":[{"tweenEasing":0,"color":{"aM":19},"duration":60},{"tweenEasing":0,"color":{"aM":78},"duration":60},{"tweenEasing":null,"color":{"aM":19},"duration":0}],"name":"004_zi_faguang1"},{"frame":[{"tweenEasing":0,"duration":60},{"tweenEasing":0,"duration":60},{"tweenEasing":null,"duration":0}],"name":"004_zi_guozi1"},{"frame":[{"tweenEasing":0,"duration":120},{"tweenEasing":null,"duration":0}],"name":"004_zi_shuye1"},{"frame":[{"tweenEasing":0,"duration":60},{"tweenEasing":0,"duration":60},{"tweenEasing":null,"duration":0}],"name":"004_zi_shuguan"},{"frame":[{"tweenEasing":0,"duration":120},{"tweenEasing":null,"duration":0}],"name":"004_zi_guozi3"},{"frame":[{"tweenEasing":0,"duration":120},{"tweenEasing":null,"duration":0}],"name":"004_zi_guozi2"},{"frame":[{"tweenEasing":0,"duration":60},{"tweenEasing":0,"duration":60},{"tweenEasing":null,"duration":0}],"name":"004_zi_shuye3"},{"frame":[{"tweenEasing":0,"duration":60},{"tweenEasing":0,"duration":60},{"tweenEasing":null,"duration":0}],"name":"004_zi_shuye2"},{"frame":[{"tweenEasing":0,"duration":120},{"tweenEasing":null,"duration":0}],"name":"004_zi_shugan"},{"frame":[{"displayIndex":-1,"tweenEasing":null,"duration":120}],"name":"000_fuji"},{"frame":[{"displayIndex":-1,"tweenEasing":null,"duration":120}],"name":"001_lv_shugan"},{"frame":[{"displayIndex":-1,"tweenEasing":null,"duration":120}],"name":"001_lv_shuguan"},{"frame":[{"displayIndex":-1,"tweenEasing":null,"duration":120}],"name":"001_lv_shuye1"},{"frame":[{"displayIndex":-1,"tweenEasing":null,"duration":120}],"name":"001_lv_shuye2"},{"frame":[{"displayIndex":-1,"tweenEasing":null,"duration":120}],"name":"001_lv_shuye3"},{"frame":[{"displayIndex":-1,"tweenEasing":null,"duration":120}],"name":"001_lv_guozi1"},{"frame":[{"displayIndex":-1,"tweenEasing":null,"duration":120}],"name":"001_lv_guozi3"},{"frame":[{"displayIndex":-1,"tweenEasing":null,"duration":120}],"name":"001_lv_guozi2"},{"frame":[{"displayIndex":-1,"tweenEasing":null,"duration":120}],"name":"002_lan_shugan"},{"frame":[{"displayIndex":-1,"tweenEasing":null,"duration":120}],"name":"002_lan_shuguan"},{"frame":[{"displayIndex":-1,"tweenEasing":null,"duration":120}],"name":"002_lan_shuye1"},{"frame":[{"displayIndex":-1,"tweenEasing":null,"duration":120}],"name":"002_lan_shuye2"},{"frame":[{"displayIndex":-1,"tweenEasing":null,"duration":120}],"name":"002_lan_shuye3"},{"frame":[{"displayIndex":-1,"tweenEasing":null,"duration":120}],"name":"002_lan_guozi1"},{"frame":[{"displayIndex":-1,"tweenEasing":null,"duration":120}],"name":"002_lan_guozi2"},{"frame":[{"displayIndex":-1,"tweenEasing":null,"duration":120}],"name":"002_lan_guozi3"},{"frame":[{"displayIndex":-1,"tweenEasing":null,"duration":120}],"name":"003_huang_shugan"},{"frame":[{"displayIndex":-1,"tweenEasing":null,"duration":120}],"name":"003_huang_shuguan"},{"frame":[{"displayIndex":-1,"tweenEasing":null,"duration":120}],"name":"003_huang_shuye1"},{"frame":[{"displayIndex":-1,"tweenEasing":null,"duration":120}],"name":"003_huang_shuye2"},{"frame":[{"displayIndex":-1,"tweenEasing":null,"duration":120}],"name":"003_huang_shuye3"},{"frame":[{"displayIndex":-1,"tweenEasing":null,"duration":120}],"name":"003_huang_guozi1"},{"frame":[{"displayIndex":-1,"tweenEasing":null,"duration":120}],"name":"003_huang_guozi2"},{"frame":[{"displayIndex":-1,"tweenEasing":null,"duration":120}],"name":"003_huang_guozi3"}],"ffd":[],"ik":[],"frame":[],"name":"007_zi_xiao_guozi","duration":120}],"defaultActions":[{"gotoAndPlay":"000_lv_xiao"}],"aabb":{"width":236.9892,"y":-117.50399999999999,"height":203.004,"x":-114},"ik":[],"name":"armatureName","skin":[{"slot":[{"display":[{"path":"lan_xiao/bfruit2","type":"image","name":"lan_xiao/bfruit2","transform":{}}],"name":"002_lan_guozi2"},{"display":[{"path":"zi_xiao/ts-6","type":"image","name":"zi_xiao/ts-6","transform":{}}],"name":"004_zi_guozi3"},{"display":[{"path":"lv_xiao/pfruit1","type":"image","name":"lv_xiao/pfruit1","transform":{}}],"name":"001_lv_guozi1"},{"display":[{"path":"zi_xiao/ts-3-1","type":"image","name":"zi_xiao/ts-3-1","transform":{}}],"name":"004_zi_faguang1"},{"display":[{"path":"lv_xiao/pfruit3","type":"image","name":"lv_xiao/pfruit3","transform":{}}],"name":"001_lv_guozi2"},{"display":[{"path":"lan_xiao/bleaf1","type":"image","name":"lan_xiao/bleaf1","transform":{}}],"name":"002_lan_shuye1"},{"display":[{"path":"zi_xiao/ts-5","type":"image","name":"zi_xiao/ts-5","transform":{}}],"name":"004_zi_shuye2"},{"display":[{"path":"shugan/trank2","type":"image","name":"shugan/trank2","transform":{}},{"path":"huang_xiao/1","type":"image","name":"huang_xiao/1","transform":{}}],"name":"003_huang_shuguan"},{"display":[{"path":"zi_xiao/ts-1","type":"image","name":"zi_xiao/ts-1","transform":{}}],"name":"004_zi_guozi1"},{"display":[{"path":"lv_xiao/3","type":"image","name":"lv_xiao/3","transform":{}}],"name":"001_lv_shuguan"},{"display":[{"path":"lan_xiao/bfruit1","type":"image","name":"lan_xiao/bfruit1","transform":{}}],"name":"002_lan_guozi1"},{"display":[{"path":"zi_xiao/ts-4","type":"image","name":"zi_xiao/ts-4","transform":{}}],"name":"004_zi_guozi2"},{"display":[{"path":"lv_xiao/gleaf3","type":"image","name":"lv_xiao/gleaf3","transform":{}}],"name":"001_lv_shuye3"},{"display":[{"path":"huang_xiao/yfruit2","type":"image","name":"huang_xiao/yfruit2","transform":{}}],"name":"003_huang_guozi2"},{"display":[{"path":"lan_xiao/2","type":"image","name":"lan_xiao/2","transform":{}}],"name":"002_lan_shuguan"},{"display":[{"path":"zi_xiao/ts-8","type":"image","name":"zi_xiao/ts-8","transform":{"y":-45.504,"x":9.9892}}],"name":"004_zi_shugan"},{"display":[{"path":"shugan/trank2","type":"image","name":"shugan/trank2","transform":{}}],"name":"003_huang_shugan"},{"display":[{"path":"lan_xiao/bfruit3","type":"image","name":"lan_xiao/bfruit3","transform":{}}],"name":"002_lan_guozi3"},{"display":[{"path":"huang_xiao/yleaf3","type":"image","name":"huang_xiao/yleaf3","transform":{}}],"name":"003_huang_shuye3"},{"display":[{"path":"lan_xiao/bleaf3","type":"image","name":"lan_xiao/bleaf3","transform":{}}],"name":"002_lan_shuye3"},{"display":[{"path":"lan_xiao/bleaf2","type":"image","name":"lan_xiao/bleaf2","transform":{}}],"name":"002_lan_shuye2"},{"display":[{"path":"zi_xiao/ts-2","type":"image","name":"zi_xiao/ts-2","transform":{}}],"name":"004_zi_shuye1"},{"display":[{"path":"huang_xiao/yleaf2","type":"image","name":"huang_xiao/yleaf2","transform":{}}],"name":"003_huang_shuye2"},{"display":[{"path":"huang_xiao/yleaf1","type":"image","name":"huang_xiao/yleaf1","transform":{}}],"name":"003_huang_shuye1"},{"display":[{"path":"lv_xiao/pfruit2","type":"image","name":"lv_xiao/pfruit2","transform":{}}],"name":"001_lv_guozi3"},{"display":[{"path":"shugan/trank2","type":"image","name":"shugan/trank2","transform":{}}],"name":"002_lan_shugan"},{"display":[{"path":"lv_xiao/gleaf1","type":"image","name":"lv_xiao/gleaf1","transform":{}}],"name":"001_lv_shuye1"},{"display":[{"path":"huang_xiao/yfruit1","type":"image","name":"huang_xiao/yfruit1","transform":{}}],"name":"003_huang_guozi1"},{"display":[{"path":"zi_xiao/ts-3","type":"image","name":"zi_xiao/ts-3","transform":{}}],"name":"004_zi_shuguan"},{"display":[{"path":"zi_xiao/ts-1-2","type":"image","name":"zi_xiao/ts-1-2","transform":{}}],"name":"004_zi_faguang2"},{"display":[{"path":"huang_xiao/yfruit3","type":"image","name":"huang_xiao/yfruit3","transform":{}}],"name":"003_huang_guozi3"},{"display":[{"path":"shugan/trank2","type":"image","name":"shugan/trank2","transform":{}}],"name":"001_lv_shugan"},{"display":[{"path":"zi_xiao/ts-7","type":"image","name":"zi_xiao/ts-7","transform":{}}],"name":"004_zi_shuye3"},{"display":[{"path":"lv_xiao/gleaf2","type":"image","name":"lv_xiao/gleaf2","transform":{}}],"name":"001_lv_shuye2"}],"name":""}],"slot":[{"displayIndex":-1,"name":"000_fuji","parent":"000_fuji","color":{}},{"z":1,"name":"001_lv_shugan","parent":"001_lv_shugan","color":{}},{"z":2,"name":"001_lv_shuguan","parent":"001_lv_shuguan","color":{}},{"z":3,"name":"001_lv_shuye1","parent":"001_lv_shuye1","color":{}},{"z":4,"name":"001_lv_shuye2","parent":"001_lv_shuye2","color":{}},{"z":5,"name":"001_lv_shuye3","parent":"001_lv_shuye3","color":{}},{"z":6,"name":"001_lv_guozi1","parent":"001_lv_guozi1","color":{}},{"z":7,"name":"001_lv_guozi3","parent":"001_lv_guozi3","color":{}},{"z":8,"name":"001_lv_guozi2","parent":"001_lv_guozi2","color":{}},{"z":9,"name":"002_lan_shugan","parent":"002_lan_shugan","color":{}},{"z":10,"name":"002_lan_shuguan","parent":"002_lan_shuguan","color":{}},{"z":11,"name":"002_lan_shuye1","parent":"002_lan_shuye1","color":{}},{"z":12,"name":"002_lan_shuye2","parent":"002_lan_shuye2","color":{}},{"z":13,"name":"002_lan_shuye3","parent":"002_lan_shuye3","color":{}},{"z":14,"name":"002_lan_guozi1","parent":"002_lan_guozi1","color":{}},{"z":15,"name":"002_lan_guozi2","parent":"002_lan_guozi2","color":{}},{"z":16,"name":"002_lan_guozi3","parent":"002_lan_guozi3","color":{}},{"z":17,"name":"003_huang_shugan","parent":"003_huang_shugan","color":{}},{"z":18,"name":"003_huang_shuguan","parent":"003_huang_shuguan","color":{}},{"z":19,"name":"003_huang_shuye1","parent":"003_huang_shuye1","color":{}},{"z":20,"name":"003_huang_shuye2","parent":"003_huang_shuye2","color":{}},{"z":21,"name":"003_huang_shuye3","parent":"003_huang_shuye3","color":{}},{"z":22,"name":"003_huang_guozi1","parent":"003_huang_guozi1","color":{}},{"z":23,"name":"003_huang_guozi2","parent":"003_huang_guozi2","color":{}},{"z":24,"name":"003_huang_guozi3","parent":"003_huang_guozi3","color":{}},{"z":25,"name":"004_zi_shugan","parent":"004_zi_shugan","color":{}},{"z":26,"name":"004_zi_shuye2","parent":"004_zi_shuye2","color":{}},{"z":27,"name":"004_zi_shuye3","parent":"004_zi_shuye3","color":{}},{"z":28,"name":"004_zi_guozi2","parent":"004_zi_guozi2","color":{}},{"z":29,"name":"004_zi_guozi3","parent":"004_zi_guozi3","color":{}},{"z":30,"name":"004_zi_shuguan","parent":"004_zi_shuguan","color":{}},{"z":31,"name":"004_zi_shuye1","parent":"004_zi_shuye1","color":{}},{"z":32,"name":"004_zi_guozi1","parent":"004_zi_guozi1","color":{}},{"z":33,"name":"004_zi_faguang1","parent":"004_zi_faguang1","color":{}},{"z":34,"name":"004_zi_faguang2","parent":"004_zi_faguang2","color":{}}]}],"name":"ui_tanlanzhidao_guoshu_xiao","version":"4.0"}