{"frameRate":30,"isGlobal":0,"armature":[{"bone":[{"name":"root","transform":{}},{"length":334,"transform":{"y":-227.88,"skX":90.43,"skY":90.43,"x":-424.52},"parent":"root","name":"111"},{"length":380,"transform":{"y":-409.1,"skX":-2.27,"skY":-2.27,"x":-87.26},"parent":"root","name":"222"},{"length":329,"transform":{"y":235.21,"skX":179.12,"skY":179.12,"x":330.53},"parent":"root","name":"333"},{"length":139,"transform":{"scY":2,"y":-1.04,"skX":0.4,"skY":0.4,"scX":2,"x":-2.71},"parent":"root","name":"daoguang2_eff/0_00000"},{"length":139,"transform":{"scY":2,"y":-1.04,"skX":0.4,"skY":0.4,"scX":2,"x":-2.71},"parent":"root","name":"daoguang2_eff/0_0"},{"length":172,"transform":{"y":-35.22,"skX":170.53,"skY":170.53,"x":176.92},"parent":"root","name":"lan_chongji_04_eff_01"},{"length":172,"transform":{"y":71.6,"skX":-165.64,"skY":-165.64,"x":237.74},"parent":"root","name":"lan_chongji_04_eff_1"},{"length":172,"transform":{"y":-80.95,"skX":164.38,"skY":164.38,"x":266.99},"parent":"root","name":"lan_chongji_04_eff_2"},{"length":172,"transform":{"y":61.02,"skX":-12.64,"skY":-12.64,"x":-231.96},"parent":"root","name":"lan_chongji_04_eff_3"},{"length":184,"transform":{"y":-83.28,"skX":17.92,"skY":17.92,"x":-254.19},"parent":"root","name":"lan_chongji_04_eff_04"},{"length":184,"transform":{"y":14.55,"skX":-178.1,"skY":-178.1,"x":278.2},"parent":"root","name":"lan_chongji_04_eff_4"},{"length":184,"transform":{"y":-8.19,"skX":2.61,"skY":2.61,"x":-170.51},"parent":"root","name":"lan_chongji_04_eff_5"},{"length":184,"transform":{"y":5.52,"skX":-0.68,"skY":-0.68,"x":-319.2},"parent":"root","name":"lan_chongji_04_eff_6"},{"length":150,"transform":{"y":-0.93,"skX":172.67,"skY":172.67,"x":-0.51},"parent":"root","name":"lan_fazhen_02_eff/lan_fazhen_02_eff_01"},{"length":150,"transform":{"y":-0.93,"skX":-159.41,"skY":-159.41,"x":-0.51},"parent":"root","name":"lan_fazhen_02_eff/lan_fazhen_02_eff_1"}],"type":"Armature","frameRate":30,"animation":[{"bone":[{"frame":[{"tweenEasing":0,"transform":{"scY":0.645,"scX":-1.548},"duration":17},{"tweenEasing":0,"transform":{"scY":0.431,"scX":-1},"duration":2},{"transform":{"scY":0.412,"scX":-1},"duration":1},{"transform":{"scY":0.412,"scX":-1},"duration":15},{"transform":{"scY":0.412,"scX":-1},"duration":0}],"name":"daoguang2_eff/0_00000"},{"frame":[{"transform":{},"duration":35}],"name":"root"},{"frame":[{"transform":{},"duration":35}],"name":"111"},{"frame":[{"transform":{},"duration":35}],"name":"222"},{"frame":[{"transform":{},"duration":35}],"name":"333"},{"frame":[{"transform":{},"duration":35}],"name":"daoguang2_eff/0_0"},{"frame":[{"transform":{},"duration":35}],"name":"lan_chongji_04_eff_01"},{"frame":[{"transform":{},"duration":35}],"name":"lan_chongji_04_eff_1"},{"frame":[{"transform":{},"duration":35}],"name":"lan_chongji_04_eff_2"},{"frame":[{"transform":{},"duration":35}],"name":"lan_chongji_04_eff_3"},{"frame":[{"transform":{},"duration":35}],"name":"lan_chongji_04_eff_04"},{"frame":[{"transform":{},"duration":35}],"name":"lan_chongji_04_eff_4"},{"frame":[{"transform":{},"duration":35}],"name":"lan_chongji_04_eff_5"},{"frame":[{"transform":{},"duration":35}],"name":"lan_chongji_04_eff_6"},{"frame":[{"transform":{},"duration":35}],"name":"lan_fazhen_02_eff/lan_fazhen_02_eff_01"},{"frame":[{"transform":{},"duration":35}],"name":"lan_fazhen_02_eff/lan_fazhen_02_eff_1"}],"slot":[{"frame":[{"tweenEasing":0,"duration":2},{"displayIndex":1,"tweenEasing":0,"duration":2},{"displayIndex":2,"tweenEasing":0,"duration":3},{"tweenEasing":0,"duration":3},{"displayIndex":1,"tweenEasing":0,"duration":4},{"displayIndex":2,"tweenEasing":0,"duration":3},{"displayIndex":3,"tweenEasing":0,"color":{"aM":0},"duration":2},{"displayIndex":4,"tweenEasing":0,"duration":1},{"displayIndex":4,"tweenEasing":0,"duration":2},{"displayIndex":5,"tweenEasing":0,"duration":13},{"displayIndex":5,"tweenEasing":null,"color":{"aM":0},"duration":0}],"name":"daoguang2_eff/0_00000"},{"frame":[{"displayIndex":-1,"tweenEasing":null,"duration":35}],"name":"daoguang2_eff/0_0"}],"ffd":[],"frame":[],"name":"0000_daoguang1","duration":35,"ik":[]},{"bone":[{"frame":[{"transform":{"scY":4.221,"y":-253.32,"skX":-24.29,"skY":-24.29,"scX":7.624,"x":1441.46},"duration":10},{"tweenEasing":0,"transform":{"scY":4.221,"y":-253.32,"skX":-24.29,"skY":-24.29,"scX":7.624,"x":1441.46},"duration":2},{"transform":{"scY":1.704,"y":622.43,"skX":-24.29,"skY":-24.29,"scX":3.077,"x":-309.22},"duration":18},{"transform":{"scY":1.704,"y":622.43,"skX":-24.29,"skY":-24.29,"scX":3.077,"x":-309.22},"duration":10},{"transform":{"scY":1.704,"y":622.43,"skX":-24.29,"skY":-24.29,"scX":3.077,"x":-309.22},"duration":0}],"name":"222"},{"frame":[{"transform":{"y":1350.79,"x":409.2},"duration":10},{"tweenEasing":0,"transform":{"y":1350.79,"x":409.2},"duration":2},{"transform":{"scY":1.429,"y":-145.2,"scX":2.271,"x":419.81},"duration":18},{"transform":{"scY":1.429,"y":-145.2,"scX":2.271,"x":419.81},"duration":10},{"transform":{"scY":1.429,"y":-145.2,"scX":2.271,"x":419.81},"duration":0}],"name":"111"},{"frame":[{"tweenEasing":0,"transform":{"scY":1.817,"y":-162.05,"scX":3.381,"x":-1750.11},"duration":10},{"tweenEasing":0,"transform":{"scY":1.817,"y":-162.05,"scX":3.381,"x":-1750.11},"duration":2},{"transform":{"scY":1.817,"y":-231.37,"scX":3.381,"x":71.93},"duration":28}],"name":"333"},{"frame":[{"transform":{},"duration":40}],"name":"root"},{"frame":[{"transform":{},"duration":40}],"name":"daoguang2_eff/0_00000"},{"frame":[{"transform":{},"duration":40}],"name":"daoguang2_eff/0_0"},{"frame":[{"transform":{},"duration":40}],"name":"lan_chongji_04_eff_01"},{"frame":[{"transform":{},"duration":40}],"name":"lan_chongji_04_eff_1"},{"frame":[{"transform":{},"duration":40}],"name":"lan_chongji_04_eff_2"},{"frame":[{"transform":{},"duration":40}],"name":"lan_chongji_04_eff_3"},{"frame":[{"transform":{},"duration":40}],"name":"lan_chongji_04_eff_04"},{"frame":[{"transform":{},"duration":40}],"name":"lan_chongji_04_eff_4"},{"frame":[{"transform":{},"duration":40}],"name":"lan_chongji_04_eff_5"},{"frame":[{"transform":{},"duration":40}],"name":"lan_chongji_04_eff_6"},{"frame":[{"transform":{},"duration":40}],"name":"lan_fazhen_02_eff/lan_fazhen_02_eff_01"},{"frame":[{"transform":{},"duration":40}],"name":"lan_fazhen_02_eff/lan_fazhen_02_eff_1"}],"slot":[{"frame":[{"tweenEasing":0,"color":{"aM":0,"bM":0,"rM":0,"gM":0},"duration":10},{"tweenEasing":0,"color":{"aM":0,"bM":0,"rM":0,"gM":0},"duration":2},{"tweenEasing":0,"duration":18},{"tweenEasing":0,"color":{"bM":0,"rM":0,"gM":0},"duration":10},{"tweenEasing":null,"color":{"aM":0,"bM":0,"rM":0,"gM":0},"duration":0}],"name":"111"},{"frame":[{"tweenEasing":0,"color":{"aM":0,"bM":0,"rM":0,"gM":0},"duration":10},{"tweenEasing":0,"color":{"aM":0,"bM":0,"rM":0,"gM":0},"duration":2},{"tweenEasing":0,"duration":18},{"tweenEasing":0,"color":{"bM":0,"rM":0,"gM":0},"duration":10},{"tweenEasing":null,"color":{"aM":0,"bM":0,"rM":0,"gM":0},"duration":0}],"name":"222"},{"frame":[{"displayIndex":-1,"tweenEasing":0,"color":{"aM":0,"bM":0,"rM":0,"gM":0},"duration":10},{"tweenEasing":0,"color":{"aM":0,"bM":0,"rM":0,"gM":0},"duration":2},{"tweenEasing":0,"duration":18},{"tweenEasing":0,"color":{"bM":0,"rM":0,"gM":0},"duration":10},{"tweenEasing":null,"color":{"aM":0,"bM":0,"rM":0,"gM":0},"duration":0}],"name":"333"},{"frame":[{"displayIndex":-1,"tweenEasing":0,"duration":10},{"displayIndex":-1,"tweenEasing":null,"duration":30}],"name":"daoguang2_eff/0_0"},{"frame":[{"displayIndex":-1,"tweenEasing":0,"duration":10},{"displayIndex":-1,"tweenEasing":null,"duration":30}],"name":"daoguang2_eff/0_00000"}],"ffd":[],"frame":[],"name":"0001_daoguang2","duration":40,"ik":[]},{"bone":[{"frame":[{"tweenEasing":0,"transform":{"scY":0.431,"scX":-1},"duration":3},{"curve":[0,0.96,0.75,1],"transform":{"scY":0.412,"scX":-1},"duration":1},{"transform":{"scY":0.412,"scX":-1},"duration":16},{"transform":{"scY":1.169,"scX":-2},"duration":10}],"name":"daoguang2_eff/0_00000"},{"frame":[{"tweenEasing":0,"transform":{},"duration":1},{"transform":{"scY":0.394},"duration":2},{"tweenEasing":0,"transform":{"scY":0.394},"duration":17},{"transform":{"scY":0.584,"scX":1.481},"duration":10}],"name":"daoguang2_eff/0_0"},{"frame":[{"transform":{"scY":1.047,"scX":2.752},"duration":30}],"name":"lan_fazhen_02_eff/lan_fazhen_02_eff_01"},{"frame":[{"transform":{"skX":177.07,"skY":177.07,"scX":2.783},"duration":30}],"name":"lan_fazhen_02_eff/lan_fazhen_02_eff_1"},{"frame":[{"curve":[0,0.4725,0.8125,1],"transform":{},"duration":30},{"transform":{"scY":-2.46,"y":-62.65,"scX":1.686,"x":454.14},"duration":0}],"name":"lan_chongji_04_eff_01"},{"frame":[{"curve":[0,0.4725,0.8125,1],"transform":{},"duration":30},{"transform":{"scY":-2.507,"y":124.39,"scX":3.15,"x":306.36},"duration":0}],"name":"lan_chongji_04_eff_1"},{"frame":[{"curve":[0,0.4725,0.8125,1],"transform":{},"duration":30},{"transform":{"scY":-3.681,"y":-159.07,"scX":1.966,"x":105.04},"duration":0}],"name":"lan_chongji_04_eff_2"},{"frame":[{"curve":[0,0.4725,0.8125,1],"transform":{},"duration":30},{"transform":{"scY":-2.085,"y":126.66,"scX":1.966,"x":-247.09},"duration":0}],"name":"lan_chongji_04_eff_3"},{"frame":[{"curve":[0,0.4725,0.8125,1],"transform":{},"duration":30},{"transform":{"scY":-2.339,"y":-145.21,"scX":2.113,"x":-355.84},"duration":0}],"name":"lan_chongji_04_eff_04"},{"frame":[{"curve":[0,0.4725,0.8125,1],"transform":{},"duration":30},{"transform":{"scY":-5.945,"y":26.6,"skX":5.27,"skY":5.27,"scX":1.798,"x":-35.39},"duration":0}],"name":"lan_chongji_04_eff_4"},{"frame":[{"curve":[0,0.4725,0.8125,1],"transform":{},"duration":30},{"transform":{"scY":-5.25,"y":-76.15,"skX":4.35,"skY":4.35,"scX":1.78,"x":-123.3},"duration":0}],"name":"lan_chongji_04_eff_5"},{"frame":[{"tweenEasing":0,"transform":{},"duration":30},{"transform":{"scY":2.094,"y":5.51,"x":-352.44},"duration":0}],"name":"lan_chongji_04_eff_6"},{"frame":[{"transform":{},"duration":30}],"name":"root"},{"frame":[{"transform":{},"duration":30}],"name":"111"},{"frame":[{"transform":{},"duration":30}],"name":"222"},{"frame":[{"transform":{},"duration":30}],"name":"333"}],"slot":[{"frame":[{"displayIndex":3,"tweenEasing":0,"color":{"aM":0},"duration":3},{"displayIndex":4,"tweenEasing":0,"color":{"aM":74,"bM":0,"rM":0,"gM":0},"duration":1},{"displayIndex":4,"tweenEasing":0,"duration":2},{"displayIndex":5,"tweenEasing":0,"duration":14},{"displayIndex":5,"tweenEasing":null,"color":{"aM":0},"duration":10}],"name":"daoguang2_eff/0_00000"},{"frame":[{"displayIndex":-1,"tweenEasing":0,"duration":1},{"displayIndex":3,"tweenEasing":0,"color":{"aM":0},"duration":2},{"displayIndex":4,"tweenEasing":0,"duration":3},{"displayIndex":5,"tweenEasing":0,"duration":14},{"displayIndex":5,"tweenEasing":null,"color":{"aM":0},"duration":10}],"name":"daoguang2_eff/0_0"},{"frame":[{"tweenEasing":0,"color":{"aM":0},"duration":5},{"tweenEasing":null,"duration":10},{"tweenEasing":0,"duration":15},{"tweenEasing":null,"color":{"aM":0},"duration":0}],"name":"lan_chongji_04_eff_01"},{"frame":[{"tweenEasing":0,"color":{"aM":0},"duration":5},{"tweenEasing":null,"duration":10},{"tweenEasing":0,"duration":15},{"tweenEasing":null,"color":{"aM":0},"duration":0}],"name":"lan_chongji_04_eff_1"},{"frame":[{"tweenEasing":0,"color":{"aM":0},"duration":5},{"tweenEasing":null,"duration":10},{"tweenEasing":0,"duration":15},{"tweenEasing":null,"color":{"aM":0},"duration":0}],"name":"lan_chongji_04_eff_2"},{"frame":[{"tweenEasing":0,"color":{"aM":0},"duration":5},{"tweenEasing":null,"duration":10},{"tweenEasing":0,"duration":15},{"tweenEasing":null,"color":{"aM":0},"duration":0}],"name":"lan_chongji_04_eff_3"},{"frame":[{"tweenEasing":0,"color":{"aM":0},"duration":5},{"tweenEasing":null,"duration":10},{"tweenEasing":0,"duration":15},{"tweenEasing":null,"color":{"aM":0},"duration":0}],"name":"lan_chongji_04_eff_04"},{"frame":[{"tweenEasing":0,"color":{"aM":0},"duration":5},{"tweenEasing":null,"duration":10},{"tweenEasing":0,"duration":15},{"tweenEasing":null,"color":{"aM":0},"duration":0}],"name":"lan_chongji_04_eff_4"},{"frame":[{"tweenEasing":0,"color":{"aM":0},"duration":5},{"tweenEasing":null,"duration":10},{"tweenEasing":0,"duration":15},{"tweenEasing":null,"color":{"aM":0},"duration":0}],"name":"lan_chongji_04_eff_5"},{"frame":[{"tweenEasing":0,"color":{"aM":0},"duration":5},{"tweenEasing":null,"duration":10},{"tweenEasing":0,"duration":15},{"tweenEasing":null,"color":{"aM":0},"duration":0}],"name":"lan_chongji_04_eff_6"},{"frame":[{"tweenEasing":0,"color":{"bM":0,"rM":0,"gM":0},"duration":3},{"displayIndex":1,"tweenEasing":0,"color":{"bM":0,"rM":0,"gM":0},"duration":3},{"displayIndex":2,"tweenEasing":0,"duration":3},{"displayIndex":3,"tweenEasing":0,"duration":3},{"displayIndex":4,"tweenEasing":0,"color":{"bM":0,"rM":0,"gM":0},"duration":8},{"displayIndex":4,"tweenEasing":null,"color":{"aM":0,"bM":0,"rM":0,"gM":0},"duration":10}],"name":"lan_fazhen_02_eff/lan_fazhen_02_eff_01"},{"frame":[{"tweenEasing":0,"duration":3},{"displayIndex":1,"tweenEasing":0,"duration":3},{"displayIndex":2,"tweenEasing":0,"duration":3},{"displayIndex":3,"tweenEasing":0,"duration":3},{"displayIndex":4,"tweenEasing":0,"duration":8},{"displayIndex":4,"tweenEasing":null,"color":{"aM":0},"duration":10}],"name":"lan_fazhen_02_eff/lan_fazhen_02_eff_1"}],"ffd":[],"frame":[],"name":"0002_daoguang3","duration":30,"ik":[]}],"skin":[{"slot":[{"display":[{"path":"lan_chongji_04_eff_01","type":"image","name":"lan_chongji_04_eff_01","transform":{"y":-2.5,"skX":-178.84,"skY":-178.84,"x":88.42}}],"name":"lan_chongji_04_eff_1"},{"display":[{"path":"333","type":"image","name":"333","transform":{"y":9.81,"skX":-179.11,"skY":-179.11,"x":145.84}}],"name":"333"},{"display":[{"path":"lan_chongji_04_eff_01","type":"image","name":"lan_chongji_04_eff_01","transform":{"y":-2.5,"skX":-178.84,"skY":-178.84,"x":88.42}}],"name":"lan_chongji_04_eff_3"},{"display":[{"path":"daoguang2_eff/0_00000","type":"image","name":"daoguang2_eff/0_00000","transform":{"y":1.02,"skX":-0.38,"skY":-0.38,"x":2.72}},{"path":"daoguang2_eff/0_00001","type":"image","name":"daoguang2_eff/0_00001","transform":{"y":1.02,"skX":-0.38,"skY":-0.38,"x":2.72}},{"path":"daoguang2_eff/0_00002","type":"image","name":"daoguang2_eff/0_00002","transform":{"y":1.02,"skX":-0.38,"skY":-0.38,"x":2.72}},{"path":"daoguang2_eff/0_00003","type":"image","name":"daoguang2_eff/0_00003","transform":{"y":1.02,"skX":-0.38,"skY":-0.38,"x":2.72}},{"path":"daoguang2_eff/0_00004","type":"image","name":"daoguang2_eff/0_00004","transform":{"y":1.02,"skX":-0.38,"skY":-0.38,"x":2.72}},{"path":"daoguang2_eff/0_00005","type":"image","name":"daoguang2_eff/0_00005","transform":{"y":1.02,"skX":-0.38,"skY":-0.38,"x":2.72}}],"blendMode":"add","name":"daoguang2_eff/0_00000"},{"display":[{"path":"lan_chongji_04_eff_04","type":"image","name":"lan_chongji_04_eff_04","transform":{"y":1.76,"skX":-179.57,"skY":-179.57,"x":61.51}}],"name":"lan_chongji_04_eff_4"},{"display":[{"path":"lan_fazhen_02_eff/lan_fazhen_02_eff_01","type":"image","name":"lan_fazhen_02_eff/lan_fazhen_02_eff_01","transform":{"y":-0.99,"skX":-172.64,"skY":-172.64,"x":-0.39}},{"path":"lan_fazhen_02_eff/lan_fazhen_02_eff_02","type":"image","name":"lan_fazhen_02_eff/lan_fazhen_02_eff_02","transform":{"y":-0.99,"skX":-172.64,"skY":-172.64,"x":-0.39}},{"path":"lan_fazhen_02_eff/lan_fazhen_02_eff_03","type":"image","name":"lan_fazhen_02_eff/lan_fazhen_02_eff_03","transform":{"y":-0.99,"skX":-172.64,"skY":-172.64,"x":-0.39}},{"path":"lan_fazhen_02_eff/lan_fazhen_02_eff_04","type":"image","name":"lan_fazhen_02_eff/lan_fazhen_02_eff_04","transform":{"y":-0.99,"skX":-172.64,"skY":-172.64,"x":-0.39}},{"path":"lan_fazhen_02_eff/lan_fazhen_02_eff_05","type":"image","name":"lan_fazhen_02_eff/lan_fazhen_02_eff_05","transform":{"y":-0.99,"skX":-172.64,"skY":-172.64,"x":-0.39}}],"name":"lan_fazhen_02_eff/lan_fazhen_02_eff_01"},{"display":[{"path":"lan_chongji_04_eff_04","type":"image","name":"lan_chongji_04_eff_04","transform":{"y":1.76,"skX":-179.57,"skY":-179.57,"x":61.51}}],"name":"lan_chongji_04_eff_6"},{"display":[{"path":"lan_chongji_04_eff_01","type":"image","name":"lan_chongji_04_eff_01","transform":{"y":-2.5,"skX":-178.84,"skY":-178.84,"x":88.42}}],"name":"lan_chongji_04_eff_01"},{"display":[{"path":"222","type":"image","name":"222","transform":{"y":2.26,"skX":2.27,"skY":2.27,"x":183.78}}],"name":"222"},{"display":[{"path":"lan_chongji_04_eff_01","type":"image","name":"lan_chongji_04_eff_01","transform":{"y":-2.5,"skX":-178.84,"skY":-178.84,"x":88.42}}],"name":"lan_chongji_04_eff_2"},{"display":[{"path":"lan_chongji_04_eff_04","type":"image","name":"lan_chongji_04_eff_04","transform":{"y":1.76,"skX":-179.57,"skY":-179.57,"x":61.51}}],"name":"lan_chongji_04_eff_04"},{"display":[{"path":"daoguang2_eff/0_00000","type":"image","name":"daoguang2_eff/0_00000","transform":{"y":1.02,"skX":-0.38,"skY":-0.38,"x":2.72}},{"path":"daoguang2_eff/0_00001","type":"image","name":"daoguang2_eff/0_00001","transform":{"y":1.02,"skX":-0.38,"skY":-0.38,"x":2.72}},{"path":"daoguang2_eff/0_00002","type":"image","name":"daoguang2_eff/0_00002","transform":{"y":1.02,"skX":-0.38,"skY":-0.38,"x":2.72}},{"path":"daoguang2_eff/0_00003","type":"image","name":"daoguang2_eff/0_00003","transform":{"y":1.02,"skX":-0.38,"skY":-0.38,"x":2.72}},{"path":"daoguang2_eff/0_00004","type":"image","name":"daoguang2_eff/0_00004","transform":{"y":1.02,"skX":-0.38,"skY":-0.38,"x":2.72}},{"path":"daoguang2_eff/0_00005","type":"image","name":"daoguang2_eff/0_00005","transform":{"y":1.02,"skX":-0.38,"skY":-0.38,"x":2.72}}],"blendMode":"add","name":"daoguang2_eff/0_0"},{"display":[{"path":"lan_chongji_04_eff_04","type":"image","name":"lan_chongji_04_eff_04","transform":{"y":1.76,"skX":-179.57,"skY":-179.57,"x":61.51}}],"name":"lan_chongji_04_eff_5"},{"display":[{"path":"lan_fazhen_02_eff/lan_fazhen_02_eff_01","type":"image","name":"lan_fazhen_02_eff/lan_fazhen_02_eff_01","transform":{"y":-0.99,"skX":-172.64,"skY":-172.64,"x":-0.39}},{"path":"lan_fazhen_02_eff/lan_fazhen_02_eff_02","type":"image","name":"lan_fazhen_02_eff/lan_fazhen_02_eff_02","transform":{"y":-0.99,"skX":-172.64,"skY":-172.64,"x":-0.39}},{"path":"lan_fazhen_02_eff/lan_fazhen_02_eff_03","type":"image","name":"lan_fazhen_02_eff/lan_fazhen_02_eff_03","transform":{"y":-0.99,"skX":-172.64,"skY":-172.64,"x":-0.39}},{"path":"lan_fazhen_02_eff/lan_fazhen_02_eff_04","type":"image","name":"lan_fazhen_02_eff/lan_fazhen_02_eff_04","transform":{"y":-0.99,"skX":-172.64,"skY":-172.64,"x":-0.39}},{"path":"lan_fazhen_02_eff/lan_fazhen_02_eff_05","type":"image","name":"lan_fazhen_02_eff/lan_fazhen_02_eff_05","transform":{"y":-0.99,"skX":-172.64,"skY":-172.64,"x":-0.39}}],"name":"lan_fazhen_02_eff/lan_fazhen_02_eff_1"},{"display":[{"path":"111","type":"image","name":"111","transform":{"y":3.99,"skX":-90.4,"skY":-90.4,"x":146.01}}],"name":"111"}],"name":""}],"slot":[{"blendMode":"add","parent":"daoguang2_eff/0_00000","name":"daoguang2_eff/0_00000","color":{}},{"blendMode":"add","z":1,"parent":"daoguang2_eff/0_0","name":"daoguang2_eff/0_0","color":{}},{"z":2,"displayIndex":-1,"name":"lan_fazhen_02_eff/lan_fazhen_02_eff_01","parent":"lan_fazhen_02_eff/lan_fazhen_02_eff_01","color":{}},{"z":3,"displayIndex":-1,"name":"lan_fazhen_02_eff/lan_fazhen_02_eff_1","parent":"lan_fazhen_02_eff/lan_fazhen_02_eff_1","color":{}},{"z":4,"displayIndex":-1,"name":"lan_chongji_04_eff_01","parent":"lan_chongji_04_eff_01","color":{"bM":0,"rM":0,"gM":0}},{"z":5,"displayIndex":-1,"name":"lan_chongji_04_eff_1","parent":"lan_chongji_04_eff_1","color":{"bM":0,"rM":0,"gM":0}},{"z":6,"displayIndex":-1,"name":"lan_chongji_04_eff_2","parent":"lan_chongji_04_eff_2","color":{"bM":0,"rM":0,"gM":0}},{"z":7,"displayIndex":-1,"name":"lan_chongji_04_eff_3","parent":"lan_chongji_04_eff_3","color":{"bM":0,"rM":0,"gM":0}},{"z":8,"displayIndex":-1,"name":"lan_chongji_04_eff_04","parent":"lan_chongji_04_eff_04","color":{"bM":0,"rM":0,"gM":0}},{"z":9,"displayIndex":-1,"name":"lan_chongji_04_eff_4","parent":"lan_chongji_04_eff_4","color":{"bM":0,"rM":0,"gM":0}},{"z":10,"displayIndex":-1,"name":"lan_chongji_04_eff_5","parent":"lan_chongji_04_eff_5","color":{"bM":0,"rM":0,"gM":0}},{"z":11,"displayIndex":-1,"name":"lan_chongji_04_eff_6","parent":"lan_chongji_04_eff_6","color":{"bM":0,"rM":0,"gM":0}},{"z":12,"displayIndex":-1,"name":"111","parent":"111","color":{}},{"z":13,"displayIndex":-1,"name":"222","parent":"222","color":{}},{"z":14,"displayIndex":-1,"name":"333","parent":"333","color":{}}],"aabb":{"width":325,"y":-98.96207165734009,"height":200,"x":-159.7843743399705},"defaultActions":[{"gotoAndPlay":"0000_daoguang1"}],"name":"armatureName","ik":[]}],"name":"wj_056_xinchang_eff","version":"4.0"}