{"frameRate":60,"isGlobal":0,"name":"buff_kongzhi","version":"4.0","armature":[{"slot":[{"blendMode":"add","parent":"007_shuimian","name":"007_shuimian","color":{}},{"blendMode":"add","z":1,"parent":"002_xuanyun","name":"002_xuanyun","color":{}},{"blendMode":"add","z":2,"parent":"000_chenmo_eff","name":"000_chenmo_eff","color":{}},{"blendMode":"add","z":3,"parent":"008_bingdong_eff","name":"008_bingdong_eff","color":{}},{"blendMode":"add","z":4,"parent":"001_zhandan","name":"001_zhandan","color":{}},{"blendMode":"add","z":5,"parent":"001_hongzhadan","name":"001_hongzhadan","color":{}}],"ik":[],"type":"Armature","frameRate":60,"bone":[{"name":"root","transform":{}},{"inheritScale":false,"transform":{},"name":"008_bingdong_eff","parent":"root"},{"inheritScale":false,"transform":{},"name":"002_xuanyun","parent":"root"},{"inheritScale":false,"transform":{},"name":"000_chenmo_eff","parent":"root"},{"inheritScale":false,"transform":{},"name":"007_shuimian","parent":"root"},{"inheritScale":false,"transform":{},"name":"001_zhandan","parent":"root"},{"inheritScale":false,"transform":{},"name":"001_hongzhadan","parent":"001_zhandan"}],"aabb":{"width":183,"y":-115,"height":230,"x":-91.5},"skin":[{"name":"","slot":[{"display":[{"path":"xuanyun/xuanyun 01","type":"image","name":"xuanyun/xuanyun 01","transform":{}},{"path":"xuanyun/xuanyun 02","type":"image","name":"xuanyun/xuanyun 02","transform":{}},{"path":"xuanyun/xuanyun 03","type":"image","name":"xuanyun/xuanyun 03","transform":{}},{"path":"xuanyun/xuanyun 05","type":"image","name":"xuanyun/xuanyun 05","transform":{}},{"path":"xuanyun/xuanyun 06","type":"image","name":"xuanyun/xuanyun 06","transform":{}},{"path":"xuanyun/xuanyun 07","type":"image","name":"xuanyun/xuanyun 07","transform":{}},{"path":"xuanyun/xuanyun 08","type":"image","name":"xuanyun/xuanyun 08","transform":{}},{"path":"xuanyun/xuanyun 09","type":"image","name":"xuanyun/xuanyun 09","transform":{}},{"path":"xuanyun/xuanyun 10","type":"image","name":"xuanyun/xuanyun 10","transform":{}}],"blendMode":"add","name":"002_xuanyun"},{"display":[{"path":"shuimian/016","type":"image","name":"shuimian/016","transform":{}},{"path":"shuimian/017","type":"image","name":"shuimian/017","transform":{}},{"path":"shuimian/018","type":"image","name":"shuimian/018","transform":{}},{"path":"shuimian/019","type":"image","name":"shuimian/019","transform":{}},{"path":"shuimian/020","type":"image","name":"shuimian/020","transform":{}},{"path":"shuimian/021","type":"image","name":"shuimian/021","transform":{}},{"path":"shuimian/022","type":"image","name":"shuimian/022","transform":{}},{"path":"shuimian/023","type":"image","name":"shuimian/023","transform":{}},{"path":"shuimian/024","type":"image","name":"shuimian/024","transform":{}},{"path":"shuimian/025","type":"image","name":"shuimian/025","transform":{}}],"blendMode":"add","name":"007_shuimian"},{"display":[{"path":"zhandan/mogu_dj_zhadan_002","type":"image","name":"zhandan/mogu_dj_zhadan_002","transform":{}}],"blendMode":"add","name":"001_zhandan"},{"display":[{"path":"bingdong_eff/bingdong_eff","type":"image","name":"bingdong_eff/bingdong_eff","transform":{}}],"blendMode":"add","name":"008_bingdong_eff"},{"display":[{"path":"chenmo/chenmo1","type":"image","name":"chenmo/chenmo1","transform":{}}],"blendMode":"add","name":"000_chenmo_eff"},{"display":[{"path":"zhandan/mogu_dj_zhadan_003","type":"image","name":"zhandan/mogu_dj_zhadan_003","transform":{}}],"blendMode":"add","name":"001_hongzhadan"}]}],"animation":[{"slot":[{"frame":[{"tweenEasing":null,"displayIndex":-1,"duration":20}],"name":"001_zhandan"},{"frame":[{"tweenEasing":0,"duration":10},{"tweenEasing":0,"duration":10},{"tweenEasing":null,"duration":0}],"name":"000_chenmo_eff"},{"frame":[{"tweenEasing":null,"displayIndex":-1,"duration":20}],"name":"007_shuimian"},{"frame":[{"tweenEasing":null,"displayIndex":-1,"duration":20}],"name":"002_xuanyun"},{"frame":[{"tweenEasing":null,"displayIndex":-1,"duration":20}],"name":"008_bingdong_eff"},{"frame":[{"tweenEasing":null,"displayIndex":-1,"duration":20}],"name":"001_hongzhadan"}],"frame":[],"ik":[],"bone":[{"frame":[{"duration":20,"transform":{}}],"name":"001_zhandan"},{"frame":[{"tweenEasing":0,"duration":10,"transform":{"y":-21,"scX":0.6,"scY":0.6,"x":20}},{"tweenEasing":0,"duration":10,"transform":{"y":-21,"scX":0.65,"scY":0.65,"x":20}},{"duration":0,"transform":{"y":-21,"scX":0.6,"scY":0.6,"x":20}}],"name":"000_chenmo_eff"},{"frame":[{"duration":20,"transform":{}}],"name":"root"},{"frame":[{"duration":20,"transform":{}}],"name":"008_bingdong_eff"},{"frame":[{"duration":20,"transform":{}}],"name":"002_xuanyun"},{"frame":[{"duration":20,"transform":{}}],"name":"007_shuimian"},{"frame":[{"duration":20,"transform":{}}],"name":"001_hongzhadan"}],"ffd":[],"duration":20,"name":"000_chenmo","playTimes":0},{"slot":[{"frame":[{"tweenEasing":0,"duration":5},{"tweenEasing":0,"displayIndex":1,"duration":5},{"tweenEasing":0,"displayIndex":2,"duration":5},{"tweenEasing":0,"displayIndex":3,"duration":5},{"tweenEasing":0,"displayIndex":4,"duration":5},{"tweenEasing":0,"displayIndex":5,"duration":5},{"tweenEasing":0,"displayIndex":6,"duration":5},{"tweenEasing":0,"displayIndex":7,"duration":5},{"tweenEasing":null,"displayIndex":8,"duration":0}],"name":"002_xuanyun"},{"frame":[{"tweenEasing":null,"displayIndex":-1,"duration":40}],"name":"007_shuimian"},{"frame":[{"tweenEasing":null,"displayIndex":-1,"duration":40}],"name":"000_chenmo_eff"},{"frame":[{"tweenEasing":null,"displayIndex":-1,"duration":40}],"name":"008_bingdong_eff"},{"frame":[{"tweenEasing":null,"displayIndex":-1,"duration":40}],"name":"001_zhandan"},{"frame":[{"tweenEasing":null,"displayIndex":-1,"duration":40}],"name":"001_hongzhadan"}],"frame":[],"ik":[],"bone":[{"frame":[{"tweenEasing":0,"duration":5,"transform":{"y":-10,"scX":0.7,"scY":0.7}},{"tweenEasing":0,"duration":5,"transform":{"y":-10,"scX":0.7,"scY":0.7}},{"tweenEasing":0,"duration":5,"transform":{"y":-10,"scX":0.7,"scY":0.7}},{"tweenEasing":0,"duration":5,"transform":{"y":-10,"scX":0.7,"scY":0.7}},{"tweenEasing":0,"duration":5,"transform":{"y":-10,"scX":0.7,"scY":0.7}},{"tweenEasing":0,"duration":5,"transform":{"y":-10,"scX":0.7,"scY":0.7}},{"tweenEasing":0,"duration":5,"transform":{"y":-10,"scX":0.7,"scY":0.7}},{"tweenEasing":0,"duration":5,"transform":{"y":-10,"scX":0.7,"scY":0.7}},{"duration":0,"transform":{"y":-10,"scX":0.7,"scY":0.7}}],"name":"002_xuanyun"},{"frame":[{"duration":40,"transform":{}}],"name":"root"},{"frame":[{"duration":40,"transform":{}}],"name":"008_bingdong_eff"},{"frame":[{"duration":40,"transform":{}}],"name":"000_chenmo_eff"},{"frame":[{"duration":40,"transform":{}}],"name":"007_shuimian"},{"frame":[{"duration":40,"transform":{}}],"name":"001_zhandan"},{"frame":[{"duration":40,"transform":{}}],"name":"001_hongzhadan"}],"ffd":[],"duration":40,"name":"001_xuanyun","playTimes":0},{"slot":[{"frame":[{"tweenEasing":0,"duration":5},{"tweenEasing":0,"displayIndex":1,"duration":5},{"tweenEasing":0,"displayIndex":2,"duration":5},{"tweenEasing":0,"displayIndex":3,"duration":5},{"tweenEasing":0,"displayIndex":4,"duration":5},{"tweenEasing":0,"displayIndex":5,"duration":5},{"tweenEasing":0,"displayIndex":6,"duration":5},{"tweenEasing":0,"displayIndex":7,"duration":5},{"tweenEasing":0,"displayIndex":8,"duration":5},{"tweenEasing":null,"displayIndex":9,"duration":0}],"name":"007_shuimian"},{"frame":[{"tweenEasing":null,"displayIndex":-1,"duration":45}],"name":"002_xuanyun"},{"frame":[{"tweenEasing":null,"displayIndex":-1,"duration":45}],"name":"000_chenmo_eff"},{"frame":[{"tweenEasing":null,"displayIndex":-1,"duration":45}],"name":"008_bingdong_eff"},{"frame":[{"tweenEasing":null,"displayIndex":-1,"duration":45}],"name":"001_zhandan"},{"frame":[{"tweenEasing":null,"displayIndex":-1,"duration":45}],"name":"001_hongzhadan"}],"frame":[],"ik":[],"bone":[{"frame":[{"tweenEasing":0,"duration":5,"transform":{"y":46,"scX":0.8,"scY":0.8,"x":18}},{"tweenEasing":0,"duration":5,"transform":{"y":46,"scX":0.8,"scY":0.8,"x":18}},{"tweenEasing":0,"duration":5,"transform":{"y":46,"scX":0.8,"scY":0.8,"x":18}},{"tweenEasing":0,"duration":5,"transform":{"y":46,"scX":0.8,"scY":0.8,"x":18}},{"tweenEasing":0,"duration":5,"transform":{"y":46,"scX":0.8,"scY":0.8,"x":18}},{"tweenEasing":0,"duration":5,"transform":{"y":46,"scX":0.8,"scY":0.8,"x":18}},{"tweenEasing":0,"duration":5,"transform":{"y":46,"scX":0.8,"scY":0.8,"x":18}},{"tweenEasing":0,"duration":5,"transform":{"y":46,"scX":0.8,"scY":0.8,"x":18}},{"tweenEasing":0,"duration":5,"transform":{"y":46,"scX":0.8,"scY":0.8,"x":18}},{"duration":0,"transform":{"y":46,"scX":0.8,"scY":0.8,"x":18}}],"name":"007_shuimian"},{"frame":[{"duration":45,"transform":{}}],"name":"root"},{"frame":[{"duration":45,"transform":{}}],"name":"008_bingdong_eff"},{"frame":[{"duration":45,"transform":{}}],"name":"002_xuanyun"},{"frame":[{"duration":45,"transform":{}}],"name":"000_chenmo_eff"},{"frame":[{"duration":45,"transform":{}}],"name":"001_zhandan"},{"frame":[{"duration":45,"transform":{}}],"name":"001_hongzhadan"}],"ffd":[],"duration":45,"name":"002_shuimian","playTimes":0},{"slot":[{"frame":[{"tweenEasing":0,"duration":60,"color":{"aM":70}},{"tweenEasing":0,"duration":60},{"tweenEasing":null,"duration":0,"color":{"aM":70}}],"name":"008_bingdong_eff"},{"frame":[{"tweenEasing":null,"displayIndex":-1,"duration":120}],"name":"007_shuimian"},{"frame":[{"tweenEasing":null,"displayIndex":-1,"duration":120}],"name":"002_xuanyun"},{"frame":[{"tweenEasing":null,"displayIndex":-1,"duration":120}],"name":"000_chenmo_eff"},{"frame":[{"tweenEasing":null,"displayIndex":-1,"duration":120}],"name":"001_zhandan"},{"frame":[{"tweenEasing":null,"displayIndex":-1,"duration":120}],"name":"001_hongzhadan"}],"frame":[],"ik":[],"bone":[{"frame":[{"tweenEasing":0,"duration":60,"transform":{}},{"tweenEasing":0,"duration":60,"transform":{}},{"duration":0,"transform":{}}],"name":"008_bingdong_eff"},{"frame":[{"duration":120,"transform":{}}],"name":"root"},{"frame":[{"duration":120,"transform":{}}],"name":"002_xuanyun"},{"frame":[{"duration":120,"transform":{}}],"name":"000_chenmo_eff"},{"frame":[{"duration":120,"transform":{}}],"name":"007_shuimian"},{"frame":[{"duration":120,"transform":{}}],"name":"001_zhandan"},{"frame":[{"duration":120,"transform":{}}],"name":"001_hongzhadan"}],"ffd":[],"duration":120,"name":"003_bingdong","playTimes":0},{"slot":[{"frame":[{"tweenEasing":0,"duration":10,"color":{"aM":0}},{"tweenEasing":0,"duration":10},{"tweenEasing":0,"duration":10,"color":{"aM":0}},{"tweenEasing":0,"duration":10},{"tweenEasing":0,"duration":10,"color":{"aM":0}},{"tweenEasing":0,"duration":10},{"tweenEasing":null,"duration":0,"color":{"aM":0}}],"name":"001_hongzhadan"},{"frame":[{"tweenEasing":0,"duration":30},{"tweenEasing":0,"duration":30},{"tweenEasing":null,"duration":0}],"name":"001_zhandan"},{"frame":[{"tweenEasing":null,"displayIndex":-1,"duration":60}],"name":"007_shuimian"},{"frame":[{"tweenEasing":null,"displayIndex":-1,"duration":60}],"name":"002_xuanyun"},{"frame":[{"tweenEasing":null,"displayIndex":-1,"duration":60}],"name":"000_chenmo_eff"},{"frame":[{"tweenEasing":null,"displayIndex":-1,"duration":60}],"name":"008_bingdong_eff"}],"frame":[],"ik":[],"bone":[{"frame":[{"tweenEasing":0,"duration":10,"transform":{}},{"tweenEasing":0,"duration":10,"transform":{}},{"tweenEasing":0,"duration":10,"transform":{}},{"tweenEasing":0,"duration":10,"transform":{}},{"tweenEasing":0,"duration":10,"transform":{}},{"tweenEasing":0,"duration":10,"transform":{}},{"duration":0,"transform":{}}],"name":"001_hongzhadan"},{"frame":[{"tweenEasing":0,"duration":30,"transform":{"y":-5,"scX":0.5,"scY":0.5}},{"tweenEasing":0,"duration":30,"transform":{"y":-8,"scX":0.51,"scY":0.51}},{"duration":0,"transform":{"y":-5,"scX":0.5,"scY":0.5}}],"name":"001_zhandan"},{"frame":[{"duration":60,"transform":{}}],"name":"root"},{"frame":[{"duration":60,"transform":{}}],"name":"008_bingdong_eff"},{"frame":[{"duration":60,"transform":{}}],"name":"002_xuanyun"},{"frame":[{"duration":60,"transform":{}}],"name":"000_chenmo_eff"},{"frame":[{"duration":60,"transform":{}}],"name":"007_shuimian"}],"ffd":[],"duration":60,"name":"004_zhadan","playTimes":0}],"defaultActions":[{"gotoAndPlay":"000_chenmo"}],"name":"armatureName"}]}