{"frameRate":30,"isGlobal":0,"armature":[{"bone":[{"name":"root","transform":{}},{"transform":{},"name":"Fuji","parent":"root"},{"transform":{"y":3.16,"x":107.56},"name":"hand_l","parent":"root"},{"transform":{"y":10.74,"x":-85.63},"name":"leg_l","parent":"root"},{"transform":{"y":-40.12,"x":-55.9},"name":"leg_l2","parent":"root"},{"transform":{"y":-27.24,"x":75.07},"name":"arm_l","parent":"root"},{"transform":{"y":-9.6,"x":90.02},"name":"arm_l2","parent":"root"},{"transform":{"y":7.74,"x":61.69},"name":"hand_r","parent":"root"},{"transform":{"y":-14.6,"x":37.16},"name":"arm_r","parent":"root"},{"transform":{"y":-0.56,"x":45.45},"name":"arm_r2","parent":"root"},{"transform":{"y":-3.15,"x":-96.04},"name":"leg_r2","parent":"root"},{"transform":{"y":1.54,"x":-25.47},"name":"foot_l","parent":"root"},{"transform":{"y":-41.15,"x":-101.76},"name":"leg_r","parent":"root"},{"transform":{"y":-8.5,"x":-35.46},"name":"leg_l3","parent":"root"},{"transform":{"y":-113,"x":-65},"name":"bip","parent":"Fuji"},{"length":21,"transform":{"y":0.19,"skX":156.78,"skY":156.78,"x":-4.3},"parent":"bip","name":"Tail"},{"length":52,"transform":{"y":0.49,"skX":88.12,"skY":88.12,"x":0.02},"parent":"bip","name":"Thigh_R"},{"length":47,"transform":{"y":-1.57,"skX":17.88,"skY":17.88,"x":17.82},"parent":"bip","name":"Body"},{"length":54,"transform":{"y":2.56,"skX":58.58,"skY":58.58,"x":15.75},"parent":"bip","name":"Thigh_L"},{"length":42,"transform":{"y":-0.2,"skX":87.12,"skY":87.12,"x":54.46},"parent":"Thigh_L","name":"Fibula_L"},{"length":50,"transform":{"y":-0.04,"skX":-20.76,"skY":-20.76,"x":47.4},"parent":"Body","name":"spine"},{"length":42,"transform":{"y":0.06,"skX":65.83,"skY":65.83,"x":52.6},"parent":"Thigh_R","name":"Fibula_R"},{"length":28,"transform":{"y":-0.74,"skX":-51.75,"skY":-51.75,"x":21.74},"parent":"Tail","name":"Tail2"},{"length":33,"transform":{"y":-0.54,"skX":8.64,"skY":8.64,"x":54.33},"parent":"spine","name":"Neck"},{"length":37,"transform":{"y":0.09,"skX":-88.35,"skY":-88.35,"x":42.62},"parent":"Fibula_L","name":"Leg_L"},{"length":30,"transform":{"y":-0.11,"skX":12.07,"skY":12.07,"x":28.74},"parent":"Tail2","name":"Tail3"},{"transform":{"y":44.42,"x":12.99},"name":"belly","parent":"spine"},{"length":39,"transform":{"y":21.27,"skX":116.65,"skY":116.65,"x":34.98},"parent":"spine","name":"UpArm_R"},{"length":38,"transform":{"y":-0.01,"skX":-72.5,"skY":-72.5,"x":42.89},"parent":"Fibula_R","name":"Leg_R"},{"length":37,"transform":{"y":28.45,"skX":134.62,"skY":134.62,"x":86.44},"parent":"spine","name":"UpArm_L"},{"length":91,"transform":{"y":5.64,"skX":24.04,"skY":24.04,"x":35.1},"parent":"Neck","name":"Head"},{"length":13,"transform":{"y":-0.16,"skX":-12,"skY":-12,"x":37.72},"parent":"Leg_L","name":"Foot_L"},{"length":17,"transform":{"y":-0.03,"skX":-28.57,"skY":-28.57,"x":38.36},"parent":"Leg_R","name":"Foot_R"},{"length":35,"transform":{"y":0.08,"skX":-55.99,"skY":-55.99,"x":39.76},"parent":"UpArm_R","name":"Arm_R"},{"length":25,"transform":{"y":-0.03,"skX":-76.14,"skY":-76.14,"x":37.43},"parent":"UpArm_L","name":"Arm_L"},{"length":31,"transform":{"skX":30.29,"skY":30.29,"x":30.55},"parent":"Tail3","name":"Tail4"},{"length":40,"transform":{"y":-0.13,"skX":44.04,"skY":44.04,"x":31.27},"parent":"Tail4","name":"Tail5"},{"length":22,"transform":{"y":0.09,"skX":-5.67,"skY":-5.67,"x":25.19},"parent":"Arm_L","name":"Wrist_L"},{"length":34,"transform":{"y":-32.76,"skX":-128.19,"skY":-128.19,"x":12.28},"parent":"Head","name":"Ear_L"},{"length":29,"transform":{"y":-19.26,"skX":-151.85,"skY":-151.85,"x":-3.84},"parent":"Head","name":"Ear_R"},{"length":16,"transform":{"y":-0.27,"skX":1.19,"skY":1.19,"x":35.24},"parent":"Arm_R","name":"Wrist_R"},{"length":16,"transform":{"y":-1.19,"skX":-30.8,"skY":-30.8,"x":17.9},"parent":"Wrist_R","name":"Hand_R"},{"length":42,"transform":{"y":-0.5,"skX":-5.3,"skY":-5.3,"x":31.12},"parent":"Ear_R","name":"Ear_R2"},{"length":19,"transform":{"y":-0.68,"skX":-13.5,"skY":-13.5,"x":25.35},"parent":"Wrist_L","name":"Hand_L"},{"length":29,"transform":{"y":0.14,"skX":17.46,"skY":17.46,"x":34.72},"parent":"Ear_L","name":"Ear_L2"}],"type":"Armature","frameRate":30,"animation":[{"bone":[{"frame":[{"transform":{},"duration":40},{"transform":{},"duration":40},{"transform":{},"duration":0}],"name":"Fuji"},{"frame":[{"curve":[0.25,0,0.75,1],"transform":{"skX":-0.59,"skY":-0.59},"duration":20},{"curve":[0.25,0,0.75,1],"transform":{"y":2.11,"skX":0.67,"skY":0.67,"x":-1.07},"duration":20},{"tweenEasing":0,"transform":{"skX":-0.59,"skY":-0.59},"duration":20},{"curve":[0.25,0,0.75,1],"transform":{"y":2.11,"skX":0.67,"skY":0.67,"x":-1.07},"duration":20},{"transform":{"skX":-0.59,"skY":-0.59},"duration":0}],"name":"bip"},{"frame":[{"curve":[0.25,0,0.75,1],"transform":{"skX":-1.17,"skY":-1.17},"duration":20},{"curve":[0.25,0,0.75,1],"transform":{"skX":0.17,"skY":0.17},"duration":20},{"tweenEasing":0,"transform":{"skX":-1.17,"skY":-1.17},"duration":20},{"curve":[0.25,0,0.75,1],"transform":{"skX":0.17,"skY":0.17},"duration":20},{"transform":{"skX":-1.17,"skY":-1.17},"duration":0}],"name":"Body"},{"frame":[{"curve":[0.25,0,0.75,1],"transform":{"skX":-1.9,"skY":-1.9},"duration":20},{"curve":[0.25,0,0.75,1],"transform":{"skX":0.58,"skY":0.58},"duration":20},{"tweenEasing":0,"transform":{"skX":-1.9,"skY":-1.9},"duration":20},{"curve":[0.25,0,0.75,1],"transform":{"skX":0.58,"skY":0.58},"duration":20},{"transform":{"skX":-1.9,"skY":-1.9},"duration":0}],"name":"spine"},{"frame":[{"curve":[0.25,0,0.75,1],"transform":{"skX":-1.93,"skY":-1.93},"duration":20},{"curve":[0.25,0,0.75,1],"transform":{"scY":1.009,"skX":-0.68,"skY":-0.68,"scX":1.009},"duration":20},{"tweenEasing":0,"transform":{"skX":-1.93,"skY":-1.93},"duration":20},{"curve":[0.25,0,0.75,1],"transform":{"scY":1.009,"skX":-0.68,"skY":-0.68,"scX":1.009},"duration":20},{"transform":{"skX":-1.93,"skY":-1.93},"duration":0}],"name":"Neck"},{"frame":[{"curve":[0.25,0,0.75,1],"transform":{"skX":2.25,"skY":2.25},"duration":20},{"curve":[0.25,0,0.75,1],"transform":{"skX":6.56,"skY":6.56},"duration":20},{"tweenEasing":0,"transform":{"skX":2.25,"skY":2.25},"duration":20},{"curve":[0.25,0,0.75,1],"transform":{"skX":6.56,"skY":6.56},"duration":20},{"transform":{"skX":2.25,"skY":2.25},"duration":0}],"name":"Head"},{"frame":[{"transform":{},"duration":40},{"transform":{},"duration":40},{"transform":{},"duration":0}],"name":"UpArm_R"},{"frame":[{"transform":{},"duration":40},{"transform":{},"duration":40},{"transform":{},"duration":0}],"name":"Arm_R"},{"frame":[{"transform":{},"duration":40},{"transform":{},"duration":40},{"transform":{},"duration":0}],"name":"Wrist_R"},{"frame":[{"transform":{},"duration":40},{"transform":{},"duration":40},{"transform":{},"duration":0}],"name":"Hand_R"},{"frame":[{"transform":{},"duration":40},{"transform":{},"duration":40},{"transform":{},"duration":0}],"name":"UpArm_L"},{"frame":[{"transform":{},"duration":40},{"transform":{},"duration":40},{"transform":{},"duration":0}],"name":"Arm_L"},{"frame":[{"transform":{},"duration":40},{"transform":{},"duration":40},{"transform":{},"duration":0}],"name":"Wrist_L"},{"frame":[{"transform":{},"duration":40},{"transform":{},"duration":40},{"transform":{},"duration":0}],"name":"Hand_L"},{"frame":[{"transform":{},"duration":40},{"transform":{},"duration":40},{"transform":{},"duration":0}],"name":"Thigh_R"},{"frame":[{"transform":{},"duration":40},{"transform":{},"duration":40},{"transform":{},"duration":0}],"name":"Fibula_R"},{"frame":[{"transform":{},"duration":40},{"transform":{},"duration":40},{"transform":{},"duration":0}],"name":"Leg_R"},{"frame":[{"transform":{},"duration":40},{"transform":{},"duration":40},{"transform":{},"duration":0}],"name":"Foot_R"},{"frame":[{"transform":{},"duration":40},{"transform":{},"duration":40},{"transform":{},"duration":0}],"name":"Thigh_L"},{"frame":[{"transform":{},"duration":40},{"transform":{},"duration":40},{"transform":{},"duration":0}],"name":"Fibula_L"},{"frame":[{"transform":{},"duration":40},{"transform":{},"duration":40},{"transform":{},"duration":0}],"name":"Leg_L"},{"frame":[{"transform":{},"duration":40},{"transform":{},"duration":40},{"transform":{},"duration":0}],"name":"Foot_L"},{"frame":[{"curve":[0.25,0,0.75,1],"transform":{"skX":3.53,"skY":3.53},"duration":20},{"curve":[0.25,0,0.75,1],"transform":{"skX":-1.77,"skY":-1.77},"duration":20},{"tweenEasing":0,"transform":{"skX":3.53,"skY":3.53},"duration":20},{"curve":[0.25,0,0.75,1],"transform":{"skX":-1.77,"skY":-1.77},"duration":20},{"transform":{"skX":3.53,"skY":3.53},"duration":0}],"name":"Tail"},{"frame":[{"curve":[0.25,0,0.75,1],"transform":{"skX":3.53,"skY":3.53},"duration":20},{"curve":[0.25,0,0.75,1],"transform":{"skX":-4.34,"skY":-4.34},"duration":20},{"tweenEasing":0,"transform":{"skX":3.53,"skY":3.53},"duration":20},{"curve":[0.25,0,0.75,1],"transform":{"skX":-4.34,"skY":-4.34},"duration":20},{"transform":{"skX":3.53,"skY":3.53},"duration":0}],"name":"Tail2"},{"frame":[{"curve":[0.25,0,0.75,1],"transform":{"skX":3.53,"skY":3.53},"duration":20},{"curve":[0.25,0,0.75,1],"transform":{"skX":-8.56,"skY":-8.56},"duration":20},{"tweenEasing":0,"transform":{"skX":3.53,"skY":3.53},"duration":20},{"curve":[0.25,0,0.75,1],"transform":{"skX":-8.56,"skY":-8.56},"duration":20},{"transform":{"skX":3.53,"skY":3.53},"duration":0}],"name":"Tail3"},{"frame":[{"curve":[0.25,0,0.75,1],"transform":{"skX":3.53,"skY":3.53},"duration":20},{"curve":[0.25,0,0.75,1],"transform":{"skX":-10.6,"skY":-10.6},"duration":20},{"tweenEasing":0,"transform":{"skX":3.53,"skY":3.53},"duration":20},{"curve":[0.25,0,0.75,1],"transform":{"skX":-10.6,"skY":-10.6},"duration":20},{"transform":{"skX":3.53,"skY":3.53},"duration":0}],"name":"Tail4"},{"frame":[{"curve":[0.25,0,0.75,1],"transform":{},"duration":20},{"curve":[0.25,0,0.75,1],"transform":{"skX":-4.41,"skY":-4.41},"duration":20},{"tweenEasing":0,"transform":{},"duration":15},{"tweenEasing":0,"transform":{"skX":-2.32,"skY":-2.32},"duration":3},{"tweenEasing":0,"transform":{"skX":-14,"skY":-14},"duration":2},{"tweenEasing":0,"transform":{"skX":0.31,"skY":0.31},"duration":2},{"tweenEasing":0,"transform":{"skX":-14,"skY":-14},"duration":1},{"tweenEasing":0,"transform":{"skX":0.31,"skY":0.31},"duration":17},{"transform":{},"duration":0}],"name":"Ear_R"},{"frame":[{"curve":[0.25,0,0.75,1],"transform":{},"duration":20},{"curve":[0.25,0,0.75,1],"transform":{"skX":-13.13,"skY":-13.13},"duration":20},{"tweenEasing":0,"transform":{},"duration":15},{"tweenEasing":0,"transform":{"skX":-3.52,"skY":-3.52},"duration":3},{"tweenEasing":0,"transform":{"skX":-33.65,"skY":-33.65},"duration":2},{"tweenEasing":0,"transform":{"skX":-10.18,"skY":-10.18},"duration":2},{"tweenEasing":0,"transform":{"skX":-33.65,"skY":-33.65},"duration":1},{"tweenEasing":0,"transform":{"skX":-10.18,"skY":-10.18},"duration":17},{"transform":{},"duration":0}],"name":"Ear_R2"},{"frame":[{"curve":[0.25,0,0.75,1],"transform":{},"duration":20},{"curve":[0.25,0,0.75,1],"transform":{"skX":3.79,"skY":3.79},"duration":20},{"tweenEasing":0,"transform":{},"duration":15},{"tweenEasing":0,"transform":{"skX":1.41,"skY":1.41},"duration":3},{"tweenEasing":0,"transform":{"skX":9.33,"skY":9.33},"duration":2},{"tweenEasing":0,"transform":{"skX":-3.55,"skY":-3.55},"duration":2},{"tweenEasing":0,"transform":{"skX":9.33,"skY":9.33},"duration":1},{"tweenEasing":0,"transform":{"skX":-3.55,"skY":-3.55},"duration":17},{"transform":{},"duration":0}],"name":"Ear_L"},{"frame":[{"curve":[0.25,0,0.75,1],"transform":{},"duration":20},{"curve":[0.25,0,0.75,1],"transform":{"skX":12.56,"skY":12.56},"duration":20},{"tweenEasing":0,"transform":{},"duration":15},{"tweenEasing":0,"transform":{"skX":6.8,"skY":6.8},"duration":3},{"tweenEasing":0,"transform":{"skX":23.99,"skY":23.99},"duration":2},{"tweenEasing":0,"transform":{"skX":0.13,"skY":0.13},"duration":2},{"tweenEasing":0,"transform":{"skX":23.99,"skY":23.99},"duration":1},{"tweenEasing":0,"transform":{"skX":0.13,"skY":0.13},"duration":17},{"transform":{},"duration":0}],"name":"Ear_L2"},{"frame":[{"transform":{},"duration":40},{"transform":{},"duration":40},{"transform":{},"duration":0}],"name":"arm_r"},{"frame":[{"transform":{},"duration":40},{"transform":{},"duration":40},{"transform":{},"duration":0}],"name":"arm_r2"},{"frame":[{"transform":{},"duration":40},{"transform":{},"duration":40},{"transform":{},"duration":0}],"name":"hand_r"},{"frame":[{"transform":{},"duration":40},{"transform":{},"duration":40},{"transform":{},"duration":0}],"name":"arm_l"},{"frame":[{"transform":{},"duration":40},{"transform":{},"duration":40},{"transform":{},"duration":0}],"name":"arm_l2"},{"frame":[{"transform":{},"duration":40},{"transform":{},"duration":40},{"transform":{},"duration":0}],"name":"hand_l"},{"frame":[{"transform":{},"duration":40},{"transform":{},"duration":40},{"transform":{},"duration":0}],"name":"leg_r"},{"frame":[{"transform":{},"duration":40},{"transform":{},"duration":40},{"transform":{},"duration":0}],"name":"leg_r2"},{"frame":[{"transform":{},"duration":40},{"transform":{},"duration":40},{"transform":{},"duration":0}],"name":"leg_l"},{"frame":[{"transform":{},"duration":40},{"transform":{},"duration":40},{"transform":{},"duration":0}],"name":"leg_l2"},{"frame":[{"transform":{},"duration":40},{"transform":{},"duration":40},{"transform":{},"duration":0}],"name":"foot_l"},{"frame":[{"curve":[0.25,0,0.75,1],"transform":{},"duration":20},{"curve":[0.25,0,0.75,1],"transform":{"scY":1.246,"y":1.51,"skX":-3.9,"skY":-3.9,"scX":1.246,"x":-9.17},"duration":20},{"tweenEasing":0,"transform":{},"duration":20},{"curve":[0.25,0,0.75,1],"transform":{"scY":1.246,"y":1.51,"skX":-3.9,"skY":-3.9,"scX":1.246,"x":-9.17},"duration":20},{"transform":{},"duration":0}],"name":"belly"},{"frame":[{"transform":{},"duration":80},{"transform":{},"duration":0}],"name":"leg_l3"},{"frame":[{"curve":[0.25,0,0.75,1],"transform":{},"duration":20},{"curve":[0.25,0,0.75,1],"transform":{"skX":-7.65,"skY":-7.65},"duration":20},{"curve":[0.25,0,0.75,1],"transform":{},"duration":20},{"curve":[0.25,0,0.75,1],"transform":{"skX":-7.65,"skY":-7.65},"duration":20},{"transform":{},"duration":0}],"name":"Tail5"},{"frame":[{"transform":{},"duration":80}],"name":"root"}],"slot":[{"frame":[{"displayIndex":-1,"tweenEasing":0,"duration":40},{"displayIndex":-1,"tweenEasing":0,"duration":10},{"tweenEasing":0,"duration":3},{"displayIndex":-1,"tweenEasing":0,"duration":27},{"displayIndex":-1,"tweenEasing":null,"duration":0}],"name":"Eye"}],"ffd":[],"frame":[],"name":"0000_daiji","duration":80,"ik":[]},{"bone":[{"frame":[{"transform":{},"duration":32},{"transform":{},"duration":0}],"name":"Fuji"},{"frame":[{"tweenEasing":0,"transform":{"y":-21.83,"skX":-3.82,"skY":-3.82,"x":-0.17},"duration":2},{"tweenEasing":0,"transform":{"y":-20.17,"skX":-3.82,"skY":-3.82,"x":0.88},"duration":2},{"tweenEasing":0,"transform":{"y":-20.17,"skX":-12.83,"skY":-12.83,"x":0.88},"duration":2},{"tweenEasing":0,"transform":{"y":-3.25,"skX":-12.83,"skY":-12.83,"x":0.61},"duration":2},{"tweenEasing":0,"transform":{"y":-3.25,"skX":-5,"skY":-5,"x":0.61},"duration":2},{"tweenEasing":0,"transform":{"y":-11.3,"skX":-5,"skY":-5,"x":1.04},"duration":2},{"tweenEasing":0,"transform":{"y":-11.3,"skX":2.42,"skY":2.42,"x":1.04},"duration":4},{"tweenEasing":0,"transform":{"y":-21.83,"skX":-3.82,"skY":-3.82,"x":-0.17},"duration":2},{"tweenEasing":0,"transform":{"y":-20.17,"skX":-3.82,"skY":-3.82,"x":0.88},"duration":2},{"tweenEasing":0,"transform":{"y":-20.17,"skX":-12.83,"skY":-12.83,"x":0.88},"duration":2},{"tweenEasing":0,"transform":{"y":-3.25,"skX":-12.83,"skY":-12.83,"x":0.61},"duration":2},{"tweenEasing":0,"transform":{"y":-3.25,"skX":-5,"skY":-5,"x":0.61},"duration":2},{"tweenEasing":0,"transform":{"y":-11.3,"skX":-5,"skY":-5,"x":1.04},"duration":2},{"tweenEasing":0,"transform":{"y":-11.3,"skX":2.42,"skY":2.42,"x":1.04},"duration":4},{"transform":{"y":-21.83,"skX":-3.82,"skY":-3.82,"x":-0.17},"duration":0}],"name":"bip"},{"frame":[{"tweenEasing":0,"transform":{"skX":-9.15,"skY":-9.15},"duration":2},{"tweenEasing":0,"transform":{"skX":-18.76,"skY":-18.76},"duration":2},{"tweenEasing":0,"transform":{"skX":-22.27,"skY":-22.27},"duration":2},{"tweenEasing":0,"transform":{"skX":-23.09,"skY":-23.09},"duration":2},{"tweenEasing":0,"transform":{"skX":-9.48,"skY":-9.48},"duration":2},{"tweenEasing":0,"transform":{"skX":-9.71,"skY":-9.71},"duration":2},{"tweenEasing":0,"transform":{"skX":-9.19,"skY":-9.19},"duration":2},{"tweenEasing":0,"transform":{"skX":-12.83,"skY":-12.83},"duration":2},{"tweenEasing":0,"transform":{"skX":-9.15,"skY":-9.15},"duration":2},{"tweenEasing":0,"transform":{"skX":-18.76,"skY":-18.76},"duration":2},{"tweenEasing":0,"transform":{"skX":-22.27,"skY":-22.27},"duration":2},{"tweenEasing":0,"transform":{"skX":-23.09,"skY":-23.09},"duration":2},{"tweenEasing":0,"transform":{"skX":-9.48,"skY":-9.48},"duration":2},{"tweenEasing":0,"transform":{"skX":-9.71,"skY":-9.71},"duration":2},{"tweenEasing":0,"transform":{"skX":-9.19,"skY":-9.19},"duration":2},{"tweenEasing":0,"transform":{"skX":-12.83,"skY":-12.83},"duration":2},{"transform":{"skX":-9.15,"skY":-9.15},"duration":0}],"name":"Body"},{"frame":[{"tweenEasing":0,"transform":{"skX":24.45,"skY":24.45},"duration":2},{"tweenEasing":0,"transform":{"skX":42.99,"skY":42.99},"duration":2},{"tweenEasing":0,"transform":{"skX":24.43,"skY":24.43},"duration":2},{"tweenEasing":0,"transform":{"skX":12.46,"skY":12.46},"duration":2},{"tweenEasing":0,"transform":{"skX":2.96,"skY":2.96},"duration":2},{"tweenEasing":0,"transform":{"skX":4.28,"skY":4.28},"duration":2},{"tweenEasing":0,"transform":{"skX":13.29,"skY":13.29},"duration":2},{"tweenEasing":0,"transform":{"skX":23.92,"skY":23.92},"duration":2},{"tweenEasing":0,"transform":{"skX":24.45,"skY":24.45},"duration":2},{"tweenEasing":0,"transform":{"skX":42.99,"skY":42.99},"duration":2},{"tweenEasing":0,"transform":{"skX":24.43,"skY":24.43},"duration":2},{"tweenEasing":0,"transform":{"skX":12.46,"skY":12.46},"duration":2},{"tweenEasing":0,"transform":{"skX":2.96,"skY":2.96},"duration":2},{"tweenEasing":0,"transform":{"skX":4.28,"skY":4.28},"duration":2},{"tweenEasing":0,"transform":{"skX":13.29,"skY":13.29},"duration":2},{"tweenEasing":0,"transform":{"skX":23.92,"skY":23.92},"duration":2},{"transform":{"skX":24.45,"skY":24.45},"duration":0}],"name":"spine"},{"frame":[{"tweenEasing":0,"transform":{"skX":-4.35,"skY":-4.35},"duration":2},{"tweenEasing":0,"transform":{"skX":-4,"skY":-4},"duration":2},{"tweenEasing":0,"transform":{"skX":4.44,"skY":4.44},"duration":2},{"tweenEasing":0,"transform":{"skX":2.05,"skY":2.05},"duration":2},{"tweenEasing":0,"transform":{"skX":0.04,"skY":0.04},"duration":2},{"tweenEasing":0,"transform":{"skX":-2.86,"skY":-2.86},"duration":2},{"tweenEasing":0,"transform":{"skX":-3.46,"skY":-3.46},"duration":2},{"tweenEasing":0,"transform":{"skX":-4.72,"skY":-4.72},"duration":2},{"tweenEasing":0,"transform":{"skX":-4.35,"skY":-4.35},"duration":2},{"tweenEasing":0,"transform":{"skX":-4,"skY":-4},"duration":2},{"tweenEasing":0,"transform":{"skX":4.44,"skY":4.44},"duration":2},{"tweenEasing":0,"transform":{"skX":2.05,"skY":2.05},"duration":2},{"tweenEasing":0,"transform":{"skX":0.04,"skY":0.04},"duration":2},{"tweenEasing":0,"transform":{"skX":-2.86,"skY":-2.86},"duration":2},{"tweenEasing":0,"transform":{"skX":-3.46,"skY":-3.46},"duration":2},{"tweenEasing":0,"transform":{"skX":-4.72,"skY":-4.72},"duration":2},{"transform":{"skX":-4.35,"skY":-4.35},"duration":0}],"name":"Neck"},{"frame":[{"tweenEasing":0,"transform":{"skX":-3.27,"skY":-3.27},"duration":2},{"tweenEasing":0,"transform":{"skX":-6.68,"skY":-6.68},"duration":2},{"tweenEasing":0,"transform":{"skX":2.34,"skY":2.34},"duration":2},{"tweenEasing":0,"transform":{"skX":3.5,"skY":3.5},"duration":2},{"tweenEasing":0,"transform":{"skX":-1.84,"skY":-1.84},"duration":2},{"tweenEasing":0,"transform":{"skX":-5.81,"skY":-5.81},"duration":2},{"tweenEasing":0,"transform":{"skX":-11.4,"skY":-11.4},"duration":2},{"tweenEasing":0,"transform":{"skX":-7.62,"skY":-7.62},"duration":2},{"tweenEasing":0,"transform":{"skX":-3.27,"skY":-3.27},"duration":2},{"tweenEasing":0,"transform":{"skX":-6.68,"skY":-6.68},"duration":2},{"tweenEasing":0,"transform":{"skX":2.34,"skY":2.34},"duration":2},{"tweenEasing":0,"transform":{"skX":3.5,"skY":3.5},"duration":2},{"tweenEasing":0,"transform":{"skX":-1.84,"skY":-1.84},"duration":2},{"tweenEasing":0,"transform":{"skX":-5.81,"skY":-5.81},"duration":2},{"tweenEasing":0,"transform":{"skX":-11.4,"skY":-11.4},"duration":2},{"tweenEasing":0,"transform":{"skX":-7.62,"skY":-7.62},"duration":2},{"transform":{"skX":-3.27,"skY":-3.27},"duration":0}],"name":"Head"},{"frame":[{"tweenEasing":0,"transform":{"skX":15.58,"skY":15.58},"duration":2},{"tweenEasing":0,"transform":{"skX":-17.94,"skY":-17.94},"duration":2},{"tweenEasing":0,"transform":{"skX":-57.55,"skY":-57.55},"duration":2},{"tweenEasing":0,"transform":{"skX":-67.82,"skY":-67.82},"duration":2},{"tweenEasing":0,"transform":{"skX":-57.93,"skY":-57.93,"scX":1.058},"duration":2},{"tweenEasing":0,"transform":{"skX":-38.5,"skY":-38.5,"scX":1.058},"duration":2},{"tweenEasing":0,"transform":{"skX":-8.45,"skY":-8.45,"scX":1.058},"duration":1},{"tweenEasing":0,"transform":{"skX":-4.75,"skY":-4.75,"scX":1.058},"duration":1},{"tweenEasing":0,"transform":{"skX":24.48,"skY":24.48,"scX":1.058},"duration":2},{"tweenEasing":0,"transform":{"skX":15.58,"skY":15.58},"duration":2},{"tweenEasing":0,"transform":{"skX":-17.94,"skY":-17.94},"duration":2},{"tweenEasing":0,"transform":{"skX":-57.55,"skY":-57.55},"duration":2},{"tweenEasing":0,"transform":{"skX":-67.82,"skY":-67.82},"duration":2},{"tweenEasing":0,"transform":{"skX":-57.93,"skY":-57.93,"scX":1.058},"duration":2},{"tweenEasing":0,"transform":{"skX":-38.5,"skY":-38.5,"scX":1.058},"duration":2},{"tweenEasing":0,"transform":{"skX":-8.45,"skY":-8.45,"scX":1.058},"duration":1},{"tweenEasing":0,"transform":{"skX":-4.75,"skY":-4.75,"scX":1.058},"duration":1},{"tweenEasing":0,"transform":{"skX":24.48,"skY":24.48,"scX":1.058},"duration":2},{"transform":{"skX":15.58,"skY":15.58},"duration":0}],"name":"UpArm_R"},{"frame":[{"tweenEasing":0,"transform":{"skX":24.95,"skY":24.95},"duration":2},{"tweenEasing":0,"transform":{"skX":-16.33,"skY":-16.33},"duration":2},{"tweenEasing":0,"transform":{"skX":15.71,"skY":15.71},"duration":2},{"tweenEasing":0,"transform":{"skX":3.95,"skY":3.95},"duration":2},{"tweenEasing":0,"transform":{"skX":42.95,"skY":42.95},"duration":2},{"tweenEasing":0,"transform":{"skX":48.62,"skY":48.62},"duration":1},{"tweenEasing":0,"transform":{"skX":43.41,"skY":43.41},"duration":1},{"tweenEasing":0,"transform":{"skX":26.7,"skY":26.7},"duration":1},{"tweenEasing":0,"transform":{"skX":42.2,"skY":42.2},"duration":1},{"tweenEasing":0,"transform":{"skX":36.14,"skY":36.14},"duration":2},{"tweenEasing":0,"transform":{"skX":24.95,"skY":24.95},"duration":2},{"tweenEasing":0,"transform":{"skX":-16.33,"skY":-16.33},"duration":2},{"tweenEasing":0,"transform":{"skX":15.71,"skY":15.71},"duration":2},{"tweenEasing":0,"transform":{"skX":3.95,"skY":3.95},"duration":2},{"tweenEasing":0,"transform":{"skX":42.95,"skY":42.95},"duration":2},{"tweenEasing":0,"transform":{"skX":48.62,"skY":48.62},"duration":1},{"tweenEasing":0,"transform":{"skX":43.41,"skY":43.41},"duration":1},{"tweenEasing":0,"transform":{"skX":26.7,"skY":26.7},"duration":1},{"tweenEasing":0,"transform":{"skX":42.2,"skY":42.2},"duration":1},{"tweenEasing":0,"transform":{"skX":36.14,"skY":36.14},"duration":2},{"transform":{"skX":24.95,"skY":24.95},"duration":0}],"name":"Arm_R"},{"frame":[{"tweenEasing":0,"transform":{"skX":21.9,"skY":21.9},"duration":2},{"tweenEasing":0,"transform":{"skX":26.11,"skY":26.11},"duration":2},{"tweenEasing":0,"transform":{"skX":6.01,"skY":6.01},"duration":2},{"tweenEasing":0,"transform":{"skX":-13.46,"skY":-13.46},"duration":2},{"tweenEasing":0,"transform":{"skX":-8.62,"skY":-8.62},"duration":2},{"tweenEasing":0,"transform":{"skX":5.94,"skY":5.94},"duration":2},{"tweenEasing":0,"transform":{"skX":-21.52,"skY":-21.52},"duration":2},{"tweenEasing":0,"transform":{"skX":4.21,"skY":4.21},"duration":2},{"tweenEasing":0,"transform":{"skX":21.9,"skY":21.9},"duration":2},{"tweenEasing":0,"transform":{"skX":26.11,"skY":26.11},"duration":2},{"tweenEasing":0,"transform":{"skX":6.01,"skY":6.01},"duration":2},{"tweenEasing":0,"transform":{"skX":-13.46,"skY":-13.46},"duration":2},{"tweenEasing":0,"transform":{"skX":-8.62,"skY":-8.62},"duration":2},{"tweenEasing":0,"transform":{"skX":5.94,"skY":5.94},"duration":2},{"tweenEasing":0,"transform":{"skX":-21.52,"skY":-21.52},"duration":2},{"tweenEasing":0,"transform":{"skX":4.21,"skY":4.21},"duration":2},{"transform":{"skX":21.9,"skY":21.9},"duration":0}],"name":"Wrist_R"},{"frame":[{"tweenEasing":0,"transform":{"skX":18.72,"skY":18.72},"duration":2},{"tweenEasing":0,"transform":{"skX":62.23,"skY":62.23},"duration":2},{"tweenEasing":0,"transform":{"skX":69.19,"skY":69.19},"duration":2},{"tweenEasing":0,"transform":{"skX":-8.13,"skY":-8.13},"duration":2},{"tweenEasing":0,"transform":{"skX":-9.15,"skY":-9.15},"duration":2},{"tweenEasing":0,"transform":{"skX":4.28,"skY":4.28},"duration":1},{"tweenEasing":0,"transform":{"skX":-8.53,"skY":-8.53},"duration":1},{"tweenEasing":0,"transform":{"skX":0.16,"skY":0.16},"duration":2},{"tweenEasing":0,"transform":{"skX":35.23,"skY":35.23},"duration":2},{"tweenEasing":0,"transform":{"skX":18.72,"skY":18.72},"duration":2},{"tweenEasing":0,"transform":{"skX":62.23,"skY":62.23},"duration":2},{"tweenEasing":0,"transform":{"skX":69.19,"skY":69.19},"duration":2},{"tweenEasing":0,"transform":{"skX":-8.13,"skY":-8.13},"duration":2},{"tweenEasing":0,"transform":{"skX":-9.15,"skY":-9.15},"duration":2},{"tweenEasing":0,"transform":{"skX":4.28,"skY":4.28},"duration":1},{"tweenEasing":0,"transform":{"skX":-8.53,"skY":-8.53},"duration":1},{"tweenEasing":0,"transform":{"skX":0.16,"skY":0.16},"duration":2},{"tweenEasing":0,"transform":{"skX":35.23,"skY":35.23},"duration":2},{"transform":{"skX":18.72,"skY":18.72},"duration":0}],"name":"Hand_R"},{"frame":[{"tweenEasing":0,"transform":{"skX":-28.33,"skY":-28.33},"duration":2},{"tweenEasing":0,"transform":{"skX":5.43,"skY":5.43},"duration":2},{"tweenEasing":0,"transform":{"skX":9.69,"skY":9.69},"duration":2},{"tweenEasing":0,"transform":{"skX":-12.88,"skY":-12.88},"duration":2},{"tweenEasing":0,"transform":{"skX":-65.28,"skY":-65.28},"duration":2},{"tweenEasing":0,"transform":{"skX":-92.89,"skY":-92.89},"duration":2},{"tweenEasing":0,"transform":{"skX":-76.77,"skY":-76.77},"duration":2},{"tweenEasing":0,"transform":{"skX":-37.3,"skY":-37.3},"duration":1},{"tweenEasing":0,"transform":{"skX":-25.18,"skY":-25.18},"duration":1},{"tweenEasing":0,"transform":{"skX":-28.33,"skY":-28.33},"duration":2},{"tweenEasing":0,"transform":{"skX":5.43,"skY":5.43},"duration":2},{"tweenEasing":0,"transform":{"skX":9.69,"skY":9.69},"duration":2},{"tweenEasing":0,"transform":{"skX":-12.88,"skY":-12.88},"duration":2},{"tweenEasing":0,"transform":{"skX":-65.28,"skY":-65.28},"duration":2},{"tweenEasing":0,"transform":{"skX":-92.89,"skY":-92.89},"duration":2},{"tweenEasing":0,"transform":{"skX":-76.77,"skY":-76.77},"duration":2},{"tweenEasing":0,"transform":{"skX":-37.3,"skY":-37.3},"duration":1},{"tweenEasing":0,"transform":{"skX":-25.18,"skY":-25.18},"duration":1},{"transform":{"skX":-28.33,"skY":-28.33},"duration":0}],"name":"UpArm_L"},{"frame":[{"tweenEasing":0,"transform":{"skX":66.67,"skY":66.67},"duration":2},{"tweenEasing":0,"transform":{"skX":46.1,"skY":46.1},"duration":2},{"tweenEasing":0,"transform":{"skX":61.17,"skY":61.17},"duration":2},{"tweenEasing":0,"transform":{"skX":18.97,"skY":18.97},"duration":2},{"tweenEasing":0,"transform":{"skX":38.89,"skY":38.89},"duration":2},{"tweenEasing":0,"transform":{"skX":37.49,"skY":37.49},"duration":2},{"tweenEasing":0,"transform":{"skX":67.78,"skY":67.78},"duration":2},{"tweenEasing":0,"transform":{"skX":58.51,"skY":58.51},"duration":1},{"tweenEasing":0,"transform":{"skX":51.92,"skY":51.92},"duration":1},{"tweenEasing":0,"transform":{"skX":66.67,"skY":66.67},"duration":2},{"tweenEasing":0,"transform":{"skX":46.1,"skY":46.1},"duration":2},{"tweenEasing":0,"transform":{"skX":61.17,"skY":61.17},"duration":2},{"tweenEasing":0,"transform":{"skX":18.97,"skY":18.97},"duration":2},{"tweenEasing":0,"transform":{"skX":38.89,"skY":38.89},"duration":2},{"tweenEasing":0,"transform":{"skX":37.49,"skY":37.49},"duration":2},{"tweenEasing":0,"transform":{"skX":67.78,"skY":67.78},"duration":2},{"tweenEasing":0,"transform":{"skX":58.51,"skY":58.51},"duration":1},{"tweenEasing":0,"transform":{"skX":51.92,"skY":51.92},"duration":1},{"transform":{"skX":66.67,"skY":66.67},"duration":0}],"name":"Arm_L"},{"frame":[{"tweenEasing":0,"transform":{"skX":5.72,"skY":5.72},"duration":2},{"tweenEasing":0,"transform":{"skX":-11.95,"skY":-11.95},"duration":2},{"tweenEasing":0,"transform":{"skX":22.97,"skY":22.97},"duration":2},{"tweenEasing":0,"transform":{"skX":6.04,"skY":6.04},"duration":2},{"tweenEasing":0,"transform":{"skX":-1.88,"skY":-1.88},"duration":2},{"tweenEasing":0,"transform":{"skX":-22.24,"skY":-22.24},"duration":2},{"tweenEasing":0,"transform":{"skX":5.37,"skY":5.37},"duration":2},{"tweenEasing":0,"transform":{"skX":-25.15,"skY":-25.15},"duration":1},{"tweenEasing":0,"transform":{"skX":-13.4,"skY":-13.4},"duration":1},{"tweenEasing":0,"transform":{"skX":5.72,"skY":5.72},"duration":2},{"tweenEasing":0,"transform":{"skX":-11.95,"skY":-11.95},"duration":2},{"tweenEasing":0,"transform":{"skX":22.97,"skY":22.97},"duration":2},{"tweenEasing":0,"transform":{"skX":6.04,"skY":6.04},"duration":2},{"tweenEasing":0,"transform":{"skX":-1.88,"skY":-1.88},"duration":2},{"tweenEasing":0,"transform":{"skX":-22.24,"skY":-22.24},"duration":2},{"tweenEasing":0,"transform":{"skX":5.37,"skY":5.37},"duration":2},{"tweenEasing":0,"transform":{"skX":-25.15,"skY":-25.15},"duration":1},{"tweenEasing":0,"transform":{"skX":-13.4,"skY":-13.4},"duration":1},{"transform":{"skX":5.72,"skY":5.72},"duration":0}],"name":"Wrist_L"},{"frame":[{"tweenEasing":0,"transform":{"skX":-52.05,"skY":-52.05},"duration":2},{"tweenEasing":0,"transform":{"skX":-11.45,"skY":-11.45},"duration":2},{"tweenEasing":0,"transform":{"skX":22.55,"skY":22.55},"duration":2},{"tweenEasing":0,"transform":{"skX":15.65,"skY":15.65},"duration":2},{"tweenEasing":0,"transform":{"skX":12.82,"skY":12.82},"duration":2},{"tweenEasing":0,"transform":{"skX":-13.21,"skY":-13.21},"duration":2},{"tweenEasing":0,"transform":{"skX":-14.6,"skY":-14.6},"duration":2},{"tweenEasing":0,"transform":{"skX":-8.8,"skY":-8.8},"duration":1},{"tweenEasing":0,"transform":{"skX":-19.58,"skY":-19.58},"duration":1},{"tweenEasing":0,"transform":{"skX":-52.05,"skY":-52.05},"duration":2},{"tweenEasing":0,"transform":{"skX":-11.45,"skY":-11.45},"duration":2},{"tweenEasing":0,"transform":{"skX":22.55,"skY":22.55},"duration":2},{"tweenEasing":0,"transform":{"skX":15.65,"skY":15.65},"duration":2},{"tweenEasing":0,"transform":{"skX":12.82,"skY":12.82},"duration":2},{"tweenEasing":0,"transform":{"skX":-13.21,"skY":-13.21},"duration":2},{"tweenEasing":0,"transform":{"skX":-14.6,"skY":-14.6},"duration":2},{"tweenEasing":0,"transform":{"skX":-8.8,"skY":-8.8},"duration":1},{"tweenEasing":0,"transform":{"skX":-19.58,"skY":-19.58},"duration":1},{"transform":{"skX":-52.05,"skY":-52.05},"duration":0}],"name":"Hand_L"},{"frame":[{"tweenEasing":0,"transform":{"skX":-17.83,"skY":-17.83},"duration":2},{"tweenEasing":0,"transform":{"skX":-40.27,"skY":-40.27},"duration":2},{"tweenEasing":0,"transform":{"skX":-46.65,"skY":-46.65},"duration":2},{"tweenEasing":0,"transform":{"skX":-40.81,"skY":-40.81},"duration":1},{"tweenEasing":0,"transform":{"skX":-32.44,"skY":-32.44},"duration":1},{"tweenEasing":0,"transform":{"skX":4.11,"skY":4.11},"duration":1},{"tweenEasing":0,"transform":{"skX":15.71,"skY":15.71},"duration":1},{"tweenEasing":0,"transform":{"skX":15.22,"skY":15.22},"duration":2},{"tweenEasing":0,"transform":{"skX":16.82,"skY":16.82},"duration":2},{"tweenEasing":0,"transform":{"skX":-5,"skY":-5},"duration":2},{"tweenEasing":0,"transform":{"skX":-17.83,"skY":-17.83},"duration":2},{"tweenEasing":0,"transform":{"skX":-40.27,"skY":-40.27},"duration":2},{"tweenEasing":0,"transform":{"skX":-46.65,"skY":-46.65},"duration":2},{"tweenEasing":0,"transform":{"skX":-40.81,"skY":-40.81},"duration":1},{"tweenEasing":0,"transform":{"skX":-32.44,"skY":-32.44},"duration":1},{"tweenEasing":0,"transform":{"skX":4.11,"skY":4.11},"duration":1},{"tweenEasing":0,"transform":{"skX":15.71,"skY":15.71},"duration":1},{"tweenEasing":0,"transform":{"skX":15.22,"skY":15.22},"duration":2},{"tweenEasing":0,"transform":{"skX":16.82,"skY":16.82},"duration":2},{"tweenEasing":0,"transform":{"skX":-5,"skY":-5},"duration":2},{"transform":{"skX":-17.83,"skY":-17.83},"duration":0}],"name":"Thigh_R"},{"frame":[{"tweenEasing":0,"transform":{"skX":31.64,"skY":31.64},"duration":2},{"tweenEasing":0,"transform":{"skX":56.89,"skY":56.89},"duration":2},{"tweenEasing":0,"transform":{"skX":-34.79,"skY":-34.79},"duration":2},{"tweenEasing":0,"transform":{"skX":-6.91,"skY":-6.91},"duration":1},{"tweenEasing":0,"transform":{"skX":19.22,"skY":19.22},"duration":1},{"tweenEasing":0,"transform":{"skX":0.26,"skY":0.26},"duration":1},{"tweenEasing":0,"transform":{"skX":-15.71,"skY":-15.71},"duration":1},{"tweenEasing":0,"transform":{"skX":-9.01,"skY":-9.01},"duration":2},{"tweenEasing":0,"transform":{"skX":22.55,"skY":22.55},"duration":2},{"tweenEasing":0,"transform":{"skX":38.24,"skY":38.24},"duration":2},{"tweenEasing":0,"transform":{"skX":31.64,"skY":31.64},"duration":2},{"tweenEasing":0,"transform":{"skX":56.89,"skY":56.89},"duration":2},{"tweenEasing":0,"transform":{"skX":-34.79,"skY":-34.79},"duration":2},{"tweenEasing":0,"transform":{"skX":-6.91,"skY":-6.91},"duration":1},{"tweenEasing":0,"transform":{"skX":19.22,"skY":19.22},"duration":1},{"tweenEasing":0,"transform":{"skX":0.26,"skY":0.26},"duration":1},{"tweenEasing":0,"transform":{"skX":-15.71,"skY":-15.71},"duration":1},{"tweenEasing":0,"transform":{"skX":-9.01,"skY":-9.01},"duration":2},{"tweenEasing":0,"transform":{"skX":22.55,"skY":22.55},"duration":2},{"tweenEasing":0,"transform":{"skX":38.24,"skY":38.24},"duration":2},{"transform":{"skX":31.64,"skY":31.64},"duration":0}],"name":"Fibula_R"},{"frame":[{"tweenEasing":0,"transform":{"skX":-13.45,"skY":-13.45},"duration":2},{"tweenEasing":0,"transform":{"skX":-46.57,"skY":-46.57},"duration":2},{"tweenEasing":0,"transform":{"skX":3.65,"skY":3.65},"duration":2},{"tweenEasing":0,"transform":{"skX":2.05,"skY":2.05},"duration":1},{"tweenEasing":0,"transform":{"skX":10.02,"skY":10.02},"duration":1},{"tweenEasing":0,"transform":{"skX":25.62,"skY":25.62},"duration":1},{"tweenEasing":0,"transform":{"skX":25.01,"skY":25.01},"duration":1},{"tweenEasing":0,"transform":{"skX":44.83,"skY":44.83},"duration":2},{"tweenEasing":0,"transform":{"skX":30.06,"skY":30.06},"duration":2},{"tweenEasing":0,"transform":{"skX":1.59,"skY":1.59},"duration":2},{"tweenEasing":0,"transform":{"skX":-13.45,"skY":-13.45},"duration":2},{"tweenEasing":0,"transform":{"skX":-46.57,"skY":-46.57},"duration":2},{"tweenEasing":0,"transform":{"skX":3.65,"skY":3.65},"duration":2},{"tweenEasing":0,"transform":{"skX":2.05,"skY":2.05},"duration":1},{"tweenEasing":0,"transform":{"skX":10.02,"skY":10.02},"duration":1},{"tweenEasing":0,"transform":{"skX":25.62,"skY":25.62},"duration":1},{"tweenEasing":0,"transform":{"skX":25.01,"skY":25.01},"duration":1},{"tweenEasing":0,"transform":{"skX":44.83,"skY":44.83},"duration":2},{"tweenEasing":0,"transform":{"skX":30.06,"skY":30.06},"duration":2},{"tweenEasing":0,"transform":{"skX":1.59,"skY":1.59},"duration":2},{"transform":{"skX":-13.45,"skY":-13.45},"duration":0}],"name":"Leg_R"},{"frame":[{"tweenEasing":0,"transform":{"skX":41.85,"skY":41.85},"duration":2},{"tweenEasing":0,"transform":{"skX":53.01,"skY":53.01},"duration":2},{"tweenEasing":0,"transform":{"skX":15.75,"skY":15.75},"duration":2},{"tweenEasing":0,"transform":{"skX":52.69,"skY":52.69},"duration":1},{"tweenEasing":0,"transform":{"skX":8.94,"skY":8.94},"duration":1},{"tweenEasing":0,"transform":{"skX":-24.77,"skY":-24.77},"duration":1},{"tweenEasing":0,"transform":{"skX":-21.59,"skY":-21.59},"duration":1},{"tweenEasing":0,"transform":{"skX":42.69,"skY":42.69},"duration":2},{"tweenEasing":0,"transform":{"skX":40.37,"skY":40.37},"duration":2},{"tweenEasing":0,"transform":{"skX":52.71,"skY":52.71},"duration":2},{"tweenEasing":0,"transform":{"skX":41.85,"skY":41.85},"duration":2},{"tweenEasing":0,"transform":{"skX":53.01,"skY":53.01},"duration":2},{"tweenEasing":0,"transform":{"skX":15.75,"skY":15.75},"duration":2},{"tweenEasing":0,"transform":{"skX":52.69,"skY":52.69},"duration":1},{"tweenEasing":0,"transform":{"skX":8.94,"skY":8.94},"duration":1},{"tweenEasing":0,"transform":{"skX":-24.77,"skY":-24.77},"duration":1},{"tweenEasing":0,"transform":{"skX":-21.59,"skY":-21.59},"duration":1},{"tweenEasing":0,"transform":{"skX":42.69,"skY":42.69},"duration":2},{"tweenEasing":0,"transform":{"skX":40.37,"skY":40.37},"duration":2},{"tweenEasing":0,"transform":{"skX":52.71,"skY":52.71},"duration":2},{"transform":{"skX":41.85,"skY":41.85},"duration":0}],"name":"Foot_R"},{"frame":[{"tweenEasing":0,"transform":{"skX":-2.92,"skY":-2.92},"duration":2},{"tweenEasing":0,"transform":{"skX":6.14,"skY":6.14},"duration":2},{"tweenEasing":0,"transform":{"skX":44.13,"skY":44.13},"duration":2},{"tweenEasing":0,"transform":{"skX":74.41,"skY":74.41},"duration":2},{"tweenEasing":0,"transform":{"skX":78.57,"skY":78.57},"duration":2},{"tweenEasing":0,"transform":{"skX":58.21,"skY":58.21},"duration":2},{"tweenEasing":0,"transform":{"skX":41.35,"skY":41.35},"duration":2},{"tweenEasing":0,"transform":{"skX":14.75,"skY":14.75},"duration":2},{"tweenEasing":0,"transform":{"skX":-2.92,"skY":-2.92},"duration":2},{"tweenEasing":0,"transform":{"skX":6.14,"skY":6.14},"duration":2},{"tweenEasing":0,"transform":{"skX":44.13,"skY":44.13},"duration":2},{"tweenEasing":0,"transform":{"skX":74.41,"skY":74.41},"duration":2},{"tweenEasing":0,"transform":{"skX":78.57,"skY":78.57},"duration":2},{"tweenEasing":0,"transform":{"skX":58.21,"skY":58.21},"duration":2},{"tweenEasing":0,"transform":{"skX":41.35,"skY":41.35},"duration":2},{"tweenEasing":0,"transform":{"skX":14.75,"skY":14.75},"duration":2},{"transform":{"skX":-2.92,"skY":-2.92},"duration":0}],"name":"Thigh_L"},{"frame":[{"tweenEasing":0,"transform":{"skX":11.69,"skY":11.69},"duration":2},{"tweenEasing":0,"transform":{"skX":-41.47,"skY":-41.47},"duration":2},{"tweenEasing":0,"transform":{"skX":-31.94,"skY":-31.94},"duration":1},{"tweenEasing":0,"transform":{"skX":-45.63,"skY":-45.63},"duration":1},{"tweenEasing":0,"transform":{"skX":-69.05,"skY":-69.05},"duration":2},{"tweenEasing":0,"transform":{"skX":-44.06,"skY":-44.06},"duration":2},{"tweenEasing":0,"transform":{"skX":-28.35,"skY":-28.35},"duration":2},{"tweenEasing":0,"transform":{"skX":-2.93,"skY":-2.93},"duration":2},{"tweenEasing":0,"transform":{"skX":10.13,"skY":10.13},"duration":2},{"tweenEasing":0,"transform":{"skX":11.69,"skY":11.69},"duration":2},{"tweenEasing":0,"transform":{"skX":-41.47,"skY":-41.47},"duration":2},{"tweenEasing":0,"transform":{"skX":-31.94,"skY":-31.94},"duration":1},{"tweenEasing":0,"transform":{"skX":-45.63,"skY":-45.63},"duration":1},{"tweenEasing":0,"transform":{"skX":-69.05,"skY":-69.05},"duration":2},{"tweenEasing":0,"transform":{"skX":-44.06,"skY":-44.06},"duration":2},{"tweenEasing":0,"transform":{"skX":-28.35,"skY":-28.35},"duration":2},{"tweenEasing":0,"transform":{"skX":-2.93,"skY":-2.93},"duration":2},{"tweenEasing":0,"transform":{"skX":10.13,"skY":10.13},"duration":2},{"transform":{"skX":11.69,"skY":11.69},"duration":0}],"name":"Fibula_L"},{"frame":[{"tweenEasing":0,"transform":{"skX":-19.09,"skY":-19.09},"duration":2},{"tweenEasing":0,"transform":{"skX":8.38,"skY":8.38},"duration":1},{"tweenEasing":0,"transform":{"skX":20.98,"skY":20.98},"duration":1},{"tweenEasing":0,"transform":{"skX":21.19,"skY":21.19},"duration":2},{"tweenEasing":0,"transform":{"skX":51.2,"skY":51.2},"duration":2},{"tweenEasing":0,"transform":{"skX":29.3,"skY":29.3},"duration":2},{"tweenEasing":0,"transform":{"skX":47.52,"skY":47.52},"duration":2},{"tweenEasing":0,"transform":{"skX":16.83,"skY":16.83},"duration":2},{"tweenEasing":0,"transform":{"skX":5.63,"skY":5.63},"duration":2},{"tweenEasing":0,"transform":{"skX":-19.09,"skY":-19.09},"duration":2},{"tweenEasing":0,"transform":{"skX":8.38,"skY":8.38},"duration":1},{"tweenEasing":0,"transform":{"skX":20.98,"skY":20.98},"duration":1},{"tweenEasing":0,"transform":{"skX":21.19,"skY":21.19},"duration":2},{"tweenEasing":0,"transform":{"skX":51.2,"skY":51.2},"duration":2},{"tweenEasing":0,"transform":{"skX":29.3,"skY":29.3},"duration":2},{"tweenEasing":0,"transform":{"skX":47.52,"skY":47.52},"duration":2},{"tweenEasing":0,"transform":{"skX":16.83,"skY":16.83},"duration":2},{"tweenEasing":0,"transform":{"skX":5.63,"skY":5.63},"duration":2},{"transform":{"skX":-19.09,"skY":-19.09},"duration":0}],"name":"Leg_L"},{"frame":[{"tweenEasing":0,"transform":{"skX":58.02,"skY":58.02},"duration":2},{"tweenEasing":0,"transform":{"skX":25.17,"skY":25.17},"duration":2},{"tweenEasing":0,"transform":{"skX":-18.28,"skY":-18.28},"duration":1},{"tweenEasing":0,"transform":{"skX":-38.52,"skY":-38.52},"duration":1},{"tweenEasing":0,"transform":{"skX":-52.32,"skY":-52.32},"duration":1},{"tweenEasing":0,"transform":{"skX":29.4,"skY":29.4},"duration":1},{"tweenEasing":0,"transform":{"skX":38.23,"skY":38.23},"duration":2},{"tweenEasing":0,"transform":{"skX":63.24,"skY":63.24},"duration":2},{"tweenEasing":0,"transform":{"skX":61.36,"skY":61.36},"duration":2},{"tweenEasing":0,"transform":{"skX":55.48,"skY":55.48},"duration":2},{"tweenEasing":0,"transform":{"skX":58.02,"skY":58.02},"duration":2},{"tweenEasing":0,"transform":{"skX":25.17,"skY":25.17},"duration":2},{"tweenEasing":0,"transform":{"skX":-18.28,"skY":-18.28},"duration":1},{"tweenEasing":0,"transform":{"skX":-38.52,"skY":-38.52},"duration":1},{"tweenEasing":0,"transform":{"skX":-52.32,"skY":-52.32},"duration":1},{"tweenEasing":0,"transform":{"skX":29.4,"skY":29.4},"duration":1},{"tweenEasing":0,"transform":{"skX":38.23,"skY":38.23},"duration":2},{"tweenEasing":0,"transform":{"skX":63.24,"skY":63.24},"duration":2},{"tweenEasing":0,"transform":{"skX":61.36,"skY":61.36},"duration":2},{"tweenEasing":0,"transform":{"skX":55.48,"skY":55.48},"duration":2},{"transform":{"skX":58.02,"skY":58.02},"duration":0}],"name":"Foot_L"},{"frame":[{"tweenEasing":0,"transform":{"skX":8.91,"skY":8.91},"duration":2},{"tweenEasing":0,"transform":{"skX":11.28,"skY":11.28},"duration":2},{"tweenEasing":0,"transform":{"skX":17.35,"skY":17.35},"duration":2},{"tweenEasing":0,"transform":{"skX":-336.52,"skY":-336.52},"duration":2},{"tweenEasing":0,"transform":{"skX":-331.94,"skY":-331.94},"duration":2},{"tweenEasing":0,"transform":{"skX":-324.61,"skY":-324.61},"duration":2},{"tweenEasing":0,"transform":{"skX":-327.11,"skY":-327.11},"duration":2},{"tweenEasing":0,"transform":{"skX":19.76,"skY":19.76},"duration":2},{"tweenEasing":0,"transform":{"skX":8.91,"skY":8.91},"duration":2},{"tweenEasing":0,"transform":{"skX":11.28,"skY":11.28},"duration":2},{"tweenEasing":0,"transform":{"skX":17.35,"skY":17.35},"duration":2},{"tweenEasing":0,"transform":{"skX":-336.52,"skY":-336.52},"duration":2},{"tweenEasing":0,"transform":{"skX":-331.94,"skY":-331.94},"duration":2},{"tweenEasing":0,"transform":{"skX":-324.61,"skY":-324.61},"duration":2},{"tweenEasing":0,"transform":{"skX":-327.11,"skY":-327.11},"duration":2},{"tweenEasing":0,"transform":{"skX":19.76,"skY":19.76},"duration":2},{"transform":{"skX":8.91,"skY":8.91},"duration":0}],"name":"Tail"},{"frame":[{"tweenEasing":0,"transform":{"skX":12.19,"skY":12.19},"duration":2},{"tweenEasing":0,"transform":{"skX":5.12,"skY":5.12},"duration":2},{"tweenEasing":0,"transform":{"skX":10.16,"skY":10.16},"duration":2},{"tweenEasing":0,"transform":{"skX":19.22,"skY":19.22},"duration":2},{"tweenEasing":0,"transform":{"skX":23.16,"skY":23.16},"duration":2},{"tweenEasing":0,"transform":{"skX":35.69,"skY":35.69},"duration":2},{"tweenEasing":0,"transform":{"skX":34.37,"skY":34.37},"duration":2},{"tweenEasing":0,"transform":{"skX":19.74,"skY":19.74},"duration":2},{"tweenEasing":0,"transform":{"skX":12.19,"skY":12.19},"duration":2},{"tweenEasing":0,"transform":{"skX":5.12,"skY":5.12},"duration":2},{"tweenEasing":0,"transform":{"skX":10.16,"skY":10.16},"duration":2},{"tweenEasing":0,"transform":{"skX":19.22,"skY":19.22},"duration":2},{"tweenEasing":0,"transform":{"skX":23.16,"skY":23.16},"duration":2},{"tweenEasing":0,"transform":{"skX":35.69,"skY":35.69},"duration":2},{"tweenEasing":0,"transform":{"skX":34.37,"skY":34.37},"duration":2},{"tweenEasing":0,"transform":{"skX":19.74,"skY":19.74},"duration":2},{"transform":{"skX":12.19,"skY":12.19},"duration":0}],"name":"Tail2"},{"frame":[{"tweenEasing":0,"transform":{"skX":9.32,"skY":9.32},"duration":2},{"tweenEasing":0,"transform":{"skX":8.03,"skY":8.03},"duration":2},{"tweenEasing":0,"transform":{"skX":-6.18,"skY":-6.18},"duration":2},{"tweenEasing":0,"transform":{"skX":-25.06,"skY":-25.06},"duration":2},{"tweenEasing":0,"transform":{"skX":-13.5,"skY":-13.5},"duration":2},{"tweenEasing":0,"transform":{"skX":-26.81,"skY":-26.81},"duration":2},{"tweenEasing":0,"transform":{"skX":1.51,"skY":1.51},"duration":2},{"tweenEasing":0,"transform":{"skX":13.84,"skY":13.84},"duration":2},{"tweenEasing":0,"transform":{"skX":9.32,"skY":9.32},"duration":2},{"tweenEasing":0,"transform":{"skX":8.03,"skY":8.03},"duration":2},{"tweenEasing":0,"transform":{"skX":-6.18,"skY":-6.18},"duration":2},{"tweenEasing":0,"transform":{"skX":-25.06,"skY":-25.06},"duration":2},{"tweenEasing":0,"transform":{"skX":-13.5,"skY":-13.5},"duration":2},{"tweenEasing":0,"transform":{"skX":-26.81,"skY":-26.81},"duration":2},{"tweenEasing":0,"transform":{"skX":1.51,"skY":1.51},"duration":2},{"tweenEasing":0,"transform":{"skX":13.84,"skY":13.84},"duration":2},{"transform":{"skX":9.32,"skY":9.32},"duration":0}],"name":"Tail3"},{"frame":[{"tweenEasing":0,"transform":{"skX":0.84,"skY":0.84},"duration":2},{"tweenEasing":0,"transform":{"skX":-5.66,"skY":-5.66},"duration":2},{"tweenEasing":0,"transform":{"skX":-17.09,"skY":-17.09},"duration":2},{"tweenEasing":0,"transform":{"skX":-39.28,"skY":-39.28},"duration":2},{"tweenEasing":0,"transform":{"skX":-74.87,"skY":-74.87},"duration":2},{"tweenEasing":0,"transform":{"skX":-80.7,"skY":-80.7},"duration":2},{"tweenEasing":0,"transform":{"skX":-78.4,"skY":-78.4},"duration":2},{"tweenEasing":0,"transform":{"skX":-43.3,"skY":-43.3},"duration":2},{"tweenEasing":0,"transform":{"skX":0.84,"skY":0.84},"duration":2},{"tweenEasing":0,"transform":{"skX":-5.66,"skY":-5.66},"duration":2},{"tweenEasing":0,"transform":{"skX":-17.09,"skY":-17.09},"duration":2},{"tweenEasing":0,"transform":{"skX":-39.28,"skY":-39.28},"duration":2},{"tweenEasing":0,"transform":{"skX":-74.87,"skY":-74.87},"duration":2},{"tweenEasing":0,"transform":{"skX":-80.7,"skY":-80.7},"duration":2},{"tweenEasing":0,"transform":{"skX":-78.4,"skY":-78.4},"duration":2},{"tweenEasing":0,"transform":{"skX":-43.3,"skY":-43.3},"duration":2},{"transform":{"skX":0.84,"skY":0.84},"duration":0}],"name":"Tail4"},{"frame":[{"tweenEasing":0,"transform":{"skX":-11.69,"skY":-11.69},"duration":4},{"tweenEasing":0,"transform":{"skX":-11.49,"skY":-11.49},"duration":4},{"tweenEasing":0,"transform":{"skX":-0.24,"skY":-0.24},"duration":4},{"tweenEasing":0,"transform":{"skX":-3.27,"skY":-3.27},"duration":4},{"tweenEasing":0,"transform":{"skX":-11.69,"skY":-11.69},"duration":4},{"tweenEasing":0,"transform":{"skX":-11.49,"skY":-11.49},"duration":4},{"tweenEasing":0,"transform":{"skX":-0.24,"skY":-0.24},"duration":4},{"tweenEasing":0,"transform":{"skX":-3.27,"skY":-3.27},"duration":4},{"transform":{"skX":-11.69,"skY":-11.69},"duration":0}],"name":"Ear_R"},{"frame":[{"tweenEasing":0,"transform":{"skX":-23.59,"skY":-23.59},"duration":4},{"tweenEasing":0,"transform":{"skX":-37.34,"skY":-37.34},"duration":4},{"tweenEasing":0,"transform":{"skX":-18.39,"skY":-18.39},"duration":4},{"tweenEasing":0,"transform":{"skX":-20.09,"skY":-20.09},"duration":4},{"tweenEasing":0,"transform":{"skX":-23.59,"skY":-23.59},"duration":4},{"tweenEasing":0,"transform":{"skX":-37.34,"skY":-37.34},"duration":4},{"tweenEasing":0,"transform":{"skX":-18.39,"skY":-18.39},"duration":4},{"tweenEasing":0,"transform":{"skX":-20.09,"skY":-20.09},"duration":4},{"transform":{"skX":-23.59,"skY":-23.59},"duration":0}],"name":"Ear_R2"},{"frame":[{"tweenEasing":0,"transform":{"skX":1.11,"skY":1.11},"duration":4},{"tweenEasing":0,"transform":{"skX":-1.65,"skY":-1.65},"duration":4},{"tweenEasing":0,"transform":{"skX":-5.83,"skY":-5.83},"duration":4},{"tweenEasing":0,"transform":{"skX":4.8,"skY":4.8},"duration":4},{"tweenEasing":0,"transform":{"skX":1.11,"skY":1.11},"duration":4},{"tweenEasing":0,"transform":{"skX":-1.65,"skY":-1.65},"duration":4},{"tweenEasing":0,"transform":{"skX":-5.83,"skY":-5.83},"duration":4},{"tweenEasing":0,"transform":{"skX":4.8,"skY":4.8},"duration":4},{"transform":{"skX":1.11,"skY":1.11},"duration":0}],"name":"Ear_L"},{"frame":[{"tweenEasing":0,"transform":{"skX":3.26,"skY":3.26},"duration":4},{"tweenEasing":0,"transform":{"skX":13.06,"skY":13.06},"duration":4},{"tweenEasing":0,"transform":{"skX":-0.13,"skY":-0.13},"duration":4},{"tweenEasing":0,"transform":{"skX":-7.57,"skY":-7.57},"duration":4},{"tweenEasing":0,"transform":{"skX":3.26,"skY":3.26},"duration":4},{"tweenEasing":0,"transform":{"skX":13.06,"skY":13.06},"duration":4},{"tweenEasing":0,"transform":{"skX":-0.13,"skY":-0.13},"duration":4},{"tweenEasing":0,"transform":{"skX":-7.57,"skY":-7.57},"duration":4},{"transform":{"skX":3.26,"skY":3.26},"duration":0}],"name":"Ear_L2"},{"frame":[{"transform":{},"duration":32},{"transform":{},"duration":0}],"name":"leg_l"},{"frame":[{"transform":{},"duration":16},{"transform":{},"duration":16},{"transform":{},"duration":0}],"name":"belly"},{"frame":[{"transform":{},"duration":32},{"transform":{},"duration":0}],"name":"leg_r2"},{"frame":[{"transform":{},"duration":32},{"transform":{},"duration":0}],"name":"leg_l2"},{"frame":[{"transform":{},"duration":32},{"transform":{},"duration":0}],"name":"arm_l2"},{"frame":[{"transform":{},"duration":32},{"transform":{},"duration":0}],"name":"hand_r"},{"frame":[{"transform":{},"duration":32},{"transform":{},"duration":0}],"name":"arm_l"},{"frame":[{"transform":{},"duration":32},{"transform":{},"duration":0}],"name":"leg_r"},{"frame":[{"transform":{},"duration":32},{"transform":{},"duration":0}],"name":"arm_r"},{"frame":[{"transform":{},"duration":32},{"transform":{},"duration":0}],"name":"foot_l"},{"frame":[{"transform":{},"duration":32},{"transform":{},"duration":0}],"name":"arm_r2"},{"frame":[{"transform":{},"duration":32},{"transform":{},"duration":0}],"name":"hand_l"},{"frame":[{"transform":{},"duration":32},{"transform":{},"duration":0}],"name":"leg_l3"},{"frame":[{"transform":{},"duration":32},{"transform":{},"duration":0}],"name":"Tail5"},{"frame":[{"transform":{},"duration":32}],"name":"root"}],"slot":[{"frame":[{"displayIndex":-1,"tweenEasing":0,"duration":32},{"displayIndex":-1,"tweenEasing":null,"duration":0}],"name":"Eye"}],"ffd":[],"frame":[],"name":"0001_yidong","duration":32,"ik":[{"frame":[{"tweenEasing":null,"bendPositive":true,"weight":0,"duration":32}],"offset":0,"name":"leg_r","scale":1},{"frame":[{"tweenEasing":null,"bendPositive":true,"weight":0,"duration":32}],"offset":0,"name":"leg_l","scale":1},{"frame":[{"tweenEasing":null,"bendPositive":false,"weight":0,"duration":32}],"offset":0,"name":"leg_r2","scale":1},{"frame":[{"tweenEasing":null,"bendPositive":false,"weight":0,"duration":32}],"offset":0,"name":"leg_l2","scale":1},{"frame":[{"tweenEasing":null,"bendPositive":false,"weight":0,"duration":32}],"offset":0,"name":"arm_r","scale":1},{"frame":[{"tweenEasing":null,"bendPositive":false,"weight":0,"duration":32}],"offset":0,"name":"arm_l","scale":1},{"frame":[{"tweenEasing":null,"bendPositive":false,"weight":0,"duration":32}],"offset":0,"name":"foot_r","scale":1},{"frame":[{"tweenEasing":null,"bendPositive":false,"weight":0,"duration":32}],"offset":0,"name":"foot_l","scale":1},{"frame":[{"tweenEasing":null,"bendPositive":false,"weight":0,"duration":32}],"offset":0,"name":"arm_r2","scale":1},{"frame":[{"tweenEasing":null,"bendPositive":false,"weight":0,"duration":32}],"offset":0,"name":"arm_l2","scale":1},{"frame":[{"tweenEasing":null,"bendPositive":false,"weight":0,"duration":32}],"offset":0,"name":"hand_l","scale":1},{"frame":[{"tweenEasing":null,"bendPositive":false,"weight":0,"duration":32}],"offset":0,"name":"hand_r","scale":1}]},{"bone":[{"frame":[{"transform":{},"duration":30},{"transform":{},"duration":0}],"name":"Fuji"},{"frame":[{"tweenEasing":0,"transform":{"skX":-0.59,"skY":-0.59},"duration":7},{"tweenEasing":0,"transform":{"y":6.49,"skX":-5.69,"skY":-5.69,"x":-11.83},"duration":3},{"tweenEasing":0,"transform":{"y":3.03,"skX":1.95,"skY":1.95,"x":24.86},"duration":15},{"tweenEasing":0,"transform":{"y":1.92,"skX":2.9,"skY":2.9,"x":25.96},"duration":5},{"transform":{"skX":-0.59,"skY":-0.59},"duration":0}],"name":"bip"},{"frame":[{"tweenEasing":0,"transform":{"skX":-1.17,"skY":-1.17},"duration":7},{"tweenEasing":0,"transform":{"skX":-5.3,"skY":-5.3},"duration":3},{"tweenEasing":0,"transform":{"skX":-1.28,"skY":-1.28},"duration":15},{"tweenEasing":0,"transform":{"skX":-2.59,"skY":-2.59},"duration":5},{"transform":{"skX":-1.17,"skY":-1.17},"duration":0}],"name":"Body"},{"frame":[{"tweenEasing":0,"transform":{"skX":-1.9,"skY":-1.9},"duration":7},{"tweenEasing":0,"transform":{"skX":13.48,"skY":13.48},"duration":3},{"tweenEasing":0,"transform":{"skX":-8.46,"skY":-8.46},"duration":15},{"tweenEasing":0,"transform":{"skX":-10.59,"skY":-10.59},"duration":5},{"transform":{"skX":-1.9,"skY":-1.9},"duration":0}],"name":"spine"},{"frame":[{"tweenEasing":0,"transform":{"skX":-1.93,"skY":-1.93},"duration":7},{"tweenEasing":0,"transform":{"skX":2.28,"skY":2.28},"duration":3},{"tweenEasing":0,"transform":{"skX":-10.49,"skY":-10.49},"duration":15},{"tweenEasing":0,"transform":{"skX":-11.53,"skY":-11.53},"duration":5},{"transform":{"skX":-1.93,"skY":-1.93},"duration":0}],"name":"Neck"},{"frame":[{"tweenEasing":0,"transform":{"skX":2.25,"skY":2.25},"duration":7},{"tweenEasing":0,"transform":{"scY":0.951,"y":-2.18,"skX":11.05,"skY":11.05,"scX":0.976,"x":-2.53},"duration":3},{"tweenEasing":0,"transform":{"scY":0.954,"y":-7.1,"skX":-32.87,"skY":-32.87,"scX":1.032,"x":0.84},"duration":15},{"tweenEasing":0,"transform":{"scY":0.954,"y":-7.1,"skX":-35.3,"skY":-35.3,"scX":1.032,"x":0.84},"duration":5},{"transform":{"skX":2.25,"skY":2.25},"duration":0}],"name":"Head"},{"frame":[{"tweenEasing":0,"transform":{},"duration":7},{"tweenEasing":0,"transform":{"scX":1.027},"duration":3},{"transform":{"scX":1.033},"duration":15},{"tweenEasing":0,"transform":{"scX":1.033},"duration":5},{"transform":{},"duration":0}],"name":"UpArm_R"},{"frame":[{"transform":{},"duration":30},{"transform":{},"duration":0}],"name":"Arm_R"},{"frame":[{"transform":{},"duration":30},{"transform":{},"duration":0}],"name":"Wrist_R"},{"frame":[{"transform":{},"duration":30},{"transform":{},"duration":0}],"name":"Hand_R"},{"frame":[{"tweenEasing":0,"transform":{},"duration":7},{"tweenEasing":0,"transform":{"scX":1.004},"duration":3},{"transform":{"scX":1.032},"duration":15},{"tweenEasing":0,"transform":{"scX":1.032},"duration":5},{"transform":{},"duration":0}],"name":"UpArm_L"},{"frame":[{"transform":{},"duration":30},{"transform":{},"duration":0}],"name":"Arm_L"},{"frame":[{"transform":{},"duration":30},{"transform":{},"duration":0}],"name":"Wrist_L"},{"frame":[{"transform":{},"duration":30},{"transform":{},"duration":0}],"name":"Hand_L"},{"frame":[{"transform":{},"duration":30},{"transform":{},"duration":0}],"name":"Thigh_R"},{"frame":[{"transform":{},"duration":30},{"transform":{},"duration":0}],"name":"Fibula_R"},{"frame":[{"transform":{},"duration":30},{"transform":{},"duration":0}],"name":"Leg_R"},{"frame":[{"transform":{},"duration":30},{"transform":{},"duration":0}],"name":"Foot_R"},{"frame":[{"transform":{},"duration":30},{"transform":{},"duration":0}],"name":"Thigh_L"},{"frame":[{"transform":{},"duration":30},{"transform":{},"duration":0}],"name":"Fibula_L"},{"frame":[{"transform":{},"duration":30},{"transform":{},"duration":0}],"name":"Leg_L"},{"frame":[{"transform":{},"duration":30},{"transform":{},"duration":0}],"name":"Foot_L"},{"frame":[{"tweenEasing":0,"transform":{"skX":3.53,"skY":3.53},"duration":7},{"tweenEasing":0,"transform":{"skX":16.79,"skY":16.79},"duration":3},{"tweenEasing":0,"transform":{"skX":5.85,"skY":5.85},"duration":15},{"tweenEasing":0,"transform":{"skX":2.9,"skY":2.9},"duration":5},{"transform":{"skX":3.53,"skY":3.53},"duration":0}],"name":"Tail"},{"frame":[{"tweenEasing":0,"transform":{"skX":3.53,"skY":3.53},"duration":7},{"tweenEasing":0,"transform":{"skX":12.64,"skY":12.64},"duration":3},{"tweenEasing":0,"transform":{"skX":6.41,"skY":6.41},"duration":15},{"tweenEasing":0,"transform":{"skX":1.19,"skY":1.19},"duration":5},{"transform":{"skX":3.53,"skY":3.53},"duration":0}],"name":"Tail2"},{"frame":[{"tweenEasing":0,"transform":{"skX":3.53,"skY":3.53},"duration":7},{"tweenEasing":0,"transform":{"skX":-12.42,"skY":-12.42},"duration":3},{"tweenEasing":0,"transform":{"skX":-8.65,"skY":-8.65},"duration":15},{"tweenEasing":0,"transform":{"skX":4.14,"skY":4.14},"duration":5},{"transform":{"skX":3.53,"skY":3.53},"duration":0}],"name":"Tail3"},{"frame":[{"tweenEasing":0,"transform":{"skX":3.53,"skY":3.53},"duration":7},{"tweenEasing":0,"transform":{"skX":-17.25,"skY":-17.25},"duration":3},{"tweenEasing":0,"transform":{"skX":3.17,"skY":3.17},"duration":15},{"tweenEasing":0,"transform":{"skX":3.83,"skY":3.83},"duration":5},{"transform":{"skX":3.53,"skY":3.53},"duration":0}],"name":"Tail4"},{"frame":[{"tweenEasing":0,"transform":{},"duration":7},{"tweenEasing":0,"transform":{"skX":2.6,"skY":2.6},"duration":3},{"tweenEasing":0,"transform":{"skX":0.55,"skY":0.55},"duration":15},{"tweenEasing":0,"transform":{"skX":-6.6,"skY":-6.6},"duration":5},{"transform":{},"duration":0}],"name":"Ear_R"},{"frame":[{"tweenEasing":0,"transform":{},"duration":7},{"tweenEasing":0,"transform":{"skX":1.6,"skY":1.6},"duration":3},{"tweenEasing":0,"transform":{"skX":-28.41,"skY":-28.41},"duration":15},{"tweenEasing":0,"transform":{"skX":-34.74,"skY":-34.74},"duration":5},{"transform":{},"duration":0}],"name":"Ear_R2"},{"frame":[{"tweenEasing":0,"transform":{},"duration":7},{"tweenEasing":0,"transform":{"skX":3.08,"skY":3.08},"duration":3},{"tweenEasing":0,"transform":{"skX":-1.25,"skY":-1.25},"duration":15},{"tweenEasing":0,"transform":{"skX":-14.57,"skY":-14.57},"duration":5},{"transform":{},"duration":0}],"name":"Ear_L"},{"frame":[{"tweenEasing":0,"transform":{},"duration":7},{"tweenEasing":0,"transform":{"skX":-13.5,"skY":-13.5},"duration":3},{"tweenEasing":0,"transform":{"skX":-11.49,"skY":-11.49},"duration":15},{"tweenEasing":0,"transform":{"skX":-13.46,"skY":-13.46},"duration":5},{"transform":{},"duration":0}],"name":"Ear_L2"},{"frame":[{"transform":{},"duration":30},{"transform":{},"duration":0}],"name":"belly"},{"frame":[{"tweenEasing":0,"transform":{},"duration":7},{"tweenEasing":0,"transform":{"y":2.2,"x":-4.41},"duration":3},{"tweenEasing":0,"transform":{"y":-4.45,"x":7.7},"duration":13},{"tweenEasing":0,"transform":{"y":-4.89,"x":5.94},"duration":7},{"transform":{},"duration":0}],"name":"arm_r"},{"frame":[{"tweenEasing":0,"transform":{},"duration":7},{"tweenEasing":0,"transform":{"y":3.08,"x":-4.41},"duration":3},{"tweenEasing":0,"transform":{"y":-4.85,"x":7.93},"duration":13},{"tweenEasing":0,"transform":{"y":-6.25,"x":10.44},"duration":7},{"transform":{},"duration":0}],"name":"arm_l"},{"frame":[{"transform":{},"duration":10},{"transform":{},"duration":15},{"transform":{},"duration":5},{"transform":{},"duration":0}],"name":"hand_r"},{"frame":[{"transform":{},"duration":10},{"transform":{},"duration":13},{"transform":{},"duration":7},{"transform":{},"duration":0}],"name":"arm_r2"},{"frame":[{"tweenEasing":0,"transform":{},"duration":7},{"tweenEasing":0,"transform":{"x":-4.4},"duration":3},{"tweenEasing":0,"transform":{},"duration":15},{"tweenEasing":0,"transform":{"x":1.65},"duration":5},{"transform":{},"duration":0}],"name":"leg_r"},{"frame":[{"transform":{},"duration":10},{"transform":{},"duration":13},{"transform":{},"duration":7},{"transform":{},"duration":0}],"name":"hand_l"},{"frame":[{"transform":{},"duration":10},{"transform":{},"duration":13},{"transform":{},"duration":7},{"transform":{},"duration":0}],"name":"arm_l2"},{"frame":[{"transform":{},"duration":7},{"transform":{},"duration":3},{"transform":{},"duration":15},{"transform":{},"duration":5},{"transform":{},"duration":0}],"name":"leg_r2"},{"frame":[{"transform":{},"duration":7},{"transform":{},"duration":3},{"transform":{},"duration":13},{"transform":{},"duration":7},{"transform":{},"duration":0}],"name":"foot_l"},{"frame":[{"transform":{},"duration":30},{"transform":{},"duration":0}],"name":"leg_l"},{"frame":[{"transform":{},"duration":7},{"transform":{},"duration":3},{"transform":{},"duration":15},{"transform":{},"duration":5},{"transform":{},"duration":0}],"name":"leg_l2"},{"frame":[{"tweenEasing":0,"transform":{},"duration":7},{"tweenEasing":0,"transform":{"skX":-6.47,"skY":-6.47},"duration":3},{"tweenEasing":0,"transform":{"skX":1.17,"skY":1.17},"duration":15},{"tweenEasing":0,"transform":{"skX":5.69,"skY":5.69},"duration":5},{"transform":{},"duration":0}],"name":"Tail5"},{"frame":[{"transform":{},"duration":30}],"name":"root"},{"frame":[{"transform":{},"duration":30}],"name":"leg_l3"}],"slot":[{"frame":[{"displayIndex":-1,"tweenEasing":0,"duration":30},{"displayIndex":-1,"tweenEasing":null,"duration":0}],"name":"Eye"}],"ffd":[],"frame":[],"name":"0002_shifa","duration":30,"ik":[]}],"skin":[{"slot":[{"display":[{"path":"Wrist_L","type":"image","name":"Wrist_L","transform":{"y":4.62,"skX":-49.79,"skY":-49.79,"x":10.58}}],"name":"Wrist_L"},{"display":[{"vertices":[48.54,-164.26,58.62,-141.92,60.81,-124.51,85.54,-107.07,99.19,-106.99,99.39,-141.69,84.79,-154.56,57,-173.21,48.59,-173.27,76.26,-137.74,69.1,-148.75],"uvs":[-0.02041,0.12523,0.1879,0.47323,0.23492,0.74523,0.7417,1.01563,1.02041,1.01563,1.02041,0.47323,0.7208,0.27323,0.15134,-0.01563,-0.02041,-0.01563,0.54862,0.53707,0.40132,0.36551],"path":"Ear_R","edges":[0,1,1,2,2,3,3,4,4,5,5,6,6,7,7,8,8,0],"triangles":[3,4,5,9,3,5,6,9,5,10,9,6,7,10,6,9,2,3,10,1,9,1,2,9,0,1,10,7,0,10,8,0,7],"type":"mesh","transform":{},"slotPose":[1,0,0,1,0,0],"userEdges":[],"width":49,"bonePose":[42,-0.6066823510019997,-0.7949443533875101,0.7949443533875101,-0.6066823510019997,75.8355205006272,-138.92305051764237,39,-0.5306591239356475,-0.8475853315058322,0.8475853315058322,-0.5306591239356475,92.77342510325748,-112.8115245631487],"height":64,"name":"Ear_R","weights":[1,42,1,1,42,1,2,39,0.37,42,0.63,2,39,0.99892,42,0.00107,1,39,1,2,39,0.5,42,0.5,2,39,0.13999,42,0.86,2,39,0.00018,42,0.99981,1,42,1,2,39,0.5,42,0.5,1,42,1]}],"name":"Ear_R"},{"display":[{"path":"Arm_R","type":"image","name":"Arm_R","transform":{"y":5.65,"skX":-57.42,"skY":-57.42,"x":10.68}}],"name":"Arm_R"},{"display":[{"path":"UpArm_L","type":"image","name":"UpArm_L","transform":{"y":0.1,"skX":-131.8,"skY":-131.8,"x":20}}],"name":"UpArm_L"},{"display":[{"path":"UpArm_R","type":"image","name":"UpArm_R","transform":{"y":-0.61,"skX":-113.86,"skY":-113.86,"x":20.4}}],"name":"UpArm_R"},{"display":[{"path":"Fibula_L","type":"image","name":"Fibula_L","transform":{"y":2.15,"skX":-145.41,"skY":-145.41,"x":23.33}}],"name":"Fibula_L"},{"display":[{"path":"Neck","type":"image","name":"Neck","transform":{"y":5.7,"skX":-5.7,"skY":-5.7,"x":20.32}}],"name":"Neck"},{"display":[{"path":"Leg_L","type":"image","name":"Leg_L","transform":{"y":-0.77,"skX":-57.05,"skY":-57.05,"x":20.6}}],"name":"Leg_L"},{"display":[{"vertices":[-68.06,-139.1,-92.69,-115.41,-92.66,-92.85,-75.13,-67.1,-45.44,-72.15,-9.98,-52.85,13.64,-47.2,42.99,-47.22,77.33,-56.13,77.31,-100.17,73,-132.73,43.64,-139.16,10.7,-137.7,-5.4,-129.82,-36.21,-139.14,-3.53,-104.92,49.11,-108.27,-6.66,-78.04,48.8,-76.02],"uvs":[0.14083,-0.01111,-0.00595,0.25195,-0.00595,0.50255,0.09821,0.78895,0.27508,0.73326,0.48605,0.94806,0.62669,1.01111,0.80143,1.01111,1.00595,0.91226,1.00595,0.423,0.98043,0.06102,0.8057,-0.01058,0.60965,0.00533,0.51375,0.09284,0.33049,-0.01111,0.52473,0.36945,0.83812,0.33259,0.50596,0.66816,0.83614,0.69109],"path":"Body","edges":[1,2,2,3,3,4,4,5,5,6,6,7,7,8,8,9,9,10,10,11,11,12,12,13,13,14,14,0,0,1],"triangles":[18,7,8,10,16,9,18,8,9,16,18,9,11,16,10,6,7,18,15,17,18,11,12,16,12,15,16,15,18,16,17,6,18,13,15,12,17,5,6,4,17,15,14,4,15,13,14,15,4,5,17,2,3,4,0,1,4,1,2,4,0,4,14],"type":"mesh","transform":{},"slotPose":[1,0,0,1,0,0],"userEdges":[],"width":168,"bonePose":[17,0.9517016336019816,0.3070244299714919,-0.3070244299714919,0.9517016336019816,-47.18,-114.57,26,0.9987369566060176,-0.05024431817976971,0.05024431817976971,0.9987369566060176,13.14838408979033,-56.343888165411265,20,0.9987369566060176,-0.05024431817976971,0.05024431817976971,0.9987369566060176,-2.05706159006721,-100.05511008469536,23,0.9949510169813004,0.10036171485121476,-0.10036171485121476,0.9949510169813004,52.17718533052065,-103.32420184796948],"height":90,"name":"Body","weights":[1,17,1,1,17,1,2,17,0.99929,26,0.0007,1,17,1,2,17,0.89649,26,0.1035,3,17,0.22396,20,0.19,26,0.58603,3,20,0.13,23,0.00041,26,0.86958,3,20,0.28439,23,0.2,26,0.5156,1,23,1,2,23,0.99922,26,0.00077,1,23,1,4,17,0.00072,20,0.36214,23,0.63669,26,0.00042,4,17,0.16745,20,0.73285,23,0.09962,26,0.00005,2,17,0.57374,20,0.42625,2,17,0.99466,20,0.00533,2,17,0.5,20,0.5,2,20,0.34718,23,0.6528,3,17,0.35296,20,0.31,26,0.33703,3,20,0.39984,23,0.43,26,0.17015]}],"name":"Body"},{"display":[{"path":"Hand_L","type":"image","name":"Hand_L","transform":{"y":-3.55,"skX":-36.62,"skY":-36.62,"x":10.94}}],"name":"Hand_L"},{"display":[{"path":"Hand_R","type":"image","name":"Hand_R","transform":{"y":-3.1,"skX":-28.23,"skY":-28.23,"x":12.61}}],"name":"Hand_R"},{"display":[{"path":"Wrist_R","type":"image","name":"Wrist_R","transform":{"y":8.73,"skX":-58.61,"skY":-58.61,"x":1.62}}],"name":"Wrist_R"},{"display":[{"path":"Arm_L","type":"image","name":"Arm_L","transform":{"y":4.4,"skX":-55.27,"skY":-55.27,"x":10.79}}],"name":"Arm_L"},{"display":[{"vertices":[-101.38,-122.17,-123.79,-87.24,-129.43,-57.67,-148.94,-50.1,-173.77,-47.9,-173.83,-32.44,-147.93,-15.35,-116.98,-15.25,-92.1,-27.73,-78.41,-65.51,-76.58,-99.12,-58.55,-111.1,-58.53,-118.73,-71.55,-122.08,-88.5,-104.95,-97.11,-74.98,-112.03,-45.97,-136.5,-31.48],"uvs":[0.62941,-0.00952,0.43205,0.32401,0.38304,0.60596,0.21063,0.67872,-0.00885,0.70055,-0.00885,0.84789,0.22076,1.00952,0.4946,1.00952,0.71433,0.88973,0.83433,0.52956,0.84955,0.20941,1.00885,0.09481,1.00885,0.02205,0.89349,-0.00952,0.74389,0.15414,0.66854,0.43994,0.53739,0.71681,0.32138,0.85569],"path":"Tail","edges":[4,5,5,6,6,7,7,8,8,9,9,10,10,11,11,12,12,13,13,0,0,1,1,2,2,3,3,4],"triangles":[13,10,11,13,11,12,16,8,9,15,9,10,14,10,13,0,14,13,15,16,9,14,15,10,1,15,14,0,1,14,16,7,8,2,16,15,1,2,15,17,7,16,2,17,16,17,6,7,3,17,2,3,6,17,4,5,3,3,5,6],"type":"mesh","transform":{},"slotPose":[1,0,0,1,0,0],"userEdges":[],"width":113,"bonePose":[15,-0.9189977715934212,0.3942627243429512,-0.3942627243429512,-0.9189977715934212,-69.3,-112.81,22,-0.2593247671810203,0.9657901765531216,-0.9657901765531216,-0.2593247671810203,-88.98725713842718,-103.55867002180511,35,-0.8423583509352217,0.5389178124813594,-0.5389178124813594,-0.8423583509352217,-110.25091094377277,-48.57733344240857,25,-0.45554490723351526,0.8902128046111266,-0.8902128046111266,-0.45554490723351526,-96.33401402778888,-75.77333462327849,36,-0.9801675471115892,-0.19817058204801896,0.19817058204801896,-0.9801675471115892,-136.52139726189455,-31.615866860494883],"height":105,"name":"Tail","weights":[2,15,0.55957,22,0.44042,3,22,0.61196,25,0.38661,35,0.00141,4,22,0.02525,25,0.33147,35,0.56357,36,0.07969,3,25,0.00059,35,0.13051,36,0.86889,1,36,0.99999,1,36,1,2,35,0.058,36,0.94199,3,25,0.01156,35,0.95373,36,0.03469,2,25,0.36193,35,0.63805,2,22,0.29441,25,0.70558,2,15,0.68201,22,0.31798,1,15,0.99999,1,15,1,1,15,1,2,15,0.5,22,0.5,2,22,0.5,25,0.5,3,22,0.00007,25,0.23449,35,0.76542,2,35,0.5,36,0.5]}],"name":"Tail"},{"display":[{"vertices":[109.57,-178.07,98.54,-151.01,98.37,-123.37,112.58,-113.09,127.35,-118.48,127.37,-133.84,119.52,-152.78,115.45,-178.06,108.77,-151.52],"uvs":[0.37598,-0.01587,-0.03172,0.41382,-0.03704,0.85268,0.48975,1.01587,1.03704,0.92989,1.03704,0.68608,0.74576,0.38537,0.59406,-0.01587,0.34755,0.40565],"path":"Ear_L","edges":[2,3,3,4,4,5,5,6,6,7,7,0,0,1,1,2],"triangles":[2,3,5,8,2,5,6,8,5,5,3,4,0,8,7,7,8,6,0,1,8,1,2,8],"type":"mesh","transform":{},"slotPose":[1,0,0,1,0,0],"userEdges":[],"width":27,"bonePose":[38,-0.1459103657442255,-0.9892978141936768,0.9892978141936768,-0.1459103657442255,113.4709526854366,-116.51513793186504,44,0.15764103693791792,-0.9874964827649456,0.9874964827649456,0.15764103693791792,108.54344648078418,-150.8839854918737],"height":63,"name":"Ear_L","weights":[1,44,0.99999,2,38,0.57857,44,0.42142,1,38,1,1,38,1,1,38,1,2,38,0.99988,44,0.00011,2,38,0.40724,44,0.59275,1,44,1,2,38,0.5,44,0.5]}],"name":"Ear_L"},{"display":[{"path":"Foot_L","type":"image","name":"Foot_L","transform":{"y":-5.38,"skX":-45.52,"skY":-45.52,"x":11.3}}],"name":"Foot_L"},{"display":[{"path":"Fibula_R","type":"image","name":"Fibula_R","transform":{"y":3.97,"skX":-153.78,"skY":-153.78,"x":24.59}}],"name":"Fibula_R"},{"display":[{"path":"Head","type":"image","name":"Head","transform":{"y":-16,"skX":-29.98,"skY":-29.98,"x":29.2}}],"name":"Head"},{"display":[{"path":"Thigh_L","type":"image","name":"Thigh_L","transform":{"y":3.25,"skX":-58.29,"skY":-58.29,"x":24.66}}],"name":"Thigh_L"},{"display":[{"path":"Foot_R","type":"image","name":"Foot_R","transform":{"y":-6.63,"skX":-52.93,"skY":-52.93,"x":11.86}}],"name":"Foot_R"},{"display":[{"path":"Leg_R","type":"image","name":"Leg_R","transform":{"y":0.94,"skX":-81.43,"skY":-81.43,"x":20.97}}],"name":"Leg_R"},{"display":[{"path":"Eye","type":"image","name":"Eye","transform":{"y":-8.06,"skX":-29.98,"skY":-29.98,"x":43.53}}],"name":"Eye"},{"display":[{"path":"Thigh_R","type":"image","name":"Thigh_R","transform":{"y":1.38,"skX":-88.12,"skY":-88.12,"x":21.27}}],"name":"Thigh_R"}],"name":""}],"defaultActions":[{"gotoAndPlay":"0000_daiji"}],"aabb":{"width":338.6637533124742,"y":-175.086730375,"height":188.10097583467294,"x":-167.3394927428572},"slot":[{"name":"Tail","parent":"Tail","color":{}},{"z":1,"name":"Leg_L","parent":"Leg_L","color":{}},{"z":2,"name":"Thigh_L","parent":"Thigh_L","color":{}},{"z":3,"name":"Fibula_L","parent":"Fibula_L","color":{}},{"z":4,"name":"Foot_L","parent":"Foot_L","color":{}},{"z":5,"name":"UpArm_L","parent":"UpArm_L","color":{}},{"z":6,"name":"Arm_L","parent":"Arm_L","color":{}},{"z":7,"name":"Wrist_L","parent":"Wrist_L","color":{}},{"z":8,"name":"Hand_L","parent":"Hand_L","color":{}},{"z":9,"name":"Body","parent":"Body","color":{}},{"z":10,"name":"Neck","parent":"Neck","color":{}},{"z":11,"name":"Thigh_R","parent":"Thigh_R","color":{}},{"z":12,"name":"Leg_R","parent":"Leg_R","color":{}},{"z":13,"name":"Foot_R","parent":"Foot_R","color":{}},{"z":14,"name":"Fibula_R","parent":"Fibula_R","color":{}},{"z":15,"name":"UpArm_R","parent":"UpArm_R","color":{}},{"z":16,"name":"Arm_R","parent":"Arm_R","color":{}},{"z":17,"name":"Wrist_R","parent":"Wrist_R","color":{}},{"z":18,"name":"Hand_R","parent":"Hand_R","color":{}},{"z":19,"name":"Ear_L","parent":"Ear_L","color":{}},{"z":20,"name":"Ear_R","parent":"Ear_R","color":{}},{"z":21,"name":"Head","parent":"Head","color":{}},{"z":22,"name":"Eye","parent":"Head","color":{}}],"name":"armatureName","ik":[{"chain":1,"bone":"Fibula_R","name":"leg_r","target":"leg_r"},{"chain":1,"bone":"Fibula_L","name":"leg_l","target":"leg_l2"},{"bone":"Leg_L","name":"leg_l2","bendPositive":"false","target":"leg_l3"},{"chain":1,"bone":"Arm_R","name":"arm_r","bendPositive":"false","target":"arm_r"},{"bone":"Leg_R","name":"leg_r2","bendPositive":"false","target":"leg_r2"},{"chain":1,"bone":"Arm_L","name":"arm_l","bendPositive":"false","target":"arm_l"},{"bone":"Foot_L","name":"foot_l","bendPositive":"false","target":"foot_l"},{"bone":"Foot_R","name":"foot_r","bendPositive":"false","target":"leg_l"},{"bone":"Wrist_L","name":"arm_l2","bendPositive":"false","target":"arm_l2"},{"bone":"Wrist_R","name":"arm_r2","bendPositive":"false","target":"arm_r2"},{"bone":"Hand_R","name":"hand_r","bendPositive":"false","target":"hand_r"},{"bone":"Hand_L","name":"hand_l","bendPositive":"false","target":"hand_l"}]}],"name":"cw_001_sanmao_gj","version":"4.0"}