{"frameRate":60,"isGlobal":0,"armature":[{"bone":[{"name":"root","transform":{}},{"inheritScale":false,"transform":{},"name":"000_juexing_bg","parent":"root"},{"inheritScale":false,"transform":{},"name":"001_fuji","parent":"root"},{"inheritScale":false,"transform":{},"name":"003_yidong_fuji","parent":"root"},{"inheritScale":false,"transform":{},"name":"001_faguang_eff","parent":"root"},{"inheritScale":false,"transform":{},"name":"005_shuxing","parent":"root"},{"inheritScale":false,"transform":{},"name":"002_xingxing_fuji","parent":"003_yidong_fuji"},{"inheritScale":false,"transform":{},"name":"001_fazhen_fuji","parent":"001_fuji"},{"inheritScale":false,"transform":{},"name":"002_fuji2","parent":"003_yidong_fuji"},{"inheritScale":false,"transform":{},"name":"002_fazhen01","parent":"002_fuji2"},{"inheritScale":false,"transform":{},"name":"001_xuili_fuji","parent":"002_fuji2"},{"inheritScale":false,"transform":{},"name":"002_juese","parent":"002_fuji2"},{"inheritScale":false,"transform":{},"name":"002_xingxing01","parent":"002_xingxing_fuji"},{"inheritScale":false,"transform":{},"name":"001_xuli01","parent":"001_xuili_fuji"},{"inheritScale":false,"transform":{},"name":"001_xuli02","parent":"001_xuili_fuji"}],"type":"Armature","frameRate":60,"animation":[{"bone":[{"frame":[{"tweenEasing":0,"transform":{"scY":15,"scX":15},"duration":29},{"tweenEasing":0,"transform":{"scY":15,"scX":15},"duration":1},{"tweenEasing":0,"transform":{"scY":15,"scX":15},"duration":30},{"tweenEasing":0,"transform":{"scY":15,"scX":15},"duration":15},{"tweenEasing":0,"transform":{"scY":15,"scX":15},"duration":25},{"tweenEasing":0,"transform":{"scY":15,"scX":15},"duration":30},{"tweenEasing":0,"transform":{"scY":15,"scX":15},"duration":20},{"tweenEasing":0,"transform":{"scY":15,"scX":15},"duration":20},{"transform":{"scY":15,"scX":15},"duration":0}],"name":"001_faguang_eff"},{"frame":[{"tweenEasing":0,"transform":{},"duration":119},{"tweenEasing":0,"transform":{},"duration":1},{"tweenEasing":0,"transform":{"x":900},"duration":10},{"tweenEasing":0,"transform":{"x":280},"duration":20},{"tweenEasing":0,"transform":{"x":300},"duration":20},{"transform":{"x":300},"duration":0}],"name":"005_shuxing"},{"frame":[{"tweenEasing":0,"transform":{"scY":1.5,"scX":1.5},"duration":30},{"tweenEasing":0,"transform":{"scY":1.5,"scX":1.5},"duration":30},{"tweenEasing":0,"transform":{"scY":1.5,"scX":1.5},"duration":40},{"tweenEasing":0,"transform":{"scY":1.5,"scX":1.5},"duration":70},{"transform":{"scY":1.5,"scX":1.5},"duration":0}],"name":"002_xingxing01"},{"frame":[{"tweenEasing":0,"transform":{"y":-250},"duration":30},{"tweenEasing":0,"transform":{"y":-250},"duration":30},{"tweenEasing":0,"transform":{"scY":3,"y":-250,"scX":3},"duration":15},{"tweenEasing":0,"transform":{"scY":3,"y":-250,"scX":3},"duration":20},{"tweenEasing":0,"transform":{"scY":0.9,"y":-250,"scX":0.9},"duration":5},{"tweenEasing":0,"transform":{"y":-250},"duration":30},{"tweenEasing":0,"transform":{"y":-250},"duration":20},{"tweenEasing":0,"transform":{"y":-250},"duration":20},{"transform":{"y":-250},"duration":0}],"name":"002_xingxing_fuji"},{"frame":[{"tweenEasing":0,"transform":{"scY":2,"y":-150,"scX":2},"duration":60},{"tweenEasing":0,"transform":{"scY":2,"y":-150,"scX":2},"duration":40},{"tweenEasing":0,"transform":{"scY":3,"y":-150,"scX":3},"duration":30},{"tweenEasing":0,"transform":{"scY":3,"y":-150,"scX":3},"duration":20},{"tweenEasing":0,"transform":{"scY":3,"y":-150,"scX":3},"duration":20},{"transform":{"scY":3,"y":-150,"scX":3},"duration":0}],"name":"001_xuili_fuji"},{"frame":[{"tweenEasing":0,"transform":{},"duration":30},{"tweenEasing":0,"transform":{"scY":2,"skX":45,"skY":45,"scX":2},"duration":30},{"tweenEasing":0,"transform":{"skX":90,"skY":90},"duration":3},{"tweenEasing":0,"transform":{"skX":90,"skY":90},"duration":3},{"tweenEasing":0,"transform":{"skX":90,"skY":90},"duration":34},{"tweenEasing":0,"transform":{"skX":90,"skY":90},"duration":30},{"tweenEasing":0,"transform":{"skX":90,"skY":90},"duration":20},{"tweenEasing":0,"transform":{"skX":90,"skY":90},"duration":20},{"transform":{"skX":90,"skY":90},"duration":0}],"name":"001_xuli01"},{"frame":[{"tweenEasing":0,"transform":{"scY":2,"y":-11.875,"skX":90,"skY":90,"scX":2,"x":-0.625},"duration":30},{"tweenEasing":0,"transform":{"skX":45,"skY":45},"duration":30},{"tweenEasing":0,"transform":{"scY":2,"scX":2},"duration":3},{"tweenEasing":0,"transform":{"scY":2,"scX":2},"duration":3},{"tweenEasing":0,"transform":{"scY":2,"scX":2},"duration":34},{"tweenEasing":0,"transform":{"scY":2,"scX":2},"duration":30},{"tweenEasing":0,"transform":{"scY":2,"scX":2},"duration":20},{"tweenEasing":0,"transform":{"scY":2,"scX":2},"duration":20},{"transform":{"scY":2,"scX":2},"duration":0}],"name":"001_xuli02"},{"frame":[{"tweenEasing":0,"transform":{"y":-156},"duration":100},{"tweenEasing":0,"transform":{"y":-156},"duration":30},{"tweenEasing":0,"transform":{"y":-156},"duration":20},{"tweenEasing":0,"transform":{"y":-156},"duration":20},{"transform":{"y":-156},"duration":0}],"name":"002_juese"},{"frame":[{"tweenEasing":0,"transform":{"scY":0.7,"y":-55,"scX":0.7},"duration":30},{"tweenEasing":0,"transform":{"scY":1.2,"y":-55,"scX":1.2},"duration":30},{"tweenEasing":0,"transform":{"y":-55},"duration":40},{"tweenEasing":0,"transform":{"y":-55},"duration":30},{"tweenEasing":0,"transform":{"y":-55},"duration":20},{"tweenEasing":0,"transform":{"y":-55},"duration":20},{"transform":{"y":-55},"duration":0}],"name":"002_fazhen01"},{"frame":[{"tweenEasing":0,"transform":{"y":200},"duration":100},{"tweenEasing":0,"transform":{"y":200},"duration":30},{"tweenEasing":0,"transform":{"y":200},"duration":20},{"tweenEasing":0,"transform":{"y":200},"duration":20},{"transform":{"y":200},"duration":0}],"name":"002_fuji2"},{"frame":[{"tweenEasing":0,"transform":{},"duration":100},{"tweenEasing":0,"transform":{},"duration":30},{"tweenEasing":0,"transform":{},"duration":20},{"tweenEasing":0,"transform":{},"duration":20},{"transform":{},"duration":0}],"name":"001_fazhen_fuji"},{"frame":[{"tweenEasing":0,"transform":{"y":50},"duration":100},{"tweenEasing":0,"transform":{"y":50},"duration":30},{"tweenEasing":0,"transform":{"y":50,"x":-200},"duration":20},{"tweenEasing":0,"transform":{"y":50,"x":-200},"duration":20},{"transform":{"y":50,"x":-200},"duration":0}],"name":"003_yidong_fuji"},{"frame":[{"tweenEasing":0,"transform":{},"duration":100},{"tweenEasing":0,"transform":{},"duration":30},{"tweenEasing":0,"transform":{},"duration":20},{"tweenEasing":0,"transform":{},"duration":20},{"transform":{},"duration":0}],"name":"001_fuji"},{"frame":[{"tweenEasing":0,"transform":{"scY":2.5,"scX":2.5},"duration":100},{"tweenEasing":0,"transform":{"scY":2.5,"scX":2.5},"duration":30},{"tweenEasing":0,"transform":{"scY":2.5,"scX":2.5},"duration":20},{"tweenEasing":0,"transform":{"scY":2.5,"scX":2.5},"duration":20},{"transform":{"scY":2.5,"scX":2.5},"duration":0}],"name":"000_juexing_bg"},{"frame":[{"transform":{},"duration":170}],"name":"root"}],"slot":[{"frame":[{"displayIndex":-1,"tweenEasing":0,"duration":29},{"displayIndex":-1,"tweenEasing":0,"duration":1},{"displayIndex":1,"tweenEasing":0,"color":{"aM":0},"duration":30},{"displayIndex":1,"tweenEasing":0,"duration":15},{"displayIndex":1,"tweenEasing":0,"duration":25},{"displayIndex":1,"tweenEasing":0,"color":{"aM":0},"duration":30},{"displayIndex":1,"tweenEasing":0,"color":{"aM":0},"duration":20},{"displayIndex":1,"tweenEasing":0,"color":{"aM":0},"duration":20},{"displayIndex":1,"tweenEasing":null,"color":{"aM":0},"duration":0}],"name":"001_faguang_eff"},{"frame":[{"displayIndex":-1,"tweenEasing":0,"duration":119},{"displayIndex":-1,"tweenEasing":0,"duration":1},{"tweenEasing":0,"duration":10},{"tweenEasing":0,"duration":20},{"tweenEasing":0,"duration":20},{"tweenEasing":null,"duration":0}],"name":"005_shuxing"},{"frame":[{"tweenEasing":0,"duration":30},{"tweenEasing":0,"duration":30},{"tweenEasing":0,"color":{"aM":0},"duration":40},{"tweenEasing":0,"duration":70},{"tweenEasing":null,"duration":0}],"name":"002_xingxing01"},{"frame":[{"displayIndex":-1,"tweenEasing":0,"duration":30},{"displayIndex":-1,"tweenEasing":0,"duration":30},{"displayIndex":-1,"tweenEasing":0,"duration":15},{"displayIndex":-1,"tweenEasing":0,"duration":20},{"displayIndex":-1,"tweenEasing":0,"duration":5},{"displayIndex":-1,"tweenEasing":0,"duration":30},{"displayIndex":-1,"tweenEasing":0,"duration":20},{"displayIndex":-1,"tweenEasing":0,"duration":20},{"displayIndex":-1,"tweenEasing":null,"duration":0}],"name":"002_xingxing_fuji"},{"frame":[{"displayIndex":-1,"tweenEasing":0,"duration":60},{"displayIndex":-1,"tweenEasing":0,"duration":40},{"displayIndex":-1,"tweenEasing":0,"duration":30},{"displayIndex":-1,"tweenEasing":0,"duration":20},{"displayIndex":-1,"tweenEasing":0,"duration":20},{"displayIndex":-1,"tweenEasing":null,"duration":0}],"name":"001_xuili_fuji"},{"frame":[{"displayIndex":2,"tweenEasing":0,"color":{"aM":0,"bM":0},"duration":30},{"tweenEasing":0,"color":{"aM":0,"bM":0},"duration":30},{"tweenEasing":0,"color":{"bM":0},"duration":3},{"displayIndex":1,"tweenEasing":0,"color":{"aM":57,"bM":0},"duration":3},{"displayIndex":2,"tweenEasing":0,"color":{"aM":19,"bM":0},"duration":34},{"displayIndex":2,"tweenEasing":0,"color":{"aM":0,"bM":0},"duration":30},{"displayIndex":2,"tweenEasing":0,"color":{"aM":0,"bM":0},"duration":20},{"displayIndex":2,"tweenEasing":0,"color":{"aM":0,"bM":0},"duration":20},{"displayIndex":2,"tweenEasing":null,"color":{"aM":0,"bM":0},"duration":0}],"name":"001_xuli01"},{"frame":[{"displayIndex":2,"tweenEasing":0,"color":{"aM":0,"bM":0},"duration":30},{"tweenEasing":0,"color":{"bM":0},"duration":30},{"tweenEasing":0,"color":{"aM":0,"bM":0},"duration":3},{"displayIndex":1,"tweenEasing":0,"color":{"aM":57,"bM":0},"duration":3},{"displayIndex":2,"tweenEasing":0,"color":{"aM":19,"bM":0},"duration":34},{"displayIndex":2,"tweenEasing":0,"color":{"aM":0,"bM":0},"duration":30},{"displayIndex":2,"tweenEasing":0,"color":{"aM":0,"bM":0},"duration":20},{"displayIndex":2,"tweenEasing":0,"color":{"aM":0,"bM":0},"duration":20},{"displayIndex":2,"tweenEasing":null,"color":{"aM":0,"bM":0},"duration":0}],"name":"001_xuli02"},{"frame":[{"tweenEasing":0,"duration":100},{"tweenEasing":0,"duration":30},{"tweenEasing":0,"duration":20},{"tweenEasing":0,"duration":20},{"tweenEasing":null,"duration":0}],"name":"002_juese"},{"frame":[{"tweenEasing":0,"color":{"aM":0,"bM":0},"duration":30},{"tweenEasing":0,"color":{"bM":0},"duration":30},{"tweenEasing":0,"color":{"bM":0},"duration":40},{"tweenEasing":0,"color":{"bM":0},"duration":30},{"tweenEasing":0,"color":{"bM":0},"duration":20},{"tweenEasing":0,"color":{"bM":0},"duration":20},{"tweenEasing":null,"color":{"bM":0},"duration":0}],"name":"002_fazhen01"},{"frame":[{"displayIndex":-1,"tweenEasing":0,"duration":100},{"displayIndex":-1,"tweenEasing":0,"duration":30},{"displayIndex":-1,"tweenEasing":0,"duration":20},{"displayIndex":-1,"tweenEasing":0,"duration":20},{"displayIndex":-1,"tweenEasing":null,"duration":0}],"name":"002_fuji2"},{"frame":[{"displayIndex":-1,"tweenEasing":0,"duration":100},{"displayIndex":-1,"tweenEasing":0,"duration":30},{"displayIndex":-1,"tweenEasing":0,"duration":20},{"displayIndex":-1,"tweenEasing":0,"duration":20},{"displayIndex":-1,"tweenEasing":null,"duration":0}],"name":"001_fazhen_fuji"},{"frame":[{"displayIndex":-1,"tweenEasing":0,"duration":100},{"displayIndex":-1,"tweenEasing":0,"duration":30},{"displayIndex":-1,"tweenEasing":0,"duration":20},{"displayIndex":-1,"tweenEasing":0,"duration":20},{"displayIndex":-1,"tweenEasing":null,"duration":0}],"name":"003_yidong_fuji"},{"frame":[{"displayIndex":-1,"tweenEasing":0,"duration":100},{"displayIndex":-1,"tweenEasing":0,"duration":30},{"displayIndex":-1,"tweenEasing":0,"duration":20},{"displayIndex":-1,"tweenEasing":0,"duration":20},{"displayIndex":-1,"tweenEasing":null,"duration":0}],"name":"001_fuji"},{"frame":[{"tweenEasing":0,"color":{"rM":36,"gM":36,"bM":36},"duration":100},{"tweenEasing":0,"color":{"rM":36,"gM":36,"bM":36},"duration":30},{"tweenEasing":0,"color":{"rM":36,"gM":36,"bM":36},"duration":20},{"tweenEasing":0,"color":{"rM":36,"gM":36,"bM":36},"duration":20},{"tweenEasing":null,"color":{"rM":36,"gM":36,"bM":36},"duration":0}],"name":"000_juexing_bg"}],"ffd":[],"ik":[],"frame":[],"name":"000_shengxing","duration":170},{"bone":[{"frame":[{"tweenEasing":0,"transform":{"scY":15,"scX":15},"duration":29},{"tweenEasing":0,"transform":{"scY":15,"scX":15},"duration":1},{"tweenEasing":0,"transform":{"scY":15,"scX":15},"duration":30},{"tweenEasing":0,"transform":{"scY":15,"scX":15},"duration":15},{"tweenEasing":0,"transform":{"scY":15,"scX":15},"duration":25},{"tweenEasing":0,"transform":{"scY":15,"scX":15},"duration":30},{"tweenEasing":0,"transform":{"scY":15,"scX":15},"duration":20},{"tweenEasing":0,"transform":{"scY":15,"scX":15},"duration":20},{"transform":{"scY":15,"scX":15},"duration":0}],"name":"001_faguang_eff"},{"frame":[{"tweenEasing":0,"transform":{},"duration":119},{"tweenEasing":0,"transform":{},"duration":1},{"tweenEasing":0,"transform":{"x":900},"duration":10},{"tweenEasing":0,"transform":{"x":280},"duration":20},{"tweenEasing":0,"transform":{"x":300},"duration":20},{"transform":{"x":300},"duration":0}],"name":"005_shuxing"},{"frame":[{"tweenEasing":0,"transform":{"scY":1.5,"scX":1.5},"duration":30},{"tweenEasing":0,"transform":{"scY":1.5,"scX":1.5},"duration":30},{"tweenEasing":0,"transform":{"scY":1.5,"scX":1.5},"duration":40},{"tweenEasing":0,"transform":{"scY":1.5,"scX":1.5},"duration":70},{"transform":{"scY":1.5,"scX":1.5},"duration":0}],"name":"002_xingxing01"},{"frame":[{"tweenEasing":0,"transform":{"y":-250},"duration":30},{"tweenEasing":0,"transform":{"y":-250},"duration":30},{"tweenEasing":0,"transform":{"scY":3,"y":-250,"scX":3},"duration":15},{"tweenEasing":0,"transform":{"scY":3,"y":-250,"scX":3},"duration":20},{"tweenEasing":0,"transform":{"scY":0.9,"y":-250,"scX":0.9},"duration":5},{"tweenEasing":0,"transform":{"y":-250},"duration":30},{"tweenEasing":0,"transform":{"y":-250},"duration":20},{"tweenEasing":0,"transform":{"y":-250},"duration":20},{"transform":{"y":-250},"duration":0}],"name":"002_xingxing_fuji"},{"frame":[{"tweenEasing":0,"transform":{"scY":2,"y":-150,"scX":2},"duration":60},{"tweenEasing":0,"transform":{"scY":2,"y":-150,"scX":2},"duration":40},{"tweenEasing":0,"transform":{"scY":3,"y":-150,"scX":3},"duration":30},{"tweenEasing":0,"transform":{"scY":3,"y":-150,"scX":3},"duration":20},{"tweenEasing":0,"transform":{"scY":3,"y":-150,"scX":3},"duration":20},{"transform":{"scY":3,"y":-150,"scX":3},"duration":0}],"name":"001_xuili_fuji"},{"frame":[{"tweenEasing":0,"transform":{},"duration":30},{"tweenEasing":0,"transform":{"scY":2,"skX":45,"skY":45,"scX":2},"duration":30},{"tweenEasing":0,"transform":{"skX":90,"skY":90},"duration":3},{"tweenEasing":0,"transform":{"skX":90,"skY":90},"duration":3},{"tweenEasing":0,"transform":{"skX":90,"skY":90},"duration":34},{"tweenEasing":0,"transform":{"skX":90,"skY":90},"duration":30},{"tweenEasing":0,"transform":{"skX":90,"skY":90},"duration":20},{"tweenEasing":0,"transform":{"skX":90,"skY":90},"duration":20},{"transform":{"skX":90,"skY":90},"duration":0}],"name":"001_xuli01"},{"frame":[{"tweenEasing":0,"transform":{"scY":2,"y":-11.875,"skX":90,"skY":90,"scX":2,"x":-0.625},"duration":30},{"tweenEasing":0,"transform":{"skX":45,"skY":45},"duration":30},{"tweenEasing":0,"transform":{"scY":2,"scX":2},"duration":3},{"tweenEasing":0,"transform":{"scY":2,"scX":2},"duration":3},{"tweenEasing":0,"transform":{"scY":2,"scX":2},"duration":34},{"tweenEasing":0,"transform":{"scY":2,"scX":2},"duration":30},{"tweenEasing":0,"transform":{"scY":2,"scX":2},"duration":20},{"tweenEasing":0,"transform":{"scY":2,"scX":2},"duration":20},{"transform":{"scY":2,"scX":2},"duration":0}],"name":"001_xuli02"},{"frame":[{"tweenEasing":0,"transform":{"y":-156},"duration":100},{"tweenEasing":0,"transform":{"y":-156},"duration":30},{"tweenEasing":0,"transform":{"y":-156},"duration":20},{"tweenEasing":0,"transform":{"y":-156},"duration":20},{"transform":{"y":-156},"duration":0}],"name":"002_juese"},{"frame":[{"tweenEasing":0,"transform":{"scY":0.7,"y":-55,"scX":0.7},"duration":30},{"tweenEasing":0,"transform":{"scY":1.2,"y":-55,"scX":1.2},"duration":30},{"tweenEasing":0,"transform":{"y":-55},"duration":40},{"tweenEasing":0,"transform":{"y":-55},"duration":30},{"tweenEasing":0,"transform":{"y":-55},"duration":20},{"tweenEasing":0,"transform":{"y":-55},"duration":20},{"transform":{"y":-55},"duration":0}],"name":"002_fazhen01"},{"frame":[{"tweenEasing":0,"transform":{"y":200},"duration":100},{"tweenEasing":0,"transform":{"y":200},"duration":30},{"tweenEasing":0,"transform":{"y":200},"duration":20},{"tweenEasing":0,"transform":{"y":200},"duration":20},{"transform":{"y":200},"duration":0}],"name":"002_fuji2"},{"frame":[{"tweenEasing":0,"transform":{},"duration":100},{"tweenEasing":0,"transform":{},"duration":30},{"tweenEasing":0,"transform":{},"duration":20},{"tweenEasing":0,"transform":{},"duration":20},{"transform":{},"duration":0}],"name":"001_fazhen_fuji"},{"frame":[{"tweenEasing":0,"transform":{"y":50},"duration":100},{"tweenEasing":0,"transform":{"y":50},"duration":30},{"tweenEasing":0,"transform":{"y":50,"x":-200},"duration":20},{"tweenEasing":0,"transform":{"y":50,"x":-200},"duration":20},{"transform":{"y":50,"x":-200},"duration":0}],"name":"003_yidong_fuji"},{"frame":[{"tweenEasing":0,"transform":{},"duration":100},{"tweenEasing":0,"transform":{},"duration":30},{"tweenEasing":0,"transform":{},"duration":20},{"tweenEasing":0,"transform":{},"duration":20},{"transform":{},"duration":0}],"name":"001_fuji"},{"frame":[{"tweenEasing":0,"transform":{"scY":2.5,"scX":2.5},"duration":100},{"tweenEasing":0,"transform":{"scY":2.5,"scX":2.5},"duration":30},{"tweenEasing":0,"transform":{"scY":2.5,"scX":2.5},"duration":20},{"tweenEasing":0,"transform":{"scY":2.5,"scX":2.5},"duration":20},{"transform":{"scY":2.5,"scX":2.5},"duration":0}],"name":"000_juexing_bg"},{"frame":[{"transform":{},"duration":170}],"name":"root"}],"slot":[{"frame":[{"displayIndex":-1,"tweenEasing":0,"duration":29},{"displayIndex":-1,"tweenEasing":0,"duration":1},{"displayIndex":1,"tweenEasing":0,"color":{"aM":0},"duration":30},{"displayIndex":1,"tweenEasing":0,"duration":15},{"displayIndex":1,"tweenEasing":0,"duration":25},{"displayIndex":1,"tweenEasing":0,"color":{"aM":0},"duration":30},{"displayIndex":1,"tweenEasing":0,"color":{"aM":0},"duration":20},{"displayIndex":1,"tweenEasing":0,"color":{"aM":0},"duration":20},{"displayIndex":1,"tweenEasing":null,"color":{"aM":0},"duration":0}],"name":"001_faguang_eff"},{"frame":[{"displayIndex":-1,"tweenEasing":0,"duration":119},{"displayIndex":-1,"tweenEasing":0,"duration":1},{"tweenEasing":0,"duration":10},{"tweenEasing":0,"duration":20},{"tweenEasing":0,"duration":20},{"tweenEasing":null,"duration":0}],"name":"005_shuxing"},{"frame":[{"displayIndex":1,"tweenEasing":0,"duration":30},{"displayIndex":1,"tweenEasing":0,"duration":30},{"displayIndex":1,"tweenEasing":0,"color":{"aM":0},"duration":40},{"displayIndex":1,"tweenEasing":0,"duration":70},{"displayIndex":1,"tweenEasing":null,"duration":0}],"name":"002_xingxing01"},{"frame":[{"displayIndex":-1,"tweenEasing":0,"duration":30},{"displayIndex":-1,"tweenEasing":0,"duration":30},{"displayIndex":-1,"tweenEasing":0,"duration":15},{"displayIndex":-1,"tweenEasing":0,"duration":20},{"displayIndex":-1,"tweenEasing":0,"duration":5},{"displayIndex":-1,"tweenEasing":0,"duration":30},{"displayIndex":-1,"tweenEasing":0,"duration":20},{"displayIndex":-1,"tweenEasing":0,"duration":20},{"displayIndex":-1,"tweenEasing":null,"duration":0}],"name":"002_xingxing_fuji"},{"frame":[{"displayIndex":-1,"tweenEasing":0,"duration":60},{"displayIndex":-1,"tweenEasing":0,"duration":40},{"displayIndex":-1,"tweenEasing":0,"duration":30},{"displayIndex":-1,"tweenEasing":0,"duration":20},{"displayIndex":-1,"tweenEasing":0,"duration":20},{"displayIndex":-1,"tweenEasing":null,"duration":0}],"name":"001_xuili_fuji"},{"frame":[{"displayIndex":2,"tweenEasing":0,"color":{"aM":0,"gM":0},"duration":30},{"tweenEasing":0,"color":{"aM":0,"gM":0},"duration":30},{"tweenEasing":0,"color":{"gM":0},"duration":3},{"displayIndex":1,"tweenEasing":0,"color":{"aM":57,"gM":0},"duration":3},{"displayIndex":2,"tweenEasing":0,"color":{"aM":19,"gM":0},"duration":34},{"displayIndex":2,"tweenEasing":0,"color":{"aM":0,"gM":0},"duration":30},{"displayIndex":2,"tweenEasing":0,"color":{"aM":0,"gM":0},"duration":20},{"displayIndex":2,"tweenEasing":0,"color":{"aM":0,"gM":0},"duration":20},{"displayIndex":2,"tweenEasing":null,"color":{"aM":0,"gM":0},"duration":0}],"name":"001_xuli01"},{"frame":[{"displayIndex":2,"tweenEasing":0,"color":{"aM":0,"gM":0},"duration":30},{"tweenEasing":0,"color":{"gM":0},"duration":30},{"tweenEasing":0,"color":{"aM":0,"gM":0},"duration":3},{"displayIndex":1,"tweenEasing":0,"color":{"aM":57,"gM":0},"duration":3},{"displayIndex":2,"tweenEasing":0,"color":{"aM":19,"gM":0},"duration":34},{"displayIndex":2,"tweenEasing":0,"color":{"aM":0,"gM":0},"duration":30},{"displayIndex":2,"tweenEasing":0,"color":{"aM":0,"gM":0},"duration":20},{"displayIndex":2,"tweenEasing":0,"color":{"aM":0,"gM":0},"duration":20},{"displayIndex":2,"tweenEasing":null,"color":{"aM":0,"gM":0},"duration":0}],"name":"001_xuli02"},{"frame":[{"tweenEasing":0,"duration":100},{"tweenEasing":0,"duration":30},{"tweenEasing":0,"duration":20},{"tweenEasing":0,"duration":20},{"tweenEasing":null,"duration":0}],"name":"002_juese"},{"frame":[{"tweenEasing":0,"color":{"aM":0,"gM":0},"duration":30},{"tweenEasing":0,"color":{"gM":0},"duration":30},{"tweenEasing":0,"color":{"gM":0},"duration":40},{"tweenEasing":0,"color":{"gM":0},"duration":30},{"tweenEasing":0,"color":{"gM":0},"duration":20},{"tweenEasing":0,"color":{"gM":0},"duration":20},{"tweenEasing":null,"color":{"gM":0},"duration":0}],"name":"002_fazhen01"},{"frame":[{"displayIndex":-1,"tweenEasing":0,"duration":100},{"displayIndex":-1,"tweenEasing":0,"duration":30},{"displayIndex":-1,"tweenEasing":0,"duration":20},{"displayIndex":-1,"tweenEasing":0,"duration":20},{"displayIndex":-1,"tweenEasing":null,"duration":0}],"name":"002_fuji2"},{"frame":[{"displayIndex":-1,"tweenEasing":0,"duration":100},{"displayIndex":-1,"tweenEasing":0,"duration":30},{"displayIndex":-1,"tweenEasing":0,"duration":20},{"displayIndex":-1,"tweenEasing":0,"duration":20},{"displayIndex":-1,"tweenEasing":null,"duration":0}],"name":"001_fazhen_fuji"},{"frame":[{"displayIndex":-1,"tweenEasing":0,"duration":100},{"displayIndex":-1,"tweenEasing":0,"duration":30},{"displayIndex":-1,"tweenEasing":0,"duration":20},{"displayIndex":-1,"tweenEasing":0,"duration":20},{"displayIndex":-1,"tweenEasing":null,"duration":0}],"name":"003_yidong_fuji"},{"frame":[{"displayIndex":-1,"tweenEasing":0,"duration":100},{"displayIndex":-1,"tweenEasing":0,"duration":30},{"displayIndex":-1,"tweenEasing":0,"duration":20},{"displayIndex":-1,"tweenEasing":0,"duration":20},{"displayIndex":-1,"tweenEasing":null,"duration":0}],"name":"001_fuji"},{"frame":[{"tweenEasing":0,"color":{"rM":36,"gM":36,"bM":36},"duration":100},{"tweenEasing":0,"color":{"rM":36,"gM":36,"bM":36},"duration":30},{"tweenEasing":0,"color":{"rM":36,"gM":36,"bM":36},"duration":20},{"tweenEasing":0,"color":{"rM":36,"gM":36,"bM":36},"duration":20},{"tweenEasing":null,"color":{"rM":36,"gM":36,"bM":36},"duration":0}],"name":"000_juexing_bg"}],"ffd":[],"ik":[],"frame":[],"name":"001_juexing","duration":170}],"defaultActions":[{"gotoAndPlay":"000_shengxing"}],"aabb":{"width":570,"y":-160,"height":320,"x":-285},"ik":[],"name":"armatureName","skin":[{"slot":[{"display":[{"path":"juexing_eff/qinzhen","type":"image","name":"juexing_eff/qinzhen","transform":{}}],"name":"002_fazhen01"},{"display":[{"path":"juexing_eff/jx_fangshe/cheng_fangshe_03_eff_02","type":"image","name":"juexing_eff/jx_fangshe/cheng_fangshe_03_eff_02","transform":{}},{"path":"juexing_eff/jx_fangshe/cheng_fangshe_03_eff_03","type":"image","name":"juexing_eff/jx_fangshe/cheng_fangshe_03_eff_03","transform":{}},{"path":"juexing_eff/jx_fangshe/cheng_fangshe_03_eff_04","type":"image","name":"juexing_eff/jx_fangshe/cheng_fangshe_03_eff_04","transform":{}}],"name":"001_xuli01"},{"display":[{"path":"juexing_eff/jx_fangshe/cheng_fangshe_03_eff_02","type":"image","name":"juexing_eff/jx_fangshe/cheng_fangshe_03_eff_02","transform":{}},{"path":"juexing_eff/jx_fangshe/cheng_fangshe_03_eff_03","type":"image","name":"juexing_eff/jx_fangshe/cheng_fangshe_03_eff_03","transform":{}},{"path":"juexing_eff/jx_fangshe/cheng_fangshe_03_eff_04","type":"image","name":"juexing_eff/jx_fangshe/cheng_fangshe_03_eff_04","transform":{}}],"name":"001_xuli02"},{"display":[{"path":"juexing_eff/juese","type":"image","name":"juexing_eff/juese","transform":{}}],"name":"002_juese"},{"display":[{"path":"bg","type":"image","name":"bg","transform":{}},{"path":"bg2","type":"image","name":"bg2","transform":{}}],"name":"001_faguang_eff"},{"display":[{"path":"juexing_eff/1001","type":"image","name":"juexing_eff/1001","transform":{}}],"name":"005_shuxing"},{"display":[{"path":"bg","type":"image","name":"bg","transform":{}}],"name":"000_juexing_bg"},{"display":[{"path":"juexing_eff/xingxing01","type":"image","name":"juexing_eff/xingxing01","transform":{}},{"path":"juexing_eff/xingtai1","type":"image","name":"juexing_eff/xingtai1","transform":{}}],"name":"002_xingxing01"}],"name":""}],"slot":[{"name":"000_juexing_bg","parent":"000_juexing_bg","color":{}},{"z":1,"displayIndex":-1,"name":"001_fuji","parent":"001_fuji","color":{}},{"z":2,"displayIndex":-1,"name":"003_yidong_fuji","parent":"003_yidong_fuji","color":{}},{"z":3,"displayIndex":-1,"name":"001_fazhen_fuji","parent":"001_fazhen_fuji","color":{}},{"z":4,"displayIndex":-1,"name":"002_fuji2","parent":"002_fuji2","color":{}},{"z":5,"name":"002_fazhen01","parent":"002_fazhen01","color":{}},{"z":6,"name":"002_juese","parent":"002_juese","color":{}},{"z":7,"name":"001_xuli02","parent":"001_xuli02","color":{}},{"z":8,"name":"001_xuli01","parent":"001_xuli01","color":{}},{"z":9,"displayIndex":-1,"name":"001_xuili_fuji","parent":"001_xuili_fuji","color":{}},{"z":10,"displayIndex":-1,"name":"002_xingxing_fuji","parent":"002_xingxing_fuji","color":{}},{"z":11,"name":"002_xingxing01","parent":"002_xingxing01","color":{}},{"z":12,"name":"005_shuxing","parent":"005_shuxing","color":{}},{"z":13,"name":"001_faguang_eff","parent":"001_faguang_eff","color":{}}]}],"name":"ui_chongwu_juexing_eff","version":"4.0"}