{"frameRate":30,"isGlobal":0,"armature":[{"ik":[],"bone":[{"name":"root","transform":{}},{"length":70,"transform":{"y":-35.63,"skX":179.55,"skY":179.55,"x":35},"parent":"root","name":"ys_jinbi_eff_01"},{"length":70,"transform":{"y":-60.37,"skX":179.55,"skY":179.55,"x":34.8},"parent":"root","name":"ys_jinbi_eff_1"},{"length":70,"transform":{"y":-81.92,"skX":179.55,"skY":179.55,"x":34.62},"parent":"root","name":"ys_jinbi_eff_2"},{"length":70,"transform":{"y":-105.46,"skX":179.55,"skY":179.55,"x":34.43},"parent":"root","name":"ys_jinbi_eff_3"},{"length":70,"transform":{"y":-127.9,"skX":179.55,"skY":179.55,"x":34.24},"parent":"root","name":"ys_jinbi_eff_5"},{"transform":{"y":-24.13,"skX":179.52,"skY":179.52,"x":19.11},"name":"ys_jinbi_eff_pz","parent":"root"}],"type":"Armature","frameRate":30,"animation":[{"ik":[],"bone":[{"frame":[{"transform":{},"duration":5},{"transform":{},"duration":0}],"name":"root"},{"frame":[{"transform":{},"duration":5},{"transform":{},"duration":0}],"name":"ys_jinbi_eff_01"},{"frame":[{"transform":{},"duration":5}],"name":"ys_jinbi_eff_1"},{"frame":[{"transform":{},"duration":5}],"name":"ys_jinbi_eff_2"},{"frame":[{"transform":{},"duration":5}],"name":"ys_jinbi_eff_3"},{"frame":[{"transform":{},"duration":5}],"name":"ys_jinbi_eff_5"},{"frame":[{"transform":{},"duration":5}],"name":"ys_jinbi_eff_pz"}],"slot":[{"frame":[{"displayIndex":-1,"tweenEasing":null,"duration":5}],"name":"ys_jinbi_eff_1"},{"frame":[{"displayIndex":-1,"tweenEasing":null,"duration":5}],"name":"ys_jinbi_eff_2"},{"frame":[{"displayIndex":-1,"tweenEasing":null,"duration":5}],"name":"ys_jinbi_eff_3"},{"frame":[{"displayIndex":-1,"tweenEasing":null,"duration":5}],"name":"ys_jinbi_eff_5"}],"ffd":[],"frame":[],"name":"animation","duration":5},{"ik":[],"bone":[{"frame":[{"transform":{},"duration":10},{"transform":{},"duration":0}],"name":"root"},{"frame":[{"tweenEasing":0,"transform":{"y":-160.23,"skX":22.89,"skY":22.89,"x":-388.36},"duration":10},{"transform":{"y":115.71,"skX":22.89,"skY":22.89,"x":280.37},"duration":0}],"name":"ys_jinbi_eff_01"},{"frame":[{"tweenEasing":0,"transform":{"y":242.51,"skX":-33.19,"skY":-33.19,"x":-364.01},"duration":10},{"transform":{"y":-142.56,"skX":-33.19,"skY":-33.19,"x":213.97},"duration":0}],"name":"ys_jinbi_eff_5"},{"frame":[{"tweenEasing":0,"transform":{"y":-175.92,"skX":48.58,"skY":48.58,"x":-171.74},"duration":10},{"transform":{"y":283.71,"skX":48.58,"skY":48.58,"x":240.52},"duration":0}],"name":"ys_jinbi_eff_3"},{"frame":[{"tweenEasing":0,"transform":{"y":255.71,"skX":-70.65,"skY":-70.65,"x":-146.48},"duration":10},{"transform":{"y":-296.8,"skX":-70.65,"skY":-70.65,"x":42.29},"duration":0}],"name":"ys_jinbi_eff_2"},{"frame":[{"tweenEasing":0,"transform":{"y":72.96,"skX":-165.9,"skY":-165.9,"x":301.28},"duration":10},{"transform":{"y":-97.59,"skX":-165.9,"skY":-165.9,"x":-402.98},"duration":0}],"name":"ys_jinbi_eff_1"},{"frame":[{"transform":{"scY":5.527,"y":-12.33,"scX":5.527,"x":-59.91},"duration":3},{"transform":{"scY":5.527,"y":-12.33,"scX":5.527,"x":-59.91},"duration":7},{"transform":{"scY":5.527,"y":-12.33,"scX":5.527,"x":-59.91},"duration":0}],"name":"ys_jinbi_eff_pz"}],"slot":[{"frame":[{"tweenEasing":0,"duration":10},{"tweenEasing":null,"duration":0}],"name":"ys_jinbi_eff_1"},{"frame":[{"tweenEasing":0,"duration":10},{"tweenEasing":null,"duration":0}],"name":"ys_jinbi_eff_2"},{"frame":[{"tweenEasing":0,"duration":10},{"tweenEasing":null,"duration":0}],"name":"ys_jinbi_eff_3"},{"frame":[{"tweenEasing":0,"duration":10},{"tweenEasing":null,"duration":0}],"name":"ys_jinbi_eff_5"},{"frame":[{"displayIndex":-1,"tweenEasing":0,"duration":3},{"tweenEasing":0,"duration":4},{"displayIndex":-1,"tweenEasing":null,"duration":3}],"name":"ys_jinbi_eff_pz"}],"ffd":[],"frame":[],"name":"animation2","duration":10},{"ik":[],"bone":[{"frame":[{"transform":{"scX":-1},"duration":10},{"transform":{"scX":-1},"duration":0}],"name":"root"},{"frame":[{"tweenEasing":0,"transform":{"y":-160.23,"skX":22.89,"skY":22.89,"x":-388.36},"duration":10},{"transform":{"y":115.71,"skX":22.89,"skY":22.89,"x":280.37},"duration":0}],"name":"ys_jinbi_eff_01"},{"frame":[{"tweenEasing":0,"transform":{"y":242.51,"skX":-33.19,"skY":-33.19,"x":-364.01},"duration":10},{"transform":{"y":-142.56,"skX":-33.19,"skY":-33.19,"x":213.97},"duration":0}],"name":"ys_jinbi_eff_5"},{"frame":[{"tweenEasing":0,"transform":{"y":-175.92,"skX":48.58,"skY":48.58,"x":-171.74},"duration":10},{"transform":{"y":283.71,"skX":48.58,"skY":48.58,"x":240.52},"duration":0}],"name":"ys_jinbi_eff_3"},{"frame":[{"tweenEasing":0,"transform":{"y":255.71,"skX":-70.65,"skY":-70.65,"x":-146.48},"duration":10},{"transform":{"y":-296.8,"skX":-70.65,"skY":-70.65,"x":42.29},"duration":0}],"name":"ys_jinbi_eff_2"},{"frame":[{"tweenEasing":0,"transform":{"y":72.96,"skX":-165.9,"skY":-165.9,"x":301.28},"duration":10},{"transform":{"y":-97.59,"skX":-165.9,"skY":-165.9,"x":-402.98},"duration":0}],"name":"ys_jinbi_eff_1"},{"frame":[{"transform":{"scY":5.783,"y":-13.58,"scX":5.783,"x":-64.66},"duration":3},{"transform":{"scY":5.783,"y":-13.58,"scX":5.783,"x":-64.66},"duration":7},{"transform":{"scY":5.783,"y":-13.58,"scX":5.783,"x":-64.66},"duration":0}],"name":"ys_jinbi_eff_pz"}],"slot":[{"frame":[{"tweenEasing":0,"duration":10},{"tweenEasing":null,"duration":0}],"name":"ys_jinbi_eff_1"},{"frame":[{"tweenEasing":0,"duration":10},{"tweenEasing":null,"duration":0}],"name":"ys_jinbi_eff_2"},{"frame":[{"tweenEasing":0,"duration":10},{"tweenEasing":null,"duration":0}],"name":"ys_jinbi_eff_3"},{"frame":[{"tweenEasing":0,"duration":10},{"tweenEasing":null,"duration":0}],"name":"ys_jinbi_eff_5"},{"frame":[{"displayIndex":-1,"tweenEasing":0,"duration":3},{"tweenEasing":0,"duration":4},{"displayIndex":-1,"tweenEasing":null,"duration":3}],"name":"ys_jinbi_eff_pz"}],"ffd":[],"frame":[],"name":"animation3","duration":10},{"ik":[],"bone":[{"frame":[{"transform":{"y":-79.37,"skX":-90,"skY":-90,"scX":-1,"x":64.04},"duration":10},{"transform":{"y":-79.37,"skX":-90,"skY":-90,"scX":-1,"x":64.04},"duration":0}],"name":"root"},{"frame":[{"tweenEasing":0,"transform":{"y":-160.23,"skX":22.89,"skY":22.89,"x":-388.36},"duration":10},{"transform":{"y":115.71,"skX":22.89,"skY":22.89,"x":280.37},"duration":0}],"name":"ys_jinbi_eff_01"},{"frame":[{"tweenEasing":0,"transform":{"y":242.51,"skX":-33.19,"skY":-33.19,"x":-364.01},"duration":10},{"transform":{"y":-142.56,"skX":-33.19,"skY":-33.19,"x":213.97},"duration":0}],"name":"ys_jinbi_eff_5"},{"frame":[{"tweenEasing":0,"transform":{"y":-175.92,"skX":48.58,"skY":48.58,"x":-171.74},"duration":10},{"transform":{"y":283.71,"skX":48.58,"skY":48.58,"x":240.52},"duration":0}],"name":"ys_jinbi_eff_3"},{"frame":[{"tweenEasing":0,"transform":{"y":255.71,"skX":-70.65,"skY":-70.65,"x":-146.48},"duration":10},{"transform":{"y":-296.8,"skX":-70.65,"skY":-70.65,"x":42.29},"duration":0}],"name":"ys_jinbi_eff_2"},{"frame":[{"tweenEasing":0,"transform":{"y":72.96,"skX":-165.9,"skY":-165.9,"x":301.28},"duration":10},{"transform":{"y":-97.59,"skX":-165.9,"skY":-165.9,"x":-402.98},"duration":0}],"name":"ys_jinbi_eff_1"},{"frame":[{"transform":{"scY":7.758,"y":41.9,"scX":4.684,"x":-81.93},"duration":10},{"transform":{"scY":7.758,"y":41.9,"scX":4.684,"x":-81.93},"duration":0}],"name":"ys_jinbi_eff_pz"}],"slot":[{"frame":[{"tweenEasing":0,"duration":10},{"tweenEasing":null,"duration":0}],"name":"ys_jinbi_eff_1"},{"frame":[{"tweenEasing":0,"duration":10},{"tweenEasing":null,"duration":0}],"name":"ys_jinbi_eff_2"},{"frame":[{"tweenEasing":0,"duration":10},{"tweenEasing":null,"duration":0}],"name":"ys_jinbi_eff_3"},{"frame":[{"tweenEasing":0,"duration":10},{"tweenEasing":null,"duration":0}],"name":"ys_jinbi_eff_5"},{"frame":[{"displayIndex":-1,"tweenEasing":0,"duration":3},{"tweenEasing":0,"duration":5},{"displayIndex":-1,"tweenEasing":0,"duration":2},{"displayIndex":-1,"tweenEasing":null,"duration":0}],"name":"ys_jinbi_eff_pz"}],"ffd":[],"frame":[],"name":"animation4","duration":10}],"skin":[{"slot":[{"display":[{"path":"ys_jinbi_eff_01","type":"image","name":"ys_jinbi_eff_01","transform":{"y":0.19,"skX":-179.52,"skY":-179.52,"x":40.5}}],"name":"ys_jinbi_eff_2"},{"display":[{"path":"ys_jinbi_eff_01","type":"image","name":"ys_jinbi_eff_01","transform":{"y":0.19,"skX":-179.52,"skY":-179.52,"x":40.5}}],"name":"ys_jinbi_eff_01"},{"display":[{"path":"ys_jinbi_eff_pz","type":"image","name":"ys_jinbi_eff_pz","transform":{"scY":3.624,"y":11.44,"skX":-179.52,"skY":-179.52,"scX":4.538,"x":-7.76}}],"name":"ys_jinbi_eff_pz"},{"display":[{"path":"ys_jinbi_eff_01","type":"image","name":"ys_jinbi_eff_01","transform":{"y":0.19,"skX":-179.52,"skY":-179.52,"x":40.5}}],"name":"ys_jinbi_eff_5"},{"display":[{"path":"ys_jinbi_eff_01","type":"image","name":"ys_jinbi_eff_01","transform":{"y":0.19,"skX":-179.52,"skY":-179.52,"x":40.5}}],"name":"ys_jinbi_eff_1"},{"display":[{"path":"ys_jinbi_eff_01","type":"image","name":"ys_jinbi_eff_01","transform":{"y":0.19,"skX":-179.52,"skY":-179.52,"x":40.5}}],"name":"ys_jinbi_eff_3"}],"name":""}],"defaultActions":[{"gotoAndPlay":"animation"}],"aabb":{"width":300.76,"y":-177.77191115395976,"height":192.27,"x":-156.26024312578284},"slot":[{"name":"ys_jinbi_eff_pz","parent":"ys_jinbi_eff_pz","color":{}},{"z":1,"name":"ys_jinbi_eff_01","parent":"ys_jinbi_eff_01","color":{}},{"z":2,"name":"ys_jinbi_eff_1","parent":"ys_jinbi_eff_1","color":{}},{"z":3,"name":"ys_jinbi_eff_2","parent":"ys_jinbi_eff_2","color":{}},{"z":4,"name":"ys_jinbi_eff_3","parent":"ys_jinbi_eff_3","color":{}},{"z":5,"name":"ys_jinbi_eff_5","parent":"ys_jinbi_eff_5","color":{}}],"name":"armatureName"}],"name":"ys_jinbi_eff","version":"4.0"}