{"frameRate":60,"isGlobal":0,"armature":[{"bone":[{"name":"root","transform":{}},{"inheritScale":false,"transform":{},"name":"001_chenggong_fuji","parent":"root"},{"inheritScale":false,"transform":{},"name":"002_dachenggong_fuji","parent":"root"},{"inheritScale":false,"transform":{},"name":"000_tansuo_fuji","parent":"root"},{"inheritScale":false,"transform":{},"name":"000_tansuo_bg","parent":"000_tansuo_fuji"},{"inheritScale":false,"transform":{},"name":"000_tansuo_wenzi","parent":"000_tansuo_fuji"},{"inheritScale":false,"transform":{},"name":"001_chenggong_wenzi","parent":"001_chenggong_fuji"},{"inheritScale":false,"transform":{},"name":"001_chenggong_bg","parent":"001_chenggong_fuji"},{"inheritScale":false,"transform":{},"name":"002_dachenggong_bg","parent":"002_dachenggong_fuji"},{"inheritScale":false,"transform":{},"name":"002_dachenggong_wenzi","parent":"002_dachenggong_fuji"}],"type":"Armature","frameRate":60,"animation":[{"playTimes":0,"bone":[{"frame":[{"tweenEasing":0,"transform":{"y":-160},"duration":10},{"tweenEasing":0,"transform":{"y":-160},"duration":10},{"tweenEasing":0,"transform":{"y":-160},"duration":40},{"tweenEasing":0,"transform":{"y":-160},"duration":15},{"transform":{"y":-160,"x":600},"duration":0}],"name":"000_tansuo_wenzi"},{"frame":[{"tweenEasing":0,"transform":{},"duration":10},{"tweenEasing":0,"transform":{},"duration":10},{"tweenEasing":0,"transform":{},"duration":40},{"tweenEasing":0,"transform":{},"duration":15},{"transform":{"x":600},"duration":0}],"name":"000_tansuo_bg"},{"frame":[{"tweenEasing":0,"transform":{"x":-600},"duration":10},{"tweenEasing":0,"transform":{"x":10},"duration":10},{"tweenEasing":0,"transform":{},"duration":40},{"tweenEasing":0,"transform":{},"duration":15},{"transform":{"x":600},"duration":0}],"name":"000_tansuo_fuji"},{"frame":[{"transform":{},"duration":75}],"name":"root"},{"frame":[{"transform":{},"duration":75}],"name":"001_chenggong_fuji"},{"frame":[{"transform":{},"duration":75}],"name":"002_dachenggong_fuji"},{"frame":[{"transform":{},"duration":75}],"name":"001_chenggong_wenzi"},{"frame":[{"transform":{},"duration":75}],"name":"001_chenggong_bg"},{"frame":[{"transform":{},"duration":75}],"name":"002_dachenggong_bg"},{"frame":[{"transform":{},"duration":75}],"name":"002_dachenggong_wenzi"}],"slot":[{"frame":[{"tweenEasing":0,"color":{"aM":0},"duration":10},{"tweenEasing":0,"duration":10},{"tweenEasing":0,"duration":40},{"tweenEasing":0,"duration":15},{"tweenEasing":null,"color":{"aM":0},"duration":0}],"name":"000_tansuo_wenzi"},{"frame":[{"tweenEasing":0,"color":{"aM":0},"duration":10},{"tweenEasing":0,"duration":10},{"tweenEasing":0,"duration":40},{"tweenEasing":0,"duration":15},{"tweenEasing":null,"color":{"aM":0},"duration":0}],"name":"000_tansuo_bg"},{"frame":[{"displayIndex":-1,"tweenEasing":0,"color":{"aM":0},"duration":10},{"displayIndex":-1,"tweenEasing":0,"duration":10},{"displayIndex":-1,"tweenEasing":0,"duration":40},{"displayIndex":-1,"tweenEasing":0,"duration":15},{"displayIndex":-1,"tweenEasing":null,"color":{"aM":0},"duration":0}],"name":"000_tansuo_fuji"},{"frame":[{"displayIndex":-1,"tweenEasing":null,"duration":75}],"name":"001_chenggong_fuji"},{"frame":[{"displayIndex":-1,"tweenEasing":null,"duration":75}],"name":"001_chenggong_bg"},{"frame":[{"displayIndex":-1,"tweenEasing":null,"duration":75}],"name":"001_chenggong_wenzi"},{"frame":[{"displayIndex":-1,"tweenEasing":null,"duration":75}],"name":"002_dachenggong_fuji"},{"frame":[{"displayIndex":-1,"tweenEasing":null,"duration":75}],"name":"002_dachenggong_bg"},{"frame":[{"displayIndex":-1,"tweenEasing":null,"duration":75}],"name":"002_dachenggong_wenzi"}],"ffd":[],"ik":[],"frame":[],"name":"000_tansuo","duration":75},{"playTimes":0,"bone":[{"frame":[{"tweenEasing":0,"transform":{},"duration":180},{"transform":{},"duration":0}],"name":"001_chenggong_wenzi"},{"frame":[{"tweenEasing":0,"transform":{},"duration":90},{"tweenEasing":0,"transform":{"skX":180,"skY":180},"duration":90},{"transform":{"skX":360,"skY":360},"duration":0}],"name":"001_chenggong_bg"},{"frame":[{"tweenEasing":0,"transform":{},"duration":180},{"transform":{},"duration":0}],"name":"001_chenggong_fuji"},{"frame":[{"transform":{},"duration":180}],"name":"root"},{"frame":[{"transform":{},"duration":180}],"name":"002_dachenggong_fuji"},{"frame":[{"transform":{},"duration":180}],"name":"000_tansuo_fuji"},{"frame":[{"transform":{},"duration":180}],"name":"000_tansuo_bg"},{"frame":[{"transform":{},"duration":180}],"name":"000_tansuo_wenzi"},{"frame":[{"transform":{},"duration":180}],"name":"002_dachenggong_bg"},{"frame":[{"transform":{},"duration":180}],"name":"002_dachenggong_wenzi"}],"slot":[{"frame":[{"tweenEasing":0,"duration":180},{"tweenEasing":null,"duration":0}],"name":"001_chenggong_wenzi"},{"frame":[{"tweenEasing":0,"duration":180},{"tweenEasing":null,"duration":0}],"name":"001_chenggong_bg"},{"frame":[{"displayIndex":-1,"tweenEasing":0,"duration":180},{"displayIndex":-1,"tweenEasing":null,"duration":0}],"name":"001_chenggong_fuji"},{"frame":[{"displayIndex":-1,"tweenEasing":null,"duration":180}],"name":"000_tansuo_fuji"},{"frame":[{"displayIndex":-1,"tweenEasing":null,"duration":180}],"name":"000_tansuo_bg"},{"frame":[{"displayIndex":-1,"tweenEasing":null,"duration":180}],"name":"000_tansuo_wenzi"},{"frame":[{"displayIndex":-1,"tweenEasing":null,"duration":180}],"name":"002_dachenggong_fuji"},{"frame":[{"displayIndex":-1,"tweenEasing":null,"duration":180}],"name":"002_dachenggong_bg"},{"frame":[{"displayIndex":-1,"tweenEasing":null,"duration":180}],"name":"002_dachenggong_wenzi"}],"ffd":[],"ik":[],"frame":[],"name":"001_chenggong","duration":180},{"playTimes":0,"bone":[{"frame":[{"tweenEasing":0,"transform":{},"duration":180},{"transform":{},"duration":0}],"name":"002_dachenggong_wenzi"},{"frame":[{"tweenEasing":0,"transform":{},"duration":90},{"tweenEasing":0,"transform":{"skX":180,"skY":180},"duration":90},{"transform":{"skX":360,"skY":360},"duration":0}],"name":"002_dachenggong_bg"},{"frame":[{"tweenEasing":0,"transform":{},"duration":180},{"transform":{},"duration":0}],"name":"002_dachenggong_fuji"},{"frame":[{"transform":{},"duration":180}],"name":"root"},{"frame":[{"transform":{},"duration":180}],"name":"001_chenggong_fuji"},{"frame":[{"transform":{},"duration":180}],"name":"000_tansuo_fuji"},{"frame":[{"transform":{},"duration":180}],"name":"000_tansuo_bg"},{"frame":[{"transform":{},"duration":180}],"name":"000_tansuo_wenzi"},{"frame":[{"transform":{},"duration":180}],"name":"001_chenggong_wenzi"},{"frame":[{"transform":{},"duration":180}],"name":"001_chenggong_bg"}],"slot":[{"frame":[{"tweenEasing":0,"duration":180},{"tweenEasing":null,"duration":0}],"name":"002_dachenggong_wenzi"},{"frame":[{"tweenEasing":0,"duration":180},{"tweenEasing":null,"duration":0}],"name":"002_dachenggong_bg"},{"frame":[{"displayIndex":-1,"tweenEasing":0,"duration":180},{"displayIndex":-1,"tweenEasing":null,"duration":0}],"name":"002_dachenggong_fuji"},{"frame":[{"displayIndex":-1,"tweenEasing":null,"duration":180}],"name":"000_tansuo_fuji"},{"frame":[{"displayIndex":-1,"tweenEasing":null,"duration":180}],"name":"000_tansuo_bg"},{"frame":[{"displayIndex":-1,"tweenEasing":null,"duration":180}],"name":"000_tansuo_wenzi"},{"frame":[{"displayIndex":-1,"tweenEasing":null,"duration":180}],"name":"001_chenggong_fuji"},{"frame":[{"displayIndex":-1,"tweenEasing":null,"duration":180}],"name":"001_chenggong_bg"},{"frame":[{"displayIndex":-1,"tweenEasing":null,"duration":180}],"name":"001_chenggong_wenzi"}],"ffd":[],"ik":[],"frame":[],"name":"002_dachenggong","duration":180},{"playTimes":0,"bone":[{"frame":[{"tweenEasing":0,"transform":{},"duration":180},{"transform":{},"duration":0}],"name":"002_dachenggong_wenzi"},{"frame":[{"tweenEasing":0,"transform":{},"duration":90},{"tweenEasing":0,"transform":{"skX":180,"skY":180},"duration":90},{"transform":{"skX":360,"skY":360},"duration":0}],"name":"002_dachenggong_bg"},{"frame":[{"tweenEasing":0,"transform":{},"duration":180},{"transform":{},"duration":0}],"name":"002_dachenggong_fuji"},{"frame":[{"transform":{},"duration":180}],"name":"root"},{"frame":[{"transform":{},"duration":180}],"name":"001_chenggong_fuji"},{"frame":[{"transform":{},"duration":180}],"name":"000_tansuo_fuji"},{"frame":[{"transform":{},"duration":180}],"name":"000_tansuo_bg"},{"frame":[{"transform":{},"duration":180}],"name":"000_tansuo_wenzi"},{"frame":[{"transform":{},"duration":180}],"name":"001_chenggong_wenzi"},{"frame":[{"transform":{},"duration":180}],"name":"001_chenggong_bg"}],"slot":[{"frame":[{"displayIndex":1,"tweenEasing":0,"duration":180},{"displayIndex":1,"tweenEasing":null,"duration":0}],"name":"002_dachenggong_wenzi"},{"frame":[{"tweenEasing":0,"duration":180},{"tweenEasing":null,"duration":0}],"name":"002_dachenggong_bg"},{"frame":[{"displayIndex":-1,"tweenEasing":0,"duration":180},{"displayIndex":-1,"tweenEasing":null,"duration":0}],"name":"002_dachenggong_fuji"},{"frame":[{"displayIndex":-1,"tweenEasing":null,"duration":180}],"name":"000_tansuo_fuji"},{"frame":[{"displayIndex":-1,"tweenEasing":null,"duration":180}],"name":"000_tansuo_bg"},{"frame":[{"displayIndex":-1,"tweenEasing":null,"duration":180}],"name":"000_tansuo_wenzi"},{"frame":[{"displayIndex":-1,"tweenEasing":null,"duration":180}],"name":"001_chenggong_fuji"},{"frame":[{"displayIndex":-1,"tweenEasing":null,"duration":180}],"name":"001_chenggong_bg"},{"frame":[{"displayIndex":-1,"tweenEasing":null,"duration":180}],"name":"001_chenggong_wenzi"}],"ffd":[],"ik":[],"frame":[],"name":"003_wancheng","duration":180}],"defaultActions":[{"gotoAndPlay":"000_tansuo"}],"aabb":{"width":665,"y":-178.5,"height":357,"x":-332.5},"ik":[],"name":"armatureName","skin":[{"slot":[{"display":[{"path":"tansuo_eff/bg","type":"image","name":"tansuo_eff/bg","transform":{}}],"name":"000_tansuo_bg"},{"display":[{"path":"tansuo_eff/tansuokaishi","type":"image","name":"tansuo_eff/tansuokaishi","transform":{}}],"name":"000_tansuo_wenzi"},{"display":[{"path":"tansuo_eff/3-1","type":"image","name":"tansuo_eff/3-1","transform":{}}],"name":"001_chenggong_bg"},{"display":[{"path":"tansuo_eff/chenggong","type":"image","name":"tansuo_eff/chenggong","transform":{}}],"name":"001_chenggong_wenzi"},{"display":[{"path":"tansuo_eff/3","type":"image","name":"tansuo_eff/3","transform":{}}],"name":"002_dachenggong_bg"},{"display":[{"path":"tansuo_eff/dachenggong","type":"image","name":"tansuo_eff/dachenggong","transform":{}},{"path":"tansuo_eff/wancheng","type":"image","name":"tansuo_eff/wancheng","transform":{}}],"name":"002_dachenggong_wenzi"}],"name":""}],"slot":[{"displayIndex":-1,"name":"000_tansuo_fuji","parent":"000_tansuo_fuji","color":{}},{"z":1,"name":"000_tansuo_bg","parent":"000_tansuo_bg","color":{}},{"z":2,"name":"000_tansuo_wenzi","parent":"000_tansuo_wenzi","color":{}},{"z":3,"displayIndex":-1,"name":"001_chenggong_fuji","parent":"001_chenggong_fuji","color":{}},{"z":4,"name":"001_chenggong_bg","parent":"001_chenggong_bg","color":{}},{"z":5,"name":"001_chenggong_wenzi","parent":"001_chenggong_wenzi","color":{}},{"z":6,"displayIndex":-1,"name":"002_dachenggong_fuji","parent":"002_dachenggong_fuji","color":{}},{"z":7,"name":"002_dachenggong_bg","parent":"002_dachenggong_bg","color":{}},{"z":8,"name":"002_dachenggong_wenzi","parent":"002_dachenggong_wenzi","color":{}}]}],"name":"ui_tongyong_tansuo","version":"4.0"}