{"frameRate":60,"isGlobal":0,"armature":[{"bone":[{"name":"root","transform":{}},{"inheritScale":false,"transform":{},"name":"0000_xuanzhong_fuji","parent":"root"},{"inheritScale":false,"transform":{},"name":"0004_waifaguang","parent":"root"},{"inheritScale":false,"transform":{},"name":"0000_xuanzhong01","parent":"0000_xuanzhong_fuji"},{"inheritScale":false,"transform":{},"name":"0001_xuanzhong02","parent":"0000_xuanzhong_fuji"},{"inheritScale":false,"transform":{},"name":"0003_xuanzhong04","parent":"0000_xuanzhong_fuji"},{"inheritScale":false,"transform":{},"name":"0002_xuanzhong03","parent":"0000_xuanzhong_fuji"}],"type":"Armature","frameRate":60,"animation":[{"playTimes":0,"bone":[{"frame":[{"tweenEasing":0,"transform":{"y":-16,"x":-13},"duration":60},{"transform":{"y":-16,"x":-13},"duration":0}],"name":"0003_xuanzhong04"},{"frame":[{"tweenEasing":0,"transform":{"y":-16,"scX":-1,"x":13},"duration":60},{"transform":{"y":-16,"scX":-1,"x":13},"duration":0}],"name":"0002_xuanzhong03"},{"frame":[{"tweenEasing":0,"transform":{"scY":-1,"y":16,"x":-13},"duration":60},{"transform":{"scY":-1,"y":16,"x":-13},"duration":0}],"name":"0001_xuanzhong02"},{"frame":[{"tweenEasing":0,"transform":{"scY":-1,"y":16,"scX":-1,"x":13},"duration":60},{"transform":{"scY":-1,"y":16,"scX":-1,"x":13},"duration":0}],"name":"0000_xuanzhong01"},{"frame":[{"tweenEasing":0,"transform":{},"duration":30},{"tweenEasing":0,"transform":{"scY":1.02,"scX":1.02},"duration":30},{"transform":{},"duration":0}],"name":"0000_xuanzhong_fuji"},{"frame":[{"transform":{},"duration":60}],"name":"root"},{"frame":[{"transform":{},"duration":60}],"name":"0004_waifaguang"}],"slot":[{"frame":[{"tweenEasing":0,"duration":60},{"tweenEasing":null,"duration":0}],"name":"0003_xuanzhong04"},{"frame":[{"tweenEasing":0,"duration":60},{"tweenEasing":null,"duration":0}],"name":"0002_xuanzhong03"},{"frame":[{"tweenEasing":0,"duration":60},{"tweenEasing":null,"duration":0}],"name":"0001_xuanzhong02"},{"frame":[{"tweenEasing":0,"duration":60},{"tweenEasing":null,"duration":0}],"name":"0000_xuanzhong01"},{"frame":[{"displayIndex":-1,"tweenEasing":0,"duration":30},{"displayIndex":-1,"tweenEasing":0,"duration":30},{"displayIndex":-1,"tweenEasing":null,"duration":0}],"name":"0000_xuanzhong_fuji"},{"frame":[{"displayIndex":-1,"tweenEasing":null,"duration":60}],"name":"0004_waifaguang"}],"ffd":[],"ik":[],"frame":[],"name":"000_xuanzhong_daoju","duration":60},{"playTimes":0,"bone":[{"frame":[{"tweenEasing":0,"transform":{},"duration":45},{"tweenEasing":0,"transform":{},"duration":45},{"transform":{},"duration":0}],"name":"0004_waifaguang"},{"frame":[{"transform":{},"duration":90}],"name":"root"},{"frame":[{"transform":{},"duration":90}],"name":"0000_xuanzhong_fuji"},{"frame":[{"transform":{},"duration":90}],"name":"0000_xuanzhong01"},{"frame":[{"transform":{},"duration":90}],"name":"0001_xuanzhong02"},{"frame":[{"transform":{},"duration":90}],"name":"0003_xuanzhong04"},{"frame":[{"transform":{},"duration":90}],"name":"0002_xuanzhong03"}],"slot":[{"frame":[{"tweenEasing":0,"duration":45},{"tweenEasing":0,"color":{"aM":57},"duration":45},{"tweenEasing":null,"duration":0}],"name":"0004_waifaguang"},{"frame":[{"displayIndex":-1,"tweenEasing":null,"duration":90}],"name":"0000_xuanzhong_fuji"},{"frame":[{"displayIndex":-1,"tweenEasing":null,"duration":90}],"name":"0000_xuanzhong01"},{"frame":[{"displayIndex":-1,"tweenEasing":null,"duration":90}],"name":"0001_xuanzhong02"},{"frame":[{"displayIndex":-1,"tweenEasing":null,"duration":90}],"name":"0002_xuanzhong03"},{"frame":[{"displayIndex":-1,"tweenEasing":null,"duration":90}],"name":"0003_xuanzhong04"}],"ffd":[],"ik":[],"frame":[],"name":"001_xuanzhong_anniu1","duration":90},{"playTimes":0,"bone":[{"frame":[{"tweenEasing":0,"transform":{},"duration":45},{"tweenEasing":0,"transform":{},"duration":45},{"transform":{},"duration":0}],"name":"0004_waifaguang"},{"frame":[{"transform":{},"duration":90}],"name":"root"},{"frame":[{"transform":{},"duration":90}],"name":"0000_xuanzhong_fuji"},{"frame":[{"transform":{},"duration":90}],"name":"0000_xuanzhong01"},{"frame":[{"transform":{},"duration":90}],"name":"0001_xuanzhong02"},{"frame":[{"transform":{},"duration":90}],"name":"0003_xuanzhong04"},{"frame":[{"transform":{},"duration":90}],"name":"0002_xuanzhong03"}],"slot":[{"frame":[{"displayIndex":1,"tweenEasing":0,"duration":45},{"displayIndex":1,"tweenEasing":0,"color":{"aM":57},"duration":45},{"displayIndex":1,"tweenEasing":null,"duration":0}],"name":"0004_waifaguang"},{"frame":[{"displayIndex":-1,"tweenEasing":null,"duration":90}],"name":"0000_xuanzhong_fuji"},{"frame":[{"displayIndex":-1,"tweenEasing":null,"duration":90}],"name":"0000_xuanzhong01"},{"frame":[{"displayIndex":-1,"tweenEasing":null,"duration":90}],"name":"0001_xuanzhong02"},{"frame":[{"displayIndex":-1,"tweenEasing":null,"duration":90}],"name":"0002_xuanzhong03"},{"frame":[{"displayIndex":-1,"tweenEasing":null,"duration":90}],"name":"0003_xuanzhong04"}],"ffd":[],"ik":[],"frame":[],"name":"002_xuanzhong_anniu2","duration":90},{"playTimes":0,"bone":[{"frame":[{"tweenEasing":0,"transform":{},"duration":45},{"tweenEasing":0,"transform":{},"duration":45},{"transform":{},"duration":0}],"name":"0004_waifaguang"},{"frame":[{"transform":{},"duration":90}],"name":"root"},{"frame":[{"transform":{},"duration":90}],"name":"0000_xuanzhong_fuji"},{"frame":[{"transform":{},"duration":90}],"name":"0000_xuanzhong01"},{"frame":[{"transform":{},"duration":90}],"name":"0001_xuanzhong02"},{"frame":[{"transform":{},"duration":90}],"name":"0003_xuanzhong04"},{"frame":[{"transform":{},"duration":90}],"name":"0002_xuanzhong03"}],"slot":[{"frame":[{"displayIndex":2,"tweenEasing":0,"duration":45},{"displayIndex":2,"tweenEasing":0,"color":{"aM":57},"duration":45},{"displayIndex":2,"tweenEasing":null,"duration":0}],"name":"0004_waifaguang"},{"frame":[{"displayIndex":-1,"tweenEasing":null,"duration":90}],"name":"0000_xuanzhong_fuji"},{"frame":[{"displayIndex":-1,"tweenEasing":null,"duration":90}],"name":"0000_xuanzhong01"},{"frame":[{"displayIndex":-1,"tweenEasing":null,"duration":90}],"name":"0001_xuanzhong02"},{"frame":[{"displayIndex":-1,"tweenEasing":null,"duration":90}],"name":"0002_xuanzhong03"},{"frame":[{"displayIndex":-1,"tweenEasing":null,"duration":90}],"name":"0003_xuanzhong04"}],"ffd":[],"ik":[],"frame":[],"name":"003_xuanzhong_anniu3","duration":90},{"playTimes":0,"bone":[{"frame":[{"tweenEasing":0,"transform":{},"duration":45},{"tweenEasing":0,"transform":{},"duration":45},{"transform":{},"duration":0}],"name":"0004_waifaguang"},{"frame":[{"transform":{},"duration":90}],"name":"root"},{"frame":[{"transform":{},"duration":90}],"name":"0000_xuanzhong_fuji"},{"frame":[{"transform":{},"duration":90}],"name":"0000_xuanzhong01"},{"frame":[{"transform":{},"duration":90}],"name":"0001_xuanzhong02"},{"frame":[{"transform":{},"duration":90}],"name":"0003_xuanzhong04"},{"frame":[{"transform":{},"duration":90}],"name":"0002_xuanzhong03"}],"slot":[{"frame":[{"displayIndex":3,"tweenEasing":0,"duration":45},{"displayIndex":3,"tweenEasing":0,"color":{"aM":57},"duration":45},{"displayIndex":3,"tweenEasing":null,"duration":0}],"name":"0004_waifaguang"},{"frame":[{"displayIndex":-1,"tweenEasing":null,"duration":90}],"name":"0000_xuanzhong_fuji"},{"frame":[{"displayIndex":-1,"tweenEasing":null,"duration":90}],"name":"0000_xuanzhong01"},{"frame":[{"displayIndex":-1,"tweenEasing":null,"duration":90}],"name":"0001_xuanzhong02"},{"frame":[{"displayIndex":-1,"tweenEasing":null,"duration":90}],"name":"0002_xuanzhong03"},{"frame":[{"displayIndex":-1,"tweenEasing":null,"duration":90}],"name":"0003_xuanzhong04"}],"ffd":[],"ik":[],"frame":[],"name":"004_xuanzhong_anniu4","duration":90},{"playTimes":0,"bone":[{"frame":[{"tweenEasing":0,"transform":{"scY":0.85,"y":-3,"scX":0.85,"x":6},"duration":45},{"tweenEasing":0,"transform":{"scY":0.85,"y":-3,"scX":0.85,"x":6},"duration":45},{"transform":{"scY":0.85,"y":-3,"scX":0.85,"x":6},"duration":0}],"name":"0004_waifaguang"},{"frame":[{"transform":{},"duration":90}],"name":"root"},{"frame":[{"transform":{},"duration":90}],"name":"0000_xuanzhong_fuji"},{"frame":[{"transform":{},"duration":90}],"name":"0000_xuanzhong01"},{"frame":[{"transform":{},"duration":90}],"name":"0001_xuanzhong02"},{"frame":[{"transform":{},"duration":90}],"name":"0003_xuanzhong04"},{"frame":[{"transform":{},"duration":90}],"name":"0002_xuanzhong03"}],"slot":[{"frame":[{"tweenEasing":0,"duration":45},{"tweenEasing":0,"color":{"aM":57},"duration":45},{"tweenEasing":null,"duration":0}],"name":"0004_waifaguang"},{"frame":[{"displayIndex":-1,"tweenEasing":null,"duration":90}],"name":"0000_xuanzhong_fuji"},{"frame":[{"displayIndex":-1,"tweenEasing":null,"duration":90}],"name":"0000_xuanzhong01"},{"frame":[{"displayIndex":-1,"tweenEasing":null,"duration":90}],"name":"0001_xuanzhong02"},{"frame":[{"displayIndex":-1,"tweenEasing":null,"duration":90}],"name":"0002_xuanzhong03"},{"frame":[{"displayIndex":-1,"tweenEasing":null,"duration":90}],"name":"0003_xuanzhong04"}],"ffd":[],"ik":[],"frame":[],"name":"005_xuanzhong_anniu5","duration":90},{"bone":[{"frame":[{"tweenEasing":0,"transform":{"y":-50,"x":-61},"duration":5},{"tweenEasing":0,"transform":{"y":-50,"x":-61},"duration":20},{"tweenEasing":0,"transform":{"y":-50,"x":-61},"duration":20},{"transform":{"y":-50,"x":-61},"duration":0}],"name":"0003_xuanzhong04"},{"frame":[{"tweenEasing":0,"transform":{"y":-49,"scX":-1,"x":73},"duration":5},{"tweenEasing":0,"transform":{"y":-49,"scX":-1,"x":73},"duration":20},{"tweenEasing":0,"transform":{"y":-49,"scX":-1,"x":73},"duration":20},{"transform":{"y":-49,"scX":-1,"x":73},"duration":0}],"name":"0002_xuanzhong03"},{"frame":[{"tweenEasing":0,"transform":{"scY":-1,"y":44,"x":-62},"duration":5},{"tweenEasing":0,"transform":{"scY":-1,"y":44,"x":-62},"duration":20},{"tweenEasing":0,"transform":{"scY":-1,"y":44,"x":-62},"duration":20},{"transform":{"scY":-1,"y":44,"x":-62},"duration":0}],"name":"0001_xuanzhong02"},{"frame":[{"tweenEasing":0,"transform":{"scY":-1,"y":42,"scX":-1,"x":71},"duration":5},{"tweenEasing":0,"transform":{"scY":-1,"y":42,"scX":-1,"x":71},"duration":20},{"tweenEasing":0,"transform":{"scY":-1,"y":42,"scX":-1,"x":71},"duration":20},{"transform":{"scY":-1,"y":42,"scX":-1,"x":71},"duration":0}],"name":"0000_xuanzhong01"},{"frame":[{"tweenEasing":0,"transform":{"scY":1.2,"scX":1.2},"duration":5},{"tweenEasing":0,"transform":{"scY":0.95,"scX":0.95},"duration":20},{"tweenEasing":0,"transform":{},"duration":20},{"transform":{},"duration":0}],"name":"0000_xuanzhong_fuji"},{"frame":[{"transform":{},"duration":45}],"name":"root"},{"frame":[{"transform":{},"duration":45}],"name":"0004_waifaguang"}],"slot":[{"frame":[{"tweenEasing":0,"color":{"aM":0},"duration":5},{"tweenEasing":0,"duration":20},{"tweenEasing":0,"duration":20},{"tweenEasing":null,"color":{"aM":0},"duration":0}],"name":"0003_xuanzhong04"},{"frame":[{"tweenEasing":0,"color":{"aM":0},"duration":5},{"tweenEasing":0,"duration":20},{"tweenEasing":0,"duration":20},{"tweenEasing":null,"color":{"aM":0},"duration":0}],"name":"0002_xuanzhong03"},{"frame":[{"tweenEasing":0,"color":{"aM":0},"duration":5},{"tweenEasing":0,"duration":20},{"tweenEasing":0,"duration":20},{"tweenEasing":null,"color":{"aM":0},"duration":0}],"name":"0001_xuanzhong02"},{"frame":[{"tweenEasing":0,"color":{"aM":0},"duration":5},{"tweenEasing":0,"duration":20},{"tweenEasing":0,"duration":20},{"tweenEasing":null,"color":{"aM":0},"duration":0}],"name":"0000_xuanzhong01"},{"frame":[{"displayIndex":-1,"tweenEasing":0,"duration":5},{"displayIndex":-1,"tweenEasing":0,"duration":20},{"displayIndex":-1,"tweenEasing":0,"duration":20},{"displayIndex":-1,"tweenEasing":null,"duration":0}],"name":"0000_xuanzhong_fuji"},{"frame":[{"displayIndex":-1,"tweenEasing":null,"duration":45}],"name":"0004_waifaguang"}],"ffd":[],"ik":[],"frame":[],"name":"006_xuanzhong_anniu6","duration":45}],"defaultActions":[{"gotoAndPlay":"000_xuanzhong_daoju"}],"aabb":{"width":182,"y":-41,"height":82,"x":-91},"ik":[],"name":"armatureName","skin":[{"slot":[{"display":[{"path":"ui_xuanzhong01/ui_xuanzhong01","type":"image","name":"ui_xuanzhong01/ui_xuanzhong01","transform":{"y":-15.4904,"x":-17}}],"name":"0002_xuanzhong03"},{"display":[{"path":"ui_xuanzhong01/ui_xuanzhong01","type":"image","name":"ui_xuanzhong01/ui_xuanzhong01","transform":{"y":-15.4904,"x":-17}}],"name":"0001_xuanzhong02"},{"display":[{"path":"ui_xuanzhong01/ui_xuanzhong01","type":"image","name":"ui_xuanzhong01/ui_xuanzhong01","transform":{"y":-15.4904,"x":-17}}],"name":"0000_xuanzhong01"},{"display":[{"path":"ui_xuanzhong01/ui_xuanzhong01","type":"image","name":"ui_xuanzhong01/ui_xuanzhong01","transform":{"y":-15.4904,"x":-17}}],"name":"0003_xuanzhong04"},{"display":[{"path":"ui_xuanzhong01/11002","type":"image","name":"ui_xuanzhong01/11002","transform":{}},{"path":"ui_xuanzhong01/11001","type":"image","name":"ui_xuanzhong01/11001","transform":{}},{"path":"ui_xuanzhong01/11003","type":"image","name":"ui_xuanzhong01/11003","transform":{}},{"path":"ui_xuanzhong01/11004","type":"image","name":"ui_xuanzhong01/11004","transform":{}}],"name":"0004_waifaguang"}],"name":""}],"slot":[{"displayIndex":-1,"name":"0000_xuanzhong_fuji","parent":"0000_xuanzhong_fuji","color":{}},{"z":1,"name":"0000_xuanzhong01","parent":"0000_xuanzhong01","color":{}},{"z":2,"name":"0001_xuanzhong02","parent":"0001_xuanzhong02","color":{}},{"z":3,"name":"0002_xuanzhong03","parent":"0002_xuanzhong03","color":{}},{"z":4,"name":"0003_xuanzhong04","parent":"0003_xuanzhong04","color":{}},{"z":5,"name":"0004_waifaguang","parent":"0004_waifaguang","color":{}}]}],"name":"ui_tongyong_xuanzhong02","version":"4.0"}