{"frameRate":30,"isGlobal":0,"armature":[{"defaultActions":[{"gotoAndPlay":"animation"}],"animation":[{"frame":[],"duration":30,"slot":[{"frame":[{"tweenEasing":null,"duration":3},{"tweenEasing":null,"displayIndex":1,"duration":3},{"tweenEasing":null,"displayIndex":2,"duration":3},{"tweenEasing":null,"displayIndex":3,"duration":4},{"tweenEasing":null,"displayIndex":-1,"duration":17}],"name":"1"},{"frame":[{"tweenEasing":null,"duration":3},{"tweenEasing":null,"displayIndex":1,"duration":3},{"tweenEasing":null,"displayIndex":2,"duration":3},{"tweenEasing":null,"displayIndex":3,"duration":4},{"tweenEasing":null,"displayIndex":-1,"duration":17}],"name":"2"},{"frame":[{"tweenEasing":null,"duration":3},{"tweenEasing":null,"displayIndex":1,"duration":3},{"tweenEasing":null,"displayIndex":2,"duration":3},{"tweenEasing":null,"displayIndex":3,"duration":4},{"tweenEasing":null,"displayIndex":-1,"duration":17}],"name":"3"},{"frame":[{"tweenEasing":null,"duration":3},{"tweenEasing":null,"displayIndex":1,"duration":3},{"tweenEasing":null,"displayIndex":2,"duration":3},{"tweenEasing":null,"displayIndex":3,"duration":4},{"tweenEasing":null,"displayIndex":-1,"duration":17}],"name":"4"},{"frame":[{"tweenEasing":null,"duration":3},{"tweenEasing":null,"displayIndex":1,"duration":3},{"tweenEasing":null,"displayIndex":2,"duration":3},{"tweenEasing":null,"displayIndex":3,"duration":4},{"tweenEasing":null,"displayIndex":-1,"duration":17}],"name":"00001"},{"frame":[{"tweenEasing":0,"duration":15},{"tweenEasing":null,"duration":15,"color":{"aM":0}}],"name":"baixian"},{"frame":[{"tweenEasing":0,"duration":15},{"tweenEasing":null,"duration":15,"color":{"aM":0}}],"name":"baixian2"},{"frame":[{"tweenEasing":0,"duration":15},{"tweenEasing":null,"duration":15,"color":{"aM":0}}],"name":"baixian3"},{"frame":[{"tweenEasing":0,"duration":3},{"tweenEasing":0,"duration":18},{"tweenEasing":null,"duration":9,"color":{"aM":0}}],"name":"baozha_bai"},{"frame":[{"tweenEasing":0,"duration":15},{"tweenEasing":0,"duration":15},{"tweenEasing":null,"duration":0,"color":{"aM":0}}],"name":"baozha_hei"},{"frame":[{"tweenEasing":0,"duration":15,"color":{"aM":0}},{"tweenEasing":0,"duration":15},{"tweenEasing":null,"duration":0,"color":{"aM":0}}],"name":"chanrao1"},{"frame":[{"tweenEasing":0,"duration":30},{"tweenEasing":null,"duration":0,"color":{"aM":0}}],"name":"chanrao2"},{"frame":[{"tweenEasing":null,"duration":15},{"tweenEasing":0,"duration":15},{"tweenEasing":null,"duration":0,"color":{"aM":0}}],"name":"heixian"},{"frame":[{"tweenEasing":null,"duration":15},{"tweenEasing":0,"duration":15},{"tweenEasing":null,"duration":0,"color":{"aM":0}}],"name":"heixian2"},{"frame":[{"tweenEasing":null,"duration":15},{"tweenEasing":0,"duration":15},{"tweenEasing":null,"duration":0,"color":{"aM":0}}],"name":"heixian3"}],"ffd":[],"bone":[{"frame":[{"tweenEasing":0,"duration":27,"transform":{"y":6.995}},{"duration":3,"transform":{"y":6.995,"x":-0.5}}],"name":"root"},{"frame":[{"tweenEasing":0,"duration":30,"transform":{"scY":1.2,"scX":1.2}},{"duration":0,"transform":{"skX":180,"skY":180}}],"name":"chanrao1"},{"frame":[{"tweenEasing":0,"duration":30,"transform":{"scY":1.2,"scX":1.2}},{"duration":0,"transform":{"skX":-45,"skY":-45}}],"name":"chanrao2"},{"frame":[{"duration":30,"transform":{"scY":1.5,"scX":1.5}}],"name":"luoxuan1"},{"frame":[{"duration":30,"transform":{"scY":1.5,"scX":1.5}}],"name":"luoxuan2"},{"frame":[{"duration":30,"transform":{"scY":1.5,"scX":1.5}}],"name":"luoxuan3"},{"frame":[{"duration":30,"transform":{"scY":1.5,"scX":1.5}}],"name":"luoxuan4"},{"frame":[{"duration":30,"transform":{"scY":1.5,"scX":1.5}}],"name":"luoxuan5"},{"frame":[{"tweenEasing":0,"duration":3,"transform":{"scY":0.49,"scX":0.49}},{"tweenEasing":0,"duration":27,"transform":{}},{"duration":0,"transform":{"scY":1.2,"scX":1.2}}],"name":"baozha_eff"},{"frame":[{"tweenEasing":0,"duration":30,"transform":{"scY":0.5,"scX":2,"x":-86.26}},{"duration":0,"transform":{"scY":0.5,"scX":2,"x":-0.33}}],"name":"shexian_eff1"},{"frame":[{"tweenEasing":0,"duration":30,"transform":{"scY":0.5,"y":-83.57,"scX":2,"x":44.44}},{"duration":0,"transform":{"scY":0.5,"y":0.335,"scX":2,"x":-0.175}}],"name":"shexian_eff2"},{"frame":[{"tweenEasing":0,"duration":30,"transform":{"scY":0.5,"y":62.205,"scX":2,"x":51.285}},{"duration":0,"transform":{"scY":0.5,"y":0.1,"scX":2,"x":0.085}}],"name":"shexian_eff3"}],"name":"animation","ik":[]}],"type":"Armature","frameRate":30,"ik":[],"bone":[{"name":"root","transform":{"scY":0.75,"y":-53.495,"scX":0.75}},{"transform":{},"name":"baozha_eff","parent":"root"},{"transform":{},"name":"chanrao1","parent":"root"},{"transform":{},"name":"chanrao2","parent":"root"},{"length":90,"transform":{"skX":-8.03,"skY":-8.03},"parent":"root","name":"luoxuan1"},{"length":90,"transform":{"skX":-107.68,"skY":-107.68},"parent":"root","name":"luoxuan2"},{"length":90,"transform":{"skX":-161.37,"skY":-161.37},"parent":"root","name":"luoxuan3"},{"length":90,"transform":{"skX":137.41,"skY":137.41},"parent":"root","name":"luoxuan4"},{"length":90,"transform":{"skX":72.39,"skY":72.39},"parent":"root","name":"luoxuan5"},{"length":95.5,"transform":{"skX":180,"skY":180},"parent":"root","name":"shexian_eff1"},{"length":95.5,"transform":{"skX":118.01,"skY":118.01},"parent":"root","name":"shexian_eff2"},{"length":95.5,"transform":{"skX":50.5,"skY":50.5},"parent":"root","name":"shexian_eff3"}],"aabb":{"width":237.55588664605196,"y":-167.995,"height":229,"x":-117.96481419452823},"skin":[{"slot":[{"display":[{"path":"heixian","type":"image","name":"heixian","transform":{"y":-0.045,"skX":180,"skY":180,"x":0.425}}],"name":"heixian3"},{"display":[{"path":"chanrao1","type":"image","name":"chanrao1","transform":{"y":-2.42,"x":-5.68}}],"name":"chanrao1"},{"display":[{"path":"heixian","type":"image","name":"heixian","transform":{"y":-0.045,"skX":180,"skY":180,"x":0.425}}],"name":"heixian"},{"display":[{"path":"00001","type":"image","name":"00001","transform":{"y":5.73,"skX":8.03,"skY":8.03,"x":-10.86}},{"path":"00002","type":"image","name":"00002","transform":{"y":5.73,"skX":8.03,"skY":8.03,"x":-10.86}},{"path":"00003","type":"image","name":"00003","transform":{"y":5.73,"skX":8.03,"skY":8.03,"x":-10.86}},{"path":"00004","type":"image","name":"00004","transform":{"y":5.73,"skX":8.03,"skY":8.03,"x":-10.86}}],"name":"3"},{"display":[{"path":"baixian","type":"image","name":"baixian","transform":{"y":-0.17,"skX":180,"skY":180,"x":0.31}}],"blendMode":"add","name":"baixian3"},{"display":[{"path":"00001","type":"image","name":"00001","transform":{"y":5.73,"skX":8.03,"skY":8.03,"x":-10.86}},{"path":"00002","type":"image","name":"00002","transform":{"y":5.73,"skX":8.03,"skY":8.03,"x":-10.86}},{"path":"00003","type":"image","name":"00003","transform":{"y":5.73,"skX":8.03,"skY":8.03,"x":-10.86}},{"path":"00004","type":"image","name":"00004","transform":{"y":5.73,"skX":8.03,"skY":8.03,"x":-10.86}}],"name":"1"},{"display":[{"path":"baixian","type":"image","name":"baixian","transform":{"y":-0.17,"skX":180,"skY":180,"x":0.31}}],"blendMode":"add","name":"baixian"},{"display":[{"path":"bianshen_eff_tex@bianshen_eff@darkboom01@2x","type":"image","name":"2x","transform":{"x":12.945}}],"blendMode":"add","name":"baozha_hei"},{"display":[{"path":"heixian","type":"image","name":"heixian","transform":{"y":-0.045,"skX":180,"skY":180,"x":0.425}}],"name":"heixian2"},{"display":[{"path":"chanrao2","type":"image","name":"chanrao2","transform":{"y":-1.855,"x":-0.57}}],"name":"chanrao2"},{"display":[{"path":"00001","type":"image","name":"00001","transform":{"y":5.73,"skX":8.03,"skY":8.03,"x":-10.86}},{"path":"00002","type":"image","name":"00002","transform":{"y":5.73,"skX":8.03,"skY":8.03,"x":-10.86}},{"path":"00003","type":"image","name":"00003","transform":{"y":5.73,"skX":8.03,"skY":8.03,"x":-10.86}},{"path":"00004","type":"image","name":"00004","transform":{"y":5.73,"skX":8.03,"skY":8.03,"x":-10.86}}],"name":"4"},{"display":[{"path":"bianshen_eff_tex@bianshen_eff@e_beam002@2x","type":"image","name":"2x","transform":{"y":1.59,"x":7.405}}],"blendMode":"add","name":"baozha_bai"},{"display":[{"path":"00001","type":"image","name":"00001","transform":{"y":5.73,"skX":8.03,"skY":8.03,"x":-10.86}},{"path":"00002","type":"image","name":"00002","transform":{"y":5.73,"skX":8.03,"skY":8.03,"x":-10.86}},{"path":"00003","type":"image","name":"00003","transform":{"y":5.73,"skX":8.03,"skY":8.03,"x":-10.86}},{"path":"00004","type":"image","name":"00004","transform":{"y":5.73,"skX":8.03,"skY":8.03,"x":-10.86}}],"name":"2"},{"display":[{"path":"baixian","type":"image","name":"baixian","transform":{"y":-0.17,"skX":180,"skY":180,"x":0.31}}],"blendMode":"add","name":"baixian2"},{"display":[{"path":"00001","type":"image","name":"00001","transform":{"y":5.73,"skX":8.03,"skY":8.03,"x":-10.86}},{"path":"00002","type":"image","name":"00002","transform":{"y":5.73,"skX":8.03,"skY":8.03,"x":-10.86}},{"path":"00003","type":"image","name":"00003","transform":{"y":5.73,"skX":8.03,"skY":8.03,"x":-10.86}},{"path":"00004","type":"image","name":"00004","transform":{"y":5.73,"skX":8.03,"skY":8.03,"x":-10.86}}],"name":"00001"}],"name":""}],"slot":[{"name":"chanrao2","parent":"chanrao2","color":{}},{"z":1,"name":"chanrao1","parent":"chanrao1","color":{}},{"blendMode":"add","z":2,"parent":"baozha_eff","name":"baozha_hei","color":{}},{"z":3,"name":"00001","parent":"luoxuan1","color":{}},{"z":4,"name":"1","parent":"luoxuan2","color":{}},{"z":5,"name":"2","parent":"luoxuan3","color":{}},{"z":6,"name":"3","parent":"luoxuan4","color":{}},{"z":7,"name":"4","parent":"luoxuan5","color":{}},{"z":8,"name":"heixian","parent":"shexian_eff1","color":{}},{"z":9,"name":"heixian2","parent":"shexian_eff2","color":{}},{"z":10,"name":"heixian3","parent":"shexian_eff3","color":{}},{"blendMode":"add","z":11,"parent":"shexian_eff1","name":"baixian","color":{}},{"blendMode":"add","z":12,"parent":"shexian_eff2","name":"baixian2","color":{}},{"blendMode":"add","z":13,"parent":"shexian_eff3","name":"baixian3","color":{}},{"blendMode":"add","z":14,"parent":"baozha_eff","name":"baozha_bai","color":{}}],"name":"armatureName"}],"name":"bianshen_eff","version":"4.0"}