{"frameRate":30,"name":"hunterhallfloor","version":"5.5","compatibleVersion":"5.5","armature":[{"type":"Armature","frameRate":30,"name":"armatureName","aabb":{"x":134.99,"y":-627,"width":1205,"height":576.96},"bone":[{"name":"root"},{"name":"PC","parent":"root","transform":{"x":1205.25,"y":-291.74}},{"name":"PClight","parent":"root","transform":{"x":763.49,"y":-329.58}},{"length":50,"name":"leaf3","parent":"root","transform":{"x":1299.28,"y":-85.91,"skX":-176.89,"skY":-176.89}},{"length":22,"name":"carpet4","parent":"root","transform":{"x":1027.61,"y":-118.68,"skX":-122.55,"skY":-122.55}},{"length":41,"name":"leaf5","parent":"root","transform":{"x":1297.05,"y":-99.04,"skX":-155.94,"skY":-155.94}},{"length":26,"name":"cube1","parent":"root","transform":{"x":746.28,"y":-177.84,"skX":141.23,"skY":141.23}},{"length":35,"name":"leaf6","parent":"root","transform":{"x":1304.78,"y":-104.52,"skX":-104.07,"skY":-104.07}},{"length":28,"name":"cube2","parent":"root","transform":{"x":811.21,"y":-167.71,"skX":140.39,"skY":140.39}},{"length":23,"name":"carpet","parent":"root","transform":{"x":926.93,"y":-131.83,"skX":-151.69,"skY":-151.69}},{"length":22,"name":"carpet2","parent":"root","transform":{"x":966.48,"y":-125.58,"skX":-128.1,"skY":-128.1}},{"length":26,"name":"carpet3","parent":"root","transform":{"x":1000.99,"y":-121.64,"skX":-119.72,"skY":-119.72}},{"length":30,"name":"leaf4","parent":"root","transform":{"x":1308.07,"y":-93.77,"skX":34.43,"skY":34.43}},{"length":31,"name":"carpet5","parent":"root","transform":{"x":1076.91,"y":-108.82,"skX":-146.03,"skY":-146.03}},{"length":29,"name":"carpet6","parent":"root","transform":{"x":1102.54,"y":-108.82,"skX":-142.87,"skY":-142.87}},{"length":55,"name":"light2","parent":"root","transform":{"x":711.57,"y":-428.14,"skX":90,"skY":90}},{"length":66,"name":"light1","parent":"root","transform":{"x":311.17,"y":-433.42,"skX":90,"skY":90}},{"length":27,"name":"cubeshadow","parent":"root","transform":{"x":776.69,"y":-170.86,"skX":87.2,"skY":87.2}},{"name":"tablelight","parent":"root","transform":{"x":1045.97,"y":-311.1}},{"name":"shopbutton","parent":"root","transform":{"x":142.6,"y":-201.43}},{"length":37,"name":"lightmain","parent":"root","transform":{"x":785.49,"y":-563.66,"skX":88.66,"skY":88.66}},{"name":"shop","parent":"root","transform":{"x":263.18,"y":-283.95}},{"length":34,"name":"bone","parent":"leaf3","transform":{"x":50.12,"skX":-18.79,"skY":-18.79}},{"length":45,"name":"bone3","parent":"leaf6","transform":{"x":35.92,"y":0.02,"skX":-21.26,"skY":-21.26}},{"length":34,"name":"bone2","parent":"leaf5","transform":{"x":41.64,"y":-0.11,"skX":-20.53,"skY":-20.53}}],"slot":[{"name":"leaf3","parent":"leaf6"},{"name":"leaf4","parent":"leaf4"},{"name":"cubeshadow","parent":"cubeshadow"},{"name":"cube1","parent":"cube2"},{"name":"shop","parent":"shop"},{"blendMode":"add","name":"tablelight","parent":"tablelight"},{"name":"PC","parent":"PC"},{"name":"PClight","parent":"PClight"},{"name":"light1","parent":"light1"},{"name":"light2","parent":"light2"},{"name":"lightmain","parent":"lightmain"},{"blendMode":"add","name":"shopbutton","parent":"shopbutton"},{"name":"carpet","parent":"carpet6"}],"skin":[{"slot":[{"name":"shop","display":[{"name":"shop","transform":{"x":-28.18,"y":21.95}}]},{"name":"shopbutton","display":[{"name":"shopbutton","transform":{"x":1.39,"y":-0.06}}]},{"name":"cubeshadow","display":[{"name":"cubeshadow","transform":{"x":14.91,"y":-0.57,"skX":-87.19,"skY":-87.19}}]},{"name":"light2","display":[{"name":"light2","transform":{"x":20.14,"y":-2.42,"skX":-90,"skY":-90}}]},{"name":"leaf4","display":[{"name":"leaf4","transform":{"x":13.4,"y":0.24,"skX":-34.7,"skY":-34.7}}]},{"name":"PClight","display":[{"name":"PClight","transform":{"x":1,"y":3.08}}]},{"name":"tablelight","display":[{"name":"tablelight","transform":{"x":-8.47,"y":8.6}}]},{"name":"carpet","display":[{"type":"mesh","name":"carpet","width":222,"height":46,"vertices":[1116.55,-102.33,1105.02,-102.28,1086.48,-102.2,1056.01,-102.06,1016.14,-107.51,981.99,-112.16,947.45,-116.88,910.2,-121.98,894.36,-147.31,930.11,-147.4,947.09,-143,964.32,-147.62,987.38,-147.73,1014.39,-140.64,1047.53,-128.32,1077.46,-129.51,1116.5,-115.46],"uvs":[0.99998,0.99998,0.94806,0.99998,0.86447,0.99999,0.72721,0.99999,0.54776,0.87757,0.39402,0.77269,0.23854,0.66661,0.07085,0.55222,0,0,0.16111,0.00131,0.23742,0.09888,0.31517,0,0.41905,0.00001,0.54058,0.15681,0.68954,0.42836,0.82451,0.40519,0.99998,0.71452],"triangles":[15,1,16,16,1,0,15,2,1,11,6,5,11,5,12,10,6,11,10,9,6,9,7,6,8,7,9,5,12,4,13,12,4,4,13,3,14,13,3,3,14,2,15,14,2],"weights":[1,14,1,2,13,0.00146,14,0.99853,2,13,0.54316,14,0.45683,2,4,0.06894,13,0.93105,2,11,0.32449,4,0.6755,2,10,0.37754,11,0.62245,2,9,0.27401,10,0.72598,2,9,0.99983,10,0.00016,1,9,1,3,9,0.88603,10,0.1139,11,0.00005,2,9,0.16965,10,0.83034,4,9,0.00244,10,0.8571,11,0.1404,4,0.00005,2,10,0.00491,11,0.99508,2,11,0.04034,4,0.95965,2,4,0.06401,13,0.93598,2,13,0.01242,14,0.98756,1,14,1],"slotPose":[1,0,0,1,0,0],"bonePose":[4,-0.538035,-0.842922,0.842922,-0.538035,1027.61,-118.68,14,-0.797268,-0.603626,0.603626,-0.797268,1102.54,-108.82,13,-0.82933,-0.558759,0.558759,-0.82933,1076.91,-108.82,9,-0.880395,-0.474242,0.474242,-0.880395,926.93,-131.83,11,-0.495762,-0.868459,0.868459,-0.495762,1000.99,-121.64,10,-0.617036,-0.786935,0.786935,-0.617036,966.48,-125.58],"edges":[8,7,7,6,6,5,5,4,4,3,3,2,2,1,1,0,0,16,16,15,15,14,14,13,13,12,12,11,11,10,10,9,9,8],"userEdges":[9,6,11,5,12,4,13,3,14,2,15,1]}]},{"name":"cube1","display":[{"type":"mesh","name":"cube1","width":91,"height":33,"vertices":[814.99,-166.74,792.72,-146.94,789.39,-146.95,723.98,-159.77,724,-162.34,744.69,-180.06,749.36,-180.05,815,-169.81],"uvs":[0.99998,0.39738,0.75577,0.99998,0.71917,1,0,0.61736,0,0.53923,0.22686,0,0.27828,0,0.99999,0.30428],"triangles":[1,0,7,2,1,7,6,2,7,6,3,2,4,3,5,5,3,6],"weights":[1,8,0.99999,1,8,1,1,8,1,1,6,1,1,6,1,1,6,1,2,6,0.97927,8,0.02072,2,6,0.00001,8,0.99998],"slotPose":[1,0,0,1,0,0],"bonePose":[6,-0.779666,0.626196,-0.626196,-0.779666,746.28,-177.84,8,-0.770402,0.637558,-0.637558,-0.770402,811.21,-167.71],"edges":[3,2,2,1,1,0,0,7,7,6,6,5,5,4,4,3],"userEdges":[]}]},{"name":"lightmain","display":[{"name":"lightmain","transform":{"x":16.88,"y":-30.61,"skX":-88.67,"skY":-88.67}}]},{"name":"light1","display":[{"name":"light1","transform":{"x":40.92,"y":2.67,"skX":-90,"skY":-90}}]},{"name":"leaf3","display":[{"type":"mesh","name":"leaf3","width":117,"height":118,"vertices":[1322.99,-144.19,1322.97,-101.41,1322.96,-76.17,1292.05,-70.1,1249.06,-68.95,1221.73,-69.52,1213.41,-59.03,1205.96,-59.04,1205.98,-81.17,1215.91,-93.02,1205.98,-99.52,1205.98,-106.78,1231.61,-135.77,1242.65,-140.17,1243.57,-150.82,1261,-153.21,1259.58,-176.98,1303.9,-176.96,1252.68,-100.65,1298.52,-92.24,1300.85,-105.61],"uvs":[0.99999,0.27776,0.99999,0.6403,1,0.85431,0.73577,0.90587,0.36831,0.91577,0.13467,0.91104,0.06366,0.99999,0.00001,0.99998,0.0001,0.81231,0.08498,0.71192,0,0.65692,0.00001,0.59542,0.21888,0.34954,0.31353,0.31223,0.32112,0.22191,0.47023,0.20159,0.45789,0,0.8367,0,0.39937,0.64706,0.79119,0.71813,0.81074,0.60482],"triangles":[19,3,2,19,2,1,20,19,1,17,15,0,15,20,0,20,1,0,15,18,20,16,15,17,18,19,20,18,3,19,13,18,15,18,4,3,13,12,18,14,13,15,9,5,4,9,4,18,12,9,18,11,9,12,11,10,9,9,8,5,8,6,5,8,7,6],"weights":[2,7,0.66666,23,0.33333,2,3,0.154,7,0.84599,2,3,0.74825,7,0.25174,1,3,0.99999,2,3,0.49191,22,0.50808,2,3,0.00133,22,0.99866,2,22,0.99998,24,0.00001,2,22,0.99998,24,0.00001,2,22,0.99897,24,0.00102,2,22,0.70347,24,0.29652,2,22,0.3804,24,0.61959,2,22,0.30232,24,0.69766,4,3,0.00013,5,0.00644,24,0.95884,23,0.03457,5,3,0.00049,22,0.00022,5,0.0559,24,0.80782,23,0.13553,5,3,0.00071,22,0.00035,5,0.08026,24,0.68521,23,0.23345,5,3,0.00047,22,0.00024,5,0.09273,24,0.32872,23,0.57781,1,23,0.99999,2,7,0.01456,23,0.98543,6,3,0.20018,22,0.16458,5,0.11586,24,0.51907,7,0.00002,23,0.00025,3,3,0.65418,5,0.31031,7,0.03548,1,7,1],"slotPose":[1,0,0,1,0,0],"bonePose":[7,-0.243107,-0.969999,0.969999,-0.243107,1304.78,-104.52,23,-0.578285,-0.815835,0.815835,-0.578285,1296.066991,-139.367242,3,-0.998527,-0.054253,0.054253,-0.998527,1299.28,-85.91,24,-0.998103,-0.061571,0.061571,-0.998103,1258.982878,-115.915897,22,-0.962786,0.270264,-0.270264,-0.962786,1249.233816,-88.629165,5,-0.913119,-0.407693,0.407693,-0.913119,1297.05,-99.04],"edges":[10,9,9,8,8,7,7,6,6,5,5,4,4,3,3,2,2,1,1,0,0,17,17,16,16,15,15,14,14,13,13,12,12,11,11,10],"userEdges":[]}]},{"name":"PC","display":[{"name":"PC","transform":{"x":2.24,"y":1.24}}]}]}],"animation":[{"duration":160,"name":"animation","bone":[{"name":"cube1","rotateFrame":[{"duration":24,"tweenEasing":0},{"duration":16,"tweenEasing":0,"rotate":5.86},{"duration":24,"tweenEasing":0},{"duration":16,"tweenEasing":0,"rotate":5.86},{"duration":24,"tweenEasing":0},{"duration":16,"tweenEasing":0,"rotate":5.86},{"duration":24,"tweenEasing":0},{"duration":16,"tweenEasing":0,"rotate":5.86},{"duration":0}]},{"name":"cube2","rotateFrame":[{"duration":24,"tweenEasing":0},{"duration":16,"tweenEasing":0,"rotate":5.86},{"duration":24,"tweenEasing":0},{"duration":16,"tweenEasing":0,"rotate":5.86},{"duration":24,"tweenEasing":0},{"duration":16,"tweenEasing":0,"rotate":5.86},{"duration":24,"tweenEasing":0},{"duration":16,"tweenEasing":0,"rotate":5.86},{"duration":0}]},{"name":"cubeshadow","scaleFrame":[{"duration":24,"tweenEasing":0},{"duration":16,"tweenEasing":0,"x":1.07},{"duration":24,"tweenEasing":0},{"duration":16,"tweenEasing":0,"x":1.07},{"duration":24,"tweenEasing":0},{"duration":16,"tweenEasing":0,"x":1.07},{"duration":24,"tweenEasing":0},{"duration":16,"tweenEasing":0,"x":1.07},{"duration":0}]},{"name":"leaf4","translateFrame":[{"duration":80,"tweenEasing":0},{"duration":80,"tweenEasing":0,"y":4.17},{"duration":0}],"rotateFrame":[{"duration":80,"tweenEasing":0},{"duration":80,"tweenEasing":0,"rotate":11.49},{"duration":0}],"scaleFrame":[{"duration":80,"tweenEasing":0},{"duration":80,"tweenEasing":0,"x":1.17,"y":1.17},{"duration":0}]},{"name":"leaf3","translateFrame":[{"duration":80,"tweenEasing":0},{"duration":80,"tweenEasing":0,"x":-5.53,"y":2.76},{"duration":0}],"rotateFrame":[{"duration":80,"tweenEasing":0},{"duration":80,"tweenEasing":0,"rotate":4.31},{"duration":0}]},{"name":"leaf5","translateFrame":[{"duration":80,"tweenEasing":0},{"duration":80,"tweenEasing":0,"x":4.17,"y":0.59},{"duration":0}],"rotateFrame":[{"duration":80,"tweenEasing":0},{"duration":80,"tweenEasing":0,"rotate":3.91},{"duration":0}]},{"name":"bone2","translateFrame":[{"duration":80,"tweenEasing":0},{"duration":80,"tweenEasing":0,"x":-3.52,"y":5.36},{"duration":0}],"rotateFrame":[{"duration":80,"tweenEasing":0},{"duration":80,"tweenEasing":0,"rotate":13.37},{"duration":0}]},{"name":"leaf6","translateFrame":[{"duration":80,"tweenEasing":0},{"duration":80,"tweenEasing":0,"x":5.36,"y":2.98},{"duration":0}],"rotateFrame":[{"duration":80,"tweenEasing":0},{"duration":80,"tweenEasing":0,"rotate":4.12},{"duration":0}]},{"name":"bone3","rotateFrame":[{"duration":80,"tweenEasing":0},{"duration":80,"tweenEasing":0,"rotate":21.2},{"duration":0}]},{"name":"carpet","rotateFrame":[{"duration":20,"tweenEasing":0},{"duration":20,"tweenEasing":0,"rotate":5.57},{"duration":20,"tweenEasing":0},{"duration":20,"tweenEasing":0,"rotate":5.57},{"duration":20,"tweenEasing":0},{"duration":20,"tweenEasing":0,"rotate":5.57},{"duration":20,"tweenEasing":0},{"duration":20,"tweenEasing":0,"rotate":5.57},{"duration":0}]},{"name":"carpet2","rotateFrame":[{"duration":20,"tweenEasing":0},{"duration":20,"tweenEasing":0,"rotate":-9.74},{"duration":20,"tweenEasing":0},{"duration":20,"tweenEasing":0,"rotate":-9.74},{"duration":20,"tweenEasing":0},{"duration":20,"tweenEasing":0,"rotate":-9.74},{"duration":20,"tweenEasing":0},{"duration":20,"tweenEasing":0,"rotate":-9.74},{"duration":0}]},{"name":"carpet3","rotateFrame":[{"duration":20,"tweenEasing":0},{"duration":20,"tweenEasing":0,"rotate":7.92},{"duration":20,"tweenEasing":0},{"duration":20,"tweenEasing":0,"rotate":7.92},{"duration":20,"tweenEasing":0},{"duration":20,"tweenEasing":0,"rotate":7.92},{"duration":20,"tweenEasing":0},{"duration":20,"tweenEasing":0,"rotate":7.92},{"duration":0}]},{"name":"carpet4","rotateFrame":[{"duration":20,"tweenEasing":0},{"duration":20,"tweenEasing":0,"rotate":-7.39},{"duration":20,"tweenEasing":0},{"duration":20,"tweenEasing":0,"rotate":-7.39},{"duration":20,"tweenEasing":0},{"duration":20,"tweenEasing":0,"rotate":-7.39},{"duration":20,"tweenEasing":0},{"duration":20,"tweenEasing":0,"rotate":-7.39},{"duration":0}]},{"name":"carpet5","rotateFrame":[{"duration":20,"tweenEasing":0},{"duration":20,"tweenEasing":0,"rotate":7.92},{"duration":20,"tweenEasing":0},{"duration":20,"tweenEasing":0,"rotate":7.92},{"duration":20,"tweenEasing":0},{"duration":20,"tweenEasing":0,"rotate":7.92},{"duration":20,"tweenEasing":0},{"duration":20,"tweenEasing":0,"rotate":7.92},{"duration":0}]},{"name":"carpet6","rotateFrame":[{"duration":20,"tweenEasing":0},{"duration":20,"tweenEasing":0,"rotate":5.57},{"duration":20,"tweenEasing":0},{"duration":20,"tweenEasing":0,"rotate":5.57},{"duration":20,"tweenEasing":0},{"duration":20,"tweenEasing":0,"rotate":5.57},{"duration":20,"tweenEasing":0},{"duration":20,"tweenEasing":0,"rotate":5.57},{"duration":0}]}],"slot":[{"name":"PC","colorFrame":[{"tweenEasing":0},{"duration":3,"tweenEasing":0,"value":{"aM":73}},{"tweenEasing":0},{"duration":3,"tweenEasing":0,"value":{"aM":73}},{"tweenEasing":0},{"duration":3,"tweenEasing":0,"value":{"aM":73}},{"tweenEasing":0},{"duration":3,"tweenEasing":0,"value":{"aM":73}},{"tweenEasing":0},{"duration":3,"tweenEasing":0,"value":{"aM":73}},{"tweenEasing":0},{"duration":3,"tweenEasing":0,"value":{"aM":73}},{"tweenEasing":0},{"duration":3,"tweenEasing":0,"value":{"aM":73}},{"tweenEasing":0},{"duration":3,"tweenEasing":0,"value":{"aM":73}},{"tweenEasing":0},{"duration":3,"tweenEasing":0,"value":{"aM":73}},{"tweenEasing":0},{"duration":3,"tweenEasing":0,"value":{"aM":38}},{"tweenEasing":0},{"duration":3,"tweenEasing":0,"value":{"aM":73}},{"tweenEasing":0},{"duration":3,"tweenEasing":0,"value":{"aM":73}},{"tweenEasing":0},{"duration":3,"tweenEasing":0,"value":{"aM":73}},{"tweenEasing":0},{"duration":3,"tweenEasing":0,"value":{"aM":73}},{"tweenEasing":0},{"duration":3,"tweenEasing":0,"value":{"aM":73}},{"tweenEasing":0},{"duration":3,"tweenEasing":0,"value":{"aM":73}},{"tweenEasing":0},{"duration":3,"tweenEasing":0,"value":{"aM":73}},{"tweenEasing":0},{"duration":3,"tweenEasing":0,"value":{"aM":73}},{"tweenEasing":0},{"duration":3,"tweenEasing":0,"value":{"aM":73}},{"tweenEasing":0},{"duration":3,"tweenEasing":0,"value":{"aM":73}},{"tweenEasing":0},{"duration":3,"tweenEasing":0,"value":{"aM":73}},{"tweenEasing":0},{"duration":3,"tweenEasing":0,"value":{"aM":73}},{"tweenEasing":0},{"duration":3,"tweenEasing":0,"value":{"aM":32}},{"tweenEasing":0},{"duration":3,"tweenEasing":0,"value":{"aM":73}},{"tweenEasing":0},{"duration":3,"tweenEasing":0,"value":{"aM":73}},{"tweenEasing":0},{"duration":3,"tweenEasing":0,"value":{"aM":73}},{"tweenEasing":0},{"duration":3,"tweenEasing":0,"value":{"aM":73}},{"tweenEasing":0},{"duration":3,"tweenEasing":0,"value":{"aM":73}},{"tweenEasing":0},{"duration":3,"tweenEasing":0,"value":{"aM":73}},{"tweenEasing":0},{"duration":3,"tweenEasing":0,"value":{"aM":73}},{"tweenEasing":0},{"duration":3,"tweenEasing":0,"value":{"aM":73}},{"tweenEasing":0},{"duration":3,"tweenEasing":0,"value":{"aM":73}},{"tweenEasing":0},{"duration":3,"tweenEasing":0,"value":{"aM":73}},{"tweenEasing":0},{"duration":3,"tweenEasing":0,"value":{"aM":73}},{"tweenEasing":0},{"duration":3,"tweenEasing":0,"value":{"aM":73}},{"tweenEasing":0},{"duration":3,"tweenEasing":0,"value":{"aM":73}},{"tweenEasing":0},{"duration":3,"tweenEasing":0,"value":{"aM":73}},{"tweenEasing":0},{"duration":3,"tweenEasing":0,"value":{"aM":73}},{"tweenEasing":0},{"duration":3,"tweenEasing":0,"value":{"aM":73}},{"tweenEasing":0},{"duration":3,"tweenEasing":0,"value":{"aM":73}},{"duration":0}]},{"name":"PClight","colorFrame":[{"duration":3,"tweenEasing":0},{"duration":2,"tweenEasing":0,"value":{"aM":87}},{"duration":3,"tweenEasing":0},{"duration":2,"tweenEasing":0,"value":{"aM":87}},{"duration":3,"tweenEasing":0},{"duration":2,"tweenEasing":0,"value":{"aM":87}},{"duration":3,"tweenEasing":0},{"duration":2,"tweenEasing":0,"value":{"aM":87}},{"duration":3,"tweenEasing":0},{"duration":2,"tweenEasing":0,"value":{"aM":87}},{"duration":3,"tweenEasing":0},{"duration":2,"tweenEasing":0,"value":{"aM":87}},{"duration":3,"tweenEasing":0},{"duration":2,"tweenEasing":0,"value":{"aM":87}},{"duration":3,"tweenEasing":0},{"duration":2,"tweenEasing":0,"value":{"aM":87}},{"duration":3,"tweenEasing":0},{"duration":2,"tweenEasing":0,"value":{"aM":87}},{"duration":3,"tweenEasing":0},{"duration":2,"tweenEasing":0,"value":{"aM":87}},{"duration":2,"tweenEasing":0},{"value":{"aM":87}},{"duration":2,"tweenEasing":0,"value":{"aM":87}},{"duration":3,"tweenEasing":0},{"duration":2,"tweenEasing":0,"value":{"aM":87}},{"duration":3,"tweenEasing":0},{"duration":2,"tweenEasing":0,"value":{"aM":87}},{"duration":3,"tweenEasing":0},{"duration":2,"tweenEasing":0,"value":{"aM":87}},{"duration":3,"tweenEasing":0},{"duration":2,"tweenEasing":0,"value":{"aM":87}},{"duration":3,"tweenEasing":0},{"duration":2,"tweenEasing":0,"value":{"aM":87}},{"duration":3,"tweenEasing":0},{"duration":2,"tweenEasing":0,"value":{"aM":87}},{"duration":3,"tweenEasing":0},{"duration":2,"tweenEasing":0,"value":{"aM":87}},{"duration":3,"tweenEasing":0},{"duration":2,"tweenEasing":0,"value":{"aM":87}},{"duration":3,"tweenEasing":0},{"duration":2,"tweenEasing":0,"value":{"aM":87}},{"duration":3,"tweenEasing":0},{"duration":2,"tweenEasing":0,"value":{"aM":87}},{"duration":3,"tweenEasing":0},{"duration":2,"tweenEasing":0,"value":{"aM":87}},{"duration":3,"tweenEasing":0},{"duration":2,"tweenEasing":0,"value":{"aM":87}},{"duration":3,"tweenEasing":0},{"duration":2,"tweenEasing":0,"value":{"aM":87}},{"duration":3,"tweenEasing":0},{"duration":2,"tweenEasing":0,"value":{"aM":87}},{"duration":3,"tweenEasing":0},{"duration":2,"tweenEasing":0,"value":{"aM":87}},{"duration":2,"tweenEasing":0},{"value":{"aM":87}},{"duration":2,"tweenEasing":0,"value":{"aM":87}},{"duration":3,"tweenEasing":0},{"duration":2,"tweenEasing":0,"value":{"aM":87}},{"duration":4,"tweenEasing":0},{"duration":3,"tweenEasing":0,"value":{"aM":87}},{"duration":3,"tweenEasing":0},{"value":{"aM":87}},{"duration":2,"tweenEasing":0,"value":{"aM":87}},{"duration":4,"tweenEasing":0},{"duration":3,"tweenEasing":0,"value":{"aM":87}},{"duration":0}]},{"name":"cubeshadow","colorFrame":[{"duration":24,"tweenEasing":0},{"duration":16,"tweenEasing":0,"value":{"aM":79}},{"duration":24,"tweenEasing":0},{"duration":16,"tweenEasing":0,"value":{"aM":79}},{"duration":24,"tweenEasing":0},{"duration":16,"tweenEasing":0,"value":{"aM":79}},{"duration":24,"tweenEasing":0},{"duration":16,"tweenEasing":0,"value":{"aM":79}},{"duration":0}]},{"name":"light1","colorFrame":[{"duration":10,"tweenEasing":0},{"duration":30,"tweenEasing":0,"value":{"aM":86}},{"duration":20,"tweenEasing":0},{"duration":20,"tweenEasing":0,"value":{"aM":67}},{"duration":40},{"duration":10,"tweenEasing":0},{"duration":30,"tweenEasing":0,"value":{"aM":67}},{"duration":0}]},{"name":"light2","colorFrame":[{"duration":20,"tweenEasing":0},{"duration":20,"tweenEasing":0,"value":{"aM":78}},{"duration":40},{"duration":10,"tweenEasing":0},{"duration":30,"tweenEasing":0,"value":{"aM":78}},{"duration":40}]},{"name":"lightmain","colorFrame":[{"duration":20,"tweenEasing":0},{"duration":60,"tweenEasing":0,"value":{"aM":69}},{"duration":10,"tweenEasing":0},{"duration":30,"tweenEasing":0,"value":{"aM":78}},{"duration":40}]},{"name":"shop","colorFrame":[{"duration":10},{"duration":2,"tweenEasing":0},{"duration":4,"tweenEasing":0,"value":{"aM":40}},{"duration":14},{"duration":4,"tweenEasing":0},{"duration":9,"tweenEasing":0,"value":{"aM":57}},{"duration":5},{"duration":4,"tweenEasing":0},{"duration":10,"tweenEasing":0,"value":{"aM":57}},{"duration":15},{"duration":3,"tweenEasing":0},{"duration":6,"tweenEasing":0,"value":{"aM":57}},{"duration":3,"tweenEasing":0},{"duration":3,"tweenEasing":0,"value":{"aM":32}},{"duration":6,"tweenEasing":0,"value":{"aM":57}},{"duration":14},{"duration":2,"tweenEasing":0},{"duration":4,"tweenEasing":0,"value":{"aM":57}},{"duration":2},{"duration":2,"tweenEasing":0},{"duration":4,"tweenEasing":0,"value":{"aM":57}},{"duration":34}]},{"name":"shopbutton","colorFrame":[{"duration":20},{"duration":2,"tweenEasing":0},{"duration":2,"tweenEasing":0,"value":{"aM":41}},{"duration":2,"tweenEasing":0},{"duration":2,"tweenEasing":0,"value":{"aM":41}},{"duration":2,"tweenEasing":0},{"duration":2,"tweenEasing":0,"value":{"aM":41}},{"duration":2,"tweenEasing":0},{"duration":2,"tweenEasing":0,"value":{"aM":41}},{"duration":17},{"duration":7,"tweenEasing":0},{"duration":7,"tweenEasing":0,"value":{"aM":41}},{"duration":9,"tweenEasing":0},{"duration":14,"tweenEasing":0,"value":{"aM":41}},{"duration":15,"tweenEasing":0},{"duration":16,"tweenEasing":0,"value":{"aM":41}},{"duration":14,"tweenEasing":0},{"duration":15,"tweenEasing":0,"value":{"aM":41}},{"duration":10}]},{"name":"tablelight","colorFrame":[{"duration":13,"tweenEasing":0},{"duration":14,"tweenEasing":0,"value":{"aM":72}},{"duration":3,"tweenEasing":0},{"duration":11,"tweenEasing":0,"value":{"aM":71}},{"duration":13},{"duration":19,"tweenEasing":0},{"duration":20,"tweenEasing":0,"value":{"aM":72}},{"duration":19,"tweenEasing":0},{"duration":21,"tweenEasing":0,"value":{"aM":72}},{"duration":13,"tweenEasing":0},{"duration":14,"tweenEasing":0,"value":{"aM":72}},{"duration":0}]}]}],"defaultActions":[{"gotoAndPlay":"animation"}]}]}