{"frameRate":60,"isGlobal":0,"armature":[{"bone":[{"inheritScale":false,"name":"000_fuji","transform":{}},{"inheritScale":false,"transform":{},"name":"001_dipan","parent":"000_fuji"},{"inheritScale":false,"transform":{},"name":"002_zuhe2","parent":"001_dipan"},{"inheritScale":false,"transform":{},"name":"002_nianlikong_fuji","parent":"001_dipan"},{"inheritScale":false,"transform":{},"name":"002_nianlikong1","parent":"002_nianlikong_fuji"},{"inheritScale":false,"transform":{},"name":"002_huizhang_diguang","parent":"002_nianlikong_fuji"},{"inheritScale":false,"transform":{},"name":"002_huizhang2","parent":"002_nianlikong_fuji"},{"inheritScale":false,"transform":{},"name":"002_huizhang","parent":"002_nianlikong_fuji"},{"inheritScale":false,"transform":{},"name":"002_jihuoguang","parent":"002_nianlikong_fuji"},{"inheritScale":false,"transform":{},"name":"002_waifaguang","parent":"002_nianlikong_fuji"},{"inheritScale":false,"transform":{},"name":"002_xuli","parent":"002_nianlikong_fuji"},{"inheritScale":false,"transform":{},"name":"002_baozha","parent":"002_nianlikong_fuji"},{"inheritScale":false,"transform":{},"name":"002_zuhe1","parent":"002_nianlikong_fuji"},{"inheritScale":false,"transform":{},"name":"003_zuhe2","parent":"002_nianlikong_fuji"}],"type":"Armature","frameRate":60,"animation":[{"playTimes":0,"bone":[{"frame":[{"tweenEasing":0,"transform":{},"duration":60},{"tweenEasing":0,"transform":{"scY":1.3,"scX":1.3},"duration":60},{"transform":{"scY":1.5,"scX":1.5},"duration":0}],"name":"002_huizhang2"},{"frame":[{"tweenEasing":0,"transform":{},"duration":60},{"tweenEasing":0,"transform":{"skX":180,"skY":180},"duration":60},{"transform":{"skX":360,"skY":360},"duration":0}],"name":"002_huizhang_diguang"},{"frame":[{"transform":{},"duration":120}],"name":"000_fuji"},{"frame":[{"transform":{},"duration":120}],"name":"001_dipan"},{"frame":[{"transform":{},"duration":120}],"name":"002_zuhe2"},{"frame":[{"transform":{},"duration":120}],"name":"002_nianlikong_fuji"},{"frame":[{"transform":{},"duration":120}],"name":"002_nianlikong1"},{"frame":[{"transform":{},"duration":120}],"name":"002_huizhang"},{"frame":[{"transform":{},"duration":120}],"name":"002_jihuoguang"},{"frame":[{"transform":{},"duration":120}],"name":"002_waifaguang"},{"frame":[{"transform":{},"duration":120}],"name":"002_xuli"},{"frame":[{"transform":{},"duration":120}],"name":"002_baozha"},{"frame":[{"transform":{},"duration":120}],"name":"002_zuhe1"},{"frame":[{"transform":{},"duration":120}],"name":"003_zuhe2"}],"slot":[{"frame":[{"tweenEasing":0,"color":{"aM":0},"duration":60},{"tweenEasing":0,"color":{"aM":39},"duration":60},{"tweenEasing":null,"color":{"aM":0},"duration":0}],"name":"002_huizhang2"},{"frame":[{"tweenEasing":0,"color":{"aM":0},"duration":60},{"tweenEasing":0,"color":{"aM":19},"duration":60},{"tweenEasing":null,"color":{"aM":0},"duration":0}],"name":"002_huizhang_diguang"},{"frame":[{"displayIndex":-1,"tweenEasing":null,"duration":120}],"name":"000_fuji"},{"frame":[{"displayIndex":-1,"tweenEasing":null,"duration":120}],"name":"001_dipan"},{"frame":[{"displayIndex":-1,"tweenEasing":null,"duration":120}],"name":"002_zuhe2"},{"frame":[{"displayIndex":-1,"tweenEasing":null,"duration":120}],"name":"002_nianlikong_fuji"},{"frame":[{"displayIndex":-1,"tweenEasing":null,"duration":120}],"name":"002_nianlikong1"},{"frame":[{"displayIndex":-1,"tweenEasing":null,"duration":120}],"name":"002_huizhang"},{"frame":[{"displayIndex":-1,"tweenEasing":null,"duration":120}],"name":"002_jihuoguang"},{"frame":[{"displayIndex":-1,"tweenEasing":null,"duration":120}],"name":"002_waifaguang"},{"frame":[{"displayIndex":-1,"tweenEasing":null,"duration":120}],"name":"002_xuli"},{"frame":[{"displayIndex":-1,"tweenEasing":null,"duration":120}],"name":"002_baozha"},{"frame":[{"displayIndex":-1,"tweenEasing":null,"duration":120}],"name":"002_zuhe1"},{"frame":[{"displayIndex":-1,"tweenEasing":null,"duration":120}],"name":"003_zuhe2"}],"ffd":[],"ik":[],"frame":[],"name":"000_daiji","duration":120},{"bone":[{"frame":[{"tweenEasing":0,"transform":{"scY":2,"y":-21,"scX":2},"duration":5},{"tweenEasing":0,"transform":{"scY":2,"y":-21,"scX":2},"duration":5},{"tweenEasing":0,"transform":{"scY":2,"y":-21,"scX":2},"duration":5},{"tweenEasing":0,"transform":{"scY":2,"y":-21,"scX":2},"duration":5},{"tweenEasing":0,"transform":{"scY":2,"y":-21,"scX":2},"duration":25},{"transform":{"scY":2,"y":-21,"scX":2},"duration":0}],"name":"002_zuhe2"},{"frame":[{"transform":{},"duration":45}],"name":"000_fuji"},{"frame":[{"transform":{},"duration":45}],"name":"001_dipan"},{"frame":[{"transform":{},"duration":45}],"name":"002_nianlikong_fuji"},{"frame":[{"transform":{},"duration":45}],"name":"002_nianlikong1"},{"frame":[{"transform":{},"duration":45}],"name":"002_huizhang_diguang"},{"frame":[{"transform":{},"duration":45}],"name":"002_huizhang2"},{"frame":[{"transform":{},"duration":45}],"name":"002_huizhang"},{"frame":[{"transform":{},"duration":45}],"name":"002_jihuoguang"},{"frame":[{"transform":{},"duration":45}],"name":"002_waifaguang"},{"frame":[{"transform":{},"duration":45}],"name":"002_xuli"},{"frame":[{"transform":{},"duration":45}],"name":"002_baozha"},{"frame":[{"transform":{},"duration":45}],"name":"002_zuhe1"},{"frame":[{"transform":{},"duration":45}],"name":"003_zuhe2"}],"slot":[{"frame":[{"tweenEasing":0,"color":{"aM":0,"rM":0,"bM":87},"duration":5},{"displayIndex":1,"tweenEasing":0,"color":{"aM":57,"rM":0,"bM":87},"duration":5},{"displayIndex":2,"tweenEasing":0,"color":{"rM":0,"bM":87},"duration":5},{"displayIndex":3,"tweenEasing":0,"color":{"rM":0,"bM":87},"duration":5},{"displayIndex":4,"tweenEasing":0,"color":{"rM":0,"bM":87},"duration":25},{"displayIndex":4,"tweenEasing":null,"color":{"aM":0,"rM":0,"bM":87},"duration":0}],"name":"002_zuhe2"},{"frame":[{"displayIndex":-1,"tweenEasing":null,"duration":45}],"name":"000_fuji"},{"frame":[{"displayIndex":-1,"tweenEasing":null,"duration":45}],"name":"001_dipan"},{"frame":[{"displayIndex":-1,"tweenEasing":null,"duration":45}],"name":"002_nianlikong_fuji"},{"frame":[{"displayIndex":-1,"tweenEasing":null,"duration":45}],"name":"002_nianlikong1"},{"frame":[{"displayIndex":-1,"tweenEasing":null,"duration":45}],"name":"002_huizhang_diguang"},{"frame":[{"displayIndex":-1,"tweenEasing":null,"duration":45}],"name":"002_huizhang2"},{"frame":[{"displayIndex":-1,"tweenEasing":null,"duration":45}],"name":"002_huizhang"},{"frame":[{"displayIndex":-1,"tweenEasing":null,"duration":45}],"name":"002_jihuoguang"},{"frame":[{"displayIndex":-1,"tweenEasing":null,"duration":45}],"name":"002_waifaguang"},{"frame":[{"displayIndex":-1,"tweenEasing":null,"duration":45}],"name":"002_xuli"},{"frame":[{"displayIndex":-1,"tweenEasing":null,"duration":45}],"name":"002_baozha"},{"frame":[{"displayIndex":-1,"tweenEasing":null,"duration":45}],"name":"002_zuhe1"},{"frame":[{"displayIndex":-1,"tweenEasing":null,"duration":45}],"name":"003_zuhe2"}],"ffd":[],"ik":[],"frame":[],"name":"001_jihuo_yuanpan01","duration":45},{"bone":[{"frame":[{"tweenEasing":0,"transform":{"scY":0.7,"y":-6,"scX":0.7,"x":-1},"duration":89},{"tweenEasing":0,"transform":{"scY":0.7,"y":-6,"scX":0.7,"x":-1},"duration":1},{"tweenEasing":0,"transform":{"scY":0.7,"y":-6,"scX":0.7,"x":-1},"duration":4},{"tweenEasing":0,"transform":{"scY":0.7,"y":-6,"scX":0.7,"x":-1},"duration":4},{"tweenEasing":0,"transform":{"scY":0.7,"y":-6,"scX":0.7,"x":-1},"duration":4},{"tweenEasing":0,"transform":{"scY":0.7,"y":-6,"scX":0.7,"x":-1},"duration":4},{"tweenEasing":0,"transform":{"scY":0.7,"y":-6,"scX":0.7,"x":-1},"duration":4},{"tweenEasing":0,"transform":{"scY":0.7,"y":-6,"scX":0.7,"x":-1},"duration":4},{"tweenEasing":0,"transform":{"scY":0.7,"y":-6,"scX":0.7,"x":-1},"duration":6},{"transform":{"scY":0.7,"y":-6,"scX":0.7,"x":-1},"duration":0}],"name":"002_baozha"},{"frame":[{"tweenEasing":0,"transform":{},"duration":4},{"tweenEasing":0,"transform":{},"duration":4},{"tweenEasing":0,"transform":{},"duration":4},{"tweenEasing":0,"transform":{},"duration":4},{"tweenEasing":0,"transform":{},"duration":4},{"tweenEasing":0,"transform":{},"duration":4},{"tweenEasing":0,"transform":{},"duration":4},{"tweenEasing":0,"transform":{},"duration":5},{"tweenEasing":0,"transform":{},"duration":4},{"tweenEasing":0,"transform":{},"duration":4},{"tweenEasing":0,"transform":{},"duration":4},{"tweenEasing":0,"transform":{},"duration":4},{"tweenEasing":0,"transform":{},"duration":4},{"tweenEasing":0,"transform":{},"duration":4},{"tweenEasing":0,"transform":{},"duration":4},{"tweenEasing":0,"transform":{},"duration":4},{"tweenEasing":0,"transform":{},"duration":4},{"tweenEasing":0,"transform":{},"duration":4},{"tweenEasing":0,"transform":{},"duration":4},{"tweenEasing":0,"transform":{},"duration":4},{"tweenEasing":0,"transform":{},"duration":5},{"tweenEasing":0,"transform":{},"duration":4},{"tweenEasing":0,"transform":{},"duration":1},{"transform":{},"duration":29}],"name":"002_xuli"},{"frame":[{"tweenEasing":0,"transform":{},"duration":15},{"tweenEasing":0,"transform":{},"duration":5},{"tweenEasing":0,"transform":{},"duration":5},{"tweenEasing":0,"transform":{},"duration":5},{"tweenEasing":0,"transform":{},"duration":5},{"tweenEasing":0,"transform":{},"duration":5},{"tweenEasing":0,"transform":{},"duration":5},{"tweenEasing":0,"transform":{},"duration":5},{"tweenEasing":0,"transform":{},"duration":5},{"tweenEasing":0,"transform":{},"duration":5},{"tweenEasing":0,"transform":{},"duration":5},{"tweenEasing":0,"transform":{},"duration":5},{"tweenEasing":0,"transform":{},"duration":5},{"tweenEasing":0,"transform":{},"duration":5},{"tweenEasing":0,"transform":{},"duration":5},{"tweenEasing":0,"transform":{},"duration":5},{"tweenEasing":0,"transform":{},"duration":30},{"transform":{},"duration":0}],"name":"002_waifaguang"},{"frame":[{"tweenEasing":0,"transform":{"scY":1.5,"y":-2,"scX":1.5},"duration":45},{"tweenEasing":0,"transform":{"scY":1.25,"y":-2,"skX":180,"skY":180,"scX":1.25},"duration":45},{"tweenEasing":0,"transform":{"y":-2,"skX":360,"skY":360},"duration":1},{"transform":{"y":-2,"skX":360,"skY":360},"duration":29}],"name":"002_jihuoguang"},{"frame":[{"tweenEasing":0,"transform":{},"duration":90},{"tweenEasing":0,"transform":{"scY":0.9,"scX":0.9},"duration":5},{"tweenEasing":0,"transform":{"scY":1.1,"scX":1.1},"duration":25},{"transform":{},"duration":0}],"name":"002_nianlikong_fuji"},{"frame":[{"transform":{},"duration":120}],"name":"000_fuji"},{"frame":[{"transform":{},"duration":120}],"name":"001_dipan"},{"frame":[{"transform":{},"duration":120}],"name":"002_zuhe2"},{"frame":[{"transform":{},"duration":120}],"name":"002_nianlikong1"},{"frame":[{"transform":{},"duration":120}],"name":"002_huizhang_diguang"},{"frame":[{"transform":{},"duration":120}],"name":"002_huizhang2"},{"frame":[{"transform":{},"duration":120}],"name":"002_huizhang"},{"frame":[{"transform":{},"duration":120}],"name":"002_zuhe1"},{"frame":[{"transform":{},"duration":120}],"name":"003_zuhe2"}],"slot":[{"frame":[{"displayIndex":-1,"tweenEasing":0,"color":{"rM":0,"bM":92},"duration":89},{"displayIndex":-1,"tweenEasing":0,"color":{"rM":0,"bM":92},"duration":1},{"tweenEasing":0,"color":{"rM":0,"bM":92},"duration":4},{"displayIndex":1,"tweenEasing":0,"color":{"rM":0,"bM":92},"duration":4},{"displayIndex":2,"tweenEasing":0,"color":{"rM":0,"bM":92},"duration":4},{"displayIndex":3,"tweenEasing":0,"color":{"rM":0,"bM":92},"duration":4},{"displayIndex":4,"tweenEasing":0,"color":{"rM":0,"bM":92},"duration":4},{"displayIndex":5,"tweenEasing":0,"color":{"rM":0,"bM":92},"duration":4},{"displayIndex":6,"tweenEasing":0,"color":{"rM":0,"bM":92},"duration":6},{"displayIndex":6,"tweenEasing":null,"color":{"aM":0,"rM":0,"bM":92},"duration":0}],"name":"002_baozha"},{"frame":[{"tweenEasing":0,"color":{"rM":0,"bM":81},"duration":4},{"displayIndex":1,"tweenEasing":0,"color":{"rM":0,"bM":81},"duration":4},{"displayIndex":2,"tweenEasing":0,"color":{"rM":0,"bM":81},"duration":4},{"displayIndex":3,"tweenEasing":0,"color":{"rM":0,"bM":81},"duration":4},{"displayIndex":4,"tweenEasing":0,"color":{"rM":0,"bM":81},"duration":4},{"displayIndex":5,"tweenEasing":0,"color":{"rM":0,"bM":81},"duration":4},{"displayIndex":6,"tweenEasing":0,"color":{"rM":0,"bM":81},"duration":4},{"displayIndex":7,"tweenEasing":0,"color":{"rM":0,"bM":81},"duration":5},{"tweenEasing":0,"color":{"rM":0,"bM":81},"duration":4},{"displayIndex":1,"tweenEasing":0,"color":{"rM":0,"bM":81},"duration":4},{"displayIndex":2,"tweenEasing":0,"color":{"rM":0,"bM":81},"duration":4},{"displayIndex":3,"tweenEasing":0,"color":{"rM":0,"bM":81},"duration":4},{"displayIndex":4,"tweenEasing":0,"color":{"rM":0,"bM":81},"duration":4},{"displayIndex":5,"tweenEasing":0,"color":{"rM":0,"bM":81},"duration":4},{"displayIndex":6,"tweenEasing":0,"color":{"rM":0,"bM":81},"duration":4},{"displayIndex":7,"tweenEasing":0,"color":{"rM":0,"bM":81},"duration":4},{"tweenEasing":0,"color":{"rM":0,"bM":81},"duration":4},{"displayIndex":1,"tweenEasing":0,"color":{"rM":0,"bM":81},"duration":4},{"displayIndex":2,"tweenEasing":0,"color":{"rM":0,"bM":81},"duration":4},{"displayIndex":3,"tweenEasing":0,"color":{"rM":0,"bM":81},"duration":4},{"displayIndex":4,"tweenEasing":0,"color":{"rM":0,"bM":81},"duration":5},{"displayIndex":5,"tweenEasing":0,"color":{"rM":0,"bM":81},"duration":4},{"displayIndex":6,"tweenEasing":0,"color":{"rM":0,"bM":81},"duration":1},{"displayIndex":-1,"tweenEasing":null,"color":{"aM":0,"rM":0,"bM":81},"duration":29}],"name":"002_xuli"},{"frame":[{"tweenEasing":0,"color":{"aM":0},"duration":15},{"tweenEasing":0,"duration":5},{"tweenEasing":0,"color":{"aM":78},"duration":5},{"tweenEasing":0,"duration":5},{"tweenEasing":0,"color":{"aM":78},"duration":5},{"tweenEasing":0,"duration":5},{"tweenEasing":0,"color":{"aM":78},"duration":5},{"tweenEasing":0,"duration":5},{"tweenEasing":0,"color":{"aM":78},"duration":5},{"tweenEasing":0,"duration":5},{"tweenEasing":0,"color":{"aM":78},"duration":5},{"tweenEasing":0,"duration":5},{"tweenEasing":0,"color":{"aM":78},"duration":5},{"tweenEasing":0,"duration":5},{"tweenEasing":0,"color":{"aM":78},"duration":5},{"tweenEasing":0,"duration":5},{"tweenEasing":0,"duration":30},{"tweenEasing":null,"color":{"aM":0},"duration":0}],"name":"002_waifaguang"},{"frame":[{"tweenEasing":0,"color":{"aM":0,"rM":0,"bM":77},"duration":45},{"tweenEasing":0,"color":{"rM":0,"bM":77},"duration":45},{"tweenEasing":0,"color":{"rM":0,"bM":77},"duration":1},{"displayIndex":-1,"tweenEasing":null,"color":{"rM":0,"bM":77},"duration":29}],"name":"002_jihuoguang"},{"frame":[{"displayIndex":-1,"tweenEasing":0,"duration":90},{"displayIndex":-1,"tweenEasing":0,"duration":5},{"displayIndex":-1,"tweenEasing":0,"duration":25},{"displayIndex":-1,"tweenEasing":null,"duration":0}],"name":"002_nianlikong_fuji"},{"frame":[{"displayIndex":-1,"tweenEasing":null,"duration":120}],"name":"000_fuji"},{"frame":[{"displayIndex":-1,"tweenEasing":null,"duration":120}],"name":"001_dipan"},{"frame":[{"displayIndex":-1,"tweenEasing":null,"duration":120}],"name":"002_zuhe2"},{"frame":[{"displayIndex":-1,"tweenEasing":null,"duration":120}],"name":"002_nianlikong1"},{"frame":[{"displayIndex":-1,"tweenEasing":null,"duration":120}],"name":"002_huizhang_diguang"},{"frame":[{"displayIndex":-1,"tweenEasing":null,"duration":120}],"name":"002_huizhang2"},{"frame":[{"displayIndex":-1,"tweenEasing":null,"duration":120}],"name":"002_huizhang"},{"frame":[{"displayIndex":-1,"tweenEasing":null,"duration":120}],"name":"002_zuhe1"},{"frame":[{"displayIndex":-1,"tweenEasing":null,"duration":120}],"name":"003_zuhe2"}],"ffd":[],"ik":[],"frame":[],"name":"002_jihuo_huizhang01","duration":120},{"bone":[{"frame":[{"tweenEasing":0,"transform":{"y":-4},"duration":10},{"tweenEasing":0,"transform":{"y":-4},"duration":35},{"transform":{"y":-4},"duration":0}],"name":"002_zuhe1"},{"frame":[{"transform":{},"duration":45}],"name":"000_fuji"},{"frame":[{"transform":{},"duration":45}],"name":"001_dipan"},{"frame":[{"transform":{},"duration":45}],"name":"002_zuhe2"},{"frame":[{"transform":{},"duration":45}],"name":"002_nianlikong_fuji"},{"frame":[{"transform":{},"duration":45}],"name":"002_nianlikong1"},{"frame":[{"transform":{},"duration":45}],"name":"002_huizhang_diguang"},{"frame":[{"transform":{},"duration":45}],"name":"002_huizhang2"},{"frame":[{"transform":{},"duration":45}],"name":"002_huizhang"},{"frame":[{"transform":{},"duration":45}],"name":"002_jihuoguang"},{"frame":[{"transform":{},"duration":45}],"name":"002_waifaguang"},{"frame":[{"transform":{},"duration":45}],"name":"002_xuli"},{"frame":[{"transform":{},"duration":45}],"name":"002_baozha"},{"frame":[{"transform":{},"duration":45}],"name":"003_zuhe2"}],"slot":[{"frame":[{"tweenEasing":0,"color":{"aM":19,"rM":0,"bM":92},"duration":10},{"tweenEasing":0,"color":{"rM":0,"bM":92},"duration":35},{"tweenEasing":null,"color":{"aM":19,"rM":0,"bM":92},"duration":0}],"name":"002_zuhe1"},{"frame":[{"displayIndex":-1,"tweenEasing":null,"duration":45}],"name":"000_fuji"},{"frame":[{"displayIndex":-1,"tweenEasing":null,"duration":45}],"name":"001_dipan"},{"frame":[{"displayIndex":-1,"tweenEasing":null,"duration":45}],"name":"002_zuhe2"},{"frame":[{"displayIndex":-1,"tweenEasing":null,"duration":45}],"name":"002_nianlikong_fuji"},{"frame":[{"displayIndex":-1,"tweenEasing":null,"duration":45}],"name":"002_nianlikong1"},{"frame":[{"displayIndex":-1,"tweenEasing":null,"duration":45}],"name":"002_huizhang_diguang"},{"frame":[{"displayIndex":-1,"tweenEasing":null,"duration":45}],"name":"002_huizhang2"},{"frame":[{"displayIndex":-1,"tweenEasing":null,"duration":45}],"name":"002_huizhang"},{"frame":[{"displayIndex":-1,"tweenEasing":null,"duration":45}],"name":"002_jihuoguang"},{"frame":[{"displayIndex":-1,"tweenEasing":null,"duration":45}],"name":"002_waifaguang"},{"frame":[{"displayIndex":-1,"tweenEasing":null,"duration":45}],"name":"002_xuli"},{"frame":[{"displayIndex":-1,"tweenEasing":null,"duration":45}],"name":"002_baozha"},{"frame":[{"displayIndex":-1,"tweenEasing":null,"duration":45}],"name":"003_zuhe2"}],"ffd":[],"ik":[],"frame":[],"name":"003_taozhuang_jihuo","duration":45},{"bone":[{"frame":[{"tweenEasing":0,"transform":{},"duration":10},{"tweenEasing":0,"transform":{},"duration":25},{"tweenEasing":0,"transform":{},"duration":25},{"transform":{},"duration":0}],"name":"003_zuhe2"},{"frame":[{"tweenEasing":0,"transform":{"scY":0.8,"y":-8,"scX":0.8,"x":-3},"duration":3},{"tweenEasing":0,"transform":{"scY":0.8,"y":-8,"scX":0.8,"x":-3},"duration":3},{"tweenEasing":0,"transform":{"scY":0.8,"y":-8,"scX":0.8,"x":-3},"duration":3},{"tweenEasing":0,"transform":{"scY":0.8,"y":-8,"scX":0.8,"x":-3},"duration":3},{"tweenEasing":0,"transform":{"scY":0.8,"y":-8,"scX":0.8,"x":-3},"duration":3},{"tweenEasing":0,"transform":{"scY":0.8,"y":-8,"scX":0.8,"x":-3},"duration":3},{"tweenEasing":0,"transform":{"scY":0.8,"y":-8,"scX":0.8,"x":-3},"duration":12},{"tweenEasing":0,"transform":{"scY":0.8,"y":-8,"scX":0.8,"x":-3},"duration":1},{"transform":{"scY":0.8,"y":-8,"scX":0.8,"x":-3},"duration":29}],"name":"002_baozha"},{"frame":[{"tweenEasing":0,"transform":{},"duration":10},{"tweenEasing":0,"transform":{},"duration":50},{"transform":{},"duration":0}],"name":"002_huizhang"},{"frame":[{"tweenEasing":0,"transform":{},"duration":10},{"tweenEasing":0,"transform":{"scY":1.3,"scX":1.3},"duration":50},{"transform":{"scY":2,"scX":2},"duration":0}],"name":"002_huizhang2"},{"frame":[{"tweenEasing":0,"transform":{"scY":0.95,"scX":0.95},"duration":10},{"tweenEasing":0,"transform":{"scY":1.05,"scX":1.05},"duration":50},{"transform":{},"duration":0}],"name":"002_nianlikong_fuji"},{"frame":[{"transform":{},"duration":60}],"name":"000_fuji"},{"frame":[{"transform":{},"duration":60}],"name":"001_dipan"},{"frame":[{"transform":{},"duration":60}],"name":"002_zuhe2"},{"frame":[{"transform":{},"duration":60}],"name":"002_nianlikong1"},{"frame":[{"transform":{},"duration":60}],"name":"002_huizhang_diguang"},{"frame":[{"transform":{},"duration":60}],"name":"002_jihuoguang"},{"frame":[{"transform":{},"duration":60}],"name":"002_waifaguang"},{"frame":[{"transform":{},"duration":60}],"name":"002_xuli"},{"frame":[{"transform":{},"duration":60}],"name":"002_zuhe1"}],"slot":[{"frame":[{"tweenEasing":0,"color":{"aM":0},"duration":10},{"tweenEasing":0,"duration":25},{"tweenEasing":0,"duration":25},{"tweenEasing":null,"color":{"aM":0},"duration":0}],"name":"003_zuhe2"},{"frame":[{"tweenEasing":0,"color":{"rM":0,"bM":92},"duration":3},{"displayIndex":1,"tweenEasing":0,"color":{"rM":0,"bM":92},"duration":3},{"displayIndex":2,"tweenEasing":0,"color":{"rM":0,"bM":92},"duration":3},{"displayIndex":3,"tweenEasing":0,"color":{"rM":0,"bM":92},"duration":3},{"displayIndex":4,"tweenEasing":0,"color":{"rM":0,"bM":92},"duration":3},{"displayIndex":5,"tweenEasing":0,"color":{"rM":0,"bM":92},"duration":3},{"displayIndex":6,"tweenEasing":0,"color":{"rM":0,"bM":92},"duration":12},{"displayIndex":6,"tweenEasing":0,"color":{"aM":0,"rM":0,"bM":92},"duration":1},{"displayIndex":-1,"tweenEasing":null,"color":{"aM":0,"rM":0,"bM":92},"duration":29}],"name":"002_baozha"},{"frame":[{"tweenEasing":0,"color":{"aM":0},"duration":10},{"tweenEasing":0,"duration":50},{"tweenEasing":null,"duration":0}],"name":"002_huizhang"},{"frame":[{"tweenEasing":0,"color":{"aM":0},"duration":10},{"tweenEasing":0,"duration":50},{"tweenEasing":null,"color":{"aM":0},"duration":0}],"name":"002_huizhang2"},{"frame":[{"displayIndex":-1,"tweenEasing":0,"duration":10},{"displayIndex":-1,"tweenEasing":0,"duration":50},{"displayIndex":-1,"tweenEasing":null,"duration":0}],"name":"002_nianlikong_fuji"},{"frame":[{"displayIndex":-1,"tweenEasing":null,"duration":60}],"name":"000_fuji"},{"frame":[{"displayIndex":-1,"tweenEasing":null,"duration":60}],"name":"001_dipan"},{"frame":[{"displayIndex":-1,"tweenEasing":null,"duration":60}],"name":"002_zuhe2"},{"frame":[{"displayIndex":-1,"tweenEasing":null,"duration":60}],"name":"002_nianlikong1"},{"frame":[{"displayIndex":-1,"tweenEasing":null,"duration":60}],"name":"002_huizhang_diguang"},{"frame":[{"displayIndex":-1,"tweenEasing":null,"duration":60}],"name":"002_jihuoguang"},{"frame":[{"displayIndex":-1,"tweenEasing":null,"duration":60}],"name":"002_waifaguang"},{"frame":[{"displayIndex":-1,"tweenEasing":null,"duration":60}],"name":"002_xuli"},{"frame":[{"displayIndex":-1,"tweenEasing":null,"duration":60}],"name":"002_zuhe1"}],"ffd":[],"ik":[],"frame":[],"name":"004_taozhuang_jihuo","duration":60},{"playTimes":0,"bone":[{"frame":[{"tweenEasing":0,"transform":{"y":-4},"duration":30},{"tweenEasing":0,"transform":{"y":-4},"duration":60},{"transform":{"y":-4},"duration":0}],"name":"002_zuhe1"},{"frame":[{"transform":{},"duration":90}],"name":"000_fuji"},{"frame":[{"transform":{},"duration":90}],"name":"001_dipan"},{"frame":[{"transform":{},"duration":90}],"name":"002_zuhe2"},{"frame":[{"transform":{},"duration":90}],"name":"002_nianlikong_fuji"},{"frame":[{"transform":{},"duration":90}],"name":"002_nianlikong1"},{"frame":[{"transform":{},"duration":90}],"name":"002_huizhang_diguang"},{"frame":[{"transform":{},"duration":90}],"name":"002_huizhang2"},{"frame":[{"transform":{},"duration":90}],"name":"002_huizhang"},{"frame":[{"transform":{},"duration":90}],"name":"002_jihuoguang"},{"frame":[{"transform":{},"duration":90}],"name":"002_waifaguang"},{"frame":[{"transform":{},"duration":90}],"name":"002_xuli"},{"frame":[{"transform":{},"duration":90}],"name":"002_baozha"},{"frame":[{"transform":{},"duration":90}],"name":"003_zuhe2"}],"slot":[{"frame":[{"tweenEasing":0,"color":{"aM":19,"rM":0,"bM":92},"duration":30},{"tweenEasing":0,"color":{"aM":78,"rM":0,"bM":92},"duration":60},{"tweenEasing":null,"color":{"aM":19,"rM":0,"bM":92},"duration":0}],"name":"002_zuhe1"},{"frame":[{"displayIndex":-1,"tweenEasing":null,"duration":90}],"name":"000_fuji"},{"frame":[{"displayIndex":-1,"tweenEasing":null,"duration":90}],"name":"001_dipan"},{"frame":[{"displayIndex":-1,"tweenEasing":null,"duration":90}],"name":"002_zuhe2"},{"frame":[{"displayIndex":-1,"tweenEasing":null,"duration":90}],"name":"002_nianlikong_fuji"},{"frame":[{"displayIndex":-1,"tweenEasing":null,"duration":90}],"name":"002_nianlikong1"},{"frame":[{"displayIndex":-1,"tweenEasing":null,"duration":90}],"name":"002_huizhang_diguang"},{"frame":[{"displayIndex":-1,"tweenEasing":null,"duration":90}],"name":"002_huizhang2"},{"frame":[{"displayIndex":-1,"tweenEasing":null,"duration":90}],"name":"002_huizhang"},{"frame":[{"displayIndex":-1,"tweenEasing":null,"duration":90}],"name":"002_jihuoguang"},{"frame":[{"displayIndex":-1,"tweenEasing":null,"duration":90}],"name":"002_waifaguang"},{"frame":[{"displayIndex":-1,"tweenEasing":null,"duration":90}],"name":"002_xuli"},{"frame":[{"displayIndex":-1,"tweenEasing":null,"duration":90}],"name":"002_baozha"},{"frame":[{"displayIndex":-1,"tweenEasing":null,"duration":90}],"name":"003_zuhe2"}],"ffd":[],"ik":[],"frame":[],"name":"005_taozhuang_huxi","duration":90},{"playTimes":0,"bone":[{"frame":[{"tweenEasing":0,"transform":{},"duration":4},{"tweenEasing":0,"transform":{},"duration":4},{"tweenEasing":0,"transform":{},"duration":4},{"tweenEasing":0,"transform":{},"duration":4},{"tweenEasing":0,"transform":{},"duration":4},{"tweenEasing":0,"transform":{},"duration":4},{"tweenEasing":0,"transform":{},"duration":4},{"tweenEasing":0,"transform":{},"duration":5},{"tweenEasing":0,"transform":{},"duration":4},{"tweenEasing":0,"transform":{},"duration":4},{"tweenEasing":0,"transform":{},"duration":4},{"tweenEasing":0,"transform":{},"duration":4},{"tweenEasing":0,"transform":{},"duration":4},{"tweenEasing":0,"transform":{},"duration":4},{"tweenEasing":0,"transform":{},"duration":4},{"tweenEasing":0,"transform":{},"duration":4},{"tweenEasing":0,"transform":{},"duration":4},{"tweenEasing":0,"transform":{},"duration":4},{"tweenEasing":0,"transform":{},"duration":4},{"tweenEasing":0,"transform":{},"duration":4},{"tweenEasing":0,"transform":{},"duration":5},{"tweenEasing":0,"transform":{},"duration":4},{"transform":{},"duration":0}],"name":"002_xuli"},{"frame":[{"tweenEasing":0,"transform":{},"duration":45},{"tweenEasing":0,"transform":{},"duration":45},{"transform":{},"duration":0}],"name":"002_waifaguang"},{"frame":[{"tweenEasing":0,"transform":{"y":-2},"duration":45},{"tweenEasing":0,"transform":{"y":-2,"skX":180,"skY":180},"duration":45},{"transform":{"y":-2,"skX":360,"skY":360},"duration":0}],"name":"002_jihuoguang"},{"frame":[{"tweenEasing":0,"transform":{},"duration":90},{"transform":{},"duration":0}],"name":"002_nianlikong_fuji"},{"frame":[{"transform":{},"duration":90}],"name":"000_fuji"},{"frame":[{"transform":{},"duration":90}],"name":"001_dipan"},{"frame":[{"transform":{},"duration":90}],"name":"002_zuhe2"},{"frame":[{"transform":{},"duration":90}],"name":"002_nianlikong1"},{"frame":[{"transform":{},"duration":90}],"name":"002_huizhang_diguang"},{"frame":[{"transform":{},"duration":90}],"name":"002_huizhang2"},{"frame":[{"transform":{},"duration":90}],"name":"002_huizhang"},{"frame":[{"transform":{},"duration":90}],"name":"002_baozha"},{"frame":[{"transform":{},"duration":90}],"name":"002_zuhe1"},{"frame":[{"transform":{},"duration":90}],"name":"003_zuhe2"}],"slot":[{"frame":[{"tweenEasing":0,"color":{"rM":0,"bM":81},"duration":4},{"displayIndex":1,"tweenEasing":0,"color":{"rM":0,"bM":81},"duration":4},{"displayIndex":2,"tweenEasing":0,"color":{"rM":0,"bM":81},"duration":4},{"displayIndex":3,"tweenEasing":0,"color":{"rM":0,"bM":81},"duration":4},{"displayIndex":4,"tweenEasing":0,"color":{"rM":0,"bM":81},"duration":4},{"displayIndex":5,"tweenEasing":0,"color":{"rM":0,"bM":81},"duration":4},{"displayIndex":6,"tweenEasing":0,"color":{"rM":0,"bM":81},"duration":4},{"displayIndex":7,"tweenEasing":0,"color":{"rM":0,"bM":81},"duration":5},{"tweenEasing":0,"color":{"rM":0,"bM":81},"duration":4},{"displayIndex":1,"tweenEasing":0,"color":{"rM":0,"bM":81},"duration":4},{"displayIndex":2,"tweenEasing":0,"color":{"rM":0,"bM":81},"duration":4},{"displayIndex":3,"tweenEasing":0,"color":{"rM":0,"bM":81},"duration":4},{"displayIndex":4,"tweenEasing":0,"color":{"rM":0,"bM":81},"duration":4},{"displayIndex":5,"tweenEasing":0,"color":{"rM":0,"bM":81},"duration":4},{"displayIndex":6,"tweenEasing":0,"color":{"rM":0,"bM":81},"duration":4},{"displayIndex":7,"tweenEasing":0,"color":{"rM":0,"bM":81},"duration":4},{"tweenEasing":0,"color":{"rM":0,"bM":81},"duration":4},{"displayIndex":1,"tweenEasing":0,"color":{"rM":0,"bM":81},"duration":4},{"displayIndex":2,"tweenEasing":0,"color":{"rM":0,"bM":81},"duration":4},{"displayIndex":3,"tweenEasing":0,"color":{"rM":0,"bM":81},"duration":4},{"displayIndex":4,"tweenEasing":0,"color":{"rM":0,"bM":81},"duration":5},{"displayIndex":5,"tweenEasing":0,"color":{"rM":0,"bM":81},"duration":4},{"displayIndex":6,"tweenEasing":null,"color":{"rM":0,"bM":81},"duration":0}],"name":"002_xuli"},{"frame":[{"tweenEasing":0,"duration":45},{"tweenEasing":0,"color":{"aM":57},"duration":45},{"tweenEasing":null,"duration":0}],"name":"002_waifaguang"},{"frame":[{"tweenEasing":0,"color":{"rM":0,"bM":77},"duration":45},{"tweenEasing":0,"color":{"rM":0,"bM":77},"duration":45},{"tweenEasing":null,"color":{"rM":0,"bM":77},"duration":0}],"name":"002_jihuoguang"},{"frame":[{"displayIndex":-1,"tweenEasing":0,"duration":90},{"displayIndex":-1,"tweenEasing":null,"duration":0}],"name":"002_nianlikong_fuji"},{"frame":[{"displayIndex":-1,"tweenEasing":null,"duration":90}],"name":"000_fuji"},{"frame":[{"displayIndex":-1,"tweenEasing":null,"duration":90}],"name":"001_dipan"},{"frame":[{"displayIndex":-1,"tweenEasing":null,"duration":90}],"name":"002_zuhe2"},{"frame":[{"displayIndex":-1,"tweenEasing":null,"duration":90}],"name":"002_nianlikong1"},{"frame":[{"displayIndex":-1,"tweenEasing":null,"duration":90}],"name":"002_huizhang_diguang"},{"frame":[{"displayIndex":-1,"tweenEasing":null,"duration":90}],"name":"002_huizhang2"},{"frame":[{"displayIndex":-1,"tweenEasing":null,"duration":90}],"name":"002_huizhang"},{"frame":[{"displayIndex":-1,"tweenEasing":null,"duration":90}],"name":"002_baozha"},{"frame":[{"displayIndex":-1,"tweenEasing":null,"duration":90}],"name":"002_zuhe1"},{"frame":[{"displayIndex":-1,"tweenEasing":null,"duration":90}],"name":"003_zuhe2"}],"ffd":[],"ik":[],"frame":[],"name":"006_kejihuo","duration":90}],"defaultActions":[{"gotoAndPlay":"000_daiji"}],"aabb":{"width":171,"y":-81,"height":162,"x":-85.5},"ik":[],"name":"armatureName","skin":[{"slot":[{"display":[{"path":"huizhang01","type":"image","name":"huizhang01","transform":{}}],"name":"002_huizhang2"},{"display":[{"path":"zuhe2","type":"image","name":"zuhe2","transform":{}}],"name":"003_zuhe2"},{"display":[{"path":"sj_baozha_bai1_eff/sj_baozha_baise_eff_01","type":"image","name":"sj_baozha_bai1_eff/sj_baozha_baise_eff_01","transform":{}},{"path":"sj_baozha_bai1_eff/sj_baozha_baise_eff_02","type":"image","name":"sj_baozha_bai1_eff/sj_baozha_baise_eff_02","transform":{}},{"path":"sj_baozha_bai1_eff/sj_baozha_baise_eff_03","type":"image","name":"sj_baozha_bai1_eff/sj_baozha_baise_eff_03","transform":{}},{"path":"sj_baozha_bai1_eff/sj_baozha_baise_eff_04","type":"image","name":"sj_baozha_bai1_eff/sj_baozha_baise_eff_04","transform":{}},{"path":"sj_baozha_bai1_eff/sj_baozha_baise_eff_05","type":"image","name":"sj_baozha_bai1_eff/sj_baozha_baise_eff_05","transform":{}},{"path":"sj_baozha_bai1_eff/sj_baozha_baise_eff_06","type":"image","name":"sj_baozha_bai1_eff/sj_baozha_baise_eff_06","transform":{}},{"path":"sj_baozha_bai1_eff/sj_baozha_baise_eff_07","type":"image","name":"sj_baozha_bai1_eff/sj_baozha_baise_eff_07","transform":{}}],"name":"002_baozha"},{"display":[{"path":"guangzhao_000/hudun1_00001","type":"image","name":"guangzhao_000/hudun1_00001","transform":{}},{"path":"guangzhao_000/hudun1_00002","type":"image","name":"guangzhao_000/hudun1_00002","transform":{}},{"path":"guangzhao_000/hudun1_00003","type":"image","name":"guangzhao_000/hudun1_00003","transform":{}},{"path":"guangzhao_000/hudun1_00004","type":"image","name":"guangzhao_000/hudun1_00004","transform":{}},{"path":"guangzhao_000/hudun1_00005","type":"image","name":"guangzhao_000/hudun1_00005","transform":{}}],"name":"002_zuhe2"},{"display":[{"path":"kuang02","type":"image","name":"kuang02","transform":{}}],"name":"002_waifaguang"},{"display":[{"path":"kuang01","type":"image","name":"kuang01","transform":{}}],"name":"002_nianlikong1"},{"display":[{"path":"huizhang01","type":"image","name":"huizhang01","transform":{}}],"name":"002_huizhang"},{"display":[{"path":"Compa","type":"image","name":"Compa","transform":{}}],"name":"002_huizhang_diguang"},{"display":[{"path":"guangzhao_001/baise","type":"image","name":"guangzhao_001/baise","transform":{}}],"name":"002_zuhe1"},{"display":[{"path":"kuang01","type":"image","name":"kuang01","transform":{}}],"name":"002_nianlikong_fuji"},{"display":[{"path":"fazhen_chanrao/cdt (1)","type":"image","name":"fazhen_chanrao/cdt (1)","transform":{}},{"path":"fazhen_chanrao/cdt (3)","type":"image","name":"fazhen_chanrao/cdt (3)","transform":{}},{"path":"fazhen_chanrao/cdt (5)","type":"image","name":"fazhen_chanrao/cdt (5)","transform":{}},{"path":"fazhen_chanrao/cdt (7)","type":"image","name":"fazhen_chanrao/cdt (7)","transform":{}},{"path":"fazhen_chanrao/cdt (9)","type":"image","name":"fazhen_chanrao/cdt (9)","transform":{}},{"path":"fazhen_chanrao/cdt (11)","type":"image","name":"fazhen_chanrao/cdt (11)","transform":{}},{"path":"fazhen_chanrao/cdt (13)","type":"image","name":"fazhen_chanrao/cdt (13)","transform":{}},{"path":"fazhen_chanrao/cdt (15)","type":"image","name":"fazhen_chanrao/cdt (15)","transform":{}}],"name":"002_xuli"},{"display":[{"path":"001","type":"image","name":"001","transform":{}}],"name":"001_dipan"},{"display":[{"path":"chuansongmen_004_guangxiao","type":"image","name":"chuansongmen_004_guangxiao","transform":{"y":-0.497,"x":-0.1633}}],"name":"002_jihuoguang"}],"name":""}],"slot":[{"displayIndex":-1,"name":"000_fuji","parent":"000_fuji","color":{}},{"z":1,"name":"001_dipan","parent":"001_dipan","color":{}},{"z":2,"name":"002_zuhe2","parent":"002_zuhe2","color":{}},{"z":3,"name":"002_nianlikong_fuji","parent":"002_nianlikong_fuji","color":{}},{"z":4,"name":"002_nianlikong1","parent":"002_nianlikong1","color":{}},{"z":5,"name":"002_huizhang_diguang","parent":"002_huizhang_diguang","color":{}},{"z":6,"name":"002_huizhang2","parent":"002_huizhang2","color":{}},{"z":7,"name":"002_huizhang","parent":"002_huizhang","color":{}},{"z":8,"name":"002_jihuoguang","parent":"002_jihuoguang","color":{}},{"z":9,"name":"002_waifaguang","parent":"002_waifaguang","color":{}},{"z":10,"name":"002_xuli","parent":"002_xuli","color":{}},{"z":11,"name":"002_baozha","parent":"002_baozha","color":{}},{"z":12,"name":"002_zuhe1","parent":"002_zuhe1","color":{}},{"z":13,"name":"003_zuhe2","parent":"003_zuhe2","color":{}}]}],"name":"nianli_eff","version":"4.0"}