{"frameRate":30,"name":"viprole","version":"5.5","compatibleVersion":"5.5","armature":[{"type":"Armature","frameRate":30,"name":"armatureName","aabb":{"x":-97.28,"y":-434.86,"width":263.97,"height":519.19},"bone":[{"name":"root"},{"name":"hip","parent":"root","transform":{"x":-1.01,"y":-122.28}},{"length":32,"name":"foot_r","parent":"root","transform":{"x":-42.13,"y":-82.41,"skX":86.69,"skY":86.69}},{"name":"foot_r2","parent":"root","transform":{"x":-40.65,"y":-49.58}},{"name":"leg_l3","parent":"root","transform":{"x":16.58,"y":-76.55}},{"name":"foot_l2","parent":"root","transform":{"x":2.66,"y":-10.86}},{"name":"dress","parent":"hip","transform":{"x":4.36,"y":-29.28}},{"length":168,"name":"leg_l2","parent":"hip","transform":{"x":29.9,"y":3.73,"skX":47.39,"skY":47.39}},{"length":175,"name":"leg_r","parent":"hip","transform":{"x":-29.9,"y":-9.34,"skX":124.3,"skY":124.3}},{"length":41,"name":"dressback2","parent":"hip","transform":{"x":-4.16,"y":8.51,"skX":99.88,"skY":99.88}},{"length":61,"name":"waist","parent":"hip","transform":{"x":18.68,"y":-13.08,"skX":-68.5,"skY":-68.5}},{"inheritScale":false,"length":69,"name":"body","parent":"waist","transform":{"x":62.7,"y":-0.59,"skX":-10.61,"skY":-10.61}},{"length":150,"name":"leg_l","parent":"leg_l2","transform":{"x":164.55,"y":1.49,"skX":165.52,"skY":165.52}},{"length":37,"name":"dressback3","parent":"leg_l2","transform":{"x":-3.69,"y":9.34,"skX":15.62,"skY":15.62}},{"length":50,"name":"dress2","parent":"leg_r","transform":{"x":-5.82,"y":21.31,"skX":16.24,"skY":16.24}},{"length":65,"name":"dress3","parent":"leg_l2","transform":{"x":6.36,"y":-27.16,"skX":-8.36,"skY":-8.36}},{"length":42,"name":"dressback","parent":"leg_r","transform":{"x":14.06,"y":1.96,"skX":-3.26,"skY":-3.26}},{"length":42,"name":"dress4","parent":"dress","transform":{"x":11.83,"y":34.26,"skX":81.62,"skY":81.62}},{"length":46,"name":"dress5","parent":"dress","transform":{"x":-16.19,"y":22.42,"skX":94.63,"skY":94.63}},{"length":121,"name":"arm_l","parent":"body","transform":{"x":66.91,"y":54.38,"skX":-178.12,"skY":-178.12}},{"name":"tie","parent":"body","transform":{"x":59.2,"y":7.65}},{"length":40,"name":"bone2","parent":"body","transform":{"x":69.15,"y":0.03,"skX":-4.63,"skY":-4.63}},{"length":52,"name":"foot_l","parent":"leg_l","transform":{"x":146.72,"y":0.8,"skX":-94.51,"skY":-94.51}},{"length":120,"name":"arm_r1","parent":"body","transform":{"x":68.36,"y":-40.41,"skX":-157.95,"skY":-157.95}},{"length":108,"name":"arm_r2","parent":"arm_r1","transform":{"x":117.13,"y":2.08,"skX":164.31,"skY":164.31}},{"length":108,"name":"head","parent":"bone2","transform":{"x":25.98,"y":0.37,"skX":-15.95,"skY":-15.95}},{"length":22,"name":"bone","parent":"foot_l","transform":{"x":52.41,"skX":-58.26,"skY":-58.26}},{"length":34,"name":"tie1","parent":"tie","transform":{"x":-6.11,"y":1.17,"skX":165.96,"skY":165.96}},{"length":104,"name":"bone5","parent":"arm_l","transform":{"x":121.36,"skX":-2.78,"skY":-2.78}},{"name":"eyes_c1","parent":"head","transform":{"x":37.86,"y":0.6}},{"length":45,"name":"bone6","parent":"arm_r2","transform":{"x":108.96,"y":0.13,"skX":38.01,"skY":38.01}},{"length":51,"name":"arm_l3","parent":"bone5","transform":{"x":121.91,"y":-8.15,"skX":-40.14,"skY":-40.14}},{"length":31,"name":"h4","parent":"head","transform":{"x":120.02,"y":22.3,"skX":-157,"skY":-157}},{"length":28,"name":"h2","parent":"head","transform":{"x":121.5,"y":13.62,"skX":-104.29,"skY":-104.29}},{"length":29,"name":"bone3","parent":"tie1","transform":{"x":34.31,"y":0.03,"skX":1.95,"skY":1.95}},{"length":58,"name":"ear_r","parent":"head","transform":{"x":100.2,"y":-39.85,"skX":-42.94,"skY":-42.94}},{"length":34,"name":"h6","parent":"head","transform":{"x":122.46,"y":18.78,"skX":-50.05,"skY":-50.05}},{"length":36,"name":"h5","parent":"head","transform":{"x":121.45,"y":35.42,"skX":159.19,"skY":159.19}},{"length":41,"name":"h3","parent":"head","transform":{"x":119.35,"y":27.71,"skX":143.93,"skY":143.93}},{"length":52,"name":"ear_l","parent":"head","transform":{"x":98.51,"y":39.8,"skX":50.96,"skY":50.96}},{"length":32,"name":"arm_l2","parent":"bone5","transform":{"x":122.08,"y":10.78,"skX":18.63,"skY":18.63}},{"name":"eyes_c","parent":"head","transform":{"x":40.54,"y":-20.63}},{"name":"mouth","parent":"head","transform":{"x":9.33,"y":0.65}},{"length":50,"name":"h1","parent":"head","transform":{"x":119.72,"y":-26.61,"skX":-153.12,"skY":-153.12}},{"length":35,"name":"bone12","parent":"h1","transform":{"x":59.04,"y":-2.79,"skX":-33.33,"skY":-33.33}},{"length":33,"name":"bone14","parent":"h3","transform":{"x":51.37,"y":6.39,"skX":35.02,"skY":35.02}},{"length":31,"name":"bone4","parent":"bone3","transform":{"x":29.28,"skX":-3.25,"skY":-3.25}},{"length":22,"name":"bone17","parent":"h5","transform":{"x":43.22,"y":1.15,"skX":12.78,"skY":12.78}},{"length":23,"name":"bone7","parent":"h4","transform":{"x":31.91,"y":-0.08,"skX":-10.11,"skY":-10.11}},{"length":26,"name":"bone9","parent":"h2","transform":{"x":34.5,"y":-3.62,"skX":-37.89,"skY":-37.89}},{"length":27,"name":"bone13","parent":"bone12","transform":{"x":45.33,"y":-1.95,"skX":-15.77,"skY":-15.77}},{"length":25,"name":"bone15","parent":"bone14","transform":{"x":42.44,"y":2.8,"skX":22.81,"skY":22.81}},{"length":16,"name":"bone18","parent":"bone17","transform":{"x":28.18,"y":0.33,"skX":13.19,"skY":13.19}},{"length":18,"name":"bone8","parent":"bone7","transform":{"x":23.34,"skX":-6.43,"skY":-6.43}},{"length":24,"name":"bone10","parent":"bone9","transform":{"x":29.52,"y":-0.79,"skX":-23.34,"skY":-23.34}},{"length":22,"name":"bone19","parent":"bone18","transform":{"x":19.36,"y":1.55,"skX":30.23,"skY":30.23}},{"length":27,"name":"bone16","parent":"bone15","transform":{"x":32.4,"y":2.9,"skX":1.37,"skY":1.37}},{"length":25,"name":"bone11","parent":"bone10","transform":{"x":28.56,"y":-0.29,"skX":-20.01,"skY":-20.01}}],"slot":[{"name":"foot_r","parent":"foot_r"},{"name":"foot_l","parent":"foot_l"},{"name":"dressback","parent":"dressback3"},{"name":"leg_l","parent":"leg_l"},{"name":"hip","parent":"hip"},{"name":"leg_l2","parent":"leg_l2"},{"name":"leg_r","parent":"leg_r"},{"name":"dress","parent":"dress5"},{"name":"h1","parent":"h1"},{"name":"arm_l","parent":"arm_l3"},{"name":"waist","parent":"waist"},{"name":"body","parent":"body"},{"name":"arm_r1","parent":"arm_r1"},{"name":"head","parent":"head"},{"displayIndex":-1,"name":"mouth","parent":"mouth"},{"displayIndex":-1,"name":"eyes_c","parent":"eyes_c"},{"displayIndex":-1,"name":"eyes_c1","parent":"eyes_c1"},{"name":"tie","parent":"tie1"},{"name":"arm_r2","parent":"arm_r2"},{"name":"ear_r","parent":"ear_r"},{"name":"ear_l","parent":"ear_l"},{"name":"h2","parent":"h2"},{"name":"h3","parent":"h3"},{"name":"h4","parent":"h4"},{"name":"h5","parent":"h5"},{"name":"h6","parent":"h6"}],"ik":[{"bendPositive":false,"name":"foot_r","bone":"foot_r","target":"foot_r2"},{"chain":1,"name":"leg_l","bone":"leg_l","target":"leg_l3"},{"bendPositive":false,"chain":1,"name":"foot_l","bone":"bone","target":"foot_l2"}],"skin":[{"slot":[{"name":"h4","display":[{"type":"mesh","name":"h4","width":44,"height":82,"vertices":[56.11,-411.87,34.07,-391.96,27.97,-370.83,27.98,-351.21,45.56,-329.9,66.08,-329.89,69.1,-350,71.96,-370.83,71.95,-393.19,66.07,-411.88],"uvs":[0.63973,0,0.13868,0.24281,0,0.50061,0,0.74,0.3995,1,0.86623,1,0.93487,0.75473,0.99999,0.50061,0.99999,0.22808,0.86623,0],"triangles":[2,6,7,1,2,7,9,0,8,1,7,8,0,1,8,4,5,6,3,4,6,2,3,6],"weights":[1,32,1,2,32,0.77372,48,0.22626,3,32,0.11342,48,0.83979,53,0.04678,2,48,0.52077,53,0.47922,1,53,1,1,53,1,2,48,0.28075,53,0.71924,3,32,0.27906,48,0.65056,53,0.07035,2,32,0.96852,48,0.03147,1,32,1],"slotPose":[1,0,0,1,0,0],"bonePose":[32,-0.23022,0.973139,-0.973139,-0.23022,58.175297,-409.658355,48,-0.055822,0.998441,-0.998441,-0.055822,50.906841,-378.587081,53,0.056344,0.998411,-0.998411,0.056344,49.603967,-355.283474],"edges":[2,3,3,4,4,5,5,6,6,7,7,8,8,9,9,0,0,1,1,2],"userEdges":[]}]},{"name":"eyes_c1","display":[{"name":"eyes_c1","transform":{"x":-15.97,"y":-2.38,"skX":99.72,"skY":99.72}}]},{"name":"h1","display":[{"type":"mesh","name":"h1","width":75,"height":143,"vertices":[0.2,-407.89,24.35,-407.92,3.56,-355.45,16.27,-312.27,37.99,-291.15,38,-279.37,18.41,-264.93,11.47,-264.92,-32.94,-299.57,-32.97,-352.4,-18.81,-393.18],"uvs":[0.49704,0,0.81917,0,0.54133,0.3668,0.71045,0.6688,1,0.81663,1,0.89899,0.73864,1,0.64603,1,0.05411,0.7575,0.05411,0.38792,0.24336,0.10281],"triangles":[0,2,1,7,6,4,3,7,4,4,6,5,0,10,2,8,7,3,2,9,3,9,8,3,10,9,2],"weights":[2,43,0.99985,44,0.00014,1,43,1,2,43,0.93519,44,0.0648,2,44,0.55087,50,0.44912,1,50,0.99999,1,50,0.99999,1,50,1,1,50,1,2,44,0.8616,50,0.13839,2,43,0.59999,44,0.4,1,43,1],"slotPose":[1,0,0,1,0,0],"bonePose":[43,-0.295541,0.95533,-0.95533,-0.295541,10.013598,-401.130234,44,0.277985,0.960585,-0.960585,0.277985,-4.769791,-343.902993,50,0.528587,0.848879,-0.848879,0.528587,9.704426,-300.901732],"edges":[8,7,7,6,6,5,5,4,4,3,3,2,2,1,1,0,0,10,10,9,9,8],"userEdges":[]}]},{"name":"leg_l","display":[{"name":"leg_l","transform":{"x":73.74,"y":-4.26,"skX":146.81,"skY":146.81}}]},{"name":"body","display":[{"type":"mesh","name":"body","width":110,"height":137,"vertices":[70.5,-302.11,37.57,-302.89,29.64,-280.16,4.64,-279.24,-5.06,-260.64,-1.77,-224.04,-3.29,-192.33,7.38,-175.86,24.46,-165.9,58.91,-167.63,78.74,-165.9,96.13,-173.11,104.94,-183.47,103.14,-216.11,104.93,-242.34,104.93,-263.38,79.66,-275.58,30.87,-229.53,60.75,-216.4,78.14,-230.13,29.04,-185.32,88.19,-185.9,44.91,-262.16,71.74,-259.72],"uvs":[0.68702,0.00561,0.38757,0,0.31548,0.1659,0.08811,0.17258,0,0.30838,0.02989,0.57554,0.01602,0.80707,0.11307,0.92729,0.26834,1,0.58166,0.9874,0.76188,1,0.91993,0.94732,1,0.87163,0.9837,0.63342,1,0.44196,1,0.28835,0.7702,0.1993,0.3266,0.53547,0.59831,0.63125,0.75638,0.53109,0.30989,0.85828,0.8478,0.85391,0.4542,0.29728,0.6982,0.31513],"triangles":[16,23,15,19,13,14,15,23,14,23,19,14,13,21,12,21,11,12,19,18,21,19,21,13,21,10,11,9,10,21,18,9,21,23,22,19,22,18,19,22,23,16,0,22,16,20,9,18,1,2,22,22,17,18,1,22,0,17,20,18,20,8,9,4,17,22,2,4,22,3,4,2,5,6,20,5,20,17,7,8,20,4,5,17,6,7,20],"weights":[2,11,0.00017,21,0.99982,1,21,1,2,11,0.30149,21,0.6985,2,11,0.68039,21,0.31959,2,11,0.80068,21,0.19931,2,11,0.98402,21,0.01596,1,11,1,1,11,1,1,11,1,1,11,1,1,11,1,1,11,1,2,11,0.9994,21,0.00059,2,11,0.953,21,0.04699,2,11,0.78115,21,0.21884,2,11,0.62475,21,0.37523,2,11,0.25086,21,0.74913,2,11,0.99502,21,0.00497,2,11,0.99476,21,0.00523,2,11,0.90693,21,0.09306,1,11,1,2,11,0.999,21,0.00099,2,11,0.54944,21,0.45055,2,11,0.59236,21,0.40763],"slotPose":[1,0,0,1,0,0],"bonePose":[11,0.188924,-0.981992,0.981992,0.188924,40.100681,-193.913417,21,0.10904,-0.994037,0.994037,0.10904,53.194239,-261.812476],"edges":[4,5,5,6,6,7,7,8,8,9,9,10,10,11,11,12,12,13,13,14,14,15,15,16,16,0,0,1,1,2,2,3,3,4],"userEdges":[]}]},{"name":"ear_l","display":[{"name":"ear_l","transform":{"x":21.8,"y":1.4,"skX":48.66,"skY":48.66}}]},{"name":"eyes_c","display":[{"name":"eyes_c","transform":{"x":-0.07,"y":-0.79,"skX":99.72,"skY":99.72}}]},{"name":"arm_l","display":[{"type":"mesh","name":"arm_l","width":102,"height":309,"vertices":[98.68,-262.76,115,-258.74,124.56,-244.23,122.28,-219.02,97.53,-124.34,74.18,-28.72,82.95,-10.01,115.06,15.84,109.83,33.56,83.17,46.14,67.75,46.07,49.72,9.92,35.16,23.86,21.29,18.66,21.35,7.45,33.44,-2.77,36.82,-25.16,42.92,-33.54,61.16,-132.92,91.68,-262.79],"uvs":[0.74532,0,0.90556,0.01274,1,0.05959,0.97882,0.14121,0.74074,0.448,0.5164,0.75783,0.60339,0.81828,0.9193,0.9014,0.86894,0.95883,0.60797,1,0.45688,1,0.27832,0.88327,0.13639,0.92861,0,0.91198,0,0.87571,0.11807,0.84246,0.15012,0.76992,0.20964,0.74271,0.38362,0.4208,0.67664,0],"triangles":[18,4,3,0,19,3,0,3,2,1,0,2,19,18,3,18,17,5,18,5,4,6,8,7,6,9,8,11,10,9,11,9,6,5,11,6,16,15,11,16,11,5,17,16,5,15,12,11,15,14,12,14,13,12],"weights":[1,19,1,1,19,1,1,19,1,1,19,1,2,28,0.60112,19,0.39887,1,28,1,2,31,0.95235,28,0.04764,1,31,1,1,31,1,1,31,1,2,40,0.00156,31,0.99843,2,40,0.65659,31,0.3434,2,40,0.99526,31,0.00473,1,40,1,2,40,0.99998,31,0.00001,1,40,1,2,40,0.74594,28,0.25404,1,28,1,2,28,0.58191,19,0.41808,1,19,1],"slotPose":[1,0,0,1,0,0],"bonePose":[19,-0.221038,0.975265,-0.975265,-0.221038,106.142298,-249.344792,28,-0.173476,0.984838,-0.984838,-0.173476,79.317141,-130.986604,31,0.502266,0.864713,-0.864713,0.502266,66.195076,-9.511166,40,-0.478998,0.877816,-0.877816,-0.478998,47.522601,-12.62765],"edges":[13,12,12,11,11,10,10,9,9,8,8,7,7,6,6,5,5,4,4,3,3,2,2,1,1,0,0,19,19,18,18,17,17,16,16,15,15,14,14,13],"userEdges":[]}]},{"name":"foot_r","display":[{"name":"foot_r","transform":{"x":16.03,"y":-0.14,"skX":-86.69,"skY":-86.69}}]},{"name":"tie","display":[{"type":"mesh","name":"tie","width":43,"height":109,"vertices":[65.56,-257.89,47.84,-257.88,53.15,-243.19,46.12,-212.89,40.92,-190.41,40.91,-183.32,62.94,-148.91,68.65,-148.91,83.9,-176.8,83.9,-182.9,74.94,-213.77,65.94,-244.76],"uvs":[0.57241,0,0.16008,0,0.28378,0.13493,0.12085,0.41302,0,0.6193,0,0.68436,0.51285,1,0.64571,1,1,0.744,1,0.68797,0.79117,0.40475,0.58157,0.12047],"triangles":[6,7,8,5,6,8,10,4,9,5,8,9,4,5,9,11,2,10,2,3,10,3,4,10,1,2,0,0,2,11],"weights":[1,20,1,1,20,1,2,20,0.14706,27,0.85293,2,27,0.5825,34,0.41749,3,27,0.00063,34,0.89542,46,0.10393,2,34,0.76165,46,0.23834,1,46,1,1,46,1,2,34,0.36392,46,0.63607,2,34,0.52611,46,0.47388,2,27,0.60092,34,0.39906,2,20,0.16819,27,0.8318],"slotPose":[1,0,0,1,0,0],"bonePose":[20,0.188924,-0.981992,0.981992,0.188924,58.797221,-250.602057,27,0.05495,0.998489,-0.998489,0.05495,58.791825,-244.381046,34,0.020942,0.999781,-0.999781,0.020942,60.647211,-210.121237,46,0.077589,0.996985,-0.996985,0.077589,61.260406,-180.847659],"edges":[4,5,5,6,6,7,7,8,8,9,9,10,10,11,11,0,0,1,1,2,2,3,3,4],"userEdges":[5,9]}]},{"name":"leg_r","display":[{"type":"mesh","name":"leg_r","width":127,"height":153,"vertices":[184.38,8.38,184.52,-6.24,167.27,-31.28,135.21,-32.39,101.25,-35.24,70.16,-37.84,32.27,-41.02,14.76,-28.95,4.09,1.57,30.68,40.15,80.04,38.2,120.03,36.62,148.8,26.46,167.95,19.7,131.95,0.59,66.77,6.69],"uvs":[0,0.94501,0.09424,0.99999,0.33363,1,0.48409,0.83159,0.65429,0.65939,0.81011,0.50175,1,0.30965,1,0.17066,0.84974,0,0.48074,0,0.27283,0.27287,0.10441,0.49392,0.04172,0.68644,0,0.81457,0.28473,0.6917,0.53644,0.31832],"triangles":[8,15,7,7,15,6,15,5,6,9,15,8,15,4,5,15,14,4,14,3,4,11,14,15,10,11,15,9,10,15,14,2,3,13,1,14,14,1,2,12,13,14,11,12,14,13,0,1],"edges":[0,1,1,2,2,3,3,4,4,5,5,6,6,7,7,8,8,9,9,10,10,11,11,12,12,13,13,0],"userEdges":[]}]},{"name":"hip","display":[{"name":"hip","transform":{"x":-2.54,"y":1.37}}]},{"name":"h2","display":[{"type":"mesh","name":"h2","width":102,"height":114,"vertices":[58.13,-412.65,40.62,-421.77,6.14,-408.9,-10.54,-386.31,-19.39,-360.38,-44.14,-335.42,-44.16,-330.28,-17.38,-333.2,5.76,-307.92,25.08,-307.84,26.46,-347.84,39.24,-374.97,52.91,-396.06],"uvs":[1,0.07958,0.82788,0,0.49035,0.11402,0.32751,0.3127,0.24165,0.54053,0,0.76041,0,0.80544,0.26237,0.77895,0.49035,1,0.67984,1,0.69168,0.64914,0.81604,0.41072,0.94927,0.22528],"triangles":[1,12,0,1,2,12,2,11,12,2,3,11,3,10,11,3,4,10,8,9,10,7,8,10,4,7,10,4,5,7,5,6,7],"weights":[1,33,1,2,33,0.99996,49,0.00003,2,33,0.49116,49,0.50883,3,33,0.00199,49,0.87652,54,0.12147,3,49,0.07447,54,0.83431,57,0.09119,2,54,0.70048,57,0.29951,2,54,0.70046,57,0.29953,2,54,0.5297,57,0.47029,1,57,1,1,57,0.99999,3,49,0.11202,54,0.72881,57,0.15915,3,33,0.21915,49,0.68921,54,0.09163,2,33,0.95206,49,0.04793],"slotPose":[1,0,0,1,0,0],"bonePose":[33,-0.913687,0.406418,-0.406418,-0.913687,49.370026,-409.656245,49,-0.471474,0.88188,-0.88188,-0.471474,19.319044,-392.327285,54,-0.083504,0.996507,-0.996507,-0.083504,6.097826,-365.92172,57,0.262526,0.964925,-0.964925,0.262526,4.001941,-337.437251],"edges":[5,6,6,7,7,8,8,9,9,10,10,11,11,12,12,0,0,1,1,2,2,3,3,4,4,5],"userEdges":[]}]},{"name":"mouth","display":[{"name":"mouth","transform":{"x":-2.08,"y":0.12,"skX":99.72,"skY":99.72}}]},{"name":"dress","display":[{"type":"mesh","name":"dress","width":216,"height":125,"vertices":[33.89,-172.65,4.23,-192.9,-12.9,-192.9,-59.58,-163.46,-104.06,-110.72,-84.15,-106.69,-56.92,-105,-40.79,-89.55,-23.33,-71.75,-1.39,-67.92,21.7,-67.91,46.23,-81.17,72.25,-80.76,92.87,-79.3,108.85,-79.15,109.8,-90.19,67.79,-146.59,-16.99,-166.49,-12.32,-140.5,12.79,-126.41,41.36,-128.09,-31.31,-156.1],"uvs":[0.6331,0.16093,0.50133,0,0.422,0,0.20578,0.23555,0,0.65757,0.09222,0.68983,0.21822,0.70327,0.29289,0.82691,0.37372,0.96938,0.47532,1,0.58222,1,0.70003,0.89066,0.828,0.87261,0.926,0.86455,1,0.85379,1,0.76509,0.78444,0.34576,0.40308,0.21117,0.42469,0.4192,0.54092,0.5321,0.67083,0.51328,0.33677,0.29435],"triangles":[12,13,15,16,12,15,13,14,15,16,20,12,20,11,12,0,20,16,0,19,20,20,19,11,19,10,11,19,9,10,1,17,0,18,19,0,17,18,0,8,9,19,2,17,1,6,7,18,3,21,17,3,17,2,21,6,18,17,21,18,3,6,21,3,5,6,4,5,3,7,18,8,18,8,19],"weights":[4,14,0.00304,17,0.00448,15,0.25731,6,0.73516,1,6,1,1,6,1,2,14,0.97017,6,0.02982,1,14,1,2,14,0.99301,18,0.00698,2,14,0.56771,18,0.43228,2,14,0.1186,18,0.88139,3,14,0.00065,18,0.99842,17,0.00091,3,18,0.54644,17,0.45326,15,0.00029,2,18,0.00816,17,0.99183,3,18,0.00056,17,0.72095,15,0.27846,3,18,0.00026,17,0.19637,15,0.80335,3,18,0.00003,17,0.01962,15,0.98033,1,15,0.99999,1,15,1,2,15,0.95094,6,0.04905,3,14,0.29384,18,0.04448,6,0.66166,3,14,0.14706,18,0.45165,6,0.40128,4,18,0.25781,17,0.62783,15,0.01123,6,0.10312,3,17,0.31671,15,0.61829,6,0.06499,3,14,0.50373,18,0.09771,6,0.39855],"slotPose":[1,0,0,1,0,0],"bonePose":[14,-0.772068,0.635539,-0.635539,-0.772068,-45.234433,-148.436632,17,0.145738,0.989323,-0.989323,0.145738,15.18,-117.3,15,0.776816,0.629727,-0.629727,0.776816,53.184936,-132.256614,6,1,0,0,1,3.35,-151.56,18,-0.080721,0.996737,-0.996737,-0.080721,-12.84,-129.14],"edges":[4,5,5,6,6,7,7,8,8,9,9,10,10,11,11,12,12,13,13,14,14,15,15,16,16,0,0,1,1,2,2,3,3,4],"userEdges":[18,8,19,10]}]},{"name":"h5","display":[{"type":"mesh","name":"h5","width":77,"height":108,"vertices":[59.25,-417.05,79.93,-416.94,95.81,-403.14,108.31,-383.12,117.46,-368.38,135.88,-350.63,135.86,-347.69,117.92,-337.5,105.19,-315.31,82.91,-308.94,69.46,-309.02,69.22,-339.68,66.3,-381.25,59.21,-408.8],"uvs":[0,0,0.26873,0,0.476,0.12699,0.63964,0.31171,0.75964,0.44782,1,0.61115,1,0.63838,0.76782,0.73365,0.60418,0.93977,0.31509,1,0.14054,1,0.13509,0.71615,0.09418,0.33115,0,0.07643],"triangles":[7,6,5,4,7,5,3,11,4,4,11,7,11,8,7,12,11,3,11,9,8,2,12,3,1,12,2,13,12,1,11,10,9,0,13,1],"weights":[1,37,1,1,37,0.99999,2,37,0.99919,47,0.0008,3,37,0.33612,47,0.62868,52,0.03519,3,37,0.00411,47,0.6085,52,0.38738,2,47,0.18816,52,0.81183,2,47,0.18591,52,0.81408,3,47,0.0655,52,0.92028,55,0.0142,2,52,0.01579,55,0.98419,2,47,0.00061,55,0.99938,2,47,0.00585,55,0.99414,3,47,0.3903,52,0.08034,55,0.52935,3,37,0.76717,47,0.23105,55,0.00176,1,37,1],"slotPose":[1,0,0,1,0,0],"bonePose":[37,0.507538,0.861629,-0.861629,0.507538,70.867418,-413.276276,47,0.304366,0.952555,-0.952555,0.304366,91.812353,-375.452995,52,0.078981,0.996876,-0.996876,0.078981,100.075032,-348.509546,55,-0.433659,0.901077,-0.901077,-0.433659,100.058947,-329.087604],"edges":[0,13,13,12,12,11,11,10,10,9,9,8,8,7,7,6,6,5,5,4,4,3,3,2,2,1,1,0],"userEdges":[]}]},{"name":"h6","display":[{"name":"h6","transform":{"x":16.77,"y":-0.62,"skX":149.49,"skY":149.49}}]},{"name":"head","display":[{"name":"head","transform":{"x":50.9,"y":0.64,"skX":99.72,"skY":99.72}}]},{"name":"arm_r2","display":[{"type":"mesh","name":"arm_r2","width":98,"height":155,"vertices":[7.93,-313.92,19.52,-313.94,33.9,-297.91,30.84,-278.39,-3.32,-270.43,-25.2,-190.49,-48.66,-158.89,-59.02,-158.87,-63.99,-177.34,-64,-199.61,-27.11,-280.77,-10.67,-307.32],"uvs":[0.73518,0,0.85344,0,1,0.10348,0.9686,0.22941,0.62002,0.28057,0.39594,0.79612,0.1563,1,0.05048,1,0,0.88073,0,0.73709,0.37727,0.21367,0.54533,0.04248],"triangles":[0,4,3,0,3,2,1,0,2,11,4,0,10,9,5,11,10,4,10,5,4,8,6,5,9,8,5,8,7,6],"weights":[1,30,1,1,30,1,1,30,1,1,30,1,2,24,0.22772,30,0.77227,1,24,1,1,24,1,1,24,1,1,24,1,1,24,1,2,24,0.46333,30,0.53666,1,30,1],"slotPose":[1,0,0,1,0,0],"bonePose":[30,0.821746,-0.569853,0.569853,0.821746,-19.667719,-275.528001,24,0.296542,-0.95502,0.95502,0.296542,-52.103041,-171.507579],"edges":[8,7,7,6,6,5,5,4,4,3,3,2,2,1,1,0,0,11,11,10,10,9,9,8],"userEdges":[]}]},{"name":"leg_l2","display":[{"name":"leg_l2","transform":{"x":89.3,"y":8,"skX":-47.39,"skY":-47.39}}]},{"name":"waist","display":[{"type":"mesh","name":"waist","width":89,"height":83,"vertices":[49.06,-43.12,35.15,-38.56,21.05,-40.29,-0.28,-24.83,-17.01,-2.54,-18.66,11.21,-13.96,23.08,3.1,39.32,20.68,45.77,25.21,41.09,50.82,43.63,69.32,36.3,69.54,9.45,59.79,-16.07,30.61,-14.67,36.29,17.56],"uvs":[0.08649,0,0.07648,0.17603,0,0.32632,0.07314,0.63405,0.23666,0.92032,0.37348,1,0.51697,1,0.75724,0.88096,0.8974,0.71278,0.86736,0.64121,1,0.36568,1,0.12593,0.72053,0.00427,0.41352,0,0.30718,0.33304,0.66742,0.41265],"triangles":[12,15,11,11,15,10,15,9,10,9,7,8,15,7,9,4,6,15,13,15,12,15,6,7,4,5,6,14,4,15,13,14,15,3,4,14,1,14,13,0,1,13,1,2,14,2,3,14],"edges":[2,3,3,4,4,5,5,6,6,7,7,8,8,9,9,10,10,11,11,12,12,13,13,0,0,1,1,2],"userEdges":[]}]},{"name":"h3","display":[{"type":"mesh","name":"h3","width":82,"height":167,"vertices":[48.23,-420.92,71.87,-419.88,98.2,-400.52,119.49,-362.88,127.88,-312.65,121.12,-283.64,91.27,-257.84,65.89,-274.81,57.63,-294.11,78.19,-317.34,79.49,-353.97,62.96,-388.28,48.19,-411.41],"uvs":[0,0.02437,0.28847,0.03007,0.6105,0.14545,0.8716,0.37053,0.97604,0.6711,0.89481,0.8449,0.53216,1,0.22174,0.89903,0.1202,0.78364,0.3697,0.64404,0.3842,0.42466,0.18112,0.21953,0,0.08135],"triangles":[10,9,3,9,5,4,3,9,4,2,10,3,7,6,5,9,7,5,8,7,9,11,10,2,1,11,2,12,11,1,0,12,1],"weights":[1,38,1,1,38,1,1,38,1,3,38,0.00609,45,0.99351,51,0.00039,3,45,0.06597,51,0.93145,56,0.00256,2,51,0.66809,56,0.3319,1,56,1,1,56,1,2,51,0.00356,56,0.99643,3,45,0.03793,51,0.5718,56,0.39025,3,38,0.04053,45,0.9502,51,0.00925,2,38,0.97839,45,0.0216,1,38,1],"slotPose":[1,0,0,1,0,0],"bonePose":[38,0.716424,0.697665,-0.697665,0.716424,63.620884,-409.908511,45,0.186353,0.982483,-0.982483,0.186353,95.965489,-369.49149,51,-0.209107,0.977893,-0.977893,-0.209107,101.123339,-327.273127,56,-0.232427,0.972614,-0.972614,-0.232427,91.512397,-296.195807],"edges":[0,12,12,11,11,10,10,9,9,8,8,7,7,6,6,5,5,4,4,3,3,2,2,1,1,0],"userEdges":[]}]},{"name":"foot_l","display":[{"type":"mesh","name":"foot_l","width":51,"height":76,"vertices":[-13.91,-82.88,-28.01,-37.4,-27.95,-22.64,-12.66,-6.9,12.75,-6.99,18.27,-18.23,9.49,-36.34,22.9,-58.9,22.8,-83.02],"uvs":[0.27983,0,0,0.59773,0,0.79197,0.29881,1,0.79704,1,0.90618,0.85247,0.73535,0.61365,1,0.31752,1,0],"triangles":[0,6,7,0,7,8,0,1,6,3,4,5,6,3,5,2,3,6,1,2,6],"weights":[1,22,1,2,22,0.75501,26,0.24498,2,22,0.30908,26,0.69091,1,26,1,1,26,1,2,22,0.02708,26,0.97291,2,22,0.72639,26,0.2736,1,22,1,1,22,1],"slotPose":[1,0,0,1,0,0],"bonePose":[22,-0.475624,0.879649,-0.879649,-0.475624,16.454012,-76.823604,26,0.497882,0.867245,-0.867245,0.497882,-8.473453,-30.721222],"edges":[1,2,2,3,3,4,4,5,5,6,6,7,7,8,8,0,0,1],"userEdges":[]}]},{"name":"dressback","display":[{"type":"mesh","name":"dressback","width":150,"height":49,"vertices":[23.89,-113.77,-36.71,-108.29,-86.05,-91.2,-84.4,-71.33,-49.66,-58.07,-20.58,-60.48,13.16,-66.49,31.38,-70.48,61.93,-86.22,62,-107.9],"uvs":[0.74575,0,0.3373,0,0,0.26441,0,0.67137,0.22363,1,0.41822,1,0.65713,0.94858,0.79392,0.8837,1,0.55931,1,0.11697],"triangles":[9,0,8,0,7,8,0,6,7,1,5,6,1,6,0,1,4,5,2,3,4,2,4,1],"weights":[1,13,1,2,16,0.58876,9,0.41122,1,16,1,1,16,1,2,16,0.70217,9,0.29782,2,16,0.12537,9,0.87461,2,9,0.60689,13,0.3931,2,9,0.10075,13,0.89924,1,13,1,1,13,1],"slotPose":[1,0,0,1,0,0],"bonePose":[13,0.453835,0.891086,-0.891086,0.453835,19.51781,-114.942541,16,-0.515636,0.856808,-0.856808,-0.515636,-40.452329,-121.109569,9,-0.171585,0.985169,-0.985169,-0.171585,-5.17,-113.77],"edges":[2,3,3,4,4,5,5,6,6,7,7,8,8,9,9,0,0,1,1,2],"userEdges":[]}]},{"name":"arm_r1","display":[{"name":"arm_r1","transform":{"x":59.72,"y":5.25,"skX":-123.2,"skY":-123.2}}]},{"name":"ear_r","display":[{"name":"ear_r","transform":{"x":20.51,"y":-4.03,"skX":142.41,"skY":142.41}}]}]}],"animation":[{"duration":160,"name":"animation","bone":[{"name":"hip","translateFrame":[{"duration":40,"curve":[0.25,0,0.75,1]},{"duration":40,"curve":[0.25,0,0.75,1],"x":-3.83,"y":4.62},{"duration":40,"curve":[0.25,0,0.75,1]},{"duration":40,"curve":[0.25,0,0.75,1],"x":-3.83,"y":4.62},{"duration":0}],"rotateFrame":[{"duration":40,"curve":[0.25,0,0.75,1]},{"duration":40,"curve":[0.25,0,0.75,1],"rotate":2.14},{"duration":40,"curve":[0.25,0,0.75,1]},{"duration":40,"curve":[0.25,0,0.75,1],"rotate":2.14},{"duration":0}]},{"name":"waist","rotateFrame":[{"duration":40,"curve":[0.25,0,0.75,1]},{"duration":40,"curve":[0.25,0,0.75,1],"rotate":-8.39},{"duration":40,"curve":[0.25,0,0.75,1]},{"duration":40,"curve":[0.25,0,0.75,1],"rotate":-8.39},{"duration":0}],"scaleFrame":[{"duration":40,"curve":[0.25,0,0.75,1]},{"duration":40,"curve":[0.25,0,0.75,1],"x":0.95},{"duration":40,"curve":[0.25,0,0.75,1]},{"duration":40,"curve":[0.25,0,0.75,1],"x":0.95},{"duration":0}]},{"name":"leg_r","rotateFrame":[{"duration":40,"curve":[0.25,0,0.75,1]},{"duration":40,"curve":[0.25,0,0.75,1],"rotate":4.3},{"duration":40,"curve":[0.25,0,0.75,1]},{"duration":40,"curve":[0.25,0,0.75,1],"rotate":4.3},{"duration":0}],"scaleFrame":[{"duration":40,"curve":[0.25,0,0.75,1]},{"duration":40,"curve":[0.25,0,0.75,1],"x":0.96},{"duration":40,"curve":[0.25,0,0.75,1]},{"duration":40,"curve":[0.25,0,0.75,1],"x":0.96},{"duration":0}]},{"name":"foot_l2","translateFrame":[{"duration":40,"curve":[0.25,0,0.75,1]},{"duration":40,"curve":[0.25,0,0.75,1],"x":8.19,"y":-1.04},{"duration":40,"curve":[0.25,0,0.75,1]},{"duration":40,"curve":[0.25,0,0.75,1],"x":8.19,"y":-1.04},{"duration":0}]},{"name":"foot_l","scaleFrame":[{"duration":40,"curve":[0.25,0,0.625,0.5]},{"duration":40,"curve":[0.375,0.5,0.75,1],"x":0.95},{"duration":40,"curve":[0.25,0,0.625,0.5]},{"duration":40,"curve":[0.375,0.5,0.75,1],"x":0.95},{"duration":0}]},{"name":"foot_r2","translateFrame":[{"duration":40,"curve":[0.25,0,0.75,1]},{"duration":40,"curve":[0.25,0,0.75,1],"x":5.64},{"duration":40,"curve":[0.25,0,0.75,1]},{"duration":40,"curve":[0.25,0,0.75,1],"x":5.64},{"duration":0}]},{"name":"foot_r","translateFrame":[{"duration":40,"curve":[0.25,0,0.625,0.5]},{"duration":40,"curve":[0.375,0.5,0.75,1],"x":6.5},{"duration":40,"curve":[0.25,0,0.625,0.5]},{"duration":40,"curve":[0.375,0.5,0.75,1],"x":6.5},{"duration":0}]},{"name":"dress2","scaleFrame":[{"duration":40,"curve":[0.25,0,0.75,1]},{"duration":40,"curve":[0.25,0,0.75,1],"y":0.81},{"duration":40,"curve":[0.25,0,0.75,1]},{"duration":40,"curve":[0.25,0,0.75,1],"y":0.81},{"duration":0}]},{"name":"dress4","translateFrame":[{"duration":4,"curve":[0.25,0,0.75,1],"x":-0.54,"y":0.01},{"duration":40,"curve":[0.25,0,0.75,1]},{"duration":36,"curve":[0.25,0,0.75,1],"x":-5.41,"y":0.19},{"duration":4,"curve":[0.25,0,0.75,1],"x":-0.54,"y":0.01},{"duration":40,"curve":[0.25,0,0.75,1]},{"duration":36,"curve":[0.25,0,0.75,1],"x":-5.41,"y":0.19},{"duration":0,"x":-0.54,"y":0.01}],"rotateFrame":[{"duration":4,"curve":[0.25,0,0.75,1],"rotate":0.07},{"duration":40,"curve":[0.25,0,0.75,1]},{"duration":36,"curve":[0.25,0,0.75,1],"rotate":0.77},{"duration":4,"curve":[0.25,0,0.75,1],"rotate":0.07},{"duration":40,"curve":[0.25,0,0.75,1]},{"duration":36,"curve":[0.25,0,0.75,1],"rotate":0.77},{"duration":0,"rotate":0.07}],"scaleFrame":[{"duration":4,"curve":[0.25,0,0.75,1],"x":1.01},{"duration":40,"curve":[0.25,0,0.75,1]},{"duration":36,"curve":[0.25,0,0.75,1],"x":1.07},{"duration":4,"curve":[0.25,0,0.75,1],"x":1.01},{"duration":40,"curve":[0.25,0,0.75,1]},{"duration":36,"curve":[0.25,0,0.75,1],"x":1.07},{"duration":0,"x":1.01}]},{"name":"dress5","translateFrame":[{"duration":40,"curve":[0.25,0,0.75,1]},{"duration":40,"curve":[0.25,0,0.75,1],"x":-1.61,"y":0.88},{"duration":40,"curve":[0.25,0,0.75,1]},{"duration":40,"curve":[0.25,0,0.75,1],"x":-1.61,"y":0.88},{"duration":0}],"rotateFrame":[{"duration":40,"curve":[0.25,0,0.75,1]},{"duration":40,"curve":[0.25,0,0.75,1],"rotate":7.62},{"duration":40,"curve":[0.25,0,0.75,1]},{"duration":40,"curve":[0.25,0,0.75,1],"rotate":7.62},{"duration":0}],"scaleFrame":[{"duration":40,"curve":[0.25,0,0.75,1]},{"duration":40,"curve":[0.25,0,0.75,1],"x":0.93},{"duration":40,"curve":[0.25,0,0.75,1]},{"duration":40,"curve":[0.25,0,0.75,1],"x":0.93},{"duration":0}]},{"name":"body","translateFrame":[{"duration":40,"curve":[0.25,0,0.75,1]},{"duration":40,"curve":[0.25,0,0.75,1],"x":-4.32,"y":1.22},{"duration":40,"curve":[0.25,0,0.75,1]},{"duration":40,"curve":[0.25,0,0.75,1],"x":-4.32,"y":1.22},{"duration":0}],"rotateFrame":[{"duration":40,"curve":[0.25,0,0.75,1]},{"duration":40,"curve":[0.25,0,0.75,1],"rotate":9.69},{"duration":40,"curve":[0.25,0,0.75,1]},{"duration":40,"curve":[0.25,0,0.75,1],"rotate":9.69},{"duration":0}]},{"name":"bone2","translateFrame":[{"duration":40,"curve":[0.25,0,0.75,1]},{"duration":40,"curve":[0.25,0,0.75,1],"x":-2.75,"y":2.17},{"duration":40,"curve":[0.25,0,0.75,1]},{"duration":40,"curve":[0.25,0,0.75,1],"x":-2.75,"y":2.17},{"duration":0}],"rotateFrame":[{"duration":40,"curve":[0.25,0,0.75,1]},{"duration":40,"curve":[0.25,0,0.75,1],"rotate":-1.64},{"duration":40,"curve":[0.25,0,0.75,1]},{"duration":40,"curve":[0.25,0,0.75,1],"rotate":-1.64},{"duration":0}]},{"name":"tie1","rotateFrame":[{"duration":4,"curve":[0.359,0.64,0.695,1],"rotate":1.87},{"duration":40,"curve":[0.25,0,0.75,1],"rotate":1.35},{"duration":36,"curve":[0.245,0,0.71,0.83],"rotate":13.58},{"duration":4,"curve":[0.359,0.64,0.695,1],"rotate":1.87},{"duration":40,"curve":[0.25,0,0.75,1],"rotate":1.35},{"duration":36,"curve":[0.245,0,0.71,0.83],"rotate":13.58},{"duration":0,"rotate":1.87}]},{"name":"bone3","translateFrame":[{"duration":8,"curve":[0.25,0,0.75,1],"x":0.16,"y":0.76},{"duration":40,"curve":[0.25,0,0.75,1]},{"duration":32,"curve":[0.25,0,0.75,1],"x":0.84,"y":3.83},{"duration":8,"curve":[0.25,0,0.75,1],"x":0.16,"y":0.76},{"duration":40,"curve":[0.25,0,0.75,1]},{"duration":32,"curve":[0.25,0,0.75,1],"x":0.84,"y":3.83},{"duration":0,"x":0.16,"y":0.76}],"rotateFrame":[{"duration":8,"curve":[0.25,0,0.75,1],"rotate":1.72},{"duration":40,"curve":[0.25,0,0.75,1],"rotate":1.23},{"duration":32,"curve":[0.25,0,0.75,1],"rotate":3.69},{"duration":8,"curve":[0.25,0,0.75,1],"rotate":1.72},{"duration":40,"curve":[0.25,0,0.75,1],"rotate":1.23},{"duration":32,"curve":[0.25,0,0.75,1],"rotate":3.69},{"duration":0,"rotate":1.72}],"scaleFrame":[{"duration":8,"curve":[0.25,0,0.75,1],"x":0.97,"y":0.98},{"duration":40,"curve":[0.25,0,0.75,1],"y":0.98},{"duration":32,"curve":[0.25,0,0.75,1],"x":0.85,"y":0.95},{"duration":8,"curve":[0.25,0,0.75,1],"x":0.97,"y":0.98},{"duration":40,"curve":[0.25,0,0.75,1],"y":0.98},{"duration":32,"curve":[0.25,0,0.75,1],"x":0.85,"y":0.95},{"duration":0,"x":0.97,"y":0.98}]},{"name":"bone4","rotateFrame":[{"duration":12,"curve":[0.381,0.58,0.731,1],"rotate":2.06},{"duration":40,"curve":[0.25,0,0.75,1],"rotate":1.31},{"duration":28,"curve":[0.242,0,0.655,0.62],"rotate":4.39},{"duration":12,"curve":[0.381,0.58,0.731,1],"rotate":2.06},{"duration":40,"curve":[0.25,0,0.75,1],"rotate":1.31},{"duration":28,"curve":[0.242,0,0.655,0.62],"rotate":4.39},{"duration":0,"rotate":2.06}]},{"name":"arm_l","rotateFrame":[{"duration":40,"curve":[0.25,0,0.75,1]},{"duration":40,"curve":[0.25,0,0.75,1],"rotate":0.31},{"duration":40,"curve":[0.25,0,0.75,1]},{"duration":40,"curve":[0.25,0,0.75,1],"rotate":0.31},{"duration":0}],"scaleFrame":[{"duration":40,"curve":[0.25,0,0.75,1]},{"duration":40,"curve":[0.25,0,0.75,1],"x":0.95},{"duration":40,"curve":[0.25,0,0.75,1]},{"duration":40,"curve":[0.25,0,0.75,1],"x":0.95},{"duration":0}]},{"name":"bone5","rotateFrame":[{"duration":40,"curve":[0.25,0,0.75,1]},{"duration":40,"curve":[0.25,0,0.75,1],"rotate":-8.71},{"duration":40,"curve":[0.25,0,0.75,1]},{"duration":40,"curve":[0.25,0,0.75,1],"rotate":-8.71},{"duration":0}],"scaleFrame":[{"duration":40,"curve":[0.25,0,0.75,1]},{"duration":40,"curve":[0.25,0,0.75,1],"x":1.03},{"duration":40,"curve":[0.25,0,0.75,1]},{"duration":40,"curve":[0.25,0,0.75,1],"x":1.03},{"duration":0}]},{"name":"arm_l2","rotateFrame":[{"duration":40,"curve":[0.25,0,0.75,1]},{"duration":40,"curve":[0.25,0,0.75,1],"rotate":0.76},{"duration":40,"curve":[0.25,0,0.75,1]},{"duration":40,"curve":[0.25,0,0.75,1],"rotate":0.76},{"duration":0}]},{"name":"arm_l3","translateFrame":[{"duration":40,"curve":[0.25,0,0.75,1]},{"duration":40,"curve":[0.25,0,0.75,1],"x":-0.31,"y":-3.08},{"duration":40,"curve":[0.25,0,0.75,1]},{"duration":40,"curve":[0.25,0,0.75,1],"x":-0.31,"y":-3.08},{"duration":0}],"rotateFrame":[{"duration":40,"curve":[0.25,0,0.75,1]},{"duration":40,"curve":[0.25,0,0.75,1],"rotate":-10.77},{"duration":40,"curve":[0.25,0,0.75,1]},{"duration":40,"curve":[0.25,0,0.75,1],"rotate":-10.77},{"duration":0}]},{"name":"arm_r1","translateFrame":[{"duration":4,"tweenEasing":0,"x":-0.14,"y":-0.21},{"duration":40,"tweenEasing":0},{"duration":36,"tweenEasing":0,"x":-1.47,"y":-2.12},{"duration":4,"tweenEasing":0,"x":-0.14,"y":-0.21},{"duration":40,"tweenEasing":0},{"duration":36,"tweenEasing":0,"x":-1.47,"y":-2.12},{"duration":0,"x":-0.14,"y":-0.21}],"rotateFrame":[{"duration":4,"tweenEasing":0,"rotate":0.95},{"duration":40,"tweenEasing":0},{"duration":36,"tweenEasing":0,"rotate":9.54},{"duration":4,"tweenEasing":0,"rotate":0.95},{"duration":40,"tweenEasing":0},{"duration":36,"tweenEasing":0,"rotate":9.54},{"duration":0,"rotate":0.95}],"scaleFrame":[{"duration":4,"tweenEasing":0},{"duration":40,"tweenEasing":0},{"duration":36,"tweenEasing":0,"x":0.91},{"duration":4,"tweenEasing":0},{"duration":40,"tweenEasing":0},{"duration":36,"tweenEasing":0,"x":0.91},{"duration":0}]},{"name":"arm_r2","rotateFrame":[{"duration":40,"tweenEasing":0},{"duration":40,"tweenEasing":0,"rotate":1.58},{"duration":40,"tweenEasing":0},{"duration":40,"tweenEasing":0,"rotate":1.58},{"duration":0}],"scaleFrame":[{"duration":40,"tweenEasing":0},{"duration":40,"tweenEasing":0,"x":0.95},{"duration":40,"tweenEasing":0},{"duration":40,"tweenEasing":0,"x":0.95},{"duration":0}]},{"name":"bone6","rotateFrame":[{"duration":4,"tweenEasing":0,"rotate":1.07},{"duration":40,"tweenEasing":0},{"duration":36,"tweenEasing":0,"rotate":10.75},{"duration":4,"tweenEasing":0,"rotate":1.07},{"duration":40,"tweenEasing":0},{"duration":36,"tweenEasing":0,"rotate":10.75},{"duration":0,"rotate":1.07}],"scaleFrame":[{"duration":4,"tweenEasing":0,"x":1.01,"y":1.01},{"duration":40,"tweenEasing":0},{"duration":36,"tweenEasing":0,"x":1.09,"y":1.09},{"duration":4,"tweenEasing":0,"x":1.01,"y":1.01},{"duration":40,"tweenEasing":0},{"duration":36,"tweenEasing":0,"x":1.09,"y":1.09},{"duration":0,"x":1.01,"y":1.01}]},{"name":"head","translateFrame":[{"duration":40,"curve":[0.25,0,0.6875,0.75]},{"duration":40,"curve":[0.3125,0.25,0.75,1],"x":-4.41,"y":4.93},{"duration":40,"curve":[0.25,0,0.6875,0.75]},{"duration":40,"curve":[0.3125,0.25,0.75,1],"x":-4.41,"y":4.93},{"duration":0}],"rotateFrame":[{"duration":40,"curve":[0.25,0,0.6875,0.75]},{"duration":40,"curve":[0.3125,0.25,0.75,1],"rotate":8.74},{"duration":40,"curve":[0.25,0,0.6875,0.75]},{"duration":40,"curve":[0.3125,0.25,0.75,1],"rotate":8.74},{"duration":0}],"scaleFrame":[{"duration":40,"curve":[0.25,0,0.6875,0.75]},{"duration":40,"curve":[0.3125,0.25,0.75,1],"x":0.98},{"duration":40,"curve":[0.25,0,0.6875,0.75]},{"duration":40,"curve":[0.3125,0.25,0.75,1],"x":0.98},{"duration":0}]},{"name":"ear_l","translateFrame":[{"duration":6,"curve":[0.368,0.62,0.706,1],"x":-0.15},{"duration":40,"tweenEasing":0},{"duration":34,"curve":[0.243,0,0.694,0.76],"x":-3.05,"y":0.02},{"duration":6,"curve":[0.368,0.62,0.706,1],"x":-0.15},{"duration":40,"tweenEasing":0},{"duration":34,"curve":[0.243,0,0.694,0.76],"x":-3.05,"y":0.02},{"duration":0,"x":-0.15}],"rotateFrame":[{"duration":6,"curve":[0.368,0.62,0.706,1],"rotate":0.73},{"duration":40,"tweenEasing":0},{"duration":34,"curve":[0.243,0,0.694,0.76],"rotate":8.85},{"duration":6,"curve":[0.368,0.62,0.706,1],"rotate":0.73},{"duration":40,"tweenEasing":0},{"duration":34,"curve":[0.243,0,0.694,0.76],"rotate":8.85},{"duration":0,"rotate":0.73}]},{"name":"ear_r","translateFrame":[{"duration":6,"curve":[0.368,0.62,0.706,1],"x":-0.31},{"duration":40,"tweenEasing":0},{"duration":34,"curve":[0.243,0,0.694,0.76],"x":-4.96,"y":0.05},{"duration":6,"curve":[0.368,0.62,0.706,1],"x":-0.31},{"duration":40,"tweenEasing":0},{"duration":34,"curve":[0.243,0,0.694,0.76],"x":-4.96,"y":0.05},{"duration":0,"x":-0.31}],"rotateFrame":[{"duration":6,"curve":[0.368,0.62,0.706,1],"rotate":-1.05},{"duration":40,"tweenEasing":0},{"duration":34,"curve":[0.243,0,0.694,0.76],"rotate":-12.75},{"duration":6,"curve":[0.368,0.62,0.706,1],"rotate":-1.05},{"duration":40,"tweenEasing":0},{"duration":34,"curve":[0.243,0,0.694,0.76],"rotate":-12.75},{"duration":0,"rotate":-1.05}]},{"name":"h4","rotateFrame":[{"duration":40,"curve":[0.25,0,0.625,0.5]},{"duration":40,"curve":[0.375,0.5,0.75,1],"rotate":-0.98},{"duration":40,"curve":[0.25,0,0.625,0.5]},{"duration":40,"curve":[0.375,0.5,0.75,1],"rotate":-0.98},{"duration":0}],"scaleFrame":[{"duration":40,"curve":[0.25,0,0.625,0.5]},{"duration":40,"curve":[0.375,0.5,0.75,1],"y":1.13},{"duration":40,"curve":[0.25,0,0.625,0.5]},{"duration":40,"curve":[0.375,0.5,0.75,1],"y":1.13},{"duration":0}]},{"name":"bone7","rotateFrame":[{"duration":4,"curve":[0.359,0.64,0.695,1],"rotate":0.31},{"duration":40,"tweenEasing":0},{"duration":36,"curve":[0.245,0,0.71,0.83],"rotate":7.35},{"duration":4,"curve":[0.359,0.64,0.695,1],"rotate":0.31},{"duration":40,"tweenEasing":0},{"duration":36,"curve":[0.245,0,0.71,0.83],"rotate":7.35},{"duration":0,"rotate":0.31}]},{"name":"bone8","rotateFrame":[{"duration":7,"curve":[0.372,0.62,0.711,1],"rotate":0.29},{"duration":40,"tweenEasing":0},{"duration":33,"curve":[0.243,0,0.686,0.74],"rotate":2.83},{"duration":7,"curve":[0.372,0.62,0.711,1],"rotate":0.29},{"duration":40,"tweenEasing":0},{"duration":33,"curve":[0.243,0,0.686,0.74],"rotate":2.83},{"duration":0,"rotate":0.29}]},{"name":"bone9","rotateFrame":[{"duration":2,"curve":[0.348,0.65,0.682,1]},{"duration":40,"curve":[0.375,0.5,0.75,1]},{"duration":38,"curve":[0.247,0,0.729,0.9],"rotate":0.47},{"duration":2,"curve":[0.348,0.65,0.682,1]},{"duration":40,"curve":[0.375,0.5,0.75,1]},{"duration":38,"curve":[0.247,0,0.729,0.9],"rotate":0.47},{"duration":0}]},{"name":"bone10","translateFrame":[{"duration":4,"curve":[0.34550000000000003,0.485,0.6805,0.8300000000000001],"x":0.01,"y":0.1},{"duration":40,"curve":[0.3125,0.25,0.75,1]},{"duration":36,"curve":[0.249,0,0.6655,0.6499999999999999],"x":0.36,"y":2.37},{"duration":4,"curve":[0.34550000000000003,0.485,0.6805,0.8300000000000001],"x":0.01,"y":0.1},{"duration":40,"curve":[0.3125,0.25,0.75,1]},{"duration":36,"curve":[0.249,0,0.6655,0.6499999999999999],"x":0.36,"y":2.37},{"duration":0,"x":0.01,"y":0.1}],"rotateFrame":[{"duration":4,"curve":[0.34550000000000003,0.485,0.6805,0.8300000000000001],"rotate":0.48},{"duration":40,"curve":[0.3125,0.25,0.75,1]},{"duration":36,"curve":[0.249,0,0.6655,0.6499999999999999],"rotate":3.65},{"duration":4,"curve":[0.34550000000000003,0.485,0.6805,0.8300000000000001],"rotate":0.48},{"duration":40,"curve":[0.3125,0.25,0.75,1]},{"duration":36,"curve":[0.249,0,0.6655,0.6499999999999999],"rotate":3.65},{"duration":0,"rotate":0.48}]},{"name":"bone11","rotateFrame":[{"duration":6,"curve":[0.354,0.64,0.688,1],"rotate":0.17},{"duration":40,"curve":[0.25,0,0.75,1]},{"duration":34,"curve":[0.362,0.43,0.724,0.87],"rotate":3.56},{"duration":6,"curve":[0.354,0.64,0.688,1],"rotate":0.17},{"duration":40,"curve":[0.25,0,0.75,1]},{"duration":34,"curve":[0.362,0.43,0.724,0.87],"rotate":3.56},{"duration":0,"rotate":0.17}]},{"name":"h1","rotateFrame":[{"duration":40,"curve":[0.25,0,0.625,0.5]},{"duration":40,"curve":[0.375,0.5,0.75,1],"rotate":-3.22},{"duration":40,"curve":[0.25,0,0.625,0.5]},{"duration":40,"curve":[0.375,0.5,0.75,1],"rotate":-3.22},{"duration":0}]},{"name":"bone12","rotateFrame":[{"duration":40,"curve":[0.25,0,0.625,0.5]},{"duration":40,"curve":[0.375,0.5,0.75,1],"rotate":4.84},{"duration":40,"curve":[0.25,0,0.625,0.5]},{"duration":40,"curve":[0.375,0.5,0.75,1],"rotate":4.84},{"duration":0}]},{"name":"bone13","rotateFrame":[{"duration":40,"curve":[0.25,0,0.625,0.5]},{"duration":40,"curve":[0.375,0.5,0.75,1],"rotate":-4.25},{"duration":40,"curve":[0.25,0,0.625,0.5]},{"duration":40,"curve":[0.375,0.5,0.75,1],"rotate":-4.25},{"duration":0}]},{"name":"h3","rotateFrame":[{"duration":40,"curve":[0.25,0,0.625,0.5]},{"duration":40,"curve":[0.375,0.5,0.75,1],"rotate":-3.32},{"duration":40,"curve":[0.25,0,0.625,0.5]},{"duration":40,"curve":[0.375,0.5,0.75,1],"rotate":-3.32},{"duration":0}]},{"name":"bone14","translateFrame":[{"duration":2,"curve":[0.34450000000000003,0.655,0.678,1],"y":-0.02},{"duration":40,"curve":[0.0625,0,0.9375,1]},{"duration":38,"curve":[0.15425,0.1175,0.86725,0.9625],"x":-0.64,"y":-2.37},{"duration":2,"curve":[0.34450000000000003,0.655,0.678,1],"y":-0.02},{"duration":40,"curve":[0.0625,0,0.9375,1]},{"duration":38,"curve":[0.15425,0.1175,0.86725,0.9625],"x":-0.64,"y":-2.37},{"duration":0,"y":-0.02}],"rotateFrame":[{"duration":2,"curve":[0.34450000000000003,0.655,0.678,1],"rotate":0.06},{"duration":40,"curve":[0.0625,0,0.9375,1]},{"duration":38,"curve":[0.15425,0.1175,0.86725,0.9625],"rotate":1.88},{"duration":2,"curve":[0.34450000000000003,0.655,0.678,1],"rotate":0.06},{"duration":40,"curve":[0.0625,0,0.9375,1]},{"duration":38,"curve":[0.15425,0.1175,0.86725,0.9625],"rotate":1.88},{"duration":0,"rotate":0.06}],"scaleFrame":[{"duration":2,"curve":[0.34450000000000003,0.655,0.678,1]},{"duration":40,"curve":[0.0625,0,0.9375,1]},{"duration":38,"curve":[0.15425,0.1175,0.86725,0.9625],"y":1.06},{"duration":2,"curve":[0.34450000000000003,0.655,0.678,1]},{"duration":40,"curve":[0.0625,0,0.9375,1]},{"duration":38,"curve":[0.15425,0.1175,0.86725,0.9625],"y":1.06},{"duration":0}]},{"name":"bone15","translateFrame":[{"duration":8,"curve":[0.333,0.33,0.666,0.66]},{"duration":40,"curve":[0.125,0,0.875,1]},{"duration":32,"curve":[0.1665,0.165,0.833,0.8300000000000001],"x":-5.23,"y":-1.86},{"duration":8,"curve":[0.333,0.33,0.666,0.66]},{"duration":40,"curve":[0.125,0,0.875,1]},{"duration":32,"curve":[0.1665,0.165,0.833,0.8300000000000001],"x":-5.23,"y":-1.86},{"duration":0}],"rotateFrame":[{"duration":8,"curve":[0.333,0.33,0.666,0.66],"rotate":-1.12},{"duration":40,"curve":[0.125,0,0.875,1]},{"duration":32,"curve":[0.1665,0.165,0.833,0.8300000000000001],"rotate":-5.47},{"duration":8,"curve":[0.333,0.33,0.666,0.66],"rotate":-1.12},{"duration":40,"curve":[0.125,0,0.875,1]},{"duration":32,"curve":[0.1665,0.165,0.833,0.8300000000000001],"rotate":-5.47},{"duration":0,"rotate":-1.12}]},{"name":"bone16","translateFrame":[{"duration":8,"curve":[0.3665,0.625,0.705,1],"x":-0.14,"y":-0.07},{"duration":40,"curve":[0.25,0,0.75,1]},{"duration":32,"curve":[0.3,0.21,0.698,0.7749999999999999],"x":-1.75,"y":-0.89},{"duration":8,"curve":[0.3665,0.625,0.705,1],"x":-0.14,"y":-0.07},{"duration":40,"curve":[0.25,0,0.75,1]},{"duration":32,"curve":[0.3,0.21,0.698,0.7749999999999999],"x":-1.75,"y":-0.89},{"duration":0,"x":-0.14,"y":-0.07}],"rotateFrame":[{"duration":8,"curve":[0.3665,0.625,0.705,1],"rotate":-0.76},{"duration":40,"curve":[0.25,0,0.75,1]},{"duration":32,"curve":[0.3,0.21,0.698,0.7749999999999999],"rotate":-5.86},{"duration":8,"curve":[0.3665,0.625,0.705,1],"rotate":-0.76},{"duration":40,"curve":[0.25,0,0.75,1]},{"duration":32,"curve":[0.3,0.21,0.698,0.7749999999999999],"rotate":-5.86},{"duration":0,"rotate":-0.76}]},{"name":"h5","rotateFrame":[{"duration":40,"curve":[0.25,0,0.625,0.5]},{"duration":40,"curve":[0.375,0.5,0.75,1],"rotate":-2.7},{"duration":40,"curve":[0.25,0,0.625,0.5]},{"duration":40,"curve":[0.375,0.5,0.75,1],"rotate":-2.7},{"duration":0}]},{"name":"bone17","translateFrame":[{"duration":4,"curve":[0.34550000000000003,0.485,0.6805,0.8300000000000001],"x":-0.14,"y":-0.14},{"duration":40,"curve":[0.125,0,0.875,1]},{"duration":36,"curve":[0.249,0,0.6655,0.6499999999999999],"x":-3.44,"y":-3.29},{"duration":4,"curve":[0.34550000000000003,0.485,0.6805,0.8300000000000001],"x":-0.14,"y":-0.14},{"duration":40,"curve":[0.125,0,0.875,1]},{"duration":36,"curve":[0.249,0,0.6655,0.6499999999999999],"x":-3.44,"y":-3.29},{"duration":0,"x":-0.14,"y":-0.14}],"rotateFrame":[{"duration":4,"curve":[0.34550000000000003,0.485,0.6805,0.8300000000000001],"rotate":-0.24},{"duration":40,"curve":[0.125,0,0.875,1]},{"duration":36,"curve":[0.249,0,0.6655,0.6499999999999999],"rotate":-1.86},{"duration":4,"curve":[0.34550000000000003,0.485,0.6805,0.8300000000000001],"rotate":-0.24},{"duration":40,"curve":[0.125,0,0.875,1]},{"duration":36,"curve":[0.249,0,0.6655,0.6499999999999999],"rotate":-1.86},{"duration":0,"rotate":-0.24}]},{"name":"bone18","rotateFrame":[{"duration":4,"curve":[0.359,0.64,0.695,1],"rotate":0.31},{"duration":40,"tweenEasing":0},{"duration":36,"curve":[0.245,0,0.71,0.83],"rotate":7.4},{"duration":4,"curve":[0.359,0.64,0.695,1],"rotate":0.31},{"duration":40,"tweenEasing":0},{"duration":36,"curve":[0.245,0,0.71,0.83],"rotate":7.4},{"duration":0,"rotate":0.31}]},{"name":"h6","rotateFrame":[{"duration":4,"curve":[0.359,0.64,0.695,1],"rotate":-0.41},{"duration":40,"tweenEasing":0},{"duration":36,"curve":[0.245,0,0.71,0.83],"rotate":-9.64},{"duration":4,"curve":[0.359,0.64,0.695,1],"rotate":-0.41},{"duration":40,"tweenEasing":0},{"duration":36,"curve":[0.245,0,0.71,0.83],"rotate":-9.64},{"duration":0,"rotate":-0.41}]},{"name":"dressback","translateFrame":[{"duration":40,"curve":[0.25,0,0.75,1]},{"duration":40,"curve":[0.25,0,0.75,1],"x":-31.68,"y":2.16},{"duration":40,"curve":[0.25,0,0.75,1]},{"duration":40,"curve":[0.25,0,0.75,1],"x":-31.68,"y":2.16},{"duration":0}]},{"name":"dressback2","translateFrame":[{"duration":40,"curve":[0.25,0,0.75,1]},{"duration":40,"curve":[0.25,0,0.75,1],"x":-5.81,"y":-3.48},{"duration":40,"curve":[0.25,0,0.75,1]},{"duration":40,"curve":[0.25,0,0.75,1],"x":-5.81,"y":-3.48},{"duration":0}],"rotateFrame":[{"duration":40,"curve":[0.25,0,0.75,1]},{"duration":40,"curve":[0.25,0,0.75,1],"rotate":4.78},{"duration":40,"curve":[0.25,0,0.75,1]},{"duration":40,"curve":[0.25,0,0.75,1],"rotate":4.78},{"duration":0}]},{"name":"dressback3","translateFrame":[{"duration":40,"curve":[0.25,0,0.75,1]},{"duration":40,"curve":[0.25,0,0.75,1],"x":0.88,"y":0.99},{"duration":40,"curve":[0.25,0,0.75,1]},{"duration":40,"curve":[0.25,0,0.75,1],"x":0.88,"y":0.99},{"duration":0}],"rotateFrame":[{"duration":40,"curve":[0.25,0,0.75,1]},{"duration":40,"curve":[0.25,0,0.75,1],"rotate":-9.03},{"duration":40,"curve":[0.25,0,0.75,1]},{"duration":40,"curve":[0.25,0,0.75,1],"rotate":-9.03},{"duration":0}]}],"slot":[{"name":"eyes_c1","displayFrame":[{"duration":110,"value":-1},{"duration":2},{"duration":28,"value":-1},{"duration":2},{"duration":18,"value":-1}]}],"ffd":[{"name":"arm_l","slot":"arm_l","frame":[{"duration":40,"tweenEasing":0},{"duration":40,"tweenEasing":0,"offset":2,"vertices":[-2.88,-0.76,-3.2,2.23,-3.72,1.29]},{"duration":40,"tweenEasing":0},{"duration":40,"tweenEasing":0,"offset":2,"vertices":[-2.88,-0.76,-3.2,2.23,-3.72,1.29]},{"duration":0}]},{"name":"body","slot":"body","frame":[{"duration":44,"curve":[0.25,0,0.75,1]},{"duration":36,"curve":[0.25,0,0.75,1],"offset":12,"vertices":[-1.81,-2.93,-5.77,0.7,-3.77,0.77,-9.3,2.75,-5.67,5.39,-4.77,4.78,-2.21,1.91,0,0,0,0,0,0,0,0,-0.81,2.25,-0.81,2.25,-0.82,2.25,-4.31,3.95,-7.04,7.32]},{"duration":44,"curve":[0.25,0,0.75,1]},{"duration":36,"curve":[0.25,0,0.75,1],"offset":12,"vertices":[-1.81,-2.93,-5.77,0.7,-3.77,0.77,-9.3,2.75,-5.67,5.39,-4.77,4.78,-2.21,1.91,0,0,0,0,0,0,0,0,-0.81,2.25,-0.81,2.25,-0.82,2.25,-4.31,3.95,-7.04,7.32]},{"duration":0}]},{"name":"dress","slot":"dress","frame":[{"duration":40,"curve":[0.25,0,0.75,1]},{"duration":40,"curve":[0.25,0,0.75,1],"offset":2,"vertices":[-4.38,10.2,-4.38,10.2]},{"duration":40,"curve":[0.25,0,0.75,1]},{"duration":40,"curve":[0.25,0,0.75,1],"offset":2,"vertices":[-4.38,10.2,-4.38,10.2]},{"duration":0}]},{"name":"leg_r","slot":"leg_r","frame":[{"duration":40,"curve":[0.25,0,0.75,1]},{"duration":40,"curve":[0.25,0,0.75,1],"offset":2,"vertices":[2.51,2.33,1.44,2.25,0.82,-0.21,3.81,-0.79,1.93,-0.66,0,0,0,0,0,0,0,0,-6.72,0.3,-7.38,1.86,-7.17,2.68,-4.5,2.88,-1.69,-6.02,1.2,-12.51]},{"duration":40,"curve":[0.25,0,0.75,1]},{"duration":40,"curve":[0.25,0,0.75,1],"offset":2,"vertices":[2.51,2.33,1.44,2.25,0.82,-0.21,3.81,-0.79,1.93,-0.66,0,0,0,0,0,0,0,0,-6.72,0.3,-7.38,1.86,-7.17,2.68,-4.5,2.88,-1.69,-6.02,1.2,-12.51]},{"duration":0}]},{"name":"waist","slot":"waist","frame":[{"duration":40,"curve":[0.25,0,0.75,1]},{"duration":40,"curve":[0.25,0,0.75,1],"vertices":[-0.24,0.4,2.24,0.85,2.77,0.95,5.87,-5.89,2.5,-5.99,-1.19,-5.37,-1.81,-3.87,-3.25,-4.54,0,0,-0.7,0.18,-9.28,0.74,-5.75,1.72,-2.88,2.17,1.96,1.63,-4.96,2.29,-3.74,1.64]},{"duration":40,"curve":[0.25,0,0.75,1]},{"duration":40,"curve":[0.25,0,0.75,1],"vertices":[-0.24,0.4,2.24,0.85,2.77,0.95,5.87,-5.89,2.5,-5.99,-1.19,-5.37,-1.81,-3.87,-3.25,-4.54,0,0,-0.7,0.18,-9.28,0.74,-5.75,1.72,-2.88,2.17,1.96,1.63,-4.96,2.29,-3.74,1.64]},{"duration":0}]}]}],"defaultActions":[{"gotoAndPlay":"animation"}]}]}