{"frameRate":30,"isGlobal":0,"armature":[{"defaultActions":[{"gotoAndPlay":"0000_nianlibaozha1_eff"}],"animation":[{"duration":16,"frame":[],"bone":[{"frame":[{"duration":16,"transform":{}}],"name":"root"},{"frame":[{"duration":16,"transform":{}}],"name":"lan_fangshe_01_eff_01"},{"frame":[{"duration":16,"transform":{}}],"name":"lan_fangshe_01_eff_1"},{"frame":[{"duration":16,"transform":{}}],"name":"lan_fangshe_01_eff_2"},{"frame":[{"duration":16,"transform":{}}],"name":"lan_fangshe_01_eff_3"},{"frame":[{"duration":16,"transform":{}}],"name":"lan_fangshe_01_eff_pz"}],"slot":[{"frame":[{"tweenEasing":null,"duration":2},{"tweenEasing":null,"duration":2,"displayIndex":1},{"tweenEasing":null,"duration":2,"displayIndex":2},{"tweenEasing":null,"duration":2,"displayIndex":3},{"tweenEasing":null,"duration":2,"displayIndex":4},{"tweenEasing":null,"duration":2,"displayIndex":5},{"tweenEasing":null,"duration":2,"displayIndex":6},{"tweenEasing":null,"duration":2,"displayIndex":7},{"tweenEasing":null,"duration":0,"displayIndex":-1}],"name":"lan_fangshe_01_eff_01"},{"frame":[{"tweenEasing":null,"duration":16,"displayIndex":-1}],"name":"lan_fangshe_01_eff_1"},{"frame":[{"tweenEasing":null,"duration":10},{"tweenEasing":null,"duration":6,"displayIndex":-1}],"name":"lan_fangshe_01_eff_pz"}],"ffd":[],"ik":[],"name":"0000_nianlibaozha1_eff"},{"duration":23,"frame":[],"bone":[{"frame":[{"duration":2,"transform":{},"tweenEasing":0},{"duration":21,"transform":{"scX":0.5,"y":-17.32,"scY":0.5,"x":38.11}}],"name":"lan_fangshe_01_eff_1"},{"frame":[{"duration":4,"transform":{},"tweenEasing":0},{"duration":19,"transform":{"scX":0.7,"y":0.86,"scY":0.7,"x":-33.78}}],"name":"lan_fangshe_01_eff_2"},{"frame":[{"duration":7,"transform":{},"tweenEasing":0},{"duration":16,"transform":{"scX":0.3,"y":36.38,"scY":0.3,"x":19.92}}],"name":"lan_fangshe_01_eff_3"},{"frame":[{"duration":23,"transform":{}}],"name":"root"},{"frame":[{"duration":23,"transform":{}}],"name":"lan_fangshe_01_eff_01"},{"frame":[{"duration":23,"transform":{}}],"name":"lan_fangshe_01_eff_pz"}],"slot":[{"frame":[{"tweenEasing":null,"duration":2},{"tweenEasing":null,"duration":2,"displayIndex":1},{"tweenEasing":null,"duration":2,"displayIndex":2},{"tweenEasing":null,"duration":2,"displayIndex":3},{"tweenEasing":null,"duration":2,"displayIndex":4},{"tweenEasing":null,"duration":2,"displayIndex":5},{"tweenEasing":null,"duration":2,"displayIndex":6},{"tweenEasing":null,"duration":2,"displayIndex":7},{"tweenEasing":null,"duration":7,"displayIndex":-1}],"name":"lan_fangshe_01_eff_01"},{"frame":[{"tweenEasing":null,"duration":4},{"tweenEasing":null,"duration":2,"displayIndex":1},{"tweenEasing":null,"duration":2,"displayIndex":2},{"tweenEasing":null,"duration":2,"displayIndex":3},{"tweenEasing":null,"duration":2,"displayIndex":4},{"tweenEasing":null,"duration":2,"displayIndex":5},{"tweenEasing":null,"duration":2,"displayIndex":6},{"tweenEasing":null,"duration":2,"displayIndex":7},{"tweenEasing":null,"duration":5,"displayIndex":-1}],"name":"lan_fangshe_01_eff_1"},{"frame":[{"tweenEasing":null,"duration":4,"displayIndex":-1},{"tweenEasing":null,"duration":2},{"tweenEasing":null,"duration":2,"displayIndex":1},{"tweenEasing":null,"duration":2,"displayIndex":2},{"tweenEasing":null,"duration":2,"displayIndex":3},{"tweenEasing":null,"duration":2,"displayIndex":4},{"tweenEasing":null,"duration":2,"displayIndex":5},{"tweenEasing":null,"duration":2,"displayIndex":6},{"tweenEasing":null,"duration":2,"displayIndex":7},{"tweenEasing":null,"duration":3,"displayIndex":-1}],"name":"lan_fangshe_01_eff_2"},{"frame":[{"tweenEasing":null,"duration":7,"displayIndex":-1},{"tweenEasing":null,"duration":2},{"tweenEasing":null,"duration":2,"displayIndex":1},{"tweenEasing":null,"duration":2,"displayIndex":2},{"tweenEasing":null,"duration":2,"displayIndex":3},{"tweenEasing":null,"duration":2,"displayIndex":4},{"tweenEasing":null,"duration":2,"displayIndex":5},{"tweenEasing":null,"duration":2,"displayIndex":6},{"tweenEasing":null,"duration":2,"displayIndex":7},{"tweenEasing":null,"duration":0,"displayIndex":-1}],"name":"lan_fangshe_01_eff_3"},{"frame":[{"tweenEasing":null,"duration":10},{"tweenEasing":null,"duration":13,"displayIndex":-1}],"name":"lan_fangshe_01_eff_pz"}],"ffd":[],"ik":[],"name":"0001_nianlibaozha1_eff2"},{"duration":10,"frame":[],"bone":[{"frame":[{"duration":10,"curve":[0,0.65,0.75,1],"transform":{"scX":2,"scY":2,"skX":-90,"skY":-90}},{"duration":0,"transform":{"scX":0.5,"scY":0.5}}],"name":"lan_fangshe_01_eff_01"},{"frame":[{"duration":10,"transform":{}}],"name":"root"},{"frame":[{"duration":10,"transform":{}}],"name":"lan_fangshe_01_eff_1"},{"frame":[{"duration":10,"transform":{}}],"name":"lan_fangshe_01_eff_2"},{"frame":[{"duration":10,"transform":{}}],"name":"lan_fangshe_01_eff_3"},{"frame":[{"duration":10,"transform":{}}],"name":"lan_fangshe_01_eff_pz"}],"slot":[{"frame":[{"tweenEasing":null,"duration":10,"displayIndex":-1}],"name":"lan_fangshe_01_eff_1"}],"ffd":[],"ik":[],"name":"0002_faqiuxuli_eff"}],"type":"Armature","bone":[{"name":"root","transform":{}},{"transform":{"y":-73.62,"x":-3.46},"name":"lan_fangshe_01_eff_01","parent":"root"},{"transform":{"y":-73.62,"x":-3.46},"name":"lan_fangshe_01_eff_1","parent":"root"},{"transform":{"y":-73.62,"x":-3.46},"name":"lan_fangshe_01_eff_2","parent":"root"},{"transform":{"y":-73.62,"x":-3.46},"name":"lan_fangshe_01_eff_3","parent":"root"},{"length":167,"transform":{"scX":0.596,"y":-22.78,"scY":0.596,"skX":-90,"skY":-90,"x":-0.88},"parent":"root","name":"lan_fangshe_01_eff_pz"}],"aabb":{"width":200,"y":-173.62,"height":200,"x":-103.46},"slot":[{"color":{},"name":"lan_fangshe_01_eff_pz","parent":"lan_fangshe_01_eff_pz"},{"z":1,"color":{},"name":"lan_fangshe_01_eff_01","parent":"lan_fangshe_01_eff_01"},{"z":2,"color":{},"name":"lan_fangshe_01_eff_1","parent":"lan_fangshe_01_eff_1"},{"z":3,"color":{},"name":"lan_fangshe_01_eff_2","parent":"lan_fangshe_01_eff_2","displayIndex":-1},{"z":4,"color":{},"name":"lan_fangshe_01_eff_3","parent":"lan_fangshe_01_eff_3","displayIndex":-1}],"ik":[],"name":"armatureName","frameRate":30,"skin":[{"name":"","slot":[{"display":[{"path":"lan_fangshe_01_eff_pz","type":"image","name":"lan_fangshe_01_eff_pz","transform":{"scX":17.046,"y":-0.44,"scY":17.046,"skX":90,"skY":90,"x":85.75}}],"name":"lan_fangshe_01_eff_pz"},{"display":[{"path":"lan_fangshe_01_eff_01","type":"image","name":"lan_fangshe_01_eff_01","transform":{}},{"path":"lan_fangshe_01_eff_02","type":"image","name":"lan_fangshe_01_eff_02","transform":{}},{"path":"lan_fangshe_01_eff_03","type":"image","name":"lan_fangshe_01_eff_03","transform":{}},{"path":"lan_fangshe_01_eff_04","type":"image","name":"lan_fangshe_01_eff_04","transform":{}},{"path":"lan_fangshe_01_eff_05","type":"image","name":"lan_fangshe_01_eff_05","transform":{}},{"path":"lan_fangshe_01_eff_06","type":"image","name":"lan_fangshe_01_eff_06","transform":{}},{"path":"lan_fangshe_01_eff_07","type":"image","name":"lan_fangshe_01_eff_07","transform":{}},{"path":"lan_fangshe_01_eff_08","type":"image","name":"lan_fangshe_01_eff_08","transform":{}}],"name":"lan_fangshe_01_eff_3"},{"display":[{"path":"lan_fangshe_01_eff_01","type":"image","name":"lan_fangshe_01_eff_01","transform":{}},{"path":"lan_fangshe_01_eff_02","type":"image","name":"lan_fangshe_01_eff_02","transform":{}},{"path":"lan_fangshe_01_eff_03","type":"image","name":"lan_fangshe_01_eff_03","transform":{}},{"path":"lan_fangshe_01_eff_04","type":"image","name":"lan_fangshe_01_eff_04","transform":{}},{"path":"lan_fangshe_01_eff_05","type":"image","name":"lan_fangshe_01_eff_05","transform":{}},{"path":"lan_fangshe_01_eff_06","type":"image","name":"lan_fangshe_01_eff_06","transform":{}},{"path":"lan_fangshe_01_eff_07","type":"image","name":"lan_fangshe_01_eff_07","transform":{}},{"path":"lan_fangshe_01_eff_08","type":"image","name":"lan_fangshe_01_eff_08","transform":{}}],"name":"lan_fangshe_01_eff_01"},{"display":[{"path":"lan_fangshe_01_eff_01","type":"image","name":"lan_fangshe_01_eff_01","transform":{}},{"path":"lan_fangshe_01_eff_02","type":"image","name":"lan_fangshe_01_eff_02","transform":{}},{"path":"lan_fangshe_01_eff_03","type":"image","name":"lan_fangshe_01_eff_03","transform":{}},{"path":"lan_fangshe_01_eff_04","type":"image","name":"lan_fangshe_01_eff_04","transform":{}},{"path":"lan_fangshe_01_eff_05","type":"image","name":"lan_fangshe_01_eff_05","transform":{}},{"path":"lan_fangshe_01_eff_06","type":"image","name":"lan_fangshe_01_eff_06","transform":{}},{"path":"lan_fangshe_01_eff_07","type":"image","name":"lan_fangshe_01_eff_07","transform":{}},{"path":"lan_fangshe_01_eff_08","type":"image","name":"lan_fangshe_01_eff_08","transform":{}}],"name":"lan_fangshe_01_eff_1"},{"display":[{"path":"lan_fangshe_01_eff_01","type":"image","name":"lan_fangshe_01_eff_01","transform":{}},{"path":"lan_fangshe_01_eff_02","type":"image","name":"lan_fangshe_01_eff_02","transform":{}},{"path":"lan_fangshe_01_eff_03","type":"image","name":"lan_fangshe_01_eff_03","transform":{}},{"path":"lan_fangshe_01_eff_04","type":"image","name":"lan_fangshe_01_eff_04","transform":{}},{"path":"lan_fangshe_01_eff_05","type":"image","name":"lan_fangshe_01_eff_05","transform":{}},{"path":"lan_fangshe_01_eff_06","type":"image","name":"lan_fangshe_01_eff_06","transform":{}},{"path":"lan_fangshe_01_eff_07","type":"image","name":"lan_fangshe_01_eff_07","transform":{}},{"path":"lan_fangshe_01_eff_08","type":"image","name":"lan_fangshe_01_eff_08","transform":{}}],"name":"lan_fangshe_01_eff_2"}]}]}],"name":"lan_fangshe_01_eff","version":"4.0"}