{"frameRate":30,"isGlobal":0,"armature":[{"defaultActions":[{"gotoAndPlay":"000_yanshi"}],"animation":[{"frame":[],"duration":60,"slot":[{"frame":[{"curve":[0,0.395,0.875,1],"duration":3,"color":{"aM":0}},{"tweenEasing":0,"displayIndex":1,"duration":3},{"tweenEasing":0,"displayIndex":2,"duration":3},{"tweenEasing":0,"displayIndex":3,"duration":1},{"tweenEasing":null,"displayIndex":3,"duration":2},{"tweenEasing":0,"displayIndex":4,"duration":3},{"tweenEasing":0,"displayIndex":5,"duration":3},{"tweenEasing":0,"displayIndex":6,"duration":3},{"tweenEasing":0,"displayIndex":5,"duration":3},{"tweenEasing":0,"displayIndex":4,"duration":3},{"tweenEasing":0,"displayIndex":3,"duration":3},{"displayIndex":2,"curve":[0,0.36,0.875,1],"duration":3},{"tweenEasing":0,"displayIndex":1,"duration":3},{"tweenEasing":0,"duration":3},{"tweenEasing":0,"displayIndex":1,"duration":3},{"tweenEasing":0,"displayIndex":2,"duration":3},{"tweenEasing":null,"displayIndex":3,"duration":15,"color":{"aM":0}}],"name":"ys_suolian2_eff_01"},{"frame":[{"curve":[0,0.395,0.875,1],"duration":3,"color":{"aM":0}},{"tweenEasing":0,"displayIndex":1,"duration":3},{"tweenEasing":0,"displayIndex":2,"duration":3},{"tweenEasing":0,"displayIndex":3,"duration":1},{"tweenEasing":null,"displayIndex":3,"duration":2},{"tweenEasing":0,"displayIndex":4,"duration":3},{"tweenEasing":0,"displayIndex":5,"duration":3},{"tweenEasing":0,"displayIndex":6,"duration":3},{"tweenEasing":0,"displayIndex":5,"duration":3},{"tweenEasing":0,"displayIndex":4,"duration":3},{"tweenEasing":0,"displayIndex":3,"duration":3},{"displayIndex":2,"curve":[0,0.36,0.875,1],"duration":3},{"tweenEasing":0,"displayIndex":1,"duration":3},{"tweenEasing":0,"duration":3},{"tweenEasing":0,"displayIndex":1,"duration":3},{"tweenEasing":0,"displayIndex":2,"duration":3},{"tweenEasing":null,"displayIndex":3,"duration":15,"color":{"aM":0}}],"name":"ys_suolian2_eff_1"},{"frame":[{"tweenEasing":0,"displayIndex":-1,"duration":30},{"tweenEasing":null,"displayIndex":-1,"duration":30}],"name":"ys_suolian2_eff_pz"},{"frame":[{"tweenEasing":0,"displayIndex":-1,"duration":30},{"tweenEasing":0,"duration":15},{"tweenEasing":0,"duration":1},{"tweenEasing":0,"displayIndex":1,"duration":2},{"tweenEasing":0,"displayIndex":2,"duration":2},{"tweenEasing":0,"displayIndex":3,"duration":10},{"tweenEasing":null,"displayIndex":3,"duration":0,"color":{"aM":0}}],"name":"ys_suolian_eff/ys_suolian_eff_1"},{"frame":[{"tweenEasing":0,"displayIndex":-1,"duration":30},{"tweenEasing":0,"duration":15},{"tweenEasing":0,"duration":1},{"tweenEasing":0,"displayIndex":1,"duration":2},{"tweenEasing":0,"displayIndex":2,"duration":2},{"tweenEasing":0,"displayIndex":3,"duration":10},{"tweenEasing":null,"displayIndex":3,"duration":0,"color":{"aM":0}}],"name":"ys_suolian_eff/ys_suolian_eff_01"},{"frame":[{"tweenEasing":0,"displayIndex":-1,"duration":30},{"tweenEasing":0,"duration":15},{"tweenEasing":0,"duration":1},{"tweenEasing":0,"displayIndex":1,"duration":2},{"tweenEasing":0,"displayIndex":2,"duration":2},{"tweenEasing":0,"displayIndex":3,"duration":10},{"tweenEasing":null,"displayIndex":3,"duration":0,"color":{"aM":0}}],"name":"ys_suolian_eff/ys_suolian_eff_3"},{"frame":[{"tweenEasing":0,"displayIndex":-1,"duration":30},{"tweenEasing":0,"duration":15},{"tweenEasing":0,"duration":1},{"tweenEasing":0,"displayIndex":1,"duration":2},{"tweenEasing":0,"displayIndex":2,"duration":2},{"tweenEasing":0,"displayIndex":3,"duration":10},{"tweenEasing":null,"displayIndex":3,"duration":0,"color":{"aM":0}}],"name":"ys_suolian_eff/ys_suolian_eff_4"},{"frame":[{"tweenEasing":0,"displayIndex":-1,"duration":30},{"tweenEasing":0,"duration":15},{"tweenEasing":0,"duration":1},{"tweenEasing":0,"displayIndex":1,"duration":2},{"tweenEasing":0,"displayIndex":2,"duration":2},{"tweenEasing":0,"displayIndex":3,"duration":10},{"tweenEasing":null,"displayIndex":3,"duration":0,"color":{"aM":0}}],"name":"ys_suolian_eff/ys_suolian_eff_5"},{"frame":[{"tweenEasing":0,"displayIndex":-1,"duration":30},{"tweenEasing":0,"duration":15},{"tweenEasing":0,"duration":1},{"tweenEasing":0,"displayIndex":1,"duration":2},{"tweenEasing":0,"displayIndex":2,"duration":2},{"tweenEasing":0,"displayIndex":3,"duration":10},{"tweenEasing":null,"displayIndex":3,"duration":0,"color":{"aM":0}}],"name":"ys_suolian_eff/ys_suolian_eff_6"},{"frame":[{"tweenEasing":0,"displayIndex":-1,"duration":30},{"tweenEasing":0,"duration":15},{"tweenEasing":0,"duration":1},{"tweenEasing":0,"displayIndex":1,"duration":2},{"tweenEasing":0,"displayIndex":2,"duration":2},{"tweenEasing":0,"displayIndex":3,"duration":10},{"tweenEasing":null,"displayIndex":3,"duration":0,"color":{"aM":0}}],"name":"ys_suolian_eff/ys_suolian_eff_7"},{"frame":[{"tweenEasing":0,"displayIndex":-1,"duration":30},{"tweenEasing":0,"duration":15},{"tweenEasing":0,"duration":1},{"tweenEasing":0,"displayIndex":1,"duration":2},{"tweenEasing":0,"displayIndex":2,"duration":2},{"tweenEasing":0,"displayIndex":3,"duration":10},{"tweenEasing":null,"displayIndex":3,"duration":0,"color":{"aM":0}}],"name":"ys_suolian_eff/ys_suolian_eff_8"},{"frame":[{"tweenEasing":0,"displayIndex":-1,"duration":30},{"tweenEasing":0,"duration":15},{"tweenEasing":0,"duration":1},{"tweenEasing":0,"displayIndex":1,"duration":2},{"tweenEasing":0,"displayIndex":2,"duration":2},{"tweenEasing":0,"displayIndex":3,"duration":10},{"tweenEasing":null,"displayIndex":3,"duration":0,"color":{"aM":0}}],"name":"ys_suolian_eff/ys_suolian_eff_9"},{"frame":[{"tweenEasing":0,"displayIndex":-1,"duration":30},{"tweenEasing":0,"duration":15},{"tweenEasing":0,"duration":1},{"tweenEasing":0,"displayIndex":1,"duration":2},{"tweenEasing":0,"displayIndex":2,"duration":2},{"tweenEasing":0,"displayIndex":3,"duration":10},{"tweenEasing":null,"displayIndex":3,"duration":0,"color":{"aM":0}}],"name":"ys_suolian_eff/ys_suolian_eff_10"}],"ffd":[],"bone":[{"frame":[{"curve":[0,0.79,0.75,1],"duration":5,"transform":{"scY":0.8,"scX":0.8}},{"curve":[0,0.335,0.875,1],"duration":25,"transform":{"skX":1.11,"skY":1.11}},{"curve":[0,0.72,0.75,1],"duration":15,"transform":{"scY":1.1,"skX":10,"skY":10,"scX":1.1}},{"duration":15,"transform":{"scY":0.5,"skX":10,"skY":10,"scX":0.5}}],"name":"ys_suolian2_eff_01"},{"frame":[{"curve":[0,0.79,0.75,1],"duration":5,"transform":{"scY":0.8,"scX":-0.799}},{"curve":[0,0.255,0.875,1],"duration":21,"transform":{"skX":-1.11,"skY":-1.11,"scX":-1}},{"duration":4,"transform":{"skX":-1.11,"skY":-1.11,"scX":-1}},{"curve":[0,0.72,0.75,1],"duration":15,"transform":{"scY":1.1,"skX":-10,"skY":-10,"scX":-1.099}},{"duration":15,"transform":{"scY":0.5,"skX":-10,"skY":-10,"scX":-0.5}}],"name":"ys_suolian2_eff_1"},{"frame":[{"duration":15,"transform":{}},{"duration":15,"transform":{}},{"duration":30,"transform":{}}],"name":"root"},{"frame":[{"duration":30,"transform":{}},{"duration":30,"transform":{}}],"name":"ys_suolian2_eff_pz"},{"frame":[{"tweenEasing":0,"duration":30,"transform":{"skX":-40,"skY":-40}},{"curve":[0,0.84,0.75,1],"duration":15,"transform":{"scY":0.433,"skX":-40,"skY":-40,"scX":0.433}},{"tweenEasing":0,"duration":5,"transform":{"scY":0.433,"skX":-40,"skY":-40,"scX":0.433}},{"duration":10,"transform":{"skX":-40,"skY":-40}}],"name":"ys_suolian_eff/ys_suolian_eff_3"},{"frame":[{"tweenEasing":0,"duration":30,"transform":{"skX":-80,"skY":-80}},{"curve":[0,0.84,0.75,1],"duration":15,"transform":{"scY":0.433,"skX":-80,"skY":-80,"scX":0.433}},{"tweenEasing":0,"duration":5,"transform":{"scY":0.433,"skX":-80,"skY":-80,"scX":0.433}},{"duration":10,"transform":{"skX":-80,"skY":-80}}],"name":"ys_suolian_eff/ys_suolian_eff_5"},{"frame":[{"tweenEasing":0,"duration":30,"transform":{"skX":-60,"skY":-60}},{"curve":[0,0.84,0.75,1],"duration":15,"transform":{"scY":0.433,"skX":-60,"skY":-60,"scX":0.433}},{"tweenEasing":0,"duration":5,"transform":{"scY":0.433,"skX":-60,"skY":-60,"scX":0.433}},{"duration":10,"transform":{"skX":-60,"skY":-60}}],"name":"ys_suolian_eff/ys_suolian_eff_4"},{"frame":[{"tweenEasing":0,"duration":30,"transform":{"skX":-20,"skY":-20}},{"curve":[0,0.84,0.75,1],"duration":15,"transform":{"scY":0.433,"skX":-20,"skY":-20,"scX":0.433}},{"tweenEasing":0,"duration":5,"transform":{"scY":0.433,"skX":-20,"skY":-20,"scX":0.433}},{"duration":10,"transform":{"skX":-20,"skY":-20}}],"name":"ys_suolian_eff/ys_suolian_eff_1"},{"frame":[{"tweenEasing":0,"duration":30,"transform":{}},{"curve":[0,0.84,0.75,1],"duration":15,"transform":{"scY":0.433,"scX":0.433}},{"tweenEasing":0,"duration":5,"transform":{"scY":0.433,"scX":0.433}},{"duration":10,"transform":{}}],"name":"ys_suolian_eff/ys_suolian_eff_01"},{"frame":[{"tweenEasing":0,"duration":30,"transform":{"skX":-120,"skY":-120}},{"curve":[0,0.84,0.75,1],"duration":15,"transform":{"scY":0.433,"skX":-120,"skY":-120,"scX":0.433}},{"tweenEasing":0,"duration":5,"transform":{"scY":0.433,"skX":-120,"skY":-120,"scX":0.433}},{"duration":10,"transform":{"skX":-120,"skY":-120}}],"name":"ys_suolian_eff/ys_suolian_eff_7"},{"frame":[{"tweenEasing":0,"duration":30,"transform":{"skX":-100,"skY":-100}},{"curve":[0,0.84,0.75,1],"duration":15,"transform":{"scY":0.433,"skX":-100,"skY":-100,"scX":0.433}},{"tweenEasing":0,"duration":5,"transform":{"scY":0.433,"skX":-100,"skY":-100,"scX":0.433}},{"duration":10,"transform":{"skX":-100,"skY":-100}}],"name":"ys_suolian_eff/ys_suolian_eff_6"},{"frame":[{"tweenEasing":0,"duration":30,"transform":{"skX":-140,"skY":-140}},{"curve":[0,0.84,0.75,1],"duration":15,"transform":{"scY":0.433,"skX":-140,"skY":-140,"scX":0.433}},{"tweenEasing":0,"duration":5,"transform":{"scY":0.433,"skX":-140,"skY":-140,"scX":0.433}},{"duration":10,"transform":{"skX":-140,"skY":-140}}],"name":"ys_suolian_eff/ys_suolian_eff_8"},{"frame":[{"tweenEasing":0,"duration":30,"transform":{"skX":-160,"skY":-160}},{"curve":[0,0.84,0.75,1],"duration":15,"transform":{"scY":0.433,"skX":-160,"skY":-160,"scX":0.433}},{"tweenEasing":0,"duration":5,"transform":{"scY":0.433,"skX":-160,"skY":-160,"scX":0.433}},{"duration":10,"transform":{"skX":-160,"skY":-160}}],"name":"ys_suolian_eff/ys_suolian_eff_9"},{"frame":[{"tweenEasing":0,"duration":30,"transform":{"skX":-180,"skY":-180}},{"curve":[0,0.84,0.75,1],"duration":15,"transform":{"scY":0.433,"skX":-180,"skY":-180,"scX":0.433}},{"tweenEasing":0,"duration":5,"transform":{"scY":0.433,"skX":-180,"skY":-180,"scX":0.433}},{"duration":10,"transform":{"skX":-180,"skY":-180}}],"name":"ys_suolian_eff/ys_suolian_eff_10"}],"name":"000_yanshi","ik":[]},{"frame":[],"duration":45,"slot":[{"frame":[{"curve":[0,0.395,0.875,1],"duration":3,"color":{"aM":0}},{"tweenEasing":0,"displayIndex":1,"duration":3},{"tweenEasing":0,"displayIndex":2,"duration":3},{"tweenEasing":0,"displayIndex":3,"duration":1},{"tweenEasing":null,"displayIndex":3,"duration":2},{"tweenEasing":0,"displayIndex":4,"duration":3},{"tweenEasing":0,"displayIndex":5,"duration":3},{"tweenEasing":0,"displayIndex":6,"duration":3},{"tweenEasing":0,"displayIndex":5,"duration":3},{"tweenEasing":0,"displayIndex":4,"duration":3},{"tweenEasing":0,"displayIndex":3,"duration":3},{"displayIndex":2,"curve":[0,0.36,0.875,1],"duration":3},{"tweenEasing":0,"displayIndex":1,"duration":3},{"tweenEasing":0,"duration":3},{"tweenEasing":0,"displayIndex":1,"duration":3},{"tweenEasing":0,"displayIndex":2,"duration":3},{"tweenEasing":null,"displayIndex":3,"duration":0,"color":{"aM":0}}],"name":"ys_suolian2_eff_01"},{"frame":[{"curve":[0,0.395,0.875,1],"duration":3,"color":{"aM":0}},{"tweenEasing":0,"displayIndex":1,"duration":3},{"tweenEasing":0,"displayIndex":2,"duration":3},{"tweenEasing":0,"displayIndex":3,"duration":1},{"tweenEasing":null,"displayIndex":3,"duration":2},{"tweenEasing":0,"displayIndex":4,"duration":3},{"tweenEasing":0,"displayIndex":5,"duration":3},{"tweenEasing":0,"displayIndex":6,"duration":3},{"tweenEasing":0,"displayIndex":5,"duration":3},{"tweenEasing":0,"displayIndex":4,"duration":3},{"tweenEasing":0,"displayIndex":3,"duration":3},{"displayIndex":2,"curve":[0,0.36,0.875,1],"duration":3},{"tweenEasing":0,"displayIndex":1,"duration":3},{"tweenEasing":0,"duration":3},{"tweenEasing":0,"displayIndex":1,"duration":3},{"tweenEasing":0,"displayIndex":2,"duration":3},{"tweenEasing":null,"displayIndex":3,"duration":0,"color":{"aM":0}}],"name":"ys_suolian2_eff_1"},{"frame":[{"tweenEasing":0,"displayIndex":-1,"duration":30},{"tweenEasing":null,"displayIndex":-1,"duration":15}],"name":"ys_suolian2_eff_pz"},{"frame":[{"tweenEasing":null,"displayIndex":-1,"duration":45}],"name":"ys_suolian_eff/ys_suolian_eff_1"},{"frame":[{"tweenEasing":null,"displayIndex":-1,"duration":45}],"name":"ys_suolian_eff/ys_suolian_eff_01"},{"frame":[{"tweenEasing":null,"displayIndex":-1,"duration":45}],"name":"ys_suolian_eff/ys_suolian_eff_3"},{"frame":[{"tweenEasing":null,"displayIndex":-1,"duration":45}],"name":"ys_suolian_eff/ys_suolian_eff_4"},{"frame":[{"tweenEasing":null,"displayIndex":-1,"duration":45}],"name":"ys_suolian_eff/ys_suolian_eff_5"},{"frame":[{"tweenEasing":null,"displayIndex":-1,"duration":45}],"name":"ys_suolian_eff/ys_suolian_eff_6"},{"frame":[{"tweenEasing":null,"displayIndex":-1,"duration":45}],"name":"ys_suolian_eff/ys_suolian_eff_7"},{"frame":[{"tweenEasing":null,"displayIndex":-1,"duration":45}],"name":"ys_suolian_eff/ys_suolian_eff_8"},{"frame":[{"tweenEasing":null,"displayIndex":-1,"duration":45}],"name":"ys_suolian_eff/ys_suolian_eff_9"},{"frame":[{"tweenEasing":null,"displayIndex":-1,"duration":45}],"name":"ys_suolian_eff/ys_suolian_eff_10"}],"ffd":[],"bone":[{"frame":[{"curve":[0,0.79,0.75,1],"duration":5,"transform":{"scY":0.8,"scX":0.8}},{"curve":[0,0.335,0.875,1],"duration":25,"transform":{"skX":1.11,"skY":1.11}},{"curve":[0,0.72,0.75,1],"duration":15,"transform":{"scY":1.1,"skX":10,"skY":10,"scX":1.1}},{"duration":0,"transform":{"scY":0.5,"skX":10,"skY":10,"scX":0.5}}],"name":"ys_suolian2_eff_01"},{"frame":[{"curve":[0,0.79,0.75,1],"duration":5,"transform":{"scY":0.8,"scX":-0.799}},{"curve":[0,0.255,0.875,1],"duration":21,"transform":{"skX":-1.11,"skY":-1.11,"scX":-1}},{"duration":4,"transform":{"skX":-1.11,"skY":-1.11,"scX":-1}},{"curve":[0,0.72,0.75,1],"duration":15,"transform":{"scY":1.1,"skX":-10,"skY":-10,"scX":-1.099}},{"duration":0,"transform":{"scY":0.5,"skX":-10,"skY":-10,"scX":-0.5}}],"name":"ys_suolian2_eff_1"},{"frame":[{"duration":15,"transform":{}},{"duration":15,"transform":{}},{"duration":15,"transform":{}}],"name":"root"},{"frame":[{"duration":30,"transform":{}},{"duration":15,"transform":{}}],"name":"ys_suolian2_eff_pz"},{"frame":[{"duration":45,"transform":{"skX":-40,"skY":-40}}],"name":"ys_suolian_eff/ys_suolian_eff_3"},{"frame":[{"duration":45,"transform":{"skX":-80,"skY":-80}}],"name":"ys_suolian_eff/ys_suolian_eff_5"},{"frame":[{"duration":45,"transform":{"skX":-60,"skY":-60}}],"name":"ys_suolian_eff/ys_suolian_eff_4"},{"frame":[{"duration":45,"transform":{"skX":-20,"skY":-20}}],"name":"ys_suolian_eff/ys_suolian_eff_1"},{"frame":[{"duration":45,"transform":{}}],"name":"ys_suolian_eff/ys_suolian_eff_01"},{"frame":[{"duration":45,"transform":{"skX":-120,"skY":-120}}],"name":"ys_suolian_eff/ys_suolian_eff_7"},{"frame":[{"duration":45,"transform":{"skX":-100,"skY":-100}}],"name":"ys_suolian_eff/ys_suolian_eff_6"},{"frame":[{"duration":45,"transform":{"skX":-140,"skY":-140}}],"name":"ys_suolian_eff/ys_suolian_eff_8"},{"frame":[{"duration":45,"transform":{"skX":-160,"skY":-160}}],"name":"ys_suolian_eff/ys_suolian_eff_9"},{"frame":[{"duration":45,"transform":{"skX":-180,"skY":-180}}],"name":"ys_suolian_eff/ys_suolian_eff_10"}],"name":"001_luoxuan","ik":[]},{"frame":[],"duration":30,"slot":[{"frame":[{"tweenEasing":null,"displayIndex":-1,"duration":30,"color":{"aM":0}}],"name":"ys_suolian2_eff_01"},{"frame":[{"tweenEasing":null,"displayIndex":-1,"duration":30,"color":{"aM":0}}],"name":"ys_suolian2_eff_1"},{"frame":[{"tweenEasing":null,"duration":30}],"name":"ys_suolian2_eff_pz"},{"frame":[{"curve":[0,0.42,0.875,1],"duration":5,"color":{"aM":0}},{"tweenEasing":0,"duration":5,"color":{"aM":50}},{"tweenEasing":0,"duration":5,"color":{"aM":23}},{"tweenEasing":0,"duration":5,"color":{"aM":53}},{"tweenEasing":0,"duration":5,"color":{"aM":23}},{"tweenEasing":0,"duration":5,"color":{"aM":53}},{"tweenEasing":null,"duration":0,"color":{"aM":50}}],"name":"ys_suolian_eff/ys_suolian_eff_1"},{"frame":[{"curve":[0,0.42,0.875,1],"duration":5,"color":{"aM":0}},{"tweenEasing":0,"duration":5,"color":{"aM":50}},{"tweenEasing":0,"duration":5,"color":{"aM":23}},{"tweenEasing":0,"duration":5,"color":{"aM":53}},{"tweenEasing":0,"duration":5,"color":{"aM":23}},{"tweenEasing":0,"duration":5,"color":{"aM":53}},{"tweenEasing":null,"duration":0,"color":{"aM":50}}],"name":"ys_suolian_eff/ys_suolian_eff_01"},{"frame":[{"curve":[0,0.42,0.875,1],"duration":5,"color":{"aM":0}},{"tweenEasing":0,"duration":5,"color":{"aM":50}},{"tweenEasing":0,"duration":5,"color":{"aM":23}},{"tweenEasing":0,"duration":5,"color":{"aM":53}},{"tweenEasing":0,"duration":5,"color":{"aM":23}},{"tweenEasing":0,"duration":5,"color":{"aM":53}},{"tweenEasing":null,"duration":0,"color":{"aM":50}}],"name":"ys_suolian_eff/ys_suolian_eff_3"},{"frame":[{"curve":[0,0.42,0.875,1],"duration":5,"color":{"aM":0}},{"tweenEasing":0,"duration":5,"color":{"aM":50}},{"tweenEasing":0,"duration":5,"color":{"aM":23}},{"tweenEasing":0,"duration":5,"color":{"aM":53}},{"tweenEasing":0,"duration":5,"color":{"aM":23}},{"tweenEasing":0,"duration":5,"color":{"aM":53}},{"tweenEasing":null,"duration":0,"color":{"aM":50}}],"name":"ys_suolian_eff/ys_suolian_eff_4"},{"frame":[{"curve":[0,0.42,0.875,1],"duration":5,"color":{"aM":0}},{"tweenEasing":0,"duration":5,"color":{"aM":50}},{"tweenEasing":0,"duration":5,"color":{"aM":23}},{"tweenEasing":0,"duration":5,"color":{"aM":53}},{"tweenEasing":0,"duration":5,"color":{"aM":23}},{"tweenEasing":0,"duration":5,"color":{"aM":53}},{"tweenEasing":null,"duration":0,"color":{"aM":50}}],"name":"ys_suolian_eff/ys_suolian_eff_5"},{"frame":[{"tweenEasing":0,"duration":5,"color":{"aM":0}},{"tweenEasing":0,"duration":5,"color":{"aM":50}},{"tweenEasing":0,"duration":5,"color":{"aM":23}},{"tweenEasing":0,"duration":5,"color":{"aM":53}},{"tweenEasing":0,"duration":5,"color":{"aM":23}},{"tweenEasing":0,"duration":5,"color":{"aM":53}},{"tweenEasing":null,"duration":0,"color":{"aM":50}}],"name":"ys_suolian_eff/ys_suolian_eff_6"},{"frame":[{"tweenEasing":0,"duration":5,"color":{"aM":0}},{"tweenEasing":0,"duration":5,"color":{"aM":50}},{"tweenEasing":0,"duration":5,"color":{"aM":23}},{"tweenEasing":0,"duration":5,"color":{"aM":53}},{"tweenEasing":0,"duration":5,"color":{"aM":23}},{"tweenEasing":0,"duration":5,"color":{"aM":53}},{"tweenEasing":null,"duration":0,"color":{"aM":50}}],"name":"ys_suolian_eff/ys_suolian_eff_7"},{"frame":[{"tweenEasing":0,"duration":5,"color":{"aM":0}},{"tweenEasing":0,"duration":5,"color":{"aM":50}},{"tweenEasing":0,"duration":5,"color":{"aM":23}},{"tweenEasing":0,"duration":5,"color":{"aM":53}},{"tweenEasing":0,"duration":5,"color":{"aM":23}},{"tweenEasing":0,"duration":5,"color":{"aM":53}},{"tweenEasing":null,"duration":0,"color":{"aM":50}}],"name":"ys_suolian_eff/ys_suolian_eff_8"},{"frame":[{"tweenEasing":0,"duration":5,"color":{"aM":0}},{"tweenEasing":0,"duration":5,"color":{"aM":50}},{"tweenEasing":0,"duration":5,"color":{"aM":23}},{"tweenEasing":0,"duration":5,"color":{"aM":53}},{"tweenEasing":0,"duration":5,"color":{"aM":23}},{"tweenEasing":0,"duration":5,"color":{"aM":53}},{"tweenEasing":null,"duration":0,"color":{"aM":50}}],"name":"ys_suolian_eff/ys_suolian_eff_9"},{"frame":[{"tweenEasing":0,"duration":5,"color":{"aM":0}},{"tweenEasing":0,"duration":5,"color":{"aM":50}},{"tweenEasing":0,"duration":5,"color":{"aM":23}},{"tweenEasing":0,"duration":5,"color":{"aM":53}},{"tweenEasing":0,"duration":5,"color":{"aM":23}},{"tweenEasing":0,"duration":5,"color":{"aM":53}},{"tweenEasing":null,"duration":0,"color":{"aM":50}}],"name":"ys_suolian_eff/ys_suolian_eff_10"}],"ffd":[],"bone":[{"frame":[{"duration":10,"transform":{"scY":0.8,"scX":0.8}},{"duration":20,"transform":{"scY":0.8,"scX":0.8}},{"duration":0,"transform":{"scY":0.8,"scX":0.8}}],"name":"ys_suolian2_eff_01"},{"frame":[{"duration":10,"transform":{"scY":0.8,"scX":-0.799}},{"duration":20,"transform":{"scY":0.8,"scX":-0.799}},{"duration":0,"transform":{"scY":0.8,"scX":-0.799}}],"name":"ys_suolian2_eff_1"},{"frame":[{"duration":10,"transform":{}},{"duration":20,"transform":{}},{"duration":0,"transform":{}}],"name":"root"},{"frame":[{"duration":10,"transform":{"scY":3.67,"y":-38.215,"skX":0.6,"skY":0.6,"scX":5.633,"x":-112.7}},{"duration":20,"transform":{"scY":3.67,"y":-38.215,"skX":0.6,"skY":0.6,"scX":5.633,"x":-112.7}},{"duration":0,"transform":{"scY":3.67,"y":-38.215,"skX":0.6,"skY":0.6,"scX":5.633,"x":-112.7}}],"name":"ys_suolian2_eff_pz"},{"frame":[{"curve":[0,0.66,0.571,0.91],"duration":5,"transform":{"scY":0.433,"skX":-40,"skY":-40,"scX":0.433}},{"duration":25,"transform":{"scY":0.979,"skX":-40,"skY":-40,"scX":0.979}},{"duration":0,"transform":{"scY":0.979,"skX":-40,"skY":-40,"scX":0.979}}],"name":"ys_suolian_eff/ys_suolian_eff_3"},{"frame":[{"curve":[0,0.66,0.571,0.91],"duration":5,"transform":{"scY":0.433,"skX":-80,"skY":-80,"scX":0.433}},{"duration":25,"transform":{"scY":0.979,"skX":-80,"skY":-80,"scX":0.979}},{"duration":0,"transform":{"scY":0.979,"skX":-80,"skY":-80,"scX":0.979}}],"name":"ys_suolian_eff/ys_suolian_eff_5"},{"frame":[{"curve":[0,0.66,0.571,0.91],"duration":5,"transform":{"scY":0.433,"skX":-60,"skY":-60,"scX":0.433}},{"duration":25,"transform":{"scY":0.979,"skX":-60,"skY":-60,"scX":0.979}},{"duration":0,"transform":{"scY":0.979,"skX":-60,"skY":-60,"scX":0.979}}],"name":"ys_suolian_eff/ys_suolian_eff_4"},{"frame":[{"curve":[0,0.66,0.571,0.91],"duration":5,"transform":{"scY":0.433,"skX":-20,"skY":-20,"scX":0.433}},{"duration":25,"transform":{"scY":0.979,"skX":-20,"skY":-20,"scX":0.979}},{"duration":0,"transform":{"scY":0.979,"skX":-20,"skY":-20,"scX":0.979}}],"name":"ys_suolian_eff/ys_suolian_eff_1"},{"frame":[{"curve":[0,0.66,0.571,0.91],"duration":5,"transform":{"scY":0.433,"scX":0.433}},{"duration":25,"transform":{"scY":0.979,"scX":0.979}},{"duration":0,"transform":{"scY":0.979,"scX":0.979}}],"name":"ys_suolian_eff/ys_suolian_eff_01"},{"frame":[{"curve":[0,0.66,0.571,0.91],"duration":5,"transform":{"scY":0.433,"skX":-120,"skY":-120,"scX":0.433}},{"duration":25,"transform":{"scY":0.979,"skX":-120,"skY":-120,"scX":0.979}},{"duration":0,"transform":{"scY":0.979,"skX":-120,"skY":-120,"scX":0.979}}],"name":"ys_suolian_eff/ys_suolian_eff_7"},{"frame":[{"curve":[0,0.66,0.571,0.91],"duration":5,"transform":{"scY":0.433,"skX":-100,"skY":-100,"scX":0.433}},{"duration":25,"transform":{"scY":0.979,"skX":-100,"skY":-100,"scX":0.979}},{"duration":0,"transform":{"scY":0.979,"skX":-100,"skY":-100,"scX":0.979}}],"name":"ys_suolian_eff/ys_suolian_eff_6"},{"frame":[{"curve":[0,0.66,0.571,0.91],"duration":5,"transform":{"scY":0.433,"skX":-140,"skY":-140,"scX":0.433}},{"duration":25,"transform":{"scY":0.979,"skX":-140,"skY":-140,"scX":0.979}},{"duration":0,"transform":{"scY":0.979,"skX":-140,"skY":-140,"scX":0.979}}],"name":"ys_suolian_eff/ys_suolian_eff_8"},{"frame":[{"curve":[0,0.66,0.571,0.91],"duration":5,"transform":{"scY":0.433,"skX":-160,"skY":-160,"scX":0.433}},{"duration":25,"transform":{"scY":0.979,"skX":-160,"skY":-160,"scX":0.979}},{"duration":0,"transform":{"scY":0.979,"skX":-160,"skY":-160,"scX":0.979}}],"name":"ys_suolian_eff/ys_suolian_eff_9"},{"frame":[{"curve":[0,0.66,0.571,0.91],"duration":5,"transform":{"scY":0.433,"skX":-180,"skY":-180,"scX":0.433}},{"duration":25,"transform":{"scY":0.979,"skX":-180,"skY":-180,"scX":0.979}},{"duration":0,"transform":{"scY":0.979,"skX":-180,"skY":-180,"scX":0.979}}],"name":"ys_suolian_eff/ys_suolian_eff_10"}],"name":"002_shuolian_qian","ik":[]},{"frame":[],"duration":15,"slot":[{"frame":[{"tweenEasing":null,"displayIndex":-1,"duration":15}],"name":"ys_suolian2_eff_01"},{"frame":[{"tweenEasing":null,"displayIndex":-1,"duration":15}],"name":"ys_suolian2_eff_1"},{"frame":[{"tweenEasing":0,"duration":10},{"tweenEasing":0,"duration":5},{"tweenEasing":null,"duration":0}],"name":"ys_suolian2_eff_pz"},{"frame":[{"tweenEasing":0,"duration":1,"color":{"aM":50}},{"tweenEasing":0,"displayIndex":1,"duration":2},{"tweenEasing":0,"displayIndex":2,"duration":2},{"tweenEasing":0,"displayIndex":3,"duration":10},{"tweenEasing":null,"displayIndex":3,"duration":0,"color":{"aM":0}}],"name":"ys_suolian_eff/ys_suolian_eff_1"},{"frame":[{"tweenEasing":0,"duration":1,"color":{"aM":50}},{"tweenEasing":0,"displayIndex":1,"duration":2},{"tweenEasing":0,"displayIndex":2,"duration":2},{"tweenEasing":0,"displayIndex":3,"duration":10},{"tweenEasing":null,"displayIndex":3,"duration":0,"color":{"aM":0}}],"name":"ys_suolian_eff/ys_suolian_eff_01"},{"frame":[{"tweenEasing":0,"duration":1,"color":{"aM":50}},{"tweenEasing":0,"displayIndex":1,"duration":2},{"tweenEasing":0,"displayIndex":2,"duration":2},{"tweenEasing":0,"displayIndex":3,"duration":10},{"tweenEasing":null,"displayIndex":3,"duration":0,"color":{"aM":0}}],"name":"ys_suolian_eff/ys_suolian_eff_3"},{"frame":[{"tweenEasing":0,"duration":1,"color":{"aM":50}},{"tweenEasing":0,"displayIndex":1,"duration":2},{"tweenEasing":0,"displayIndex":2,"duration":2},{"tweenEasing":0,"displayIndex":3,"duration":10},{"tweenEasing":null,"displayIndex":3,"duration":0,"color":{"aM":0}}],"name":"ys_suolian_eff/ys_suolian_eff_4"},{"frame":[{"tweenEasing":0,"duration":1,"color":{"aM":50}},{"tweenEasing":0,"displayIndex":1,"duration":2},{"tweenEasing":0,"displayIndex":2,"duration":2},{"tweenEasing":0,"displayIndex":3,"duration":10},{"tweenEasing":null,"displayIndex":3,"duration":0,"color":{"aM":0}}],"name":"ys_suolian_eff/ys_suolian_eff_5"},{"frame":[{"tweenEasing":0,"duration":1,"color":{"aM":50}},{"tweenEasing":0,"displayIndex":1,"duration":2},{"tweenEasing":0,"displayIndex":2,"duration":2},{"tweenEasing":0,"displayIndex":3,"duration":10},{"tweenEasing":null,"displayIndex":3,"duration":0,"color":{"aM":0}}],"name":"ys_suolian_eff/ys_suolian_eff_6"},{"frame":[{"tweenEasing":0,"duration":1,"color":{"aM":50}},{"tweenEasing":0,"displayIndex":1,"duration":2},{"tweenEasing":0,"displayIndex":2,"duration":2},{"tweenEasing":0,"displayIndex":3,"duration":10},{"tweenEasing":null,"displayIndex":3,"duration":0,"color":{"aM":0}}],"name":"ys_suolian_eff/ys_suolian_eff_7"},{"frame":[{"tweenEasing":0,"duration":1,"color":{"aM":50}},{"tweenEasing":0,"displayIndex":1,"duration":2},{"tweenEasing":0,"displayIndex":2,"duration":2},{"tweenEasing":0,"displayIndex":3,"duration":10},{"tweenEasing":null,"displayIndex":3,"duration":0,"color":{"aM":0}}],"name":"ys_suolian_eff/ys_suolian_eff_8"},{"frame":[{"tweenEasing":0,"duration":1,"color":{"aM":50}},{"tweenEasing":0,"displayIndex":1,"duration":2},{"tweenEasing":0,"displayIndex":2,"duration":2},{"tweenEasing":0,"displayIndex":3,"duration":10},{"tweenEasing":null,"displayIndex":3,"duration":0,"color":{"aM":0}}],"name":"ys_suolian_eff/ys_suolian_eff_9"},{"frame":[{"tweenEasing":0,"duration":1,"color":{"aM":50}},{"tweenEasing":0,"displayIndex":1,"duration":2},{"tweenEasing":0,"displayIndex":2,"duration":2},{"tweenEasing":0,"displayIndex":3,"duration":10},{"tweenEasing":null,"displayIndex":3,"duration":0,"color":{"aM":0}}],"name":"ys_suolian_eff/ys_suolian_eff_10"}],"ffd":[],"bone":[{"frame":[{"duration":15,"transform":{"scY":0.8,"scX":0.8}},{"duration":0,"transform":{"scY":0.8,"scX":0.8}}],"name":"ys_suolian2_eff_01"},{"frame":[{"duration":15,"transform":{"scY":0.8,"scX":-0.799}},{"duration":0,"transform":{"scY":0.8,"scX":-0.799}}],"name":"ys_suolian2_eff_1"},{"frame":[{"duration":15,"transform":{}},{"duration":0,"transform":{}}],"name":"root"},{"frame":[{"duration":10,"transform":{"scY":3.67,"y":-38.215,"skX":0.6,"skY":0.6,"scX":5.633,"x":-112.7}},{"duration":5,"transform":{"scY":0,"y":-38.215,"skX":0.6,"skY":0.6,"scX":0,"x":-112.7}},{"duration":0,"transform":{"scY":0,"y":-38.215,"skX":0.6,"skY":0.6,"scX":0,"x":-112.7}}],"name":"ys_suolian2_eff_pz"},{"frame":[{"curve":[0.402,0.74,0.761,1],"duration":5,"transform":{"scY":0.979,"skX":-40,"skY":-40,"scX":0.979}},{"duration":10,"transform":{"skX":-40,"skY":-40}},{"duration":0,"transform":{"skX":-40,"skY":-40}}],"name":"ys_suolian_eff/ys_suolian_eff_3"},{"frame":[{"curve":[0.402,0.74,0.761,1],"duration":5,"transform":{"scY":0.979,"skX":-80,"skY":-80,"scX":0.979}},{"duration":10,"transform":{"skX":-80,"skY":-80}},{"duration":0,"transform":{"skX":-80,"skY":-80}}],"name":"ys_suolian_eff/ys_suolian_eff_5"},{"frame":[{"curve":[0.402,0.74,0.761,1],"duration":5,"transform":{"scY":0.979,"skX":-60,"skY":-60,"scX":0.979}},{"duration":10,"transform":{"skX":-60,"skY":-60}},{"duration":0,"transform":{"skX":-60,"skY":-60}}],"name":"ys_suolian_eff/ys_suolian_eff_4"},{"frame":[{"curve":[0.402,0.74,0.761,1],"duration":5,"transform":{"scY":0.979,"skX":-20,"skY":-20,"scX":0.979}},{"duration":10,"transform":{"skX":-20,"skY":-20}},{"duration":0,"transform":{"skX":-20,"skY":-20}}],"name":"ys_suolian_eff/ys_suolian_eff_1"},{"frame":[{"curve":[0.402,0.74,0.761,1],"duration":5,"transform":{"scY":0.979,"scX":0.979}},{"duration":10,"transform":{}},{"duration":0,"transform":{}}],"name":"ys_suolian_eff/ys_suolian_eff_01"},{"frame":[{"curve":[0.402,0.74,0.761,1],"duration":5,"transform":{"scY":0.979,"skX":-120,"skY":-120,"scX":0.979}},{"duration":10,"transform":{"skX":-120,"skY":-120}},{"duration":0,"transform":{"skX":-120,"skY":-120}}],"name":"ys_suolian_eff/ys_suolian_eff_7"},{"frame":[{"curve":[0.402,0.74,0.761,1],"duration":5,"transform":{"scY":0.979,"skX":-100,"skY":-100,"scX":0.979}},{"duration":10,"transform":{"skX":-100,"skY":-100}},{"duration":0,"transform":{"skX":-100,"skY":-100}}],"name":"ys_suolian_eff/ys_suolian_eff_6"},{"frame":[{"curve":[0.402,0.74,0.761,1],"duration":5,"transform":{"scY":0.979,"skX":-140,"skY":-140,"scX":0.979}},{"duration":10,"transform":{"skX":-140,"skY":-140}},{"duration":0,"transform":{"skX":-140,"skY":-140}}],"name":"ys_suolian_eff/ys_suolian_eff_8"},{"frame":[{"curve":[0.402,0.74,0.761,1],"duration":5,"transform":{"scY":0.979,"skX":-160,"skY":-160,"scX":0.979}},{"duration":10,"transform":{"skX":-160,"skY":-160}},{"duration":0,"transform":{"skX":-160,"skY":-160}}],"name":"ys_suolian_eff/ys_suolian_eff_9"},{"frame":[{"curve":[0.402,0.74,0.761,1],"duration":5,"transform":{"scY":0.979,"skX":-180,"skY":-180,"scX":0.979}},{"duration":10,"transform":{"skX":-180,"skY":-180}},{"duration":0,"transform":{"skX":-180,"skY":-180}}],"name":"ys_suolian_eff/ys_suolian_eff_10"}],"name":"003_shuolian_qian2","ik":[]}],"type":"Armature","frameRate":30,"ik":[],"bone":[{"name":"root","transform":{"y":-61.84}},{"transform":{"y":61.79},"name":"ys_suolian2_eff_01","parent":"root"},{"transform":{"y":62.13},"name":"ys_suolian2_eff_1","parent":"root"},{"transform":{"y":46.775,"x":-27.185},"name":"ys_suolian2_eff_pz","parent":"root"},{"length":138.5,"transform":{"y":61.275,"x":-1.57},"parent":"root","name":"ys_suolian_eff/ys_suolian_eff_01"},{"length":138.5,"transform":{"y":61.275,"x":-1.57},"parent":"root","name":"ys_suolian_eff/ys_suolian_eff_1"},{"length":138.5,"transform":{"y":61.275,"x":-1.57},"parent":"root","name":"ys_suolian_eff/ys_suolian_eff_3"},{"length":138.5,"transform":{"y":61.275,"x":-1.57},"parent":"root","name":"ys_suolian_eff/ys_suolian_eff_4"},{"length":138.5,"transform":{"y":61.275,"x":-1.57},"parent":"root","name":"ys_suolian_eff/ys_suolian_eff_5"},{"length":138.5,"transform":{"y":61.275,"x":-1.57},"parent":"root","name":"ys_suolian_eff/ys_suolian_eff_6"},{"length":138.5,"transform":{"y":61.275,"x":-1.57},"parent":"root","name":"ys_suolian_eff/ys_suolian_eff_7"},{"length":138.5,"transform":{"y":61.275,"x":-1.57},"parent":"root","name":"ys_suolian_eff/ys_suolian_eff_8"},{"length":138.5,"transform":{"y":61.275,"x":-1.57},"parent":"root","name":"ys_suolian_eff/ys_suolian_eff_9"},{"length":138.5,"transform":{"y":61.275,"x":-1.57},"parent":"root","name":"ys_suolian_eff/ys_suolian_eff_10"}],"aabb":{"width":284.935,"y":-151.495,"height":305,"x":-80.77},"skin":[{"slot":[{"display":[{"path":"ys_suolian_eff/ys_suolian_eff_01","type":"image","name":"ys_suolian_eff/ys_suolian_eff_01","transform":{"y":1.57,"skX":90,"skY":90,"x":140.235}},{"path":"ys_suolian_eff/ys_suolian_eff_02","type":"image","name":"ys_suolian_eff/ys_suolian_eff_02","transform":{"y":1.57,"skX":90,"skY":90,"x":138.815}},{"path":"ys_suolian_eff/ys_suolian_eff_03","type":"image","name":"ys_suolian_eff/ys_suolian_eff_03","transform":{"y":1.57,"skX":90,"skY":90,"x":138.815}},{"path":"ys_suolian_eff/ys_suolian_eff_04","type":"image","name":"ys_suolian_eff/ys_suolian_eff_04","transform":{"y":1.57,"skX":90,"skY":90,"x":139.305}}],"name":"ys_suolian_eff/ys_suolian_eff_01"},{"display":[{"path":"ys_suolian_eff/ys_suolian_eff_01","type":"image","name":"ys_suolian_eff/ys_suolian_eff_01","transform":{"y":1.57,"skX":90,"skY":90,"x":140.235}},{"path":"ys_suolian_eff/ys_suolian_eff_02","type":"image","name":"ys_suolian_eff/ys_suolian_eff_02","transform":{"y":1.57,"skX":90,"skY":90,"x":138.815}},{"path":"ys_suolian_eff/ys_suolian_eff_03","type":"image","name":"ys_suolian_eff/ys_suolian_eff_03","transform":{"y":1.57,"skX":90,"skY":90,"x":138.815}},{"path":"ys_suolian_eff/ys_suolian_eff_04","type":"image","name":"ys_suolian_eff/ys_suolian_eff_04","transform":{"y":1.57,"skX":90,"skY":90,"x":139.305}}],"name":"ys_suolian_eff/ys_suolian_eff_6"},{"display":[{"path":"ys_suolian2_eff_pz","type":"image","name":"ys_suolian2_eff_pz","transform":{"scY":26.85,"y":-51.645,"scX":26.85,"x":27.185}}],"name":"ys_suolian2_eff_pz"},{"display":[{"path":"ys_suolian2_eff_01","type":"image","name":"ys_suolian2_eff_01","transform":{"y":-2.63,"x":3.73}},{"path":"ys_suolian2_eff_02","type":"image","name":"ys_suolian2_eff_02","transform":{"y":-2.63,"x":3.73}},{"path":"ys_suolian2_eff_03","type":"image","name":"ys_suolian2_eff_03","transform":{"y":-2.63,"x":3.73}},{"path":"ys_suolian2_eff_04","type":"image","name":"ys_suolian2_eff_04","transform":{"y":-2.63,"x":3.73}},{"path":"ys_suolian2_eff_05","type":"image","name":"ys_suolian2_eff_05","transform":{"y":-2.63,"x":3.73}},{"path":"ys_suolian2_eff_06","type":"image","name":"ys_suolian2_eff_06","transform":{"y":-2.63,"x":3.73}},{"path":"ys_suolian2_eff_07","type":"image","name":"ys_suolian2_eff_07","transform":{"y":-2.63,"x":3.73}}],"name":"ys_suolian2_eff_1"},{"display":[{"path":"ys_suolian_eff/ys_suolian_eff_01","type":"image","name":"ys_suolian_eff/ys_suolian_eff_01","transform":{"y":1.57,"skX":90,"skY":90,"x":140.235}},{"path":"ys_suolian_eff/ys_suolian_eff_02","type":"image","name":"ys_suolian_eff/ys_suolian_eff_02","transform":{"y":1.57,"skX":90,"skY":90,"x":138.815}},{"path":"ys_suolian_eff/ys_suolian_eff_03","type":"image","name":"ys_suolian_eff/ys_suolian_eff_03","transform":{"y":1.57,"skX":90,"skY":90,"x":138.815}},{"path":"ys_suolian_eff/ys_suolian_eff_04","type":"image","name":"ys_suolian_eff/ys_suolian_eff_04","transform":{"y":1.57,"skX":90,"skY":90,"x":139.305}}],"name":"ys_suolian_eff/ys_suolian_eff_9"},{"display":[{"path":"ys_suolian_eff/ys_suolian_eff_01","type":"image","name":"ys_suolian_eff/ys_suolian_eff_01","transform":{"y":1.57,"skX":90,"skY":90,"x":140.235}},{"path":"ys_suolian_eff/ys_suolian_eff_02","type":"image","name":"ys_suolian_eff/ys_suolian_eff_02","transform":{"y":1.57,"skX":90,"skY":90,"x":138.815}},{"path":"ys_suolian_eff/ys_suolian_eff_03","type":"image","name":"ys_suolian_eff/ys_suolian_eff_03","transform":{"y":1.57,"skX":90,"skY":90,"x":138.815}},{"path":"ys_suolian_eff/ys_suolian_eff_04","type":"image","name":"ys_suolian_eff/ys_suolian_eff_04","transform":{"y":1.57,"skX":90,"skY":90,"x":139.305}}],"name":"ys_suolian_eff/ys_suolian_eff_4"},{"display":[{"path":"ys_suolian_eff/ys_suolian_eff_01","type":"image","name":"ys_suolian_eff/ys_suolian_eff_01","transform":{"y":1.57,"skX":90,"skY":90,"x":140.235}},{"path":"ys_suolian_eff/ys_suolian_eff_02","type":"image","name":"ys_suolian_eff/ys_suolian_eff_02","transform":{"y":1.57,"skX":90,"skY":90,"x":138.815}},{"path":"ys_suolian_eff/ys_suolian_eff_03","type":"image","name":"ys_suolian_eff/ys_suolian_eff_03","transform":{"y":1.57,"skX":90,"skY":90,"x":138.815}},{"path":"ys_suolian_eff/ys_suolian_eff_04","type":"image","name":"ys_suolian_eff/ys_suolian_eff_04","transform":{"y":1.57,"skX":90,"skY":90,"x":139.305}}],"name":"ys_suolian_eff/ys_suolian_eff_3"},{"display":[{"path":"ys_suolian_eff/ys_suolian_eff_01","type":"image","name":"ys_suolian_eff/ys_suolian_eff_01","transform":{"y":1.57,"skX":90,"skY":90,"x":140.235}},{"path":"ys_suolian_eff/ys_suolian_eff_02","type":"image","name":"ys_suolian_eff/ys_suolian_eff_02","transform":{"y":1.57,"skX":90,"skY":90,"x":138.815}},{"path":"ys_suolian_eff/ys_suolian_eff_03","type":"image","name":"ys_suolian_eff/ys_suolian_eff_03","transform":{"y":1.57,"skX":90,"skY":90,"x":138.815}},{"path":"ys_suolian_eff/ys_suolian_eff_04","type":"image","name":"ys_suolian_eff/ys_suolian_eff_04","transform":{"y":1.57,"skX":90,"skY":90,"x":139.305}}],"name":"ys_suolian_eff/ys_suolian_eff_8"},{"display":[{"path":"ys_suolian_eff/ys_suolian_eff_01","type":"image","name":"ys_suolian_eff/ys_suolian_eff_01","transform":{"y":1.57,"skX":90,"skY":90,"x":140.235}},{"path":"ys_suolian_eff/ys_suolian_eff_02","type":"image","name":"ys_suolian_eff/ys_suolian_eff_02","transform":{"y":1.57,"skX":90,"skY":90,"x":138.815}},{"path":"ys_suolian_eff/ys_suolian_eff_03","type":"image","name":"ys_suolian_eff/ys_suolian_eff_03","transform":{"y":1.57,"skX":90,"skY":90,"x":138.815}},{"path":"ys_suolian_eff/ys_suolian_eff_04","type":"image","name":"ys_suolian_eff/ys_suolian_eff_04","transform":{"y":1.57,"skX":90,"skY":90,"x":139.305}}],"name":"ys_suolian_eff/ys_suolian_eff_10"},{"display":[{"path":"ys_suolian_eff/ys_suolian_eff_01","type":"image","name":"ys_suolian_eff/ys_suolian_eff_01","transform":{"y":1.57,"skX":90,"skY":90,"x":140.235}},{"path":"ys_suolian_eff/ys_suolian_eff_02","type":"image","name":"ys_suolian_eff/ys_suolian_eff_02","transform":{"y":1.57,"skX":90,"skY":90,"x":138.815}},{"path":"ys_suolian_eff/ys_suolian_eff_03","type":"image","name":"ys_suolian_eff/ys_suolian_eff_03","transform":{"y":1.57,"skX":90,"skY":90,"x":138.815}},{"path":"ys_suolian_eff/ys_suolian_eff_04","type":"image","name":"ys_suolian_eff/ys_suolian_eff_04","transform":{"y":1.57,"skX":90,"skY":90,"x":139.305}}],"name":"ys_suolian_eff/ys_suolian_eff_7"},{"display":[{"path":"ys_suolian_eff/ys_suolian_eff_01","type":"image","name":"ys_suolian_eff/ys_suolian_eff_01","transform":{"y":1.57,"skX":90,"skY":90,"x":140.235}},{"path":"ys_suolian_eff/ys_suolian_eff_02","type":"image","name":"ys_suolian_eff/ys_suolian_eff_02","transform":{"y":1.57,"skX":90,"skY":90,"x":138.815}},{"path":"ys_suolian_eff/ys_suolian_eff_03","type":"image","name":"ys_suolian_eff/ys_suolian_eff_03","transform":{"y":1.57,"skX":90,"skY":90,"x":138.815}},{"path":"ys_suolian_eff/ys_suolian_eff_04","type":"image","name":"ys_suolian_eff/ys_suolian_eff_04","transform":{"y":1.57,"skX":90,"skY":90,"x":139.305}}],"name":"ys_suolian_eff/ys_suolian_eff_5"},{"display":[{"path":"ys_suolian_eff/ys_suolian_eff_01","type":"image","name":"ys_suolian_eff/ys_suolian_eff_01","transform":{"y":1.57,"skX":90,"skY":90,"x":140.235}},{"path":"ys_suolian_eff/ys_suolian_eff_02","type":"image","name":"ys_suolian_eff/ys_suolian_eff_02","transform":{"y":1.57,"skX":90,"skY":90,"x":138.815}},{"path":"ys_suolian_eff/ys_suolian_eff_03","type":"image","name":"ys_suolian_eff/ys_suolian_eff_03","transform":{"y":1.57,"skX":90,"skY":90,"x":138.815}},{"path":"ys_suolian_eff/ys_suolian_eff_04","type":"image","name":"ys_suolian_eff/ys_suolian_eff_04","transform":{"y":1.57,"skX":90,"skY":90,"x":139.305}}],"name":"ys_suolian_eff/ys_suolian_eff_1"},{"display":[{"path":"ys_suolian2_eff_01","type":"image","name":"ys_suolian2_eff_01","transform":{"y":-2.63,"x":3.73}},{"path":"ys_suolian2_eff_02","type":"image","name":"ys_suolian2_eff_02","transform":{"y":-2.63,"x":3.73}},{"path":"ys_suolian2_eff_03","type":"image","name":"ys_suolian2_eff_03","transform":{"y":-2.63,"x":3.73}},{"path":"ys_suolian2_eff_04","type":"image","name":"ys_suolian2_eff_04","transform":{"y":-2.63,"x":3.73}},{"path":"ys_suolian2_eff_05","type":"image","name":"ys_suolian2_eff_05","transform":{"y":-2.63,"x":3.73}},{"path":"ys_suolian2_eff_06","type":"image","name":"ys_suolian2_eff_06","transform":{"y":-2.63,"x":3.73}},{"path":"ys_suolian2_eff_07","type":"image","name":"ys_suolian2_eff_07","transform":{"y":-2.63,"x":3.73}}],"name":"ys_suolian2_eff_01"}],"name":""}],"slot":[{"name":"ys_suolian2_eff_pz","parent":"ys_suolian2_eff_pz","color":{}},{"z":1,"name":"ys_suolian_eff/ys_suolian_eff_01","parent":"ys_suolian_eff/ys_suolian_eff_01","color":{}},{"z":2,"name":"ys_suolian_eff/ys_suolian_eff_1","parent":"ys_suolian_eff/ys_suolian_eff_1","color":{}},{"z":3,"name":"ys_suolian_eff/ys_suolian_eff_3","parent":"ys_suolian_eff/ys_suolian_eff_3","color":{}},{"z":4,"name":"ys_suolian_eff/ys_suolian_eff_4","parent":"ys_suolian_eff/ys_suolian_eff_4","color":{}},{"z":5,"name":"ys_suolian_eff/ys_suolian_eff_5","parent":"ys_suolian_eff/ys_suolian_eff_5","color":{}},{"z":6,"name":"ys_suolian_eff/ys_suolian_eff_6","parent":"ys_suolian_eff/ys_suolian_eff_6","color":{}},{"z":7,"name":"ys_suolian_eff/ys_suolian_eff_7","parent":"ys_suolian_eff/ys_suolian_eff_7","color":{}},{"z":8,"name":"ys_suolian_eff/ys_suolian_eff_8","parent":"ys_suolian_eff/ys_suolian_eff_8","color":{}},{"z":9,"name":"ys_suolian_eff/ys_suolian_eff_9","parent":"ys_suolian_eff/ys_suolian_eff_9","color":{}},{"z":10,"name":"ys_suolian_eff/ys_suolian_eff_10","parent":"ys_suolian_eff/ys_suolian_eff_10","color":{}},{"displayIndex":4,"z":11,"name":"ys_suolian2_eff_01","parent":"ys_suolian2_eff_01","color":{}},{"displayIndex":4,"z":12,"name":"ys_suolian2_eff_1","parent":"ys_suolian2_eff_1","color":{}}],"name":"armatureName"}],"name":"ys_suolian2_eff","version":"4.0"}