{"frameRate":30,"isGlobal":0,"armature":[{"bone":[{"name":"root","transform":{}},{"transform":{"y":1.98,"x":-53.77},"name":"foot_l","parent":"root"},{"transform":{"y":-52.11,"x":-48.08},"name":"leg_l","parent":"root"},{"transform":{"y":-53.41,"x":-59.25},"name":"leg_r","parent":"root"},{"transform":{"y":-12.44,"x":24.69},"name":"arm_r","parent":"root"},{"transform":{"y":-12.68,"x":37.85},"name":"arm_l","parent":"root"},{"transform":{},"name":"Fuji","parent":"root"},{"transform":{"y":2.9,"x":24.54},"name":"hand_r","parent":"root"},{"transform":{"y":2.06,"x":38.62},"name":"hand_l","parent":"root"},{"transform":{"y":3.02,"x":-66.83},"name":"foot_r","parent":"root"},{"transform":{"y":-102.87},"name":"buff_mid","parent":"Fuji"},{"transform":{"y":-190.56},"name":"buff_up","parent":"Fuji"},{"transform":{"y":-105,"x":-45},"name":"bip","parent":"Fuji"},{"transform":{},"name":"buff_flo","parent":"Fuji"},{"length":42,"transform":{"y":2.82,"skX":13.42,"skY":13.42,"x":10.45},"parent":"bip","name":"Body"},{"length":35,"transform":{"y":-7.01,"skX":89.2,"skY":89.2,"x":1.59},"parent":"bip","name":"Thigh_R"},{"length":31,"transform":{"y":1.34,"skX":96.34,"skY":96.34,"x":16.85},"parent":"bip","name":"Thigh_L"},{"length":43,"transform":{"y":-7.01,"skX":-168.79,"skY":-168.79,"x":-8.24},"parent":"bip","name":"Tail"},{"length":42,"transform":{"y":-0.01,"skX":-39.85,"skY":-39.85,"x":42.48},"parent":"Body","name":"spine"},{"length":26,"transform":{"y":0.01,"skX":32.11,"skY":32.11,"x":31.18},"parent":"Thigh_L","name":"Fibula_L"},{"length":27,"transform":{"y":0.98,"skX":34.19,"skY":34.19,"x":35.41},"parent":"Thigh_R","name":"Fibula_R"},{"length":36,"transform":{"y":0.28,"skX":-18.98,"skY":-18.98,"x":31.12},"parent":"Fibula_R","name":"Leg_R"},{"length":33,"transform":{"y":0.34,"skX":-26.82,"skY":-26.82,"x":27.28},"parent":"Fibula_L","name":"Leg_L"},{"length":47,"transform":{"y":0.99,"skX":117.59,"skY":117.59,"x":23.01},"parent":"spine","name":"UpArm_R"},{"length":32,"transform":{"y":-2.07,"skX":-14.3,"skY":-14.3,"x":42.24},"parent":"spine","name":"Neck"},{"length":47,"transform":{"y":6.07,"skX":118.91,"skY":118.91,"x":36.56},"parent":"spine","name":"UpArm_L"},{"length":17,"transform":{"y":-0.27,"skX":-25.78,"skY":-25.78,"x":37.32},"parent":"Leg_R","name":"Foot_R"},{"length":38,"transform":{"y":0.04,"skX":79.5,"skY":79.5,"x":36.98},"parent":"Neck","name":"Head"},{"length":20,"transform":{"y":0.02,"skX":-17.5,"skY":-17.5,"x":34.16},"parent":"Leg_L","name":"Foot_L"},{"length":41,"transform":{"y":-0.21,"skX":2.54,"skY":2.54,"x":47.97},"parent":"UpArm_R","name":"Arm_R"},{"length":42,"transform":{"y":0.05,"skX":0.98,"skY":0.98,"x":48.32},"parent":"UpArm_L","name":"Arm_L"},{"length":14,"transform":{"y":-0.14,"skX":-3.58,"skY":-3.58,"x":41.31},"parent":"Arm_R","name":"Hand_R"},{"length":20,"transform":{"y":-21.83,"skX":-119.54,"skY":-119.54,"x":5.18},"parent":"Head","name":"Ear_L"},{"length":21,"transform":{"y":-18.35,"skX":-144.43,"skY":-144.43,"x":-4.64},"parent":"Head","name":"Ear_R"},{"length":14,"transform":{"y":-0.26,"skX":-6.9,"skY":-6.9,"x":42.25},"parent":"Arm_L","name":"Hand_L"},{"transform":{"y":1.84,"x":45.65},"name":"mouth","parent":"Head"},{"length":28,"transform":{"y":-0.1,"skX":-10.01,"skY":-10.01,"x":21.49},"parent":"Ear_R","name":"bone4"},{"length":26,"transform":{"y":0.08,"skX":-10.31,"skY":-10.31,"x":20.95},"parent":"Ear_L","name":"ear_l1"}],"type":"Armature","name":"armatureName","animation":[{"bone":[{"frame":[{"curve":[0.25,0,0.75,1],"transform":{},"duration":20},{"curve":[0.25,0,0.75,1],"transform":{"x":-3},"duration":20},{"transform":{},"duration":0}],"name":"Fuji"},{"frame":[{"curve":[0.25,0,0.75,1],"transform":{},"duration":20},{"curve":[0.25,0,0.75,1],"transform":{"y":1.46,"skX":-2,"skY":-2},"duration":20},{"transform":{},"duration":0}],"name":"bip"},{"frame":[{"curve":[0.25,0,0.75,1],"transform":{"skX":-0.05,"skY":-0.05},"duration":20},{"curve":[0.25,0,0.75,1],"transform":{"skX":2.14,"skY":2.14,"scX":0.992},"duration":20},{"transform":{"skX":-0.05,"skY":-0.05},"duration":0}],"name":"Body"},{"frame":[{"curve":[0.25,0,0.75,1],"transform":{"skX":-0.22,"skY":-0.22},"duration":20},{"curve":[0.25,0,0.75,1],"transform":{"skX":-0.75,"skY":-0.75},"duration":20},{"transform":{"skX":-0.22,"skY":-0.22},"duration":0}],"name":"spine"},{"frame":[{"curve":[0.25,0,0.75,1],"transform":{"skX":-2.27,"skY":-2.27},"duration":20},{"curve":[0.25,0,0.75,1],"transform":{"skX":-4.3,"skY":-4.3},"duration":20},{"transform":{"skX":-2.27,"skY":-2.27},"duration":0}],"name":"Neck"},{"frame":[{"curve":[0.25,0,0.75,1],"transform":{"skX":-0.91,"skY":-0.91},"duration":20},{"curve":[0.25,0,0.75,1],"transform":{"skX":4.53,"skY":4.53},"duration":20},{"transform":{"skX":-0.91,"skY":-0.91},"duration":0}],"name":"Head"},{"frame":[{"curve":[0.25,0,0.75,1],"transform":{},"duration":20},{"curve":[0.25,0,0.75,1],"transform":{"scY":0.749,"scX":0.749},"duration":20},{"transform":{},"duration":0}],"name":"mouth"},{"frame":[{"curve":[0.25,0,0.75,1],"transform":{"skX":-3.8,"skY":-3.8},"duration":20},{"curve":[0.25,0,0.75,1],"transform":{"skX":3.96,"skY":3.96},"duration":20},{"transform":{"skX":-3.8,"skY":-3.8},"duration":0}],"name":"Ear_R"},{"frame":[{"curve":[0.25,0,0.75,1],"transform":{"skX":-2.53,"skY":-2.53},"duration":20},{"curve":[0.25,0,0.75,1],"transform":{"skX":2.96,"skY":2.96},"duration":20},{"transform":{"skX":-2.53,"skY":-2.53},"duration":0}],"name":"Ear_L"},{"frame":[{"curve":[0.25,0,0.625,0.5],"transform":{"y":-2.12,"x":-0.12},"duration":20},{"curve":[0.375,0.5,0.75,1],"transform":{"y":-2.12,"scX":0.994,"x":-0.12},"duration":20},{"transform":{"y":-2.12,"x":-0.12},"duration":0}],"name":"UpArm_R"},{"frame":[{"transform":{},"duration":20},{"transform":{},"duration":20},{"transform":{},"duration":0}],"name":"Arm_R"},{"frame":[{"transform":{},"duration":20},{"transform":{},"duration":20},{"transform":{},"duration":0}],"name":"Hand_R"},{"frame":[{"transform":{},"duration":20},{"transform":{},"duration":20},{"transform":{},"duration":0}],"name":"UpArm_L"},{"frame":[{"transform":{},"duration":20},{"transform":{},"duration":20},{"transform":{},"duration":0}],"name":"Arm_L"},{"frame":[{"transform":{},"duration":20},{"transform":{},"duration":20},{"transform":{},"duration":0}],"name":"Hand_L"},{"frame":[{"transform":{},"duration":20},{"transform":{},"duration":20},{"transform":{},"duration":0}],"name":"Thigh_R"},{"frame":[{"transform":{},"duration":20},{"transform":{},"duration":20},{"transform":{},"duration":0}],"name":"Fibula_R"},{"frame":[{"transform":{},"duration":20},{"transform":{},"duration":20},{"transform":{},"duration":0}],"name":"Leg_R"},{"frame":[{"transform":{},"duration":20},{"transform":{},"duration":20},{"transform":{},"duration":0}],"name":"Foot_R"},{"frame":[{"transform":{"y":1.02,"x":-7.09},"duration":20},{"transform":{"y":1.02,"x":-7.09},"duration":20},{"transform":{"y":1.02,"x":-7.09},"duration":0}],"name":"Thigh_L"},{"frame":[{"transform":{},"duration":20},{"transform":{},"duration":20},{"transform":{},"duration":0}],"name":"Fibula_L"},{"frame":[{"transform":{},"duration":20},{"transform":{},"duration":20},{"transform":{},"duration":0}],"name":"Leg_L"},{"frame":[{"transform":{},"duration":20},{"transform":{},"duration":20},{"transform":{},"duration":0}],"name":"Foot_L"},{"frame":[{"curve":[0.25,0,0.75,1],"transform":{"skX":-37.06,"skY":-37.06},"duration":20},{"curve":[0.25,0,0.75,1],"transform":{"skX":317.14,"skY":317.14},"duration":20},{"transform":{"skX":-37.06,"skY":-37.06},"duration":0}],"name":"Tail"},{"frame":[{"transform":{"y":-0.49,"x":1.2},"duration":20},{"transform":{"y":-0.49,"x":1.2},"duration":20},{"transform":{"y":-0.49,"x":1.2},"duration":0}],"name":"leg_r"},{"frame":[{"transform":{"y":-2.74,"x":-9.67},"duration":20},{"transform":{"y":-2.74,"x":-9.67},"duration":20},{"transform":{"y":-2.74,"x":-9.67},"duration":0}],"name":"arm_r"},{"frame":[{"transform":{"y":-1.47,"x":-3.11},"duration":20},{"transform":{"y":-1.47,"x":-3.11},"duration":20},{"transform":{"y":-1.47,"x":-3.11},"duration":0}],"name":"foot_r"},{"frame":[{"transform":{"y":-0.69,"x":16.72},"duration":20},{"transform":{"y":-0.69,"x":16.72},"duration":20},{"transform":{"y":-0.69,"x":16.72},"duration":0}],"name":"hand_l"},{"frame":[{"curve":[0.25,0,0.75,1],"transform":{"y":0.98,"x":12.46},"duration":20},{"curve":[0.25,0,0.75,1],"transform":{"y":0.98,"x":13.03},"duration":20},{"transform":{"y":0.98,"x":12.46},"duration":0}],"name":"leg_l"},{"frame":[{"transform":{"y":-0.69,"x":16.72},"duration":20},{"transform":{"y":-0.69,"x":16.72},"duration":20},{"transform":{"y":-0.69,"x":16.72},"duration":0}],"name":"arm_l"},{"frame":[{"transform":{"y":0.49,"x":11.97},"duration":20},{"transform":{"y":0.49,"x":11.97},"duration":20},{"transform":{"y":0.49,"x":11.97},"duration":0}],"name":"foot_l"},{"frame":[{"transform":{"y":-2.74,"x":-9.67},"duration":20},{"transform":{"y":-2.74,"x":-9.67},"duration":20},{"transform":{"y":-2.74,"x":-9.67},"duration":0}],"name":"hand_r"},{"frame":[{"tweenEasing":0,"transform":{},"duration":20},{"tweenEasing":0,"transform":{"skX":5.01,"skY":5.01},"duration":20},{"transform":{},"duration":0}],"name":"bone4"},{"frame":[{"tweenEasing":0,"transform":{},"duration":20},{"tweenEasing":0,"transform":{"skX":10.43,"skY":10.43},"duration":20},{"transform":{},"duration":0}],"name":"ear_l1"},{"frame":[{"transform":{},"duration":40},{"transform":{},"duration":0}],"name":"buff_up"},{"frame":[{"transform":{},"duration":40},{"transform":{},"duration":0}],"name":"buff_mid"},{"frame":[{"transform":{},"duration":40},{"transform":{},"duration":0}],"name":"buff_flo"},{"frame":[{"transform":{},"duration":40}],"name":"root"}],"slot":[],"ffd":[],"ik":[],"frame":[],"name":"0000_daiji","duration":40},{"bone":[{"frame":[{"transform":{},"duration":30},{"transform":{},"duration":0}],"name":"Fuji"},{"frame":[{"curve":[0.2245,0.11,0.6859999999999999,0.6699999999999999],"transform":{"y":7.18},"duration":3},{"curve":[0.267,0.37,0.77,1],"transform":{"y":9.68},"duration":9},{"curve":[0.071,0.23,0.75,1],"transform":{"y":9.68,"skX":2.66,"skY":2.66},"duration":3},{"curve":[0.239,0,0.614,0.4],"transform":{"y":2.87,"skX":2.66,"skY":2.66,"x":-0.07},"duration":6},{"curve":[0.414,0.28,0.847,0.69],"transform":{"y":3.06,"skX":2.66,"skY":2.66},"duration":3},{"curve":[0.25,0,0.837,0.78],"transform":{"y":3.06,"skX":-2.84,"skY":-2.84},"duration":6},{"transform":{"y":7.18},"duration":0}],"name":"bip"},{"frame":[{"tweenEasing":0,"transform":{"skX":-3.94,"skY":-3.94},"duration":3},{"tweenEasing":0,"transform":{"skX":-2.2,"skY":-2.2},"duration":6},{"tweenEasing":0,"transform":{"skX":-7.52,"skY":-7.52},"duration":6},{"tweenEasing":0,"transform":{"skX":-19.58,"skY":-19.58},"duration":15},{"transform":{"skX":-3.94,"skY":-3.94},"duration":0}],"name":"Body"},{"frame":[{"tweenEasing":0,"transform":{"skX":-4.75,"skY":-4.75},"duration":3},{"tweenEasing":0,"transform":{"skX":-4.26,"skY":-4.26},"duration":6},{"tweenEasing":0,"transform":{"skX":14.3,"skY":14.3},"duration":6},{"tweenEasing":0,"transform":{"skX":31.54,"skY":31.54},"duration":15},{"transform":{"skX":-4.75,"skY":-4.75},"duration":0}],"name":"spine"},{"frame":[{"tweenEasing":0,"transform":{"skX":1.87,"skY":1.87},"duration":6},{"tweenEasing":0,"transform":{"skX":5.84,"skY":5.84},"duration":9},{"tweenEasing":0,"transform":{"skX":-7.83,"skY":-7.83},"duration":15},{"transform":{"skX":1.87,"skY":1.87},"duration":0}],"name":"Neck"},{"frame":[{"tweenEasing":0,"transform":{"skX":-7.91,"skY":-7.91},"duration":6},{"tweenEasing":0,"transform":{"skX":-9.93,"skY":-9.93},"duration":9},{"tweenEasing":0,"transform":{"skX":1.89,"skY":1.89},"duration":15},{"transform":{"skX":-7.91,"skY":-7.91},"duration":0}],"name":"Head"},{"frame":[{"tweenEasing":0,"transform":{},"duration":15},{"tweenEasing":0,"transform":{"scY":0.823,"scX":0.823,"x":-6.57},"duration":15},{"transform":{},"duration":0}],"name":"mouth"},{"frame":[{"tweenEasing":0,"transform":{"skX":-3.8,"skY":-3.8},"duration":15},{"tweenEasing":0,"transform":{"skX":3.04,"skY":3.04},"duration":15},{"transform":{"skX":-3.8,"skY":-3.8},"duration":0}],"name":"Ear_R"},{"frame":[{"tweenEasing":0,"transform":{"skX":-2.53,"skY":-2.53},"duration":15},{"tweenEasing":0,"transform":{"skX":7.49,"skY":7.49},"duration":15},{"transform":{"skX":-2.53,"skY":-2.53},"duration":0}],"name":"Ear_L"},{"frame":[{"tweenEasing":0,"transform":{"skX":-32.29,"skY":-32.29},"duration":3},{"tweenEasing":0,"transform":{"skX":-24.56,"skY":-24.56},"duration":3},{"tweenEasing":0,"transform":{"skX":-6.24,"skY":-6.24,"scX":0.923},"duration":1},{"tweenEasing":0,"transform":{"skX":-6.24,"skY":-6.24,"scX":0.929},"duration":1},{"tweenEasing":0,"transform":{"skX":-6.24,"skY":-6.24,"scX":0.96},"duration":1},{"tweenEasing":0,"transform":{"skX":16.81,"skY":16.81},"duration":3},{"tweenEasing":0,"transform":{"skX":16.35,"skY":16.35},"duration":3},{"tweenEasing":0,"transform":{"skX":-5.11,"skY":-5.11},"duration":3},{"tweenEasing":0,"transform":{"skX":-26.03,"skY":-26.03},"duration":3},{"tweenEasing":0,"transform":{"skX":-39.16,"skY":-39.16},"duration":3},{"tweenEasing":0,"transform":{"skX":-48.59,"skY":-48.59},"duration":3},{"tweenEasing":0,"transform":{"skX":-54.21,"skY":-54.21},"duration":3},{"transform":{"skX":-32.29,"skY":-32.29},"duration":0}],"name":"UpArm_R"},{"frame":[{"tweenEasing":0,"transform":{"skX":2.06,"skY":2.06},"duration":3},{"tweenEasing":0,"transform":{"skX":5.46,"skY":5.46},"duration":3},{"tweenEasing":0,"transform":{"skX":0.67,"skY":0.67},"duration":3},{"tweenEasing":0,"transform":{"skX":-5.91,"skY":-5.91},"duration":3},{"tweenEasing":0,"transform":{"skX":30.21,"skY":30.21},"duration":3},{"tweenEasing":0,"transform":{"skX":52.15,"skY":52.15},"duration":3},{"tweenEasing":0,"transform":{"skX":76.39,"skY":76.39},"duration":3},{"tweenEasing":0,"transform":{"skX":62.56,"skY":62.56},"duration":3},{"tweenEasing":0,"transform":{"skX":36.91,"skY":36.91},"duration":3},{"tweenEasing":0,"transform":{"skX":28.19,"skY":28.19},"duration":3},{"transform":{"skX":2.06,"skY":2.06},"duration":0}],"name":"Arm_R"},{"frame":[{"tweenEasing":0,"transform":{"skX":22.64,"skY":22.64},"duration":3},{"tweenEasing":0,"transform":{"skX":24.81,"skY":24.81},"duration":3},{"tweenEasing":0,"transform":{"skX":2.07,"skY":2.07},"duration":2},{"tweenEasing":0,"transform":{"skX":-12.31,"skY":-12.31},"duration":1},{"tweenEasing":0,"transform":{"skX":-18.35,"skY":-18.35},"duration":3},{"tweenEasing":0,"transform":{"skX":31.84,"skY":31.84},"duration":3},{"tweenEasing":0,"transform":{"skX":44.19,"skY":44.19},"duration":3},{"tweenEasing":0,"transform":{"skX":58.93,"skY":58.93},"duration":3},{"tweenEasing":0,"transform":{"skX":50.15,"skY":50.15},"duration":3},{"tweenEasing":0,"transform":{"skX":37.71,"skY":37.71},"duration":3},{"tweenEasing":0,"transform":{"skX":30.69,"skY":30.69},"duration":3},{"transform":{"skX":22.64,"skY":22.64},"duration":0}],"name":"Hand_R"},{"frame":[{"tweenEasing":0,"transform":{"skX":-55.19,"skY":-55.19},"duration":3},{"tweenEasing":0,"transform":{"skX":-60.2,"skY":-60.2},"duration":3},{"tweenEasing":0,"transform":{"skX":-41.39,"skY":-41.39},"duration":3},{"tweenEasing":0,"transform":{"scY":0.93,"skX":-18.96,"skY":-18.96,"scX":0.93},"duration":3},{"tweenEasing":0,"transform":{"skX":-11.32,"skY":-11.32,"scX":0.963},"duration":3},{"tweenEasing":0,"transform":{"skX":-0.7,"skY":-0.7,"scX":1.046},"duration":3},{"tweenEasing":0,"transform":{"skX":17.36,"skY":17.36,"scX":1.046},"duration":3},{"tweenEasing":0,"transform":{"skX":17.04,"skY":17.04,"scX":1.046},"duration":3},{"tweenEasing":0,"transform":{"skX":-13.56,"skY":-13.56,"scX":1.046},"duration":3},{"tweenEasing":0,"transform":{"skX":-31.06,"skY":-31.06,"scX":1.046},"duration":3},{"transform":{"skX":-55.19,"skY":-55.19},"duration":0}],"name":"UpArm_L"},{"frame":[{"tweenEasing":0,"transform":{"skX":73.07,"skY":73.07},"duration":3},{"tweenEasing":0,"transform":{"skX":35.3,"skY":35.3},"duration":3},{"tweenEasing":0,"transform":{"skX":1.22,"skY":1.22},"duration":3},{"tweenEasing":0,"transform":{"skX":0.89,"skY":0.89},"duration":3},{"tweenEasing":0,"transform":{"skX":-0.93,"skY":-0.93},"duration":3},{"tweenEasing":0,"transform":{"skX":-2.88,"skY":-2.88},"duration":3},{"tweenEasing":0,"transform":{"skX":8.36,"skY":8.36},"duration":3},{"tweenEasing":0,"transform":{"skX":31.32,"skY":31.32},"duration":3},{"tweenEasing":0,"transform":{"skX":56.47,"skY":56.47},"duration":3},{"tweenEasing":0,"transform":{"skX":56.77,"skY":56.77},"duration":3},{"transform":{"skX":73.07,"skY":73.07},"duration":0}],"name":"Arm_L"},{"frame":[{"tweenEasing":0,"transform":{"skX":33.96,"skY":33.96},"duration":3},{"tweenEasing":0,"transform":{"skX":58.26,"skY":58.26},"duration":3},{"tweenEasing":0,"transform":{"skX":15.05,"skY":15.05},"duration":3},{"tweenEasing":0,"transform":{"skX":5.04,"skY":5.04},"duration":3},{"tweenEasing":0,"transform":{"skX":-0.36,"skY":-0.36},"duration":3},{"tweenEasing":0,"transform":{"skX":-7.43,"skY":-7.43},"duration":3},{"tweenEasing":0,"transform":{"skX":20.32,"skY":20.32},"duration":3},{"tweenEasing":0,"transform":{"skX":38.04,"skY":38.04},"duration":3},{"tweenEasing":0,"transform":{"skX":60.67,"skY":60.67},"duration":3},{"tweenEasing":0,"transform":{"skX":61.14,"skY":61.14},"duration":3},{"transform":{"skX":33.96,"skY":33.96},"duration":0}],"name":"Hand_L"},{"frame":[{"tweenEasing":0,"transform":{"skX":5.11,"skY":5.11},"duration":3},{"tweenEasing":0,"transform":{"skX":13.56,"skY":13.56},"duration":3},{"tweenEasing":0,"transform":{"skX":2.52,"skY":2.52},"duration":3},{"tweenEasing":0,"transform":{"skX":-6.38,"skY":-6.38},"duration":3},{"tweenEasing":0,"transform":{"skX":-14.22,"skY":-14.22},"duration":3},{"tweenEasing":0,"transform":{"skX":-21.03,"skY":-21.03},"duration":3},{"tweenEasing":0,"transform":{"skX":-24.58,"skY":-24.58},"duration":3},{"tweenEasing":0,"transform":{"skX":-25.54,"skY":-25.54},"duration":3},{"tweenEasing":0,"transform":{"skX":-14.6,"skY":-14.6},"duration":3},{"tweenEasing":0,"transform":{"skX":-0.87,"skY":-0.87},"duration":3},{"transform":{"skX":5.11,"skY":5.11},"duration":0}],"name":"Thigh_R"},{"frame":[{"tweenEasing":0,"transform":{"skX":15.95,"skY":15.95},"duration":3},{"tweenEasing":0,"transform":{"skX":18.35,"skY":18.35},"duration":3},{"tweenEasing":0,"transform":{"skX":35.35,"skY":35.35},"duration":3},{"tweenEasing":0,"transform":{"skX":35.22,"skY":35.22},"duration":3},{"tweenEasing":0,"transform":{"skX":31.16,"skY":31.16},"duration":3},{"tweenEasing":0,"transform":{"skX":23.87,"skY":23.87},"duration":3},{"tweenEasing":0,"transform":{"skX":22.16,"skY":22.16},"duration":3},{"tweenEasing":0,"transform":{"skX":17.31,"skY":17.31},"duration":3},{"tweenEasing":0,"transform":{"skX":18.61,"skY":18.61},"duration":2},{"tweenEasing":0,"transform":{"skX":21.43,"skY":21.43},"duration":1},{"tweenEasing":0,"transform":{"skX":21.16,"skY":21.16},"duration":1},{"tweenEasing":0,"transform":{"skX":21.66,"skY":21.66},"duration":2},{"transform":{"skX":15.95,"skY":15.95},"duration":0}],"name":"Fibula_R"},{"frame":[{"tweenEasing":0,"transform":{"skX":-18.24,"skY":-18.24},"duration":3},{"tweenEasing":0,"transform":{"skX":4.65,"skY":4.65},"duration":3},{"tweenEasing":0,"transform":{"skX":-13.55,"skY":-13.55},"duration":3},{"tweenEasing":0,"transform":{"skX":-28.52,"skY":-28.52},"duration":3},{"tweenEasing":0,"transform":{"skX":-46.03,"skY":-46.03},"duration":3},{"tweenEasing":0,"transform":{"skX":-65.57,"skY":-65.57},"duration":3},{"tweenEasing":0,"transform":{"skX":-68.29,"skY":-68.29},"duration":3},{"tweenEasing":0,"transform":{"skX":-48.59,"skY":-48.59},"duration":3},{"tweenEasing":0,"transform":{"skX":-46.13,"skY":-46.13},"duration":2},{"tweenEasing":0,"transform":{"skX":-49.86,"skY":-49.86},"duration":1},{"tweenEasing":0,"transform":{"skX":-47.51,"skY":-47.51},"duration":3},{"transform":{"skX":-18.24,"skY":-18.24},"duration":0}],"name":"Leg_R"},{"frame":[{"tweenEasing":0,"transform":{"skX":-6.25,"skY":-6.25},"duration":3},{"tweenEasing":0,"transform":{"skX":30.1,"skY":30.1},"duration":3},{"tweenEasing":0,"transform":{"skX":40.92,"skY":40.92},"duration":3},{"tweenEasing":0,"transform":{"skX":47.88,"skY":47.88},"duration":3},{"tweenEasing":0,"transform":{"skX":38.04,"skY":38.04},"duration":3},{"tweenEasing":0,"transform":{"skX":46.54,"skY":46.54},"duration":3},{"tweenEasing":0,"transform":{"skX":31.37,"skY":31.37},"duration":3},{"tweenEasing":0,"transform":{"skX":19.1,"skY":19.1},"duration":3},{"tweenEasing":0,"transform":{"skX":39.12,"skY":39.12},"duration":2},{"tweenEasing":0,"transform":{"skX":34.41,"skY":34.41},"duration":1},{"tweenEasing":0,"transform":{"skX":26.77,"skY":26.77},"duration":1},{"tweenEasing":0,"transform":{"skX":13.76,"skY":13.76},"duration":2},{"transform":{"skX":-6.25,"skY":-6.25},"duration":0}],"name":"Foot_R"},{"frame":[{"tweenEasing":0,"transform":{"skX":-2.51,"skY":-2.51},"duration":3},{"tweenEasing":0,"transform":{"skX":12.28,"skY":12.28},"duration":3},{"tweenEasing":0,"transform":{"skX":17.04,"skY":17.04},"duration":3},{"tweenEasing":0,"transform":{"skX":2.93,"skY":2.93},"duration":3},{"tweenEasing":0,"transform":{"skX":-15.92,"skY":-15.92},"duration":3},{"tweenEasing":0,"transform":{"skX":-23.2,"skY":-23.2},"duration":3},{"tweenEasing":0,"transform":{"skX":-27.35,"skY":-27.35},"duration":3},{"tweenEasing":0,"transform":{"skX":-29.83,"skY":-29.83},"duration":3},{"tweenEasing":0,"transform":{"skX":-19.43,"skY":-19.43},"duration":3},{"tweenEasing":0,"transform":{"skX":-18.1,"skY":-18.1},"duration":3},{"transform":{"skX":-2.51,"skY":-2.51},"duration":0}],"name":"Thigh_L"},{"frame":[{"tweenEasing":0,"transform":{"skX":-1.52,"skY":-1.52},"duration":1},{"tweenEasing":0,"transform":{"skX":10.47,"skY":10.47},"duration":1},{"tweenEasing":0,"transform":{"skX":13.69,"skY":13.69},"duration":1},{"tweenEasing":0,"transform":{"skX":6.3,"skY":6.3},"duration":3},{"tweenEasing":0,"transform":{"skX":27.9,"skY":27.9},"duration":3},{"tweenEasing":0,"transform":{"skX":36.87,"skY":36.87},"duration":3},{"tweenEasing":0,"transform":{"skX":30.9,"skY":30.9},"duration":3},{"tweenEasing":0,"transform":{"skX":25.98,"skY":25.98},"duration":3},{"tweenEasing":0,"transform":{"skX":22.31,"skY":22.31},"duration":3},{"tweenEasing":0,"transform":{"skX":16.83,"skY":16.83},"duration":3},{"tweenEasing":0,"transform":{"skX":14.89,"skY":14.89},"duration":3},{"tweenEasing":0,"transform":{"skX":9.42,"skY":9.42},"duration":3},{"transform":{"skX":-1.52,"skY":-1.52},"duration":0}],"name":"Fibula_L"},{"frame":[{"tweenEasing":0,"transform":{"skX":-48.5,"skY":-48.5},"duration":1},{"tweenEasing":0,"transform":{"skX":-49.88,"skY":-49.88},"duration":1},{"tweenEasing":0,"transform":{"skX":-43.98,"skY":-43.98},"duration":1},{"tweenEasing":0,"transform":{"skX":-12.07,"skY":-12.07},"duration":3},{"tweenEasing":0,"transform":{"skX":-15.13,"skY":-15.13},"duration":3},{"tweenEasing":0,"transform":{"skX":-18.8,"skY":-18.8},"duration":3},{"tweenEasing":0,"transform":{"skX":-25.06,"skY":-25.06},"duration":3},{"tweenEasing":0,"transform":{"skX":-48.14,"skY":-48.14},"duration":3},{"tweenEasing":0,"transform":{"skX":-61.71,"skY":-61.71},"duration":3},{"tweenEasing":0,"transform":{"skX":-62.99,"skY":-62.99},"duration":3},{"tweenEasing":0,"transform":{"skX":-53.55,"skY":-53.55},"duration":3},{"tweenEasing":0,"transform":{"skX":-39.31,"skY":-39.31},"duration":3},{"transform":{"skX":-48.5,"skY":-48.5},"duration":0}],"name":"Leg_L"},{"frame":[{"tweenEasing":0,"transform":{"skX":51.07,"skY":51.07},"duration":2},{"tweenEasing":0,"transform":{"skX":17.99,"skY":17.99},"duration":1},{"tweenEasing":0,"transform":{"skX":-8.98,"skY":-8.98},"duration":3},{"tweenEasing":0,"transform":{"skX":16.45,"skY":16.45},"duration":3},{"tweenEasing":0,"transform":{"skX":45.28,"skY":45.28},"duration":3},{"tweenEasing":0,"transform":{"skX":40.93,"skY":40.93},"duration":3},{"tweenEasing":0,"transform":{"skX":38.68,"skY":38.68},"duration":3},{"tweenEasing":0,"transform":{"skX":36.41,"skY":36.41},"duration":3},{"tweenEasing":0,"transform":{"skX":20.65,"skY":20.65},"duration":3},{"tweenEasing":0,"transform":{"skX":30.88,"skY":30.88},"duration":3},{"tweenEasing":0,"transform":{"skX":47.4,"skY":47.4},"duration":3},{"transform":{"skX":51.07,"skY":51.07},"duration":0}],"name":"Foot_L"},{"frame":[{"curve":[0.25,0,0.75,1],"transform":{"skX":319.62,"skY":319.62},"duration":15},{"curve":[0.25,0,0.75,1],"transform":{"skX":-3.99,"skY":-3.99},"duration":15},{"transform":{"skX":319.62,"skY":319.62},"duration":0}],"name":"Tail"},{"frame":[{"transform":{},"duration":30},{"transform":{},"duration":0}],"name":"leg_r"},{"frame":[{"transform":{},"duration":30},{"transform":{},"duration":0}],"name":"arm_r"},{"frame":[{"transform":{},"duration":30},{"transform":{},"duration":0}],"name":"foot_r"},{"frame":[{"transform":{},"duration":30},{"transform":{},"duration":0}],"name":"hand_l"},{"frame":[{"transform":{},"duration":30},{"transform":{},"duration":0}],"name":"leg_l"},{"frame":[{"transform":{},"duration":30},{"transform":{},"duration":0}],"name":"arm_l"},{"frame":[{"transform":{},"duration":30},{"transform":{},"duration":0}],"name":"foot_l"},{"frame":[{"transform":{},"duration":30},{"transform":{},"duration":0}],"name":"hand_r"},{"frame":[{"transform":{},"duration":30},{"transform":{},"duration":0}],"name":"buff_up"},{"frame":[{"transform":{},"duration":30},{"transform":{},"duration":0}],"name":"buff_mid"},{"frame":[{"transform":{},"duration":30},{"transform":{},"duration":0}],"name":"buff_flo"},{"frame":[{"transform":{},"duration":30}],"name":"root"},{"frame":[{"transform":{},"duration":30}],"name":"bone4"},{"frame":[{"transform":{},"duration":30}],"name":"ear_l1"}],"slot":[],"ffd":[],"ik":[{"frame":[{"bendPositive":true,"tweenEasing":null,"weight":0,"duration":30}],"offset":0,"name":"leg_r","scale":1},{"frame":[{"bendPositive":true,"tweenEasing":null,"weight":0,"duration":30}],"offset":0,"name":"leg_l","scale":1},{"frame":[{"bendPositive":true,"tweenEasing":null,"weight":0,"duration":30}],"offset":0,"name":"arm_l","scale":1},{"frame":[{"bendPositive":false,"tweenEasing":null,"weight":0,"duration":30}],"offset":0,"name":"foot_l","scale":1},{"frame":[{"bendPositive":true,"tweenEasing":null,"weight":0,"duration":30}],"offset":0,"name":"arm_r","scale":1},{"frame":[{"bendPositive":false,"tweenEasing":null,"weight":0,"duration":30}],"offset":0,"name":"foot_r","scale":1},{"frame":[{"bendPositive":false,"tweenEasing":null,"weight":0,"duration":30}],"offset":0,"name":"hand_l","scale":1},{"frame":[{"bendPositive":false,"tweenEasing":null,"weight":0,"duration":30}],"offset":0,"name":"hand_r","scale":1}],"frame":[],"name":"0001_yidong","duration":30},{"bone":[{"frame":[{"transform":{},"duration":30},{"transform":{},"duration":0}],"name":"Fuji"},{"frame":[{"curve":[0.25,0,0.75,1],"transform":{},"duration":6},{"tweenEasing":0,"transform":{"y":10.34,"skX":-5.89,"skY":-5.89,"x":-34.64},"duration":3},{"tweenEasing":0,"transform":{"y":13.15,"skX":-5.89,"skY":-5.89,"x":-10.32},"duration":1},{"tweenEasing":0,"transform":{"y":20.52,"skX":0.97,"skY":0.97,"x":-2.45},"duration":12},{"tweenEasing":0,"transform":{"y":18.45,"skX":-0.76,"skY":-0.76,"x":-2.15},"duration":8},{"transform":{},"duration":0}],"name":"bip"},{"frame":[{"curve":[0.25,0,0.75,1],"transform":{"skX":-0.05,"skY":-0.05},"duration":6},{"tweenEasing":0,"transform":{"skX":-47.02,"skY":-47.02},"duration":4},{"tweenEasing":0,"transform":{"skX":-10.72,"skY":-10.72},"duration":12},{"tweenEasing":0,"transform":{"skX":-12.2,"skY":-12.2},"duration":8},{"transform":{"skX":-0.05,"skY":-0.05},"duration":0}],"name":"Body"},{"frame":[{"curve":[0.25,0,0.75,1],"transform":{"skX":-0.22,"skY":-0.22},"duration":6},{"tweenEasing":0,"transform":{"skX":-2.75,"skY":-2.75},"duration":4},{"tweenEasing":0,"transform":{"skX":31.74,"skY":31.74},"duration":12},{"tweenEasing":0,"transform":{"skX":34.23,"skY":34.23},"duration":8},{"transform":{"skX":-0.22,"skY":-0.22},"duration":0}],"name":"spine"},{"frame":[{"curve":[0.25,0,0.75,1],"transform":{"skX":-2.27,"skY":-2.27},"duration":6},{"tweenEasing":0,"transform":{"skX":25.72,"skY":25.72},"duration":4},{"tweenEasing":0,"transform":{"skX":4.3,"skY":4.3},"duration":12},{"tweenEasing":0,"transform":{"skX":3.94,"skY":3.94},"duration":8},{"transform":{"skX":-2.27,"skY":-2.27},"duration":0}],"name":"Neck"},{"frame":[{"curve":[0.25,0,0.75,1],"transform":{"skX":-0.91,"skY":-0.91},"duration":6},{"tweenEasing":0,"transform":{"skX":8.15,"skY":8.15},"duration":4},{"tweenEasing":0,"transform":{"skX":-37.59,"skY":-37.59},"duration":12},{"tweenEasing":0,"transform":{"skX":-40.49,"skY":-40.49},"duration":8},{"transform":{"skX":-0.91,"skY":-0.91},"duration":0}],"name":"Head"},{"frame":[{"curve":[0.25,0,0.75,1],"transform":{},"duration":6},{"curve":[0.259,0.75,0.75,1],"transform":{"scY":0.447,"scX":0.447,"x":-11.31},"duration":4},{"curve":[0.327,0.31,0.662,0.65],"transform":{"scY":1.485,"scX":1.485,"x":-1.62},"duration":4},{"curve":[0.332,0.32,0.666,0.66],"transform":{"scY":0.79,"scX":0.79,"x":-10.36},"duration":2},{"curve":[0.334,0.33,0.669,0.67],"transform":{"scY":1.115,"scX":1.115,"x":-1.01},"duration":3},{"curve":[0.337,0.34,0.671,0.68],"transform":{"scY":0.574,"scX":0.574,"x":-11.68},"duration":3},{"curve":[0.35850000000000004,0.455,0.7015,0.835],"transform":{"scY":1.156,"scX":1.156,"x":-2.92},"duration":3},{"curve":[0.337,0.34,0.67,0.68],"transform":{"scY":0.903,"scX":0.903,"x":-2.92},"duration":5},{"transform":{},"duration":0}],"name":"mouth"},{"frame":[{"transform":{"skX":-3.8,"skY":-3.8},"duration":30},{"transform":{"skX":-3.8,"skY":-3.8},"duration":0}],"name":"Ear_R"},{"frame":[{"transform":{"skX":-2.53,"skY":-2.53},"duration":30},{"transform":{"skX":-2.53,"skY":-2.53},"duration":0}],"name":"Ear_L"},{"frame":[{"transform":{"y":-2.12,"x":-0.12},"duration":30},{"transform":{"y":-2.12,"x":-0.12},"duration":0}],"name":"UpArm_R"},{"frame":[{"transform":{},"duration":30},{"transform":{},"duration":0}],"name":"Arm_R"},{"frame":[{"transform":{},"duration":30},{"transform":{},"duration":0}],"name":"Hand_R"},{"frame":[{"transform":{},"duration":30},{"transform":{},"duration":0}],"name":"UpArm_L"},{"frame":[{"transform":{},"duration":30},{"transform":{},"duration":0}],"name":"Arm_L"},{"frame":[{"transform":{},"duration":30},{"transform":{},"duration":0}],"name":"Hand_L"},{"frame":[{"transform":{},"duration":30},{"transform":{},"duration":0}],"name":"Thigh_R"},{"frame":[{"transform":{},"duration":30},{"transform":{},"duration":0}],"name":"Fibula_R"},{"frame":[{"transform":{},"duration":30},{"transform":{},"duration":0}],"name":"Leg_R"},{"frame":[{"transform":{},"duration":30},{"transform":{},"duration":0}],"name":"Foot_R"},{"frame":[{"transform":{"y":1.02,"x":-7.09},"duration":30},{"transform":{"y":1.02,"x":-7.09},"duration":0}],"name":"Thigh_L"},{"frame":[{"transform":{},"duration":30},{"transform":{},"duration":0}],"name":"Fibula_L"},{"frame":[{"transform":{},"duration":30},{"transform":{},"duration":0}],"name":"Leg_L"},{"frame":[{"transform":{},"duration":30},{"transform":{},"duration":0}],"name":"Foot_L"},{"frame":[{"transform":{"skX":-37.06,"skY":-37.06},"duration":30},{"transform":{"skX":-37.06,"skY":-37.06},"duration":0}],"name":"Tail"},{"frame":[{"curve":[0.25,0,0.75,1],"transform":{"y":-0.69,"x":16.72},"duration":6},{"tweenEasing":0,"transform":{"y":-134.24,"x":20.91},"duration":3},{"tweenEasing":0,"transform":{"y":-43.4,"x":52},"duration":1},{"curve":[0.25,0,0.75,1],"transform":{"y":0.2,"x":67.12},"duration":12},{"curve":[0.25,0,0.75,1],"transform":{"y":-0.14,"x":63.9},"duration":8},{"transform":{"y":-0.69,"x":16.72},"duration":0}],"name":"arm_l"},{"frame":[{"curve":[0.25,0,0.75,1],"transform":{"y":-2.74,"x":-9.67},"duration":6},{"tweenEasing":0,"transform":{"y":-99.62,"x":-6.25},"duration":3},{"tweenEasing":0,"transform":{"y":-18.39,"x":39.61},"duration":1},{"curve":[0.25,0,0.75,1],"transform":{"y":-1.89,"x":60.13},"duration":12},{"curve":[0.25,0,0.75,1],"transform":{"y":-2.6,"x":56.56},"duration":8},{"transform":{"y":-2.74,"x":-9.67},"duration":0}],"name":"arm_r"},{"frame":[{"curve":[0.25,0,0.75,1],"transform":{"y":0.49,"x":11.97},"duration":6},{"tweenEasing":0,"transform":{"x":27.12},"duration":4},{"transform":{"x":26.82},"duration":12},{"curve":[0.25,0,0.75,1],"transform":{"x":26.82},"duration":8},{"transform":{"y":0.49,"x":11.97},"duration":0}],"name":"foot_l"},{"frame":[{"curve":[0.25,0,0.75,1],"transform":{"y":-1.47,"x":-3.11},"duration":6},{"tweenEasing":0,"transform":{"y":-1.7,"x":-39.37},"duration":3},{"tweenEasing":0,"transform":{"y":-1.84,"x":-39.25},"duration":1},{"transform":{"y":-1.89,"x":-38.98},"duration":12},{"curve":[0.25,0,0.75,1],"transform":{"y":-1.89,"x":-38.98},"duration":8},{"transform":{"y":-1.47,"x":-3.11},"duration":0}],"name":"foot_r"},{"frame":[{"curve":[0.25,0,0.75,1],"transform":{"y":-0.69,"x":16.72},"duration":6},{"tweenEasing":0,"transform":{"y":-133.59,"x":23.48},"duration":3},{"tweenEasing":0,"transform":{"y":-41.66,"x":49.76},"duration":1},{"curve":[0.25,0,0.75,1],"transform":{"y":-1.49,"x":68.04},"duration":12},{"curve":[0.25,0,0.75,1],"transform":{"y":-1.85,"x":64.83},"duration":8},{"transform":{"y":-0.69,"x":16.72},"duration":0}],"name":"hand_l"},{"frame":[{"curve":[0.25,0,0.75,1],"transform":{"y":-2.74,"x":-9.67},"duration":6},{"tweenEasing":0,"transform":{"y":-96.72,"x":-11.04},"duration":3},{"tweenEasing":0,"transform":{"y":-23.43,"x":44.12},"duration":1},{"curve":[0.25,0,0.75,1],"transform":{"y":-4.39,"x":60.84},"duration":12},{"curve":[0.25,0,0.75,1],"transform":{"y":-5.1,"x":57.27},"duration":8},{"transform":{"y":-2.74,"x":-9.67},"duration":0}],"name":"hand_r"},{"frame":[{"curve":[0.25,0,0.75,1],"transform":{"y":0.98,"x":12.46},"duration":6},{"tweenEasing":0,"transform":{"y":0.43,"x":13.3},"duration":3},{"tweenEasing":0,"transform":{"y":0.77,"x":26.91},"duration":1},{"curve":[0.25,0,0.75,1],"transform":{"y":0.89,"x":26.81},"duration":12},{"curve":[0.25,0,0.75,1],"transform":{"y":0.89,"x":26.87},"duration":8},{"transform":{"y":0.98,"x":12.46},"duration":0}],"name":"leg_l"},{"frame":[{"curve":[0.25,0,0.75,1],"transform":{"y":-0.49,"x":1.2},"duration":6},{"tweenEasing":0,"transform":{"y":1.54,"x":-33.61},"duration":3},{"tweenEasing":0,"transform":{"y":2.44,"x":-29.91},"duration":1},{"transform":{"y":4.78,"x":-23.67},"duration":12},{"curve":[0.25,0,0.75,1],"transform":{"y":4.78,"x":-23.67},"duration":8},{"transform":{"y":-0.49,"x":1.2},"duration":0}],"name":"leg_r"},{"frame":[{"transform":{},"duration":30},{"transform":{},"duration":0}],"name":"bone4"},{"frame":[{"transform":{},"duration":30},{"transform":{},"duration":0}],"name":"ear_l1"},{"frame":[{"transform":{},"duration":30},{"transform":{},"duration":0}],"name":"buff_up"},{"frame":[{"transform":{},"duration":30},{"transform":{},"duration":0}],"name":"buff_mid"},{"frame":[{"transform":{},"duration":30},{"transform":{},"duration":0}],"name":"buff_flo"},{"frame":[{"transform":{},"duration":30}],"name":"root"}],"slot":[],"ffd":[],"ik":[],"frame":[],"name":"0002_shifa","duration":30},{"bone":[{"frame":[{"curve":[0.25,0,0.75,1],"transform":{},"duration":20},{"curve":[0.25,0,0.75,1],"transform":{"x":-3},"duration":20},{"transform":{},"duration":0}],"name":"Fuji"},{"frame":[{"curve":[0.25,0,0.75,1],"transform":{},"duration":20},{"curve":[0.25,0,0.75,1],"transform":{"y":1.46,"skX":-2,"skY":-2},"duration":20},{"transform":{},"duration":0}],"name":"bip"},{"frame":[{"transform":{"y":1.02,"x":-7.09},"duration":20},{"transform":{"y":1.02,"x":-7.09},"duration":20},{"transform":{"y":1.02,"x":-7.09},"duration":0}],"name":"Thigh_L"},{"frame":[{"transform":{},"duration":20},{"transform":{},"duration":20},{"transform":{},"duration":0}],"name":"Fibula_L"},{"frame":[{"transform":{},"duration":20},{"transform":{},"duration":20},{"transform":{},"duration":0}],"name":"Leg_L"},{"frame":[{"transform":{},"duration":20},{"transform":{},"duration":20},{"transform":{},"duration":0}],"name":"Foot_L"},{"frame":[{"transform":{},"duration":20},{"transform":{},"duration":20},{"transform":{},"duration":0}],"name":"Thigh_R"},{"frame":[{"transform":{},"duration":20},{"transform":{},"duration":20},{"transform":{},"duration":0}],"name":"Fibula_R"},{"frame":[{"transform":{},"duration":20},{"transform":{},"duration":20},{"transform":{},"duration":0}],"name":"Leg_R"},{"frame":[{"transform":{},"duration":20},{"transform":{},"duration":20},{"transform":{},"duration":0}],"name":"Foot_R"},{"frame":[{"curve":[0.25,0,0.75,1],"transform":{"skX":-37.06,"skY":-37.06},"duration":20},{"curve":[0.25,0,0.75,1],"transform":{"skX":317.14,"skY":317.14},"duration":20},{"transform":{"skX":-37.06,"skY":-37.06},"duration":0}],"name":"Tail"},{"frame":[{"curve":[0.25,0,0.75,1],"transform":{"skX":-0.05,"skY":-0.05},"duration":20},{"curve":[0.25,0,0.75,1],"transform":{"skX":2.14,"skY":2.14,"scX":0.992},"duration":20},{"transform":{"skX":-0.05,"skY":-0.05},"duration":0}],"name":"Body"},{"frame":[{"curve":[0.25,0,0.75,1],"transform":{"skX":-0.22,"skY":-0.22},"duration":20},{"curve":[0.25,0,0.75,1],"transform":{"skX":-0.75,"skY":-0.75},"duration":20},{"transform":{"skX":-0.22,"skY":-0.22},"duration":0}],"name":"spine"},{"frame":[{"curve":[0.25,0,0.75,1],"transform":{"skX":-2.27,"skY":-2.27},"duration":20},{"curve":[0.25,0,0.75,1],"transform":{"skX":-4.3,"skY":-4.3},"duration":20},{"transform":{"skX":-2.27,"skY":-2.27},"duration":0}],"name":"Neck"},{"frame":[{"curve":[0.25,0,0.75,1],"transform":{"skX":-0.91,"skY":-0.91},"duration":20},{"curve":[0.25,0,0.75,1],"transform":{"skX":4.53,"skY":4.53},"duration":20},{"transform":{"skX":-0.91,"skY":-0.91},"duration":0}],"name":"Head"},{"frame":[{"curve":[0.25,0,0.75,1],"transform":{},"duration":20},{"curve":[0.25,0,0.75,1],"transform":{"scY":0.749,"scX":0.749},"duration":20},{"transform":{},"duration":0}],"name":"mouth"},{"frame":[{"curve":[0.25,0,0.75,1],"transform":{"skX":-3.8,"skY":-3.8},"duration":20},{"curve":[0.25,0,0.75,1],"transform":{"skX":3.96,"skY":3.96},"duration":20},{"transform":{"skX":-3.8,"skY":-3.8},"duration":0}],"name":"Ear_R"},{"frame":[{"tweenEasing":0,"transform":{},"duration":20},{"tweenEasing":0,"transform":{"skX":5.01,"skY":5.01},"duration":20},{"transform":{},"duration":0}],"name":"bone4"},{"frame":[{"curve":[0.25,0,0.75,1],"transform":{"skX":-2.53,"skY":-2.53},"duration":20},{"curve":[0.25,0,0.75,1],"transform":{"skX":2.96,"skY":2.96},"duration":20},{"transform":{"skX":-2.53,"skY":-2.53},"duration":0}],"name":"Ear_L"},{"frame":[{"tweenEasing":0,"transform":{},"duration":20},{"tweenEasing":0,"transform":{"skX":10.43,"skY":10.43},"duration":20},{"transform":{},"duration":0}],"name":"ear_l1"},{"frame":[{"curve":[0.25,0,0.625,0.5],"transform":{"y":-2.12,"x":-0.12},"duration":20},{"curve":[0.375,0.5,0.75,1],"transform":{"y":-2.12,"scX":0.994,"x":-0.12},"duration":20},{"transform":{"y":-2.12,"x":-0.12},"duration":0}],"name":"UpArm_R"},{"frame":[{"transform":{},"duration":20},{"transform":{},"duration":20},{"transform":{},"duration":0}],"name":"Arm_R"},{"frame":[{"transform":{},"duration":20},{"transform":{},"duration":20},{"transform":{},"duration":0}],"name":"Hand_R"},{"frame":[{"transform":{},"duration":20},{"transform":{},"duration":20},{"transform":{},"duration":0}],"name":"UpArm_L"},{"frame":[{"transform":{},"duration":20},{"transform":{},"duration":20},{"transform":{},"duration":0}],"name":"Arm_L"},{"frame":[{"transform":{},"duration":20},{"transform":{},"duration":20},{"transform":{},"duration":0}],"name":"Hand_L"},{"frame":[{"transform":{},"duration":40}],"name":"leg_l"},{"frame":[{"transform":{},"duration":40}],"name":"foot_l"},{"frame":[{"transform":{},"duration":40}],"name":"leg_r"},{"frame":[{"transform":{},"duration":40}],"name":"foot_r"},{"frame":[{"transform":{},"duration":40}],"name":"arm_r"},{"frame":[{"transform":{},"duration":40}],"name":"hand_r"},{"frame":[{"transform":{},"duration":40}],"name":"arm_l"},{"frame":[{"transform":{},"duration":40}],"name":"hand_l"},{"frame":[{"transform":{},"duration":40},{"transform":{},"duration":0}],"name":"buff_up"},{"frame":[{"transform":{},"duration":40},{"transform":{},"duration":0}],"name":"buff_mid"},{"frame":[{"transform":{},"duration":40},{"transform":{},"duration":0}],"name":"buff_flo"},{"frame":[{"transform":{},"duration":40}],"name":"root"}],"slot":[],"ffd":[],"ik":[],"frame":[],"name":"0003_shiluo","duration":40}],"skin":[{"slot":[{"display":[{"path":"Tail","type":"image","name":"Tail","transform":{"y":1.05,"skX":168.78,"skY":168.78,"x":20.59}}],"name":"Tail"},{"display":[{"path":"buff_up","type":"image","name":"buff_up","transform":{"y":-0.5,"x":0.5}}],"name":"buff_up"},{"display":[{"uvs":[0.13315,1.01961,1.03704,0.88606,1.03704,0.52182,0.99315,0.16771,0.84026,-0.01961,0.52811,-0.01441,0.46441,0.17782,0.2287,0.46787,-0.03704,0.79162,-0.01338,0.9906,0.65557,0.49153],"vertices":[78.36,-143.03,102.76,-149.83,102.76,-168.41,101.56,-186.46,97.43,-196.02,89.02,-195.76,87.3,-185.95,80.93,-171.16,73.77,-154.64,74.41,-144.51,92.46,-169.95],"edges":[8,9,9,0,0,1,1,2,2,3,3,4,4,5,5,6,6,7,7,8],"path":"Ear_L","bonePose":[32,0.16039802909179163,-0.9870524161681936,0.9870524161681936,0.16039802909179163,89.43385969548504,-150.86086838337164,37,-0.01884843971540831,-0.9998223523808092,0.9998223523808092,-0.01884843971540831,92.87316259825154,-171.52678465976797],"triangles":[6,10,3,10,8,1,8,0,1,10,1,2,3,10,2,4,6,3,7,8,10,5,6,4,6,7,10,8,9,0],"type":"mesh","transform":{},"slotPose":[1,0,0,1,0,0],"userEdges":[],"width":27,"height":51,"name":"Ear_L","weights":[1,32,1,1,32,1,2,32,0.72132,37,0.27867,1,37,1,2,32,0.00124,37,0.99875,1,37,1,1,37,1,2,32,0.69945,37,0.30054,1,32,1,1,32,1,2,32,0.64,37,0.36]}],"name":"Ear_L"},{"display":[{"path":"Leg_R","type":"image","name":"Leg_R","transform":{"y":-1.14,"skX":-104.4,"skY":-104.4,"x":16.45}}],"name":"Leg_R"},{"display":[{"path":"UpArm_L","type":"image","name":"UpArm_L","transform":{"y":-0.57,"skX":-92.46,"skY":-92.46,"x":24.12}}],"name":"UpArm_L"},{"display":[{"path":"Hand_R","type":"image","name":"Hand_R","transform":{"y":-1.66,"skX":-90.05,"skY":-90.05,"x":7.93}}],"name":"Hand_R"},{"display":[{"path":"Leg_L","type":"image","name":"Leg_L","transform":{"y":-0.84,"skX":-101.62,"skY":-101.62,"x":18.66}}],"name":"Leg_L"},{"display":[{"uvs":[-0.00847,0.65134,0.18793,0.88632,0.44156,1.01408,0.75786,1.01408,0.96338,0.88148,1.00847,0.52536,1.00847,0.28553,0.81033,-0.01408,0.65291,-0.01408,0.54942,0.10142,0.31912,0.14018,0.19959,0.08447,-0.00847,0.27585,0.51149,0.57383,0.306,0.54475,0.77098,0.5399],"vertices":[-53.23,-86.76,-30.04,-70.1,-0.11,-61.05,37.2,-61.07,61.45,-70.49,66.74,-95.78,66.73,-112.81,43.35,-134.05,24.77,-134.04,12.57,-125.84,-14.61,-123.07,-28.7,-127.02,-53.24,-113.42,8.11,-92.3,-16.13,-94.36,38.72,-94.73],"edges":[0,1,1,2,2,3,3,4,4,5,5,6,6,7,7,8,8,9,9,10,10,11,11,12,12,0],"path":"Body","bonePose":[14,0.9726949236671332,0.23208745220754667,-0.23208745220754667,0.9726949236671332,-34.55,-102.18,18,0.8954788270324119,-0.44510411179482023,0.44510411179482023,0.8954788270324119,6.7724012319018865,-92.33065197946009,24,0.7577927943640242,-0.6524952726341883,0.6524952726341883,0.7577927943640242,43.676061374335696,-112.9854908336304],"triangles":[15,4,5,15,5,6,7,15,6,15,3,4,8,9,15,13,3,15,8,15,7,13,2,3,9,13,15,14,2,13,10,14,13,10,13,9,14,1,2,11,12,14,11,14,10,0,1,14,12,0,14],"type":"mesh","transform":{},"slotPose":[1,0,0,1,0,0],"userEdges":[],"width":118,"height":71,"name":"Body","weights":[1,14,1,1,14,1,2,14,0.51437,18,0.48562,1,18,1,1,18,1,2,18,0.92,24,0.08,2,18,0.85,24,0.15,2,18,0.12,24,0.88,1,18,1,2,14,0.5,18,0.5,1,14,1,1,14,1,1,14,1,2,14,0.5,18,0.5,1,14,1,1,18,1]}],"name":"Body"},{"display":[{"path":"Fibula_L","type":"image","name":"Fibula_L","transform":{"y":-2.8,"skX":-128.63,"skY":-128.63,"x":9.4}}],"name":"Fibula_L"},{"display":[{"path":"UpArm_R","type":"image","name":"UpArm_R","transform":{"y":-1.42,"skX":-91.13,"skY":-91.13,"x":25.12}}],"name":"UpArm_R"},{"display":[{"uvs":[-0.03571,0.11019,0.06324,0.54748,0.06324,0.88856,0.24753,1.01695,0.46867,1.01695,1.03571,0.73697,1.03571,0.61452,0.80039,0.33174,0.32124,-0.01695,-0.03571,0.00232,0.46859,0.45127],"vertices":[59.8,-193.52,62.54,-167.72,62.52,-147.61,67.67,-140.03,73.86,-140.03,89.75,-156.52,89.76,-163.74,83.19,-180.42,69.79,-201.01,59.81,-199.9,73.9,-173.39],"edges":[0,1,1,2,2,3,3,4,4,5,5,6,6,7,7,8,8,9,9,0],"path":"Ear_R","bonePose":[36,-0.4331872223389692,-0.9013039611597458,0.9013039611597458,-0.4331872223389692,73.70133209010007,-174.96217985598747,33,-0.2699282944604961,-0.9628804265585876,0.9628804265585876,-0.2699282944604961,79.59837918071199,-154.29687231868945],"triangles":[7,10,6,10,1,5,1,2,5,6,10,5,2,4,5,0,10,7,8,0,7,2,3,4,0,1,10,9,0,8],"type":"mesh","transform":{},"slotPose":[1,0,0,1,0,0],"userEdges":[],"width":28,"height":59,"name":"Ear_R","weights":[1,36,1,2,33,0.66666,36,0.33333,1,33,1,1,33,1,1,33,1,1,33,1,1,33,1,2,33,0.66666,36,0.33333,1,36,1,1,36,1,2,33,0.62,36,0.38]}],"name":"Ear_R"},{"display":[{"path":"Hand_L","type":"image","name":"Hand_L","transform":{"y":-1.09,"skX":-86.52,"skY":-86.52,"x":5.72}}],"name":"Hand_L"},{"display":[{"path":"Foot_R","type":"image","name":"Foot_R","transform":{"y":-2.46,"skX":-78.58,"skY":-78.58,"x":8.15}}],"name":"Foot_R"},{"display":[{"path":"buff_mid","type":"image","name":"buff_mid","transform":{"x":1.01}}],"name":"buff_mid"},{"display":[{"path":"buff_flo","type":"image","name":"buff_flo","transform":{"y":-0.5,"x":0.5}}],"name":"buff_flo"},{"display":[{"path":"Fibula_R","type":"image","name":"Fibula_R","transform":{"y":-1.49,"skX":-123.66,"skY":-123.66,"x":9.25}}],"name":"Fibula_R"},{"display":[{"path":"Arm_R","type":"image","name":"Arm_R","transform":{"y":-0.54,"skX":-93.64,"skY":-93.64,"x":21.68}}],"name":"Arm_R"},{"display":[{"path":"Thigh_R","type":"image","name":"Thigh_R","transform":{"y":-1.44,"skX":-89.19,"skY":-89.19,"x":15.49}}],"name":"Thigh_R"},{"display":[{"path":"Foot_L","type":"image","name":"Foot_L","transform":{"y":-1.42,"skX":-84.1,"skY":-84.1,"x":10.2}}],"name":"Foot_L"},{"display":[{"path":"Neck","type":"image","name":"Neck","transform":{"y":-2.32,"skX":40.86,"skY":40.86,"x":17.28}}],"name":"Neck"},{"display":[{"uvs":[0.16372,-0.01471,-0.01887,0.16991,-0.01887,0.64191,0.06576,0.8085,0.32848,0.84495,0.4398,0.89179,0.49547,0.91956,0.48433,0.98203,0.58674,1.01471,0.68248,1.01471,0.90735,0.8675,1.01887,0.70438,1.01887,0.59852,0.97414,0.54994,0.8695,0.54474,0.84055,0.5187,0.83833,0.45797,0.7849,0.19941,0.46429,-0.01471,0.86504,0.84147,0.74927,0.78594,0.68248,0.7495,0.61123,0.69918,0.42645,0.56035],"vertices":[75.32,-165.95,65.69,-153.36,65.8,-121.27,70.33,-109.97,84.25,-107.54,90.16,-104.37,93.12,-102.49,92.55,-98.24,97.98,-96.04,103.06,-96.05,114.93,-106.1,120.8,-117.21,120.78,-124.41,118.4,-127.71,112.85,-128.04,111.31,-129.8,111.18,-133.94,108.28,-151.51,91.25,-166,112.69,-107.87,106.54,-111.61,102.99,-114.08,99.2,-117.49,89.38,-126.9],"edges":[1,2,2,3,3,4,4,5,5,6,6,7,7,8,8,9,9,10,10,11,11,12,12,13,13,14,14,15,15,16,16,17,17,18,18,0,0,1],"path":"Head","bonePose":[27,0.7796659470749369,0.6261956650853963,-0.6261956650853963,0.7796659470749369,71.72533872082268,-137.0844543038681,35,0.7796659470749369,0.6261956650853963,-0.6261956650853963,0.7796659470749369,106.1648891810364,-107.0640368501019],"triangles":[14,20,11,20,19,11,19,10,11,14,11,12,13,14,12,21,20,14,22,21,14,19,9,10,20,9,19,15,22,14,17,23,16,23,22,15,23,15,16,6,9,20,18,23,17,6,8,9,21,6,20,1,23,18,5,6,22,22,6,21,0,1,18,6,7,8,23,4,22,4,5,22,3,4,23,2,3,23,1,2,23],"type":"mesh","transform":{},"slotPose":[1,0,0,1,0,0],"userEdges":[],"width":53,"height":68,"name":"Head","weights":[1,27,1,1,27,1,1,27,1,1,27,1,1,27,1,2,27,0.95,35,0.05,2,27,0.8,35,0.2,2,27,0.6,35,0.4,2,27,0.5,35,0.5,2,27,0.39999,35,0.6,2,27,0.39999,35,0.6,2,27,0.39999,35,0.6,2,27,0.5,35,0.5,2,27,0.6,35,0.4,2,27,0.8,35,0.2,2,27,0.95,35,0.05,1,27,1,1,27,1,1,27,1,2,27,0.5,35,0.5,2,27,0.6,35,0.4,2,27,0.8,35,0.2,2,27,0.95,35,0.05,1,27,1]}],"name":"Head"},{"display":[{"path":"Thigh_L","type":"image","name":"Thigh_L","transform":{"y":1.51,"skX":-96.32,"skY":-96.32,"x":14.36}}],"name":"Thigh_L"},{"display":[{"path":"Arm_L","type":"image","name":"Arm_L","transform":{"y":-0.42,"skX":-93.44,"skY":-93.44,"x":20.86}}],"name":"Arm_L"}],"name":""}],"aabb":{"width":219.9981273463249,"y":-199.06,"height":206.56,"x":-96.23304249895648},"slot":[{"name":"Leg_L","parent":"Leg_L","color":{}},{"z":1,"name":"Foot_L","parent":"Foot_L","color":{}},{"z":2,"name":"Fibula_L","parent":"Fibula_L","color":{}},{"z":3,"name":"Thigh_L","parent":"Thigh_L","color":{}},{"z":4,"name":"Hand_L","parent":"Hand_L","color":{}},{"z":5,"name":"Arm_L","parent":"Arm_L","color":{}},{"z":6,"name":"UpArm_L","parent":"UpArm_L","color":{}},{"z":7,"name":"Hand_R","parent":"Hand_R","color":{}},{"z":8,"name":"Arm_R","parent":"Arm_R","color":{}},{"z":9,"name":"Body","parent":"Body","color":{}},{"z":10,"name":"Neck","parent":"Neck","color":{}},{"z":11,"name":"UpArm_R","parent":"UpArm_R","color":{}},{"z":12,"name":"Tail","parent":"Tail","color":{}},{"z":13,"name":"Foot_R","parent":"Foot_R","color":{}},{"z":14,"name":"Leg_R","parent":"Leg_R","color":{}},{"z":15,"name":"Fibula_R","parent":"Fibula_R","color":{}},{"z":16,"name":"Thigh_R","parent":"Thigh_R","color":{}},{"z":17,"name":"Ear_L","parent":"Ear_L","color":{}},{"z":18,"name":"Head","parent":"Head","color":{}},{"z":19,"name":"Ear_R","parent":"Ear_R","color":{}},{"z":20,"name":"buff_up","parent":"buff_up","color":{"aM":0}},{"z":21,"name":"buff_mid","parent":"buff_mid","color":{"aM":0}},{"z":22,"name":"buff_flo","parent":"buff_flo","color":{"aM":0}}],"ik":[{"bone":"Fibula_R","name":"leg_r","chain":1,"target":"leg_r"},{"bone":"Fibula_L","name":"leg_l","chain":1,"target":"leg_l"},{"bendPositive":"false","bone":"Foot_R","name":"foot_r","chain":1,"target":"foot_r"},{"bendPositive":"false","bone":"Foot_L","name":"foot_l","chain":1,"target":"foot_l"},{"bone":"Arm_R","name":"arm_r","chain":1,"target":"arm_r"},{"bone":"Arm_L","name":"arm_l","chain":1,"target":"arm_l"},{"bendPositive":"false","bone":"Hand_R","name":"hand_r","target":"hand_r"},{"bendPositive":"false","bone":"Hand_L","name":"hand_l","target":"hand_l"}],"frameRate":30,"defaultActions":[{"gotoAndPlay":"0000_daiji"}]}],"name":"cw_003_paopaoma_cj","version":"4.0"}