{"frameRate":30,"name":"gubaotingyuan3","version":"5.5","compatibleVersion":"5.5","armature":[{"type":"Armature","frameRate":30,"name":"armatureName","bone":[{"name":"root"},{"name":"g","parent":"root","transform":{"x":0.34,"y":-0.34}},{"length":22,"name":"yan1-1","parent":"root","transform":{"x":38.07,"y":-8.57,"skX":-66.64,"skY":-66.64}},{"name":"yhc5","parent":"root","transform":{"x":1.67,"y":1.49}},{"name":"yhc4","parent":"root","transform":{"x":0.12,"y":0.03}},{"name":"yhc2","parent":"root","transform":{"x":0.28,"y":0.06}},{"name":"zhongj","parent":"root","transform":{"x":0.43}},{"name":"shu","parent":"root","transform":{"x":0.44,"y":-1.88}},{"name":"sandian","parent":"root","transform":{"x":-0.08,"y":-0.27}},{"name":"cao","parent":"root","transform":{"x":0.52,"y":-0.08}},{"length":29,"name":"cao1-6","parent":"cao","transform":{"x":16.37,"y":-18.2,"skX":-75.7,"skY":-75.7}},{"length":28,"name":"cao2-2","parent":"cao","transform":{"x":404.19,"y":-61.47,"skX":-41.47,"skY":-41.47}},{"length":16,"name":"huomiao5","parent":"zhongj","transform":{"x":-185.46,"y":-75.59,"skX":-90,"skY":-90,"scX":0.896}},{"length":46,"name":"shuzhi","parent":"g","transform":{"x":-0.52,"y":0.53,"skX":-61.46,"skY":-61.46}},{"length":164,"name":"shu-5","parent":"shu","transform":{"x":-217.71,"y":34.44,"skX":-79.31,"skY":-79.31}},{"length":26,"name":"cao1-5","parent":"cao","transform":{"x":-14.1,"y":-20.02,"skX":-123.96,"skY":-123.96}},{"length":169,"name":"shu-1","parent":"shu","transform":{"x":438.24,"y":9.37,"skX":-91.77,"skY":-91.77}},{"length":26,"name":"cao1-4","parent":"cao","transform":{"x":-52.12,"y":-13.15,"skX":-122.89,"skY":-122.89}},{"length":11,"name":"yan-1","parent":"g","transform":{"x":-0.14,"y":0.31,"skX":-82.39,"skY":-82.39}},{"length":128,"name":"wuqi","parent":"g","transform":{"x":1.21,"y":-2.85,"skX":-0.39,"skY":-0.39}},{"length":3,"name":"zhenyan2-2","parent":"g","transform":{"x":17.78,"y":-11.03,"skX":-91.82,"skY":-91.82}},{"length":42,"name":"huacong","parent":"g","transform":{"x":-0.06,"y":0.3,"skX":-39.07,"skY":-39.07}},{"length":251,"name":"shu－13","parent":"shu","transform":{"x":-585.29,"y":68.8,"skX":-98.16,"skY":-98.16}},{"length":214,"name":"shu－9","parent":"shu","transform":{"x":-519.58,"y":47.13,"skX":-87.56,"skY":-87.56}},{"length":231,"name":"yun2","parent":"g","transform":{"x":-0.77,"y":0.2,"skX":2.87,"skY":2.87}},{"length":5,"name":"yan2-1","parent":"g","transform":{"x":-25.45,"y":-5.8,"skX":-91.63,"skY":-91.63}},{"length":94,"name":"yun1","parent":"g","transform":{"x":4.04,"y":1.94,"skX":-178.47,"skY":-178.47}},{"length":39,"name":"cao3-2","parent":"cao","transform":{"x":544.46,"y":7.42,"skX":-76.41,"skY":-76.41}},{"length":10,"name":"huomiao3","parent":"zhongj","transform":{"x":124.92,"y":3.29,"skX":-88.26,"skY":-88.26,"scX":0.743}},{"name":"yhc1","parent":"g","transform":{"x":295.21,"y":-113.39}},{"length":20,"name":"huomiao1","parent":"zhongj","transform":{"x":141.46,"y":-20.1,"skX":-90.85,"skY":-90.85,"scX":0.79}},{"length":8,"name":"huomiao2","parent":"zhongj","transform":{"x":211.66,"y":-50.05,"skX":-92.04,"skY":-92.04,"scX":0.836}},{"length":119,"name":"shu－8","parent":"shu","transform":{"x":-415.1,"y":37.14,"skX":-81.21,"skY":-81.21}},{"length":98,"name":"shu－4","parent":"shu","transform":{"x":155.12,"y":19.16,"skX":-87.96,"skY":-87.96}},{"length":9,"name":"yan2-2","parent":"g","transform":{"x":-0.23,"y":0.28,"skX":-90,"skY":-90}},{"length":177,"name":"shu－2","parent":"shu","transform":{"x":284.47,"y":-21.06,"skX":-101.09,"skY":-101.09}},{"length":84,"name":"shu－10","parent":"shu－9","transform":{"x":195.52,"y":7.8,"skX":53.48,"skY":53.48}},{"length":39,"name":"cao3-3","parent":"cao3-2","transform":{"x":0.77,"y":-12.57,"skX":-63.66,"skY":-63.66}},{"length":38,"name":"bone11","parent":"huacong","transform":{"x":42.93,"y":0.15,"skX":-4.34,"skY":-4.34}},{"length":99,"name":"shu-4","parent":"shu-1","transform":{"x":112.24,"y":10.46,"skX":34.33,"skY":34.33}},{"length":27,"name":"bone7","parent":"cao1-6","transform":{"x":29.57,"y":-0.02,"skX":2.94,"skY":2.94}},{"length":26,"name":"bone8","parent":"cao1-5","transform":{"x":26.24,"y":0.13,"skX":2.18,"skY":2.18}},{"length":65,"name":"shu-7","parent":"shu-5","transform":{"x":160.29,"y":0.01,"skX":-1.8,"skY":-1.8}},{"length":67,"name":"shu-8","parent":"shu-5","transform":{"x":155.79,"y":-12.89,"skX":-51.38,"skY":-51.38}},{"length":43,"name":"huacong2","parent":"huacong","transform":{"x":2.75,"y":-4.18,"skX":-69.28,"skY":-69.28}},{"length":51,"name":"huacong3","parent":"huacong","transform":{"x":-1.98,"y":-5.46,"skX":-112.27,"skY":-112.27}},{"length":63,"name":"shu－5","parent":"shu－4","transform":{"x":89.74,"y":-2.6,"skX":-47.4,"skY":-47.4}},{"length":55,"name":"shu－6","parent":"shu－4","transform":{"x":95.01,"y":-2.2,"skX":-9.32,"skY":-9.32}},{"length":65,"name":"shu－7","parent":"shu－4","transform":{"x":88.06,"y":-0.79,"skX":36.02,"skY":36.02}},{"length":28,"name":"cao2-1","parent":"cao2-2","transform":{"x":-15.65,"y":-13.35,"skX":-71.16,"skY":-71.16}},{"length":56,"name":"shu-3","parent":"shu-1","transform":{"x":168.55,"y":0.53,"skX":2.35,"skY":2.35}},{"length":28,"name":"bone6","parent":"cao2-2","transform":{"x":28.39,"y":0.04,"skX":-7.61,"skY":-7.61}},{"length":63,"name":"shu－11","parent":"shu－9","transform":{"x":212.08,"y":2.2,"skX":13.02,"skY":13.02}},{"length":58,"name":"shu－12","parent":"shu－9","transform":{"x":220.07,"y":-7.23,"skX":-44.33,"skY":-44.33}},{"length":25,"name":"bone9","parent":"cao1-4","transform":{"x":26.59,"y":0.13,"skX":0.58,"skY":0.58}},{"length":100,"name":"shu-2","parent":"shu-1","transform":{"x":122.65,"y":-5.54,"skX":-44.65,"skY":-44.65}},{"length":76,"name":"shu-6","parent":"shu-5","transform":{"x":154.65,"y":6.57,"skX":41.22,"skY":41.22}},{"length":50,"name":"shuzhi2","parent":"shuzhi","transform":{"x":34.34,"y":3.64,"skX":56.64,"skY":56.64}},{"length":60,"name":"bone","parent":"shuzhi","transform":{"x":46.24,"y":-0.18,"skX":53.21,"skY":53.21}},{"length":56,"name":"bone13","parent":"huacong3","transform":{"x":51.81,"y":0.12,"skX":1.78,"skY":1.78}},{"length":51,"name":"shuzhi3","parent":"shuzhi2","transform":{"x":50.94,"y":0.26,"skX":35.96,"skY":35.96}},{"length":27,"name":"bone10","parent":"cao2-1","transform":{"x":28.96,"y":-0.04,"skX":-1.56,"skY":-1.56}},{"length":52,"name":"bone12","parent":"huacong2","transform":{"x":43.27,"y":-0.06,"skX":1.67,"skY":1.67}},{"length":50,"name":"bone2","parent":"bone","transform":{"x":60.1,"y":0.27,"skX":5.86,"skY":5.86}},{"length":47,"name":"bone3","parent":"bone2","transform":{"x":50.07,"y":2.11,"skX":1.14,"skY":1.14}},{"length":43,"name":"bone4","parent":"shuzhi3","transform":{"x":52.56,"y":-0.02,"skX":-38.17,"skY":-38.17}},{"length":43,"name":"bone5","parent":"bone4","transform":{"x":43.6,"y":0.17,"skX":-50.33,"skY":-50.33}}],"slot":[{"displayIndex":-1,"name":"sanxian","parent":"sandian"},{"displayIndex":-1,"name":"yun2","parent":"yun2"},{"displayIndex":-1,"name":"yun1","parent":"yun1"},{"displayIndex":-1,"name":"sandian","parent":"sandian"},{"displayIndex":-1,"name":"wuqi","parent":"wuqi"},{"displayIndex":-1,"name":"zhongj1","parent":"g"},{"displayIndex":-1,"name":"shu－2","parent":"shu－2"},{"displayIndex":-1,"name":"shu-3","parent":"shu-8"},{"displayIndex":-1,"name":"shu－4","parent":"shu－7"},{"displayIndex":-1,"name":"shu－5","parent":"shu－8"},{"displayIndex":-1,"name":"shu－6","parent":"shu－12"},{"displayIndex":-1,"name":"shu－7","parent":"shu－13"},{"displayIndex":-1,"name":"shu-1","parent":"shu-4"},{"displayIndex":-1,"name":"shuzhi","parent":"shuzhi3"},{"displayIndex":-1,"name":"cao3-1","parent":"cao3-3"},{"displayIndex":-1,"name":"cao3-2","parent":"cao3-3"},{"displayIndex":-1,"name":"huomiao3","parent":"huomiao3"},{"displayIndex":-1,"name":"huomiao4","parent":"huomiao5"},{"displayIndex":-1,"name":"huomiao2","parent":"huomiao2"},{"displayIndex":-1,"name":"huomiao1","parent":"huomiao1"},{"displayIndex":-1,"name":"yhc5","parent":"yhc5"},{"displayIndex":-1,"name":"yhc4","parent":"yhc4"},{"displayIndex":-1,"name":"yhc3","parent":"g"},{"displayIndex":-1,"name":"yan1","parent":"g"},{"displayIndex":-1,"name":"cao1-4","parent":"cao1-4"},{"displayIndex":-1,"name":"cao1-5","parent":"cao1-5"},{"displayIndex":-1,"name":"cao1-6","parent":"cao1-6"},{"displayIndex":-1,"name":"cao2-1","parent":"cao2-1"},{"displayIndex":-1,"name":"cao2-2","parent":"cao2-2"},{"displayIndex":-1,"name":"huacong","parent":"huacong3"},{"displayIndex":-1,"name":"yhc1","parent":"yhc1"},{"displayIndex":-1,"name":"yan-1","parent":"yan-1"},{"displayIndex":-1,"name":"yan1-1","parent":"yan1-1"},{"displayIndex":-1,"name":"yan2-1","parent":"yan2-1"},{"displayIndex":-1,"name":"yan2-2","parent":"yan2-2"},{"displayIndex":-1,"name":"zhenyan2-2","parent":"zhenyan2-2"},{"displayIndex":-1,"name":"yhc2","parent":"yhc2"}],"skin":[{"slot":[{"name":"shu－2","display":[{"name":"shu－2","transform":{"x":116.87,"y":-10.88,"skX":101.1,"skY":101.1}}]},{"name":"shuzhi","display":[{"type":"mesh","name":"shuzhi","width":200,"height":121,"vertices":[187.02,-55.41,176.58,48.43,171.53,51.03,165.83,53.97,85.6,-9.71,60.34,-23.04,29.52,-22.85,11.78,9.82,-10.99,15.22,-12.77,-17.16,17.73,-66.19,138.26,-66.93,28.23,-44.24,148.08,-21.08],"uvs":[0.99999,0.09685,0.94571,0.95462,0.92044,0.97591,0.89187,0.99999,0.49188,0.4712,0.3658,0.36024,0.2117,0.36071,0.12215,0.63021,0.00811,0.67391,0,0.4061,0.15358,0.00189,0.75638,0.00019,0.20566,0.18372,0.80452,0.37962],"triangles":[13,3,2,13,2,1,13,1,0,11,13,0,13,4,3,12,6,5,10,9,12,5,4,13,12,5,13,11,12,13,10,12,11,9,12,8,12,8,6,8,7,6],"weights":[1,64,1,1,66,1,2,65,0.46936,66,0.53063,1,65,1,4,58,0.00014,63,0.00479,64,0.00153,60,0.99352,2,57,0.86977,60,0.13022,1,57,1,1,13,1,1,13,1,2,13,0.99953,57,0.00046,4,13,0.11593,57,0.00403,58,0.88,60,0.00003,1,63,1,2,13,0.5,58,0.5,1,63,1],"slotPose":[1,0,0,1,0,0],"bonePose":[64,0.999762,-0.021815,0.021815,0.999762,131.385285,-48.853608,66,0.539359,-0.842076,0.842076,0.539359,158.495886,-10.263383,65,0.992482,-0.122389,0.122389,0.992482,115.202855,-5.095943,58,0.989651,-0.143493,0.143493,0.989651,21.754058,-40.517089,63,0.99913,-0.041701,0.041701,0.99913,81.27085,-48.87379,60,0.855906,0.517131,-0.517131,0.855906,70.206079,-32.25923,57,0.996464,-0.084026,0.084026,0.996464,19.424377,-28.238042,13,0.477772,-0.878484,0.878484,0.477772,-0.18,0.19],"edges":[9,8,8,7,7,6,6,5,5,4,4,3,3,2,2,1,1,0,0,11,11,10,10,9],"userEdges":[12,13,12,8,13,2]}]},{"name":"yhc2","display":[{"name":"yhc2","transform":{"x":-0.17,"y":-1.01}}]},{"name":"yhc5","display":[{"name":"yhc5","transform":{"x":0.1,"y":-0.72}}]},{"name":"cao2-1","display":[{"type":"mesh","name":"cao2-1","width":84,"height":90,"vertices":[407.23,-116.18,407.12,-71.96,403.8,-50.25,357.72,-50.35,323.13,-70.03,323.49,-116.15,339.78,-139.69,391.78,-140.26],"uvs":[0.99999,0.2672,0.99999,0.75857,0.96111,0.99998,0.41243,0.99999,0,0.78221,0.00308,0.26969,0.19624,0.00773,0.81544,0],"triangles":[3,2,1,7,6,0,6,5,0,3,1,0,5,3,0,5,4,3],"weights":[1,61,1,1,49,1,1,49,1,1,49,1,1,61,1,1,61,1,1,61,1,1,61,1],"slotPose":[1,0,0,1,0,0],"bonePose":[61,-0.409764,-0.912192,0.912192,-0.409764,372.962563,-87.90427,49,-0.384779,-0.923009,0.923009,-0.384779,384.142674,-61.189324],"edges":[4,3,3,2,2,1,1,0,0,7,7,6,6,5,5,4],"userEdges":[]}]},{"name":"yun1","display":[{"name":"yun1","transform":{"x":33.45,"y":6.02,"skX":178.47,"skY":178.47,"scX":1.649,"scY":1.649}}]},{"name":"shu－5","display":[{"name":"shu－5","transform":{"x":75.96,"y":-5.43,"skX":81.21,"skY":81.21}}]},{"name":"huomiao4","display":[{"name":"huomiao4","transform":{"x":4.58,"y":0.44,"skX":90,"skY":90,"scY":0.984}}]},{"name":"yan2-2","display":[{"name":"yan2-2","transform":{"x":1.89,"y":0.84,"skX":90,"skY":90}}]},{"name":"yhc1","display":[{"name":"yhc1","transform":{"x":-1.12,"y":-0.6}}]},{"name":"yan-1","display":[{"name":"yan-1","transform":{"x":8.6,"y":-0.3,"skX":82.4,"skY":82.4}}]},{"name":"shu-1","display":[{"type":"mesh","name":"shu-1","width":246,"height":270,"vertices":[534.81,-221.9,533.32,-145.62,471.07,-100.7,464.75,20.56,416.76,19.27,350.95,-106.42,288.8,-154.43,293.41,-226.9,347.37,-255.44,475.38,-247.3],"uvs":[0.98143,0.08006,0.99512,0.36255,0.754,0.54336,0.75954,0.99351,0.56433,1,0.2647,0.55047,0,0.38744,0,0.11824,0.21176,0,0.73369,0],"triangles":[0,9,1,9,2,1,8,5,9,9,5,2,5,4,2,2,4,3,8,6,5,7,6,8],"weights":[1,39,1,1,39,1,1,39,1,1,16,1,1,16,1,1,55,1,1,55,1,1,55,1,1,55,1,1,50,1],"slotPose":[1,0,0,1,0,0],"bonePose":[39,0.538183,-0.842828,0.842828,0.538183,445.668206,-105.019529,16,-0.030887,-0.999523,0.999523,-0.030887,438.68,7.49,55,-0.724413,-0.689367,0.689367,-0.724413,429.354302,-114.930364,50,0.010123,-0.999949,0.999949,0.010123,434.003673,-160.99595],"edges":[6,5,5,4,4,3,3,2,2,1,1,0,0,9,9,8,8,7,7,6],"userEdges":[]}]},{"name":"huomiao1","display":[{"name":"huomiao1","transform":{"x":11.59,"y":-0.81,"skX":90.84,"skY":90.84}}]},{"name":"cao2-2","display":[{"type":"mesh","name":"cao2-2","width":92,"height":69,"vertices":[466.15,-108.29,466.43,-72.44,432.33,-59.37,396.33,-58.91,374.65,-82.74,376.34,-113.94,402.46,-127.39,441.47,-125.66],"uvs":[0.99454,0.27791,0.99821,0.79764,0.62764,0.98781,0.23606,0.99523,0.00011,0.6502,0.01804,0.1978,0.30182,0.00245,0.72597,0.02657],"triangles":[7,2,0,0,2,1,4,3,6,6,3,2,6,2,7,5,4,6],"weights":[2,11,0.00084,51,0.99915,2,11,0.00831,51,0.99168,1,11,1,1,11,1,1,11,1,1,11,1,1,51,1,2,11,0.01875,51,0.98124],"slotPose":[1,0,0,1,0,0],"bonePose":[11,0.749303,-0.662228,0.662228,0.749303,404.71,-61.55,51,0.655005,-0.755625,0.755625,0.655005,426.009189,-80.320675],"edges":[4,3,3,2,2,1,1,0,0,7,7,6,6,5,5,4],"userEdges":[]}]},{"name":"yun2","display":[{"name":"yun2","transform":{"x":296.51,"y":-30.68,"skX":-2.84,"skY":-2.84,"scX":2.206,"scY":2.206}}]},{"name":"shu－4","display":[{"type":"mesh","name":"shu－4","width":147,"height":176,"vertices":[223.62,-142.99,221.09,-94.31,182.69,-79.35,170.6,25.04,141.05,25.16,137.16,-68.85,77.28,-98.44,77.08,-150.52,128.39,-150.72,189.83,-150.96],"uvs":[0.99692,0.04608,0.97848,0.32266,0.71685,0.40683,0.63187,1,0.43067,1,0.40663,0.46552,0,0.29605,0,0,0.34908,0,0.7672,0],"triangles":[9,2,1,9,1,0,5,3,2,5,4,3,8,5,2,8,2,9,8,6,5,7,6,8],"weights":[2,47,0.00008,48,0.99991,2,47,0.00001,48,0.99998,1,48,1,1,33,0.99999,1,33,1,1,46,1,1,46,0.99999,1,46,1,1,47,1,1,48,1],"slotPose":[1,0,0,1,0,0],"bonePose":[33,0.035597,-0.999366,0.999366,0.035597,155.56,17.28,47,-0.126718,-0.991939,0.991939,-0.126718,156.743484,-77.748098,48,0.616486,-0.787366,0.787366,0.616486,157.90519,-70.752311,46,-0.711536,-0.70265,0.70265,-0.711536,156.15614,-72.495677],"edges":[6,5,5,4,4,3,3,2,2,1,1,0,0,9,9,8,8,7,7,6],"userEdges":[]}]},{"name":"huomiao3","display":[{"name":"huomiao3","transform":{"x":3.99,"y":0.43,"skX":88.25,"skY":88.25}}]},{"name":"cao3-2","display":[{"name":"cao3-2","transform":{"x":1.53,"y":25.42,"skX":139.91,"skY":139.91}}]},{"name":"yan1-1","display":[{"name":"yan1-1","transform":{"x":14.4,"y":-4.5,"skX":66.49,"skY":66.49}}]},{"name":"wuqi","display":[{"name":"wuqi","transform":{"x":564.47,"y":-79.03,"skX":0.4,"skY":0.4,"scX":5.015,"scY":5.015}}]},{"name":"shu－7","display":[{"name":"shu－7","transform":{"x":102.47,"y":-0.96,"skX":98.17,"skY":98.17}}]},{"name":"zhenyan2-2","display":[{"name":"zhenyan2-2","transform":{"x":3.12,"y":0.6,"skX":91.83,"skY":91.83}}]},{"name":"yhc3","display":[{"name":"yhc3","transform":{"x":407.59,"y":-24.49}}]},{"name":"cao1-6","display":[{"type":"mesh","name":"cao1-2","width":103,"height":93,"vertices":[71.42,-81.98,71.46,-31.42,43.67,-8.65,-4.09,-8.61,-32.77,-34.92,-32.8,-84.72,-2.22,-105.53,44.12,-105.32],"uvs":[0.99998,0.24547,0.99999,0.7658,0.73326,0.99999,0.27502,0.99999,0,0.729,0,0.2166,0.29356,0.00265,0.73823,0.00513],"triangles":[7,6,2,6,3,2,2,1,0,7,2,0,4,3,6,5,4,6],"weights":[1,40,1,1,10,1,1,10,1,2,10,0.99134,40,0.00865,1,10,1,1,40,1,1,40,1,2,10,0.00047,40,0.99952],"slotPose":[1,0,0,1,0,0],"bonePose":[40,0.296375,-0.955072,0.955072,0.296375,24.17438,-46.938735,10,0.246999,-0.969016,0.969016,0.246999,16.89,-18.28],"edges":[4,3,3,2,2,1,1,0,0,7,7,6,6,5,5,4],"userEdges":[]}]},{"name":"cao1-5","display":[{"type":"mesh","name":"cao1-1","width":74,"height":65,"vertices":[8.98,-53.37,8.62,-15.33,-46.96,-15.6,-68.8,-34.71,-68.72,-51.34,-43.56,-85.07,-8.93,-80.7],"uvs":[0.9961,0.4571,0.99388,0.99998,0.2812,0.99999,0,0.72885,0,0.49158,0.32037,0.00841,0.76454,0.06823],"triangles":[2,1,0,6,2,0,4,2,5,5,2,6,4,3,2],"weights":[1,15,1,1,15,1,1,15,1,1,41,1,1,41,1,1,41,1,1,41,1],"slotPose":[1,0,0,1,0,0],"bonePose":[15,-0.558614,-0.829428,0.829428,-0.558614,-13.58,-20.1,41,-0.526659,-0.850077,0.850077,-0.526659,-28.130205,-41.936804],"edges":[3,2,2,1,1,0,0,6,6,5,5,4,4,3],"userEdges":[]}]},{"name":"sanxian","display":[{"name":"sanxian","transform":{"x":-53.11,"y":61.75,"scX":6.358,"scY":3.33}}]},{"name":"shu-3","display":[{"type":"mesh","name":"shu-3","width":216,"height":333,"vertices":[-84.24,-189.79,-100.5,-119.14,-152.85,-116.73,-187.58,103.96,-235.91,103.88,-263.37,-129.17,-299.29,-169.36,-277.04,-229.18,-213.54,-221.93,-137.86,-223.9],"uvs":[0.99551,0.11734,0.92082,0.32953,0.67853,0.33709,0.51951,0.99999,0.29569,0.99998,0.16665,0.30028,0,0.17977,0.1026,0,0.39655,0.02144,0.74695,0.0151],"triangles":[2,1,0,9,2,0,4,3,2,5,4,2,8,2,9,8,5,2,6,5,8,7,6,8],"weights":[1,56,1,2,43,0.00021,56,0.99978,3,14,0.00242,43,0.00194,56,0.99563,1,14,0.99999,1,14,1,1,43,1,2,43,0.99992,56,0.00007,1,43,1,1,42,1,1,42,1],"slotPose":[1,0,0,1,0,0],"bonePose":[56,0.787043,-0.616899,0.616899,0.787043,-182.127202,-118.187375,43,-0.651966,-0.758248,0.758248,-0.651966,-201.038013,-122.917326,14,0.185495,-0.982645,0.982645,0.185495,-217.27,32.56,42,0.154538,-0.987987,0.987987,0.154538,-187.527162,-124.946342],"edges":[6,5,5,4,4,3,3,2,2,1,1,0,0,9,9,8,8,7,7,6],"userEdges":[]}]},{"name":"cao3-1","display":[{"name":"cao3-1","transform":{"x":19.37,"y":7.12,"skX":139.57,"skY":139.57}}]},{"name":"yhc4","display":[{"name":"yhc4","transform":{"x":-0.38,"y":-0.63}}]},{"name":"huacong","display":[{"type":"mesh","name":"huacong","width":185,"height":105,"vertices":[56.31,-103.41,93.85,-62.25,92.6,0.21,0.7,0.59,-55.6,0.85,-112.67,1.08,-136.03,-22.21,-140.02,-87.66,-53.64,-133.05,37.35,-114.08,-16.49,-55.26],"uvs":[0.80254,0.09405,1,0.50069,0.99351,0.99994,0.60183,0.99997,0.36188,0.99998,0.1186,0.99999,0.01947,0.81297,0.0023,0.29408,0.27335,0.04158,0.66889,0,0.51205,0.56554],"triangles":[3,2,1,9,10,0,8,10,9,10,4,3,8,7,10,6,5,4,6,7,4,7,4,10,10,0,3,0,3,1],"weights":[3,62,0.51681,44,0.01436,38,0.46881,2,45,0.00003,38,0.99996,1,21,1,1,21,0.99999,1,59,1,1,59,1,2,59,0.99995,21,0.00004,2,59,0.98205,62,0.01794,1,62,1,1,62,1,1,62,1],"slotPose":[1,0,0,1,0,0],"bonePose":[59,-0.86216,-0.506636,0.506636,-0.86216,-50.103244,-27.985027,45,-0.877481,-0.479611,0.479611,-0.877481,-4.698496,-3.031082,62,-0.287026,-0.957923,0.957923,-0.287026,-13.898739,-46.069374,44,-0.314821,-0.949151,0.949151,-0.314821,-0.219491,-5.018495,38,0.726455,-0.687214,0.687214,0.726455,33.704384,-26.981008,21,0.776377,-0.630269,0.630269,0.776377,0.28,-0.04],"edges":[7,6,6,5,5,4,4,3,3,2,2,1,1,0,0,9,9,8,8,7],"userEdges":[8,10,7,4,0,3]}]},{"name":"sandian","display":[{"name":"sandian","transform":{"x":-251.59,"y":-6.01,"scX":5.162,"scY":4.723}}]},{"name":"shu－6","display":[{"type":"mesh","name":"shu－6","width":211,"height":382,"vertices":[-384.13,-239.45,-384.19,-163.24,-471.61,-143.66,-416.99,96.23,-566.27,115.88,-540.71,-142.94,-588.02,-187.47,-581.35,-259.6,-510.07,-255.98,-453.91,-252.57],"uvs":[0.99999,0.06945,0.99999,0.26893,0.58584,0.32037,0.84562,0.94823,0.13812,0.99999,0.2583,0.32238,0.03391,0.2059,0.06527,0.01704,0.40292,0.02641,0.66917,0.03516],"triangles":[2,5,3,5,4,3,9,2,1,9,1,0,8,5,2,8,2,9,6,5,8,7,6,8],"weights":[1,36,1,1,36,1,1,36,1,1,23,1,1,23,1,1,23,1,1,53,1,1,53,1,1,52,1,1,52,1],"slotPose":[1,0,0,1,0,0],"bonePose":[36,0.828256,-0.56035,0.56035,0.828256,-503.023167,-149.760661,23,0.042573,-0.999093,0.999093,0.042573,-519.14,45.25,53,-0.667703,-0.744428,0.744428,-0.667703,-516.994369,-174.928278,52,0.266566,-0.963817,0.963817,0.266566,-507.913078,-166.544057],"edges":[6,5,5,4,4,3,3,2,2,1,1,0,0,9,9,8,8,7,7,6],"userEdges":[]}]},{"name":"huomiao2","display":[{"name":"huomiao2","transform":{"x":6.64,"y":-0.44,"skX":92.05,"skY":92.05}}]},{"name":"yan2-1","display":[{"name":"yan2-1","transform":{"x":4.67,"y":-0.38,"skX":91.63,"skY":91.63}}]},{"name":"cao1-4","display":[{"type":"mesh","name":"cao1-3","width":72,"height":76,"vertices":[-35.56,-79.29,-37.03,-15.02,-48.46,-7.99,-89.21,-8.3,-111.85,-28.97,-107.52,-64.96,-80.97,-79.29,-59.72,-84.97],"uvs":[0.99637,0.13359,0.98161,0.91398,0.83199,0.99998,0.29795,0.9985,0.00001,0.74915,0.05438,0.31207,0.40141,0.13637,0.67954,0.06618],"triangles":[6,3,2,6,2,1,7,6,1,7,1,0,4,3,6,5,4,6],"weights":[1,54,1,2,17,0.99872,54,0.00127,1,17,1,1,17,1,1,54,1,1,54,1,1,54,1,2,17,0.00457,54,0.99542],"slotPose":[1,0,0,1,0,0],"bonePose":[54,-0.5345,-0.845169,0.845169,-0.5345,-65.929949,-35.628606,17,-0.543028,-0.839715,0.839715,-0.543028,-51.6,-13.23],"edges":[4,3,3,2,2,1,1,0,0,7,7,6,6,5,5,4],"userEdges":[]}]}]}],"animation":[{"duration":150,"name":"cao","bone":[{"name":"cao1-5","rotateFrame":[{"duration":70,"tweenEasing":0},{"duration":80,"tweenEasing":0,"rotate":15.38},{"duration":0}]},{"name":"bone8","rotateFrame":[{"duration":70,"tweenEasing":0},{"duration":80,"tweenEasing":0,"rotate":-6.46},{"duration":0}]},{"name":"cao1-4","rotateFrame":[{"duration":70,"tweenEasing":0},{"duration":80,"tweenEasing":0,"rotate":13.8},{"duration":0}]},{"name":"bone9","rotateFrame":[{"duration":70,"tweenEasing":0},{"duration":80,"tweenEasing":0,"rotate":-6.31},{"duration":0}]},{"name":"cao1-6","rotateFrame":[{"duration":70,"tweenEasing":0},{"duration":80,"tweenEasing":0,"rotate":10.51},{"duration":0}]},{"name":"bone7","rotateFrame":[{"duration":70,"tweenEasing":0},{"duration":80,"tweenEasing":0,"rotate":1.57},{"duration":0}]},{"name":"cao2-2","rotateFrame":[{"duration":80,"tweenEasing":0},{"duration":70,"tweenEasing":0,"rotate":-4.96},{"duration":0}]},{"name":"bone6","rotateFrame":[{"duration":80,"tweenEasing":0},{"duration":70,"tweenEasing":0,"rotate":-6.44},{"duration":0}]},{"name":"cao2-1","rotateFrame":[{"duration":80,"tweenEasing":0},{"duration":70,"tweenEasing":0,"rotate":13.11},{"duration":0}]},{"name":"bone10","rotateFrame":[{"duration":80,"tweenEasing":0},{"duration":70,"tweenEasing":0,"rotate":6.74},{"duration":0}]},{"name":"cao3-2","rotateFrame":[{"duration":70,"tweenEasing":0},{"duration":80,"tweenEasing":0,"rotate":3.41},{"duration":0}]},{"name":"cao3-3","rotateFrame":[{"duration":70,"tweenEasing":0},{"duration":80,"tweenEasing":0,"rotate":10.27},{"duration":0}]}],"slot":[{"name":"cao1-4","displayFrame":[{"duration":150}]},{"name":"cao1-5","displayFrame":[{"duration":150}]},{"name":"cao1-6","displayFrame":[{"duration":150}]},{"name":"cao2-1","displayFrame":[{"duration":150}]},{"name":"cao2-2","displayFrame":[{"duration":150}]},{"name":"cao3-1","displayFrame":[{"duration":150}]},{"name":"cao3-2","displayFrame":[{"duration":150}]}]},{"duration":150,"name":"huacong","bone":[{"name":"huacong","rotateFrame":[{"duration":70,"tweenEasing":0},{"duration":80,"tweenEasing":0,"rotate":-0.09},{"duration":0}]},{"name":"huacong3","rotateFrame":[{"duration":70,"tweenEasing":0},{"duration":80,"tweenEasing":0,"rotate":8.65},{"duration":0}]},{"name":"bone13","rotateFrame":[{"duration":70,"tweenEasing":0},{"duration":80,"tweenEasing":0,"rotate":4.45},{"duration":0}]},{"name":"bone12","rotateFrame":[{"duration":70,"tweenEasing":0},{"duration":80,"tweenEasing":0,"rotate":-0.28},{"duration":0}]},{"name":"huacong2","rotateFrame":[{"duration":70,"tweenEasing":0},{"duration":80,"tweenEasing":0,"rotate":7.88},{"duration":0}]},{"name":"bone11","rotateFrame":[{"duration":70,"tweenEasing":0},{"duration":80,"tweenEasing":0,"rotate":1.46},{"duration":0}]}],"slot":[{"name":"huacong","displayFrame":[{"duration":150}]}]},{"duration":150,"name":"lazhu","bone":[{"name":"huomiao5","rotateFrame":[{"duration":60,"tweenEasing":0},{"duration":9,"tweenEasing":0,"rotate":8.38},{"duration":31,"tweenEasing":0,"rotate":8.38},{"duration":50,"tweenEasing":0,"rotate":-10.06},{"duration":0}],"scaleFrame":[{"duration":60,"tweenEasing":0},{"duration":9,"tweenEasing":0},{"duration":31,"tweenEasing":0,"x":1.6},{"duration":50,"tweenEasing":0,"x":1.6},{"duration":0}]},{"name":"huomiao1","rotateFrame":[{"duration":40,"tweenEasing":0},{"duration":10,"tweenEasing":0},{"duration":30,"tweenEasing":0,"rotate":11.47},{"duration":70,"tweenEasing":0,"rotate":11.47},{"duration":0}],"scaleFrame":[{"duration":40,"tweenEasing":0},{"duration":10,"tweenEasing":0,"x":1.33},{"duration":30,"tweenEasing":0,"x":1.33},{"duration":70,"tweenEasing":0,"x":1.68},{"duration":0}]},{"name":"huomiao3","rotateFrame":[{"duration":70,"tweenEasing":0},{"duration":80,"tweenEasing":0,"rotate":11.39},{"duration":0}],"scaleFrame":[{"duration":70,"tweenEasing":0},{"duration":80,"tweenEasing":0,"x":1.4},{"duration":0}]},{"name":"huomiao2","rotateFrame":[{"duration":40,"tweenEasing":0},{"duration":20,"tweenEasing":0},{"duration":20,"tweenEasing":0,"rotate":21.29},{"duration":20,"tweenEasing":0,"rotate":21.29},{"duration":50,"tweenEasing":0,"rotate":-11.84},{"duration":0}],"scaleFrame":[{"duration":40,"tweenEasing":0},{"duration":20,"tweenEasing":0,"x":1.09},{"duration":20,"tweenEasing":0,"x":1.09},{"duration":20,"tweenEasing":0,"x":1.38},{"duration":50,"tweenEasing":0,"x":1.38},{"duration":0}]}],"slot":[{"name":"huomiao1","displayFrame":[{"duration":150}]},{"name":"huomiao2","displayFrame":[{"duration":150}]},{"name":"huomiao3","displayFrame":[{"duration":150}]},{"name":"huomiao4","displayFrame":[{"duration":150}]}]},{"duration":50,"name":"sandian","slot":[{"name":"sandian","displayFrame":[{"duration":12},{"duration":8,"value":-1},{"duration":7},{"duration":9,"value":-1},{"duration":14}],"colorFrame":[{"duration":20,"tweenEasing":0},{"duration":4,"tweenEasing":0},{"tweenEasing":0,"value":{"aM":0}},{"duration":18},{"duration":7,"tweenEasing":0},{"duration":0,"value":{"aM":0}}]},{"name":"sanxian","displayFrame":[{"duration":6,"value":-1},{"duration":44}],"colorFrame":[{"duration":4,"tweenEasing":0,"value":{"aM":60,"rM":62,"gM":83}},{"duration":2,"value":{"aM":0}},{"duration":21,"tweenEasing":0},{"duration":7,"tweenEasing":0},{"tweenEasing":0,"value":{"aM":0}},{"duration":3,"tweenEasing":0,"value":{"aM":60,"rM":62,"gM":83}},{"duration":12,"tweenEasing":0,"value":{"aM":0}},{"duration":0}]}]},{"duration":150,"name":"shu","bone":[{"name":"shu－13","rotateFrame":[{"duration":70,"tweenEasing":0},{"duration":80,"tweenEasing":0,"rotate":2.89},{"duration":0}]},{"name":"shu－11","rotateFrame":[{"duration":60,"tweenEasing":0},{"duration":90,"tweenEasing":0,"rotate":3.58},{"duration":0}]},{"name":"shu－12","rotateFrame":[{"duration":60,"tweenEasing":0},{"duration":90,"tweenEasing":0,"rotate":3.58},{"duration":0}]},{"name":"shu－10","rotateFrame":[{"duration":60,"tweenEasing":0},{"duration":90,"tweenEasing":0,"rotate":3.58},{"duration":0}]},{"name":"shu－8","rotateFrame":[{"duration":96,"tweenEasing":0},{"duration":54,"tweenEasing":0,"rotate":2.54},{"duration":0}]},{"name":"shu-8","rotateFrame":[{"duration":80,"tweenEasing":0},{"duration":70,"tweenEasing":0,"rotate":9.72},{"duration":0}]},{"name":"shu-7","rotateFrame":[{"duration":80,"tweenEasing":0},{"duration":70,"tweenEasing":0,"rotate":9.72},{"duration":0}]},{"name":"shu-6","rotateFrame":[{"duration":80,"tweenEasing":0},{"duration":70,"tweenEasing":0,"rotate":9.72},{"duration":0}]},{"name":"shu－7","rotateFrame":[{"duration":70,"tweenEasing":0},{"duration":80,"tweenEasing":0,"rotate":-3.76},{"duration":0}]},{"name":"shu－6","rotateFrame":[{"duration":70,"tweenEasing":0},{"duration":80,"tweenEasing":0,"rotate":-2.58},{"duration":0}]},{"name":"shu－5","rotateFrame":[{"duration":70,"tweenEasing":0},{"duration":80,"tweenEasing":0,"rotate":-4.52},{"duration":0}]},{"name":"shu－4","rotateFrame":[{"duration":80,"tweenEasing":0},{"duration":70,"tweenEasing":0,"rotate":-0.58},{"duration":0}]},{"name":"shu－2","rotateFrame":[{"duration":70,"tweenEasing":0},{"duration":80,"tweenEasing":0,"rotate":-8.72},{"duration":0}]},{"name":"shu-1","rotateFrame":[{"duration":80,"tweenEasing":0},{"duration":70,"tweenEasing":0,"rotate":-5.42},{"duration":0}]},{"name":"shu-4","rotateFrame":[{"duration":80,"tweenEasing":0},{"duration":70,"tweenEasing":0,"rotate":-0.99},{"duration":0}]},{"name":"shu-3","rotateFrame":[{"duration":80,"tweenEasing":0},{"duration":70,"tweenEasing":0,"rotate":-7.52},{"duration":0}]},{"name":"shu-2","rotateFrame":[{"duration":80,"tweenEasing":0},{"duration":70,"tweenEasing":0,"rotate":-3.01},{"duration":0}]}],"slot":[{"name":"shu-1","displayFrame":[{"duration":150}]},{"name":"shu-3","displayFrame":[{"duration":150}]},{"name":"shuzhi","displayFrame":[{"duration":150}]},{"name":"shu－2","displayFrame":[{"duration":150}]},{"name":"shu－4","displayFrame":[{"duration":150}]},{"name":"shu－5","displayFrame":[{"duration":150}]},{"name":"shu－6","displayFrame":[{"duration":150}]},{"name":"shu－7","displayFrame":[{"duration":150}]}]},{"duration":150,"name":"shuzhi","bone":[{"name":"yun1","rotateFrame":[{"duration":150,"rotate":-1.2}]},{"name":"shuzhi","rotateFrame":[{"duration":70,"tweenEasing":0},{"duration":80,"tweenEasing":0,"rotate":9.62},{"duration":0}]},{"name":"bone","rotateFrame":[{"duration":70,"tweenEasing":0},{"duration":80,"tweenEasing":0,"rotate":-7.23},{"duration":0}]},{"name":"bone2","rotateFrame":[{"duration":70,"tweenEasing":0},{"duration":80,"tweenEasing":0,"rotate":2.5},{"duration":0}]},{"name":"shuzhi3","rotateFrame":[{"duration":70,"tweenEasing":0},{"duration":80,"tweenEasing":0,"rotate":-9.06},{"duration":0}]},{"name":"bone5","rotateFrame":[{"duration":52,"tweenEasing":0},{"duration":18,"tweenEasing":0,"rotate":2.75},{"duration":80,"tweenEasing":0,"rotate":-3.88},{"duration":0}]},{"name":"bone3","rotateFrame":[{"duration":70,"tweenEasing":0},{"duration":80,"tweenEasing":0,"rotate":4.86},{"duration":0}]},{"name":"bone4","rotateFrame":[{"duration":70,"tweenEasing":0},{"duration":80,"tweenEasing":0,"rotate":2.28},{"duration":0}]}],"slot":[{"name":"shuzhi","displayFrame":[{"duration":150}]}]},{"duration":50,"name":"yan1","slot":[{"name":"yan-1","displayFrame":[{"duration":5},{"duration":5,"value":-1},{"duration":40}]},{"name":"yan1-1","displayFrame":[{"duration":35},{"duration":3,"value":-1},{"duration":4},{"duration":3,"value":-1},{"duration":5}]},{"name":"yan2-2","displayFrame":[{"duration":35},{"duration":3,"value":-1},{"duration":8},{"duration":4,"value":-1},{"duration":0}]},{"name":"zhenyan2-2","displayFrame":[{"duration":5},{"duration":5,"value":-1},{"duration":40}]}]},{"duration":50,"name":"yan2","slot":[{"name":"yan-1","displayFrame":[{"duration":5},{"duration":5,"value":-1},{"duration":40}]},{"name":"yan2-1","displayFrame":[{"duration":4},{"duration":4,"value":-1},{"duration":42}]},{"name":"yan2-2","displayFrame":[{"duration":35},{"duration":3,"value":-1},{"duration":8},{"duration":4,"value":-1},{"duration":0}]},{"name":"zhenyan2-2","displayFrame":[{"duration":5},{"duration":5,"value":-1},{"duration":40}]}]},{"duration":150,"name":"yanwu","bone":[{"name":"wuqi","translateFrame":[{"duration":60,"tweenEasing":0},{"duration":10,"y":-70.65},{"duration":5,"tweenEasing":0,"y":-70.65},{"duration":75,"tweenEasing":0,"y":90.24},{"duration":0}]}],"slot":[{"name":"wuqi","displayFrame":[{"duration":150}],"colorFrame":[{"duration":30,"tweenEasing":0,"value":{"aM":0}},{"duration":30,"tweenEasing":0},{"duration":15,"value":{"aM":0}},{"duration":75,"tweenEasing":0,"value":{"aM":0}},{"duration":0}]}]},{"duration":150,"name":"ych5","bone":[{"name":"yhc5","translateFrame":[{"duration":30,"tweenEasing":0},{"duration":40,"tweenEasing":0,"x":36.73},{"duration":39,"tweenEasing":0,"x":57.46,"y":43.29},{"duration":41,"tweenEasing":0,"x":-27.01,"y":19.72},{"duration":0}]}],"slot":[{"name":"yhc5","displayFrame":[{"duration":150}]}]},{"duration":150,"name":"yhc1","bone":[{"name":"yhc1","translateFrame":[{"duration":50,"tweenEasing":0},{"duration":51,"tweenEasing":0,"x":39.15,"y":-33.36},{"duration":49,"tweenEasing":0,"x":115.27,"y":22.12},{"duration":0}]}],"slot":[{"name":"yhc1","displayFrame":[{"duration":150}]}]},{"duration":150,"name":"yhc2","bone":[{"name":"yhc2","translateFrame":[{"duration":50,"tweenEasing":0},{"duration":50,"tweenEasing":0,"x":50.4,"y":-85.04},{"duration":50,"tweenEasing":0,"x":-77.9,"y":-97.22},{"duration":0}]}],"slot":[{"name":"yhc2","displayFrame":[{"duration":150}]}]},{"duration":150,"name":"yhc4","bone":[{"name":"yhc4","translateFrame":[{"duration":40,"tweenEasing":0},{"duration":70,"tweenEasing":0,"x":23.64,"y":18.47},{"duration":40,"tweenEasing":0,"x":-20.45,"y":9.42},{"duration":0}]}],"slot":[{"name":"yhc4","displayFrame":[{"duration":150}]}]},{"duration":800,"name":"yun","bone":[{"name":"yun1","translateFrame":[{"duration":714,"tweenEasing":0},{"duration":37,"x":344.19},{"duration":49,"tweenEasing":0,"x":344.19},{"duration":0}]}],"slot":[{"name":"yun1","displayFrame":[{"duration":800}],"colorFrame":[{"duration":22,"tweenEasing":0,"value":{"aM":0}},{"duration":529},{"duration":163,"tweenEasing":0},{"duration":86,"tweenEasing":0,"value":{"aM":0}},{"duration":0}]}]},{"duration":800,"name":"yun2","bone":[{"name":"yun2","translateFrame":[{"duration":400,"tweenEasing":0},{"duration":51,"x":249.39},{"duration":50,"tweenEasing":0,"x":249.39},{"duration":299,"tweenEasing":0,"x":-107.53},{"duration":0}]}],"slot":[{"name":"yun2","displayFrame":[{"duration":800}],"colorFrame":[{"duration":299,"tweenEasing":0},{"duration":101,"tweenEasing":0},{"duration":101,"value":{"aM":0}},{"duration":198,"tweenEasing":0,"value":{"aM":0}},{"duration":101}]}]}],"defaultActions":[{"gotoAndPlay":"cao"}]}]}