{"frameRate":30,"isGlobal":0,"armature":[{"skin":[{"name":"","slot":[{"display":[{"path":"luoxuan_eff/qinpu_eff_002","type":"image","name":"luoxuan_eff/qinpu_eff_002","transform":{"y":-73.27,"x":-0.6}},{"path":"luoxuan_eff/qinpu_eff_003","type":"image","name":"luoxuan_eff/qinpu_eff_003","transform":{"y":-73.27,"x":-0.6}},{"path":"luoxuan_eff/qinpu_eff_004","type":"image","name":"luoxuan_eff/qinpu_eff_004","transform":{"y":-73.27,"x":-0.6}},{"path":"luoxuan_eff/qinpu_eff_005","type":"image","name":"luoxuan_eff/qinpu_eff_005","transform":{"y":-73.27,"x":-0.6}}],"blendMode":"add","name":"luoxuan_eff/qinpu_eff_002"},{"display":[{"path":"paopao_eff/paopao","type":"image","name":"paopao_eff/paopao","transform":{}}],"blendMode":"add","name":"paopao_eff/paopao4"},{"display":[{"path":"paopao_eff/paopao","type":"image","name":"paopao_eff/paopao","transform":{}}],"blendMode":"add","name":"paopao_eff/paopao3"},{"display":[{"path":"paopao_baozha_eff/cheng_dimianbaozha_02_eff_01","type":"image","name":"paopao_baozha_eff/cheng_dimianbaozha_02_eff_01","transform":{"skX":90.6,"skY":90.6,"y":2.43,"x":124.79}},{"path":"paopao_baozha_eff/cheng_dimianbaozha_02_eff_02","type":"image","name":"paopao_baozha_eff/cheng_dimianbaozha_02_eff_02","transform":{"skX":90.6,"skY":90.6,"y":2.43,"x":124.79}},{"path":"paopao_baozha_eff/cheng_dimianbaozha_02_eff_03","type":"image","name":"paopao_baozha_eff/cheng_dimianbaozha_02_eff_03","transform":{"skX":90.6,"skY":90.6,"y":2.43,"x":124.79}},{"path":"paopao_baozha_eff/cheng_dimianbaozha_02_eff_04","type":"image","name":"paopao_baozha_eff/cheng_dimianbaozha_02_eff_04","transform":{"skX":90.6,"skY":90.6,"y":2.43,"x":124.79}},{"path":"paopao_baozha_eff/cheng_dimianbaozha_02_eff_05","type":"image","name":"paopao_baozha_eff/cheng_dimianbaozha_02_eff_05","transform":{"skX":90.6,"skY":90.6,"y":2.43,"x":124.79}},{"path":"paopao_baozha_eff/cheng_dimianbaozha_02_eff_06","type":"image","name":"paopao_baozha_eff/cheng_dimianbaozha_02_eff_06","transform":{"skX":90.6,"skY":90.6,"y":2.43,"x":124.79}}],"blendMode":"add","name":"paopao_baozha_eff/cheng_dimianbaozha_02_eff_01"},{"display":[{"path":"paopao_eff/paopao","type":"image","name":"paopao_eff/paopao","transform":{}}],"blendMode":"add","name":"paopao_eff/paopao2"},{"display":[{"path":"dimian_paopao_eff/hei_zhaoze_01_eff_01","type":"image","name":"dimian_paopao_eff/hei_zhaoze_01_eff_01","transform":{"skX":90,"skY":90,"y":1.97,"x":61.24}},{"path":"dimian_paopao_eff/hei_zhaoze_01_eff_02","type":"image","name":"dimian_paopao_eff/hei_zhaoze_01_eff_02","transform":{"skX":90,"skY":90,"y":1.97,"x":61.24}},{"path":"dimian_paopao_eff/hei_zhaoze_01_eff_03","type":"image","name":"dimian_paopao_eff/hei_zhaoze_01_eff_03","transform":{"skX":90,"skY":90,"y":1.97,"x":61.24}},{"path":"dimian_paopao_eff/hei_zhaoze_01_eff_04","type":"image","name":"dimian_paopao_eff/hei_zhaoze_01_eff_04","transform":{"skX":90,"skY":90,"y":1.97,"x":61.24}},{"path":"dimian_paopao_eff/hei_zhaoze_01_eff_05","type":"image","name":"dimian_paopao_eff/hei_zhaoze_01_eff_05","transform":{"skX":90,"skY":90,"y":1.97,"x":61.24}},{"path":"dimian_paopao_eff/hei_zhaoze_01_eff_06","type":"image","name":"dimian_paopao_eff/hei_zhaoze_01_eff_06","transform":{"skX":90,"skY":90,"y":1.97,"x":61.24}},{"path":"dimian_paopao_eff/hei_zhaoze_01_eff_07","type":"image","name":"dimian_paopao_eff/hei_zhaoze_01_eff_07","transform":{"skX":90,"skY":90,"y":1.97,"x":61.24}}],"blendMode":"add","name":"dimian_paopao_eff/hei_zhaoze_01_eff_01"},{"display":[{"path":"paopao_eff/paopao","type":"image","name":"paopao_eff/paopao","transform":{}}],"blendMode":"add","name":"paopao_eff/paopao"},{"display":[{"path":"paopao_eff/paopao","type":"image","name":"paopao_eff/paopao","transform":{}}],"blendMode":"add","name":"paopao_eff/paopao5"},{"display":[{"path":"paopao_eff/zise","type":"image","name":"paopao_eff/zise","transform":{"y":-91.91,"x":0.85}}],"blendMode":"add","name":"paopao_eff/zise"}]}],"slot":[{"displayIndex":6,"blendMode":"add","parent":"dimian_paopao_eff/hei_zhaoze_01_eff_01","name":"dimian_paopao_eff/hei_zhaoze_01_eff_01","color":{"rM":0,"gM":91}},{"blendMode":"add","z":1,"parent":"luoxuan_eff/qinpu_eff_002","name":"luoxuan_eff/qinpu_eff_002","color":{"aM":28}},{"displayIndex":5,"blendMode":"add","z":2,"parent":"paopao_baozha_eff/cheng_dimianbaozha_02_eff_01","name":"paopao_baozha_eff/cheng_dimianbaozha_02_eff_01","color":{}},{"blendMode":"add","z":3,"parent":"paopao_eff/zise","name":"paopao_eff/zise","color":{}},{"blendMode":"add","z":4,"parent":"paopao_eff/paopao","name":"paopao_eff/paopao","color":{}},{"blendMode":"add","z":5,"parent":"paopao_eff/paopao2","name":"paopao_eff/paopao2","color":{}},{"blendMode":"add","z":6,"parent":"paopao_eff/paopao3","name":"paopao_eff/paopao3","color":{}},{"blendMode":"add","z":7,"parent":"paopao_eff/paopao4","name":"paopao_eff/paopao4","color":{}},{"blendMode":"add","z":8,"parent":"paopao_eff/paopao5","name":"paopao_eff/paopao5","color":{}}],"type":"Armature","ik":[],"defaultActions":[{"gotoAndPlay":"animation"}],"animation":[{"ffd":[],"frame":[],"duration":60,"ik":[],"bone":[{"frame":[{"duration":60,"transform":{}}],"name":"root"},{"frame":[{"tweenEasing":0,"duration":30,"transform":{}},{"tweenEasing":0,"duration":22,"transform":{"scX":1.608,"scY":1.608}},{"duration":8,"transform":{"scX":1.711,"scY":1.711}}],"name":"dimian_paopao_eff/hei_zhaoze_01_eff_01"},{"frame":[{"duration":30,"transform":{}},{"duration":30,"transform":{}}],"name":"luoxuan_eff/qinpu_eff_002"},{"frame":[{"duration":30,"transform":{}},{"tweenEasing":0,"duration":20,"transform":{}},{"duration":10,"transform":{"scX":1.9,"scY":1.9}}],"name":"paopao_baozha_eff/cheng_dimianbaozha_02_eff_01"},{"frame":[{"duration":30,"curve":[0,0.8,0.75,1],"transform":{"scX":0.291,"scY":0.291}},{"duration":30,"curve":[0,0.78,0.75,1],"transform":{}},{"duration":0,"transform":{"scX":1.407,"scY":1.407}}],"name":"paopao_eff/zise"},{"frame":[{"tweenEasing":0,"duration":5,"transform":{"y":143.56}},{"tweenEasing":0,"duration":5,"transform":{"scX":1.129,"y":143.56,"scY":1.129}},{"tweenEasing":0,"duration":5,"transform":{"y":143.56}},{"tweenEasing":0,"duration":5,"transform":{"scX":1.129,"y":143.56,"scY":1.129}},{"tweenEasing":0,"duration":5,"transform":{"y":143.56}},{"tweenEasing":0,"duration":4,"transform":{"scX":1.129,"y":143.56,"scY":1.129}},{"duration":1,"transform":{"y":69.12}},{"tweenEasing":0,"duration":4,"transform":{"y":143.56}},{"tweenEasing":0,"duration":4,"transform":{"scX":1.129,"y":143.56,"scY":1.129}},{"tweenEasing":0,"duration":4,"transform":{"y":143.56}},{"tweenEasing":0,"duration":4,"transform":{"scX":1.129,"y":143.56,"scY":1.129}},{"tweenEasing":0,"duration":4,"transform":{"y":143.56}},{"tweenEasing":0,"duration":5,"transform":{"scX":1.129,"y":143.56,"scY":1.129}},{"duration":5,"transform":{"y":69.12}}],"name":"paopao_eff/paopao"},{"frame":[{"tweenEasing":0,"duration":5,"transform":{"y":86.4}},{"tweenEasing":0,"duration":5,"transform":{"scX":0.682,"y":86.4,"scY":0.682}},{"tweenEasing":0,"duration":5,"transform":{"y":86.4}},{"tweenEasing":0,"duration":5,"transform":{"scX":0.682,"y":86.4,"scY":0.682}},{"tweenEasing":0,"duration":5,"transform":{"y":86.4}},{"tweenEasing":0,"duration":5,"transform":{"scX":0.682,"y":86.4,"scY":0.682}},{"duration":30,"transform":{}}],"name":"paopao_eff/paopao2"},{"frame":[{"tweenEasing":0,"duration":5,"transform":{"y":112.99}},{"tweenEasing":0,"duration":5,"transform":{"scX":0.78,"y":112.99,"scY":0.78}},{"tweenEasing":0,"duration":5,"transform":{"y":112.99}},{"tweenEasing":0,"duration":5,"transform":{"scX":0.78,"y":112.99,"scY":0.78}},{"tweenEasing":0,"duration":5,"transform":{"y":112.99}},{"tweenEasing":0,"duration":4,"transform":{"scX":0.78,"y":112.99,"scY":0.78}},{"duration":1,"transform":{}},{"tweenEasing":0,"duration":4,"transform":{"y":112.99}},{"tweenEasing":0,"duration":4,"transform":{"scX":0.78,"y":112.99,"scY":0.78}},{"tweenEasing":0,"duration":4,"transform":{"y":112.99}},{"tweenEasing":0,"duration":4,"transform":{"scX":0.78,"y":112.99,"scY":0.78}},{"tweenEasing":0,"duration":4,"transform":{"y":112.99}},{"tweenEasing":0,"duration":5,"transform":{"scX":0.78,"y":112.99,"scY":0.78}},{"duration":5,"transform":{}}],"name":"paopao_eff/paopao3"},{"frame":[{"tweenEasing":0,"duration":5,"transform":{}},{"tweenEasing":0,"duration":5,"transform":{"scX":0.802,"scY":0.802}},{"tweenEasing":0,"duration":5,"transform":{}},{"tweenEasing":0,"duration":5,"transform":{"scX":0.802,"scY":0.802}},{"tweenEasing":0,"duration":5,"transform":{}},{"tweenEasing":0,"duration":4,"transform":{"scX":0.802,"scY":0.802}},{"duration":1,"transform":{"y":-66.46}},{"tweenEasing":0,"duration":4,"transform":{}},{"tweenEasing":0,"duration":4,"transform":{"scX":0.802,"scY":0.802}},{"tweenEasing":0,"duration":4,"transform":{}},{"tweenEasing":0,"duration":4,"transform":{"scX":0.802,"scY":0.802}},{"tweenEasing":0,"duration":4,"transform":{}},{"tweenEasing":0,"duration":5,"transform":{"scX":0.802,"scY":0.802}},{"duration":5,"transform":{"y":-66.46}}],"name":"paopao_eff/paopao4"},{"frame":[{"tweenEasing":0,"duration":5,"transform":{"y":82.41}},{"tweenEasing":0,"duration":5,"transform":{"scX":1.185,"y":82.41,"scY":1.185}},{"tweenEasing":0,"duration":5,"transform":{"y":82.41}},{"tweenEasing":0,"duration":5,"transform":{"scX":1.185,"y":82.41,"scY":1.185}},{"tweenEasing":0,"duration":5,"transform":{"y":82.41}},{"tweenEasing":0,"duration":4,"transform":{"scX":1.185,"y":82.41,"scY":1.185}},{"duration":1,"transform":{}},{"tweenEasing":0,"duration":4,"transform":{"y":82.41}},{"tweenEasing":0,"duration":4,"transform":{"scX":1.185,"y":82.41,"scY":1.185}},{"tweenEasing":0,"duration":4,"transform":{"y":82.41}},{"tweenEasing":0,"duration":4,"transform":{"scX":1.185,"y":82.41,"scY":1.185}},{"tweenEasing":0,"duration":4,"transform":{"y":82.41}},{"tweenEasing":0,"duration":5,"transform":{"scX":1.185,"y":82.41,"scY":1.185}},{"duration":5,"transform":{}}],"name":"paopao_eff/paopao5"}],"slot":[{"frame":[{"tweenEasing":0,"duration":4,"color":{"rM":0,"gM":90,"aM":0}},{"tweenEasing":0,"displayIndex":1,"duration":4},{"tweenEasing":0,"displayIndex":2,"duration":4},{"tweenEasing":0,"displayIndex":3,"duration":3},{"tweenEasing":null,"displayIndex":3,"duration":1,"color":{"rM":0,"gM":90}},{"tweenEasing":0,"displayIndex":4,"duration":4},{"tweenEasing":0,"displayIndex":5,"duration":4},{"tweenEasing":0,"displayIndex":6,"duration":4},{"tweenEasing":0,"duration":2},{"tweenEasing":null,"duration":2,"color":{"rM":0,"gM":90}},{"tweenEasing":0,"displayIndex":1,"duration":4},{"tweenEasing":0,"displayIndex":2,"duration":4},{"tweenEasing":0,"displayIndex":3,"duration":4,"color":{"rM":0,"gM":90}},{"tweenEasing":0,"displayIndex":4,"duration":4},{"tweenEasing":0,"displayIndex":5,"duration":4},{"tweenEasing":null,"displayIndex":6,"duration":8,"color":{"rM":0,"gM":90,"aM":0}}],"name":"dimian_paopao_eff/hei_zhaoze_01_eff_01"},{"frame":[{"tweenEasing":0,"duration":4,"color":{"aM":0}},{"tweenEasing":0,"displayIndex":1,"duration":4},{"tweenEasing":0,"displayIndex":2,"duration":4,"color":{"aM":49}},{"tweenEasing":0,"displayIndex":3,"duration":8},{"tweenEasing":null,"duration":40,"color":{"aM":0}}],"name":"luoxuan_eff/qinpu_eff_002"},{"frame":[{"tweenEasing":0,"displayIndex":-1,"duration":30},{"tweenEasing":0,"duration":3},{"tweenEasing":0,"displayIndex":1,"duration":2},{"tweenEasing":0,"displayIndex":1,"duration":1},{"tweenEasing":0,"displayIndex":2,"duration":3},{"tweenEasing":0,"displayIndex":3,"duration":3},{"tweenEasing":0,"displayIndex":4,"duration":3},{"tweenEasing":0,"displayIndex":5,"duration":5},{"tweenEasing":null,"displayIndex":5,"duration":10,"color":{"aM":0}}],"name":"paopao_baozha_eff/cheng_dimianbaozha_02_eff_01"},{"frame":[{"tweenEasing":0,"duration":15,"color":{"aM":0}},{"tweenEasing":0,"duration":14},{"tweenEasing":null,"duration":1,"color":{"aM":0}},{"tweenEasing":0,"duration":5,"color":{"aM":0}},{"tweenEasing":0,"duration":20},{"tweenEasing":null,"duration":5,"color":{"aM":0}}],"name":"paopao_eff/paopao"},{"frame":[{"tweenEasing":0,"duration":15,"color":{"aM":0}},{"tweenEasing":0,"duration":15},{"tweenEasing":null,"duration":30,"color":{"aM":0}}],"name":"paopao_eff/paopao2"},{"frame":[{"tweenEasing":0,"duration":15,"color":{"aM":0}},{"tweenEasing":0,"duration":14},{"tweenEasing":null,"duration":1,"color":{"aM":0}},{"tweenEasing":0,"duration":5,"color":{"aM":0}},{"tweenEasing":0,"duration":20},{"tweenEasing":null,"duration":5,"color":{"aM":0}}],"name":"paopao_eff/paopao3"},{"frame":[{"tweenEasing":0,"duration":15,"color":{"aM":0}},{"tweenEasing":0,"duration":14},{"tweenEasing":null,"duration":1,"color":{"aM":0}},{"tweenEasing":0,"duration":5,"color":{"aM":0}},{"tweenEasing":0,"duration":20},{"tweenEasing":null,"duration":5,"color":{"aM":0}}],"name":"paopao_eff/paopao4"},{"frame":[{"tweenEasing":0,"duration":15,"color":{"aM":0}},{"tweenEasing":0,"duration":14},{"tweenEasing":null,"duration":1,"color":{"aM":0}},{"tweenEasing":0,"duration":5,"color":{"aM":0}},{"tweenEasing":0,"duration":20},{"tweenEasing":null,"duration":5,"color":{"aM":0}}],"name":"paopao_eff/paopao5"},{"frame":[{"duration":30,"curve":[0,0.8,0.75,1],"color":{"aM":0}},{"duration":30,"curve":[0,0.78,0.75,1]},{"tweenEasing":null,"duration":0,"color":{"aM":0}}],"name":"paopao_eff/zise"}],"name":"animation"}],"bone":[{"name":"root","transform":{}},{"length":20,"transform":{"skX":-90,"skY":-90},"parent":"root","name":"dimian_paopao_eff/hei_zhaoze_01_eff_01"},{"transform":{"scX":1.557,"y":0.52,"scY":3.106,"x":-0.31},"name":"luoxuan_eff/qinpu_eff_002","parent":"root"},{"length":81,"transform":{"skX":-90.6,"skY":-90.6,"y":-0.04,"x":-2.43},"parent":"root","name":"paopao_baozha_eff/cheng_dimianbaozha_02_eff_01"},{"transform":{"scX":0.442,"y":-164.96,"scY":0.442,"x":-139.49},"name":"paopao_eff/paopao","parent":"root"},{"transform":{"scX":0.413,"y":-304.72,"scY":0.413,"x":168.47},"name":"paopao_eff/paopao2","parent":"root"},{"transform":{"scX":0.702,"y":-405.65,"scY":0.702,"x":-46.32},"name":"paopao_eff/paopao3","parent":"root"},{"transform":{"scX":0.479,"y":-92.5,"scY":0.479,"x":101.18},"name":"paopao_eff/paopao4","parent":"root"},{"transform":{"scX":0.496,"y":-256.84,"scY":0.496,"x":74.01},"name":"paopao_eff/paopao5","parent":"root"},{"transform":{"scX":3.003,"y":38.17,"scY":3.003,"x":4.89},"name":"paopao_eff/zise","parent":"root"}],"aabb":{"width":450.96000000000004,"y":-477.15,"height":515.91,"x":-210.99},"name":"armatureName","frameRate":30}],"name":"ys_renyupaopao_eff","version":"4.0"}