{"frameRate":30,"name":"gw_023_feijie","version":"5.5","compatibleVersion":"5.5","armature":[{"type":"Armature","frameRate":30,"name":"armatureName","aabb":{"x":-59.29,"y":-287.83,"width":124,"height":297.47},"bone":[{"name":"root"},{"name":"11","parent":"root","transform":{"x":-6.78,"y":-10.25}},{"name":"22","parent":"root","transform":{"x":1.86,"y":-5.62}},{"name":"buff_flo","parent":"root"},{"name":"buff_mid","parent":"root","transform":{"y":-124.51}},{"name":"buff_up","parent":"root","transform":{"y":-228.35}},{"name":"gw_023_feijie_pz","parent":"root","transform":{"x":-14.9,"y":-23.73}},{"name":"hongchun_kua","parent":"root","transform":{"x":3.31,"y":-93.29}},{"name":"jiao1","parent":"root","transform":{"x":5.11,"y":5.67}},{"name":"jiao2","parent":"root","transform":{"x":17.35,"y":1.83}},{"length":47,"name":"hongchun_datui2","parent":"hongchun_kua","transform":{"x":5.7,"y":-7.3,"skX":74.66,"skY":74.66}},{"length":50,"name":"hongchun_datui1","parent":"hongchun_kua","transform":{"x":-7.3,"y":-7.11,"skX":93.36,"skY":93.36}},{"length":16,"name":"hongchun_shenti","parent":"hongchun_kua","transform":{"x":-3.71,"y":-3.98,"skX":-82.59,"skY":-82.59}},{"length":29,"name":"hongchun_shenti2","parent":"hongchun_shenti","transform":{"x":20.72,"y":1.16,"skX":-20.18,"skY":-20.18}},{"length":48,"name":"hongchun_xiaotui1","parent":"hongchun_datui1","transform":{"x":48.96,"y":1.94,"skX":-3.35,"skY":-3.35}},{"length":47,"name":"hongchun_xiaotui2","parent":"hongchun_datui2","transform":{"x":47.49,"y":0.59,"skX":41.67,"skY":41.67}},{"length":30,"name":"hongchun_dabi2","parent":"hongchun_shenti2","transform":{"x":24.6,"y":12.73,"skX":-160.05,"skY":-160.05}},{"length":30,"name":"hongchun_dabi1","parent":"hongchun_shenti2","transform":{"x":33.36,"y":-15.56,"skX":176.15,"skY":176.15}},{"length":10,"name":"hongchun_jiao1","parent":"hongchun_xiaotui1","transform":{"x":46.23,"y":-0.03,"skX":-44.64,"skY":-44.64}},{"length":17,"name":"hongchun_shenti3","parent":"hongchun_shenti2","transform":{"x":33.03,"y":-0.92,"skX":9.45,"skY":9.45}},{"length":8,"name":"hongchun_jiao3","parent":"hongchun_xiaotui2","transform":{"x":46.74,"y":0.14,"skX":-49.39,"skY":-49.39}},{"length":23,"name":"hongchun_xiaobi2","parent":"hongchun_dabi2","transform":{"x":30.1,"y":1.03,"skX":-41.5,"skY":-41.5}},{"length":9,"name":"hongchun_jiao4","parent":"hongchun_jiao3","transform":{"x":10.38,"y":-0.44,"skX":-32.8,"skY":-32.8}},{"length":61,"name":"hongchun_tou","parent":"hongchun_shenti3","transform":{"x":14.57,"y":-1.72,"skX":7.82,"skY":7.82}},{"length":26,"name":"hoingchun_xiaobi1","parent":"hongchun_dabi1","transform":{"x":29.44,"y":0.53,"skX":-164.58,"skY":-164.58}},{"length":11,"name":"hongchun_jiao2","parent":"hongchun_jiao1","transform":{"x":11.66,"y":-0.7,"skX":-21.58,"skY":-21.58}},{"length":19,"name":"hongchun_shou2","parent":"hongchun_xiaobi2","transform":{"x":24.92,"y":-0.35,"skX":3.69,"skY":3.69}},{"length":16,"name":"hongchun_shou1","parent":"hoingchun_xiaobi1","transform":{"x":27.55,"y":-0.06,"skX":-25.02,"skY":-25.02}},{"length":14,"name":"hongchun_toufa1","parent":"hongchun_tou","transform":{"x":47.51,"y":29.33,"skX":107.76,"skY":107.76}},{"length":16,"name":"hongchun_toufa8","parent":"hongchun_tou","transform":{"x":39.99,"y":-11.86,"skX":-172.74,"skY":-172.74}},{"length":16,"name":"hongchun_toufa3","parent":"hongchun_tou","transform":{"x":52.84,"y":8.44,"skX":-165.31,"skY":-165.31}},{"length":21,"name":"hongchun_toufa4","parent":"hongchun_tou","transform":{"x":55.32,"y":-9.6,"skX":-16.57,"skY":-16.57}},{"length":14,"name":"hongchun_toufa7","parent":"hongchun_toufa3","transform":{"x":17.08,"y":-0.49,"skX":-31.77,"skY":-31.77}},{"length":20,"name":"hongchun_toufa2","parent":"hongchun_toufa1","transform":{"x":15.01,"y":1.53,"skX":62.8,"skY":62.8}},{"length":15,"name":"hongchun_toufa9","parent":"hongchun_toufa8","transform":{"x":18.37,"y":-0.58,"skX":-29.82,"skY":-29.82}},{"length":24,"name":"hongchun_toufa5","parent":"hongchun_toufa4","transform":{"x":24.08,"y":-0.55,"skX":5.87,"skY":5.87}},{"length":16,"name":"hongchun_toufa6","parent":"hongchun_toufa5","transform":{"x":27.48,"y":0.18,"skX":1.7,"skY":1.7}}],"slot":[{"blendMode":"erase","name":"gw_023_feijie_pz","parent":"gw_023_feijie_pz","color":{"aM":0}},{"blendMode":"erase","name":"buff_flo","parent":"buff_flo","color":{"aM":0}},{"name":"hongchun_xiaobi2","parent":"hongchun_xiaobi2"},{"name":"hongchun_shou2","parent":"hongchun_shou2"},{"name":"hongchun_dabi2","parent":"hongchun_dabi2"},{"name":"hongchun_xiaotui2","parent":"hongchun_xiaotui2"},{"name":"hongchun_jiao2","parent":"hongchun_jiao4"},{"name":"hongchun_datui2","parent":"hongchun_datui2"},{"name":"hongchun_shenti","parent":"hongchun_shenti3"},{"name":"hongchun_kua","parent":"hongchun_kua"},{"name":"hongchun_xiaotui1","parent":"hongchun_xiaotui1"},{"name":"hongchun_jiao1","parent":"hongchun_jiao2"},{"name":"hongchun_datui1","parent":"hongchun_datui1"},{"name":"hongchun_toufa4","parent":"hongchun_toufa6"},{"name":"hongchun_tou","parent":"hongchun_tou"},{"name":"hongchun_toufa3","parent":"hongchun_toufa9"},{"name":"hongchun_toufa2","parent":"hongchun_toufa7"},{"name":"hongchun_toufa1","parent":"hongchun_toufa2"},{"name":"hongchun_dabi1","parent":"hongchun_dabi1"},{"name":"hongchun_shou1","parent":"hongchun_shou1"},{"name":"hoingchun_xiaobi1","parent":"hoingchun_xiaobi1"},{"blendMode":"erase","name":"buff_up","parent":"buff_up","color":{"aM":0}},{"blendMode":"erase","name":"buff_mid","parent":"buff_mid","color":{"aM":0}}],"ik":[{"chain":1,"name":"tui2","bone":"hongchun_xiaotui2","target":"22"},{"chain":1,"name":"tui1","bone":"hongchun_xiaotui1","target":"11"},{"bendPositive":false,"chain":1,"name":"jiao1","bone":"hongchun_jiao2","target":"jiao1"},{"bendPositive":false,"chain":1,"name":"jiao2","bone":"hongchun_jiao4","target":"jiao2"}],"skin":[{"slot":[{"name":"hongchun_shou1","display":[{"name":"hongchun_shou1","transform":{"x":8.1,"y":2.12,"skX":-18.24,"skY":-18.24}}]},{"name":"hongchun_xiaotui2","display":[{"name":"hongchun_xiaotui2","transform":{"x":20.91,"y":-0.91,"skX":-115.25,"skY":-115.25}}]},{"name":"hongchun_jiao2","display":[{"type":"mesh","name":"hongchun_jiao2","width":18,"height":19,"vertices":[8.62,-9.37,10.91,-6.77,12.68,-4.48,14.03,-0.11,12.78,2.95,3.58,2.32,-1.8,-5.05,-5.96,-10,-4.29,-17.62,5.2,-17.21],"uvs":[0.75511,0.38206,0.88222,0.5189,0.98044,0.63932,1.05556,0.86921,0.98622,1.03074,0.47528,0.99789,0.17554,0.60927,-0.05556,0.34928,0.0369,-0.05263,0.56444,-0.03074],"triangles":[5,4,3,2,5,3,1,5,2,6,5,0,0,5,1,9,6,0,7,6,9,8,7,9],"weights":[2,20,0.57085,22,0.42914,2,20,0.11705,22,0.88294,2,20,0.00917,22,0.99082,1,22,1,1,22,1,1,22,1,2,20,0.88639,22,0.1136,1,20,1,1,20,1,1,20,1],"slotPose":[1,0,0,1,0,0],"bonePose":[20,0.391695,0.920095,-0.920095,0.391695,0.147767,-12.807014,22,0.827669,0.561217,-0.561217,0.827669,4.618402,-3.428772],"edges":[7,6,6,5,5,4,4,3,3,2,2,1,1,0,0,9,9,8,8,7],"userEdges":[]}]},{"name":"hongchun_shenti","display":[{"type":"mesh","name":"hongchun_shenti","width":44,"height":79,"vertices":[19.63,-137.75,17.48,-120.9,19.65,-99.17,6.24,-89.25,-25.26,-92.91,-16.85,-119.39,-26.34,-141.22,-26.35,-149.27,-15.24,-156.19,-13.45,-168.45,-5.87,-170.23,1.45,-168.62,4.51,-155.4,19.64,-148.19,-1.75,-131.27,14.86,-134.73,3.42,-117.67,12.28,-119.18,4.5,-108.38,11.41,-108.6],"uvs":[1.02272,0.39843,0.97363,0.6117,1.02272,0.88688,0.7179,1.01264,0.00181,0.96617,0.19326,0.63084,-0.02248,0.35462,-0.02273,0.25255,0.2296,0.16501,0.27033,0.00984,0.443,-0.01266,0.60905,0.00757,0.6788,0.17498,1.02272,0.26622,0.53628,0.48046,0.91427,0.43671,0.65409,0.65271,0.85536,0.63357,0.67864,0.77028,0.83573,0.76755],"triangles":[15,17,1,17,19,1,1,19,2,19,3,2,12,15,13,13,15,0,15,1,0,18,3,19,14,17,15,14,16,17,12,14,15,17,16,19,16,18,19,8,14,12,18,4,3,11,10,12,10,8,12,16,5,18,5,4,18,14,5,16,8,6,14,9,8,10,6,5,14,7,6,8],"weights":[1,13,0.99999,2,12,0.04315,13,0.95684,2,12,0.81729,13,0.1827,1,12,1,1,12,1,3,12,0.7206,13,0.22274,19,0.05664,3,12,0.01898,13,0.10068,19,0.88033,3,12,0.0018,13,0.02048,19,0.9777,1,19,1,1,19,1,1,19,1,2,13,0.00116,19,0.99882,2,13,0.56913,19,0.43086,1,13,0.99999,3,12,0.02959,13,0.95895,19,0.01144,1,13,0.99999,1,13,1,2,12,0.08915,13,0.91084,2,12,0.94533,13,0.05466,2,12,0.53538,13,0.46461],"slotPose":[1,0,0,1,0,0],"bonePose":[12,0.128969,-0.991649,0.991649,0.128969,-0.4,-97.27,13,-0.221038,-0.975265,0.975265,-0.221038,3.422543,-117.667357,19,-0.057913,-0.998322,0.998322,-0.057913,-4.775582,-149.677012],"edges":[7,6,6,5,5,4,4,3,3,2,2,1,1,0,0,13,13,12,12,11,11,10,10,9,9,8,8,7],"userEdges":[]}]},{"name":"hongchun_kua","display":[{"name":"hongchun_kua","transform":{"x":-4.15,"y":-3.04,"scX":0.95}}]},{"name":"gw_023_feijie_pz","display":[{"name":"gw_023_feijie_pz","transform":{"x":20.4,"y":-92.64,"scX":7.315,"scY":23.335}}]},{"name":"hongchun_tou","display":[{"name":"hongchun_tou","transform":{"x":24.39,"y":8.16,"skX":82.49,"skY":82.49}}]},{"name":"buff_flo","display":[{"name":"buff_flo","transform":{"x":-0.53,"y":-1.07}}]},{"name":"hongchun_xiaobi2","display":[{"name":"hongchun_xiaobi2","transform":{"x":12.11,"y":-0.04,"skX":-54.62,"skY":-54.62}}]},{"name":"hongchun_toufa4","display":[{"type":"mesh","name":"hongchun_toufa4","width":30,"height":76,"vertices":[-10.07,-266.61,-1.36,-218.51,-21.57,-211.53,-31.72,-223.29,-33.35,-289.53,-10.51,-289.52],"uvs":[0.74267,0.2884,1.03332,0.92136,0.35949,1.01315,0.02119,0.85841,-0.03333,-0.01316,0.72813,-0.01316],"triangles":[0,3,1,3,2,1,5,4,0,4,3,0],"weights":[3,31,0.00049,35,0.72797,36,0.27153,1,31,0.99999,2,31,0.99954,35,0.00045,2,31,0.87421,35,0.12578,1,36,1,1,36,1],"slotPose":[1,0,0,1,0,0],"bonePose":[31,-0.209107,-0.977893,0.977893,-0.209107,-12.56653,-220.025624,35,-0.107999,-0.994151,0.994151,-0.107999,-18.139657,-243.458275,36,-0.078459,-0.996917,0.996917,-0.078459,-20.928532,-270.796983],"edges":[4,3,3,2,2,1,1,0,0,5,5,4],"userEdges":[]}]},{"name":"hongchun_toufa3","display":[{"type":"mesh","name":"hongchun_toufa3","width":19,"height":41,"vertices":[-15.5,-188.61,-13.09,-177.64,-12.53,-168.03,-19.84,-174.99,-22.52,-191.63,-20.82,-205.18,-16.02,-204.92,-15.64,-199.24],"uvs":[0.32079,0.42226,0.4629,0.68853,0.50581,0.92231,0.11078,0.75767,-0.05263,0.35312,0.01841,0.0217,0.27133,0.025,0.29947,0.16329],"triangles":[4,0,7,0,3,1,1,3,2,4,3,0,5,4,7,5,7,6],"weights":[2,29,0.52135,34,0.47864,1,34,1,1,34,1,1,34,1,1,29,1,1,29,1,1,29,1,1,29,1],"slotPose":[1,0,0,1,0,0],"bonePose":[29,-0.203813,0.97901,-0.97901,-0.203813,-16.022341,-204.920198,34,0.310013,0.950732,-0.950732,0.310013,-19.198553,-186.817575],"edges":[4,3,3,2,2,1,1,0,0,7,7,6,6,5,5,4],"userEdges":[]}]},{"name":"hongchun_dabi2","display":[{"type":"mesh","name":"hongchun_dabi2","width":14,"height":38,"vertices":[15.63,-110.23,-0.36,-110.23,-0.36,-150.22,15.63,-150.21],"uvs":[1.07143,1.02632,-0.07143,1.02632,-0.07143,-0.02632,1.07143,-0.02632],"triangles":[1,0,3,2,1,3],"weights":[1,16,1,1,16,1,1,16,1,1,16,1],"slotPose":[1,0,0,1,0,0],"bonePose":[16,-0.124987,0.992158,-0.992158,-0.124987,10.400138,-144.472693],"edges":[1,0,0,3,3,2,2,1],"userEdges":[]}]},{"name":"hongchun_toufa1","display":[{"type":"mesh","name":"hongchun_toufa1","width":52,"height":51,"vertices":[52.43,-217.26,48.91,-208.61,51.15,-187.71,38.34,-175.87,25.95,-180.51,28.18,-194.65,25.63,-209.19,32.41,-220.54,39.94,-220.54],"uvs":[0.49615,0.04476,0.42846,0.21417,0.47154,0.62431,0.22514,0.85646,-0.01307,0.76549,0.03,0.48832,-0.01923,0.20314,0.11129,-0.0196,0.25615,-0.01961],"triangles":[1,5,2,8,1,0,5,3,2,8,6,1,6,5,1,5,4,3,7,6,8],"weights":[1,28,1,2,28,0.94851,33,0.05148,1,33,1,1,33,1,1,33,1,2,28,0.02064,33,0.97935,1,28,1,1,28,1,1,28,1],"slotPose":[1,0,0,1,0,0],"bonePose":[28,0.925474,0.37881,-0.37881,0.925474,25.630697,-209.185287,33,0.086112,0.996285,-0.996285,0.086112,38.942488,-202.08337],"edges":[6,5,5,4,4,3,3,2,2,1,1,0,0,8,8,7,7,6],"userEdges":[]}]},{"name":"hongchun_jiao1","display":[{"type":"mesh","name":"hongchun_jiao1","width":20,"height":25,"vertices":[3.96,-2.66,6.09,-1.84,8.57,0.19,11.1,3.01,11.26,7.86,4.94,11.39,-1.57,10.6,-7.05,6.67,-12.12,5.51,-18.15,-6.95,-6.92,-12.86,-0.45,-6.06],"uvs":[0.8524,0.51725,0.9304,0.5838,0.99799,0.70029,1.04999,0.84588,0.9512,1.02336,0.58975,1.03998,0.31416,0.89855,0.1528,0.66144,-0.05,0.53118,-0.04999,-0.02337,0.58455,-0.04,0.7276,0.31775],"triangles":[2,5,3,5,4,3,1,5,2,0,6,1,6,5,1,11,7,0,7,6,0,8,7,11,10,9,11,9,8,11],"weights":[2,18,0.00118,25,0.99881,1,25,1,1,25,1,1,25,1,1,25,1,2,18,0.01494,25,0.98505,2,18,0.26762,25,0.73237,2,18,0.91537,25,0.08462,1,18,1,1,18,1,2,18,0.86848,25,0.13151,2,18,0.22312,25,0.77687],"slotPose":[1,0,0,1,0,0],"bonePose":[18,0.702526,0.711658,-0.711658,0.702526,-8.774253,-5.407861,25,0.91503,0.403386,-0.403386,0.91503,-0.084641,2.398307],"edges":[8,7,7,6,6,5,5,4,4,3,3,2,2,1,1,0,0,11,11,10,10,9,9,8],"userEdges":[]}]},{"name":"hoingchun_xiaobi1","display":[{"name":"hoingchun_xiaobi1","transform":{"x":12.63,"y":0.14,"skX":-48.58,"skY":-48.58}}]},{"name":"buff_up","display":[{"name":"buff_up","transform":{"x":0.53,"y":-0.53}}]},{"name":"hongchun_xiaotui1","display":[{"type":"mesh","name":"hongchun_xiaotui1","width":15,"height":53,"vertices":[-2.92,-3.93,-19.91,-4.45,-18.22,-59.41,-1.24,-58.89],"uvs":[1.06667,1.01887,-0.06667,1.01887,-0.06667,-0.01887,1.06667,-0.01887],"triangles":[1,0,3,2,1,3],"weights":[1,14,1,1,14,1,1,14,1,1,14,1],"slotPose":[1,0,0,1,0,0],"bonePose":[14,-0.000175,1,-1,-0.000175,-8.796184,-51.637865],"edges":[1,0,0,3,3,2,2,1],"userEdges":[]}]},{"name":"hongchun_datui2","display":[{"name":"hongchun_datui1","transform":{"x":24.05,"y":-0.29,"skX":-90.77,"skY":-90.77}},{"name":"hongchun_datui2","transform":{"x":24.37,"y":1.55,"skX":-72.57,"skY":-72.57}}]},{"name":"hongchun_toufa2","display":[{"type":"mesh","name":"hongchun_toufa2","width":44,"height":75,"vertices":[3.08,-195.97,5.34,-182.93,-0.13,-184.39,-4.2,-199.5,-2.5,-213.2,5.22,-216.14,6.63,-210.34,4.54,-205.19],"uvs":[0.94223,0.60777,0.99345,0.78166,0.86905,0.76217,0.7766,0.56038,0.81519,0.37792,0.99083,0.33871,1.02272,0.41599,0.97516,0.48468],"triangles":[0,2,1,4,7,6,5,4,6,3,0,7,4,3,7,3,2,0],"weights":[1,32,1,1,32,1,1,32,1,2,30,0.48118,32,0.5188,1,30,1,1,30,1,1,30,1,2,30,0.99078,32,0.00921],"slotPose":[1,0,0,1,0,0],"bonePose":[32,0.217803,0.975993,-0.975993,0.217803,0.071826,-199.845874,30,-0.328702,0.944434,-0.944434,-0.328702,5.223281,-216.137866],"edges":[3,2,2,1,1,0,0,7,7,6,6,5,5,4,4,3],"userEdges":[]}]},{"name":"hongchun_datui1","display":[{"name":"hongchun_datui1","transform":{"x":23.64,"y":-0.64,"skX":-92.99,"skY":-92.99}}]},{"name":"buff_mid","display":[{"name":"buff_mid","transform":{"y":-0.53}}]},{"name":"hongchun_shou2","display":[{"name":"hongchun_shou2","transform":{"x":10.63,"y":0.79,"skX":-57.81,"skY":-57.81,"scX":0.93,"scY":0.93}}]},{"name":"hongchun_dabi1","display":[{"name":"hongchun_dabi1","transform":{"x":14.59,"y":1.64,"skX":-130.21,"skY":-130.21}}]}]}],"animation":[{"duration":20,"name":"0000_chuchang","bone":[{"name":"hongchun_kua","translateFrame":[{"duration":5,"curve":[0.25,0,1,0.58],"x":-3.42,"y":-57.12},{"duration":5,"curve":[0,0.36,0.75,1],"x":-7.44,"y":-0.19},{"duration":10,"curve":[0.25,0,1,0.48],"x":-6.94,"y":7.38},{"duration":0}],"rotateFrame":[{"duration":10,"curve":[0.25,0,1,0.58],"rotate":5.66},{"duration":10,"curve":[0.25,0,1,0.48],"rotate":5.66},{"duration":0}]},{"name":"hongchun_shenti","rotateFrame":[{"duration":5,"rotate":-1.17},{"duration":5,"curve":[0,0.36,0.75,1],"rotate":-1.17},{"duration":10,"curve":[0.25,0,1,0.48],"rotate":-1.72},{"duration":0}]},{"name":"hongchun_shenti2","rotateFrame":[{"duration":5,"curve":[0.25,0,1,0.58],"rotate":23.12},{"duration":5,"curve":[0,0.36,0.75,1],"rotate":17.11},{"duration":10,"curve":[0.25,0,1,0.48],"rotate":27.46},{"duration":0}]},{"name":"hongchun_shenti3","rotateFrame":[{"duration":10,"rotate":0.45},{"duration":10,"curve":[0.25,0,1,0.48],"rotate":0.45},{"duration":0}]},{"name":"hongchun_dabi1","rotateFrame":[{"duration":5,"rotate":72.53},{"duration":5,"curve":[0,0.36,0.75,1],"rotate":72.53},{"duration":10,"curve":[0.25,0,1,0.48],"rotate":41.67},{"duration":0}]},{"name":"hoingchun_xiaobi1","rotateFrame":[{"duration":10,"rotate":125.4},{"duration":10,"curve":[0.25,0,1,0.48],"rotate":125.4},{"duration":0}]},{"name":"hongchun_dabi2","rotateFrame":[{"duration":5,"rotate":-76.63},{"duration":5,"curve":[0,0.36,0.75,1],"rotate":-76.63},{"duration":10,"curve":[0.25,0,1,0.48],"rotate":-45.17},{"duration":0}]},{"name":"hongchun_xiaobi2","rotateFrame":[{"duration":5,"rotate":18.94},{"duration":5,"curve":[0,0.36,0.75,1],"rotate":18.94},{"duration":10,"curve":[0.25,0,1,0.48],"rotate":3.59},{"duration":0}]},{"name":"hongchun_shou2","rotateFrame":[{"duration":10,"rotate":-34.33},{"duration":10,"curve":[0.25,0,1,0.48],"rotate":-34.33},{"duration":0}]},{"name":"hongchun_tou","rotateFrame":[{"duration":5,"rotate":-13.75},{"duration":5,"curve":[0,0.36,0.75,1],"rotate":-13.75},{"duration":10,"curve":[0.25,0,1,0.48],"rotate":-28.9},{"duration":0}]},{"name":"hongchun_toufa5","rotateFrame":[{"duration":10,"rotate":10.01},{"duration":10,"curve":[0.25,0,1,0.48],"rotate":10.01},{"duration":0}]},{"name":"hongchun_toufa6","rotateFrame":[{"duration":10,"rotate":13.42},{"duration":10,"curve":[0.25,0,1,0.48],"rotate":13.42},{"duration":0}]},{"name":"hongchun_toufa1","rotateFrame":[{"duration":10,"rotate":-3.04},{"duration":10,"curve":[0.25,0,1,0.48],"rotate":-3.04},{"duration":0}]},{"name":"hongchun_toufa2","rotateFrame":[{"duration":10,"rotate":-16.85},{"duration":10,"curve":[0.25,0,1,0.48],"rotate":-16.85},{"duration":0}]},{"name":"hongchun_toufa3","rotateFrame":[{"duration":10,"rotate":4.35},{"duration":10,"curve":[0.25,0,1,0.48],"rotate":4.35},{"duration":0}]},{"name":"hongchun_toufa7","rotateFrame":[{"duration":10,"rotate":-3.46},{"duration":10,"curve":[0.25,0,1,0.48],"rotate":-3.46},{"duration":0}]},{"name":"hongchun_toufa8","rotateFrame":[{"duration":10,"rotate":-3.2},{"duration":10,"curve":[0.25,0,1,0.48],"rotate":-3.2},{"duration":0}]},{"name":"11","translateFrame":[{"duration":5,"curve":[0.25,0,1,0.58],"x":-0.5,"y":-56.21},{"duration":5,"curve":[0,0.36,0.75,1],"x":-0.5,"y":-1.01},{"duration":10}]},{"name":"jiao1","translateFrame":[{"duration":5,"curve":[0.25,0,1,0.58],"y":-55.19},{"duration":15}]},{"name":"22","translateFrame":[{"duration":5,"curve":[0.25,0,1,0.58],"x":-2.38,"y":-75.91},{"duration":5,"curve":[0,0.36,0.75,1],"x":-3.53,"y":-20.71},{"duration":10}]},{"name":"jiao2","translateFrame":[{"duration":5,"curve":[0.25,0,1,0.58],"x":-9.96,"y":-65.8},{"duration":5,"curve":[0,0.36,0.75,1],"x":-11.11,"y":-10.6},{"duration":10}]}]},{"duration":60,"name":"0001_daiji","bone":[{"name":"hongchun_kua","translateFrame":[{"duration":30,"tweenEasing":0},{"duration":30,"tweenEasing":0,"x":-2.12,"y":0.53},{"duration":0}]},{"name":"hongchun_shenti2","translateFrame":[{"duration":30,"tweenEasing":0},{"duration":30,"tweenEasing":0,"x":0.34,"y":-0.04},{"duration":0}]},{"name":"hongchun_dabi1","rotateFrame":[{"duration":30,"tweenEasing":0},{"duration":30,"tweenEasing":0,"rotate":2.11},{"duration":0}]},{"name":"hoingchun_xiaobi1","rotateFrame":[{"duration":30,"tweenEasing":0},{"duration":30,"tweenEasing":0,"rotate":3.08},{"duration":0}]},{"name":"hongchun_shou1","rotateFrame":[{"duration":30,"tweenEasing":0},{"duration":30,"tweenEasing":0,"rotate":-1.91},{"duration":0}]},{"name":"hongchun_dabi2","rotateFrame":[{"duration":30,"tweenEasing":0},{"duration":30,"tweenEasing":0,"rotate":-3.5},{"duration":0}]},{"name":"hongchun_xiaobi2","rotateFrame":[{"duration":30,"tweenEasing":0},{"duration":30,"tweenEasing":0,"rotate":9.19},{"duration":0}]},{"name":"hongchun_shou2","rotateFrame":[{"duration":30,"tweenEasing":0},{"duration":30,"tweenEasing":0,"rotate":-3.44},{"duration":0}]},{"name":"hongchun_tou","rotateFrame":[{"duration":30,"tweenEasing":0},{"duration":30,"tweenEasing":0,"rotate":-1.36},{"duration":0}]},{"name":"hongchun_toufa4","rotateFrame":[{"duration":30,"tweenEasing":0},{"duration":30,"tweenEasing":0,"rotate":-1.83},{"duration":0}]},{"name":"hongchun_toufa5","rotateFrame":[{"duration":30,"tweenEasing":0},{"duration":30,"tweenEasing":0,"rotate":2.47},{"duration":0}]},{"name":"hongchun_toufa6","rotateFrame":[{"duration":30,"tweenEasing":0},{"duration":30,"tweenEasing":0,"rotate":4.92},{"duration":0}]},{"name":"hongchun_toufa1","rotateFrame":[{"duration":30,"tweenEasing":0},{"duration":30,"tweenEasing":0,"rotate":-3.42},{"duration":0}]},{"name":"hongchun_toufa3","rotateFrame":[{"duration":30,"tweenEasing":0},{"duration":30,"tweenEasing":0,"rotate":3.79},{"duration":0}]},{"name":"hongchun_toufa8","rotateFrame":[{"duration":30,"tweenEasing":0},{"duration":30,"tweenEasing":0,"rotate":5.92},{"duration":0}]},{"name":"11","translateFrame":[{"duration":30,"tweenEasing":0},{"duration":30,"tweenEasing":0,"x":-2.96,"y":0.42},{"duration":0}]}]},{"duration":30,"name":"0002_pao","bone":[{"name":"hongchun_kua","translateFrame":[{"duration":8,"tweenEasing":0,"y":8.31},{"duration":7,"tweenEasing":0,"y":1.94},{"duration":8,"tweenEasing":0,"y":8.31},{"duration":7,"tweenEasing":0,"y":1.94},{"duration":0,"y":8.31}],"rotateFrame":[{"duration":30,"rotate":10.55}]},{"name":"hongchun_shenti2","translateFrame":[{"duration":30,"x":-1.45,"y":0.9}],"rotateFrame":[{"duration":8,"tweenEasing":0,"rotate":17.22},{"duration":7,"tweenEasing":0,"rotate":20.97},{"duration":8,"tweenEasing":0,"rotate":17.22},{"duration":7,"tweenEasing":0,"rotate":20.97},{"duration":0,"rotate":17.22}]},{"name":"hongchun_dabi1","translateFrame":[{"duration":30,"x":0.32,"y":1.2}],"rotateFrame":[{"duration":8,"tweenEasing":0,"rotate":21.02},{"duration":7,"tweenEasing":0,"rotate":26.16},{"duration":8,"tweenEasing":0,"rotate":21.02},{"duration":7,"tweenEasing":0,"rotate":26.16},{"duration":0,"rotate":21.02}]},{"name":"hoingchun_xiaobi1","rotateFrame":[{"duration":8,"tweenEasing":0,"rotate":6.03},{"duration":7,"tweenEasing":0,"rotate":2.54},{"duration":8,"tweenEasing":0,"rotate":6.03},{"duration":7,"tweenEasing":0,"rotate":2.54},{"duration":0,"rotate":6.03}]},{"name":"hongchun_shou1","rotateFrame":[{"duration":8,"tweenEasing":0,"rotate":-11.1},{"duration":7,"tweenEasing":0,"rotate":-3.77},{"duration":8,"tweenEasing":0,"rotate":-11.1},{"duration":7,"tweenEasing":0,"rotate":-3.77},{"duration":0,"rotate":-11.1}]},{"name":"hongchun_dabi2","translateFrame":[{"duration":30,"x":2.7,"y":-1.15}],"rotateFrame":[{"duration":8,"tweenEasing":0,"rotate":-29.91},{"duration":7,"tweenEasing":0,"rotate":-23.52},{"duration":8,"tweenEasing":0,"rotate":-29.91},{"duration":7,"tweenEasing":0,"rotate":-23.52},{"duration":0,"rotate":-29.91}]},{"name":"hongchun_xiaobi2","rotateFrame":[{"duration":8,"tweenEasing":0},{"duration":7,"tweenEasing":0,"rotate":-11.45},{"duration":8,"tweenEasing":0},{"duration":7,"tweenEasing":0,"rotate":-11.45},{"duration":0}]},{"name":"hongchun_shou2","rotateFrame":[{"duration":8,"tweenEasing":0},{"duration":7,"tweenEasing":0,"rotate":-7.45},{"duration":8,"tweenEasing":0},{"duration":7,"tweenEasing":0,"rotate":-7.45},{"duration":0}]},{"name":"hongchun_tou","translateFrame":[{"duration":30,"x":-1.1,"y":-0.41}],"rotateFrame":[{"duration":8,"tweenEasing":0,"rotate":-22.91},{"duration":7,"tweenEasing":0,"rotate":-22.36},{"duration":8,"tweenEasing":0,"rotate":-22.91},{"duration":7,"tweenEasing":0,"rotate":-22.36},{"duration":0,"rotate":-22.91}]},{"name":"hongchun_toufa4","rotateFrame":[{"duration":8,"tweenEasing":0,"rotate":-2.91},{"duration":7,"tweenEasing":0,"rotate":-7.61},{"duration":8,"tweenEasing":0,"rotate":-2.91},{"duration":7,"tweenEasing":0,"rotate":-7.61},{"duration":0,"rotate":-2.91}]},{"name":"hongchun_toufa5","rotateFrame":[{"duration":8,"tweenEasing":0,"rotate":-2.03},{"duration":7,"tweenEasing":0,"rotate":-4.82},{"duration":8,"tweenEasing":0,"rotate":-2.03},{"duration":7,"tweenEasing":0,"rotate":-4.82},{"duration":0,"rotate":-2.03}]},{"name":"hongchun_toufa1","rotateFrame":[{"duration":30,"rotate":3.83}]},{"name":"hongchun_toufa2","rotateFrame":[{"duration":8,"tweenEasing":0},{"duration":7,"tweenEasing":0,"rotate":7.49},{"duration":8,"tweenEasing":0},{"duration":7,"tweenEasing":0,"rotate":7.49},{"duration":0}]},{"name":"hongchun_toufa3","rotateFrame":[{"duration":8,"tweenEasing":0,"rotate":4.66},{"duration":7,"tweenEasing":0,"rotate":8.62},{"duration":8,"tweenEasing":0,"rotate":4.66},{"duration":7,"tweenEasing":0,"rotate":8.62},{"duration":0,"rotate":4.66}]},{"name":"hongchun_toufa8","rotateFrame":[{"duration":8,"tweenEasing":0,"rotate":4.14},{"duration":7,"tweenEasing":0,"rotate":9.61},{"duration":8,"tweenEasing":0,"rotate":4.14},{"duration":7,"tweenEasing":0,"rotate":9.61},{"duration":0,"rotate":4.14}]},{"name":"11","translateFrame":[{"duration":5,"tweenEasing":0,"x":-24.34,"y":-34.99},{"duration":5,"tweenEasing":0,"x":18.75,"y":-18.52},{"duration":5,"tweenEasing":0,"x":47.8,"y":3},{"duration":5,"tweenEasing":0,"x":5.35,"y":-2.49},{"duration":5,"tweenEasing":0,"x":-45.96,"y":-0.93},{"duration":5,"tweenEasing":0,"x":-51.43,"y":-51.59},{"duration":0,"x":-24.34,"y":-34.99}]},{"name":"hongchun_datui1","translateFrame":[{"duration":15,"tweenEasing":0,"x":-0.83,"y":3.23},{"duration":15,"tweenEasing":0,"x":-3.57,"y":1.81},{"duration":0,"x":-0.83,"y":3.23}]},{"name":"jiao1","translateFrame":[{"duration":5,"tweenEasing":0,"x":-45.9,"y":-33.08},{"duration":2,"tweenEasing":0,"x":8.02,"y":-13.42},{"duration":3,"tweenEasing":0,"x":33.92,"y":-11.89},{"duration":5,"tweenEasing":0,"x":57.72,"y":-15.8},{"duration":5,"tweenEasing":0,"x":10.63,"y":-5.1},{"duration":3,"tweenEasing":0,"x":-41.13,"y":-4.87},{"duration":2,"tweenEasing":0,"x":-75.9,"y":-32.8},{"duration":5,"tweenEasing":0,"x":-77.85,"y":-52.61},{"duration":0,"x":-45.9,"y":-33.08}]},{"name":"22","translateFrame":[{"duration":5,"tweenEasing":0,"x":-6.46,"y":-3.13},{"duration":5,"tweenEasing":0,"x":-41.94,"y":-5.31},{"duration":5,"tweenEasing":0,"x":-55.02,"y":-55.14},{"duration":5,"tweenEasing":0,"x":-38.37,"y":-43.37},{"duration":5,"tweenEasing":0,"x":10.49,"y":-26.06},{"duration":5,"tweenEasing":0,"x":47.32,"y":-1.14},{"duration":0,"x":-6.46,"y":-3.13}]},{"name":"hongchun_datui2","translateFrame":[{"duration":15,"tweenEasing":0,"x":-6.03,"y":-1.81},{"duration":15,"tweenEasing":0,"x":-5.74,"y":-0.92},{"duration":0,"x":-6.03,"y":-1.81}]},{"name":"jiao2","translateFrame":[{"duration":5,"tweenEasing":0,"x":-5.79,"y":-0.57},{"duration":2,"tweenEasing":0,"x":-43.79,"y":-1.83},{"duration":3,"tweenEasing":0,"x":-59.12,"y":-14.56},{"duration":5,"tweenEasing":0,"x":-81.22,"y":-46.92},{"duration":5,"tweenEasing":0,"x":-63.43,"y":-32.54},{"duration":3,"tweenEasing":0,"x":-5.27,"y":-14.81},{"duration":2,"tweenEasing":0,"x":29.82,"y":-5.22},{"duration":5,"tweenEasing":0,"x":49.68,"y":-13},{"duration":0,"x":-5.79,"y":-0.57}]}],"ffd":[{"name":"hongchun_jiao1","slot":"hongchun_jiao1","frame":[{"duration":15},{"duration":15,"vertices":[1.98,1.05,1.98,1.05,1.98,1.05,1.98,1.05,1.98,1.05,1.98,1.04,2.04,0.9,2.17,0.53,2.19,0.48,2.19,0.48,2.16,0.55,2.03,0.92]}]}]},{"duration":30,"name":"0003_chongci","bone":[{"name":"hongchun_kua","translateFrame":[{"duration":8,"tweenEasing":0,"y":8.31},{"duration":7,"tweenEasing":0,"y":1.94},{"duration":8,"tweenEasing":0,"y":8.31},{"duration":7,"tweenEasing":0,"y":1.94},{"duration":0,"y":8.31}],"rotateFrame":[{"duration":30,"rotate":10.55}]},{"name":"hongchun_shenti2","translateFrame":[{"duration":30,"x":-1.45,"y":0.9}],"rotateFrame":[{"duration":8,"tweenEasing":0,"rotate":17.22},{"duration":7,"tweenEasing":0,"rotate":20.97},{"duration":8,"tweenEasing":0,"rotate":17.22},{"duration":7,"tweenEasing":0,"rotate":20.97},{"duration":0,"rotate":17.22}]},{"name":"hongchun_dabi1","translateFrame":[{"duration":30,"x":0.32,"y":1.2}],"rotateFrame":[{"duration":8,"tweenEasing":0,"rotate":21.02},{"duration":7,"tweenEasing":0,"rotate":26.16},{"duration":8,"tweenEasing":0,"rotate":21.02},{"duration":7,"tweenEasing":0,"rotate":26.16},{"duration":0,"rotate":21.02}]},{"name":"hoingchun_xiaobi1","rotateFrame":[{"duration":8,"tweenEasing":0,"rotate":6.03},{"duration":7,"tweenEasing":0,"rotate":2.54},{"duration":8,"tweenEasing":0,"rotate":6.03},{"duration":7,"tweenEasing":0,"rotate":2.54},{"duration":0,"rotate":6.03}]},{"name":"hongchun_shou1","rotateFrame":[{"duration":8,"tweenEasing":0,"rotate":-11.1},{"duration":7,"tweenEasing":0,"rotate":-3.77},{"duration":8,"tweenEasing":0,"rotate":-11.1},{"duration":7,"tweenEasing":0,"rotate":-3.77},{"duration":0,"rotate":-11.1}]},{"name":"hongchun_dabi2","translateFrame":[{"duration":30,"x":2.7,"y":-1.15}],"rotateFrame":[{"duration":8,"tweenEasing":0,"rotate":-29.91},{"duration":7,"tweenEasing":0,"rotate":-23.52},{"duration":8,"tweenEasing":0,"rotate":-29.91},{"duration":7,"tweenEasing":0,"rotate":-23.52},{"duration":0,"rotate":-29.91}]},{"name":"hongchun_xiaobi2","rotateFrame":[{"duration":8,"tweenEasing":0},{"duration":7,"tweenEasing":0,"rotate":-11.45},{"duration":8,"tweenEasing":0},{"duration":7,"tweenEasing":0,"rotate":-11.45},{"duration":0}]},{"name":"hongchun_shou2","rotateFrame":[{"duration":8,"tweenEasing":0},{"duration":7,"tweenEasing":0,"rotate":-7.45},{"duration":8,"tweenEasing":0},{"duration":7,"tweenEasing":0,"rotate":-7.45},{"duration":0}]},{"name":"hongchun_tou","translateFrame":[{"duration":30,"x":-1.1,"y":-0.41}],"rotateFrame":[{"duration":8,"tweenEasing":0,"rotate":-22.91},{"duration":7,"tweenEasing":0,"rotate":-22.36},{"duration":8,"tweenEasing":0,"rotate":-22.91},{"duration":7,"tweenEasing":0,"rotate":-22.36},{"duration":0,"rotate":-22.91}]},{"name":"hongchun_toufa4","rotateFrame":[{"duration":8,"tweenEasing":0,"rotate":-2.91},{"duration":7,"tweenEasing":0,"rotate":-7.61},{"duration":8,"tweenEasing":0,"rotate":-2.91},{"duration":7,"tweenEasing":0,"rotate":-7.61},{"duration":0,"rotate":-2.91}]},{"name":"hongchun_toufa5","rotateFrame":[{"duration":8,"tweenEasing":0,"rotate":-2.03},{"duration":7,"tweenEasing":0,"rotate":-4.82},{"duration":8,"tweenEasing":0,"rotate":-2.03},{"duration":7,"tweenEasing":0,"rotate":-4.82},{"duration":0,"rotate":-2.03}]},{"name":"hongchun_toufa1","rotateFrame":[{"duration":30,"rotate":3.83}]},{"name":"hongchun_toufa2","rotateFrame":[{"duration":8,"tweenEasing":0},{"duration":7,"tweenEasing":0,"rotate":7.49},{"duration":8,"tweenEasing":0},{"duration":7,"tweenEasing":0,"rotate":7.49},{"duration":0}]},{"name":"hongchun_toufa3","rotateFrame":[{"duration":8,"tweenEasing":0,"rotate":4.66},{"duration":7,"tweenEasing":0,"rotate":8.62},{"duration":8,"tweenEasing":0,"rotate":4.66},{"duration":7,"tweenEasing":0,"rotate":8.62},{"duration":0,"rotate":4.66}]},{"name":"hongchun_toufa8","rotateFrame":[{"duration":8,"tweenEasing":0,"rotate":4.14},{"duration":7,"tweenEasing":0,"rotate":9.61},{"duration":8,"tweenEasing":0,"rotate":4.14},{"duration":7,"tweenEasing":0,"rotate":9.61},{"duration":0,"rotate":4.14}]},{"name":"11","translateFrame":[{"duration":5,"tweenEasing":0,"x":-24.34,"y":-34.99},{"duration":5,"tweenEasing":0,"x":18.75,"y":-18.52},{"duration":5,"tweenEasing":0,"x":47.8,"y":3},{"duration":5,"tweenEasing":0,"x":5.35,"y":-2.49},{"duration":5,"tweenEasing":0,"x":-45.96,"y":-0.93},{"duration":5,"tweenEasing":0,"x":-51.43,"y":-51.59},{"duration":0,"x":-24.34,"y":-34.99}]},{"name":"hongchun_datui1","translateFrame":[{"duration":15,"tweenEasing":0,"x":-0.83,"y":3.23},{"duration":15,"tweenEasing":0,"x":-3.57,"y":1.81},{"duration":0,"x":-0.83,"y":3.23}]},{"name":"jiao1","translateFrame":[{"duration":5,"tweenEasing":0,"x":-45.9,"y":-33.08},{"duration":2,"tweenEasing":0,"x":8.02,"y":-13.42},{"duration":3,"tweenEasing":0,"x":33.92,"y":-11.89},{"duration":5,"tweenEasing":0,"x":57.72,"y":-15.8},{"duration":5,"tweenEasing":0,"x":10.63,"y":-5.1},{"duration":3,"tweenEasing":0,"x":-41.13,"y":-4.87},{"duration":2,"tweenEasing":0,"x":-75.9,"y":-32.8},{"duration":5,"tweenEasing":0,"x":-77.85,"y":-52.61},{"duration":0,"x":-45.9,"y":-33.08}]},{"name":"22","translateFrame":[{"duration":5,"tweenEasing":0,"x":-6.46,"y":-3.13},{"duration":5,"tweenEasing":0,"x":-41.94,"y":-5.31},{"duration":5,"tweenEasing":0,"x":-55.02,"y":-55.14},{"duration":5,"tweenEasing":0,"x":-38.37,"y":-43.37},{"duration":5,"tweenEasing":0,"x":10.49,"y":-26.06},{"duration":5,"tweenEasing":0,"x":47.32,"y":-1.14},{"duration":0,"x":-6.46,"y":-3.13}]},{"name":"hongchun_datui2","translateFrame":[{"duration":15,"tweenEasing":0,"x":-6.03,"y":-1.81},{"duration":15,"tweenEasing":0,"x":-5.74,"y":-0.92},{"duration":0,"x":-6.03,"y":-1.81}]},{"name":"jiao2","translateFrame":[{"duration":5,"tweenEasing":0,"x":-5.79,"y":-0.57},{"duration":2,"tweenEasing":0,"x":-43.79,"y":-1.83},{"duration":3,"tweenEasing":0,"x":-59.12,"y":-14.56},{"duration":5,"tweenEasing":0,"x":-81.22,"y":-46.92},{"duration":5,"tweenEasing":0,"x":-63.43,"y":-32.54},{"duration":3,"tweenEasing":0,"x":-5.27,"y":-14.81},{"duration":2,"tweenEasing":0,"x":29.82,"y":-5.22},{"duration":5,"tweenEasing":0,"x":49.68,"y":-13},{"duration":0,"x":-5.79,"y":-0.57}]}],"ffd":[{"name":"hongchun_jiao1","slot":"hongchun_jiao1","frame":[{"duration":15},{"duration":15,"vertices":[1.98,1.05,1.98,1.05,1.98,1.05,1.98,1.05,1.98,1.05,1.98,1.04,2.04,0.9,2.17,0.53,2.19,0.48,2.19,0.48,2.16,0.55,2.03,0.92]}]}]},{"duration":20,"name":"0004_tiaoyue_yanshi","bone":[{"name":"hongchun_kua","translateFrame":[{"duration":5,"curve":[0.25,0,1,0.58],"x":-3.42,"y":-57.12},{"duration":5,"curve":[0,0.36,0.75,1],"x":-7.44,"y":-0.19},{"duration":10,"curve":[0.25,0,1,0.48],"x":-6.94,"y":7.38},{"duration":0}],"rotateFrame":[{"duration":10,"curve":[0.25,0,1,0.58],"rotate":5.66},{"duration":10,"curve":[0.25,0,1,0.48],"rotate":5.66},{"duration":0}]},{"name":"hongchun_shenti","rotateFrame":[{"duration":5,"rotate":-1.17},{"duration":5,"curve":[0,0.36,0.75,1],"rotate":-1.17},{"duration":10,"curve":[0.25,0,1,0.48],"rotate":-1.72},{"duration":0}]},{"name":"hongchun_shenti2","rotateFrame":[{"duration":5,"curve":[0.25,0,1,0.58],"rotate":23.12},{"duration":5,"curve":[0,0.36,0.75,1],"rotate":17.11},{"duration":10,"curve":[0.25,0,1,0.48],"rotate":27.46},{"duration":0}]},{"name":"hongchun_shenti3","rotateFrame":[{"duration":10,"rotate":0.45},{"duration":10,"curve":[0.25,0,1,0.48],"rotate":0.45},{"duration":0}]},{"name":"hongchun_dabi1","rotateFrame":[{"duration":5,"rotate":72.53},{"duration":5,"curve":[0,0.36,0.75,1],"rotate":72.53},{"duration":10,"curve":[0.25,0,1,0.48],"rotate":41.67},{"duration":0}]},{"name":"hoingchun_xiaobi1","rotateFrame":[{"duration":10,"rotate":125.4},{"duration":10,"curve":[0.25,0,1,0.48],"rotate":125.4},{"duration":0}]},{"name":"hongchun_dabi2","rotateFrame":[{"duration":5,"rotate":-76.63},{"duration":5,"curve":[0,0.36,0.75,1],"rotate":-76.63},{"duration":10,"curve":[0.25,0,1,0.48],"rotate":-45.17},{"duration":0}]},{"name":"hongchun_xiaobi2","rotateFrame":[{"duration":5,"rotate":18.94},{"duration":5,"curve":[0,0.36,0.75,1],"rotate":18.94},{"duration":10,"curve":[0.25,0,1,0.48],"rotate":3.59},{"duration":0}]},{"name":"hongchun_shou2","rotateFrame":[{"duration":10,"rotate":-34.33},{"duration":10,"curve":[0.25,0,1,0.48],"rotate":-34.33},{"duration":0}]},{"name":"hongchun_tou","rotateFrame":[{"duration":5,"rotate":-13.75},{"duration":5,"curve":[0,0.36,0.75,1],"rotate":-13.75},{"duration":10,"curve":[0.25,0,1,0.48],"rotate":-28.9},{"duration":0}]},{"name":"hongchun_toufa5","rotateFrame":[{"duration":10,"rotate":10.01},{"duration":10,"curve":[0.25,0,1,0.48],"rotate":10.01},{"duration":0}]},{"name":"hongchun_toufa6","rotateFrame":[{"duration":10,"rotate":13.42},{"duration":10,"curve":[0.25,0,1,0.48],"rotate":13.42},{"duration":0}]},{"name":"hongchun_toufa1","rotateFrame":[{"duration":10,"rotate":-3.04},{"duration":10,"curve":[0.25,0,1,0.48],"rotate":-3.04},{"duration":0}]},{"name":"hongchun_toufa2","rotateFrame":[{"duration":10,"rotate":-16.85},{"duration":10,"curve":[0.25,0,1,0.48],"rotate":-16.85},{"duration":0}]},{"name":"hongchun_toufa3","rotateFrame":[{"duration":10,"rotate":4.35},{"duration":10,"curve":[0.25,0,1,0.48],"rotate":4.35},{"duration":0}]},{"name":"hongchun_toufa7","rotateFrame":[{"duration":10,"rotate":-3.46},{"duration":10,"curve":[0.25,0,1,0.48],"rotate":-3.46},{"duration":0}]},{"name":"hongchun_toufa8","rotateFrame":[{"duration":10,"rotate":-3.2},{"duration":10,"curve":[0.25,0,1,0.48],"rotate":-3.2},{"duration":0}]},{"name":"11","translateFrame":[{"duration":5,"curve":[0.25,0,1,0.58],"x":-0.5,"y":-56.21},{"duration":5,"curve":[0,0.36,0.75,1],"x":-0.5,"y":-1.01},{"duration":10}]},{"name":"jiao1","translateFrame":[{"duration":5,"curve":[0.25,0,1,0.58],"y":-55.19},{"duration":15}]},{"name":"22","translateFrame":[{"duration":5,"curve":[0.25,0,1,0.58],"x":-2.38,"y":-75.91},{"duration":5,"curve":[0,0.36,0.75,1],"x":-3.53,"y":-20.71},{"duration":10}]},{"name":"jiao2","translateFrame":[{"duration":5,"curve":[0.25,0,1,0.58],"x":-9.96,"y":-65.8},{"duration":5,"curve":[0,0.36,0.75,1],"x":-11.11,"y":-10.6},{"duration":10}]}]},{"duration":20,"name":"0005_tiaoyueshang","bone":[{"name":"hongchun_kua","translateFrame":[{"duration":5,"curve":[0.25,0,1,0.58],"x":-3.42,"y":-57.12},{"duration":5,"curve":[0,0.36,0.75,1],"x":-7.44,"y":-0.19},{"duration":10,"curve":[0.25,0,1,0.48],"x":-6.94,"y":7.38},{"duration":0}],"rotateFrame":[{"duration":10,"curve":[0.25,0,1,0.58],"rotate":5.66},{"duration":10,"curve":[0.25,0,1,0.48],"rotate":5.66},{"duration":0}]},{"name":"hongchun_shenti","rotateFrame":[{"duration":5,"rotate":-1.17},{"duration":5,"curve":[0,0.36,0.75,1],"rotate":-1.17},{"duration":10,"curve":[0.25,0,1,0.48],"rotate":-1.72},{"duration":0}]},{"name":"hongchun_shenti2","rotateFrame":[{"duration":5,"curve":[0.25,0,1,0.58],"rotate":23.12},{"duration":5,"curve":[0,0.36,0.75,1],"rotate":17.11},{"duration":10,"curve":[0.25,0,1,0.48],"rotate":27.46},{"duration":0}]},{"name":"hongchun_shenti3","rotateFrame":[{"duration":10,"rotate":0.45},{"duration":10,"curve":[0.25,0,1,0.48],"rotate":0.45},{"duration":0}]},{"name":"hongchun_dabi1","rotateFrame":[{"duration":5,"rotate":72.53},{"duration":5,"curve":[0,0.36,0.75,1],"rotate":72.53},{"duration":10,"curve":[0.25,0,1,0.48],"rotate":41.67},{"duration":0}]},{"name":"hoingchun_xiaobi1","rotateFrame":[{"duration":10,"rotate":125.4},{"duration":10,"curve":[0.25,0,1,0.48],"rotate":125.4},{"duration":0}]},{"name":"hongchun_dabi2","rotateFrame":[{"duration":5,"rotate":-76.63},{"duration":5,"curve":[0,0.36,0.75,1],"rotate":-76.63},{"duration":10,"curve":[0.25,0,1,0.48],"rotate":-45.17},{"duration":0}]},{"name":"hongchun_xiaobi2","rotateFrame":[{"duration":5,"rotate":18.94},{"duration":5,"curve":[0,0.36,0.75,1],"rotate":18.94},{"duration":10,"curve":[0.25,0,1,0.48],"rotate":3.59},{"duration":0}]},{"name":"hongchun_shou2","rotateFrame":[{"duration":10,"rotate":-34.33},{"duration":10,"curve":[0.25,0,1,0.48],"rotate":-34.33},{"duration":0}]},{"name":"hongchun_tou","rotateFrame":[{"duration":5,"rotate":-13.75},{"duration":5,"curve":[0,0.36,0.75,1],"rotate":-13.75},{"duration":10,"curve":[0.25,0,1,0.48],"rotate":-28.9},{"duration":0}]},{"name":"hongchun_toufa5","rotateFrame":[{"duration":10,"rotate":10.01},{"duration":10,"curve":[0.25,0,1,0.48],"rotate":10.01},{"duration":0}]},{"name":"hongchun_toufa6","rotateFrame":[{"duration":10,"rotate":13.42},{"duration":10,"curve":[0.25,0,1,0.48],"rotate":13.42},{"duration":0}]},{"name":"hongchun_toufa1","rotateFrame":[{"duration":10,"rotate":-3.04},{"duration":10,"curve":[0.25,0,1,0.48],"rotate":-3.04},{"duration":0}]},{"name":"hongchun_toufa2","rotateFrame":[{"duration":10,"rotate":-16.85},{"duration":10,"curve":[0.25,0,1,0.48],"rotate":-16.85},{"duration":0}]},{"name":"hongchun_toufa3","rotateFrame":[{"duration":10,"rotate":4.35},{"duration":10,"curve":[0.25,0,1,0.48],"rotate":4.35},{"duration":0}]},{"name":"hongchun_toufa7","rotateFrame":[{"duration":10,"rotate":-3.46},{"duration":10,"curve":[0.25,0,1,0.48],"rotate":-3.46},{"duration":0}]},{"name":"hongchun_toufa8","rotateFrame":[{"duration":10,"rotate":-3.2},{"duration":10,"curve":[0.25,0,1,0.48],"rotate":-3.2},{"duration":0}]},{"name":"11","translateFrame":[{"duration":5,"curve":[0.25,0,1,0.58],"x":-0.5,"y":-56.21},{"duration":5,"curve":[0,0.36,0.75,1],"x":-0.5,"y":-1.01},{"duration":10}]},{"name":"jiao1","translateFrame":[{"duration":5,"curve":[0.25,0,1,0.58],"y":-55.19},{"duration":15}]},{"name":"22","translateFrame":[{"duration":5,"curve":[0.25,0,1,0.58],"x":-2.38,"y":-75.91},{"duration":5,"curve":[0,0.36,0.75,1],"x":-3.53,"y":-20.71},{"duration":10}]},{"name":"jiao2","translateFrame":[{"duration":5,"curve":[0.25,0,1,0.58],"x":-9.96,"y":-65.8},{"duration":5,"curve":[0,0.36,0.75,1],"x":-11.11,"y":-10.6},{"duration":10}]}]},{"duration":20,"name":"0006_tiaoyuezhong","bone":[{"name":"hongchun_kua","translateFrame":[{"duration":5,"curve":[0.25,0,1,0.58],"x":-3.42,"y":-57.12},{"duration":5,"curve":[0,0.36,0.75,1],"x":-7.44,"y":-0.19},{"duration":10,"curve":[0.25,0,1,0.48],"x":-6.94,"y":7.38},{"duration":0}],"rotateFrame":[{"duration":10,"curve":[0.25,0,1,0.58],"rotate":5.66},{"duration":10,"curve":[0.25,0,1,0.48],"rotate":5.66},{"duration":0}]},{"name":"hongchun_shenti","rotateFrame":[{"duration":5,"rotate":-1.17},{"duration":5,"curve":[0,0.36,0.75,1],"rotate":-1.17},{"duration":10,"curve":[0.25,0,1,0.48],"rotate":-1.72},{"duration":0}]},{"name":"hongchun_shenti2","rotateFrame":[{"duration":5,"curve":[0.25,0,1,0.58],"rotate":23.12},{"duration":5,"curve":[0,0.36,0.75,1],"rotate":17.11},{"duration":10,"curve":[0.25,0,1,0.48],"rotate":27.46},{"duration":0}]},{"name":"hongchun_shenti3","rotateFrame":[{"duration":10,"rotate":0.45},{"duration":10,"curve":[0.25,0,1,0.48],"rotate":0.45},{"duration":0}]},{"name":"hongchun_dabi1","rotateFrame":[{"duration":5,"rotate":72.53},{"duration":5,"curve":[0,0.36,0.75,1],"rotate":72.53},{"duration":10,"curve":[0.25,0,1,0.48],"rotate":41.67},{"duration":0}]},{"name":"hoingchun_xiaobi1","rotateFrame":[{"duration":10,"rotate":125.4},{"duration":10,"curve":[0.25,0,1,0.48],"rotate":125.4},{"duration":0}]},{"name":"hongchun_dabi2","rotateFrame":[{"duration":5,"rotate":-76.63},{"duration":5,"curve":[0,0.36,0.75,1],"rotate":-76.63},{"duration":10,"curve":[0.25,0,1,0.48],"rotate":-45.17},{"duration":0}]},{"name":"hongchun_xiaobi2","rotateFrame":[{"duration":5,"rotate":18.94},{"duration":5,"curve":[0,0.36,0.75,1],"rotate":18.94},{"duration":10,"curve":[0.25,0,1,0.48],"rotate":3.59},{"duration":0}]},{"name":"hongchun_shou2","rotateFrame":[{"duration":10,"rotate":-34.33},{"duration":10,"curve":[0.25,0,1,0.48],"rotate":-34.33},{"duration":0}]},{"name":"hongchun_tou","rotateFrame":[{"duration":5,"rotate":-13.75},{"duration":5,"curve":[0,0.36,0.75,1],"rotate":-13.75},{"duration":10,"curve":[0.25,0,1,0.48],"rotate":-28.9},{"duration":0}]},{"name":"hongchun_toufa5","rotateFrame":[{"duration":10,"rotate":10.01},{"duration":10,"curve":[0.25,0,1,0.48],"rotate":10.01},{"duration":0}]},{"name":"hongchun_toufa6","rotateFrame":[{"duration":10,"rotate":13.42},{"duration":10,"curve":[0.25,0,1,0.48],"rotate":13.42},{"duration":0}]},{"name":"hongchun_toufa1","rotateFrame":[{"duration":10,"rotate":-3.04},{"duration":10,"curve":[0.25,0,1,0.48],"rotate":-3.04},{"duration":0}]},{"name":"hongchun_toufa2","rotateFrame":[{"duration":10,"rotate":-16.85},{"duration":10,"curve":[0.25,0,1,0.48],"rotate":-16.85},{"duration":0}]},{"name":"hongchun_toufa3","rotateFrame":[{"duration":10,"rotate":4.35},{"duration":10,"curve":[0.25,0,1,0.48],"rotate":4.35},{"duration":0}]},{"name":"hongchun_toufa7","rotateFrame":[{"duration":10,"rotate":-3.46},{"duration":10,"curve":[0.25,0,1,0.48],"rotate":-3.46},{"duration":0}]},{"name":"hongchun_toufa8","rotateFrame":[{"duration":10,"rotate":-3.2},{"duration":10,"curve":[0.25,0,1,0.48],"rotate":-3.2},{"duration":0}]},{"name":"11","translateFrame":[{"duration":5,"curve":[0.25,0,1,0.58],"x":-0.5,"y":-56.21},{"duration":5,"curve":[0,0.36,0.75,1],"x":-0.5,"y":-1.01},{"duration":10}]},{"name":"jiao1","translateFrame":[{"duration":5,"curve":[0.25,0,1,0.58],"y":-55.19},{"duration":15}]},{"name":"22","translateFrame":[{"duration":5,"curve":[0.25,0,1,0.58],"x":-2.38,"y":-75.91},{"duration":5,"curve":[0,0.36,0.75,1],"x":-3.53,"y":-20.71},{"duration":10}]},{"name":"jiao2","translateFrame":[{"duration":5,"curve":[0.25,0,1,0.58],"x":-9.96,"y":-65.8},{"duration":5,"curve":[0,0.36,0.75,1],"x":-11.11,"y":-10.6},{"duration":10}]}]},{"duration":20,"name":"0007_tiaoyuexia","bone":[{"name":"hongchun_kua","translateFrame":[{"duration":5,"curve":[0.25,0,1,0.58],"x":-3.42,"y":-57.12},{"duration":5,"curve":[0,0.36,0.75,1],"x":-7.44,"y":-0.19},{"duration":10,"curve":[0.25,0,1,0.48],"x":-6.94,"y":7.38},{"duration":0}],"rotateFrame":[{"duration":10,"curve":[0.25,0,1,0.58],"rotate":5.66},{"duration":10,"curve":[0.25,0,1,0.48],"rotate":5.66},{"duration":0}]},{"name":"hongchun_shenti","rotateFrame":[{"duration":5,"rotate":-1.17},{"duration":5,"curve":[0,0.36,0.75,1],"rotate":-1.17},{"duration":10,"curve":[0.25,0,1,0.48],"rotate":-1.72},{"duration":0}]},{"name":"hongchun_shenti2","rotateFrame":[{"duration":5,"curve":[0.25,0,1,0.58],"rotate":23.12},{"duration":5,"curve":[0,0.36,0.75,1],"rotate":17.11},{"duration":10,"curve":[0.25,0,1,0.48],"rotate":27.46},{"duration":0}]},{"name":"hongchun_shenti3","rotateFrame":[{"duration":10,"rotate":0.45},{"duration":10,"curve":[0.25,0,1,0.48],"rotate":0.45},{"duration":0}]},{"name":"hongchun_dabi1","rotateFrame":[{"duration":5,"rotate":72.53},{"duration":5,"curve":[0,0.36,0.75,1],"rotate":72.53},{"duration":10,"curve":[0.25,0,1,0.48],"rotate":41.67},{"duration":0}]},{"name":"hoingchun_xiaobi1","rotateFrame":[{"duration":10,"rotate":125.4},{"duration":10,"curve":[0.25,0,1,0.48],"rotate":125.4},{"duration":0}]},{"name":"hongchun_dabi2","rotateFrame":[{"duration":5,"rotate":-76.63},{"duration":5,"curve":[0,0.36,0.75,1],"rotate":-76.63},{"duration":10,"curve":[0.25,0,1,0.48],"rotate":-45.17},{"duration":0}]},{"name":"hongchun_xiaobi2","rotateFrame":[{"duration":5,"rotate":18.94},{"duration":5,"curve":[0,0.36,0.75,1],"rotate":18.94},{"duration":10,"curve":[0.25,0,1,0.48],"rotate":3.59},{"duration":0}]},{"name":"hongchun_shou2","rotateFrame":[{"duration":10,"rotate":-34.33},{"duration":10,"curve":[0.25,0,1,0.48],"rotate":-34.33},{"duration":0}]},{"name":"hongchun_tou","rotateFrame":[{"duration":5,"rotate":-13.75},{"duration":5,"curve":[0,0.36,0.75,1],"rotate":-13.75},{"duration":10,"curve":[0.25,0,1,0.48],"rotate":-28.9},{"duration":0}]},{"name":"hongchun_toufa5","rotateFrame":[{"duration":10,"rotate":10.01},{"duration":10,"curve":[0.25,0,1,0.48],"rotate":10.01},{"duration":0}]},{"name":"hongchun_toufa6","rotateFrame":[{"duration":10,"rotate":13.42},{"duration":10,"curve":[0.25,0,1,0.48],"rotate":13.42},{"duration":0}]},{"name":"hongchun_toufa1","rotateFrame":[{"duration":10,"rotate":-3.04},{"duration":10,"curve":[0.25,0,1,0.48],"rotate":-3.04},{"duration":0}]},{"name":"hongchun_toufa2","rotateFrame":[{"duration":10,"rotate":-16.85},{"duration":10,"curve":[0.25,0,1,0.48],"rotate":-16.85},{"duration":0}]},{"name":"hongchun_toufa3","rotateFrame":[{"duration":10,"rotate":4.35},{"duration":10,"curve":[0.25,0,1,0.48],"rotate":4.35},{"duration":0}]},{"name":"hongchun_toufa7","rotateFrame":[{"duration":10,"rotate":-3.46},{"duration":10,"curve":[0.25,0,1,0.48],"rotate":-3.46},{"duration":0}]},{"name":"hongchun_toufa8","rotateFrame":[{"duration":10,"rotate":-3.2},{"duration":10,"curve":[0.25,0,1,0.48],"rotate":-3.2},{"duration":0}]},{"name":"11","translateFrame":[{"duration":5,"curve":[0.25,0,1,0.58],"x":-0.5,"y":-56.21},{"duration":5,"curve":[0,0.36,0.75,1],"x":-0.5,"y":-1.01},{"duration":10}]},{"name":"jiao1","translateFrame":[{"duration":5,"curve":[0.25,0,1,0.58],"y":-55.19},{"duration":15}]},{"name":"22","translateFrame":[{"duration":5,"curve":[0.25,0,1,0.58],"x":-2.38,"y":-75.91},{"duration":5,"curve":[0,0.36,0.75,1],"x":-3.53,"y":-20.71},{"duration":10}]},{"name":"jiao2","translateFrame":[{"duration":5,"curve":[0.25,0,1,0.58],"x":-9.96,"y":-65.8},{"duration":5,"curve":[0,0.36,0.75,1],"x":-11.11,"y":-10.6},{"duration":10}]}]},{"duration":15,"name":"0008_shouji1","bone":[{"name":"root","translateFrame":[{"duration":5,"tweenEasing":0},{"duration":10,"tweenEasing":0,"x":-11.77},{"duration":0}]},{"name":"hongchun_kua","translateFrame":[{"duration":3,"tweenEasing":0},{"duration":12,"tweenEasing":0,"y":5.85},{"duration":0}],"rotateFrame":[{"duration":3,"tweenEasing":0},{"duration":12,"tweenEasing":0,"rotate":3.87},{"duration":0}]},{"name":"hongchun_shenti2","rotateFrame":[{"duration":3,"tweenEasing":0},{"duration":5,"tweenEasing":0,"rotate":23.01},{"duration":7,"tweenEasing":0,"rotate":15.64},{"duration":0}]},{"name":"hongchun_dabi1","rotateFrame":[{"duration":3,"tweenEasing":0},{"duration":12,"tweenEasing":0,"rotate":-31.9},{"duration":0}]},{"name":"hoingchun_xiaobi1","rotateFrame":[{"duration":3,"tweenEasing":0},{"duration":12,"tweenEasing":0,"rotate":23.5},{"duration":0}]},{"name":"hongchun_dabi2","rotateFrame":[{"duration":3,"tweenEasing":0},{"duration":5,"tweenEasing":0,"rotate":-41.98},{"duration":7,"tweenEasing":0,"rotate":-35.19},{"duration":0}]},{"name":"hongchun_tou","rotateFrame":[{"duration":8,"tweenEasing":0},{"duration":7,"tweenEasing":0,"rotate":4.37},{"duration":0}]},{"name":"hongchun_toufa4","rotateFrame":[{"duration":8,"tweenEasing":0},{"duration":7,"tweenEasing":0,"rotate":1.95},{"duration":0}]},{"name":"hongchun_toufa5","rotateFrame":[{"duration":8,"tweenEasing":0},{"duration":7,"tweenEasing":0,"rotate":7.79},{"duration":0}]},{"name":"hongchun_toufa6","rotateFrame":[{"duration":8,"tweenEasing":0},{"duration":7,"tweenEasing":0,"rotate":4.23},{"duration":0}]},{"name":"hongchun_toufa1","rotateFrame":[{"duration":8,"tweenEasing":0},{"duration":7,"tweenEasing":0,"rotate":-2.02},{"duration":0}]},{"name":"hongchun_toufa2","rotateFrame":[{"duration":8,"tweenEasing":0},{"duration":7,"tweenEasing":0,"rotate":-10.95},{"duration":0}]},{"name":"hongchun_toufa3","rotateFrame":[{"duration":8,"tweenEasing":0},{"duration":7,"tweenEasing":0,"rotate":-1.69},{"duration":0}]},{"name":"hongchun_toufa8","rotateFrame":[{"duration":8,"tweenEasing":0},{"duration":7,"tweenEasing":0,"rotate":-7.2},{"duration":0}]},{"name":"hongchun_datui1","translateFrame":[{"duration":3,"tweenEasing":0},{"duration":12,"tweenEasing":0,"x":-1.49,"y":2.14},{"duration":0}]}]},{"duration":15,"name":"0009_shouji2","bone":[{"name":"hongchun_kua","translateFrame":[{"duration":3,"tweenEasing":0},{"duration":12,"tweenEasing":0,"x":0.62,"y":6.89},{"duration":0}],"rotateFrame":[{"duration":3,"tweenEasing":0},{"duration":12,"tweenEasing":0,"rotate":-7.4},{"duration":0}]},{"name":"hongchun_shenti2","rotateFrame":[{"duration":3,"tweenEasing":0},{"duration":12,"tweenEasing":0,"rotate":-1.1},{"duration":0}]},{"name":"hongchun_dabi1","rotateFrame":[{"duration":3,"tweenEasing":0},{"duration":12,"tweenEasing":0,"rotate":32.1},{"duration":0}]},{"name":"hoingchun_xiaobi1","rotateFrame":[{"duration":3,"tweenEasing":0},{"duration":12,"tweenEasing":0,"rotate":-39.49},{"duration":0}]},{"name":"hongchun_shou1","rotateFrame":[{"duration":3,"tweenEasing":0},{"duration":12,"tweenEasing":0,"rotate":60.26},{"duration":0}]},{"name":"hongchun_dabi2","rotateFrame":[{"duration":3,"tweenEasing":0},{"duration":12,"tweenEasing":0,"rotate":-38.63},{"duration":0}]},{"name":"hongchun_xiaobi2","rotateFrame":[{"duration":3,"tweenEasing":0},{"duration":12,"tweenEasing":0,"rotate":22.39},{"duration":0}]},{"name":"hongchun_shou2","rotateFrame":[{"duration":3,"tweenEasing":0},{"duration":12,"tweenEasing":0,"rotate":23.94},{"duration":0}]},{"name":"hongchun_tou","rotateFrame":[{"duration":3,"tweenEasing":0},{"duration":12,"tweenEasing":0,"rotate":0.28},{"duration":0}]},{"name":"hongchun_toufa5","rotateFrame":[{"duration":3,"tweenEasing":0},{"duration":12,"tweenEasing":0,"rotate":11.65},{"duration":0}]},{"name":"hongchun_toufa6","rotateFrame":[{"duration":3,"tweenEasing":0},{"duration":12,"tweenEasing":0,"rotate":9.45},{"duration":0}]},{"name":"hongchun_toufa1","rotateFrame":[{"duration":3,"tweenEasing":0},{"duration":12,"tweenEasing":0,"rotate":-3.59},{"duration":0}]},{"name":"hongchun_toufa2","rotateFrame":[{"duration":3,"tweenEasing":0},{"duration":12,"tweenEasing":0,"rotate":-22.99},{"duration":0}]},{"name":"hongchun_toufa3","rotateFrame":[{"duration":3,"tweenEasing":0},{"duration":12,"tweenEasing":0,"rotate":-17.67},{"duration":0}]},{"name":"hongchun_toufa8","rotateFrame":[{"duration":3,"tweenEasing":0},{"duration":12,"tweenEasing":0,"rotate":-13.4},{"duration":0}]},{"name":"11","translateFrame":[{"duration":3,"tweenEasing":0},{"duration":12,"tweenEasing":0,"x":-13.46},{"duration":0}]},{"name":"jiao1","translateFrame":[{"duration":3,"tweenEasing":0},{"duration":12,"tweenEasing":0,"x":-13.46},{"duration":0}]}]},{"duration":15,"name":"0010_fukongdaodi","bone":[{"name":"hongchun_kua","translateFrame":[{"duration":3,"tweenEasing":0,"x":-7.24,"y":-8.3},{"duration":3,"tweenEasing":0,"x":-7.78,"y":-4},{"duration":3,"tweenEasing":0,"x":-6.09,"y":10.62},{"duration":6,"tweenEasing":0,"x":-2.38,"y":76.97},{"duration":0,"x":6.82,"y":74.71}],"rotateFrame":[{"duration":3,"tweenEasing":0},{"duration":3,"tweenEasing":0,"rotate":-11.86},{"duration":3,"tweenEasing":0,"rotate":-36.79},{"duration":6,"tweenEasing":0,"rotate":-68.47},{"duration":0,"rotate":-96.34}]},{"name":"hongchun_shenti2","rotateFrame":[{"duration":3,"rotate":18.46},{"duration":3,"tweenEasing":0,"rotate":18.46},{"duration":3,"tweenEasing":0,"rotate":28.79},{"duration":6,"tweenEasing":0,"rotate":32.81},{"duration":0,"rotate":20.44}]},{"name":"hongchun_shenti3","rotateFrame":[{"duration":3,"tweenEasing":0},{"duration":12,"rotate":2.45}]},{"name":"hongchun_dabi1","rotateFrame":[{"duration":3,"tweenEasing":0,"rotate":-3.07},{"duration":3,"tweenEasing":0,"rotate":-24.15},{"duration":3,"tweenEasing":0,"rotate":-42.6},{"duration":6,"tweenEasing":0,"rotate":-75.12},{"duration":0,"rotate":8.38}]},{"name":"hoingchun_xiaobi1","rotateFrame":[{"duration":3,"tweenEasing":0,"rotate":121.08},{"duration":3,"tweenEasing":0,"rotate":141.68},{"duration":3,"rotate":134.94},{"duration":6,"tweenEasing":0,"rotate":134.94},{"duration":0,"rotate":147.04}]},{"name":"hongchun_shou1","rotateFrame":[{"duration":3,"tweenEasing":0},{"duration":3,"tweenEasing":0,"rotate":38.88},{"duration":9,"rotate":9.45}]},{"name":"hongchun_dabi2","rotateFrame":[{"duration":3,"tweenEasing":0,"rotate":-47.47},{"duration":3,"tweenEasing":0,"rotate":-67.87},{"duration":3,"tweenEasing":0,"rotate":-98.75},{"duration":6,"tweenEasing":0,"rotate":-122.98},{"duration":0,"rotate":2.56}]},{"name":"hongchun_xiaobi2","rotateFrame":[{"duration":3,"tweenEasing":0},{"duration":6,"rotate":14.7},{"duration":6,"tweenEasing":0,"rotate":14.7},{"duration":0,"rotate":18.49}]},{"name":"hongchun_shou2","rotateFrame":[{"duration":3,"tweenEasing":0},{"duration":3,"tweenEasing":0,"rotate":5.24},{"duration":9,"rotate":-34.59}]},{"name":"hongchun_tou","translateFrame":[{"duration":15,"x":-0.7,"y":0.19}],"rotateFrame":[{"duration":3,"tweenEasing":0,"rotate":2.67},{"duration":3,"tweenEasing":0,"rotate":4.85},{"duration":3,"tweenEasing":0,"rotate":10.56},{"duration":6,"tweenEasing":0,"rotate":13.87},{"duration":0,"rotate":-17.89}]},{"name":"hongchun_toufa4","rotateFrame":[{"duration":3,"tweenEasing":0,"rotate":2.65},{"duration":3,"rotate":4.59},{"duration":3,"tweenEasing":0,"rotate":4.59},{"duration":6,"rotate":5.9}]},{"name":"hongchun_toufa1","rotateFrame":[{"duration":3,"tweenEasing":0},{"duration":12,"rotate":-3.02}]},{"name":"hongchun_toufa2","rotateFrame":[{"duration":15,"rotate":-13.69}]},{"name":"hongchun_toufa3","rotateFrame":[{"duration":3,"tweenEasing":0,"rotate":-1.54},{"duration":12,"rotate":-3.49}]},{"name":"hongchun_toufa8","rotateFrame":[{"duration":15,"rotate":-7.83}]},{"name":"hongchun_datui1","rotateFrame":[{"duration":3,"tweenEasing":0,"rotate":-26.49},{"duration":3,"tweenEasing":0,"rotate":-28.64},{"duration":3,"rotate":-32.21},{"duration":6,"tweenEasing":0,"rotate":-32.21},{"duration":0,"rotate":0.65}]},{"name":"hongchun_xiaotui1","rotateFrame":[{"duration":3,"tweenEasing":0,"rotate":30.91},{"duration":3,"tweenEasing":0,"rotate":33.47},{"duration":3,"tweenEasing":0,"rotate":24.76},{"duration":6,"rotate":12.01}]},{"name":"hongchun_jiao1","rotateFrame":[{"duration":15,"rotate":5.2}]},{"name":"hongchun_datui2","translateFrame":[{"duration":9,"tweenEasing":0},{"duration":6,"tweenEasing":0},{"duration":0,"x":-2.93,"y":-0.93}],"rotateFrame":[{"duration":3,"tweenEasing":0,"rotate":-17.11},{"duration":3,"tweenEasing":0,"rotate":-26.57},{"duration":3,"tweenEasing":0,"rotate":-39.27},{"duration":6,"tweenEasing":0,"rotate":-40.61},{"duration":0,"rotate":12.78}]},{"name":"hongchun_xiaotui2","rotateFrame":[{"duration":3,"tweenEasing":0,"rotate":1.04},{"duration":3,"tweenEasing":0,"rotate":-15.09},{"duration":3,"tweenEasing":0,"rotate":-18.16},{"duration":6,"tweenEasing":0,"rotate":-28.94},{"duration":0,"rotate":-1.31}]},{"name":"hongchun_jiao3","rotateFrame":[{"duration":3,"tweenEasing":0,"rotate":9.01},{"duration":12,"rotate":11.43}]},{"name":"gw_023_feijie_pz","translateFrame":[{"duration":3},{"duration":3,"tweenEasing":0},{"duration":3,"tweenEasing":0,"x":-7.61,"y":-16.5},{"duration":6,"tweenEasing":0,"x":-34.91,"y":10.79},{"duration":0,"x":-66.66,"y":24.12}],"scaleFrame":[{"duration":3},{"duration":3,"tweenEasing":0},{"duration":3,"tweenEasing":0,"x":1.69,"y":0.82},{"duration":6,"tweenEasing":0,"x":2.58,"y":0.5},{"duration":0,"x":3.14,"y":0.33}]}],"ik":[{"name":"tui1","frame":[{"duration":15,"weight":0}]},{"name":"tui2","frame":[{"duration":15,"weight":0}]},{"name":"jiao1","frame":[{"duration":15,"bendPositive":false,"weight":0}]},{"name":"jiao2","frame":[{"duration":15,"bendPositive":false,"weight":0}]}]},{"duration":3,"name":"0011_jifeishangsheng","bone":[{"name":"hongchun_kua","translateFrame":[{"duration":3,"tweenEasing":0,"x":-7.24,"y":-8.3},{"duration":0,"x":-7.78,"y":-4}],"rotateFrame":[{"duration":3,"tweenEasing":0},{"duration":0,"rotate":-11.86}]},{"name":"hongchun_shenti2","rotateFrame":[{"duration":3,"rotate":18.46}]},{"name":"hongchun_shenti3","rotateFrame":[{"duration":3,"tweenEasing":0},{"duration":0,"rotate":2.45}]},{"name":"hongchun_dabi1","rotateFrame":[{"duration":3,"tweenEasing":0,"rotate":-3.07},{"duration":0,"rotate":-24.15}]},{"name":"hoingchun_xiaobi1","rotateFrame":[{"duration":3,"tweenEasing":0,"rotate":121.08},{"duration":0,"rotate":141.68}]},{"name":"hongchun_shou1","rotateFrame":[{"duration":3,"tweenEasing":0},{"duration":0,"rotate":38.88}]},{"name":"hongchun_dabi2","rotateFrame":[{"duration":3,"tweenEasing":0,"rotate":-47.47},{"duration":0,"rotate":-67.87}]},{"name":"hongchun_xiaobi2","rotateFrame":[{"duration":3,"tweenEasing":0},{"duration":0,"rotate":14.7}]},{"name":"hongchun_shou2","rotateFrame":[{"duration":3,"tweenEasing":0},{"duration":0,"rotate":5.24}]},{"name":"hongchun_tou","translateFrame":[{"duration":3,"x":-0.7,"y":0.19}],"rotateFrame":[{"duration":3,"tweenEasing":0,"rotate":2.67},{"duration":0,"rotate":4.85}]},{"name":"hongchun_toufa4","rotateFrame":[{"duration":3,"tweenEasing":0,"rotate":2.65},{"duration":0,"rotate":4.59}]},{"name":"hongchun_toufa1","rotateFrame":[{"duration":3,"tweenEasing":0},{"duration":0,"rotate":-3.02}]},{"name":"hongchun_toufa2","rotateFrame":[{"duration":3,"rotate":-13.69}]},{"name":"hongchun_toufa3","rotateFrame":[{"duration":3,"tweenEasing":0,"rotate":-1.54},{"duration":0,"rotate":-3.49}]},{"name":"hongchun_toufa8","rotateFrame":[{"duration":3,"rotate":-7.83}]},{"name":"hongchun_datui1","rotateFrame":[{"duration":3,"tweenEasing":0,"rotate":-26.49},{"duration":0,"rotate":-28.64}]},{"name":"hongchun_xiaotui1","rotateFrame":[{"duration":3,"tweenEasing":0,"rotate":30.91},{"duration":0,"rotate":33.47}]},{"name":"hongchun_jiao1","rotateFrame":[{"duration":3,"rotate":5.2}]},{"name":"hongchun_datui2","rotateFrame":[{"duration":3,"tweenEasing":0,"rotate":-17.11},{"duration":0,"rotate":-26.57}]},{"name":"hongchun_xiaotui2","rotateFrame":[{"duration":3,"tweenEasing":0,"rotate":1.04},{"duration":0,"rotate":-15.09}]},{"name":"hongchun_jiao3","rotateFrame":[{"duration":3,"tweenEasing":0,"rotate":9.01},{"duration":0,"rotate":11.43}]}]},{"duration":0,"name":"0012_jifeixialuo","bone":[{"name":"hongchun_kua","translateFrame":[{"duration":0,"x":-6.09,"y":10.62}],"rotateFrame":[{"duration":0,"rotate":-36.79}]},{"name":"hongchun_shenti2","rotateFrame":[{"duration":0,"rotate":28.79}]},{"name":"hongchun_shenti3","rotateFrame":[{"duration":0,"rotate":2.45}]},{"name":"hongchun_dabi1","rotateFrame":[{"duration":0,"rotate":-42.6}]},{"name":"hoingchun_xiaobi1","rotateFrame":[{"duration":0,"rotate":134.94}]},{"name":"hongchun_shou1","rotateFrame":[{"duration":0,"rotate":9.45}]},{"name":"hongchun_dabi2","rotateFrame":[{"duration":0,"rotate":-98.75}]},{"name":"hongchun_xiaobi2","rotateFrame":[{"duration":0,"rotate":14.7}]},{"name":"hongchun_shou2","rotateFrame":[{"duration":0,"rotate":-34.59}]},{"name":"hongchun_tou","translateFrame":[{"duration":0,"x":-0.7,"y":0.19}],"rotateFrame":[{"duration":0,"rotate":10.56}]},{"name":"hongchun_toufa4","rotateFrame":[{"duration":0,"rotate":4.59}]},{"name":"hongchun_toufa1","rotateFrame":[{"duration":0,"rotate":-3.02}]},{"name":"hongchun_toufa2","rotateFrame":[{"duration":0,"rotate":-13.69}]},{"name":"hongchun_toufa3","rotateFrame":[{"duration":0,"rotate":-3.49}]},{"name":"hongchun_toufa8","rotateFrame":[{"duration":0,"rotate":-7.83}]},{"name":"hongchun_datui1","rotateFrame":[{"duration":0,"rotate":-32.21}]},{"name":"hongchun_xiaotui1","rotateFrame":[{"duration":0,"rotate":24.76}]},{"name":"hongchun_jiao1","rotateFrame":[{"duration":0,"rotate":5.2}]},{"name":"hongchun_datui2","rotateFrame":[{"duration":0,"rotate":-39.27}]},{"name":"hongchun_xiaotui2","rotateFrame":[{"duration":0,"rotate":-18.16}]},{"name":"hongchun_jiao3","rotateFrame":[{"duration":0,"rotate":11.43}]},{"name":"gw_023_feijie_pz","translateFrame":[{"duration":0,"x":-7.61,"y":-16.5}],"scaleFrame":[{"duration":0,"x":1.69,"y":0.82}]}],"ik":[{"name":"tui1","frame":[{"duration":0,"weight":0}]},{"name":"tui2","frame":[{"duration":0,"weight":0}]},{"name":"jiao1","frame":[{"duration":0,"bendPositive":false,"weight":0}]},{"name":"jiao2","frame":[{"duration":0,"bendPositive":false,"weight":0}]}]},{"duration":6,"name":"0013_daodi","bone":[{"name":"hongchun_kua","translateFrame":[{"duration":6,"tweenEasing":0,"x":-2.38,"y":76.97},{"duration":0,"x":6.82,"y":74.71}],"rotateFrame":[{"duration":6,"tweenEasing":0,"rotate":-68.47},{"duration":0,"rotate":-96.34}]},{"name":"hongchun_shenti2","rotateFrame":[{"duration":6,"tweenEasing":0,"rotate":32.81},{"duration":0,"rotate":20.44}]},{"name":"hongchun_shenti3","rotateFrame":[{"duration":6,"rotate":2.45}]},{"name":"hongchun_dabi1","rotateFrame":[{"duration":6,"tweenEasing":0,"rotate":-75.12},{"duration":0,"rotate":8.38}]},{"name":"hoingchun_xiaobi1","rotateFrame":[{"duration":6,"tweenEasing":0,"rotate":134.94},{"duration":0,"rotate":147.04}]},{"name":"hongchun_shou1","rotateFrame":[{"duration":6,"rotate":9.45}]},{"name":"hongchun_dabi2","rotateFrame":[{"duration":6,"tweenEasing":0,"rotate":-122.98},{"duration":0,"rotate":2.56}]},{"name":"hongchun_xiaobi2","rotateFrame":[{"duration":6,"tweenEasing":0,"rotate":14.7},{"duration":0,"rotate":18.49}]},{"name":"hongchun_shou2","rotateFrame":[{"duration":6,"rotate":-34.59}]},{"name":"hongchun_tou","translateFrame":[{"duration":6,"x":-0.7,"y":0.19}],"rotateFrame":[{"duration":6,"tweenEasing":0,"rotate":13.87},{"duration":0,"rotate":-17.89}]},{"name":"hongchun_toufa4","rotateFrame":[{"duration":6,"rotate":5.9}]},{"name":"hongchun_toufa1","rotateFrame":[{"duration":6,"rotate":-3.02}]},{"name":"hongchun_toufa2","rotateFrame":[{"duration":6,"rotate":-13.69}]},{"name":"hongchun_toufa3","rotateFrame":[{"duration":6,"rotate":-3.49}]},{"name":"hongchun_toufa8","rotateFrame":[{"duration":6,"rotate":-7.83}]},{"name":"hongchun_datui1","rotateFrame":[{"duration":6,"tweenEasing":0,"rotate":-32.21},{"duration":0,"rotate":0.65}]},{"name":"hongchun_xiaotui1","rotateFrame":[{"duration":6,"rotate":12.01}]},{"name":"hongchun_jiao1","rotateFrame":[{"duration":6,"rotate":5.2}]},{"name":"hongchun_datui2","translateFrame":[{"duration":6,"tweenEasing":0},{"duration":0,"x":-2.93,"y":-0.93}],"rotateFrame":[{"duration":6,"tweenEasing":0,"rotate":-40.61},{"duration":0,"rotate":12.78}]},{"name":"hongchun_xiaotui2","rotateFrame":[{"duration":6,"tweenEasing":0,"rotate":-28.94},{"duration":0,"rotate":-1.31}]},{"name":"hongchun_jiao3","rotateFrame":[{"duration":6,"rotate":11.43}]},{"name":"gw_023_feijie_pz","translateFrame":[{"duration":6,"tweenEasing":0,"x":-34.91,"y":10.79},{"duration":0,"x":-66.66,"y":24.12}],"scaleFrame":[{"duration":6,"tweenEasing":0,"x":2.58,"y":0.5},{"duration":0,"x":3.14,"y":0.33}]}],"ik":[{"name":"tui1","frame":[{"duration":6,"weight":0}]},{"name":"tui2","frame":[{"duration":6,"weight":0}]},{"name":"jiao1","frame":[{"duration":6,"bendPositive":false,"weight":0}]},{"name":"jiao2","frame":[{"duration":6,"bendPositive":false,"weight":0}]}]},{"duration":0,"name":"0014_siwang","bone":[{"name":"hongchun_kua","translateFrame":[{"duration":0,"x":6.82,"y":74.71}],"rotateFrame":[{"duration":0,"rotate":-96.34}]},{"name":"hongchun_shenti2","rotateFrame":[{"duration":0,"rotate":20.44}]},{"name":"hongchun_shenti3","rotateFrame":[{"duration":0,"rotate":2.45}]},{"name":"hongchun_dabi1","rotateFrame":[{"duration":0,"rotate":8.38}]},{"name":"hoingchun_xiaobi1","rotateFrame":[{"duration":0,"rotate":147.04}]},{"name":"hongchun_shou1","rotateFrame":[{"duration":0,"rotate":9.45}]},{"name":"hongchun_dabi2","rotateFrame":[{"duration":0,"rotate":2.56}]},{"name":"hongchun_xiaobi2","rotateFrame":[{"duration":0,"rotate":18.49}]},{"name":"hongchun_shou2","rotateFrame":[{"duration":0,"rotate":-34.59}]},{"name":"hongchun_tou","translateFrame":[{"duration":0,"x":-0.7,"y":0.19}],"rotateFrame":[{"duration":0,"rotate":-17.89}]},{"name":"hongchun_toufa4","rotateFrame":[{"duration":0,"rotate":5.9}]},{"name":"hongchun_toufa1","rotateFrame":[{"duration":0,"rotate":-3.02}]},{"name":"hongchun_toufa2","rotateFrame":[{"duration":0,"rotate":-13.69}]},{"name":"hongchun_toufa3","rotateFrame":[{"duration":0,"rotate":-3.49}]},{"name":"hongchun_toufa8","rotateFrame":[{"duration":0,"rotate":-7.83}]},{"name":"hongchun_datui1","rotateFrame":[{"duration":0,"rotate":0.65}]},{"name":"hongchun_xiaotui1","rotateFrame":[{"duration":0,"rotate":12.01}]},{"name":"hongchun_jiao1","rotateFrame":[{"duration":0,"rotate":5.2}]},{"name":"hongchun_datui2","translateFrame":[{"duration":0,"x":-2.93,"y":-0.93}],"rotateFrame":[{"duration":0,"rotate":12.78}]},{"name":"hongchun_xiaotui2","rotateFrame":[{"duration":0,"rotate":-1.31}]},{"name":"hongchun_jiao3","rotateFrame":[{"duration":0,"rotate":11.43}]},{"name":"gw_023_feijie_pz","translateFrame":[{"duration":0,"x":-66.66,"y":24.12}],"scaleFrame":[{"duration":0,"x":3.14,"y":0.33}]}],"ik":[{"name":"tui1","frame":[{"duration":0,"weight":0}]},{"name":"tui2","frame":[{"duration":0,"weight":0}]},{"name":"jiao1","frame":[{"duration":0,"bendPositive":false,"weight":0}]},{"name":"jiao2","frame":[{"duration":0,"bendPositive":false,"weight":0}]}]},{"duration":6,"name":"0015_daodiqishen","bone":[{"name":"hongchun_kua","translateFrame":[{"duration":6,"tweenEasing":0,"x":6.82,"y":74.71},{"duration":0,"x":-8.8,"y":73.1}],"rotateFrame":[{"duration":6,"rotate":-96.34}]},{"name":"hongchun_shenti2","rotateFrame":[{"duration":6,"tweenEasing":0,"rotate":20.44},{"duration":0,"rotate":55.62}]},{"name":"hongchun_shenti3","rotateFrame":[{"duration":6,"tweenEasing":0,"rotate":2.45},{"duration":0,"rotate":15.79}]},{"name":"hongchun_dabi1","translateFrame":[{"duration":6,"tweenEasing":0},{"duration":0,"x":1.41,"y":3.93}],"rotateFrame":[{"duration":6,"tweenEasing":0,"rotate":8.38},{"duration":0,"rotate":67.51}]},{"name":"hoingchun_xiaobi1","rotateFrame":[{"duration":6,"tweenEasing":0,"rotate":147.04},{"duration":0,"rotate":62.61}]},{"name":"hongchun_shou1","rotateFrame":[{"duration":6,"rotate":9.45}]},{"name":"hongchun_dabi2","rotateFrame":[{"duration":6,"tweenEasing":0,"rotate":2.56},{"duration":0,"rotate":-27.79}]},{"name":"hongchun_xiaobi2","rotateFrame":[{"duration":6,"rotate":18.49}]},{"name":"hongchun_shou2","rotateFrame":[{"duration":6,"rotate":-34.59}]},{"name":"hongchun_tou","translateFrame":[{"duration":6,"x":-0.7,"y":0.19}],"rotateFrame":[{"duration":6,"tweenEasing":0,"rotate":-17.89},{"duration":0,"rotate":0.9}]},{"name":"hongchun_toufa4","rotateFrame":[{"duration":6,"rotate":5.9}]},{"name":"hongchun_toufa1","rotateFrame":[{"duration":6,"tweenEasing":0,"rotate":-3.02},{"duration":0,"rotate":6.47}]},{"name":"hongchun_toufa2","rotateFrame":[{"duration":6,"rotate":-13.69}]},{"name":"hongchun_toufa3","rotateFrame":[{"duration":6,"tweenEasing":0,"rotate":-3.49},{"duration":0,"rotate":2.71}]},{"name":"hongchun_toufa8","rotateFrame":[{"duration":6,"tweenEasing":0,"rotate":-7.83},{"duration":0,"rotate":5.86}]},{"name":"hongchun_datui1","rotateFrame":[{"duration":6,"tweenEasing":0,"rotate":0.65},{"duration":0,"rotate":-5.09}]},{"name":"hongchun_xiaotui1","rotateFrame":[{"duration":6,"tweenEasing":0,"rotate":12.01},{"duration":0,"rotate":26.26}]},{"name":"hongchun_jiao1","rotateFrame":[{"duration":6,"rotate":5.2}]},{"name":"hongchun_datui2","translateFrame":[{"duration":6,"x":-2.93,"y":-0.93}],"rotateFrame":[{"duration":6,"tweenEasing":0,"rotate":12.78},{"duration":0,"rotate":-10.67}]},{"name":"hongchun_xiaotui2","rotateFrame":[{"duration":6,"tweenEasing":0,"rotate":-1.31},{"duration":0,"rotate":49.41}]},{"name":"hongchun_jiao3","rotateFrame":[{"duration":6,"rotate":11.43}]},{"name":"gw_023_feijie_pz","translateFrame":[{"duration":6,"tweenEasing":0,"x":-66.66,"y":24.12},{"duration":0,"x":-39.79,"y":14.9}],"scaleFrame":[{"duration":6,"tweenEasing":0,"x":3.14,"y":0.33},{"duration":0,"x":2.57,"y":0.51}]}],"ik":[{"name":"tui1","frame":[{"duration":6,"weight":0}]},{"name":"tui2","frame":[{"duration":6,"weight":0}]},{"name":"jiao1","frame":[{"duration":6,"bendPositive":false,"weight":0}]},{"name":"jiao2","frame":[{"duration":6,"bendPositive":false,"weight":0}]}]},{"duration":60,"name":"0016_xuruo","bone":[{"name":"hongchun_kua","translateFrame":[{"duration":30,"curve":[0.25,0,0.75,1]},{"duration":30,"curve":[0.25,0,0.75,1],"x":0.59,"y":0.59},{"duration":0}],"rotateFrame":[{"duration":60,"rotate":6.78}]},{"name":"hongchun_shenti2","rotateFrame":[{"duration":30,"curve":[0.25,0,0.75,1],"rotate":9.85},{"duration":30,"curve":[0.25,0,0.75,1],"rotate":10.69},{"duration":0,"rotate":9.85}]},{"name":"hongchun_dabi1","translateFrame":[{"duration":60,"x":-0.68,"y":1.67}],"rotateFrame":[{"duration":30,"curve":[0.25,0,0.75,1],"rotate":28.79},{"duration":30,"curve":[0.25,0,0.75,1],"rotate":21.4},{"duration":0,"rotate":28.79}]},{"name":"hoingchun_xiaobi1","translateFrame":[{"duration":60,"x":-0.75,"y":1.61}],"rotateFrame":[{"duration":30,"curve":[0.25,0,0.75,1],"rotate":137.15},{"duration":30,"curve":[0.25,0,0.75,1],"rotate":142.33},{"duration":0,"rotate":137.15}]},{"name":"hongchun_shou1","rotateFrame":[{"duration":30,"curve":[0.25,0,0.75,1],"rotate":24.05},{"duration":30,"curve":[0.25,0,0.75,1],"rotate":25.69},{"duration":0,"rotate":24.05}]},{"name":"hongchun_dabi2","rotateFrame":[{"duration":30,"curve":[0.25,0,0.75,1],"rotate":-26.84},{"duration":30,"curve":[0.25,0,0.75,1],"rotate":-16.75},{"duration":0,"rotate":-26.84}]},{"name":"hongchun_xiaobi2","rotateFrame":[{"duration":30,"curve":[0.25,0,0.75,1],"rotate":28.63},{"duration":30,"curve":[0.25,0,0.75,1],"rotate":18.54},{"duration":0,"rotate":28.63}]},{"name":"hongchun_shou2","rotateFrame":[{"duration":30,"curve":[0.25,0,0.75,1],"rotate":27.52},{"duration":30,"curve":[0.25,0,0.75,1],"rotate":21.55},{"duration":0,"rotate":27.52}]},{"name":"hongchun_tou","rotateFrame":[{"duration":30,"curve":[0.25,0,0.75,1],"rotate":7.49},{"duration":30,"curve":[0.25,0,0.75,1],"rotate":8.48},{"duration":0,"rotate":7.49}]},{"name":"hongchun_toufa4","rotateFrame":[{"duration":60,"rotate":-2.64}]},{"name":"hongchun_toufa1","rotateFrame":[{"duration":30,"curve":[0.25,0,0.75,1],"rotate":8.23},{"duration":30,"curve":[0.25,0,0.75,1],"rotate":11.46},{"duration":0,"rotate":8.23}]},{"name":"hongchun_toufa2","rotateFrame":[{"duration":60,"rotate":-5.71}]},{"name":"hongchun_toufa3","rotateFrame":[{"duration":30,"curve":[0.25,0,0.75,1],"rotate":-3.04},{"duration":30,"curve":[0.25,0,0.75,1],"rotate":-6.44},{"duration":0,"rotate":-3.04}]},{"name":"hongchun_toufa8","rotateFrame":[{"duration":60,"rotate":-2.59}]}]},{"duration":30,"name":"0017_shengli","bone":[{"name":"hongchun_kua","translateFrame":[{"duration":10,"curve":[0,0.46,0.75,1]},{"duration":5,"curve":[0.25,0,1,0.67],"x":-4.71,"y":7.07},{"duration":15,"x":-4.71,"y":2.6}],"rotateFrame":[{"duration":10,"curve":[0,0.46,0.75,1]},{"duration":5,"curve":[0.25,0,1,0.67],"rotate":8.55},{"duration":15,"rotate":5.83}]},{"name":"hongchun_shenti2","rotateFrame":[{"duration":10,"curve":[0,0.46,0.75,1]},{"duration":5,"curve":[0.25,0,1,0.67],"rotate":10.98},{"duration":15,"curve":[0,0.3,0.75,1],"rotate":-4.22},{"duration":0,"rotate":-5.56}]},{"name":"hoingchun_xiaobi1","rotateFrame":[{"duration":10,"curve":[0,0.46,0.75,1]},{"duration":5,"curve":[0.25,0,1,0.67],"rotate":30.12},{"duration":15,"curve":[0,0.3,0.75,1],"rotate":-5.04},{"duration":0,"rotate":-19.86}]},{"name":"hongchun_shou1","rotateFrame":[{"duration":15},{"duration":15,"curve":[0,0.3,0.75,1]},{"duration":0,"rotate":9.73}]},{"name":"hongchun_dabi2","rotateFrame":[{"duration":10,"rotate":-54.35},{"duration":5,"curve":[0.25,0,1,0.67],"rotate":-54.35},{"duration":15,"curve":[0,0.3,0.75,1],"rotate":-85.41},{"duration":0,"rotate":-80.15}]},{"name":"hongchun_xiaobi2","rotateFrame":[{"duration":10,"curve":[0,0.46,0.75,1],"rotate":-68.82},{"duration":5,"curve":[0.25,0,1,0.67],"rotate":-104.62},{"duration":15,"curve":[0,0.3,0.75,1],"rotate":17.51},{"duration":0,"rotate":20.75}]},{"name":"hongchun_shou2","rotateFrame":[{"duration":10,"curve":[0,0.46,0.75,1],"rotate":-144.32},{"duration":5,"curve":[0.25,0,1,0.67],"rotate":146.09},{"duration":15,"curve":[0,0.3,0.75,1],"rotate":-151.61},{"duration":0,"rotate":-150.12}],"scaleFrame":[{"duration":30,"x":-1}]},{"name":"hongchun_tou","rotateFrame":[{"duration":10,"curve":[0,0.46,0.75,1]},{"duration":5,"rotate":-1.63},{"duration":15,"curve":[0,0.3,0.75,1],"rotate":-1.63},{"duration":0,"rotate":-8.97}]},{"name":"hongchun_toufa4","translateFrame":[{"duration":15},{"duration":15,"curve":[0,0.3,0.75,1]},{"duration":0,"x":0.93,"y":-0.36}],"rotateFrame":[{"duration":15},{"duration":15,"curve":[0,0.3,0.75,1]},{"duration":0,"rotate":-4.55}]},{"name":"hongchun_toufa1","rotateFrame":[{"duration":10,"curve":[0,0.46,0.75,1]},{"duration":20,"rotate":2.4}]},{"name":"hongchun_toufa3","rotateFrame":[{"duration":10,"curve":[0,0.46,0.75,1]},{"duration":20,"rotate":2.19}]},{"name":"hongchun_toufa8","rotateFrame":[{"duration":10,"curve":[0,0.46,0.75,1]},{"duration":20,"rotate":-3.2}]},{"name":"hongchun_datui1","translateFrame":[{"duration":10,"curve":[0,0.46,0.75,1]},{"duration":20,"x":-3.47,"y":0.13}]},{"name":"hongchun_datui2","translateFrame":[{"duration":10,"curve":[0,0.46,0.75,1]},{"duration":20,"x":-5.01,"y":-2.35}]}]},{"duration":0,"name":"0018_dingshen","bone":[{"name":"hongchun_kua","translateFrame":[{"duration":0,"y":5.85}],"rotateFrame":[{"duration":0,"rotate":3.84}]},{"name":"hongchun_shenti2","rotateFrame":[{"duration":0,"rotate":15.64}]},{"name":"hongchun_shenti3","rotateFrame":[{"duration":0,"rotate":0.02}]},{"name":"hongchun_dabi1","rotateFrame":[{"duration":0,"rotate":-31.9}]},{"name":"hoingchun_xiaobi1","rotateFrame":[{"duration":0,"rotate":23.5}]},{"name":"hongchun_dabi2","rotateFrame":[{"duration":0,"rotate":-35.19}]},{"name":"hongchun_tou","rotateFrame":[{"duration":0,"rotate":4.37}]},{"name":"hongchun_toufa4","rotateFrame":[{"duration":0,"rotate":1.9}]},{"name":"hongchun_toufa5","rotateFrame":[{"duration":0,"rotate":7.81}]},{"name":"hongchun_toufa6","rotateFrame":[{"duration":0,"rotate":4.16}]},{"name":"hongchun_toufa1","rotateFrame":[{"duration":0,"rotate":-2.02}]},{"name":"hongchun_toufa2","rotateFrame":[{"duration":0,"rotate":-10.95}]},{"name":"hongchun_toufa3","rotateFrame":[{"duration":0,"rotate":-1.69}]},{"name":"hongchun_toufa8","rotateFrame":[{"duration":0,"rotate":-7.2}]},{"name":"hongchun_datui1","translateFrame":[{"duration":0,"x":-1.49,"y":2.14}]}]},{"duration":0,"name":"0019_gedang","bone":[{"name":"hongchun_kua","translateFrame":[{"duration":0,"x":-0.99,"y":1.49}]},{"name":"hongchun_shenti2","rotateFrame":[{"duration":0,"rotate":-6.55}]},{"name":"hongchun_dabi1","translateFrame":[{"duration":0,"x":2.34,"y":-1.76}],"rotateFrame":[{"duration":0,"rotate":-12.84}]},{"name":"hoingchun_xiaobi1","rotateFrame":[{"duration":0,"rotate":87.66}]},{"name":"hongchun_dabi2","rotateFrame":[{"duration":0,"rotate":-59.06}]},{"name":"hongchun_xiaobi2","rotateFrame":[{"duration":0,"rotate":-89.56}]},{"name":"hongchun_tou","rotateFrame":[{"duration":0,"rotate":7.15}]}]},{"duration":0,"name":"0020_wu","bone":[{"name":"hongchun_kua","translateFrame":[{"duration":0,"x":-0.99,"y":1.49}]},{"name":"hongchun_shenti2","rotateFrame":[{"duration":0,"rotate":-6.55}]},{"name":"hongchun_dabi1","translateFrame":[{"duration":0,"x":2.34,"y":-1.76}],"rotateFrame":[{"duration":0,"rotate":-12.84}]},{"name":"hoingchun_xiaobi1","rotateFrame":[{"duration":0,"rotate":87.66}]},{"name":"hongchun_dabi2","rotateFrame":[{"duration":0,"rotate":-59.06}]},{"name":"hongchun_xiaobi2","rotateFrame":[{"duration":0,"rotate":-89.56}]},{"name":"hongchun_tou","rotateFrame":[{"duration":0,"rotate":7.15}]}]},{"duration":0,"name":"0021_wu","bone":[{"name":"hongchun_kua","translateFrame":[{"duration":0,"x":-0.99,"y":1.49}]},{"name":"hongchun_shenti2","rotateFrame":[{"duration":0,"rotate":-6.55}]},{"name":"hongchun_dabi1","translateFrame":[{"duration":0,"x":2.34,"y":-1.76}],"rotateFrame":[{"duration":0,"rotate":-12.84}]},{"name":"hoingchun_xiaobi1","rotateFrame":[{"duration":0,"rotate":87.66}]},{"name":"hongchun_dabi2","rotateFrame":[{"duration":0,"rotate":-59.06}]},{"name":"hongchun_xiaobi2","rotateFrame":[{"duration":0,"rotate":-89.56}]},{"name":"hongchun_tou","rotateFrame":[{"duration":0,"rotate":7.15}]}]},{"duration":0,"name":"0022_wu","bone":[{"name":"hongchun_kua","translateFrame":[{"duration":0,"x":-0.99,"y":1.49}]},{"name":"hongchun_shenti2","rotateFrame":[{"duration":0,"rotate":-6.55}]},{"name":"hongchun_dabi1","translateFrame":[{"duration":0,"x":2.34,"y":-1.76}],"rotateFrame":[{"duration":0,"rotate":-12.84}]},{"name":"hoingchun_xiaobi1","rotateFrame":[{"duration":0,"rotate":87.66}]},{"name":"hongchun_dabi2","rotateFrame":[{"duration":0,"rotate":-59.06}]},{"name":"hongchun_xiaobi2","rotateFrame":[{"duration":0,"rotate":-89.56}]},{"name":"hongchun_tou","rotateFrame":[{"duration":0,"rotate":7.15}]}]},{"duration":0,"name":"0023_wu","bone":[{"name":"hongchun_kua","translateFrame":[{"duration":0,"x":-0.99,"y":1.49}]},{"name":"hongchun_shenti2","rotateFrame":[{"duration":0,"rotate":-6.55}]},{"name":"hongchun_dabi1","translateFrame":[{"duration":0,"x":2.34,"y":-1.76}],"rotateFrame":[{"duration":0,"rotate":-12.84}]},{"name":"hoingchun_xiaobi1","rotateFrame":[{"duration":0,"rotate":87.66}]},{"name":"hongchun_dabi2","rotateFrame":[{"duration":0,"rotate":-59.06}]},{"name":"hongchun_xiaobi2","rotateFrame":[{"duration":0,"rotate":-89.56}]},{"name":"hongchun_tou","rotateFrame":[{"duration":0,"rotate":7.15}]}]},{"duration":0,"name":"0024_wu","bone":[{"name":"hongchun_kua","translateFrame":[{"duration":0,"x":-0.99,"y":1.49}]},{"name":"hongchun_shenti2","rotateFrame":[{"duration":0,"rotate":-6.55}]},{"name":"hongchun_dabi1","translateFrame":[{"duration":0,"x":2.34,"y":-1.76}],"rotateFrame":[{"duration":0,"rotate":-12.84}]},{"name":"hoingchun_xiaobi1","rotateFrame":[{"duration":0,"rotate":87.66}]},{"name":"hongchun_dabi2","rotateFrame":[{"duration":0,"rotate":-59.06}]},{"name":"hongchun_xiaobi2","rotateFrame":[{"duration":0,"rotate":-89.56}]},{"name":"hongchun_tou","rotateFrame":[{"duration":0,"rotate":7.15}]}]},{"duration":45,"name":"0025_gongji1","bone":[{"name":"hongchun_kua","translateFrame":[{"duration":17,"curve":[0,0.49,0.75,1]},{"duration":8,"curve":[0.25,0,1,0.54],"x":-1.34,"y":5.94},{"duration":20,"curve":[0,0.44,0.75,1],"x":0.83,"y":1.34},{"duration":0,"x":4.1,"y":0.88}],"rotateFrame":[{"duration":17,"curve":[0,0.49,0.75,1]},{"duration":28,"rotate":5.72}]},{"name":"hongchun_shenti2","rotateFrame":[{"duration":17},{"duration":8,"curve":[0.25,0,1,0.54]},{"duration":20,"curve":[0,0.44,0.75,1],"rotate":-2.07},{"duration":0,"rotate":0.44}]},{"name":"hongchun_dabi1","translateFrame":[{"duration":17,"curve":[0,0.49,0.75,1]},{"duration":28,"x":0.38,"y":0.08}],"rotateFrame":[{"duration":17,"curve":[0,0.49,0.75,1],"rotate":-17.89},{"duration":8,"curve":[0.25,0,1,0.54],"rotate":-32.83},{"duration":20,"curve":[0,0.44,0.75,1],"rotate":-51.82},{"duration":0,"rotate":-38.56}]},{"name":"hoingchun_xiaobi1","rotateFrame":[{"duration":17,"curve":[0,0.49,0.75,1],"rotate":1.06},{"duration":6,"curve":[0.25,0,1,0.54],"rotate":60.88},{"duration":2,"tweenEasing":0,"rotate":109.87},{"duration":20,"curve":[0,0.44,0.75,1],"rotate":151.78},{"duration":0,"rotate":131.07}]},{"name":"hongchun_dabi2","translateFrame":[{"duration":17,"curve":[0,0.49,0.75,1]},{"duration":8,"curve":[0.25,0,1,0.54]},{"duration":20,"x":2.81,"y":-4.93}],"rotateFrame":[{"duration":17,"curve":[0,0.49,0.75,1],"rotate":-46.8},{"duration":8,"curve":[0.25,0,1,0.54],"rotate":-57.99},{"duration":20,"curve":[0,0.44,0.75,1],"rotate":-88.31},{"duration":0,"rotate":-86.75}]},{"name":"hongchun_xiaobi2","rotateFrame":[{"duration":17,"curve":[0,0.49,0.75,1],"rotate":-94.47},{"duration":8,"curve":[0.25,0,1,0.54],"rotate":-117.48},{"duration":20,"curve":[0,0.44,0.75,1],"rotate":21.91},{"duration":0,"rotate":27.97}]},{"name":"hongchun_shou2","rotateFrame":[{"duration":17,"curve":[0,0.49,0.75,1],"rotate":-175.79},{"duration":6,"curve":[0.25,0,1,0.54],"rotate":-154.63},{"duration":2,"tweenEasing":0,"rotate":148.54},{"duration":20,"curve":[0,0.44,0.75,1],"rotate":-171.2},{"duration":0,"rotate":-154.63}],"scaleFrame":[{"duration":45,"x":-1}]},{"name":"hongchun_tou","rotateFrame":[{"duration":17,"curve":[0,0.49,0.75,1]},{"duration":8,"curve":[0.25,0,1,0.54],"rotate":1.38},{"duration":20,"curve":[0,0.44,0.75,1],"rotate":-2.58},{"duration":0,"rotate":-9.03}]},{"name":"hongchun_toufa4","rotateFrame":[{"duration":17,"curve":[0,0.49,0.75,1]},{"duration":8,"rotate":-4.82},{"duration":20,"curve":[0,0.44,0.75,1],"rotate":-4.82},{"duration":0,"rotate":-3.38}]},{"name":"hongchun_toufa5","rotateFrame":[{"duration":17,"curve":[0,0.49,0.75,1]},{"duration":8,"rotate":2.98},{"duration":20,"curve":[0,0.44,0.75,1],"rotate":2.98},{"duration":0,"rotate":-0.72}]},{"name":"hongchun_toufa6","rotateFrame":[{"duration":17,"curve":[0,0.49,0.75,1]},{"duration":8,"rotate":2.82},{"duration":20,"curve":[0,0.44,0.75,1],"rotate":2.82},{"duration":0,"rotate":-3.89}]},{"name":"hongchun_toufa1","rotateFrame":[{"duration":17,"curve":[0,0.49,0.75,1]},{"duration":28,"rotate":10.94}]},{"name":"hongchun_toufa2","rotateFrame":[{"duration":17,"curve":[0,0.49,0.75,1]},{"duration":8,"rotate":7.47},{"duration":20,"curve":[0,0.44,0.75,1],"rotate":7.47},{"duration":0,"rotate":-6.18}]},{"name":"hongchun_toufa3","rotateFrame":[{"duration":17,"curve":[0,0.49,0.75,1]},{"duration":8,"rotate":3.4},{"duration":20,"curve":[0,0.44,0.75,1],"rotate":3.4},{"duration":0,"rotate":1.53}]},{"name":"hongchun_toufa7","rotateFrame":[{"duration":17,"curve":[0,0.49,0.75,1]},{"duration":8,"rotate":-4.55},{"duration":20,"curve":[0,0.44,0.75,1],"rotate":-4.55},{"duration":0,"rotate":-1.71}]},{"name":"hongchun_toufa8","rotateFrame":[{"duration":17,"curve":[0,0.49,0.75,1]},{"duration":8,"rotate":5.95},{"duration":20,"curve":[0,0.44,0.75,1],"rotate":5.95},{"duration":0,"rotate":0.43}]},{"name":"hongchun_toufa9","rotateFrame":[{"duration":17,"curve":[0,0.49,0.75,1]},{"duration":28,"rotate":-2.45}]},{"name":"hongchun_datui1","translateFrame":[{"duration":17,"curve":[0,0.49,0.75,1]},{"duration":28,"x":-1.78,"y":0.89}]},{"name":"hongchun_datui2","translateFrame":[{"duration":17,"curve":[0,0.49,0.75,1]},{"duration":28,"x":-1.34,"y":-0.89}]}]},{"duration":45,"name":"0026_gongji2","bone":[{"name":"hongchun_kua","translateFrame":[{"duration":17,"curve":[0,0.49,0.75,1]},{"duration":8,"curve":[0.25,0,1,0.54],"x":-1.34,"y":5.94},{"duration":20,"curve":[0,0.44,0.75,1],"x":0.83,"y":1.34},{"duration":0,"x":4.1,"y":0.88}],"rotateFrame":[{"duration":17,"curve":[0,0.49,0.75,1]},{"duration":28,"rotate":5.72}]},{"name":"hongchun_shenti2","rotateFrame":[{"duration":17},{"duration":8,"curve":[0.25,0,1,0.54]},{"duration":20,"curve":[0,0.44,0.75,1],"rotate":-2.07},{"duration":0,"rotate":0.44}]},{"name":"hongchun_dabi1","translateFrame":[{"duration":17,"curve":[0,0.49,0.75,1]},{"duration":28,"x":0.38,"y":0.08}],"rotateFrame":[{"duration":17,"curve":[0,0.49,0.75,1],"rotate":-17.89},{"duration":8,"curve":[0.25,0,1,0.54],"rotate":-32.83},{"duration":20,"curve":[0,0.44,0.75,1],"rotate":-51.82},{"duration":0,"rotate":-38.56}]},{"name":"hoingchun_xiaobi1","rotateFrame":[{"duration":17,"curve":[0,0.49,0.75,1],"rotate":1.06},{"duration":6,"curve":[0.25,0,1,0.54],"rotate":60.88},{"duration":2,"tweenEasing":0,"rotate":109.87},{"duration":20,"curve":[0,0.44,0.75,1],"rotate":151.78},{"duration":0,"rotate":131.07}]},{"name":"hongchun_dabi2","translateFrame":[{"duration":17,"curve":[0,0.49,0.75,1]},{"duration":8,"curve":[0.25,0,1,0.54]},{"duration":20,"x":2.81,"y":-4.93}],"rotateFrame":[{"duration":17,"curve":[0,0.49,0.75,1],"rotate":-46.8},{"duration":8,"curve":[0.25,0,1,0.54],"rotate":-57.99},{"duration":20,"curve":[0,0.44,0.75,1],"rotate":-88.31},{"duration":0,"rotate":-86.75}]},{"name":"hongchun_xiaobi2","rotateFrame":[{"duration":17,"curve":[0,0.49,0.75,1],"rotate":-94.47},{"duration":8,"curve":[0.25,0,1,0.54],"rotate":-117.48},{"duration":20,"curve":[0,0.44,0.75,1],"rotate":21.91},{"duration":0,"rotate":27.97}]},{"name":"hongchun_shou2","rotateFrame":[{"duration":17,"curve":[0,0.49,0.75,1],"rotate":-175.79},{"duration":6,"curve":[0.25,0,1,0.54],"rotate":-154.63},{"duration":2,"tweenEasing":0,"rotate":148.54},{"duration":20,"curve":[0,0.44,0.75,1],"rotate":-171.2},{"duration":0,"rotate":-154.63}],"scaleFrame":[{"duration":45,"x":-1}]},{"name":"hongchun_tou","rotateFrame":[{"duration":17,"curve":[0,0.49,0.75,1]},{"duration":8,"curve":[0.25,0,1,0.54],"rotate":1.38},{"duration":20,"curve":[0,0.44,0.75,1],"rotate":-2.58},{"duration":0,"rotate":-9.03}]},{"name":"hongchun_toufa4","rotateFrame":[{"duration":17,"curve":[0,0.49,0.75,1]},{"duration":8,"rotate":-4.82},{"duration":20,"curve":[0,0.44,0.75,1],"rotate":-4.82},{"duration":0,"rotate":-3.38}]},{"name":"hongchun_toufa5","rotateFrame":[{"duration":17,"curve":[0,0.49,0.75,1]},{"duration":8,"rotate":2.98},{"duration":20,"curve":[0,0.44,0.75,1],"rotate":2.98},{"duration":0,"rotate":-0.72}]},{"name":"hongchun_toufa6","rotateFrame":[{"duration":17,"curve":[0,0.49,0.75,1]},{"duration":8,"rotate":2.82},{"duration":20,"curve":[0,0.44,0.75,1],"rotate":2.82},{"duration":0,"rotate":-3.89}]},{"name":"hongchun_toufa1","rotateFrame":[{"duration":17,"curve":[0,0.49,0.75,1]},{"duration":28,"rotate":10.94}]},{"name":"hongchun_toufa2","rotateFrame":[{"duration":17,"curve":[0,0.49,0.75,1]},{"duration":8,"rotate":7.47},{"duration":20,"curve":[0,0.44,0.75,1],"rotate":7.47},{"duration":0,"rotate":-6.18}]},{"name":"hongchun_toufa3","rotateFrame":[{"duration":17,"curve":[0,0.49,0.75,1]},{"duration":8,"rotate":3.4},{"duration":20,"curve":[0,0.44,0.75,1],"rotate":3.4},{"duration":0,"rotate":1.53}]},{"name":"hongchun_toufa7","rotateFrame":[{"duration":17,"curve":[0,0.49,0.75,1]},{"duration":8,"rotate":-4.55},{"duration":20,"curve":[0,0.44,0.75,1],"rotate":-4.55},{"duration":0,"rotate":-1.71}]},{"name":"hongchun_toufa8","rotateFrame":[{"duration":17,"curve":[0,0.49,0.75,1]},{"duration":8,"rotate":5.95},{"duration":20,"curve":[0,0.44,0.75,1],"rotate":5.95},{"duration":0,"rotate":0.43}]},{"name":"hongchun_toufa9","rotateFrame":[{"duration":17,"curve":[0,0.49,0.75,1]},{"duration":28,"rotate":-2.45}]},{"name":"hongchun_datui1","translateFrame":[{"duration":17,"curve":[0,0.49,0.75,1]},{"duration":28,"x":-1.78,"y":0.89}]},{"name":"hongchun_datui2","translateFrame":[{"duration":17,"curve":[0,0.49,0.75,1]},{"duration":28,"x":-1.34,"y":-0.89}]}]}],"defaultActions":[{"gotoAndPlay":"0000_chuchang"}]}]}