{"frameRate":30,"name":"cardopen","version":"5.5","compatibleVersion":"5.5","armature":[{"type":"Armature","frameRate":30,"name":"armatureName","aabb":{"x":3.64,"y":-449.08,"width":626.02,"height":446.02},"bone":[{"name":"root"},{"name":"backlight","parent":"root","transform":{"x":315.02,"y":-262.8,"scX":3.181,"scY":3.181}},{"inheritRotation":false,"name":"bagback","parent":"root","transform":{"x":315.02,"y":-262.8}},{"length":125,"name":"bb1","parent":"root","transform":{"x":219.45,"y":-2.61,"skX":-90,"skY":-90}},{"length":69,"name":"bb8","parent":"root","transform":{"x":212.14,"y":-447.83,"skX":90,"skY":90}},{"length":171,"name":"bb3","parent":"root","transform":{"x":8.97,"y":-190.98}},{"length":156,"name":"bb4","parent":"root","transform":{"x":633.05,"y":-202.45,"skX":-179.7,"skY":-179.7}},{"name":"card","parent":"root","transform":{"x":313.17,"y":-254.36}},{"length":144,"name":"bb2","parent":"bb1","transform":{"x":0.81,"y":233.41,"skX":-0.32,"skY":-0.32}},{"length":141,"name":"bb5","parent":"bb3","transform":{"x":30.08,"y":-79.38}},{"length":90,"name":"bb7","parent":"bb8","transform":{"x":-5.32,"y":-273.23,"skX":-0.48,"skY":-0.48}},{"length":118,"name":"bb9","parent":"bb8","transform":{"x":-2.28,"y":52.51,"skX":0.36,"skY":0.36}},{"length":125,"name":"bl1a","parent":"bb1"},{"length":125,"name":"bl1b","parent":"bb1"},{"length":125,"name":"bl1c","parent":"bb1"},{"length":122,"name":"bb6","parent":"bb4","transform":{"x":16.73,"y":68.71,"skX":-0.67,"skY":-0.67}},{"length":171,"name":"bl3c","parent":"bb3"},{"length":69,"name":"bl8b","parent":"bb8"},{"length":171,"name":"bl3a","parent":"bb3"},{"length":171,"name":"bl3b","parent":"bb3"},{"length":69,"name":"bl8c","parent":"bb8"},{"length":156,"name":"bl4a","parent":"bb4"},{"length":156,"name":"bl4b","parent":"bb4"},{"length":156,"name":"bl4c","parent":"bb4"},{"length":69,"name":"bl8a","parent":"bb8"},{"length":90,"name":"bl7c","parent":"bb7"},{"length":144,"name":"bl2b","parent":"bb2"},{"length":122,"name":"bl6a","parent":"bb6","transform":{"skX":0.02,"skY":0.02}},{"length":141,"name":"bl5a","parent":"bb5"},{"length":122,"name":"bl6c","parent":"bb6","transform":{"skX":0.02,"skY":0.02}},{"length":90,"name":"bl7a","parent":"bb7"},{"length":90,"name":"bl7b","parent":"bb7"},{"length":144,"name":"bl2c","parent":"bb2"},{"length":141,"name":"bl5b","parent":"bb5"},{"length":141,"name":"bl5c","parent":"bb5"},{"length":122,"name":"bl6b","parent":"bb6","transform":{"skX":0.02,"skY":0.02}},{"length":118,"name":"bl9a","parent":"bb9","transform":{"skX":0.02,"skY":0.02}},{"length":118,"name":"bl9b","parent":"bb9","transform":{"skX":0.02,"skY":0.02}},{"length":118,"name":"bl9c","parent":"bb9","transform":{"skX":0.02,"skY":0.02}},{"length":144,"name":"bl2a","parent":"bb2"}],"slot":[{"name":"bb9","parent":"bb9"},{"name":"bb8","parent":"bb8"},{"name":"bb7","parent":"bb7"},{"name":"bb6","parent":"bb6"},{"name":"bb5","parent":"bb5"},{"name":"bb4","parent":"bb4"},{"name":"bb3","parent":"bb3"},{"name":"bb2","parent":"bb2"},{"name":"bb1","parent":"bb1"},{"name":"bagback","parent":"bagback"},{"blendMode":"add","displayIndex":-1,"name":"bl9a2","parent":"bl9a"},{"blendMode":"add","displayIndex":-1,"name":"bl8a","parent":"bl8a"},{"blendMode":"add","displayIndex":-1,"name":"bl7a","parent":"bl7a"},{"blendMode":"add","displayIndex":-1,"name":"bl6a","parent":"bl6a"},{"blendMode":"add","displayIndex":-1,"name":"bl5a","parent":"bl5a"},{"blendMode":"add","displayIndex":-1,"name":"bl4a","parent":"bl4a"},{"blendMode":"add","displayIndex":-1,"name":"bl3a","parent":"bl3a"},{"blendMode":"add","displayIndex":-1,"name":"bl2a","parent":"bl2a"},{"displayIndex":-1,"name":"bl1a","parent":"bl1a"},{"blendMode":"add","displayIndex":-1,"name":"bl9b","parent":"bl9b"},{"blendMode":"add","displayIndex":-1,"name":"bl8b","parent":"bl8b"},{"blendMode":"add","displayIndex":-1,"name":"bl7b","parent":"bl7b"},{"blendMode":"add","displayIndex":-1,"name":"bl6b","parent":"bl6b"},{"blendMode":"add","displayIndex":-1,"name":"bl5b","parent":"bl5b"},{"blendMode":"add","displayIndex":-1,"name":"bl4b","parent":"bl4b"},{"blendMode":"add","displayIndex":-1,"name":"bl3b","parent":"bl3b"},{"blendMode":"add","displayIndex":-1,"name":"bl2b","parent":"bl2b"},{"blendMode":"add","displayIndex":-1,"name":"bl1b","parent":"bl1b"},{"blendMode":"add","displayIndex":-1,"name":"bl9c","parent":"bl9c"},{"blendMode":"add","displayIndex":-1,"name":"bl8c","parent":"bl8c"},{"blendMode":"add","displayIndex":-1,"name":"bl7c","parent":"bl7c"},{"blendMode":"add","displayIndex":-1,"name":"bl6c","parent":"bl6c"},{"blendMode":"add","displayIndex":-1,"name":"bl5c","parent":"bl5c"},{"blendMode":"add","displayIndex":-1,"name":"bl4c4","parent":"bl4c"},{"blendMode":"add","displayIndex":-1,"name":"bl3c","parent":"bl3c"},{"blendMode":"add","displayIndex":-1,"name":"bl2c","parent":"bl2c"},{"blendMode":"add","displayIndex":-1,"name":"bl1c","parent":"bl1c"},{"blendMode":"add","displayIndex":-1,"name":"backlight","parent":"backlight"}],"skin":[{"slot":[{"name":"bl2c","display":[{"name":"bl2c","transform":{"x":83.68,"y":-8.25,"skX":90.31,"skY":90.31}}]},{"name":"bb6","display":[{"name":"bb6","transform":{"x":95.52,"y":-0.99,"skX":-179.59,"skY":-179.59}}]},{"name":"bl5c","display":[{"name":"bl5c","transform":{"x":67.58,"y":0.79}}]},{"name":"bl3b","display":[{"name":"bl3b","transform":{"x":102.17,"y":22.4}}]},{"name":"bl1a","display":[{"name":"bl1a","transform":{"x":76.96,"y":9.19,"skX":90,"skY":90}}]},{"name":"bl8a","display":[{"name":"bl8a","transform":{"x":32.75,"y":-1.5,"skX":-90,"skY":-90}}]},{"name":"bb1","display":[{"name":"bb1","transform":{"x":76.46,"y":9.69,"skX":90,"skY":90}}]},{"name":"bb9","display":[{"name":"bb9","transform":{"x":61.66,"y":21.11,"skX":-90.34,"skY":-90.34}}]},{"name":"bl8c","display":[{"name":"bl8c","transform":{"x":30.75,"y":0.49,"skX":-90,"skY":-90}}]},{"name":"bl6b","display":[{"name":"bl6b","transform":{"x":94.52,"y":-1,"skX":-179.59,"skY":-179.59}}]},{"name":"bl4a","display":[{"name":"bl4a","transform":{"x":97.85,"y":-9.38,"skX":179.7,"skY":179.7}}]},{"name":"bl1c","display":[{"name":"bl1c","transform":{"x":72.96,"y":-0.3,"skX":90,"skY":90}}]},{"name":"bb5","display":[{"name":"bb5","transform":{"x":73.08,"y":0.79}}]},{"name":"bb8","display":[{"name":"bb8","transform":{"x":33.75,"y":-3,"skX":-90,"skY":-90}}]},{"name":"bl2b","display":[{"name":"bl2b","transform":{"x":85.69,"y":-9.74,"skX":90.31,"skY":90.31}}]},{"name":"bl9b","display":[{"name":"bl9b","transform":{"x":60.17,"y":22.62,"skX":-90.34,"skY":-90.34}}]},{"name":"bl7a","display":[{"name":"bl7a","transform":{"x":62.48,"y":11.74,"skX":-89.52,"skY":-89.52}}]},{"name":"bagback","display":[{"name":"bagback","transform":{"x":-0.27,"y":3.56}}]},{"name":"bb7","display":[{"name":"bb7","transform":{"x":62.97,"y":13.24,"skX":-89.52,"skY":-89.52}}]},{"name":"bl5b","display":[{"name":"bl5b","transform":{"x":72.08,"y":0.79}}]},{"name":"bl3a","display":[{"name":"bl3a","transform":{"x":108.17,"y":21.9}}]},{"name":"backlight","display":[{"name":"backlight","transform":{"x":0.13,"y":0.33,"scX":2.075,"scY":2.075}}]},{"name":"bb4","display":[{"name":"bb4","transform":{"x":93.35,"y":-8.35,"skX":179.7,"skY":179.7}}]},{"name":"bb3","display":[{"name":"bb3","transform":{"x":103.67,"y":20.9}}]},{"name":"bl1b","display":[{"name":"bl1b","transform":{"x":74.46,"y":6.69,"skX":90,"skY":90}}]},{"name":"bl8b","display":[{"name":"bl8b","transform":{"x":31.75,"y":-0.5,"skX":-90,"skY":-90}}]},{"name":"bl6a","display":[{"name":"bl6a","transform":{"x":97.52,"y":-0.97,"skX":-179.59,"skY":-179.59}}]},{"name":"bl9a2","display":[{"name":"bl9a","transform":{"x":61.66,"y":21.61,"skX":-90.34,"skY":-90.34}}]},{"name":"bl4c4","display":[{"name":"bl4c","transform":{"x":89.84,"y":-11.84,"skX":179.7,"skY":179.7}}]},{"name":"bl6c","display":[{"name":"bl6c","transform":{"x":91.52,"y":-1.02,"skX":-179.59,"skY":-179.59}}]},{"name":"bl4b","display":[{"name":"bl4b","transform":{"x":92.34,"y":-10.35,"skX":179.7,"skY":179.7}}]},{"name":"bl2a","display":[{"name":"bl2a","transform":{"x":91.7,"y":-11.71,"skX":90.31,"skY":90.31}}]},{"name":"bl3c","display":[{"name":"bl3c","transform":{"x":100.17,"y":23.9}}]},{"name":"bb2","display":[{"name":"bb2","transform":{"x":87.21,"y":-12.23,"skX":90.31,"skY":90.31}}]},{"name":"bl7c","display":[{"name":"bl7c","transform":{"x":60.51,"y":9.22,"skX":-89.52,"skY":-89.52}}]},{"name":"bl9c","display":[{"name":"bl9c","transform":{"x":58.68,"y":23.63,"skX":-90.34,"skY":-90.34}}]},{"name":"bl7b","display":[{"name":"bl7b","transform":{"x":61.5,"y":10.23,"skX":-89.52,"skY":-89.52}}]},{"name":"bl5a","display":[{"name":"bl5a","transform":{"x":75.08,"y":0.79}}]}]}],"animation":[{"duration":70,"name":"animation","bone":[{"name":"bb8","translateFrame":[{"duration":6,"tweenEasing":0,"y":-198.53},{"duration":64}]},{"name":"bb4","translateFrame":[{"duration":6,"tweenEasing":0,"x":343.96},{"duration":64}]},{"name":"bb1","translateFrame":[{"duration":6,"tweenEasing":0,"y":245.46},{"duration":64}]},{"name":"bb3","translateFrame":[{"duration":6,"tweenEasing":0,"x":-332.09},{"duration":64}]},{"name":"bagback","scaleFrame":[{"duration":6,"tweenEasing":0,"x":0.26,"y":0.26},{"tweenEasing":0,"x":1.06,"y":1.06},{"duration":63}]},{"name":"backlight","scaleFrame":[{"duration":24},{"duration":5,"tweenEasing":0},{"duration":41,"tweenEasing":0,"x":1.19,"y":1.19},{"duration":0}]}],"slot":[{"name":"backlight","displayFrame":[{"duration":24,"value":-1},{"duration":46}],"colorFrame":[{"duration":24,"tweenEasing":0},{"duration":5,"tweenEasing":0,"value":{"aM":0}},{"duration":15,"tweenEasing":0},{"duration":26,"value":{"aM":0}}]},{"name":"bagback","colorFrame":[{"duration":45,"tweenEasing":0},{"duration":5,"tweenEasing":0},{"duration":20,"value":{"aM":0}}]},{"name":"bb1","colorFrame":[{"duration":45,"tweenEasing":0},{"duration":5,"tweenEasing":0},{"duration":20,"value":{"aM":0}}]},{"name":"bb2","colorFrame":[{"duration":45,"tweenEasing":0},{"duration":5,"tweenEasing":0},{"duration":20,"value":{"aM":0}}]},{"name":"bb3","colorFrame":[{"duration":45,"tweenEasing":0},{"duration":5,"tweenEasing":0},{"duration":20,"value":{"aM":0}}]},{"name":"bb4","colorFrame":[{"duration":45,"tweenEasing":0},{"duration":5,"tweenEasing":0},{"duration":20,"value":{"aM":0}}]},{"name":"bb5","colorFrame":[{"duration":45,"tweenEasing":0},{"duration":5,"tweenEasing":0},{"duration":20,"value":{"aM":0}}]},{"name":"bb6","colorFrame":[{"duration":45,"tweenEasing":0},{"duration":5,"tweenEasing":0},{"duration":20,"value":{"aM":0}}]},{"name":"bb7","colorFrame":[{"duration":45,"tweenEasing":0},{"duration":5,"tweenEasing":0},{"duration":20,"value":{"aM":0}}]},{"name":"bb8","colorFrame":[{"duration":45,"tweenEasing":0},{"duration":5,"tweenEasing":0},{"duration":20,"value":{"aM":0}}]},{"name":"bb9","colorFrame":[{"duration":45,"tweenEasing":0},{"duration":5,"tweenEasing":0},{"duration":20,"value":{"aM":0}}]},{"name":"bl1a","displayFrame":[{"duration":19,"value":-1},{"duration":10},{"duration":41,"value":-1}],"colorFrame":[{"duration":19,"tweenEasing":0},{"duration":5,"tweenEasing":0,"value":{"aM":0}},{"duration":5,"tweenEasing":0},{"duration":41,"value":{"aM":0}}]},{"name":"bl1b","displayFrame":[{"duration":14,"value":-1},{"duration":10},{"duration":46,"value":-1}],"colorFrame":[{"duration":14,"tweenEasing":0},{"duration":5,"tweenEasing":0,"value":{"aM":0}},{"duration":5,"tweenEasing":0},{"duration":46,"value":{"aM":0}}]},{"name":"bl1c","displayFrame":[{"duration":14,"value":-1},{"duration":5},{"duration":51,"value":-1}],"colorFrame":[{"duration":14,"tweenEasing":0},{"duration":5,"tweenEasing":0},{"duration":51,"value":{"aM":0}}]},{"name":"bl2a","displayFrame":[{"duration":19,"value":-1},{"duration":10},{"duration":41,"value":-1}],"colorFrame":[{"duration":6,"tweenEasing":0},{"duration":13,"tweenEasing":0},{"duration":5,"tweenEasing":0,"value":{"aM":0}},{"duration":5,"tweenEasing":0},{"duration":41,"value":{"aM":0}}]},{"name":"bl2b","displayFrame":[{"duration":14,"value":-1},{"duration":10},{"duration":46,"value":-1}],"colorFrame":[{"duration":14,"tweenEasing":0},{"duration":5,"tweenEasing":0,"value":{"aM":0}},{"duration":5,"tweenEasing":0},{"duration":46,"value":{"aM":0}}]},{"name":"bl2c","displayFrame":[{"duration":14,"value":-1},{"duration":5},{"duration":51,"value":-1}],"colorFrame":[{"duration":14,"tweenEasing":0},{"duration":5,"tweenEasing":0},{"duration":51,"value":{"aM":0}}]},{"name":"bl3a","displayFrame":[{"duration":19,"value":-1},{"duration":10},{"duration":41,"value":-1}],"colorFrame":[{"duration":19,"tweenEasing":0},{"duration":5,"tweenEasing":0,"value":{"aM":0}},{"duration":5,"tweenEasing":0},{"duration":41,"value":{"aM":0}}]},{"name":"bl3b","displayFrame":[{"duration":14,"value":-1},{"duration":10},{"duration":46,"value":-1}],"colorFrame":[{"duration":14,"tweenEasing":0},{"duration":5,"tweenEasing":0,"value":{"aM":0}},{"duration":5,"tweenEasing":0},{"duration":46,"value":{"aM":0}}]},{"name":"bl3c","displayFrame":[{"duration":14,"value":-1},{"duration":5},{"duration":51,"value":-1}],"colorFrame":[{"duration":14,"tweenEasing":0},{"duration":5,"tweenEasing":0},{"duration":51,"value":{"aM":0}}]},{"name":"bl4a","displayFrame":[{"duration":19,"value":-1},{"duration":10},{"duration":41,"value":-1}],"colorFrame":[{"duration":19,"tweenEasing":0},{"duration":5,"tweenEasing":0,"value":{"aM":0}},{"duration":5,"tweenEasing":0},{"duration":41,"value":{"aM":0}}]},{"name":"bl4b","displayFrame":[{"duration":14,"value":-1},{"duration":10},{"duration":46,"value":-1}],"colorFrame":[{"duration":14,"tweenEasing":0},{"duration":5,"tweenEasing":0,"value":{"aM":0}},{"duration":5,"tweenEasing":0},{"duration":46,"value":{"aM":0}}]},{"name":"bl4c4","displayFrame":[{"duration":14,"value":-1},{"duration":5},{"duration":51,"value":-1}],"colorFrame":[{"duration":14,"tweenEasing":0},{"duration":5,"tweenEasing":0},{"duration":51,"value":{"aM":0}}]},{"name":"bl5a","displayFrame":[{"duration":19,"value":-1},{"duration":10},{"duration":41,"value":-1}],"colorFrame":[{"duration":19,"tweenEasing":0},{"duration":5,"tweenEasing":0,"value":{"aM":0}},{"duration":5,"tweenEasing":0},{"duration":41,"value":{"aM":0}}]},{"name":"bl5b","displayFrame":[{"duration":14,"value":-1},{"duration":10},{"duration":46,"value":-1}],"colorFrame":[{"duration":14,"tweenEasing":0},{"duration":5,"tweenEasing":0,"value":{"aM":0}},{"duration":5,"tweenEasing":0},{"duration":46,"value":{"aM":0}}]},{"name":"bl5c","displayFrame":[{"duration":14,"value":-1},{"duration":5},{"duration":51,"value":-1}],"colorFrame":[{"duration":14,"tweenEasing":0},{"duration":5,"tweenEasing":0},{"duration":51,"value":{"aM":0}}]},{"name":"bl6a","displayFrame":[{"duration":19,"value":-1},{"duration":10},{"duration":41,"value":-1}],"colorFrame":[{"duration":19,"tweenEasing":0},{"duration":5,"tweenEasing":0,"value":{"aM":0}},{"duration":5,"tweenEasing":0},{"duration":41,"value":{"aM":0}}]},{"name":"bl6b","displayFrame":[{"duration":14,"value":-1},{"duration":10},{"duration":46,"value":-1}],"colorFrame":[{"duration":14,"tweenEasing":0},{"duration":5,"tweenEasing":0,"value":{"aM":0}},{"duration":5,"tweenEasing":0},{"duration":46,"value":{"aM":0}}]},{"name":"bl6c","displayFrame":[{"duration":14,"value":-1},{"duration":5},{"duration":51,"value":-1}],"colorFrame":[{"duration":14,"tweenEasing":0},{"duration":5,"tweenEasing":0},{"duration":51,"value":{"aM":0}}]},{"name":"bl7a","displayFrame":[{"duration":19,"value":-1},{"duration":10},{"duration":41,"value":-1}],"colorFrame":[{"duration":19,"tweenEasing":0},{"duration":5,"tweenEasing":0,"value":{"aM":0}},{"duration":5,"tweenEasing":0},{"duration":41,"value":{"aM":0}}]},{"name":"bl7b","displayFrame":[{"duration":14,"value":-1},{"duration":10},{"duration":46,"value":-1}],"colorFrame":[{"duration":14,"tweenEasing":0},{"duration":5,"tweenEasing":0,"value":{"aM":0}},{"duration":5,"tweenEasing":0},{"duration":46,"value":{"aM":0}}]},{"name":"bl7c","displayFrame":[{"duration":14,"value":-1},{"duration":5},{"duration":51,"value":-1}],"colorFrame":[{"duration":14,"tweenEasing":0},{"duration":5,"tweenEasing":0},{"duration":51,"value":{"aM":0}}]},{"name":"bl8a","displayFrame":[{"duration":19,"value":-1},{"duration":10},{"duration":41,"value":-1}],"colorFrame":[{"duration":19,"tweenEasing":0},{"duration":5,"tweenEasing":0,"value":{"aM":0}},{"duration":5,"tweenEasing":0},{"duration":41,"value":{"aM":0}}]},{"name":"bl8b","displayFrame":[{"duration":14,"value":-1},{"duration":10},{"duration":46,"value":-1}],"colorFrame":[{"duration":14,"tweenEasing":0},{"duration":5,"tweenEasing":0,"value":{"aM":0}},{"duration":5,"tweenEasing":0},{"duration":46,"value":{"aM":0}}]},{"name":"bl8c","displayFrame":[{"duration":14,"value":-1},{"duration":5},{"duration":51,"value":-1}],"colorFrame":[{"duration":14,"tweenEasing":0},{"duration":5,"tweenEasing":0},{"duration":51,"value":{"aM":0}}]},{"name":"bl9a2","displayFrame":[{"duration":19,"value":-1},{"duration":10},{"duration":41,"value":-1}],"colorFrame":[{"duration":19,"tweenEasing":0},{"duration":5,"tweenEasing":0,"value":{"aM":0}},{"duration":5,"tweenEasing":0},{"duration":41,"value":{"aM":0}}]},{"name":"bl9b","displayFrame":[{"duration":14,"value":-1},{"duration":10},{"duration":46,"value":-1}],"colorFrame":[{"duration":14,"tweenEasing":0},{"duration":5,"tweenEasing":0,"value":{"aM":0}},{"duration":5,"tweenEasing":0},{"duration":46,"value":{"aM":0}}]},{"name":"bl9c","displayFrame":[{"duration":14,"value":-1},{"duration":5},{"duration":51,"value":-1}],"colorFrame":[{"duration":14,"tweenEasing":0},{"duration":5,"tweenEasing":0},{"duration":51,"value":{"aM":0}}]}]}],"defaultActions":[{"gotoAndPlay":"animation"}]}]}