{"frameRate":30,"isGlobal":0,"armature":[{"bone":[{"name":"root","transform":{}},{"transform":{},"name":"Fuji","parent":"root"},{"transform":{},"name":"buff_flo","parent":"root"},{"transform":{"y":3.84,"x":23.02},"name":"hand_l","parent":"root"},{"transform":{"y":-122.92},"name":"buff_up","parent":"root"},{"transform":{"y":-7.32,"x":40.14},"name":"arm_l","parent":"root"},{"transform":{"y":-61.14},"name":"buff_mid","parent":"root"},{"transform":{"y":-10.74,"x":-26.83},"name":"leg_l","parent":"root"},{"transform":{"y":-6.25,"x":18.15},"name":"arm_r","parent":"root"},{"transform":{"y":-4.54,"x":-54.43},"name":"leg_r","parent":"root"},{"transform":{"y":1.02,"x":44.64},"name":"hand_l1","parent":"root"},{"transform":{"y":5.08,"x":-45.02},"name":"foot_r","parent":"root"},{"transform":{"y":1.66,"x":-19.12},"name":"foot_l","parent":"root"},{"transform":{"y":-51.93,"x":-40.93},"name":"bip","parent":"Fuji"},{"length":32,"transform":{"y":-0.9,"skX":8.95,"skY":8.95,"x":3.61},"parent":"bip","name":"Body"},{"length":33,"transform":{"y":3.23,"skX":115.57,"skY":115.57,"x":32.22},"parent":"bip","name":"Thigh_L"},{"length":26,"transform":{"y":-6.12,"skX":164.69,"skY":164.69,"x":0.12},"parent":"bip","name":"Tail"},{"length":31,"transform":{"y":9.62,"skX":116.77,"skY":116.77,"x":3.86},"parent":"bip","name":"Thigh_R"},{"length":27,"transform":{"skX":-1.42,"skY":-1.42,"x":32.91},"parent":"Body","name":"spine"},{"length":25,"transform":{"y":0.03,"skX":-19.57,"skY":-19.57,"x":26.06},"parent":"Tail","name":"Tail2"},{"transform":{"y":33.32,"x":21.14},"name":"belly","parent":"Body"},{"length":12,"transform":{"y":0.6,"skX":-10.7,"skY":-10.7,"x":32.7},"parent":"Thigh_L","name":"Leg_L"},{"length":13,"transform":{"y":0.81,"skX":-14.62,"skY":-14.62,"x":29.42},"parent":"Thigh_R","name":"Leg_R"},{"length":31,"transform":{"y":0.04,"skX":7.33,"skY":7.33,"x":25.36},"parent":"Tail2","name":"Tail3"},{"length":15,"transform":{"y":0.52,"skX":-47.14,"skY":-47.14,"x":12.06},"parent":"Leg_R","name":"Foot_R"},{"length":21,"transform":{"y":5.04,"skX":76.48,"skY":76.48,"x":25.91},"parent":"spine","name":"UpArm_R"},{"length":61,"transform":{"y":-7.11,"skX":12.1,"skY":12.1,"x":30.94},"parent":"spine","name":"Head"},{"length":15,"transform":{"y":0.6,"skX":-48.95,"skY":-48.95,"x":13.56},"parent":"Leg_L","name":"Foot_L"},{"length":23,"transform":{"y":3.08,"skX":76.89,"skY":76.89,"x":40.73},"parent":"spine","name":"UpArm_L"},{"length":17,"transform":{"y":0.2,"skX":-6.98,"skY":-6.98,"x":20.56},"parent":"UpArm_R","name":"Arm_R"},{"length":13,"transform":{"y":0.01,"skX":-7.09,"skY":-7.09,"x":23.51},"parent":"UpArm_L","name":"Arm_L"},{"length":28,"transform":{"y":-18.11,"skX":-138.52,"skY":-138.52,"x":14.95},"parent":"Head","name":"Ear_R"},{"length":25,"transform":{"y":-26.42,"skX":-81.25,"skY":-81.25,"x":30.21},"parent":"Head","name":"Ear_L"},{"length":26,"transform":{"skX":1.72,"skY":1.72,"x":25.99},"parent":"Ear_L","name":"Ear_L2"},{"length":23,"transform":{"y":-0.04,"skX":-1.66,"skY":-1.66,"x":28.56},"parent":"Ear_R","name":"Ear_R2"},{"length":11,"transform":{"skX":-14.33,"skY":-14.33,"x":17.34},"parent":"Arm_R","name":"Hand_R"},{"length":8,"transform":{"y":0.35,"skX":-11.97,"skY":-11.97,"x":14.91},"parent":"Arm_L","name":"Hand_L"},{"length":21,"transform":{"skX":9.87,"skY":9.87,"x":26.43},"parent":"Ear_L2","name":"Ear_L3"},{"length":27,"transform":{"skX":-7.69,"skY":-7.69,"x":23.07},"parent":"Ear_R2","name":"Ear_R3"}],"type":"Armature","frameRate":30,"animation":[{"bone":[{"frame":[{"transform":{},"duration":40},{"transform":{},"duration":0}],"name":"Fuji"},{"frame":[{"curve":[0.25,0,0.75,1],"transform":{},"duration":20},{"curve":[0.25,0,0.75,1],"transform":{"y":1.67,"skX":0.56,"skY":0.56,"x":-1.79},"duration":20},{"transform":{},"duration":0}],"name":"bip"},{"frame":[{"curve":[0.25,0,0.75,1],"transform":{},"duration":20},{"curve":[0.25,0,0.75,1],"transform":{"skX":4.32,"skY":4.32},"duration":20},{"transform":{},"duration":0}],"name":"Body"},{"frame":[{"curve":[0.25,0,0.75,1],"transform":{},"duration":20},{"curve":[0.25,0,0.75,1],"transform":{"skX":-7.38,"skY":-7.38},"duration":20},{"transform":{},"duration":0}],"name":"spine"},{"frame":[{"curve":[0.25,0,0.75,1],"transform":{},"duration":20},{"curve":[0.25,0,0.75,1],"transform":{"skX":4.07,"skY":4.07},"duration":20},{"transform":{},"duration":0}],"name":"Head"},{"frame":[{"curve":[0.25,0,0.75,1],"transform":{},"duration":20},{"curve":[0.25,0,0.75,1],"transform":{"skX":-11.11,"skY":-11.11},"duration":20},{"transform":{},"duration":0}],"name":"Ear_R"},{"frame":[{"curve":[0.25,0,0.75,1],"transform":{},"duration":20},{"curve":[0.25,0,0.75,1],"transform":{"skX":-11.11,"skY":-11.11},"duration":20},{"transform":{},"duration":0}],"name":"Ear_R2"},{"frame":[{"curve":[0.25,0,0.75,1],"transform":{},"duration":20},{"curve":[0.25,0,0.75,1],"transform":{"skX":18.41,"skY":18.41},"duration":20},{"transform":{},"duration":0}],"name":"Ear_L"},{"frame":[{"curve":[0.25,0,0.75,1],"transform":{},"duration":20},{"curve":[0.25,0,0.75,1],"transform":{"skX":10.9,"skY":10.9},"duration":20},{"transform":{},"duration":0}],"name":"Ear_L2"},{"frame":[{"transform":{},"duration":40},{"transform":{},"duration":0}],"name":"UpArm_R"},{"frame":[{"transform":{},"duration":40},{"transform":{},"duration":0}],"name":"Arm_R"},{"frame":[{"transform":{},"duration":40},{"transform":{},"duration":0}],"name":"Hand_R"},{"frame":[{"transform":{},"duration":40},{"transform":{},"duration":0}],"name":"UpArm_L"},{"frame":[{"transform":{},"duration":40},{"transform":{},"duration":0}],"name":"Arm_L"},{"frame":[{"transform":{},"duration":40},{"transform":{},"duration":0}],"name":"Hand_L"},{"frame":[{"transform":{},"duration":40},{"transform":{},"duration":0}],"name":"Thigh_R"},{"frame":[{"transform":{},"duration":40},{"transform":{},"duration":0}],"name":"Leg_R"},{"frame":[{"transform":{},"duration":40},{"transform":{},"duration":0}],"name":"Foot_R"},{"frame":[{"transform":{},"duration":40},{"transform":{},"duration":0}],"name":"Thigh_L"},{"frame":[{"transform":{},"duration":40},{"transform":{},"duration":0}],"name":"Leg_L"},{"frame":[{"transform":{},"duration":40},{"transform":{},"duration":0}],"name":"Foot_L"},{"frame":[{"curve":[0.25,0,0.75,1],"transform":{},"duration":20},{"curve":[0.25,0,0.75,1],"transform":{"skX":-7.56,"skY":-7.56},"duration":20},{"transform":{},"duration":0}],"name":"Tail"},{"frame":[{"curve":[0.25,0,0.75,1],"transform":{},"duration":20},{"curve":[0.25,0,0.75,1],"transform":{"skX":-8.47,"skY":-8.47},"duration":20},{"transform":{},"duration":0}],"name":"Tail2"},{"frame":[{"curve":[0.25,0,0.75,1],"transform":{},"duration":20},{"curve":[0.25,0,0.75,1],"transform":{"skX":-18.67,"skY":-18.67},"duration":20},{"transform":{},"duration":0}],"name":"Tail3"},{"frame":[{"transform":{},"duration":40},{"transform":{},"duration":0}],"name":"hand_l"},{"frame":[{"transform":{},"duration":40},{"transform":{},"duration":0}],"name":"leg_r"},{"frame":[{"transform":{},"duration":40},{"transform":{},"duration":0}],"name":"leg_l"},{"frame":[{"transform":{},"duration":40},{"transform":{},"duration":0}],"name":"arm_l"},{"frame":[{"transform":{},"duration":40},{"transform":{},"duration":0}],"name":"foot_l"},{"frame":[{"transform":{},"duration":40},{"transform":{},"duration":0}],"name":"arm_r"},{"frame":[{"transform":{},"duration":40},{"transform":{},"duration":0}],"name":"foot_r"},{"frame":[{"curve":[0.25,0,0.75,1],"transform":{},"duration":20},{"curve":[0.25,0,0.75,1],"transform":{"scY":1.141,"y":5.72,"skX":-0.74,"skY":-0.74,"scX":1.141,"x":-2.69},"duration":20},{"transform":{},"duration":0}],"name":"belly"},{"frame":[{"transform":{},"duration":40}],"name":"root"},{"frame":[{"transform":{},"duration":40}],"name":"buff_flo"},{"frame":[{"transform":{},"duration":40}],"name":"buff_up"},{"frame":[{"transform":{},"duration":40}],"name":"buff_mid"},{"frame":[{"transform":{},"duration":40}],"name":"hand_l1"},{"frame":[{"transform":{},"duration":40}],"name":"Ear_L3"},{"frame":[{"transform":{},"duration":40}],"name":"Ear_R3"}],"slot":[{"frame":[{"displayIndex":-1,"tweenEasing":0,"duration":40},{"displayIndex":-1,"tweenEasing":null,"duration":0}],"name":"Eye"}],"ffd":[],"frame":[],"name":"0000_daiji","duration":40,"ik":[]},{"bone":[{"frame":[{"transform":{},"duration":32},{"transform":{},"duration":0}],"name":"Fuji"},{"frame":[{"curve":[0.25,0,0.75,1],"transform":{"y":-2},"duration":4},{"curve":[0.25,0,0.75,1],"transform":{"y":-5.4},"duration":4},{"curve":[0.25,0,0.75,1],"transform":{"y":-16.33,"skX":3.07,"skY":3.07},"duration":4},{"curve":[0.25,0,0.75,1],"transform":{"y":-5.08,"skX":3.07,"skY":3.07},"duration":4},{"curve":[0.25,0,0.75,1],"transform":{"y":-2},"duration":4},{"curve":[0.25,0,0.75,1],"transform":{"y":-5.4},"duration":4},{"curve":[0.25,0,0.75,1],"transform":{"y":-16.33,"skX":3.07,"skY":3.07},"duration":4},{"curve":[0.25,0,0.75,1],"transform":{"y":-5.08,"skX":3.07,"skY":3.07},"duration":4},{"transform":{"y":-2},"duration":0}],"name":"bip"},{"frame":[{"curve":[0.25,0,0.75,1],"transform":{"skX":5.23,"skY":5.23},"duration":4},{"curve":[0.25,0,0.75,1],"transform":{"skX":7.44,"skY":7.44},"duration":4},{"curve":[0.25,0,0.75,1],"transform":{"skX":-3.27,"skY":-3.27},"duration":4},{"curve":[0.25,0,0.75,1],"transform":{"skX":-5.53,"skY":-5.53},"duration":4},{"curve":[0.25,0,0.75,1],"transform":{"skX":5.23,"skY":5.23},"duration":4},{"curve":[0.25,0,0.75,1],"transform":{"skX":7.44,"skY":7.44},"duration":4},{"curve":[0.25,0,0.75,1],"transform":{"skX":-3.27,"skY":-3.27},"duration":4},{"curve":[0.25,0,0.75,1],"transform":{"skX":-5.53,"skY":-5.53},"duration":4},{"transform":{"skX":5.23,"skY":5.23},"duration":0}],"name":"Body"},{"frame":[{"curve":[0.25,0,0.75,1],"transform":{"skX":-5.05,"skY":-5.05},"duration":2},{"curve":[0.25,0,0.75,1],"transform":{"skX":-3.74,"skY":-3.74},"duration":2},{"curve":[0.25,0,0.75,1],"transform":{"skX":-5.04,"skY":-5.04},"duration":2},{"curve":[0.25,0,0.75,1],"transform":{"skX":4.8,"skY":4.8},"duration":2},{"curve":[0.25,0,0.75,1],"transform":{"skX":13.58,"skY":13.58},"duration":2},{"curve":[0.25,0,0.75,1],"transform":{"skX":10.88,"skY":10.88},"duration":2},{"curve":[0.25,0,0.75,1],"transform":{"skX":6.74,"skY":6.74},"duration":2},{"curve":[0.25,0,0.75,1],"transform":{"skX":-0.34,"skY":-0.34},"duration":2},{"curve":[0.25,0,0.75,1],"transform":{"skX":-5.05,"skY":-5.05},"duration":2},{"curve":[0.25,0,0.75,1],"transform":{"skX":-3.74,"skY":-3.74},"duration":2},{"curve":[0.25,0,0.75,1],"transform":{"skX":-5.04,"skY":-5.04},"duration":2},{"curve":[0.25,0,0.75,1],"transform":{"skX":4.8,"skY":4.8},"duration":2},{"curve":[0.25,0,0.75,1],"transform":{"skX":13.58,"skY":13.58},"duration":2},{"curve":[0.25,0,0.75,1],"transform":{"skX":10.88,"skY":10.88},"duration":2},{"curve":[0.25,0,0.75,1],"transform":{"skX":6.74,"skY":6.74},"duration":2},{"curve":[0.25,0,0.75,1],"transform":{"skX":-0.34,"skY":-0.34},"duration":2},{"transform":{"skX":-5.05,"skY":-5.05},"duration":0}],"name":"spine"},{"frame":[{"curve":[0.25,0,0.75,1],"transform":{"skX":1.19,"skY":1.19},"duration":2},{"curve":[0.25,0,0.75,1],"transform":{"skX":-0.5,"skY":-0.5},"duration":2},{"curve":[0.25,0,0.75,1],"transform":{"skX":-0.65,"skY":-0.65},"duration":2},{"curve":[0.25,0,0.75,1],"transform":{"skX":-3.98,"skY":-3.98},"duration":2},{"curve":[0.25,0,0.75,1],"transform":{"skX":-0.74,"skY":-0.74},"duration":2},{"curve":[0.25,0,0.75,1],"transform":{"skX":3.79,"skY":3.79},"duration":2},{"curve":[0.25,0,0.75,1],"transform":{"skX":1.59,"skY":1.59},"duration":2},{"curve":[0.25,0,0.75,1],"transform":{"skX":1.59,"skY":1.59},"duration":2},{"curve":[0.25,0,0.75,1],"transform":{"skX":1.19,"skY":1.19},"duration":2},{"curve":[0.25,0,0.75,1],"transform":{"skX":-0.5,"skY":-0.5},"duration":2},{"curve":[0.25,0,0.75,1],"transform":{"skX":-0.65,"skY":-0.65},"duration":2},{"curve":[0.25,0,0.75,1],"transform":{"skX":-3.98,"skY":-3.98},"duration":2},{"curve":[0.25,0,0.75,1],"transform":{"skX":-0.74,"skY":-0.74},"duration":2},{"curve":[0.25,0,0.75,1],"transform":{"skX":3.79,"skY":3.79},"duration":2},{"curve":[0.25,0,0.75,1],"transform":{"skX":1.59,"skY":1.59},"duration":2},{"curve":[0.25,0,0.75,1],"transform":{"skX":1.59,"skY":1.59},"duration":2},{"transform":{"skX":1.19,"skY":1.19},"duration":0}],"name":"Head"},{"frame":[{"curve":[0.25,0,0.75,1],"transform":{},"duration":8},{"curve":[0.25,0,0.75,1],"transform":{"skX":-9.12,"skY":-9.12},"duration":8},{"curve":[0.25,0,0.75,1],"transform":{},"duration":8},{"curve":[0.25,0,0.75,1],"transform":{"skX":-9.12,"skY":-9.12},"duration":8},{"transform":{},"duration":0}],"name":"Ear_R"},{"frame":[{"curve":[0.25,0,0.75,1],"transform":{},"duration":8},{"curve":[0.25,0,0.75,1],"transform":{"skX":-12.88,"skY":-12.88},"duration":8},{"curve":[0.25,0,0.75,1],"transform":{},"duration":8},{"curve":[0.25,0,0.75,1],"transform":{"skX":-12.88,"skY":-12.88},"duration":8},{"transform":{},"duration":0}],"name":"Ear_R2"},{"frame":[{"curve":[0.25,0,0.75,1],"transform":{},"duration":8},{"curve":[0.25,0,0.75,1],"transform":{"skX":8.87,"skY":8.87},"duration":8},{"curve":[0.25,0,0.75,1],"transform":{},"duration":8},{"curve":[0.25,0,0.75,1],"transform":{"skX":8.87,"skY":8.87},"duration":8},{"transform":{},"duration":0}],"name":"Ear_L"},{"frame":[{"curve":[0.25,0,0.75,1],"transform":{},"duration":8},{"curve":[0.25,0,0.75,1],"transform":{"skX":11.94,"skY":11.94},"duration":8},{"curve":[0.25,0,0.75,1],"transform":{},"duration":8},{"curve":[0.25,0,0.75,1],"transform":{"skX":11.94,"skY":11.94},"duration":8},{"transform":{},"duration":0}],"name":"Ear_L2"},{"frame":[{"curve":[0.25,0,0.75,1],"transform":{"skX":-44.14,"skY":-44.14,"scX":1.006},"duration":2},{"curve":[0.25,0,0.75,1],"transform":{"skX":-22.39,"skY":-22.39,"scX":0.886},"duration":2},{"curve":[0.25,0,0.75,1],"transform":{"skX":-2.54,"skY":-2.54,"scX":0.853},"duration":1},{"curve":[0.25,0,0.75,1],"transform":{"skX":9.96,"skY":9.96,"scX":0.853},"duration":1},{"curve":[0.25,0,0.75,1],"transform":{"skX":8.41,"skY":8.41,"scX":1.008},"duration":2},{"curve":[0.25,0,0.75,1],"transform":{"scY":0.983,"skX":27.61,"skY":27.61,"scX":1.051},"duration":1},{"curve":[0.25,0,0.75,1],"transform":{"scY":0.983,"skX":18.4,"skY":18.4,"scX":1.051},"duration":1},{"curve":[0.25,0,0.75,1],"transform":{"scY":0.987,"skX":19.21,"skY":19.21,"scX":1.011},"duration":2},{"curve":[0.25,0,0.75,1],"transform":{"scY":0.991,"skX":-15.86,"skY":-15.86,"scX":0.903},"duration":2},{"curve":[0.25,0,0.75,1],"transform":{"scY":0.995,"skX":-50.25,"skY":-50.25,"scX":1.002},"duration":2},{"curve":[0.25,0,0.75,1],"transform":{"skX":-44.14,"skY":-44.14,"scX":1.006},"duration":2},{"curve":[0.25,0,0.75,1],"transform":{"skX":-22.39,"skY":-22.39,"scX":0.886},"duration":2},{"curve":[0.25,0,0.75,1],"transform":{"skX":-2.54,"skY":-2.54,"scX":0.853},"duration":1},{"curve":[0.25,0,0.75,1],"transform":{"skX":9.96,"skY":9.96,"scX":0.853},"duration":1},{"curve":[0.25,0,0.75,1],"transform":{"skX":8.41,"skY":8.41,"scX":1.008},"duration":2},{"curve":[0.25,0,0.75,1],"transform":{"scY":0.983,"skX":27.61,"skY":27.61,"scX":1.051},"duration":1},{"curve":[0.25,0,0.75,1],"transform":{"scY":0.983,"skX":18.4,"skY":18.4,"scX":1.051},"duration":1},{"curve":[0.25,0,0.75,1],"transform":{"scY":0.987,"skX":19.21,"skY":19.21,"scX":1.011},"duration":2},{"curve":[0.25,0,0.75,1],"transform":{"scY":0.991,"skX":-15.86,"skY":-15.86,"scX":0.903},"duration":2},{"curve":[0.25,0,0.75,1],"transform":{"scY":0.995,"skX":-50.25,"skY":-50.25,"scX":1.002},"duration":2},{"transform":{"skX":-44.14,"skY":-44.14,"scX":1.006},"duration":0}],"name":"UpArm_R"},{"frame":[{"curve":[0.25,0,0.75,1],"transform":{"skX":20.1,"skY":20.1},"duration":1},{"curve":[0.25,0,0.75,1],"transform":{"skX":13.82,"skY":13.82},"duration":1},{"curve":[0.25,0,0.75,1],"transform":{"skX":2.61,"skY":2.61},"duration":2},{"curve":[0.25,0,0.75,1],"transform":{"skX":3.26,"skY":3.26},"duration":1},{"curve":[0.25,0,0.75,1],"transform":{"skX":1.54,"skY":1.54},"duration":1},{"curve":[0.25,0,0.75,1],"transform":{"skX":16.09,"skY":16.09},"duration":1},{"curve":[0.25,0,0.75,1],"transform":{"skX":17.87,"skY":17.87},"duration":1},{"curve":[0.25,0,0.75,1],"transform":{"skX":28.85,"skY":28.85},"duration":1},{"curve":[0.25,0,0.75,1],"transform":{"skX":27.33,"skY":27.33},"duration":1},{"curve":[0.25,0,0.75,1],"transform":{"skX":-3.16,"skY":-3.16},"duration":2},{"curve":[0.25,0,0.75,1],"transform":{"skX":-27.39,"skY":-27.39},"duration":2},{"curve":[0.25,0,0.75,1],"transform":{"skX":5.8,"skY":5.8},"duration":2},{"curve":[0.25,0,0.75,1],"transform":{"skX":20.1,"skY":20.1},"duration":1},{"curve":[0.25,0,0.75,1],"transform":{"skX":13.82,"skY":13.82},"duration":1},{"curve":[0.25,0,0.75,1],"transform":{"skX":2.61,"skY":2.61},"duration":2},{"curve":[0.25,0,0.75,1],"transform":{"skX":3.26,"skY":3.26},"duration":1},{"curve":[0.25,0,0.75,1],"transform":{"skX":1.54,"skY":1.54},"duration":1},{"curve":[0.25,0,0.75,1],"transform":{"skX":16.09,"skY":16.09},"duration":1},{"curve":[0.25,0,0.75,1],"transform":{"skX":17.87,"skY":17.87},"duration":1},{"curve":[0.25,0,0.75,1],"transform":{"skX":28.85,"skY":28.85},"duration":1},{"curve":[0.25,0,0.75,1],"transform":{"skX":27.33,"skY":27.33},"duration":1},{"curve":[0.25,0,0.75,1],"transform":{"skX":-3.16,"skY":-3.16},"duration":2},{"curve":[0.25,0,0.75,1],"transform":{"skX":-27.39,"skY":-27.39},"duration":2},{"curve":[0.25,0,0.75,1],"transform":{"skX":5.8,"skY":5.8},"duration":2},{"transform":{"skX":20.1,"skY":20.1},"duration":0}],"name":"Arm_R"},{"frame":[{"curve":[0.25,0,0.75,1],"transform":{"skX":14.32,"skY":14.32},"duration":1},{"curve":[0.25,0,0.75,1],"transform":{"skX":21.08,"skY":21.08},"duration":1},{"curve":[0.25,0,0.75,1],"transform":{"skX":17.99,"skY":17.99},"duration":2},{"curve":[0.25,0,0.75,1],"transform":{"skX":-8.64,"skY":-8.64},"duration":1},{"curve":[0.25,0,0.75,1],"transform":{"skX":-20.74,"skY":-20.74},"duration":1},{"curve":[0.25,0,0.75,1],"transform":{"skX":-33.02,"skY":-33.02},"duration":1},{"curve":[0.25,0,0.75,1],"transform":{"skX":-0.36,"skY":-0.36},"duration":1},{"curve":[0.25,0,0.75,1],"transform":{"skX":48.18,"skY":48.18},"duration":1},{"curve":[0.25,0,0.75,1],"transform":{"skX":39.93,"skY":39.93},"duration":1},{"curve":[0.25,0,0.75,1],"transform":{"skX":55.97,"skY":55.97},"duration":2},{"curve":[0.25,0,0.75,1],"transform":{"skX":56.98,"skY":56.98},"duration":2},{"curve":[0.25,0,0.75,1],"transform":{"skX":20.99,"skY":20.99},"duration":2},{"curve":[0.25,0,0.75,1],"transform":{"skX":14.32,"skY":14.32},"duration":1},{"curve":[0.25,0,0.75,1],"transform":{"skX":21.08,"skY":21.08},"duration":1},{"curve":[0.25,0,0.75,1],"transform":{"skX":17.99,"skY":17.99},"duration":2},{"curve":[0.25,0,0.75,1],"transform":{"skX":-8.64,"skY":-8.64},"duration":1},{"curve":[0.25,0,0.75,1],"transform":{"skX":-20.74,"skY":-20.74},"duration":1},{"curve":[0.25,0,0.75,1],"transform":{"skX":-33.02,"skY":-33.02},"duration":1},{"curve":[0.25,0,0.75,1],"transform":{"skX":-0.36,"skY":-0.36},"duration":1},{"curve":[0.25,0,0.75,1],"transform":{"skX":48.18,"skY":48.18},"duration":1},{"curve":[0.25,0,0.75,1],"transform":{"skX":39.93,"skY":39.93},"duration":1},{"curve":[0.25,0,0.75,1],"transform":{"skX":55.97,"skY":55.97},"duration":2},{"curve":[0.25,0,0.75,1],"transform":{"skX":56.98,"skY":56.98},"duration":2},{"curve":[0.25,0,0.75,1],"transform":{"skX":20.99,"skY":20.99},"duration":2},{"transform":{"skX":14.32,"skY":14.32},"duration":0}],"name":"Hand_R"},{"frame":[{"curve":[0.25,0,0.75,1],"transform":{"skX":31.2,"skY":31.2,"scX":0.845},"duration":1},{"curve":[0.25,0,0.75,1],"transform":{"skX":-7.32,"skY":-7.32,"scX":0.739},"duration":1},{"curve":[0.25,0,0.75,1],"transform":{"skX":-27.78,"skY":-27.78,"scX":0.735},"duration":1},{"curve":[0.25,0,0.75,1],"transform":{"skX":-43.83,"skY":-43.83,"scX":1.005},"duration":1},{"curve":[0.25,0,0.75,1],"transform":{"skX":-29.44,"skY":-29.44,"scX":1.075},"duration":1},{"curve":[0.25,0,0.75,1],"transform":{"skX":-22.58,"skY":-22.58,"scX":0.975},"duration":1},{"curve":[0.25,0,0.75,1],"transform":{"skX":-19.84,"skY":-19.84,"scX":1.009},"duration":1},{"curve":[0.25,0,0.75,1],"transform":{"skX":-3.86,"skY":-3.86,"scX":1.016},"duration":1},{"curve":[0.25,0,0.75,1],"transform":{"skX":3.15,"skY":3.15,"scX":1.056},"duration":1},{"curve":[0.25,0,0.75,1],"transform":{"skX":10.48,"skY":10.48,"scX":1.076},"duration":1},{"curve":[0.25,0,0.75,1],"transform":{"skX":24.41,"skY":24.41,"scX":1.155},"duration":1},{"curve":[0.25,0,0.75,1],"transform":{"skX":32.42,"skY":32.42,"scX":1.173},"duration":1},{"curve":[0.25,0,0.75,1],"transform":{"skX":33.31,"skY":33.31,"scX":1.122},"duration":1},{"curve":[0.25,0,0.75,1],"transform":{"skX":39.16,"skY":39.16,"scX":1.122},"duration":1},{"curve":[0.25,0,0.75,1],"transform":{"skX":41.5,"skY":41.5,"scX":1.122},"duration":1},{"curve":[0.25,0,0.75,1],"transform":{"skX":31.67,"skY":31.67,"scX":0.909},"duration":1},{"curve":[0.25,0,0.75,1],"transform":{"skX":31.2,"skY":31.2,"scX":0.845},"duration":1},{"curve":[0.25,0,0.75,1],"transform":{"skX":-7.32,"skY":-7.32,"scX":0.739},"duration":1},{"curve":[0.25,0,0.75,1],"transform":{"skX":-27.78,"skY":-27.78,"scX":0.735},"duration":1},{"curve":[0.25,0,0.75,1],"transform":{"skX":-43.83,"skY":-43.83,"scX":1.005},"duration":1},{"curve":[0.25,0,0.75,1],"transform":{"skX":-29.44,"skY":-29.44,"scX":1.075},"duration":1},{"curve":[0.25,0,0.75,1],"transform":{"skX":-22.58,"skY":-22.58,"scX":0.975},"duration":1},{"curve":[0.25,0,0.75,1],"transform":{"skX":-19.84,"skY":-19.84,"scX":1.009},"duration":1},{"curve":[0.25,0,0.75,1],"transform":{"skX":-3.86,"skY":-3.86,"scX":1.016},"duration":1},{"curve":[0.25,0,0.75,1],"transform":{"skX":3.15,"skY":3.15,"scX":1.056},"duration":1},{"curve":[0.25,0,0.75,1],"transform":{"skX":10.48,"skY":10.48,"scX":1.076},"duration":1},{"curve":[0.25,0,0.75,1],"transform":{"skX":24.41,"skY":24.41,"scX":1.155},"duration":1},{"curve":[0.25,0,0.75,1],"transform":{"skX":32.42,"skY":32.42,"scX":1.173},"duration":1},{"curve":[0.25,0,0.75,1],"transform":{"skX":33.31,"skY":33.31,"scX":1.122},"duration":1},{"curve":[0.25,0,0.75,1],"transform":{"skX":39.16,"skY":39.16,"scX":1.122},"duration":1},{"curve":[0.25,0,0.75,1],"transform":{"skX":41.5,"skY":41.5,"scX":1.122},"duration":1},{"curve":[0.25,0,0.75,1],"transform":{"skX":31.67,"skY":31.67,"scX":0.909},"duration":1},{"transform":{"skX":31.2,"skY":31.2,"scX":0.845},"duration":0}],"name":"UpArm_L"},{"frame":[{"curve":[0.25,0,0.75,1],"transform":{"skX":-6.67,"skY":-6.67},"duration":1},{"curve":[0.25,0,0.75,1],"transform":{"skX":22.29,"skY":22.29},"duration":1},{"curve":[0.25,0,0.75,1],"transform":{"skX":5.86,"skY":5.86},"duration":1},{"curve":[0.25,0,0.75,1],"transform":{"skX":-10.84,"skY":-10.84},"duration":1},{"curve":[0.25,0,0.75,1],"transform":{"skX":-10.97,"skY":-10.97},"duration":1},{"curve":[0.25,0,0.75,1],"transform":{"skX":-7.08,"skY":-7.08},"duration":1},{"curve":[0.25,0,0.75,1],"transform":{"skX":0.73,"skY":0.73},"duration":1},{"curve":[0.25,0,0.75,1],"transform":{"skX":2.82,"skY":2.82},"duration":1},{"curve":[0.25,0,0.75,1],"transform":{"skX":5.82,"skY":5.82},"duration":1},{"curve":[0.25,0,0.75,1],"transform":{"skX":10.14,"skY":10.14},"duration":1},{"curve":[0.25,0,0.75,1],"transform":{"skX":8.47,"skY":8.47},"duration":1},{"curve":[0.25,0,0.75,1],"transform":{"skX":19.98,"skY":19.98},"duration":1},{"curve":[0.25,0,0.75,1],"transform":{"skX":31.77,"skY":31.77},"duration":1},{"curve":[0.25,0,0.75,1],"transform":{"skX":15.25,"skY":15.25},"duration":1},{"curve":[0.25,0,0.75,1],"transform":{"skX":11.23,"skY":11.23},"duration":1},{"curve":[0.25,0,0.75,1],"transform":{"skX":3.12,"skY":3.12},"duration":1},{"curve":[0.25,0,0.75,1],"transform":{"skX":-6.67,"skY":-6.67},"duration":1},{"curve":[0.25,0,0.75,1],"transform":{"skX":22.29,"skY":22.29},"duration":1},{"curve":[0.25,0,0.75,1],"transform":{"skX":5.86,"skY":5.86},"duration":1},{"curve":[0.25,0,0.75,1],"transform":{"skX":-10.84,"skY":-10.84},"duration":1},{"curve":[0.25,0,0.75,1],"transform":{"skX":-10.97,"skY":-10.97},"duration":1},{"curve":[0.25,0,0.75,1],"transform":{"skX":-7.08,"skY":-7.08},"duration":1},{"curve":[0.25,0,0.75,1],"transform":{"skX":0.73,"skY":0.73},"duration":1},{"curve":[0.25,0,0.75,1],"transform":{"skX":2.82,"skY":2.82},"duration":1},{"curve":[0.25,0,0.75,1],"transform":{"skX":5.82,"skY":5.82},"duration":1},{"curve":[0.25,0,0.75,1],"transform":{"skX":10.14,"skY":10.14},"duration":1},{"curve":[0.25,0,0.75,1],"transform":{"skX":8.47,"skY":8.47},"duration":1},{"curve":[0.25,0,0.75,1],"transform":{"skX":19.98,"skY":19.98},"duration":1},{"curve":[0.25,0,0.75,1],"transform":{"skX":31.77,"skY":31.77},"duration":1},{"curve":[0.25,0,0.75,1],"transform":{"skX":15.25,"skY":15.25},"duration":1},{"curve":[0.25,0,0.75,1],"transform":{"skX":11.23,"skY":11.23},"duration":1},{"curve":[0.25,0,0.75,1],"transform":{"skX":3.12,"skY":3.12},"duration":1},{"transform":{"skX":-6.67,"skY":-6.67},"duration":0}],"name":"Arm_L"},{"frame":[{"curve":[0.25,0,0.75,1],"transform":{"skX":-2.03,"skY":-2.03},"duration":1},{"curve":[0.25,0,0.75,1],"transform":{"skX":22.86,"skY":22.86},"duration":1},{"curve":[0.25,0,0.75,1],"transform":{"skX":30.57,"skY":30.57},"duration":1},{"curve":[0.25,0,0.75,1],"transform":{"skX":2.25,"skY":2.25},"duration":1},{"curve":[0.25,0,0.75,1],"transform":{"skX":31.88,"skY":31.88},"duration":1},{"curve":[0.25,0,0.75,1],"transform":{"skX":20.19,"skY":20.19},"duration":1},{"curve":[0.25,0,0.75,1],"transform":{"skX":7.29,"skY":7.29},"duration":1},{"curve":[0.25,0,0.75,1],"transform":{"skX":-7.74,"skY":-7.74},"duration":1},{"curve":[0.25,0,0.75,1],"transform":{"skX":-20.97,"skY":-20.97},"duration":1},{"curve":[0.25,0,0.75,1],"transform":{"skX":-31.47,"skY":-31.47},"duration":1},{"curve":[0.25,0,0.75,1],"transform":{"skX":-36.36,"skY":-36.36},"duration":1},{"curve":[0.25,0,0.75,1],"transform":{"skX":-34.73,"skY":-34.73},"duration":1},{"curve":[0.25,0,0.75,1],"transform":{"skX":-12.55,"skY":-12.55},"duration":1},{"curve":[0.25,0,0.75,1],"transform":{"skX":11.56,"skY":11.56},"duration":1},{"curve":[0.25,0,0.75,1],"transform":{"skX":4.8,"skY":4.8},"duration":1},{"curve":[0.25,0,0.75,1],"transform":{"skX":-6.15,"skY":-6.15},"duration":1},{"curve":[0.25,0,0.75,1],"transform":{"skX":-2.03,"skY":-2.03},"duration":1},{"curve":[0.25,0,0.75,1],"transform":{"skX":22.86,"skY":22.86},"duration":1},{"curve":[0.25,0,0.75,1],"transform":{"skX":30.57,"skY":30.57},"duration":1},{"curve":[0.25,0,0.75,1],"transform":{"skX":2.25,"skY":2.25},"duration":1},{"curve":[0.25,0,0.75,1],"transform":{"skX":31.88,"skY":31.88},"duration":1},{"curve":[0.25,0,0.75,1],"transform":{"skX":20.19,"skY":20.19},"duration":1},{"curve":[0.25,0,0.75,1],"transform":{"skX":7.29,"skY":7.29},"duration":1},{"curve":[0.25,0,0.75,1],"transform":{"skX":-7.74,"skY":-7.74},"duration":1},{"curve":[0.25,0,0.75,1],"transform":{"skX":-20.97,"skY":-20.97},"duration":1},{"curve":[0.25,0,0.75,1],"transform":{"skX":-31.47,"skY":-31.47},"duration":1},{"curve":[0.25,0,0.75,1],"transform":{"skX":-36.36,"skY":-36.36},"duration":1},{"curve":[0.25,0,0.75,1],"transform":{"skX":-34.73,"skY":-34.73},"duration":1},{"curve":[0.25,0,0.75,1],"transform":{"skX":-12.55,"skY":-12.55},"duration":1},{"curve":[0.25,0,0.75,1],"transform":{"skX":11.56,"skY":11.56},"duration":1},{"curve":[0.25,0,0.75,1],"transform":{"skX":4.8,"skY":4.8},"duration":1},{"curve":[0.25,0,0.75,1],"transform":{"skX":-6.15,"skY":-6.15},"duration":1},{"transform":{"skX":-2.03,"skY":-2.03},"duration":0}],"name":"Hand_L"},{"frame":[{"curve":[0.25,0,0.75,1],"transform":{},"duration":2},{"curve":[0.25,0,0.75,1],"transform":{"skX":12.55,"skY":12.55},"duration":2},{"curve":[0.25,0,0.75,1],"transform":{"scY":0.982,"skX":21.23,"skY":21.23,"scX":1.029},"duration":2},{"curve":[0.25,0,0.75,1],"transform":{"scY":0.991,"skX":40.16,"skY":40.16,"scX":1.049},"duration":2},{"curve":[0.25,0,0.75,1],"transform":{"skX":28.29,"skY":28.29,"scX":0.998},"duration":2},{"curve":[0.25,0,0.75,1],"transform":{"skX":-6.58,"skY":-6.58,"scX":0.933},"duration":2},{"curve":[0.25,0,0.75,1],"transform":{"skX":-52.8,"skY":-52.8,"scX":1.055},"duration":2},{"curve":[0.25,0,0.75,1],"transform":{"skX":-37.7,"skY":-37.7,"scX":1.002},"duration":1},{"curve":[0.25,0,0.75,1],"transform":{"skX":-16.92,"skY":-16.92,"scX":0.983},"duration":1},{"curve":[0.25,0,0.75,1],"transform":{},"duration":2},{"curve":[0.25,0,0.75,1],"transform":{"skX":12.55,"skY":12.55},"duration":2},{"curve":[0.25,0,0.75,1],"transform":{"scY":0.982,"skX":21.23,"skY":21.23,"scX":1.029},"duration":2},{"curve":[0.25,0,0.75,1],"transform":{"scY":0.991,"skX":40.16,"skY":40.16,"scX":1.049},"duration":2},{"curve":[0.25,0,0.75,1],"transform":{"skX":28.29,"skY":28.29,"scX":0.998},"duration":2},{"curve":[0.25,0,0.75,1],"transform":{"skX":-6.58,"skY":-6.58,"scX":0.933},"duration":2},{"curve":[0.25,0,0.75,1],"transform":{"skX":-52.8,"skY":-52.8,"scX":1.055},"duration":2},{"curve":[0.25,0,0.75,1],"transform":{"skX":-37.7,"skY":-37.7,"scX":1.002},"duration":1},{"curve":[0.25,0,0.75,1],"transform":{"skX":-16.92,"skY":-16.92,"scX":0.983},"duration":1},{"transform":{},"duration":0}],"name":"Thigh_R"},{"frame":[{"curve":[0.25,0,0.75,1],"transform":{"skX":17.94,"skY":17.94},"duration":2},{"curve":[0.25,0,0.75,1],"transform":{"skX":39.34,"skY":39.34},"duration":2},{"curve":[0.25,0,0.75,1],"transform":{"skX":33.69,"skY":33.69},"duration":2},{"curve":[0.25,0,0.75,1],"transform":{"skX":6.46,"skY":6.46},"duration":2},{"curve":[0.25,0,0.75,1],"transform":{"skX":-5.49,"skY":-5.49},"duration":2},{"curve":[0.25,0,0.75,1],"transform":{"skX":-6.75,"skY":-6.75},"duration":2},{"curve":[0.25,0,0.75,1],"transform":{"skX":-5.35,"skY":-5.35},"duration":2},{"curve":[0.25,0,0.75,1],"transform":{"skX":29.47,"skY":29.47},"duration":1},{"curve":[0.25,0,0.75,1],"transform":{"skX":17.36,"skY":17.36},"duration":1},{"curve":[0.25,0,0.75,1],"transform":{"skX":17.94,"skY":17.94},"duration":2},{"curve":[0.25,0,0.75,1],"transform":{"skX":39.34,"skY":39.34},"duration":2},{"curve":[0.25,0,0.75,1],"transform":{"skX":33.69,"skY":33.69},"duration":2},{"curve":[0.25,0,0.75,1],"transform":{"skX":6.46,"skY":6.46},"duration":2},{"curve":[0.25,0,0.75,1],"transform":{"skX":-5.49,"skY":-5.49},"duration":2},{"curve":[0.25,0,0.75,1],"transform":{"skX":-6.75,"skY":-6.75},"duration":2},{"curve":[0.25,0,0.75,1],"transform":{"skX":-5.35,"skY":-5.35},"duration":2},{"curve":[0.25,0,0.75,1],"transform":{"skX":29.47,"skY":29.47},"duration":1},{"curve":[0.25,0,0.75,1],"transform":{"skX":17.36,"skY":17.36},"duration":1},{"transform":{"skX":17.94,"skY":17.94},"duration":0}],"name":"Leg_R"},{"frame":[{"curve":[0.25,0,0.75,1],"transform":{"skX":-17.42,"skY":-17.42},"duration":2},{"curve":[0.25,0,0.75,1],"transform":{"skX":-26.7,"skY":-26.7},"duration":2},{"curve":[0.25,0,0.75,1],"transform":{"skX":17.3,"skY":17.3},"duration":2},{"curve":[0.25,0,0.75,1],"transform":{"skX":34.76,"skY":34.76},"duration":2},{"curve":[0.25,0,0.75,1],"transform":{"skX":9.22,"skY":9.22},"duration":2},{"curve":[0.25,0,0.75,1],"transform":{"skX":9.62,"skY":9.62},"duration":2},{"curve":[0.25,0,0.75,1],"transform":{"skX":4.45,"skY":4.45},"duration":2},{"curve":[0.25,0,0.75,1],"transform":{"skX":-4.19,"skY":-4.19},"duration":1},{"curve":[0.25,0,0.75,1],"transform":{"skX":-1.94,"skY":-1.94},"duration":1},{"curve":[0.25,0,0.75,1],"transform":{"skX":-17.42,"skY":-17.42},"duration":2},{"curve":[0.25,0,0.75,1],"transform":{"skX":-26.7,"skY":-26.7},"duration":2},{"curve":[0.25,0,0.75,1],"transform":{"skX":17.3,"skY":17.3},"duration":2},{"curve":[0.25,0,0.75,1],"transform":{"skX":34.76,"skY":34.76},"duration":2},{"curve":[0.25,0,0.75,1],"transform":{"skX":9.22,"skY":9.22},"duration":2},{"curve":[0.25,0,0.75,1],"transform":{"skX":9.62,"skY":9.62},"duration":2},{"curve":[0.25,0,0.75,1],"transform":{"skX":4.45,"skY":4.45},"duration":2},{"curve":[0.25,0,0.75,1],"transform":{"skX":-4.19,"skY":-4.19},"duration":1},{"curve":[0.25,0,0.75,1],"transform":{"skX":-1.94,"skY":-1.94},"duration":1},{"transform":{"skX":-17.42,"skY":-17.42},"duration":0}],"name":"Foot_R"},{"frame":[{"curve":[0.25,0,0.75,1],"transform":{"skX":-32.44,"skY":-32.44,"scX":0.953},"duration":2},{"curve":[0.25,0,0.75,1],"transform":{"scY":0.972,"skX":-28.38,"skY":-28.38,"scX":1.062},"duration":2},{"curve":[0.25,0,0.75,1],"transform":{"skX":-7.87,"skY":-7.87,"scX":1.057},"duration":1},{"curve":[0.25,0,0.75,1],"transform":{"skX":-7.87,"skY":-7.87,"scX":1.105},"duration":1},{"curve":[0.25,0,0.75,1],"transform":{"skX":9.38,"skY":9.38,"scX":1.118},"duration":2},{"curve":[0.25,0,0.75,1],"transform":{"skX":29.83,"skY":29.83},"duration":2},{"curve":[0.25,0,0.75,1],"transform":{"skX":6.88,"skY":6.88},"duration":2},{"curve":[0.25,0,0.75,1],"transform":{"skX":-17.41,"skY":-17.41,"scX":0.923},"duration":2},{"curve":[0.25,0,0.75,1],"transform":{"skX":-40.65,"skY":-40.65,"scX":0.956},"duration":2},{"curve":[0.25,0,0.75,1],"transform":{"skX":-32.44,"skY":-32.44,"scX":0.953},"duration":2},{"curve":[0.25,0,0.75,1],"transform":{"scY":0.972,"skX":-28.38,"skY":-28.38,"scX":1.062},"duration":2},{"curve":[0.25,0,0.75,1],"transform":{"skX":-7.87,"skY":-7.87,"scX":1.057},"duration":1},{"curve":[0.25,0,0.75,1],"transform":{"skX":-7.87,"skY":-7.87,"scX":1.105},"duration":1},{"curve":[0.25,0,0.75,1],"transform":{"skX":9.38,"skY":9.38,"scX":1.118},"duration":2},{"curve":[0.25,0,0.75,1],"transform":{"skX":29.83,"skY":29.83},"duration":2},{"curve":[0.25,0,0.75,1],"transform":{"skX":6.88,"skY":6.88},"duration":2},{"curve":[0.25,0,0.75,1],"transform":{"skX":-17.41,"skY":-17.41,"scX":0.923},"duration":2},{"curve":[0.25,0,0.75,1],"transform":{"skX":-40.65,"skY":-40.65,"scX":0.956},"duration":2},{"transform":{"skX":-32.44,"skY":-32.44,"scX":0.953},"duration":0}],"name":"Thigh_L"},{"frame":[{"curve":[0.25,0,0.75,1],"transform":{"skX":4.46,"skY":4.46},"duration":2},{"curve":[0.25,0,0.75,1],"transform":{"skX":18.02,"skY":18.02},"duration":2},{"curve":[0.25,0,0.75,1],"transform":{"skX":26.81,"skY":26.81},"duration":1},{"curve":[0.25,0,0.75,1],"transform":{"skX":30.01,"skY":30.01},"duration":1},{"curve":[0.25,0,0.75,1],"transform":{"skX":39.51,"skY":39.51},"duration":2},{"curve":[0.25,0,0.75,1],"transform":{"skX":17.78,"skY":17.78},"duration":2},{"curve":[0.25,0,0.75,1],"transform":{"skX":39.14,"skY":39.14},"duration":2},{"curve":[0.25,0,0.75,1],"transform":{"skX":1.15,"skY":1.15},"duration":2},{"curve":[0.25,0,0.75,1],"transform":{"skX":-1.82,"skY":-1.82},"duration":2},{"curve":[0.25,0,0.75,1],"transform":{"skX":4.46,"skY":4.46},"duration":2},{"curve":[0.25,0,0.75,1],"transform":{"skX":18.02,"skY":18.02},"duration":2},{"curve":[0.25,0,0.75,1],"transform":{"skX":26.81,"skY":26.81},"duration":1},{"curve":[0.25,0,0.75,1],"transform":{"skX":30.01,"skY":30.01},"duration":1},{"curve":[0.25,0,0.75,1],"transform":{"skX":39.51,"skY":39.51},"duration":2},{"curve":[0.25,0,0.75,1],"transform":{"skX":17.78,"skY":17.78},"duration":2},{"curve":[0.25,0,0.75,1],"transform":{"skX":39.14,"skY":39.14},"duration":2},{"curve":[0.25,0,0.75,1],"transform":{"skX":1.15,"skY":1.15},"duration":2},{"curve":[0.25,0,0.75,1],"transform":{"skX":-1.82,"skY":-1.82},"duration":2},{"transform":{"skX":4.46,"skY":4.46},"duration":0}],"name":"Leg_L"},{"frame":[{"curve":[0.25,0,0.75,1],"transform":{"skX":-0.61,"skY":-0.61},"duration":2},{"curve":[0.25,0,0.75,1],"transform":{"skX":-2.42,"skY":-2.42},"duration":1},{"curve":[0.25,0,0.75,1],"transform":{"skX":-5.43,"skY":-5.43},"duration":1},{"curve":[0.25,0,0.75,1],"transform":{"skX":-20.51,"skY":-20.51},"duration":1},{"curve":[0.25,0,0.75,1],"transform":{"skX":-31.06,"skY":-31.06},"duration":1},{"curve":[0.25,0,0.75,1],"transform":{"skX":-26.8,"skY":-26.8},"duration":2},{"curve":[0.25,0,0.75,1],"transform":{"skX":17.29,"skY":17.29},"duration":2},{"curve":[0.25,0,0.75,1],"transform":{"skX":14.18,"skY":14.18},"duration":2},{"curve":[0.25,0,0.75,1],"transform":{"skX":-0.58,"skY":-0.58},"duration":2},{"curve":[0.25,0,0.75,1],"transform":{"skX":4.91,"skY":4.91},"duration":2},{"curve":[0.25,0,0.75,1],"transform":{"skX":-0.61,"skY":-0.61},"duration":2},{"curve":[0.25,0,0.75,1],"transform":{"skX":-2.42,"skY":-2.42},"duration":1},{"curve":[0.25,0,0.75,1],"transform":{"skX":-5.43,"skY":-5.43},"duration":1},{"curve":[0.25,0,0.75,1],"transform":{"skX":-20.51,"skY":-20.51},"duration":1},{"curve":[0.25,0,0.75,1],"transform":{"skX":-31.06,"skY":-31.06},"duration":1},{"curve":[0.25,0,0.75,1],"transform":{"skX":-26.8,"skY":-26.8},"duration":2},{"curve":[0.25,0,0.75,1],"transform":{"skX":17.29,"skY":17.29},"duration":2},{"curve":[0.25,0,0.75,1],"transform":{"skX":14.18,"skY":14.18},"duration":2},{"curve":[0.25,0,0.75,1],"transform":{"skX":-0.58,"skY":-0.58},"duration":2},{"curve":[0.25,0,0.75,1],"transform":{"skX":4.91,"skY":4.91},"duration":2},{"transform":{"skX":-0.61,"skY":-0.61},"duration":0}],"name":"Foot_L"},{"frame":[{"curve":[0.25,0,0.75,1],"transform":{"skX":13.21,"skY":13.21},"duration":1},{"curve":[0.25,0,0.75,1],"transform":{"skX":11.96,"skY":11.96},"duration":8},{"curve":[0.25,0,0.75,1],"transform":{"skX":-340.56,"skY":-340.56},"duration":7},{"curve":[0.25,0,0.75,1],"transform":{"skX":13.21,"skY":13.21},"duration":1},{"curve":[0.25,0,0.75,1],"transform":{"skX":11.96,"skY":11.96},"duration":8},{"curve":[0.25,0,0.75,1],"transform":{"skX":-340.56,"skY":-340.56},"duration":7},{"transform":{"skX":13.21,"skY":13.21},"duration":0}],"name":"Tail"},{"frame":[{"curve":[0.25,0,0.75,1],"transform":{},"duration":3},{"curve":[0.25,0,0.75,1],"transform":{"skX":-1.66,"skY":-1.66},"duration":8},{"curve":[0.25,0,0.75,1],"transform":{"skX":9.76,"skY":9.76},"duration":5},{"curve":[0.25,0,0.75,1],"transform":{},"duration":3},{"curve":[0.25,0,0.75,1],"transform":{"skX":-1.66,"skY":-1.66},"duration":8},{"curve":[0.25,0,0.75,1],"transform":{"skX":9.76,"skY":9.76},"duration":5},{"transform":{},"duration":0}],"name":"Tail2"},{"frame":[{"curve":[0.25,0,0.75,1],"transform":{},"duration":5},{"curve":[0.25,0,0.75,1],"transform":{"skX":-7.82,"skY":-7.82},"duration":8},{"curve":[0.25,0,0.75,1],"transform":{"skX":14.57,"skY":14.57},"duration":3},{"curve":[0.25,0,0.75,1],"transform":{},"duration":5},{"curve":[0.25,0,0.75,1],"transform":{"skX":-7.82,"skY":-7.82},"duration":8},{"curve":[0.25,0,0.75,1],"transform":{"skX":14.57,"skY":14.57},"duration":3},{"transform":{},"duration":0}],"name":"Tail3"},{"frame":[{"transform":{},"duration":32},{"transform":{},"duration":0}],"name":"foot_r"},{"frame":[{"transform":{},"duration":32},{"transform":{},"duration":0}],"name":"arm_r"},{"frame":[{"transform":{},"duration":32},{"transform":{},"duration":0}],"name":"leg_r"},{"frame":[{"transform":{},"duration":32},{"transform":{},"duration":0}],"name":"leg_l"},{"frame":[{"transform":{},"duration":32},{"transform":{},"duration":0}],"name":"hand_l"},{"frame":[{"transform":{},"duration":32},{"transform":{},"duration":0}],"name":"foot_l"},{"frame":[{"transform":{},"duration":16},{"transform":{},"duration":16},{"transform":{},"duration":0}],"name":"belly"},{"frame":[{"transform":{},"duration":32},{"transform":{},"duration":0}],"name":"arm_l"},{"frame":[{"transform":{},"duration":32}],"name":"root"},{"frame":[{"transform":{},"duration":32}],"name":"buff_flo"},{"frame":[{"transform":{},"duration":32}],"name":"buff_up"},{"frame":[{"transform":{},"duration":32}],"name":"buff_mid"},{"frame":[{"transform":{},"duration":32}],"name":"hand_l1"},{"frame":[{"transform":{},"duration":32}],"name":"Ear_L3"},{"frame":[{"transform":{},"duration":32}],"name":"Ear_R3"}],"slot":[{"frame":[{"displayIndex":-1,"tweenEasing":0,"duration":32},{"displayIndex":-1,"tweenEasing":null,"duration":0}],"name":"Eye"}],"ffd":[],"frame":[],"name":"0001_yidong","duration":32,"ik":[{"frame":[{"tweenEasing":null,"bendPositive":false,"weight":0,"duration":32}],"offset":0,"name":"leg_l","scale":1},{"frame":[{"tweenEasing":null,"bendPositive":false,"weight":0,"duration":32}],"offset":0,"name":"leg_r","scale":1},{"frame":[{"tweenEasing":null,"bendPositive":false,"weight":0,"duration":32}],"offset":0,"name":"foot_l","scale":1},{"frame":[{"tweenEasing":null,"bendPositive":false,"weight":0,"duration":32}],"offset":0,"name":"foot_r","scale":1},{"frame":[{"tweenEasing":null,"bendPositive":false,"weight":0,"duration":32}],"offset":0,"name":"arm_r","scale":1},{"frame":[{"tweenEasing":null,"bendPositive":false,"weight":0,"duration":32}],"offset":0,"name":"arm_l","scale":1},{"frame":[{"tweenEasing":null,"bendPositive":false,"weight":0,"duration":32}],"offset":0,"name":"hand_l","scale":1},{"frame":[{"tweenEasing":null,"bendPositive":false,"weight":0,"duration":32}],"offset":0,"name":"hand_r","scale":1}]},{"zOrder":{"frame":[{"zOrder":[11,4,12,4,13,4],"tweenEasing":null,"duration":30}]},"bone":[{"frame":[{"transform":{},"duration":30},{"transform":{},"duration":0}],"name":"Fuji"},{"frame":[{"curve":[0.29,0,0.629,0.37],"transform":{},"duration":5},{"curve":[0.314,0.26,0.6505000000000001,0.6],"transform":{"y":11.53,"skX":-19.58,"skY":-19.58,"x":-8.48},"duration":3},{"curve":[0.326,0.31,0.66,0.64],"transform":{"y":6.16,"skX":-19.58,"skY":-19.58,"x":-10.33},"duration":2},{"curve":[0.351,0.4,0.756,1],"transform":{"y":4.03,"skX":1.75,"skY":1.75,"x":5.64},"duration":15},{"curve":[0.351,0.4,0.756,1],"transform":{"y":3.99,"skX":1.19,"skY":1.19,"x":4.34},"duration":5},{"transform":{},"duration":0}],"name":"bip"},{"frame":[{"curve":[0.3065,0,0.6415,0.35],"transform":{},"duration":3},{"curve":[0.319,0.26,0.653,0.59],"transform":{"skX":-37.75,"skY":-37.75},"duration":2},{"curve":[0.3165,0.25,0.6515,0.59],"transform":{"y":1.76,"skX":-53.35,"skY":-53.35,"x":-1.9},"duration":3},{"curve":[0.329,0.32,0.663,0.65],"transform":{"y":1.76,"skX":-31.99,"skY":-31.99,"x":-1.9},"duration":1},{"curve":[0.33,0.32,0.663,0.65],"transform":{"y":1.76,"skX":-6.25,"skY":-6.25,"x":-1.9},"duration":1},{"curve":[0.351,0.4,0.756,1],"transform":{"skX":12.36,"skY":12.36},"duration":15},{"curve":[0.351,0.4,0.756,1],"transform":{"skX":14.68,"skY":14.68},"duration":5},{"transform":{},"duration":0}],"name":"Body"},{"frame":[{"curve":[0.304,0,0.64,0.35],"transform":{},"duration":3},{"curve":[0.319,0.26,0.653,0.59],"transform":{"skX":13.81,"skY":13.81},"duration":2},{"curve":[0.318,0.27,0.653,0.61],"transform":{"skX":-0.89,"skY":-0.89},"duration":3},{"curve":[0.329,0.32,0.663,0.65],"transform":{"skX":-24.77,"skY":-24.77},"duration":1},{"curve":[0.33,0.32,0.663,0.65],"transform":{"skX":-17.66,"skY":-17.66},"duration":1},{"curve":[0.351,0.4,0.756,1],"transform":{"skX":-1.54,"skY":-1.54},"duration":15},{"curve":[0.351,0.4,0.756,1],"transform":{"skX":-2.32,"skY":-2.32},"duration":5},{"transform":{},"duration":0}],"name":"spine"},{"frame":[{"curve":[0.304,0,0.64,0.35],"transform":{},"duration":3},{"curve":[0.319,0.26,0.653,0.59],"transform":{"skX":24.12,"skY":24.12},"duration":2},{"curve":[0.318,0.27,0.653,0.61],"transform":{"skX":38.62,"skY":38.62},"duration":3},{"curve":[0.326,0.31,0.66,0.64],"transform":{"skX":12.33,"skY":12.33},"duration":2},{"curve":[0.351,0.4,0.756,1],"transform":{"skX":-3.97,"skY":-3.97},"duration":15},{"curve":[0.351,0.4,0.756,1],"transform":{"skX":-5.76,"skY":-5.76},"duration":5},{"transform":{},"duration":0}],"name":"Head"},{"frame":[{"curve":[0.273,0,0.619,0.4],"transform":{},"duration":8},{"curve":[0.326,0.31,0.66,0.64],"transform":{"skX":9.97,"skY":9.97},"duration":2},{"curve":[0.351,0.4,0.756,1],"transform":{"skX":344.92,"skY":344.92},"duration":15},{"curve":[0.351,0.4,0.756,1],"transform":{"skX":347.81,"skY":347.81},"duration":5},{"transform":{},"duration":0}],"name":"Ear_R"},{"frame":[{"curve":[0.29,0,0.629,0.37],"transform":{},"duration":5},{"curve":[0.318,0.27,0.653,0.61],"transform":{"skX":-4.97,"skY":-4.97},"duration":3},{"curve":[0.329,0.32,0.663,0.65],"transform":{"skX":16.74,"skY":16.74},"duration":1},{"curve":[0.33,0.32,0.663,0.65],"transform":{"skX":15.97,"skY":15.97},"duration":1},{"curve":[0.351,0.4,0.756,1],"transform":{"skX":-10.32,"skY":-10.32},"duration":15},{"curve":[0.351,0.4,0.756,1],"transform":{"skX":-16.81,"skY":-16.81},"duration":5},{"transform":{},"duration":0}],"name":"Ear_R2"},{"frame":[{"curve":[0.273,0,0.619,0.4],"transform":{},"duration":8},{"curve":[0.326,0.31,0.66,0.64],"transform":{"skX":-2.87,"skY":-2.87},"duration":2},{"curve":[0.351,0.4,0.756,1],"transform":{"skX":20.08,"skY":20.08},"duration":15},{"curve":[0.351,0.4,0.756,1],"transform":{"skX":14.01,"skY":14.01},"duration":5},{"transform":{},"duration":0}],"name":"Ear_L"},{"frame":[{"curve":[0.29,0,0.629,0.37],"transform":{},"duration":5},{"curve":[0.318,0.27,0.653,0.61],"transform":{"skX":4.19,"skY":4.19},"duration":3},{"curve":[0.329,0.32,0.663,0.65],"transform":{"skX":-20.08,"skY":-20.08},"duration":1},{"curve":[0.33,0.32,0.663,0.65],"transform":{"skX":-19.12,"skY":-19.12},"duration":1},{"curve":[0.351,0.4,0.756,1],"transform":{"skX":16.43,"skY":16.43},"duration":15},{"curve":[0.351,0.4,0.756,1],"transform":{"skX":22.84,"skY":22.84},"duration":5},{"transform":{},"duration":0}],"name":"Ear_L2"},{"frame":[{"curve":[0.2815,0,0.624,0.385],"transform":{},"duration":5},{"curve":[0.318,0.27,0.653,0.61],"transform":{"skX":20.56,"skY":20.56},"duration":3},{"curve":[0.329,0.32,0.663,0.65],"transform":{"scY":1.096,"skX":-84.18,"skY":-84.18,"scX":1.303},"duration":1},{"curve":[0.33,0.32,0.663,0.65],"transform":{"scY":1.096,"skX":-111.46,"skY":-111.46,"scX":1.303},"duration":1},{"transform":{"scY":1.096,"scX":1.303},"duration":15},{"curve":[0.337,0.34,0.757,1],"transform":{"scY":1.096,"scX":1.303},"duration":5},{"transform":{},"duration":0}],"name":"UpArm_R"},{"frame":[{"curve":[0.29,0,0.629,0.37],"transform":{},"duration":5},{"curve":[0.318,0.27,0.653,0.61],"transform":{"skX":-21.59,"skY":-21.59},"duration":3},{"curve":[0.329,0.32,0.663,0.65],"transform":{"skX":-8.96,"skY":-8.96},"duration":1},{"curve":[0.33,0.32,0.663,0.65],"transform":{"skX":-14.93,"skY":-14.93},"duration":1},{"transform":{},"duration":15},{"transform":{},"duration":5},{"transform":{},"duration":0}],"name":"Arm_R"},{"frame":[{"curve":[0.29,0,0.629,0.37],"transform":{},"duration":5},{"curve":[0.318,0.27,0.653,0.61],"transform":{"skX":63.59,"skY":63.59},"duration":3},{"curve":[0.329,0.32,0.663,0.65],"transform":{"skX":7.27,"skY":7.27},"duration":1},{"curve":[0.33,0.32,0.663,0.65],"transform":{"skX":-53.97,"skY":-53.97},"duration":1},{"transform":{},"duration":15},{"transform":{},"duration":5},{"transform":{},"duration":0}],"name":"Hand_R"},{"frame":[{"curve":[0.2815,0,0.624,0.385],"transform":{},"duration":5},{"curve":[0.318,0.27,0.653,0.61],"transform":{"skX":37.8,"skY":37.8},"duration":3},{"curve":[0.329,0.32,0.663,0.65],"transform":{"scY":1.096,"skX":-98.31,"skY":-98.31,"scX":1.295},"duration":1},{"curve":[0.33,0.32,0.663,0.65],"transform":{"scY":1.096,"skX":-103.39,"skY":-103.39,"scX":1.295},"duration":1},{"transform":{"scY":1.096,"scX":1.295},"duration":15},{"curve":[0.337,0.34,0.757,1],"transform":{"scY":1.096,"scX":1.295},"duration":5},{"transform":{},"duration":0}],"name":"UpArm_L"},{"frame":[{"curve":[0.29,0,0.629,0.37],"transform":{},"duration":5},{"curve":[0.318,0.27,0.653,0.61],"transform":{"skX":-36.01,"skY":-36.01},"duration":3},{"curve":[0.329,0.32,0.663,0.65],"transform":{"skX":-22.67,"skY":-22.67},"duration":1},{"curve":[0.33,0.32,0.663,0.65],"transform":{"skX":-56.79,"skY":-56.79},"duration":1},{"transform":{},"duration":15},{"transform":{},"duration":5},{"transform":{},"duration":0}],"name":"Arm_L"},{"frame":[{"curve":[0.29,0,0.629,0.37],"transform":{},"duration":5},{"curve":[0.318,0.27,0.653,0.61],"transform":{"skX":44.3,"skY":44.3},"duration":3},{"curve":[0.329,0.32,0.663,0.65],"transform":{"skX":4.14,"skY":4.14},"duration":1},{"curve":[0.33,0.32,0.663,0.65],"transform":{"skX":-84.11,"skY":-84.11},"duration":1},{"transform":{},"duration":15},{"transform":{},"duration":5},{"transform":{},"duration":0}],"name":"Hand_L"},{"frame":[{"curve":[0.303,0,0.639,0.35],"transform":{},"duration":5},{"curve":[0.32,0.26,0.654,0.6],"transform":{"y":-6.74,"x":0.32},"duration":3},{"curve":[0.337,0.34,0.757,1],"transform":{"y":-2.22,"x":1.11},"duration":2},{"transform":{},"duration":20},{"transform":{},"duration":0}],"name":"Thigh_R"},{"frame":[{"transform":{},"duration":30},{"transform":{},"duration":0}],"name":"Leg_R"},{"frame":[{"transform":{},"duration":30},{"transform":{},"duration":0}],"name":"Foot_R"},{"frame":[{"transform":{},"duration":8},{"transform":{},"duration":22},{"transform":{},"duration":0}],"name":"Thigh_L"},{"frame":[{"transform":{},"duration":30},{"transform":{},"duration":0}],"name":"Leg_L"},{"frame":[{"transform":{},"duration":30},{"transform":{},"duration":0}],"name":"Foot_L"},{"frame":[{"curve":[0.332,0,0.665,0.33],"transform":{},"duration":2},{"curve":[0.331,0.18,0.665,0.51],"transform":{"skX":-3.52,"skY":-3.52},"duration":5},{"curve":[0.328,0.22,0.661,0.55],"transform":{"skX":-336.53,"skY":-336.53},"duration":5},{"curve":[0.315,0.17,0.649,0.51],"transform":{"skX":-2.68,"skY":-2.68},"duration":12},{"curve":[0.315,0.17,0.649,0.51],"transform":{"skX":-3.82,"skY":-3.82},"duration":6},{"transform":{},"duration":0}],"name":"Tail"},{"frame":[{"curve":[0.331,0,0.665,0.33],"transform":{},"duration":3},{"curve":[0.331,0.2,0.664,0.53],"transform":{"skX":0.78,"skY":0.78},"duration":5},{"curve":[0.328,0.23,0.661,0.57],"transform":{"skX":33,"skY":33},"duration":5},{"curve":[0.316,0.18,0.65,0.52],"transform":{"skX":1.53,"skY":1.53},"duration":12},{"curve":[0.316,0.18,0.65,0.52],"transform":{"skX":-1.13,"skY":-1.13},"duration":5},{"transform":{},"duration":0}],"name":"Tail2"},{"frame":[{"curve":[0.33,0,0.663,0.33],"transform":{},"duration":4},{"curve":[0.33,0.22,0.663,0.55],"transform":{"skX":-12.91,"skY":-12.91},"duration":5},{"curve":[0.326,0.24,0.659,0.58],"transform":{"skX":25,"skY":25},"duration":5},{"curve":[0.312,0.2,0.647,0.54],"transform":{"skX":-22.24,"skY":-22.24},"duration":12},{"curve":[0.312,0.2,0.647,0.54],"transform":{"skX":-24.81,"skY":-24.81},"duration":4},{"transform":{},"duration":0}],"name":"Tail3"},{"frame":[{"curve":[0.264,0,0.617,0.42],"transform":{},"duration":10},{"transform":{"x":74.86},"duration":15},{"curve":[0.351,0.4,0.756,1],"transform":{"x":74.86},"duration":5},{"transform":{},"duration":0}],"name":"arm_r"},{"frame":[{"curve":[0.264,0,0.617,0.42],"transform":{},"duration":10},{"transform":{"x":54.03},"duration":15},{"curve":[0.351,0.4,0.756,1],"transform":{"x":54.03},"duration":5},{"transform":{},"duration":0}],"name":"arm_l"},{"frame":[{"curve":[0.264,0,0.617,0.42],"transform":{},"duration":10},{"transform":{"x":54.03},"duration":15},{"curve":[0.351,0.4,0.756,1],"transform":{"x":54.03},"duration":5},{"transform":{},"duration":0}],"name":"hand_l"},{"frame":[{"transform":{},"duration":30},{"transform":{},"duration":0}],"name":"leg_r"},{"frame":[{"transform":{},"duration":30},{"transform":{},"duration":0}],"name":"foot_r"},{"frame":[{"transform":{},"duration":30},{"transform":{},"duration":0}],"name":"leg_l"},{"frame":[{"transform":{},"duration":30},{"transform":{},"duration":0}],"name":"foot_l"},{"frame":[{"transform":{},"duration":30},{"transform":{},"duration":0}],"name":"belly"},{"frame":[{"transform":{},"duration":30}],"name":"root"},{"frame":[{"transform":{},"duration":30}],"name":"buff_flo"},{"frame":[{"transform":{},"duration":30}],"name":"buff_up"},{"frame":[{"transform":{},"duration":30}],"name":"buff_mid"},{"frame":[{"transform":{},"duration":30}],"name":"hand_l1"},{"frame":[{"transform":{},"duration":30}],"name":"Ear_L3"},{"frame":[{"transform":{},"duration":30}],"name":"Ear_R3"}],"slot":[{"frame":[{"displayIndex":-1,"tweenEasing":0,"duration":30},{"displayIndex":-1,"tweenEasing":null,"duration":0}],"name":"Eye"}],"ffd":[],"frame":[],"name":"0002_shifa","duration":30,"ik":[]}],"skin":[{"slot":[{"display":[{"path":"Thigh_R","type":"image","name":"Thigh_R","transform":{"y":-4.13,"skX":-116.96,"skY":-116.96,"x":12.47}}],"name":"Thigh_R"},{"display":[{"path":"Eye","type":"image","name":"Eye","transform":{"y":-10.58,"skX":-19.71,"skY":-19.71,"x":45.83}}],"name":"Eye"},{"display":[{"path":"buff_up","type":"image","name":"buff_up","transform":{"y":-0.58,"x":1.16}}],"name":"buff_up"},{"display":[{"path":"Foot_R","type":"image","name":"Foot_R","transform":{"y":-2.3,"skX":-54.71,"skY":-54.71,"x":8.21}}],"name":"Foot_R"},{"display":[{"vertices":[-33.1,-83.12,-55.57,-66.43,-55.98,-28.78,-33.95,-10.3,-8.49,-10.31,7.56,-13.8,36.88,-15.74,56.01,-34.14,56.01,-58.74,31.09,-74.36,-1.01,-83.29,-6.78,-48.04,28.53,-44.6],"uvs":[0.19896,-0.01181,-0.0053,0.22329,-0.00909,0.75376,0.19119,1.01408,0.42269,1.01408,0.56861,0.96475,0.83513,0.93762,1.00909,0.67841,1.00909,0.33179,0.78261,0.11176,0.49079,-0.01408,0.43826,0.48246,0.75927,0.53088],"path":"Body","edges":[2,3,3,4,4,5,5,6,6,7,7,8,8,9,9,10,10,0,0,1,1,2],"triangles":[9,12,8,8,12,7,12,6,7,12,5,6,11,12,9,10,11,9,11,5,12,11,4,5,3,4,11,0,11,10,2,3,11,0,1,11,1,2,11],"type":"mesh","transform":{},"slotPose":[1,0,0,1,0,0],"userEdges":[],"width":110,"bonePose":[14,0.9878244793179196,0.1555724849074569,-0.1555724849074569,0.9878244793179196,-37.32,-52.83,26,0.9418816816289316,0.3359447838735642,-0.3359447838735642,0.9418816816289316,26.794220914699853,-50.704254213960645,18,0.9913763821173872,0.1310452936195723,-0.1310452936195723,0.9913763821173872,-4.810696385647269,-47.71010952169559,20,0.9878244793179196,0.1555724849074569,-0.1555724849074569,0.9878244793179196,-21.62106570433564,-16.626886018183278],"height":71,"name":"Body","weights":[2,14,0.97136,26,0.02863,1,14,1,2,14,0.96576,18,0.03423,3,14,0.49852,18,0.17147,20,0.33,3,14,0.21322,18,0.36677,20,0.42,3,14,0.09105,18,0.65894,20,0.25,2,18,0.91857,26,0.08141,2,18,0.56,26,0.44,2,18,0.55,26,0.45,3,14,0.00096,18,0.9,26,0.09903,2,14,0.90131,18,0.09868,3,14,0.47,18,0.47,20,0.06,2,18,0.86,26,0.13999]}],"name":"Body"},{"display":[{"path":"Hand_L","type":"image","name":"Hand_L","transform":{"y":-4.01,"skX":-65.17,"skY":-65.17,"x":2.38}}],"name":"Hand_L"},{"display":[{"path":"Thigh_L","type":"image","name":"Thigh_L","transform":{"y":-3.87,"skX":-115.68,"skY":-115.68,"x":16.86}}],"name":"Thigh_L"},{"display":[{"vertices":[3.14,-115.34,9.95,-97.55,18.42,-75.48,31.4,-56.29,47.01,-56.23,58.92,-68.47,58.27,-90.07,35.45,-107.92,10.09,-129.36,3.19,-129.4,34.32,-85.48,22.56,-104.74],"uvs":[-0.01852,0.18396,0.10928,0.43414,0.26779,0.74458,0.50953,1.01408,0.79882,1.01408,1.01852,0.84103,1.0049,0.53661,0.58087,0.28644,0.10928,-0.01408,-0.01852,-0.01408,0.56155,0.60277,0.34226,0.33207],"path":"Ear_R","edges":[0,1,1,2,2,3,3,4,4,5,5,6,6,7,7,8,8,9,9,0],"triangles":[10,4,5,10,5,6,7,10,6,10,3,4,11,1,10,2,3,10,11,10,7,8,11,7,1,2,10,8,0,11,0,1,11,9,0,8],"type":"mesh","transform":{},"slotPose":[1,0,0,1,0,0],"userEdges":[],"width":54,"bonePose":[34,-0.5082900828980425,-0.8611859216380057,0.8611859216380057,-0.5082900828980425,33.12610937425829,-87.72570727502776,38,-0.6189568762200346,-0.7854249711970819,0.7854249711970819,-0.6189568762200346,21.39985716180045,-107.59326648721655,31,-0.4831295785101609,-0.8755488623535492,0.8755488623535492,-0.4831295785101609,46.95931209100263,-62.73935694935081],"height":71,"name":"Ear_R","weights":[2,34,0.00096,38,0.99903,3,31,0.00522,34,0.65863,38,0.33614,2,31,0.68474,34,0.31525,1,31,1,1,31,1,1,31,1,2,31,0.87769,34,0.1223,3,31,0.01815,34,0.93015,38,0.05168,1,38,1,1,38,1,2,31,0.5,34,0.5,2,34,0.55,38,0.45]}],"name":"Ear_R"},{"display":[{"vertices":[99.06,-126.32,83.06,-112.86,68.35,-97.83,57.08,-81.95,58.4,-64.63,78.73,-62.27,94.92,-81.44,102.13,-103.07,104.92,-126.34,91.69,-107.92,79.91,-88.67],"uvs":[0.89432,-0.01613,0.5454,0.20025,0.22441,0.44186,-0.02174,0.69729,0.00576,0.97686,0.44771,1.01613,0.80127,0.70764,0.95944,0.35902,1.02174,-0.01613,0.73285,0.28041,0.47528,0.59033],"path":"Ear_L","edges":[3,4,4,5,5,6,6,7,7,8,8,0,0,1,1,2,2,3],"triangles":[10,6,7,9,10,7,0,9,7,0,7,8,1,9,0,10,5,6,2,10,1,1,10,9,3,4,5,3,5,10,2,3,10],"type":"mesh","transform":{},"slotPose":[1,0,0,1,0,0],"userEdges":[],"width":46,"bonePose":[37,0.6423864216604613,-0.7663809009012867,0.7663809009012867,0.6423864216604613,89.73254856391554,-111.17220835146551,33,0.5015107371594575,-0.8651514205697044,0.8651514205697044,0.5015107371594575,76.47761978079109,-88.30625630580822,32,0.4753171248226875,-0.8798145434409991,0.8798145434409991,0.4753171248226875,64.12412770664945,-65.43987632177665],"height":62,"name":"Ear_L","weights":[1,37,1,2,33,0.5,37,0.5,2,32,0.5,33,0.5,1,32,1,1,32,1,1,32,1,2,32,0.5,33,0.5,2,33,0.5,37,0.5,1,37,1,2,33,0.5,37,0.5,2,32,0.5,33,0.5]}],"name":"Ear_L"},{"display":[{"path":"buff_mid","type":"image","name":"buff_mid","transform":{"y":-0.58,"x":0.58}}],"name":"buff_mid"},{"display":[{"path":"Arm_R","type":"image","name":"Arm_R","transform":{"y":0.72,"skX":-76.95,"skY":-76.95,"x":9.11}}],"name":"Arm_R"},{"display":[{"path":"Leg_L","type":"image","name":"Leg_L","transform":{"y":-0.24,"skX":-104.9,"skY":-104.9,"x":7.32}}],"name":"Leg_L"},{"display":[{"path":"Hand_R","type":"image","name":"Hand_R","transform":{"y":-2.73,"skX":-62.43,"skY":-62.43,"x":4.39}}],"name":"Hand_R"},{"display":[{"vertices":[-69.89,-65.3,-91.93,-56.21,-111.97,-41.69,-112.03,-17.08,-107.4,-12.37,-82.36,-12.33,-68.02,-23.66,-52.58,-41.19,-35.99,-48.45,-35.97,-65.26,-64.77,-52.11,-87.88,-36.93],"uvs":[0.55512,-0.01961,0.25725,0.15932,-0.01351,0.44465,-0.01351,0.9272,0.04903,1.01961,0.38739,1.01961,0.58115,0.79712,0.78935,0.45305,1.01351,0.31038,1.01351,-0.01961,0.62438,0.23891,0.31222,0.53717],"path":"Tail","edges":[2,3,3,4,4,5,5,6,6,7,7,8,8,9,9,0,0,1,1,2],"triangles":[10,7,8,10,8,9,0,10,9,10,6,7,0,1,10,1,11,10,11,6,10,11,5,6,11,4,5,3,4,11,2,3,11,1,2,11],"type":"mesh","transform":{},"slotPose":[1,0,0,1,0,0],"userEdges":[],"width":74,"bonePose":[16,-0.9645113492316906,0.264041392973268,-0.264041392973268,-0.9645113492316906,-40.81,-58.05,19,-0.8203515424890737,0.5718595515822024,-0.5718595515822024,-0.8203515424890737,-65.95308700276705,-51.19801663959358,23,-0.8866075437998248,0.46252250029294983,-0.46252250029294983,-0.8866075437998248,-86.78007650235325,-36.728472473168495],"height":51,"name":"Tail","weights":[2,16,0.65025,19,0.34974,2,19,0.75019,23,0.2498,2,19,0.01392,23,0.98607,1,23,1,1,23,1,2,19,0.2026,23,0.79739,3,16,0.03109,19,0.72941,23,0.23948,2,16,0.81137,19,0.18862,1,16,1,2,16,0.98819,19,0.0118,2,16,0.75712,19,0.24287,2,19,0.5,23,0.5]}],"name":"Tail"},{"display":[{"path":"UpArm_R","type":"image","name":"UpArm_R","transform":{"y":1.17,"skX":-83.98,"skY":-83.98,"x":13.97}}],"name":"UpArm_R"},{"display":[{"path":"Leg_R","type":"image","name":"Leg_R","transform":{"y":-1.22,"skX":-102.15,"skY":-102.15,"x":5.45}}],"name":"Leg_R"},{"display":[{"path":"Head","type":"image","name":"Head","transform":{"y":-14.9,"skX":-19.71,"skY":-19.71,"x":25.18}}],"name":"Head"},{"display":[{"path":"UpArm_L","type":"image","name":"UpArm_L","transform":{"y":1.42,"skX":-84.4,"skY":-84.4,"x":12.94}}],"name":"UpArm_L"},{"display":[{"path":"buff_flo","type":"image","name":"buff_flo","transform":{"x":1.16}}],"name":"buff_flo"},{"display":[{"path":"Arm_L","type":"image","name":"Arm_L","transform":{"y":0.67,"skX":-77.29,"skY":-77.29,"x":5.61}}],"name":"Arm_L"},{"display":[{"path":"Foot_L","type":"image","name":"Foot_L","transform":{"y":-2.28,"skX":-55.6,"skY":-55.6,"x":7.2}}],"name":"Foot_L"}],"name":""}],"defaultActions":[{"gotoAndPlay":"0000_daiji"}],"aabb":{"width":219.77453037111115,"y":-131.5,"height":139.5,"x":-113.81341926},"slot":[{"name":"Hand_L","parent":"Hand_L","color":{}},{"z":1,"name":"UpArm_L","parent":"UpArm_L","color":{}},{"z":2,"name":"Arm_L","parent":"Arm_L","color":{}},{"z":3,"name":"Foot_L","parent":"Foot_L","color":{}},{"z":4,"name":"Leg_L","parent":"Leg_L","color":{}},{"z":5,"name":"Thigh_L","parent":"Thigh_L","color":{}},{"z":6,"name":"Tail","parent":"Tail","color":{}},{"z":7,"name":"Body","parent":"Body","color":{}},{"z":8,"name":"Foot_R","parent":"Foot_R","color":{}},{"z":9,"name":"Leg_R","parent":"Leg_R","color":{}},{"z":10,"name":"Thigh_R","parent":"Thigh_R","color":{}},{"z":11,"name":"Hand_R","parent":"Hand_R","color":{}},{"z":12,"name":"UpArm_R","parent":"UpArm_R","color":{}},{"z":13,"name":"Arm_R","parent":"Arm_R","color":{}},{"z":14,"name":"Ear_L","parent":"Ear_L","color":{}},{"z":15,"name":"Ear_R","parent":"Ear_R","color":{}},{"z":16,"name":"Head","parent":"Head","color":{}},{"z":17,"name":"Eye","parent":"Head","color":{}},{"z":18,"name":"buff_flo","parent":"buff_flo","color":{"aM":0}},{"z":19,"name":"buff_mid","parent":"buff_mid","color":{"aM":0}},{"z":20,"name":"buff_up","parent":"buff_up","color":{"aM":0}}],"name":"armatureName","ik":[{"chain":1,"bone":"Leg_L","name":"leg_l","bendPositive":"false","target":"leg_l"},{"chain":1,"bone":"Leg_R","name":"leg_r","bendPositive":"false","target":"leg_r"},{"bone":"Foot_R","name":"foot_r","bendPositive":"false","target":"foot_r"},{"chain":1,"bone":"Arm_R","name":"arm_r","bendPositive":"false","target":"arm_r"},{"bone":"Foot_L","name":"foot_l","bendPositive":"false","target":"foot_l"},{"chain":1,"bone":"Arm_L","name":"arm_l","bendPositive":"false","target":"arm_l"},{"bone":"Hand_R","name":"hand_r","bendPositive":"false","target":"hand_l"},{"bone":"Hand_L","name":"hand_l","bendPositive":"false","target":"hand_l1"}]}],"name":"cw_002_huxiong_cj","version":"4.0"}