{"frameRate":30,"isGlobal":0,"armature":[{"bone":[{"name":"root","transform":{}},{"transform":{},"name":"Fuji","parent":"root"},{"transform":{},"name":"buff_flo","parent":"root"},{"transform":{"y":-256.76},"name":"buff_up","parent":"root"},{"transform":{"y":-77.23},"name":"buff_mid","parent":"root"},{"transform":{"y":-40},"name":"bip","parent":"Fuji"},{"length":123,"transform":{"y":27,"skX":-85,"skY":-85},"parent":"bip","name":"Body"},{"length":29,"transform":{"y":-1.7,"skX":95,"skY":95,"x":21.69},"parent":"bip","name":"Leg_L"},{"length":25,"transform":{"y":10.97,"skX":100.32,"skY":100.32,"x":-1.06},"parent":"bip","name":"Leg_R"},{"length":18,"transform":{"y":1.99,"skX":-85.06,"skY":-85.06,"x":29.22},"parent":"Leg_L","name":"Foot_L"},{"length":49,"transform":{"y":14.74,"skX":10.15,"skY":10.15,"x":87.69},"parent":"Body","name":"Ear_L"},{"transform":{"y":22.84,"skX":-5,"skY":-5,"x":62.02},"name":"Brow_R","parent":"Body"},{"length":53,"transform":{"y":-7.51,"skX":-23.01,"skY":-23.01,"x":80.76},"parent":"Body","name":"Ear_R"},{"transform":{"y":52.75,"skX":-5,"skY":-5,"x":65.22},"name":"Brow_L","parent":"Body"},{"length":43,"transform":{"y":28.14,"skX":146.65,"skY":146.65,"x":41.67},"parent":"Body","name":"Hand_L"},{"length":41,"transform":{"y":-11.29,"skX":-162.67,"skY":-162.67,"x":34.4},"parent":"Body","name":"Hand_R"},{"length":30,"transform":{"y":-24.82,"skX":-68.22,"skY":-68.22,"x":15.33},"parent":"Body","name":"Tail"},{"length":15,"transform":{"y":0.08,"skX":-84.56,"skY":-84.56,"x":25.02},"parent":"Leg_R","name":"Foot_R"},{"length":19,"transform":{"skX":14.76,"skY":14.76,"x":18.22},"parent":"Foot_L","name":"Foot_L2"},{"length":23,"transform":{"skX":8.41,"skY":8.41,"x":15.08},"parent":"Foot_R","name":"Foot_R2"},{"length":30,"transform":{"y":-0.1,"skX":-13.74,"skY":-13.74,"x":30.05},"parent":"Tail","name":"Tail2"},{"length":47,"transform":{"y":0.02,"skX":104.45,"skY":104.45,"x":30.9},"parent":"Tail2","name":"Tail3"},{"length":40,"transform":{"y":-0.01,"skX":-117.28,"skY":-117.28,"x":47.25},"parent":"Tail3","name":"Tail4"},{"length":36,"transform":{"y":0.14,"skX":100.06,"skY":100.06,"x":40.05},"parent":"Tail4","name":"Tail5"},{"length":33,"transform":{"y":0.19,"skX":-13,"skY":-13,"x":35.27},"parent":"Tail5","name":"Tail6"}],"type":"Armature","ik":[],"defaultActions":[{"gotoAndPlay":"0000_daiji"}],"animation":[{"ik":[],"frame":[],"slot":[{"frame":[{"displayIndex":-1,"tweenEasing":0,"duration":53},{"tweenEasing":0,"duration":3},{"displayIndex":-1,"tweenEasing":0,"duration":24},{"displayIndex":-1,"tweenEasing":null,"duration":0}],"name":"Eye"}],"ffd":[],"bone":[{"frame":[{"transform":{},"duration":80}],"name":"Fuji"},{"frame":[{"curve":[0.25,0,0.75,1],"transform":{},"duration":20},{"curve":[0.25,0,0.75,1],"transform":{"y":-3.26},"duration":40},{"curve":[0.25,0,0.75,1],"transform":{"y":-3.26},"duration":20},{"transform":{},"duration":0}],"name":"bip"},{"frame":[{"curve":[0.348,0.65,0.682,1],"transform":{"scY":0.999,"skX":-0.02,"skY":-0.02},"duration":1},{"curve":[0.25,0,0.75,1],"transform":{},"duration":20},{"curve":[0.25,0,0.75,1],"transform":{"scY":0.973,"skX":-1.37,"skY":-1.37,"scX":1.032},"duration":20},{"curve":[0.25,0,0.75,1],"transform":{},"duration":20},{"curve":[0.247,0,0.729,0.9],"transform":{"scY":0.973,"skX":-1.37,"skY":-1.37,"scX":1.032},"duration":19},{"transform":{"scY":0.999,"skX":-0.02,"skY":-0.02},"duration":0}],"name":"Body"},{"frame":[{"curve":[0.359,0.64,0.695,1],"transform":{"skX":-19.13,"skY":-19.13},"duration":2},{"curve":[0.25,0,0.75,1],"transform":{"skX":-20.04,"skY":-20.04},"duration":20},{"curve":[0.25,0,0.75,1],"transform":{"skX":-2.49,"skY":-2.49},"duration":20},{"curve":[0.25,0,0.75,1],"transform":{"skX":-20.04,"skY":-20.04},"duration":20},{"curve":[0.25,0,0.75,1],"transform":{"skX":-2.49,"skY":-2.49},"duration":18},{"transform":{"skX":-19.13,"skY":-19.13},"duration":0}],"name":"Tail"},{"frame":[{"curve":[0.374,0.61,0.715,1],"transform":{"skX":-5.75,"skY":-5.75},"duration":4},{"curve":[0.25,0,0.75,1],"transform":{"skX":-8.94,"skY":-8.94},"duration":20},{"curve":[0.25,0,0.75,1],"transform":{"skX":15.52,"skY":15.52},"duration":20},{"curve":[0.25,0,0.75,1],"transform":{"skX":-8.94,"skY":-8.94},"duration":20},{"curve":[0.242,0,0.679,0.71],"transform":{"skX":15.52,"skY":15.52},"duration":16},{"transform":{"skX":-5.75,"skY":-5.75},"duration":0}],"name":"Tail2"},{"frame":[{"curve":[0.381,0.58,0.731,1],"transform":{"skX":14.64,"skY":14.64},"duration":6},{"curve":[0.25,0,0.75,1],"transform":{"skX":21.63,"skY":21.63},"duration":20},{"curve":[0.25,0,0.75,1],"transform":{"skX":-7.22,"skY":-7.22},"duration":20},{"curve":[0.25,0,0.75,1],"transform":{"skX":21.63,"skY":21.63},"duration":20},{"curve":[0.242,0,0.655,0.62],"transform":{"skX":-7.22,"skY":-7.22},"duration":14},{"transform":{"skX":14.64,"skY":14.64},"duration":0}],"name":"Tail3"},{"frame":[{"curve":[0.381,0.54,0.742,1],"transform":{"skX":2.06,"skY":2.06},"duration":8},{"curve":[0.25,0,0.75,1],"transform":{"skX":-17.48,"skY":-17.48},"duration":20},{"curve":[0.25,0,0.75,1],"transform":{"skX":35.65,"skY":35.65},"duration":20},{"curve":[0.25,0,0.75,1],"transform":{"skX":-17.48,"skY":-17.48},"duration":20},{"curve":[0.245,0,0.637,0.55],"transform":{"skX":35.65,"skY":35.65},"duration":12},{"transform":{"skX":2.06,"skY":2.06},"duration":0}],"name":"Tail4"},{"frame":[{"curve":[0.375,0.5,0.75,1],"transform":{"skX":-5.98,"skY":-5.98},"duration":10},{"curve":[0.25,0,0.75,1],"transform":{"skX":18.69,"skY":18.69},"duration":20},{"curve":[0.25,0,0.75,1],"transform":{"skX":-30.66,"skY":-30.66},"duration":20},{"curve":[0.25,0,0.75,1],"transform":{"skX":18.69,"skY":18.69},"duration":20},{"curve":[0.25,0,0.625,0.5],"transform":{"skX":-30.66,"skY":-30.66},"duration":10},{"transform":{"skX":-5.98,"skY":-5.98},"duration":0}],"name":"Tail5"},{"frame":[{"curve":[0.362,0.44,0.754,1],"transform":{"skX":2.98,"skY":2.98},"duration":12},{"curve":[0.25,0,0.75,1],"transform":{"skX":-11.12,"skY":-11.12},"duration":20},{"curve":[0.25,0,0.75,1],"transform":{"skX":11.19,"skY":11.19},"duration":20},{"curve":[0.25,0,0.75,1],"transform":{"skX":-11.12,"skY":-11.12},"duration":20},{"curve":[0.257,0,0.618,0.45],"transform":{"skX":11.19,"skY":11.19},"duration":8},{"transform":{"skX":2.98,"skY":2.98},"duration":0}],"name":"Tail6"},{"frame":[{"curve":[0.359,0.64,0.695,1],"transform":{"skX":0.42,"skY":0.42,"x":0.04},"duration":2},{"curve":[0.25,0,0.75,1],"transform":{},"duration":20},{"curve":[0.25,0,0.75,1],"transform":{"y":-0.07,"skX":10.05,"skY":10.05,"x":1.06},"duration":20},{"curve":[0.25,0,0.75,1],"transform":{},"duration":20},{"curve":[0.245,0,0.71,0.83],"transform":{"y":-0.07,"skX":10.05,"skY":10.05,"x":1.06},"duration":18},{"transform":{"skX":0.42,"skY":0.42,"x":0.04},"duration":0}],"name":"Hand_R"},{"frame":[{"curve":[0.368,0.62,0.706,1],"transform":{"skX":-0.87,"skY":-0.87,"x":0.08},"duration":3},{"curve":[0.25,0,0.75,1],"transform":{},"duration":20},{"curve":[0.25,0,0.75,1],"transform":{"y":-0.07,"skX":-10.58,"skY":-10.58,"x":1.06},"duration":20},{"curve":[0.25,0,0.75,1],"transform":{},"duration":20},{"curve":[0.243,0,0.694,0.76],"transform":{"y":-0.07,"skX":-10.58,"skY":-10.58,"x":1.06},"duration":17},{"transform":{"skX":-0.87,"skY":-0.87,"x":0.08},"duration":0}],"name":"Hand_L"},{"frame":[{"curve":[0.368,0.62,0.706,1],"transform":{"skX":-7.02,"skY":-7.02},"duration":3},{"curve":[0.25,0,0.75,1],"transform":{"skX":-7.45,"skY":-7.45},"duration":20},{"curve":[0.25,0,0.75,1],"transform":{"skX":-2.25,"skY":-2.25},"duration":20},{"curve":[0.25,0,0.75,1],"transform":{"skX":-7.45,"skY":-7.45},"duration":20},{"curve":[0.243,0,0.694,0.76],"transform":{"skX":-2.25,"skY":-2.25},"duration":17},{"transform":{"skX":-7.02,"skY":-7.02},"duration":0}],"name":"Ear_R"},{"frame":[{"curve":[0.379,0.6,0.724,1],"transform":{"skX":3.5,"skY":3.5},"duration":5},{"curve":[0.25,0,0.75,1],"transform":{"skX":4.29,"skY":4.29},"duration":20},{"curve":[0.25,0,0.75,1],"transform":{},"duration":20},{"curve":[0.25,0,0.75,1],"transform":{"skX":4.29,"skY":4.29},"duration":20},{"curve":[0.242,0,0.666,0.66],"transform":{},"duration":15},{"transform":{"skX":3.5,"skY":3.5},"duration":0}],"name":"Ear_L"},{"frame":[{"curve":[0.368,0.62,0.706,1],"transform":{"y":0.1,"skX":0.15,"skY":0.15,"x":0.12},"duration":3},{"curve":[0.25,0,0.75,1],"transform":{},"duration":20},{"curve":[0.25,0,0.75,1],"transform":{"y":1.23,"skX":1.86,"skY":1.86,"x":1.53},"duration":20},{"curve":[0.25,0,0.75,1],"transform":{},"duration":20},{"curve":[0.243,0,0.694,0.76],"transform":{"y":1.23,"skX":1.86,"skY":1.86,"x":1.53},"duration":17},{"transform":{"y":0.1,"skX":0.15,"skY":0.15,"x":0.12},"duration":0}],"name":"Brow_R"},{"frame":[{"curve":[0.359,0.64,0.695,1],"transform":{"y":-0.02,"skX":0.09,"skY":0.09,"x":0.05},"duration":2},{"curve":[0.25,0,0.75,1],"transform":{},"duration":20},{"curve":[0.25,0,0.75,1],"transform":{"y":-0.52,"skX":2.19,"skY":2.19,"x":1.27},"duration":20},{"curve":[0.25,0,0.75,1],"transform":{},"duration":20},{"curve":[0.245,0,0.71,0.83],"transform":{"y":-0.52,"skX":2.19,"skY":2.19,"x":1.27},"duration":18},{"transform":{"y":-0.02,"skX":0.09,"skY":0.09,"x":0.05},"duration":0}],"name":"Brow_L"},{"frame":[{"curve":[0.25,0,0.75,1],"transform":{},"duration":20},{"curve":[0.25,0,0.75,1],"transform":{"y":1.05,"skX":-0.92,"skY":-0.92,"scX":1.048},"duration":40},{"curve":[0.25,0,0.75,1],"transform":{"y":1.05,"skX":-0.92,"skY":-0.92,"scX":1.048},"duration":20},{"transform":{},"duration":0}],"name":"Leg_R"},{"frame":[{"curve":[0.25,0,0.75,1],"transform":{},"duration":20},{"curve":[0.25,0,0.75,1],"transform":{"skX":0.33,"skY":0.33},"duration":40},{"curve":[0.25,0,0.75,1],"transform":{"skX":0.33,"skY":0.33},"duration":20},{"transform":{},"duration":0}],"name":"Foot_R"},{"frame":[{"curve":[0.25,0,0.75,1],"transform":{},"duration":20},{"curve":[0.25,0,0.75,1],"transform":{"skX":3.28,"skY":3.28},"duration":40},{"curve":[0.25,0,0.75,1],"transform":{"skX":3.28,"skY":3.28},"duration":20},{"transform":{},"duration":0}],"name":"Foot_R2"},{"frame":[{"curve":[0.25,0,0.75,1],"transform":{},"duration":20},{"curve":[0.25,0,0.75,1],"transform":{"y":1.48,"skX":-0.61,"skY":-0.61,"scX":1.018},"duration":40},{"curve":[0.25,0,0.75,1],"transform":{"y":1.48,"skX":-0.61,"skY":-0.61,"scX":1.018},"duration":20},{"transform":{},"duration":0}],"name":"Leg_L"},{"frame":[{"curve":[0.25,0,0.75,1],"transform":{},"duration":20},{"curve":[0.25,0,0.75,1],"transform":{"skX":-0.37,"skY":-0.37},"duration":40},{"curve":[0.25,0,0.75,1],"transform":{"skX":-0.37,"skY":-0.37},"duration":20},{"transform":{},"duration":0}],"name":"Foot_L"},{"frame":[{"curve":[0.25,0,0.75,1],"transform":{},"duration":20},{"curve":[0.25,0,0.75,1],"transform":{"skX":5.28,"skY":5.28},"duration":40},{"curve":[0.25,0,0.75,1],"transform":{"skX":5.28,"skY":5.28},"duration":20},{"transform":{},"duration":0}],"name":"Foot_L2"},{"frame":[{"transform":{},"duration":80}],"name":"root"},{"frame":[{"transform":{},"duration":80}],"name":"buff_flo"},{"frame":[{"transform":{},"duration":80}],"name":"buff_up"},{"frame":[{"transform":{},"duration":80}],"name":"buff_mid"}],"name":"0000_daiji","duration":80},{"ik":[],"frame":[],"slot":[{"frame":[{"displayIndex":-1,"tweenEasing":0,"duration":30},{"displayIndex":-1,"tweenEasing":null,"duration":0}],"name":"Eye"}],"ffd":[],"bone":[{"frame":[{"transform":{},"duration":30}],"name":"Fuji"},{"frame":[{"tweenEasing":0,"transform":{"y":-1.26,"x":-9.08},"duration":3},{"tweenEasing":0,"transform":{"y":-20.05,"skX":2,"skY":2,"x":-1.99},"duration":3},{"tweenEasing":0,"transform":{"y":-40.07,"skX":1.5,"skY":1.5,"x":-0.99},"duration":3},{"tweenEasing":0,"transform":{"y":-47.18,"skX":0.5,"skY":0.5,"x":0.66},"duration":3},{"tweenEasing":0,"transform":{"y":-50.26,"x":1.91},"duration":3},{"tweenEasing":0,"transform":{"y":-46.06,"skX":-3,"skY":-3,"x":3.9},"duration":3},{"tweenEasing":0,"transform":{"y":-36.1,"skX":-8,"skY":-8,"x":5.99},"duration":3},{"tweenEasing":0,"transform":{"y":-9.96,"skX":-10,"skY":-10,"x":7.89},"duration":3},{"tweenEasing":0,"transform":{"y":7.73,"x":6.91},"duration":3},{"tweenEasing":0,"transform":{"y":4.81,"skX":0.5,"skY":0.5,"x":-0.09},"duration":3},{"transform":{"y":-1.26,"x":-9.08},"duration":0}],"name":"bip"},{"frame":[{"curve":[0.191,0.285,0.8674999999999999,1],"transform":{"scY":0.999,"skX":9.11,"skY":9.11,"scX":1.004},"duration":3},{"curve":[0.0545,0.1,0.875,1],"transform":{"scY":0.971,"y":-0.49,"skX":10.94,"skY":10.94,"scX":1.033,"x":0.14},"duration":9},{"curve":[0.125,0,0.875,1],"transform":{"scY":1.011,"y":-2.5,"skX":-1.97,"skY":-1.97,"scX":0.986,"x":0.19},"duration":6},{"curve":[0.125,0,0.875,1],"transform":{"scY":0.965,"y":-10.14,"skX":-2.1,"skY":-2.1,"scX":1.034,"x":0.56},"duration":6},{"curve":[0.1215,0,0.8240000000000001,0.8],"transform":{"scY":1.051,"y":0.89,"skX":-0.42,"skY":-0.42,"scX":0.954,"x":-0.19},"duration":6},{"transform":{"scY":0.999,"skX":9.11,"skY":9.11,"scX":1.004},"duration":0}],"name":"Body"},{"frame":[{"curve":[0.25,0,0.75,1],"transform":{"skX":-1.74,"skY":-1.74},"duration":15},{"curve":[0.25,0,0.75,1],"transform":{"skX":5.11,"skY":5.11,"scX":1.012},"duration":15},{"transform":{"skX":-1.74,"skY":-1.74},"duration":0}],"name":"Tail"},{"frame":[{"curve":[0.352,0.65,0.686,1],"transform":{"skX":-42.38,"skY":-42.38},"duration":1},{"curve":[0.25,0,0.75,1],"transform":{"skX":-43.4,"skY":-43.4},"duration":15},{"curve":[0.246,0,0.722,0.88],"transform":{"skX":1.17,"skY":1.17},"duration":14},{"transform":{"skX":-42.38,"skY":-42.38},"duration":0}],"name":"Tail2"},{"frame":[{"curve":[0.365,0.63,0.702,1],"transform":{"skX":25.15,"skY":25.15},"duration":2},{"curve":[0.25,0,0.75,1],"transform":{"skX":30.34,"skY":30.34},"duration":15},{"curve":[0.244,0,0.699,0.78],"transform":{"skX":-44.33,"skY":-44.33},"duration":13},{"transform":{"skX":25.15,"skY":25.15},"duration":0}],"name":"Tail3"},{"frame":[{"curve":[0.374,0.61,0.715,1],"transform":{"skX":-5.25,"skY":-5.25},"duration":3},{"curve":[0.25,0,0.75,1],"transform":{"skX":-15.32,"skY":-15.32},"duration":15},{"curve":[0.242,0,0.679,0.71],"transform":{"skX":62.08,"skY":62.08},"duration":12},{"transform":{"skX":-5.25,"skY":-5.25},"duration":0}],"name":"Tail4"},{"frame":[{"curve":[0.38,0.59,0.726,1],"transform":{"skX":9.79,"skY":9.79},"duration":4},{"curve":[0.25,0,0.75,1],"transform":{"skX":24.48,"skY":24.48},"duration":15},{"curve":[0.242,0,0.662,0.65],"transform":{"skX":-48.03,"skY":-48.03},"duration":11},{"transform":{"skX":9.79,"skY":9.79},"duration":0}],"name":"Tail5"},{"frame":[{"curve":[0.382,0.57,0.735,1],"transform":{"skX":23.41,"skY":23.41},"duration":5},{"curve":[0.25,0,0.75,1],"transform":{"skX":35.68,"skY":35.68},"duration":15},{"curve":[0.243,0,0.648,0.6],"transform":{"skX":-7.57,"skY":-7.57},"duration":10},{"transform":{"skX":23.41,"skY":23.41},"duration":0}],"name":"Tail6"},{"frame":[{"tweenEasing":0,"transform":{"skX":-124.04,"skY":-124.04},"duration":3},{"tweenEasing":0,"transform":{"skX":218.49,"skY":218.49},"duration":6},{"tweenEasing":0,"transform":{"skX":-17.2,"skY":-17.2},"duration":6},{"tweenEasing":0,"transform":{"skX":3.11,"skY":3.11},"duration":3},{"tweenEasing":0,"transform":{"skX":-8.47,"skY":-8.47},"duration":9},{"tweenEasing":0,"transform":{"skX":271.02,"skY":271.02},"duration":3},{"transform":{"skX":-124.04,"skY":-124.04},"duration":0}],"name":"Hand_R"},{"frame":[{"tweenEasing":0,"transform":{"skX":-25.55,"skY":-25.55},"duration":3},{"tweenEasing":0,"transform":{"skX":-46.79,"skY":-46.79},"duration":6},{"tweenEasing":0,"transform":{"skX":-279.34,"skY":-279.34},"duration":6},{"tweenEasing":0,"transform":{"skX":-258.53,"skY":-258.53},"duration":3},{"tweenEasing":0,"transform":{"skX":-268.19,"skY":-268.19},"duration":9},{"tweenEasing":0,"transform":{"skX":17.07,"skY":17.07},"duration":3},{"transform":{"skX":-25.55,"skY":-25.55},"duration":0}],"name":"Hand_L"},{"frame":[{"curve":[0.365,0.63,0.702,1],"transform":{"y":1.66,"skX":-18.72,"skY":-18.72,"x":-4.61},"duration":2},{"curve":[0.25,0,0.75,1],"transform":{"y":1.66,"skX":-19.69,"skY":-19.69,"x":-4.61},"duration":15},{"curve":[0.244,0,0.699,0.78],"transform":{"y":1.66,"skX":-5.85,"skY":-5.85,"x":-4.61},"duration":13},{"transform":{"y":1.66,"skX":-18.72,"skY":-18.72,"x":-4.61},"duration":0}],"name":"Ear_R"},{"frame":[{"curve":[0.352,0.65,0.686,1],"transform":{"y":4.74,"skX":17.69,"skY":17.69,"x":-7.78},"duration":1},{"curve":[0.25,0,0.75,1],"transform":{"y":4.74,"skX":17.9,"skY":17.9,"x":-7.78},"duration":15},{"curve":[0.246,0,0.722,0.88],"transform":{"y":4.74,"skX":8.79,"skY":8.79,"x":-7.78},"duration":14},{"transform":{"y":4.74,"skX":17.69,"skY":17.69,"x":-7.78},"duration":0}],"name":"Ear_L"},{"frame":[{"curve":[0.25,0,0.75,1],"transform":{},"duration":15},{"curve":[0.25,0,0.75,1],"transform":{"y":-0.78,"skX":-1.2,"skY":-1.2,"x":2.18},"duration":15},{"transform":{},"duration":0}],"name":"Brow_R"},{"frame":[{"curve":[0.25,0,0.75,1],"transform":{},"duration":15},{"curve":[0.25,0,0.75,1],"transform":{"y":0.47,"skX":3.6,"skY":3.6,"x":2.16},"duration":15},{"transform":{},"duration":0}],"name":"Brow_L"},{"frame":[{"tweenEasing":0,"transform":{"y":2.4,"skX":9.55,"skY":9.55,"scX":0.834,"x":-0.32},"duration":3},{"tweenEasing":0,"transform":{"y":3.61,"skX":17.78,"skY":17.78,"x":-2.47},"duration":3},{"tweenEasing":0,"transform":{"scY":0.959,"y":3.61,"skX":22.17,"skY":22.17,"scX":1.042,"x":-2.47},"duration":3},{"tweenEasing":0,"transform":{"scY":1.03,"y":3.61,"skX":14.85,"skY":14.85,"scX":0.926,"x":-2.47},"duration":6},{"tweenEasing":0,"transform":{"scY":1.038,"y":-5.89,"skX":1.5,"skY":1.5,"scX":0.931,"x":0.7},"duration":6},{"tweenEasing":0,"transform":{"scY":1.078,"y":-7.72,"skX":-14.47,"skY":-14.47,"scX":0.992,"x":-0.98},"duration":3},{"tweenEasing":0,"transform":{"y":-7.72,"skX":2.69,"skY":2.69,"scX":0.868,"x":-0.98},"duration":3},{"tweenEasing":0,"transform":{"y":1.19,"skX":14.38,"skY":14.38,"scX":0.833,"x":-0.19},"duration":3},{"transform":{"y":2.4,"skX":9.55,"skY":9.55,"scX":0.834,"x":-0.32},"duration":0}],"name":"Leg_R"},{"frame":[{"tweenEasing":0,"transform":{"skX":-10.93,"skY":-10.93},"duration":3},{"tweenEasing":0,"transform":{"skX":17.29,"skY":17.29},"duration":3},{"tweenEasing":0,"transform":{"skX":13.09,"skY":13.09},"duration":9},{"tweenEasing":0,"transform":{"skX":0.33,"skY":0.33},"duration":9},{"tweenEasing":0,"transform":{"skX":-6.93,"skY":-6.93},"duration":3},{"tweenEasing":0,"transform":{"skX":-19.21,"skY":-19.21},"duration":3},{"transform":{"skX":-10.93,"skY":-10.93},"duration":0}],"name":"Foot_R"},{"frame":[{"tweenEasing":0,"transform":{"skX":12.39,"skY":12.39},"duration":3},{"tweenEasing":0,"transform":{"skX":18.49,"skY":18.49},"duration":3},{"tweenEasing":0,"transform":{"skX":27.33,"skY":27.33},"duration":9},{"tweenEasing":0,"transform":{"skX":11.52,"skY":11.52},"duration":6},{"tweenEasing":0,"transform":{"skX":-22.09,"skY":-22.09},"duration":6},{"tweenEasing":0,"transform":{"skX":12.53,"skY":12.53},"duration":3},{"transform":{"skX":12.39,"skY":12.39},"duration":0}],"name":"Foot_R2"},{"frame":[{"tweenEasing":0,"transform":{"y":0.57,"skX":4.68,"skY":4.68,"scX":0.987,"x":-1.95},"duration":3},{"tweenEasing":0,"transform":{"y":4.97,"skX":16.29,"skY":16.29,"x":-2.19},"duration":3},{"tweenEasing":0,"transform":{"scY":0.991,"y":4.97,"skX":12.56,"skY":12.56,"scX":1.019,"x":-2.19},"duration":3},{"tweenEasing":0,"transform":{"y":4.97,"skX":5.17,"skY":5.17,"scX":1.034,"x":-2.19},"duration":6},{"tweenEasing":0,"transform":{"scY":1.038,"y":0.89,"skX":5.44,"skY":5.44,"scX":0.892,"x":-0.77},"duration":6},{"tweenEasing":0,"transform":{"scY":1.015,"y":-11.5,"skX":-9.05,"skY":-9.05,"scX":1.084,"x":-2.75},"duration":3},{"tweenEasing":0,"transform":{"y":-11.5,"skX":8.04,"skY":8.04,"scX":0.937,"x":-2.75},"duration":3},{"tweenEasing":0,"transform":{"y":-5.87,"skX":9.84,"skY":9.84,"scX":1.037,"x":-1.76},"duration":3},{"transform":{"y":0.57,"skX":4.68,"skY":4.68,"scX":0.987,"x":-1.95},"duration":0}],"name":"Leg_L"},{"frame":[{"tweenEasing":0,"transform":{"skX":0.15,"skY":0.15},"duration":3},{"tweenEasing":0,"transform":{"skX":20.21,"skY":20.21},"duration":3},{"tweenEasing":0,"transform":{"skX":25.37,"skY":25.37},"duration":9},{"tweenEasing":0,"transform":{"skX":-2.16,"skY":-2.16},"duration":9},{"tweenEasing":0,"transform":{"skX":-3.45,"skY":-3.45},"duration":3},{"tweenEasing":0,"transform":{"skX":-10.75,"skY":-10.75},"duration":3},{"transform":{"skX":0.15,"skY":0.15},"duration":0}],"name":"Foot_L"},{"frame":[{"tweenEasing":0,"transform":{"skX":12.9,"skY":12.9},"duration":3},{"tweenEasing":0,"transform":{"skX":25.22,"skY":25.22},"duration":3},{"tweenEasing":0,"transform":{"skX":27.96,"skY":27.96},"duration":9},{"tweenEasing":0,"transform":{"skX":11.08,"skY":11.08},"duration":6},{"tweenEasing":0,"transform":{"skX":-17.83,"skY":-17.83},"duration":6},{"tweenEasing":0,"transform":{"skX":10.05,"skY":10.05},"duration":3},{"transform":{"skX":12.9,"skY":12.9},"duration":0}],"name":"Foot_L2"},{"frame":[{"transform":{},"duration":30}],"name":"root"},{"frame":[{"transform":{},"duration":30}],"name":"buff_flo"},{"frame":[{"transform":{},"duration":30}],"name":"buff_up"},{"frame":[{"transform":{},"duration":30}],"name":"buff_mid"}],"name":"0001_yidong","duration":30},{"ik":[],"frame":[],"slot":[{"frame":[{"displayIndex":-1,"tweenEasing":0,"duration":3},{"tweenEasing":0,"duration":17},{"displayIndex":-1,"tweenEasing":0,"duration":17},{"displayIndex":-1,"tweenEasing":null,"duration":0}],"name":"Eye"}],"ffd":[],"bone":[{"frame":[{"transform":{},"duration":37}],"name":"Fuji"},{"frame":[{"curve":[0.25,0,0.75,1],"transform":{},"duration":5},{"transform":{"y":6.02},"duration":12},{"transform":{"y":6.02},"duration":2},{"curve":[0.25,0,1,0.56],"transform":{"y":6.02},"duration":3},{"curve":[0.25,0,0.75,1],"transform":{"y":-82.55},"duration":3},{"curve":[0.25,0,0.75,1],"transform":{"y":-88.86},"duration":5},{"curve":[0.25,0,0.75,1],"transform":{"y":-84.34},"duration":7},{"transform":{},"duration":0}],"name":"bip"},{"frame":[{"curve":[0.25,0,0.75,1],"transform":{"scY":0.999,"skX":-0.02,"skY":-0.02},"duration":5},{"curve":[0.25,0,0.75,1],"transform":{"scY":1.045,"skX":2.23,"skY":2.23,"scX":0.93},"duration":3},{"curve":[0.25,0,0.75,1],"transform":{"scY":1.03,"skX":2.23,"skY":2.23,"scX":0.967},"duration":3},{"curve":[0.25,0,0.75,1],"transform":{"scY":1.049,"skX":2.23,"skY":2.23,"scX":0.903},"duration":3},{"curve":[0.25,0,0.75,1],"transform":{"scY":1.054,"skX":2.23,"skY":2.23,"scX":0.928},"duration":3},{"transform":{"scY":1.055,"skX":3.1,"skY":3.1,"scX":0.919},"duration":2},{"curve":[0.25,0,1,0.56],"transform":{"scY":1.055,"skX":3.1,"skY":3.1,"scX":0.919},"duration":3},{"curve":[0.25,0,0.75,1],"transform":{"scY":0.932,"skX":-2.83,"skY":-2.83,"scX":1.104},"duration":3},{"curve":[0.25,0,0.75,1],"transform":{"skX":-4.32,"skY":-4.32},"duration":5},{"curve":[0.25,0,0.75,1],"transform":{"skX":-4.32,"skY":-4.32},"duration":3},{"curve":[0.162,0.38,0.75,1],"transform":{"scY":0.952,"skX":-4.37,"skY":-4.37,"scX":1.117},"duration":4},{"transform":{"scY":0.999,"skX":-0.02,"skY":-0.02},"duration":0}],"name":"Body"},{"frame":[{"curve":[0.25,0,0.75,1],"transform":{"skX":-19.13,"skY":-19.13},"duration":5},{"curve":[0.25,0,0.75,1],"transform":{"scY":1.062,"skX":-43.45,"skY":-43.45,"scX":0.999},"duration":3},{"curve":[0.25,0,0.75,1],"transform":{"scY":1.062,"skX":-33.37,"skY":-33.37,"scX":0.999},"duration":3},{"curve":[0.25,0,0.75,1],"transform":{"scY":1.062,"skX":-39.52,"skY":-39.52,"scX":0.999},"duration":3},{"curve":[0.25,0,0.75,1],"transform":{"scY":1.062,"skX":-34.89,"skY":-34.89,"scX":0.999},"duration":3},{"curve":[0.25,0,0.75,1],"transform":{"scY":1.062,"skX":-39.66,"skY":-39.66,"scX":0.999},"duration":2},{"curve":[0.25,0,1,0.56],"transform":{"scY":1.062,"skX":-40.11,"skY":-40.11,"scX":0.999},"duration":3},{"curve":[0.25,0,0.75,1],"transform":{"scY":1.196,"skX":-6.45,"skY":-6.45,"scX":1.201},"duration":3},{"curve":[0.25,0,0.75,1],"transform":{"scY":1.196,"skX":-22.24,"skY":-22.24,"scX":1.201},"duration":5},{"curve":[0.25,0,0.75,1],"transform":{"scY":1.19,"skX":-22.59,"skY":-22.59,"scX":1.188},"duration":3},{"curve":[0.162,0.38,0.75,1],"transform":{"scY":1.19,"skX":-0.49,"skY":-0.49,"scX":1.188},"duration":4},{"transform":{"skX":-19.13,"skY":-19.13},"duration":0}],"name":"Tail"},{"frame":[{"curve":[0.25,0,0.75,1],"transform":{"skX":-5.75,"skY":-5.75},"duration":5},{"curve":[0.25,0,0.75,1],"transform":{"skX":23.27,"skY":23.27},"duration":3},{"curve":[0.25,0,0.75,1],"transform":{"skX":15.73,"skY":15.73},"duration":3},{"curve":[0.25,0,0.75,1],"transform":{"skX":23.03,"skY":23.03},"duration":3},{"curve":[0.25,0,0.75,1],"transform":{"skX":18.57,"skY":18.57},"duration":3},{"transform":{"skX":23.27,"skY":23.27},"duration":2},{"curve":[0.25,0,1,0.56],"transform":{"skX":23.27,"skY":23.27},"duration":3},{"curve":[0.25,0,0.75,1],"transform":{"skX":24.73,"skY":24.73},"duration":3},{"curve":[0.25,0,0.75,1],"transform":{"skX":23.46,"skY":23.46},"duration":5},{"curve":[0.25,0,0.75,1],"transform":{"skX":22.93,"skY":22.93},"duration":3},{"curve":[0.162,0.38,0.75,1],"transform":{"skX":14.92,"skY":14.92},"duration":4},{"transform":{"skX":-5.75,"skY":-5.75},"duration":0}],"name":"Tail2"},{"frame":[{"curve":[0.25,0,0.75,1],"transform":{"skX":14.64,"skY":14.64},"duration":5},{"curve":[0.25,0,0.75,1],"transform":{"skX":39.66,"skY":39.66},"duration":3},{"curve":[0.25,0,0.75,1],"transform":{"skX":31.1,"skY":31.1},"duration":3},{"curve":[0.25,0,0.75,1],"transform":{"skX":41.28,"skY":41.28},"duration":3},{"curve":[0.25,0,0.75,1],"transform":{"skX":36.08,"skY":36.08},"duration":3},{"transform":{"skX":39.66,"skY":39.66},"duration":2},{"curve":[0.25,0,1,0.56],"transform":{"skX":39.66,"skY":39.66},"duration":3},{"curve":[0.25,0,0.75,1],"transform":{"skX":-27.66,"skY":-27.66},"duration":3},{"curve":[0.25,0,0.75,1],"transform":{"skX":14.62,"skY":14.62},"duration":5},{"curve":[0.25,0,0.75,1],"transform":{"skX":26.85,"skY":26.85},"duration":3},{"curve":[0.162,0.38,0.75,1],"transform":{"skX":-5.54,"skY":-5.54},"duration":4},{"transform":{"skX":14.64,"skY":14.64},"duration":0}],"name":"Tail3"},{"frame":[{"curve":[0.25,0,0.75,1],"transform":{"skX":2.06,"skY":2.06},"duration":5},{"curve":[0.25,0,0.75,1],"transform":{"skX":-40.45,"skY":-40.45},"duration":3},{"curve":[0.25,0,0.75,1],"transform":{"skX":-27.36,"skY":-27.36},"duration":3},{"curve":[0.25,0,0.75,1],"transform":{"skX":-40.08,"skY":-40.08},"duration":3},{"curve":[0.25,0,0.75,1],"transform":{"skX":-32.11,"skY":-32.11},"duration":3},{"transform":{"skX":-40.45,"skY":-40.45},"duration":2},{"curve":[0.25,0,1,0.56],"transform":{"skX":-40.45,"skY":-40.45},"duration":3},{"curve":[0.25,0,0.75,1],"transform":{"skX":35.3,"skY":35.3},"duration":3},{"curve":[0.25,0,0.75,1],"transform":{"skX":-11.42,"skY":-11.42},"duration":5},{"curve":[0.25,0,0.75,1],"transform":{"skX":-19.81,"skY":-19.81},"duration":3},{"curve":[0.162,0.38,0.75,1],"transform":{"skX":15.7,"skY":15.7},"duration":4},{"transform":{"skX":2.06,"skY":2.06},"duration":0}],"name":"Tail4"},{"frame":[{"curve":[0.25,0,0.75,1],"transform":{"skX":-5.98,"skY":-5.98},"duration":5},{"curve":[0.25,0,0.75,1],"transform":{"skX":33.93,"skY":33.93},"duration":3},{"curve":[0.25,0,0.75,1],"transform":{"skX":25.92,"skY":25.92},"duration":3},{"curve":[0.25,0,0.75,1],"transform":{"skX":33.2,"skY":33.2},"duration":3},{"curve":[0.25,0,0.75,1],"transform":{"skX":29.74,"skY":29.74},"duration":3},{"transform":{"skX":33.93,"skY":33.93},"duration":2},{"curve":[0.25,0,1,0.56],"transform":{"skX":33.93,"skY":33.93},"duration":3},{"curve":[0.25,0,0.75,1],"transform":{"skX":-48.19,"skY":-48.19},"duration":3},{"curve":[0.25,0,0.75,1],"transform":{"skX":4.37,"skY":4.37},"duration":5},{"curve":[0.25,0,0.75,1],"transform":{"skX":16.9,"skY":16.9},"duration":3},{"curve":[0.162,0.38,0.75,1],"transform":{"skX":-17.79,"skY":-17.79},"duration":4},{"transform":{"skX":-5.98,"skY":-5.98},"duration":0}],"name":"Tail5"},{"frame":[{"curve":[0.25,0,0.75,1],"transform":{"skX":2.98,"skY":2.98},"duration":5},{"curve":[0.25,0,0.75,1],"transform":{"skX":5.64,"skY":5.64},"duration":3},{"curve":[0.25,0,0.75,1],"transform":{"skX":19.16,"skY":19.16},"duration":3},{"curve":[0.25,0,0.75,1],"transform":{"skX":7.71,"skY":7.71},"duration":3},{"curve":[0.25,0,0.75,1],"transform":{"skX":19.92,"skY":19.92},"duration":3},{"curve":[0.25,0,0.75,1],"transform":{"skX":7.48,"skY":7.48},"duration":2},{"curve":[0.25,0,1,0.56],"transform":{"skX":15.02,"skY":15.02},"duration":3},{"curve":[0.25,0,0.75,1],"transform":{"skX":17.73,"skY":17.73},"duration":3},{"curve":[0.25,0,0.75,1],"transform":{"skX":6.71,"skY":6.71},"duration":5},{"curve":[0.25,0,0.75,1],"transform":{"skX":-4.34,"skY":-4.34},"duration":3},{"curve":[0.162,0.38,0.75,1],"transform":{"skX":3.5,"skY":3.5},"duration":4},{"transform":{"skX":2.98,"skY":2.98},"duration":0}],"name":"Tail6"},{"frame":[{"curve":[0.25,0,0.75,1],"transform":{"skX":0.42,"skY":0.42,"x":0.04},"duration":5},{"curve":[0.25,0,0.75,1],"transform":{"skX":20.74,"skY":20.74,"x":0.04},"duration":3},{"curve":[0.25,0,0.75,1],"transform":{"skX":16.75,"skY":16.75,"x":0.04},"duration":3},{"curve":[0.25,0,0.75,1],"transform":{"skX":23.74,"skY":23.74,"x":0.04},"duration":3},{"curve":[0.25,0,0.75,1],"transform":{"skX":15.39,"skY":15.39,"x":0.04},"duration":3},{"curve":[0.25,0,0.75,1],"transform":{"skX":22.86,"skY":22.86,"x":0.04},"duration":2},{"curve":[0.25,0,1,0.56],"transform":{"skX":28.69,"skY":28.69,"x":0.04},"duration":3},{"curve":[0.25,0,0.75,1],"transform":{"skX":-31.77,"skY":-31.77,"x":0.04},"duration":3},{"curve":[0.25,0,0.75,1],"transform":{"skX":-28.97,"skY":-28.97,"x":0.04},"duration":12},{"transform":{"skX":0.42,"skY":0.42,"x":0.04},"duration":0}],"name":"Hand_R"},{"frame":[{"curve":[0.25,0,0.75,1],"transform":{"skX":-0.87,"skY":-0.87,"x":0.08},"duration":5},{"curve":[0.25,0,0.75,1],"transform":{"skX":-26.77,"skY":-26.77,"x":0.08},"duration":3},{"curve":[0.25,0,0.75,1],"transform":{"skX":-21.02,"skY":-21.02,"x":0.08},"duration":3},{"curve":[0.25,0,0.75,1],"transform":{"skX":-32.1,"skY":-32.1,"x":0.08},"duration":3},{"curve":[0.25,0,0.75,1],"transform":{"skX":-21.81,"skY":-21.81,"x":0.08},"duration":3},{"curve":[0.25,0,0.75,1],"transform":{"skX":-29.37,"skY":-29.37,"x":0.08},"duration":2},{"curve":[0.25,0,1,0.56],"transform":{"skX":-34.14,"skY":-34.14,"x":0.08},"duration":3},{"curve":[0.25,0,0.75,1],"transform":{"skX":37.07,"skY":37.07,"x":0.08},"duration":3},{"curve":[0.25,0,0.75,1],"transform":{"skX":38.05,"skY":38.05,"x":0.08},"duration":12},{"transform":{"skX":-0.87,"skY":-0.87,"x":0.08},"duration":0}],"name":"Hand_L"},{"frame":[{"curve":[0.25,0,0.75,1],"transform":{"skX":-7.02,"skY":-7.02},"duration":5},{"curve":[0.25,0,0.75,1],"transform":{"y":1.02,"skX":-14.49,"skY":-14.49,"x":-2.38},"duration":6},{"curve":[0.25,0,0.75,1],"transform":{"y":1.02,"skX":-8.9,"skY":-8.9,"x":-2.38},"duration":6},{"curve":[0.257,0,0.618,0.45],"transform":{"y":1.02,"skX":-13.6,"skY":-13.6,"x":-2.38},"duration":2},{"curve":[0.28049999999999997,0,0.629,0.4],"transform":{"y":1.02,"skX":-12.03,"skY":-12.03,"x":-2.38},"duration":3},{"curve":[0.281,0.13,0.7095,0.835],"transform":{"y":-0.56,"skX":0.07,"skY":0.07,"x":0.19},"duration":8},{"curve":[0.272,0.47,0.7435,1],"transform":{"y":1.45,"skX":-12.4,"skY":-12.4,"x":-2.36},"duration":7},{"transform":{"skX":-7.02,"skY":-7.02},"duration":0}],"name":"Ear_R"},{"frame":[{"curve":[0.25,0,0.75,1],"transform":{"skX":3.5,"skY":3.5},"duration":6},{"curve":[0.25,0,0.75,1],"transform":{"skX":11.39,"skY":11.39},"duration":6},{"curve":[0.25,0,0.75,1],"transform":{"skX":10.03,"skY":10.03},"duration":6},{"curve":[0.25,0,0.75,1],"transform":{"skX":11.39,"skY":11.39},"duration":2},{"curve":[0.25,0,1,0.56],"transform":{"skX":11.7,"skY":11.7},"duration":3},{"curve":[0.25,0,0.75,1],"transform":{"skX":3.92,"skY":3.92},"duration":8},{"curve":[0.162,0.38,0.75,1],"transform":{"skX":11.82,"skY":11.82},"duration":6},{"transform":{"skX":3.5,"skY":3.5},"duration":0}],"name":"Ear_L"},{"frame":[{"curve":[0.296,0,0.633,0.36],"transform":{"y":0.1,"skX":0.15,"skY":0.15,"x":0.12},"duration":5},{"curve":[0.293,0.19,0.643,0.58],"transform":{"y":-0.26,"skX":0.15,"skY":0.15,"x":-1.94},"duration":12},{"curve":[0.333,0.33,0.669,0.67],"transform":{"y":0.04,"skX":0.15,"skY":0.15,"x":-2.45},"duration":5},{"curve":[0.337,0.34,0.672,0.68],"transform":{"y":-0.23,"skX":0.15,"skY":0.15,"x":5.11},"duration":3},{"curve":[0.382,0.57,0.734,1],"transform":{"y":-0.11,"skX":0.15,"skY":0.15,"x":1.86},"duration":12},{"transform":{"y":0.1,"skX":0.15,"skY":0.15,"x":0.12},"duration":0}],"name":"Brow_R"},{"frame":[{"curve":[0.296,0,0.633,0.36],"transform":{"y":-0.02,"skX":0.09,"skY":0.09,"x":0.05},"duration":5},{"curve":[0.293,0.19,0.643,0.58],"transform":{"y":0.2,"skX":0.09,"skY":0.09,"x":-1.93},"duration":12},{"curve":[0.333,0.33,0.669,0.67],"transform":{"y":0.27,"skX":0.09,"skY":0.09,"x":-2.47},"duration":5},{"curve":[0.337,0.34,0.672,0.68],"transform":{"y":-3.39,"skX":0.09,"skY":0.09,"x":3.84},"duration":3},{"curve":[0.382,0.57,0.734,1],"transform":{"y":-2.42,"skX":0.09,"skY":0.09,"x":-0.3},"duration":12},{"transform":{"y":-0.02,"skX":0.09,"skY":0.09,"x":0.05},"duration":0}],"name":"Brow_L"},{"frame":[{"curve":[0.25,0,0.75,1],"transform":{},"duration":5},{"transform":{"scY":1.009,"skX":0.84,"skY":0.84,"scX":0.836},"duration":12},{"transform":{"scY":1.009,"skX":0.84,"skY":0.84,"scX":0.836},"duration":2},{"curve":[0.25,0,1,0.56],"transform":{"scY":1.009,"skX":0.84,"skY":0.84,"scX":0.836},"duration":3},{"curve":[0.25,0,0.75,1],"transform":{"scY":0.893,"skX":1.56,"skY":1.56,"scX":1.057},"duration":3},{"curve":[0.25,0,0.75,1],"transform":{"skX":-3.21,"skY":-3.21},"duration":12},{"transform":{},"duration":0}],"name":"Leg_R"},{"frame":[{"curve":[0.25,0,0.75,1],"transform":{},"duration":5},{"transform":{"scY":1.049,"skX":1.06,"skY":1.06},"duration":12},{"transform":{"scY":1.049,"skX":1.06,"skY":1.06},"duration":2},{"curve":[0.25,0,1,0.56],"transform":{"scY":1.049,"skX":1.06,"skY":1.06},"duration":3},{"curve":[0.25,0,0.75,1],"transform":{"skX":13.78,"skY":13.78},"duration":3},{"curve":[0.25,0,0.75,1],"transform":{"skX":14.67,"skY":14.67},"duration":5},{"curve":[0.25,0,0.75,1],"transform":{"skX":-0.43,"skY":-0.43},"duration":3},{"curve":[0.162,0.38,0.75,1],"transform":{"skX":-4.56,"skY":-4.56},"duration":4},{"transform":{},"duration":0}],"name":"Foot_R"},{"frame":[{"curve":[0.25,0,0.75,1],"transform":{},"duration":5},{"curve":[0.25,0,0.75,1],"transform":{"skX":3.84,"skY":3.84},"duration":12},{"transform":{"skX":6.05,"skY":6.05},"duration":2},{"curve":[0.25,0,1,0.56],"transform":{"skX":6.05,"skY":6.05},"duration":3},{"curve":[0.25,0,0.75,1],"transform":{"skX":12.36,"skY":12.36},"duration":3},{"curve":[0.25,0,0.75,1],"transform":{"skX":16.51,"skY":16.51},"duration":8},{"curve":[0.162,0.38,0.75,1],"transform":{"skX":-11.91,"skY":-11.91},"duration":4},{"transform":{},"duration":0}],"name":"Foot_R2"},{"frame":[{"curve":[0.25,0,0.75,1],"transform":{},"duration":5},{"transform":{"scY":1.015,"skX":-1.57,"skY":-1.57,"scX":0.867},"duration":12},{"transform":{"scY":1.015,"skX":-1.57,"skY":-1.57,"scX":0.867},"duration":2},{"curve":[0.25,0,1,0.56],"transform":{"scY":1.015,"skX":-1.57,"skY":-1.57,"scX":0.867},"duration":3},{"curve":[0.25,0,0.75,1],"transform":{"scY":0.951,"skX":3.61,"skY":3.61,"scX":1.015},"duration":3},{"curve":[0.25,0,0.75,1],"transform":{"skX":-0.82,"skY":-0.82},"duration":12},{"transform":{},"duration":0}],"name":"Leg_L"},{"frame":[{"curve":[0.25,0,0.75,1],"transform":{},"duration":5},{"transform":{"scY":1.087,"skX":0.7,"skY":0.7},"duration":12},{"transform":{"scY":1.087,"skX":0.7,"skY":0.7},"duration":2},{"curve":[0.25,0,1,0.56],"transform":{"scY":1.087,"skX":0.7,"skY":0.7},"duration":3},{"curve":[0.25,0,0.75,1],"transform":{"skX":12.56,"skY":12.56},"duration":3},{"curve":[0.25,0,0.75,1],"transform":{"skX":9.94,"skY":9.94},"duration":5},{"curve":[0.25,0,0.75,1],"transform":{"skX":-0.12,"skY":-0.12},"duration":3},{"curve":[0.162,0.38,0.75,1],"transform":{"skX":-9.06,"skY":-9.06},"duration":4},{"transform":{},"duration":0}],"name":"Foot_L"},{"frame":[{"curve":[0.25,0,0.75,1],"transform":{},"duration":5},{"curve":[0.25,0,0.75,1],"transform":{"skX":10.8,"skY":10.8},"duration":12},{"transform":{"skX":13.08,"skY":13.08},"duration":2},{"curve":[0.25,0,1,0.56],"transform":{"skX":13.08,"skY":13.08},"duration":3},{"curve":[0.25,0,0.75,1],"transform":{"skX":13.63,"skY":13.63},"duration":3},{"curve":[0.25,0,0.75,1],"transform":{"skX":14.68,"skY":14.68},"duration":8},{"curve":[0.162,0.38,0.75,1],"transform":{"skX":-14.55,"skY":-14.55},"duration":4},{"transform":{},"duration":0}],"name":"Foot_L2"},{"frame":[{"transform":{},"duration":37}],"name":"root"},{"frame":[{"transform":{},"duration":37}],"name":"buff_flo"},{"frame":[{"transform":{},"duration":37}],"name":"buff_up"},{"frame":[{"transform":{},"duration":37}],"name":"buff_mid"}],"name":"0002_shifa","duration":37}],"aabb":{"width":186.85906532884184,"y":-265.61,"height":276.016678875,"x":-123.11549746249999},"skin":[{"slot":[{"display":[{"path":"Ear_L","type":"image","name":"Ear_L","transform":{"y":-5.83,"skX":74.81,"skY":74.81,"x":17.48}}],"name":"Ear_L"},{"display":[{"vertices":[-104.18,-97.27,-91.45,-82.95,-67.27,-87.84,-86.55,-62.6,-78.01,-38.64,-49.12,-35.21,-27.94,-25.48,-18.1,-27.28,-18.53,-38.2,-48.05,-51.04,-70.94,-53.39,-50.16,-85.49,-58.92,-104.32,-91.88,-99.19,-83.29,-135.78,-101.05,-136.49,-49.52,-42.9,-73.21,-47.4,-77.4,-57.44,-58.79,-86.54,-65.22,-95.53,-91.32,-92.11,-98.81,-98.7,-93.1,-123.59],"edges":[0,1,1,2,2,3,3,4,4,5,5,6,6,7,7,8,8,9,9,10,10,11,11,12,12,13,13,14,14,15,15,0],"path":"Tail","uvs":[-0.01176,0.35062,0.13807,0.48216,0.42257,0.437,0.19598,0.66867,0.29669,0.88856,0.63657,0.91998,0.88581,1.00917,1.00162,0.99262,0.99659,0.89249,0.64915,0.77469,0.37977,0.75309,0.62398,0.45859,0.52076,0.28583,0.13303,0.33295,0.23374,-0.00278,0.02478,-0.00917,0.63191,0.84944,0.35309,0.80815,0.30368,0.71595,0.5225,0.44898,0.44661,0.36641,0.13956,0.39806,0.05133,0.33751,0.11839,0.10908],"bonePose":[22,-0.9999932831934132,-0.0036651832230569226,0.0036651832230569226,-0.9999932831934132,-58.55866962437757,-92.79627707236256,23,0.17828702962887646,-0.9839785236813416,0.9839785236813416,0.17828702962887646,-98.60788749062256,-93.08306672009309,21,0.4615937936075881,-0.8870914100040398,0.8870914100040398,0.4615937936075881,-80.36010545823606,-50.87659201173561,20,-0.9742127818877606,-0.2256312380999376,0.2256312380999376,-0.9742127818877606,-50.261443122666265,-43.885102498809786,16,-0.8927431500216586,-0.4505659419989557,0.4505659419989557,-0.8927431500216586,-23.389454870315525,-30.434870256743334],"triangles":[9,16,8,16,5,6,18,10,19,20,19,12,12,19,11,10,16,9,2,18,19,10,17,16,16,17,5,17,4,5,3,18,2,20,2,19,13,20,12,21,2,20,13,21,20,21,1,2,18,17,10,18,4,17,3,4,18,15,23,14,23,22,13,0,22,23,22,0,21,21,0,1,22,21,13,15,0,23,19,10,11,23,13,14,8,7,16,16,6,7],"type":"mesh","transform":{},"slotPose":[1,0,0,1,0,0],"userEdges":[7,16,16,17,17,18,18,19,19,20,20,21,21,22,22,23],"width":85,"height":109,"name":"Tail","weights":[2,22,0.0097,23,0.99029,1,22,1,2,21,0.50265,22,0.49733,1,21,1,1,20,1,2,20,0.5,16,0.5,1,16,1,1,16,1,1,16,1,2,20,0.5,16,0.5,2,20,0.62941,21,0.37058,2,21,0.97698,22,0.02301,1,22,1,2,22,0.43479,23,0.56519,1,23,1,1,23,1,2,20,0.5,16,0.5,1,20,1,1,21,1,1,21,1,1,22,1,1,22,1,1,23,1,1,23,1]}],"name":"Tail"},{"display":[{"path":"Ear_R","type":"image","name":"Ear_R","transform":{"y":3.63,"skX":108.11,"skY":108.11,"x":21.81}}],"name":"Ear_R"},{"display":[{"path":"Hand_L","type":"image","name":"Hand_L","transform":{"y":0.97,"skX":-61.38,"skY":-61.38,"x":17.75}}],"name":"Hand_L"},{"display":[{"path":"Body","type":"image","name":"Body","transform":{"y":2.19,"skX":85,"skY":85,"x":52.37}}],"name":"Body"},{"display":[{"path":"Hand_R","type":"image","name":"Hand_R","transform":{"y":-0.72,"skX":-112.52,"skY":-112.52,"x":16.21}}],"name":"Hand_R"},{"display":[{"path":"Brow_R","type":"image","name":"Brow_R","transform":{"y":1.58,"skX":90,"skY":90,"x":-0.81}}],"name":"Brow_R"},{"display":[{"path":"Hair_01","type":"image","name":"Hair_01","transform":{"y":22.64,"skX":85,"skY":85,"x":99.83}}],"name":"Hair_01"},{"display":[{"vertices":[14.34,-20.48,13.89,-18.22,-5.25,-15.51,-2.4,-5.59,11.98,-6.59,27.62,-2.76,41.8,1.53,54.73,-0.63,54.74,-11.28,39.18,-15.93,27.08,-15.48,24.8,-20.48,19.7,-15.76,-1.03,-11.32,17.16,-12.76,32.99,-9.67],"edges":[2,3,3,4,4,5,5,6,6,7,7,8,8,9,9,10,10,11,11,0,0,1,1,2],"path":"Foot_L","uvs":[0.3206,-0.05,0.31276,0.06284,-0.01724,0.19934,0.03191,0.69529,0.27981,0.64524,0.54967,0.83634,0.79442,1.05,1.01724,0.94099,1.01724,0.40865,0.74893,0.17659,0.54025,0.19934,0.50103,-0.05,0.41317,0.1857,0.05544,0.40865,0.36924,0.33584,0.64223,0.49054],"bonePose":[7,-0.08715574274765824,0.9961946980917455,-0.9961946980917455,-0.08715574274765824,21.69,-41.7,9,0.9849890569441702,0.17261679437480665,-0.17261679437480665,0.9849890569441702,17.160881747710853,-12.764630849827045,18,0.9085081775267216,0.4178670738010768,-0.4178670738010768,0.9085081775267216,35.10738236523363,-9.619552856318066],"triangles":[15,5,6,10,15,9,14,4,5,11,12,10,12,14,10,0,12,11,1,14,12,0,1,12,2,13,1,13,3,4,2,3,13,4,13,14,1,13,14,5,14,15,10,14,15,6,15,7,9,15,7,8,9,7],"type":"mesh","transform":{},"slotPose":[1,0,0,1,0,0],"userEdges":[1,12,12,10,13,14,14,15,15,7],"width":58,"height":20,"name":"Foot_L","weights":[2,7,0.88,9,0.12,2,7,0.27618,9,0.72381,1,9,1,1,9,1,1,9,1,2,9,0.88333,18,0.11666,2,9,0.00056,18,0.99943,1,18,1,1,18,1,2,9,0.22314,18,0.77685,2,7,0.07996,9,0.92003,2,7,0.88,9,0.12,2,7,0.42,9,0.58,1,9,1,1,9,1,2,9,0.64999,18,0.35]}],"name":"Foot_L"},{"display":[{"path":"Brow_L","type":"image","name":"Brow_L","transform":{"y":0.01,"skX":90,"skY":90,"x":-1.4}}],"name":"Brow_L"},{"display":[{"vertices":[-110.69,-159.49,-122.14,-145.18,-122.16,-125.22,-116.7,-104.47,-87.72,-101.48,-65.18,-114.41,-65.16,-139.17,-75.18,-159.46,-104.76,-149.59,-106.51,-127.5,-102.49,-109.25,-85.57,-148.22,-82.71,-129.4,-85.98,-108.86,-94.99,-137.15,-93.95,-116.07],"edges":[1,2,2,3,3,4,4,5,5,6,6,7,7,0,0,1],"path":"Tail_02","uvs":[0.18957,-0.01786,-0.01818,0.23795,-0.01818,0.59453,0.08135,0.96482,0.60848,1.01786,1.01818,0.78653,1.01818,0.34424,0.83538,-0.01786,0.29778,0.15911,0.26636,0.55339,0.33967,0.8791,0.64687,0.1831,0.69924,0.5191,0.63989,0.88596,0.4756,0.38088,0.49496,0.75744],"bonePose":[23,0.17828702962887646,-0.9839785236813416,0.9839785236813416,0.17828702962887646,-98.60788749062256,-93.08306672009309,24,-0.047629461743982,-0.9988650731575204,0.9988650731575204,-0.047629461743982,-92.13274803611262,-127.7541147147045],"triangles":[7,11,6,11,12,6,13,4,5,6,12,5,12,13,5,15,13,12,0,11,7,0,8,11,11,14,12,14,15,12,14,9,15,10,3,4,8,14,11,10,4,13,15,10,13,9,10,15,8,9,14,2,3,9,1,9,8,9,3,10,1,2,9,0,1,8],"type":"mesh","transform":{},"slotPose":[1,0,0,1,0,0],"userEdges":[8,9,9,10,11,12,12,13,14,15],"width":55,"height":56,"name":"Tail_02","weights":[2,23,0.00363,24,0.99636,2,23,0.13579,24,0.8642,2,23,0.58856,24,0.41143,2,23,0.96914,24,0.03085,1,23,1,2,23,0.77178,24,0.22821,2,23,0.20048,24,0.79951,1,24,1,2,23,0.02589,24,0.9741,2,23,0.47412,24,0.52587,2,23,0.98864,24,0.01135,1,24,1,2,23,0.41088,24,0.58911,2,23,0.99142,24,0.00856,2,23,0.00999,24,0.99,1,23,1]}],"name":"Tail_02"},{"display":[{"path":"Eye","type":"image","name":"Eye","transform":{"y":40.35,"skX":85,"skY":85,"x":52.19}}],"name":"Eye"},{"display":[{"path":"buff_mid","type":"image","name":"buff_mid","transform":{"y":0.85,"x":1.7}}],"name":"buff_mid"},{"display":[{"path":"buff_flo","type":"image","name":"buff_flo","transform":{"y":-0.85}}],"name":"buff_flo"},{"display":[{"path":"Leg_R","type":"image","name":"Leg_R","transform":{"y":0.39,"skX":-100.31,"skY":-100.31,"x":12.82}}],"name":"Leg_R"},{"display":[{"path":"buff_up","type":"image","name":"buff_up","transform":{"y":-0.85,"x":0.85}}],"name":"buff_up"},{"display":[{"path":"Leg_L","type":"image","name":"Leg_L","transform":{"y":0.06,"skX":-94.97,"skY":-94.97,"x":15.79}}],"name":"Leg_L"},{"display":[{"vertices":[-10.4,-12.5,-11.77,-10.04,-27.24,-7.6,-25.87,2.04,-15.86,1.77,-0.23,7.06,18.42,14.52,38.73,9.1,35.99,-3.28,14.34,-6.12,1.23,-7.58,1.14,-12.49,-5.58,-7.77,-24.05,-2.87,-8.4,-4.5,8.79,-0.39],"edges":[2,3,3,4,4,5,5,6,6,7,7,8,8,9,9,10,10,11,11,0,0,1,1,2],"path":"Foot_R","uvs":[0.24754,-0.04,0.22621,0.05787,-0.01563,0.15615,0.00583,0.54199,0.16223,0.53107,0.4068,0.74219,0.69828,1.04,1.01563,0.82227,0.97269,0.32723,0.63429,0.21439,0.42955,0.15615,0.42812,-0.04,0.3229,0.14887,0.03427,0.34543,0.27883,0.27991,0.54756,0.44371],"bonePose":[8,-0.17914564488358212,0.9838225642458326,-0.9838225642458326,-0.17914564488358212,-1.06,-29.03,17,0.962407846499124,0.2716084258577385,-0.2716084258577385,0.962407846499124,-5.620929840126891,-4.429091094159958,19,0.9123346263296234,0.4094453926960059,-0.4094453926960059,0.9123346263296234,8.892180485079898,-0.3332360322252619],"triangles":[15,5,6,10,15,9,0,12,11,12,14,10,11,12,10,14,4,5,1,14,12,0,1,12,2,13,1,13,3,4,2,3,13,4,13,14,1,13,14,5,14,15,10,14,15,6,15,7,8,9,7,9,15,7],"type":"mesh","transform":{},"slotPose":[1,0,0,1,0,0],"userEdges":[1,12,12,10,13,14,14,15,15,7],"width":64,"height":25,"name":"Foot_R","weights":[1,8,1,2,8,0.39999,17,0.6,1,17,1,1,17,1,1,17,1,2,17,0.9124,19,0.08759,2,17,0.00279,19,0.9972,1,19,1,1,19,1,2,17,0.10775,19,0.89224,2,8,0.33692,17,0.66307,2,8,0.88443,17,0.11556,2,8,0.47,17,0.52999,1,17,1,1,17,1,2,17,0.5,19,0.5]}],"name":"Foot_R"}],"name":""}],"slot":[{"name":"Hand_L","parent":"Hand_L","color":{}},{"z":1,"name":"Tail_02","parent":"Tail6","color":{}},{"z":2,"name":"Tail","parent":"Tail","color":{}},{"z":3,"name":"Foot_L","parent":"Foot_L","color":{}},{"z":4,"name":"Foot_R","parent":"Foot_R","color":{}},{"z":5,"name":"Leg_L","parent":"Leg_L","color":{}},{"z":6,"name":"Leg_R","parent":"Leg_R","color":{}},{"z":7,"name":"Body","parent":"Body","color":{}},{"z":8,"name":"Eye","parent":"Body","color":{}},{"z":9,"name":"Brow_R","parent":"Brow_R","color":{}},{"z":10,"name":"Brow_L","parent":"Brow_L","color":{}},{"z":11,"name":"Ear_L","parent":"Ear_L","color":{}},{"z":12,"name":"Hair_01","parent":"Body","color":{}},{"z":13,"name":"Ear_R","parent":"Ear_R","color":{}},{"z":14,"name":"Hand_R","parent":"Hand_R","color":{}},{"z":15,"name":"buff_flo","parent":"buff_flo","color":{"aM":0}},{"z":16,"name":"buff_mid","parent":"buff_mid","color":{"aM":0}},{"z":17,"name":"buff_up","parent":"buff_up","color":{"aM":0}}],"frameRate":30,"name":"armatureName"}],"name":"cw_005_tiaotiaoshu_cj","version":"4.0"}