{"frameRate":30,"isGlobal":0,"armature":[{"skin":[{"name":"","slot":[{"display":[{"path":"smoke03","type":"image","name":"smoke03","transform":{}}],"name":"smoke03"},{"display":[{"path":"ringeff","type":"image","name":"ringeff","transform":{"scX":0.558,"scY":0.558}}],"name":"ringeff"},{"display":[{"path":"icebg","type":"image","name":"icebg","transform":{}}],"name":"icebg"},{"display":[{"path":"ice02","type":"image","name":"ice02","transform":{"skX":1.8,"skY":1.8,"y":-0.1,"x":19.95}}],"name":"ice02"},{"display":[{"path":"w-ice03","type":"image","name":"w-ice03","transform":{"skX":-8.43,"skY":-8.43,"y":0.08,"x":39}}],"name":"w-ice03"},{"display":[{"path":"ice01","type":"image","name":"ice01","transform":{"skX":3.15,"skY":3.15,"y":-3.25,"x":34.96}}],"name":"ice01"},{"display":[{"path":"w-ice06","type":"image","name":"w-ice06","transform":{"skX":51.78,"skY":51.78,"y":4.83,"x":40.63}}],"name":"w-ice06"},{"display":[{"path":"flash02","type":"image","name":"flash02","transform":{"scX":0.5,"scY":0.5}}],"name":"flash02"},{"display":[{"path":"ice06","type":"image","name":"ice06","transform":{"skX":50.41,"skY":50.41,"y":4.67,"x":38.39}}],"name":"ice06"},{"display":[{"path":"ice05","type":"image","name":"ice05","transform":{"skX":25.28,"skY":25.28,"y":2.54,"x":78.07}}],"name":"ice05"},{"display":[{"path":"flash01","type":"image","name":"flash01","transform":{"scX":0.5,"scY":0.5}}],"name":"flash01"},{"display":[{"path":"ice04","type":"image","name":"ice04","transform":{"skX":4.94,"skY":4.94,"y":1.27,"x":14.72}}],"name":"ice04"},{"display":[{"path":"smoke02","type":"image","name":"smoke02","transform":{}}],"name":"smoke02"},{"display":[{"path":"w-ice05","type":"image","name":"w-ice05","transform":{"skX":25.28,"skY":25.28,"y":1.81,"x":73.1}}],"name":"w-ice05"},{"display":[{"path":"w-ice04","type":"image","name":"w-ice04","transform":{"skX":11.73,"skY":11.73,"y":2.64,"x":15.86}}],"name":"w-ice04"},{"display":[{"path":"smoke03","type":"image","name":"smoke03","transform":{}}],"name":"smoke032"},{"display":[{"path":"w-ice02","type":"image","name":"w-ice02","transform":{"skX":3.6,"skY":3.6,"y":0.52,"x":18.65}}],"name":"w-ice02"},{"display":[{"path":"smoke01","type":"image","name":"smoke01","transform":{}}],"name":"smoke01"},{"display":[{"path":"ice03","type":"image","name":"ice03","transform":{"skX":-11.13,"skY":-11.13,"y":-0.87,"x":38.99}}],"name":"ice03"},{"display":[{"path":"w-ice01","type":"image","name":"w-ice01","transform":{"skX":4.94,"skY":4.94,"y":-2.11,"x":35.03}}],"name":"w-ice01"},{"display":[{"path":"particle","type":"image","name":"particle","transform":{"y":-29.68,"x":96.27}}],"name":"particle"}]}],"slot":[{"name":"icebg","parent":"icebg","color":{"aM":0}},{"z":1,"name":"ice01","parent":"ice01","color":{"aM":0}},{"z":2,"name":"ice02","parent":"ice02","color":{"aM":0}},{"z":3,"name":"ice03","parent":"ice03","color":{"aM":0}},{"z":4,"name":"ice04","parent":"ice04","color":{"aM":0}},{"z":5,"name":"ice05","parent":"ice05","color":{"aM":0}},{"z":6,"name":"ice06","parent":"ice06","color":{"aM":0}},{"z":7,"name":"w-ice01","parent":"w-ice01","color":{"aM":0}},{"z":8,"name":"w-ice02","parent":"w-ice02","color":{"aM":0}},{"z":9,"name":"w-ice03","parent":"w-ice03","color":{"aM":0}},{"z":10,"name":"w-ice04","parent":"w-ice04","color":{"aM":0}},{"z":11,"name":"w-ice05","parent":"w-ice05","color":{"aM":0}},{"z":12,"name":"w-ice06","parent":"w-ice06","color":{"aM":0}},{"z":13,"name":"ringeff","parent":"ringeff","color":{"aM":0}},{"z":14,"name":"smoke01","parent":"smoke01","color":{"aM":0}},{"z":15,"name":"smoke02","parent":"smoke02","color":{"aM":0}},{"z":16,"name":"smoke03","parent":"smoke03","color":{"aM":0}},{"z":17,"name":"smoke032","parent":"smoke04","color":{"aM":0}},{"z":18,"name":"particle","parent":"particle","color":{"aM":0}},{"z":19,"name":"flash01","parent":"flash1","color":{"aM":0}},{"z":20,"name":"flash02","parent":"flash2","color":{"aM":0}}],"type":"Armature","ik":[],"defaultActions":[{"gotoAndPlay":"animation1"}],"animation":[{"ffd":[],"frame":[],"duration":15,"ik":[],"bone":[{"frame":[{"tweenEasing":0,"duration":1,"transform":{}},{"tweenEasing":0,"duration":4,"transform":{"skX":2.02,"skY":2.02}},{"tweenEasing":0,"duration":9,"transform":{"skX":-349.87,"skY":-349.87}},{"tweenEasing":0,"duration":1,"transform":{"skX":49.02,"skY":49.02,"scX":1.989,"scY":1.989}},{"duration":0,"transform":{"skX":50.64,"skY":50.64,"scX":2,"scY":2}}],"name":"flash1"},{"frame":[{"tweenEasing":0,"duration":1,"transform":{}},{"tweenEasing":0,"duration":4,"transform":{"skX":-1.12,"skY":-1.12,"scX":1.5,"scY":1.5}},{"tweenEasing":0,"duration":9,"transform":{"skX":-5.62,"skY":-5.62,"scX":2,"scY":2}},{"tweenEasing":0,"duration":1,"transform":{"skX":-27.18,"skY":-27.18,"scX":2,"scY":2}},{"duration":0,"transform":{"skX":-28.08,"skY":-28.08,"scX":2,"scY":2}}],"name":"flash2"},{"frame":[{"tweenEasing":0,"duration":1,"transform":{}},{"duration":7,"curve":[0.269,0.955,0.234,0.7849999999999999],"transform":{"scX":0.7,"scY":0.7,"x":-26.84}},{"duration":6,"transform":{"scX":1.2,"scY":1.2,"x":-26.84}},{"duration":1,"curve":[0.323,0.31,0.657,0.64],"transform":{"scX":1.2,"scY":1.2,"x":-0.23}},{"duration":0,"transform":{"scX":1.2,"scY":1.2}}],"name":"ice01"},{"frame":[{"tweenEasing":0,"duration":1,"transform":{}},{"duration":7,"curve":[0.269,0.965,0.2255,0.7949999999999999],"transform":{"scX":0.7,"scY":0.7,"x":-39.43}},{"duration":6,"transform":{"scX":1.2,"scY":1.2,"x":-39.43}},{"duration":1,"curve":[0.323,0.31,0.656,0.64],"transform":{"scX":1.2,"scY":1.2,"x":-0.29}},{"duration":0,"transform":{"scX":1.2,"scY":1.2}}],"name":"ice02"},{"frame":[{"tweenEasing":0,"duration":1,"transform":{}},{"duration":7,"curve":[0.2675,0.98,0.23,0.8],"transform":{"scX":0.7,"y":-12.58,"scY":0.7,"x":-30.2}},{"duration":6,"transform":{"scX":1.2,"y":-12.58,"scY":1.2,"x":-30.2}},{"duration":1,"curve":[0.323,0.31,0.656,0.64],"transform":{"scX":1.2,"y":-0.08,"scY":1.2,"x":-0.21}},{"duration":0,"transform":{"scX":1.2,"scY":1.2}}],"name":"ice03"},{"frame":[{"tweenEasing":0,"duration":1,"transform":{}},{"duration":7,"curve":[0.26,0.905,0.2295,0.7849999999999999],"transform":{"scX":0.7,"y":1.67,"scY":0.7,"x":-11.74}},{"duration":6,"transform":{"scX":1.2,"y":1.67,"scY":1.2,"x":-11.74}},{"duration":1,"curve":[0.323,0.32,0.657,0.65],"transform":{"scX":1.2,"y":0.01,"scY":1.2,"x":-0.1}},{"duration":0,"transform":{"scX":1.2,"scY":1.2}}],"name":"ice04"},{"frame":[{"tweenEasing":0,"duration":1,"transform":{}},{"duration":7,"curve":[0.279,0.99,0.2595,0.8],"transform":{"scX":0.7,"y":9.22,"scY":0.7,"x":-21.81}},{"duration":6,"transform":{"scX":1.2,"y":9.22,"scY":1.2,"x":-21.81}},{"duration":1,"curve":[0.324,0.31,0.657,0.64],"transform":{"scX":1.2,"y":0.07,"scY":1.2,"x":-0.17}},{"duration":0,"transform":{"scX":1.2,"scY":1.2}}],"name":"ice05"},{"frame":[{"tweenEasing":0,"duration":1,"transform":{}},{"duration":7,"curve":[0.327,0.99,0.321,0.8],"transform":{"scX":0.7,"y":15.94,"scY":0.7,"x":-19.29}},{"duration":6,"transform":{"scX":1.2,"y":15.94,"scY":1.2,"x":-19.29}},{"duration":1,"curve":[0.325,0.31,0.659,0.64],"transform":{"scX":1.2,"y":0.15,"scY":1.2,"x":-0.18}},{"duration":0,"transform":{"scX":1.2,"scY":1.2}}],"name":"ice06"},{"frame":[{"duration":1,"transform":{"x":-430}},{"duration":13,"transform":{"x":-430}},{"duration":1,"transform":{"x":-430}},{"duration":0,"transform":{"x":-430}}],"name":"icebg"},{"frame":[{"tweenEasing":0,"duration":1,"transform":{}},{"duration":9,"curve":[0.264,1,0.364,0.83],"transform":{"scX":0.609,"scY":0.609}},{"duration":4,"transform":{"scX":1.632,"scY":1.632}},{"duration":1,"transform":{"scX":1.632,"scY":1.632}},{"duration":0,"transform":{"scX":1.632,"scY":1.632}}],"name":"particle"},{"frame":[{"duration":1,"transform":{}},{"duration":12,"curve":[0.287,1,0.218,0.86],"transform":{}},{"duration":1,"transform":{"scX":2.488,"scY":2.488}},{"duration":1,"transform":{"scX":2.488,"scY":2.488}},{"duration":0,"transform":{"scX":2.488,"scY":2.488}}],"name":"ringeff"},{"frame":[{"tweenEasing":0,"duration":1,"transform":{}},{"tweenEasing":0,"duration":2,"transform":{"x":-76.41}},{"duration":11,"curve":[0.586,0.51,0.784,0.7],"transform":{"x":-88.17}},{"duration":1,"curve":[0.331,0.32,0.664,0.66],"transform":{"skX":-18.53,"skY":-18.53,"y":-182.2,"x":-59.76}},{"duration":0,"transform":{"skX":-19.58,"skY":-19.58,"y":-192.53,"x":-58.15}}],"name":"smoke01"},{"frame":[{"duration":1,"transform":{}},{"duration":2,"transform":{}},{"duration":11,"curve":[0.586,0.51,0.784,0.7],"transform":{}},{"duration":1,"curve":[0.331,0.32,0.664,0.66],"transform":{"y":-83.95,"x":31.35}},{"duration":0,"transform":{"y":-88.71,"x":33.13}}],"name":"smoke02"},{"frame":[{"duration":1,"transform":{}},{"duration":2,"transform":{}},{"duration":12,"curve":[0.594,0.51,0.778,0.69],"transform":{}},{"duration":0,"transform":{"skX":-34.34,"skY":-34.34,"y":-65.19,"x":47.03}}],"name":"smoke03"},{"frame":[{"duration":1,"transform":{}},{"duration":2,"transform":{}},{"duration":11,"curve":[0.586,0.51,0.784,0.7],"transform":{}},{"duration":1,"curve":[0.331,0.32,0.664,0.66],"transform":{"skX":-29.74,"skY":-29.74,"y":-126.43}},{"duration":0,"transform":{"skX":-31.42,"skY":-31.42,"y":-133.6}}],"name":"smoke04"},{"frame":[{"duration":1,"transform":{}},{"duration":13,"transform":{}},{"duration":1,"transform":{}},{"duration":0,"transform":{}}],"name":"w-ice01"},{"frame":[{"duration":1,"transform":{}},{"duration":13,"transform":{}},{"duration":1,"transform":{}},{"duration":0,"transform":{}}],"name":"w-ice02"},{"frame":[{"duration":1,"transform":{}},{"duration":13,"transform":{}},{"duration":1,"transform":{}},{"duration":0,"transform":{}}],"name":"w-ice03"},{"frame":[{"duration":1,"transform":{}},{"duration":13,"transform":{}},{"duration":1,"transform":{}},{"duration":0,"transform":{}}],"name":"w-ice04"},{"frame":[{"duration":1,"transform":{}},{"duration":13,"transform":{}},{"duration":1,"transform":{}},{"duration":0,"transform":{}}],"name":"w-ice05"},{"frame":[{"duration":1,"transform":{}},{"duration":13,"transform":{}},{"duration":1,"transform":{}},{"duration":0,"transform":{}}],"name":"w-ice06"},{"frame":[{"duration":1,"transform":{}},{"duration":13,"transform":{}},{"duration":1,"transform":{}},{"duration":0,"transform":{}}],"name":"root"},{"frame":[{"duration":1,"curve":[0.333,1.04,0.37,0.85],"transform":{"scX":0.198,"scY":0.198}},{"duration":13,"transform":{}},{"duration":1,"transform":{}},{"duration":0,"transform":{}}],"name":"flash"},{"frame":[{"duration":1,"transform":{"x":-430}},{"duration":13,"transform":{"x":-430}},{"duration":1,"transform":{"x":-430}},{"duration":0,"transform":{"x":-430}}],"name":"ice"},{"frame":[{"duration":1,"transform":{}},{"duration":13,"transform":{}},{"duration":1,"transform":{}},{"duration":0,"transform":{}}],"name":"smoke"}],"slot":[{"frame":[{"duration":1,"curve":[0.1665,0.52,0.685,0.925],"color":{"aM":0}},{"duration":4,"curve":[0.2095,0.48,0.875,1]},{"tweenEasing":null,"duration":9,"color":{"aM":0}},{"tweenEasing":0,"duration":1,"color":{"aM":0}},{"tweenEasing":null,"duration":0,"color":{"aM":0}}],"name":"flash01"},{"frame":[{"duration":1,"curve":[0.1665,0.52,0.685,0.925],"color":{"aM":0}},{"tweenEasing":0,"duration":4},{"tweenEasing":null,"duration":9,"color":{"aM":0}},{"tweenEasing":0,"duration":1,"color":{"aM":0}},{"tweenEasing":null,"duration":0,"color":{"aM":0}}],"name":"flash02"},{"frame":[{"tweenEasing":0,"duration":1,"color":{"aM":0}},{"tweenEasing":0,"duration":13},{"tweenEasing":0,"duration":1},{"tweenEasing":null,"duration":0,"color":{"aM":0}}],"name":"ice01"},{"frame":[{"tweenEasing":0,"duration":1,"color":{"aM":0}},{"tweenEasing":0,"duration":13},{"tweenEasing":0,"duration":1},{"tweenEasing":null,"duration":0,"color":{"aM":0}}],"name":"ice02"},{"frame":[{"tweenEasing":0,"duration":1,"color":{"aM":0}},{"tweenEasing":0,"duration":13},{"tweenEasing":0,"duration":1},{"tweenEasing":null,"duration":0,"color":{"aM":0}}],"name":"ice03"},{"frame":[{"tweenEasing":0,"duration":1,"color":{"aM":0}},{"tweenEasing":0,"duration":13},{"tweenEasing":0,"duration":1},{"tweenEasing":null,"duration":0,"color":{"aM":0}}],"name":"ice04"},{"frame":[{"tweenEasing":0,"duration":1,"color":{"aM":0}},{"tweenEasing":0,"duration":13},{"tweenEasing":0,"duration":1},{"tweenEasing":null,"duration":0,"color":{"aM":0}}],"name":"ice05"},{"frame":[{"tweenEasing":0,"duration":1,"color":{"aM":0}},{"tweenEasing":0,"duration":13},{"tweenEasing":0,"duration":1},{"tweenEasing":null,"duration":0,"color":{"aM":0}}],"name":"ice06"},{"frame":[{"tweenEasing":0,"duration":1,"color":{"aM":0}},{"tweenEasing":0,"duration":13},{"tweenEasing":0,"duration":1},{"tweenEasing":null,"duration":0,"color":{"aM":0}}],"name":"icebg"},{"frame":[{"tweenEasing":0,"duration":1,"color":{"aM":0}},{"tweenEasing":0,"duration":2},{"tweenEasing":0,"duration":4},{"tweenEasing":0,"duration":3,"color":{"aM":49}},{"tweenEasing":null,"duration":4,"color":{"rM":28,"gM":34,"aM":0}},{"tweenEasing":0,"duration":1,"color":{"rM":28,"gM":34,"aM":0}},{"tweenEasing":null,"duration":0,"color":{"rM":28,"gM":34,"aM":0}}],"name":"particle"},{"frame":[{"tweenEasing":0,"duration":1,"color":{"aM":0}},{"tweenEasing":0,"duration":9},{"tweenEasing":null,"duration":4,"color":{"aM":0}},{"tweenEasing":0,"duration":1,"color":{"aM":0}},{"tweenEasing":null,"duration":0,"color":{"aM":0}}],"name":"ringeff"},{"frame":[{"tweenEasing":0,"duration":1,"color":{"aM":0}},{"tweenEasing":0,"duration":2,"color":{"aM":0}},{"duration":5,"curve":[0.594,0.51,0.778,0.69],"color":{"aM":0}},{"tweenEasing":null,"duration":2},{"tweenEasing":0,"duration":4},{"tweenEasing":0,"duration":1,"color":{"aM":9}},{"tweenEasing":null,"duration":0,"color":{"aM":0}}],"name":"smoke01"},{"frame":[{"tweenEasing":0,"duration":1,"color":{"aM":0}},{"tweenEasing":0,"duration":2,"color":{"aM":0}},{"duration":5,"curve":[0.594,0.51,0.778,0.69],"color":{"aM":0}},{"tweenEasing":null,"duration":2},{"tweenEasing":0,"duration":4},{"tweenEasing":0,"duration":1,"color":{"aM":9}},{"tweenEasing":null,"duration":0,"color":{"aM":0}}],"name":"smoke02"},{"frame":[{"tweenEasing":0,"duration":1,"color":{"aM":0}},{"tweenEasing":0,"duration":2,"color":{"aM":0}},{"duration":5,"curve":[0.594,0.51,0.778,0.69],"color":{"aM":0}},{"tweenEasing":null,"duration":2},{"tweenEasing":0,"duration":4},{"tweenEasing":0,"duration":1,"color":{"aM":9}},{"tweenEasing":null,"duration":0,"color":{"aM":0}}],"name":"smoke03"},{"frame":[{"tweenEasing":0,"duration":1,"color":{"aM":0}},{"tweenEasing":0,"duration":2,"color":{"aM":0}},{"duration":5,"curve":[0.594,0.51,0.778,0.69],"color":{"aM":0}},{"tweenEasing":null,"duration":2},{"tweenEasing":0,"duration":4},{"tweenEasing":0,"duration":1,"color":{"aM":9}},{"tweenEasing":null,"duration":0,"color":{"aM":0}}],"name":"smoke032"},{"frame":[{"tweenEasing":0,"duration":1,"color":{"aM":0}},{"tweenEasing":0,"duration":13},{"tweenEasing":0,"duration":1},{"tweenEasing":null,"duration":0,"color":{"aM":0}}],"name":"w-ice01"},{"frame":[{"tweenEasing":0,"duration":1,"color":{"aM":0}},{"tweenEasing":0,"duration":13},{"tweenEasing":0,"duration":1},{"tweenEasing":null,"duration":0,"color":{"aM":0}}],"name":"w-ice02"},{"frame":[{"tweenEasing":0,"duration":1,"color":{"aM":0}},{"tweenEasing":0,"duration":13},{"tweenEasing":0,"duration":1},{"tweenEasing":null,"duration":0,"color":{"aM":0}}],"name":"w-ice03"},{"frame":[{"tweenEasing":0,"duration":1,"color":{"aM":0}},{"tweenEasing":0,"duration":13},{"tweenEasing":0,"duration":1,"color":{"aM":0}},{"tweenEasing":null,"duration":0,"color":{"aM":0}}],"name":"w-ice04"},{"frame":[{"tweenEasing":0,"duration":1,"color":{"aM":0}},{"tweenEasing":0,"duration":13},{"tweenEasing":0,"duration":1},{"tweenEasing":null,"duration":0,"color":{"aM":0}}],"name":"w-ice05"},{"frame":[{"tweenEasing":0,"duration":1,"color":{"aM":0}},{"tweenEasing":0,"duration":13},{"tweenEasing":0,"duration":1},{"tweenEasing":null,"duration":0,"color":{"aM":0}}],"name":"w-ice06"}],"name":"animation1"},{"ffd":[],"frame":[],"duration":15,"ik":[],"bone":[{"frame":[{"tweenEasing":0,"duration":1,"transform":{}},{"tweenEasing":0,"duration":2,"transform":{"skX":2.02,"skY":2.02,"scX":1.7,"scY":1.7}},{"tweenEasing":0,"duration":11,"transform":{"skX":-349.87,"skY":-349.87,"scX":1.7,"scY":1.7}},{"tweenEasing":0,"duration":1,"transform":{"skX":49.02,"skY":49.02,"scX":1.989,"scY":1.989}},{"duration":0,"transform":{"skX":50.64,"skY":50.64,"scX":2,"scY":2}}],"name":"flash1"},{"frame":[{"tweenEasing":0,"duration":1,"transform":{}},{"tweenEasing":0,"duration":2,"transform":{"skX":-1.12,"skY":-1.12,"scX":2.2,"scY":2.2}},{"tweenEasing":0,"duration":11,"transform":{"skX":-5.62,"skY":-5.62,"scX":2,"scY":2}},{"tweenEasing":0,"duration":1,"transform":{"skX":-27.18,"skY":-27.18,"scX":2,"scY":2}},{"duration":0,"transform":{"skX":-28.08,"skY":-28.08,"scX":2,"scY":2}}],"name":"flash2"},{"frame":[{"tweenEasing":0,"duration":1,"transform":{}},{"duration":7,"curve":[0.269,0.955,0.234,0.7849999999999999],"transform":{"scX":0.7,"scY":0.7,"x":-26.84}},{"duration":6,"transform":{"scX":1.2,"scY":1.2,"x":-26.84}},{"duration":1,"curve":[0.323,0.31,0.657,0.64],"transform":{"scX":1.2,"scY":1.2,"x":-0.23}},{"duration":0,"transform":{"scX":1.2,"scY":1.2}}],"name":"ice01"},{"frame":[{"tweenEasing":0,"duration":1,"transform":{}},{"duration":7,"curve":[0.269,0.965,0.2255,0.7949999999999999],"transform":{"scX":0.7,"scY":0.7,"x":-39.43}},{"duration":6,"transform":{"scX":1.2,"scY":1.2,"x":-39.43}},{"duration":1,"curve":[0.323,0.31,0.656,0.64],"transform":{"scX":1.2,"scY":1.2,"x":-0.29}},{"duration":0,"transform":{"scX":1.2,"scY":1.2}}],"name":"ice02"},{"frame":[{"tweenEasing":0,"duration":1,"transform":{}},{"duration":7,"curve":[0.2675,0.98,0.23,0.8],"transform":{"scX":0.7,"y":-12.58,"scY":0.7,"x":-30.2}},{"duration":6,"transform":{"scX":1.2,"y":-12.58,"scY":1.2,"x":-30.2}},{"duration":1,"curve":[0.323,0.31,0.656,0.64],"transform":{"scX":1.2,"y":-0.08,"scY":1.2,"x":-0.21}},{"duration":0,"transform":{"scX":1.2,"scY":1.2}}],"name":"ice03"},{"frame":[{"tweenEasing":0,"duration":1,"transform":{}},{"duration":7,"curve":[0.26,0.905,0.2295,0.7849999999999999],"transform":{"scX":0.7,"y":1.67,"scY":0.7,"x":-11.74}},{"duration":6,"transform":{"scX":1.2,"y":1.67,"scY":1.2,"x":-11.74}},{"duration":1,"curve":[0.323,0.32,0.657,0.65],"transform":{"scX":1.2,"y":0.01,"scY":1.2,"x":-0.1}},{"duration":0,"transform":{"scX":1.2,"scY":1.2}}],"name":"ice04"},{"frame":[{"tweenEasing":0,"duration":1,"transform":{}},{"duration":7,"curve":[0.279,0.99,0.2595,0.8],"transform":{"scX":0.7,"y":9.22,"scY":0.7,"x":-21.81}},{"duration":6,"transform":{"scX":1.2,"y":9.22,"scY":1.2,"x":-21.81}},{"duration":1,"curve":[0.324,0.31,0.657,0.64],"transform":{"scX":1.2,"y":0.07,"scY":1.2,"x":-0.17}},{"duration":0,"transform":{"scX":1.2,"scY":1.2}}],"name":"ice05"},{"frame":[{"tweenEasing":0,"duration":1,"transform":{}},{"duration":7,"curve":[0.327,0.99,0.321,0.8],"transform":{"scX":0.7,"y":15.94,"scY":0.7,"x":-19.29}},{"duration":6,"transform":{"scX":1.2,"y":15.94,"scY":1.2,"x":-19.29}},{"duration":1,"curve":[0.325,0.31,0.659,0.64],"transform":{"scX":1.2,"y":0.15,"scY":1.2,"x":-0.18}},{"duration":0,"transform":{"scX":1.2,"scY":1.2}}],"name":"ice06"},{"frame":[{"duration":1,"transform":{"x":-430}},{"duration":13,"transform":{"x":-430}},{"duration":1,"transform":{"x":-430}},{"duration":0,"transform":{"x":-430}}],"name":"icebg"},{"frame":[{"tweenEasing":0,"duration":1,"transform":{}},{"duration":9,"curve":[0.264,1,0.364,0.83],"transform":{"scX":0.609,"scY":0.609}},{"duration":4,"transform":{"scX":1.632,"scY":1.632}},{"duration":1,"transform":{"scX":1.632,"scY":1.632}},{"duration":0,"transform":{"scX":1.632,"scY":1.632}}],"name":"particle"},{"frame":[{"duration":1,"transform":{}},{"duration":12,"curve":[0.287,1,0.218,0.86],"transform":{}},{"duration":1,"transform":{"scX":2.488,"scY":2.488}},{"duration":1,"transform":{"scX":2.488,"scY":2.488}},{"duration":0,"transform":{"scX":2.488,"scY":2.488}}],"name":"ringeff"},{"frame":[{"tweenEasing":0,"duration":1,"transform":{}},{"tweenEasing":0,"duration":2,"transform":{"x":-76.41}},{"duration":11,"curve":[0.586,0.51,0.784,0.7],"transform":{"x":-88.17}},{"duration":1,"curve":[0.331,0.32,0.664,0.66],"transform":{"skX":-18.53,"skY":-18.53,"y":-182.2,"x":-59.76}},{"duration":0,"transform":{"skX":-19.58,"skY":-19.58,"y":-192.53,"x":-58.15}}],"name":"smoke01"},{"frame":[{"duration":1,"transform":{}},{"duration":2,"transform":{}},{"duration":11,"curve":[0.586,0.51,0.784,0.7],"transform":{}},{"duration":1,"curve":[0.331,0.32,0.664,0.66],"transform":{"y":-83.95,"x":31.35}},{"duration":0,"transform":{"y":-88.71,"x":33.13}}],"name":"smoke02"},{"frame":[{"duration":1,"transform":{}},{"duration":2,"transform":{}},{"duration":12,"curve":[0.594,0.51,0.778,0.69],"transform":{}},{"duration":0,"transform":{"skX":-34.34,"skY":-34.34,"y":-65.19,"x":47.03}}],"name":"smoke03"},{"frame":[{"duration":1,"transform":{}},{"duration":2,"transform":{}},{"duration":11,"curve":[0.586,0.51,0.784,0.7],"transform":{}},{"duration":1,"curve":[0.331,0.32,0.664,0.66],"transform":{"skX":-29.74,"skY":-29.74,"y":-126.43}},{"duration":0,"transform":{"skX":-31.42,"skY":-31.42,"y":-133.6}}],"name":"smoke04"},{"frame":[{"duration":1,"transform":{}},{"duration":13,"transform":{}},{"duration":1,"transform":{}},{"duration":0,"transform":{}}],"name":"w-ice01"},{"frame":[{"duration":1,"transform":{}},{"duration":13,"transform":{}},{"duration":1,"transform":{}},{"duration":0,"transform":{}}],"name":"w-ice02"},{"frame":[{"duration":1,"transform":{}},{"duration":13,"transform":{}},{"duration":1,"transform":{}},{"duration":0,"transform":{}}],"name":"w-ice03"},{"frame":[{"duration":1,"transform":{}},{"duration":13,"transform":{}},{"duration":1,"transform":{}},{"duration":0,"transform":{}}],"name":"w-ice04"},{"frame":[{"duration":1,"transform":{}},{"duration":13,"transform":{}},{"duration":1,"transform":{}},{"duration":0,"transform":{}}],"name":"w-ice05"},{"frame":[{"duration":1,"transform":{}},{"duration":13,"transform":{}},{"duration":1,"transform":{}},{"duration":0,"transform":{}}],"name":"w-ice06"},{"frame":[{"duration":1,"transform":{}},{"duration":13,"transform":{}},{"duration":1,"transform":{}},{"duration":0,"transform":{}}],"name":"root"},{"frame":[{"duration":1,"curve":[0.333,1.04,0.37,0.85],"transform":{"scX":0.198,"scY":0.198}},{"duration":13,"transform":{}},{"duration":1,"transform":{}},{"duration":0,"transform":{}}],"name":"flash"},{"frame":[{"duration":1,"transform":{"x":-430}},{"duration":13,"transform":{"x":-430}},{"duration":1,"transform":{"x":-430}},{"duration":0,"transform":{"x":-430}}],"name":"ice"},{"frame":[{"duration":1,"transform":{}},{"duration":13,"transform":{}},{"duration":1,"transform":{}},{"duration":0,"transform":{}}],"name":"smoke"}],"slot":[{"frame":[{"tweenEasing":0,"duration":1,"color":{"aM":0}},{"tweenEasing":0,"duration":13,"color":{"aM":0}},{"tweenEasing":0,"duration":1,"color":{"aM":0}},{"tweenEasing":null,"duration":0,"color":{"aM":0}}],"name":"flash01"},{"frame":[{"tweenEasing":0,"duration":1,"color":{"aM":0}},{"tweenEasing":0,"duration":13,"color":{"aM":0}},{"tweenEasing":0,"duration":1,"color":{"aM":0}},{"tweenEasing":null,"duration":0,"color":{"aM":0}}],"name":"flash02"},{"frame":[{"tweenEasing":0,"duration":1,"color":{"aM":0}},{"tweenEasing":0,"duration":9},{"tweenEasing":0,"duration":4},{"tweenEasing":0,"duration":1,"color":{"aM":9}},{"tweenEasing":null,"duration":0,"color":{"aM":0}}],"name":"ice01"},{"frame":[{"tweenEasing":0,"duration":1,"color":{"aM":0}},{"tweenEasing":0,"duration":9},{"tweenEasing":0,"duration":4},{"tweenEasing":0,"duration":1,"color":{"aM":9}},{"tweenEasing":null,"duration":0,"color":{"aM":0}}],"name":"ice02"},{"frame":[{"tweenEasing":0,"duration":1,"color":{"aM":0}},{"tweenEasing":0,"duration":9},{"tweenEasing":0,"duration":4},{"tweenEasing":0,"duration":1,"color":{"aM":9}},{"tweenEasing":null,"duration":0,"color":{"aM":0}}],"name":"ice03"},{"frame":[{"tweenEasing":0,"duration":1,"color":{"aM":0}},{"tweenEasing":0,"duration":9},{"tweenEasing":0,"duration":4},{"tweenEasing":0,"duration":1,"color":{"aM":9}},{"tweenEasing":null,"duration":0,"color":{"aM":0}}],"name":"ice04"},{"frame":[{"tweenEasing":0,"duration":1,"color":{"aM":0}},{"tweenEasing":0,"duration":9},{"tweenEasing":0,"duration":4},{"tweenEasing":0,"duration":1,"color":{"aM":9}},{"tweenEasing":null,"duration":0,"color":{"aM":0}}],"name":"ice05"},{"frame":[{"tweenEasing":0,"duration":1,"color":{"aM":0}},{"tweenEasing":0,"duration":9},{"tweenEasing":0,"duration":4},{"tweenEasing":0,"duration":1,"color":{"aM":9}},{"tweenEasing":null,"duration":0,"color":{"aM":0}}],"name":"ice06"},{"frame":[{"tweenEasing":0,"duration":1,"color":{"aM":0}},{"tweenEasing":0,"duration":12},{"tweenEasing":0,"duration":1},{"tweenEasing":0,"duration":1,"color":{"aM":19}},{"tweenEasing":null,"duration":0,"color":{"aM":0}}],"name":"icebg"},{"frame":[{"tweenEasing":0,"duration":1,"color":{"aM":0}},{"tweenEasing":0,"duration":13,"color":{"rM":95,"gM":95,"aM":0}},{"tweenEasing":0,"duration":1,"color":{"rM":34,"gM":38,"aM":0}},{"tweenEasing":null,"duration":0,"color":{"rM":28,"gM":34,"aM":0}}],"name":"particle"},{"frame":[{"tweenEasing":0,"duration":1,"color":{"aM":0}},{"tweenEasing":0,"duration":9},{"tweenEasing":null,"duration":4,"color":{"aM":0}},{"tweenEasing":0,"duration":1,"color":{"aM":0}},{"tweenEasing":null,"duration":0,"color":{"aM":0}}],"name":"ringeff"},{"frame":[{"tweenEasing":0,"duration":1,"color":{"aM":0}},{"tweenEasing":0,"duration":13,"color":{"aM":0}},{"tweenEasing":0,"duration":1,"color":{"aM":0}},{"tweenEasing":null,"duration":0,"color":{"aM":0}}],"name":"smoke01"},{"frame":[{"tweenEasing":0,"duration":1,"color":{"aM":0}},{"tweenEasing":0,"duration":13,"color":{"aM":0}},{"tweenEasing":0,"duration":1,"color":{"aM":0}},{"tweenEasing":null,"duration":0,"color":{"aM":0}}],"name":"smoke02"},{"frame":[{"tweenEasing":0,"duration":1,"color":{"aM":0}},{"tweenEasing":0,"duration":13,"color":{"aM":0}},{"tweenEasing":0,"duration":1,"color":{"aM":0}},{"tweenEasing":null,"duration":0,"color":{"aM":0}}],"name":"smoke03"},{"frame":[{"tweenEasing":0,"duration":1,"color":{"aM":0}},{"tweenEasing":0,"duration":13,"color":{"aM":0}},{"tweenEasing":0,"duration":1,"color":{"aM":0}},{"tweenEasing":null,"duration":0,"color":{"aM":0}}],"name":"smoke032"},{"frame":[{"tweenEasing":0,"duration":1,"color":{"aM":0}},{"tweenEasing":0,"duration":2},{"tweenEasing":0,"duration":5},{"tweenEasing":null,"duration":6,"color":{"aM":0}},{"tweenEasing":0,"duration":1,"color":{"aM":0}},{"tweenEasing":null,"duration":0,"color":{"aM":0}}],"name":"w-ice01"},{"frame":[{"tweenEasing":0,"duration":1,"color":{"aM":0}},{"tweenEasing":0,"duration":2},{"tweenEasing":0,"duration":5},{"tweenEasing":null,"duration":6,"color":{"aM":0}},{"tweenEasing":0,"duration":1,"color":{"aM":0}},{"tweenEasing":null,"duration":0,"color":{"aM":0}}],"name":"w-ice02"},{"frame":[{"tweenEasing":0,"duration":1,"color":{"aM":0}},{"tweenEasing":0,"duration":2},{"tweenEasing":0,"duration":5},{"tweenEasing":null,"duration":6,"color":{"aM":0}},{"tweenEasing":0,"duration":1,"color":{"aM":0}},{"tweenEasing":null,"duration":0,"color":{"aM":0}}],"name":"w-ice03"},{"frame":[{"tweenEasing":0,"duration":1,"color":{"aM":0}},{"tweenEasing":0,"duration":2},{"tweenEasing":0,"duration":5},{"tweenEasing":null,"duration":6,"color":{"aM":0}},{"tweenEasing":0,"duration":1,"color":{"aM":0}},{"tweenEasing":null,"duration":0,"color":{"aM":0}}],"name":"w-ice04"},{"frame":[{"tweenEasing":0,"duration":1,"color":{"aM":0}},{"tweenEasing":0,"duration":2},{"tweenEasing":0,"duration":5},{"tweenEasing":null,"duration":6,"color":{"aM":0}},{"tweenEasing":0,"duration":1,"color":{"aM":0}},{"tweenEasing":null,"duration":0,"color":{"aM":0}}],"name":"w-ice05"},{"frame":[{"tweenEasing":0,"duration":1,"color":{"aM":0}},{"tweenEasing":0,"duration":2},{"tweenEasing":0,"duration":5},{"tweenEasing":null,"duration":6,"color":{"aM":0}},{"tweenEasing":0,"duration":1,"color":{"aM":0}},{"tweenEasing":null,"duration":0,"color":{"aM":0}}],"name":"w-ice06"}],"name":"animation2"}],"bone":[{"name":"root","transform":{"scX":1.7,"scY":1.7}},{"transform":{},"name":"flash","parent":"root"},{"transform":{"scX":0.7,"scY":0.7,"x":430},"name":"ice","parent":"root"},{"transform":{"x":430},"name":"icebg","parent":"root"},{"transform":{},"name":"flash1","parent":"flash"},{"transform":{},"name":"flash2","parent":"flash"},{"length":65,"transform":{"skX":-3.15,"skY":-3.15,"y":13,"x":53.57},"parent":"ice","name":"ice01"},{"length":81,"transform":{"skX":11.13,"skY":11.13,"y":32.22,"x":1.11},"parent":"ice","name":"ice03"},{"length":33,"transform":{"skX":-4.94,"skY":-4.94,"y":18.91,"x":-40.27},"parent":"ice","name":"ice04"},{"length":159,"transform":{"skX":-25.28,"skY":-25.28,"y":-9.89,"x":-33.62},"parent":"ice","name":"ice05"},{"length":84,"transform":{"skX":-50.41,"skY":-50.41,"y":-38.72,"x":-43.22},"parent":"ice","name":"ice06"},{"length":41,"transform":{"skX":-1.8,"skY":-1.8,"y":35.16,"x":101.61},"parent":"ice","name":"ice02"},{"transform":{},"name":"particle","parent":"ice"},{"transform":{},"name":"ringeff","parent":"ice"},{"transform":{},"name":"smoke","parent":"ice"},{"transform":{"y":21.59,"x":93.24},"name":"smoke01","parent":"smoke"},{"transform":{"skX":-16.4,"skY":-16.4,"y":-78.76,"x":29.48},"name":"smoke02","parent":"smoke"},{"transform":{"y":-60.74,"x":113.83},"name":"smoke03","parent":"smoke"},{"transform":{"y":-42.84,"x":-11.46},"name":"smoke04","parent":"smoke"},{"length":74,"transform":{"skX":-1.8,"skY":-1.8,"y":0.73,"x":-0.04},"parent":"ice01","name":"w-ice01"},{"length":39,"transform":{"skX":-1.8,"skY":-1.8,"y":-0.22,"x":1.51},"parent":"ice02","name":"w-ice02"},{"length":91,"transform":{"skX":-2.7,"skY":-2.7,"y":1.41,"x":0.04},"parent":"ice03","name":"w-ice03"},{"length":31,"transform":{"skX":-6.78,"skY":-6.78,"y":1.77,"x":-0.79},"parent":"ice04","name":"w-ice04"},{"length":160,"transform":{"y":0.2,"x":3.92},"parent":"ice05","name":"w-ice05"},{"length":83,"transform":{"skX":-1.36,"skY":-1.36,"y":0.33,"x":-1.81},"parent":"ice06","name":"w-ice06"}],"aabb":{"width":1119.0612999999998,"y":-212.3192,"height":354,"x":-138},"name":"armatureName","frameRate":30}],"name":"wj_056_xinchang_eff3","version":"4.0"}