{"frameRate":30,"isGlobal":0,"armature":[{"ik":[],"bone":[{"name":"root","transform":{}},{"length":173,"transform":{"y":-0.95,"x":6.17},"parent":"root","name":"bone"},{"transform":{"y":-0.8,"x":376.62},"name":"dimian_eff","parent":"root"},{"transform":{"y":-0.95,"x":-6.44},"name":"jiguang_pengshe_eff/zhangliao_sheji_eff_000","parent":"root"},{"length":127,"transform":{"y":14.85,"skX":-89.14,"skY":-89.14,"x":-0.13},"parent":"root","name":"nengliangjianzadi_00013"},{"transform":{"y":24.01,"x":-0.38},"name":"ys_jiguang_eff_pz","parent":"root"}],"type":"Armature","frameRate":30,"animation":[{"ik":[],"bone":[{"frame":[{"transform":{},"duration":19},{"transform":{},"duration":1},{"curve":[0,1,0.75,1],"transform":{},"duration":25},{"transform":{"skX":-6.36,"skY":-6.36},"duration":0}],"name":"root"},{"frame":[{"transform":{"scY":2,"scX":2},"duration":19},{"transform":{"scY":2,"scX":2},"duration":1},{"tweenEasing":0,"transform":{"scY":2,"scX":2},"duration":25},{"transform":{"scY":2,"skX":-13.33,"skY":-13.33,"scX":2},"duration":0}],"name":"jiguang_pengshe_eff/zhangliao_sheji_eff_000"},{"frame":[{"tweenEasing":0,"transform":{},"duration":10},{"tweenEasing":0,"transform":{"scY":1.118},"duration":9},{"transform":{"scY":0.412},"duration":1},{"tweenEasing":0,"transform":{},"duration":5},{"tweenEasing":0,"transform":{"scY":1.675},"duration":20},{"transform":{},"duration":0}],"name":"bone"},{"frame":[{"tweenEasing":0,"transform":{},"duration":10},{"tweenEasing":0,"transform":{"scY":0.918},"duration":9},{"transform":{"x":659.49},"duration":1},{"curve":[0.0025,0.48,0.875,1],"transform":{},"duration":5},{"tweenEasing":0,"transform":{"scY":1.607},"duration":5},{"tweenEasing":0,"transform":{"scY":0.918},"duration":15},{"transform":{"x":659.49},"duration":0}],"name":"dimian_eff"},{"frame":[{"transform":{},"duration":19},{"transform":{},"duration":1},{"transform":{},"duration":25},{"transform":{},"duration":0}],"name":"ys_jiguang_eff_pz"},{"frame":[{"transform":{},"duration":45}],"name":"nengliangjianzadi_00013"}],"slot":[{"frame":[{"tweenEasing":0,"color":{"aM":0},"duration":10},{"tweenEasing":0,"duration":9},{"tweenEasing":null,"color":{"aM":0},"duration":1},{"tweenEasing":0,"color":{"aM":0},"duration":10},{"tweenEasing":0,"duration":15},{"tweenEasing":null,"color":{"aM":0},"duration":0}],"name":"dimian_eff"},{"frame":[{"tweenEasing":0,"color":{"aM":0},"duration":5},{"tweenEasing":null,"duration":5},{"tweenEasing":null,"duration":9},{"tweenEasing":null,"duration":1},{"tweenEasing":null,"duration":10},{"tweenEasing":0,"duration":15},{"tweenEasing":null,"color":{"aM":0},"duration":0}],"name":"jiguang_eff"},{"frame":[{"tweenEasing":0,"duration":3},{"displayIndex":1,"tweenEasing":0,"duration":3},{"displayIndex":2,"tweenEasing":0,"duration":3},{"displayIndex":3,"tweenEasing":0,"duration":3},{"displayIndex":4,"tweenEasing":0,"duration":7},{"tweenEasing":0,"color":{"aM":0},"duration":1},{"tweenEasing":0,"duration":3},{"displayIndex":1,"tweenEasing":0,"duration":3},{"displayIndex":2,"tweenEasing":0,"duration":3},{"displayIndex":3,"tweenEasing":0,"duration":3},{"displayIndex":4,"tweenEasing":0,"duration":13},{"displayIndex":4,"tweenEasing":null,"color":{"aM":0},"duration":0}],"name":"jiguang_pengshe_eff/zhangliao_sheji_eff_000"},{"frame":[{"tweenEasing":0,"duration":20},{"tweenEasing":null,"duration":20},{"displayIndex":-1,"tweenEasing":null,"duration":5}],"name":"ys_jiguang_eff_pz"}],"ffd":[],"frame":[],"name":"animation","duration":45},{"ik":[],"bone":[{"frame":[{"transform":{},"duration":20},{"transform":{},"duration":0}],"name":"root"},{"frame":[{"transform":{"scY":2,"scX":2},"duration":20},{"transform":{"scY":2,"scX":2},"duration":0}],"name":"jiguang_pengshe_eff/zhangliao_sheji_eff_000"},{"frame":[{"tweenEasing":0,"transform":{},"duration":10},{"tweenEasing":0,"transform":{"scY":1.118},"duration":10},{"transform":{"scY":0.412},"duration":0}],"name":"bone"},{"frame":[{"tweenEasing":0,"transform":{},"duration":10},{"tweenEasing":0,"transform":{"scY":0.918},"duration":10},{"transform":{"x":659.49},"duration":0}],"name":"dimian_eff"},{"frame":[{"transform":{},"duration":20},{"transform":{},"duration":0}],"name":"ys_jiguang_eff_pz"},{"frame":[{"transform":{},"duration":20}],"name":"nengliangjianzadi_00013"}],"slot":[{"frame":[{"tweenEasing":0,"color":{"aM":0},"duration":10},{"tweenEasing":0,"duration":10},{"tweenEasing":null,"color":{"aM":0},"duration":0}],"name":"dimian_eff"},{"frame":[{"tweenEasing":0,"color":{"aM":0},"duration":5},{"tweenEasing":null,"duration":5},{"tweenEasing":null,"duration":10},{"tweenEasing":null,"duration":0}],"name":"jiguang_eff"},{"frame":[{"tweenEasing":0,"duration":3},{"displayIndex":1,"tweenEasing":0,"duration":3},{"displayIndex":2,"tweenEasing":0,"duration":3},{"displayIndex":3,"tweenEasing":0,"duration":3},{"displayIndex":4,"tweenEasing":0,"duration":8},{"tweenEasing":null,"color":{"aM":0},"duration":0}],"name":"jiguang_pengshe_eff/zhangliao_sheji_eff_000"},{"frame":[{"tweenEasing":null,"duration":20}],"name":"ys_jiguang_eff_pz"}],"ffd":[],"frame":[],"name":"animation2","duration":20},{"ik":[],"bone":[{"frame":[{"curve":[0,1,0.75,1],"transform":{},"duration":25},{"transform":{"skX":-6.36,"skY":-6.36},"duration":0}],"name":"root"},{"frame":[{"tweenEasing":0,"transform":{"scY":2,"scX":2},"duration":25},{"transform":{"scY":2,"skX":-13.33,"skY":-13.33,"scX":2},"duration":0}],"name":"jiguang_pengshe_eff/zhangliao_sheji_eff_000"},{"frame":[{"tweenEasing":0,"transform":{},"duration":5},{"tweenEasing":0,"transform":{"scY":1.675},"duration":20},{"transform":{},"duration":0}],"name":"bone"},{"frame":[{"curve":[0.0025,0.48,0.875,1],"transform":{},"duration":5},{"tweenEasing":0,"transform":{"scY":1.607},"duration":5},{"tweenEasing":0,"transform":{"scY":0.918},"duration":15},{"transform":{"x":659.49},"duration":0}],"name":"dimian_eff"},{"frame":[{"transform":{},"duration":25},{"transform":{},"duration":0}],"name":"ys_jiguang_eff_pz"},{"frame":[{"transform":{},"duration":25}],"name":"nengliangjianzadi_00013"}],"slot":[{"frame":[{"tweenEasing":0,"color":{"aM":0},"duration":10},{"tweenEasing":0,"duration":15},{"tweenEasing":null,"color":{"aM":0},"duration":0}],"name":"dimian_eff"},{"frame":[{"tweenEasing":null,"duration":10},{"tweenEasing":0,"duration":15},{"tweenEasing":null,"color":{"aM":0},"duration":0}],"name":"jiguang_eff"},{"frame":[{"tweenEasing":0,"duration":3},{"displayIndex":1,"tweenEasing":0,"duration":3},{"displayIndex":2,"tweenEasing":0,"duration":3},{"displayIndex":3,"tweenEasing":0,"duration":3},{"displayIndex":4,"tweenEasing":0,"duration":13},{"displayIndex":4,"tweenEasing":null,"color":{"aM":0},"duration":0}],"name":"jiguang_pengshe_eff/zhangliao_sheji_eff_000"},{"frame":[{"tweenEasing":0,"duration":20},{"displayIndex":-1,"tweenEasing":null,"duration":5}],"name":"ys_jiguang_eff_pz"}],"ffd":[],"frame":[],"name":"animation3","duration":25},{"ik":[],"bone":[{"frame":[{"transform":{"scY":1.767,"y":-33.88,"scX":0.123,"x":-81.9},"duration":20},{"transform":{"scY":1.767,"y":-33.88,"scX":0.123,"x":-81.9},"duration":0}],"name":"ys_jiguang_eff_pz"},{"frame":[{"transform":{},"duration":20}],"name":"root"},{"frame":[{"transform":{},"duration":20}],"name":"bone"},{"frame":[{"transform":{},"duration":20}],"name":"dimian_eff"},{"frame":[{"transform":{},"duration":20}],"name":"jiguang_pengshe_eff/zhangliao_sheji_eff_000"},{"frame":[{"transform":{},"duration":20}],"name":"nengliangjianzadi_00013"}],"slot":[{"frame":[{"displayIndex":-1,"tweenEasing":null,"duration":20}],"name":"dimian_eff"},{"frame":[{"displayIndex":-1,"tweenEasing":null,"duration":20}],"name":"jiguang_eff"},{"frame":[{"displayIndex":-1,"tweenEasing":null,"duration":20}],"name":"jiguang_pengshe_eff/zhangliao_sheji_eff_000"},{"frame":[{"tweenEasing":0,"duration":4},{"displayIndex":1,"tweenEasing":0,"duration":4},{"displayIndex":2,"tweenEasing":0,"duration":12},{"displayIndex":2,"tweenEasing":null,"color":{"aM":0},"duration":0}],"name":"nengliangjianzadi_00013"},{"frame":[{"tweenEasing":0,"duration":10},{"displayIndex":-1,"tweenEasing":null,"duration":10}],"name":"ys_jiguang_eff_pz"}],"ffd":[],"frame":[],"name":"animation4","duration":20}],"skin":[{"slot":[{"display":[{"path":"dimian_eff","type":"image","name":"dimian_eff","transform":{"y":0.12,"x":-192.55}}],"blendMode":"add","name":"dimian_eff"},{"display":[{"path":"ys_jiguang_eff_pz","type":"image","name":"ys_jiguang_eff_pz","transform":{"scY":7.172,"y":-25.74,"scX":141.323,"x":668.05}}],"name":"ys_jiguang_eff_pz"},{"display":[{"path":"jiguang_pengshe_eff/zhangliao_sheji_eff_000","type":"image","name":"jiguang_pengshe_eff/zhangliao_sheji_eff_000","transform":{"y":-1.7,"x":38.97}},{"path":"jiguang_pengshe_eff/zhangliao_sheji_eff_001","type":"image","name":"jiguang_pengshe_eff/zhangliao_sheji_eff_001","transform":{"y":-1.7,"x":38.97}},{"path":"jiguang_pengshe_eff/zhangliao_sheji_eff_002","type":"image","name":"jiguang_pengshe_eff/zhangliao_sheji_eff_002","transform":{"y":-1.7,"x":38.97}},{"path":"jiguang_pengshe_eff/zhangliao_sheji_eff_003","type":"image","name":"jiguang_pengshe_eff/zhangliao_sheji_eff_003","transform":{"y":-1.7,"x":38.97}},{"path":"jiguang_pengshe_eff/zhangliao_sheji_eff_004","type":"image","name":"jiguang_pengshe_eff/zhangliao_sheji_eff_004","transform":{"y":-1.7,"x":38.97}}],"blendMode":"add","name":"jiguang_pengshe_eff/zhangliao_sheji_eff_000"},{"display":[{"path":"nengliangjianzadi_00013","type":"image","name":"nengliangjianzadi_00013","transform":{"y":-0.08,"skX":89.15,"skY":89.15,"x":56.74}},{"path":"nengliangjianzadi_00014","type":"image","name":"nengliangjianzadi_00014","transform":{"y":-0.08,"skX":89.15,"skY":89.15,"x":56.74}},{"path":"nengliangjianzadi_00015","type":"image","name":"nengliangjianzadi_00015","transform":{"y":-0.08,"skX":89.15,"skY":89.15,"x":56.74}}],"name":"nengliangjianzadi_00013"},{"display":[{"path":"jiguang_eff","type":"image","name":"jiguang_eff","transform":{"scY":8.835,"y":-0.36,"skX":-90,"skY":-90,"scX":0.18,"x":654.49}}],"blendMode":"add","name":"jiguang_eff"}],"name":""}],"defaultActions":[{"gotoAndPlay":"animation"}],"aabb":{"width":866.09,"y":-80.81,"height":159,"x":-72.93},"slot":[{"name":"ys_jiguang_eff_pz","parent":"ys_jiguang_eff_pz","color":{}},{"blendMode":"add","z":1,"parent":"bone","name":"jiguang_eff","color":{}},{"blendMode":"add","z":2,"parent":"jiguang_pengshe_eff/zhangliao_sheji_eff_000","name":"jiguang_pengshe_eff/zhangliao_sheji_eff_000","color":{}},{"blendMode":"add","z":3,"parent":"dimian_eff","name":"dimian_eff","color":{}},{"z":4,"displayIndex":-1,"name":"nengliangjianzadi_00013","parent":"nengliangjianzadi_00013","color":{}}],"name":"armatureName"}],"name":"ys_jiguang_eff","version":"4.0"}