{"frameRate":30,"name":"cheng_dimianbaozha_02_eff","version":"5.5","compatibleVersion":"5.5","armature":[{"type":"Armature","frameRate":30,"name":"armatureName","aabb":{"x":-6.81,"y":-135.21,"width":10,"height":10},"bone":[{"name":"root"},{"length":100,"name":"cheng_dimianbaozha_02_eff_01","parent":"root","transform":{"y":-121.21,"skX":-90,"skY":-90}},{"length":100,"name":"cheng_dimianbaozha_02_eff_1","parent":"root","transform":{"x":150,"y":-121.21,"skX":-90,"skY":-90}},{"length":100,"name":"cheng_dimianbaozha_02_eff_2","parent":"root","transform":{"x":300,"y":-121.21,"skX":-90,"skY":-90}},{"length":100,"name":"cheng_dimianbaozha_02_eff_3","parent":"root","transform":{"x":450,"y":-121.21,"skX":-90,"skY":-90}},{"length":100,"name":"cheng_dimianbaozha_02_eff_4","parent":"root","transform":{"x":600,"y":-121.21,"skX":-90,"skY":-90}},{"length":100,"name":"cheng_dimianbaozha_02_eff_5","parent":"root","transform":{"x":750,"y":-121.21,"skX":-90,"skY":-90}},{"length":100,"name":"cheng_dimianbaozha_02_eff_6","parent":"root","transform":{"x":900,"y":-121.21,"skX":-90,"skY":-90}},{"length":100,"name":"cheng_dimianbaozha_02_eff_7","parent":"root","transform":{"x":1050,"y":-121.21,"skX":-90,"skY":-90}},{"length":72,"name":"cheng_dimianbaozha_02_eff_pz","parent":"root","transform":{"x":-0.99,"y":-126.75,"scX":0.869,"scY":1.035}},{"name":"dabaozha_eff/eff_baozha_0011","parent":"root","transform":{"x":-186.1,"y":-58.38}}],"slot":[{"name":"cheng_dimianbaozha_02_eff_pz","parent":"cheng_dimianbaozha_02_eff_pz"},{"displayIndex":-1,"name":"dabaozha_eff/eff_baozha_0011","parent":"dabaozha_eff/eff_baozha_0011"},{"displayIndex":-1,"name":"cheng_dimianbaozha_02_eff_01","parent":"cheng_dimianbaozha_02_eff_01"},{"displayIndex":-1,"name":"cheng_dimianbaozha_02_eff_1","parent":"cheng_dimianbaozha_02_eff_1"},{"displayIndex":-1,"name":"cheng_dimianbaozha_02_eff_2","parent":"cheng_dimianbaozha_02_eff_2"},{"displayIndex":-1,"name":"cheng_dimianbaozha_02_eff_3","parent":"cheng_dimianbaozha_02_eff_3"},{"displayIndex":-1,"name":"cheng_dimianbaozha_02_eff_4","parent":"cheng_dimianbaozha_02_eff_4"},{"displayIndex":-1,"name":"cheng_dimianbaozha_02_eff_5","parent":"cheng_dimianbaozha_02_eff_5"},{"displayIndex":-1,"name":"cheng_dimianbaozha_02_eff_6","parent":"cheng_dimianbaozha_02_eff_6"},{"displayIndex":-1,"name":"cheng_dimianbaozha_02_eff_7","parent":"cheng_dimianbaozha_02_eff_7"}],"skin":[{"slot":[{"name":"cheng_dimianbaozha_02_eff_7","display":[{"name":"cheng_dimianbaozha_02_eff_01","transform":{"skX":90,"skY":90}},{"name":"cheng_dimianbaozha_02_eff_02","transform":{"skX":90,"skY":90}},{"name":"cheng_dimianbaozha_02_eff_03","transform":{"skX":90,"skY":90}},{"name":"cheng_dimianbaozha_02_eff_04","transform":{"skX":90,"skY":90}},{"name":"cheng_dimianbaozha_02_eff_05","transform":{"skX":90,"skY":90}},{"name":"cheng_dimianbaozha_02_eff_06","transform":{"skX":90,"skY":90}},{"name":"zhadan2","transform":{"x":-77.27,"skX":90,"skY":90}}]},{"name":"cheng_dimianbaozha_02_eff_pz","display":[{"name":"cheng_dimianbaozha_02_eff_pz","transform":{"x":-0.94,"y":-3.34,"scX":17.109,"scY":27.949}}]},{"name":"cheng_dimianbaozha_02_eff_2","display":[{"name":"cheng_dimianbaozha_02_eff_01","transform":{"skX":90,"skY":90}},{"name":"cheng_dimianbaozha_02_eff_02","transform":{"skX":90,"skY":90}},{"name":"cheng_dimianbaozha_02_eff_03","transform":{"skX":90,"skY":90}},{"name":"cheng_dimianbaozha_02_eff_04","transform":{"skX":90,"skY":90}},{"name":"cheng_dimianbaozha_02_eff_05","transform":{"skX":90,"skY":90}},{"name":"cheng_dimianbaozha_02_eff_06","transform":{"skX":90,"skY":90}},{"name":"zhadan2","transform":{"x":-77.27,"skX":90,"skY":90}}]},{"name":"cheng_dimianbaozha_02_eff_01","display":[{"name":"cheng_dimianbaozha_02_eff_01","transform":{"skX":90,"skY":90}},{"name":"cheng_dimianbaozha_02_eff_02","transform":{"skX":90,"skY":90}},{"name":"cheng_dimianbaozha_02_eff_03","transform":{"skX":90,"skY":90}},{"name":"cheng_dimianbaozha_02_eff_04","transform":{"skX":90,"skY":90}},{"name":"cheng_dimianbaozha_02_eff_05","transform":{"skX":90,"skY":90}},{"name":"cheng_dimianbaozha_02_eff_06","transform":{"skX":90,"skY":90}},{"name":"zhadan2","transform":{"x":-77.27,"skX":90,"skY":90}}]},{"name":"cheng_dimianbaozha_02_eff_3","display":[{"name":"cheng_dimianbaozha_02_eff_01","transform":{"skX":90,"skY":90}},{"name":"cheng_dimianbaozha_02_eff_02","transform":{"skX":90,"skY":90}},{"name":"cheng_dimianbaozha_02_eff_03","transform":{"skX":90,"skY":90}},{"name":"cheng_dimianbaozha_02_eff_04","transform":{"skX":90,"skY":90}},{"name":"cheng_dimianbaozha_02_eff_05","transform":{"skX":90,"skY":90}},{"name":"cheng_dimianbaozha_02_eff_06","transform":{"skX":90,"skY":90}},{"name":"zhadan2","transform":{"x":-77.27,"skX":90,"skY":90}}]},{"name":"cheng_dimianbaozha_02_eff_4","display":[{"name":"cheng_dimianbaozha_02_eff_01","transform":{"skX":90,"skY":90}},{"name":"cheng_dimianbaozha_02_eff_02","transform":{"skX":90,"skY":90}},{"name":"cheng_dimianbaozha_02_eff_03","transform":{"skX":90,"skY":90}},{"name":"cheng_dimianbaozha_02_eff_04","transform":{"skX":90,"skY":90}},{"name":"cheng_dimianbaozha_02_eff_05","transform":{"skX":90,"skY":90}},{"name":"cheng_dimianbaozha_02_eff_06","transform":{"skX":90,"skY":90}},{"name":"zhadan2","transform":{"x":-77.27,"skX":90,"skY":90}}]},{"name":"dabaozha_eff/eff_baozha_0011","display":[{"name":"dabaozha_eff/eff_baozha_0011","transform":{"x":-0.7,"y":-52.5}},{"name":"dabaozha_eff/eff_baozha_0012","transform":{"x":-0.7,"y":-52.5}},{"name":"dabaozha_eff/eff_baozha_0013","transform":{"x":-0.7,"y":-52.5}},{"name":"dabaozha_eff/eff_baozha_0014","transform":{"x":-0.7,"y":-52.5}},{"name":"dabaozha_eff/eff_baozha_0015","transform":{"x":-0.7,"y":-52.5}},{"name":"dabaozha_eff/eff_baozha_0016","transform":{"x":-0.7,"y":-52.5}},{"name":"dabaozha_eff/eff_baozha_0017","transform":{"x":-0.7,"y":-52.5}},{"name":"dabaozha_eff/eff_baozha_0018","transform":{"x":-0.7,"y":-52.5}}]},{"name":"cheng_dimianbaozha_02_eff_5","display":[{"name":"cheng_dimianbaozha_02_eff_01","transform":{"skX":90,"skY":90}},{"name":"cheng_dimianbaozha_02_eff_02","transform":{"skX":90,"skY":90}},{"name":"cheng_dimianbaozha_02_eff_03","transform":{"skX":90,"skY":90}},{"name":"cheng_dimianbaozha_02_eff_04","transform":{"skX":90,"skY":90}},{"name":"cheng_dimianbaozha_02_eff_05","transform":{"skX":90,"skY":90}},{"name":"cheng_dimianbaozha_02_eff_06","transform":{"skX":90,"skY":90}},{"name":"zhadan2","transform":{"x":-77.27,"skX":90,"skY":90}}]},{"name":"cheng_dimianbaozha_02_eff_6","display":[{"name":"cheng_dimianbaozha_02_eff_01","transform":{"skX":90,"skY":90}},{"name":"cheng_dimianbaozha_02_eff_02","transform":{"skX":90,"skY":90}},{"name":"cheng_dimianbaozha_02_eff_03","transform":{"skX":90,"skY":90}},{"name":"cheng_dimianbaozha_02_eff_04","transform":{"skX":90,"skY":90}},{"name":"cheng_dimianbaozha_02_eff_05","transform":{"skX":90,"skY":90}},{"name":"cheng_dimianbaozha_02_eff_06","transform":{"skX":90,"skY":90}},{"name":"zhadan2","transform":{"x":-77.27,"skX":90,"skY":90}}]},{"name":"cheng_dimianbaozha_02_eff_1","display":[{"name":"cheng_dimianbaozha_02_eff_01","transform":{"skX":90,"skY":90}},{"name":"cheng_dimianbaozha_02_eff_02","transform":{"skX":90,"skY":90}},{"name":"cheng_dimianbaozha_02_eff_03","transform":{"skX":90,"skY":90}},{"name":"cheng_dimianbaozha_02_eff_04","transform":{"skX":90,"skY":90}},{"name":"cheng_dimianbaozha_02_eff_05","transform":{"skX":90,"skY":90}},{"name":"cheng_dimianbaozha_02_eff_06","transform":{"skX":90,"skY":90}},{"name":"zhadan2","transform":{"x":-77.27,"skX":90,"skY":90}}]}]}],"animation":[{"duration":20,"name":"animation","bone":[{"name":"cheng_dimianbaozha_02_eff_pz","translateFrame":[{"duration":20,"y":29.99}],"scaleFrame":[{"duration":20,"y":0.76}]}],"slot":[{"name":"cheng_dimianbaozha_02_eff_01","displayFrame":[{"duration":3},{"duration":3,"value":1},{"duration":3,"value":2},{"duration":3,"value":3},{"duration":3,"value":4},{"duration":5,"value":5}],"colorFrame":[{"duration":15,"tweenEasing":0},{"duration":5,"tweenEasing":0},{"duration":0,"value":{"aM":0}}]},{"name":"cheng_dimianbaozha_02_eff_pz","displayFrame":[{"duration":10},{"duration":10,"value":-1}]}]},{"duration":20,"name":"animation1","bone":[{"name":"cheng_dimianbaozha_02_eff_pz","translateFrame":[{"duration":20,"x":2,"y":28}],"scaleFrame":[{"duration":20,"x":1.03,"y":0.8}]}],"slot":[{"name":"cheng_dimianbaozha_02_eff_01","displayFrame":[{"duration":3},{"duration":3,"value":1},{"duration":3,"value":2},{"duration":3,"value":3},{"duration":3,"value":4},{"duration":5,"value":5}],"colorFrame":[{"duration":15,"tweenEasing":0},{"duration":5,"tweenEasing":0},{"duration":0,"value":{"aM":0}}]},{"name":"cheng_dimianbaozha_02_eff_pz","displayFrame":[{"duration":12},{"duration":8,"value":-1}]}]},{"duration":50,"name":"animation2","bone":[{"name":"cheng_dimianbaozha_02_eff_01","translateFrame":[{"duration":10,"curve":[0,0.49,0.75,1],"y":9.72},{"duration":10,"curve":[0.23,0,0.8155,0.53],"y":-19.98},{"duration":9,"curve":[0.269,0.515,0.875,0.855]},{"y":0.52},{"duration":20,"y":7.78}],"scaleFrame":[{"duration":10,"curve":[0,0.49,0.75,1],"x":0.92},{"duration":10,"curve":[0.23,0,0.8155,0.53],"x":1.04},{"duration":9,"curve":[0.269,0.515,0.875,0.855]},{"y":1.1},{"duration":20}]},{"name":"cheng_dimianbaozha_02_eff_pz","translateFrame":[{"duration":50,"x":583.24,"y":-161.85}],"scaleFrame":[{"duration":50,"x":11.32,"y":3.29}]},{"name":"cheng_dimianbaozha_02_eff_1","translateFrame":[{"duration":10,"curve":[0,0.49,0.75,1],"y":9.72},{"duration":10,"curve":[0.23,0,0.8155,0.53],"y":-19.98},{"duration":9,"curve":[0.269,0.515,0.875,0.855]},{"y":0.52},{"duration":20,"y":7.78}],"scaleFrame":[{"duration":10,"curve":[0,0.49,0.75,1],"x":0.92},{"duration":10,"curve":[0.23,0,0.8155,0.53],"x":1.04},{"duration":9,"curve":[0.269,0.515,0.875,0.855]},{"y":1.1},{"duration":20,"x":1.2,"y":1.2}]},{"name":"cheng_dimianbaozha_02_eff_2","translateFrame":[{"duration":10,"curve":[0,0.49,0.75,1],"y":9.72},{"duration":10,"curve":[0.23,0,0.8155,0.53],"y":-19.98},{"duration":9,"curve":[0.269,0.515,0.875,0.855]},{"y":0.52},{"duration":20,"y":7.78}],"scaleFrame":[{"duration":10,"curve":[0,0.49,0.75,1],"x":0.92},{"duration":10,"curve":[0.23,0,0.8155,0.53],"x":1.04},{"duration":9,"curve":[0.269,0.515,0.875,0.855]},{"y":1.1},{"duration":20}]},{"name":"cheng_dimianbaozha_02_eff_3","translateFrame":[{"duration":10,"curve":[0,0.49,0.75,1],"y":9.72},{"duration":10,"curve":[0.23,0,0.8155,0.53],"y":-19.98},{"duration":9,"curve":[0.269,0.515,0.875,0.855]},{"y":0.52},{"duration":20,"y":7.78}],"scaleFrame":[{"duration":10,"curve":[0,0.49,0.75,1],"x":0.92},{"duration":10,"curve":[0.23,0,0.8155,0.53],"x":1.04},{"duration":9,"curve":[0.269,0.515,0.875,0.855]},{"y":1.1},{"duration":20,"x":1.2,"y":1.2}]},{"name":"cheng_dimianbaozha_02_eff_5","translateFrame":[{"duration":10,"curve":[0,0.49,0.75,1],"y":9.72},{"duration":10,"curve":[0.23,0,0.8155,0.53],"y":-19.98},{"duration":9,"curve":[0.269,0.515,0.875,0.855]},{"y":0.52},{"duration":20,"y":7.78}],"scaleFrame":[{"duration":10,"curve":[0,0.49,0.75,1],"x":0.92},{"duration":10,"curve":[0.23,0,0.8155,0.53],"x":1.04},{"duration":9,"curve":[0.269,0.515,0.875,0.855]},{"y":1.1},{"duration":20,"x":1.2,"y":1.2}]},{"name":"cheng_dimianbaozha_02_eff_6","translateFrame":[{"duration":10,"curve":[0,0.49,0.75,1],"y":9.72},{"duration":10,"curve":[0.23,0,0.8155,0.53],"y":-19.98},{"duration":9,"curve":[0.269,0.515,0.875,0.855]},{"y":0.52},{"duration":20,"y":7.78}],"scaleFrame":[{"duration":10,"curve":[0,0.49,0.75,1],"x":0.92},{"duration":10,"curve":[0.23,0,0.8155,0.53],"x":1.04},{"duration":9,"curve":[0.269,0.515,0.875,0.855]},{"y":1.1},{"duration":20}]},{"name":"cheng_dimianbaozha_02_eff_7","translateFrame":[{"duration":10,"curve":[0,0.49,0.75,1],"y":9.72},{"duration":10,"curve":[0.23,0,0.8155,0.53],"y":-19.98},{"duration":9,"curve":[0.269,0.515,0.875,0.855]},{"y":0.52},{"duration":20,"y":7.78}],"scaleFrame":[{"duration":10,"curve":[0,0.49,0.75,1],"x":0.92},{"duration":10,"curve":[0.23,0,0.8155,0.53],"x":1.04},{"duration":9,"curve":[0.269,0.515,0.875,0.855]},{"y":1.1},{"duration":20,"x":1.2,"y":1.2}]},{"name":"cheng_dimianbaozha_02_eff_4","translateFrame":[{"duration":10,"curve":[0,0.49,0.75,1],"y":9.72},{"duration":10,"curve":[0.23,0,0.8155,0.53],"y":-19.98},{"duration":9,"curve":[0.269,0.515,0.875,0.855]},{"y":0.52},{"duration":20,"y":7.78}],"scaleFrame":[{"duration":10,"curve":[0,0.49,0.75,1],"x":0.92},{"duration":10,"curve":[0.23,0,0.8155,0.53],"x":1.04},{"duration":9,"curve":[0.269,0.515,0.875,0.855]},{"y":1.1},{"duration":20}]},{"name":"dabaozha_eff/eff_baozha_0011","translateFrame":[{"duration":30,"tweenEasing":0},{"duration":20,"x":721.74,"y":-118.37}],"scaleFrame":[{"duration":30,"tweenEasing":0},{"duration":20,"x":4.3,"y":4.3}]}],"slot":[{"name":"cheng_dimianbaozha_02_eff_01","displayFrame":[{"duration":30,"value":6},{"duration":3},{"duration":3,"value":1},{"duration":3,"value":2},{"duration":3,"value":3},{"duration":3,"value":4},{"duration":5,"value":5}],"colorFrame":[{"duration":10,"tweenEasing":0,"value":{"aM":0}},{"duration":10,"tweenEasing":0},{"duration":2,"tweenEasing":0},{"duration":2,"tweenEasing":0,"value":{"gM":2,"bM":0}},{"duration":2,"tweenEasing":0,"value":{"rM":96,"gM":98}},{"duration":2,"tweenEasing":0,"value":{"gM":2,"bM":0}},{"tweenEasing":0,"value":{"rM":96,"gM":98}},{"tweenEasing":0,"value":{"gM":2,"bM":0}},{"duration":3,"tweenEasing":0,"value":{"rM":97,"gM":99}},{"duration":6,"tweenEasing":0},{"tweenEasing":0},{"duration":2,"tweenEasing":0,"value":{"rM":97,"gM":99}},{"duration":3,"tweenEasing":0},{"duration":5,"value":{"aM":0,"rM":97,"gM":99}}]},{"name":"cheng_dimianbaozha_02_eff_1","displayFrame":[{"duration":30,"value":6},{"duration":3},{"duration":3,"value":1},{"duration":3,"value":2},{"duration":3,"value":3},{"duration":3,"value":4},{"duration":5,"value":5}],"colorFrame":[{"duration":10,"tweenEasing":0,"value":{"aM":0}},{"duration":10,"tweenEasing":0},{"duration":2,"tweenEasing":0},{"duration":2,"tweenEasing":0,"value":{"gM":2,"bM":0}},{"duration":2,"tweenEasing":0,"value":{"rM":96,"gM":98}},{"duration":2,"tweenEasing":0,"value":{"gM":2,"bM":0}},{"tweenEasing":0,"value":{"rM":96,"gM":98}},{"tweenEasing":0,"value":{"gM":2,"bM":0}},{"duration":3,"tweenEasing":0,"value":{"rM":97,"gM":99}},{"duration":6,"tweenEasing":0},{"tweenEasing":0},{"duration":2,"tweenEasing":0,"value":{"rM":97,"gM":99}},{"duration":3,"tweenEasing":0},{"duration":5,"value":{"aM":0,"rM":97,"gM":99}}]},{"name":"cheng_dimianbaozha_02_eff_2","displayFrame":[{"duration":30,"value":6},{"duration":3},{"duration":3,"value":1},{"duration":3,"value":2},{"duration":3,"value":3},{"duration":3,"value":4},{"duration":5,"value":5}],"colorFrame":[{"duration":10,"tweenEasing":0,"value":{"aM":0}},{"duration":10,"tweenEasing":0},{"duration":2,"tweenEasing":0},{"duration":2,"tweenEasing":0,"value":{"gM":2,"bM":0}},{"duration":2,"tweenEasing":0,"value":{"rM":96,"gM":98}},{"duration":2,"tweenEasing":0,"value":{"gM":2,"bM":0}},{"tweenEasing":0,"value":{"rM":96,"gM":98}},{"tweenEasing":0,"value":{"gM":2,"bM":0}},{"duration":3,"tweenEasing":0,"value":{"rM":97,"gM":99}},{"duration":6,"tweenEasing":0},{"tweenEasing":0},{"duration":2,"tweenEasing":0,"value":{"rM":97,"gM":99}},{"duration":3,"tweenEasing":0},{"duration":5,"value":{"aM":0,"rM":97,"gM":99}}]},{"name":"cheng_dimianbaozha_02_eff_3","displayFrame":[{"duration":30,"value":6},{"duration":3},{"duration":3,"value":1},{"duration":3,"value":2},{"duration":3,"value":3},{"duration":3,"value":4},{"duration":5,"value":5}],"colorFrame":[{"duration":10,"tweenEasing":0,"value":{"aM":0}},{"duration":10,"tweenEasing":0},{"duration":2,"tweenEasing":0},{"duration":2,"tweenEasing":0,"value":{"gM":2,"bM":0}},{"duration":2,"tweenEasing":0,"value":{"rM":96,"gM":98}},{"duration":2,"tweenEasing":0,"value":{"gM":2,"bM":0}},{"tweenEasing":0,"value":{"rM":96,"gM":98}},{"tweenEasing":0,"value":{"gM":2,"bM":0}},{"duration":3,"tweenEasing":0,"value":{"rM":97,"gM":99}},{"duration":6,"tweenEasing":0},{"tweenEasing":0},{"duration":2,"tweenEasing":0,"value":{"rM":97,"gM":99}},{"duration":3,"tweenEasing":0},{"duration":5,"value":{"aM":0,"rM":97,"gM":99}}]},{"name":"cheng_dimianbaozha_02_eff_4","displayFrame":[{"duration":30,"value":6},{"duration":3},{"duration":3,"value":1},{"duration":3,"value":2},{"duration":3,"value":3},{"duration":3,"value":4},{"duration":5,"value":5}],"colorFrame":[{"duration":10,"tweenEasing":0,"value":{"aM":0}},{"duration":10,"tweenEasing":0},{"duration":2,"tweenEasing":0},{"duration":2,"tweenEasing":0,"value":{"gM":2,"bM":0}},{"duration":2,"tweenEasing":0,"value":{"rM":96,"gM":98}},{"duration":2,"tweenEasing":0,"value":{"gM":2,"bM":0}},{"tweenEasing":0,"value":{"rM":96,"gM":98}},{"tweenEasing":0,"value":{"gM":2,"bM":0}},{"duration":3,"tweenEasing":0,"value":{"rM":97,"gM":99}},{"duration":6,"tweenEasing":0},{"tweenEasing":0},{"duration":2,"tweenEasing":0,"value":{"rM":97,"gM":99}},{"duration":3,"tweenEasing":0},{"duration":5,"value":{"aM":0,"rM":97,"gM":99}}]},{"name":"cheng_dimianbaozha_02_eff_5","displayFrame":[{"duration":30,"value":6},{"duration":3},{"duration":3,"value":1},{"duration":3,"value":2},{"duration":3,"value":3},{"duration":3,"value":4},{"duration":5,"value":5}],"colorFrame":[{"duration":10,"tweenEasing":0,"value":{"aM":0}},{"duration":10,"tweenEasing":0},{"duration":2,"tweenEasing":0},{"duration":2,"tweenEasing":0,"value":{"gM":2,"bM":0}},{"duration":2,"tweenEasing":0,"value":{"rM":96,"gM":98}},{"duration":2,"tweenEasing":0,"value":{"gM":2,"bM":0}},{"tweenEasing":0,"value":{"rM":96,"gM":98}},{"tweenEasing":0,"value":{"gM":2,"bM":0}},{"duration":3,"tweenEasing":0,"value":{"rM":97,"gM":99}},{"duration":6,"tweenEasing":0},{"tweenEasing":0},{"duration":2,"tweenEasing":0,"value":{"rM":97,"gM":99}},{"duration":3,"tweenEasing":0},{"duration":5,"value":{"aM":0,"rM":97,"gM":99}}]},{"name":"cheng_dimianbaozha_02_eff_6","displayFrame":[{"duration":30,"value":6},{"duration":3},{"duration":3,"value":1},{"duration":3,"value":2},{"duration":3,"value":3},{"duration":3,"value":4},{"duration":5,"value":5}],"colorFrame":[{"duration":10,"tweenEasing":0,"value":{"aM":0}},{"duration":10,"tweenEasing":0},{"duration":2,"tweenEasing":0},{"duration":2,"tweenEasing":0,"value":{"gM":2,"bM":0}},{"duration":2,"tweenEasing":0,"value":{"rM":96,"gM":98}},{"duration":2,"tweenEasing":0,"value":{"gM":2,"bM":0}},{"tweenEasing":0,"value":{"rM":96,"gM":98}},{"tweenEasing":0,"value":{"gM":2,"bM":0}},{"duration":3,"tweenEasing":0,"value":{"rM":97,"gM":99}},{"duration":6,"tweenEasing":0},{"tweenEasing":0},{"duration":2,"tweenEasing":0,"value":{"rM":97,"gM":99}},{"duration":3,"tweenEasing":0},{"duration":5,"value":{"aM":0,"rM":97,"gM":99}}]},{"name":"cheng_dimianbaozha_02_eff_7","displayFrame":[{"duration":30,"value":6},{"duration":3},{"duration":3,"value":1},{"duration":3,"value":2},{"duration":3,"value":3},{"duration":3,"value":4},{"duration":5,"value":5}],"colorFrame":[{"duration":10,"tweenEasing":0,"value":{"aM":0}},{"duration":10,"tweenEasing":0},{"duration":2,"tweenEasing":0},{"duration":2,"tweenEasing":0,"value":{"gM":2,"bM":0}},{"duration":2,"tweenEasing":0,"value":{"rM":96,"gM":98}},{"duration":2,"tweenEasing":0,"value":{"gM":2,"bM":0}},{"tweenEasing":0,"value":{"rM":96,"gM":98}},{"tweenEasing":0,"value":{"gM":2,"bM":0}},{"duration":3,"tweenEasing":0,"value":{"rM":97,"gM":99}},{"duration":6,"tweenEasing":0},{"tweenEasing":0},{"duration":2,"tweenEasing":0,"value":{"rM":97,"gM":99}},{"duration":3,"tweenEasing":0},{"duration":5,"value":{"aM":0,"rM":97,"gM":99}}]},{"name":"cheng_dimianbaozha_02_eff_pz","displayFrame":[{"duration":30,"value":-1},{"duration":20}]},{"name":"dabaozha_eff/eff_baozha_0011","displayFrame":[{"duration":30,"value":-1},{"duration":2},{"duration":2,"value":1},{"duration":3,"value":2},{"duration":3,"value":3},{"duration":3,"value":4},{"duration":3,"value":5},{"duration":4,"value":6},{"duration":0,"value":7}],"colorFrame":[{"duration":46,"tweenEasing":0},{"duration":4,"tweenEasing":0},{"duration":0,"value":{"aM":0}}]}]},{"duration":30,"name":"animation3","bone":[{"name":"cheng_dimianbaozha_02_eff_01","translateFrame":[{"duration":10,"curve":[0,0.49,0.75,1],"y":9.72},{"duration":10,"curve":[0.23,0,0.8155,0.53],"y":-19.98},{"duration":10,"curve":[0.269,0.515,0.875,0.855]},{"duration":0,"y":0.52}],"scaleFrame":[{"duration":10,"curve":[0,0.49,0.75,1],"x":0.92},{"duration":10,"curve":[0.23,0,0.8155,0.53],"x":1.04},{"duration":10,"curve":[0.269,0.515,0.875,0.855]},{"duration":0,"y":1.1}]},{"name":"cheng_dimianbaozha_02_eff_pz","translateFrame":[{"duration":30,"x":583.24,"y":-161.85}],"scaleFrame":[{"duration":30,"x":11.32,"y":3.29}]},{"name":"cheng_dimianbaozha_02_eff_1","translateFrame":[{"duration":10,"curve":[0,0.49,0.75,1],"y":9.72},{"duration":10,"curve":[0.23,0,0.8155,0.53],"y":-19.98},{"duration":10,"curve":[0.269,0.515,0.875,0.855]},{"duration":0,"y":0.52}],"scaleFrame":[{"duration":10,"curve":[0,0.49,0.75,1],"x":0.92},{"duration":10,"curve":[0.23,0,0.8155,0.53],"x":1.04},{"duration":10,"curve":[0.269,0.515,0.875,0.855]},{"duration":0,"y":1.1}]},{"name":"cheng_dimianbaozha_02_eff_2","translateFrame":[{"duration":10,"curve":[0,0.49,0.75,1],"y":9.72},{"duration":10,"curve":[0.23,0,0.8155,0.53],"y":-19.98},{"duration":10,"curve":[0.269,0.515,0.875,0.855]},{"duration":0,"y":0.52}],"scaleFrame":[{"duration":10,"curve":[0,0.49,0.75,1],"x":0.92},{"duration":10,"curve":[0.23,0,0.8155,0.53],"x":1.04},{"duration":10,"curve":[0.269,0.515,0.875,0.855]},{"duration":0,"y":1.1}]},{"name":"cheng_dimianbaozha_02_eff_3","translateFrame":[{"duration":10,"curve":[0,0.49,0.75,1],"y":9.72},{"duration":10,"curve":[0.23,0,0.8155,0.53],"y":-19.98},{"duration":10,"curve":[0.269,0.515,0.875,0.855]},{"duration":0,"y":0.52}],"scaleFrame":[{"duration":10,"curve":[0,0.49,0.75,1],"x":0.92},{"duration":10,"curve":[0.23,0,0.8155,0.53],"x":1.04},{"duration":10,"curve":[0.269,0.515,0.875,0.855]},{"duration":0,"y":1.1}]},{"name":"cheng_dimianbaozha_02_eff_5","translateFrame":[{"duration":10,"curve":[0,0.49,0.75,1],"y":9.72},{"duration":10,"curve":[0.23,0,0.8155,0.53],"y":-19.98},{"duration":10,"curve":[0.269,0.515,0.875,0.855]},{"duration":0,"y":0.52}],"scaleFrame":[{"duration":10,"curve":[0,0.49,0.75,1],"x":0.92},{"duration":10,"curve":[0.23,0,0.8155,0.53],"x":1.04},{"duration":10,"curve":[0.269,0.515,0.875,0.855]},{"duration":0,"y":1.1}]},{"name":"cheng_dimianbaozha_02_eff_6","translateFrame":[{"duration":10,"curve":[0,0.49,0.75,1],"y":9.72},{"duration":10,"curve":[0.23,0,0.8155,0.53],"y":-19.98},{"duration":10,"curve":[0.269,0.515,0.875,0.855]},{"duration":0,"y":0.52}],"scaleFrame":[{"duration":10,"curve":[0,0.49,0.75,1],"x":0.92},{"duration":10,"curve":[0.23,0,0.8155,0.53],"x":1.04},{"duration":10,"curve":[0.269,0.515,0.875,0.855]},{"duration":0,"y":1.1}]},{"name":"cheng_dimianbaozha_02_eff_7","translateFrame":[{"duration":10,"curve":[0,0.49,0.75,1],"y":9.72},{"duration":10,"curve":[0.23,0,0.8155,0.53],"y":-19.98},{"duration":10,"curve":[0.269,0.515,0.875,0.855]},{"duration":0,"y":0.52}],"scaleFrame":[{"duration":10,"curve":[0,0.49,0.75,1],"x":0.92},{"duration":10,"curve":[0.23,0,0.8155,0.53],"x":1.04},{"duration":10,"curve":[0.269,0.515,0.875,0.855]},{"duration":0,"y":1.1}]},{"name":"cheng_dimianbaozha_02_eff_4","translateFrame":[{"duration":10,"curve":[0,0.49,0.75,1],"y":9.72},{"duration":10,"curve":[0.23,0,0.8155,0.53],"y":-19.98},{"duration":10,"curve":[0.269,0.515,0.875,0.855]},{"duration":0,"y":0.52}],"scaleFrame":[{"duration":10,"curve":[0,0.49,0.75,1],"x":0.92},{"duration":10,"curve":[0.23,0,0.8155,0.53],"x":1.04},{"duration":10,"curve":[0.269,0.515,0.875,0.855]},{"duration":0,"y":1.1}]}],"slot":[{"name":"cheng_dimianbaozha_02_eff_01","displayFrame":[{"duration":30,"value":6}],"colorFrame":[{"duration":10,"tweenEasing":0,"value":{"aM":0}},{"duration":10,"tweenEasing":0},{"duration":2,"tweenEasing":0},{"duration":2,"tweenEasing":0,"value":{"gM":2,"bM":0}},{"duration":2,"tweenEasing":0,"value":{"rM":96,"gM":98}},{"duration":2,"tweenEasing":0,"value":{"gM":2,"bM":0}},{"duration":2,"tweenEasing":0,"value":{"rM":96,"gM":98}},{"duration":0,"value":{"gM":2,"bM":0}}]},{"name":"cheng_dimianbaozha_02_eff_1","displayFrame":[{"duration":30,"value":6}],"colorFrame":[{"duration":10,"tweenEasing":0,"value":{"aM":0}},{"duration":10,"tweenEasing":0},{"duration":2,"tweenEasing":0},{"duration":2,"tweenEasing":0,"value":{"gM":2,"bM":0}},{"duration":2,"tweenEasing":0,"value":{"rM":96,"gM":98}},{"duration":2,"tweenEasing":0,"value":{"gM":2,"bM":0}},{"duration":2,"tweenEasing":0,"value":{"rM":96,"gM":98}},{"duration":0,"value":{"gM":2,"bM":0}}]},{"name":"cheng_dimianbaozha_02_eff_2","displayFrame":[{"duration":30,"value":6}],"colorFrame":[{"duration":10,"tweenEasing":0,"value":{"aM":0}},{"duration":10,"tweenEasing":0},{"duration":2,"tweenEasing":0},{"duration":2,"tweenEasing":0,"value":{"gM":2,"bM":0}},{"duration":2,"tweenEasing":0,"value":{"rM":96,"gM":98}},{"duration":2,"tweenEasing":0,"value":{"gM":2,"bM":0}},{"duration":2,"tweenEasing":0,"value":{"rM":96,"gM":98}},{"duration":0,"value":{"gM":2,"bM":0}}]},{"name":"cheng_dimianbaozha_02_eff_3","displayFrame":[{"duration":30,"value":6}],"colorFrame":[{"duration":10,"tweenEasing":0,"value":{"aM":0}},{"duration":10,"tweenEasing":0},{"duration":2,"tweenEasing":0},{"duration":2,"tweenEasing":0,"value":{"gM":2,"bM":0}},{"duration":2,"tweenEasing":0,"value":{"rM":96,"gM":98}},{"duration":2,"tweenEasing":0,"value":{"gM":2,"bM":0}},{"duration":2,"tweenEasing":0,"value":{"rM":96,"gM":98}},{"duration":0,"value":{"gM":2,"bM":0}}]},{"name":"cheng_dimianbaozha_02_eff_4","displayFrame":[{"duration":30,"value":6}],"colorFrame":[{"duration":10,"tweenEasing":0,"value":{"aM":0}},{"duration":10,"tweenEasing":0},{"duration":2,"tweenEasing":0},{"duration":2,"tweenEasing":0,"value":{"gM":2,"bM":0}},{"duration":2,"tweenEasing":0,"value":{"rM":96,"gM":98}},{"duration":2,"tweenEasing":0,"value":{"gM":2,"bM":0}},{"duration":2,"tweenEasing":0,"value":{"rM":96,"gM":98}},{"duration":0,"value":{"gM":2,"bM":0}}]},{"name":"cheng_dimianbaozha_02_eff_5","displayFrame":[{"duration":30,"value":6}],"colorFrame":[{"duration":10,"tweenEasing":0,"value":{"aM":0}},{"duration":10,"tweenEasing":0},{"duration":2,"tweenEasing":0},{"duration":2,"tweenEasing":0,"value":{"gM":2,"bM":0}},{"duration":2,"tweenEasing":0,"value":{"rM":96,"gM":98}},{"duration":2,"tweenEasing":0,"value":{"gM":2,"bM":0}},{"duration":2,"tweenEasing":0,"value":{"rM":96,"gM":98}},{"duration":0,"value":{"gM":2,"bM":0}}]},{"name":"cheng_dimianbaozha_02_eff_6","displayFrame":[{"duration":30,"value":6}],"colorFrame":[{"duration":10,"tweenEasing":0,"value":{"aM":0}},{"duration":10,"tweenEasing":0},{"duration":2,"tweenEasing":0},{"duration":2,"tweenEasing":0,"value":{"gM":2,"bM":0}},{"duration":2,"tweenEasing":0,"value":{"rM":96,"gM":98}},{"duration":2,"tweenEasing":0,"value":{"gM":2,"bM":0}},{"duration":2,"tweenEasing":0,"value":{"rM":96,"gM":98}},{"duration":0,"value":{"gM":2,"bM":0}}]},{"name":"cheng_dimianbaozha_02_eff_7","displayFrame":[{"duration":30,"value":6}],"colorFrame":[{"duration":10,"tweenEasing":0,"value":{"aM":0}},{"duration":10,"tweenEasing":0},{"duration":2,"tweenEasing":0},{"duration":2,"tweenEasing":0,"value":{"gM":2,"bM":0}},{"duration":2,"tweenEasing":0,"value":{"rM":96,"gM":98}},{"duration":2,"tweenEasing":0,"value":{"gM":2,"bM":0}},{"duration":2,"tweenEasing":0,"value":{"rM":96,"gM":98}},{"duration":0,"value":{"gM":2,"bM":0}}]},{"name":"cheng_dimianbaozha_02_eff_pz","displayFrame":[{"duration":30,"value":-1},{"duration":0}]}]},{"duration":20,"name":"animation4","bone":[{"name":"cheng_dimianbaozha_02_eff_01","translateFrame":[{"duration":20,"y":7.78}]},{"name":"cheng_dimianbaozha_02_eff_pz","translateFrame":[{"duration":20,"x":583.24,"y":-161.85}],"scaleFrame":[{"duration":20,"x":11.32,"y":3.29}]},{"name":"cheng_dimianbaozha_02_eff_1","translateFrame":[{"duration":20,"y":7.78}],"scaleFrame":[{"duration":20,"x":1.2,"y":1.2}]},{"name":"cheng_dimianbaozha_02_eff_2","translateFrame":[{"duration":20,"y":7.78}]},{"name":"cheng_dimianbaozha_02_eff_3","translateFrame":[{"duration":20,"y":7.78}],"scaleFrame":[{"duration":20,"x":1.2,"y":1.2}]},{"name":"cheng_dimianbaozha_02_eff_5","translateFrame":[{"duration":20,"y":7.78}],"scaleFrame":[{"duration":20,"x":1.2,"y":1.2}]},{"name":"cheng_dimianbaozha_02_eff_6","translateFrame":[{"duration":20,"y":7.78}]},{"name":"cheng_dimianbaozha_02_eff_7","translateFrame":[{"duration":20,"y":7.78}],"scaleFrame":[{"duration":20,"x":1.2,"y":1.2}]},{"name":"cheng_dimianbaozha_02_eff_4","translateFrame":[{"duration":20,"y":7.78}]},{"name":"dabaozha_eff/eff_baozha_0011","translateFrame":[{"duration":20,"x":721.74,"y":-118.37}],"scaleFrame":[{"duration":20,"x":4.3,"y":4.3}]}],"slot":[{"name":"cheng_dimianbaozha_02_eff_01","displayFrame":[{"duration":3},{"duration":3,"value":1},{"duration":3,"value":2},{"duration":3,"value":3},{"duration":3,"value":4},{"duration":5,"value":5}],"colorFrame":[{"duration":3,"tweenEasing":0,"value":{"rM":97,"gM":99}},{"duration":6,"tweenEasing":0},{"tweenEasing":0},{"duration":2,"tweenEasing":0,"value":{"rM":97,"gM":99}},{"duration":3,"tweenEasing":0},{"duration":5,"value":{"aM":0,"rM":97,"gM":99}}]},{"name":"cheng_dimianbaozha_02_eff_1","displayFrame":[{"duration":3},{"duration":3,"value":1},{"duration":3,"value":2},{"duration":3,"value":3},{"duration":3,"value":4},{"duration":5,"value":5}],"colorFrame":[{"duration":3,"tweenEasing":0,"value":{"rM":97,"gM":99}},{"duration":6,"tweenEasing":0},{"tweenEasing":0},{"duration":2,"tweenEasing":0,"value":{"rM":97,"gM":99}},{"duration":3,"tweenEasing":0},{"duration":5,"value":{"aM":0,"rM":97,"gM":99}}]},{"name":"cheng_dimianbaozha_02_eff_2","displayFrame":[{"duration":3},{"duration":3,"value":1},{"duration":3,"value":2},{"duration":3,"value":3},{"duration":3,"value":4},{"duration":5,"value":5}],"colorFrame":[{"duration":3,"tweenEasing":0,"value":{"rM":97,"gM":99}},{"duration":6,"tweenEasing":0},{"tweenEasing":0},{"duration":2,"tweenEasing":0,"value":{"rM":97,"gM":99}},{"duration":3,"tweenEasing":0},{"duration":5,"value":{"aM":0,"rM":97,"gM":99}}]},{"name":"cheng_dimianbaozha_02_eff_3","displayFrame":[{"duration":3},{"duration":3,"value":1},{"duration":3,"value":2},{"duration":3,"value":3},{"duration":3,"value":4},{"duration":5,"value":5}],"colorFrame":[{"duration":3,"tweenEasing":0,"value":{"rM":97,"gM":99}},{"duration":6,"tweenEasing":0},{"tweenEasing":0},{"duration":2,"tweenEasing":0,"value":{"rM":97,"gM":99}},{"duration":3,"tweenEasing":0},{"duration":5,"value":{"aM":0,"rM":97,"gM":99}}]},{"name":"cheng_dimianbaozha_02_eff_4","displayFrame":[{"duration":3},{"duration":3,"value":1},{"duration":3,"value":2},{"duration":3,"value":3},{"duration":3,"value":4},{"duration":5,"value":5}],"colorFrame":[{"duration":3,"tweenEasing":0,"value":{"rM":97,"gM":99}},{"duration":6,"tweenEasing":0},{"tweenEasing":0},{"duration":2,"tweenEasing":0,"value":{"rM":97,"gM":99}},{"duration":3,"tweenEasing":0},{"duration":5,"value":{"aM":0,"rM":97,"gM":99}}]},{"name":"cheng_dimianbaozha_02_eff_5","displayFrame":[{"duration":3},{"duration":3,"value":1},{"duration":3,"value":2},{"duration":3,"value":3},{"duration":3,"value":4},{"duration":5,"value":5}],"colorFrame":[{"duration":3,"tweenEasing":0,"value":{"rM":97,"gM":99}},{"duration":6,"tweenEasing":0},{"tweenEasing":0},{"duration":2,"tweenEasing":0,"value":{"rM":97,"gM":99}},{"duration":3,"tweenEasing":0},{"duration":5,"value":{"aM":0,"rM":97,"gM":99}}]},{"name":"cheng_dimianbaozha_02_eff_6","displayFrame":[{"duration":3},{"duration":3,"value":1},{"duration":3,"value":2},{"duration":3,"value":3},{"duration":3,"value":4},{"duration":5,"value":5}],"colorFrame":[{"duration":3,"tweenEasing":0,"value":{"rM":97,"gM":99}},{"duration":6,"tweenEasing":0},{"tweenEasing":0},{"duration":2,"tweenEasing":0,"value":{"rM":97,"gM":99}},{"duration":3,"tweenEasing":0},{"duration":5,"value":{"aM":0,"rM":97,"gM":99}}]},{"name":"cheng_dimianbaozha_02_eff_7","displayFrame":[{"duration":3},{"duration":3,"value":1},{"duration":3,"value":2},{"duration":3,"value":3},{"duration":3,"value":4},{"duration":5,"value":5}],"colorFrame":[{"duration":3,"tweenEasing":0,"value":{"rM":97,"gM":99}},{"duration":6,"tweenEasing":0},{"tweenEasing":0},{"duration":2,"tweenEasing":0,"value":{"rM":97,"gM":99}},{"duration":3,"tweenEasing":0},{"duration":5,"value":{"aM":0,"rM":97,"gM":99}}]},{"name":"dabaozha_eff/eff_baozha_0011","displayFrame":[{"duration":2},{"duration":2,"value":1},{"duration":3,"value":2},{"duration":3,"value":3},{"duration":3,"value":4},{"duration":3,"value":5},{"duration":4,"value":6},{"duration":0,"value":7}],"colorFrame":[{"duration":16,"tweenEasing":0},{"duration":4,"tweenEasing":0},{"duration":0,"value":{"aM":0}}]}]}],"defaultActions":[{"gotoAndPlay":"animation"}]}]}