{"frameRate":30,"isGlobal":0,"armature":[{"bone":[{"name":"root","transform":{}},{"transform":{"y":97.71,"x":4.01},"name":"bai_dilie_eff/bai_dilie_eff_01","parent":"root"},{"transform":{"y":73.34,"x":-0.73},"name":"bai_yanwu_05_eff/bai_yanwu_05_eff_01","parent":"root"},{"transform":{"y":15.5,"x":31.67},"name":"cheng_fangshe_05_eff/cheng_fangshe_05_eff_01","parent":"root"},{"length":160,"transform":{"y":-11.13,"skX":-90.47,"skY":-90.47,"x":4.44},"parent":"root","name":"qiubang"},{"transform":{"y":-53.45,"x":103.73},"name":"wj_047_nakulu_eff_pz","parent":"root"}],"aabb":{"width":300,"y":-290.05196970093516,"height":440.05196970093516,"x":-150},"type":"Armature","name":"armatureName","animation":[{"frame":[],"bone":[{"frame":[{"transform":{"y":-78.7},"duration":17}],"name":"bai_yanwu_05_eff/bai_yanwu_05_eff_01"},{"frame":[{"transform":{"y":-99.14},"duration":17}],"name":"bai_dilie_eff/bai_dilie_eff_01"},{"frame":[{"transform":{},"duration":17}],"name":"root"},{"frame":[{"transform":{"y":-37.92,"x":-27.08},"duration":17}],"name":"cheng_fangshe_05_eff/cheng_fangshe_05_eff_01"},{"frame":[{"transform":{"y":2.68,"x":-102.02},"duration":7},{"transform":{"y":2.68,"x":-102.02},"duration":10}],"name":"wj_047_nakulu_eff_pz"},{"frame":[{"transform":{},"duration":17}],"name":"qiubang"}],"slot":[{"frame":[{"displayIndex":-1,"tweenEasing":null,"duration":17}],"name":"bai_dilie_eff/bai_dilie_eff_01"},{"frame":[{"displayIndex":-1,"tweenEasing":null,"duration":17}],"name":"bai_yanwu_05_eff/bai_yanwu_05_eff_01"},{"frame":[{"displayIndex":1,"tweenEasing":0,"duration":2},{"displayIndex":2,"tweenEasing":0,"duration":2},{"displayIndex":3,"tweenEasing":0,"duration":2},{"displayIndex":4,"tweenEasing":0,"duration":2},{"displayIndex":5,"tweenEasing":0,"duration":2},{"displayIndex":6,"tweenEasing":0,"duration":2},{"displayIndex":7,"tweenEasing":0,"duration":2},{"displayIndex":8,"tweenEasing":0,"duration":2},{"displayIndex":9,"tweenEasing":0,"duration":1},{"displayIndex":9,"tweenEasing":null,"color":{"aM":0},"duration":0}],"name":"cheng_fangshe_05_eff/cheng_fangshe_05_eff_01"},{"frame":[{"displayIndex":-1,"tweenEasing":null,"duration":17}],"name":"qiubang"},{"frame":[{"tweenEasing":null,"duration":17}],"name":"wj_047_nakulu_eff_pz"}],"ffd":[],"ik":[],"name":"0000_zhongji","duration":17},{"frame":[],"bone":[{"frame":[{"tweenEasing":0,"transform":{"y":-78.7,"scX":0.75},"duration":19},{"transform":{"scY":1.008,"y":-78.7,"scX":0.756},"duration":11}],"name":"bai_yanwu_05_eff/bai_yanwu_05_eff_01"},{"frame":[{"transform":{"y":-99.14,"scX":0.5},"duration":30}],"name":"bai_dilie_eff/bai_dilie_eff_01"},{"frame":[{"transform":{},"duration":30}],"name":"root"},{"frame":[{"transform":{"scY":1.132,"y":4.46,"scX":0.625},"duration":2},{"tweenEasing":0,"transform":{"scY":1.132,"y":4.46,"scX":0.625},"duration":18},{"transform":{"scY":1.045,"y":5.38,"scX":0.581},"duration":10}],"name":"qiubang"},{"frame":[{"tweenEasing":0,"transform":{"y":-37.92,"skX":50.02,"skY":50.02,"x":-27.08},"duration":5},{"transform":{"y":-37.92,"skX":50.02,"skY":50.02,"x":-27.08},"duration":25}],"name":"cheng_fangshe_05_eff/cheng_fangshe_05_eff_01"},{"frame":[{"transform":{"scY":1.641,"y":-26.45,"scX":0.348,"x":-102.02},"duration":2},{"transform":{"scY":1.641,"y":-26.45,"scX":0.348,"x":-102.02},"duration":13},{"transform":{"scY":1.641,"y":-26.45,"scX":0.348,"x":-102.02},"duration":15},{"transform":{"scY":1.641,"y":-26.45,"scX":0.348,"x":-102.02},"duration":0}],"name":"wj_047_nakulu_eff_pz"}],"slot":[{"frame":[{"displayIndex":-1,"tweenEasing":0,"duration":2},{"tweenEasing":0,"duration":1},{"displayIndex":1,"tweenEasing":0,"duration":1},{"displayIndex":2,"tweenEasing":0,"duration":1},{"displayIndex":2,"tweenEasing":0,"duration":3},{"displayIndex":2,"tweenEasing":0,"color":{"aM":49},"duration":3},{"displayIndex":2,"tweenEasing":0,"duration":9},{"displayIndex":2,"tweenEasing":0,"color":{"aM":49},"duration":10},{"displayIndex":2,"tweenEasing":null,"color":{"aM":0},"duration":0}],"name":"bai_dilie_eff/bai_dilie_eff_01"},{"frame":[{"displayIndex":-1,"tweenEasing":0,"duration":2},{"tweenEasing":0,"duration":3},{"displayIndex":1,"tweenEasing":0,"duration":3},{"displayIndex":2,"tweenEasing":0,"duration":3},{"displayIndex":3,"tweenEasing":0,"duration":3},{"displayIndex":4,"tweenEasing":0,"duration":1},{"displayIndex":4,"tweenEasing":0,"duration":2},{"displayIndex":5,"tweenEasing":0,"duration":3},{"displayIndex":6,"tweenEasing":0,"duration":3},{"displayIndex":7,"tweenEasing":0,"duration":2},{"displayIndex":7,"tweenEasing":null,"color":{"aM":0},"duration":5}],"name":"bai_yanwu_05_eff/bai_yanwu_05_eff_01"},{"frame":[{"displayIndex":-1,"tweenEasing":0,"duration":2},{"tweenEasing":0,"duration":3},{"displayIndex":1,"tweenEasing":0,"duration":3},{"displayIndex":2,"tweenEasing":0,"duration":3},{"displayIndex":3,"tweenEasing":0,"duration":3},{"displayIndex":4,"tweenEasing":0,"duration":3},{"displayIndex":5,"tweenEasing":0,"duration":3},{"displayIndex":6,"tweenEasing":0,"duration":3},{"displayIndex":7,"tweenEasing":0,"duration":3},{"displayIndex":8,"tweenEasing":0,"duration":3},{"displayIndex":9,"tweenEasing":0,"duration":1},{"displayIndex":9,"tweenEasing":null,"color":{"aM":0},"duration":0}],"name":"cheng_fangshe_05_eff/cheng_fangshe_05_eff_01"},{"frame":[{"tweenEasing":0,"color":{"aM":0},"duration":10},{"tweenEasing":0,"duration":10},{"tweenEasing":null,"color":{"aM":0},"duration":10}],"name":"qiubang"},{"frame":[{"tweenEasing":0,"duration":2},{"tweenEasing":0,"duration":13},{"tweenEasing":0,"duration":15},{"tweenEasing":null,"duration":0}],"name":"wj_047_nakulu_eff_pz"}],"ffd":[],"ik":[],"name":"0001_zhongji2","duration":30}],"skin":[{"slot":[{"display":[{"path":"wj_047_nakulu_eff_pz","type":"image","name":"wj_047_nakulu_eff_pz","transform":{"scY":10,"y":-0.14,"scX":10,"x":-0.25}}],"name":"wj_047_nakulu_eff_pz"},{"display":[{"path":"cheng_fangshe_05_eff/cheng_fangshe_05_eff_01","type":"image","name":"cheng_fangshe_05_eff/cheng_fangshe_05_eff_01","transform":{"y":-15.5,"x":-31.67}},{"path":"cheng_fangshe_05_eff/cheng_fangshe_05_eff_02","type":"image","name":"cheng_fangshe_05_eff/cheng_fangshe_05_eff_02","transform":{"y":-15.5,"x":-31.67}},{"path":"cheng_fangshe_05_eff/cheng_fangshe_05_eff_03","type":"image","name":"cheng_fangshe_05_eff/cheng_fangshe_05_eff_03","transform":{"y":-15.5,"x":-31.67}},{"path":"cheng_fangshe_05_eff/cheng_fangshe_05_eff_04","type":"image","name":"cheng_fangshe_05_eff/cheng_fangshe_05_eff_04","transform":{"y":-15.5,"x":-31.67}},{"path":"cheng_fangshe_05_eff/cheng_fangshe_05_eff_05","type":"image","name":"cheng_fangshe_05_eff/cheng_fangshe_05_eff_05","transform":{"y":-15.5,"x":-31.67}},{"path":"cheng_fangshe_05_eff/cheng_fangshe_05_eff_06","type":"image","name":"cheng_fangshe_05_eff/cheng_fangshe_05_eff_06","transform":{"y":-15.5,"x":-31.67}},{"path":"cheng_fangshe_05_eff/cheng_fangshe_05_eff_07","type":"image","name":"cheng_fangshe_05_eff/cheng_fangshe_05_eff_07","transform":{"y":-15.5,"x":-31.67}},{"path":"cheng_fangshe_05_eff/cheng_fangshe_05_eff_08","type":"image","name":"cheng_fangshe_05_eff/cheng_fangshe_05_eff_08","transform":{"y":-15.5,"x":-31.67}},{"path":"cheng_fangshe_05_eff/cheng_fangshe_05_eff_09","type":"image","name":"cheng_fangshe_05_eff/cheng_fangshe_05_eff_09","transform":{"y":-15.5,"x":-31.67}},{"path":"cheng_fangshe_05_eff/cheng_fangshe_05_eff_10","type":"image","name":"cheng_fangshe_05_eff/cheng_fangshe_05_eff_10","transform":{"y":-15.5,"x":-31.67}},{"path":"cheng_fangshe_05_eff/cheng_fangshe_05_eff_11","type":"image","name":"cheng_fangshe_05_eff/cheng_fangshe_05_eff_11","transform":{"y":-15.5,"x":-31.67}}],"blendMode":"add","name":"cheng_fangshe_05_eff/cheng_fangshe_05_eff_01"},{"display":[{"path":"bai_yanwu_05_eff/bai_yanwu_05_eff_01","type":"image","name":"bai_yanwu_05_eff/bai_yanwu_05_eff_01","transform":{"y":-73.34,"x":0.73}},{"path":"bai_yanwu_05_eff/bai_yanwu_05_eff_02","type":"image","name":"bai_yanwu_05_eff/bai_yanwu_05_eff_02","transform":{"y":-73.34,"x":0.73}},{"path":"bai_yanwu_05_eff/bai_yanwu_05_eff_03","type":"image","name":"bai_yanwu_05_eff/bai_yanwu_05_eff_03","transform":{"y":-73.34,"x":0.73}},{"path":"bai_yanwu_05_eff/bai_yanwu_05_eff_04","type":"image","name":"bai_yanwu_05_eff/bai_yanwu_05_eff_04","transform":{"y":-73.34,"x":0.73}},{"path":"bai_yanwu_05_eff/bai_yanwu_05_eff_05","type":"image","name":"bai_yanwu_05_eff/bai_yanwu_05_eff_05","transform":{"y":-73.34,"x":0.73}},{"path":"bai_yanwu_05_eff/bai_yanwu_05_eff_07","type":"image","name":"bai_yanwu_05_eff/bai_yanwu_05_eff_07","transform":{"y":-73.34,"x":0.73}},{"path":"bai_yanwu_05_eff/bai_yanwu_05_eff_11","type":"image","name":"bai_yanwu_05_eff/bai_yanwu_05_eff_11","transform":{"y":-73.34,"x":0.73}},{"path":"bai_yanwu_05_eff/bai_yanwu_05_eff_13","type":"image","name":"bai_yanwu_05_eff/bai_yanwu_05_eff_13","transform":{"y":-73.34,"x":0.73}}],"name":"bai_yanwu_05_eff/bai_yanwu_05_eff_01"},{"display":[{"path":"bai_dilie_eff/bai_dilie_eff_01","type":"image","name":"bai_dilie_eff/bai_dilie_eff_01","transform":{"y":0.1,"x":-4.01}},{"path":"bai_dilie_eff/bai_dilie_eff_02","type":"image","name":"bai_dilie_eff/bai_dilie_eff_02","transform":{"y":0.1,"x":-4.01}},{"path":"bai_dilie_eff/bai_dilie_eff_03","type":"image","name":"bai_dilie_eff/bai_dilie_eff_03","transform":{"y":0.1,"x":-4.01}},{"path":"bai_dilie_eff/bai_dilie_eff_04","type":"image","name":"bai_dilie_eff/bai_dilie_eff_04","transform":{"y":0.1,"x":-4.01}}],"blendMode":"add","name":"bai_dilie_eff/bai_dilie_eff_01"},{"display":[{"path":"qiubang","type":"image","name":"qiubang","transform":{"y":-2.88,"skX":90.47,"skY":90.47,"x":130.95}}],"blendMode":"add","name":"qiubang"}],"name":""}],"ik":[],"frameRate":30,"defaultActions":[{"gotoAndPlay":"0000_zhongji"}],"slot":[{"name":"wj_047_nakulu_eff_pz","parent":"wj_047_nakulu_eff_pz","color":{}},{"blendMode":"add","z":1,"parent":"qiubang","name":"qiubang","color":{}},{"blendMode":"add","z":2,"parent":"bai_dilie_eff/bai_dilie_eff_01","displayIndex":3,"name":"bai_dilie_eff/bai_dilie_eff_01","color":{}},{"z":3,"name":"bai_yanwu_05_eff/bai_yanwu_05_eff_01","parent":"bai_yanwu_05_eff/bai_yanwu_05_eff_01","color":{}},{"blendMode":"add","z":4,"parent":"cheng_fangshe_05_eff/cheng_fangshe_05_eff_01","name":"cheng_fangshe_05_eff/cheng_fangshe_05_eff_01","color":{}}]}],"name":"wj_047_nakulu_eff","version":"4.0"}