{"frameRate":60,"isGlobal":0,"name":"zd_tuoguan_eff","version":"4.0","armature":[{"animation":[{"slot":[{"frame":[{"tweenEasing":0,"duration":60},{"tweenEasing":null,"duration":0}],"name":"000_wenzi"},{"frame":[{"tweenEasing":0,"duration":60},{"tweenEasing":null,"duration":0}],"name":"000_dachilun"},{"frame":[{"tweenEasing":null,"displayIndex":-1,"duration":60}],"name":"001_xiaochilun"},{"frame":[{"tweenEasing":null,"displayIndex":-1,"duration":60}],"name":"001_wenzi"},{"frame":[{"tweenEasing":null,"displayIndex":-1,"duration":60}],"name":"002_zidong"}],"frame":[],"ffd":[],"duration":60,"ik":[],"playTimes":0,"bone":[{"frame":[{"tweenEasing":0,"transform":{},"duration":60},{"transform":{},"duration":0}],"name":"000_wenzi"},{"frame":[{"tweenEasing":0,"transform":{},"duration":60},{"transform":{},"duration":0}],"name":"000_dachilun"},{"frame":[{"transform":{},"duration":60}],"name":"root"},{"frame":[{"transform":{},"duration":60}],"name":"001_xiaochilun"},{"frame":[{"transform":{},"duration":60}],"name":"001_wenzi"},{"frame":[{"transform":{},"duration":60}],"name":"002_zidong"}],"name":"000_tuoguan01"},{"slot":[{"frame":[{"tweenEasing":0,"displayIndex":1,"duration":90},{"tweenEasing":null,"displayIndex":1,"duration":0}],"name":"000_wenzi"},{"frame":[{"tweenEasing":0,"duration":90},{"tweenEasing":null,"duration":0}],"name":"000_dachilun"},{"frame":[{"tweenEasing":null,"displayIndex":-1,"duration":90}],"name":"001_xiaochilun"},{"frame":[{"tweenEasing":null,"displayIndex":-1,"duration":90}],"name":"001_wenzi"},{"frame":[{"tweenEasing":null,"displayIndex":-1,"duration":90}],"name":"002_zidong"}],"frame":[],"ffd":[],"duration":90,"ik":[],"playTimes":0,"bone":[{"frame":[{"tweenEasing":0,"transform":{},"duration":90},{"transform":{},"duration":0}],"name":"000_wenzi"},{"frame":[{"tweenEasing":0,"transform":{},"duration":45},{"tweenEasing":0,"transform":{"skX":180,"skY":180},"duration":45},{"transform":{"skX":360,"skY":360},"duration":0}],"name":"000_dachilun"},{"frame":[{"transform":{},"duration":90}],"name":"root"},{"frame":[{"transform":{},"duration":90}],"name":"001_xiaochilun"},{"frame":[{"transform":{},"duration":90}],"name":"001_wenzi"},{"frame":[{"transform":{},"duration":24},{"transform":{},"duration":66}],"name":"002_zidong"}],"name":"001_tuoguan02"},{"slot":[{"frame":[{"tweenEasing":0,"duration":60},{"tweenEasing":null,"duration":0}],"name":"001_wenzi"},{"frame":[{"tweenEasing":0,"duration":60},{"tweenEasing":null,"duration":0}],"name":"001_xiaochilun"},{"frame":[{"tweenEasing":null,"displayIndex":-1,"duration":60}],"name":"000_dachilun"},{"frame":[{"tweenEasing":null,"displayIndex":-1,"duration":60}],"name":"000_wenzi"},{"frame":[{"tweenEasing":null,"displayIndex":-1,"duration":60}],"name":"002_zidong"}],"frame":[],"ffd":[],"duration":60,"ik":[],"playTimes":0,"bone":[{"frame":[{"tweenEasing":0,"transform":{},"duration":60},{"transform":{},"duration":0}],"name":"001_wenzi"},{"frame":[{"tweenEasing":0,"transform":{},"duration":60},{"transform":{},"duration":0}],"name":"001_xiaochilun"},{"frame":[{"transform":{},"duration":60}],"name":"root"},{"frame":[{"transform":{},"duration":60}],"name":"000_wenzi"},{"frame":[{"transform":{},"duration":60}],"name":"000_dachilun"},{"frame":[{"transform":{},"duration":60}],"name":"002_zidong"}],"name":"002_sudu10"},{"slot":[{"frame":[{"tweenEasing":0,"duration":90},{"tweenEasing":null,"duration":0}],"name":"001_wenzi"},{"frame":[{"tweenEasing":0,"duration":90},{"tweenEasing":null,"duration":0}],"name":"001_xiaochilun"},{"frame":[{"tweenEasing":null,"displayIndex":-1,"duration":90}],"name":"000_dachilun"},{"frame":[{"tweenEasing":null,"displayIndex":-1,"duration":90}],"name":"000_wenzi"},{"frame":[{"tweenEasing":null,"displayIndex":-1,"duration":90}],"name":"002_zidong"}],"frame":[],"ffd":[],"duration":90,"ik":[],"playTimes":0,"bone":[{"frame":[{"tweenEasing":0,"transform":{},"duration":90},{"transform":{},"duration":0}],"name":"001_wenzi"},{"frame":[{"tweenEasing":0,"transform":{},"duration":15},{"tweenEasing":0,"transform":{"skX":-60,"skY":-60},"duration":30},{"tweenEasing":0,"transform":{"skX":-180,"skY":-180},"duration":15},{"tweenEasing":0,"transform":{"skX":120,"skY":120},"duration":30},{"transform":{"skX":-360,"skY":-360},"duration":0}],"name":"001_xiaochilun"},{"frame":[{"transform":{},"duration":90}],"name":"root"},{"frame":[{"transform":{},"duration":90}],"name":"000_wenzi"},{"frame":[{"transform":{},"duration":90}],"name":"000_dachilun"},{"frame":[{"transform":{},"duration":90}],"name":"002_zidong"}],"name":"003_sudu11"},{"slot":[{"frame":[{"tweenEasing":0,"displayIndex":1,"duration":60},{"tweenEasing":null,"displayIndex":1,"duration":0}],"name":"001_wenzi"},{"frame":[{"tweenEasing":0,"duration":60},{"tweenEasing":null,"duration":0}],"name":"001_xiaochilun"},{"frame":[{"tweenEasing":null,"displayIndex":-1,"duration":60}],"name":"000_dachilun"},{"frame":[{"tweenEasing":null,"displayIndex":-1,"duration":60}],"name":"000_wenzi"},{"frame":[{"tweenEasing":null,"displayIndex":-1,"duration":60}],"name":"002_zidong"}],"frame":[],"ffd":[],"duration":60,"ik":[],"playTimes":0,"bone":[{"frame":[{"tweenEasing":0,"transform":{},"duration":60},{"transform":{},"duration":0}],"name":"001_wenzi"},{"frame":[{"tweenEasing":0,"transform":{},"duration":60},{"transform":{},"duration":0}],"name":"001_xiaochilun"},{"frame":[{"transform":{},"duration":60}],"name":"root"},{"frame":[{"transform":{},"duration":60}],"name":"000_wenzi"},{"frame":[{"transform":{},"duration":60}],"name":"000_dachilun"},{"frame":[{"transform":{},"duration":60}],"name":"002_zidong"}],"name":"004_sudu20"},{"slot":[{"frame":[{"tweenEasing":0,"displayIndex":1,"duration":90},{"tweenEasing":null,"displayIndex":1,"duration":0}],"name":"001_wenzi"},{"frame":[{"tweenEasing":0,"duration":90},{"tweenEasing":null,"duration":0}],"name":"001_xiaochilun"},{"frame":[{"tweenEasing":null,"displayIndex":-1,"duration":90}],"name":"000_dachilun"},{"frame":[{"tweenEasing":null,"displayIndex":-1,"duration":90}],"name":"000_wenzi"},{"frame":[{"tweenEasing":null,"displayIndex":-1,"duration":90}],"name":"002_zidong"}],"frame":[],"ffd":[],"duration":90,"ik":[],"playTimes":0,"bone":[{"frame":[{"tweenEasing":0,"transform":{},"duration":90},{"transform":{},"duration":0}],"name":"001_wenzi"},{"frame":[{"tweenEasing":0,"transform":{},"duration":15},{"tweenEasing":0,"transform":{"skX":-60,"skY":-60},"duration":30},{"tweenEasing":0,"transform":{"skX":-180,"skY":-180},"duration":15},{"tweenEasing":0,"transform":{"skX":120,"skY":120},"duration":30},{"transform":{"skX":-360,"skY":-360},"duration":0}],"name":"001_xiaochilun"},{"frame":[{"transform":{},"duration":90}],"name":"root"},{"frame":[{"transform":{},"duration":90}],"name":"000_wenzi"},{"frame":[{"transform":{},"duration":90}],"name":"000_dachilun"},{"frame":[{"transform":{},"duration":90}],"name":"002_zidong"}],"name":"005_sudu21"},{"slot":[{"frame":[{"tweenEasing":0,"displayIndex":2,"duration":60},{"tweenEasing":null,"displayIndex":2,"duration":0}],"name":"001_wenzi"},{"frame":[{"tweenEasing":0,"duration":60},{"tweenEasing":null,"duration":0}],"name":"001_xiaochilun"},{"frame":[{"tweenEasing":null,"displayIndex":-1,"duration":60}],"name":"000_dachilun"},{"frame":[{"tweenEasing":null,"displayIndex":-1,"duration":60}],"name":"000_wenzi"},{"frame":[{"tweenEasing":null,"displayIndex":-1,"duration":60}],"name":"002_zidong"}],"frame":[],"ffd":[],"duration":60,"ik":[],"playTimes":0,"bone":[{"frame":[{"tweenEasing":0,"transform":{},"duration":60},{"transform":{},"duration":0}],"name":"001_wenzi"},{"frame":[{"tweenEasing":0,"transform":{},"duration":60},{"transform":{},"duration":0}],"name":"001_xiaochilun"},{"frame":[{"transform":{},"duration":60}],"name":"root"},{"frame":[{"transform":{},"duration":60}],"name":"000_wenzi"},{"frame":[{"transform":{},"duration":60}],"name":"000_dachilun"},{"frame":[{"transform":{},"duration":60}],"name":"002_zidong"}],"name":"006_sudu30"},{"slot":[{"frame":[{"tweenEasing":0,"displayIndex":2,"duration":90},{"tweenEasing":null,"displayIndex":2,"duration":0}],"name":"001_wenzi"},{"frame":[{"tweenEasing":0,"duration":90},{"tweenEasing":null,"duration":0}],"name":"001_xiaochilun"},{"frame":[{"tweenEasing":null,"displayIndex":-1,"duration":90}],"name":"000_dachilun"},{"frame":[{"tweenEasing":null,"displayIndex":-1,"duration":90}],"name":"000_wenzi"},{"frame":[{"tweenEasing":null,"displayIndex":-1,"duration":90}],"name":"002_zidong"}],"frame":[],"ffd":[],"duration":90,"ik":[],"playTimes":0,"bone":[{"frame":[{"tweenEasing":0,"transform":{},"duration":90},{"transform":{},"duration":0}],"name":"001_wenzi"},{"frame":[{"tweenEasing":0,"transform":{},"duration":15},{"tweenEasing":0,"transform":{"skX":-60,"skY":-60},"duration":30},{"tweenEasing":0,"transform":{"skX":-180,"skY":-180},"duration":15},{"tweenEasing":0,"transform":{"skX":120,"skY":120},"duration":30},{"transform":{"skX":-360,"skY":-360},"duration":0}],"name":"001_xiaochilun"},{"frame":[{"transform":{},"duration":90}],"name":"root"},{"frame":[{"transform":{},"duration":90}],"name":"000_wenzi"},{"frame":[{"transform":{},"duration":90}],"name":"000_dachilun"},{"frame":[{"transform":{},"duration":90}],"name":"002_zidong"}],"name":"007_sudu31"},{"slot":[{"frame":[{"tweenEasing":0,"displayIndex":1,"duration":60},{"tweenEasing":null,"displayIndex":1,"duration":0}],"name":"000_dachilun"},{"frame":[{"tweenEasing":null,"displayIndex":-1,"duration":60}],"name":"000_wenzi"},{"frame":[{"tweenEasing":null,"displayIndex":-1,"duration":60}],"name":"001_xiaochilun"},{"frame":[{"tweenEasing":null,"displayIndex":-1,"duration":60}],"name":"001_wenzi"},{"frame":[{"tweenEasing":null,"displayIndex":-1,"duration":60}],"name":"002_zidong"}],"frame":[],"ffd":[],"duration":60,"ik":[],"playTimes":0,"bone":[{"frame":[{"tweenEasing":0,"transform":{},"duration":60},{"transform":{},"duration":0}],"name":"000_dachilun"},{"frame":[{"transform":{},"duration":60}],"name":"root"},{"frame":[{"transform":{},"duration":60}],"name":"001_xiaochilun"},{"frame":[{"transform":{},"duration":60}],"name":"000_wenzi"},{"frame":[{"transform":{},"duration":60}],"name":"001_wenzi"},{"frame":[{"transform":{},"duration":60}],"name":"002_zidong"}],"name":"008_zidong01"},{"slot":[{"frame":[{"tweenEasing":0,"displayIndex":1,"duration":90},{"tweenEasing":null,"displayIndex":1,"duration":0}],"name":"000_dachilun"},{"frame":[{"tweenEasing":null,"displayIndex":-1,"duration":90}],"name":"000_wenzi"},{"frame":[{"tweenEasing":null,"displayIndex":-1,"duration":90}],"name":"001_xiaochilun"},{"frame":[{"tweenEasing":null,"displayIndex":-1,"duration":90}],"name":"001_wenzi"},{"frame":[{"tweenEasing":null,"displayIndex":-1,"duration":90}],"name":"002_zidong"}],"frame":[],"ffd":[],"duration":90,"ik":[],"playTimes":0,"bone":[{"frame":[{"tweenEasing":0,"transform":{},"duration":45},{"tweenEasing":0,"transform":{"skX":180,"skY":180},"duration":45},{"transform":{"skX":360,"skY":360},"duration":0}],"name":"000_dachilun"},{"frame":[{"transform":{},"duration":90}],"name":"root"},{"frame":[{"transform":{},"duration":90}],"name":"001_xiaochilun"},{"frame":[{"transform":{},"duration":90}],"name":"000_wenzi"},{"frame":[{"transform":{},"duration":90}],"name":"001_wenzi"},{"frame":[{"transform":{},"duration":90}],"name":"002_zidong"}],"name":"009_zidong02"}],"type":"Armature","frameRate":60,"slot":[{"name":"000_dachilun","parent":"000_dachilun","color":{}},{"z":1,"name":"000_wenzi","parent":"000_wenzi","color":{}},{"z":2,"name":"001_xiaochilun","parent":"001_xiaochilun","color":{}},{"z":3,"name":"001_wenzi","parent":"001_wenzi","color":{}},{"z":4,"displayIndex":-1,"name":"002_zidong","parent":"002_zidong","color":{}}],"skin":[{"name":"","slot":[{"display":[{"path":"zd_tuoguan_ima/001","type":"image","name":"zd_tuoguan_ima/001","transform":{}},{"path":"zd_tuoguan_ima/002","type":"image","name":"zd_tuoguan_ima/002","transform":{}},{"path":"zd_tuoguan_ima/003","type":"image","name":"zd_tuoguan_ima/003","transform":{}}],"name":"001_wenzi"},{"display":[{"path":"zd_tuoguan_ima/xiaochilun02","type":"image","name":"zd_tuoguan_ima/xiaochilun02","transform":{}}],"name":"001_xiaochilun"},{"display":[{"path":"zd_tuoguan_ima/tuoguan01","type":"image","name":"zd_tuoguan_ima/tuoguan01","transform":{}},{"path":"zd_tuoguan_ima/tuoguan02","type":"image","name":"zd_tuoguan_ima/tuoguan02","transform":{}}],"name":"000_wenzi"},{"display":[{"path":"zd_tuoguan_ima/dachilun02","type":"image","name":"zd_tuoguan_ima/dachilun02","transform":{}},{"path":"zd_tuoguan_ima/dachilun03","type":"image","name":"zd_tuoguan_ima/dachilun03","transform":{}}],"name":"000_dachilun"}]}],"ik":[],"aabb":{"width":88,"y":-44,"height":88,"x":-44},"bone":[{"name":"root","transform":{}},{"inheritScale":false,"transform":{},"name":"001_xiaochilun","parent":"root"},{"inheritScale":false,"transform":{},"name":"000_wenzi","parent":"root"},{"inheritScale":false,"transform":{},"name":"000_dachilun","parent":"root"},{"inheritScale":false,"transform":{},"name":"001_wenzi","parent":"root"},{"inheritScale":false,"transform":{},"name":"002_zidong","parent":"root"}],"name":"armatureName","defaultActions":[{"gotoAndPlay":"000_tuoguan01"}]}]}