{"frameRate":30,"isGlobal":0,"armature":[{"slot":[{"name":"c1","parent":"c1","color":{}},{"z":1,"name":"c2","parent":"c2","color":{}},{"z":2,"name":"c3","parent":"c3","color":{}},{"z":3,"name":"c4","parent":"c4","color":{}},{"z":4,"name":"c5","parent":"c5","color":{}},{"z":5,"name":"c6","parent":"c6","color":{}},{"z":6,"name":"c7","parent":"c7","color":{}},{"blendMode":"add","z":7,"parent":"flashing2","name":"flashing2","color":{}},{"z":8,"name":"c11","parent":"c11","color":{}},{"blendMode":"add","z":9,"parent":"flashing","name":"flashing","color":{}},{"z":10,"name":"c9","parent":"c9","color":{}},{"z":11,"name":"c10","parent":"c10","color":{}}],"animation":[{"slot":[{"frame":[{"tweenEasing":null,"color":{"aM":0},"duration":80},{"tweenEasing":0,"color":{"aM":0},"duration":1},{"tweenEasing":0,"duration":5},{"tweenEasing":null,"color":{"aM":0},"duration":114},{"tweenEasing":null,"color":{"aM":0},"duration":134},{"tweenEasing":0,"color":{"aM":0},"duration":1},{"tweenEasing":0,"duration":5},{"tweenEasing":null,"color":{"aM":0},"duration":60},{"tweenEasing":null,"color":{"aM":0},"duration":80},{"tweenEasing":0,"color":{"aM":0},"duration":1},{"tweenEasing":0,"duration":5},{"tweenEasing":null,"color":{"aM":0},"duration":114},{"tweenEasing":null,"color":{"aM":0},"duration":134},{"tweenEasing":0,"color":{"aM":0},"duration":1},{"tweenEasing":0,"duration":5},{"tweenEasing":null,"color":{"aM":0},"duration":60},{"tweenEasing":null,"color":{"aM":0},"duration":80},{"tweenEasing":0,"color":{"aM":0},"duration":1},{"tweenEasing":0,"duration":5},{"tweenEasing":null,"color":{"aM":0},"duration":117},{"tweenEasing":null,"color":{"aM":0},"duration":80},{"tweenEasing":0,"color":{"aM":0},"duration":1},{"tweenEasing":0,"duration":5},{"tweenEasing":null,"color":{"aM":0},"duration":111},{"tweenEasing":null,"color":{"aM":0},"duration":0}],"name":"flashing"},{"frame":[{"tweenEasing":null,"color":{"aM":0},"duration":80},{"tweenEasing":0,"color":{"aM":0},"duration":1},{"tweenEasing":0,"duration":5},{"tweenEasing":null,"color":{"aM":0},"duration":114},{"tweenEasing":null,"color":{"aM":0},"duration":80},{"tweenEasing":0,"color":{"aM":0},"duration":1},{"tweenEasing":0,"duration":5},{"tweenEasing":null,"color":{"aM":0},"duration":114},{"tweenEasing":null,"color":{"aM":0},"duration":80},{"tweenEasing":0,"color":{"aM":0},"duration":1},{"tweenEasing":0,"duration":5},{"tweenEasing":null,"color":{"aM":0},"duration":114},{"tweenEasing":null,"color":{"aM":0},"duration":80},{"tweenEasing":0,"color":{"aM":0},"duration":1},{"tweenEasing":0,"duration":5},{"tweenEasing":null,"color":{"aM":0},"duration":114},{"tweenEasing":null,"color":{"aM":0},"duration":80},{"tweenEasing":0,"color":{"aM":0},"duration":1},{"tweenEasing":0,"duration":5},{"tweenEasing":null,"color":{"aM":0},"duration":117},{"tweenEasing":null,"color":{"aM":0},"duration":80},{"tweenEasing":0,"color":{"aM":0},"duration":1},{"tweenEasing":0,"duration":5},{"tweenEasing":null,"color":{"aM":0},"duration":111},{"tweenEasing":null,"color":{"aM":0},"duration":0}],"name":"flashing2"}],"ffd":[],"frame":[],"duration":1200,"ik":[],"bone":[{"frame":[{"tweenEasing":0,"transform":{},"duration":600},{"tweenEasing":0,"transform":{"y":8.15,"x":149.48},"duration":600},{"transform":{},"duration":0}],"name":"c3"},{"frame":[{"tweenEasing":0,"transform":{},"duration":600},{"tweenEasing":0,"transform":{"y":11.31,"x":54.62},"duration":600},{"transform":{},"duration":0}],"name":"c5"},{"frame":[{"tweenEasing":0,"transform":{},"duration":600},{"tweenEasing":0,"transform":{"y":9.51,"x":88.33},"duration":600},{"transform":{},"duration":0}],"name":"c2"},{"frame":[{"tweenEasing":0,"transform":{},"duration":600},{"tweenEasing":0,"transform":{"y":10.47,"x":32.77},"duration":600},{"transform":{},"duration":0}],"name":"c4"},{"frame":[{"tweenEasing":0,"transform":{},"duration":600},{"tweenEasing":0,"transform":{"y":8.15,"x":53},"duration":600},{"transform":{},"duration":0}],"name":"c1"},{"frame":[{"tweenEasing":0,"transform":{"x":36.69},"duration":600},{"tweenEasing":0,"transform":{"x":-6.79},"duration":600},{"transform":{"x":36.69},"duration":0}],"name":"c6"},{"frame":[{"tweenEasing":0,"transform":{"x":36.69},"duration":600},{"tweenEasing":0,"transform":{"y":4.07,"x":-70.29},"duration":600},{"transform":{"x":36.69},"duration":0}],"name":"c7"},{"frame":[{"tweenEasing":0,"transform":{"x":36.69},"duration":600},{"tweenEasing":0,"transform":{"y":14.01,"x":-42.6},"duration":600},{"transform":{"x":36.69},"duration":0}],"name":"c11"},{"frame":[{"tweenEasing":0,"transform":{"x":36.69},"duration":600},{"tweenEasing":0,"transform":{"y":8.88,"x":-108.07},"duration":600},{"transform":{"x":36.69},"duration":0}],"name":"c9"},{"frame":[{"tweenEasing":0,"transform":{"x":36.69},"duration":600},{"tweenEasing":0,"transform":{"y":17.42,"x":-50.53},"duration":600},{"transform":{"x":36.69},"duration":0}],"name":"c10"},{"frame":[{"tweenEasing":0,"transform":{},"duration":86},{"tweenEasing":0,"transform":{"scX":1.241,"scY":1.241},"duration":114},{"tweenEasing":0,"transform":{},"duration":140},{"tweenEasing":0,"transform":{"scX":1.241,"scY":1.241},"duration":60},{"tweenEasing":0,"transform":{},"duration":86},{"tweenEasing":0,"transform":{"scX":1.241,"scY":1.241},"duration":114},{"tweenEasing":0,"transform":{},"duration":140},{"tweenEasing":0,"transform":{"scX":1.241,"scY":1.241},"duration":60},{"tweenEasing":0,"transform":{},"duration":86},{"tweenEasing":0,"transform":{"scX":1.241,"scY":1.241},"duration":117},{"tweenEasing":0,"transform":{},"duration":86},{"tweenEasing":0,"transform":{"scX":1.241,"scY":1.241},"duration":111},{"transform":{},"duration":0}],"name":"flashing"},{"frame":[{"tweenEasing":0,"transform":{},"duration":86},{"tweenEasing":0,"transform":{"scX":1.241,"scY":1.241},"duration":114},{"tweenEasing":0,"transform":{},"duration":86},{"tweenEasing":0,"transform":{"scX":1.241,"scY":1.241},"duration":114},{"tweenEasing":0,"transform":{},"duration":86},{"tweenEasing":0,"transform":{"scX":1.241,"scY":1.241},"duration":114},{"tweenEasing":0,"transform":{},"duration":86},{"tweenEasing":0,"transform":{"scX":1.241,"scY":1.241},"duration":114},{"tweenEasing":0,"transform":{},"duration":86},{"tweenEasing":0,"transform":{"scX":1.241,"scY":1.241},"duration":117},{"tweenEasing":0,"transform":{},"duration":86},{"tweenEasing":0,"transform":{"scX":1.241,"scY":1.241},"duration":111},{"transform":{},"duration":0}],"name":"flashing2"},{"frame":[{"transform":{},"duration":1200}],"name":"root"}],"name":"animation"}],"type":"Armature","name":"armatureName","aabb":{"width":1850.2197972729039,"y":-696.2719531864487,"height":305.4952513563701,"x":-110.84537492824806},"skin":[{"slot":[{"display":[{"path":"c4","type":"image","name":"c4","transform":{"skX":-7.46,"y":7.12,"skY":-7.46,"x":30.54}}],"name":"c4"},{"display":[{"path":"c5","type":"image","name":"c5","transform":{"skX":-14.49,"y":4.44,"skY":-14.49,"x":21.3}}],"name":"c5"},{"display":[{"path":"c10","type":"image","name":"c10","transform":{"skX":-179.17,"y":-54.48,"skY":-179.17,"x":101.87}}],"name":"c10"},{"display":[{"path":"c3","type":"image","name":"c3","transform":{"skX":-9.12,"y":-0.79,"skY":-9.12,"x":85.48}}],"name":"c3"},{"display":[{"path":"flashing","type":"image","name":"flashing","transform":{"skX":-128.4,"y":-13.97,"skY":-128.4,"x":99.45}}],"blendMode":"add","name":"flashing"},{"display":[{"path":"flashing","type":"image","name":"flashing","transform":{"skX":-51.82,"y":1.67,"skY":-51.82,"scX":-0.73,"scY":0.675,"x":115.41}}],"blendMode":"add","name":"flashing2"},{"display":[{"path":"c9","type":"image","name":"c9","transform":{"skX":-175.1,"y":-28.15,"skY":-175.1,"x":215.1}}],"name":"c9"},{"display":[{"path":"c6","type":"image","name":"c6","transform":{"skX":179.59,"y":34.98,"skY":179.59,"x":468.68}}],"name":"c6"},{"display":[{"path":"c2","type":"image","name":"c2","transform":{"skX":-9.47,"y":0.24,"skY":-9.47,"x":18.71}}],"name":"c2"},{"display":[{"path":"c8","type":"image","name":"c8","transform":{"skX":-174.88,"y":-15.61,"skY":-174.88,"x":363.31}}],"name":"c11"},{"display":[{"path":"c1","type":"image","name":"c1","transform":{"skX":-5.88,"y":-2.95,"skY":-5.88,"x":29.33}}],"name":"c1"},{"display":[{"path":"c7","type":"image","name":"c7","transform":{"skX":-178.01,"y":-10.89,"skY":-178.01,"x":199.55}}],"name":"c7"}],"name":""}],"bone":[{"name":"root","transform":{}},{"length":57,"transform":{"skX":5.9,"y":-502.53,"skY":5.9,"x":655.49},"parent":"root","name":"c1"},{"length":84,"transform":{"skX":9.47,"y":-564.19,"skY":9.47,"x":328.51},"parent":"root","name":"c2"},{"length":212,"transform":{"skX":9.12,"y":-572.08,"skY":9.12,"x":-35.87},"parent":"root","name":"c3"},{"length":122,"transform":{"skX":7.47,"y":-562.05,"skY":7.47,"x":527.36},"parent":"root","name":"c4"},{"length":143,"transform":{"skX":14.46,"y":-657.39,"skY":14.46,"x":276.42},"parent":"root","name":"c5"},{"length":285,"transform":{"skX":-179.6,"y":-488.74,"skY":-179.6,"x":1613.03},"parent":"root","name":"c6"},{"length":230,"transform":{"skX":178.02,"y":-577.03,"skY":178.02,"x":1401.75},"parent":"root","name":"c7"},{"length":256,"transform":{"skX":175.12,"y":-650.47,"skY":175.12,"x":1522.8},"parent":"root","name":"c9"},{"length":285,"transform":{"skX":179.2,"y":-696.12,"skY":179.2,"x":1318.43},"parent":"root","name":"c10"},{"length":201,"transform":{"skX":174.9,"y":-619.7,"skY":174.9,"x":1525.79},"parent":"root","name":"c11"},{"length":151,"transform":{"skX":128.19,"y":-618.59,"skY":128.19,"x":1303.08},"parent":"root","name":"flashing"},{"length":127,"transform":{"skX":52.05,"y":-603.31,"skY":52.05,"x":965.18},"parent":"root","name":"flashing2"}],"frameRate":30,"defaultActions":[{"gotoAndPlay":"animation"}],"ik":[]}],"name":"sky","version":"4.0"}