{"frameRate":30,"isGlobal":0,"armature":[{"bone":[{"name":"root","transform":{}},{"length":49,"transform":{"y":15.07,"skX":-89.3,"skY":-89.3,"x":186.05},"parent":"root","name":"bai_baiyan_00_eff/bai_baiyan_00_eff_01"},{"length":176,"transform":{"y":93.8,"skX":-90.95,"skY":-90.95,"x":2.59},"parent":"root","name":"bai_yanwu_04_eff/bai_yanwu_04_eff_01"},{"transform":{},"name":"bone","parent":"root"},{"length":125,"transform":{"y":197.25,"skX":-89.72,"skY":-89.72,"x":186.57},"parent":"root","name":"luoxuan_eff/qinpu_eff_002"},{"length":94,"transform":{"y":-138.26,"skX":-89.55,"skY":-89.55,"x":195.64},"parent":"root","name":"paopao_baozha_eff/cheng_dimianbaozha_02_eff_01"},{"transform":{},"name":"wj_051_yalujia_eff_pz","parent":"root"},{"length":63,"transform":{"y":-21.63,"skX":-90,"skY":-90,"x":410.64},"parent":"root","name":"xiongmao_shenti"},{"length":114,"transform":{"y":54.85,"skX":154.02,"skY":154.02,"x":122.38},"parent":"xiongmao_shenti","name":"xiongmao_shenti_shou2"},{"length":119,"transform":{"y":-55.04,"skX":-155.97,"skY":-155.97,"x":125.18},"parent":"xiongmao_shenti","name":"xiongmao_shentishou1"},{"length":77,"transform":{"y":-0.88,"x":139.81},"parent":"xiongmao_shenti","inheritScale":false,"name":"xiongmao_tou"},{"transform":{},"name":"ys_aixin_eff_04","parent":"bone"},{"transform":{},"name":"ys_aixin_eff_4","parent":"bone"},{"transform":{},"name":"ys_aixin_eff_5","parent":"bone"},{"transform":{},"name":"ys_aixin_eff_6","parent":"bone"},{"transform":{},"name":"ys_aixin_eff_7","parent":"bone"},{"transform":{},"name":"ys_aixin_eff_8","parent":"bone"}],"aabb":{"width":674.396193531692,"y":-385.9493771047589,"height":622.4601512688535,"x":-129.99554745292625},"type":"Armature","name":"armatureName","animation":[{"frame":[],"bone":[{"frame":[{"transform":{"y":-41.49},"duration":30},{"transform":{"y":-41.49},"duration":0}],"name":"root"},{"frame":[{"curve":[0.25,0,0.75,1],"transform":{"y":27.51},"duration":15},{"curve":[0.25,0,0.75,1],"transform":{"scY":1.027,"y":64.13,"scX":1.027},"duration":15},{"transform":{"y":27.51},"duration":0}],"name":"ys_aixin_eff_04"},{"frame":[{"transform":{"scY":2.583,"y":34.75},"duration":30},{"transform":{"scY":2.583,"y":34.75},"duration":0}],"name":"wj_051_yalujia_eff_pz"},{"frame":[{"transform":{},"duration":30}],"name":"bai_baiyan_00_eff/bai_baiyan_00_eff_01"},{"frame":[{"transform":{},"duration":30}],"name":"bai_yanwu_04_eff/bai_yanwu_04_eff_01"},{"frame":[{"transform":{},"duration":30}],"name":"bone"},{"frame":[{"transform":{},"duration":30}],"name":"luoxuan_eff/qinpu_eff_002"},{"frame":[{"transform":{},"duration":30}],"name":"paopao_baozha_eff/cheng_dimianbaozha_02_eff_01"},{"frame":[{"transform":{},"duration":30}],"name":"xiongmao_shenti"},{"frame":[{"transform":{},"duration":30}],"name":"xiongmao_shenti_shou2"},{"frame":[{"transform":{},"duration":30}],"name":"xiongmao_shentishou1"},{"frame":[{"transform":{},"duration":30}],"name":"xiongmao_tou"},{"frame":[{"transform":{},"duration":30}],"name":"ys_aixin_eff_4"},{"frame":[{"transform":{},"duration":30}],"name":"ys_aixin_eff_5"},{"frame":[{"transform":{},"duration":30}],"name":"ys_aixin_eff_6"},{"frame":[{"transform":{},"duration":30}],"name":"ys_aixin_eff_7"},{"frame":[{"transform":{},"duration":30}],"name":"ys_aixin_eff_8"}],"slot":[{"frame":[{"displayIndex":-1,"tweenEasing":null,"duration":30}],"name":"bai_baiyan_00_eff/bai_baiyan_00_eff_01"},{"frame":[{"displayIndex":-1,"tweenEasing":null,"duration":30}],"name":"bai_yanwu_04_eff/bai_yanwu_04_eff_01"},{"frame":[{"displayIndex":-1,"tweenEasing":null,"duration":30}],"name":"luoxuan_eff/qinpu_eff_002"},{"frame":[{"displayIndex":-1,"tweenEasing":null,"duration":30}],"name":"paopao_baozha_eff/cheng_dimianbaozha_02_eff_01"},{"frame":[{"displayIndex":-1,"tweenEasing":null,"duration":30}],"name":"xiongmao_shenti"},{"frame":[{"displayIndex":-1,"tweenEasing":null,"duration":30}],"name":"xiongmao_shenti_shou2"},{"frame":[{"displayIndex":-1,"tweenEasing":null,"duration":30}],"name":"xiongmao_shentishou1"},{"frame":[{"displayIndex":-1,"tweenEasing":null,"duration":30}],"name":"xiongmao_tou"}],"ffd":[],"ik":[],"name":"animation","duration":30},{"frame":[],"bone":[{"frame":[{"transform":{},"duration":30},{"transform":{},"duration":30}],"name":"root"},{"frame":[{"curve":[0.25,0,0.6875,0.75],"transform":{"scY":0.5,"y":-42.31,"scX":0.5},"duration":15},{"curve":[0.375,0.5,0.75,1],"transform":{"scY":0.909,"y":-42.31,"scX":0.909},"duration":15},{"transform":{"scY":0.502,"y":-183.15,"skX":178.11,"skY":178.11,"scX":0.502},"duration":2},{"curve":[0,0.92,0.75,1],"transform":{"scY":0.502,"y":-74.96,"skX":178.11,"skY":178.11,"scX":0.502},"duration":28},{"transform":{"scY":2.095,"y":155.91,"skX":178.11,"skY":178.11,"scX":2.095,"x":2.01},"duration":0}],"name":"ys_aixin_eff_04"},{"frame":[{"transform":{"y":-48.77,"x":4.06},"duration":30},{"transform":{"scY":2,"y":-98.43,"scX":2,"x":7.69},"duration":30},{"transform":{"scY":2,"y":-98.43,"scX":2,"x":7.69},"duration":0}],"name":"wj_051_yalujia_eff_pz"},{"frame":[{"tweenEasing":0,"transform":{"scY":0.5,"y":-21.6,"skX":60,"skY":60,"scX":0.5,"x":37.84},"duration":15},{"tweenEasing":0,"transform":{"scY":0.909,"y":-21.6,"skX":60,"skY":60,"scX":0.909,"x":37.84},"duration":15},{"transform":{"scY":0.502,"y":-87.3,"skX":-126.87,"skY":-126.87,"scX":0.502,"x":151.6},"duration":30}],"name":"ys_aixin_eff_4"},{"frame":[{"tweenEasing":0,"transform":{"scY":0.5,"y":21.6,"skX":120,"skY":120,"scX":0.5,"x":37.05},"duration":15},{"tweenEasing":0,"transform":{"scY":0.909,"y":21.6,"skX":120,"skY":120,"scX":0.909,"x":37.05},"duration":15},{"transform":{"scY":0.502,"y":89.44,"skX":-64.75,"skY":-64.75,"scX":0.502,"x":154.64},"duration":30}],"name":"ys_aixin_eff_5"},{"frame":[{"tweenEasing":0,"transform":{"scY":0.5,"y":42.24,"skX":180,"skY":180,"scX":0.5,"x":0.01},"duration":15},{"tweenEasing":0,"transform":{"scY":0.909,"y":42.24,"skX":180,"skY":180,"scX":0.909,"x":0.01},"duration":15},{"transform":{"scY":0.502,"y":187.41,"skX":0.3,"skY":0.3,"scX":0.502,"x":0.01},"duration":30}],"name":"ys_aixin_eff_6"},{"frame":[{"tweenEasing":0,"transform":{"scY":0.5,"y":20.91,"skX":-120,"skY":-120,"scX":0.5,"x":-34.58},"duration":15},{"tweenEasing":0,"transform":{"scY":0.909,"y":20.91,"skX":-120,"skY":-120,"scX":0.909,"x":-34.58},"duration":15},{"transform":{"scY":0.502,"y":90.19,"skX":56.72,"skY":56.72,"scX":0.502,"x":-154.57},"duration":30}],"name":"ys_aixin_eff_7"},{"frame":[{"tweenEasing":0,"transform":{"scY":0.5,"y":-19.8,"skX":-60,"skY":-60,"scX":0.5,"x":-36.01},"duration":15},{"tweenEasing":0,"transform":{"scY":0.909,"y":-19.8,"skX":-60,"skY":-60,"scX":0.909,"x":-36.01},"duration":15},{"transform":{"scY":0.502,"y":-88.25,"skX":121.55,"skY":121.55,"scX":0.502,"x":-154.55},"duration":30}],"name":"ys_aixin_eff_8"},{"frame":[{"tweenEasing":0,"transform":{"y":-91.22,"x":-186.05},"duration":15},{"transform":{"scY":2,"y":-91.22,"scX":2,"x":-186.05},"duration":45}],"name":"bai_baiyan_00_eff/bai_baiyan_00_eff_01"},{"frame":[{"tweenEasing":0,"transform":{"scY":0.699,"y":-203.46,"scX":0.699,"x":-184.68},"duration":20},{"transform":{"scY":1.255,"y":-203.46,"scX":1.255,"x":-184.68},"duration":10},{"tweenEasing":0,"transform":{"scY":0.699,"y":-203.46,"scX":0.699,"x":-184.68},"duration":20},{"transform":{"scY":1.255,"y":-203.46,"scX":1.255,"x":-184.68},"duration":10}],"name":"luoxuan_eff/qinpu_eff_002"},{"frame":[{"transform":{"y":135.81,"x":-194.89},"duration":30},{"transform":{"y":135.81,"x":-194.89},"duration":30}],"name":"paopao_baozha_eff/cheng_dimianbaozha_02_eff_01"},{"frame":[{"tweenEasing":0,"transform":{"y":-127.75},"duration":30},{"transform":{"y":-141.75,"skX":-180,"skY":-180},"duration":30}],"name":"bone"},{"frame":[{"transform":{"y":-84.1,"x":2.93},"duration":30},{"transform":{"y":-84.1,"x":2.93},"duration":30}],"name":"bai_yanwu_04_eff/bai_yanwu_04_eff_01"},{"frame":[{"curve":[0,0.69,0.75,1],"transform":{"scY":0.379,"y":-3.53,"scX":0.342,"x":-406.87},"duration":20},{"curve":[0.25,0,1,0.17],"transform":{"scY":0.95,"y":-32.65,"x":-406.87},"duration":10},{"tweenEasing":0,"transform":{"y":-3.53,"x":-406.87},"duration":5},{"tweenEasing":0,"transform":{"y":1.41,"scX":0.933,"x":-406.87},"duration":5},{"tweenEasing":0,"transform":{"y":-2.7,"scX":0.979,"x":-406.87},"duration":5},{"tweenEasing":0,"transform":{"y":0.58,"scX":0.944,"x":-406.87},"duration":15},{"transform":{"y":0.58,"x":-406.87},"duration":0}],"name":"xiongmao_shenti"},{"frame":[{"curve":[0,0.69,0.75,1],"transform":{"scY":0.442,"scX":0.442,"x":-2.62},"duration":20},{"curve":[0.25,0,1,0.17],"transform":{"x":-0.87},"duration":10},{"transform":{},"duration":30}],"name":"xiongmao_tou"},{"frame":[{"tweenEasing":0,"transform":{},"duration":10},{"tweenEasing":0,"transform":{"y":1.11,"x":0.93},"duration":20},{"tweenEasing":0,"transform":{"y":1.11,"skX":20.73,"skY":20.73,"x":0.93},"duration":15},{"transform":{"y":1.11,"skX":3.13,"skY":3.13,"x":0.93},"duration":15}],"name":"xiongmao_shentishou1"},{"frame":[{"tweenEasing":0,"transform":{},"duration":10},{"tweenEasing":0,"transform":{"x":1.45},"duration":20},{"tweenEasing":0,"transform":{"skX":-18.2,"skY":-18.2,"x":1.45},"duration":15},{"transform":{"skX":-7.09,"skY":-7.09,"x":1.45},"duration":15}],"name":"xiongmao_shenti_shou2"}],"slot":[{"frame":[{"tweenEasing":0,"color":{"aM":0},"duration":2},{"displayIndex":1,"tweenEasing":0,"duration":2},{"displayIndex":2,"tweenEasing":0,"duration":1},{"displayIndex":2,"tweenEasing":0,"duration":1},{"displayIndex":3,"tweenEasing":0,"duration":2},{"displayIndex":5,"tweenEasing":0,"duration":2},{"displayIndex":7,"tweenEasing":0,"duration":5},{"displayIndex":7,"tweenEasing":null,"color":{"aM":0},"duration":45}],"name":"bai_baiyan_00_eff/bai_baiyan_00_eff_01"},{"frame":[{"displayIndex":-1,"tweenEasing":0,"duration":30},{"tweenEasing":0,"duration":2},{"displayIndex":1,"tweenEasing":0,"duration":3},{"displayIndex":2,"tweenEasing":0,"duration":3},{"displayIndex":3,"tweenEasing":0,"duration":3},{"displayIndex":4,"tweenEasing":0,"duration":4},{"displayIndex":5,"tweenEasing":0,"duration":5},{"displayIndex":6,"tweenEasing":0,"duration":10},{"displayIndex":6,"tweenEasing":null,"color":{"aM":0},"duration":0}],"name":"bai_yanwu_04_eff/bai_yanwu_04_eff_01"},{"frame":[{"displayIndex":-1,"tweenEasing":0,"duration":3},{"displayIndex":2,"tweenEasing":0,"duration":3},{"displayIndex":1,"tweenEasing":0,"duration":3},{"tweenEasing":0,"duration":11},{"tweenEasing":0,"color":{"aM":0},"duration":10},{"displayIndex":-1,"tweenEasing":0,"duration":3},{"displayIndex":2,"tweenEasing":0,"duration":3},{"displayIndex":1,"tweenEasing":0,"duration":3},{"tweenEasing":0,"duration":11},{"tweenEasing":null,"color":{"aM":0},"duration":10}],"name":"luoxuan_eff/qinpu_eff_002"},{"frame":[{"displayIndex":-1,"tweenEasing":0,"duration":30},{"tweenEasing":0,"duration":3},{"displayIndex":1,"tweenEasing":0,"duration":3},{"displayIndex":2,"tweenEasing":0,"duration":3},{"displayIndex":3,"tweenEasing":0,"duration":3},{"displayIndex":4,"tweenEasing":0,"duration":3},{"displayIndex":5,"tweenEasing":0,"duration":15},{"displayIndex":5,"tweenEasing":null,"color":{"aM":0},"duration":0}],"name":"paopao_baozha_eff/cheng_dimianbaozha_02_eff_01"},{"frame":[{"tweenEasing":0,"color":{"aM":0},"duration":10},{"tweenEasing":null,"duration":35},{"tweenEasing":0,"duration":15},{"tweenEasing":null,"color":{"aM":0},"duration":0}],"name":"xiongmao_shenti"},{"frame":[{"tweenEasing":0,"color":{"aM":0},"duration":10},{"tweenEasing":null,"duration":20},{"tweenEasing":null,"duration":15},{"tweenEasing":0,"duration":15},{"tweenEasing":null,"color":{"aM":0},"duration":0}],"name":"xiongmao_shenti_shou2"},{"frame":[{"tweenEasing":0,"color":{"aM":0},"duration":10},{"tweenEasing":null,"duration":20},{"tweenEasing":null,"duration":15},{"tweenEasing":0,"duration":15},{"tweenEasing":null,"color":{"aM":0},"duration":0}],"name":"xiongmao_shentishou1"},{"frame":[{"tweenEasing":0,"color":{"aM":0},"duration":10},{"tweenEasing":null,"duration":35},{"tweenEasing":0,"duration":15},{"tweenEasing":null,"color":{"aM":0},"duration":0}],"name":"xiongmao_tou"},{"frame":[{"tweenEasing":0,"color":{"aM":0},"duration":5},{"tweenEasing":null,"duration":15},{"tweenEasing":0,"duration":10},{"tweenEasing":null,"color":{"aM":0},"duration":2},{"tweenEasing":null,"duration":13},{"tweenEasing":0,"duration":15},{"tweenEasing":null,"color":{"aM":0},"duration":0}],"name":"ys_aixin_eff_04"},{"frame":[{"tweenEasing":0,"color":{"aM":0},"duration":5},{"tweenEasing":null,"duration":15},{"tweenEasing":0,"duration":10},{"tweenEasing":null,"color":{"aM":0},"duration":30}],"name":"ys_aixin_eff_4"},{"frame":[{"tweenEasing":0,"color":{"aM":0},"duration":5},{"tweenEasing":null,"duration":15},{"tweenEasing":0,"duration":10},{"tweenEasing":null,"color":{"aM":0},"duration":30}],"name":"ys_aixin_eff_5"},{"frame":[{"tweenEasing":0,"color":{"aM":0},"duration":5},{"tweenEasing":null,"duration":15},{"tweenEasing":0,"duration":10},{"tweenEasing":null,"color":{"aM":0},"duration":30}],"name":"ys_aixin_eff_6"},{"frame":[{"tweenEasing":0,"color":{"aM":0},"duration":5},{"tweenEasing":null,"duration":15},{"tweenEasing":0,"duration":10},{"tweenEasing":null,"color":{"aM":0},"duration":30}],"name":"ys_aixin_eff_7"},{"frame":[{"tweenEasing":0,"color":{"aM":0},"duration":5},{"tweenEasing":null,"duration":15},{"tweenEasing":0,"duration":10},{"tweenEasing":null,"color":{"aM":0},"duration":30}],"name":"ys_aixin_eff_8"}],"ffd":[],"ik":[],"name":"animation2","duration":60},{"frame":[],"bone":[{"frame":[{"transform":{},"duration":30},{"transform":{},"duration":0}],"name":"root"},{"frame":[{"curve":[0.25,0,0.6875,0.75],"transform":{"scY":0.5,"y":-42.31,"scX":0.5},"duration":15},{"curve":[0.375,0.5,0.75,1],"transform":{"scY":0.909,"y":-42.31,"scX":0.909},"duration":15},{"transform":{"scY":0.502,"y":-183.15,"skX":178.11,"skY":178.11,"scX":0.502},"duration":0}],"name":"ys_aixin_eff_04"},{"frame":[{"transform":{"y":-48.77,"x":4.06},"duration":30},{"transform":{"scY":2,"y":-98.43,"scX":2,"x":7.69},"duration":0}],"name":"wj_051_yalujia_eff_pz"},{"frame":[{"tweenEasing":0,"transform":{"scY":0.5,"y":-21.6,"skX":60,"skY":60,"scX":0.5,"x":37.84},"duration":15},{"tweenEasing":0,"transform":{"scY":0.909,"y":-21.6,"skX":60,"skY":60,"scX":0.909,"x":37.84},"duration":15},{"transform":{"scY":0.502,"y":-87.3,"skX":-126.87,"skY":-126.87,"scX":0.502,"x":151.6},"duration":0}],"name":"ys_aixin_eff_4"},{"frame":[{"tweenEasing":0,"transform":{"scY":0.5,"y":21.6,"skX":120,"skY":120,"scX":0.5,"x":37.05},"duration":15},{"tweenEasing":0,"transform":{"scY":0.909,"y":21.6,"skX":120,"skY":120,"scX":0.909,"x":37.05},"duration":15},{"transform":{"scY":0.502,"y":89.44,"skX":-64.75,"skY":-64.75,"scX":0.502,"x":154.64},"duration":0}],"name":"ys_aixin_eff_5"},{"frame":[{"tweenEasing":0,"transform":{"scY":0.5,"y":42.24,"skX":180,"skY":180,"scX":0.5,"x":0.01},"duration":15},{"tweenEasing":0,"transform":{"scY":0.909,"y":42.24,"skX":180,"skY":180,"scX":0.909,"x":0.01},"duration":15},{"transform":{"scY":0.502,"y":187.41,"skX":0.3,"skY":0.3,"scX":0.502,"x":0.01},"duration":0}],"name":"ys_aixin_eff_6"},{"frame":[{"tweenEasing":0,"transform":{"scY":0.5,"y":20.91,"skX":-120,"skY":-120,"scX":0.5,"x":-34.58},"duration":15},{"tweenEasing":0,"transform":{"scY":0.909,"y":20.91,"skX":-120,"skY":-120,"scX":0.909,"x":-34.58},"duration":15},{"transform":{"scY":0.502,"y":90.19,"skX":56.72,"skY":56.72,"scX":0.502,"x":-154.57},"duration":0}],"name":"ys_aixin_eff_7"},{"frame":[{"tweenEasing":0,"transform":{"scY":0.5,"y":-19.8,"skX":-60,"skY":-60,"scX":0.5,"x":-36.01},"duration":15},{"tweenEasing":0,"transform":{"scY":0.909,"y":-19.8,"skX":-60,"skY":-60,"scX":0.909,"x":-36.01},"duration":15},{"transform":{"scY":0.502,"y":-88.25,"skX":121.55,"skY":121.55,"scX":0.502,"x":-154.55},"duration":0}],"name":"ys_aixin_eff_8"},{"frame":[{"tweenEasing":0,"transform":{"y":-91.22,"x":-186.05},"duration":15},{"transform":{"scY":2,"y":-91.22,"scX":2,"x":-186.05},"duration":15}],"name":"bai_baiyan_00_eff/bai_baiyan_00_eff_01"},{"frame":[{"tweenEasing":0,"transform":{"scY":0.699,"y":-203.46,"scX":0.699,"x":-184.68},"duration":20},{"tweenEasing":0,"transform":{"scY":1.255,"y":-203.46,"scX":1.255,"x":-184.68},"duration":10},{"transform":{"scY":0.699,"y":-203.46,"scX":0.699,"x":-184.68},"duration":0}],"name":"luoxuan_eff/qinpu_eff_002"},{"frame":[{"transform":{"y":135.81,"x":-194.89},"duration":30},{"transform":{"y":135.81,"x":-194.89},"duration":0}],"name":"paopao_baozha_eff/cheng_dimianbaozha_02_eff_01"},{"frame":[{"tweenEasing":0,"transform":{"y":-127.75},"duration":30},{"transform":{"y":-141.75,"skX":-180,"skY":-180},"duration":0}],"name":"bone"},{"frame":[{"transform":{"y":-84.1,"x":2.93},"duration":30},{"transform":{"y":-84.1,"x":2.93},"duration":0}],"name":"bai_yanwu_04_eff/bai_yanwu_04_eff_01"},{"frame":[{"curve":[0,0.69,0.75,1],"transform":{"scY":0.379,"y":-3.53,"scX":0.342,"x":-406.87},"duration":20},{"curve":[0.25,0,1,0.17],"transform":{"scY":0.95,"y":-32.65,"x":-406.87},"duration":10},{"transform":{"y":-3.53,"x":-406.87},"duration":0}],"name":"xiongmao_shenti"},{"frame":[{"curve":[0,0.69,0.75,1],"transform":{"scY":0.442,"scX":0.442,"x":-2.62},"duration":20},{"curve":[0.25,0,1,0.17],"transform":{"x":-0.87},"duration":10},{"transform":{},"duration":0}],"name":"xiongmao_tou"},{"frame":[{"tweenEasing":0,"transform":{},"duration":10},{"tweenEasing":0,"transform":{"y":1.11,"x":0.93},"duration":20},{"transform":{"y":1.11,"skX":20.73,"skY":20.73,"x":0.93},"duration":0}],"name":"xiongmao_shentishou1"},{"frame":[{"tweenEasing":0,"transform":{},"duration":10},{"tweenEasing":0,"transform":{"x":1.45},"duration":20},{"transform":{"skX":-18.2,"skY":-18.2,"x":1.45},"duration":0}],"name":"xiongmao_shenti_shou2"}],"slot":[{"frame":[{"tweenEasing":0,"color":{"aM":0},"duration":2},{"displayIndex":1,"tweenEasing":0,"duration":2},{"displayIndex":2,"tweenEasing":0,"duration":1},{"displayIndex":2,"tweenEasing":0,"duration":1},{"displayIndex":3,"tweenEasing":0,"duration":2},{"displayIndex":5,"tweenEasing":0,"duration":2},{"displayIndex":7,"tweenEasing":0,"duration":5},{"displayIndex":7,"tweenEasing":null,"color":{"aM":0},"duration":15}],"name":"bai_baiyan_00_eff/bai_baiyan_00_eff_01"},{"frame":[{"displayIndex":-1,"tweenEasing":0,"duration":30},{"tweenEasing":null,"duration":0}],"name":"bai_yanwu_04_eff/bai_yanwu_04_eff_01"},{"frame":[{"displayIndex":-1,"tweenEasing":0,"duration":3},{"displayIndex":2,"tweenEasing":0,"duration":3},{"displayIndex":1,"tweenEasing":0,"duration":3},{"tweenEasing":0,"duration":11},{"tweenEasing":0,"color":{"aM":0},"duration":10},{"displayIndex":-1,"tweenEasing":null,"duration":0}],"name":"luoxuan_eff/qinpu_eff_002"},{"frame":[{"displayIndex":-1,"tweenEasing":0,"duration":30},{"tweenEasing":null,"duration":0}],"name":"paopao_baozha_eff/cheng_dimianbaozha_02_eff_01"},{"frame":[{"tweenEasing":0,"color":{"aM":0},"duration":10},{"tweenEasing":null,"duration":20}],"name":"xiongmao_shenti"},{"frame":[{"tweenEasing":0,"color":{"aM":0},"duration":10},{"tweenEasing":null,"duration":20},{"tweenEasing":null,"duration":0}],"name":"xiongmao_shenti_shou2"},{"frame":[{"tweenEasing":0,"color":{"aM":0},"duration":10},{"tweenEasing":null,"duration":20},{"tweenEasing":null,"duration":0}],"name":"xiongmao_shentishou1"},{"frame":[{"tweenEasing":0,"color":{"aM":0},"duration":10},{"tweenEasing":null,"duration":20}],"name":"xiongmao_tou"},{"frame":[{"tweenEasing":0,"color":{"aM":0},"duration":5},{"tweenEasing":null,"duration":15},{"tweenEasing":0,"duration":10},{"tweenEasing":null,"color":{"aM":0},"duration":0}],"name":"ys_aixin_eff_04"},{"frame":[{"tweenEasing":0,"color":{"aM":0},"duration":5},{"tweenEasing":null,"duration":15},{"tweenEasing":0,"duration":10},{"tweenEasing":null,"color":{"aM":0},"duration":0}],"name":"ys_aixin_eff_4"},{"frame":[{"tweenEasing":0,"color":{"aM":0},"duration":5},{"tweenEasing":null,"duration":15},{"tweenEasing":0,"duration":10},{"tweenEasing":null,"color":{"aM":0},"duration":0}],"name":"ys_aixin_eff_5"},{"frame":[{"tweenEasing":0,"color":{"aM":0},"duration":5},{"tweenEasing":null,"duration":15},{"tweenEasing":0,"duration":10},{"tweenEasing":null,"color":{"aM":0},"duration":0}],"name":"ys_aixin_eff_6"},{"frame":[{"tweenEasing":0,"color":{"aM":0},"duration":5},{"tweenEasing":null,"duration":15},{"tweenEasing":0,"duration":10},{"tweenEasing":null,"color":{"aM":0},"duration":0}],"name":"ys_aixin_eff_7"},{"frame":[{"tweenEasing":0,"color":{"aM":0},"duration":5},{"tweenEasing":null,"duration":15},{"tweenEasing":0,"duration":10},{"tweenEasing":null,"color":{"aM":0},"duration":0}],"name":"ys_aixin_eff_8"}],"ffd":[],"ik":[],"name":"animation3","duration":30},{"frame":[],"bone":[{"frame":[{"transform":{},"duration":30}],"name":"root"},{"frame":[{"transform":{"scY":0.502,"y":-183.15,"skX":178.11,"skY":178.11,"scX":0.502},"duration":2},{"curve":[0,0.92,0.75,1],"transform":{"scY":0.502,"y":-74.96,"skX":178.11,"skY":178.11,"scX":0.502},"duration":28},{"transform":{"scY":2.095,"y":155.91,"skX":178.11,"skY":178.11,"scX":2.095,"x":2.01},"duration":0}],"name":"ys_aixin_eff_04"},{"frame":[{"transform":{"scY":2,"y":-98.43,"scX":2,"x":7.69},"duration":30},{"transform":{"scY":2,"y":-98.43,"scX":2,"x":7.69},"duration":0}],"name":"wj_051_yalujia_eff_pz"},{"frame":[{"transform":{"scY":0.502,"y":-87.3,"skX":-126.87,"skY":-126.87,"scX":0.502,"x":151.6},"duration":30}],"name":"ys_aixin_eff_4"},{"frame":[{"transform":{"scY":0.502,"y":89.44,"skX":-64.75,"skY":-64.75,"scX":0.502,"x":154.64},"duration":30}],"name":"ys_aixin_eff_5"},{"frame":[{"transform":{"scY":0.502,"y":187.41,"skX":0.3,"skY":0.3,"scX":0.502,"x":0.01},"duration":30}],"name":"ys_aixin_eff_6"},{"frame":[{"transform":{"scY":0.502,"y":90.19,"skX":56.72,"skY":56.72,"scX":0.502,"x":-154.57},"duration":30}],"name":"ys_aixin_eff_7"},{"frame":[{"transform":{"scY":0.502,"y":-88.25,"skX":121.55,"skY":121.55,"scX":0.502,"x":-154.55},"duration":30}],"name":"ys_aixin_eff_8"},{"frame":[{"transform":{"y":-91.22,"x":-186.05},"duration":30}],"name":"bai_baiyan_00_eff/bai_baiyan_00_eff_01"},{"frame":[{"tweenEasing":0,"transform":{"scY":0.699,"y":-203.46,"scX":0.699,"x":-184.68},"duration":20},{"transform":{"scY":1.255,"y":-203.46,"scX":1.255,"x":-184.68},"duration":10}],"name":"luoxuan_eff/qinpu_eff_002"},{"frame":[{"transform":{"y":135.81,"x":-194.89},"duration":30}],"name":"paopao_baozha_eff/cheng_dimianbaozha_02_eff_01"},{"frame":[{"transform":{"y":-141.75,"skX":-180,"skY":-180},"duration":30}],"name":"bone"},{"frame":[{"transform":{"y":-84.1,"x":2.93},"duration":30}],"name":"bai_yanwu_04_eff/bai_yanwu_04_eff_01"},{"frame":[{"tweenEasing":0,"transform":{"y":-3.53,"x":-406.87},"duration":5},{"tweenEasing":0,"transform":{"y":1.41,"scX":0.933,"x":-406.87},"duration":5},{"tweenEasing":0,"transform":{"y":-2.7,"scX":0.979,"x":-406.87},"duration":5},{"tweenEasing":0,"transform":{"y":0.58,"scX":0.944,"x":-406.87},"duration":15},{"transform":{"y":0.58,"x":-406.87},"duration":0}],"name":"xiongmao_shenti"},{"frame":[{"transform":{},"duration":30}],"name":"xiongmao_tou"},{"frame":[{"tweenEasing":0,"transform":{"y":1.11,"skX":20.73,"skY":20.73,"x":0.93},"duration":15},{"transform":{"y":1.11,"skX":3.13,"skY":3.13,"x":0.93},"duration":15}],"name":"xiongmao_shentishou1"},{"frame":[{"tweenEasing":0,"transform":{"skX":-18.2,"skY":-18.2,"x":1.45},"duration":15},{"transform":{"skX":-7.09,"skY":-7.09,"x":1.45},"duration":15}],"name":"xiongmao_shenti_shou2"}],"slot":[{"frame":[{"tweenEasing":null,"color":{"aM":0},"duration":30}],"name":"bai_baiyan_00_eff/bai_baiyan_00_eff_01"},{"frame":[{"tweenEasing":0,"duration":2},{"displayIndex":1,"tweenEasing":0,"duration":3},{"displayIndex":2,"tweenEasing":0,"duration":3},{"displayIndex":3,"tweenEasing":0,"duration":3},{"displayIndex":4,"tweenEasing":0,"duration":4},{"displayIndex":5,"tweenEasing":0,"duration":5},{"displayIndex":6,"tweenEasing":0,"duration":10},{"displayIndex":6,"tweenEasing":null,"color":{"aM":0},"duration":0}],"name":"bai_yanwu_04_eff/bai_yanwu_04_eff_01"},{"frame":[{"displayIndex":-1,"tweenEasing":0,"duration":3},{"displayIndex":2,"tweenEasing":0,"duration":3},{"displayIndex":1,"tweenEasing":0,"duration":3},{"tweenEasing":0,"duration":11},{"tweenEasing":null,"color":{"aM":0},"duration":10}],"name":"luoxuan_eff/qinpu_eff_002"},{"frame":[{"tweenEasing":0,"duration":3},{"displayIndex":1,"tweenEasing":0,"duration":3},{"displayIndex":2,"tweenEasing":0,"duration":3},{"displayIndex":3,"tweenEasing":0,"duration":3},{"displayIndex":4,"tweenEasing":0,"duration":3},{"displayIndex":5,"tweenEasing":0,"duration":15},{"displayIndex":5,"tweenEasing":null,"color":{"aM":0},"duration":0}],"name":"paopao_baozha_eff/cheng_dimianbaozha_02_eff_01"},{"frame":[{"tweenEasing":null,"duration":15},{"tweenEasing":0,"duration":15},{"tweenEasing":null,"color":{"aM":0},"duration":0}],"name":"xiongmao_shenti"},{"frame":[{"tweenEasing":null,"duration":15},{"tweenEasing":0,"duration":15},{"tweenEasing":null,"color":{"aM":0},"duration":0}],"name":"xiongmao_shenti_shou2"},{"frame":[{"tweenEasing":null,"duration":15},{"tweenEasing":0,"duration":15},{"tweenEasing":null,"color":{"aM":0},"duration":0}],"name":"xiongmao_shentishou1"},{"frame":[{"tweenEasing":null,"duration":15},{"tweenEasing":0,"duration":15},{"tweenEasing":null,"color":{"aM":0},"duration":0}],"name":"xiongmao_tou"},{"frame":[{"tweenEasing":null,"color":{"aM":0},"duration":2},{"tweenEasing":null,"duration":13},{"tweenEasing":0,"duration":15},{"tweenEasing":null,"color":{"aM":0},"duration":0}],"name":"ys_aixin_eff_04"},{"frame":[{"tweenEasing":null,"color":{"aM":0},"duration":30}],"name":"ys_aixin_eff_4"},{"frame":[{"tweenEasing":null,"color":{"aM":0},"duration":30}],"name":"ys_aixin_eff_5"},{"frame":[{"tweenEasing":null,"color":{"aM":0},"duration":30}],"name":"ys_aixin_eff_6"},{"frame":[{"tweenEasing":null,"color":{"aM":0},"duration":30}],"name":"ys_aixin_eff_7"},{"frame":[{"tweenEasing":null,"color":{"aM":0},"duration":30}],"name":"ys_aixin_eff_8"}],"ffd":[],"ik":[],"name":"animation4","duration":30}],"skin":[{"slot":[{"display":[{"path":"ys_aixin_eff_04","type":"image","name":"ys_aixin_eff_04","transform":{"y":0.49,"x":0.01}}],"name":"ys_aixin_eff_7"},{"display":[{"path":"ys_aixin_eff_04","type":"image","name":"ys_aixin_eff_04","transform":{"y":0.49,"x":0.01}}],"name":"ys_aixin_eff_5"},{"display":[{"path":"ys_aixin_eff_04","type":"image","name":"ys_aixin_eff_04","transform":{"y":0.49,"x":0.01}}],"name":"ys_aixin_eff_8"},{"display":[{"path":"ys_aixin_eff_04","type":"image","name":"ys_aixin_eff_04","transform":{"y":0.49,"x":0.01}}],"name":"ys_aixin_eff_6"},{"display":[{"path":"xiongmao_shenti","type":"image","name":"xiongmao_shenti","transform":{"y":0.52,"skX":90,"skY":90,"x":54.46}}],"name":"xiongmao_shenti"},{"display":[{"path":"ys_aixin_eff_04","type":"image","name":"ys_aixin_eff_04","transform":{"y":0.49,"x":0.01}}],"name":"ys_aixin_eff_4"},{"display":[{"path":"paopao_baozha_eff/cheng_dimianbaozha_02_eff_01","type":"image","name":"paopao_baozha_eff/cheng_dimianbaozha_02_eff_01","transform":{"y":-1.66,"skX":89.54,"skY":89.54,"x":118.68}},{"path":"paopao_baozha_eff/cheng_dimianbaozha_02_eff_02","type":"image","name":"paopao_baozha_eff/cheng_dimianbaozha_02_eff_02","transform":{"y":-1.66,"skX":89.54,"skY":89.54,"x":118.68}},{"path":"paopao_baozha_eff/cheng_dimianbaozha_02_eff_03","type":"image","name":"paopao_baozha_eff/cheng_dimianbaozha_02_eff_03","transform":{"y":-1.66,"skX":89.54,"skY":89.54,"x":118.68}},{"path":"paopao_baozha_eff/cheng_dimianbaozha_02_eff_04","type":"image","name":"paopao_baozha_eff/cheng_dimianbaozha_02_eff_04","transform":{"y":-1.66,"skX":89.54,"skY":89.54,"x":118.68}},{"path":"paopao_baozha_eff/cheng_dimianbaozha_02_eff_05","type":"image","name":"paopao_baozha_eff/cheng_dimianbaozha_02_eff_05","transform":{"y":-1.66,"skX":89.54,"skY":89.54,"x":118.68}},{"path":"paopao_baozha_eff/cheng_dimianbaozha_02_eff_06","type":"image","name":"paopao_baozha_eff/cheng_dimianbaozha_02_eff_06","transform":{"y":-1.66,"skX":89.54,"skY":89.54,"x":118.68}}],"blendMode":"add","name":"paopao_baozha_eff/cheng_dimianbaozha_02_eff_01"},{"display":[{"path":"ys_aixin_eff_04","type":"image","name":"ys_aixin_eff_04","transform":{"y":0.49,"x":0.01}}],"name":"ys_aixin_eff_04"},{"display":[{"path":"luoxuan_eff/qinpu_eff_002","type":"image","name":"luoxuan_eff/qinpu_eff_002","transform":{"y":0.01,"skX":89.72,"skY":89.72,"x":60.74}},{"path":"luoxuan_eff/qinpu_eff_003","type":"image","name":"luoxuan_eff/qinpu_eff_003","transform":{"y":0.01,"skX":89.72,"skY":89.72,"x":60.74}},{"path":"luoxuan_eff/qinpu_eff_004","type":"image","name":"luoxuan_eff/qinpu_eff_004","transform":{"y":0.01,"skX":89.72,"skY":89.72,"x":60.74}},{"path":"luoxuan_eff/qinpu_eff_005","type":"image","name":"luoxuan_eff/qinpu_eff_005","transform":{"y":0.01,"skX":89.72,"skY":89.72,"x":60.74}}],"blendMode":"add","name":"luoxuan_eff/qinpu_eff_002"},{"display":[{"path":"bai_baiyan_00_eff/bai_baiyan_00_eff_01","type":"image","name":"bai_baiyan_00_eff/bai_baiyan_00_eff_01","transform":{"y":-1.34,"skX":89.3,"skY":89.3,"x":35.76}},{"path":"bai_baiyan_00_eff/bai_baiyan_00_eff_02","type":"image","name":"bai_baiyan_00_eff/bai_baiyan_00_eff_02","transform":{"y":-1.34,"skX":89.3,"skY":89.3,"x":35.76}},{"path":"bai_baiyan_00_eff/bai_baiyan_00_eff_03","type":"image","name":"bai_baiyan_00_eff/bai_baiyan_00_eff_03","transform":{"y":-1.34,"skX":89.3,"skY":89.3,"x":35.76}},{"path":"bai_baiyan_00_eff/bai_baiyan_00_eff_04","type":"image","name":"bai_baiyan_00_eff/bai_baiyan_00_eff_04","transform":{"y":-1.34,"skX":89.3,"skY":89.3,"x":35.76}},{"path":"bai_baiyan_00_eff/bai_baiyan_00_eff_05","type":"image","name":"bai_baiyan_00_eff/bai_baiyan_00_eff_05","transform":{"y":-1.34,"skX":89.3,"skY":89.3,"x":35.76}},{"path":"bai_baiyan_00_eff/bai_baiyan_00_eff_06","type":"image","name":"bai_baiyan_00_eff/bai_baiyan_00_eff_06","transform":{"y":-1.34,"skX":89.3,"skY":89.3,"x":35.76}},{"path":"bai_baiyan_00_eff/bai_baiyan_00_eff_07","type":"image","name":"bai_baiyan_00_eff/bai_baiyan_00_eff_07","transform":{"y":-1.34,"skX":89.3,"skY":89.3,"x":35.76}},{"path":"bai_baiyan_00_eff/bai_baiyan_00_eff_08","type":"image","name":"bai_baiyan_00_eff/bai_baiyan_00_eff_08","transform":{"y":-1.34,"skX":89.3,"skY":89.3,"x":35.76}}],"name":"bai_baiyan_00_eff/bai_baiyan_00_eff_01"},{"display":[{"path":"xiongmao_shentishou1","type":"image","name":"xiongmao_shentishou1","transform":{"y":4.22,"skX":-114.19,"skY":-114.19,"x":67.8}}],"name":"xiongmao_shentishou1"},{"display":[{"path":"bai_yanwu_04_eff/bai_yanwu_04_eff_01","type":"image","name":"bai_yanwu_04_eff/bai_yanwu_04_eff_01","transform":{"y":-1.03,"skX":90.95,"skY":90.95,"x":93.83}},{"path":"bai_yanwu_04_eff/bai_yanwu_04_eff_02","type":"image","name":"bai_yanwu_04_eff/bai_yanwu_04_eff_02","transform":{"y":-1.03,"skX":90.95,"skY":90.95,"x":93.83}},{"path":"bai_yanwu_04_eff/bai_yanwu_04_eff_03","type":"image","name":"bai_yanwu_04_eff/bai_yanwu_04_eff_03","transform":{"y":-1.03,"skX":90.95,"skY":90.95,"x":93.83}},{"path":"bai_yanwu_04_eff/bai_yanwu_04_eff_04","type":"image","name":"bai_yanwu_04_eff/bai_yanwu_04_eff_04","transform":{"y":-1.03,"skX":90.95,"skY":90.95,"x":93.83}},{"path":"bai_yanwu_04_eff/bai_yanwu_04_eff_05","type":"image","name":"bai_yanwu_04_eff/bai_yanwu_04_eff_05","transform":{"y":-1.03,"skX":90.95,"skY":90.95,"x":93.83}},{"path":"bai_yanwu_04_eff/bai_yanwu_04_eff_06","type":"image","name":"bai_yanwu_04_eff/bai_yanwu_04_eff_06","transform":{"y":-1.03,"skX":90.95,"skY":90.95,"x":93.83}},{"path":"bai_yanwu_04_eff/bai_yanwu_04_eff_07","type":"image","name":"bai_yanwu_04_eff/bai_yanwu_04_eff_07","transform":{"y":-1.03,"skX":90.95,"skY":90.95,"x":93.83}}],"name":"bai_yanwu_04_eff/bai_yanwu_04_eff_01"},{"display":[{"path":"wj_051_yalujia_eff_pz","type":"image","name":"wj_051_yalujia_eff_pz","transform":{"scY":10.106,"y":-1.34,"scX":10.106,"x":-2.69}}],"name":"wj_051_yalujia_eff_pz"},{"display":[{"path":"xiongmao_tou","type":"image","name":"xiongmao_tou","transform":{"y":-2.59,"skX":90,"skY":90,"x":52.2}}],"name":"xiongmao_tou"},{"display":[{"path":"xiongmao_shenti_shou2","type":"image","name":"xiongmao_shenti_shou2","transform":{"y":-2.36,"skX":-63.79,"skY":-63.79,"x":65.72}}],"name":"xiongmao_shenti_shou2"}],"name":""}],"ik":[],"frameRate":30,"defaultActions":[{"gotoAndPlay":"animation"}],"slot":[{"name":"wj_051_yalujia_eff_pz","parent":"wj_051_yalujia_eff_pz","color":{}},{"z":1,"name":"xiongmao_shenti_shou2","parent":"xiongmao_shenti_shou2","color":{}},{"z":2,"name":"xiongmao_shentishou1","parent":"xiongmao_shentishou1","color":{}},{"z":3,"name":"xiongmao_shenti","parent":"xiongmao_shenti","color":{}},{"z":4,"name":"xiongmao_tou","parent":"xiongmao_tou","color":{}},{"z":5,"name":"ys_aixin_eff_04","parent":"ys_aixin_eff_04","color":{}},{"z":6,"displayIndex":-1,"name":"ys_aixin_eff_4","parent":"ys_aixin_eff_4","color":{}},{"z":7,"displayIndex":-1,"name":"ys_aixin_eff_5","parent":"ys_aixin_eff_5","color":{}},{"z":8,"displayIndex":-1,"name":"ys_aixin_eff_6","parent":"ys_aixin_eff_6","color":{}},{"z":9,"displayIndex":-1,"name":"ys_aixin_eff_7","parent":"ys_aixin_eff_7","color":{}},{"z":10,"displayIndex":-1,"name":"ys_aixin_eff_8","parent":"ys_aixin_eff_8","color":{}},{"z":11,"name":"bai_baiyan_00_eff/bai_baiyan_00_eff_01","parent":"bai_baiyan_00_eff/bai_baiyan_00_eff_01","color":{}},{"blendMode":"add","z":12,"parent":"luoxuan_eff/qinpu_eff_002","name":"luoxuan_eff/qinpu_eff_002","color":{}},{"blendMode":"add","z":13,"parent":"paopao_baozha_eff/cheng_dimianbaozha_02_eff_01","name":"paopao_baozha_eff/cheng_dimianbaozha_02_eff_01","color":{}},{"z":14,"name":"bai_yanwu_04_eff/bai_yanwu_04_eff_01","parent":"bai_yanwu_04_eff/bai_yanwu_04_eff_01","color":{}}]}],"name":"wj_051_yalujia_eff","version":"4.0"}