{"frameRate":30,"isGlobal":0,"armature":[{"bone":[{"name":"root","transform":{}},{"transform":{},"name":"Fuji","parent":"root"},{"transform":{"y":-100,"x":75},"name":"bip","parent":"Fuji"},{"transform":{},"name":"buff_flo","parent":"Fuji"},{"transform":{"y":-199.79},"name":"buff_up","parent":"Fuji"},{"transform":{"y":-118.18},"name":"buff_mid","parent":"Fuji"},{"length":97,"transform":{"y":1.76,"skX":-3.44,"skY":-3.44,"x":-1.09},"parent":"bip","name":"Head"},{"length":62,"transform":{"y":-1.93,"skX":-179.55,"skY":-179.55,"x":-2.2},"parent":"bip","name":"Body"},{"length":55,"transform":{"y":18.54,"skX":15.45,"skY":15.45,"x":15.67},"parent":"Body","name":"Fin_X"},{"length":66,"transform":{"skX":9.71,"skY":9.71,"x":62.08},"parent":"Body","name":"body2"},{"length":27,"transform":{"y":-37.51,"skX":-106.95,"skY":-106.95,"x":35.48},"parent":"Body","name":"5-1"},{"length":24,"transform":{"y":-39.8,"skX":-26.92,"skY":-26.92,"x":30.61},"parent":"Body","name":"2-1"},{"length":24,"transform":{"y":-47.53,"skX":-20.91,"skY":-20.91,"x":-3.04},"parent":"Body","name":"1-1"},{"length":30,"transform":{"y":-32.24,"skX":-19.92,"skY":-19.92,"x":49.08},"parent":"Head","name":"Chujiao"},{"length":37,"transform":{"y":54.77,"skX":19.81,"skY":19.81,"x":44.66},"parent":"Body","name":"Fin_B2"},{"length":58,"transform":{"y":49.3,"skX":32.9,"skY":32.9,"x":-2.97},"parent":"Body","name":"Fin_B1"},{"length":26,"transform":{"y":-34.93,"skX":-106.58,"skY":-106.58,"x":72.84},"parent":"Body","name":"6-1"},{"length":28,"transform":{"y":-1.08,"skX":-134.41,"skY":-134.41,"x":25.25},"parent":"6-1","name":"6-2"},{"length":32,"transform":{"y":0.98,"skX":75,"skY":75,"x":24.98},"parent":"2-1","name":"2-2"},{"length":32,"transform":{"y":0.5,"skX":70.19,"skY":70.19,"x":26.09},"parent":"1-1","name":"1-2"},{"length":24,"transform":{"y":-34.09,"skX":-38.88,"skY":-38.88,"x":27.68},"parent":"body2","name":"4-1"},{"length":19,"transform":{"y":-31.76,"skX":-102.04,"skY":-102.04,"x":35.03},"parent":"body2","name":"7-1"},{"length":28,"transform":{"y":0.25,"skX":-134.33,"skY":-134.33,"x":26.4},"parent":"5-1","name":"5-2"},{"length":26,"transform":{"y":-35.33,"skX":-39.16,"skY":-39.16,"x":-6.53},"parent":"body2","name":"3-1"},{"length":61,"transform":{"skX":-0.61,"skY":-0.61,"x":66.02},"parent":"body2","name":"body3"},{"length":40,"transform":{"y":32.1,"skX":36.79,"skY":36.79,"x":56.46},"parent":"body2","name":"Fin_B4"},{"length":26,"transform":{"y":0.05,"skX":25.11,"skY":25.11,"x":30.27},"parent":"Chujiao","name":"Chujiao2"},{"length":20,"transform":{"y":-23.23,"skX":-68.85,"skY":-68.85,"x":53.57},"parent":"body2","name":"8-1"},{"length":34,"transform":{"y":47.29,"skX":10.68,"skY":10.68,"x":25.46},"parent":"body2","name":"Fin_B3"},{"length":25,"transform":{"y":-0.28,"skX":134.35,"skY":134.35,"x":26.37},"parent":"6-2","name":"6-3"},{"length":20,"transform":{"y":-0.39,"skX":-135.37,"skY":-135.37,"x":19.95},"parent":"7-1","name":"7-2"},{"length":23,"transform":{"y":-0.08,"skX":31.71,"skY":31.71,"x":26.6},"parent":"Chujiao2","name":"Chujiao3"},{"length":23,"transform":{"y":-0.53,"skX":-113.33,"skY":-113.33,"x":31.66},"parent":"2-2","name":"2-3"},{"length":31,"transform":{"y":22.06,"skX":34.01,"skY":34.01,"x":11.67},"parent":"body3","name":"Fin_B5"},{"length":19,"transform":{"y":-1.31,"skX":-140.55,"skY":-140.55,"x":19.29},"parent":"8-1","name":"8-2"},{"length":24,"transform":{"y":-0.46,"skX":133.95,"skY":133.95,"x":27.06},"parent":"5-2","name":"5-3"},{"length":27,"transform":{"y":-0.47,"skX":-119.48,"skY":-119.48,"x":32.68},"parent":"1-2","name":"1-3"},{"length":31,"transform":{"y":3,"skX":79.65,"skY":79.65,"x":26.9},"parent":"4-1","name":"4-2"},{"length":29,"transform":{"y":14.13,"skX":30.76,"skY":30.76,"x":39.93},"parent":"body3","name":"Fin_B6"},{"length":33,"transform":{"y":0.52,"skX":79.13,"skY":79.13,"x":27},"parent":"3-1","name":"3-2"},{"length":45,"transform":{"y":1.19,"skX":-2.19,"skY":-2.19,"x":60.07},"parent":"body3","name":"Tail"},{"transform":{"y":2.51,"x":23.58},"name":"Light","parent":"Chujiao3"},{"length":23,"transform":{"y":-0.99,"skX":94.71,"skY":94.71,"x":15.16},"parent":"8-2","name":"8-3"},{"length":42,"transform":{"y":0.27,"skX":36.1,"skY":36.1,"x":22.21},"parent":"6-3","name":"6-4"},{"length":22,"transform":{"y":-0.74,"skX":119.26,"skY":119.26,"x":18.93},"parent":"7-2","name":"7-3"},{"length":27,"transform":{"y":-0.2,"skX":-121.84,"skY":-121.84,"x":32.42},"parent":"4-2","name":"4-3"},{"length":35,"transform":{"y":0.39,"skX":40.01,"skY":40.01,"x":23.61},"parent":"5-3","name":"5-4"},{"length":39,"transform":{"y":1.48,"skX":38.28,"skY":38.28,"x":45.97},"parent":"Tail","name":"Tail2"},{"length":43,"transform":{"y":0.12,"skX":-41.91,"skY":-41.91,"x":26.51},"parent":"2-3","name":"2-4"},{"length":25,"transform":{"y":-0.76,"skX":-118.75,"skY":-118.75,"x":32.66},"parent":"3-2","name":"3-3"},{"length":41,"transform":{"y":-1.68,"skX":-75.29,"skY":-75.29,"x":46.34},"parent":"Tail","name":"Tail4"},{"length":38,"transform":{"y":0.94,"skX":-35.71,"skY":-35.71,"x":27.71},"parent":"1-3","name":"1-4"},{"length":46,"transform":{"y":0.5,"skX":-38.37,"skY":-38.37,"x":26.33},"parent":"3-3","name":"3-4"},{"length":44,"transform":{"y":1.02,"skX":-34.56,"skY":-34.56,"x":27.09},"parent":"4-3","name":"4-4"},{"length":38,"transform":{"y":0.32,"skX":39.17,"skY":39.17,"x":20.85},"parent":"7-3","name":"7-4"},{"length":52,"transform":{"y":-0.03,"skX":-17.43,"skY":-17.43,"x":41.32},"parent":"Tail4","name":"Tail5"},{"length":43,"transform":{"y":-0.15,"skX":4.12,"skY":4.12,"x":39.68},"parent":"Tail2","name":"Tail3"},{"length":35,"transform":{"y":0.37,"skX":40.93,"skY":40.93,"x":24.21},"parent":"8-3","name":"8-4"}],"type":"Armature","frameRate":30,"animation":[{"bone":[{"frame":[{"curve":[0.25,0,0.75,1],"transform":{},"duration":20},{"curve":[0.25,0,0.75,1],"transform":{"y":-17.16,"skX":-3.74,"skY":-3.74},"duration":20},{"curve":[0.25,0,0.75,1],"transform":{},"duration":20},{"curve":[0.25,0,0.75,1],"transform":{"y":-17.16,"skX":-3.74,"skY":-3.74},"duration":20},{"transform":{},"duration":0}],"name":"bip"},{"frame":[{"curve":[0.359,0.64,0.695,1],"transform":{"skX":-1.09,"skY":-1.09,"scX":0.999},"duration":2},{"curve":[0.25,0,0.75,1],"transform":{"skX":358.82,"skY":358.82},"duration":20},{"curve":[0.245,0,0.71,0.83],"transform":{"scY":1.021,"skX":0.5,"skY":0.5,"scX":0.989},"duration":18},{"curve":[0.359,0.64,0.695,1],"transform":{"skX":-1.09,"skY":-1.09,"scX":0.999},"duration":2},{"curve":[0.25,0,0.75,1],"transform":{"skX":358.82,"skY":358.82},"duration":20},{"curve":[0.245,0,0.71,0.83],"transform":{"scY":1.021,"skX":0.5,"skY":0.5,"scX":0.989},"duration":18},{"transform":{"skX":-1.09,"skY":-1.09,"scX":0.999},"duration":0}],"name":"Body"},{"frame":[{"curve":[0.374,0.61,0.715,1],"transform":{"scY":1.004,"skX":-1.77,"skY":-1.77,"scX":0.998},"duration":4},{"curve":[0.25,0,0.75,1],"transform":{"skX":-2.24,"skY":-2.24},"duration":20},{"curve":[0.242,0,0.679,0.71],"transform":{"scY":1.033,"skX":1.38,"skY":1.38,"scX":0.989},"duration":16},{"curve":[0.374,0.61,0.715,1],"transform":{"scY":1.004,"skX":-1.77,"skY":-1.77,"scX":0.998},"duration":4},{"curve":[0.25,0,0.75,1],"transform":{"skX":-2.24,"skY":-2.24},"duration":20},{"curve":[0.242,0,0.679,0.71],"transform":{"scY":1.033,"skX":1.38,"skY":1.38,"scX":0.989},"duration":16},{"transform":{"scY":1.004,"skX":-1.77,"skY":-1.77,"scX":0.998},"duration":0}],"name":"body2"},{"frame":[{"curve":[0.381,0.58,0.731,1],"transform":{"scY":1.005,"skX":-2.03,"skY":-2.03,"scX":0.997},"duration":6},{"curve":[0.25,0,0.75,1],"transform":{"skX":-3.3,"skY":-3.3},"duration":20},{"curve":[0.242,0,0.655,0.62],"transform":{"scY":1.022,"skX":1.91,"skY":1.91,"scX":0.989},"duration":14},{"curve":[0.381,0.58,0.731,1],"transform":{"scY":1.005,"skX":-2.03,"skY":-2.03,"scX":0.997},"duration":6},{"curve":[0.25,0,0.75,1],"transform":{"skX":-3.3,"skY":-3.3},"duration":20},{"curve":[0.242,0,0.655,0.62],"transform":{"scY":1.022,"skX":1.91,"skY":1.91,"scX":0.989},"duration":14},{"transform":{"scY":1.005,"skX":-2.03,"skY":-2.03,"scX":0.997},"duration":0}],"name":"body3"},{"frame":[{"curve":[0.381,0.54,0.742,1],"transform":{"skX":0.57,"skY":0.57},"duration":8},{"curve":[0.25,0,0.75,1],"transform":{"skX":0.28,"skY":0.28},"duration":20},{"curve":[0.245,0,0.637,0.55],"transform":{"skX":1.07,"skY":1.07},"duration":12},{"curve":[0.381,0.54,0.742,1],"transform":{"skX":0.57,"skY":0.57},"duration":8},{"curve":[0.25,0,0.75,1],"transform":{"skX":0.28,"skY":0.28},"duration":20},{"curve":[0.245,0,0.637,0.55],"transform":{"skX":1.07,"skY":1.07},"duration":12},{"transform":{"skX":0.57,"skY":0.57},"duration":0}],"name":"Tail"},{"frame":[{"curve":[0.375,0.5,0.75,1],"transform":{"scY":0.904,"skX":1.22,"skY":1.22,"scX":1.061},"duration":10},{"curve":[0.25,0,0.75,1],"transform":{},"duration":20},{"curve":[0.25,0,0.625,0.5],"transform":{"scY":0.809,"skX":2.45,"skY":2.45,"scX":1.123},"duration":10},{"curve":[0.375,0.5,0.75,1],"transform":{"scY":0.904,"skX":1.22,"skY":1.22,"scX":1.061},"duration":10},{"curve":[0.25,0,0.75,1],"transform":{},"duration":20},{"curve":[0.25,0,0.625,0.5],"transform":{"scY":0.809,"skX":2.45,"skY":2.45,"scX":1.123},"duration":10},{"transform":{"scY":0.904,"skX":1.22,"skY":1.22,"scX":1.061},"duration":0}],"name":"Fin_B5"},{"frame":[{"curve":[0.362,0.44,0.754,1],"transform":{"scY":0.933,"skX":3.22,"skY":3.22,"scX":1.092},"duration":12},{"curve":[0.25,0,0.75,1],"transform":{},"duration":20},{"curve":[0.257,0,0.618,0.45],"transform":{"scY":0.894,"skX":5.09,"skY":5.09,"scX":1.145},"duration":8},{"curve":[0.362,0.44,0.754,1],"transform":{"scY":0.933,"skX":3.22,"skY":3.22,"scX":1.092},"duration":12},{"curve":[0.25,0,0.75,1],"transform":{},"duration":20},{"curve":[0.257,0,0.618,0.45],"transform":{"scY":0.894,"skX":5.09,"skY":5.09,"scX":1.145},"duration":8},{"transform":{"scY":0.933,"skX":3.22,"skY":3.22,"scX":1.092},"duration":0}],"name":"Fin_B6"},{"frame":[{"curve":[0.381,0.58,0.731,1],"transform":{"scY":0.976,"skX":3.99,"skY":3.99,"scX":1.022},"duration":6},{"curve":[0.25,0,0.75,1],"transform":{},"duration":20},{"curve":[0.242,0,0.655,0.62],"transform":{"scY":0.901,"skX":16.48,"skY":16.48,"scX":1.094},"duration":14},{"curve":[0.381,0.58,0.731,1],"transform":{"scY":0.976,"skX":3.99,"skY":3.99,"scX":1.022},"duration":6},{"curve":[0.25,0,0.75,1],"transform":{},"duration":20},{"curve":[0.242,0,0.655,0.62],"transform":{"scY":0.901,"skX":16.48,"skY":16.48,"scX":1.094},"duration":14},{"transform":{"scY":0.976,"skX":3.99,"skY":3.99,"scX":1.022},"duration":0}],"name":"Fin_B3"},{"frame":[{"curve":[0.374,0.61,0.715,1],"transform":{"scY":0.986,"skX":2.25,"skY":2.25,"scX":1.008},"duration":4},{"curve":[0.25,0,0.75,1],"transform":{},"duration":20},{"curve":[0.242,0,0.679,0.71],"transform":{"scY":0.894,"skX":17.29,"skY":17.29,"scX":1.063},"duration":16},{"curve":[0.374,0.61,0.715,1],"transform":{"scY":0.986,"skX":2.25,"skY":2.25,"scX":1.008},"duration":4},{"curve":[0.25,0,0.75,1],"transform":{},"duration":20},{"curve":[0.242,0,0.679,0.71],"transform":{"scY":0.894,"skX":17.29,"skY":17.29,"scX":1.063},"duration":16},{"transform":{"scY":0.986,"skX":2.25,"skY":2.25,"scX":1.008},"duration":0}],"name":"Fin_B2"},{"frame":[{"curve":[0.359,0.64,0.695,1],"transform":{"scY":0.992,"skX":-4.89,"skY":-4.89,"scX":1.003},"duration":2},{"curve":[0.25,0,0.75,1],"transform":{"skX":-5.48,"skY":-5.48},"duration":20},{"curve":[0.245,0,0.71,0.83],"transform":{"scY":0.962,"skX":6.39,"skY":6.39,"scX":1.054},"duration":18},{"curve":[0.359,0.64,0.695,1],"transform":{"scY":0.992,"skX":-4.89,"skY":-4.89,"scX":1.003},"duration":2},{"curve":[0.25,0,0.75,1],"transform":{"skX":-5.48,"skY":-5.48},"duration":20},{"curve":[0.245,0,0.71,0.83],"transform":{"scY":0.962,"skX":6.39,"skY":6.39,"scX":1.054},"duration":18},{"transform":{"scY":0.992,"skX":-4.89,"skY":-4.89,"scX":1.003},"duration":0}],"name":"Fin_B1"},{"frame":[{"curve":[0.359,0.64,0.695,1],"transform":{"scY":1.001,"skX":-0.03,"skY":-0.03,"scX":0.998},"duration":2},{"curve":[0.25,0,0.75,1],"transform":{},"duration":20},{"curve":[0.245,0,0.71,0.83],"transform":{"scY":1.03,"skX":-0.79,"skY":-0.79,"scX":0.976},"duration":18},{"curve":[0.359,0.64,0.695,1],"transform":{"scY":1.001,"skX":-0.03,"skY":-0.03,"scX":0.998},"duration":2},{"curve":[0.25,0,0.75,1],"transform":{},"duration":20},{"curve":[0.245,0,0.71,0.83],"transform":{"scY":1.03,"skX":-0.79,"skY":-0.79,"scX":0.976},"duration":18},{"transform":{"scY":1.001,"skX":-0.03,"skY":-0.03,"scX":0.998},"duration":0}],"name":"Head"},{"frame":[{"curve":[0.374,0.61,0.715,1],"transform":{"skX":1.96,"skY":1.96},"duration":4},{"curve":[0.25,0,0.75,1],"transform":{"skX":2.38,"skY":2.38},"duration":20},{"curve":[0.242,0,0.679,0.71],"transform":{"skX":-0.82,"skY":-0.82},"duration":16},{"curve":[0.374,0.61,0.715,1],"transform":{"skX":1.96,"skY":1.96},"duration":4},{"curve":[0.25,0,0.75,1],"transform":{"skX":2.38,"skY":2.38},"duration":20},{"curve":[0.242,0,0.679,0.71],"transform":{"skX":-0.82,"skY":-0.82},"duration":16},{"transform":{"skX":1.96,"skY":1.96},"duration":0}],"name":"Chujiao"},{"frame":[{"curve":[0.381,0.58,0.731,1],"transform":{"skX":4.23,"skY":4.23},"duration":6},{"curve":[0.25,0,0.75,1],"transform":{"skX":5.85,"skY":5.85},"duration":20},{"curve":[0.242,0,0.655,0.62],"transform":{"skX":-0.82,"skY":-0.82},"duration":14},{"curve":[0.381,0.58,0.731,1],"transform":{"skX":4.23,"skY":4.23},"duration":6},{"curve":[0.25,0,0.75,1],"transform":{"skX":5.85,"skY":5.85},"duration":20},{"curve":[0.242,0,0.655,0.62],"transform":{"skX":-0.82,"skY":-0.82},"duration":14},{"transform":{"skX":4.23,"skY":4.23},"duration":0}],"name":"Chujiao2"},{"frame":[{"curve":[0.381,0.54,0.742,1],"transform":{"skX":5.54,"skY":5.54},"duration":8},{"curve":[0.25,0,0.75,1],"transform":{"skX":9.25,"skY":9.25},"duration":20},{"curve":[0.245,0,0.637,0.55],"transform":{"skX":-0.82,"skY":-0.82},"duration":12},{"curve":[0.381,0.54,0.742,1],"transform":{"skX":5.54,"skY":5.54},"duration":8},{"curve":[0.25,0,0.75,1],"transform":{"skX":9.25,"skY":9.25},"duration":20},{"curve":[0.245,0,0.637,0.55],"transform":{"skX":-0.82,"skY":-0.82},"duration":12},{"transform":{"skX":5.54,"skY":5.54},"duration":0}],"name":"Chujiao3"},{"frame":[{"curve":[0.375,0.5,0.75,1],"transform":{"scY":1.024,"skX":1.65,"skY":1.65,"scX":1.024},"duration":10},{"curve":[0.25,0,0.75,1],"transform":{"skX":3.31,"skY":3.31},"duration":20},{"curve":[0.25,0,0.625,0.5],"transform":{"scY":1.049,"scX":1.049},"duration":10},{"curve":[0.375,0.5,0.75,1],"transform":{"scY":1.024,"skX":1.65,"skY":1.65,"scX":1.024},"duration":10},{"curve":[0.25,0,0.75,1],"transform":{"skX":3.31,"skY":3.31},"duration":20},{"curve":[0.25,0,0.625,0.5],"transform":{"scY":1.049,"scX":1.049},"duration":10},{"transform":{"scY":1.024,"skX":1.65,"skY":1.65,"scX":1.024},"duration":0}],"name":"Light"},{"frame":[{"curve":[0.359,0.64,0.695,1],"transform":{"skX":7.4,"skY":7.4},"duration":2},{"curve":[0.25,0,0.75,1],"transform":{"skX":7.3,"skY":7.3},"duration":20},{"curve":[0.245,0,0.71,0.83],"transform":{"skX":9.53,"skY":9.53},"duration":18},{"curve":[0.359,0.64,0.695,1],"transform":{"skX":7.4,"skY":7.4},"duration":2},{"curve":[0.25,0,0.75,1],"transform":{"skX":7.3,"skY":7.3},"duration":20},{"curve":[0.245,0,0.71,0.83],"transform":{"skX":9.53,"skY":9.53},"duration":18},{"transform":{"skX":7.4,"skY":7.4},"duration":0}],"name":"1-1"},{"frame":[{"curve":[0.374,0.61,0.715,1],"transform":{"skX":2.17,"skY":2.17},"duration":4},{"curve":[0.25,0,0.75,1],"transform":{},"duration":20},{"curve":[0.242,0,0.679,0.71],"transform":{"skX":16.7,"skY":16.7},"duration":16},{"curve":[0.374,0.61,0.715,1],"transform":{"skX":2.17,"skY":2.17},"duration":4},{"curve":[0.25,0,0.75,1],"transform":{},"duration":20},{"curve":[0.242,0,0.679,0.71],"transform":{"skX":16.7,"skY":16.7},"duration":16},{"transform":{"skX":2.17,"skY":2.17},"duration":0}],"name":"1-2"},{"frame":[{"curve":[0.381,0.58,0.731,1],"transform":{"skX":-0.92,"skY":-0.92},"duration":6},{"curve":[0.25,0,0.75,1],"transform":{},"duration":20},{"curve":[0.242,0,0.655,0.62],"transform":{"skX":-3.8,"skY":-3.8},"duration":14},{"curve":[0.381,0.58,0.731,1],"transform":{"skX":-0.92,"skY":-0.92},"duration":6},{"curve":[0.25,0,0.75,1],"transform":{},"duration":20},{"curve":[0.242,0,0.655,0.62],"transform":{"skX":-3.8,"skY":-3.8},"duration":14},{"transform":{"skX":-0.92,"skY":-0.92},"duration":0}],"name":"1-3"},{"frame":[{"curve":[0.381,0.54,0.742,1],"transform":{"skX":-5.55,"skY":-5.55},"duration":8},{"curve":[0.25,0,0.75,1],"transform":{},"duration":20},{"curve":[0.245,0,0.637,0.55],"transform":{"skX":-15.1,"skY":-15.1},"duration":12},{"curve":[0.381,0.54,0.742,1],"transform":{"skX":-5.55,"skY":-5.55},"duration":8},{"curve":[0.25,0,0.75,1],"transform":{},"duration":20},{"curve":[0.245,0,0.637,0.55],"transform":{"skX":-15.1,"skY":-15.1},"duration":12},{"transform":{"skX":-5.55,"skY":-5.55},"duration":0}],"name":"1-4"},{"frame":[{"curve":[0.374,0.61,0.715,1],"transform":{"skX":9.46,"skY":9.46},"duration":4},{"curve":[0.25,0,0.75,1],"transform":{"skX":8.75,"skY":8.75},"duration":20},{"curve":[0.242,0,0.679,0.71],"transform":{"skX":14.2,"skY":14.2},"duration":16},{"curve":[0.374,0.61,0.715,1],"transform":{"skX":9.46,"skY":9.46},"duration":4},{"curve":[0.25,0,0.75,1],"transform":{"skX":8.75,"skY":8.75},"duration":20},{"curve":[0.242,0,0.679,0.71],"transform":{"skX":14.2,"skY":14.2},"duration":16},{"transform":{"skX":9.46,"skY":9.46},"duration":0}],"name":"2-1"},{"frame":[{"curve":[0.381,0.58,0.731,1],"transform":{"skX":3.67,"skY":3.67},"duration":6},{"curve":[0.25,0,0.75,1],"transform":{},"duration":20},{"curve":[0.242,0,0.655,0.62],"transform":{"skX":15.17,"skY":15.17},"duration":14},{"curve":[0.381,0.58,0.731,1],"transform":{"skX":3.67,"skY":3.67},"duration":6},{"curve":[0.25,0,0.75,1],"transform":{},"duration":20},{"curve":[0.242,0,0.655,0.62],"transform":{"skX":15.17,"skY":15.17},"duration":14},{"transform":{"skX":3.67,"skY":3.67},"duration":0}],"name":"2-2"},{"frame":[{"curve":[0.381,0.54,0.742,1],"transform":{"skX":-3.34,"skY":-3.34},"duration":8},{"curve":[0.25,0,0.75,1],"transform":{},"duration":20},{"curve":[0.245,0,0.637,0.55],"transform":{"skX":-9.09,"skY":-9.09},"duration":12},{"curve":[0.381,0.54,0.742,1],"transform":{"skX":-3.34,"skY":-3.34},"duration":8},{"curve":[0.25,0,0.75,1],"transform":{},"duration":20},{"curve":[0.245,0,0.637,0.55],"transform":{"skX":-9.09,"skY":-9.09},"duration":12},{"transform":{"skX":-3.34,"skY":-3.34},"duration":0}],"name":"2-3"},{"frame":[{"curve":[0.375,0.5,0.75,1],"transform":{"skX":-8.62,"skY":-8.62},"duration":10},{"curve":[0.25,0,0.75,1],"transform":{},"duration":20},{"curve":[0.25,0,0.625,0.5],"transform":{"skX":-17.24,"skY":-17.24},"duration":10},{"curve":[0.375,0.5,0.75,1],"transform":{"skX":-8.62,"skY":-8.62},"duration":10},{"curve":[0.25,0,0.75,1],"transform":{},"duration":20},{"curve":[0.25,0,0.625,0.5],"transform":{"skX":-17.24,"skY":-17.24},"duration":10},{"transform":{"skX":-8.62,"skY":-8.62},"duration":0}],"name":"2-4"},{"frame":[{"curve":[0.348,0.65,0.682,1],"transform":{"skX":-3.61,"skY":-3.61},"duration":1},{"curve":[0.25,0,0.75,1],"transform":{"skX":-3.52,"skY":-3.52},"duration":20},{"curve":[0.247,0,0.729,0.9],"transform":{"skX":-8.78,"skY":-8.78},"duration":19},{"curve":[0.348,0.65,0.682,1],"transform":{"skX":-3.61,"skY":-3.61},"duration":1},{"curve":[0.25,0,0.75,1],"transform":{"skX":-3.52,"skY":-3.52},"duration":20},{"curve":[0.247,0,0.729,0.9],"transform":{"skX":-8.78,"skY":-8.78},"duration":19},{"transform":{"skX":-3.61,"skY":-3.61},"duration":0}],"name":"5-1"},{"frame":[{"curve":[0.368,0.62,0.706,1],"transform":{"skX":-0.87,"skY":-0.87},"duration":3},{"curve":[0.25,0,0.75,1],"transform":{},"duration":20},{"curve":[0.243,0,0.694,0.76],"transform":{"skX":-10.48,"skY":-10.48},"duration":17},{"curve":[0.368,0.62,0.706,1],"transform":{"skX":-0.87,"skY":-0.87},"duration":3},{"curve":[0.25,0,0.75,1],"transform":{},"duration":20},{"curve":[0.243,0,0.694,0.76],"transform":{"skX":-10.48,"skY":-10.48},"duration":17},{"transform":{"skX":-0.87,"skY":-0.87},"duration":0}],"name":"5-2"},{"frame":[{"curve":[0.379,0.6,0.724,1],"transform":{"skX":-0.3,"skY":-0.3},"duration":5},{"curve":[0.25,0,0.75,1],"transform":{},"duration":20},{"curve":[0.242,0,0.666,0.66],"transform":{"skX":-1.65,"skY":-1.65},"duration":15},{"curve":[0.379,0.6,0.724,1],"transform":{"skX":-0.3,"skY":-0.3},"duration":5},{"curve":[0.25,0,0.75,1],"transform":{},"duration":20},{"curve":[0.242,0,0.666,0.66],"transform":{"skX":-1.65,"skY":-1.65},"duration":15},{"transform":{"skX":-0.3,"skY":-0.3},"duration":0}],"name":"5-3"},{"frame":[{"curve":[0.382,0.56,0.737,1],"transform":{"skX":7.54,"skY":7.54},"duration":7},{"curve":[0.25,0,0.75,1],"transform":{},"duration":20},{"curve":[0.243,0,0.645,0.58],"transform":{"skX":24.75,"skY":24.75},"duration":13},{"curve":[0.382,0.56,0.737,1],"transform":{"skX":7.54,"skY":7.54},"duration":7},{"curve":[0.25,0,0.75,1],"transform":{},"duration":20},{"curve":[0.243,0,0.645,0.58],"transform":{"skX":24.75,"skY":24.75},"duration":13},{"transform":{"skX":7.54,"skY":7.54},"duration":0}],"name":"5-4"},{"frame":[{"curve":[0.381,0.58,0.731,1],"transform":{"skX":10.38,"skY":10.38},"duration":6},{"curve":[0.25,0,0.75,1],"transform":{"skX":8.75,"skY":8.75},"duration":20},{"curve":[0.242,0,0.655,0.62],"transform":{"skX":15.47,"skY":15.47},"duration":14},{"curve":[0.381,0.58,0.731,1],"transform":{"skX":10.38,"skY":10.38},"duration":6},{"curve":[0.25,0,0.75,1],"transform":{"skX":8.75,"skY":8.75},"duration":20},{"curve":[0.242,0,0.655,0.62],"transform":{"skX":15.47,"skY":15.47},"duration":14},{"transform":{"skX":10.38,"skY":10.38},"duration":0}],"name":"3-1"},{"frame":[{"curve":[0.381,0.54,0.742,1],"transform":{"skX":4.71,"skY":4.71},"duration":8},{"curve":[0.25,0,0.75,1],"transform":{},"duration":20},{"curve":[0.245,0,0.637,0.55],"transform":{"skX":12.81,"skY":12.81},"duration":12},{"curve":[0.381,0.54,0.742,1],"transform":{"skX":4.71,"skY":4.71},"duration":8},{"curve":[0.25,0,0.75,1],"transform":{},"duration":20},{"curve":[0.245,0,0.637,0.55],"transform":{"skX":12.81,"skY":12.81},"duration":12},{"transform":{"skX":4.71,"skY":4.71},"duration":0}],"name":"3-2"},{"frame":[{"curve":[0.375,0.5,0.75,1],"transform":{"skX":-2.98,"skY":-2.98},"duration":10},{"curve":[0.25,0,0.75,1],"transform":{},"duration":20},{"curve":[0.25,0,0.625,0.5],"transform":{"skX":-5.96,"skY":-5.96},"duration":10},{"curve":[0.375,0.5,0.75,1],"transform":{"skX":-2.98,"skY":-2.98},"duration":10},{"curve":[0.25,0,0.75,1],"transform":{},"duration":20},{"curve":[0.25,0,0.625,0.5],"transform":{"skX":-5.96,"skY":-5.96},"duration":10},{"transform":{"skX":-2.98,"skY":-2.98},"duration":0}],"name":"3-3"},{"frame":[{"curve":[0.362,0.44,0.754,1],"transform":{"skX":-10.48,"skY":-10.48},"duration":12},{"curve":[0.25,0,0.75,1],"transform":{},"duration":20},{"curve":[0.257,0,0.618,0.45],"transform":{"skX":-16.58,"skY":-16.58},"duration":8},{"curve":[0.362,0.44,0.754,1],"transform":{"skX":-10.48,"skY":-10.48},"duration":12},{"curve":[0.25,0,0.75,1],"transform":{},"duration":20},{"curve":[0.257,0,0.618,0.45],"transform":{"skX":-16.58,"skY":-16.58},"duration":8},{"transform":{"skX":-10.48,"skY":-10.48},"duration":0}],"name":"3-4"},{"frame":[{"curve":[0.381,0.54,0.742,1],"transform":{"skX":10.83,"skY":10.83},"duration":8},{"curve":[0.25,0,0.75,1],"transform":{"skX":8.75,"skY":8.75},"duration":20},{"curve":[0.245,0,0.637,0.55],"transform":{"skX":14.42,"skY":14.42},"duration":12},{"curve":[0.381,0.54,0.742,1],"transform":{"skX":10.83,"skY":10.83},"duration":8},{"curve":[0.25,0,0.75,1],"transform":{"skX":8.75,"skY":8.75},"duration":20},{"curve":[0.245,0,0.637,0.55],"transform":{"skX":14.42,"skY":14.42},"duration":12},{"transform":{"skX":10.83,"skY":10.83},"duration":0}],"name":"4-1"},{"frame":[{"curve":[0.375,0.5,0.75,1],"transform":{"skX":7.5,"skY":7.5},"duration":10},{"curve":[0.25,0,0.75,1],"transform":{},"duration":20},{"curve":[0.25,0,0.625,0.5],"transform":{"skX":15,"skY":15},"duration":10},{"curve":[0.375,0.5,0.75,1],"transform":{"skX":7.5,"skY":7.5},"duration":10},{"curve":[0.25,0,0.75,1],"transform":{},"duration":20},{"curve":[0.25,0,0.625,0.5],"transform":{"skX":15,"skY":15},"duration":10},{"transform":{"skX":7.5,"skY":7.5},"duration":0}],"name":"4-2"},{"frame":[{"curve":[0.362,0.44,0.754,1],"transform":{"skX":-4.62,"skY":-4.62},"duration":12},{"curve":[0.25,0,0.75,1],"transform":{},"duration":20},{"curve":[0.257,0,0.618,0.45],"transform":{"skX":-7.31,"skY":-7.31},"duration":8},{"curve":[0.362,0.44,0.754,1],"transform":{"skX":-4.62,"skY":-4.62},"duration":12},{"curve":[0.25,0,0.75,1],"transform":{},"duration":20},{"curve":[0.257,0,0.618,0.45],"transform":{"skX":-7.31,"skY":-7.31},"duration":8},{"transform":{"skX":-4.62,"skY":-4.62},"duration":0}],"name":"4-3"},{"frame":[{"curve":[0.344,0.37,0.757,1],"transform":{"skX":-11.51,"skY":-11.51},"duration":14},{"curve":[0.25,0,0.75,1],"transform":{},"duration":20},{"curve":[0.268,0,0.618,0.41],"transform":{"skX":-15.19,"skY":-15.19},"duration":6},{"curve":[0.344,0.37,0.757,1],"transform":{"skX":-11.51,"skY":-11.51},"duration":14},{"curve":[0.25,0,0.75,1],"transform":{},"duration":20},{"curve":[0.268,0,0.618,0.41],"transform":{"skX":-15.19,"skY":-15.19},"duration":6},{"transform":{"skX":-11.51,"skY":-11.51},"duration":0}],"name":"4-4"},{"frame":[{"curve":[0.382,0.56,0.737,1],"transform":{"skX":-6.04,"skY":-6.04},"duration":7},{"curve":[0.25,0,0.75,1],"transform":{"skX":-3.52,"skY":-3.52},"duration":20},{"curve":[0.243,0,0.645,0.58],"transform":{"skX":-11.8,"skY":-11.8},"duration":13},{"curve":[0.382,0.56,0.737,1],"transform":{"skX":-6.04,"skY":-6.04},"duration":7},{"curve":[0.25,0,0.75,1],"transform":{"skX":-3.52,"skY":-3.52},"duration":20},{"curve":[0.243,0,0.645,0.58],"transform":{"skX":-11.8,"skY":-11.8},"duration":13},{"transform":{"skX":-6.04,"skY":-6.04},"duration":0}],"name":"8-1"},{"frame":[{"curve":[0.378,0.52,0.746,1],"transform":{"skX":-2.93,"skY":-2.93},"duration":9},{"curve":[0.25,0,0.75,1],"transform":{},"duration":20},{"curve":[0.247,0,0.63,0.52],"transform":{"skX":-6.75,"skY":-6.75},"duration":11},{"curve":[0.378,0.52,0.746,1],"transform":{"skX":-2.93,"skY":-2.93},"duration":9},{"curve":[0.25,0,0.75,1],"transform":{},"duration":20},{"curve":[0.247,0,0.63,0.52],"transform":{"skX":-6.75,"skY":-6.75},"duration":11},{"transform":{"skX":-2.93,"skY":-2.93},"duration":0}],"name":"8-2"},{"frame":[{"curve":[0.369,0.47,0.752,1],"transform":{"skX":4.54,"skY":4.54},"duration":11},{"curve":[0.25,0,0.75,1],"transform":{},"duration":20},{"curve":[0.253,0,0.621,0.47],"transform":{"skX":8.02,"skY":8.02},"duration":9},{"curve":[0.369,0.47,0.752,1],"transform":{"skX":4.54,"skY":4.54},"duration":11},{"curve":[0.25,0,0.75,1],"transform":{},"duration":20},{"curve":[0.253,0,0.621,0.47],"transform":{"skX":8.02,"skY":8.02},"duration":9},{"transform":{"skX":4.54,"skY":4.54},"duration":0}],"name":"8-3"},{"frame":[{"curve":[0.354,0.41,0.756,1],"transform":{"skX":11.8,"skY":11.8},"duration":13},{"curve":[0.25,0,0.75,1],"transform":{},"duration":20},{"curve":[0.262,0,0.617,0.43],"transform":{"skX":16.97,"skY":16.97},"duration":7},{"curve":[0.354,0.41,0.756,1],"transform":{"skX":11.8,"skY":11.8},"duration":13},{"curve":[0.25,0,0.75,1],"transform":{},"duration":20},{"curve":[0.262,0,0.617,0.43],"transform":{"skX":16.97,"skY":16.97},"duration":7},{"transform":{"skX":11.8,"skY":11.8},"duration":0}],"name":"8-4"},{"frame":[{"curve":[0.379,0.6,0.724,1],"transform":{"skX":-5.17,"skY":-5.17},"duration":5},{"curve":[0.25,0,0.75,1],"transform":{"skX":-3.52,"skY":-3.52},"duration":20},{"curve":[0.242,0,0.666,0.66],"transform":{"skX":-12.48,"skY":-12.48},"duration":15},{"curve":[0.379,0.6,0.724,1],"transform":{"skX":-5.17,"skY":-5.17},"duration":5},{"curve":[0.25,0,0.75,1],"transform":{"skX":-3.52,"skY":-3.52},"duration":20},{"curve":[0.242,0,0.666,0.66],"transform":{"skX":-12.48,"skY":-12.48},"duration":15},{"transform":{"skX":-5.17,"skY":-5.17},"duration":0}],"name":"7-1"},{"frame":[{"curve":[0.382,0.56,0.737,1],"transform":{"skX":-2.94,"skY":-2.94},"duration":7},{"curve":[0.25,0,0.75,1],"transform":{},"duration":20},{"curve":[0.243,0,0.645,0.58],"transform":{"skX":-9.67,"skY":-9.67},"duration":13},{"curve":[0.382,0.56,0.737,1],"transform":{"skX":-2.94,"skY":-2.94},"duration":7},{"curve":[0.25,0,0.75,1],"transform":{},"duration":20},{"curve":[0.243,0,0.645,0.58],"transform":{"skX":-9.67,"skY":-9.67},"duration":13},{"transform":{"skX":-2.94,"skY":-2.94},"duration":0}],"name":"7-2"},{"frame":[{"curve":[0.378,0.52,0.746,1],"transform":{"skX":2.37,"skY":2.37},"duration":9},{"curve":[0.25,0,0.75,1],"transform":{},"duration":20},{"curve":[0.247,0,0.63,0.52],"transform":{"skX":5.47,"skY":5.47},"duration":11},{"curve":[0.378,0.52,0.746,1],"transform":{"skX":2.37,"skY":2.37},"duration":9},{"curve":[0.25,0,0.75,1],"transform":{},"duration":20},{"curve":[0.247,0,0.63,0.52],"transform":{"skX":5.47,"skY":5.47},"duration":11},{"transform":{"skX":2.37,"skY":2.37},"duration":0}],"name":"7-3"},{"frame":[{"curve":[0.369,0.47,0.752,1],"transform":{"skX":8.02,"skY":8.02},"duration":11},{"curve":[0.25,0,0.75,1],"transform":{},"duration":20},{"curve":[0.253,0,0.621,0.47],"transform":{"skX":14.17,"skY":14.17},"duration":9},{"curve":[0.369,0.47,0.752,1],"transform":{"skX":8.02,"skY":8.02},"duration":11},{"curve":[0.25,0,0.75,1],"transform":{},"duration":20},{"curve":[0.253,0,0.621,0.47],"transform":{"skX":14.17,"skY":14.17},"duration":9},{"transform":{"skX":8.02,"skY":8.02},"duration":0}],"name":"7-4"},{"frame":[{"curve":[0.368,0.62,0.706,1],"transform":{"skX":-3.91,"skY":-3.91},"duration":3},{"curve":[0.25,0,0.75,1],"transform":{"skX":-3.52,"skY":-3.52},"duration":20},{"curve":[0.243,0,0.694,0.76],"transform":{"skX":-8.17,"skY":-8.17},"duration":17},{"curve":[0.368,0.62,0.706,1],"transform":{"skX":-3.91,"skY":-3.91},"duration":3},{"curve":[0.25,0,0.75,1],"transform":{"skX":-3.52,"skY":-3.52},"duration":20},{"curve":[0.243,0,0.694,0.76],"transform":{"skX":-8.17,"skY":-8.17},"duration":17},{"transform":{"skX":-3.91,"skY":-3.91},"duration":0}],"name":"6-1"},{"frame":[{"curve":[0.379,0.6,0.724,1],"transform":{"skX":-1.68,"skY":-1.68},"duration":5},{"curve":[0.25,0,0.75,1],"transform":{},"duration":20},{"curve":[0.242,0,0.666,0.66],"transform":{"skX":-9.13,"skY":-9.13},"duration":15},{"curve":[0.379,0.6,0.724,1],"transform":{"skX":-1.68,"skY":-1.68},"duration":5},{"curve":[0.25,0,0.75,1],"transform":{},"duration":20},{"curve":[0.242,0,0.666,0.66],"transform":{"skX":-9.13,"skY":-9.13},"duration":15},{"transform":{"skX":-1.68,"skY":-1.68},"duration":0}],"name":"6-2"},{"frame":[{"curve":[0.382,0.56,0.737,1],"transform":{"skX":1.64,"skY":1.64},"duration":7},{"curve":[0.25,0,0.75,1],"transform":{},"duration":20},{"curve":[0.243,0,0.645,0.58],"transform":{"skX":5.39,"skY":5.39},"duration":13},{"curve":[0.382,0.56,0.737,1],"transform":{"skX":1.64,"skY":1.64},"duration":7},{"curve":[0.25,0,0.75,1],"transform":{},"duration":20},{"curve":[0.243,0,0.645,0.58],"transform":{"skX":5.39,"skY":5.39},"duration":13},{"transform":{"skX":1.64,"skY":1.64},"duration":0}],"name":"6-3"},{"frame":[{"curve":[0.378,0.52,0.746,1],"transform":{"skX":8.7,"skY":8.7},"duration":9},{"curve":[0.25,0,0.75,1],"transform":{},"duration":20},{"curve":[0.247,0,0.63,0.52],"transform":{"skX":20.06,"skY":20.06},"duration":11},{"curve":[0.378,0.52,0.746,1],"transform":{"skX":8.7,"skY":8.7},"duration":9},{"curve":[0.25,0,0.75,1],"transform":{},"duration":20},{"curve":[0.247,0,0.63,0.52],"transform":{"skX":20.06,"skY":20.06},"duration":11},{"transform":{"skX":8.7,"skY":8.7},"duration":0}],"name":"6-4"},{"frame":[{"curve":[0.25,0,0.75,1],"transform":{},"duration":10},{"curve":[0.25,0,0.75,1],"transform":{"scY":0.955,"skX":13.9,"skY":13.9,"scX":1.055},"duration":10},{"curve":[0.25,0,0.75,1],"transform":{},"duration":10},{"curve":[0.25,0,0.75,1],"transform":{"scY":0.955,"skX":13.9,"skY":13.9,"scX":1.055},"duration":10},{"curve":[0.25,0,0.75,1],"transform":{},"duration":10},{"curve":[0.25,0,0.75,1],"transform":{"scY":0.955,"skX":13.9,"skY":13.9,"scX":1.055},"duration":10},{"curve":[0.25,0,0.75,1],"transform":{},"duration":10},{"curve":[0.25,0,0.75,1],"transform":{"scY":0.955,"skX":13.9,"skY":13.9,"scX":1.055},"duration":10},{"transform":{},"duration":0}],"name":"Fin_X"},{"frame":[{"curve":[0.381,0.54,0.742,1],"transform":{"scY":0.966,"skX":3.2,"skY":3.2,"scX":1.067},"duration":8},{"curve":[0.25,0,0.75,1],"transform":{},"duration":20},{"curve":[0.245,0,0.637,0.55],"transform":{"scY":0.907,"skX":8.71,"skY":8.71,"scX":1.132},"duration":12},{"curve":[0.381,0.54,0.742,1],"transform":{"scY":0.966,"skX":3.2,"skY":3.2,"scX":1.067},"duration":8},{"curve":[0.25,0,0.75,1],"transform":{},"duration":20},{"curve":[0.245,0,0.637,0.55],"transform":{"scY":0.907,"skX":8.71,"skY":8.71,"scX":1.132},"duration":12},{"transform":{"scY":0.966,"skX":3.2,"skY":3.2,"scX":1.067},"duration":0}],"name":"Fin_B4"},{"frame":[{"curve":[0.375,0.5,0.75,1],"transform":{"skX":1.91,"skY":1.91},"duration":10},{"curve":[0.25,0,0.75,1],"transform":{},"duration":20},{"curve":[0.25,0,0.625,0.5],"transform":{"skX":3.82,"skY":3.82},"duration":10},{"curve":[0.375,0.5,0.75,1],"transform":{"skX":1.91,"skY":1.91},"duration":10},{"curve":[0.25,0,0.75,1],"transform":{},"duration":20},{"curve":[0.25,0,0.625,0.5],"transform":{"skX":3.82,"skY":3.82},"duration":10},{"transform":{"skX":1.91,"skY":1.91},"duration":0}],"name":"Tail2"},{"frame":[{"curve":[0.362,0.44,0.754,1],"transform":{"skX":3.67,"skY":3.67},"duration":12},{"curve":[0.25,0,0.75,1],"transform":{},"duration":20},{"curve":[0.257,0,0.618,0.45],"transform":{"skX":5.81,"skY":5.81},"duration":8},{"curve":[0.362,0.44,0.754,1],"transform":{"skX":3.67,"skY":3.67},"duration":12},{"curve":[0.25,0,0.75,1],"transform":{},"duration":20},{"curve":[0.257,0,0.618,0.45],"transform":{"skX":5.81,"skY":5.81},"duration":8},{"transform":{"skX":3.67,"skY":3.67},"duration":0}],"name":"Tail3"},{"frame":[{"curve":[0.362,0.44,0.754,1],"transform":{"skX":4.72,"skY":4.72},"duration":12},{"curve":[0.25,0,0.75,1],"transform":{},"duration":20},{"curve":[0.257,0,0.618,0.45],"transform":{"skX":7.46,"skY":7.46},"duration":8},{"curve":[0.362,0.44,0.754,1],"transform":{"skX":4.72,"skY":4.72},"duration":12},{"curve":[0.25,0,0.75,1],"transform":{},"duration":20},{"curve":[0.257,0,0.618,0.45],"transform":{"skX":7.46,"skY":7.46},"duration":8},{"transform":{"skX":4.72,"skY":4.72},"duration":0}],"name":"Tail4"},{"frame":[{"curve":[0.344,0.37,0.757,1],"transform":{"skX":4.85,"skY":4.85},"duration":14},{"curve":[0.25,0,0.75,1],"transform":{},"duration":20},{"curve":[0.268,0,0.618,0.41],"transform":{"skX":6.4,"skY":6.4},"duration":6},{"curve":[0.344,0.37,0.757,1],"transform":{"skX":4.85,"skY":4.85},"duration":14},{"curve":[0.25,0,0.75,1],"transform":{},"duration":20},{"curve":[0.268,0,0.618,0.41],"transform":{"skX":6.4,"skY":6.4},"duration":6},{"transform":{"skX":4.85,"skY":4.85},"duration":0}],"name":"Tail5"},{"frame":[{"transform":{},"duration":80}],"name":"root"},{"frame":[{"transform":{},"duration":80}],"name":"Fuji"},{"frame":[{"transform":{},"duration":80}],"name":"buff_flo"},{"frame":[{"transform":{},"duration":80}],"name":"buff_up"},{"frame":[{"transform":{},"duration":80}],"name":"buff_mid"}],"slot":[{"frame":[{"curve":[0.25,0,0.75,1],"duration":20},{"curve":[0.25,0,0.75,1],"color":{"aM":65},"duration":20},{"curve":[0.25,0,0.625,0.5],"duration":20},{"curve":[0.25,0,0.625,0.5],"color":{"gM":2,"bM":0,"aM":65},"duration":20},{"tweenEasing":null,"duration":0}],"name":"Light"}],"ffd":[],"frame":[],"name":"0000_daiji","duration":80,"ik":[]},{"bone":[{"frame":[{"curve":[0.382,0.55,0.739,1],"transform":{"skX":1.45,"skY":1.45},"duration":3},{"curve":[0.25,0,0.75,1],"transform":{"skX":-10.01,"skY":-10.01},"duration":7},{"curve":[0.25,0,0.75,1],"transform":{"skX":24.13,"skY":24.13},"duration":8},{"curve":[0.25,0,0.75,1],"transform":{"skX":-10.01,"skY":-10.01},"duration":7},{"curve":[0.244,0,0.641,0.57],"transform":{"skX":24.13,"skY":24.13},"duration":5},{"transform":{"skX":1.45,"skY":1.45},"duration":0}],"name":"4-1"},{"frame":[{"curve":[0.25,0,0.75,1],"transform":{"skX":-10.02,"skY":-10.02},"duration":15},{"curve":[0.25,0,0.75,1],"transform":{"skX":9.68,"skY":9.68},"duration":15},{"transform":{"skX":-10.02,"skY":-10.02},"duration":0}],"name":"Tail2"},{"frame":[{"curve":[0.367,0.63,0.704,1],"transform":{"skX":11.01,"skY":11.01},"duration":1},{"curve":[0.25,0,0.75,1],"transform":{"skX":10.54,"skY":10.54},"duration":8},{"curve":[0.25,0,0.75,1],"transform":{"skX":8.39,"skY":8.39},"duration":7},{"curve":[0.25,0,0.75,1],"transform":{"skX":10.54,"skY":10.54},"duration":8},{"curve":[0.243,0,0.696,0.77],"transform":{"skX":16.6,"skY":16.6},"duration":6},{"transform":{"skX":11.01,"skY":11.01},"duration":0}],"name":"6-4"},{"frame":[{"curve":[0.297,0.2,0.755,1],"transform":{"skX":3.85,"skY":3.85},"duration":7},{"curve":[0.25,0,0.75,1],"transform":{"skX":11.19,"skY":11.19},"duration":7},{"curve":[0.25,0,0.75,1],"transform":{"skX":3.36,"skY":3.36},"duration":8},{"curve":[0.25,0,0.75,1],"transform":{"skX":12.31,"skY":12.31},"duration":7},{"curve":[0.299,0,0.635,0.36],"transform":{"skX":3.36,"skY":3.36},"duration":1},{"transform":{"skX":3.85,"skY":3.85},"duration":0}],"name":"5-4"},{"frame":[{"curve":[0.381,0.54,0.742,1],"transform":{"scY":1.057,"skX":0.65,"skY":0.65,"scX":0.988},"duration":6},{"curve":[0.25,0,0.75,1],"transform":{"skX":-7.8,"skY":-7.8},"duration":15},{"curve":[0.245,0,0.637,0.55],"transform":{"scY":1.156,"skX":15.19,"skY":15.19,"scX":0.967},"duration":9},{"transform":{"scY":1.057,"skX":0.65,"skY":0.65,"scX":0.988},"duration":0}],"name":"Fin_B3"},{"frame":[{"curve":[0.25,0,0.75,1],"transform":{"skX":7.25,"skY":7.25},"duration":8},{"curve":[0.25,0,0.75,1],"transform":{"skX":6.37,"skY":6.37},"duration":7},{"curve":[0.25,0,0.75,1],"transform":{"skX":7.25,"skY":7.25},"duration":8},{"curve":[0.25,0,0.75,1],"transform":{"skX":12.48,"skY":12.48},"duration":7},{"transform":{"skX":7.25,"skY":7.25},"duration":0}],"name":"7-4"},{"frame":[{"curve":[0.358,0.42,0.755,1],"transform":{"scY":1.105,"skX":8.35,"skY":8.35,"scX":0.962},"duration":5},{"curve":[0.25,0,0.75,1],"transform":{"skX":-12.34,"skY":-12.34},"duration":7},{"curve":[0.25,0,0.75,1],"transform":{"scY":1.158,"skX":18.82,"skY":18.82,"scX":0.943},"duration":8},{"curve":[0.25,0,0.75,1],"transform":{"skX":-12.34,"skY":-12.34},"duration":7},{"curve":[0.26,0,0.617,0.44],"transform":{"scY":1.158,"skX":18.82,"skY":18.82,"scX":0.943},"duration":3},{"transform":{"scY":1.105,"skX":8.35,"skY":8.35,"scX":0.962},"duration":0}],"name":"Fin_X"},{"frame":[{"curve":[0.337,0.34,0.757,1],"transform":{"scY":1.095,"skX":9,"skY":9,"scX":1.095},"duration":11},{"curve":[0.25,0,0.75,1],"transform":{"skX":-9.19,"skY":-9.19},"duration":15},{"curve":[0.273,0,0.619,0.4],"transform":{"scY":1.119,"skX":13.63,"skY":13.63,"scX":1.119},"duration":4},{"transform":{"scY":1.095,"skX":9,"skY":9,"scX":1.095},"duration":0}],"name":"Light"},{"frame":[{"curve":[0.25,0,0.75,1],"transform":{"skX":-8.21,"skY":-8.21},"duration":7},{"curve":[0.25,0,0.75,1],"transform":{"skX":-27.74,"skY":-27.74},"duration":8},{"curve":[0.25,0,0.75,1],"transform":{"skX":-8.21,"skY":-8.21},"duration":7},{"curve":[0.25,0,0.75,1],"transform":{"skX":-27.74,"skY":-27.74},"duration":8},{"transform":{"skX":-8.21,"skY":-8.21},"duration":0}],"name":"8-1"},{"frame":[{"curve":[0.25,0,0.75,1],"transform":{"skX":-13.13,"skY":-13.13},"duration":7},{"curve":[0.25,0,0.75,1],"transform":{"skX":8.14,"skY":8.14},"duration":8},{"curve":[0.25,0,0.75,1],"transform":{"skX":-13.13,"skY":-13.13},"duration":7},{"curve":[0.25,0,0.75,1],"transform":{"skX":8.14,"skY":8.14},"duration":8},{"transform":{"skX":-13.13,"skY":-13.13},"duration":0}],"name":"1-1"},{"frame":[{"curve":[0.379,0.6,0.724,1],"transform":{"skX":-3.8,"skY":-3.8},"duration":2},{"curve":[0.25,0,0.75,1],"transform":{"skX":-7.41,"skY":-7.41},"duration":7},{"curve":[0.25,0,0.75,1],"transform":{"skX":12.12,"skY":12.12},"duration":8},{"curve":[0.25,0,0.75,1],"transform":{"skX":-7.41,"skY":-7.41},"duration":7},{"curve":[0.242,0,0.666,0.66],"transform":{"skX":12.12,"skY":12.12},"duration":6},{"transform":{"skX":-3.8,"skY":-3.8},"duration":0}],"name":"2-1"},{"frame":[{"curve":[0.25,0,0.75,1],"transform":{},"duration":15},{"curve":[0.25,0,0.75,1],"transform":{"y":-26.03,"x":4.81},"duration":15},{"transform":{},"duration":0}],"name":"bip"},{"frame":[{"curve":[0.374,0.61,0.715,1],"transform":{"skX":-5.09,"skY":-5.09},"duration":3},{"curve":[0.25,0,0.75,1],"transform":{"skX":-8.74,"skY":-8.74},"duration":15},{"curve":[0.25,0,0.75,1],"transform":{"skX":19.29,"skY":19.29},"duration":12},{"transform":{"skX":-5.09,"skY":-5.09},"duration":0}],"name":"Tail4"},{"frame":[{"curve":[0.374,0.61,0.715,1],"transform":{"skX":-16.28,"skY":-16.28},"duration":3},{"curve":[0.25,0,0.75,1],"transform":{"skX":-22.35,"skY":-22.35},"duration":15},{"curve":[0.25,0,0.75,1],"transform":{"skX":24.29,"skY":24.29},"duration":12},{"transform":{"skX":-16.28,"skY":-16.28},"duration":0}],"name":"Tail3"},{"frame":[{"curve":[0.371,0.48,0.751,1],"transform":{"scY":1.068,"skX":-4.02,"skY":-4.02,"scX":0.975},"duration":8},{"curve":[0.25,0,0.75,1],"transform":{"skX":-18.62,"skY":-18.62},"duration":15},{"curve":[0.252,0,0.622,0.48],"transform":{"scY":1.126,"skX":8.2,"skY":8.2,"scX":0.954},"duration":7},{"transform":{"scY":1.068,"skX":-4.02,"skY":-4.02,"scX":0.975},"duration":0}],"name":"Fin_B4"},{"frame":[{"curve":[0.362,0.44,0.754,1],"transform":{"skX":5.53,"skY":5.53},"duration":9},{"curve":[0.25,0,0.75,1],"transform":{"skX":-9.19,"skY":-9.19},"duration":15},{"curve":[0.257,0,0.618,0.45],"transform":{"skX":14.1,"skY":14.1},"duration":6},{"transform":{"skX":5.53,"skY":5.53},"duration":0}],"name":"Chujiao3"},{"frame":[{"curve":[0.379,0.6,0.724,1],"transform":{"skX":-7.72,"skY":-7.72},"duration":2},{"curve":[0.25,0,0.75,1],"transform":{"skX":-14.82,"skY":-14.82},"duration":7},{"curve":[0.25,0,0.75,1],"transform":{"skX":23.65,"skY":23.65},"duration":8},{"curve":[0.25,0,0.75,1],"transform":{"skX":-14.82,"skY":-14.82},"duration":7},{"curve":[0.242,0,0.666,0.66],"transform":{"skX":23.65,"skY":23.65},"duration":6},{"transform":{"skX":-7.72,"skY":-7.72},"duration":0}],"name":"1-2"},{"frame":[{"curve":[0.375,0.5,0.75,1],"transform":{"skX":16.23,"skY":16.23},"duration":4},{"curve":[0.25,0,0.75,1],"transform":{"skX":-10.59,"skY":-10.59},"duration":7},{"curve":[0.25,0,0.75,1],"transform":{"skX":43.05,"skY":43.05},"duration":8},{"curve":[0.25,0,0.75,1],"transform":{"skX":-10.59,"skY":-10.59},"duration":7},{"curve":[0.25,0,0.625,0.5],"transform":{"skX":43.05,"skY":43.05},"duration":4},{"transform":{"skX":16.23,"skY":16.23},"duration":0}],"name":"2-2"},{"frame":[{"curve":[0.32,0.28,0.757,1],"transform":{"scY":1.076,"skX":3.37,"skY":3.37,"scX":0.921},"duration":12},{"curve":[0.25,0,0.75,1],"transform":{"skX":-11.76,"skY":-11.76},"duration":15},{"curve":[0.284,0,0.625,0.38],"transform":{"scY":1.088,"skX":5.64,"skY":5.64,"scX":0.909},"duration":3},{"transform":{"scY":1.076,"skX":3.37,"skY":3.37,"scX":0.921},"duration":0}],"name":"Fin_B6"},{"frame":[{"curve":[0.297,0.2,0.755,1],"transform":{"skX":-14.12,"skY":-14.12},"duration":7},{"curve":[0.25,0,0.75,1],"transform":{"skX":8.56,"skY":8.56},"duration":7},{"curve":[0.25,0,0.75,1],"transform":{"skX":-15.64,"skY":-15.64},"duration":8},{"curve":[0.25,0,0.75,1],"transform":{"skX":8.56,"skY":8.56},"duration":7},{"curve":[0.299,0,0.635,0.36],"transform":{"skX":-15.64,"skY":-15.64},"duration":1},{"transform":{"skX":-14.12,"skY":-14.12},"duration":0}],"name":"6-3"},{"frame":[{"curve":[0.381,0.54,0.742,1],"transform":{"scY":1.001,"skX":0.58,"skY":0.58,"scX":0.993},"duration":6},{"curve":[0.25,0,0.75,1],"transform":{"skX":2.95,"skY":2.95},"duration":15},{"curve":[0.245,0,0.637,0.55],"transform":{"scY":1.004,"skX":-3.47,"skY":-3.47,"scX":0.983},"duration":9},{"transform":{"scY":1.001,"skX":0.58,"skY":0.58,"scX":0.993},"duration":0}],"name":"body2"},{"frame":[{"curve":[0.351,0.4,0.756,1],"transform":{"scY":1.079,"skX":-0.4,"skY":-0.4,"scX":0.974},"duration":10},{"curve":[0.25,0,0.75,1],"transform":{"skX":-15.42,"skY":-15.42},"duration":15},{"curve":[0.264,0,0.617,0.42],"transform":{"scY":1.11,"skX":5.54,"skY":5.54,"scX":0.964},"duration":5},{"transform":{"scY":1.079,"skX":-0.4,"skY":-0.4,"scX":0.974},"duration":0}],"name":"Fin_B5"},{"frame":[{"curve":[0.364,0.63,0.7,1],"transform":{"skX":7.74,"skY":7.74},"duration":1},{"curve":[0.25,0,0.75,1],"transform":{"skX":9.62,"skY":9.62},"duration":7},{"curve":[0.25,0,0.75,1],"transform":{"skX":-20.35,"skY":-20.35},"duration":8},{"curve":[0.25,0,0.75,1],"transform":{"skX":9.62,"skY":9.62},"duration":7},{"curve":[0.244,0,0.702,0.8],"transform":{"skX":-20.35,"skY":-20.35},"duration":7},{"transform":{"skX":7.74,"skY":7.74},"duration":0}],"name":"5-1"},{"frame":[{"curve":[0.379,0.6,0.724,1],"transform":{"skX":3.69,"skY":3.69},"duration":2},{"curve":[0.25,0,0.75,1],"transform":{"skX":9.33,"skY":9.33},"duration":7},{"curve":[0.25,0,0.75,1],"transform":{"skX":-21.26,"skY":-21.26},"duration":8},{"curve":[0.25,0,0.75,1],"transform":{"skX":9.33,"skY":9.33},"duration":7},{"curve":[0.242,0,0.666,0.66],"transform":{"skX":-21.26,"skY":-21.26},"duration":6},{"transform":{"skX":3.69,"skY":3.69},"duration":0}],"name":"7-1"},{"frame":[{"curve":[0.297,0.2,0.755,1],"transform":{"skX":10.59,"skY":10.59},"duration":7},{"curve":[0.25,0,0.75,1],"transform":{"skX":-12.04,"skY":-12.04},"duration":7},{"curve":[0.25,0,0.75,1],"transform":{"skX":12.1,"skY":12.1},"duration":8},{"curve":[0.25,0,0.75,1],"transform":{"skX":-12.04,"skY":-12.04},"duration":7},{"curve":[0.299,0,0.635,0.36],"transform":{"skX":12.1,"skY":12.1},"duration":1},{"transform":{"skX":10.59,"skY":10.59},"duration":0}],"name":"4-3"},{"frame":[{"curve":[0.333,0.33,0.757,1],"transform":{"skX":-18.93,"skY":-18.93},"duration":6},{"curve":[0.25,0,0.75,1],"transform":{"skX":6.01,"skY":6.01},"duration":7},{"curve":[0.25,0,0.75,1],"transform":{"skX":-24.57,"skY":-24.57},"duration":8},{"curve":[0.25,0,0.75,1],"transform":{"skX":6.01,"skY":6.01},"duration":7},{"curve":[0.275,0,0.62,0.4],"transform":{"skX":-24.57,"skY":-24.57},"duration":2},{"transform":{"skX":-18.93,"skY":-18.93},"duration":0}],"name":"7-3"},{"frame":[{"curve":[0.367,0.63,0.704,1],"transform":{"skX":-3.79,"skY":-3.79},"duration":1},{"curve":[0.25,0,0.75,1],"transform":{"skX":-2.76,"skY":-2.76},"duration":8},{"curve":[0.25,0,0.75,1],"transform":{"skX":-15.83,"skY":-15.83},"duration":7},{"curve":[0.25,0,0.75,1],"transform":{"skX":-2.76,"skY":-2.76},"duration":8},{"curve":[0.243,0,0.696,0.77],"transform":{"skX":-21.37,"skY":-21.37},"duration":6},{"transform":{"skX":-3.79,"skY":-3.79},"duration":0}],"name":"4-4"},{"frame":[{"curve":[0.333,0.33,0.757,1],"transform":{"skX":6,"skY":6},"duration":6},{"curve":[0.25,0,0.75,1],"transform":{"skX":12.48,"skY":12.48},"duration":7},{"curve":[0.25,0,0.75,1],"transform":{"skX":4.53,"skY":4.53},"duration":8},{"curve":[0.25,0,0.75,1],"transform":{"skX":16.39,"skY":16.39},"duration":7},{"curve":[0.275,0,0.62,0.4],"transform":{"skX":4.53,"skY":4.53},"duration":2},{"transform":{"skX":6,"skY":6},"duration":0}],"name":"8-4"},{"frame":[{"curve":[0.382,0.55,0.739,1],"transform":{"skX":6.44,"skY":6.44},"duration":3},{"curve":[0.25,0,0.75,1],"transform":{"skX":-10.23,"skY":-10.23},"duration":7},{"curve":[0.25,0,0.75,1],"transform":{"skX":39.46,"skY":39.46},"duration":8},{"curve":[0.25,0,0.75,1],"transform":{"skX":-10.23,"skY":-10.23},"duration":7},{"curve":[0.244,0,0.641,0.57],"transform":{"skX":39.46,"skY":39.46},"duration":5},{"transform":{"skX":6.44,"skY":6.44},"duration":0}],"name":"3-2"},{"frame":[{"curve":[0.375,0.5,0.75,1],"transform":{"skX":1.09,"skY":1.09},"duration":4},{"curve":[0.25,0,0.75,1],"transform":{"skX":12.56,"skY":12.56},"duration":7},{"curve":[0.25,0,0.75,1],"transform":{"skX":-10.38,"skY":-10.38},"duration":8},{"curve":[0.25,0,0.75,1],"transform":{"skX":12.56,"skY":12.56},"duration":7},{"curve":[0.25,0,0.625,0.5],"transform":{"skX":-10.38,"skY":-10.38},"duration":4},{"transform":{"skX":1.09,"skY":1.09},"duration":0}],"name":"8-3"},{"frame":[{"curve":[0.375,0.5,0.75,1],"transform":{"skX":0.1,"skY":0.1},"duration":4},{"curve":[0.25,0,0.75,1],"transform":{"skX":-10.98,"skY":-10.98},"duration":7},{"curve":[0.25,0,0.75,1],"transform":{"skX":11.2,"skY":11.2},"duration":8},{"curve":[0.25,0,0.75,1],"transform":{"skX":-10.98,"skY":-10.98},"duration":7},{"curve":[0.25,0,0.625,0.5],"transform":{"skX":11.2,"skY":11.2},"duration":4},{"transform":{"skX":0.1,"skY":0.1},"duration":0}],"name":"1-3"},{"frame":[{"curve":[0.377,0.51,0.747,1],"transform":{"skX":1.73,"skY":1.73},"duration":7},{"curve":[0.25,0,0.75,1],"transform":{"skX":-5.53,"skY":-5.53},"duration":15},{"curve":[0.248,0,0.628,0.51],"transform":{"skX":10.41,"skY":10.41},"duration":8},{"transform":{"skX":1.73,"skY":1.73},"duration":0}],"name":"Chujiao2"},{"frame":[{"curve":[0.333,0.33,0.757,1],"transform":{"skX":-10.22,"skY":-10.22},"duration":6},{"curve":[0.25,0,0.75,1],"transform":{"skX":8.33,"skY":8.33},"duration":7},{"curve":[0.25,0,0.75,1],"transform":{"skX":-14.42,"skY":-14.42},"duration":8},{"curve":[0.25,0,0.75,1],"transform":{"skX":8.33,"skY":8.33},"duration":7},{"curve":[0.275,0,0.62,0.4],"transform":{"skX":-14.42,"skY":-14.42},"duration":2},{"transform":{"skX":-10.22,"skY":-10.22},"duration":0}],"name":"5-3"},{"frame":[{"curve":[0.358,0.42,0.755,1],"transform":{"skX":1.42,"skY":1.42},"duration":5},{"curve":[0.25,0,0.75,1],"transform":{"skX":-10.65,"skY":-10.65},"duration":7},{"curve":[0.25,0,0.75,1],"transform":{"skX":14.78,"skY":14.78},"duration":8},{"curve":[0.25,0,0.75,1],"transform":{"skX":-10.65,"skY":-10.65},"duration":7},{"curve":[0.26,0,0.617,0.44],"transform":{"skX":18.26,"skY":18.26},"duration":3},{"transform":{"skX":1.42,"skY":1.42},"duration":0}],"name":"3-3"},{"frame":[{"curve":[0.38,0.59,0.726,1],"transform":{"scY":1.029,"skX":-4.56,"skY":-4.56,"scX":0.987},"duration":4},{"curve":[0.25,0,0.75,1],"transform":{"skX":-9.92,"skY":-9.92},"duration":15},{"curve":[0.242,0,0.662,0.65],"transform":{"scY":1.144,"skX":16.52,"skY":16.52,"scX":0.94},"duration":11},{"transform":{"scY":1.029,"skX":-4.56,"skY":-4.56,"scX":0.987},"duration":0}],"name":"Fin_B2"},{"frame":[{"curve":[0.364,0.63,0.7,1],"transform":{"skX":-6.16,"skY":-6.16},"duration":1},{"curve":[0.25,0,0.75,1],"transform":{"skX":-7.72,"skY":-7.72},"duration":7},{"curve":[0.25,0,0.75,1],"transform":{"skX":17.01,"skY":17.01},"duration":8},{"curve":[0.25,0,0.75,1],"transform":{"skX":-7.72,"skY":-7.72},"duration":7},{"curve":[0.244,0,0.702,0.8],"transform":{"skX":17.01,"skY":17.01},"duration":7},{"transform":{"skX":-6.16,"skY":-6.16},"duration":0}],"name":"3-1"},{"frame":[{"curve":[0.333,0.33,0.757,1],"transform":{"skX":-5.41,"skY":-5.41},"duration":6},{"curve":[0.25,0,0.75,1],"transform":{"skX":-13.9,"skY":-13.9},"duration":7},{"curve":[0.25,0,0.75,1],"transform":{"skX":-3.5,"skY":-3.5},"duration":8},{"curve":[0.25,0,0.75,1],"transform":{"skX":-26.79,"skY":-26.79},"duration":7},{"curve":[0.275,0,0.62,0.4],"transform":{"skX":-3.5,"skY":-3.5},"duration":2},{"transform":{"skX":-5.41,"skY":-5.41},"duration":0}],"name":"1-4"},{"frame":[{"curve":[0.25,0,0.75,1],"transform":{"skX":-8.96,"skY":-8.96},"duration":8},{"curve":[0.25,0,0.75,1],"transform":{"skX":-9.47,"skY":-9.47},"duration":7},{"curve":[0.25,0,0.75,1],"transform":{"skX":-8.96,"skY":-8.96},"duration":8},{"curve":[0.25,0,0.75,1],"transform":{"skX":-20.69,"skY":-20.69},"duration":7},{"transform":{"skX":-8.96,"skY":-8.96},"duration":0}],"name":"2-4"},{"frame":[{"curve":[0.374,0.61,0.715,1],"transform":{"skX":-5.05,"skY":-5.05},"duration":3},{"curve":[0.25,0,0.75,1],"transform":{"skX":-5.57,"skY":-5.57},"duration":15},{"curve":[0.242,0,0.679,0.71],"transform":{"skX":-1.59,"skY":-1.59},"duration":12},{"transform":{"skX":-5.05,"skY":-5.05},"duration":0}],"name":"Head"},{"frame":[{"curve":[0.382,0.55,0.739,1],"transform":{"skX":-1.38,"skY":-1.38},"duration":3},{"curve":[0.25,0,0.75,1],"transform":{"skX":11.39,"skY":11.39},"duration":7},{"curve":[0.25,0,0.75,1],"transform":{"skX":-26.65,"skY":-26.65},"duration":8},{"curve":[0.25,0,0.75,1],"transform":{"skX":11.39,"skY":11.39},"duration":7},{"curve":[0.244,0,0.641,0.57],"transform":{"skX":-26.65,"skY":-26.65},"duration":5},{"transform":{"skX":-1.38,"skY":-1.38},"duration":0}],"name":"5-2"},{"frame":[{"curve":[0.362,0.44,0.754,1],"transform":{"scY":1.003,"skX":-0.44,"skY":-0.44,"scX":0.993},"duration":9},{"curve":[0.25,0,0.75,1],"transform":{"skX":7.08,"skY":7.08},"duration":15},{"curve":[0.257,0,0.618,0.45],"transform":{"scY":1.005,"skX":-4.83,"skY":-4.83,"scX":0.99},"duration":6},{"transform":{"scY":1.003,"skX":-0.44,"skY":-0.44,"scX":0.993},"duration":0}],"name":"body3"},{"frame":[{"curve":[0.374,0.61,0.715,1],"transform":{"scY":1.002,"skX":-1.35,"skY":-1.35,"scX":0.999},"duration":3},{"curve":[0.25,0,0.75,1],"transform":{"skX":358.81,"skY":358.81},"duration":15},{"curve":[0.242,0,0.679,0.71],"transform":{"scY":1.016,"skX":-2.46,"skY":-2.46,"scX":0.993},"duration":12},{"transform":{"scY":1.002,"skX":-1.35,"skY":-1.35,"scX":0.999},"duration":0}],"name":"Body"},{"frame":[{"curve":[0.382,0.57,0.735,1],"transform":{"skX":-4.08,"skY":-4.08},"duration":5},{"curve":[0.25,0,0.75,1],"transform":{"skX":-6.84,"skY":-6.84},"duration":15},{"curve":[0.243,0,0.648,0.6],"transform":{"skX":2.87,"skY":2.87},"duration":10},{"transform":{"skX":-4.08,"skY":-4.08},"duration":0}],"name":"Chujiao"},{"frame":[{"curve":[0.358,0.42,0.755,1],"transform":{"skX":-8.41,"skY":-8.41},"duration":5},{"curve":[0.25,0,0.75,1],"transform":{"skX":13.89,"skY":13.89},"duration":7},{"curve":[0.25,0,0.75,1],"transform":{"skX":-19.69,"skY":-19.69},"duration":8},{"curve":[0.25,0,0.75,1],"transform":{"skX":13.89,"skY":13.89},"duration":7},{"curve":[0.26,0,0.617,0.44],"transform":{"skX":-19.69,"skY":-19.69},"duration":3},{"transform":{"skX":-8.41,"skY":-8.41},"duration":0}],"name":"6-2"},{"frame":[{"curve":[0.375,0.5,0.75,1],"transform":{"skX":-12.39,"skY":-12.39},"duration":4},{"curve":[0.25,0,0.75,1],"transform":{"skX":10.3,"skY":10.3},"duration":7},{"curve":[0.25,0,0.75,1],"transform":{"skX":-35.08,"skY":-35.08},"duration":8},{"curve":[0.25,0,0.75,1],"transform":{"skX":10.3,"skY":10.3},"duration":7},{"curve":[0.25,0,0.625,0.5],"transform":{"skX":-35.08,"skY":-35.08},"duration":4},{"transform":{"skX":-12.39,"skY":-12.39},"duration":0}],"name":"7-2"},{"frame":[{"curve":[0.358,0.42,0.755,1],"transform":{"skX":30.82,"skY":30.82},"duration":5},{"curve":[0.25,0,0.75,1],"transform":{"skX":-8.52,"skY":-8.52},"duration":7},{"curve":[0.25,0,0.75,1],"transform":{"skX":50.71,"skY":50.71},"duration":8},{"curve":[0.25,0,0.75,1],"transform":{"skX":-8.52,"skY":-8.52},"duration":7},{"curve":[0.26,0,0.617,0.44],"transform":{"skX":50.71,"skY":50.71},"duration":3},{"transform":{"skX":30.82,"skY":30.82},"duration":0}],"name":"4-2"},{"frame":[{"curve":[0.32,0.28,0.757,1],"transform":{"scY":1.024,"skX":-0.75,"skY":-0.75,"scX":0.926},"duration":12},{"curve":[0.25,0,0.75,1],"transform":{"skX":10.56,"skY":10.56},"duration":15},{"curve":[0.284,0,0.625,0.38],"transform":{"scY":1.027,"skX":-2.44,"skY":-2.44,"scX":0.915},"duration":3},{"transform":{"scY":1.024,"skX":-0.75,"skY":-0.75,"scX":0.926},"duration":0}],"name":"Tail"},{"frame":[{"curve":[0.333,0.33,0.757,1],"transform":{"skX":-7.37,"skY":-7.37},"duration":6},{"curve":[0.25,0,0.75,1],"transform":{"skX":-12.54,"skY":-12.54},"duration":7},{"curve":[0.25,0,0.75,1],"transform":{"skX":-6.2,"skY":-6.2},"duration":8},{"curve":[0.25,0,0.75,1],"transform":{"skX":-20.83,"skY":-20.83},"duration":7},{"curve":[0.275,0,0.62,0.4],"transform":{"skX":-6.2,"skY":-6.2},"duration":2},{"transform":{"skX":-7.37,"skY":-7.37},"duration":0}],"name":"3-4"},{"frame":[{"curve":[0.379,0.6,0.724,1],"transform":{"skX":-4.1,"skY":-4.1},"duration":2},{"curve":[0.25,0,0.75,1],"transform":{"skX":0.45,"skY":0.45},"duration":7},{"curve":[0.25,0,0.75,1],"transform":{"skX":-24.26,"skY":-24.26},"duration":8},{"curve":[0.25,0,0.75,1],"transform":{"skX":0.45,"skY":0.45},"duration":7},{"curve":[0.242,0,0.666,0.66],"transform":{"skX":-24.26,"skY":-24.26},"duration":6},{"transform":{"skX":-4.1,"skY":-4.1},"duration":0}],"name":"8-2"},{"frame":[{"curve":[0.333,0.33,0.757,1],"transform":{"skX":-0.92,"skY":-0.92},"duration":6},{"curve":[0.25,0,0.75,1],"transform":{"skX":-11.31,"skY":-11.31},"duration":7},{"curve":[0.25,0,0.75,1],"transform":{"skX":1.43,"skY":1.43},"duration":8},{"curve":[0.25,0,0.75,1],"transform":{"skX":-11.31,"skY":-11.31},"duration":7},{"curve":[0.275,0,0.62,0.4],"transform":{"skX":1.43,"skY":1.43},"duration":2},{"transform":{"skX":-0.92,"skY":-0.92},"duration":0}],"name":"2-3"},{"frame":[{"curve":[0.365,0.63,0.702,1],"transform":{"scY":1.008,"skX":-10.11,"skY":-10.11,"scX":0.995},"duration":2},{"curve":[0.25,0,0.75,1],"transform":{"skX":-11.4,"skY":-11.4},"duration":15},{"curve":[0.244,0,0.699,0.78],"transform":{"scY":1.116,"skX":7.04,"skY":7.04,"scX":0.928},"duration":13},{"transform":{"scY":1.008,"skX":-10.11,"skY":-10.11,"scX":0.995},"duration":0}],"name":"Fin_B1"},{"frame":[{"curve":[0.382,0.55,0.739,1],"transform":{"skX":-1.6,"skY":-1.6},"duration":3},{"curve":[0.25,0,0.75,1],"transform":{"skX":5.16,"skY":5.16},"duration":7},{"curve":[0.25,0,0.75,1],"transform":{"skX":-14.99,"skY":-14.99},"duration":8},{"curve":[0.25,0,0.75,1],"transform":{"skX":5.16,"skY":5.16},"duration":7},{"curve":[0.244,0,0.641,0.57],"transform":{"skX":-14.99,"skY":-14.99},"duration":5},{"transform":{"skX":-1.6,"skY":-1.6},"duration":0}],"name":"6-1"},{"frame":[{"curve":[0.381,0.54,0.742,1],"transform":{"skX":-5.27,"skY":-5.27},"duration":6},{"curve":[0.25,0,0.75,1],"transform":{"skX":-17.58,"skY":-17.58},"duration":15},{"curve":[0.25,0,0.75,1],"transform":{"skX":15.87,"skY":15.87},"duration":9},{"transform":{"skX":-5.27,"skY":-5.27},"duration":0}],"name":"Tail5"},{"frame":[{"transform":{},"duration":30}],"name":"root"},{"frame":[{"transform":{},"duration":30}],"name":"Fuji"},{"frame":[{"transform":{},"duration":30}],"name":"buff_flo"},{"frame":[{"transform":{},"duration":30}],"name":"buff_up"},{"frame":[{"transform":{},"duration":30}],"name":"buff_mid"}],"slot":[{"frame":[{"curve":[0.25,0,0.75,1],"duration":15},{"curve":[0.25,0,0.75,1],"color":{"gM":48,"bM":0,"aM":74},"duration":15},{"tweenEasing":null,"duration":0}],"name":"Light"}],"ffd":[],"frame":[],"name":"0001_yidong","duration":30,"ik":[]},{"bone":[{"frame":[{"curve":[0.25,0,0.75,1],"transform":{"skX":10.83,"skY":10.83},"duration":5},{"transform":{"skX":-36.68,"skY":-36.68},"duration":4},{"transform":{"skX":-36.68,"skY":-36.68},"duration":3},{"curve":[0.25,0,0.967,0.66],"transform":{"skX":-36.68,"skY":-36.68},"duration":3},{"curve":[0.25,0,0.75,1],"transform":{"skX":12.83,"skY":12.83},"duration":15},{"transform":{"skX":10.83,"skY":10.83},"duration":0}],"name":"4-1"},{"frame":[{"curve":[0.25,0,0.75,1],"transform":{"skX":1.91,"skY":1.91},"duration":5},{"curve":[0.25,0,0.75,1],"transform":{"scY":0.965,"skX":-18.48,"skY":-18.48,"scX":0.911},"duration":7},{"curve":[0.25,0,0.967,0.66],"transform":{"scY":0.966,"skX":-11.37,"skY":-11.37,"scX":0.968},"duration":3},{"curve":[0.25,0,0.75,1],"transform":{"scY":0.92,"skX":19.7,"skY":19.7,"scX":1.108},"duration":2},{"curve":[0.25,0,0.75,1],"transform":{"scY":0.978,"skX":9.53,"skY":9.53,"scX":1.038},"duration":13},{"transform":{"skX":1.91,"skY":1.91},"duration":0}],"name":"Tail2"},{"frame":[{"curve":[0.25,0,0.75,1],"transform":{"skX":8.7,"skY":8.7},"duration":5},{"transform":{"skX":24.45,"skY":24.45},"duration":4},{"transform":{"skX":24.45,"skY":24.45},"duration":3},{"curve":[0.25,0,0.967,0.66],"transform":{"skX":24.45,"skY":24.45},"duration":3},{"curve":[0.25,0,0.75,1],"transform":{"skX":2.36,"skY":2.36},"duration":15},{"transform":{"skX":8.7,"skY":8.7},"duration":0}],"name":"6-4"},{"frame":[{"curve":[0.25,0,0.75,1],"transform":{"skX":7.54,"skY":7.54},"duration":5},{"transform":{"skX":31.79,"skY":31.79},"duration":4},{"transform":{"skX":31.79,"skY":31.79},"duration":3},{"curve":[0.25,0,0.967,0.66],"transform":{"skX":31.79,"skY":31.79},"duration":3},{"curve":[0.25,0,0.75,1],"transform":{"skX":1.71,"skY":1.71},"duration":15},{"transform":{"skX":7.54,"skY":7.54},"duration":0}],"name":"5-4"},{"frame":[{"curve":[0.25,0,0.75,1],"transform":{"scY":0.976,"skX":3.99,"skY":3.99,"scX":1.022},"duration":5},{"curve":[0.25,0,0.75,1],"transform":{"scY":0.976,"skX":21.34,"skY":21.34,"scX":1.022},"duration":4},{"curve":[0.25,0,0.75,1],"transform":{"scY":0.976,"skX":18.05,"skY":18.05,"scX":1.022},"duration":3},{"curve":[0.25,0,0.967,0.66],"transform":{"scY":0.976,"skX":23.49,"skY":23.49,"scX":1.022},"duration":3},{"curve":[0.25,0,0.75,1],"transform":{"scY":0.976,"skX":-6.85,"skY":-6.85,"scX":1.022},"duration":15},{"transform":{"scY":0.976,"skX":3.99,"skY":3.99,"scX":1.022},"duration":0}],"name":"Fin_B3"},{"frame":[{"curve":[0.25,0,0.75,1],"transform":{"skX":8.02,"skY":8.02},"duration":5},{"transform":{"skX":27.45,"skY":27.45},"duration":4},{"transform":{"skX":27.45,"skY":27.45},"duration":3},{"curve":[0.25,0,0.967,0.66],"transform":{"skX":27.45,"skY":27.45},"duration":3},{"curve":[0.25,0,0.75,1],"transform":{"skX":-2.68,"skY":-2.68},"duration":15},{"transform":{"skX":8.02,"skY":8.02},"duration":0}],"name":"7-4"},{"frame":[{"curve":[0.25,0,0.75,1],"transform":{},"duration":5},{"curve":[0.25,0,0.75,1],"transform":{"skX":9.79,"skY":9.79},"duration":4},{"curve":[0.25,0,0.75,1],"transform":{"skX":-15.06,"skY":-15.06},"duration":3},{"curve":[0.25,0,0.967,0.66],"transform":{"skX":-15.19,"skY":-15.19},"duration":3},{"curve":[0.25,0,0.75,1],"transform":{"skX":34.17,"skY":34.17},"duration":15},{"transform":{},"duration":0}],"name":"Fin_X"},{"frame":[{"curve":[0.25,0,0.75,1],"transform":{"scY":1.024,"skX":1.65,"skY":1.65,"scX":1.024},"duration":12},{"curve":[0.25,0,0.967,0.66],"transform":{"scY":1.024,"skX":6.59,"skY":6.59,"scX":1.024},"duration":3},{"curve":[0.25,0,0.75,1],"transform":{"scY":1.024,"skX":-1.66,"skY":-1.66,"scX":1.024},"duration":15},{"transform":{"scY":1.024,"skX":1.65,"skY":1.65,"scX":1.024},"duration":0}],"name":"Light"},{"frame":[{"curve":[0.25,0,0.75,1],"transform":{"skX":-6.04,"skY":-6.04},"duration":5},{"transform":{"skX":-55.69,"skY":-55.69},"duration":4},{"transform":{"skX":-55.69,"skY":-55.69},"duration":3},{"curve":[0.25,0,0.967,0.66],"transform":{"skX":-55.69,"skY":-55.69},"duration":3},{"curve":[0.25,0,0.75,1],"transform":{"skX":117.05,"skY":117.05},"duration":15},{"transform":{"skX":-6.04,"skY":-6.04},"duration":0}],"name":"8-1"},{"frame":[{"curve":[0.25,0,0.75,1],"transform":{"skX":7.4,"skY":7.4},"duration":5},{"transform":{"skX":-121.14,"skY":-121.14},"duration":4},{"transform":{"skX":-121.14,"skY":-121.14},"duration":3},{"curve":[0.25,0,0.967,0.66],"transform":{"skX":-121.14,"skY":-121.14},"duration":3},{"curve":[0.25,0,0.75,1],"transform":{"skX":-0.49,"skY":-0.49},"duration":15},{"transform":{"skX":7.4,"skY":7.4},"duration":0}],"name":"1-1"},{"frame":[{"curve":[0.25,0,0.75,1],"transform":{"skX":9.46,"skY":9.46},"duration":5},{"transform":{"skX":-101.1,"skY":-101.1},"duration":4},{"transform":{"skX":-101.1,"skY":-101.1},"duration":3},{"curve":[0.25,0,0.967,0.66],"transform":{"skX":-101.1,"skY":-101.1},"duration":3},{"curve":[0.25,0,0.75,1],"transform":{"skX":0.14,"skY":0.14},"duration":15},{"transform":{"skX":9.46,"skY":9.46},"duration":0}],"name":"2-1"},{"frame":[{"curve":[0.25,0,0.75,1],"transform":{},"duration":5},{"curve":[0.25,0,0.75,1],"transform":{"y":-25.63,"skX":0.93,"skY":0.93,"x":-43.96},"duration":4},{"curve":[0.25,0,0.75,1],"transform":{"y":-35.55,"skX":0.93,"skY":0.93,"x":-34.3},"duration":3},{"curve":[0.25,0,0.967,0.66],"transform":{"y":-42.32,"skX":0.59,"skY":0.59,"x":-53.04},"duration":3},{"curve":[0.25,0,0.75,1],"transform":{"y":1.17,"skX":5.89,"skY":5.89,"x":166.93},"duration":2},{"curve":[0.25,0,0.75,1],"transform":{"y":1.09,"skX":2.45,"skY":2.45,"x":99.81},"duration":13},{"transform":{},"duration":0}],"name":"bip"},{"frame":[{"curve":[0.25,0,0.75,1],"transform":{"skX":4.72,"skY":4.72},"duration":5},{"curve":[0.25,0,0.75,1],"transform":{"scY":1.067,"skX":0.59,"skY":0.59,"scX":0.738},"duration":7},{"curve":[0.25,0,0.967,0.66],"transform":{"scY":1.141,"skX":15.44,"skY":15.44,"scX":0.701},"duration":3},{"curve":[0.25,0,0.75,1],"transform":{"scY":0.924,"skX":25.83,"skY":25.83,"scX":1.017},"duration":2},{"curve":[0.25,0,0.75,1],"transform":{"scY":0.954,"skX":20.06,"skY":20.06,"scX":0.971},"duration":13},{"transform":{"skX":4.72,"skY":4.72},"duration":0}],"name":"Tail4"},{"frame":[{"curve":[0.25,0,0.75,1],"transform":{"skX":3.67,"skY":3.67},"duration":5},{"curve":[0.25,0,0.75,1],"transform":{"skX":-7.57,"skY":-7.57},"duration":7},{"curve":[0.25,0,0.967,0.66],"transform":{"skX":-3.17,"skY":-3.17},"duration":3},{"curve":[0.25,0,0.75,1],"transform":{"skX":23.25,"skY":23.25},"duration":2},{"curve":[0.25,0,0.75,1],"transform":{"skX":27.12,"skY":27.12},"duration":13},{"transform":{"skX":3.67,"skY":3.67},"duration":0}],"name":"Tail3"},{"frame":[{"curve":[0.25,0,0.75,1],"transform":{"scY":0.966,"skX":3.2,"skY":3.2,"scX":1.067},"duration":5},{"curve":[0.25,0,0.75,1],"transform":{"scY":0.966,"skX":10.49,"skY":10.49,"scX":1.067},"duration":4},{"curve":[0.25,0,0.75,1],"transform":{"scY":0.966,"skX":-5.06,"skY":-5.06,"scX":1.067},"duration":3},{"curve":[0.25,0,0.967,0.66],"transform":{"scY":0.966,"skX":3.25,"skY":3.25,"scX":1.067},"duration":3},{"curve":[0.25,0,0.75,1],"transform":{"scY":0.966,"skX":-20.6,"skY":-20.6,"scX":1.067},"duration":15},{"transform":{"scY":0.966,"skX":3.2,"skY":3.2,"scX":1.067},"duration":0}],"name":"Fin_B4"},{"frame":[{"curve":[0.25,0,0.75,1],"transform":{"skX":5.54,"skY":5.54},"duration":12},{"curve":[0.25,0,0.967,0.66],"transform":{"skX":23.09,"skY":23.09},"duration":3},{"curve":[0.25,0,0.75,1],"transform":{"skX":2.07,"skY":2.07},"duration":15},{"transform":{"skX":5.54,"skY":5.54},"duration":0}],"name":"Chujiao3"},{"frame":[{"curve":[0.25,0,0.75,1],"transform":{"skX":2.17,"skY":2.17},"duration":5},{"curve":[0.25,0,0.75,1],"transform":{"skX":69.74,"skY":69.74},"duration":4},{"curve":[0.25,0,0.75,1],"transform":{"skX":53.41,"skY":53.41},"duration":3},{"curve":[0.25,0,0.967,0.66],"transform":{"skX":69.74,"skY":69.74},"duration":3},{"curve":[0.25,0,0.75,1],"transform":{"skX":-37.72,"skY":-37.72},"duration":15},{"transform":{"skX":2.17,"skY":2.17},"duration":0}],"name":"1-2"},{"frame":[{"curve":[0.25,0,0.75,1],"transform":{"skX":3.67,"skY":3.67},"duration":5},{"curve":[0.25,0,0.75,1],"transform":{"skX":82.47,"skY":82.47},"duration":4},{"curve":[0.25,0,0.75,1],"transform":{"skX":54.27,"skY":54.27},"duration":3},{"curve":[0.25,0,0.967,0.66],"transform":{"skX":82.47,"skY":82.47},"duration":3},{"curve":[0.25,0,0.75,1],"transform":{"skX":-33.55,"skY":-33.55},"duration":15},{"transform":{"skX":3.67,"skY":3.67},"duration":0}],"name":"2-2"},{"frame":[{"curve":[0.25,0,0.75,1],"transform":{"scY":0.933,"skX":3.22,"skY":3.22,"scX":1.092},"duration":5},{"curve":[0.25,0,0.75,1],"transform":{"scY":0.933,"skX":8.21,"skY":8.21,"scX":1.092},"duration":4},{"curve":[0.25,0,0.75,1],"transform":{"scY":0.933,"skX":-1.96,"skY":-1.96,"scX":1.092},"duration":3},{"curve":[0.25,0,0.967,0.66],"transform":{"scY":0.933,"skX":3.94,"skY":3.94,"scX":1.092},"duration":3},{"curve":[0.25,0,0.75,1],"transform":{"scY":0.933,"skX":-17.05,"skY":-17.05,"scX":1.092},"duration":15},{"transform":{"scY":0.933,"skX":3.22,"skY":3.22,"scX":1.092},"duration":0}],"name":"Fin_B6"},{"frame":[{"curve":[0.25,0,0.75,1],"transform":{"skX":1.64,"skY":1.64},"duration":5},{"transform":{"skX":2.69,"skY":2.69},"duration":4},{"transform":{"skX":2.69,"skY":2.69},"duration":3},{"curve":[0.25,0,0.967,0.66],"transform":{"skX":2.69,"skY":2.69},"duration":3},{"curve":[0.25,0,0.75,1],"transform":{"skX":-77.81,"skY":-77.81},"duration":15},{"transform":{"skX":1.64,"skY":1.64},"duration":0}],"name":"6-3"},{"frame":[{"curve":[0.25,0,0.75,1],"transform":{"scY":1.004,"skX":-1.77,"skY":-1.77,"scX":0.998},"duration":5},{"curve":[0.25,0,0.75,1],"transform":{"scY":1.025,"skX":-11.9,"skY":-11.9,"scX":0.963},"duration":7},{"curve":[0.25,0,0.967,0.66],"transform":{"scY":1.022,"skX":-22.47,"skY":-22.47,"scX":0.906},"duration":3},{"curve":[0.25,0,0.75,1],"transform":{"scY":0.975,"skX":-0.59,"skY":-0.59,"scX":1.009},"duration":2},{"curve":[0.25,0,0.75,1],"transform":{"scY":0.985,"skX":-4.92,"skY":-4.92,"scX":0.99},"duration":13},{"transform":{"scY":1.004,"skX":-1.77,"skY":-1.77,"scX":0.998},"duration":0}],"name":"body2"},{"frame":[{"curve":[0.25,0,0.75,1],"transform":{"scY":0.904,"skX":1.22,"skY":1.22,"scX":1.061},"duration":5},{"curve":[0.25,0,0.75,1],"transform":{"scY":0.904,"skX":7.98,"skY":7.98,"scX":1.061},"duration":4},{"curve":[0.25,0,0.75,1],"transform":{"scY":0.904,"skX":-5.37,"skY":-5.37,"scX":1.061},"duration":3},{"curve":[0.25,0,0.967,0.66],"transform":{"scY":0.904,"skX":6.79,"skY":6.79,"scX":1.061},"duration":3},{"curve":[0.25,0,0.75,1],"transform":{"scY":0.904,"skX":-21.36,"skY":-21.36,"scX":1.061},"duration":15},{"transform":{"scY":0.904,"skX":1.22,"skY":1.22,"scX":1.061},"duration":0}],"name":"Fin_B5"},{"frame":[{"curve":[0.25,0,0.75,1],"transform":{"skX":-3.61,"skY":-3.61},"duration":5},{"transform":{"skX":-49,"skY":-49},"duration":4},{"transform":{"skX":-49,"skY":-49},"duration":3},{"curve":[0.25,0,0.967,0.66],"transform":{"skX":-49,"skY":-49},"duration":3},{"curve":[0.25,0,0.75,1],"transform":{"skX":135.94,"skY":135.94},"duration":15},{"transform":{"skX":-3.61,"skY":-3.61},"duration":0}],"name":"5-1"},{"frame":[{"curve":[0.25,0,0.75,1],"transform":{"skX":-5.17,"skY":-5.17},"duration":5},{"transform":{"skX":-44.09,"skY":-44.09},"duration":4},{"transform":{"skX":-44.09,"skY":-44.09},"duration":3},{"curve":[0.25,0,0.967,0.66],"transform":{"skX":-44.09,"skY":-44.09},"duration":3},{"curve":[0.25,0,0.75,1],"transform":{"skX":131.06,"skY":131.06},"duration":15},{"transform":{"skX":-5.17,"skY":-5.17},"duration":0}],"name":"7-1"},{"frame":[{"curve":[0.25,0,0.75,1],"transform":{"skX":-4.62,"skY":-4.62},"duration":5},{"curve":[0.25,0,0.75,1],"transform":{"skX":-24.15,"skY":-24.15},"duration":4},{"curve":[0.25,0,0.75,1],"transform":{"skX":-10.17,"skY":-10.17},"duration":3},{"curve":[0.25,0,0.967,0.66],"transform":{"skX":-24.15,"skY":-24.15},"duration":3},{"curve":[0.25,0,0.75,1],"transform":{"skX":90.52,"skY":90.52},"duration":15},{"transform":{"skX":-4.62,"skY":-4.62},"duration":0}],"name":"4-3"},{"frame":[{"curve":[0.25,0,0.75,1],"transform":{"skX":2.37,"skY":2.37},"duration":5},{"transform":{"skX":4.39,"skY":4.39},"duration":4},{"transform":{"skX":4.39,"skY":4.39},"duration":3},{"curve":[0.25,0,0.967,0.66],"transform":{"skX":4.39,"skY":4.39},"duration":3},{"curve":[0.25,0,0.75,1],"transform":{"skX":-104.2,"skY":-104.2},"duration":15},{"transform":{"skX":2.37,"skY":2.37},"duration":0}],"name":"7-3"},{"frame":[{"curve":[0.25,0,0.75,1],"transform":{"skX":-11.51,"skY":-11.51},"duration":5},{"curve":[0.25,0,0.75,1],"transform":{"skX":-39.61,"skY":-39.61},"duration":4},{"curve":[0.25,0,0.75,1],"transform":{"skX":-32.41,"skY":-32.41},"duration":3},{"curve":[0.25,0,0.967,0.66],"transform":{"skX":-45.76,"skY":-45.76},"duration":3},{"curve":[0.25,0,0.75,1],"transform":{"skX":8.44,"skY":8.44},"duration":15},{"transform":{"skX":-11.51,"skY":-11.51},"duration":0}],"name":"4-4"},{"frame":[{"curve":[0.25,0,0.75,1],"transform":{"skX":11.8,"skY":11.8},"duration":5},{"transform":{"skX":15.48,"skY":15.48},"duration":4},{"transform":{"skX":15.48,"skY":15.48},"duration":3},{"curve":[0.25,0,0.967,0.66],"transform":{"skX":15.48,"skY":15.48},"duration":3},{"curve":[0.25,0,0.75,1],"transform":{"skX":-5.99,"skY":-5.99},"duration":15},{"transform":{"skX":11.8,"skY":11.8},"duration":0}],"name":"8-4"},{"frame":[{"curve":[0.25,0,0.75,1],"transform":{"skX":4.71,"skY":4.71},"duration":5},{"curve":[0.25,0,0.75,1],"transform":{"skX":78.31,"skY":78.31},"duration":4},{"curve":[0.25,0,0.75,1],"transform":{"skX":65.61,"skY":65.61},"duration":3},{"curve":[0.25,0,0.967,0.66],"transform":{"skX":78.31,"skY":78.31},"duration":3},{"curve":[0.25,0,0.75,1],"transform":{"skX":-43.77,"skY":-43.77},"duration":15},{"transform":{"skX":4.71,"skY":4.71},"duration":0}],"name":"3-2"},{"frame":[{"curve":[0.25,0,0.75,1],"transform":{"skX":4.54,"skY":4.54},"duration":5},{"transform":{"skX":17.93,"skY":17.93},"duration":4},{"transform":{"skX":17.93,"skY":17.93},"duration":3},{"curve":[0.25,0,0.967,0.66],"transform":{"skX":17.93,"skY":17.93},"duration":3},{"curve":[0.25,0,0.75,1],"transform":{"skX":-86.09,"skY":-86.09},"duration":15},{"transform":{"skX":4.54,"skY":4.54},"duration":0}],"name":"8-3"},{"frame":[{"curve":[0.25,0,0.75,1],"transform":{"skX":-0.92,"skY":-0.92},"duration":5},{"curve":[0.25,0,0.75,1],"transform":{"skX":-30.86,"skY":-30.86},"duration":4},{"curve":[0.25,0,0.75,1],"transform":{"skX":-16.03,"skY":-16.03},"duration":3},{"curve":[0.25,0,0.967,0.66],"transform":{"skX":-30.86,"skY":-30.86},"duration":3},{"curve":[0.25,0,0.75,1],"transform":{"skX":87.77,"skY":87.77},"duration":15},{"transform":{"skX":-0.92,"skY":-0.92},"duration":0}],"name":"1-3"},{"frame":[{"curve":[0.25,0,0.75,1],"transform":{"skX":4.23,"skY":4.23},"duration":12},{"curve":[0.25,0,0.967,0.66],"transform":{"skX":20.56,"skY":20.56},"duration":3},{"curve":[0.25,0,0.75,1],"transform":{"skX":1.95,"skY":1.95},"duration":15},{"transform":{"skX":4.23,"skY":4.23},"duration":0}],"name":"Chujiao2"},{"frame":[{"curve":[0.25,0,0.75,1],"transform":{"skX":-0.3,"skY":-0.3},"duration":5},{"transform":{"skX":5.99,"skY":5.99},"duration":4},{"transform":{"skX":5.99,"skY":5.99},"duration":3},{"curve":[0.25,0,0.967,0.66],"transform":{"skX":5.99,"skY":5.99},"duration":3},{"curve":[0.25,0,0.75,1],"transform":{"skX":-95.38,"skY":-95.38},"duration":15},{"transform":{"skX":-0.3,"skY":-0.3},"duration":0}],"name":"5-3"},{"frame":[{"curve":[0.25,0,0.75,1],"transform":{"skX":-2.98,"skY":-2.98},"duration":5},{"curve":[0.25,0,0.75,1],"transform":{"skX":-26.36,"skY":-26.36},"duration":4},{"curve":[0.25,0,0.75,1],"transform":{"skX":-14.88,"skY":-14.88},"duration":3},{"curve":[0.25,0,0.967,0.66],"transform":{"skX":-26.36,"skY":-26.36},"duration":3},{"curve":[0.25,0,0.75,1],"transform":{"skX":82.27,"skY":82.27},"duration":15},{"transform":{"skX":-2.98,"skY":-2.98},"duration":0}],"name":"3-3"},{"frame":[{"curve":[0.25,0,0.75,1],"transform":{"scY":0.986,"skX":2.25,"skY":2.25,"scX":1.008},"duration":5},{"curve":[0.25,0,0.75,1],"transform":{"scY":0.986,"skX":22.34,"skY":22.34,"scX":1.008},"duration":4},{"curve":[0.25,0,0.75,1],"transform":{"scY":0.986,"skX":-1.11,"skY":-1.11,"scX":1.008},"duration":3},{"curve":[0.25,0,0.967,0.66],"transform":{"scY":0.986,"skX":10.23,"skY":10.23,"scX":1.008},"duration":3},{"curve":[0.25,0,0.75,1],"transform":{"scY":0.986,"skX":-12.04,"skY":-12.04,"scX":1.008},"duration":15},{"transform":{"scY":0.986,"skX":2.25,"skY":2.25,"scX":1.008},"duration":0}],"name":"Fin_B2"},{"frame":[{"curve":[0.25,0,0.75,1],"transform":{"skX":10.38,"skY":10.38},"duration":5},{"transform":{"skX":-35.9,"skY":-35.9},"duration":4},{"transform":{"skX":-35.9,"skY":-35.9},"duration":3},{"curve":[0.25,0,0.967,0.66],"transform":{"skX":-35.9,"skY":-35.9},"duration":3},{"curve":[0.25,0,0.75,1],"transform":{"skX":23.55,"skY":23.55},"duration":15},{"transform":{"skX":10.38,"skY":10.38},"duration":0}],"name":"3-1"},{"frame":[{"curve":[0.25,0,0.75,1],"transform":{"skX":-5.55,"skY":-5.55},"duration":5},{"curve":[0.25,0,0.75,1],"transform":{"skX":-16.41,"skY":-16.41},"duration":4},{"curve":[0.25,0,0.75,1],"transform":{"skX":6.13,"skY":6.13},"duration":3},{"curve":[0.25,0,0.967,0.66],"transform":{"skX":-24.02,"skY":-24.02},"duration":3},{"curve":[0.25,0,0.75,1],"transform":{"skX":10.38,"skY":10.38},"duration":15},{"transform":{"skX":-5.55,"skY":-5.55},"duration":0}],"name":"1-4"},{"frame":[{"curve":[0.25,0,0.75,1],"transform":{"skX":-8.62,"skY":-8.62},"duration":5},{"curve":[0.25,0,0.75,1],"transform":{"skX":-42,"skY":-42},"duration":4},{"curve":[0.25,0,0.75,1],"transform":{"skX":-13.87,"skY":-13.87},"duration":3},{"curve":[0.25,0,0.967,0.66],"transform":{"skX":-39.88,"skY":-39.88},"duration":3},{"curve":[0.25,0,0.75,1],"transform":{"skX":3.78,"skY":3.78},"duration":15},{"transform":{"skX":-8.62,"skY":-8.62},"duration":0}],"name":"2-4"},{"frame":[{"curve":[0.25,0,0.75,1],"transform":{"scY":1.001,"skX":-0.03,"skY":-0.03,"scX":0.998},"duration":5},{"curve":[0.25,0,0.75,1],"transform":{"scY":1.027,"skX":-3.87,"skY":-3.87,"scX":0.988},"duration":7},{"curve":[0.25,0,0.967,0.66],"transform":{"scY":1.027,"skX":-1.56,"skY":-1.56,"scX":0.988},"duration":3},{"curve":[0.25,0,0.75,1],"transform":{"scY":0.979,"skX":0.37,"skY":0.37,"scX":1.035},"duration":2},{"curve":[0.25,0,0.75,1],"transform":{"scY":0.979,"skX":-2.63,"skY":-2.63,"scX":1.035},"duration":13},{"transform":{"scY":1.001,"skX":-0.03,"skY":-0.03,"scX":0.998},"duration":0}],"name":"Head"},{"frame":[{"curve":[0.25,0,0.75,1],"transform":{"skX":-0.87,"skY":-0.87},"duration":5},{"transform":{"skX":-21.29,"skY":-21.29},"duration":4},{"transform":{"skX":-21.29,"skY":-21.29},"duration":3},{"curve":[0.25,0,0.967,0.66],"transform":{"skX":-21.29,"skY":-21.29},"duration":3},{"curve":[0.25,0,0.75,1],"transform":{"skX":64.27,"skY":64.27},"duration":15},{"transform":{"skX":-0.87,"skY":-0.87},"duration":0}],"name":"5-2"},{"frame":[{"curve":[0.25,0,0.75,1],"transform":{"scY":1.005,"skX":-2.03,"skY":-2.03,"scX":0.997},"duration":5},{"curve":[0.25,0,0.75,1],"transform":{"scY":1.045,"skX":-15.42,"skY":-15.42,"scX":0.922},"duration":7},{"curve":[0.25,0,0.967,0.66],"transform":{"scY":1.097,"skX":-19.3,"skY":-19.3,"scX":0.859},"duration":3},{"curve":[0.25,0,0.75,1],"transform":{"scY":0.97,"skX":6.74,"skY":6.74,"scX":0.977},"duration":2},{"curve":[0.25,0,0.75,1],"transform":{"scY":0.999,"skX":9.61,"skY":9.61,"scX":0.935},"duration":13},{"transform":{"scY":1.005,"skX":-2.03,"skY":-2.03,"scX":0.997},"duration":0}],"name":"body3"},{"frame":[{"curve":[0.25,0,0.75,1],"transform":{"skX":-1.09,"skY":-1.09,"scX":0.999},"duration":5},{"curve":[0.25,0,0.75,1],"transform":{"scY":1.008,"skX":352.62,"skY":352.62,"scX":0.97},"duration":7},{"curve":[0.25,0,0.967,0.66],"transform":{"scY":1.03,"skX":353.08,"skY":353.08,"scX":0.942},"duration":3},{"curve":[0.25,0,0.75,1],"transform":{"scY":0.961,"skX":358.66,"skY":358.66,"scX":0.995},"duration":2},{"curve":[0.25,0,0.75,1],"transform":{"scY":0.972,"skX":356.24,"skY":356.24,"scX":0.987},"duration":13},{"transform":{"skX":-1.09,"skY":-1.09,"scX":0.999},"duration":0}],"name":"Body"},{"frame":[{"curve":[0.25,0,0.75,1],"transform":{"skX":1.96,"skY":1.96},"duration":12},{"curve":[0.25,0,0.967,0.66],"transform":{"skX":-12.38,"skY":-12.38},"duration":3},{"curve":[0.25,0,0.75,1],"transform":{"skX":0.4,"skY":0.4},"duration":15},{"transform":{"skX":1.96,"skY":1.96},"duration":0}],"name":"Chujiao"},{"frame":[{"curve":[0.25,0,0.75,1],"transform":{"skX":-1.68,"skY":-1.68},"duration":5},{"transform":{"skX":-23.85,"skY":-23.85},"duration":4},{"transform":{"skX":-23.85,"skY":-23.85},"duration":3},{"curve":[0.25,0,0.967,0.66],"transform":{"skX":-23.85,"skY":-23.85},"duration":3},{"curve":[0.25,0,0.75,1],"transform":{"skX":76.74,"skY":76.74},"duration":15},{"transform":{"skX":-1.68,"skY":-1.68},"duration":0}],"name":"6-2"},{"frame":[{"curve":[0.25,0,0.75,1],"transform":{"skX":-2.94,"skY":-2.94},"duration":5},{"transform":{"skX":-44.18,"skY":-44.18},"duration":4},{"transform":{"skX":-44.18,"skY":-44.18},"duration":3},{"curve":[0.25,0,0.967,0.66],"transform":{"skX":-44.18,"skY":-44.18},"duration":3},{"curve":[0.25,0,0.75,1],"transform":{"skX":96.07,"skY":96.07},"duration":15},{"transform":{"skX":-2.94,"skY":-2.94},"duration":0}],"name":"7-2"},{"frame":[{"curve":[0.25,0,0.75,1],"transform":{"skX":7.5,"skY":7.5},"duration":5},{"curve":[0.25,0,0.75,1],"transform":{"skX":78.95,"skY":78.95},"duration":4},{"curve":[0.25,0,0.75,1],"transform":{"skX":67.59,"skY":67.59},"duration":3},{"curve":[0.25,0,0.967,0.66],"transform":{"skX":78.95,"skY":78.95},"duration":3},{"curve":[0.25,0,0.75,1],"transform":{"skX":-16.54,"skY":-16.54},"duration":15},{"transform":{"skX":7.5,"skY":7.5},"duration":0}],"name":"4-2"},{"frame":[{"curve":[0.25,0,0.75,1],"transform":{"skX":0.57,"skY":0.57},"duration":5},{"curve":[0.25,0,0.75,1],"transform":{"scY":1.018,"skX":-7.31,"skY":-7.31,"scX":0.951},"duration":7},{"curve":[0.25,0,0.967,0.66],"transform":{"scY":0.96,"skX":-13.53,"skY":-13.53,"scX":0.874},"duration":3},{"curve":[0.25,0,0.75,1],"transform":{"scY":0.926,"skX":5.1,"skY":5.1,"scX":0.98},"duration":2},{"curve":[0.25,0,0.75,1],"transform":{"scY":0.972,"skX":3.36,"skY":3.36,"scX":0.903},"duration":13},{"transform":{"skX":0.57,"skY":0.57},"duration":0}],"name":"Tail"},{"frame":[{"curve":[0.25,0,0.75,1],"transform":{"skX":-10.48,"skY":-10.48},"duration":5},{"curve":[0.25,0,0.75,1],"transform":{"skX":-38.86,"skY":-38.86},"duration":4},{"curve":[0.25,0,0.75,1],"transform":{"skX":-20.57,"skY":-20.57},"duration":3},{"curve":[0.25,0,0.967,0.66],"transform":{"skX":-29.16,"skY":-29.16},"duration":3},{"curve":[0.25,0,0.75,1],"transform":{"skX":10.18,"skY":10.18},"duration":15},{"transform":{"skX":-10.48,"skY":-10.48},"duration":0}],"name":"3-4"},{"frame":[{"curve":[0.25,0,0.75,1],"transform":{"skX":-2.93,"skY":-2.93},"duration":5},{"transform":{"skX":-33.38,"skY":-33.38},"duration":4},{"transform":{"skX":-33.38,"skY":-33.38},"duration":3},{"curve":[0.25,0,0.967,0.66],"transform":{"skX":-33.38,"skY":-33.38},"duration":3},{"curve":[0.25,0,0.75,1],"transform":{"skX":86.03,"skY":86.03},"duration":15},{"transform":{"skX":-2.93,"skY":-2.93},"duration":0}],"name":"8-2"},{"frame":[{"curve":[0.25,0,0.75,1],"transform":{"skX":-3.34,"skY":-3.34},"duration":5},{"curve":[0.25,0,0.75,1],"transform":{"skX":-51.53,"skY":-51.53},"duration":4},{"curve":[0.25,0,0.75,1],"transform":{"skX":-20.55,"skY":-20.55},"duration":3},{"curve":[0.25,0,0.967,0.66],"transform":{"skX":-51.53,"skY":-51.53},"duration":3},{"curve":[0.25,0,0.75,1],"transform":{"skX":82.77,"skY":82.77},"duration":15},{"transform":{"skX":-3.34,"skY":-3.34},"duration":0}],"name":"2-3"},{"frame":[{"curve":[0.25,0,0.75,1],"transform":{"scY":0.992,"skX":-4.89,"skY":-4.89,"scX":1.003},"duration":5},{"curve":[0.25,0,0.75,1],"transform":{"scY":0.992,"skX":13.5,"skY":13.5,"scX":1.003},"duration":4},{"curve":[0.25,0,0.75,1],"transform":{"scY":0.992,"skX":-2.61,"skY":-2.61,"scX":1.003},"duration":3},{"curve":[0.25,0,0.967,0.66],"transform":{"scY":0.992,"skX":7.29,"skY":7.29,"scX":1.003},"duration":3},{"curve":[0.25,0,0.75,1],"transform":{"scY":0.992,"skX":-18.45,"skY":-18.45,"scX":1.003},"duration":15},{"transform":{"scY":0.992,"skX":-4.89,"skY":-4.89,"scX":1.003},"duration":0}],"name":"Fin_B1"},{"frame":[{"curve":[0.25,0,0.75,1],"transform":{"skX":-3.91,"skY":-3.91},"duration":5},{"transform":{"skX":-36.44,"skY":-36.44},"duration":4},{"transform":{"skX":-36.44,"skY":-36.44},"duration":3},{"curve":[0.25,0,0.967,0.66],"transform":{"skX":-36.44,"skY":-36.44},"duration":3},{"curve":[0.25,0,0.75,1],"transform":{"skX":139.58,"skY":139.58},"duration":15},{"transform":{"skX":-3.91,"skY":-3.91},"duration":0}],"name":"6-1"},{"frame":[{"curve":[0.25,0,0.75,1],"transform":{"skX":4.85,"skY":4.85},"duration":5},{"curve":[0.25,0,0.75,1],"transform":{"skX":-4.45,"skY":-4.45},"duration":7},{"curve":[0.25,0,0.967,0.66],"transform":{"skX":-15.03,"skY":-15.03},"duration":3},{"curve":[0.25,0,0.75,1],"transform":{"skX":-18.68,"skY":-18.68},"duration":2},{"curve":[0.25,0,0.75,1],"transform":{"skX":-19.19,"skY":-19.19},"duration":13},{"transform":{"skX":4.85,"skY":4.85},"duration":0}],"name":"Tail5"},{"frame":[{"transform":{},"duration":30}],"name":"root"},{"frame":[{"transform":{},"duration":30}],"name":"Fuji"},{"frame":[{"transform":{},"duration":30}],"name":"buff_flo"},{"frame":[{"transform":{},"duration":30}],"name":"buff_up"},{"frame":[{"transform":{},"duration":30}],"name":"buff_mid"}],"slot":[{"frame":[{"tweenEasing":null,"duration":30},{"tweenEasing":null,"duration":0}],"name":"Light"}],"ffd":[],"frame":[],"name":"0002_shifa","duration":30,"ik":[]}],"skin":[{"slot":[{"display":[{"vertices":[147.61,-149.02,129.95,-145.25,119,-136.73,118.98,-131.46,124.82,-130.17,135.39,-136.52,151.05,-141.03,170.34,-141.16,183.95,-136.77,183.45,-130.12,191.4,-121.93,199.94,-121.91,199.97,-134.12,195.38,-139.71,190.77,-140.61,175.46,-148.96,133.24,-140.68,149.51,-145.1,171.34,-145.17,188.27,-138.74],"uvs":[0.3493,-0.04,0.12583,0.11236,-0.01266,0.45452,-0.01266,0.66564,0.06133,0.71659,0.19495,0.4618,0.39307,0.2798,0.63727,0.27252,0.8097,0.44675,0.80368,0.71331,0.9046,1.04,1.01266,1.04,1.01266,0.55147,0.95431,0.32775,0.89604,0.29235,0.70186,-0.04,0.16768,0.29511,0.37355,0.11719,0.64978,0.11163,0.86444,0.3674],"path":"Chujiao","edges":[2,3,3,4,4,5,5,6,6,7,7,8,8,9,9,10,10,11,11,12,12,13,13,14,14,15,15,0,0,1,1,2],"triangles":[13,19,12,14,19,13,8,9,19,15,19,14,18,7,8,0,18,15,0,17,18,17,6,18,18,6,7,17,5,6,0,16,17,16,5,17,1,16,0,16,4,5,1,2,16,4,3,16,2,3,16,8,18,19,15,18,19,19,9,10,19,10,11,12,19,11],"type":"mesh","transform":{},"slotPose":[1,0,0,1,0,0],"userEdges":[3,16,16,17,17,18,18,19,19,11],"width":79,"bonePose":[13,0.918031663542588,-0.39650708030655424,0.39650708030655424,0.918031663542588,120.96706155880776,-133.3668694513271,26,0.9995335908367128,0.030538513209822593,-0.030538513209822593,0.9995335908367128,148.77570536825723,-145.32323718902936,31,0.8342709435292471,0.5513546887284262,-0.5513546887284262,0.8342709435292471,175.36574196557058,-144.59087542491503,41,0.8342709435292471,0.5513546887284262,-0.5513546887284262,0.8342709435292471,193.65395054528187,-129.49591179644034],"height":25,"name":"Chujiao","weights":[2,13,0.60597,26,0.39401,1,13,1,1,13,1,1,13,1,1,13,1,1,13,1,2,13,0.26006,26,0.73993,2,26,0.99571,31,0.00428,2,31,0.97998,41,0.02001,2,31,0.42788,41,0.57211,1,41,1,2,31,0.01543,41,0.98456,2,31,0.20999,41,0.79,1,31,1,1,31,1,2,26,0.70176,31,0.29823,1,13,1,2,13,0.5,26,0.5,1,26,1,1,31,1]}],"name":"Chujiao"},{"display":[{"path":"shenti","type":"image","name":"shenti","transform":{"y":-112.49,"x":-22.99}}],"name":"shenti"},{"display":[{"path":"8-2","type":"image","name":"8-2","transform":{"y":0.27,"skX":19.34,"skY":19.34,"x":8.92}}],"name":"8-2"},{"display":[{"vertices":[-0.3,-165.99,-29.88,-165.24,-57.82,-159.89,-86.17,-151.26,-120.99,-145.93,-120.99,-124.23,-120.99,-105.66,-91.93,-95.79,-62.74,-73.59,-38.49,-59.21,8.38,-33,69.21,-33.03,133.02,-46.13,133.01,-71.2,98.78,-74.88,76.99,-99.12,87.66,-127.47,106.15,-147.21,80.24,-166.02,9.82,-103,-53.35,-113.73,9.62,-137.54,-53.54,-140.49,3.71,-62.86,-55.52,-91.48],"uvs":[0.47505,-0.00763,0.35762,-0.00199,0.24672,0.03879,0.13418,0.10469,-0.00397,0.14547,-0.00397,0.31112,-0.00397,0.45293,0.11135,0.52823,0.22715,0.69765,0.32337,0.80746,0.5093,1.00763,0.75068,1.00763,1.00397,0.90785,1.00397,0.71648,0.86811,0.68824,0.78167,0.50314,0.82407,0.28665,0.89747,0.13606,0.79472,-0.00763,0.51511,0.47326,0.26446,0.39128,0.51435,0.20956,0.26369,0.18695,0.49085,0.77966,0.25586,0.56116],"path":"Body","edges":[4,5,5,6,6,7,7,8,8,9,9,10,10,11,11,12,12,13,13,14,14,15,15,16,16,17,17,18,18,0,0,1,1,2,2,3,3,4],"triangles":[13,14,12,14,11,12,18,16,17,18,21,16,21,15,16,19,23,15,21,19,15,0,21,18,23,10,11,23,9,10,20,24,19,1,22,21,20,19,21,22,20,21,0,1,21,24,8,9,2,22,1,2,3,22,7,8,24,3,22,4,4,5,22,15,14,23,23,11,14,19,23,24,24,9,23,6,24,20,5,6,20,5,20,22,6,7,24],"type":"mesh","transform":{},"slotPose":[1,0,0,1,0,0],"userEdges":[15,19,19,20,16,21,21,22,22,4,14,23,23,24,24,6,20,5],"width":252,"bonePose":[7,-0.9999691576447896,-0.007853900888710968,0.007853900888710968,-0.9999691576447896,72.8,-101.93,9,-0.9843189965876524,-0.176397599067212,0.176397599067212,-0.9843189965876524,10.721914693411456,-102.41757016717118,24,-0.9861411947985772,-0.16590823946156036,0.16590823946156036,-0.9861411947985772,-54.26282546130536,-114.06333965758851],"height":131,"name":"Body","weights":[3,7,0.26011,9,0.71652,24,0.02335,3,7,0.03949,9,0.77004,24,0.19045,3,7,0.00026,9,0.41689,24,0.58282,2,9,0.03968,24,0.96031,1,24,1,1,24,1,1,24,1,2,9,0.04542,24,0.95457,3,7,0.00984,9,0.62965,24,0.3605,3,7,0.10822,9,0.83811,24,0.05366,2,7,0.61701,9,0.38298,2,7,0.97679,9,0.0232,1,7,1,1,7,1,1,7,1,1,7,1,1,7,1,1,7,1,2,7,0.98465,9,0.01534,2,7,0.5,9,0.5,2,9,0.5,24,0.5,3,7,0.35508,9,0.64091,24,0.00399,2,9,0.43006,24,0.56993,2,7,0.47514,9,0.52485,3,7,0.00283,9,0.70052,24,0.29664]}],"name":"Body"},{"display":[{"path":"2-2","type":"image","name":"2-2","transform":{"y":-1.07,"skX":131.55,"skY":131.55,"x":15.48}}],"name":"2-2"},{"display":[{"path":"2-3","type":"image","name":"2-3","transform":{"y":-0.86,"skX":-115.38,"skY":-115.38,"x":12.83}}],"name":"2-3"},{"display":[{"path":"Light","type":"image","name":"Light","transform":{"y":0.2,"skX":-33.73,"skY":-33.73,"x":-0.29}}],"blendMode":"add","name":"Light"},{"display":[{"path":"4-2","type":"image","name":"4-2","transform":{"y":0.04,"skX":129.26,"skY":129.26,"x":14.2}}],"name":"4-2"},{"display":[{"path":"7-2","type":"image","name":"7-2","transform":{"y":0.57,"skX":47.29,"skY":47.29,"x":10.88}}],"name":"7-2"},{"display":[{"path":"5-2","type":"image","name":"5-2","transform":{"y":-0.49,"skX":60.58,"skY":60.58,"x":13.68}}],"name":"5-2"},{"display":[{"path":"2-1","type":"image","name":"2-1","transform":{"y":1.59,"skX":-153.31,"skY":-153.31,"x":11.89}}],"name":"2-1"},{"display":[{"path":"3-4","type":"image","name":"3-4","transform":{"y":-0.19,"skX":-72.92,"skY":-72.92,"x":20.02}}],"name":"3-4"},{"display":[{"path":"buff_up","type":"image","name":"buff_up","transform":{"y":-0.2}}],"name":"buff_up"},{"display":[{"path":"5-4","type":"image","name":"5-4","transform":{"y":2.18,"skX":-113.26,"skY":-113.26,"x":16.65}}],"name":"5-4"},{"display":[{"path":"6-2","type":"image","name":"6-2","transform":{"y":1.03,"skX":60.29,"skY":60.29,"x":11.93}}],"name":"6-2"},{"display":[{"path":"1-2","type":"image","name":"1-2","transform":{"y":-0.92,"skX":130.41,"skY":130.41,"x":14.9}}],"name":"1-2"},{"display":[{"path":"4-4","type":"image","name":"4-4","transform":{"y":-1,"skX":-74.45,"skY":-74.45,"x":20.73}}],"name":"4-4"},{"display":[{"path":"3-1","type":"image","name":"3-1","transform":{"y":0.54,"skX":-150.74,"skY":-150.74,"x":13.32}}],"name":"3-1"},{"display":[{"path":"7-4","type":"image","name":"7-4","transform":{"y":1.97,"skX":-111.22,"skY":-111.22,"x":18.86}}],"name":"7-4"},{"display":[{"path":"Fin_B4","type":"image","name":"Fin_B4","transform":{"y":-1.1,"skX":133.03,"skY":133.03,"x":16.81}}],"name":"Fin_B4"},{"display":[{"path":"buff_flo","type":"image","name":"buff_flo","transform":{}}],"name":"buff_flo"},{"display":[{"path":"1-1","type":"image","name":"1-1","transform":{"y":1.66,"skX":-159.42,"skY":-159.42,"x":12.68}}],"name":"1-1"},{"display":[{"path":"7-1","type":"image","name":"7-1","transform":{"y":0.92,"skX":-88.09,"skY":-88.09,"x":8.8}}],"name":"7-1"},{"display":[{"path":"5-1","type":"image","name":"5-1","transform":{"y":1.07,"skX":-73.43,"skY":-73.43,"x":12.39}}],"name":"5-1"},{"display":[{"path":"8-4","type":"image","name":"8-4","transform":{"y":0.8,"skX":-116.56,"skY":-116.56,"x":15.71}}],"name":"8-4"},{"display":[{"path":"1-4","type":"image","name":"1-4","transform":{"y":-1.89,"skX":-74.48,"skY":-74.48,"x":19.9}}],"name":"1-4"},{"display":[{"path":"buff_mid","type":"image","name":"buff_mid","transform":{"y":1.18}}],"name":"buff_mid"},{"display":[{"path":"Fin_X","type":"image","name":"Fin_X","transform":{"y":-11.46,"skX":164.05,"skY":164.05,"x":34.44}}],"name":"Fin_X"},{"display":[{"path":"6-4","type":"image","name":"6-4","transform":{"y":1.23,"skX":-109.96,"skY":-109.96,"x":18.32}}],"name":"6-4"},{"display":[{"path":"7-3","type":"image","name":"7-3","transform":{"y":1.59,"skX":-71.86,"skY":-71.86,"x":11.38}}],"name":"7-3"},{"display":[{"path":"Fin_B3","type":"image","name":"Fin_B3","transform":{"y":0.42,"skX":159.05,"skY":159.05,"x":17.27}}],"name":"Fin_B3"},{"display":[{"path":"Fin_B2","type":"image","name":"Fin_B2","transform":{"y":-0.07,"skX":159.64,"skY":159.64,"x":20.28}}],"name":"Fin_B2"},{"display":[{"path":"Fin_B6","type":"image","name":"Fin_B6","transform":{"y":-0.93,"skX":139.57,"skY":139.57,"x":12.54}}],"name":"Fin_B6"},{"display":[{"path":"Head","type":"image","name":"Head","transform":{"y":1.01,"skX":3.43,"skY":3.43,"x":29.58}}],"name":"Head"},{"display":[{"path":"4-1","type":"image","name":"4-1","transform":{"y":2.02,"skX":-151.03,"skY":-151.03,"x":12.52}}],"name":"4-1"},{"display":[{"path":"6-3","type":"image","name":"6-3","transform":{"y":1.72,"skX":-73.72,"skY":-73.72,"x":13.27}}],"name":"6-3"},{"display":[{"path":"4-3","type":"image","name":"4-3","transform":{"y":-0.79,"skX":-109.17,"skY":-109.17,"x":13.99}}],"name":"4-3"},{"display":[{"path":"8-3","type":"image","name":"8-3","transform":{"y":1.11,"skX":-75.39,"skY":-75.39,"x":12.36}}],"name":"8-3"},{"display":[{"path":"6-1","type":"image","name":"6-1","transform":{"y":-0.04,"skX":-73.81,"skY":-73.81,"x":13.62}}],"name":"6-1"},{"display":[{"path":"2-4","type":"image","name":"2-4","transform":{"y":-1.28,"skX":-73.22,"skY":-73.22,"x":20.79}}],"name":"2-4"},{"display":[{"path":"Fin_B5","type":"image","name":"Fin_B5","transform":{"y":-1.44,"skX":136.54,"skY":136.54,"x":15.68}}],"name":"Fin_B5"},{"display":[{"path":"8-1","type":"image","name":"8-1","transform":{"y":-0.49,"skX":-121.56,"skY":-121.56,"x":10.21}}],"name":"8-1"},{"display":[{"path":"5-3","type":"image","name":"5-3","transform":{"y":1.52,"skX":-73.03,"skY":-73.03,"x":11.73}}],"name":"5-3"},{"display":[{"vertices":[-212.98,-192.05,-212.98,-162.94,-186.89,-133.82,-189.53,-114.92,-197.09,-70.69,-185.36,-40.05,-167.6,-40.06,-162.31,-68.42,-132.06,-101.7,-95.98,-107.76,-95.99,-127.07,-95.99,-148.59,-133.69,-150.09,-170.37,-180.7,-133.78,-127.8,-161.24,-131.32,-172.17,-92.26,-185.88,-160.89,-178.72,-45.93],"uvs":[-0.0087,-0.00667,-0.0087,0.18729,0.21815,0.3814,0.19513,0.50745,0.12936,0.8024,0.23131,1.00667,0.38585,1.00667,0.43189,0.81752,0.69493,0.59568,1.0087,0.55535,1.0087,0.42653,1.0087,0.28309,0.68086,0.273,0.36191,0.06881,0.68,0.4217,0.44125,0.39813,0.34616,0.65859,0.22713,0.2009,0.28916,0.9674],"path":"Tail","edges":[0,1,1,2,2,3,3,4,4,5,5,6,6,7,7,8,8,9,9,10,10,11,11,12,12,13,13,0],"triangles":[12,14,11,11,14,10,10,14,9,14,8,9,12,15,14,14,15,8,15,16,8,16,7,8,13,15,12,18,6,7,3,16,15,2,3,15,13,17,15,17,2,15,18,5,6,0,17,13,3,4,16,0,1,17,4,5,18,1,2,17,4,16,18,18,16,7],"type":"mesh","transform":{},"slotPose":[1,0,0,1,0,0],"userEdges":[10,14,14,15,15,16,15,17,17,0,16,18],"width":115,"bonePose":[56,-0.6459907606070512,-0.7633452280654696,0.7633452280654696,-0.6459907606070512,-186.55463560314777,-160.8244443224633,55,-0.08089478766207608,0.9967226461403934,-0.9967226461403934,-0.08089478766207608,-174.97404398858637,-91.16953233608118,47,-0.6991643740231717,-0.7149609626383714,0.7149609626383714,-0.6991643740231717,-158.70454909751257,-132.55966798107622,50,-0.3757390823328429,0.9267254944198272,-0.9267254944198272,-0.3757390823328429,-159.47630687142586,-129.4731019379784,40,-0.9917608370004416,-0.12810324817186908,0.12810324817186908,-0.9917608370004416,-113.30289622789664,-125.20295562385476],"height":150,"name":"Tail","weights":[1,56,1,2,47,0.01149,56,0.9885,4,47,0.64357,56,0.01408,50,0.34232,55,0.00001,3,47,0.12242,50,0.8713,55,0.00626,2,50,0.00722,55,0.99277,1,55,1,1,55,1,3,40,0.00208,50,0.02599,55,0.97192,3,40,0.65668,50,0.31442,55,0.02889,1,40,1,1,40,1,1,40,1,2,40,0.80944,47,0.19055,3,40,0.02907,47,0.50688,56,0.46404,1,40,1,3,40,0.33333,47,0.33333,50,0.33333,2,50,0.5,55,0.5,2,47,0.5,56,0.5,1,55,1]}],"name":"Tail"},{"display":[{"path":"3-2","type":"image","name":"3-2","transform":{"y":-0.62,"skX":130.04,"skY":130.04,"x":15.7}}],"name":"3-2"},{"display":[{"path":"1-3","type":"image","name":"1-3","transform":{"y":-1.3,"skX":-110.36,"skY":-110.36,"x":13.22}}],"name":"1-3"},{"display":[{"path":"3-3","type":"image","name":"3-3","transform":{"y":-0.6,"skX":-111.49,"skY":-111.49,"x":12.56}}],"name":"3-3"},{"display":[{"path":"Fin_B1","type":"image","name":"Fin_B1","transform":{"y":1.85,"skX":146.38,"skY":146.38,"x":29.54}}],"name":"Fin_B1"}],"name":""}],"defaultActions":[{"gotoAndPlay":"0000_daiji"}],"aabb":{"width":420.50473157321426,"y":-207.98999999999998,"height":215.98999999999998,"x":-217.41445618571427},"slot":[{"name":"5-1","parent":"5-1","color":{}},{"z":1,"name":"5-2","parent":"5-2","color":{}},{"z":2,"name":"5-3","parent":"5-3","color":{}},{"z":3,"name":"5-4","parent":"5-4","color":{}},{"z":4,"name":"6-1","parent":"6-1","color":{}},{"z":5,"name":"6-2","parent":"6-2","color":{}},{"z":6,"name":"6-3","parent":"6-3","color":{}},{"z":7,"name":"6-4","parent":"6-4","color":{}},{"z":8,"name":"7-1","parent":"7-1","color":{}},{"z":9,"name":"7-2","parent":"7-2","color":{}},{"z":10,"name":"7-3","parent":"7-3","color":{}},{"z":11,"name":"7-4","parent":"7-4","color":{}},{"z":12,"name":"8-1","parent":"8-1","color":{}},{"z":13,"name":"8-2","parent":"8-2","color":{}},{"z":14,"name":"8-3","parent":"8-3","color":{}},{"z":15,"name":"8-4","parent":"8-4","color":{}},{"z":16,"name":"Fin_B1","parent":"Fin_B1","color":{}},{"z":17,"name":"Fin_B2","parent":"Fin_B2","color":{}},{"z":18,"name":"Fin_B3","parent":"Fin_B3","color":{}},{"z":19,"name":"Fin_B4","parent":"Fin_B4","color":{}},{"z":20,"name":"Fin_B5","parent":"Fin_B5","color":{}},{"z":21,"name":"Fin_B6","parent":"Fin_B6","color":{}},{"z":22,"name":"Chujiao","parent":"Chujiao","color":{}},{"blendMode":"add","z":23,"parent":"Light","name":"Light","color":{}},{"z":24,"displayIndex":-1,"name":"shenti","parent":"root","color":{}},{"z":25,"name":"Tail","parent":"Tail","color":{}},{"z":26,"name":"Head","parent":"Head","color":{}},{"z":27,"name":"Body","parent":"Body","color":{}},{"z":28,"name":"Fin_X","parent":"Fin_X","color":{}},{"z":29,"name":"4-1","parent":"4-1","color":{}},{"z":30,"name":"4-2","parent":"4-2","color":{}},{"z":31,"name":"4-3","parent":"4-3","color":{}},{"z":32,"name":"4-4","parent":"4-4","color":{}},{"z":33,"name":"3-1","parent":"3-1","color":{}},{"z":34,"name":"3-2","parent":"3-2","color":{}},{"z":35,"name":"3-3","parent":"3-3","color":{}},{"z":36,"name":"3-4","parent":"3-4","color":{}},{"z":37,"name":"2-1","parent":"2-1","color":{}},{"z":38,"name":"2-2","parent":"2-2","color":{}},{"z":39,"name":"2-3","parent":"2-3","color":{}},{"z":40,"name":"2-4","parent":"2-4","color":{}},{"z":41,"name":"1-1","parent":"1-1","color":{}},{"z":42,"name":"1-2","parent":"1-2","color":{}},{"z":43,"name":"1-3","parent":"1-3","color":{}},{"z":44,"name":"1-4","parent":"1-4","color":{}},{"z":45,"name":"buff_flo","parent":"buff_flo","color":{"aM":0}},{"z":46,"name":"buff_mid","parent":"buff_mid","color":{"aM":0}},{"z":47,"name":"buff_up","parent":"buff_up","color":{"aM":0}}],"name":"armatureName","ik":[]}],"name":"cw_006_zhaozezhizhu_gj","version":"4.0"}