{"frameRate":30,"isGlobal":0,"armature":[{"defaultActions":[{"gotoAndPlay":"animation"}],"animation":[{"frame":[],"duration":120,"slot":[{"frame":[{"tweenEasing":0,"duration":25,"color":{"aM":0}},{"tweenEasing":0,"duration":30,"color":{"aM":25}},{"tweenEasing":0,"duration":20,"color":{"aM":5}},{"tweenEasing":0,"duration":15,"color":{"aM":50}},{"tweenEasing":0,"duration":30,"color":{"aM":19}},{"tweenEasing":null,"duration":0,"color":{"aM":0}}],"name":"mask"},{"frame":[{"tweenEasing":0,"duration":40},{"tweenEasing":0,"displayIndex":-1,"duration":2},{"tweenEasing":0,"duration":18},{"tweenEasing":0,"displayIndex":-1,"duration":2},{"tweenEasing":null,"duration":58}],"name":"ui2"},{"frame":[{"tweenEasing":0,"displayIndex":-1,"duration":5},{"tweenEasing":0,"displayIndex":-1,"duration":5},{"tweenEasing":0,"duration":5},{"tweenEasing":0,"displayIndex":-1,"duration":5},{"tweenEasing":0,"duration":5},{"tweenEasing":0,"displayIndex":-1,"duration":5},{"tweenEasing":0,"duration":5},{"tweenEasing":0,"displayIndex":-1,"duration":5},{"tweenEasing":0,"duration":5},{"tweenEasing":0,"displayIndex":-1,"duration":1},{"tweenEasing":0,"displayIndex":-1,"duration":4},{"tweenEasing":0,"duration":5},{"tweenEasing":0,"displayIndex":-1,"duration":5},{"tweenEasing":0,"duration":5},{"tweenEasing":0,"displayIndex":-1,"duration":5},{"tweenEasing":0,"duration":5},{"tweenEasing":0,"displayIndex":-1,"duration":5},{"tweenEasing":0,"duration":5},{"tweenEasing":0,"displayIndex":-1,"duration":5},{"tweenEasing":0,"duration":5},{"tweenEasing":0,"displayIndex":-1,"duration":5},{"tweenEasing":0,"duration":5},{"tweenEasing":0,"displayIndex":-1,"duration":5},{"tweenEasing":0,"duration":5},{"tweenEasing":0,"displayIndex":-1,"duration":5},{"tweenEasing":null,"duration":0}],"name":"ui3"},{"frame":[{"tweenEasing":0,"displayIndex":-1,"duration":10},{"tweenEasing":0,"duration":5},{"tweenEasing":0,"displayIndex":-1,"duration":5},{"tweenEasing":0,"duration":13},{"tweenEasing":0,"displayIndex":-1,"duration":7},{"tweenEasing":0,"duration":5},{"tweenEasing":0,"displayIndex":-1,"duration":5},{"tweenEasing":0,"duration":13},{"tweenEasing":0,"displayIndex":-1,"duration":12},{"tweenEasing":0,"displayIndex":-1,"duration":7},{"tweenEasing":0,"duration":5},{"tweenEasing":0,"displayIndex":-1,"duration":5},{"tweenEasing":0,"duration":13},{"tweenEasing":null,"displayIndex":-1,"duration":15}],"name":"ui12"},{"frame":[{"tweenEasing":0,"displayIndex":-1,"duration":8},{"tweenEasing":0,"displayIndex":-1,"duration":4},{"tweenEasing":0,"duration":12},{"tweenEasing":0,"displayIndex":-1,"duration":4},{"tweenEasing":0,"duration":20},{"tweenEasing":0,"displayIndex":-1,"duration":20},{"tweenEasing":0,"duration":4},{"tweenEasing":0,"displayIndex":-1,"duration":20},{"tweenEasing":0,"duration":12},{"tweenEasing":0,"displayIndex":-1,"duration":16},{"tweenEasing":null,"displayIndex":-1,"duration":0}],"name":"ui16"},{"frame":[{"tweenEasing":0,"displayIndex":-1,"duration":8},{"tweenEasing":0,"duration":44},{"tweenEasing":0,"displayIndex":-1,"duration":12},{"tweenEasing":0,"duration":12},{"tweenEasing":0,"displayIndex":-1,"duration":12},{"tweenEasing":0,"duration":20},{"tweenEasing":null,"displayIndex":-1,"duration":12}],"name":"ui17"},{"frame":[{"tweenEasing":0,"displayIndex":-1,"duration":4},{"tweenEasing":0,"duration":52},{"tweenEasing":0,"displayIndex":-1,"duration":4},{"tweenEasing":0,"duration":20},{"tweenEasing":0,"displayIndex":-1,"duration":4},{"tweenEasing":0,"duration":28},{"tweenEasing":null,"displayIndex":-1,"duration":8}],"name":"ui18"},{"frame":[{"tweenEasing":0,"duration":116},{"tweenEasing":0,"displayIndex":-1,"duration":4},{"tweenEasing":null,"duration":0}],"name":"ui19"},{"frame":[{"tweenEasing":null,"duration":120}],"name":"ui20"},{"frame":[{"tweenEasing":null,"duration":120}],"name":"ui21"},{"frame":[{"tweenEasing":null,"displayIndex":-1,"duration":120}],"name":"ui22"},{"frame":[{"tweenEasing":0,"displayIndex":-1,"duration":16},{"tweenEasing":0,"duration":4},{"tweenEasing":0,"displayIndex":-1,"duration":12},{"tweenEasing":0,"duration":12},{"tweenEasing":0,"displayIndex":-1,"duration":52},{"tweenEasing":0,"duration":4},{"tweenEasing":null,"displayIndex":-1,"duration":20}],"name":"ui23"},{"frame":[{"tweenEasing":0,"displayIndex":-1,"duration":36},{"tweenEasing":0,"duration":4},{"tweenEasing":null,"displayIndex":-1,"duration":80}],"name":"ui24"},{"frame":[{"tweenEasing":0,"displayIndex":-1,"duration":2},{"tweenEasing":0,"duration":109},{"tweenEasing":null,"displayIndex":-1,"duration":9}],"name":"ui25"},{"frame":[{"tweenEasing":0,"displayIndex":-1,"duration":4},{"tweenEasing":0,"duration":107},{"tweenEasing":null,"displayIndex":-1,"duration":9}],"name":"ui26"},{"frame":[{"tweenEasing":0,"displayIndex":-1,"duration":6},{"tweenEasing":0,"duration":105},{"tweenEasing":null,"displayIndex":-1,"duration":9}],"name":"ui27"},{"frame":[{"tweenEasing":0,"displayIndex":-1,"duration":8},{"tweenEasing":0,"duration":103},{"tweenEasing":null,"displayIndex":-1,"duration":9}],"name":"ui28"},{"frame":[{"tweenEasing":0,"displayIndex":-1,"duration":10},{"tweenEasing":0,"duration":100},{"tweenEasing":null,"displayIndex":-1,"duration":10}],"name":"ui29"},{"frame":[{"tweenEasing":0,"displayIndex":-1,"duration":12},{"tweenEasing":0,"duration":36},{"tweenEasing":0,"displayIndex":-1,"duration":2},{"tweenEasing":0,"duration":42},{"tweenEasing":0,"displayIndex":-1,"duration":2},{"tweenEasing":0,"duration":16},{"tweenEasing":null,"displayIndex":-1,"duration":10}],"name":"ui30"},{"frame":[{"tweenEasing":0,"displayIndex":-1,"duration":14},{"tweenEasing":0,"duration":96},{"tweenEasing":null,"displayIndex":-1,"duration":10}],"name":"ui31"},{"frame":[{"tweenEasing":0,"displayIndex":-1,"duration":16},{"tweenEasing":0,"duration":94},{"tweenEasing":null,"displayIndex":-1,"duration":10}],"name":"ui32"},{"frame":[{"tweenEasing":0,"displayIndex":-1,"duration":18},{"tweenEasing":0,"duration":92},{"tweenEasing":null,"displayIndex":-1,"duration":10}],"name":"ui33"},{"frame":[{"tweenEasing":0,"displayIndex":-1,"duration":20},{"tweenEasing":0,"duration":90},{"tweenEasing":null,"displayIndex":-1,"duration":10}],"name":"ui34"},{"frame":[{"tweenEasing":0,"displayIndex":-1,"duration":22},{"tweenEasing":0,"duration":88},{"tweenEasing":null,"displayIndex":-1,"duration":10}],"name":"ui35"},{"frame":[{"tweenEasing":0,"displayIndex":-1,"duration":24},{"tweenEasing":0,"duration":86},{"tweenEasing":null,"displayIndex":-1,"duration":10}],"name":"ui36"},{"frame":[{"tweenEasing":0,"displayIndex":-1,"duration":26},{"tweenEasing":0,"duration":83},{"tweenEasing":null,"displayIndex":-1,"duration":11}],"name":"ui37"},{"frame":[{"tweenEasing":0,"displayIndex":-1,"duration":28},{"tweenEasing":0,"duration":81},{"tweenEasing":null,"displayIndex":-1,"duration":11}],"name":"ui38"},{"frame":[{"tweenEasing":0,"displayIndex":-1,"duration":30},{"tweenEasing":0,"duration":79},{"tweenEasing":null,"displayIndex":-1,"duration":11}],"name":"ui39"},{"frame":[{"tweenEasing":0,"displayIndex":-1,"duration":32},{"tweenEasing":0,"duration":28},{"tweenEasing":0,"displayIndex":-1,"duration":2},{"tweenEasing":0,"duration":47},{"tweenEasing":null,"displayIndex":-1,"duration":11}],"name":"ui40"},{"frame":[{"tweenEasing":0,"displayIndex":-1,"duration":34},{"tweenEasing":0,"duration":75},{"tweenEasing":null,"displayIndex":-1,"duration":11}],"name":"ui41"},{"frame":[{"tweenEasing":0,"displayIndex":-1,"duration":36},{"tweenEasing":0,"duration":73},{"tweenEasing":null,"displayIndex":-1,"duration":11}],"name":"ui42"},{"frame":[{"tweenEasing":0,"displayIndex":-1,"duration":38},{"tweenEasing":0,"duration":70},{"tweenEasing":null,"displayIndex":-1,"duration":12}],"name":"ui43"},{"frame":[{"tweenEasing":0,"displayIndex":-1,"duration":40},{"tweenEasing":0,"duration":68},{"tweenEasing":null,"displayIndex":-1,"duration":12}],"name":"ui44"},{"frame":[{"tweenEasing":0,"displayIndex":-1,"duration":42},{"tweenEasing":0,"duration":66},{"tweenEasing":null,"displayIndex":-1,"duration":12}],"name":"ui45"},{"frame":[{"tweenEasing":0,"displayIndex":-1,"duration":44},{"tweenEasing":0,"duration":64},{"tweenEasing":null,"displayIndex":-1,"duration":12}],"name":"ui46"},{"frame":[{"tweenEasing":0,"displayIndex":-1,"duration":46},{"tweenEasing":0,"duration":62},{"tweenEasing":null,"displayIndex":-1,"duration":12}],"name":"ui47"},{"frame":[{"tweenEasing":0,"displayIndex":-1,"duration":48},{"tweenEasing":0,"duration":60},{"tweenEasing":null,"displayIndex":-1,"duration":12}],"name":"ui48"},{"frame":[{"tweenEasing":0,"displayIndex":-1,"duration":50},{"tweenEasing":0,"duration":58},{"tweenEasing":null,"displayIndex":-1,"duration":12}],"name":"ui49"},{"frame":[{"tweenEasing":0,"displayIndex":-1,"duration":52},{"tweenEasing":0,"duration":56},{"tweenEasing":null,"displayIndex":-1,"duration":12}],"name":"ui50"},{"frame":[{"tweenEasing":0,"displayIndex":-1,"duration":54},{"tweenEasing":0,"duration":53},{"tweenEasing":null,"displayIndex":-1,"duration":13}],"name":"ui51"},{"frame":[{"tweenEasing":0,"displayIndex":-1,"duration":56},{"tweenEasing":0,"duration":51},{"tweenEasing":null,"displayIndex":-1,"duration":13}],"name":"ui52"},{"frame":[{"tweenEasing":0,"displayIndex":-1,"duration":58},{"tweenEasing":0,"duration":49},{"tweenEasing":null,"displayIndex":-1,"duration":13}],"name":"ui53"},{"frame":[{"tweenEasing":0,"displayIndex":-1,"duration":60},{"tweenEasing":0,"duration":47},{"tweenEasing":null,"displayIndex":-1,"duration":13}],"name":"ui54"},{"frame":[{"tweenEasing":0,"displayIndex":-1,"duration":62},{"tweenEasing":0,"duration":45},{"tweenEasing":null,"displayIndex":-1,"duration":13}],"name":"ui55"},{"frame":[{"tweenEasing":0,"displayIndex":-1,"duration":64},{"tweenEasing":0,"duration":43},{"tweenEasing":null,"displayIndex":-1,"duration":13}],"name":"ui56"},{"frame":[{"tweenEasing":0,"displayIndex":-1,"duration":66},{"tweenEasing":0,"duration":41},{"tweenEasing":null,"displayIndex":-1,"duration":13}],"name":"ui57"},{"frame":[{"tweenEasing":0,"displayIndex":-1,"duration":68},{"tweenEasing":0,"duration":39},{"tweenEasing":null,"displayIndex":-1,"duration":13}],"name":"ui58"},{"frame":[{"tweenEasing":0,"displayIndex":-1,"duration":70},{"tweenEasing":0,"duration":36},{"tweenEasing":null,"displayIndex":-1,"duration":14}],"name":"ui59"},{"frame":[{"tweenEasing":0,"displayIndex":-1,"duration":72},{"tweenEasing":0,"duration":20},{"tweenEasing":0,"displayIndex":-1,"duration":2},{"tweenEasing":0,"duration":12},{"tweenEasing":null,"displayIndex":-1,"duration":14}],"name":"ui60"},{"frame":[{"tweenEasing":0,"displayIndex":-1,"duration":74},{"tweenEasing":0,"duration":32},{"tweenEasing":null,"displayIndex":-1,"duration":14}],"name":"ui61"},{"frame":[{"tweenEasing":0,"displayIndex":-1,"duration":76},{"tweenEasing":0,"duration":30},{"tweenEasing":null,"displayIndex":-1,"duration":14}],"name":"ui62"},{"frame":[{"tweenEasing":0,"displayIndex":-1,"duration":78},{"tweenEasing":0,"duration":28},{"tweenEasing":null,"displayIndex":-1,"duration":14}],"name":"ui63"},{"frame":[{"tweenEasing":0,"displayIndex":-1,"duration":80},{"tweenEasing":0,"duration":26},{"tweenEasing":null,"displayIndex":-1,"duration":14}],"name":"ui64"},{"frame":[{"tweenEasing":0,"displayIndex":-1,"duration":82},{"tweenEasing":0,"duration":24},{"tweenEasing":null,"displayIndex":-1,"duration":14}],"name":"ui65"},{"frame":[{"tweenEasing":0,"displayIndex":-1,"duration":84},{"tweenEasing":0,"duration":21},{"tweenEasing":null,"displayIndex":-1,"duration":15}],"name":"ui66"},{"frame":[{"tweenEasing":0,"displayIndex":-1,"duration":86},{"tweenEasing":0,"duration":19},{"tweenEasing":null,"displayIndex":-1,"duration":15}],"name":"ui67"},{"frame":[{"tweenEasing":0,"displayIndex":-1,"duration":88},{"tweenEasing":0,"duration":17},{"tweenEasing":null,"displayIndex":-1,"duration":15}],"name":"ui68"},{"frame":[{"tweenEasing":0,"displayIndex":-1,"duration":90},{"tweenEasing":0,"duration":15},{"tweenEasing":null,"displayIndex":-1,"duration":15}],"name":"ui69"},{"frame":[{"tweenEasing":0,"displayIndex":-1,"duration":92},{"tweenEasing":0,"duration":13},{"tweenEasing":null,"displayIndex":-1,"duration":15}],"name":"ui70"},{"frame":[{"tweenEasing":0,"displayIndex":-1,"duration":94},{"tweenEasing":0,"duration":11},{"tweenEasing":null,"displayIndex":-1,"duration":15}],"name":"ui71"},{"frame":[{"tweenEasing":0,"displayIndex":-1,"duration":96},{"tweenEasing":0,"duration":9},{"tweenEasing":null,"displayIndex":-1,"duration":15}],"name":"ui72"},{"frame":[{"tweenEasing":0,"displayIndex":-1,"duration":98},{"tweenEasing":0,"duration":7},{"tweenEasing":null,"displayIndex":-1,"duration":15}],"name":"ui73"},{"frame":[{"tweenEasing":0,"duration":60},{"tweenEasing":0,"duration":60,"color":{"aM":7}},{"tweenEasing":null,"duration":0}],"name":"w1"},{"frame":[{"tweenEasing":0,"duration":60},{"tweenEasing":0,"duration":60,"color":{"aM":6}},{"tweenEasing":null,"duration":0}],"name":"w2"},{"frame":[{"tweenEasing":0,"duration":60,"color":{"aM":35}},{"tweenEasing":0,"duration":60},{"tweenEasing":null,"duration":0,"color":{"aM":35}}],"name":"w31"},{"frame":[{"tweenEasing":0,"duration":60,"color":{"aM":30}},{"tweenEasing":0,"duration":60},{"tweenEasing":null,"duration":0,"color":{"aM":30}}],"name":"w32"},{"frame":[{"tweenEasing":0,"duration":60,"color":{"aM":46}},{"tweenEasing":0,"duration":60},{"tweenEasing":null,"duration":0,"color":{"aM":46}}],"name":"w34"},{"frame":[{"tweenEasing":0,"duration":60,"color":{"aM":39}},{"tweenEasing":0,"duration":60},{"tweenEasing":null,"duration":0,"color":{"aM":39}}],"name":"w41"},{"frame":[{"tweenEasing":0,"duration":60},{"tweenEasing":0,"duration":60,"color":{"aM":39}},{"tweenEasing":null,"duration":0}],"name":"w42"}],"ffd":[],"bone":[{"frame":[{"duration":120,"transform":{}},{"duration":0,"transform":{}}],"name":"root"},{"frame":[{"duration":120,"transform":{}},{"duration":0,"transform":{}}],"name":"mask"},{"frame":[{"duration":120,"transform":{}},{"duration":0,"transform":{}}],"name":"ui14"},{"frame":[{"duration":7,"transform":{}},{"tweenEasing":0,"duration":3,"transform":{}},{"tweenEasing":0,"duration":4,"transform":{"skX":64.42,"skY":64.42}},{"duration":23,"transform":{"skX":57.88,"skY":57.88}},{"tweenEasing":0,"duration":3,"transform":{"skX":57.88,"skY":57.88}},{"tweenEasing":0,"duration":4,"transform":{"skX":-128.81,"skY":-128.81}},{"duration":35,"transform":{"skX":-115.75,"skY":-115.75}},{"tweenEasing":0,"duration":3,"transform":{"skX":-115.75,"skY":-115.75}},{"tweenEasing":0,"duration":3,"transform":{"skX":94.34,"skY":94.34}},{"duration":20,"transform":{"skX":98.81,"skY":98.81}},{"tweenEasing":0,"duration":15,"transform":{"skX":98.81,"skY":98.81}},{"duration":0,"transform":{}}],"name":"ui13"},{"frame":[{"tweenEasing":0,"duration":33,"transform":{}},{"tweenEasing":0,"duration":12,"transform":{"skX":178.77,"skY":178.77}},{"tweenEasing":0,"duration":15,"transform":{"skX":-92.02,"skY":-92.02}},{"tweenEasing":0,"duration":30,"transform":{}},{"tweenEasing":0,"duration":15,"transform":{"skX":178.77,"skY":178.77}},{"tweenEasing":0,"duration":15,"transform":{"skX":-92.02,"skY":-92.02}},{"duration":0,"transform":{}}],"name":"ui11"},{"frame":[{"tweenEasing":0,"duration":10,"transform":{}},{"duration":23,"transform":{"y":42.86,"x":-40.05}},{"tweenEasing":0,"duration":7,"transform":{"y":42.86,"x":-40.05}},{"duration":23,"transform":{"y":-15.76,"x":-4.195}},{"tweenEasing":0,"duration":12,"transform":{"y":-15.76,"x":-4.195}},{"duration":30,"transform":{"y":24.58,"x":-46.395}},{"tweenEasing":0,"duration":15,"transform":{"y":24.58,"x":-46.395}},{"duration":0,"transform":{}}],"name":"ui12"},{"frame":[{"duration":120,"transform":{}},{"duration":0,"transform":{}}],"name":"UI5"},{"frame":[{"tweenEasing":0,"duration":60,"transform":{}},{"tweenEasing":0,"duration":60,"transform":{"scY":1.337,"scX":1.337}},{"duration":0,"transform":{}}],"name":"UI7"},{"frame":[{"tweenEasing":0,"duration":60,"transform":{}},{"tweenEasing":0,"duration":60,"transform":{"scY":0.379,"scX":0.379}},{"duration":0,"transform":{}}],"name":"UI6"},{"frame":[{"tweenEasing":0,"duration":15,"transform":{}},{"tweenEasing":0,"duration":8,"transform":{"skX":-180,"skY":-180}},{"tweenEasing":0,"duration":7,"transform":{"skX":-263.99,"skY":-263.99}},{"tweenEasing":0,"duration":15,"transform":{}},{"tweenEasing":0,"duration":8,"transform":{"skX":-180,"skY":-180}},{"tweenEasing":0,"duration":7,"transform":{"skX":-263.99,"skY":-263.99}},{"tweenEasing":0,"duration":15,"transform":{}},{"tweenEasing":0,"duration":8,"transform":{"skX":-180,"skY":-180}},{"tweenEasing":0,"duration":7,"transform":{"skX":-263.99,"skY":-263.99}},{"tweenEasing":0,"duration":15,"transform":{}},{"tweenEasing":0,"duration":8,"transform":{"skX":-180,"skY":-180}},{"tweenEasing":0,"duration":7,"transform":{"skX":-263.99,"skY":-263.99}},{"duration":0,"transform":{}}],"name":"ui9"},{"frame":[{"tweenEasing":0,"duration":60,"transform":{}},{"tweenEasing":0,"duration":30,"transform":{"skX":-180,"skY":-180}},{"tweenEasing":0,"duration":30,"transform":{"skX":-270,"skY":-270}},{"duration":0,"transform":{}}],"name":"ui10"},{"frame":[{"duration":120,"transform":{}},{"duration":0,"transform":{}}],"name":"ui15"},{"frame":[{"duration":120,"transform":{}},{"duration":0,"transform":{}}],"name":"ui1"},{"frame":[{"duration":120,"transform":{}},{"duration":0,"transform":{}}],"name":"ui2"},{"frame":[{"duration":120,"transform":{}},{"duration":0,"transform":{}}],"name":"ui3"},{"frame":[{"duration":120,"transform":{}},{"duration":0,"transform":{}}],"name":"ui25"},{"frame":[{"duration":120,"transform":{}},{"duration":0,"transform":{}}],"name":"ui26"},{"frame":[{"duration":120,"transform":{}},{"duration":0,"transform":{}}],"name":"ui27"},{"frame":[{"duration":120,"transform":{}},{"duration":0,"transform":{}}],"name":"ui28"},{"frame":[{"duration":120,"transform":{}},{"duration":0,"transform":{}}],"name":"ui29"},{"frame":[{"duration":120,"transform":{}},{"duration":0,"transform":{}}],"name":"ui30"},{"frame":[{"duration":120,"transform":{}},{"duration":0,"transform":{}}],"name":"ui31"},{"frame":[{"duration":120,"transform":{}},{"duration":0,"transform":{}}],"name":"ui32"},{"frame":[{"duration":120,"transform":{}},{"duration":0,"transform":{}}],"name":"ui33"},{"frame":[{"duration":120,"transform":{}},{"duration":0,"transform":{}}],"name":"ui34"},{"frame":[{"duration":120,"transform":{}},{"duration":0,"transform":{}}],"name":"ui35"},{"frame":[{"duration":120,"transform":{}},{"duration":0,"transform":{}}],"name":"ui36"},{"frame":[{"duration":120,"transform":{}},{"duration":0,"transform":{}}],"name":"ui37"},{"frame":[{"duration":120,"transform":{}},{"duration":0,"transform":{}}],"name":"ui38"},{"frame":[{"duration":120,"transform":{}},{"duration":0,"transform":{}}],"name":"ui39"},{"frame":[{"duration":120,"transform":{}},{"duration":0,"transform":{}}],"name":"ui40"},{"frame":[{"duration":120,"transform":{}},{"duration":0,"transform":{}}],"name":"ui41"},{"frame":[{"duration":120,"transform":{}},{"duration":0,"transform":{}}],"name":"ui42"},{"frame":[{"duration":120,"transform":{}},{"duration":0,"transform":{}}],"name":"ui43"},{"frame":[{"duration":120,"transform":{}},{"duration":0,"transform":{}}],"name":"ui44"},{"frame":[{"duration":120,"transform":{}},{"duration":0,"transform":{}}],"name":"ui45"},{"frame":[{"duration":120,"transform":{}},{"duration":0,"transform":{}}],"name":"ui46"},{"frame":[{"duration":120,"transform":{}},{"duration":0,"transform":{}}],"name":"ui47"},{"frame":[{"duration":120,"transform":{}},{"duration":0,"transform":{}}],"name":"ui48"},{"frame":[{"duration":120,"transform":{}},{"duration":0,"transform":{}}],"name":"ui49"},{"frame":[{"duration":120,"transform":{}},{"duration":0,"transform":{}}],"name":"ui50"},{"frame":[{"duration":120,"transform":{}},{"duration":0,"transform":{}}],"name":"ui51"},{"frame":[{"duration":120,"transform":{}},{"duration":0,"transform":{}}],"name":"ui52"},{"frame":[{"duration":120,"transform":{}},{"duration":0,"transform":{}}],"name":"ui53"},{"frame":[{"duration":120,"transform":{}},{"duration":0,"transform":{}}],"name":"ui54"},{"frame":[{"duration":120,"transform":{}},{"duration":0,"transform":{}}],"name":"ui55"},{"frame":[{"duration":120,"transform":{}},{"duration":0,"transform":{}}],"name":"ui56"},{"frame":[{"duration":120,"transform":{}},{"duration":0,"transform":{}}],"name":"ui57"},{"frame":[{"duration":120,"transform":{}},{"duration":0,"transform":{}}],"name":"ui58"},{"frame":[{"duration":120,"transform":{}},{"duration":0,"transform":{}}],"name":"ui59"},{"frame":[{"duration":120,"transform":{}},{"duration":0,"transform":{}}],"name":"ui60"},{"frame":[{"duration":120,"transform":{}},{"duration":0,"transform":{}}],"name":"ui61"},{"frame":[{"duration":120,"transform":{}},{"duration":0,"transform":{}}],"name":"ui62"},{"frame":[{"duration":120,"transform":{}},{"duration":0,"transform":{}}],"name":"ui63"},{"frame":[{"duration":120,"transform":{}},{"duration":0,"transform":{}}],"name":"ui64"},{"frame":[{"duration":120,"transform":{}},{"duration":0,"transform":{}}],"name":"ui65"},{"frame":[{"duration":120,"transform":{}},{"duration":0,"transform":{}}],"name":"ui66"},{"frame":[{"duration":120,"transform":{}},{"duration":0,"transform":{}}],"name":"ui67"},{"frame":[{"duration":120,"transform":{}},{"duration":0,"transform":{}}],"name":"ui68"},{"frame":[{"duration":120,"transform":{}},{"duration":0,"transform":{}}],"name":"ui69"},{"frame":[{"duration":120,"transform":{}},{"duration":0,"transform":{}}],"name":"ui70"},{"frame":[{"duration":120,"transform":{}},{"duration":0,"transform":{}}],"name":"ui71"},{"frame":[{"duration":120,"transform":{}},{"duration":0,"transform":{}}],"name":"ui72"},{"frame":[{"duration":120,"transform":{}},{"duration":0,"transform":{}}],"name":"ui73"},{"frame":[{"duration":120,"transform":{}},{"duration":0,"transform":{}}],"name":"w2"},{"frame":[{"tweenEasing":0,"duration":60,"transform":{}},{"tweenEasing":0,"duration":60,"transform":{"y":10.155,"x":1.79}},{"duration":0,"transform":{}}],"name":"w41"},{"frame":[{"tweenEasing":0,"duration":60,"transform":{}},{"tweenEasing":0,"duration":60,"transform":{"y":-7.765,"x":-1.79}},{"duration":0,"transform":{}}],"name":"w42"},{"frame":[{"tweenEasing":0,"duration":60,"transform":{}},{"tweenEasing":0,"duration":60,"transform":{"y":-12.545,"x":0.595}},{"duration":0,"transform":{}}],"name":"w31"},{"frame":[{"tweenEasing":0,"duration":60,"transform":{}},{"tweenEasing":0,"duration":60,"transform":{"y":-19.715,"x":1.19}},{"duration":0,"transform":{}}],"name":"w33"},{"frame":[{"tweenEasing":0,"duration":60,"transform":{}},{"tweenEasing":0,"duration":60,"transform":{"y":5.585}},{"duration":0,"transform":{}}],"name":"w1"},{"frame":[{"tweenEasing":0,"duration":15,"transform":{}},{"tweenEasing":0,"duration":15,"transform":{"skX":-270,"skY":-270}},{"tweenEasing":0,"duration":30,"transform":{"skX":-180,"skY":-180}},{"tweenEasing":0,"duration":15,"transform":{}},{"tweenEasing":0,"duration":15,"transform":{"skX":-270,"skY":-270}},{"tweenEasing":0,"duration":30,"transform":{"skX":-180,"skY":-180}},{"duration":0,"transform":{}}],"name":"ui16"},{"frame":[{"duration":120,"transform":{}},{"duration":0,"transform":{}}],"name":"w34"},{"frame":[{"tweenEasing":0,"duration":60,"transform":{}},{"tweenEasing":0,"duration":60,"transform":{"y":-5.975,"x":-4.775}},{"duration":0,"transform":{}}],"name":"w32"},{"frame":[{"duration":120,"transform":{}},{"duration":0,"transform":{}}],"name":"ui21"},{"frame":[{"duration":120,"transform":{}},{"duration":0,"transform":{}}],"name":"ui20"},{"frame":[{"duration":120,"transform":{}},{"duration":0,"transform":{}}],"name":"ui19"},{"frame":[{"duration":120,"transform":{}},{"duration":0,"transform":{}}],"name":"ui18"},{"frame":[{"duration":120,"transform":{}},{"duration":0,"transform":{}}],"name":"ui17"},{"frame":[{"duration":120,"transform":{}},{"duration":0,"transform":{}}],"name":"ui22"},{"frame":[{"duration":120,"transform":{}},{"duration":0,"transform":{}}],"name":"ui23"},{"frame":[{"duration":120,"transform":{}},{"duration":0,"transform":{}}],"name":"ui24"},{"frame":[{"duration":120,"transform":{}},{"duration":0,"transform":{}}],"name":"ui74"}],"name":"animation","ik":[]}],"type":"Armature","frameRate":30,"ik":[],"bone":[{"name":"root","transform":{}},{"transform":{"y":-263.22,"x":85.48},"name":"UI5","parent":"root"},{"length":42,"transform":{"y":-173.97,"skX":-97.93,"skY":-97.93,"x":158.495},"parent":"root","name":"w42"},{"length":135.5,"transform":{"y":-122.755,"skX":-97.82,"skY":-97.82,"x":172.22},"parent":"root","name":"w41"},{"transform":{"y":-120.545,"x":269.675},"name":"mask","parent":"root"},{"transform":{"y":-43.145,"x":520.22},"name":"ui15","parent":"root"},{"length":170,"transform":{"y":-78.48,"skX":-87.55,"skY":-87.55,"x":284.28},"parent":"root","name":"w34"},{"length":35.5,"transform":{"y":-138.495,"skX":-88.06,"skY":-88.06,"x":284.195},"parent":"root","name":"w32"},{"length":135.5,"transform":{"y":-79.985,"skX":-87.99,"skY":-87.99,"x":288.91},"parent":"root","name":"w31"},{"length":78,"transform":{"y":-53.955,"skX":-74.88,"skY":-74.88,"x":395.845},"parent":"root","name":"w2"},{"length":84.5,"transform":{"y":-223.075,"skX":-79.93,"skY":-79.93,"x":387.645},"parent":"root","name":"w1"},{"transform":{"y":-283.155,"x":523.185},"name":"ui14","parent":"root"},{"length":138,"transform":{"y":-87.905,"skX":-88.68,"skY":-88.68,"x":279.935},"parent":"root","name":"w33"},{"transform":{"y":-3.485,"x":26.37},"name":"ui17","parent":"ui15"},{"transform":{"y":30.675,"x":-0.56},"name":"ui13","parent":"ui14"},{"transform":{"y":-10.295,"x":-57.885},"name":"ui16","parent":"UI5"},{"transform":{"y":11.815,"x":23.67},"name":"ui12","parent":"ui14"},{"transform":{"y":3.845,"x":24.065},"name":"ui18","parent":"ui15"},{"transform":{"y":10.965,"x":24.485},"name":"ui19","parent":"ui15"},{"transform":{"y":18.3,"x":25.535},"name":"ui20","parent":"ui15"},{"transform":{"y":26.05,"x":26.37},"name":"ui21","parent":"ui15"},{"transform":{"y":-10.395,"x":24.485},"name":"ui22","parent":"ui15"},{"transform":{"y":-17.73,"x":25.115},"name":"ui23","parent":"ui15"},{"transform":{"y":-25.69,"x":23.855},"name":"ui24","parent":"ui15"},{"transform":{"y":-29.415,"x":-48.03},"name":"ui25","parent":"ui15"},{"transform":{"y":-29.235,"x":-37.44},"name":"ui27","parent":"ui15"},{"transform":{"y":30.325,"x":-0.36},"name":"ui11","parent":"ui14"},{"transform":{"y":-29.775,"x":-20.925},"name":"ui28","parent":"ui15"},{"transform":{"y":-20.44,"x":-48.93},"name":"ui29","parent":"ui15"},{"transform":{"y":-20.44,"x":-43.905},"name":"ui30","parent":"ui15"},{"transform":{"y":-20.26,"x":-39.595},"name":"ui31","parent":"ui15"},{"transform":{"y":-20.8,"x":-35.285},"name":"ui32","parent":"ui15"},{"transform":{"y":-20.44,"x":-22.36},"name":"ui33","parent":"ui15"},{"transform":{"y":-20.26,"x":-17.33},"name":"ui34","parent":"ui15"},{"transform":{"y":-20.26,"x":-12.485},"name":"ui35","parent":"ui15"},{"transform":{"y":-20.62,"x":-5.485},"name":"ui36","parent":"ui15"},{"transform":{"y":-12.18,"x":-47.675},"name":"ui37","parent":"ui15"},{"transform":{"y":-12.18,"x":-42.285},"name":"ui38","parent":"ui15"},{"transform":{"y":-12.18,"x":-22.9},"name":"ui39","parent":"ui15"},{"transform":{"y":-11.82,"x":-17.87},"name":"ui40","parent":"ui15"},{"transform":{"y":-29.235,"x":-43.185},"name":"ui26","parent":"ui15"},{"transform":{"scY":0.921,"y":-10.295,"scX":0.921,"x":-57.885},"name":"ui9","parent":"UI5"},{"transform":{"y":-10.295,"x":-57.885},"name":"ui10","parent":"UI5"},{"transform":{"y":-3.385,"x":-42.645},"name":"ui44","parent":"ui15"},{"transform":{"y":-3.385,"x":-38.515},"name":"ui45","parent":"ui15"},{"transform":{"y":-3.205,"x":-34.565},"name":"ui46","parent":"ui15"},{"transform":{"y":-2.485,"x":-22.9},"name":"ui47","parent":"ui15"},{"transform":{"y":-2.665,"x":-17.155},"name":"ui48","parent":"ui15"},{"transform":{"y":-3.025,"x":-12.125},"name":"ui49","parent":"ui15"},{"transform":{"y":-3.025,"x":-6.38},"name":"ui50","parent":"ui15"},{"transform":{"y":5.77,"x":-47.855},"name":"ui51","parent":"ui15"},{"transform":{"y":5.59,"x":-42.825},"name":"ui52","parent":"ui15"},{"transform":{"y":5.59,"x":-37.26},"name":"ui53","parent":"ui15"},{"transform":{"y":5.59,"x":-32.95},"name":"ui54","parent":"ui15"},{"transform":{"y":5.41,"x":-23.615},"name":"ui55","parent":"ui15"},{"transform":{"y":5.59,"x":-17.51},"name":"ui56","parent":"ui15"},{"transform":{"y":5.59,"x":-10.15},"name":"ui57","parent":"ui15"},{"transform":{"y":5.59,"x":-5.305},"name":"ui58","parent":"ui15"},{"transform":{"y":14.925,"x":-48.57},"name":"ui59","parent":"ui15"},{"transform":{"y":15.105,"x":-43.185},"name":"ui60","parent":"ui15"},{"transform":{"y":14.925,"x":-38.875},"name":"ui61","parent":"ui15"},{"transform":{"y":14.745,"x":-34.39},"name":"ui62","parent":"ui15"},{"transform":{"y":14.385,"x":-22.72},"name":"ui63","parent":"ui15"},{"transform":{"y":14.025,"x":-16.795},"name":"ui64","parent":"ui15"},{"transform":{"y":14.385,"x":-11.05},"name":"ui65","parent":"ui15"},{"transform":{"y":23.005,"x":-48.39},"name":"ui66","parent":"ui15"},{"transform":{"y":23.185,"x":-42.285},"name":"ui67","parent":"ui15"},{"transform":{"y":23.36,"x":-36.72},"name":"ui68","parent":"ui15"},{"transform":{"y":23.36,"x":-23.255},"name":"ui69","parent":"ui15"},{"transform":{"y":23.54,"x":-18.77},"name":"ui70","parent":"ui15"},{"transform":{"y":23.36,"x":-13.56},"name":"ui71","parent":"ui15"},{"transform":{"y":23.36,"x":-8.355},"name":"ui72","parent":"ui15"},{"transform":{"y":22.825,"x":-3.51},"name":"ui73","parent":"ui15"},{"transform":{"y":-32.605,"x":25.745},"name":"ui74","parent":"ui15"},{"transform":{"y":36.65,"x":-52.16},"name":"ui3","parent":"ui15"},{"transform":{"y":36.65,"x":-39.055},"name":"ui2","parent":"ui15"},{"transform":{"y":36.29,"x":10.31},"name":"ui1","parent":"ui15"},{"transform":{"y":-3.385,"x":-47.675},"name":"ui43","parent":"ui15"},{"transform":{"y":-28.23,"x":7.4},"name":"UI7","parent":"UI5"},{"transform":{"y":20.5,"x":-20.85},"name":"UI6","parent":"UI5"},{"transform":{"y":-12.18,"x":-12.845},"name":"ui41","parent":"ui15"},{"transform":{"y":-12.18,"x":-7.815},"name":"ui42","parent":"ui15"}],"aabb":{"width":571,"y":-321,"height":321.005,"x":0},"skin":[{"slot":[{"display":[{"path":"ui50","type":"image","name":"ui50","transform":{"y":-0.07,"x":0.41}}],"name":"ui50"},{"display":[{"path":"ui12","type":"image","name":"ui12","transform":{"y":0.335,"x":-0.355}}],"blendMode":"add","name":"ui12"},{"display":[{"path":"w41","type":"image","name":"w41","transform":{"y":-0.465,"skX":97.84,"skY":97.84,"x":67.94}}],"blendMode":"add","name":"w41"},{"display":[{"path":"ui71","type":"image","name":"ui71","transform":{"y":-0.21,"x":0.34}}],"name":"ui71"},{"display":[{"path":"ui70","type":"image","name":"ui70","transform":{"y":-0.14,"x":0.3}}],"blendMode":"add","name":"ui70"},{"display":[{"path":"ui49","type":"image","name":"ui49","transform":{"y":-0.07,"x":0.905}}],"name":"ui49"},{"display":[{"path":"ui11","type":"image","name":"ui11","transform":{"y":23.58,"x":22.925}}],"name":"ui11"},{"display":[{"path":"ui56","type":"image","name":"ui56","transform":{"y":0.055,"x":0.79}}],"name":"ui56"},{"display":[{"path":"ui35","type":"image","name":"ui35","transform":{"y":-0.585,"x":1.265}}],"name":"ui35"},{"display":[{"path":"ui42","type":"image","name":"ui42","transform":{"y":0.33,"x":0.345}}],"name":"ui42"},{"display":[{"path":"w42","type":"image","name":"w42","transform":{"y":0.04,"skX":97.95,"skY":97.95,"x":21.98}}],"name":"w42"},{"display":[{"path":"ui48","type":"image","name":"ui48","transform":{"y":-0.43,"x":-0.065}}],"name":"ui48"},{"display":[{"path":"ui18","type":"image","name":"ui18","transform":{"y":0.3,"x":1.71}}],"name":"ui18"},{"display":[{"path":"ui27","type":"image","name":"ui27","transform":{"y":-0.11,"x":0.72}}],"name":"ui27"},{"display":[{"path":"ui63","type":"image","name":"ui63","transform":{"y":0.01,"x":1}}],"name":"ui63"},{"display":[{"path":"ui34","type":"image","name":"ui34","transform":{"y":-0.335,"x":0.11}}],"name":"ui34"},{"display":[{"path":"background","type":"image","name":"background","transform":{"y":-160.5,"x":285.5}}],"name":"background"},{"display":[{"path":"ui17","type":"image","name":"ui17","transform":{"y":0.385,"x":-0.59}}],"name":"ui17"},{"display":[{"path":"ui28","type":"image","name":"ui28","transform":{"y":0.175,"x":-0.295}}],"name":"ui28"},{"display":[{"path":"UI6","type":"image","name":"UI6","transform":{"y":-0.025,"x":-0.125}}],"name":"UI6"},{"display":[{"path":"UI5","type":"image","name":"UI5","transform":{"y":3.22,"x":30.765}}],"blendMode":"add","name":"UI5"},{"display":[{"path":"ui13","type":"image","name":"ui13","transform":{"y":-0.265,"x":-0.12}}],"name":"ui13"},{"display":[{"path":"ui47","type":"image","name":"ui47","transform":{"y":-0.61,"x":-0.07}}],"name":"ui47"},{"display":[{"path":"ui55","type":"image","name":"ui55","transform":{"y":0.485,"x":0.645}}],"name":"ui55"},{"display":[{"path":"ui54","type":"image","name":"ui54","transform":{"y":0.055,"x":-0.265}}],"name":"ui54"},{"display":[{"path":"ui23","type":"image","name":"ui23","transform":{"y":0.13,"x":0.66}}],"name":"ui23"},{"display":[{"path":"ui33","type":"image","name":"ui33","transform":{"y":-0.155,"x":-0.105}}],"name":"ui33"},{"display":[{"path":"ui3","type":"image","name":"ui3","transform":{"y":-0.25,"x":0.19}}],"blendMode":"add","name":"ui3"},{"display":[{"path":"ui73","type":"image","name":"ui73","transform":{"y":0.32,"x":0.04}}],"name":"ui73"},{"display":[{"path":"ui26","type":"image","name":"ui26","transform":{"y":-0.36,"x":0.215}}],"name":"ui26"},{"display":[{"path":"ui22","type":"image","name":"ui22","transform":{"y":0.755,"x":0.03}}],"name":"ui22"},{"display":[{"path":"ui62","type":"image","name":"ui62","transform":{"y":0.15,"x":-0.08}}],"name":"ui62"},{"display":[{"path":"ui9","type":"image","name":"ui9","transform":{"y":0.27,"x":-0.345}}],"blendMode":"add","name":"ui9"},{"display":[{"path":"ui41","type":"image","name":"ui41","transform":{"y":0.33,"x":0.125}}],"name":"ui41"},{"display":[{"path":"w1","type":"image","name":"w1","transform":{"y":-0.32,"skX":79.9,"skY":79.9,"x":41}}],"name":"w1"},{"display":[{"path":"w34","type":"image","name":"w34","transform":{"y":0.935,"skX":87.54,"skY":87.54,"x":88.385}}],"blendMode":"add","name":"w34"},{"display":[{"path":"ui25","type":"image","name":"ui25","transform":{"y":-0.18,"x":0.06}}],"name":"ui25"},{"display":[{"path":"ui61","type":"image","name":"ui61","transform":{"y":-0.025,"x":0.405}}],"name":"ui61"},{"display":[{"path":"ui60","type":"image","name":"ui60","transform":{"y":-0.205,"x":0.465}}],"name":"ui60"},{"display":[{"path":"ui14","type":"image","name":"ui14","transform":{"y":30.155,"x":-17.435}}],"blendMode":"add","name":"ui14"},{"display":[{"path":"mask","type":"image","name":"mask","transform":{"y":-27.95,"x":-4.675}}],"blendMode":"add","name":"mask"},{"display":[{"path":"ui46","type":"image","name":"ui46","transform":{"y":-0.14,"x":0.345}}],"name":"ui46"},{"display":[{"path":"ui53","type":"image","name":"ui53","transform":{"y":0.305,"x":0.29}}],"name":"ui53"},{"display":[{"path":"ui32","type":"image","name":"ui32","transform":{"y":0.195,"x":0.565}}],"name":"ui32"},{"display":[{"path":"w2","type":"image","name":"w2","transform":{"y":0.625,"skX":74.84,"skY":74.84,"x":45.27}}],"blendMode":"add","name":"w2"},{"display":[{"path":"ui39","type":"image","name":"ui39","transform":{"y":0.58,"x":-0.57}}],"name":"ui39"},{"display":[{"path":"ui68","type":"image","name":"ui68","transform":{"y":0.035,"x":0.25}}],"name":"ui68"},{"display":[{"path":"ui8","type":"image","name":"ui8","transform":{"y":0.02,"x":0.15}}],"blendMode":"add","name":"ui8"},{"display":[{"path":"ui72","type":"image","name":"ui72","transform":{"y":-0.21,"x":-0.11}}],"name":"ui72"},{"display":[{"path":"ui16","type":"image","name":"ui16","transform":{"y":0.045,"x":1.29}}],"name":"ui16"},{"display":[{"path":"ui52","type":"image","name":"ui52","transform":{"y":0.305,"x":0.605}}],"name":"ui52"},{"display":[{"path":"ui21","type":"image","name":"ui21","transform":{"y":-0.4,"x":-0.59}}],"name":"ui21"},{"display":[{"path":"w31","type":"image","name":"w31","transform":{"y":0.395,"skX":87.98,"skY":87.98,"x":69.565}}],"blendMode":"add","name":"w31"},{"display":[{"path":"ui67","type":"image","name":"ui67","transform":{"y":0.21,"x":0.315}}],"name":"ui67"},{"display":[{"path":"ui38","type":"image","name":"ui38","transform":{"y":0.33,"x":0.565}}],"name":"ui38"},{"display":[{"path":"ui45","type":"image","name":"ui45","transform":{"y":0.285,"x":0.545}}],"name":"ui45"},{"display":[{"path":"ui15","type":"image","name":"ui15","transform":{"y":-6.6,"x":-3.97}}],"name":"ui15"},{"display":[{"path":"ui20","type":"image","name":"ui20","transform":{"y":0.345,"x":0.24}}],"name":"ui20"},{"display":[{"path":"ui1","type":"image","name":"ui1","transform":{"y":0.105,"x":-0.28}}],"name":"ui1"},{"display":[{"path":"ui2","type":"image","name":"ui2","transform":{"y":-0.25,"x":0.335}}],"name":"ui2"},{"display":[{"path":"ui69","type":"image","name":"ui69","transform":{"y":0.035,"x":-0.21}}],"name":"ui69"},{"display":[{"path":"ui44","type":"image","name":"ui44","transform":{"y":0.285,"x":0.175}}],"name":"ui44"},{"display":[{"path":"ui51","type":"image","name":"ui51","transform":{"y":-0.37,"x":-0.115}}],"name":"ui51"},{"display":[{"path":"ui31","type":"image","name":"ui31","transform":{"y":-0.335,"x":0.375}}],"name":"ui31"},{"display":[{"path":"ui58","type":"image","name":"ui58","transform":{"y":0.305,"x":0.335}}],"name":"ui58"},{"display":[{"path":"ui66","type":"image","name":"ui66","transform":{"y":0.64,"x":0.67}}],"name":"ui66"},{"display":[{"path":"ui65","type":"image","name":"ui65","transform":{"y":0.26,"x":1.58}}],"name":"ui65"},{"display":[{"path":"ui19","type":"image","name":"ui19","transform":{"y":0.18,"x":1.29}}],"name":"ui19"},{"display":[{"path":"ui59","type":"image","name":"ui59","transform":{"y":-0.025,"x":0.6}}],"name":"ui59"},{"display":[{"path":"ui37","type":"image","name":"ui37","transform":{"y":0.33,"x":0.205}}],"name":"ui37"},{"display":[{"path":"ui24","type":"image","name":"ui24","transform":{"y":0.84,"x":1.915}}],"name":"ui24"},{"display":[{"path":"ui43","type":"image","name":"ui43","transform":{"y":0.285,"x":-0.04}}],"name":"ui43"},{"display":[{"path":"ui10","type":"image","name":"ui10","transform":{"y":0.02,"x":-0.095}}],"blendMode":"add","name":"ui10"},{"display":[{"path":"ui30","type":"image","name":"ui30","transform":{"y":0.09,"x":-0.06}}],"name":"ui30"},{"display":[{"path":"ui57","type":"image","name":"ui57","transform":{"y":0.305,"x":-0.065}}],"name":"ui57"},{"display":[{"path":"ui36","type":"image","name":"ui36","transform":{"y":-0.225,"x":0.515}}],"name":"ui36"},{"display":[{"path":"w33","type":"image","name":"w33","transform":{"y":1.005,"skX":88.69,"skY":88.69,"x":68.13}}],"name":"w33"},{"display":[{"path":"w32","type":"image","name":"w32","transform":{"y":0.43,"skX":88.05,"skY":88.05,"x":18.275}}],"name":"w32"},{"display":[{"path":"ui40","type":"image","name":"ui40","transform":{"y":-0.275,"x":-0.095}}],"name":"ui40"},{"display":[{"path":"ui29","type":"image","name":"ui29","transform":{"y":-0.405,"x":-0.035}}],"name":"ui29"},{"display":[{"path":"UI7","type":"image","name":"UI7","transform":{"y":-0.04,"x":-0.13}}],"name":"UI7"},{"display":[{"path":"ui64","type":"image","name":"ui64","transform":{"y":0.37,"x":1.325}}],"name":"ui64"}],"name":""}],"slot":[{"name":"background","parent":"root","color":{}},{"blendMode":"add","z":1,"parent":"mask","name":"mask","color":{}},{"z":2,"name":"w1","parent":"w1","color":{}},{"blendMode":"add","z":3,"parent":"w2","name":"w2","color":{}},{"blendMode":"add","z":4,"parent":"w31","name":"w31","color":{}},{"z":5,"name":"w32","parent":"w32","color":{}},{"z":6,"name":"w33","parent":"w33","color":{}},{"blendMode":"add","z":7,"parent":"w34","name":"w34","color":{}},{"blendMode":"add","z":8,"parent":"w41","name":"w41","color":{}},{"z":9,"name":"w42","parent":"w42","color":{}},{"z":10,"name":"ui1","parent":"ui1","color":{}},{"z":11,"name":"ui2","parent":"ui2","color":{}},{"blendMode":"add","z":12,"parent":"ui3","displayIndex":-1,"name":"ui3","color":{}},{"blendMode":"add","z":13,"parent":"ui16","name":"ui10","color":{}},{"blendMode":"add","z":14,"parent":"ui9","name":"ui9","color":{}},{"blendMode":"add","z":15,"parent":"ui10","name":"ui8","color":{}},{"z":16,"name":"UI7","parent":"UI7","color":{}},{"z":17,"name":"UI6","parent":"UI6","color":{}},{"blendMode":"add","z":18,"parent":"UI5","name":"UI5","color":{}},{"blendMode":"add","z":19,"parent":"ui14","name":"ui14","color":{}},{"z":20,"name":"ui13","parent":"ui13","color":{}},{"blendMode":"add","z":21,"parent":"ui12","displayIndex":-1,"name":"ui12","color":{}},{"z":22,"name":"ui11","parent":"ui11","color":{}},{"z":23,"name":"ui15","parent":"ui15","color":{}},{"z":24,"name":"ui16","parent":"ui22","color":{}},{"z":25,"name":"ui17","parent":"ui17","color":{}},{"z":26,"name":"ui18","parent":"ui18","color":{}},{"z":27,"name":"ui19","parent":"ui19","color":{}},{"z":28,"name":"ui20","parent":"ui20","color":{}},{"z":29,"name":"ui21","parent":"ui21","color":{}},{"displayIndex":-1,"z":30,"name":"ui22","parent":"ui74","color":{}},{"z":31,"name":"ui23","parent":"ui23","color":{}},{"displayIndex":-1,"z":32,"name":"ui24","parent":"ui24","color":{}},{"displayIndex":-1,"z":33,"name":"ui73","parent":"ui73","color":{}},{"displayIndex":-1,"z":34,"name":"ui72","parent":"ui72","color":{}},{"displayIndex":-1,"z":35,"name":"ui71","parent":"ui71","color":{}},{"blendMode":"add","z":36,"parent":"ui70","displayIndex":-1,"name":"ui70","color":{}},{"displayIndex":-1,"z":37,"name":"ui69","parent":"ui69","color":{}},{"displayIndex":-1,"z":38,"name":"ui68","parent":"ui68","color":{}},{"displayIndex":-1,"z":39,"name":"ui67","parent":"ui67","color":{}},{"displayIndex":-1,"z":40,"name":"ui66","parent":"ui66","color":{}},{"displayIndex":-1,"z":41,"name":"ui65","parent":"ui65","color":{}},{"displayIndex":-1,"z":42,"name":"ui64","parent":"ui64","color":{}},{"displayIndex":-1,"z":43,"name":"ui63","parent":"ui63","color":{}},{"displayIndex":-1,"z":44,"name":"ui62","parent":"ui62","color":{}},{"displayIndex":-1,"z":45,"name":"ui61","parent":"ui61","color":{}},{"displayIndex":-1,"z":46,"name":"ui60","parent":"ui60","color":{}},{"displayIndex":-1,"z":47,"name":"ui59","parent":"ui59","color":{}},{"displayIndex":-1,"z":48,"name":"ui58","parent":"ui58","color":{}},{"displayIndex":-1,"z":49,"name":"ui57","parent":"ui57","color":{}},{"displayIndex":-1,"z":50,"name":"ui56","parent":"ui56","color":{}},{"displayIndex":-1,"z":51,"name":"ui55","parent":"ui55","color":{}},{"displayIndex":-1,"z":52,"name":"ui54","parent":"ui54","color":{}},{"displayIndex":-1,"z":53,"name":"ui53","parent":"ui53","color":{}},{"displayIndex":-1,"z":54,"name":"ui52","parent":"ui52","color":{}},{"displayIndex":-1,"z":55,"name":"ui51","parent":"ui51","color":{}},{"displayIndex":-1,"z":56,"name":"ui50","parent":"ui50","color":{}},{"displayIndex":-1,"z":57,"name":"ui49","parent":"ui49","color":{}},{"displayIndex":-1,"z":58,"name":"ui48","parent":"ui48","color":{}},{"displayIndex":-1,"z":59,"name":"ui47","parent":"ui47","color":{}},{"displayIndex":-1,"z":60,"name":"ui46","parent":"ui46","color":{}},{"displayIndex":-1,"z":61,"name":"ui45","parent":"ui45","color":{}},{"displayIndex":-1,"z":62,"name":"ui44","parent":"ui44","color":{}},{"displayIndex":-1,"z":63,"name":"ui43","parent":"ui43","color":{}},{"displayIndex":-1,"z":64,"name":"ui42","parent":"ui42","color":{}},{"displayIndex":-1,"z":65,"name":"ui41","parent":"ui41","color":{}},{"displayIndex":-1,"z":66,"name":"ui40","parent":"ui40","color":{}},{"displayIndex":-1,"z":67,"name":"ui39","parent":"ui39","color":{}},{"displayIndex":-1,"z":68,"name":"ui38","parent":"ui38","color":{}},{"displayIndex":-1,"z":69,"name":"ui37","parent":"ui37","color":{}},{"displayIndex":-1,"z":70,"name":"ui36","parent":"ui36","color":{}},{"displayIndex":-1,"z":71,"name":"ui35","parent":"ui35","color":{}},{"displayIndex":-1,"z":72,"name":"ui34","parent":"ui34","color":{}},{"z":73,"name":"ui33","parent":"ui33","color":{}},{"z":74,"name":"ui32","parent":"ui32","color":{}},{"z":75,"name":"ui31","parent":"ui31","color":{}},{"z":76,"name":"ui30","parent":"ui30","color":{}},{"z":77,"name":"ui29","parent":"ui29","color":{}},{"z":78,"name":"ui28","parent":"ui28","color":{}},{"z":79,"name":"ui27","parent":"ui27","color":{}},{"z":80,"name":"ui26","parent":"ui26","color":{}},{"z":81,"name":"ui25","parent":"ui25","color":{}}],"name":"armatureName"}],"name":"gonghuifuben","version":"4.0"}