{"frameRate":60,"isGlobal":0,"armature":[{"bone":[{"inheritScale":false,"name":"000_fuji","transform":{}},{"inheritScale":false,"transform":{},"name":"001_beijingguang","parent":"000_fuji"},{"inheritScale":false,"transform":{"y":-0.7692},"name":"005_faguang1","parent":"000_fuji"},{"inheritScale":false,"transform":{},"name":"002_juese","parent":"000_fuji"},{"inheritScale":false,"transform":{},"name":"003_wenzidiban","parent":"000_fuji"},{"inheritScale":false,"transform":{},"name":"004_biaotidiban","parent":"000_fuji"},{"inheritScale":false,"transform":{},"name":"007_xingxing1","parent":"000_fuji"},{"inheritScale":false,"transform":{},"name":"006_shuxing","parent":"003_wenzidiban"},{"inheritScale":false,"transform":{},"name":"005_mingzi","parent":"004_biaotidiban"},{"inheritScale":false,"transform":{},"name":"007_xingxing1_1","parent":"007_xingxing1"}],"animation":[{"bone":[{"frame":[{"tweenEasing":0,"transform":{},"duration":1},{"tweenEasing":0,"transform":{},"duration":19},{"tweenEasing":0,"transform":{},"duration":20},{"tweenEasing":0,"transform":{},"duration":80},{"transform":{},"duration":0}],"name":"006_shuxing"},{"frame":[{"tweenEasing":0,"transform":{},"duration":1},{"tweenEasing":0,"transform":{"y":-8},"duration":19},{"tweenEasing":0,"transform":{"y":-8},"duration":20},{"tweenEasing":0,"transform":{"y":-8},"duration":80},{"transform":{"y":-8},"duration":0}],"name":"005_mingzi"},{"frame":[{"tweenEasing":0,"transform":{},"duration":1},{"tweenEasing":0,"transform":{},"duration":19},{"tweenEasing":0,"transform":{"scY":1.05,"y":-65,"scX":0.95},"duration":20},{"tweenEasing":0,"transform":{"y":-59},"duration":80},{"transform":{"y":-59},"duration":0}],"name":"004_biaotidiban"},{"frame":[{"tweenEasing":0,"transform":{"scY":0.5,"scX":0.5},"duration":1},{"tweenEasing":0,"transform":{"scY":0.5,"scX":0.5},"duration":19},{"tweenEasing":0,"transform":{"scY":1.02,"scX":1.02},"duration":20},{"tweenEasing":0,"transform":{},"duration":80},{"transform":{},"duration":0}],"name":"003_wenzidiban"},{"frame":[{"tweenEasing":0,"transform":{"y":20},"duration":1},{"tweenEasing":0,"transform":{"y":20},"duration":19},{"tweenEasing":0,"transform":{"scY":1.02,"y":-5},"duration":20},{"tweenEasing":0,"transform":{},"duration":80},{"transform":{},"duration":0}],"name":"002_juese"},{"frame":[{"tweenEasing":0,"transform":{"y":-180},"duration":1},{"tweenEasing":0,"transform":{"y":-180},"duration":19},{"tweenEasing":0,"transform":{"scY":3,"y":-180,"scX":3},"duration":40},{"tweenEasing":0,"transform":{"scY":3.5,"y":-180,"scX":3.5},"duration":1},{"transform":{"scY":3.5,"y":-180,"skX":180,"skY":180,"scX":3.5},"duration":59}],"name":"005_faguang1"},{"frame":[{"tweenEasing":0,"transform":{"scY":2,"y":-180,"scX":2},"duration":1},{"tweenEasing":0,"transform":{"y":-180},"duration":19},{"tweenEasing":0,"transform":{"scY":3,"y":-180,"skX":45,"skY":45,"scX":3},"duration":20},{"tweenEasing":0,"transform":{"scY":2.8,"y":-180,"skX":90,"skY":90,"scX":2.8},"duration":80},{"transform":{"scY":2.8,"y":-180,"skX":180,"skY":180,"scX":2.8},"duration":0}],"name":"001_beijingguang"},{"frame":[{"tweenEasing":0,"transform":{},"duration":120},{"transform":{},"duration":0}],"name":"000_fuji"},{"frame":[{"transform":{},"duration":120}],"name":"007_xingxing1"},{"frame":[{"transform":{},"duration":120}],"name":"007_xingxing1_1"}],"slot":[{"frame":[{"tweenEasing":0,"duration":1},{"tweenEasing":0,"color":{"aM":0},"duration":19},{"tweenEasing":0,"duration":20},{"tweenEasing":0,"duration":80},{"tweenEasing":null,"duration":0}],"name":"006_shuxing"},{"frame":[{"tweenEasing":0,"duration":1},{"tweenEasing":0,"color":{"aM":0},"duration":19},{"tweenEasing":0,"duration":20},{"tweenEasing":0,"duration":80},{"tweenEasing":null,"duration":0}],"name":"005_mingzi"},{"frame":[{"tweenEasing":0,"color":{"aM":0},"duration":1},{"tweenEasing":0,"color":{"aM":0},"duration":19},{"tweenEasing":0,"duration":20},{"tweenEasing":0,"duration":80},{"tweenEasing":null,"duration":0}],"name":"004_biaotidiban"},{"frame":[{"tweenEasing":0,"color":{"aM":0},"duration":1},{"tweenEasing":0,"color":{"aM":0},"duration":19},{"tweenEasing":0,"duration":20},{"tweenEasing":0,"duration":80},{"tweenEasing":null,"duration":0}],"name":"003_wenzidiban"},{"frame":[{"tweenEasing":0,"duration":1},{"tweenEasing":0,"color":{"aM":0},"duration":19},{"tweenEasing":0,"duration":20},{"tweenEasing":0,"duration":80},{"tweenEasing":null,"duration":0}],"name":"002_juese"},{"frame":[{"tweenEasing":0,"duration":1},{"tweenEasing":0,"color":{"aM":0},"duration":19},{"tweenEasing":0,"duration":40},{"tweenEasing":0,"color":{"aM":0},"duration":1},{"displayIndex":-1,"tweenEasing":null,"color":{"aM":0},"duration":59}],"name":"005_faguang1"},{"frame":[{"displayIndex":-1,"tweenEasing":0,"duration":1},{"tweenEasing":0,"color":{"aM":0},"duration":19},{"tweenEasing":0,"duration":20},{"tweenEasing":0,"duration":80},{"tweenEasing":null,"duration":0}],"name":"001_beijingguang"},{"frame":[{"displayIndex":-1,"tweenEasing":0,"duration":120},{"displayIndex":-1,"tweenEasing":null,"duration":0}],"name":"000_fuji"},{"frame":[{"displayIndex":-1,"tweenEasing":null,"duration":120}],"name":"007_xingxing1"},{"frame":[{"displayIndex":-1,"tweenEasing":null,"duration":120}],"name":"007_xingxing1_1"}],"ffd":[],"frame":[],"name":"000_chuxian","duration":120,"ik":[]},{"playTimes":0,"bone":[{"frame":[{"tweenEasing":0,"transform":{},"duration":240},{"transform":{},"duration":0}],"name":"006_shuxing"},{"frame":[{"tweenEasing":0,"transform":{"y":-8},"duration":240},{"transform":{"y":-8},"duration":0}],"name":"005_mingzi"},{"frame":[{"tweenEasing":0,"transform":{"y":-59},"duration":240},{"transform":{"y":-59},"duration":0}],"name":"004_biaotidiban"},{"frame":[{"tweenEasing":0,"transform":{},"duration":240},{"transform":{},"duration":0}],"name":"003_wenzidiban"},{"frame":[{"tweenEasing":0,"transform":{},"duration":240},{"transform":{},"duration":0}],"name":"002_juese"},{"frame":[{"tweenEasing":0,"transform":{"scY":2.8,"y":-180,"skX":180,"skY":180,"scX":2.8},"duration":120},{"tweenEasing":0,"transform":{"scY":2.8,"y":-180,"scX":2.8},"duration":120},{"transform":{"scY":2.8,"y":-180,"skX":540,"skY":540,"scX":2.8},"duration":0}],"name":"001_beijingguang"},{"frame":[{"tweenEasing":0,"transform":{},"duration":240},{"transform":{},"duration":0}],"name":"000_fuji"},{"frame":[{"transform":{},"duration":240}],"name":"005_faguang1"},{"frame":[{"transform":{},"duration":240}],"name":"007_xingxing1"},{"frame":[{"transform":{},"duration":240}],"name":"007_xingxing1_1"}],"slot":[{"frame":[{"tweenEasing":0,"duration":240},{"tweenEasing":null,"duration":0}],"name":"006_shuxing"},{"frame":[{"tweenEasing":0,"duration":240},{"tweenEasing":null,"duration":0}],"name":"005_mingzi"},{"frame":[{"tweenEasing":0,"duration":240},{"tweenEasing":null,"duration":0}],"name":"004_biaotidiban"},{"frame":[{"tweenEasing":0,"duration":240},{"tweenEasing":null,"duration":0}],"name":"003_wenzidiban"},{"frame":[{"tweenEasing":0,"duration":240},{"tweenEasing":null,"duration":0}],"name":"002_juese"},{"frame":[{"tweenEasing":0,"duration":240},{"tweenEasing":null,"duration":0}],"name":"001_beijingguang"},{"frame":[{"displayIndex":-1,"tweenEasing":0,"duration":240},{"displayIndex":-1,"tweenEasing":null,"duration":0}],"name":"000_fuji"},{"frame":[{"displayIndex":-1,"tweenEasing":null,"duration":240}],"name":"005_faguang1"},{"frame":[{"displayIndex":-1,"tweenEasing":null,"duration":240}],"name":"007_xingxing1"},{"frame":[{"displayIndex":-1,"tweenEasing":null,"duration":240}],"name":"007_xingxing1_1"}],"ffd":[],"frame":[],"name":"001_xunhuan","duration":240,"ik":[]},{"bone":[{"frame":[{"tweenEasing":0,"transform":{"scY":10,"scX":10},"duration":10},{"tweenEasing":0,"transform":{"scY":7.75,"scX":7.75},"duration":10},{"tweenEasing":0,"transform":{},"duration":10},{"tweenEasing":0,"transform":{"scY":0.9,"scX":0.9},"duration":10},{"transform":{},"duration":0}],"name":"007_xingxing1"},{"frame":[{"tweenEasing":0,"transform":{},"duration":40},{"transform":{},"duration":0}],"name":"000_fuji"},{"frame":[{"transform":{},"duration":40}],"name":"001_beijingguang"},{"frame":[{"transform":{},"duration":40}],"name":"005_faguang1"},{"frame":[{"transform":{},"duration":40}],"name":"002_juese"},{"frame":[{"transform":{},"duration":40}],"name":"003_wenzidiban"},{"frame":[{"transform":{},"duration":40}],"name":"004_biaotidiban"},{"frame":[{"transform":{},"duration":40}],"name":"006_shuxing"},{"frame":[{"transform":{},"duration":40}],"name":"005_mingzi"},{"frame":[{"transform":{},"duration":40}],"name":"007_xingxing1_1"}],"slot":[{"frame":[{"tweenEasing":0,"color":{"aM":7},"duration":10},{"tweenEasing":0,"duration":10},{"tweenEasing":0,"duration":10},{"tweenEasing":0,"duration":10},{"tweenEasing":null,"duration":0}],"name":"007_xingxing1"},{"frame":[{"displayIndex":-1,"tweenEasing":0,"duration":40},{"displayIndex":-1,"tweenEasing":null,"duration":0}],"name":"000_fuji"},{"frame":[{"displayIndex":-1,"tweenEasing":null,"duration":40}],"name":"001_beijingguang"},{"frame":[{"displayIndex":-1,"tweenEasing":null,"duration":40}],"name":"005_faguang1"},{"frame":[{"displayIndex":-1,"tweenEasing":null,"duration":40}],"name":"002_juese"},{"frame":[{"displayIndex":-1,"tweenEasing":null,"duration":40}],"name":"003_wenzidiban"},{"frame":[{"displayIndex":-1,"tweenEasing":null,"duration":40}],"name":"004_biaotidiban"},{"frame":[{"displayIndex":-1,"tweenEasing":null,"duration":40}],"name":"005_mingzi"},{"frame":[{"displayIndex":-1,"tweenEasing":null,"duration":40}],"name":"006_shuxing"},{"frame":[{"displayIndex":-1,"tweenEasing":null,"duration":40}],"name":"007_xingxing1_1"}],"ffd":[],"frame":[],"name":"002_xingxing_chuxian","duration":40,"ik":[]},{"bone":[{"frame":[{"tweenEasing":0,"transform":{},"duration":15},{"tweenEasing":0,"transform":{},"duration":10},{"tweenEasing":0,"transform":{},"duration":15},{"transform":{},"duration":0}],"name":"007_xingxing1_1"},{"frame":[{"tweenEasing":0,"transform":{},"duration":40},{"transform":{},"duration":0}],"name":"007_xingxing1"},{"frame":[{"transform":{},"duration":40}],"name":"000_fuji"},{"frame":[{"transform":{},"duration":40}],"name":"001_beijingguang"},{"frame":[{"transform":{},"duration":40}],"name":"005_faguang1"},{"frame":[{"transform":{},"duration":40}],"name":"002_juese"},{"frame":[{"transform":{},"duration":40}],"name":"003_wenzidiban"},{"frame":[{"transform":{},"duration":40}],"name":"004_biaotidiban"},{"frame":[{"transform":{},"duration":40}],"name":"006_shuxing"},{"frame":[{"transform":{},"duration":40}],"name":"005_mingzi"}],"slot":[{"frame":[{"tweenEasing":0,"color":{"aM":0},"duration":15},{"tweenEasing":0,"duration":10},{"tweenEasing":0,"duration":15},{"tweenEasing":null,"color":{"aM":0},"duration":0}],"name":"007_xingxing1_1"},{"frame":[{"tweenEasing":0,"duration":40},{"tweenEasing":null,"duration":0}],"name":"007_xingxing1"},{"frame":[{"displayIndex":-1,"tweenEasing":null,"duration":40}],"name":"000_fuji"},{"frame":[{"displayIndex":-1,"tweenEasing":null,"duration":40}],"name":"001_beijingguang"},{"frame":[{"displayIndex":-1,"tweenEasing":null,"duration":40}],"name":"005_faguang1"},{"frame":[{"displayIndex":-1,"tweenEasing":null,"duration":40}],"name":"002_juese"},{"frame":[{"displayIndex":-1,"tweenEasing":null,"duration":40}],"name":"003_wenzidiban"},{"frame":[{"displayIndex":-1,"tweenEasing":null,"duration":40}],"name":"004_biaotidiban"},{"frame":[{"displayIndex":-1,"tweenEasing":null,"duration":40}],"name":"005_mingzi"},{"frame":[{"displayIndex":-1,"tweenEasing":null,"duration":40}],"name":"006_shuxing"}],"ffd":[],"frame":[],"name":"003_xingxing_gaoliang","duration":40,"ik":[]}],"type":"Armature","frameRate":60,"aabb":{"width":392,"y":-426.9798,"height":519.4798000000001,"x":-196},"skin":[{"slot":[{"display":[{"path":"jg_zhaohuan_ima/IconHunterStarNor2","type":"image","name":"jg_zhaohuan_ima/IconHunterStarNor2","transform":{}}],"name":"007_xingxing1_1"},{"display":[{"path":"jg_zhaohuan_ima/shuxing","type":"image","name":"jg_zhaohuan_ima/shuxing","transform":{}}],"name":"006_shuxing"},{"display":[{"path":"jg_zhaohuan_ima/wenzidiban","type":"image","name":"jg_zhaohuan_ima/wenzidiban","transform":{}}],"name":"003_wenzidiban"},{"display":[{"path":"jg_zhaohuan_ima/IconHunterStarNor","type":"image","name":"jg_zhaohuan_ima/IconHunterStarNor","transform":{}}],"name":"007_xingxing1"},{"display":[{"path":"jg_zhaohuan_ima/daojuguang_cheng","type":"image","name":"jg_zhaohuan_ima/daojuguang_cheng","transform":{}}],"blendMode":"add","name":"001_beijingguang"},{"display":[{"path":"jg_zhaohuan_ima/daojuguang_cheng","type":"image","name":"jg_zhaohuan_ima/daojuguang_cheng","transform":{}}],"blendMode":"add","name":"005_faguang1"},{"display":[{"path":"jg_zhaohuan_ima/biaotidiban","type":"image","name":"jg_zhaohuan_ima/biaotidiban","transform":{}}],"name":"004_biaotidiban"},{"display":[{"path":"jg_zhaohuan_ima/juese","type":"image","name":"jg_zhaohuan_ima/juese","transform":{"y":-213.9798}}],"name":"002_juese"},{"display":[{"path":"jg_zhaohuan_ima/mingzi","type":"image","name":"jg_zhaohuan_ima/mingzi","transform":{}}],"name":"005_mingzi"}],"name":""}],"defaultActions":[{"gotoAndPlay":"000_chuxian"}],"ik":[],"name":"armatureName","slot":[{"displayIndex":-1,"name":"000_fuji","parent":"000_fuji","color":{}},{"blendMode":"add","z":1,"parent":"001_beijingguang","name":"001_beijingguang","color":{}},{"blendMode":"add","z":2,"parent":"005_faguang1","name":"005_faguang1","color":{}},{"z":3,"name":"002_juese","parent":"002_juese","color":{}},{"z":4,"name":"003_wenzidiban","parent":"003_wenzidiban","color":{}},{"z":5,"name":"004_biaotidiban","parent":"004_biaotidiban","color":{}},{"z":6,"name":"005_mingzi","parent":"005_mingzi","color":{}},{"z":7,"name":"006_shuxing","parent":"006_shuxing","color":{}},{"z":8,"name":"007_xingxing1","parent":"007_xingxing1","color":{}},{"z":9,"name":"007_xingxing1_1","parent":"007_xingxing1_1","color":{}}]}],"name":"jg_zhaohuan","version":"4.0"}