{"frameRate":30,"name":"beastcleaner","version":"5.5","compatibleVersion":"5.5","armature":[{"type":"Armature","frameRate":30,"name":"armatureName","aabb":{"x":-127.33,"y":-254.46,"width":280.03,"height":253.42},"bone":[{"name":"root"},{"length":40,"name":"body","parent":"root","transform":{"x":34.42,"y":-37.98,"skX":-22.38,"skY":-22.38}},{"length":17,"name":"hose","parent":"body","transform":{"x":41.43,"y":0.89,"skX":11.09,"skY":11.09}},{"name":"eye","parent":"body","transform":{"x":4.75,"y":-28.16}},{"length":18,"name":"bone","parent":"hose","transform":{"x":17.66,"skX":-10.5,"skY":-10.5}},{"length":25,"name":"bone2","parent":"bone","transform":{"x":18.66,"skX":-16.48,"skY":-16.48}},{"length":21,"name":"bone3","parent":"bone2","transform":{"x":25.49,"y":0.02,"skX":-27.62,"skY":-27.62}},{"length":17,"name":"bone4","parent":"bone3","transform":{"x":21.54,"y":0.08,"skX":-26.8,"skY":-26.8}},{"length":13,"name":"hose2","parent":"bone4","transform":{"x":17.36,"y":-0.32,"skX":-18.84,"skY":-18.84}},{"length":12,"name":"bone5","parent":"hose2","transform":{"x":13.65,"y":0.02,"skX":-43.32,"skY":-43.32}},{"length":13,"name":"bone6","parent":"bone5","transform":{"x":12.74,"y":-0.01,"skX":11.8,"skY":11.8}},{"length":11,"name":"bone7","parent":"bone6","transform":{"x":13.47,"skX":43.27,"skY":43.27}},{"length":14,"name":"bone8","parent":"bone7","transform":{"x":12.09,"y":0.14,"skX":23.68,"skY":23.68}},{"length":11,"name":"bone9","parent":"bone8","transform":{"x":14.66,"y":-0.03,"skX":4.01,"skY":4.01}},{"length":11,"name":"bone10","parent":"bone9","transform":{"x":11.32,"skX":-17.87,"skY":-17.87}},{"length":11,"name":"bone11","parent":"bone10","transform":{"x":11.55,"y":0.01,"skX":-20.35,"skY":-20.35}},{"length":15,"name":"bone12","parent":"bone11","transform":{"x":11.09,"y":0.02,"skX":-21.56,"skY":-21.56}},{"length":15,"name":"bone13","parent":"bone12","transform":{"x":15.51,"y":-0.53,"skX":-19.59,"skY":-19.59}},{"length":11,"name":"bone14","parent":"bone13","transform":{"x":15.34,"y":0.02,"skX":-16.37,"skY":-16.37}},{"length":9,"name":"bone15","parent":"bone14","transform":{"x":11.03,"y":0.01,"skX":-16.66,"skY":-16.66}},{"length":11,"name":"bone16","parent":"bone15","transform":{"x":9.66,"y":0.01,"skX":-15.06,"skY":-15.06}},{"length":9,"name":"bone17","parent":"bone16","transform":{"x":11.32,"y":0.37,"skX":-8.91,"skY":-8.91}},{"length":6,"name":"bone18","parent":"bone17","transform":{"x":9.65,"skX":-23.98,"skY":-23.98}},{"length":137,"name":"tube","parent":"bone18","transform":{"x":6.02,"y":2.17,"skX":7.14,"skY":7.14}},{"inheritScale":false,"length":51,"name":"mouth","parent":"tube","transform":{"x":156.9,"y":-0.89,"skX":-88.92,"skY":-88.92}},{"inheritScale":false,"length":20,"name":"tongue","parent":"mouth","transform":{"x":-15.19,"y":6.15,"skX":177.89,"skY":177.89}},{"inheritScale":false,"length":10,"name":"tongue2","parent":"tongue","transform":{"x":17.39,"y":1.55,"skX":50.79,"skY":50.79}},{"length":10,"name":"bone19","parent":"tongue2","transform":{"x":10.04,"y":0.03,"skX":25.47,"skY":25.47}},{"length":14,"name":"bone20","parent":"bone19","transform":{"x":10.18,"y":-0.03,"skX":22.06,"skY":22.06}},{"length":12,"name":"bone21","parent":"bone20","transform":{"x":14.26,"y":-0.03,"skX":17.2,"skY":17.2}},{"length":10,"name":"bone22","parent":"bone21","transform":{"x":12.81,"y":-0.01,"skX":2,"skY":2}},{"length":11,"name":"bone23","parent":"bone22","transform":{"x":10.6,"skX":-11.87,"skY":-11.87}},{"length":11,"name":"bone24","parent":"bone23","transform":{"x":11.23,"skX":-22.68,"skY":-22.68}},{"length":11,"name":"bone25","parent":"bone24","transform":{"x":11.02,"y":0.02,"skX":-17.37,"skY":-17.37}},{"length":9,"name":"bone26","parent":"bone25","transform":{"x":11.82,"y":0.01,"skX":-28.27,"skY":-28.27}},{"length":6,"name":"tongue3","parent":"bone26","transform":{"x":8.6,"y":-4.83,"skX":-42.53,"skY":-42.53}},{"length":9,"name":"bone27","parent":"tongue3","transform":{"x":6.86,"skX":-19.82,"skY":-19.82}},{"length":9,"name":"bone28","parent":"bone27","transform":{"x":9.75,"y":0.01,"skX":-30.85,"skY":-30.85}},{"length":13,"name":"bone29","parent":"bone28","transform":{"x":9.07,"y":0.04,"skX":-28.12,"skY":-28.12}},{"length":9,"name":"bone30","parent":"bone29","transform":{"x":13.37,"y":-0.19,"skX":-12.51,"skY":-12.51}}],"slot":[{"name":"body","parent":"body"},{"name":"hose","parent":"hose2"},{"name":"tube","parent":"tube"},{"name":"eye","parent":"eye"},{"name":"mouth","parent":"mouth"},{"name":"tongue","parent":"tongue3"}],"skin":[{"slot":[{"name":"mouth","display":[{"name":"mouth","transform":{"x":1.36,"y":0.26,"skX":-45.76,"skY":-45.76}}]},{"name":"tongue","display":[{"type":"mesh","name":"tongue","width":71,"height":101,"vertices":[-36.35,-188.43,-32.08,-177.65,-32.09,-167.35,-34.17,-161.14,-40.21,-154.11,-45.13,-150.54,-52.23,-146.23,-64.83,-141.72,-74.05,-137.62,-80.85,-131.1,-84.9,-121.45,-84.08,-110.69,-78.02,-101.53,-88.44,-101.52,-103.06,-116.5,-102.23,-129.81,-97.93,-138.88,-92.11,-144.97,-83.17,-150.92,-74.1,-155.05,-63.79,-159.74,-55.27,-165.33,-48.39,-171.97,-45.98,-179.11,-49.42,-182.95,-55.89,-184.16,-63.87,-179.75,-69.75,-173.63,-79.21,-171.2,-85.48,-174.48,-87.52,-183.06,-84.93,-192.12,-79.6,-197.27,-72.88,-201.02,-66.27,-202.44,-56.42,-201.25,-44.73,-196.89],"uvs":[0.93981,0.13852,1,0.24529,1,0.34729,0.97062,0.40873,0.88569,0.47845,0.81632,0.51388,0.71629,0.5566,0.53878,0.60141,0.40896,0.64199,0.31318,0.70664,0.25616,0.80227,0.26766,0.90903,0.35296,0.99999,0.20596,0.99998,0,0.8514,0.01193,0.71946,0.07231,0.6296,0.15435,0.56927,0.28025,0.51036,0.40803,0.4693,0.55328,0.4228,0.67314,0.36737,0.77017,0.30156,0.80404,0.23091,0.75533,0.19282,0.6643,0.18096,0.552,0.22467,0.4693,0.28543,0.33616,0.30976,0.24762,0.27721,0.21877,0.19232,0.25518,0.10239,0.33009,0.0514,0.42482,0.01413,0.5179,0,0.65663,0.01169,0.82138,0.0548],"triangles":[23,22,1,0,23,1,1,22,2,22,3,2,22,4,3,22,21,4,36,24,0,24,23,0,21,5,4,21,6,5,25,24,36,35,25,36,21,20,6,34,25,35,20,7,6,34,26,25,34,33,26,31,30,27,19,8,7,31,27,26,32,31,26,33,32,26,19,7,20,30,28,27,30,29,28,18,8,19,17,9,8,18,17,8,11,13,12,17,16,9,15,10,9,16,15,9,10,14,11,14,13,11,15,14,10],"weights":[1,34,1,3,33,0.64581,34,0.35412,36,0.00005,3,30,0.00002,32,0.28489,33,0.71508,4,30,0.00006,31,0.00744,32,0.69478,33,0.29769,3,31,0.34928,32,0.63897,33,0.01173,3,30,0.01586,31,0.72977,32,0.25434,3,30,0.38294,31,0.61701,33,0.00003,3,28,0.00533,29,0.54491,30,0.44975,4,26,0.0048,28,0.44834,29,0.53772,30,0.00911,4,26,0.17696,27,0.24327,28,0.5657,29,0.01405,4,26,0.73633,27,0.1882,25,0.04096,28,0.03449,3,26,0.15662,27,0.00766,25,0.8357,1,25,1,1,25,1,1,25,1,3,26,0.26124,27,0.65864,25,0.0801,2,27,0.72047,28,0.27952,3,27,0.15553,25,0.00002,28,0.84444,2,28,0.57522,29,0.42476,4,28,0.00703,29,0.84622,30,0.14668,32,0.00005,5,28,0.00004,29,0.07073,30,0.686,31,0.23616,32,0.00703,6,28,0.00001,35,0.00356,30,0.09337,31,0.52638,32,0.35046,33,0.02618,4,35,0.09376,31,0.0361,32,0.47099,33,0.39913,5,35,0.57966,32,0.03621,33,0.33322,34,0.04702,36,0.00387,5,35,0.80462,33,0.04092,36,0.13981,37,0.01161,38,0.003,5,35,0.24227,33,0.00113,36,0.4185,37,0.24113,38,0.09694,5,35,0.01078,36,0.08394,37,0.15583,38,0.65892,39,0.0905,4,36,0.00618,37,0.00792,38,0.40933,39,0.57655,1,39,1,1,39,1,2,38,0.19779,39,0.8022,3,37,0.00264,38,0.7054,39,0.29194,3,37,0.0866,38,0.8564,39,0.05698,2,37,0.37319,38,0.6268,3,36,0.02682,37,0.692,38,0.28117,2,36,0.50932,37,0.49066,4,35,0.37369,33,0.00001,34,0.03915,36,0.58713],"slotPose":[1,0,0,1,0,0],"bonePose":[25,-0.723329,-0.690504,0.690504,-0.723329,-84.5914,-104.244349,34,-0.156434,-0.987688,0.987688,-0.156434,-36.853206,-178.71603,30,0.946593,-0.322431,0.322431,0.946593,-67.048133,-149.583241,33,0.33002,-0.943974,0.943974,0.33002,-40.763484,-167.561559,36,-0.94749,-0.319786,0.319786,-0.94749,-48.340005,-190.72221,32,0.596785,-0.802401,0.802401,0.596785,-47.356105,-158.731035,31,0.86003,-0.510243,0.510243,0.86003,-57.014247,-153.001009,28,0.787903,-0.615799,0.615799,0.787903,-90.23593,-136.217953,29,0.934764,-0.35527,0.35527,0.934764,-79.018903,-145.022884,26,0.077763,-0.996972,0.996972,0.077763,-96.099807,-117.373369,27,0.498942,-0.866636,0.866636,0.498942,-95.289156,-127.380634,35,-0.782934,-0.622105,0.622105,-0.782934,-42.969077,-186.454571,37,-0.977416,0.211325,-0.211325,-0.977416,-57.574831,-193.849601,38,-0.762443,0.647056,-0.647056,-0.762443,-66.448446,-191.971982,39,-0.604182,0.796846,-0.796846,-0.604182,-76.519362,-183.175979],"edges":[14,13,13,12,12,11,11,10,10,9,9,8,8,7,7,6,6,5,5,4,4,3,3,2,2,1,1,0,0,36,36,35,35,34,34,33,33,32,32,31,31,30,30,29,29,28,28,27,27,26,26,25,25,24,24,23,23,22,22,21,21,20,20,19,19,18,18,17,17,16,16,15,15,14],"userEdges":[]}]},{"name":"body","display":[{"name":"body","transform":{"x":1.22,"y":-10.91,"skX":22.52,"skY":22.52}}]},{"name":"hose","display":[{"type":"mesh","name":"hose","width":110,"height":193,"vertices":[122.83,-195.08,125.15,-180.54,123.44,-170.75,120.36,-164.25,117.88,-158.65,116.07,-150.44,120.18,-145.98,126.63,-142.58,137.63,-136.25,144.01,-126.13,146.88,-116.77,146.84,-102.8,144.14,-89.25,134.08,-73.92,115.45,-57.81,92.93,-47.35,72.01,-45.01,67.35,-53.32,68.83,-62.64,85.02,-64.19,104,-73.43,119.22,-87.01,126.86,-101.62,127.87,-112.67,122.67,-122.35,115.68,-126.17,109.42,-130.29,100.3,-136.07,95.02,-144.8,95.12,-155.77,99.96,-169.59,102.44,-180.04,101.71,-190.18,98.1,-198.06,91.98,-204.44,84.33,-208.92,80.13,-210.76,69.19,-212.37,59.44,-210.64,51.92,-206.64,47.39,-202.81,44.06,-203.1,37.23,-210.55,37.25,-216.25,44.23,-220.46,52.78,-224.72,59.57,-227.6,67.32,-229.91,79.31,-231.13,89.62,-229.5,96.95,-226.57,105.41,-220.58,112.73,-213.54,119.03,-207.49],"uvs":[0.77878,0.18582,0.80031,0.26112,0.78516,0.31192,0.75729,0.34568,0.73498,0.37468,0.71881,0.41732,0.75635,0.44035,0.81513,0.45784,0.91538,0.49051,0.97358,0.5429,1,0.59133,0.99998,0.6637,0.97577,0.73396,0.88475,0.81355,0.71562,0.89729,0.51107,0.95178,0.32084,0.96415,0.27832,0.92112,0.29147,0.87284,0.43879,0.86457,0.61118,0.81646,0.74928,0.74593,0.81829,0.67014,0.82722,0.61289,0.77964,0.56276,0.71589,0.54309,0.6589,0.52186,0.5758,0.4921,0.52755,0.44689,0.52815,0.39009,0.57174,0.31838,0.59395,0.26415,0.58699,0.21167,0.5539,0.1709,0.49792,0.138,0.42821,0.11499,0.39002,0.10553,0.29061,0.09744,0.20198,0.10663,0.13385,0.12754,0.09278,0.14752,0.06247,0.14611,0.00001,0.10764,0,0.07811,0.06334,0.05611,0.14088,0.03385,0.20249,0.01876,0.27285,0.0066,0.38176,0,0.47554,0.00825,0.54225,0.02326,0.61945,0.05413,0.68625,0.09041,0.74378,0.12165],"triangles":[9,23,10,22,12,11,10,23,11,23,22,11,24,23,9,21,13,12,22,21,12,8,24,9,7,24,8,21,14,13,20,14,21,25,24,7,6,25,7,26,25,6,31,2,1,0,32,1,32,31,1,31,30,3,31,3,2,53,32,0,27,26,5,33,32,53,30,4,3,5,26,6,52,33,53,29,5,4,30,29,4,28,27,5,29,28,5,20,15,14,19,15,20,51,34,52,34,33,52,50,34,51,35,34,50,49,35,50,36,35,49,48,36,49,19,16,15,17,16,19,37,36,48,18,17,19,47,37,48,47,46,37,46,38,37,46,45,38,45,44,38,44,39,38,44,42,39,42,41,39,41,40,39,43,42,44],"weights":[3,14,0.37259,15,0.60732,16,0.02007,3,13,0.32894,14,0.66686,15,0.00418,3,12,0.13751,13,0.68338,14,0.17909,4,10,0.00056,12,0.47072,13,0.51525,14,0.01345,4,10,0.02482,11,0.07238,12,0.7333,13,0.16947,4,9,0.01657,10,0.28652,11,0.38672,12,0.31018,4,9,0.23224,10,0.55715,11,0.15978,12,0.0508,5,8,0.00617,9,0.71959,10,0.25097,11,0.01861,12,0.00461,3,8,0.49597,9,0.50312,10,0.00089,3,7,0.12654,8,0.82662,9,0.04683,2,7,0.55099,8,0.449,3,6,0.19667,7,0.79718,8,0.00613,2,6,0.89036,7,0.10963,3,4,0.00005,5,0.47727,6,0.52266,3,4,0.28673,5,0.71282,6,0.00044,2,2,0.49618,4,0.50381,1,2,1,1,2,1,1,2,1,3,2,0.68546,4,0.3145,6,0.00002,2,4,0.35972,5,0.64026,5,2,0.00001,4,0.00018,5,0.43063,6,0.56895,8,0.0002,4,4,0.00001,6,0.49073,7,0.50659,8,0.00265,4,6,0.00964,7,0.5891,8,0.38004,9,0.0212,4,7,0.01241,8,0.38123,9,0.56038,10,0.04595,3,9,0.57819,10,0.42179,12,0.00001,3,9,0.13416,10,0.82077,11,0.04506,2,10,0.51901,11,0.48098,4,9,0.00004,10,0.10161,11,0.7859,12,0.11243,2,11,0.45348,12,0.5465,5,11,0.0004,12,0.61839,13,0.3651,14,0.01607,17,0.00001,5,12,0.04213,13,0.49306,14,0.4208,15,0.04394,17,0.00005,5,13,0.03294,14,0.35558,15,0.47873,16,0.13271,19,0.00001,6,12,0.00011,14,0.02239,15,0.29027,16,0.6231,17,0.06404,19,0.00005,6,12,0.00002,15,0.01761,16,0.42618,17,0.54267,18,0.01347,20,0.00002,5,14,0.00001,16,0.03198,17,0.6348,18,0.31364,19,0.01954,6,15,0.00007,17,0.29711,18,0.51026,19,0.09789,20,0.00465,23,0.09,5,15,0.00001,18,0.11976,19,0.44445,20,0.24576,23,0.19,6,17,0.00001,19,0.01593,20,0.43668,21,0.1873,22,0.06005,23,0.3,4,20,0.00673,21,0.14801,22,0.36525,23,0.48,1,23,1,1,23,1,1,23,1,1,23,1,2,21,0.52999,23,0.47,5,18,0.00014,19,0.00877,20,0.46761,21,0.23346,23,0.29,4,19,0.27151,20,0.53502,21,0.00345,23,0.19,5,18,0.0385,19,0.75203,20,0.11889,21,0.00055,23,0.09,5,17,0.05668,18,0.68873,19,0.18441,21,0.00016,23,0.07,3,17,0.56229,18,0.43766,21,0.00003,4,16,0.06134,17,0.8314,18,0.10685,19,0.00038,3,16,0.47327,17,0.52668,19,0.00004,3,15,0.11143,16,0.81557,17,0.07298,2,15,0.47818,16,0.52181],"slotPose":[1,0,0,1,0,0],"bonePose":[2,0.980649,-0.195775,0.195775,0.980649,73.068316,-52.93141,14,0.000698,-1,1,0.000698,113.241555,-179.196294,15,-0.347099,-0.937828,0.937828,-0.347099,113.259618,-190.746284,16,-0.667443,-0.744661,0.744661,-0.667443,109.429043,-201.153742,20,-0.94235,0.334629,-0.334629,-0.94235,64.804805,-221.285064,23,-0.703395,0.710799,-0.710799,-0.703395,40.139859,-209.797737,13,0.307523,-0.951541,0.951541,0.307523,109.760398,-168.424852,12,0.240228,-0.970716,0.970716,0.240228,106.267776,-154.186942,10,-0.79916,-0.601118,0.601118,-0.79916,118.948175,-134.151804,11,-0.169866,-0.985467,0.985467,-0.169866,108.183485,-142.248862,9,-0.905198,-0.42499,0.42499,-0.905198,130.484651,-128.74649,8,-0.366988,-0.930226,0.930226,-0.366988,135.475438,-116.041571,7,-0.046932,-0.998898,0.998898,-0.046932,136.609826,-98.715719,6,0.40849,-0.912763,0.912763,0.40849,127.737936,-79.087485,4,0.928551,-0.371206,0.371206,0.928551,90.386575,-56.388796,5,0.785101,-0.619368,0.619368,0.785101,107.713329,-63.315496,17,-0.878484,-0.477772,0.477772,-0.878484,98.682336,-212.349692,19,-0.996931,0.078285,-0.078285,-0.996931,74.435942,-222.031329,18,-0.977526,-0.210813,0.210813,-0.977526,85.21595,-219.696287,21,-0.87915,0.476545,-0.476545,-0.87915,54.013593,-217.84573,22,-0.609592,0.792715,-0.792715,-0.609592,45.529795,-213.247069],"edges":[43,42,42,41,41,40,40,39,39,38,38,37,37,36,36,35,35,34,34,33,33,32,32,31,31,30,30,29,29,28,28,27,27,26,26,25,25,24,24,23,23,22,22,21,21,20,20,19,19,18,18,17,17,16,16,15,15,14,14,13,13,12,12,11,11,10,10,9,9,8,8,7,7,6,6,5,5,4,4,3,3,2,2,1,1,0,0,53,53,52,52,51,51,50,50,49,49,48,48,47,47,46,46,45,45,44,44,43],"userEdges":[]}]},{"name":"tube","display":[{"name":"tube","transform":{"x":69.81,"y":-1.91,"skX":-134.34,"skY":-134.34}}]},{"name":"eye","display":[{"name":"eye","transform":{"x":0.44,"y":1.03,"skX":22.52,"skY":22.52}}]}]}],"animation":[{"duration":100,"name":"animation","bone":[{"name":"body","translateFrame":[{"duration":50,"tweenEasing":0},{"duration":50,"tweenEasing":0,"x":5.41,"y":3.24},{"duration":0}],"rotateFrame":[{"duration":50,"tweenEasing":0},{"duration":50,"tweenEasing":0,"rotate":10.61},{"duration":0}]},{"name":"eye","translateFrame":[{"duration":15},{"duration":5,"tweenEasing":0},{"duration":10,"x":4.04,"y":-1.02},{"duration":15,"tweenEasing":0,"x":4.04,"y":-1.02},{"duration":10,"tweenEasing":0,"x":3.74,"y":-1.79},{"duration":10,"x":-0.58,"y":-1.29},{"duration":35,"tweenEasing":0,"x":-0.58,"y":-1.29},{"duration":0}]},{"name":"hose","rotateFrame":[{"duration":15,"tweenEasing":0,"rotate":-8.31},{"duration":50,"tweenEasing":0,"rotate":-20.82},{"duration":35,"tweenEasing":0,"rotate":-0.35},{"duration":0,"rotate":-8.31}]},{"name":"bone","translateFrame":[{"duration":15,"tweenEasing":0},{"duration":50,"tweenEasing":0},{"duration":35,"tweenEasing":0,"x":-0.2,"y":1.82},{"duration":0}],"rotateFrame":[{"duration":15,"tweenEasing":0,"rotate":-7.45},{"duration":50,"tweenEasing":0,"rotate":-8.89},{"duration":35,"tweenEasing":0,"rotate":4.95},{"duration":0,"rotate":-7.45}]},{"name":"bone2","rotateFrame":[{"duration":15,"tweenEasing":0,"rotate":-21.28},{"duration":50,"tweenEasing":0,"rotate":-12.25},{"duration":35,"tweenEasing":0,"rotate":-15.07},{"duration":0,"rotate":-21.28}]},{"name":"bone3","translateFrame":[{"duration":15,"tweenEasing":0},{"duration":50,"tweenEasing":0},{"duration":35,"tweenEasing":0,"x":-6.54,"y":-2},{"duration":0}],"rotateFrame":[{"duration":15,"tweenEasing":0,"rotate":-21.95},{"duration":50,"tweenEasing":0,"rotate":-21.29},{"duration":35,"tweenEasing":0,"rotate":-17.3},{"duration":0,"rotate":-21.95}]},{"name":"bone4","translateFrame":[{"duration":15,"tweenEasing":0},{"duration":50,"tweenEasing":0},{"duration":35,"tweenEasing":0,"x":-8.09,"y":0.21},{"duration":0}],"rotateFrame":[{"duration":15,"tweenEasing":0},{"duration":50,"tweenEasing":0,"rotate":-6.13},{"duration":35,"tweenEasing":0,"rotate":-18.01},{"duration":0}]},{"name":"hose2","translateFrame":[{"duration":15,"tweenEasing":0},{"duration":50,"tweenEasing":0},{"duration":35,"tweenEasing":0,"x":-1.78,"y":-1.67},{"duration":0}],"rotateFrame":[{"duration":15,"tweenEasing":0,"rotate":-5.35},{"duration":50,"tweenEasing":0,"rotate":-3.8},{"duration":35,"tweenEasing":0,"rotate":-17.86},{"duration":0,"rotate":-5.35}]},{"name":"bone5","rotateFrame":[{"duration":15,"tweenEasing":0,"rotate":35.12},{"duration":50,"tweenEasing":0,"rotate":41.71},{"duration":35,"tweenEasing":0,"rotate":26.83},{"duration":0,"rotate":35.12}]},{"name":"bone6","rotateFrame":[{"duration":15,"tweenEasing":0,"rotate":35.92},{"duration":85,"tweenEasing":0,"rotate":25.12},{"duration":0,"rotate":35.92}]},{"name":"bone7","translateFrame":[{"duration":65,"tweenEasing":0},{"duration":35,"tweenEasing":0,"x":-4.45,"y":2.85},{"duration":0}],"rotateFrame":[{"duration":100,"rotate":-13.85}]},{"name":"bone8","rotateFrame":[{"duration":15,"tweenEasing":0,"rotate":12.35},{"duration":50,"tweenEasing":0,"rotate":13.71},{"duration":35,"tweenEasing":0,"rotate":19.61},{"duration":0,"rotate":12.35}]},{"name":"bone9","rotateFrame":[{"duration":15,"tweenEasing":0,"rotate":29.9},{"duration":50,"tweenEasing":0,"rotate":25.96},{"duration":35,"tweenEasing":0,"rotate":38.25},{"duration":0,"rotate":29.9}]},{"name":"bone10","rotateFrame":[{"duration":15,"tweenEasing":0,"rotate":27.15},{"duration":50,"tweenEasing":0,"rotate":22.78},{"duration":35,"tweenEasing":0,"rotate":25.01},{"duration":0,"rotate":27.15}]},{"name":"bone11","rotateFrame":[{"duration":15,"tweenEasing":0,"rotate":-12.49},{"duration":50,"tweenEasing":0,"rotate":10.93},{"duration":35,"tweenEasing":0,"rotate":15.02},{"duration":0,"rotate":-12.49}]},{"name":"bone12","rotateFrame":[{"duration":100,"rotate":-10.51}]},{"name":"bone13","rotateFrame":[{"duration":15,"tweenEasing":0,"rotate":-11.25},{"duration":85,"tweenEasing":0,"rotate":-19.15},{"duration":0,"rotate":-11.25}]},{"name":"bone14","rotateFrame":[{"duration":100,"rotate":-11.31}]},{"name":"bone15","rotateFrame":[{"duration":15,"tweenEasing":0,"rotate":-12.21},{"duration":85,"tweenEasing":0,"rotate":-2.58},{"duration":0,"rotate":-12.21}]},{"name":"bone17","rotateFrame":[{"duration":50,"tweenEasing":0,"rotate":-7.68},{"duration":50,"tweenEasing":0,"rotate":-24.91},{"duration":0,"rotate":-7.68}]},{"name":"tube","rotateFrame":[{"duration":15,"tweenEasing":0},{"duration":50,"tweenEasing":0,"rotate":6.28},{"duration":35,"tweenEasing":0,"rotate":1.24},{"duration":0}],"scaleFrame":[{"duration":15,"tweenEasing":0},{"duration":50,"tweenEasing":0},{"duration":35,"tweenEasing":0,"x":0.77},{"duration":0}]},{"name":"mouth","scaleFrame":[{"duration":65,"tweenEasing":0,"y":0.85},{"duration":35,"tweenEasing":0},{"duration":0,"y":0.85}]},{"name":"tongue2","translateFrame":[{"duration":10,"tweenEasing":0},{"duration":20,"tweenEasing":0,"x":-0.67,"y":-2.08},{"duration":20,"tweenEasing":0,"x":-0.67,"y":-2.08},{"duration":10,"tweenEasing":0},{"duration":20,"tweenEasing":0,"x":-0.67,"y":-2.08},{"duration":20,"tweenEasing":0,"x":-0.67,"y":-2.08},{"duration":0}],"rotateFrame":[{"duration":10,"tweenEasing":0},{"duration":20,"tweenEasing":0,"rotate":-6.98},{"duration":20,"tweenEasing":0,"rotate":3.83},{"duration":10,"tweenEasing":0},{"duration":20,"tweenEasing":0,"rotate":-6.98},{"duration":20,"tweenEasing":0,"rotate":3.83},{"duration":0}]},{"name":"bone19","translateFrame":[{"duration":10,"tweenEasing":0},{"duration":20,"tweenEasing":0,"x":-5.33,"y":-2.12},{"duration":20,"tweenEasing":0,"x":-5.33,"y":-2.12},{"duration":10,"tweenEasing":0},{"duration":20,"tweenEasing":0,"x":-5.33,"y":-2.12},{"duration":20,"tweenEasing":0,"x":-5.33,"y":-2.12},{"duration":0}],"rotateFrame":[{"duration":10,"tweenEasing":0},{"duration":20,"tweenEasing":0,"rotate":-10.49},{"duration":20,"tweenEasing":0,"rotate":9.2},{"duration":10,"tweenEasing":0},{"duration":20,"tweenEasing":0,"rotate":-10.49},{"duration":20,"tweenEasing":0,"rotate":9.2},{"duration":0}]},{"name":"bone20","rotateFrame":[{"duration":30,"tweenEasing":0},{"duration":20,"tweenEasing":0,"rotate":5.75},{"duration":30,"tweenEasing":0},{"duration":20,"tweenEasing":0,"rotate":5.75},{"duration":0}]},{"name":"bone21","translateFrame":[{"duration":10,"tweenEasing":0},{"duration":20,"tweenEasing":0},{"duration":20,"tweenEasing":0,"x":-1.18,"y":2.02},{"duration":10,"tweenEasing":0},{"duration":20,"tweenEasing":0},{"duration":20,"tweenEasing":0,"x":-1.18,"y":2.02},{"duration":0}],"rotateFrame":[{"duration":10,"tweenEasing":0},{"duration":20,"tweenEasing":0,"rotate":1.66},{"duration":20,"tweenEasing":0,"rotate":21},{"duration":10,"tweenEasing":0},{"duration":20,"tweenEasing":0,"rotate":1.66},{"duration":20,"tweenEasing":0,"rotate":21},{"duration":0}]},{"name":"bone22","translateFrame":[{"duration":10,"tweenEasing":0},{"duration":20,"tweenEasing":0},{"duration":20,"tweenEasing":0,"x":-1.57,"y":1.63},{"duration":10,"tweenEasing":0},{"duration":20,"tweenEasing":0},{"duration":20,"tweenEasing":0,"x":-1.57,"y":1.63},{"duration":0}],"rotateFrame":[{"duration":10,"tweenEasing":0},{"duration":20,"tweenEasing":0,"rotate":13.23},{"duration":20,"tweenEasing":0,"rotate":-4.53},{"duration":10,"tweenEasing":0},{"duration":20,"tweenEasing":0,"rotate":13.23},{"duration":20,"tweenEasing":0,"rotate":-4.53},{"duration":0}]},{"name":"bone23","translateFrame":[{"duration":10,"tweenEasing":0},{"duration":20,"tweenEasing":0,"x":0.32,"y":-1.31},{"duration":20,"tweenEasing":0,"x":-4.69,"y":2.38},{"duration":10,"tweenEasing":0},{"duration":20,"tweenEasing":0,"x":0.32,"y":-1.31},{"duration":20,"tweenEasing":0,"x":-4.69,"y":2.38},{"duration":0}],"rotateFrame":[{"duration":10,"tweenEasing":0},{"duration":20,"tweenEasing":0},{"duration":20,"tweenEasing":0,"rotate":-0.11},{"duration":10,"tweenEasing":0},{"duration":20,"tweenEasing":0},{"duration":20,"tweenEasing":0,"rotate":-0.11},{"duration":0}]},{"name":"bone24","translateFrame":[{"duration":10,"tweenEasing":0},{"duration":20,"tweenEasing":0,"x":0.58,"y":-0.4},{"duration":20,"tweenEasing":0,"x":0.88,"y":2.01},{"duration":10,"tweenEasing":0},{"duration":20,"tweenEasing":0,"x":0.58,"y":-0.4},{"duration":20,"tweenEasing":0,"x":0.88,"y":2.01},{"duration":0}],"rotateFrame":[{"duration":10,"tweenEasing":0},{"duration":20,"tweenEasing":0,"rotate":-16.2},{"duration":20,"tweenEasing":0,"rotate":5.81},{"duration":10,"tweenEasing":0},{"duration":20,"tweenEasing":0,"rotate":-16.2},{"duration":20,"tweenEasing":0,"rotate":5.81},{"duration":0}]},{"name":"bone25","rotateFrame":[{"duration":30,"tweenEasing":0},{"duration":20,"tweenEasing":0,"rotate":9.76},{"duration":30,"tweenEasing":0},{"duration":20,"tweenEasing":0,"rotate":9.76},{"duration":0}]},{"name":"bone26","translateFrame":[{"duration":30,"tweenEasing":0},{"duration":20,"tweenEasing":0,"x":-0.43,"y":-1.83},{"duration":30,"tweenEasing":0},{"duration":20,"tweenEasing":0,"x":-0.43,"y":-1.83},{"duration":0}],"rotateFrame":[{"duration":30,"tweenEasing":0},{"duration":20,"tweenEasing":0,"rotate":-3.41},{"duration":30,"tweenEasing":0},{"duration":20,"tweenEasing":0,"rotate":-3.41},{"duration":0}]},{"name":"tongue3","translateFrame":[{"duration":10,"tweenEasing":0},{"duration":20,"tweenEasing":0,"x":-1.16,"y":1.41},{"duration":20,"tweenEasing":0,"x":-1.16,"y":1.41},{"duration":10,"tweenEasing":0},{"duration":20,"tweenEasing":0,"x":-1.16,"y":1.41},{"duration":20,"tweenEasing":0,"x":-1.16,"y":1.41},{"duration":0}],"rotateFrame":[{"duration":10,"tweenEasing":0},{"duration":20,"tweenEasing":0,"rotate":14.75},{"duration":20,"tweenEasing":0,"rotate":0.46},{"duration":10,"tweenEasing":0},{"duration":20,"tweenEasing":0,"rotate":14.75},{"duration":20,"tweenEasing":0,"rotate":0.46},{"duration":0}]},{"name":"bone27","translateFrame":[{"duration":10,"tweenEasing":0},{"duration":20,"tweenEasing":0,"x":-3.37,"y":-0.02},{"duration":20,"tweenEasing":0,"x":0.4,"y":-0.47},{"duration":10,"tweenEasing":0},{"duration":20,"tweenEasing":0,"x":-3.37,"y":-0.02},{"duration":20,"tweenEasing":0,"x":0.4,"y":-0.47},{"duration":0}],"rotateFrame":[{"duration":10,"tweenEasing":0},{"duration":20,"tweenEasing":0},{"duration":20,"tweenEasing":0,"rotate":9.43},{"duration":10,"tweenEasing":0},{"duration":20,"tweenEasing":0},{"duration":20,"tweenEasing":0,"rotate":9.43},{"duration":0}]},{"name":"bone28","translateFrame":[{"duration":10,"tweenEasing":0},{"duration":20,"tweenEasing":0,"x":-3.56,"y":-1.78},{"duration":20,"tweenEasing":0,"x":0.85,"y":0.43},{"duration":10,"tweenEasing":0},{"duration":20,"tweenEasing":0,"x":-3.56,"y":-1.78},{"duration":20,"tweenEasing":0,"x":0.85,"y":0.43},{"duration":0}],"rotateFrame":[{"duration":10,"tweenEasing":0},{"duration":20,"tweenEasing":0},{"duration":20,"tweenEasing":0,"rotate":9.7},{"duration":10,"tweenEasing":0},{"duration":20,"tweenEasing":0},{"duration":20,"tweenEasing":0,"rotate":9.7},{"duration":0}]},{"name":"bone29","translateFrame":[{"duration":10,"tweenEasing":0},{"duration":20,"tweenEasing":0,"x":-6.22,"y":-0.3},{"duration":20,"tweenEasing":0,"x":-1.41,"y":1.57},{"duration":10,"tweenEasing":0},{"duration":20,"tweenEasing":0,"x":-6.22,"y":-0.3},{"duration":20,"tweenEasing":0,"x":-1.41,"y":1.57},{"duration":0}],"rotateFrame":[{"duration":10,"tweenEasing":0},{"duration":20,"tweenEasing":0},{"duration":20,"tweenEasing":0,"rotate":21.61},{"duration":10,"tweenEasing":0},{"duration":20,"tweenEasing":0},{"duration":20,"tweenEasing":0,"rotate":21.61},{"duration":0}]},{"name":"bone30","translateFrame":[{"duration":10,"tweenEasing":0},{"duration":20,"tweenEasing":0,"x":-2.88,"y":-2.45},{"duration":20,"tweenEasing":0,"x":-1.3,"y":1.73},{"duration":10,"tweenEasing":0},{"duration":20,"tweenEasing":0,"x":-2.88,"y":-2.45},{"duration":20,"tweenEasing":0,"x":-1.3,"y":1.73},{"duration":0}],"rotateFrame":[{"duration":10,"tweenEasing":0},{"duration":20,"tweenEasing":0},{"duration":20,"tweenEasing":0,"rotate":9.72},{"duration":10,"tweenEasing":0},{"duration":20,"tweenEasing":0},{"duration":20,"tweenEasing":0,"rotate":9.72},{"duration":0}]}]}],"defaultActions":[{"gotoAndPlay":"animation"}]}]}