{"frameRate":60,"isGlobal":0,"armature":[{"bone":[{"inheritScale":false,"name":"000_fuji","transform":{}},{"inheritScale":false,"transform":{},"name":"003_huang_shugan","parent":"000_fuji"},{"inheritScale":false,"transform":{},"name":"003_huang_shuguan","parent":"003_huang_shugan"},{"inheritScale":false,"transform":{},"name":"003_huang_shuye1","parent":"003_huang_shuguan"},{"inheritScale":false,"transform":{},"name":"003_huang_shuye2","parent":"003_huang_shuguan"},{"inheritScale":false,"transform":{},"name":"003_huang_shuye3","parent":"003_huang_shuguan"},{"inheritScale":false,"transform":{},"name":"003_huang_shuye4","parent":"003_huang_shuguan"},{"inheritScale":false,"transform":{},"name":"003_huang_guozi1","parent":"003_huang_shuguan"},{"inheritScale":false,"transform":{},"name":"003_huang_guozi2","parent":"003_huang_shuguan"},{"inheritScale":false,"transform":{},"name":"003_huang_guozi3","parent":"003_huang_shuguan"}],"type":"Armature","frameRate":60,"animation":[{"playTimes":0,"bone":[{"frame":[{"tweenEasing":0,"transform":{"y":12.5,"x":106.6667},"duration":90},{"tweenEasing":0,"transform":{"y":12.5,"skX":-1,"skY":-1,"x":106.6667},"duration":90},{"transform":{"y":12.5,"x":106.6667},"duration":0}],"name":"003_huang_shuye4"},{"frame":[{"tweenEasing":0,"transform":{"y":54.1667,"x":-5.8333},"duration":90},{"tweenEasing":0,"transform":{"y":54.1667,"skX":-1,"skY":-1,"x":-5.8333},"duration":90},{"transform":{"y":54.1667,"x":-5.8333},"duration":0}],"name":"003_huang_shuye3"},{"frame":[{"tweenEasing":0,"transform":{"y":-30.8333,"x":-10},"duration":90},{"tweenEasing":0,"transform":{"y":-30.8333,"skX":-1,"skY":-1,"x":-10},"duration":90},{"transform":{"y":-30.8333,"x":-10},"duration":0}],"name":"003_huang_shuye2"},{"frame":[{"tweenEasing":0,"transform":{"y":47.5,"x":-111.6667},"duration":90},{"tweenEasing":0,"transform":{"y":47.5,"skX":-1,"skY":-1,"x":-111.6667},"duration":90},{"transform":{"y":47.5,"x":-111.6667},"duration":0}],"name":"003_huang_shuye1"},{"frame":[{"tweenEasing":0,"transform":{"y":-98.3333,"x":-24.1667},"duration":75},{"tweenEasing":0,"transform":{"y":-98.3333,"skX":1,"skY":1,"x":-24.1667},"duration":105},{"transform":{"y":-98.3333,"x":-24.1667},"duration":0}],"name":"003_huang_shuguan"},{"frame":[{"tweenEasing":0,"transform":{"y":-100},"duration":180},{"transform":{"y":-100},"duration":0}],"name":"003_huang_shugan"},{"frame":[{"transform":{},"duration":180}],"name":"000_fuji"},{"frame":[{"transform":{},"duration":180}],"name":"003_huang_guozi1"},{"frame":[{"transform":{},"duration":180}],"name":"003_huang_guozi2"},{"frame":[{"transform":{},"duration":180}],"name":"003_huang_guozi3"}],"slot":[{"frame":[{"tweenEasing":0,"duration":90},{"tweenEasing":0,"duration":90},{"tweenEasing":null,"duration":0}],"name":"003_huang_shuye4"},{"frame":[{"tweenEasing":0,"duration":90},{"tweenEasing":0,"duration":90},{"tweenEasing":null,"duration":0}],"name":"003_huang_shuye3"},{"frame":[{"tweenEasing":0,"duration":90},{"tweenEasing":0,"duration":90},{"tweenEasing":null,"duration":0}],"name":"003_huang_shuye2"},{"frame":[{"tweenEasing":0,"duration":90},{"tweenEasing":0,"duration":90},{"tweenEasing":null,"duration":0}],"name":"003_huang_shuye1"},{"frame":[{"tweenEasing":0,"duration":75},{"tweenEasing":0,"duration":105},{"tweenEasing":null,"duration":0}],"name":"003_huang_shuguan"},{"frame":[{"tweenEasing":0,"duration":180},{"tweenEasing":null,"duration":0}],"name":"003_huang_shugan"},{"frame":[{"displayIndex":-1,"tweenEasing":null,"duration":180}],"name":"000_fuji"},{"frame":[{"displayIndex":-1,"tweenEasing":null,"duration":180}],"name":"003_huang_guozi1"},{"frame":[{"displayIndex":-1,"tweenEasing":null,"duration":180}],"name":"003_huang_guozi2"},{"frame":[{"displayIndex":-1,"tweenEasing":null,"duration":180}],"name":"003_huang_guozi3"}],"ffd":[],"ik":[],"frame":[],"name":"000_cheng_da","duration":180},{"playTimes":0,"bone":[{"frame":[{"tweenEasing":0,"transform":{"y":3.3333,"x":129.1667},"duration":105},{"tweenEasing":0,"transform":{"y":3.3333,"skX":1,"skY":1,"x":129.1667},"duration":75},{"transform":{"y":3.3333,"x":129.1667},"duration":0}],"name":"003_huang_guozi3"},{"frame":[{"tweenEasing":0,"transform":{"y":-24.1667,"x":3.3333},"duration":105},{"tweenEasing":0,"transform":{"y":-24.1667,"skX":1,"skY":1,"x":3.3333},"duration":75},{"transform":{"y":-24.1667,"x":3.3333},"duration":0}],"name":"003_huang_guozi2"},{"frame":[{"tweenEasing":0,"transform":{"y":31.6667,"x":-67.5},"duration":105},{"tweenEasing":0,"transform":{"y":31.6667,"skX":1,"skY":1,"x":-67.5},"duration":75},{"transform":{"y":31.6667,"x":-67.5},"duration":0}],"name":"003_huang_guozi1"},{"frame":[{"tweenEasing":0,"transform":{"y":12.5,"x":106.6667},"duration":90},{"tweenEasing":0,"transform":{"y":12.5,"skX":-1,"skY":-1,"x":106.6667},"duration":90},{"transform":{"y":12.5,"x":106.6667},"duration":0}],"name":"003_huang_shuye4"},{"frame":[{"tweenEasing":0,"transform":{"y":54.1667,"x":-5.8333},"duration":90},{"tweenEasing":0,"transform":{"y":54.1667,"skX":-1,"skY":-1,"x":-5.8333},"duration":90},{"transform":{"y":54.1667,"x":-5.8333},"duration":0}],"name":"003_huang_shuye3"},{"frame":[{"tweenEasing":0,"transform":{"y":-30.8333,"x":-10},"duration":90},{"tweenEasing":0,"transform":{"y":-30.8333,"skX":-1,"skY":-1,"x":-10},"duration":90},{"transform":{"y":-30.8333,"x":-10},"duration":0}],"name":"003_huang_shuye2"},{"frame":[{"tweenEasing":0,"transform":{"y":47.5,"x":-111.6667},"duration":90},{"tweenEasing":0,"transform":{"y":47.5,"skX":-1,"skY":-1,"x":-111.6667},"duration":90},{"transform":{"y":47.5,"x":-111.6667},"duration":0}],"name":"003_huang_shuye1"},{"frame":[{"tweenEasing":0,"transform":{"y":-98.3333,"x":-24.1667},"duration":75},{"tweenEasing":0,"transform":{"y":-98.3333,"skX":1,"skY":1,"x":-24.1667},"duration":105},{"transform":{"y":-98.3333,"x":-24.1667},"duration":0}],"name":"003_huang_shuguan"},{"frame":[{"tweenEasing":0,"transform":{"y":-100},"duration":180},{"transform":{"y":-100},"duration":0}],"name":"003_huang_shugan"},{"frame":[{"transform":{},"duration":180}],"name":"000_fuji"}],"slot":[{"frame":[{"tweenEasing":0,"duration":105},{"tweenEasing":0,"duration":75},{"tweenEasing":null,"duration":0}],"name":"003_huang_guozi3"},{"frame":[{"tweenEasing":0,"duration":105},{"tweenEasing":0,"duration":75},{"tweenEasing":null,"duration":0}],"name":"003_huang_guozi2"},{"frame":[{"tweenEasing":0,"duration":105},{"tweenEasing":0,"duration":75},{"tweenEasing":null,"duration":0}],"name":"003_huang_guozi1"},{"frame":[{"tweenEasing":0,"duration":90},{"tweenEasing":0,"duration":90},{"tweenEasing":null,"duration":0}],"name":"003_huang_shuye4"},{"frame":[{"tweenEasing":0,"duration":90},{"tweenEasing":0,"duration":90},{"tweenEasing":null,"duration":0}],"name":"003_huang_shuye3"},{"frame":[{"tweenEasing":0,"duration":90},{"tweenEasing":0,"duration":90},{"tweenEasing":null,"duration":0}],"name":"003_huang_shuye2"},{"frame":[{"tweenEasing":0,"duration":90},{"tweenEasing":0,"duration":90},{"tweenEasing":null,"duration":0}],"name":"003_huang_shuye1"},{"frame":[{"tweenEasing":0,"duration":75},{"tweenEasing":0,"duration":105},{"tweenEasing":null,"duration":0}],"name":"003_huang_shuguan"},{"frame":[{"tweenEasing":0,"duration":180},{"tweenEasing":null,"duration":0}],"name":"003_huang_shugan"},{"frame":[{"displayIndex":-1,"tweenEasing":null,"duration":180}],"name":"000_fuji"}],"ffd":[],"ik":[],"frame":[],"name":"001_cheng_da_guoshi","duration":180}],"defaultActions":[{"gotoAndPlay":"000_cheng_da"}],"aabb":{"width":380,"y":-134,"height":268,"x":-190},"ik":[],"name":"armatureName","skin":[{"slot":[{"display":[{"path":"huang_guoshu_da/yfruit9","type":"image","name":"huang_guoshu_da/yfruit9","transform":{}}],"name":"003_huang_guozi3"},{"display":[{"path":"huang_guoshu_da/yfruit7","type":"image","name":"huang_guoshu_da/yfruit7","transform":{}}],"name":"003_huang_guozi2"},{"display":[{"path":"trank","type":"image","name":"trank","transform":{}}],"name":"003_huang_shugan"},{"display":[{"path":"huang_guoshu_da/yl4","type":"image","name":"huang_guoshu_da/yl4","transform":{}}],"name":"003_huang_shuye4"},{"display":[{"path":"huang_guoshu_da/yl3","type":"image","name":"huang_guoshu_da/yl3","transform":{}}],"name":"003_huang_shuye3"},{"display":[{"path":"huang_guoshu_da/1","type":"image","name":"huang_guoshu_da/1","transform":{}}],"name":"003_huang_shuguan"},{"display":[{"path":"huang_guoshu_da/yl2","type":"image","name":"huang_guoshu_da/yl2","transform":{}}],"name":"003_huang_shuye2"},{"display":[{"path":"huang_guoshu_da/yl1","type":"image","name":"huang_guoshu_da/yl1","transform":{}}],"name":"003_huang_shuye1"},{"display":[{"path":"huang_guoshu_da/yfruit4","type":"image","name":"huang_guoshu_da/yfruit4","transform":{}}],"name":"003_huang_guozi1"}],"name":""}],"slot":[{"displayIndex":-1,"name":"000_fuji","parent":"000_fuji","color":{}},{"z":1,"name":"003_huang_shugan","parent":"003_huang_shugan","color":{}},{"z":2,"name":"003_huang_shuguan","parent":"003_huang_shuguan","color":{}},{"z":3,"name":"003_huang_shuye1","parent":"003_huang_shuye1","color":{}},{"z":4,"name":"003_huang_shuye2","parent":"003_huang_shuye2","color":{}},{"z":5,"name":"003_huang_shuye3","parent":"003_huang_shuye3","color":{}},{"z":6,"name":"003_huang_shuye4","parent":"003_huang_shuye4","color":{}},{"z":7,"name":"003_huang_guozi1","parent":"003_huang_guozi1","color":{}},{"z":8,"name":"003_huang_guozi2","parent":"003_huang_guozi2","color":{}},{"z":9,"name":"003_huang_guozi3","parent":"003_huang_guozi3","color":{}}]}],"name":"matou_guoshu_da","version":"4.0"}