{"frameRate":60,"isGlobal":0,"armature":[{"bone":[{"inheritScale":false,"name":"000_fuji","transform":{}},{"inheritScale":false,"transform":{"scY":2,"scX":2},"name":"001_dadiban","parent":"000_fuji"},{"inheritScale":false,"transform":{},"name":"000_ss_fuji","parent":"000_fuji"},{"inheritScale":false,"transform":{},"name":"007_wangge3","parent":"000_fuji"},{"inheritScale":false,"transform":{},"name":"006_wangge2","parent":"000_fuji"},{"inheritScale":false,"transform":{},"name":"005_wangge1","parent":"000_fuji"},{"inheritScale":false,"transform":{"scY":2,"scX":2},"name":"004_shuimo","parent":"000_ss_fuji"},{"inheritScale":false,"transform":{"scY":2,"scX":2},"name":"003_fangshexian","parent":"000_ss_fuji"},{"inheritScale":false,"transform":{"scY":2,"scX":2},"name":"002_guangyun","parent":"000_ss_fuji"},{"inheritScale":false,"transform":{},"name":"009_chibang1","parent":"000_ss_fuji"},{"inheritScale":false,"transform":{},"name":"010_chibang2","parent":"000_ss_fuji"},{"inheritScale":false,"transform":{"scY":2,"scX":2},"name":"008_muban","parent":"000_ss_fuji"},{"inheritScale":false,"transform":{},"name":"020_gaoguang2","parent":"000_ss_fuji"},{"inheritScale":false,"transform":{},"name":"019_gaoguang1","parent":"000_ss_fuji"},{"inheritScale":false,"transform":{},"name":"011_xiaodiban1","parent":"000_ss_fuji"},{"inheritScale":false,"transform":{},"name":"018_wenzi","parent":"000_ss_fuji"},{"inheritScale":false,"transform":{},"name":"013_xiaodiban3","parent":"011_xiaodiban1"},{"inheritScale":false,"transform":{},"name":"014_s_diban","parent":"011_xiaodiban1"},{"inheritScale":false,"transform":{},"name":"012_xiaodiban2","parent":"011_xiaodiban1"},{"inheritScale":false,"transform":{},"name":"017_s3","parent":"014_s_diban"},{"inheritScale":false,"transform":{},"name":"015_s1","parent":"014_s_diban"},{"inheritScale":false,"transform":{},"name":"016_s2","parent":"014_s_diban"}],"animation":[{"bone":[{"frame":[{"tweenEasing":0,"transform":{"y":-56.6667,"x":-320.0001},"duration":9},{"tweenEasing":0,"transform":{"y":-56.6667,"x":-320.0001},"duration":1},{"tweenEasing":0,"transform":{"y":-56.6667,"x":-320.0001},"duration":50},{"transform":{"y":-56.6667,"x":-320.0001},"duration":0}],"name":"005_wangge1"},{"frame":[{"tweenEasing":0,"transform":{"y":103.3333,"x":-145},"duration":9},{"tweenEasing":0,"transform":{"y":103.3333,"x":-145},"duration":1},{"tweenEasing":0,"transform":{"y":103.3333,"x":-145},"duration":50},{"transform":{"y":103.3333,"x":-145},"duration":0}],"name":"006_wangge2"},{"frame":[{"tweenEasing":0,"transform":{"y":-123.3334,"x":-83.3334},"duration":9},{"tweenEasing":0,"transform":{"y":-123.3334,"x":-83.3334},"duration":1},{"tweenEasing":0,"transform":{"y":-123.3334,"x":-83.3334},"duration":50},{"transform":{"y":-123.3334,"x":-83.3334},"duration":0}],"name":"007_wangge3"},{"frame":[{"tweenEasing":0,"transform":{"y":106,"x":-590.0001},"duration":10},{"tweenEasing":0,"transform":{"y":-4,"x":34},"duration":15},{"tweenEasing":0,"transform":{},"duration":35},{"transform":{},"duration":0}],"name":"001_dadiban"},{"frame":[{"tweenEasing":0,"transform":{},"duration":10},{"tweenEasing":0,"transform":{},"duration":15},{"tweenEasing":0,"transform":{},"duration":35},{"transform":{},"duration":0}],"name":"000_fuji"},{"frame":[{"transform":{},"duration":60}],"name":"000_ss_fuji"},{"frame":[{"transform":{},"duration":60}],"name":"002_guangyun"},{"frame":[{"transform":{},"duration":60}],"name":"003_fangshexian"},{"frame":[{"transform":{},"duration":60}],"name":"004_shuimo"},{"frame":[{"transform":{},"duration":60}],"name":"009_chibang1"},{"frame":[{"transform":{},"duration":60}],"name":"010_chibang2"},{"frame":[{"transform":{},"duration":60}],"name":"008_muban"},{"frame":[{"transform":{},"duration":60}],"name":"020_gaoguang2"},{"frame":[{"transform":{},"duration":60}],"name":"019_gaoguang1"},{"frame":[{"transform":{},"duration":60}],"name":"011_xiaodiban1"},{"frame":[{"transform":{},"duration":60}],"name":"018_wenzi"},{"frame":[{"transform":{},"duration":60}],"name":"013_xiaodiban3"},{"frame":[{"transform":{},"duration":60}],"name":"014_s_diban"},{"frame":[{"transform":{},"duration":60}],"name":"012_xiaodiban2"},{"frame":[{"transform":{},"duration":60}],"name":"017_s3"},{"frame":[{"transform":{},"duration":60}],"name":"015_s1"},{"frame":[{"transform":{},"duration":60}],"name":"016_s2"}],"slot":[{"frame":[{"displayIndex":-1,"tweenEasing":0,"duration":9},{"displayIndex":-1,"tweenEasing":0,"duration":1},{"tweenEasing":0,"color":{"aM":0},"duration":50},{"tweenEasing":null,"duration":0}],"name":"005_wangge1"},{"frame":[{"displayIndex":-1,"tweenEasing":0,"duration":9},{"displayIndex":-1,"tweenEasing":0,"duration":1},{"tweenEasing":0,"color":{"aM":0},"duration":50},{"tweenEasing":null,"duration":0}],"name":"006_wangge2"},{"frame":[{"displayIndex":-1,"tweenEasing":0,"duration":9},{"displayIndex":-1,"tweenEasing":0,"duration":1},{"tweenEasing":0,"color":{"aM":0},"duration":50},{"tweenEasing":null,"duration":0}],"name":"007_wangge3"},{"frame":[{"tweenEasing":0,"color":{"aM":0},"duration":10},{"tweenEasing":0,"duration":15},{"tweenEasing":0,"duration":35},{"tweenEasing":null,"duration":0}],"name":"001_dadiban"},{"frame":[{"displayIndex":-1,"tweenEasing":0,"duration":10},{"displayIndex":-1,"tweenEasing":0,"duration":15},{"displayIndex":-1,"tweenEasing":0,"duration":35},{"displayIndex":-1,"tweenEasing":null,"duration":0}],"name":"000_fuji"},{"frame":[{"displayIndex":-1,"tweenEasing":null,"duration":60}],"name":"000_ss_fuji"},{"frame":[{"displayIndex":-1,"tweenEasing":null,"duration":60}],"name":"002_guangyun"},{"frame":[{"displayIndex":-1,"tweenEasing":null,"duration":60}],"name":"003_fangshexian"},{"frame":[{"displayIndex":-1,"tweenEasing":null,"duration":60}],"name":"004_shuimo"},{"frame":[{"displayIndex":-1,"tweenEasing":null,"duration":60}],"name":"009_chibang1"},{"frame":[{"displayIndex":-1,"tweenEasing":null,"duration":60}],"name":"010_chibang2"},{"frame":[{"displayIndex":-1,"tweenEasing":null,"duration":60}],"name":"008_muban"},{"frame":[{"displayIndex":-1,"tweenEasing":null,"duration":60}],"name":"012_xiaodiban2"},{"frame":[{"displayIndex":-1,"tweenEasing":null,"duration":60}],"name":"013_xiaodiban3"},{"frame":[{"displayIndex":-1,"tweenEasing":null,"duration":60}],"name":"011_xiaodiban1"},{"frame":[{"displayIndex":-1,"tweenEasing":null,"duration":60}],"name":"014_s_diban"},{"frame":[{"displayIndex":-1,"tweenEasing":null,"duration":60}],"name":"015_s1"},{"frame":[{"displayIndex":-1,"tweenEasing":null,"duration":60}],"name":"016_s2"},{"frame":[{"displayIndex":-1,"tweenEasing":null,"duration":60}],"name":"017_s3"},{"frame":[{"displayIndex":-1,"tweenEasing":null,"duration":60}],"name":"018_wenzi"},{"frame":[{"displayIndex":-1,"tweenEasing":null,"duration":60}],"name":"019_gaoguang1"},{"frame":[{"displayIndex":-1,"tweenEasing":null,"duration":60}],"name":"020_gaoguang2"}],"ffd":[],"frame":[],"name":"000_diban_chuxian","duration":60,"ik":[]},{"bone":[{"frame":[{"tweenEasing":0,"transform":{"y":-56.6667,"x":-320.0001},"duration":60},{"transform":{"y":-56.6667,"x":-320.0001},"duration":0}],"name":"005_wangge1"},{"frame":[{"tweenEasing":0,"transform":{"y":103.3333,"x":-145},"duration":60},{"transform":{"y":103.3333,"x":-145},"duration":0}],"name":"006_wangge2"},{"frame":[{"tweenEasing":0,"transform":{"y":-123.3334,"x":-83.3334},"duration":60},{"transform":{"y":-123.3334,"x":-83.3334},"duration":0}],"name":"007_wangge3"},{"frame":[{"tweenEasing":0,"transform":{},"duration":60},{"transform":{},"duration":0}],"name":"001_dadiban"},{"frame":[{"tweenEasing":0,"transform":{},"duration":60},{"transform":{},"duration":0}],"name":"000_fuji"},{"frame":[{"transform":{},"duration":60}],"name":"000_ss_fuji"},{"frame":[{"transform":{},"duration":60}],"name":"002_guangyun"},{"frame":[{"transform":{},"duration":60}],"name":"003_fangshexian"},{"frame":[{"transform":{},"duration":60}],"name":"004_shuimo"},{"frame":[{"transform":{},"duration":60}],"name":"009_chibang1"},{"frame":[{"transform":{},"duration":60}],"name":"010_chibang2"},{"frame":[{"transform":{},"duration":60}],"name":"008_muban"},{"frame":[{"transform":{},"duration":60}],"name":"020_gaoguang2"},{"frame":[{"transform":{},"duration":60}],"name":"019_gaoguang1"},{"frame":[{"transform":{},"duration":60}],"name":"011_xiaodiban1"},{"frame":[{"transform":{},"duration":60}],"name":"018_wenzi"},{"frame":[{"transform":{},"duration":60}],"name":"013_xiaodiban3"},{"frame":[{"transform":{},"duration":60}],"name":"014_s_diban"},{"frame":[{"transform":{},"duration":60}],"name":"012_xiaodiban2"},{"frame":[{"transform":{},"duration":60}],"name":"017_s3"},{"frame":[{"transform":{},"duration":60}],"name":"015_s1"},{"frame":[{"transform":{},"duration":60}],"name":"016_s2"}],"slot":[{"frame":[{"tweenEasing":0,"duration":60},{"tweenEasing":null,"duration":0}],"name":"005_wangge1"},{"frame":[{"tweenEasing":0,"duration":60},{"tweenEasing":null,"duration":0}],"name":"006_wangge2"},{"frame":[{"tweenEasing":0,"duration":60},{"tweenEasing":null,"duration":0}],"name":"007_wangge3"},{"frame":[{"tweenEasing":0,"duration":60},{"tweenEasing":null,"duration":0}],"name":"001_dadiban"},{"frame":[{"displayIndex":-1,"tweenEasing":0,"duration":60},{"displayIndex":-1,"tweenEasing":null,"duration":0}],"name":"000_fuji"},{"frame":[{"displayIndex":-1,"tweenEasing":null,"duration":60}],"name":"000_ss_fuji"},{"frame":[{"displayIndex":-1,"tweenEasing":null,"duration":60}],"name":"002_guangyun"},{"frame":[{"displayIndex":-1,"tweenEasing":null,"duration":60}],"name":"003_fangshexian"},{"frame":[{"displayIndex":-1,"tweenEasing":null,"duration":60}],"name":"004_shuimo"},{"frame":[{"displayIndex":-1,"tweenEasing":null,"duration":60}],"name":"009_chibang1"},{"frame":[{"displayIndex":-1,"tweenEasing":null,"duration":60}],"name":"010_chibang2"},{"frame":[{"displayIndex":-1,"tweenEasing":null,"duration":60}],"name":"008_muban"},{"frame":[{"displayIndex":-1,"tweenEasing":null,"duration":60}],"name":"012_xiaodiban2"},{"frame":[{"displayIndex":-1,"tweenEasing":null,"duration":60}],"name":"013_xiaodiban3"},{"frame":[{"displayIndex":-1,"tweenEasing":null,"duration":60}],"name":"011_xiaodiban1"},{"frame":[{"displayIndex":-1,"tweenEasing":null,"duration":60}],"name":"014_s_diban"},{"frame":[{"displayIndex":-1,"tweenEasing":null,"duration":60}],"name":"015_s1"},{"frame":[{"displayIndex":-1,"tweenEasing":null,"duration":60}],"name":"016_s2"},{"frame":[{"displayIndex":-1,"tweenEasing":null,"duration":60}],"name":"017_s3"},{"frame":[{"displayIndex":-1,"tweenEasing":null,"duration":60}],"name":"018_wenzi"},{"frame":[{"displayIndex":-1,"tweenEasing":null,"duration":60}],"name":"019_gaoguang1"},{"frame":[{"displayIndex":-1,"tweenEasing":null,"duration":60}],"name":"020_gaoguang2"}],"ffd":[],"frame":[],"name":"001_diban_xunhuan","duration":60,"ik":[]},{"playTimes":0,"bone":[{"frame":[{"tweenEasing":0,"transform":{"y":-34.4444,"x":-6.6667},"duration":9},{"tweenEasing":0,"transform":{"y":-34.4444,"x":-6.6667},"duration":1},{"tweenEasing":0,"transform":{"y":-34.4444,"x":-6.6667},"duration":10},{"tweenEasing":0,"transform":{"y":-34.4444,"x":-6.6667},"duration":10},{"tweenEasing":0,"transform":{"y":-34.4444,"x":-6.6667},"duration":30},{"transform":{"y":-34.4444,"x":-6.6667},"duration":0}],"name":"014_s_diban"},{"frame":[{"tweenEasing":0,"transform":{"y":-6.6667},"duration":9},{"tweenEasing":0,"transform":{"y":-6.6667},"duration":1},{"tweenEasing":0,"transform":{"y":-6.6667},"duration":10},{"tweenEasing":0,"transform":{"scY":1.05,"y":-10,"scX":0.95},"duration":10},{"tweenEasing":0,"transform":{"scY":0.95,"y":-6.6667,"scX":1.05},"duration":10},{"tweenEasing":0,"transform":{"scY":1.02,"y":-6.6667,"scX":0.98},"duration":10},{"tweenEasing":0,"transform":{"scY":0.99,"y":-6.6667,"scX":1.01},"duration":10},{"transform":{"scY":0.995,"y":-6.6667},"duration":0}],"name":"011_xiaodiban1"},{"frame":[{"tweenEasing":0,"transform":{"y":48.3217,"scX":-1,"x":-90.6294},"duration":9},{"tweenEasing":0,"transform":{"y":48.3217,"scX":-1,"x":-90.6294},"duration":1},{"tweenEasing":0,"transform":{"y":48.3217,"scX":-1,"x":-90.6294},"duration":10},{"tweenEasing":0,"transform":{"y":48.3217,"skX":-5,"skY":-5,"scX":-1,"x":-90.6294},"duration":10},{"tweenEasing":0,"transform":{"y":48.3217,"skX":3,"skY":3,"scX":-1,"x":-90.6294},"duration":10},{"tweenEasing":0,"transform":{"y":48.3217,"skX":-3,"skY":-3,"scX":-1,"x":-90.6294},"duration":10},{"tweenEasing":0,"transform":{"y":48.3217,"skX":2,"skY":2,"scX":-1,"x":-90.6294},"duration":10},{"transform":{"y":48.3217,"scX":-1,"x":-90.6294},"duration":0}],"name":"013_xiaodiban3"},{"frame":[{"tweenEasing":0,"transform":{"y":49.021,"x":93.6363},"duration":9},{"tweenEasing":0,"transform":{"y":49.021,"x":93.6363},"duration":1},{"tweenEasing":0,"transform":{"y":49.021,"x":93.6363},"duration":10},{"tweenEasing":0,"transform":{"y":49,"skX":5,"skY":5,"x":93.6363},"duration":10},{"tweenEasing":0,"transform":{"y":49.021,"skX":-3,"skY":-3,"x":93.6363},"duration":10},{"tweenEasing":0,"transform":{"y":49.021,"skX":3,"skY":3,"x":93.6363},"duration":10},{"tweenEasing":0,"transform":{"y":49.021,"skX":-2,"skY":-2,"x":93.6363},"duration":10},{"transform":{"y":49.021,"x":93.6363},"duration":0}],"name":"012_xiaodiban2"},{"frame":[{"tweenEasing":0,"transform":{},"duration":9},{"tweenEasing":0,"transform":{},"duration":1},{"tweenEasing":0,"transform":{},"duration":10},{"tweenEasing":0,"transform":{},"duration":10},{"tweenEasing":0,"transform":{},"duration":30},{"transform":{},"duration":0}],"name":"008_muban"},{"frame":[{"tweenEasing":0,"transform":{"x":75},"duration":9},{"tweenEasing":0,"transform":{"x":75},"duration":1},{"tweenEasing":0,"transform":{"x":75},"duration":15},{"tweenEasing":0,"transform":{"scY":1.1,"scX":1.1,"x":75},"duration":15},{"tweenEasing":0,"transform":{"skX":2,"skY":2,"x":75},"duration":20},{"transform":{"x":75},"duration":0}],"name":"010_chibang2"},{"frame":[{"tweenEasing":0,"transform":{"x":-75},"duration":9},{"tweenEasing":0,"transform":{"x":-75},"duration":1},{"tweenEasing":0,"transform":{"x":-75},"duration":15},{"tweenEasing":0,"transform":{"scY":1.1,"scX":1.1,"x":-75},"duration":15},{"tweenEasing":0,"transform":{"skX":-2,"skY":-2,"x":-75},"duration":20},{"transform":{"x":-75},"duration":0}],"name":"009_chibang1"},{"frame":[{"tweenEasing":0,"transform":{"y":32},"duration":9},{"tweenEasing":0,"transform":{"y":32},"duration":1},{"tweenEasing":0,"transform":{"y":32},"duration":10},{"tweenEasing":0,"transform":{"y":32},"duration":10},{"tweenEasing":0,"transform":{"y":32},"duration":30},{"transform":{"y":32},"duration":0}],"name":"004_shuimo"},{"frame":[{"tweenEasing":0,"transform":{},"duration":9},{"tweenEasing":0,"transform":{},"duration":1},{"tweenEasing":0,"transform":{},"duration":10},{"tweenEasing":0,"transform":{"scY":1.1,"scX":1.1},"duration":10},{"tweenEasing":0,"transform":{},"duration":15},{"tweenEasing":0,"transform":{"scY":1.05,"scX":1.05},"duration":15},{"transform":{},"duration":0}],"name":"002_guangyun"},{"frame":[{"tweenEasing":0,"transform":{"scY":0.8,"scX":0.8},"duration":10},{"tweenEasing":0,"transform":{"scY":0.8,"scX":0.8},"duration":10},{"tweenEasing":0,"transform":{"scY":1.2,"scX":1.2},"duration":10},{"tweenEasing":0,"transform":{},"duration":30},{"transform":{},"duration":0}],"name":"000_ss_fuji"},{"frame":[{"tweenEasing":0,"transform":{},"duration":10},{"tweenEasing":0,"transform":{},"duration":15},{"tweenEasing":0,"transform":{},"duration":35},{"transform":{},"duration":0}],"name":"000_fuji"},{"frame":[{"transform":{},"duration":60}],"name":"001_dadiban"},{"frame":[{"transform":{},"duration":60}],"name":"007_wangge3"},{"frame":[{"transform":{},"duration":60}],"name":"006_wangge2"},{"frame":[{"transform":{},"duration":60}],"name":"005_wangge1"},{"frame":[{"transform":{},"duration":60}],"name":"003_fangshexian"},{"frame":[{"transform":{},"duration":60}],"name":"020_gaoguang2"},{"frame":[{"transform":{},"duration":60}],"name":"019_gaoguang1"},{"frame":[{"transform":{},"duration":60}],"name":"018_wenzi"},{"frame":[{"transform":{},"duration":60}],"name":"017_s3"},{"frame":[{"transform":{},"duration":60}],"name":"015_s1"},{"frame":[{"transform":{},"duration":60}],"name":"016_s2"}],"slot":[{"frame":[{"displayIndex":-1,"tweenEasing":0,"duration":9},{"displayIndex":-1,"tweenEasing":0,"duration":1},{"tweenEasing":0,"color":{"aM":0},"duration":10},{"tweenEasing":0,"duration":10},{"tweenEasing":0,"duration":30},{"tweenEasing":null,"duration":0}],"name":"014_s_diban"},{"frame":[{"displayIndex":-1,"tweenEasing":0,"duration":9},{"displayIndex":-1,"tweenEasing":0,"duration":1},{"displayIndex":1,"tweenEasing":0,"color":{"aM":0},"duration":10},{"displayIndex":1,"tweenEasing":0,"duration":10},{"displayIndex":1,"tweenEasing":0,"duration":10},{"displayIndex":1,"tweenEasing":0,"duration":10},{"displayIndex":1,"tweenEasing":0,"duration":10},{"displayIndex":1,"tweenEasing":null,"duration":0}],"name":"011_xiaodiban1"},{"frame":[{"displayIndex":-1,"tweenEasing":0,"duration":9},{"displayIndex":-1,"tweenEasing":0,"duration":1},{"displayIndex":1,"tweenEasing":0,"color":{"aM":0},"duration":10},{"displayIndex":1,"tweenEasing":0,"duration":10},{"displayIndex":1,"tweenEasing":0,"duration":10},{"displayIndex":1,"tweenEasing":0,"duration":10},{"displayIndex":1,"tweenEasing":0,"duration":10},{"displayIndex":1,"tweenEasing":null,"duration":0}],"name":"013_xiaodiban3"},{"frame":[{"displayIndex":-1,"tweenEasing":0,"duration":9},{"displayIndex":-1,"tweenEasing":0,"duration":1},{"displayIndex":1,"tweenEasing":0,"color":{"aM":0},"duration":10},{"displayIndex":1,"tweenEasing":0,"duration":10},{"displayIndex":1,"tweenEasing":0,"duration":10},{"displayIndex":1,"tweenEasing":0,"duration":10},{"displayIndex":1,"tweenEasing":0,"duration":10},{"displayIndex":1,"tweenEasing":null,"duration":0}],"name":"012_xiaodiban2"},{"frame":[{"displayIndex":-1,"tweenEasing":0,"duration":9},{"displayIndex":-1,"tweenEasing":0,"duration":1},{"tweenEasing":0,"color":{"aM":0},"duration":10},{"tweenEasing":0,"duration":10},{"tweenEasing":0,"duration":30},{"tweenEasing":null,"duration":0}],"name":"008_muban"},{"frame":[{"displayIndex":-1,"tweenEasing":0,"duration":9},{"displayIndex":-1,"tweenEasing":0,"duration":1},{"tweenEasing":0,"color":{"aM":0},"duration":15},{"tweenEasing":0,"duration":15},{"tweenEasing":0,"duration":20},{"tweenEasing":null,"duration":0}],"name":"010_chibang2"},{"frame":[{"displayIndex":-1,"tweenEasing":0,"duration":9},{"displayIndex":-1,"tweenEasing":0,"duration":1},{"tweenEasing":0,"color":{"aM":0},"duration":15},{"tweenEasing":0,"duration":15},{"tweenEasing":0,"duration":20},{"tweenEasing":null,"duration":0}],"name":"009_chibang1"},{"frame":[{"displayIndex":-1,"tweenEasing":0,"duration":9},{"displayIndex":-1,"tweenEasing":0,"duration":1},{"tweenEasing":0,"color":{"aM":0},"duration":10},{"tweenEasing":0,"duration":10},{"tweenEasing":0,"duration":30},{"tweenEasing":null,"duration":0}],"name":"004_shuimo"},{"frame":[{"displayIndex":-1,"tweenEasing":0,"duration":9},{"displayIndex":-1,"tweenEasing":0,"duration":1},{"tweenEasing":0,"color":{"aM":0},"duration":10},{"tweenEasing":0,"duration":10},{"tweenEasing":0,"duration":15},{"tweenEasing":0,"duration":15},{"tweenEasing":null,"duration":0}],"name":"002_guangyun"},{"frame":[{"displayIndex":-1,"tweenEasing":0,"duration":10},{"displayIndex":-1,"tweenEasing":0,"duration":10},{"displayIndex":-1,"tweenEasing":0,"duration":10},{"displayIndex":-1,"tweenEasing":0,"duration":30},{"displayIndex":-1,"tweenEasing":null,"duration":0}],"name":"000_ss_fuji"},{"frame":[{"displayIndex":-1,"tweenEasing":0,"duration":10},{"displayIndex":-1,"tweenEasing":0,"duration":15},{"displayIndex":-1,"tweenEasing":0,"duration":35},{"displayIndex":-1,"tweenEasing":null,"duration":0}],"name":"000_fuji"},{"frame":[{"displayIndex":-1,"tweenEasing":null,"duration":60}],"name":"001_dadiban"},{"frame":[{"displayIndex":-1,"tweenEasing":null,"duration":60}],"name":"007_wangge3"},{"frame":[{"displayIndex":-1,"tweenEasing":null,"duration":60}],"name":"006_wangge2"},{"frame":[{"displayIndex":-1,"tweenEasing":null,"duration":60}],"name":"005_wangge1"},{"frame":[{"displayIndex":-1,"tweenEasing":null,"duration":60}],"name":"003_fangshexian"},{"frame":[{"displayIndex":-1,"tweenEasing":null,"duration":60}],"name":"015_s1"},{"frame":[{"displayIndex":-1,"tweenEasing":null,"duration":60}],"name":"016_s2"},{"frame":[{"displayIndex":-1,"tweenEasing":null,"duration":60}],"name":"017_s3"},{"frame":[{"displayIndex":-1,"tweenEasing":null,"duration":60}],"name":"018_wenzi"},{"frame":[{"displayIndex":-1,"tweenEasing":null,"duration":60}],"name":"019_gaoguang1"},{"frame":[{"displayIndex":-1,"tweenEasing":null,"duration":60}],"name":"020_gaoguang2"}],"ffd":[],"frame":[],"name":"002_lingxing_chuxian","duration":60,"ik":[]},{"playTimes":0,"bone":[{"frame":[{"tweenEasing":0,"transform":{"y":-34.4444,"x":-6.6667},"duration":60},{"transform":{"y":-34.4444,"x":-6.6667},"duration":0}],"name":"014_s_diban"},{"frame":[{"tweenEasing":0,"transform":{"scY":0.995,"y":-6.6667},"duration":30},{"tweenEasing":0,"transform":{"scY":0.98,"y":-6.6667,"scX":1.02},"duration":30},{"transform":{"scY":0.995,"y":-6.6667},"duration":0}],"name":"011_xiaodiban1"},{"frame":[{"tweenEasing":0,"transform":{"y":48.3217,"scX":-1,"x":-90.6294},"duration":60},{"transform":{"y":48.3217,"scX":-1,"x":-90.6294},"duration":0}],"name":"013_xiaodiban3"},{"frame":[{"tweenEasing":0,"transform":{"y":49.021,"x":93.6363},"duration":60},{"transform":{"y":49.021,"x":93.6363},"duration":0}],"name":"012_xiaodiban2"},{"frame":[{"tweenEasing":0,"transform":{},"duration":60},{"transform":{},"duration":0}],"name":"008_muban"},{"frame":[{"tweenEasing":0,"transform":{"x":75},"duration":60},{"transform":{"x":75},"duration":0}],"name":"010_chibang2"},{"frame":[{"tweenEasing":0,"transform":{"x":-75},"duration":60},{"transform":{"x":-75},"duration":0}],"name":"009_chibang1"},{"frame":[{"tweenEasing":0,"transform":{"y":32},"duration":60},{"transform":{"y":32},"duration":0}],"name":"004_shuimo"},{"frame":[{"tweenEasing":0,"transform":{},"duration":60},{"transform":{},"duration":0}],"name":"002_guangyun"},{"frame":[{"tweenEasing":0,"transform":{},"duration":60},{"transform":{},"duration":0}],"name":"000_ss_fuji"},{"frame":[{"tweenEasing":0,"transform":{},"duration":60},{"transform":{},"duration":0}],"name":"000_fuji"},{"frame":[{"transform":{},"duration":60}],"name":"001_dadiban"},{"frame":[{"transform":{},"duration":60}],"name":"007_wangge3"},{"frame":[{"transform":{},"duration":60}],"name":"006_wangge2"},{"frame":[{"transform":{},"duration":60}],"name":"005_wangge1"},{"frame":[{"transform":{},"duration":60}],"name":"003_fangshexian"},{"frame":[{"transform":{},"duration":60}],"name":"020_gaoguang2"},{"frame":[{"transform":{},"duration":60}],"name":"019_gaoguang1"},{"frame":[{"transform":{},"duration":60}],"name":"018_wenzi"},{"frame":[{"transform":{},"duration":60}],"name":"017_s3"},{"frame":[{"transform":{},"duration":60}],"name":"015_s1"},{"frame":[{"transform":{},"duration":60}],"name":"016_s2"}],"slot":[{"frame":[{"tweenEasing":0,"duration":60},{"tweenEasing":null,"duration":0}],"name":"014_s_diban"},{"frame":[{"displayIndex":1,"tweenEasing":0,"duration":30},{"displayIndex":1,"tweenEasing":0,"duration":30},{"displayIndex":1,"tweenEasing":null,"duration":0}],"name":"011_xiaodiban1"},{"frame":[{"displayIndex":1,"tweenEasing":0,"duration":60},{"displayIndex":1,"tweenEasing":null,"duration":0}],"name":"013_xiaodiban3"},{"frame":[{"displayIndex":1,"tweenEasing":0,"duration":60},{"displayIndex":1,"tweenEasing":null,"duration":0}],"name":"012_xiaodiban2"},{"frame":[{"tweenEasing":0,"duration":60},{"tweenEasing":null,"duration":0}],"name":"008_muban"},{"frame":[{"tweenEasing":0,"duration":60},{"tweenEasing":null,"duration":0}],"name":"010_chibang2"},{"frame":[{"tweenEasing":0,"duration":60},{"tweenEasing":null,"duration":0}],"name":"009_chibang1"},{"frame":[{"tweenEasing":0,"duration":60},{"tweenEasing":null,"duration":0}],"name":"004_shuimo"},{"frame":[{"tweenEasing":0,"duration":60},{"tweenEasing":null,"duration":0}],"name":"002_guangyun"},{"frame":[{"displayIndex":-1,"tweenEasing":0,"duration":60},{"displayIndex":-1,"tweenEasing":null,"duration":0}],"name":"000_ss_fuji"},{"frame":[{"displayIndex":-1,"tweenEasing":0,"duration":60},{"displayIndex":-1,"tweenEasing":null,"duration":0}],"name":"000_fuji"},{"frame":[{"displayIndex":-1,"tweenEasing":null,"duration":60}],"name":"001_dadiban"},{"frame":[{"displayIndex":-1,"tweenEasing":null,"duration":60}],"name":"007_wangge3"},{"frame":[{"displayIndex":-1,"tweenEasing":null,"duration":60}],"name":"006_wangge2"},{"frame":[{"displayIndex":-1,"tweenEasing":null,"duration":60}],"name":"005_wangge1"},{"frame":[{"displayIndex":-1,"tweenEasing":null,"duration":60}],"name":"003_fangshexian"},{"frame":[{"displayIndex":-1,"tweenEasing":null,"duration":60}],"name":"015_s1"},{"frame":[{"displayIndex":-1,"tweenEasing":null,"duration":60}],"name":"016_s2"},{"frame":[{"displayIndex":-1,"tweenEasing":null,"duration":60}],"name":"017_s3"},{"frame":[{"displayIndex":-1,"tweenEasing":null,"duration":60}],"name":"018_wenzi"},{"frame":[{"displayIndex":-1,"tweenEasing":null,"duration":60}],"name":"019_gaoguang1"},{"frame":[{"displayIndex":-1,"tweenEasing":null,"duration":60}],"name":"020_gaoguang2"}],"ffd":[],"frame":[],"name":"003_lingxing_xunhuan","duration":60,"ik":[]},{"playTimes":0,"bone":[{"frame":[{"tweenEasing":0,"transform":{},"duration":9},{"tweenEasing":0,"transform":{},"duration":1},{"tweenEasing":0,"transform":{"scY":1.3,"y":23.8095,"scX":1.3,"x":-78.924},"duration":10},{"tweenEasing":0,"transform":{"scY":0.6,"y":23.8095,"scX":0.6,"x":-78.924},"duration":10},{"tweenEasing":0,"transform":{"scY":0.65,"y":23.8095,"scX":0.65,"x":-78.924},"duration":30},{"transform":{"scY":0.65,"y":23.8095,"scX":0.65,"x":-78.924},"duration":0}],"name":"015_s1"},{"frame":[{"tweenEasing":0,"transform":{"y":-34.4444,"x":-6.6667},"duration":9},{"tweenEasing":0,"transform":{"y":-34.4444,"x":-6.6667},"duration":1},{"tweenEasing":0,"transform":{"y":-34.4444,"x":-6.6667},"duration":10},{"tweenEasing":0,"transform":{"y":-34.4444,"x":-6.6667},"duration":10},{"tweenEasing":0,"transform":{"y":-34.4444,"x":-6.6667},"duration":30},{"transform":{"y":-34.4444,"x":-6.6667},"duration":0}],"name":"014_s_diban"},{"frame":[{"tweenEasing":0,"transform":{"y":-6.6667},"duration":9},{"tweenEasing":0,"transform":{"y":-6.6667},"duration":1},{"tweenEasing":0,"transform":{"y":-6.6667},"duration":10},{"tweenEasing":0,"transform":{"scY":1.05,"y":-10,"scX":0.95},"duration":10},{"tweenEasing":0,"transform":{"scY":0.95,"y":-6.6667,"scX":1.05},"duration":10},{"tweenEasing":0,"transform":{"scY":1.02,"y":-6.6667,"scX":0.98},"duration":10},{"tweenEasing":0,"transform":{"scY":0.99,"y":-6.6667,"scX":1.01},"duration":10},{"transform":{"scY":0.995,"y":-6.6667},"duration":0}],"name":"011_xiaodiban1"},{"frame":[{"tweenEasing":0,"transform":{"y":48.3217,"scX":-1,"x":-90.6294},"duration":9},{"tweenEasing":0,"transform":{"y":48.3217,"scX":-1,"x":-90.6294},"duration":1},{"tweenEasing":0,"transform":{"y":48.3217,"scX":-1,"x":-90.6294},"duration":10},{"tweenEasing":0,"transform":{"y":48.3217,"skX":-5,"skY":-5,"scX":-1,"x":-90.6294},"duration":10},{"tweenEasing":0,"transform":{"y":48.3217,"skX":3,"skY":3,"scX":-1,"x":-90.6294},"duration":10},{"tweenEasing":0,"transform":{"y":48.3217,"skX":-3,"skY":-3,"scX":-1,"x":-90.6294},"duration":10},{"tweenEasing":0,"transform":{"y":48.3217,"skX":2,"skY":2,"scX":-1,"x":-90.6294},"duration":10},{"transform":{"y":48.3217,"scX":-1,"x":-90.6294},"duration":0}],"name":"013_xiaodiban3"},{"frame":[{"tweenEasing":0,"transform":{"y":49.021,"x":93.6363},"duration":9},{"tweenEasing":0,"transform":{"y":49.021,"x":93.6363},"duration":1},{"tweenEasing":0,"transform":{"y":49.021,"x":93.6363},"duration":10},{"tweenEasing":0,"transform":{"y":49,"skX":5,"skY":5,"x":93.6363},"duration":10},{"tweenEasing":0,"transform":{"y":49.021,"skX":-3,"skY":-3,"x":93.6363},"duration":10},{"tweenEasing":0,"transform":{"y":49.021,"skX":3,"skY":3,"x":93.6363},"duration":10},{"tweenEasing":0,"transform":{"y":49.021,"skX":-2,"skY":-2,"x":93.6363},"duration":10},{"transform":{"y":49.021,"x":93.6363},"duration":0}],"name":"012_xiaodiban2"},{"frame":[{"tweenEasing":0,"transform":{},"duration":9},{"tweenEasing":0,"transform":{},"duration":1},{"tweenEasing":0,"transform":{},"duration":10},{"tweenEasing":0,"transform":{},"duration":10},{"tweenEasing":0,"transform":{},"duration":30},{"transform":{},"duration":0}],"name":"008_muban"},{"frame":[{"tweenEasing":0,"transform":{"x":75},"duration":9},{"tweenEasing":0,"transform":{"x":75},"duration":1},{"tweenEasing":0,"transform":{"x":75},"duration":15},{"tweenEasing":0,"transform":{"scY":1.1,"scX":1.1,"x":75},"duration":15},{"tweenEasing":0,"transform":{"skX":2,"skY":2,"x":75},"duration":20},{"transform":{"x":75},"duration":0}],"name":"010_chibang2"},{"frame":[{"tweenEasing":0,"transform":{"x":-75},"duration":9},{"tweenEasing":0,"transform":{"x":-75},"duration":1},{"tweenEasing":0,"transform":{"x":-75},"duration":15},{"tweenEasing":0,"transform":{"scY":1.1,"scX":1.1,"x":-75},"duration":15},{"tweenEasing":0,"transform":{"skX":-2,"skY":-2,"x":-75},"duration":20},{"transform":{"x":-75},"duration":0}],"name":"009_chibang1"},{"frame":[{"tweenEasing":0,"transform":{"y":32},"duration":9},{"tweenEasing":0,"transform":{"y":32},"duration":1},{"tweenEasing":0,"transform":{"y":32},"duration":10},{"tweenEasing":0,"transform":{"y":32},"duration":10},{"tweenEasing":0,"transform":{"y":32},"duration":30},{"transform":{"y":32},"duration":0}],"name":"004_shuimo"},{"frame":[{"tweenEasing":0,"transform":{},"duration":9},{"tweenEasing":0,"transform":{},"duration":1},{"tweenEasing":0,"transform":{"skX":-60,"skY":-60},"duration":50},{"transform":{},"duration":0}],"name":"003_fangshexian"},{"frame":[{"tweenEasing":0,"transform":{},"duration":9},{"tweenEasing":0,"transform":{},"duration":1},{"tweenEasing":0,"transform":{},"duration":10},{"tweenEasing":0,"transform":{"scY":1.1,"scX":1.1},"duration":10},{"tweenEasing":0,"transform":{},"duration":15},{"tweenEasing":0,"transform":{"scY":1.05,"scX":1.05},"duration":15},{"transform":{},"duration":0}],"name":"002_guangyun"},{"frame":[{"tweenEasing":0,"transform":{"scY":0.8,"scX":0.8},"duration":10},{"tweenEasing":0,"transform":{"scY":0.8,"scX":0.8},"duration":10},{"tweenEasing":0,"transform":{"scY":1.2,"scX":1.2},"duration":10},{"tweenEasing":0,"transform":{},"duration":30},{"transform":{},"duration":0}],"name":"000_ss_fuji"},{"frame":[{"tweenEasing":0,"transform":{},"duration":10},{"tweenEasing":0,"transform":{},"duration":15},{"tweenEasing":0,"transform":{},"duration":35},{"transform":{},"duration":0}],"name":"000_fuji"},{"frame":[{"transform":{},"duration":60}],"name":"001_dadiban"},{"frame":[{"transform":{},"duration":60}],"name":"007_wangge3"},{"frame":[{"transform":{},"duration":60}],"name":"006_wangge2"},{"frame":[{"transform":{},"duration":60}],"name":"005_wangge1"},{"frame":[{"transform":{},"duration":60}],"name":"020_gaoguang2"},{"frame":[{"transform":{},"duration":60}],"name":"019_gaoguang1"},{"frame":[{"transform":{},"duration":60}],"name":"018_wenzi"},{"frame":[{"transform":{},"duration":60}],"name":"017_s3"},{"frame":[{"transform":{},"duration":60}],"name":"016_s2"}],"slot":[{"frame":[{"displayIndex":-1,"tweenEasing":0,"duration":9},{"displayIndex":-1,"tweenEasing":0,"duration":1},{"tweenEasing":0,"color":{"aM":0},"duration":10},{"tweenEasing":0,"duration":10},{"tweenEasing":0,"duration":30},{"tweenEasing":null,"duration":0}],"name":"015_s1"},{"frame":[{"displayIndex":-1,"tweenEasing":0,"duration":9},{"displayIndex":-1,"tweenEasing":0,"duration":1},{"tweenEasing":0,"color":{"aM":0},"duration":10},{"tweenEasing":0,"duration":10},{"tweenEasing":0,"duration":30},{"tweenEasing":null,"duration":0}],"name":"014_s_diban"},{"frame":[{"displayIndex":-1,"tweenEasing":0,"duration":9},{"displayIndex":-1,"tweenEasing":0,"duration":1},{"tweenEasing":0,"color":{"aM":0},"duration":10},{"tweenEasing":0,"duration":10},{"tweenEasing":0,"duration":10},{"tweenEasing":0,"duration":10},{"tweenEasing":0,"duration":10},{"tweenEasing":null,"duration":0}],"name":"011_xiaodiban1"},{"frame":[{"displayIndex":-1,"tweenEasing":0,"duration":9},{"displayIndex":-1,"tweenEasing":0,"duration":1},{"tweenEasing":0,"color":{"aM":0},"duration":10},{"tweenEasing":0,"duration":10},{"tweenEasing":0,"duration":10},{"tweenEasing":0,"duration":10},{"tweenEasing":0,"duration":10},{"tweenEasing":null,"duration":0}],"name":"013_xiaodiban3"},{"frame":[{"displayIndex":-1,"tweenEasing":0,"duration":9},{"displayIndex":-1,"tweenEasing":0,"duration":1},{"tweenEasing":0,"color":{"aM":0},"duration":10},{"tweenEasing":0,"duration":10},{"tweenEasing":0,"duration":10},{"tweenEasing":0,"duration":10},{"tweenEasing":0,"duration":10},{"tweenEasing":null,"duration":0}],"name":"012_xiaodiban2"},{"frame":[{"displayIndex":-1,"tweenEasing":0,"duration":9},{"displayIndex":-1,"tweenEasing":0,"duration":1},{"tweenEasing":0,"color":{"aM":0},"duration":10},{"tweenEasing":0,"duration":10},{"tweenEasing":0,"duration":30},{"tweenEasing":null,"duration":0}],"name":"008_muban"},{"frame":[{"displayIndex":-1,"tweenEasing":0,"duration":9},{"displayIndex":-1,"tweenEasing":0,"duration":1},{"tweenEasing":0,"color":{"aM":0},"duration":15},{"tweenEasing":0,"duration":15},{"tweenEasing":0,"duration":20},{"tweenEasing":null,"duration":0}],"name":"010_chibang2"},{"frame":[{"displayIndex":-1,"tweenEasing":0,"duration":9},{"displayIndex":-1,"tweenEasing":0,"duration":1},{"tweenEasing":0,"color":{"aM":0},"duration":15},{"tweenEasing":0,"duration":15},{"tweenEasing":0,"duration":20},{"tweenEasing":null,"duration":0}],"name":"009_chibang1"},{"frame":[{"displayIndex":-1,"tweenEasing":0,"duration":9},{"displayIndex":-1,"tweenEasing":0,"duration":1},{"tweenEasing":0,"color":{"aM":0},"duration":10},{"tweenEasing":0,"duration":10},{"tweenEasing":0,"duration":30},{"tweenEasing":null,"duration":0}],"name":"004_shuimo"},{"frame":[{"displayIndex":-1,"tweenEasing":0,"duration":9},{"displayIndex":-1,"tweenEasing":0,"duration":1},{"tweenEasing":0,"color":{"aM":0},"duration":50},{"tweenEasing":null,"duration":0}],"name":"003_fangshexian"},{"frame":[{"displayIndex":-1,"tweenEasing":0,"duration":9},{"displayIndex":-1,"tweenEasing":0,"duration":1},{"tweenEasing":0,"color":{"aM":0},"duration":10},{"tweenEasing":0,"duration":10},{"tweenEasing":0,"duration":15},{"tweenEasing":0,"duration":15},{"tweenEasing":null,"duration":0}],"name":"002_guangyun"},{"frame":[{"displayIndex":-1,"tweenEasing":0,"duration":10},{"displayIndex":-1,"tweenEasing":0,"duration":10},{"displayIndex":-1,"tweenEasing":0,"duration":10},{"displayIndex":-1,"tweenEasing":0,"duration":30},{"displayIndex":-1,"tweenEasing":null,"duration":0}],"name":"000_ss_fuji"},{"frame":[{"displayIndex":-1,"tweenEasing":0,"duration":10},{"displayIndex":-1,"tweenEasing":0,"duration":15},{"displayIndex":-1,"tweenEasing":0,"duration":35},{"displayIndex":-1,"tweenEasing":null,"duration":0}],"name":"000_fuji"},{"frame":[{"displayIndex":-1,"tweenEasing":null,"duration":60}],"name":"001_dadiban"},{"frame":[{"displayIndex":-1,"tweenEasing":null,"duration":60}],"name":"007_wangge3"},{"frame":[{"displayIndex":-1,"tweenEasing":null,"duration":60}],"name":"006_wangge2"},{"frame":[{"displayIndex":-1,"tweenEasing":null,"duration":60}],"name":"005_wangge1"},{"frame":[{"displayIndex":-1,"tweenEasing":null,"duration":60}],"name":"016_s2"},{"frame":[{"displayIndex":-1,"tweenEasing":null,"duration":60}],"name":"017_s3"},{"frame":[{"displayIndex":-1,"tweenEasing":null,"duration":60}],"name":"018_wenzi"},{"frame":[{"displayIndex":-1,"tweenEasing":null,"duration":60}],"name":"019_gaoguang1"},{"frame":[{"displayIndex":-1,"tweenEasing":null,"duration":60}],"name":"020_gaoguang2"}],"ffd":[],"frame":[],"name":"004_yixing_chuxian","duration":60,"ik":[]},{"playTimes":0,"bone":[{"frame":[{"tweenEasing":0,"transform":{"scY":0.65,"y":23.8095,"scX":0.65,"x":-78.924},"duration":60},{"transform":{"scY":0.65,"y":23.8095,"scX":0.65,"x":-78.924},"duration":0}],"name":"015_s1"},{"frame":[{"tweenEasing":0,"transform":{"y":-34.4444,"x":-6.6667},"duration":60},{"transform":{"y":-34.4444,"x":-6.6667},"duration":0}],"name":"014_s_diban"},{"frame":[{"tweenEasing":0,"transform":{"scY":0.995,"y":-6.6667},"duration":30},{"tweenEasing":0,"transform":{"scY":0.98,"y":-6.6667,"scX":1.02},"duration":30},{"transform":{"scY":0.995,"y":-6.6667},"duration":0}],"name":"011_xiaodiban1"},{"frame":[{"tweenEasing":0,"transform":{"y":48.3217,"scX":-1,"x":-90.6294},"duration":60},{"transform":{"y":48.3217,"scX":-1,"x":-90.6294},"duration":0}],"name":"013_xiaodiban3"},{"frame":[{"tweenEasing":0,"transform":{"y":49.021,"x":93.6363},"duration":60},{"transform":{"y":49.021,"x":93.6363},"duration":0}],"name":"012_xiaodiban2"},{"frame":[{"tweenEasing":0,"transform":{},"duration":60},{"transform":{},"duration":0}],"name":"008_muban"},{"frame":[{"tweenEasing":0,"transform":{"x":75},"duration":60},{"transform":{"x":75},"duration":0}],"name":"010_chibang2"},{"frame":[{"tweenEasing":0,"transform":{"x":-75},"duration":60},{"transform":{"x":-75},"duration":0}],"name":"009_chibang1"},{"frame":[{"tweenEasing":0,"transform":{"y":32},"duration":60},{"transform":{"y":32},"duration":0}],"name":"004_shuimo"},{"frame":[{"tweenEasing":0,"transform":{},"duration":60},{"transform":{"skX":91,"skY":91},"duration":0}],"name":"003_fangshexian"},{"frame":[{"tweenEasing":0,"transform":{},"duration":60},{"transform":{},"duration":0}],"name":"002_guangyun"},{"frame":[{"tweenEasing":0,"transform":{},"duration":60},{"transform":{},"duration":0}],"name":"000_ss_fuji"},{"frame":[{"tweenEasing":0,"transform":{},"duration":60},{"transform":{},"duration":0}],"name":"000_fuji"},{"frame":[{"transform":{},"duration":60}],"name":"001_dadiban"},{"frame":[{"transform":{},"duration":60}],"name":"007_wangge3"},{"frame":[{"transform":{},"duration":60}],"name":"006_wangge2"},{"frame":[{"transform":{},"duration":60}],"name":"005_wangge1"},{"frame":[{"transform":{},"duration":60}],"name":"020_gaoguang2"},{"frame":[{"transform":{},"duration":60}],"name":"019_gaoguang1"},{"frame":[{"transform":{},"duration":60}],"name":"018_wenzi"},{"frame":[{"transform":{},"duration":60}],"name":"017_s3"},{"frame":[{"transform":{},"duration":60}],"name":"016_s2"}],"slot":[{"frame":[{"tweenEasing":0,"duration":60},{"tweenEasing":null,"duration":0}],"name":"015_s1"},{"frame":[{"tweenEasing":0,"duration":60},{"tweenEasing":null,"duration":0}],"name":"014_s_diban"},{"frame":[{"tweenEasing":0,"duration":30},{"tweenEasing":0,"duration":30},{"tweenEasing":null,"duration":0}],"name":"011_xiaodiban1"},{"frame":[{"tweenEasing":0,"duration":60},{"tweenEasing":null,"duration":0}],"name":"013_xiaodiban3"},{"frame":[{"tweenEasing":0,"duration":60},{"tweenEasing":null,"duration":0}],"name":"012_xiaodiban2"},{"frame":[{"tweenEasing":0,"duration":60},{"tweenEasing":null,"duration":0}],"name":"008_muban"},{"frame":[{"tweenEasing":0,"duration":60},{"tweenEasing":null,"duration":0}],"name":"010_chibang2"},{"frame":[{"tweenEasing":0,"duration":60},{"tweenEasing":null,"duration":0}],"name":"009_chibang1"},{"frame":[{"tweenEasing":0,"duration":60},{"tweenEasing":null,"duration":0}],"name":"004_shuimo"},{"frame":[{"tweenEasing":0,"duration":60},{"tweenEasing":null,"duration":0}],"name":"003_fangshexian"},{"frame":[{"tweenEasing":0,"duration":60},{"tweenEasing":null,"duration":0}],"name":"002_guangyun"},{"frame":[{"displayIndex":-1,"tweenEasing":0,"duration":60},{"displayIndex":-1,"tweenEasing":null,"duration":0}],"name":"000_ss_fuji"},{"frame":[{"displayIndex":-1,"tweenEasing":0,"duration":60},{"displayIndex":-1,"tweenEasing":null,"duration":0}],"name":"000_fuji"},{"frame":[{"displayIndex":-1,"tweenEasing":null,"duration":60}],"name":"001_dadiban"},{"frame":[{"displayIndex":-1,"tweenEasing":null,"duration":60}],"name":"007_wangge3"},{"frame":[{"displayIndex":-1,"tweenEasing":null,"duration":60}],"name":"006_wangge2"},{"frame":[{"displayIndex":-1,"tweenEasing":null,"duration":60}],"name":"005_wangge1"},{"frame":[{"displayIndex":-1,"tweenEasing":null,"duration":60}],"name":"016_s2"},{"frame":[{"displayIndex":-1,"tweenEasing":null,"duration":60}],"name":"017_s3"},{"frame":[{"displayIndex":-1,"tweenEasing":null,"duration":60}],"name":"018_wenzi"},{"frame":[{"displayIndex":-1,"tweenEasing":null,"duration":60}],"name":"019_gaoguang1"},{"frame":[{"displayIndex":-1,"tweenEasing":null,"duration":60}],"name":"020_gaoguang2"}],"ffd":[],"frame":[],"name":"005_yixing_xunhuan","duration":60,"ik":[]},{"playTimes":0,"bone":[{"frame":[{"tweenEasing":0,"transform":{},"duration":19},{"tweenEasing":0,"transform":{},"duration":1},{"tweenEasing":0,"transform":{"scY":2,"scX":2},"duration":10},{"tweenEasing":0,"transform":{"scY":0.9,"scX":0.9},"duration":10},{"tweenEasing":0,"transform":{},"duration":20},{"transform":{},"duration":0}],"name":"016_s2"},{"frame":[{"tweenEasing":0,"transform":{},"duration":9},{"tweenEasing":0,"transform":{},"duration":1},{"tweenEasing":0,"transform":{"scY":1.3,"y":23.8095,"scX":1.3,"x":-78.924},"duration":10},{"tweenEasing":0,"transform":{"scY":0.6,"y":23.8095,"scX":0.6,"x":-78.924},"duration":10},{"tweenEasing":0,"transform":{"scY":0.65,"y":23.8095,"scX":0.65,"x":-78.924},"duration":30},{"transform":{"scY":0.65,"y":23.8095,"scX":0.65,"x":-78.924},"duration":0}],"name":"015_s1"},{"frame":[{"tweenEasing":0,"transform":{"y":-34.4444,"x":-6.6667},"duration":9},{"tweenEasing":0,"transform":{"y":-34.4444,"x":-6.6667},"duration":1},{"tweenEasing":0,"transform":{"y":-34.4444,"x":-6.6667},"duration":10},{"tweenEasing":0,"transform":{"y":-34.4444,"x":-6.6667},"duration":10},{"tweenEasing":0,"transform":{"y":-34.4444,"x":-6.6667},"duration":30},{"transform":{"y":-34.4444,"x":-6.6667},"duration":0}],"name":"014_s_diban"},{"frame":[{"tweenEasing":0,"transform":{"y":-6.6667},"duration":9},{"tweenEasing":0,"transform":{"y":-6.6667},"duration":1},{"tweenEasing":0,"transform":{"y":-6.6667},"duration":10},{"tweenEasing":0,"transform":{"scY":1.05,"y":-10,"scX":0.95},"duration":10},{"tweenEasing":0,"transform":{"scY":0.95,"y":-6.6667,"scX":1.05},"duration":10},{"tweenEasing":0,"transform":{"scY":1.02,"y":-6.6667,"scX":0.98},"duration":10},{"tweenEasing":0,"transform":{"scY":0.99,"y":-6.6667,"scX":1.01},"duration":10},{"transform":{"scY":0.995,"y":-6.6667},"duration":0}],"name":"011_xiaodiban1"},{"frame":[{"tweenEasing":0,"transform":{"y":48.3217,"scX":-1,"x":-90.6294},"duration":9},{"tweenEasing":0,"transform":{"y":48.3217,"scX":-1,"x":-90.6294},"duration":1},{"tweenEasing":0,"transform":{"y":48.3217,"scX":-1,"x":-90.6294},"duration":10},{"tweenEasing":0,"transform":{"y":48.3217,"skX":-5,"skY":-5,"scX":-1,"x":-90.6294},"duration":10},{"tweenEasing":0,"transform":{"y":48.3217,"skX":3,"skY":3,"scX":-1,"x":-90.6294},"duration":10},{"tweenEasing":0,"transform":{"y":48.3217,"skX":-3,"skY":-3,"scX":-1,"x":-90.6294},"duration":10},{"tweenEasing":0,"transform":{"y":48.3217,"skX":2,"skY":2,"scX":-1,"x":-90.6294},"duration":10},{"transform":{"y":48.3217,"scX":-1,"x":-90.6294},"duration":0}],"name":"013_xiaodiban3"},{"frame":[{"tweenEasing":0,"transform":{"y":49.021,"x":93.6363},"duration":9},{"tweenEasing":0,"transform":{"y":49.021,"x":93.6363},"duration":1},{"tweenEasing":0,"transform":{"y":49.021,"x":93.6363},"duration":10},{"tweenEasing":0,"transform":{"y":49,"skX":5,"skY":5,"x":93.6363},"duration":10},{"tweenEasing":0,"transform":{"y":49.021,"skX":-3,"skY":-3,"x":93.6363},"duration":10},{"tweenEasing":0,"transform":{"y":49.021,"skX":3,"skY":3,"x":93.6363},"duration":10},{"tweenEasing":0,"transform":{"y":49.021,"skX":-2,"skY":-2,"x":93.6363},"duration":10},{"transform":{"y":49.021,"x":93.6363},"duration":0}],"name":"012_xiaodiban2"},{"frame":[{"tweenEasing":0,"transform":{},"duration":9},{"tweenEasing":0,"transform":{},"duration":1},{"tweenEasing":0,"transform":{},"duration":10},{"tweenEasing":0,"transform":{},"duration":10},{"tweenEasing":0,"transform":{},"duration":30},{"transform":{},"duration":0}],"name":"008_muban"},{"frame":[{"tweenEasing":0,"transform":{"x":75},"duration":9},{"tweenEasing":0,"transform":{"x":75},"duration":1},{"tweenEasing":0,"transform":{"x":75},"duration":15},{"tweenEasing":0,"transform":{"scY":1.1,"scX":1.1,"x":75},"duration":15},{"tweenEasing":0,"transform":{"skX":2,"skY":2,"x":75},"duration":20},{"transform":{"x":75},"duration":0}],"name":"010_chibang2"},{"frame":[{"tweenEasing":0,"transform":{"x":-75},"duration":9},{"tweenEasing":0,"transform":{"x":-75},"duration":1},{"tweenEasing":0,"transform":{"x":-75},"duration":15},{"tweenEasing":0,"transform":{"scY":1.1,"scX":1.1,"x":-75},"duration":15},{"tweenEasing":0,"transform":{"skX":-2,"skY":-2,"x":-75},"duration":20},{"transform":{"x":-75},"duration":0}],"name":"009_chibang1"},{"frame":[{"tweenEasing":0,"transform":{"y":32},"duration":9},{"tweenEasing":0,"transform":{"y":32},"duration":1},{"tweenEasing":0,"transform":{"y":32},"duration":10},{"tweenEasing":0,"transform":{"y":32},"duration":10},{"tweenEasing":0,"transform":{"y":32},"duration":30},{"transform":{"y":32},"duration":0}],"name":"004_shuimo"},{"frame":[{"tweenEasing":0,"transform":{},"duration":9},{"tweenEasing":0,"transform":{},"duration":1},{"tweenEasing":0,"transform":{"skX":-60,"skY":-60},"duration":50},{"transform":{},"duration":0}],"name":"003_fangshexian"},{"frame":[{"tweenEasing":0,"transform":{},"duration":9},{"tweenEasing":0,"transform":{},"duration":1},{"tweenEasing":0,"transform":{},"duration":10},{"tweenEasing":0,"transform":{"scY":1.1,"scX":1.1},"duration":10},{"tweenEasing":0,"transform":{},"duration":15},{"tweenEasing":0,"transform":{"scY":1.05,"scX":1.05},"duration":15},{"transform":{},"duration":0}],"name":"002_guangyun"},{"frame":[{"tweenEasing":0,"transform":{"scY":0.8,"scX":0.8},"duration":10},{"tweenEasing":0,"transform":{"scY":0.8,"scX":0.8},"duration":10},{"tweenEasing":0,"transform":{"scY":1.2,"scX":1.2},"duration":10},{"tweenEasing":0,"transform":{},"duration":30},{"transform":{},"duration":0}],"name":"000_ss_fuji"},{"frame":[{"tweenEasing":0,"transform":{},"duration":10},{"tweenEasing":0,"transform":{},"duration":15},{"tweenEasing":0,"transform":{},"duration":35},{"transform":{},"duration":0}],"name":"000_fuji"},{"frame":[{"transform":{},"duration":60}],"name":"001_dadiban"},{"frame":[{"transform":{},"duration":60}],"name":"007_wangge3"},{"frame":[{"transform":{},"duration":60}],"name":"006_wangge2"},{"frame":[{"transform":{},"duration":60}],"name":"005_wangge1"},{"frame":[{"transform":{},"duration":60}],"name":"020_gaoguang2"},{"frame":[{"transform":{},"duration":60}],"name":"019_gaoguang1"},{"frame":[{"transform":{},"duration":60}],"name":"018_wenzi"},{"frame":[{"transform":{},"duration":60}],"name":"017_s3"}],"slot":[{"frame":[{"displayIndex":-1,"tweenEasing":0,"duration":19},{"displayIndex":-1,"tweenEasing":0,"duration":1},{"tweenEasing":0,"color":{"aM":0},"duration":10},{"tweenEasing":0,"duration":10},{"tweenEasing":0,"duration":20},{"tweenEasing":null,"duration":0}],"name":"016_s2"},{"frame":[{"displayIndex":-1,"tweenEasing":0,"duration":9},{"displayIndex":-1,"tweenEasing":0,"duration":1},{"tweenEasing":0,"color":{"aM":0},"duration":10},{"tweenEasing":0,"duration":10},{"tweenEasing":0,"duration":30},{"tweenEasing":null,"duration":0}],"name":"015_s1"},{"frame":[{"displayIndex":-1,"tweenEasing":0,"duration":9},{"displayIndex":-1,"tweenEasing":0,"duration":1},{"tweenEasing":0,"color":{"aM":0},"duration":10},{"tweenEasing":0,"duration":10},{"tweenEasing":0,"duration":30},{"tweenEasing":null,"duration":0}],"name":"014_s_diban"},{"frame":[{"displayIndex":-1,"tweenEasing":0,"duration":9},{"displayIndex":-1,"tweenEasing":0,"duration":1},{"tweenEasing":0,"color":{"aM":0},"duration":10},{"tweenEasing":0,"duration":10},{"tweenEasing":0,"duration":10},{"tweenEasing":0,"duration":10},{"tweenEasing":0,"duration":10},{"tweenEasing":null,"duration":0}],"name":"011_xiaodiban1"},{"frame":[{"displayIndex":-1,"tweenEasing":0,"duration":9},{"displayIndex":-1,"tweenEasing":0,"duration":1},{"tweenEasing":0,"color":{"aM":0},"duration":10},{"tweenEasing":0,"duration":10},{"tweenEasing":0,"duration":10},{"tweenEasing":0,"duration":10},{"tweenEasing":0,"duration":10},{"tweenEasing":null,"duration":0}],"name":"013_xiaodiban3"},{"frame":[{"displayIndex":-1,"tweenEasing":0,"duration":9},{"displayIndex":-1,"tweenEasing":0,"duration":1},{"tweenEasing":0,"color":{"aM":0},"duration":10},{"tweenEasing":0,"duration":10},{"tweenEasing":0,"duration":10},{"tweenEasing":0,"duration":10},{"tweenEasing":0,"duration":10},{"tweenEasing":null,"duration":0}],"name":"012_xiaodiban2"},{"frame":[{"displayIndex":-1,"tweenEasing":0,"duration":9},{"displayIndex":-1,"tweenEasing":0,"duration":1},{"tweenEasing":0,"color":{"aM":0},"duration":10},{"tweenEasing":0,"duration":10},{"tweenEasing":0,"duration":30},{"tweenEasing":null,"duration":0}],"name":"008_muban"},{"frame":[{"displayIndex":-1,"tweenEasing":0,"duration":9},{"displayIndex":-1,"tweenEasing":0,"duration":1},{"tweenEasing":0,"color":{"aM":0},"duration":15},{"tweenEasing":0,"duration":15},{"tweenEasing":0,"duration":20},{"tweenEasing":null,"duration":0}],"name":"010_chibang2"},{"frame":[{"displayIndex":-1,"tweenEasing":0,"duration":9},{"displayIndex":-1,"tweenEasing":0,"duration":1},{"tweenEasing":0,"color":{"aM":0},"duration":15},{"tweenEasing":0,"duration":15},{"tweenEasing":0,"duration":20},{"tweenEasing":null,"duration":0}],"name":"009_chibang1"},{"frame":[{"displayIndex":-1,"tweenEasing":0,"duration":9},{"displayIndex":-1,"tweenEasing":0,"duration":1},{"tweenEasing":0,"color":{"aM":0},"duration":10},{"tweenEasing":0,"duration":10},{"tweenEasing":0,"duration":30},{"tweenEasing":null,"duration":0}],"name":"004_shuimo"},{"frame":[{"displayIndex":-1,"tweenEasing":0,"duration":9},{"displayIndex":-1,"tweenEasing":0,"duration":1},{"tweenEasing":0,"color":{"aM":0},"duration":50},{"tweenEasing":null,"duration":0}],"name":"003_fangshexian"},{"frame":[{"displayIndex":-1,"tweenEasing":0,"duration":9},{"displayIndex":-1,"tweenEasing":0,"duration":1},{"tweenEasing":0,"color":{"aM":0},"duration":10},{"tweenEasing":0,"duration":10},{"tweenEasing":0,"duration":15},{"tweenEasing":0,"duration":15},{"tweenEasing":null,"duration":0}],"name":"002_guangyun"},{"frame":[{"displayIndex":-1,"tweenEasing":0,"duration":10},{"displayIndex":-1,"tweenEasing":0,"duration":10},{"displayIndex":-1,"tweenEasing":0,"duration":10},{"displayIndex":-1,"tweenEasing":0,"duration":30},{"displayIndex":-1,"tweenEasing":null,"duration":0}],"name":"000_ss_fuji"},{"frame":[{"displayIndex":-1,"tweenEasing":0,"duration":10},{"displayIndex":-1,"tweenEasing":0,"duration":15},{"displayIndex":-1,"tweenEasing":0,"duration":35},{"displayIndex":-1,"tweenEasing":null,"duration":0}],"name":"000_fuji"},{"frame":[{"displayIndex":-1,"tweenEasing":null,"duration":60}],"name":"001_dadiban"},{"frame":[{"displayIndex":-1,"tweenEasing":null,"duration":60}],"name":"007_wangge3"},{"frame":[{"displayIndex":-1,"tweenEasing":null,"duration":60}],"name":"006_wangge2"},{"frame":[{"displayIndex":-1,"tweenEasing":null,"duration":60}],"name":"005_wangge1"},{"frame":[{"displayIndex":-1,"tweenEasing":null,"duration":60}],"name":"017_s3"},{"frame":[{"displayIndex":-1,"tweenEasing":null,"duration":60}],"name":"018_wenzi"},{"frame":[{"displayIndex":-1,"tweenEasing":null,"duration":60}],"name":"019_gaoguang1"},{"frame":[{"displayIndex":-1,"tweenEasing":null,"duration":60}],"name":"020_gaoguang2"}],"ffd":[],"frame":[],"name":"006_erxing_chuxian","duration":60,"ik":[]},{"playTimes":0,"bone":[{"frame":[{"tweenEasing":0,"transform":{},"duration":60},{"transform":{},"duration":0}],"name":"016_s2"},{"frame":[{"tweenEasing":0,"transform":{"scY":0.65,"y":23.8095,"scX":0.65,"x":-78.924},"duration":60},{"transform":{"scY":0.65,"y":23.8095,"scX":0.65,"x":-78.924},"duration":0}],"name":"015_s1"},{"frame":[{"tweenEasing":0,"transform":{"y":-34.4444,"x":-6.6667},"duration":60},{"transform":{"y":-34.4444,"x":-6.6667},"duration":0}],"name":"014_s_diban"},{"frame":[{"tweenEasing":0,"transform":{"scY":0.995,"y":-6.6667},"duration":30},{"tweenEasing":0,"transform":{"scY":0.98,"y":-6.6667,"scX":1.02},"duration":30},{"transform":{"scY":0.995,"y":-6.6667},"duration":0}],"name":"011_xiaodiban1"},{"frame":[{"tweenEasing":0,"transform":{"y":48.3217,"scX":-1,"x":-90.6294},"duration":60},{"transform":{"y":48.3217,"scX":-1,"x":-90.6294},"duration":0}],"name":"013_xiaodiban3"},{"frame":[{"tweenEasing":0,"transform":{"y":49.021,"x":93.6363},"duration":60},{"transform":{"y":49.021,"x":93.6363},"duration":0}],"name":"012_xiaodiban2"},{"frame":[{"tweenEasing":0,"transform":{},"duration":60},{"transform":{},"duration":0}],"name":"008_muban"},{"frame":[{"tweenEasing":0,"transform":{"x":75},"duration":60},{"transform":{"x":75},"duration":0}],"name":"010_chibang2"},{"frame":[{"tweenEasing":0,"transform":{"x":-75},"duration":60},{"transform":{"x":-75},"duration":0}],"name":"009_chibang1"},{"frame":[{"tweenEasing":0,"transform":{"y":32},"duration":60},{"transform":{"y":32},"duration":0}],"name":"004_shuimo"},{"frame":[{"tweenEasing":0,"transform":{},"duration":60},{"transform":{"skX":91,"skY":91},"duration":0}],"name":"003_fangshexian"},{"frame":[{"tweenEasing":0,"transform":{},"duration":60},{"transform":{},"duration":0}],"name":"002_guangyun"},{"frame":[{"tweenEasing":0,"transform":{},"duration":60},{"transform":{},"duration":0}],"name":"000_ss_fuji"},{"frame":[{"tweenEasing":0,"transform":{},"duration":60},{"transform":{},"duration":0}],"name":"000_fuji"},{"frame":[{"transform":{},"duration":60}],"name":"001_dadiban"},{"frame":[{"transform":{},"duration":60}],"name":"007_wangge3"},{"frame":[{"transform":{},"duration":60}],"name":"006_wangge2"},{"frame":[{"transform":{},"duration":60}],"name":"005_wangge1"},{"frame":[{"transform":{},"duration":60}],"name":"020_gaoguang2"},{"frame":[{"transform":{},"duration":60}],"name":"019_gaoguang1"},{"frame":[{"transform":{},"duration":60}],"name":"018_wenzi"},{"frame":[{"transform":{},"duration":60}],"name":"017_s3"}],"slot":[{"frame":[{"tweenEasing":0,"duration":60},{"tweenEasing":null,"duration":0}],"name":"016_s2"},{"frame":[{"tweenEasing":0,"duration":60},{"tweenEasing":null,"duration":0}],"name":"015_s1"},{"frame":[{"tweenEasing":0,"duration":60},{"tweenEasing":null,"duration":0}],"name":"014_s_diban"},{"frame":[{"tweenEasing":0,"duration":30},{"tweenEasing":0,"duration":30},{"tweenEasing":null,"duration":0}],"name":"011_xiaodiban1"},{"frame":[{"tweenEasing":0,"duration":60},{"tweenEasing":null,"duration":0}],"name":"013_xiaodiban3"},{"frame":[{"tweenEasing":0,"duration":60},{"tweenEasing":null,"duration":0}],"name":"012_xiaodiban2"},{"frame":[{"tweenEasing":0,"duration":60},{"tweenEasing":null,"duration":0}],"name":"008_muban"},{"frame":[{"tweenEasing":0,"duration":60},{"tweenEasing":null,"duration":0}],"name":"010_chibang2"},{"frame":[{"tweenEasing":0,"duration":60},{"tweenEasing":null,"duration":0}],"name":"009_chibang1"},{"frame":[{"tweenEasing":0,"duration":60},{"tweenEasing":null,"duration":0}],"name":"004_shuimo"},{"frame":[{"tweenEasing":0,"duration":60},{"tweenEasing":null,"duration":0}],"name":"003_fangshexian"},{"frame":[{"tweenEasing":0,"duration":60},{"tweenEasing":null,"duration":0}],"name":"002_guangyun"},{"frame":[{"displayIndex":-1,"tweenEasing":0,"duration":60},{"displayIndex":-1,"tweenEasing":null,"duration":0}],"name":"000_ss_fuji"},{"frame":[{"displayIndex":-1,"tweenEasing":0,"duration":60},{"displayIndex":-1,"tweenEasing":null,"duration":0}],"name":"000_fuji"},{"frame":[{"displayIndex":-1,"tweenEasing":null,"duration":60}],"name":"001_dadiban"},{"frame":[{"displayIndex":-1,"tweenEasing":null,"duration":60}],"name":"007_wangge3"},{"frame":[{"displayIndex":-1,"tweenEasing":null,"duration":60}],"name":"006_wangge2"},{"frame":[{"displayIndex":-1,"tweenEasing":null,"duration":60}],"name":"005_wangge1"},{"frame":[{"displayIndex":-1,"tweenEasing":null,"duration":60}],"name":"017_s3"},{"frame":[{"displayIndex":-1,"tweenEasing":null,"duration":60}],"name":"018_wenzi"},{"frame":[{"displayIndex":-1,"tweenEasing":null,"duration":60}],"name":"019_gaoguang1"},{"frame":[{"displayIndex":-1,"tweenEasing":null,"duration":60}],"name":"020_gaoguang2"}],"ffd":[],"frame":[],"name":"007_erxing_xunhuan","duration":60,"ik":[]},{"playTimes":0,"bone":[{"frame":[{"tweenEasing":0,"transform":{},"duration":29},{"tweenEasing":0,"transform":{},"duration":1},{"tweenEasing":0,"transform":{"scY":1.3,"y":23.8095,"scX":1.3,"x":81.8713},"duration":10},{"tweenEasing":0,"transform":{"scY":0.6,"y":23.8095,"scX":0.6,"x":81.8713},"duration":10},{"tweenEasing":0,"transform":{"scY":0.65,"y":23.8095,"scX":0.65,"x":81.8713},"duration":10},{"transform":{"scY":0.65,"y":23.8095,"scX":0.65,"x":81.8713},"duration":0}],"name":"017_s3"},{"frame":[{"tweenEasing":0,"transform":{},"duration":19},{"tweenEasing":0,"transform":{},"duration":1},{"tweenEasing":0,"transform":{"scY":2,"scX":2},"duration":10},{"tweenEasing":0,"transform":{"scY":0.9,"scX":0.9},"duration":10},{"tweenEasing":0,"transform":{},"duration":20},{"transform":{},"duration":0}],"name":"016_s2"},{"frame":[{"tweenEasing":0,"transform":{},"duration":9},{"tweenEasing":0,"transform":{},"duration":1},{"tweenEasing":0,"transform":{"scY":1.3,"y":23.8095,"scX":1.3,"x":-78.924},"duration":10},{"tweenEasing":0,"transform":{"scY":0.6,"y":23.8095,"scX":0.6,"x":-78.924},"duration":10},{"tweenEasing":0,"transform":{"scY":0.65,"y":23.8095,"scX":0.65,"x":-78.924},"duration":30},{"transform":{"scY":0.65,"y":23.8095,"scX":0.65,"x":-78.924},"duration":0}],"name":"015_s1"},{"frame":[{"tweenEasing":0,"transform":{"y":-34.4444,"x":-6.6667},"duration":9},{"tweenEasing":0,"transform":{"y":-34.4444,"x":-6.6667},"duration":1},{"tweenEasing":0,"transform":{"y":-34.4444,"x":-6.6667},"duration":10},{"tweenEasing":0,"transform":{"y":-34.4444,"x":-6.6667},"duration":10},{"tweenEasing":0,"transform":{"y":-34.4444,"x":-6.6667},"duration":30},{"transform":{"y":-34.4444,"x":-6.6667},"duration":0}],"name":"014_s_diban"},{"frame":[{"tweenEasing":0,"transform":{"y":-6.6667},"duration":9},{"tweenEasing":0,"transform":{"y":-6.6667},"duration":1},{"tweenEasing":0,"transform":{"y":-6.6667},"duration":10},{"tweenEasing":0,"transform":{"scY":1.05,"y":-10,"scX":0.95},"duration":10},{"tweenEasing":0,"transform":{"scY":0.95,"y":-6.6667,"scX":1.05},"duration":10},{"tweenEasing":0,"transform":{"scY":1.02,"y":-6.6667,"scX":0.98},"duration":10},{"tweenEasing":0,"transform":{"scY":0.99,"y":-6.6667,"scX":1.01},"duration":10},{"transform":{"scY":0.995,"y":-6.6667},"duration":0}],"name":"011_xiaodiban1"},{"frame":[{"tweenEasing":0,"transform":{"y":48.3217,"scX":-1,"x":-90.6294},"duration":9},{"tweenEasing":0,"transform":{"y":48.3217,"scX":-1,"x":-90.6294},"duration":1},{"tweenEasing":0,"transform":{"y":48.3217,"scX":-1,"x":-90.6294},"duration":10},{"tweenEasing":0,"transform":{"y":48.3217,"skX":-5,"skY":-5,"scX":-1,"x":-90.6294},"duration":10},{"tweenEasing":0,"transform":{"y":48.3217,"skX":3,"skY":3,"scX":-1,"x":-90.6294},"duration":10},{"tweenEasing":0,"transform":{"y":48.3217,"skX":-3,"skY":-3,"scX":-1,"x":-90.6294},"duration":10},{"tweenEasing":0,"transform":{"y":48.3217,"skX":2,"skY":2,"scX":-1,"x":-90.6294},"duration":10},{"transform":{"y":48.3217,"scX":-1,"x":-90.6294},"duration":0}],"name":"013_xiaodiban3"},{"frame":[{"tweenEasing":0,"transform":{"y":49.021,"x":93.6363},"duration":9},{"tweenEasing":0,"transform":{"y":49.021,"x":93.6363},"duration":1},{"tweenEasing":0,"transform":{"y":49.021,"x":93.6363},"duration":10},{"tweenEasing":0,"transform":{"y":49,"skX":5,"skY":5,"x":93.6363},"duration":10},{"tweenEasing":0,"transform":{"y":49.021,"skX":-3,"skY":-3,"x":93.6363},"duration":10},{"tweenEasing":0,"transform":{"y":49.021,"skX":3,"skY":3,"x":93.6363},"duration":10},{"tweenEasing":0,"transform":{"y":49.021,"skX":-2,"skY":-2,"x":93.6363},"duration":10},{"transform":{"y":49.021,"x":93.6363},"duration":0}],"name":"012_xiaodiban2"},{"frame":[{"tweenEasing":0,"transform":{},"duration":9},{"tweenEasing":0,"transform":{},"duration":1},{"tweenEasing":0,"transform":{},"duration":10},{"tweenEasing":0,"transform":{},"duration":10},{"tweenEasing":0,"transform":{},"duration":30},{"transform":{},"duration":0}],"name":"008_muban"},{"frame":[{"tweenEasing":0,"transform":{"x":75},"duration":9},{"tweenEasing":0,"transform":{"x":75},"duration":1},{"tweenEasing":0,"transform":{"x":75},"duration":15},{"tweenEasing":0,"transform":{"scY":1.1,"scX":1.1,"x":75},"duration":15},{"tweenEasing":0,"transform":{"skX":2,"skY":2,"x":75},"duration":20},{"transform":{"x":75},"duration":0}],"name":"010_chibang2"},{"frame":[{"tweenEasing":0,"transform":{"x":-75},"duration":9},{"tweenEasing":0,"transform":{"x":-75},"duration":1},{"tweenEasing":0,"transform":{"x":-75},"duration":15},{"tweenEasing":0,"transform":{"scY":1.1,"scX":1.1,"x":-75},"duration":15},{"tweenEasing":0,"transform":{"skX":-2,"skY":-2,"x":-75},"duration":20},{"transform":{"x":-75},"duration":0}],"name":"009_chibang1"},{"frame":[{"tweenEasing":0,"transform":{"y":32},"duration":9},{"tweenEasing":0,"transform":{"y":32},"duration":1},{"tweenEasing":0,"transform":{"y":32},"duration":10},{"tweenEasing":0,"transform":{"y":32},"duration":10},{"tweenEasing":0,"transform":{"y":32},"duration":30},{"transform":{"y":32},"duration":0}],"name":"004_shuimo"},{"frame":[{"tweenEasing":0,"transform":{},"duration":9},{"tweenEasing":0,"transform":{},"duration":1},{"tweenEasing":0,"transform":{"skX":-60,"skY":-60},"duration":50},{"transform":{},"duration":0}],"name":"003_fangshexian"},{"frame":[{"tweenEasing":0,"transform":{},"duration":9},{"tweenEasing":0,"transform":{},"duration":1},{"tweenEasing":0,"transform":{},"duration":10},{"tweenEasing":0,"transform":{"scY":1.1,"scX":1.1},"duration":10},{"tweenEasing":0,"transform":{},"duration":15},{"tweenEasing":0,"transform":{"scY":1.05,"scX":1.05},"duration":15},{"transform":{},"duration":0}],"name":"002_guangyun"},{"frame":[{"tweenEasing":0,"transform":{"scY":0.8,"scX":0.8},"duration":10},{"tweenEasing":0,"transform":{"scY":0.8,"scX":0.8},"duration":10},{"tweenEasing":0,"transform":{"scY":1.2,"scX":1.2},"duration":10},{"tweenEasing":0,"transform":{},"duration":30},{"transform":{},"duration":0}],"name":"000_ss_fuji"},{"frame":[{"tweenEasing":0,"transform":{},"duration":10},{"tweenEasing":0,"transform":{},"duration":15},{"tweenEasing":0,"transform":{},"duration":35},{"transform":{},"duration":0}],"name":"000_fuji"},{"frame":[{"transform":{},"duration":60}],"name":"001_dadiban"},{"frame":[{"transform":{},"duration":60}],"name":"007_wangge3"},{"frame":[{"transform":{},"duration":60}],"name":"006_wangge2"},{"frame":[{"transform":{},"duration":60}],"name":"005_wangge1"},{"frame":[{"transform":{},"duration":60}],"name":"020_gaoguang2"},{"frame":[{"transform":{},"duration":60}],"name":"019_gaoguang1"},{"frame":[{"transform":{},"duration":60}],"name":"018_wenzi"}],"slot":[{"frame":[{"displayIndex":-1,"tweenEasing":0,"duration":29},{"displayIndex":-1,"tweenEasing":0,"duration":1},{"tweenEasing":0,"color":{"aM":0},"duration":10},{"tweenEasing":0,"duration":10},{"tweenEasing":0,"duration":10},{"tweenEasing":null,"duration":0}],"name":"017_s3"},{"frame":[{"displayIndex":-1,"tweenEasing":0,"duration":19},{"displayIndex":-1,"tweenEasing":0,"duration":1},{"tweenEasing":0,"color":{"aM":0},"duration":10},{"tweenEasing":0,"duration":10},{"tweenEasing":0,"duration":20},{"tweenEasing":null,"duration":0}],"name":"016_s2"},{"frame":[{"displayIndex":-1,"tweenEasing":0,"duration":9},{"displayIndex":-1,"tweenEasing":0,"duration":1},{"tweenEasing":0,"color":{"aM":0},"duration":10},{"tweenEasing":0,"duration":10},{"tweenEasing":0,"duration":30},{"tweenEasing":null,"duration":0}],"name":"015_s1"},{"frame":[{"displayIndex":-1,"tweenEasing":0,"duration":9},{"displayIndex":-1,"tweenEasing":0,"duration":1},{"tweenEasing":0,"color":{"aM":0},"duration":10},{"tweenEasing":0,"duration":10},{"tweenEasing":0,"duration":30},{"tweenEasing":null,"duration":0}],"name":"014_s_diban"},{"frame":[{"displayIndex":-1,"tweenEasing":0,"duration":9},{"displayIndex":-1,"tweenEasing":0,"duration":1},{"tweenEasing":0,"color":{"aM":0},"duration":10},{"tweenEasing":0,"duration":10},{"tweenEasing":0,"duration":10},{"tweenEasing":0,"duration":10},{"tweenEasing":0,"duration":10},{"tweenEasing":null,"duration":0}],"name":"011_xiaodiban1"},{"frame":[{"displayIndex":-1,"tweenEasing":0,"duration":9},{"displayIndex":-1,"tweenEasing":0,"duration":1},{"tweenEasing":0,"color":{"aM":0},"duration":10},{"tweenEasing":0,"duration":10},{"tweenEasing":0,"duration":10},{"tweenEasing":0,"duration":10},{"tweenEasing":0,"duration":10},{"tweenEasing":null,"duration":0}],"name":"013_xiaodiban3"},{"frame":[{"displayIndex":-1,"tweenEasing":0,"duration":9},{"displayIndex":-1,"tweenEasing":0,"duration":1},{"tweenEasing":0,"color":{"aM":0},"duration":10},{"tweenEasing":0,"duration":10},{"tweenEasing":0,"duration":10},{"tweenEasing":0,"duration":10},{"tweenEasing":0,"duration":10},{"tweenEasing":null,"duration":0}],"name":"012_xiaodiban2"},{"frame":[{"displayIndex":-1,"tweenEasing":0,"duration":9},{"displayIndex":-1,"tweenEasing":0,"duration":1},{"tweenEasing":0,"color":{"aM":0},"duration":10},{"tweenEasing":0,"duration":10},{"tweenEasing":0,"duration":30},{"tweenEasing":null,"duration":0}],"name":"008_muban"},{"frame":[{"displayIndex":-1,"tweenEasing":0,"duration":9},{"displayIndex":-1,"tweenEasing":0,"duration":1},{"tweenEasing":0,"color":{"aM":0},"duration":15},{"tweenEasing":0,"duration":15},{"tweenEasing":0,"duration":20},{"tweenEasing":null,"duration":0}],"name":"010_chibang2"},{"frame":[{"displayIndex":-1,"tweenEasing":0,"duration":9},{"displayIndex":-1,"tweenEasing":0,"duration":1},{"tweenEasing":0,"color":{"aM":0},"duration":15},{"tweenEasing":0,"duration":15},{"tweenEasing":0,"duration":20},{"tweenEasing":null,"duration":0}],"name":"009_chibang1"},{"frame":[{"displayIndex":-1,"tweenEasing":0,"duration":9},{"displayIndex":-1,"tweenEasing":0,"duration":1},{"tweenEasing":0,"color":{"aM":0},"duration":10},{"tweenEasing":0,"duration":10},{"tweenEasing":0,"duration":30},{"tweenEasing":null,"duration":0}],"name":"004_shuimo"},{"frame":[{"displayIndex":-1,"tweenEasing":0,"duration":9},{"displayIndex":-1,"tweenEasing":0,"duration":1},{"tweenEasing":0,"color":{"aM":0},"duration":50},{"tweenEasing":null,"duration":0}],"name":"003_fangshexian"},{"frame":[{"displayIndex":-1,"tweenEasing":0,"duration":9},{"displayIndex":-1,"tweenEasing":0,"duration":1},{"tweenEasing":0,"color":{"aM":0},"duration":10},{"tweenEasing":0,"duration":10},{"tweenEasing":0,"duration":15},{"tweenEasing":0,"duration":15},{"tweenEasing":null,"duration":0}],"name":"002_guangyun"},{"frame":[{"displayIndex":-1,"tweenEasing":0,"duration":10},{"displayIndex":-1,"tweenEasing":0,"duration":10},{"displayIndex":-1,"tweenEasing":0,"duration":10},{"displayIndex":-1,"tweenEasing":0,"duration":30},{"displayIndex":-1,"tweenEasing":null,"duration":0}],"name":"000_ss_fuji"},{"frame":[{"displayIndex":-1,"tweenEasing":0,"duration":10},{"displayIndex":-1,"tweenEasing":0,"duration":15},{"displayIndex":-1,"tweenEasing":0,"duration":35},{"displayIndex":-1,"tweenEasing":null,"duration":0}],"name":"000_fuji"},{"frame":[{"displayIndex":-1,"tweenEasing":null,"duration":60}],"name":"001_dadiban"},{"frame":[{"displayIndex":-1,"tweenEasing":null,"duration":60}],"name":"007_wangge3"},{"frame":[{"displayIndex":-1,"tweenEasing":null,"duration":60}],"name":"006_wangge2"},{"frame":[{"displayIndex":-1,"tweenEasing":null,"duration":60}],"name":"005_wangge1"},{"frame":[{"displayIndex":-1,"tweenEasing":null,"duration":60}],"name":"018_wenzi"},{"frame":[{"displayIndex":-1,"tweenEasing":null,"duration":60}],"name":"019_gaoguang1"},{"frame":[{"displayIndex":-1,"tweenEasing":null,"duration":60}],"name":"020_gaoguang2"}],"ffd":[],"frame":[],"name":"008_sanxing_chuxian","duration":60,"ik":[]},{"playTimes":0,"bone":[{"frame":[{"tweenEasing":0,"transform":{"scY":0.65,"y":23.4506,"scX":0.65,"x":81},"duration":60},{"transform":{"scY":0.65,"y":23.4506,"scX":0.65,"x":81},"duration":0}],"name":"017_s3"},{"frame":[{"tweenEasing":0,"transform":{},"duration":60},{"transform":{},"duration":0}],"name":"016_s2"},{"frame":[{"tweenEasing":0,"transform":{"scY":0.65,"y":23.8095,"scX":0.65,"x":-78.924},"duration":60},{"transform":{"scY":0.65,"y":23.8095,"scX":0.65,"x":-78.924},"duration":0}],"name":"015_s1"},{"frame":[{"tweenEasing":0,"transform":{"y":-34.4444,"x":-6.6667},"duration":60},{"transform":{"y":-34.4444,"x":-6.6667},"duration":0}],"name":"014_s_diban"},{"frame":[{"tweenEasing":0,"transform":{"scY":0.995,"y":-6.6667},"duration":30},{"tweenEasing":0,"transform":{"scY":0.98,"y":-6.6667,"scX":1.02},"duration":30},{"transform":{"scY":0.995,"y":-6.6667},"duration":0}],"name":"011_xiaodiban1"},{"frame":[{"tweenEasing":0,"transform":{"y":48.3217,"scX":-1,"x":-90.6294},"duration":60},{"transform":{"y":48.3217,"scX":-1,"x":-90.6294},"duration":0}],"name":"013_xiaodiban3"},{"frame":[{"tweenEasing":0,"transform":{"y":49.021,"x":93.6363},"duration":60},{"transform":{"y":49.021,"x":93.6363},"duration":0}],"name":"012_xiaodiban2"},{"frame":[{"tweenEasing":0,"transform":{},"duration":60},{"transform":{},"duration":0}],"name":"008_muban"},{"frame":[{"tweenEasing":0,"transform":{"x":75},"duration":60},{"transform":{"x":75},"duration":0}],"name":"010_chibang2"},{"frame":[{"tweenEasing":0,"transform":{"x":-75},"duration":60},{"transform":{"x":-75},"duration":0}],"name":"009_chibang1"},{"frame":[{"tweenEasing":0,"transform":{"y":32},"duration":60},{"transform":{"y":32},"duration":0}],"name":"004_shuimo"},{"frame":[{"tweenEasing":0,"transform":{},"duration":60},{"transform":{"skX":91,"skY":91},"duration":0}],"name":"003_fangshexian"},{"frame":[{"tweenEasing":0,"transform":{},"duration":60},{"transform":{},"duration":0}],"name":"002_guangyun"},{"frame":[{"tweenEasing":0,"transform":{},"duration":60},{"transform":{},"duration":0}],"name":"000_ss_fuji"},{"frame":[{"tweenEasing":0,"transform":{},"duration":60},{"transform":{},"duration":0}],"name":"000_fuji"},{"frame":[{"transform":{},"duration":60}],"name":"001_dadiban"},{"frame":[{"transform":{},"duration":60}],"name":"007_wangge3"},{"frame":[{"transform":{},"duration":60}],"name":"006_wangge2"},{"frame":[{"transform":{},"duration":60}],"name":"005_wangge1"},{"frame":[{"transform":{},"duration":60}],"name":"020_gaoguang2"},{"frame":[{"transform":{},"duration":60}],"name":"019_gaoguang1"},{"frame":[{"transform":{},"duration":60}],"name":"018_wenzi"}],"slot":[{"frame":[{"tweenEasing":0,"duration":60},{"tweenEasing":null,"duration":0}],"name":"017_s3"},{"frame":[{"tweenEasing":0,"duration":60},{"tweenEasing":null,"duration":0}],"name":"016_s2"},{"frame":[{"tweenEasing":0,"duration":60},{"tweenEasing":null,"duration":0}],"name":"015_s1"},{"frame":[{"tweenEasing":0,"duration":60},{"tweenEasing":null,"duration":0}],"name":"014_s_diban"},{"frame":[{"tweenEasing":0,"duration":30},{"tweenEasing":0,"duration":30},{"tweenEasing":null,"duration":0}],"name":"011_xiaodiban1"},{"frame":[{"tweenEasing":0,"duration":60},{"tweenEasing":null,"duration":0}],"name":"013_xiaodiban3"},{"frame":[{"tweenEasing":0,"duration":60},{"tweenEasing":null,"duration":0}],"name":"012_xiaodiban2"},{"frame":[{"tweenEasing":0,"duration":60},{"tweenEasing":null,"duration":0}],"name":"008_muban"},{"frame":[{"tweenEasing":0,"duration":60},{"tweenEasing":null,"duration":0}],"name":"010_chibang2"},{"frame":[{"tweenEasing":0,"duration":60},{"tweenEasing":null,"duration":0}],"name":"009_chibang1"},{"frame":[{"tweenEasing":0,"duration":60},{"tweenEasing":null,"duration":0}],"name":"004_shuimo"},{"frame":[{"tweenEasing":0,"duration":60},{"tweenEasing":null,"duration":0}],"name":"003_fangshexian"},{"frame":[{"tweenEasing":0,"duration":60},{"tweenEasing":null,"duration":0}],"name":"002_guangyun"},{"frame":[{"displayIndex":-1,"tweenEasing":0,"duration":60},{"displayIndex":-1,"tweenEasing":null,"duration":0}],"name":"000_ss_fuji"},{"frame":[{"displayIndex":-1,"tweenEasing":0,"duration":60},{"displayIndex":-1,"tweenEasing":null,"duration":0}],"name":"000_fuji"},{"frame":[{"displayIndex":-1,"tweenEasing":null,"duration":60}],"name":"001_dadiban"},{"frame":[{"displayIndex":-1,"tweenEasing":null,"duration":60}],"name":"007_wangge3"},{"frame":[{"displayIndex":-1,"tweenEasing":null,"duration":60}],"name":"006_wangge2"},{"frame":[{"displayIndex":-1,"tweenEasing":null,"duration":60}],"name":"005_wangge1"},{"frame":[{"displayIndex":-1,"tweenEasing":null,"duration":60}],"name":"018_wenzi"},{"frame":[{"displayIndex":-1,"tweenEasing":null,"duration":60}],"name":"019_gaoguang1"},{"frame":[{"displayIndex":-1,"tweenEasing":null,"duration":60}],"name":"020_gaoguang2"}],"ffd":[],"frame":[],"name":"009_sanxing_xunhuan","duration":60,"ik":[]},{"playTimes":0,"bone":[{"frame":[{"tweenEasing":0,"transform":{"x":-5.5556},"duration":9},{"tweenEasing":0,"transform":{"x":-5.5556},"duration":1},{"tweenEasing":0,"transform":{"x":-5.5556},"duration":10},{"tweenEasing":0,"transform":{"scY":1.05,"scX":0.95,"x":-5.5556},"duration":10},{"tweenEasing":0,"transform":{"scY":0.95,"scX":1.05,"x":-5.5556},"duration":10},{"tweenEasing":0,"transform":{"scY":1.02,"scX":0.98,"x":-5.5556},"duration":10},{"tweenEasing":0,"transform":{"scY":0.99,"scX":1.01,"x":-5.5556},"duration":10},{"transform":{"x":-5.5556},"duration":0}],"name":"018_wenzi"},{"frame":[{"tweenEasing":0,"transform":{"scY":0.8,"scX":0.8},"duration":10},{"tweenEasing":0,"transform":{"scY":0.8,"scX":0.8},"duration":10},{"tweenEasing":0,"transform":{"scY":1.2,"scX":1.2},"duration":10},{"tweenEasing":0,"transform":{},"duration":30},{"transform":{},"duration":0}],"name":"000_ss_fuji"},{"frame":[{"tweenEasing":0,"transform":{},"duration":10},{"tweenEasing":0,"transform":{},"duration":15},{"tweenEasing":0,"transform":{},"duration":35},{"transform":{},"duration":0}],"name":"000_fuji"},{"frame":[{"transform":{},"duration":60}],"name":"001_dadiban"},{"frame":[{"transform":{},"duration":60}],"name":"007_wangge3"},{"frame":[{"transform":{},"duration":60}],"name":"006_wangge2"},{"frame":[{"transform":{},"duration":60}],"name":"005_wangge1"},{"frame":[{"transform":{},"duration":60}],"name":"002_guangyun"},{"frame":[{"transform":{},"duration":60}],"name":"003_fangshexian"},{"frame":[{"transform":{},"duration":60}],"name":"004_shuimo"},{"frame":[{"transform":{},"duration":60}],"name":"009_chibang1"},{"frame":[{"transform":{},"duration":60}],"name":"010_chibang2"},{"frame":[{"transform":{},"duration":60}],"name":"008_muban"},{"frame":[{"transform":{},"duration":60}],"name":"020_gaoguang2"},{"frame":[{"transform":{},"duration":60}],"name":"019_gaoguang1"},{"frame":[{"transform":{},"duration":60}],"name":"011_xiaodiban1"},{"frame":[{"transform":{},"duration":60}],"name":"013_xiaodiban3"},{"frame":[{"transform":{},"duration":60}],"name":"014_s_diban"},{"frame":[{"transform":{},"duration":60}],"name":"012_xiaodiban2"},{"frame":[{"transform":{},"duration":60}],"name":"017_s3"},{"frame":[{"transform":{},"duration":60}],"name":"015_s1"},{"frame":[{"transform":{},"duration":60}],"name":"016_s2"}],"slot":[{"frame":[{"displayIndex":-1,"tweenEasing":0,"duration":9},{"displayIndex":-1,"tweenEasing":0,"duration":1},{"tweenEasing":0,"color":{"aM":0},"duration":10},{"tweenEasing":0,"duration":10},{"tweenEasing":0,"duration":10},{"tweenEasing":0,"duration":10},{"tweenEasing":0,"duration":10},{"tweenEasing":null,"duration":0}],"name":"018_wenzi"},{"frame":[{"displayIndex":-1,"tweenEasing":0,"duration":10},{"displayIndex":-1,"tweenEasing":0,"duration":10},{"displayIndex":-1,"tweenEasing":0,"duration":10},{"displayIndex":-1,"tweenEasing":0,"duration":30},{"displayIndex":-1,"tweenEasing":null,"duration":0}],"name":"000_ss_fuji"},{"frame":[{"displayIndex":-1,"tweenEasing":0,"duration":10},{"displayIndex":-1,"tweenEasing":0,"duration":15},{"displayIndex":-1,"tweenEasing":0,"duration":35},{"displayIndex":-1,"tweenEasing":null,"duration":0}],"name":"000_fuji"},{"frame":[{"displayIndex":-1,"tweenEasing":null,"duration":60}],"name":"001_dadiban"},{"frame":[{"displayIndex":-1,"tweenEasing":null,"duration":60}],"name":"007_wangge3"},{"frame":[{"displayIndex":-1,"tweenEasing":null,"duration":60}],"name":"006_wangge2"},{"frame":[{"displayIndex":-1,"tweenEasing":null,"duration":60}],"name":"005_wangge1"},{"frame":[{"displayIndex":-1,"tweenEasing":null,"duration":60}],"name":"002_guangyun"},{"frame":[{"displayIndex":-1,"tweenEasing":null,"duration":60}],"name":"003_fangshexian"},{"frame":[{"displayIndex":-1,"tweenEasing":null,"duration":60}],"name":"004_shuimo"},{"frame":[{"displayIndex":-1,"tweenEasing":null,"duration":60}],"name":"009_chibang1"},{"frame":[{"displayIndex":-1,"tweenEasing":null,"duration":60}],"name":"010_chibang2"},{"frame":[{"displayIndex":-1,"tweenEasing":null,"duration":60}],"name":"008_muban"},{"frame":[{"displayIndex":-1,"tweenEasing":null,"duration":60}],"name":"012_xiaodiban2"},{"frame":[{"displayIndex":-1,"tweenEasing":null,"duration":60}],"name":"013_xiaodiban3"},{"frame":[{"displayIndex":-1,"tweenEasing":null,"duration":60}],"name":"011_xiaodiban1"},{"frame":[{"displayIndex":-1,"tweenEasing":null,"duration":60}],"name":"014_s_diban"},{"frame":[{"displayIndex":-1,"tweenEasing":null,"duration":60}],"name":"015_s1"},{"frame":[{"displayIndex":-1,"tweenEasing":null,"duration":60}],"name":"016_s2"},{"frame":[{"displayIndex":-1,"tweenEasing":null,"duration":60}],"name":"017_s3"},{"frame":[{"displayIndex":-1,"tweenEasing":null,"duration":60}],"name":"019_gaoguang1"},{"frame":[{"displayIndex":-1,"tweenEasing":null,"duration":60}],"name":"020_gaoguang2"}],"ffd":[],"frame":[],"name":"010_shengli_chuxian","duration":60,"ik":[]},{"playTimes":0,"bone":[{"frame":[{"tweenEasing":0,"transform":{},"duration":30},{"tweenEasing":0,"transform":{"y":5,"x":-15},"duration":30},{"transform":{"y":10,"x":-30},"duration":0}],"name":"019_gaoguang1"},{"frame":[{"tweenEasing":0,"transform":{"x":-5.5556},"duration":60},{"transform":{"x":-5.5556},"duration":0}],"name":"018_wenzi"},{"frame":[{"tweenEasing":0,"transform":{},"duration":10},{"tweenEasing":0,"transform":{},"duration":15},{"tweenEasing":0,"transform":{},"duration":35},{"transform":{},"duration":0}],"name":"000_fuji"},{"frame":[{"transform":{},"duration":60}],"name":"001_dadiban"},{"frame":[{"transform":{},"duration":60}],"name":"000_ss_fuji"},{"frame":[{"transform":{},"duration":60}],"name":"007_wangge3"},{"frame":[{"transform":{},"duration":60}],"name":"006_wangge2"},{"frame":[{"transform":{},"duration":60}],"name":"005_wangge1"},{"frame":[{"transform":{},"duration":60}],"name":"002_guangyun"},{"frame":[{"transform":{},"duration":60}],"name":"003_fangshexian"},{"frame":[{"transform":{},"duration":60}],"name":"004_shuimo"},{"frame":[{"transform":{},"duration":60}],"name":"009_chibang1"},{"frame":[{"transform":{},"duration":60}],"name":"010_chibang2"},{"frame":[{"transform":{},"duration":60}],"name":"008_muban"},{"frame":[{"transform":{},"duration":60}],"name":"020_gaoguang2"},{"frame":[{"transform":{},"duration":60}],"name":"011_xiaodiban1"},{"frame":[{"transform":{},"duration":60}],"name":"013_xiaodiban3"},{"frame":[{"transform":{},"duration":60}],"name":"014_s_diban"},{"frame":[{"transform":{},"duration":60}],"name":"012_xiaodiban2"},{"frame":[{"transform":{},"duration":60}],"name":"017_s3"},{"frame":[{"transform":{},"duration":60}],"name":"015_s1"},{"frame":[{"transform":{},"duration":60}],"name":"016_s2"}],"slot":[{"frame":[{"tweenEasing":0,"color":{"aM":0},"duration":30},{"tweenEasing":0,"duration":30},{"tweenEasing":null,"color":{"aM":0},"duration":0}],"name":"019_gaoguang1"},{"frame":[{"tweenEasing":0,"duration":60},{"tweenEasing":null,"duration":0}],"name":"018_wenzi"},{"frame":[{"displayIndex":-1,"tweenEasing":0,"duration":10},{"displayIndex":-1,"tweenEasing":0,"duration":15},{"displayIndex":-1,"tweenEasing":0,"duration":35},{"displayIndex":-1,"tweenEasing":null,"duration":0}],"name":"000_fuji"},{"frame":[{"displayIndex":-1,"tweenEasing":null,"duration":60}],"name":"001_dadiban"},{"frame":[{"displayIndex":-1,"tweenEasing":null,"duration":60}],"name":"000_ss_fuji"},{"frame":[{"displayIndex":-1,"tweenEasing":null,"duration":60}],"name":"007_wangge3"},{"frame":[{"displayIndex":-1,"tweenEasing":null,"duration":60}],"name":"006_wangge2"},{"frame":[{"displayIndex":-1,"tweenEasing":null,"duration":60}],"name":"005_wangge1"},{"frame":[{"displayIndex":-1,"tweenEasing":null,"duration":60}],"name":"002_guangyun"},{"frame":[{"displayIndex":-1,"tweenEasing":null,"duration":60}],"name":"003_fangshexian"},{"frame":[{"displayIndex":-1,"tweenEasing":null,"duration":60}],"name":"004_shuimo"},{"frame":[{"displayIndex":-1,"tweenEasing":null,"duration":60}],"name":"009_chibang1"},{"frame":[{"displayIndex":-1,"tweenEasing":null,"duration":60}],"name":"010_chibang2"},{"frame":[{"displayIndex":-1,"tweenEasing":null,"duration":60}],"name":"008_muban"},{"frame":[{"displayIndex":-1,"tweenEasing":null,"duration":60}],"name":"012_xiaodiban2"},{"frame":[{"displayIndex":-1,"tweenEasing":null,"duration":60}],"name":"013_xiaodiban3"},{"frame":[{"displayIndex":-1,"tweenEasing":null,"duration":60}],"name":"011_xiaodiban1"},{"frame":[{"displayIndex":-1,"tweenEasing":null,"duration":60}],"name":"014_s_diban"},{"frame":[{"displayIndex":-1,"tweenEasing":null,"duration":60}],"name":"015_s1"},{"frame":[{"displayIndex":-1,"tweenEasing":null,"duration":60}],"name":"016_s2"},{"frame":[{"displayIndex":-1,"tweenEasing":null,"duration":60}],"name":"017_s3"},{"frame":[{"displayIndex":-1,"tweenEasing":null,"duration":60}],"name":"020_gaoguang2"}],"ffd":[],"frame":[],"name":"011_shengli_xunhuan","duration":60,"ik":[]},{"playTimes":0,"bone":[{"frame":[{"tweenEasing":0,"transform":{"x":-5.5556},"duration":9},{"tweenEasing":0,"transform":{"x":-5.5556},"duration":1},{"tweenEasing":0,"transform":{"x":-5.5556},"duration":10},{"tweenEasing":0,"transform":{"scY":1.05,"scX":0.95,"x":-5.5556},"duration":10},{"tweenEasing":0,"transform":{"scY":0.95,"scX":1.05,"x":-5.5556},"duration":10},{"tweenEasing":0,"transform":{"scY":1.02,"scX":0.98,"x":-5.5556},"duration":10},{"tweenEasing":0,"transform":{"scY":0.99,"scX":1.01,"x":-5.5556},"duration":10},{"transform":{"x":-5.5556},"duration":0}],"name":"018_wenzi"},{"frame":[{"tweenEasing":0,"transform":{"scY":0.8,"scX":0.8},"duration":10},{"tweenEasing":0,"transform":{"scY":0.8,"scX":0.8},"duration":10},{"tweenEasing":0,"transform":{"scY":1.2,"scX":1.2},"duration":10},{"tweenEasing":0,"transform":{},"duration":30},{"transform":{},"duration":0}],"name":"000_ss_fuji"},{"frame":[{"tweenEasing":0,"transform":{},"duration":10},{"tweenEasing":0,"transform":{},"duration":15},{"tweenEasing":0,"transform":{},"duration":35},{"transform":{},"duration":0}],"name":"000_fuji"},{"frame":[{"transform":{},"duration":60}],"name":"001_dadiban"},{"frame":[{"transform":{},"duration":60}],"name":"007_wangge3"},{"frame":[{"transform":{},"duration":60}],"name":"006_wangge2"},{"frame":[{"transform":{},"duration":60}],"name":"005_wangge1"},{"frame":[{"transform":{},"duration":60}],"name":"002_guangyun"},{"frame":[{"transform":{},"duration":60}],"name":"003_fangshexian"},{"frame":[{"transform":{},"duration":60}],"name":"004_shuimo"},{"frame":[{"transform":{},"duration":60}],"name":"009_chibang1"},{"frame":[{"transform":{},"duration":60}],"name":"010_chibang2"},{"frame":[{"transform":{},"duration":60}],"name":"008_muban"},{"frame":[{"transform":{},"duration":60}],"name":"020_gaoguang2"},{"frame":[{"transform":{},"duration":60}],"name":"019_gaoguang1"},{"frame":[{"transform":{},"duration":60}],"name":"011_xiaodiban1"},{"frame":[{"transform":{},"duration":60}],"name":"013_xiaodiban3"},{"frame":[{"transform":{},"duration":60}],"name":"014_s_diban"},{"frame":[{"transform":{},"duration":60}],"name":"012_xiaodiban2"},{"frame":[{"transform":{},"duration":60}],"name":"017_s3"},{"frame":[{"transform":{},"duration":60}],"name":"015_s1"},{"frame":[{"transform":{},"duration":60}],"name":"016_s2"}],"slot":[{"frame":[{"displayIndex":-1,"tweenEasing":0,"duration":9},{"displayIndex":-1,"tweenEasing":0,"duration":1},{"displayIndex":1,"tweenEasing":0,"color":{"aM":0},"duration":10},{"displayIndex":1,"tweenEasing":0,"duration":10},{"displayIndex":1,"tweenEasing":0,"duration":10},{"displayIndex":1,"tweenEasing":0,"duration":10},{"displayIndex":1,"tweenEasing":0,"duration":10},{"displayIndex":1,"tweenEasing":null,"duration":0}],"name":"018_wenzi"},{"frame":[{"displayIndex":-1,"tweenEasing":0,"duration":10},{"displayIndex":-1,"tweenEasing":0,"duration":10},{"displayIndex":-1,"tweenEasing":0,"duration":10},{"displayIndex":-1,"tweenEasing":0,"duration":30},{"displayIndex":-1,"tweenEasing":null,"duration":0}],"name":"000_ss_fuji"},{"frame":[{"displayIndex":-1,"tweenEasing":0,"duration":10},{"displayIndex":-1,"tweenEasing":0,"duration":15},{"displayIndex":-1,"tweenEasing":0,"duration":35},{"displayIndex":-1,"tweenEasing":null,"duration":0}],"name":"000_fuji"},{"frame":[{"displayIndex":-1,"tweenEasing":null,"duration":60}],"name":"001_dadiban"},{"frame":[{"displayIndex":-1,"tweenEasing":null,"duration":60}],"name":"007_wangge3"},{"frame":[{"displayIndex":-1,"tweenEasing":null,"duration":60}],"name":"006_wangge2"},{"frame":[{"displayIndex":-1,"tweenEasing":null,"duration":60}],"name":"005_wangge1"},{"frame":[{"displayIndex":-1,"tweenEasing":null,"duration":60}],"name":"002_guangyun"},{"frame":[{"displayIndex":-1,"tweenEasing":null,"duration":60}],"name":"003_fangshexian"},{"frame":[{"displayIndex":-1,"tweenEasing":null,"duration":60}],"name":"004_shuimo"},{"frame":[{"displayIndex":-1,"tweenEasing":null,"duration":60}],"name":"009_chibang1"},{"frame":[{"displayIndex":-1,"tweenEasing":null,"duration":60}],"name":"010_chibang2"},{"frame":[{"displayIndex":-1,"tweenEasing":null,"duration":60}],"name":"008_muban"},{"frame":[{"displayIndex":-1,"tweenEasing":null,"duration":60}],"name":"012_xiaodiban2"},{"frame":[{"displayIndex":-1,"tweenEasing":null,"duration":60}],"name":"013_xiaodiban3"},{"frame":[{"displayIndex":-1,"tweenEasing":null,"duration":60}],"name":"011_xiaodiban1"},{"frame":[{"displayIndex":-1,"tweenEasing":null,"duration":60}],"name":"014_s_diban"},{"frame":[{"displayIndex":-1,"tweenEasing":null,"duration":60}],"name":"015_s1"},{"frame":[{"displayIndex":-1,"tweenEasing":null,"duration":60}],"name":"016_s2"},{"frame":[{"displayIndex":-1,"tweenEasing":null,"duration":60}],"name":"017_s3"},{"frame":[{"displayIndex":-1,"tweenEasing":null,"duration":60}],"name":"019_gaoguang1"},{"frame":[{"displayIndex":-1,"tweenEasing":null,"duration":60}],"name":"020_gaoguang2"}],"ffd":[],"frame":[],"name":"012_shibai_chuxian","duration":60,"ik":[]},{"playTimes":0,"bone":[{"frame":[{"tweenEasing":0,"transform":{"x":-5.5556},"duration":60},{"transform":{"x":-5.5556},"duration":0}],"name":"018_wenzi"},{"frame":[{"tweenEasing":0,"transform":{},"duration":10},{"tweenEasing":0,"transform":{},"duration":15},{"tweenEasing":0,"transform":{},"duration":35},{"transform":{},"duration":0}],"name":"000_fuji"},{"frame":[{"transform":{},"duration":60}],"name":"001_dadiban"},{"frame":[{"transform":{},"duration":60}],"name":"000_ss_fuji"},{"frame":[{"transform":{},"duration":60}],"name":"007_wangge3"},{"frame":[{"transform":{},"duration":60}],"name":"006_wangge2"},{"frame":[{"transform":{},"duration":60}],"name":"005_wangge1"},{"frame":[{"transform":{},"duration":60}],"name":"002_guangyun"},{"frame":[{"transform":{},"duration":60}],"name":"003_fangshexian"},{"frame":[{"transform":{},"duration":60}],"name":"004_shuimo"},{"frame":[{"transform":{},"duration":60}],"name":"009_chibang1"},{"frame":[{"transform":{},"duration":60}],"name":"010_chibang2"},{"frame":[{"transform":{},"duration":60}],"name":"008_muban"},{"frame":[{"transform":{},"duration":60}],"name":"020_gaoguang2"},{"frame":[{"transform":{},"duration":60}],"name":"019_gaoguang1"},{"frame":[{"transform":{},"duration":60}],"name":"011_xiaodiban1"},{"frame":[{"transform":{},"duration":60}],"name":"013_xiaodiban3"},{"frame":[{"transform":{},"duration":60}],"name":"014_s_diban"},{"frame":[{"transform":{},"duration":60}],"name":"012_xiaodiban2"},{"frame":[{"transform":{},"duration":60}],"name":"017_s3"},{"frame":[{"transform":{},"duration":60}],"name":"015_s1"},{"frame":[{"transform":{},"duration":60}],"name":"016_s2"}],"slot":[{"frame":[{"displayIndex":1,"tweenEasing":0,"duration":60},{"displayIndex":1,"tweenEasing":null,"duration":0}],"name":"018_wenzi"},{"frame":[{"displayIndex":-1,"tweenEasing":0,"duration":10},{"displayIndex":-1,"tweenEasing":0,"duration":15},{"displayIndex":-1,"tweenEasing":0,"duration":35},{"displayIndex":-1,"tweenEasing":null,"duration":0}],"name":"000_fuji"},{"frame":[{"displayIndex":-1,"tweenEasing":null,"duration":60}],"name":"001_dadiban"},{"frame":[{"displayIndex":-1,"tweenEasing":null,"duration":60}],"name":"000_ss_fuji"},{"frame":[{"displayIndex":-1,"tweenEasing":null,"duration":60}],"name":"007_wangge3"},{"frame":[{"displayIndex":-1,"tweenEasing":null,"duration":60}],"name":"006_wangge2"},{"frame":[{"displayIndex":-1,"tweenEasing":null,"duration":60}],"name":"005_wangge1"},{"frame":[{"displayIndex":-1,"tweenEasing":null,"duration":60}],"name":"002_guangyun"},{"frame":[{"displayIndex":-1,"tweenEasing":null,"duration":60}],"name":"003_fangshexian"},{"frame":[{"displayIndex":-1,"tweenEasing":null,"duration":60}],"name":"004_shuimo"},{"frame":[{"displayIndex":-1,"tweenEasing":null,"duration":60}],"name":"009_chibang1"},{"frame":[{"displayIndex":-1,"tweenEasing":null,"duration":60}],"name":"010_chibang2"},{"frame":[{"displayIndex":-1,"tweenEasing":null,"duration":60}],"name":"008_muban"},{"frame":[{"displayIndex":-1,"tweenEasing":null,"duration":60}],"name":"012_xiaodiban2"},{"frame":[{"displayIndex":-1,"tweenEasing":null,"duration":60}],"name":"013_xiaodiban3"},{"frame":[{"displayIndex":-1,"tweenEasing":null,"duration":60}],"name":"011_xiaodiban1"},{"frame":[{"displayIndex":-1,"tweenEasing":null,"duration":60}],"name":"014_s_diban"},{"frame":[{"displayIndex":-1,"tweenEasing":null,"duration":60}],"name":"015_s1"},{"frame":[{"displayIndex":-1,"tweenEasing":null,"duration":60}],"name":"016_s2"},{"frame":[{"displayIndex":-1,"tweenEasing":null,"duration":60}],"name":"017_s3"},{"frame":[{"displayIndex":-1,"tweenEasing":null,"duration":60}],"name":"019_gaoguang1"},{"frame":[{"displayIndex":-1,"tweenEasing":null,"duration":60}],"name":"020_gaoguang2"}],"ffd":[],"frame":[],"name":"013_shibai_xunhuan","duration":60,"ik":[]}],"type":"Armature","frameRate":60,"aabb":{"width":569,"y":-157.5,"height":315,"x":-284.5},"skin":[{"slot":[{"display":[{"path":"ui_tongyong_jiesuan_ima/shengli_diban1","type":"image","name":"ui_tongyong_jiesuan_ima/shengli_diban1","transform":{}},{"path":"ui_tongyong_jiesuan_ima/shibai_diban1","type":"image","name":"ui_tongyong_jiesuan_ima/shibai_diban1","transform":{}}],"name":"011_xiaodiban1"},{"display":[{"path":"ui_tongyong_jiesuan_ima/shengli","type":"image","name":"ui_tongyong_jiesuan_ima/shengli","transform":{}},{"path":"ui_tongyong_jiesuan_ima/zhanbai","type":"image","name":"ui_tongyong_jiesuan_ima/zhanbai","transform":{}}],"name":"018_wenzi"},{"display":[{"path":"ui_tongyong_jiesuan_ima/shengli_diban2","type":"image","name":"ui_tongyong_jiesuan_ima/shengli_diban2","transform":{"y":-14.0024,"x":8.5032}},{"path":"ui_tongyong_jiesuan_ima/dhibai_diban2","type":"image","name":"ui_tongyong_jiesuan_ima/dhibai_diban2","transform":{"y":-17.3376,"x":6.6674}}],"name":"013_xiaodiban3"},{"display":[{"path":"ui_tongyong_jiesuan_ima/shengli_diban2","type":"image","name":"ui_tongyong_jiesuan_ima/shengli_diban2","transform":{"y":-14.0024,"x":8.5032}},{"path":"ui_tongyong_jiesuan_ima/dhibai_diban2","type":"image","name":"ui_tongyong_jiesuan_ima/dhibai_diban2","transform":{"y":-17.3376,"x":6.6674}}],"name":"012_xiaodiban2"},{"display":[{"path":"ui_tongyong_jiesuan_ima/wangge","type":"image","name":"ui_tongyong_jiesuan_ima/wangge","transform":{}}],"name":"005_wangge1"},{"display":[{"path":"ui_tongyong_jiesuan_ima/S","type":"image","name":"ui_tongyong_jiesuan_ima/S","transform":{}}],"name":"016_s2"},{"display":[{"path":"ui_tongyong_jiesuan_ima/S","type":"image","name":"ui_tongyong_jiesuan_ima/S","transform":{}}],"name":"015_s1"},{"display":[{"path":"ui_tongyong_jiesuan_ima/guangxiao","type":"image","name":"ui_tongyong_jiesuan_ima/guangxiao","transform":{}}],"name":"020_gaoguang2"},{"display":[{"path":"ui_tongyong_jiesuan_ima/guangxiao","type":"image","name":"ui_tongyong_jiesuan_ima/guangxiao","transform":{}}],"blendMode":"add","name":"019_gaoguang1"},{"display":[{"path":"ui_tongyong_jiesuan_ima/xingji_diban","type":"image","name":"ui_tongyong_jiesuan_ima/xingji_diban","transform":{}}],"name":"014_s_diban"},{"display":[{"path":"ui_tongyong_jiesuan_ima/S","type":"image","name":"ui_tongyong_jiesuan_ima/S","transform":{}}],"name":"017_s3"},{"display":[{"path":"ui_tongyong_jiesuan_ima/6","type":"image","name":"ui_tongyong_jiesuan_ima/6","transform":{"y":-34.0048,"x":-31.5007}}],"name":"009_chibang1"},{"display":[{"path":"ui_tongyong_jiesuan_ima/7","type":"image","name":"ui_tongyong_jiesuan_ima/7","transform":{"y":-34.0048,"x":26.5034}}],"name":"010_chibang2"},{"display":[{"path":"ui_tongyong_jiesuan_ima/5","type":"image","name":"ui_tongyong_jiesuan_ima/5","transform":{}}],"name":"008_muban"},{"display":[{"path":"ui_tongyong_jiesuan_ima/wangge","type":"image","name":"ui_tongyong_jiesuan_ima/wangge","transform":{}}],"name":"006_wangge2"},{"display":[{"path":"ui_tongyong_jiesuan_ima/wangge","type":"image","name":"ui_tongyong_jiesuan_ima/wangge","transform":{}}],"name":"007_wangge3"},{"display":[{"path":"ui_tongyong_jiesuan_ima/beijingguang","type":"image","name":"ui_tongyong_jiesuan_ima/beijingguang","transform":{}}],"name":"002_guangyun"},{"display":[{"path":"ui_tongyong_jiesuan_ima/diban","type":"image","name":"ui_tongyong_jiesuan_ima/diban","transform":{}}],"name":"001_dadiban"},{"display":[{"path":"ui_tongyong_jiesuan_ima/beijignguang2","type":"image","name":"ui_tongyong_jiesuan_ima/beijignguang2","transform":{}}],"blendMode":"add","name":"003_fangshexian"},{"display":[{"path":"ui_tongyong_jiesuan_ima/8","type":"image","name":"ui_tongyong_jiesuan_ima/8","transform":{}}],"name":"004_shuimo"}],"name":""}],"defaultActions":[{"gotoAndPlay":"000_diban_chuxian"}],"ik":[],"name":"armatureName","slot":[{"displayIndex":-1,"name":"000_fuji","parent":"000_fuji","color":{}},{"z":1,"name":"001_dadiban","parent":"001_dadiban","color":{}},{"z":2,"displayIndex":-1,"name":"000_ss_fuji","parent":"000_ss_fuji","color":{}},{"z":3,"name":"007_wangge3","parent":"007_wangge3","color":{}},{"z":4,"name":"006_wangge2","parent":"006_wangge2","color":{}},{"z":5,"name":"005_wangge1","parent":"005_wangge1","color":{}},{"z":6,"name":"002_guangyun","parent":"002_guangyun","color":{}},{"blendMode":"add","z":7,"parent":"003_fangshexian","name":"003_fangshexian","color":{}},{"z":8,"name":"004_shuimo","parent":"004_shuimo","color":{}},{"z":9,"name":"009_chibang1","parent":"009_chibang1","color":{}},{"z":10,"name":"010_chibang2","parent":"010_chibang2","color":{}},{"z":11,"name":"008_muban","parent":"008_muban","color":{}},{"z":12,"name":"012_xiaodiban2","parent":"012_xiaodiban2","color":{}},{"z":13,"name":"013_xiaodiban3","parent":"013_xiaodiban3","color":{}},{"z":14,"name":"011_xiaodiban1","parent":"011_xiaodiban1","color":{}},{"z":15,"name":"014_s_diban","parent":"014_s_diban","color":{}},{"z":16,"name":"015_s1","parent":"015_s1","color":{}},{"z":17,"name":"016_s2","parent":"016_s2","color":{}},{"z":18,"name":"017_s3","parent":"017_s3","color":{}},{"z":19,"name":"018_wenzi","parent":"018_wenzi","color":{}},{"blendMode":"add","z":20,"parent":"019_gaoguang1","name":"019_gaoguang1","color":{}},{"z":21,"name":"020_gaoguang2","parent":"020_gaoguang2","color":{}}]}],"name":"ui_tongyong_jiesuan","version":"4.0"}