{"frameRate":30,"isGlobal":0,"armature":[{"bone":[{"name":"root","transform":{}},{"transform":{"y":-83.96,"x":-16.14},"name":"broke01a","parent":"root"},{"transform":{"y":-77.5,"x":-0.92},"name":"broke01b","parent":"root"},{"transform":{"y":-48.01,"x":-9.17},"name":"broke01c","parent":"root"},{"transform":{"y":-95.71,"x":27.66},"name":"broke02a","parent":"root"},{"transform":{"y":-63.07,"x":26.94},"name":"broke02b","parent":"root"},{"transform":{"y":17.54,"x":-36.03},"name":"broke03a","parent":"root"},{"transform":{"y":-11.35,"x":-20.19},"name":"broke03b","parent":"root"},{"transform":{"y":-32.98,"x":9.25},"name":"broke04a","parent":"root"},{"transform":{"y":-19.95,"x":21.64},"name":"broke04b","parent":"root"},{"transform":{"y":-8.05,"x":2.74},"name":"broke04c","parent":"root"},{"transform":{"y":6.14,"x":13.68},"name":"broke04d","parent":"root"},{"transform":{"y":-49.99,"x":41.23},"name":"broke05a","parent":"root"},{"transform":{"y":-15.45,"x":42.39},"name":"broke05b","parent":"root"},{"transform":{"y":67.98,"x":-14.83},"name":"broke06a","parent":"root"},{"transform":{"y":54.25,"x":2.44},"name":"broke06b","parent":"root"},{"transform":{"y":13.71,"x":30.52},"name":"broke07a","parent":"root"},{"transform":{"y":51.05,"x":23.62},"name":"broke07b","parent":"root"},{"transform":{"y":29.78,"x":36.23},"name":"broke07c","parent":"root"},{"transform":{"scY":1.948,"y":-13.22,"scX":1.948,"x":11.62},"name":"lightstar","parent":"root"}],"type":"Armature","frameRate":30,"animation":[{"bone":[{"frame":[{"curve":[0.0995,0.8500000000000001,0.491,0.98],"transform":{},"duration":25},{"transform":{"y":-181.22,"skX":-138.19,"skY":-138.19,"x":-123},"duration":0}],"name":"broke01a"},{"frame":[{"curve":[0.036,0.25,0.9375,1],"transform":{},"duration":5},{"tweenEasing":0,"transform":{"scY":0.038},"duration":5},{"tweenEasing":0,"transform":{"scY":-1},"duration":5},{"tweenEasing":0,"transform":{"scY":-0.061},"duration":5},{"tweenEasing":0,"transform":{},"duration":5},{"transform":{"scY":0.5,"y":-188.92,"skX":132.89,"skY":132.89,"x":-54.96},"duration":0}],"name":"broke01b"},{"frame":[{"curve":[0.1855,0.745,0.75,1],"transform":{},"duration":8},{"tweenEasing":0,"transform":{"skX":-139.59,"skY":-139.59},"duration":9},{"tweenEasing":0,"transform":{"skX":53.89,"skY":53.89},"duration":8},{"transform":{"y":-85.72,"skX":4.1,"skY":4.1,"x":-140.41},"duration":0}],"name":"broke01c"},{"frame":[{"curve":[0.1255,0.4975,0.875,1],"transform":{},"duration":25},{"transform":{"scY":-0.805,"y":-195.39,"skX":111.01,"skY":111.01,"x":67.28},"duration":0}],"name":"broke02a"},{"frame":[{"curve":[0.116,0.5,0.875,1],"transform":{},"duration":25},{"transform":{"y":-124.8,"skX":80.72,"skY":80.72,"x":24.95},"duration":0}],"name":"broke02b"},{"frame":[{"curve":[0.261,1,0.75,1],"transform":{},"duration":25},{"transform":{"y":32.87,"skX":-150.66,"skY":-150.66,"scX":-0.643,"x":-154.53},"duration":0}],"name":"broke03a"},{"frame":[{"curve":[0.29000000000000004,0.52,0.75,1],"transform":{},"duration":14},{"tweenEasing":0,"transform":{"scY":-0.95,"scX":1.039},"duration":11},{"transform":{"scY":0.72,"y":-63.68,"skX":-72.29,"skY":-72.29,"scX":1.039,"x":-119.39},"duration":0}],"name":"broke03b"},{"frame":[{"curve":[0.232,1,0.75,1],"transform":{},"duration":25},{"transform":{"y":-116.48,"skX":25.35,"skY":25.35,"x":-22.88},"duration":0}],"name":"broke04a"},{"frame":[{"curve":[0.232,1,0.75,1],"transform":{},"duration":25},{"transform":{"y":-86.32,"skX":81.4,"skY":81.4,"x":39.5},"duration":0}],"name":"broke04b"},{"frame":[{"curve":[0.232,1,0.75,1],"transform":{},"duration":25},{"transform":{"y":-49.92,"skX":54.83,"skY":54.83,"scX":-0.92,"x":-43.68},"duration":0}],"name":"broke04c"},{"frame":[{"curve":[0.232,1,0.75,1],"transform":{},"duration":25},{"transform":{"y":53.04,"skX":51.65,"skY":51.65,"x":-27.04},"duration":0}],"name":"broke04d"},{"frame":[{"curve":[0.238,0.63,0.75,1],"transform":{},"duration":25},{"transform":{"scY":-1,"y":-41.57,"skX":83.96,"skY":83.96,"x":176.13},"duration":0}],"name":"broke05a"},{"frame":[{"curve":[0.229,0.86,0.75,1],"transform":{},"duration":25},{"transform":{"scY":-0.395,"y":46.01,"skX":-136.19,"skY":-136.19,"scX":0.992,"x":111.15},"duration":0}],"name":"broke05b"},{"frame":[{"curve":[0.161,0.8,0.75,1],"transform":{},"duration":25},{"transform":{"y":60.03,"skX":-46.48,"skY":-46.48,"x":-82.83},"duration":0}],"name":"broke06a"},{"frame":[{"curve":[0.161,0.8,0.75,1],"transform":{},"duration":25},{"transform":{"scY":-0.854,"y":63.83,"x":-18.99},"duration":0}],"name":"broke06b"},{"frame":[{"curve":[0.161,0.8,0.75,1],"transform":{},"duration":25},{"transform":{"scY":-0.831,"y":63.08,"x":35.71},"duration":0}],"name":"broke07a"},{"frame":[{"curve":[0.161,0.8,0.75,1],"transform":{},"duration":25},{"transform":{"y":116.27,"skX":-95.93,"skY":-95.93,"x":15.2},"duration":0}],"name":"broke07b"},{"frame":[{"curve":[0.161,0.8,0.75,1],"transform":{},"duration":25},{"transform":{"y":62.31,"skX":110.24,"skY":110.24,"x":122.35},"duration":0}],"name":"broke07c"},{"frame":[{"tweenEasing":0,"transform":{"scY":1.466,"scX":1.466},"duration":1},{"tweenEasing":0,"transform":{"scY":1.868,"scX":1.868},"duration":2},{"tweenEasing":0,"transform":{"scY":0.622,"scX":0.622},"duration":1},{"transform":{"scY":0,"scX":0},"duration":21},{"transform":{"scY":0,"scX":0},"duration":0}],"name":"lightstar"},{"frame":[{"transform":{},"duration":25},{"transform":{},"duration":0}],"name":"root"}],"slot":[{"frame":[{"tweenEasing":0,"duration":10},{"tweenEasing":0,"duration":15},{"tweenEasing":null,"color":{"aM":0},"duration":0}],"name":"broke01a"},{"frame":[{"tweenEasing":0,"duration":10},{"tweenEasing":0,"duration":15},{"tweenEasing":null,"color":{"aM":0},"duration":0}],"name":"broke01b"},{"frame":[{"tweenEasing":0,"duration":10},{"tweenEasing":0,"duration":15},{"tweenEasing":null,"color":{"aM":0},"duration":0}],"name":"broke01c"},{"frame":[{"tweenEasing":0,"duration":10},{"tweenEasing":0,"duration":15},{"tweenEasing":null,"color":{"aM":0},"duration":0}],"name":"broke02a"},{"frame":[{"tweenEasing":0,"duration":10},{"tweenEasing":0,"duration":15},{"tweenEasing":null,"color":{"aM":0},"duration":0}],"name":"broke02b"},{"frame":[{"tweenEasing":0,"duration":10},{"tweenEasing":0,"duration":15},{"tweenEasing":null,"color":{"aM":0},"duration":0}],"name":"broke03a"},{"frame":[{"tweenEasing":0,"duration":10},{"tweenEasing":0,"duration":15},{"tweenEasing":null,"color":{"aM":0},"duration":0}],"name":"broke03b"},{"frame":[{"tweenEasing":0,"duration":10},{"tweenEasing":0,"duration":15},{"tweenEasing":null,"color":{"aM":0},"duration":0}],"name":"broke04a"},{"frame":[{"tweenEasing":0,"duration":10},{"tweenEasing":0,"duration":15},{"tweenEasing":null,"color":{"aM":0},"duration":0}],"name":"broke04b"},{"frame":[{"tweenEasing":0,"duration":10},{"tweenEasing":0,"duration":15},{"tweenEasing":null,"color":{"aM":0},"duration":0}],"name":"broke04c"},{"frame":[{"tweenEasing":0,"duration":10},{"tweenEasing":0,"duration":15},{"tweenEasing":null,"color":{"aM":0},"duration":0}],"name":"broke04d"},{"frame":[{"tweenEasing":0,"duration":10},{"tweenEasing":0,"duration":15},{"tweenEasing":null,"color":{"aM":0},"duration":0}],"name":"broke05a"},{"frame":[{"tweenEasing":0,"duration":10},{"tweenEasing":0,"duration":15},{"tweenEasing":null,"color":{"aM":0},"duration":0}],"name":"broke05b"},{"frame":[{"tweenEasing":0,"duration":10},{"tweenEasing":0,"duration":15},{"tweenEasing":null,"color":{"aM":0},"duration":0}],"name":"broke06a"},{"frame":[{"tweenEasing":0,"duration":10},{"tweenEasing":0,"duration":15},{"tweenEasing":null,"color":{"aM":0},"duration":0}],"name":"broke06b"},{"frame":[{"tweenEasing":0,"duration":10},{"tweenEasing":0,"duration":15},{"tweenEasing":null,"color":{"aM":0},"duration":0}],"name":"broke07a"},{"frame":[{"tweenEasing":0,"duration":10},{"tweenEasing":0,"duration":15},{"tweenEasing":null,"color":{"aM":0},"duration":0}],"name":"broke07b"},{"frame":[{"tweenEasing":0,"duration":10},{"tweenEasing":0,"duration":15},{"tweenEasing":null,"color":{"aM":0},"duration":0}],"name":"broke07c"},{"frame":[{"tweenEasing":0,"duration":15},{"tweenEasing":0,"duration":1},{"tweenEasing":null,"color":{"aM":0},"duration":9},{"tweenEasing":null,"color":{"aM":0},"duration":0}],"name":"lightstar"}],"ffd":[],"frame":[],"name":"animation1","duration":25,"ik":[]}],"skin":[{"slot":[{"display":[{"path":"broke04d","type":"image","name":"broke04d","transform":{"y":1.31,"x":-0.79}}],"name":"broke04d"},{"display":[{"path":"broke06a","type":"image","name":"broke06a","transform":{"y":-5.99,"x":1.29}}],"name":"broke06a"},{"display":[{"path":"broke04b","type":"image","name":"broke04b","transform":{"y":-6.7,"x":-0.97}}],"name":"broke04b"},{"display":[{"path":"broke03b","type":"image","name":"broke03b","transform":{"y":0.39,"x":-2.77}}],"name":"broke03b"},{"display":[{"path":"lightstar","type":"image","name":"lightstar","transform":{"y":0.43,"x":-11.87}}],"name":"lightstar"},{"display":[{"path":"broke04a","type":"image","name":"broke04a","transform":{"y":2.68,"x":-1.45}}],"name":"broke04a"},{"display":[{"path":"broke02b","type":"image","name":"broke02b","transform":{}}],"name":"broke02b"},{"display":[{"path":"broke07c","type":"image","name":"broke07c","transform":{"y":-1.76,"x":-0.12}}],"name":"broke07c"},{"display":[{"path":"broke01b","type":"image","name":"broke01b","transform":{"y":1.7,"x":-1.82}}],"name":"broke01b"},{"display":[{"path":"broke05a","type":"image","name":"broke05a","transform":{"y":12.72,"x":0.66}}],"name":"broke05a"},{"display":[{"path":"broke07a","type":"image","name":"broke07a","transform":{"y":7.62,"x":-3.89}}],"name":"broke07a"},{"display":[{"path":"broke06b","type":"image","name":"broke06b","transform":{"y":4.73,"x":-2.18}}],"name":"broke06b"},{"display":[{"path":"broke04c","type":"image","name":"broke04c","transform":{"y":2.62,"x":0.97}}],"name":"broke04c"},{"display":[{"path":"broke05b","type":"image","name":"broke05b","transform":{"y":-6.91,"x":0.57}}],"name":"broke05b"},{"display":[{"path":"broke02a","type":"image","name":"broke02a","transform":{"y":8.39,"x":-1.19}}],"name":"broke02a"},{"display":[{"path":"broke01a","type":"image","name":"broke01a","transform":{"y":5.63,"x":5.8}}],"name":"broke01a"},{"display":[{"path":"broke03a","type":"image","name":"broke03a","transform":{"y":-10.29,"x":7.12}}],"name":"broke03a"},{"display":[{"path":"broke07b","type":"image","name":"broke07b","transform":{"y":1.52,"x":3.34}}],"name":"broke07b"},{"display":[{"path":"broke01c","type":"image","name":"broke01c","transform":{"y":-3.49,"x":1.62}}],"name":"broke01c"}],"name":""}],"slot":[{"name":"lightstar","parent":"lightstar","color":{"aM":0}},{"z":1,"name":"broke01a","parent":"broke01a","color":{"aM":0}},{"z":2,"name":"broke01b","parent":"broke01b","color":{"aM":0}},{"z":3,"name":"broke01c","parent":"broke01c","color":{"aM":0}},{"z":4,"name":"broke02a","parent":"broke02a","color":{"aM":0}},{"z":5,"name":"broke02b","parent":"broke02b","color":{"aM":0}},{"z":6,"name":"broke03a","parent":"broke03a","color":{"aM":0}},{"z":7,"name":"broke03b","parent":"broke03b","color":{"aM":0}},{"z":8,"name":"broke04a","parent":"broke04a","color":{"aM":0}},{"z":9,"name":"broke04b","parent":"broke04b","color":{"aM":0}},{"z":10,"name":"broke04c","parent":"broke04c","color":{"aM":0}},{"z":11,"name":"broke04d","parent":"broke04d","color":{"aM":0}},{"z":12,"name":"broke05a","parent":"broke05a","color":{"aM":0}},{"z":13,"name":"broke05b","parent":"broke05b","color":{"aM":0}},{"z":14,"name":"broke06a","parent":"broke06a","color":{"aM":0}},{"z":15,"name":"broke06b","parent":"broke06b","color":{"aM":0}},{"z":16,"name":"broke07a","parent":"broke07a","color":{"aM":0}},{"z":17,"name":"broke07b","parent":"broke07b","color":{"aM":0}},{"z":18,"name":"broke07c","parent":"broke07c","color":{"aM":0}}],"aabb":{"width":142.87,"y":-135.32,"height":255.81,"x":-68.91},"defaultActions":[{"gotoAndPlay":"animation1"}],"name":"armatureName","ik":[]}],"name":"xiake_eff2","version":"4.0"}