{"frameRate":30,"name":"cvxiaojie","version":"5.5","compatibleVersion":"5.5","armature":[{"type":"Armature","frameRate":30,"name":"armatureName","aabb":{"x":388.26,"y":-557.54,"width":470.85,"height":596.46},"bone":[{"name":"root"},{"name":"lefthand","parent":"root","transform":{"x":807.88,"y":-194.85}},{"name":"xjhip","parent":"root","transform":{"x":647.72,"y":-140.17}},{"name":"rightleg","parent":"root","transform":{"x":704.07,"y":133.51}},{"name":"leftleg","parent":"root","transform":{"x":730.7,"y":53.37}},{"name":"righthand","parent":"root","transform":{"x":473.69,"y":-203.24}},{"length":161,"name":"xjlegL","parent":"xjhip","transform":{"x":67.82,"y":-32.66,"skX":84.48,"skY":84.48}},{"length":149,"name":"xjlegR","parent":"xjhip","transform":{"x":-70.83,"y":15.6,"skX":59.13,"skY":59.13}},{"length":45,"name":"xjbody","parent":"xjhip","transform":{"x":7.13,"y":-48.07,"skX":-101.5,"skY":-101.5}},{"length":97,"name":"bone","parent":"xjbody","transform":{"x":45.58,"y":0.01,"skX":-19.2,"skY":-19.2}},{"length":169,"name":"xjface","parent":"bone","transform":{"x":55.61,"y":-6.59,"skX":-0.51,"skY":-0.51}},{"length":88,"name":"xjarmR","parent":"bone","transform":{"x":147.83,"y":-92.11,"skX":159.26,"skY":159.26}},{"length":114,"name":"xjarmL","parent":"bone","transform":{"x":1.44,"y":57.69,"skX":98.42,"skY":98.42}},{"name":"eyes","parent":"xjface","transform":{"x":18.99,"y":-58.31}},{"length":84,"name":"xjhair3","parent":"xjface","transform":{"x":99.9,"y":-39.24,"skX":27.19,"skY":27.19}},{"length":95,"name":"xjhair5","parent":"xjface","transform":{"x":75.28,"y":52,"skX":52.65,"skY":52.65}},{"length":114,"name":"xjhandL","parent":"xjarmL","transform":{"x":113.83,"y":-1.11,"skX":108.42,"skY":108.42}},{"length":62,"name":"xjhair6","parent":"xjface","transform":{"x":111.88,"y":36.8,"skX":48.73,"skY":48.73}},{"length":88,"name":"xjhair1","parent":"xjface","transform":{"x":119.74,"y":-71.95,"skX":10.13,"skY":10.13}},{"length":110,"name":"xjhair4","parent":"xjface","transform":{"x":47.34,"y":58.43,"skX":64.65,"skY":64.65}},{"length":101,"name":"xjarmR2","parent":"xjarmR","transform":{"x":85.69,"y":0.41,"skX":108.18,"skY":108.18}},{"length":83,"name":"xjhair2","parent":"xjface","transform":{"x":112.32,"y":-56.42,"skX":12.95,"skY":12.95}},{"length":92,"name":"xjhair7","parent":"xjface","transform":{"x":104.47,"y":-95.23,"skX":9.57,"skY":9.57}},{"length":29,"name":"xjfinger3","parent":"xjhandL","transform":{"x":116.22,"y":-0.67,"skX":-6.64,"skY":-6.64}},{"length":47,"name":"bone11","parent":"xjhair2","transform":{"x":83.6,"y":-0.01,"skX":13.51,"skY":13.51}},{"length":46,"name":"bone13","parent":"xjhair1","transform":{"x":88.76,"skX":5.55,"skY":5.55}},{"length":18,"name":"xjhandR","parent":"xjarmR2","transform":{"x":101.59,"y":0.85,"skX":6.75,"skY":6.75}},{"length":74,"name":"bone9","parent":"xjhair3","transform":{"x":84.75,"y":-0.28,"skX":24.89,"skY":24.89}},{"length":93,"name":"bone6","parent":"xjhair5","transform":{"x":95.86,"y":0.43,"skX":0.45,"skY":0.45}},{"length":59,"name":"bone7","parent":"xjhair6","transform":{"x":62.31,"y":0.11,"skX":7.35,"skY":7.35}},{"length":69,"name":"bone12","parent":"bone11","transform":{"x":47.56,"y":-0.01,"skX":6.68,"skY":6.68}},{"length":32,"name":"xjfing1","parent":"xjfinger3","transform":{"x":9.53,"y":24.55,"skX":22.23,"skY":22.23}},{"length":50,"name":"bone8","parent":"bone7","transform":{"x":59.79,"y":0.02,"skX":16.54,"skY":16.54}},{"length":82,"name":"bone10","parent":"bone9","transform":{"x":74.47,"y":-0.21,"skX":13.45,"skY":13.45}},{"length":34,"name":"xjfinger2","parent":"xjfinger3","transform":{"x":11.65,"y":32.06,"skX":80.49,"skY":80.49}},{"length":52,"name":"xjhandR2","parent":"xjhandR","transform":{"x":19.09,"y":-1.22,"skX":32.86,"skY":32.86}},{"length":43,"name":"bone2","parent":"xjfinger3","transform":{"x":29.84,"skX":2.53,"skY":2.53}},{"length":35,"name":"bone3","parent":"bone2","transform":{"x":43.73,"y":0.01,"skX":32.04,"skY":32.04}},{"length":30,"name":"bone4","parent":"xjfing1","transform":{"x":32.03,"y":-0.07,"skX":-2.19,"skY":-2.19}},{"length":29,"name":"bone5","parent":"xjfinger2","transform":{"x":34.23,"skX":-53.13,"skY":-53.13}}],"slot":[{"name":"xjhip","parent":"xjhip"},{"name":"xjlegL","parent":"xjlegL"},{"name":"xjlegR","parent":"xjlegR"},{"name":"xjarmR","parent":"xjarmR2"},{"name":"xjbody","parent":"xjbody"},{"name":"xjarmL","parent":"xjarmL"},{"name":"xjhandL","parent":"xjhandL"},{"name":"xjfinger3","parent":"xjfinger3"},{"name":"xjfinger2","parent":"xjfinger2"},{"name":"xjfing1","parent":"xjfing1"},{"name":"xjhair4","parent":"xjhair5"},{"name":"xjface","parent":"xjface"},{"displayIndex":-1,"name":"eyes","parent":"eyes"},{"name":"xjhair5","parent":"xjhair6"},{"name":"xjhair3","parent":"xjhair3"},{"name":"xjhair2","parent":"xjhair2"},{"name":"xjhair1","parent":"xjhair7"},{"name":"xjhandR","parent":"xjhandR2"}],"ik":[{"bendPositive":false,"name":"leftleg","bone":"xjlegL","target":"leftleg"},{"bendPositive":false,"name":"rightleg","bone":"xjlegR","target":"rightleg"},{"chain":1,"name":"righthand","bone":"xjarmR2","target":"righthand"},{"chain":1,"name":"lefthand","bone":"xjhandL","target":"lefthand"}],"skin":[{"slot":[{"name":"xjhair1","display":[{"type":"mesh","name":"xjhair1","width":88,"height":177,"vertices":[492.36,-375.87,511.44,-341.41,521.88,-322.54,495.75,-307.74,481.41,-299.63,476.05,-299.64,459.85,-323.5,445.92,-354.65,434.19,-419.34,438.54,-421.08,449.41,-404.06,445.15,-424.1,438.7,-474.71,447.64,-476.72,468.44,-430.26,467.59,-364.37,480.92,-337.57],"uvs":[0.66293,0.56901,0.88072,0.76346,0.99999,0.86996,0.70332,0.95394,0.54063,0.99999,0.47976,0.99999,0.29486,0.86541,0.13554,0.68967,0,0.32435,0.04946,0.31445,0.17368,0.41045,0.12476,0.29731,0.04962,0.0115,0.15126,0,0.38931,0.26206,0.38168,0.63439,0.53392,0.78564],"triangles":[1,3,2,16,3,1,0,16,1,6,5,16,16,5,4,10,15,0,14,10,0,15,16,0,16,4,3,15,7,16,7,6,16,13,11,14,12,11,13,11,10,14,10,7,15,8,7,10,9,8,10],"weights":[2,22,0.0012,18,0.99879,1,10,1,1,10,1,1,10,1,1,10,1,2,22,0.99114,18,0.00885,1,22,1,1,22,1,1,22,1,1,22,1,2,22,0.64896,18,0.35103,3,22,0.00844,18,0.31739,25,0.67416,1,25,1,1,25,1,2,18,0.53646,25,0.46353,2,22,0.40755,18,0.59244,1,10,1],"slotPose":[1,0,0,1,0,0],"bonePose":[22,-0.368774,-0.929519,0.929519,-0.368774,476.133286,-317.363398,18,-0.359671,-0.933079,0.933079,-0.359671,488.131509,-342.486574,10,-0.518176,-0.855274,0.855274,-0.518176,611.714891,-277.358869,25,-0.267743,-0.96349,0.96349,-0.267743,456.2071,-425.306678],"edges":[8,7,7,6,6,5,5,4,4,3,3,2,2,1,1,0,0,14,14,13,13,12,12,11,11,10,10,9,9,8],"userEdges":[3,16,16,15]}]},{"name":"xjfing1","display":[{"type":"mesh","name":"xjfing1","width":32,"height":74,"vertices":[797,-158.71,791.76,-142.19,782.68,-113.47,778.43,-107.84,768.26,-110.27,765.45,-116.98,767.77,-148.44,772.68,-175.12,781.94,-181.81,791.91,-181.76,797.06,-171.48],"uvs":[0.99995,0.31116,0.83897,0.53487,0.55918,0.92367,0.42708,1,0.10854,0.96775,0.01974,0.87727,0.08818,0.45194,0.23731,0.09095,0.52588,0,0.83767,0,0.99999,0.13869],"triangles":[9,8,10,8,7,10,6,1,0,10,7,0,7,6,0,5,2,1,6,5,1,4,3,2,5,4,2],"weights":[2,31,0.99305,38,0.00694,2,31,0.39406,38,0.60592,1,38,1,1,38,1,1,38,1,1,38,1,2,31,0.5011,38,0.49889,1,31,1,1,31,1,1,31,1,1,31,1],"slotPose":[1,0,0,1,0,0],"bonePose":[31,-0.2033,0.979116,-0.979116,-0.2033,785.643223,-178.026674,38,-0.165736,0.98617,-0.98617,-0.165736,779.200062,-146.651342],"edges":[5,4,4,3,3,2,2,1,1,0,0,10,10,9,9,8,8,7,7,6,6,5],"userEdges":[]}]},{"name":"xjlegL","display":[{"type":"mesh","name":"xjlegL","width":98,"height":214,"vertices":[763.3,-78.59,756.24,-64.24,755.54,-9.3,749,12.89,720.08,19.89,700,7.38,683.95,-28.63,669.28,-71.37,669.11,-82.77,686.84,-107.51,711.85,-149.27,724.71,-194.11,756.71,-119.62,766.9,-93.23,714.91,-29.86,744.7,-48.39,707.3,-62.63,735.77,-89.44],"uvs":[0.96337,0.53981,0.89134,0.60687,0.88424,0.86362,0.81755,0.96729,0.52235,1,0.31749,0.94158,0.1537,0.7733,0.0063,0.6023,0,0.54866,0.18125,0.41375,0.43843,0.21652,0.56945,0,0.8961,0.34807,1,0.4714,0.46956,0.76756,0.77355,0.68094,0.39187,0.61443,0.68236,0.48914],"triangles":[11,10,12,15,2,1,17,0,13,12,17,13,17,1,0,15,14,2,10,17,12,17,15,1,4,3,2,14,4,2,10,9,17,17,16,15,14,5,4,16,14,15,9,16,17,6,5,14,9,8,16,16,6,14,7,6,16,8,7,16],"weights":[1,6,1,1,6,1,1,6,1,1,6,1,1,6,1,1,6,1,1,6,1,1,2,1,1,2,1,2,2,0.32,6,0.68,2,2,0.24,6,0.76,1,6,1,1,6,1,1,6,1,1,6,1,1,6,1,1,6,1,1,6,1],"slotPose":[1,0,0,1,0,0],"bonePose":[6,0.096193,0.995363,-0.995363,0.096193,715.54,-172.83,2,1,0,0,1,647.72,-140.17],"edges":[8,7,7,6,6,5,5,4,4,3,3,2,2,1,1,0,0,13,13,12,12,11,11,10,10,9,9,8],"userEdges":[]}]},{"name":"xjface","display":[{"type":"mesh","name":"xjface","width":235,"height":233,"vertices":[55.59,80.15,27.58,68.37,15.87,69.64,-7.47,52.78,-26.41,22.74,-22.93,12.89,-33.11,-4.26,-42.4,-44.9,-44.31,-71.38,-37.71,-82.15,-19.36,-88.59,5.92,-103.32,24.49,-109.29,38.91,-107.91,47.36,-112.64,70.99,-117.77,100.39,-114.78,105.39,-105.12,122.65,-99.24,148.07,-84.02,165.6,-67.66,178.75,-38.11,178.98,-5.03,167.66,28.61,150.83,56.09,132,72.77,114.81,81.38,81.29,85.06,81.53,-102.36,53.53,-103.62,12.74,28.17,23.49,47.4,150,-61.5,120.14,-81.75,93.56,-87.8,121.74,24.18,80.02,18.16,156.5,27.19,114.72,60.11,85,60.34,44.26,31.9,46.02,54.37,35.66,-68.64,24.76,-45.14,43.06,15.12,30.66,-7.13,27.59,26.17,91.09,-95.64,75.7,-82.07,56.78,-75.65,26.18,-23.46,26.5,-64.67,22.73,-55.5,15.27,-75.06,-3.86,-67.7,7.21,-58.83,20.17,-67.79,25.22,-94.43,-7.58,-1.96,3.54,-92.91,-26.38,-22.3,-1.76,-34.57,-11.41,-47.58,4.11,-79.68,-11.56,-80.96,-27.68,-68.54,-31.59,-52.66,-24.29,-42.87,-29.86,-73.8,-33.76,-69.73,-33.87,-58.34,66.18,-64.59,54.05,-30.43,84.32,-49.43,134.84,-31.98,169.37,-13.26,51.49,15.91,69.36,-92.32,52.21,-95.05,34.58,-88.1,28.44,-76.09,29.09,-82.22,31.5,-71.77,18.13,-36.59,11.43,-36.58,3.27,-28.42,-2.16,-15.12,3.28,5.65,16.42,11.88,30.24,6.78,12.83,-10.46,15.1,-26.01,15.34,5.66,43.7,-80.2,60,-95.07,42.27,-92.72,-1.15,-2.42],"uvs":[0.94988,0.29471,0.96934,0.42365,0.99998,0.46366,0.99065,0.58692,0.92375,0.72355,0.88025,0.73288,0.84059,0.80858,0.71374,0.93367,0.62186,1,0.56813,0.99998,0.50399,0.94727,0.39433,0.88769,0.33142,0.83306,0.30438,0.77721,0.26844,0.75688,0.19733,0.68188,0.14284,0.56758,0.16678,0.52762,0.14977,0.45127,0.14853,0.32412,0.16898,0.22328,0.24697,0.10893,0.36652,0.03396,0.51383,0,0.65094,0.00001,0.75328,0.03155,0.82273,0.07517,0.91057,0.18963,0.22982,0.60877,0.28746,0.71409,0.85642,0.56805,0.90232,0.48562,0.22599,0.2666,0.21882,0.42125,0.25593,0.53213,0.59977,0.17802,0.67062,0.34421,0.53344,0.04402,0.74578,0.12319,0.81261,0.23147,0.79992,0.44432,0.87757,0.38752,0.45414,0.7011,0.56362,0.68836,0.74168,0.4863,0.68845,0.58157,0.81615,0.51815,0.23297,0.55872,0.31641,0.58463,0.38175,0.63951,0.63915,0.63456,0.48888,0.72573,0.53052,0.71899,0.47613,0.79014,0.54537,0.84369,0.55293,0.78325,0.49161,0.75593,0.38371,0.7971,0.79221,0.71,0.43741,0.87304,0.76014,0.82439,0.66092,0.76177,0.63514,0.82624,0.48416,0.84132,0.51436,0.90161,0.59522,0.93278,0.66154,0.91149,0.68087,0.86281,0.58098,0.95254,0.60444,0.9577,0.646,0.93257,0.40103,0.58033,0.55194,0.54817,0.41574,0.47994,0.3668,0.2559,0.35801,0.08757,0.72581,0.45368,0.29329,0.63083,0.3215,0.69969,0.3859,0.74869,0.44311,0.74422,0.41943,0.75559,0.45202,0.72335,0.60938,0.69346,0.62431,0.71797,0.67204,0.72953,0.7324,0.71965,0.7957,0.65312,0.78915,0.59108,0.73993,0.55191,0.71601,0.6543,0.6545,0.68083,0.76893,0.60897,0.3943,0.69758,0.30413,0.67124,0.35206,0.73089,0.77624,0.68749],"triangles":[0,41,1,30,4,3,31,3,2,1,31,2,31,30,3,30,5,4,41,31,1,30,87,5,27,39,0,39,41,0,60,7,6,46,30,31,41,40,31,26,39,27,87,58,5,40,46,31,36,40,39,38,39,26,88,87,30,39,40,41,58,6,5,46,88,30,58,60,6,88,92,87,86,60,58,87,96,58,36,76,40,89,88,46,40,44,46,25,38,26,44,89,46,38,35,39,35,36,39,76,44,40,67,7,60,90,96,87,92,90,87,96,86,58,89,92,88,86,61,60,90,86,96,89,45,92,45,90,92,24,38,25,61,67,60,85,61,86,24,35,38,76,45,44,44,45,89,61,62,67,91,85,90,70,8,7,67,66,7,72,45,76,90,85,86,45,50,90,36,72,76,50,91,90,66,70,7,37,35,24,72,50,45,73,72,36,62,66,67,69,8,70,84,61,85,91,84,85,35,74,36,74,73,36,65,70,66,62,65,66,55,62,61,84,55,61,54,65,62,50,83,91,83,84,91,23,37,24,65,69,70,43,83,50,72,43,50,55,54,62,69,9,8,43,52,84,52,55,84,83,43,84,54,64,65,68,9,69,65,68,69,37,75,35,75,74,35,64,68,65,72,42,43,10,9,68,64,10,68,71,42,72,42,52,43,52,56,55,42,51,52,53,63,54,53,54,55,56,53,55,73,71,72,63,64,54,23,22,37,22,75,37,51,56,52,71,49,42,59,10,64,63,59,64,59,11,10,42,82,51,80,53,56,51,82,56,82,80,56,57,59,53,53,59,63,81,57,53,80,81,53,74,33,73,49,93,42,42,93,82,93,80,82,57,11,59,93,81,80,93,79,81,57,12,11,48,71,73,33,34,73,79,57,81,34,48,73,32,33,74,75,21,74,95,79,93,48,49,71,49,78,93,78,95,93,21,32,74,94,78,49,79,95,57,95,13,57,13,12,57,48,77,49,77,94,49,21,75,22,78,29,95,29,13,95,29,14,13,94,29,78,20,32,21,34,47,48,28,77,48,47,28,48,77,15,94,15,29,94,19,33,32,28,15,77,15,14,29,33,17,34,18,17,33,17,47,34,16,28,47,17,16,47,16,15,28,20,19,32,19,18,33],"edges":[16,15,15,14,14,13,13,12,12,11,11,10,10,9,9,8,8,7,7,6,6,5,5,4,4,3,3,2,2,1,1,0,0,27,27,26,26,25,25,24,24,23,23,22,22,21,21,20,20,19,19,18,18,17,17,16],"userEdges":[]}]},{"name":"xjbody","display":[{"type":"mesh","name":"xjbody","width":265,"height":183,"vertices":[722.54,-292.13,722.53,-230.02,719.6,-192.39,691.7,-171.82,657.62,-147.26,605.39,-143.25,549.47,-156.67,533.89,-181.96,492.96,-223.64,476.36,-255.11,460.85,-280.04,459.54,-301.09,466.16,-313.6,482.17,-319.94,514.95,-320.42,547.57,-320.89,592.94,-326.24,649.92,-323.48,704.7,-325.22,649.39,-294.93,643.97,-257.46,590.46,-190.91,666.59,-189.43,599.26,-166.5,624.99,-216.63,538.91,-210.45,511.18,-246.75,497.95,-286.5],"uvs":[0.99998,0.18623,1,0.52571,0.98895,0.73137,0.88364,0.84381,0.75499,0.97807,0.55794,0.99999,0.34696,0.92667,0.28816,0.78852,0.13368,0.56082,0.07098,0.38888,0.01241,0.25271,0.00744,0.13769,0.03245,0.06934,0.09283,0.03467,0.21651,0.032,0.33959,0.02934,0.51085,0,0.72593,0.01496,0.93262,0.00534,0.72392,0.17101,0.7035,0.37578,0.50165,0.73956,0.78892,0.74756,0.53479,0.8729,0.63189,0.59896,0.30707,0.63282,0.2024,0.43453,0.15241,0.21735],"triangles":[22,2,1,20,22,1,18,19,0,20,1,0,19,20,0,22,3,2,17,19,18,20,24,22,22,4,3,23,4,22,24,23,22,23,5,4,16,20,19,16,19,17,21,23,24,16,24,20,26,25,15,15,25,16,16,25,24,25,21,24,23,6,5,25,7,21,14,27,15,27,26,15,8,7,25,26,8,25,27,9,26,13,27,14,9,8,26,13,12,27,12,11,27,11,10,27,10,9,27,21,23,7,7,6,23],"weights":[2,8,0.22189,9,0.7781,2,8,0.71511,9,0.28488,2,8,0.94217,9,0.05782,1,8,1,1,8,1,2,8,0.90103,9,0.09896,2,8,0.61351,9,0.38648,2,8,0.13,9,0.87,2,8,0.1183,9,0.88169,2,8,0.03655,9,0.96344,2,8,0.00778,9,0.99221,2,8,0.00123,9,0.99876,1,9,1,1,9,1,1,9,1,1,9,1,1,9,1,2,8,0.01765,9,0.98234,2,8,0.11396,9,0.88603,2,8,0.01847,9,0.98152,1,9,1,1,9,1,2,8,0.15,9,0.85,2,8,0.86452,9,0.13547,1,9,1,1,9,1,1,9,1,1,9,1],"slotPose":[1,0,0,1,0,0],"bonePose":[8,-0.199368,-0.979925,0.979925,-0.199368,654.85,-188.24,9,-0.510543,-0.859852,0.859852,-0.510543,645.772609,-232.906962],"edges":[11,10,10,9,9,8,8,7,7,6,6,5,5,4,4,3,3,2,2,1,1,0,0,18,18,17,17,16,16,15,15,14,14,13,13,12,12,11],"userEdges":[23,7]}]},{"name":"xjarmR","display":[{"type":"mesh","name":"xjarmR","width":127,"height":114,"vertices":[5.15,-14.78,13.4,-27.21,43.33,-33.17,65.06,-37.5,80.55,-42.47,89.2,-38.88,115.75,-42.33,128.2,-34.07,135.72,-12.88,134.97,9.39,128.28,28.94,117.22,43.93,90.77,36.85,77.72,42.82,67.79,36.96,45.38,36.34,27.42,35.85,14.55,26.52,3.84,6.96,106.61,26.75,101.68,0.33,106.61,-28.15,69.2,24.53,70.15,-29.05,64.64,-0.03,41.06,22.81,33.43,1.45,37.82,-20.77],"uvs":[1,0.26198,0.99998,0.39287,0.82965,0.58163,0.70594,0.71872,0.62601,0.83019,0.55357,0.84591,0.39443,0.99999,0.27679,0.99999,0.13515,0.88167,0.04311,0.71522,0.00179,0.53989,0.00904,0.37666,0.2134,0.30004,0.27295,0.19312,0.36363,0.18774,0.5133,0.08355,0.63332,0,0.75837,0.0057,0.9138,0.09671,0.1535,0.45075,0.30089,0.61987,0.39265,0.85203,0.40855,0.28545,0.63574,0.68166,0.54551,0.44285,0.60058,0.16147,0.74369,0.28057,0.81172,0.46427],"triangles":[26,27,1,27,2,1,26,1,0,18,26,0,17,26,18,25,26,17,27,23,2,23,3,2,26,24,27,24,23,27,16,25,17,25,24,26,23,4,3,22,24,25,24,20,23,21,5,23,20,21,23,5,4,23,15,25,16,15,22,25,14,22,15,21,6,5,22,20,24,12,19,20,21,7,6,12,20,22,14,13,22,13,12,22,20,8,21,8,7,21,19,9,20,9,8,20,10,9,19,11,19,12,11,10,19],"edges":[10,9,9,8,8,7,7,6,6,5,5,4,4,3,3,2,2,1,1,0,0,18,18,17,17,16,16,15,15,14,14,13,13,12,12,11,11,10],"userEdges":[]}]},{"name":"xjhair5","display":[{"type":"mesh","name":"xjhair5","width":169,"height":204,"vertices":[662.98,-536.34,654.7,-502.62,642.8,-454,631.63,-408.31,567.59,-345.71,494.2,-346.59,494.19,-357.63,558.13,-457.69,589.36,-506.54,656.9,-543.64,662.98,-543.65],"uvs":[1,0.0358,0.95097,0.20109,0.88028,0.43944,0.81384,0.66345,0.4343,0.97,0,0.96523,0,0.91113,0.3792,0.42092,0.56432,0.18159,0.96403,0,1,0],"triangles":[10,9,0,9,1,0,8,2,1,8,1,9,7,3,2,8,7,2,7,4,3,7,6,4,6,5,4],"weights":[1,32,1,2,29,0.22129,32,0.7787,2,17,0.21111,29,0.78888,2,17,0.94289,29,0.0571,1,17,1,1,17,1,1,17,1,2,17,0.74459,29,0.2554,3,17,0.00635,29,0.98053,32,0.0131,1,32,1,1,32,1],"slotPose":[1,0,0,1,0,0],"bonePose":[32,0.661443,-0.749996,0.749996,0.661443,629.2415,-505.739162,29,0.420561,-0.907264,0.907264,0.420561,604.078023,-451.502238,17,0.301039,-0.953612,0.953612,0.301039,585.215404,-392.115793],"edges":[6,5,5,4,4,3,3,2,2,1,1,0,0,10,10,9,9,8,8,7,7,6],"userEdges":[]}]},{"name":"xjhandL","display":[{"type":"mesh","name":"xjhandL","width":123,"height":184,"vertices":[827.91,-281.49,836.36,-244.42,852.86,-198.92,858.06,-166.94,857.99,-153.19,832.75,-146.56,798.95,-146.73,773.19,-154.03,750.13,-167.67,757.01,-184.58,757.92,-197.21,756.95,-208.1,753.39,-225.12,764.72,-264.09,769.37,-321.86,806.13,-323.68,799.81,-289.76,801.85,-248.68,774.01,-216.57,779.58,-243.09,779.44,-279.78,804.47,-218.71,836.76,-213.09,774.67,-183.24,802.7,-184.92,835.95,-177.84],"uvs":[0.75026,0.26679,0.82054,0.46799,0.95657,0.71484,1,0.88856,0.99999,0.96331,0.79506,1,0.52017,1,0.31049,0.96096,0.12247,0.88748,0.17772,0.7954,0.18461,0.72673,0.17628,0.66755,0.14664,0.57512,0.23714,0.36295,0.27289,0.04873,0.57172,0.03811,0.52151,0.22263,0.53967,0.44581,0.31468,0.62102,0.35883,0.47678,0.35622,0.27727,0.56216,0.60863,0.82506,0.63828,0.32134,0.80217,0.54916,0.79234,0.81987,0.82989],"triangles":[1,22,2,2,25,3,25,5,3,3,5,4,22,25,2,15,16,0,21,24,22,6,5,25,24,6,25,22,24,25,0,17,1,21,22,1,17,21,1,16,17,0,16,20,17,20,19,17,7,6,24,23,7,24,18,23,24,17,19,21,19,18,21,18,24,21,14,16,15,14,20,16,20,13,19,11,10,18,8,7,23,9,8,23,18,10,23,14,13,20,12,18,19,13,12,19,10,9,23,12,11,18],"weights":[1,16,1,2,16,0.99899,12,0.001,1,16,0.99999,1,16,1,1,16,1,1,16,1,1,16,1,1,16,1,1,16,1,1,16,1,1,16,1,2,16,0.99938,12,0.00061,2,16,0.98939,12,0.0106,2,16,0.68726,12,0.31273,1,12,1,2,16,0.40185,12,0.59814,2,16,0.91344,12,0.08655,1,16,1,2,16,0.99802,12,0.00197,2,16,0.96256,12,0.03743,2,16,0.35653,12,0.64345,1,16,1,2,16,0.99992,12,0.00007,1,16,1,1,16,1,1,16,1],"slotPose":[1,0,0,1,0,0],"bonePose":[16,0.067319,0.997732,-0.997732,0.067319,799.55316,-307.782229,12,0.925342,-0.379133,0.379133,0.925342,694.642305,-263.59837],"edges":[8,7,7,6,6,5,5,4,4,3,3,2,2,1,1,0,0,15,15,14,14,13,13,12,12,11,11,10,10,9,9,8],"userEdges":[]}]},{"name":"xjhair2","display":[{"type":"mesh","name":"xjhair2","width":65,"height":220,"vertices":[519.27,-442.33,518.84,-395.24,524.91,-325.58,518.81,-325.59,472.97,-343.85,462.09,-387.5,460.08,-422.82,460.17,-469.82,476.48,-545.66,481.97,-545.64,497.82,-480.06],"uvs":[0.91005,0.46925,0.90482,0.68332,1,1,0.90608,1,0.20026,0.9173,0.03179,0.71898,0.00001,0.55843,0,0.34479,0.2483,0,0.33277,0,0.57879,0.29793],"triangles":[0,6,1,4,3,1,5,4,1,1,3,2,10,7,0,7,6,0,6,5,1,9,8,10,8,7,10],"weights":[3,21,0.24161,24,0.75029,30,0.00808,2,21,0.96666,24,0.03333,1,21,1,1,21,1,1,21,1,1,21,1,2,21,0.43199,24,0.568,2,24,0.53289,30,0.46709,1,30,1,1,30,1,2,24,0.28988,30,0.71011],"slotPose":[1,0,0,1,0,0],"bonePose":[21,-0.31333,-0.949644,0.949644,-0.31333,505.25878,-344.187719,24,-0.082808,-0.996566,0.996566,-0.082808,479.054933,-423.574863,30,0.033678,-0.999433,0.999433,0.033678,475.106609,-470.97069],"edges":[7,6,6,5,5,4,4,3,3,2,2,1,1,0,0,10,10,9,9,8,8,7],"userEdges":[6,0,5,1]}]},{"name":"xjfinger2","display":[{"type":"mesh","name":"xjfinger2","width":48,"height":51,"vertices":[781,-157.73,772.45,-150.44,757.41,-145.81,748.31,-131.23,732.82,-130.1,732.92,-143.21,738.98,-170.65,770.05,-180.84,779.85,-180.12],"uvs":[1,0.45177,0.82285,0.59604,0.51005,0.68876,0.32275,0.97585,0,1,0,0.74294,0.12249,0.20404,0.76846,0,0.97289,0.01281],"triangles":[8,7,0,7,1,0,6,2,7,7,2,1,5,3,2,6,5,2,5,4,3],"weights":[2,34,0.99827,39,0.00172,2,34,0.92853,39,0.07146,2,34,0.32158,39,0.67841,2,34,0.00035,39,0.99964,1,39,1,1,39,1,2,34,0.57564,39,0.42435,2,34,0.99982,39,0.00017,1,34,0.99999],"slotPose":[1,0,0,1,0,0],"bonePose":[34,-0.939633,0.342184,-0.342184,-0.939633,778.645318,-174.573585,39,-0.290034,0.957016,-0.957016,-0.290034,746.481683,-162.860622],"edges":[4,3,3,2,2,1,1,0,0,8,8,7,7,6,6,5,5,4],"userEdges":[]}]},{"name":"xjhandR","display":[{"type":"mesh","name":"xjhandR","width":95,"height":75,"vertices":[482.46,-189.6,482.46,-182.43,472.92,-177.06,436.89,-160.37,387.47,-174.39,387.49,-209.17,394.67,-224.49,404.82,-235.39,415.73,-235.38,444.12,-225.19,454.21,-216.56,462.36,-218.63,442.26,-187.27,464.44,-191.33,451.5,-205.32,414.31,-198.56,424.9,-208.77,441.26,-203.29,401.02,-204.71,410.94,-228.57,433.44,-216.94],"uvs":[1,0.60975,1,0.70525,0.89955,0.7771,0.52056,1,0.00001,0.81378,0,0.34992,0.07534,0.14556,0.1821,0,0.29699,0,0.59597,0.13558,0.70231,0.25041,0.78809,0.22271,0.57679,0.64132,0.81017,0.58688,0.67381,0.40035,0.28244,0.49107,0.39379,0.35471,0.56609,0.42757,0.14245,0.40913,0.24668,0.09086,0.48358,0.24562],"triangles":[2,1,0,13,2,0,11,13,0,11,14,13,13,12,2,12,3,2,10,14,11,14,12,13,17,12,14,9,20,10,20,17,10,17,14,10,15,3,12,17,16,12,8,20,9,20,16,17,16,15,12,15,4,3,19,16,20,8,19,20,18,15,16,19,18,16,6,18,19,18,4,15,7,19,8,7,6,19,6,5,18,5,4,18],"weights":[1,26,1,2,26,0.96568,35,0.0343,2,26,0.82994,35,0.17005,2,26,0.01368,35,0.98631,1,35,1,1,35,1,1,35,1,1,35,1,1,35,1,2,26,0.16436,35,0.83563,2,26,0.55378,35,0.44621,2,26,0.79523,35,0.20476,2,26,0.01161,35,0.98838,2,26,0.93838,35,0.06161,2,26,0.13191,35,0.86808,1,35,1,2,26,0.00954,35,0.99045,2,26,0.13191,35,0.86808,1,35,1,1,35,1,2,26,0.08022,35,0.91977],"slotPose":[1,0,0,1,0,0],"bonePose":[26,-0.894856,0.446354,-0.446354,-0.894856,472.433524,-204.253562,35,-0.993865,-0.110602,0.110602,-0.993865,455.895266,-194.640939],"edges":[5,4,4,3,3,2,2,1,1,0,0,11,11,10,10,9,9,8,8,7,7,6,6,5],"userEdges":[]}]},{"name":"xjhair4","display":[{"type":"mesh","name":"xjhair4","width":130,"height":227,"vertices":[705.29,-446.59,738.02,-462.04,738.03,-452.95,660.7,-326.56,654.04,-326.55,630.72,-361.78,608.18,-395.85,608.17,-403.19,636.82,-477.84,687.94,-553.54,694.1,-553.55,681.05,-453.46,720.14,-492.97,724.53,-491.42],"uvs":[0.74808,0.47144,0.99999,0.40364,0.99999,0.4437,0.40315,1,0.35193,0.99998,0.17299,0.8445,0.00001,0.69419,0.00001,0.66181,0.22161,0.3331,0.61561,0,0.66311,0,0.56158,0.44089,0.86286,0.26721,0.89655,0.27406],"triangles":[5,3,0,12,0,13,1,0,2,0,3,2,11,5,0,11,0,12,7,5,11,7,6,5,5,4,3,8,7,11,8,11,9,9,11,10],"weights":[2,28,0.00396,19,0.99603,1,19,1,1,19,1,1,19,1,1,19,1,2,15,0.3606,19,0.63939,1,15,1,1,15,1,3,15,0.13456,28,0.86523,19,0.00019,1,28,1,1,28,1,3,15,0.11513,28,0.3408,19,0.54406,1,19,1,1,19,1],"slotPose":[1,0,0,1,0,0],"bonePose":[28,0.372826,-0.927901,0.927901,0.372826,652.620452,-457.758444,19,0.551063,-0.834463,0.834463,0.551063,637.158075,-348.124573,15,0.365527,-0.930801,0.930801,0.365527,617.180819,-368.68905],"edges":[6,5,5,4,4,3,3,2,2,1,1,0,0,13,13,12,12,11,11,10,10,9,9,8,8,7,7,6],"userEdges":[]}]},{"name":"xjhip","display":[{"type":"mesh","name":"xjhip","width":197,"height":151,"vertices":[65.59,-85.58,81.83,-65.54,83.82,-21.18,56.02,34.12,28.97,61.92,13.41,61.92,-33.67,60.42,-84.76,53.59,-103.57,48.68,-113.17,26.47,-113.17,-15.22,-105.89,-44.71,-92.66,-54.29,-56.12,-64.4,-18.58,-70.45,18.23,-84.45,49.07,-89.07,-82.24,-16.55,-6.11,-3.64,51.48,-45.01,-86.54,22.5,-43.51,27.47,28.31,-21.51,12.75,38.72,68.36,-35.08,43.53,5.29,-48.47,-6.29],"uvs":[0.90747,0.02311,0.98991,0.15583,0.99999,0.44957,0.85886,0.81586,0.72157,1,0.6426,1,0.40355,0.99005,0.14419,0.94481,0.04872,0.91231,0,0.76522,0,0.48903,0.03696,0.29373,0.10412,0.23029,0.28957,0.16335,0.48013,0.12326,0.66707,0.03056,0.82357,0,0.15702,0.48026,0.54347,0.56575,0.83582,0.29174,0.13518,0.73892,0.3536,0.7718,0.71821,0.44738,0.63924,0.84633,0.92151,0.3575,0.7955,0.62493,0.3284,0.54821],"triangles":[19,24,1,24,25,2,25,3,2,1,24,2,0,19,1,16,19,0,19,22,24,22,25,24,16,15,19,25,23,3,23,4,3,15,22,19,15,14,22,22,18,25,18,23,25,14,18,22,23,5,4,18,21,23,23,6,5,21,6,23,13,26,14,14,26,18,26,21,18,13,17,26,21,7,6,12,17,13,26,20,21,20,7,21,17,20,26,10,9,20,20,8,7,12,11,17,11,10,17,10,20,17,9,8,20],"edges":[9,8,8,7,7,6,6,5,5,4,4,3,3,2,2,1,1,0,0,16,16,15,15,14,14,13,13,12,12,11,11,10,10,9],"userEdges":[24,25]}]},{"name":"eyes","display":[{"name":"eyes","transform":{"x":13.64,"y":16.46,"skX":121.5,"skY":121.5}}]},{"name":"xjarmL","display":[{"type":"mesh","name":"xjarmL","width":136,"height":121,"vertices":[817.3,-298.04,819.51,-287.12,817.07,-281.24,812.17,-273.79,797.66,-261.13,778.05,-250.63,755.1,-240.46,734.43,-231.4,722.71,-216.38,717.71,-204.38,708.7,-204.37,697.13,-216.17,690.55,-230.9,686.56,-250.17,686.55,-271.28,688.18,-291.35,693.01,-307.29,702.58,-322.04,738.28,-317.1,746.44,-323.86,756.52,-324.9,767.35,-320.94,795.27,-321.58,804.14,-318.59,811.96,-310.61,747.43,-304.29,759.72,-305.87,764.77,-310.29,772.86,-309.95,789.34,-312.89,800.24,-314.75,748.4,-285.87,742.36,-263.7,719.19,-305.67,717.24,-253.08,772.3,-274.81,797.23,-286.06,810.97,-294.88],"uvs":[0.95978,0.21874,0.97654,0.3089,0.95893,0.35757,0.9233,0.41948,0.81721,0.52487,0.67346,0.61282,0.50521,0.69815,0.35284,0.77544,0.26617,0.90039,0.22883,1,0.16253,0.99999,0.0775,0.90236,0.02922,0.78058,0,0.62126,0,0.44669,0.01212,0.28084,0.0477,0.14912,0.11816,0.02726,0.37771,0.0656,0.43737,0.00923,0.51144,0,0.59129,0.03226,0.7966,0.0253,0.86194,0.04954,0.91986,0.1152,0.44562,0.1709,0.53591,0.15717,0.57288,0.12032,0.63238,0.1227,0.75345,0.09748,0.83349,0.08144,0.45368,0.32311,0.41041,0.50755,0.2384,0.16142,0.22567,0.59726,0.63004,0.41327,0.81274,0.31894,0.91335,0.24527],"triangles":[0,37,1,37,2,1,37,36,2,24,37,0,36,3,2,24,30,37,36,4,3,23,30,24,30,36,37,29,36,30,22,30,23,29,28,36,36,35,4,22,29,30,28,35,36,35,5,4,21,29,22,21,28,29,26,31,35,26,35,28,27,26,28,35,32,5,32,6,5,21,27,28,31,32,35,20,27,21,25,31,26,20,26,27,20,19,26,19,25,26,19,18,25,32,7,6,34,7,32,25,33,31,33,32,31,33,34,32,18,33,25,15,14,34,15,34,33,17,33,18,34,8,7,16,15,33,10,9,8,11,10,8,34,12,8,12,11,8,13,12,34,17,16,33,14,13,34],"weights":[1,12,1,1,12,1,1,12,1,1,12,1,1,12,1,1,12,1,1,12,1,2,9,0.5,12,0.5,2,9,0.81,12,0.19,1,9,1,1,9,1,1,9,1,1,9,1,1,9,1,1,9,1,1,9,1,1,9,1,1,9,1,1,12,1,1,12,1,1,12,1,1,12,1,1,12,1,1,12,1,1,12,1,1,12,1,1,12,1,1,12,1,1,12,1,1,12,1,1,12,1,1,12,1,2,9,0.24,12,0.76,2,9,0.21,12,0.79,2,9,0.87,12,0.13,1,12,1,1,12,1,1,12,1],"slotPose":[1,0,0,1,0,0],"bonePose":[12,0.925342,-0.379133,0.379133,0.925342,694.642305,-263.59837,9,-0.510543,-0.859852,0.859852,-0.510543,645.772609,-232.906962],"edges":[13,12,12,11,11,10,10,9,9,8,8,7,7,6,6,5,5,4,4,3,3,2,2,1,1,0,0,24,24,23,23,22,22,21,21,20,20,19,19,18,18,17,17,16,16,15,15,14,14,13],"userEdges":[]}]},{"name":"xjlegR","display":[{"type":"mesh","name":"xjlegR","width":170,"height":137,"vertices":[685.22,-53.88,698.97,-47.19,712.66,-21.47,713.62,-13.52,704.83,-0.44,708.85,8.57,668.37,8.8,620.67,9.06,586.98,9.25,568.97,-4.53,557.92,-16.55,560.18,-32.4,543.83,-59.66,543.99,-95.12,554.17,-111.8,566.39,-122.42,580.53,-121.07,606.83,-118,639.03,-109.25,670.77,-93.68,611.39,-83.81,626.29,-61.96,639.21,-35.15,602.47,-10.32,684.57,-31.5,666.36,-57.66,652.12,-79.83,570.35,-70.57,580.95,-43.42],"uvs":[0.83189,0.48706,0.91295,0.53546,0.99418,0.72276,1,0.78071,0.94868,0.87648,0.97252,0.94215,0.73442,0.94511,0.45374,0.9486,0.25563,0.95106,0.14931,0.85112,0.08395,0.76369,0.09687,0.64794,0,0.4495,0,0.19068,0.05943,0.06852,0.13305,0.0051,0.21431,0,0.37271,0.04736,0.56434,0.12483,0.75343,0.25088,0.39688,0.27102,0.48509,0.43002,0.56175,0.62532,0.34625,0.80777,0.82863,0.65042,0.72084,0.46011,0.63651,0.29868,0.15576,0.36903,0.21879,0.56683],"triangles":[4,3,2,24,4,2,1,24,2,4,6,5,24,6,4,0,24,1,19,25,0,22,6,24,0,25,24,25,22,24,22,7,6,26,25,19,18,26,19,26,21,25,21,22,25,18,20,26,20,21,26,17,20,18,21,23,22,23,7,22,20,28,21,28,23,21,23,8,7,27,28,20,17,16,20,16,27,20,9,8,23,28,9,23,11,10,9,15,14,27,14,13,27,15,27,16,11,9,28,12,11,27,27,11,28,13,12,27],"weights":[1,7,1,1,7,1,1,7,1,1,7,1,1,7,1,1,7,1,1,7,1,1,7,1,1,7,1,1,7,1,1,7,1,1,7,1,1,7,1,1,7,1,1,7,1,2,7,0.73,2,0.26999,1,7,1,2,7,0.52,2,0.48,2,7,0.25,2,0.75,1,2,1,1,7,1,1,7,1,1,7,1,1,7,1,1,7,1,1,7,1,1,7,1,1,7,1,1,7,1],"slotPose":[1,0,0,1,0,0],"bonePose":[7,0.513092,0.858334,-0.858334,0.513092,576.89,-124.57,2,1,0,0,1,647.72,-140.17],"edges":[12,11,11,10,10,9,9,8,8,7,7,6,6,5,5,4,4,3,3,2,2,1,1,0,0,19,19,18,18,17,17,16,16,15,15,14,14,13,13,12],"userEdges":[]}]},{"name":"xjhair3","display":[{"type":"mesh","name":"xjhair3","width":119,"height":257,"vertices":[604.17,-540.07,601.4,-488.94,591.54,-434.01,581.17,-393.94,571.18,-363.81,557.04,-343.99,529.78,-321.62,521.56,-321.62,499.52,-336.71,485.11,-375.84,485.11,-409.1,497.46,-447.74,533.81,-501.06,598.28,-578.6,604.19,-578.6],"uvs":[1,0.1499,0.97693,0.34878,0.89434,0.56257,0.80729,0.71849,0.72342,0.83575,0.60469,0.91294,0.37557,0.99999,0.30638,1,0.12114,0.94129,0,0.78905,0.00001,0.65956,0.10369,0.50924,0.40903,0.30176,0.95032,0,1,0],"triangles":[12,2,1,12,1,0,13,12,0,14,13,0,11,3,2,12,11,2,10,4,3,11,10,3,9,5,4,10,9,4,8,6,5,9,8,5,8,7,6],"weights":[2,27,0.00074,33,0.99925,2,27,0.29001,33,0.70998,3,14,0.21463,27,0.71042,33,0.07494,3,14,0.75712,27,0.24273,33,0.00014,2,14,0.96709,27,0.0329,2,14,0.9988,27,0.00119,1,14,1,1,14,1,1,14,1,1,14,1,2,14,0.94461,27,0.05538,2,14,0.18545,27,0.81454,2,27,0.65896,33,0.34103,1,33,1,1,33,1],"slotPose":[1,0,0,1,0,0],"bonePose":[27,0.356249,-0.934391,0.934391,0.356249,520.167451,-426.989342,33,0.563814,-0.825902,0.825902,0.563814,546.501077,-496.648262,14,-0.070105,-0.99754,0.99754,-0.070105,526.388134,-342.467487],"edges":[9,8,8,7,7,6,6,5,5,4,4,3,3,2,2,1,1,0,0,14,14,13,13,12,12,11,11,10,10,9],"userEdges":[11,2,3,10,9,4]}]},{"name":"xjfinger3","display":[{"type":"mesh","name":"xjfinger3","width":86,"height":104,"vertices":[842.53,-150.96,842.95,-121.88,834.3,-105.48,809.63,-83.68,799.66,-83.73,789.89,-100.9,791.31,-121.66,792.75,-142.66,765.35,-144.8,760.83,-151.09,758.09,-173.69,767.42,-184.46,780.97,-187.81,803.92,-187.7,831.59,-181.85,785.28,-168.07,817.74,-162.2,809.26,-121.78,803.16,-99.58,826.36,-121.97,826.03,-112.85],"uvs":[0.98342,0.3513,0.99006,0.63084,0.89058,0.78899,0.60512,1,0.48912,1,0.37446,0.83551,0.38963,0.63572,0.40498,0.4337,0.08616,0.41446,0.03314,0.35418,0.00001,0.13703,0.10777,0.03288,0.26519,0,0.53198,0,0.85418,0.05483,0.3166,0.18971,0.69443,0.24446,0.5984,0.63364,0.52885,0.84742,0.79725,0.63087,0.79396,0.71857],"triangles":[20,2,1,19,20,1,14,16,0,19,1,0,16,19,0,16,17,19,20,18,2,18,3,2,7,17,16,13,16,14,17,18,20,17,20,19,13,15,16,15,7,16,6,5,18,18,4,3,6,18,17,7,6,17,12,15,13,5,4,18,15,8,7,9,8,15,11,10,15,10,9,15,12,11,15],"weights":[2,23,0.05846,36,0.94153,2,36,0.75929,37,0.2407,2,36,0.225,37,0.77499,1,37,1,1,37,1,2,36,0.02856,37,0.97143,3,23,0.00578,36,0.43281,37,0.5614,3,23,0.30274,36,0.66234,37,0.03491,1,23,1,1,23,1,1,23,1,1,23,1,1,23,1,1,23,1,1,23,1,2,23,0.83042,36,0.16957,2,23,0.5291,36,0.47089,3,23,0.00056,36,0.60258,37,0.39684,2,36,0.01039,37,0.9896,2,36,0.58712,37,0.41287,2,36,0.22515,37,0.77484],"slotPose":[1,0,0,1,0,0],"bonePose":[23,0.182236,0.983255,-0.983255,0.182236,808.045426,-191.870976,36,0.138655,0.990341,-0.990341,0.138655,813.483334,-162.530649,37,-0.407852,0.913048,-0.913048,-0.407852,819.536796,-119.221659],"edges":[10,9,9,8,8,7,7,6,6,5,5,4,4,3,3,2,2,1,1,0,0,14,14,13,13,12,12,11,11,10],"userEdges":[]}]}]}],"animation":[{"duration":100,"name":"animation","bone":[{"name":"xjhip","translateFrame":[{"duration":50,"tweenEasing":0},{"duration":50,"tweenEasing":0,"x":-22.07,"y":10.68},{"duration":0}]},{"name":"rightleg","translateFrame":[{"duration":50,"tweenEasing":0},{"duration":50,"tweenEasing":0,"x":-7.53},{"duration":0}]},{"name":"xjlegR","scaleFrame":[{"duration":50,"tweenEasing":0},{"duration":50,"tweenEasing":0,"x":0.87},{"duration":0}]},{"name":"leftleg","translateFrame":[{"duration":55,"tweenEasing":0},{"duration":45,"tweenEasing":0,"x":-13.58},{"duration":0}]},{"name":"xjlegL","scaleFrame":[{"duration":50,"tweenEasing":0},{"duration":50,"tweenEasing":0,"x":0.96,"y":0.96},{"duration":0}]},{"name":"xjbody","translateFrame":[{"duration":50,"tweenEasing":0},{"duration":50,"tweenEasing":0,"y":8.89},{"duration":0}]},{"name":"bone","rotateFrame":[{"duration":50,"tweenEasing":0},{"duration":50,"tweenEasing":0,"rotate":3.27},{"duration":0}],"scaleFrame":[{"duration":50,"tweenEasing":0},{"duration":50,"tweenEasing":0,"x":1.03,"y":1.03},{"duration":0}]},{"name":"lefthand","translateFrame":[{"duration":55,"tweenEasing":0},{"duration":45,"tweenEasing":0,"x":13.11,"y":1.69},{"duration":0}]},{"name":"xjarmL","translateFrame":[{"duration":50,"tweenEasing":0},{"duration":50,"tweenEasing":0,"x":-7,"y":13.49},{"duration":0}]},{"name":"xjhandL","scaleFrame":[{"duration":55,"tweenEasing":0},{"duration":45,"tweenEasing":0,"x":0.74,"y":0.85},{"duration":0}]},{"name":"xjfinger3","translateFrame":[{"duration":55,"tweenEasing":0},{"duration":45,"tweenEasing":0,"x":2.29,"y":-9.7},{"duration":0}],"scaleFrame":[{"duration":55,"tweenEasing":0},{"duration":45,"tweenEasing":0,"x":1.17,"y":1.18},{"duration":0}]},{"name":"bone2","rotateFrame":[{"duration":55,"tweenEasing":0},{"duration":45,"tweenEasing":0,"rotate":-12.61},{"duration":0}],"scaleFrame":[{"duration":55,"tweenEasing":0},{"duration":45,"tweenEasing":0,"x":0.96,"y":1.08},{"duration":0}]},{"name":"bone3","translateFrame":[{"duration":55,"tweenEasing":0},{"duration":45,"tweenEasing":0,"x":-5.3,"y":-2.81},{"duration":0}],"rotateFrame":[{"duration":55,"tweenEasing":0},{"duration":45,"tweenEasing":0,"rotate":17.95},{"duration":0}]},{"name":"xjfing1","translateFrame":[{"duration":55,"tweenEasing":0},{"duration":45,"tweenEasing":0,"x":3.38,"y":-5.57},{"duration":0}],"rotateFrame":[{"duration":55,"tweenEasing":0},{"duration":45,"tweenEasing":0,"rotate":5.37},{"duration":0}],"scaleFrame":[{"duration":55,"tweenEasing":0},{"duration":45,"tweenEasing":0,"x":0.85},{"duration":0}]},{"name":"bone4","translateFrame":[{"duration":55,"tweenEasing":0},{"duration":45,"tweenEasing":0,"x":-4.32,"y":0.05},{"duration":0}],"rotateFrame":[{"duration":55,"tweenEasing":0},{"duration":45,"tweenEasing":0,"rotate":-7.25},{"duration":0}],"scaleFrame":[{"duration":55,"tweenEasing":0},{"duration":45,"tweenEasing":0,"x":1.29,"y":1.11},{"duration":0}]},{"name":"xjfinger2","rotateFrame":[{"duration":55,"tweenEasing":0},{"duration":45,"tweenEasing":0,"rotate":-23.73},{"duration":0}]},{"name":"bone5","rotateFrame":[{"duration":55,"tweenEasing":0},{"duration":45,"tweenEasing":0,"rotate":13.63},{"duration":0}]},{"name":"righthand","translateFrame":[{"duration":50,"tweenEasing":0},{"duration":50,"tweenEasing":0,"x":4.48,"y":-13.02},{"duration":0}]},{"name":"xjarmR2","scaleFrame":[{"duration":50,"tweenEasing":0},{"duration":50,"tweenEasing":0,"x":0.82,"y":0.82},{"duration":0}]},{"name":"xjhandR2","rotateFrame":[{"duration":50,"tweenEasing":0},{"duration":50,"tweenEasing":0,"rotate":21.62},{"duration":0}]},{"name":"xjface","translateFrame":[{"duration":50,"tweenEasing":0},{"duration":50,"tweenEasing":0,"x":-11.64,"y":-8.08},{"duration":0}],"rotateFrame":[{"duration":50,"tweenEasing":0},{"duration":50,"tweenEasing":0,"rotate":3.1},{"duration":0}],"scaleFrame":[{"duration":50,"tweenEasing":0},{"duration":50,"tweenEasing":0,"x":1.01,"y":1.01},{"duration":0}]},{"name":"xjhair4","rotateFrame":[{"duration":25,"tweenEasing":0},{"duration":25,"tweenEasing":0,"rotate":-1.27},{"duration":25,"tweenEasing":0},{"duration":25,"tweenEasing":0,"rotate":-1.27},{"duration":0}]},{"name":"xjhair5","rotateFrame":[{"duration":25,"tweenEasing":0},{"duration":25,"tweenEasing":0,"rotate":4},{"duration":25,"tweenEasing":0},{"duration":25,"tweenEasing":0,"rotate":4},{"duration":0}]},{"name":"xjhair6","rotateFrame":[{"duration":25,"tweenEasing":0},{"duration":25,"tweenEasing":0,"rotate":0.11},{"duration":25,"tweenEasing":0},{"duration":25,"tweenEasing":0,"rotate":0.11},{"duration":0}]},{"name":"bone7","rotateFrame":[{"duration":25,"tweenEasing":0},{"duration":25,"tweenEasing":0,"rotate":-8.3},{"duration":25,"tweenEasing":0},{"duration":25,"tweenEasing":0,"rotate":-8.3},{"duration":0}]},{"name":"xjhair3","rotateFrame":[{"duration":100,"rotate":1.45}]},{"name":"bone9","rotateFrame":[{"duration":25,"tweenEasing":0,"rotate":-8.21},{"duration":25,"tweenEasing":0,"rotate":-15.25},{"duration":25,"tweenEasing":0,"rotate":-15.26},{"duration":25,"tweenEasing":0,"rotate":-18.69},{"duration":0,"rotate":-8.21}]},{"name":"bone10","rotateFrame":[{"duration":33,"tweenEasing":0},{"duration":17,"tweenEasing":0,"rotate":-2.8},{"duration":33,"tweenEasing":0},{"duration":17,"tweenEasing":0,"rotate":-1.73},{"duration":0}]},{"name":"xjhair2","rotateFrame":[{"duration":50,"tweenEasing":0},{"duration":50,"tweenEasing":0,"rotate":11.53},{"duration":0}]},{"name":"bone11","translateFrame":[{"duration":50,"tweenEasing":0},{"duration":50,"tweenEasing":0,"x":0.05,"y":-7.34},{"duration":0}]},{"name":"xjhair1","rotateFrame":[{"duration":25,"tweenEasing":0},{"duration":25,"tweenEasing":0,"rotate":-5.65},{"duration":25,"tweenEasing":0},{"duration":25,"tweenEasing":0,"rotate":-5.65},{"duration":0}]},{"name":"xjhair7","rotateFrame":[{"duration":25,"tweenEasing":0},{"duration":25,"tweenEasing":0,"rotate":-5.65},{"duration":25,"tweenEasing":0},{"duration":25,"tweenEasing":0,"rotate":-5.65},{"duration":0}]}],"slot":[{"name":"eyes","displayFrame":[{"duration":2,"value":-1},{"duration":2},{"duration":96,"value":-1}]}],"ffd":[{"name":"xjarmL","slot":"xjarmL","frame":[{"duration":50,"tweenEasing":0},{"duration":50,"tweenEasing":0,"offset":10,"vertices":[4.56,-1.54,0,0,1.9,1,2.32,2.81,0,0,0,0,0,0,0,0,0,0,0,0,0,0,0,0,0,0,0,0,0,0,0,0,0,0,0,0,0,0,0,0,-1.03,-4.52,-2.05,-5.35,-2.05,-5.35,0,0,0,0,0,0,0,0,0.28,4.32,-4.78,-0.31,2.82,-1.55,5.97,-0.92]},{"duration":0}]},{"name":"xjarmR","slot":"xjarmR","frame":[{"duration":50,"tweenEasing":0},{"duration":50,"tweenEasing":0,"offset":6,"vertices":[2.39,0.42,2.39,0.42,2.39,0.42,1.88,3.81,3.98,2.99,1.53,0.95,0.09,-1,-1.92,-1.18,-8.47,-2.58,-9.14,-4.06,-7.96,-5.97,-4.8,-5.08,-0.53,-0.86,0,0,0,0,0,0,-4.8,-5.08,-0.84,-6.34,1.57,-1.68,-6.95,-5.88,1.57,-1.68,1.02,-6.78,0,0,1.02,-6.78,1.57,-1.68]},{"duration":0}]},{"name":"xjbody","slot":"xjbody","frame":[{"duration":50,"tweenEasing":0},{"duration":50,"tweenEasing":0,"vertices":[-1.82,4.09,1.97,-4.09,-0.02,-6.81,-9.69,9.66,-8.18,-2.52,-8.86,-3.35,-3.36,-14.53,-4.86,-17.3,5.65,-6.95,4.35,-5.56,12.48,-2.7,12.59,-0.72,12.59,-0.72,17.89,-1.03,9.28,-0.53,3.98,-0.23,10.01,0.76,5.89,-1.66,0,0,9.43,2.13,1,14.24,-2.35,5.44,-2.78,18.62,-6.74,6.51,7.24,10.21,7.35,0.69,5.3,-0.3,13.25,-0.76]},{"duration":0}]},{"name":"xjface","slot":"xjface","frame":[{"duration":50,"tweenEasing":0,"offset":16,"vertices":[2.93,1.78,2.93,1.78,0,0,0,0,0,0,0,0,0,0,0,0,0,0,0,0,0,0,0,0,0,0,0,0,0,0,0,0,0,0,0,0,0,0,0,0,0,0,0,0,0,0,0,0,0,0,0,0,0,0,0,0,0,0,0,0,0,0,0,0,0,0,0,0,0,0,0,0,0,0,0,0,0,0,0,0,0,0,0,0,0,0,0,0,0,0,0,0,-1.2,-0.73,0,0,0,0,0,0,0,0,0,0,0,0,0,0,-1.2,-0.73,-1.2,-0.73,2.28,1.38,3.26,1.98,2.28,1.38,0,0,3.26,1.98,3.26,1.98,3.26,1.98]},{"duration":50,"tweenEasing":0,"offset":2,"vertices":[5.9,0.33,3.27,-0.88,9.58,4.43,15.01,15.08,9.25,8.58,-1.65,-3.07,-2.24,8.4,-4.49,9.67,-2.84,5.29,-2,0.99,-3.79,4.86,-2.09,4.5,0.79,3.44,2.26,-0.95,5.08,-3.23,3.93,1.82,3.93,1.82,0,0,0,0,0,0,-3.59,7.74,0,0,0,0,0,0,0,0,0,0,0,0,0.2,1.29,0.59,0.43,1.77,-0.38,5.54,4.56,-8.91,6.72,-5.56,9.06,-7.13,2.46,-7.84,2.87,-2.2,4.75,0,0,-3.44,2.74,7.72,7.91,-2.03,4.37,2.63,1.22,-7.45,5.91,-7.87,4.05,-7.13,2.46,-7.87,4.05,-0.63,0.47,-7.13,2.46,-9.86,3.18,-8.26,4.89,-7.87,4.05,-5.54,6.79,-5.54,6.79,-7.96,8.52,-6.24,7.06,-2.94,6.33,-3.8,8.19,-2.23,4.82,-2.2,4.75,-2.38,5.13,-2.2,4.75,-2.2,4.75,-2,6.03,-0.89,5.35,-2.73,3.3,-3.52,4.14,-3.52,4.14,-0.88,1.9,-3.52,4.14,-3.52,4.14,-3.52,4.14,-2.2,4.75,-2.2,4.75,-6.39,10.84,-9.18,7.31,-8.51,19.93,-2.96,6.38,-4.17,3.83,-1.44,3.1,-0.99,2.12,-2.96,6.39,-0.83,1.79,-5.09,5.8,-4.91,5.42,-2.94,6.33,-2.64,5.68,-2.33,5.02,-0.56,5.51,-2.53,4.59,-4.5,3.67,-4.61,4.76,-4.61,4.76,-4.17,3.83,-4.03,3.52,-1.44,3.1,-1.44,3.1,-2,6.03]},{"duration":0,"offset":16,"vertices":[2.93,1.78,2.93,1.78,0,0,0,0,0,0,0,0,0,0,0,0,0,0,0,0,0,0,0,0,0,0,0,0,0,0,0,0,0,0,0,0,0,0,0,0,0,0,0,0,0,0,0,0,0,0,0,0,0,0,0,0,0,0,0,0,0,0,0,0,0,0,0,0,0,0,0,0,0,0,0,0,0,0,0,0,0,0,0,0,0,0,0,0,0,0,0,0,-1.2,-0.73,0,0,0,0,0,0,0,0,0,0,0,0,0,0,-1.2,-0.73,-1.2,-0.73,2.28,1.38,3.26,1.98,2.28,1.38,0,0,3.26,1.98,3.26,1.98,3.26,1.98]}]},{"name":"xjhandL","slot":"xjhandL","frame":[{"duration":55,"tweenEasing":0},{"duration":45,"tweenEasing":0,"vertices":[0.98,7.04,-0.54,-7.32,-2.78,0.45,-1.43,-3.57,-5.01,-1.35,0,0,0,0,0,0,4.74,2.47,-0.27,1.12,-0.27,1.12,0,0,0,0,0,0,0,0,0,0,3.59,0.9,5.1,-5.4,1.96,-3.43,-7.17,-1.87,0,0,5.8,-5.17,2.42,-2.11,0.89,-3.72,4.37,-7.15,7.78,-5.45]},{"duration":0}]},{"name":"xjhandR","slot":"xjhandR","frame":[{"duration":50,"tweenEasing":0},{"duration":50,"tweenEasing":0,"offset":4,"vertices":[-5.35,1.96,-3.76,8.46,-2.24,-1.46,-1.07,-4.38,1.22,-0.92,0.83,0.05,0.68,-0.29,1.04,-0.37,1.01,-2.43,0,0,-2.08,1.92,2.28,1.36,-2.81,3,-1.61,2.02,1.11,0.73,1.38,-0.51,0.34,-0.15,1.02,-0.44,2.4,-0.94]},{"duration":0}]},{"name":"xjhip","slot":"xjhip","frame":[{"duration":50,"tweenEasing":0},{"duration":50,"tweenEasing":0,"offset":4,"vertices":[-1.69,7.2,4.23,6.35,0.42,1.69,0.42,1.69,0,0,0,0,0,0,5.5,0,10.58,5.5,10.23,9.31,9.81,4.66,0,0,0,0,0,0,0,0,10.86,4.54,25.26,8.75,12.66,-1.32,0,0,-6.39,-0.42,27.12,-4.04,10.56,-4.27,2.54,1.27,8.87,-7.01,24.62,10.7]},{"duration":0}]},{"name":"xjlegL","slot":"xjlegL","frame":[{"duration":50,"tweenEasing":0},{"duration":50,"tweenEasing":0,"vertices":[-1.55,-8.63,1.57,-5.62,0,0,0,0,12.22,0.23,0,0,0,0,0,0,5.99,-0.46,8.19,-6.67,2.99,-16.35,0,0,-7.17,-18.21,-5.91,-10.9,16.09,-6.64,7.37,-8.56,17.33,-17.03,8.16,-13.8]},{"duration":0}]},{"name":"xjlegR","slot":"xjlegR","frame":[{"duration":50,"tweenEasing":0},{"duration":50,"tweenEasing":0,"offset":8,"vertices":[2.74,6.24,0,0,0,0,-7.49,6.33,0.09,1.22,0.09,1.22,0.09,1.22,0.09,1.22,3.4,7.49,0,0,0,0,0,0,0,0,0,0,0,0,0,0,-0.68,-9.18,7.41,-7.55,2.45,-5.36,-10.11,-6,2.75,-9.01,5.3,-5.22,-0.45,-6.12,-0.45,-6.12,-4.97,-5.74]},{"duration":0}]}]}],"defaultActions":[{"gotoAndPlay":"animation"}]}]}