{"frameRate":30,"name":"wj_034_niteluo","version":"5.5","compatibleVersion":"5.5","armature":[{"type":"Armature","frameRate":30,"name":"armatureName","aabb":{"x":-44.38,"y":-251.19,"width":112.89,"height":262.02},"bone":[{"name":"root"},{"name":"1","parent":"root","transform":{"x":-34.34,"y":-13.98}},{"name":"2","parent":"root","transform":{"x":-32.92,"y":7.06}},{"name":"3","parent":"root","transform":{"x":24.93,"y":-16.5}},{"name":"4","parent":"root","transform":{"x":42.56,"y":-0.85}},{"name":"buff_flo","parent":"root"},{"name":"buff_mid","parent":"root","transform":{"y":-123.19}},{"name":"buff_up","parent":"root","transform":{"y":-226.39}},{"name":"niteluo_dj_pigu_001","parent":"root","transform":{"x":2.21,"y":-87.65}},{"name":"wj_034_niteluo_pz","parent":"root","transform":{"x":-33.27,"y":-52.91}},{"length":53,"name":"shenzi","parent":"niteluo_dj_pigu_001","transform":{"x":-0.73,"y":-6.97,"skX":-88.03,"skY":-88.03}},{"length":53,"name":"niteluo_dj_tui_003","parent":"niteluo_dj_pigu_001","transform":{"x":6.23,"y":2.07,"skX":46.99,"skY":46.99}},{"length":43,"name":"niteluo_dj_tui_001","parent":"niteluo_dj_pigu_001","transform":{"x":-8.07,"y":4.03,"skX":105.73,"skY":105.73}},{"length":35,"name":"niteluo_dj_tui_004","parent":"niteluo_dj_tui_003","transform":{"x":54.18,"y":0.12,"skX":77.83,"skY":77.83}},{"length":37,"name":"niteluo_dj_gebo_003","parent":"shenzi","transform":{"x":47.68,"y":-33.58,"skX":175.22,"skY":175.22}},{"length":24,"name":"niteluo_dj_gebo_001","parent":"shenzi","transform":{"x":41.26,"y":14.74,"skX":146.64,"skY":146.64}},{"length":66,"name":"niteluo_dj_tou_001","parent":"shenzi","transform":{"x":55.51,"y":1.76,"skX":3.11,"skY":3.11,"scX":0.727,"scY":0.727}},{"length":33,"name":"niteluo_dj_tui_002","parent":"niteluo_dj_tui_001","transform":{"x":42.15,"y":0.1,"skX":14.26,"skY":14.26}},{"length":10,"name":"niteluo_dj_jiao_002","parent":"niteluo_dj_tui_004","transform":{"x":36.41,"y":-0.71,"skX":-42.74,"skY":-42.74}},{"length":30,"name":"niteluo_dj_gebo_004","parent":"niteluo_dj_gebo_003","transform":{"x":37.11,"skX":-106.98,"skY":-106.98}},{"length":7,"name":"niteluo_dj_biyan_001","parent":"niteluo_dj_tou_001","transform":{"x":33.07,"y":36.49,"skX":3.07,"skY":3.07}},{"length":20,"name":"niteluo_dj_gebo_002","parent":"niteluo_dj_gebo_001","transform":{"x":25.17,"y":0.31,"skX":-43.03,"skY":-43.03}},{"length":11,"name":"niteluo_dj_jiao_001","parent":"niteluo_dj_tui_002","transform":{"x":35.36,"y":0.2,"skX":-30.22,"skY":-30.22}},{"length":14,"name":"niteluo_dj_jiao_002-1","parent":"niteluo_dj_jiao_002","transform":{"x":10.69,"y":-1.83,"skX":-65.19,"skY":-65.19}},{"length":19,"name":"niteluo_dj_shou_001","parent":"niteluo_dj_gebo_004","transform":{"x":29.37,"y":-0.34,"skX":-23.8,"skY":-23.8}},{"length":20,"name":"niteluo_dj_shou_002","parent":"niteluo_dj_gebo_002","transform":{"x":19.86,"y":0.18,"skX":-50.78,"skY":-50.78}},{"length":9,"name":"niteluo_dj_jiao_001-1","parent":"niteluo_dj_jiao_001","transform":{"x":10.56,"y":0.28,"skX":-15.17,"skY":-15.17}}],"slot":[{"blendMode":"erase","name":"wj_034_niteluo_pz","parent":"wj_034_niteluo_pz","color":{"aM":0}},{"displayIndex":1,"name":"niteluo_dj_gebo_001","parent":"niteluo_dj_gebo_001"},{"displayIndex":1,"name":"niteluo_dj_gebo_002","parent":"niteluo_dj_gebo_002"},{"name":"niteluo_gj_shou_002","parent":"niteluo_dj_shou_002"},{"displayIndex":-1,"name":"niteluo_dj_shou_002","parent":"niteluo_dj_shou_002"},{"name":"niteluo_dj_jiao_002","parent":"niteluo_dj_jiao_002"},{"name":"niteluo_dj_jiao_002-1","parent":"niteluo_dj_jiao_002-1"},{"name":"niteluo_dj_tui_004","parent":"niteluo_dj_tui_004"},{"name":"niteluo_dj_tui_003","parent":"niteluo_dj_tui_003"},{"displayIndex":1,"name":"niteluo_dj_pigu_001","parent":"niteluo_dj_pigu_001"},{"displayIndex":1,"name":"niteluo_dj_jiao_001","parent":"niteluo_dj_jiao_001"},{"displayIndex":1,"name":"niteluo_dj_jiao_001-1","parent":"niteluo_dj_jiao_001-1"},{"displayIndex":1,"name":"niteluo_dj_tui_002","parent":"niteluo_dj_tui_002"},{"displayIndex":1,"name":"niteluo_dj_tui_001","parent":"niteluo_dj_tui_001"},{"name":"shenzi","parent":"shenzi"},{"displayIndex":-1,"name":"niteluo_dj_shou_001","parent":"niteluo_dj_shou_001"},{"name":"niteluo_dj_tou_001","parent":"niteluo_dj_tou_001"},{"displayIndex":-1,"name":"niteluo_dj_biyan_001","parent":"niteluo_dj_biyan_001"},{"name":"niteluo_dj_gebo_003","parent":"niteluo_dj_gebo_003"},{"name":"niteluo_dj_gebo_004","parent":"niteluo_dj_gebo_004"},{"name":"niteluo_gj_shou_001","parent":"niteluo_dj_shou_001"},{"blendMode":"erase","name":"buff_up","parent":"buff_up","color":{"aM":0}},{"blendMode":"erase","name":"buff_mid","parent":"buff_mid","color":{"aM":0}},{"blendMode":"erase","name":"buff_flo","parent":"buff_flo","color":{"aM":0}}],"ik":[{"chain":1,"name":"3","bone":"niteluo_dj_tui_004","target":"3"},{"chain":1,"name":"1","bone":"niteluo_dj_tui_002","target":"1"},{"bendPositive":false,"chain":1,"name":"4","bone":"niteluo_dj_jiao_002-1","target":"4"},{"bendPositive":false,"chain":1,"name":"2","bone":"niteluo_dj_jiao_001-1","target":"2"}],"skin":[{"slot":[{"name":"niteluo_gj_shou_002","display":[{"name":"niteluo_gj_shou_002","transform":{"x":13.16,"y":1.21,"skX":-80.41,"skY":-80.41,"scX":0.974,"scY":0.974}}]},{"name":"niteluo_dj_tui_004","display":[{"type":"mesh","name":"niteluo_dj_tui_004","width":27,"height":35,"vertices":[38.82,-4.12,20.62,-7.04,5.74,-7.43,-2.38,-1.37,2.7,8.64,18.86,13.11,38.86,4.73,40.35,0.88],"uvs":[0.23228,1.02566,0.70827,0.64813,1.03704,0.30679,1.02672,0.01716,0.61441,-0.02857,0.13506,0.27576,-0.03704,0.88086,0.04791,0.97912],"triangles":[4,1,2,4,2,3,6,0,1,5,6,1,4,5,1,6,7,0],"edges":[6,7,7,0,0,1,1,2,2,3,3,4,4,5,5,6],"userEdges":[]}]},{"name":"niteluo_dj_tui_001","display":[{"type":"mesh","name":"niteluo_bp_tui_001","width":43,"height":64,"vertices":[54.82,-13.08,32.16,-20.32,-4.24,-13.07,-15.31,-1.24,1.1,18.8,31.36,13.1,51.89,5.3,59.95,-1.7],"uvs":[0.30583,1.01563,0.7247,0.77276,1.02326,0.22853,0.92328,-0.01563,0.3262,0.03944,0.07139,0.48916,-0.02326,0.82644,0.01773,0.99094],"triangles":[5,1,2,4,5,2,3,4,2,6,0,1,5,6,1,6,7,0],"edges":[6,7,7,0,0,1,1,2,2,3,3,4,4,5,5,6],"userEdges":[]},{"type":"mesh","name":"niteluo_dj_tui_001","width":36,"height":51,"vertices":[46.47,-9.22,24.88,-15.74,2.26,-17.32,-6.97,-2.14,1.34,21.74,29.53,11.86,45.92,7.2,49.1,-1.99],"uvs":[0.39572,1.01961,0.77116,0.6657,1.02778,0.25967,0.71949,-0.01265,0.01683,-0.01961,0.0065,0.56602,-0.02778,0.89912,0.18216,1.01961],"triangles":[3,1,2,4,5,3,3,5,1,5,0,1,6,7,0,5,6,0],"edges":[6,7,7,0,0,1,1,2,2,3,3,4,4,5,5,6],"userEdges":[]}]},{"name":"buff_up","display":[{"name":"buff_up","transform":{"x":0.96,"y":-0.96}}]},{"name":"niteluo_dj_gebo_001","display":[{"type":"mesh","name":"niteluo_bp_gebo_001","width":42,"height":47,"vertices":[-18.36,-9.33,11.09,-8.88,26.55,-9.69,33.46,-2.48,30.32,6.39,12.99,13.74,-10.72,15.9,-23.05,2.2],"uvs":[0.29938,0.01741,0.7624,0.48835,1.02381,0.72046,1.00708,0.93238,0.80004,1.00976,0.39349,0.84156,-0.02381,0.49845,0.02083,0.10824],"triangles":[4,3,2,1,4,2,1,5,4,6,5,1,0,6,1,7,6,0],"edges":[6,5,5,4,4,3,3,2,2,1,1,0,0,7,7,6],"userEdges":[]},{"name":"niteluo_dj_gebo_001","transform":{"x":13.12,"y":-0.83,"skX":-58.33,"skY":-58.33}}]},{"name":"shenzi","display":[{"name":"shenzi","transform":{"x":29.66,"y":-9.32,"skX":88.03,"skY":88.03}}]},{"name":"niteluo_dj_shou_001","display":[{"name":"niteluo_dj_shou_001","transform":{"x":10.43,"y":1.03,"skX":43.52,"skY":43.52}}]},{"name":"niteluo_dj_tui_003","display":[{"type":"mesh","name":"niteluo_dj_tui_003","width":53,"height":60,"vertices":[0.29,14.31,31.32,13.4,49.02,14.41,61.65,5.71,62.37,-3,54.36,-10.46,25.84,-19,-4.25,-14.5,-13.7,-0.22],"uvs":[-0.01887,0.36631,0.39302,0.73431,0.60676,0.96151,0.88933,1.01667,1.01887,0.92631,1.01887,0.74391,0.76978,0.29911,0.32058,-0.01667,0.00178,0.03031],"triangles":[6,1,5,1,2,5,2,3,5,5,3,4,0,1,6,7,0,6,8,0,7],"edges":[0,1,1,2,2,3,3,4,4,5,5,6,6,7,7,8,8,0],"userEdges":[]}]},{"name":"niteluo_dj_biyan_001","display":[{"name":"niteluo_dj_biyan_001","transform":{"x":-0.77,"y":-25.38,"skX":81.87,"skY":81.87}}]},{"name":"niteluo_dj_jiao_001","display":[{"name":"niteluo_bp_jiao_001","transform":{"x":8.79,"y":6.94,"skX":-155.11,"skY":-155.11}},{"type":"mesh","name":"niteluo_dj_jiao_001","width":18,"height":27,"vertices":[18.99,-10.32,18.9,9.67,-10.09,9.54,-10,-10.45],"uvs":[1.05556,1.03704,-0.05556,1.03704,-0.05556,-0.03704,1.05556,-0.03704],"triangles":[1,0,3,2,1,3],"edges":[1,0,0,3,3,2,2,1],"userEdges":[]}]},{"name":"wj_034_niteluo_pz","display":[{"name":"wj_034_niteluo_pz","transform":{"x":40.25,"y":-63.68,"scX":10.674,"scY":24.058}}]},{"name":"niteluo_dj_tui_002","display":[{"type":"mesh","name":"niteluo_bp_tui_002","width":47,"height":21,"vertices":[42.48,-4,16.23,-10.95,-6.01,-6.71,-6.07,2.69,-4.13,7.44,7.29,7.28,17.61,11.67,30.18,9.5,41.58,6.45],"uvs":[-0.02097,0.57982,0.5203,1.03125,1.0003,0.93411,1.02128,0.48839,0.99009,0.25411,0.74753,0.20839,0.53818,-0.04762,0.26754,-0.00303,0.01987,0.08839],"triangles":[4,5,3,5,2,3,5,1,2,6,1,5,7,0,1,7,1,6,8,0,7],"edges":[0,1,1,2,2,3,3,4,4,5,5,6,6,7,7,8,8,0],"userEdges":[]},{"type":"mesh","name":"niteluo_dj_tui_002","width":29,"height":37,"vertices":[30.92,-6.73,10.81,-10.23,-2.3,-10.82,-10.39,-5.48,-5.73,5.14,7.33,11.88,19.62,10.31,35.58,2.98,35.76,-1.09],"uvs":[0.33601,0.99079,0.78925,0.56851,1.03448,0.27025,1.01587,0.00884,0.61822,-0.02703,0.19063,0.18646,0.02387,0.49479,-0.03448,0.96733,0.08373,1.02703],"triangles":[4,1,2,4,2,3,6,0,1,5,6,1,4,5,1,7,8,0,6,7,0],"edges":[7,8,8,0,0,1,1,2,2,3,3,4,4,5,5,6,6,7],"userEdges":[]}]},{"name":"niteluo_gj_shou_001","display":[{"name":"niteluo_gj_shou_001","transform":{"x":12.21,"y":-5.92,"skX":43.52,"skY":43.52,"scX":1.024,"scY":1.024}}]},{"name":"niteluo_dj_gebo_002","display":[{"name":"niteluo_bp_gebo_002","transform":{"x":15.14,"y":-0.28,"skX":49.55,"skY":49.55}},{"name":"niteluo_dj_gebo_002","transform":{"x":9.7,"y":0.53,"skX":-15.62,"skY":-15.62}}]},{"name":"niteluo_dj_jiao_002-1","display":[{"name":"niteluo_dj_jiao_002-1","transform":{"x":10.31,"y":-1.38,"skX":-16.95,"skY":-16.95}}]},{"name":"niteluo_dj_jiao_002","display":[{"name":"niteluo_dj_jiao_002","transform":{"x":5.59,"y":-0.28,"skX":-82.05,"skY":-82.05}}]},{"name":"buff_mid","display":[{"name":"buff_mid","transform":{"x":0.64,"y":-0.64}}]},{"name":"buff_flo","display":[{"name":"buff_flo","transform":{"x":0.64}}]},{"name":"niteluo_dj_shou_002","display":[{"name":"niteluo_bp_shou_002","transform":{"x":19.66,"y":8.35,"skX":82.55,"skY":82.55}},{"name":"niteluo_dj_shou_002","transform":{"x":12.11,"y":-0.48,"skX":35.49,"skY":35.49}}]},{"name":"niteluo_dj_tou_001","display":[{"name":"niteluo_dj_tou_001","transform":{"x":48.55,"y":-7.77,"skX":84.94,"skY":84.94}}]},{"name":"niteluo_dj_pigu_001","display":[{"name":"niteluo_bp_pigu_001","transform":{"x":-4.88,"y":4.27}},{"name":"niteluo_dj_pigu_001","transform":{"x":-1.53,"y":1.06}}]},{"name":"niteluo_dj_gebo_003","display":[{"name":"niteluo_dj_gebo_003","transform":{"x":18.9,"y":-0.69,"skX":-87.16,"skY":-87.16}}]},{"name":"niteluo_dj_jiao_001-1","display":[{"name":"niteluo_bp_jiao_001-1","transform":{"x":7.89,"y":1.24,"skX":-147.07,"skY":-147.07}},{"name":"niteluo_dj_jiao_001-1","transform":{"x":5.14,"y":-0.29,"skX":-74.52,"skY":-74.52}}]},{"name":"niteluo_dj_gebo_004","display":[{"name":"niteluo_dj_gebo_004","transform":{"x":13.46,"y":0.36,"skX":19.91,"skY":19.91}}]}]}],"animation":[{"duration":20,"name":"0000_chuchang","bone":[{"name":"niteluo_dj_pigu_001","translateFrame":[{"duration":3,"tweenEasing":0,"y":-165.21},{"duration":2,"tweenEasing":0,"y":-11.3},{"duration":5,"tweenEasing":0,"x":-11.05,"y":35.67},{"duration":10,"tweenEasing":0,"x":-5.37,"y":20.59},{"duration":0}],"rotateFrame":[{"duration":5,"tweenEasing":0},{"duration":5,"tweenEasing":0},{"duration":10,"tweenEasing":0,"rotate":4.34},{"duration":0}]},{"name":"shenzi","rotateFrame":[{"duration":3,"rotate":-5.41},{"duration":2,"tweenEasing":0,"rotate":-5.41},{"duration":5,"tweenEasing":0,"rotate":13.46},{"duration":10,"tweenEasing":0,"rotate":11.44},{"duration":0}]},{"name":"niteluo_dj_tou_001","rotateFrame":[{"duration":3,"rotate":19.48},{"duration":2,"tweenEasing":0,"rotate":19.48},{"duration":5,"tweenEasing":0,"rotate":20.94},{"duration":10,"tweenEasing":0,"rotate":-2.99},{"duration":0}]},{"name":"niteluo_dj_gebo_003","translateFrame":[{"duration":3,"tweenEasing":0,"x":-0.2,"y":3.38},{"duration":7,"x":-0.37,"y":6.14},{"duration":10,"tweenEasing":0,"x":-0.37,"y":6.14},{"duration":0}],"rotateFrame":[{"duration":3,"tweenEasing":0,"rotate":45.63},{"duration":2,"rotate":54.27},{"duration":5,"tweenEasing":0,"rotate":54.27},{"duration":10,"tweenEasing":0,"rotate":34.99},{"duration":0}]},{"name":"niteluo_dj_gebo_004","rotateFrame":[{"duration":3},{"duration":2,"tweenEasing":0},{"duration":5,"rotate":10.03},{"duration":10,"tweenEasing":0,"rotate":10.03},{"duration":0}]},{"name":"niteluo_dj_gebo_001","rotateFrame":[{"duration":3,"rotate":-60.37},{"duration":2,"tweenEasing":0,"rotate":-60.37},{"duration":5,"tweenEasing":0,"rotate":-55.02},{"duration":10,"tweenEasing":0,"rotate":-76.17},{"duration":0}]},{"name":"niteluo_dj_gebo_002","rotateFrame":[{"duration":3},{"duration":2,"tweenEasing":0},{"duration":5,"tweenEasing":0,"rotate":-12.95},{"duration":10}]},{"name":"1","translateFrame":[{"duration":3,"tweenEasing":0,"x":1.68,"y":-164.79},{"duration":2,"tweenEasing":0,"x":1.68,"y":-10.88},{"duration":5,"tweenEasing":0,"x":1.68,"y":0.76},{"duration":10,"tweenEasing":0,"x":-1.94,"y":-0.14},{"duration":0}]},{"name":"2","translateFrame":[{"duration":3,"tweenEasing":0,"x":-0.84,"y":-162.26},{"tweenEasing":0,"x":0.75,"y":-8.36},{"tweenEasing":0,"x":1.01,"y":-5.8},{"duration":2,"tweenEasing":0,"x":-0.07,"y":-0.91},{"duration":3,"tweenEasing":0,"x":-0.38,"y":-1.08},{"duration":10,"tweenEasing":0,"x":-0.53,"y":-1.3},{"duration":0}]},{"name":"3","translateFrame":[{"duration":3,"tweenEasing":0,"x":10.93,"y":-192.56},{"duration":2,"tweenEasing":0,"x":4.02,"y":-4.8},{"duration":5,"x":4.02,"y":0.72},{"duration":10,"tweenEasing":0,"x":4.02,"y":0.72},{"duration":0}]},{"name":"4","translateFrame":[{"duration":3,"tweenEasing":0,"x":5.46,"y":-188.19},{"duration":2,"tweenEasing":0,"x":-0.05,"y":-1.8},{"duration":5,"x":-0.05,"y":2.18},{"duration":10,"tweenEasing":0,"x":-0.05,"y":2.18},{"duration":0}]}],"ffd":[{"name":"niteluo_dj_jiao_001","slot":"niteluo_dj_jiao_001","frame":[{"duration":3},{"duration":2,"tweenEasing":0},{"duration":5,"tweenEasing":0,"offset":2,"vertices":[0.36,-1.14,4.87,0.02,4.87,0.02]},{"duration":10,"tweenEasing":0,"offset":4,"vertices":[4.66,0.02,4.66,0.02]},{"duration":0}]}]},{"duration":60,"name":"0001_daiji","bone":[{"name":"niteluo_dj_pigu_001","translateFrame":[{"duration":30,"curve":[0.25,0,0.75,1],"x":8.55,"y":5.08},{"duration":30,"curve":[0.25,0,0.75,1],"x":-7.74,"y":4.65},{"duration":0,"x":8.55,"y":5.08}]},{"name":"niteluo_dj_tou_001","rotateFrame":[{"duration":30,"curve":[0.25,0,0.75,1],"rotate":-2.22},{"duration":30,"curve":[0.25,0,0.75,1],"rotate":1.86},{"duration":0,"rotate":-2.22}]},{"name":"niteluo_dj_gebo_003","rotateFrame":[{"duration":30,"curve":[0.25,0,0.75,1],"rotate":8.1},{"duration":30,"curve":[0.25,0,0.75,1],"rotate":-7.42},{"duration":0,"rotate":8.1}]},{"name":"niteluo_dj_gebo_004","rotateFrame":[{"duration":30,"curve":[0.25,0,0.75,1],"rotate":-1.89},{"duration":30,"curve":[0.25,0,0.75,1],"rotate":2.28},{"duration":0,"rotate":-1.89}]},{"name":"niteluo_dj_gebo_001","rotateFrame":[{"duration":30,"curve":[0.25,0,0.75,1],"rotate":-3.46},{"duration":30,"curve":[0.25,0,0.75,1],"rotate":5.89},{"duration":0,"rotate":-3.46}]},{"name":"niteluo_dj_gebo_002","rotateFrame":[{"duration":30,"curve":[0.25,0,0.75,1],"rotate":-2.6},{"duration":30,"curve":[0.25,0,0.75,1],"rotate":-0.82},{"duration":0,"rotate":-2.6}]},{"name":"3","translateFrame":[{"duration":30,"curve":[0.25,0,0.75,1],"x":-0.23,"y":1.85},{"duration":30,"curve":[0.25,0,0.75,1],"x":0.46,"y":2.08},{"duration":0,"x":-0.23,"y":1.85}]}],"slot":[{"name":"niteluo_dj_biyan_001","displayFrame":[{"duration":9,"value":-1},{"duration":2},{"duration":49,"value":-1}]}]},{"duration":30,"name":"0002_pao","bone":[{"name":"niteluo_dj_pigu_001","translateFrame":[{"duration":5,"tweenEasing":0},{"duration":5,"tweenEasing":0,"y":-3.64},{"duration":5,"tweenEasing":0,"y":-2.91},{"duration":5,"tweenEasing":0},{"duration":5,"tweenEasing":0,"y":-3.64},{"duration":5,"tweenEasing":0,"y":-2.91},{"duration":0}],"rotateFrame":[{"duration":30,"rotate":16.18}]},{"name":"shenzi","rotateFrame":[{"duration":5,"tweenEasing":0},{"duration":5,"tweenEasing":0,"rotate":3.15},{"duration":5,"tweenEasing":0,"rotate":2},{"duration":5,"tweenEasing":0},{"duration":5,"tweenEasing":0,"rotate":3.15},{"duration":5,"tweenEasing":0,"rotate":2},{"duration":0}]},{"name":"niteluo_dj_tou_001","rotateFrame":[{"duration":5,"tweenEasing":0,"rotate":-6.92},{"duration":5,"tweenEasing":0,"rotate":-4.94},{"duration":5,"tweenEasing":0,"rotate":-6.22},{"duration":5,"tweenEasing":0,"rotate":-7.24},{"duration":5,"tweenEasing":0,"rotate":-4.94},{"duration":5,"tweenEasing":0,"rotate":-5.77},{"duration":0,"rotate":-6.92}]},{"name":"niteluo_dj_gebo_003","rotateFrame":[{"duration":5,"tweenEasing":0},{"duration":5,"tweenEasing":0,"rotate":28.2},{"duration":5,"tweenEasing":0,"rotate":44.82},{"duration":5,"tweenEasing":0,"rotate":16.92},{"duration":5,"tweenEasing":0,"rotate":-12.98},{"duration":5,"tweenEasing":0,"rotate":-32.15},{"duration":0}]},{"name":"niteluo_dj_gebo_004","translateFrame":[{"duration":30,"x":0.61,"y":-0.51}],"rotateFrame":[{"duration":5,"tweenEasing":0,"rotate":52.21},{"duration":5,"tweenEasing":0,"rotate":41.5},{"duration":5,"tweenEasing":0,"rotate":23.69},{"duration":5,"tweenEasing":0,"rotate":27.41},{"duration":5,"tweenEasing":0,"rotate":23.35},{"duration":5,"tweenEasing":0,"rotate":30.18},{"duration":0,"rotate":52.21}]},{"name":"niteluo_dj_gebo_001","translateFrame":[{"duration":5,"tweenEasing":0,"x":-1.32,"y":-4.04},{"duration":5,"tweenEasing":0},{"duration":5,"tweenEasing":0},{"duration":5,"tweenEasing":0,"x":-1.09,"y":-3.33},{"duration":5,"tweenEasing":0,"x":-4.67,"y":-21.79},{"duration":5,"tweenEasing":0,"x":-6.48,"y":-24.23},{"duration":0,"x":-1.32,"y":-4.04}],"rotateFrame":[{"duration":5,"tweenEasing":0,"rotate":30.03},{"duration":5,"tweenEasing":0,"rotate":10.39},{"duration":5,"tweenEasing":0,"rotate":-5.62},{"duration":5,"tweenEasing":0,"rotate":33.51},{"duration":5,"tweenEasing":0,"rotate":78.59},{"duration":5,"tweenEasing":0,"rotate":93.82},{"duration":0,"rotate":30.03}]},{"name":"niteluo_dj_gebo_002","translateFrame":[{"duration":30,"x":-0.21,"y":1.03}],"rotateFrame":[{"duration":5,"tweenEasing":0,"rotate":-15.9},{"duration":5,"tweenEasing":0,"rotate":-10.44},{"duration":5,"rotate":-22.01},{"duration":5,"tweenEasing":0,"rotate":-22.01},{"duration":5,"rotate":-45.85},{"duration":5,"tweenEasing":0,"rotate":-45.85},{"duration":0,"rotate":-15.9}]},{"name":"1","translateFrame":[{"duration":5,"tweenEasing":0,"x":21.97,"y":-12.51},{"duration":5,"tweenEasing":0,"x":49.94,"y":-26.4},{"tweenEasing":0,"x":86.31,"y":-14.76},{"tweenEasing":0,"x":74.55,"y":-13.29},{"duration":3,"tweenEasing":0,"x":66.69,"y":-10.81},{"duration":5,"tweenEasing":0,"x":21.9,"y":-2.2},{"duration":5,"tweenEasing":0,"x":-22.87,"y":-6.23},{"duration":5,"tweenEasing":0,"x":-25.38,"y":-33.61},{"duration":0,"x":21.97,"y":-12.51}],"rotateFrame":[{"duration":5,"tweenEasing":0},{"duration":5,"tweenEasing":0},{"duration":2,"tweenEasing":0,"rotate":-3.13},{"duration":3,"tweenEasing":0,"rotate":-3.13},{"duration":15}]},{"name":"niteluo_dj_tui_001","translateFrame":[{"duration":5},{"duration":5,"tweenEasing":0},{"duration":5,"tweenEasing":0,"x":3.07,"y":1.04},{"duration":15}]},{"name":"niteluo_dj_tui_002","translateFrame":[{"duration":5},{"duration":5,"tweenEasing":0},{"duration":5,"tweenEasing":0,"x":5.66,"y":0.65},{"duration":5},{"duration":5,"tweenEasing":0},{"duration":5,"tweenEasing":0,"x":-1.02,"y":-1.72},{"duration":0}]},{"name":"2","translateFrame":[{"duration":5,"tweenEasing":0,"x":9.5,"y":-14.99},{"tweenEasing":0,"x":48.12,"y":-26.51},{"tweenEasing":0,"x":56.82,"y":-25.04},{"tweenEasing":0,"x":67.56,"y":-24.39},{"tweenEasing":0,"x":79.06,"y":-22.08},{"tweenEasing":0,"x":93.25,"y":-24.14},{"tweenEasing":0,"x":103.83,"y":-26.01},{"tweenEasing":0,"x":88.66,"y":-20.31},{"duration":3,"tweenEasing":0,"x":79.43,"y":-16.92},{"tweenEasing":0,"x":29.88,"y":-6.37},{"tweenEasing":0,"x":19.85,"y":-7.18},{"tweenEasing":0,"x":8.24,"y":-7.24},{"tweenEasing":0,"x":-1.25,"y":-8.21},{"tweenEasing":0,"x":-10.3,"y":-10.76},{"tweenEasing":0,"x":-20.26,"y":-14.45},{"tweenEasing":0,"x":-27.98,"y":-17.43},{"tweenEasing":0,"x":-33.37,"y":-20.86},{"tweenEasing":0,"x":-39.65,"y":-27.87},{"tweenEasing":0,"x":-40.44,"y":-34.14},{"duration":5,"tweenEasing":0,"x":-44.89,"y":-43.44},{"duration":0,"x":9.5,"y":-14.99}],"rotateFrame":[{"duration":9,"tweenEasing":0},{"tweenEasing":0},{"duration":2,"tweenEasing":0,"rotate":-3.13},{"duration":3,"tweenEasing":0,"rotate":-3.13},{"duration":15}]},{"name":"3","translateFrame":[{"duration":5,"tweenEasing":0,"x":-21.78,"y":5.98},{"duration":5,"tweenEasing":0,"x":-73.25,"y":-4.23},{"duration":5,"tweenEasing":0,"x":-74.46,"y":-29.91},{"duration":5,"tweenEasing":0,"x":-33.37,"y":-10.96},{"duration":5,"tweenEasing":0,"x":-7.18,"y":-23.84},{"duration":5,"tweenEasing":0,"x":34.61,"y":-3.87},{"duration":0,"x":-21.78,"y":5.98}]},{"name":"niteluo_dj_tui_003","translateFrame":[{"duration":5},{"duration":5,"tweenEasing":0},{"duration":15,"x":-0.87,"y":-4.53},{"duration":5,"tweenEasing":0,"x":-0.87,"y":-4.53},{"duration":0}]},{"name":"4","translateFrame":[{"duration":5,"tweenEasing":0,"x":-24.42,"y":4.92},{"tweenEasing":0,"x":-82.98,"y":0.62},{"tweenEasing":0,"x":-90.8,"y":-2.86},{"duration":3,"tweenEasing":0,"x":-97.22,"y":-7.37},{"duration":5,"tweenEasing":0,"x":-106.34,"y":-29.04},{"duration":5,"tweenEasing":0,"x":-65.26,"y":-10.1},{"tweenEasing":0,"x":-29.8,"y":-17.57},{"tweenEasing":0,"x":-21.71,"y":-14.7},{"tweenEasing":0,"x":-7.97,"y":-10.14},{"tweenEasing":0,"x":5.08,"y":-6.44},{"tweenEasing":0,"x":24.2,"y":-6.87},{"tweenEasing":0,"x":36.12,"y":-8.51},{"duration":4,"tweenEasing":0,"x":22.57,"y":-2.84},{"duration":0,"x":-24.42,"y":4.92}]}],"slot":[{"name":"niteluo_dj_gebo_001","displayFrame":[{"duration":30}]},{"name":"niteluo_dj_gebo_002","displayFrame":[{"duration":30}]},{"name":"niteluo_dj_jiao_001","displayFrame":[{"duration":30}]},{"name":"niteluo_dj_jiao_001-1","displayFrame":[{"duration":30}]},{"name":"niteluo_dj_pigu_001","displayFrame":[{"duration":30}]},{"name":"niteluo_dj_shou_001","displayFrame":[{"duration":30}]},{"name":"niteluo_dj_shou_002","displayFrame":[{"duration":30}]},{"name":"niteluo_dj_tui_001","displayFrame":[{"duration":30}]},{"name":"niteluo_dj_tui_002","displayFrame":[{"duration":30}]},{"name":"niteluo_gj_shou_001","displayFrame":[{"duration":30,"value":-1}]}],"ffd":[{"name":"niteluo_bp_tui_001","slot":"niteluo_dj_tui_001","frame":[{"duration":30,"vertices":[-2.57,-0.43,0,0,0,0,0,0,0,0,0,0,-2.57,-0.43,-2.57,-0.43]}]},{"name":"niteluo_bp_tui_002","slot":"niteluo_dj_tui_002","frame":[{"duration":5,"tweenEasing":0,"offset":2,"vertices":[-2,-1.47,-6.32,-6.87,-6.32,-6.87,-2,-1.47,-6.8,-1.31,-4.57,-0.94,-4.57,-0.94]},{"duration":15,"offset":2,"vertices":[-2,-1.47,-6.32,-6.87,-6.32,-6.87,-2,-1.47,-6.8,-1.31,-4.57,-0.94,-4.57,-0.94,-1.11,1.49]},{"duration":5,"tweenEasing":0,"offset":2,"vertices":[-2,-1.47,-6.32,-6.87,-6.32,-6.87,-2,-1.47,-6.8,-1.31,-4.57,-0.94,-4.57,-0.94,-1.11,1.49]},{"duration":5,"tweenEasing":0,"offset":2,"vertices":[-2,-1.47,-3.09,-8.07,-6.32,-6.87,-2,-1.47,-6.8,-1.31,-4.57,-0.94,-4.57,-0.94,-1.11,1.49]},{"duration":0,"offset":2,"vertices":[-2,-1.47,-6.32,-6.87,-6.32,-6.87,-2,-1.47,-6.8,-1.31,-4.57,-0.94,-4.57,-0.94]}]},{"name":"niteluo_dj_tui_003","slot":"niteluo_dj_tui_003","frame":[{"duration":5,"tweenEasing":0},{"duration":20,"offset":4,"vertices":[2.78,-4.36,-1.07,-0.18,-1.07,-0.18]},{"duration":5,"tweenEasing":0,"offset":4,"vertices":[2.78,-4.36,-1.07,-0.18,-1.07,-0.18]},{"duration":0}]},{"name":"niteluo_dj_tui_004","slot":"niteluo_dj_tui_004","frame":[{"duration":5,"tweenEasing":0},{"duration":20,"offset":4,"vertices":[-2.97,-0.49,-2.97,-0.49,-6.92,-0.28,-7.17,0.72]},{"duration":5,"tweenEasing":0,"offset":4,"vertices":[-2.97,-0.49,-2.97,-0.49,-6.92,-0.28,-7.17,0.72]},{"duration":0}]}]},{"duration":20,"name":"0003_chongci","bone":[{"name":"niteluo_dj_gebo_001","translateFrame":[{"duration":20,"x":1.86,"y":-15.8}],"rotateFrame":[{"duration":3,"tweenEasing":0,"rotate":78.06},{"duration":4,"tweenEasing":0,"rotate":76.16},{"duration":3,"tweenEasing":0,"rotate":76.84},{"duration":3,"tweenEasing":0,"rotate":78.07},{"duration":3,"tweenEasing":0,"rotate":76.16},{"duration":4,"tweenEasing":0,"rotate":76.84},{"duration":0,"rotate":78.06}]},{"name":"shenzi","rotateFrame":[{"duration":3,"tweenEasing":0,"rotate":2.22},{"duration":4,"tweenEasing":0,"rotate":3.9},{"duration":3,"tweenEasing":0,"rotate":2.84},{"duration":3,"tweenEasing":0,"rotate":2.22},{"duration":3,"tweenEasing":0,"rotate":3.9},{"duration":4,"tweenEasing":0,"rotate":2.84},{"duration":0,"rotate":2.22}]},{"name":"3","translateFrame":[{"duration":3,"tweenEasing":0,"x":-21.78,"y":5.98},{"duration":4,"tweenEasing":0,"x":-73.25,"y":-4.98},{"duration":3,"tweenEasing":0,"x":-74.46,"y":-29.91},{"duration":3,"tweenEasing":0,"x":-33.37,"y":-10.96},{"duration":3,"tweenEasing":0,"x":-7.18,"y":-24.59},{"duration":4,"tweenEasing":0,"x":34.61,"y":-3.87},{"duration":0,"x":-21.78,"y":5.98}]},{"name":"4","translateFrame":[{"duration":3,"tweenEasing":0,"x":-24.42,"y":4.92},{"tweenEasing":0,"x":-82.98,"y":-0.12},{"tweenEasing":0,"x":-90.8,"y":-2.86},{"duration":2,"tweenEasing":0,"x":-93.25,"y":-9.51},{"duration":3,"tweenEasing":0,"x":-106.34,"y":-29.04},{"duration":3,"tweenEasing":0,"x":-65.26,"y":-10.1},{"tweenEasing":0,"x":-29.8,"y":-18.32},{"tweenEasing":0,"x":-6.41,"y":-11.03},{"tweenEasing":0,"x":19.46,"y":-9.81},{"tweenEasing":0,"x":36.12,"y":-8.51},{"duration":3,"tweenEasing":0,"x":22.57,"y":-2.84},{"duration":0,"x":-24.42,"y":4.92}]},{"name":"2","translateFrame":[{"duration":3,"tweenEasing":0,"x":9.5,"y":-14.99},{"tweenEasing":0,"x":48.12,"y":-27.26},{"tweenEasing":0,"x":56.82,"y":-25.04},{"tweenEasing":0,"x":70.78,"y":-24.15},{"tweenEasing":0,"x":79.26,"y":-21.81},{"tweenEasing":0,"x":92.81,"y":-21.86},{"duration":2,"tweenEasing":0,"x":80.98,"y":-16.14},{"tweenEasing":0,"x":29.88,"y":-6.37},{"tweenEasing":0,"x":8.24,"y":-7.24},{"tweenEasing":0,"x":-5.4,"y":-13.39},{"tweenEasing":0,"x":-18.71,"y":-21.67},{"tweenEasing":0,"x":-26.11,"y":-25.52},{"tweenEasing":0,"x":-33.43,"y":-31.23},{"duration":4,"tweenEasing":0,"x":-38.37,"y":-37.51},{"duration":0,"x":9.5,"y":-14.99}],"rotateFrame":[{"duration":6,"tweenEasing":0},{"tweenEasing":0},{"tweenEasing":0,"rotate":-3.13},{"duration":2,"tweenEasing":0,"rotate":-3.13},{"duration":10}]},{"name":"niteluo_dj_gebo_003","translateFrame":[{"duration":20,"x":-0.99,"y":6.08}],"rotateFrame":[{"duration":3,"tweenEasing":0,"rotate":52.51},{"duration":4,"tweenEasing":0,"rotate":50.93},{"duration":3,"tweenEasing":0,"rotate":51.28},{"duration":3,"tweenEasing":0,"rotate":52.52},{"duration":3,"tweenEasing":0,"rotate":50.93},{"duration":4,"tweenEasing":0,"rotate":51.28},{"duration":0,"rotate":52.51}]},{"name":"niteluo_dj_tui_003","translateFrame":[{"duration":3},{"duration":4,"tweenEasing":0},{"duration":9,"x":-0.87,"y":-4.53},{"duration":4,"tweenEasing":0,"x":-0.87,"y":-4.53},{"duration":0}]},{"name":"niteluo_dj_tui_002","translateFrame":[{"duration":3},{"duration":4,"tweenEasing":0},{"duration":3,"tweenEasing":0,"x":5.66,"y":0.65},{"duration":3},{"duration":3,"tweenEasing":0},{"duration":4,"tweenEasing":0,"x":-1.02,"y":-1.72},{"duration":0}]},{"name":"niteluo_dj_tui_001","translateFrame":[{"duration":3},{"duration":4,"tweenEasing":0},{"duration":3,"tweenEasing":0,"x":3.07,"y":1.04},{"duration":10}]},{"name":"niteluo_dj_gebo_004","translateFrame":[{"duration":20,"x":0.61,"y":-0.51}],"rotateFrame":[{"duration":20,"rotate":78.3}]},{"name":"1","translateFrame":[{"duration":3,"tweenEasing":0,"x":21.97,"y":-12.51},{"duration":4,"tweenEasing":0,"x":49.94,"y":-27.14},{"tweenEasing":0,"x":77.92,"y":-13.55},{"duration":2,"tweenEasing":0,"x":68.24,"y":-10.04},{"duration":3,"tweenEasing":0,"x":21.9,"y":-2.2},{"duration":3,"tweenEasing":0,"x":-17.69,"y":-16.04},{"duration":4,"tweenEasing":0,"x":-25.38,"y":-33.61},{"duration":0,"x":21.97,"y":-12.51}],"rotateFrame":[{"duration":3,"tweenEasing":0},{"duration":4,"tweenEasing":0},{"tweenEasing":0,"rotate":-3.13},{"duration":2,"tweenEasing":0,"rotate":-3.13},{"duration":10}]},{"name":"niteluo_dj_pigu_001","translateFrame":[{"duration":3,"tweenEasing":0,"x":3.99,"y":-3.99},{"duration":4,"tweenEasing":0,"x":3.99,"y":-8.38},{"duration":3,"tweenEasing":0,"x":3.99,"y":-6.91},{"duration":3,"tweenEasing":0,"x":3.99,"y":-3.99},{"duration":3,"tweenEasing":0,"x":3.99,"y":-8.38},{"duration":4,"tweenEasing":0,"x":3.99,"y":-6.91},{"duration":0,"x":3.99,"y":-3.99}],"rotateFrame":[{"duration":20,"rotate":24.41}]},{"name":"niteluo_dj_tou_001","rotateFrame":[{"duration":3,"tweenEasing":0,"rotate":-6.92},{"duration":4,"tweenEasing":0,"rotate":-4.94},{"duration":3,"tweenEasing":0,"rotate":-6.22},{"duration":3,"tweenEasing":0,"rotate":-7.24},{"duration":3,"tweenEasing":0,"rotate":-4.94},{"duration":4,"tweenEasing":0,"rotate":-5.77},{"duration":0,"rotate":-6.92}]},{"name":"niteluo_dj_gebo_002","translateFrame":[{"duration":20,"x":-0.21,"y":1.03}],"rotateFrame":[{"duration":20,"rotate":37.03}]}],"slot":[{"name":"niteluo_dj_gebo_001","displayFrame":[{"duration":20}]},{"name":"niteluo_dj_gebo_002","displayFrame":[{"duration":20}]},{"name":"niteluo_dj_jiao_001","displayFrame":[{"duration":20}]},{"name":"niteluo_dj_jiao_001-1","displayFrame":[{"duration":20}]},{"name":"niteluo_dj_pigu_001","displayFrame":[{"duration":20}]},{"name":"niteluo_dj_shou_001","displayFrame":[{"duration":20}]},{"name":"niteluo_dj_shou_002","displayFrame":[{"duration":20}]},{"name":"niteluo_dj_tui_001","displayFrame":[{"duration":20}]},{"name":"niteluo_dj_tui_002","displayFrame":[{"duration":20}]},{"name":"niteluo_gj_shou_001","displayFrame":[{"duration":20,"value":-1}]}],"ffd":[{"name":"niteluo_bp_tui_001","slot":"niteluo_dj_tui_001","frame":[{"duration":20,"vertices":[-2.57,-0.43,0,0,0,0,0,0,0,0,0,0,-2.57,-0.43,-2.57,-0.43]}]},{"name":"niteluo_bp_tui_002","slot":"niteluo_dj_tui_002","frame":[{"duration":3,"tweenEasing":0,"offset":2,"vertices":[-2,-1.47,-6.32,-6.87,-6.32,-6.87,-2,-1.47,-6.8,-1.31,-4.57,-0.94,-4.57,-0.94]},{"duration":10,"offset":2,"vertices":[-2,-1.47,-6.32,-6.87,-6.32,-6.87,-2,-1.47,-6.8,-1.31,-4.57,-0.94,-4.57,-0.94,-1.11,1.49]},{"duration":3,"tweenEasing":0,"offset":2,"vertices":[-2,-1.47,-6.32,-6.87,-6.32,-6.87,-2,-1.47,-6.8,-1.31,-4.57,-0.94,-4.57,-0.94,-1.11,1.49]},{"duration":4,"tweenEasing":0,"offset":2,"vertices":[-2,-1.47,-3.09,-8.07,-6.32,-6.87,-2,-1.47,-6.8,-1.31,-4.57,-0.94,-4.57,-0.94,-1.11,1.49]},{"duration":0,"offset":2,"vertices":[-2,-1.47,-6.32,-6.87,-6.32,-6.87,-2,-1.47,-6.8,-1.31,-4.57,-0.94,-4.57,-0.94]}]},{"name":"niteluo_dj_tui_003","slot":"niteluo_dj_tui_003","frame":[{"duration":3,"tweenEasing":0},{"duration":13,"offset":4,"vertices":[2.78,-4.36,-1.07,-0.18,-1.07,-0.18]},{"duration":4,"tweenEasing":0,"offset":4,"vertices":[2.78,-4.36,-1.07,-0.18,-1.07,-0.18]},{"duration":0}]},{"name":"niteluo_dj_tui_004","slot":"niteluo_dj_tui_004","frame":[{"duration":3,"tweenEasing":0},{"duration":13,"offset":4,"vertices":[-2.97,-0.49,-2.97,-0.49,-6.92,-0.28,-7.17,0.72]},{"duration":4,"tweenEasing":0,"offset":4,"vertices":[-2.97,-0.49,-2.97,-0.49,-6.92,-0.28,-7.17,0.72]},{"duration":0}]}]},{"duration":28,"name":"0004_tiao","bone":[{"name":"niteluo_dj_pigu_001","translateFrame":[{"duration":5,"tweenEasing":0,"x":-4.91,"y":39.07},{"duration":5,"tweenEasing":0,"x":-8.07,"y":-21.83},{"duration":5,"tweenEasing":0,"x":-8.07,"y":-165.38},{"duration":5,"tweenEasing":0,"x":-8.07,"y":-159.58},{"tweenEasing":0,"x":-8.07,"y":-76.68},{"tweenEasing":0,"x":-8.07,"y":-62.41},{"tweenEasing":0,"x":-8.07,"y":-48.15},{"duration":2,"tweenEasing":0,"x":-8.07,"y":-33.88},{"duration":2,"tweenEasing":0,"x":-8.07,"y":-5.35},{"x":-4.91,"y":39.07}],"rotateFrame":[{"duration":5,"tweenEasing":0},{"duration":5,"tweenEasing":0},{"duration":5,"tweenEasing":0,"rotate":-1.48},{"duration":10,"tweenEasing":0,"rotate":3.59},{"duration":2,"tweenEasing":0,"rotate":3.59},{}]},{"name":"shenzi","translateFrame":[{"duration":5,"tweenEasing":0,"x":1.69,"y":2.97},{"duration":20,"tweenEasing":0,"x":0.86,"y":1.72},{"duration":2,"tweenEasing":0,"x":0.86,"y":1.72},{"x":1.69,"y":2.97}],"rotateFrame":[{"duration":5,"tweenEasing":0,"rotate":16.31},{"duration":5,"tweenEasing":0,"rotate":2.33},{"duration":5,"tweenEasing":0,"rotate":-6.54},{"duration":5,"tweenEasing":0,"rotate":-3.88},{"tweenEasing":0,"rotate":0.07},{"tweenEasing":0,"rotate":1.45},{"tweenEasing":0,"rotate":2.83},{"duration":2,"tweenEasing":0,"rotate":4.2},{"duration":2,"tweenEasing":0,"rotate":6.96},{"rotate":16.31}]},{"name":"niteluo_dj_tou_001","rotateFrame":[{"duration":5,"tweenEasing":0,"rotate":2.3},{"duration":5,"tweenEasing":0,"rotate":-3.37},{"duration":5,"tweenEasing":0,"rotate":-5.35},{"duration":10,"rotate":-0.09},{"duration":2,"tweenEasing":0,"rotate":-0.09},{"rotate":2.3}]},{"name":"niteluo_dj_gebo_003","rotateFrame":[{"duration":5,"tweenEasing":0,"rotate":12.06},{"duration":5,"tweenEasing":0,"rotate":31.93},{"duration":5,"tweenEasing":0,"rotate":57.64},{"duration":5,"tweenEasing":0,"rotate":39.88},{"tweenEasing":0,"rotate":27},{"tweenEasing":0,"rotate":26.4},{"tweenEasing":0,"rotate":25.81},{"duration":2,"tweenEasing":0,"rotate":25.23},{"duration":2,"tweenEasing":0,"rotate":24.05},{"tweenEasing":0,"rotate":12.07},{"duration":0,"rotate":12.06}]},{"name":"niteluo_dj_gebo_004","rotateFrame":[{"duration":5,"tweenEasing":0,"rotate":12.15},{"duration":5,"tweenEasing":0,"rotate":47.36},{"duration":5,"tweenEasing":0,"rotate":59.63},{"duration":5,"tweenEasing":0,"rotate":36.72},{"tweenEasing":0,"rotate":30.58},{"tweenEasing":0,"rotate":29.15},{"tweenEasing":0,"rotate":27.72},{"duration":2,"tweenEasing":0,"rotate":26.29},{"duration":2,"tweenEasing":0,"rotate":23.44},{"rotate":12.15}]},{"name":"niteluo_dj_gebo_001","rotateFrame":[{"duration":5,"rotate":21.89},{"duration":5,"tweenEasing":0,"rotate":21.89},{"duration":5,"tweenEasing":0,"rotate":72.22},{"duration":5,"tweenEasing":0,"rotate":40.5},{"duration":5,"rotate":30.06},{"duration":2,"tweenEasing":0,"rotate":30.06},{"rotate":21.89}]},{"name":"niteluo_dj_gebo_002","rotateFrame":[{"duration":5,"tweenEasing":0,"rotate":-44.68},{"duration":5,"rotate":7.54},{"duration":5,"tweenEasing":0,"rotate":7.54},{"duration":5,"tweenEasing":0,"rotate":1.71},{"tweenEasing":0,"rotate":-11.34},{"tweenEasing":0,"rotate":-12.27},{"tweenEasing":0,"rotate":-13.2},{"duration":2,"tweenEasing":0,"rotate":-14.12},{"duration":2,"tweenEasing":0,"rotate":-15.98},{"rotate":-44.68}]},{"name":"niteluo_dj_shou_002","translateFrame":[{"duration":28,"x":-0.44,"y":-0.83}],"rotateFrame":[{"duration":28,"rotate":5.4}]},{"name":"1","translateFrame":[{"tweenEasing":0},{"duration":4,"tweenEasing":0,"x":-0.6,"y":-0.65},{"duration":5,"tweenEasing":0,"x":-3.03,"y":-14.56},{"duration":5,"tweenEasing":0,"x":-8.72,"y":-168.44},{"duration":5,"tweenEasing":0,"x":-0.34,"y":-157.98},{"tweenEasing":0,"x":3.17,"y":-73.48},{"tweenEasing":0,"x":3.52,"y":-59.06},{"tweenEasing":0,"x":3.7,"y":-44.72},{"duration":2,"tweenEasing":0,"x":3.83,"y":-30.24},{"duration":2,"tweenEasing":0,"x":3.17,"y":-12.06},{}]},{"name":"2","translateFrame":[{"tweenEasing":0},{"duration":4,"tweenEasing":0,"x":-0.05,"y":-1.49},{"duration":5,"tweenEasing":0,"x":-0.28,"y":-10.27},{"duration":5,"tweenEasing":0,"x":-19.85,"y":-163.61},{"duration":5,"tweenEasing":0,"x":-2.13,"y":-150.62},{"tweenEasing":0,"x":-0.16,"y":-64.78},{"tweenEasing":0,"x":-0.88,"y":-48.21},{"tweenEasing":0,"x":0.18,"y":-34.5},{"duration":2,"tweenEasing":0,"x":1.15,"y":-18.45},{"duration":2,"tweenEasing":0,"x":-0.16,"y":-3.36},{}],"rotateFrame":[{"tweenEasing":0},{"duration":4,"tweenEasing":0},{"duration":20,"tweenEasing":0,"rotate":0.29},{"duration":2,"tweenEasing":0,"rotate":0.29},{}]},{"name":"niteluo_dj_jiao_001","translateFrame":[{"duration":5,"tweenEasing":0},{"duration":20,"x":0.98,"y":0.08},{"duration":2,"tweenEasing":0,"x":0.98,"y":0.08},{}]},{"name":"3","translateFrame":[{"tweenEasing":0},{"tweenEasing":0,"x":0.81,"y":-0.52},{"tweenEasing":0,"x":0.92,"y":-2.45},{"tweenEasing":0,"x":0.74,"y":-3.51},{"tweenEasing":0,"x":-0.04,"y":-5},{"tweenEasing":0,"x":2.05,"y":-11.74},{"duration":4,"tweenEasing":0,"x":1.8,"y":-40.42},{"duration":5,"tweenEasing":0,"x":-23.22,"y":-168.29},{"duration":5,"tweenEasing":0,"x":-9.96,"y":-157.85},{"tweenEasing":0,"x":-3.78,"y":-74.26},{"tweenEasing":0,"x":-2.55,"y":-60.68},{"tweenEasing":0,"x":-1.33,"y":-47.09},{"duration":2,"tweenEasing":0,"x":-0.1,"y":-33.5},{"duration":2,"tweenEasing":0,"x":2.34,"y":-6.33},{}]},{"name":"niteluo_dj_tui_003","translateFrame":[{"duration":5,"tweenEasing":0},{"duration":20,"x":-0.62,"y":-3.43},{"duration":2,"tweenEasing":0,"x":-0.62,"y":-3.43},{}]},{"name":"4","translateFrame":[{"tweenEasing":0},{"tweenEasing":0,"x":-1.72,"y":0.02},{"tweenEasing":0,"x":-3.23,"y":-0.17},{"tweenEasing":0,"x":-4.03,"y":-0.54},{"tweenEasing":0,"x":-4.84,"y":-2.05},{"tweenEasing":0,"x":-1.59,"y":-10.94},{"duration":4,"tweenEasing":0,"x":-3.45,"y":-37.95},{"duration":5,"tweenEasing":0,"x":-34.43,"y":-162.68},{"duration":5,"tweenEasing":0,"x":-19.57,"y":-153.3},{"tweenEasing":0,"x":-15.69,"y":-69.75},{"tweenEasing":0,"x":-13.24,"y":-56.54},{"tweenEasing":0,"x":-10.79,"y":-43.34},{"duration":2,"tweenEasing":0,"x":-8.34,"y":-30.14},{"duration":2,"tweenEasing":0,"x":-3.43,"y":-3.73},{}]},{"name":"niteluo_dj_jiao_002","translateFrame":[{"duration":5,"tweenEasing":0},{"duration":20,"x":-1.47,"y":-0.12},{"duration":2,"tweenEasing":0,"x":-1.47,"y":-0.12},{}]}],"slot":[{"name":"niteluo_dj_gebo_001","displayFrame":[{"duration":28}]},{"name":"niteluo_dj_gebo_002","displayFrame":[{"duration":28}]},{"name":"niteluo_dj_shou_002","displayFrame":[{"duration":28}]}],"ffd":[{"name":"niteluo_bp_gebo_001","slot":"niteluo_dj_gebo_001","frame":[{"duration":5},{"duration":5,"tweenEasing":0},{"duration":5,"vertices":[10.54,6.46,0,0,0,0,0,0,0,0,0,0,10.54,6.46,10.54,6.46]},{"duration":5,"tweenEasing":0,"vertices":[10.54,6.46,0,0,0,0,0,0,0,0,0,0,10.54,6.46,10.54,6.46]},{"duration":8}]},{"name":"niteluo_dj_tui_002","slot":"niteluo_dj_tui_002","frame":[{"duration":5,"tweenEasing":0,"vertices":[2.79,5.19,0.47,4.9,0.47,4.9,0.47,4.9,0.47,4.9,0.47,4.9,0.47,4.9,2.79,5.19,2.79,5.19]},{"duration":15},{"duration":3,"tweenEasing":0},{"duration":4,"tweenEasing":0,"vertices":[0.66,0.15,-0.33,0.02,-0.33,0.02,-0.33,0.02,-0.33,0.02,-0.33,0.02,-0.33,0.02,0.66,0.15,0.66,0.15]},{"vertices":[2.79,5.19,0.47,4.9,0.47,4.9,0.47,4.9,0.47,4.9,0.47,4.9,0.47,4.9,2.79,5.19,2.79,5.19]}]},{"name":"niteluo_dj_tui_003","slot":"niteluo_dj_tui_003","frame":[{"duration":5,"tweenEasing":0},{"duration":22,"tweenEasing":0,"offset":4,"vertices":[0.16,-4.55,-1.65,-1.38,-1.65,-1.38]},{}]},{"name":"niteluo_dj_tui_004","slot":"niteluo_dj_tui_004","frame":[{"duration":5,"tweenEasing":0},{"duration":22,"tweenEasing":0,"offset":4,"vertices":[-3.7,0.47,-3.7,0.47,-5.69,1.27,-3.05,0.13]},{}]}]},{"duration":3,"name":"0005_tiaoyueshang","bone":[{"name":"niteluo_dj_tou_001","rotateFrame":[{"duration":3,"rotate":13.01}]},{"name":"1","translateFrame":[{"duration":3,"x":14.38,"y":-17.37}]},{"name":"2","translateFrame":[{"duration":3,"x":16.56,"y":-16.45}],"rotateFrame":[{"duration":3,"rotate":0.29}]},{"name":"niteluo_dj_jiao_001","translateFrame":[{"duration":3,"x":0.98,"y":0.08}]},{"name":"niteluo_dj_gebo_002","rotateFrame":[{"duration":3,"rotate":7.54}]},{"name":"3","translateFrame":[{"duration":3,"x":-17.61,"y":-28.03}]},{"name":"niteluo_dj_shou_002","translateFrame":[{"duration":3,"x":-0.44,"y":-0.83}],"rotateFrame":[{"duration":3,"rotate":5.4}]},{"name":"niteluo_dj_gebo_001","rotateFrame":[{"duration":3,"rotate":27.75}]},{"name":"shenzi","translateFrame":[{"duration":3,"x":0.86,"y":1.72}],"rotateFrame":[{"duration":3,"rotate":-2.47}]},{"name":"niteluo_dj_tui_003","translateFrame":[{"duration":3,"x":-0.62,"y":-3.43}]},{"name":"niteluo_dj_pigu_001","translateFrame":[{"duration":3,"x":-8.07,"y":-21.83}]},{"name":"4","translateFrame":[{"duration":3,"x":-30.25,"y":-24.42}]},{"name":"niteluo_dj_jiao_002","translateFrame":[{"duration":3,"x":-1.47,"y":-0.12}]},{"name":"niteluo_dj_gebo_003","translateFrame":[{"duration":3,"x":2.14,"y":6.03}],"rotateFrame":[{"duration":3,"rotate":31.93}]},{"name":"niteluo_dj_gebo_004","rotateFrame":[{"duration":3,"rotate":47.36}]}],"slot":[{"name":"niteluo_dj_gebo_001","displayFrame":[{"duration":3}]},{"name":"niteluo_dj_gebo_002","displayFrame":[{"duration":3}]},{"name":"niteluo_dj_shou_001","displayFrame":[{"duration":3}]},{"name":"niteluo_dj_shou_002","displayFrame":[{"duration":3}]},{"name":"niteluo_gj_shou_001","displayFrame":[{"duration":3,"value":-1}]}],"ffd":[{"name":"niteluo_dj_tui_003","slot":"niteluo_dj_tui_003","frame":[{"duration":3,"offset":4,"vertices":[0.16,-4.55,-1.65,-1.38,-1.65,-1.38]}]},{"name":"niteluo_dj_tui_004","slot":"niteluo_dj_tui_004","frame":[{"duration":3,"offset":4,"vertices":[-3.7,0.47,-3.7,0.47,-5.69,1.27,-3.05,0.13]}]}]},{"duration":3,"name":"0006_tiaoyuezhong","bone":[{"name":"niteluo_dj_gebo_002","rotateFrame":[{"duration":3,"rotate":7.54}]},{"name":"niteluo_dj_tou_001","rotateFrame":[{"duration":3,"rotate":13.01}]},{"name":"1","translateFrame":[{"duration":3,"x":14.38,"y":-17.37}]},{"name":"niteluo_dj_gebo_004","rotateFrame":[{"duration":3,"rotate":47.36}]},{"name":"3","translateFrame":[{"duration":3,"x":-17.61,"y":-28.03}]},{"name":"niteluo_dj_tui_003","translateFrame":[{"duration":3,"x":-0.62,"y":-3.43}]},{"name":"niteluo_dj_shou_002","translateFrame":[{"duration":3,"x":-0.44,"y":-0.83}],"rotateFrame":[{"duration":3,"rotate":5.4}]},{"name":"2","translateFrame":[{"duration":3,"x":16.56,"y":-16.45}],"rotateFrame":[{"duration":3,"rotate":0.29}]},{"name":"niteluo_dj_jiao_002","translateFrame":[{"duration":3,"x":-1.47,"y":-0.12}]},{"name":"4","translateFrame":[{"duration":3,"x":-30.25,"y":-24.42}]},{"name":"niteluo_dj_gebo_003","translateFrame":[{"duration":3,"x":2.14,"y":6.03}],"rotateFrame":[{"duration":3,"rotate":31.93}]},{"name":"niteluo_dj_gebo_001","rotateFrame":[{"duration":3,"rotate":27.75}]},{"name":"shenzi","translateFrame":[{"duration":3,"x":0.86,"y":1.72}],"rotateFrame":[{"duration":3,"rotate":-2.47}]},{"name":"niteluo_dj_jiao_001","translateFrame":[{"duration":3,"x":0.98,"y":0.08}]},{"name":"niteluo_dj_pigu_001","translateFrame":[{"duration":3,"x":-8.07,"y":-21.83}]}],"slot":[{"name":"niteluo_dj_gebo_001","displayFrame":[{"duration":3}]},{"name":"niteluo_dj_gebo_002","displayFrame":[{"duration":3}]},{"name":"niteluo_dj_shou_001","displayFrame":[{"duration":3}]},{"name":"niteluo_dj_shou_002","displayFrame":[{"duration":3}]},{"name":"niteluo_gj_shou_001","displayFrame":[{"duration":3,"value":-1}]}],"ffd":[{"name":"niteluo_dj_tui_003","slot":"niteluo_dj_tui_003","frame":[{"duration":3,"offset":4,"vertices":[0.16,-4.55,-1.65,-1.38,-1.65,-1.38]}]},{"name":"niteluo_dj_tui_004","slot":"niteluo_dj_tui_004","frame":[{"duration":3,"offset":4,"vertices":[-3.7,0.47,-3.7,0.47,-5.69,1.27,-3.05,0.13]}]}]},{"duration":3,"name":"0007_tiaoyuexia","bone":[{"name":"niteluo_dj_gebo_004","rotateFrame":[{"duration":3,"rotate":47.36}]},{"name":"2","translateFrame":[{"duration":3,"x":16.56,"y":-16.45}],"rotateFrame":[{"duration":3,"rotate":0.29}]},{"name":"niteluo_dj_tui_003","translateFrame":[{"duration":3,"x":-0.62,"y":-3.43}]},{"name":"4","translateFrame":[{"duration":3,"x":-30.25,"y":-24.42}]},{"name":"shenzi","translateFrame":[{"duration":3,"x":0.86,"y":1.72}],"rotateFrame":[{"duration":3,"rotate":-2.47}]},{"name":"niteluo_dj_gebo_002","rotateFrame":[{"duration":3,"rotate":7.54}]},{"name":"niteluo_dj_tou_001","rotateFrame":[{"duration":3,"rotate":13.01}]},{"name":"niteluo_dj_gebo_001","rotateFrame":[{"duration":3,"rotate":27.75}]},{"name":"1","translateFrame":[{"duration":3,"x":14.38,"y":-17.37}]},{"name":"niteluo_dj_pigu_001","translateFrame":[{"duration":3,"x":-8.07,"y":-21.83}]},{"name":"niteluo_dj_gebo_003","translateFrame":[{"duration":3,"x":2.14,"y":6.03}],"rotateFrame":[{"duration":3,"rotate":31.93}]},{"name":"3","translateFrame":[{"duration":3,"x":-17.61,"y":-28.03}]},{"name":"niteluo_dj_shou_002","translateFrame":[{"duration":3,"x":-0.44,"y":-0.83}],"rotateFrame":[{"duration":3,"rotate":5.4}]},{"name":"niteluo_dj_jiao_002","translateFrame":[{"duration":3,"x":-1.47,"y":-0.12}]},{"name":"niteluo_dj_jiao_001","translateFrame":[{"duration":3,"x":0.98,"y":0.08}]}],"slot":[{"name":"niteluo_dj_gebo_001","displayFrame":[{"duration":3}]},{"name":"niteluo_dj_gebo_002","displayFrame":[{"duration":3}]},{"name":"niteluo_dj_shou_001","displayFrame":[{"duration":3}]},{"name":"niteluo_dj_shou_002","displayFrame":[{"duration":3}]},{"name":"niteluo_gj_shou_001","displayFrame":[{"duration":3,"value":-1}]}],"ffd":[{"name":"niteluo_dj_tui_003","slot":"niteluo_dj_tui_003","frame":[{"duration":3,"offset":4,"vertices":[0.16,-4.55,-1.65,-1.38,-1.65,-1.38]}]},{"name":"niteluo_dj_tui_004","slot":"niteluo_dj_tui_004","frame":[{"duration":3,"offset":4,"vertices":[-3.7,0.47,-3.7,0.47,-5.69,1.27,-3.05,0.13]}]}]},{"duration":15,"name":"0008_shouji1","bone":[{"name":"niteluo_dj_pigu_001","translateFrame":[{"duration":3,"curve":[0.25,0,0.75,1]},{"duration":5,"curve":[0.25,0,0.75,1],"x":-18.53,"y":-2.85},{"duration":7,"curve":[0.25,0,0.75,1],"x":-9.26,"y":-2.13},{"duration":0}],"rotateFrame":[{"duration":3,"curve":[0.25,0,0.75,1]},{"duration":5,"curve":[0.25,0,0.75,1],"rotate":7.91},{"duration":7,"curve":[0.25,0,0.75,1],"rotate":1.72},{"duration":0}]},{"name":"shenzi","rotateFrame":[{"duration":3,"curve":[0.25,0,0.75,1]},{"duration":5,"curve":[0.25,0,0.75,1],"rotate":2.64},{"duration":7,"curve":[0.25,0,0.75,1],"rotate":-16.18},{"duration":0}]},{"name":"niteluo_dj_tou_001","rotateFrame":[{"duration":3,"curve":[0.25,0,0.75,1]},{"duration":5,"curve":[0.25,0,0.75,1],"rotate":5.16},{"duration":7,"curve":[0.25,0,0.75,1],"rotate":-6.74},{"duration":0,"rotate":-0.02}]},{"name":"niteluo_dj_biyan_001","rotateFrame":[{"duration":8},{"duration":7,"curve":[0.25,0,0.75,1]},{"duration":0,"rotate":0.01}]},{"name":"niteluo_dj_gebo_003","rotateFrame":[{"duration":3,"curve":[0.25,0,0.75,1]},{"duration":5,"curve":[0.25,0,0.75,1],"rotate":24.95},{"duration":7,"curve":[0.25,0,0.75,1],"rotate":24.94},{"duration":0,"rotate":-0.02}]},{"name":"niteluo_dj_gebo_004","translateFrame":[{"duration":8,"curve":[0.25,0,0.75,1]},{"duration":7,"curve":[0.25,0,0.75,1]},{"duration":0,"y":0.01}],"rotateFrame":[{"duration":3,"curve":[0.25,0,0.75,1]},{"duration":5,"curve":[0.25,0,0.75,1],"rotate":18.96},{"duration":7,"curve":[0.25,0,0.75,1],"rotate":28.88},{"duration":0,"rotate":-0.07}]},{"name":"niteluo_dj_shou_001","translateFrame":[{"duration":8},{"duration":7,"curve":[0.25,0,0.75,1]},{"duration":0,"y":0.05}],"rotateFrame":[{"duration":8},{"duration":7,"curve":[0.25,0,0.75,1]},{"duration":0,"rotate":0.3}]},{"name":"niteluo_dj_gebo_001","rotateFrame":[{"duration":3,"curve":[0.25,0,0.75,1]},{"duration":5,"curve":[0.25,0,0.75,1],"rotate":-21.6},{"duration":4,"curve":[0.25,0,0.75,1],"rotate":23.33},{"duration":3,"curve":[0.25,0,0.75,1],"rotate":9.57},{"duration":0,"rotate":-0.28}]},{"name":"niteluo_dj_gebo_002","translateFrame":[{"duration":8,"curve":[0.25,0,0.75,1]},{"duration":7,"curve":[0.25,0,0.75,1]},{"duration":0,"y":0.12}],"rotateFrame":[{"duration":3,"curve":[0.25,0,0.75,1],"rotate":-0.06},{"duration":5,"curve":[0.25,0,0.75,1]},{"duration":7,"curve":[0.25,0,0.75,1],"rotate":13.27},{"duration":0,"rotate":0.61}]},{"name":"niteluo_dj_shou_002","translateFrame":[{"duration":8,"curve":[0.25,0,0.75,1]},{"duration":7,"curve":[0.25,0,0.75,1]},{"duration":0,"y":-0.11}],"rotateFrame":[{"duration":3,"curve":[0.25,0,0.75,1],"rotate":-0.06},{"duration":5},{"duration":7,"curve":[0.25,0,0.75,1]},{"duration":0,"rotate":-0.66}]},{"name":"niteluo_dj_tui_001","rotateFrame":[{"duration":8},{"duration":7,"curve":[0.25,0,0.75,1]},{"duration":0,"rotate":-1.02}]},{"name":"niteluo_dj_tui_002","rotateFrame":[{"duration":8},{"duration":7,"curve":[0.25,0,0.75,1]},{"duration":0,"rotate":2.87}]},{"name":"niteluo_dj_jiao_001","rotateFrame":[{"duration":8},{"duration":7,"curve":[0.25,0,0.75,1]},{"duration":0,"rotate":-1.43}]},{"name":"niteluo_dj_jiao_001-1","rotateFrame":[{"duration":8},{"duration":7,"curve":[0.25,0,0.75,1]},{"duration":0,"rotate":-1.91}]},{"name":"niteluo_dj_tui_004","rotateFrame":[{"duration":8},{"duration":7,"curve":[0.25,0,0.75,1]},{"duration":0,"rotate":0.22}]},{"name":"niteluo_dj_jiao_002","rotateFrame":[{"duration":8},{"duration":7,"curve":[0.25,0,0.75,1]},{"duration":0,"rotate":-0.66}]},{"name":"niteluo_dj_jiao_002-1","rotateFrame":[{"duration":8},{"duration":7,"curve":[0.25,0,0.75,1]},{"duration":0,"rotate":1.41}]}],"slot":[{"name":"niteluo_dj_biyan_001","displayFrame":[{"duration":3,"value":-1},{"duration":4},{"duration":8,"value":-1}]}]},{"duration":15,"name":"0009_shouji2","bone":[{"name":"niteluo_dj_pigu_001","translateFrame":[{"duration":3,"tweenEasing":0},{"duration":5,"tweenEasing":0,"x":-6.67,"y":6.7},{"duration":7,"tweenEasing":0,"x":-1.04,"y":6.4},{"duration":0}],"rotateFrame":[{"duration":3,"tweenEasing":0},{"duration":5,"tweenEasing":0,"rotate":15.68},{"duration":7,"tweenEasing":0,"rotate":13.57},{"duration":0}]},{"name":"shenzi","translateFrame":[{"duration":3,"tweenEasing":0},{"duration":5,"tweenEasing":0,"x":0.59,"y":0.1},{"duration":7,"tweenEasing":0,"x":0.59,"y":0.1},{"duration":0}],"rotateFrame":[{"duration":3,"tweenEasing":0},{"duration":5,"tweenEasing":0,"rotate":4.12},{"duration":7,"tweenEasing":0,"rotate":-3.61},{"duration":0}]},{"name":"niteluo_dj_tou_001","rotateFrame":[{"duration":3,"tweenEasing":0},{"duration":5,"tweenEasing":0,"rotate":2.75},{"duration":7,"tweenEasing":0,"rotate":-8.93},{"duration":0}]},{"name":"niteluo_dj_gebo_003","rotateFrame":[{"duration":3,"tweenEasing":0},{"duration":5,"tweenEasing":0,"rotate":36.2},{"duration":7,"tweenEasing":0,"rotate":22.51},{"duration":0}]},{"name":"niteluo_dj_gebo_004","rotateFrame":[{"duration":3,"tweenEasing":0},{"duration":5,"tweenEasing":0,"rotate":36.76},{"duration":7,"tweenEasing":0,"rotate":22.51},{"duration":0}]},{"name":"niteluo_dj_gebo_001","rotateFrame":[{"duration":3,"tweenEasing":0},{"duration":5,"tweenEasing":0,"rotate":14.21},{"duration":7,"tweenEasing":0,"rotate":-28.29},{"duration":0}]},{"name":"niteluo_dj_gebo_002","rotateFrame":[{"duration":3,"tweenEasing":0},{"duration":5,"tweenEasing":0,"rotate":-3.4},{"duration":7,"tweenEasing":0,"rotate":-7.69},{"duration":0}]},{"name":"niteluo_dj_shou_002","rotateFrame":[{"duration":3,"tweenEasing":0},{"duration":5,"rotate":25.14},{"duration":7,"tweenEasing":0,"rotate":25.14},{"duration":0}]}],"slot":[{"name":"niteluo_dj_biyan_001","displayFrame":[{"duration":3,"value":-1},{"duration":4},{"duration":8,"value":-1}]}],"ffd":[{"name":"niteluo_dj_tui_003","slot":"niteluo_dj_tui_003","frame":[{"duration":3,"tweenEasing":0},{"duration":12,"tweenEasing":0,"offset":4,"vertices":[4.14,-3.31]},{"duration":0}]}]},{"duration":30,"name":"0010_fukongdaodi","bone":[{"name":"niteluo_dj_pigu_001","translateFrame":[{"duration":3,"tweenEasing":0},{"duration":7,"tweenEasing":0,"x":0.8,"y":-4.83},{"duration":5,"tweenEasing":0,"x":-4.71,"y":21.56},{"duration":5,"curve":[0.25,0,0.75,1],"x":-4.71,"y":78.83},{"duration":10,"curve":[0.25,0,0.75,1],"x":-4.71,"y":52.75},{"duration":0,"x":-4.71,"y":62.38}],"rotateFrame":[{"duration":3,"tweenEasing":0},{"duration":7,"tweenEasing":0,"rotate":-38.65},{"duration":5,"tweenEasing":0,"rotate":-53.49},{"duration":15,"rotate":-60.28}]},{"name":"shenzi","translateFrame":[{"duration":15,"tweenEasing":0},{"duration":5,"curve":[0.25,0,0.75,1]},{"duration":10,"x":-4.57}],"rotateFrame":[{"duration":3,"tweenEasing":0},{"duration":7,"tweenEasing":0,"rotate":-0.77},{"duration":5,"tweenEasing":0,"rotate":-12.43},{"duration":5,"curve":[0.25,0,0.75,1],"rotate":-22.32},{"duration":10,"curve":[0.25,0,0.75,1],"rotate":-32.19},{"duration":0,"rotate":-27.63}]},{"name":"niteluo_dj_tou_001","rotateFrame":[{"duration":3},{"duration":7,"tweenEasing":0},{"duration":5,"tweenEasing":0,"rotate":17.88},{"duration":5,"curve":[0.25,0,0.75,1],"rotate":26.58},{"duration":10,"curve":[0.25,0,0.75,1],"rotate":-24.64},{"duration":0,"rotate":-11.65}]},{"name":"niteluo_dj_gebo_003","rotateFrame":[{"duration":3,"tweenEasing":0},{"duration":7,"tweenEasing":0,"rotate":-9.64},{"duration":5,"rotate":-37.87},{"duration":5,"curve":[0.25,0,0.75,1],"rotate":-37.87},{"duration":10,"curve":[0.25,0,0.75,1],"rotate":0.98},{"duration":0,"rotate":6.18}]},{"name":"niteluo_dj_gebo_004","rotateFrame":[{"duration":3,"tweenEasing":0},{"duration":7,"tweenEasing":0,"rotate":36.1},{"duration":5,"rotate":59.29},{"duration":5,"curve":[0.25,0,0.75,1],"rotate":59.29},{"duration":10,"rotate":72.71}]},{"name":"niteluo_dj_gebo_001","rotateFrame":[{"duration":3,"tweenEasing":0},{"duration":7,"tweenEasing":0,"rotate":-6.69},{"duration":5,"rotate":-46.31},{"duration":5,"curve":[0.25,0,0.75,1],"rotate":-46.31},{"duration":10,"curve":[0.25,0,0.75,1],"rotate":44.76},{"duration":0,"rotate":51.47}]},{"name":"niteluo_dj_gebo_002","rotateFrame":[{"duration":3,"tweenEasing":0},{"duration":7,"tweenEasing":0,"rotate":17.92},{"duration":20,"rotate":17}]},{"name":"niteluo_dj_shou_002","rotateFrame":[{"duration":3,"tweenEasing":0},{"duration":7,"tweenEasing":0,"rotate":18.53},{"duration":20,"rotate":29.63}]},{"name":"1","translateFrame":[{"duration":3,"tweenEasing":0},{"duration":7,"tweenEasing":0,"x":67.79,"y":-3.63},{"duration":5,"tweenEasing":0,"x":102.69,"y":-26.49},{"duration":5,"curve":[0.25,0,0.75,1],"x":114.6,"y":13.19},{"duration":10,"curve":[0.25,0,0.75,1],"x":104.28,"y":-1.36},{"duration":0,"x":106.21,"y":9.26}]},{"name":"2","translateFrame":[{"duration":3,"tweenEasing":0},{"duration":7,"tweenEasing":0,"x":85.99,"y":-7.27},{"duration":5,"tweenEasing":0,"x":149.85,"y":-40.43},{"duration":5,"curve":[0.25,0,0.75,1],"x":130,"y":-17.75},{"duration":10,"curve":[0.25,0,0.75,1],"x":135.1,"y":-21.15},{"duration":0,"x":134.54,"y":-12.65}]},{"name":"3","translateFrame":[{"duration":3,"tweenEasing":0},{"duration":7,"tweenEasing":0,"x":40.99,"y":-45.02},{"duration":5,"tweenEasing":0,"x":56.34,"y":-71.42},{"duration":5,"curve":[0.25,0,0.75,1],"x":49.54,"y":-34.57},{"duration":10,"curve":[0.25,0,0.75,1],"x":49.54,"y":-11.32},{"duration":0,"x":37.63,"y":4.54}]},{"name":"4","translateFrame":[{"duration":3,"tweenEasing":0},{"duration":7,"tweenEasing":0,"x":35.61,"y":-41.66},{"duration":5,"tweenEasing":0,"x":59.56,"y":-96.92},{"duration":5,"curve":[0.25,0,0.75,1],"x":44.25,"y":-71.41},{"duration":10,"curve":[0.25,0,0.75,1],"x":55.59,"y":-26.61},{"duration":0,"x":39.15,"y":-7.34}]}],"slot":[{"name":"niteluo_dj_biyan_001","displayFrame":[{"duration":20,"value":-1},{"duration":10}]}],"ffd":[{"name":"niteluo_dj_tui_003","slot":"niteluo_dj_tui_003","frame":[{"duration":3},{"duration":7,"tweenEasing":0},{"duration":5,"offset":4,"vertices":[2.06,-2.12]},{"duration":5,"tweenEasing":0,"offset":4,"vertices":[2.06,-2.12]},{"duration":10}]}]},{"duration":5,"name":"0011_jifeishangsheng","bone":[{"name":"niteluo_dj_gebo_002","rotateFrame":[{"duration":5,"tweenEasing":0},{"duration":0,"rotate":17.92}]},{"name":"shenzi","rotateFrame":[{"duration":5,"tweenEasing":0},{"duration":0,"rotate":-0.77}]},{"name":"2","translateFrame":[{"duration":5,"tweenEasing":0},{"duration":0,"x":85.99,"y":-7.27}]},{"name":"niteluo_dj_gebo_001","rotateFrame":[{"duration":5,"tweenEasing":0},{"duration":0,"rotate":-6.69}]},{"name":"1","translateFrame":[{"duration":5,"tweenEasing":0},{"duration":0,"x":67.79,"y":-3.63}]},{"name":"niteluo_dj_gebo_003","rotateFrame":[{"duration":5,"tweenEasing":0},{"duration":0,"rotate":-9.64}]},{"name":"niteluo_dj_gebo_004","rotateFrame":[{"duration":5,"tweenEasing":0},{"duration":0,"rotate":36.1}]},{"name":"niteluo_dj_pigu_001","translateFrame":[{"duration":5,"tweenEasing":0},{"duration":0,"x":0.8,"y":-4.83}],"rotateFrame":[{"duration":5,"tweenEasing":0},{"duration":0,"rotate":-38.65}]},{"name":"4","translateFrame":[{"duration":5,"tweenEasing":0},{"duration":0,"x":35.61,"y":-41.66}]},{"name":"niteluo_dj_shou_002","rotateFrame":[{"duration":5,"tweenEasing":0},{"duration":0,"rotate":18.53}]},{"name":"3","translateFrame":[{"duration":5,"tweenEasing":0},{"duration":0,"x":40.99,"y":-45.02}]},{"name":"wj_034_niteluo_pz","translateFrame":[{"duration":5,"tweenEasing":0},{"duration":0,"x":-41.54}],"scaleFrame":[{"duration":5,"tweenEasing":0},{"duration":0,"x":1.62,"y":0.9}]}],"slot":[{"name":"niteluo_dj_biyan_001","displayFrame":[{"duration":5}]}]},{"duration":3,"name":"0012_jifeixialuo","bone":[{"name":"1","translateFrame":[{"duration":3,"x":102.69,"y":-26.49}]},{"name":"niteluo_dj_gebo_001","rotateFrame":[{"duration":3,"rotate":-46.31}]},{"name":"2","translateFrame":[{"duration":3,"x":149.85,"y":-40.43}]},{"name":"niteluo_dj_pigu_001","translateFrame":[{"duration":3,"x":-4.71,"y":21.56}],"rotateFrame":[{"duration":3,"rotate":-53.49}]},{"name":"niteluo_dj_tou_001","rotateFrame":[{"duration":3,"rotate":17.88}]},{"name":"niteluo_dj_gebo_004","rotateFrame":[{"duration":3,"rotate":59.29}]},{"name":"niteluo_dj_gebo_003","rotateFrame":[{"duration":3,"rotate":-37.87}]},{"name":"4","translateFrame":[{"duration":3,"x":59.56,"y":-96.92}]},{"name":"3","translateFrame":[{"duration":3,"x":56.34,"y":-71.42}]},{"name":"niteluo_dj_shou_002","rotateFrame":[{"duration":3,"rotate":29.63}]},{"name":"niteluo_dj_gebo_002","rotateFrame":[{"duration":3,"rotate":17}]},{"name":"shenzi","rotateFrame":[{"duration":3,"rotate":-12.43}]},{"name":"wj_034_niteluo_pz","translateFrame":[{"duration":3,"x":-60.48}],"scaleFrame":[{"duration":3,"x":1.92,"y":0.63}]}],"slot":[{"name":"niteluo_dj_biyan_001","displayFrame":[{"duration":3}]}],"ffd":[{"name":"niteluo_dj_tui_003","slot":"niteluo_dj_tui_003","frame":[{"duration":3,"offset":4,"vertices":[2.06,-2.12]}]}]},{"duration":15,"name":"0013_daodi","bone":[{"name":"niteluo_dj_tou_001","rotateFrame":[{"duration":2,"tweenEasing":0,"rotate":17.88},{"duration":4,"curve":[0.25,0,0.75,1],"rotate":26.58},{"duration":9,"curve":[0.25,0,0.75,1],"rotate":-24.64},{"duration":0,"rotate":-11.65}]},{"name":"niteluo_dj_pigu_001","translateFrame":[{"duration":2,"tweenEasing":0,"x":-4.71,"y":21.56},{"duration":4,"curve":[0.25,0,0.75,1],"x":-4.71,"y":78.83},{"duration":9,"curve":[0.25,0,0.75,1],"x":-4.71,"y":52.75},{"duration":0,"x":-4.71,"y":62.38}],"rotateFrame":[{"duration":2,"tweenEasing":0,"rotate":-53.49},{"duration":13,"rotate":-60.28}]},{"name":"1","translateFrame":[{"duration":2,"tweenEasing":0,"x":102.69,"y":-26.49},{"duration":4,"curve":[0.25,0,0.75,1],"x":114.6,"y":13.19},{"duration":9,"curve":[0.25,0,0.75,1],"x":104.28,"y":-1.36},{"duration":0,"x":106.21,"y":9.26}]},{"name":"4","translateFrame":[{"duration":2,"tweenEasing":0,"x":59.56,"y":-96.92},{"duration":4,"curve":[0.25,0,0.75,1],"x":44.25,"y":-71.41},{"duration":9,"curve":[0.25,0,0.75,1],"x":55.59,"y":-26.61},{"duration":0,"x":39.15,"y":-7.34}]},{"name":"niteluo_dj_shou_001","rotateFrame":[{"duration":2},{"duration":4,"curve":[0.25,0,0.75,1]},{"duration":9,"curve":[0.25,0,0.75,1],"rotate":51.25},{"duration":0,"rotate":28.52}]},{"name":"niteluo_dj_gebo_004","rotateFrame":[{"duration":2,"rotate":59.29},{"duration":4,"curve":[0.25,0,0.75,1],"rotate":59.29},{"duration":9,"curve":[0.25,0,0.75,1],"rotate":72.71},{"duration":0,"rotate":86.49}]},{"name":"niteluo_dj_shou_002","rotateFrame":[{"duration":15,"rotate":29.63}]},{"name":"shenzi","translateFrame":[{"duration":2,"tweenEasing":0},{"duration":4,"curve":[0.25,0,0.75,1]},{"duration":9,"x":-4.57}],"rotateFrame":[{"duration":2,"tweenEasing":0,"rotate":-12.43},{"duration":4,"curve":[0.25,0,0.75,1],"rotate":-22.32},{"duration":9,"curve":[0.25,0,0.75,1],"rotate":-32.19},{"duration":0,"rotate":-27.63}]},{"name":"2","translateFrame":[{"duration":2,"tweenEasing":0,"x":149.85,"y":-40.43},{"duration":4,"curve":[0.25,0,0.75,1],"x":130,"y":-17.75},{"duration":9,"curve":[0.25,0,0.75,1],"x":135.1,"y":-21.15},{"duration":0,"x":134.54,"y":-12.65}]},{"name":"niteluo_dj_gebo_002","rotateFrame":[{"duration":15,"rotate":17}]},{"name":"3","translateFrame":[{"duration":2,"tweenEasing":0,"x":56.34,"y":-71.42},{"duration":4,"curve":[0.25,0,0.75,1],"x":49.54,"y":-34.57},{"duration":9,"curve":[0.25,0,0.75,1],"x":49.54,"y":-11.32},{"duration":0,"x":37.63,"y":4.54}]},{"name":"niteluo_dj_gebo_001","rotateFrame":[{"duration":2,"rotate":-46.31},{"duration":4,"curve":[0.25,0,0.75,1],"rotate":-46.31},{"duration":9,"curve":[0.25,0,0.75,1],"rotate":44.76},{"duration":0,"rotate":51.47}]},{"name":"niteluo_dj_gebo_003","rotateFrame":[{"duration":2,"rotate":-37.87},{"duration":4,"curve":[0.25,0,0.75,1],"rotate":-37.87},{"duration":9,"curve":[0.25,0,0.75,1],"rotate":0.98},{"duration":0,"rotate":6.18}]},{"name":"wj_034_niteluo_pz","translateFrame":[{"duration":2,"tweenEasing":0,"x":-60.48},{"duration":13,"tweenEasing":0,"x":-65.37,"y":43.99},{"duration":0,"x":-65.37,"y":48.87}],"scaleFrame":[{"duration":2,"tweenEasing":0,"x":1.92,"y":0.63},{"duration":13,"tweenEasing":0,"x":2.16,"y":0.46},{"duration":0,"x":2.16,"y":0.39}]}],"slot":[{"name":"niteluo_dj_biyan_001","displayFrame":[{"duration":15}]}],"ffd":[{"name":"niteluo_dj_tui_003","slot":"niteluo_dj_tui_003","frame":[{"duration":2,"offset":4,"vertices":[2.06,-2.12]},{"duration":4,"tweenEasing":0,"offset":4,"vertices":[2.06,-2.12]},{"duration":9}]}]},{"duration":10,"name":"0014_siwang","bone":[{"name":"niteluo_dj_gebo_004","rotateFrame":[{"duration":10,"rotate":72.71}]},{"name":"1","translateFrame":[{"duration":10,"x":106.21,"y":9.26}]},{"name":"shenzi","translateFrame":[{"duration":10,"x":-4.57}],"rotateFrame":[{"duration":10,"rotate":-27.63}]},{"name":"niteluo_dj_pigu_001","translateFrame":[{"duration":10,"x":-4.71,"y":62.38}],"rotateFrame":[{"duration":10,"rotate":-60.28}]},{"name":"niteluo_dj_gebo_003","rotateFrame":[{"duration":10,"rotate":6.18}]},{"name":"4","translateFrame":[{"duration":10,"x":39.15,"y":-7.34}]},{"name":"niteluo_dj_gebo_001","rotateFrame":[{"duration":10,"rotate":51.47}]},{"name":"3","translateFrame":[{"duration":10,"x":37.63,"y":4.54}]},{"name":"2","translateFrame":[{"duration":10,"x":134.54,"y":-12.65}]},{"name":"niteluo_dj_shou_002","rotateFrame":[{"duration":10,"rotate":29.63}]},{"name":"niteluo_dj_tou_001","rotateFrame":[{"duration":10,"rotate":-11.65}]},{"name":"niteluo_dj_gebo_002","rotateFrame":[{"duration":10,"rotate":17}]},{"name":"wj_034_niteluo_pz","translateFrame":[{"duration":10,"x":-65.37,"y":48.87}],"scaleFrame":[{"duration":10,"x":2.16,"y":0.39}]}],"slot":[{"name":"niteluo_dj_biyan_001","displayFrame":[{"duration":10}]}]},{"duration":10,"name":"0015_daodiqishen","bone":[{"name":"niteluo_dj_gebo_004","rotateFrame":[{"duration":5,"tweenEasing":0,"rotate":72.71},{"duration":5,"tweenEasing":0,"rotate":43.85},{"duration":0,"rotate":32.04}]},{"name":"1","translateFrame":[{"duration":5,"tweenEasing":0,"x":106.21,"y":9.26},{"duration":5,"tweenEasing":0,"x":102.25,"y":8.04},{"duration":0,"x":99.63,"y":7.29}]},{"name":"shenzi","translateFrame":[{"duration":10,"x":-4.57}],"rotateFrame":[{"duration":5,"tweenEasing":0,"rotate":-27.63},{"duration":5,"tweenEasing":0,"rotate":0.16},{"duration":0,"rotate":13.4}]},{"name":"niteluo_dj_pigu_001","translateFrame":[{"duration":10,"x":-4.71,"y":62.38}],"rotateFrame":[{"duration":5,"tweenEasing":0,"rotate":-60.28},{"duration":5,"tweenEasing":0,"rotate":-43.8},{"duration":0,"rotate":-40.53}]},{"name":"niteluo_dj_gebo_003","translateFrame":[{"duration":5,"tweenEasing":0},{"duration":5,"tweenEasing":0,"x":-0.65,"y":1.51},{"duration":0,"x":-0.1,"y":5.14}],"rotateFrame":[{"duration":5,"tweenEasing":0,"rotate":6.18},{"duration":5,"tweenEasing":0,"rotate":32.33},{"duration":0,"rotate":54.29}]},{"name":"4","translateFrame":[{"duration":5,"tweenEasing":0,"x":39.15,"y":-7.34},{"duration":5,"tweenEasing":0,"x":35.18,"y":-6.12},{"duration":0,"x":17.98,"y":-3.5}]},{"name":"niteluo_dj_gebo_001","rotateFrame":[{"duration":5,"tweenEasing":0,"rotate":51.47},{"duration":5,"rotate":32.61}]},{"name":"3","translateFrame":[{"duration":5,"tweenEasing":0,"x":37.63,"y":4.54},{"duration":5,"tweenEasing":0,"x":34.27,"y":-0.02},{"duration":0,"x":21.93,"y":-6.75}]},{"name":"2","translateFrame":[{"duration":5,"tweenEasing":0,"x":134.54,"y":-12.65},{"duration":5,"tweenEasing":0,"x":131.49,"y":-12.95},{"duration":0,"x":127,"y":-11.08}]},{"name":"niteluo_dj_shou_002","rotateFrame":[{"duration":10,"rotate":29.63}]},{"name":"niteluo_dj_tou_001","rotateFrame":[{"duration":5,"tweenEasing":0,"rotate":-11.65},{"duration":5,"rotate":20.11}]},{"name":"niteluo_dj_gebo_002","rotateFrame":[{"duration":5,"tweenEasing":0,"rotate":17},{"duration":5,"tweenEasing":0,"rotate":-0.48},{"duration":0,"rotate":-24.53}]},{"name":"wj_034_niteluo_pz","translateFrame":[{"duration":10,"tweenEasing":0,"x":-65.37,"y":48.87},{"duration":0,"x":-40.32,"y":15.27}],"scaleFrame":[{"duration":10,"tweenEasing":0,"x":2.16,"y":0.39},{"duration":0,"x":1.97,"y":0.66}]}]},{"duration":40,"name":"0016_xuruo","bone":[{"name":"niteluo_dj_pigu_001","translateFrame":[{"duration":20,"curve":[0.25,0,0.75,1],"x":4.78,"y":3.19},{"duration":20,"curve":[0.25,0,0.75,1],"x":1.85,"y":5.65},{"duration":0,"x":4.78,"y":3.19}],"rotateFrame":[{"duration":20,"curve":[0.25,0,0.75,1],"rotate":2.47},{"duration":20,"curve":[0.25,0,0.75,1],"rotate":5.39},{"duration":0,"rotate":2.47}]},{"name":"shenzi","translateFrame":[{"duration":40,"x":1.64,"y":0.99}],"rotateFrame":[{"duration":20,"curve":[0.25,0,0.75,1],"rotate":9.81},{"duration":20,"curve":[0.25,0,0.75,1],"rotate":12.49},{"duration":0,"rotate":9.81}]},{"name":"niteluo_dj_tou_001","rotateFrame":[{"duration":40,"rotate":10.33}]},{"name":"niteluo_dj_gebo_003","rotateFrame":[{"duration":20,"curve":[0.25,0,0.75,1],"rotate":6.89},{"duration":20,"curve":[0.25,0,0.75,1],"rotate":15.91},{"duration":0,"rotate":6.89}]},{"name":"niteluo_dj_gebo_004","rotateFrame":[{"duration":40,"rotate":31.5}]},{"name":"niteluo_dj_gebo_001","rotateFrame":[{"duration":40,"rotate":-76.89}]},{"name":"3","translateFrame":[{"duration":40,"x":8.51,"y":3.19}]},{"name":"4","translateFrame":[{"duration":40,"x":9.57,"y":1.59}]}]},{"duration":40,"name":"0017_shengli","bone":[{"name":"niteluo_dj_pigu_001","translateFrame":[{"duration":5,"tweenEasing":0},{"duration":6,"tweenEasing":0,"x":0.5,"y":19.51},{"duration":6,"tweenEasing":0,"x":0.5,"y":26.79},{"duration":5,"tweenEasing":0,"x":0.5,"y":-102.28},{"duration":5,"tweenEasing":0,"x":0.5,"y":-87.37},{"duration":5,"tweenEasing":0,"x":0.5,"y":-18.63},{"duration":8,"tweenEasing":0,"x":0.5,"y":19.51},{"duration":0}]},{"name":"shenzi","translateFrame":[{"duration":5,"tweenEasing":0},{"duration":6,"tweenEasing":0,"x":2.5,"y":4.5},{"duration":6,"tweenEasing":0,"x":2.5,"y":4.5},{"duration":10,"tweenEasing":0,"x":2.5,"y":1.77},{"duration":5,"tweenEasing":0,"x":2.5,"y":1.77},{"duration":8,"tweenEasing":0,"x":2.5,"y":4.5},{"duration":0}],"rotateFrame":[{"duration":5,"tweenEasing":0},{"duration":6,"tweenEasing":0,"rotate":10.23},{"duration":6,"tweenEasing":0,"rotate":16.31},{"duration":5,"tweenEasing":0,"rotate":-8.17},{"duration":5,"tweenEasing":0,"rotate":0.04},{"duration":5,"tweenEasing":0,"rotate":7.25},{"duration":8,"tweenEasing":0,"rotate":10.23},{"duration":0}]},{"name":"niteluo_dj_tou_001","rotateFrame":[{"duration":5,"tweenEasing":0},{"duration":6,"rotate":3.64},{"duration":6,"tweenEasing":0,"rotate":3.64},{"duration":10,"rotate":-12.34},{"duration":5,"tweenEasing":0,"rotate":-12.34},{"duration":8,"tweenEasing":0,"rotate":3.64},{"duration":0}]},{"name":"niteluo_dj_gebo_003","rotateFrame":[{"duration":5,"tweenEasing":0},{"duration":6,"tweenEasing":0,"rotate":27.26},{"duration":6,"tweenEasing":0,"rotate":37.22},{"duration":5,"tweenEasing":0,"rotate":-95.2},{"duration":5,"tweenEasing":0,"rotate":-79.82},{"duration":5,"tweenEasing":0,"rotate":-64.44},{"duration":8,"tweenEasing":0,"rotate":27.26},{"duration":0}]},{"name":"niteluo_dj_gebo_004","rotateFrame":[{"duration":5,"tweenEasing":0},{"duration":6,"tweenEasing":0,"rotate":-12.06},{"duration":6,"tweenEasing":0,"rotate":-20.01},{"duration":10,"rotate":28.54},{"duration":5,"tweenEasing":0,"rotate":28.54},{"duration":8,"tweenEasing":0,"rotate":-12.06},{"duration":0}]},{"name":"niteluo_dj_gebo_001","rotateFrame":[{"duration":5,"tweenEasing":0},{"duration":6,"tweenEasing":0,"rotate":39.18},{"duration":6,"tweenEasing":0,"rotate":54.7},{"duration":5,"tweenEasing":0,"rotate":-97.27},{"duration":5,"tweenEasing":0,"rotate":-80.21},{"duration":5,"tweenEasing":0,"rotate":-63.15},{"duration":8,"tweenEasing":0,"rotate":39.18},{"duration":0}]},{"name":"niteluo_dj_gebo_002","rotateFrame":[{"duration":5,"tweenEasing":0},{"duration":6,"tweenEasing":0,"rotate":-55.44},{"duration":6,"tweenEasing":0,"rotate":-62.51},{"duration":5,"tweenEasing":0,"rotate":3.95},{"duration":5,"tweenEasing":0,"rotate":2.72},{"duration":5,"tweenEasing":0,"rotate":1.49},{"duration":8,"tweenEasing":0,"rotate":-55.44},{"duration":0}]},{"name":"niteluo_dj_shou_002","rotateFrame":[{"duration":11},{"duration":6,"tweenEasing":0},{"duration":10,"rotate":16.54},{"duration":5,"tweenEasing":0,"rotate":16.54},{"duration":8}]},{"name":"1","translateFrame":[{"duration":11},{"tweenEasing":0},{"duration":5,"tweenEasing":0,"x":-1.03,"y":-2.01},{"duration":5,"tweenEasing":0,"x":3.47,"y":-87.55},{"duration":5,"tweenEasing":0,"x":6.03,"y":-76.93},{"duration":5,"tweenEasing":0,"x":8.58,"y":-12.48},{"duration":8}]},{"name":"niteluo_dj_tui_002","translateFrame":[{"duration":11},{"duration":6,"tweenEasing":0},{"duration":10,"x":3.11,"y":-0.4},{"duration":5,"tweenEasing":0,"x":3.11,"y":-0.4},{"duration":8}]},{"name":"2","translateFrame":[{"duration":5,"tweenEasing":0},{"duration":6,"x":0.87,"y":-1.16},{"tweenEasing":0,"x":0.87,"y":-1.16},{"duration":5,"tweenEasing":0,"x":0.61,"y":-2.44},{"duration":5,"tweenEasing":0,"x":7.39,"y":-88.96},{"duration":5,"tweenEasing":0,"x":7.46,"y":-73.79},{"duration":5,"tweenEasing":0,"x":7.52,"y":-4.79},{"duration":8}]},{"name":"3","translateFrame":[{"duration":11},{"tweenEasing":0},{"tweenEasing":0,"x":-0.08,"y":-1.45},{"duration":4,"tweenEasing":0,"x":-0.53,"y":-16},{"duration":5,"tweenEasing":0,"x":-0.44,"y":-92.27},{"duration":5,"tweenEasing":0,"x":-0.44,"y":-77.36},{"duration":5,"tweenEasing":0,"x":-0.44,"y":-8.62},{"duration":8}]},{"name":"niteluo_dj_tui_003","translateFrame":[{"duration":11},{"duration":6,"tweenEasing":0},{"duration":10,"x":-0.44,"y":-6.17},{"duration":5,"tweenEasing":0,"x":-0.44,"y":-6.17},{"duration":8}]},{"name":"4","translateFrame":[{"duration":11},{"tweenEasing":0},{"tweenEasing":0,"x":-1.28,"y":-0.59},{"duration":4,"tweenEasing":0,"x":-6.81,"y":-11.79},{"duration":5,"tweenEasing":0,"x":-6.41,"y":-87.93},{"duration":5,"tweenEasing":0,"x":-6.41,"y":-73.02},{"duration":5,"tweenEasing":0,"x":-6.41,"y":-4.28},{"duration":8}]}],"ffd":[{"name":"niteluo_dj_jiao_001","slot":"niteluo_dj_jiao_001","frame":[{"duration":5,"tweenEasing":0},{"duration":27,"offset":4,"vertices":[5.35,0.4,5.35,0.4]},{"duration":8,"tweenEasing":0,"offset":4,"vertices":[5.35,0.4,5.35,0.4]},{"duration":0}]},{"name":"niteluo_dj_tui_003","slot":"niteluo_dj_tui_003","frame":[{"duration":11},{"duration":6,"tweenEasing":0},{"duration":10,"offset":4,"vertices":[-0.25,-4.3,-1.42,-0.35,-1.42,-0.35,-1.42,-0.35]},{"duration":13,"tweenEasing":0,"offset":4,"vertices":[-0.25,-4.3,-1.42,-0.35,-1.42,-0.35,-1.42,-0.35]},{"duration":0}]},{"name":"niteluo_dj_tui_004","slot":"niteluo_dj_tui_004","frame":[{"duration":11},{"duration":6,"tweenEasing":0},{"duration":10,"offset":4,"vertices":[-6.99,0.52,-6.99,0.52,-6.99,0.52,-6.99,0.52]},{"duration":13,"tweenEasing":0,"offset":4,"vertices":[-6.99,0.52,-6.99,0.52,-6.99,0.52,-6.99,0.52]},{"duration":0}]}]},{"duration":3,"name":"0018_dingshen","bone":[{"name":"niteluo_dj_pigu_001","translateFrame":[{"duration":3,"x":-18.53,"y":-2.85}],"rotateFrame":[{"duration":3,"rotate":7.91}]},{"name":"shenzi","rotateFrame":[{"duration":3,"rotate":2.64}]},{"name":"niteluo_dj_tou_001","rotateFrame":[{"duration":3,"rotate":5.16}]},{"name":"niteluo_dj_gebo_003","rotateFrame":[{"duration":3,"rotate":24.95}]},{"name":"niteluo_dj_gebo_004","rotateFrame":[{"duration":3,"rotate":18.96}]},{"name":"niteluo_dj_gebo_001","rotateFrame":[{"duration":3,"rotate":-21.6}]}],"slot":[{"name":"niteluo_dj_biyan_001","displayFrame":[{"duration":3}]}]},{"duration":3,"name":"0019_gedang","bone":[{"name":"niteluo_dj_gebo_003","rotateFrame":[{"duration":3,"rotate":-82.31}]},{"name":"niteluo_dj_gebo_001","rotateFrame":[{"duration":3,"rotate":-63.07}]},{"name":"niteluo_dj_gebo_004","rotateFrame":[{"duration":3,"rotate":71.48}]},{"name":"niteluo_dj_tou_001","rotateFrame":[{"duration":3,"rotate":10.86}]},{"name":"niteluo_dj_gebo_002","rotateFrame":[{"duration":3,"rotate":-98.66}]},{"name":"niteluo_dj_shou_002","translateFrame":[{"duration":3,"x":0.13,"y":2.96}],"rotateFrame":[{"duration":3,"rotate":41.14}]}],"zOrder":{"frame":[{"duration":3,"zOrder":[2,13,3,13]}]}},{"duration":3,"name":"0020_wu","bone":[{"name":"niteluo_dj_tou_001","rotateFrame":[{"duration":3,"rotate":10.86}]},{"name":"niteluo_dj_gebo_004","rotateFrame":[{"duration":3,"rotate":71.48}]},{"name":"niteluo_dj_gebo_002","rotateFrame":[{"duration":3,"rotate":-98.66}]},{"name":"niteluo_dj_gebo_001","rotateFrame":[{"duration":3,"rotate":-63.07}]},{"name":"niteluo_dj_gebo_003","rotateFrame":[{"duration":3,"rotate":-82.31}]},{"name":"niteluo_dj_shou_002","translateFrame":[{"duration":3,"x":0.13,"y":2.96}],"rotateFrame":[{"duration":3,"rotate":41.14}]}]},{"duration":3,"name":"0021_wu","bone":[{"name":"niteluo_dj_tou_001","rotateFrame":[{"duration":3,"rotate":10.86}]},{"name":"niteluo_dj_gebo_004","rotateFrame":[{"duration":3,"rotate":71.48}]},{"name":"niteluo_dj_gebo_002","rotateFrame":[{"duration":3,"rotate":-98.66}]},{"name":"niteluo_dj_gebo_001","rotateFrame":[{"duration":3,"rotate":-63.07}]},{"name":"niteluo_dj_gebo_003","rotateFrame":[{"duration":3,"rotate":-82.31}]},{"name":"niteluo_dj_shou_002","translateFrame":[{"duration":3,"x":0.13,"y":2.96}],"rotateFrame":[{"duration":3,"rotate":41.14}]}]},{"duration":3,"name":"0022_wu","bone":[{"name":"niteluo_dj_tou_001","rotateFrame":[{"duration":3,"rotate":10.86}]},{"name":"niteluo_dj_gebo_004","rotateFrame":[{"duration":3,"rotate":71.48}]},{"name":"niteluo_dj_gebo_002","rotateFrame":[{"duration":3,"rotate":-98.66}]},{"name":"niteluo_dj_gebo_001","rotateFrame":[{"duration":3,"rotate":-63.07}]},{"name":"niteluo_dj_gebo_003","rotateFrame":[{"duration":3,"rotate":-82.31}]},{"name":"niteluo_dj_shou_002","translateFrame":[{"duration":3,"x":0.13,"y":2.96}],"rotateFrame":[{"duration":3,"rotate":41.14}]}]},{"duration":3,"name":"0023_wu","bone":[{"name":"niteluo_dj_tou_001","rotateFrame":[{"duration":3,"rotate":10.86}]},{"name":"niteluo_dj_gebo_004","rotateFrame":[{"duration":3,"rotate":71.48}]},{"name":"niteluo_dj_gebo_002","rotateFrame":[{"duration":3,"rotate":-98.66}]},{"name":"niteluo_dj_gebo_001","rotateFrame":[{"duration":3,"rotate":-63.07}]},{"name":"niteluo_dj_gebo_003","rotateFrame":[{"duration":3,"rotate":-82.31}]},{"name":"niteluo_dj_shou_002","translateFrame":[{"duration":3,"x":0.13,"y":2.96}],"rotateFrame":[{"duration":3,"rotate":41.14}]}]},{"duration":3,"name":"0024_wu","bone":[{"name":"niteluo_dj_tou_001","rotateFrame":[{"duration":3,"rotate":10.86}]},{"name":"niteluo_dj_gebo_004","rotateFrame":[{"duration":3,"rotate":71.48}]},{"name":"niteluo_dj_gebo_002","rotateFrame":[{"duration":3,"rotate":-98.66}]},{"name":"niteluo_dj_gebo_001","rotateFrame":[{"duration":3,"rotate":-63.07}]},{"name":"niteluo_dj_gebo_003","rotateFrame":[{"duration":3,"rotate":-82.31}]},{"name":"niteluo_dj_shou_002","translateFrame":[{"duration":3,"x":0.13,"y":2.96}],"rotateFrame":[{"duration":3,"rotate":41.14}]}]},{"duration":45,"name":"0025_gongji1","bone":[{"name":"niteluo_dj_pigu_001","translateFrame":[{"duration":15,"curve":[0,0.34,0.75,1]},{"duration":4,"curve":[0.25,0,1,0.58],"x":-15.4,"y":13.2},{"tweenEasing":0,"x":2.72,"y":13.86},{"duration":15,"curve":[0,0.34,0.75,1],"x":7.26,"y":14.03},{"duration":10,"tweenEasing":0,"x":7.6,"y":14.78},{"duration":0}],"rotateFrame":[{"duration":15,"curve":[0,0.34,0.75,1]},{"duration":4,"curve":[0.25,0,1,0.58],"rotate":4.36},{"tweenEasing":0,"rotate":13.46},{"duration":15,"curve":[0,0.34,0.75,1],"rotate":15.74},{"duration":10,"tweenEasing":0,"rotate":15.74},{"duration":0}]},{"name":"shenzi","rotateFrame":[{"duration":15},{"duration":4,"curve":[0.25,0,1,0.58]},{"tweenEasing":0,"rotate":6.24},{"duration":15,"curve":[0,0.34,0.75,1],"rotate":7.8},{"duration":10,"tweenEasing":0,"rotate":11.02},{"duration":0}]},{"name":"niteluo_dj_tou_001","rotateFrame":[{"duration":15,"curve":[0,0.34,0.75,1]},{"duration":4,"curve":[0.25,0,1,0.58],"rotate":6.31},{"tweenEasing":0,"rotate":-11.49},{"duration":15,"curve":[0,0.34,0.75,1],"rotate":-15.95},{"duration":10,"tweenEasing":0,"rotate":-15.71},{"duration":0}]},{"name":"niteluo_dj_gebo_003","rotateFrame":[{"duration":15,"curve":[0,0.34,0.75,1]},{"duration":4,"curve":[0.25,0,1,0.58],"rotate":59.55},{"tweenEasing":0,"rotate":21.34},{"duration":15,"curve":[0,0.34,0.75,1],"rotate":-106.23},{"duration":10,"tweenEasing":0,"rotate":-101.08},{"duration":0}],"scaleFrame":[{"duration":19,"curve":[0,0.34,0.75,1]},{"tweenEasing":0},{"duration":15,"curve":[0,0.34,0.75,1],"x":1.33,"y":1.14},{"duration":10,"tweenEasing":0,"x":1.33,"y":1.14},{"duration":0}]},{"name":"niteluo_dj_gebo_004","rotateFrame":[{"duration":15,"curve":[0,0.34,0.75,1]},{"duration":4,"curve":[0.25,0,1,0.58],"rotate":-40.54},{"tweenEasing":0,"rotate":-19.3},{"duration":15,"rotate":100.14},{"duration":10,"tweenEasing":0,"rotate":100.14},{"duration":0}]},{"name":"niteluo_dj_shou_001","rotateFrame":[{"duration":15,"curve":[0,0.34,0.75,1]},{"duration":4,"curve":[0.25,0,1,0.58],"rotate":5.49},{"tweenEasing":0,"rotate":3.76},{"duration":15,"rotate":3.32},{"duration":10,"tweenEasing":0,"rotate":3.32},{"duration":0}],"scaleFrame":[{"duration":19,"curve":[0,0.34,0.75,1]},{"tweenEasing":0},{"duration":15,"x":0.7},{"duration":10,"tweenEasing":0,"x":0.7},{"duration":0}]},{"name":"niteluo_dj_gebo_001","translateFrame":[{"duration":15,"curve":[0,0.34,0.75,1]},{"duration":4,"curve":[0.25,0,1,0.58]},{"tweenEasing":0,"x":5.62,"y":-4.39},{"duration":15,"x":7.03,"y":-5.49},{"duration":10,"tweenEasing":0,"x":7.03,"y":-5.49},{"duration":0}],"rotateFrame":[{"duration":15,"curve":[0,0.34,0.75,1]},{"duration":4,"curve":[0.25,0,1,0.58],"rotate":-21.97},{"tweenEasing":0,"rotate":38.29},{"duration":15,"rotate":53.37},{"duration":10,"tweenEasing":0,"rotate":53.37},{"duration":0}]},{"name":"niteluo_dj_gebo_002","rotateFrame":[{"duration":15,"curve":[0,0.34,0.75,1]},{"duration":4,"curve":[0.25,0,1,0.58],"rotate":37.96},{"tweenEasing":0,"rotate":-17.97},{"duration":15,"curve":[0,0.34,0.75,1],"rotate":-31.95},{"duration":10,"tweenEasing":0,"rotate":-27.07},{"duration":0}]},{"name":"niteluo_dj_shou_002","rotateFrame":[{"duration":15,"curve":[0,0.34,0.75,1]},{"duration":4,"curve":[0.25,0,1,0.58],"rotate":31.09},{"tweenEasing":0,"rotate":6.21},{"duration":25}]},{"name":"1","translateFrame":[{"duration":15},{"duration":4,"curve":[0.25,0,1,0.58]},{"tweenEasing":0,"x":-11.22},{"duration":15,"x":-14.03},{"duration":10,"tweenEasing":0,"x":-14.03},{"duration":0}]},{"name":"2","translateFrame":[{"duration":15},{"duration":4,"curve":[0.25,0,1,0.58]},{"tweenEasing":0,"x":-6.96},{"duration":15,"x":-8.71},{"duration":10,"tweenEasing":0,"x":-8.71},{"duration":0}]},{"name":"3","translateFrame":[{"duration":15},{"duration":4,"curve":[0.25,0,1,0.58]},{"tweenEasing":0,"x":9.67},{"duration":15,"x":12.09},{"duration":10,"tweenEasing":0,"x":12.09},{"duration":0}]},{"name":"4","translateFrame":[{"duration":15},{"duration":4,"curve":[0.25,0,1,0.58]},{"tweenEasing":0,"x":9.67},{"duration":15,"x":12.09},{"duration":10,"tweenEasing":0,"x":12.09},{"duration":0}]}]},{"duration":60,"name":"0026_gongji2","bone":[{"name":"niteluo_dj_pigu_001","translateFrame":[{"duration":30,"tweenEasing":0,"y":-11.36},{"duration":30,"tweenEasing":0,"x":1.57,"y":-20.49},{"duration":0,"y":-11.36}],"rotateFrame":[{"duration":60,"rotate":1.94}]},{"name":"shenzi","translateFrame":[{"duration":60,"x":-2.06,"y":0.06}],"rotateFrame":[{"duration":30,"tweenEasing":0,"rotate":6.06},{"duration":30,"tweenEasing":0,"rotate":4.79},{"duration":0,"rotate":6.06}]},{"name":"niteluo_dj_tou_001","translateFrame":[{"duration":30,"tweenEasing":0},{"duration":30,"tweenEasing":0,"x":0.85,"y":-1.83},{"duration":0}],"rotateFrame":[{"duration":30,"tweenEasing":0},{"duration":30,"tweenEasing":0,"rotate":1.39},{"duration":0}]},{"name":"niteluo_dj_gebo_003","rotateFrame":[{"duration":30,"tweenEasing":0,"rotate":-18},{"duration":30,"tweenEasing":0,"rotate":-5.93},{"duration":0,"rotate":-18}]},{"name":"niteluo_dj_gebo_004","rotateFrame":[{"duration":30,"tweenEasing":0,"rotate":8.58},{"duration":30,"tweenEasing":0,"rotate":2.68},{"duration":0,"rotate":8.58}],"scaleFrame":[{"duration":30,"tweenEasing":0},{"duration":30,"tweenEasing":0,"x":1.12},{"duration":0}]},{"name":"niteluo_dj_gebo_001","rotateFrame":[{"duration":30,"tweenEasing":0},{"duration":30,"tweenEasing":0,"rotate":-8.49},{"duration":0}]},{"name":"niteluo_dj_gebo_002","translateFrame":[{"duration":30,"tweenEasing":0},{"duration":30,"tweenEasing":0,"x":2.46,"y":0.85},{"duration":0}],"rotateFrame":[{"duration":30,"tweenEasing":0,"rotate":113.57},{"duration":30,"tweenEasing":0,"rotate":128.89},{"duration":0,"rotate":113.57}]},{"name":"niteluo_dj_shou_002","rotateFrame":[{"duration":30,"tweenEasing":0},{"duration":30,"tweenEasing":0,"rotate":-10.56},{"duration":0}]},{"name":"1","translateFrame":[{"duration":30,"tweenEasing":0,"x":41.82,"y":-54.68},{"duration":30,"tweenEasing":0,"x":39.92,"y":-65.3},{"duration":0,"x":41.82,"y":-54.68}]},{"name":"niteluo_dj_tui_002","translateFrame":[{"duration":60,"x":-3.01,"y":-5.28}],"scaleFrame":[{"duration":60,"x":1.26}]},{"name":"2","translateFrame":[{"duration":30,"tweenEasing":0,"x":71.45,"y":-74.6},{"duration":30,"tweenEasing":0,"x":68.47,"y":-86.85},{"duration":0,"x":71.45,"y":-74.6}]},{"name":"3","translateFrame":[{"duration":30,"tweenEasing":0,"x":-21.68,"y":-22.77},{"duration":30,"tweenEasing":0,"x":-23.53,"y":-19.03},{"duration":0,"x":-21.68,"y":-22.77}]},{"name":"4","translateFrame":[{"duration":30,"tweenEasing":0,"x":-39.95,"y":-14.87},{"duration":30,"tweenEasing":0,"x":-41.81,"y":-11.13},{"duration":0,"x":-39.95,"y":-14.87}]}],"slot":[{"name":"niteluo_dj_biyan_001","displayFrame":[{"duration":60}]}],"ik":[{"name":"1","frame":[{"duration":60,"bendPositive":false}]},{"name":"2","frame":[{"duration":60}]},{"name":"4","frame":[{"duration":60,"bendPositive":false}]}]},{"duration":60,"name":"0027_shifa1","bone":[{"name":"niteluo_dj_pigu_001","translateFrame":[{"duration":30,"tweenEasing":0,"y":-11.36},{"duration":30,"tweenEasing":0,"x":1.57,"y":-20.49},{"duration":0,"y":-11.36}],"rotateFrame":[{"duration":60,"rotate":1.94}]},{"name":"shenzi","translateFrame":[{"duration":60,"x":-2.06,"y":0.06}],"rotateFrame":[{"duration":30,"tweenEasing":0,"rotate":6.06},{"duration":30,"tweenEasing":0,"rotate":4.79},{"duration":0,"rotate":6.06}]},{"name":"niteluo_dj_tou_001","translateFrame":[{"duration":30,"tweenEasing":0},{"duration":30,"tweenEasing":0,"x":0.85,"y":-1.83},{"duration":0}],"rotateFrame":[{"duration":30,"tweenEasing":0},{"duration":30,"tweenEasing":0,"rotate":1.39},{"duration":0}]},{"name":"niteluo_dj_gebo_003","rotateFrame":[{"duration":30,"tweenEasing":0,"rotate":-18},{"duration":30,"tweenEasing":0,"rotate":-5.93},{"duration":0,"rotate":-18}]},{"name":"niteluo_dj_gebo_004","rotateFrame":[{"duration":30,"tweenEasing":0,"rotate":8.58},{"duration":30,"tweenEasing":0,"rotate":2.68},{"duration":0,"rotate":8.58}],"scaleFrame":[{"duration":30,"tweenEasing":0},{"duration":30,"tweenEasing":0,"x":1.12},{"duration":0}]},{"name":"niteluo_dj_gebo_001","rotateFrame":[{"duration":30,"tweenEasing":0},{"duration":30,"tweenEasing":0,"rotate":-8.49},{"duration":0}]},{"name":"niteluo_dj_gebo_002","translateFrame":[{"duration":30,"tweenEasing":0},{"duration":30,"tweenEasing":0,"x":2.46,"y":0.85},{"duration":0}],"rotateFrame":[{"duration":30,"tweenEasing":0,"rotate":113.57},{"duration":30,"tweenEasing":0,"rotate":128.89},{"duration":0,"rotate":113.57}]},{"name":"niteluo_dj_shou_002","rotateFrame":[{"duration":30,"tweenEasing":0},{"duration":30,"tweenEasing":0,"rotate":-10.56},{"duration":0}]},{"name":"1","translateFrame":[{"duration":30,"tweenEasing":0,"x":41.82,"y":-54.68},{"duration":30,"tweenEasing":0,"x":39.92,"y":-65.3},{"duration":0,"x":41.82,"y":-54.68}]},{"name":"niteluo_dj_tui_002","translateFrame":[{"duration":60,"x":-3.01,"y":-5.28}],"scaleFrame":[{"duration":60,"x":1.26}]},{"name":"2","translateFrame":[{"duration":30,"tweenEasing":0,"x":71.45,"y":-74.6},{"duration":30,"tweenEasing":0,"x":68.47,"y":-86.85},{"duration":0,"x":71.45,"y":-74.6}]},{"name":"3","translateFrame":[{"duration":30,"tweenEasing":0,"x":-21.68,"y":-22.77},{"duration":30,"tweenEasing":0,"x":-23.53,"y":-19.03},{"duration":0,"x":-21.68,"y":-22.77}]},{"name":"4","translateFrame":[{"duration":30,"tweenEasing":0,"x":-39.95,"y":-14.87},{"duration":30,"tweenEasing":0,"x":-41.81,"y":-11.13},{"duration":0,"x":-39.95,"y":-14.87}]}],"slot":[{"name":"niteluo_dj_biyan_001","displayFrame":[{"duration":60}]}],"ik":[{"name":"1","frame":[{"duration":60,"bendPositive":false}]}]},{"duration":60,"name":"0028_shifa2","bone":[{"name":"niteluo_dj_pigu_001","translateFrame":[{"duration":30,"tweenEasing":0,"y":-11.36},{"duration":30,"tweenEasing":0,"x":1.57,"y":-20.49},{"duration":0,"y":-11.36}],"rotateFrame":[{"duration":60,"rotate":1.94}]},{"name":"shenzi","translateFrame":[{"duration":60,"x":-2.06,"y":0.06}],"rotateFrame":[{"duration":30,"tweenEasing":0,"rotate":6.06},{"duration":30,"tweenEasing":0,"rotate":4.79},{"duration":0,"rotate":6.06}]},{"name":"niteluo_dj_tou_001","translateFrame":[{"duration":30,"tweenEasing":0},{"duration":30,"tweenEasing":0,"x":0.85,"y":-1.83},{"duration":0}],"rotateFrame":[{"duration":30,"tweenEasing":0},{"duration":30,"tweenEasing":0,"rotate":1.39},{"duration":0}]},{"name":"niteluo_dj_gebo_003","rotateFrame":[{"duration":30,"tweenEasing":0,"rotate":-18},{"duration":30,"tweenEasing":0,"rotate":-5.93},{"duration":0,"rotate":-18}]},{"name":"niteluo_dj_gebo_004","rotateFrame":[{"duration":30,"tweenEasing":0,"rotate":8.58},{"duration":30,"tweenEasing":0,"rotate":2.68},{"duration":0,"rotate":8.58}],"scaleFrame":[{"duration":30,"tweenEasing":0},{"duration":30,"tweenEasing":0,"x":1.12},{"duration":0}]},{"name":"niteluo_dj_gebo_001","rotateFrame":[{"duration":30,"tweenEasing":0},{"duration":30,"tweenEasing":0,"rotate":-8.49},{"duration":0}]},{"name":"niteluo_dj_gebo_002","translateFrame":[{"duration":30,"tweenEasing":0},{"duration":30,"tweenEasing":0,"x":2.46,"y":0.85},{"duration":0}],"rotateFrame":[{"duration":30,"tweenEasing":0,"rotate":113.57},{"duration":30,"tweenEasing":0,"rotate":128.89},{"duration":0,"rotate":113.57}]},{"name":"niteluo_dj_shou_002","rotateFrame":[{"duration":30,"tweenEasing":0},{"duration":30,"tweenEasing":0,"rotate":-10.56},{"duration":0}]},{"name":"1","translateFrame":[{"duration":30,"tweenEasing":0,"x":41.82,"y":-54.68},{"duration":30,"tweenEasing":0,"x":39.92,"y":-65.3},{"duration":0,"x":41.82,"y":-54.68}]},{"name":"niteluo_dj_tui_002","translateFrame":[{"duration":60,"x":-3.01,"y":-5.28}],"scaleFrame":[{"duration":60,"x":1.26}]},{"name":"2","translateFrame":[{"duration":30,"tweenEasing":0,"x":71.45,"y":-74.6},{"duration":30,"tweenEasing":0,"x":68.47,"y":-86.85},{"duration":0,"x":71.45,"y":-74.6}]},{"name":"3","translateFrame":[{"duration":30,"tweenEasing":0,"x":-21.68,"y":-22.77},{"duration":30,"tweenEasing":0,"x":-23.53,"y":-19.03},{"duration":0,"x":-21.68,"y":-22.77}]},{"name":"4","translateFrame":[{"duration":30,"tweenEasing":0,"x":-39.95,"y":-14.87},{"duration":30,"tweenEasing":0,"x":-41.81,"y":-11.13},{"duration":0,"x":-39.95,"y":-14.87}]}],"slot":[{"name":"niteluo_dj_biyan_001","displayFrame":[{"duration":60}]}],"ik":[{"name":"1","frame":[{"duration":60,"bendPositive":false}]}]},{"duration":45,"name":"0029_bisha_yanshi","bone":[{"name":"niteluo_dj_pigu_001","translateFrame":[{"duration":20,"curve":[0,0.74,0.75,1]},{"duration":10,"curve":[0.25,0,1,0.45],"x":-15.55,"y":-2.02},{"duration":5,"tweenEasing":0,"x":-7.43,"y":15.39},{"duration":10,"tweenEasing":0,"x":-6.85,"y":18.85},{"duration":0,"x":-7.43,"y":15.39}],"rotateFrame":[{"duration":20,"curve":[0,0.74,0.75,1]},{"duration":10,"curve":[0.25,0,1,0.45]},{"duration":15,"rotate":8.3}]},{"name":"shenzi","rotateFrame":[{"duration":20},{"duration":10,"curve":[0.25,0,1,0.45]},{"duration":15,"rotate":15.47}]},{"name":"niteluo_dj_tou_001","translateFrame":[{"duration":20},{"duration":10,"curve":[0.25,0,1,0.45]},{"duration":15,"x":-2.09,"y":0.07}],"rotateFrame":[{"duration":20},{"duration":10,"curve":[0.25,0,1,0.45]},{"duration":5,"tweenEasing":0,"rotate":-19.27},{"duration":10,"tweenEasing":0,"rotate":-18.88},{"duration":0,"rotate":-19.27}]},{"name":"niteluo_dj_gebo_003","rotateFrame":[{"duration":20,"curve":[0,0.74,0.75,1]},{"duration":10,"curve":[0.25,0,1,0.45],"rotate":-11.49},{"duration":15,"rotate":-11.13}]},{"name":"niteluo_dj_gebo_004","rotateFrame":[{"duration":20,"curve":[0,0.74,0.75,1]},{"duration":10,"curve":[0.25,0,1,0.45],"rotate":64.63},{"duration":5,"tweenEasing":0,"rotate":18.05},{"duration":10,"tweenEasing":0,"rotate":15.98},{"duration":0,"rotate":18.05}]},{"name":"niteluo_dj_shou_001","rotateFrame":[{"duration":20},{"duration":10,"curve":[0.25,0,1,0.45]},{"duration":5,"tweenEasing":0,"rotate":-14.43},{"duration":10,"tweenEasing":0,"rotate":-16.58},{"duration":0,"rotate":-14.43}]},{"name":"niteluo_dj_gebo_001","rotateFrame":[{"duration":20,"curve":[0,0.74,0.75,1]},{"duration":7,"curve":[0.23,0,0.8574999999999999,0.425],"rotate":-96.31},{"duration":3,"curve":[0.6,0.3,1,0.64],"rotate":-91.11},{"duration":5,"tweenEasing":0,"rotate":11.08},{"duration":10,"tweenEasing":0,"rotate":11.73},{"duration":0,"rotate":11.08}],"scaleFrame":[{"duration":20,"curve":[0,0.74,0.75,1]},{"duration":7,"curve":[0.23,0,0.8574999999999999,0.425],"x":1.61},{"duration":3,"curve":[0.6,0.3,1,0.64],"x":1.61},{"duration":15,"x":1.22}]},{"name":"niteluo_dj_gebo_002","rotateFrame":[{"duration":20,"curve":[0,0.74,0.75,1]},{"duration":7,"curve":[0.21,0,0.715,0.4],"rotate":-1.84},{"duration":3,"curve":[0.6,0.3,1,0.64],"rotate":16.1},{"duration":15,"rotate":39.23}]},{"name":"niteluo_dj_shou_002","rotateFrame":[{"duration":20,"curve":[0,0.74,0.75,1]},{"duration":10,"curve":[0.25,0,1,0.45],"rotate":6.15},{"duration":15,"rotate":18.65}],"scaleFrame":[{"duration":20,"curve":[0,0.74,0.75,1]},{"duration":10,"curve":[0.25,0,1,0.45]},{"duration":15,"x":0.75,"y":1.19}]},{"name":"3","translateFrame":[{"duration":20},{"duration":10,"curve":[0.25,0,1,0.45]},{"duration":15,"x":-2.61}]},{"name":"4","translateFrame":[{"duration":20},{"duration":10,"curve":[0.25,0,1,0.45]},{"duration":15,"x":-2.61}]}]},{"duration":30,"name":"0030_bisha_xuli","bone":[{"name":"niteluo_dj_pigu_001","translateFrame":[{"duration":20,"curve":[0,0.74,0.75,1]},{"duration":10,"curve":[0.25,0,1,0.45],"x":-15.55,"y":-2.02},{"duration":0,"x":-7.43,"y":15.39}],"rotateFrame":[{"duration":20,"curve":[0,0.74,0.75,1]},{"duration":10,"curve":[0.25,0,1,0.45]},{"duration":0,"rotate":8.3}]},{"name":"shenzi","rotateFrame":[{"duration":20},{"duration":10,"curve":[0.25,0,1,0.45]},{"duration":0,"rotate":15.47}]},{"name":"niteluo_dj_tou_001","translateFrame":[{"duration":20},{"duration":10,"curve":[0.25,0,1,0.45]},{"duration":0,"x":-2.09,"y":0.07}],"rotateFrame":[{"duration":20},{"duration":10,"curve":[0.25,0,1,0.45]},{"duration":0,"rotate":-19.27}]},{"name":"niteluo_dj_gebo_003","rotateFrame":[{"duration":20,"curve":[0,0.74,0.75,1]},{"duration":10,"curve":[0.25,0,1,0.45],"rotate":-11.49},{"duration":0,"rotate":-11.13}]},{"name":"niteluo_dj_gebo_004","rotateFrame":[{"duration":20,"curve":[0,0.74,0.75,1]},{"duration":10,"curve":[0.25,0,1,0.45],"rotate":64.63},{"duration":0,"rotate":18.05}]},{"name":"niteluo_dj_shou_001","rotateFrame":[{"duration":20},{"duration":10,"curve":[0.25,0,1,0.45]},{"duration":0,"rotate":-14.43}]},{"name":"niteluo_dj_gebo_001","rotateFrame":[{"duration":20,"curve":[0,0.74,0.75,1]},{"duration":7,"curve":[0.23,0,0.8574999999999999,0.425],"rotate":-96.31},{"duration":3,"curve":[0.6,0.3,1,0.64],"rotate":-91.11},{"duration":0,"rotate":11.08}],"scaleFrame":[{"duration":20,"curve":[0,0.74,0.75,1]},{"duration":7,"curve":[0.23,0,0.8574999999999999,0.425],"x":1.61},{"duration":3,"curve":[0.6,0.3,1,0.64],"x":1.61},{"duration":0,"x":1.22}]},{"name":"niteluo_dj_gebo_002","rotateFrame":[{"duration":20,"curve":[0,0.74,0.75,1]},{"duration":7,"curve":[0.21,0,0.715,0.4],"rotate":-1.84},{"duration":3,"curve":[0.6,0.3,1,0.64],"rotate":16.1},{"duration":0,"rotate":39.23}]},{"name":"niteluo_dj_shou_002","rotateFrame":[{"duration":20,"curve":[0,0.74,0.75,1]},{"duration":10,"curve":[0.25,0,1,0.45],"rotate":6.15},{"duration":0,"rotate":18.65}],"scaleFrame":[{"duration":20,"curve":[0,0.74,0.75,1]},{"duration":10,"curve":[0.25,0,1,0.45]},{"duration":0,"x":0.75,"y":1.19}]},{"name":"3","translateFrame":[{"duration":20},{"duration":10,"curve":[0.25,0,1,0.45]},{"duration":0,"x":-2.61}]},{"name":"4","translateFrame":[{"duration":20},{"duration":10,"curve":[0.25,0,1,0.45]},{"duration":0,"x":-2.61}]}]},{"duration":30,"name":"0031_bisha_qujian1","bone":[{"name":"niteluo_dj_pigu_001","translateFrame":[{"duration":5,"tweenEasing":0,"x":-7.43,"y":15.39},{"duration":10,"tweenEasing":0,"x":-6.85,"y":18.85},{"duration":5,"tweenEasing":0,"x":-7.43,"y":15.39},{"duration":10,"tweenEasing":0,"x":-6.85,"y":18.85},{"duration":0,"x":-7.43,"y":15.39}],"rotateFrame":[{"duration":30,"rotate":8.3}]},{"name":"shenzi","rotateFrame":[{"duration":30,"rotate":15.47}]},{"name":"niteluo_dj_tou_001","translateFrame":[{"duration":30,"x":-2.09,"y":0.07}],"rotateFrame":[{"duration":5,"tweenEasing":0,"rotate":-19.27},{"duration":10,"tweenEasing":0,"rotate":-18.88},{"duration":5,"tweenEasing":0,"rotate":-19.27},{"duration":10,"tweenEasing":0,"rotate":-18.88},{"duration":0,"rotate":-19.27}]},{"name":"niteluo_dj_gebo_003","rotateFrame":[{"duration":30,"rotate":-11.13}]},{"name":"niteluo_dj_gebo_004","rotateFrame":[{"duration":5,"tweenEasing":0,"rotate":18.05},{"duration":10,"tweenEasing":0,"rotate":15.98},{"duration":5,"tweenEasing":0,"rotate":18.05},{"duration":10,"tweenEasing":0,"rotate":15.98},{"duration":0,"rotate":18.05}]},{"name":"niteluo_dj_shou_001","rotateFrame":[{"duration":5,"tweenEasing":0,"rotate":-14.43},{"duration":10,"tweenEasing":0,"rotate":-16.58},{"duration":5,"tweenEasing":0,"rotate":-14.43},{"duration":10,"tweenEasing":0,"rotate":-16.58},{"duration":0,"rotate":-14.43}]},{"name":"niteluo_dj_gebo_001","rotateFrame":[{"duration":5,"tweenEasing":0,"rotate":11.08},{"duration":10,"tweenEasing":0,"rotate":11.73},{"duration":5,"tweenEasing":0,"rotate":11.08},{"duration":10,"tweenEasing":0,"rotate":11.73},{"duration":0,"rotate":11.08}],"scaleFrame":[{"duration":30,"x":1.22}]},{"name":"niteluo_dj_gebo_002","rotateFrame":[{"duration":30,"rotate":39.23}]},{"name":"niteluo_dj_shou_002","rotateFrame":[{"duration":30,"rotate":18.65}],"scaleFrame":[{"duration":30,"x":0.75,"y":1.19}]},{"name":"3","translateFrame":[{"duration":30,"x":-2.61}]},{"name":"4","translateFrame":[{"duration":30,"x":-2.61}]}]},{"duration":30,"name":"0032_bisha_qujian2","bone":[{"name":"niteluo_dj_pigu_001","translateFrame":[{"duration":30,"tweenEasing":0,"x":-7.43,"y":15.39},{"duration":0}],"rotateFrame":[{"duration":30,"tweenEasing":0,"rotate":8.3},{"duration":0}]},{"name":"shenzi","rotateFrame":[{"duration":30,"tweenEasing":0,"rotate":15.47},{"duration":0}]},{"name":"niteluo_dj_tou_001","translateFrame":[{"duration":30,"tweenEasing":0,"x":-2.09,"y":0.07},{"duration":0}],"rotateFrame":[{"duration":30,"tweenEasing":0,"rotate":-19.27},{"duration":0}]},{"name":"niteluo_dj_gebo_003","rotateFrame":[{"duration":30,"tweenEasing":0,"rotate":-11.13},{"duration":0}]},{"name":"niteluo_dj_gebo_004","rotateFrame":[{"duration":30,"tweenEasing":0,"rotate":18.05},{"duration":0}]},{"name":"niteluo_dj_shou_001","rotateFrame":[{"duration":30,"tweenEasing":0,"rotate":-14.43},{"duration":0}]},{"name":"niteluo_dj_gebo_001","rotateFrame":[{"duration":30,"tweenEasing":0,"rotate":11.08},{"duration":0}],"scaleFrame":[{"duration":30,"tweenEasing":0,"x":1.22},{"duration":0}]},{"name":"niteluo_dj_gebo_002","rotateFrame":[{"duration":30,"tweenEasing":0,"rotate":39.23},{"duration":0}]},{"name":"niteluo_dj_shou_002","rotateFrame":[{"duration":30,"tweenEasing":0,"rotate":18.65},{"duration":0}],"scaleFrame":[{"duration":30,"tweenEasing":0,"x":0.75,"y":1.19},{"duration":0}]},{"name":"3","translateFrame":[{"duration":30,"tweenEasing":0,"x":-2.61},{"duration":0}]},{"name":"4","translateFrame":[{"duration":30,"tweenEasing":0,"x":-2.61},{"duration":0}]}]}],"defaultActions":[{"gotoAndPlay":"0000_chuchang"}]}]}