{"frameRate":30,"name":"cj_bangzhan_feiting","version":"5.5","compatibleVersion":"5.5","armature":[{"type":"Armature","frameRate":30,"name":"armatureName","bone":[{"name":"root"},{"length":46,"name":"ship1","parent":"root","transform":{"x":5.34,"y":-13.86,"skX":-93.85,"skY":-93.85,"scX":1.215,"scY":1.215}},{"length":98,"name":"ship2","parent":"root","transform":{"x":-7.33,"y":-15.9,"skX":-5.95,"skY":-5.95,"scX":1.25,"scY":1.25}},{"length":38,"name":"ship3","parent":"root","transform":{"x":-4.58,"y":-21.21,"skX":51.19,"skY":51.19,"scX":0.988,"scY":0.988}},{"length":55,"name":"ship4","parent":"root","transform":{"x":-5.23,"y":-4.55,"skX":-9.27,"skY":-9.27,"scX":1.31,"scY":1.31}},{"length":43,"name":"ship5","parent":"root","transform":{"x":-12.9,"y":-8.65,"skX":13.18,"skY":13.18,"scX":1.24,"scY":1.24}},{"length":69,"name":"ship6","parent":"root","transform":{"x":27.99,"y":-8.15,"skX":-176.33,"skY":-176.33,"scX":1.244,"scY":1.244}}],"slot":[{"displayIndex":-1,"name":"back","parent":"root"},{"displayIndex":-1,"name":"ship1","parent":"ship1"},{"displayIndex":-1,"name":"ship1d","parent":"ship1"},{"displayIndex":-1,"name":"ship2","parent":"ship2"},{"displayIndex":-1,"name":"ship2d","parent":"ship2"},{"displayIndex":-1,"name":"ship3","parent":"ship3"},{"displayIndex":-1,"name":"ship3d","parent":"ship3"},{"displayIndex":-1,"name":"ship4","parent":"ship4"},{"displayIndex":-1,"name":"ship4d","parent":"ship4"},{"displayIndex":-1,"name":"ship5","parent":"ship5"},{"displayIndex":-1,"name":"ship5d","parent":"ship5"},{"displayIndex":-1,"name":"ship6","parent":"ship6"},{"displayIndex":-1,"name":"image","parent":"root"}],"skin":[{"slot":[{"name":"ship4","display":[{"name":"ship4","transform":{"x":13.78,"y":-10.76,"skX":9.29,"skY":9.29}}]},{"name":"ship1d","display":[{"name":"ship1d","transform":{"x":10.56,"y":-0.04,"skX":93.85,"skY":93.85}}]},{"name":"ship3","display":[{"name":"ship3","transform":{"x":5.58,"y":-0.26,"skX":-50.99,"skY":-50.99}}]},{"name":"ship1","display":[{"name":"ship1","transform":{"x":10.56,"y":-0.02,"skX":93.85,"skY":93.85}}]},{"name":"ship4d","display":[{"name":"ship4d","transform":{"x":13.77,"y":-10.78,"skX":9.29,"skY":9.29}}]},{"name":"ship5d","display":[{"name":"ship5d","transform":{"x":9.44,"y":-4.95,"skX":-13.2,"skY":-13.2}}]},{"name":"ship2","display":[{"name":"ship2","transform":{"x":18.45,"y":-4.73,"skX":5.94,"skY":5.94}}]},{"name":"ship2d","display":[{"name":"ship2d","transform":{"x":18.41,"y":-4.73,"skX":5.94,"skY":5.94}}]},{"name":"ship5","display":[{"name":"ship5","transform":{"x":9.44,"y":-4.92,"skX":-13.2,"skY":-13.2}}]},{"name":"ship6","display":[{"name":"ship6","transform":{"x":30.68,"y":1.19,"skX":173.28,"skY":173.28}}]},{"name":"ship3d","display":[{"name":"ship3d","transform":{"x":5.52,"y":-0.18,"skX":-50.99,"skY":-50.99}}]}]}],"animation":[{"duration":240,"name":"battle","bone":[{"name":"ship1","translateFrame":[{"duration":120,"tweenEasing":0},{"duration":120,"tweenEasing":0,"x":9.53,"y":-11.44},{"duration":0}],"rotateFrame":[{"duration":120,"tweenEasing":0},{"duration":120,"tweenEasing":0,"rotate":-3.08},{"duration":0}]},{"name":"ship2","translateFrame":[{"duration":60,"tweenEasing":0},{"duration":60,"tweenEasing":0,"x":-7.63,"y":13.35},{"duration":60,"tweenEasing":0,"y":26.71},{"duration":60,"tweenEasing":0,"x":5.72,"y":13.35},{"duration":0}],"rotateFrame":[{"duration":60,"tweenEasing":0},{"duration":60,"tweenEasing":0},{"duration":60,"tweenEasing":0,"rotate":0.56},{"duration":60,"tweenEasing":0,"rotate":0.56},{"duration":0}],"scaleFrame":[{"duration":60,"tweenEasing":0},{"duration":60,"tweenEasing":0},{"duration":60,"tweenEasing":0,"x":1.02},{"duration":60,"tweenEasing":0,"x":1.02},{"duration":0}]},{"name":"ship3","translateFrame":[{"duration":120,"tweenEasing":0},{"duration":120,"tweenEasing":0,"y":-1.9},{"duration":0}],"rotateFrame":[{"duration":120,"tweenEasing":0},{"duration":120,"tweenEasing":0,"rotate":1.12},{"duration":0}],"scaleFrame":[{"duration":120,"tweenEasing":0},{"duration":120,"tweenEasing":0,"x":0.94},{"duration":0}]},{"name":"ship4","translateFrame":[{"duration":120,"tweenEasing":0},{"duration":120,"tweenEasing":0,"x":-1.9,"y":-9.54},{"duration":0}],"rotateFrame":[{"duration":120,"tweenEasing":0},{"duration":120,"tweenEasing":0,"rotate":-1.85},{"duration":0}]},{"name":"ship5","translateFrame":[{"duration":120,"tweenEasing":0},{"duration":120,"tweenEasing":0,"y":11.44},{"duration":0}]}],"slot":[{"name":"ship2","displayFrame":[{"duration":240}]}]},{"duration":240,"name":"battle2","bone":[{"name":"ship1","translateFrame":[{"duration":120,"tweenEasing":0},{"duration":120,"tweenEasing":0,"x":9.53,"y":-11.44},{"duration":0}],"rotateFrame":[{"duration":120,"tweenEasing":0},{"duration":120,"tweenEasing":0,"rotate":-3.08},{"duration":0}]},{"name":"ship2","translateFrame":[{"duration":60,"tweenEasing":0},{"duration":60,"tweenEasing":0,"x":-7.63,"y":13.35},{"duration":60,"tweenEasing":0,"y":26.71},{"duration":60,"tweenEasing":0,"x":5.72,"y":13.35},{"duration":0}],"rotateFrame":[{"duration":60,"tweenEasing":0},{"duration":60,"tweenEasing":0},{"duration":60,"tweenEasing":0,"rotate":0.56},{"duration":60,"tweenEasing":0,"rotate":0.56},{"duration":0}],"scaleFrame":[{"duration":60,"tweenEasing":0},{"duration":60,"tweenEasing":0},{"duration":60,"tweenEasing":0,"x":1.02},{"duration":60,"tweenEasing":0,"x":1.02},{"duration":0}]},{"name":"ship3","translateFrame":[{"duration":120,"tweenEasing":0},{"duration":120,"tweenEasing":0,"y":-1.9},{"duration":0}],"rotateFrame":[{"duration":120,"tweenEasing":0},{"duration":120,"tweenEasing":0,"rotate":1.12},{"duration":0}],"scaleFrame":[{"duration":120,"tweenEasing":0},{"duration":120,"tweenEasing":0,"x":0.94},{"duration":0}]},{"name":"ship4","translateFrame":[{"duration":120,"tweenEasing":0},{"duration":120,"tweenEasing":0,"x":-1.9,"y":-9.54},{"duration":0}],"rotateFrame":[{"duration":120,"tweenEasing":0},{"duration":120,"tweenEasing":0,"rotate":-1.85},{"duration":0}]},{"name":"ship5","translateFrame":[{"duration":120,"tweenEasing":0},{"duration":120,"tweenEasing":0,"y":11.44},{"duration":0}]}],"slot":[{"name":"ship4","displayFrame":[{"duration":240}]}]},{"duration":240,"name":"battle3","bone":[{"name":"ship1","translateFrame":[{"duration":120,"tweenEasing":0},{"duration":120,"tweenEasing":0,"x":9.53,"y":-11.44},{"duration":0}],"rotateFrame":[{"duration":120,"tweenEasing":0},{"duration":120,"tweenEasing":0,"rotate":-3.08},{"duration":0}]},{"name":"ship2","translateFrame":[{"duration":60,"tweenEasing":0},{"duration":60,"tweenEasing":0,"x":-7.63,"y":13.35},{"duration":60,"tweenEasing":0,"y":26.71},{"duration":60,"tweenEasing":0,"x":5.72,"y":13.35},{"duration":0}],"rotateFrame":[{"duration":60,"tweenEasing":0},{"duration":60,"tweenEasing":0},{"duration":60,"tweenEasing":0,"rotate":0.56},{"duration":60,"tweenEasing":0,"rotate":0.56},{"duration":0}],"scaleFrame":[{"duration":60,"tweenEasing":0},{"duration":60,"tweenEasing":0},{"duration":60,"tweenEasing":0,"x":1.02},{"duration":60,"tweenEasing":0,"x":1.02},{"duration":0}]},{"name":"ship3","translateFrame":[{"duration":120,"tweenEasing":0},{"duration":120,"tweenEasing":0,"y":-1.9},{"duration":0}],"rotateFrame":[{"duration":120,"tweenEasing":0},{"duration":120,"tweenEasing":0,"rotate":1.12},{"duration":0}],"scaleFrame":[{"duration":120,"tweenEasing":0},{"duration":120,"tweenEasing":0,"x":0.94},{"duration":0}]},{"name":"ship4","translateFrame":[{"duration":120,"tweenEasing":0},{"duration":120,"tweenEasing":0,"x":-1.9,"y":-9.54},{"duration":0}],"rotateFrame":[{"duration":120,"tweenEasing":0},{"duration":120,"tweenEasing":0,"rotate":-1.85},{"duration":0}]},{"name":"ship5","translateFrame":[{"duration":120,"tweenEasing":0},{"duration":120,"tweenEasing":0,"y":11.44},{"duration":0}]}],"slot":[{"name":"ship1","displayFrame":[{"duration":240}]}]},{"duration":240,"name":"battle4","bone":[{"name":"ship1","translateFrame":[{"duration":120,"tweenEasing":0},{"duration":120,"tweenEasing":0,"x":9.53,"y":-11.44},{"duration":0}],"rotateFrame":[{"duration":120,"tweenEasing":0},{"duration":120,"tweenEasing":0,"rotate":-3.08},{"duration":0}]},{"name":"ship2","translateFrame":[{"duration":60,"tweenEasing":0},{"duration":60,"tweenEasing":0,"x":-7.63,"y":13.35},{"duration":60,"tweenEasing":0,"y":26.71},{"duration":60,"tweenEasing":0,"x":5.72,"y":13.35},{"duration":0}],"rotateFrame":[{"duration":60,"tweenEasing":0},{"duration":60,"tweenEasing":0},{"duration":60,"tweenEasing":0,"rotate":0.56},{"duration":60,"tweenEasing":0,"rotate":0.56},{"duration":0}],"scaleFrame":[{"duration":60,"tweenEasing":0},{"duration":60,"tweenEasing":0},{"duration":60,"tweenEasing":0,"x":1.02},{"duration":60,"tweenEasing":0,"x":1.02},{"duration":0}]},{"name":"ship3","translateFrame":[{"duration":120,"tweenEasing":0},{"duration":120,"tweenEasing":0,"y":-1.9},{"duration":0}],"rotateFrame":[{"duration":120,"tweenEasing":0},{"duration":120,"tweenEasing":0,"rotate":1.12},{"duration":0}],"scaleFrame":[{"duration":120,"tweenEasing":0},{"duration":120,"tweenEasing":0,"x":0.94},{"duration":0}]},{"name":"ship4","translateFrame":[{"duration":120,"tweenEasing":0},{"duration":120,"tweenEasing":0,"x":-1.9,"y":-9.54},{"duration":0}],"rotateFrame":[{"duration":120,"tweenEasing":0},{"duration":120,"tweenEasing":0,"rotate":-1.85},{"duration":0}]},{"name":"ship5","translateFrame":[{"duration":120,"tweenEasing":0},{"duration":120,"tweenEasing":0,"y":11.44},{"duration":0}]}],"slot":[{"name":"ship5","displayFrame":[{"duration":240}]}]},{"duration":240,"name":"battle5","bone":[{"name":"ship1","translateFrame":[{"duration":120,"tweenEasing":0},{"duration":120,"tweenEasing":0,"x":9.53,"y":-11.44},{"duration":0}],"rotateFrame":[{"duration":120,"tweenEasing":0},{"duration":120,"tweenEasing":0,"rotate":-3.08},{"duration":0}]},{"name":"ship2","translateFrame":[{"duration":60,"tweenEasing":0},{"duration":60,"tweenEasing":0,"x":-7.63,"y":13.35},{"duration":60,"tweenEasing":0,"y":26.71},{"duration":60,"tweenEasing":0,"x":5.72,"y":13.35},{"duration":0}],"rotateFrame":[{"duration":60,"tweenEasing":0},{"duration":60,"tweenEasing":0},{"duration":60,"tweenEasing":0,"rotate":0.56},{"duration":60,"tweenEasing":0,"rotate":0.56},{"duration":0}],"scaleFrame":[{"duration":60,"tweenEasing":0},{"duration":60,"tweenEasing":0},{"duration":60,"tweenEasing":0,"x":1.02},{"duration":60,"tweenEasing":0,"x":1.02},{"duration":0}]},{"name":"ship3","translateFrame":[{"duration":120,"tweenEasing":0},{"duration":120,"tweenEasing":0,"y":-1.9},{"duration":0}],"rotateFrame":[{"duration":120,"tweenEasing":0},{"duration":120,"tweenEasing":0,"rotate":1.12},{"duration":0}],"scaleFrame":[{"duration":120,"tweenEasing":0},{"duration":120,"tweenEasing":0,"x":0.94},{"duration":0}]},{"name":"ship4","translateFrame":[{"duration":120,"tweenEasing":0},{"duration":120,"tweenEasing":0,"x":-1.9,"y":-9.54},{"duration":0}],"rotateFrame":[{"duration":120,"tweenEasing":0},{"duration":120,"tweenEasing":0,"rotate":-1.85},{"duration":0}]},{"name":"ship5","translateFrame":[{"duration":120,"tweenEasing":0},{"duration":120,"tweenEasing":0,"y":11.44},{"duration":0}]}],"slot":[{"name":"ship3","displayFrame":[{"duration":240}]}]},{"duration":240,"name":"battle6","bone":[{"name":"ship1","translateFrame":[{"duration":120,"tweenEasing":0},{"duration":120,"tweenEasing":0,"x":9.53,"y":-11.44},{"duration":0}],"rotateFrame":[{"duration":120,"tweenEasing":0},{"duration":120,"tweenEasing":0,"rotate":-3.08},{"duration":0}]},{"name":"ship2","translateFrame":[{"duration":60,"tweenEasing":0},{"duration":60,"tweenEasing":0,"x":-7.63,"y":13.35},{"duration":60,"tweenEasing":0,"y":26.71},{"duration":60,"tweenEasing":0,"x":5.72,"y":13.35},{"duration":0}],"rotateFrame":[{"duration":60,"tweenEasing":0},{"duration":60,"tweenEasing":0},{"duration":60,"tweenEasing":0,"rotate":0.56},{"duration":60,"tweenEasing":0,"rotate":0.56},{"duration":0}],"scaleFrame":[{"duration":60,"tweenEasing":0},{"duration":60,"tweenEasing":0},{"duration":60,"tweenEasing":0,"x":1.02},{"duration":60,"tweenEasing":0,"x":1.02},{"duration":0}]},{"name":"ship3","translateFrame":[{"duration":120,"tweenEasing":0},{"duration":120,"tweenEasing":0,"y":-1.9},{"duration":0}],"rotateFrame":[{"duration":120,"tweenEasing":0},{"duration":120,"tweenEasing":0,"rotate":1.12},{"duration":0}],"scaleFrame":[{"duration":120,"tweenEasing":0},{"duration":120,"tweenEasing":0,"x":0.94},{"duration":0}]},{"name":"ship4","translateFrame":[{"duration":120,"tweenEasing":0},{"duration":120,"tweenEasing":0,"x":-1.9,"y":-9.54},{"duration":0}],"rotateFrame":[{"duration":120,"tweenEasing":0},{"duration":120,"tweenEasing":0,"rotate":-1.85},{"duration":0}]},{"name":"ship5","translateFrame":[{"duration":120,"tweenEasing":0},{"duration":120,"tweenEasing":0,"y":11.44},{"duration":0}]}],"slot":[{"name":"ship2d","displayFrame":[{"duration":240}]}]},{"duration":240,"name":"battle7","bone":[{"name":"ship1","translateFrame":[{"duration":120,"tweenEasing":0},{"duration":120,"tweenEasing":0,"x":9.53,"y":-11.44},{"duration":0}],"rotateFrame":[{"duration":120,"tweenEasing":0},{"duration":120,"tweenEasing":0,"rotate":-3.08},{"duration":0}]},{"name":"ship2","translateFrame":[{"duration":60,"tweenEasing":0},{"duration":60,"tweenEasing":0,"x":-7.63,"y":13.35},{"duration":60,"tweenEasing":0,"y":26.71},{"duration":60,"tweenEasing":0,"x":5.72,"y":13.35},{"duration":0}],"rotateFrame":[{"duration":60,"tweenEasing":0},{"duration":60,"tweenEasing":0},{"duration":60,"tweenEasing":0,"rotate":0.56},{"duration":60,"tweenEasing":0,"rotate":0.56},{"duration":0}],"scaleFrame":[{"duration":60,"tweenEasing":0},{"duration":60,"tweenEasing":0},{"duration":60,"tweenEasing":0,"x":1.02},{"duration":60,"tweenEasing":0,"x":1.02},{"duration":0}]},{"name":"ship3","translateFrame":[{"duration":120,"tweenEasing":0},{"duration":120,"tweenEasing":0,"y":-1.9},{"duration":0}],"rotateFrame":[{"duration":120,"tweenEasing":0},{"duration":120,"tweenEasing":0,"rotate":1.12},{"duration":0}],"scaleFrame":[{"duration":120,"tweenEasing":0},{"duration":120,"tweenEasing":0,"x":0.94},{"duration":0}]},{"name":"ship4","translateFrame":[{"duration":120,"tweenEasing":0},{"duration":120,"tweenEasing":0,"x":-1.9,"y":-9.54},{"duration":0}],"rotateFrame":[{"duration":120,"tweenEasing":0},{"duration":120,"tweenEasing":0,"rotate":-1.85},{"duration":0}]},{"name":"ship5","translateFrame":[{"duration":120,"tweenEasing":0},{"duration":120,"tweenEasing":0,"y":11.44},{"duration":0}]}],"slot":[{"name":"ship4d","displayFrame":[{"duration":240}]}]},{"duration":240,"name":"battle8","bone":[{"name":"ship1","translateFrame":[{"duration":120,"tweenEasing":0},{"duration":120,"tweenEasing":0,"x":9.53,"y":-11.44},{"duration":0}],"rotateFrame":[{"duration":120,"tweenEasing":0},{"duration":120,"tweenEasing":0,"rotate":-3.08},{"duration":0}]},{"name":"ship2","translateFrame":[{"duration":60,"tweenEasing":0},{"duration":60,"tweenEasing":0,"x":-7.63,"y":13.35},{"duration":60,"tweenEasing":0,"y":26.71},{"duration":60,"tweenEasing":0,"x":5.72,"y":13.35},{"duration":0}],"rotateFrame":[{"duration":60,"tweenEasing":0},{"duration":60,"tweenEasing":0},{"duration":60,"tweenEasing":0,"rotate":0.56},{"duration":60,"tweenEasing":0,"rotate":0.56},{"duration":0}],"scaleFrame":[{"duration":60,"tweenEasing":0},{"duration":60,"tweenEasing":0},{"duration":60,"tweenEasing":0,"x":1.02},{"duration":60,"tweenEasing":0,"x":1.02},{"duration":0}]},{"name":"ship3","translateFrame":[{"duration":120,"tweenEasing":0},{"duration":120,"tweenEasing":0,"y":-1.9},{"duration":0}],"rotateFrame":[{"duration":120,"tweenEasing":0},{"duration":120,"tweenEasing":0,"rotate":1.12},{"duration":0}],"scaleFrame":[{"duration":120,"tweenEasing":0},{"duration":120,"tweenEasing":0,"x":0.94},{"duration":0}]},{"name":"ship4","translateFrame":[{"duration":120,"tweenEasing":0},{"duration":120,"tweenEasing":0,"x":-1.9,"y":-9.54},{"duration":0}],"rotateFrame":[{"duration":120,"tweenEasing":0},{"duration":120,"tweenEasing":0,"rotate":-1.85},{"duration":0}]},{"name":"ship5","translateFrame":[{"duration":120,"tweenEasing":0},{"duration":120,"tweenEasing":0,"y":11.44},{"duration":0}]}],"slot":[{"name":"ship1d","displayFrame":[{"duration":240}]}]},{"duration":240,"name":"battle9","bone":[{"name":"ship1","translateFrame":[{"duration":120,"tweenEasing":0},{"duration":120,"tweenEasing":0,"x":9.53,"y":-11.44},{"duration":0}],"rotateFrame":[{"duration":120,"tweenEasing":0},{"duration":120,"tweenEasing":0,"rotate":-3.08},{"duration":0}]},{"name":"ship2","translateFrame":[{"duration":60,"tweenEasing":0},{"duration":60,"tweenEasing":0,"x":-7.63,"y":13.35},{"duration":60,"tweenEasing":0,"y":26.71},{"duration":60,"tweenEasing":0,"x":5.72,"y":13.35},{"duration":0}],"rotateFrame":[{"duration":60,"tweenEasing":0},{"duration":60,"tweenEasing":0},{"duration":60,"tweenEasing":0,"rotate":0.56},{"duration":60,"tweenEasing":0,"rotate":0.56},{"duration":0}],"scaleFrame":[{"duration":60,"tweenEasing":0},{"duration":60,"tweenEasing":0},{"duration":60,"tweenEasing":0,"x":1.02},{"duration":60,"tweenEasing":0,"x":1.02},{"duration":0}]},{"name":"ship3","translateFrame":[{"duration":120,"tweenEasing":0},{"duration":120,"tweenEasing":0,"y":-1.9},{"duration":0}],"rotateFrame":[{"duration":120,"tweenEasing":0},{"duration":120,"tweenEasing":0,"rotate":1.12},{"duration":0}],"scaleFrame":[{"duration":120,"tweenEasing":0},{"duration":120,"tweenEasing":0,"x":0.94},{"duration":0}]},{"name":"ship4","translateFrame":[{"duration":120,"tweenEasing":0},{"duration":120,"tweenEasing":0,"x":-1.9,"y":-9.54},{"duration":0}],"rotateFrame":[{"duration":120,"tweenEasing":0},{"duration":120,"tweenEasing":0,"rotate":-1.85},{"duration":0}]},{"name":"ship5","translateFrame":[{"duration":120,"tweenEasing":0},{"duration":120,"tweenEasing":0,"y":11.44},{"duration":0}]}],"slot":[{"name":"ship5d","displayFrame":[{"duration":240}]}]},{"duration":240,"name":"battle10","bone":[{"name":"ship1","translateFrame":[{"duration":120,"tweenEasing":0},{"duration":120,"tweenEasing":0,"x":9.53,"y":-11.44},{"duration":0}],"rotateFrame":[{"duration":120,"tweenEasing":0},{"duration":120,"tweenEasing":0,"rotate":-3.08},{"duration":0}]},{"name":"ship2","translateFrame":[{"duration":60,"tweenEasing":0},{"duration":60,"tweenEasing":0,"x":-7.63,"y":13.35},{"duration":60,"tweenEasing":0,"y":26.71},{"duration":60,"tweenEasing":0,"x":5.72,"y":13.35},{"duration":0}],"rotateFrame":[{"duration":60,"tweenEasing":0},{"duration":60,"tweenEasing":0},{"duration":60,"tweenEasing":0,"rotate":0.56},{"duration":60,"tweenEasing":0,"rotate":0.56},{"duration":0}],"scaleFrame":[{"duration":60,"tweenEasing":0},{"duration":60,"tweenEasing":0},{"duration":60,"tweenEasing":0,"x":1.02},{"duration":60,"tweenEasing":0,"x":1.02},{"duration":0}]},{"name":"ship3","translateFrame":[{"duration":120,"tweenEasing":0},{"duration":120,"tweenEasing":0,"y":-1.9},{"duration":0}],"rotateFrame":[{"duration":120,"tweenEasing":0},{"duration":120,"tweenEasing":0,"rotate":1.12},{"duration":0}],"scaleFrame":[{"duration":120,"tweenEasing":0},{"duration":120,"tweenEasing":0,"x":0.94},{"duration":0}]},{"name":"ship4","translateFrame":[{"duration":120,"tweenEasing":0},{"duration":120,"tweenEasing":0,"x":-1.9,"y":-9.54},{"duration":0}],"rotateFrame":[{"duration":120,"tweenEasing":0},{"duration":120,"tweenEasing":0,"rotate":-1.85},{"duration":0}]},{"name":"ship5","translateFrame":[{"duration":120,"tweenEasing":0},{"duration":120,"tweenEasing":0,"y":11.44},{"duration":0}]}],"slot":[{"name":"ship3d","displayFrame":[{"duration":240}]}]},{"duration":240,"name":"ready","bone":[{"name":"ship6","translateFrame":[{"duration":120,"tweenEasing":0},{"duration":120,"tweenEasing":0,"x":13.41,"y":19.57},{"duration":0}],"scaleFrame":[{"duration":120,"tweenEasing":0},{"duration":120,"tweenEasing":0,"x":0.97},{"duration":0}]}],"slot":[{"name":"ship6","displayFrame":[{"duration":240}]}]}],"defaultActions":[{"gotoAndPlay":"battle"}]}]}