{"frameRate":30,"isGlobal":0,"armature":[{"ik":[],"bone":[{"name":"root","transform":{}},{"length":145,"transform":{"y":-0.42,"skX":0.34,"skY":0.34,"x":-0.92},"parent":"root","name":"moyan_jiguang_eff/jiguang_eff"},{"transform":{"y":96,"x":116.12},"name":"moyan_jiguang_eff/nengliangjianzadi_00013","parent":"root"},{"transform":{"y":96,"x":263.99},"name":"moyan_jiguang_eff/nengliangjianzadi_13","parent":"root"},{"transform":{"y":96,"x":406.27},"name":"moyan_jiguang_eff/nengliangjianzadi_14","parent":"root"},{"transform":{"y":96,"x":548.56},"name":"moyan_jiguang_eff/nengliangjianzadi_15","parent":"root"},{"transform":{"y":96,"x":687.77},"name":"moyan_jiguang_eff/nengliangjianzadi_16","parent":"root"},{"transform":{"y":96,"x":824.07},"name":"moyan_jiguang_eff/nengliangjianzadi_17","parent":"root"},{"length":49,"transform":{},"parent":"root","name":"yanjing_eff/zi_fazhen_03_eff_03"},{"length":49,"transform":{"y":-89.35},"parent":"root","name":"yanjing_eff/zi_fazhen_03_eff_3"},{"length":49,"transform":{"y":-178.7},"parent":"root","name":"yanjing_eff/zi_fazhen_03_eff_4"},{"length":49,"transform":{"y":-268.05},"parent":"root","name":"yanjing_eff/zi_fazhen_03_eff_5"},{"length":49,"transform":{"y":-360.03},"parent":"root","name":"yanjing_eff/zi_fazhen_03_eff_6"},{"length":49,"transform":{"y":-446.75},"parent":"root","name":"yanjing_eff/zi_fazhen_03_eff_7"},{"length":49,"transform":{"y":-533.48},"parent":"root","name":"yanjing_eff/zi_fazhen_03_eff_8"},{"length":1561,"transform":{"y":-237.48,"x":3.95},"parent":"root","name":"ys_moyan_eff_pz"},{"transform":{"y":-0.01,"scX":0.33,"x":125.13},"name":"zi_fangshe_02_eff_03","parent":"root"},{"transform":{"y":-0.01,"scX":0.33,"x":197.02},"name":"zi_fangshe_02_eff_3","parent":"root"},{"transform":{"y":-0.01,"scX":0.33,"x":264.83},"name":"zi_fangshe_02_eff_4","parent":"root"},{"transform":{"y":-0.01,"scX":0.33,"x":327.74},"name":"zi_fangshe_02_eff_5","parent":"root"},{"transform":{"y":-0.01,"scX":0.33,"x":387.38},"name":"zi_fangshe_02_eff_6","parent":"root"}],"type":"Armature","frameRate":30,"animation":[{"ik":[],"bone":[{"frame":[{"transform":{"y":116.29,"scX":-1,"x":-3.78},"duration":15},{"tweenEasing":0,"transform":{"y":116.29,"scX":-1,"x":-3.78},"duration":5},{"transform":{"scY":2,"scX":-2},"duration":15},{"transform":{"scY":2,"scX":-2},"duration":3},{"tweenEasing":0,"transform":{"scY":2,"scX":-2},"duration":12},{"transform":{"scY":2,"scX":-2,"x":-23.24},"duration":0}],"name":"yanjing_eff/zi_fazhen_03_eff_03"},{"frame":[{"transform":{"y":143.06,"scX":-1,"x":52.45},"duration":15},{"tweenEasing":0,"transform":{"y":143.06,"scX":-1,"x":52.45},"duration":5},{"transform":{"scY":3.234,"y":89.35,"scX":-3.74},"duration":15},{"curve":[0,0.72,0.75,1],"transform":{"scY":3.234,"y":89.35,"scX":-3.74},"duration":3},{"tweenEasing":0,"transform":{"scY":1.783,"y":89.35,"scX":-1.656},"duration":12},{"transform":{"scY":1.783,"y":89.35,"scX":-1.656,"x":-25.82},"duration":0}],"name":"yanjing_eff/zi_fazhen_03_eff_3"},{"frame":[{"transform":{"y":126.95,"scX":-1,"x":51.21},"duration":15},{"tweenEasing":0,"transform":{"y":126.95,"scX":-1,"x":51.21},"duration":5},{"tweenEasing":0,"transform":{"scY":2.793,"y":177.99,"scX":-2.793,"x":1.36},"duration":15},{"curve":[0,0.72,0.75,1],"transform":{"scY":2.793,"y":178.7,"scX":-2.793},"duration":3},{"transform":{"scY":2.793,"y":178.7,"scX":-2.793,"x":81.35},"duration":12},{"transform":{"scY":2.793,"y":178.7,"scX":-2.793,"x":81.35},"duration":0}],"name":"yanjing_eff/zi_fazhen_03_eff_4"},{"frame":[{"transform":{"y":151.82,"scX":-1,"x":-2.99},"duration":15},{"tweenEasing":0,"transform":{"y":151.82,"scX":-1,"x":-2.99},"duration":5},{"tweenEasing":0,"transform":{"scY":2,"y":268.05,"scX":-2,"x":22.74},"duration":15},{"transform":{"scY":2,"y":268.05,"scX":-2,"x":49.97},"duration":3},{"transform":{"scY":2,"y":268.05,"scX":-2,"x":49.97},"duration":12},{"transform":{"scY":2,"y":268.05,"scX":-2,"x":49.97},"duration":0}],"name":"yanjing_eff/zi_fazhen_03_eff_5"},{"frame":[{"transform":{"y":308.01,"scX":-1,"x":-66.54},"duration":15},{"tweenEasing":0,"transform":{"y":308.01,"scX":-1,"x":-66.54},"duration":5},{"transform":{"scY":2,"y":360.03,"scX":-2},"duration":15},{"curve":[0,0.72,0.75,1],"transform":{"scY":2,"y":360.03,"scX":-2},"duration":3},{"tweenEasing":0,"transform":{"scY":2,"y":360.03,"scX":-2,"x":180.79},"duration":12},{"transform":{"scY":2,"y":360.03,"scX":-2,"x":246.65},"duration":0}],"name":"yanjing_eff/zi_fazhen_03_eff_6"},{"frame":[{"transform":{"y":499.22,"scX":-1,"x":-66.27},"duration":15},{"tweenEasing":0,"transform":{"y":499.22,"scX":-1,"x":-66.27},"duration":5},{"tweenEasing":0,"transform":{"scY":2,"y":446.75,"scX":-2,"x":1.36},"duration":2},{"tweenEasing":0,"transform":{"scY":2,"y":446.75,"scX":-2,"x":22.69},"duration":2},{"tweenEasing":0,"transform":{"scY":2,"y":446.75,"scX":-2,"x":1.36},"duration":2},{"tweenEasing":0,"transform":{"scY":2,"y":446.75,"scX":-2,"x":22.69},"duration":2},{"tweenEasing":0,"transform":{"scY":2,"y":446.75,"scX":-2,"x":1.36},"duration":2},{"tweenEasing":0,"transform":{"scY":2,"y":446.75,"scX":-2,"x":22.69},"duration":2},{"tweenEasing":0,"transform":{"scY":2,"y":446.75,"scX":-2,"x":1.36},"duration":2},{"transform":{"scY":2,"y":446.75,"scX":-2,"x":22.69},"duration":1},{"curve":[0,0.72,0.75,1],"transform":{"scY":2,"y":446.75,"scX":-2,"x":22.69},"duration":3},{"tweenEasing":0,"transform":{"scY":2,"y":446.75,"scX":-2,"x":171.2},"duration":12},{"transform":{"scY":2,"y":446.75,"scX":-2,"x":233.19},"duration":0}],"name":"yanjing_eff/zi_fazhen_03_eff_7"},{"frame":[{"transform":{"y":535.75,"scX":-1,"x":-4.54},"duration":15},{"tweenEasing":0,"transform":{"y":535.75,"scX":-1,"x":-4.54},"duration":5},{"transform":{"scY":2,"y":533.48,"scX":-2},"duration":15},{"curve":[0,0.72,0.75,1],"transform":{"scY":2,"y":533.48,"scX":-2},"duration":3},{"tweenEasing":0,"transform":{"scY":3.889,"y":533.48,"scX":-4.548,"x":86.67},"duration":12},{"transform":{"scY":4.845,"y":533.48,"scX":-5.163,"x":106.04},"duration":0}],"name":"yanjing_eff/zi_fazhen_03_eff_8"},{"frame":[{"tweenEasing":0,"transform":{"scY":0.753,"y":-171.24,"scX":0.753},"duration":15},{"tweenEasing":0,"transform":{"scY":0.753,"y":-171.24,"scX":0.753},"duration":5},{"tweenEasing":0,"transform":{"y":-171.24,"x":80.58},"duration":2},{"tweenEasing":0,"transform":{"scY":1.08,"y":-171.24,"scX":0.951,"x":80.58},"duration":2},{"tweenEasing":0,"transform":{"y":-171.24,"x":80.58},"duration":2},{"tweenEasing":0,"transform":{"scY":1.08,"y":-171.24,"scX":0.951,"x":80.58},"duration":2},{"tweenEasing":0,"transform":{"y":-171.24,"x":80.58},"duration":2},{"tweenEasing":0,"transform":{"scY":1.08,"y":-171.24,"scX":0.951,"x":80.58},"duration":2},{"tweenEasing":0,"transform":{"y":-171.24,"x":80.58},"duration":2},{"transform":{"scY":1.08,"y":-171.24,"scX":0.951,"x":80.58},"duration":1},{"transform":{"scY":1.08,"y":-171.24,"scX":0.951,"x":80.58},"duration":3},{"tweenEasing":0,"transform":{"scY":1.08,"y":-171.24,"scX":0.951,"x":80.58},"duration":12},{"transform":{"scY":1.08,"y":-171.24,"scX":0.951,"x":-48.92},"duration":0}],"name":"root"},{"frame":[{"tweenEasing":0,"transform":{},"duration":35},{"curve":[0,0.34,0.875,1],"transform":{},"duration":3},{"tweenEasing":0,"transform":{"skX":-0.19,"skY":-0.19,"scX":18.373},"duration":4},{"tweenEasing":0,"transform":{"scY":1.52,"skX":-0.19,"skY":-0.19,"scX":18.373},"duration":2},{"tweenEasing":0,"transform":{"skX":-0.19,"skY":-0.19,"scX":18.373},"duration":2},{"tweenEasing":0,"transform":{"scY":1.52,"skX":-0.19,"skY":-0.19,"scX":18.373},"duration":2},{"tweenEasing":0,"transform":{"skX":-0.19,"skY":-0.19,"scX":18.373},"duration":2},{"transform":{"scY":1.52,"skX":-0.19,"skY":-0.19,"scX":18.373},"duration":0}],"name":"moyan_jiguang_eff/jiguang_eff"},{"frame":[{"tweenEasing":0,"transform":{},"duration":35},{"tweenEasing":0,"transform":{"scY":3.423,"scX":3.423},"duration":3},{"tweenEasing":0,"transform":{"scY":3.76,"scX":3.76,"x":1089.04},"duration":12},{"transform":{"scY":5.027,"scX":5.027,"x":1089.04},"duration":0}],"name":"zi_fangshe_02_eff_6"},{"frame":[{"tweenEasing":0,"transform":{},"duration":35},{"tweenEasing":0,"transform":{"scY":3.423,"scX":3.423},"duration":3},{"tweenEasing":0,"transform":{"scY":1.972,"scX":1.972,"x":824.85},"duration":12},{"transform":{"scY":2.636,"scX":2.636,"x":824.85},"duration":0}],"name":"zi_fangshe_02_eff_5"},{"frame":[{"tweenEasing":0,"transform":{},"duration":35},{"tweenEasing":0,"transform":{"scY":3.423,"scX":3.423},"duration":3},{"tweenEasing":0,"transform":{"scY":5.421,"scX":5.421,"x":713.3},"duration":12},{"transform":{"scY":7.247,"scX":7.247,"x":713.3},"duration":0}],"name":"zi_fangshe_02_eff_4"},{"frame":[{"tweenEasing":0,"transform":{},"duration":35},{"tweenEasing":0,"transform":{"scY":3.423,"scX":3.423},"duration":3},{"tweenEasing":0,"transform":{"scY":3.195,"scX":3.195,"x":413.89},"duration":12},{"transform":{"scY":4.271,"scX":4.271,"x":413.89},"duration":0}],"name":"zi_fangshe_02_eff_3"},{"frame":[{"tweenEasing":0,"transform":{},"duration":35},{"tweenEasing":0,"transform":{"scY":3.423,"scX":3.423},"duration":3},{"tweenEasing":0,"transform":{"scY":2.929,"scX":2.929,"x":164.38},"duration":12},{"transform":{"scY":3.916,"scX":3.916,"x":164.38},"duration":0}],"name":"zi_fangshe_02_eff_03"},{"frame":[{"tweenEasing":0,"transform":{},"duration":35},{"transform":{"scY":1.62,"y":60.28,"scX":1.62},"duration":10},{"transform":{"scY":1.62,"y":60.28,"scX":1.62},"duration":5}],"name":"moyan_jiguang_eff/nengliangjianzadi_17"},{"frame":[{"tweenEasing":0,"transform":{},"duration":35},{"transform":{"scY":1.62,"y":60.28,"scX":1.62},"duration":10},{"transform":{"scY":1.62,"y":60.28,"scX":1.62},"duration":5}],"name":"moyan_jiguang_eff/nengliangjianzadi_15"},{"frame":[{"tweenEasing":0,"transform":{},"duration":35},{"transform":{"scY":1.62,"y":60.28,"scX":1.62},"duration":10},{"transform":{"scY":1.62,"y":60.28,"scX":1.62},"duration":5}],"name":"moyan_jiguang_eff/nengliangjianzadi_14"},{"frame":[{"tweenEasing":0,"transform":{},"duration":35},{"transform":{"scY":1.62,"y":60.28,"scX":1.62},"duration":10},{"transform":{"scY":1.62,"y":60.28,"scX":1.62},"duration":5}],"name":"moyan_jiguang_eff/nengliangjianzadi_13"},{"frame":[{"tweenEasing":0,"transform":{},"duration":35},{"transform":{"scY":1.62,"y":60.28,"scX":1.62},"duration":10},{"transform":{"scY":1.62,"y":60.28,"scX":1.62},"duration":5}],"name":"moyan_jiguang_eff/nengliangjianzadi_00013"},{"frame":[{"tweenEasing":0,"transform":{},"duration":35},{"transform":{"scY":1.62,"y":60.28,"scX":1.62},"duration":10},{"transform":{"scY":1.62,"y":60.28,"scX":1.62},"duration":5}],"name":"moyan_jiguang_eff/nengliangjianzadi_16"},{"frame":[{"tweenEasing":0,"transform":{},"duration":35},{"transform":{"y":236.43,"x":-88.12},"duration":15},{"transform":{"y":236.43,"x":-88.12},"duration":0}],"name":"ys_moyan_eff_pz"}],"slot":[{"frame":[{"displayIndex":-1,"tweenEasing":0,"duration":35},{"tweenEasing":0,"color":{"aM":0},"duration":3},{"tweenEasing":0,"duration":4},{"tweenEasing":0,"color":{"aM":78},"duration":2},{"tweenEasing":0,"duration":2},{"tweenEasing":0,"color":{"aM":78},"duration":2},{"tweenEasing":0,"duration":2},{"tweenEasing":null,"color":{"aM":0},"duration":0}],"name":"moyan_jiguang_eff/jiguang_eff"},{"frame":[{"displayIndex":-1,"tweenEasing":0,"duration":35},{"tweenEasing":0,"color":{"aM":0},"duration":2},{"displayIndex":1,"tweenEasing":0,"duration":2},{"displayIndex":2,"tweenEasing":0,"duration":6},{"displayIndex":2,"tweenEasing":null,"color":{"aM":0},"duration":5}],"name":"moyan_jiguang_eff/nengliangjianzadi_13"},{"frame":[{"displayIndex":-1,"tweenEasing":0,"duration":35},{"tweenEasing":0,"color":{"aM":0},"duration":2},{"displayIndex":1,"tweenEasing":0,"duration":2},{"displayIndex":2,"tweenEasing":0,"duration":6},{"displayIndex":2,"tweenEasing":null,"color":{"aM":0},"duration":5}],"name":"moyan_jiguang_eff/nengliangjianzadi_00013"},{"frame":[{"displayIndex":-1,"tweenEasing":0,"duration":35},{"tweenEasing":0,"color":{"aM":0},"duration":2},{"displayIndex":1,"tweenEasing":0,"duration":2},{"displayIndex":2,"tweenEasing":0,"duration":6},{"displayIndex":2,"tweenEasing":null,"color":{"aM":0},"duration":5}],"name":"moyan_jiguang_eff/nengliangjianzadi_14"},{"frame":[{"displayIndex":-1,"tweenEasing":0,"duration":35},{"tweenEasing":0,"color":{"aM":0},"duration":2},{"displayIndex":1,"tweenEasing":0,"duration":2},{"displayIndex":2,"tweenEasing":0,"duration":6},{"displayIndex":2,"tweenEasing":null,"color":{"aM":0},"duration":5}],"name":"moyan_jiguang_eff/nengliangjianzadi_15"},{"frame":[{"displayIndex":-1,"tweenEasing":0,"duration":35},{"tweenEasing":0,"color":{"aM":0},"duration":2},{"displayIndex":1,"tweenEasing":0,"duration":2},{"displayIndex":2,"tweenEasing":0,"duration":6},{"displayIndex":2,"tweenEasing":null,"color":{"aM":0},"duration":5}],"name":"moyan_jiguang_eff/nengliangjianzadi_16"},{"frame":[{"displayIndex":-1,"tweenEasing":0,"duration":35},{"tweenEasing":0,"color":{"aM":0},"duration":2},{"displayIndex":1,"tweenEasing":0,"duration":2},{"displayIndex":2,"tweenEasing":0,"duration":6},{"displayIndex":2,"tweenEasing":null,"color":{"aM":0},"duration":5}],"name":"moyan_jiguang_eff/nengliangjianzadi_17"},{"frame":[{"displayIndex":3,"tweenEasing":0,"duration":3},{"displayIndex":2,"tweenEasing":0,"duration":3},{"displayIndex":1,"tweenEasing":0,"duration":4},{"tweenEasing":0,"duration":5},{"tweenEasing":0,"duration":5},{"tweenEasing":0,"duration":15},{"tweenEasing":0,"duration":3},{"tweenEasing":0,"duration":4},{"tweenEasing":0,"duration":8},{"tweenEasing":null,"color":{"aM":0},"duration":0}],"name":"yanjing_eff/zi_fazhen_03_eff_03"},{"frame":[{"displayIndex":3,"tweenEasing":0,"duration":3},{"displayIndex":2,"tweenEasing":0,"duration":3},{"displayIndex":1,"tweenEasing":0,"duration":4},{"tweenEasing":0,"duration":5},{"tweenEasing":0,"duration":5},{"tweenEasing":0,"duration":15},{"tweenEasing":0,"duration":3},{"tweenEasing":0,"duration":7},{"tweenEasing":0,"duration":5},{"tweenEasing":null,"color":{"aM":0},"duration":0}],"name":"yanjing_eff/zi_fazhen_03_eff_3"},{"frame":[{"displayIndex":3,"tweenEasing":0,"duration":3},{"displayIndex":2,"tweenEasing":0,"duration":3},{"displayIndex":1,"tweenEasing":0,"duration":4},{"tweenEasing":0,"duration":5},{"tweenEasing":0,"duration":5},{"tweenEasing":0,"duration":2},{"tweenEasing":0,"color":{"aM":51},"duration":2},{"tweenEasing":0,"duration":2},{"tweenEasing":0,"color":{"aM":51},"duration":2},{"tweenEasing":0,"duration":2},{"tweenEasing":0,"color":{"aM":51},"duration":2},{"tweenEasing":0,"duration":2},{"tweenEasing":null,"color":{"aM":51},"duration":1},{"tweenEasing":0,"color":{"aM":51},"duration":3},{"tweenEasing":0,"color":{"aM":51},"duration":7},{"tweenEasing":0,"duration":5},{"tweenEasing":null,"color":{"aM":0},"duration":0}],"name":"yanjing_eff/zi_fazhen_03_eff_4"},{"frame":[{"displayIndex":3,"tweenEasing":0,"duration":3},{"displayIndex":2,"tweenEasing":0,"duration":3},{"displayIndex":1,"tweenEasing":0,"duration":4},{"tweenEasing":0,"duration":5},{"tweenEasing":0,"duration":5},{"tweenEasing":0,"duration":2},{"tweenEasing":0,"color":{"aM":0},"duration":2},{"tweenEasing":0,"duration":2},{"tweenEasing":0,"color":{"aM":0},"duration":2},{"tweenEasing":0,"duration":2},{"tweenEasing":0,"color":{"aM":0},"duration":2},{"tweenEasing":0,"duration":2},{"tweenEasing":null,"color":{"aM":0},"duration":1},{"tweenEasing":0,"color":{"aM":0},"duration":3},{"tweenEasing":0,"color":{"aM":0},"duration":7},{"tweenEasing":0,"duration":5},{"tweenEasing":null,"color":{"aM":0},"duration":0}],"name":"yanjing_eff/zi_fazhen_03_eff_5"},{"frame":[{"displayIndex":3,"tweenEasing":0,"duration":3},{"displayIndex":2,"tweenEasing":0,"duration":3},{"displayIndex":1,"tweenEasing":0,"duration":4},{"tweenEasing":0,"duration":5},{"tweenEasing":0,"duration":5},{"tweenEasing":0,"duration":15},{"tweenEasing":0,"duration":3},{"tweenEasing":0,"duration":7},{"tweenEasing":0,"duration":5},{"tweenEasing":null,"color":{"aM":0},"duration":0}],"name":"yanjing_eff/zi_fazhen_03_eff_6"},{"frame":[{"displayIndex":3,"tweenEasing":0,"duration":3},{"displayIndex":2,"tweenEasing":0,"duration":3},{"displayIndex":1,"tweenEasing":0,"duration":4},{"tweenEasing":0,"duration":5},{"tweenEasing":0,"duration":5},{"tweenEasing":0,"duration":15},{"tweenEasing":0,"duration":3},{"tweenEasing":0,"duration":7},{"tweenEasing":0,"duration":5},{"tweenEasing":null,"color":{"aM":0},"duration":0}],"name":"yanjing_eff/zi_fazhen_03_eff_7"},{"frame":[{"displayIndex":3,"tweenEasing":0,"duration":3},{"displayIndex":2,"tweenEasing":0,"duration":3},{"displayIndex":1,"tweenEasing":0,"duration":4},{"tweenEasing":0,"duration":5},{"tweenEasing":0,"duration":5},{"tweenEasing":0,"duration":15},{"tweenEasing":0,"duration":3},{"tweenEasing":0,"duration":7},{"tweenEasing":0,"duration":5},{"tweenEasing":null,"color":{"aM":0},"duration":0}],"name":"yanjing_eff/zi_fazhen_03_eff_8"},{"frame":[{"displayIndex":-1,"tweenEasing":0,"duration":35},{"tweenEasing":0,"duration":15},{"displayIndex":-1,"tweenEasing":null,"duration":0}],"name":"ys_moyan_eff_pz"},{"frame":[{"displayIndex":-1,"tweenEasing":0,"duration":35},{"tweenEasing":0,"color":{"aM":0},"duration":3},{"tweenEasing":0,"duration":12},{"tweenEasing":null,"color":{"aM":0},"duration":0}],"name":"zi_fangshe_02_eff_3"},{"frame":[{"displayIndex":-1,"tweenEasing":0,"duration":35},{"tweenEasing":0,"color":{"aM":0},"duration":3},{"tweenEasing":0,"duration":12},{"tweenEasing":null,"color":{"aM":0},"duration":0}],"name":"zi_fangshe_02_eff_03"},{"frame":[{"displayIndex":-1,"tweenEasing":0,"duration":35},{"tweenEasing":0,"color":{"aM":0},"duration":3},{"tweenEasing":0,"duration":12},{"tweenEasing":null,"color":{"aM":0},"duration":0}],"name":"zi_fangshe_02_eff_4"},{"frame":[{"displayIndex":-1,"tweenEasing":0,"duration":35},{"tweenEasing":0,"color":{"aM":0},"duration":3},{"tweenEasing":0,"duration":12},{"tweenEasing":null,"color":{"aM":0},"duration":0}],"name":"zi_fangshe_02_eff_5"},{"frame":[{"displayIndex":-1,"tweenEasing":0,"duration":35},{"tweenEasing":0,"color":{"aM":0},"duration":3},{"tweenEasing":0,"duration":12},{"tweenEasing":null,"color":{"aM":0},"duration":0}],"name":"zi_fangshe_02_eff_6"}],"ffd":[],"frame":[],"name":"000_yanshi","duration":50},{"ik":[],"bone":[{"frame":[{"transform":{"y":116.29,"scX":-1,"x":-3.78},"duration":15},{"tweenEasing":0,"transform":{"y":116.29,"scX":-1,"x":-3.78},"duration":5},{"transform":{"scY":2,"scX":-2},"duration":15},{"transform":{"scY":2,"scX":-2},"duration":5},{"transform":{"scY":2,"scX":-2},"duration":0}],"name":"yanjing_eff/zi_fazhen_03_eff_03"},{"frame":[{"transform":{"y":143.06,"scX":-1,"x":52.45},"duration":15},{"tweenEasing":0,"transform":{"y":143.06,"scX":-1,"x":52.45},"duration":5},{"transform":{"scY":3.234,"y":89.35,"scX":-3.74},"duration":15},{"transform":{"scY":3.234,"y":89.35,"scX":-3.74},"duration":5},{"transform":{"scY":3.234,"y":89.35,"scX":-3.74},"duration":0}],"name":"yanjing_eff/zi_fazhen_03_eff_3"},{"frame":[{"transform":{"y":126.95,"scX":-1,"x":51.21},"duration":15},{"tweenEasing":0,"transform":{"y":126.95,"scX":-1,"x":51.21},"duration":5},{"tweenEasing":0,"transform":{"scY":2.793,"y":177.99,"scX":-2.793,"x":1.36},"duration":15},{"transform":{"scY":2.793,"y":178.7,"scX":-2.793},"duration":5},{"transform":{"scY":2.793,"y":178.7,"scX":-2.793},"duration":0}],"name":"yanjing_eff/zi_fazhen_03_eff_4"},{"frame":[{"transform":{"y":151.82,"scX":-1,"x":-2.99},"duration":15},{"tweenEasing":0,"transform":{"y":151.82,"scX":-1,"x":-2.99},"duration":5},{"tweenEasing":0,"transform":{"scY":2,"y":268.05,"scX":-2,"x":22.74},"duration":15},{"transform":{"scY":2,"y":268.05,"scX":-2,"x":49.97},"duration":5},{"transform":{"scY":2,"y":268.05,"scX":-2,"x":49.97},"duration":0}],"name":"yanjing_eff/zi_fazhen_03_eff_5"},{"frame":[{"transform":{"y":308.01,"scX":-1,"x":-66.54},"duration":15},{"tweenEasing":0,"transform":{"y":308.01,"scX":-1,"x":-66.54},"duration":5},{"transform":{"scY":2,"y":360.03,"scX":-2},"duration":15},{"transform":{"scY":2,"y":360.03,"scX":-2},"duration":5},{"transform":{"scY":2,"y":360.03,"scX":-2},"duration":0}],"name":"yanjing_eff/zi_fazhen_03_eff_6"},{"frame":[{"transform":{"y":499.22,"scX":-1,"x":-66.27},"duration":15},{"tweenEasing":0,"transform":{"y":499.22,"scX":-1,"x":-66.27},"duration":5},{"tweenEasing":0,"transform":{"scY":2,"y":446.75,"scX":-2,"x":1.36},"duration":2},{"tweenEasing":0,"transform":{"scY":2,"y":446.75,"scX":-2,"x":22.69},"duration":2},{"tweenEasing":0,"transform":{"scY":2,"y":446.75,"scX":-2,"x":1.36},"duration":2},{"tweenEasing":0,"transform":{"scY":2,"y":446.75,"scX":-2,"x":22.69},"duration":2},{"tweenEasing":0,"transform":{"scY":2,"y":446.75,"scX":-2,"x":1.36},"duration":2},{"tweenEasing":0,"transform":{"scY":2,"y":446.75,"scX":-2,"x":22.69},"duration":2},{"tweenEasing":0,"transform":{"scY":2,"y":446.75,"scX":-2,"x":1.36},"duration":2},{"transform":{"scY":2,"y":446.75,"scX":-2,"x":22.69},"duration":1},{"transform":{"scY":2,"y":446.75,"scX":-2,"x":22.69},"duration":5},{"transform":{"scY":2,"y":446.75,"scX":-2,"x":22.69},"duration":0}],"name":"yanjing_eff/zi_fazhen_03_eff_7"},{"frame":[{"transform":{"y":535.75,"scX":-1,"x":-4.54},"duration":15},{"tweenEasing":0,"transform":{"y":535.75,"scX":-1,"x":-4.54},"duration":5},{"transform":{"scY":2,"y":533.48,"scX":-2},"duration":15},{"transform":{"scY":2,"y":533.48,"scX":-2},"duration":5},{"transform":{"scY":2,"y":533.48,"scX":-2},"duration":0}],"name":"yanjing_eff/zi_fazhen_03_eff_8"},{"frame":[{"tweenEasing":0,"transform":{"scY":0.753,"y":-171.24,"scX":0.753},"duration":15},{"tweenEasing":0,"transform":{"scY":0.753,"y":-171.24,"scX":0.753},"duration":5},{"tweenEasing":0,"transform":{"y":-171.24,"x":80.58},"duration":2},{"tweenEasing":0,"transform":{"scY":1.08,"y":-171.24,"scX":0.951,"x":80.58},"duration":2},{"tweenEasing":0,"transform":{"y":-171.24,"x":80.58},"duration":2},{"tweenEasing":0,"transform":{"scY":1.08,"y":-171.24,"scX":0.951,"x":80.58},"duration":2},{"tweenEasing":0,"transform":{"y":-171.24,"x":80.58},"duration":2},{"tweenEasing":0,"transform":{"scY":1.08,"y":-171.24,"scX":0.951,"x":80.58},"duration":2},{"tweenEasing":0,"transform":{"y":-171.24,"x":80.58},"duration":2},{"transform":{"scY":1.08,"y":-171.24,"scX":0.951,"x":80.58},"duration":1},{"transform":{"scY":1.08,"y":-171.24,"scX":0.951,"x":80.58},"duration":5},{"transform":{"scY":1.08,"y":-171.24,"scX":0.951,"x":80.58},"duration":0}],"name":"root"},{"frame":[{"tweenEasing":0,"transform":{},"duration":35},{"transform":{},"duration":5},{"transform":{},"duration":0}],"name":"moyan_jiguang_eff/jiguang_eff"},{"frame":[{"tweenEasing":0,"transform":{},"duration":35},{"transform":{"scY":3.423,"scX":3.423},"duration":5},{"transform":{"scY":3.423,"scX":3.423},"duration":0}],"name":"zi_fangshe_02_eff_6"},{"frame":[{"tweenEasing":0,"transform":{},"duration":35},{"transform":{"scY":3.423,"scX":3.423},"duration":5},{"transform":{"scY":3.423,"scX":3.423},"duration":0}],"name":"zi_fangshe_02_eff_5"},{"frame":[{"tweenEasing":0,"transform":{},"duration":35},{"transform":{"scY":3.423,"scX":3.423},"duration":5},{"transform":{"scY":3.423,"scX":3.423},"duration":0}],"name":"zi_fangshe_02_eff_4"},{"frame":[{"tweenEasing":0,"transform":{},"duration":35},{"transform":{"scY":3.423,"scX":3.423},"duration":5},{"transform":{"scY":3.423,"scX":3.423},"duration":0}],"name":"zi_fangshe_02_eff_3"},{"frame":[{"tweenEasing":0,"transform":{},"duration":35},{"transform":{"scY":3.423,"scX":3.423},"duration":5},{"transform":{"scY":3.423,"scX":3.423},"duration":0}],"name":"zi_fangshe_02_eff_03"},{"frame":[{"tweenEasing":0,"transform":{},"duration":35},{"transform":{"scY":1.62,"y":60.28,"scX":1.62},"duration":5},{"transform":{"scY":1.62,"y":60.28,"scX":1.62},"duration":0}],"name":"moyan_jiguang_eff/nengliangjianzadi_17"},{"frame":[{"tweenEasing":0,"transform":{},"duration":35},{"transform":{"scY":1.62,"y":60.28,"scX":1.62},"duration":5},{"transform":{"scY":1.62,"y":60.28,"scX":1.62},"duration":0}],"name":"moyan_jiguang_eff/nengliangjianzadi_15"},{"frame":[{"tweenEasing":0,"transform":{},"duration":35},{"transform":{"scY":1.62,"y":60.28,"scX":1.62},"duration":5},{"transform":{"scY":1.62,"y":60.28,"scX":1.62},"duration":0}],"name":"moyan_jiguang_eff/nengliangjianzadi_14"},{"frame":[{"tweenEasing":0,"transform":{},"duration":35},{"transform":{"scY":1.62,"y":60.28,"scX":1.62},"duration":5},{"transform":{"scY":1.62,"y":60.28,"scX":1.62},"duration":0}],"name":"moyan_jiguang_eff/nengliangjianzadi_13"},{"frame":[{"tweenEasing":0,"transform":{},"duration":35},{"transform":{"scY":1.62,"y":60.28,"scX":1.62},"duration":5},{"transform":{"scY":1.62,"y":60.28,"scX":1.62},"duration":0}],"name":"moyan_jiguang_eff/nengliangjianzadi_00013"},{"frame":[{"tweenEasing":0,"transform":{},"duration":35},{"transform":{"scY":1.62,"y":60.28,"scX":1.62},"duration":5},{"transform":{"scY":1.62,"y":60.28,"scX":1.62},"duration":0}],"name":"moyan_jiguang_eff/nengliangjianzadi_16"},{"frame":[{"tweenEasing":0,"transform":{},"duration":35},{"transform":{"y":236.43,"x":-88.12},"duration":5},{"transform":{"y":236.43,"x":-88.12},"duration":0}],"name":"ys_moyan_eff_pz"}],"slot":[{"frame":[{"displayIndex":-1,"tweenEasing":0,"duration":35},{"tweenEasing":0,"color":{"aM":0},"duration":5},{"tweenEasing":null,"color":{"aM":0},"duration":0}],"name":"moyan_jiguang_eff/jiguang_eff"},{"frame":[{"displayIndex":-1,"tweenEasing":0,"duration":35},{"tweenEasing":0,"color":{"aM":0},"duration":5},{"tweenEasing":null,"color":{"aM":0},"duration":0}],"name":"moyan_jiguang_eff/nengliangjianzadi_13"},{"frame":[{"displayIndex":-1,"tweenEasing":0,"duration":35},{"tweenEasing":0,"color":{"aM":0},"duration":5},{"tweenEasing":null,"color":{"aM":0},"duration":0}],"name":"moyan_jiguang_eff/nengliangjianzadi_00013"},{"frame":[{"displayIndex":-1,"tweenEasing":0,"duration":35},{"tweenEasing":0,"color":{"aM":0},"duration":5},{"tweenEasing":null,"color":{"aM":0},"duration":0}],"name":"moyan_jiguang_eff/nengliangjianzadi_14"},{"frame":[{"displayIndex":-1,"tweenEasing":0,"duration":35},{"tweenEasing":0,"color":{"aM":0},"duration":5},{"tweenEasing":null,"color":{"aM":0},"duration":0}],"name":"moyan_jiguang_eff/nengliangjianzadi_15"},{"frame":[{"displayIndex":-1,"tweenEasing":0,"duration":35},{"tweenEasing":0,"color":{"aM":0},"duration":5},{"tweenEasing":null,"color":{"aM":0},"duration":0}],"name":"moyan_jiguang_eff/nengliangjianzadi_16"},{"frame":[{"displayIndex":-1,"tweenEasing":0,"duration":35},{"tweenEasing":0,"color":{"aM":0},"duration":5},{"tweenEasing":null,"color":{"aM":0},"duration":0}],"name":"moyan_jiguang_eff/nengliangjianzadi_17"},{"frame":[{"displayIndex":3,"tweenEasing":0,"duration":3},{"displayIndex":2,"tweenEasing":0,"duration":3},{"displayIndex":1,"tweenEasing":0,"duration":4},{"tweenEasing":0,"duration":5},{"tweenEasing":0,"duration":5},{"tweenEasing":0,"duration":15},{"tweenEasing":0,"duration":5},{"tweenEasing":null,"color":{"aM":0},"duration":0}],"name":"yanjing_eff/zi_fazhen_03_eff_03"},{"frame":[{"displayIndex":3,"tweenEasing":0,"duration":3},{"displayIndex":2,"tweenEasing":0,"duration":3},{"displayIndex":1,"tweenEasing":0,"duration":4},{"tweenEasing":0,"duration":5},{"tweenEasing":0,"duration":5},{"tweenEasing":0,"duration":15},{"tweenEasing":0,"duration":5},{"tweenEasing":null,"color":{"aM":0},"duration":0}],"name":"yanjing_eff/zi_fazhen_03_eff_3"},{"frame":[{"displayIndex":3,"tweenEasing":0,"duration":3},{"displayIndex":2,"tweenEasing":0,"duration":3},{"displayIndex":1,"tweenEasing":0,"duration":4},{"tweenEasing":0,"duration":5},{"tweenEasing":0,"duration":5},{"tweenEasing":0,"duration":2},{"tweenEasing":0,"color":{"aM":51},"duration":2},{"tweenEasing":0,"duration":2},{"tweenEasing":0,"color":{"aM":51},"duration":2},{"tweenEasing":0,"duration":2},{"tweenEasing":0,"color":{"aM":51},"duration":2},{"tweenEasing":0,"duration":2},{"tweenEasing":null,"color":{"aM":51},"duration":1},{"curve":[0,0.36,0.875,1],"color":{"aM":51},"duration":5},{"tweenEasing":null,"color":{"aM":0},"duration":0}],"name":"yanjing_eff/zi_fazhen_03_eff_4"},{"frame":[{"displayIndex":3,"tweenEasing":0,"duration":3},{"displayIndex":2,"tweenEasing":0,"duration":3},{"displayIndex":1,"tweenEasing":0,"duration":4},{"tweenEasing":0,"duration":5},{"tweenEasing":0,"duration":5},{"tweenEasing":0,"duration":2},{"tweenEasing":0,"color":{"aM":0},"duration":2},{"tweenEasing":0,"duration":2},{"tweenEasing":0,"color":{"aM":0},"duration":2},{"tweenEasing":0,"duration":2},{"tweenEasing":0,"color":{"aM":0},"duration":2},{"tweenEasing":0,"duration":2},{"tweenEasing":null,"color":{"aM":0},"duration":1},{"tweenEasing":0,"color":{"aM":0},"duration":5},{"tweenEasing":null,"color":{"aM":0},"duration":0}],"name":"yanjing_eff/zi_fazhen_03_eff_5"},{"frame":[{"displayIndex":3,"tweenEasing":0,"duration":3},{"displayIndex":2,"tweenEasing":0,"duration":3},{"displayIndex":1,"tweenEasing":0,"duration":4},{"tweenEasing":0,"duration":5},{"tweenEasing":0,"duration":5},{"tweenEasing":0,"duration":15},{"tweenEasing":0,"duration":5},{"tweenEasing":null,"color":{"aM":0},"duration":0}],"name":"yanjing_eff/zi_fazhen_03_eff_6"},{"frame":[{"displayIndex":3,"tweenEasing":0,"duration":3},{"displayIndex":2,"tweenEasing":0,"duration":3},{"displayIndex":1,"tweenEasing":0,"duration":4},{"tweenEasing":0,"duration":5},{"tweenEasing":0,"duration":5},{"tweenEasing":0,"duration":15},{"tweenEasing":0,"duration":5},{"tweenEasing":null,"color":{"aM":0},"duration":0}],"name":"yanjing_eff/zi_fazhen_03_eff_7"},{"frame":[{"displayIndex":3,"tweenEasing":0,"duration":3},{"displayIndex":2,"tweenEasing":0,"duration":3},{"displayIndex":1,"tweenEasing":0,"duration":4},{"tweenEasing":0,"duration":5},{"tweenEasing":0,"duration":5},{"tweenEasing":0,"duration":15},{"tweenEasing":0,"duration":5},{"tweenEasing":null,"color":{"aM":0},"duration":0}],"name":"yanjing_eff/zi_fazhen_03_eff_8"},{"frame":[{"displayIndex":-1,"tweenEasing":0,"duration":35},{"tweenEasing":0,"duration":5},{"tweenEasing":null,"duration":0}],"name":"ys_moyan_eff_pz"},{"frame":[{"displayIndex":-1,"tweenEasing":0,"duration":35},{"tweenEasing":0,"color":{"aM":0},"duration":5},{"tweenEasing":null,"color":{"aM":0},"duration":0}],"name":"zi_fangshe_02_eff_3"},{"frame":[{"displayIndex":-1,"tweenEasing":0,"duration":35},{"tweenEasing":0,"color":{"aM":0},"duration":5},{"tweenEasing":null,"color":{"aM":0},"duration":0}],"name":"zi_fangshe_02_eff_03"},{"frame":[{"displayIndex":-1,"tweenEasing":0,"duration":35},{"tweenEasing":0,"color":{"aM":0},"duration":5},{"tweenEasing":null,"color":{"aM":0},"duration":0}],"name":"zi_fangshe_02_eff_4"},{"frame":[{"displayIndex":-1,"tweenEasing":0,"duration":35},{"tweenEasing":0,"color":{"aM":0},"duration":5},{"tweenEasing":null,"color":{"aM":0},"duration":0}],"name":"zi_fangshe_02_eff_5"},{"frame":[{"displayIndex":-1,"tweenEasing":0,"duration":35},{"tweenEasing":0,"color":{"aM":0},"duration":5},{"tweenEasing":null,"color":{"aM":0},"duration":0}],"name":"zi_fangshe_02_eff_6"}],"ffd":[],"frame":[],"name":"000_yanshi2","duration":40},{"ik":[],"bone":[{"frame":[{"transform":{"scY":2,"scX":-2},"duration":3},{"tweenEasing":0,"transform":{"scY":2,"scX":-2},"duration":12},{"transform":{"scY":2,"scX":-2,"x":-23.24},"duration":0}],"name":"yanjing_eff/zi_fazhen_03_eff_03"},{"frame":[{"curve":[0,0.72,0.75,1],"transform":{"scY":3.234,"y":89.35,"scX":-3.74},"duration":3},{"tweenEasing":0,"transform":{"scY":1.783,"y":89.35,"scX":-1.656},"duration":12},{"transform":{"scY":1.783,"y":89.35,"scX":-1.656,"x":-25.82},"duration":0}],"name":"yanjing_eff/zi_fazhen_03_eff_3"},{"frame":[{"curve":[0,0.72,0.75,1],"transform":{"scY":2.793,"y":178.7,"scX":-2.793},"duration":3},{"transform":{"scY":2.793,"y":178.7,"scX":-2.793,"x":81.35},"duration":12},{"transform":{"scY":2.793,"y":178.7,"scX":-2.793,"x":81.35},"duration":0}],"name":"yanjing_eff/zi_fazhen_03_eff_4"},{"frame":[{"transform":{"scY":2,"y":268.05,"scX":-2,"x":49.97},"duration":3},{"transform":{"scY":2,"y":268.05,"scX":-2,"x":49.97},"duration":12},{"transform":{"scY":2,"y":268.05,"scX":-2,"x":49.97},"duration":0}],"name":"yanjing_eff/zi_fazhen_03_eff_5"},{"frame":[{"curve":[0,0.72,0.75,1],"transform":{"scY":2,"y":360.03,"scX":-2},"duration":3},{"tweenEasing":0,"transform":{"scY":2,"y":360.03,"scX":-2,"x":180.79},"duration":12},{"transform":{"scY":2,"y":360.03,"scX":-2,"x":246.65},"duration":0}],"name":"yanjing_eff/zi_fazhen_03_eff_6"},{"frame":[{"curve":[0,0.72,0.75,1],"transform":{"scY":2,"y":446.75,"scX":-2,"x":22.69},"duration":3},{"tweenEasing":0,"transform":{"scY":2,"y":446.75,"scX":-2,"x":171.2},"duration":12},{"transform":{"scY":2,"y":446.75,"scX":-2,"x":233.19},"duration":0}],"name":"yanjing_eff/zi_fazhen_03_eff_7"},{"frame":[{"curve":[0,0.72,0.75,1],"transform":{"scY":2,"y":533.48,"scX":-2},"duration":3},{"tweenEasing":0,"transform":{"scY":3.889,"y":533.48,"scX":-4.548,"x":86.67},"duration":12},{"transform":{"scY":4.845,"y":533.48,"scX":-5.163,"x":106.04},"duration":0}],"name":"yanjing_eff/zi_fazhen_03_eff_8"},{"frame":[{"transform":{"scY":1.08,"y":-171.24,"scX":0.951,"x":80.58},"duration":3},{"tweenEasing":0,"transform":{"scY":1.08,"y":-171.24,"scX":0.951,"x":80.58},"duration":12},{"transform":{"scY":1.08,"y":-171.24,"scX":0.951,"x":-48.92},"duration":0}],"name":"root"},{"frame":[{"curve":[0,0.34,0.875,1],"transform":{},"duration":3},{"tweenEasing":0,"transform":{"skX":-0.19,"skY":-0.19,"scX":18.373},"duration":2},{"tweenEasing":0,"transform":{"scY":1.52,"skX":-0.19,"skY":-0.19,"scX":18.373},"duration":2},{"tweenEasing":0,"transform":{"skX":-0.19,"skY":-0.19,"scX":18.373},"duration":2},{"tweenEasing":0,"transform":{"scY":1.52,"skX":-0.19,"skY":-0.19,"scX":18.373},"duration":2},{"tweenEasing":0,"transform":{"skX":-0.19,"skY":-0.19,"scX":18.373},"duration":2},{"transform":{"scY":1.52,"skX":-0.19,"skY":-0.19,"scX":18.373},"duration":2},{"transform":{"scY":1.52,"skX":-0.19,"skY":-0.19,"scX":18.373},"duration":0}],"name":"moyan_jiguang_eff/jiguang_eff"},{"frame":[{"tweenEasing":0,"transform":{"scY":3.423,"scX":3.423},"duration":3},{"tweenEasing":0,"transform":{"scY":3.76,"scX":3.76,"x":1089.04},"duration":12},{"transform":{"scY":5.027,"scX":5.027,"x":1089.04},"duration":0}],"name":"zi_fangshe_02_eff_6"},{"frame":[{"tweenEasing":0,"transform":{"scY":3.423,"scX":3.423},"duration":3},{"tweenEasing":0,"transform":{"scY":1.972,"scX":1.972,"x":824.85},"duration":12},{"transform":{"scY":2.636,"scX":2.636,"x":824.85},"duration":0}],"name":"zi_fangshe_02_eff_5"},{"frame":[{"tweenEasing":0,"transform":{"scY":3.423,"scX":3.423},"duration":3},{"tweenEasing":0,"transform":{"scY":5.421,"scX":5.421,"x":713.3},"duration":12},{"transform":{"scY":7.247,"scX":7.247,"x":713.3},"duration":0}],"name":"zi_fangshe_02_eff_4"},{"frame":[{"tweenEasing":0,"transform":{"scY":3.423,"scX":3.423},"duration":3},{"tweenEasing":0,"transform":{"scY":3.195,"scX":3.195,"x":413.89},"duration":12},{"transform":{"scY":4.271,"scX":4.271,"x":413.89},"duration":0}],"name":"zi_fangshe_02_eff_3"},{"frame":[{"tweenEasing":0,"transform":{"scY":3.423,"scX":3.423},"duration":3},{"tweenEasing":0,"transform":{"scY":2.929,"scX":2.929,"x":164.38},"duration":12},{"transform":{"scY":3.916,"scX":3.916,"x":164.38},"duration":0}],"name":"zi_fangshe_02_eff_03"},{"frame":[{"transform":{"scY":1.62,"y":60.28,"scX":1.62},"duration":8},{"transform":{"scY":1.62,"y":60.28,"scX":1.62},"duration":7},{"transform":{"scY":1.62,"y":60.28,"scX":1.62},"duration":0}],"name":"moyan_jiguang_eff/nengliangjianzadi_17"},{"frame":[{"transform":{"scY":1.62,"y":60.28,"scX":1.62},"duration":8},{"transform":{"scY":1.62,"y":60.28,"scX":1.62},"duration":7},{"transform":{"scY":1.62,"y":60.28,"scX":1.62},"duration":0}],"name":"moyan_jiguang_eff/nengliangjianzadi_15"},{"frame":[{"transform":{"scY":1.62,"y":60.28,"scX":1.62},"duration":8},{"transform":{"scY":1.62,"y":60.28,"scX":1.62},"duration":7},{"transform":{"scY":1.62,"y":60.28,"scX":1.62},"duration":0}],"name":"moyan_jiguang_eff/nengliangjianzadi_14"},{"frame":[{"transform":{"scY":1.62,"y":60.28,"scX":1.62},"duration":8},{"transform":{"scY":1.62,"y":60.28,"scX":1.62},"duration":7},{"transform":{"scY":1.62,"y":60.28,"scX":1.62},"duration":0}],"name":"moyan_jiguang_eff/nengliangjianzadi_13"},{"frame":[{"transform":{"scY":1.62,"y":60.28,"scX":1.62},"duration":8},{"transform":{"scY":1.62,"y":60.28,"scX":1.62},"duration":7},{"transform":{"scY":1.62,"y":60.28,"scX":1.62},"duration":0}],"name":"moyan_jiguang_eff/nengliangjianzadi_00013"},{"frame":[{"tweenEasing":0,"transform":{"scY":1.62,"y":60.28,"scX":1.62},"duration":8},{"transform":{"scY":1.62,"y":60.28,"scX":1.62},"duration":7},{"transform":{"scY":1.62,"y":60.28,"scX":1.62},"duration":0}],"name":"moyan_jiguang_eff/nengliangjianzadi_16"},{"frame":[{"transform":{"y":236.43,"x":-88.12},"duration":13},{"transform":{"y":236.43,"x":-88.12},"duration":2},{"transform":{"y":236.43,"x":-88.12},"duration":0}],"name":"ys_moyan_eff_pz"}],"slot":[{"frame":[{"tweenEasing":0,"color":{"aM":0},"duration":3},{"tweenEasing":0,"duration":2},{"tweenEasing":0,"color":{"aM":78},"duration":2},{"tweenEasing":0,"duration":2},{"tweenEasing":0,"color":{"aM":78},"duration":2},{"tweenEasing":0,"duration":2},{"tweenEasing":null,"color":{"aM":0},"duration":2}],"name":"moyan_jiguang_eff/jiguang_eff"},{"frame":[{"tweenEasing":0,"color":{"aM":0},"duration":1},{"displayIndex":1,"tweenEasing":0,"duration":1},{"displayIndex":2,"tweenEasing":0,"duration":6},{"displayIndex":2,"tweenEasing":null,"color":{"aM":0},"duration":7}],"name":"moyan_jiguang_eff/nengliangjianzadi_13"},{"frame":[{"tweenEasing":0,"color":{"aM":0},"duration":1},{"displayIndex":1,"tweenEasing":0,"duration":1},{"displayIndex":2,"tweenEasing":0,"duration":6},{"displayIndex":2,"tweenEasing":null,"color":{"aM":0},"duration":7}],"name":"moyan_jiguang_eff/nengliangjianzadi_00013"},{"frame":[{"tweenEasing":0,"color":{"aM":0},"duration":1},{"displayIndex":1,"tweenEasing":0,"duration":1},{"displayIndex":2,"tweenEasing":0,"duration":6},{"displayIndex":2,"tweenEasing":null,"color":{"aM":0},"duration":7}],"name":"moyan_jiguang_eff/nengliangjianzadi_14"},{"frame":[{"tweenEasing":0,"color":{"aM":0},"duration":1},{"displayIndex":1,"tweenEasing":0,"duration":1},{"displayIndex":2,"tweenEasing":0,"duration":6},{"displayIndex":2,"tweenEasing":null,"color":{"aM":0},"duration":7}],"name":"moyan_jiguang_eff/nengliangjianzadi_15"},{"frame":[{"tweenEasing":0,"color":{"aM":0},"duration":1},{"displayIndex":1,"tweenEasing":0,"duration":1},{"displayIndex":2,"tweenEasing":0,"duration":6},{"displayIndex":2,"tweenEasing":null,"color":{"aM":0},"duration":7}],"name":"moyan_jiguang_eff/nengliangjianzadi_16"},{"frame":[{"tweenEasing":0,"color":{"aM":0},"duration":1},{"displayIndex":1,"tweenEasing":0,"duration":1},{"displayIndex":2,"tweenEasing":0,"duration":6},{"displayIndex":2,"tweenEasing":null,"color":{"aM":0},"duration":7}],"name":"moyan_jiguang_eff/nengliangjianzadi_17"},{"frame":[{"tweenEasing":0,"duration":3},{"tweenEasing":0,"duration":5},{"tweenEasing":0,"duration":7},{"tweenEasing":null,"color":{"aM":0},"duration":0}],"name":"yanjing_eff/zi_fazhen_03_eff_03"},{"frame":[{"tweenEasing":0,"duration":3},{"tweenEasing":0,"duration":5},{"tweenEasing":0,"duration":7},{"tweenEasing":null,"color":{"aM":0},"duration":0}],"name":"yanjing_eff/zi_fazhen_03_eff_3"},{"frame":[{"tweenEasing":0,"color":{"aM":51},"duration":3},{"tweenEasing":0,"color":{"aM":51},"duration":5},{"tweenEasing":0,"duration":7},{"tweenEasing":null,"color":{"aM":0},"duration":0}],"name":"yanjing_eff/zi_fazhen_03_eff_4"},{"frame":[{"tweenEasing":0,"color":{"aM":0},"duration":3},{"tweenEasing":0,"color":{"aM":0},"duration":5},{"tweenEasing":0,"duration":7},{"tweenEasing":null,"color":{"aM":0},"duration":0}],"name":"yanjing_eff/zi_fazhen_03_eff_5"},{"frame":[{"tweenEasing":0,"duration":3},{"tweenEasing":0,"duration":5},{"tweenEasing":0,"duration":7},{"tweenEasing":null,"color":{"aM":0},"duration":0}],"name":"yanjing_eff/zi_fazhen_03_eff_6"},{"frame":[{"tweenEasing":0,"duration":3},{"tweenEasing":0,"duration":5},{"tweenEasing":0,"duration":7},{"tweenEasing":null,"color":{"aM":0},"duration":0}],"name":"yanjing_eff/zi_fazhen_03_eff_7"},{"frame":[{"tweenEasing":0,"duration":3},{"tweenEasing":0,"duration":5},{"tweenEasing":0,"duration":7},{"tweenEasing":null,"color":{"aM":0},"duration":0}],"name":"yanjing_eff/zi_fazhen_03_eff_8"},{"frame":[{"tweenEasing":0,"duration":13},{"displayIndex":-1,"tweenEasing":null,"duration":2}],"name":"ys_moyan_eff_pz"},{"frame":[{"tweenEasing":0,"color":{"aM":0},"duration":3},{"tweenEasing":0,"duration":12},{"tweenEasing":null,"color":{"aM":0},"duration":0}],"name":"zi_fangshe_02_eff_3"},{"frame":[{"tweenEasing":0,"color":{"aM":0},"duration":3},{"tweenEasing":0,"duration":12},{"tweenEasing":null,"color":{"aM":0},"duration":0}],"name":"zi_fangshe_02_eff_03"},{"frame":[{"tweenEasing":0,"color":{"aM":0},"duration":3},{"tweenEasing":0,"duration":12},{"tweenEasing":null,"color":{"aM":0},"duration":0}],"name":"zi_fangshe_02_eff_4"},{"frame":[{"tweenEasing":0,"color":{"aM":0},"duration":3},{"tweenEasing":0,"duration":12},{"tweenEasing":null,"color":{"aM":0},"duration":0}],"name":"zi_fangshe_02_eff_5"},{"frame":[{"tweenEasing":0,"color":{"aM":0},"duration":3},{"tweenEasing":0,"duration":12},{"tweenEasing":null,"color":{"aM":0},"duration":0}],"name":"zi_fangshe_02_eff_6"}],"ffd":[],"frame":[],"name":"000_yanshi3","duration":15}],"skin":[{"slot":[{"display":[{"path":"moyan_jiguang_eff/nengliangjianzadi_00013","type":"image","name":"moyan_jiguang_eff/nengliangjianzadi_00013","transform":{"y":-41.6,"x":-0.33}},{"path":"moyan_jiguang_eff/nengliangjianzadi_00014","type":"image","name":"moyan_jiguang_eff/nengliangjianzadi_00014","transform":{"y":-41.6,"x":-0.33}},{"path":"moyan_jiguang_eff/nengliangjianzadi_00015","type":"image","name":"moyan_jiguang_eff/nengliangjianzadi_00015","transform":{"y":-41.6,"x":-0.33}}],"name":"moyan_jiguang_eff/nengliangjianzadi_17"},{"display":[{"path":"yanjing_eff/zi_fazhen_03_eff_03","type":"image","name":"yanjing_eff/zi_fazhen_03_eff_03","transform":{"y":-1.09,"skX":-91.7,"skY":-91.7,"x":-1.32}},{"path":"yanjing_eff/zi_fazhen_03_eff_04","type":"image","name":"yanjing_eff/zi_fazhen_03_eff_04","transform":{"y":-1.09,"skX":-91.7,"skY":-91.7,"x":-1.32}},{"path":"yanjing_eff/zi_fazhen_03_eff_05","type":"image","name":"yanjing_eff/zi_fazhen_03_eff_05","transform":{"y":-1.09,"skX":-91.7,"skY":-91.7,"x":-1.32}},{"path":"yanjing_eff/zi_fazhen_03_eff_06","type":"image","name":"yanjing_eff/zi_fazhen_03_eff_06","transform":{"y":-1.09,"skX":-91.7,"skY":-91.7,"x":-1.32}}],"name":"yanjing_eff/zi_fazhen_03_eff_4"},{"display":[{"path":"yanjing_eff/zi_fazhen_03_eff_03","type":"image","name":"yanjing_eff/zi_fazhen_03_eff_03","transform":{"y":-1.09,"skX":-91.7,"skY":-91.7,"x":-1.32}},{"path":"yanjing_eff/zi_fazhen_03_eff_04","type":"image","name":"yanjing_eff/zi_fazhen_03_eff_04","transform":{"y":-1.09,"skX":-91.7,"skY":-91.7,"x":-1.32}},{"path":"yanjing_eff/zi_fazhen_03_eff_05","type":"image","name":"yanjing_eff/zi_fazhen_03_eff_05","transform":{"y":-1.09,"skX":-91.7,"skY":-91.7,"x":-1.32}},{"path":"yanjing_eff/zi_fazhen_03_eff_06","type":"image","name":"yanjing_eff/zi_fazhen_03_eff_06","transform":{"y":-1.09,"skX":-91.7,"skY":-91.7,"x":-1.32}}],"name":"yanjing_eff/zi_fazhen_03_eff_3"},{"display":[{"path":"moyan_jiguang_eff/nengliangjianzadi_00013","type":"image","name":"moyan_jiguang_eff/nengliangjianzadi_00013","transform":{"y":-41.6,"x":-0.33}},{"path":"moyan_jiguang_eff/nengliangjianzadi_00014","type":"image","name":"moyan_jiguang_eff/nengliangjianzadi_00014","transform":{"y":-41.6,"x":-0.33}},{"path":"moyan_jiguang_eff/nengliangjianzadi_00015","type":"image","name":"moyan_jiguang_eff/nengliangjianzadi_00015","transform":{"y":-41.6,"x":-0.33}}],"name":"moyan_jiguang_eff/nengliangjianzadi_14"},{"display":[{"path":"ys_moyan_eff_pz","type":"image","name":"ys_moyan_eff_pz","transform":{"scY":61.348,"y":-19.31,"scX":273.633,"x":1368.54}}],"name":"ys_moyan_eff_pz"},{"display":[{"path":"zi_fangshe_02_eff_03","type":"image","name":"zi_fangshe_02_eff_03","transform":{"y":0.01,"x":0.05}}],"name":"zi_fangshe_02_eff_03"},{"display":[{"path":"moyan_jiguang_eff/nengliangjianzadi_00013","type":"image","name":"moyan_jiguang_eff/nengliangjianzadi_00013","transform":{"y":-41.6,"x":-0.33}},{"path":"moyan_jiguang_eff/nengliangjianzadi_00014","type":"image","name":"moyan_jiguang_eff/nengliangjianzadi_00014","transform":{"y":-41.6,"x":-0.33}},{"path":"moyan_jiguang_eff/nengliangjianzadi_00015","type":"image","name":"moyan_jiguang_eff/nengliangjianzadi_00015","transform":{"y":-41.6,"x":-0.33}}],"name":"moyan_jiguang_eff/nengliangjianzadi_00013"},{"display":[{"path":"yanjing_eff/zi_fazhen_03_eff_03","type":"image","name":"yanjing_eff/zi_fazhen_03_eff_03","transform":{"y":-1.09,"skX":-91.7,"skY":-91.7,"x":-1.32}},{"path":"yanjing_eff/zi_fazhen_03_eff_04","type":"image","name":"yanjing_eff/zi_fazhen_03_eff_04","transform":{"y":-1.09,"skX":-91.7,"skY":-91.7,"x":-1.32}},{"path":"yanjing_eff/zi_fazhen_03_eff_05","type":"image","name":"yanjing_eff/zi_fazhen_03_eff_05","transform":{"y":-1.09,"skX":-91.7,"skY":-91.7,"x":-1.32}},{"path":"yanjing_eff/zi_fazhen_03_eff_06","type":"image","name":"yanjing_eff/zi_fazhen_03_eff_06","transform":{"y":-1.09,"skX":-91.7,"skY":-91.7,"x":-1.32}}],"name":"yanjing_eff/zi_fazhen_03_eff_6"},{"display":[{"path":"yanjing_eff/zi_fazhen_03_eff_03","type":"image","name":"yanjing_eff/zi_fazhen_03_eff_03","transform":{"y":-1.09,"skX":-91.7,"skY":-91.7,"x":-1.32}},{"path":"yanjing_eff/zi_fazhen_03_eff_04","type":"image","name":"yanjing_eff/zi_fazhen_03_eff_04","transform":{"y":-1.09,"skX":-91.7,"skY":-91.7,"x":-1.32}},{"path":"yanjing_eff/zi_fazhen_03_eff_05","type":"image","name":"yanjing_eff/zi_fazhen_03_eff_05","transform":{"y":-1.09,"skX":-91.7,"skY":-91.7,"x":-1.32}},{"path":"yanjing_eff/zi_fazhen_03_eff_06","type":"image","name":"yanjing_eff/zi_fazhen_03_eff_06","transform":{"y":-1.09,"skX":-91.7,"skY":-91.7,"x":-1.32}}],"name":"yanjing_eff/zi_fazhen_03_eff_7"},{"display":[{"path":"zi_fangshe_02_eff_03","type":"image","name":"zi_fangshe_02_eff_03","transform":{"y":0.01,"x":0.05}}],"name":"zi_fangshe_02_eff_6"},{"display":[{"path":"zi_fangshe_02_eff_03","type":"image","name":"zi_fangshe_02_eff_03","transform":{"y":0.01,"x":0.05}}],"name":"zi_fangshe_02_eff_5"},{"display":[{"path":"yanjing_eff/zi_fazhen_03_eff_03","type":"image","name":"yanjing_eff/zi_fazhen_03_eff_03","transform":{"y":-1.09,"skX":-91.7,"skY":-91.7,"x":-1.32}},{"path":"yanjing_eff/zi_fazhen_03_eff_04","type":"image","name":"yanjing_eff/zi_fazhen_03_eff_04","transform":{"y":-1.09,"skX":-91.7,"skY":-91.7,"x":-1.32}},{"path":"yanjing_eff/zi_fazhen_03_eff_05","type":"image","name":"yanjing_eff/zi_fazhen_03_eff_05","transform":{"y":-1.09,"skX":-91.7,"skY":-91.7,"x":-1.32}},{"path":"yanjing_eff/zi_fazhen_03_eff_06","type":"image","name":"yanjing_eff/zi_fazhen_03_eff_06","transform":{"y":-1.09,"skX":-91.7,"skY":-91.7,"x":-1.32}}],"name":"yanjing_eff/zi_fazhen_03_eff_8"},{"display":[{"path":"yanjing_eff/zi_fazhen_03_eff_03","type":"image","name":"yanjing_eff/zi_fazhen_03_eff_03","transform":{"y":-1.09,"skX":-91.7,"skY":-91.7,"x":-1.32}},{"path":"yanjing_eff/zi_fazhen_03_eff_04","type":"image","name":"yanjing_eff/zi_fazhen_03_eff_04","transform":{"y":-1.09,"skX":-91.7,"skY":-91.7,"x":-1.32}},{"path":"yanjing_eff/zi_fazhen_03_eff_05","type":"image","name":"yanjing_eff/zi_fazhen_03_eff_05","transform":{"y":-1.09,"skX":-91.7,"skY":-91.7,"x":-1.32}},{"path":"yanjing_eff/zi_fazhen_03_eff_06","type":"image","name":"yanjing_eff/zi_fazhen_03_eff_06","transform":{"y":-1.09,"skX":-91.7,"skY":-91.7,"x":-1.32}}],"name":"yanjing_eff/zi_fazhen_03_eff_5"},{"display":[{"path":"yanjing_eff/zi_fazhen_03_eff_03","type":"image","name":"yanjing_eff/zi_fazhen_03_eff_03","transform":{"y":-1.09,"skX":-91.7,"skY":-91.7,"x":-1.32}},{"path":"yanjing_eff/zi_fazhen_03_eff_04","type":"image","name":"yanjing_eff/zi_fazhen_03_eff_04","transform":{"y":-1.09,"skX":-91.7,"skY":-91.7,"x":-1.32}},{"path":"yanjing_eff/zi_fazhen_03_eff_05","type":"image","name":"yanjing_eff/zi_fazhen_03_eff_05","transform":{"y":-1.09,"skX":-91.7,"skY":-91.7,"x":-1.32}},{"path":"yanjing_eff/zi_fazhen_03_eff_06","type":"image","name":"yanjing_eff/zi_fazhen_03_eff_06","transform":{"y":-1.09,"skX":-91.7,"skY":-91.7,"x":-1.32}}],"name":"yanjing_eff/zi_fazhen_03_eff_03"},{"display":[{"path":"moyan_jiguang_eff/nengliangjianzadi_00013","type":"image","name":"moyan_jiguang_eff/nengliangjianzadi_00013","transform":{"y":-41.6,"x":-0.33}},{"path":"moyan_jiguang_eff/nengliangjianzadi_00014","type":"image","name":"moyan_jiguang_eff/nengliangjianzadi_00014","transform":{"y":-41.6,"x":-0.33}},{"path":"moyan_jiguang_eff/nengliangjianzadi_00015","type":"image","name":"moyan_jiguang_eff/nengliangjianzadi_00015","transform":{"y":-41.6,"x":-0.33}}],"name":"moyan_jiguang_eff/nengliangjianzadi_16"},{"display":[{"path":"moyan_jiguang_eff/nengliangjianzadi_00013","type":"image","name":"moyan_jiguang_eff/nengliangjianzadi_00013","transform":{"y":-41.6,"x":-0.33}},{"path":"moyan_jiguang_eff/nengliangjianzadi_00014","type":"image","name":"moyan_jiguang_eff/nengliangjianzadi_00014","transform":{"y":-41.6,"x":-0.33}},{"path":"moyan_jiguang_eff/nengliangjianzadi_00015","type":"image","name":"moyan_jiguang_eff/nengliangjianzadi_00015","transform":{"y":-41.6,"x":-0.33}}],"name":"moyan_jiguang_eff/nengliangjianzadi_13"},{"display":[{"path":"zi_fangshe_02_eff_03","type":"image","name":"zi_fangshe_02_eff_03","transform":{"y":0.01,"x":0.05}}],"name":"zi_fangshe_02_eff_3"},{"display":[{"path":"zi_fangshe_02_eff_03","type":"image","name":"zi_fangshe_02_eff_03","transform":{"y":0.01,"x":0.05}}],"name":"zi_fangshe_02_eff_4"},{"display":[{"path":"moyan_jiguang_eff/nengliangjianzadi_00013","type":"image","name":"moyan_jiguang_eff/nengliangjianzadi_00013","transform":{"y":-41.6,"x":-0.33}},{"path":"moyan_jiguang_eff/nengliangjianzadi_00014","type":"image","name":"moyan_jiguang_eff/nengliangjianzadi_00014","transform":{"y":-41.6,"x":-0.33}},{"path":"moyan_jiguang_eff/nengliangjianzadi_00015","type":"image","name":"moyan_jiguang_eff/nengliangjianzadi_00015","transform":{"y":-41.6,"x":-0.33}}],"name":"moyan_jiguang_eff/nengliangjianzadi_15"},{"display":[{"path":"moyan_jiguang_eff/jiguang_eff","type":"image","name":"moyan_jiguang_eff/jiguang_eff","transform":{"skX":-90.31,"skY":-90.31,"x":75.59}}],"name":"moyan_jiguang_eff/jiguang_eff"}],"name":""}],"defaultActions":[{"gotoAndPlay":"000_yanshi"}],"aabb":{"width":1443.81,"y":-597.57,"height":659.48,"x":-66.32},"slot":[{"name":"ys_moyan_eff_pz","parent":"ys_moyan_eff_pz","color":{}},{"z":1,"displayIndex":3,"name":"yanjing_eff/zi_fazhen_03_eff_03","parent":"yanjing_eff/zi_fazhen_03_eff_03","color":{}},{"z":2,"displayIndex":3,"name":"yanjing_eff/zi_fazhen_03_eff_3","parent":"yanjing_eff/zi_fazhen_03_eff_3","color":{}},{"z":3,"displayIndex":3,"name":"yanjing_eff/zi_fazhen_03_eff_4","parent":"yanjing_eff/zi_fazhen_03_eff_4","color":{}},{"z":4,"displayIndex":3,"name":"yanjing_eff/zi_fazhen_03_eff_5","parent":"yanjing_eff/zi_fazhen_03_eff_5","color":{}},{"z":5,"displayIndex":3,"name":"yanjing_eff/zi_fazhen_03_eff_6","parent":"yanjing_eff/zi_fazhen_03_eff_6","color":{}},{"z":6,"displayIndex":3,"name":"yanjing_eff/zi_fazhen_03_eff_7","parent":"yanjing_eff/zi_fazhen_03_eff_7","color":{}},{"z":7,"displayIndex":3,"name":"yanjing_eff/zi_fazhen_03_eff_8","parent":"yanjing_eff/zi_fazhen_03_eff_8","color":{}},{"z":8,"displayIndex":-1,"name":"moyan_jiguang_eff/jiguang_eff","parent":"moyan_jiguang_eff/jiguang_eff","color":{}},{"z":9,"displayIndex":-1,"name":"zi_fangshe_02_eff_03","parent":"zi_fangshe_02_eff_03","color":{}},{"z":10,"displayIndex":-1,"name":"zi_fangshe_02_eff_3","parent":"zi_fangshe_02_eff_3","color":{}},{"z":11,"displayIndex":-1,"name":"zi_fangshe_02_eff_4","parent":"zi_fangshe_02_eff_4","color":{}},{"z":12,"displayIndex":-1,"name":"zi_fangshe_02_eff_5","parent":"zi_fangshe_02_eff_5","color":{}},{"z":13,"displayIndex":-1,"name":"zi_fangshe_02_eff_6","parent":"zi_fangshe_02_eff_6","color":{}},{"z":14,"displayIndex":-1,"name":"moyan_jiguang_eff/nengliangjianzadi_00013","parent":"moyan_jiguang_eff/nengliangjianzadi_00013","color":{}},{"z":15,"displayIndex":-1,"name":"moyan_jiguang_eff/nengliangjianzadi_13","parent":"moyan_jiguang_eff/nengliangjianzadi_13","color":{}},{"z":16,"displayIndex":-1,"name":"moyan_jiguang_eff/nengliangjianzadi_14","parent":"moyan_jiguang_eff/nengliangjianzadi_14","color":{}},{"z":17,"displayIndex":-1,"name":"moyan_jiguang_eff/nengliangjianzadi_15","parent":"moyan_jiguang_eff/nengliangjianzadi_15","color":{}},{"z":18,"displayIndex":-1,"name":"moyan_jiguang_eff/nengliangjianzadi_16","parent":"moyan_jiguang_eff/nengliangjianzadi_16","color":{}},{"z":19,"displayIndex":-1,"name":"moyan_jiguang_eff/nengliangjianzadi_17","parent":"moyan_jiguang_eff/nengliangjianzadi_17","color":{}}],"name":"armatureName"}],"name":"ys_moyan_eff","version":"4.0"}