{"frameRate":30,"isGlobal":0,"armature":[{"defaultActions":[{"gotoAndPlay":"000_yanshi"}],"animation":[{"frame":[],"duration":60,"slot":[{"frame":[{"tweenEasing":0,"displayIndex":-1,"duration":15,"color":{"aM":0}},{"tweenEasing":0,"duration":3},{"tweenEasing":0,"displayIndex":1,"duration":2},{"tweenEasing":0,"displayIndex":1,"duration":1},{"tweenEasing":0,"displayIndex":2,"duration":9},{"tweenEasing":0,"displayIndex":2,"duration":15,"color":{"aM":0}},{"tweenEasing":null,"displayIndex":2,"duration":15,"color":{"aM":0}}],"name":"cheng_fangshe_03_eff_02"},{"frame":[{"tweenEasing":0,"displayIndex":-1,"duration":15,"color":{"aM":0}},{"tweenEasing":0,"displayIndex":-1,"duration":3},{"tweenEasing":0,"displayIndex":1,"duration":2},{"tweenEasing":0,"displayIndex":1,"duration":1},{"tweenEasing":0,"displayIndex":2,"duration":9},{"tweenEasing":0,"displayIndex":2,"duration":15,"color":{"aM":0}},{"tweenEasing":null,"displayIndex":2,"duration":15,"color":{"aM":0}}],"name":"cheng_fangshe_03_eff_2"},{"frame":[{"tweenEasing":0,"duration":15,"color":{"aM":0}},{"tweenEasing":null,"duration":30},{"tweenEasing":0,"duration":15},{"tweenEasing":null,"duration":0,"color":{"aM":0}}],"name":"darkboom01@2x"},{"frame":[{"tweenEasing":0,"displayIndex":-1,"duration":15,"color":{"aM":0}},{"tweenEasing":null,"displayIndex":-1,"duration":12},{"tweenEasing":0,"duration":3},{"tweenEasing":0,"duration":15},{"tweenEasing":0,"duration":10},{"tweenEasing":null,"duration":5,"color":{"aM":0}},{"tweenEasing":null,"duration":0,"color":{"aM":0}}],"name":"fangshe_eff"},{"frame":[{"tweenEasing":0,"displayIndex":-1,"duration":15,"color":{"aM":0}},{"tweenEasing":null,"displayIndex":-1,"duration":12},{"tweenEasing":0,"duration":3},{"tweenEasing":0,"duration":1},{"tweenEasing":0,"displayIndex":-1,"duration":1},{"tweenEasing":0,"duration":1},{"tweenEasing":0,"displayIndex":-1,"duration":1},{"tweenEasing":0,"duration":1},{"tweenEasing":0,"displayIndex":-1,"duration":1},{"tweenEasing":0,"duration":1},{"tweenEasing":0,"displayIndex":-1,"duration":1},{"tweenEasing":0,"duration":1},{"tweenEasing":0,"displayIndex":-1,"duration":1},{"tweenEasing":0,"duration":1},{"tweenEasing":0,"displayIndex":-1,"duration":1},{"tweenEasing":0,"duration":1},{"tweenEasing":0,"displayIndex":-1,"duration":1},{"tweenEasing":0,"duration":1},{"tweenEasing":0,"displayIndex":-1,"duration":15},{"tweenEasing":null,"displayIndex":-1,"duration":0,"color":{"aM":0}}],"name":"fangshe_eff2"},{"frame":[{"tweenEasing":0,"displayIndex":-1,"duration":15,"color":{"aM":0}},{"tweenEasing":null,"displayIndex":-1,"duration":12},{"tweenEasing":0,"duration":3},{"tweenEasing":0,"duration":15},{"tweenEasing":0,"duration":15},{"tweenEasing":null,"duration":0,"color":{"aM":0}}],"name":"fangshe_eff3"},{"frame":[{"tweenEasing":0,"displayIndex":-1,"duration":15,"color":{"aM":0}},{"tweenEasing":null,"displayIndex":-1,"duration":12},{"tweenEasing":0,"duration":3},{"tweenEasing":0,"duration":15},{"tweenEasing":0,"duration":15},{"tweenEasing":null,"duration":0,"color":{"aM":0}}],"name":"fangshe_eff4"},{"frame":[{"tweenEasing":0,"displayIndex":-1,"duration":15,"color":{"aM":0}},{"tweenEasing":null,"displayIndex":-1,"duration":12},{"tweenEasing":0,"duration":3},{"tweenEasing":0,"duration":15},{"tweenEasing":0,"duration":10},{"tweenEasing":null,"duration":5,"color":{"aM":0}},{"tweenEasing":null,"duration":0,"color":{"aM":0}}],"name":"fangshe_eff5"},{"frame":[{"tweenEasing":0,"displayIndex":-1,"duration":15,"color":{"aM":0}},{"tweenEasing":null,"displayIndex":-1,"duration":12},{"tweenEasing":0,"duration":3},{"tweenEasing":0,"duration":1},{"tweenEasing":0,"displayIndex":-1,"duration":1},{"tweenEasing":0,"duration":1},{"tweenEasing":0,"displayIndex":-1,"duration":1},{"tweenEasing":0,"duration":1},{"tweenEasing":0,"displayIndex":-1,"duration":1},{"tweenEasing":0,"duration":1},{"tweenEasing":0,"displayIndex":-1,"duration":1},{"tweenEasing":0,"duration":1},{"tweenEasing":0,"displayIndex":-1,"duration":1},{"tweenEasing":0,"duration":1},{"tweenEasing":0,"displayIndex":-1,"duration":1},{"tweenEasing":0,"duration":1},{"tweenEasing":0,"displayIndex":-1,"duration":1},{"tweenEasing":0,"duration":1},{"tweenEasing":0,"displayIndex":-1,"duration":15},{"tweenEasing":null,"displayIndex":-1,"duration":0,"color":{"aM":0}}],"name":"fangshe_eff6"},{"frame":[{"tweenEasing":0,"displayIndex":-1,"duration":15,"color":{"aM":0}},{"tweenEasing":null,"displayIndex":-1,"duration":12},{"tweenEasing":0,"duration":3},{"tweenEasing":0,"duration":15},{"tweenEasing":0,"duration":15},{"tweenEasing":null,"duration":0,"color":{"aM":0}}],"name":"fangshe_eff7"},{"frame":[{"tweenEasing":0,"displayIndex":-1,"duration":15,"color":{"aM":0}},{"tweenEasing":null,"displayIndex":-1,"duration":12},{"tweenEasing":0,"duration":3},{"tweenEasing":0,"duration":15},{"tweenEasing":0,"duration":10},{"tweenEasing":null,"duration":5,"color":{"aM":0}},{"tweenEasing":null,"duration":0,"color":{"aM":0}}],"name":"fangshe_eff8"},{"frame":[{"tweenEasing":0,"displayIndex":-1,"duration":15,"color":{"aM":0}},{"tweenEasing":null,"displayIndex":-1,"duration":12},{"tweenEasing":0,"duration":3},{"tweenEasing":0,"duration":1},{"tweenEasing":0,"displayIndex":-1,"duration":1},{"tweenEasing":0,"duration":1},{"tweenEasing":0,"displayIndex":-1,"duration":1},{"tweenEasing":0,"duration":1},{"tweenEasing":0,"displayIndex":-1,"duration":1},{"tweenEasing":0,"duration":1},{"tweenEasing":0,"displayIndex":-1,"duration":1},{"tweenEasing":0,"duration":1},{"tweenEasing":0,"displayIndex":-1,"duration":1},{"tweenEasing":0,"duration":1},{"tweenEasing":0,"displayIndex":-1,"duration":1},{"tweenEasing":0,"duration":1},{"tweenEasing":0,"displayIndex":-1,"duration":1},{"tweenEasing":0,"duration":1},{"tweenEasing":0,"displayIndex":-1,"duration":15},{"tweenEasing":null,"displayIndex":-1,"duration":0,"color":{"aM":0}}],"name":"fangshe_eff9"},{"frame":[{"tweenEasing":0,"duration":15,"color":{"aM":0}},{"tweenEasing":null,"duration":30},{"tweenEasing":0,"duration":15},{"tweenEasing":null,"duration":0,"color":{"aM":0}}],"name":"heidong"},{"frame":[{"tweenEasing":0,"duration":15,"color":{"aM":0}},{"tweenEasing":null,"duration":30},{"tweenEasing":0,"duration":15},{"tweenEasing":null,"duration":0,"color":{"aM":0}}],"name":"heidong2"},{"frame":[{"tweenEasing":0,"duration":15,"color":{"aM":0}},{"tweenEasing":null,"duration":30},{"tweenEasing":0,"duration":15},{"tweenEasing":null,"duration":0,"color":{"aM":0}}],"name":"heidong3"},{"frame":[{"tweenEasing":0,"duration":15,"color":{"aM":0}},{"tweenEasing":null,"duration":30},{"tweenEasing":0,"duration":15},{"tweenEasing":null,"duration":0,"color":{"aM":0}}],"name":"heidong4"},{"frame":[{"tweenEasing":0,"duration":15,"color":{"aM":0}},{"tweenEasing":null,"duration":30},{"tweenEasing":0,"duration":15},{"tweenEasing":null,"duration":0,"color":{"aM":0}}],"name":"heidong5"},{"frame":[{"tweenEasing":0,"duration":15,"color":{"aM":0}},{"tweenEasing":null,"duration":30},{"tweenEasing":0,"duration":15},{"tweenEasing":null,"duration":0,"color":{"aM":0}}],"name":"wind00"},{"frame":[{"tweenEasing":0,"duration":15,"color":{"aM":0}},{"tweenEasing":null,"duration":30},{"tweenEasing":0,"duration":15},{"tweenEasing":null,"duration":0,"color":{"aM":0}}],"name":"wind0"},{"frame":[{"tweenEasing":0,"displayIndex":-1,"duration":15,"color":{"aM":0}},{"tweenEasing":0,"displayIndex":-1,"duration":12,"color":{"aM":44}},{"tweenEasing":0,"duration":3,"color":{"aM":0}},{"tweenEasing":0,"duration":1},{"tweenEasing":0,"displayIndex":-1,"duration":1},{"tweenEasing":0,"duration":1},{"tweenEasing":0,"displayIndex":-1,"duration":1},{"tweenEasing":0,"duration":1},{"tweenEasing":0,"displayIndex":-1,"duration":1},{"tweenEasing":0,"duration":1},{"tweenEasing":0,"displayIndex":-1,"duration":1},{"tweenEasing":0,"duration":1},{"tweenEasing":0,"displayIndex":-1,"duration":1},{"tweenEasing":0,"duration":1},{"tweenEasing":0,"displayIndex":-1,"duration":1},{"tweenEasing":0,"duration":1},{"tweenEasing":0,"displayIndex":-1,"duration":1},{"tweenEasing":0,"duration":1},{"tweenEasing":0,"displayIndex":-1,"duration":15},{"tweenEasing":null,"displayIndex":-1,"duration":0,"color":{"aM":0}}],"name":"wind01"},{"frame":[{"tweenEasing":0,"displayIndex":-1,"duration":15,"color":{"aM":0}},{"tweenEasing":0,"displayIndex":-1,"duration":12,"color":{"aM":44}},{"tweenEasing":0,"duration":3,"color":{"aM":0}},{"tweenEasing":0,"duration":1},{"tweenEasing":0,"displayIndex":-1,"duration":1},{"tweenEasing":0,"duration":1},{"tweenEasing":0,"displayIndex":-1,"duration":1},{"tweenEasing":0,"duration":1},{"tweenEasing":0,"displayIndex":-1,"duration":1},{"tweenEasing":0,"duration":1},{"tweenEasing":0,"displayIndex":-1,"duration":1},{"tweenEasing":0,"duration":1},{"tweenEasing":0,"displayIndex":-1,"duration":1},{"tweenEasing":0,"duration":1},{"tweenEasing":0,"displayIndex":-1,"duration":1},{"tweenEasing":0,"duration":1},{"tweenEasing":0,"displayIndex":-1,"duration":1},{"tweenEasing":0,"duration":1},{"tweenEasing":0,"displayIndex":-1,"duration":15},{"tweenEasing":null,"displayIndex":-1,"duration":0,"color":{"aM":0}}],"name":"wind1"},{"frame":[{"tweenEasing":0,"displayIndex":-1,"duration":15,"color":{"aM":0}},{"tweenEasing":0,"displayIndex":-1,"duration":12,"color":{"aM":44}},{"tweenEasing":0,"duration":3,"color":{"aM":0}},{"tweenEasing":0,"duration":15},{"tweenEasing":0,"duration":10},{"tweenEasing":null,"duration":5,"color":{"aM":0}},{"tweenEasing":null,"duration":0,"color":{"aM":0}}],"name":"wind02"},{"frame":[{"tweenEasing":0,"displayIndex":-1,"duration":15,"color":{"aM":0}},{"tweenEasing":0,"displayIndex":-1,"duration":12,"color":{"aM":44}},{"tweenEasing":0,"duration":3,"color":{"aM":0}},{"tweenEasing":0,"duration":15},{"tweenEasing":0,"duration":10},{"tweenEasing":null,"duration":5,"color":{"aM":0}},{"tweenEasing":null,"duration":0,"color":{"aM":0}}],"name":"wind2"},{"frame":[{"tweenEasing":0,"duration":15,"color":{"aM":0}},{"tweenEasing":null,"duration":30},{"tweenEasing":0,"duration":15},{"tweenEasing":null,"duration":0,"color":{"aM":0}}],"name":"ys_zhizhuwang_eff_03"},{"frame":[{"tweenEasing":0,"duration":15,"color":{"aM":0}},{"tweenEasing":null,"duration":30},{"tweenEasing":0,"duration":15},{"tweenEasing":null,"duration":0,"color":{"aM":0}}],"name":"zi_fangshe_02_eff_03"}],"ffd":[],"bone":[{"frame":[{"duration":30,"transform":{}},{"duration":30,"transform":{}},{"duration":0,"transform":{}}],"name":"root"},{"frame":[{"tweenEasing":0,"duration":15,"transform":{}},{"tweenEasing":0,"duration":5,"transform":{"skX":-90,"skY":-90}},{"tweenEasing":0,"duration":7,"transform":{"skX":-180,"skY":-180}},{"tweenEasing":0,"duration":3,"transform":{"skX":-180,"skY":-180}},{"tweenEasing":0,"duration":10,"transform":{"scY":1.681,"skX":90,"skY":90,"scX":1.681}},{"tweenEasing":0,"duration":10,"transform":{"scY":1.681,"skX":-360,"skY":-360,"scX":1.681}},{"tweenEasing":0,"duration":10,"transform":{"scY":1.681,"skX":-90,"skY":-90,"scX":1.681}},{"duration":0,"transform":{"skX":-180,"skY":-180}}],"name":"wind01"},{"frame":[{"tweenEasing":0,"duration":15,"transform":{"scY":1.333,"scX":1.333}},{"tweenEasing":0,"duration":5,"transform":{"scY":1.333,"skX":90,"skY":90,"scX":1.333}},{"tweenEasing":0,"duration":7,"transform":{"scY":1.333,"skX":180,"skY":180,"scX":1.333}},{"tweenEasing":0,"duration":3,"transform":{"scY":1.333,"skX":180,"skY":180,"scX":1.333}},{"tweenEasing":0,"duration":10,"transform":{"scY":2.241,"skX":-90,"skY":-90,"scX":0.424}},{"tweenEasing":0,"duration":10,"transform":{"scY":2.241,"scX":0.424}},{"tweenEasing":0,"duration":10,"transform":{"scY":2.241,"skX":90,"skY":90,"scX":0.424}},{"duration":0,"transform":{"scY":1.333,"skX":180,"skY":180,"scX":1.333}}],"name":"wind1"},{"frame":[{"tweenEasing":0,"duration":15,"transform":{"scY":2.377,"scX":2.377}},{"duration":45,"transform":{"scY":0.221,"scX":0.221}},{"duration":0,"transform":{"scY":0.221,"scX":0.221}}],"name":"ys_zhizhuwang_eff_03"},{"frame":[{"tweenEasing":0,"duration":30,"transform":{"scY":0.351,"scX":0.351}},{"duration":30,"transform":{"scY":1.712,"scX":1.712}},{"duration":0,"transform":{"scY":1.712,"scX":1.712}}],"name":"zi_fangshe_02_eff_03"},{"frame":[{"tweenEasing":0,"duration":30,"transform":{"scY":1.662,"scX":1.662}},{"tweenEasing":0,"duration":30,"transform":{"scY":1.662,"skX":-90,"skY":-90,"scX":1.662}},{"duration":0,"transform":{"skX":-180,"skY":-180}}],"name":"heidong"},{"frame":[{"tweenEasing":0,"duration":30,"transform":{"scY":1.668,"scX":1.668}},{"tweenEasing":0,"duration":30,"transform":{"skX":90,"skY":90}},{"duration":0,"transform":{"skX":180,"skY":180}}],"name":"heidong2"},{"frame":[{"tweenEasing":0,"duration":60,"transform":{"scY":1.726,"scX":1.726}},{"duration":0,"transform":{"skX":-90.51,"skY":-90.51}}],"name":"heidong3"},{"frame":[{"duration":15,"transform":{}},{"tweenEasing":0,"duration":15,"transform":{}},{"duration":30,"transform":{"skX":-50.68,"skY":-50.68}}],"name":"cheng_fangshe_03_eff_02"},{"frame":[{"duration":15,"transform":{}},{"tweenEasing":0,"duration":15,"transform":{}},{"duration":30,"transform":{"skX":-276.69,"skY":-276.69}}],"name":"cheng_fangshe_03_eff_2"},{"frame":[{"tweenEasing":0,"duration":30,"transform":{"scY":1.661,"scX":1.661}},{"tweenEasing":0,"duration":15,"transform":{"skX":-270.31,"skY":-270.31}},{"tweenEasing":0,"duration":15,"transform":{"skX":134.68,"skY":134.68}},{"duration":0,"transform":{"skX":179.68,"skY":179.68}}],"name":"heidong4"},{"frame":[{"tweenEasing":0,"duration":15,"transform":{"scY":1.386,"scX":1.386}},{"tweenEasing":0,"duration":15,"transform":{"scY":0.909,"scX":0.909}},{"tweenEasing":0,"duration":30,"transform":{"skX":-90,"skY":-90}},{"duration":0,"transform":{"skX":-180,"skY":-180}}],"name":"heidong5"},{"frame":[{"duration":30,"transform":{}},{"tweenEasing":0,"duration":30,"transform":{}},{"duration":0,"transform":{"skX":-155.4,"skY":-155.4}}],"name":"fangshexian_fuji"},{"frame":[{"tweenEasing":0,"duration":27,"transform":{}},{"tweenEasing":0,"duration":3,"transform":{"scY":0.268,"scX":0.268}},{"tweenEasing":0,"duration":1,"transform":{"scY":1.805,"y":-0.765,"scX":1.805,"x":8.45}},{"tweenEasing":0,"duration":1,"transform":{"scY":2.186,"y":-0.765,"scX":2.419,"x":8.45}},{"tweenEasing":0,"duration":1,"transform":{"scY":1.805,"y":-0.765,"scX":1.805,"x":8.45}},{"tweenEasing":0,"duration":1,"transform":{"scY":2.186,"y":-0.765,"scX":2.419,"x":8.45}},{"tweenEasing":0,"duration":1,"transform":{"scY":1.805,"y":-0.765,"scX":1.805,"x":8.45}},{"tweenEasing":0,"duration":1,"transform":{"scY":2.186,"y":-0.765,"scX":2.419,"x":8.45}},{"tweenEasing":0,"duration":1,"transform":{"scY":1.805,"y":-0.765,"scX":1.805,"x":8.45}},{"tweenEasing":0,"duration":1,"transform":{"scY":2.186,"y":-0.765,"scX":2.419,"x":8.45}},{"tweenEasing":0,"duration":1,"transform":{"scY":1.805,"y":-0.765,"scX":1.805,"x":8.45}},{"tweenEasing":0,"duration":1,"transform":{"scY":2.186,"y":-0.765,"scX":2.419,"x":8.45}},{"tweenEasing":0,"duration":1,"transform":{"scY":1.805,"y":-0.765,"scX":1.805,"x":8.45}},{"tweenEasing":0,"duration":1,"transform":{"scY":2.186,"y":-0.765,"scX":2.419,"x":8.45}},{"tweenEasing":0,"duration":1,"transform":{"scY":1.805,"y":-0.765,"scX":1.805,"x":8.45}},{"tweenEasing":0,"duration":1,"transform":{"scY":2.186,"y":-0.765,"scX":2.419,"x":8.45}},{"tweenEasing":0,"duration":1,"transform":{"scY":1.805,"y":-0.765,"scX":1.805,"x":8.45}},{"tweenEasing":0,"duration":15,"transform":{"scY":2.186,"y":-0.765,"scX":2.419,"x":8.45}},{"duration":0,"transform":{"y":0.365,"x":2.37}}],"name":"fangshe_eff"},{"frame":[{"tweenEasing":0,"duration":27,"transform":{}},{"tweenEasing":0,"duration":3,"transform":{"scY":0.268,"scX":0.268}},{"tweenEasing":0,"duration":1,"transform":{"scY":1.805,"y":-9.22,"scX":1.805,"x":1.535}},{"tweenEasing":0,"duration":1,"transform":{"scY":1.054,"y":-9.22,"scX":2.871,"x":1.535}},{"tweenEasing":0,"duration":1,"transform":{"scY":1.805,"y":-9.22,"scX":1.805,"x":1.535}},{"tweenEasing":0,"duration":1,"transform":{"scY":1.054,"y":-9.22,"scX":2.871,"x":1.535}},{"tweenEasing":0,"duration":1,"transform":{"scY":1.805,"y":-9.22,"scX":1.805,"x":1.535}},{"tweenEasing":0,"duration":1,"transform":{"scY":1.054,"y":-9.22,"scX":2.871,"x":1.535}},{"tweenEasing":0,"duration":1,"transform":{"scY":1.805,"y":-9.22,"scX":1.805,"x":1.535}},{"tweenEasing":0,"duration":1,"transform":{"scY":1.054,"y":-9.22,"scX":2.871,"x":1.535}},{"tweenEasing":0,"duration":1,"transform":{"scY":1.805,"y":-9.22,"scX":1.805,"x":1.535}},{"tweenEasing":0,"duration":1,"transform":{"scY":1.054,"y":-9.22,"scX":2.871,"x":1.535}},{"tweenEasing":0,"duration":1,"transform":{"scY":1.805,"y":-9.22,"scX":1.805,"x":1.535}},{"tweenEasing":0,"duration":1,"transform":{"scY":1.054,"y":-9.22,"scX":2.871,"x":1.535}},{"tweenEasing":0,"duration":1,"transform":{"scY":1.805,"y":-9.22,"scX":1.805,"x":1.535}},{"tweenEasing":0,"duration":1,"transform":{"scY":1.054,"y":-9.22,"scX":2.871,"x":1.535}},{"tweenEasing":0,"duration":1,"transform":{"scY":1.805,"y":-9.22,"scX":1.805,"x":1.535}},{"tweenEasing":0,"duration":15,"transform":{"scY":1.054,"y":-9.22,"scX":2.871,"x":1.535}},{"duration":0,"transform":{"y":-5.7,"x":-0.15}}],"name":"fangshe_eff2"},{"frame":[{"tweenEasing":0,"duration":27,"transform":{}},{"tweenEasing":0,"duration":3,"transform":{"scY":0.268,"scX":0.268}},{"tweenEasing":0,"duration":1,"transform":{"scY":1.805,"y":2.305,"scX":1.805,"x":-2.305}},{"tweenEasing":0,"duration":1,"transform":{"scY":5.397,"y":2.305,"scX":1.609,"x":-2.305}},{"tweenEasing":0,"duration":1,"transform":{"scY":1.805,"y":2.305,"scX":1.805,"x":-2.305}},{"tweenEasing":0,"duration":1,"transform":{"scY":5.397,"y":2.305,"scX":1.609,"x":-2.305}},{"tweenEasing":0,"duration":1,"transform":{"scY":1.805,"y":2.305,"scX":1.805,"x":-2.305}},{"tweenEasing":0,"duration":1,"transform":{"scY":5.397,"y":2.305,"scX":1.609,"x":-2.305}},{"tweenEasing":0,"duration":1,"transform":{"scY":1.805,"y":2.305,"scX":1.805,"x":-2.305}},{"tweenEasing":0,"duration":1,"transform":{"scY":5.397,"y":2.305,"scX":1.609,"x":-2.305}},{"tweenEasing":0,"duration":1,"transform":{"scY":1.805,"y":2.305,"scX":1.805,"x":-2.305}},{"tweenEasing":0,"duration":1,"transform":{"scY":5.397,"y":2.305,"scX":1.609,"x":-2.305}},{"tweenEasing":0,"duration":1,"transform":{"scY":1.805,"y":2.305,"scX":1.805,"x":-2.305}},{"tweenEasing":0,"duration":1,"transform":{"scY":5.397,"y":2.305,"scX":1.609,"x":-2.305}},{"tweenEasing":0,"duration":1,"transform":{"scY":1.805,"y":2.305,"scX":1.805,"x":-2.305}},{"tweenEasing":0,"duration":1,"transform":{"scY":5.397,"y":2.305,"scX":1.609,"x":-2.305}},{"tweenEasing":0,"duration":1,"transform":{"scY":1.805,"y":2.305,"scX":1.805,"x":-2.305}},{"tweenEasing":0,"duration":15,"transform":{"scY":5.397,"y":2.305,"scX":1.609,"x":-2.305}},{"duration":0,"transform":{"y":2.305,"x":-2.305}}],"name":"fangshe_eff3"},{"frame":[{"duration":60,"transform":{"scY":2,"scX":2}},{"duration":0,"transform":{"scY":2,"scX":2}}],"name":"darkboom01@2x"}],"name":"000_yanshi","ik":[]},{"frame":[],"duration":60,"slot":[{"frame":[{"tweenEasing":null,"displayIndex":-1,"duration":60,"color":{"aM":0}}],"name":"cheng_fangshe_03_eff_02"},{"frame":[{"tweenEasing":null,"displayIndex":-1,"duration":60,"color":{"aM":0}}],"name":"cheng_fangshe_03_eff_2"},{"frame":[{"tweenEasing":null,"duration":60,"color":{"aM":0}}],"name":"darkboom01@2x"},{"frame":[{"tweenEasing":0,"displayIndex":-1,"duration":15,"color":{"aM":0}},{"tweenEasing":null,"displayIndex":-1,"duration":12},{"tweenEasing":0,"duration":3},{"tweenEasing":0,"duration":15},{"tweenEasing":0,"duration":10},{"tweenEasing":null,"duration":5,"color":{"aM":0}},{"tweenEasing":null,"duration":0,"color":{"aM":0}}],"name":"fangshe_eff"},{"frame":[{"tweenEasing":0,"displayIndex":-1,"duration":15,"color":{"aM":0}},{"tweenEasing":null,"displayIndex":-1,"duration":12},{"tweenEasing":0,"duration":3},{"tweenEasing":0,"duration":1},{"tweenEasing":0,"displayIndex":-1,"duration":1},{"tweenEasing":0,"duration":1},{"tweenEasing":0,"displayIndex":-1,"duration":1},{"tweenEasing":0,"duration":1},{"tweenEasing":0,"displayIndex":-1,"duration":1},{"tweenEasing":0,"duration":1},{"tweenEasing":0,"displayIndex":-1,"duration":1},{"tweenEasing":0,"duration":1},{"tweenEasing":0,"displayIndex":-1,"duration":1},{"tweenEasing":0,"duration":1},{"tweenEasing":0,"displayIndex":-1,"duration":1},{"tweenEasing":0,"duration":1},{"tweenEasing":0,"displayIndex":-1,"duration":1},{"tweenEasing":0,"duration":1},{"tweenEasing":0,"displayIndex":-1,"duration":15},{"tweenEasing":null,"displayIndex":-1,"duration":0,"color":{"aM":0}}],"name":"fangshe_eff2"},{"frame":[{"tweenEasing":0,"displayIndex":-1,"duration":15,"color":{"aM":0}},{"tweenEasing":null,"displayIndex":-1,"duration":12},{"tweenEasing":0,"duration":3},{"tweenEasing":0,"duration":15},{"tweenEasing":0,"duration":15},{"tweenEasing":null,"duration":0,"color":{"aM":0}}],"name":"fangshe_eff3"},{"frame":[{"tweenEasing":0,"displayIndex":-1,"duration":15,"color":{"aM":0}},{"tweenEasing":null,"displayIndex":-1,"duration":12},{"tweenEasing":0,"duration":3},{"tweenEasing":0,"duration":15},{"tweenEasing":0,"duration":15},{"tweenEasing":null,"duration":0,"color":{"aM":0}}],"name":"fangshe_eff4"},{"frame":[{"tweenEasing":0,"displayIndex":-1,"duration":15,"color":{"aM":0}},{"tweenEasing":null,"displayIndex":-1,"duration":12},{"tweenEasing":0,"duration":3},{"tweenEasing":0,"duration":15},{"tweenEasing":0,"duration":10},{"tweenEasing":null,"duration":5,"color":{"aM":0}},{"tweenEasing":null,"duration":0,"color":{"aM":0}}],"name":"fangshe_eff5"},{"frame":[{"tweenEasing":0,"displayIndex":-1,"duration":15,"color":{"aM":0}},{"tweenEasing":null,"displayIndex":-1,"duration":12},{"tweenEasing":0,"duration":3},{"tweenEasing":0,"duration":1},{"tweenEasing":0,"displayIndex":-1,"duration":1},{"tweenEasing":0,"duration":1},{"tweenEasing":0,"displayIndex":-1,"duration":1},{"tweenEasing":0,"duration":1},{"tweenEasing":0,"displayIndex":-1,"duration":1},{"tweenEasing":0,"duration":1},{"tweenEasing":0,"displayIndex":-1,"duration":1},{"tweenEasing":0,"duration":1},{"tweenEasing":0,"displayIndex":-1,"duration":1},{"tweenEasing":0,"duration":1},{"tweenEasing":0,"displayIndex":-1,"duration":1},{"tweenEasing":0,"duration":1},{"tweenEasing":0,"displayIndex":-1,"duration":1},{"tweenEasing":0,"duration":1},{"tweenEasing":0,"displayIndex":-1,"duration":15},{"tweenEasing":null,"displayIndex":-1,"duration":0,"color":{"aM":0}}],"name":"fangshe_eff6"},{"frame":[{"tweenEasing":0,"displayIndex":-1,"duration":15,"color":{"aM":0}},{"tweenEasing":null,"displayIndex":-1,"duration":12},{"tweenEasing":0,"duration":3},{"tweenEasing":0,"duration":15},{"tweenEasing":0,"duration":15},{"tweenEasing":null,"duration":0,"color":{"aM":0}}],"name":"fangshe_eff7"},{"frame":[{"tweenEasing":0,"displayIndex":-1,"duration":15,"color":{"aM":0}},{"tweenEasing":null,"displayIndex":-1,"duration":12},{"tweenEasing":0,"duration":3},{"tweenEasing":0,"duration":15},{"tweenEasing":0,"duration":10},{"tweenEasing":null,"duration":5,"color":{"aM":0}},{"tweenEasing":null,"duration":0,"color":{"aM":0}}],"name":"fangshe_eff8"},{"frame":[{"tweenEasing":0,"displayIndex":-1,"duration":15,"color":{"aM":0}},{"tweenEasing":null,"displayIndex":-1,"duration":12},{"tweenEasing":0,"duration":3},{"tweenEasing":0,"duration":1},{"tweenEasing":0,"displayIndex":-1,"duration":1},{"tweenEasing":0,"duration":1},{"tweenEasing":0,"displayIndex":-1,"duration":1},{"tweenEasing":0,"duration":1},{"tweenEasing":0,"displayIndex":-1,"duration":1},{"tweenEasing":0,"duration":1},{"tweenEasing":0,"displayIndex":-1,"duration":1},{"tweenEasing":0,"duration":1},{"tweenEasing":0,"displayIndex":-1,"duration":1},{"tweenEasing":0,"duration":1},{"tweenEasing":0,"displayIndex":-1,"duration":1},{"tweenEasing":0,"duration":1},{"tweenEasing":0,"displayIndex":-1,"duration":1},{"tweenEasing":0,"duration":1},{"tweenEasing":0,"displayIndex":-1,"duration":15},{"tweenEasing":null,"displayIndex":-1,"duration":0,"color":{"aM":0}}],"name":"fangshe_eff9"},{"frame":[{"tweenEasing":null,"duration":60,"color":{"aM":0}}],"name":"heidong"},{"frame":[{"tweenEasing":null,"duration":60,"color":{"aM":0}}],"name":"heidong2"},{"frame":[{"tweenEasing":null,"duration":60,"color":{"aM":0}}],"name":"heidong3"},{"frame":[{"tweenEasing":null,"duration":60,"color":{"aM":0}}],"name":"heidong4"},{"frame":[{"tweenEasing":0,"duration":15,"color":{"aM":0}},{"tweenEasing":null,"duration":30},{"tweenEasing":0,"duration":15},{"tweenEasing":null,"duration":0,"color":{"aM":0}}],"name":"heidong5"},{"frame":[{"tweenEasing":0,"duration":15,"color":{"aM":0}},{"tweenEasing":null,"duration":30},{"tweenEasing":0,"duration":15},{"tweenEasing":null,"duration":0,"color":{"aM":0}}],"name":"wind00"},{"frame":[{"tweenEasing":0,"duration":15,"color":{"aM":0}},{"tweenEasing":null,"duration":30},{"tweenEasing":0,"duration":15},{"tweenEasing":null,"duration":0,"color":{"aM":0}}],"name":"wind0"},{"frame":[{"tweenEasing":0,"displayIndex":-1,"duration":15,"color":{"aM":0}},{"tweenEasing":0,"displayIndex":-1,"duration":12,"color":{"aM":44}},{"tweenEasing":0,"duration":3,"color":{"aM":0}},{"tweenEasing":0,"duration":1},{"tweenEasing":0,"displayIndex":-1,"duration":1},{"tweenEasing":0,"duration":1},{"tweenEasing":0,"displayIndex":-1,"duration":1},{"tweenEasing":0,"duration":1},{"tweenEasing":0,"displayIndex":-1,"duration":1},{"tweenEasing":0,"duration":1},{"tweenEasing":0,"displayIndex":-1,"duration":1},{"tweenEasing":0,"duration":1},{"tweenEasing":0,"displayIndex":-1,"duration":1},{"tweenEasing":0,"duration":1},{"tweenEasing":0,"displayIndex":-1,"duration":1},{"tweenEasing":0,"duration":1},{"tweenEasing":0,"displayIndex":-1,"duration":1},{"tweenEasing":0,"duration":1},{"tweenEasing":0,"displayIndex":-1,"duration":15},{"tweenEasing":null,"displayIndex":-1,"duration":0,"color":{"aM":0}}],"name":"wind01"},{"frame":[{"tweenEasing":0,"displayIndex":-1,"duration":15,"color":{"aM":0}},{"tweenEasing":0,"displayIndex":-1,"duration":12,"color":{"aM":44}},{"tweenEasing":0,"duration":3,"color":{"aM":0}},{"tweenEasing":0,"duration":1},{"tweenEasing":0,"displayIndex":-1,"duration":1},{"tweenEasing":0,"duration":1},{"tweenEasing":0,"displayIndex":-1,"duration":1},{"tweenEasing":0,"duration":1},{"tweenEasing":0,"displayIndex":-1,"duration":1},{"tweenEasing":0,"duration":1},{"tweenEasing":0,"displayIndex":-1,"duration":1},{"tweenEasing":0,"duration":1},{"tweenEasing":0,"displayIndex":-1,"duration":1},{"tweenEasing":0,"duration":1},{"tweenEasing":0,"displayIndex":-1,"duration":1},{"tweenEasing":0,"duration":1},{"tweenEasing":0,"displayIndex":-1,"duration":1},{"tweenEasing":0,"duration":1},{"tweenEasing":0,"displayIndex":-1,"duration":15},{"tweenEasing":null,"displayIndex":-1,"duration":0,"color":{"aM":0}}],"name":"wind1"},{"frame":[{"tweenEasing":0,"displayIndex":-1,"duration":15,"color":{"aM":0}},{"tweenEasing":0,"displayIndex":-1,"duration":12,"color":{"aM":44}},{"tweenEasing":0,"duration":3,"color":{"aM":0}},{"tweenEasing":0,"duration":15},{"tweenEasing":0,"duration":10},{"tweenEasing":null,"duration":5,"color":{"aM":0}},{"tweenEasing":null,"duration":0,"color":{"aM":0}}],"name":"wind02"},{"frame":[{"tweenEasing":0,"displayIndex":-1,"duration":15,"color":{"aM":0}},{"tweenEasing":0,"displayIndex":-1,"duration":12,"color":{"aM":44}},{"tweenEasing":0,"duration":3,"color":{"aM":0}},{"tweenEasing":0,"duration":15},{"tweenEasing":0,"duration":10},{"tweenEasing":null,"duration":5,"color":{"aM":0}},{"tweenEasing":null,"duration":0,"color":{"aM":0}}],"name":"wind2"},{"frame":[{"tweenEasing":0,"duration":15,"color":{"aM":0}},{"tweenEasing":null,"duration":30},{"tweenEasing":0,"duration":15},{"tweenEasing":null,"duration":0,"color":{"aM":0}}],"name":"ys_zhizhuwang_eff_03"},{"frame":[{"tweenEasing":0,"duration":15,"color":{"aM":0}},{"tweenEasing":null,"duration":30},{"tweenEasing":0,"duration":15},{"tweenEasing":null,"duration":0,"color":{"aM":0}}],"name":"zi_fangshe_02_eff_03"}],"ffd":[],"bone":[{"frame":[{"duration":30,"transform":{}},{"duration":30,"transform":{}},{"duration":0,"transform":{}}],"name":"root"},{"frame":[{"tweenEasing":0,"duration":15,"transform":{}},{"tweenEasing":0,"duration":5,"transform":{"skX":-90,"skY":-90}},{"tweenEasing":0,"duration":7,"transform":{"skX":-180,"skY":-180}},{"tweenEasing":0,"duration":3,"transform":{"skX":-180,"skY":-180}},{"tweenEasing":0,"duration":10,"transform":{"scY":1.681,"skX":90,"skY":90,"scX":1.681}},{"tweenEasing":0,"duration":10,"transform":{"scY":1.681,"skX":-360,"skY":-360,"scX":1.681}},{"tweenEasing":0,"duration":10,"transform":{"scY":1.681,"skX":-90,"skY":-90,"scX":1.681}},{"duration":0,"transform":{"skX":-180,"skY":-180}}],"name":"wind01"},{"frame":[{"tweenEasing":0,"duration":15,"transform":{"scY":1.333,"scX":1.333}},{"tweenEasing":0,"duration":5,"transform":{"scY":1.333,"skX":90,"skY":90,"scX":1.333}},{"tweenEasing":0,"duration":7,"transform":{"scY":1.333,"skX":180,"skY":180,"scX":1.333}},{"tweenEasing":0,"duration":3,"transform":{"scY":1.333,"skX":180,"skY":180,"scX":1.333}},{"tweenEasing":0,"duration":10,"transform":{"scY":2.241,"skX":-90,"skY":-90,"scX":0.424}},{"tweenEasing":0,"duration":10,"transform":{"scY":2.241,"scX":0.424}},{"tweenEasing":0,"duration":10,"transform":{"scY":2.241,"skX":90,"skY":90,"scX":0.424}},{"duration":0,"transform":{"scY":1.333,"skX":180,"skY":180,"scX":1.333}}],"name":"wind1"},{"frame":[{"tweenEasing":0,"duration":15,"transform":{"scY":2.377,"scX":2.377}},{"duration":45,"transform":{"scY":0.221,"scX":0.221}},{"duration":0,"transform":{"scY":0.221,"scX":0.221}}],"name":"ys_zhizhuwang_eff_03"},{"frame":[{"tweenEasing":0,"duration":30,"transform":{"scY":0.351,"scX":0.351}},{"duration":30,"transform":{"scY":1.712,"scX":1.712}},{"duration":0,"transform":{"scY":1.712,"scX":1.712}}],"name":"zi_fangshe_02_eff_03"},{"frame":[{"duration":60,"transform":{"scY":1.662,"scX":1.662}}],"name":"heidong"},{"frame":[{"duration":60,"transform":{"scY":1.668,"scX":1.668}}],"name":"heidong2"},{"frame":[{"duration":60,"transform":{"scY":1.726,"scX":1.726}}],"name":"heidong3"},{"frame":[{"duration":60,"transform":{}}],"name":"cheng_fangshe_03_eff_02"},{"frame":[{"duration":60,"transform":{}}],"name":"cheng_fangshe_03_eff_2"},{"frame":[{"duration":60,"transform":{"scY":1.661,"scX":1.661}}],"name":"heidong4"},{"frame":[{"tweenEasing":0,"duration":15,"transform":{"scY":1.386,"scX":1.386}},{"tweenEasing":0,"duration":15,"transform":{"scY":0.909,"scX":0.909}},{"tweenEasing":0,"duration":30,"transform":{"skX":-90,"skY":-90}},{"duration":0,"transform":{"skX":-180,"skY":-180}}],"name":"heidong5"},{"frame":[{"duration":30,"transform":{}},{"tweenEasing":0,"duration":30,"transform":{}},{"duration":0,"transform":{"skX":-155.4,"skY":-155.4}}],"name":"fangshexian_fuji"},{"frame":[{"tweenEasing":0,"duration":27,"transform":{}},{"tweenEasing":0,"duration":3,"transform":{"scY":0.268,"scX":0.268}},{"tweenEasing":0,"duration":1,"transform":{"scY":1.805,"y":-0.765,"scX":1.805,"x":8.45}},{"tweenEasing":0,"duration":1,"transform":{"scY":2.186,"y":-0.765,"scX":2.419,"x":8.45}},{"tweenEasing":0,"duration":1,"transform":{"scY":1.805,"y":-0.765,"scX":1.805,"x":8.45}},{"tweenEasing":0,"duration":1,"transform":{"scY":2.186,"y":-0.765,"scX":2.419,"x":8.45}},{"tweenEasing":0,"duration":1,"transform":{"scY":1.805,"y":-0.765,"scX":1.805,"x":8.45}},{"tweenEasing":0,"duration":1,"transform":{"scY":2.186,"y":-0.765,"scX":2.419,"x":8.45}},{"tweenEasing":0,"duration":1,"transform":{"scY":1.805,"y":-0.765,"scX":1.805,"x":8.45}},{"tweenEasing":0,"duration":1,"transform":{"scY":2.186,"y":-0.765,"scX":2.419,"x":8.45}},{"tweenEasing":0,"duration":1,"transform":{"scY":1.805,"y":-0.765,"scX":1.805,"x":8.45}},{"tweenEasing":0,"duration":1,"transform":{"scY":2.186,"y":-0.765,"scX":2.419,"x":8.45}},{"tweenEasing":0,"duration":1,"transform":{"scY":1.805,"y":-0.765,"scX":1.805,"x":8.45}},{"tweenEasing":0,"duration":1,"transform":{"scY":2.186,"y":-0.765,"scX":2.419,"x":8.45}},{"tweenEasing":0,"duration":1,"transform":{"scY":1.805,"y":-0.765,"scX":1.805,"x":8.45}},{"tweenEasing":0,"duration":1,"transform":{"scY":2.186,"y":-0.765,"scX":2.419,"x":8.45}},{"tweenEasing":0,"duration":1,"transform":{"scY":1.805,"y":-0.765,"scX":1.805,"x":8.45}},{"tweenEasing":0,"duration":15,"transform":{"scY":2.186,"y":-0.765,"scX":2.419,"x":8.45}},{"duration":0,"transform":{"y":0.365,"x":2.37}}],"name":"fangshe_eff"},{"frame":[{"tweenEasing":0,"duration":27,"transform":{}},{"tweenEasing":0,"duration":3,"transform":{"scY":0.268,"scX":0.268}},{"tweenEasing":0,"duration":1,"transform":{"scY":1.805,"y":-9.22,"scX":1.805,"x":1.535}},{"tweenEasing":0,"duration":1,"transform":{"scY":1.054,"y":-9.22,"scX":2.871,"x":1.535}},{"tweenEasing":0,"duration":1,"transform":{"scY":1.805,"y":-9.22,"scX":1.805,"x":1.535}},{"tweenEasing":0,"duration":1,"transform":{"scY":1.054,"y":-9.22,"scX":2.871,"x":1.535}},{"tweenEasing":0,"duration":1,"transform":{"scY":1.805,"y":-9.22,"scX":1.805,"x":1.535}},{"tweenEasing":0,"duration":1,"transform":{"scY":1.054,"y":-9.22,"scX":2.871,"x":1.535}},{"tweenEasing":0,"duration":1,"transform":{"scY":1.805,"y":-9.22,"scX":1.805,"x":1.535}},{"tweenEasing":0,"duration":1,"transform":{"scY":1.054,"y":-9.22,"scX":2.871,"x":1.535}},{"tweenEasing":0,"duration":1,"transform":{"scY":1.805,"y":-9.22,"scX":1.805,"x":1.535}},{"tweenEasing":0,"duration":1,"transform":{"scY":1.054,"y":-9.22,"scX":2.871,"x":1.535}},{"tweenEasing":0,"duration":1,"transform":{"scY":1.805,"y":-9.22,"scX":1.805,"x":1.535}},{"tweenEasing":0,"duration":1,"transform":{"scY":1.054,"y":-9.22,"scX":2.871,"x":1.535}},{"tweenEasing":0,"duration":1,"transform":{"scY":1.805,"y":-9.22,"scX":1.805,"x":1.535}},{"tweenEasing":0,"duration":1,"transform":{"scY":1.054,"y":-9.22,"scX":2.871,"x":1.535}},{"tweenEasing":0,"duration":1,"transform":{"scY":1.805,"y":-9.22,"scX":1.805,"x":1.535}},{"tweenEasing":0,"duration":15,"transform":{"scY":1.054,"y":-9.22,"scX":2.871,"x":1.535}},{"duration":0,"transform":{"y":-5.7,"x":-0.15}}],"name":"fangshe_eff2"},{"frame":[{"tweenEasing":0,"duration":27,"transform":{}},{"tweenEasing":0,"duration":3,"transform":{"scY":0.268,"scX":0.268}},{"tweenEasing":0,"duration":1,"transform":{"scY":1.805,"y":2.305,"scX":1.805,"x":-2.305}},{"tweenEasing":0,"duration":1,"transform":{"scY":5.397,"y":2.305,"scX":1.609,"x":-2.305}},{"tweenEasing":0,"duration":1,"transform":{"scY":1.805,"y":2.305,"scX":1.805,"x":-2.305}},{"tweenEasing":0,"duration":1,"transform":{"scY":5.397,"y":2.305,"scX":1.609,"x":-2.305}},{"tweenEasing":0,"duration":1,"transform":{"scY":1.805,"y":2.305,"scX":1.805,"x":-2.305}},{"tweenEasing":0,"duration":1,"transform":{"scY":5.397,"y":2.305,"scX":1.609,"x":-2.305}},{"tweenEasing":0,"duration":1,"transform":{"scY":1.805,"y":2.305,"scX":1.805,"x":-2.305}},{"tweenEasing":0,"duration":1,"transform":{"scY":5.397,"y":2.305,"scX":1.609,"x":-2.305}},{"tweenEasing":0,"duration":1,"transform":{"scY":1.805,"y":2.305,"scX":1.805,"x":-2.305}},{"tweenEasing":0,"duration":1,"transform":{"scY":5.397,"y":2.305,"scX":1.609,"x":-2.305}},{"tweenEasing":0,"duration":1,"transform":{"scY":1.805,"y":2.305,"scX":1.805,"x":-2.305}},{"tweenEasing":0,"duration":1,"transform":{"scY":5.397,"y":2.305,"scX":1.609,"x":-2.305}},{"tweenEasing":0,"duration":1,"transform":{"scY":1.805,"y":2.305,"scX":1.805,"x":-2.305}},{"tweenEasing":0,"duration":1,"transform":{"scY":5.397,"y":2.305,"scX":1.609,"x":-2.305}},{"tweenEasing":0,"duration":1,"transform":{"scY":1.805,"y":2.305,"scX":1.805,"x":-2.305}},{"tweenEasing":0,"duration":15,"transform":{"scY":5.397,"y":2.305,"scX":1.609,"x":-2.305}},{"duration":0,"transform":{"y":2.305,"x":-2.305}}],"name":"fangshe_eff3"},{"frame":[{"duration":60,"transform":{"scY":2,"scX":2}}],"name":"darkboom01@2x"}],"name":"001_qian","ik":[]},{"frame":[],"duration":60,"slot":[{"frame":[{"tweenEasing":0,"displayIndex":-1,"duration":15,"color":{"aM":0}},{"tweenEasing":0,"duration":3},{"tweenEasing":0,"displayIndex":1,"duration":2},{"tweenEasing":0,"displayIndex":1,"duration":1},{"tweenEasing":0,"displayIndex":2,"duration":9},{"tweenEasing":0,"displayIndex":2,"duration":15,"color":{"aM":0}},{"tweenEasing":null,"displayIndex":2,"duration":15,"color":{"aM":0}}],"name":"cheng_fangshe_03_eff_02"},{"frame":[{"tweenEasing":0,"displayIndex":-1,"duration":15,"color":{"aM":0}},{"tweenEasing":0,"displayIndex":-1,"duration":3},{"tweenEasing":0,"displayIndex":1,"duration":2},{"tweenEasing":0,"displayIndex":1,"duration":1},{"tweenEasing":0,"displayIndex":2,"duration":9},{"tweenEasing":0,"displayIndex":2,"duration":15,"color":{"aM":0}},{"tweenEasing":null,"displayIndex":2,"duration":15,"color":{"aM":0}}],"name":"cheng_fangshe_03_eff_2"},{"frame":[{"tweenEasing":0,"duration":15,"color":{"aM":0}},{"tweenEasing":null,"duration":30},{"tweenEasing":0,"duration":15},{"tweenEasing":null,"duration":0,"color":{"aM":0}}],"name":"darkboom01@2x"},{"frame":[{"tweenEasing":null,"displayIndex":-1,"duration":60,"color":{"aM":0}}],"name":"fangshe_eff"},{"frame":[{"tweenEasing":null,"displayIndex":-1,"duration":60,"color":{"aM":0}}],"name":"fangshe_eff2"},{"frame":[{"tweenEasing":null,"displayIndex":-1,"duration":60,"color":{"aM":0}}],"name":"fangshe_eff3"},{"frame":[{"tweenEasing":null,"displayIndex":-1,"duration":60,"color":{"aM":0}}],"name":"fangshe_eff4"},{"frame":[{"tweenEasing":null,"displayIndex":-1,"duration":60,"color":{"aM":0}}],"name":"fangshe_eff5"},{"frame":[{"tweenEasing":null,"displayIndex":-1,"duration":60,"color":{"aM":0}}],"name":"fangshe_eff6"},{"frame":[{"tweenEasing":null,"displayIndex":-1,"duration":60,"color":{"aM":0}}],"name":"fangshe_eff7"},{"frame":[{"tweenEasing":null,"displayIndex":-1,"duration":60,"color":{"aM":0}}],"name":"fangshe_eff8"},{"frame":[{"tweenEasing":null,"displayIndex":-1,"duration":60,"color":{"aM":0}}],"name":"fangshe_eff9"},{"frame":[{"tweenEasing":0,"duration":15,"color":{"aM":0}},{"tweenEasing":null,"duration":30},{"tweenEasing":0,"duration":15},{"tweenEasing":null,"duration":0,"color":{"aM":0}}],"name":"heidong"},{"frame":[{"tweenEasing":0,"duration":15,"color":{"aM":0}},{"tweenEasing":null,"duration":30},{"tweenEasing":0,"duration":15},{"tweenEasing":null,"duration":0,"color":{"aM":0}}],"name":"heidong2"},{"frame":[{"tweenEasing":0,"duration":15,"color":{"aM":0}},{"tweenEasing":null,"duration":30},{"tweenEasing":0,"duration":15},{"tweenEasing":null,"duration":0,"color":{"aM":0}}],"name":"heidong3"},{"frame":[{"tweenEasing":0,"duration":15,"color":{"aM":0}},{"tweenEasing":null,"duration":30},{"tweenEasing":0,"duration":15},{"tweenEasing":null,"duration":0,"color":{"aM":0}}],"name":"heidong4"},{"frame":[{"tweenEasing":null,"duration":60,"color":{"aM":0}}],"name":"heidong5"},{"frame":[{"tweenEasing":null,"duration":60,"color":{"aM":0}}],"name":"wind00"},{"frame":[{"tweenEasing":null,"duration":60,"color":{"aM":0}}],"name":"wind0"},{"frame":[{"tweenEasing":null,"displayIndex":-1,"duration":60,"color":{"aM":0}}],"name":"wind01"},{"frame":[{"tweenEasing":null,"displayIndex":-1,"duration":60,"color":{"aM":0}}],"name":"wind1"},{"frame":[{"tweenEasing":null,"displayIndex":-1,"duration":60,"color":{"aM":0}}],"name":"wind02"},{"frame":[{"tweenEasing":null,"displayIndex":-1,"duration":60,"color":{"aM":0}}],"name":"wind2"},{"frame":[{"tweenEasing":null,"duration":60,"color":{"aM":0}}],"name":"ys_zhizhuwang_eff_03"},{"frame":[{"tweenEasing":null,"duration":60,"color":{"aM":0}}],"name":"zi_fangshe_02_eff_03"}],"ffd":[],"bone":[{"frame":[{"duration":30,"transform":{}},{"duration":30,"transform":{}},{"duration":0,"transform":{}}],"name":"root"},{"frame":[{"duration":60,"transform":{}}],"name":"wind01"},{"frame":[{"duration":60,"transform":{"scY":1.333,"scX":1.333}}],"name":"wind1"},{"frame":[{"duration":60,"transform":{"scY":2.377,"scX":2.377}}],"name":"ys_zhizhuwang_eff_03"},{"frame":[{"duration":60,"transform":{"scY":0.351,"scX":0.351}}],"name":"zi_fangshe_02_eff_03"},{"frame":[{"tweenEasing":0,"duration":30,"transform":{"scY":1.662,"scX":1.662}},{"tweenEasing":0,"duration":30,"transform":{"scY":1.662,"skX":-90,"skY":-90,"scX":1.662}},{"duration":0,"transform":{"skX":-180,"skY":-180}}],"name":"heidong"},{"frame":[{"tweenEasing":0,"duration":30,"transform":{"scY":1.668,"scX":1.668}},{"tweenEasing":0,"duration":30,"transform":{"scY":1.384,"skX":90,"skY":90,"scX":1.384}},{"duration":0,"transform":{"skX":180,"skY":180}}],"name":"heidong2"},{"frame":[{"tweenEasing":0,"duration":60,"transform":{"scY":1.726,"scX":1.726}},{"duration":0,"transform":{"skX":-90.51,"skY":-90.51}}],"name":"heidong3"},{"frame":[{"duration":15,"transform":{}},{"tweenEasing":0,"duration":15,"transform":{}},{"duration":30,"transform":{"skX":-50.68,"skY":-50.68}}],"name":"cheng_fangshe_03_eff_02"},{"frame":[{"duration":15,"transform":{}},{"tweenEasing":0,"duration":15,"transform":{}},{"duration":30,"transform":{"skX":-276.69,"skY":-276.69}}],"name":"cheng_fangshe_03_eff_2"},{"frame":[{"tweenEasing":0,"duration":30,"transform":{"scY":1.661,"scX":1.661}},{"tweenEasing":0,"duration":15,"transform":{"skX":-270.31,"skY":-270.31}},{"tweenEasing":0,"duration":15,"transform":{"skX":134.68,"skY":134.68}},{"duration":0,"transform":{"skX":179.68,"skY":179.68}}],"name":"heidong4"},{"frame":[{"duration":60,"transform":{"scY":1.386,"scX":1.386}}],"name":"heidong5"},{"frame":[{"duration":60,"transform":{}}],"name":"fangshexian_fuji"},{"frame":[{"duration":60,"transform":{}}],"name":"fangshe_eff"},{"frame":[{"duration":60,"transform":{}}],"name":"fangshe_eff2"},{"frame":[{"duration":60,"transform":{}}],"name":"fangshe_eff3"},{"frame":[{"duration":60,"transform":{"scY":2,"scX":2}},{"duration":0,"transform":{"scY":2,"scX":2}}],"name":"darkboom01@2x"}],"name":"002_hou","ik":[]}],"type":"Armature","frameRate":30,"ik":[],"bone":[{"name":"root","transform":{}},{"length":51.5,"transform":{"scY":2,"skX":-0.39,"skY":-0.39,"scX":2,"x":-0.215},"parent":"root","name":"cheng_fangshe_03_eff_02"},{"length":51.5,"transform":{"scY":3,"skX":136.67,"skY":136.67,"scX":3,"x":-0.215},"parent":"root","name":"cheng_fangshe_03_eff_2"},{"transform":{},"name":"darkboom01@2x","parent":"root"},{"transform":{},"name":"fangshexian_fuji","parent":"root"},{"transform":{"scY":0.695,"scX":0.695},"name":"heidong","parent":"root"},{"transform":{"scY":2.13,"skX":0.31,"skY":0.31,"scX":2.13},"name":"heidong4","parent":"root"},{"transform":{"scY":3.551,"skX":-89.99,"skY":-89.99,"scX":3.551},"name":"heidong5","parent":"root"},{"transform":{"scY":2.256,"scX":2.256},"name":"ys_zhizhuwang_eff_03","parent":"root"},{"transform":{"scY":0.979,"scX":0.979},"name":"heidong2","parent":"root"},{"transform":{"scY":1.322,"skX":-89.48,"skY":-89.48,"scX":1.322},"name":"heidong3","parent":"root"},{"transform":{"scY":1.5,"scX":-1.5},"name":"wind1","parent":"root"},{"transform":{"scY":7.93,"scX":7.93},"name":"zi_fangshe_02_eff_03","parent":"root"},{"transform":{"scY":2,"scX":2},"name":"wind01","parent":"root"},{"length":344.5,"transform":{"scY":3.061,"y":1.235,"skX":-128.86,"skY":-128.86,"x":-0.265},"parent":"fangshexian_fuji","name":"fangshe_eff2"},{"length":344.5,"transform":{"y":1.235,"skX":-0.27,"skY":-0.27,"x":-0.265},"parent":"fangshexian_fuji","name":"fangshe_eff"},{"length":344.5,"transform":{"scY":0.473,"y":1.235,"skX":112.78,"skY":112.78,"x":-0.265},"parent":"fangshexian_fuji","name":"fangshe_eff3"}],"aabb":{"width":793.5078451783309,"y":-178.32555841811845,"height":386.2381355127171,"x":-359.5923983717086},"skin":[{"slot":[{"display":[{"path":"heidong","type":"image","name":"heidong","transform":{"skX":89.53,"skY":89.53}}],"name":"heidong3"},{"display":[{"path":"zi_fangshe_02_eff_03","type":"image","name":"zi_fangshe_02_eff_03","transform":{}}],"blendMode":"add","name":"zi_fangshe_02_eff_03"},{"display":[{"path":"fangshe_eff3","type":"image","name":"fangshe_eff3","transform":{"y":0.485,"skX":0.27,"skY":0.27,"x":197.21}}],"name":"fangshe_eff4"},{"display":[{"path":"fangshe_eff","type":"image","name":"fangshe_eff","transform":{"y":0.56,"skX":0.27,"skY":0.27,"x":197.43}}],"name":"fangshe_eff"},{"display":[{"path":"heidong","type":"image","name":"heidong","transform":{"skX":89.53,"skY":89.53}}],"name":"heidong4"},{"display":[{"path":"cheng_fangshe_03_eff_02","type":"image","name":"cheng_fangshe_03_eff_02","transform":{"skX":0.38,"skY":0.38,"x":0.215}},{"path":"cheng_fangshe_03_eff_03","type":"image","name":"cheng_fangshe_03_eff_03","transform":{"skX":0.38,"skY":0.38,"x":0.215}},{"path":"cheng_fangshe_03_eff_04","type":"image","name":"cheng_fangshe_03_eff_04","transform":{"skX":0.38,"skY":0.38,"x":0.215}}],"blendMode":"add","name":"cheng_fangshe_03_eff_02"},{"display":[{"path":"wind01","type":"image","name":"wind01","transform":{}}],"blendMode":"add","name":"wind1"},{"display":[{"path":"fangshe_eff2","type":"image","name":"fangshe_eff2","transform":{"y":0.47,"skX":0.27,"skY":0.27,"x":193.78}}],"name":"fangshe_eff2"},{"display":[{"path":"wind00","type":"image","name":"wind00","transform":{}}],"name":"wind00"},{"display":[{"path":"heidong","type":"image","name":"heidong","transform":{"skX":89.53,"skY":89.53}}],"name":"heidong5"},{"display":[{"path":"fangshe_eff3","type":"image","name":"fangshe_eff3","transform":{"y":0.485,"skX":0.27,"skY":0.27,"x":197.21}}],"name":"fangshe_eff3"},{"display":[{"path":"fangshe_eff3","type":"image","name":"fangshe_eff3","transform":{"y":0.485,"skX":0.27,"skY":0.27,"x":197.21}}],"name":"fangshe_eff7"},{"display":[{"path":"youling_qiyizhiguang_eff_tex@youling_qiyizhiguang_eff@darkboom01@2x","type":"image","name":"2x","transform":{"y":1.78,"x":12.61}}],"name":"darkboom01@2x"},{"display":[{"path":"wind01","type":"image","name":"wind01","transform":{}}],"blendMode":"add","name":"wind01"},{"display":[{"path":"fangshe_eff","type":"image","name":"fangshe_eff","transform":{"y":0.56,"skX":0.27,"skY":0.27,"x":197.43}}],"name":"fangshe_eff8"},{"display":[{"path":"fangshe_eff2","type":"image","name":"fangshe_eff2","transform":{"y":0.47,"skX":0.27,"skY":0.27,"x":193.78}}],"name":"fangshe_eff6"},{"display":[{"path":"wind02","type":"image","name":"wind02","transform":{}}],"blendMode":"add","name":"wind2"},{"display":[{"path":"cheng_fangshe_03_eff_02","type":"image","name":"cheng_fangshe_03_eff_02","transform":{"skX":0.38,"skY":0.38,"x":0.215}},{"path":"cheng_fangshe_03_eff_03","type":"image","name":"cheng_fangshe_03_eff_03","transform":{"skX":0.38,"skY":0.38,"x":0.215}},{"path":"cheng_fangshe_03_eff_04","type":"image","name":"cheng_fangshe_03_eff_04","transform":{"skX":0.38,"skY":0.38,"x":0.215}}],"blendMode":"add","name":"cheng_fangshe_03_eff_2"},{"display":[{"path":"ys_zhizhuwang_eff_03","type":"image","name":"ys_zhizhuwang_eff_03","transform":{}}],"blendMode":"add","name":"ys_zhizhuwang_eff_03"},{"display":[{"path":"heidong","type":"image","name":"heidong","transform":{}}],"name":"heidong"},{"display":[{"path":"wind00","type":"image","name":"wind00","transform":{}}],"name":"wind0"},{"display":[{"path":"fangshe_eff","type":"image","name":"fangshe_eff","transform":{"y":0.56,"skX":0.27,"skY":0.27,"x":197.43}}],"name":"fangshe_eff5"},{"display":[{"path":"heidong","type":"image","name":"heidong","transform":{"skX":89.53,"skY":89.53}}],"name":"heidong2"},{"display":[{"path":"fangshe_eff2","type":"image","name":"fangshe_eff2","transform":{"y":0.47,"skX":0.27,"skY":0.27,"x":193.78}}],"name":"fangshe_eff9"},{"display":[{"path":"wind02","type":"image","name":"wind02","transform":{}}],"blendMode":"add","name":"wind02"}],"name":""}],"slot":[{"name":"darkboom01@2x","parent":"darkboom01@2x","color":{}},{"z":1,"name":"heidong4","parent":"heidong4","color":{}},{"z":2,"name":"heidong3","parent":"heidong3","color":{}},{"z":3,"name":"heidong2","parent":"heidong2","color":{}},{"z":4,"name":"heidong","parent":"heidong","color":{}},{"z":5,"name":"wind00","parent":"wind01","color":{}},{"z":6,"name":"wind0","parent":"wind1","color":{}},{"blendMode":"add","z":7,"parent":"wind01","name":"wind01","color":{}},{"blendMode":"add","z":8,"parent":"wind1","name":"wind1","color":{}},{"blendMode":"add","z":9,"parent":"wind01","name":"wind02","color":{}},{"blendMode":"add","z":10,"parent":"wind1","name":"wind2","color":{}},{"z":11,"name":"heidong5","parent":"heidong5","color":{}},{"blendMode":"add","z":12,"parent":"cheng_fangshe_03_eff_02","name":"cheng_fangshe_03_eff_02","color":{}},{"blendMode":"add","z":13,"parent":"cheng_fangshe_03_eff_2","name":"cheng_fangshe_03_eff_2","color":{}},{"z":14,"name":"fangshe_eff3","parent":"fangshe_eff","color":{}},{"z":15,"name":"fangshe_eff4","parent":"fangshe_eff2","color":{}},{"z":16,"name":"fangshe_eff7","parent":"fangshe_eff3","color":{}},{"z":17,"name":"fangshe_eff","parent":"fangshe_eff","color":{}},{"z":18,"name":"fangshe_eff5","parent":"fangshe_eff2","color":{}},{"z":19,"name":"fangshe_eff8","parent":"fangshe_eff3","color":{}},{"z":20,"name":"fangshe_eff2","parent":"fangshe_eff","color":{}},{"z":21,"name":"fangshe_eff6","parent":"fangshe_eff2","color":{}},{"z":22,"name":"fangshe_eff9","parent":"fangshe_eff3","color":{}},{"blendMode":"add","z":23,"parent":"ys_zhizhuwang_eff_03","name":"ys_zhizhuwang_eff_03","color":{}},{"blendMode":"add","z":24,"parent":"zi_fangshe_02_eff_03","name":"zi_fangshe_02_eff_03","color":{}}],"name":"armatureName"}],"name":"youling_qiyizhiguang_eff","version":"4.0"}