{"frameRate":30,"isGlobal":0,"armature":[{"defaultActions":[{"gotoAndPlay":"0000_gongji1"}],"animation":[{"frame":[],"duration":21,"slot":[{"frame":[{"tweenEasing":null,"displayIndex":-1,"duration":21}],"name":"luoxuan_eff/0_00000"},{"frame":[{"tweenEasing":null,"displayIndex":-1,"duration":21}],"name":"luoxuan_eff/0_0"},{"frame":[{"tweenEasing":null,"displayIndex":-1,"duration":21}],"name":"luoxuan_qiliu_eff/0_00000"},{"frame":[{"tweenEasing":null,"displayIndex":-1,"duration":21}],"name":"luoxuan_qiliu_eff/0_0"},{"frame":[{"tweenEasing":null,"displayIndex":-1,"duration":21}],"name":"luoxuan_qiliu_eff/0_1"},{"frame":[{"tweenEasing":null,"displayIndex":-1,"duration":21}],"name":"posui_eff/0_00000"},{"frame":[{"tweenEasing":0,"duration":3},{"tweenEasing":0,"displayIndex":1,"duration":3},{"tweenEasing":0,"displayIndex":2,"duration":3},{"tweenEasing":0,"displayIndex":3,"duration":1},{"tweenEasing":0,"displayIndex":3,"duration":2},{"tweenEasing":0,"displayIndex":4,"duration":3},{"tweenEasing":0,"displayIndex":5,"duration":3},{"tweenEasing":0,"displayIndex":6,"duration":3},{"tweenEasing":null,"displayIndex":7,"duration":0,"color":{"aM":0}}],"name":"suipian_eff/0_00000"}],"ffd":[],"bone":[{"frame":[{"duration":21,"transform":{"scY":1.312,"y":185.895,"x":-121.845}}],"name":"suipian_eff/0_00000"},{"frame":[{"duration":21,"transform":{"scY":2.623,"y":-60.78,"scX":1.323,"x":0.305}}],"name":"wj_054_nanijia_eff_pz"},{"frame":[{"duration":21,"transform":{}}],"name":"root"},{"frame":[{"duration":21,"transform":{}}],"name":"baozha_eff/02/0_00002"},{"frame":[{"duration":21,"transform":{}}],"name":"luoxuan_eff/0_00000"},{"frame":[{"duration":21,"transform":{}}],"name":"luoxuan_eff/0_0"},{"frame":[{"duration":21,"transform":{}}],"name":"luoxuan_qiliu_eff/0_00000"},{"frame":[{"duration":21,"transform":{}}],"name":"luoxuan_qiliu_eff/0_0"},{"frame":[{"duration":21,"transform":{}}],"name":"luoxuan_qiliu_eff/0_1"},{"frame":[{"duration":21,"transform":{}}],"name":"posui_eff/0_00000"}],"name":"0000_gongji1","ik":[]},{"frame":[],"duration":75,"slot":[{"frame":[{"tweenEasing":0,"displayIndex":-1,"duration":60},{"tweenEasing":null,"displayIndex":-1,"duration":7},{"tweenEasing":0,"duration":3},{"tweenEasing":0,"displayIndex":1,"duration":5},{"tweenEasing":null,"displayIndex":2,"duration":0,"color":{"aM":0}}],"name":"baozha_eff/02/0_00002"},{"frame":[{"curve":[0.125,0,1,0.6799999999999999],"duration":3,"color":{"aM":0}},{"tweenEasing":0,"displayIndex":1,"duration":3},{"tweenEasing":0,"displayIndex":2,"duration":3},{"tweenEasing":0,"displayIndex":3,"duration":3},{"tweenEasing":0,"displayIndex":4,"duration":3},{"tweenEasing":0,"displayIndex":5,"duration":3},{"tweenEasing":0,"duration":3},{"tweenEasing":0,"displayIndex":1,"duration":3},{"tweenEasing":0,"displayIndex":2,"duration":3},{"tweenEasing":0,"displayIndex":3,"duration":3},{"tweenEasing":0,"displayIndex":4,"duration":3},{"tweenEasing":0,"displayIndex":5,"duration":3},{"tweenEasing":0,"duration":3},{"tweenEasing":0,"displayIndex":1,"duration":3},{"tweenEasing":0,"displayIndex":2,"duration":3},{"tweenEasing":0,"displayIndex":3,"duration":3},{"tweenEasing":0,"displayIndex":4,"duration":3},{"tweenEasing":0,"displayIndex":5,"duration":3},{"tweenEasing":0,"duration":3},{"tweenEasing":0,"displayIndex":1,"duration":3},{"displayIndex":2,"curve":[0,0.39,0.875,1],"duration":3},{"tweenEasing":0,"displayIndex":3,"duration":3},{"tweenEasing":0,"displayIndex":4,"duration":3},{"tweenEasing":0,"displayIndex":5,"duration":3},{"tweenEasing":0,"duration":3},{"tweenEasing":null,"displayIndex":1,"duration":0,"color":{"aM":0}}],"name":"luoxuan_eff/0_00000"},{"frame":[{"curve":[0.125,0,1,0.6799999999999999],"duration":3,"color":{"aM":0}},{"tweenEasing":0,"displayIndex":1,"duration":3},{"tweenEasing":0,"displayIndex":2,"duration":3},{"tweenEasing":0,"displayIndex":3,"duration":3},{"tweenEasing":0,"displayIndex":4,"duration":3},{"tweenEasing":0,"displayIndex":5,"duration":3},{"tweenEasing":0,"duration":3},{"tweenEasing":0,"displayIndex":1,"duration":3},{"tweenEasing":0,"displayIndex":2,"duration":3},{"tweenEasing":0,"displayIndex":3,"duration":3},{"displayIndex":4,"curve":[0,0.405,0.875,1],"duration":3,"color":{"aM":45}},{"tweenEasing":0,"displayIndex":5,"duration":3},{"tweenEasing":0,"duration":3},{"tweenEasing":0,"displayIndex":1,"duration":3},{"tweenEasing":0,"displayIndex":2,"duration":3},{"tweenEasing":0,"displayIndex":3,"duration":3},{"tweenEasing":0,"displayIndex":4,"duration":3},{"tweenEasing":0,"displayIndex":5,"duration":3},{"tweenEasing":0,"duration":3},{"tweenEasing":0,"displayIndex":1,"duration":3},{"displayIndex":2,"curve":[0,0.39,0.875,1],"duration":3,"color":{"aM":51}},{"tweenEasing":0,"displayIndex":3,"duration":3},{"tweenEasing":0,"displayIndex":4,"duration":3},{"tweenEasing":0,"displayIndex":5,"duration":3},{"tweenEasing":0,"duration":3},{"tweenEasing":null,"displayIndex":1,"duration":0,"color":{"aM":0}}],"name":"luoxuan_eff/0_0"},{"frame":[{"curve":[0.125,0,1,0.6799999999999999],"duration":30,"color":{"aM":0}},{"tweenEasing":null,"duration":30},{"curve":[0,0.39,0.875,1],"duration":15},{"tweenEasing":null,"duration":0,"color":{"aM":0}}],"name":"luoxuan_qiliu_eff/0_00000"},{"frame":[{"curve":[0.125,0,1,0.6799999999999999],"duration":30,"color":{"aM":0}},{"tweenEasing":null,"duration":30},{"curve":[0,0.39,0.875,1],"duration":15},{"tweenEasing":null,"duration":0,"color":{"aM":0}}],"name":"luoxuan_qiliu_eff/0_0"},{"frame":[{"curve":[0.25,0,1,0.36],"duration":30,"color":{"aM":0}},{"tweenEasing":null,"duration":30},{"curve":[0,0.78,0.75,1],"duration":15},{"tweenEasing":null,"duration":0,"color":{"aM":0}}],"name":"luoxuan_qiliu_eff/0_1"},{"frame":[{"tweenEasing":0,"displayIndex":-1,"duration":60},{"tweenEasing":0,"duration":6},{"tweenEasing":0,"duration":9},{"tweenEasing":null,"duration":0,"color":{"aM":0}}],"name":"posui_eff/0_00000"},{"frame":[{"tweenEasing":null,"displayIndex":-1,"duration":75}],"name":"suipian_eff/0_00000"}],"ffd":[],"bone":[{"frame":[{"curve":[0.25,0,1,0.36],"duration":30,"transform":{"scY":4,"y":-0.025,"scX":4,"x":-110.715}},{"curve":[0,0.81,0.75,1],"duration":30,"transform":{"scY":0.5,"y":-0.025,"scX":0.5,"x":-110.715}},{"curve":[0,0.78,0.75,1],"duration":15,"transform":{"scY":0.6,"y":-0.025,"scX":0.6,"x":-110.715}},{"duration":0,"transform":{"scY":0,"y":-0.025,"scX":0,"x":-110.715}}],"name":"luoxuan_eff/0_00000"},{"frame":[{"curve":[0.25,0,1,0.36],"duration":30,"transform":{"y":0.355,"x":-266.83}},{"curve":[0,0.81,0.75,1],"duration":30,"transform":{"scY":0.85,"y":0.355,"scX":0.85,"x":-266.83}},{"curve":[0,0.78,0.75,1],"duration":15,"transform":{"scY":1.5,"y":0.355,"skX":221.75,"skY":221.75,"scX":1.5,"x":-266.83}},{"duration":0,"transform":{"scY":1.8,"y":0.355,"skX":-138.24,"skY":-138.24,"scX":1.8,"x":-266.83}}],"name":"luoxuan_qiliu_eff/0_00000"},{"frame":[{"duration":75,"transform":{}}],"name":"root"},{"frame":[{"curve":[0.25,0,1,0.36],"duration":60,"transform":{}},{"curve":[0,0.78,0.75,1],"duration":15,"transform":{"y":342.08,"x":-547.4}},{"duration":0,"transform":{"scY":2,"y":342.08,"scX":2,"x":-547.4}}],"name":"posui_eff/0_00000"},{"frame":[{"curve":[0.25,0,1,0.36],"duration":60,"transform":{"y":-219.925,"x":-110.715}},{"curve":[0,0.39,0.875,1],"duration":15,"transform":{"scY":1.5,"y":-219.925,"skX":121.78,"skY":121.78,"scX":1.5,"x":-110.715}},{"duration":0,"transform":{"y":-219.925,"skX":121.78,"skY":121.78,"x":-110.715}}],"name":"luoxuan_eff/0_0"},{"frame":[{"curve":[0.25,0,1,0.36],"duration":60,"transform":{"scY":0.5,"y":-206.925,"scX":0.5,"x":-266.83}},{"curve":[0,0.78,0.75,1],"duration":15,"transform":{"y":-206.925,"skX":52.21,"skY":52.21,"x":-266.83}},{"duration":0,"transform":{"scY":1.5,"y":-206.925,"skX":52.21,"skY":52.21,"scX":1.5,"x":-266.83}}],"name":"luoxuan_qiliu_eff/0_0"},{"frame":[{"curve":[0.25,0,1,0.36],"duration":60,"transform":{"scY":0.3,"y":-416.01,"scX":0.3,"x":-266.83}},{"curve":[0,0.78,0.75,1],"duration":15,"transform":{"scY":0.5,"y":-416.01,"skX":148.41,"skY":148.41,"scX":0.5,"x":-266.83}},{"duration":0,"transform":{"y":-416.01,"skX":148.41,"skY":148.41,"x":-266.83}}],"name":"luoxuan_qiliu_eff/0_1"},{"frame":[{"curve":[0.25,0,1,0.36],"duration":60,"transform":{}},{"curve":[0,0.78,0.75,1],"duration":15,"transform":{"scY":0.803,"y":-5.425,"scX":0.803,"x":-789.355}},{"duration":0,"transform":{"scY":1.3,"y":-5.425,"scX":1.3,"x":-789.355}}],"name":"baozha_eff/02/0_00002"},{"frame":[{"tweenEasing":0,"duration":72,"transform":{"scY":3,"scX":3}},{"duration":3,"transform":{"scY":10,"scX":10}}],"name":"wj_054_nanijia_eff_pz"},{"frame":[{"duration":75,"transform":{}}],"name":"suipian_eff/0_00000"}],"name":"0001_baozha_yanshi","ik":[]},{"frame":[],"duration":45,"slot":[{"frame":[{"tweenEasing":0,"displayIndex":-1,"duration":30},{"tweenEasing":0,"displayIndex":-1,"duration":15},{"tweenEasing":null,"displayIndex":-1,"duration":0,"color":{"aM":0}}],"name":"baozha_eff/02/0_00002"},{"frame":[{"curve":[0.125,0,1,0.6799999999999999],"duration":3,"color":{"aM":0}},{"tweenEasing":0,"displayIndex":1,"duration":3},{"tweenEasing":0,"displayIndex":2,"duration":3},{"tweenEasing":0,"displayIndex":3,"duration":3},{"tweenEasing":0,"displayIndex":4,"duration":3},{"tweenEasing":0,"displayIndex":5,"duration":3},{"tweenEasing":0,"duration":3},{"tweenEasing":0,"displayIndex":1,"duration":3},{"tweenEasing":0,"displayIndex":2,"duration":3},{"tweenEasing":0,"displayIndex":3,"duration":3},{"displayIndex":4,"curve":[0,0.25,0.7305,0.905],"duration":3},{"tweenEasing":0,"displayIndex":5,"duration":3},{"tweenEasing":0,"duration":3},{"tweenEasing":0,"displayIndex":1,"duration":3},{"tweenEasing":0,"displayIndex":2,"duration":3},{"tweenEasing":null,"displayIndex":3,"duration":0,"color":{"aM":0}}],"name":"luoxuan_eff/0_00000"},{"frame":[{"curve":[0.125,0,1,0.6799999999999999],"duration":3,"color":{"aM":0}},{"tweenEasing":0,"displayIndex":1,"duration":3},{"tweenEasing":0,"displayIndex":2,"duration":3},{"tweenEasing":0,"displayIndex":3,"duration":3},{"tweenEasing":0,"displayIndex":4,"duration":3},{"tweenEasing":0,"displayIndex":5,"duration":3},{"tweenEasing":0,"duration":3},{"tweenEasing":0,"displayIndex":1,"duration":3},{"tweenEasing":0,"displayIndex":2,"duration":3},{"tweenEasing":0,"displayIndex":3,"duration":3},{"displayIndex":4,"curve":[0,0.25,0.7305,0.905],"duration":3,"color":{"aM":45}},{"tweenEasing":0,"displayIndex":5,"duration":3},{"tweenEasing":0,"duration":3},{"tweenEasing":0,"displayIndex":1,"duration":3},{"tweenEasing":0,"displayIndex":2,"duration":3},{"tweenEasing":null,"displayIndex":3,"duration":0,"color":{"aM":0}}],"name":"luoxuan_eff/0_0"},{"frame":[{"curve":[0.125,0,1,0.6799999999999999],"duration":30,"color":{"aM":0}},{"curve":[0,0.25,0.7305,0.905],"duration":15},{"tweenEasing":null,"duration":0,"color":{"aM":0}}],"name":"luoxuan_qiliu_eff/0_00000"},{"frame":[{"curve":[0.125,0,1,0.6799999999999999],"duration":30,"color":{"aM":0}},{"curve":[0,0.25,0.7305,0.905],"duration":15},{"tweenEasing":null,"duration":0,"color":{"aM":0}}],"name":"luoxuan_qiliu_eff/0_0"},{"frame":[{"curve":[0.125,0,1,0.6799999999999999],"duration":30,"color":{"aM":0}},{"curve":[0,0.25,0.7305,0.905],"duration":15},{"tweenEasing":null,"duration":0,"color":{"aM":0}}],"name":"luoxuan_qiliu_eff/0_1"},{"frame":[{"tweenEasing":0,"displayIndex":-1,"duration":30},{"tweenEasing":0,"displayIndex":-1,"duration":15},{"tweenEasing":null,"displayIndex":-1,"duration":0,"color":{"aM":0}}],"name":"posui_eff/0_00000"},{"frame":[{"tweenEasing":0,"displayIndex":-1,"duration":30},{"tweenEasing":0,"displayIndex":-1,"duration":15},{"tweenEasing":null,"displayIndex":-1,"duration":0,"color":{"aM":0}}],"name":"suipian_eff/0_00000"}],"ffd":[],"bone":[{"frame":[{"curve":[0.25,0,1,0.36],"duration":30,"transform":{"scY":4,"y":-0.025,"scX":4,"x":-110.715}},{"duration":15,"transform":{"scY":0.5,"y":-0.025,"scX":0.5,"x":-110.715}}],"name":"luoxuan_eff/0_00000"},{"frame":[{"curve":[0.23,0,0.8155,0.35],"duration":30,"transform":{"y":0.355,"x":-266.83}},{"duration":15,"transform":{"scY":0.85,"y":0.355,"skX":-27.19,"skY":-27.19,"scX":0.85,"x":-266.83}}],"name":"luoxuan_qiliu_eff/0_00000"},{"frame":[{"duration":45,"transform":{}}],"name":"root"},{"frame":[{"curve":[0.105,0,0.8155,0.67],"duration":30,"transform":{}},{"duration":15,"transform":{"y":67.3,"x":-107.695}}],"name":"posui_eff/0_00000"},{"frame":[{"curve":[0.105,0,0.8155,0.67],"duration":30,"transform":{"y":-219.925,"x":-110.715}},{"duration":15,"transform":{"y":-219.925,"skX":23.96,"skY":23.96,"x":-110.715}}],"name":"luoxuan_eff/0_0"},{"frame":[{"curve":[0.105,0,0.8155,0.67],"duration":30,"transform":{"scY":0.5,"y":-206.925,"scX":0.5,"x":-266.83}},{"duration":15,"transform":{"scY":0.5,"y":-206.925,"skX":10.27,"skY":10.27,"scX":0.5,"x":-266.83}}],"name":"luoxuan_qiliu_eff/0_0"},{"frame":[{"curve":[0.105,0,0.8155,0.67],"duration":30,"transform":{"scY":0.3,"y":-416.01,"scX":0.3,"x":-266.83}},{"duration":15,"transform":{"scY":0.3,"y":-416.01,"skX":29.2,"skY":29.2,"scX":0.3,"x":-266.83}}],"name":"luoxuan_qiliu_eff/0_1"},{"frame":[{"tweenEasing":0,"duration":30,"transform":{}},{"duration":15,"transform":{}}],"name":"suipian_eff/0_00000"},{"frame":[{"curve":[0.105,0,0.8155,0.67],"duration":30,"transform":{}},{"duration":15,"transform":{"y":-1.065,"x":-155.295}}],"name":"baozha_eff/02/0_00002"},{"frame":[{"duration":45,"transform":{"scY":3,"scX":3}}],"name":"wj_054_nanijia_eff_pz"}],"name":"0002_baozha_1","ik":[]},{"frame":[],"duration":60,"slot":[{"frame":[{"tweenEasing":0,"displayIndex":4,"duration":3},{"tweenEasing":0,"displayIndex":5,"duration":3},{"tweenEasing":0,"duration":3},{"tweenEasing":0,"displayIndex":1,"duration":3},{"tweenEasing":0,"displayIndex":2,"duration":3},{"tweenEasing":0,"displayIndex":3,"duration":3},{"tweenEasing":0,"displayIndex":4,"duration":3},{"tweenEasing":0,"displayIndex":5,"duration":3},{"tweenEasing":0,"duration":3},{"tweenEasing":0,"displayIndex":1,"duration":3},{"tweenEasing":0,"displayIndex":2,"duration":3},{"tweenEasing":0,"displayIndex":3,"duration":3},{"tweenEasing":0,"displayIndex":4,"duration":3},{"tweenEasing":0,"displayIndex":5,"duration":3},{"tweenEasing":0,"duration":3},{"tweenEasing":0,"displayIndex":1,"duration":3},{"tweenEasing":0,"displayIndex":2,"duration":3},{"tweenEasing":0,"displayIndex":3,"duration":3},{"tweenEasing":0,"displayIndex":4,"duration":3},{"tweenEasing":0,"displayIndex":5,"duration":3},{"tweenEasing":null,"displayIndex":2,"duration":0}],"name":"luoxuan_eff/0_00000"},{"frame":[{"displayIndex":4,"curve":[0,0.405,0.875,1],"duration":3,"color":{"aM":45}},{"tweenEasing":0,"displayIndex":5,"duration":3},{"tweenEasing":0,"duration":3},{"tweenEasing":0,"displayIndex":1,"duration":3},{"tweenEasing":0,"displayIndex":2,"duration":3},{"tweenEasing":0,"displayIndex":3,"duration":3},{"tweenEasing":0,"displayIndex":4,"duration":3},{"tweenEasing":0,"displayIndex":5,"duration":3},{"tweenEasing":0,"duration":3},{"tweenEasing":0,"displayIndex":1,"duration":3},{"tweenEasing":0,"displayIndex":2,"duration":3,"color":{"aM":51}},{"tweenEasing":0,"displayIndex":3,"duration":3},{"tweenEasing":0,"displayIndex":4,"duration":3},{"tweenEasing":0,"displayIndex":5,"duration":3},{"tweenEasing":0,"duration":3},{"tweenEasing":0,"displayIndex":1,"duration":3},{"tweenEasing":0,"displayIndex":2,"duration":3},{"tweenEasing":0,"displayIndex":3,"duration":3},{"tweenEasing":0,"displayIndex":4,"duration":3},{"tweenEasing":0,"displayIndex":5,"duration":3},{"tweenEasing":null,"displayIndex":2,"duration":0,"color":{"aM":51}}],"name":"luoxuan_eff/0_0"},{"frame":[{"tweenEasing":0,"duration":60},{"tweenEasing":null,"duration":0}],"name":"luoxuan_qiliu_eff/0_00000"},{"frame":[{"tweenEasing":0,"duration":30},{"tweenEasing":0,"duration":30},{"tweenEasing":null,"duration":0}],"name":"luoxuan_qiliu_eff/0_0"},{"frame":[{"tweenEasing":null,"duration":30},{"tweenEasing":null,"duration":30},{"tweenEasing":null,"duration":0}],"name":"luoxuan_qiliu_eff/0_1"},{"frame":[{"tweenEasing":null,"displayIndex":-1,"duration":60}],"name":"suipian_eff/0_00000"}],"ffd":[],"bone":[{"frame":[{"curve":[0,0.405,0.875,1],"duration":60,"transform":{"scY":0.5,"y":-0.025,"scX":0.5,"x":-110.715}},{"duration":0,"transform":{"scY":0.6,"y":-0.025,"scX":0.6,"x":-110.715}}],"name":"luoxuan_eff/0_00000"},{"frame":[{"curve":[0.125,0.405,0.875,0.6799999999999999],"duration":60,"transform":{"scY":0.85,"y":0.355,"scX":0.85,"x":-266.83}},{"duration":0,"transform":{"scY":1.5,"y":0.355,"skX":221.75,"skY":221.75,"scX":1.5,"x":-266.83}}],"name":"luoxuan_qiliu_eff/0_00000"},{"frame":[{"duration":60,"transform":{}}],"name":"root"},{"frame":[{"curve":[0.25,0,1,0.36],"duration":30,"transform":{"y":-219.925,"x":-110.715}},{"duration":30,"transform":{"scY":1.5,"y":-219.925,"skX":121.78,"skY":121.78,"scX":1.5,"x":-110.715}},{"duration":0,"transform":{"scY":1.5,"y":-219.925,"skX":121.78,"skY":121.78,"scX":1.5,"x":-110.715}}],"name":"luoxuan_eff/0_0"},{"frame":[{"curve":[0.25,0,1,0.36],"duration":30,"transform":{"scY":0.5,"y":-206.925,"scX":0.5,"x":-266.83}},{"curve":[0,0.78,0.75,1],"duration":30,"transform":{"y":-206.925,"skX":52.21,"skY":52.21,"x":-266.83}},{"duration":0,"transform":{"y":-206.925,"skX":152.32,"skY":152.32,"x":-266.83}}],"name":"luoxuan_qiliu_eff/0_0"},{"frame":[{"curve":[0.25,0,1,0.36],"duration":30,"transform":{"scY":0.3,"y":-416.01,"scX":0.3,"x":-266.83}},{"duration":30,"transform":{"scY":0.5,"y":-416.01,"skX":148.41,"skY":148.41,"scX":0.5,"x":-266.83}},{"duration":0,"transform":{"scY":0.5,"y":-416.01,"skX":148.41,"skY":148.41,"scX":0.5,"x":-266.83}}],"name":"luoxuan_qiliu_eff/0_1"},{"frame":[{"duration":60,"transform":{"scY":3,"scX":3}}],"name":"wj_054_nanijia_eff_pz"},{"frame":[{"duration":60,"transform":{}}],"name":"baozha_eff/02/0_00002"},{"frame":[{"duration":60,"transform":{}}],"name":"posui_eff/0_00000"},{"frame":[{"duration":60,"transform":{}}],"name":"suipian_eff/0_00000"}],"name":"0003_baozha_2","ik":[]},{"frame":[],"duration":15,"slot":[{"frame":[{"tweenEasing":0,"duration":7},{"tweenEasing":0,"duration":3},{"tweenEasing":0,"displayIndex":1,"duration":5},{"tweenEasing":null,"displayIndex":2,"duration":0,"color":{"aM":0}}],"name":"baozha_eff/02/0_00002"},{"frame":[{"displayIndex":2,"curve":[0,0.39,0.875,1],"duration":3},{"tweenEasing":0,"displayIndex":3,"duration":3},{"tweenEasing":0,"displayIndex":4,"duration":3},{"tweenEasing":0,"displayIndex":5,"duration":3},{"tweenEasing":0,"duration":3},{"tweenEasing":null,"displayIndex":1,"duration":0,"color":{"aM":0}}],"name":"luoxuan_eff/0_00000"},{"frame":[{"displayIndex":2,"curve":[0,0.39,0.875,1],"duration":3,"color":{"aM":51}},{"tweenEasing":0,"displayIndex":3,"duration":3},{"tweenEasing":0,"displayIndex":4,"duration":3},{"tweenEasing":0,"displayIndex":5,"duration":3},{"tweenEasing":0,"duration":3},{"tweenEasing":null,"displayIndex":1,"duration":0,"color":{"aM":0}}],"name":"luoxuan_eff/0_0"},{"frame":[{"curve":[0,0.39,0.875,1],"duration":15},{"tweenEasing":null,"duration":0,"color":{"aM":0}}],"name":"luoxuan_qiliu_eff/0_00000"},{"frame":[{"curve":[0,0.39,0.875,1],"duration":15},{"tweenEasing":null,"duration":0,"color":{"aM":0}}],"name":"luoxuan_qiliu_eff/0_0"},{"frame":[{"curve":[0,0.78,0.75,1],"duration":15},{"tweenEasing":null,"duration":0,"color":{"aM":0}}],"name":"luoxuan_qiliu_eff/0_1"},{"frame":[{"tweenEasing":0,"duration":6},{"tweenEasing":0,"duration":9},{"tweenEasing":null,"duration":0,"color":{"aM":0}}],"name":"posui_eff/0_00000"},{"frame":[{"tweenEasing":null,"displayIndex":-1,"duration":15}],"name":"suipian_eff/0_00000"}],"ffd":[],"bone":[{"frame":[{"curve":[0,0.78,0.75,1],"duration":15,"transform":{"scY":0.6,"y":-0.025,"scX":0.6,"x":-110.715}},{"duration":0,"transform":{"scY":0,"y":-0.025,"scX":0,"x":-110.715}}],"name":"luoxuan_eff/0_00000"},{"frame":[{"curve":[0,0.78,0.75,1],"duration":15,"transform":{"scY":1.5,"y":0.355,"skX":-138.24,"skY":-138.24,"scX":1.5,"x":-266.83}},{"duration":0,"transform":{"scY":1.8,"y":0.355,"skX":-138.24,"skY":-138.24,"scX":1.8,"x":-266.83}}],"name":"luoxuan_qiliu_eff/0_00000"},{"frame":[{"duration":15,"transform":{}}],"name":"root"},{"frame":[{"curve":[0,0.78,0.75,1],"duration":15,"transform":{"y":342.08,"x":-547.4}},{"duration":0,"transform":{"scY":2,"y":342.08,"scX":2,"x":-547.4}}],"name":"posui_eff/0_00000"},{"frame":[{"curve":[0,0.39,0.875,1],"duration":15,"transform":{"scY":1.5,"y":-219.925,"skX":121.78,"skY":121.78,"scX":1.5,"x":-110.715}},{"duration":0,"transform":{"y":-219.925,"skX":121.78,"skY":121.78,"x":-110.715}}],"name":"luoxuan_eff/0_0"},{"frame":[{"curve":[0,0.78,0.75,1],"duration":15,"transform":{"y":-206.925,"skX":52.21,"skY":52.21,"x":-266.83}},{"duration":0,"transform":{"scY":1.5,"y":-206.925,"skX":52.21,"skY":52.21,"scX":1.5,"x":-266.83}}],"name":"luoxuan_qiliu_eff/0_0"},{"frame":[{"curve":[0,0.78,0.75,1],"duration":15,"transform":{"scY":0.5,"y":-416.01,"skX":148.41,"skY":148.41,"scX":0.5,"x":-266.83}},{"duration":0,"transform":{"y":-416.01,"skX":148.41,"skY":148.41,"x":-266.83}}],"name":"luoxuan_qiliu_eff/0_1"},{"frame":[{"duration":15,"transform":{}}],"name":"suipian_eff/0_00000"},{"frame":[{"curve":[0,0.78,0.75,1],"duration":15,"transform":{"scY":0.803,"y":-5.425,"scX":0.803,"x":-789.355}},{"duration":0,"transform":{"scY":1.3,"y":-5.425,"scX":1.3,"x":-789.355}}],"name":"baozha_eff/02/0_00002"},{"frame":[{"tweenEasing":0,"duration":12,"transform":{"scY":8.833,"scX":8.833}},{"duration":3,"transform":{"scY":10,"scX":10}}],"name":"wj_054_nanijia_eff_pz"}],"name":"0004_baozha_3","ik":[]}],"type":"Armature","frameRate":30,"ik":[],"bone":[{"name":"root","transform":{}},{"length":106,"transform":{"y":5.425,"skX":131.57,"skY":131.57,"x":789.355},"parent":"root","name":"baozha_eff/02/0_00002"},{"transform":{"y":0.025,"x":110.715},"name":"luoxuan_eff/0_00000","parent":"root"},{"transform":{"y":219.925,"x":110.715},"name":"luoxuan_eff/0_0","parent":"root"},{"length":76,"transform":{"y":-0.355,"skX":-89.6,"skY":-89.6,"x":266.83},"parent":"root","name":"luoxuan_qiliu_eff/0_00000"},{"length":76,"transform":{"y":206.925,"skX":-89.6,"skY":-89.6,"x":266.83},"parent":"root","name":"luoxuan_qiliu_eff/0_0"},{"length":76,"transform":{"y":416.01,"skX":-89.6,"skY":-89.6,"x":266.83},"parent":"root","name":"luoxuan_qiliu_eff/0_1"},{"length":190,"transform":{"y":-342.08,"skX":-164.28,"skY":-164.28,"x":547.4},"parent":"root","name":"posui_eff/0_00000"},{"length":95,"transform":{"y":-182.145,"skX":-89.06,"skY":-89.06,"x":113.115},"parent":"root","name":"suipian_eff/0_00000"},{"transform":{},"name":"wj_054_nanijia_eff_pz","parent":"root"}],"aabb":{"width":936.8092260436072,"y":-406.635163223185,"height":935.5023187627778,"x":-2.5},"skin":[{"slot":[{"display":[{"path":"luoxuan_qiliu_eff/0_00000","type":"image","name":"luoxuan_qiliu_eff/0_00000","transform":{"y":0.31,"skX":89.61,"skY":89.61,"x":-0.355}}],"blendMode":"add","name":"luoxuan_qiliu_eff/0_1"},{"display":[{"path":"luoxuan_qiliu_eff/0_00000","type":"image","name":"luoxuan_qiliu_eff/0_00000","transform":{"y":0.31,"skX":89.61,"skY":89.61,"x":-0.355}}],"blendMode":"add","name":"luoxuan_qiliu_eff/0_0"},{"display":[{"path":"luoxuan_qiliu_eff/0_00000","type":"image","name":"luoxuan_qiliu_eff/0_00000","transform":{"y":0.31,"skX":89.61,"skY":89.61,"x":-0.355}}],"blendMode":"add","name":"luoxuan_qiliu_eff/0_00000"},{"display":[{"path":"posui_eff/0_00002","type":"image","name":"posui_eff/0_00002","transform":{"y":-26.78,"skX":164.22,"skY":164.22,"x":38.14}}],"blendMode":"add","name":"posui_eff/0_00000"},{"display":[{"path":"luoxuan_eff/0_00000","type":"image","name":"luoxuan_eff/0_00000","transform":{"y":-0.025,"x":-0.05}},{"path":"luoxuan_eff/0_00001","type":"image","name":"luoxuan_eff/0_00001","transform":{"y":-0.025,"x":-0.05}},{"path":"luoxuan_eff/0_00002","type":"image","name":"luoxuan_eff/0_00002","transform":{"y":-0.025,"x":-0.05}},{"path":"luoxuan_eff/0_00003","type":"image","name":"luoxuan_eff/0_00003","transform":{"y":-0.025,"x":-0.05}},{"path":"luoxuan_eff/0_00004","type":"image","name":"luoxuan_eff/0_00004","transform":{"y":-0.025,"x":-0.05}},{"path":"luoxuan_eff/0_00005","type":"image","name":"luoxuan_eff/0_00005","transform":{"y":-0.025,"x":-0.05}}],"blendMode":"add","name":"luoxuan_eff/0_0"},{"display":[{"path":"luoxuan_eff/0_00000","type":"image","name":"luoxuan_eff/0_00000","transform":{"y":-0.025,"x":-0.05}},{"path":"luoxuan_eff/0_00001","type":"image","name":"luoxuan_eff/0_00001","transform":{"y":-0.025,"x":-0.05}},{"path":"luoxuan_eff/0_00002","type":"image","name":"luoxuan_eff/0_00002","transform":{"y":-0.025,"x":-0.05}},{"path":"luoxuan_eff/0_00003","type":"image","name":"luoxuan_eff/0_00003","transform":{"y":-0.025,"x":-0.05}},{"path":"luoxuan_eff/0_00004","type":"image","name":"luoxuan_eff/0_00004","transform":{"y":-0.025,"x":-0.05}},{"path":"luoxuan_eff/0_00005","type":"image","name":"luoxuan_eff/0_00005","transform":{"y":-0.025,"x":-0.05}}],"blendMode":"add","name":"luoxuan_eff/0_00000"},{"display":[{"path":"suipian_eff/0_00000","type":"image","name":"suipian_eff/0_00000","transform":{"y":10.42,"skX":89.06,"skY":89.06,"x":79.9}},{"path":"suipian_eff/0_00001","type":"image","name":"suipian_eff/0_00001","transform":{"y":10.42,"skX":89.06,"skY":89.06,"x":79.9}},{"path":"suipian_eff/0_00002","type":"image","name":"suipian_eff/0_00002","transform":{"y":10.42,"skX":89.06,"skY":89.06,"x":79.9}},{"path":"suipian_eff/0_00003","type":"image","name":"suipian_eff/0_00003","transform":{"y":10.42,"skX":89.06,"skY":89.06,"x":79.9}},{"path":"suipian_eff/0_00004","type":"image","name":"suipian_eff/0_00004","transform":{"y":10.42,"skX":89.06,"skY":89.06,"x":79.9}},{"path":"suipian_eff/0_00005","type":"image","name":"suipian_eff/0_00005","transform":{"y":10.42,"skX":89.06,"skY":89.06,"x":79.9}},{"path":"suipian_eff/0_00006","type":"image","name":"suipian_eff/0_00006","transform":{"y":10.42,"skX":89.06,"skY":89.06,"x":79.9}},{"path":"suipian_eff/0_00007","type":"image","name":"suipian_eff/0_00007","transform":{"y":10.42,"skX":89.06,"skY":89.06,"x":79.9}}],"blendMode":"add","name":"suipian_eff/0_00000"},{"display":[{"path":"wj_054_nanijia_eff_pz","type":"image","name":"wj_054_nanijia_eff_pz","transform":{"scY":10,"scX":10}}],"name":"wj_054_nanijia_eff_pz"},{"display":[{"path":"baozha_eff/02/0_00007","type":"image","name":"baozha_eff/02/0_00007","transform":{"y":-0.195,"skX":-131.63,"skY":-131.63,"x":-1.595}},{"path":"baozha_eff/02/0_00008","type":"image","name":"baozha_eff/02/0_00008","transform":{"y":-0.195,"skX":-131.63,"skY":-131.63,"x":-1.595}},{"path":"baozha_eff/02/0_00009","type":"image","name":"baozha_eff/02/0_00009","transform":{"y":-0.195,"skX":-131.63,"skY":-131.63,"x":-1.595}}],"blendMode":"add","name":"baozha_eff/02/0_00002"}],"name":""}],"slot":[{"name":"wj_054_nanijia_eff_pz","parent":"wj_054_nanijia_eff_pz","color":{}},{"blendMode":"add","z":1,"parent":"luoxuan_eff/0_00000","name":"luoxuan_eff/0_00000","color":{}},{"blendMode":"add","z":2,"parent":"luoxuan_eff/0_0","name":"luoxuan_eff/0_0","color":{}},{"blendMode":"add","z":3,"parent":"luoxuan_qiliu_eff/0_00000","name":"luoxuan_qiliu_eff/0_00000","color":{}},{"blendMode":"add","z":4,"parent":"luoxuan_qiliu_eff/0_0","name":"luoxuan_qiliu_eff/0_0","color":{}},{"blendMode":"add","z":5,"parent":"luoxuan_qiliu_eff/0_1","name":"luoxuan_qiliu_eff/0_1","color":{}},{"blendMode":"add","z":6,"parent":"posui_eff/0_00000","name":"posui_eff/0_00000","color":{}},{"blendMode":"add","z":7,"parent":"baozha_eff/02/0_00002","name":"baozha_eff/02/0_00002","color":{}},{"blendMode":"add","z":8,"parent":"suipian_eff/0_00000","name":"suipian_eff/0_00000","color":{}}],"name":"armatureName"}],"name":"wj_054_nanijia_eff","version":"4.0"}