{"frameRate":30,"isGlobal":0,"armature":[{"bone":[{"name":"root","transform":{}},{"transform":{},"name":"barrier","parent":"root"},{"transform":{"scY":0.91,"y":9.99,"scX":0.91},"name":"light03","parent":"root"},{"transform":{"scY":0.91,"y":9.99,"scX":0.91},"name":"light02","parent":"root"},{"transform":{"scY":0.91,"y":9.99,"scX":0.91},"name":"light01","parent":"root"},{"transform":{},"name":"barrier01","parent":"barrier"},{"transform":{},"name":"barrier02","parent":"barrier"},{"transform":{},"name":"barrier012","parent":"barrier"}],"type":"Armature","frameRate":30,"animation":[{"bone":[{"frame":[{"transform":{},"duration":75},{"transform":{},"duration":0}],"name":"barrier01"},{"frame":[{"transform":{},"duration":75},{"transform":{},"duration":0}],"name":"barrier02"},{"frame":[{"tweenEasing":0,"transform":{},"duration":75},{"transform":{},"duration":0}],"name":"barrier012"},{"frame":[{"tweenEasing":0,"transform":{"scY":0.999,"scX":0.999},"duration":15},{"tweenEasing":0,"transform":{"scY":1.059,"y":-20,"scX":1.144},"duration":9},{"tweenEasing":0,"transform":{"scY":1.184,"y":-108.72,"scX":1.287},"duration":5},{"tweenEasing":0,"transform":{"scY":1.109,"y":-108.72,"scX":1.201},"duration":15},{"tweenEasing":0,"transform":{"scY":0.904,"y":-108.72,"scX":0.974},"duration":3},{"tweenEasing":0,"transform":{"scY":0.682,"y":-108.72,"scX":0.73},"duration":2},{"tweenEasing":0,"transform":{"scY":0.461,"y":-299.62,"scX":0.488},"duration":26},{"transform":{"scY":0.622,"y":-209.73,"scX":0.641},"duration":0}],"name":"light01"},{"frame":[{"transform":{"scY":0.999,"scX":0.999},"duration":19},{"tweenEasing":0,"transform":{"scY":0.999,"scX":0.999},"duration":6},{"tweenEasing":0,"transform":{"scY":1.074,"y":-18.66,"scX":1.14},"duration":19},{"tweenEasing":0,"transform":{"scY":1.23,"y":-104.44,"scX":1.295},"duration":2},{"tweenEasing":0,"transform":{"scY":1.191,"y":-104.44,"scX":1.253},"duration":2},{"tweenEasing":0,"transform":{"scY":1.118,"y":-104.44,"scX":1.176},"duration":2},{"tweenEasing":0,"transform":{"scY":0.948,"y":-104.44,"scX":0.996},"duration":2},{"tweenEasing":0,"transform":{"scY":0.759,"y":-104.44,"scX":0.795},"duration":2},{"tweenEasing":0,"transform":{"scY":0.282,"y":-310.57,"scX":0.291},"duration":21},{"transform":{"scY":0.441,"y":-241.56,"scX":0.448},"duration":0}],"name":"light02"},{"frame":[{"transform":{"scY":0.999,"scX":0.999},"duration":75}],"name":"light03"},{"frame":[{"transform":{},"duration":75},{"transform":{},"duration":0}],"name":"root"},{"frame":[{"transform":{},"duration":75},{"transform":{},"duration":0}],"name":"barrier"}],"slot":[{"frame":[{"curve":[0.182,0,0.8494999999999999,0.75],"color":{"aM":0},"duration":35},{"tweenEasing":0,"duration":40},{"tweenEasing":null,"color":{"aM":0},"duration":0}],"name":"barrier01"},{"frame":[{"tweenEasing":0,"color":{"aM":0},"duration":35},{"tweenEasing":null,"color":{"aM":0},"duration":40}],"name":"barrier02"},{"frame":[{"tweenEasing":0,"color":{"aM":0},"duration":35},{"tweenEasing":0,"duration":40},{"tweenEasing":null,"color":{"aM":0},"duration":0}],"name":"barrier012"},{"frame":[{"tweenEasing":0,"color":{"aM":0},"duration":15},{"tweenEasing":null,"duration":14},{"tweenEasing":0,"duration":20},{"tweenEasing":null,"color":{"aM":0},"duration":26}],"name":"light"},{"frame":[{"tweenEasing":0,"color":{"aM":0},"duration":19},{"tweenEasing":0,"color":{"aM":0},"duration":6},{"tweenEasing":null,"duration":21},{"tweenEasing":0,"duration":8},{"tweenEasing":null,"color":{"aM":0},"duration":21}],"name":"light2"},{"frame":[{"tweenEasing":null,"color":{"aM":0},"duration":75}],"name":"light3"}],"ffd":[],"frame":[],"name":"animation1","duration":75,"ik":[]},{"bone":[{"frame":[{"transform":{},"duration":80},{"transform":{},"duration":0}],"name":"barrier01"},{"frame":[{"transform":{},"duration":80},{"transform":{},"duration":0}],"name":"barrier02"},{"frame":[{"tweenEasing":0,"transform":{},"duration":80},{"transform":{},"duration":0}],"name":"barrier012"},{"frame":[{"tweenEasing":0,"transform":{"scY":0.999,"scX":0.999},"duration":6},{"tweenEasing":0,"transform":{"scY":1.059,"y":-20,"scX":1.144},"duration":9},{"tweenEasing":0,"transform":{"scY":1.184,"y":-108.72,"scX":1.287},"duration":5},{"tweenEasing":0,"transform":{"scY":1.109,"y":-108.72,"scX":1.201},"duration":5},{"tweenEasing":0,"transform":{"scY":0.904,"y":-108.72,"scX":0.974},"duration":3},{"tweenEasing":0,"transform":{"scY":0.682,"y":-108.72,"scX":0.73},"duration":2},{"tweenEasing":0,"transform":{"scY":0.461,"y":-299.62,"scX":0.488},"duration":50},{"transform":{"scY":0.999,"scX":0.999},"duration":0}],"name":"light01"},{"frame":[{"transform":{"scY":0.999,"scX":0.999},"duration":10},{"tweenEasing":0,"transform":{"scY":0.999,"scX":0.999},"duration":6},{"tweenEasing":0,"transform":{"scY":1.074,"y":-18.66,"scX":1.14},"duration":9},{"tweenEasing":0,"transform":{"scY":1.23,"y":-104.44,"scX":1.295},"duration":2},{"tweenEasing":0,"transform":{"scY":1.191,"y":-104.44,"scX":1.253},"duration":2},{"tweenEasing":0,"transform":{"scY":1.118,"y":-104.44,"scX":1.176},"duration":2},{"tweenEasing":0,"transform":{"scY":0.948,"y":-104.44,"scX":0.996},"duration":2},{"tweenEasing":0,"transform":{"scY":0.759,"y":-104.44,"scX":0.795},"duration":2},{"tweenEasing":0,"transform":{"scY":0.282,"y":-310.57,"scX":0.291},"duration":45},{"transform":{"scY":0.999,"scX":0.999},"duration":0}],"name":"light02"},{"frame":[{"transform":{"scY":0.999,"scX":0.999},"duration":20},{"tweenEasing":0,"transform":{"scY":0.999,"scX":0.999},"duration":6},{"tweenEasing":0,"transform":{"scY":1.183,"y":-27.99,"scX":1.183},"duration":7},{"tweenEasing":0,"transform":{"scY":1.286,"y":-97.96,"scX":1.286},"duration":3},{"tweenEasing":0,"transform":{"scY":1.242,"y":-97.96,"scX":1.242},"duration":2},{"tweenEasing":0,"transform":{"scY":1.17,"y":-97.96,"scX":1.17},"duration":3},{"tweenEasing":0,"transform":{"scY":0.925,"y":-97.96,"scX":0.925},"duration":2},{"tweenEasing":0,"transform":{"scY":0.624,"y":-97.96,"scX":0.624},"duration":2},{"tweenEasing":0,"transform":{"scY":0.327,"y":-320.32,"scX":0.327},"duration":35},{"transform":{"scY":0.999,"scX":0.999},"duration":0}],"name":"light03"},{"frame":[{"transform":{},"duration":80},{"transform":{},"duration":0}],"name":"root"},{"frame":[{"transform":{},"duration":80},{"transform":{},"duration":0}],"name":"barrier"}],"slot":[{"frame":[{"tweenEasing":0,"color":{"aM":0},"duration":6},{"tweenEasing":null,"color":{"aM":0},"duration":4},{"tweenEasing":null,"color":{"aM":0},"duration":5},{"tweenEasing":null,"color":{"aM":0},"duration":1},{"tweenEasing":null,"color":{"aM":0},"duration":4},{"tweenEasing":null,"color":{"aM":0},"duration":10},{"tweenEasing":null,"color":{"aM":0},"duration":3},{"tweenEasing":null,"color":{"aM":0},"duration":2},{"tweenEasing":null,"color":{"aM":0},"duration":1},{"tweenEasing":null,"color":{"aM":0},"duration":2},{"tweenEasing":null,"color":{"aM":0},"duration":3},{"tweenEasing":null,"color":{"aM":0},"duration":4},{"tweenEasing":null,"color":{"aM":0},"duration":35},{"tweenEasing":null,"color":{"aM":0},"duration":0}],"name":"barrier01"},{"frame":[{"tweenEasing":0,"duration":30},{"tweenEasing":null,"duration":50},{"tweenEasing":null,"duration":0}],"name":"barrier02"},{"frame":[{"tweenEasing":0,"color":{"aM":0},"duration":6},{"tweenEasing":null,"color":{"aM":0},"duration":4},{"tweenEasing":null,"color":{"aM":0},"duration":5},{"tweenEasing":null,"color":{"aM":0},"duration":1},{"tweenEasing":null,"color":{"aM":0},"duration":4},{"tweenEasing":null,"color":{"aM":0},"duration":10},{"tweenEasing":null,"color":{"aM":0},"duration":3},{"tweenEasing":null,"color":{"aM":0},"duration":2},{"tweenEasing":null,"color":{"aM":0},"duration":1},{"tweenEasing":null,"color":{"aM":0},"duration":2},{"tweenEasing":null,"color":{"aM":0},"duration":3},{"tweenEasing":null,"color":{"aM":0},"duration":4},{"tweenEasing":null,"color":{"aM":0},"duration":35},{"tweenEasing":null,"color":{"aM":0},"duration":0}],"name":"barrier012"},{"frame":[{"tweenEasing":0,"color":{"aM":0},"duration":6},{"tweenEasing":null,"color":{"aM":0},"duration":4},{"tweenEasing":null,"color":{"aM":0},"duration":5},{"tweenEasing":null,"color":{"aM":0},"duration":1},{"tweenEasing":null,"color":{"aM":0},"duration":4},{"tweenEasing":null,"color":{"aM":0},"duration":10},{"tweenEasing":0,"color":{"aM":0},"duration":15},{"tweenEasing":null,"color":{"aM":0},"duration":35},{"tweenEasing":null,"color":{"aM":0},"duration":0}],"name":"light"},{"frame":[{"tweenEasing":0,"color":{"aM":0},"duration":10},{"tweenEasing":null,"color":{"aM":0},"duration":5},{"tweenEasing":null,"color":{"aM":0},"duration":1},{"tweenEasing":null,"color":{"aM":0},"duration":4},{"tweenEasing":null,"color":{"aM":0},"duration":5},{"tweenEasing":null,"color":{"aM":0},"duration":1},{"tweenEasing":null,"color":{"aM":0},"duration":1},{"tweenEasing":null,"color":{"aM":0},"duration":3},{"tweenEasing":null,"color":{"aM":0},"duration":5},{"tweenEasing":null,"color":{"aM":0},"duration":10},{"tweenEasing":null,"color":{"aM":0},"duration":35},{"tweenEasing":null,"color":{"aM":0},"duration":0}],"name":"light2"},{"frame":[{"tweenEasing":0,"color":{"aM":0},"duration":20},{"tweenEasing":0,"color":{"aM":0},"duration":5},{"tweenEasing":null,"color":{"aM":0},"duration":1},{"tweenEasing":null,"color":{"aM":0},"duration":4},{"tweenEasing":null,"color":{"aM":0},"duration":3},{"tweenEasing":null,"color":{"aM":0},"duration":12},{"tweenEasing":null,"color":{"aM":0},"duration":35},{"tweenEasing":null,"color":{"aM":0},"duration":0}],"name":"light3"}],"ffd":[],"frame":[],"name":"animation2","duration":80,"ik":[]}],"skin":[{"slot":[{"display":[{"path":"barrier01","type":"image","name":"barrier01","transform":{"y":-142.99}}],"blendMode":"add","name":"barrier01"},{"display":[{"path":"barrier02","type":"image","name":"barrier02","transform":{}}],"name":"barrier02"},{"display":[{"path":"light","type":"image","name":"light","transform":{"scY":1.067,"y":-21.99,"scX":1.067}}],"name":"light3"},{"display":[{"path":"light","type":"image","name":"light","transform":{"scY":1.067,"y":-21.99,"scX":1.067}}],"name":"light2"},{"display":[{"path":"light","type":"image","name":"light","transform":{"scY":1.067,"y":-21.99,"scX":1.067}}],"name":"light"},{"display":[{"path":"barrier01","type":"image","name":"barrier01","transform":{"y":-142.99}}],"blendMode":"add","name":"barrier012"}],"name":""}],"slot":[{"name":"barrier02","parent":"barrier02","color":{}},{"blendMode":"add","z":1,"parent":"barrier01","name":"barrier01","color":{}},{"blendMode":"add","z":2,"parent":"barrier012","name":"barrier012","color":{}},{"z":3,"name":"light","parent":"light01","color":{}},{"z":4,"name":"light2","parent":"light02","color":{}},{"z":5,"name":"light3","parent":"light03","color":{}}],"aabb":{"width":426,"y":-333.49,"height":381,"x":-213},"defaultActions":[{"gotoAndPlay":"animation1"}],"name":"armatureName","ik":[]}],"name":"xuruo_hudun","version":"4.0"}