{"frameRate":30,"name":"wj_047_nakulu","version":"5.5","compatibleVersion":"5.5","armature":[{"type":"Armature","frameRate":30,"name":"armatureName","aabb":{"x":-55.31,"y":-294,"width":153.29,"height":307.14},"bone":[{"name":"root","transform":{"scX":1.3,"scY":1.3}},{"length":103,"name":"bai_chongciyanwu_01_eff/bai_chongciyanwu_01_eff_01","parent":"root","transform":{"x":81.74,"y":22.41,"skX":178.86,"skY":178.86}},{"name":"bone","parent":"root","transform":{"x":-1.84,"y":-94.76,"scX":1.04,"scY":1.148}},{"name":"buff_flo","parent":"root"},{"name":"buff_mid","parent":"root","transform":{"y":-110}},{"name":"buff_up","parent":"root","transform":{"y":-220}},{"name":"tui1","parent":"root","transform":{"x":-22.65,"y":-12.91}},{"name":"jiao2","parent":"root","transform":{"x":31.48,"y":-1.59}},{"name":"jiao1","parent":"root","transform":{"x":-17.4,"y":5.86}},{"name":"wj_047_nakulu_pz","parent":"root","transform":{"x":-0.25,"y":-24.54}},{"name":"tui2","parent":"root","transform":{"x":19.32,"y":-13.47}},{"length":62,"name":"nkl_dj_shenti","parent":"bone","transform":{"x":-1.23,"skX":-91.51,"skY":-91.51}},{"length":35,"name":"nkl_dj_datui1","parent":"bone","transform":{"x":-6.19,"y":4.95,"skX":101.98,"skY":101.98}},{"length":39,"name":"nkl_dj_datui2","parent":"bone","transform":{"x":6.42,"y":4.03,"skX":61.76,"skY":61.76}},{"length":18,"name":"nkl_dj_kua","parent":"bone","transform":{"x":-0.82,"y":0.82,"skX":53.13,"skY":53.13}},{"length":28,"name":"nkl_dj_shangbi1","parent":"nkl_dj_shenti","transform":{"x":44.22,"y":-16.17,"skX":-147.52,"skY":-147.52}},{"length":35,"name":"nkl_dj_xiaotui2","parent":"nkl_dj_datui2","transform":{"x":39.19,"skX":32.64,"skY":32.64}},{"length":33,"name":"nkl_dj_sahngbi2","parent":"nkl_dj_shenti","transform":{"x":43.77,"y":16.04,"skX":-167.91,"skY":-167.91}},{"length":33,"name":"nkl_dj_xiaotui1","parent":"nkl_dj_datui1","transform":{"x":36.37,"y":0.31,"skX":-1.21,"skY":-1.21}},{"length":61,"name":"nkl_dj_tou","parent":"nkl_dj_shenti","transform":{"x":63.22,"y":-0.38,"skX":26.75,"skY":26.75,"scX":0.866,"scY":0.867}},{"length":21,"name":"nkl_dj_jiao1","parent":"nkl_dj_xiaotui1","transform":{"x":34.17,"y":0.66,"skX":-29.06,"skY":-29.06}},{"length":28,"name":"nkl_dj_xiaobi1","parent":"nkl_dj_shangbi1","transform":{"x":29.67,"y":0.49,"skX":-40.94,"skY":-40.94}},{"length":19,"name":"nkl_dj_jiao2","parent":"nkl_dj_xiaotui2","transform":{"x":37,"y":2.62,"skX":-61.38,"skY":-61.38}},{"length":28,"name":"nkl_dj_xiaobi2","parent":"nkl_dj_sahngbi2","transform":{"x":31.5,"y":-0.96,"skX":-75.52,"skY":-75.52}},{"length":5,"name":"nkl_dj_yanjing","parent":"nkl_dj_tou","transform":{"x":23.39,"y":34.18,"skX":9.79,"skY":9.79}},{"length":17,"name":"nkl_dj_shou2","parent":"nkl_dj_xiaobi2","transform":{"x":30.66,"y":0.62,"skX":18.58,"skY":18.58}},{"length":15,"name":"nkl_dj_shou1","parent":"nkl_dj_xiaobi1","transform":{"x":28.58,"y":-0.41,"skX":0.77,"skY":0.77}},{"length":60,"name":"nkl_dj_bangqiu","parent":"nkl_dj_shou1","transform":{"x":11.47,"y":-1.06,"skX":-94.52,"skY":-94.52}}],"slot":[{"blendMode":"erase","name":"wj_047_nakulu_pz","parent":"wj_047_nakulu_pz","color":{"aM":0}},{"name":"nkl_dj_shou2","parent":"nkl_dj_shou2"},{"name":"nkl_dj_sahngbi2","parent":"nkl_dj_sahngbi2"},{"name":"nkl_dj_xiaobi2","parent":"nkl_dj_xiaobi2"},{"name":"nkl_dj_jiao2","parent":"nkl_dj_jiao2"},{"name":"nkl_dj_xiaotui2","parent":"nkl_dj_xiaotui2"},{"name":"nkl_dj_datui2","parent":"nkl_dj_datui2"},{"name":"nkl_dj_jiao1","parent":"nkl_dj_jiao1"},{"name":"nkl_dj_kua","parent":"nkl_dj_kua"},{"name":"nkl_dj_xiaotui1","parent":"nkl_dj_xiaotui1"},{"name":"nkl_dj_datui1","parent":"nkl_dj_datui1"},{"name":"nkl_dj_shenti","parent":"nkl_dj_shenti"},{"name":"nkl_dj_tou","parent":"nkl_dj_tou"},{"displayIndex":-1,"name":"nkl_dj_yanjing","parent":"nkl_dj_yanjing"},{"name":"nkl_dj_shangbi1","parent":"nkl_dj_shangbi1"},{"name":"nkl_dj_bangqiu","parent":"nkl_dj_bangqiu"},{"name":"nkl_dj_shou1","parent":"nkl_dj_shou1"},{"name":"nkl_dj_xiaobi1","parent":"nkl_dj_xiaobi1"},{"displayIndex":-1,"name":"bai_chongciyanwu_01_eff/bai_chongciyanwu_01_eff_01","parent":"bai_chongciyanwu_01_eff/bai_chongciyanwu_01_eff_01"},{"blendMode":"erase","name":"buff_flo","parent":"buff_flo","color":{"aM":0}},{"blendMode":"erase","name":"buff_mid","parent":"buff_mid","color":{"aM":0}},{"blendMode":"erase","name":"buff_up","parent":"buff_up","color":{"aM":0}}],"ik":[{"chain":1,"name":"tui1","bone":"nkl_dj_xiaotui1","target":"tui1"},{"chain":1,"name":"tui2","bone":"nkl_dj_xiaotui2","target":"tui2"},{"bendPositive":false,"name":"jiao1","bone":"nkl_dj_jiao1","target":"jiao1"},{"bendPositive":false,"name":"jiao2","bone":"nkl_dj_jiao2","target":"jiao2"}],"skin":[{"slot":[{"name":"buff_flo","display":[{"name":"buff_flo","transform":{"x":0.51,"y":-0.53}}]},{"name":"nkl_dj_tou","display":[{"name":"nkl_dj_tou","transform":{"x":26.96,"y":5.7,"skX":64.6,"skY":64.6}},{"name":"nkl_gj3_tou","transform":{"x":24.98,"y":-20.3,"skX":64.6,"skY":64.6}}]},{"name":"buff_mid","display":[{"name":"buff_mid","transform":{"y":-0.63}}]},{"name":"buff_up","display":[{"name":"buff_up","transform":{"x":1.27}}]},{"name":"nkl_dj_shou2","display":[{"name":"nkl_dj_shou2","transform":{"x":8.32,"y":-2.01,"skX":-56.41,"skY":-56.41}},{"name":"nkl_gj2_shou2","transform":{"x":10.15,"y":-2.84,"skX":145.59,"skY":145.59}},{"name":"nkl_pb_shou2","transform":{"x":6.86,"y":-0.49,"skX":37.8,"skY":37.8}}]},{"name":"nkl_dj_jiao1","display":[{"name":"nkl_dj_jiao1","transform":{"x":9.86,"y":1.78,"skX":-71.59,"skY":-71.59}},{"name":"nkl_dj_jiao2","transform":{"x":11.77,"y":3.41,"skX":-37.94,"skY":-37.94}}]},{"name":"nkl_dj_shou1","display":[{"name":"nkl_dj_shou1","transform":{"x":8.84,"y":-2.36,"skX":-80.75,"skY":-80.75}},{"name":"nkl_gj1_shou1","transform":{"x":10.49,"y":-2.34,"skX":119.91,"skY":119.91}},{"name":"nkl_gj2_shou1","transform":{"x":7.71,"y":-1.7,"skX":160.52,"skY":160.52}}]},{"name":"nkl_dj_xiaotui1","display":[{"name":"nkl_dj_xiaotui1","transform":{"x":16.34,"y":3.63,"skX":-100.76,"skY":-100.76}}]},{"name":"nkl_dj_xiaobi2","display":[{"name":"nkl_dj_xiaobi2","transform":{"x":14.82,"y":-0.59,"skX":-45.65,"skY":-45.65}}]},{"name":"nkl_dj_shangbi1","display":[{"name":"nkl_dj_shangbi1","transform":{"x":12.06,"y":0.42,"skX":-121.22,"skY":-121.22}}]},{"name":"nkl_dj_shenti","display":[{"name":"nkl_dj_shenti","transform":{"x":17.11,"y":1.53,"skX":91.52,"skY":91.52}},{"name":"nkl_gj2_shenti","transform":{"x":21.52,"y":2.66,"skX":97.09,"skY":97.09}},{"name":"nkl_gj3_shenti","transform":{"x":17.62,"y":4.71,"skX":105.48,"skY":105.48}}]},{"name":"nkl_dj_datui2","display":[{"name":"nkl_dj_datui2","transform":{"x":18.26,"y":0.33,"skX":-60.75,"skY":-60.75}}]},{"name":"wj_047_nakulu_pz","display":[{"name":"wj_047_nakulu_pz","transform":{"x":-0.57,"y":-86,"scX":10,"scY":22}}]},{"name":"nkl_dj_yanjing","display":[{"name":"nkl_dj_yanjing","transform":{"x":-5.91,"y":-16.91,"skX":54.74,"skY":54.74}}]},{"name":"nkl_dj_jiao2","display":[{"name":"nkl_dj_jiao2","transform":{"x":8.5,"y":1.25,"skX":-32.51,"skY":-32.51}}]},{"name":"nkl_dj_xiaotui2","display":[{"name":"nkl_dj_xiaotui2","transform":{"x":15.64,"y":3.95,"skX":-93.62,"skY":-93.62}}]},{"name":"nkl_dj_bangqiu","display":[{"name":"nkl_dj_bangqiu","transform":{"x":49.28,"y":-2.14,"skX":13.78,"skY":13.78}}]},{"name":"nkl_dj_kua","display":[{"name":"nkl_dj_kua","transform":{"x":2.42,"y":0.98,"skX":-52.87,"skY":-52.87}}]},{"name":"nkl_dj_sahngbi2","display":[{"name":"nkl_dj_sahngbi2","transform":{"x":16.55,"y":0.3,"skX":-86.48,"skY":-86.48}}]},{"name":"nkl_dj_xiaobi1","display":[{"name":"nkl_dj_xiaobi1","transform":{"x":13.86,"y":-1.23,"skX":-79.99,"skY":-79.99}}]},{"name":"nkl_dj_datui1","display":[{"name":"nkl_dj_datui1","transform":{"x":18.53,"y":1.14,"skX":-101.99,"skY":-101.99}}]},{"name":"bai_chongciyanwu_01_eff/bai_chongciyanwu_01_eff_01","display":[{"name":"bai_chongciyanwu_01_eff/bai_chongciyanwu_01_eff_01","transform":{"x":81.27,"y":24.05,"skX":-178.84,"skY":-178.84}},{"name":"bai_chongciyanwu_01_eff/bai_chongciyanwu_01_eff_02","transform":{"x":81.27,"y":24.05,"skX":-178.84,"skY":-178.84}},{"name":"bai_chongciyanwu_01_eff/bai_chongciyanwu_01_eff_03","transform":{"x":81.27,"y":24.05,"skX":-178.84,"skY":-178.84}},{"name":"bai_chongciyanwu_01_eff/bai_chongciyanwu_01_eff_04","transform":{"x":81.27,"y":24.05,"skX":-178.84,"skY":-178.84}}]}]}],"animation":[{"duration":20,"name":"0000_chuchang","bone":[{"name":"bone","translateFrame":[{"duration":5,"curve":[0.25,0,1,0.32],"x":1.4,"y":-51.36},{"duration":5,"curve":[0,0.68,0.75,1],"x":1.4,"y":-3.26},{"duration":10,"curve":[0.25,0,1,0.42],"x":-9.8,"y":26.15},{"duration":0}]},{"name":"tui1","translateFrame":[{"duration":5,"curve":[0.25,0,1,0.32],"x":15.41,"y":-49.5},{"duration":5,"curve":[0,0.68,0.75,1],"x":3.26,"y":-6.07},{"duration":10}]},{"name":"jiao1","translateFrame":[{"duration":5,"curve":[0.25,0,1,0.32],"x":10.74,"y":-52.3},{"duration":5,"curve":[0,0.68,0.75,1],"x":1.86,"y":-5.6},{"duration":10}]},{"name":"tui2","translateFrame":[{"duration":5,"curve":[0.25,0,1,0.32],"x":-9.33,"y":-64.44},{"duration":5,"curve":[0,0.68,0.75,1],"y":-4.2},{"duration":10}]},{"name":"jiao2","translateFrame":[{"duration":5,"curve":[0.25,0,1,0.32],"x":-24.75,"y":-58.37},{"duration":5,"curve":[0,0.68,0.75,1],"x":-4.2,"y":-1.4},{"duration":10}]},{"name":"nkl_dj_shenti","translateFrame":[{"duration":10,"x":6.07,"y":1.4},{"duration":10,"curve":[0.25,0,1,0.42],"x":6.07,"y":1.4},{"duration":0}],"rotateFrame":[{"duration":5,"rotate":1.59},{"duration":5,"curve":[0,0.68,0.75,1],"rotate":1.59},{"duration":10,"curve":[0.25,0,1,0.42],"rotate":17},{"duration":0}]},{"name":"nkl_dj_tou","rotateFrame":[{"duration":5,"rotate":0.68},{"duration":5,"curve":[0,0.68,0.75,1],"rotate":0.68},{"duration":10,"curve":[0.25,0,1,0.42],"rotate":2.3},{"duration":0}]},{"name":"nkl_dj_shangbi1","rotateFrame":[{"duration":5,"curve":[0.25,0,1,0.32],"rotate":41.02},{"duration":5,"curve":[0,0.68,0.75,1],"rotate":23.64},{"duration":10,"curve":[0.25,0,1,0.42],"rotate":31.22},{"duration":0}]},{"name":"nkl_dj_xiaobi1","rotateFrame":[{"duration":5,"curve":[0.25,0,1,0.32],"rotate":10.88},{"duration":5,"curve":[0,0.68,0.75,1],"rotate":2.31},{"duration":10,"curve":[0.25,0,1,0.42],"rotate":-34.91},{"duration":0}]},{"name":"nkl_dj_shou1","rotateFrame":[{"duration":5,"curve":[0.25,0,1,0.32],"rotate":-13.81},{"duration":5,"curve":[0,0.68,0.75,1],"rotate":8.16},{"duration":10,"curve":[0.25,0,1,0.42],"rotate":11.47},{"duration":0}]},{"name":"nkl_dj_bangqiu","rotateFrame":[{"duration":5,"curve":[0.25,0,1,0.32],"rotate":44.48},{"duration":5,"rotate":14.25},{"duration":10,"curve":[0.25,0,1,0.42],"rotate":14.25},{"duration":0}]},{"name":"nkl_dj_sahngbi2","rotateFrame":[{"duration":5,"curve":[0.25,0,1,0.32],"rotate":-55.08},{"duration":5,"curve":[0,0.68,0.75,1],"rotate":-28.65},{"duration":10,"curve":[0.25,0,1,0.42],"rotate":-9.72},{"duration":0}]},{"name":"nkl_dj_xiaobi2","rotateFrame":[{"duration":5,"curve":[0.25,0,1,0.32],"rotate":59.67},{"duration":5,"curve":[0,0.68,0.75,1],"rotate":51.82},{"duration":10,"curve":[0.25,0,1,0.42],"rotate":19.89},{"duration":0}]},{"name":"nkl_dj_shou2","rotateFrame":[{"duration":5,"rotate":-18.18},{"duration":5,"curve":[0,0.68,0.75,1],"rotate":-18.18},{"duration":10,"curve":[0.25,0,1,0.42],"rotate":-8.76},{"duration":0}]}]},{"duration":80,"name":"0001_daiji","bone":[{"name":"bone","translateFrame":[{"duration":17,"curve":[0.25,0,0.75,1]},{"duration":23,"curve":[0.25,0,0.75,1],"x":-0.35,"y":1.6},{"duration":17,"curve":[0.25,0,0.75,1]},{"duration":23,"curve":[0.25,0,0.75,1],"x":-0.35,"y":1.6},{"duration":0}]},{"name":"nkl_dj_shenti","rotateFrame":[{"duration":20,"curve":[0.25,0,0.75,1]},{"duration":20,"curve":[0.25,0,0.75,1],"rotate":1.39},{"duration":20,"curve":[0.25,0,0.75,1]},{"duration":20,"curve":[0.25,0,0.75,1],"rotate":1.39},{"duration":0}]},{"name":"nkl_dj_tou","rotateFrame":[{"duration":23,"curve":[0.25,0,0.75,1]},{"duration":17,"curve":[0.25,0,0.75,1],"rotate":1.88},{"duration":23,"curve":[0.25,0,0.75,1]},{"duration":17,"curve":[0.25,0,0.75,1],"rotate":1.88},{"duration":0}]},{"name":"nkl_dj_shangbi1","translateFrame":[{"duration":20,"curve":[0.25,0,0.75,1]},{"duration":20,"curve":[0.25,0,0.75,1],"x":-0.46},{"duration":20,"curve":[0.25,0,0.75,1]},{"duration":20,"curve":[0.25,0,0.75,1],"x":-0.46},{"duration":0}],"rotateFrame":[{"duration":20,"curve":[0.25,0,0.75,1]},{"duration":20,"curve":[0.25,0,0.75,1],"rotate":7.7},{"duration":20,"curve":[0.25,0,0.75,1]},{"duration":20,"curve":[0.25,0,0.75,1],"rotate":7.7},{"duration":0}]},{"name":"nkl_dj_xiaobi1","rotateFrame":[{"duration":23,"curve":[0.25,0,0.75,1]},{"duration":17,"curve":[0.25,0,0.75,1],"rotate":-14.47},{"duration":23,"curve":[0.25,0,0.75,1]},{"duration":17,"curve":[0.25,0,0.75,1],"rotate":-14.47},{"duration":0}]},{"name":"nkl_dj_bangqiu","rotateFrame":[{"duration":20,"curve":[0.246,0,0.633,0.54]},{"duration":20,"curve":[0.38,0.53,0.744,1],"rotate":-7.2},{"duration":20,"curve":[0.246,0,0.633,0.54]},{"duration":20,"curve":[0.38,0.53,0.744,1],"rotate":-7.2},{"duration":0}]},{"name":"nkl_dj_sahngbi2","translateFrame":[{"duration":20,"curve":[0.25,0,0.75,1]},{"duration":20,"curve":[0.25,0,0.75,1],"x":-0.93},{"duration":20,"curve":[0.25,0,0.75,1]},{"duration":20,"curve":[0.25,0,0.75,1],"x":-0.93},{"duration":0}],"rotateFrame":[{"duration":20,"curve":[0.25,0,0.75,1]},{"duration":20,"curve":[0.25,0,0.75,1],"rotate":1.76},{"duration":20,"curve":[0.25,0,0.75,1]},{"duration":20,"curve":[0.25,0,0.75,1],"rotate":1.76},{"duration":0}]},{"name":"nkl_dj_xiaobi2","rotateFrame":[{"duration":23,"curve":[0.25,0,0.75,1]},{"duration":17,"curve":[0.25,0,0.75,1],"rotate":-1.89},{"duration":23,"curve":[0.25,0,0.75,1]},{"duration":17,"curve":[0.25,0,0.75,1],"rotate":-1.89},{"duration":0}]},{"name":"nkl_dj_shou2","rotateFrame":[{"duration":23,"curve":[0.25,0,0.75,1]},{"duration":17,"curve":[0.25,0,0.75,1],"rotate":13.02},{"duration":23,"curve":[0.25,0,0.75,1]},{"duration":17,"curve":[0.25,0,0.75,1],"rotate":13.02},{"duration":0}]}],"slot":[{"name":"nkl_dj_yanjing","displayFrame":[{"duration":43,"value":-1},{"duration":4},{"duration":33,"value":-1}]}]},{"duration":30,"name":"0002_pao","bone":[{"name":"bone","translateFrame":[{"duration":7,"tweenEasing":0,"x":7.14,"y":9.13},{"duration":8,"tweenEasing":0,"x":7.14,"y":3.65},{"duration":7,"tweenEasing":0,"x":7.14,"y":9.13},{"duration":8,"tweenEasing":0,"x":7.14,"y":3.65},{"duration":0,"x":7.14,"y":9.13}]},{"name":"tui1","translateFrame":[{"duration":5,"tweenEasing":0,"x":-2.65,"y":-22.7},{"duration":5,"tweenEasing":0,"x":30.05,"y":-14.23},{"duration":5,"tweenEasing":0,"x":65.98,"y":-1.76},{"duration":5,"tweenEasing":0,"x":18.74,"y":-2.14},{"duration":5,"tweenEasing":0,"x":-20.24,"y":-3.16},{"duration":5,"tweenEasing":0,"x":-20.69,"y":-34.41},{"duration":0,"x":-2.65,"y":-22.7}]},{"name":"nkl_dj_datui1","translateFrame":[{"duration":5,"tweenEasing":0,"x":-5.29,"y":-3.97},{"duration":5,"tweenEasing":0,"x":7.84,"y":0.69},{"duration":5,"tweenEasing":0,"x":4.91,"y":-0.75},{"duration":15,"x":-5.29,"y":-3.97}]},{"name":"jiao1","translateFrame":[{"duration":5,"tweenEasing":0,"x":-19.19,"y":-25.29},{"duration":5,"tweenEasing":0,"x":13.5,"y":-16.83},{"duration":5,"tweenEasing":0,"x":82.24,"y":-16.59},{"duration":5,"tweenEasing":0,"x":28.32,"y":-10.59},{"duration":5,"tweenEasing":0,"x":-14.38,"y":-10.25},{"duration":5,"tweenEasing":0,"x":-35.67,"y":-47.85},{"duration":0,"x":-19.19,"y":-25.29}]},{"name":"tui2","translateFrame":[{"duration":5,"tweenEasing":0,"x":-21.97,"y":2.4},{"duration":5,"tweenEasing":0,"x":-50.29,"y":2.4},{"duration":5,"tweenEasing":0,"x":-66.67,"y":-29.57},{"duration":5,"tweenEasing":0,"x":-32.77,"y":-13.63},{"duration":5,"tweenEasing":0,"x":-8.02,"y":-12.96},{"duration":5,"tweenEasing":0,"x":27.3,"y":2.89},{"duration":0,"x":-21.97,"y":2.4}],"scaleFrame":[{"duration":5,"tweenEasing":0},{"duration":20,"tweenEasing":0,"x":1.01},{"duration":5,"tweenEasing":0,"x":1.01},{"duration":0}]},{"name":"nkl_dj_datui2","translateFrame":[{"duration":5,"tweenEasing":0,"x":-6.61,"y":-3.97},{"duration":10,"tweenEasing":0,"x":-15.08,"y":-7.06},{"duration":15,"x":-6.61,"y":-3.97}]},{"name":"jiao2","translateFrame":[{"duration":5,"tweenEasing":0,"x":-22.87,"y":0.9},{"duration":5,"tweenEasing":0,"x":-51.19,"y":0.9},{"duration":5,"tweenEasing":0,"x":-93.7,"y":-31.85},{"duration":5,"tweenEasing":0,"x":-55.74,"y":-11.51},{"duration":5,"tweenEasing":0,"x":-31.33,"y":-10.49},{"duration":5,"tweenEasing":0,"x":33.44,"y":-8.23},{"duration":0,"x":-22.87,"y":0.9}],"scaleFrame":[{"duration":5,"tweenEasing":0},{"duration":20,"tweenEasing":0,"x":1.01},{"duration":5,"tweenEasing":0,"x":1.01},{"duration":0}]},{"name":"nkl_dj_shenti","rotateFrame":[{"duration":8,"tweenEasing":0,"rotate":18.92},{"duration":7,"tweenEasing":0,"rotate":16.25},{"duration":7,"tweenEasing":0,"rotate":18.92},{"duration":8,"tweenEasing":0,"rotate":16.25},{"duration":0,"rotate":18.92}]},{"name":"nkl_dj_tou","rotateFrame":[{"duration":8,"tweenEasing":0,"rotate":-23.66},{"duration":7,"tweenEasing":0,"rotate":-25.38},{"duration":7,"tweenEasing":0,"rotate":-23.66},{"duration":8,"tweenEasing":0,"rotate":-25.38},{"duration":0,"rotate":-23.66}]},{"name":"nkl_dj_shangbi1","rotateFrame":[{"duration":8,"tweenEasing":0,"rotate":24.64},{"duration":7,"tweenEasing":0,"rotate":25.24},{"duration":7,"tweenEasing":0,"rotate":24.64},{"duration":8,"tweenEasing":0,"rotate":25.24},{"duration":0,"rotate":24.64}]},{"name":"nkl_dj_xiaobi1","rotateFrame":[{"duration":8,"tweenEasing":0,"rotate":10.8},{"duration":7,"tweenEasing":0,"rotate":14.69},{"duration":7,"tweenEasing":0,"rotate":10.8},{"duration":8,"tweenEasing":0,"rotate":14.69},{"duration":0,"rotate":10.8}]},{"name":"nkl_dj_sahngbi2","translateFrame":[{"duration":30,"x":8.59,"y":-2.42}],"rotateFrame":[{"duration":5,"tweenEasing":0},{"duration":5,"tweenEasing":0,"rotate":41.52},{"duration":5,"tweenEasing":0,"rotate":56.19},{"duration":5,"tweenEasing":0},{"duration":5,"tweenEasing":0,"rotate":-33.3},{"duration":5,"tweenEasing":0,"rotate":-62.65},{"duration":0}]},{"name":"nkl_dj_xiaobi2","rotateFrame":[{"duration":5,"tweenEasing":0,"rotate":28.48},{"duration":5,"tweenEasing":0,"rotate":39.3},{"duration":5,"tweenEasing":0,"rotate":0.06},{"duration":5,"tweenEasing":0,"rotate":28.48},{"duration":5,"tweenEasing":0,"rotate":52.6},{"duration":5,"tweenEasing":0,"rotate":-3.34},{"duration":0,"rotate":28.48}]},{"name":"nkl_dj_shou2","rotateFrame":[{"duration":15,"rotate":-29.5},{"duration":10,"tweenEasing":0,"rotate":-29.5},{"duration":5,"tweenEasing":0,"rotate":-28.99},{"duration":0,"rotate":-29.5}]}],"slot":[{"name":"nkl_dj_shou2","displayFrame":[{"duration":30,"value":2}]}]},{"duration":30,"name":"0003_chongci","bone":[{"name":"bone","translateFrame":[{"duration":7,"tweenEasing":0,"x":7.14,"y":9.13},{"duration":8,"tweenEasing":0,"x":7.14,"y":3.65},{"duration":7,"tweenEasing":0,"x":7.14,"y":9.13},{"duration":8,"tweenEasing":0,"x":7.14,"y":3.65},{"duration":0,"x":7.14,"y":9.13}]},{"name":"tui1","translateFrame":[{"duration":5,"tweenEasing":0,"x":-2.65,"y":-22.7},{"duration":5,"tweenEasing":0,"x":30.05,"y":-14.23},{"duration":5,"tweenEasing":0,"x":65.98,"y":-1.76},{"duration":5,"tweenEasing":0,"x":18.74,"y":-2.14},{"duration":5,"tweenEasing":0,"x":-20.24,"y":-3.16},{"duration":5,"tweenEasing":0,"x":-20.69,"y":-34.41},{"duration":0,"x":-2.65,"y":-22.7}]},{"name":"nkl_dj_datui1","translateFrame":[{"duration":5,"tweenEasing":0,"x":-5.29,"y":-3.97},{"duration":5,"tweenEasing":0,"x":7.84,"y":0.69},{"duration":5,"tweenEasing":0,"x":4.91,"y":-0.75},{"duration":15,"x":-5.29,"y":-3.97}]},{"name":"jiao1","translateFrame":[{"duration":5,"tweenEasing":0,"x":-19.19,"y":-25.29},{"duration":5,"tweenEasing":0,"x":13.5,"y":-16.83},{"duration":5,"tweenEasing":0,"x":82.24,"y":-16.59},{"duration":5,"tweenEasing":0,"x":28.32,"y":-10.59},{"duration":5,"tweenEasing":0,"x":-14.38,"y":-10.25},{"duration":5,"tweenEasing":0,"x":-35.67,"y":-47.85},{"duration":0,"x":-19.19,"y":-25.29}]},{"name":"tui2","translateFrame":[{"duration":5,"tweenEasing":0,"x":-21.97,"y":2.4},{"duration":5,"tweenEasing":0,"x":-50.29,"y":2.4},{"duration":5,"tweenEasing":0,"x":-66.67,"y":-29.57},{"duration":5,"tweenEasing":0,"x":-32.77,"y":-13.63},{"duration":5,"tweenEasing":0,"x":-8.02,"y":-12.96},{"duration":5,"tweenEasing":0,"x":27.3,"y":2.89},{"duration":0,"x":-21.97,"y":2.4}],"scaleFrame":[{"duration":5,"tweenEasing":0},{"duration":20,"tweenEasing":0,"x":1.01},{"duration":5,"tweenEasing":0,"x":1.01},{"duration":0}]},{"name":"nkl_dj_datui2","translateFrame":[{"duration":5,"tweenEasing":0,"x":-6.61,"y":-3.97},{"duration":10,"tweenEasing":0,"x":-15.08,"y":-7.06},{"duration":15,"x":-6.61,"y":-3.97}]},{"name":"jiao2","translateFrame":[{"duration":5,"tweenEasing":0,"x":-22.87,"y":0.9},{"duration":5,"tweenEasing":0,"x":-51.19,"y":0.9},{"duration":5,"tweenEasing":0,"x":-93.7,"y":-31.85},{"duration":5,"tweenEasing":0,"x":-55.74,"y":-11.51},{"duration":5,"tweenEasing":0,"x":-31.33,"y":-10.49},{"duration":5,"tweenEasing":0,"x":33.44,"y":-8.23},{"duration":0,"x":-22.87,"y":0.9}],"scaleFrame":[{"duration":5,"tweenEasing":0},{"duration":20,"tweenEasing":0,"x":1.01},{"duration":5,"tweenEasing":0,"x":1.01},{"duration":0}]},{"name":"nkl_dj_shenti","rotateFrame":[{"duration":8,"tweenEasing":0,"rotate":18.92},{"duration":7,"tweenEasing":0,"rotate":16.25},{"duration":7,"tweenEasing":0,"rotate":18.92},{"duration":8,"tweenEasing":0,"rotate":16.25},{"duration":0,"rotate":18.92}]},{"name":"nkl_dj_tou","rotateFrame":[{"duration":8,"tweenEasing":0,"rotate":-23.66},{"duration":7,"tweenEasing":0,"rotate":-25.38},{"duration":7,"tweenEasing":0,"rotate":-23.66},{"duration":8,"tweenEasing":0,"rotate":-25.38},{"duration":0,"rotate":-23.66}]},{"name":"nkl_dj_shangbi1","rotateFrame":[{"duration":8,"tweenEasing":0,"rotate":24.64},{"duration":7,"tweenEasing":0,"rotate":25.24},{"duration":7,"tweenEasing":0,"rotate":24.64},{"duration":8,"tweenEasing":0,"rotate":25.24},{"duration":0,"rotate":24.64}]},{"name":"nkl_dj_xiaobi1","rotateFrame":[{"duration":8,"tweenEasing":0,"rotate":10.8},{"duration":7,"tweenEasing":0,"rotate":14.69},{"duration":7,"tweenEasing":0,"rotate":10.8},{"duration":8,"tweenEasing":0,"rotate":14.69},{"duration":0,"rotate":10.8}]},{"name":"nkl_dj_sahngbi2","translateFrame":[{"duration":30,"x":8.59,"y":-2.42}],"rotateFrame":[{"duration":5,"tweenEasing":0},{"duration":5,"tweenEasing":0,"rotate":41.52},{"duration":5,"tweenEasing":0,"rotate":56.19},{"duration":5,"tweenEasing":0},{"duration":5,"tweenEasing":0,"rotate":-33.3},{"duration":5,"tweenEasing":0,"rotate":-62.65},{"duration":0}]},{"name":"nkl_dj_xiaobi2","rotateFrame":[{"duration":5,"tweenEasing":0,"rotate":28.48},{"duration":5,"tweenEasing":0,"rotate":39.3},{"duration":5,"tweenEasing":0,"rotate":0.06},{"duration":5,"tweenEasing":0,"rotate":28.48},{"duration":5,"tweenEasing":0,"rotate":52.6},{"duration":5,"tweenEasing":0,"rotate":-3.34},{"duration":0,"rotate":28.48}]},{"name":"nkl_dj_shou2","rotateFrame":[{"duration":15,"rotate":-29.5},{"duration":10,"tweenEasing":0,"rotate":-29.5},{"duration":5,"tweenEasing":0,"rotate":-28.99},{"duration":0,"rotate":-29.5}]}],"slot":[{"name":"nkl_dj_shou2","displayFrame":[{"duration":30,"value":2}]}]},{"duration":0,"name":"0004_tiaoyue","bone":[{"name":"bone","translateFrame":[{"duration":0,"x":1.4,"y":-8.76}]},{"name":"tui1","translateFrame":[{"duration":0,"x":15.41,"y":-6.89}]},{"name":"jiao1","translateFrame":[{"duration":0,"x":10.74,"y":-9.69}]},{"name":"tui2","translateFrame":[{"duration":0,"x":-9.33,"y":-21.83}]},{"name":"jiao2","translateFrame":[{"duration":0,"x":-24.75,"y":-15.76}]},{"name":"nkl_dj_shenti","translateFrame":[{"duration":0,"x":6.07,"y":1.4}],"rotateFrame":[{"duration":0,"rotate":1.59}]},{"name":"nkl_dj_tou","rotateFrame":[{"duration":0,"rotate":0.68}]},{"name":"nkl_dj_shangbi1","rotateFrame":[{"duration":0,"rotate":41.02}]},{"name":"nkl_dj_xiaobi1","rotateFrame":[{"duration":0,"rotate":10.88}]},{"name":"nkl_dj_shou1","rotateFrame":[{"duration":0,"rotate":-13.81}]},{"name":"nkl_dj_bangqiu","rotateFrame":[{"duration":0,"rotate":44.48}]},{"name":"nkl_dj_sahngbi2","rotateFrame":[{"duration":0,"rotate":-55.08}]},{"name":"nkl_dj_xiaobi2","rotateFrame":[{"duration":0,"rotate":59.67}]},{"name":"nkl_dj_shou2","rotateFrame":[{"duration":0,"rotate":-18.18}]}]},{"duration":0,"name":"0005_tiaoyueshang","bone":[{"name":"bone","translateFrame":[{"duration":0,"x":1.4,"y":-8.76}]},{"name":"tui1","translateFrame":[{"duration":0,"x":15.41,"y":-6.89}]},{"name":"jiao1","translateFrame":[{"duration":0,"x":10.74,"y":-9.69}]},{"name":"tui2","translateFrame":[{"duration":0,"x":-9.33,"y":-21.83}]},{"name":"jiao2","translateFrame":[{"duration":0,"x":-24.75,"y":-15.76}]},{"name":"nkl_dj_shenti","translateFrame":[{"duration":0,"x":6.07,"y":1.4}],"rotateFrame":[{"duration":0,"rotate":1.59}]},{"name":"nkl_dj_tou","rotateFrame":[{"duration":0,"rotate":0.68}]},{"name":"nkl_dj_shangbi1","rotateFrame":[{"duration":0,"rotate":41.02}]},{"name":"nkl_dj_xiaobi1","rotateFrame":[{"duration":0,"rotate":10.88}]},{"name":"nkl_dj_shou1","rotateFrame":[{"duration":0,"rotate":-13.81}]},{"name":"nkl_dj_bangqiu","rotateFrame":[{"duration":0,"rotate":44.48}]},{"name":"nkl_dj_sahngbi2","rotateFrame":[{"duration":0,"rotate":-55.08}]},{"name":"nkl_dj_xiaobi2","rotateFrame":[{"duration":0,"rotate":59.67}]},{"name":"nkl_dj_shou2","rotateFrame":[{"duration":0,"rotate":-18.18}]}]},{"duration":0,"name":"0006_tiaoyuezhong","bone":[{"name":"bone","translateFrame":[{"duration":0,"x":1.4,"y":-8.76}]},{"name":"tui1","translateFrame":[{"duration":0,"x":15.41,"y":-6.89}]},{"name":"jiao1","translateFrame":[{"duration":0,"x":10.74,"y":-9.69}]},{"name":"tui2","translateFrame":[{"duration":0,"x":-9.33,"y":-21.83}]},{"name":"jiao2","translateFrame":[{"duration":0,"x":-24.75,"y":-15.76}]},{"name":"nkl_dj_shenti","translateFrame":[{"duration":0,"x":6.07,"y":1.4}],"rotateFrame":[{"duration":0,"rotate":1.59}]},{"name":"nkl_dj_tou","rotateFrame":[{"duration":0,"rotate":0.68}]},{"name":"nkl_dj_shangbi1","rotateFrame":[{"duration":0,"rotate":41.02}]},{"name":"nkl_dj_xiaobi1","rotateFrame":[{"duration":0,"rotate":10.88}]},{"name":"nkl_dj_shou1","rotateFrame":[{"duration":0,"rotate":-13.81}]},{"name":"nkl_dj_bangqiu","rotateFrame":[{"duration":0,"rotate":44.48}]},{"name":"nkl_dj_sahngbi2","rotateFrame":[{"duration":0,"rotate":-55.08}]},{"name":"nkl_dj_xiaobi2","rotateFrame":[{"duration":0,"rotate":59.67}]},{"name":"nkl_dj_shou2","rotateFrame":[{"duration":0,"rotate":-18.18}]}]},{"duration":0,"name":"0007_tiaoyuexia","bone":[{"name":"bone","translateFrame":[{"duration":0,"x":1.4,"y":-8.76}]},{"name":"tui1","translateFrame":[{"duration":0,"x":15.41,"y":-6.89}]},{"name":"jiao1","translateFrame":[{"duration":0,"x":10.74,"y":-9.69}]},{"name":"tui2","translateFrame":[{"duration":0,"x":-9.33,"y":-21.83}]},{"name":"jiao2","translateFrame":[{"duration":0,"x":-24.75,"y":-15.76}]},{"name":"nkl_dj_shenti","translateFrame":[{"duration":0,"x":6.07,"y":1.4}],"rotateFrame":[{"duration":0,"rotate":1.59}]},{"name":"nkl_dj_tou","rotateFrame":[{"duration":0,"rotate":0.68}]},{"name":"nkl_dj_shangbi1","rotateFrame":[{"duration":0,"rotate":41.02}]},{"name":"nkl_dj_xiaobi1","rotateFrame":[{"duration":0,"rotate":10.88}]},{"name":"nkl_dj_shou1","rotateFrame":[{"duration":0,"rotate":-13.81}]},{"name":"nkl_dj_bangqiu","rotateFrame":[{"duration":0,"rotate":44.48}]},{"name":"nkl_dj_sahngbi2","rotateFrame":[{"duration":0,"rotate":-55.08}]},{"name":"nkl_dj_xiaobi2","rotateFrame":[{"duration":0,"rotate":59.67}]},{"name":"nkl_dj_shou2","rotateFrame":[{"duration":0,"rotate":-18.18}]}]},{"duration":15,"name":"0008_shouji1","bone":[{"name":"bone","translateFrame":[{"duration":3,"curve":[0.25,0,0.75,1]},{"duration":12,"curve":[0.25,0,0.75,1],"x":1.53,"y":5.61},{"duration":0}]},{"name":"nkl_dj_shenti","rotateFrame":[{"duration":3,"curve":[0.25,0,0.75,1]},{"duration":12,"curve":[0.25,0,0.75,1],"rotate":19.3},{"duration":0}]},{"name":"nkl_dj_tou","rotateFrame":[{"duration":8,"curve":[0.25,0,0.75,1]},{"duration":7,"curve":[0.25,0,0.75,1],"rotate":9.59},{"duration":0}]},{"name":"nkl_dj_shangbi1","rotateFrame":[{"duration":5,"curve":[0.25,0,0.75,1]},{"duration":10,"curve":[0.25,0,0.75,1],"rotate":0.5},{"duration":0}]},{"name":"nkl_dj_xiaobi1","rotateFrame":[{"duration":8,"curve":[0.25,0,0.75,1]},{"duration":7,"curve":[0.25,0,0.75,1],"rotate":8.89},{"duration":0}]},{"name":"nkl_dj_sahngbi2","rotateFrame":[{"duration":5,"curve":[0.25,0,0.75,1]},{"duration":10,"curve":[0.25,0,0.75,1],"rotate":14.69},{"duration":0}]},{"name":"nkl_dj_xiaobi2","rotateFrame":[{"duration":8,"curve":[0.25,0,0.75,1]},{"duration":7,"curve":[0.25,0,0.75,1],"rotate":17.7},{"duration":0}]}],"slot":[{"name":"nkl_dj_yanjing","displayFrame":[{"duration":15}]}]},{"duration":15,"name":"0009_shouji2","bone":[{"name":"bone","translateFrame":[{"duration":3,"curve":[0.25,0,0.75,1]},{"duration":12,"curve":[0.25,0,0.75,1],"x":1.53,"y":5.61},{"duration":0}]},{"name":"nkl_dj_shenti","rotateFrame":[{"duration":3,"curve":[0.25,0,0.75,1]},{"duration":12,"curve":[0.25,0,0.75,1],"rotate":-12.28},{"duration":0}]},{"name":"nkl_dj_tou","rotateFrame":[{"duration":8,"curve":[0.25,0,0.75,1]},{"duration":7,"curve":[0.25,0,0.75,1],"rotate":-31.11},{"duration":0}]},{"name":"nkl_dj_shangbi1","rotateFrame":[{"duration":5,"curve":[0.25,0,0.75,1]},{"duration":10,"curve":[0.25,0,0.75,1],"rotate":0.5},{"duration":0}]},{"name":"nkl_dj_xiaobi1","rotateFrame":[{"duration":8,"curve":[0.25,0,0.75,1]},{"duration":7,"curve":[0.25,0,0.75,1],"rotate":8.89},{"duration":0}]},{"name":"nkl_dj_sahngbi2","rotateFrame":[{"duration":5,"curve":[0.25,0,0.75,1]},{"duration":10,"curve":[0.25,0,0.75,1],"rotate":14.69},{"duration":0}]},{"name":"nkl_dj_xiaobi2","rotateFrame":[{"duration":8,"curve":[0.25,0,0.75,1]},{"duration":7,"curve":[0.25,0,0.75,1],"rotate":17.7},{"duration":0}]}],"slot":[{"name":"nkl_dj_yanjing","displayFrame":[{"duration":15}]}]},{"duration":15,"name":"0010_fukongdaodi","bone":[{"name":"bone","translateFrame":[{"duration":6,"curve":[0.25,0,0.75,1]},{"duration":3,"curve":[0.25,0,0.75,1]},{"duration":3,"tweenEasing":0,"x":4.01,"y":60.2},{"duration":3,"tweenEasing":0,"x":4.01,"y":43},{"duration":0,"x":3.44,"y":67.08}],"rotateFrame":[{"duration":3,"curve":[0.25,0,0.75,1],"rotate":-20.69},{"duration":3,"curve":[0.25,0,0.75,1],"rotate":-59.28},{"duration":3,"curve":[0.25,0,0.75,1],"rotate":-81.38},{"duration":3,"tweenEasing":0,"rotate":-125.87},{"duration":3,"tweenEasing":0,"rotate":-125.87},{"duration":0,"rotate":-142.01}]},{"name":"nkl_dj_datui1","translateFrame":[{"duration":3,"curve":[0.25,0,0.75,1]},{"duration":6,"curve":[0.25,0,0.75,1],"x":-7.73,"y":-7.4},{"duration":3,"curve":[0.25,0,0.75,1],"x":-7.73,"y":-7.4},{"duration":3,"x":-4.61,"y":-5.85}],"rotateFrame":[{"duration":3,"curve":[0.25,0,0.75,1]},{"duration":3,"curve":[0.25,0,0.75,1]},{"duration":3,"rotate":-9.7},{"duration":3,"curve":[0.25,0,0.75,1],"rotate":-9.7},{"duration":3,"curve":[0.25,0,0.75,1],"rotate":28.33},{"duration":0,"rotate":34.58}]},{"name":"nkl_dj_xiaotui1","rotateFrame":[{"duration":3,"curve":[0.25,0,0.75,1]},{"duration":12,"rotate":24.53}]},{"name":"nkl_dj_datui2","translateFrame":[{"duration":3,"curve":[0.25,0,0.75,1]},{"duration":6,"curve":[0.25,0,0.75,1],"x":-9.93,"y":1.23},{"duration":3,"curve":[0.25,0,0.75,1],"x":-9.93,"y":1.23},{"duration":3,"x":-5.16,"y":5.39}],"rotateFrame":[{"duration":3,"curve":[0.25,0,0.75,1]},{"duration":3,"curve":[0.25,0,0.75,1]},{"duration":3,"rotate":7.46},{"duration":3,"curve":[0.25,0,0.75,1],"rotate":7.46},{"duration":3,"curve":[0.25,0,0.75,1],"rotate":53.22},{"duration":0,"rotate":74.09}]},{"name":"nkl_dj_xiaotui2","rotateFrame":[{"duration":3,"rotate":19.62},{"duration":3,"curve":[0.25,0,0.75,1],"rotate":19.62},{"duration":3,"rotate":-10.29},{"duration":3,"curve":[0.25,0,0.75,1],"rotate":-10.29},{"duration":3,"rotate":-0.46}]},{"name":"nkl_dj_jiao2","rotateFrame":[{"duration":3,"curve":[0.25,0,0.75,1],"rotate":18.07},{"duration":12,"rotate":29.13}]},{"name":"nkl_dj_shenti","rotateFrame":[{"duration":3,"curve":[0.25,0,0.75,1],"rotate":26.72},{"duration":3,"curve":[0.25,0,0.75,1],"rotate":37.07},{"duration":3,"rotate":35.76},{"duration":3,"curve":[0.25,0,0.75,1],"rotate":35.76},{"duration":3,"curve":[0.25,0,0.75,1],"rotate":22.69},{"duration":0,"rotate":49.09}]},{"name":"nkl_dj_tou","rotateFrame":[{"duration":3,"curve":[0.25,0,0.75,1],"rotate":5.18},{"duration":6,"rotate":9.52},{"duration":3,"curve":[0.25,0,0.75,1],"rotate":9.52},{"duration":3,"curve":[0.25,0,0.75,1],"rotate":-39.5},{"duration":0,"rotate":-9.64}]},{"name":"nkl_dj_shangbi1","rotateFrame":[{"duration":3,"curve":[0.25,0,0.75,1],"rotate":-3.03},{"duration":3,"curve":[0.25,0,0.75,1],"rotate":-43.42},{"duration":3,"rotate":-105.2},{"duration":3,"curve":[0.25,0,0.75,1],"rotate":-105.2},{"duration":3,"curve":[0.25,0,0.75,1],"rotate":8.7},{"duration":0,"rotate":-12.72}]},{"name":"nkl_dj_xiaobi1","rotateFrame":[{"duration":3,"curve":[0.25,0,0.75,1],"rotate":8.37},{"duration":9,"rotate":14.69},{"duration":3,"curve":[0.25,0,0.75,1],"rotate":14.69},{"duration":0,"rotate":20.86}]},{"name":"nkl_dj_shou1","rotateFrame":[{"duration":15,"rotate":21.46}]},{"name":"nkl_dj_bangqiu","rotateFrame":[{"duration":3,"curve":[0.25,0,0.75,1],"rotate":15.81},{"duration":9,"rotate":37.39},{"duration":3,"curve":[0.25,0,0.75,1],"rotate":37.39},{"duration":0,"rotate":64.43}]},{"name":"nkl_dj_sahngbi2","translateFrame":[{"duration":6,"curve":[0.25,0,0.75,1]},{"duration":3,"curve":[0.25,0,0.75,1]},{"duration":6,"x":0.89,"y":-11.44}],"rotateFrame":[{"duration":3,"curve":[0.25,0,0.75,1],"rotate":-5.71},{"duration":3,"curve":[0.25,0,0.75,1],"rotate":-44.14},{"duration":3,"curve":[0.25,0,0.75,1],"rotate":-64.65},{"duration":3,"tweenEasing":0,"rotate":-93.03},{"duration":3,"rotate":15.86}]},{"name":"nkl_dj_xiaobi2","rotateFrame":[{"duration":3,"curve":[0.25,0,0.75,1],"rotate":23.63},{"duration":3,"curve":[0.25,0,0.75,1],"rotate":53.77},{"duration":9,"rotate":36.12}]},{"name":"nkl_dj_shou2","rotateFrame":[{"duration":3,"curve":[0.25,0,0.75,1]},{"duration":12,"rotate":-20.66}]},{"name":"wj_047_nakulu_pz","translateFrame":[{"duration":3},{"duration":3,"tweenEasing":0},{"duration":3,"tweenEasing":0,"x":2.05,"y":-23.97},{"duration":3,"tweenEasing":0,"x":-6.16,"y":11.64},{"duration":3,"x":-6.16,"y":19.86}],"scaleFrame":[{"duration":3},{"duration":3,"tweenEasing":0},{"duration":3,"tweenEasing":0,"x":1.77,"y":0.76},{"duration":3,"tweenEasing":0,"x":2,"y":0.5},{"duration":3,"x":2.14,"y":0.37}]}],"slot":[{"name":"nkl_dj_shou2","displayFrame":[{"duration":6},{"duration":9,"value":2}]},{"name":"nkl_dj_yanjing","displayFrame":[{"duration":15}]}],"ik":[{"name":"tui1","frame":[{"duration":15,"weight":0}]},{"name":"tui2","frame":[{"duration":15,"weight":0}]},{"name":"jiao1","frame":[{"duration":15,"bendPositive":false,"weight":0}]},{"name":"jiao2","frame":[{"duration":15,"bendPositive":false,"weight":0}]}]},{"duration":3,"name":"0011_jifeishangsheng","bone":[{"name":"bone","rotateFrame":[{"duration":3,"curve":[0.25,0,0.75,1],"rotate":-20.69},{"duration":0,"rotate":-59.28}]},{"name":"nkl_dj_datui1","translateFrame":[{"duration":3,"curve":[0.25,0,0.75,1]},{"duration":0,"x":-7.73,"y":-7.4}]},{"name":"nkl_dj_xiaotui1","rotateFrame":[{"duration":3,"curve":[0.25,0,0.75,1]},{"duration":0,"rotate":24.53}]},{"name":"nkl_dj_datui2","translateFrame":[{"duration":3,"curve":[0.25,0,0.75,1]},{"duration":0,"x":-9.93,"y":1.23}]},{"name":"nkl_dj_xiaotui2","rotateFrame":[{"duration":3,"rotate":19.62}]},{"name":"nkl_dj_jiao2","rotateFrame":[{"duration":3,"curve":[0.25,0,0.75,1],"rotate":18.07},{"duration":0,"rotate":29.13}]},{"name":"nkl_dj_shenti","rotateFrame":[{"duration":3,"curve":[0.25,0,0.75,1],"rotate":26.72},{"duration":0,"rotate":37.07}]},{"name":"nkl_dj_tou","rotateFrame":[{"duration":3,"curve":[0.25,0,0.75,1],"rotate":5.18},{"duration":0,"rotate":9.52}]},{"name":"nkl_dj_shangbi1","rotateFrame":[{"duration":3,"curve":[0.25,0,0.75,1],"rotate":-3.03},{"duration":0,"rotate":-43.42}]},{"name":"nkl_dj_xiaobi1","rotateFrame":[{"duration":3,"curve":[0.25,0,0.75,1],"rotate":8.37},{"duration":0,"rotate":14.69}]},{"name":"nkl_dj_shou1","rotateFrame":[{"duration":3,"rotate":21.46}]},{"name":"nkl_dj_bangqiu","rotateFrame":[{"duration":3,"curve":[0.25,0,0.75,1],"rotate":15.81},{"duration":0,"rotate":37.39}]},{"name":"nkl_dj_sahngbi2","rotateFrame":[{"duration":3,"curve":[0.25,0,0.75,1],"rotate":-5.71},{"duration":0,"rotate":-44.14}]},{"name":"nkl_dj_xiaobi2","rotateFrame":[{"duration":3,"curve":[0.25,0,0.75,1],"rotate":23.63},{"duration":0,"rotate":53.77}]},{"name":"nkl_dj_shou2","rotateFrame":[{"duration":3,"curve":[0.25,0,0.75,1]},{"duration":0,"rotate":-20.66}]}],"slot":[{"name":"nkl_dj_yanjing","displayFrame":[{"duration":3}]}],"ik":[{"name":"tui1","frame":[{"duration":3,"weight":0}]},{"name":"tui2","frame":[{"duration":3,"weight":0}]},{"name":"jiao1","frame":[{"duration":3,"bendPositive":false,"weight":0}]},{"name":"jiao2","frame":[{"duration":3,"bendPositive":false,"weight":0}]}]},{"duration":0,"name":"0012_jifexialuo","bone":[{"name":"bone","translateFrame":[{"duration":0,"y":35.9}],"rotateFrame":[{"duration":0,"rotate":-81.38}]},{"name":"nkl_dj_datui1","translateFrame":[{"duration":0,"x":-7.73,"y":-7.4}],"rotateFrame":[{"duration":0,"rotate":-9.7}]},{"name":"nkl_dj_xiaotui1","rotateFrame":[{"duration":0,"rotate":24.53}]},{"name":"nkl_dj_datui2","translateFrame":[{"duration":0,"x":-9.93,"y":1.23}],"rotateFrame":[{"duration":0,"rotate":7.46}]},{"name":"nkl_dj_xiaotui2","rotateFrame":[{"duration":0,"rotate":-10.29}]},{"name":"nkl_dj_jiao2","rotateFrame":[{"duration":0,"rotate":29.13}]},{"name":"nkl_dj_shenti","rotateFrame":[{"duration":0,"rotate":35.76}]},{"name":"nkl_dj_tou","rotateFrame":[{"duration":0,"rotate":9.52}]},{"name":"nkl_dj_shangbi1","rotateFrame":[{"duration":0,"rotate":-105.2}]},{"name":"nkl_dj_xiaobi1","rotateFrame":[{"duration":0,"rotate":14.69}]},{"name":"nkl_dj_shou1","rotateFrame":[{"duration":0,"rotate":21.46}]},{"name":"nkl_dj_bangqiu","rotateFrame":[{"duration":0,"rotate":37.39}]},{"name":"nkl_dj_sahngbi2","rotateFrame":[{"duration":0,"rotate":-64.65}]},{"name":"nkl_dj_xiaobi2","rotateFrame":[{"duration":0,"rotate":36.12}]},{"name":"nkl_dj_shou2","rotateFrame":[{"duration":0,"rotate":-20.66}]},{"name":"wj_047_nakulu_pz","translateFrame":[{"duration":0,"x":2.05,"y":7.03}],"scaleFrame":[{"duration":0,"x":1.77,"y":0.76}]}],"slot":[{"name":"nkl_dj_shou2","displayFrame":[{"duration":0,"value":2}]},{"name":"nkl_dj_yanjing","displayFrame":[{"duration":0}]}],"ik":[{"name":"tui1","frame":[{"duration":0,"weight":0}]},{"name":"tui2","frame":[{"duration":0,"weight":0}]},{"name":"jiao1","frame":[{"duration":0,"bendPositive":false,"weight":0}]},{"name":"jiao2","frame":[{"duration":0,"bendPositive":false,"weight":0}]}]},{"duration":9,"name":"0013_daodi","bone":[{"name":"bone","translateFrame":[{"duration":3,"curve":[0.25,0,0.75,1],"y":35.9},{"duration":3,"tweenEasing":0,"x":4.01,"y":60.2},{"duration":3,"tweenEasing":0,"x":4.01,"y":43},{"duration":0,"x":3.44,"y":67.08}],"rotateFrame":[{"duration":3,"curve":[0.25,0,0.75,1],"rotate":-81.38},{"duration":3,"tweenEasing":0,"rotate":-125.87},{"duration":3,"tweenEasing":0,"rotate":-125.87},{"duration":0,"rotate":-142.01}]},{"name":"nkl_dj_datui1","translateFrame":[{"duration":3,"x":-7.73,"y":-7.4},{"duration":3,"curve":[0.25,0,0.75,1],"x":-7.73,"y":-7.4},{"duration":3,"x":-4.61,"y":-5.85}],"rotateFrame":[{"duration":3,"rotate":-9.7},{"duration":3,"curve":[0.25,0,0.75,1],"rotate":-9.7},{"duration":3,"curve":[0.25,0,0.75,1],"rotate":28.33},{"duration":0,"rotate":34.58}]},{"name":"nkl_dj_xiaotui1","rotateFrame":[{"duration":9,"rotate":24.53}]},{"name":"nkl_dj_datui2","translateFrame":[{"duration":3,"x":-9.93,"y":1.23},{"duration":3,"curve":[0.25,0,0.75,1],"x":-9.93,"y":1.23},{"duration":3,"x":-5.16,"y":5.39}],"rotateFrame":[{"duration":3,"rotate":7.46},{"duration":3,"curve":[0.25,0,0.75,1],"rotate":7.46},{"duration":3,"curve":[0.25,0,0.75,1],"rotate":53.22},{"duration":0,"rotate":74.09}]},{"name":"nkl_dj_xiaotui2","rotateFrame":[{"duration":3,"rotate":-10.29},{"duration":3,"curve":[0.25,0,0.75,1],"rotate":-10.29},{"duration":3,"rotate":-0.46}]},{"name":"nkl_dj_jiao2","rotateFrame":[{"duration":9,"rotate":29.13}]},{"name":"nkl_dj_shenti","rotateFrame":[{"duration":3,"rotate":35.76},{"duration":3,"curve":[0.25,0,0.75,1],"rotate":35.76},{"duration":3,"curve":[0.25,0,0.75,1],"rotate":22.69},{"duration":0,"rotate":49.09}]},{"name":"nkl_dj_tou","rotateFrame":[{"duration":3,"rotate":9.52},{"duration":3,"curve":[0.25,0,0.75,1],"rotate":9.52},{"duration":3,"curve":[0.25,0,0.75,1],"rotate":-39.5},{"duration":0,"rotate":-9.64}]},{"name":"nkl_dj_shangbi1","rotateFrame":[{"duration":3,"rotate":-105.2},{"duration":3,"curve":[0.25,0,0.75,1],"rotate":-105.2},{"duration":3,"curve":[0.25,0,0.75,1],"rotate":8.7},{"duration":0,"rotate":-12.72}]},{"name":"nkl_dj_xiaobi1","rotateFrame":[{"duration":6,"rotate":14.69},{"duration":3,"curve":[0.25,0,0.75,1],"rotate":14.69},{"duration":0,"rotate":20.86}]},{"name":"nkl_dj_shou1","rotateFrame":[{"duration":9,"rotate":21.46}]},{"name":"nkl_dj_bangqiu","rotateFrame":[{"duration":6,"rotate":37.39},{"duration":3,"curve":[0.25,0,0.75,1],"rotate":37.39},{"duration":0,"rotate":64.43}]},{"name":"nkl_dj_sahngbi2","translateFrame":[{"duration":3,"curve":[0.25,0,0.75,1]},{"duration":6,"x":0.89,"y":-11.44}],"rotateFrame":[{"duration":3,"curve":[0.25,0,0.75,1],"rotate":-64.65},{"duration":3,"tweenEasing":0,"rotate":-93.03},{"duration":3,"rotate":15.86}]},{"name":"nkl_dj_xiaobi2","rotateFrame":[{"duration":9,"rotate":36.12}]},{"name":"nkl_dj_shou2","rotateFrame":[{"duration":9,"rotate":-20.66}]},{"name":"wj_047_nakulu_pz","translateFrame":[{"duration":3,"tweenEasing":0,"x":2.05,"y":7.03},{"duration":3,"tweenEasing":0,"x":-6.16,"y":11.64},{"duration":3,"x":-6.16,"y":19.86}],"scaleFrame":[{"duration":3,"tweenEasing":0,"x":1.77,"y":0.76},{"duration":3,"tweenEasing":0,"x":2,"y":0.5},{"duration":3,"x":2.14,"y":0.37}]}],"slot":[{"name":"nkl_dj_shou2","displayFrame":[{"duration":9,"value":2}]},{"name":"nkl_dj_yanjing","displayFrame":[{"duration":9}]}],"ik":[{"name":"tui1","frame":[{"duration":9,"weight":0}]},{"name":"tui2","frame":[{"duration":9,"weight":0}]},{"name":"jiao1","frame":[{"duration":9,"bendPositive":false,"weight":0}]},{"name":"jiao2","frame":[{"duration":9,"bendPositive":false,"weight":0}]}]},{"duration":0,"name":"0014_siwang","bone":[{"name":"bone","translateFrame":[{"duration":0,"x":3.44,"y":67.08}],"rotateFrame":[{"duration":0,"rotate":-142.01}]},{"name":"nkl_dj_datui1","translateFrame":[{"duration":0,"x":-4.61,"y":-5.85}],"rotateFrame":[{"duration":0,"rotate":34.58}]},{"name":"nkl_dj_xiaotui1","rotateFrame":[{"duration":0,"rotate":24.53}]},{"name":"nkl_dj_datui2","translateFrame":[{"duration":0,"x":-5.16,"y":5.39}],"rotateFrame":[{"duration":0,"rotate":74.09}]},{"name":"nkl_dj_xiaotui2","rotateFrame":[{"duration":0,"rotate":-0.46}]},{"name":"nkl_dj_jiao2","rotateFrame":[{"duration":0,"rotate":29.13}]},{"name":"nkl_dj_shenti","rotateFrame":[{"duration":0,"rotate":49.09}]},{"name":"nkl_dj_tou","rotateFrame":[{"duration":0,"rotate":-9.64}]},{"name":"nkl_dj_shangbi1","rotateFrame":[{"duration":0,"rotate":-12.72}]},{"name":"nkl_dj_xiaobi1","rotateFrame":[{"duration":0,"rotate":20.86}]},{"name":"nkl_dj_shou1","rotateFrame":[{"duration":0,"rotate":21.46}]},{"name":"nkl_dj_bangqiu","rotateFrame":[{"duration":0,"rotate":64.43}]},{"name":"nkl_dj_sahngbi2","translateFrame":[{"duration":0,"x":0.89,"y":-11.44}],"rotateFrame":[{"duration":0,"rotate":15.86}]},{"name":"nkl_dj_xiaobi2","rotateFrame":[{"duration":0,"rotate":36.12}]},{"name":"nkl_dj_shou2","rotateFrame":[{"duration":0,"rotate":-20.66}]},{"name":"wj_047_nakulu_pz","translateFrame":[{"duration":0,"x":-6.16,"y":19.86}],"scaleFrame":[{"duration":0,"x":2.14,"y":0.37}]}],"slot":[{"name":"nkl_dj_shou2","displayFrame":[{"duration":0,"value":2}]},{"name":"nkl_dj_yanjing","displayFrame":[{"duration":0}]}],"ik":[{"name":"tui1","frame":[{"duration":0,"weight":0}]},{"name":"tui2","frame":[{"duration":0,"weight":0}]},{"name":"jiao1","frame":[{"duration":0,"bendPositive":false,"weight":0}]},{"name":"jiao2","frame":[{"duration":0,"bendPositive":false,"weight":0}]}]},{"duration":5,"name":"0015_daodiqishen","bone":[{"name":"bone","translateFrame":[{"duration":5,"tweenEasing":0,"x":3.44,"y":67.08},{"duration":0,"x":-25.69,"y":71.05}],"rotateFrame":[{"duration":5,"tweenEasing":0,"rotate":-142.01},{"duration":0,"rotate":-148.98}]},{"name":"nkl_dj_datui1","translateFrame":[{"duration":5,"curve":[0.25,0,0.75,1],"x":-4.61,"y":-5.85},{"duration":0,"x":13.56,"y":-15.56}],"rotateFrame":[{"duration":5,"curve":[0.25,0,0.75,1],"rotate":34.58},{"duration":0,"rotate":48.65}]},{"name":"nkl_dj_xiaotui1","rotateFrame":[{"duration":5,"curve":[0.25,0,0.75,1],"rotate":24.53},{"duration":0,"rotate":2.19}]},{"name":"nkl_dj_datui2","translateFrame":[{"duration":5,"curve":[0.25,0,0.75,1],"x":-5.16,"y":5.39},{"duration":0,"x":0.08,"y":-6.53}],"rotateFrame":[{"duration":5,"curve":[0.25,0,0.75,1],"rotate":74.09},{"duration":0,"rotate":64.81}]},{"name":"nkl_dj_xiaotui2","rotateFrame":[{"duration":5,"curve":[0.25,0,0.75,1],"rotate":-0.46},{"duration":0,"rotate":15.32}]},{"name":"nkl_dj_jiao2","rotateFrame":[{"duration":5,"rotate":29.13}]},{"name":"nkl_dj_shenti","translateFrame":[{"duration":5,"curve":[0.25,0,0.75,1]},{"duration":0,"x":8.07,"y":11.05}],"rotateFrame":[{"duration":5,"curve":[0.25,0,0.75,1],"rotate":49.09},{"duration":0,"rotate":152.48}]},{"name":"nkl_dj_tou","rotateFrame":[{"duration":5,"curve":[0.25,0,0.75,1],"rotate":-9.64},{"duration":0,"rotate":7.02}]},{"name":"nkl_dj_shangbi1","rotateFrame":[{"duration":5,"rotate":-12.72}]},{"name":"nkl_dj_xiaobi1","rotateFrame":[{"duration":5,"rotate":20.86}]},{"name":"nkl_dj_shou1","rotateFrame":[{"duration":5,"rotate":21.46}]},{"name":"nkl_dj_bangqiu","rotateFrame":[{"duration":5,"curve":[0.25,0,0.75,1],"rotate":64.43},{"duration":0,"rotate":-12.76}]},{"name":"nkl_dj_sahngbi2","translateFrame":[{"duration":5,"x":0.89,"y":-11.44}],"rotateFrame":[{"duration":5,"tweenEasing":0,"rotate":15.86},{"duration":0,"rotate":-36.66}]},{"name":"nkl_dj_xiaobi2","rotateFrame":[{"duration":5,"curve":[0.25,0,0.75,1],"rotate":36.12},{"duration":0,"rotate":41.58}]},{"name":"nkl_dj_shou2","rotateFrame":[{"duration":5,"rotate":-20.66}]},{"name":"wj_047_nakulu_pz","translateFrame":[{"duration":5,"tweenEasing":0,"x":-6.16,"y":19.86},{"duration":0,"x":1.33,"y":8.38}],"scaleFrame":[{"duration":5,"tweenEasing":0,"x":2.14,"y":0.37},{"duration":0,"x":1.21,"y":0.68}]}],"slot":[{"name":"nkl_dj_shou2","displayFrame":[{"duration":5,"value":2}]},{"name":"nkl_dj_yanjing","displayFrame":[{"duration":5},{"duration":0,"value":-1}]}],"ik":[{"name":"tui1","frame":[{"duration":5,"weight":0}]},{"name":"tui2","frame":[{"duration":5,"weight":0}]},{"name":"jiao1","frame":[{"duration":5,"bendPositive":false,"weight":0}]},{"name":"jiao2","frame":[{"duration":5,"bendPositive":false,"weight":0}]}]},{"duration":80,"name":"0016_xuruo","bone":[{"name":"bone","translateFrame":[{"duration":17,"curve":[0.25,0,0.75,1]},{"duration":23,"curve":[0.25,0,0.75,1],"x":-0.35,"y":1.6},{"duration":17,"curve":[0.25,0,0.75,1]},{"duration":23,"curve":[0.25,0,0.75,1],"x":-0.35,"y":1.6},{"duration":0}]},{"name":"nkl_dj_shenti","rotateFrame":[{"duration":20,"curve":[0.25,0,0.75,1]},{"duration":20,"curve":[0.25,0,0.75,1],"rotate":1.39},{"duration":20,"curve":[0.25,0,0.75,1]},{"duration":20,"curve":[0.25,0,0.75,1],"rotate":1.39},{"duration":0}]},{"name":"nkl_dj_tou","rotateFrame":[{"duration":23,"curve":[0.25,0,0.75,1]},{"duration":17,"curve":[0.25,0,0.75,1],"rotate":1.88},{"duration":23,"curve":[0.25,0,0.75,1]},{"duration":17,"curve":[0.25,0,0.75,1],"rotate":1.88},{"duration":0}]},{"name":"nkl_dj_shangbi1","translateFrame":[{"duration":20,"curve":[0.25,0,0.75,1]},{"duration":20,"curve":[0.25,0,0.75,1],"x":-0.46},{"duration":20,"curve":[0.25,0,0.75,1]},{"duration":20,"curve":[0.25,0,0.75,1],"x":-0.46},{"duration":0}],"rotateFrame":[{"duration":20,"curve":[0.25,0,0.75,1]},{"duration":20,"curve":[0.25,0,0.75,1],"rotate":7.7},{"duration":20,"curve":[0.25,0,0.75,1]},{"duration":20,"curve":[0.25,0,0.75,1],"rotate":7.7},{"duration":0}]},{"name":"nkl_dj_xiaobi1","rotateFrame":[{"duration":23,"curve":[0.25,0,0.75,1]},{"duration":17,"curve":[0.25,0,0.75,1],"rotate":-14.47},{"duration":23,"curve":[0.25,0,0.75,1]},{"duration":17,"curve":[0.25,0,0.75,1],"rotate":-14.47},{"duration":0}]},{"name":"nkl_dj_bangqiu","rotateFrame":[{"duration":20,"curve":[0.246,0,0.633,0.54]},{"duration":20,"curve":[0.38,0.53,0.744,1],"rotate":-7.2},{"duration":20,"curve":[0.246,0,0.633,0.54]},{"duration":20,"curve":[0.38,0.53,0.744,1],"rotate":-7.2},{"duration":0}]},{"name":"nkl_dj_sahngbi2","translateFrame":[{"duration":20,"curve":[0.25,0,0.75,1]},{"duration":20,"curve":[0.25,0,0.75,1],"x":-0.93},{"duration":20,"curve":[0.25,0,0.75,1]},{"duration":20,"curve":[0.25,0,0.75,1],"x":-0.93},{"duration":0}],"rotateFrame":[{"duration":20,"curve":[0.25,0,0.75,1]},{"duration":20,"curve":[0.25,0,0.75,1],"rotate":1.76},{"duration":20,"curve":[0.25,0,0.75,1]},{"duration":20,"curve":[0.25,0,0.75,1],"rotate":1.76},{"duration":0}]},{"name":"nkl_dj_xiaobi2","rotateFrame":[{"duration":23,"curve":[0.25,0,0.75,1]},{"duration":17,"curve":[0.25,0,0.75,1],"rotate":-1.89},{"duration":23,"curve":[0.25,0,0.75,1]},{"duration":17,"curve":[0.25,0,0.75,1],"rotate":-1.89},{"duration":0}]},{"name":"nkl_dj_shou2","rotateFrame":[{"duration":23,"curve":[0.25,0,0.75,1]},{"duration":17,"curve":[0.25,0,0.75,1],"rotate":13.02},{"duration":23,"curve":[0.25,0,0.75,1]},{"duration":17,"curve":[0.25,0,0.75,1],"rotate":13.02},{"duration":0}]}],"slot":[{"name":"nkl_dj_yanjing","displayFrame":[{"duration":43,"value":-1},{"duration":4},{"duration":33,"value":-1}]}]},{"duration":80,"name":"0017_shengli","bone":[{"name":"bone","translateFrame":[{"duration":17,"curve":[0.25,0,0.75,1]},{"duration":23,"curve":[0.25,0,0.75,1],"x":-0.35,"y":1.6},{"duration":17,"curve":[0.25,0,0.75,1]},{"duration":23,"curve":[0.25,0,0.75,1],"x":-0.35,"y":1.6},{"duration":0}]},{"name":"nkl_dj_shenti","rotateFrame":[{"duration":20,"curve":[0.25,0,0.75,1]},{"duration":20,"curve":[0.25,0,0.75,1],"rotate":1.39},{"duration":20,"curve":[0.25,0,0.75,1]},{"duration":20,"curve":[0.25,0,0.75,1],"rotate":1.39},{"duration":0}]},{"name":"nkl_dj_tou","rotateFrame":[{"duration":23,"curve":[0.25,0,0.75,1]},{"duration":17,"curve":[0.25,0,0.75,1],"rotate":1.88},{"duration":23,"curve":[0.25,0,0.75,1]},{"duration":17,"curve":[0.25,0,0.75,1],"rotate":1.88},{"duration":0}]},{"name":"nkl_dj_shangbi1","translateFrame":[{"duration":20,"curve":[0.25,0,0.75,1]},{"duration":20,"curve":[0.25,0,0.75,1],"x":-0.46},{"duration":20,"curve":[0.25,0,0.75,1]},{"duration":20,"curve":[0.25,0,0.75,1],"x":-0.46},{"duration":0}],"rotateFrame":[{"duration":20,"curve":[0.25,0,0.75,1]},{"duration":20,"curve":[0.25,0,0.75,1],"rotate":7.7},{"duration":20,"curve":[0.25,0,0.75,1]},{"duration":20,"curve":[0.25,0,0.75,1],"rotate":7.7},{"duration":0}]},{"name":"nkl_dj_xiaobi1","rotateFrame":[{"duration":23,"curve":[0.25,0,0.75,1]},{"duration":17,"curve":[0.25,0,0.75,1],"rotate":-14.47},{"duration":23,"curve":[0.25,0,0.75,1]},{"duration":17,"curve":[0.25,0,0.75,1],"rotate":-14.47},{"duration":0}]},{"name":"nkl_dj_bangqiu","rotateFrame":[{"duration":20,"curve":[0.246,0,0.633,0.54]},{"duration":20,"curve":[0.38,0.53,0.744,1],"rotate":-7.2},{"duration":20,"curve":[0.246,0,0.633,0.54]},{"duration":20,"curve":[0.38,0.53,0.744,1],"rotate":-7.2},{"duration":0}]},{"name":"nkl_dj_sahngbi2","translateFrame":[{"duration":20,"curve":[0.25,0,0.75,1]},{"duration":20,"curve":[0.25,0,0.75,1],"x":-0.93},{"duration":20,"curve":[0.25,0,0.75,1]},{"duration":20,"curve":[0.25,0,0.75,1],"x":-0.93},{"duration":0}],"rotateFrame":[{"duration":20,"curve":[0.25,0,0.75,1]},{"duration":20,"curve":[0.25,0,0.75,1],"rotate":1.76},{"duration":20,"curve":[0.25,0,0.75,1]},{"duration":20,"curve":[0.25,0,0.75,1],"rotate":1.76},{"duration":0}]},{"name":"nkl_dj_xiaobi2","rotateFrame":[{"duration":23,"curve":[0.25,0,0.75,1]},{"duration":17,"curve":[0.25,0,0.75,1],"rotate":-1.89},{"duration":23,"curve":[0.25,0,0.75,1]},{"duration":17,"curve":[0.25,0,0.75,1],"rotate":-1.89},{"duration":0}]},{"name":"nkl_dj_shou2","rotateFrame":[{"duration":23,"curve":[0.25,0,0.75,1]},{"duration":17,"curve":[0.25,0,0.75,1],"rotate":13.02},{"duration":23,"curve":[0.25,0,0.75,1]},{"duration":17,"curve":[0.25,0,0.75,1],"rotate":13.02},{"duration":0}]}],"slot":[{"name":"nkl_dj_yanjing","displayFrame":[{"duration":43,"value":-1},{"duration":4},{"duration":33,"value":-1}]}]},{"duration":0,"name":"0018_dingshen","bone":[{"name":"bone","translateFrame":[{"duration":0,"x":1.53,"y":5.61}]},{"name":"nkl_dj_shenti","rotateFrame":[{"duration":0,"rotate":19.3}]},{"name":"nkl_dj_tou","rotateFrame":[{"duration":0,"rotate":9.59}]},{"name":"nkl_dj_shangbi1","rotateFrame":[{"duration":0,"rotate":0.5}]},{"name":"nkl_dj_xiaobi1","rotateFrame":[{"duration":0,"rotate":8.89}]},{"name":"nkl_dj_sahngbi2","rotateFrame":[{"duration":0,"rotate":14.69}]},{"name":"nkl_dj_xiaobi2","rotateFrame":[{"duration":0,"rotate":17.7}]}],"slot":[{"name":"nkl_dj_yanjing","displayFrame":[{"duration":0}]}]},{"duration":0,"name":"0019_gengdang","bone":[{"name":"bone","translateFrame":[{"duration":0,"x":-3.39,"y":5.52}]},{"name":"nkl_dj_shangbi1","rotateFrame":[{"duration":0,"rotate":-54.84}]},{"name":"nkl_dj_xiaobi1","rotateFrame":[{"duration":0,"rotate":-1.56}]},{"name":"nkl_dj_sahngbi2","rotateFrame":[{"duration":0,"rotate":-101.92}]},{"name":"nkl_dj_xiaobi2","rotateFrame":[{"duration":0,"rotate":-0.34}]},{"name":"nkl_dj_shou2","rotateFrame":[{"duration":0,"rotate":-12.22}]}]},{"duration":0,"name":"0020_wu","bone":[{"name":"bone","translateFrame":[{"duration":0,"x":-3.39,"y":5.52}]},{"name":"nkl_dj_shangbi1","rotateFrame":[{"duration":0,"rotate":-54.84}]},{"name":"nkl_dj_xiaobi1","rotateFrame":[{"duration":0,"rotate":-1.56}]},{"name":"nkl_dj_sahngbi2","rotateFrame":[{"duration":0,"rotate":-101.92}]},{"name":"nkl_dj_xiaobi2","rotateFrame":[{"duration":0,"rotate":-0.34}]},{"name":"nkl_dj_shou2","rotateFrame":[{"duration":0,"rotate":-12.22}]}]},{"duration":0,"name":"0021_wu","bone":[{"name":"bone","translateFrame":[{"duration":0,"x":-3.39,"y":5.52}]},{"name":"nkl_dj_shangbi1","rotateFrame":[{"duration":0,"rotate":-54.84}]},{"name":"nkl_dj_xiaobi1","rotateFrame":[{"duration":0,"rotate":-1.56}]},{"name":"nkl_dj_sahngbi2","rotateFrame":[{"duration":0,"rotate":-101.92}]},{"name":"nkl_dj_xiaobi2","rotateFrame":[{"duration":0,"rotate":-0.34}]},{"name":"nkl_dj_shou2","rotateFrame":[{"duration":0,"rotate":-12.22}]}]},{"duration":0,"name":"0022_wu","bone":[{"name":"bone","translateFrame":[{"duration":0,"x":-3.39,"y":5.52}]},{"name":"nkl_dj_shangbi1","rotateFrame":[{"duration":0,"rotate":-54.84}]},{"name":"nkl_dj_xiaobi1","rotateFrame":[{"duration":0,"rotate":-1.56}]},{"name":"nkl_dj_sahngbi2","rotateFrame":[{"duration":0,"rotate":-101.92}]},{"name":"nkl_dj_xiaobi2","rotateFrame":[{"duration":0,"rotate":-0.34}]},{"name":"nkl_dj_shou2","rotateFrame":[{"duration":0,"rotate":-12.22}]}]},{"duration":0,"name":"0023_wu","bone":[{"name":"bone","translateFrame":[{"duration":0,"x":-3.39,"y":5.52}]},{"name":"nkl_dj_shangbi1","rotateFrame":[{"duration":0,"rotate":-54.84}]},{"name":"nkl_dj_xiaobi1","rotateFrame":[{"duration":0,"rotate":-1.56}]},{"name":"nkl_dj_sahngbi2","rotateFrame":[{"duration":0,"rotate":-101.92}]},{"name":"nkl_dj_xiaobi2","rotateFrame":[{"duration":0,"rotate":-0.34}]},{"name":"nkl_dj_shou2","rotateFrame":[{"duration":0,"rotate":-12.22}]}]},{"duration":0,"name":"0024_wu","bone":[{"name":"bone","translateFrame":[{"duration":0,"x":-3.39,"y":5.52}]},{"name":"nkl_dj_shangbi1","rotateFrame":[{"duration":0,"rotate":-54.84}]},{"name":"nkl_dj_xiaobi1","rotateFrame":[{"duration":0,"rotate":-1.56}]},{"name":"nkl_dj_sahngbi2","rotateFrame":[{"duration":0,"rotate":-101.92}]},{"name":"nkl_dj_xiaobi2","rotateFrame":[{"duration":0,"rotate":-0.34}]},{"name":"nkl_dj_shou2","rotateFrame":[{"duration":0,"rotate":-12.22}]}]},{"duration":45,"name":"0025_gongji1","bone":[{"name":"root","translateFrame":[{"duration":20,"curve":[0,0.85,0.75,1]},{"duration":5,"curve":[0.735,0,1,0.3],"x":-11.66},{"duration":20}]},{"name":"bone","translateFrame":[{"duration":20,"curve":[0,0.85,0.75,1]},{"duration":5,"curve":[0.735,0,1,0.3],"x":-4.29,"y":8.59},{"duration":10,"curve":[0,0.81,0.75,1],"y":14.29},{"duration":10,"curve":[0,0.81,0.75,1],"x":7.43,"y":18.87},{"duration":0}]},{"name":"tui1","translateFrame":[{"duration":20,"curve":[0,0.85,0.75,1]},{"duration":5,"curve":[0.735,0,1,0.3],"x":-15.34},{"duration":10,"x":-17.15},{"duration":10,"curve":[0,0.81,0.75,1],"x":-17.15},{"duration":0}]},{"name":"jiao1","translateFrame":[{"duration":20,"curve":[0,0.85,0.75,1]},{"duration":5,"curve":[0.735,0,1,0.3],"x":-15.34},{"duration":10,"x":-17.15},{"duration":10,"curve":[0,0.81,0.75,1],"x":-17.15},{"duration":0}]},{"name":"tui2","translateFrame":[{"duration":20,"curve":[0,0.85,0.75,1]},{"duration":5,"curve":[0.735,0,1,0.3],"x":16.57},{"duration":10,"x":16.58,"y":1.14},{"duration":10,"curve":[0,0.81,0.75,1],"x":16.58,"y":1.14},{"duration":0}]},{"name":"jiao2","translateFrame":[{"duration":20,"curve":[0,0.85,0.75,1]},{"duration":5,"curve":[0.735,0,1,0.3],"x":16.57},{"duration":10,"x":16.58,"y":1.14},{"duration":10,"curve":[0,0.81,0.75,1],"x":16.58,"y":1.14},{"duration":0}]},{"name":"nkl_dj_shenti","rotateFrame":[{"duration":20,"curve":[0,0.85,0.75,1]},{"duration":5,"curve":[0.735,0,1,0.3],"rotate":-11.27},{"duration":10,"curve":[0,0.81,0.75,1],"rotate":16.51},{"duration":10,"curve":[0,0.81,0.75,1],"rotate":17.77},{"duration":0}]},{"name":"nkl_dj_tou","rotateFrame":[{"duration":20},{"duration":5,"curve":[0.735,0,1,0.3]},{"duration":10,"curve":[0,0.81,0.75,1],"rotate":0.87},{"duration":10,"curve":[0,0.81,0.75,1],"rotate":-2.73},{"duration":0}]},{"name":"nkl_dj_shangbi1","rotateFrame":[{"duration":5,"curve":[0,0.41,0.387,0.74]},{"duration":10,"curve":[0.253,0.83,0.786,1],"rotate":-151.28},{"duration":5,"rotate":146.88},{"duration":2,"curve":[0.439,0.01,0.766,0.33],"rotate":146.88},{"duration":3,"curve":[0.711,0.18,1,0.5],"rotate":-152.68},{"duration":10,"curve":[0,0.81,0.75,1],"rotate":-75.5},{"duration":10,"curve":[0,0.81,0.75,1],"rotate":-74.02},{"duration":0}]},{"name":"nkl_dj_xiaobi1","rotateFrame":[{"duration":5,"curve":[0,0.41,0.387,0.74]},{"duration":15,"curve":[0.253,0.83,0.786,1],"rotate":17.82},{"duration":3,"curve":[0.513,0,0.829,0.32],"rotate":-1.7},{"duration":2,"curve":[0.698,0.24,1,0.57],"rotate":-19.29},{"duration":10,"curve":[0,0.81,0.75,1],"rotate":29.16},{"duration":10,"curve":[0,0.81,0.75,1],"rotate":30.89},{"duration":0}]},{"name":"nkl_dj_shou1","rotateFrame":[{"duration":5,"curve":[0,0.44,0.409,0.76]},{"duration":10,"curve":[0.302,0.82,0.79,1],"rotate":13.53},{"duration":30}]},{"name":"nkl_dj_bangqiu","rotateFrame":[{"duration":5,"curve":[0,0.41,0.387,0.74]},{"duration":15,"curve":[0.253,0.83,0.786,1],"rotate":20.98},{"duration":3,"curve":[0.513,0,0.829,0.32],"rotate":12.9},{"duration":2,"curve":[0.698,0.24,1,0.57],"rotate":20.09},{"duration":10,"curve":[0,0.81,0.75,1],"rotate":30.95},{"duration":10,"curve":[0,0.81,0.75,1],"rotate":24.05},{"duration":0}]},{"name":"nkl_dj_sahngbi2","rotateFrame":[{"duration":15,"curve":[0,0.85,0.75,1]},{"duration":5,"curve":[0.473,0.01,0.796,0.32],"rotate":-63.23},{"duration":5,"curve":[0.704,0.21,1,0.54],"rotate":-49.87},{"duration":10,"rotate":74.72},{"duration":10,"curve":[0,0.81,0.75,1],"rotate":74.72},{"duration":0}]},{"name":"nkl_dj_xiaobi2","translateFrame":[{"duration":10,"curve":[0,0.685,0.6055,0.91]},{"duration":10,"curve":[0.368,0.8,0.789,1]},{"duration":5,"curve":[0.735,0,1,0.3],"x":1.63,"y":2.67},{"duration":20}],"rotateFrame":[{"duration":10,"curve":[0,0.685,0.6055,0.91]},{"duration":10,"curve":[0.368,0.8,0.789,1],"rotate":35.5},{"duration":5,"curve":[0.735,0,1,0.3],"rotate":13.9},{"duration":10,"curve":[0,0.81,0.75,1],"rotate":23.79},{"duration":10,"curve":[0,0.81,0.75,1],"rotate":25.23},{"duration":0}]},{"name":"nkl_dj_shou2","rotateFrame":[{"duration":20,"curve":[0,0.85,0.75,1]},{"duration":5,"curve":[0.735,0,1,0.3],"rotate":-34.52},{"duration":20}]}],"slot":[{"name":"nkl_dj_shou2","displayFrame":[{"duration":25},{"duration":20,"value":2}]}]},{"duration":45,"name":"0026_gongji2","bone":[{"name":"root","translateFrame":[{"duration":20,"curve":[0,0.85,0.75,1]},{"duration":5,"curve":[0.735,0,1,0.3],"x":-11.66},{"duration":20}]},{"name":"bone","translateFrame":[{"duration":20,"curve":[0,0.85,0.75,1]},{"duration":5,"curve":[0.735,0,1,0.3],"x":-4.29,"y":8.59},{"duration":10,"curve":[0,0.81,0.75,1],"y":14.29},{"duration":10,"curve":[0,0.81,0.75,1],"x":7.43,"y":18.87},{"duration":0}]},{"name":"tui1","translateFrame":[{"duration":20,"curve":[0,0.85,0.75,1]},{"duration":5,"curve":[0.735,0,1,0.3],"x":-15.34},{"duration":10,"x":-17.15},{"duration":10,"curve":[0,0.81,0.75,1],"x":-17.15},{"duration":0}]},{"name":"jiao1","translateFrame":[{"duration":20,"curve":[0,0.85,0.75,1]},{"duration":5,"curve":[0.735,0,1,0.3],"x":-15.34},{"duration":10,"x":-17.15},{"duration":10,"curve":[0,0.81,0.75,1],"x":-17.15},{"duration":0}]},{"name":"tui2","translateFrame":[{"duration":20,"curve":[0,0.85,0.75,1]},{"duration":5,"curve":[0.735,0,1,0.3],"x":16.57},{"duration":10,"x":16.58,"y":1.14},{"duration":10,"curve":[0,0.81,0.75,1],"x":16.58,"y":1.14},{"duration":0}]},{"name":"jiao2","translateFrame":[{"duration":20,"curve":[0,0.85,0.75,1]},{"duration":5,"curve":[0.735,0,1,0.3],"x":16.57},{"duration":10,"x":16.58,"y":1.14},{"duration":10,"curve":[0,0.81,0.75,1],"x":16.58,"y":1.14},{"duration":0}]},{"name":"nkl_dj_shenti","rotateFrame":[{"duration":20,"curve":[0,0.85,0.75,1]},{"duration":5,"curve":[0.735,0,1,0.3],"rotate":-11.27},{"duration":10,"curve":[0,0.81,0.75,1],"rotate":16.51},{"duration":10,"curve":[0,0.81,0.75,1],"rotate":17.77},{"duration":0}]},{"name":"nkl_dj_tou","rotateFrame":[{"duration":20},{"duration":5,"curve":[0.735,0,1,0.3]},{"duration":10,"curve":[0,0.81,0.75,1],"rotate":0.87},{"duration":10,"curve":[0,0.81,0.75,1],"rotate":-2.73},{"duration":0}]},{"name":"nkl_dj_shangbi1","rotateFrame":[{"duration":5,"curve":[0,0.41,0.387,0.74]},{"duration":10,"curve":[0.253,0.83,0.786,1],"rotate":-151.28},{"duration":5,"rotate":146.88},{"duration":2,"curve":[0.439,0.01,0.766,0.33],"rotate":146.88},{"duration":3,"curve":[0.711,0.18,1,0.5],"rotate":-152.68},{"duration":10,"curve":[0,0.81,0.75,1],"rotate":-75.5},{"duration":10,"curve":[0,0.81,0.75,1],"rotate":-74.02},{"duration":0}]},{"name":"nkl_dj_xiaobi1","rotateFrame":[{"duration":5,"curve":[0,0.41,0.387,0.74]},{"duration":15,"curve":[0.253,0.83,0.786,1],"rotate":17.82},{"duration":3,"curve":[0.513,0,0.829,0.32],"rotate":-1.7},{"duration":2,"curve":[0.698,0.24,1,0.57],"rotate":-19.29},{"duration":10,"curve":[0,0.81,0.75,1],"rotate":29.16},{"duration":10,"curve":[0,0.81,0.75,1],"rotate":30.89},{"duration":0}]},{"name":"nkl_dj_shou1","rotateFrame":[{"duration":5,"curve":[0,0.44,0.409,0.76]},{"duration":10,"curve":[0.302,0.82,0.79,1],"rotate":13.53},{"duration":30}]},{"name":"nkl_dj_bangqiu","rotateFrame":[{"duration":5,"curve":[0,0.41,0.387,0.74]},{"duration":15,"curve":[0.253,0.83,0.786,1],"rotate":20.98},{"duration":3,"curve":[0.513,0,0.829,0.32],"rotate":12.9},{"duration":2,"curve":[0.698,0.24,1,0.57],"rotate":-11},{"duration":10,"curve":[0,0.81,0.75,1],"rotate":12.16},{"duration":10,"curve":[0,0.81,0.75,1],"rotate":18.26},{"duration":0}]},{"name":"nkl_dj_sahngbi2","rotateFrame":[{"duration":20,"curve":[0,0.85,0.75,1]},{"duration":5,"curve":[0.735,0,1,0.3],"rotate":-63.23},{"duration":10,"rotate":74.72},{"duration":10,"curve":[0,0.81,0.75,1],"rotate":74.72},{"duration":0}]},{"name":"nkl_dj_xiaobi2","translateFrame":[{"duration":20,"curve":[0,0.85,0.75,1]},{"duration":5,"curve":[0.735,0,1,0.3],"x":1.63,"y":2.67},{"duration":20}],"rotateFrame":[{"duration":20,"curve":[0,0.85,0.75,1]},{"duration":5,"curve":[0.735,0,1,0.3],"rotate":52.58},{"duration":10,"curve":[0,0.81,0.75,1],"rotate":23.79},{"duration":10,"curve":[0,0.81,0.75,1],"rotate":25.23},{"duration":0}]},{"name":"nkl_dj_shou2","rotateFrame":[{"duration":20,"curve":[0,0.85,0.75,1]},{"duration":5,"curve":[0.735,0,1,0.3],"rotate":-34.52},{"duration":20}]}]},{"duration":45,"name":"0027_shifa1","bone":[{"name":"root","translateFrame":[{"duration":20,"curve":[0,0.85,0.75,1]},{"duration":5,"curve":[0.735,0,1,0.3],"x":-11.66},{"duration":20}]},{"name":"bone","translateFrame":[{"duration":20,"curve":[0,0.85,0.75,1]},{"duration":5,"curve":[0.735,0,1,0.3],"x":-4.29,"y":8.59},{"duration":10,"curve":[0,0.81,0.75,1],"y":14.29},{"duration":10,"curve":[0,0.81,0.75,1],"x":7.43,"y":18.87},{"duration":0}]},{"name":"tui1","translateFrame":[{"duration":20,"curve":[0,0.85,0.75,1]},{"duration":5,"curve":[0.735,0,1,0.3],"x":-15.34},{"duration":10,"x":-17.15},{"duration":10,"curve":[0,0.81,0.75,1],"x":-17.15},{"duration":0}]},{"name":"jiao1","translateFrame":[{"duration":20,"curve":[0,0.85,0.75,1]},{"duration":5,"curve":[0.735,0,1,0.3],"x":-15.34},{"duration":10,"x":-17.15},{"duration":10,"curve":[0,0.81,0.75,1],"x":-17.15},{"duration":0}]},{"name":"tui2","translateFrame":[{"duration":20,"curve":[0,0.85,0.75,1]},{"duration":5,"curve":[0.735,0,1,0.3],"x":16.57},{"duration":10,"x":16.58,"y":1.14},{"duration":10,"curve":[0,0.81,0.75,1],"x":16.58,"y":1.14},{"duration":0}]},{"name":"jiao2","translateFrame":[{"duration":20,"curve":[0,0.85,0.75,1]},{"duration":5,"curve":[0.735,0,1,0.3],"x":16.57},{"duration":10,"x":16.58,"y":1.14},{"duration":10,"curve":[0,0.81,0.75,1],"x":16.58,"y":1.14},{"duration":0}]},{"name":"nkl_dj_shenti","rotateFrame":[{"duration":20,"curve":[0,0.85,0.75,1]},{"duration":5,"curve":[0.735,0,1,0.3],"rotate":-11.27},{"duration":10,"curve":[0,0.81,0.75,1],"rotate":16.51},{"duration":10,"curve":[0,0.81,0.75,1],"rotate":17.77},{"duration":0}]},{"name":"nkl_dj_tou","rotateFrame":[{"duration":20},{"duration":5,"curve":[0.735,0,1,0.3]},{"duration":10,"curve":[0,0.81,0.75,1],"rotate":0.87},{"duration":10,"curve":[0,0.81,0.75,1],"rotate":-2.73},{"duration":0}]},{"name":"nkl_dj_shangbi1","rotateFrame":[{"duration":5,"curve":[0,0.41,0.387,0.74]},{"duration":10,"curve":[0.253,0.83,0.786,1],"rotate":-151.28},{"duration":5,"rotate":146.88},{"duration":2,"curve":[0.439,0.01,0.766,0.33],"rotate":146.88},{"duration":3,"curve":[0.711,0.18,1,0.5],"rotate":-152.68},{"duration":10,"curve":[0,0.81,0.75,1],"rotate":-75.5},{"duration":10,"curve":[0,0.81,0.75,1],"rotate":-74.02},{"duration":0}]},{"name":"nkl_dj_xiaobi1","rotateFrame":[{"duration":5,"curve":[0,0.41,0.387,0.74]},{"duration":15,"curve":[0.253,0.83,0.786,1],"rotate":17.82},{"duration":3,"curve":[0.513,0,0.829,0.32],"rotate":-1.7},{"duration":2,"curve":[0.698,0.24,1,0.57],"rotate":-19.29},{"duration":10,"curve":[0,0.81,0.75,1],"rotate":29.16},{"duration":10,"curve":[0,0.81,0.75,1],"rotate":30.89},{"duration":0}]},{"name":"nkl_dj_shou1","rotateFrame":[{"duration":5,"curve":[0,0.44,0.409,0.76]},{"duration":10,"curve":[0.302,0.82,0.79,1],"rotate":13.53},{"duration":30}]},{"name":"nkl_dj_bangqiu","rotateFrame":[{"duration":5,"curve":[0,0.41,0.387,0.74]},{"duration":15,"curve":[0.253,0.83,0.786,1],"rotate":20.98},{"duration":3,"curve":[0.513,0,0.829,0.32],"rotate":12.9},{"duration":2,"curve":[0.698,0.24,1,0.57],"rotate":-11},{"duration":10,"curve":[0,0.81,0.75,1],"rotate":12.16},{"duration":10,"curve":[0,0.81,0.75,1],"rotate":18.26},{"duration":0}]},{"name":"nkl_dj_sahngbi2","rotateFrame":[{"duration":20,"curve":[0,0.85,0.75,1]},{"duration":5,"curve":[0.735,0,1,0.3],"rotate":-63.23},{"duration":10,"rotate":74.72},{"duration":10,"curve":[0,0.81,0.75,1],"rotate":74.72},{"duration":0}]},{"name":"nkl_dj_xiaobi2","translateFrame":[{"duration":20,"curve":[0,0.85,0.75,1]},{"duration":5,"curve":[0.735,0,1,0.3],"x":1.63,"y":2.67},{"duration":20}],"rotateFrame":[{"duration":20,"curve":[0,0.85,0.75,1]},{"duration":5,"curve":[0.735,0,1,0.3],"rotate":52.58},{"duration":10,"curve":[0,0.81,0.75,1],"rotate":23.79},{"duration":10,"curve":[0,0.81,0.75,1],"rotate":25.23},{"duration":0}]},{"name":"nkl_dj_shou2","rotateFrame":[{"duration":20,"curve":[0,0.85,0.75,1]},{"duration":5,"curve":[0.735,0,1,0.3],"rotate":-34.52},{"duration":20}]}]},{"duration":45,"name":"0028_shifa2","bone":[{"name":"root","translateFrame":[{"duration":20,"curve":[0,0.85,0.75,1]},{"duration":5,"curve":[0.735,0,1,0.3],"x":-11.66},{"duration":20}]},{"name":"bone","translateFrame":[{"duration":20,"curve":[0,0.85,0.75,1]},{"duration":5,"curve":[0.735,0,1,0.3],"x":-4.29,"y":8.59},{"duration":10,"curve":[0,0.81,0.75,1],"y":14.29},{"duration":10,"curve":[0,0.81,0.75,1],"x":7.43,"y":18.87},{"duration":0}]},{"name":"tui1","translateFrame":[{"duration":20,"curve":[0,0.85,0.75,1]},{"duration":5,"curve":[0.735,0,1,0.3],"x":-15.34},{"duration":10,"x":-17.15},{"duration":10,"curve":[0,0.81,0.75,1],"x":-17.15},{"duration":0}]},{"name":"jiao1","translateFrame":[{"duration":20,"curve":[0,0.85,0.75,1]},{"duration":5,"curve":[0.735,0,1,0.3],"x":-15.34},{"duration":10,"x":-17.15},{"duration":10,"curve":[0,0.81,0.75,1],"x":-17.15},{"duration":0}]},{"name":"tui2","translateFrame":[{"duration":20,"curve":[0,0.85,0.75,1]},{"duration":5,"curve":[0.735,0,1,0.3],"x":16.57},{"duration":10,"x":16.58,"y":1.14},{"duration":10,"curve":[0,0.81,0.75,1],"x":16.58,"y":1.14},{"duration":0}]},{"name":"jiao2","translateFrame":[{"duration":20,"curve":[0,0.85,0.75,1]},{"duration":5,"curve":[0.735,0,1,0.3],"x":16.57},{"duration":10,"x":16.58,"y":1.14},{"duration":10,"curve":[0,0.81,0.75,1],"x":16.58,"y":1.14},{"duration":0}]},{"name":"nkl_dj_shenti","rotateFrame":[{"duration":20,"curve":[0,0.85,0.75,1]},{"duration":5,"curve":[0.735,0,1,0.3],"rotate":-11.27},{"duration":10,"curve":[0,0.81,0.75,1],"rotate":16.51},{"duration":10,"curve":[0,0.81,0.75,1],"rotate":17.77},{"duration":0}]},{"name":"nkl_dj_tou","rotateFrame":[{"duration":20},{"duration":5,"curve":[0.735,0,1,0.3]},{"duration":10,"curve":[0,0.81,0.75,1],"rotate":0.87},{"duration":10,"curve":[0,0.81,0.75,1],"rotate":-2.73},{"duration":0}]},{"name":"nkl_dj_shangbi1","rotateFrame":[{"duration":5,"curve":[0,0.41,0.387,0.74]},{"duration":10,"curve":[0.253,0.83,0.786,1],"rotate":-151.28},{"duration":5,"rotate":146.88},{"duration":2,"curve":[0.439,0.01,0.766,0.33],"rotate":146.88},{"duration":3,"curve":[0.711,0.18,1,0.5],"rotate":-152.68},{"duration":10,"curve":[0,0.81,0.75,1],"rotate":-75.5},{"duration":10,"curve":[0,0.81,0.75,1],"rotate":-74.02},{"duration":0}]},{"name":"nkl_dj_xiaobi1","rotateFrame":[{"duration":5,"curve":[0,0.41,0.387,0.74]},{"duration":15,"curve":[0.253,0.83,0.786,1],"rotate":17.82},{"duration":3,"curve":[0.513,0,0.829,0.32],"rotate":-1.7},{"duration":2,"curve":[0.698,0.24,1,0.57],"rotate":-19.29},{"duration":10,"curve":[0,0.81,0.75,1],"rotate":29.16},{"duration":10,"curve":[0,0.81,0.75,1],"rotate":30.89},{"duration":0}]},{"name":"nkl_dj_shou1","rotateFrame":[{"duration":5,"curve":[0,0.44,0.409,0.76]},{"duration":10,"curve":[0.302,0.82,0.79,1],"rotate":13.53},{"duration":30}]},{"name":"nkl_dj_bangqiu","rotateFrame":[{"duration":5,"curve":[0,0.41,0.387,0.74]},{"duration":15,"curve":[0.253,0.83,0.786,1],"rotate":20.98},{"duration":3,"curve":[0.513,0,0.829,0.32],"rotate":12.9},{"duration":2,"curve":[0.698,0.24,1,0.57],"rotate":-11},{"duration":10,"curve":[0,0.81,0.75,1],"rotate":12.16},{"duration":10,"curve":[0,0.81,0.75,1],"rotate":18.26},{"duration":0}]},{"name":"nkl_dj_sahngbi2","rotateFrame":[{"duration":20,"curve":[0,0.85,0.75,1]},{"duration":5,"curve":[0.735,0,1,0.3],"rotate":-63.23},{"duration":10,"rotate":74.72},{"duration":10,"curve":[0,0.81,0.75,1],"rotate":74.72},{"duration":0}]},{"name":"nkl_dj_xiaobi2","translateFrame":[{"duration":20,"curve":[0,0.85,0.75,1]},{"duration":5,"curve":[0.735,0,1,0.3],"x":1.63,"y":2.67},{"duration":20}],"rotateFrame":[{"duration":20,"curve":[0,0.85,0.75,1]},{"duration":5,"curve":[0.735,0,1,0.3],"rotate":52.58},{"duration":10,"curve":[0,0.81,0.75,1],"rotate":23.79},{"duration":10,"curve":[0,0.81,0.75,1],"rotate":25.23},{"duration":0}]},{"name":"nkl_dj_shou2","rotateFrame":[{"duration":20,"curve":[0,0.85,0.75,1]},{"duration":5,"curve":[0.735,0,1,0.3],"rotate":-34.52},{"duration":20}]}]},{"duration":60,"name":"0029_bisha_yanshi1","bone":[{"name":"bone","translateFrame":[{"duration":10,"tweenEasing":0},{"duration":10,"curve":[0,1,0.75,1],"x":1.1,"y":37.44},{"duration":10,"curve":[0.25,0,1,0.07],"x":4.56,"y":-105.9},{"duration":5,"tweenEasing":0,"x":-5.67,"y":35.82},{"duration":25,"tweenEasing":0,"x":-6.18,"y":41.9},{"duration":0,"x":-5.67,"y":35.82}],"rotateFrame":[{"duration":20,"tweenEasing":0},{"duration":10,"curve":[0.25,0,1,0.07]},{"duration":30,"rotate":-1.43}]},{"name":"buff_mid","translateFrame":[{"duration":10},{"duration":10,"curve":[0,1,0.75,1]},{"duration":10,"curve":[0.25,0,1,0.07],"y":-62.81},{"duration":30}]},{"name":"buff_up","translateFrame":[{"duration":10},{"duration":10,"curve":[0,1,0.75,1]},{"duration":10,"curve":[0.25,0,1,0.07],"y":-62.81},{"duration":30}]},{"name":"jiao1","translateFrame":[{"duration":10,"tweenEasing":0},{"duration":10,"curve":[0,1,0.75,1],"x":-15.71},{"duration":10,"curve":[0.25,0,1,0.07],"x":9.12,"y":-98.8},{"duration":30,"x":-5.5}]},{"name":"jiao2","translateFrame":[{"duration":10,"tweenEasing":0},{"duration":10,"curve":[0,1,0.75,1],"x":15.71},{"duration":10,"curve":[0.25,0,1,0.07],"x":-18.75,"y":-116.04},{"duration":30,"x":6.73}]},{"name":"nkl_dj_shenti","translateFrame":[{"duration":10,"tweenEasing":0},{"duration":10,"curve":[0,1,0.75,1],"x":4.38},{"duration":10,"curve":[0.25,0,1,0.07],"x":4.17,"y":-1.08},{"duration":30,"x":7.56,"y":-2.77}],"rotateFrame":[{"duration":10,"tweenEasing":0},{"duration":10,"curve":[0,1,0.75,1],"rotate":8.49},{"duration":10,"curve":[0.25,0,1,0.07],"rotate":-9.52},{"duration":30,"rotate":18.81}],"scaleFrame":[{"duration":30,"tweenEasing":0},{"duration":5,"tweenEasing":0},{"duration":25,"tweenEasing":0,"x":0.98},{"duration":0}]},{"name":"nkl_dj_shangbi1","rotateFrame":[{"duration":10,"tweenEasing":0},{"duration":10,"curve":[0,1,0.75,1],"rotate":-15.45},{"duration":10,"curve":[0.25,0,1,0.07],"rotate":149.59},{"duration":5,"tweenEasing":0,"rotate":-123.77},{"duration":25,"tweenEasing":0,"rotate":-121.9},{"duration":0,"rotate":-122.19}]},{"name":"nkl_dj_xiaobi1","rotateFrame":[{"duration":10,"tweenEasing":0},{"duration":10,"curve":[0,1,0.75,1],"rotate":-6.72},{"duration":10,"curve":[0.25,0,1,0.07],"rotate":6.83},{"duration":5,"tweenEasing":0,"rotate":0.64},{"duration":25,"tweenEasing":0,"rotate":-2.08},{"duration":0,"rotate":3.2}]},{"name":"nkl_dj_shou1","rotateFrame":[{"duration":20},{"duration":10,"curve":[0.25,0,1,0.07]},{"duration":30,"rotate":6.18}]},{"name":"nkl_dj_bangqiu","rotateFrame":[{"duration":2,"tweenEasing":0},{"duration":2,"tweenEasing":0,"rotate":135.8},{"duration":2,"tweenEasing":0,"rotate":-121.82},{"duration":2,"tweenEasing":0,"rotate":-48.63},{"duration":2,"tweenEasing":0,"rotate":66.13},{"duration":10,"curve":[0,1,0.75,1],"rotate":-167.9},{"duration":10,"curve":[0.25,0,1,0.07],"rotate":-168.63},{"duration":5,"rotate":-157.88},{"duration":25,"tweenEasing":0,"rotate":-157.88},{"duration":0,"rotate":-158.65}]},{"name":"tui1","translateFrame":[{"duration":10,"tweenEasing":0},{"duration":10,"curve":[0,1,0.75,1],"x":-15.71},{"duration":10,"curve":[0.25,0,1,0.07],"x":12.67,"y":-104.89},{"duration":30,"x":-8.86}]},{"name":"tui2","translateFrame":[{"duration":10,"tweenEasing":0},{"duration":10,"curve":[0,1,0.75,1],"x":15.71},{"duration":10,"curve":[0.25,0,1,0.07],"x":-3.54,"y":-128.72},{"duration":30,"x":6.73}]},{"name":"nkl_dj_sahngbi2","rotateFrame":[{"duration":10,"tweenEasing":0},{"duration":10,"curve":[0,1,0.75,1],"rotate":-19.66},{"duration":10,"curve":[0.25,0,1,0.07],"rotate":146.73},{"duration":30,"rotate":-96.79}]},{"name":"nkl_dj_xiaobi2","rotateFrame":[{"duration":10,"tweenEasing":0},{"duration":10,"curve":[0,1,0.75,1],"rotate":21.56},{"duration":10,"curve":[0.25,0,1,0.07],"rotate":49.98},{"duration":30,"rotate":-36.36}]},{"name":"nkl_dj_shou2","rotateFrame":[{"duration":10,"tweenEasing":0},{"duration":10,"curve":[0,1,0.75,1],"rotate":-21.72},{"duration":40}]},{"name":"nkl_dj_tou","rotateFrame":[{"duration":10,"tweenEasing":0},{"duration":10,"curve":[0,1,0.75,1],"rotate":-0.64},{"duration":10,"curve":[0.25,0,1,0.07]},{"duration":5,"tweenEasing":0,"rotate":-13.77},{"duration":25,"tweenEasing":0,"rotate":-10},{"duration":0,"rotate":-5.27}]},{"name":"wj_047_nakulu_pz","translateFrame":[{"duration":10},{"duration":10,"curve":[0,1,0.75,1]},{"duration":10,"curve":[0.25,0,1,0.07],"y":-101.13},{"duration":30}]}],"slot":[{"name":"bai_chongciyanwu_01_eff/bai_chongciyanwu_01_eff_01","displayFrame":[{"duration":20,"value":-1},{"duration":40}]},{"name":"nkl_dj_yanjing","displayFrame":[{"duration":20,"value":-1},{"duration":40}]}]},{"duration":30,"name":"0030_bisha_xuli","bone":[{"name":"bone","translateFrame":[{"duration":10,"tweenEasing":0},{"duration":10,"curve":[0,1,0.75,1],"x":1.1,"y":37.44},{"duration":10,"curve":[0.25,0,1,0.07],"x":4.56,"y":-105.9},{"duration":0,"x":-5.67,"y":35.82}],"rotateFrame":[{"duration":20,"tweenEasing":0},{"duration":10,"curve":[0.25,0,1,0.07]},{"duration":0,"rotate":-1.43}]},{"name":"buff_mid","translateFrame":[{"duration":10},{"duration":10,"curve":[0,1,0.75,1]},{"duration":10,"curve":[0.25,0,1,0.07],"y":-62.81},{"duration":0}]},{"name":"buff_up","translateFrame":[{"duration":10},{"duration":10,"curve":[0,1,0.75,1]},{"duration":10,"curve":[0.25,0,1,0.07],"y":-62.81},{"duration":0}]},{"name":"jiao1","translateFrame":[{"duration":10,"tweenEasing":0},{"duration":10,"curve":[0,1,0.75,1],"x":-15.71},{"duration":10,"curve":[0.25,0,1,0.07],"x":9.12,"y":-98.8},{"duration":0,"x":-5.5}]},{"name":"jiao2","translateFrame":[{"duration":10,"tweenEasing":0},{"duration":10,"curve":[0,1,0.75,1],"x":15.71},{"duration":10,"curve":[0.25,0,1,0.07],"x":-18.75,"y":-116.04},{"duration":0,"x":6.73}]},{"name":"nkl_dj_shenti","translateFrame":[{"duration":10,"tweenEasing":0},{"duration":10,"curve":[0,1,0.75,1],"x":4.38},{"duration":10,"curve":[0.25,0,1,0.07],"x":4.17,"y":-1.08},{"duration":0,"x":7.56,"y":-2.77}],"rotateFrame":[{"duration":10,"tweenEasing":0},{"duration":10,"curve":[0,1,0.75,1],"rotate":8.49},{"duration":10,"curve":[0.25,0,1,0.07],"rotate":-9.52},{"duration":0,"rotate":18.81}]},{"name":"nkl_dj_shangbi1","rotateFrame":[{"duration":10,"tweenEasing":0},{"duration":10,"curve":[0,1,0.75,1],"rotate":-15.45},{"duration":10,"curve":[0.25,0,1,0.07],"rotate":149.59},{"duration":0,"rotate":-123.77}]},{"name":"nkl_dj_xiaobi1","rotateFrame":[{"duration":10,"tweenEasing":0},{"duration":10,"curve":[0,1,0.75,1],"rotate":-6.72},{"duration":10,"curve":[0.25,0,1,0.07],"rotate":6.83},{"duration":0,"rotate":0.64}]},{"name":"nkl_dj_shou1","rotateFrame":[{"duration":20},{"duration":10,"curve":[0.25,0,1,0.07]},{"duration":0,"rotate":6.18}]},{"name":"nkl_dj_bangqiu","rotateFrame":[{"duration":2,"tweenEasing":0},{"duration":2,"tweenEasing":0,"rotate":135.8},{"duration":2,"tweenEasing":0,"rotate":-121.82},{"duration":2,"tweenEasing":0,"rotate":-48.63},{"duration":2,"tweenEasing":0,"rotate":66.13},{"duration":10,"curve":[0,1,0.75,1],"rotate":-167.9},{"duration":10,"curve":[0.25,0,1,0.07],"rotate":-168.63},{"duration":0,"rotate":-157.88}]},{"name":"tui1","translateFrame":[{"duration":10,"tweenEasing":0},{"duration":10,"curve":[0,1,0.75,1],"x":-15.71},{"duration":10,"curve":[0.25,0,1,0.07],"x":12.67,"y":-104.89},{"duration":0,"x":-8.86}]},{"name":"tui2","translateFrame":[{"duration":10,"tweenEasing":0},{"duration":10,"curve":[0,1,0.75,1],"x":15.71},{"duration":10,"curve":[0.25,0,1,0.07],"x":-3.54,"y":-128.72},{"duration":0,"x":6.73}]},{"name":"nkl_dj_sahngbi2","rotateFrame":[{"duration":10,"tweenEasing":0},{"duration":10,"curve":[0,1,0.75,1],"rotate":-19.66},{"duration":10,"curve":[0.25,0,1,0.07],"rotate":146.73},{"duration":0,"rotate":-96.79}]},{"name":"nkl_dj_xiaobi2","rotateFrame":[{"duration":10,"tweenEasing":0},{"duration":10,"curve":[0,1,0.75,1],"rotate":21.56},{"duration":10,"curve":[0.25,0,1,0.07],"rotate":49.98},{"duration":0,"rotate":-36.36}]},{"name":"nkl_dj_shou2","rotateFrame":[{"duration":10,"tweenEasing":0},{"duration":10,"curve":[0,1,0.75,1],"rotate":-21.72},{"duration":10}]},{"name":"nkl_dj_tou","rotateFrame":[{"duration":10,"tweenEasing":0},{"duration":10,"curve":[0,1,0.75,1],"rotate":-0.64},{"duration":10,"curve":[0.25,0,1,0.07]},{"duration":0,"rotate":-13.77}]},{"name":"wj_047_nakulu_pz","translateFrame":[{"duration":10},{"duration":10,"curve":[0,1,0.75,1]},{"duration":10,"curve":[0.25,0,1,0.07],"y":-101.13},{"duration":0}]}],"slot":[{"name":"bai_chongciyanwu_01_eff/bai_chongciyanwu_01_eff_01","displayFrame":[{"duration":20,"value":-1},{"duration":10}]},{"name":"nkl_dj_yanjing","displayFrame":[{"duration":20,"value":-1},{"duration":10}]}]},{"duration":30,"name":"0031_bisha_gongji1","bone":[{"name":"bone","translateFrame":[{"duration":5,"tweenEasing":0,"x":-5.67,"y":35.82},{"duration":25,"tweenEasing":0,"x":-6.18,"y":41.9},{"duration":0,"x":-5.67,"y":35.82}],"rotateFrame":[{"duration":30,"rotate":-1.43}]},{"name":"jiao1","translateFrame":[{"duration":30,"x":-5.5}]},{"name":"jiao2","translateFrame":[{"duration":30,"x":6.73}]},{"name":"nkl_dj_shenti","translateFrame":[{"duration":30,"x":7.56,"y":-2.77}],"rotateFrame":[{"duration":30,"rotate":18.81}],"scaleFrame":[{"duration":5,"tweenEasing":0},{"duration":25,"tweenEasing":0,"x":0.98},{"duration":0}]},{"name":"nkl_dj_shangbi1","rotateFrame":[{"duration":5,"tweenEasing":0,"rotate":-123.77},{"duration":25,"tweenEasing":0,"rotate":-121.9},{"duration":0,"rotate":-122.19}]},{"name":"nkl_dj_xiaobi1","rotateFrame":[{"duration":5,"tweenEasing":0,"rotate":0.64},{"duration":25,"tweenEasing":0,"rotate":-2.08},{"duration":0,"rotate":3.2}]},{"name":"nkl_dj_shou1","rotateFrame":[{"duration":30,"rotate":6.18}]},{"name":"nkl_dj_bangqiu","rotateFrame":[{"duration":5,"rotate":-157.88},{"duration":25,"tweenEasing":0,"rotate":-157.88},{"duration":0,"rotate":-158.65}]},{"name":"tui1","translateFrame":[{"duration":30,"x":-8.86}]},{"name":"tui2","translateFrame":[{"duration":30,"x":6.73}]},{"name":"nkl_dj_sahngbi2","rotateFrame":[{"duration":30,"rotate":-96.79}]},{"name":"nkl_dj_xiaobi2","rotateFrame":[{"duration":30,"rotate":-36.36}]},{"name":"nkl_dj_tou","rotateFrame":[{"duration":5,"tweenEasing":0,"rotate":-13.77},{"duration":25,"tweenEasing":0,"rotate":-10},{"duration":0,"rotate":-5.27}]}],"slot":[{"name":"bai_chongciyanwu_01_eff/bai_chongciyanwu_01_eff_01","displayFrame":[{"duration":30}]},{"name":"nkl_dj_yanjing","displayFrame":[{"duration":30}]}]}],"defaultActions":[{"gotoAndPlay":"0000_chuchang"}]}]}