{"frameRate":60,"isGlobal":0,"armature":[{"aabb":{"width":156,"y":-141.0016,"height":277.03808804561453,"x":-78},"bone":[{"name":"root","transform":{}},{"inheritScale":false,"transform":{},"name":"002_huaban3","parent":"root"},{"inheritScale":false,"transform":{},"name":"001_denglong_fuji","parent":"root"},{"inheritScale":false,"transform":{},"name":"002_huaban2","parent":"root"},{"inheritScale":false,"transform":{},"name":"003_daoying","parent":"root"},{"inheritScale":false,"transform":{},"name":"002_huaban4","parent":"root"},{"inheritScale":false,"transform":{},"name":"001_tubiao","parent":"root"},{"inheritScale":false,"transform":{},"name":"000_xiaobowen_fuji","parent":"root"},{"inheritScale":false,"transform":{},"name":"002_huaban1","parent":"root"},{"inheritScale":false,"transform":{},"name":"000_fuji","parent":"root"},{"inheritScale":false,"transform":{},"name":"002_huaban_fuji","parent":"root"},{"inheritScale":false,"transform":{},"name":"000_xiaobowen2","parent":"000_xiaobowen_fuji"},{"inheritScale":false,"transform":{},"name":"001_denglong1","parent":"001_denglong_fuji"},{"inheritScale":false,"transform":{},"name":"000_xiaobowen1","parent":"000_xiaobowen_fuji"},{"inheritScale":false,"transform":{},"name":"000_xiaobowen3","parent":"000_xiaobowen_fuji"},{"inheritScale":false,"transform":{},"name":"003_daoying_weiba","parent":"003_daoying"},{"inheritScale":false,"transform":{},"name":"001_weiba","parent":"001_denglong1"},{"inheritScale":false,"transform":{},"name":"001_baozha","parent":"001_denglong1"},{"inheritScale":false,"transform":{},"name":"001_denglong2","parent":"001_denglong1"}],"defaultActions":[{"gotoAndPlay":"000_yanshi"}],"type":"Armature","frameRate":60,"animation":[{"playTimes":0,"bone":[{"frame":[{"tweenEasing":0,"transform":{"y":-130,"x":0.7692},"duration":30},{"tweenEasing":0,"transform":{"y":-130,"skX":13,"skY":13,"x":6.4739},"duration":30},{"tweenEasing":0,"transform":{"y":-130,"skX":-11,"skY":-11,"x":-6.5085},"duration":90},{"transform":{"y":-130,"skX":-11,"skY":-11,"x":-6.5085},"duration":0}],"name":"003_daoying_weiba"},{"frame":[{"tweenEasing":0,"transform":{"scY":0.6,"y":284},"duration":30},{"tweenEasing":0,"transform":{"scY":0.6,"y":284,"skX":10,"skY":10,"scX":1.01},"duration":30},{"tweenEasing":0,"transform":{"scY":0.6,"y":284,"skX":-2,"skY":-2},"duration":45},{"tweenEasing":0,"transform":{"scY":0.6,"y":284,"skX":18,"skY":18},"duration":45},{"transform":{"scY":0.6,"y":284,"skX":-2,"skY":-2},"duration":0}],"name":"003_daoying"},{"frame":[{"tweenEasing":0,"transform":{"scY":2,"y":-6.0715,"scX":2,"x":38.8095},"duration":20},{"tweenEasing":0,"transform":{"scY":2,"y":27.6241,"scX":2,"x":32.1429},"duration":40},{"tweenEasing":0,"transform":{"scY":2,"y":71.4285,"scX":2,"x":38.8095},"duration":1},{"tweenEasing":0,"transform":{"scY":2,"y":71.4285,"scX":2,"x":38.8095},"duration":1},{"tweenEasing":0,"transform":{"scY":2,"y":-6.0715,"scX":2,"x":38.8095},"duration":18},{"tweenEasing":0,"transform":{"scY":2,"y":27.6241,"scX":2,"x":32.1429},"duration":25},{"tweenEasing":0,"transform":{"scY":2,"y":71.4285,"scX":2,"x":38.8095},"duration":1},{"transform":{"scY":2,"y":71.4285,"scX":2,"x":38.8095},"duration":44}],"name":"002_huaban4"},{"frame":[{"tweenEasing":0,"transform":{"scY":2,"y":77.0238,"scX":2,"x":61.9047},"duration":40},{"tweenEasing":0,"transform":{"scY":2,"y":119.6567,"scX":2,"x":67.3153},"duration":20},{"tweenEasing":0,"transform":{"scY":2,"y":152.8571,"scX":2,"x":61.0714},"duration":1},{"tweenEasing":0,"transform":{"scY":2,"y":152.8571,"scX":2,"x":61.0714},"duration":1},{"tweenEasing":0,"transform":{"scY":2,"y":77.0238,"scX":2,"x":61.9047},"duration":53},{"tweenEasing":0,"transform":{"scY":2,"y":119.6567,"scX":2,"x":67.3153},"duration":35},{"transform":{"scY":2,"y":152.8571,"scX":2,"x":61.0714},"duration":0}],"name":"002_huaban3"},{"frame":[{"tweenEasing":0,"transform":{"scY":2,"y":-39.5238,"scX":2,"x":-28.8096},"duration":27},{"tweenEasing":0,"transform":{"scY":2,"y":2.6138,"scX":2,"x":-20.0777},"duration":33},{"tweenEasing":0,"transform":{"scY":2,"y":55.4762,"scX":2,"x":-22.1429},"duration":1},{"tweenEasing":0,"transform":{"scY":2,"y":55.4762,"scX":2,"x":-22.1429},"duration":18},{"tweenEasing":0,"transform":{"scY":2,"y":55.4762,"scX":2,"x":-22.1429},"duration":1},{"tweenEasing":0,"transform":{"scY":2,"y":-39.5238,"scX":2,"x":-28.8096},"duration":20},{"tweenEasing":0,"transform":{"scY":2,"y":2.6138,"scX":2,"x":-20.0777},"duration":50},{"transform":{"scY":2,"y":55.4762,"scX":2,"x":-22.1429},"duration":0}],"name":"002_huaban2"},{"frame":[{"tweenEasing":0,"transform":{"scY":2,"y":82.1428,"scX":2,"x":-18.0953},"duration":33},{"tweenEasing":0,"transform":{"scY":2,"y":127.7435,"skX":47.0189,"skY":47.0189,"scX":2,"x":-27.4356},"duration":27},{"tweenEasing":0,"transform":{"scY":2,"y":164.6428,"skX":90,"skY":90,"scX":2,"x":-7.262},"duration":1},{"tweenEasing":0,"transform":{"scY":2,"y":164.6428,"skX":90,"skY":90,"scX":2,"x":-7.262},"duration":43},{"tweenEasing":0,"transform":{"scY":2,"y":164.6428,"skX":90,"skY":90,"scX":2,"x":-7.262},"duration":1},{"tweenEasing":0,"transform":{"scY":2,"y":82.1428,"scX":2,"x":-18.0953},"duration":23},{"tweenEasing":0,"transform":{"scY":2,"y":127.7435,"skX":47.0189,"skY":47.0189,"scX":2,"x":-27.4356},"duration":22},{"transform":{"scY":2,"y":164.6428,"skX":90,"skY":90,"scX":2,"x":-7.262},"duration":0}],"name":"002_huaban1"},{"frame":[{"transform":{"y":175},"duration":150}],"name":"000_xiaobowen_fuji"},{"frame":[{"tweenEasing":0,"transform":{"x":50},"duration":19},{"tweenEasing":0,"transform":{"x":50},"duration":1},{"tweenEasing":0,"transform":{"scY":0.5,"scX":0.5,"x":50},"duration":39},{"tweenEasing":0,"transform":{"x":50},"duration":1},{"transform":{"x":50},"duration":90}],"name":"000_xiaobowen3"},{"frame":[{"tweenEasing":0,"transform":{},"duration":14},{"tweenEasing":0,"transform":{},"duration":1},{"tweenEasing":0,"transform":{"scY":0.5,"scX":0.5},"duration":44},{"tweenEasing":0,"transform":{"scY":1.5,"scX":1.5},"duration":1},{"tweenEasing":0,"transform":{"scY":1.5,"scX":1.5},"duration":1},{"tweenEasing":0,"transform":{"scY":0.5,"scX":0.5},"duration":42},{"tweenEasing":0,"transform":{"scY":1.5,"scX":1.5},"duration":1},{"tweenEasing":0,"transform":{"scY":1.5,"scX":1.5},"duration":1},{"tweenEasing":0,"transform":{"scY":0.5,"scX":0.5},"duration":44},{"tweenEasing":0,"transform":{"scY":1.5,"scX":1.5},"duration":1},{"transform":{"scY":1.5,"scX":1.5},"duration":0}],"name":"000_xiaobowen2"},{"frame":[{"tweenEasing":0,"transform":{"x":-50},"duration":9},{"tweenEasing":0,"transform":{"x":-50},"duration":1},{"tweenEasing":0,"transform":{"scY":0.5,"scX":0.5,"x":-50},"duration":43},{"tweenEasing":0,"transform":{"scY":1.5,"scX":1.5,"x":-50},"duration":1},{"transform":{"scY":1.5,"scX":1.5,"x":-50},"duration":96}],"name":"000_xiaobowen1"},{"frame":[{"tweenEasing":0,"transform":{},"duration":30},{"tweenEasing":0,"transform":{},"duration":30},{"tweenEasing":0,"transform":{},"duration":90},{"transform":{},"duration":0}],"name":"001_baozha"},{"frame":[{"tweenEasing":0,"transform":{"scY":0.5,"y":136.3591,"skX":15,"skY":15,"scX":0.5,"x":3.5256},"duration":30},{"tweenEasing":0,"transform":{"scY":0.5,"y":136.3591,"skX":-10,"skY":-10,"scX":0.5,"x":3.5256},"duration":30},{"tweenEasing":0,"transform":{"scY":0.5,"y":136.3591,"skX":5,"skY":5,"scX":0.5,"x":3.5256},"duration":45},{"tweenEasing":0,"transform":{"scY":0.5,"y":136.3591,"skX":-5,"skY":-5,"scX":0.5,"x":3.5256},"duration":45},{"transform":{"scY":0.5,"y":136.3591,"skX":5,"skY":5,"scX":0.5,"x":3.5256},"duration":0}],"name":"001_weiba"},{"frame":[{"tweenEasing":0,"transform":{},"duration":30},{"tweenEasing":0,"transform":{},"duration":30},{"tweenEasing":0,"transform":{},"duration":45},{"tweenEasing":0,"transform":{},"duration":45},{"transform":{},"duration":0}],"name":"001_denglong2"},{"frame":[{"tweenEasing":0,"transform":{"skX":15,"skY":15},"duration":30},{"tweenEasing":0,"transform":{"skX":-10,"skY":-10},"duration":30},{"tweenEasing":0,"transform":{"skX":5,"skY":5},"duration":45},{"tweenEasing":0,"transform":{"skX":-5,"skY":-5},"duration":45},{"transform":{"skX":5,"skY":5},"duration":0}],"name":"001_denglong1"},{"frame":[{"tweenEasing":0,"transform":{},"duration":30},{"tweenEasing":0,"transform":{},"duration":30},{"tweenEasing":0,"transform":{},"duration":45},{"tweenEasing":0,"transform":{},"duration":45},{"transform":{},"duration":0}],"name":"001_denglong_fuji"},{"frame":[{"tweenEasing":0,"transform":{},"duration":30},{"tweenEasing":0,"transform":{},"duration":30},{"tweenEasing":0,"transform":{},"duration":45},{"tweenEasing":0,"transform":{},"duration":45},{"transform":{},"duration":0}],"name":"000_fuji"},{"frame":[{"transform":{},"duration":150}],"name":"root"},{"frame":[{"transform":{},"duration":150}],"name":"001_tubiao"},{"frame":[{"transform":{},"duration":150}],"name":"002_huaban_fuji"}],"slot":[{"frame":[{"tweenEasing":0,"color":{"aM":0},"duration":30},{"tweenEasing":0,"color":{"aM":39},"duration":30},{"tweenEasing":0,"color":{"aM":39},"duration":90},{"tweenEasing":null,"color":{"aM":39},"duration":0}],"name":"003_daoying_weiba"},{"frame":[{"tweenEasing":0,"color":{"aM":0},"duration":30},{"tweenEasing":0,"color":{"aM":39},"duration":30},{"tweenEasing":0,"color":{"aM":39},"duration":45},{"tweenEasing":0,"duration":45},{"tweenEasing":null,"color":{"aM":39},"duration":0}],"name":"003_daoying"},{"frame":[{"tweenEasing":0,"color":{"aM":0},"duration":20},{"tweenEasing":0,"duration":40},{"tweenEasing":0,"color":{"aM":0},"duration":1},{"displayIndex":-1,"tweenEasing":0,"color":{"aM":0},"duration":1},{"tweenEasing":0,"color":{"aM":0},"duration":18},{"tweenEasing":0,"duration":25},{"tweenEasing":0,"color":{"aM":0},"duration":1},{"displayIndex":-1,"tweenEasing":null,"color":{"aM":0},"duration":44}],"name":"002_huaban4"},{"frame":[{"tweenEasing":0,"color":{"aM":0},"duration":40},{"tweenEasing":0,"duration":20},{"tweenEasing":0,"color":{"aM":0},"duration":1},{"displayIndex":-1,"tweenEasing":0,"color":{"aM":0},"duration":1},{"tweenEasing":0,"color":{"aM":0},"duration":53},{"tweenEasing":0,"duration":35},{"tweenEasing":null,"color":{"aM":0},"duration":0}],"name":"002_huaban3"},{"frame":[{"tweenEasing":0,"color":{"aM":0},"duration":27},{"tweenEasing":0,"duration":33},{"tweenEasing":0,"color":{"aM":0},"duration":1},{"displayIndex":-1,"tweenEasing":0,"color":{"aM":0},"duration":18},{"displayIndex":-1,"tweenEasing":0,"color":{"aM":0},"duration":1},{"tweenEasing":0,"color":{"aM":0},"duration":20},{"tweenEasing":0,"duration":50},{"tweenEasing":null,"color":{"aM":0},"duration":0}],"name":"002_huaban2"},{"frame":[{"tweenEasing":0,"color":{"aM":0},"duration":33},{"tweenEasing":0,"duration":27},{"tweenEasing":0,"color":{"aM":0},"duration":1},{"displayIndex":-1,"tweenEasing":0,"color":{"aM":0},"duration":43},{"displayIndex":-1,"tweenEasing":0,"color":{"aM":0},"duration":1},{"tweenEasing":0,"color":{"aM":0},"duration":23},{"tweenEasing":0,"duration":22},{"tweenEasing":null,"color":{"aM":0},"duration":0}],"name":"002_huaban1"},{"frame":[{"displayIndex":-1,"tweenEasing":null,"duration":150}],"name":"000_xiaobowen_fuji"},{"frame":[{"displayIndex":-1,"tweenEasing":0,"duration":19},{"displayIndex":-1,"tweenEasing":0,"duration":1},{"tweenEasing":0,"duration":39},{"tweenEasing":0,"color":{"aM":0},"duration":1},{"displayIndex":-1,"tweenEasing":null,"color":{"aM":0},"duration":90}],"name":"000_xiaobowen3"},{"frame":[{"displayIndex":-1,"tweenEasing":0,"duration":14},{"displayIndex":-1,"tweenEasing":0,"duration":1},{"tweenEasing":0,"duration":44},{"tweenEasing":0,"color":{"aM":0},"duration":1},{"displayIndex":-1,"tweenEasing":0,"color":{"aM":0},"duration":1},{"tweenEasing":0,"duration":42},{"tweenEasing":0,"color":{"aM":0},"duration":1},{"displayIndex":-1,"tweenEasing":0,"color":{"aM":0},"duration":1},{"tweenEasing":0,"duration":44},{"tweenEasing":0,"color":{"aM":0},"duration":1},{"displayIndex":-1,"tweenEasing":null,"color":{"aM":0},"duration":0}],"name":"000_xiaobowen2"},{"frame":[{"displayIndex":-1,"tweenEasing":0,"duration":9},{"displayIndex":-1,"tweenEasing":0,"duration":1},{"tweenEasing":0,"duration":43},{"tweenEasing":0,"color":{"aM":0},"duration":1},{"displayIndex":-1,"tweenEasing":null,"duration":96}],"name":"000_xiaobowen1"},{"frame":[{"displayIndex":-1,"tweenEasing":0,"duration":30},{"displayIndex":-1,"tweenEasing":0,"duration":30},{"displayIndex":-1,"tweenEasing":0,"duration":90},{"displayIndex":-1,"tweenEasing":null,"duration":0}],"name":"001_baozha"},{"frame":[{"tweenEasing":0,"color":{"aM":0},"duration":30},{"tweenEasing":0,"duration":30},{"tweenEasing":0,"duration":45},{"tweenEasing":0,"duration":45},{"tweenEasing":null,"duration":0}],"name":"001_weiba"},{"frame":[{"tweenEasing":0,"color":{"aM":0},"duration":30},{"tweenEasing":0,"color":{"aM":56},"duration":30},{"tweenEasing":0,"color":{"aM":0},"duration":45},{"tweenEasing":0,"color":{"aM":39},"duration":45},{"tweenEasing":null,"color":{"aM":0},"duration":0}],"name":"001_denglong2"},{"frame":[{"tweenEasing":0,"color":{"aM":0},"duration":30},{"tweenEasing":0,"duration":30},{"tweenEasing":0,"duration":45},{"tweenEasing":0,"duration":45},{"tweenEasing":null,"duration":0}],"name":"001_denglong1"},{"frame":[{"displayIndex":-1,"tweenEasing":0,"duration":30},{"displayIndex":-1,"tweenEasing":0,"duration":30},{"displayIndex":-1,"tweenEasing":0,"duration":45},{"displayIndex":-1,"tweenEasing":0,"duration":45},{"displayIndex":-1,"tweenEasing":null,"duration":0}],"name":"001_denglong_fuji"},{"frame":[{"displayIndex":-1,"tweenEasing":0,"duration":30},{"displayIndex":-1,"tweenEasing":0,"duration":30},{"displayIndex":-1,"tweenEasing":0,"duration":45},{"displayIndex":-1,"tweenEasing":0,"duration":45},{"displayIndex":-1,"tweenEasing":null,"duration":0}],"name":"000_fuji"},{"frame":[{"displayIndex":-1,"tweenEasing":null,"duration":150}],"name":"001_tubiao"},{"frame":[{"displayIndex":-1,"tweenEasing":null,"duration":150}],"name":"002_huaban_fuji"}],"ffd":[],"frame":[],"ik":[],"name":"000_yanshi","duration":150},{"bone":[{"frame":[{"tweenEasing":0,"transform":{"y":-130,"x":0.7692},"duration":30},{"tweenEasing":0,"transform":{"y":-130,"skX":13,"skY":13,"x":6.4739},"duration":30},{"transform":{"y":-130,"skX":-11,"skY":-11,"x":-6.5085},"duration":0}],"name":"003_daoying_weiba"},{"frame":[{"tweenEasing":0,"transform":{"scY":0.6,"y":284},"duration":30},{"tweenEasing":0,"transform":{"scY":0.6,"y":284,"skX":10,"skY":10,"scX":1.01},"duration":30},{"transform":{"scY":0.6,"y":284,"skX":-2,"skY":-2},"duration":0}],"name":"003_daoying"},{"frame":[{"tweenEasing":0,"transform":{"scY":2,"y":-6.0715,"scX":2,"x":38.8095},"duration":20},{"tweenEasing":0,"transform":{"scY":2,"y":27.6241,"scX":2,"x":32.1429},"duration":40},{"transform":{"scY":2,"y":71.4285,"scX":2,"x":38.8095},"duration":0}],"name":"002_huaban4"},{"frame":[{"tweenEasing":0,"transform":{"scY":2,"y":77.0238,"scX":2,"x":61.9047},"duration":40},{"tweenEasing":0,"transform":{"scY":2,"y":119.6567,"scX":2,"x":67.3153},"duration":20},{"transform":{"scY":2,"y":152.8571,"scX":2,"x":61.0714},"duration":0}],"name":"002_huaban3"},{"frame":[{"tweenEasing":0,"transform":{"scY":2,"y":-39.5238,"scX":2,"x":-28.8096},"duration":27},{"tweenEasing":0,"transform":{"scY":2,"y":2.6138,"scX":2,"x":-20.0777},"duration":33},{"transform":{"scY":2,"y":55.4762,"scX":2,"x":-22.1429},"duration":0}],"name":"002_huaban2"},{"frame":[{"tweenEasing":0,"transform":{"scY":2,"y":82.1428,"scX":2,"x":-18.0953},"duration":33},{"tweenEasing":0,"transform":{"scY":2,"y":127.7435,"skX":47.0189,"skY":47.0189,"scX":2,"x":-27.4356},"duration":27},{"transform":{"scY":2,"y":164.6428,"skX":90,"skY":90,"scX":2,"x":-7.262},"duration":0}],"name":"002_huaban1"},{"frame":[{"transform":{"y":175},"duration":60}],"name":"000_xiaobowen_fuji"},{"frame":[{"tweenEasing":0,"transform":{"x":50},"duration":19},{"tweenEasing":0,"transform":{"x":50},"duration":1},{"tweenEasing":0,"transform":{"scY":0.5,"scX":0.5,"x":50},"duration":39},{"tweenEasing":0,"transform":{"x":50},"duration":1},{"transform":{"x":50},"duration":0}],"name":"000_xiaobowen3"},{"frame":[{"tweenEasing":0,"transform":{},"duration":14},{"tweenEasing":0,"transform":{},"duration":1},{"tweenEasing":0,"transform":{"scY":0.5,"scX":0.5},"duration":44},{"tweenEasing":0,"transform":{"scY":1.5,"scX":1.5},"duration":1},{"transform":{"scY":1.5,"scX":1.5},"duration":0}],"name":"000_xiaobowen2"},{"frame":[{"tweenEasing":0,"transform":{"x":-50},"duration":9},{"tweenEasing":0,"transform":{"x":-50},"duration":1},{"tweenEasing":0,"transform":{"scY":0.5,"scX":0.5,"x":-50},"duration":43},{"tweenEasing":0,"transform":{"scY":1.5,"scX":1.5,"x":-50},"duration":1},{"transform":{"scY":1.5,"scX":1.5,"x":-50},"duration":6}],"name":"000_xiaobowen1"},{"frame":[{"tweenEasing":0,"transform":{},"duration":30},{"tweenEasing":0,"transform":{},"duration":30},{"transform":{},"duration":0}],"name":"001_baozha"},{"frame":[{"tweenEasing":0,"transform":{"scY":0.5,"y":136.3591,"skX":15,"skY":15,"scX":0.5,"x":3.5256},"duration":30},{"tweenEasing":0,"transform":{"scY":0.5,"y":136.3591,"skX":-10,"skY":-10,"scX":0.5,"x":3.5256},"duration":30},{"transform":{"scY":0.5,"y":136.3591,"skX":5,"skY":5,"scX":0.5,"x":3.5256},"duration":0}],"name":"001_weiba"},{"frame":[{"tweenEasing":0,"transform":{"skX":15,"skY":15},"duration":30},{"tweenEasing":0,"transform":{"skX":-10,"skY":-10},"duration":30},{"transform":{"skX":5,"skY":5},"duration":0}],"name":"001_denglong1"},{"frame":[{"tweenEasing":0,"transform":{},"duration":30},{"tweenEasing":0,"transform":{},"duration":30},{"transform":{},"duration":0}],"name":"001_denglong_fuji"},{"frame":[{"tweenEasing":0,"transform":{},"duration":30},{"tweenEasing":0,"transform":{},"duration":30},{"transform":{},"duration":0}],"name":"000_fuji"},{"frame":[{"transform":{},"duration":60}],"name":"root"},{"frame":[{"transform":{},"duration":60}],"name":"001_tubiao"},{"frame":[{"transform":{},"duration":60}],"name":"002_huaban_fuji"},{"frame":[{"transform":{},"duration":60}],"name":"001_denglong2"}],"slot":[{"frame":[{"tweenEasing":0,"color":{"aM":0},"duration":30},{"tweenEasing":0,"color":{"aM":39},"duration":30},{"tweenEasing":null,"color":{"aM":39},"duration":0}],"name":"003_daoying_weiba"},{"frame":[{"tweenEasing":0,"color":{"aM":0},"duration":30},{"tweenEasing":0,"color":{"aM":39},"duration":30},{"tweenEasing":null,"color":{"aM":39},"duration":0}],"name":"003_daoying"},{"frame":[{"tweenEasing":0,"color":{"aM":0},"duration":20},{"tweenEasing":0,"duration":40},{"tweenEasing":null,"color":{"aM":0},"duration":0}],"name":"002_huaban4"},{"frame":[{"tweenEasing":0,"color":{"aM":0},"duration":40},{"tweenEasing":0,"duration":20},{"tweenEasing":null,"color":{"aM":0},"duration":0}],"name":"002_huaban3"},{"frame":[{"tweenEasing":0,"color":{"aM":0},"duration":27},{"tweenEasing":0,"duration":33},{"tweenEasing":null,"color":{"aM":0},"duration":0}],"name":"002_huaban2"},{"frame":[{"tweenEasing":0,"color":{"aM":0},"duration":33},{"tweenEasing":0,"duration":27},{"tweenEasing":null,"color":{"aM":0},"duration":0}],"name":"002_huaban1"},{"frame":[{"displayIndex":-1,"tweenEasing":null,"duration":60}],"name":"000_xiaobowen_fuji"},{"frame":[{"displayIndex":-1,"tweenEasing":0,"duration":19},{"displayIndex":-1,"tweenEasing":0,"duration":1},{"tweenEasing":0,"duration":39},{"tweenEasing":0,"color":{"aM":0},"duration":1},{"displayIndex":-1,"tweenEasing":null,"color":{"aM":0},"duration":0}],"name":"000_xiaobowen3"},{"frame":[{"displayIndex":-1,"tweenEasing":0,"duration":14},{"displayIndex":-1,"tweenEasing":0,"duration":1},{"tweenEasing":0,"duration":44},{"tweenEasing":0,"color":{"aM":0},"duration":1},{"displayIndex":-1,"tweenEasing":null,"color":{"aM":0},"duration":0}],"name":"000_xiaobowen2"},{"frame":[{"displayIndex":-1,"tweenEasing":0,"duration":9},{"displayIndex":-1,"tweenEasing":0,"duration":1},{"tweenEasing":0,"duration":43},{"tweenEasing":0,"color":{"aM":0},"duration":1},{"displayIndex":-1,"tweenEasing":null,"duration":6}],"name":"000_xiaobowen1"},{"frame":[{"displayIndex":-1,"tweenEasing":0,"duration":30},{"displayIndex":-1,"tweenEasing":0,"duration":30},{"displayIndex":-1,"tweenEasing":null,"duration":0}],"name":"001_baozha"},{"frame":[{"tweenEasing":0,"color":{"aM":0},"duration":30},{"tweenEasing":0,"duration":30},{"tweenEasing":null,"duration":0}],"name":"001_weiba"},{"frame":[{"tweenEasing":0,"color":{"aM":0},"duration":30},{"tweenEasing":0,"duration":30},{"tweenEasing":null,"duration":0}],"name":"001_denglong1"},{"frame":[{"displayIndex":-1,"tweenEasing":0,"duration":30},{"displayIndex":-1,"tweenEasing":0,"duration":30},{"displayIndex":-1,"tweenEasing":null,"duration":0}],"name":"001_denglong_fuji"},{"frame":[{"displayIndex":-1,"tweenEasing":0,"duration":30},{"displayIndex":-1,"tweenEasing":0,"duration":30},{"displayIndex":-1,"tweenEasing":null,"duration":0}],"name":"000_fuji"},{"frame":[{"displayIndex":-1,"tweenEasing":null,"duration":60}],"name":"001_denglong2"},{"frame":[{"displayIndex":-1,"tweenEasing":null,"duration":60}],"name":"001_tubiao"},{"frame":[{"displayIndex":-1,"tweenEasing":null,"duration":60}],"name":"002_huaban_fuji"}],"ffd":[],"frame":[],"ik":[],"name":"001_denglong_chuxian","duration":60},{"playTimes":0,"bone":[{"frame":[{"tweenEasing":0,"transform":{"y":-130,"skX":-11,"skY":-11,"x":-6.5085},"duration":90},{"transform":{"y":-130,"skX":-11,"skY":-11,"x":-6.5085},"duration":0}],"name":"003_daoying_weiba"},{"frame":[{"tweenEasing":0,"transform":{"scY":0.6,"y":284,"skX":-2,"skY":-2},"duration":45},{"tweenEasing":0,"transform":{"scY":0.6,"y":284,"skX":18,"skY":18},"duration":45},{"transform":{"scY":0.6,"y":284,"skX":-2,"skY":-2},"duration":0}],"name":"003_daoying"},{"frame":[{"transform":{"y":175},"duration":90}],"name":"000_xiaobowen_fuji"},{"frame":[{"tweenEasing":0,"transform":{"scY":1.5,"scX":1.5},"duration":19},{"tweenEasing":0,"transform":{"scY":1.5,"scX":1.5},"duration":1},{"tweenEasing":0,"transform":{"scY":0.5,"scX":0.5},"duration":42},{"tweenEasing":0,"transform":{"scY":1.5,"scX":1.5},"duration":1},{"transform":{"scY":1.5,"scX":1.5},"duration":27}],"name":"000_xiaobowen2"},{"frame":[{"tweenEasing":0,"transform":{},"duration":90},{"transform":{},"duration":0}],"name":"001_baozha"},{"frame":[{"tweenEasing":0,"transform":{"scY":0.5,"y":136.3591,"skX":5,"skY":5,"scX":0.5,"x":3.5256},"duration":45},{"tweenEasing":0,"transform":{"scY":0.5,"y":136.3591,"skX":-5,"skY":-5,"scX":0.5,"x":3.5256},"duration":45},{"transform":{"scY":0.5,"y":136.3591,"skX":5,"skY":5,"scX":0.5,"x":3.5256},"duration":0}],"name":"001_weiba"},{"frame":[{"tweenEasing":0,"transform":{"skX":5,"skY":5},"duration":45},{"tweenEasing":0,"transform":{"skX":-5,"skY":-5},"duration":45},{"transform":{"skX":5,"skY":5},"duration":0}],"name":"001_denglong1"},{"frame":[{"tweenEasing":0,"transform":{},"duration":45},{"tweenEasing":0,"transform":{},"duration":45},{"transform":{},"duration":0}],"name":"001_denglong_fuji"},{"frame":[{"tweenEasing":0,"transform":{},"duration":45},{"tweenEasing":0,"transform":{},"duration":45},{"transform":{},"duration":0}],"name":"000_fuji"},{"frame":[{"transform":{},"duration":90}],"name":"root"},{"frame":[{"transform":{},"duration":90}],"name":"002_huaban3"},{"frame":[{"transform":{},"duration":90}],"name":"002_huaban2"},{"frame":[{"transform":{},"duration":90}],"name":"002_huaban4"},{"frame":[{"transform":{},"duration":90}],"name":"001_tubiao"},{"frame":[{"transform":{},"duration":90}],"name":"002_huaban1"},{"frame":[{"transform":{},"duration":90}],"name":"002_huaban_fuji"},{"frame":[{"transform":{},"duration":90}],"name":"000_xiaobowen1"},{"frame":[{"transform":{},"duration":90}],"name":"000_xiaobowen3"},{"frame":[{"transform":{},"duration":90}],"name":"001_denglong2"}],"slot":[{"frame":[{"tweenEasing":0,"color":{"aM":39},"duration":90},{"tweenEasing":null,"color":{"aM":39},"duration":0}],"name":"003_daoying_weiba"},{"frame":[{"tweenEasing":0,"color":{"aM":39},"duration":45},{"tweenEasing":0,"color":{"aM":56},"duration":45},{"tweenEasing":null,"color":{"aM":39},"duration":0}],"name":"003_daoying"},{"frame":[{"displayIndex":-1,"tweenEasing":null,"duration":90}],"name":"000_xiaobowen_fuji"},{"frame":[{"displayIndex":-1,"tweenEasing":0,"color":{"aM":0},"duration":19},{"displayIndex":-1,"tweenEasing":0,"color":{"aM":0},"duration":1},{"tweenEasing":0,"duration":42},{"tweenEasing":0,"color":{"aM":0},"duration":1},{"displayIndex":-1,"tweenEasing":null,"color":{"aM":0},"duration":27}],"name":"000_xiaobowen2"},{"frame":[{"displayIndex":-1,"tweenEasing":0,"duration":90},{"displayIndex":-1,"tweenEasing":null,"duration":0}],"name":"001_baozha"},{"frame":[{"tweenEasing":0,"duration":45},{"tweenEasing":0,"duration":45},{"tweenEasing":null,"duration":0}],"name":"001_weiba"},{"frame":[{"tweenEasing":0,"duration":45},{"tweenEasing":0,"duration":45},{"tweenEasing":null,"duration":0}],"name":"001_denglong1"},{"frame":[{"displayIndex":-1,"tweenEasing":0,"duration":45},{"displayIndex":-1,"tweenEasing":0,"duration":45},{"displayIndex":-1,"tweenEasing":null,"duration":0}],"name":"001_denglong_fuji"},{"frame":[{"displayIndex":-1,"tweenEasing":0,"duration":45},{"displayIndex":-1,"tweenEasing":0,"duration":45},{"displayIndex":-1,"tweenEasing":null,"duration":0}],"name":"000_fuji"},{"frame":[{"displayIndex":-1,"tweenEasing":null,"duration":90}],"name":"001_denglong2"},{"frame":[{"displayIndex":-1,"tweenEasing":null,"duration":90}],"name":"001_tubiao"},{"frame":[{"displayIndex":-1,"tweenEasing":null,"duration":90}],"name":"000_xiaobowen1"},{"frame":[{"displayIndex":-1,"tweenEasing":null,"duration":90}],"name":"000_xiaobowen3"},{"frame":[{"displayIndex":-1,"tweenEasing":null,"duration":90}],"name":"002_huaban_fuji"},{"frame":[{"displayIndex":-1,"tweenEasing":null,"duration":90}],"name":"002_huaban1"},{"frame":[{"displayIndex":-1,"tweenEasing":null,"duration":90}],"name":"002_huaban2"},{"frame":[{"displayIndex":-1,"tweenEasing":null,"duration":90}],"name":"002_huaban3"},{"frame":[{"displayIndex":-1,"tweenEasing":null,"duration":90}],"name":"002_huaban4"}],"ffd":[],"frame":[],"ik":[],"name":"002_denglong_xunhuan","duration":90},{"playTimes":0,"bone":[{"frame":[{"tweenEasing":0,"transform":{"y":-130,"skX":-11,"skY":-11,"x":-6.5085},"duration":90},{"transform":{"y":-130,"skX":-11,"skY":-11,"x":-6.5085},"duration":0}],"name":"003_daoying_weiba"},{"frame":[{"tweenEasing":0,"transform":{"scY":0.6,"y":284,"skX":-2,"skY":-2},"duration":45},{"tweenEasing":0,"transform":{"scY":0.6,"y":284,"skX":18,"skY":18},"duration":45},{"transform":{"scY":0.6,"y":284,"skX":-2,"skY":-2},"duration":0}],"name":"003_daoying"},{"frame":[{"tweenEasing":0,"transform":{"scY":2,"y":71.4285,"scX":2,"x":38.8095},"duration":1},{"tweenEasing":0,"transform":{"scY":2,"y":71.4285,"scX":2,"x":38.8095},"duration":1},{"tweenEasing":0,"transform":{"scY":2,"y":-6.0715,"scX":2,"x":38.8095},"duration":18},{"tweenEasing":0,"transform":{"scY":2,"y":27.6241,"scX":2,"x":32.1429},"duration":25},{"tweenEasing":0,"transform":{"scY":2,"y":71.4285,"scX":2,"x":38.8095},"duration":1},{"transform":{"scY":2,"y":71.4285,"scX":2,"x":38.8095},"duration":44}],"name":"002_huaban4"},{"frame":[{"tweenEasing":0,"transform":{"scY":2,"y":152.8571,"scX":2,"x":61.0714},"duration":1},{"tweenEasing":0,"transform":{"scY":2,"y":152.8571,"scX":2,"x":61.0714},"duration":1},{"tweenEasing":0,"transform":{"scY":2,"y":77.0238,"scX":2,"x":61.9047},"duration":53},{"tweenEasing":0,"transform":{"scY":2,"y":119.6567,"scX":2,"x":67.3153},"duration":35},{"transform":{"scY":2,"y":152.8571,"scX":2,"x":61.0714},"duration":0}],"name":"002_huaban3"},{"frame":[{"tweenEasing":0,"transform":{"scY":2,"y":55.4762,"scX":2,"x":-22.1429},"duration":1},{"tweenEasing":0,"transform":{"scY":2,"y":55.4762,"scX":2,"x":-22.1429},"duration":18},{"tweenEasing":0,"transform":{"scY":2,"y":55.4762,"scX":2,"x":-22.1429},"duration":1},{"tweenEasing":0,"transform":{"scY":2,"y":-39.5238,"scX":2,"x":-28.8096},"duration":20},{"tweenEasing":0,"transform":{"scY":2,"y":2.6138,"scX":2,"x":-20.0777},"duration":50},{"transform":{"scY":2,"y":55.4762,"scX":2,"x":-22.1429},"duration":0}],"name":"002_huaban2"},{"frame":[{"tweenEasing":0,"transform":{"scY":2,"y":164.6428,"skX":90,"skY":90,"scX":2,"x":-7.262},"duration":1},{"tweenEasing":0,"transform":{"scY":2,"y":164.6428,"skX":90,"skY":90,"scX":2,"x":-7.262},"duration":43},{"tweenEasing":0,"transform":{"scY":2,"y":164.6428,"skX":90,"skY":90,"scX":2,"x":-7.262},"duration":1},{"tweenEasing":0,"transform":{"scY":2,"y":82.1428,"scX":2,"x":-18.0953},"duration":23},{"tweenEasing":0,"transform":{"scY":2,"y":127.7435,"skX":47.0189,"skY":47.0189,"scX":2,"x":-27.4356},"duration":22},{"transform":{"scY":2,"y":164.6428,"skX":90,"skY":90,"scX":2,"x":-7.262},"duration":0}],"name":"002_huaban1"},{"frame":[{"transform":{"y":175},"duration":90}],"name":"000_xiaobowen_fuji"},{"frame":[{"tweenEasing":0,"transform":{"scY":1.5,"scX":1.5},"duration":19},{"tweenEasing":0,"transform":{"scY":1.5,"scX":1.5},"duration":1},{"tweenEasing":0,"transform":{"scY":0.5,"scX":0.5},"duration":42},{"tweenEasing":0,"transform":{"scY":1.5,"scX":1.5},"duration":1},{"transform":{"scY":1.5,"scX":1.5},"duration":27}],"name":"000_xiaobowen2"},{"frame":[{"tweenEasing":0,"transform":{},"duration":90},{"transform":{},"duration":0}],"name":"001_baozha"},{"frame":[{"tweenEasing":0,"transform":{"scY":0.5,"y":136.3591,"skX":5,"skY":5,"scX":0.5,"x":3.5256},"duration":45},{"tweenEasing":0,"transform":{"scY":0.5,"y":136.3591,"skX":-5,"skY":-5,"scX":0.5,"x":3.5256},"duration":45},{"transform":{"scY":0.5,"y":136.3591,"skX":5,"skY":5,"scX":0.5,"x":3.5256},"duration":0}],"name":"001_weiba"},{"frame":[{"tweenEasing":0,"transform":{},"duration":20},{"tweenEasing":0,"transform":{},"duration":50},{"tweenEasing":0,"transform":{},"duration":20},{"transform":{},"duration":0}],"name":"001_denglong2"},{"frame":[{"tweenEasing":0,"transform":{"skX":5,"skY":5},"duration":45},{"tweenEasing":0,"transform":{"skX":-5,"skY":-5},"duration":45},{"transform":{"skX":5,"skY":5},"duration":0}],"name":"001_denglong1"},{"frame":[{"tweenEasing":0,"transform":{},"duration":45},{"tweenEasing":0,"transform":{},"duration":45},{"transform":{},"duration":0}],"name":"001_denglong_fuji"},{"frame":[{"tweenEasing":0,"transform":{},"duration":45},{"tweenEasing":0,"transform":{},"duration":45},{"transform":{},"duration":0}],"name":"000_fuji"},{"frame":[{"transform":{},"duration":90}],"name":"root"},{"frame":[{"transform":{},"duration":90}],"name":"001_tubiao"},{"frame":[{"transform":{},"duration":90}],"name":"002_huaban_fuji"},{"frame":[{"transform":{},"duration":90}],"name":"000_xiaobowen1"},{"frame":[{"transform":{},"duration":90}],"name":"000_xiaobowen3"}],"slot":[{"frame":[{"tweenEasing":0,"color":{"aM":39},"duration":90},{"tweenEasing":null,"color":{"aM":39},"duration":0}],"name":"003_daoying_weiba"},{"frame":[{"tweenEasing":0,"color":{"aM":39},"duration":45},{"tweenEasing":0,"color":{"aM":56},"duration":45},{"tweenEasing":null,"color":{"aM":39},"duration":0}],"name":"003_daoying"},{"frame":[{"tweenEasing":0,"color":{"aM":0},"duration":1},{"displayIndex":-1,"tweenEasing":0,"color":{"aM":0},"duration":1},{"tweenEasing":0,"color":{"aM":0},"duration":18},{"tweenEasing":0,"duration":25},{"tweenEasing":0,"color":{"aM":0},"duration":1},{"displayIndex":-1,"tweenEasing":null,"color":{"aM":0},"duration":44}],"name":"002_huaban4"},{"frame":[{"tweenEasing":0,"color":{"aM":0},"duration":1},{"displayIndex":-1,"tweenEasing":0,"color":{"aM":0},"duration":1},{"tweenEasing":0,"color":{"aM":0},"duration":53},{"tweenEasing":0,"duration":35},{"tweenEasing":null,"color":{"aM":0},"duration":0}],"name":"002_huaban3"},{"frame":[{"tweenEasing":0,"color":{"aM":0},"duration":1},{"displayIndex":-1,"tweenEasing":0,"color":{"aM":0},"duration":18},{"displayIndex":-1,"tweenEasing":0,"color":{"aM":0},"duration":1},{"tweenEasing":0,"color":{"aM":0},"duration":20},{"tweenEasing":0,"duration":50},{"tweenEasing":null,"color":{"aM":0},"duration":0}],"name":"002_huaban2"},{"frame":[{"tweenEasing":0,"color":{"aM":0},"duration":1},{"displayIndex":-1,"tweenEasing":0,"color":{"aM":0},"duration":43},{"displayIndex":-1,"tweenEasing":0,"color":{"aM":0},"duration":1},{"tweenEasing":0,"color":{"aM":0},"duration":23},{"tweenEasing":0,"duration":22},{"tweenEasing":null,"color":{"aM":0},"duration":0}],"name":"002_huaban1"},{"frame":[{"displayIndex":-1,"tweenEasing":null,"duration":90}],"name":"000_xiaobowen_fuji"},{"frame":[{"displayIndex":-1,"tweenEasing":0,"color":{"aM":0},"duration":19},{"displayIndex":-1,"tweenEasing":0,"color":{"aM":0},"duration":1},{"tweenEasing":0,"duration":42},{"tweenEasing":0,"color":{"aM":0},"duration":1},{"displayIndex":-1,"tweenEasing":null,"color":{"aM":0},"duration":27}],"name":"000_xiaobowen2"},{"frame":[{"displayIndex":-1,"tweenEasing":0,"duration":90},{"displayIndex":-1,"tweenEasing":null,"duration":0}],"name":"001_baozha"},{"frame":[{"tweenEasing":0,"duration":45},{"tweenEasing":0,"duration":45},{"tweenEasing":null,"duration":0}],"name":"001_weiba"},{"frame":[{"tweenEasing":0,"color":{"aM":0},"duration":20},{"tweenEasing":0,"duration":50},{"tweenEasing":0,"duration":20},{"tweenEasing":null,"color":{"aM":0},"duration":0}],"name":"001_denglong2"},{"frame":[{"tweenEasing":0,"duration":45},{"tweenEasing":0,"duration":45},{"tweenEasing":null,"duration":0}],"name":"001_denglong1"},{"frame":[{"displayIndex":-1,"tweenEasing":0,"duration":45},{"displayIndex":-1,"tweenEasing":0,"duration":45},{"displayIndex":-1,"tweenEasing":null,"duration":0}],"name":"001_denglong_fuji"},{"frame":[{"displayIndex":-1,"tweenEasing":0,"duration":45},{"displayIndex":-1,"tweenEasing":0,"duration":45},{"displayIndex":-1,"tweenEasing":null,"duration":0}],"name":"000_fuji"},{"frame":[{"displayIndex":-1,"tweenEasing":null,"duration":90}],"name":"001_tubiao"},{"frame":[{"displayIndex":-1,"tweenEasing":null,"duration":90}],"name":"000_xiaobowen1"},{"frame":[{"displayIndex":-1,"tweenEasing":null,"duration":90}],"name":"000_xiaobowen3"},{"frame":[{"displayIndex":-1,"tweenEasing":null,"duration":90}],"name":"002_huaban_fuji"}],"ffd":[],"frame":[],"ik":[],"name":"003_denglong_xunhuan2","duration":90},{"bone":[{"frame":[{"tweenEasing":0,"transform":{"y":-130,"skX":-1,"skY":-1},"duration":5},{"tweenEasing":0,"transform":{"y":-130,"skX":-1,"skY":-1},"duration":1},{"transform":{"y":-130,"skX":-1,"skY":-1},"duration":54}],"name":"003_daoying_weiba"},{"frame":[{"tweenEasing":0,"transform":{"scY":0.6,"y":284,"scX":1.01},"duration":5},{"tweenEasing":0,"transform":{"scY":0.6,"y":284,"scX":1.01},"duration":1},{"transform":{"scY":0.6,"y":284},"duration":54}],"name":"003_daoying"},{"frame":[{"tweenEasing":0,"transform":{"scY":2,"y":-6.0715,"scX":2,"x":38.8095},"duration":20},{"tweenEasing":0,"transform":{"scY":2,"y":27.6241,"scX":2,"x":32.1429},"duration":40},{"transform":{"scY":2,"y":71.4285,"scX":2,"x":38.8095},"duration":0}],"name":"002_huaban4"},{"frame":[{"tweenEasing":0,"transform":{"scY":2,"y":77.0238,"scX":2,"x":61.9047},"duration":40},{"tweenEasing":0,"transform":{"scY":2,"y":119.6567,"scX":2,"x":67.3153},"duration":20},{"transform":{"scY":2,"y":152.8571,"scX":2,"x":61.0714},"duration":0}],"name":"002_huaban3"},{"frame":[{"tweenEasing":0,"transform":{"scY":2,"y":-39.5238,"scX":2,"x":-28.8096},"duration":27},{"tweenEasing":0,"transform":{"scY":2,"y":2.6138,"scX":2,"x":-20.0777},"duration":33},{"transform":{"scY":2,"y":55.4762,"scX":2,"x":-22.1429},"duration":0}],"name":"002_huaban2"},{"frame":[{"tweenEasing":0,"transform":{"scY":2,"y":82.1428,"scX":2,"x":-18.0953},"duration":33},{"tweenEasing":0,"transform":{"scY":2,"y":127.7435,"skX":47.0189,"skY":47.0189,"scX":2,"x":-27.4356},"duration":27},{"transform":{"scY":2,"y":164.6428,"skX":90,"skY":90,"scX":2,"x":-7.262},"duration":0}],"name":"002_huaban1"},{"frame":[{"transform":{"y":175},"duration":60}],"name":"000_xiaobowen_fuji"},{"frame":[{"tweenEasing":0,"transform":{},"duration":19},{"tweenEasing":0,"transform":{},"duration":1},{"tweenEasing":0,"transform":{"scY":0.5,"scX":0.5},"duration":15},{"tweenEasing":0,"transform":{},"duration":1},{"transform":{},"duration":24}],"name":"000_xiaobowen3"},{"frame":[{"tweenEasing":0,"transform":{},"duration":9},{"tweenEasing":0,"transform":{},"duration":1},{"tweenEasing":0,"transform":{"scY":0.5,"scX":0.5},"duration":15},{"tweenEasing":0,"transform":{"scY":1.5,"scX":1.5},"duration":1},{"transform":{"scY":1.5,"scX":1.5},"duration":34}],"name":"000_xiaobowen2"},{"frame":[{"tweenEasing":0,"transform":{"scY":0.5,"scX":0.5},"duration":15},{"tweenEasing":0,"transform":{"scY":1.5,"scX":1.5},"duration":1},{"transform":{"scY":1.5,"scX":1.5},"duration":44}],"name":"000_xiaobowen1"},{"frame":[{"tweenEasing":0,"transform":{"scY":1.5,"y":68,"scX":1.5},"duration":3},{"tweenEasing":0,"transform":{"scY":1.5,"y":68,"scX":1.5},"duration":3},{"tweenEasing":0,"transform":{"scY":1.5,"y":68,"scX":1.5},"duration":3},{"tweenEasing":0,"transform":{"scY":1.5,"y":68,"scX":1.5},"duration":3},{"tweenEasing":0,"transform":{"scY":1.5,"y":68,"scX":1.5},"duration":3},{"tweenEasing":0,"transform":{"scY":1.5,"y":68,"scX":1.5},"duration":3},{"tweenEasing":0,"transform":{"scY":1.5,"y":68,"scX":1.5},"duration":3},{"tweenEasing":0,"transform":{"scY":1.5,"y":68,"scX":1.5},"duration":1},{"transform":{"scY":1.5,"y":68,"scX":1.5},"duration":38}],"name":"001_baozha"},{"frame":[{"tweenEasing":0,"transform":{"y":72},"duration":5},{"tweenEasing":0,"transform":{"y":72},"duration":55},{"transform":{"y":72},"duration":0}],"name":"001_tubiao"},{"frame":[{"tweenEasing":0,"transform":{"scY":0.5,"y":136.3591,"skX":6,"skY":6,"scX":0.5,"x":3.5256},"duration":5},{"tweenEasing":0,"transform":{"scY":0.5,"y":136.3591,"skX":6,"skY":6,"scX":0.5,"x":3.5256},"duration":1},{"transform":{"scY":0.5,"y":136.3591,"skX":6,"skY":6,"scX":0.5,"x":3.5256},"duration":54}],"name":"001_weiba"},{"frame":[{"tweenEasing":0,"transform":{},"duration":5},{"tweenEasing":0,"transform":{},"duration":1},{"transform":{},"duration":54}],"name":"001_denglong2"},{"frame":[{"tweenEasing":0,"transform":{},"duration":5},{"tweenEasing":0,"transform":{},"duration":1},{"transform":{},"duration":54}],"name":"001_denglong1"},{"frame":[{"tweenEasing":0,"transform":{},"duration":15},{"transform":{},"duration":45}],"name":"001_denglong_fuji"},{"frame":[{"tweenEasing":0,"transform":{},"duration":15},{"transform":{},"duration":45}],"name":"000_fuji"},{"frame":[{"transform":{},"duration":60}],"name":"root"},{"frame":[{"transform":{},"duration":60}],"name":"002_huaban_fuji"}],"slot":[{"frame":[{"tweenEasing":0,"color":{"aM":39},"duration":5},{"tweenEasing":0,"color":{"aM":0},"duration":1},{"displayIndex":-1,"tweenEasing":null,"color":{"aM":39},"duration":54}],"name":"003_daoying_weiba"},{"frame":[{"tweenEasing":0,"color":{"aM":39},"duration":5},{"tweenEasing":0,"color":{"aM":0},"duration":1},{"displayIndex":-1,"tweenEasing":null,"color":{"aM":39},"duration":54}],"name":"003_daoying"},{"frame":[{"tweenEasing":0,"color":{"aM":0},"duration":20},{"tweenEasing":0,"duration":40},{"tweenEasing":null,"color":{"aM":0},"duration":0}],"name":"002_huaban4"},{"frame":[{"tweenEasing":0,"color":{"aM":0},"duration":40},{"tweenEasing":0,"duration":20},{"tweenEasing":null,"color":{"aM":0},"duration":0}],"name":"002_huaban3"},{"frame":[{"tweenEasing":0,"color":{"aM":0},"duration":27},{"tweenEasing":0,"duration":33},{"tweenEasing":null,"color":{"aM":0},"duration":0}],"name":"002_huaban2"},{"frame":[{"tweenEasing":0,"color":{"aM":0},"duration":33},{"tweenEasing":0,"duration":27},{"tweenEasing":null,"color":{"aM":0},"duration":0}],"name":"002_huaban1"},{"frame":[{"displayIndex":-1,"tweenEasing":null,"duration":60}],"name":"000_xiaobowen_fuji"},{"frame":[{"displayIndex":-1,"tweenEasing":0,"duration":19},{"displayIndex":-1,"tweenEasing":0,"duration":1},{"tweenEasing":0,"duration":15},{"tweenEasing":0,"color":{"aM":0},"duration":1},{"displayIndex":-1,"tweenEasing":null,"color":{"aM":0},"duration":24}],"name":"000_xiaobowen3"},{"frame":[{"displayIndex":-1,"tweenEasing":0,"duration":9},{"displayIndex":-1,"tweenEasing":0,"duration":1},{"tweenEasing":0,"duration":15},{"tweenEasing":0,"color":{"aM":0},"duration":1},{"displayIndex":-1,"tweenEasing":null,"color":{"aM":0},"duration":34}],"name":"000_xiaobowen2"},{"frame":[{"tweenEasing":0,"duration":15},{"tweenEasing":0,"color":{"aM":0},"duration":1},{"displayIndex":-1,"tweenEasing":null,"duration":44}],"name":"000_xiaobowen1"},{"frame":[{"displayIndex":1,"tweenEasing":0,"duration":3},{"displayIndex":2,"tweenEasing":0,"duration":3},{"displayIndex":3,"tweenEasing":0,"duration":3},{"displayIndex":4,"tweenEasing":0,"duration":3},{"displayIndex":5,"tweenEasing":0,"duration":3},{"displayIndex":6,"tweenEasing":0,"duration":3},{"displayIndex":7,"tweenEasing":0,"duration":3},{"displayIndex":7,"tweenEasing":0,"color":{"aM":0},"duration":1},{"displayIndex":-1,"tweenEasing":null,"color":{"aM":0},"duration":38}],"name":"001_baozha"},{"frame":[{"tweenEasing":0,"color":{"aM":0},"duration":5},{"tweenEasing":0,"duration":55},{"tweenEasing":null,"duration":0}],"name":"001_tubiao"},{"frame":[{"tweenEasing":0,"duration":5},{"tweenEasing":0,"duration":1},{"displayIndex":-1,"tweenEasing":null,"duration":54}],"name":"001_weiba"},{"frame":[{"tweenEasing":0,"color":{"aM":0},"duration":5},{"tweenEasing":0,"color":{"aM":0},"duration":1},{"displayIndex":-1,"tweenEasing":null,"color":{"aM":0},"duration":54}],"name":"001_denglong2"},{"frame":[{"tweenEasing":0,"duration":5},{"tweenEasing":0,"duration":1},{"displayIndex":-1,"tweenEasing":null,"duration":54}],"name":"001_denglong1"},{"frame":[{"displayIndex":-1,"tweenEasing":0,"duration":15},{"displayIndex":-1,"tweenEasing":null,"duration":45}],"name":"001_denglong_fuji"},{"frame":[{"displayIndex":-1,"tweenEasing":0,"duration":15},{"displayIndex":-1,"tweenEasing":null,"duration":45}],"name":"000_fuji"},{"frame":[{"displayIndex":-1,"tweenEasing":null,"duration":60}],"name":"002_huaban_fuji"}],"ffd":[],"frame":[],"ik":[],"name":"004_denglong_baozha","duration":60}],"skin":[{"slot":[{"display":[{"path":"denglong1","type":"image","name":"denglong1","transform":{"y":39.0173,"x":1.5573}}],"name":"001_denglong1"},{"display":[{"path":"weiba","type":"image","name":"weiba","transform":{"y":38.5,"x":2.9988}}],"name":"001_weiba"},{"display":[{"path":"daqiao_huaban/daqiao_huaban2","type":"image","name":"daqiao_huaban/daqiao_huaban2","transform":{}}],"name":"002_huaban2"},{"display":[{"path":"bai_baiyan_00_eff/bai_baiyan_00_eff_01","type":"image","name":"bai_baiyan_00_eff/bai_baiyan_00_eff_01","transform":{}},{"path":"bai_baiyan_00_eff/bai_baiyan_00_eff_02","type":"image","name":"bai_baiyan_00_eff/bai_baiyan_00_eff_02","transform":{}},{"path":"bai_baiyan_00_eff/bai_baiyan_00_eff_03","type":"image","name":"bai_baiyan_00_eff/bai_baiyan_00_eff_03","transform":{}},{"path":"bai_baiyan_00_eff/bai_baiyan_00_eff_04","type":"image","name":"bai_baiyan_00_eff/bai_baiyan_00_eff_04","transform":{}},{"path":"bai_baiyan_00_eff/bai_baiyan_00_eff_06","type":"image","name":"bai_baiyan_00_eff/bai_baiyan_00_eff_06","transform":{}},{"path":"bai_baiyan_00_eff/bai_baiyan_00_eff_08","type":"image","name":"bai_baiyan_00_eff/bai_baiyan_00_eff_08","transform":{}},{"path":"bai_baiyan_00_eff/bai_baiyan_00_eff_10","type":"image","name":"bai_baiyan_00_eff/bai_baiyan_00_eff_10","transform":{}},{"path":"bai_baiyan_00_eff/bai_baiyan_00_eff_12","type":"image","name":"bai_baiyan_00_eff/bai_baiyan_00_eff_12","transform":{}}],"name":"001_baozha"},{"display":[{"path":"daqiao_huaban/daqiao_huaban4","type":"image","name":"daqiao_huaban/daqiao_huaban4","transform":{}}],"name":"002_huaban4"},{"display":[{"path":"daqiao_huaban/daqiao_bowen","type":"image","name":"daqiao_huaban/daqiao_bowen","transform":{}}],"name":"000_xiaobowen2"},{"display":[{"path":"daoying2","type":"image","name":"daoying2","transform":{"y":-22.2998,"x":1.2}}],"name":"003_daoying_weiba"},{"display":[{"path":"denglong2","type":"image","name":"denglong2","transform":{"y":38.5365,"x":1.2812}}],"name":"001_denglong2"},{"display":[{"path":"daqiao_huaban/daqiao_huaban1","type":"image","name":"daqiao_huaban/daqiao_huaban1","transform":{}}],"name":"002_huaban1"},{"display":[{"path":"tubiao","type":"image","name":"tubiao","transform":{}}],"name":"001_tubiao"},{"display":[{"path":"daqiao_huaban/daqiao_huaban3","type":"image","name":"daqiao_huaban/daqiao_huaban3","transform":{}}],"name":"002_huaban3"},{"display":[{"path":"daqiao_huaban/daqiao_bowen","type":"image","name":"daqiao_huaban/daqiao_bowen","transform":{}}],"name":"000_xiaobowen1"},{"display":[{"path":"daoying1","type":"image","name":"daoying1","transform":{"y":-71.5016,"x":0.9996}}],"name":"003_daoying"},{"display":[{"path":"daqiao_huaban/daqiao_bowen","type":"image","name":"daqiao_huaban/daqiao_bowen","transform":{}}],"name":"000_xiaobowen3"}],"name":""}],"ik":[],"slot":[{"displayIndex":-1,"name":"000_fuji","parent":"000_fuji","color":{}},{"z":1,"displayIndex":-1,"name":"001_denglong_fuji","parent":"001_denglong_fuji","color":{}},{"z":2,"name":"001_denglong1","parent":"001_denglong1","color":{}},{"z":3,"name":"001_denglong2","parent":"001_denglong2","color":{}},{"z":4,"name":"001_weiba","parent":"001_weiba","color":{}},{"z":5,"name":"001_tubiao","parent":"001_tubiao","color":{}},{"z":6,"name":"001_baozha","parent":"001_baozha","color":{}},{"z":7,"name":"000_xiaobowen1","parent":"000_xiaobowen1","color":{}},{"z":8,"name":"000_xiaobowen2","parent":"000_xiaobowen2","color":{}},{"z":9,"name":"000_xiaobowen3","parent":"000_xiaobowen3","color":{}},{"z":10,"displayIndex":-1,"name":"002_huaban_fuji","parent":"002_huaban_fuji","color":{}},{"z":11,"displayIndex":-1,"name":"000_xiaobowen_fuji","parent":"000_xiaobowen_fuji","color":{}},{"z":12,"name":"002_huaban1","parent":"002_huaban1","color":{}},{"z":13,"name":"002_huaban2","parent":"002_huaban2","color":{}},{"z":14,"name":"002_huaban3","parent":"002_huaban3","color":{}},{"z":15,"name":"002_huaban4","parent":"002_huaban4","color":{}},{"z":16,"name":"003_daoying","parent":"003_daoying","color":{}},{"z":17,"name":"003_daoying_weiba","parent":"003_daoying_weiba","color":{}}],"name":"armatureName"}],"name":"denglong_eff","version":"4.0"}