{"frameRate":30,"name":"cardnew","version":"5.5","compatibleVersion":"5.5","armature":[{"type":"Armature","frameRate":30,"name":"armatureName","bone":[{"name":"root"},{"name":"cardoriginal","parent":"root","transform":{"x":0.89,"y":3.01}},{"name":"cb1","parent":"cardoriginal","transform":{"x":-1.3,"y":7.18,"scX":1.078,"scY":1.134}},{"name":"cb2","parent":"cardoriginal","transform":{"x":-1.3,"y":7.18,"scX":1.078,"scY":1.134}},{"name":"cb3","parent":"cardoriginal","transform":{"x":-1.3,"y":7.18,"scX":1.078,"scY":1.134}},{"name":"cb4","parent":"cardoriginal","transform":{"x":-1.3,"y":7.18,"scX":1.078,"scY":1.134}},{"name":"cb5","parent":"cardoriginal","transform":{"x":-1.3,"y":7.18,"scX":1.078,"scY":1.134}},{"name":"cb6","parent":"cardoriginal","transform":{"x":-1.3,"y":7.18,"scX":1.078,"scY":1.134}},{"name":"cb7","parent":"cardoriginal","transform":{"x":-1.22,"y":6.36,"scX":1.078,"scY":1.134}},{"name":"cb8","parent":"cardoriginal","transform":{"x":-1.3,"y":7.18,"scX":1.078,"scY":1.134}},{"name":"cb9","parent":"cardoriginal","transform":{"x":-1.3,"y":7.18,"scX":1.078,"scY":1.134}},{"name":"cb10","parent":"cardoriginal","transform":{"x":-1.3,"y":7.18,"scX":1.078,"scY":1.134}}],"slot":[{"blendMode":"add","displayIndex":-1,"name":"cb1","parent":"cb1"},{"blendMode":"add","displayIndex":-1,"name":"cb2","parent":"cb2"},{"blendMode":"add","displayIndex":-1,"name":"cb3","parent":"cb3"},{"blendMode":"add","displayIndex":-1,"name":"cb4","parent":"cb4"},{"blendMode":"add","displayIndex":-1,"name":"cb5","parent":"cb5"},{"blendMode":"add","displayIndex":-1,"name":"cb6","parent":"cb6"},{"blendMode":"add","displayIndex":-1,"name":"cb7","parent":"cb7"},{"blendMode":"add","displayIndex":-1,"name":"cb8","parent":"cb8"},{"blendMode":"add","displayIndex":-1,"name":"cb9","parent":"cb9"},{"blendMode":"add","displayIndex":-1,"name":"cb10","parent":"cb10"},{"blendMode":"add","displayIndex":-1,"name":"cardoriginal","parent":"cardoriginal"}],"skin":[{"slot":[{"name":"cb8","display":[{"name":"cb8","transform":{"x":0.85,"y":-14.88,"scX":4.497,"scY":4.497}}]},{"name":"cb7","display":[{"name":"cb7","transform":{"x":0.65,"y":-11.57,"scX":4.497,"scY":4.497}}]},{"name":"cb3","display":[{"name":"cb3","transform":{"x":0.09,"y":-13.24,"scX":4.497,"scY":4.497}}]},{"name":"cb6","display":[{"name":"cb6","transform":{"x":0.96,"y":-14.36,"scX":4.497,"scY":4.497}}]},{"name":"cb9","display":[{"name":"cb9","transform":{"x":0.54,"y":-13.24,"scX":4.497,"scY":4.497}}]},{"name":"cardoriginal","display":[{"name":"cardoriginal","transform":{"x":-0.66,"y":-3.48}}]},{"name":"cb4","display":[{"name":"cb4","transform":{"x":0.09,"y":-13.24,"scX":4.497,"scY":4.497}}]},{"name":"cb1","display":[{"name":"cb1","transform":{"x":0.8,"y":-11.32,"scX":4.497,"scY":4.497}}]},{"name":"cb10","display":[{"name":"cb10","transform":{"x":0.09,"y":-13.24,"scX":4.497,"scY":4.497}}]},{"name":"cb2","display":[{"name":"cb2","transform":{"x":0.09,"y":-13.24,"scX":4.497,"scY":4.497}}]},{"name":"cb5","display":[{"name":"cb5","transform":{"x":0.96,"y":-13.24,"scX":4.497,"scY":4.497}}]}]}],"animation":[{"duration":19,"name":"animation","slot":[{"name":"cardoriginal","displayFrame":[{"duration":19}]},{"name":"cb1","displayFrame":[{},{"duration":9,"value":-1},{},{"duration":8,"value":-1}]},{"name":"cb2","displayFrame":[{"value":-1},{},{"duration":9,"value":-1},{},{"duration":7,"value":-1}]},{"name":"cb3","displayFrame":[{"duration":2,"value":-1},{},{"duration":9,"value":-1},{},{"duration":6,"value":-1}]},{"name":"cb4","displayFrame":[{"duration":3,"value":-1},{},{"duration":9,"value":-1},{},{"duration":5,"value":-1}]},{"name":"cb5","displayFrame":[{"duration":4,"value":-1},{},{"duration":9,"value":-1},{},{"duration":4,"value":-1}]},{"name":"cb6","displayFrame":[{"duration":5,"value":-1},{},{"duration":9,"value":-1},{},{"duration":3,"value":-1}]},{"name":"cb7","displayFrame":[{"duration":6,"value":-1},{},{"duration":9,"value":-1},{},{"duration":2,"value":-1}]},{"name":"cb8","displayFrame":[{"duration":7,"value":-1},{},{"duration":9,"value":-1},{},{"value":-1}]},{"name":"cb9","displayFrame":[{"duration":8,"value":-1},{},{"duration":9,"value":-1},{},{"duration":0,"value":-1}]},{"name":"cb10","displayFrame":[{"duration":9,"value":-1},{},{"duration":9,"value":-1},{"duration":0}]}]},{"duration":19,"name":"animation2","slot":[{"name":"cardoriginal","displayFrame":[{"duration":19}]},{"name":"cb1","displayFrame":[{},{"duration":9,"value":-1},{},{"duration":8,"value":-1}],"colorFrame":[{"tweenEasing":0,"value":{"rM":26,"bM":28}},{"duration":18}]},{"name":"cb2","displayFrame":[{"value":-1},{},{"duration":9,"value":-1},{},{"duration":7,"value":-1}],"colorFrame":[{"tweenEasing":0,"value":{"rM":26,"bM":28}},{"duration":18}]},{"name":"cb3","displayFrame":[{"duration":2,"value":-1},{},{"duration":9,"value":-1},{},{"duration":6,"value":-1}],"colorFrame":[{"duration":2,"tweenEasing":0,"value":{"rM":26,"bM":28}},{"duration":17}]},{"name":"cb4","displayFrame":[{"duration":3,"value":-1},{},{"duration":9,"value":-1},{},{"duration":5,"value":-1}],"colorFrame":[{"duration":3,"tweenEasing":0,"value":{"rM":26,"bM":28}},{"duration":16}]},{"name":"cb5","displayFrame":[{"duration":4,"value":-1},{},{"duration":9,"value":-1},{},{"duration":4,"value":-1}],"colorFrame":[{"duration":4,"tweenEasing":0,"value":{"rM":26,"bM":28}},{"duration":15}]},{"name":"cb6","displayFrame":[{"duration":5,"value":-1},{},{"duration":9,"value":-1},{},{"duration":3,"value":-1}],"colorFrame":[{"tweenEasing":0,"value":{"rM":26,"bM":28}},{"duration":18}]},{"name":"cb7","displayFrame":[{"duration":6,"value":-1},{},{"duration":9,"value":-1},{},{"duration":2,"value":-1}],"colorFrame":[{"duration":6,"tweenEasing":0,"value":{"rM":26,"bM":28}},{"duration":13}]},{"name":"cb8","displayFrame":[{"duration":7,"value":-1},{},{"duration":9,"value":-1},{},{"value":-1}],"colorFrame":[{"duration":7,"tweenEasing":0,"value":{"rM":26,"bM":28}},{"duration":12}]},{"name":"cb9","displayFrame":[{"duration":8,"value":-1},{},{"duration":9,"value":-1},{},{"duration":0,"value":-1}],"colorFrame":[{"duration":8,"tweenEasing":0,"value":{"rM":26,"bM":28}},{"duration":11}]},{"name":"cb10","displayFrame":[{"duration":9,"value":-1},{},{"duration":9,"value":-1},{"duration":0}],"colorFrame":[{"duration":9,"tweenEasing":0,"value":{"rM":26,"bM":28}},{"duration":10}]}]},{"duration":19,"name":"animation3","slot":[{"name":"cardoriginal","displayFrame":[{"duration":19}]},{"name":"cb1","displayFrame":[{},{"duration":9,"value":-1},{},{"duration":8,"value":-1}],"colorFrame":[{"tweenEasing":0,"value":{"rM":27,"gM":92}},{"duration":18}]},{"name":"cb2","displayFrame":[{"value":-1},{},{"duration":9,"value":-1},{},{"duration":7,"value":-1}],"colorFrame":[{"tweenEasing":0,"value":{"rM":27,"gM":92}},{"duration":18}]},{"name":"cb3","displayFrame":[{"duration":2,"value":-1},{},{"duration":9,"value":-1},{},{"duration":6,"value":-1}],"colorFrame":[{"duration":2,"tweenEasing":0,"value":{"rM":27,"gM":92}},{"duration":17}]},{"name":"cb4","displayFrame":[{"duration":3,"value":-1},{},{"duration":9,"value":-1},{},{"duration":5,"value":-1}],"colorFrame":[{"duration":3,"tweenEasing":0,"value":{"rM":27,"gM":92}},{"duration":16}]},{"name":"cb5","displayFrame":[{"duration":4,"value":-1},{},{"duration":9,"value":-1},{},{"duration":4,"value":-1}],"colorFrame":[{"duration":4,"tweenEasing":0,"value":{"rM":27,"gM":92}},{"duration":15}]},{"name":"cb6","displayFrame":[{"duration":5,"value":-1},{},{"duration":9,"value":-1},{},{"duration":3,"value":-1}],"colorFrame":[{"tweenEasing":0,"value":{"rM":27,"gM":92}},{"duration":18}]},{"name":"cb7","displayFrame":[{"duration":6,"value":-1},{},{"duration":9,"value":-1},{},{"duration":2,"value":-1}],"colorFrame":[{"duration":6,"tweenEasing":0,"value":{"rM":27,"gM":92}},{"duration":13}]},{"name":"cb8","displayFrame":[{"duration":7,"value":-1},{},{"duration":9,"value":-1},{},{"value":-1}],"colorFrame":[{"duration":7,"tweenEasing":0,"value":{"rM":27,"gM":92}},{"duration":12}]},{"name":"cb9","displayFrame":[{"duration":8,"value":-1},{},{"duration":9,"value":-1},{},{"duration":0,"value":-1}],"colorFrame":[{"duration":8,"tweenEasing":0,"value":{"rM":27,"gM":92}},{"duration":11}]},{"name":"cb10","displayFrame":[{"duration":9,"value":-1},{},{"duration":9,"value":-1},{"duration":0}],"colorFrame":[{"duration":9,"tweenEasing":0,"value":{"rM":27,"gM":92}},{"duration":10}]}]},{"duration":19,"name":"animation4","slot":[{"name":"cardoriginal","displayFrame":[{"duration":19}]},{"name":"cb1","displayFrame":[{},{"duration":9,"value":-1},{},{"duration":8,"value":-1}],"colorFrame":[{"tweenEasing":0,"value":{"rM":83,"gM":26,"bM":99}},{"duration":18}]},{"name":"cb2","displayFrame":[{"value":-1},{},{"duration":9,"value":-1},{},{"duration":7,"value":-1}],"colorFrame":[{"tweenEasing":0,"value":{"rM":83,"gM":26,"bM":99}},{"duration":18}]},{"name":"cb3","displayFrame":[{"duration":2,"value":-1},{},{"duration":9,"value":-1},{},{"duration":6,"value":-1}],"colorFrame":[{"duration":2,"tweenEasing":0,"value":{"rM":83,"gM":26,"bM":99}},{"duration":17}]},{"name":"cb4","displayFrame":[{"duration":3,"value":-1},{},{"duration":9,"value":-1},{},{"duration":5,"value":-1}],"colorFrame":[{"duration":3,"tweenEasing":0,"value":{"rM":83,"gM":26,"bM":99}},{"duration":16}]},{"name":"cb5","displayFrame":[{"duration":4,"value":-1},{},{"duration":9,"value":-1},{},{"duration":4,"value":-1}],"colorFrame":[{"duration":4,"tweenEasing":0,"value":{"rM":83,"gM":26,"bM":99}},{"duration":15}]},{"name":"cb6","displayFrame":[{"duration":5,"value":-1},{},{"duration":9,"value":-1},{},{"duration":3,"value":-1}],"colorFrame":[{"tweenEasing":0,"value":{"rM":83,"gM":26,"bM":99}},{"duration":18}]},{"name":"cb7","displayFrame":[{"duration":6,"value":-1},{},{"duration":9,"value":-1},{},{"duration":2,"value":-1}],"colorFrame":[{"duration":6,"tweenEasing":0,"value":{"rM":83,"gM":26,"bM":99}},{"duration":13}]},{"name":"cb8","displayFrame":[{"duration":7,"value":-1},{},{"duration":9,"value":-1},{},{"value":-1}],"colorFrame":[{"duration":7,"tweenEasing":0,"value":{"rM":83,"gM":26,"bM":99}},{"duration":12}]},{"name":"cb9","displayFrame":[{"duration":8,"value":-1},{},{"duration":9,"value":-1},{},{"duration":0,"value":-1}],"colorFrame":[{"duration":8,"tweenEasing":0,"value":{"rM":83,"gM":26,"bM":99}},{"duration":11}]},{"name":"cb10","displayFrame":[{"duration":9,"value":-1},{},{"duration":9,"value":-1},{"duration":0}],"colorFrame":[{"duration":9,"tweenEasing":0,"value":{"rM":83,"gM":26,"bM":99}},{"duration":10}]}]},{"duration":19,"name":"animation5","slot":[{"name":"cardoriginal","displayFrame":[{"duration":19}]},{"name":"cb1","displayFrame":[{},{"duration":9,"value":-1},{},{"duration":8,"value":-1}],"colorFrame":[{"tweenEasing":0,"value":{"gM":59,"bM":30}},{"duration":18}]},{"name":"cb2","displayFrame":[{"value":-1},{},{"duration":9,"value":-1},{},{"duration":7,"value":-1}],"colorFrame":[{"tweenEasing":0,"value":{"gM":59,"bM":30}},{"duration":18}]},{"name":"cb3","displayFrame":[{"duration":2,"value":-1},{},{"duration":9,"value":-1},{},{"duration":6,"value":-1}],"colorFrame":[{"duration":2,"tweenEasing":0,"value":{"gM":59,"bM":30}},{"duration":17}]},{"name":"cb4","displayFrame":[{"duration":3,"value":-1},{},{"duration":9,"value":-1},{},{"duration":5,"value":-1}],"colorFrame":[{"duration":3,"tweenEasing":0,"value":{"gM":59,"bM":30}},{"duration":16}]},{"name":"cb5","displayFrame":[{"duration":4,"value":-1},{},{"duration":9,"value":-1},{},{"duration":4,"value":-1}],"colorFrame":[{"duration":4,"tweenEasing":0,"value":{"gM":59,"bM":30}},{"duration":15}]},{"name":"cb6","displayFrame":[{"duration":5,"value":-1},{},{"duration":9,"value":-1},{},{"duration":3,"value":-1}],"colorFrame":[{"tweenEasing":0,"value":{"gM":59,"bM":30}},{"duration":18}]},{"name":"cb7","displayFrame":[{"duration":6,"value":-1},{},{"duration":9,"value":-1},{},{"duration":2,"value":-1}],"colorFrame":[{"duration":6,"tweenEasing":0,"value":{"gM":59,"bM":30}},{"duration":13}]},{"name":"cb8","displayFrame":[{"duration":7,"value":-1},{},{"duration":9,"value":-1},{},{"value":-1}],"colorFrame":[{"duration":7,"tweenEasing":0,"value":{"gM":59,"bM":30}},{"duration":12}]},{"name":"cb9","displayFrame":[{"duration":8,"value":-1},{},{"duration":9,"value":-1},{},{"duration":0,"value":-1}],"colorFrame":[{"duration":8,"tweenEasing":0,"value":{"gM":59,"bM":30}},{"duration":11}]},{"name":"cb10","displayFrame":[{"duration":9,"value":-1},{},{"duration":9,"value":-1},{"duration":0}],"colorFrame":[{"duration":9,"tweenEasing":0,"value":{"gM":59,"bM":30}},{"duration":10}]}]},{"duration":19,"name":"animation6","slot":[{"name":"cardoriginal","displayFrame":[{"duration":19}]},{"name":"cb1","displayFrame":[{},{"duration":9,"value":-1},{},{"duration":8,"value":-1}],"colorFrame":[{"tweenEasing":0,"value":{"gM":30,"bM":30}},{"duration":18}]},{"name":"cb2","displayFrame":[{"value":-1},{},{"duration":9,"value":-1},{},{"duration":7,"value":-1}],"colorFrame":[{"tweenEasing":0,"value":{"gM":30,"bM":30}},{"duration":18}]},{"name":"cb3","displayFrame":[{"duration":2,"value":-1},{},{"duration":9,"value":-1},{},{"duration":6,"value":-1}],"colorFrame":[{"duration":2,"tweenEasing":0,"value":{"gM":30,"bM":30}},{"duration":17}]},{"name":"cb4","displayFrame":[{"duration":3,"value":-1},{},{"duration":9,"value":-1},{},{"duration":5,"value":-1}],"colorFrame":[{"duration":3,"tweenEasing":0,"value":{"gM":30,"bM":30}},{"duration":16}]},{"name":"cb5","displayFrame":[{"duration":4,"value":-1},{},{"duration":9,"value":-1},{},{"duration":4,"value":-1}],"colorFrame":[{"duration":4,"tweenEasing":0,"value":{"gM":30,"bM":30}},{"duration":15}]},{"name":"cb6","displayFrame":[{"duration":5,"value":-1},{},{"duration":9,"value":-1},{},{"duration":3,"value":-1}],"colorFrame":[{"tweenEasing":0,"value":{"gM":30,"bM":30}},{"duration":18}]},{"name":"cb7","displayFrame":[{"duration":6,"value":-1},{},{"duration":9,"value":-1},{},{"duration":2,"value":-1}],"colorFrame":[{"duration":6,"tweenEasing":0,"value":{"gM":30,"bM":30}},{"duration":13}]},{"name":"cb8","displayFrame":[{"duration":7,"value":-1},{},{"duration":9,"value":-1},{},{"value":-1}],"colorFrame":[{"duration":7,"tweenEasing":0,"value":{"gM":30,"bM":30}},{"duration":12}]},{"name":"cb9","displayFrame":[{"duration":8,"value":-1},{},{"duration":9,"value":-1},{},{"duration":0,"value":-1}],"colorFrame":[{"duration":8,"tweenEasing":0,"value":{"gM":30,"bM":30}},{"duration":11}]},{"name":"cb10","displayFrame":[{"duration":9,"value":-1},{},{"duration":9,"value":-1},{"duration":0}],"colorFrame":[{"duration":9,"tweenEasing":0,"value":{"gM":30,"bM":30}},{"duration":10}]}]}],"defaultActions":[{"gotoAndPlay":"animation"}]}]}