{"frameRate":30,"name":"wj_015_boluoliefu","version":"5.5","compatibleVersion":"5.5","armature":[{"type":"Armature","frameRate":30,"name":"armatureName","aabb":{"x":-62.47,"y":-262.65,"width":180.01,"height":269.96},"bone":[{"name":"root"},{"name":"1","parent":"root","transform":{"x":-41.12,"y":-19.41}},{"name":"3","parent":"root","transform":{"x":26.2,"y":-19.73}},{"name":"bengdai_kua","parent":"root","transform":{"x":-5.43,"y":-116.51}},{"name":"buff_up","parent":"root","transform":{"y":-249.78}},{"name":"buff_mid","parent":"root","transform":{"y":-134.58}},{"name":"jiao1","parent":"root","transform":{"x":-17.83,"y":-1.16}},{"name":"wj_015_boluoliefu_pz","parent":"root","transform":{"x":-26.05,"y":-64.36,"scX":0.777}},{"name":"jiao2","parent":"root","transform":{"x":48.14,"y":-4.84}},{"name":"buff_flo","parent":"root"},{"length":30,"name":"bengdai_shenti2","parent":"bengdai_kua","transform":{"x":3.3,"y":-3.7,"skX":-89.33,"skY":-89.33}},{"length":52,"name":"bengdai_kua2","parent":"bengdai_kua","transform":{"x":6.24,"y":6.58,"skX":58.48,"skY":58.48}},{"length":53,"name":"bengdai_kua1","parent":"bengdai_kua","transform":{"x":-6.01,"y":7.44,"skX":98.29,"skY":98.29}},{"length":57,"name":"bengdai_xiaotui2","parent":"bengdai_kua2","transform":{"x":44.6619,"y":-3.4849,"skX":41.8917,"skY":41.8917}},{"length":55,"name":"bengdai_xiaotui1","parent":"bengdai_kua1","transform":{"x":51.7578,"y":-3.3364,"skX":52.1356,"skY":52.1356}},{"length":30,"name":"bone","parent":"bengdai_shenti2","transform":{"x":30.27,"skX":21.01,"skY":21.01}},{"length":17,"name":"bengdai_paobu_jiao1","parent":"bengdai_xiaotui2","transform":{"x":56.72,"y":0.36,"skX":-43.33,"skY":-43.33}},{"length":15,"name":"bengdai_shenti4","parent":"bone","transform":{"x":24.53,"y":3.52,"skX":103.56,"skY":103.56}},{"length":16,"name":"bengdai_paobu_jiao2","parent":"bengdai_xiaotui1","transform":{"x":54.68,"y":0.43,"skX":-53.51,"skY":-53.51}},{"length":20,"name":"bengdai_shenti3","parent":"bone","transform":{"x":24.29,"y":-6.68,"skX":-107.16,"skY":-107.16}},{"length":62,"name":"bengdai_tou","parent":"bone","transform":{"x":32.35,"y":-0.28,"skX":-7.15,"skY":-7.15}},{"length":7,"name":"biyan","parent":"bengdai_tou","transform":{"x":30.75,"y":41.74,"skX":1.22,"skY":1.22}},{"length":18,"name":"bengdai_paobu_jiao3","parent":"bengdai_paobu_jiao2","transform":{"x":15.72,"y":-0.06,"skX":-32.72,"skY":-32.72}},{"length":31,"name":"bengdai_dai1","parent":"bengdai_shenti3","transform":{"x":17.44,"y":-1.93,"skX":-26.13,"skY":-26.13}},{"length":37,"name":"bengdai_dab2","parent":"bengdai_shenti4","transform":{"x":10.92,"y":4,"skX":7.08,"skY":7.08}},{"length":16,"name":"bengdai_paobu_jiao4","parent":"bengdai_paobu_jiao1","transform":{"x":16.33,"y":0.48,"skX":-64.08,"skY":-64.08}},{"length":45,"name":"bengdai_xiaobi1","parent":"bengdai_dai1","transform":{"x":37.19,"y":0.44,"skX":150.87,"skY":150.87}},{"length":37,"name":"bengdai_xiaobi2","parent":"bengdai_dab2","transform":{"x":36.44,"y":-0.07,"skX":-79.7,"skY":-79.7}},{"length":35,"name":"bengdai_shou2","parent":"bengdai_xiaobi2","transform":{"x":39.31,"y":1.85,"skX":9.05,"skY":9.05}},{"length":28,"name":"bengdai_shou1","parent":"bengdai_xiaobi1","transform":{"x":46.26,"y":-0.31,"skX":7.98,"skY":7.98}}],"slot":[{"blendMode":"erase","name":"wj_015_boluoliefu_pz","parent":"wj_015_boluoliefu_pz","color":{"aM":0}},{"blendMode":"erase","name":"buff_flo","parent":"buff_flo","color":{"aM":0}},{"name":"bengdai_dab2","parent":"bengdai_dab2","color":{"rM":91,"gM":91,"bM":91}},{"name":"bengdai_xiaobi2","parent":"bengdai_xiaobi2","color":{"rM":91,"gM":91,"bM":91}},{"name":"bengdai_shou2","parent":"bengdai_shou2","color":{"rM":91,"gM":91,"bM":91}},{"name":"bengdai_kua2","parent":"bengdai_kua2","color":{"rM":91,"gM":91,"bM":91}},{"name":"bengdai_paobu_jiao1","parent":"bengdai_paobu_jiao4","color":{"rM":90,"gM":90,"bM":90}},{"name":"bengdai_xiaotui2","parent":"bengdai_xiaotui2","color":{"rM":91,"gM":91,"bM":91}},{"name":"bengdai_shenti","parent":"bengdai_shenti4"},{"name":"bengdai_kua","parent":"bengdai_kua"},{"name":"bengdai_tou","parent":"bengdai_tou"},{"displayIndex":-1,"name":"biyan","parent":"biyan"},{"name":"bengdai_xiaotui1","parent":"bengdai_xiaotui1"},{"name":"bengdai_kua1","parent":"bengdai_kua1"},{"name":"bengdai_paobu_jiao2","parent":"bengdai_paobu_jiao3"},{"name":"bengdai_dai1","parent":"bengdai_dai1"},{"name":"bengdai_xiaobi1","parent":"bengdai_xiaobi1"},{"name":"bengdai_shou1","parent":"bengdai_shou1"},{"blendMode":"erase","name":"buff_up","parent":"buff_up","color":{"aM":0}},{"blendMode":"erase","name":"buff_mid","parent":"buff_mid","color":{"aM":0}}],"ik":[{"chain":1,"name":"tui2","bone":"bengdai_xiaotui2","target":"3"},{"chain":1,"name":"tui1","bone":"bengdai_xiaotui1","target":"1"},{"bendPositive":false,"chain":1,"name":"jiao2","bone":"bengdai_paobu_jiao4","target":"jiao2"},{"bendPositive":false,"chain":1,"name":"jiao1","bone":"bengdai_paobu_jiao3","target":"jiao1"}],"skin":[{"slot":[{"name":"bengdai_xiaotui1","display":[{"type":"mesh","name":"bengdai_paobu_xiaotui1","width":23,"height":63,"vertices":[69.4,-12.07,69.74,12.91,-6.25,13.95,-6.59,-11.04],"uvs":[1.04348,1.10317,-0.04348,1.10317,-0.04348,-0.10317,1.04348,-0.10317],"triangles":[1,0,3,2,1,3],"edges":[1,0,0,3,3,2,2,1],"userEdges":[]}]},{"name":"bengdai_shou2","display":[{"name":"bengdai_shou2","transform":{"x":20.58,"y":-1.26,"skX":39.37,"skY":39.37}}]},{"name":"bengdai_kua2","display":[{"type":"mesh","name":"bengdai_paobu_kuzi2","width":44,"height":69,"vertices":[41.3,-34.26,59.92,5.59,-2.58,34.78,-21.2,-5.07],"uvs":[1,1,0,1,0,0,1,0],"triangles":[1,0,3,2,1,3],"edges":[1,0,0,3,3,2,2,1],"userEdges":[]}]},{"name":"bengdai_paobu_jiao2","display":[{"type":"mesh","name":"bengdai_paobu_jiao1","width":35,"height":25,"vertices":[-2.21,0.15,10.59,4.19,12.27,17.56,-4.19,19.62,-9.47,20.28,-15.05,18.51,-22.96,17.89,-25.55,-2.89,-10.2,-4.81,-8.43,0.8],"uvs":[0.65132,0.23672,1,0.46016,1,1,0.52592,1,0.37392,1,0.22192,0.90172,0,0.83788,0,0,0.44232,0,0.47272,0.2314],"triangles":[3,2,1,0,3,1,8,9,0,6,5,9,7,6,9,8,7,9,4,3,0,9,0,5,5,4,0],"weights":[2,22,0.99095,18,0.00904,1,22,0.99999,2,22,0.99199,18,0.008,2,22,0.04098,18,0.95901,1,18,1,1,18,1,1,18,1,1,18,1,2,22,0.51735,18,0.48264,2,22,0.67452,18,0.32547],"slotPose":[1,0,0,1,0,0],"bonePose":[22,0.995261,0.097235,-0.097235,0.995261,-9.208451,8.752498,18,0.784776,0.619779,-0.619779,0.784776,-21.582323,-0.943342],"edges":[6,5,5,4,4,3,3,2,2,1,1,0,0,8,8,7,7,6],"userEdges":[0,3,0,4,0,5,8,9,9,5]}]},{"name":"bengdai_xiaotui2","display":[{"name":"bengdai_paobu_xiaotui1","transform":{"x":32.83,"y":2.92,"skX":-88.11,"skY":-88.11}}]},{"name":"bengdai_xiaobi1","display":[{"name":"bengdai_xiaobi1","transform":{"x":19.82,"y":1.64,"skX":38.4,"skY":38.4}}]},{"name":"bengdai_kua","display":[{"type":"mesh","name":"bengdai_kua","width":44,"height":39,"vertices":[23.76,25.73,-22.23,25.73,-22.23,-15.26,23.76,-15.26],"uvs":[1.02273,1.02564,-0.02273,1.02564,-0.02273,-0.02564,1.02273,-0.02564],"triangles":[1,0,3,2,1,3],"edges":[1,0,0,3,3,2,2,1],"userEdges":[]}]},{"name":"bengdai_shou1","display":[{"name":"bengdai_shou1","transform":{"x":18.44,"y":3.55,"skX":40.1,"skY":40.1}}]},{"name":"buff_up","display":[{"name":"buff_up","transform":{"x":0.69,"y":-0.69}}]},{"name":"biyan","display":[{"name":"biyan","transform":{"x":-1.62,"y":-22.76,"skX":74.57,"skY":74.57}}]},{"name":"bengdai_xiaobi2","display":[{"name":"bengdai_xiaobi2","transform":{"x":17.93,"y":-0.29,"skX":48.15,"skY":48.15}}]},{"name":"wj_015_boluoliefu_pz","display":[{"name":"wj_015_boluoliefu_pz","transform":{"x":46.16,"y":-66,"scX":13.241,"scY":25.613}}]},{"name":"bengdai_kua1","display":[{"name":"bengdai_paobu_kuzi2","transform":{"x":23.65,"y":1.06,"skX":-120.17,"skY":-120.17}}]},{"name":"bengdai_paobu_jiao1","display":[{"type":"mesh","name":"bengdai_paobu_jiao1","width":35,"height":25,"vertices":[20.24,-5.77,24,-4.81,33.31,-3.93,35.54,8.54,27.09,10.05,18.79,11.52,11.64,12.8,0.17,9.64,-0.33,-0.53,3.6,-16.69,18.65,-12.98,6.5,11.24],"uvs":[0.54187,0.2651,0.69387,0.30234,1,0.48854,1,1,0.75467,1,0.51527,1,0.30627,1,0,0.81838,0,0.50982,0,0,0.44307,0,0.16947,0.9035],"triangles":[1,4,2,2,4,3,11,7,6,1,5,4,11,6,0,10,8,0,8,11,0,9,8,10,8,7,11,0,1,6,5,6,1],"weights":[2,16,0.95665,25,0.04334,2,16,0.60507,25,0.39492,2,16,0.01442,25,0.98557,1,25,1,2,16,0.00045,25,0.99954,2,16,0.01375,25,0.98624,1,25,1,2,16,0.08075,25,0.91924,2,16,0.45444,25,0.54555,2,16,0.9998,25,0.00019,1,16,1,2,16,0.00626,25,0.99373],"slotPose":[1,0,0,1,0,0],"bonePose":[16,0.431771,0.901983,-0.901983,0.431771,9.495024,-11.994083,25,0.999982,0.005934,-0.005934,0.999982,16.112891,2.942554],"edges":[7,6,6,5,5,4,4,3,3,2,2,1,1,0,0,10,10,9,9,8,8,7],"userEdges":[1,5,1,6,0,11,11,7,11,6,1,4,0,8]}]},{"name":"bengdai_dai1","display":[{"name":"bengdai_dab2","transform":{"x":14.45,"y":-0.68,"skX":-31.09,"skY":-31.09}}]},{"name":"bengdai_shenti","display":[{"type":"mesh","name":"bengdai_shenti","width":55,"height":75,"vertices":[22.73,-176.21,27.6,-171.52,28.47,-153.72,24.67,-144.29,19.37,-142.7,16.97,-138.04,17.37,-128.74,15.74,-117.4,7.06,-117.24,-6.15,-116.99,-21.81,-116.69,-23.67,-132.28,-24.4,-145.01,-25.18,-169.18,-13.77,-190.23,-0.55,-187.62,5.77,-192.73,26.11,-186.39,-4.7,-162.28,-8.71,-142.2,-7.77,-131.45,13.71,-155.32,8.22,-140.99,8.2,-130],"uvs":[0.80122,0.1363,0.91107,0.17658,1.03123,0.41072,1.01407,0.56932,0.92137,0.62219,0.86988,0.71534,0.85958,0.85381,0.82181,1.00667,0.6639,1.00667,0.42359,1.00667,0.13864,1.00667,0.11462,0.80345,0.10774,0.65744,0.01162,0.40568,0.09058,0.10357,0.33432,0.08344,0.41672,-0.00667,0.80465,-0.00667,0.40298,0.42079,0.38925,0.67254,0.39955,0.81353,0.76688,0.44596,0.70167,0.68513,0.69136,0.83618],"triangles":[21,4,3,21,3,2,1,21,2,22,5,4,21,22,4,0,21,1,18,21,0,23,8,7,22,23,5,5,23,6,23,7,6,15,18,0,16,0,17,18,22,21,16,15,0,18,19,22,9,8,23,20,9,23,20,23,22,19,20,22,15,14,18,14,13,18,13,12,18,11,10,20,18,12,19,11,20,19,20,10,9,12,11,19],"weights":[2,15,0.22063,17,0.77936,2,15,0.00737,17,0.99262,3,15,0.11414,17,0.78967,10,0.09618,3,15,0.22049,17,0.48343,10,0.29606,3,15,0.21697,17,0.31123,10,0.47179,3,15,0.10693,17,0.11229,10,0.78076,3,15,0.01055,17,0.01805,10,0.97138,2,17,0.00002,10,0.99997,1,10,1,1,10,1,1,10,1,3,15,0.0173,19,0.03224,10,0.95045,3,15,0.12693,19,0.16406,10,0.70899,3,15,0.09247,19,0.81681,10,0.0907,2,19,0.99963,10,0.00036,3,15,0.34543,19,0.65454,10,0.00002,2,15,0.74344,19,0.25655,2,15,0.62632,17,0.37367,3,15,0.64102,19,0.31035,10,0.04861,3,15,0.04824,19,0.03231,10,0.91944,2,19,0.00388,10,0.99611,3,15,0.4946,17,0.35433,10,0.15106,3,15,0.08239,17,0.05276,10,0.86484,3,15,0.0061,17,0.01203,10,0.98185],"slotPose":[1,0,0,1,0,0],"bonePose":[15,0.369422,-0.929262,0.929262,0.369422,-1.77604,-150.47793,17,0.816742,0.577003,-0.577003,0.816742,10.556893,-171.97235,10,0.011693,-0.999932,0.999932,0.011693,-2.13,-120.21,19,-0.99689,-0.078807,0.078807,-0.99689,0.989763,-175.517436],"edges":[13,12,12,11,11,10,10,9,9,8,8,7,7,6,6,5,5,4,4,3,3,2,2,1,1,0,0,17,17,16,16,15,15,14,14,13],"userEdges":[15,18,18,19,19,20,20,9,0,21,21,22,22,23,23,8]}]},{"name":"buff_flo","display":[{"name":"buff_flo","transform":{"x":0.69,"y":-0.69}}]},{"name":"bengdai_tou","display":[{"name":"bengdai_tou","transform":{"x":32.14,"y":2.41,"skX":76.02,"skY":76.02}}]},{"name":"bengdai_dab2","display":[{"name":"bengdai_dab2","transform":{"x":16.53,"y":-1.44,"skX":-31.75,"skY":-31.75}},{"name":"bengdai_paobu_xiaotui1","transform":{"x":71.92,"y":107.17,"skX":-9.14,"skY":-9.14}}]},{"name":"buff_mid","display":[{"name":"buff_mid"}]}]}],"animation":[{"duration":20,"name":"0000_chuchang","bone":[{"name":"bengdai_kua","translateFrame":[{"duration":4,"curve":[0.25,0,1,0.61],"x":14.42,"y":-201.19},{"x":14.42,"y":-16.36},{"duration":5,"curve":[0,0.49,0.577,1],"x":14.42,"y":-16.36},{"duration":10,"curve":[0.25,0,1,0.48],"x":-6.64,"y":44.1},{"duration":0}],"rotateFrame":[{"duration":5,"curve":[0.25,0,1,0.61]},{"duration":5,"curve":[0,0.49,0.577,1]},{"duration":10,"curve":[0.25,0,1,0.48],"rotate":4.04},{"duration":0}]},{"name":"1","translateFrame":[{"duration":4,"tweenEasing":0,"y":-201.19},{"y":-201.19},{"duration":5,"curve":[0,0.49,0.577,1],"x":15.94,"y":-11.11},{"duration":10,"curve":[0.25,0,1,0.48],"x":1.08,"y":-0.13},{"duration":0}],"rotateFrame":[{"duration":4,"tweenEasing":0,"rotate":0.09},{"duration":16}]},{"name":"3","translateFrame":[{"duration":4,"tweenEasing":0,"x":12.79,"y":-223.82},{"x":12.79,"y":-223.82},{"duration":5,"curve":[0,0.49,0.577,1],"x":12.15,"y":-13.34},{"duration":10,"curve":[0.25,0,1,0.48],"x":0.53,"y":-0.42},{"duration":0}],"rotateFrame":[{"duration":4,"tweenEasing":0,"rotate":0.09},{"duration":16}]},{"name":"bengdai_xiaobi1","rotateFrame":[{"duration":5,"rotate":-1.03},{"duration":5,"curve":[0,0.49,0.577,1],"rotate":-1.03},{"duration":10,"curve":[0.25,0,1,0.48],"rotate":65.07},{"duration":0}]},{"name":"bengdai_dai1","rotateFrame":[{"duration":5,"rotate":-10.55},{"duration":5,"curve":[0,0.49,0.577,1],"rotate":-10.55},{"duration":10,"curve":[0.25,0,1,0.48],"rotate":-35.76},{"duration":0}]},{"name":"bengdai_dab2","rotateFrame":[{"duration":10,"rotate":38.44},{"duration":10,"curve":[0.25,0,1,0.48],"rotate":38.44},{"duration":0}]},{"name":"bengdai_tou","rotateFrame":[{"duration":5,"rotate":31.11},{"duration":5,"curve":[0,0.49,0.577,1],"rotate":31.11},{"duration":10,"curve":[0.25,0,1,0.48],"rotate":-6.76},{"duration":0}]},{"name":"bengdai_kua1","rotateFrame":[{"duration":4,"tweenEasing":0,"rotate":-19.7},{"rotate":-18.18},{"duration":5,"rotate":-19.79},{"duration":10,"curve":[0.25,0,1,0.48],"rotate":-19.79},{"duration":0}]},{"name":"bengdai_xiaotui1","rotateFrame":[{"duration":4,"tweenEasing":0,"rotate":63.03},{"rotate":59.08},{"duration":5,"rotate":62.93},{"duration":10,"curve":[0.25,0,1,0.48],"rotate":62.93},{"duration":0}]},{"name":"bengdai_kua2","rotateFrame":[{"duration":4,"tweenEasing":0,"rotate":0.09},{"rotate":-12.75},{"duration":15}]},{"name":"bengdai_xiaotui2","rotateFrame":[{"duration":4,"tweenEasing":0,"rotate":22.32},{"rotate":8.25},{"duration":5,"rotate":22.22},{"duration":10,"curve":[0.25,0,1,0.48],"rotate":22.22},{"duration":0}]},{"name":"bengdai_xiaobi2","rotateFrame":[{"duration":5,"rotate":-41.37},{"duration":5,"curve":[0,0.49,0.577,1],"rotate":-41.37},{"duration":10,"curve":[0.25,0,1,0.48],"rotate":-7.64},{"duration":0}]},{"name":"bengdai_shou2","rotateFrame":[{"duration":5},{"duration":5,"curve":[0,0.49,0.577,1]},{"duration":10,"curve":[0.25,0,1,0.48],"rotate":9.23},{"duration":0}]},{"name":"root","rotateFrame":[{"duration":4,"tweenEasing":0,"rotate":0.09},{"duration":16}]},{"name":"jiao2","rotateFrame":[{"duration":4,"tweenEasing":0,"rotate":91.1},{"duration":16,"rotate":91.01}]},{"name":"jiao1","rotateFrame":[{"duration":20,"rotate":0.09}]},{"name":"bengdai_shenti2","rotateFrame":[{"duration":5,"rotate":-14.77},{"duration":5,"curve":[0,0.49,0.577,1],"rotate":-14.77},{"duration":10,"curve":[0.25,0,1,0.48],"rotate":-11.91},{"duration":0,"rotate":-14.77}]},{"name":"bengdai_paobu_jiao1","rotateFrame":[{"duration":4,"tweenEasing":0,"rotate":0.09},{"rotate":21.07},{"duration":15,"rotate":37.45}]},{"name":"bengdai_paobu_jiao2","rotateFrame":[{"duration":4,"tweenEasing":0,"rotate":0.09},{"rotate":23.11},{"duration":15,"rotate":0.09}]},{"name":"bengdai_paobu_jiao3","rotateFrame":[{"duration":4,"tweenEasing":0,"rotate":0.09},{"rotate":-13.64},{"duration":15,"rotate":0.09}]},{"name":"bengdai_paobu_jiao4","rotateFrame":[{"duration":4,"tweenEasing":0,"rotate":0.09},{"rotate":37.9},{"duration":15,"rotate":0.09}]},{"name":"bone","rotateFrame":[{"duration":5},{"duration":5,"curve":[0,0.49,0.577,1]},{"duration":10,"curve":[0.25,0,1,0.48],"rotate":6.04},{"duration":0}]}],"ffd":[{"name":"bengdai_kua","slot":"bengdai_kua","frame":[{"duration":20,"vertices":[0.91,-1.08,0.97,1.03,-0.91,1.08,-0.97,-1.03]}]}]},{"duration":60,"name":"0001_daiji","bone":[{"name":"bengdai_kua","translateFrame":[{"duration":15,"curve":[0.25,0,0.75,1]},{"duration":15,"curve":[0.25,0,0.75,1],"x":3.95,"y":2.51},{"duration":15,"curve":[0.25,0,0.75,1]},{"duration":15,"curve":[0.25,0,0.75,1],"x":3.95,"y":2.51},{"duration":0}]},{"name":"3","translateFrame":[{"duration":15,"curve":[0.25,0,0.75,1]},{"duration":15,"curve":[0.25,0,0.75,1],"x":1.1,"y":-3.47},{"duration":15,"curve":[0.25,0,0.75,1]},{"duration":15,"curve":[0.25,0,0.75,1],"x":1.1,"y":-3.47},{"duration":0}]},{"name":"bengdai_tou","rotateFrame":[{"duration":15,"curve":[0.25,0,0.75,1]},{"duration":15,"curve":[0.25,0,0.75,1],"rotate":-0.72},{"duration":15,"curve":[0.25,0,0.75,1]},{"duration":15,"curve":[0.25,0,0.75,1],"rotate":-0.72},{"duration":0}]},{"name":"bengdai_dai1","rotateFrame":[{"duration":15,"curve":[0.25,0,0.75,1]},{"duration":15,"curve":[0.25,0,0.75,1],"rotate":-8.85},{"duration":15,"curve":[0.25,0,0.75,1]},{"duration":15,"curve":[0.25,0,0.75,1],"rotate":-8.85},{"duration":0}]},{"name":"bengdai_xiaobi1","rotateFrame":[{"duration":15,"curve":[0.25,0,0.75,1]},{"duration":15,"curve":[0.25,0,0.75,1],"rotate":6.9},{"duration":15,"curve":[0.25,0,0.75,1]},{"duration":15,"curve":[0.25,0,0.75,1],"rotate":6.9},{"duration":0}]},{"name":"bengdai_dab2","rotateFrame":[{"duration":15,"curve":[0.25,0,0.75,1]},{"duration":15,"curve":[0.25,0,0.75,1],"rotate":10.05},{"duration":15,"curve":[0.25,0,0.75,1]},{"duration":15,"curve":[0.25,0,0.75,1],"rotate":10.05},{"duration":0}]},{"name":"bengdai_xiaobi2","rotateFrame":[{"duration":15,"curve":[0.25,0,0.75,1]},{"duration":15,"curve":[0.25,0,0.75,1],"rotate":-11.65},{"duration":15,"curve":[0.25,0,0.75,1]},{"duration":15,"curve":[0.25,0,0.75,1],"rotate":-11.65},{"duration":0}]},{"name":"bengdai_shenti3","rotateFrame":[{"duration":15,"tweenEasing":0},{"duration":15,"curve":[0.25,0,0.75,1],"rotate":-1.86},{"duration":15,"tweenEasing":0},{"duration":15,"tweenEasing":0,"rotate":-1.86},{"duration":0}]},{"name":"bengdai_shenti4","rotateFrame":[{"duration":15,"tweenEasing":0},{"duration":15,"curve":[0.25,0,0.75,1],"rotate":1.84},{"duration":15,"tweenEasing":0},{"duration":15,"tweenEasing":0,"rotate":1.84},{"duration":0}]},{"name":"bone","rotateFrame":[{"duration":15,"tweenEasing":0},{"duration":15,"curve":[0.25,0,0.75,1],"rotate":0.9},{"duration":15,"tweenEasing":0},{"duration":15,"tweenEasing":0,"rotate":0.9},{"duration":0}]}],"slot":[{"name":"biyan","displayFrame":[{"duration":3,"value":-1},{"duration":2},{"duration":55,"value":-1}]}]},{"duration":30,"name":"0002_pao","bone":[{"name":"bengdai_kua","translateFrame":[{"duration":7,"curve":[0.25,0,0.75,1],"x":9.51},{"duration":8,"curve":[0.25,0,0.75,1],"x":9.51,"y":-7.83},{"duration":7,"curve":[0.25,0,0.75,1],"x":9.51},{"duration":8,"curve":[0.25,0,0.75,1],"x":9.51,"y":-7.83},{"duration":0,"x":9.51}]},{"name":"1","translateFrame":[{"duration":5,"curve":[0.25,0,0.75,1],"x":31.55,"y":-27.54},{"duration":5,"curve":[0.25,0,0.75,1],"x":71.09,"y":-30.18},{"duration":5,"curve":[0.25,0,0.75,1],"x":91.2,"y":1.54},{"duration":5,"curve":[0.25,0,0.75,1],"x":30.98,"y":1.2},{"duration":5,"curve":[0.25,0,0.75,1],"x":-20.19,"y":-4.54},{"duration":5,"curve":[0.25,0,0.75,1],"x":-35.14,"y":-47.67},{"duration":0,"x":31.55,"y":-27.54}]},{"name":"3","translateFrame":[{"duration":5,"curve":[0.25,0,0.75,1],"x":-30.05},{"duration":5,"curve":[0.25,0,0.75,1],"x":-78.16,"y":-4.61},{"duration":5,"curve":[0.25,0,0.75,1],"x":-84.75,"y":-38.88},{"duration":5,"curve":[0.25,0,0.75,1],"x":-50.17,"y":-34.49},{"duration":5,"curve":[0.25,0,0.75,1],"x":-3.6,"y":-21.84},{"duration":5,"curve":[0.25,0,0.75,1],"x":23.99,"y":1.72},{"duration":0,"x":-30.05}]},{"name":"bengdai_shenti3","rotateFrame":[{"duration":5,"rotate":-3.48},{"duration":10,"curve":[0.25,0,0.75,1],"rotate":-3.48},{"duration":15,"curve":[0.25,0,0.75,1],"rotate":-20.47},{"duration":0,"rotate":-3.48}]},{"name":"bengdai_dai1","translateFrame":[{"duration":15,"curve":[0.25,0,0.75,1]},{"duration":5,"curve":[0.25,0,0.75,1]},{"duration":5,"curve":[0.25,0,0.75,1],"x":-10.59,"y":-1.92},{"duration":5,"curve":[0.25,0,0.75,1],"x":-10.59,"y":-1.92},{"duration":0}],"rotateFrame":[{"duration":5,"curve":[0.25,0,0.75,1],"rotate":-39.04},{"duration":5,"curve":[0.25,0,0.75,1],"rotate":-0.71},{"duration":5,"curve":[0.25,0,0.75,1],"rotate":-15.75},{"duration":5,"curve":[0.25,0,0.75,1],"rotate":-39.04},{"duration":5,"curve":[0.25,0,0.75,1],"rotate":-88.46},{"duration":5,"curve":[0.25,0,0.75,1],"rotate":-79.7},{"duration":0,"rotate":-39.04}]},{"name":"bengdai_xiaobi1","rotateFrame":[{"duration":5,"curve":[0.25,0,0.75,1],"rotate":132.13},{"duration":5,"curve":[0.25,0,0.75,1],"rotate":133.07},{"duration":5,"curve":[0.25,0,0.75,1],"rotate":122.08},{"duration":10,"curve":[0.25,0,0.75,1],"rotate":147.16},{"duration":5,"curve":[0.25,0,0.75,1],"rotate":121.93},{"duration":0,"rotate":132.13}]},{"name":"bengdai_shenti4","rotateFrame":[{"duration":30,"rotate":-5.13}]},{"name":"bengdai_dab2","translateFrame":[{"duration":15,"curve":[0.25,0,0.75,1]},{"duration":5,"curve":[0.25,0,0.75,1]},{"duration":5,"curve":[0.25,0,0.75,1],"x":-15.72,"y":7.23},{"duration":5,"curve":[0.25,0,0.75,1],"x":-15.72,"y":7.23},{"duration":0}],"rotateFrame":[{"duration":5,"curve":[0.25,0,0.75,1],"rotate":69.51},{"duration":5,"curve":[0.25,0,0.75,1],"rotate":29.93},{"duration":5,"curve":[0.25,0,0.75,1],"rotate":40.57},{"duration":5,"curve":[0.25,0,0.75,1],"rotate":120.56},{"duration":5,"curve":[0.25,0,0.75,1],"rotate":147.13},{"duration":5,"curve":[0.25,0,0.75,1],"rotate":133.01},{"duration":0,"rotate":69.51}]},{"name":"bengdai_xiaobi2","rotateFrame":[{"duration":5,"curve":[0.25,0,0.75,1],"rotate":3.11},{"duration":5,"curve":[0.25,0,0.75,1],"rotate":12.2},{"duration":5,"curve":[0.25,0,0.75,1],"rotate":-11.98},{"duration":10,"curve":[0.25,0,0.75,1],"rotate":3.11},{"duration":5,"curve":[0.25,0,0.75,1],"rotate":-14.38},{"duration":0,"rotate":3.11}]},{"name":"bengdai_shou2","rotateFrame":[{"duration":5,"curve":[0.25,0,0.75,1],"rotate":-7.32},{"duration":10,"curve":[0.25,0,0.75,1]},{"duration":15,"rotate":-7.32}]},{"name":"jiao1","translateFrame":[{"duration":5,"curve":[0.25,0,0.75,1],"x":12.02,"y":-14.02},{"duration":5,"curve":[0.25,0,0.75,1],"x":51.56,"y":-16.66},{"duration":5,"curve":[0.25,0,0.75,1],"x":99.5,"y":-14.87},{"duration":5,"curve":[0.25,0,0.75,1],"x":36.74,"y":-4.25},{"duration":5,"curve":[0.25,0,0.75,1],"x":-21.9,"y":-1.37},{"duration":5,"curve":[0.25,0,0.75,1],"x":-72.5,"y":-37.6},{"duration":0,"x":12.02,"y":-14.02}]},{"name":"jiao2","translateFrame":[{"duration":5,"curve":[0.25,0,0.75,1],"x":-30.05},{"duration":5,"curve":[0.25,0,0.75,1],"x":-87.38,"y":1.97},{"duration":5,"curve":[0.25,0,0.75,1],"x":-115.06,"y":-25.7},{"duration":5,"curve":[0.25,0,0.75,1],"x":-78.92,"y":-22.42},{"duration":5,"curve":[0.25,0,0.75,1],"x":-20.27,"y":-9.19},{"duration":5,"curve":[0.25,0,0.75,1],"x":28.59,"y":-5.74},{"duration":0,"x":-30.05}]}]},{"duration":30,"name":"0003_chongci","bone":[{"name":"bengdai_kua","translateFrame":[{"duration":7,"curve":[0.25,0,0.75,1],"x":9.51},{"duration":8,"curve":[0.25,0,0.75,1],"x":9.51,"y":-7.83},{"duration":7,"curve":[0.25,0,0.75,1],"x":9.51},{"duration":8,"curve":[0.25,0,0.75,1],"x":9.51,"y":-7.83},{"duration":0,"x":9.51}]},{"name":"1","translateFrame":[{"duration":5,"curve":[0.25,0,0.75,1],"x":31.55,"y":-27.54},{"duration":5,"curve":[0.25,0,0.75,1],"x":71.09,"y":-30.18},{"duration":5,"curve":[0.25,0,0.75,1],"x":91.2,"y":1.54},{"duration":5,"curve":[0.25,0,0.75,1],"x":30.98,"y":1.2},{"duration":5,"curve":[0.25,0,0.75,1],"x":-20.19,"y":-4.54},{"duration":5,"curve":[0.25,0,0.75,1],"x":-35.14,"y":-47.67},{"duration":0,"x":31.55,"y":-27.54}]},{"name":"3","translateFrame":[{"duration":5,"curve":[0.25,0,0.75,1],"x":-30.05},{"duration":5,"curve":[0.25,0,0.75,1],"x":-78.16,"y":-4.61},{"duration":5,"curve":[0.25,0,0.75,1],"x":-84.75,"y":-38.88},{"duration":5,"curve":[0.25,0,0.75,1],"x":-50.17,"y":-34.49},{"duration":5,"curve":[0.25,0,0.75,1],"x":-3.6,"y":-21.84},{"duration":5,"curve":[0.25,0,0.75,1],"x":23.99,"y":1.72},{"duration":0,"x":-30.05}]},{"name":"bengdai_shenti3","rotateFrame":[{"duration":5,"rotate":-3.48},{"duration":10,"curve":[0.25,0,0.75,1],"rotate":-3.48},{"duration":15,"curve":[0.25,0,0.75,1],"rotate":-20.47},{"duration":0,"rotate":-3.48}]},{"name":"bengdai_dai1","translateFrame":[{"duration":15,"curve":[0.25,0,0.75,1]},{"duration":5,"curve":[0.25,0,0.75,1]},{"duration":5,"curve":[0.25,0,0.75,1],"x":-10.59,"y":-1.92},{"duration":5,"curve":[0.25,0,0.75,1],"x":-10.59,"y":-1.92},{"duration":0}],"rotateFrame":[{"duration":5,"curve":[0.25,0,0.75,1],"rotate":-39.04},{"duration":5,"curve":[0.25,0,0.75,1],"rotate":-0.71},{"duration":5,"curve":[0.25,0,0.75,1],"rotate":-15.75},{"duration":5,"curve":[0.25,0,0.75,1],"rotate":-39.04},{"duration":5,"curve":[0.25,0,0.75,1],"rotate":-88.46},{"duration":5,"curve":[0.25,0,0.75,1],"rotate":-79.7},{"duration":0,"rotate":-39.04}]},{"name":"bengdai_xiaobi1","rotateFrame":[{"duration":5,"curve":[0.25,0,0.75,1],"rotate":132.13},{"duration":5,"curve":[0.25,0,0.75,1],"rotate":133.07},{"duration":5,"curve":[0.25,0,0.75,1],"rotate":122.08},{"duration":10,"curve":[0.25,0,0.75,1],"rotate":147.16},{"duration":5,"curve":[0.25,0,0.75,1],"rotate":121.93},{"duration":0,"rotate":132.13}]},{"name":"bengdai_shenti4","rotateFrame":[{"duration":30,"rotate":-5.13}]},{"name":"bengdai_dab2","translateFrame":[{"duration":15,"curve":[0.25,0,0.75,1]},{"duration":5,"curve":[0.25,0,0.75,1]},{"duration":5,"curve":[0.25,0,0.75,1],"x":-15.72,"y":7.23},{"duration":5,"curve":[0.25,0,0.75,1],"x":-15.72,"y":7.23},{"duration":0}],"rotateFrame":[{"duration":5,"curve":[0.25,0,0.75,1],"rotate":69.51},{"duration":5,"curve":[0.25,0,0.75,1],"rotate":29.93},{"duration":5,"curve":[0.25,0,0.75,1],"rotate":40.57},{"duration":5,"curve":[0.25,0,0.75,1],"rotate":120.56},{"duration":5,"curve":[0.25,0,0.75,1],"rotate":147.13},{"duration":5,"curve":[0.25,0,0.75,1],"rotate":133.01},{"duration":0,"rotate":69.51}]},{"name":"bengdai_xiaobi2","rotateFrame":[{"duration":5,"curve":[0.25,0,0.75,1],"rotate":3.11},{"duration":5,"curve":[0.25,0,0.75,1],"rotate":12.2},{"duration":5,"curve":[0.25,0,0.75,1],"rotate":-11.98},{"duration":10,"curve":[0.25,0,0.75,1],"rotate":3.11},{"duration":5,"curve":[0.25,0,0.75,1],"rotate":-14.38},{"duration":0,"rotate":3.11}]},{"name":"bengdai_shou2","rotateFrame":[{"duration":5,"curve":[0.25,0,0.75,1],"rotate":-7.32},{"duration":10,"curve":[0.25,0,0.75,1]},{"duration":15,"rotate":-7.32}]},{"name":"jiao1","translateFrame":[{"duration":5,"curve":[0.25,0,0.75,1],"x":12.02,"y":-14.02},{"duration":5,"curve":[0.25,0,0.75,1],"x":51.56,"y":-16.66},{"duration":5,"curve":[0.25,0,0.75,1],"x":99.5,"y":-14.87},{"duration":5,"curve":[0.25,0,0.75,1],"x":36.74,"y":-4.25},{"duration":5,"curve":[0.25,0,0.75,1],"x":-21.9,"y":-1.37},{"duration":5,"curve":[0.25,0,0.75,1],"x":-72.5,"y":-37.6},{"duration":0,"x":12.02,"y":-14.02}]},{"name":"jiao2","translateFrame":[{"duration":5,"curve":[0.25,0,0.75,1],"x":-30.05},{"duration":5,"curve":[0.25,0,0.75,1],"x":-87.38,"y":1.97},{"duration":5,"curve":[0.25,0,0.75,1],"x":-115.06,"y":-25.7},{"duration":5,"curve":[0.25,0,0.75,1],"x":-78.92,"y":-22.42},{"duration":5,"curve":[0.25,0,0.75,1],"x":-20.27,"y":-9.19},{"duration":5,"curve":[0.25,0,0.75,1],"x":28.59,"y":-5.74},{"duration":0,"x":-30.05}]}]},{"duration":28,"name":"0004_tiao","bone":[{"name":"bengdai_kua","translateFrame":[{"duration":5,"tweenEasing":0,"x":6.37,"y":55.22},{"duration":5,"tweenEasing":0,"x":1.49,"y":-18.65},{"duration":5,"tweenEasing":0,"x":1.49,"y":-158.91},{"duration":5,"tweenEasing":0,"x":2.39,"y":-150.96},{"duration":5,"tweenEasing":0,"x":2.39,"y":-55.63},{"duration":2,"tweenEasing":0,"x":2.71,"y":22.31},{"x":6.37,"y":55.22}],"rotateFrame":[{"duration":5,"tweenEasing":0,"rotate":4.68},{"duration":5,"tweenEasing":0},{"duration":5,"tweenEasing":0},{"duration":5,"tweenEasing":0,"rotate":4.18},{"duration":5,"tweenEasing":0,"rotate":4.18},{"duration":3,"rotate":4.68}]},{"name":"1","translateFrame":[{"duration":4,"tweenEasing":0,"x":-1.28,"y":-5.66},{"tweenEasing":0,"x":-10.18,"y":-10.39},{"duration":5,"tweenEasing":0,"x":-10.03,"y":-0.47},{"duration":5,"tweenEasing":0,"x":-35.76,"y":-177.26},{"duration":5,"tweenEasing":0,"x":-18.01,"y":-160.76},{"tweenEasing":0,"x":-8.16,"y":-62.23},{"tweenEasing":0,"x":-7.33,"y":-45.99},{"tweenEasing":0,"x":-4.73,"y":-30.44},{"duration":2,"tweenEasing":0,"x":-2.23,"y":-19.48},{"duration":3,"x":-1.28,"y":-5.66}]},{"name":"3","translateFrame":[{"tweenEasing":0,"x":18.71,"y":4.4},{"tweenEasing":0,"x":17.81,"y":4.42},{"tweenEasing":0,"x":18.19,"y":3.39},{"duration":2,"tweenEasing":0,"x":17.43,"y":3.05},{"duration":5,"tweenEasing":0,"x":12.42,"y":-16.72},{"duration":5,"tweenEasing":0,"x":3.01,"y":-176.35},{"duration":4,"tweenEasing":0,"x":20.44,"y":-158.34},{"tweenEasing":0,"x":19.76,"y":-76.5},{"duration":5,"tweenEasing":0,"x":16.82,"y":-56.04},{"duration":2,"tweenEasing":0,"x":20.55,"y":2.56},{"x":18.71,"y":4.4}]},{"name":"bengdai_tou","translateFrame":[{"duration":5,"tweenEasing":0},{"duration":5,"tweenEasing":0,"x":5.99,"y":0.63},{"duration":10,"tweenEasing":0,"x":5.9,"y":1.29},{"duration":5,"tweenEasing":0,"x":5.9,"y":1.29},{"duration":3}],"rotateFrame":[{"duration":5,"tweenEasing":0,"rotate":-8.57},{"duration":5,"tweenEasing":0,"rotate":-14.71},{"duration":5,"tweenEasing":0,"rotate":-16.28},{"duration":5,"tweenEasing":0,"rotate":-13.1},{"duration":5,"tweenEasing":0,"rotate":-10.78},{"duration":3,"rotate":-8.57}]},{"name":"bengdai_dai1","rotateFrame":[{"duration":5,"tweenEasing":0,"rotate":-72.77},{"duration":5,"tweenEasing":0,"rotate":-49.57},{"duration":5,"tweenEasing":0,"rotate":-28.72},{"duration":5,"rotate":-38.18},{"duration":5,"tweenEasing":0,"rotate":-38.18},{"duration":3,"rotate":-72.77}]},{"name":"bengdai_xiaobi1","rotateFrame":[{"duration":5,"tweenEasing":0,"rotate":74.68},{"duration":5,"tweenEasing":0,"rotate":111.2},{"duration":5,"tweenEasing":0,"rotate":106.21},{"duration":5,"rotate":93.82},{"duration":5,"tweenEasing":0,"rotate":93.82},{"duration":2,"tweenEasing":0,"rotate":108.77},{"tweenEasing":0,"rotate":74.69},{"duration":0,"rotate":74.68}]},{"name":"bengdai_dab2","translateFrame":[{"duration":5,"tweenEasing":0},{"duration":5,"tweenEasing":0},{"duration":10,"tweenEasing":0,"x":-0.83,"y":-4.78},{"duration":5,"tweenEasing":0,"x":-0.83,"y":-4.78},{"duration":3}],"rotateFrame":[{"duration":5,"tweenEasing":0,"rotate":40.8},{"duration":5,"tweenEasing":0,"rotate":43.93},{"duration":5,"tweenEasing":0,"rotate":45.1},{"duration":5,"rotate":34.39},{"duration":5,"tweenEasing":0,"rotate":34.39},{"duration":3,"rotate":40.8}]},{"name":"bengdai_xiaobi2","rotateFrame":[{"duration":5,"tweenEasing":0,"rotate":-13.41},{"duration":5,"rotate":22.43},{"duration":5,"tweenEasing":0,"rotate":22.43},{"duration":5,"rotate":13.91},{"duration":5,"tweenEasing":0,"rotate":13.91},{"duration":3,"rotate":-13.41}]}],"ik":[{"name":"tui2","frame":[{"duration":28}]},{"name":"jiao1","frame":[{"duration":28,"bendPositive":false,"weight":0}]},{"name":"jiao2","frame":[{"duration":28,"bendPositive":false,"weight":0}]}]},{"duration":0,"name":"0005_tiaoyueshang","bone":[{"name":"bengdai_dab2","translateFrame":[{"duration":0,"x":-0.83,"y":-4.78}],"rotateFrame":[{"duration":0,"rotate":45.1}]},{"name":"bengdai_kua","translateFrame":[{"duration":0,"x":1.49,"y":-19.97}]},{"name":"3","translateFrame":[{"duration":0,"x":3.01,"y":-37.4}]},{"name":"bengdai_xiaobi1","rotateFrame":[{"duration":0,"rotate":106.2}]},{"name":"bengdai_xiaobi2","rotateFrame":[{"duration":0,"rotate":22.43}]},{"name":"bengdai_tou","translateFrame":[{"duration":0,"x":5.9,"y":1.29}],"rotateFrame":[{"duration":0,"rotate":15.09}]},{"name":"1","translateFrame":[{"duration":0,"x":28.14,"y":-18.56}]},{"name":"bengdai_dai1","rotateFrame":[{"duration":0,"rotate":-28.72}]},{"name":"jiao1","translateFrame":[{"duration":0,"x":15.1,"y":-9.29}]},{"name":"jiao2","translateFrame":[{"duration":0,"x":-1.16,"y":-33.69}]},{"name":"bone","rotateFrame":[{"duration":0,"rotate":-15.89}]}]},{"duration":0,"name":"0006_tiaoyuezhong","bone":[{"name":"1","translateFrame":[{"duration":0,"x":28.14,"y":-18.56}]},{"name":"bengdai_xiaobi1","rotateFrame":[{"duration":0,"rotate":106.2}]},{"name":"bengdai_tou","translateFrame":[{"duration":0,"x":5.9,"y":1.29}],"rotateFrame":[{"duration":0,"rotate":15.09}]},{"name":"bengdai_xiaobi2","rotateFrame":[{"duration":0,"rotate":22.43}]},{"name":"bengdai_dab2","translateFrame":[{"duration":0,"x":-0.83,"y":-4.78}],"rotateFrame":[{"duration":0,"rotate":45.1}]},{"name":"3","translateFrame":[{"duration":0,"x":3.01,"y":-37.4}]},{"name":"bengdai_dai1","rotateFrame":[{"duration":0,"rotate":-28.72}]},{"name":"bengdai_kua","translateFrame":[{"duration":0,"x":1.49,"y":-19.97}]},{"name":"bone","rotateFrame":[{"duration":0,"rotate":-15.89}]},{"name":"jiao1","translateFrame":[{"duration":0,"x":15.1,"y":-9.29}]},{"name":"jiao2","translateFrame":[{"duration":0,"x":-1.16,"y":-33.69}]}]},{"duration":0,"name":"0007_tiaoyuexia","bone":[{"name":"bengdai_dab2","translateFrame":[{"duration":0,"x":-0.83,"y":-4.78}],"rotateFrame":[{"duration":0,"rotate":45.1}]},{"name":"bengdai_xiaobi1","rotateFrame":[{"duration":0,"rotate":106.2}]},{"name":"bengdai_kua","translateFrame":[{"duration":0,"x":1.49,"y":-19.97}]},{"name":"3","translateFrame":[{"duration":0,"x":3.01,"y":-37.4}]},{"name":"bengdai_xiaobi2","rotateFrame":[{"duration":0,"rotate":22.43}]},{"name":"1","translateFrame":[{"duration":0,"x":28.14,"y":-18.56}]},{"name":"bengdai_dai1","rotateFrame":[{"duration":0,"rotate":-28.72}]},{"name":"bengdai_tou","translateFrame":[{"duration":0,"x":5.9,"y":1.29}],"rotateFrame":[{"duration":0,"rotate":15.09}]},{"name":"jiao1","translateFrame":[{"duration":0,"x":15.1,"y":-9.29}]},{"name":"jiao2","translateFrame":[{"duration":0,"x":-1.16,"y":-33.69}]},{"name":"bone","rotateFrame":[{"duration":0,"rotate":-15.89}]}]},{"duration":15,"name":"0008_shouji1","bone":[{"name":"bengdai_kua","translateFrame":[{"duration":3,"tweenEasing":0},{"duration":5,"tweenEasing":0,"x":-19.1,"y":-0.63},{"duration":7,"tweenEasing":0,"x":-18,"y":-2.34},{"duration":0}],"rotateFrame":[{"duration":3,"tweenEasing":0},{"duration":5,"tweenEasing":0},{"duration":7,"tweenEasing":0,"rotate":-5.48},{"duration":0}]},{"name":"bengdai_shou2","rotateFrame":[{"duration":3},{"duration":5,"tweenEasing":0},{"duration":7,"tweenEasing":0,"rotate":-0.67},{"duration":0}]},{"name":"bengdai_xiaobi2","rotateFrame":[{"duration":3,"tweenEasing":0},{"duration":5,"tweenEasing":0,"rotate":6.25},{"duration":7,"tweenEasing":0,"rotate":5.58},{"duration":0}]},{"name":"bengdai_dab2","rotateFrame":[{"duration":3,"tweenEasing":0},{"duration":5,"tweenEasing":0,"rotate":26.69},{"duration":7,"tweenEasing":0,"rotate":10.91},{"duration":0}]},{"name":"bengdai_shou1","rotateFrame":[{"duration":3},{"duration":5,"tweenEasing":0},{"duration":7,"tweenEasing":0,"rotate":-0.67},{"duration":0}]},{"name":"bengdai_xiaobi1","rotateFrame":[{"duration":3,"tweenEasing":0},{"duration":5,"tweenEasing":0,"rotate":28.91},{"duration":7,"tweenEasing":0,"rotate":12.39},{"duration":0}]},{"name":"bengdai_dai1","rotateFrame":[{"duration":3,"tweenEasing":0},{"duration":5,"tweenEasing":0,"rotate":-32.78},{"duration":7,"tweenEasing":0,"rotate":-24.41},{"duration":0}]},{"name":"bengdai_tou","rotateFrame":[{"duration":3},{"duration":5,"tweenEasing":0},{"duration":7,"tweenEasing":0,"rotate":-9.86},{"duration":0}]},{"name":"3","translateFrame":[{"duration":3,"tweenEasing":0},{"duration":5,"tweenEasing":0,"x":6.8,"y":1.13},{"duration":7,"tweenEasing":0,"x":3.38,"y":-0.57},{"duration":0}],"rotateFrame":[{"duration":3,"tweenEasing":0},{"duration":5,"tweenEasing":0},{"duration":7,"tweenEasing":0,"rotate":-0.67},{"duration":0}]},{"name":"1","translateFrame":[{"duration":3},{"duration":5,"tweenEasing":0},{"duration":7,"tweenEasing":0,"x":-3.41,"y":-1.71},{"duration":0}],"rotateFrame":[{"duration":3},{"duration":5,"tweenEasing":0},{"duration":7,"tweenEasing":0,"rotate":-0.67},{"duration":0}]},{"name":"biyan","rotateFrame":[{"duration":3},{"duration":5,"tweenEasing":0},{"duration":7,"rotate":-0.67}]}],"slot":[{"name":"biyan","displayFrame":[{"duration":3,"value":-1},{"duration":4},{"duration":8,"value":-1}]}]},{"duration":15,"name":"0009_shouji2","bone":[{"name":"bengdai_kua","translateFrame":[{"duration":3,"tweenEasing":0},{"duration":12,"tweenEasing":0,"x":-31.5,"y":5.94},{"duration":0}],"rotateFrame":[{"duration":3,"tweenEasing":0},{"duration":12,"tweenEasing":0,"rotate":-13.98},{"duration":0}]},{"name":"1","translateFrame":[{"duration":3,"tweenEasing":0},{"duration":12,"tweenEasing":0,"x":-1.87,"y":-0.6},{"duration":0}]},{"name":"3","translateFrame":[{"duration":3,"tweenEasing":0},{"duration":12,"tweenEasing":0,"x":1.62,"y":-5.36},{"duration":0}]},{"name":"bengdai_tou","rotateFrame":[{"duration":3,"tweenEasing":0},{"duration":12,"tweenEasing":0,"rotate":-3.24},{"duration":0}]},{"name":"bengdai_dai1","rotateFrame":[{"duration":3,"tweenEasing":0},{"duration":12,"tweenEasing":0,"rotate":-32.62},{"duration":0}]},{"name":"bengdai_xiaobi1","rotateFrame":[{"duration":3,"tweenEasing":0},{"duration":12,"tweenEasing":0,"rotate":54.32},{"duration":0}]},{"name":"bengdai_dab2","rotateFrame":[{"duration":3,"tweenEasing":0},{"duration":12,"tweenEasing":0,"rotate":30.54},{"duration":0}]},{"name":"bengdai_xiaobi2","rotateFrame":[{"duration":3,"tweenEasing":0},{"duration":12,"tweenEasing":0,"rotate":19.03},{"duration":0}]}],"slot":[{"name":"biyan","displayFrame":[{"duration":3,"value":-1},{"duration":12},{"duration":0,"value":-1}]}]},{"duration":30,"name":"0010_fukongdaodi","bone":[{"name":"root","translateFrame":[{"duration":15},{"duration":5,"curve":[0.009,0.23,0.75,1]},{"duration":10,"x":-0.01,"y":-8.09}],"rotateFrame":[{"duration":30,"rotate":-0.09}]},{"name":"bengdai_kua","translateFrame":[{"duration":5,"curve":[0,0.28,0.75,1]},{"duration":5,"curve":[0.25,0,1,0.79]},{"duration":5,"curve":[0.25,0,1,0.81],"x":-0.06,"y":35.32},{"duration":5,"x":2.03,"y":99.36},{"duration":5,"curve":[0.25,0,0.75,1],"x":2.03,"y":99.36},{"duration":5,"curve":[0.25,0,0.75,1],"x":3.08,"y":109.47},{"duration":0,"x":4.74,"y":113.07}],"rotateFrame":[{"duration":5,"curve":[0,0.28,0.75,1]},{"duration":5,"curve":[0.25,0,1,0.79],"rotate":-50.02},{"duration":20,"rotate":-82.7}]},{"name":"1","translateFrame":[{"duration":30,"x":24.34,"y":-0.04}],"rotateFrame":[{"duration":30,"rotate":-0.09}]},{"name":"bengdai_kua1","rotateFrame":[{"duration":5,"curve":[0,0.28,0.75,1],"rotate":-21.08},{"duration":5,"curve":[0.25,0,1,0.79],"rotate":-5.29},{"duration":5,"curve":[0.25,0,1,0.81],"rotate":-41},{"duration":5,"curve":[0.009,0.23,0.75,1],"rotate":-59.37},{"duration":5,"curve":[0.25,0,0.75,1],"rotate":-17.07},{"duration":5,"curve":[0.25,0,0.75,1],"rotate":-30.82},{"duration":0,"rotate":-27.95}]},{"name":"bengdai_xiaotui1","rotateFrame":[{"duration":5,"curve":[0,0.28,0.75,1],"rotate":67.8},{"duration":10,"rotate":41.34},{"duration":5,"curve":[0.009,0.23,0.75,1],"rotate":41.34},{"duration":5,"rotate":42.97},{"duration":5,"curve":[0.25,0,0.75,1],"rotate":42.97},{"duration":0,"rotate":33.91}]},{"name":"3","rotateFrame":[{"duration":30,"rotate":-0.09}]},{"name":"bengdai_kua2","rotateFrame":[{"duration":5,"curve":[0,0.28,0.75,1],"rotate":-17.18},{"duration":5,"rotate":-20.31},{"duration":5,"curve":[0.25,0,1,0.81],"rotate":-20.31},{"duration":5,"curve":[0.009,0.23,0.75,1],"rotate":-30.73},{"duration":5,"curve":[0.25,0,0.75,1],"rotate":8.46},{"duration":5,"curve":[0.25,0,0.75,1],"rotate":-9.46},{"duration":0,"rotate":7.97}]},{"name":"bengdai_xiaotui2","rotateFrame":[{"duration":5,"curve":[0,0.28,0.75,1],"rotate":11.85},{"duration":5,"curve":[0.25,0,1,0.79],"rotate":4.67},{"duration":5,"rotate":-17.04},{"duration":5,"curve":[0.009,0.23,0.75,1],"rotate":-17.04},{"duration":5,"curve":[0.25,0,0.75,1],"rotate":-10.63},{"duration":5,"curve":[0.25,0,0.75,1],"rotate":-23.65},{"duration":0,"rotate":-9.04}]},{"name":"bengdai_tou","rotateFrame":[{"duration":5,"curve":[0,0.28,0.75,1]},{"duration":10,"rotate":28.53},{"duration":5,"curve":[0.009,0.23,0.75,1],"rotate":28.53},{"duration":5,"curve":[0.25,0,0.75,1],"rotate":20.57},{"duration":5,"curve":[0.25,0,0.75,1],"rotate":30.82},{"duration":0,"rotate":19.31}]},{"name":"bengdai_dai1","rotateFrame":[{"duration":5,"curve":[0,0.28,0.75,1]},{"duration":5,"curve":[0.25,0,1,0.79],"rotate":-22.5},{"duration":5,"curve":[0.25,0,1,0.81],"rotate":-78.06},{"duration":5,"curve":[0.009,0.23,0.75,1],"rotate":-113.83},{"duration":5,"curve":[0.25,0,0.75,1],"rotate":-38.99},{"duration":5,"curve":[0.25,0,0.75,1],"rotate":-47.38},{"duration":0,"rotate":-39.11}]},{"name":"bengdai_xiaobi1","rotateFrame":[{"duration":5,"curve":[0,0.28,0.75,1]},{"duration":5,"curve":[0.25,0,1,0.79],"rotate":62.41},{"duration":5,"curve":[0.25,0,1,0.81],"rotate":160.22},{"duration":5,"curve":[0.009,0.23,0.75,1],"rotate":167.83},{"duration":5,"curve":[0.25,0,0.75,1],"rotate":173.37},{"duration":5,"curve":[0.25,0,0.75,1],"rotate":-162.51},{"duration":0,"rotate":-155.04}]},{"name":"bengdai_dab2","rotateFrame":[{"duration":5,"curve":[0,0.28,0.75,1]},{"duration":5,"rotate":12.77},{"duration":5,"curve":[0.25,0,1,0.81],"rotate":12.77},{"duration":5,"curve":[0.009,0.23,0.75,1],"rotate":-22.03},{"duration":5,"curve":[0.25,0,0.75,1],"rotate":100.2},{"duration":5,"curve":[0.25,0,0.75,1],"rotate":81.27},{"duration":0,"rotate":89.24}]},{"name":"bengdai_xiaobi2","rotateFrame":[{"duration":5,"curve":[0,0.28,0.75,1]},{"duration":5,"curve":[0.25,0,1,0.79],"rotate":23.93},{"duration":5,"rotate":56.17},{"duration":5,"curve":[0.009,0.23,0.75,1],"rotate":56.17},{"duration":5,"curve":[0.25,0,0.75,1],"rotate":32.68},{"duration":5,"rotate":63.95}]},{"name":"jiao2","rotateFrame":[{"duration":30,"rotate":-0.09}]},{"name":"jiao1","rotateFrame":[{"duration":30,"rotate":-0.09}]},{"name":"bengdai_paobu_jiao2","rotateFrame":[{"duration":5,"rotate":-13.81},{"duration":5,"curve":[0.25,0,1,0.79],"rotate":-13.81},{"duration":20,"rotate":11.16}]},{"name":"bengdai_paobu_jiao3","rotateFrame":[{"duration":30,"rotate":-21.47}]},{"name":"bengdai_paobu_jiao1","rotateFrame":[{"duration":5,"rotate":9.62},{"duration":5,"curve":[0.25,0,1,0.79],"rotate":9.62},{"duration":20,"rotate":21.38}]},{"name":"bengdai_paobu_jiao4","rotateFrame":[{"duration":30,"rotate":-0.09}]},{"name":"bengdai_shenti2","rotateFrame":[{"duration":5},{"duration":5,"curve":[0.25,0,1,0.79]},{"duration":5,"curve":[0.25,0,1,0.81],"rotate":9.88},{"duration":5,"curve":[0.009,0.23,0.75,1],"rotate":12.22},{"duration":10,"rotate":0.3}]},{"name":"bone","rotateFrame":[{"duration":5,"curve":[0,0.28,0.75,1]},{"duration":5,"curve":[0.25,0,1,0.79],"rotate":3.43},{"duration":5,"rotate":16.42},{"duration":5,"curve":[0.009,0.23,0.75,1],"rotate":16.42},{"duration":5,"curve":[0.25,0,0.75,1],"rotate":-52.89},{"duration":5,"curve":[0.25,0,0.75,1],"rotate":-38.53},{"duration":0,"rotate":-37.77}]}],"slot":[{"name":"biyan","displayFrame":[{"duration":30}]}],"ik":[{"name":"tui1","frame":[{"duration":30,"weight":0}]},{"name":"tui2","frame":[{"duration":30,"weight":0}]},{"name":"jiao1","frame":[{"duration":30,"bendPositive":false,"weight":0}]},{"name":"jiao2","frame":[{"duration":30,"bendPositive":false,"weight":0}]}]},{"duration":3,"name":"0011_jifeishangsheng","bone":[{"name":"root","rotateFrame":[{"duration":3,"rotate":-0.09}]},{"name":"bengdai_kua","rotateFrame":[{"duration":3,"curve":[0,0.28,0.75,1]},{"duration":0,"rotate":-50.02}]},{"name":"1","translateFrame":[{"duration":3,"x":24.34,"y":-0.04}],"rotateFrame":[{"duration":3,"rotate":-0.09}]},{"name":"bengdai_kua1","rotateFrame":[{"duration":3,"curve":[0,0.28,0.75,1],"rotate":-21.08},{"duration":0,"rotate":-5.29}]},{"name":"bengdai_xiaotui1","rotateFrame":[{"duration":3,"curve":[0,0.28,0.75,1],"rotate":67.8},{"duration":0,"rotate":41.34}]},{"name":"3","rotateFrame":[{"duration":3,"rotate":-0.09}]},{"name":"bengdai_kua2","rotateFrame":[{"duration":3,"curve":[0,0.28,0.75,1],"rotate":-17.18},{"duration":0,"rotate":-20.31}]},{"name":"bengdai_xiaotui2","rotateFrame":[{"duration":3,"curve":[0,0.28,0.75,1],"rotate":11.85},{"duration":0,"rotate":4.67}]},{"name":"bengdai_tou","rotateFrame":[{"duration":3,"curve":[0,0.28,0.75,1]},{"duration":0,"rotate":28.53}]},{"name":"bengdai_dai1","rotateFrame":[{"duration":3,"curve":[0,0.28,0.75,1]},{"duration":0,"rotate":-22.5}]},{"name":"bengdai_xiaobi1","rotateFrame":[{"duration":3,"curve":[0,0.28,0.75,1]},{"duration":0,"rotate":62.41}]},{"name":"bengdai_dab2","rotateFrame":[{"duration":3,"curve":[0,0.28,0.75,1]},{"duration":0,"rotate":12.77}]},{"name":"bengdai_xiaobi2","rotateFrame":[{"duration":3,"curve":[0,0.28,0.75,1]},{"duration":0,"rotate":23.93}]},{"name":"jiao2","rotateFrame":[{"duration":3,"rotate":-0.09}]},{"name":"jiao1","rotateFrame":[{"duration":3,"rotate":-0.09}]},{"name":"bengdai_paobu_jiao2","rotateFrame":[{"duration":3,"rotate":-13.81}]},{"name":"bengdai_paobu_jiao3","rotateFrame":[{"duration":3,"rotate":-21.47}]},{"name":"bengdai_paobu_jiao1","rotateFrame":[{"duration":3,"rotate":9.62}]},{"name":"bengdai_paobu_jiao4","rotateFrame":[{"duration":3,"rotate":-0.09}]},{"name":"bone","rotateFrame":[{"duration":3,"curve":[0,0.28,0.75,1]},{"duration":0,"rotate":3.43}]},{"name":"wj_015_boluoliefu_pz","translateFrame":[{"duration":3,"tweenEasing":0},{"duration":0,"x":-29.41,"y":-11.53}],"scaleFrame":[{"duration":3,"tweenEasing":0},{"duration":0,"x":1.71,"y":0.88}]}],"slot":[{"name":"biyan","displayFrame":[{"duration":3}]}],"ik":[{"name":"tui1","frame":[{"duration":3,"weight":0}]},{"name":"tui2","frame":[{"duration":3,"weight":0}]},{"name":"jiao1","frame":[{"duration":3,"bendPositive":false,"weight":0}]},{"name":"jiao2","frame":[{"duration":3,"bendPositive":false,"weight":0}]}]},{"duration":0,"name":"0012_jifeixialuo","bone":[{"name":"root","rotateFrame":[{"duration":0,"rotate":-0.09}]},{"name":"bengdai_kua","translateFrame":[{"duration":0,"x":-20.94,"y":27.55}],"rotateFrame":[{"duration":0,"rotate":-43.77}]},{"name":"1","translateFrame":[{"duration":0,"x":24.34,"y":-0.04}],"rotateFrame":[{"duration":0,"rotate":-0.09}]},{"name":"bengdai_kua1","rotateFrame":[{"duration":0,"rotate":-41}]},{"name":"bengdai_xiaotui1","rotateFrame":[{"duration":0,"rotate":41.34}]},{"name":"3","rotateFrame":[{"duration":0,"rotate":-0.09}]},{"name":"bengdai_kua2","rotateFrame":[{"duration":0,"rotate":-20.31}]},{"name":"bengdai_xiaotui2","rotateFrame":[{"duration":0,"rotate":-17.04}]},{"name":"bengdai_tou","rotateFrame":[{"duration":0,"rotate":28.53}]},{"name":"bengdai_dai1","rotateFrame":[{"duration":0,"rotate":-78.06}]},{"name":"bengdai_xiaobi1","rotateFrame":[{"duration":0,"rotate":160.22}]},{"name":"bengdai_dab2","rotateFrame":[{"duration":0,"rotate":12.77}]},{"name":"bengdai_xiaobi2","rotateFrame":[{"duration":0,"rotate":56.17}]},{"name":"jiao2","rotateFrame":[{"duration":0,"rotate":-0.09}]},{"name":"jiao1","rotateFrame":[{"duration":0,"rotate":-0.09}]},{"name":"bengdai_paobu_jiao2","rotateFrame":[{"duration":0,"rotate":11.16}]},{"name":"bengdai_paobu_jiao3","rotateFrame":[{"duration":0,"rotate":-21.47}]},{"name":"bengdai_paobu_jiao1","rotateFrame":[{"duration":0,"rotate":21.38}]},{"name":"bengdai_paobu_jiao4","rotateFrame":[{"duration":0,"rotate":-0.09}]},{"name":"bengdai_shenti2","rotateFrame":[{"duration":0,"rotate":9.88}]},{"name":"bone","rotateFrame":[{"duration":0,"rotate":16.42}]},{"name":"wj_015_boluoliefu_pz","translateFrame":[{"duration":0,"x":-21.73,"y":2.48}],"scaleFrame":[{"duration":0,"x":1.71,"y":0.85}]}],"slot":[{"name":"biyan","displayFrame":[{"duration":0}]}],"ik":[{"name":"tui1","frame":[{"duration":0,"weight":0}]},{"name":"tui2","frame":[{"duration":0,"weight":0}]},{"name":"jiao1","frame":[{"duration":0,"bendPositive":false,"weight":0}]},{"name":"jiao2","frame":[{"duration":0,"bendPositive":false,"weight":0}]}]},{"duration":6,"name":"0013_daodi","bone":[{"name":"root","translateFrame":[{"duration":3,"curve":[0.009,0.23,0.75,1]},{"duration":3,"x":-0.01,"y":-8.09}],"rotateFrame":[{"duration":6,"rotate":-0.09}]},{"name":"bengdai_kua","translateFrame":[{"duration":3,"x":2.03,"y":99.36},{"duration":3,"curve":[0.25,0,0.75,1],"x":2.03,"y":99.36},{"duration":0,"x":4.74,"y":113.07}],"rotateFrame":[{"duration":6,"rotate":-82.7}]},{"name":"1","translateFrame":[{"duration":6,"x":24.34,"y":-0.04}],"rotateFrame":[{"duration":6,"rotate":-0.09}]},{"name":"bengdai_kua1","rotateFrame":[{"duration":3,"curve":[0.009,0.23,0.75,1],"rotate":-59.37},{"duration":3,"curve":[0.25,0,0.75,1],"rotate":-17.07},{"duration":0,"rotate":-27.95}]},{"name":"bengdai_xiaotui1","rotateFrame":[{"duration":3,"curve":[0.009,0.23,0.75,1],"rotate":41.34},{"duration":3,"curve":[0.25,0,0.75,1],"rotate":42.97},{"duration":0,"rotate":33.91}]},{"name":"3","rotateFrame":[{"duration":6,"rotate":-0.09}]},{"name":"bengdai_kua2","rotateFrame":[{"duration":3,"curve":[0.009,0.23,0.75,1],"rotate":-30.73},{"duration":3,"curve":[0.25,0,0.75,1],"rotate":8.46},{"duration":0,"rotate":7.97}]},{"name":"bengdai_xiaotui2","rotateFrame":[{"duration":3,"curve":[0.009,0.23,0.75,1],"rotate":-17.04},{"duration":3,"curve":[0.25,0,0.75,1],"rotate":-10.63},{"duration":0,"rotate":-9.04}]},{"name":"bengdai_tou","rotateFrame":[{"duration":3,"curve":[0.009,0.23,0.75,1],"rotate":28.53},{"duration":3,"curve":[0.25,0,0.75,1],"rotate":20.57},{"duration":0,"rotate":19.31}]},{"name":"bengdai_dai1","rotateFrame":[{"duration":3,"curve":[0.009,0.23,0.75,1],"rotate":-113.83},{"duration":3,"curve":[0.25,0,0.75,1],"rotate":-38.99},{"duration":0,"rotate":-39.11}]},{"name":"bengdai_xiaobi1","rotateFrame":[{"duration":3,"curve":[0.009,0.23,0.75,1],"rotate":167.83},{"duration":3,"curve":[0.25,0,0.75,1],"rotate":173.37},{"duration":0,"rotate":-155.04}]},{"name":"bengdai_dab2","rotateFrame":[{"duration":3,"curve":[0.009,0.23,0.75,1],"rotate":-22.03},{"duration":3,"curve":[0.25,0,0.75,1],"rotate":100.2},{"duration":0,"rotate":89.24}]},{"name":"bengdai_xiaobi2","rotateFrame":[{"duration":3,"curve":[0.009,0.23,0.75,1],"rotate":56.17},{"duration":3,"curve":[0.25,0,0.75,1],"rotate":32.68},{"duration":0,"rotate":63.95}]},{"name":"jiao2","rotateFrame":[{"duration":6,"rotate":-0.09}]},{"name":"jiao1","rotateFrame":[{"duration":6,"rotate":-0.09}]},{"name":"bengdai_paobu_jiao2","rotateFrame":[{"duration":6,"rotate":11.16}]},{"name":"bengdai_paobu_jiao3","rotateFrame":[{"duration":6,"rotate":-21.47}]},{"name":"bengdai_paobu_jiao1","rotateFrame":[{"duration":6,"rotate":21.38}]},{"name":"bengdai_paobu_jiao4","rotateFrame":[{"duration":6,"rotate":-0.09}]},{"name":"bengdai_shenti2","rotateFrame":[{"duration":3,"curve":[0.009,0.23,0.75,1],"rotate":12.22},{"duration":3,"rotate":0.3}]},{"name":"bone","rotateFrame":[{"duration":3,"curve":[0.009,0.23,0.75,1],"rotate":16.42},{"duration":3,"curve":[0.25,0,0.75,1],"rotate":-52.89},{"duration":0,"rotate":-37.77}]},{"name":"wj_015_boluoliefu_pz","translateFrame":[{"duration":3,"tweenEasing":0,"x":-29.41,"y":29.42},{"duration":3,"x":-64.51,"y":70.61}],"scaleFrame":[{"duration":3,"tweenEasing":0,"x":1.71,"y":0.52},{"duration":3,"tweenEasing":0,"x":2.05,"y":0.52},{"duration":0,"x":2.05,"y":0.34}]}],"slot":[{"name":"biyan","displayFrame":[{"duration":6}]}],"ik":[{"name":"tui1","frame":[{"duration":6,"weight":0}]},{"name":"tui2","frame":[{"duration":6,"weight":0}]},{"name":"jiao1","frame":[{"duration":6,"bendPositive":false,"weight":0}]},{"name":"jiao2","frame":[{"duration":6,"bendPositive":false,"weight":0}]}]},{"duration":0,"name":"0014_siwang","bone":[{"name":"root","translateFrame":[{"duration":0,"x":-0.01,"y":-8.09}],"rotateFrame":[{"duration":0,"rotate":-0.09}]},{"name":"bengdai_kua","translateFrame":[{"duration":0,"x":4.74,"y":113.07}],"rotateFrame":[{"duration":0,"rotate":-82.7}]},{"name":"1","translateFrame":[{"duration":0,"x":24.34,"y":-0.04}],"rotateFrame":[{"duration":0,"rotate":-0.09}]},{"name":"bengdai_kua1","rotateFrame":[{"duration":0,"rotate":-27.95}]},{"name":"bengdai_xiaotui1","rotateFrame":[{"duration":0,"rotate":33.91}]},{"name":"3","rotateFrame":[{"duration":0,"rotate":-0.09}]},{"name":"bengdai_kua2","rotateFrame":[{"duration":0,"rotate":7.97}]},{"name":"bengdai_xiaotui2","rotateFrame":[{"duration":0,"rotate":-9.04}]},{"name":"bengdai_tou","rotateFrame":[{"duration":0,"rotate":19.31}]},{"name":"bengdai_dai1","rotateFrame":[{"duration":0,"rotate":-39.11}]},{"name":"bengdai_xiaobi1","rotateFrame":[{"duration":0,"rotate":-155.04}]},{"name":"bengdai_dab2","rotateFrame":[{"duration":0,"rotate":89.24}]},{"name":"bengdai_xiaobi2","rotateFrame":[{"duration":0,"rotate":63.95}]},{"name":"jiao2","rotateFrame":[{"duration":0,"rotate":-0.09}]},{"name":"jiao1","rotateFrame":[{"duration":0,"rotate":-0.09}]},{"name":"bengdai_paobu_jiao2","rotateFrame":[{"duration":0,"rotate":11.16}]},{"name":"bengdai_paobu_jiao3","rotateFrame":[{"duration":0,"rotate":-21.47}]},{"name":"bengdai_paobu_jiao1","rotateFrame":[{"duration":0,"rotate":21.38}]},{"name":"bengdai_paobu_jiao4","rotateFrame":[{"duration":0,"rotate":-0.09}]},{"name":"bengdai_shenti2","rotateFrame":[{"duration":0,"rotate":0.3}]},{"name":"bone","rotateFrame":[{"duration":0,"rotate":-37.77}]},{"name":"wj_015_boluoliefu_pz","translateFrame":[{"duration":0,"x":-64.51,"y":70.61}],"scaleFrame":[{"duration":0,"x":2.05,"y":0.34}]}],"slot":[{"name":"biyan","displayFrame":[{"duration":0}]}],"ik":[{"name":"tui1","frame":[{"duration":0,"weight":0}]},{"name":"tui2","frame":[{"duration":0,"weight":0}]},{"name":"jiao1","frame":[{"duration":0,"bendPositive":false,"weight":0}]},{"name":"jiao2","frame":[{"duration":0,"bendPositive":false,"weight":0}]}]},{"duration":5,"name":"0015_daodiqishen","bone":[{"name":"root","translateFrame":[{"duration":5,"x":-0.01,"y":-8.09}],"rotateFrame":[{"duration":5,"rotate":-0.09}]},{"name":"bengdai_kua","translateFrame":[{"duration":5,"tweenEasing":0,"x":4.74,"y":113.07},{"duration":0,"x":-15.92,"y":111.15}],"rotateFrame":[{"duration":5,"rotate":-82.7}]},{"name":"1","translateFrame":[{"duration":5,"x":24.34,"y":-0.04}],"rotateFrame":[{"duration":5,"rotate":-0.09}]},{"name":"bengdai_kua1","rotateFrame":[{"duration":5,"tweenEasing":0,"rotate":-27.95},{"duration":0,"rotate":-34.98}]},{"name":"bengdai_xiaotui1","rotateFrame":[{"duration":5,"tweenEasing":0,"rotate":33.91},{"duration":0,"rotate":58.19}]},{"name":"3","rotateFrame":[{"duration":5,"rotate":-0.09}]},{"name":"bengdai_kua2","rotateFrame":[{"duration":5,"tweenEasing":0,"rotate":7.97},{"duration":0,"rotate":-12.28}]},{"name":"bengdai_xiaotui2","rotateFrame":[{"duration":5,"tweenEasing":0,"rotate":-9.04},{"duration":0,"rotate":29.6}]},{"name":"bengdai_tou","rotateFrame":[{"duration":5,"tweenEasing":0,"rotate":19.31},{"duration":0,"rotate":40.37}]},{"name":"bengdai_dai1","rotateFrame":[{"duration":5,"tweenEasing":0,"rotate":-39.11},{"duration":0,"rotate":3.93}]},{"name":"bengdai_xiaobi1","rotateFrame":[{"duration":5,"tweenEasing":0,"rotate":-155.04},{"duration":0,"rotate":101.78}]},{"name":"bengdai_dab2","rotateFrame":[{"duration":5,"tweenEasing":0,"rotate":89.24},{"duration":0,"rotate":19.42}]},{"name":"bengdai_xiaobi2","rotateFrame":[{"duration":5,"tweenEasing":0,"rotate":63.95},{"duration":0,"rotate":27.38}]},{"name":"jiao2","rotateFrame":[{"duration":5,"rotate":-0.09}]},{"name":"jiao1","rotateFrame":[{"duration":5,"rotate":-0.09}]},{"name":"bengdai_paobu_jiao2","rotateFrame":[{"duration":5,"rotate":11.16}]},{"name":"bengdai_paobu_jiao3","rotateFrame":[{"duration":5,"rotate":-21.47}]},{"name":"bengdai_paobu_jiao1","rotateFrame":[{"duration":5,"rotate":21.38}]},{"name":"bengdai_paobu_jiao4","rotateFrame":[{"duration":5,"rotate":-0.09}]},{"name":"bengdai_shenti2","rotateFrame":[{"duration":5,"tweenEasing":0,"rotate":0.3},{"duration":0,"rotate":32.31}]},{"name":"bone","rotateFrame":[{"duration":5,"tweenEasing":0,"rotate":-37.77},{"duration":0,"rotate":0.1}]},{"name":"wj_015_boluoliefu_pz","translateFrame":[{"duration":5,"tweenEasing":0,"x":-64.51,"y":70.61},{"duration":0,"x":-42.33,"y":41.65}],"scaleFrame":[{"duration":5,"tweenEasing":0,"x":2.05,"y":0.34},{"duration":0,"x":1.77,"y":0.58}]}],"slot":[{"name":"biyan","displayFrame":[{"duration":5}]}],"ik":[{"name":"tui1","frame":[{"duration":5,"weight":0}]},{"name":"tui2","frame":[{"duration":5,"weight":0}]},{"name":"jiao1","frame":[{"duration":5,"bendPositive":false,"weight":0}]},{"name":"jiao2","frame":[{"duration":5,"bendPositive":false,"weight":0}]}]},{"duration":60,"name":"0016_xuruo","bone":[{"name":"bengdai_kua","translateFrame":[{"duration":30,"curve":[0.25,0,0.75,1],"x":-7.09,"y":-6.45},{"duration":30,"curve":[0.25,0,0.75,1],"x":-1.39,"y":-6.93},{"duration":0,"x":-7.09,"y":-6.45}],"rotateFrame":[{"duration":60,"rotate":4.76}]},{"name":"1","translateFrame":[{"duration":60,"x":1.47,"y":-3.43}]},{"name":"3","translateFrame":[{"duration":60,"x":18.46,"y":-2.22}]},{"name":"bengdai_tou","rotateFrame":[{"duration":30,"curve":[0.25,0,0.75,1],"rotate":16.05},{"duration":30,"curve":[0.25,0,0.75,1],"rotate":17.08},{"duration":0,"rotate":16.05}]},{"name":"bengdai_dai1","rotateFrame":[{"duration":30,"curve":[0.25,0,0.75,1],"rotate":-53},{"duration":30,"curve":[0.25,0,0.75,1],"rotate":-59.66},{"duration":0,"rotate":-53}]},{"name":"bengdai_xiaobi1","translateFrame":[{"duration":60,"x":-0.15,"y":-2.39}],"rotateFrame":[{"duration":60,"rotate":-167.82}]},{"name":"bengdai_shou1","rotateFrame":[{"duration":30,"curve":[0.25,0,0.75,1]},{"duration":30,"curve":[0.25,0,0.75,1],"rotate":-9.04},{"duration":0}]},{"name":"bengdai_dab2","translateFrame":[{"duration":60,"x":2.53,"y":-3.94}],"rotateFrame":[{"duration":30,"curve":[0.25,0,0.75,1],"rotate":50.97},{"duration":30,"curve":[0.25,0,0.75,1],"rotate":49.32},{"duration":0,"rotate":50.97}]},{"name":"bengdai_xiaobi2","rotateFrame":[{"duration":60,"rotate":59.73}]},{"name":"bengdai_shou2","rotateFrame":[{"duration":30,"curve":[0.25,0,0.75,1]},{"duration":30,"curve":[0.25,0,0.75,1],"rotate":-5.81},{"duration":0}]},{"name":"jiao2","translateFrame":[{"duration":60,"x":-17.21,"y":1.19}]},{"name":"bengdai_paobu_jiao1","scaleFrame":[{"duration":60,"x":-1}]},{"name":"bone","rotateFrame":[{"duration":30,"curve":[0.25,0,0.75,1]},{"duration":30,"curve":[0.25,0,0.75,1],"rotate":-2.9},{"duration":0}]}],"ik":[{"name":"tui2","frame":[{"duration":60,"bendPositive":false}]},{"name":"jiao2","frame":[{"duration":60,"bendPositive":false}]}]},{"duration":40,"name":"0017_shengli","bone":[{"name":"bengdai_dai1","translateFrame":[{"duration":13,"curve":[0.25,0,0.75,1]},{"duration":2,"curve":[0.25,0,0.75,1]},{"duration":3,"curve":[0.25,0,0.75,1],"x":0.06,"y":-3.53},{"duration":2,"curve":[0.25,0,0.75,1]},{"duration":10,"curve":[0.25,0,0.6875,0.75],"x":0.06,"y":-3.53},{"duration":10,"curve":[0.375,0.5,0.75,1],"x":0.06,"y":-3.53},{"duration":0}],"rotateFrame":[{"duration":8,"curve":[0.25,0,0.75,1]},{"duration":5,"rotate":-42.71},{"duration":2,"curve":[0.25,0,0.75,1],"rotate":-42.71},{"duration":3,"curve":[0.25,0,0.75,1],"rotate":175.66},{"duration":2,"curve":[0.25,0,0.75,1],"rotate":-42.71},{"duration":10,"curve":[0.25,0,0.6875,0.75],"rotate":175.66},{"duration":10,"curve":[0.375,0.5,0.75,1],"rotate":-144.02},{"duration":0}]},{"name":"bengdai_xiaobi2","rotateFrame":[{"duration":8,"curve":[0.25,0,0.75,1]},{"duration":5,"rotate":50.62},{"duration":2,"curve":[0.25,0,0.75,1],"rotate":50.62},{"duration":3,"curve":[0.25,0,0.75,1],"rotate":-72.68},{"duration":2,"curve":[0.25,0,0.75,1],"rotate":-30.06},{"duration":20,"curve":[0.25,0,0.75,1],"rotate":-72.68},{"duration":0}]},{"name":"bengdai_tou","rotateFrame":[{"duration":8,"curve":[0.25,0,0.75,1]},{"duration":5,"rotate":7.82},{"duration":2,"curve":[0.25,0,0.75,1],"rotate":7.82},{"duration":5,"rotate":-4.11},{"duration":20,"curve":[0.25,0,0.75,1],"rotate":-4.11},{"duration":0}]},{"name":"bengdai_shou2","rotateFrame":[{"duration":8,"curve":[0.25,0,0.75,1]},{"duration":12,"rotate":-1.75},{"duration":20,"curve":[0.25,0,0.75,1],"rotate":-1.75},{"duration":0}]},{"name":"bengdai_kua","translateFrame":[{"duration":8,"curve":[0.25,0,0.75,1]},{"duration":5,"x":-21.12,"y":9.5},{"duration":2,"curve":[0.25,0,0.75,1],"x":-21.12,"y":9.5},{"duration":3,"curve":[0.25,0,0.75,1],"x":-0.26,"y":-8.98},{"duration":2,"curve":[0.25,0,0.75,1],"x":10.83,"y":-4.65},{"duration":20,"curve":[0.25,0,0.75,1],"x":-0.26,"y":-8.98},{"duration":0}]},{"name":"bengdai_dab2","translateFrame":[{"duration":13,"curve":[0.25,0,0.75,1]},{"duration":2,"curve":[0.25,0,0.75,1]},{"duration":5,"curve":[0.25,0,0.75,1],"x":2.46,"y":3.17},{"duration":20,"curve":[0.25,0,0.75,1],"x":2.46,"y":3.17},{"duration":0}],"rotateFrame":[{"duration":8,"curve":[0.25,0,0.75,1]},{"duration":5,"rotate":-12.76},{"duration":2,"curve":[0.25,0,0.75,1],"rotate":-12.76},{"duration":3,"curve":[0.25,0,0.75,1],"rotate":120.15},{"duration":2,"curve":[0.25,0,0.75,1],"rotate":93.01},{"duration":20,"curve":[0.25,0,0.75,1],"rotate":120.15},{"duration":0}]},{"name":"bengdai_xiaobi1","translateFrame":[{"duration":13,"curve":[0.25,0,0.75,1]},{"duration":2,"curve":[0.25,0,0.75,1]},{"duration":3,"curve":[0.25,0,0.75,1],"x":4.29,"y":1.18},{"duration":2,"curve":[0.25,0,0.75,1]},{"duration":10,"curve":[0.25,0,0.6875,0.75],"x":4.17,"y":0.27},{"duration":10,"curve":[0.375,0.5,0.75,1],"x":4.17,"y":0.27},{"duration":0}],"rotateFrame":[{"duration":8,"curve":[0.25,0,0.75,1]},{"duration":5,"rotate":62.94},{"duration":2,"curve":[0.25,0,0.75,1],"rotate":62.94},{"duration":3,"curve":[0.25,0,0.75,1],"rotate":-148.55},{"duration":2,"curve":[0.25,0,0.75,1],"rotate":62.94},{"duration":10,"curve":[0.25,0,0.6875,0.75],"rotate":-148.55},{"duration":10,"curve":[0.375,0.5,0.75,1],"rotate":144.22},{"duration":0}]}]},{"duration":0,"name":"0018_dingshen","bone":[{"name":"bengdai_xiaobi1","rotateFrame":[{"duration":0,"rotate":28.91}]},{"name":"bengdai_dab2","rotateFrame":[{"duration":0,"rotate":26.69}]},{"name":"bengdai_dai1","rotateFrame":[{"duration":0,"rotate":-32.78}]},{"name":"bengdai_xiaobi2","rotateFrame":[{"duration":0,"rotate":6.25}]},{"name":"3","translateFrame":[{"duration":0,"x":5.29,"y":-4.89}]},{"name":"bengdai_kua","translateFrame":[{"duration":0,"x":-19.1,"y":-0.63}]}],"slot":[{"name":"biyan","displayFrame":[{"duration":0}]}]},{"duration":0,"name":"0019_gedang","bone":[{"name":"3","translateFrame":[{"duration":0,"x":-13.56,"y":-49.16}]},{"name":"bengdai_xiaobi1","rotateFrame":[{"duration":0,"rotate":136.52}]},{"name":"bengdai_xiaobi2","rotateFrame":[{"duration":0,"rotate":-54.97}]},{"name":"bengdai_dai1","rotateFrame":[{"duration":0,"rotate":-151.14}]},{"name":"bengdai_shou2","rotateFrame":[{"duration":0,"rotate":-20.91}]},{"name":"bengdai_kua","translateFrame":[{"duration":0,"x":-23.73}]},{"name":"bengdai_dab2","rotateFrame":[{"duration":0,"rotate":-14.41}]}],"zOrder":{"frame":[{"duration":0,"zOrder":[2,11,3,11,4,11,6,-2]}]}},{"duration":0,"name":"0020_wu"},{"duration":0,"name":"0021_wu"},{"duration":0,"name":"0022_wu"},{"duration":0,"name":"0023_wu"},{"duration":0,"name":"0024_wu"},{"duration":45,"name":"0025_gongji1","bone":[{"name":"3","translateFrame":[{"duration":10},{"duration":5,"curve":[0.25,0,1,0.25]},{"duration":30,"x":5.38}]},{"name":"bengdai_tou","rotateFrame":[{"duration":10,"curve":[0,0.58,0.75,1]},{"duration":5,"curve":[0.25,0,1,0.25],"rotate":12.12},{"duration":8,"curve":[0,0.4,0.75,1],"rotate":-17.92},{"duration":2,"curve":[0.25,0,0.75,1],"rotate":-16.31},{"duration":5,"curve":[0.25,0,1,0.12],"rotate":-17.46},{"duration":15,"rotate":-13.38}]},{"name":"bengdai_shou1","rotateFrame":[{"duration":10,"curve":[0,0.58,0.75,1]},{"duration":5,"curve":[0.25,0,1,0.25],"rotate":6.29},{"duration":8},{"duration":2,"curve":[0.25,0,0.75,1]},{"duration":4,"curve":[0.25,0,1,0.12],"rotate":-30.12},{"rotate":-18.44},{"duration":15,"curve":[0,0.56,0.75,1],"rotate":12.95},{"duration":0,"rotate":18.1}]},{"name":"bengdai_shou2","rotateFrame":[{"duration":15},{"duration":8,"curve":[0,0.4,0.75,1]},{"duration":2,"curve":[0.25,0,0.75,1],"rotate":6.59},{"duration":5,"curve":[0.25,0,1,0.12],"rotate":-19.04},{"duration":15,"rotate":-27.48}]},{"name":"bengdai_dai1","translateFrame":[{"duration":14,"curve":[0,0.58,0.75,1]},{},{"duration":8,"curve":[0,0.4,0.75,1],"x":-14.17,"y":0.46},{"duration":2,"curve":[0.25,0,0.75,1],"x":-14.17,"y":0.46},{"duration":4,"curve":[0.25,0,1,0.12],"x":-15.05,"y":0.8},{"x":-15.05,"y":0.8},{"duration":15,"x":0.16,"y":1.07}],"rotateFrame":[{"duration":10,"curve":[0,0.58,0.75,1]},{"duration":4,"curve":[0.25,0,1,0.25],"rotate":12.49},{"rotate":20.93},{"duration":8,"curve":[0,0.4,0.75,1],"rotate":172.93},{"duration":2,"curve":[0.25,0,0.75,1],"rotate":174.49},{"duration":4,"curve":[0.25,0,1,0.12],"rotate":-124.66},{"rotate":42.43},{"duration":15,"curve":[0,0.56,0.75,1],"rotate":0.47},{"duration":0,"rotate":0.65}]},{"name":"bengdai_xiaobi1","rotateFrame":[{"duration":10,"curve":[0,0.58,0.75,1]},{"duration":4,"curve":[0.25,0,1,0.25],"rotate":-0.58},{"rotate":-14.84},{"duration":8,"curve":[0,0.4,0.75,1],"rotate":-154},{"duration":2,"curve":[0.25,0,0.75,1],"rotate":-151.07},{"duration":4,"curve":[0.25,0,1,0.12],"rotate":121.77},{"rotate":39.42},{"duration":15,"curve":[0,0.56,0.75,1],"rotate":-17.17},{"duration":0,"rotate":-15.26}]},{"name":"bengdai_xiaobi2","rotateFrame":[{"duration":10,"curve":[0,0.58,0.75,1]},{"duration":3,"curve":[0.25,0,1,0.25],"rotate":-33.61},{"duration":2,"curve":[0.381,0.54,0.742,1],"rotate":-16.11},{"duration":8,"curve":[0,0.4,0.75,1]},{"duration":2,"curve":[0.25,0,0.75,1],"rotate":3.89},{"duration":4,"curve":[0.25,0,1,0.12],"rotate":-22.95},{"rotate":-24.02},{"duration":15,"curve":[0,0.56,0.75,1],"rotate":51.45},{"duration":0,"rotate":47.67}]},{"name":"1","translateFrame":[{"duration":10,"curve":[0,0.58,0.75,1]},{"duration":5,"curve":[0.25,0,1,0.25],"x":-7.72},{"duration":30,"x":-10.16}]},{"name":"bengdai_kua","translateFrame":[{"duration":10,"curve":[0,0.58,0.75,1]},{"duration":5,"curve":[0.25,0,1,0.25],"x":-29.16,"y":9.65},{"duration":8,"curve":[0,0.4,0.75,1],"x":15.86,"y":10.89},{"duration":2,"curve":[0.25,0,0.75,1],"x":20.46,"y":12.85},{"duration":5,"curve":[0.25,0,1,0.12],"x":-3.16,"y":1.6},{"duration":15,"curve":[0,0.56,0.75,1],"x":15.04,"y":-0.3},{"duration":0,"x":14.88,"y":-1.36}],"rotateFrame":[{"duration":10,"curve":[0,0.58,0.75,1]},{"duration":5,"curve":[0.25,0,1,0.25]},{"duration":10,"curve":[0,0.4,0.75,1],"rotate":14.23},{"duration":5,"curve":[0.25,0,1,0.12],"rotate":14.23},{"duration":15,"curve":[0,0.56,0.75,1],"rotate":-5.97},{"duration":0,"rotate":-8.02}]},{"name":"root","translateFrame":[{"duration":10,"curve":[0,0.58,0.75,1]},{"duration":5,"curve":[0.25,0,1,0.25],"x":-16},{"duration":30,"x":28.63}]},{"name":"bengdai_dab2","translateFrame":[{"duration":13,"curve":[0,0.58,0.75,1]},{"duration":2,"curve":[0.381,0.54,0.742,1]},{"duration":10,"curve":[0,0.4,0.75,1],"x":-25.99,"y":3.37},{"duration":4,"curve":[0.25,0,1,0.12],"x":-25.99,"y":3.37},{"curve":[0.352,0.65,0.686,1],"x":-1.41,"y":-1.31},{"duration":15,"x":0.5,"y":-14.36}],"rotateFrame":[{"duration":10,"curve":[0,0.58,0.75,1]},{"duration":3,"curve":[0.25,0,1,0.25],"rotate":53.34},{"duration":2,"curve":[0.381,0.54,0.742,1],"rotate":53.63},{"duration":8,"curve":[0,0.4,0.75,1],"rotate":108.35},{"duration":2,"curve":[0.25,0,0.75,1],"rotate":110.57},{"duration":4,"curve":[0.25,0,1,0.12],"rotate":118.81},{"curve":[0.352,0.65,0.686,1],"rotate":22.25},{"duration":15,"curve":[0,0.56,0.75,1],"rotate":-56.63},{"duration":0,"rotate":-58.34}]},{"name":"jiao1","translateFrame":[{"duration":10,"curve":[0,0.58,0.75,1]},{"duration":5,"curve":[0.25,0,1,0.25],"x":-7.72},{"duration":30,"x":-10.16}]},{"name":"bengdai_shenti2","translateFrame":[{"duration":10},{"duration":5,"curve":[0.25,0,1,0.25]},{"duration":30,"x":-1.73,"y":0.44}],"rotateFrame":[{"duration":10},{"duration":5,"curve":[0.25,0,1,0.25]},{"duration":8,"rotate":8.77},{"duration":2,"curve":[0.25,0,0.75,1],"rotate":8.77},{"duration":20,"rotate":-1.12}]},{"name":"bone","translateFrame":[{"duration":10,"curve":[0,0.58,0.75,1]},{"duration":5,"curve":[0.25,0,1,0.25],"x":-2.57,"y":0.03},{"duration":30}],"rotateFrame":[{"duration":10,"curve":[0,0.58,0.75,1]},{"duration":5,"curve":[0.25,0,1,0.25],"rotate":-6.46},{"duration":8,"curve":[0,0.4,0.75,1],"rotate":13.97},{"duration":2,"curve":[0.25,0,0.75,1],"rotate":15.15},{"duration":5,"curve":[0.25,0,1,0.12],"rotate":14.37},{"duration":15,"rotate":-33.12}]},{"name":"bengdai_shenti3","rotateFrame":[{"duration":10,"curve":[0,0.58,0.75,1]},{"duration":4,"curve":[0.25,0,1,0.25],"rotate":-10.84},{"rotate":14.41},{"duration":8,"curve":[0,0.4,0.75,1]},{"duration":2,"curve":[0.25,0,0.75,1],"rotate":-3.19},{"duration":20,"rotate":-1.06}]},{"name":"bengdai_shenti4","rotateFrame":[{"duration":10,"curve":[0,0.58,0.75,1]},{"duration":5,"curve":[0.25,0,1,0.25],"rotate":-29.94},{"duration":30}]},{"name":"jiao2","translateFrame":[{"duration":10},{"duration":5,"curve":[0.25,0,1,0.25]},{"duration":30,"x":5.38}]}],"ffd":[{"name":"bengdai_paobu_kuzi2","slot":"bengdai_kua2","frame":[{"duration":10},{"duration":35,"vertices":[0.01,0,0,0.02,-0.01,0,0,-0.02]}]}]},{"duration":45,"name":"0026_gongji2","bone":[{"name":"3","translateFrame":[{"duration":10},{"duration":5,"curve":[0.25,0,1,0.48]},{"duration":20,"x":5.38},{"duration":10,"curve":[0.25,0,1,0.53],"x":5.38},{"duration":0}]},{"name":"bengdai_tou","rotateFrame":[{"duration":10,"curve":[0.25,0,0.75,1]},{"duration":5,"curve":[0.25,0,1,0.48],"rotate":12.12},{"duration":5,"curve":[0,0.4,0.75,1],"rotate":-17.92},{"duration":5,"curve":[0.25,0,0.75,1],"rotate":-16.31},{"duration":5,"curve":[0.25,0,1,0.57],"rotate":-17.46},{"duration":5,"rotate":-13.38},{"duration":10,"curve":[0.25,0,1,0.53],"rotate":-13.38},{"duration":0}]},{"name":"bengdai_shou1","rotateFrame":[{"duration":10,"curve":[0.25,0,0.75,1]},{"duration":5,"curve":[0.25,0,1,0.48],"rotate":6.29},{"duration":5},{"duration":5,"curve":[0.25,0,0.75,1]},{"duration":4,"curve":[0.25,0,1,0.57],"rotate":-30.12},{"rotate":-18.44},{"duration":5,"curve":[0.382,0.57,0.735,1],"rotate":12.95},{"duration":10,"curve":[0.25,0,1,0.53],"rotate":18.1},{"duration":0}]},{"name":"bengdai_shou2","rotateFrame":[{"duration":15},{"duration":5,"curve":[0,0.4,0.75,1]},{"duration":5,"curve":[0.25,0,0.75,1],"rotate":6.59},{"duration":5,"curve":[0.25,0,1,0.57],"rotate":-19.04},{"duration":5,"rotate":-27.48},{"duration":10,"curve":[0.25,0,1,0.53],"rotate":-27.48},{"duration":0}]},{"name":"bengdai_dai1","translateFrame":[{"duration":14,"curve":[0.25,0,0.75,1]},{},{"duration":5,"curve":[0,0.4,0.75,1],"x":-14.17,"y":0.46},{"duration":5,"curve":[0.25,0,0.75,1],"x":-14.17,"y":0.46},{"duration":4,"curve":[0.25,0,1,0.57],"x":-15.05,"y":0.8},{"x":-15.05,"y":0.8},{"duration":5,"curve":[0,0.45,0.765,1],"x":0.16,"y":1.07},{"duration":10,"curve":[0.25,0,1,0.53],"x":0.16,"y":1.07},{"duration":0}],"rotateFrame":[{"duration":10,"curve":[0.25,0,0.75,1]},{"duration":4,"curve":[0.25,0,1,0.48],"rotate":12.49},{"rotate":20.93},{"duration":5,"curve":[0,0.4,0.75,1],"rotate":172.93},{"duration":5,"curve":[0.25,0,0.75,1],"rotate":174.49},{"duration":4,"curve":[0.25,0,1,0.57],"rotate":-124.66},{"rotate":42.43},{"duration":5,"curve":[0,0.45,0.765,1],"rotate":0.47},{"duration":10,"curve":[0.25,0,1,0.53],"rotate":0.65},{"duration":0}]},{"name":"bengdai_xiaobi1","rotateFrame":[{"duration":10,"curve":[0.25,0,0.75,1]},{"duration":4,"curve":[0.25,0,1,0.48],"rotate":-0.58},{"rotate":-14.84},{"duration":5,"curve":[0,0.4,0.75,1],"rotate":-154},{"duration":5,"curve":[0.25,0,0.75,1],"rotate":-151.07},{"duration":4,"curve":[0.25,0,1,0.57],"rotate":121.77},{"rotate":39.42},{"duration":5,"curve":[0,0.49,0.765,1],"rotate":-17.17},{"duration":10,"curve":[0.25,0,1,0.53],"rotate":-15.26},{"duration":0}]},{"name":"bengdai_xiaobi2","rotateFrame":[{"duration":10,"curve":[0.25,0,0.75,1]},{"duration":3,"curve":[0.25,0,1,0.48],"rotate":-33.61},{"duration":2,"curve":[0.381,0.54,0.742,1],"rotate":-16.11},{"duration":5,"curve":[0,0.4,0.75,1]},{"duration":5,"curve":[0.25,0,0.75,1],"rotate":3.89},{"duration":4,"curve":[0.25,0,1,0.57],"rotate":-22.95},{"rotate":-24.02},{"duration":5,"curve":[0.382,0.57,0.735,1],"rotate":51.45},{"duration":10,"curve":[0.25,0,1,0.53],"rotate":47.67},{"duration":0}]},{"name":"1","translateFrame":[{"duration":10,"curve":[0.25,0,0.75,1]},{"duration":5,"curve":[0.25,0,1,0.48],"x":-7.72},{"duration":20,"x":-10.16},{"duration":10,"curve":[0.25,0,1,0.53],"x":-10.16},{"duration":0}]},{"name":"bengdai_kua","translateFrame":[{"duration":10,"curve":[0.25,0,0.75,1]},{"duration":5,"curve":[0.25,0,1,0.48],"x":-29.16,"y":9.65},{"duration":5,"curve":[0,0.4,0.75,1],"x":15.86,"y":10.89},{"duration":5,"curve":[0.25,0,0.75,1],"x":20.46,"y":12.85},{"duration":5,"curve":[0.25,0,1,0.57],"x":-3.16,"y":1.6},{"duration":5,"curve":[0.382,0.57,0.735,1],"x":15.04,"y":-0.3},{"duration":10,"curve":[0.25,0,1,0.53],"x":14.88,"y":-1.36},{"duration":0}],"rotateFrame":[{"duration":10,"curve":[0.25,0,0.75,1]},{"duration":5,"curve":[0.25,0,1,0.48]},{"duration":10,"curve":[0,0.4,0.75,1],"rotate":14.23},{"duration":5,"curve":[0.25,0,1,0.57],"rotate":14.23},{"duration":5,"curve":[0.382,0.57,0.735,1],"rotate":-5.97},{"duration":10,"curve":[0.25,0,1,0.53],"rotate":-8.02},{"duration":0}]},{"name":"root","translateFrame":[{"duration":10,"curve":[0.25,0,0.75,1]},{"duration":5,"curve":[0.25,0,1,0.48],"x":-16},{"duration":20,"x":28.63},{"duration":10,"curve":[0.25,0,1,0.53],"x":28.63},{"duration":0}]},{"name":"bengdai_dab2","translateFrame":[{"duration":13,"curve":[0.25,0,0.75,1]},{"duration":2,"curve":[0.381,0.54,0.742,1]},{"duration":10,"curve":[0,0.4,0.75,1],"x":-25.99,"y":3.37},{"duration":4,"curve":[0.25,0,1,0.57],"x":-25.99,"y":3.37},{"curve":[0.352,0.65,0.686,1],"x":-1.41,"y":-1.31},{"duration":5,"curve":[0.382,0.57,0.735,1],"x":0.5,"y":-14.36},{"duration":10,"curve":[0.25,0,1,0.53],"x":0.5,"y":-14.36},{"duration":0}],"rotateFrame":[{"duration":10,"curve":[0.25,0,0.75,1]},{"duration":3,"curve":[0.25,0,1,0.48],"rotate":53.34},{"duration":2,"curve":[0.381,0.54,0.742,1],"rotate":53.63},{"duration":5,"curve":[0,0.4,0.75,1],"rotate":108.35},{"duration":5,"curve":[0.25,0,0.75,1],"rotate":110.57},{"duration":4,"curve":[0.25,0,1,0.57],"rotate":118.81},{"curve":[0.352,0.65,0.686,1],"rotate":22.25},{"duration":5,"curve":[0.382,0.57,0.735,1],"rotate":-56.63},{"duration":10,"curve":[0.25,0,1,0.53],"rotate":-58.34},{"duration":0}]},{"name":"jiao1","translateFrame":[{"duration":10,"tweenEasing":0},{"duration":5,"curve":[0.25,0,1,0.48],"x":-7.72},{"duration":20,"x":-10.16},{"duration":10,"curve":[0.25,0,1,0.53],"x":-10.16},{"duration":0}]},{"name":"bengdai_shenti2","translateFrame":[{"duration":10},{"duration":5,"curve":[0.25,0,1,0.48]},{"duration":20,"x":-1.73,"y":0.44},{"duration":10,"curve":[0.25,0,1,0.53],"x":-1.73,"y":0.44},{"duration":0}],"rotateFrame":[{"duration":10},{"duration":5,"curve":[0.25,0,1,0.48]},{"duration":5,"rotate":8.77},{"duration":5,"curve":[0.25,0,0.75,1],"rotate":8.77},{"duration":10,"rotate":-1.12},{"duration":10,"curve":[0.25,0,1,0.53],"rotate":-1.12},{"duration":0}]},{"name":"bone","translateFrame":[{"duration":10,"tweenEasing":0},{"duration":5,"curve":[0.25,0,1,0.48],"x":-2.57,"y":0.03},{"duration":30}],"rotateFrame":[{"duration":10,"tweenEasing":0},{"duration":5,"curve":[0.25,0,1,0.48],"rotate":-6.46},{"duration":5,"curve":[0,0.4,0.75,1],"rotate":13.97},{"duration":5,"curve":[0.25,0,0.75,1],"rotate":15.15},{"duration":5,"curve":[0.25,0,1,0.57],"rotate":14.37},{"duration":5,"rotate":-33.12},{"duration":10,"curve":[0.25,0,1,0.53],"rotate":-33.12},{"duration":0}]},{"name":"bengdai_shenti3","rotateFrame":[{"duration":10,"tweenEasing":0},{"duration":4,"curve":[0.25,0,1,0.48],"rotate":-10.84},{"rotate":14.41},{"duration":5,"curve":[0,0.4,0.75,1]},{"duration":5,"curve":[0.25,0,0.75,1],"rotate":-3.19},{"duration":10,"rotate":-1.06},{"duration":10,"curve":[0.25,0,1,0.53],"rotate":-1.06},{"duration":0}]},{"name":"bengdai_shenti4","rotateFrame":[{"duration":10,"tweenEasing":0},{"duration":5,"curve":[0.25,0,1,0.48],"rotate":-29.94},{"duration":30}]},{"name":"jiao2","translateFrame":[{"duration":10},{"duration":5,"curve":[0.25,0,1,0.48]},{"duration":20,"x":5.38},{"duration":10,"curve":[0.25,0,1,0.53],"x":5.38},{"duration":0}]}],"ffd":[{"name":"bengdai_paobu_kuzi2","slot":"bengdai_kua2","frame":[{"duration":10},{"duration":35,"vertices":[0.01,0,0,0.02,-0.01,0,0,-0.02]}]}]},{"duration":45,"name":"0027_shifa1","bone":[{"name":"bengdai_tou","rotateFrame":[{"duration":10,"curve":[0,0.31,0.75,1]},{"duration":5,"rotate":11.9},{"duration":10,"curve":[0,0.35,0.75,1],"rotate":11.9},{"duration":10,"curve":[0.25,0,1,0.7],"rotate":-13.16},{"duration":10}]},{"name":"bengdai_shou1","rotateFrame":[{"duration":10},{"duration":5,"curve":[0,0.27,0.737,1]},{"duration":10,"curve":[0,0.35,0.75,1],"rotate":24.51},{"duration":20}]},{"name":"bengdai_shou2","rotateFrame":[{"duration":10},{"duration":5,"curve":[0,0.27,0.737,1]},{"duration":10,"curve":[0,0.35,0.75,1],"rotate":15.12},{"duration":20}]},{"name":"bengdai_dai1","rotateFrame":[{"duration":5,"curve":[0,0.25,0.461,0.65]},{"duration":5,"curve":[0.368,0.55,0.789,1],"rotate":-30.79},{"duration":5,"curve":[0,0.27,0.737,1],"rotate":-12.35},{"duration":10,"curve":[0,0.35,0.75,1],"rotate":-67.05},{"duration":5,"curve":[0.217,0,0.608,0.42],"rotate":-165.74},{"duration":5,"curve":[0.391,0.29,0.782,0.67],"rotate":-111.11},{"duration":10,"curve":[0.25,0,0.625,0.5],"rotate":-24.47},{"duration":0}]},{"name":"bengdai_xiaobi1","rotateFrame":[{"duration":2,"curve":[0,0.27,0.375,0.62]},{"duration":3,"curve":[0.229,0.31,0.597,0.67],"rotate":136.7},{"duration":5,"curve":[0.368,0.55,0.789,1],"rotate":-173.56},{"duration":5,"curve":[0,0.27,0.737,1],"rotate":-172.72},{"duration":10,"curve":[0,0.35,0.75,1],"rotate":-140.2},{"duration":5,"curve":[0.238,0,0.597,0.38],"rotate":-173.77},{"duration":5,"curve":[0.317,0.25,0.67,0.61],"rotate":137.69},{"duration":10,"curve":[0.268,0,0.618,0.41],"rotate":48.58},{"duration":0}]},{"name":"bengdai_xiaobi2","rotateFrame":[{"duration":10,"curve":[0,0.31,0.75,1]},{"duration":15,"rotate":92.51},{"duration":10,"curve":[0.21,0,0.631,0.45],"rotate":92.51},{"duration":10,"curve":[0.25,0,0.75,1],"rotate":-31.54},{"duration":0}]},{"name":"1","translateFrame":[{"duration":15},{"duration":10,"curve":[0,0.35,0.75,1]},{"duration":10,"curve":[0.25,0,1,0.7],"x":5.96,"y":-4.47},{"duration":10}]},{"name":"bengdai_kua","translateFrame":[{"duration":10,"curve":[0,0.31,0.75,1]},{"duration":5,"curve":[0,0.27,0.737,1],"x":-16.41,"y":-9.69},{"duration":10,"curve":[0,0.35,0.75,1],"x":-14.65,"y":7.16},{"duration":5,"curve":[0.25,0,1,0.7],"x":-14.65,"y":7.16},{"duration":5,"curve":[0,0.35,0.75,1],"x":19.46,"y":-13.23},{"duration":10,"curve":[0.25,0,0.75,1],"x":-3.01,"y":15.07},{"duration":0}],"rotateFrame":[{"duration":10,"curve":[0,0.31,0.75,1]},{"duration":5,"curve":[0,0.27,0.737,1],"rotate":15.36},{"duration":10,"curve":[0,0.35,0.75,1],"rotate":-24.6},{"duration":5,"curve":[0.25,0,1,0.7],"rotate":-29.31},{"duration":5,"curve":[0,0.35,0.75,1],"rotate":-29.31},{"duration":10}]},{"name":"bengdai_dab2","rotateFrame":[{"duration":10,"curve":[0,0.31,0.75,1]},{"duration":5,"curve":[0,0.27,0.737,1],"rotate":48.08},{"duration":10,"curve":[0,0.35,0.75,1],"rotate":21.96},{"duration":10,"curve":[0.217,0,0.782,0.57],"rotate":-97.31},{"duration":10,"curve":[0.25,0,0.75,1],"rotate":30.43},{"duration":0}]},{"name":"bengdai_shenti2","rotateFrame":[{"duration":15},{"duration":10,"curve":[0,0.35,0.75,1]},{"duration":10,"curve":[0.25,0,1,0.7],"rotate":-3.74},{"duration":10}]},{"name":"bone","rotateFrame":[{"duration":10,"curve":[0,0.31,0.75,1]},{"duration":5,"rotate":6.24},{"duration":10,"curve":[0,0.35,0.75,1],"rotate":6.24},{"duration":10,"curve":[0.25,0,1,0.7],"rotate":-31.94},{"duration":10,"tweenEasing":0,"rotate":13.42},{"duration":0}]},{"name":"bengdai_shenti3","rotateFrame":[{"duration":10,"curve":[0,0.31,0.75,1]},{"duration":15,"rotate":-26.03},{"duration":10,"curve":[0.25,0,1,0.7],"rotate":-26.03},{"duration":10}]}],"slot":[{"name":"biyan","displayFrame":[{"duration":45}]}]},{"duration":45,"name":"0028_shifa2","bone":[{"name":"bengdai_tou","rotateFrame":[{"duration":10,"curve":[0,0.31,0.75,1]},{"duration":5,"rotate":11.9},{"duration":10,"curve":[0,0.35,0.75,1],"rotate":11.9},{"duration":10,"curve":[0.587,0,1,0.65],"rotate":-13.16},{"duration":10,"curve":[0.25,0,1,0.57],"rotate":16.5},{"duration":0}]},{"name":"bengdai_shou1","rotateFrame":[{"duration":10},{"duration":5,"curve":[0,0.27,0.737,1]},{"duration":10,"curve":[0,0.35,0.75,1],"rotate":24.51},{"duration":20}]},{"name":"bengdai_shou2","rotateFrame":[{"duration":10},{"duration":5,"curve":[0,0.27,0.737,1]},{"duration":10,"curve":[0,0.35,0.75,1],"rotate":15.12},{"duration":20}]},{"name":"bengdai_dai1","rotateFrame":[{"duration":5,"curve":[0,0.25,0.461,0.65]},{"duration":5,"curve":[0.368,0.55,0.789,1],"rotate":-30.79},{"duration":5,"curve":[0,0.27,0.737,1],"rotate":-12.35},{"duration":10,"curve":[0,0.35,0.75,1],"rotate":-67.05},{"duration":5,"curve":[0.587,0,1,0.65],"rotate":-165.74},{"duration":5,"curve":[0.549,0,0.782,0.67],"rotate":-111.11},{"duration":10,"curve":[0.25,0,1,0.57],"rotate":-24.47},{"duration":0}]},{"name":"bengdai_xiaobi1","rotateFrame":[{"duration":2,"curve":[0,0.27,0.375,0.62]},{"duration":3,"curve":[0.229,0.31,0.597,0.67],"rotate":136.7},{"duration":5,"curve":[0.368,0.55,0.789,1],"rotate":-173.56},{"duration":5,"curve":[0,0.27,0.737,1],"rotate":-172.72},{"duration":10,"curve":[0,0.35,0.75,1],"rotate":-140.2},{"duration":5,"curve":[0.587,0,1,0.65],"rotate":-173.77},{"duration":5,"curve":[0.549,0,0.67,0.61],"rotate":137.69},{"duration":10,"curve":[0.25,0,1,0.57],"rotate":48.58},{"duration":0}]},{"name":"bengdai_xiaobi2","rotateFrame":[{"duration":10,"curve":[0,0.31,0.75,1]},{"duration":15,"rotate":92.51},{"duration":10,"curve":[0.587,0,1,0.65],"rotate":92.51},{"duration":10,"curve":[0.25,0,1,0.57],"rotate":-31.54},{"duration":0}]},{"name":"1","translateFrame":[{"duration":15},{"duration":10,"curve":[0,0.35,0.75,1]},{"duration":10,"curve":[0.587,0,1,0.65],"x":5.96,"y":-4.47},{"duration":10}]},{"name":"bengdai_kua","translateFrame":[{"duration":10,"curve":[0,0.31,0.75,1]},{"duration":5,"curve":[0,0.27,0.737,1],"x":-16.41,"y":-9.69},{"duration":10,"curve":[0,0.35,0.75,1],"x":-14.65,"y":7.16},{"duration":5,"curve":[0.587,0,1,0.65],"x":-14.65,"y":7.16},{"duration":5,"curve":[0.549,0,0.75,1],"x":19.46,"y":-13.23},{"duration":10,"curve":[0.25,0,1,0.57],"x":-3.01,"y":15.07},{"duration":0}],"rotateFrame":[{"duration":10,"curve":[0,0.31,0.75,1]},{"duration":5,"curve":[0,0.27,0.737,1],"rotate":15.36},{"duration":10,"curve":[0,0.35,0.75,1],"rotate":-24.6},{"duration":5,"curve":[0.587,0,1,0.65],"rotate":-29.31},{"duration":5,"curve":[0.549,0,0.75,1],"rotate":-29.31},{"duration":10}]},{"name":"bengdai_dab2","rotateFrame":[{"duration":10,"curve":[0,0.31,0.75,1]},{"duration":5,"curve":[0,0.27,0.737,1],"rotate":48.08},{"duration":10,"curve":[0,0.35,0.75,1],"rotate":21.96},{"duration":10,"curve":[0.587,0,1,0.65],"rotate":-97.31},{"duration":10,"curve":[0.25,0,1,0.57],"rotate":30.43},{"duration":0}]},{"name":"bengdai_shenti2","rotateFrame":[{"duration":15},{"duration":10,"curve":[0,0.35,0.75,1]},{"duration":10,"curve":[0.587,0,1,0.65],"rotate":-3.74},{"duration":10}]},{"name":"bone","rotateFrame":[{"duration":10,"curve":[0,0.31,0.75,1]},{"duration":5,"rotate":6.24},{"duration":10,"curve":[0,0.35,0.75,1],"rotate":6.24},{"duration":10,"curve":[0.587,0,1,0.65],"rotate":-31.94},{"duration":10,"curve":[0.25,0,1,0.57],"rotate":13.42},{"duration":0}]},{"name":"bengdai_shenti3","rotateFrame":[{"duration":10,"curve":[0,0.31,0.75,1]},{"duration":15,"rotate":-26.03},{"duration":10,"curve":[0.587,0,1,0.65],"rotate":-26.03},{"duration":10}]}],"slot":[{"name":"biyan","displayFrame":[{"duration":45}]}]},{"duration":60,"name":"0029_bisha_yanshi","bone":[{"name":"bengdai_tou","rotateFrame":[{"duration":10,"curve":[0,0.31,0.75,1]},{"duration":6,"rotate":11.9},{"duration":6,"curve":[0,0.35,0.75,1],"rotate":11.9},{"duration":23,"curve":[0.587,0,1,0.65],"rotate":-13.16},{"duration":5,"rotate":16.5},{"duration":10,"curve":[0.25,0,1,0.57],"rotate":16.5},{"duration":0}]},{"name":"bengdai_shou1","rotateFrame":[{"duration":10},{"duration":6,"curve":[0,0.27,0.737,1]},{"duration":6,"curve":[0,0.35,0.75,1],"rotate":24.51},{"duration":38}]},{"name":"bengdai_shou2","rotateFrame":[{"duration":10},{"duration":6,"curve":[0,0.27,0.737,1]},{"duration":6,"curve":[0,0.35,0.75,1],"rotate":15.12},{"duration":38}]},{"name":"bengdai_dai1","rotateFrame":[{"duration":5,"curve":[0,0.25,0.461,0.65]},{"duration":5,"curve":[0.368,0.55,0.789,1],"rotate":-30.79},{"duration":6,"curve":[0,0.27,0.737,1],"rotate":-12.35},{"duration":6,"curve":[0,0.35,0.75,1],"rotate":-67.05},{"duration":20,"curve":[0.587,0,1,0.65],"rotate":-165.74},{"duration":3,"curve":[0.549,0,0.782,0.67],"rotate":-111.11},{"duration":5,"rotate":-24.47},{"duration":10,"curve":[0.25,0,1,0.57],"rotate":-24.47},{"duration":0}]},{"name":"bengdai_xiaobi1","rotateFrame":[{"duration":2,"curve":[0,0.27,0.375,0.62]},{"duration":3,"curve":[0.229,0.31,0.597,0.67],"rotate":136.7},{"duration":5,"curve":[0.368,0.55,0.789,1],"rotate":-173.56},{"duration":6,"curve":[0,0.27,0.737,1],"rotate":-172.72},{"duration":6,"curve":[0,0.35,0.75,1],"rotate":-140.2},{"duration":20,"curve":[0.587,0,1,0.65],"rotate":-173.77},{"duration":3,"curve":[0.549,0,0.67,0.61],"rotate":137.69},{"duration":5,"rotate":48.58},{"duration":10,"curve":[0.25,0,1,0.57],"rotate":48.58},{"duration":0}]},{"name":"bengdai_xiaobi2","rotateFrame":[{"duration":10,"curve":[0,0.31,0.75,1]},{"duration":12,"rotate":92.51},{"duration":23,"curve":[0.587,0,1,0.65],"rotate":92.51},{"duration":5,"rotate":-31.54},{"duration":10,"curve":[0.25,0,1,0.57],"rotate":-31.54},{"duration":0}]},{"name":"1","translateFrame":[{"duration":16},{"duration":6,"curve":[0,0.35,0.75,1]},{"duration":23,"curve":[0.587,0,1,0.65],"x":5.96,"y":-4.47},{"duration":15}]},{"name":"bengdai_kua","translateFrame":[{"duration":10,"curve":[0,0.31,0.75,1]},{"duration":6,"curve":[0,0.27,0.737,1],"x":-16.41,"y":-9.69},{"duration":6,"curve":[0,0.35,0.75,1],"x":-14.65,"y":7.16},{"duration":20,"curve":[0.587,0,1,0.65],"x":-14.65,"y":7.16},{"duration":3,"curve":[0.549,0,0.75,1],"x":19.46,"y":-13.23},{"duration":2,"curve":[0.25,0,0.75,1],"x":-3.01,"y":15.07},{"duration":3,"curve":[0.25,0,0.75,1],"x":-3.01,"y":11.8},{"duration":10,"curve":[0.25,0,1,0.57],"x":-3.01,"y":15.07},{"duration":0}],"rotateFrame":[{"duration":10,"curve":[0,0.31,0.75,1]},{"duration":6,"curve":[0,0.27,0.737,1],"rotate":15.36},{"duration":6,"curve":[0,0.35,0.75,1],"rotate":-24.6},{"duration":20,"curve":[0.587,0,1,0.65],"rotate":-29.31},{"duration":3,"curve":[0.549,0,0.75,1],"rotate":-29.31},{"duration":15}]},{"name":"bengdai_dab2","rotateFrame":[{"duration":10,"curve":[0,0.31,0.75,1]},{"duration":6,"curve":[0,0.27,0.737,1],"rotate":48.08},{"duration":6,"curve":[0,0.35,0.75,1],"rotate":21.96},{"duration":23,"curve":[0.587,0,1,0.65],"rotate":-97.31},{"duration":5,"rotate":30.43},{"duration":10,"curve":[0.25,0,1,0.57],"rotate":30.43},{"duration":0}]},{"name":"bengdai_shenti2","rotateFrame":[{"duration":16},{"duration":6,"curve":[0,0.35,0.75,1]},{"duration":23,"curve":[0.587,0,1,0.65],"rotate":-3.74},{"duration":15}]},{"name":"bone","rotateFrame":[{"duration":10,"curve":[0,0.31,0.75,1]},{"duration":6,"rotate":6.24},{"duration":6,"curve":[0,0.35,0.75,1],"rotate":6.24},{"duration":23,"curve":[0.587,0,1,0.65],"rotate":-31.94},{"duration":5,"rotate":13.42},{"duration":10,"curve":[0.25,0,1,0.57],"rotate":13.42},{"duration":0}]},{"name":"bengdai_shenti3","rotateFrame":[{"duration":10,"curve":[0,0.31,0.75,1]},{"duration":12,"rotate":-26.03},{"duration":23,"curve":[0.587,0,1,0.65],"rotate":-26.03},{"duration":15}]}],"slot":[{"name":"biyan","displayFrame":[{"duration":45,"value":-1},{"duration":15}]}]},{"duration":45,"name":"0030_bisha_qujian1","bone":[{"name":"bengdai_tou","rotateFrame":[{"duration":10,"curve":[0,0.31,0.75,1]},{"duration":6,"rotate":11.9},{"duration":21,"curve":[0,0.35,0.75,1],"rotate":11.9},{"duration":8,"curve":[0.587,0,1,0.65],"rotate":-13.16},{"duration":0,"rotate":16.5}]},{"name":"bengdai_shou1","rotateFrame":[{"duration":10},{"duration":6,"curve":[0,0.27,0.737,1]},{"duration":21,"curve":[0,0.35,0.75,1],"rotate":24.51},{"duration":8}]},{"name":"bengdai_shou2","rotateFrame":[{"duration":10},{"duration":6,"curve":[0,0.27,0.737,1]},{"duration":21,"curve":[0,0.35,0.75,1],"rotate":15.12},{"duration":8}]},{"name":"bengdai_dai1","rotateFrame":[{"duration":5,"curve":[0,0.25,0.461,0.65]},{"duration":5,"curve":[0.368,0.55,0.789,1],"rotate":-30.79},{"duration":6,"curve":[0,0.27,0.737,1],"rotate":-12.35},{"duration":21,"curve":[0,0.35,0.75,1],"rotate":-67.05},{"duration":5,"curve":[0.587,0,1,0.65],"rotate":-165.74},{"duration":3,"curve":[0.549,0,0.782,0.67],"rotate":-111.11},{"duration":0,"rotate":-24.47}]},{"name":"bengdai_xiaobi1","rotateFrame":[{"duration":2,"curve":[0,0.27,0.375,0.62]},{"duration":3,"curve":[0.229,0.31,0.597,0.67],"rotate":136.7},{"duration":5,"curve":[0.368,0.55,0.789,1],"rotate":-173.56},{"duration":6,"curve":[0,0.27,0.737,1],"rotate":-172.72},{"duration":21,"curve":[0,0.35,0.75,1],"rotate":-140.2},{"duration":5,"curve":[0.587,0,1,0.65],"rotate":-173.77},{"duration":3,"curve":[0.549,0,0.67,0.61],"rotate":137.69},{"duration":0,"rotate":48.58}]},{"name":"bengdai_xiaobi2","rotateFrame":[{"duration":10,"curve":[0,0.31,0.75,1]},{"duration":27,"rotate":92.51},{"duration":8,"curve":[0.587,0,1,0.65],"rotate":92.51},{"duration":0,"rotate":-31.54}]},{"name":"1","translateFrame":[{"duration":16},{"duration":21,"curve":[0,0.35,0.75,1]},{"duration":8,"curve":[0.587,0,1,0.65],"x":5.96,"y":-4.47},{"duration":0}]},{"name":"bengdai_kua","translateFrame":[{"duration":10,"curve":[0,0.31,0.75,1]},{"duration":6,"curve":[0,0.27,0.737,1],"x":-16.41,"y":-9.69},{"duration":21,"curve":[0,0.35,0.75,1],"x":-14.65,"y":7.16},{"duration":5,"curve":[0.587,0,1,0.65],"x":-14.65,"y":7.16},{"duration":3,"curve":[0.549,0,0.75,1],"x":19.46,"y":-13.23},{"duration":0,"x":-3.01,"y":15.07}],"rotateFrame":[{"duration":10,"curve":[0,0.31,0.75,1]},{"duration":6,"curve":[0,0.27,0.737,1],"rotate":15.36},{"duration":21,"curve":[0,0.35,0.75,1],"rotate":-24.6},{"duration":5,"curve":[0.587,0,1,0.65],"rotate":-29.31},{"duration":3,"curve":[0.549,0,0.75,1],"rotate":-29.31},{"duration":0}]},{"name":"bengdai_dab2","rotateFrame":[{"duration":10,"curve":[0,0.31,0.75,1]},{"duration":6,"curve":[0,0.27,0.737,1],"rotate":48.08},{"duration":21,"curve":[0,0.35,0.75,1],"rotate":21.96},{"duration":8,"curve":[0.587,0,1,0.65],"rotate":-97.31},{"duration":0,"rotate":30.43}]},{"name":"bengdai_shenti2","rotateFrame":[{"duration":16},{"duration":21,"curve":[0,0.35,0.75,1]},{"duration":8,"curve":[0.587,0,1,0.65],"rotate":-3.74},{"duration":0}]},{"name":"bone","rotateFrame":[{"duration":10,"curve":[0,0.31,0.75,1]},{"duration":6,"rotate":6.24},{"duration":21,"curve":[0,0.35,0.75,1],"rotate":6.24},{"duration":8,"curve":[0.587,0,1,0.65],"rotate":-31.94},{"duration":0,"rotate":13.42}]},{"name":"bengdai_shenti3","rotateFrame":[{"duration":10,"curve":[0,0.31,0.75,1]},{"duration":27,"rotate":-26.03},{"duration":8,"curve":[0.587,0,1,0.65],"rotate":-26.03},{"duration":0}]}],"slot":[{"name":"biyan","displayFrame":[{"duration":45,"value":-1},{"duration":0}]}]},{"duration":15,"name":"0031_bisha_qujian2","bone":[{"name":"bengdai_tou","rotateFrame":[{"duration":5,"rotate":16.5},{"duration":10,"curve":[0.25,0,1,0.57],"rotate":16.5},{"duration":0}]},{"name":"bengdai_dai1","rotateFrame":[{"duration":5,"rotate":-24.47},{"duration":10,"curve":[0.25,0,1,0.57],"rotate":-24.47},{"duration":0}]},{"name":"bengdai_xiaobi1","rotateFrame":[{"duration":5,"rotate":48.58},{"duration":10,"curve":[0.25,0,1,0.57],"rotate":48.58},{"duration":0}]},{"name":"bengdai_xiaobi2","rotateFrame":[{"duration":5,"rotate":-31.54},{"duration":10,"curve":[0.25,0,1,0.57],"rotate":-31.54},{"duration":0}]},{"name":"bengdai_kua","translateFrame":[{"duration":2,"curve":[0.25,0,0.75,1],"x":-3.01,"y":15.07},{"duration":3,"curve":[0.25,0,0.75,1],"x":-3.01,"y":11.8},{"duration":10,"curve":[0.25,0,1,0.57],"x":-3.01,"y":15.07},{"duration":0}]},{"name":"bengdai_dab2","rotateFrame":[{"duration":5,"rotate":30.43},{"duration":10,"curve":[0.25,0,1,0.57],"rotate":30.43},{"duration":0}]},{"name":"bone","rotateFrame":[{"duration":5,"rotate":13.42},{"duration":10,"curve":[0.25,0,1,0.57],"rotate":13.42},{"duration":0}]}],"slot":[{"name":"biyan","displayFrame":[{"duration":15}]}]}],"defaultActions":[{"gotoAndPlay":"0000_chuchang"}]}]}