{"frameRate":30,"name":"lan_longbo_eff","version":"5.5","compatibleVersion":"5.5","armature":[{"type":"Armature","frameRate":30,"name":"armatureName","aabb":{"x":-149.8,"y":-290.44,"width":1002.63,"height":350},"bone":[{"name":"root"},{"length":242,"name":"long1","parent":"root","transform":{"skX":-90,"skY":-90}},{"length":242,"name":"long7","parent":"root","transform":{"x":600,"skX":-90,"skY":-90}},{"length":242,"name":"long2","parent":"root","transform":{"x":100,"skX":-90,"skY":-90}},{"length":242,"name":"long8","parent":"root","transform":{"x":700,"skX":-90,"skY":-90}},{"length":242,"name":"long3","parent":"root","transform":{"x":200,"skX":-90,"skY":-90}},{"length":242,"name":"long6","parent":"root","transform":{"x":500,"skX":-90,"skY":-90}},{"length":242,"name":"long4","parent":"root","transform":{"x":300,"skX":-90,"skY":-90}},{"name":"zi_fazhen_04_pz","parent":"root","transform":{"x":-35.2,"y":-34.12}},{"length":242,"name":"long5","parent":"root","transform":{"x":400,"skX":-90,"skY":-90}},{"length":224,"name":"lan_long_eff4","parent":"long4","transform":{"x":24.02}},{"length":224,"name":"lan_long_eff5","parent":"long5","transform":{"x":24.02}},{"length":224,"name":"lan_long_eff6","parent":"long6","transform":{"x":24.02}},{"length":224,"name":"lan_long_eff","parent":"long1","transform":{"x":24.02}},{"length":224,"name":"lan_long_eff7","parent":"long7","transform":{"x":24.02}},{"length":224,"name":"lan_long_eff2","parent":"long2","transform":{"x":24.02}},{"length":224,"name":"lan_long_eff3","parent":"long3","transform":{"x":24.02}},{"name":"zi_fazhen_04_eff_01","parent":"long1","transform":{"skX":90,"skY":90}},{"name":"zi_fazhen_04_eff_1","parent":"long2","transform":{"skX":90,"skY":90}},{"name":"zi_fazhen_04_eff_2","parent":"long3","transform":{"skX":90,"skY":90}},{"name":"zi_fazhen_04_eff_3","parent":"long4","transform":{"skX":90,"skY":90}},{"name":"zi_fazhen_04_eff_4","parent":"long5","transform":{"skX":90,"skY":90}},{"name":"zi_fazhen_04_eff_5","parent":"long6","transform":{"skX":90,"skY":90}},{"name":"zi_fazhen_04_eff_6","parent":"long7","transform":{"skX":90,"skY":90}},{"name":"zi_fazhen_04_eff_7","parent":"long8","transform":{"skX":90,"skY":90}},{"length":224,"name":"lan_long_eff8","parent":"long8","transform":{"x":24.02}}],"slot":[{"name":"lan_longbo_eff_pz","parent":"zi_fazhen_04_pz"},{"blendMode":"add","name":"lan_long_eff","parent":"lan_long_eff"},{"blendMode":"add","name":"lan_long_eff2","parent":"lan_long_eff2"},{"blendMode":"add","name":"lan_long_eff3","parent":"lan_long_eff3"},{"blendMode":"add","name":"lan_long_eff4","parent":"lan_long_eff4"},{"blendMode":"add","name":"lan_long_eff5","parent":"lan_long_eff5"},{"blendMode":"add","name":"lan_long_eff6","parent":"lan_long_eff6"},{"blendMode":"add","name":"lan_long_eff7","parent":"lan_long_eff7"},{"blendMode":"add","name":"lan_long_eff8","parent":"lan_long_eff8"},{"blendMode":"add","name":"zi_fazhen_04_eff_01","parent":"zi_fazhen_04_eff_01"},{"blendMode":"add","name":"zi_fazhen_04_eff_1","parent":"zi_fazhen_04_eff_1"},{"blendMode":"add","name":"zi_fazhen_04_eff_2","parent":"zi_fazhen_04_eff_2"},{"blendMode":"add","name":"zi_fazhen_04_eff_3","parent":"zi_fazhen_04_eff_3"},{"blendMode":"add","name":"zi_fazhen_04_eff_4","parent":"zi_fazhen_04_eff_4"},{"blendMode":"add","name":"zi_fazhen_04_eff_5","parent":"zi_fazhen_04_eff_5"},{"blendMode":"add","name":"zi_fazhen_04_eff_6","parent":"zi_fazhen_04_eff_6"},{"blendMode":"add","name":"zi_fazhen_04_eff_7","parent":"zi_fazhen_04_eff_7"}],"skin":[{"slot":[{"name":"lan_long_eff","display":[{"name":"lan_long_eff","transform":{"x":85.55,"y":1.83,"skX":176.52,"skY":176.52}}]},{"name":"lan_long_eff7","display":[{"name":"lan_long_eff","transform":{"x":85.55,"y":1.83,"skX":176.52,"skY":176.52}}]},{"name":"zi_fazhen_04_eff_4","display":[{"name":"zi_fazhen_04_eff_01","transform":{"x":0.2,"y":-115.44}},{"name":"zi_fazhen_04_eff_02","transform":{"x":0.2,"y":-126.87}},{"name":"zi_fazhen_04_eff_03","transform":{"x":0.2,"y":-126.87}},{"name":"zi_fazhen_04_eff_04","transform":{"x":0.2,"y":-126.87}},{"name":"zi_fazhen_04_eff_05","transform":{"x":0.2,"y":-126.87}},{"name":"zi_fazhen_04_eff_06","transform":{"x":0.2,"y":-126.87}}]},{"name":"zi_fazhen_04_eff_7","display":[{"name":"zi_fazhen_04_eff_01","transform":{"x":0.2,"y":-115.44}},{"name":"zi_fazhen_04_eff_02","transform":{"x":0.2,"y":-126.87}},{"name":"zi_fazhen_04_eff_03","transform":{"x":0.2,"y":-126.87}},{"name":"zi_fazhen_04_eff_04","transform":{"x":0.2,"y":-126.87}},{"name":"zi_fazhen_04_eff_05","transform":{"x":0.2,"y":-126.87}},{"name":"zi_fazhen_04_eff_06","transform":{"x":0.2,"y":-126.87}}]},{"name":"zi_fazhen_04_eff_2","display":[{"name":"zi_fazhen_04_eff_01","transform":{"x":0.2,"y":-115.44}},{"name":"zi_fazhen_04_eff_02","transform":{"x":0.2,"y":-126.87}},{"name":"zi_fazhen_04_eff_03","transform":{"x":0.2,"y":-126.87}},{"name":"zi_fazhen_04_eff_04","transform":{"x":0.2,"y":-126.87}},{"name":"zi_fazhen_04_eff_05","transform":{"x":0.2,"y":-126.87}},{"name":"zi_fazhen_04_eff_06","transform":{"x":0.2,"y":-126.87}}]},{"name":"zi_fazhen_04_eff_6","display":[{"name":"zi_fazhen_04_eff_01","transform":{"x":0.2,"y":-115.44}},{"name":"zi_fazhen_04_eff_02","transform":{"x":0.2,"y":-126.87}},{"name":"zi_fazhen_04_eff_03","transform":{"x":0.2,"y":-126.87}},{"name":"zi_fazhen_04_eff_04","transform":{"x":0.2,"y":-126.87}},{"name":"zi_fazhen_04_eff_05","transform":{"x":0.2,"y":-126.87}},{"name":"zi_fazhen_04_eff_06","transform":{"x":0.2,"y":-126.87}}]},{"name":"zi_fazhen_04_eff_5","display":[{"name":"zi_fazhen_04_eff_01","transform":{"x":0.2,"y":-115.44}},{"name":"zi_fazhen_04_eff_02","transform":{"x":0.2,"y":-126.87}},{"name":"zi_fazhen_04_eff_03","transform":{"x":0.2,"y":-126.87}},{"name":"zi_fazhen_04_eff_04","transform":{"x":0.2,"y":-126.87}},{"name":"zi_fazhen_04_eff_05","transform":{"x":0.2,"y":-126.87}},{"name":"zi_fazhen_04_eff_06","transform":{"x":0.2,"y":-126.87}}]},{"name":"zi_fazhen_04_eff_01","display":[{"name":"zi_fazhen_04_eff_01","transform":{"x":0.2,"y":-115.44}},{"name":"zi_fazhen_04_eff_02","transform":{"x":0.2,"y":-126.87}},{"name":"zi_fazhen_04_eff_03","transform":{"x":0.2,"y":-126.87}},{"name":"zi_fazhen_04_eff_04","transform":{"x":0.2,"y":-126.87}},{"name":"zi_fazhen_04_eff_05","transform":{"x":0.2,"y":-126.87}},{"name":"zi_fazhen_04_eff_06","transform":{"x":0.2,"y":-126.87}}]},{"name":"lan_long_eff2","display":[{"name":"lan_long_eff","transform":{"x":85.55,"y":1.83,"skX":176.52,"skY":176.52}}]},{"name":"lan_longbo_eff_pz","display":[{"name":"lan_longbo_eff_pz","transform":{"x":32,"y":-61.99,"scX":10.859,"scY":19.561}}]},{"name":"lan_long_eff6","display":[{"name":"lan_long_eff","transform":{"x":85.55,"y":1.83,"skX":176.52,"skY":176.52}}]},{"name":"zi_fazhen_04_eff_3","display":[{"name":"zi_fazhen_04_eff_01","transform":{"x":0.2,"y":-115.44}},{"name":"zi_fazhen_04_eff_02","transform":{"x":0.2,"y":-126.87}},{"name":"zi_fazhen_04_eff_03","transform":{"x":0.2,"y":-126.87}},{"name":"zi_fazhen_04_eff_04","transform":{"x":0.2,"y":-126.87}},{"name":"zi_fazhen_04_eff_05","transform":{"x":0.2,"y":-126.87}},{"name":"zi_fazhen_04_eff_06","transform":{"x":0.2,"y":-126.87}}]},{"name":"lan_long_eff5","display":[{"name":"lan_long_eff","transform":{"x":85.55,"y":1.83,"skX":176.52,"skY":176.52}}]},{"name":"lan_long_eff4","display":[{"name":"lan_long_eff","transform":{"x":85.55,"y":1.83,"skX":176.52,"skY":176.52}}]},{"name":"zi_fazhen_04_eff_1","display":[{"name":"zi_fazhen_04_eff_01","transform":{"x":0.2,"y":-115.44}},{"name":"zi_fazhen_04_eff_02","transform":{"x":0.2,"y":-126.87}},{"name":"zi_fazhen_04_eff_03","transform":{"x":0.2,"y":-126.87}},{"name":"zi_fazhen_04_eff_04","transform":{"x":0.2,"y":-126.87}},{"name":"zi_fazhen_04_eff_05","transform":{"x":0.2,"y":-126.87}},{"name":"zi_fazhen_04_eff_06","transform":{"x":0.2,"y":-126.87}}]},{"name":"lan_long_eff3","display":[{"name":"lan_long_eff","transform":{"x":85.55,"y":1.83,"skX":176.52,"skY":176.52}}]},{"name":"lan_long_eff8","display":[{"name":"lan_long_eff","transform":{"x":85.55,"y":1.83,"skX":176.52,"skY":176.52}}]}]}],"animation":[{"duration":15,"name":"0000_longluo","bone":[{"name":"lan_long_eff","translateFrame":[{"duration":5,"curve":[0.25,0,1,0.66],"x":875.98},{"duration":10,"x":8.84,"y":12.16}],"scaleFrame":[{"duration":5,"curve":[0.25,0,1,0.66]},{"duration":2,"tweenEasing":0},{"duration":8,"x":0.51,"y":0.86}]},{"name":"lan_long_eff2","translateFrame":[{"duration":15,"x":875.98}]},{"name":"lan_long_eff3","translateFrame":[{"duration":15,"x":875.98}]},{"name":"lan_long_eff4","translateFrame":[{"duration":15,"x":875.98}]},{"name":"lan_long_eff5","translateFrame":[{"duration":15,"x":875.98}]},{"name":"lan_long_eff6","translateFrame":[{"duration":15,"x":875.98}]},{"name":"lan_long_eff7","translateFrame":[{"duration":15,"x":875.98}]},{"name":"lan_long_eff8","translateFrame":[{"duration":15,"x":875.98}]}],"slot":[{"name":"lan_long_eff","colorFrame":[{"duration":5},{"duration":2,"tweenEasing":0},{"duration":8,"value":{"aM":0}}]},{"name":"lan_long_eff2","displayFrame":[{"duration":15,"value":-1}]},{"name":"lan_long_eff3","displayFrame":[{"duration":15,"value":-1}]},{"name":"lan_long_eff4","displayFrame":[{"duration":15,"value":-1}]},{"name":"lan_long_eff5","displayFrame":[{"duration":15,"value":-1}]},{"name":"lan_long_eff6","displayFrame":[{"duration":15,"value":-1}]},{"name":"lan_long_eff7","displayFrame":[{"duration":15,"value":-1}]},{"name":"lan_long_eff8","displayFrame":[{"duration":15,"value":-1}]},{"name":"lan_longbo_eff_pz","displayFrame":[{"duration":5,"value":-1},{"duration":6},{"duration":4,"value":-1}]},{"name":"zi_fazhen_04_eff_01","displayFrame":[{"duration":5,"value":-1},{"duration":2},{"duration":2,"value":1},{"duration":2,"value":2},{"duration":2,"value":3},{"duration":2,"value":4},{"duration":0,"value":5}]},{"name":"zi_fazhen_04_eff_1","displayFrame":[{"duration":15,"value":-1}]},{"name":"zi_fazhen_04_eff_2","displayFrame":[{"duration":15,"value":-1}]},{"name":"zi_fazhen_04_eff_3","displayFrame":[{"duration":15,"value":-1}]},{"name":"zi_fazhen_04_eff_4","displayFrame":[{"duration":15,"value":-1}]},{"name":"zi_fazhen_04_eff_5","displayFrame":[{"duration":15,"value":-1}]},{"name":"zi_fazhen_04_eff_6","displayFrame":[{"duration":15,"value":-1}]},{"name":"zi_fazhen_04_eff_7","displayFrame":[{"duration":15,"value":-1}]}]},{"duration":15,"name":"0001_longluo1","bone":[{"name":"zi_fazhen_04_pz","scaleFrame":[{"duration":15,"x":14.14,"y":5.34}]},{"name":"lan_long_eff","translateFrame":[{"duration":5,"curve":[0.25,0,1,0.66],"x":875.98},{"duration":10,"x":8.84,"y":12.16}],"scaleFrame":[{"duration":5,"curve":[0.25,0,1,0.66]},{"duration":3,"tweenEasing":0},{"duration":7,"x":0.51,"y":0.86}]},{"name":"lan_long_eff2","translateFrame":[{"duration":5,"curve":[0.25,0,1,0.66],"x":875.98},{"duration":10}]},{"name":"lan_long_eff3","translateFrame":[{"duration":5,"curve":[0.25,0,1,0.66],"x":875.98},{"duration":10,"x":-0.02}]},{"name":"lan_long_eff4","translateFrame":[{"duration":5,"curve":[0.25,0,1,0.66],"x":875.98},{"duration":10}]},{"name":"lan_long_eff5","translateFrame":[{"duration":5,"curve":[0.25,0,1,0.66],"x":875.98},{"duration":10}]},{"name":"lan_long_eff6","translateFrame":[{"duration":5,"curve":[0.25,0,1,0.66],"x":875.98},{"duration":10}]},{"name":"lan_long_eff7","translateFrame":[{"duration":5,"curve":[0.25,0,1,0.66],"x":875.98},{"duration":10}]},{"name":"lan_long_eff8","translateFrame":[{"duration":5,"curve":[0.25,0,1,0.66],"x":875.98},{"duration":10}]},{"name":"zi_fazhen_04_eff_7","translateFrame":[{"duration":5},{"duration":8,"tweenEasing":0},{"duration":2,"tweenEasing":0,"y":3.33},{"duration":0}]},{"name":"long2","translateFrame":[{"duration":15,"x":-3.03,"y":21.22}]},{"name":"long3","translateFrame":[{"duration":15,"x":1.51,"y":-25.77}],"scaleFrame":[{"duration":15,"x":0.87,"y":0.87}]},{"name":"long4","translateFrame":[{"duration":15,"x":1.51,"y":19.71}],"scaleFrame":[{"duration":15,"x":1.06,"y":1.06}]},{"name":"long5","translateFrame":[{"duration":15,"x":1.51,"y":-18.19}],"scaleFrame":[{"duration":15,"x":0.91,"y":0.91}]},{"name":"long6","translateFrame":[{"duration":15,"y":13.64}]},{"name":"long7","translateFrame":[{"duration":15,"x":-1.51,"y":-28.8}],"scaleFrame":[{"duration":15,"x":0.87,"y":0.87}]},{"name":"long8","translateFrame":[{"duration":15,"y":4.54}],"scaleFrame":[{"duration":15,"x":1.09,"y":1.09}]}],"slot":[{"name":"lan_long_eff","colorFrame":[{"duration":5,"tweenEasing":0},{"duration":3,"tweenEasing":0},{"duration":7,"value":{"aM":0}}]},{"name":"lan_long_eff2","colorFrame":[{"duration":5,"tweenEasing":0},{"duration":3,"tweenEasing":0},{"duration":7,"value":{"aM":0}}]},{"name":"lan_long_eff3","colorFrame":[{"duration":5,"tweenEasing":0},{"duration":3,"tweenEasing":0},{"duration":7,"value":{"aM":0}}]},{"name":"lan_long_eff4","colorFrame":[{"duration":5,"tweenEasing":0},{"duration":3,"tweenEasing":0},{"duration":7,"value":{"aM":0}}]},{"name":"lan_long_eff5","colorFrame":[{"duration":5,"tweenEasing":0},{"duration":3,"tweenEasing":0},{"duration":7,"value":{"aM":0}}]},{"name":"lan_long_eff6","colorFrame":[{"duration":5,"tweenEasing":0},{"duration":3,"tweenEasing":0},{"duration":7,"value":{"aM":0}}]},{"name":"lan_long_eff7","colorFrame":[{"duration":5,"tweenEasing":0},{"duration":3,"tweenEasing":0},{"duration":7,"value":{"aM":0}}]},{"name":"lan_long_eff8","colorFrame":[{"duration":5,"tweenEasing":0},{"duration":3,"tweenEasing":0},{"duration":7,"value":{"aM":0}}]},{"name":"lan_longbo_eff_pz","displayFrame":[{"duration":5,"value":-1},{"duration":10},{"duration":0,"value":-1}]},{"name":"zi_fazhen_04_eff_01","displayFrame":[{"duration":5,"value":-1},{"duration":2},{"duration":2,"value":1},{"duration":2,"value":2},{"duration":2,"value":3},{"duration":2,"value":4},{"duration":0,"value":5}]},{"name":"zi_fazhen_04_eff_1","displayFrame":[{"duration":5,"value":-1},{"duration":2},{"duration":2,"value":1},{"duration":2,"value":2},{"duration":2,"value":3},{"duration":2,"value":4},{"duration":0,"value":5}]},{"name":"zi_fazhen_04_eff_2","displayFrame":[{"duration":5,"value":-1},{"duration":2},{"duration":2,"value":1},{"duration":2,"value":2},{"duration":2,"value":3},{"duration":2,"value":4},{"duration":0,"value":5}]},{"name":"zi_fazhen_04_eff_3","displayFrame":[{"duration":5,"value":-1},{"duration":2},{"duration":2,"value":1},{"duration":2,"value":2},{"duration":2,"value":3},{"duration":2,"value":4},{"duration":0,"value":5}]},{"name":"zi_fazhen_04_eff_4","displayFrame":[{"duration":5,"value":-1},{"duration":2},{"duration":2,"value":1},{"duration":2,"value":2},{"duration":2,"value":3},{"duration":2,"value":4},{"duration":0,"value":5}]},{"name":"zi_fazhen_04_eff_5","displayFrame":[{"duration":5,"value":-1},{"duration":2},{"duration":2,"value":1},{"duration":2,"value":2},{"duration":2,"value":3},{"duration":2,"value":4},{"duration":0,"value":5}]},{"name":"zi_fazhen_04_eff_6","displayFrame":[{"duration":5,"value":-1},{"duration":2},{"duration":2,"value":1},{"duration":2,"value":2},{"duration":2,"value":3},{"duration":2,"value":4},{"duration":0,"value":5}]},{"name":"zi_fazhen_04_eff_7","displayFrame":[{"duration":5,"value":-1},{"duration":2},{"duration":2,"value":1},{"duration":2,"value":2},{"duration":2,"value":3},{"duration":2,"value":4},{"duration":0,"value":5}]}]},{"duration":15,"name":"0001_longluo2","bone":[{"name":"zi_fazhen_04_pz","translateFrame":[{"duration":5,"tweenEasing":0},{"duration":10,"x":-93.35}],"scaleFrame":[{"duration":5,"tweenEasing":0},{"duration":10,"x":15.62,"y":6.64}]},{"name":"lan_long_eff","translateFrame":[{"duration":5,"curve":[0.25,0,1,0.66],"x":875.98},{"duration":10,"x":8.84,"y":12.16}],"scaleFrame":[{"duration":5,"curve":[0.25,0,1,0.66]},{"duration":3,"tweenEasing":0},{"duration":7,"x":0.51,"y":0.86}]},{"name":"lan_long_eff2","translateFrame":[{"duration":5,"curve":[0.25,0,1,0.66],"x":875.98},{"duration":10}]},{"name":"lan_long_eff3","translateFrame":[{"duration":5,"curve":[0.25,0,1,0.66],"x":875.98},{"duration":10,"x":-0.02}]},{"name":"lan_long_eff4","translateFrame":[{"duration":5,"curve":[0.25,0,1,0.66],"x":875.98},{"duration":10}]},{"name":"lan_long_eff5","translateFrame":[{"duration":5,"curve":[0.25,0,1,0.66],"x":875.98},{"duration":10}]},{"name":"lan_long_eff6","translateFrame":[{"duration":5,"curve":[0.25,0,1,0.66],"x":875.98},{"duration":10}]},{"name":"lan_long_eff7","translateFrame":[{"duration":5,"curve":[0.25,0,1,0.66],"x":875.98},{"duration":10}]},{"name":"lan_long_eff8","translateFrame":[{"duration":5,"curve":[0.25,0,1,0.66],"x":875.98},{"duration":10}]},{"name":"zi_fazhen_04_eff_7","translateFrame":[{"duration":5},{"duration":8,"tweenEasing":0},{"duration":2,"tweenEasing":0,"y":3.33},{"duration":0}]},{"name":"long1","scaleFrame":[{"duration":15,"x":0.93,"y":0.93}]},{"name":"long2","translateFrame":[{"duration":15,"x":-3.03,"y":-23.75}],"scaleFrame":[{"duration":15,"x":0.9,"y":0.9}]},{"name":"long3","translateFrame":[{"duration":15,"x":1.51,"y":28.19}],"scaleFrame":[{"duration":15,"x":1.03,"y":1.03}]},{"name":"long4","translateFrame":[{"duration":15,"x":1.51,"y":-19.86}],"scaleFrame":[{"duration":15,"x":0.9,"y":0.9}]},{"name":"long5","translateFrame":[{"duration":15,"x":1.51,"y":15.98}],"scaleFrame":[{"duration":15,"x":1.1,"y":1.1}]},{"name":"long6","translateFrame":[{"duration":15,"y":-18.73}],"scaleFrame":[{"duration":15,"x":0.9,"y":0.9}]},{"name":"long7","translateFrame":[{"duration":15,"x":-1.51,"y":19.76}]},{"name":"long8","translateFrame":[{"duration":15,"y":4.54}],"scaleFrame":[{"duration":15,"x":0.93,"y":0.93}]}],"slot":[{"name":"lan_long_eff","colorFrame":[{"duration":5,"tweenEasing":0},{"duration":3,"tweenEasing":0},{"duration":7,"value":{"aM":0}}]},{"name":"lan_long_eff2","colorFrame":[{"duration":5,"tweenEasing":0},{"duration":3,"tweenEasing":0},{"duration":7,"value":{"aM":0}}]},{"name":"lan_long_eff3","colorFrame":[{"duration":5,"tweenEasing":0},{"duration":3,"tweenEasing":0},{"duration":7,"value":{"aM":0}}]},{"name":"lan_long_eff4","colorFrame":[{"duration":5,"tweenEasing":0},{"duration":3,"tweenEasing":0},{"duration":7,"value":{"aM":0}}]},{"name":"lan_long_eff5","colorFrame":[{"duration":5,"tweenEasing":0},{"duration":3,"tweenEasing":0},{"duration":7,"value":{"aM":0}}]},{"name":"lan_long_eff6","colorFrame":[{"duration":5,"tweenEasing":0},{"duration":3,"tweenEasing":0},{"duration":7,"value":{"aM":0}}]},{"name":"lan_long_eff7","colorFrame":[{"duration":5,"tweenEasing":0},{"duration":3,"tweenEasing":0},{"duration":7,"value":{"aM":0}}]},{"name":"lan_long_eff8","colorFrame":[{"duration":5,"tweenEasing":0},{"duration":3,"tweenEasing":0},{"duration":7,"value":{"aM":0}}]},{"name":"lan_longbo_eff_pz","displayFrame":[{"duration":5,"value":-1},{"duration":10},{"duration":0,"value":-1}]},{"name":"zi_fazhen_04_eff_01","displayFrame":[{"duration":5,"value":-1},{"duration":2},{"duration":2,"value":1},{"duration":2,"value":2},{"duration":2,"value":3},{"duration":2,"value":4},{"duration":0,"value":5}]},{"name":"zi_fazhen_04_eff_1","displayFrame":[{"duration":5,"value":-1},{"duration":2},{"duration":2,"value":1},{"duration":2,"value":2},{"duration":2,"value":3},{"duration":2,"value":4},{"duration":0,"value":5}]},{"name":"zi_fazhen_04_eff_2","displayFrame":[{"duration":5,"value":-1},{"duration":2},{"duration":2,"value":1},{"duration":2,"value":2},{"duration":2,"value":3},{"duration":2,"value":4},{"duration":0,"value":5}]},{"name":"zi_fazhen_04_eff_3","displayFrame":[{"duration":5,"value":-1},{"duration":2},{"duration":2,"value":1},{"duration":2,"value":2},{"duration":2,"value":3},{"duration":2,"value":4},{"duration":0,"value":5}]},{"name":"zi_fazhen_04_eff_4","displayFrame":[{"duration":5,"value":-1},{"duration":2},{"duration":2,"value":1},{"duration":2,"value":2},{"duration":2,"value":3},{"duration":2,"value":4},{"duration":0,"value":5}]},{"name":"zi_fazhen_04_eff_5","displayFrame":[{"duration":5,"value":-1},{"duration":2},{"duration":2,"value":1},{"duration":2,"value":2},{"duration":2,"value":3},{"duration":2,"value":4},{"duration":0,"value":5}]},{"name":"zi_fazhen_04_eff_6","displayFrame":[{"duration":5,"value":-1},{"duration":2},{"duration":2,"value":1},{"duration":2,"value":2},{"duration":2,"value":3},{"duration":2,"value":4},{"duration":0,"value":5}]},{"name":"zi_fazhen_04_eff_7","displayFrame":[{"duration":5,"value":-1},{"duration":2},{"duration":2,"value":1},{"duration":2,"value":2},{"duration":2,"value":3},{"duration":2,"value":4},{"duration":0,"value":5}]}]}],"defaultActions":[{"gotoAndPlay":"0000_longluo"}]}]}