{"frameRate":30,"name":"gw_019_shoushuishou","version":"5.5","compatibleVersion":"5.5","armature":[{"type":"Armature","frameRate":30,"name":"armatureName","aabb":{"x":-61.41,"y":-247.62,"width":150.92,"height":255.62},"bone":[{"name":"root"},{"name":"11","parent":"root","transform":{"x":-32.44,"y":-13.69}},{"name":"22","parent":"root","transform":{"x":17.4,"y":-13.92}},{"name":"buff_flo","parent":"root"},{"name":"buff_mid","parent":"root","transform":{"y":-134.72}},{"name":"buff_up","parent":"root","transform":{"y":-239.62}},{"name":"gw_019_shoushuishou_pz","parent":"root","transform":{"x":-10.96,"y":-14.03}},{"name":"jiao1","parent":"root","transform":{"x":-19.33,"y":0.99}},{"name":"jiao2","parent":"root","transform":{"x":38.81,"y":-3.25}},{"name":"shuishou_kua","parent":"root","transform":{"x":-3.76,"y":-99.57,"skX":-0.56,"skY":-0.56}},{"length":54,"name":"shuishou_datui1","parent":"shuishou_kua","transform":{"x":-12.14,"y":-1.12,"skX":82.7,"skY":82.7}},{"length":25,"name":"shuishou_shenti","parent":"shuishou_kua","transform":{"x":-4.21,"y":-12.35,"skX":-88.71,"skY":-88.71}},{"length":51,"name":"shuishou_datui2","parent":"shuishou_kua","transform":{"x":4.78,"y":0.35,"skX":58.67,"skY":58.67}},{"length":45,"name":"shuishou_shenti2","parent":"shuishou_shenti","transform":{"x":29.53,"y":1.86,"skX":28.84,"skY":28.84}},{"length":50,"name":"shuishou_xiaotui1","parent":"shuishou_datui1","transform":{"x":46.09,"y":-1.86,"skX":25.63,"skY":25.63}},{"length":44,"name":"shuishou_xiaotui2","parent":"shuishou_datui2","transform":{"x":46.02,"y":-1.52,"skX":38.18,"skY":38.18}},{"length":45,"name":"shuishou_dabi1","parent":"shuishou_shenti2","transform":{"x":23.91,"y":-14.43,"skX":-174.76,"skY":-174.76}},{"length":43,"name":"shuishou_tou","parent":"shuishou_shenti2","transform":{"x":45.47,"y":-1.74,"skX":-14.12,"skY":-14.12}},{"length":9,"name":"shuishou_jiao3","parent":"shuishou_xiaotui2","transform":{"x":42.28,"y":-0.07,"skX":-19.49,"skY":-19.49}},{"length":43,"name":"shuishou_dabbi2","parent":"shuishou_shenti2","transform":{"x":31.01,"y":4.31,"skX":149.27,"skY":149.27}},{"length":11,"name":"shuishou_jiao1","parent":"shuishou_xiaotui1","transform":{"x":49.88,"y":2.08,"skX":-30.62,"skY":-30.62}},{"length":15,"name":"shuishou_jiao2","parent":"shuishou_jiao1","transform":{"x":11.53,"y":-1.13,"skX":-58.66,"skY":-58.66}},{"length":15,"name":"shuishou_hudiejie","parent":"shuishou_tou","transform":{"x":26.22,"y":-28.16,"skX":-126.66,"skY":-126.66}},{"length":18,"name":"shuishou_jiao4","parent":"shuishou_jiao3","transform":{"x":9.84,"y":-0.84,"skX":-63.92,"skY":-63.92}},{"length":34,"name":"shuishou_xiaobi1","parent":"shuishou_dabi1","transform":{"x":46.58,"y":0.14,"skX":-49.24,"skY":-49.24}},{"length":10,"name":"shuishou_toufa","parent":"shuishou_tou","transform":{"x":33.12,"y":26.85,"skX":78.95,"skY":78.95}},{"length":32,"name":"shuishou_xiaobi2","parent":"shuishou_dabbi2","transform":{"x":41.25,"y":0.87,"skX":-28.55,"skY":-28.55}},{"length":16,"name":"shuishou_shou2","parent":"shuishou_xiaobi2","transform":{"x":32.81,"y":-0.09,"skX":10.3,"skY":10.3}},{"length":15,"name":"shuishou_shou1","parent":"shuishou_xiaobi1","transform":{"x":36.06,"y":-0.07,"skX":-9.19,"skY":-9.19}},{"length":9,"name":"shuishou_toufa2","parent":"shuishou_toufa","transform":{"x":13.02,"y":-1.29,"skX":-41.3,"skY":-41.3}},{"length":10,"name":"shuishou_toufa3","parent":"shuishou_toufa2","transform":{"x":10.98,"y":-0.11,"skX":-34.31,"skY":-34.31}}],"slot":[{"blendMode":"erase","name":"gw_019_shoushuishou_pz","parent":"gw_019_shoushuishou_pz","color":{"aM":0}},{"name":"shuishou_dabbi2","parent":"shuishou_dabbi2"},{"name":"shuishou_xiaobi2","parent":"shuishou_xiaobi2"},{"name":"shuishou_shou2","parent":"shuishou_shou2"},{"name":"shuishou_xiaotui2","parent":"shuishou_xiaotui2"},{"name":"shuishou_jiao2","parent":"shuishou_jiao4"},{"name":"shuishou_datui2","parent":"shuishou_datui2"},{"name":"shuishou_shenti","parent":"shuishou_shenti2"},{"name":"shuishou_kua","parent":"shuishou_kua"},{"name":"shuishou_xiaotui1","parent":"shuishou_xiaotui1"},{"name":"shuishou_jiao1","parent":"shuishou_jiao2"},{"name":"shuishou_datui1","parent":"shuishou_datui1"},{"name":"shuishou_hudiejie","parent":"shuishou_hudiejie"},{"name":"shuishou_tou","parent":"shuishou_tou"},{"name":"shuishou_toufa","parent":"shuishou_toufa3"},{"name":"shuishou_dabi1","parent":"shuishou_dabi1"},{"name":"shuishou_shou1","parent":"shuishou_shou1"},{"name":"shuishou_xiaobi1","parent":"shuishou_xiaobi1"},{"blendMode":"erase","name":"buff_flo","parent":"buff_flo","color":{"aM":0}},{"blendMode":"erase","name":"buff_mid","parent":"buff_mid","color":{"aM":0}},{"blendMode":"erase","name":"buff_up","parent":"buff_up","color":{"aM":0}}],"ik":[{"chain":1,"name":"tui1","bone":"shuishou_xiaotui1","target":"11"},{"chain":1,"name":"tui2","bone":"shuishou_xiaotui2","target":"22"},{"bendPositive":false,"chain":1,"name":"jiao2","bone":"shuishou_jiao4","target":"jiao2"},{"bendPositive":false,"chain":1,"name":"jiao1","bone":"shuishou_jiao2","target":"jiao1"}],"skin":[{"slot":[{"name":"shuishou_toufa","display":[{"type":"mesh","name":"shuishou_toufa","width":44,"height":52,"vertices":[81.06,-212.07,79.18,-201.89,64.48,-193.31,54.75,-199.49,49.06,-207.38,61.18,-211.86,66.04,-220.51,68.78,-221.89,71.91,-215.52,78.64,-223.88],"uvs":[0.9532,0.28071,0.91661,0.4774,0.58806,0.65022,0.36303,0.53669,0.2289,0.38761,0.50159,0.29513,0.60663,0.12628,0.66823,0.09842,0.74308,0.21917,0.891,0.05507],"triangles":[8,1,0,9,8,0,8,5,1,5,2,1,5,3,2,7,6,8,6,5,8,4,3,5],"weights":[2,29,0.03891,30,0.96108,3,25,0.00155,29,0.82373,30,0.1747,2,25,0.835,29,0.16499,1,25,1,1,25,1,2,25,0.40034,29,0.59965,1,29,1,2,29,0.99669,30,0.0033,2,29,0.58788,30,0.41211,1,30,1],"slotPose":[1,0,0,1,0,0],"bonePose":[29,0.799685,-0.60042,0.60042,0.799685,62.854439,-206.846224,30,0.3221,-0.946705,0.946705,0.3221,71.568931,-213.526803,25,0.997053,0.076719,-0.076719,0.997053,49.773845,-206.558908],"edges":[4,3,3,2,2,1,1,0,0,9,9,8,8,7,7,6,6,5,5,4],"userEdges":[]}]},{"name":"shuishou_datui2","display":[{"type":"mesh","name":"shuishou_datui2","width":44,"height":75,"vertices":[36.39,-69.39,36.57,-50.2,18.09,-47.11,-5.25,-77.27,-9.92,-101.22,14.08,-108.11],"uvs":[1.02272,0.66136,1.02272,0.91713,0.60193,0.95585,0.07817,0.55085,-0.02273,0.23085,0.52452,0.14205],"triangles":[2,1,0,3,2,0,5,3,0,4,3,5],"weights":[1,12,1,1,12,1,1,12,1,1,12,1,1,12,1,1,12,1],"slotPose":[1,0,0,1,0,0],"bonePose":[12,0.52829,0.849064,-0.849064,0.52829,1.023192,-99.266735],"edges":[4,3,3,2,2,1,1,0,0,5,5,4],"userEdges":[]}]},{"name":"shuishou_shenti","display":[{"type":"mesh","name":"shuishou_shenti","width":56,"height":85,"vertices":[25.99,-179.66,16.61,-170.32,21.65,-161.18,20.08,-147.52,12.51,-128.97,10.44,-116.16,7.82,-105.39,-22.36,-104.52,-25.03,-115.84,-33.07,-120.78,-31.44,-139.88,-24.05,-161.62,-13.65,-177.1,2.68,-180.18,12.04,-190.42,21.9,-187.3,6.88,-141.08,15.51,-141.92,0.19,-125.76,5.74,-125.64],"uvs":[1.01786,0.10949,0.92263,0.23497,1.01785,0.34063,0.96523,0.48921,0.80235,0.71538,0.75975,0.86978,0.70965,0.9969,0.11324,1.0002,0.06734,0.86647,-0.01786,0.81114,0.01472,0.58992,0.02224,0.27624,0.19594,0.09224,0.57683,0.09224,0.76226,-0.01176,0.94017,0.02124,0.39891,0.49755,0.81238,0.55204,0.44151,0.74354,0.67957,0.75675],"triangles":[17,4,3,15,1,0,17,3,2,1,17,2,16,17,1,15,14,1,14,13,1,13,16,1,16,18,19,16,19,17,17,19,4,19,5,4,18,6,5,19,18,5,12,16,13,18,7,6,12,11,16,8,7,18,9,8,18,10,9,18,16,10,18,11,10,16],"weights":[1,13,1,1,13,1,1,13,1,2,11,0.00513,13,0.99486,2,11,0.50502,13,0.49496,2,11,0.93131,13,0.06868,2,11,0.99858,13,0.00141,1,11,1,1,11,1,2,11,0.99416,13,0.00583,2,11,0.73374,13,0.26625,2,11,0.09612,13,0.90387,2,11,0.00534,13,0.99465,1,13,1,1,13,1,1,13,1,2,11,0.08157,13,0.91842,2,11,0.03761,13,0.96238,1,11,1,2,11,0.71062,13,0.28937],"slotPose":[1,0,0,1,0,0],"bonePose":[13,0.493487,-0.869753,0.869753,0.493487,-5.854426,-141.382169,11,0.012741,-0.999919,0.999919,0.012741,-8.090504,-111.878263],"edges":[9,8,8,7,7,6,6,5,5,4,4,3,3,2,2,1,1,0,0,15,15,14,14,13,13,12,12,11,11,10,10,9],"userEdges":[]}]},{"name":"shuishou_shou2","display":[{"type":"mesh","name":"shuishou_shou2","width":17,"height":22,"vertices":[44.78,-79.98,26.18,-76.15,21.73,-97.73,37.15,-102.41],"uvs":[1.05882,1.04545,-0.05882,1.04545,-0.05882,0.044,0.88517,-0.02309],"triangles":[2,1,3,3,1,0],"weights":[1,27,1,1,27,1,1,27,1,1,27,1],"slotPose":[1,0,0,1,0,0],"bonePose":[27,0.332326,0.943165,-0.943165,0.332326,29.501632,-96.514779],"edges":[1,0,0,3,3,2,2,1],"userEdges":[]}]},{"name":"shuishou_datui1","display":[{"type":"mesh","name":"shuishou_datui1","width":31,"height":58,"vertices":[5.07,-43.47,-27.93,-43.15,-28.51,-103.14,4.49,-103.46],"uvs":[1.03226,1.01724,-0.03226,1.01724,-0.03226,-0.01724,1.03226,-0.01724],"triangles":[1,0,3,2,1,3],"weights":[1,10,1,1,10,1,1,10,1,1,10,1],"slotPose":[1,0,0,1,0,0],"bonePose":[10,0.136753,0.990605,-0.990605,0.136753,-15.910367,-100.571294],"edges":[1,0,0,3,3,2,2,1],"userEdges":[]}]},{"name":"shuishou_xiaotui1","display":[{"type":"mesh","name":"shuishou_xiaotui1","width":49,"height":56,"vertices":[1.09,-25.71,-16.31,-4.19,-33.8,-4.27,-26.13,-60.18,3.89,-60.45],"uvs":[0.95646,0.60215,0.59742,0.98342,0.24025,0.97912,0.40748,-0.01786,1.02041,-0.01786],"triangles":[3,0,4,2,1,0,3,2,0],"weights":[1,14,1,1,14,1,1,14,1,1,14,1,1,14,1],"slotPose":[1,0,0,1,0,0],"bonePose":[14,-0.305197,0.952289,-0.952289,-0.305197,-7.764895,-55.168662],"edges":[2,1,1,0,0,4,4,3,3,2],"userEdges":[]}]},{"name":"shuishou_jiao1","display":[{"type":"mesh","name":"shuishou_jiao1","width":30,"height":27,"vertices":[-13.36,-5.08,-11.75,-0.87,-9.13,0.3,-4.48,1.51,-3.07,10.6,-8.98,14.08,-19.38,12.71,-22.78,10.04,-25.03,8.2,-34.28,4.47,-33.91,-4.64,-33.51,-14.26,-23.26,-14.24,-13.64,-9.71,-20.83,-1.1,-17.49,2.6,-14.89,4.16,-9.6,5.25],"uvs":[0.73984,0.34415,0.76567,0.47683,0.851,0.5267,1.00345,0.58124,1.03332,0.92055,0.83011,1.03702,0.48678,0.96456,0.38378,0.89828,0.28111,0.8322,0.00857,0.65679,0.02035,0.31971,0.03283,-0.03697,0.37465,-0.03704,0.69847,0.13166,0.4872,0.48628,0.57067,0.60743,0.66199,0.65814,0.83118,0.70923],"triangles":[17,5,4,17,4,3,2,17,3,17,16,5,16,6,5,16,17,2,1,16,2,15,16,1,13,14,0,15,6,16,12,14,13,7,6,15,12,10,14,14,8,15,8,7,15,9,8,14,10,9,14,11,10,12,14,0,15,15,1,0],"weights":[2,21,0.61397,20,0.38602,2,21,0.94204,20,0.05795,2,21,0.99948,20,0.00051,1,21,1,1,21,1,1,21,1,2,21,0.99035,20,0.00964,2,21,0.83774,20,0.16225,2,21,0.34472,20,0.65526,1,20,1,1,20,1,1,20,1,1,20,1,2,21,0.11455,20,0.88544,2,21,0.15182,20,0.84817,2,21,0.99693,20,0.00306,1,21,1,1,21,1],"slotPose":[1,0,0,1,0,0],"bonePose":[21,0.948379,0.317139,-0.317139,0.948379,-21.302905,2.686648,20,0.222399,0.974956,-0.974956,0.222399,-24.96887,-8.30328],"edges":[9,8,8,7,7,6,6,5,5,4,4,3,3,2,2,1,1,0,0,13,13,12,12,11,11,10,10,9],"userEdges":[8,14,14,13,14,10,0,15,15,7,14,15,1,16,16,6,15,16,16,17,2,17,17,5]}]},{"name":"shuishou_dabbi2","display":[{"type":"mesh","name":"shuishou_dabbi2","width":38,"height":74,"vertices":[23.83,-119.09,-0.47,-118.29,-0.31,-174.64,25.42,-174.17],"uvs":[1.02631,0.98691,0.38799,1.01019,0.3362,0.24911,1.01337,0.24245],"triangles":[2,1,0,2,0,3],"weights":[1,19,1,1,19,1,1,19,1,1,19,1],"slotPose":[1,0,0,1,0,0],"bonePose":[19,0.020244,0.999795,-0.999795,0.020244,13.197228,-166.226296],"edges":[2,1,1,0,0,3,3,2],"userEdges":[]}]},{"name":"shuishou_hudiejie","display":[{"type":"mesh","name":"shuishou_hudiejie","width":24,"height":29,"vertices":[2.21,-188.7,-23.78,-189.4,-22.94,-220.39,3.04,-219.69],"uvs":[1.04167,1.03448,-0.04167,1.03448,-0.04167,-0.03448,1.04167,-0.03448],"triangles":[1,0,3,2,1,3],"weights":[1,22,1,1,22,1,1,22,1,1,22,1],"slotPose":[1,0,0,1,0,0],"bonePose":[22,-0.932261,0.361787,-0.361787,-0.932261,-5.086417,-214.562769],"edges":[1,0,0,3,3,2,2,1],"userEdges":[]}]},{"name":"shuishou_dabi1","display":[{"type":"mesh","name":"shuishou_dabi1","width":36,"height":52,"vertices":[2.31,-163.84,-10.64,-142.98,-25.35,-126.39,-34.17,-126.29,-38.91,-133.33,-28.32,-162.67,-13.74,-178.51,0.76,-175.59],"uvs":[1.02777,0.23092,0.7271,0.65496,0.36599,1.00029,0.12255,1.01922,-0.02778,0.89322,0.18405,0.31191,0.54366,-0.01923,0.9526,0.00915],"triangles":[5,1,0,6,5,0,7,6,0,4,2,1,5,4,1,4,3,2],"weights":[1,16,1,1,16,1,1,16,1,1,16,1,1,16,1,1,16,1,1,16,1,1,16,1],"slotPose":[1,0,0,1,0,0],"bonePose":[16,-0.570857,0.82105,-0.82105,-0.570857,-6.605705,-169.298984],"edges":[4,3,3,2,2,1,1,0,0,7,7,6,6,5,5,4],"userEdges":[]}]},{"name":"gw_019_shoushuishou_pz","display":[{"name":"gw_019_shoushuishou_pz","transform":{"x":14.9,"y":-105.8,"scX":8.334,"scY":24.11}}]},{"name":"buff_flo","display":[{"name":"buff_flo","transform":{"x":0.56}}]},{"name":"buff_up","display":[{"name":"buff_up","transform":{"x":0.56}}]},{"name":"shuishou_xiaobi2","display":[{"type":"mesh","name":"shuishou_xiaobi2","width":22,"height":38,"vertices":[36.86,-93.68,24.18,-91.06,11.76,-105.08,5.28,-128,18.99,-130.82,29.7,-116.21],"uvs":[1.04545,1.02632,0.45679,1.02632,0.03281,0.59905,-0.04545,-0.02632,0.59097,-0.02632,0.93364,0.40741],"triangles":[2,1,5,5,1,0,4,2,5,3,2,4],"weights":[1,26,1,1,26,1,1,26,1,1,26,1,1,26,1,1,26,1],"slotPose":[1,0,0,1,0,0],"bonePose":[26,0.49561,0.868545,-0.868545,0.49561,13.16249,-124.967137],"edges":[3,2,2,1,1,0,0,5,5,4,4,3],"userEdges":[]}]},{"name":"shuishou_xiaotui2","display":[{"type":"mesh","name":"shuishou_xiaotui2","width":45,"height":51,"vertices":[39.71,-34.75,27.6,-11.88,14.56,-11.75,9.94,-32.53,8.02,-58.61,14.33,-64.77,39.42,-65.01],"uvs":[1.02221,0.57345,0.74821,1.01961,0.4584,1.01961,0.36009,0.61154,0.32308,0.10009,0.46456,-0.01961,1.02222,-0.01961],"triangles":[5,4,0,4,3,0,3,1,0,6,5,0,3,2,1],"weights":[1,15,1,1,15,1,1,15,1,1,15,1,1,15,1,1,15,1,1,15,1],"slotPose":[1,0,0,1,0,0],"bonePose":[15,-0.109561,0.99398,-0.99398,-0.109561,26.625682,-60.995815],"edges":[4,3,3,2,2,1,1,0,0,6,6,5,5,4],"userEdges":[]}]},{"name":"shuishou_xiaobi1","display":[{"type":"mesh","name":"shuishou_xiaobi1","width":14,"height":39,"vertices":[-19.01,-95.06,-34.79,-92.45,-41.49,-132.89,-25.71,-135.51],"uvs":[1.07143,1.02564,-0.07143,1.02564,-0.07143,-0.02564,1.07143,-0.02564],"triangles":[1,0,3,2,1,3],"weights":[1,24,1,1,24,1,1,24,1,1,24,1],"slotPose":[1,0,0,1,0,0],"bonePose":[24,0.249197,0.968453,-0.968453,0.249197,-33.311166,-131.134414],"edges":[1,0,0,3,3,2,2,1],"userEdges":[]}]},{"name":"shuishou_shou1","display":[{"type":"mesh","name":"shuishou_shou1","width":147,"height":64,"vertices":[104.52,-120.44,44.79,-98.59,32.34,-100.78,7.97,-89.76,-10.15,-81.77,-22.93,-76.17,-38.76,-73.55,-40.41,-83.49,-29.49,-88.38,-30.39,-100.18,-20.68,-104.78,-11.9,-95.9,21.22,-114.66,26.55,-129.81,75.85,-158.91,84.86,-160.9],"uvs":[1.0068,0.65834,0.58174,0.84265,0.50061,0.7773,0.32489,0.88493,0.19436,0.9618,0.10232,1.0156,-0.0068,1.01563,-0.00679,0.85821,0.07184,0.81078,0.07889,0.62628,0.14918,0.58015,0.19833,0.7396,0.44138,0.53476,0.49391,0.31493,0.85705,-0.00793,0.91977,-0.01563],"triangles":[15,14,0,14,1,0,13,1,14,13,12,2,13,2,1,12,3,2,11,3,12,11,4,3,10,8,11,11,8,4,8,5,4,9,8,10,7,6,8,8,6,5],"weights":[1,28,1,1,28,1,1,28,1,1,28,1,1,28,1,1,28,1,1,28,1,1,28,1,1,28,1,1,28,1,1,28,1,1,28,1,1,28,1,1,28,1,1,28,1,1,28,1],"slotPose":[1,0,0,1,0,0],"bonePose":[28,0.400669,0.916223,-0.916223,0.400669,-24.25733,-96.229449],"edges":[6,5,5,4,4,3,3,2,2,1,1,0,0,15,15,14,14,13,13,12,12,11,11,10,10,9,9,8,8,7,7,6],"userEdges":[]}]},{"name":"buff_mid","display":[{"name":"buff_mid","transform":{"y":-0.56}}]},{"name":"shuishou_kua","display":[{"type":"mesh","name":"shuishou_kua","width":46,"height":35,"vertices":[16.89,2.13,12.95,13.38,-0.88,18.55,-14.6,10.68,-23.37,7.47,-29.76,-18.43,16.89,-18.44],"uvs":[1.02174,0.55937,0.93617,0.88096,0.6352,1.02857,0.26703,0.81068,-0.02174,0.58748,-0.02174,-0.02857,1.02174,-0.02857],"triangles":[5,3,6,2,1,0,3,2,0,6,3,0,5,4,3],"edges":[4,3,3,2,2,1,1,0,0,6,6,5,5,4],"userEdges":[]}]},{"name":"shuishou_jiao2","display":[{"type":"mesh","name":"shuishou_jiao2","width":31,"height":24,"vertices":[32.69,-13.86,36.01,-11.62,40.45,-10.94,44.18,-10.14,46.97,-7.64,46.08,0.47,39.49,0.28,30.59,-0.07,24.33,-0.1,14.04,0.52,13.98,-6.47,13.92,-13.32,13.81,-24.75,29.64,-24.54,30.21,-15.54],"uvs":[0.57355,0.41903,0.68,0.51387,0.82322,0.54386,0.94322,0.57887,1.03225,0.68386,1.00128,1.02166,0.79416,1.01965,0.50985,1.0169,0.29742,1.01485,-0.03225,1.01166,-0.03226,0.72034,-0.03226,0.4348,-0.03226,-0.04167,0.47843,-0.02667,0.49419,0.34832],"triangles":[6,5,4,3,6,4,2,6,3,2,1,6,1,7,6,0,7,1,10,8,14,8,7,0,14,8,0,11,10,14,13,12,14,12,11,14,10,9,8],"weights":[2,18,0.0027,23,0.99729,1,23,1,1,23,1,1,23,1,1,23,1,1,23,1,1,23,1,2,18,0.17549,23,0.8245,2,18,0.77683,23,0.22316,1,18,1,1,18,1,1,18,1,1,18,1,2,18,0.93328,23,0.06671,2,18,0.17793,23,0.82206],"slotPose":[1,0,0,1,0,0],"bonePose":[18,0.228351,0.973579,-0.973579,0.228351,22.063029,-18.962668,23,0.974839,0.22291,-0.22291,0.974839,25.127808,-9.574466],"edges":[10,9,9,8,8,7,7,6,6,5,5,4,4,3,3,2,2,1,1,0,0,14,14,13,13,12,12,11,11,10],"userEdges":[14,11,14,10,0,8,1,7,2,6]}]},{"name":"shuishou_tou","display":[{"type":"mesh","name":"shuishou_tou","width":69,"height":84,"vertices":[62.25,-159.61,-8.73,-161.48,-6.48,-247.45,64.5,-245.59],"uvs":[1.01449,1.0119,-0.01449,1.0119,-0.01449,-0.0119,1.01449,-0.0119],"triangles":[1,0,3,2,1,3],"weights":[1,17,1,1,17,1,1,17,1,1,17,1],"slotPose":[1,0,0,1,0,0],"bonePose":[17,0.266397,-0.963863,0.963863,0.266397,15.071035,-181.788524],"edges":[1,0,0,3,3,2,2,1],"userEdges":[]}]}]}],"animation":[{"duration":20,"name":"0000_chuchang","bone":[{"name":"shuishou_kua","translateFrame":[{"duration":5,"curve":[0.391,0,1,0.69],"x":3.65,"y":-21.89},{"duration":5,"curve":[0,0.35,0.75,1],"x":1,"y":-2.28},{"duration":10,"curve":[0.25,0,1,0.75],"y":10.27},{"duration":0}]},{"name":"shuishou_shenti2","rotateFrame":[{"duration":5,"rotate":2.02},{"duration":5,"curve":[0,0.35,0.75,1],"rotate":2.02},{"duration":10,"curve":[0.25,0,1,0.75],"rotate":6.77},{"duration":0}]},{"name":"shuishou_tou","rotateFrame":[{"duration":5,"rotate":16.41},{"duration":5,"curve":[0,0.35,0.75,1],"rotate":16.41},{"duration":10,"curve":[0.25,0,1,0.75],"rotate":6.64},{"duration":0}]},{"name":"shuishou_toufa","rotateFrame":[{"duration":5,"curve":[0.391,0,1,0.69],"rotate":14.56},{"duration":5,"rotate":16.82},{"duration":10,"curve":[0.25,0,1,0.75],"rotate":16.82},{"duration":0}]},{"name":"shuishou_hudiejie","rotateFrame":[{"duration":10,"rotate":-7.37},{"duration":10,"curve":[0.25,0,1,0.75],"rotate":-7.37},{"duration":0}]},{"name":"shuishou_dabi1","rotateFrame":[{"duration":5,"curve":[0.391,0,1,0.69],"rotate":51.19},{"duration":5,"curve":[0,0.35,0.75,1],"rotate":47.06},{"duration":10,"curve":[0.25,0,1,0.75],"rotate":23.54},{"duration":0}]},{"name":"shuishou_xiaobi1","rotateFrame":[{"duration":5,"curve":[0.391,0,1,0.69],"rotate":-1.82},{"duration":5,"curve":[0,0.35,0.75,1],"rotate":9.89},{"duration":10,"curve":[0.25,0,1,0.75],"rotate":-25.09},{"duration":0}]},{"name":"shuishou_dabbi2","rotateFrame":[{"duration":5,"curve":[0.391,0,1,0.69],"rotate":-45.27},{"duration":5,"curve":[0,0.35,0.75,1],"rotate":-38.57},{"duration":10,"curve":[0.25,0,1,0.75],"rotate":5.42},{"duration":0}]},{"name":"shuishou_xiaobi2","rotateFrame":[{"duration":5,"curve":[0.391,0,1,0.69],"rotate":-18.25},{"duration":5,"curve":[0,0.35,0.75,1],"rotate":-4.32},{"duration":10,"curve":[0.25,0,1,0.75],"rotate":-31.28},{"duration":0}]},{"name":"11","translateFrame":[{"duration":5,"curve":[0.391,0,1,0.69],"x":8.04,"y":-27.78},{"duration":5,"curve":[0,0.35,0.75,1],"x":8.04,"y":-5.52},{"duration":10}]},{"name":"jiao1","translateFrame":[{"duration":5,"curve":[0.391,0,1,0.69],"y":-22.26},{"duration":15}]},{"name":"22","translateFrame":[{"duration":5,"curve":[0.391,0,1,0.69],"x":-7.72,"y":-41.4},{"duration":5,"curve":[0,0.35,0.75,1],"x":5.52,"y":-8.54},{"duration":10}]},{"name":"jiao2","translateFrame":[{"duration":5,"curve":[0.391,0,1,0.69],"x":-13.75,"y":-32.85},{"duration":5,"curve":[0,0.35,0.75,1],"x":-0.5},{"duration":10}]}]},{"duration":60,"name":"0001_daiji","bone":[{"name":"shuishou_kua","translateFrame":[{"duration":25,"curve":[0.25,0,0.75,1]},{"duration":35,"curve":[0.25,0,0.75,1],"x":0.86,"y":2.58},{"duration":0}]},{"name":"shuishou_shenti2","translateFrame":[{"duration":30,"curve":[0.25,0,0.75,1]},{"duration":30,"curve":[0.25,0,0.75,1],"x":-0.43},{"duration":0}]},{"name":"shuishou_tou","rotateFrame":[{"duration":35,"curve":[0.25,0,0.75,1]},{"duration":25,"curve":[0.25,0,0.75,1],"rotate":0.65},{"duration":0}]},{"name":"shuishou_toufa","rotateFrame":[{"duration":35,"curve":[0.25,0,0.75,1]},{"duration":25,"curve":[0.25,0,0.75,1],"rotate":-2.54},{"duration":0}]},{"name":"shuishou_hudiejie","rotateFrame":[{"duration":35,"curve":[0.25,0,0.75,1]},{"duration":25,"curve":[0.25,0,0.75,1],"rotate":8.73},{"duration":0}]},{"name":"shuishou_dabi1","translateFrame":[{"duration":30,"curve":[0.25,0,0.75,1]},{"duration":30,"curve":[0.25,0,0.75,1],"x":-0.74,"y":0.42},{"duration":0}],"rotateFrame":[{"duration":30,"curve":[0.25,0,0.75,1]},{"duration":30,"curve":[0.25,0,0.75,1],"rotate":3.67},{"duration":0}]},{"name":"shuishou_xiaobi1","rotateFrame":[{"duration":35,"curve":[0.25,0,0.75,1]},{"duration":25,"curve":[0.25,0,0.75,1],"rotate":-4.08},{"duration":0}]},{"name":"shuishou_dabbi2","translateFrame":[{"duration":30,"curve":[0.25,0,0.75,1]},{"duration":30,"curve":[0.25,0,0.75,1],"x":-0.37,"y":0.21},{"duration":0}],"rotateFrame":[{"duration":30,"curve":[0.25,0,0.75,1]},{"duration":30,"curve":[0.25,0,0.75,1],"rotate":6.15},{"duration":0}]},{"name":"shuishou_xiaobi2","rotateFrame":[{"duration":35,"curve":[0.25,0,0.75,1]},{"duration":25,"curve":[0.25,0,0.75,1],"rotate":-3.39},{"duration":0}]}]},{"duration":30,"name":"0002_pao","bone":[{"name":"shuishou_kua","translateFrame":[{"duration":8,"tweenEasing":0,"x":3.53,"y":2.65},{"duration":7,"tweenEasing":0,"x":3.84,"y":-7.06},{"duration":8,"tweenEasing":0,"x":3.53,"y":2.65},{"duration":7,"tweenEasing":0,"x":3.84,"y":-7.06},{"duration":0,"x":3.53,"y":2.65}],"rotateFrame":[{"duration":30,"rotate":2.37}]},{"name":"shuishou_shenti2","translateFrame":[{"duration":8,"tweenEasing":0},{"duration":7,"tweenEasing":0,"x":0.48,"y":-0.02},{"duration":8,"tweenEasing":0},{"duration":7,"tweenEasing":0,"x":0.48,"y":-0.02},{"duration":0}],"rotateFrame":[{"duration":8,"tweenEasing":0},{"duration":7,"tweenEasing":0,"rotate":0.91},{"duration":8,"tweenEasing":0},{"duration":7,"tweenEasing":0,"rotate":0.91},{"duration":0}]},{"name":"shuishou_tou","rotateFrame":[{"duration":8,"tweenEasing":0},{"duration":7,"tweenEasing":0,"rotate":2.12},{"duration":8,"tweenEasing":0},{"duration":7,"tweenEasing":0,"rotate":2.12},{"duration":0}]},{"name":"shuishou_toufa","rotateFrame":[{"duration":8,"tweenEasing":0},{"duration":7,"tweenEasing":0,"rotate":-8.63},{"duration":8,"tweenEasing":0},{"duration":7,"tweenEasing":0,"rotate":-8.63},{"duration":0}]},{"name":"shuishou_hudiejie","rotateFrame":[{"duration":8,"tweenEasing":0},{"duration":7,"tweenEasing":0,"rotate":-3.16},{"duration":8,"tweenEasing":0},{"duration":7,"tweenEasing":0,"rotate":-3.16},{"duration":0}]},{"name":"shuishou_dabi1","rotateFrame":[{"duration":8,"tweenEasing":0,"rotate":9.18},{"duration":7,"tweenEasing":0,"rotate":17.7},{"duration":8,"tweenEasing":0,"rotate":9.18},{"duration":7,"tweenEasing":0,"rotate":17.7},{"duration":0,"rotate":9.18}]},{"name":"shuishou_xiaobi1","rotateFrame":[{"duration":8,"tweenEasing":0},{"duration":7,"tweenEasing":0,"rotate":-15.2},{"duration":8,"tweenEasing":0},{"duration":7,"tweenEasing":0,"rotate":-15.2},{"duration":0}]},{"name":"shuishou_shou1","rotateFrame":[{"duration":8,"tweenEasing":0},{"duration":7,"tweenEasing":0,"rotate":3.05},{"duration":8,"tweenEasing":0},{"duration":7,"tweenEasing":0,"rotate":3.05},{"duration":0}]},{"name":"shuishou_dabbi2","rotateFrame":[{"duration":8,"tweenEasing":0,"rotate":-4.18},{"duration":7,"tweenEasing":0,"rotate":-1.79},{"duration":8,"tweenEasing":0,"rotate":-4.18},{"duration":7,"tweenEasing":0,"rotate":-1.79},{"duration":0,"rotate":-4.18}]},{"name":"shuishou_xiaobi2","rotateFrame":[{"duration":8,"tweenEasing":0},{"duration":7,"tweenEasing":0,"rotate":-6.9},{"duration":8,"tweenEasing":0},{"duration":7,"tweenEasing":0,"rotate":-6.9},{"duration":0}]},{"name":"11","translateFrame":[{"duration":5,"tweenEasing":0,"x":-0.57,"y":-42.01},{"duration":5,"tweenEasing":0,"x":28.3,"y":-29.23},{"duration":5,"tweenEasing":0,"x":81.32,"y":-1.38},{"duration":5,"tweenEasing":0,"x":26.54,"y":0.54},{"duration":5,"tweenEasing":0,"x":-28.38,"y":-2.18},{"duration":5,"tweenEasing":0,"x":-36.88,"y":-33.66},{"duration":0,"x":-0.57,"y":-42.01}]},{"name":"shuishou_datui1","translateFrame":[{"duration":5,"tweenEasing":0},{"duration":5,"tweenEasing":0,"x":9.91,"y":2.96},{"duration":5,"tweenEasing":0,"x":9.63,"y":3.8},{"duration":5,"tweenEasing":0},{"duration":10,"tweenEasing":0,"x":2.86,"y":1.78},{"duration":0}]},{"name":"jiao1","translateFrame":[{"duration":5,"tweenEasing":0,"x":-21.13,"y":-36.56},{"duration":5,"tweenEasing":0,"x":14.81,"y":-21.46},{"duration":5,"tweenEasing":0,"x":89.73,"y":-12.57},{"duration":5,"tweenEasing":0,"x":31.24,"y":-5.23},{"duration":5,"tweenEasing":0,"x":-27.58,"y":-2.9},{"duration":5,"tweenEasing":0,"x":-57.83,"y":-28.32},{"duration":0,"x":-21.13,"y":-36.56}]},{"name":"22","translateFrame":[{"duration":5,"tweenEasing":0,"x":-26.38},{"duration":5,"tweenEasing":0,"x":-66.7,"y":-4.35},{"duration":5,"tweenEasing":0,"x":-72.56,"y":-34.16},{"duration":5,"tweenEasing":0,"x":-38.08,"y":-39.75},{"duration":5,"tweenEasing":0,"x":-8.57,"y":-23.32},{"duration":5,"tweenEasing":0,"x":25.58,"y":1.01},{"duration":0,"x":-26.38}]},{"name":"shuishou_datui2","translateFrame":[{"duration":5,"tweenEasing":0},{"duration":5,"tweenEasing":0,"x":-15.96,"y":-1.84},{"duration":5,"tweenEasing":0,"x":-16.51,"y":3.32},{"duration":5,"tweenEasing":0},{"duration":10,"tweenEasing":0,"x":-4.11,"y":2.93},{"duration":0}]},{"name":"jiao2","translateFrame":[{"duration":5,"tweenEasing":0,"x":-26.85},{"duration":5,"tweenEasing":0,"x":-71.67,"y":1.66},{"duration":5,"tweenEasing":0,"x":-104.97,"y":-24.69},{"duration":5,"tweenEasing":0,"x":-70.81,"y":-28.99},{"duration":5,"tweenEasing":0,"x":-22.33,"y":-10.94},{"duration":5,"tweenEasing":0,"x":24.51,"y":-11.36},{"duration":0,"x":-26.85}]}]},{"duration":30,"name":"0003_chongci","bone":[{"name":"shuishou_kua","translateFrame":[{"duration":8,"tweenEasing":0,"x":3.53,"y":2.65},{"duration":7,"tweenEasing":0,"x":3.84,"y":-7.06},{"duration":8,"tweenEasing":0,"x":3.53,"y":2.65},{"duration":7,"tweenEasing":0,"x":3.84,"y":-7.06},{"duration":0,"x":3.53,"y":2.65}],"rotateFrame":[{"duration":30,"rotate":2.37}]},{"name":"shuishou_shenti2","translateFrame":[{"duration":8,"tweenEasing":0},{"duration":7,"tweenEasing":0,"x":0.48,"y":-0.02},{"duration":8,"tweenEasing":0},{"duration":7,"tweenEasing":0,"x":0.48,"y":-0.02},{"duration":0}],"rotateFrame":[{"duration":8,"tweenEasing":0},{"duration":7,"tweenEasing":0,"rotate":0.91},{"duration":8,"tweenEasing":0},{"duration":7,"tweenEasing":0,"rotate":0.91},{"duration":0}]},{"name":"shuishou_tou","rotateFrame":[{"duration":8,"tweenEasing":0},{"duration":7,"tweenEasing":0,"rotate":2.12},{"duration":8,"tweenEasing":0},{"duration":7,"tweenEasing":0,"rotate":2.12},{"duration":0}]},{"name":"shuishou_toufa","rotateFrame":[{"duration":8,"tweenEasing":0},{"duration":7,"tweenEasing":0,"rotate":-8.63},{"duration":8,"tweenEasing":0},{"duration":7,"tweenEasing":0,"rotate":-8.63},{"duration":0}]},{"name":"shuishou_hudiejie","rotateFrame":[{"duration":8,"tweenEasing":0},{"duration":7,"tweenEasing":0,"rotate":-3.16},{"duration":8,"tweenEasing":0},{"duration":7,"tweenEasing":0,"rotate":-3.16},{"duration":0}]},{"name":"shuishou_dabi1","rotateFrame":[{"duration":8,"tweenEasing":0,"rotate":9.18},{"duration":7,"tweenEasing":0,"rotate":17.7},{"duration":8,"tweenEasing":0,"rotate":9.18},{"duration":7,"tweenEasing":0,"rotate":17.7},{"duration":0,"rotate":9.18}]},{"name":"shuishou_xiaobi1","rotateFrame":[{"duration":8,"tweenEasing":0},{"duration":7,"tweenEasing":0,"rotate":-15.2},{"duration":8,"tweenEasing":0},{"duration":7,"tweenEasing":0,"rotate":-15.2},{"duration":0}]},{"name":"shuishou_shou1","rotateFrame":[{"duration":8,"tweenEasing":0},{"duration":7,"tweenEasing":0,"rotate":3.05},{"duration":8,"tweenEasing":0},{"duration":7,"tweenEasing":0,"rotate":3.05},{"duration":0}]},{"name":"shuishou_dabbi2","rotateFrame":[{"duration":8,"tweenEasing":0,"rotate":-4.18},{"duration":7,"tweenEasing":0,"rotate":-1.79},{"duration":8,"tweenEasing":0,"rotate":-4.18},{"duration":7,"tweenEasing":0,"rotate":-1.79},{"duration":0,"rotate":-4.18}]},{"name":"shuishou_xiaobi2","rotateFrame":[{"duration":8,"tweenEasing":0},{"duration":7,"tweenEasing":0,"rotate":-6.9},{"duration":8,"tweenEasing":0},{"duration":7,"tweenEasing":0,"rotate":-6.9},{"duration":0}]},{"name":"11","translateFrame":[{"duration":5,"tweenEasing":0,"x":-0.57,"y":-42.01},{"duration":5,"tweenEasing":0,"x":28.3,"y":-29.23},{"duration":5,"tweenEasing":0,"x":81.32,"y":-1.38},{"duration":5,"tweenEasing":0,"x":26.54,"y":0.54},{"duration":5,"tweenEasing":0,"x":-28.38,"y":-2.18},{"duration":5,"tweenEasing":0,"x":-36.88,"y":-33.66},{"duration":0,"x":-0.57,"y":-42.01}]},{"name":"shuishou_datui1","translateFrame":[{"duration":5,"tweenEasing":0},{"duration":5,"tweenEasing":0,"x":9.91,"y":2.96},{"duration":5,"tweenEasing":0,"x":9.63,"y":3.8},{"duration":5,"tweenEasing":0},{"duration":10,"tweenEasing":0,"x":2.86,"y":1.78},{"duration":0}]},{"name":"jiao1","translateFrame":[{"duration":5,"tweenEasing":0,"x":-21.13,"y":-36.56},{"duration":5,"tweenEasing":0,"x":14.81,"y":-21.46},{"duration":5,"tweenEasing":0,"x":89.73,"y":-12.57},{"duration":5,"tweenEasing":0,"x":31.24,"y":-5.23},{"duration":5,"tweenEasing":0,"x":-27.58,"y":-2.9},{"duration":5,"tweenEasing":0,"x":-57.83,"y":-28.32},{"duration":0,"x":-21.13,"y":-36.56}]},{"name":"22","translateFrame":[{"duration":5,"tweenEasing":0,"x":-26.38},{"duration":5,"tweenEasing":0,"x":-66.7,"y":-4.35},{"duration":5,"tweenEasing":0,"x":-72.56,"y":-34.16},{"duration":5,"tweenEasing":0,"x":-38.08,"y":-39.75},{"duration":5,"tweenEasing":0,"x":-8.57,"y":-23.32},{"duration":5,"tweenEasing":0,"x":25.58,"y":1.01},{"duration":0,"x":-26.38}]},{"name":"shuishou_datui2","translateFrame":[{"duration":5,"tweenEasing":0},{"duration":5,"tweenEasing":0,"x":-15.96,"y":-1.84},{"duration":5,"tweenEasing":0,"x":-16.51,"y":3.32},{"duration":5,"tweenEasing":0},{"duration":10,"tweenEasing":0,"x":-4.11,"y":2.93},{"duration":0}]},{"name":"jiao2","translateFrame":[{"duration":5,"tweenEasing":0,"x":-26.85},{"duration":5,"tweenEasing":0,"x":-71.67,"y":1.66},{"duration":5,"tweenEasing":0,"x":-104.97,"y":-24.69},{"duration":5,"tweenEasing":0,"x":-70.81,"y":-28.99},{"duration":5,"tweenEasing":0,"x":-22.33,"y":-10.94},{"duration":5,"tweenEasing":0,"x":24.51,"y":-11.36},{"duration":0,"x":-26.85}]}]},{"duration":0,"name":"0004_tiaoyueyanshi","bone":[{"name":"shuishou_kua","translateFrame":[{"duration":0,"x":1,"y":-2.28}]},{"name":"shuishou_shenti2","rotateFrame":[{"duration":0,"rotate":2.02}]},{"name":"shuishou_tou","rotateFrame":[{"duration":0,"rotate":16.41}]},{"name":"shuishou_toufa","rotateFrame":[{"duration":0,"rotate":16.82}]},{"name":"shuishou_hudiejie","rotateFrame":[{"duration":0,"rotate":-7.37}]},{"name":"shuishou_dabi1","rotateFrame":[{"duration":0,"rotate":47.06}]},{"name":"shuishou_xiaobi1","rotateFrame":[{"duration":0,"rotate":9.89}]},{"name":"shuishou_dabbi2","rotateFrame":[{"duration":0,"rotate":-38.57}]},{"name":"shuishou_xiaobi2","rotateFrame":[{"duration":0,"rotate":-4.32}]},{"name":"11","translateFrame":[{"duration":0,"x":8.04,"y":-5.52}]},{"name":"22","translateFrame":[{"duration":0,"x":5.52,"y":-8.54}]},{"name":"jiao2","translateFrame":[{"duration":0,"x":-0.5}]}]},{"duration":0,"name":"0005_tiaoyueshang","bone":[{"name":"shuishou_kua","translateFrame":[{"duration":0,"x":1,"y":-2.28}]},{"name":"shuishou_shenti2","rotateFrame":[{"duration":0,"rotate":2.02}]},{"name":"shuishou_tou","rotateFrame":[{"duration":0,"rotate":16.41}]},{"name":"shuishou_toufa","rotateFrame":[{"duration":0,"rotate":16.82}]},{"name":"shuishou_hudiejie","rotateFrame":[{"duration":0,"rotate":-7.37}]},{"name":"shuishou_dabi1","rotateFrame":[{"duration":0,"rotate":47.06}]},{"name":"shuishou_xiaobi1","rotateFrame":[{"duration":0,"rotate":9.89}]},{"name":"shuishou_dabbi2","rotateFrame":[{"duration":0,"rotate":-38.57}]},{"name":"shuishou_xiaobi2","rotateFrame":[{"duration":0,"rotate":-4.32}]},{"name":"11","translateFrame":[{"duration":0,"x":8.04,"y":-5.52}]},{"name":"22","translateFrame":[{"duration":0,"x":5.52,"y":-8.54}]},{"name":"jiao2","translateFrame":[{"duration":0,"x":-0.5}]}]},{"duration":0,"name":"0006_tiaoyuezhong","bone":[{"name":"shuishou_kua","translateFrame":[{"duration":0,"x":1,"y":-2.28}]},{"name":"shuishou_shenti2","rotateFrame":[{"duration":0,"rotate":2.02}]},{"name":"shuishou_tou","rotateFrame":[{"duration":0,"rotate":16.41}]},{"name":"shuishou_toufa","rotateFrame":[{"duration":0,"rotate":16.82}]},{"name":"shuishou_hudiejie","rotateFrame":[{"duration":0,"rotate":-7.37}]},{"name":"shuishou_dabi1","rotateFrame":[{"duration":0,"rotate":47.06}]},{"name":"shuishou_xiaobi1","rotateFrame":[{"duration":0,"rotate":9.89}]},{"name":"shuishou_dabbi2","rotateFrame":[{"duration":0,"rotate":-38.57}]},{"name":"shuishou_xiaobi2","rotateFrame":[{"duration":0,"rotate":-4.32}]},{"name":"11","translateFrame":[{"duration":0,"x":8.04,"y":-5.52}]},{"name":"22","translateFrame":[{"duration":0,"x":5.52,"y":-8.54}]},{"name":"jiao2","translateFrame":[{"duration":0,"x":-0.5}]}]},{"duration":0,"name":"0007_tiaoyuexia","bone":[{"name":"shuishou_kua","translateFrame":[{"duration":0,"x":1,"y":-2.28}]},{"name":"shuishou_shenti2","rotateFrame":[{"duration":0,"rotate":2.02}]},{"name":"shuishou_tou","rotateFrame":[{"duration":0,"rotate":16.41}]},{"name":"shuishou_toufa","rotateFrame":[{"duration":0,"rotate":16.82}]},{"name":"shuishou_hudiejie","rotateFrame":[{"duration":0,"rotate":-7.37}]},{"name":"shuishou_dabi1","rotateFrame":[{"duration":0,"rotate":47.06}]},{"name":"shuishou_xiaobi1","rotateFrame":[{"duration":0,"rotate":9.89}]},{"name":"shuishou_dabbi2","rotateFrame":[{"duration":0,"rotate":-38.57}]},{"name":"shuishou_xiaobi2","rotateFrame":[{"duration":0,"rotate":-4.32}]},{"name":"11","translateFrame":[{"duration":0,"x":8.04,"y":-5.52}]},{"name":"22","translateFrame":[{"duration":0,"x":5.52,"y":-8.54}]},{"name":"jiao2","translateFrame":[{"duration":0,"x":-0.5}]}]},{"duration":15,"name":"0008_shouji1","bone":[{"name":"root","translateFrame":[{"duration":3,"curve":[0.284,0,0.625,0.38]},{"duration":12,"curve":[0.32,0.28,0.757,1],"x":-11.71},{"duration":0}]},{"name":"shuishou_kua","translateFrame":[{"duration":3,"curve":[0.274,0,0.621,0.4]},{"duration":2,"curve":[0.32,0.28,0.757,1],"x":0.64,"y":3.85},{"duration":10,"curve":[0.351,0.4,0.756,1],"x":0.64,"y":3.85},{"duration":0}],"rotateFrame":[{"duration":3,"curve":[0.274,0,0.621,0.4]},{"duration":2,"curve":[0.32,0.28,0.757,1]},{"duration":10,"curve":[0.351,0.4,0.756,1],"rotate":4.08},{"duration":0}]},{"name":"shuishou_shenti2","rotateFrame":[{"duration":5,"curve":[0.264,0,0.617,0.42]},{"duration":10,"curve":[0.351,0.4,0.756,1],"rotate":1.39},{"duration":0}]},{"name":"shuishou_tou","rotateFrame":[{"duration":8,"curve":[0.264,0,0.617,0.42]},{"duration":7,"curve":[0.351,0.4,0.756,1],"rotate":20.71},{"duration":0}]},{"name":"shuishou_toufa","rotateFrame":[{"duration":8,"curve":[0.248,0,0.628,0.51]},{"duration":7,"curve":[0.377,0.51,0.747,1],"rotate":-13.01},{"duration":0}]},{"name":"shuishou_hudiejie","rotateFrame":[{"duration":8,"curve":[0.248,0,0.628,0.51]},{"duration":7,"curve":[0.377,0.51,0.747,1],"rotate":3.42},{"duration":0}]},{"name":"shuishou_dabi1","rotateFrame":[{"duration":5,"curve":[0.264,0,0.617,0.42]},{"duration":10,"curve":[0.351,0.4,0.756,1],"rotate":-15.82},{"duration":0}]},{"name":"shuishou_xiaobi1","rotateFrame":[{"duration":5,"curve":[0.264,0,0.617,0.42]},{"duration":10,"curve":[0.351,0.4,0.756,1],"rotate":8.53},{"duration":0}]},{"name":"shuishou_dabbi2","rotateFrame":[{"duration":5,"curve":[0.264,0,0.617,0.42]},{"duration":10,"curve":[0.351,0.4,0.756,1],"rotate":-10.2},{"duration":0}]},{"name":"shuishou_xiaobi2","rotateFrame":[{"duration":5,"curve":[0.264,0,0.617,0.42]},{"duration":10,"curve":[0.351,0.4,0.756,1],"rotate":5.63},{"duration":0}]}]},{"duration":15,"name":"0009_shouji2","bone":[{"name":"root","translateFrame":[{"duration":3,"curve":[0.32,0,0.654,0.34]},{"duration":12,"curve":[0.297,0.12,0.635,0.48],"x":-6.79},{"duration":0}]},{"name":"shuishou_kua","rotateFrame":[{"duration":5,"curve":[0.302,0,0.638,0.35]},{"duration":10,"curve":[0.298,0.19,0.64,0.56],"rotate":-9.36},{"duration":0}]},{"name":"shuishou_shenti2","rotateFrame":[{"duration":8,"curve":[0.288,0,0.627,0.37]},{"duration":7,"curve":[0.312,0.25,0.65,0.6],"rotate":-14.23},{"duration":0}]},{"name":"shuishou_tou","rotateFrame":[{"duration":8,"curve":[0.288,0,0.627,0.37]},{"duration":7,"curve":[0.312,0.25,0.65,0.6],"rotate":-3.33},{"duration":0}]},{"name":"shuishou_toufa","rotateFrame":[{"duration":8,"curve":[0.27,0,0.618,0.41]},{"duration":7,"curve":[0.318,0.28,0.661,0.64],"rotate":-7.05},{"duration":0}]},{"name":"shuishou_dabi1","rotateFrame":[{"duration":5,"curve":[0.302,0,0.638,0.35]},{"duration":10,"curve":[0.298,0.19,0.64,0.56],"rotate":-4.21},{"duration":0}]},{"name":"shuishou_xiaobi1","rotateFrame":[{"duration":8,"curve":[0.288,0,0.627,0.37]},{"duration":7,"curve":[0.312,0.25,0.65,0.6],"rotate":-14.49},{"duration":0}]},{"name":"shuishou_shou1","rotateFrame":[{"duration":8,"curve":[0.248,0,0.628,0.51]},{"duration":7,"curve":[0.377,0.51,0.747,1],"rotate":18.27},{"duration":0}]},{"name":"shuishou_dabbi2","rotateFrame":[{"duration":5,"curve":[0.302,0,0.638,0.35]},{"duration":10,"curve":[0.298,0.19,0.64,0.56],"rotate":-6.72},{"duration":0}]},{"name":"shuishou_xiaobi2","rotateFrame":[{"duration":8,"curve":[0.288,0,0.627,0.37]},{"duration":7,"curve":[0.312,0.25,0.65,0.6],"rotate":-16.98},{"duration":0}]}]},{"duration":15,"name":"0010_fukongdaodi_yanshi","bone":[{"name":"shuishou_kua","translateFrame":[{"duration":3,"curve":[0.264,0,0.617,0.42],"x":1.38,"y":-5.08},{"duration":3,"curve":[0.274,0,0.621,0.4],"x":1.38,"y":-5.08},{"duration":3,"curve":[0.274,0,0.621,0.4],"x":1.38,"y":17.4},{"duration":6,"curve":[0.274,0,0.621,0.4],"x":9.75,"y":58.2},{"duration":0,"x":9.23,"y":79.64}],"rotateFrame":[{"duration":3,"curve":[0.264,0,0.617,0.42],"rotate":-1.78},{"duration":3,"curve":[0.274,0,0.621,0.4],"rotate":-18.69},{"duration":3,"curve":[0.274,0,0.621,0.4],"rotate":-31.41},{"duration":6,"curve":[0.274,0,0.621,0.4],"rotate":-67.88},{"duration":0,"rotate":-74.73}]},{"name":"shuishou_shenti","rotateFrame":[{"duration":3,"rotate":1.44},{"duration":3,"curve":[0.25,0,0.75,1],"rotate":1.44},{"duration":3,"rotate":-11.54},{"duration":6,"curve":[0.25,0,0.75,1],"rotate":-11.54},{"duration":0,"rotate":-18.1}]},{"name":"shuishou_shenti2","rotateFrame":[{"duration":3,"rotate":-7.61},{"duration":3,"curve":[0.264,0,0.617,0.42],"rotate":-7.61},{"duration":3,"curve":[0.264,0,0.617,0.42],"rotate":-5.96},{"duration":6,"curve":[0.264,0,0.617,0.42],"rotate":-4.45},{"duration":0,"rotate":-39.56}]},{"name":"shuishou_tou","rotateFrame":[{"duration":3,"curve":[0.264,0,0.617,0.42],"rotate":20.66},{"duration":3,"curve":[0.264,0,0.617,0.42],"rotate":22.69},{"duration":3,"curve":[0.264,0,0.617,0.42],"rotate":26.66},{"duration":6,"rotate":35.2}]},{"name":"shuishou_dabi1","rotateFrame":[{"duration":3,"curve":[0.264,0,0.617,0.42]},{"duration":3,"curve":[0.264,0,0.617,0.42],"rotate":-13.65},{"duration":3,"curve":[0.264,0,0.617,0.42],"rotate":-58.53},{"duration":6,"curve":[0.264,0,0.617,0.42],"rotate":-85.55},{"duration":0,"rotate":19.58}]},{"name":"shuishou_xiaobi1","rotateFrame":[{"duration":3,"curve":[0.264,0,0.617,0.42]},{"duration":3,"curve":[0.264,0,0.617,0.42],"rotate":-15.28},{"duration":3,"curve":[0.264,0,0.617,0.42],"rotate":13.43},{"duration":6,"curve":[0.264,0,0.617,0.42],"rotate":19.17},{"duration":0,"rotate":32.42}]},{"name":"shuishou_shou1","translateFrame":[{"duration":9},{"duration":6,"curve":[0.25,0,0.75,1]},{"duration":0,"x":-2.57,"y":-0.35}],"rotateFrame":[{"duration":6},{"duration":3,"curve":[0.25,0,0.75,1]},{"duration":6,"curve":[0.25,0,0.75,1],"rotate":7.65},{"duration":0,"rotate":46.92}]},{"name":"shuishou_dabbi2","rotateFrame":[{"duration":3,"curve":[0.264,0,0.617,0.42],"rotate":-0.28},{"duration":3,"curve":[0.264,0,0.617,0.42],"rotate":-19.19},{"duration":3,"curve":[0.264,0,0.617,0.42],"rotate":-62.08},{"duration":6,"curve":[0.264,0,0.617,0.42],"rotate":-88.08},{"duration":0,"rotate":47.99}]},{"name":"shuishou_xiaobi2","rotateFrame":[{"duration":3,"curve":[0.264,0,0.617,0.42]},{"duration":3,"curve":[0.264,0,0.617,0.42],"rotate":-8.38},{"duration":3,"curve":[0.264,0,0.617,0.42],"rotate":8.71},{"duration":6,"rotate":14.71}]},{"name":"shuishou_shou2","rotateFrame":[{"duration":3,"curve":[0.25,0,0.75,1]},{"duration":12,"rotate":-21.79}]},{"name":"shuishou_datui1","translateFrame":[{"duration":3,"curve":[0.25,0,0.75,1]},{"duration":3,"curve":[0.25,0,0.75,1]},{"duration":9,"x":-2.32,"y":-0.22}],"rotateFrame":[{"duration":3,"curve":[0.25,0,0.75,1],"rotate":-6.44},{"duration":3,"curve":[0.25,0,0.75,1],"rotate":-22.6},{"duration":3,"rotate":-33.52},{"duration":6,"curve":[0.25,0,0.75,1],"rotate":-33.52},{"duration":0,"rotate":-16}]},{"name":"shuishou_xiaotui1","rotateFrame":[{"duration":3},{"duration":3,"curve":[0.25,0,0.75,1]},{"duration":3,"curve":[0.25,0,0.75,1],"rotate":-2.19},{"duration":6,"curve":[0.25,0,0.75,1],"rotate":-15.77},{"duration":0,"rotate":-6.1}]},{"name":"shuishou_jiao1","rotateFrame":[{"duration":3,"curve":[0.25,0,0.75,1]},{"duration":3,"curve":[0.25,0,0.75,1],"rotate":6.73},{"duration":3,"rotate":15.62},{"duration":6,"curve":[0.25,0,0.75,1],"rotate":15.62},{"duration":0,"rotate":20.22}]},{"name":"shuishou_datui2","translateFrame":[{"duration":3,"curve":[0.25,0,0.75,1]},{"duration":3,"curve":[0.25,0,0.75,1]},{"duration":9,"x":-1.1,"y":1.77}],"rotateFrame":[{"duration":3,"curve":[0.25,0,0.75,1],"rotate":-4.62},{"duration":3,"curve":[0.25,0,0.75,1],"rotate":-15.49},{"duration":3,"rotate":-33.26},{"duration":6,"curve":[0.25,0,0.75,1],"rotate":-33.26},{"duration":0,"rotate":9.18}]},{"name":"shuishou_xiaotui2","rotateFrame":[{"duration":3,"curve":[0.25,0,0.75,1],"rotate":3.39},{"duration":3,"curve":[0.25,0,0.75,1],"rotate":-11.96},{"duration":3,"curve":[0.25,0,0.75,1],"rotate":-14.21},{"duration":6,"curve":[0.25,0,0.75,1],"rotate":-16.95},{"duration":0,"rotate":-0.83}]},{"name":"shuishou_jiao3","rotateFrame":[{"duration":3,"curve":[0.25,0,0.75,1],"rotate":3.31},{"duration":3,"curve":[0.25,0,0.75,1],"rotate":12.85},{"duration":9,"rotate":14.5}]}],"ik":[{"name":"tui2","frame":[{"duration":15,"weight":0}]},{"name":"tui1","frame":[{"duration":15,"weight":0}]},{"name":"jiao2","frame":[{"duration":15,"bendPositive":false,"weight":0}]},{"name":"jiao1","frame":[{"duration":15,"bendPositive":false,"weight":0}]}]},{"duration":3,"name":"0011_jifeishangsheng","bone":[{"name":"shuishou_kua","translateFrame":[{"duration":3,"x":1.38,"y":-5.08}],"rotateFrame":[{"duration":3,"curve":[0.264,0,0.617,0.42],"rotate":-1.78},{"duration":0,"rotate":-18.69}]},{"name":"shuishou_shenti","rotateFrame":[{"duration":3,"rotate":1.44}]},{"name":"shuishou_shenti2","rotateFrame":[{"duration":3,"rotate":-7.61}]},{"name":"shuishou_tou","rotateFrame":[{"duration":3,"curve":[0.264,0,0.617,0.42],"rotate":20.66},{"duration":0,"rotate":22.69}]},{"name":"shuishou_dabi1","rotateFrame":[{"duration":3,"curve":[0.264,0,0.617,0.42]},{"duration":0,"rotate":-13.65}]},{"name":"shuishou_xiaobi1","rotateFrame":[{"duration":3,"curve":[0.264,0,0.617,0.42]},{"duration":0,"rotate":-15.28}]},{"name":"shuishou_dabbi2","rotateFrame":[{"duration":3,"curve":[0.264,0,0.617,0.42],"rotate":-0.28},{"duration":0,"rotate":-19.19}]},{"name":"shuishou_xiaobi2","rotateFrame":[{"duration":3,"curve":[0.264,0,0.617,0.42]},{"duration":0,"rotate":-8.38}]},{"name":"shuishou_shou2","rotateFrame":[{"duration":3,"curve":[0.25,0,0.75,1]},{"duration":0,"rotate":-21.79}]},{"name":"shuishou_datui1","rotateFrame":[{"duration":3,"curve":[0.25,0,0.75,1],"rotate":-6.44},{"duration":0,"rotate":-22.6}]},{"name":"shuishou_jiao1","rotateFrame":[{"duration":3,"curve":[0.25,0,0.75,1]},{"duration":0,"rotate":6.73}]},{"name":"shuishou_datui2","rotateFrame":[{"duration":3,"curve":[0.25,0,0.75,1],"rotate":-4.62},{"duration":0,"rotate":-15.49}]},{"name":"shuishou_xiaotui2","rotateFrame":[{"duration":3,"curve":[0.25,0,0.75,1],"rotate":3.39},{"duration":0,"rotate":-11.96}]},{"name":"shuishou_jiao3","rotateFrame":[{"duration":3,"curve":[0.25,0,0.75,1],"rotate":3.31},{"duration":0,"rotate":12.85}]}],"ik":[{"name":"tui2","frame":[{"duration":3,"weight":0}]},{"name":"tui1","frame":[{"duration":3,"weight":0}]},{"name":"jiao2","frame":[{"duration":3,"bendPositive":false,"weight":0}]},{"name":"jiao1","frame":[{"duration":3,"bendPositive":false,"weight":0}]}]},{"duration":0,"name":"0012_jifeixialuo","bone":[{"name":"shuishou_kua","translateFrame":[{"duration":0,"x":1.38,"y":17.4}],"rotateFrame":[{"duration":0,"rotate":-31.41}]},{"name":"shuishou_shenti","rotateFrame":[{"duration":0,"rotate":-11.54}]},{"name":"shuishou_shenti2","rotateFrame":[{"duration":0,"rotate":-5.96}]},{"name":"shuishou_tou","rotateFrame":[{"duration":0,"rotate":26.66}]},{"name":"shuishou_dabi1","rotateFrame":[{"duration":0,"rotate":-58.53}]},{"name":"shuishou_xiaobi1","rotateFrame":[{"duration":0,"rotate":13.43}]},{"name":"shuishou_dabbi2","rotateFrame":[{"duration":0,"rotate":-62.08}]},{"name":"shuishou_xiaobi2","rotateFrame":[{"duration":0,"rotate":8.71}]},{"name":"shuishou_shou2","rotateFrame":[{"duration":0,"rotate":-21.79}]},{"name":"shuishou_datui1","translateFrame":[{"duration":0,"x":-2.32,"y":-0.22}],"rotateFrame":[{"duration":0,"rotate":-33.52}]},{"name":"shuishou_xiaotui1","rotateFrame":[{"duration":0,"rotate":-2.19}]},{"name":"shuishou_jiao1","rotateFrame":[{"duration":0,"rotate":15.62}]},{"name":"shuishou_datui2","translateFrame":[{"duration":0,"x":-1.1,"y":1.77}],"rotateFrame":[{"duration":0,"rotate":-33.26}]},{"name":"shuishou_xiaotui2","rotateFrame":[{"duration":0,"rotate":-14.21}]},{"name":"shuishou_jiao3","rotateFrame":[{"duration":0,"rotate":14.5}]},{"name":"gw_019_shoushuishou_pz","translateFrame":[{"duration":0,"x":-4.51,"y":-15.79}],"scaleFrame":[{"duration":0,"x":1.72,"y":0.84}]}],"ik":[{"name":"tui2","frame":[{"duration":0}]},{"name":"tui1","frame":[{"duration":0}]},{"name":"jiao2","frame":[{"duration":0,"bendPositive":false}]},{"name":"jiao1","frame":[{"duration":0,"bendPositive":false}]}]},{"duration":6,"name":"0013_daodi","bone":[{"name":"shuishou_kua","translateFrame":[{"duration":6,"curve":[0.274,0,0.621,0.4],"x":9.75,"y":58.2},{"duration":0,"x":9.23,"y":79.64}],"rotateFrame":[{"duration":6,"curve":[0.274,0,0.621,0.4],"rotate":-67.88},{"duration":0,"rotate":-74.73}]},{"name":"shuishou_shenti","rotateFrame":[{"duration":6,"curve":[0.25,0,0.75,1],"rotate":-11.54},{"duration":0,"rotate":-18.1}]},{"name":"shuishou_shenti2","rotateFrame":[{"duration":6,"curve":[0.264,0,0.617,0.42],"rotate":-4.45},{"duration":0,"rotate":-39.56}]},{"name":"shuishou_tou","rotateFrame":[{"duration":6,"rotate":35.2}]},{"name":"shuishou_dabi1","rotateFrame":[{"duration":6,"curve":[0.264,0,0.617,0.42],"rotate":-85.55},{"duration":0,"rotate":19.58}]},{"name":"shuishou_xiaobi1","rotateFrame":[{"duration":6,"curve":[0.264,0,0.617,0.42],"rotate":19.17},{"duration":0,"rotate":32.42}]},{"name":"shuishou_shou1","translateFrame":[{"duration":6,"curve":[0.25,0,0.75,1]},{"duration":0,"x":-2.57,"y":-0.35}],"rotateFrame":[{"duration":6,"curve":[0.25,0,0.75,1],"rotate":7.65},{"duration":0,"rotate":46.92}]},{"name":"shuishou_dabbi2","rotateFrame":[{"duration":6,"curve":[0.264,0,0.617,0.42],"rotate":-88.08},{"duration":0,"rotate":47.99}]},{"name":"shuishou_xiaobi2","rotateFrame":[{"duration":6,"rotate":14.71}]},{"name":"shuishou_shou2","rotateFrame":[{"duration":6,"rotate":-21.79}]},{"name":"shuishou_datui1","translateFrame":[{"duration":6,"x":-2.32,"y":-0.22}],"rotateFrame":[{"duration":6,"curve":[0.25,0,0.75,1],"rotate":-33.52},{"duration":0,"rotate":-16}]},{"name":"shuishou_xiaotui1","rotateFrame":[{"duration":6,"curve":[0.25,0,0.75,1],"rotate":-15.77},{"duration":0,"rotate":-6.1}]},{"name":"shuishou_jiao1","rotateFrame":[{"duration":6,"curve":[0.25,0,0.75,1],"rotate":15.62},{"duration":0,"rotate":20.22}]},{"name":"shuishou_datui2","translateFrame":[{"duration":6,"x":-1.1,"y":1.77}],"rotateFrame":[{"duration":6,"curve":[0.25,0,0.75,1],"rotate":-33.26},{"duration":0,"rotate":9.18}]},{"name":"shuishou_xiaotui2","rotateFrame":[{"duration":6,"curve":[0.25,0,0.75,1],"rotate":-16.95},{"duration":0,"rotate":-0.83}]},{"name":"shuishou_jiao3","rotateFrame":[{"duration":6,"rotate":14.5}]},{"name":"gw_019_shoushuishou_pz","translateFrame":[{"duration":6,"tweenEasing":0,"x":-25.94,"y":-9.02},{"duration":0,"x":-40.04,"y":18.61}],"scaleFrame":[{"duration":6,"tweenEasing":0,"x":2.38,"y":0.54},{"duration":0,"x":2.85,"y":0.29}]}],"ik":[{"name":"tui2","frame":[{"duration":6,"weight":0}]},{"name":"tui1","frame":[{"duration":6,"weight":0}]},{"name":"jiao2","frame":[{"duration":6,"bendPositive":false,"weight":0}]},{"name":"jiao1","frame":[{"duration":6,"bendPositive":false,"weight":0}]}]},{"duration":0,"name":"0014_siwang","bone":[{"name":"shuishou_kua","translateFrame":[{"duration":0,"x":9.23,"y":79.64}],"rotateFrame":[{"duration":0,"rotate":-74.73}]},{"name":"shuishou_shenti","rotateFrame":[{"duration":0,"rotate":-18.1}]},{"name":"shuishou_shenti2","rotateFrame":[{"duration":0,"rotate":-39.56}]},{"name":"shuishou_tou","rotateFrame":[{"duration":0,"rotate":35.2}]},{"name":"shuishou_dabi1","rotateFrame":[{"duration":0,"rotate":19.58}]},{"name":"shuishou_xiaobi1","rotateFrame":[{"duration":0,"rotate":32.42}]},{"name":"shuishou_shou1","translateFrame":[{"duration":0,"x":-2.57,"y":-0.35}],"rotateFrame":[{"duration":0,"rotate":46.92}]},{"name":"shuishou_dabbi2","rotateFrame":[{"duration":0,"rotate":47.99}]},{"name":"shuishou_xiaobi2","rotateFrame":[{"duration":0,"rotate":14.71}]},{"name":"shuishou_shou2","rotateFrame":[{"duration":0,"rotate":-21.79}]},{"name":"shuishou_datui1","translateFrame":[{"duration":0,"x":-2.32,"y":-0.22}],"rotateFrame":[{"duration":0,"rotate":-16}]},{"name":"shuishou_xiaotui1","rotateFrame":[{"duration":0,"rotate":-6.1}]},{"name":"shuishou_jiao1","rotateFrame":[{"duration":0,"rotate":20.22}]},{"name":"shuishou_datui2","translateFrame":[{"duration":0,"x":-1.1,"y":1.77}],"rotateFrame":[{"duration":0,"rotate":9.18}]},{"name":"shuishou_xiaotui2","rotateFrame":[{"duration":0,"rotate":-0.83}]},{"name":"shuishou_jiao3","rotateFrame":[{"duration":0,"rotate":14.5}]},{"name":"gw_019_shoushuishou_pz","translateFrame":[{"duration":0,"x":-40.04,"y":18.61}],"scaleFrame":[{"duration":0,"x":2.85,"y":0.29}]}],"ik":[{"name":"tui2","frame":[{"duration":0,"weight":0}]},{"name":"tui1","frame":[{"duration":0,"weight":0}]},{"name":"jiao2","frame":[{"duration":0,"bendPositive":false,"weight":0}]},{"name":"jiao1","frame":[{"duration":0,"bendPositive":false,"weight":0}]}]},{"duration":6,"name":"0015_daodiqishen","bone":[{"name":"root","rotateFrame":[{"duration":6,"curve":[0.25,0,0.75,1]},{"duration":0,"rotate":-0.05}]},{"name":"shuishou_kua","translateFrame":[{"duration":6,"curve":[0.274,0,0.621,0.4],"x":9.23,"y":79.64},{"duration":0,"x":-5.8,"y":75.52}],"rotateFrame":[{"duration":6,"curve":[0.274,0,0.621,0.4],"rotate":-74.73},{"duration":0,"rotate":-74.75}]},{"name":"shuishou_shenti","rotateFrame":[{"duration":6,"curve":[0.25,0,0.75,1],"rotate":-18.1},{"duration":0,"rotate":23.62}]},{"name":"shuishou_shenti2","rotateFrame":[{"duration":6,"curve":[0.264,0,0.617,0.42],"rotate":-39.56},{"duration":0,"rotate":17.86}]},{"name":"shuishou_tou","rotateFrame":[{"duration":6,"curve":[0.264,0,0.617,0.42],"rotate":35.2},{"duration":0,"rotate":38.98}]},{"name":"shuishou_dabi1","rotateFrame":[{"duration":6,"rotate":19.58}]},{"name":"shuishou_xiaobi1","rotateFrame":[{"duration":6,"curve":[0.264,0,0.617,0.42],"rotate":32.42},{"duration":0,"rotate":-33.02}]},{"name":"shuishou_shou1","translateFrame":[{"duration":6,"x":-2.57,"y":-0.35}],"rotateFrame":[{"duration":6,"rotate":46.92}]},{"name":"shuishou_dabbi2","rotateFrame":[{"duration":6,"curve":[0.264,0,0.617,0.42],"rotate":47.99},{"duration":0,"rotate":-6.01}]},{"name":"shuishou_xiaobi2","rotateFrame":[{"duration":6,"rotate":14.71}]},{"name":"shuishou_shou2","rotateFrame":[{"duration":6,"rotate":-21.79}]},{"name":"shuishou_datui1","translateFrame":[{"duration":6,"x":-2.32,"y":-0.22}],"rotateFrame":[{"duration":6,"curve":[0.25,0,0.75,1],"rotate":-16},{"duration":0,"rotate":-21.25}]},{"name":"shuishou_xiaotui1","rotateFrame":[{"duration":6,"curve":[0.25,0,0.75,1],"rotate":-6.1},{"duration":0,"rotate":7.34}]},{"name":"shuishou_jiao1","rotateFrame":[{"duration":6,"rotate":20.22}]},{"name":"shuishou_datui2","translateFrame":[{"duration":6,"x":-1.1,"y":1.77}],"rotateFrame":[{"duration":6,"curve":[0.25,0,0.75,1],"rotate":9.18},{"duration":0,"rotate":-13.86}]},{"name":"shuishou_xiaotui2","rotateFrame":[{"duration":6,"curve":[0.25,0,0.75,1],"rotate":-0.83},{"duration":0,"rotate":50.23}]},{"name":"shuishou_jiao3","rotateFrame":[{"duration":6,"curve":[0.25,0,0.75,1],"rotate":14.5},{"duration":0,"rotate":14.6}]},{"name":"shuishou_jiao4","rotateFrame":[{"duration":6,"curve":[0.25,0,0.75,1]},{"duration":0,"rotate":0.17}]},{"name":"gw_019_shoushuishou_pz","translateFrame":[{"duration":6,"tweenEasing":0,"x":-40.04,"y":18.61},{"duration":0,"x":-13.52,"y":11.3}],"scaleFrame":[{"duration":6,"tweenEasing":0,"x":2.85,"y":0.29},{"duration":0,"x":2.22,"y":0.64}]}],"ik":[{"name":"tui2","frame":[{"duration":6,"weight":0}]},{"name":"tui1","frame":[{"duration":6,"weight":0}]},{"name":"jiao2","frame":[{"duration":6,"bendPositive":false,"weight":0}]},{"name":"jiao1","frame":[{"duration":6,"bendPositive":false,"weight":0}]}]},{"duration":60,"name":"0016_xuruo","bone":[{"name":"shuishou_kua","translateFrame":[{"duration":25,"curve":[0.25,0,0.625,0.5],"x":0.48,"y":1.46},{"duration":35,"curve":[0.375,0.5,0.75,1],"x":0.48,"y":5.38},{"duration":0,"x":0.48,"y":1.46}]},{"name":"shuishou_shenti2","translateFrame":[{"duration":30,"curve":[0.25,0,0.625,0.5]},{"duration":30,"curve":[0.375,0.5,0.75,1],"x":-0.57},{"duration":0}],"rotateFrame":[{"duration":30,"curve":[0.25,0,0.625,0.5],"rotate":-5.27},{"duration":30,"curve":[0.375,0.5,0.75,1],"rotate":-3.29},{"duration":0,"rotate":-5.27}]},{"name":"shuishou_tou","rotateFrame":[{"duration":30,"curve":[0.25,0,0.625,0.5],"rotate":27.92},{"duration":30,"curve":[0.375,0.5,0.75,1],"rotate":30.38},{"duration":0,"rotate":27.92}]},{"name":"shuishou_toufa","rotateFrame":[{"duration":30,"curve":[0.25,0,0.625,0.5],"rotate":9.04},{"duration":30,"curve":[0.375,0.5,0.75,1],"rotate":6.06},{"duration":0,"rotate":9.04}]},{"name":"shuishou_hudiejie","rotateFrame":[{"duration":30,"curve":[0.25,0,0.625,0.5],"rotate":-3.03},{"duration":30,"curve":[0.375,0.5,0.75,1],"rotate":-5.64},{"duration":0,"rotate":-3.03}]},{"name":"shuishou_dabi1","rotateFrame":[{"duration":30,"curve":[0.25,0,0.625,0.5],"rotate":1.03},{"duration":30,"curve":[0.375,0.5,0.75,1],"rotate":-1.1},{"duration":0,"rotate":1.03}]},{"name":"shuishou_xiaobi1","rotateFrame":[{"duration":30,"curve":[0.25,0,0.625,0.5],"rotate":20.15},{"duration":30,"curve":[0.375,0.5,0.75,1],"rotate":17.48},{"duration":0,"rotate":20.15}]},{"name":"shuishou_dabbi2","rotateFrame":[{"duration":30,"curve":[0.25,0,0.625,0.5],"rotate":22.01},{"duration":30,"curve":[0.375,0.5,0.75,1],"rotate":18.61},{"duration":0,"rotate":22.01}]},{"name":"shuishou_xiaobi2","rotateFrame":[{"duration":30,"curve":[0.25,0,0.625,0.5]},{"duration":30,"curve":[0.375,0.5,0.75,1],"rotate":-0.65},{"duration":0}]}]},{"duration":30,"name":"0017_shengli","bone":[{"name":"shuishou_kua","translateFrame":[{"duration":15,"curve":[0.25,0,0.75,1],"y":4.06},{"duration":15,"curve":[0.25,0,0.75,1]},{"duration":0,"y":4.06}],"rotateFrame":[{"duration":30,"rotate":3.73}]},{"name":"shuishou_shenti2","translateFrame":[{"duration":15,"curve":[0.25,0,0.75,1]},{"duration":15,"curve":[0.25,0,0.75,1],"x":-0.05,"y":-0.67},{"duration":0}],"rotateFrame":[{"duration":30,"rotate":-17.67}]},{"name":"shuishou_tou","rotateFrame":[{"duration":15,"curve":[0.25,0,0.75,1],"rotate":5.47},{"duration":15,"curve":[0.25,0,0.75,1],"rotate":1.99},{"duration":0,"rotate":5.47}]},{"name":"shuishou_toufa","rotateFrame":[{"duration":15,"curve":[0.25,0,0.75,1]},{"duration":15,"curve":[0.25,0,0.75,1],"rotate":-2.54},{"duration":0}]},{"name":"shuishou_dabi1","translateFrame":[{"duration":30,"x":-2.36,"y":0.06}],"rotateFrame":[{"duration":30,"rotate":-52.42}]},{"name":"shuishou_xiaobi1","rotateFrame":[{"duration":30,"rotate":-72.83}]},{"name":"shuishou_dabbi2","rotateFrame":[{"duration":15,"curve":[0.25,0,0.75,1],"rotate":-25.78},{"duration":15,"curve":[0.25,0,0.75,1],"rotate":-115.7},{"duration":0,"rotate":-25.78}]},{"name":"shuishou_xiaobi2","rotateFrame":[{"duration":15,"curve":[0.25,0,0.75,1],"rotate":-93.92},{"duration":15,"curve":[0.25,0,0.75,1],"rotate":0.91},{"duration":0,"rotate":-93.92}]},{"name":"shuishou_shou2","rotateFrame":[{"duration":30,"rotate":-15.93}]}]},{"duration":0,"name":"0018_dingshen","bone":[{"name":"root","translateFrame":[{"duration":0,"x":-11.71}]},{"name":"shuishou_kua","translateFrame":[{"duration":0,"x":0.64,"y":3.85}],"rotateFrame":[{"duration":0,"rotate":4.08}]},{"name":"shuishou_shenti2","rotateFrame":[{"duration":0,"rotate":1.39}]},{"name":"shuishou_tou","rotateFrame":[{"duration":0,"rotate":20.71}]},{"name":"shuishou_toufa","rotateFrame":[{"duration":0,"rotate":-13.01}]},{"name":"shuishou_hudiejie","rotateFrame":[{"duration":0,"rotate":3.42}]},{"name":"shuishou_dabi1","rotateFrame":[{"duration":0,"rotate":-15.82}]},{"name":"shuishou_xiaobi1","rotateFrame":[{"duration":0,"rotate":8.53}]},{"name":"shuishou_dabbi2","rotateFrame":[{"duration":0,"rotate":-10.2}]},{"name":"shuishou_xiaobi2","rotateFrame":[{"duration":0,"rotate":5.63}]}]},{"duration":0,"name":"0019_gedang","bone":[{"name":"shuishou_kua","translateFrame":[{"duration":0,"x":-4.06,"y":8.8}]},{"name":"shuishou_dabi1","rotateFrame":[{"duration":0,"rotate":-43.21}]},{"name":"shuishou_xiaobi1","rotateFrame":[{"duration":0,"rotate":-12.79}]},{"name":"shuishou_dabbi2","rotateFrame":[{"duration":0,"rotate":-40.76}]},{"name":"shuishou_xiaobi2","rotateFrame":[{"duration":0,"rotate":-94.57}]}]},{"duration":0,"name":"0020_wu","bone":[{"name":"shuishou_kua","translateFrame":[{"duration":0,"x":-4.06,"y":8.8}]},{"name":"shuishou_dabi1","rotateFrame":[{"duration":0,"rotate":-43.21}]},{"name":"shuishou_xiaobi1","rotateFrame":[{"duration":0,"rotate":-12.79}]},{"name":"shuishou_dabbi2","rotateFrame":[{"duration":0,"rotate":-40.76}]},{"name":"shuishou_xiaobi2","rotateFrame":[{"duration":0,"rotate":-94.57}]}]},{"duration":0,"name":"0021_wu","bone":[{"name":"shuishou_kua","translateFrame":[{"duration":0,"x":-4.06,"y":8.8}]},{"name":"shuishou_dabi1","rotateFrame":[{"duration":0,"rotate":-43.21}]},{"name":"shuishou_xiaobi1","rotateFrame":[{"duration":0,"rotate":-12.79}]},{"name":"shuishou_dabbi2","rotateFrame":[{"duration":0,"rotate":-40.76}]},{"name":"shuishou_xiaobi2","rotateFrame":[{"duration":0,"rotate":-94.57}]}]},{"duration":0,"name":"0022_wu","bone":[{"name":"shuishou_kua","translateFrame":[{"duration":0,"x":-4.06,"y":8.8}]},{"name":"shuishou_dabi1","rotateFrame":[{"duration":0,"rotate":-43.21}]},{"name":"shuishou_xiaobi1","rotateFrame":[{"duration":0,"rotate":-12.79}]},{"name":"shuishou_dabbi2","rotateFrame":[{"duration":0,"rotate":-40.76}]},{"name":"shuishou_xiaobi2","rotateFrame":[{"duration":0,"rotate":-94.57}]}]},{"duration":0,"name":"0023_wu","bone":[{"name":"shuishou_kua","translateFrame":[{"duration":0,"x":-4.06,"y":8.8}]},{"name":"shuishou_dabi1","rotateFrame":[{"duration":0,"rotate":-43.21}]},{"name":"shuishou_xiaobi1","rotateFrame":[{"duration":0,"rotate":-12.79}]},{"name":"shuishou_dabbi2","rotateFrame":[{"duration":0,"rotate":-40.76}]},{"name":"shuishou_xiaobi2","rotateFrame":[{"duration":0,"rotate":-94.57}]}]},{"duration":0,"name":"0024_wu","bone":[{"name":"shuishou_kua","translateFrame":[{"duration":0,"x":-4.06,"y":8.8}]},{"name":"shuishou_dabi1","rotateFrame":[{"duration":0,"rotate":-43.21}]},{"name":"shuishou_xiaobi1","rotateFrame":[{"duration":0,"rotate":-12.79}]},{"name":"shuishou_dabbi2","rotateFrame":[{"duration":0,"rotate":-40.76}]},{"name":"shuishou_xiaobi2","rotateFrame":[{"duration":0,"rotate":-94.57}]}]},{"duration":45,"name":"0025_gongji1","bone":[{"name":"root","translateFrame":[{"duration":20,"curve":[0,0.5,0.75,1]},{"duration":5,"curve":[0.25,0,1,0.6],"x":-13.62},{"duration":10,"curve":[0,0.42,0.75,1]},{"duration":10,"curve":[0,0.42,0.75,1],"x":11.47},{"duration":0}]},{"name":"shuishou_kua","translateFrame":[{"duration":20,"curve":[0,0.5,0.75,1]},{"duration":5,"curve":[0.25,0,1,0.6],"x":3.39,"y":-1.35},{"duration":10,"curve":[0,0.42,0.75,1],"x":6.1,"y":10.17},{"duration":10,"curve":[0,0.42,0.75,1],"x":9.63,"y":11.93},{"duration":0}],"rotateFrame":[{"duration":20,"curve":[0,0.5,0.75,1]},{"duration":5,"curve":[0.25,0,1,0.6]},{"duration":10,"curve":[0,0.42,0.75,1],"rotate":10.53},{"duration":10,"curve":[0,0.42,0.75,1],"rotate":11.87},{"duration":0}]},{"name":"shuishou_shenti","rotateFrame":[{"duration":20,"curve":[0,0.5,0.75,1]},{"duration":5,"curve":[0.25,0,1,0.6],"rotate":-11.53},{"duration":10,"curve":[0,0.42,0.75,1],"rotate":7.75},{"duration":10,"curve":[0,0.42,0.75,1],"rotate":10.82},{"duration":0}]},{"name":"shuishou_tou","rotateFrame":[{"duration":20,"curve":[0,0.5,0.75,1]},{"duration":5,"curve":[0.25,0,1,0.6],"rotate":16.64},{"duration":10,"curve":[0,0.42,0.75,1],"rotate":5.52},{"duration":10,"curve":[0,0.42,0.75,1],"rotate":7.03},{"duration":0}]},{"name":"shuishou_dabi1","translateFrame":[{"duration":20,"curve":[0,0.5,0.75,1]},{"duration":5,"curve":[0.25,0,1,0.6]},{"duration":10,"curve":[0,0.42,0.75,1],"x":-1.03,"y":2.85},{"duration":10,"curve":[0,0.42,0.75,1],"x":-1.03,"y":2.85},{"duration":0}],"rotateFrame":[{"duration":5,"curve":[0,0.5,0.75,1]},{"duration":15,"curve":[0.379,0.6,0.724,1],"rotate":-128.41},{"duration":5,"curve":[0.25,0,1,0.6],"rotate":160.48},{"duration":10,"curve":[0,0.42,0.75,1],"rotate":-67.68},{"duration":10,"curve":[0,0.42,0.75,1],"rotate":-72.17},{"duration":0}]},{"name":"shuishou_xiaobi1","rotateFrame":[{"duration":20,"curve":[0,0.5,0.75,1]},{"duration":5,"curve":[0.25,0,1,0.6],"rotate":6.62},{"duration":10,"rotate":40.64},{"duration":10,"curve":[0,0.42,0.75,1],"rotate":40.64},{"duration":0}]},{"name":"shuishou_shou1","rotateFrame":[{"duration":20,"curve":[0,0.5,0.75,1]},{"duration":5,"curve":[0.25,0,1,0.6],"rotate":17.4},{"duration":10,"rotate":42.57},{"duration":10,"curve":[0,0.42,0.75,1],"rotate":42.57},{"duration":0}]},{"name":"shuishou_dabbi2","rotateFrame":[{"duration":20,"curve":[0,0.5,0.75,1]},{"duration":5,"curve":[0.25,0,1,0.6],"rotate":-34.18},{"duration":10,"rotate":82.06},{"duration":10,"curve":[0,0.42,0.75,1],"rotate":82.06},{"duration":0}]},{"name":"shuishou_xiaobi2","rotateFrame":[{"duration":20,"curve":[0,0.5,0.75,1]},{"duration":5,"rotate":-32.09},{"duration":10,"curve":[0,0.42,0.75,1],"rotate":-32.09},{"duration":10,"curve":[0,0.42,0.75,1],"rotate":-22.25},{"duration":0}]},{"name":"11","translateFrame":[{"duration":25},{"duration":10,"curve":[0,0.42,0.75,1]},{"duration":10,"curve":[0,0.42,0.75,1],"x":-6.48},{"duration":0}]},{"name":"jiao1","translateFrame":[{"duration":25},{"duration":10,"curve":[0,0.42,0.75,1]},{"duration":10,"curve":[0,0.42,0.75,1],"x":-6.48},{"duration":0}]}]},{"duration":45,"name":"0026_gongji2","bone":[{"name":"root","translateFrame":[{"duration":20,"curve":[0,0.5,0.75,1]},{"duration":5,"curve":[0.25,0,1,0.6],"x":-13.62},{"duration":10,"curve":[0,0.42,0.75,1]},{"duration":10,"curve":[0,0.42,0.75,1],"x":11.47},{"duration":0}]},{"name":"shuishou_kua","translateFrame":[{"duration":20,"curve":[0,0.5,0.75,1]},{"duration":5,"curve":[0.25,0,1,0.6],"x":3.39,"y":-1.35},{"duration":10,"curve":[0,0.42,0.75,1],"x":6.1,"y":10.17},{"duration":10,"curve":[0,0.42,0.75,1],"x":9.63,"y":11.93},{"duration":0}],"rotateFrame":[{"duration":20,"curve":[0,0.5,0.75,1]},{"duration":5,"curve":[0.25,0,1,0.6]},{"duration":10,"curve":[0,0.42,0.75,1],"rotate":10.53},{"duration":10,"curve":[0,0.42,0.75,1],"rotate":11.87},{"duration":0}]},{"name":"shuishou_shenti","rotateFrame":[{"duration":20,"curve":[0,0.5,0.75,1]},{"duration":5,"curve":[0.25,0,1,0.6],"rotate":-11.53},{"duration":10,"curve":[0,0.42,0.75,1],"rotate":7.75},{"duration":10,"curve":[0,0.42,0.75,1],"rotate":10.82},{"duration":0}]},{"name":"shuishou_tou","rotateFrame":[{"duration":20,"curve":[0,0.5,0.75,1]},{"duration":5,"curve":[0.25,0,1,0.6],"rotate":16.64},{"duration":10,"curve":[0,0.42,0.75,1],"rotate":5.52},{"duration":10,"curve":[0,0.42,0.75,1],"rotate":7.03},{"duration":0}]},{"name":"shuishou_dabi1","translateFrame":[{"duration":20,"curve":[0,0.5,0.75,1]},{"duration":5,"curve":[0.25,0,1,0.6]},{"duration":10,"curve":[0,0.42,0.75,1],"x":-1.03,"y":2.85},{"duration":10,"curve":[0,0.42,0.75,1],"x":-1.03,"y":2.85},{"duration":0}],"rotateFrame":[{"duration":5,"curve":[0,0.5,0.75,1]},{"duration":15,"curve":[0.379,0.6,0.724,1],"rotate":-128.41},{"duration":5,"curve":[0.25,0,1,0.6],"rotate":160.48},{"duration":10,"curve":[0,0.42,0.75,1],"rotate":-67.68},{"duration":10,"curve":[0,0.42,0.75,1],"rotate":-72.17},{"duration":0}]},{"name":"shuishou_xiaobi1","rotateFrame":[{"duration":20,"curve":[0,0.5,0.75,1]},{"duration":5,"curve":[0.25,0,1,0.6],"rotate":6.62},{"duration":10,"rotate":40.64},{"duration":10,"curve":[0,0.42,0.75,1],"rotate":40.64},{"duration":0}]},{"name":"shuishou_shou1","rotateFrame":[{"duration":20,"curve":[0,0.5,0.75,1]},{"duration":5,"curve":[0.25,0,1,0.6],"rotate":17.4},{"duration":10,"rotate":42.57},{"duration":10,"curve":[0,0.42,0.75,1],"rotate":42.57},{"duration":0}]},{"name":"shuishou_dabbi2","rotateFrame":[{"duration":20,"curve":[0,0.5,0.75,1]},{"duration":5,"curve":[0.25,0,1,0.6],"rotate":-34.18},{"duration":10,"rotate":82.06},{"duration":10,"curve":[0,0.42,0.75,1],"rotate":82.06},{"duration":0}]},{"name":"shuishou_xiaobi2","rotateFrame":[{"duration":20,"curve":[0,0.5,0.75,1]},{"duration":5,"rotate":-32.09},{"duration":10,"curve":[0,0.42,0.75,1],"rotate":-32.09},{"duration":10,"curve":[0,0.42,0.75,1],"rotate":-22.25},{"duration":0}]},{"name":"11","translateFrame":[{"duration":25},{"duration":10,"curve":[0,0.42,0.75,1]},{"duration":10,"curve":[0,0.42,0.75,1],"x":-6.48},{"duration":0}]},{"name":"jiao1","translateFrame":[{"duration":25},{"duration":10,"curve":[0,0.42,0.75,1]},{"duration":10,"curve":[0,0.42,0.75,1],"x":-6.48},{"duration":0}]}]}],"defaultActions":[{"gotoAndPlay":"0000_chuchang"}]}]}