{"frameRate":30,"isGlobal":0,"armature":[{"defaultActions":[{"gotoAndPlay":"000_xuli"}],"animation":[{"frame":[],"duration":34,"slot":[{"frame":[{"tweenEasing":0,"displayIndex":-1,"duration":10},{"tweenEasing":0,"duration":3},{"tweenEasing":0,"displayIndex":1,"duration":3},{"tweenEasing":0,"displayIndex":2,"duration":3},{"tweenEasing":0,"displayIndex":3,"duration":3},{"tweenEasing":0,"displayIndex":4,"duration":3},{"tweenEasing":null,"displayIndex":-1,"duration":9}],"name":"baozha/00001"},{"frame":[{"tweenEasing":0,"displayIndex":-1,"duration":10},{"tweenEasing":0,"duration":3},{"tweenEasing":0,"displayIndex":1,"duration":3},{"tweenEasing":0,"displayIndex":2,"duration":3},{"tweenEasing":0,"displayIndex":3,"duration":3},{"tweenEasing":0,"displayIndex":4,"duration":3},{"tweenEasing":0,"displayIndex":5,"duration":3},{"tweenEasing":0,"displayIndex":6,"duration":3},{"tweenEasing":0,"displayIndex":7,"duration":3},{"tweenEasing":null,"displayIndex":-1,"duration":0}],"name":"daluoxuan/0_00000"},{"frame":[{"tweenEasing":0,"displayIndex":-1,"duration":10},{"tweenEasing":0,"duration":3},{"tweenEasing":0,"displayIndex":1,"duration":3},{"tweenEasing":0,"displayIndex":2,"duration":3},{"tweenEasing":0,"displayIndex":3,"duration":3},{"tweenEasing":null,"displayIndex":-1,"duration":12}],"name":"nengliang/00001"},{"frame":[{"tweenEasing":0,"displayIndex":-1,"duration":10},{"tweenEasing":0,"displayIndex":-1,"duration":3},{"tweenEasing":0,"duration":3},{"tweenEasing":0,"displayIndex":1,"duration":3},{"tweenEasing":0,"displayIndex":2,"duration":3},{"tweenEasing":0,"displayIndex":3,"duration":3},{"tweenEasing":null,"displayIndex":-1,"duration":9}],"name":"nengliang/1"},{"frame":[{"tweenEasing":0,"displayIndex":-1,"duration":10},{"tweenEasing":0,"displayIndex":-1,"duration":6},{"tweenEasing":0,"duration":3},{"tweenEasing":0,"displayIndex":1,"duration":3},{"tweenEasing":0,"displayIndex":2,"duration":3},{"tweenEasing":0,"displayIndex":3,"duration":3},{"tweenEasing":null,"displayIndex":-1,"duration":6}],"name":"nengliang/2"},{"frame":[{"tweenEasing":0,"displayIndex":-1,"duration":10},{"tweenEasing":0,"displayIndex":1,"duration":3},{"tweenEasing":0,"displayIndex":2,"duration":3},{"tweenEasing":0,"displayIndex":3,"duration":3},{"tweenEasing":0,"displayIndex":4,"duration":3},{"tweenEasing":0,"displayIndex":5,"duration":3},{"tweenEasing":0,"displayIndex":6,"duration":3},{"tweenEasing":0,"displayIndex":7,"duration":3},{"tweenEasing":null,"displayIndex":-1,"duration":3}],"name":"xiaoluoxuan/0_00000"}],"ffd":[],"bone":[{"frame":[{"duration":10,"transform":{}},{"duration":24,"transform":{}}],"name":"root"},{"frame":[{"duration":10,"transform":{"scY":2,"y":-50.885,"scX":2,"x":4.625}},{"duration":24,"transform":{"scY":2,"y":-50.885,"scX":2,"x":4.625}}],"name":"xiaoluoxuan/0_00000"},{"frame":[{"duration":10,"transform":{"y":-69.125,"x":0.755}},{"duration":24,"transform":{"y":-69.125,"x":0.755}}],"name":"daluoxuan"},{"frame":[{"duration":10,"transform":{"scX":2}},{"duration":24,"transform":{"scX":2}}],"name":"nengliang/00001"},{"frame":[{"duration":10,"transform":{}},{"duration":24,"transform":{}}],"name":"baozha/00001"},{"frame":[{"duration":10,"transform":{"scY":1.141,"scX":1.86,"x":25.185}},{"duration":3,"transform":{"scY":1.141,"scX":1.86,"x":25.185}},{"duration":21,"transform":{"scY":1.141,"scX":1.86,"x":25.185}}],"name":"nengliang/1"},{"frame":[{"duration":10,"transform":{"scY":0.5,"y":5.65,"skX":-11.39,"skY":-11.39,"scX":1.159,"x":14.905}},{"duration":6,"transform":{"scY":0.5,"y":5.65,"skX":-11.39,"skY":-11.39,"scX":1.159,"x":14.905}},{"duration":18,"transform":{"scY":0.5,"y":5.65,"skX":-11.39,"skY":-11.39,"scX":1.159,"x":14.905}}],"name":"nengliang/2"},{"frame":[{"duration":34,"transform":{}}],"name":"cheng_fangshe_03_eff/fangshe_eff"},{"frame":[{"duration":34,"transform":{}}],"name":"cheng_fangshe_03_eff/fangshe_eff2"},{"frame":[{"duration":34,"transform":{}}],"name":"cheng_fangshe_03_eff/fangshe_eff3"},{"frame":[{"duration":34,"transform":{}}],"name":"cheng_fangshe_04_eff/cheng_fangshe_04_eff_02"},{"frame":[{"duration":34,"transform":{}}],"name":"guanqiu_eff"},{"frame":[{"duration":34,"transform":{}}],"name":"guanghuan_eff/guanghuan"},{"frame":[{"duration":34,"transform":{}}],"name":"guangjian_eff/0_00000"},{"frame":[{"duration":34,"transform":{}}],"name":"guanghuan_eff/guangquan"}],"name":"000_xuli","ik":[]},{"frame":[],"duration":45,"slot":[{"frame":[{"tweenEasing":null,"displayIndex":-1,"duration":45}],"name":"daluoxuan/0_00000"},{"frame":[{"tweenEasing":0,"duration":5,"color":{"aM":0}},{"tweenEasing":null,"duration":10},{"tweenEasing":0,"duration":15},{"tweenEasing":null,"duration":15,"color":{"aM":0}}],"name":"guanghuan_eff/guanghuan"},{"frame":[{"tweenEasing":0,"duration":5,"color":{"aM":0}},{"tweenEasing":null,"duration":10},{"tweenEasing":0,"duration":15},{"tweenEasing":null,"duration":15,"color":{"aM":0}}],"name":"guanghuan_eff/guangquan"},{"frame":[{"tweenEasing":0,"duration":3,"color":{"rM":98,"aM":0}},{"tweenEasing":0,"displayIndex":1,"duration":3,"color":{"rM":98}},{"tweenEasing":0,"displayIndex":2,"duration":3},{"tweenEasing":0,"displayIndex":3,"duration":3},{"tweenEasing":0,"displayIndex":4,"duration":3},{"tweenEasing":0,"displayIndex":5,"duration":3},{"tweenEasing":0,"duration":3},{"tweenEasing":0,"displayIndex":1,"duration":3},{"tweenEasing":0,"displayIndex":2,"duration":3},{"tweenEasing":0,"displayIndex":3,"duration":3},{"tweenEasing":0,"displayIndex":4,"duration":3,"color":{"rM":98}},{"tweenEasing":0,"displayIndex":5,"duration":3},{"tweenEasing":0,"duration":3},{"tweenEasing":0,"displayIndex":1,"duration":3},{"tweenEasing":0,"displayIndex":2,"duration":3},{"tweenEasing":null,"displayIndex":3,"duration":0,"color":{"rM":98,"aM":0}}],"name":"guangjian_eff/0_00000"}],"ffd":[],"bone":[{"frame":[{"duration":45,"transform":{"scY":0.5,"y":-0.035,"scX":0.5,"x":-3.645}}],"name":"daluoxuan"},{"frame":[{"curve":[0,0.85,0.75,1],"duration":15,"transform":{"scY":1.657,"scX":1.657}},{"tweenEasing":0,"duration":15,"transform":{"scY":1.657,"scX":1.657}},{"duration":15,"transform":{}}],"name":"guangjian_eff/0_00000"},{"frame":[{"tweenEasing":0,"duration":5,"transform":{"scY":0.739,"y":33.165,"scX":0.739}},{"tweenEasing":0,"duration":10,"transform":{"scY":1.313,"y":33.165,"scX":1.313}},{"tweenEasing":0,"duration":10,"transform":{"scY":1.497,"y":33.165,"scX":1.497}},{"tweenEasing":0,"duration":5,"transform":{"scY":1.367,"y":33.165,"scX":1.367}},{"duration":15,"transform":{"y":-29.525}}],"name":"guanghuan_eff/guanghuan"},{"frame":[{"tweenEasing":0,"duration":15,"transform":{"y":-47.325}},{"tweenEasing":0,"duration":15,"transform":{"scY":2.26,"y":-47.325,"scX":2.26}},{"duration":15,"transform":{"y":40.445}}],"name":"guanghuan_eff/guangquan"},{"frame":[{"duration":45,"transform":{}}],"name":"root"},{"frame":[{"duration":45,"transform":{}}],"name":"baozha/00001"},{"frame":[{"duration":45,"transform":{}}],"name":"cheng_fangshe_03_eff/fangshe_eff"},{"frame":[{"duration":45,"transform":{}}],"name":"cheng_fangshe_03_eff/fangshe_eff2"},{"frame":[{"duration":45,"transform":{}}],"name":"cheng_fangshe_03_eff/fangshe_eff3"},{"frame":[{"duration":45,"transform":{}}],"name":"cheng_fangshe_04_eff/cheng_fangshe_04_eff_02"},{"frame":[{"duration":45,"transform":{}}],"name":"guanqiu_eff"},{"frame":[{"duration":45,"transform":{}}],"name":"nengliang/00001"},{"frame":[{"duration":45,"transform":{}}],"name":"nengliang/1"},{"frame":[{"duration":45,"transform":{}}],"name":"nengliang/2"},{"frame":[{"duration":45,"transform":{}}],"name":"xiaoluoxuan/0_00000"}],"name":"001_dandan","ik":[]},{"frame":[],"duration":15,"slot":[{"frame":[{"tweenEasing":0,"duration":1},{"tweenEasing":0,"displayIndex":1,"duration":1},{"tweenEasing":0,"duration":1},{"tweenEasing":0,"displayIndex":1,"duration":1},{"tweenEasing":0,"duration":1},{"tweenEasing":0,"displayIndex":1,"duration":1},{"tweenEasing":0,"duration":4},{"curve":[0,1,0.75,1],"duration":5},{"tweenEasing":null,"duration":0,"color":{"aM":0}}],"name":"cheng_fangshe_03_eff/fangshe_eff"},{"frame":[{"tweenEasing":0,"duration":1},{"tweenEasing":0,"displayIndex":1,"duration":1},{"tweenEasing":0,"duration":1},{"tweenEasing":0,"displayIndex":1,"duration":1},{"tweenEasing":0,"duration":1},{"tweenEasing":0,"displayIndex":1,"duration":1},{"tweenEasing":0,"duration":4},{"curve":[0,1,0.75,1],"duration":5},{"tweenEasing":null,"displayIndex":1,"duration":0,"color":{"aM":0}}],"name":"cheng_fangshe_03_eff/fangshe_eff2"},{"frame":[{"tweenEasing":0,"duration":1},{"tweenEasing":0,"displayIndex":1,"duration":1},{"tweenEasing":0,"duration":1},{"tweenEasing":0,"displayIndex":1,"duration":1},{"tweenEasing":0,"duration":1},{"tweenEasing":0,"displayIndex":1,"duration":1},{"tweenEasing":0,"duration":4},{"curve":[0,1,0.75,1],"duration":5},{"tweenEasing":null,"duration":0,"color":{"aM":0}}],"name":"cheng_fangshe_03_eff/fangshe_eff3"},{"frame":[{"tweenEasing":0,"displayIndex":-1,"duration":10,"color":{"aM":0}},{"curve":[0,0.5,0.875,1],"duration":5},{"tweenEasing":null,"duration":0,"color":{"aM":0}}],"name":"cheng_fangshe_03_eff/fangshe_eff4"},{"frame":[{"tweenEasing":0,"displayIndex":-1,"duration":10},{"curve":[0,0.5,0.875,1],"duration":5},{"tweenEasing":null,"duration":0,"color":{"aM":0}}],"name":"cheng_fangshe_03_eff/fangshe_eff5"},{"frame":[{"tweenEasing":0,"displayIndex":-1,"duration":10},{"curve":[0,0.5,0.875,1],"duration":5},{"tweenEasing":null,"duration":0,"color":{"aM":0}}],"name":"cheng_fangshe_03_eff/fangshe_eff6"},{"frame":[{"tweenEasing":0,"duration":2},{"tweenEasing":0,"displayIndex":1,"duration":2},{"tweenEasing":0,"displayIndex":2,"duration":2},{"tweenEasing":0,"displayIndex":3,"duration":2},{"tweenEasing":0,"displayIndex":4,"duration":2},{"tweenEasing":null,"displayIndex":-1,"duration":5}],"name":"cheng_fangshe_04_eff/cheng_fangshe_04_eff_02"}],"ffd":[],"bone":[{"frame":[{"duration":15,"transform":{"scY":2,"y":1.835,"scX":2,"x":-139.86}}],"name":"cheng_fangshe_04_eff/cheng_fangshe_04_eff_02"},{"frame":[{"curve":[0,0.475,0.875,1],"duration":1,"transform":{"scY":0.45,"y":1.85,"skX":0.42,"skY":0.42,"scX":0.393,"x":-140.835}},{"tweenEasing":0,"duration":1,"transform":{"scY":0.45,"y":1.85,"skX":-0.77,"skY":-0.77,"scX":0.393,"x":-140.835}},{"tweenEasing":0,"duration":1,"transform":{"scY":0.45,"y":1.85,"skX":0.42,"skY":0.42,"scX":0.393,"x":-140.835}},{"tweenEasing":0,"duration":1,"transform":{"scY":0.45,"y":1.85,"skX":-0.77,"skY":-0.77,"scX":0.393,"x":-140.835}},{"tweenEasing":0,"duration":1,"transform":{"scY":0.45,"y":1.85,"skX":0.42,"skY":0.42,"scX":0.393,"x":-140.835}},{"tweenEasing":0,"duration":1,"transform":{"scY":0.45,"y":1.85,"skX":-0.77,"skY":-0.77,"scX":0.393,"x":-140.835}},{"tweenEasing":0,"duration":1,"transform":{"scY":0.45,"y":1.85,"skX":0.42,"skY":0.42,"scX":0.393,"x":-140.835}},{"tweenEasing":0,"duration":1,"transform":{"scY":0.45,"y":1.85,"skX":-0.77,"skY":-0.77,"scX":0.393,"x":-140.835}},{"tweenEasing":0,"duration":1,"transform":{"scY":0.45,"y":1.85,"skX":0.42,"skY":0.42,"scX":0.393,"x":-140.835}},{"tweenEasing":0,"duration":1,"transform":{"scY":0.45,"y":1.85,"skX":-0.77,"skY":-0.77,"scX":0.393,"x":-140.835}},{"curve":[0,1,0.75,1],"duration":5,"transform":{"scY":0.45,"y":1.85,"skX":0.42,"skY":0.42,"scX":0.393,"x":-140.835}},{"duration":0,"transform":{"scY":1.267,"y":1.85,"skX":242.18,"skY":242.18,"scX":1.105,"x":-140.835}}],"name":"cheng_fangshe_03_eff/fangshe_eff2"},{"frame":[{"curve":[0,0.475,0.875,1],"duration":1,"transform":{"scY":0.45,"y":1.85,"scX":0.393,"x":-140.835}},{"tweenEasing":0,"duration":1,"transform":{"scY":0.45,"y":1.85,"skX":0.42,"skY":0.42,"scX":0.393,"x":-140.835}},{"tweenEasing":0,"duration":1,"transform":{"scY":0.45,"y":1.85,"scX":0.393,"x":-140.835}},{"tweenEasing":0,"duration":1,"transform":{"scY":0.45,"y":1.85,"skX":0.42,"skY":0.42,"scX":0.393,"x":-140.835}},{"tweenEasing":0,"duration":1,"transform":{"scY":0.45,"y":1.85,"scX":0.393,"x":-140.835}},{"tweenEasing":0,"duration":1,"transform":{"scY":0.45,"y":1.85,"skX":0.42,"skY":0.42,"scX":0.393,"x":-140.835}},{"tweenEasing":0,"duration":1,"transform":{"scY":0.45,"y":1.85,"scX":0.393,"x":-140.835}},{"tweenEasing":0,"duration":1,"transform":{"scY":0.45,"y":1.85,"skX":0.42,"skY":0.42,"scX":0.393,"x":-140.835}},{"tweenEasing":0,"duration":1,"transform":{"scY":0.45,"y":1.85,"scX":0.393,"x":-140.835}},{"tweenEasing":0,"duration":1,"transform":{"scY":0.45,"y":1.85,"skX":0.42,"skY":0.42,"scX":0.393,"x":-140.835}},{"curve":[0,1,0.75,1],"duration":5,"transform":{"scY":0.45,"y":1.85,"scX":0.393,"x":-140.835}},{"duration":0,"transform":{"scY":1.505,"y":1.85,"skX":-117.81,"skY":-117.81,"scX":1.313,"x":-140.835}}],"name":"cheng_fangshe_03_eff/fangshe_eff"},{"frame":[{"curve":[0.169,0.675,0.7115,0.86],"duration":1,"transform":{"scY":0.45,"y":1.85,"skX":0.42,"skY":0.42,"scX":0.393,"x":-140.835}},{"curve":[0.403,0.88,0.764,1],"duration":1,"transform":{"scY":0.45,"y":1.85,"skX":-0.94,"skY":-0.94,"scX":0.393,"x":-140.835}},{"curve":[0.338,0.4,0.673,0.72],"duration":1,"transform":{"scY":0.45,"y":1.85,"skX":0.42,"skY":0.42,"scX":0.393,"x":-140.835}},{"curve":[0.403,0.88,0.764,1],"duration":1,"transform":{"scY":0.45,"y":1.85,"skX":-0.94,"skY":-0.94,"scX":0.393,"x":-140.835}},{"curve":[0.338,0.4,0.673,0.72],"duration":1,"transform":{"scY":0.45,"y":1.85,"skX":0.42,"skY":0.42,"scX":0.393,"x":-140.835}},{"curve":[0.403,0.88,0.764,1],"duration":1,"transform":{"scY":0.45,"y":1.85,"skX":-0.94,"skY":-0.94,"scX":0.393,"x":-140.835}},{"curve":[0.338,0.4,0.673,0.72],"duration":1,"transform":{"scY":0.45,"y":1.85,"skX":0.42,"skY":0.42,"scX":0.393,"x":-140.835}},{"curve":[0.403,0.88,0.764,1],"duration":1,"transform":{"scY":0.45,"y":1.85,"skX":-0.94,"skY":-0.94,"scX":0.393,"x":-140.835}},{"curve":[0.338,0.4,0.673,0.72],"duration":1,"transform":{"scY":0.45,"y":1.85,"skX":0.42,"skY":0.42,"scX":0.393,"x":-140.835}},{"curve":[0.403,0.88,0.764,1],"duration":1,"transform":{"scY":0.45,"y":1.85,"skX":-0.94,"skY":-0.94,"scX":0.393,"x":-140.835}},{"curve":[0,1,0.75,1],"duration":5,"transform":{"scY":0.45,"y":1.85,"skX":0.42,"skY":0.42,"scX":0.393,"x":-140.835}},{"duration":0,"transform":{"y":1.85,"skX":-117.98,"skY":-117.98,"x":-140.835}}],"name":"cheng_fangshe_03_eff/fangshe_eff3"},{"frame":[{"duration":15,"transform":{}}],"name":"root"},{"frame":[{"duration":15,"transform":{}}],"name":"baozha/00001"},{"frame":[{"duration":15,"transform":{}}],"name":"daluoxuan"},{"frame":[{"duration":15,"transform":{}}],"name":"guanqiu_eff"},{"frame":[{"duration":15,"transform":{}}],"name":"nengliang/00001"},{"frame":[{"duration":15,"transform":{}}],"name":"nengliang/1"},{"frame":[{"duration":15,"transform":{}}],"name":"nengliang/2"},{"frame":[{"duration":15,"transform":{}}],"name":"xiaoluoxuan/0_00000"},{"frame":[{"duration":15,"transform":{}}],"name":"guanghuan_eff/guanghuan"},{"frame":[{"duration":15,"transform":{}}],"name":"guangjian_eff/0_00000"},{"frame":[{"duration":15,"transform":{}}],"name":"guanghuan_eff/guangquan"}],"name":"002_baozha","ik":[]}],"type":"Armature","frameRate":30,"ik":[],"bone":[{"name":"root","transform":{}},{"length":60,"transform":{"y":-4.235,"skX":-91.9,"skY":-91.9,"x":-4.325},"parent":"root","name":"baozha/00001"},{"length":236.5,"transform":{"y":-0.935,"skX":-0.38,"skY":-0.38,"x":140.995},"parent":"root","name":"cheng_fangshe_03_eff/fangshe_eff"},{"length":236.5,"transform":{"y":-1.85,"skX":-115.3,"skY":-115.3,"x":140.835},"parent":"root","name":"cheng_fangshe_03_eff/fangshe_eff2"},{"length":236.5,"transform":{"scY":1.2,"y":-1.85,"skX":136.23,"skY":136.23,"scX":1.2,"x":140.835},"parent":"root","name":"cheng_fangshe_03_eff/fangshe_eff3"},{"length":36.5,"transform":{"y":-1.835,"skX":42.73,"skY":42.73,"x":139.86},"parent":"root","name":"cheng_fangshe_04_eff/cheng_fangshe_04_eff_02"},{"length":44.5,"transform":{"scY":2,"y":-7.375,"skX":90.64,"skY":90.64,"scX":2,"x":4.29},"parent":"root","name":"daluoxuan"},{"transform":{},"name":"guanqiu_eff","parent":"root"},{"length":83.5,"transform":{"y":-71,"x":-5.5},"parent":"root","name":"nengliang/00001"},{"length":83.5,"transform":{"scY":0.773,"y":-35.02,"scX":-0.856,"x":-5.5},"parent":"root","name":"nengliang/1"},{"length":83.5,"transform":{"scY":-1.182,"y":-137.74,"skX":6.61,"skY":6.61,"scX":-1.182,"x":1.86},"parent":"root","name":"nengliang/2"},{"transform":{"y":45.5,"x":-0.5},"name":"xiaoluoxuan/0_00000","parent":"root"},{"transform":{},"name":"guanghuan_eff/guanghuan","parent":"guanqiu_eff"},{"length":12.5,"transform":{"skX":-2.2,"skY":-2.2},"parent":"guanqiu_eff","name":"guangjian_eff/0_00000"},{"transform":{},"name":"guanghuan_eff/guangquan","parent":"guanqiu_eff"}],"aabb":{"width":0,"y":0,"height":0,"x":0},"skin":[{"slot":[{"display":[{"path":"cheng_fangshe_03_eff/fangshe_eff3","type":"image","name":"cheng_fangshe_03_eff/fangshe_eff3","transform":{"y":1.325,"skX":0.38,"skY":0.38,"x":197.995}}],"name":"cheng_fangshe_03_eff/fangshe_eff4"},{"display":[{"path":"nengliang/00001","type":"image","name":"nengliang/00001","transform":{"y":-0.495,"x":-2.495}},{"path":"nengliang/00002","type":"image","name":"nengliang/00002","transform":{"y":-0.495,"x":-2.495}},{"path":"nengliang/00003","type":"image","name":"nengliang/00003","transform":{"y":-0.495,"x":-2.495}},{"path":"nengliang/00004","type":"image","name":"nengliang/00004","transform":{"y":-0.495,"x":-2.495}}],"name":"nengliang/00001"},{"display":[{"path":"cheng_fangshe_04_eff/cheng_fangshe_04_eff_02","type":"image","name":"cheng_fangshe_04_eff/cheng_fangshe_04_eff_02","transform":{"y":0.175,"skX":-42.72,"skY":-42.72,"x":-0.7}},{"path":"cheng_fangshe_04_eff/cheng_fangshe_04_eff_03","type":"image","name":"cheng_fangshe_04_eff/cheng_fangshe_04_eff_03","transform":{"y":0.175,"skX":-42.72,"skY":-42.72,"x":-0.7}},{"path":"cheng_fangshe_04_eff/cheng_fangshe_04_eff_05","type":"image","name":"cheng_fangshe_04_eff/cheng_fangshe_04_eff_05","transform":{"y":0.175,"skX":-42.72,"skY":-42.72,"x":-0.7}},{"path":"cheng_fangshe_04_eff/cheng_fangshe_04_eff_07","type":"image","name":"cheng_fangshe_04_eff/cheng_fangshe_04_eff_07","transform":{"y":0.175,"skX":-42.72,"skY":-42.72,"x":-0.7}},{"path":"cheng_fangshe_04_eff/cheng_fangshe_04_eff_09","type":"image","name":"cheng_fangshe_04_eff/cheng_fangshe_04_eff_09","transform":{"y":0.175,"skX":-42.72,"skY":-42.72,"x":-0.7}}],"blendMode":"add","name":"cheng_fangshe_04_eff/cheng_fangshe_04_eff_02"},{"display":[{"path":"xiaoluoxuan/0_00000","type":"image","name":"xiaoluoxuan/0_00000","transform":{"y":-151.995,"x":0.5}},{"path":"xiaoluoxuan/0_00001","type":"image","name":"xiaoluoxuan/0_00001","transform":{"y":-45.5,"x":0.5}},{"path":"xiaoluoxuan/0_00002","type":"image","name":"xiaoluoxuan/0_00002","transform":{"y":-45.5,"x":0.5}},{"path":"xiaoluoxuan/0_00003","type":"image","name":"xiaoluoxuan/0_00003","transform":{"y":-45.5,"x":0.5}},{"path":"xiaoluoxuan/0_00004","type":"image","name":"xiaoluoxuan/0_00004","transform":{"y":-45.5,"x":0.5}},{"path":"xiaoluoxuan/0_00005","type":"image","name":"xiaoluoxuan/0_00005","transform":{"y":-45.5,"x":0.5}},{"path":"xiaoluoxuan/0_00006","type":"image","name":"xiaoluoxuan/0_00006","transform":{"y":-45.5,"x":0.5}},{"path":"xiaoluoxuan/0_00007","type":"image","name":"xiaoluoxuan/0_00007","transform":{"y":-45.5,"x":0.5}}],"blendMode":"add","name":"xiaoluoxuan/0_00000"},{"display":[{"path":"guanghuan_eff/guanghuan","type":"image","name":"guanghuan_eff/guanghuan","transform":{}}],"blendMode":"add","name":"guanghuan_eff/guanghuan"},{"display":[{"path":"cheng_fangshe_03_eff/fangshe_eff","type":"image","name":"cheng_fangshe_03_eff/fangshe_eff","transform":{"y":0.99,"skX":0.38,"skY":0.38,"x":198.22}},{"path":"cheng_fangshe_03_eff/fangshe_eff2","type":"image","name":"cheng_fangshe_03_eff/fangshe_eff2","transform":{"y":2.625,"skX":0.77,"skY":0.77,"x":197.97}}],"blendMode":"add","name":"cheng_fangshe_03_eff/fangshe_eff3"},{"display":[{"path":"baozha/00001","type":"image","name":"baozha/00001","transform":{"y":20.775,"skX":91.9,"skY":91.9,"x":68.345}},{"path":"baozha/00002","type":"image","name":"baozha/00002","transform":{"y":20.775,"skX":91.9,"skY":91.9,"x":68.345}},{"path":"baozha/00003","type":"image","name":"baozha/00003","transform":{"y":20.775,"skX":91.9,"skY":91.9,"x":68.345}},{"path":"baozha/00004","type":"image","name":"baozha/00004","transform":{"y":20.775,"skX":91.9,"skY":91.9,"x":68.345}},{"path":"baozha/00005","type":"image","name":"baozha/00005","transform":{"y":20.775,"skX":91.9,"skY":91.9,"x":68.345}}],"blendMode":"add","name":"baozha/00001"},{"display":[{"path":"cheng_fangshe_03_eff/fangshe_eff","type":"image","name":"cheng_fangshe_03_eff/fangshe_eff","transform":{"y":0.99,"skX":0.38,"skY":0.38,"x":198.22}},{"path":"cheng_fangshe_03_eff/fangshe_eff2","type":"image","name":"cheng_fangshe_03_eff/fangshe_eff2","transform":{"y":3.435,"skX":1,"skY":1,"x":196.92}}],"blendMode":"add","name":"cheng_fangshe_03_eff/fangshe_eff2"},{"display":[{"path":"nengliang/00001","type":"image","name":"nengliang/00001","transform":{"y":-0.495,"x":-2.495}},{"path":"nengliang/00002","type":"image","name":"nengliang/00002","transform":{"y":-0.495,"x":-2.495}},{"path":"nengliang/00003","type":"image","name":"nengliang/00003","transform":{"y":-0.495,"x":-2.495}},{"path":"nengliang/00004","type":"image","name":"nengliang/00004","transform":{"y":-0.495,"x":-2.495}}],"name":"nengliang/1"},{"display":[{"path":"cheng_fangshe_03_eff/fangshe_eff","type":"image","name":"cheng_fangshe_03_eff/fangshe_eff","transform":{"y":1.33,"skX":0.38,"skY":0.38,"x":197.995}},{"path":"cheng_fangshe_03_eff/fangshe_eff2","type":"image","name":"cheng_fangshe_03_eff/fangshe_eff2","transform":{"y":1.325,"skX":0.38,"skY":0.38,"x":197.995}}],"name":"cheng_fangshe_03_eff/fangshe_eff"},{"display":[{"path":"daluoxuan/0_00000","type":"image","name":"daluoxuan/0_00000","transform":{"y":-0.985,"skX":-90.62,"skY":-90.62,"x":-1.01}},{"path":"daluoxuan/0_00001","type":"image","name":"daluoxuan/0_00001","transform":{"y":-0.985,"skX":-90.62,"skY":-90.62,"x":-1.01}},{"path":"daluoxuan/0_00002","type":"image","name":"daluoxuan/0_00002","transform":{"y":-0.985,"skX":-90.62,"skY":-90.62,"x":-1.01}},{"path":"daluoxuan/0_00003","type":"image","name":"daluoxuan/0_00003","transform":{"y":-0.985,"skX":-90.62,"skY":-90.62,"x":-1.01}},{"path":"daluoxuan/0_00004","type":"image","name":"daluoxuan/0_00004","transform":{"y":-0.985,"skX":-90.62,"skY":-90.62,"x":-1.01}},{"path":"daluoxuan/0_00005","type":"image","name":"daluoxuan/0_00005","transform":{"y":-0.985,"skX":-90.62,"skY":-90.62,"x":-1.01}},{"path":"daluoxuan/0_00006","type":"image","name":"daluoxuan/0_00006","transform":{"y":-0.985,"skX":-90.62,"skY":-90.62,"x":-1.01}},{"path":"daluoxuan/0_00007","type":"image","name":"daluoxuan/0_00007","transform":{"y":-0.985,"skX":-90.62,"skY":-90.62,"x":-1.01}}],"blendMode":"add","name":"daluoxuan/0_00000"},{"display":[{"path":"guanghuan_eff/guangquan","type":"image","name":"guanghuan_eff/guangquan","transform":{}}],"blendMode":"add","name":"guanghuan_eff/guangquan"},{"display":[{"path":"cheng_fangshe_03_eff/fangshe_eff3","type":"image","name":"cheng_fangshe_03_eff/fangshe_eff3","transform":{"y":0.91,"skX":0.39,"skY":0.39,"x":196.755}}],"name":"cheng_fangshe_03_eff/fangshe_eff6"},{"display":[{"path":"guangjian_eff/0_00000","type":"image","name":"guangjian_eff/0_00000","transform":{"y":23.83,"skX":2.2,"skY":2.2,"x":4.355}},{"path":"guangjian_eff/0_00001","type":"image","name":"guangjian_eff/0_00001","transform":{"y":23.83,"skX":2.2,"skY":2.2,"x":4.355}},{"path":"guangjian_eff/0_00002","type":"image","name":"guangjian_eff/0_00002","transform":{"y":23.83,"skX":2.2,"skY":2.2,"x":4.355}},{"path":"guangjian_eff/0_00003","type":"image","name":"guangjian_eff/0_00003","transform":{"y":23.83,"skX":2.2,"skY":2.2,"x":4.355}},{"path":"guangjian_eff/0_00004","type":"image","name":"guangjian_eff/0_00004","transform":{"y":23.83,"skX":2.2,"skY":2.2,"x":4.355}},{"path":"guangjian_eff/0_00005","type":"image","name":"guangjian_eff/0_00005","transform":{"y":23.83,"skX":2.2,"skY":2.2,"x":4.355}}],"blendMode":"add","name":"guangjian_eff/0_00000"},{"display":[{"path":"cheng_fangshe_03_eff/fangshe_eff3","type":"image","name":"cheng_fangshe_03_eff/fangshe_eff3","transform":{"y":1.885,"skX":0.6,"skY":0.6,"x":196.77}}],"name":"cheng_fangshe_03_eff/fangshe_eff5"},{"display":[{"path":"nengliang/00001","type":"image","name":"nengliang/00001","transform":{"y":-0.495,"x":-2.495}},{"path":"nengliang/00002","type":"image","name":"nengliang/00002","transform":{"y":-0.495,"x":-2.495}},{"path":"nengliang/00003","type":"image","name":"nengliang/00003","transform":{"y":-0.495,"x":-2.495}},{"path":"nengliang/00004","type":"image","name":"nengliang/00004","transform":{"y":-0.495,"x":-2.495}}],"name":"nengliang/2"}],"name":""}],"slot":[{"blendMode":"add","parent":"xiaoluoxuan/0_00000","displayIndex":-1,"name":"xiaoluoxuan/0_00000","color":{}},{"blendMode":"add","z":1,"parent":"daluoxuan","displayIndex":-1,"name":"daluoxuan/0_00000","color":{}},{"displayIndex":-1,"z":2,"name":"nengliang/00001","parent":"nengliang/00001","color":{}},{"displayIndex":-1,"z":3,"name":"nengliang/1","parent":"nengliang/1","color":{}},{"displayIndex":-1,"z":4,"name":"nengliang/2","parent":"nengliang/2","color":{}},{"blendMode":"add","z":5,"parent":"baozha/00001","displayIndex":-1,"name":"baozha/00001","color":{}},{"blendMode":"add","z":6,"parent":"guangjian_eff/0_00000","displayIndex":-1,"name":"guangjian_eff/0_00000","color":{"rM":99}},{"blendMode":"add","z":7,"parent":"guanghuan_eff/guanghuan","displayIndex":-1,"name":"guanghuan_eff/guanghuan","color":{}},{"blendMode":"add","z":8,"parent":"guanghuan_eff/guangquan","displayIndex":-1,"name":"guanghuan_eff/guangquan","color":{}},{"blendMode":"add","z":9,"parent":"cheng_fangshe_04_eff/cheng_fangshe_04_eff_02","displayIndex":-1,"name":"cheng_fangshe_04_eff/cheng_fangshe_04_eff_02","color":{}},{"displayIndex":-1,"z":10,"name":"cheng_fangshe_03_eff/fangshe_eff","parent":"cheng_fangshe_03_eff/fangshe_eff","color":{}},{"displayIndex":-1,"z":11,"name":"cheng_fangshe_03_eff/fangshe_eff4","parent":"cheng_fangshe_03_eff/fangshe_eff","color":{}},{"blendMode":"add","z":12,"parent":"cheng_fangshe_03_eff/fangshe_eff2","displayIndex":-1,"name":"cheng_fangshe_03_eff/fangshe_eff2","color":{}},{"displayIndex":-1,"z":13,"name":"cheng_fangshe_03_eff/fangshe_eff5","parent":"cheng_fangshe_03_eff/fangshe_eff2","color":{}},{"blendMode":"add","z":14,"parent":"cheng_fangshe_03_eff/fangshe_eff3","displayIndex":-1,"name":"cheng_fangshe_03_eff/fangshe_eff3","color":{}},{"displayIndex":-1,"z":15,"name":"cheng_fangshe_03_eff/fangshe_eff6","parent":"cheng_fangshe_03_eff/fangshe_eff3","color":{}}],"name":"armatureName"}],"name":"wj_053_wanghou_eff","version":"4.0"}