{"frameRate":60,"isGlobal":0,"armature":[{"bone":[{"inheritScale":false,"name":"000_texiao_fuji","transform":{}},{"inheritScale":false,"transform":{},"name":"010_diyiju_diban","parent":"000_texiao_fuji"},{"inheritScale":false,"transform":{},"name":"013_zhandou_jieguo_diban","parent":"000_texiao_fuji"},{"inheritScale":false,"transform":{},"name":"014_zhandou_jieguo_wenzi","parent":"013_zhandou_jieguo_diban"},{"inheritScale":false,"transform":{},"name":"011_diyiju_wenzi","parent":"010_diyiju_diban"},{"inheritScale":false,"transform":{},"name":"012_diyiju_wenzi_shuzi","parent":"011_diyiju_wenzi"}],"type":"Armature","frameRate":60,"animation":[{"bone":[{"frame":[{"tweenEasing":0,"transform":{},"duration":6},{"tweenEasing":0,"transform":{},"duration":10},{"tweenEasing":0,"transform":{},"duration":34},{"tweenEasing":0,"transform":{},"duration":10},{"transform":{},"duration":0}],"name":"012_diyiju_wenzi_shuzi"},{"frame":[{"tweenEasing":0,"transform":{"x":500},"duration":6},{"tweenEasing":0,"transform":{"x":-10},"duration":10},{"tweenEasing":0,"transform":{},"duration":34},{"tweenEasing":0,"transform":{},"duration":10},{"transform":{"x":-500},"duration":0}],"name":"010_diyiju_diban"},{"frame":[{"transform":{},"duration":60}],"name":"000_texiao_fuji"},{"frame":[{"transform":{},"duration":60}],"name":"013_zhandou_jieguo_diban"},{"frame":[{"transform":{},"duration":60}],"name":"014_zhandou_jieguo_wenzi"},{"frame":[{"transform":{},"duration":60}],"name":"011_diyiju_wenzi"}],"slot":[{"frame":[{"tweenEasing":0,"color":{"aM":0},"duration":6},{"tweenEasing":0,"duration":10},{"tweenEasing":0,"duration":34},{"tweenEasing":0,"duration":10},{"tweenEasing":null,"color":{"aM":0},"duration":0}],"name":"012_diyiju_wenzi_shuzi"},{"frame":[{"displayIndex":-1,"tweenEasing":0,"color":{"aM":0},"duration":6},{"displayIndex":-1,"tweenEasing":0,"duration":10},{"displayIndex":-1,"tweenEasing":0,"duration":34},{"displayIndex":-1,"tweenEasing":0,"duration":10},{"displayIndex":-1,"tweenEasing":null,"color":{"aM":0},"duration":0}],"name":"010_diyiju_diban"},{"frame":[{"displayIndex":-1,"tweenEasing":null,"duration":60}],"name":"000_texiao_fuji"},{"frame":[{"displayIndex":-1,"tweenEasing":null,"duration":60}],"name":"011_diyiju_wenzi"},{"frame":[{"displayIndex":-1,"tweenEasing":null,"duration":60}],"name":"013_zhandou_jieguo_diban"},{"frame":[{"displayIndex":-1,"tweenEasing":null,"duration":60}],"name":"014_zhandou_jieguo_wenzi"}],"ffd":[],"ik":[],"frame":[],"name":"000_diyiju","duration":60},{"bone":[{"frame":[{"tweenEasing":0,"transform":{},"duration":6},{"tweenEasing":0,"transform":{},"duration":10},{"tweenEasing":0,"transform":{},"duration":34},{"tweenEasing":0,"transform":{},"duration":10},{"transform":{},"duration":0}],"name":"012_diyiju_wenzi_shuzi"},{"frame":[{"tweenEasing":0,"transform":{"x":500},"duration":6},{"tweenEasing":0,"transform":{"x":-10},"duration":10},{"tweenEasing":0,"transform":{},"duration":34},{"tweenEasing":0,"transform":{},"duration":10},{"transform":{"x":-500},"duration":0}],"name":"010_diyiju_diban"},{"frame":[{"transform":{},"duration":60}],"name":"000_texiao_fuji"},{"frame":[{"transform":{},"duration":60}],"name":"013_zhandou_jieguo_diban"},{"frame":[{"transform":{},"duration":60}],"name":"014_zhandou_jieguo_wenzi"},{"frame":[{"transform":{},"duration":60}],"name":"011_diyiju_wenzi"}],"slot":[{"frame":[{"displayIndex":1,"tweenEasing":0,"color":{"aM":0},"duration":6},{"displayIndex":1,"tweenEasing":0,"duration":10},{"displayIndex":1,"tweenEasing":0,"duration":34},{"displayIndex":1,"tweenEasing":0,"duration":10},{"displayIndex":2,"tweenEasing":null,"color":{"aM":0},"duration":0}],"name":"012_diyiju_wenzi_shuzi"},{"frame":[{"displayIndex":-1,"tweenEasing":0,"color":{"aM":0},"duration":6},{"displayIndex":-1,"tweenEasing":0,"duration":10},{"displayIndex":-1,"tweenEasing":0,"duration":34},{"displayIndex":-1,"tweenEasing":0,"duration":10},{"displayIndex":-1,"tweenEasing":null,"color":{"aM":0},"duration":0}],"name":"010_diyiju_diban"},{"frame":[{"displayIndex":-1,"tweenEasing":null,"duration":60}],"name":"000_texiao_fuji"},{"frame":[{"displayIndex":-1,"tweenEasing":null,"duration":60}],"name":"011_diyiju_wenzi"},{"frame":[{"displayIndex":-1,"tweenEasing":null,"duration":60}],"name":"013_zhandou_jieguo_diban"},{"frame":[{"displayIndex":-1,"tweenEasing":null,"duration":60}],"name":"014_zhandou_jieguo_wenzi"}],"ffd":[],"ik":[],"frame":[],"name":"001_dierju","duration":60},{"bone":[{"frame":[{"tweenEasing":0,"transform":{},"duration":6},{"tweenEasing":0,"transform":{},"duration":10},{"tweenEasing":0,"transform":{},"duration":34},{"tweenEasing":0,"transform":{},"duration":10},{"transform":{},"duration":0}],"name":"012_diyiju_wenzi_shuzi"},{"frame":[{"tweenEasing":0,"transform":{"x":500},"duration":6},{"tweenEasing":0,"transform":{"x":-10},"duration":10},{"tweenEasing":0,"transform":{},"duration":34},{"tweenEasing":0,"transform":{},"duration":10},{"transform":{"x":-500},"duration":0}],"name":"010_diyiju_diban"},{"frame":[{"transform":{},"duration":60}],"name":"000_texiao_fuji"},{"frame":[{"transform":{},"duration":60}],"name":"013_zhandou_jieguo_diban"},{"frame":[{"transform":{},"duration":60}],"name":"014_zhandou_jieguo_wenzi"},{"frame":[{"transform":{},"duration":60}],"name":"011_diyiju_wenzi"}],"slot":[{"frame":[{"displayIndex":2,"tweenEasing":0,"color":{"aM":0},"duration":6},{"displayIndex":2,"tweenEasing":0,"duration":10},{"displayIndex":2,"tweenEasing":0,"duration":34},{"displayIndex":2,"tweenEasing":0,"duration":10},{"displayIndex":2,"tweenEasing":null,"color":{"aM":0},"duration":0}],"name":"012_diyiju_wenzi_shuzi"},{"frame":[{"displayIndex":-1,"tweenEasing":0,"color":{"aM":0},"duration":6},{"displayIndex":-1,"tweenEasing":0,"duration":10},{"displayIndex":-1,"tweenEasing":0,"duration":34},{"displayIndex":-1,"tweenEasing":0,"duration":10},{"displayIndex":-1,"tweenEasing":null,"color":{"aM":0},"duration":0}],"name":"010_diyiju_diban"},{"frame":[{"displayIndex":-1,"tweenEasing":null,"duration":60}],"name":"000_texiao_fuji"},{"frame":[{"displayIndex":-1,"tweenEasing":null,"duration":60}],"name":"011_diyiju_wenzi"},{"frame":[{"displayIndex":-1,"tweenEasing":null,"duration":60}],"name":"013_zhandou_jieguo_diban"},{"frame":[{"displayIndex":-1,"tweenEasing":null,"duration":60}],"name":"014_zhandou_jieguo_wenzi"}],"ffd":[],"ik":[],"frame":[],"name":"002_disanju","duration":60},{"bone":[{"frame":[{"tweenEasing":0,"transform":{},"duration":6},{"tweenEasing":0,"transform":{},"duration":14},{"tweenEasing":0,"transform":{},"duration":30},{"tweenEasing":0,"transform":{},"duration":10},{"transform":{},"duration":0}],"name":"014_zhandou_jieguo_wenzi"},{"frame":[{"tweenEasing":0,"transform":{"scY":0.5,"scX":0.5},"duration":6},{"tweenEasing":0,"transform":{"scY":1.2,"scX":1.2},"duration":14},{"tweenEasing":0,"transform":{},"duration":30},{"tweenEasing":0,"transform":{},"duration":10},{"transform":{"y":-100},"duration":0}],"name":"013_zhandou_jieguo_diban"},{"frame":[{"transform":{},"duration":60}],"name":"000_texiao_fuji"},{"frame":[{"transform":{},"duration":60}],"name":"010_diyiju_diban"},{"frame":[{"transform":{},"duration":60}],"name":"011_diyiju_wenzi"},{"frame":[{"transform":{},"duration":60}],"name":"012_diyiju_wenzi_shuzi"}],"slot":[{"frame":[{"tweenEasing":0,"color":{"aM":0},"duration":6},{"tweenEasing":0,"duration":14},{"tweenEasing":0,"duration":30},{"tweenEasing":0,"duration":10},{"tweenEasing":null,"color":{"aM":0},"duration":0}],"name":"014_zhandou_jieguo_wenzi"},{"frame":[{"tweenEasing":0,"color":{"aM":0},"duration":6},{"tweenEasing":0,"duration":14},{"tweenEasing":0,"duration":30},{"tweenEasing":0,"duration":10},{"tweenEasing":null,"color":{"aM":0},"duration":0}],"name":"013_zhandou_jieguo_diban"},{"frame":[{"displayIndex":-1,"tweenEasing":null,"duration":60}],"name":"000_texiao_fuji"},{"frame":[{"displayIndex":-1,"tweenEasing":null,"duration":60}],"name":"010_diyiju_diban"},{"frame":[{"displayIndex":-1,"tweenEasing":null,"duration":60}],"name":"011_diyiju_wenzi"},{"frame":[{"displayIndex":-1,"tweenEasing":null,"duration":60}],"name":"012_diyiju_wenzi_shuzi"}],"ffd":[],"ik":[],"frame":[],"name":"003_zhandou_jieguo_chenggong","duration":60},{"bone":[{"frame":[{"tweenEasing":0,"transform":{},"duration":6},{"tweenEasing":0,"transform":{},"duration":14},{"tweenEasing":0,"transform":{},"duration":30},{"tweenEasing":0,"transform":{},"duration":10},{"transform":{},"duration":0}],"name":"014_zhandou_jieguo_wenzi"},{"frame":[{"tweenEasing":0,"transform":{"scY":0.5,"scX":0.5},"duration":6},{"tweenEasing":0,"transform":{"scY":1.2,"scX":1.2},"duration":14},{"tweenEasing":0,"transform":{},"duration":30},{"tweenEasing":0,"transform":{},"duration":10},{"transform":{"y":-100},"duration":0}],"name":"013_zhandou_jieguo_diban"},{"frame":[{"transform":{},"duration":60}],"name":"000_texiao_fuji"},{"frame":[{"transform":{},"duration":60}],"name":"010_diyiju_diban"},{"frame":[{"transform":{},"duration":60}],"name":"011_diyiju_wenzi"},{"frame":[{"transform":{},"duration":60}],"name":"012_diyiju_wenzi_shuzi"}],"slot":[{"frame":[{"displayIndex":1,"tweenEasing":0,"color":{"aM":0},"duration":6},{"displayIndex":1,"tweenEasing":0,"duration":14},{"displayIndex":1,"tweenEasing":0,"duration":30},{"displayIndex":1,"tweenEasing":0,"duration":10},{"displayIndex":1,"tweenEasing":null,"color":{"aM":0},"duration":0}],"name":"014_zhandou_jieguo_wenzi"},{"frame":[{"tweenEasing":0,"color":{"aM":0},"duration":6},{"tweenEasing":0,"duration":14},{"tweenEasing":0,"duration":30},{"tweenEasing":0,"duration":10},{"tweenEasing":null,"color":{"aM":0},"duration":0}],"name":"013_zhandou_jieguo_diban"},{"frame":[{"displayIndex":-1,"tweenEasing":null,"duration":60}],"name":"000_texiao_fuji"},{"frame":[{"displayIndex":-1,"tweenEasing":null,"duration":60}],"name":"010_diyiju_diban"},{"frame":[{"displayIndex":-1,"tweenEasing":null,"duration":60}],"name":"011_diyiju_wenzi"},{"frame":[{"displayIndex":-1,"tweenEasing":null,"duration":60}],"name":"012_diyiju_wenzi_shuzi"}],"ffd":[],"ik":[],"frame":[],"name":"004_zhandou_jieguo_shibai","duration":60}],"defaultActions":[{"gotoAndPlay":"000_diyiju"}],"aabb":{"width":519,"y":-99,"height":198,"x":-259.5},"ik":[],"name":"armatureName","skin":[{"slot":[{"display":[{"path":"liansai_eff/44","type":"image","name":"liansai_eff/44","transform":{}}],"name":"010_diyiju_diban"},{"display":[{"path":"liansai_eff/46","type":"image","name":"liansai_eff/46","transform":{}}],"name":"013_zhandou_jieguo_diban"},{"display":[{"path":"liansai_eff/47","type":"image","name":"liansai_eff/47","transform":{}},{"path":"liansai_eff/45","type":"image","name":"liansai_eff/45","transform":{}}],"name":"014_zhandou_jieguo_wenzi"},{"display":[{"path":"liansai_eff/55","type":"image","name":"liansai_eff/55","transform":{}},{"path":"liansai_eff/56","type":"image","name":"liansai_eff/56","transform":{}},{"path":"liansai_eff/57","type":"image","name":"liansai_eff/57","transform":{}}],"name":"012_diyiju_wenzi_shuzi"}],"name":""}],"slot":[{"displayIndex":-1,"name":"000_texiao_fuji","parent":"000_texiao_fuji","color":{}},{"z":1,"name":"010_diyiju_diban","parent":"010_diyiju_diban","color":{}},{"z":2,"displayIndex":-1,"name":"011_diyiju_wenzi","parent":"011_diyiju_wenzi","color":{}},{"z":3,"name":"012_diyiju_wenzi_shuzi","parent":"012_diyiju_wenzi_shuzi","color":{}},{"z":4,"name":"013_zhandou_jieguo_diban","parent":"013_zhandou_jieguo_diban","color":{}},{"z":5,"name":"014_zhandou_jieguo_wenzi","parent":"014_zhandou_jieguo_wenzi","color":{}}]}],"name":"ui_gedou_03","version":"4.0"}