{"frameRate":30,"isGlobal":0,"armature":[{"skin":[{"name":"","slot":[{"display":[{"path":"ys_renqun_canying_eff_pz","type":"image","name":"ys_renqun_canying_eff_pz","transform":{"scX":18.798,"y":-120.56,"scY":28.482,"x":43.99}}],"name":"ys_renqun_canying_eff_pz"},{"display":[{"path":"ys_renqun_canying_eff_01","type":"image","name":"ys_renqun_canying_eff_01","transform":{"skX":89.28,"skY":89.28,"y":-1.51,"x":121.49}},{"path":"ys_renqun_canying_eff_02","type":"image","name":"ys_renqun_canying_eff_02","transform":{"skX":89.28,"skY":89.28,"y":-1.51,"x":121.49}},{"path":"ys_renqun_canying_eff_03","type":"image","name":"ys_renqun_canying_eff_03","transform":{"skX":89.28,"skY":89.28,"y":-1.51,"x":121.49}},{"path":"ys_renqun_canying_eff_04","type":"image","name":"ys_renqun_canying_eff_04","transform":{"skX":89.28,"skY":89.28,"y":-1.51,"x":121.49}},{"path":"ys_renqun_canying_eff_05","type":"image","name":"ys_renqun_canying_eff_05","transform":{"skX":89.28,"skY":89.28,"y":-1.51,"x":121.49}},{"path":"ys_renqun_canying_eff_06","type":"image","name":"ys_renqun_canying_eff_06","transform":{"skX":89.28,"skY":89.28,"y":-1.51,"x":121.49}},{"path":"ys_renqun_canying_eff_07","type":"image","name":"ys_renqun_canying_eff_07","transform":{"skX":89.28,"skY":89.28,"y":-1.51,"x":121.49}},{"path":"ys_renqun_canying_eff_08","type":"image","name":"ys_renqun_canying_eff_08","transform":{"skX":89.28,"skY":89.28,"y":-1.51,"x":121.49}}],"name":"ys_renqun_canying_eff_4"},{"display":[{"path":"ys_renqun_canying_eff_01","type":"image","name":"ys_renqun_canying_eff_01","transform":{"skX":89.28,"skY":89.28,"y":-1.51,"x":121.49}},{"path":"ys_renqun_canying_eff_02","type":"image","name":"ys_renqun_canying_eff_02","transform":{"skX":89.28,"skY":89.28,"y":-1.51,"x":121.49}},{"path":"ys_renqun_canying_eff_03","type":"image","name":"ys_renqun_canying_eff_03","transform":{"skX":89.28,"skY":89.28,"y":-1.51,"x":121.49}},{"path":"ys_renqun_canying_eff_04","type":"image","name":"ys_renqun_canying_eff_04","transform":{"skX":89.28,"skY":89.28,"y":-1.51,"x":121.49}},{"path":"ys_renqun_canying_eff_05","type":"image","name":"ys_renqun_canying_eff_05","transform":{"skX":89.28,"skY":89.28,"y":-1.51,"x":121.49}},{"path":"ys_renqun_canying_eff_06","type":"image","name":"ys_renqun_canying_eff_06","transform":{"skX":89.28,"skY":89.28,"y":-1.51,"x":121.49}},{"path":"ys_renqun_canying_eff_07","type":"image","name":"ys_renqun_canying_eff_07","transform":{"skX":89.28,"skY":89.28,"y":-1.51,"x":121.49}},{"path":"ys_renqun_canying_eff_08","type":"image","name":"ys_renqun_canying_eff_08","transform":{"skX":89.28,"skY":89.28,"y":-1.51,"x":121.49}}],"name":"ys_renqun_canying_eff_3"},{"display":[{"path":"ys_renqun_canying_eff_01","type":"image","name":"ys_renqun_canying_eff_01","transform":{"skX":89.28,"skY":89.28,"y":-1.51,"x":121.49}},{"path":"ys_renqun_canying_eff_02","type":"image","name":"ys_renqun_canying_eff_02","transform":{"skX":89.28,"skY":89.28,"y":-1.51,"x":121.49}},{"path":"ys_renqun_canying_eff_03","type":"image","name":"ys_renqun_canying_eff_03","transform":{"skX":89.28,"skY":89.28,"y":-1.51,"x":121.49}},{"path":"ys_renqun_canying_eff_04","type":"image","name":"ys_renqun_canying_eff_04","transform":{"skX":89.28,"skY":89.28,"y":-1.51,"x":121.49}},{"path":"ys_renqun_canying_eff_05","type":"image","name":"ys_renqun_canying_eff_05","transform":{"skX":89.28,"skY":89.28,"y":-1.51,"x":121.49}},{"path":"ys_renqun_canying_eff_06","type":"image","name":"ys_renqun_canying_eff_06","transform":{"skX":89.28,"skY":89.28,"y":-1.51,"x":121.49}},{"path":"ys_renqun_canying_eff_07","type":"image","name":"ys_renqun_canying_eff_07","transform":{"skX":89.28,"skY":89.28,"y":-1.51,"x":121.49}},{"path":"ys_renqun_canying_eff_08","type":"image","name":"ys_renqun_canying_eff_08","transform":{"skX":89.28,"skY":89.28,"y":-1.51,"x":121.49}}],"name":"ys_renqun_canying_eff_2"},{"display":[{"path":"ys_renqun_canying_eff_01","type":"image","name":"ys_renqun_canying_eff_01","transform":{"skX":89.28,"skY":89.28,"y":-1.51,"x":121.49}},{"path":"ys_renqun_canying_eff_02","type":"image","name":"ys_renqun_canying_eff_02","transform":{"skX":89.28,"skY":89.28,"y":-1.51,"x":121.49}},{"path":"ys_renqun_canying_eff_03","type":"image","name":"ys_renqun_canying_eff_03","transform":{"skX":89.28,"skY":89.28,"y":-1.51,"x":121.49}},{"path":"ys_renqun_canying_eff_04","type":"image","name":"ys_renqun_canying_eff_04","transform":{"skX":89.28,"skY":89.28,"y":-1.51,"x":121.49}},{"path":"ys_renqun_canying_eff_05","type":"image","name":"ys_renqun_canying_eff_05","transform":{"skX":89.28,"skY":89.28,"y":-1.51,"x":121.49}},{"path":"ys_renqun_canying_eff_06","type":"image","name":"ys_renqun_canying_eff_06","transform":{"skX":89.28,"skY":89.28,"y":-1.51,"x":121.49}},{"path":"ys_renqun_canying_eff_07","type":"image","name":"ys_renqun_canying_eff_07","transform":{"skX":89.28,"skY":89.28,"y":-1.51,"x":121.49}},{"path":"ys_renqun_canying_eff_08","type":"image","name":"ys_renqun_canying_eff_08","transform":{"skX":89.28,"skY":89.28,"y":-1.51,"x":121.49}}],"name":"ys_renqun_canying_eff_1"},{"display":[{"path":"ys_renqun_canying_eff_01","type":"image","name":"ys_renqun_canying_eff_01","transform":{"skX":89.28,"skY":89.28,"y":-1.51,"x":121.49}},{"path":"ys_renqun_canying_eff_02","type":"image","name":"ys_renqun_canying_eff_02","transform":{"skX":89.28,"skY":89.28,"y":-1.51,"x":121.49}},{"path":"ys_renqun_canying_eff_03","type":"image","name":"ys_renqun_canying_eff_03","transform":{"skX":89.28,"skY":89.28,"y":-1.51,"x":121.49}},{"path":"ys_renqun_canying_eff_04","type":"image","name":"ys_renqun_canying_eff_04","transform":{"skX":89.28,"skY":89.28,"y":-1.51,"x":121.49}},{"path":"ys_renqun_canying_eff_05","type":"image","name":"ys_renqun_canying_eff_05","transform":{"skX":89.28,"skY":89.28,"y":-1.51,"x":121.49}},{"path":"ys_renqun_canying_eff_06","type":"image","name":"ys_renqun_canying_eff_06","transform":{"skX":89.28,"skY":89.28,"y":-1.51,"x":121.49}},{"path":"ys_renqun_canying_eff_07","type":"image","name":"ys_renqun_canying_eff_07","transform":{"skX":89.28,"skY":89.28,"y":-1.51,"x":121.49}},{"path":"ys_renqun_canying_eff_08","type":"image","name":"ys_renqun_canying_eff_08","transform":{"skX":89.28,"skY":89.28,"y":-1.51,"x":121.49}}],"name":"ys_renqun_canying_eff_01"}]}],"slot":[{"name":"ys_renqun_canying_eff_pz","parent":"ys_renqun_canying_eff_pz","color":{}},{"z":1,"name":"ys_renqun_canying_eff_4","parent":"ys_renqun_canying_eff_4","color":{}},{"z":2,"name":"ys_renqun_canying_eff_3","parent":"ys_renqun_canying_eff_3","color":{}},{"z":3,"name":"ys_renqun_canying_eff_2","parent":"ys_renqun_canying_eff_2","color":{}},{"z":4,"name":"ys_renqun_canying_eff_1","parent":"ys_renqun_canying_eff_1","color":{}},{"z":5,"name":"ys_renqun_canying_eff_01","parent":"ys_renqun_canying_eff_01","color":{}}],"type":"Armature","ik":[],"defaultActions":[{"gotoAndPlay":"0000_juesecanying"}],"animation":[{"ffd":[],"frame":[],"duration":24,"ik":[],"bone":[{"frame":[{"duration":12,"curve":[0.25,0,0.75,1],"transform":{}},{"duration":12,"curve":[0.25,0,0.75,1],"transform":{"y":-9.44}},{"duration":0,"transform":{}}],"name":"root"},{"frame":[{"duration":24,"transform":{}},{"duration":0,"transform":{}}],"name":"ys_renqun_canying_eff_01"},{"frame":[{"duration":24,"transform":{}},{"duration":0,"transform":{}}],"name":"ys_renqun_canying_eff_pz"},{"frame":[{"duration":24,"transform":{}},{"duration":0,"transform":{}}],"name":"ys_renqun_canying_eff_4"},{"frame":[{"duration":24,"transform":{}}],"name":"ys_renqun_canying_eff_1"},{"frame":[{"duration":24,"transform":{}}],"name":"ys_renqun_canying_eff_2"},{"frame":[{"duration":24,"transform":{}}],"name":"ys_renqun_canying_eff_3"}],"slot":[{"frame":[{"tweenEasing":0,"duration":3},{"tweenEasing":0,"displayIndex":1,"duration":3},{"tweenEasing":0,"displayIndex":2,"duration":3},{"tweenEasing":0,"displayIndex":3,"duration":3},{"tweenEasing":0,"displayIndex":4,"duration":3},{"tweenEasing":0,"displayIndex":5,"duration":3},{"tweenEasing":0,"displayIndex":6,"duration":3},{"tweenEasing":0,"displayIndex":7,"duration":3},{"tweenEasing":null,"duration":0}],"name":"ys_renqun_canying_eff_01"},{"frame":[{"tweenEasing":0,"displayIndex":1,"duration":3,"color":{"aM":80}},{"tweenEasing":0,"displayIndex":2,"duration":3},{"tweenEasing":0,"displayIndex":3,"duration":3},{"tweenEasing":0,"displayIndex":4,"duration":3},{"tweenEasing":0,"displayIndex":5,"duration":3},{"tweenEasing":0,"displayIndex":6,"duration":3},{"tweenEasing":0,"displayIndex":7,"duration":3},{"tweenEasing":0,"duration":3},{"tweenEasing":null,"displayIndex":1,"duration":0,"color":{"aM":80}}],"name":"ys_renqun_canying_eff_1"},{"frame":[{"tweenEasing":0,"displayIndex":2,"duration":3,"color":{"aM":56}},{"tweenEasing":0,"displayIndex":3,"duration":3},{"tweenEasing":0,"displayIndex":4,"duration":3},{"tweenEasing":0,"displayIndex":5,"duration":3},{"tweenEasing":0,"displayIndex":6,"duration":3},{"tweenEasing":0,"displayIndex":7,"duration":3},{"tweenEasing":0,"duration":3},{"tweenEasing":0,"displayIndex":1,"duration":3},{"tweenEasing":null,"displayIndex":2,"duration":0,"color":{"aM":56}}],"name":"ys_renqun_canying_eff_2"},{"frame":[{"tweenEasing":0,"displayIndex":3,"duration":3,"color":{"aM":38}},{"tweenEasing":0,"displayIndex":4,"duration":3},{"tweenEasing":0,"displayIndex":5,"duration":3},{"tweenEasing":0,"displayIndex":6,"duration":3},{"tweenEasing":0,"displayIndex":7,"duration":3},{"tweenEasing":0,"duration":3},{"tweenEasing":0,"displayIndex":1,"duration":3},{"tweenEasing":0,"displayIndex":2,"duration":3},{"tweenEasing":null,"displayIndex":3,"duration":0,"color":{"aM":38}}],"name":"ys_renqun_canying_eff_3"},{"frame":[{"tweenEasing":0,"displayIndex":4,"duration":3,"color":{"aM":22}},{"tweenEasing":0,"displayIndex":5,"duration":3},{"tweenEasing":0,"displayIndex":6,"duration":3},{"tweenEasing":0,"displayIndex":7,"duration":3},{"tweenEasing":0,"duration":3},{"tweenEasing":0,"displayIndex":1,"duration":3},{"tweenEasing":0,"displayIndex":2,"duration":3},{"tweenEasing":0,"displayIndex":3,"duration":3},{"tweenEasing":null,"displayIndex":4,"duration":0,"color":{"aM":22}}],"name":"ys_renqun_canying_eff_4"}],"name":"0000_juesecanying"}],"bone":[{"name":"root","transform":{}},{"length":238,"transform":{"skX":-89.27,"skY":-89.27,"y":-20.55,"x":1.77},"parent":"root","name":"ys_renqun_canying_eff_01"},{"length":238,"transform":{"skX":-89.27,"skY":-89.27,"y":-21.03,"x":-37.3},"parent":"root","name":"ys_renqun_canying_eff_1"},{"length":238,"transform":{"skX":-89.27,"skY":-89.27,"y":-21.72,"x":-92.28},"parent":"root","name":"ys_renqun_canying_eff_2"},{"length":238,"transform":{"skX":-89.27,"skY":-89.27,"y":-22.39,"x":-145.84},"parent":"root","name":"ys_renqun_canying_eff_3"},{"length":238,"transform":{"skX":-89.27,"skY":-89.27,"y":-23.4,"x":-226.77},"parent":"root","name":"ys_renqun_canying_eff_4"},{"transform":{"scX":1.474,"y":-22.93,"x":-141.93},"name":"ys_renqun_canying_eff_pz","parent":"root"}],"aabb":{"width":441.53999999999996,"y":-296.39937760353916,"height":305.84999999999997,"x":-333.23202694906547},"name":"armatureName","frameRate":30}],"name":"ys_renqun_canying_eff","version":"4.0"}