{"frameRate":30,"isGlobal":0,"armature":[{"defaultActions":[{"gotoAndPlay":"000_baozha"}],"animation":[{"frame":[],"duration":45,"slot":[{"frame":[{"tweenEasing":null,"displayIndex":-1,"duration":45}],"name":"baozha_eff/guaiwubaozha10"},{"frame":[{"tweenEasing":null,"displayIndex":-1,"duration":45}],"name":"baozha_eff/guaiwubaozha11"},{"frame":[{"tweenEasing":null,"displayIndex":-1,"duration":45}],"name":"baozha_eff/guaiwubaozha12"},{"frame":[{"tweenEasing":null,"displayIndex":-1,"duration":45}],"name":"baozha_eff/guaiwubaozha13"},{"frame":[{"tweenEasing":null,"displayIndex":-1,"duration":45}],"name":"baozha_eff/guaiwubaozha14"},{"frame":[{"tweenEasing":null,"displayIndex":-1,"duration":45}],"name":"baozha_eff/guaiwubaozha15"},{"frame":[{"tweenEasing":null,"displayIndex":-1,"duration":45}],"name":"baozha_eff/guaiwubaozha16"},{"frame":[{"tweenEasing":null,"displayIndex":-1,"duration":45}],"name":"baozha_eff/guaiwubaozha17"},{"frame":[{"tweenEasing":null,"displayIndex":-1,"duration":45}],"name":"baozha_eff/guaiwubaozha18"},{"frame":[{"tweenEasing":null,"displayIndex":-1,"duration":45}],"name":"baozha_eff/guaiwubaozha19"},{"frame":[{"tweenEasing":null,"displayIndex":-1,"duration":45}],"name":"baozha_eff/guaiwubaozha20"},{"frame":[{"tweenEasing":null,"displayIndex":-1,"duration":45}],"name":"baozha_eff/guaiwubaozha21"},{"frame":[{"tweenEasing":null,"displayIndex":-1,"duration":45}],"name":"baozha_eff/guaiwubaozha22"},{"frame":[{"tweenEasing":null,"displayIndex":-1,"duration":45}],"name":"baozha_eff/guaiwubaozha23"},{"frame":[{"tweenEasing":null,"displayIndex":-1,"duration":45}],"name":"baozha_eff/guaiwubaozha24"},{"frame":[{"tweenEasing":null,"displayIndex":-1,"duration":45}],"name":"baozha_eff/guaiwubaozha25"},{"frame":[{"tweenEasing":null,"displayIndex":-1,"duration":45}],"name":"baozha_eff/guaiwubaozha26"},{"frame":[{"tweenEasing":0,"duration":15,"color":{"aM":0}},{"tweenEasing":0,"duration":2},{"tweenEasing":0,"duration":2,"color":{"aM":0}},{"tweenEasing":0,"duration":2},{"tweenEasing":0,"duration":2,"color":{"aM":0}},{"tweenEasing":0,"duration":2},{"tweenEasing":0,"duration":2,"color":{"aM":0}},{"tweenEasing":0,"duration":2},{"tweenEasing":0,"duration":1,"color":{"aM":0}},{"tweenEasing":0,"duration":5},{"tweenEasing":null,"duration":10,"color":{"aM":0}}],"name":"dingdianbaopo@2x"},{"frame":[{"tweenEasing":0,"duration":15,"color":{"aM":0}},{"tweenEasing":0,"duration":2,"color":{"aM":15}},{"tweenEasing":0,"duration":2,"color":{"aM":0}},{"tweenEasing":0,"duration":2,"color":{"aM":15}},{"tweenEasing":0,"duration":2,"color":{"aM":0}},{"tweenEasing":0,"duration":2,"color":{"aM":15}},{"tweenEasing":0,"duration":2,"color":{"aM":0}},{"tweenEasing":0,"duration":2,"color":{"aM":15}},{"tweenEasing":0,"duration":1,"color":{"aM":0}},{"tweenEasing":0,"duration":5},{"tweenEasing":null,"duration":10,"color":{"aM":0}}],"name":"dingdianbaopo@2x2"},{"frame":[{"tweenEasing":0,"duration":15,"color":{"aM":0}},{"tweenEasing":null,"duration":20},{"tweenEasing":0,"duration":10},{"tweenEasing":null,"duration":0,"color":{"aM":0}}],"name":"dingdianbaopo@2x3"},{"frame":[{"tweenEasing":0,"duration":15,"color":{"aM":0}},{"tweenEasing":0,"duration":20},{"tweenEasing":0,"duration":10},{"tweenEasing":null,"duration":0,"color":{"aM":0}}],"name":"dingdianbaopo@2x4"},{"frame":[{"tweenEasing":0,"displayIndex":-1,"duration":30},{"tweenEasing":null,"displayIndex":-1,"duration":15,"color":{"aM":0}}],"name":"fangshe_eff"},{"frame":[{"tweenEasing":0,"displayIndex":-1,"duration":30},{"tweenEasing":null,"displayIndex":-1,"duration":15,"color":{"aM":0}}],"name":"fangshe_eff6"},{"frame":[{"tweenEasing":0,"displayIndex":-1,"duration":30},{"tweenEasing":null,"duration":15,"color":{"aM":0}}],"name":"fangshe_eff9"},{"frame":[{"tweenEasing":0,"duration":3,"color":{"aM":0}},{"tweenEasing":0,"displayIndex":1,"duration":3},{"tweenEasing":0,"displayIndex":2,"duration":3},{"tweenEasing":0,"displayIndex":3,"duration":3},{"tweenEasing":0,"displayIndex":4,"duration":3},{"tweenEasing":0,"displayIndex":5,"duration":3},{"tweenEasing":0,"displayIndex":6,"duration":3},{"tweenEasing":0,"displayIndex":7,"duration":3},{"tweenEasing":0,"displayIndex":8,"duration":3},{"tweenEasing":0,"duration":3},{"tweenEasing":0,"displayIndex":1,"duration":2},{"tweenEasing":0,"displayIndex":2,"duration":2,"color":{"aM":52}},{"tweenEasing":0,"displayIndex":3,"duration":2},{"tweenEasing":0,"displayIndex":4,"duration":2,"color":{"aM":52}},{"tweenEasing":0,"displayIndex":5,"duration":2},{"tweenEasing":0,"displayIndex":6,"duration":2},{"tweenEasing":0,"displayIndex":7,"duration":2},{"tweenEasing":0,"displayIndex":8,"duration":1},{"tweenEasing":null,"duration":0,"color":{"aM":0}}],"name":"huoyanshijie2-eff/0_00000"},{"frame":[{"curve":[0,0.93,0.75,1],"duration":20,"color":{"aM":0}},{"tweenEasing":0,"duration":10},{"tweenEasing":null,"duration":15,"color":{"aM":0}}],"name":"monster_catch001@2x"},{"frame":[{"curve":[0,0.93,0.75,1],"duration":20,"color":{"aM":0}},{"tweenEasing":0,"duration":2},{"tweenEasing":0,"duration":2,"color":{"aM":50}},{"tweenEasing":0,"duration":2},{"tweenEasing":0,"duration":2,"color":{"aM":50}},{"tweenEasing":0,"duration":2},{"tweenEasing":null,"duration":15,"color":{"aM":0}}],"name":"monster_catch003@2x"}],"ffd":[],"bone":[{"frame":[{"tweenEasing":0,"duration":30,"transform":{"y":-447.98,"x":19.55}},{"tweenEasing":0,"duration":2,"transform":{"scY":0.7,"y":-447.98,"scX":0.7,"x":19.55}},{"tweenEasing":0,"duration":1,"transform":{"scY":0.7,"y":-461.605,"scX":0.7,"x":19.55}},{"tweenEasing":0,"duration":1,"transform":{"y":-461.605,"x":19.55}},{"tweenEasing":0,"duration":2,"transform":{"y":-436.93,"x":19.55}},{"tweenEasing":0,"duration":2,"transform":{"y":-461.605,"x":19.55}},{"tweenEasing":0,"duration":3,"transform":{"y":-436.93,"x":19.55}},{"tweenEasing":0,"duration":3,"transform":{"y":-461.605,"x":19.55}},{"duration":1,"transform":{"y":-436.93,"x":19.55}}],"name":"da_fuji"},{"frame":[{"duration":45,"transform":{"y":234.34,"x":360.65}}],"name":"fangshe_fuji"},{"frame":[{"curve":[0,0.65,0.529,0.9],"duration":30,"transform":{"scY":5.57,"y":-302.79,"skX":174.26,"skY":174.26,"scX":5.57,"x":-464.165}},{"duration":15,"transform":{"scY":1.19,"y":-302.79,"skX":7.18,"skY":7.18,"scX":1.19,"x":-464.165}}],"name":"monster_catch001@2x"},{"frame":[{"curve":[0,0.97,0.75,1],"duration":30,"transform":{"scY":4.28,"y":121.75,"skX":-167.72,"skY":-167.72,"scX":4.28,"x":-456.05}},{"curve":[0,0.2075,0.9375,1],"duration":15,"transform":{"scY":4.28,"y":121.75,"scX":4.28,"x":-456.05}},{"duration":0,"transform":{"scY":4.28,"y":121.75,"skX":175.77,"skY":175.77,"scX":4.28,"x":-456.05}}],"name":"dingdianbaopo@2x"},{"frame":[{"curve":[0,0.81,0.75,1],"duration":30,"transform":{"scY":2.45,"y":121.75,"skX":-157.69,"skY":-157.69,"scX":2.45,"x":-604.535}},{"curve":[0,0.375,0.875,1],"duration":3,"transform":{"scY":8.24,"y":121.75,"scX":8.24,"x":-604.535}},{"tweenEasing":0,"duration":12,"transform":{"scY":10.33,"y":121.75,"scX":10.33,"x":-604.535}},{"duration":0,"transform":{"scY":4.76,"y":121.75,"skX":178.9,"skY":178.9,"scX":4.76,"x":-604.535}}],"name":"dingdianbaopo@2x2"},{"frame":[{"duration":45,"transform":{"scY":7.76,"y":358.64,"scX":7.76,"x":83.09}}],"name":"huo_dazibaoyan_eff_pz"},{"frame":[{"duration":45,"transform":{}}],"name":"root"},{"frame":[{"duration":45,"transform":{}}],"name":"huoyanshijie2-eff/0_00000"},{"frame":[{"duration":45,"transform":{}}],"name":"baozha_eff/guaiwubaozha15"},{"frame":[{"duration":45,"transform":{}}],"name":"baozha_eff/guaiwubaozha16"},{"frame":[{"duration":45,"transform":{}}],"name":"baozha_eff/guaiwubaozha17"},{"frame":[{"duration":45,"transform":{}}],"name":"baozha_eff/guaiwubaozha12"},{"frame":[{"duration":45,"transform":{}}],"name":"baozha_eff/guaiwubaozha14"},{"frame":[{"duration":45,"transform":{}}],"name":"baozha_eff/guaiwubaozha18"},{"frame":[{"duration":45,"transform":{}}],"name":"baozha_eff/guaiwubaozha13"},{"frame":[{"duration":45,"transform":{}}],"name":"baozha_eff/guaiwubaozha23"},{"frame":[{"duration":45,"transform":{}}],"name":"baozha_eff/guaiwubaozha24"},{"frame":[{"duration":45,"transform":{}}],"name":"baozha_eff/guaiwubaozha25"},{"frame":[{"duration":45,"transform":{}}],"name":"baozha_eff/guaiwubaozha26"},{"frame":[{"duration":45,"transform":{}}],"name":"baozha_eff/guaiwubaozha19"},{"frame":[{"duration":45,"transform":{}}],"name":"baozha_eff/guaiwubaozha20"},{"frame":[{"duration":45,"transform":{}}],"name":"baozha_eff/guaiwubaozha11"},{"frame":[{"duration":45,"transform":{}}],"name":"fangshe_eff"},{"frame":[{"duration":45,"transform":{}}],"name":"fangshe_eff2"},{"frame":[{"duration":45,"transform":{}}],"name":"fangshe_eff3"},{"frame":[{"duration":45,"transform":{}}],"name":"baozha_eff/guaiwubaozha10"},{"frame":[{"duration":45,"transform":{}}],"name":"baozha_eff/guaiwubaozha21"},{"frame":[{"duration":45,"transform":{}}],"name":"baozha_eff/guaiwubaozha22"}],"name":"000_baozha","ik":[]},{"frame":[],"duration":30,"slot":[{"frame":[{"tweenEasing":0,"duration":3},{"tweenEasing":0,"displayIndex":1,"duration":3},{"tweenEasing":0,"displayIndex":2,"duration":3},{"tweenEasing":0,"displayIndex":3,"duration":3},{"tweenEasing":0,"displayIndex":4,"duration":3},{"tweenEasing":0,"displayIndex":5,"duration":5},{"tweenEasing":null,"displayIndex":5,"duration":10,"color":{"aM":0}}],"name":"baozha_eff/guaiwubaozha10"},{"frame":[{"tweenEasing":0,"duration":3},{"tweenEasing":0,"displayIndex":1,"duration":3},{"tweenEasing":0,"displayIndex":2,"duration":3},{"tweenEasing":0,"displayIndex":3,"duration":3},{"tweenEasing":0,"displayIndex":4,"duration":3},{"tweenEasing":0,"displayIndex":5,"duration":5},{"tweenEasing":null,"displayIndex":5,"duration":10,"color":{"aM":0}}],"name":"baozha_eff/guaiwubaozha11"},{"frame":[{"tweenEasing":0,"duration":3},{"tweenEasing":0,"displayIndex":1,"duration":3},{"tweenEasing":0,"displayIndex":2,"duration":3},{"tweenEasing":0,"displayIndex":3,"duration":3},{"tweenEasing":0,"displayIndex":4,"duration":3},{"tweenEasing":0,"displayIndex":5,"duration":5},{"tweenEasing":null,"displayIndex":5,"duration":10,"color":{"aM":0}}],"name":"baozha_eff/guaiwubaozha12"},{"frame":[{"tweenEasing":0,"duration":3},{"tweenEasing":0,"displayIndex":1,"duration":3},{"tweenEasing":0,"displayIndex":2,"duration":3},{"tweenEasing":0,"displayIndex":3,"duration":3},{"tweenEasing":0,"displayIndex":4,"duration":3},{"tweenEasing":0,"displayIndex":5,"duration":5},{"tweenEasing":null,"displayIndex":5,"duration":10,"color":{"aM":0}}],"name":"baozha_eff/guaiwubaozha13"},{"frame":[{"tweenEasing":0,"duration":3},{"tweenEasing":0,"displayIndex":1,"duration":3},{"tweenEasing":0,"displayIndex":2,"duration":3},{"tweenEasing":0,"displayIndex":3,"duration":3},{"tweenEasing":0,"displayIndex":4,"duration":3},{"tweenEasing":0,"displayIndex":5,"duration":5},{"tweenEasing":null,"displayIndex":5,"duration":10,"color":{"aM":0}}],"name":"baozha_eff/guaiwubaozha14"},{"frame":[{"tweenEasing":0,"duration":3},{"tweenEasing":0,"displayIndex":1,"duration":3},{"tweenEasing":0,"displayIndex":2,"duration":3},{"tweenEasing":0,"displayIndex":3,"duration":3},{"tweenEasing":0,"displayIndex":4,"duration":3},{"tweenEasing":0,"displayIndex":5,"duration":5},{"tweenEasing":null,"displayIndex":5,"duration":10,"color":{"aM":0}}],"name":"baozha_eff/guaiwubaozha15"},{"frame":[{"tweenEasing":0,"duration":3},{"tweenEasing":0,"displayIndex":1,"duration":3},{"tweenEasing":0,"displayIndex":2,"duration":3},{"tweenEasing":0,"displayIndex":3,"duration":3},{"tweenEasing":0,"displayIndex":4,"duration":3},{"tweenEasing":0,"displayIndex":5,"duration":5},{"tweenEasing":null,"displayIndex":5,"duration":10,"color":{"aM":0}}],"name":"baozha_eff/guaiwubaozha16"},{"frame":[{"tweenEasing":0,"duration":3},{"tweenEasing":0,"displayIndex":1,"duration":3},{"tweenEasing":0,"displayIndex":2,"duration":3},{"tweenEasing":0,"displayIndex":3,"duration":3},{"tweenEasing":0,"displayIndex":4,"duration":3},{"tweenEasing":0,"displayIndex":5,"duration":5},{"tweenEasing":null,"displayIndex":5,"duration":10,"color":{"aM":0}}],"name":"baozha_eff/guaiwubaozha17"},{"frame":[{"tweenEasing":0,"duration":3},{"tweenEasing":0,"displayIndex":1,"duration":3},{"tweenEasing":0,"displayIndex":2,"duration":3},{"tweenEasing":0,"displayIndex":3,"duration":3},{"tweenEasing":0,"displayIndex":4,"duration":3},{"tweenEasing":0,"displayIndex":5,"duration":5},{"tweenEasing":null,"displayIndex":5,"duration":10,"color":{"aM":0}}],"name":"baozha_eff/guaiwubaozha18"},{"frame":[{"tweenEasing":0,"duration":3},{"tweenEasing":0,"displayIndex":1,"duration":3},{"tweenEasing":0,"displayIndex":2,"duration":3},{"tweenEasing":0,"displayIndex":3,"duration":3},{"tweenEasing":0,"displayIndex":4,"duration":3},{"tweenEasing":0,"displayIndex":5,"duration":5},{"tweenEasing":null,"displayIndex":5,"duration":10,"color":{"aM":0}}],"name":"baozha_eff/guaiwubaozha19"},{"frame":[{"tweenEasing":0,"duration":3},{"tweenEasing":0,"displayIndex":1,"duration":3},{"tweenEasing":0,"displayIndex":2,"duration":3},{"tweenEasing":0,"displayIndex":3,"duration":3},{"tweenEasing":0,"displayIndex":4,"duration":3},{"tweenEasing":0,"displayIndex":5,"duration":5},{"tweenEasing":null,"displayIndex":5,"duration":10,"color":{"aM":0}}],"name":"baozha_eff/guaiwubaozha20"},{"frame":[{"tweenEasing":0,"duration":3},{"tweenEasing":0,"displayIndex":1,"duration":3},{"tweenEasing":0,"displayIndex":2,"duration":3},{"tweenEasing":0,"displayIndex":3,"duration":3},{"tweenEasing":0,"displayIndex":4,"duration":3},{"tweenEasing":0,"displayIndex":5,"duration":5},{"tweenEasing":null,"displayIndex":5,"duration":10,"color":{"aM":0}}],"name":"baozha_eff/guaiwubaozha21"},{"frame":[{"tweenEasing":0,"duration":3},{"tweenEasing":0,"displayIndex":1,"duration":3},{"tweenEasing":0,"displayIndex":2,"duration":3},{"tweenEasing":0,"displayIndex":3,"duration":3},{"tweenEasing":0,"displayIndex":4,"duration":3},{"tweenEasing":0,"displayIndex":5,"duration":5},{"tweenEasing":null,"displayIndex":5,"duration":10,"color":{"aM":0}}],"name":"baozha_eff/guaiwubaozha22"},{"frame":[{"tweenEasing":0,"duration":3},{"tweenEasing":0,"displayIndex":1,"duration":3},{"tweenEasing":0,"displayIndex":2,"duration":3},{"tweenEasing":0,"displayIndex":3,"duration":3},{"tweenEasing":0,"displayIndex":4,"duration":3},{"tweenEasing":0,"displayIndex":5,"duration":5},{"tweenEasing":null,"displayIndex":5,"duration":10,"color":{"aM":0}}],"name":"baozha_eff/guaiwubaozha23"},{"frame":[{"tweenEasing":0,"duration":3},{"tweenEasing":0,"displayIndex":1,"duration":3},{"tweenEasing":0,"displayIndex":2,"duration":3},{"tweenEasing":0,"displayIndex":3,"duration":3},{"tweenEasing":0,"displayIndex":4,"duration":3},{"tweenEasing":0,"displayIndex":5,"duration":5},{"tweenEasing":null,"displayIndex":5,"duration":10,"color":{"aM":0}}],"name":"baozha_eff/guaiwubaozha24"},{"frame":[{"tweenEasing":0,"duration":3},{"tweenEasing":0,"displayIndex":1,"duration":3},{"tweenEasing":0,"displayIndex":2,"duration":3},{"tweenEasing":0,"displayIndex":3,"duration":3},{"tweenEasing":0,"displayIndex":4,"duration":3},{"tweenEasing":0,"displayIndex":5,"duration":5},{"tweenEasing":null,"displayIndex":5,"duration":10,"color":{"aM":0}}],"name":"baozha_eff/guaiwubaozha25"},{"frame":[{"tweenEasing":0,"duration":3},{"tweenEasing":0,"displayIndex":1,"duration":3},{"tweenEasing":0,"displayIndex":2,"duration":3},{"tweenEasing":0,"displayIndex":3,"duration":3},{"tweenEasing":0,"displayIndex":4,"duration":3},{"tweenEasing":0,"displayIndex":5,"duration":5},{"tweenEasing":null,"displayIndex":5,"duration":10,"color":{"aM":0}}],"name":"baozha_eff/guaiwubaozha26"},{"frame":[{"tweenEasing":null,"displayIndex":-1,"duration":30}],"name":"dingdianbaopo@2x"},{"frame":[{"tweenEasing":null,"displayIndex":-1,"duration":30}],"name":"dingdianbaopo@2x2"},{"frame":[{"tweenEasing":null,"displayIndex":-1,"duration":30}],"name":"dingdianbaopo@2x3"},{"frame":[{"tweenEasing":null,"displayIndex":-1,"duration":30}],"name":"dingdianbaopo@2x4"},{"frame":[{"tweenEasing":0,"duration":5,"color":{"aM":0}},{"tweenEasing":0,"duration":10},{"tweenEasing":null,"duration":15,"color":{"aM":0}}],"name":"fangshe_eff"},{"frame":[{"tweenEasing":0,"duration":5,"color":{"aM":0}},{"tweenEasing":0,"duration":10},{"tweenEasing":null,"duration":15,"color":{"aM":0}}],"name":"fangshe_eff6"},{"frame":[{"tweenEasing":0,"duration":5,"color":{"aM":0}},{"tweenEasing":0,"duration":10},{"tweenEasing":null,"duration":15,"color":{"aM":0}}],"name":"fangshe_eff9"},{"frame":[{"tweenEasing":null,"displayIndex":-1,"duration":30}],"name":"huoyanshijie2-eff/0_00000"},{"frame":[{"tweenEasing":null,"duration":30,"color":{"aM":0}}],"name":"monster_catch001@2x"},{"frame":[{"tweenEasing":null,"duration":30,"color":{"aM":0}}],"name":"monster_catch003@2x"}],"ffd":[],"bone":[{"frame":[{"tweenEasing":0,"duration":2,"transform":{"scY":0.7,"y":-447.98,"scX":0.7,"x":19.55}},{"tweenEasing":0,"duration":1,"transform":{"scY":0.7,"y":-461.605,"scX":0.7,"x":19.55}},{"tweenEasing":0,"duration":1,"transform":{"y":-461.605,"x":19.55}},{"tweenEasing":0,"duration":2,"transform":{"y":-436.93,"x":19.55}},{"tweenEasing":0,"duration":2,"transform":{"y":-461.605,"x":19.55}},{"tweenEasing":0,"duration":3,"transform":{"y":-436.93,"x":19.55}},{"tweenEasing":0,"duration":3,"transform":{"y":-461.605,"x":19.55}},{"tweenEasing":0,"duration":4,"transform":{"y":-436.93,"x":19.55}},{"tweenEasing":0,"duration":5,"transform":{"y":-461.605,"x":19.55}},{"tweenEasing":0,"duration":7,"transform":{"y":-436.93,"x":19.55}},{"duration":0,"transform":{"scY":0.7,"y":-447.98,"scX":0.7,"x":19.55}}],"name":"da_fuji"},{"frame":[{"tweenEasing":0,"duration":15,"transform":{"y":234.34,"x":360.65}},{"tweenEasing":0,"duration":15,"transform":{"y":234.34,"x":360.65}},{"duration":0,"transform":{"y":234.34,"skX":-95.5,"skY":-95.5,"x":360.65}}],"name":"fangshe_fuji"},{"frame":[{"duration":30,"transform":{"scY":1.19,"y":-302.79,"skX":7.18,"skY":7.18,"scX":1.19,"x":-464.165}}],"name":"monster_catch001@2x"},{"frame":[{"duration":30,"transform":{"scY":4.28,"y":121.75,"scX":4.28,"x":-456.05}}],"name":"dingdianbaopo@2x"},{"frame":[{"duration":30,"transform":{"scY":8.24,"y":121.75,"scX":8.24,"x":-604.535}}],"name":"dingdianbaopo@2x2"},{"frame":[{"tweenEasing":0,"duration":2,"transform":{}},{"tweenEasing":0,"duration":2,"transform":{"skX":1.04,"skY":1.04}},{"tweenEasing":0,"duration":1,"transform":{"skX":-1.59,"skY":-1.59}},{"tweenEasing":0,"duration":1,"transform":{"scY":1.55,"skX":-1.59,"skY":-1.59,"scX":1.96}},{"tweenEasing":0,"duration":2,"transform":{"scY":1.55,"skX":1.04,"skY":1.04,"scX":1.96}},{"tweenEasing":0,"duration":2,"transform":{"scY":1.55,"skX":-1.59,"skY":-1.59,"scX":1.96}},{"tweenEasing":0,"duration":2,"transform":{"scY":1.55,"skX":1.04,"skY":1.04,"scX":1.96}},{"tweenEasing":0,"duration":3,"transform":{"scY":1.55,"skX":-1.59,"skY":-1.59,"scX":1.96}},{"duration":15,"transform":{}}],"name":"fangshe_eff"},{"frame":[{"tweenEasing":0,"duration":2,"transform":{}},{"tweenEasing":0,"duration":2,"transform":{"skX":1.92,"skY":1.92}},{"tweenEasing":0,"duration":1,"transform":{"skX":-0.98,"skY":-0.98}},{"tweenEasing":0,"duration":1,"transform":{"scY":1.88,"skX":-0.98,"skY":-0.98,"scX":1.88}},{"tweenEasing":0,"duration":2,"transform":{"scY":1.88,"skX":1.92,"skY":1.92,"scX":1.88}},{"tweenEasing":0,"duration":2,"transform":{"scY":1.88,"skX":-0.98,"skY":-0.98,"scX":1.88}},{"tweenEasing":0,"duration":2,"transform":{"scY":1.88,"skX":1.92,"skY":1.92,"scX":1.88}},{"tweenEasing":0,"duration":3,"transform":{"scY":1.88,"skX":-0.98,"skY":-0.98,"scX":1.88}},{"duration":15,"transform":{}}],"name":"fangshe_eff2"},{"frame":[{"tweenEasing":0,"duration":2,"transform":{}},{"tweenEasing":0,"duration":2,"transform":{"skX":-3.92,"skY":-3.92}},{"tweenEasing":0,"duration":1,"transform":{"skX":3.19,"skY":3.19}},{"tweenEasing":0,"duration":1,"transform":{"scY":1.85,"skX":3.19,"skY":3.19,"scX":1.85}},{"tweenEasing":0,"duration":2,"transform":{"scY":1.85,"skX":-3.92,"skY":-3.92,"scX":1.85}},{"tweenEasing":0,"duration":2,"transform":{"scY":1.85,"skX":3.19,"skY":3.19,"scX":1.85}},{"tweenEasing":0,"duration":2,"transform":{"scY":1.85,"skX":-3.92,"skY":-3.92,"scX":1.85}},{"tweenEasing":0,"duration":3,"transform":{"scY":1.85,"skX":3.19,"skY":3.19,"scX":1.85}},{"duration":15,"transform":{}}],"name":"fangshe_eff3"},{"frame":[{"duration":30,"transform":{"scY":8.61,"y":358.64,"scX":8.61,"x":83.09}}],"name":"huo_dazibaoyan_eff_pz"},{"frame":[{"duration":30,"transform":{}}],"name":"root"},{"frame":[{"duration":30,"transform":{}}],"name":"huoyanshijie2-eff/0_00000"},{"frame":[{"duration":30,"transform":{}}],"name":"baozha_eff/guaiwubaozha15"},{"frame":[{"duration":30,"transform":{}}],"name":"baozha_eff/guaiwubaozha16"},{"frame":[{"duration":30,"transform":{}}],"name":"baozha_eff/guaiwubaozha17"},{"frame":[{"duration":30,"transform":{}}],"name":"baozha_eff/guaiwubaozha12"},{"frame":[{"duration":30,"transform":{}}],"name":"baozha_eff/guaiwubaozha14"},{"frame":[{"duration":30,"transform":{}}],"name":"baozha_eff/guaiwubaozha18"},{"frame":[{"duration":30,"transform":{}}],"name":"baozha_eff/guaiwubaozha13"},{"frame":[{"duration":30,"transform":{}}],"name":"baozha_eff/guaiwubaozha23"},{"frame":[{"duration":30,"transform":{}}],"name":"baozha_eff/guaiwubaozha24"},{"frame":[{"duration":30,"transform":{}}],"name":"baozha_eff/guaiwubaozha25"},{"frame":[{"duration":30,"transform":{}}],"name":"baozha_eff/guaiwubaozha26"},{"frame":[{"duration":30,"transform":{}}],"name":"baozha_eff/guaiwubaozha19"},{"frame":[{"duration":30,"transform":{}}],"name":"baozha_eff/guaiwubaozha20"},{"frame":[{"duration":30,"transform":{}}],"name":"baozha_eff/guaiwubaozha11"},{"frame":[{"duration":30,"transform":{}}],"name":"baozha_eff/guaiwubaozha10"},{"frame":[{"duration":30,"transform":{}}],"name":"baozha_eff/guaiwubaozha21"},{"frame":[{"duration":30,"transform":{}}],"name":"baozha_eff/guaiwubaozha22"}],"name":"000_baozha_xuli","ik":[]}],"type":"Armature","frameRate":30,"ik":[],"bone":[{"name":"root","transform":{}},{"transform":{"y":461.575},"name":"da_fuji","parent":"root"},{"transform":{"y":302.79,"x":464.165},"name":"monster_catch001@2x","parent":"root"},{"length":46.5,"transform":{"y":-121.75,"skX":134.12,"skY":134.12,"x":604.535},"parent":"root","name":"dingdianbaopo@2x2"},{"length":46.5,"transform":{"y":-121.75,"skX":-31.26,"skY":-31.26,"x":456.05},"parent":"root","name":"dingdianbaopo@2x"},{"transform":{"y":-234.34,"x":-360.65},"name":"fangshe_fuji","parent":"root"},{"length":70,"transform":{"scY":3,"y":0.63,"skX":90.81,"skY":90.81,"scX":3,"x":0.105},"parent":"root","name":"huoyanshijie2-eff/0_00000"},{"transform":{"y":-358.64,"x":-83.09},"name":"huo_dazibaoyan_eff_pz","parent":"root"},{"transform":{"y":-46.015,"x":153.86},"name":"baozha_eff/guaiwubaozha12","parent":"da_fuji"},{"transform":{"y":-46.015,"x":230.03},"name":"baozha_eff/guaiwubaozha16","parent":"da_fuji"},{"transform":{"y":-117.6},"name":"baozha_eff/guaiwubaozha17","parent":"da_fuji"},{"transform":{"y":-46.015,"x":-221.29},"name":"baozha_eff/guaiwubaozha15","parent":"da_fuji"},{"transform":{"y":-46.015,"x":-149.18},"name":"baozha_eff/guaiwubaozha14","parent":"da_fuji"},{"transform":{"y":-190.455},"name":"baozha_eff/guaiwubaozha18","parent":"da_fuji"},{"transform":{"y":-46.015,"x":-77.685},"name":"baozha_eff/guaiwubaozha13","parent":"da_fuji"},{"transform":{"y":21.095,"x":43.555},"name":"baozha_eff/guaiwubaozha23","parent":"da_fuji"},{"transform":{"y":81.3,"x":79.785},"name":"baozha_eff/guaiwubaozha24","parent":"da_fuji"},{"transform":{"y":141.65,"x":118.74},"name":"baozha_eff/guaiwubaozha25","parent":"da_fuji"},{"transform":{"y":202.095,"x":164.88},"name":"baozha_eff/guaiwubaozha26","parent":"da_fuji"},{"transform":{"y":22.52,"x":-40.705},"name":"baozha_eff/guaiwubaozha19","parent":"da_fuji"},{"transform":{"y":81.42,"x":-84.025},"name":"baozha_eff/guaiwubaozha20","parent":"da_fuji"},{"transform":{"y":-46.015,"x":79.205},"name":"baozha_eff/guaiwubaozha11","parent":"da_fuji"},{"length":206.5,"transform":{"scY":0.827,"skX":0.23,"skY":0.23},"parent":"fangshe_fuji","name":"fangshe_eff"},{"length":206.5,"transform":{"scY":0.99,"skX":112.86,"skY":112.86},"parent":"fangshe_fuji","name":"fangshe_eff2"},{"length":206.5,"transform":{"scY":1.952,"skX":-127.44,"skY":-127.44},"parent":"fangshe_fuji","name":"fangshe_eff3"},{"transform":{"y":-46.015},"name":"baozha_eff/guaiwubaozha10","parent":"da_fuji"},{"transform":{"y":144.53,"x":-123.075},"name":"baozha_eff/guaiwubaozha21","parent":"da_fuji"},{"transform":{"y":204.94,"x":-166.18},"name":"baozha_eff/guaiwubaozha22","parent":"da_fuji"}],"aabb":{"width":1383.6742775042521,"y":-415.5311338295071,"height":1135.5661338295072,"x":-717.8698006720848},"skin":[{"slot":[{"display":[{"path":"baozha_eff/guaiwubaozha10","type":"image","name":"baozha_eff/guaiwubaozha10","transform":{"y":-13.98,"x":-46.71}},{"path":"baozha_eff/guaiwubaozha12","type":"image","name":"baozha_eff/guaiwubaozha12","transform":{"y":-13.98,"x":-46.71}},{"path":"baozha_eff/guaiwubaozha14","type":"image","name":"baozha_eff/guaiwubaozha14","transform":{"y":-13.98,"x":-46.71}},{"path":"baozha_eff/guaiwubaozha16","type":"image","name":"baozha_eff/guaiwubaozha16","transform":{"y":-13.98,"x":-46.71}},{"path":"baozha_eff/guaiwubaozha19","type":"image","name":"baozha_eff/guaiwubaozha19","transform":{"y":-13.98,"x":-46.71}},{"path":"baozha_eff/guaiwubaozha20","type":"image","name":"baozha_eff/guaiwubaozha20","transform":{"y":-13.98,"x":-46.71}}],"name":"baozha_eff/guaiwubaozha14"},{"display":[{"path":"fangshe_eff","type":"image","name":"fangshe_eff","transform":{"y":-0.28,"skX":-0.2,"skY":-0.2,"x":197.45}}],"blendMode":"add","name":"fangshe_eff"},{"display":[{"path":"baozha_eff/guaiwubaozha10","type":"image","name":"baozha_eff/guaiwubaozha10","transform":{"y":-13.98,"x":-46.71}},{"path":"baozha_eff/guaiwubaozha12","type":"image","name":"baozha_eff/guaiwubaozha12","transform":{"y":-13.98,"x":-46.71}},{"path":"baozha_eff/guaiwubaozha14","type":"image","name":"baozha_eff/guaiwubaozha14","transform":{"y":-13.98,"x":-46.71}},{"path":"baozha_eff/guaiwubaozha16","type":"image","name":"baozha_eff/guaiwubaozha16","transform":{"y":-13.98,"x":-46.71}},{"path":"baozha_eff/guaiwubaozha19","type":"image","name":"baozha_eff/guaiwubaozha19","transform":{"y":-13.98,"x":-46.71}},{"path":"baozha_eff/guaiwubaozha20","type":"image","name":"baozha_eff/guaiwubaozha20","transform":{"y":-13.98,"x":-46.71}}],"name":"baozha_eff/guaiwubaozha25"},{"display":[{"path":"baozha_eff/guaiwubaozha10","type":"image","name":"baozha_eff/guaiwubaozha10","transform":{"y":-13.98,"x":-46.71}},{"path":"baozha_eff/guaiwubaozha12","type":"image","name":"baozha_eff/guaiwubaozha12","transform":{"y":-13.98,"x":-46.71}},{"path":"baozha_eff/guaiwubaozha14","type":"image","name":"baozha_eff/guaiwubaozha14","transform":{"y":-13.98,"x":-46.71}},{"path":"baozha_eff/guaiwubaozha16","type":"image","name":"baozha_eff/guaiwubaozha16","transform":{"y":-13.98,"x":-46.71}},{"path":"baozha_eff/guaiwubaozha19","type":"image","name":"baozha_eff/guaiwubaozha19","transform":{"y":-13.98,"x":-46.71}},{"path":"baozha_eff/guaiwubaozha20","type":"image","name":"baozha_eff/guaiwubaozha20","transform":{"y":-13.98,"x":-46.71}}],"name":"baozha_eff/guaiwubaozha11"},{"display":[{"path":"baozha_eff/guaiwubaozha10","type":"image","name":"baozha_eff/guaiwubaozha10","transform":{"y":-13.98,"x":-46.71}},{"path":"baozha_eff/guaiwubaozha12","type":"image","name":"baozha_eff/guaiwubaozha12","transform":{"y":-13.98,"x":-46.71}},{"path":"baozha_eff/guaiwubaozha14","type":"image","name":"baozha_eff/guaiwubaozha14","transform":{"y":-13.98,"x":-46.71}},{"path":"baozha_eff/guaiwubaozha16","type":"image","name":"baozha_eff/guaiwubaozha16","transform":{"y":-13.98,"x":-46.71}},{"path":"baozha_eff/guaiwubaozha19","type":"image","name":"baozha_eff/guaiwubaozha19","transform":{"y":-13.98,"x":-46.71}},{"path":"baozha_eff/guaiwubaozha20","type":"image","name":"baozha_eff/guaiwubaozha20","transform":{"y":-13.98,"x":-46.71}}],"name":"baozha_eff/guaiwubaozha13"},{"display":[{"path":"huo_dazibaoyan_eff_tex@huo_dazibaoyan_eff@dingdianbaopo@2x","type":"image","name":"2x","transform":{"y":-0.245,"skX":31.52,"skY":31.52,"x":-1.93}}],"name":"dingdianbaopo@2x2"},{"display":[{"path":"baozha_eff/guaiwubaozha10","type":"image","name":"baozha_eff/guaiwubaozha10","transform":{"y":-13.98,"x":-46.71}},{"path":"baozha_eff/guaiwubaozha12","type":"image","name":"baozha_eff/guaiwubaozha12","transform":{"y":-13.98,"x":-46.71}},{"path":"baozha_eff/guaiwubaozha14","type":"image","name":"baozha_eff/guaiwubaozha14","transform":{"y":-13.98,"x":-46.71}},{"path":"baozha_eff/guaiwubaozha16","type":"image","name":"baozha_eff/guaiwubaozha16","transform":{"y":-13.98,"x":-46.71}},{"path":"baozha_eff/guaiwubaozha19","type":"image","name":"baozha_eff/guaiwubaozha19","transform":{"y":-13.98,"x":-46.71}},{"path":"baozha_eff/guaiwubaozha20","type":"image","name":"baozha_eff/guaiwubaozha20","transform":{"y":-13.98,"x":-46.71}}],"name":"baozha_eff/guaiwubaozha10"},{"display":[{"path":"baozha_eff/guaiwubaozha10","type":"image","name":"baozha_eff/guaiwubaozha10","transform":{"y":-13.98,"x":-46.71}},{"path":"baozha_eff/guaiwubaozha12","type":"image","name":"baozha_eff/guaiwubaozha12","transform":{"y":-13.98,"x":-46.71}},{"path":"baozha_eff/guaiwubaozha14","type":"image","name":"baozha_eff/guaiwubaozha14","transform":{"y":-13.98,"x":-46.71}},{"path":"baozha_eff/guaiwubaozha16","type":"image","name":"baozha_eff/guaiwubaozha16","transform":{"y":-13.98,"x":-46.71}},{"path":"baozha_eff/guaiwubaozha19","type":"image","name":"baozha_eff/guaiwubaozha19","transform":{"y":-13.98,"x":-46.71}},{"path":"baozha_eff/guaiwubaozha20","type":"image","name":"baozha_eff/guaiwubaozha20","transform":{"y":-13.98,"x":-46.71}}],"name":"baozha_eff/guaiwubaozha21"},{"display":[{"path":"huoyanshijie2-eff/0_00000","type":"image","name":"huoyanshijie2-eff/0_00000","transform":{"y":0.11,"skX":-90.8,"skY":-90.8,"x":-0.63}},{"path":"huoyanshijie2-eff/0_00002","type":"image","name":"huoyanshijie2-eff/0_00002","transform":{"y":0.11,"skX":-90.8,"skY":-90.8,"x":-0.63}},{"path":"huoyanshijie2-eff/0_00004","type":"image","name":"huoyanshijie2-eff/0_00004","transform":{"y":0.11,"skX":-90.8,"skY":-90.8,"x":-0.63}},{"path":"huoyanshijie2-eff/0_00006","type":"image","name":"huoyanshijie2-eff/0_00006","transform":{"y":0.11,"skX":-90.8,"skY":-90.8,"x":-0.63}},{"path":"huoyanshijie2-eff/0_00008","type":"image","name":"huoyanshijie2-eff/0_00008","transform":{"y":0.11,"skX":-90.8,"skY":-90.8,"x":-0.63}},{"path":"huoyanshijie2-eff/0_00010","type":"image","name":"huoyanshijie2-eff/0_00010","transform":{"y":0.11,"skX":-90.8,"skY":-90.8,"x":-0.63}},{"path":"huoyanshijie2-eff/0_00012","type":"image","name":"huoyanshijie2-eff/0_00012","transform":{"y":0.11,"skX":-90.8,"skY":-90.8,"x":-0.63}},{"path":"huoyanshijie2-eff/0_00014","type":"image","name":"huoyanshijie2-eff/0_00014","transform":{"y":0.11,"skX":-90.8,"skY":-90.8,"x":-0.63}},{"path":"huoyanshijie2-eff/0_00016","type":"image","name":"huoyanshijie2-eff/0_00016","transform":{"y":0.11,"skX":-90.8,"skY":-90.8,"x":-0.63}}],"blendMode":"add","name":"huoyanshijie2-eff/0_00000"},{"display":[{"path":"baozha_eff/guaiwubaozha10","type":"image","name":"baozha_eff/guaiwubaozha10","transform":{"y":-13.98,"x":-46.71}},{"path":"baozha_eff/guaiwubaozha12","type":"image","name":"baozha_eff/guaiwubaozha12","transform":{"y":-13.98,"x":-46.71}},{"path":"baozha_eff/guaiwubaozha14","type":"image","name":"baozha_eff/guaiwubaozha14","transform":{"y":-13.98,"x":-46.71}},{"path":"baozha_eff/guaiwubaozha16","type":"image","name":"baozha_eff/guaiwubaozha16","transform":{"y":-13.98,"x":-46.71}},{"path":"baozha_eff/guaiwubaozha19","type":"image","name":"baozha_eff/guaiwubaozha19","transform":{"y":-13.98,"x":-46.71}},{"path":"baozha_eff/guaiwubaozha20","type":"image","name":"baozha_eff/guaiwubaozha20","transform":{"y":-13.98,"x":-46.71}}],"name":"baozha_eff/guaiwubaozha24"},{"display":[{"path":"baozha_eff/guaiwubaozha10","type":"image","name":"baozha_eff/guaiwubaozha10","transform":{"y":-13.98,"x":-46.71}},{"path":"baozha_eff/guaiwubaozha12","type":"image","name":"baozha_eff/guaiwubaozha12","transform":{"y":-13.98,"x":-46.71}},{"path":"baozha_eff/guaiwubaozha14","type":"image","name":"baozha_eff/guaiwubaozha14","transform":{"y":-13.98,"x":-46.71}},{"path":"baozha_eff/guaiwubaozha16","type":"image","name":"baozha_eff/guaiwubaozha16","transform":{"y":-13.98,"x":-46.71}},{"path":"baozha_eff/guaiwubaozha19","type":"image","name":"baozha_eff/guaiwubaozha19","transform":{"y":-13.98,"x":-46.71}},{"path":"baozha_eff/guaiwubaozha20","type":"image","name":"baozha_eff/guaiwubaozha20","transform":{"y":-13.98,"x":-46.71}}],"name":"baozha_eff/guaiwubaozha18"},{"display":[{"path":"huo_dazibaoyan_eff_tex@huo_dazibaoyan_eff@dingdianbaopo@2x","type":"image","name":"2x","transform":{"y":-0.245,"skX":31.52,"skY":31.52,"x":-1.93}}],"name":"dingdianbaopo@2x4"},{"display":[{"path":"fangshe_eff","type":"image","name":"fangshe_eff","transform":{"y":-0.28,"skX":-0.2,"skY":-0.2,"x":197.45}}],"blendMode":"add","name":"fangshe_eff9"},{"display":[{"path":"huo_dazibaoyan_eff_tex@huo_dazibaoyan_eff@monster_catch003@2x","type":"image","name":"2x","transform":{"y":-0.15,"x":-0.68}}],"name":"monster_catch003@2x"},{"display":[{"path":"baozha_eff/guaiwubaozha10","type":"image","name":"baozha_eff/guaiwubaozha10","transform":{"y":-13.98,"x":-46.71}},{"path":"baozha_eff/guaiwubaozha12","type":"image","name":"baozha_eff/guaiwubaozha12","transform":{"y":-13.98,"x":-46.71}},{"path":"baozha_eff/guaiwubaozha14","type":"image","name":"baozha_eff/guaiwubaozha14","transform":{"y":-13.98,"x":-46.71}},{"path":"baozha_eff/guaiwubaozha16","type":"image","name":"baozha_eff/guaiwubaozha16","transform":{"y":-13.98,"x":-46.71}},{"path":"baozha_eff/guaiwubaozha19","type":"image","name":"baozha_eff/guaiwubaozha19","transform":{"y":-13.98,"x":-46.71}},{"path":"baozha_eff/guaiwubaozha20","type":"image","name":"baozha_eff/guaiwubaozha20","transform":{"y":-13.98,"x":-46.71}}],"name":"baozha_eff/guaiwubaozha20"},{"display":[{"path":"baozha_eff/guaiwubaozha10","type":"image","name":"baozha_eff/guaiwubaozha10","transform":{"y":-13.98,"x":-46.71}},{"path":"baozha_eff/guaiwubaozha12","type":"image","name":"baozha_eff/guaiwubaozha12","transform":{"y":-13.98,"x":-46.71}},{"path":"baozha_eff/guaiwubaozha14","type":"image","name":"baozha_eff/guaiwubaozha14","transform":{"y":-13.98,"x":-46.71}},{"path":"baozha_eff/guaiwubaozha16","type":"image","name":"baozha_eff/guaiwubaozha16","transform":{"y":-13.98,"x":-46.71}},{"path":"baozha_eff/guaiwubaozha19","type":"image","name":"baozha_eff/guaiwubaozha19","transform":{"y":-13.98,"x":-46.71}},{"path":"baozha_eff/guaiwubaozha20","type":"image","name":"baozha_eff/guaiwubaozha20","transform":{"y":-13.98,"x":-46.71}}],"name":"baozha_eff/guaiwubaozha16"},{"display":[{"path":"huo_dazibaoyan_eff_tex@huo_dazibaoyan_eff@dingdianbaopo@2x","type":"image","name":"2x","transform":{"y":-0.245,"skX":31.52,"skY":31.52,"x":-1.93}}],"name":"dingdianbaopo@2x"},{"display":[{"path":"baozha_eff/guaiwubaozha10","type":"image","name":"baozha_eff/guaiwubaozha10","transform":{"y":-13.98,"x":-46.71}},{"path":"baozha_eff/guaiwubaozha12","type":"image","name":"baozha_eff/guaiwubaozha12","transform":{"y":-13.98,"x":-46.71}},{"path":"baozha_eff/guaiwubaozha14","type":"image","name":"baozha_eff/guaiwubaozha14","transform":{"y":-13.98,"x":-46.71}},{"path":"baozha_eff/guaiwubaozha16","type":"image","name":"baozha_eff/guaiwubaozha16","transform":{"y":-13.98,"x":-46.71}},{"path":"baozha_eff/guaiwubaozha19","type":"image","name":"baozha_eff/guaiwubaozha19","transform":{"y":-13.98,"x":-46.71}},{"path":"baozha_eff/guaiwubaozha20","type":"image","name":"baozha_eff/guaiwubaozha20","transform":{"y":-13.98,"x":-46.71}}],"name":"baozha_eff/guaiwubaozha23"},{"display":[{"path":"baozha_eff/guaiwubaozha10","type":"image","name":"baozha_eff/guaiwubaozha10","transform":{"y":-13.98,"x":-46.71}},{"path":"baozha_eff/guaiwubaozha12","type":"image","name":"baozha_eff/guaiwubaozha12","transform":{"y":-13.98,"x":-46.71}},{"path":"baozha_eff/guaiwubaozha14","type":"image","name":"baozha_eff/guaiwubaozha14","transform":{"y":-13.98,"x":-46.71}},{"path":"baozha_eff/guaiwubaozha16","type":"image","name":"baozha_eff/guaiwubaozha16","transform":{"y":-13.98,"x":-46.71}},{"path":"baozha_eff/guaiwubaozha19","type":"image","name":"baozha_eff/guaiwubaozha19","transform":{"y":-13.98,"x":-46.71}},{"path":"baozha_eff/guaiwubaozha20","type":"image","name":"baozha_eff/guaiwubaozha20","transform":{"y":-13.98,"x":-46.71}}],"name":"baozha_eff/guaiwubaozha17"},{"display":[{"path":"baozha_eff/guaiwubaozha10","type":"image","name":"baozha_eff/guaiwubaozha10","transform":{"y":-13.98,"x":-46.71}},{"path":"baozha_eff/guaiwubaozha12","type":"image","name":"baozha_eff/guaiwubaozha12","transform":{"y":-13.98,"x":-46.71}},{"path":"baozha_eff/guaiwubaozha14","type":"image","name":"baozha_eff/guaiwubaozha14","transform":{"y":-13.98,"x":-46.71}},{"path":"baozha_eff/guaiwubaozha16","type":"image","name":"baozha_eff/guaiwubaozha16","transform":{"y":-13.98,"x":-46.71}},{"path":"baozha_eff/guaiwubaozha19","type":"image","name":"baozha_eff/guaiwubaozha19","transform":{"y":-13.98,"x":-46.71}},{"path":"baozha_eff/guaiwubaozha20","type":"image","name":"baozha_eff/guaiwubaozha20","transform":{"y":-13.98,"x":-46.71}}],"name":"baozha_eff/guaiwubaozha12"},{"display":[{"path":"fangshe_eff","type":"image","name":"fangshe_eff","transform":{"y":-0.28,"skX":-0.2,"skY":-0.2,"x":197.45}}],"blendMode":"add","name":"fangshe_eff6"},{"display":[{"path":"huo_dazibaoyan_eff_tex@huo_dazibaoyan_eff@monster_catch001@2x","type":"image","name":"2x","transform":{"y":2.97,"x":-5.575}}],"name":"monster_catch001@2x"},{"display":[{"path":"baozha_eff/guaiwubaozha10","type":"image","name":"baozha_eff/guaiwubaozha10","transform":{"y":-13.98,"x":-46.71}},{"path":"baozha_eff/guaiwubaozha12","type":"image","name":"baozha_eff/guaiwubaozha12","transform":{"y":-13.98,"x":-46.71}},{"path":"baozha_eff/guaiwubaozha14","type":"image","name":"baozha_eff/guaiwubaozha14","transform":{"y":-13.98,"x":-46.71}},{"path":"baozha_eff/guaiwubaozha16","type":"image","name":"baozha_eff/guaiwubaozha16","transform":{"y":-13.98,"x":-46.71}},{"path":"baozha_eff/guaiwubaozha19","type":"image","name":"baozha_eff/guaiwubaozha19","transform":{"y":-13.98,"x":-46.71}},{"path":"baozha_eff/guaiwubaozha20","type":"image","name":"baozha_eff/guaiwubaozha20","transform":{"y":-13.98,"x":-46.71}}],"name":"baozha_eff/guaiwubaozha26"},{"display":[{"path":"huo_dazibaoyan_eff_pz","type":"image","name":"huo_dazibaoyan_eff_pz","transform":{"scY":20,"y":-4.085,"scX":20}}],"name":"huo_dazibaoyan_eff_pz"},{"display":[{"path":"baozha_eff/guaiwubaozha10","type":"image","name":"baozha_eff/guaiwubaozha10","transform":{"y":-13.98,"x":-46.71}},{"path":"baozha_eff/guaiwubaozha12","type":"image","name":"baozha_eff/guaiwubaozha12","transform":{"y":-13.98,"x":-46.71}},{"path":"baozha_eff/guaiwubaozha14","type":"image","name":"baozha_eff/guaiwubaozha14","transform":{"y":-13.98,"x":-46.71}},{"path":"baozha_eff/guaiwubaozha16","type":"image","name":"baozha_eff/guaiwubaozha16","transform":{"y":-13.98,"x":-46.71}},{"path":"baozha_eff/guaiwubaozha19","type":"image","name":"baozha_eff/guaiwubaozha19","transform":{"y":-13.98,"x":-46.71}},{"path":"baozha_eff/guaiwubaozha20","type":"image","name":"baozha_eff/guaiwubaozha20","transform":{"y":-13.98,"x":-46.71}}],"name":"baozha_eff/guaiwubaozha15"},{"display":[{"path":"huo_dazibaoyan_eff_tex@huo_dazibaoyan_eff@dingdianbaopo@2x","type":"image","name":"2x","transform":{"y":-0.245,"skX":31.52,"skY":31.52,"x":-1.93}}],"name":"dingdianbaopo@2x3"},{"display":[{"path":"baozha_eff/guaiwubaozha10","type":"image","name":"baozha_eff/guaiwubaozha10","transform":{"y":-13.98,"x":-46.71}},{"path":"baozha_eff/guaiwubaozha12","type":"image","name":"baozha_eff/guaiwubaozha12","transform":{"y":-13.98,"x":-46.71}},{"path":"baozha_eff/guaiwubaozha14","type":"image","name":"baozha_eff/guaiwubaozha14","transform":{"y":-13.98,"x":-46.71}},{"path":"baozha_eff/guaiwubaozha16","type":"image","name":"baozha_eff/guaiwubaozha16","transform":{"y":-13.98,"x":-46.71}},{"path":"baozha_eff/guaiwubaozha19","type":"image","name":"baozha_eff/guaiwubaozha19","transform":{"y":-13.98,"x":-46.71}},{"path":"baozha_eff/guaiwubaozha20","type":"image","name":"baozha_eff/guaiwubaozha20","transform":{"y":-13.98,"x":-46.71}}],"name":"baozha_eff/guaiwubaozha19"},{"display":[{"path":"baozha_eff/guaiwubaozha10","type":"image","name":"baozha_eff/guaiwubaozha10","transform":{"y":-13.98,"x":-46.71}},{"path":"baozha_eff/guaiwubaozha12","type":"image","name":"baozha_eff/guaiwubaozha12","transform":{"y":-13.98,"x":-46.71}},{"path":"baozha_eff/guaiwubaozha14","type":"image","name":"baozha_eff/guaiwubaozha14","transform":{"y":-13.98,"x":-46.71}},{"path":"baozha_eff/guaiwubaozha16","type":"image","name":"baozha_eff/guaiwubaozha16","transform":{"y":-13.98,"x":-46.71}},{"path":"baozha_eff/guaiwubaozha19","type":"image","name":"baozha_eff/guaiwubaozha19","transform":{"y":-13.98,"x":-46.71}},{"path":"baozha_eff/guaiwubaozha20","type":"image","name":"baozha_eff/guaiwubaozha20","transform":{"y":-13.98,"x":-46.71}}],"name":"baozha_eff/guaiwubaozha22"}],"name":""}],"slot":[{"name":"huo_dazibaoyan_eff_pz","parent":"huo_dazibaoyan_eff_pz","color":{}},{"z":1,"name":"dingdianbaopo@2x3","parent":"dingdianbaopo@2x2","color":{}},{"z":2,"name":"dingdianbaopo@2x","parent":"dingdianbaopo@2x","color":{}},{"z":3,"name":"dingdianbaopo@2x4","parent":"dingdianbaopo@2x","color":{}},{"z":4,"name":"monster_catch001@2x","parent":"monster_catch001@2x","color":{}},{"z":5,"name":"monster_catch003@2x","parent":"monster_catch001@2x","color":{}},{"z":6,"name":"baozha_eff/guaiwubaozha10","parent":"baozha_eff/guaiwubaozha10","color":{}},{"z":7,"name":"baozha_eff/guaiwubaozha19","parent":"baozha_eff/guaiwubaozha19","color":{}},{"z":8,"name":"baozha_eff/guaiwubaozha23","parent":"baozha_eff/guaiwubaozha23","color":{}},{"z":9,"name":"baozha_eff/guaiwubaozha24","parent":"baozha_eff/guaiwubaozha24","color":{}},{"z":10,"name":"baozha_eff/guaiwubaozha25","parent":"baozha_eff/guaiwubaozha25","color":{}},{"z":11,"name":"baozha_eff/guaiwubaozha26","parent":"baozha_eff/guaiwubaozha26","color":{}},{"z":12,"name":"baozha_eff/guaiwubaozha20","parent":"baozha_eff/guaiwubaozha20","color":{}},{"z":13,"name":"baozha_eff/guaiwubaozha21","parent":"baozha_eff/guaiwubaozha21","color":{}},{"z":14,"name":"baozha_eff/guaiwubaozha22","parent":"baozha_eff/guaiwubaozha22","color":{}},{"z":15,"name":"baozha_eff/guaiwubaozha17","parent":"baozha_eff/guaiwubaozha17","color":{}},{"z":16,"name":"baozha_eff/guaiwubaozha18","parent":"baozha_eff/guaiwubaozha18","color":{}},{"z":17,"name":"baozha_eff/guaiwubaozha11","parent":"baozha_eff/guaiwubaozha11","color":{}},{"z":18,"name":"baozha_eff/guaiwubaozha12","parent":"baozha_eff/guaiwubaozha12","color":{}},{"z":19,"name":"baozha_eff/guaiwubaozha16","parent":"baozha_eff/guaiwubaozha16","color":{}},{"z":20,"name":"baozha_eff/guaiwubaozha13","parent":"baozha_eff/guaiwubaozha13","color":{}},{"z":21,"name":"baozha_eff/guaiwubaozha14","parent":"baozha_eff/guaiwubaozha14","color":{}},{"z":22,"name":"baozha_eff/guaiwubaozha15","parent":"baozha_eff/guaiwubaozha15","color":{}},{"blendMode":"add","z":23,"parent":"huoyanshijie2-eff/0_00000","name":"huoyanshijie2-eff/0_00000","color":{}},{"blendMode":"add","z":24,"parent":"fangshe_eff","name":"fangshe_eff","color":{}},{"blendMode":"add","z":25,"parent":"fangshe_eff2","name":"fangshe_eff6","color":{}},{"blendMode":"add","z":26,"parent":"fangshe_eff3","name":"fangshe_eff9","color":{}},{"z":27,"name":"dingdianbaopo@2x2","parent":"dingdianbaopo@2x2","color":{}}],"name":"armatureName"}],"name":"huo_dazibaoyan_eff","version":"4.0"}