{"frameRate":60,"isGlobal":0,"armature":[{"bone":[{"name":"root","transform":{}},{"inheritScale":false,"transform":{},"name":"003_wenzi","parent":"root"},{"inheritScale":false,"transform":{},"name":"001_yuncai_fuji","parent":"root"},{"inheritScale":false,"transform":{},"name":"003_quyu","parent":"root"},{"inheritScale":false,"transform":{},"name":"002_daohang_fuji","parent":"root"},{"inheritScale":false,"transform":{},"name":"001_yun01","parent":"001_yuncai_fuji"},{"inheritScale":false,"transform":{},"name":"001_yun04","parent":"001_yuncai_fuji"},{"inheritScale":false,"transform":{},"name":"001_yun02","parent":"001_yuncai_fuji"},{"inheritScale":false,"transform":{},"name":"001_yun03","parent":"001_yuncai_fuji"},{"inheritScale":false,"transform":{},"name":"001_yun05","parent":"001_yuncai_fuji"},{"inheritScale":false,"transform":{},"name":"001_yun08","parent":"001_yuncai_fuji"},{"inheritScale":false,"transform":{},"name":"002_daohang_yingzi","parent":"002_daohang_fuji"},{"inheritScale":false,"transform":{},"name":"002_daohang","parent":"002_daohang_fuji"},{"inheritScale":false,"transform":{},"name":"001_yun06","parent":"001_yuncai_fuji"},{"inheritScale":false,"transform":{},"name":"003_diban","parent":"003_wenzi"},{"inheritScale":false,"transform":{},"name":"003_zhinanzhen","parent":"003_wenzi"},{"inheritScale":false,"transform":{},"name":"001_yun07","parent":"001_yuncai_fuji"}],"type":"Armature","frameRate":60,"animation":[{"bone":[{"frame":[{"tweenEasing":0,"transform":{"y":-130},"duration":59},{"tweenEasing":0,"transform":{"y":-130},"duration":1},{"tweenEasing":0,"transform":{"y":-130,"x":3.3333},"duration":10},{"tweenEasing":0,"transform":{"scY":1.1,"y":-130,"scX":1.1,"x":3.3333},"duration":15},{"tweenEasing":0,"transform":{"scY":0.95,"y":-130,"scX":0.95,"x":3.3333},"duration":20},{"tweenEasing":0,"transform":{"y":-130,"x":3.3333},"duration":85},{"transform":{"y":-130,"x":3.3333},"duration":0}],"name":"003_wenzi"},{"frame":[{"tweenEasing":0,"transform":{"y":-36.6667,"x":128.3333},"duration":59},{"tweenEasing":0,"transform":{"y":-36.6667,"x":128.3333},"duration":1},{"tweenEasing":0,"transform":{"y":-36.6667,"x":128.3333},"duration":45},{"tweenEasing":0,"transform":{"y":-36.6667,"x":128.3333},"duration":85},{"transform":{"y":-36.6667,"x":128.3333},"duration":0}],"name":"003_zhinanzhen"},{"frame":[{"tweenEasing":0,"transform":{},"duration":59},{"tweenEasing":0,"transform":{},"duration":1},{"tweenEasing":0,"transform":{},"duration":45},{"tweenEasing":0,"transform":{},"duration":85},{"transform":{},"duration":0}],"name":"003_diban"},{"frame":[{"tweenEasing":0,"transform":{"y":120},"duration":60},{"tweenEasing":0,"transform":{"y":120},"duration":45},{"tweenEasing":0,"transform":{"y":120},"duration":85},{"transform":{"y":120},"duration":0}],"name":"002_daohang_fuji"},{"frame":[{"tweenEasing":0,"transform":{},"duration":15},{"tweenEasing":0,"transform":{},"duration":44},{"tweenEasing":0,"transform":{},"duration":1},{"tweenEasing":0,"transform":{},"duration":10},{"tweenEasing":0,"transform":{"y":-20,"scX":1.2},"duration":10},{"tweenEasing":0,"transform":{},"duration":10},{"tweenEasing":0,"transform":{"scY":0.8},"duration":15},{"tweenEasing":0,"transform":{},"duration":15},{"tweenEasing":0,"transform":{"scY":0.99,"scX":1.01},"duration":70},{"transform":{},"duration":0}],"name":"002_daohang"},{"frame":[{"tweenEasing":0,"transform":{},"duration":59},{"tweenEasing":0,"transform":{},"duration":1},{"tweenEasing":0,"transform":{},"duration":10},{"tweenEasing":0,"transform":{"scY":0.8,"scX":0.8},"duration":10},{"tweenEasing":0,"transform":{},"duration":10},{"tweenEasing":0,"transform":{"scY":1.01,"scX":1.01},"duration":15},{"tweenEasing":0,"transform":{},"duration":85},{"transform":{},"duration":0}],"name":"002_daohang_yingzi"},{"frame":[{"tweenEasing":0,"transform":{"scY":1.05,"y":35,"scX":1.05,"x":86.6667},"duration":19},{"tweenEasing":0,"transform":{"scY":1.4,"y":35,"scX":1.4,"x":86.6667},"duration":1},{"tweenEasing":0,"transform":{"scY":0.7,"y":35,"scX":0.7,"x":86.6667},"duration":20},{"tweenEasing":0,"transform":{"scY":1.05,"y":35,"scX":1.05,"x":86.6667},"duration":20},{"tweenEasing":0,"transform":{"scY":1.4,"y":35,"scX":1.4,"x":86.6667},"duration":45},{"tweenEasing":0,"transform":{"scY":1.4,"y":35,"scX":1.4,"x":86.6667},"duration":85},{"transform":{"scY":1.4,"y":35,"scX":1.4,"x":86.6667},"duration":0}],"name":"001_yun08"},{"frame":[{"tweenEasing":0,"transform":{"y":-153.3333,"x":-206.6667},"duration":20},{"tweenEasing":0,"transform":{"scY":2,"y":-153.3333,"scX":2,"x":-206.6667},"duration":40},{"tweenEasing":0,"transform":{"scY":3,"y":-153.3333,"scX":3,"x":-206.6667},"duration":45},{"tweenEasing":0,"transform":{"scY":3,"y":-153.3333,"scX":3,"x":-206.6667},"duration":85},{"transform":{"scY":3,"y":-153.3333,"scX":3,"x":-206.6667},"duration":0}],"name":"001_yun07"},{"frame":[{"tweenEasing":0,"transform":{"scY":1.5,"y":-161.6667,"scX":1.5,"x":228.3333},"duration":19},{"tweenEasing":0,"transform":{"scY":2,"y":-161.6667,"scX":2,"x":228.3333},"duration":1},{"transform":{"scY":2,"scX":2},"duration":170}],"name":"001_yun06"},{"frame":[{"tweenEasing":0,"transform":{"scY":1.5,"y":-45,"scX":1.5,"x":40.3333},"duration":60},{"tweenEasing":0,"transform":{"scY":3,"y":-25,"scX":3,"x":8.3333},"duration":45},{"tweenEasing":0,"transform":{"scY":3,"y":-25,"scX":3,"x":8.3333},"duration":85},{"transform":{"scY":3,"y":-25,"scX":3,"x":8.3333},"duration":0}],"name":"001_yun05"},{"frame":[{"tweenEasing":0,"transform":{"scY":2,"y":81.6667,"scX":2,"x":247.3334},"duration":60},{"tweenEasing":0,"transform":{"scY":2,"y":161.6667,"scX":2,"x":453.3334},"duration":45},{"tweenEasing":0,"transform":{"scY":2,"y":161.6667,"scX":2,"x":453.3334},"duration":85},{"transform":{"scY":2,"y":161.6667,"scX":2,"x":453.3334},"duration":0}],"name":"001_yun04"},{"frame":[{"tweenEasing":0,"transform":{"scY":2,"y":-270.0001,"scX":2,"x":-314.3335},"duration":60},{"tweenEasing":0,"transform":{"scY":2,"y":-330.0001,"scX":2,"x":-371.1906},"duration":45},{"tweenEasing":0,"transform":{"scY":2,"y":-330.0001,"scX":2,"x":-371.1906},"duration":85},{"transform":{"scY":2,"y":-330.0001,"scX":2,"x":-371.1906},"duration":0}],"name":"001_yun03"},{"frame":[{"tweenEasing":0,"transform":{"scY":2,"y":-263.0002,"scX":2,"x":292.6667},"duration":60},{"tweenEasing":0,"transform":{"scY":2,"y":-326.4287,"scX":2,"x":392.381},"duration":45},{"tweenEasing":0,"transform":{"scY":2,"y":-326.4287,"scX":2,"x":392.381},"duration":85},{"transform":{"scY":2,"y":-326.4287,"scX":2,"x":392.381},"duration":0}],"name":"001_yun02"},{"frame":[{"tweenEasing":0,"transform":{"scY":2,"y":126.3333,"scX":2,"x":-302.6667},"duration":60},{"tweenEasing":0,"transform":{"scY":2,"y":223.3333,"scX":2,"x":-391.6667},"duration":45},{"tweenEasing":0,"transform":{"scY":2,"y":223.3333,"scX":2,"x":-391.6667},"duration":85},{"transform":{"scY":2,"y":223.3333,"scX":2,"x":-391.6667},"duration":0}],"name":"001_yun01"},{"frame":[{"tweenEasing":0,"transform":{},"duration":60},{"tweenEasing":0,"transform":{},"duration":45},{"tweenEasing":0,"transform":{},"duration":85},{"transform":{},"duration":0}],"name":"001_yuncai_fuji"},{"frame":[{"tweenEasing":0,"transform":{"scY":0.5,"y":115,"scX":0.5,"x":-5},"duration":60},{"tweenEasing":0,"transform":{"y":115,"x":-5},"duration":5},{"tweenEasing":0,"transform":{"y":115,"x":-5},"duration":40},{"tweenEasing":0,"transform":{"y":115,"x":-5},"duration":85},{"transform":{"y":115,"x":-5},"duration":0}],"name":"003_quyu"},{"frame":[{"transform":{},"duration":190}],"name":"root"}],"slot":[{"frame":[{"displayIndex":-1,"tweenEasing":0,"duration":59},{"displayIndex":-1,"tweenEasing":0,"duration":1},{"tweenEasing":0,"duration":10},{"tweenEasing":0,"duration":15},{"tweenEasing":0,"duration":20},{"tweenEasing":0,"duration":85},{"tweenEasing":null,"duration":0}],"name":"003_wenzi"},{"frame":[{"displayIndex":-1,"tweenEasing":0,"duration":59},{"displayIndex":-1,"tweenEasing":0,"duration":1},{"tweenEasing":0,"duration":45},{"tweenEasing":0,"duration":85},{"tweenEasing":null,"duration":0}],"name":"003_zhinanzhen"},{"frame":[{"displayIndex":-1,"tweenEasing":0,"duration":59},{"displayIndex":-1,"tweenEasing":0,"duration":1},{"tweenEasing":0,"duration":45},{"tweenEasing":0,"duration":85},{"tweenEasing":null,"duration":0}],"name":"003_diban"},{"frame":[{"displayIndex":-1,"tweenEasing":0,"duration":60},{"displayIndex":-1,"tweenEasing":0,"duration":45},{"displayIndex":-1,"tweenEasing":0,"duration":85},{"displayIndex":-1,"tweenEasing":null,"duration":0}],"name":"002_daohang_fuji"},{"frame":[{"displayIndex":-1,"tweenEasing":0,"duration":15},{"displayIndex":-1,"tweenEasing":0,"duration":44},{"displayIndex":-1,"tweenEasing":0,"duration":1},{"tweenEasing":0,"duration":10},{"tweenEasing":0,"duration":10},{"tweenEasing":0,"duration":10},{"tweenEasing":0,"duration":15},{"tweenEasing":0,"duration":15},{"tweenEasing":0,"duration":70},{"tweenEasing":null,"duration":0}],"name":"002_daohang"},{"frame":[{"displayIndex":-1,"tweenEasing":0,"duration":59},{"displayIndex":-1,"tweenEasing":0,"duration":1},{"tweenEasing":0,"color":{"aM":0},"duration":10},{"tweenEasing":0,"duration":10},{"tweenEasing":0,"duration":10},{"tweenEasing":0,"duration":15},{"tweenEasing":0,"duration":85},{"tweenEasing":null,"duration":0}],"name":"002_daohang_yingzi"},{"frame":[{"tweenEasing":0,"color":{"aM":57},"duration":19},{"tweenEasing":0,"color":{"aM":0},"duration":1},{"tweenEasing":0,"color":{"aM":0},"duration":20},{"tweenEasing":0,"color":{"aM":57},"duration":20},{"tweenEasing":0,"color":{"aM":0},"duration":45},{"tweenEasing":0,"color":{"aM":0},"duration":85},{"tweenEasing":null,"color":{"aM":0},"duration":0}],"name":"001_yun08"},{"frame":[{"tweenEasing":0,"color":{"aM":0},"duration":20},{"tweenEasing":0,"color":{"aM":57},"duration":40},{"tweenEasing":0,"color":{"aM":0},"duration":45},{"tweenEasing":0,"color":{"aM":0},"duration":85},{"tweenEasing":null,"color":{"aM":0},"duration":0}],"name":"001_yun07"},{"frame":[{"tweenEasing":0,"color":{"aM":57},"duration":19},{"tweenEasing":0,"color":{"aM":0},"duration":1},{"displayIndex":-1,"tweenEasing":null,"color":{"aM":0},"duration":170}],"name":"001_yun06"},{"frame":[{"tweenEasing":0,"duration":60},{"tweenEasing":0,"color":{"aM":0},"duration":45},{"tweenEasing":0,"color":{"aM":0},"duration":85},{"tweenEasing":null,"color":{"aM":0},"duration":0}],"name":"001_yun05"},{"frame":[{"tweenEasing":0,"duration":60},{"tweenEasing":0,"color":{"aM":0},"duration":45},{"tweenEasing":0,"color":{"aM":0},"duration":85},{"tweenEasing":null,"color":{"aM":0},"duration":0}],"name":"001_yun04"},{"frame":[{"tweenEasing":0,"duration":60},{"tweenEasing":0,"color":{"aM":0},"duration":45},{"tweenEasing":0,"color":{"aM":0},"duration":85},{"tweenEasing":null,"color":{"aM":0},"duration":0}],"name":"001_yun03"},{"frame":[{"tweenEasing":0,"duration":60},{"tweenEasing":0,"color":{"aM":0},"duration":45},{"tweenEasing":0,"color":{"aM":0},"duration":85},{"tweenEasing":null,"color":{"aM":0},"duration":0}],"name":"001_yun02"},{"frame":[{"tweenEasing":0,"duration":60},{"tweenEasing":0,"color":{"aM":0},"duration":45},{"tweenEasing":0,"color":{"aM":0},"duration":85},{"tweenEasing":null,"color":{"aM":0},"duration":0}],"name":"001_yun01"},{"frame":[{"displayIndex":-1,"tweenEasing":0,"duration":60},{"displayIndex":-1,"tweenEasing":0,"duration":45},{"displayIndex":-1,"tweenEasing":0,"duration":85},{"displayIndex":-1,"tweenEasing":null,"duration":0}],"name":"001_yuncai_fuji"},{"frame":[{"tweenEasing":0,"color":{"rM":34,"gM":34,"bM":34},"duration":60},{"tweenEasing":0,"color":{"rM":54,"gM":54,"bM":54},"duration":5},{"tweenEasing":0,"duration":40},{"tweenEasing":0,"duration":85},{"tweenEasing":null,"duration":0}],"name":"003_quyu"}],"ffd":[],"ik":[],"frame":[],"name":"000_jiesuo","duration":190}],"defaultActions":[{"gotoAndPlay":"000_jiesuo"}],"aabb":{"width":658,"y":-170.5,"height":341,"x":-329},"ik":[],"name":"armatureName","skin":[{"slot":[{"display":[{"path":"ui_fubenjiesuo/ditu01","type":"image","name":"ui_fubenjiesuo/ditu01","transform":{}}],"name":"003_quyu"},{"display":[{"path":"ui_fubenjiesuo/daohang01","type":"image","name":"ui_fubenjiesuo/daohang01","transform":{"y":-71.8174,"x":-0.178}}],"name":"002_daohang"},{"display":[{"path":"ui_fubenjiesuo/yun02","type":"image","name":"ui_fubenjiesuo/yun02","transform":{}}],"name":"001_yun03"},{"display":[{"path":"ui_fubenjiesuo/yun02","type":"image","name":"ui_fubenjiesuo/yun02","transform":{}}],"name":"001_yun08"},{"display":[{"path":"ui_fubenjiesuo/yun02","type":"image","name":"ui_fubenjiesuo/yun02","transform":{}}],"name":"001_yun06"},{"display":[{"path":"ui_fubenjiesuo/yingzi01","type":"image","name":"ui_fubenjiesuo/yingzi01","transform":{}}],"name":"002_daohang_yingzi"},{"display":[{"path":"ui_fubenjiesuo/yun02","type":"image","name":"ui_fubenjiesuo/yun02","transform":{}}],"name":"001_yun04"},{"display":[{"path":"ui_fubenjiesuo/yun02","type":"image","name":"ui_fubenjiesuo/yun02","transform":{}}],"name":"001_yun01"},{"display":[{"path":"ui_fubenjiesuo/wenzi01","type":"image","name":"ui_fubenjiesuo/wenzi01","transform":{}}],"name":"003_wenzi"},{"display":[{"path":"ui_fubenjiesuo/zhinanzhen","type":"image","name":"ui_fubenjiesuo/zhinanzhen","transform":{}}],"name":"003_zhinanzhen"},{"display":[{"path":"ui_fubenjiesuo/diban","type":"image","name":"ui_fubenjiesuo/diban","transform":{}}],"name":"003_diban"},{"display":[{"path":"ui_fubenjiesuo/yun02","type":"image","name":"ui_fubenjiesuo/yun02","transform":{}}],"name":"001_yun07"},{"display":[{"path":"ui_fubenjiesuo/yun02","type":"image","name":"ui_fubenjiesuo/yun02","transform":{}}],"name":"001_yun02"},{"display":[{"path":"ui_fubenjiesuo/yun02","type":"image","name":"ui_fubenjiesuo/yun02","transform":{}}],"name":"001_yun05"}],"name":""}],"slot":[{"name":"003_quyu","parent":"003_quyu","color":{}},{"z":1,"displayIndex":-1,"name":"001_yuncai_fuji","parent":"001_yuncai_fuji","color":{}},{"z":2,"name":"001_yun01","parent":"001_yun01","color":{}},{"z":3,"name":"001_yun02","parent":"001_yun02","color":{}},{"z":4,"name":"001_yun03","parent":"001_yun03","color":{}},{"z":5,"name":"001_yun04","parent":"001_yun04","color":{}},{"z":6,"name":"001_yun05","parent":"001_yun05","color":{}},{"z":7,"name":"001_yun06","parent":"001_yun06","color":{}},{"z":8,"name":"001_yun07","parent":"001_yun07","color":{}},{"z":9,"name":"001_yun08","parent":"001_yun08","color":{}},{"z":10,"name":"002_daohang_yingzi","parent":"002_daohang_yingzi","color":{}},{"z":11,"name":"002_daohang","parent":"002_daohang","color":{}},{"z":12,"displayIndex":-1,"name":"002_daohang_fuji","parent":"002_daohang_fuji","color":{}},{"z":13,"name":"003_diban","parent":"003_diban","color":{}},{"z":14,"name":"003_zhinanzhen","parent":"003_zhinanzhen","color":{}},{"z":15,"name":"003_wenzi","parent":"003_wenzi","color":{}}]}],"name":"ui_quyujiesuo_eff","version":"4.0"}