{"frameRate":30,"name":"ts_gw_006_emo2","version":"5.5","compatibleVersion":"5.5","armature":[{"type":"Armature","frameRate":30,"name":"armatureName","aabb":{"x":-65,"y":-260.96,"width":168,"height":274},"bone":[{"name":"root"},{"name":"bone","parent":"root","transform":{"x":-2.51,"y":-121.41}},{"name":"buff_flo","parent":"root","transform":{"y":0.12}},{"name":"buff_mid","parent":"root","transform":{"y":-135.3}},{"name":"buff_up","parent":"root","transform":{"y":-247.76}},{"name":"tui1","parent":"root","transform":{"x":-42.34,"y":-20.46}},{"name":"tui2","parent":"root","transform":{"x":32.46,"y":-15.74}},{"name":"jiao1","parent":"root","transform":{"x":-19.43,"y":1.78}},{"name":"ts_gw_006_emo2_pz","parent":"root","transform":{"x":-54.83,"y":-50.55}},{"name":"jiao2","parent":"root","transform":{"x":54.7,"y":0.43}},{"length":43,"name":"duyan_qunzi","parent":"bone","transform":{"x":-0.48,"y":0.96,"skX":76.39,"skY":76.39}},{"length":58,"name":"duyan_datui1","parent":"bone","transform":{"x":-23.76,"y":10.18,"skX":77.07,"skY":77.07}},{"length":54,"name":"duyan_datui2","parent":"bone","transform":{"x":12.6,"y":25.21,"skX":42.13,"skY":42.13}},{"length":92,"name":"duyan_shenti","parent":"bone","transform":{"y":-1.45,"skX":-73.38,"skY":-73.38}},{"length":51,"name":"duyan_xiaotui2","parent":"duyan_datui2","transform":{"x":49.75,"y":0.78,"skX":61.68,"skY":61.68}},{"length":58,"name":"duyan_dabi1","parent":"duyan_shenti","transform":{"x":66.93,"y":-35.16,"skX":-167.9,"skY":-167.9}},{"length":51,"name":"duyan_xiaotui1","parent":"duyan_datui1","transform":{"x":54.23,"y":0.01,"skX":47.23,"skY":47.23}},{"length":44,"name":"duyan_dabi2","parent":"duyan_shenti","transform":{"x":52.6,"y":15.16,"skX":157.02,"skY":157.02}},{"length":51,"name":"duyan_tou","parent":"duyan_shenti","transform":{"x":90.15,"y":1.96,"skX":20.82,"skY":20.82}},{"length":69,"name":"duyan_qunzi2","parent":"duyan_qunzi","transform":{"x":1.07,"y":1.75,"skX":23.42,"skY":23.42}},{"length":44,"name":"duyan_xiaobi1","parent":"duyan_dabi1","transform":{"x":60.18,"y":1.86,"skX":-53.36,"skY":-53.36}},{"length":37,"name":"duyan_xiaobi2","parent":"duyan_dabi2","transform":{"x":45.95,"y":-0.72,"skX":-31.51,"skY":-31.51}},{"length":30,"name":"duyan_jiao2","parent":"duyan_xiaotui2","transform":{"x":51.53,"y":0.32,"skX":-74.34,"skY":-74.34}},{"length":59,"name":"duyan_toufa1","parent":"duyan_tou","transform":{"x":26.74,"y":-13.73,"skX":166.81,"skY":166.81}},{"length":29,"name":"duyan_jiao1","parent":"duyan_xiaotui1","transform":{"x":52.61,"y":0.52,"skX":-84.6,"skY":-84.6}},{"length":106,"name":"duyan_shou1","parent":"duyan_xiaobi1","transform":{"x":56.72,"y":-3.85,"skX":-99.93,"skY":-99.93}},{"length":22,"name":"duyan_shou2","parent":"duyan_xiaobi2","transform":{"x":38.32,"y":-0.28,"skX":-6.25,"skY":-6.25}}],"slot":[{"name":"duyan_dabi2","parent":"duyan_dabi2"},{"name":"duyan_xiaobi2","parent":"duyan_xiaobi2"},{"name":"duyan_shou2","parent":"duyan_shou2"},{"name":"duyan_jiao2","parent":"duyan_jiao2"},{"name":"duyan_xiaotui2","parent":"duyan_xiaotui2"},{"name":"duyan_datui2","parent":"duyan_datui2"},{"name":"duyan_toufa1","parent":"duyan_toufa1"},{"name":"duyan_qunzi2","parent":"duyan_qunzi2"},{"name":"duyan_jiao1","parent":"duyan_jiao1"},{"name":"duyan_xiaotui1","parent":"duyan_xiaotui1"},{"name":"duyan_datui1","parent":"duyan_datui1"},{"name":"duyan_qunzi","parent":"duyan_qunzi"},{"name":"duyan_shenti","parent":"duyan_shenti"},{"name":"duyan_dabi1","parent":"duyan_dabi1"},{"name":"duyan_xiaobi1","parent":"duyan_xiaobi1"},{"name":"duyan_shou1","parent":"duyan_shou1"},{"name":"duyan_tou","parent":"duyan_tou"},{"name":"ts_gw_006_emo2_pz","parent":"ts_gw_006_emo2_pz"},{"name":"buff_flo","parent":"buff_flo","color":{"aM":0}},{"name":"buff_mid","parent":"buff_mid","color":{"aM":0}},{"name":"buff_up","parent":"buff_up","color":{"aM":0}}],"ik":[{"chain":1,"name":"tui1","bone":"duyan_xiaotui1","target":"tui1"},{"chain":1,"name":"tui2","bone":"duyan_xiaotui2","target":"tui2"},{"bendPositive":false,"name":"jiao2","bone":"duyan_jiao2","target":"jiao2"},{"bendPositive":false,"name":"jiao1","bone":"duyan_jiao1","target":"jiao1"}],"skin":[{"slot":[{"name":"duyan_tou","display":[{"name":"duyan_tou","transform":{"x":18.28,"y":2.85,"skX":52.35,"skY":52.35}}]},{"name":"duyan_toufa1","display":[{"name":"duyan_toufa1","transform":{"x":42.21,"y":-8.03,"skX":-114.35,"skY":-114.35}}]},{"name":"duyan_xiaobi2","display":[{"name":"duyan_xiaobi2","transform":{"x":15.69,"y":3.2,"skX":-51.87,"skY":-51.87}}]},{"name":"duyan_datui2","display":[{"name":"duyan_datui2","transform":{"x":25.63,"y":-1.33,"skX":-42.15,"skY":-42.15}}]},{"name":"duyan_shou1","display":[{"name":"duyan_shou1","transform":{"x":56.71,"y":-1.3,"skX":34.86,"skY":34.86}}]},{"name":"duyan_jiao1","display":[{"name":"duyan_jiao1","transform":{"x":16.44,"y":-1.66,"skX":-39.85,"skY":-39.85}}]},{"name":"duyan_jiao2","display":[{"name":"duyan_jiao2","transform":{"x":10.45,"y":-2.11,"skX":-29.7,"skY":-29.7}}]},{"name":"ts_gw_006_emo2_pz","display":[{"name":"ts_gw_004_duyan_pz","transform":{"x":58.52,"y":-73.36,"scX":15.1,"scY":24.808}}]},{"name":"duyan_datui1","display":[{"name":"duyan_datui1","transform":{"x":26.19,"y":3.16,"skX":-77.03,"skY":-77.03}}]},{"name":"duyan_xiaotui2","display":[{"name":"duyan_xiaotui2","transform":{"x":23.88,"y":1.82,"skX":-103.84,"skY":-103.84}}]},{"name":"duyan_qunzi2","display":[{"name":"duyan_qunzi2","transform":{"x":36.59,"y":0.32,"skX":-99.81,"skY":-99.81}}]},{"name":"buff_up","display":[{"name":"buff_up","transform":{"x":1.58,"y":-0.79}}]},{"name":"duyan_shou2","display":[{"name":"duyan_shou2","transform":{"x":10.32,"y":-1.6,"skX":-45.99,"skY":-45.99}}]},{"name":"duyan_dabi1","display":[{"name":"duyan_dabi1","transform":{"x":26.21,"y":-0.17,"skX":-118.95,"skY":-118.95}}]},{"name":"duyan_xiaobi1","display":[{"name":"duyan_xiaobi1","transform":{"x":22.06,"y":-2.1,"skX":-65.17,"skY":-65.17}}]},{"name":"buff_mid","display":[{"name":"buff_mid","transform":{"x":1.58,"y":-0.79}}]},{"name":"duyan_shenti","display":[{"name":"duyan_shenti","transform":{"x":41.98,"y":-3.11,"skX":73.33,"skY":73.33}}]},{"name":"duyan_xiaotui1","display":[{"name":"duyan_xiaotui1","transform":{"x":23.96,"y":1.63,"skX":-124.56,"skY":-124.56}}]},{"name":"buff_flo","display":[{"name":"buff_flo","transform":{"x":0.79,"y":-0.79}}]},{"name":"duyan_qunzi","display":[{"name":"duyan_qunzi","transform":{"x":20.17,"y":12.09,"skX":-76.34,"skY":-76.34}}]},{"name":"duyan_dabi2","display":[{"name":"duyan_dabi2","transform":{"x":20.58,"y":-0.14,"skX":-83.62,"skY":-83.62}}]}]}],"animation":[{"duration":20,"name":"0000_chuchang","bone":[{"name":"bone","translateFrame":[{"duration":5,"tweenEasing":0,"y":-123.28},{"duration":15,"tweenEasing":0,"y":15.64},{"duration":0}]}]},{"duration":40,"name":"0001_daiji","bone":[{"name":"bone","translateFrame":[{"duration":20,"tweenEasing":0},{"duration":20,"tweenEasing":0,"y":15.64},{"duration":0}]}]},{"duration":30,"name":"0002_paobu","bone":[{"name":"bone","translateFrame":[{"duration":8,"tweenEasing":0},{"duration":7,"tweenEasing":0,"x":2.94,"y":-20.57},{"duration":7,"tweenEasing":0},{"duration":8,"tweenEasing":0,"x":2.94,"y":-20.57},{"duration":0}]},{"name":"duyan_datui1","translateFrame":[{"duration":15},{"duration":10,"tweenEasing":0},{"duration":5,"tweenEasing":0,"x":13.46,"y":11.96},{"duration":0}]},{"name":"tui2","translateFrame":[{"duration":5,"tweenEasing":0},{"duration":5,"tweenEasing":0,"x":-0.91,"y":-20.23},{"duration":5,"tweenEasing":0,"x":47.69,"y":8.18},{"duration":5,"tweenEasing":0,"x":-48.93,"y":5.23},{"duration":5,"tweenEasing":0,"x":-79.45,"y":-2.28},{"duration":5,"tweenEasing":0,"x":-92.54,"y":-17.99},{"duration":0,"x":-0.91,"y":-20.23}]},{"name":"tui1","translateFrame":[{"duration":5,"tweenEasing":0},{"duration":5,"tweenEasing":0,"x":-33.98,"y":-0.23},{"duration":5,"tweenEasing":0,"x":-41.09,"y":-57.07},{"duration":5,"tweenEasing":0,"x":41.85,"y":-24.67},{"duration":5,"tweenEasing":0,"x":46.79,"y":-12.19},{"duration":5,"tweenEasing":0,"x":91.3,"y":1.26},{"duration":0,"x":-25.76,"y":2.76}]},{"name":"jiao1","translateFrame":[{"duration":5,"tweenEasing":0},{"duration":5,"tweenEasing":0,"x":-43.38,"y":0.74},{"duration":5,"tweenEasing":0,"x":-86.76,"y":-59.46},{"duration":5,"tweenEasing":0},{"duration":5,"tweenEasing":0,"x":34.4,"y":-18.69},{"duration":5,"tweenEasing":0,"x":89.01,"y":-24.3},{"duration":0}]},{"name":"jiao2","translateFrame":[{"duration":10,"tweenEasing":0},{"duration":5,"tweenEasing":0,"x":42.63,"y":-18.69},{"duration":5,"tweenEasing":0,"x":-38.22,"y":-0.97},{"duration":5,"tweenEasing":0,"x":-76.29,"y":-2.99},{"duration":5,"tweenEasing":0,"x":-116.68,"y":-17.95},{"duration":0}]}]},{"duration":30,"name":"0003_chongci","bone":[{"name":"bone","translateFrame":[{"duration":8,"tweenEasing":0},{"duration":7,"tweenEasing":0,"x":2.94,"y":-20.57},{"duration":7,"tweenEasing":0},{"duration":8,"tweenEasing":0,"x":2.94,"y":-20.57},{"duration":0}]},{"name":"duyan_datui1","translateFrame":[{"duration":15},{"duration":10,"tweenEasing":0},{"duration":5,"tweenEasing":0,"x":13.46,"y":11.96},{"duration":0}]},{"name":"tui2","translateFrame":[{"duration":5,"tweenEasing":0},{"duration":5,"tweenEasing":0,"x":-0.91,"y":-20.23},{"duration":5,"tweenEasing":0,"x":47.69,"y":8.18},{"duration":5,"tweenEasing":0,"x":-48.93,"y":5.23},{"duration":5,"tweenEasing":0,"x":-79.45,"y":-2.28},{"duration":5,"tweenEasing":0,"x":-92.54,"y":-17.99},{"duration":0,"x":-0.91,"y":-20.23}]},{"name":"tui1","translateFrame":[{"duration":5,"tweenEasing":0},{"duration":5,"tweenEasing":0,"x":-33.98,"y":-0.23},{"duration":5,"tweenEasing":0,"x":-41.09,"y":-57.07},{"duration":5,"tweenEasing":0,"x":41.85,"y":-24.67},{"duration":5,"tweenEasing":0,"x":46.79,"y":-12.19},{"duration":5,"tweenEasing":0,"x":91.3,"y":1.26},{"duration":0,"x":-25.76,"y":2.76}]},{"name":"jiao1","translateFrame":[{"duration":5,"tweenEasing":0},{"duration":5,"tweenEasing":0,"x":-43.38,"y":0.74},{"duration":5,"tweenEasing":0,"x":-86.76,"y":-59.46},{"duration":5,"tweenEasing":0},{"duration":5,"tweenEasing":0,"x":34.4,"y":-18.69},{"duration":5,"tweenEasing":0,"x":89.01,"y":-24.3},{"duration":0}]},{"name":"jiao2","translateFrame":[{"duration":10,"tweenEasing":0},{"duration":5,"tweenEasing":0,"x":42.63,"y":-18.69},{"duration":5,"tweenEasing":0,"x":-38.22,"y":-0.97},{"duration":5,"tweenEasing":0,"x":-76.29,"y":-2.99},{"duration":5,"tweenEasing":0,"x":-116.68,"y":-17.95},{"duration":0}]}]},{"duration":5,"name":"0004_tiaoyueyanshi","bone":[{"name":"tui2","translateFrame":[{"duration":5,"x":-48.93,"y":5.23}]},{"name":"tui1","translateFrame":[{"duration":5,"x":41.85,"y":-24.67}]},{"name":"jiao2","translateFrame":[{"duration":5,"x":-38.22,"y":-0.97}]}]},{"duration":5,"name":"0005_tiaoyueshang","bone":[{"name":"tui2","translateFrame":[{"duration":5,"x":-48.93,"y":5.23}]},{"name":"tui1","translateFrame":[{"duration":5,"x":41.85,"y":-24.67}]},{"name":"jiao2","translateFrame":[{"duration":5,"x":-38.22,"y":-0.97}]}]},{"duration":5,"name":"0006_tiaoyuehzong","bone":[{"name":"tui2","translateFrame":[{"duration":5,"x":-48.93,"y":5.23}]},{"name":"tui1","translateFrame":[{"duration":5,"x":41.85,"y":-24.67}]},{"name":"jiao2","translateFrame":[{"duration":5,"x":-38.22,"y":-0.97}]}]},{"duration":5,"name":"0007_tiaoyuexia","bone":[{"name":"tui2","translateFrame":[{"duration":5,"x":-48.93,"y":5.23}]},{"name":"tui1","translateFrame":[{"duration":5,"x":41.85,"y":-24.67}]},{"name":"jiao2","translateFrame":[{"duration":5,"x":-38.22,"y":-0.97}]}]},{"duration":10,"name":"0008_shouji1","bone":[{"name":"bone","translateFrame":[{"duration":2,"tweenEasing":0},{"duration":8,"tweenEasing":0,"x":-16.66,"y":3.92},{"duration":0}],"rotateFrame":[{"duration":2,"tweenEasing":0},{"duration":8,"tweenEasing":0,"rotate":6.13},{"duration":0}]}]},{"duration":10,"name":"0009_shouji2","bone":[{"name":"bone","translateFrame":[{"duration":2,"tweenEasing":0},{"duration":8,"tweenEasing":0,"x":-16.66,"y":3.92},{"duration":0}],"rotateFrame":[{"duration":2,"tweenEasing":0},{"duration":8,"tweenEasing":0,"rotate":6.13},{"duration":0}]}]},{"duration":10,"name":"0010_fukongdaodi","bone":[{"name":"bone","translateFrame":[{"duration":2,"tweenEasing":0},{"duration":8,"tweenEasing":0,"x":-16.66,"y":3.92},{"duration":0}],"rotateFrame":[{"duration":2,"tweenEasing":0},{"duration":8,"tweenEasing":0,"rotate":6.13},{"duration":0}]}]},{"duration":10,"name":"0011_jifeishangsheng","bone":[{"name":"bone","translateFrame":[{"duration":2,"tweenEasing":0},{"duration":8,"tweenEasing":0,"x":-16.66,"y":3.92},{"duration":0}],"rotateFrame":[{"duration":2,"tweenEasing":0},{"duration":8,"tweenEasing":0,"rotate":6.13},{"duration":0}]}]},{"duration":10,"name":"0012_jifexialuo","bone":[{"name":"bone","translateFrame":[{"duration":2,"tweenEasing":0},{"duration":8,"tweenEasing":0,"x":-16.66,"y":3.92},{"duration":0}],"rotateFrame":[{"duration":2,"tweenEasing":0},{"duration":8,"tweenEasing":0,"rotate":6.13},{"duration":0}]}]},{"duration":10,"name":"0013_daodi","bone":[{"name":"bone","translateFrame":[{"duration":2,"tweenEasing":0},{"duration":8,"tweenEasing":0,"x":-16.66,"y":3.92},{"duration":0}],"rotateFrame":[{"duration":2,"tweenEasing":0},{"duration":8,"tweenEasing":0,"rotate":6.13},{"duration":0}]}]},{"duration":10,"name":"0014_siwang","bone":[{"name":"bone","translateFrame":[{"duration":2,"tweenEasing":0},{"duration":8,"tweenEasing":0,"x":-16.66,"y":3.92},{"duration":0}],"rotateFrame":[{"duration":2,"tweenEasing":0},{"duration":8,"tweenEasing":0,"rotate":6.13},{"duration":0}]}]},{"duration":10,"name":"0015_daodiqishen","bone":[{"name":"bone","translateFrame":[{"duration":2,"tweenEasing":0},{"duration":8,"tweenEasing":0,"x":-16.66,"y":3.92},{"duration":0}],"rotateFrame":[{"duration":2,"tweenEasing":0},{"duration":8,"tweenEasing":0,"rotate":6.13},{"duration":0}]}]},{"duration":10,"name":"0016_xuruo","bone":[{"name":"bone","translateFrame":[{"duration":2,"tweenEasing":0},{"duration":8,"tweenEasing":0,"x":-16.66,"y":3.92},{"duration":0}],"rotateFrame":[{"duration":2,"tweenEasing":0},{"duration":8,"tweenEasing":0,"rotate":6.13},{"duration":0}]}]},{"duration":10,"name":"0017_shengli","bone":[{"name":"bone","translateFrame":[{"duration":2,"tweenEasing":0},{"duration":8,"tweenEasing":0,"x":-16.66,"y":3.92},{"duration":0}],"rotateFrame":[{"duration":2,"tweenEasing":0},{"duration":8,"tweenEasing":0,"rotate":6.13},{"duration":0}]}]},{"duration":10,"name":"0018_dingshen","bone":[{"name":"bone","translateFrame":[{"duration":2,"tweenEasing":0},{"duration":8,"tweenEasing":0,"x":-16.66,"y":3.92},{"duration":0}],"rotateFrame":[{"duration":2,"tweenEasing":0},{"duration":8,"tweenEasing":0,"rotate":6.13},{"duration":0}]}]},{"duration":10,"name":"0019_gedang","bone":[{"name":"bone","translateFrame":[{"duration":2,"tweenEasing":0},{"duration":8,"tweenEasing":0,"x":-16.66,"y":3.92},{"duration":0}],"rotateFrame":[{"duration":2,"tweenEasing":0},{"duration":8,"tweenEasing":0,"rotate":6.13},{"duration":0}]}]},{"duration":10,"name":"0020_wu","bone":[{"name":"bone","translateFrame":[{"duration":2,"tweenEasing":0},{"duration":8,"tweenEasing":0,"x":-16.66,"y":3.92},{"duration":0}],"rotateFrame":[{"duration":2,"tweenEasing":0},{"duration":8,"tweenEasing":0,"rotate":6.13},{"duration":0}]}]},{"duration":10,"name":"0021_wu","bone":[{"name":"bone","translateFrame":[{"duration":2,"tweenEasing":0},{"duration":8,"tweenEasing":0,"x":-16.66,"y":3.92},{"duration":0}],"rotateFrame":[{"duration":2,"tweenEasing":0},{"duration":8,"tweenEasing":0,"rotate":6.13},{"duration":0}]}]},{"duration":10,"name":"0022_wu","bone":[{"name":"bone","translateFrame":[{"duration":2,"tweenEasing":0},{"duration":8,"tweenEasing":0,"x":-16.66,"y":3.92},{"duration":0}],"rotateFrame":[{"duration":2,"tweenEasing":0},{"duration":8,"tweenEasing":0,"rotate":6.13},{"duration":0}]}]},{"duration":10,"name":"0023_wu","bone":[{"name":"bone","translateFrame":[{"duration":2,"tweenEasing":0},{"duration":8,"tweenEasing":0,"x":-16.66,"y":3.92},{"duration":0}],"rotateFrame":[{"duration":2,"tweenEasing":0},{"duration":8,"tweenEasing":0,"rotate":6.13},{"duration":0}]}]},{"duration":10,"name":"0024_wu","bone":[{"name":"bone","translateFrame":[{"duration":2,"tweenEasing":0},{"duration":8,"tweenEasing":0,"x":-16.66,"y":3.92},{"duration":0}],"rotateFrame":[{"duration":2,"tweenEasing":0},{"duration":8,"tweenEasing":0,"rotate":6.13},{"duration":0}]}]},{"duration":45,"name":"0025_gongji1","bone":[{"name":"bone","translateFrame":[{"duration":15,"tweenEasing":0},{"duration":5,"tweenEasing":0,"x":-0.97,"y":12.73},{"duration":10,"x":14.69,"y":4.9},{"duration":15,"tweenEasing":0,"x":14.69,"y":4.9},{"duration":0}]},{"name":"duyan_shenti","rotateFrame":[{"duration":15},{"duration":5,"tweenEasing":0},{"duration":10,"rotate":21.78},{"duration":15,"tweenEasing":0,"rotate":21.78},{"duration":0}]},{"name":"duyan_dabi1","rotateFrame":[{"duration":15,"tweenEasing":0},{"duration":5,"tweenEasing":0,"rotate":-106.33},{"duration":10,"rotate":-70.17},{"duration":15,"tweenEasing":0,"rotate":-70.17},{"duration":0}]},{"name":"duyan_xiaobi1","rotateFrame":[{"duration":15},{"duration":5,"tweenEasing":0},{"duration":10,"rotate":65.82},{"duration":15,"tweenEasing":0,"rotate":65.82},{"duration":0}]},{"name":"duyan_dabi2","rotateFrame":[{"duration":15},{"duration":5,"tweenEasing":0},{"duration":10,"rotate":59.5},{"duration":15,"tweenEasing":0,"rotate":59.5},{"duration":0}]},{"name":"tui2","translateFrame":[{"duration":15},{"duration":5,"tweenEasing":0},{"duration":10,"x":36.25},{"duration":15,"tweenEasing":0,"x":36.25},{"duration":0}]},{"name":"jiao2","translateFrame":[{"duration":15},{"duration":5,"tweenEasing":0},{"duration":10,"x":36.25},{"duration":15,"tweenEasing":0,"x":36.25},{"duration":0}]}]},{"duration":45,"name":"0026_gongji2","bone":[{"name":"bone","translateFrame":[{"duration":15,"tweenEasing":0},{"duration":5,"tweenEasing":0,"x":-0.97,"y":12.73},{"duration":10,"x":14.69,"y":4.9},{"duration":15,"tweenEasing":0,"x":14.69,"y":4.9},{"duration":0}]},{"name":"duyan_shenti","rotateFrame":[{"duration":15},{"duration":5,"tweenEasing":0},{"duration":10,"rotate":21.78},{"duration":15,"tweenEasing":0,"rotate":21.78},{"duration":0}]},{"name":"duyan_dabi1","rotateFrame":[{"duration":15,"tweenEasing":0},{"duration":5,"tweenEasing":0,"rotate":-106.33},{"duration":10,"rotate":-70.17},{"duration":15,"tweenEasing":0,"rotate":-70.17},{"duration":0}]},{"name":"duyan_xiaobi1","rotateFrame":[{"duration":15},{"duration":5,"tweenEasing":0},{"duration":10,"rotate":65.82},{"duration":15,"tweenEasing":0,"rotate":65.82},{"duration":0}]},{"name":"duyan_dabi2","rotateFrame":[{"duration":15},{"duration":5,"tweenEasing":0},{"duration":10,"rotate":59.5},{"duration":15,"tweenEasing":0,"rotate":59.5},{"duration":0}]},{"name":"tui2","translateFrame":[{"duration":15},{"duration":5,"tweenEasing":0},{"duration":10,"x":36.25},{"duration":15,"tweenEasing":0,"x":36.25},{"duration":0}]},{"name":"jiao2","translateFrame":[{"duration":15},{"duration":5,"tweenEasing":0},{"duration":10,"x":36.25},{"duration":15,"tweenEasing":0,"x":36.25},{"duration":0}]}]},{"duration":45,"name":"0027_shifa1","bone":[{"name":"bone","translateFrame":[{"duration":15,"tweenEasing":0},{"duration":5,"tweenEasing":0,"x":-0.97,"y":12.73},{"duration":10,"x":14.69,"y":4.9},{"duration":15,"tweenEasing":0,"x":14.69,"y":4.9},{"duration":0}]},{"name":"duyan_shenti","rotateFrame":[{"duration":15},{"duration":5,"tweenEasing":0},{"duration":10,"rotate":21.78},{"duration":15,"tweenEasing":0,"rotate":21.78},{"duration":0}]},{"name":"duyan_dabi1","rotateFrame":[{"duration":15,"tweenEasing":0},{"duration":5,"tweenEasing":0,"rotate":-106.33},{"duration":10,"rotate":-70.17},{"duration":15,"tweenEasing":0,"rotate":-70.17},{"duration":0}]},{"name":"duyan_xiaobi1","rotateFrame":[{"duration":15},{"duration":5,"tweenEasing":0},{"duration":10,"rotate":65.82},{"duration":15,"tweenEasing":0,"rotate":65.82},{"duration":0}]},{"name":"duyan_dabi2","rotateFrame":[{"duration":15},{"duration":5,"tweenEasing":0},{"duration":10,"rotate":59.5},{"duration":15,"tweenEasing":0,"rotate":59.5},{"duration":0}]},{"name":"tui2","translateFrame":[{"duration":15},{"duration":5,"tweenEasing":0},{"duration":10,"x":36.25},{"duration":15,"tweenEasing":0,"x":36.25},{"duration":0}]},{"name":"jiao2","translateFrame":[{"duration":15},{"duration":5,"tweenEasing":0},{"duration":10,"x":36.25},{"duration":15,"tweenEasing":0,"x":36.25},{"duration":0}]}]},{"duration":45,"name":"0028_shifa2","bone":[{"name":"bone","translateFrame":[{"duration":15,"tweenEasing":0},{"duration":5,"tweenEasing":0,"x":-0.97,"y":12.73},{"duration":10,"x":14.69,"y":4.9},{"duration":15,"tweenEasing":0,"x":14.69,"y":4.9},{"duration":0}]},{"name":"duyan_shenti","rotateFrame":[{"duration":15},{"duration":5,"tweenEasing":0},{"duration":10,"rotate":21.78},{"duration":15,"tweenEasing":0,"rotate":21.78},{"duration":0}]},{"name":"duyan_dabi1","rotateFrame":[{"duration":15,"tweenEasing":0},{"duration":5,"tweenEasing":0,"rotate":-106.33},{"duration":10,"rotate":-70.17},{"duration":15,"tweenEasing":0,"rotate":-70.17},{"duration":0}]},{"name":"duyan_xiaobi1","rotateFrame":[{"duration":15},{"duration":5,"tweenEasing":0},{"duration":10,"rotate":65.82},{"duration":15,"tweenEasing":0,"rotate":65.82},{"duration":0}]},{"name":"duyan_dabi2","rotateFrame":[{"duration":15},{"duration":5,"tweenEasing":0},{"duration":10,"rotate":59.5},{"duration":15,"tweenEasing":0,"rotate":59.5},{"duration":0}]},{"name":"tui2","translateFrame":[{"duration":15},{"duration":5,"tweenEasing":0},{"duration":10,"x":36.25},{"duration":15,"tweenEasing":0,"x":36.25},{"duration":0}]},{"name":"jiao2","translateFrame":[{"duration":15},{"duration":5,"tweenEasing":0},{"duration":10,"x":36.25},{"duration":15,"tweenEasing":0,"x":36.25},{"duration":0}]}]},{"duration":60,"name":"0029_bisha_yanshi","bone":[{"name":"bone","translateFrame":[{"duration":25,"tweenEasing":0},{"duration":5,"tweenEasing":0,"x":-0.97,"y":12.73},{"duration":15,"x":14.69,"y":4.9},{"duration":15,"tweenEasing":0,"x":14.69,"y":4.9},{"duration":0}]},{"name":"duyan_shenti","rotateFrame":[{"duration":25},{"duration":5,"tweenEasing":0},{"duration":15,"rotate":21.78},{"duration":15,"tweenEasing":0,"rotate":21.78},{"duration":0}]},{"name":"duyan_dabi1","rotateFrame":[{"duration":25,"tweenEasing":0},{"duration":5,"tweenEasing":0,"rotate":-106.33},{"duration":15,"rotate":-70.17},{"duration":15,"tweenEasing":0,"rotate":-70.17},{"duration":0}]},{"name":"duyan_xiaobi1","rotateFrame":[{"duration":25},{"duration":5,"tweenEasing":0},{"duration":15,"rotate":65.82},{"duration":15,"tweenEasing":0,"rotate":65.82},{"duration":0}]},{"name":"duyan_dabi2","rotateFrame":[{"duration":25},{"duration":5,"tweenEasing":0},{"duration":15,"rotate":59.5},{"duration":15,"tweenEasing":0,"rotate":59.5},{"duration":0}]},{"name":"tui2","translateFrame":[{"duration":25},{"duration":5,"tweenEasing":0},{"duration":15,"x":36.25},{"duration":15,"tweenEasing":0,"x":36.25},{"duration":0}]},{"name":"jiao2","translateFrame":[{"duration":25},{"duration":5,"tweenEasing":0},{"duration":15,"x":36.25},{"duration":15,"tweenEasing":0,"x":36.25},{"duration":0}]}]}],"defaultActions":[{"gotoAndPlay":"0000_chuchang"}]}]}