{"frameRate":30,"name":"beastjokerspine","version":"5.5","compatibleVersion":"5.5","armature":[{"type":"Armature","frameRate":30,"name":"armatureName","aabb":{"x":-114.15,"y":-272.07,"width":310.53,"height":276.78},"bone":[{"name":"root"},{"length":114,"name":"head","parent":"root","transform":{"x":-8.56,"y":-92.35,"skX":-85.92,"skY":-85.92}},{"length":35,"name":"armL","parent":"head","transform":{"x":39.89,"y":53.94,"skX":79.4,"skY":79.4}},{"length":24,"name":"armR","parent":"head","transform":{"x":45.87,"y":-77.18,"skX":102.04,"skY":102.04}},{"length":50,"name":"hair6","parent":"head","transform":{"x":97.72,"y":-57.89,"skX":-152.45,"skY":-152.45}},{"length":68,"name":"hairback2","parent":"head","transform":{"x":135.62,"y":56.58,"skX":147.57,"skY":147.57}},{"name":"nose","parent":"head","transform":{"x":69.94,"y":51.8}},{"length":36,"name":"hair1","parent":"head","transform":{"x":135.21,"y":44.44,"skX":135.58,"skY":135.58}},{"length":67,"name":"hat","parent":"head","transform":{"x":126.83,"y":-9.93,"skX":-18,"skY":-18}},{"length":57,"name":"hair3","parent":"head","transform":{"x":121.71,"y":-24.89,"skX":-160.18,"skY":-160.18}},{"length":71,"name":"hair5","parent":"head","transform":{"x":117.67,"y":-18.3,"skX":-160.49,"skY":-160.49}},{"length":69,"name":"hairback","parent":"head","transform":{"x":119.58,"y":40.15,"skX":156.38,"skY":156.38}},{"length":59,"name":"legL","parent":"head","transform":{"x":-4.33,"y":40.41,"skX":144.01,"skY":144.01}},{"name":"hip","parent":"head","transform":{"x":7.33,"y":-23.5}},{"length":45,"name":"hair2","parent":"head","transform":{"x":130.99,"y":23.11,"skX":144,"skY":144}},{"length":61,"name":"hair4","parent":"head","transform":{"x":100.67,"y":-67.11,"skX":-158.12,"skY":-158.12}},{"length":36,"name":"bone2","parent":"hair1","transform":{"x":36.66,"y":-0.1,"skX":36.34,"skY":36.34}},{"length":54,"name":"bone4","parent":"hairback","transform":{"x":69.09,"y":0.21,"skX":16.27,"skY":16.27}},{"length":59,"name":"bone3","parent":"hair3","transform":{"x":57.96,"y":-0.1,"skX":-20.06,"skY":-20.06}},{"length":42,"name":"handL","parent":"armL","transform":{"x":35.89,"y":-1.32,"skX":-16.57,"skY":-16.57}},{"length":38,"name":"bone9","parent":"hair6","transform":{"x":50.03,"y":-0.18,"skX":-18.31,"skY":-18.31}},{"length":46,"name":"bone7","parent":"hair5","transform":{"x":71.06,"y":-0.11,"skX":-14.7,"skY":-14.7}},{"length":47,"name":"bone5","parent":"hairback2","transform":{"x":68.77,"y":0.35,"skX":16.37,"skY":16.37}},{"length":33,"name":"handR","parent":"armR","transform":{"x":22.22,"y":-0.8,"skX":-6.01,"skY":-6.01}},{"length":48,"name":"legR","parent":"hip","transform":{"x":-11.01,"y":-2.82,"skX":177.51,"skY":177.51}},{"length":69,"name":"footL","parent":"legL","transform":{"x":59.32,"y":-1.7,"skX":-98.07,"skY":-98.07}},{"length":48,"name":"handL3","parent":"handL","transform":{"x":52.23,"y":-5.57,"skX":-2.74,"skY":-2.74}},{"length":48,"name":"handL2","parent":"handL","transform":{"x":49.49,"y":-17.49,"skX":-25.49,"skY":-25.49}},{"length":60,"name":"footR","parent":"legR","transform":{"x":63.03,"y":2.78,"skX":-138.29,"skY":-138.29}},{"length":34,"name":"bone10","parent":"bone9","transform":{"x":38.81,"y":0.05,"skX":-33.88,"skY":-33.88}},{"length":35,"name":"bone8","parent":"bone7","transform":{"x":46.27,"y":-0.84,"skX":-25.19,"skY":-25.19}},{"length":46,"name":"fingerR","parent":"handR","transform":{"x":8.65,"y":-12.95,"skX":-28.76,"skY":-28.76}},{"inheritRotation":false,"inheritScale":false,"length":31,"name":"fingerL","parent":"handL","transform":{"x":15.97,"y":-15.66,"skX":-43.82,"skY":-43.82}},{"length":34,"name":"handL4","parent":"handL","transform":{"x":50.43,"y":11.25,"skX":17.92,"skY":17.92}},{"length":44,"name":"handR2","parent":"handR","transform":{"x":42.31,"y":-16.21,"skX":-18.31,"skY":-18.31}},{"length":47,"name":"handR3","parent":"handR","transform":{"x":44.39,"y":-1.96,"skX":2.61,"skY":2.61}},{"length":40,"name":"handR4","parent":"handR","transform":{"x":41.32,"y":14.1,"skX":20.87,"skY":20.87}},{"length":31,"name":"bone6","parent":"bone5","transform":{"x":47.35,"y":-0.04,"skX":42.28,"skY":42.28}},{"length":24,"name":"bone","parent":"fingerL","transform":{"x":31.15,"y":0.06,"skX":95.79,"skY":95.79}}],"slot":[{"name":"hairback","parent":"hairback2"},{"name":"legL","parent":"legL"},{"name":"footL","parent":"footL"},{"name":"armL","parent":"armL"},{"name":"handL","parent":"handL4"},{"name":"fingerL","parent":"fingerL"},{"name":"head","parent":"head"},{"name":"nose","parent":"nose"},{"name":"hip","parent":"hip"},{"name":"legR","parent":"legR"},{"name":"hair1","parent":"hair1"},{"name":"hair2","parent":"hair2"},{"name":"hair3","parent":"hair4"},{"name":"hair4","parent":"hair6"},{"name":"armR","parent":"armR"},{"name":"hat","parent":"hat"},{"name":"footR","parent":"footR"},{"name":"fingerR","parent":"fingerR"},{"name":"handR","parent":"handR4"}],"skin":[{"slot":[{"name":"armR","display":[{"name":"armR","transform":{"x":4.58,"y":2.64,"skX":-16.16,"skY":-16.16}}]},{"name":"head","display":[{"type":"mesh","name":"head","width":160,"height":159,"vertices":[39.95,81.8,26.66,73.95,2.15,64.46,-19.87,61,-28.93,44.95,-29.59,35.76,-31.11,14.43,-16.28,-22.8,-4.31,-36.72,14.09,-58.11,39.96,-78.59,62.6,-80.2,91.12,-81.24,104.77,-49.92,117.84,-12.05,125.5,23.14,130.75,49.07,131.55,60.37,94.44,72.62,71.21,74.98,56.8,80.59,85.01,-10.99,95.62,31.45,97.33,60.02,76.44,-47.98,49.67,-44.09,46.95,-8.28,62.11,5.47,19.64,1.9,-5.06,16.2,44.71,43.65,46.72,62.64,48.49,13.37,53.03,72.42,19.64,-39.65],"uvs":[0.99999,0.58426,0.9451,0.66408,0.87505,0.81362,0.84372,0.95032,0.73959,0.99999,0.68202,0.99999,0.54836,0.99999,0.32283,0.89033,0.24137,0.80898,0.11616,0.68394,0,0.5125,0,0.36972,0.00616,0.19036,0.2075,0.1187,0.44944,0.05362,0.67224,0.0213,0.83624,0,0.90705,0,0.96695,0.2383,0.97136,0.38508,0.99993,0.478,0.44143,0.26005,0.71081,0.21246,0.88971,0.21453,0.20701,0.2973,0.21935,0.46698,0.44143,0.50009,0.53397,0.41111,0.49284,0.67597,0.57098,0.83737,0.76427,0.53733,0.88354,0.53319,0.57715,0.50009,0.94728,0.49802,0.23374,0.65735],"triangles":[17,23,18,18,23,19,31,1,0,33,31,0,33,0,20,19,33,20,16,23,17,30,31,19,23,22,19,22,30,19,31,33,19,31,30,1,16,22,23,15,22,16,4,3,2,29,4,2,29,5,4,22,27,30,27,32,30,32,28,30,29,6,5,21,27,22,15,14,22,14,21,22,27,26,32,26,28,32,7,6,29,28,7,29,21,26,27,25,26,21,8,7,28,34,8,28,26,34,28,25,34,26,24,25,21,13,24,21,13,21,14,12,24,13,10,9,25,24,11,25,25,9,34,34,9,8,11,10,25,12,11,24,28,2,1,28,29,2,30,28,1],"edges":[10,9,9,8,8,7,7,6,6,5,5,4,4,3,3,2,2,1,1,0,0,20,20,19,19,18,18,17,17,16,16,15,15,14,14,13,13,12,12,11,11,10],"userEdges":[28,1]}]},{"name":"nose","display":[{"name":"nose","transform":{"x":-0.58,"y":0.84,"skX":85.92,"skY":85.92}}]},{"name":"footR","display":[{"name":"footR","transform":{"x":21.19,"y":4.03,"skX":46.8,"skY":46.8}}]},{"name":"legR","display":[{"name":"legR","transform":{"x":13.24,"y":-0.82,"skX":-91.56,"skY":-91.56}}]},{"name":"footL","display":[{"name":"footL","transform":{"x":29.39,"y":1.71,"skX":40.16,"skY":40.16}}]},{"name":"hair2","display":[{"name":"hair2","transform":{"x":27.04,"y":4.97,"skX":-57.8,"skY":-57.8}}]},{"name":"handL","display":[{"type":"mesh","name":"handL","width":108,"height":95,"vertices":[162.01,-196.63,139.41,-175.11,167.18,-189.37,178.46,-184.38,179.83,-173.26,153.05,-160.95,181.05,-162.11,181.88,-151.19,169.9,-131.89,139.39,-123.88,114.22,-117.27,83.82,-114.27,76,-129.81,75.42,-144.56,115.05,-178.99,145.78,-209.23,158.78,-207.76,126.59,-155.67],"uvs":[0.81603,0.13262,0.6067,0.35924,0.86372,0.20903,0.96825,0.26145,0.98105,0.37865,0.73298,0.50831,0.99221,0.49599,0.99999,0.61097,0.88914,0.81425,0.60665,0.89873,0.37353,0.96844,0.09176,0.99999,0.01947,0.83639,0,0.65721,0.38114,0.31845,0.66565,0,0.78606,0.01545,0.48858,0.56665],"triangles":[5,8,7,5,7,6,3,2,4,2,5,4,1,5,2,5,9,8,17,9,5,16,15,0,15,1,0,1,17,5,14,1,15,17,10,9,14,17,1,13,12,10,13,10,17,14,13,17,12,11,10],"weights":[1,27,1,2,26,0.47421,27,0.52578,1,26,1,1,26,1,1,26,1,2,33,0.31528,26,0.68471,2,33,0.99914,26,0.00085,1,33,1,1,33,1,2,19,0.13811,33,0.86188,3,19,0.77408,33,0.22141,2,0.00449,4,19,0.61896,33,0.00525,2,0.37474,32,0.00103,2,19,0.02564,2,0.97435,3,19,0.04617,2,0.60737,32,0.34643,2,19,0.3,27,0.7,1,27,1,1,27,1,4,19,0.32554,26,0.52396,27,0.13122,32,0.01925],"slotPose":[1,0,0,1,0,0],"bonePose":[27,0.661574,-0.74988,0.74988,0.661574,122.255616,-169.185582,26,0.900091,-0.435702,0.435702,0.900091,129.45086,-159.295057,33,0.995932,-0.090111,0.090111,0.995932,134.391468,-143.11659,19,0.91989,-0.392177,0.392177,0.91989,83.589431,-133.687888,2,0.993532,-0.11355,0.11355,0.993532,48.081443,-128.301114,32,0.392177,-0.91989,0.91989,0.392177,92.138588,-154.356424],"edges":[13,12,12,11,11,10,10,9,9,8,8,7,7,6,6,5,5,4,4,3,3,2,2,1,1,0,0,16,16,15,15,14,14,13],"userEdges":[]}]},{"name":"hair4","display":[{"type":"mesh","name":"hair4","width":101,"height":149,"vertices":[-21.76,-161.64,-30.38,-140.88,-41.09,-99.78,-31.45,-61.4,-47.45,-64.24,-65.97,-73.49,-91.99,-86.49,-101.99,-109.31,-102.13,-137.81,-91.75,-159.22,-68.1,-208.08,-39.19,-210.34,-1.47,-210.52,-57.92,-159.58,-68.56,-121.05],"uvs":[0.79687,0.3274,0.71055,0.46653,0.60293,0.74209,0.69666,1,0.53831,0.98047,0.35532,0.9178,0.09802,0.82968,0,0.6762,0,0.48487,0.10364,0.34146,0.34014,0.01423,0.62641,0,1,0,0.4386,0.34008,0.33165,0.5985],"triangles":[11,0,12,2,4,3,13,1,0,11,13,0,10,13,11,14,2,1,13,14,1,5,4,2,14,5,2,14,6,5,10,9,13,9,8,14,9,14,13,7,6,14,8,7,14],"weights":[2,10,0.9953,21,0.00469,2,10,0.4942,21,0.50579,2,21,0.47054,30,0.52944,2,29,0.00018,30,0.99981,2,29,0.0023,30,0.99768,2,29,0.25033,30,0.74966,1,29,1,3,4,0.00001,20,0.30894,29,0.69104,3,4,0.00084,20,0.99882,29,0.00032,2,4,0.76587,20,0.23412,1,4,0.99999,2,4,0.26175,10,0.73824,2,4,0.03322,10,0.96677,4,4,0.30157,20,0.00825,10,0.60553,21,0.08461,5,4,0.00365,20,0.25006,29,0.05563,21,0.69058,30,0.00006],"slotPose":[1,0,0,1,0,0],"bonePose":[20,-0.230389,0.973099,-0.973099,-0.230389,-85.434643,-151.248613,29,0.351188,0.936305,-0.936305,0.351188,-94.424712,-113.494179,10,-0.400189,0.916433,-0.916433,-0.400189,-18.441488,-211.023818,21,-0.154538,0.987987,-0.987987,-0.154538,-46.778117,-145.858097,30,0.280667,0.959805,-0.959805,0.280667,-53.098679,-100.014134,4,-0.524432,0.851452,-0.851452,-0.524432,-59.350582,-193.941177],"edges":[7,6,6,5,5,4,4,3,3,2,2,1,1,0,0,12,12,11,11,10,10,9,9,8,8,7],"userEdges":[]}]},{"name":"handR","display":[{"type":"mesh","name":"handR","width":117,"height":83,"vertices":[33.78,-147.58,33.87,-122.12,27.19,-113.67,-6.54,-122.5,19.92,-104.76,18.32,-96,-4.61,-87.37,-32.33,-100.15,-67.78,-116.5,-83.1,-125.6,-81.79,-139.65,-74.96,-156.02,-53.91,-158.65,-18.1,-156.02,30.76,-161.98],"uvs":[0.99999,0.27644,0.99999,0.58276,0.94246,0.68452,0.65441,0.57639,0.87993,0.79164,0.8659,0.89718,0.66955,0.99998,0.43307,0.84448,0.13054,0.64554,0,0.53506,0.01177,0.36583,0.07074,0.16878,0.25071,0.13816,0.55679,0.17192,0.97477,0.10268],"triangles":[14,13,0,13,3,0,0,3,1,3,2,1,6,5,4,3,6,4,3,7,6,12,7,13,13,7,3,12,8,7,10,8,12,11,10,12,10,9,8],"weights":[2,34,0.8942,35,0.10579,2,34,0.00548,35,0.99451,1,35,1,2,35,0.68485,36,0.31514,1,36,1,1,36,1,2,35,0.0002,36,0.99979,6,3,0.11293,23,0.07509,31,0.00019,34,0.00012,35,0.0001,36,0.81154,5,3,0.95214,23,0.01021,31,0.00043,34,0.00001,36,0.03719,4,3,0.99644,23,0.00025,31,0.00191,36,0.00137,1,3,1,3,3,0.62708,23,0.07882,31,0.29406,4,3,0.00239,23,0.02723,31,0.97034,34,0.00002,2,34,0.99998,36,0.00001,1,34,1],"slotPose":[1,0,0,1,0,0],"bonePose":[34,0.989776,-0.142629,0.142629,0.989776,-16.21379,-146.725478,35,0.975458,0.220187,-0.220187,0.975458,-16.667511,-132.331624,31,0.94749,-0.319786,0.319786,0.94749,-49.923392,-149.424725,36,0.857347,0.514739,-0.514739,0.857347,-22.508991,-117.059898,3,0.960682,0.27765,-0.27765,0.960682,-82.280784,-143.595051,23,0.984473,0.175539,-0.175539,0.984473,-60.712304,-138.194214],"edges":[9,8,8,7,7,6,6,5,5,4,4,3,3,2,2,1,1,0,0,14,14,13,13,12,12,11,11,10,10,9],"userEdges":[]}]},{"name":"hat","display":[{"type":"mesh","name":"hat","width":163,"height":105,"vertices":[52.36,38.82,31.54,59.26,1.81,78.19,-8.3,84.83,-21.07,81.66,-15.53,28.12,-13.91,-32.72,-16.29,-76.66,-7.29,-82.85,5.71,-79.62,36.2,-57.62,58.49,-31.5,74.26,-5.66,68.92,15.86,39.18,-19.17,37.03,23.68],"uvs":[0.63634,0.10033,0.78881,0.2459,0.9455,0.47727,0.99999,0.55558,0.99999,0.6809,0.67298,0.75256,0.30829,0.87714,0.0502,1,0.00001,0.93106,0,0.80341,0.08593,0.4711,0.20851,0.20509,0.33905,0,0.47515,0,0.31049,0.35526,0.56883,0.27685],"triangles":[3,2,4,2,5,4,1,5,2,15,5,1,0,15,1,15,14,5,14,6,5,13,15,0,13,14,15,12,14,13,10,9,6,10,6,14,11,14,12,9,7,6,11,10,14,9,8,7],"edges":[9,8,8,7,7,6,6,5,5,4,4,3,3,2,2,1,1,0,0,13,13,12,12,11,11,10,10,9],"userEdges":[12,14]}]},{"name":"hip","display":[{"name":"hip","transform":{"x":-2.23,"y":-2.47,"skX":85.92,"skY":85.92}}]},{"name":"fingerR","display":[{"name":"fingerR","transform":{"x":21.52,"y":-2.86,"skX":18.76,"skY":18.76}}]},{"name":"hair1","display":[{"type":"mesh","name":"hair1","width":50,"height":68,"vertices":[81.84,-179.56,74.53,-152.22,64.09,-152.25,56.73,-188.22,31.94,-211.59,31.98,-220.35,70.3,-220.23,80.06,-200.71],"uvs":[0.99999,0.59764,0.85568,0.99988,0.64661,1,0.49718,0.47146,0,0.12893,0,0,0.76672,0,0.96295,0.28659],"triangles":[2,1,0,3,2,0,7,3,0,6,3,7,4,3,6,5,4,6],"weights":[2,7,0.25,16,0.75,1,16,1,1,16,1,2,7,0.48,16,0.52,1,7,1,1,7,1,1,7,1,2,7,0.48,16,0.52],"slotPose":[1,0,0,1,0,0],"bonePose":[7,0.647322,0.762217,-0.762217,0.647322,45.387467,-224.055461,16,0.069756,0.997564,-0.997564,0.069756,69.194516,-196.177333],"edges":[4,3,3,2,2,1,1,0,0,7,7,6,6,5,5,4],"userEdges":[]}]},{"name":"legL","display":[{"name":"legL","transform":{"x":20.31,"y":-2.58,"skX":-57.8,"skY":-57.8}}]},{"name":"armL","display":[{"name":"armL","transform":{"x":18.52,"y":-0.87,"skX":6.53,"skY":6.53}}]},{"name":"hair3","display":[{"type":"mesh","name":"hair3","width":102,"height":128,"vertices":[-29.25,-160.71,-34.09,-116.79,-23.79,-81.41,-62.57,-81.29,-96.3,-103.03,-108.04,-125.89,-108.1,-144.42,-100.96,-165.49,-78.97,-194.57,-46.28,-205.61,-6.34,-209.46,-68.2,-162.36,-72.21,-119.9],"uvs":[0.77371,0.38035,0.72502,0.72339,0.82477,1,0.44457,0.99998,0.11447,0.82914,0,0.65014,0,0.50537,0.07077,0.34099,0.28727,0.11438,0.60821,0.029,0.99998,0.00001,0.39185,0.36636,0.35121,0.69801],"triangles":[9,0,10,11,12,1,11,1,0,9,11,0,1,3,2,8,11,9,12,3,1,6,12,11,12,4,3,6,5,12,7,6,11,8,7,11,5,4,12],"weights":[2,9,0.63794,18,0.36205,1,18,1,1,18,1,2,18,0.96871,15,0.03128,2,18,0.4464,15,0.55359,2,18,0.07859,15,0.9214,1,15,1,1,15,1,1,15,1,2,9,0.75636,15,0.24363,2,9,0.99541,15,0.00458,3,9,0.04727,18,0.2953,15,0.65741,2,18,0.77108,15,0.22891],"slotPose":[1,0,0,1,0,0],"bonePose":[9,-0.405142,0.914254,-0.914254,-0.405142,-24.727343,-215.522453,18,-0.06697,0.997755,-0.997755,-0.06697,-48.117924,-162.49178,15,-0.437744,0.8991,-0.8991,-0.437744,-68.337325,-197.539697],"edges":[5,4,4,3,3,2,2,1,1,0,0,10,10,9,9,8,8,7,7,6,6,5],"userEdges":[]}]},{"name":"hairback","display":[{"type":"mesh","name":"hairback","width":113,"height":144,"vertices":[99.23,-162.28,108.83,-135,106.78,-112.34,97.1,-97.09,74.19,-83.14,51.43,-68.28,44.19,-68.32,45.92,-97.02,42.57,-124.66,30.23,-149.15,-3.81,-212.51,49.52,-212.28,72.01,-212.19,76.32,-159.56,86.65,-127.44],"uvs":[0.91397,0.34583,0.99999,0.53499,0.98277,0.69235,0.89759,0.79854,0.69552,0.89606,0.49457,1,0.43055,1,0.44456,0.80061,0.4139,0.60886,0.30374,0.43902,0,0,0.47206,0.00002,0.67115,0.00003,0.71123,0.36532,0.80385,0.58815],"triangles":[12,13,0,14,2,1,0,14,1,13,14,0,14,3,2,14,4,3,12,11,13,7,4,14,8,7,14,13,8,14,11,9,13,9,8,13,7,5,4,10,9,11,7,6,5],"weights":[2,5,0.24464,22,0.75535,1,22,1,2,5,0.00002,22,0.99997,2,17,0.31948,22,0.6805,2,17,0.94022,22,0.05977,1,17,1,1,17,1,1,17,1,2,11,0.11725,17,0.88274,2,11,0.75425,17,0.24574,3,11,0.9561,5,0.04388,22,0.00001,3,11,0.66713,5,0.33275,22,0.0001,2,5,0.99949,22,0.0005,3,11,0.26775,5,0.62453,22,0.1077,2,17,0.23814,22,0.76185],"slotPose":[1,0,0,1,0,0],"bonePose":[5,0.474856,0.880063,-0.880063,0.474856,57.525872,-223.60067,22,0.20757,0.97822,-0.97822,0.20757,89.873724,-162.912517,17,0.057041,0.998372,-0.998372,0.057041,62.906548,-143.589081,11,0.334465,0.942408,-0.942408,0.334465,39.996276,-208.770303],"edges":[10,9,9,8,8,7,7,6,6,5,5,4,4,3,3,2,2,1,1,0,0,12,12,11,11,10],"userEdges":[]}]},{"name":"fingerL","display":[{"type":"mesh","name":"fingerL","width":45,"height":30,"vertices":[126.21,-180.34,129.4,-172.86,125.34,-166.02,118.06,-162.92,101.89,-156.02,89.88,-150.9,84.25,-164.09,100.46,-188.02,107.06,-190.82,108.66,-171.07],"uvs":[1,0.57206,1,0.84307,0.85715,0.99998,0.68122,0.99998,0.29054,0.99999,0,1,0.00001,0.5218,0.54001,0,0.69959,0,0.56006,0.62716],"triangles":[2,1,0,9,2,0,8,9,0,9,3,2,7,9,8,9,4,3,7,6,9,6,4,9,6,5,4],"weights":[2,32,0.00303,38,0.99696,1,38,1,2,32,0.02626,38,0.97373,2,32,0.21087,38,0.78912,2,32,0.93093,38,0.06906,1,32,1,1,32,1,2,32,0.58191,38,0.41808,2,32,0.07622,38,0.92376,2,32,0.37267,38,0.62732],"slotPose":[1,0,0,1,0,0],"bonePose":[32,0.392177,-0.91989,0.91989,0.392177,92.138588,-154.356424,38,0.875633,0.482977,-0.482977,0.875633,104.410082,-182.987466],"edges":[5,4,4,3,3,2,2,1,1,0,0,8,8,7,7,6,6,5],"userEdges":[]}]}]}],"animation":[{"duration":100,"name":"animation","bone":[{"name":"head","translateFrame":[{"duration":50,"tweenEasing":0},{"duration":50,"tweenEasing":0,"x":-11.07,"y":-25.57},{"duration":0}],"rotateFrame":[{"duration":50,"tweenEasing":0},{"duration":50,"tweenEasing":0,"rotate":-9.11},{"duration":0}],"scaleFrame":[{"duration":50,"tweenEasing":0},{"duration":50,"tweenEasing":0,"x":1.06,"y":0.98},{"duration":0}]},{"name":"hip","translateFrame":[{"duration":50,"tweenEasing":0},{"duration":50,"tweenEasing":0,"x":-4.01,"y":-2.02},{"duration":0}],"rotateFrame":[{"duration":50,"tweenEasing":0},{"duration":50,"tweenEasing":0,"rotate":-18.8},{"duration":0}]},{"name":"legR","rotateFrame":[{"duration":50,"tweenEasing":0},{"duration":50,"tweenEasing":0,"rotate":-17.55},{"duration":0}]},{"name":"footR","translateFrame":[{"duration":50,"tweenEasing":0},{"duration":50,"tweenEasing":0,"x":-10.72,"y":-4.48},{"duration":0}],"rotateFrame":[{"duration":50,"tweenEasing":0,"rotate":-4.82},{"duration":50,"tweenEasing":0,"rotate":-7.05},{"duration":0,"rotate":-4.82}],"scaleFrame":[{"duration":50,"tweenEasing":0,"x":0.99,"y":0.94},{"duration":50,"tweenEasing":0,"x":1.07,"y":1.07},{"duration":0,"x":0.99,"y":0.94}]},{"name":"legL","translateFrame":[{"duration":50,"tweenEasing":0},{"duration":50,"tweenEasing":0,"x":14.34,"y":7.91},{"duration":0}],"rotateFrame":[{"duration":50,"tweenEasing":0},{"duration":50,"tweenEasing":0,"rotate":-19.26},{"duration":0}],"scaleFrame":[{"duration":50,"tweenEasing":0},{"duration":50,"tweenEasing":0,"x":0.94,"y":0.94},{"duration":0}]},{"name":"footL","translateFrame":[{"duration":50,"tweenEasing":0},{"duration":50,"tweenEasing":0,"x":-1.28,"y":-2.96},{"duration":0}],"rotateFrame":[{"duration":50,"tweenEasing":0},{"duration":50,"tweenEasing":0,"rotate":-3.18},{"duration":0}],"scaleFrame":[{"duration":50,"tweenEasing":0},{"duration":50,"tweenEasing":0,"x":0.87},{"duration":0}]},{"name":"nose","translateFrame":[{"duration":50,"tweenEasing":0},{"duration":50,"tweenEasing":0,"x":5.88,"y":-2.99},{"duration":0}]},{"name":"armR","translateFrame":[{"duration":50,"tweenEasing":0},{"duration":50,"tweenEasing":0,"x":-24.59,"y":9.63},{"duration":0}],"rotateFrame":[{"duration":50,"tweenEasing":0},{"duration":50,"tweenEasing":0,"rotate":-59.15},{"duration":0}],"scaleFrame":[{"duration":50,"tweenEasing":0},{"duration":50,"tweenEasing":0,"x":0.87},{"duration":0}]},{"name":"handR","translateFrame":[{"duration":50,"tweenEasing":0},{"duration":50,"tweenEasing":0,"x":-9.51,"y":-1.83},{"duration":0}],"rotateFrame":[{"duration":50,"tweenEasing":0},{"duration":50,"tweenEasing":0,"rotate":-11.93},{"duration":0}],"scaleFrame":[{"duration":50,"tweenEasing":0},{"duration":50,"tweenEasing":0,"x":0.9},{"duration":0}]},{"name":"handR2","translateFrame":[{"duration":50,"tweenEasing":0},{"duration":50,"tweenEasing":0,"x":-9.51,"y":0.52},{"duration":0}],"rotateFrame":[{"duration":50,"tweenEasing":0},{"duration":50,"tweenEasing":0,"rotate":-8.14},{"duration":0}]},{"name":"handR3","rotateFrame":[{"duration":50,"tweenEasing":0},{"duration":50,"tweenEasing":0,"rotate":-6.39},{"duration":0}]},{"name":"handR4","translateFrame":[{"duration":50,"tweenEasing":0},{"duration":50,"tweenEasing":0,"x":-3.46,"y":-6.11},{"duration":0}],"rotateFrame":[{"duration":50,"tweenEasing":0},{"duration":50,"tweenEasing":0,"rotate":20.68},{"duration":0}]},{"name":"fingerR","translateFrame":[{"duration":50,"tweenEasing":0},{"duration":50,"tweenEasing":0,"x":0.51,"y":2.01},{"duration":0}],"rotateFrame":[{"duration":50,"tweenEasing":0},{"duration":50,"tweenEasing":0,"rotate":-21.7},{"duration":0}],"scaleFrame":[{"duration":50,"tweenEasing":0},{"duration":50,"tweenEasing":0,"x":0.92},{"duration":0}]},{"name":"armL","translateFrame":[{"duration":50,"tweenEasing":0},{"duration":50,"tweenEasing":0,"x":7.18,"y":0.68},{"duration":0}],"rotateFrame":[{"duration":50,"tweenEasing":0},{"duration":50,"tweenEasing":0,"rotate":-19.75},{"duration":0}],"scaleFrame":[{"duration":50,"tweenEasing":0},{"duration":50,"tweenEasing":0,"x":1.02,"y":0.93},{"duration":0}]},{"name":"handL","rotateFrame":[{"duration":50,"tweenEasing":0},{"duration":50,"tweenEasing":0,"rotate":12.71},{"duration":0}],"scaleFrame":[{"duration":50,"tweenEasing":0},{"duration":50,"tweenEasing":0,"x":0.69},{"duration":0}]},{"name":"handL2","translateFrame":[{"duration":50,"tweenEasing":0},{"duration":50,"tweenEasing":0,"x":-3.04,"y":2.25},{"duration":0}],"rotateFrame":[{"duration":50,"tweenEasing":0},{"duration":50,"tweenEasing":0,"rotate":-1.25},{"duration":0}],"scaleFrame":[{"duration":50,"tweenEasing":0},{"duration":50,"tweenEasing":0,"x":0.91},{"duration":0}]},{"name":"handL3","rotateFrame":[{"duration":50,"tweenEasing":0},{"duration":50,"tweenEasing":0,"rotate":-5.24},{"duration":0}]},{"name":"handL4","translateFrame":[{"duration":50,"tweenEasing":0},{"duration":50,"tweenEasing":0,"x":3.34,"y":-2.71},{"duration":0}],"rotateFrame":[{"duration":50,"tweenEasing":0},{"duration":50,"tweenEasing":0,"rotate":-9.62},{"duration":0}]},{"name":"fingerL","translateFrame":[{"duration":50,"tweenEasing":0},{"duration":50,"tweenEasing":0,"x":-8.09,"y":2.79},{"duration":0}],"rotateFrame":[{"duration":50,"tweenEasing":0},{"duration":50,"tweenEasing":0,"rotate":-19.41},{"duration":0}],"scaleFrame":[{"duration":50,"tweenEasing":0},{"duration":50,"tweenEasing":0,"x":0.95},{"duration":0}]},{"name":"bone","rotateFrame":[{"duration":50,"tweenEasing":0},{"duration":50,"tweenEasing":0,"rotate":-12.04},{"duration":0}]},{"name":"hat","translateFrame":[{"duration":50,"tweenEasing":0},{"duration":50,"tweenEasing":0,"x":-3.27,"y":-2.57},{"duration":0}],"rotateFrame":[{"duration":50,"tweenEasing":0},{"duration":50,"tweenEasing":0,"rotate":0.23},{"duration":0}],"scaleFrame":[{"duration":50,"tweenEasing":0},{"duration":50,"tweenEasing":0,"x":0.83},{"duration":0}]},{"name":"hair2","rotateFrame":[{"duration":10,"tweenEasing":0},{"duration":15,"tweenEasing":0,"rotate":5.4},{"duration":25,"tweenEasing":0,"rotate":-5.87},{"duration":10,"tweenEasing":0},{"duration":15,"tweenEasing":0,"rotate":5.4},{"duration":25,"tweenEasing":0,"rotate":-5.87},{"duration":0}]},{"name":"hair1","rotateFrame":[{"duration":10,"tweenEasing":0},{"duration":15,"tweenEasing":0,"rotate":6.23},{"duration":25,"tweenEasing":0,"rotate":-5.35},{"duration":10,"tweenEasing":0},{"duration":15,"tweenEasing":0,"rotate":6.23},{"duration":25,"tweenEasing":0,"rotate":-5.35},{"duration":0}]},{"name":"bone2","rotateFrame":[{"duration":30,"tweenEasing":0},{"duration":20,"tweenEasing":0,"rotate":-13.52},{"duration":30,"tweenEasing":0},{"duration":20,"tweenEasing":0,"rotate":-13.52},{"duration":0}]},{"name":"hair3","rotateFrame":[{"duration":10,"tweenEasing":0},{"duration":15,"tweenEasing":0,"rotate":-5.29},{"duration":25,"tweenEasing":0,"rotate":4.84},{"duration":10,"tweenEasing":0},{"duration":15,"tweenEasing":0,"rotate":-5.29},{"duration":25,"tweenEasing":0,"rotate":4.84},{"duration":0}]},{"name":"hair4","rotateFrame":[{"duration":10,"tweenEasing":0},{"duration":15,"tweenEasing":0,"rotate":-4.56},{"duration":25,"tweenEasing":0,"rotate":4.76},{"duration":10,"tweenEasing":0},{"duration":15,"tweenEasing":0,"rotate":-4.56},{"duration":25,"tweenEasing":0,"rotate":4.76},{"duration":0}]},{"name":"hairback","rotateFrame":[{"duration":10,"tweenEasing":0},{"duration":15,"tweenEasing":0,"rotate":5.06},{"duration":25,"tweenEasing":0,"rotate":-5.36},{"duration":10,"tweenEasing":0},{"duration":15,"tweenEasing":0,"rotate":5.06},{"duration":25,"tweenEasing":0,"rotate":-5.36},{"duration":0}]},{"name":"bone4","translateFrame":[{"duration":30,"tweenEasing":0},{"duration":20,"tweenEasing":0,"x":-15.45,"y":-12.86},{"duration":30,"tweenEasing":0},{"duration":20,"tweenEasing":0,"x":-15.45,"y":-12.86},{"duration":0}],"rotateFrame":[{"duration":30,"tweenEasing":0},{"duration":20,"tweenEasing":0,"rotate":-6.93},{"duration":30,"tweenEasing":0},{"duration":20,"tweenEasing":0,"rotate":-6.93},{"duration":0}]},{"name":"hairback2","rotateFrame":[{"duration":10,"tweenEasing":0},{"duration":15,"tweenEasing":0,"rotate":5.06},{"duration":25,"tweenEasing":0,"rotate":-6.66},{"duration":10,"tweenEasing":0},{"duration":15,"tweenEasing":0,"rotate":5.06},{"duration":25,"tweenEasing":0,"rotate":-6.66},{"duration":0}]},{"name":"bone5","translateFrame":[{"duration":30,"tweenEasing":0},{"duration":20,"tweenEasing":0,"x":-14.13,"y":-5.98},{"duration":30,"tweenEasing":0},{"duration":20,"tweenEasing":0,"x":-14.13,"y":-5.98},{"duration":0}],"rotateFrame":[{"duration":30,"tweenEasing":0},{"duration":20,"tweenEasing":0,"rotate":-6.93},{"duration":30,"tweenEasing":0},{"duration":20,"tweenEasing":0,"rotate":-6.93},{"duration":0}]},{"name":"hair5","rotateFrame":[{"duration":10,"tweenEasing":0},{"duration":15,"tweenEasing":0,"rotate":-7.31},{"duration":25,"tweenEasing":0,"rotate":1.93},{"duration":10,"tweenEasing":0},{"duration":15,"tweenEasing":0,"rotate":-7.31},{"duration":25,"tweenEasing":0,"rotate":1.93},{"duration":0}]},{"name":"bone7","translateFrame":[{"duration":30,"tweenEasing":0},{"duration":20,"tweenEasing":0,"x":-5.23,"y":1.2},{"duration":30,"tweenEasing":0},{"duration":20,"tweenEasing":0,"x":-5.23,"y":1.2},{"duration":0}],"rotateFrame":[{"duration":30,"tweenEasing":0},{"duration":20,"tweenEasing":0,"rotate":9.35},{"duration":30,"tweenEasing":0},{"duration":20,"tweenEasing":0,"rotate":9.35},{"duration":0}]},{"name":"bone8","translateFrame":[{"duration":30,"tweenEasing":0},{"duration":20,"tweenEasing":0,"x":-6.11,"y":2.18},{"duration":50}],"rotateFrame":[{"duration":30,"tweenEasing":0},{"duration":20,"tweenEasing":0,"rotate":5.72},{"duration":50}]},{"name":"hair6","rotateFrame":[{"duration":10,"tweenEasing":0},{"duration":15,"tweenEasing":0,"rotate":-1.73},{"duration":25,"tweenEasing":0,"rotate":5.42},{"duration":10,"tweenEasing":0},{"duration":15,"tweenEasing":0,"rotate":-1.73},{"duration":25,"tweenEasing":0,"rotate":5.42},{"duration":0}]},{"name":"bone9","translateFrame":[{"duration":30,"tweenEasing":0},{"duration":20,"tweenEasing":0,"x":-4.91,"y":2.16},{"duration":30,"tweenEasing":0},{"duration":20,"tweenEasing":0,"x":-4.91,"y":2.16},{"duration":0}],"rotateFrame":[{"duration":30,"tweenEasing":0},{"duration":20,"tweenEasing":0,"rotate":11.37},{"duration":30,"tweenEasing":0},{"duration":20,"tweenEasing":0,"rotate":11.37},{"duration":0}]},{"name":"bone10","translateFrame":[{"duration":30,"tweenEasing":0},{"duration":20,"tweenEasing":0,"x":-5.68,"y":3.14},{"duration":50}]}],"ffd":[{"name":"hat","slot":"hat","frame":[{"duration":50,"tweenEasing":0},{"duration":50,"tweenEasing":0,"vertices":[2.77,-4.2,2.02,-2.03,-1.41,0.11,-3.1,0.11,-1.54,0.37,3.71,-22.05,0.35,-14.46,-4.51,0.22,-4.51,0.22,-4.51,0.22,-2.64,-2.17,-3.37,-5.48,-0.4,-2.59,0.11,-3.63,2.4,-11.43,3.71,-22.05]},{"duration":0}]},{"name":"head","slot":"head","frame":[{"duration":50,"tweenEasing":0},{"duration":50,"tweenEasing":0,"vertices":[-0.15,1.86,0.92,-0.12,2.3,0.22,-6.12,1.45,-6.12,1.45,-6.12,1.45,-0.53,0.57,0.68,1.11,1.37,-2.58,0,0,0,0,0,0,0,0,-2.39,-8.24,-0.29,-8.29,1.15,-4.82,0,0,0,0,4,0.06,4,0.06,-0.15,1.86,-1.37,-7.41,-0.73,-5.03,0,0,-1.37,-7.41,-1.37,-7.41,0.7,-9.71,0.74,-4.44,0.04,-4.03,-0.73,-1.52,3.99,-6,6.04,1.84,1.13,-8.87,3.17,3.45,-0.24,-2.79]},{"duration":0}]}]}],"defaultActions":[{"gotoAndPlay":"animation"}]}]}