{"frameRate":30,"isGlobal":0,"armature":[{"skin":[{"name":"","slot":[{"display":[{"path":"ys_suolian_eff_01","type":"image","name":"ys_suolian_eff_01","transform":{"skX":89.74,"skY":89.74,"y":2.82,"x":278.85}},{"path":"ys_suolian_eff_02","type":"image","name":"ys_suolian_eff_02","transform":{"skX":89.74,"skY":89.74,"y":2.82,"x":278.85}},{"path":"ys_suolian_eff_03","type":"image","name":"ys_suolian_eff_03","transform":{"skX":89.74,"skY":89.74,"y":2.82,"x":278.85}},{"path":"ys_suolian_eff_04","type":"image","name":"ys_suolian_eff_04","transform":{"skX":89.74,"skY":89.74,"y":2.82,"x":278.85}}],"name":"ys_suolian_eff_1"},{"display":[{"path":"ys_suolian_eff_pz","type":"image","name":"ys_suolian_eff_pz","transform":{"scX":25.632,"y":-185.61,"scY":37.324,"x":13.09}}],"name":"ys_suolian_eff_pz"},{"display":[{"path":"ys_suolian_eff_01","type":"image","name":"ys_suolian_eff_01","transform":{"skX":89.74,"skY":89.74,"y":2.82,"x":278.85}},{"path":"ys_suolian_eff_02","type":"image","name":"ys_suolian_eff_02","transform":{"skX":89.74,"skY":89.74,"y":2.82,"x":278.85}},{"path":"ys_suolian_eff_03","type":"image","name":"ys_suolian_eff_03","transform":{"skX":89.74,"skY":89.74,"y":2.82,"x":278.85}},{"path":"ys_suolian_eff_04","type":"image","name":"ys_suolian_eff_04","transform":{"skX":89.74,"skY":89.74,"y":2.82,"x":278.85}}],"name":"ys_suolian_eff_01"},{"display":[{"path":"ys_suolian_eff_01","type":"image","name":"ys_suolian_eff_01","transform":{"skX":89.74,"skY":89.74,"y":2.82,"x":278.85}},{"path":"ys_suolian_eff_02","type":"image","name":"ys_suolian_eff_02","transform":{"skX":89.74,"skY":89.74,"y":2.82,"x":278.85}},{"path":"ys_suolian_eff_03","type":"image","name":"ys_suolian_eff_03","transform":{"skX":89.74,"skY":89.74,"y":2.82,"x":278.85}},{"path":"ys_suolian_eff_04","type":"image","name":"ys_suolian_eff_04","transform":{"skX":89.74,"skY":89.74,"y":2.82,"x":278.85}}],"name":"ys_suolian_eff_4"},{"display":[{"path":"ys_suolian_eff_01","type":"image","name":"ys_suolian_eff_01","transform":{"skX":89.74,"skY":89.74,"y":2.82,"x":278.85}},{"path":"ys_suolian_eff_02","type":"image","name":"ys_suolian_eff_02","transform":{"skX":89.74,"skY":89.74,"y":2.82,"x":278.85}},{"path":"ys_suolian_eff_03","type":"image","name":"ys_suolian_eff_03","transform":{"skX":89.74,"skY":89.74,"y":2.82,"x":278.85}},{"path":"ys_suolian_eff_04","type":"image","name":"ys_suolian_eff_04","transform":{"skX":89.74,"skY":89.74,"y":2.82,"x":278.85}}],"name":"ys_suolian_eff_3"},{"display":[{"path":"ys_suolian_eff_01","type":"image","name":"ys_suolian_eff_01","transform":{"skX":89.74,"skY":89.74,"y":2.82,"x":278.85}},{"path":"ys_suolian_eff_02","type":"image","name":"ys_suolian_eff_02","transform":{"skX":89.74,"skY":89.74,"y":2.82,"x":278.85}},{"path":"ys_suolian_eff_03","type":"image","name":"ys_suolian_eff_03","transform":{"skX":89.74,"skY":89.74,"y":2.82,"x":278.85}},{"path":"ys_suolian_eff_04","type":"image","name":"ys_suolian_eff_04","transform":{"skX":89.74,"skY":89.74,"y":2.82,"x":278.85}}],"name":"ys_suolian_eff_2"}]}],"slot":[{"name":"ys_suolian_eff_pz","parent":"root","color":{}},{"z":1,"name":"ys_suolian_eff_01","parent":"ys_suolian_eff_01","color":{}},{"z":2,"name":"ys_suolian_eff_1","parent":"ys_suolian_eff_1","color":{}},{"z":3,"name":"ys_suolian_eff_2","parent":"ys_suolian_eff_2","color":{}},{"z":4,"name":"ys_suolian_eff_3","parent":"ys_suolian_eff_3","color":{}},{"z":5,"name":"ys_suolian_eff_4","parent":"ys_suolian_eff_4","color":{}}],"type":"Armature","ik":[],"defaultActions":[{"gotoAndPlay":"animation"}],"animation":[{"ffd":[],"frame":[],"duration":30,"ik":[],"bone":[{"frame":[{"duration":5,"curve":[0.225,0,0.6,0.39],"transform":{"skX":-11.23,"skY":-11.23,"y":-244.21,"x":-76.49}},{"tweenEasing":0,"duration":3,"transform":{"skX":-11.23,"skY":-11.23,"y":2.69,"x":-24.03}},{"tweenEasing":0,"duration":7,"transform":{"skX":-11.23,"skY":-11.23,"scX":0.931,"y":2.69,"x":-24.03}},{"duration":1,"transform":{"skX":-11.23,"skY":-11.23,"y":2.69,"x":-24.03}},{"duration":4,"curve":[0.225,0,0.6,0.39],"transform":{"skX":-11.23,"skY":-11.23,"y":-244.21,"x":-76.49}},{"tweenEasing":0,"duration":3,"transform":{"skX":-11.23,"skY":-11.23,"y":2.69,"x":-24.03}},{"tweenEasing":0,"duration":7,"transform":{"skX":-11.23,"skY":-11.23,"scX":0.931,"y":2.69,"x":-24.03}},{"duration":0,"transform":{"skX":-11.23,"skY":-11.23,"scX":0.896,"y":2.69,"x":-24.03}}],"name":"ys_suolian_eff_01"},{"frame":[{"tweenEasing":0,"duration":2,"transform":{"skX":17,"skY":17,"scX":0.911,"y":2.36,"x":-152.99}},{"duration":1,"transform":{"skX":17,"skY":17,"scX":0.896,"y":2.36,"x":-152.99}},{"duration":5,"curve":[0.25,0,1,0.64],"transform":{"skX":17,"skY":17,"y":-244.21,"x":-76.49}},{"tweenEasing":0,"duration":3,"transform":{"skX":17,"skY":17,"y":2.36,"x":-152.99}},{"tweenEasing":0,"duration":4,"transform":{"skX":17,"skY":17,"scX":0.931,"y":2.36,"x":-152.99}},{"tweenEasing":0,"duration":2,"transform":{"skX":17,"skY":17,"scX":0.911,"y":2.36,"x":-152.99}},{"duration":1,"transform":{"skX":17,"skY":17,"scX":0.896,"y":2.36,"x":-152.99}},{"duration":5,"curve":[0.25,0,1,0.64],"transform":{"skX":17,"skY":17,"y":-244.21,"x":-76.49}},{"tweenEasing":0,"duration":3,"transform":{"skX":17,"skY":17,"y":2.36,"x":-152.99}},{"tweenEasing":0,"duration":4,"transform":{"skX":17,"skY":17,"scX":0.931,"y":2.36,"x":-152.99}},{"duration":0,"transform":{"skX":17,"skY":17,"scX":0.911,"y":2.36,"x":-152.99}}],"name":"ys_suolian_eff_1"},{"frame":[{"tweenEasing":0,"duration":5,"transform":{"skX":-17.62,"skY":-17.62,"scX":0.926,"y":-0.62,"x":-0.19}},{"duration":1,"transform":{"skX":-17.62,"skY":-17.62,"scX":0.896,"y":-0.62,"x":-0.19}},{"duration":5,"curve":[0.25,0,1,0.64],"transform":{"skX":-17.62,"skY":-17.62,"y":-244.21,"x":-76.49}},{"tweenEasing":0,"duration":3,"transform":{"skX":-17.62,"skY":-17.62,"y":-0.62,"x":-0.19}},{"tweenEasing":0,"duration":1,"transform":{"skX":-17.62,"skY":-17.62,"scX":0.931,"y":-0.62,"x":-0.19}},{"tweenEasing":0,"duration":5,"transform":{"skX":-17.62,"skY":-17.62,"scX":0.926,"y":-0.62,"x":-0.19}},{"duration":1,"transform":{"skX":-17.62,"skY":-17.62,"scX":0.896,"y":-0.62,"x":-0.19}},{"duration":5,"curve":[0.25,0,1,0.64],"transform":{"skX":-17.62,"skY":-17.62,"y":-244.21,"x":-76.49}},{"tweenEasing":0,"duration":3,"transform":{"skX":-17.62,"skY":-17.62,"y":-0.62,"x":-0.19}},{"tweenEasing":0,"duration":1,"transform":{"skX":-17.62,"skY":-17.62,"scX":0.931,"y":-0.62,"x":-0.19}},{"duration":0,"transform":{"skX":-17.62,"skY":-17.62,"scX":0.926,"y":-0.62,"x":-0.19}}],"name":"ys_suolian_eff_2"},{"frame":[{"tweenEasing":0,"duration":2,"transform":{"skX":3.81,"skY":3.81,"scX":0.977,"y":-1.59,"x":-93.68}},{"tweenEasing":0,"duration":6,"transform":{"skX":3.81,"skY":3.81,"scX":0.931,"y":-1.59,"x":-93.68}},{"duration":1,"transform":{"skX":3.81,"skY":3.81,"scX":0.896,"y":-1.59,"x":-93.68}},{"duration":5,"curve":[0.25,0,1,0.64],"transform":{"skX":3.81,"skY":3.81,"y":-244.21,"x":-76.49}},{"tweenEasing":0,"duration":1,"transform":{"skX":3.81,"skY":3.81,"y":-1.59,"x":-93.68}},{"tweenEasing":0,"duration":2,"transform":{"skX":3.81,"skY":3.81,"scX":0.977,"y":-1.59,"x":-93.68}},{"tweenEasing":0,"duration":6,"transform":{"skX":3.81,"skY":3.81,"scX":0.931,"y":-1.59,"x":-93.68}},{"duration":1,"transform":{"skX":3.81,"skY":3.81,"scX":0.896,"y":-1.59,"x":-93.68}},{"duration":5,"curve":[0.25,0,1,0.64],"transform":{"skX":3.81,"skY":3.81,"y":-244.21,"x":-76.49}},{"tweenEasing":0,"duration":1,"transform":{"skX":3.81,"skY":3.81,"y":-1.59,"x":-93.68}},{"duration":0,"transform":{"skX":3.81,"skY":3.81,"scX":0.977,"y":-1.59,"x":-93.68}}],"name":"ys_suolian_eff_3"},{"frame":[{"duration":2,"curve":[0.571,0.34,1,0.72],"transform":{"skX":-17.62,"skY":-17.62,"y":-153.09,"x":-47.95}},{"tweenEasing":0,"duration":3,"transform":{"skX":-17.62,"skY":-17.62,"y":-0.62,"x":-0.19}},{"tweenEasing":0,"duration":6,"transform":{"skX":-17.62,"skY":-17.62,"scX":0.931,"y":-0.62,"x":-0.19}},{"duration":1,"transform":{"skX":-17.62,"skY":-17.62,"scX":0.896,"y":-0.62,"x":-0.19}},{"duration":3,"curve":[0.208,0,0.666,0.47],"transform":{"skX":-17.62,"skY":-17.62,"y":-244.21,"x":-76.49}},{"duration":2,"curve":[0.571,0.34,1,0.72],"transform":{"skX":-17.62,"skY":-17.62,"y":-153.09,"x":-47.95}},{"tweenEasing":0,"duration":3,"transform":{"skX":-17.62,"skY":-17.62,"y":-0.62,"x":-0.19}},{"tweenEasing":0,"duration":6,"transform":{"skX":-17.62,"skY":-17.62,"scX":0.931,"y":-0.62,"x":-0.19}},{"duration":1,"transform":{"skX":-17.62,"skY":-17.62,"scX":0.896,"y":-0.62,"x":-0.19}},{"duration":3,"curve":[0.208,0,0.666,0.47],"transform":{"skX":-17.62,"skY":-17.62,"y":-244.21,"x":-76.49}},{"duration":0,"transform":{"skX":-17.62,"skY":-17.62,"y":-153.09,"x":-47.95}}],"name":"ys_suolian_eff_4"},{"frame":[{"duration":15,"transform":{}},{"duration":15,"transform":{}},{"duration":0,"transform":{}}],"name":"root"}],"slot":[{"frame":[{"tweenEasing":0,"duration":5,"color":{"aM":0}},{"tweenEasing":0,"displayIndex":1,"duration":3},{"tweenEasing":0,"displayIndex":2,"duration":3},{"tweenEasing":0,"displayIndex":3,"duration":4},{"tweenEasing":0,"duration":5,"color":{"aM":0}},{"tweenEasing":0,"displayIndex":1,"duration":3},{"tweenEasing":0,"displayIndex":2,"duration":2},{"tweenEasing":0,"displayIndex":2,"duration":1,"color":{"aM":46}},{"tweenEasing":0,"displayIndex":3,"duration":4},{"tweenEasing":null,"displayIndex":3,"duration":0,"color":{"aM":0}}],"name":"ys_suolian_eff_01"},{"frame":[{"tweenEasing":0,"displayIndex":3,"duration":2,"color":{"aM":74}},{"tweenEasing":0,"displayIndex":3,"duration":1,"color":{"aM":0}},{"tweenEasing":0,"duration":5,"color":{"aM":0}},{"tweenEasing":0,"displayIndex":1,"duration":3},{"tweenEasing":0,"displayIndex":2,"duration":3},{"tweenEasing":0,"displayIndex":3,"duration":1},{"tweenEasing":0,"displayIndex":3,"duration":2,"color":{"aM":74}},{"tweenEasing":0,"displayIndex":3,"duration":1,"color":{"aM":0}},{"tweenEasing":0,"duration":5,"color":{"aM":0}},{"tweenEasing":0,"displayIndex":1,"duration":2},{"tweenEasing":0,"displayIndex":1,"duration":1,"color":{"aM":46}},{"tweenEasing":0,"displayIndex":2,"duration":3},{"tweenEasing":0,"displayIndex":3,"duration":1},{"tweenEasing":null,"displayIndex":3,"duration":0,"color":{"aM":0}}],"name":"ys_suolian_eff_1"},{"frame":[{"tweenEasing":0,"displayIndex":2,"duration":2},{"tweenEasing":0,"displayIndex":3,"duration":3},{"tweenEasing":0,"displayIndex":3,"duration":1,"color":{"aM":0}},{"tweenEasing":0,"duration":5,"color":{"aM":0}},{"tweenEasing":0,"displayIndex":1,"duration":3},{"tweenEasing":0,"displayIndex":2,"duration":1},{"tweenEasing":0,"displayIndex":2,"duration":2},{"tweenEasing":0,"displayIndex":3,"duration":3},{"tweenEasing":0,"displayIndex":3,"duration":1,"color":{"aM":0}},{"tweenEasing":0,"duration":4,"color":{"aM":0}},{"tweenEasing":0,"duration":1,"color":{"aM":46}},{"tweenEasing":0,"displayIndex":1,"duration":3},{"tweenEasing":0,"displayIndex":2,"duration":1},{"tweenEasing":null,"displayIndex":2,"duration":0,"color":{"aM":0}}],"name":"ys_suolian_eff_2"},{"frame":[{"tweenEasing":0,"displayIndex":1,"duration":2},{"tweenEasing":0,"displayIndex":2,"duration":3},{"tweenEasing":0,"displayIndex":3,"duration":3},{"tweenEasing":0,"displayIndex":3,"duration":1,"color":{"aM":0}},{"tweenEasing":0,"duration":5,"color":{"aM":0}},{"tweenEasing":0,"displayIndex":1,"duration":1},{"tweenEasing":0,"displayIndex":1,"duration":2},{"tweenEasing":0,"displayIndex":2,"duration":3},{"tweenEasing":0,"displayIndex":3,"duration":3},{"tweenEasing":0,"displayIndex":3,"duration":1,"color":{"aM":0}},{"tweenEasing":0,"duration":1,"color":{"aM":0}},{"tweenEasing":0,"duration":4,"color":{"aM":46}},{"tweenEasing":0,"displayIndex":1,"duration":1},{"tweenEasing":null,"displayIndex":1,"duration":0,"color":{"aM":0}}],"name":"ys_suolian_eff_3"},{"frame":[{"tweenEasing":0,"duration":2,"color":{"aM":60}},{"tweenEasing":0,"displayIndex":1,"duration":3},{"tweenEasing":0,"displayIndex":2,"duration":3},{"tweenEasing":0,"displayIndex":3,"duration":3},{"tweenEasing":0,"displayIndex":3,"duration":1,"color":{"aM":0}},{"tweenEasing":0,"duration":3,"color":{"aM":0}},{"tweenEasing":0,"duration":2,"color":{"aM":60}},{"tweenEasing":0,"displayIndex":1,"duration":3},{"tweenEasing":0,"displayIndex":2,"duration":3},{"tweenEasing":0,"displayIndex":3,"duration":2},{"tweenEasing":0,"displayIndex":3,"duration":1,"color":{"aM":46}},{"tweenEasing":0,"displayIndex":3,"duration":1,"color":{"aM":0}},{"tweenEasing":0,"duration":3,"color":{"aM":0}},{"tweenEasing":null,"duration":0,"color":{"aM":0}}],"name":"ys_suolian_eff_4"}],"name":"animation"},{"ffd":[],"frame":[],"duration":30,"ik":[],"bone":[{"frame":[{"duration":2,"curve":[0.225,0,0.6,0.39],"transform":{"skX":13.02,"skY":13.02,"y":-244.21,"x":-76.49}},{"tweenEasing":0,"duration":3,"transform":{"skX":13.02,"skY":13.02,"y":-1.26,"x":-133.74}},{"tweenEasing":0,"duration":5,"transform":{"skX":13.02,"skY":13.02,"scX":0.931,"y":-1.26,"x":-133.74}},{"tweenEasing":0,"duration":20,"transform":{"skX":13.02,"skY":13.02,"y":-1.26,"x":-133.74}},{"duration":0,"transform":{"skX":13.02,"skY":13.02,"scX":1.2,"y":-1.26,"x":-133.74}}],"name":"ys_suolian_eff_01"},{"frame":[{"duration":2,"curve":[0.225,0,0.6,0.39],"transform":{"skX":-11.23,"skY":-11.23,"y":-244.21,"x":-76.49}},{"tweenEasing":0,"duration":3,"transform":{"skX":-11.23,"skY":-11.23,"y":2.69,"x":-24.03}},{"tweenEasing":0,"duration":5,"transform":{"skX":-11.23,"skY":-11.23,"scX":0.931,"y":2.69,"x":-24.03}},{"tweenEasing":0,"duration":20,"transform":{"skX":-11.23,"skY":-11.23,"y":2.69,"x":-24.03}},{"duration":0,"transform":{"skX":-11.23,"skY":-11.23,"scX":1.2,"y":2.69,"x":-24.03}}],"name":"ys_suolian_eff_2"},{"frame":[{"duration":2,"curve":[0.277,0,0.616,0.35],"transform":{"skX":14.85,"skY":14.85,"y":-244.21,"x":-76.49}},{"tweenEasing":0,"duration":3,"transform":{"skX":14.85,"skY":14.85,"y":-1.65,"x":-120.76}},{"tweenEasing":0,"duration":5,"transform":{"skX":14.85,"skY":14.85,"scX":0.931,"y":-1.65,"x":-120.76}},{"tweenEasing":0,"duration":20,"transform":{"skX":14.85,"skY":14.85,"y":-1.65,"x":-120.76}},{"duration":0,"transform":{"skX":14.85,"skY":14.85,"scX":1.15,"y":-1.65,"x":-120.76}}],"name":"ys_suolian_eff_3"},{"frame":[{"duration":2,"curve":[0.225,0,0.6,0.39],"transform":{"skX":-11.23,"skY":-11.23,"y":-244.21,"x":-76.49}},{"tweenEasing":0,"duration":3,"transform":{"skX":-11.23,"skY":-11.23,"y":2.69,"x":-24.03}},{"tweenEasing":0,"duration":5,"transform":{"skX":-11.23,"skY":-11.23,"scX":0.931,"y":2.69,"x":-24.03}},{"tweenEasing":0,"duration":20,"transform":{"skX":-11.23,"skY":-11.23,"y":2.69,"x":-24.03}},{"duration":0,"transform":{"skX":-11.23,"skY":-11.23,"scX":1.2,"y":2.69,"x":-24.03}}],"name":"ys_suolian_eff_4"},{"frame":[{"duration":5,"transform":{}},{"duration":5,"transform":{}},{"duration":20,"transform":{}}],"name":"root"},{"frame":[{"duration":2,"curve":[0.225,0,0.6,0.39],"transform":{"skX":-3.69,"skY":-3.69,"y":-244.21,"x":-76.49}},{"tweenEasing":0,"duration":3,"transform":{"skX":-3.69,"skY":-3.69,"y":1.52,"x":-61.63}},{"tweenEasing":0,"duration":5,"transform":{"skX":-3.69,"skY":-3.69,"scX":0.931,"y":1.52,"x":-61.63}},{"tweenEasing":0,"duration":20,"transform":{"skX":-3.69,"skY":-3.69,"y":1.52,"x":-61.63}},{"duration":0,"transform":{"skX":-3.69,"skY":-3.69,"scX":1.3,"y":1.52,"x":-61.63}}],"name":"ys_suolian_eff_1"}],"slot":[{"frame":[{"tweenEasing":0,"duration":10},{"tweenEasing":0,"duration":3},{"tweenEasing":0,"displayIndex":1,"duration":3},{"tweenEasing":0,"displayIndex":2,"duration":3},{"tweenEasing":0,"displayIndex":3,"duration":11},{"tweenEasing":null,"displayIndex":3,"duration":0,"color":{"aM":0}}],"name":"ys_suolian_eff_01"},{"frame":[{"tweenEasing":0,"duration":10},{"tweenEasing":0,"duration":3},{"tweenEasing":0,"displayIndex":1,"duration":3},{"tweenEasing":0,"displayIndex":2,"duration":3},{"tweenEasing":0,"displayIndex":3,"duration":11},{"tweenEasing":null,"displayIndex":3,"duration":0,"color":{"aM":0}}],"name":"ys_suolian_eff_1"},{"frame":[{"tweenEasing":0,"duration":10},{"tweenEasing":0,"duration":3},{"tweenEasing":0,"displayIndex":1,"duration":3},{"tweenEasing":0,"displayIndex":2,"duration":3},{"tweenEasing":0,"displayIndex":3,"duration":11},{"tweenEasing":null,"displayIndex":3,"duration":0,"color":{"aM":0}}],"name":"ys_suolian_eff_2"},{"frame":[{"tweenEasing":0,"duration":10},{"tweenEasing":0,"duration":3},{"tweenEasing":0,"displayIndex":1,"duration":3},{"tweenEasing":0,"displayIndex":2,"duration":3},{"tweenEasing":0,"displayIndex":3,"duration":11},{"tweenEasing":null,"displayIndex":3,"duration":0,"color":{"aM":0}}],"name":"ys_suolian_eff_3"},{"frame":[{"tweenEasing":0,"duration":10},{"tweenEasing":0,"duration":3},{"tweenEasing":0,"displayIndex":1,"duration":3},{"tweenEasing":0,"displayIndex":2,"duration":3},{"tweenEasing":0,"displayIndex":3,"duration":11},{"tweenEasing":null,"displayIndex":3,"duration":0,"color":{"aM":0}}],"name":"ys_suolian_eff_4"},{"frame":[{"tweenEasing":0,"duration":13},{"tweenEasing":null,"displayIndex":-1,"duration":17}],"name":"ys_suolian_eff_pz"}],"name":"animation2"},{"ffd":[],"frame":[],"duration":25,"ik":[],"bone":[{"frame":[{"duration":25,"transform":{"skX":13.02,"skY":13.02,"y":-244.21,"x":-76.49}}],"name":"ys_suolian_eff_01"},{"frame":[{"duration":2,"curve":[0.225,0,0.6,0.39],"transform":{"skX":-11.23,"skY":-11.23,"y":-244.21,"x":-76.49}},{"tweenEasing":0,"duration":3,"transform":{"skX":-11.23,"skY":-11.23,"y":2.69,"x":-24.03}},{"tweenEasing":0,"duration":7,"transform":{"skX":-11.23,"skY":-11.23,"scX":0.931,"y":2.69,"x":-24.03}},{"tweenEasing":0,"duration":13,"transform":{"skX":-11.23,"skY":-11.23,"y":2.69,"x":-24.03}},{"duration":0,"transform":{"skX":-11.23,"skY":-11.23,"scX":1.2,"y":2.69,"x":-24.03}}],"name":"ys_suolian_eff_2"},{"frame":[{"duration":2,"curve":[0.277,0,0.616,0.35],"transform":{"skX":14.85,"skY":14.85,"y":-244.21,"x":-76.49}},{"tweenEasing":0,"duration":3,"transform":{"skX":14.85,"skY":14.85,"y":-1.65,"x":-120.76}},{"tweenEasing":0,"duration":7,"transform":{"skX":14.85,"skY":14.85,"scX":0.931,"y":-1.65,"x":-120.76}},{"tweenEasing":0,"duration":13,"transform":{"skX":14.85,"skY":14.85,"y":-1.65,"x":-120.76}},{"duration":0,"transform":{"skX":14.85,"skY":14.85,"scX":1.15,"y":-1.65,"x":-120.76}}],"name":"ys_suolian_eff_3"},{"frame":[{"duration":25,"transform":{"skX":-11.23,"skY":-11.23,"y":-244.21,"x":-76.49}}],"name":"ys_suolian_eff_4"},{"frame":[{"duration":12,"transform":{}},{"duration":13,"transform":{}}],"name":"root"},{"frame":[{"duration":2,"curve":[0.225,0,0.6,0.39],"transform":{"skX":-3.69,"skY":-3.69,"y":-244.21,"x":-76.49}},{"tweenEasing":0,"duration":3,"transform":{"skX":-3.69,"skY":-3.69,"y":1.52,"x":-61.63}},{"tweenEasing":0,"duration":7,"transform":{"skX":-3.69,"skY":-3.69,"scX":0.931,"y":1.52,"x":-61.63}},{"tweenEasing":0,"duration":13,"transform":{"skX":-3.69,"skY":-3.69,"y":1.52,"x":-61.63}},{"duration":0,"transform":{"skX":-3.69,"skY":-3.69,"scX":1.3,"y":1.52,"x":-61.63}}],"name":"ys_suolian_eff_1"}],"slot":[{"frame":[{"tweenEasing":null,"displayIndex":-1,"duration":25}],"name":"ys_suolian_eff_01"},{"frame":[{"tweenEasing":0,"duration":12},{"tweenEasing":0,"duration":3},{"tweenEasing":0,"displayIndex":1,"duration":3},{"tweenEasing":0,"displayIndex":2,"duration":3},{"tweenEasing":0,"displayIndex":3,"duration":4},{"tweenEasing":null,"displayIndex":3,"duration":0,"color":{"aM":0}}],"name":"ys_suolian_eff_1"},{"frame":[{"tweenEasing":0,"duration":12},{"tweenEasing":0,"duration":3},{"tweenEasing":0,"displayIndex":1,"duration":3},{"tweenEasing":0,"displayIndex":2,"duration":3},{"tweenEasing":0,"displayIndex":3,"duration":4},{"tweenEasing":null,"displayIndex":3,"duration":0,"color":{"aM":0}}],"name":"ys_suolian_eff_2"},{"frame":[{"tweenEasing":0,"duration":12},{"tweenEasing":0,"duration":3},{"tweenEasing":0,"displayIndex":1,"duration":3},{"tweenEasing":0,"displayIndex":2,"duration":3},{"tweenEasing":0,"displayIndex":3,"duration":4},{"tweenEasing":null,"displayIndex":3,"duration":0,"color":{"aM":0}}],"name":"ys_suolian_eff_3"},{"frame":[{"tweenEasing":null,"displayIndex":-1,"duration":25}],"name":"ys_suolian_eff_4"},{"frame":[{"tweenEasing":0,"duration":15},{"tweenEasing":null,"displayIndex":-1,"duration":10}],"name":"ys_suolian_eff_pz"}],"name":"animation3"}],"bone":[{"name":"root","transform":{}},{"length":161,"transform":{"skX":-89.75,"skY":-89.75,"y":1.2,"x":-2.83},"parent":"root","name":"ys_suolian_eff_01"},{"length":161,"transform":{"skX":-89.75,"skY":-89.75,"y":1.38,"x":37.48},"parent":"root","name":"ys_suolian_eff_1"},{"length":161,"transform":{"skX":-89.75,"skY":-89.75,"y":1.58,"x":82.64},"parent":"root","name":"ys_suolian_eff_2"},{"length":161,"transform":{"skX":-89.75,"skY":-89.75,"y":1.77,"x":126.2},"parent":"root","name":"ys_suolian_eff_3"},{"length":161,"transform":{"skX":-89.75,"skY":-89.75,"y":1.96,"x":168.17},"parent":"root","name":"ys_suolian_eff_4"}],"aabb":{"width":433,"y":-582.6350410167938,"height":610.76,"x":-129.79331805031595},"name":"armatureName","frameRate":30}],"name":"ys_suolian_eff","version":"4.0"}