{"frameRate":30,"isGlobal":0,"armature":[{"skin":[{"name":"","slot":[{"display":[{"path":"zi_fangshe_02_eff_03","type":"image","name":"zi_fangshe_02_eff_03","transform":{"y":0.73,"x":0.44}},{"path":"zi_fangshe_02_eff_04","type":"image","name":"zi_fangshe_02_eff_04","transform":{}}],"name":"zi_fangshe_02_eff_3"},{"display":[{"path":"zi_fangshe_02_eff_03","type":"image","name":"zi_fangshe_02_eff_03","transform":{"y":0.73,"x":0.44}},{"path":"zi_fangshe_02_eff_04","type":"image","name":"zi_fangshe_02_eff_04","transform":{}}],"name":"zi_fangshe_02_eff_4"},{"display":[{"path":"zi_fangshe_02_eff_pz","type":"image","name":"zi_fangshe_02_eff_pz","transform":{"scX":14.674,"y":-1.74,"scY":14.674,"x":0.41}}],"name":"zi_fangshe_02_eff_pz"},{"display":[{"path":"zi_fangshe_02_eff_01","type":"image","name":"zi_fangshe_02_eff_01","transform":{"y":0.19,"x":-0.09}},{"path":"zi_fangshe_02_eff_02","type":"image","name":"zi_fangshe_02_eff_02","transform":{}}],"name":"zi_fangshe_02_eff_01"},{"display":[{"path":"zi_fangshe_02_eff_03","type":"image","name":"zi_fangshe_02_eff_03","transform":{"y":0.73,"x":0.44}},{"path":"zi_fangshe_02_eff_04","type":"image","name":"zi_fangshe_02_eff_04","transform":{}}],"name":"zi_fangshe_02_eff_03"}]}],"slot":[{"name":"zi_fangshe_02_eff_pz","parent":"zi_fangshe_02_eff_pz","color":{}},{"z":1,"displayIndex":1,"name":"zi_fangshe_02_eff_01","parent":"zi_fangshe_02_eff_01","color":{}},{"z":2,"name":"zi_fangshe_02_eff_03","parent":"zi_fangshe_02_eff_03","color":{}},{"z":3,"displayIndex":-1,"name":"zi_fangshe_02_eff_3","parent":"zi_fangshe_02_eff_3","color":{}},{"z":4,"displayIndex":-1,"name":"zi_fangshe_02_eff_4","parent":"zi_fangshe_02_eff_4","color":{}}],"type":"Armature","ik":[],"defaultActions":[{"gotoAndPlay":"animation"}],"animation":[{"ffd":[],"frame":[],"duration":30,"ik":[],"bone":[{"frame":[{"duration":10,"curve":[0.1875,0,1,0.6325000000000001],"transform":{"skX":-19.24,"skY":-19.24,"y":0.73,"x":-0.09}},{"duration":1,"transform":{"skX":0.92,"skY":0.92,"scX":1.501,"y":0.73,"scY":1.501,"x":-0.09}},{"duration":19,"curve":[0,0.4,0.75,1],"transform":{"scX":1.501,"y":0.73,"scY":1.501,"x":-0.09}},{"duration":0,"transform":{"skX":28.33,"skY":28.33,"scX":1.917,"y":0.73,"scY":1.917,"x":-0.09}}],"name":"zi_fangshe_02_eff_03"},{"frame":[{"duration":10,"curve":[0.1875,0,1,0.6325000000000001],"transform":{"skX":-19.24,"skY":-19.24,"scX":1.66,"y":0.19,"scY":1.66,"x":-0.09}},{"duration":1,"transform":{"skX":0.92,"skY":0.92,"scX":0.598,"y":0.19,"scY":0.598,"x":-0.09}},{"duration":19,"curve":[0,0.4,0.75,1],"transform":{"scX":0.824,"y":0.19,"scY":0.824,"x":-0.09}},{"duration":0,"transform":{"skX":28.33,"skY":28.33,"scX":2.069,"y":0.19,"scY":2.069,"x":-0.09}}],"name":"zi_fangshe_02_eff_01"},{"frame":[{"duration":30,"transform":{"y":69.11,"x":0.41}}],"name":"zi_fangshe_02_eff_pz"},{"frame":[{"duration":30,"transform":{}}],"name":"root"},{"frame":[{"duration":30,"transform":{}}],"name":"zi_fangshe_02_eff_3"},{"frame":[{"duration":30,"transform":{}}],"name":"zi_fangshe_02_eff_4"}],"slot":[{"frame":[{"duration":10,"curve":[0.125,0,1,0.755]},{"tweenEasing":0,"duration":1,"color":{"aM":80}},{"displayIndex":1,"duration":5,"curve":[0,0.155,0.7305,0.845],"color":{"aM":73}},{"displayIndex":1,"duration":14,"curve":[0.368,0.57,0.789,1]},{"tweenEasing":null,"displayIndex":1,"duration":0,"color":{"aM":0}}],"name":"zi_fangshe_02_eff_01"},{"frame":[{"duration":10,"curve":[0.125,0,1,0.755]},{"tweenEasing":0,"duration":1,"color":{"aM":80}},{"displayIndex":1,"duration":5,"curve":[0,0.155,0.7305,0.845],"color":{"aM":73}},{"displayIndex":1,"duration":14,"curve":[0.368,0.57,0.789,1]},{"tweenEasing":null,"displayIndex":1,"duration":0,"color":{"aM":0}}],"name":"zi_fangshe_02_eff_03"}],"name":"animation"},{"ffd":[],"frame":[],"duration":10,"ik":[],"bone":[{"frame":[{"duration":10,"curve":[0.25,0,1,0.51],"transform":{"skX":-19.24,"skY":-19.24,"y":-85.87}},{"duration":0,"transform":{"skX":0.92,"skY":0.92,"scX":1.501,"y":-3.1,"scY":1.501,"x":-1.31}}],"name":"zi_fangshe_02_eff_03"},{"frame":[{"duration":10,"curve":[0.25,0,1,0.51],"transform":{"skX":-19.24,"skY":-19.24,"scX":1.66,"y":-41.77,"scY":1.66,"x":-1.05}},{"duration":0,"transform":{"skX":0.92,"skY":0.92,"scX":0.598,"y":-2.22,"scY":0.598,"x":-0.95}}],"name":"zi_fangshe_02_eff_01"},{"frame":[{"duration":10,"transform":{"scY":0.33}},{"duration":0,"transform":{"scY":0.33}}],"name":"root"},{"frame":[{"tweenEasing":0,"duration":10,"transform":{}},{"duration":0,"transform":{"scX":1.385,"y":-66.05,"scY":1.385}}],"name":"zi_fangshe_02_eff_3"},{"frame":[{"tweenEasing":0,"duration":10,"transform":{}},{"duration":0,"transform":{"scX":1.334,"y":-57.24,"scY":1.334}}],"name":"zi_fangshe_02_eff_4"},{"frame":[{"duration":10,"transform":{}}],"name":"zi_fangshe_02_eff_pz"}],"slot":[{"frame":[{"duration":10,"curve":[0.125,0,1,0.755]},{"tweenEasing":null,"duration":0,"color":{"aM":80}}],"name":"zi_fangshe_02_eff_01"},{"frame":[{"duration":10,"curve":[0.125,0,1,0.755]},{"tweenEasing":null,"duration":0,"color":{"aM":80}}],"name":"zi_fangshe_02_eff_03"},{"frame":[{"tweenEasing":0,"duration":10},{"tweenEasing":null,"duration":0}],"name":"zi_fangshe_02_eff_3"},{"frame":[{"tweenEasing":0,"displayIndex":-1,"duration":10},{"tweenEasing":null,"displayIndex":-1,"duration":0}],"name":"zi_fangshe_02_eff_4"}],"name":"animation2"},{"ffd":[],"frame":[],"duration":24,"ik":[],"bone":[{"frame":[{"duration":19,"curve":[0,0.4,0.75,1],"transform":{"scX":1.501,"y":-85.87,"scY":1.501}},{"duration":5,"transform":{"skX":28.33,"skY":28.33,"scX":1.917,"y":-584.8,"scY":1.917}},{"duration":0,"transform":{"skX":28.33,"skY":28.33,"scX":1.917,"y":-584.8,"scY":1.917}}],"name":"zi_fangshe_02_eff_03"},{"frame":[{"duration":19,"curve":[0,0.4,0.75,1],"transform":{"scX":0.824,"y":-2.22,"scY":0.824,"x":-0.95}},{"duration":5,"transform":{"skX":28.33,"skY":28.33,"scX":2.069,"y":-2.22,"scY":2.069,"x":-0.95}},{"duration":0,"transform":{"skX":28.33,"skY":28.33,"scX":2.069,"y":-2.22,"scY":2.069,"x":-0.95}}],"name":"zi_fangshe_02_eff_01"},{"frame":[{"duration":24,"transform":{"scY":0.33}},{"duration":0,"transform":{"scY":0.33}}],"name":"root"},{"frame":[{"tweenEasing":0,"duration":2,"transform":{"scX":1.424,"y":-72.66,"scY":1.424}},{"duration":19,"curve":[0,0.4,0.75,1],"transform":{"scX":1.501,"y":-85.87,"scY":1.501}},{"duration":3,"transform":{"skX":28.33,"skY":28.33,"scX":1.917,"y":-584.8,"scY":1.917}},{"duration":0,"transform":{"skX":28.33,"skY":28.33,"scX":1.917,"y":-584.8,"scY":1.917}}],"name":"zi_fangshe_02_eff_3"},{"frame":[{"tweenEasing":0,"duration":4,"transform":{"scX":1.367,"y":-62.97,"scY":1.367}},{"duration":20,"curve":[0,0.4,0.75,1],"transform":{"scX":1.501,"y":-85.87,"scY":1.501}},{"duration":0,"transform":{"skX":28.33,"skY":28.33,"scX":1.917,"y":-584.8,"scY":1.917}}],"name":"zi_fangshe_02_eff_4"},{"frame":[{"duration":24,"transform":{"y":-213.62,"scY":4.283}}],"name":"zi_fangshe_02_eff_pz"}],"slot":[{"frame":[{"displayIndex":1,"duration":5,"curve":[0,0.155,0.7305,0.845],"color":{"aM":73}},{"displayIndex":1,"duration":14,"curve":[0.368,0.57,0.789,1]},{"tweenEasing":null,"displayIndex":1,"duration":5,"color":{"aM":0}}],"name":"zi_fangshe_02_eff_01"},{"frame":[{"tweenEasing":0,"displayIndex":1,"duration":4,"color":{"aM":73}},{"displayIndex":1,"duration":1,"curve":[0,0.31,0.461,0.69],"color":{"aM":73}},{"tweenEasing":null,"displayIndex":1,"duration":4},{"displayIndex":1,"duration":10,"curve":[0.368,0.57,0.789,1]},{"tweenEasing":0,"displayIndex":1,"duration":5,"color":{"aM":0}},{"tweenEasing":null,"displayIndex":1,"duration":0,"color":{"aM":0}}],"name":"zi_fangshe_02_eff_03"},{"frame":[{"tweenEasing":0,"duration":2},{"tweenEasing":0,"duration":19},{"tweenEasing":null,"duration":3,"color":{"aM":0}}],"name":"zi_fangshe_02_eff_3"},{"frame":[{"tweenEasing":0,"displayIndex":-1,"duration":4},{"tweenEasing":0,"duration":20},{"tweenEasing":null,"duration":0,"color":{"aM":0}}],"name":"zi_fangshe_02_eff_4"},{"frame":[{"tweenEasing":0,"duration":10},{"tweenEasing":null,"displayIndex":-1,"duration":14}],"name":"zi_fangshe_02_eff_pz"}],"name":"animation3"},{"ffd":[],"frame":[],"duration":20,"ik":[],"bone":[{"frame":[{"duration":5,"curve":[0.1875,0,1,0.6325000000000001],"transform":{"skX":-19.24,"skY":-19.24,"y":0.73,"x":-0.09}},{"duration":1,"transform":{"skX":0.92,"skY":0.92,"scX":1.501,"y":0.73,"scY":1.501,"x":-0.09}},{"duration":14,"curve":[0,0.4,0.75,1],"transform":{"scX":1.501,"y":0.73,"scY":1.501,"x":-0.09}},{"duration":0,"transform":{"skX":28.33,"skY":28.33,"scX":1.917,"y":0.73,"scY":1.917,"x":-0.09}}],"name":"zi_fangshe_02_eff_03"},{"frame":[{"duration":5,"curve":[0.1875,0,1,0.6325000000000001],"transform":{"skX":-19.24,"skY":-19.24,"scX":1.66,"y":0.19,"scY":1.66,"x":-0.09}},{"duration":1,"transform":{"skX":0.92,"skY":0.92,"scX":0.598,"y":0.19,"scY":0.598,"x":-0.09}},{"duration":14,"curve":[0,0.4,0.75,1],"transform":{"scX":0.824,"y":0.19,"scY":0.824,"x":-0.09}},{"duration":0,"transform":{"skX":28.33,"skY":28.33,"scX":2.069,"y":0.19,"scY":2.069,"x":-0.09}}],"name":"zi_fangshe_02_eff_01"},{"frame":[{"duration":20,"transform":{"y":69.11,"x":0.41}}],"name":"zi_fangshe_02_eff_pz"},{"frame":[{"duration":20,"transform":{}}],"name":"root"},{"frame":[{"duration":20,"transform":{}}],"name":"zi_fangshe_02_eff_3"},{"frame":[{"duration":20,"transform":{}}],"name":"zi_fangshe_02_eff_4"}],"slot":[{"frame":[{"duration":5,"curve":[0.125,0,1,0.755]},{"tweenEasing":0,"duration":1,"color":{"aM":80}},{"displayIndex":1,"duration":5,"curve":[0,0.155,0.7305,0.845],"color":{"aM":73}},{"displayIndex":1,"duration":9,"curve":[0.368,0.57,0.789,1]},{"tweenEasing":null,"displayIndex":1,"duration":0,"color":{"aM":0}}],"name":"zi_fangshe_02_eff_01"},{"frame":[{"duration":5,"curve":[0.125,0,1,0.755]},{"tweenEasing":0,"duration":1,"color":{"aM":80}},{"displayIndex":1,"duration":5,"curve":[0,0.155,0.7305,0.845],"color":{"aM":73}},{"displayIndex":1,"duration":9,"curve":[0.368,0.57,0.789,1]},{"tweenEasing":null,"displayIndex":1,"duration":0,"color":{"aM":0}}],"name":"zi_fangshe_02_eff_03"}],"name":"animation4"}],"bone":[{"name":"root","transform":{}},{"transform":{"y":-0.19,"x":0.09},"name":"zi_fangshe_02_eff_01","parent":"root"},{"transform":{"y":-0.73,"x":0.09},"name":"zi_fangshe_02_eff_03","parent":"root"},{"transform":{"y":-0.73,"x":0.09},"name":"zi_fangshe_02_eff_3","parent":"root"},{"transform":{"y":-0.73,"x":0.09},"name":"zi_fangshe_02_eff_4","parent":"root"},{"transform":{"y":-69.11,"x":-0.41},"name":"zi_fangshe_02_eff_pz","parent":"root"}],"aabb":{"width":167.44,"y":-84.19,"height":168.19,"x":-83.41},"name":"armatureName","frameRate":30}],"name":"zi_fangshe_02_eff","version":"4.0"}