{"frameRate":60,"isGlobal":0,"armature":[{"bone":[{"name":"root","transform":{}},{"inheritScale":false,"transform":{},"name":"001_faguang_eff","parent":"root"},{"inheritScale":false,"transform":{},"name":"003_yidong_fuji","parent":"root"},{"inheritScale":false,"transform":{},"name":"000_juexing_bg","parent":"root"},{"inheritScale":false,"transform":{},"name":"002_xingxing01","parent":"root"},{"inheritScale":false,"transform":{},"name":"002_fuji2","parent":"003_yidong_fuji"},{"inheritScale":false,"transform":{},"name":"002_juese","parent":"002_fuji2"},{"inheritScale":false,"transform":{},"name":"001_xuili_fuji","parent":"002_fuji2"},{"inheritScale":false,"transform":{},"name":"001_xuli01","parent":"001_xuili_fuji"},{"inheritScale":false,"transform":{},"name":"003_mingzi","parent":"002_juese"},{"inheritScale":false,"transform":{},"name":"001_xuli02","parent":"001_xuili_fuji"}],"type":"Armature","frameRate":60,"animation":[{"bone":[{"frame":[{"tweenEasing":0,"transform":{"scY":15,"scX":15},"duration":29},{"tweenEasing":0,"transform":{"scY":15,"scX":15},"duration":1},{"tweenEasing":0,"transform":{"scY":15,"scX":15},"duration":30},{"tweenEasing":0,"transform":{"scY":15,"scX":15},"duration":15},{"tweenEasing":0,"transform":{"scY":15,"scX":15},"duration":25},{"tweenEasing":0,"transform":{"scY":15,"scX":15},"duration":30},{"tweenEasing":0,"transform":{"scY":15,"scX":15},"duration":20},{"tweenEasing":0,"transform":{"scY":15,"scX":15},"duration":20},{"transform":{"scY":15,"scX":15},"duration":0}],"name":"001_faguang_eff"},{"frame":[{"tweenEasing":0,"transform":{"scY":1.5,"y":-220,"scX":1.5},"duration":30},{"tweenEasing":0,"transform":{"scY":1.5,"y":-220,"scX":1.5},"duration":30},{"tweenEasing":0,"transform":{"scY":5,"y":-220,"scX":5},"duration":15},{"tweenEasing":0,"transform":{"scY":5,"y":-220,"scX":5},"duration":25},{"tweenEasing":0,"transform":{"scY":1.5,"y":-220,"scX":1.5},"duration":30},{"tweenEasing":0,"transform":{"scY":1.5,"y":-220,"scX":1.5,"x":-150},"duration":40},{"transform":{"scY":1.5,"y":-220,"scX":1.5,"x":-150},"duration":0}],"name":"002_xingxing01"},{"frame":[{"tweenEasing":0,"transform":{"scY":2,"y":-150,"scX":2},"duration":60},{"tweenEasing":0,"transform":{"scY":2,"y":-150,"scX":2},"duration":40},{"tweenEasing":0,"transform":{"scY":3,"y":-150,"scX":3},"duration":30},{"tweenEasing":0,"transform":{"scY":3,"y":-150,"scX":3},"duration":20},{"tweenEasing":0,"transform":{"scY":3,"y":-150,"scX":3},"duration":20},{"transform":{"scY":3,"y":-150,"scX":3},"duration":0}],"name":"001_xuili_fuji"},{"frame":[{"tweenEasing":0,"transform":{},"duration":30},{"tweenEasing":0,"transform":{"scY":2,"skX":45,"skY":45,"scX":2},"duration":30},{"tweenEasing":0,"transform":{"skX":90,"skY":90},"duration":3},{"tweenEasing":0,"transform":{"skX":90,"skY":90},"duration":3},{"tweenEasing":0,"transform":{"skX":90,"skY":90},"duration":34},{"tweenEasing":0,"transform":{"skX":90,"skY":90},"duration":30},{"tweenEasing":0,"transform":{"skX":90,"skY":90},"duration":20},{"tweenEasing":0,"transform":{"skX":90,"skY":90},"duration":20},{"transform":{"skX":90,"skY":90},"duration":0}],"name":"001_xuli01"},{"frame":[{"tweenEasing":0,"transform":{"scY":2,"y":-11.875,"skX":90,"skY":90,"scX":2,"x":-0.625},"duration":30},{"tweenEasing":0,"transform":{"skX":45,"skY":45},"duration":30},{"tweenEasing":0,"transform":{"scY":2,"scX":2},"duration":3},{"tweenEasing":0,"transform":{"scY":2,"scX":2},"duration":3},{"tweenEasing":0,"transform":{"scY":2,"scX":2},"duration":34},{"tweenEasing":0,"transform":{"scY":2,"scX":2},"duration":30},{"tweenEasing":0,"transform":{"scY":2,"scX":2},"duration":20},{"tweenEasing":0,"transform":{"scY":2,"scX":2},"duration":20},{"transform":{"scY":2,"scX":2},"duration":0}],"name":"001_xuli02"},{"frame":[{"tweenEasing":0,"transform":{"y":170},"duration":170},{"transform":{"y":170},"duration":0}],"name":"003_mingzi"},{"frame":[{"tweenEasing":0,"transform":{"scY":0.8,"y":-156,"scX":0.8},"duration":100},{"tweenEasing":0,"transform":{"scY":0.8,"y":-156,"scX":0.8},"duration":30},{"tweenEasing":0,"transform":{"scY":0.8,"y":-156,"scX":0.8},"duration":20},{"tweenEasing":0,"transform":{"scY":0.8,"y":-156,"scX":0.8},"duration":20},{"transform":{"scY":0.8,"y":-156,"scX":0.8},"duration":0}],"name":"002_juese"},{"frame":[{"tweenEasing":0,"transform":{"y":200},"duration":100},{"tweenEasing":0,"transform":{"y":200},"duration":30},{"tweenEasing":0,"transform":{"y":200},"duration":20},{"tweenEasing":0,"transform":{"y":200},"duration":20},{"transform":{"y":200},"duration":0}],"name":"002_fuji2"},{"frame":[{"tweenEasing":0,"transform":{"y":50},"duration":100},{"tweenEasing":0,"transform":{"y":50},"duration":30},{"tweenEasing":0,"transform":{"y":50,"x":-150},"duration":20},{"tweenEasing":0,"transform":{"y":50,"x":-150},"duration":20},{"transform":{"y":50,"x":-150},"duration":0}],"name":"003_yidong_fuji"},{"frame":[{"tweenEasing":0,"transform":{"scY":2.5,"scX":2.5},"duration":100},{"tweenEasing":0,"transform":{"scY":2.5,"scX":2.5},"duration":30},{"tweenEasing":0,"transform":{"scY":2.5,"scX":2.5},"duration":20},{"tweenEasing":0,"transform":{"scY":2.5,"scX":2.5},"duration":20},{"transform":{"scY":2.5,"scX":2.5},"duration":0}],"name":"000_juexing_bg"},{"frame":[{"transform":{},"duration":170}],"name":"root"}],"slot":[{"frame":[{"displayIndex":-1,"tweenEasing":0,"duration":29},{"displayIndex":-1,"tweenEasing":0,"duration":1},{"displayIndex":1,"tweenEasing":0,"color":{"aM":0},"duration":30},{"displayIndex":1,"tweenEasing":0,"duration":15},{"displayIndex":1,"tweenEasing":0,"duration":25},{"displayIndex":1,"tweenEasing":0,"color":{"aM":0},"duration":30},{"displayIndex":1,"tweenEasing":0,"color":{"aM":0},"duration":20},{"displayIndex":1,"tweenEasing":0,"color":{"aM":0},"duration":20},{"displayIndex":1,"tweenEasing":null,"color":{"aM":0},"duration":0}],"name":"001_faguang_eff"},{"frame":[{"tweenEasing":0,"duration":30},{"tweenEasing":0,"duration":30},{"tweenEasing":0,"color":{"aM":0},"duration":15},{"tweenEasing":0,"color":{"aM":0},"duration":25},{"tweenEasing":0,"duration":30},{"tweenEasing":0,"duration":40},{"tweenEasing":null,"duration":0}],"name":"002_xingxing01"},{"frame":[{"displayIndex":-1,"tweenEasing":0,"duration":60},{"displayIndex":-1,"tweenEasing":0,"duration":40},{"displayIndex":-1,"tweenEasing":0,"duration":30},{"displayIndex":-1,"tweenEasing":0,"duration":20},{"displayIndex":-1,"tweenEasing":0,"duration":20},{"displayIndex":-1,"tweenEasing":null,"duration":0}],"name":"001_xuili_fuji"},{"frame":[{"tweenEasing":0,"color":{"aM":0,"bM":0},"duration":30},{"tweenEasing":0,"color":{"aM":0,"bM":0},"duration":30},{"tweenEasing":0,"color":{"bM":0},"duration":3},{"displayIndex":1,"tweenEasing":0,"color":{"aM":57,"bM":0},"duration":3},{"displayIndex":2,"tweenEasing":0,"color":{"aM":19,"bM":0},"duration":34},{"displayIndex":2,"tweenEasing":0,"color":{"aM":0,"bM":0},"duration":30},{"displayIndex":2,"tweenEasing":0,"color":{"aM":0,"bM":0},"duration":20},{"displayIndex":2,"tweenEasing":0,"color":{"aM":0,"bM":0},"duration":20},{"displayIndex":2,"tweenEasing":null,"color":{"aM":0,"bM":0},"duration":0}],"name":"001_xuli01"},{"frame":[{"tweenEasing":0,"color":{"aM":0,"bM":0},"duration":30},{"tweenEasing":0,"color":{"bM":0},"duration":30},{"tweenEasing":0,"color":{"aM":0,"bM":0},"duration":3},{"displayIndex":1,"tweenEasing":0,"color":{"aM":57,"bM":0},"duration":3},{"displayIndex":2,"tweenEasing":0,"color":{"aM":19,"bM":0},"duration":34},{"displayIndex":2,"tweenEasing":0,"color":{"aM":0,"bM":0},"duration":30},{"displayIndex":2,"tweenEasing":0,"color":{"aM":0,"bM":0},"duration":20},{"displayIndex":2,"tweenEasing":0,"color":{"aM":0,"bM":0},"duration":20},{"displayIndex":2,"tweenEasing":null,"color":{"aM":0,"bM":0},"duration":0}],"name":"001_xuli02"},{"frame":[{"tweenEasing":0,"duration":170},{"tweenEasing":null,"duration":0}],"name":"003_mingzi"},{"frame":[{"tweenEasing":0,"duration":100},{"tweenEasing":0,"duration":30},{"tweenEasing":0,"duration":20},{"tweenEasing":0,"duration":20},{"tweenEasing":null,"duration":0}],"name":"002_juese"},{"frame":[{"displayIndex":-1,"tweenEasing":0,"duration":100},{"displayIndex":-1,"tweenEasing":0,"duration":30},{"displayIndex":-1,"tweenEasing":0,"duration":20},{"displayIndex":-1,"tweenEasing":0,"duration":20},{"displayIndex":-1,"tweenEasing":null,"duration":0}],"name":"002_fuji2"},{"frame":[{"displayIndex":-1,"tweenEasing":0,"duration":100},{"displayIndex":-1,"tweenEasing":0,"duration":30},{"displayIndex":-1,"tweenEasing":0,"duration":20},{"displayIndex":-1,"tweenEasing":0,"duration":20},{"displayIndex":-1,"tweenEasing":null,"duration":0}],"name":"003_yidong_fuji"},{"frame":[{"tweenEasing":0,"color":{"rM":36,"gM":36,"bM":36},"duration":100},{"tweenEasing":0,"duration":30},{"tweenEasing":0,"duration":20},{"tweenEasing":0,"duration":20},{"tweenEasing":null,"duration":0}],"name":"000_juexing_bg"}],"ffd":[],"ik":[],"frame":[],"name":"000_nianshou_shengxing","duration":170}],"defaultActions":[{"gotoAndPlay":"000_nianshou_shengxing"}],"aabb":{"width":570,"y":-160,"height":320,"x":-285},"ik":[],"name":"armatureName","skin":[{"slot":[{"display":[{"path":"zhizhao","type":"image","name":"zhizhao","transform":{}}],"name":"002_juese"},{"display":[{"path":"xingxing03","type":"image","name":"xingxing03","transform":{}}],"name":"002_xingxing01"},{"display":[{"path":"bg","type":"image","name":"bg","transform":{"y":-0.5,"x":-0.5}},{"path":"bg2","type":"image","name":"bg2","transform":{}}],"name":"001_faguang_eff"},{"display":[{"path":"bg001","type":"image","name":"bg001","transform":{}}],"name":"000_juexing_bg"},{"display":[{"path":"juexing_eff/jx_fangshe/cheng_fangshe_03_eff_02","type":"image","name":"juexing_eff/jx_fangshe/cheng_fangshe_03_eff_02","transform":{}},{"path":"juexing_eff/jx_fangshe/cheng_fangshe_03_eff_03","type":"image","name":"juexing_eff/jx_fangshe/cheng_fangshe_03_eff_03","transform":{}},{"path":"juexing_eff/jx_fangshe/cheng_fangshe_03_eff_04","type":"image","name":"juexing_eff/jx_fangshe/cheng_fangshe_03_eff_04","transform":{}}],"name":"001_xuli01"},{"display":[{"path":"juexing_eff/jx_fangshe/cheng_fangshe_03_eff_02","type":"image","name":"juexing_eff/jx_fangshe/cheng_fangshe_03_eff_02","transform":{}},{"path":"juexing_eff/jx_fangshe/cheng_fangshe_03_eff_03","type":"image","name":"juexing_eff/jx_fangshe/cheng_fangshe_03_eff_03","transform":{}},{"path":"juexing_eff/jx_fangshe/cheng_fangshe_03_eff_04","type":"image","name":"juexing_eff/jx_fangshe/cheng_fangshe_03_eff_04","transform":{"y":0.25}}],"name":"001_xuli02"},{"display":[{"path":"28","type":"image","name":"28","transform":{}}],"name":"003_mingzi"}],"name":""}],"slot":[{"name":"000_juexing_bg","parent":"000_juexing_bg","color":{}},{"z":1,"displayIndex":-1,"name":"003_yidong_fuji","parent":"003_yidong_fuji","color":{}},{"z":2,"displayIndex":-1,"name":"002_fuji2","parent":"002_fuji2","color":{}},{"z":3,"name":"002_juese","parent":"002_juese","color":{}},{"z":4,"name":"003_mingzi","parent":"003_mingzi","color":{}},{"z":5,"name":"001_xuli02","parent":"001_xuli02","color":{}},{"z":6,"name":"001_xuli01","parent":"001_xuli01","color":{}},{"z":7,"displayIndex":-1,"name":"001_xuili_fuji","parent":"001_xuili_fuji","color":{}},{"z":8,"name":"002_xingxing01","parent":"002_xingxing01","color":{}},{"z":9,"name":"001_faguang_eff","parent":"001_faguang_eff","color":{}}]}],"name":"ui_nianshou_shengxing","version":"4.0"}