{"frameRate":60,"isGlobal":0,"armature":[{"aabb":{"width":492.67949999999996,"y":-97.5,"height":195,"x":-112},"defaultActions":[{"gotoAndPlay":"000_jihuo"}],"type":"Armature","bone":[{"name":"root","transform":{}},{"inheritScale":false,"transform":{},"name":"002_lizi2","parent":"root"},{"inheritScale":false,"transform":{},"name":"000_fuji","parent":"root"},{"inheritScale":false,"transform":{},"name":"000_heibeijing","parent":"root"},{"inheritScale":false,"transform":{},"name":"009_qianghuaban","parent":"root"},{"inheritScale":false,"transform":{},"name":"006_suduxian1","parent":"root"},{"inheritScale":false,"transform":{},"name":"006_suduxian2","parent":"root"},{"inheritScale":false,"transform":{},"name":"006_suduxian3","parent":"root"},{"inheritScale":false,"transform":{},"name":"006_suduxian4","parent":"root"},{"inheritScale":false,"transform":{},"name":"006_suduxian5","parent":"root"},{"inheritScale":false,"transform":{},"name":"006_dusuxian6","parent":"root"},{"inheritScale":false,"transform":{},"name":"006_suduxian7","parent":"root"},{"inheritScale":false,"transform":{},"name":"006_suduxian8","parent":"root"},{"inheritScale":false,"transform":{},"name":"002_beiguang","parent":"root"},{"inheritScale":false,"transform":{},"name":"004_chongji_eff","parent":"root"},{"inheritScale":false,"transform":{},"name":"003_chanrao_fuji","parent":"root"},{"inheritScale":false,"transform":{},"name":"008_baise","parent":"root"},{"inheritScale":false,"transform":{},"name":"007_fangshe_dafuji","parent":"root"},{"inheritScale":false,"transform":{},"name":"002_lizi1","parent":"root"},{"inheritScale":false,"transform":{},"name":"000_heidi","parent":"root"},{"inheritScale":false,"transform":{},"name":"002_lizi3","parent":"root"},{"inheritScale":false,"transform":{},"name":"005_lei2","parent":"root"},{"inheritScale":false,"transform":{},"name":"004_shanguang_eff","parent":"root"},{"inheritScale":false,"transform":{},"name":"005_lei3","parent":"root"},{"inheritScale":false,"transform":{},"name":"005_lei1","parent":"root"},{"inheritScale":false,"transform":{},"name":"003_chanrao3","parent":"003_chanrao_fuji"},{"inheritScale":false,"transform":{},"name":"003_chaorao2","parent":"003_chanrao_fuji"},{"inheritScale":false,"transform":{},"name":"003_chaorao1","parent":"003_chanrao_fuji"},{"inheritScale":false,"transform":{},"name":"001_daoju_fuji","parent":"000_fuji"},{"inheritScale":false,"transform":{},"name":"007_fangshe2_fuji","parent":"007_fangshe_dafuji"},{"inheritScale":false,"transform":{},"name":"007_fangshe3_fuji","parent":"007_fangshe_dafuji"},{"inheritScale":false,"transform":{},"name":"007_fangshe1_fuji","parent":"007_fangshe_dafuji"},{"inheritScale":false,"transform":{},"name":"007_fangshe1","parent":"007_fangshe1_fuji"},{"inheritScale":false,"transform":{"scX":0.5,"scY":0.5},"name":"001_daoju","parent":"001_daoju_fuji"},{"inheritScale":false,"transform":{"scX":0.5,"scY":0.5},"name":"001_daoju_heise","parent":"001_daoju_fuji"},{"inheritScale":false,"transform":{},"name":"007_fangshe2","parent":"007_fangshe2_fuji"},{"inheritScale":false,"transform":{},"name":"007_fangshe3","parent":"007_fangshe3_fuji"},{"inheritScale":false,"transform":{"scX":0.5,"scY":0.5},"name":"001_daoju_gaoguang","parent":"001_daoju_fuji"}],"ik":[],"slot":[{"color":{},"name":"000_heidi","parent":"000_heidi"},{"z":1,"color":{},"name":"000_fuji","parent":"000_fuji","displayIndex":-1},{"z":2,"color":{},"name":"000_heibeijing","parent":"000_heibeijing"},{"z":3,"color":{},"name":"009_qianghuaban","parent":"009_qianghuaban"},{"z":4,"color":{},"name":"006_suduxian1","parent":"006_suduxian1"},{"z":5,"color":{},"name":"006_suduxian2","parent":"006_suduxian2"},{"z":6,"color":{},"name":"006_suduxian3","parent":"006_suduxian3"},{"z":7,"color":{},"name":"006_suduxian4","parent":"006_suduxian4"},{"z":8,"color":{},"name":"006_suduxian5","parent":"006_suduxian5"},{"z":9,"color":{},"name":"006_dusuxian6","parent":"006_dusuxian6"},{"z":10,"color":{},"name":"006_suduxian7","parent":"006_suduxian7"},{"z":11,"color":{},"name":"006_suduxian8","parent":"006_suduxian8"},{"z":12,"color":{},"name":"002_beiguang","parent":"002_beiguang"},{"z":13,"color":{},"name":"001_daoju_fuji","parent":"001_daoju_fuji","displayIndex":-1},{"z":14,"color":{},"name":"001_daoju","parent":"001_daoju"},{"z":15,"color":{},"name":"001_daoju_gaoguang","parent":"001_daoju_gaoguang"},{"z":16,"color":{},"name":"001_daoju_heise","parent":"001_daoju_heise"},{"z":17,"color":{},"name":"002_lizi1","parent":"002_lizi1"},{"z":18,"color":{},"name":"002_lizi2","parent":"002_lizi2"},{"z":19,"color":{},"name":"002_lizi3","parent":"002_lizi3"},{"z":20,"color":{},"name":"003_chanrao_fuji","parent":"003_chanrao_fuji"},{"z":21,"color":{},"name":"003_chaorao1","parent":"003_chaorao1"},{"z":22,"color":{},"name":"003_chaorao2","parent":"003_chaorao2"},{"z":23,"color":{},"name":"003_chanrao3","parent":"003_chanrao3"},{"z":24,"color":{},"name":"004_shanguang_eff","parent":"004_shanguang_eff"},{"z":25,"color":{},"name":"004_chongji_eff","parent":"004_chongji_eff"},{"z":26,"color":{},"name":"005_lei1","parent":"005_lei1"},{"z":27,"color":{},"name":"005_lei2","parent":"005_lei2"},{"z":28,"color":{},"name":"005_lei3","parent":"005_lei3"},{"z":29,"color":{},"name":"007_fangshe_dafuji","parent":"007_fangshe_dafuji","displayIndex":-1},{"z":30,"color":{},"name":"007_fangshe1_fuji","parent":"007_fangshe1_fuji","displayIndex":-1},{"z":31,"color":{},"name":"007_fangshe1","parent":"007_fangshe1"},{"z":32,"color":{},"name":"007_fangshe2_fuji","parent":"007_fangshe2_fuji","displayIndex":-1},{"z":33,"color":{},"name":"007_fangshe2","parent":"007_fangshe2"},{"z":34,"color":{},"name":"007_fangshe3_fuji","parent":"007_fangshe3_fuji","displayIndex":-1},{"z":35,"color":{},"name":"007_fangshe3","parent":"007_fangshe3"},{"z":36,"color":{},"name":"008_baise","parent":"008_baise"}],"animation":[{"duration":120,"frame":[],"bone":[{"frame":[{"duration":59,"transform":{"scX":10,"scY":10},"tweenEasing":0},{"duration":1,"transform":{"scX":10,"scY":10},"tweenEasing":0},{"duration":2,"transform":{"scX":10,"scY":10},"tweenEasing":0},{"duration":2,"transform":{"scX":10,"scY":10},"tweenEasing":0},{"duration":11,"transform":{"scX":10,"scY":10},"tweenEasing":0},{"duration":1,"transform":{"scX":10,"scY":10},"tweenEasing":0},{"duration":44,"transform":{"scX":10,"scY":10}}],"name":"008_baise"},{"frame":[{"duration":29,"transform":{},"tweenEasing":0},{"duration":1,"transform":{},"tweenEasing":0},{"duration":30,"transform":{},"tweenEasing":0},{"duration":20,"transform":{},"tweenEasing":0},{"duration":1,"transform":{},"tweenEasing":0},{"duration":39,"transform":{}}],"name":"007_fangshe3"},{"frame":[{"duration":30,"transform":{"scX":0.2,"skX":112,"skY":112},"tweenEasing":0},{"duration":30,"transform":{"scX":0.2,"skX":112,"skY":112},"tweenEasing":0},{"duration":20,"transform":{"skX":120,"skY":120},"tweenEasing":0},{"duration":1,"transform":{"scY":0,"skX":120,"skY":120},"tweenEasing":0},{"duration":39,"transform":{"scY":0,"skX":120,"skY":120}}],"name":"007_fangshe3_fuji"},{"frame":[{"duration":14,"transform":{},"tweenEasing":0},{"duration":1,"transform":{},"tweenEasing":0},{"duration":45,"transform":{},"tweenEasing":0},{"duration":20,"transform":{},"tweenEasing":0},{"duration":1,"transform":{},"tweenEasing":0},{"duration":39,"transform":{}}],"name":"007_fangshe2"},{"frame":[{"duration":15,"transform":{"scX":0.2,"skX":-119,"skY":-119},"tweenEasing":0},{"duration":45,"transform":{"scX":0.2,"skX":-119,"skY":-119},"tweenEasing":0},{"duration":20,"transform":{"skX":-110,"skY":-110},"tweenEasing":0},{"duration":1,"transform":{"scY":0,"skX":-110,"skY":-110},"tweenEasing":0},{"duration":39,"transform":{"scY":0,"skX":-110,"skY":-110}}],"name":"007_fangshe2_fuji"},{"frame":[{"duration":60,"transform":{},"tweenEasing":0},{"duration":20,"transform":{},"tweenEasing":0},{"duration":1,"transform":{},"tweenEasing":0},{"duration":39,"transform":{}}],"name":"007_fangshe1"},{"frame":[{"duration":60,"transform":{"scX":0.2,"skX":-8,"skY":-8},"tweenEasing":0},{"duration":20,"transform":{},"tweenEasing":0},{"duration":1,"transform":{"scY":0},"tweenEasing":0},{"duration":39,"transform":{"scY":0}}],"name":"007_fangshe1_fuji"},{"frame":[{"duration":60,"transform":{"skX":54,"skY":54},"tweenEasing":0},{"duration":20,"transform":{"skX":54,"skY":54},"tweenEasing":0},{"duration":1,"transform":{},"tweenEasing":0},{"duration":39,"transform":{}}],"name":"007_fangshe_dafuji"},{"frame":[{"duration":14,"transform":{"y":3.5,"x":79.5},"tweenEasing":0},{"duration":1,"transform":{"y":3.5,"x":79.5},"tweenEasing":0},{"duration":2,"transform":{"y":3.5,"x":79.5},"tweenEasing":0},{"duration":8,"transform":{"y":3.5,"x":79.5},"tweenEasing":0},{"duration":1,"transform":{"y":3.5,"x":79.5},"tweenEasing":0},{"duration":94,"transform":{"y":3.5,"x":79.5}}],"name":"005_lei3"},{"frame":[{"duration":29,"transform":{"y":14,"x":-90},"tweenEasing":0},{"duration":1,"transform":{"y":14,"x":-90},"tweenEasing":0},{"duration":2,"transform":{"y":14,"x":-90},"tweenEasing":0},{"duration":8,"transform":{"y":14,"x":-90},"tweenEasing":0},{"duration":1,"transform":{"y":14,"x":-90},"tweenEasing":0},{"duration":79,"transform":{"y":14,"x":-90}}],"name":"005_lei2"},{"frame":[{"duration":2,"transform":{"scX":-1,"y":-23,"skX":63,"skY":63,"x":-25},"tweenEasing":0},{"duration":8,"transform":{"scX":-1,"y":-23,"skX":63,"skY":63,"x":-25},"tweenEasing":0},{"duration":1,"transform":{"scX":-1,"y":-23,"skX":63,"skY":63,"x":-25},"tweenEasing":0},{"duration":28,"transform":{"scX":-1,"y":-23,"skX":63,"skY":63,"x":-25},"tweenEasing":0},{"duration":1,"transform":{"scX":-1,"y":-23,"skX":63,"skY":63,"x":-25},"tweenEasing":0},{"duration":2,"transform":{"scX":-1,"y":-23,"skX":63,"skY":63,"x":-25},"tweenEasing":0},{"duration":8,"transform":{"scX":-1,"y":-23,"skX":63,"skY":63,"x":-25},"tweenEasing":0},{"duration":1,"transform":{"scX":-1,"y":-23,"skX":63,"skY":63,"x":-25},"tweenEasing":0},{"duration":69,"transform":{"scX":-1,"y":-23,"skX":63,"skY":63,"x":-25}}],"name":"005_lei1"},{"frame":[{"duration":59,"transform":{},"tweenEasing":0},{"duration":1,"transform":{},"tweenEasing":0},{"duration":30,"transform":{"skX":90,"skY":90},"tweenEasing":0},{"duration":1,"transform":{"scX":2,"scY":2,"skX":90,"skY":90},"tweenEasing":0},{"duration":29,"transform":{"scX":2,"scY":2,"skX":90,"skY":90}}],"name":"004_chongji_eff"},{"frame":[{"duration":59,"transform":{},"tweenEasing":0},{"duration":1,"transform":{},"tweenEasing":0},{"duration":30,"transform":{},"tweenEasing":0},{"duration":1,"transform":{"scX":0.5,"scY":0.5},"tweenEasing":0},{"duration":29,"transform":{"scX":0.5,"scY":0.5}}],"name":"004_shanguang_eff"},{"frame":[{"duration":69,"transform":{"scX":-1,"y":-9.5,"skX":36,"skY":36,"x":-26},"tweenEasing":0},{"duration":1,"transform":{"scX":-1,"y":-9.5,"skX":36,"skY":36,"x":-26},"tweenEasing":0},{"duration":5,"transform":{"scX":-1,"y":-9.5,"skX":36,"skY":36,"x":-26},"tweenEasing":0},{"duration":5,"transform":{"scX":-1,"y":-9.5,"skX":36,"skY":36,"x":-26},"tweenEasing":0},{"duration":5,"transform":{"scX":-1,"y":-9.5,"skX":36,"skY":36,"x":-26},"tweenEasing":0},{"duration":1,"transform":{"scX":-1,"y":-9.5,"skX":36,"skY":36,"x":-26},"tweenEasing":0},{"duration":34,"transform":{"scX":-1,"y":-9.5,"skX":36,"skY":36,"x":-26}}],"name":"003_chanrao3"},{"frame":[{"duration":64,"transform":{"scY":-1,"skX":1,"skY":1,"x":18.5},"tweenEasing":0},{"duration":1,"transform":{"scY":-1,"skX":1,"skY":1,"x":18.5},"tweenEasing":0},{"duration":5,"transform":{"scY":-1,"skX":1,"skY":1,"x":18.5},"tweenEasing":0},{"duration":5,"transform":{"scY":-1,"skX":1,"skY":1,"x":18.5},"tweenEasing":0},{"duration":5,"transform":{"scY":-1,"skX":1,"skY":1,"x":18.5},"tweenEasing":0},{"duration":1,"transform":{"scY":-1,"skX":1,"skY":1,"x":18.5},"tweenEasing":0},{"duration":39,"transform":{"scY":-1,"skX":1,"skY":1,"x":18.5}}],"name":"003_chaorao2"},{"frame":[{"duration":59,"transform":{"x":19},"tweenEasing":0},{"duration":1,"transform":{"x":19},"tweenEasing":0},{"duration":5,"transform":{"x":19},"tweenEasing":0},{"duration":5,"transform":{"x":19},"tweenEasing":0},{"duration":5,"transform":{"x":19},"tweenEasing":0},{"duration":1,"transform":{"x":19},"tweenEasing":0},{"duration":44,"transform":{"x":19}}],"name":"003_chaorao1"},{"frame":[{"duration":60,"transform":{"scX":0.6,"scY":0.8},"tweenEasing":0},{"duration":60,"transform":{"scX":0.6,"scY":0.8}}],"name":"003_chanrao_fuji"},{"frame":[{"duration":19,"transform":{"scX":1.5,"scY":1.5},"tweenEasing":0},{"duration":1,"transform":{"scX":1.5,"scY":1.5},"tweenEasing":0},{"duration":10,"transform":{"scX":1.5,"scY":1.5},"tweenEasing":0},{"duration":10,"transform":{"scX":1.1429,"scY":1.1429},"tweenEasing":0},{"duration":9,"transform":{"scX":0.7857,"scY":0.7857},"tweenEasing":0},{"duration":1,"transform":{"scX":0.5,"scY":0.5},"tweenEasing":0},{"duration":70,"transform":{"scX":0.5,"scY":0.5}}],"name":"002_lizi3"},{"frame":[{"duration":9,"transform":{"scX":1.5,"scY":1.5},"tweenEasing":0},{"duration":1,"transform":{"scX":1.5,"scY":1.5},"tweenEasing":0},{"duration":10,"transform":{"scX":1.5,"scY":1.5},"tweenEasing":0},{"duration":10,"transform":{"scX":1.1429,"scY":1.1429},"tweenEasing":0},{"duration":9,"transform":{"scX":0.7857,"scY":0.7857},"tweenEasing":0},{"duration":1,"transform":{"scX":0.5,"scY":0.5},"tweenEasing":0},{"duration":10,"transform":{"scX":1.5,"scY":1.5},"tweenEasing":0},{"duration":10,"transform":{"scX":1.1429,"scY":1.1429},"tweenEasing":0},{"duration":9,"transform":{"scX":0.7857,"scY":0.7857},"tweenEasing":0},{"duration":1,"transform":{"scX":0.5,"scY":0.5},"tweenEasing":0},{"duration":50,"transform":{"scX":0.5,"scY":0.5}}],"name":"002_lizi2"},{"frame":[{"duration":10,"transform":{"scX":1.5,"scY":1.5},"tweenEasing":0},{"duration":10,"transform":{"scX":1.1429,"scY":1.1429},"tweenEasing":0},{"duration":9,"transform":{"scX":0.7857,"scY":0.7857},"tweenEasing":0},{"duration":1,"transform":{"scX":0.5,"scY":0.5},"tweenEasing":0},{"duration":10,"transform":{"scX":1.5,"scY":1.5},"tweenEasing":0},{"duration":10,"transform":{"scX":1.1429,"scY":1.1429},"tweenEasing":0},{"duration":9,"transform":{"scX":0.7857,"scY":0.7857},"tweenEasing":0},{"duration":1,"transform":{"scX":0.5,"scY":0.5},"tweenEasing":0},{"duration":60,"transform":{"scX":0.5,"scY":0.5}}],"name":"002_lizi1"},{"frame":[{"duration":60,"transform":{},"tweenEasing":0},{"duration":1,"transform":{"scX":0.6,"scY":0.6},"tweenEasing":0},{"duration":59,"transform":{"scX":1.2,"scY":1.2},"tweenEasing":0},{"duration":0,"transform":{}}],"name":"001_daoju_heise"},{"frame":[{"duration":60,"transform":{},"tweenEasing":0},{"duration":5,"transform":{"scX":0.6,"scY":0.6},"tweenEasing":0},{"duration":55,"transform":{"scX":1.2,"scY":1.2},"tweenEasing":0},{"duration":0,"transform":{}}],"name":"001_daoju_gaoguang"},{"frame":[{"duration":60,"transform":{},"tweenEasing":0},{"duration":5,"transform":{"scX":0.6,"scY":0.6},"tweenEasing":0},{"duration":55,"transform":{"scX":1.2,"scY":1.2},"tweenEasing":0},{"duration":0,"transform":{}}],"name":"001_daoju"},{"frame":[{"duration":2,"transform":{"scX":1.5,"scY":1.5},"tweenEasing":0},{"duration":2,"transform":{"scX":1.5,"scY":1.5,"skX":-4,"skY":-4},"tweenEasing":0},{"duration":2,"transform":{"scX":1.5,"scY":1.5,"skX":4,"skY":4},"tweenEasing":0},{"duration":2,"transform":{"scX":1.5,"scY":1.5,"skX":-4,"skY":-4},"tweenEasing":0},{"duration":2,"transform":{"scX":1.5,"scY":1.5,"skX":4,"skY":4},"tweenEasing":0},{"duration":2,"transform":{"scX":1.5,"scY":1.5,"skX":-4,"skY":-4},"tweenEasing":0},{"duration":2,"transform":{"scX":1.5,"scY":1.5,"skX":4,"skY":4},"tweenEasing":0},{"duration":2,"transform":{"scX":1.5,"scY":1.5,"skX":-4,"skY":-4},"tweenEasing":0},{"duration":2,"transform":{"scX":1.5,"scY":1.5,"skX":4,"skY":4},"tweenEasing":0},{"duration":2,"transform":{"scX":1.5,"scY":1.5,"skX":-4,"skY":-4},"tweenEasing":0},{"duration":2,"transform":{"scX":1.5,"scY":1.5,"skX":4,"skY":4},"tweenEasing":0},{"duration":2,"transform":{"scX":1.5,"scY":1.5,"skX":-4,"skY":-4},"tweenEasing":0},{"duration":2,"transform":{"scX":1.5,"scY":1.5,"skX":4,"skY":4},"tweenEasing":0},{"duration":2,"transform":{"scX":1.5,"scY":1.5,"skX":-4,"skY":-4},"tweenEasing":0},{"duration":2,"transform":{"scX":1.5,"scY":1.5,"skX":4,"skY":4},"tweenEasing":0},{"duration":2,"transform":{"scX":1.5,"scY":1.5,"skX":-4,"skY":-4},"tweenEasing":0},{"duration":2,"transform":{"scX":1.5,"scY":1.5,"skX":4,"skY":4},"tweenEasing":0},{"duration":2,"transform":{"scX":1.5,"scY":1.5,"skX":-4,"skY":-4},"tweenEasing":0},{"duration":2,"transform":{"scX":1.5,"scY":1.5,"skX":4,"skY":4},"tweenEasing":0},{"duration":2,"transform":{"scX":1.5,"scY":1.5,"skX":-4,"skY":-4},"tweenEasing":0},{"duration":2,"transform":{"scX":1.5,"scY":1.5,"skX":4,"skY":4},"tweenEasing":0},{"duration":2,"transform":{"scX":1.5,"scY":1.5,"skX":-4,"skY":-4},"tweenEasing":0},{"duration":2,"transform":{"scX":1.5,"scY":1.5,"skX":4,"skY":4},"tweenEasing":0},{"duration":2,"transform":{"scX":1.5,"scY":1.5,"skX":-4,"skY":-4},"tweenEasing":0},{"duration":2,"transform":{"scX":1.5,"scY":1.5,"skX":4,"skY":4},"tweenEasing":0},{"duration":2,"transform":{"scX":1.5,"scY":1.5,"skX":-4,"skY":-4},"tweenEasing":0},{"duration":2,"transform":{"scX":1.5,"scY":1.5,"skX":4,"skY":4},"tweenEasing":0},{"duration":2,"transform":{"scX":1.5,"scY":1.5,"skX":-4,"skY":-4},"tweenEasing":0},{"duration":4,"transform":{"scX":1.5,"scY":1.5,"skX":4,"skY":4},"tweenEasing":0},{"duration":5,"transform":{"scX":1.5,"scY":1.5},"tweenEasing":0},{"duration":55,"transform":{"scX":1.5,"scY":1.5},"tweenEasing":0},{"duration":0,"transform":{"scX":1.5,"scY":1.5}}],"name":"001_daoju_fuji"},{"frame":[{"duration":60,"transform":{},"tweenEasing":0},{"duration":5,"transform":{},"tweenEasing":0},{"duration":55,"transform":{"scX":1.1,"scY":1.1},"tweenEasing":0},{"duration":0,"transform":{}}],"name":"002_beiguang"},{"frame":[{"duration":60,"transform":{"scX":2,"y":49.5,"scY":0.5,"x":136.5},"tweenEasing":0},{"duration":30,"transform":{"scX":5,"y":49.5,"scY":0.2,"x":136.5},"tweenEasing":0},{"duration":1,"transform":{"scX":2,"y":49.5,"scY":0,"x":136.5},"tweenEasing":0},{"duration":29,"transform":{"scX":2,"y":49.5,"scY":0.5,"x":136.5}}],"name":"006_suduxian8"},{"frame":[{"duration":60,"transform":{"y":-52.5,"x":241.5},"tweenEasing":0},{"duration":30,"transform":{"scX":2,"y":-52.5,"scY":0.5,"x":241.5},"tweenEasing":0},{"duration":1,"transform":{"y":-52.5,"scY":0,"x":241.5},"tweenEasing":0},{"duration":29,"transform":{"y":-52.5,"x":241.5}}],"name":"006_suduxian7"},{"frame":[{"duration":60,"transform":{"y":50,"x":-53.5},"tweenEasing":0},{"duration":30,"transform":{"scX":2,"y":50,"x":-53.5},"tweenEasing":0},{"duration":1,"transform":{"y":50,"scY":0,"x":-53.5},"tweenEasing":0},{"duration":29,"transform":{"y":50,"x":-53.5}}],"name":"006_dusuxian6"},{"frame":[{"duration":60,"transform":{"y":-53,"x":-105.5},"tweenEasing":0},{"duration":30,"transform":{"scX":2,"y":-53,"x":-105.5},"tweenEasing":0},{"duration":1,"transform":{"y":-53,"scY":0,"x":-105.5},"tweenEasing":0},{"duration":29,"transform":{"y":-53,"x":-105.5}}],"name":"006_suduxian5"},{"frame":[{"duration":19,"transform":{"scX":2,"y":-25,"x":-391.5},"tweenEasing":0},{"duration":1,"transform":{"scX":2,"y":-25,"x":-391.5},"tweenEasing":0},{"duration":19,"transform":{"scX":2,"y":-25,"x":-391.5},"tweenEasing":0},{"duration":1,"transform":{"scX":2,"y":-25,"x":361.625},"tweenEasing":0},{"duration":19,"transform":{"scX":2,"y":-25,"x":-391.5},"tweenEasing":0},{"duration":1,"transform":{"scX":2,"y":-25,"x":361.625},"tweenEasing":0},{"duration":19,"transform":{"scX":2,"y":-25,"x":-391.5},"tweenEasing":0},{"duration":1,"transform":{"scX":2,"y":-25,"x":361.625},"tweenEasing":0},{"duration":40,"transform":{"scX":2,"y":-25,"x":361.625}}],"name":"006_suduxian4"},{"frame":[{"duration":9,"transform":{"scX":2,"y":25,"skX":-1,"skY":-1,"x":-395.125},"tweenEasing":0},{"duration":1,"transform":{"scX":2,"y":25,"skX":-1,"skY":-1,"x":-395.125},"tweenEasing":0},{"duration":19,"transform":{"scX":2,"y":25,"skX":-1,"skY":-1,"x":-395.125},"tweenEasing":0},{"duration":1,"transform":{"scX":2,"y":25,"skX":-1,"skY":-1,"x":371.125},"tweenEasing":0},{"duration":19,"transform":{"scX":2,"y":25,"skX":-1,"skY":-1,"x":-395.125},"tweenEasing":0},{"duration":1,"transform":{"scX":2,"y":25,"skX":-1,"skY":-1,"x":371.125},"tweenEasing":0},{"duration":19,"transform":{"scX":2,"y":25,"skX":-1,"skY":-1,"x":-395.125},"tweenEasing":0},{"duration":1,"transform":{"scX":2,"y":25,"skX":-1,"skY":-1,"x":371.125},"tweenEasing":0},{"duration":50,"transform":{"scX":2,"y":25,"skX":-1,"skY":-1,"x":371.125}}],"name":"006_suduxian3"},{"frame":[{"duration":19,"transform":{"scX":2,"y":58.75,"skX":-1,"skY":-1,"x":-334.75},"tweenEasing":0},{"duration":1,"transform":{"scX":2,"y":59.375,"skX":-1,"skY":-1,"x":349},"tweenEasing":0},{"duration":19,"transform":{"scX":2,"y":58.75,"skX":-1,"skY":-1,"x":-334.75},"tweenEasing":0},{"duration":1,"transform":{"scX":2,"y":59.375,"skX":-1,"skY":-1,"x":349},"tweenEasing":0},{"duration":19,"transform":{"scX":2,"y":58.75,"skX":-1,"skY":-1,"x":-334.75},"tweenEasing":0},{"duration":1,"transform":{"scX":2,"y":59.375,"skX":-1,"skY":-1,"x":349},"tweenEasing":0},{"duration":60,"transform":{"scX":2,"y":59.375,"skX":-1,"skY":-1,"x":349}}],"name":"006_suduxian2"},{"frame":[{"duration":19,"transform":{"scX":2,"y":-55,"skX":1,"skY":1,"x":-337.5},"tweenEasing":0},{"duration":1,"transform":{"scX":2,"y":-57,"skX":1,"skY":1,"x":343},"tweenEasing":0},{"duration":19,"transform":{"scX":2,"y":-55,"skX":1,"skY":1,"x":-337.5},"tweenEasing":0},{"duration":1,"transform":{"scX":2,"y":-57,"skX":1,"skY":1,"x":343},"tweenEasing":0},{"duration":19,"transform":{"scX":2,"y":-55,"skX":1,"skY":1,"x":-337.5},"tweenEasing":0},{"duration":1,"transform":{"scX":2,"y":-57,"skX":1,"skY":1,"x":343},"tweenEasing":0},{"duration":60,"transform":{"scX":2,"y":-57,"skX":1,"skY":1,"x":343}}],"name":"006_suduxian1"},{"frame":[{"duration":120,"transform":{"scX":35,"scY":3},"tweenEasing":0},{"duration":0,"transform":{"scX":35,"scY":3}}],"name":"000_heibeijing"},{"frame":[{"duration":120,"transform":{},"tweenEasing":0},{"duration":0,"transform":{}}],"name":"000_fuji"},{"frame":[{"duration":120,"transform":{"scX":10,"scY":10},"tweenEasing":0},{"duration":0,"transform":{"scX":10,"scY":10}}],"name":"000_heidi"},{"frame":[{"duration":120,"transform":{}}],"name":"root"},{"frame":[{"duration":120,"transform":{}}],"name":"009_qianghuaban"}],"slot":[{"frame":[{"tweenEasing":0,"duration":59,"displayIndex":-1},{"tweenEasing":0,"duration":1,"displayIndex":-1},{"tweenEasing":0,"duration":2},{"tweenEasing":0,"duration":2,"color":{"aM":86,"gM":0,"bM":0,"rM":0}},{"tweenEasing":0,"duration":11,"color":{"aM":73}},{"tweenEasing":0,"duration":1,"color":{"aM":0}},{"tweenEasing":null,"duration":44,"displayIndex":-1,"color":{"aM":0}}],"name":"008_baise"},{"frame":[{"tweenEasing":0,"duration":29,"displayIndex":-1},{"tweenEasing":0,"duration":1,"displayIndex":-1},{"tweenEasing":0,"duration":30},{"tweenEasing":0,"duration":20,"displayIndex":1},{"tweenEasing":0,"duration":1},{"tweenEasing":null,"duration":39,"displayIndex":-1}],"name":"007_fangshe3"},{"frame":[{"tweenEasing":0,"duration":30,"displayIndex":-1},{"tweenEasing":0,"duration":30,"displayIndex":-1},{"tweenEasing":0,"duration":20,"displayIndex":-1},{"tweenEasing":0,"duration":1,"displayIndex":-1},{"tweenEasing":null,"duration":39,"displayIndex":-1}],"name":"007_fangshe3_fuji"},{"frame":[{"tweenEasing":0,"duration":14,"displayIndex":-1},{"tweenEasing":0,"duration":1,"displayIndex":-1},{"tweenEasing":0,"duration":45},{"tweenEasing":0,"duration":20,"displayIndex":1},{"tweenEasing":0,"duration":1},{"tweenEasing":null,"duration":39,"displayIndex":-1}],"name":"007_fangshe2"},{"frame":[{"tweenEasing":0,"duration":15,"displayIndex":-1},{"tweenEasing":0,"duration":45,"displayIndex":-1},{"tweenEasing":0,"duration":20,"displayIndex":-1},{"tweenEasing":0,"duration":1,"displayIndex":-1},{"tweenEasing":null,"duration":39,"displayIndex":-1}],"name":"007_fangshe2_fuji"},{"frame":[{"tweenEasing":0,"duration":60},{"tweenEasing":0,"duration":20,"displayIndex":1},{"tweenEasing":0,"duration":1},{"tweenEasing":null,"duration":39,"displayIndex":-1}],"name":"007_fangshe1"},{"frame":[{"tweenEasing":0,"duration":60,"displayIndex":-1},{"tweenEasing":0,"duration":20,"displayIndex":-1},{"tweenEasing":0,"duration":1,"displayIndex":-1},{"tweenEasing":null,"duration":39,"displayIndex":-1}],"name":"007_fangshe1_fuji"},{"frame":[{"tweenEasing":0,"duration":60,"displayIndex":-1},{"tweenEasing":0,"duration":20,"displayIndex":-1},{"tweenEasing":0,"duration":1,"displayIndex":-1},{"tweenEasing":null,"duration":39,"displayIndex":-1}],"name":"007_fangshe_dafuji"},{"frame":[{"tweenEasing":0,"duration":14,"displayIndex":-1},{"tweenEasing":0,"duration":1,"displayIndex":-1},{"tweenEasing":0,"duration":2},{"tweenEasing":0,"duration":8,"displayIndex":1},{"tweenEasing":0,"duration":1,"displayIndex":1,"color":{"aM":0}},{"tweenEasing":null,"duration":94,"displayIndex":-1,"color":{"aM":0}}],"name":"005_lei3"},{"frame":[{"tweenEasing":0,"duration":29,"displayIndex":-1},{"tweenEasing":0,"duration":1,"displayIndex":-1},{"tweenEasing":0,"duration":2},{"tweenEasing":0,"duration":8,"displayIndex":1},{"tweenEasing":0,"duration":1,"displayIndex":1,"color":{"aM":0}},{"tweenEasing":null,"duration":79,"displayIndex":-1,"color":{"aM":0}}],"name":"005_lei2"},{"frame":[{"tweenEasing":0,"duration":2},{"tweenEasing":0,"duration":8,"displayIndex":1},{"tweenEasing":0,"duration":1,"displayIndex":1,"color":{"aM":0}},{"tweenEasing":0,"duration":28,"displayIndex":-1,"color":{"aM":0}},{"tweenEasing":0,"duration":1,"displayIndex":-1,"color":{"aM":0}},{"tweenEasing":0,"duration":2},{"tweenEasing":0,"duration":8,"displayIndex":1},{"tweenEasing":0,"duration":1,"displayIndex":1,"color":{"aM":0}},{"tweenEasing":null,"duration":69,"displayIndex":-1,"color":{"aM":0}}],"name":"005_lei1"},{"frame":[{"tweenEasing":0,"duration":59,"displayIndex":-1},{"tweenEasing":0,"duration":1,"displayIndex":-1},{"tweenEasing":0,"duration":30},{"tweenEasing":0,"duration":1,"color":{"aM":0}},{"tweenEasing":null,"duration":29,"displayIndex":-1,"color":{"aM":0}}],"name":"004_chongji_eff"},{"frame":[{"tweenEasing":0,"duration":59,"displayIndex":-1},{"tweenEasing":0,"duration":1,"displayIndex":-1},{"tweenEasing":0,"duration":30},{"tweenEasing":0,"duration":1,"color":{"aM":0}},{"tweenEasing":null,"duration":29,"displayIndex":-1,"color":{"aM":0}}],"name":"004_shanguang_eff"},{"frame":[{"tweenEasing":0,"duration":69,"displayIndex":-1,"color":{"aM":0}},{"tweenEasing":0,"duration":1,"displayIndex":-1,"color":{"aM":0}},{"tweenEasing":0,"duration":5,"color":{"aM":0}},{"tweenEasing":0,"duration":5,"displayIndex":1},{"tweenEasing":0,"duration":5,"displayIndex":2},{"tweenEasing":0,"duration":1,"displayIndex":2,"color":{"aM":0}},{"tweenEasing":null,"duration":34,"displayIndex":-1,"color":{"aM":0}}],"name":"003_chanrao3"},{"frame":[{"tweenEasing":0,"duration":64,"displayIndex":-1,"color":{"aM":0}},{"tweenEasing":0,"duration":1,"displayIndex":-1,"color":{"aM":0}},{"tweenEasing":0,"duration":5,"color":{"aM":0}},{"tweenEasing":0,"duration":5,"displayIndex":1},{"tweenEasing":0,"duration":5,"displayIndex":2},{"tweenEasing":0,"duration":1,"displayIndex":2,"color":{"aM":0}},{"tweenEasing":null,"duration":39,"displayIndex":-1,"color":{"aM":0}}],"name":"003_chaorao2"},{"frame":[{"tweenEasing":0,"duration":59,"displayIndex":-1,"color":{"aM":0}},{"tweenEasing":0,"duration":1,"displayIndex":-1,"color":{"aM":0}},{"tweenEasing":0,"duration":5,"color":{"aM":0}},{"tweenEasing":0,"duration":5,"displayIndex":1},{"tweenEasing":0,"duration":5,"displayIndex":2},{"tweenEasing":0,"duration":1,"displayIndex":2,"color":{"aM":0}},{"tweenEasing":null,"duration":44,"displayIndex":-1,"color":{"aM":0}}],"name":"003_chaorao1"},{"frame":[{"tweenEasing":0,"duration":60,"displayIndex":-1},{"tweenEasing":null,"duration":60,"displayIndex":-1}],"name":"003_chanrao_fuji"},{"frame":[{"tweenEasing":0,"duration":19,"displayIndex":-1,"color":{"aM":0}},{"tweenEasing":0,"duration":1,"displayIndex":-1,"color":{"aM":0}},{"tweenEasing":0,"duration":10,"color":{"aM":0}},{"tweenEasing":0,"duration":10},{"tweenEasing":0,"duration":9},{"tweenEasing":0,"duration":1,"color":{"aM":0}},{"tweenEasing":null,"duration":70,"displayIndex":-1,"color":{"aM":0}}],"name":"002_lizi3"},{"frame":[{"tweenEasing":0,"duration":9,"displayIndex":-1,"color":{"aM":0}},{"tweenEasing":0,"duration":1,"displayIndex":-1,"color":{"aM":0}},{"tweenEasing":0,"duration":10,"color":{"aM":0}},{"tweenEasing":0,"duration":10},{"tweenEasing":0,"duration":9},{"tweenEasing":0,"duration":1,"color":{"aM":0}},{"tweenEasing":0,"duration":10,"color":{"aM":0}},{"tweenEasing":0,"duration":10},{"tweenEasing":0,"duration":9},{"tweenEasing":0,"duration":1,"color":{"aM":0}},{"tweenEasing":null,"duration":50,"displayIndex":-1,"color":{"aM":0}}],"name":"002_lizi2"},{"frame":[{"tweenEasing":0,"duration":10,"color":{"aM":0}},{"tweenEasing":0,"duration":10},{"tweenEasing":0,"duration":9},{"tweenEasing":0,"duration":1,"color":{"aM":0}},{"tweenEasing":0,"duration":10,"color":{"aM":0}},{"tweenEasing":0,"duration":10},{"tweenEasing":0,"duration":9},{"tweenEasing":0,"duration":1,"color":{"aM":0}},{"tweenEasing":null,"duration":60,"displayIndex":-1,"color":{"aM":0}}],"name":"002_lizi1"},{"frame":[{"tweenEasing":0,"duration":60,"color":{"gM":0,"bM":0,"rM":0}},{"tweenEasing":0,"duration":1,"color":{"gM":0,"bM":0,"rM":0}},{"tweenEasing":0,"duration":59,"displayIndex":-1,"color":{"gM":0,"bM":0,"rM":0}},{"tweenEasing":null,"duration":0,"displayIndex":-1,"color":{"gM":0,"bM":0,"rM":0}}],"name":"001_daoju_heise"},{"frame":[{"tweenEasing":0,"duration":60},{"tweenEasing":0,"duration":5},{"tweenEasing":0,"duration":55},{"tweenEasing":null,"duration":0,"color":{"aM":0}}],"name":"001_daoju_gaoguang"},{"frame":[{"tweenEasing":0,"duration":60},{"tweenEasing":0,"duration":5},{"tweenEasing":0,"duration":55},{"tweenEasing":null,"duration":0}],"name":"001_daoju"},{"frame":[{"tweenEasing":0,"duration":2,"displayIndex":-1},{"tweenEasing":0,"duration":2,"displayIndex":-1},{"tweenEasing":0,"duration":2,"displayIndex":-1},{"tweenEasing":0,"duration":2,"displayIndex":-1},{"tweenEasing":0,"duration":2,"displayIndex":-1},{"tweenEasing":0,"duration":2,"displayIndex":-1},{"tweenEasing":0,"duration":2,"displayIndex":-1},{"tweenEasing":0,"duration":2,"displayIndex":-1},{"tweenEasing":0,"duration":2,"displayIndex":-1},{"tweenEasing":0,"duration":2,"displayIndex":-1},{"tweenEasing":0,"duration":2,"displayIndex":-1},{"tweenEasing":0,"duration":2,"displayIndex":-1},{"tweenEasing":0,"duration":2,"displayIndex":-1},{"tweenEasing":0,"duration":2,"displayIndex":-1},{"tweenEasing":0,"duration":2,"displayIndex":-1},{"tweenEasing":0,"duration":2,"displayIndex":-1},{"tweenEasing":0,"duration":2,"displayIndex":-1},{"tweenEasing":0,"duration":2,"displayIndex":-1},{"tweenEasing":0,"duration":2,"displayIndex":-1},{"tweenEasing":0,"duration":2,"displayIndex":-1},{"tweenEasing":0,"duration":2,"displayIndex":-1},{"tweenEasing":0,"duration":2,"displayIndex":-1},{"tweenEasing":0,"duration":2,"displayIndex":-1},{"tweenEasing":0,"duration":2,"displayIndex":-1},{"tweenEasing":0,"duration":2,"displayIndex":-1},{"tweenEasing":0,"duration":2,"displayIndex":-1},{"tweenEasing":0,"duration":2,"displayIndex":-1},{"tweenEasing":0,"duration":2,"displayIndex":-1},{"tweenEasing":0,"duration":4,"displayIndex":-1},{"tweenEasing":0,"duration":5,"displayIndex":-1},{"tweenEasing":0,"duration":55,"displayIndex":-1},{"tweenEasing":null,"duration":0,"displayIndex":-1}],"name":"001_daoju_fuji"},{"frame":[{"tweenEasing":0,"duration":60},{"tweenEasing":0,"duration":5},{"tweenEasing":0,"duration":55},{"tweenEasing":null,"duration":0}],"name":"002_beiguang"},{"frame":[{"tweenEasing":0,"duration":60},{"tweenEasing":0,"duration":30},{"tweenEasing":0,"duration":1},{"tweenEasing":null,"duration":29,"displayIndex":-1}],"name":"006_suduxian8"},{"frame":[{"tweenEasing":0,"duration":60},{"tweenEasing":0,"duration":30},{"tweenEasing":0,"duration":1},{"tweenEasing":null,"duration":29,"displayIndex":-1}],"name":"006_suduxian7"},{"frame":[{"tweenEasing":0,"duration":60},{"tweenEasing":0,"duration":30},{"tweenEasing":0,"duration":1},{"tweenEasing":null,"duration":29,"displayIndex":-1}],"name":"006_dusuxian6"},{"frame":[{"tweenEasing":0,"duration":60},{"tweenEasing":0,"duration":30},{"tweenEasing":0,"duration":1},{"tweenEasing":null,"duration":29,"displayIndex":-1}],"name":"006_suduxian5"},{"frame":[{"tweenEasing":0,"duration":19,"displayIndex":-1},{"tweenEasing":0,"duration":1,"displayIndex":-1},{"tweenEasing":0,"duration":19},{"tweenEasing":0,"duration":1},{"tweenEasing":0,"duration":19},{"tweenEasing":0,"duration":1},{"tweenEasing":0,"duration":19},{"tweenEasing":0,"duration":1},{"tweenEasing":null,"duration":40,"displayIndex":-1}],"name":"006_suduxian4"},{"frame":[{"tweenEasing":0,"duration":9,"displayIndex":-1},{"tweenEasing":0,"duration":1,"displayIndex":-1},{"tweenEasing":0,"duration":19},{"tweenEasing":0,"duration":1},{"tweenEasing":0,"duration":19},{"tweenEasing":0,"duration":1},{"tweenEasing":0,"duration":19},{"tweenEasing":0,"duration":1},{"tweenEasing":null,"duration":50,"displayIndex":-1}],"name":"006_suduxian3"},{"frame":[{"tweenEasing":0,"duration":19},{"tweenEasing":0,"duration":1},{"tweenEasing":0,"duration":19},{"tweenEasing":0,"duration":1},{"tweenEasing":0,"duration":19},{"tweenEasing":0,"duration":1},{"tweenEasing":null,"duration":60,"displayIndex":-1}],"name":"006_suduxian2"},{"frame":[{"tweenEasing":0,"duration":19},{"tweenEasing":0,"duration":1},{"tweenEasing":0,"duration":19},{"tweenEasing":0,"duration":1},{"tweenEasing":0,"duration":19},{"tweenEasing":0,"duration":1},{"tweenEasing":null,"duration":60,"displayIndex":-1}],"name":"006_suduxian1"},{"frame":[{"tweenEasing":0,"duration":120},{"tweenEasing":null,"duration":0}],"name":"000_heibeijing"},{"frame":[{"tweenEasing":0,"duration":120,"displayIndex":-1},{"tweenEasing":null,"duration":0,"displayIndex":-1}],"name":"000_fuji"},{"frame":[{"tweenEasing":0,"duration":120,"color":{"aM":68,"gM":0,"bM":0,"rM":0}},{"tweenEasing":null,"duration":0,"color":{"aM":68,"gM":0,"bM":0,"rM":0}}],"name":"000_heidi"},{"frame":[{"tweenEasing":null,"duration":120,"displayIndex":-1}],"name":"009_qianghuaban"}],"ffd":[],"ik":[],"name":"000_jihuo"},{"duration":120,"frame":[],"bone":[{"frame":[{"duration":59,"transform":{"scX":10,"scY":10},"tweenEasing":0},{"duration":1,"transform":{"scX":10,"scY":10},"tweenEasing":0},{"duration":2,"transform":{"scX":10,"scY":10},"tweenEasing":0},{"duration":2,"transform":{"scX":10,"scY":10},"tweenEasing":0},{"duration":11,"transform":{"scX":10,"scY":10},"tweenEasing":0},{"duration":1,"transform":{"scX":10,"scY":10},"tweenEasing":0},{"duration":44,"transform":{"scX":10,"scY":10}}],"name":"008_baise"},{"frame":[{"duration":14,"transform":{"y":3.5,"x":79.5},"tweenEasing":0},{"duration":1,"transform":{"y":3.5,"x":79.5},"tweenEasing":0},{"duration":2,"transform":{"y":3.5,"x":79.5},"tweenEasing":0},{"duration":8,"transform":{"y":3.5,"x":79.5},"tweenEasing":0},{"duration":1,"transform":{"y":3.5,"x":79.5},"tweenEasing":0},{"duration":94,"transform":{"y":3.5,"x":79.5}}],"name":"005_lei3"},{"frame":[{"duration":29,"transform":{"y":14,"x":-90},"tweenEasing":0},{"duration":1,"transform":{"y":14,"x":-90},"tweenEasing":0},{"duration":2,"transform":{"y":14,"x":-90},"tweenEasing":0},{"duration":8,"transform":{"y":14,"x":-90},"tweenEasing":0},{"duration":1,"transform":{"y":14,"x":-90},"tweenEasing":0},{"duration":79,"transform":{"y":14,"x":-90}}],"name":"005_lei2"},{"frame":[{"duration":2,"transform":{"scX":-1,"y":-23,"skX":63,"skY":63,"x":-25},"tweenEasing":0},{"duration":8,"transform":{"scX":-1,"y":-23,"skX":63,"skY":63,"x":-25},"tweenEasing":0},{"duration":1,"transform":{"scX":-1,"y":-23,"skX":63,"skY":63,"x":-25},"tweenEasing":0},{"duration":28,"transform":{"scX":-1,"y":-23,"skX":63,"skY":63,"x":-25},"tweenEasing":0},{"duration":1,"transform":{"scX":-1,"y":-23,"skX":63,"skY":63,"x":-25},"tweenEasing":0},{"duration":2,"transform":{"scX":-1,"y":-23,"skX":63,"skY":63,"x":-25},"tweenEasing":0},{"duration":8,"transform":{"scX":-1,"y":-23,"skX":63,"skY":63,"x":-25},"tweenEasing":0},{"duration":1,"transform":{"scX":-1,"y":-23,"skX":63,"skY":63,"x":-25},"tweenEasing":0},{"duration":69,"transform":{"scX":-1,"y":-23,"skX":63,"skY":63,"x":-25}}],"name":"005_lei1"},{"frame":[{"duration":59,"transform":{},"tweenEasing":0},{"duration":1,"transform":{},"tweenEasing":0},{"duration":30,"transform":{"skX":90,"skY":90},"tweenEasing":0},{"duration":1,"transform":{"scX":2,"scY":2,"skX":90,"skY":90},"tweenEasing":0},{"duration":29,"transform":{"scX":2,"scY":2,"skX":90,"skY":90}}],"name":"004_chongji_eff"},{"frame":[{"duration":59,"transform":{},"tweenEasing":0},{"duration":1,"transform":{},"tweenEasing":0},{"duration":30,"transform":{},"tweenEasing":0},{"duration":1,"transform":{"scX":0.5,"scY":0.5},"tweenEasing":0},{"duration":29,"transform":{"scX":0.5,"scY":0.5}}],"name":"004_shanguang_eff"},{"frame":[{"duration":69,"transform":{"scX":-1,"y":-9.5,"skX":36,"skY":36,"x":-26},"tweenEasing":0},{"duration":1,"transform":{"scX":-1,"y":-9.5,"skX":36,"skY":36,"x":-26},"tweenEasing":0},{"duration":5,"transform":{"scX":-1,"y":-9.5,"skX":36,"skY":36,"x":-26},"tweenEasing":0},{"duration":5,"transform":{"scX":-1,"y":-9.5,"skX":36,"skY":36,"x":-26},"tweenEasing":0},{"duration":5,"transform":{"scX":-1,"y":-9.5,"skX":36,"skY":36,"x":-26},"tweenEasing":0},{"duration":1,"transform":{"scX":-1,"y":-9.5,"skX":36,"skY":36,"x":-26},"tweenEasing":0},{"duration":34,"transform":{"scX":-1,"y":-9.5,"skX":36,"skY":36,"x":-26}}],"name":"003_chanrao3"},{"frame":[{"duration":64,"transform":{"scY":-1,"skX":1,"skY":1,"x":18.5},"tweenEasing":0},{"duration":1,"transform":{"scY":-1,"skX":1,"skY":1,"x":18.5},"tweenEasing":0},{"duration":5,"transform":{"scY":-1,"skX":1,"skY":1,"x":18.5},"tweenEasing":0},{"duration":5,"transform":{"scY":-1,"skX":1,"skY":1,"x":18.5},"tweenEasing":0},{"duration":5,"transform":{"scY":-1,"skX":1,"skY":1,"x":18.5},"tweenEasing":0},{"duration":1,"transform":{"scY":-1,"skX":1,"skY":1,"x":18.5},"tweenEasing":0},{"duration":39,"transform":{"scY":-1,"skX":1,"skY":1,"x":18.5}}],"name":"003_chaorao2"},{"frame":[{"duration":59,"transform":{"x":19},"tweenEasing":0},{"duration":1,"transform":{"x":19},"tweenEasing":0},{"duration":5,"transform":{"x":19},"tweenEasing":0},{"duration":5,"transform":{"x":19},"tweenEasing":0},{"duration":5,"transform":{"x":19},"tweenEasing":0},{"duration":1,"transform":{"x":19},"tweenEasing":0},{"duration":44,"transform":{"x":19}}],"name":"003_chaorao1"},{"frame":[{"duration":60,"transform":{"scX":0.6,"scY":0.8},"tweenEasing":0},{"duration":60,"transform":{"scX":0.6,"scY":0.8}}],"name":"003_chanrao_fuji"},{"frame":[{"duration":79,"transform":{"scX":1.5,"scY":1.5},"tweenEasing":0},{"duration":1,"transform":{"scX":1.5,"scY":1.5},"tweenEasing":0},{"duration":10,"transform":{"scX":0.5,"scY":0.5},"tweenEasing":0},{"duration":10,"transform":{"scX":0.7857,"scY":0.7857},"tweenEasing":0},{"duration":9,"transform":{"scX":1.1429,"scY":1.1429},"tweenEasing":0},{"duration":1,"transform":{"scX":1.5,"scY":1.5},"tweenEasing":0},{"duration":10,"transform":{"scX":0.5,"scY":0.5}}],"name":"002_lizi3"},{"frame":[{"duration":69,"transform":{"scX":1.5,"scY":1.5},"tweenEasing":0},{"duration":1,"transform":{"scX":1.5,"scY":1.5},"tweenEasing":0},{"duration":10,"transform":{"scX":0.5,"scY":0.5},"tweenEasing":0},{"duration":10,"transform":{"scX":0.7857,"scY":0.7857},"tweenEasing":0},{"duration":9,"transform":{"scX":1.1429,"scY":1.1429},"tweenEasing":0},{"duration":1,"transform":{"scX":1.5,"scY":1.5},"tweenEasing":0},{"duration":20,"transform":{"scX":1.5,"scY":1.5}}],"name":"002_lizi2"},{"frame":[{"duration":59,"transform":{"scX":1.5,"scY":1.5},"tweenEasing":0},{"duration":1,"transform":{"scX":1.5,"scY":1.5},"tweenEasing":0},{"duration":10,"transform":{"scX":0.5,"scY":0.5},"tweenEasing":0},{"duration":10,"transform":{"scX":0.8448,"scY":0.8448},"tweenEasing":0},{"duration":9,"transform":{"scX":1.1897,"scY":1.1897},"tweenEasing":0},{"duration":1,"transform":{"scX":1.5,"scY":1.5},"tweenEasing":0},{"duration":10,"transform":{"scX":0.5,"scY":0.5},"tweenEasing":0},{"duration":10,"transform":{"scX":0.7857,"scY":0.7857},"tweenEasing":0},{"duration":9,"transform":{"scX":1.1429,"scY":1.1429},"tweenEasing":0},{"duration":1,"transform":{"scX":1.5,"scY":1.5},"tweenEasing":0},{"duration":0,"transform":{"scX":0.5,"scY":0.5}}],"name":"002_lizi1"},{"frame":[{"duration":59,"transform":{},"tweenEasing":0},{"duration":1,"transform":{},"tweenEasing":0},{"duration":5,"transform":{"scX":0.6,"scY":0.6},"tweenEasing":0},{"duration":55,"transform":{"scX":1.2,"scY":1.2},"tweenEasing":0},{"duration":0,"transform":{}}],"name":"001_daoju_gaoguang"},{"frame":[{"duration":60,"transform":{},"tweenEasing":0},{"duration":5,"transform":{},"tweenEasing":0},{"duration":55,"transform":{"scX":1.2,"scY":1.2},"tweenEasing":0},{"duration":0,"transform":{}}],"name":"001_daoju"},{"frame":[{"duration":2,"transform":{"scX":1.5,"scY":1.5},"tweenEasing":0},{"duration":2,"transform":{"scX":1.5,"scY":1.5,"skX":-4,"skY":-4},"tweenEasing":0},{"duration":2,"transform":{"scX":1.5,"scY":1.5,"skX":4,"skY":4},"tweenEasing":0},{"duration":2,"transform":{"scX":1.5,"scY":1.5,"skX":-4,"skY":-4},"tweenEasing":0},{"duration":2,"transform":{"scX":1.5,"scY":1.5,"skX":4,"skY":4},"tweenEasing":0},{"duration":2,"transform":{"scX":1.5,"scY":1.5,"skX":-4,"skY":-4},"tweenEasing":0},{"duration":2,"transform":{"scX":1.5,"scY":1.5,"skX":4,"skY":4},"tweenEasing":0},{"duration":2,"transform":{"scX":1.5,"scY":1.5,"skX":-4,"skY":-4},"tweenEasing":0},{"duration":2,"transform":{"scX":1.5,"scY":1.5,"skX":4,"skY":4},"tweenEasing":0},{"duration":2,"transform":{"scX":1.5,"scY":1.5,"skX":-4,"skY":-4},"tweenEasing":0},{"duration":2,"transform":{"scX":1.5,"scY":1.5,"skX":4,"skY":4},"tweenEasing":0},{"duration":2,"transform":{"scX":1.5,"scY":1.5,"skX":-4,"skY":-4},"tweenEasing":0},{"duration":2,"transform":{"scX":1.5,"scY":1.5,"skX":4,"skY":4},"tweenEasing":0},{"duration":2,"transform":{"scX":1.5,"scY":1.5,"skX":-4,"skY":-4},"tweenEasing":0},{"duration":2,"transform":{"scX":1.5,"scY":1.5,"skX":4,"skY":4},"tweenEasing":0},{"duration":2,"transform":{"scX":1.5,"scY":1.5,"skX":-4,"skY":-4},"tweenEasing":0},{"duration":2,"transform":{"scX":1.5,"scY":1.5,"skX":4,"skY":4},"tweenEasing":0},{"duration":2,"transform":{"scX":1.5,"scY":1.5,"skX":-4,"skY":-4},"tweenEasing":0},{"duration":2,"transform":{"scX":1.5,"scY":1.5,"skX":4,"skY":4},"tweenEasing":0},{"duration":2,"transform":{"scX":1.5,"scY":1.5,"skX":-4,"skY":-4},"tweenEasing":0},{"duration":2,"transform":{"scX":1.5,"scY":1.5,"skX":4,"skY":4},"tweenEasing":0},{"duration":2,"transform":{"scX":1.5,"scY":1.5,"skX":-4,"skY":-4},"tweenEasing":0},{"duration":2,"transform":{"scX":1.5,"scY":1.5,"skX":4,"skY":4},"tweenEasing":0},{"duration":2,"transform":{"scX":1.5,"scY":1.5,"skX":-4,"skY":-4},"tweenEasing":0},{"duration":2,"transform":{"scX":1.5,"scY":1.5,"skX":4,"skY":4},"tweenEasing":0},{"duration":2,"transform":{"scX":1.5,"scY":1.5,"skX":-4,"skY":-4},"tweenEasing":0},{"duration":2,"transform":{"scX":1.5,"scY":1.5,"skX":4,"skY":4},"tweenEasing":0},{"duration":2,"transform":{"scX":1.5,"scY":1.5,"skX":-4,"skY":-4},"tweenEasing":0},{"duration":4,"transform":{"scX":1.5,"scY":1.5,"skX":4,"skY":4},"tweenEasing":0},{"duration":5,"transform":{"scX":1.5,"scY":1.5},"tweenEasing":0},{"duration":55,"transform":{"scX":1.5,"scY":1.5},"tweenEasing":0},{"duration":0,"transform":{"scX":1.5,"scY":1.5}}],"name":"001_daoju_fuji"},{"frame":[{"duration":60,"transform":{},"tweenEasing":0},{"duration":5,"transform":{},"tweenEasing":0},{"duration":55,"transform":{"scX":1.1,"scY":1.1},"tweenEasing":0},{"duration":0,"transform":{}}],"name":"002_beiguang"},{"frame":[{"duration":60,"transform":{"scX":2,"y":49.5,"scY":0.5,"x":136.5},"tweenEasing":0},{"duration":30,"transform":{"scX":5,"y":49.5,"scY":0.2,"x":136.5},"tweenEasing":0},{"duration":1,"transform":{"scX":2,"y":49.5,"scY":0,"x":136.5},"tweenEasing":0},{"duration":29,"transform":{"scX":2,"y":49.5,"scY":0.5,"x":136.5}}],"name":"006_suduxian8"},{"frame":[{"duration":60,"transform":{"y":-52.5,"x":241.5},"tweenEasing":0},{"duration":30,"transform":{"scX":2,"y":-52.5,"scY":0.5,"x":241.5},"tweenEasing":0},{"duration":1,"transform":{"y":-52.5,"scY":0,"x":241.5},"tweenEasing":0},{"duration":29,"transform":{"y":-52.5,"x":241.5}}],"name":"006_suduxian7"},{"frame":[{"duration":60,"transform":{"y":50,"x":-53.5},"tweenEasing":0},{"duration":30,"transform":{"scX":2,"y":50,"x":-53.5},"tweenEasing":0},{"duration":1,"transform":{"y":50,"scY":0,"x":-53.5},"tweenEasing":0},{"duration":29,"transform":{"y":50,"x":-53.5}}],"name":"006_dusuxian6"},{"frame":[{"duration":60,"transform":{"y":-53,"x":-105.5},"tweenEasing":0},{"duration":30,"transform":{"scX":2,"y":-53,"x":-105.5},"tweenEasing":0},{"duration":1,"transform":{"y":-53,"scY":0,"x":-105.5},"tweenEasing":0},{"duration":29,"transform":{"y":-53,"x":-105.5}}],"name":"006_suduxian5"},{"frame":[{"duration":19,"transform":{"scX":2,"y":-25,"x":-391.5},"tweenEasing":0},{"duration":1,"transform":{"scX":2,"y":-25,"x":-391.5},"tweenEasing":0},{"duration":19,"transform":{"scX":2,"y":-25,"x":-391.5},"tweenEasing":0},{"duration":1,"transform":{"scX":2,"y":-25,"x":361.625},"tweenEasing":0},{"duration":19,"transform":{"scX":2,"y":-25,"x":-391.5},"tweenEasing":0},{"duration":1,"transform":{"scX":2,"y":-25,"x":361.625},"tweenEasing":0},{"duration":19,"transform":{"scX":2,"y":-25,"x":-391.5},"tweenEasing":0},{"duration":1,"transform":{"scX":2,"y":-25,"x":361.625},"tweenEasing":0},{"duration":40,"transform":{"scX":2,"y":-25,"x":361.625}}],"name":"006_suduxian4"},{"frame":[{"duration":9,"transform":{"scX":2,"y":25,"skX":-1,"skY":-1,"x":-395.125},"tweenEasing":0},{"duration":1,"transform":{"scX":2,"y":25,"skX":-1,"skY":-1,"x":-395.125},"tweenEasing":0},{"duration":19,"transform":{"scX":2,"y":25,"skX":-1,"skY":-1,"x":-395.125},"tweenEasing":0},{"duration":1,"transform":{"scX":2,"y":25,"skX":-1,"skY":-1,"x":371.125},"tweenEasing":0},{"duration":19,"transform":{"scX":2,"y":25,"skX":-1,"skY":-1,"x":-395.125},"tweenEasing":0},{"duration":1,"transform":{"scX":2,"y":25,"skX":-1,"skY":-1,"x":371.125},"tweenEasing":0},{"duration":19,"transform":{"scX":2,"y":25,"skX":-1,"skY":-1,"x":-395.125},"tweenEasing":0},{"duration":1,"transform":{"scX":2,"y":25,"skX":-1,"skY":-1,"x":371.125},"tweenEasing":0},{"duration":50,"transform":{"scX":2,"y":25,"skX":-1,"skY":-1,"x":371.125}}],"name":"006_suduxian3"},{"frame":[{"duration":19,"transform":{"scX":2,"y":58.75,"skX":-1,"skY":-1,"x":-334.75},"tweenEasing":0},{"duration":1,"transform":{"scX":2,"y":59.375,"skX":-1,"skY":-1,"x":349},"tweenEasing":0},{"duration":19,"transform":{"scX":2,"y":58.75,"skX":-1,"skY":-1,"x":-334.75},"tweenEasing":0},{"duration":1,"transform":{"scX":2,"y":59.375,"skX":-1,"skY":-1,"x":349},"tweenEasing":0},{"duration":19,"transform":{"scX":2,"y":58.75,"skX":-1,"skY":-1,"x":-334.75},"tweenEasing":0},{"duration":1,"transform":{"scX":2,"y":59.375,"skX":-1,"skY":-1,"x":349},"tweenEasing":0},{"duration":60,"transform":{"scX":2,"y":59.375,"skX":-1,"skY":-1,"x":349}}],"name":"006_suduxian2"},{"frame":[{"duration":19,"transform":{"scX":2,"y":-55,"skX":1,"skY":1,"x":-337.5},"tweenEasing":0},{"duration":1,"transform":{"scX":2,"y":-57,"skX":1,"skY":1,"x":343},"tweenEasing":0},{"duration":19,"transform":{"scX":2,"y":-55,"skX":1,"skY":1,"x":-337.5},"tweenEasing":0},{"duration":1,"transform":{"scX":2,"y":-57,"skX":1,"skY":1,"x":343},"tweenEasing":0},{"duration":19,"transform":{"scX":2,"y":-55,"skX":1,"skY":1,"x":-337.5},"tweenEasing":0},{"duration":1,"transform":{"scX":2,"y":-57,"skX":1,"skY":1,"x":343},"tweenEasing":0},{"duration":60,"transform":{"scX":2,"y":-57,"skX":1,"skY":1,"x":343}}],"name":"006_suduxian1"},{"frame":[{"duration":4,"transform":{"scX":3,"scY":1.4},"tweenEasing":0},{"duration":4,"transform":{"scX":3,"scY":1.4},"tweenEasing":0},{"duration":4,"transform":{"scX":3,"scY":1.4},"tweenEasing":0},{"duration":4,"transform":{"scX":3,"scY":1.4},"tweenEasing":0},{"duration":4,"transform":{"scX":3,"scY":1.4},"tweenEasing":0},{"duration":4,"transform":{"scX":3,"scY":1.4},"tweenEasing":0},{"duration":4,"transform":{"scX":3,"scY":1.4},"tweenEasing":0},{"duration":4,"transform":{"scX":3,"scY":1.4},"tweenEasing":0},{"duration":4,"transform":{"scX":3,"scY":1.4},"tweenEasing":0},{"duration":4,"transform":{"scX":3,"scY":1.4},"tweenEasing":0},{"duration":4,"transform":{"scX":3,"scY":1.4},"tweenEasing":0},{"duration":4,"transform":{"scX":3,"scY":1.4},"tweenEasing":0},{"duration":4,"transform":{"scX":3,"scY":1.4},"tweenEasing":0},{"duration":4,"transform":{"scX":3,"scY":1.4},"tweenEasing":0},{"duration":4,"transform":{"scX":3,"scY":1.4},"tweenEasing":0},{"duration":5,"transform":{"scX":3,"scY":1.4},"tweenEasing":0},{"duration":1,"transform":{"scX":5,"scY":1.4},"tweenEasing":0},{"duration":54,"transform":{"scX":5,"scY":1.4}}],"name":"009_qianghuaban"},{"frame":[{"duration":120,"transform":{"scX":35,"scY":3},"tweenEasing":0},{"duration":0,"transform":{"scX":35,"scY":3}}],"name":"000_heibeijing"},{"frame":[{"duration":120,"transform":{},"tweenEasing":0},{"duration":0,"transform":{}}],"name":"000_fuji"},{"frame":[{"duration":120,"transform":{"scX":10,"scY":10},"tweenEasing":0},{"duration":0,"transform":{"scX":10,"scY":10}}],"name":"000_heidi"},{"frame":[{"duration":120,"transform":{}}],"name":"root"},{"frame":[{"duration":120,"transform":{}}],"name":"007_fangshe_dafuji"},{"frame":[{"duration":120,"transform":{}}],"name":"007_fangshe1_fuji"},{"frame":[{"duration":120,"transform":{}}],"name":"007_fangshe2_fuji"},{"frame":[{"duration":120,"transform":{}}],"name":"007_fangshe3_fuji"},{"frame":[{"duration":120,"transform":{}}],"name":"007_fangshe2"},{"frame":[{"duration":120,"transform":{}}],"name":"001_daoju_heise"},{"frame":[{"duration":120,"transform":{}}],"name":"007_fangshe1"},{"frame":[{"duration":120,"transform":{}}],"name":"007_fangshe3"}],"slot":[{"frame":[{"tweenEasing":0,"duration":59,"displayIndex":-1},{"tweenEasing":0,"duration":1,"displayIndex":-1},{"tweenEasing":0,"duration":2},{"tweenEasing":0,"duration":2,"color":{"aM":86,"gM":0,"bM":0,"rM":0}},{"tweenEasing":0,"duration":11,"color":{"aM":73}},{"tweenEasing":0,"duration":1,"color":{"aM":0}},{"tweenEasing":null,"duration":44,"displayIndex":-1,"color":{"aM":0}}],"name":"008_baise"},{"frame":[{"tweenEasing":0,"duration":14,"displayIndex":-1},{"tweenEasing":0,"duration":1,"displayIndex":-1},{"tweenEasing":0,"duration":2},{"tweenEasing":0,"duration":8,"displayIndex":1},{"tweenEasing":0,"duration":1,"displayIndex":1,"color":{"aM":0}},{"tweenEasing":null,"duration":94,"displayIndex":-1,"color":{"aM":0}}],"name":"005_lei3"},{"frame":[{"tweenEasing":0,"duration":29,"displayIndex":-1},{"tweenEasing":0,"duration":1,"displayIndex":-1},{"tweenEasing":0,"duration":2},{"tweenEasing":0,"duration":8,"displayIndex":1},{"tweenEasing":0,"duration":1,"displayIndex":1,"color":{"aM":0}},{"tweenEasing":null,"duration":79,"displayIndex":-1,"color":{"aM":0}}],"name":"005_lei2"},{"frame":[{"tweenEasing":0,"duration":2},{"tweenEasing":0,"duration":8,"displayIndex":1},{"tweenEasing":0,"duration":1,"displayIndex":1,"color":{"aM":0}},{"tweenEasing":0,"duration":28,"displayIndex":-1,"color":{"aM":0}},{"tweenEasing":0,"duration":1,"displayIndex":-1,"color":{"aM":0}},{"tweenEasing":0,"duration":2},{"tweenEasing":0,"duration":8,"displayIndex":1},{"tweenEasing":0,"duration":1,"displayIndex":1,"color":{"aM":0}},{"tweenEasing":null,"duration":69,"displayIndex":-1,"color":{"aM":0}}],"name":"005_lei1"},{"frame":[{"tweenEasing":0,"duration":59,"displayIndex":-1},{"tweenEasing":0,"duration":1,"displayIndex":-1},{"tweenEasing":0,"duration":30},{"tweenEasing":0,"duration":1,"color":{"aM":0}},{"tweenEasing":null,"duration":29,"displayIndex":-1,"color":{"aM":0}}],"name":"004_chongji_eff"},{"frame":[{"tweenEasing":0,"duration":59,"displayIndex":-1},{"tweenEasing":0,"duration":1,"displayIndex":-1},{"tweenEasing":0,"duration":30},{"tweenEasing":0,"duration":1,"color":{"aM":0}},{"tweenEasing":null,"duration":29,"displayIndex":-1,"color":{"aM":0}}],"name":"004_shanguang_eff"},{"frame":[{"tweenEasing":0,"duration":69,"displayIndex":-1,"color":{"aM":0}},{"tweenEasing":0,"duration":1,"displayIndex":-1,"color":{"aM":0}},{"tweenEasing":0,"duration":5,"color":{"aM":0}},{"tweenEasing":0,"duration":5,"displayIndex":1},{"tweenEasing":0,"duration":5,"displayIndex":2},{"tweenEasing":0,"duration":1,"displayIndex":2,"color":{"aM":0}},{"tweenEasing":null,"duration":34,"displayIndex":-1,"color":{"aM":0}}],"name":"003_chanrao3"},{"frame":[{"tweenEasing":0,"duration":64,"displayIndex":-1,"color":{"aM":0}},{"tweenEasing":0,"duration":1,"displayIndex":-1,"color":{"aM":0}},{"tweenEasing":0,"duration":5,"color":{"aM":0}},{"tweenEasing":0,"duration":5,"displayIndex":1},{"tweenEasing":0,"duration":5,"displayIndex":2},{"tweenEasing":0,"duration":1,"displayIndex":2,"color":{"aM":0}},{"tweenEasing":null,"duration":39,"displayIndex":-1,"color":{"aM":0}}],"name":"003_chaorao2"},{"frame":[{"tweenEasing":0,"duration":59,"displayIndex":-1,"color":{"aM":0}},{"tweenEasing":0,"duration":1,"displayIndex":-1,"color":{"aM":0}},{"tweenEasing":0,"duration":5,"color":{"aM":0}},{"tweenEasing":0,"duration":5,"displayIndex":1},{"tweenEasing":0,"duration":5,"displayIndex":2},{"tweenEasing":0,"duration":1,"displayIndex":2,"color":{"aM":0}},{"tweenEasing":null,"duration":44,"displayIndex":-1,"color":{"aM":0}}],"name":"003_chaorao1"},{"frame":[{"tweenEasing":0,"duration":60,"displayIndex":-1},{"tweenEasing":null,"duration":60,"displayIndex":-1}],"name":"003_chanrao_fuji"},{"frame":[{"tweenEasing":0,"duration":79,"displayIndex":-1,"color":{"aM":0}},{"tweenEasing":0,"duration":1,"displayIndex":-1,"color":{"aM":0}},{"tweenEasing":0,"duration":10,"color":{"aM":0}},{"tweenEasing":0,"duration":10},{"tweenEasing":0,"duration":9},{"tweenEasing":0,"duration":1,"color":{"aM":0}},{"tweenEasing":null,"duration":10,"displayIndex":-1,"color":{"aM":0}}],"name":"002_lizi3"},{"frame":[{"tweenEasing":0,"duration":69,"displayIndex":-1,"color":{"aM":0}},{"tweenEasing":0,"duration":1,"displayIndex":-1,"color":{"aM":0}},{"tweenEasing":0,"duration":10,"color":{"aM":0}},{"tweenEasing":0,"duration":10},{"tweenEasing":0,"duration":9},{"tweenEasing":0,"duration":1,"color":{"aM":0}},{"tweenEasing":null,"duration":20,"displayIndex":-1,"color":{"aM":0}}],"name":"002_lizi2"},{"frame":[{"tweenEasing":0,"duration":59,"displayIndex":-1,"color":{"aM":0}},{"tweenEasing":0,"duration":1,"displayIndex":-1,"color":{"aM":0}},{"tweenEasing":0,"duration":10,"color":{"aM":0}},{"tweenEasing":0,"duration":10},{"tweenEasing":0,"duration":9},{"tweenEasing":0,"duration":1,"color":{"aM":0}},{"tweenEasing":0,"duration":10,"color":{"aM":0}},{"tweenEasing":0,"duration":10},{"tweenEasing":0,"duration":9},{"tweenEasing":0,"duration":1,"color":{"aM":0}},{"tweenEasing":null,"duration":0,"displayIndex":-1,"color":{"aM":0}}],"name":"002_lizi1"},{"frame":[{"tweenEasing":0,"duration":59,"displayIndex":-1},{"tweenEasing":0,"duration":1,"displayIndex":-1},{"tweenEasing":0,"duration":5},{"tweenEasing":0,"duration":55},{"tweenEasing":null,"duration":0,"color":{"aM":0}}],"name":"001_daoju_gaoguang"},{"frame":[{"tweenEasing":0,"duration":60},{"tweenEasing":0,"duration":5},{"tweenEasing":0,"duration":55},{"tweenEasing":null,"duration":0}],"name":"001_daoju"},{"frame":[{"tweenEasing":0,"duration":2,"displayIndex":-1},{"tweenEasing":0,"duration":2,"displayIndex":-1},{"tweenEasing":0,"duration":2,"displayIndex":-1},{"tweenEasing":0,"duration":2,"displayIndex":-1},{"tweenEasing":0,"duration":2,"displayIndex":-1},{"tweenEasing":0,"duration":2,"displayIndex":-1},{"tweenEasing":0,"duration":2,"displayIndex":-1},{"tweenEasing":0,"duration":2,"displayIndex":-1},{"tweenEasing":0,"duration":2,"displayIndex":-1},{"tweenEasing":0,"duration":2,"displayIndex":-1},{"tweenEasing":0,"duration":2,"displayIndex":-1},{"tweenEasing":0,"duration":2,"displayIndex":-1},{"tweenEasing":0,"duration":2,"displayIndex":-1},{"tweenEasing":0,"duration":2,"displayIndex":-1},{"tweenEasing":0,"duration":2,"displayIndex":-1},{"tweenEasing":0,"duration":2,"displayIndex":-1},{"tweenEasing":0,"duration":2,"displayIndex":-1},{"tweenEasing":0,"duration":2,"displayIndex":-1},{"tweenEasing":0,"duration":2,"displayIndex":-1},{"tweenEasing":0,"duration":2,"displayIndex":-1},{"tweenEasing":0,"duration":2,"displayIndex":-1},{"tweenEasing":0,"duration":2,"displayIndex":-1},{"tweenEasing":0,"duration":2,"displayIndex":-1},{"tweenEasing":0,"duration":2,"displayIndex":-1},{"tweenEasing":0,"duration":2,"displayIndex":-1},{"tweenEasing":0,"duration":2,"displayIndex":-1},{"tweenEasing":0,"duration":2,"displayIndex":-1},{"tweenEasing":0,"duration":2,"displayIndex":-1},{"tweenEasing":0,"duration":4,"displayIndex":-1},{"tweenEasing":0,"duration":5,"displayIndex":-1},{"tweenEasing":0,"duration":55,"displayIndex":-1},{"tweenEasing":null,"duration":0,"displayIndex":-1}],"name":"001_daoju_fuji"},{"frame":[{"tweenEasing":0,"duration":60},{"tweenEasing":0,"duration":5},{"tweenEasing":0,"duration":55},{"tweenEasing":null,"duration":0}],"name":"002_beiguang"},{"frame":[{"tweenEasing":0,"duration":60},{"tweenEasing":0,"duration":30},{"tweenEasing":0,"duration":1},{"tweenEasing":null,"duration":29,"displayIndex":-1}],"name":"006_suduxian8"},{"frame":[{"tweenEasing":0,"duration":60},{"tweenEasing":0,"duration":30},{"tweenEasing":0,"duration":1},{"tweenEasing":null,"duration":29,"displayIndex":-1}],"name":"006_suduxian7"},{"frame":[{"tweenEasing":0,"duration":60},{"tweenEasing":0,"duration":30},{"tweenEasing":0,"duration":1},{"tweenEasing":null,"duration":29,"displayIndex":-1}],"name":"006_dusuxian6"},{"frame":[{"tweenEasing":0,"duration":60},{"tweenEasing":0,"duration":30},{"tweenEasing":0,"duration":1},{"tweenEasing":null,"duration":29,"displayIndex":-1}],"name":"006_suduxian5"},{"frame":[{"tweenEasing":0,"duration":19,"displayIndex":-1},{"tweenEasing":0,"duration":1,"displayIndex":-1},{"tweenEasing":0,"duration":19},{"tweenEasing":0,"duration":1},{"tweenEasing":0,"duration":19},{"tweenEasing":0,"duration":1},{"tweenEasing":0,"duration":19},{"tweenEasing":0,"duration":1},{"tweenEasing":null,"duration":40,"displayIndex":-1}],"name":"006_suduxian4"},{"frame":[{"tweenEasing":0,"duration":9,"displayIndex":-1},{"tweenEasing":0,"duration":1,"displayIndex":-1},{"tweenEasing":0,"duration":19},{"tweenEasing":0,"duration":1},{"tweenEasing":0,"duration":19},{"tweenEasing":0,"duration":1},{"tweenEasing":0,"duration":19},{"tweenEasing":0,"duration":1},{"tweenEasing":null,"duration":50,"displayIndex":-1}],"name":"006_suduxian3"},{"frame":[{"tweenEasing":0,"duration":19},{"tweenEasing":0,"duration":1},{"tweenEasing":0,"duration":19},{"tweenEasing":0,"duration":1},{"tweenEasing":0,"duration":19},{"tweenEasing":0,"duration":1},{"tweenEasing":null,"duration":60,"displayIndex":-1}],"name":"006_suduxian2"},{"frame":[{"tweenEasing":0,"duration":19},{"tweenEasing":0,"duration":1},{"tweenEasing":0,"duration":19},{"tweenEasing":0,"duration":1},{"tweenEasing":0,"duration":19},{"tweenEasing":0,"duration":1},{"tweenEasing":null,"duration":60,"displayIndex":-1}],"name":"006_suduxian1"},{"frame":[{"tweenEasing":0,"duration":4},{"tweenEasing":0,"duration":4,"color":{"gM":43,"bM":43,"rM":43}},{"tweenEasing":0,"duration":4},{"tweenEasing":0,"duration":4,"color":{"gM":43,"bM":43,"rM":43}},{"tweenEasing":0,"duration":4},{"tweenEasing":0,"duration":4,"color":{"gM":43,"bM":43,"rM":43}},{"tweenEasing":0,"duration":4},{"tweenEasing":0,"duration":4,"color":{"gM":43,"bM":43,"rM":43}},{"tweenEasing":0,"duration":4},{"tweenEasing":0,"duration":4,"color":{"gM":43,"bM":43,"rM":43}},{"tweenEasing":0,"duration":4},{"tweenEasing":0,"duration":4,"color":{"gM":43,"bM":43,"rM":43}},{"tweenEasing":0,"duration":4},{"tweenEasing":0,"duration":4,"color":{"gM":43,"bM":43,"rM":43}},{"tweenEasing":0,"duration":4},{"tweenEasing":0,"duration":5,"color":{"gM":43,"bM":43,"rM":43}},{"tweenEasing":0,"duration":1},{"tweenEasing":null,"duration":54,"displayIndex":-1,"color":{"aM":0}}],"name":"009_qianghuaban"},{"frame":[{"tweenEasing":0,"duration":120},{"tweenEasing":null,"duration":0}],"name":"000_heibeijing"},{"frame":[{"tweenEasing":0,"duration":120,"displayIndex":-1},{"tweenEasing":null,"duration":0,"displayIndex":-1}],"name":"000_fuji"},{"frame":[{"tweenEasing":0,"duration":120,"color":{"aM":68,"gM":0,"bM":0,"rM":0}},{"tweenEasing":null,"duration":0,"color":{"aM":68,"gM":0,"bM":0,"rM":0}}],"name":"000_heidi"},{"frame":[{"tweenEasing":null,"duration":120,"displayIndex":-1}],"name":"001_daoju_heise"},{"frame":[{"tweenEasing":null,"duration":120,"displayIndex":-1}],"name":"007_fangshe_dafuji"},{"frame":[{"tweenEasing":null,"duration":120,"displayIndex":-1}],"name":"007_fangshe1_fuji"},{"frame":[{"tweenEasing":null,"duration":120,"displayIndex":-1}],"name":"007_fangshe1"},{"frame":[{"tweenEasing":null,"duration":120,"displayIndex":-1}],"name":"007_fangshe2_fuji"},{"frame":[{"tweenEasing":null,"duration":120,"displayIndex":-1}],"name":"007_fangshe2"},{"frame":[{"tweenEasing":null,"duration":120,"displayIndex":-1}],"name":"007_fangshe3_fuji"},{"frame":[{"tweenEasing":null,"duration":120,"displayIndex":-1}],"name":"007_fangshe3"}],"ffd":[],"ik":[],"name":"000_qianghua"}],"name":"armatureName","frameRate":60,"skin":[{"name":"","slot":[{"display":[{"path":"suduxian_eff/breathwave01","type":"image","name":"suduxian_eff/breathwave01","transform":{}}],"name":"006_suduxian5"},{"display":[{"path":"suduxian_eff/breathwave02","type":"image","name":"suduxian_eff/breathwave02","transform":{}}],"name":"006_dusuxian6"},{"display":[{"path":"chaorao/00005","type":"image","name":"chaorao/00005","transform":{}},{"path":"chaorao/00006","type":"image","name":"chaorao/00006","transform":{}},{"path":"chaorao/00007","type":"image","name":"chaorao/00007","transform":{}}],"name":"003_chaorao1"},{"display":[{"path":"zhuangbei","type":"image","name":"zhuangbei","transform":{}}],"name":"001_daoju"},{"display":[{"path":"leidian_eff/spark01a","type":"image","name":"leidian_eff/spark01a","transform":{}},{"path":"leidian_eff/spark01b","type":"image","name":"leidian_eff/spark01b","transform":{}}],"name":"005_lei1"},{"display":[{"path":"guangdian_eff/particle02","type":"image","name":"guangdian_eff/particle02","transform":{}}],"name":"002_lizi2"},{"display":[{"path":"guangdian_eff/particle01","type":"image","name":"guangdian_eff/particle01","transform":{}}],"name":"002_lizi1"},{"display":[{"path":"suduxian_eff/breathwave03","type":"image","name":"suduxian_eff/breathwave03","transform":{}}],"name":"006_suduxian7"},{"display":[{"path":"diban2","type":"image","name":"diban2","transform":{}}],"name":"009_qianghuaban"},{"display":[{"path":"zhuangbei2","type":"image","name":"zhuangbei2","transform":{}}],"name":"001_daoju_heise"},{"display":[{"path":"chaorao/00005","type":"image","name":"chaorao/00005","transform":{}},{"path":"chaorao/00006","type":"image","name":"chaorao/00006","transform":{}},{"path":"chaorao/00007","type":"image","name":"chaorao/00007","transform":{}}],"name":"003_chaorao2"},{"display":[{"path":"suduxian_eff/breathline04","type":"image","name":"suduxian_eff/breathline04","transform":{}}],"name":"006_suduxian4"},{"display":[{"path":"chaorao/00005","type":"image","name":"chaorao/00005","transform":{}},{"path":"chaorao/00006","type":"image","name":"chaorao/00006","transform":{}},{"path":"chaorao/00007","type":"image","name":"chaorao/00007","transform":{}}],"name":"003_chanrao_fuji"},{"display":[{"path":"breathbar1","type":"image","name":"breathbar1","transform":{}}],"name":"000_heibeijing"},{"display":[{"path":"guangdian_eff/shockring","type":"image","name":"guangdian_eff/shockring","transform":{}}],"name":"004_chongji_eff"},{"display":[{"path":"guangdian_eff/starlight","type":"image","name":"guangdian_eff/starlight","transform":{}}],"name":"004_shanguang_eff"},{"display":[{"path":"fangshe_eff/fangshe_eff","type":"image","name":"fangshe_eff/fangshe_eff","transform":{"y":0.3234,"x":173.1795}},{"path":"fangshe_eff/fangshe_eff2","type":"image","name":"fangshe_eff/fangshe_eff2","transform":{"y":0.5852,"x":174.632}}],"name":"007_fangshe2"},{"display":[{"path":"suduxian_eff/breathline03","type":"image","name":"suduxian_eff/breathline03","transform":{}}],"name":"006_suduxian3"},{"display":[{"path":"suduxian_eff/breathline01","type":"image","name":"suduxian_eff/breathline01","transform":{}}],"name":"006_suduxian1"},{"display":[{"path":"guangdian_eff/light","type":"image","name":"guangdian_eff/light","transform":{}}],"name":"002_beiguang"},{"display":[{"path":"guangdian_eff/particle03","type":"image","name":"guangdian_eff/particle03","transform":{}}],"name":"002_lizi3"},{"display":[{"path":"suduxian_eff/breathline02","type":"image","name":"suduxian_eff/breathline02","transform":{}}],"name":"006_suduxian2"},{"display":[{"path":"suduxian_eff/breathwave04","type":"image","name":"suduxian_eff/breathwave04","transform":{}}],"name":"006_suduxian8"},{"display":[{"path":"fangshe_eff/fangshe_eff","type":"image","name":"fangshe_eff/fangshe_eff","transform":{"y":0.3234,"x":173.1795}},{"path":"fangshe_eff/fangshe_eff2","type":"image","name":"fangshe_eff/fangshe_eff2","transform":{"y":0.5852,"x":174.632}}],"name":"007_fangshe1"},{"display":[{"path":"baise","type":"image","name":"baise","transform":{}}],"name":"008_baise"},{"display":[{"path":"baise","type":"image","name":"baise","transform":{}}],"name":"000_heidi"},{"display":[{"path":"leidian_eff/spark03a","type":"image","name":"leidian_eff/spark03a","transform":{}},{"path":"leidian_eff/spark03b","type":"image","name":"leidian_eff/spark03b","transform":{}}],"name":"005_lei3"},{"display":[{"path":"zhuangbei2","type":"image","name":"zhuangbei2","transform":{}}],"name":"001_daoju_gaoguang"},{"display":[{"path":"fangshe_eff/fangshe_eff","type":"image","name":"fangshe_eff/fangshe_eff","transform":{"y":0.3234,"x":173.1795}},{"path":"fangshe_eff/fangshe_eff2","type":"image","name":"fangshe_eff/fangshe_eff2","transform":{"y":0.5852,"x":174.632}}],"name":"007_fangshe3"},{"display":[{"path":"leidian_eff/spark02a","type":"image","name":"leidian_eff/spark02a","transform":{}},{"path":"leidian_eff/spark02b","type":"image","name":"leidian_eff/spark02b","transform":{}}],"name":"005_lei2"},{"display":[{"path":"chaorao/00005","type":"image","name":"chaorao/00005","transform":{}},{"path":"chaorao/00006","type":"image","name":"chaorao/00006","transform":{}},{"path":"chaorao/00007","type":"image","name":"chaorao/00007","transform":{}}],"name":"003_chanrao3"}]}]}],"name":"baowu_eff","version":"4.0"}