{"frameRate":60,"isGlobal":0,"armature":[{"defaultActions":[{"gotoAndPlay":"000_jinjie"}],"animation":[{"frame":[],"duration":130,"slot":[{"frame":[{"tweenEasing":0,"displayIndex":-1,"duration":78},{"tweenEasing":0,"displayIndex":-1,"duration":1},{"tweenEasing":0,"duration":5},{"tweenEasing":0,"displayIndex":1,"duration":5},{"tweenEasing":0,"displayIndex":2,"duration":5},{"tweenEasing":0,"displayIndex":3,"duration":5},{"tweenEasing":0,"displayIndex":4,"duration":5},{"tweenEasing":0,"displayIndex":5,"duration":5},{"tweenEasing":0,"displayIndex":6,"duration":20},{"tweenEasing":0,"displayIndex":6,"duration":1,"color":{"aM":0}},{"tweenEasing":null,"displayIndex":-1,"duration":0,"color":{"aM":0}}],"name":"001_baozha"},{"frame":[{"tweenEasing":0,"displayIndex":-1,"duration":51},{"tweenEasing":0,"displayIndex":-1,"duration":1},{"tweenEasing":0,"duration":3},{"tweenEasing":0,"displayIndex":1,"duration":4},{"tweenEasing":0,"displayIndex":2,"duration":4},{"tweenEasing":0,"displayIndex":3,"duration":4},{"tweenEasing":0,"displayIndex":4,"duration":4},{"tweenEasing":0,"displayIndex":5,"duration":4},{"tweenEasing":0,"displayIndex":6,"duration":4},{"tweenEasing":0,"displayIndex":7,"duration":4},{"tweenEasing":0,"displayIndex":8,"duration":4},{"tweenEasing":0,"displayIndex":9,"duration":1},{"tweenEasing":null,"displayIndex":-1,"duration":42}],"name":"001_liudong"},{"frame":[{"tweenEasing":0,"displayIndex":-1,"duration":54},{"tweenEasing":0,"displayIndex":-1,"duration":1},{"tweenEasing":0,"duration":10},{"tweenEasing":0,"duration":20},{"tweenEasing":0,"duration":1,"color":{"aM":0}},{"tweenEasing":null,"displayIndex":-1,"duration":44,"color":{"aM":0}}],"name":"001_kuang2_eff"},{"frame":[{"tweenEasing":0,"displayIndex":-1,"duration":54},{"tweenEasing":0,"displayIndex":-1,"duration":1},{"tweenEasing":0,"duration":10},{"tweenEasing":0,"duration":20},{"tweenEasing":0,"duration":1,"color":{"aM":0}},{"tweenEasing":null,"displayIndex":-1,"duration":44,"color":{"aM":0}}],"name":"001_kuang1_eff"},{"frame":[{"tweenEasing":0,"duration":60,"color":{"aM":0}},{"tweenEasing":0,"duration":10},{"tweenEasing":0,"duration":1,"color":{"aM":0}},{"tweenEasing":null,"displayIndex":-1,"duration":59}],"name":"001_xuli"},{"frame":[{"tweenEasing":null,"displayIndex":-1,"duration":130}],"name":"000_fuji_eff"}],"ffd":[],"bone":[{"frame":[{"tweenEasing":0,"duration":78,"transform":{"y":-80.5,"x":-217}},{"tweenEasing":0,"duration":1,"transform":{"y":-80.5,"x":-217}},{"tweenEasing":0,"duration":5,"transform":{"scY":2,"y":-80.5,"scX":2,"x":-217}},{"tweenEasing":0,"duration":5,"transform":{"scY":2,"y":-80.5,"scX":2,"x":-217}},{"tweenEasing":0,"duration":5,"transform":{"scY":2,"y":-80.5,"scX":2,"x":-217}},{"tweenEasing":0,"duration":5,"transform":{"scY":2,"y":-80.5,"scX":2,"x":-217}},{"tweenEasing":0,"duration":5,"transform":{"scY":2,"y":-80.5,"scX":2,"x":-217}},{"tweenEasing":0,"duration":5,"transform":{"scY":2,"y":-80.5,"scX":2,"x":-217}},{"tweenEasing":0,"duration":20,"transform":{"scY":2,"y":-80.5,"scX":2,"x":-217}},{"tweenEasing":0,"duration":1,"transform":{"scY":2,"y":-80.5,"scX":2,"x":-217}},{"duration":0,"transform":{"scY":2,"y":-80.5,"scX":2,"x":-217}}],"name":"001_baozha"},{"frame":[{"tweenEasing":0,"duration":51,"transform":{"scY":1.5,"y":-27.5,"skX":-72,"skY":-72,"scX":1.5,"x":-115}},{"tweenEasing":0,"duration":1,"transform":{"scY":1.5,"y":-27.5,"skX":-72,"skY":-72,"scX":1.5,"x":-115}},{"tweenEasing":0,"duration":3,"transform":{"scY":1.5,"y":-27.5,"skX":-72,"skY":-72,"scX":1.5,"x":-115}},{"tweenEasing":0,"duration":4,"transform":{"scY":1.5,"y":-27.5,"skX":-72,"skY":-72,"scX":1.5,"x":-115}},{"tweenEasing":0,"duration":4,"transform":{"scY":1.5,"y":-27.5,"skX":-72,"skY":-72,"scX":1.5,"x":-115}},{"tweenEasing":0,"duration":4,"transform":{"scY":1.5,"y":-27.5,"skX":-72,"skY":-72,"scX":1.5,"x":-115}},{"tweenEasing":0,"duration":4,"transform":{"scY":1.5,"y":-27.5,"skX":-72,"skY":-72,"scX":1.5,"x":-115}},{"tweenEasing":0,"duration":4,"transform":{"scY":1.5,"y":-27.5,"skX":-72,"skY":-72,"scX":1.5,"x":-115}},{"tweenEasing":0,"duration":4,"transform":{"scY":1.5,"y":-27.5,"skX":-72,"skY":-72,"scX":1.5,"x":-115}},{"tweenEasing":0,"duration":4,"transform":{"scY":1.5,"y":-27.5,"skX":-72,"skY":-72,"scX":1.5,"x":-115}},{"tweenEasing":0,"duration":4,"transform":{"scY":1.5,"y":-27.5,"skX":-72,"skY":-72,"scX":1.5,"x":-115}},{"tweenEasing":0,"duration":1,"transform":{"scY":1.5,"y":-27.5,"skX":-72,"skY":-72,"scX":1.5,"x":-115}},{"duration":42,"transform":{"scY":1.5,"y":-27.5,"skX":-72,"skY":-72,"scX":1.5,"x":-115}}],"name":"001_liudong"},{"frame":[{"tweenEasing":0,"duration":54,"transform":{}},{"tweenEasing":0,"duration":1,"transform":{}},{"tweenEasing":0,"duration":10,"transform":{}},{"tweenEasing":0,"duration":20,"transform":{"scY":1.3403,"scX":1.3403}},{"tweenEasing":0,"duration":1,"transform":{"scY":1.5,"scX":1.5}},{"duration":44,"transform":{"scY":2,"scX":2}}],"name":"001_kuang2_eff"},{"frame":[{"tweenEasing":0,"duration":54,"transform":{}},{"tweenEasing":0,"duration":1,"transform":{}},{"tweenEasing":0,"duration":10,"transform":{}},{"tweenEasing":0,"duration":20,"transform":{"scY":2.0208,"scX":2.0208}},{"tweenEasing":0,"duration":1,"transform":{"scY":2.5,"scX":2.5}},{"duration":44,"transform":{"scY":2,"scX":2}}],"name":"001_kuang1_eff"},{"frame":[{"tweenEasing":0,"duration":60,"transform":{"scY":3,"skX":-90,"skY":-90,"scX":3}},{"tweenEasing":0,"duration":10,"transform":{"scY":0.7482,"skX":-1.8092,"skY":-1.8092,"scX":0.7482}},{"tweenEasing":0,"duration":1,"transform":{"scY":0.7,"scX":0.7}},{"duration":59,"transform":{}}],"name":"001_xuli"},{"frame":[{"duration":130,"transform":{}}],"name":"000_fuji_eff"},{"frame":[{"duration":130,"transform":{}}],"name":"root"}],"name":"000_jinjie","ik":[],"playTimes":0},{"frame":[],"duration":88,"slot":[{"frame":[{"tweenEasing":0,"displayIndex":-1,"duration":51},{"tweenEasing":0,"displayIndex":-1,"duration":1},{"tweenEasing":0,"duration":3},{"tweenEasing":0,"displayIndex":1,"duration":4},{"tweenEasing":0,"displayIndex":2,"duration":4},{"tweenEasing":0,"displayIndex":3,"duration":4},{"tweenEasing":0,"displayIndex":4,"duration":4},{"tweenEasing":0,"displayIndex":5,"duration":4},{"tweenEasing":0,"displayIndex":6,"duration":4},{"tweenEasing":0,"displayIndex":7,"duration":4},{"tweenEasing":0,"displayIndex":8,"duration":4},{"tweenEasing":0,"displayIndex":9,"duration":1},{"tweenEasing":null,"displayIndex":-1,"duration":0}],"name":"001_liudong"},{"frame":[{"tweenEasing":0,"displayIndex":-1,"duration":54},{"tweenEasing":0,"displayIndex":-1,"duration":1},{"tweenEasing":0,"duration":10},{"tweenEasing":0,"duration":20},{"tweenEasing":0,"duration":1,"color":{"aM":0}},{"tweenEasing":null,"displayIndex":-1,"duration":2,"color":{"aM":0}}],"name":"001_kuang2_eff"},{"frame":[{"tweenEasing":0,"displayIndex":-1,"duration":54},{"tweenEasing":0,"displayIndex":-1,"duration":1},{"tweenEasing":0,"duration":10},{"tweenEasing":0,"duration":20},{"tweenEasing":0,"duration":1,"color":{"aM":0}},{"tweenEasing":null,"displayIndex":-1,"duration":2,"color":{"aM":0}}],"name":"001_kuang1_eff"},{"frame":[{"tweenEasing":0,"duration":60,"color":{"aM":0}},{"tweenEasing":0,"duration":10},{"tweenEasing":0,"duration":1,"color":{"aM":0}},{"tweenEasing":null,"displayIndex":-1,"duration":17}],"name":"001_xuli"},{"frame":[{"tweenEasing":null,"displayIndex":-1,"duration":88}],"name":"000_fuji_eff"},{"frame":[{"tweenEasing":null,"displayIndex":-1,"duration":88}],"name":"001_baozha"}],"ffd":[],"bone":[{"frame":[{"tweenEasing":0,"duration":51,"transform":{"scY":1.5,"y":-27.5,"skX":-72,"skY":-72,"scX":1.5,"x":-115}},{"tweenEasing":0,"duration":1,"transform":{"scY":1.5,"y":-27.5,"skX":-72,"skY":-72,"scX":1.5,"x":-115}},{"tweenEasing":0,"duration":3,"transform":{"scY":1.5,"y":-27.5,"skX":-72,"skY":-72,"scX":1.5,"x":-115}},{"tweenEasing":0,"duration":4,"transform":{"scY":1.5,"y":-27.5,"skX":-72,"skY":-72,"scX":1.5,"x":-115}},{"tweenEasing":0,"duration":4,"transform":{"scY":1.5,"y":-27.5,"skX":-72,"skY":-72,"scX":1.5,"x":-115}},{"tweenEasing":0,"duration":4,"transform":{"scY":1.5,"y":-27.5,"skX":-72,"skY":-72,"scX":1.5,"x":-115}},{"tweenEasing":0,"duration":4,"transform":{"scY":1.5,"y":-27.5,"skX":-72,"skY":-72,"scX":1.5,"x":-115}},{"tweenEasing":0,"duration":4,"transform":{"scY":1.5,"y":-27.5,"skX":-72,"skY":-72,"scX":1.5,"x":-115}},{"tweenEasing":0,"duration":4,"transform":{"scY":1.5,"y":-27.5,"skX":-72,"skY":-72,"scX":1.5,"x":-115}},{"tweenEasing":0,"duration":4,"transform":{"scY":1.5,"y":-27.5,"skX":-72,"skY":-72,"scX":1.5,"x":-115}},{"tweenEasing":0,"duration":4,"transform":{"scY":1.5,"y":-27.5,"skX":-72,"skY":-72,"scX":1.5,"x":-115}},{"tweenEasing":0,"duration":1,"transform":{"scY":1.5,"y":-27.5,"skX":-72,"skY":-72,"scX":1.5,"x":-115}},{"duration":0,"transform":{"scY":1.5,"y":-27.5,"skX":-72,"skY":-72,"scX":1.5,"x":-115}}],"name":"001_liudong"},{"frame":[{"tweenEasing":0,"duration":54,"transform":{}},{"tweenEasing":0,"duration":1,"transform":{}},{"tweenEasing":0,"duration":10,"transform":{}},{"tweenEasing":0,"duration":20,"transform":{"scY":1.3403,"scX":1.3403}},{"tweenEasing":0,"duration":1,"transform":{"scY":1.5,"scX":1.5}},{"duration":2,"transform":{"scY":2,"scX":2}}],"name":"001_kuang2_eff"},{"frame":[{"tweenEasing":0,"duration":54,"transform":{}},{"tweenEasing":0,"duration":1,"transform":{}},{"tweenEasing":0,"duration":10,"transform":{}},{"tweenEasing":0,"duration":20,"transform":{"scY":2.0208,"scX":2.0208}},{"tweenEasing":0,"duration":1,"transform":{"scY":2.5,"scX":2.5}},{"duration":2,"transform":{"scY":2,"scX":2}}],"name":"001_kuang1_eff"},{"frame":[{"tweenEasing":0,"duration":60,"transform":{"scY":3,"skX":-90,"skY":-90,"scX":3}},{"tweenEasing":0,"duration":10,"transform":{"scY":0.7482,"skX":-1.8092,"skY":-1.8092,"scX":0.7482}},{"tweenEasing":0,"duration":1,"transform":{"scY":0.7,"scX":0.7}},{"duration":17,"transform":{}}],"name":"001_xuli"},{"frame":[{"duration":88,"transform":{}}],"name":"000_fuji_eff"},{"frame":[{"duration":88,"transform":{}}],"name":"root"},{"frame":[{"duration":88,"transform":{}}],"name":"001_baozha"}],"name":"001_jinjie1","ik":[]},{"frame":[],"duration":50,"slot":[{"frame":[{"tweenEasing":0,"duration":4},{"tweenEasing":0,"displayIndex":1,"duration":5},{"tweenEasing":0,"displayIndex":2,"duration":5},{"tweenEasing":0,"displayIndex":3,"duration":5},{"tweenEasing":0,"displayIndex":4,"duration":5},{"tweenEasing":0,"displayIndex":5,"duration":5},{"tweenEasing":0,"displayIndex":6,"duration":20},{"tweenEasing":0,"displayIndex":6,"duration":1,"color":{"aM":0}},{"tweenEasing":null,"displayIndex":-1,"duration":0,"color":{"aM":0}}],"name":"001_baozha"},{"frame":[{"tweenEasing":null,"displayIndex":-1,"duration":50}],"name":"000_fuji_eff"},{"frame":[{"tweenEasing":null,"displayIndex":-1,"duration":50}],"name":"001_xuli"},{"frame":[{"tweenEasing":null,"displayIndex":-1,"duration":50}],"name":"001_kuang1_eff"},{"frame":[{"tweenEasing":null,"displayIndex":-1,"duration":50}],"name":"001_kuang2_eff"},{"frame":[{"tweenEasing":null,"displayIndex":-1,"duration":50}],"name":"001_liudong"}],"ffd":[],"bone":[{"frame":[{"tweenEasing":0,"duration":4,"transform":{"scY":2,"scX":2}},{"tweenEasing":0,"duration":5,"transform":{"scY":2,"scX":2}},{"tweenEasing":0,"duration":5,"transform":{"scY":2,"scX":2}},{"tweenEasing":0,"duration":5,"transform":{"scY":2,"scX":2}},{"tweenEasing":0,"duration":5,"transform":{"scY":2,"scX":2}},{"tweenEasing":0,"duration":5,"transform":{"scY":2,"scX":2}},{"tweenEasing":0,"duration":20,"transform":{"scY":2,"scX":2}},{"tweenEasing":0,"duration":1,"transform":{"scY":2,"scX":2}},{"duration":0,"transform":{"scY":2,"scX":2}}],"name":"001_baozha"},{"frame":[{"duration":50,"transform":{}}],"name":"root"},{"frame":[{"duration":50,"transform":{}}],"name":"001_kuang2_eff"},{"frame":[{"duration":50,"transform":{}}],"name":"000_fuji_eff"},{"frame":[{"duration":50,"transform":{}}],"name":"001_kuang1_eff"},{"frame":[{"duration":50,"transform":{}}],"name":"001_xuli"},{"frame":[{"duration":50,"transform":{}}],"name":"001_liudong"}],"name":"002_jinjie2","ik":[]}],"type":"Armature","frameRate":60,"ik":[],"bone":[{"name":"root","transform":{}},{"inheritScale":false,"transform":{},"name":"001_kuang2_eff","parent":"root"},{"inheritScale":false,"transform":{},"name":"000_fuji_eff","parent":"root"},{"inheritScale":false,"transform":{},"name":"001_kuang1_eff","parent":"root"},{"inheritScale":false,"transform":{},"name":"001_xuli","parent":"000_fuji_eff"},{"inheritScale":false,"transform":{},"name":"001_liudong","parent":"000_fuji_eff"},{"inheritScale":false,"transform":{},"name":"001_baozha","parent":"000_fuji_eff"}],"aabb":{"width":112.5,"y":-56,"height":112,"x":-56.25},"skin":[{"slot":[{"display":[{"path":"fangshe1_eff/shanguang_kuang","type":"image","name":"fangshe1_eff/shanguang_kuang","transform":{}}],"name":"001_kuang2_eff"},{"display":[{"path":"fangshe1_eff/shanguang_kuang","type":"image","name":"fangshe1_eff/shanguang_kuang","transform":{}}],"name":"001_kuang1_eff"},{"display":[{"path":"fangshe1_eff/fangshe_guang","type":"image","name":"fangshe1_eff/fangshe_guang","transform":{}}],"name":"001_xuli"},{"display":[{"path":"duanzhao_baozha_eff/bao_00029","type":"image","name":"duanzhao_baozha_eff/bao_00029","transform":{}},{"path":"duanzhao_baozha_eff/bao_00030","type":"image","name":"duanzhao_baozha_eff/bao_00030","transform":{}},{"path":"duanzhao_baozha_eff/bao_00031","type":"image","name":"duanzhao_baozha_eff/bao_00031","transform":{}},{"path":"duanzhao_baozha_eff/bao_00032","type":"image","name":"duanzhao_baozha_eff/bao_00032","transform":{}},{"path":"duanzhao_baozha_eff/bao_00033","type":"image","name":"duanzhao_baozha_eff/bao_00033","transform":{}},{"path":"duanzhao_baozha_eff/bao_00034","type":"image","name":"duanzhao_baozha_eff/bao_00034","transform":{}},{"path":"duanzhao_baozha_eff/bao_00035","type":"image","name":"duanzhao_baozha_eff/bao_00035","transform":{}}],"name":"001_baozha"},{"display":[{"path":"duanzao_lujing_eff/huaguo_00022","type":"image","name":"duanzao_lujing_eff/huaguo_00022","transform":{}},{"path":"duanzao_lujing_eff/huaguo_00024","type":"image","name":"duanzao_lujing_eff/huaguo_00024","transform":{}},{"path":"duanzao_lujing_eff/huaguo_00025","type":"image","name":"duanzao_lujing_eff/huaguo_00025","transform":{}},{"path":"duanzao_lujing_eff/huaguo_00026","type":"image","name":"duanzao_lujing_eff/huaguo_00026","transform":{}},{"path":"duanzao_lujing_eff/huaguo_00027","type":"image","name":"duanzao_lujing_eff/huaguo_00027","transform":{}},{"path":"duanzao_lujing_eff/huaguo_00028","type":"image","name":"duanzao_lujing_eff/huaguo_00028","transform":{}},{"path":"duanzao_lujing_eff/huaguo_00029","type":"image","name":"duanzao_lujing_eff/huaguo_00029","transform":{}},{"path":"duanzao_lujing_eff/huaguo_00030","type":"image","name":"duanzao_lujing_eff/huaguo_00030","transform":{}},{"path":"duanzao_lujing_eff/huaguo_00031","type":"image","name":"duanzao_lujing_eff/huaguo_00031","transform":{}},{"path":"duanzao_lujing_eff/huaguo_00032","type":"image","name":"duanzao_lujing_eff/huaguo_00032","transform":{}}],"name":"001_liudong"}],"name":""}],"slot":[{"displayIndex":-1,"name":"000_fuji_eff","parent":"000_fuji_eff","color":{}},{"z":1,"name":"001_xuli","parent":"001_xuli","color":{}},{"z":2,"name":"001_kuang1_eff","parent":"001_kuang1_eff","color":{}},{"z":3,"name":"001_kuang2_eff","parent":"001_kuang2_eff","color":{}},{"z":4,"name":"001_liudong","parent":"001_liudong","color":{}},{"z":5,"name":"001_baozha","parent":"001_baozha","color":{}}],"name":"armatureName"}],"name":"ui_lieren_jinjie","version":"4.0"}