{"frameRate":30,"name":"gw_007_heiyiren_eff","version":"5.5","compatibleVersion":"5.5","armature":[{"type":"Armature","frameRate":30,"name":"armatureName","aabb":{"x":-5,"y":-5,"width":10,"height":10},"bone":[{"name":"root"},{"name":"gw_007_heiyiren_eff_pz","parent":"root"},{"name":"wt_gaoguang_eff","parent":"root","transform":{"y":234.43}},{"name":"wt_gaoguang_eff2","parent":"root","transform":{"y":234.43}},{"length":85,"name":"wt_jinbijiaocha_eff/0_00001","parent":"root","transform":{"x":-1.5,"y":-0.34,"skX":90.67,"skY":90.67,"scX":2,"scY":2}},{"name":"wt_jinbixuanzhuan_eff/0_00000","parent":"root","transform":{"x":-0.1,"y":-319.69}},{"name":"wt_shoutao1","parent":"root","transform":{"x":-200,"y":-250}},{"name":"wt_shoutao2","parent":"root","transform":{"x":200,"y":-250,"scX":-1}},{"length":131,"name":"wt_shoutaojiaocha_eff/0_00000","parent":"root","transform":{"x":-1.5,"y":-3.34,"skX":-89.12,"skY":-89.12,"scX":2,"scY":2}},{"length":97,"name":"wt_xuanfeng_eff/bai_xuanfeng_02_eff_01","parent":"root","transform":{"x":1.33,"y":156.68,"skX":-90,"skY":-90}},{"length":128,"name":"yingbi_feixing","parent":"root","transform":{"x":250.34,"y":-74.01,"skX":179.57,"skY":179.57}}],"slot":[{"displayIndex":-1,"name":"yingbi_feixing","parent":"yingbi_feixing"},{"name":"gw_007_heiyiren_eff_pz","parent":"gw_007_heiyiren_eff_pz"},{"displayIndex":-1,"name":"wt_shoutao1","parent":"wt_shoutao1"},{"displayIndex":-1,"name":"wt_shoutao2","parent":"wt_shoutao2"},{"displayIndex":-1,"name":"wt_jinbixuanzhuan_eff/0_00000","parent":"wt_jinbixuanzhuan_eff/0_00000"},{"blendMode":"add","displayIndex":-1,"name":"wt_shoutaojiaocha_eff/0_00000","parent":"wt_shoutaojiaocha_eff/0_00000"},{"blendMode":"add","displayIndex":-1,"name":"wt_jinbijiaocha_eff/0_00001","parent":"wt_jinbijiaocha_eff/0_00001"},{"blendMode":"add","displayIndex":-1,"name":"wt_gaoguang_eff","parent":"wt_gaoguang_eff"},{"displayIndex":-1,"name":"wt_gaoguang_eff2","parent":"wt_gaoguang_eff2"},{"displayIndex":-1,"name":"wt_xuanfeng_eff/bai_xuanfeng_02_eff_01","parent":"wt_xuanfeng_eff/bai_xuanfeng_02_eff_01"}],"skin":[{"slot":[{"name":"wt_shoutao1","display":[{"name":"wt_shoutao1","transform":{"x":-8.47,"y":-14.84}},{"name":"wt_shoutao2","transform":{"x":-10.6,"y":-14.83}}]},{"name":"gw_007_heiyiren_eff_pz","display":[{"name":"gw_007_heiyiren_eff_pz","transform":{"scX":10,"scY":10}}]},{"name":"wt_gaoguang_eff2","display":[{"name":"wt_gaoguang_eff","transform":{"x":1.9,"y":-5.71}}]},{"name":"yingbi_feixing","display":[{"name":"yingbi_feixing","transform":{"x":75.84,"y":-0.35,"skX":-179.54,"skY":-179.54}}]},{"name":"wt_gaoguang_eff","display":[{"name":"wt_gaoguang_eff","transform":{"x":1.9,"y":-5.71}}]},{"name":"wt_jinbijiaocha_eff/0_00001","display":[{"name":"wt_jinbijiaocha_eff/0_00001","transform":{"x":0.32,"y":-1.5,"skX":-90.64,"skY":-90.64}},{"name":"wt_jinbijiaocha_eff/0_00002","transform":{"x":0.32,"y":-1.5,"skX":-90.64,"skY":-90.64}},{"name":"wt_jinbijiaocha_eff/0_00003","transform":{"x":0.32,"y":-1.5,"skX":-90.64,"skY":-90.64}},{"name":"wt_jinbijiaocha_eff/0_00004","transform":{"x":0.32,"y":-1.5,"skX":-90.64,"skY":-90.64}},{"name":"wt_jinbijiaocha_eff/0_00005","transform":{"x":0.32,"y":-1.5,"skX":-90.64,"skY":-90.64}},{"name":"wt_jinbijiaocha_eff/0_00006","transform":{"x":0.32,"y":-1.5,"skX":-90.64,"skY":-90.64}},{"name":"wt_jinbijiaocha_eff/0_00007","transform":{"x":0.32,"y":-1.5,"skX":-90.64,"skY":-90.64}}]},{"name":"wt_xuanfeng_eff/bai_xuanfeng_02_eff_01","display":[{"name":"wt_xuanfeng_eff/bai_xuanfeng_02_eff_01","transform":{"x":156.68,"y":-1.33,"skX":90,"skY":90}},{"name":"wt_xuanfeng_eff/bai_xuanfeng_02_eff_02","transform":{"x":156.68,"y":-1.33,"skX":90,"skY":90}},{"name":"wt_xuanfeng_eff/bai_xuanfeng_02_eff_03","transform":{"x":156.68,"y":-1.33,"skX":90,"skY":90}},{"name":"wt_xuanfeng_eff/bai_xuanfeng_02_eff_04","transform":{"x":156.68,"y":-1.33,"skX":90,"skY":90}},{"name":"wt_xuanfeng_eff/bai_xuanfeng_02_eff_05","transform":{"x":156.68,"y":-1.33,"skX":90,"skY":90}},{"name":"wt_xuanfeng_eff/bai_xuanfeng_02_eff_06","transform":{"x":156.68,"y":-1.33,"skX":90,"skY":90}},{"name":"wt_xuanfeng_eff/bai_xuanfeng_02_eff_07","transform":{"x":156.68,"y":-1.33,"skX":90,"skY":90}},{"name":"wt_xuanfeng_eff/bai_xuanfeng_02_eff_08","transform":{"x":156.68,"y":-1.33,"skX":90,"skY":90}}]},{"name":"wt_shoutaojiaocha_eff/0_00000","display":[{"name":"wt_shoutaojiaocha_eff/0_00000","transform":{"x":-3.32,"y":1.55,"skX":89.13,"skY":89.13}},{"name":"wt_shoutaojiaocha_eff/0_00001","transform":{"x":-3.32,"y":1.55,"skX":89.13,"skY":89.13}},{"name":"wt_shoutaojiaocha_eff/0_00002","transform":{"x":-3.32,"y":1.55,"skX":89.13,"skY":89.13}},{"name":"wt_shoutaojiaocha_eff/0_00003","transform":{"x":-3.32,"y":1.55,"skX":89.13,"skY":89.13}},{"name":"wt_shoutaojiaocha_eff/0_00004","transform":{"x":-3.32,"y":1.55,"skX":89.13,"skY":89.13}},{"name":"wt_shoutaojiaocha_eff/0_00005","transform":{"x":-3.32,"y":1.55,"skX":89.13,"skY":89.13}},{"name":"wt_shoutaojiaocha_eff/0_00006","transform":{"x":-3.32,"y":1.55,"skX":89.13,"skY":89.13}},{"name":"wt_shoutaojiaocha_eff/0_00007","transform":{"x":-3.32,"y":1.55,"skX":89.13,"skY":89.13}}]},{"name":"wt_jinbixuanzhuan_eff/0_00000","display":[{"name":"wt_jinbixuanzhuan_eff/0_00000"},{"name":"wt_jinbixuanzhuan_eff/0_00001"},{"name":"wt_jinbixuanzhuan_eff/0_00002"},{"name":"wt_jinbixuanzhuan_eff/0_00003"},{"name":"wt_jinbixuanzhuan_eff/0_00004"},{"name":"wt_jinbixuanzhuan_eff/0_00005"},{"name":"wt_jinbixuanzhuan_eff/0_00006"}]},{"name":"wt_shoutao2","display":[{"name":"wt_shoutao1","transform":{"x":-8.47,"y":-14.84}},{"name":"wt_shoutao2","transform":{"x":-10.6,"y":-14.83}}]}]}],"animation":[{"duration":10,"name":"0000_jinbi_feixing","bone":[{"name":"gw_007_heiyiren_eff_pz","translateFrame":[{"duration":10,"x":238.17,"y":-73.78}],"scaleFrame":[{"duration":10,"x":0.33}]}],"slot":[{"name":"yingbi_feixing","displayFrame":[{"duration":10}]}]},{"duration":30,"name":"0001_jinbi_luanwu","bone":[{"name":"wt_jinbixuanzhuan_eff/0_00000","translateFrame":[{"duration":17,"curve":[0.25,0,1,0.23]},{"duration":2,"y":301.14},{"duration":11,"curve":[0,0.53,0.75,1],"y":301.14},{"duration":0,"y":195.05}]},{"name":"wt_shoutao1","translateFrame":[{"duration":15,"curve":[0,0.82,0.75,1]},{"duration":15,"curve":[0.25,0,1,0.04],"x":-0.87,"y":-6.22},{"duration":0,"x":-0.33,"y":50.08}],"rotateFrame":[{"duration":15,"curve":[0,0.82,0.75,1]},{"duration":15,"curve":[0.25,0,1,0.04],"rotate":10},{"duration":0,"rotate":-15}]},{"name":"wt_shoutao2","translateFrame":[{"duration":15,"curve":[0,0.82,0.75,1]},{"duration":15,"curve":[0.25,0,1,0.04],"x":-1.84,"y":-8.33},{"duration":0,"x":-21.96,"y":49.23}],"rotateFrame":[{"duration":15,"curve":[0,0.82,0.75,1]},{"duration":15,"curve":[0.25,0,1,0.04],"rotate":-10},{"duration":0,"rotate":15}]},{"name":"gw_007_heiyiren_eff_pz","translateFrame":[{"duration":30,"tweenEasing":0},{"duration":0,"y":-167.72}],"scaleFrame":[{"duration":30,"tweenEasing":0},{"duration":0,"x":6.46,"y":3.41}]}],"slot":[{"name":"gw_007_heiyiren_eff_pz","displayFrame":[{"duration":30,"value":-1}]},{"name":"wt_jinbixuanzhuan_eff/0_00000","displayFrame":[{"duration":3},{"duration":3,"value":1},{"duration":3,"value":2},{"duration":3,"value":3},{"duration":3,"value":4},{"duration":3,"value":5},{"duration":3,"value":6},{"duration":3},{"duration":3,"value":1},{"duration":3,"value":2},{"duration":0,"value":-1}]},{"name":"wt_shoutao1","displayFrame":[{"duration":25},{"duration":5,"value":1},{"duration":0,"value":-1}],"colorFrame":[{"duration":15,"tweenEasing":0,"value":{"aM":0}},{"duration":15}]},{"name":"wt_shoutao2","displayFrame":[{"duration":25},{"duration":5,"value":1},{"duration":0,"value":-1}],"colorFrame":[{"duration":15,"tweenEasing":0,"value":{"aM":0}},{"duration":15}]}]},{"duration":45,"name":"0001_jinbi_luanwu2","bone":[{"name":"wt_shoutaojiaocha_eff/0_00000","translateFrame":[{"duration":30,"curve":[0,0.36,0.875,1],"x":2.52,"y":-166.62},{"duration":15,"x":1.99,"y":-131.68}],"scaleFrame":[{"duration":30,"curve":[0,0.36,0.875,1],"x":1.28,"y":1.28},{"duration":15,"x":0.88,"y":0.88}]},{"name":"wt_jinbijiaocha_eff/0_00001","translateFrame":[{"duration":30,"curve":[0,0.495,0.875,1],"x":2.23,"y":-142.33},{"duration":15,"x":1.76,"y":-100.81}],"scaleFrame":[{"duration":30,"curve":[0,0.495,0.875,1],"x":1.38,"y":1.38},{"duration":15,"x":0.88,"y":0.88}]},{"name":"gw_007_heiyiren_eff_pz","translateFrame":[{"duration":45,"y":-167.72}],"scaleFrame":[{"duration":45,"x":6.46,"y":3.41}]},{"name":"wt_gaoguang_eff","translateFrame":[{"duration":45,"curve":[0.001,0.71,0.75,1],"y":-297.6},{"duration":0,"y":-390.72}],"rotateFrame":[{"duration":45,"curve":[0.001,0.71,0.75,1],"rotate":90},{"duration":0}],"scaleFrame":[{"duration":45,"curve":[0.001,0.71,0.75,1]},{"duration":0,"x":2,"y":2}]},{"name":"wt_gaoguang_eff2","translateFrame":[{"duration":45,"curve":[0.001,0.71,0.75,1],"x":4.96,"y":-310},{"duration":0,"x":9.17,"y":-393.15}],"rotateFrame":[{"duration":45,"curve":[0.001,0.71,0.75,1],"rotate":180},{"duration":0,"rotate":-90}],"scaleFrame":[{"duration":45,"curve":[0.001,0.71,0.75,1]},{"duration":0,"x":2,"y":2}]}],"slot":[{"name":"wt_gaoguang_eff","displayFrame":[{"duration":45}]},{"name":"wt_gaoguang_eff2","displayFrame":[{"duration":45}]},{"name":"wt_jinbijiaocha_eff/0_00001","displayFrame":[{"duration":3},{"duration":3,"value":1},{"duration":3,"value":2},{"duration":3,"value":3},{"duration":3,"value":4},{"duration":3,"value":5},{"duration":12,"value":6},{"duration":15,"value":-1}],"colorFrame":[{"duration":18,"tweenEasing":0},{"duration":12,"tweenEasing":0},{"duration":15,"value":{"aM":0}}]},{"name":"wt_shoutaojiaocha_eff/0_00000","displayFrame":[{"duration":3},{"duration":3,"value":1},{"duration":3,"value":2},{"duration":3,"value":3},{"duration":3,"value":4},{"duration":3,"value":5},{"duration":3,"value":6},{"duration":24,"value":7}],"colorFrame":[{"duration":21,"tweenEasing":0},{"duration":9,"tweenEasing":0},{"duration":15,"value":{"aM":0}}]}]},{"duration":20,"name":"0001_jinbi_luanwu3","bone":[{"name":"wt_shoutaojiaocha_eff/0_00000","translateFrame":[{"duration":20,"x":2.52,"y":-166.62}]},{"name":"wt_jinbijiaocha_eff/0_00001","translateFrame":[{"duration":20,"x":2.23,"y":-142.33}]},{"name":"gw_007_heiyiren_eff_pz","translateFrame":[{"duration":20,"y":-167.72}],"scaleFrame":[{"duration":20,"x":6.46,"y":3.41}]},{"name":"wt_gaoguang_eff","translateFrame":[{"duration":20,"y":-390.72}],"scaleFrame":[{"duration":20,"curve":[0,0.93,0.75,1]},{"duration":0,"x":8.73,"y":1.42}]},{"name":"wt_gaoguang_eff2","translateFrame":[{"duration":20,"x":4.96,"y":-393.15}],"rotateFrame":[{"duration":20,"rotate":-90}],"scaleFrame":[{"duration":20,"curve":[0,0.89,0.75,1]},{"duration":0,"x":3.66,"y":0.53}]},{"name":"wt_xuanfeng_eff/bai_xuanfeng_02_eff_01","translateFrame":[{"duration":20,"y":-151.27}],"scaleFrame":[{"duration":20,"curve":[0,0.49,0.875,1],"x":2,"y":3},{"duration":0,"x":3.3,"y":4.95}]}],"slot":[{"name":"wt_gaoguang_eff","displayFrame":[{"duration":20}],"colorFrame":[{"duration":5,"tweenEasing":0},{"duration":15,"curve":[0.4,0.85,0.775,1]},{"duration":0,"value":{"aM":0}}]},{"name":"wt_gaoguang_eff2","displayFrame":[{"duration":20}],"colorFrame":[{"duration":5,"tweenEasing":0},{"duration":15,"tweenEasing":0},{"duration":0,"value":{"aM":0}}]},{"name":"wt_xuanfeng_eff/bai_xuanfeng_02_eff_01","displayFrame":[{"duration":2},{"duration":2,"value":1},{"duration":2,"value":2},{"duration":2,"value":3},{"duration":2,"value":4},{"duration":3,"value":5},{"duration":7,"value":6},{"duration":0,"value":7}],"colorFrame":[{"duration":13,"tweenEasing":0},{"duration":7,"tweenEasing":0},{"duration":0,"value":{"aM":0}}]}]}],"defaultActions":[{"gotoAndPlay":"0000_jinbi_feixing"}]}]}