{"frameRate":30,"name":"beastfish","version":"5.5","compatibleVersion":"5.5","armature":[{"type":"Armature","frameRate":30,"name":"armatureName","aabb":{"x":-154.61,"y":-307.72,"width":319.59,"height":300.31},"bone":[{"name":"root"},{"length":26,"name":"bodyR","parent":"root","transform":{"x":93.81,"y":-189.69,"skX":-121.74,"skY":-121.74}},{"length":42,"name":"backL","parent":"root","transform":{"x":-8.99,"y":-57.5,"skX":-169.39,"skY":-169.39}},{"length":29,"name":"bodyR2","parent":"bodyR","transform":{"skX":-158.92,"skY":-158.92}},{"length":40,"name":"bodyL","parent":"backL","transform":{"x":-1.22,"y":25.91,"skX":-2.19,"skY":-2.19}},{"length":32,"name":"bone","parent":"bodyR","transform":{"x":26.37,"y":0.12,"skX":-21.35,"skY":-21.35}},{"length":47,"name":"mouthL","parent":"backL","transform":{"x":-23.54,"y":3.94,"skX":-164.72,"skY":-164.72}},{"length":49,"name":"bone22","parent":"backL","transform":{"x":42.49,"y":-0.01,"skX":25.05,"skY":25.05}},{"length":34,"name":"wingL","parent":"backL","transform":{"x":22.67,"y":-6.11,"skX":-61.83,"skY":-61.83}},{"length":60,"name":"headL","parent":"backL","transform":{"x":-11.53,"y":8.22,"skX":164.14,"skY":164.14}},{"length":32,"name":"bone17","parent":"bodyR2","transform":{"x":29.43,"y":-0.06,"skX":18.06,"skY":18.06}},{"length":23,"name":"bone2","parent":"bone","transform":{"x":32.77,"y":0.06,"skX":-16.01,"skY":-16.01}},{"length":47,"name":"bone35","parent":"wingL","transform":{"x":34.62,"y":-0.13,"skX":20.58,"skY":20.58}},{"length":40,"name":"bone24","parent":"bodyL","transform":{"x":40.83,"skX":15.62,"skY":15.62}},{"length":51,"name":"bone23","parent":"bone22","transform":{"x":49.04,"y":-0.14,"skX":39.51,"skY":39.51}},{"length":33,"name":"wingL2","parent":"wingL","transform":{"x":15.49,"y":7.57,"skX":49.52,"skY":49.52}},{"length":22,"name":"wingR4","parent":"bodyR2","transform":{"x":54.05,"y":-4.3,"skX":-91.11,"skY":-91.11}},{"length":19,"name":"wingR3","parent":"bodyR2","transform":{"x":54.59,"y":-4.67,"skX":-132.22,"skY":-132.22}},{"length":23,"name":"wingR2","parent":"bodyR2","transform":{"x":41.68,"y":24.19,"skX":117.57,"skY":117.57}},{"length":14,"name":"wingR1","parent":"bodyR2","transform":{"x":41.15,"y":24.55,"skX":164.83,"skY":164.83}},{"length":20,"name":"bone20","parent":"wingR3","transform":{"x":19,"skX":15.28,"skY":15.28}},{"length":27,"name":"bone19","parent":"wingR2","transform":{"x":23.96,"y":-0.08,"skX":-4.48,"skY":-4.48}},{"length":17,"name":"bone3","parent":"bone2","transform":{"x":23.1,"y":0.01,"skX":-26.97,"skY":-26.97}},{"length":21,"name":"bone18","parent":"wingR1","transform":{"x":14.78,"y":0.02,"skX":-6.15,"skY":-6.15}},{"length":35,"name":"bone25","parent":"bone24","transform":{"x":40.87,"y":0.38,"skX":38.02,"skY":38.02}},{"length":36,"name":"bone36","parent":"wingL2","transform":{"x":33.52,"y":0.08,"skX":-3.28,"skY":-3.28}},{"length":44,"name":"headR","parent":"bone17","transform":{"x":14.18,"y":2.32,"skX":0.31,"skY":0.31}},{"length":30,"name":"bone21","parent":"wingR4","transform":{"x":22.5,"skX":23.06,"skY":23.06}},{"length":23,"name":"mouthR","parent":"headR","transform":{"x":31.3,"y":-1.44,"skX":6.07,"skY":6.07}},{"length":31,"name":"bone26","parent":"bone25","transform":{"x":36.35,"y":0.07,"skX":39.01,"skY":39.01}},{"length":17,"name":"bone4","parent":"bone3","transform":{"x":20.37,"y":-0.6,"skX":-0.1,"skY":-0.1}},{"length":28,"name":"bone27","parent":"bone26","transform":{"x":31.79,"y":-0.1,"skX":24.37,"skY":24.37}},{"length":16,"name":"bone5","parent":"bone4","transform":{"x":17.08,"skX":14.11,"skY":14.11}},{"length":31,"name":"bone28","parent":"bone27","transform":{"x":28.67,"y":-0.07,"skX":21.76,"skY":21.76}},{"length":16,"name":"bone6","parent":"bone5","transform":{"x":16.68,"skX":39.45,"skY":39.45}},{"length":30,"name":"bone29","parent":"bone28","transform":{"x":31.21,"y":-0.05,"skX":14.48,"skY":14.48}},{"length":15,"name":"bone7","parent":"bone6","transform":{"x":17.51,"y":-0.72,"skX":-6.02,"skY":-6.02}},{"length":12,"name":"bone8","parent":"bone7","transform":{"x":15.28,"skX":-14.82,"skY":-14.82}},{"length":28,"name":"bone30","parent":"bone29","transform":{"x":30.5,"y":-0.01,"skX":8.35,"skY":8.35}},{"length":26,"name":"bone31","parent":"bone30","transform":{"x":29.38,"y":0.08,"skX":2.21,"skY":2.21}},{"length":15,"name":"bone9","parent":"bone8","transform":{"x":12.31,"skX":-26.72,"skY":-26.72}},{"length":11,"name":"bone10","parent":"bone9","transform":{"x":15.15,"y":0.05,"skX":-18.3,"skY":-18.3}},{"length":11,"name":"bone32","parent":"bone31","transform":{"x":26.89,"y":0.01,"skX":-7.76,"skY":-7.76}},{"length":33,"name":"bone33","parent":"bone32","transform":{"x":11.92,"skX":-28.48,"skY":-28.48}},{"length":9,"name":"bone11","parent":"bone10","transform":{"x":11.61,"y":0.01,"skX":-0.76,"skY":-0.76}},{"length":34,"name":"bone34","parent":"bone33","transform":{"x":33.79,"y":0.14,"skX":-29.11,"skY":-29.11}},{"length":10,"name":"bone12","parent":"bone11","transform":{"x":9.72,"skX":-18.68,"skY":-18.68}},{"length":11,"name":"bone13","parent":"bone12","transform":{"x":10.46,"y":0.01,"skX":6.21,"skY":6.21}},{"length":21,"name":"bone14","parent":"bone13","transform":{"x":11.34,"skX":-21.22,"skY":-21.22}},{"length":16,"name":"bone15","parent":"bone14","transform":{"x":21.3,"y":0.04,"skX":-12.58,"skY":-12.58}},{"length":18,"name":"bone16","parent":"bone15","transform":{"x":16.64,"skX":-31.81,"skY":-31.81}}],"slot":[{"name":"wingR2","parent":"wingR4"},{"name":"wingR1","parent":"wingR2"},{"name":"bodyR","parent":"bodyR2"},{"name":"mouthR","parent":"mouthR"},{"name":"headR","parent":"headR"},{"name":"backL","parent":"backL"},{"name":"wingL","parent":"wingL2"},{"name":"bodyL","parent":"bodyL"},{"name":"mouthL","parent":"mouthL"},{"name":"headL","parent":"headL"}],"skin":[{"slot":[{"name":"headL","display":[{"name":"headL","transform":{"x":28.56,"y":-10.28,"skX":5.27,"skY":5.27}}]},{"name":"mouthL","display":[{"name":"mouthL","transform":{"x":26.88,"y":2.74,"skX":-26.08,"skY":-26.08}}]},{"name":"wingR2","display":[{"type":"mesh","name":"wingR2","width":61,"height":44,"vertices":[164.83,-123.38,143.3,-121.84,138.85,-121.84,126.03,-123,103.85,-132.34,103.85,-140.24,118.13,-155.02,133.47,-165.82,141.37,-165.64,126.38,-151.18,148.9,-154.17,164.84,-151.93,129.99,-141.6],"uvs":[1,0.9649,0.64696,1,0.57418,0.99998,0.36388,0.97367,0.00005,0.7615,0,0.58164,0.23415,0.24564,0.48557,0.00001,0.6153,0.00438,0.36951,0.33299,0.73867,0.26494,1,0.31583,0.42862,0.55094],"triangles":[10,1,0,10,0,11,12,2,1,9,12,10,12,1,10,12,3,2,7,9,8,6,9,7,9,6,12,6,5,12,4,3,12,5,4,12],"weights":[1,27,1,2,16,0.25233,27,0.74765,2,16,0.40166,27,0.59833,2,16,0.83036,27,0.16963,2,17,0.33034,16,0.66965,2,17,0.97699,16,0.023,2,17,0.39688,20,0.60311,1,20,0.99999,1,20,1,4,17,0.0554,16,0.13547,20,0.6657,27,0.14341,2,20,0.00112,27,0.99887,1,27,1,2,16,0.5,27,0.5],"slotPose":[1,0,0,1,0,0],"bonePose":[27,0.980649,0.195775,-0.195775,0.980649,130.060914,-141.95783,16,0.978974,-0.203983,0.203983,0.978974,108.033992,-137.368202,17,0.603486,-0.797373,0.797373,0.603486,108.497496,-136.905964,20,0.79229,-0.610145,0.610145,0.79229,119.963737,-152.056057],"edges":[5,4,4,3,3,2,2,1,1,0,0,11,11,10,10,9,9,8,8,7,7,6,6,5],"userEdges":[]}]},{"name":"bodyL","display":[{"type":"mesh","name":"bodyL","width":198,"height":265,"vertices":[83.17,-274.32,78.36,-252.06,65.26,-231.41,46.16,-226.54,12.67,-219.66,-16.71,-211.84,-43.45,-203.2,-67.29,-189.55,-83.59,-166.38,-83.98,-147.24,-80.31,-137.68,-40.25,-148.9,-22.89,-136.54,-1.3,-105.43,23.08,-88.62,16.4,-47.7,-23.08,-29.84,-31.4,-29.84,-66.64,-34.98,-98.44,-58.33,-114.45,-86.66,-115.09,-119.13,-112.2,-147.14,-96.41,-182.61,-77.28,-199.52,-56.68,-212.39,-25.25,-224.9,9.64,-229.44,42.06,-232.42,49.55,-249.33,68.41,-265.94,75.71,-278.65,78.73,-294.72,83.23,-294.7,-69.27,-119.94,-48.56,-106.24,-34.87,-102.17,-6.75,-99.19,-10.64,-58.46,-52.49,-66.4,-88.61,-92.72,-99.68,-131.72,-91.73,-170.71],"uvs":[0.99999,0.07686,0.97588,0.1608,0.90992,0.23874,0.81358,0.25725,0.64458,0.2834,0.49638,0.31296,0.36143,0.3457,0.2412,0.39727,0.15905,0.4847,0.15708,0.55689,0.17567,0.59296,0.37797,0.55068,0.46563,0.5973,0.57467,0.7147,0.69787,0.77817,0.66405,0.93261,0.46465,1,0.42265,1,0.24467,0.98058,0.08408,0.89244,0.00324,0.78552,0,0.66299,0.01461,0.55731,0.09422,0.42351,0.19074,0.3597,0.29462,0.31108,0.45316,0.26375,0.62925,0.24646,0.79285,0.23509,0.83049,0.17125,0.92552,0.10851,0.9622,0.06057,0.97732,0,1,0,0.23137,0.65992,0.33598,0.71163,0.40511,0.72701,0.54712,0.73825,0.52745,0.89203,0.31614,0.86203,0.1337,0.76267,0.07778,0.61551,0.11792,0.46839],"triangles":[32,31,33,30,1,0,31,30,0,33,31,0,30,29,1,29,2,1,29,28,2,28,3,2,28,4,3,27,4,28,13,37,14,38,15,14,37,38,14,38,16,15,27,5,4,26,5,27,36,38,37,36,37,13,12,36,13,36,39,38,17,16,38,39,17,38,35,36,12,26,6,5,11,35,12,39,18,17,25,6,26,34,35,11,35,39,36,40,39,35,10,34,11,25,7,6,34,40,35,24,7,25,19,18,39,40,19,39,42,8,7,23,42,7,24,23,7,10,41,34,41,40,34,41,21,40,20,19,40,8,42,9,9,41,10,42,22,9,22,41,9,21,20,40,23,22,42,22,21,41],"weights":[1,45,1,2,43,0.45694,45,0.54305,1,43,1,2,42,0.79067,43,0.20932,3,35,0.00008,38,0.37266,39,0.62724,2,35,0.42795,38,0.57204,3,31,0.00005,33,0.36454,35,0.6354,2,31,0.27397,33,0.72602,2,29,0.50224,31,0.49775,4,4,0.0002,13,0.00164,24,0.1573,29,0.84083,4,4,0.00908,13,0.06182,24,0.67636,29,0.25273,3,4,0.28575,13,0.4235,24,0.29073,3,4,0.4886,13,0.35607,24,0.15532,3,4,0.96482,13,0.02828,24,0.00689,1,4,1,2,4,0.99988,13,0.00011,2,4,0.82828,13,0.17171,2,4,0.76907,13,0.23092,3,4,0.37564,13,0.61807,24,0.00628,3,4,0.05252,13,0.76927,24,0.17819,2,13,0.41491,24,0.58508,3,13,0.02224,24,0.92491,29,0.05283,2,24,0.15624,29,0.84375,2,29,0.14911,31,0.85088,2,31,0.3741,33,0.62589,2,33,0.82581,35,0.17418,2,35,0.70235,38,0.29764,2,38,0.42693,39,0.57305,3,38,0.00001,42,0.90195,43,0.09803,2,43,0.99945,45,0.00053,2,43,0.0862,45,0.91379,1,45,1,2,43,0.00002,45,0.99997,1,45,1,4,4,0.04315,13,0.38725,24,0.56311,29,0.00647,3,4,0.31048,13,0.63947,24,0.05004,3,4,0.62304,13,0.3444,24,0.03255,3,4,0.98325,13,0.01355,24,0.00319,2,4,0.96989,13,0.0301,3,4,0.49062,13,0.50918,24,0.00019,2,13,0.5759,24,0.42409,2,24,0.92417,29,0.07582,2,29,0.5,31,0.5],"slotPose":[1,0,0,1,0,0],"bonePose":[45,0.290535,-0.956864,0.956864,0.290535,71.665279,-254.21481,43,0.71934,-0.694658,0.694658,0.71934,47.261535,-230.843012,42,0.963537,-0.267575,0.267575,0.963537,35.776173,-227.653521,35,0.949316,-0.314324,0.314324,0.949316,-48.770087,-209.428426,38,0.984899,-0.173133,0.173133,0.984899,-19.819098,-219.024796,39,0.990842,-0.135024,0.135024,0.990842,9.131072,-224.032637,31,0.57985,-0.814723,0.814723,0.57985,-91.544357,-169.080981,33,0.840567,-0.541708,0.541708,0.840567,-74.977085,-192.479684,29,0.192008,-0.981393,0.981393,0.192008,-97.550156,-137.863286,4,-0.989221,-0.146428,0.146428,-0.989221,-3.020234,-82.742393,13,-0.913261,-0.407374,0.407374,-0.913261,-43.410139,-88.721062,24,-0.468547,-0.883439,0.883439,-0.468547,-80.580325,-105.71749],"edges":[21,20,20,19,19,18,18,17,17,16,16,15,15,14,14,13,13,12,12,11,11,10,10,9,9,8,8,7,7,6,6,5,5,4,4,3,3,2,2,1,1,0,0,33,33,32,32,31,31,30,30,29,29,28,28,27,27,26,26,25,25,24,24,23,23,22,22,21],"userEdges":[]}]},{"name":"wingL","display":[{"type":"mesh","name":"wingL","width":98,"height":59,"vertices":[-26.16,-51.8,-45.58,-22.92,-60.44,-0.87,-75.95,-0.87,-122.54,-3.89,-82.26,-34.64,-124.13,-39.64,-124.13,-45.15,-113.32,-51.33,-79.57,-53.61,-52.44,-55.48,-34.05,-59.83,-26.16,-59.84],"uvs":[1,0.1363,0.8017,0.62594,0.65021,0.99998,0.49196,0.99999,0.01643,0.94931,0.42732,0.42745,0,0.34268,0,0.2491,0.11031,0.14429,0.45472,0.1057,0.73149,0.07408,0.91929,0,1,0],"triangles":[11,10,0,10,1,0,12,11,0,10,5,1,5,2,1,5,3,2,9,5,10,5,4,3,8,5,9,8,6,5,7,6,8],"weights":[1,8,1,3,8,0.62575,15,0.00066,12,0.37358,1,12,1,1,12,1,1,12,1,3,25,0.3658,15,0.26719,12,0.367,1,25,1,1,25,1,1,25,1,2,25,0.2311,15,0.76889,1,15,1,2,8,0.95785,15,0.04214,1,8,1],"slotPose":[1,0,0,1,0,0],"bonePose":[8,-0.626332,0.779557,-0.779557,-0.626332,-32.397407,-55.668527,15,-0.99956,0.029666,-0.029666,-0.99956,-48.000529,-48.334526,12,-0.860386,0.509642,-0.509642,-0.860386,-53.979669,-28.598853,25,-0.996225,0.086808,-0.086808,-0.996225,-81.508149,-47.420079],"edges":[6,5,5,4,4,3,3,2,2,1,1,0,0,12,12,11,11,10,10,9,9,8,8,7,7,6],"userEdges":[]}]},{"name":"backL","display":[{"type":"mesh","name":"backL","width":121,"height":111,"vertices":[12.88,-64.44,12.9,-51.55,-13.58,-44.87,-26.92,-44.86,-49.92,-47.61,-75.87,-54.96,-94.75,-70.58,-104.74,-89.96,-108.13,-113.71,-107.22,-133.96,-102.61,-155.84,-95.88,-155.84,-94.3,-129.05,-85.17,-97.77,-47.43,-73.31],"uvs":[0.99998,0.82372,0.99999,0.93992,0.78102,0.99998,0.67077,1,0.48072,0.97514,0.26633,0.90875,0.11041,0.76802,0.02793,0.59343,0.00001,0.37943,0.0076,0.19711,0.04562,0,0.10124,0,0.11441,0.24135,0.1897,0.52303,0.50146,0.74345],"triangles":[2,1,0,14,2,0,14,3,2,14,4,3,5,4,14,13,5,14,13,6,5,12,8,13,11,9,12,7,6,13,8,7,13,10,9,11,9,8,12],"weights":[1,2,1,1,2,1,1,2,1,1,2,1,2,2,0.76036,7,0.23963,2,2,0.01184,7,0.98815,2,7,0.98225,14,0.01774,2,7,0.32185,14,0.67813,1,14,1,2,14,0.69,29,0.31,1,29,1,1,29,1,2,14,0.52999,29,0.47,2,7,0.52594,14,0.47405,2,2,0.51831,7,0.48168],"slotPose":[1,0,0,1,0,0],"bonePose":[2,-0.982903,-0.184123,0.184123,-0.982903,-8.99,-57.5,7,-0.812491,-0.582974,0.582974,-0.812491,-50.755399,-65.313553,14,-0.255952,-0.96669,0.96669,-0.255952,-90.681561,-93.788856,29,0.192008,-0.981393,0.981393,0.192008,-97.550156,-137.863286],"edges":[8,7,7,6,6,5,5,4,4,3,3,2,2,1,1,0,0,14,14,13,13,12,12,11,11,10,10,9,9,8],"userEdges":[]}]},{"name":"headR","display":[{"name":"headR","transform":{"x":10.39,"y":0.95,"skX":-97.69,"skY":-97.69}}]},{"name":"mouthR","display":[{"name":"mouthR","transform":{"x":9.8,"y":0.26,"skX":-103.78,"skY":-103.78}}]},{"name":"bodyR","display":[{"type":"mesh","name":"bodyR","width":264,"height":147,"vertices":[122.84,-195.31,130.83,-152.74,118.15,-137.89,98.37,-123.82,87.11,-123.82,58.26,-155.85,63,-177.73,56.12,-203.96,41.96,-225.14,16.04,-229.47,-5.56,-228.58,-24.29,-231.78,-39.93,-243.79,-52.32,-254.83,-61.45,-257.64,-80.42,-255.09,-91.78,-250.76,-106.11,-243.46,-106.26,-230.54,-113.78,-222.12,-123.96,-210.71,-123.23,-198.21,-124.08,-192.18,-133.19,-197.13,-133.16,-217.9,-128.1,-230.88,-123.62,-242.39,-111.6,-250.41,-94.68,-261.72,-68.79,-270.84,-50.84,-269.78,-31.91,-257.15,-18.16,-244.52,-3.14,-241.73,11.45,-244.47,25.37,-247.25,52.93,-246.88,83.41,-231.57,102.7,-221.87],"uvs":[0.96969,0.51359,0.99998,0.80324,0.95198,0.90423,0.87707,1,0.8344,1,0.72509,0.78219,0.74301,0.63327,0.71692,0.45479,0.66324,0.31069,0.56511,0.28122,0.48327,0.28736,0.41232,0.2656,0.35301,0.184,0.30607,0.10884,0.27149,0.08984,0.19964,0.10718,0.1566,0.13677,0.10234,0.18656,0.10185,0.27437,0.07344,0.33172,0.03492,0.40944,0.0378,0.49445,0.03461,0.53544,0.00001,0.50188,0,0.3606,0.01909,0.27225,0.03602,0.19394,0.08148,0.13926,0.14555,0.0622,0.24363,0,0.31163,0.00718,0.3834,0.09301,0.43553,0.17886,0.49243,0.19781,0.54773,0.17916,0.60044,0.16019,0.70483,0.16275,0.82028,0.26693,0.89336,0.33287],"triangles":[0,6,1,6,2,1,5,4,2,6,5,2,38,6,0,4,3,2,37,7,38,7,6,38,8,7,37,36,8,37,35,8,36,35,9,8,34,9,35,34,33,9,33,10,9,32,10,33,32,11,10,12,11,32,31,12,32,13,12,31,30,13,31,14,13,30,29,14,30,29,15,14,28,15,29,28,16,15,28,27,16,27,17,16,27,26,17,25,19,18,26,25,18,17,26,18,24,20,19,25,24,19,21,23,22,23,21,20,24,23,20],"weights":[2,1,0.47,3,0.52999,3,1,0.4524,3,0.13,10,0.4176,2,1,0.24,10,0.76,1,10,1,1,10,1,3,1,0.2088,3,0.13,10,0.6612,3,1,0.51968,5,0.0403,3,0.44,3,1,0.28187,5,0.70194,11,0.01617,3,5,0.21583,11,0.73496,22,0.0492,2,22,0.58236,30,0.41763,2,30,0.47558,32,0.52441,2,32,0.49995,34,0.50004,3,34,0.39953,36,0.59797,37,0.00248,4,36,0.23916,37,0.68967,40,0.06531,41,0.00583,5,36,0.02739,37,0.18494,40,0.71055,41,0.07699,47,0.00011,4,40,0.00079,41,0.46494,44,0.52438,47,0.00987,4,40,0.00245,44,0.29238,46,0.70145,47,0.0037,3,41,0.00005,47,0.53542,48,0.46452,3,47,0.00961,48,0.85913,49,0.13123,3,48,0.40495,49,0.58154,50,0.0135,3,48,0.0035,49,0.29787,50,0.69861,1,50,1,2,49,0.00056,50,0.99942,1,50,0.99999,3,47,0.00004,49,0.67834,50,0.32161,2,48,0.43259,49,0.56739,4,46,0.00181,47,0.01121,48,0.96866,49,0.0183,2,47,0.59936,48,0.40063,2,44,0.27458,46,0.7254,3,40,0.82478,41,0.17462,44,0.00058,2,37,0.89997,40,0.10001,2,34,0.19732,36,0.80267,2,32,0.48463,34,0.51535,2,30,0.59738,32,0.40261,2,22,0.38445,30,0.61554,3,11,0.12551,22,0.86469,30,0.00978,2,5,0.20355,11,0.79644,2,1,0.17432,5,0.82567,2,1,0.80164,5,0.19835],"slotPose":[1,0,0,1,0,0],"bonePose":[1,-0.526066,-0.850444,0.850444,-0.526066,93.81,-189.69,37,-0.894545,-0.446979,0.446979,-0.894545,-45.247791,-260.373778,44,-0.944204,0.329361,-0.329361,-0.944204,-82.42485,-262.212477,3,0.184981,0.982742,-0.982742,0.184981,93.81,-189.69,10,-0.128796,0.991671,-0.991671,-0.128796,99.312943,-160.778997,5,-0.79958,-0.60056,0.60056,-0.79958,80.039706,-212.179338,11,-0.934204,-0.356738,0.356738,-0.934204,53.873508,-231.907657,22,-0.994393,0.105743,-0.105743,-0.994393,32.296952,-240.157646,30,-0.994207,0.107479,-0.107479,-0.994207,12.104603,-237.407017,32,-0.990413,-0.138136,0.138136,-0.990413,-4.876459,-235.571279,34,-0.677004,-0.735979,0.735979,-0.677004,-21.396552,-237.875388,36,-0.750457,-0.660919,0.660919,-0.750457,-33.780804,-250.274936,40,-0.999996,0.002967,-0.002967,-0.999996,-56.259635,-265.876085,41,-0.94849,0.316808,-0.316808,-0.94849,-71.409717,-265.881134,47,-0.850811,0.525472,-0.525472,-0.850811,-99.861356,-252.592114,46,-0.788977,0.614423,-0.614423,-0.788977,-91.602513,-259.011087,48,-0.60293,0.797794,-0.797794,-0.60293,-109.509554,-246.633265,49,-0.414693,0.909961,-0.909961,-0.414693,-122.383865,-229.664361,50,0.127238,0.991872,-0.991872,0.127238,-129.28436,-214.522605],"edges":[24,23,23,22,22,21,21,20,20,19,19,18,18,17,17,16,16,15,15,14,14,13,13,12,12,11,11,10,10,9,9,8,8,7,7,6,6,5,5,4,4,3,3,2,2,1,1,0,0,38,38,37,37,36,36,35,35,34,34,33,33,32,32,31,31,30,30,29,29,28,28,27,27,26,26,25,25,24],"userEdges":[]}]},{"name":"wingR1","display":[{"type":"mesh","name":"wingR1","width":64,"height":45,"vertices":[80.87,-143.77,79.3,-139.82,58.52,-135.86,39.99,-135.84,16.88,-144.31,21.85,-169.41,27.16,-171.39,45.15,-168.58,64.8,-160.94,52.57,-180.85,57.38,-180.85,73.3,-163.89],"uvs":[0.99999,0.82466,0.97538,0.9126,0.6505,0.99998,0.361,1,0.00001,0.81113,0.07813,0.25321,0.1612,0.20939,0.44217,0.27239,0.74908,0.44261,0.55816,0,0.63352,0,0.88198,0.37716],"triangles":[11,8,0,2,1,0,8,2,0,10,8,11,7,3,2,7,2,8,5,4,6,6,4,3,6,3,7,10,9,8],"weights":[2,19,0.50422,18,0.49577,2,19,0.23872,18,0.76127,2,18,0.85562,21,0.14437,2,18,0.16143,21,0.83856,1,21,1,1,21,1,1,21,1,2,23,0.01943,21,0.98056,4,19,0.01054,23,0.82492,18,0.10324,21,0.06128,1,23,1,1,23,1,2,19,0.09137,23,0.90862],"slotPose":[1,0,0,1,0,0],"bonePose":[19,-0.435702,-0.900091,0.900091,-0.435702,77.29563,-144.708886,18,-0.956763,-0.290869,0.290869,-0.956763,77.747457,-144.254626,21,-0.97656,-0.215247,0.215247,-0.97656,54.80015,-151.147311,23,-0.529623,-0.848233,0.848233,-0.529623,70.87395,-158.020942],"edges":[4,3,3,2,2,1,1,0,0,11,11,10,10,9,9,8,8,7,7,6,6,5,5,4],"userEdges":[]}]}]}],"animation":[{"duration":100,"name":"animation","bone":[{"name":"bodyR","translateFrame":[{"duration":50,"tweenEasing":0},{"duration":50,"tweenEasing":0,"x":17.18,"y":24.45},{"duration":0}],"rotateFrame":[{"duration":50,"tweenEasing":0},{"duration":50,"tweenEasing":0,"rotate":6.51},{"duration":0}]},{"name":"bone","rotateFrame":[{"duration":50,"tweenEasing":0},{"duration":50,"tweenEasing":0,"rotate":-2.97},{"duration":0}],"scaleFrame":[{"duration":50,"tweenEasing":0},{"duration":50,"tweenEasing":0,"x":0.93},{"duration":0}]},{"name":"bone2","rotateFrame":[{"duration":50,"tweenEasing":0},{"duration":50,"tweenEasing":0,"rotate":11.64},{"duration":0}]},{"name":"bone3","rotateFrame":[{"duration":50,"tweenEasing":0},{"duration":50,"tweenEasing":0,"rotate":5.3},{"duration":0}]},{"name":"bone4","rotateFrame":[{"duration":20,"tweenEasing":0},{"duration":80,"tweenEasing":0,"rotate":9.53},{"duration":0}]},{"name":"bone5","rotateFrame":[{"duration":20,"tweenEasing":0},{"duration":50,"tweenEasing":0,"rotate":-10.69},{"duration":30,"tweenEasing":0,"rotate":-16.24},{"duration":0}]},{"name":"bone6","translateFrame":[{"duration":20,"tweenEasing":0},{"duration":30,"tweenEasing":0},{"duration":20,"tweenEasing":0,"x":-7.13,"y":3.25},{"duration":30,"tweenEasing":0,"x":-7.13,"y":3.25},{"duration":0}],"rotateFrame":[{"duration":20,"tweenEasing":0,"rotate":-3.48},{"duration":30,"tweenEasing":0,"rotate":-14.43},{"duration":20,"tweenEasing":0,"rotate":-14.43},{"duration":30,"tweenEasing":0,"rotate":-0.38},{"duration":0,"rotate":-3.48}]},{"name":"bone7","translateFrame":[{"duration":50,"tweenEasing":0},{"duration":20,"tweenEasing":0,"x":-6,"y":-2.85},{"duration":30,"tweenEasing":0,"x":-6,"y":-2.85},{"duration":0}],"rotateFrame":[{"duration":50,"tweenEasing":0,"rotate":-1.6},{"duration":20,"tweenEasing":0,"rotate":-1.6},{"duration":30,"tweenEasing":0,"rotate":9.38},{"duration":0,"rotate":-1.6}]},{"name":"bone8","translateFrame":[{"duration":20,"tweenEasing":0},{"duration":30,"tweenEasing":0},{"duration":20,"tweenEasing":0,"x":-6.22,"y":-1.76},{"duration":30,"tweenEasing":0,"x":-6.22,"y":-1.76},{"duration":0}],"rotateFrame":[{"duration":20,"tweenEasing":0,"rotate":47.1},{"duration":30,"tweenEasing":0,"rotate":31.9},{"duration":20,"tweenEasing":0,"rotate":51.76},{"duration":30,"tweenEasing":0,"rotate":46.87},{"duration":0,"rotate":47.1}]},{"name":"bone9","translateFrame":[{"duration":20,"tweenEasing":0},{"duration":30,"tweenEasing":0},{"duration":20,"tweenEasing":0,"x":-4.95,"y":-1.76},{"duration":30,"tweenEasing":0,"x":-4.95,"y":-1.76},{"duration":0}],"rotateFrame":[{"duration":20,"tweenEasing":0,"rotate":23.68},{"duration":30,"tweenEasing":0,"rotate":21.81},{"duration":20,"tweenEasing":0,"rotate":21.81},{"duration":30,"tweenEasing":0,"rotate":31.2},{"duration":0,"rotate":23.68}]},{"name":"bone10","translateFrame":[{"duration":20,"tweenEasing":0},{"duration":30,"tweenEasing":0},{"duration":20,"tweenEasing":0,"x":-2.5,"y":0.66},{"duration":30,"tweenEasing":0,"x":-2.5,"y":0.66},{"duration":0}],"rotateFrame":[{"duration":20,"tweenEasing":0,"rotate":35.71},{"duration":30,"tweenEasing":0,"rotate":16.56},{"duration":20,"tweenEasing":0,"rotate":16.56},{"duration":30,"tweenEasing":0,"rotate":37.1},{"duration":0,"rotate":35.71}]},{"name":"bone11","translateFrame":[{"duration":20,"tweenEasing":0},{"duration":30,"tweenEasing":0},{"duration":20,"tweenEasing":0,"x":-3.87,"y":0.98},{"duration":30,"tweenEasing":0,"x":-3.87,"y":0.98},{"duration":0}],"rotateFrame":[{"duration":20,"tweenEasing":0,"rotate":12.1},{"duration":30,"tweenEasing":0,"rotate":-5.06},{"duration":20,"tweenEasing":0,"rotate":-5.06},{"duration":30,"tweenEasing":0,"rotate":22.26},{"duration":0,"rotate":12.1}]},{"name":"bone12","rotateFrame":[{"duration":30,"tweenEasing":0,"rotate":5.77},{"duration":50,"tweenEasing":0,"rotate":-0.22},{"duration":20,"tweenEasing":0,"rotate":20.6},{"duration":0,"rotate":5.77}]},{"name":"bone13","rotateFrame":[{"duration":30,"tweenEasing":0,"rotate":3.38},{"duration":50,"tweenEasing":0,"rotate":-11.14},{"duration":20,"tweenEasing":0,"rotate":26.72},{"duration":0,"rotate":3.38}]},{"name":"bone14","rotateFrame":[{"duration":30,"tweenEasing":0,"rotate":6.05},{"duration":50,"tweenEasing":0,"rotate":0.88},{"duration":20,"tweenEasing":0,"rotate":30.53},{"duration":0,"rotate":6.05}]},{"name":"bone15","rotateFrame":[{"duration":30,"tweenEasing":0,"rotate":5.25},{"duration":50,"tweenEasing":0,"rotate":-9.61},{"duration":20,"tweenEasing":0,"rotate":11.56},{"duration":0,"rotate":5.25}]},{"name":"bone16","rotateFrame":[{"duration":100,"rotate":8.73}]},{"name":"bodyR2","translateFrame":[{"duration":50,"tweenEasing":0},{"duration":50,"tweenEasing":0,"x":16.23,"y":3.21},{"duration":0}]},{"name":"wingR1","translateFrame":[{"duration":25,"tweenEasing":0},{"duration":25,"tweenEasing":0,"x":-4.25,"y":-3.36},{"duration":25,"tweenEasing":0},{"duration":25,"tweenEasing":0,"x":-4.25,"y":-3.36},{"duration":0}],"rotateFrame":[{"duration":25,"tweenEasing":0},{"duration":25,"tweenEasing":0,"rotate":27.89},{"duration":25,"tweenEasing":0},{"duration":25,"tweenEasing":0,"rotate":27.89},{"duration":0}]},{"name":"bone18","rotateFrame":[{"duration":25,"tweenEasing":0},{"duration":25,"tweenEasing":0,"rotate":-7.86},{"duration":25,"tweenEasing":0},{"duration":25,"tweenEasing":0,"rotate":-7.86},{"duration":0}]},{"name":"wingR2","translateFrame":[{"duration":25,"tweenEasing":0},{"duration":25,"tweenEasing":0,"x":-4.25,"y":-3.36},{"duration":25,"tweenEasing":0},{"duration":25,"tweenEasing":0,"x":-4.25,"y":-3.36},{"duration":0}],"rotateFrame":[{"duration":25,"tweenEasing":0},{"duration":25,"tweenEasing":0,"rotate":27.88},{"duration":25,"tweenEasing":0},{"duration":25,"tweenEasing":0,"rotate":27.88},{"duration":0}]},{"name":"bone19","translateFrame":[{"duration":25,"tweenEasing":0},{"duration":25,"tweenEasing":0,"x":-1.67,"y":1.56},{"duration":25,"tweenEasing":0},{"duration":25,"tweenEasing":0,"x":-1.67,"y":1.56},{"duration":0}]},{"name":"wingR3","translateFrame":[{"duration":25,"tweenEasing":0},{"duration":25,"tweenEasing":0,"x":-4.25,"y":-3.36},{"duration":25,"tweenEasing":0},{"duration":25,"tweenEasing":0,"x":-4.25,"y":-3.36},{"duration":0}],"rotateFrame":[{"duration":25,"tweenEasing":0},{"duration":25,"tweenEasing":0,"rotate":-24.76},{"duration":25,"tweenEasing":0},{"duration":25,"tweenEasing":0,"rotate":-24.76},{"duration":0}]},{"name":"wingR4","translateFrame":[{"duration":25,"tweenEasing":0},{"duration":25,"tweenEasing":0,"x":-4.25,"y":-3.36},{"duration":25,"tweenEasing":0},{"duration":25,"tweenEasing":0,"x":-4.25,"y":-3.36},{"duration":0}],"rotateFrame":[{"duration":25,"tweenEasing":0},{"duration":25,"tweenEasing":0,"rotate":-24.76},{"duration":25,"tweenEasing":0},{"duration":25,"tweenEasing":0,"rotate":-24.76},{"duration":0}]},{"name":"bone21","translateFrame":[{"duration":25,"tweenEasing":0},{"duration":25,"tweenEasing":0,"x":1.34,"y":-3.84},{"duration":25,"tweenEasing":0},{"duration":25,"tweenEasing":0,"x":1.34,"y":-3.84},{"duration":0}],"rotateFrame":[{"duration":25,"tweenEasing":0},{"duration":25,"tweenEasing":0,"rotate":-10.1},{"duration":25,"tweenEasing":0},{"duration":25,"tweenEasing":0,"rotate":-10.1},{"duration":0}]},{"name":"headR","rotateFrame":[{"duration":50,"tweenEasing":0},{"duration":50,"tweenEasing":0,"rotate":5.5},{"duration":0}]},{"name":"mouthR","translateFrame":[{"duration":50,"tweenEasing":0},{"duration":50,"tweenEasing":0,"x":-8.05,"y":-0.25},{"duration":0}]},{"name":"backL","translateFrame":[{"duration":50,"tweenEasing":0},{"duration":50,"tweenEasing":0,"x":-11.58,"y":-23.81},{"duration":0}],"rotateFrame":[{"duration":50,"tweenEasing":0},{"duration":50,"tweenEasing":0,"rotate":-5.1},{"duration":0}]},{"name":"bone22","rotateFrame":[{"duration":50,"tweenEasing":0},{"duration":50,"tweenEasing":0,"rotate":4.19},{"duration":0}]},{"name":"bodyL","rotateFrame":[{"duration":50,"tweenEasing":0},{"duration":50,"tweenEasing":0,"rotate":-5.74},{"duration":0}]},{"name":"bone25","rotateFrame":[{"duration":50,"tweenEasing":0},{"duration":50,"tweenEasing":0,"rotate":7.91},{"duration":0}]},{"name":"bone26","rotateFrame":[{"duration":50,"tweenEasing":0},{"duration":50,"tweenEasing":0,"rotate":2.17},{"duration":0}]},{"name":"bone27","rotateFrame":[{"duration":20,"tweenEasing":0,"rotate":-7.61},{"duration":30,"tweenEasing":0,"rotate":-11.63},{"duration":25,"tweenEasing":0,"rotate":4.97},{"duration":25,"tweenEasing":0,"rotate":-4.09},{"duration":0,"rotate":-7.61}]},{"name":"bone28","translateFrame":[{"duration":20,"tweenEasing":0},{"duration":30,"tweenEasing":0},{"duration":50,"tweenEasing":0,"x":-8.77,"y":0.72},{"duration":0}],"rotateFrame":[{"duration":20,"tweenEasing":0,"rotate":-14.45},{"duration":30,"tweenEasing":0,"rotate":1.75},{"duration":50,"tweenEasing":0,"rotate":-8.53},{"duration":0,"rotate":-14.45}]},{"name":"bone29","translateFrame":[{"duration":20,"tweenEasing":0},{"duration":30,"tweenEasing":0},{"duration":25,"tweenEasing":0,"x":-1.81,"y":1.13},{"duration":25,"tweenEasing":0,"x":-1.81,"y":1.13},{"duration":0}],"rotateFrame":[{"duration":20,"tweenEasing":0,"rotate":10.25},{"duration":30,"tweenEasing":0,"rotate":4.62},{"duration":25,"tweenEasing":0,"rotate":-2.52},{"duration":25,"tweenEasing":0,"rotate":11.31},{"duration":0,"rotate":10.25}]},{"name":"bone30","translateFrame":[{"duration":20,"tweenEasing":0},{"duration":30,"tweenEasing":0,"x":1.37,"y":1.38},{"duration":20,"tweenEasing":0,"x":-1.03,"y":7.45},{"duration":30,"tweenEasing":0,"x":-1.03,"y":7.45},{"duration":0}],"rotateFrame":[{"duration":20,"tweenEasing":0,"rotate":2.76},{"duration":30,"tweenEasing":0,"rotate":-18.64},{"duration":20,"tweenEasing":0,"rotate":-0.54},{"duration":30,"tweenEasing":0,"rotate":7.32},{"duration":0,"rotate":2.76}]},{"name":"bone31","translateFrame":[{"duration":30,"tweenEasing":0},{"duration":50,"tweenEasing":0,"x":-11.63,"y":-7.74},{"duration":20,"tweenEasing":0,"x":-11.63,"y":-7.74},{"duration":0}],"rotateFrame":[{"duration":30,"tweenEasing":0,"rotate":3.41},{"duration":20,"tweenEasing":0,"rotate":-10.32},{"duration":30,"tweenEasing":0,"rotate":-15.11},{"duration":20,"tweenEasing":0,"rotate":7.12},{"duration":0,"rotate":3.41}]},{"name":"bone32","rotateFrame":[{"duration":30,"tweenEasing":0,"rotate":6.5},{"duration":20,"tweenEasing":0,"rotate":-25.13},{"duration":30,"tweenEasing":0,"rotate":-18.46},{"duration":20,"tweenEasing":0,"rotate":13.11},{"duration":0,"rotate":6.5}]},{"name":"bone33","rotateFrame":[{"duration":30,"tweenEasing":0,"rotate":44.13},{"duration":20,"tweenEasing":0,"rotate":17.07},{"duration":30,"tweenEasing":0,"rotate":18.53},{"duration":20,"rotate":44.13}]},{"name":"bone34","rotateFrame":[{"duration":30,"tweenEasing":0,"rotate":35.44},{"duration":20,"tweenEasing":0,"rotate":-3.46},{"duration":30,"tweenEasing":0,"rotate":-6.43},{"duration":20,"tweenEasing":0,"rotate":46.3},{"duration":0,"rotate":35.44}]},{"name":"wingL","translateFrame":[{"duration":25,"tweenEasing":0},{"duration":25,"tweenEasing":0,"x":2.49,"y":4.34},{"duration":25,"tweenEasing":0},{"duration":25,"tweenEasing":0,"x":2.49,"y":4.34},{"duration":0}],"rotateFrame":[{"duration":25,"tweenEasing":0},{"duration":25,"tweenEasing":0,"rotate":16.75},{"duration":25,"tweenEasing":0},{"duration":25,"tweenEasing":0,"rotate":16.75},{"duration":0}]},{"name":"bone35","translateFrame":[{"duration":25,"tweenEasing":0},{"duration":25,"tweenEasing":0,"x":2.68,"y":2.35},{"duration":25,"tweenEasing":0},{"duration":25,"tweenEasing":0,"x":2.68,"y":2.35},{"duration":0}],"rotateFrame":[{"duration":25,"tweenEasing":0},{"duration":25,"tweenEasing":0,"rotate":3.11},{"duration":25,"tweenEasing":0},{"duration":25,"tweenEasing":0,"rotate":3.11},{"duration":0}]},{"name":"wingL2","translateFrame":[{"duration":25,"tweenEasing":0},{"duration":25,"tweenEasing":0,"x":2.35,"y":-2.68},{"duration":25,"tweenEasing":0},{"duration":25,"tweenEasing":0,"x":2.35,"y":-2.68},{"duration":0}],"rotateFrame":[{"duration":25,"tweenEasing":0},{"duration":25,"tweenEasing":0,"rotate":-5.67},{"duration":25,"tweenEasing":0},{"duration":25,"tweenEasing":0,"rotate":-5.67},{"duration":0}]},{"name":"bone36","translateFrame":[{"duration":25,"tweenEasing":0},{"duration":25,"tweenEasing":0,"x":-4.06,"y":2.56},{"duration":25,"tweenEasing":0},{"duration":25,"tweenEasing":0,"x":-4.06,"y":2.56},{"duration":0}]},{"name":"headL","rotateFrame":[{"duration":50,"tweenEasing":0},{"duration":50,"tweenEasing":0,"rotate":9.91},{"duration":0}]},{"name":"mouthL","translateFrame":[{"duration":50,"tweenEasing":0},{"duration":50,"tweenEasing":0,"x":4.14,"y":5.82},{"duration":0}],"rotateFrame":[{"duration":50,"tweenEasing":0},{"duration":50,"tweenEasing":0,"rotate":34.44},{"duration":0}]}]}],"defaultActions":[{"gotoAndPlay":"animation"}]}]}