{"frameRate":60,"isGlobal":0,"armature":[{"defaultActions":[{"gotoAndPlay":"000_guanghuan1"}],"animation":[{"frame":[],"duration":60,"slot":[{"frame":[{"tweenEasing":null,"displayIndex":-1,"duration":60}],"name":"000_guanghuan1_1"},{"frame":[{"tweenEasing":0,"duration":10,"color":{"aM":39}},{"tweenEasing":0,"displayIndex":1,"duration":10,"color":{"aM":39}},{"tweenEasing":0,"displayIndex":2,"duration":10,"color":{"aM":39}},{"tweenEasing":0,"displayIndex":3,"duration":10,"color":{"aM":39}},{"tweenEasing":0,"displayIndex":4,"duration":10,"color":{"aM":39}},{"tweenEasing":0,"displayIndex":5,"duration":10,"color":{"aM":39}},{"tweenEasing":null,"displayIndex":6,"duration":0,"color":{"aM":39}}],"name":"000_guanghuan1"},{"frame":[{"tweenEasing":null,"displayIndex":-1,"duration":60}],"name":"001_guanghuan2"},{"frame":[{"tweenEasing":null,"displayIndex":-1,"duration":60}],"name":"001_guanghuan2_1"},{"frame":[{"tweenEasing":null,"displayIndex":-1,"duration":60}],"name":"002_guanghuan3"},{"frame":[{"tweenEasing":null,"displayIndex":-1,"duration":60}],"name":"002_guanghuan3_1"},{"frame":[{"tweenEasing":null,"displayIndex":-1,"duration":60}],"name":"003_guanghuan4"},{"frame":[{"tweenEasing":null,"displayIndex":-1,"duration":60}],"name":"003_guanghuan4_1"},{"frame":[{"tweenEasing":null,"displayIndex":-1,"duration":60}],"name":"003_guanghuan4_2"},{"frame":[{"tweenEasing":null,"displayIndex":-1,"duration":60}],"name":"004_guanghuan5"},{"frame":[{"tweenEasing":null,"displayIndex":-1,"duration":60}],"name":"004_guanghuan5_1"},{"frame":[{"tweenEasing":null,"displayIndex":-1,"duration":60}],"name":"004_guanghuan5_2"},{"frame":[{"tweenEasing":null,"displayIndex":-1,"duration":60}],"name":"005_guanghuan6"},{"frame":[{"tweenEasing":null,"displayIndex":-1,"duration":60}],"name":"005_guanghuan6_1"},{"frame":[{"tweenEasing":null,"displayIndex":-1,"duration":60}],"name":"005_guanghuan6_3"},{"frame":[{"tweenEasing":null,"displayIndex":-1,"duration":60}],"name":"005_guanghuan6_4"},{"frame":[{"tweenEasing":null,"displayIndex":-1,"duration":60}],"name":"005_kulou01"},{"frame":[{"tweenEasing":null,"displayIndex":-1,"duration":60}],"name":"005_kulou02"},{"frame":[{"tweenEasing":null,"displayIndex":-1,"duration":60}],"name":"005_kulou03"}],"ffd":[],"bone":[{"frame":[{"duration":60,"transform":{"skX":-11.4253,"skY":-11.4253}}],"name":"000_guanghuan1_1"},{"frame":[{"tweenEasing":0,"duration":10,"transform":{"y":-0.13615,"x":142.3923}},{"tweenEasing":0,"duration":10,"transform":{"y":-0.13615,"x":142.3923}},{"tweenEasing":0,"duration":10,"transform":{"y":-0.13615,"x":142.3923}},{"tweenEasing":0,"duration":10,"transform":{"y":-0.13615,"x":142.3923}},{"tweenEasing":0,"duration":10,"transform":{"y":-0.13615,"x":142.3923}},{"tweenEasing":0,"duration":10,"transform":{"y":-0.13615,"x":142.3923}},{"duration":0,"transform":{"y":-0.13615,"x":142.3923}}],"name":"000_guanghuan1"},{"frame":[{"duration":60,"transform":{}}],"name":"root"},{"frame":[{"duration":60,"transform":{}}],"name":"003_guanghuan4"},{"frame":[{"duration":60,"transform":{}}],"name":"005_guanghuan6"},{"frame":[{"duration":60,"transform":{}}],"name":"002_guanghuan3"},{"frame":[{"duration":60,"transform":{}}],"name":"001_guanghuan2"},{"frame":[{"duration":60,"transform":{}}],"name":"004_guanghuan5"},{"frame":[{"duration":60,"transform":{}}],"name":"002_guanghuan3_1"},{"frame":[{"duration":60,"transform":{}}],"name":"001_guanghuan2_1"},{"frame":[{"duration":60,"transform":{}}],"name":"003_guanghuan4_2"},{"frame":[{"duration":60,"transform":{}}],"name":"003_guanghuan4_1"},{"frame":[{"duration":60,"transform":{}}],"name":"004_guanghuan5_1"},{"frame":[{"duration":60,"transform":{}}],"name":"005_guanghuan6_1"},{"frame":[{"duration":60,"transform":{}}],"name":"005_guanghuan6_3"},{"frame":[{"duration":60,"transform":{}}],"name":"005_guanghuan6_4"},{"frame":[{"duration":60,"transform":{}}],"name":"005_kulou01"},{"frame":[{"duration":60,"transform":{}}],"name":"005_kulou02"},{"frame":[{"duration":60,"transform":{}}],"name":"005_kulou03"},{"frame":[{"duration":60,"transform":{}}],"name":"004_guanghuan5_2"}],"name":"000_guanghuan1","ik":[],"playTimes":0},{"frame":[],"duration":60,"slot":[{"frame":[{"tweenEasing":0,"duration":10,"color":{"aM":0}},{"tweenEasing":0,"displayIndex":1,"duration":10,"color":{"aM":39}},{"tweenEasing":0,"displayIndex":2,"duration":10,"color":{"aM":56}},{"tweenEasing":0,"displayIndex":3,"duration":10,"color":{"aM":56}},{"tweenEasing":0,"displayIndex":4,"duration":10,"color":{"aM":56}},{"tweenEasing":0,"displayIndex":5,"duration":10,"color":{"aM":39}},{"tweenEasing":null,"displayIndex":6,"duration":0,"color":{"aM":0}}],"name":"000_guanghuan1"},{"frame":[{"tweenEasing":null,"displayIndex":-1,"duration":60}],"name":"001_guanghuan2"},{"frame":[{"tweenEasing":null,"displayIndex":-1,"duration":60}],"name":"001_guanghuan2_1"},{"frame":[{"tweenEasing":null,"displayIndex":-1,"duration":60}],"name":"002_guanghuan3"},{"frame":[{"tweenEasing":null,"displayIndex":-1,"duration":60}],"name":"002_guanghuan3_1"},{"frame":[{"tweenEasing":null,"displayIndex":-1,"duration":60}],"name":"003_guanghuan4"},{"frame":[{"tweenEasing":null,"displayIndex":-1,"duration":60}],"name":"003_guanghuan4_1"},{"frame":[{"tweenEasing":null,"displayIndex":-1,"duration":60}],"name":"003_guanghuan4_2"},{"frame":[{"tweenEasing":null,"displayIndex":-1,"duration":60}],"name":"004_guanghuan5"},{"frame":[{"tweenEasing":null,"displayIndex":-1,"duration":60}],"name":"004_guanghuan5_1"},{"frame":[{"tweenEasing":null,"displayIndex":-1,"duration":60}],"name":"004_guanghuan5_2"},{"frame":[{"tweenEasing":null,"displayIndex":-1,"duration":60}],"name":"005_guanghuan6"},{"frame":[{"tweenEasing":null,"displayIndex":-1,"duration":60}],"name":"005_guanghuan6_1"},{"frame":[{"tweenEasing":null,"displayIndex":-1,"duration":60}],"name":"005_guanghuan6_3"},{"frame":[{"tweenEasing":null,"displayIndex":-1,"duration":60}],"name":"005_guanghuan6_4"},{"frame":[{"tweenEasing":null,"displayIndex":-1,"duration":60}],"name":"005_kulou01"},{"frame":[{"tweenEasing":null,"displayIndex":-1,"duration":60}],"name":"005_kulou02"},{"frame":[{"tweenEasing":null,"displayIndex":-1,"duration":60}],"name":"005_kulou03"},{"frame":[{"tweenEasing":null,"displayIndex":-1,"duration":60}],"name":"000_guanghuan1_1"}],"ffd":[],"bone":[{"frame":[{"tweenEasing":0,"duration":10,"transform":{"y":-1.16515,"x":142.72605}},{"tweenEasing":0,"duration":10,"transform":{"y":-1.16515,"x":142.72605}},{"tweenEasing":0,"duration":10,"transform":{"y":-1.16515,"x":142.72605}},{"tweenEasing":0,"duration":10,"transform":{"y":-1.16515,"x":142.72605}},{"tweenEasing":0,"duration":10,"transform":{"y":-1.16515,"x":142.72605}},{"tweenEasing":0,"duration":10,"transform":{"y":-1.16515,"x":142.72605}},{"duration":0,"transform":{"y":-1.16515,"x":142.72605}}],"name":"000_guanghuan1"},{"frame":[{"duration":60,"transform":{}}],"name":"root"},{"frame":[{"duration":60,"transform":{}}],"name":"003_guanghuan4"},{"frame":[{"duration":60,"transform":{}}],"name":"005_guanghuan6"},{"frame":[{"duration":60,"transform":{}}],"name":"002_guanghuan3"},{"frame":[{"duration":60,"transform":{}}],"name":"001_guanghuan2"},{"frame":[{"duration":60,"transform":{}}],"name":"004_guanghuan5"},{"frame":[{"duration":60,"transform":{}}],"name":"002_guanghuan3_1"},{"frame":[{"duration":60,"transform":{}}],"name":"001_guanghuan2_1"},{"frame":[{"duration":60,"transform":{}}],"name":"003_guanghuan4_2"},{"frame":[{"duration":60,"transform":{}}],"name":"003_guanghuan4_1"},{"frame":[{"duration":60,"transform":{}}],"name":"004_guanghuan5_1"},{"frame":[{"duration":60,"transform":{}}],"name":"005_guanghuan6_1"},{"frame":[{"duration":60,"transform":{}}],"name":"005_guanghuan6_3"},{"frame":[{"duration":60,"transform":{}}],"name":"005_guanghuan6_4"},{"frame":[{"duration":60,"transform":{}}],"name":"005_kulou01"},{"frame":[{"duration":60,"transform":{}}],"name":"005_kulou02"},{"frame":[{"duration":60,"transform":{}}],"name":"005_kulou03"},{"frame":[{"duration":60,"transform":{}}],"name":"004_guanghuan5_2"},{"frame":[{"duration":60,"transform":{}}],"name":"000_guanghuan1_1"}],"name":"001_guanghuan1_1","ik":[],"playTimes":0},{"frame":[],"duration":0,"slot":[{"frame":[{"tweenEasing":null,"displayIndex":-1,"duration":0}],"name":"001_guanghuan2"},{"frame":[{"tweenEasing":null,"displayIndex":-1,"duration":0}],"name":"001_guanghuan2_1"},{"frame":[{"tweenEasing":null,"displayIndex":-1,"duration":0}],"name":"002_guanghuan3"},{"frame":[{"tweenEasing":null,"displayIndex":-1,"duration":0}],"name":"002_guanghuan3_1"},{"frame":[{"tweenEasing":null,"displayIndex":-1,"duration":0}],"name":"003_guanghuan4"},{"frame":[{"tweenEasing":null,"displayIndex":-1,"duration":0}],"name":"003_guanghuan4_1"},{"frame":[{"tweenEasing":null,"displayIndex":-1,"duration":0}],"name":"003_guanghuan4_2"},{"frame":[{"tweenEasing":null,"displayIndex":-1,"duration":0}],"name":"004_guanghuan5"},{"frame":[{"tweenEasing":null,"displayIndex":-1,"duration":0}],"name":"004_guanghuan5_1"},{"frame":[{"tweenEasing":null,"displayIndex":-1,"duration":0}],"name":"004_guanghuan5_2"},{"frame":[{"tweenEasing":null,"displayIndex":-1,"duration":0}],"name":"005_guanghuan6"},{"frame":[{"tweenEasing":null,"displayIndex":-1,"duration":0}],"name":"005_guanghuan6_1"},{"frame":[{"tweenEasing":null,"displayIndex":-1,"duration":0}],"name":"005_guanghuan6_3"},{"frame":[{"tweenEasing":null,"displayIndex":-1,"duration":0}],"name":"005_guanghuan6_4"},{"frame":[{"tweenEasing":null,"displayIndex":-1,"duration":0}],"name":"005_kulou01"},{"frame":[{"tweenEasing":null,"displayIndex":-1,"duration":0}],"name":"005_kulou02"},{"frame":[{"tweenEasing":null,"displayIndex":-1,"duration":0}],"name":"005_kulou03"},{"frame":[{"tweenEasing":null,"displayIndex":-1,"duration":0}],"name":"000_guanghuan1"},{"frame":[{"tweenEasing":null,"displayIndex":-1,"duration":0}],"name":"000_guanghuan1_1"}],"ffd":[],"bone":[{"frame":[{"duration":0,"transform":{}}],"name":"root"},{"frame":[{"duration":0,"transform":{}}],"name":"003_guanghuan4"},{"frame":[{"duration":0,"transform":{}}],"name":"005_guanghuan6"},{"frame":[{"duration":0,"transform":{}}],"name":"002_guanghuan3"},{"frame":[{"duration":0,"transform":{}}],"name":"000_guanghuan1"},{"frame":[{"duration":0,"transform":{}}],"name":"001_guanghuan2"},{"frame":[{"duration":0,"transform":{}}],"name":"004_guanghuan5"},{"frame":[{"duration":0,"transform":{}}],"name":"002_guanghuan3_1"},{"frame":[{"duration":0,"transform":{}}],"name":"001_guanghuan2_1"},{"frame":[{"duration":0,"transform":{}}],"name":"003_guanghuan4_2"},{"frame":[{"duration":0,"transform":{}}],"name":"003_guanghuan4_1"},{"frame":[{"duration":0,"transform":{}}],"name":"004_guanghuan5_1"},{"frame":[{"duration":0,"transform":{}}],"name":"005_guanghuan6_1"},{"frame":[{"duration":0,"transform":{}}],"name":"005_guanghuan6_3"},{"frame":[{"duration":0,"transform":{}}],"name":"005_guanghuan6_4"},{"frame":[{"duration":0,"transform":{}}],"name":"005_kulou01"},{"frame":[{"duration":0,"transform":{}}],"name":"005_kulou02"},{"frame":[{"duration":0,"transform":{}}],"name":"005_kulou03"},{"frame":[{"duration":0,"transform":{}}],"name":"004_guanghuan5_2"},{"frame":[{"duration":0,"transform":{}}],"name":"000_guanghuan1_1"}],"name":"002_guanghuan1_2","ik":[],"playTimes":0},{"frame":[],"duration":60,"slot":[{"frame":[{"tweenEasing":0,"duration":10},{"tweenEasing":0,"displayIndex":1,"duration":10},{"tweenEasing":0,"displayIndex":2,"duration":10},{"tweenEasing":0,"displayIndex":3,"duration":10},{"tweenEasing":0,"displayIndex":4,"duration":10},{"tweenEasing":0,"displayIndex":5,"duration":10},{"tweenEasing":null,"displayIndex":6,"duration":0}],"name":"001_guanghuan2_1"},{"frame":[{"tweenEasing":0,"displayIndex":-1,"duration":60},{"tweenEasing":null,"displayIndex":-1,"duration":0}],"name":"001_guanghuan2"},{"frame":[{"tweenEasing":null,"displayIndex":-1,"duration":60}],"name":"002_guanghuan3"},{"frame":[{"tweenEasing":null,"displayIndex":-1,"duration":60}],"name":"002_guanghuan3_1"},{"frame":[{"tweenEasing":null,"displayIndex":-1,"duration":60}],"name":"003_guanghuan4"},{"frame":[{"tweenEasing":null,"displayIndex":-1,"duration":60}],"name":"003_guanghuan4_1"},{"frame":[{"tweenEasing":null,"displayIndex":-1,"duration":60}],"name":"003_guanghuan4_2"},{"frame":[{"tweenEasing":null,"displayIndex":-1,"duration":60}],"name":"004_guanghuan5"},{"frame":[{"tweenEasing":null,"displayIndex":-1,"duration":60}],"name":"004_guanghuan5_1"},{"frame":[{"tweenEasing":null,"displayIndex":-1,"duration":60}],"name":"004_guanghuan5_2"},{"frame":[{"tweenEasing":null,"displayIndex":-1,"duration":60}],"name":"005_guanghuan6"},{"frame":[{"tweenEasing":null,"displayIndex":-1,"duration":60}],"name":"005_guanghuan6_1"},{"frame":[{"tweenEasing":null,"displayIndex":-1,"duration":60}],"name":"005_guanghuan6_3"},{"frame":[{"tweenEasing":null,"displayIndex":-1,"duration":60}],"name":"005_guanghuan6_4"},{"frame":[{"tweenEasing":null,"displayIndex":-1,"duration":60}],"name":"005_kulou01"},{"frame":[{"tweenEasing":null,"displayIndex":-1,"duration":60}],"name":"005_kulou02"},{"frame":[{"tweenEasing":null,"displayIndex":-1,"duration":60}],"name":"005_kulou03"},{"frame":[{"tweenEasing":null,"displayIndex":-1,"duration":60}],"name":"000_guanghuan1"},{"frame":[{"tweenEasing":null,"displayIndex":-1,"duration":60}],"name":"000_guanghuan1_1"}],"ffd":[],"bone":[{"frame":[{"tweenEasing":0,"duration":10,"transform":{"y":-25}},{"tweenEasing":0,"duration":10,"transform":{"y":-25}},{"tweenEasing":0,"duration":10,"transform":{"y":-25}},{"tweenEasing":0,"duration":10,"transform":{"y":-25}},{"tweenEasing":0,"duration":10,"transform":{"y":-25}},{"tweenEasing":0,"duration":10,"transform":{"y":-25}},{"duration":0,"transform":{"y":-25}}],"name":"001_guanghuan2_1"},{"frame":[{"tweenEasing":0,"duration":60,"transform":{"y":25.25055,"x":218.6321}},{"duration":0,"transform":{"y":25.25055,"x":218.6321}}],"name":"001_guanghuan2"},{"frame":[{"duration":60,"transform":{}}],"name":"root"},{"frame":[{"duration":60,"transform":{}}],"name":"003_guanghuan4"},{"frame":[{"duration":60,"transform":{}}],"name":"005_guanghuan6"},{"frame":[{"duration":60,"transform":{}}],"name":"002_guanghuan3"},{"frame":[{"duration":60,"transform":{}}],"name":"000_guanghuan1"},{"frame":[{"duration":60,"transform":{}}],"name":"004_guanghuan5"},{"frame":[{"duration":60,"transform":{}}],"name":"002_guanghuan3_1"},{"frame":[{"duration":60,"transform":{}}],"name":"003_guanghuan4_2"},{"frame":[{"duration":60,"transform":{}}],"name":"003_guanghuan4_1"},{"frame":[{"duration":60,"transform":{}}],"name":"004_guanghuan5_1"},{"frame":[{"duration":60,"transform":{}}],"name":"005_guanghuan6_1"},{"frame":[{"duration":60,"transform":{}}],"name":"005_guanghuan6_3"},{"frame":[{"duration":60,"transform":{}}],"name":"005_guanghuan6_4"},{"frame":[{"duration":60,"transform":{}}],"name":"005_kulou01"},{"frame":[{"duration":60,"transform":{}}],"name":"005_kulou02"},{"frame":[{"duration":60,"transform":{}}],"name":"005_kulou03"},{"frame":[{"duration":60,"transform":{}}],"name":"004_guanghuan5_2"},{"frame":[{"duration":60,"transform":{}}],"name":"000_guanghuan1_1"}],"name":"003_guanghuan2","ik":[],"playTimes":0},{"frame":[],"duration":60,"slot":[{"frame":[{"tweenEasing":0,"duration":10},{"tweenEasing":0,"displayIndex":1,"duration":10},{"tweenEasing":0,"displayIndex":2,"duration":10},{"tweenEasing":0,"displayIndex":3,"duration":10},{"tweenEasing":0,"displayIndex":4,"duration":10},{"tweenEasing":0,"displayIndex":5,"duration":10},{"tweenEasing":null,"displayIndex":6,"duration":0}],"name":"001_guanghuan2_1"},{"frame":[{"tweenEasing":0,"displayIndex":-1,"duration":60},{"tweenEasing":null,"displayIndex":-1,"duration":0}],"name":"001_guanghuan2"},{"frame":[{"tweenEasing":null,"displayIndex":-1,"duration":60}],"name":"002_guanghuan3"},{"frame":[{"tweenEasing":null,"displayIndex":-1,"duration":60}],"name":"002_guanghuan3_1"},{"frame":[{"tweenEasing":null,"displayIndex":-1,"duration":60}],"name":"003_guanghuan4"},{"frame":[{"tweenEasing":null,"displayIndex":-1,"duration":60}],"name":"003_guanghuan4_1"},{"frame":[{"tweenEasing":null,"displayIndex":-1,"duration":60}],"name":"003_guanghuan4_2"},{"frame":[{"tweenEasing":null,"displayIndex":-1,"duration":60}],"name":"004_guanghuan5"},{"frame":[{"tweenEasing":null,"displayIndex":-1,"duration":60}],"name":"004_guanghuan5_1"},{"frame":[{"tweenEasing":null,"displayIndex":-1,"duration":60}],"name":"004_guanghuan5_2"},{"frame":[{"tweenEasing":null,"displayIndex":-1,"duration":60}],"name":"005_guanghuan6"},{"frame":[{"tweenEasing":null,"displayIndex":-1,"duration":60}],"name":"005_guanghuan6_1"},{"frame":[{"tweenEasing":null,"displayIndex":-1,"duration":60}],"name":"005_guanghuan6_3"},{"frame":[{"tweenEasing":null,"displayIndex":-1,"duration":60}],"name":"005_guanghuan6_4"},{"frame":[{"tweenEasing":null,"displayIndex":-1,"duration":60}],"name":"005_kulou01"},{"frame":[{"tweenEasing":null,"displayIndex":-1,"duration":60}],"name":"005_kulou02"},{"frame":[{"tweenEasing":null,"displayIndex":-1,"duration":60}],"name":"005_kulou03"},{"frame":[{"tweenEasing":null,"displayIndex":-1,"duration":60}],"name":"000_guanghuan1"},{"frame":[{"tweenEasing":null,"displayIndex":-1,"duration":60}],"name":"000_guanghuan1_1"}],"ffd":[],"bone":[{"frame":[{"tweenEasing":0,"duration":10,"transform":{"y":-25}},{"tweenEasing":0,"duration":10,"transform":{"y":-25}},{"tweenEasing":0,"duration":10,"transform":{"y":-25}},{"tweenEasing":0,"duration":10,"transform":{"y":-25}},{"tweenEasing":0,"duration":10,"transform":{"y":-25}},{"tweenEasing":0,"duration":10,"transform":{"y":-25}},{"duration":0,"transform":{"y":-25}}],"name":"001_guanghuan2_1"},{"frame":[{"tweenEasing":0,"duration":60,"transform":{"y":25.25055,"x":218.6321}},{"duration":0,"transform":{"y":25.25055,"x":218.6321}}],"name":"001_guanghuan2"},{"frame":[{"duration":60,"transform":{}}],"name":"root"},{"frame":[{"duration":60,"transform":{}}],"name":"003_guanghuan4"},{"frame":[{"duration":60,"transform":{}}],"name":"005_guanghuan6"},{"frame":[{"duration":60,"transform":{}}],"name":"002_guanghuan3"},{"frame":[{"duration":60,"transform":{}}],"name":"000_guanghuan1"},{"frame":[{"duration":60,"transform":{}}],"name":"004_guanghuan5"},{"frame":[{"duration":60,"transform":{}}],"name":"002_guanghuan3_1"},{"frame":[{"duration":60,"transform":{}}],"name":"003_guanghuan4_2"},{"frame":[{"duration":60,"transform":{}}],"name":"003_guanghuan4_1"},{"frame":[{"duration":60,"transform":{}}],"name":"004_guanghuan5_1"},{"frame":[{"duration":60,"transform":{}}],"name":"005_guanghuan6_1"},{"frame":[{"duration":60,"transform":{}}],"name":"005_guanghuan6_3"},{"frame":[{"duration":60,"transform":{}}],"name":"005_guanghuan6_4"},{"frame":[{"duration":60,"transform":{}}],"name":"005_kulou01"},{"frame":[{"duration":60,"transform":{}}],"name":"005_kulou02"},{"frame":[{"duration":60,"transform":{}}],"name":"005_kulou03"},{"frame":[{"duration":60,"transform":{}}],"name":"004_guanghuan5_2"},{"frame":[{"duration":60,"transform":{}}],"name":"000_guanghuan1_1"}],"name":"004_guanghuan2_1","ik":[],"playTimes":0},{"frame":[],"duration":60,"slot":[{"frame":[{"tweenEasing":0,"displayIndex":-1,"duration":60},{"tweenEasing":null,"displayIndex":-1,"duration":0}],"name":"001_guanghuan2"},{"frame":[{"tweenEasing":null,"displayIndex":-1,"duration":60}],"name":"001_guanghuan2_1"},{"frame":[{"tweenEasing":null,"displayIndex":-1,"duration":60}],"name":"002_guanghuan3"},{"frame":[{"tweenEasing":null,"displayIndex":-1,"duration":60}],"name":"002_guanghuan3_1"},{"frame":[{"tweenEasing":null,"displayIndex":-1,"duration":60}],"name":"003_guanghuan4"},{"frame":[{"tweenEasing":null,"displayIndex":-1,"duration":60}],"name":"003_guanghuan4_1"},{"frame":[{"tweenEasing":null,"displayIndex":-1,"duration":60}],"name":"003_guanghuan4_2"},{"frame":[{"tweenEasing":null,"displayIndex":-1,"duration":60}],"name":"004_guanghuan5"},{"frame":[{"tweenEasing":null,"displayIndex":-1,"duration":60}],"name":"004_guanghuan5_1"},{"frame":[{"tweenEasing":null,"displayIndex":-1,"duration":60}],"name":"004_guanghuan5_2"},{"frame":[{"tweenEasing":null,"displayIndex":-1,"duration":60}],"name":"005_guanghuan6"},{"frame":[{"tweenEasing":null,"displayIndex":-1,"duration":60}],"name":"005_guanghuan6_1"},{"frame":[{"tweenEasing":null,"displayIndex":-1,"duration":60}],"name":"005_guanghuan6_3"},{"frame":[{"tweenEasing":null,"displayIndex":-1,"duration":60}],"name":"005_guanghuan6_4"},{"frame":[{"tweenEasing":null,"displayIndex":-1,"duration":60}],"name":"005_kulou01"},{"frame":[{"tweenEasing":null,"displayIndex":-1,"duration":60}],"name":"005_kulou02"},{"frame":[{"tweenEasing":null,"displayIndex":-1,"duration":60}],"name":"005_kulou03"},{"frame":[{"tweenEasing":null,"displayIndex":-1,"duration":60}],"name":"000_guanghuan1"},{"frame":[{"tweenEasing":null,"displayIndex":-1,"duration":60}],"name":"000_guanghuan1_1"}],"ffd":[],"bone":[{"frame":[{"tweenEasing":0,"duration":60,"transform":{}},{"duration":0,"transform":{}}],"name":"001_guanghuan2"},{"frame":[{"duration":60,"transform":{}}],"name":"root"},{"frame":[{"duration":60,"transform":{}}],"name":"003_guanghuan4"},{"frame":[{"duration":60,"transform":{}}],"name":"005_guanghuan6"},{"frame":[{"duration":60,"transform":{}}],"name":"002_guanghuan3"},{"frame":[{"duration":60,"transform":{}}],"name":"000_guanghuan1"},{"frame":[{"duration":60,"transform":{}}],"name":"004_guanghuan5"},{"frame":[{"duration":60,"transform":{}}],"name":"002_guanghuan3_1"},{"frame":[{"duration":60,"transform":{}}],"name":"001_guanghuan2_1"},{"frame":[{"duration":60,"transform":{}}],"name":"003_guanghuan4_2"},{"frame":[{"duration":60,"transform":{}}],"name":"003_guanghuan4_1"},{"frame":[{"duration":60,"transform":{}}],"name":"004_guanghuan5_1"},{"frame":[{"duration":60,"transform":{}}],"name":"005_guanghuan6_1"},{"frame":[{"duration":60,"transform":{}}],"name":"005_guanghuan6_3"},{"frame":[{"duration":60,"transform":{}}],"name":"005_guanghuan6_4"},{"frame":[{"duration":60,"transform":{}}],"name":"005_kulou01"},{"frame":[{"duration":60,"transform":{}}],"name":"005_kulou02"},{"frame":[{"duration":60,"transform":{}}],"name":"005_kulou03"},{"frame":[{"duration":60,"transform":{}}],"name":"004_guanghuan5_2"},{"frame":[{"duration":60,"transform":{}}],"name":"000_guanghuan1_1"}],"name":"005_guanghuan2_2","ik":[],"playTimes":0},{"frame":[],"duration":60,"slot":[{"frame":[{"tweenEasing":0,"duration":10},{"tweenEasing":0,"displayIndex":1,"duration":10},{"tweenEasing":0,"displayIndex":2,"duration":10},{"tweenEasing":0,"displayIndex":3,"duration":10},{"tweenEasing":0,"displayIndex":4,"duration":10},{"tweenEasing":0,"displayIndex":5,"duration":10},{"tweenEasing":null,"displayIndex":6,"duration":0}],"name":"002_guanghuan3_1"},{"frame":[{"tweenEasing":0,"displayIndex":-1,"duration":60},{"tweenEasing":null,"displayIndex":-1,"duration":0}],"name":"002_guanghuan3"},{"frame":[{"tweenEasing":null,"displayIndex":-1,"duration":60}],"name":"001_guanghuan2"},{"frame":[{"tweenEasing":null,"displayIndex":-1,"duration":60}],"name":"001_guanghuan2_1"},{"frame":[{"tweenEasing":null,"displayIndex":-1,"duration":60}],"name":"003_guanghuan4"},{"frame":[{"tweenEasing":null,"displayIndex":-1,"duration":60}],"name":"003_guanghuan4_1"},{"frame":[{"tweenEasing":null,"displayIndex":-1,"duration":60}],"name":"003_guanghuan4_2"},{"frame":[{"tweenEasing":null,"displayIndex":-1,"duration":60}],"name":"004_guanghuan5"},{"frame":[{"tweenEasing":null,"displayIndex":-1,"duration":60}],"name":"004_guanghuan5_1"},{"frame":[{"tweenEasing":null,"displayIndex":-1,"duration":60}],"name":"004_guanghuan5_2"},{"frame":[{"tweenEasing":null,"displayIndex":-1,"duration":60}],"name":"005_guanghuan6"},{"frame":[{"tweenEasing":null,"displayIndex":-1,"duration":60}],"name":"005_guanghuan6_1"},{"frame":[{"tweenEasing":null,"displayIndex":-1,"duration":60}],"name":"005_guanghuan6_3"},{"frame":[{"tweenEasing":null,"displayIndex":-1,"duration":60}],"name":"005_guanghuan6_4"},{"frame":[{"tweenEasing":null,"displayIndex":-1,"duration":60}],"name":"005_kulou01"},{"frame":[{"tweenEasing":null,"displayIndex":-1,"duration":60}],"name":"005_kulou02"},{"frame":[{"tweenEasing":null,"displayIndex":-1,"duration":60}],"name":"005_kulou03"},{"frame":[{"tweenEasing":null,"displayIndex":-1,"duration":60}],"name":"000_guanghuan1"},{"frame":[{"tweenEasing":null,"displayIndex":-1,"duration":60}],"name":"000_guanghuan1_1"}],"ffd":[],"bone":[{"frame":[{"tweenEasing":0,"duration":10,"transform":{"y":-25}},{"tweenEasing":0,"duration":10,"transform":{"y":-25}},{"tweenEasing":0,"duration":10,"transform":{"y":-25}},{"tweenEasing":0,"duration":10,"transform":{"y":-25}},{"tweenEasing":0,"duration":10,"transform":{"y":-25}},{"tweenEasing":0,"duration":10,"transform":{"y":-25}},{"duration":0,"transform":{"y":-25}}],"name":"002_guanghuan3_1"},{"frame":[{"tweenEasing":0,"duration":60,"transform":{"y":25.25055,"x":74.28445}},{"duration":0,"transform":{"y":25.25055,"x":74.28445}}],"name":"002_guanghuan3"},{"frame":[{"duration":60,"transform":{}}],"name":"root"},{"frame":[{"duration":60,"transform":{}}],"name":"003_guanghuan4"},{"frame":[{"duration":60,"transform":{}}],"name":"005_guanghuan6"},{"frame":[{"duration":60,"transform":{}}],"name":"000_guanghuan1"},{"frame":[{"duration":60,"transform":{}}],"name":"001_guanghuan2"},{"frame":[{"duration":60,"transform":{}}],"name":"004_guanghuan5"},{"frame":[{"duration":60,"transform":{}}],"name":"001_guanghuan2_1"},{"frame":[{"duration":60,"transform":{}}],"name":"003_guanghuan4_2"},{"frame":[{"duration":60,"transform":{}}],"name":"003_guanghuan4_1"},{"frame":[{"duration":60,"transform":{}}],"name":"004_guanghuan5_1"},{"frame":[{"duration":60,"transform":{}}],"name":"005_guanghuan6_1"},{"frame":[{"duration":60,"transform":{}}],"name":"005_guanghuan6_3"},{"frame":[{"duration":60,"transform":{}}],"name":"005_guanghuan6_4"},{"frame":[{"duration":60,"transform":{}}],"name":"005_kulou01"},{"frame":[{"duration":60,"transform":{}}],"name":"005_kulou02"},{"frame":[{"duration":60,"transform":{}}],"name":"005_kulou03"},{"frame":[{"duration":60,"transform":{}}],"name":"004_guanghuan5_2"},{"frame":[{"duration":60,"transform":{}}],"name":"000_guanghuan1_1"}],"name":"006_guanghuan3","ik":[],"playTimes":0},{"frame":[],"duration":60,"slot":[{"frame":[{"tweenEasing":0,"duration":10},{"tweenEasing":0,"displayIndex":1,"duration":10},{"tweenEasing":0,"displayIndex":2,"duration":10},{"tweenEasing":0,"displayIndex":3,"duration":10},{"tweenEasing":0,"displayIndex":4,"duration":10},{"tweenEasing":0,"displayIndex":5,"duration":10},{"tweenEasing":null,"displayIndex":6,"duration":0}],"name":"002_guanghuan3_1"},{"frame":[{"tweenEasing":0,"displayIndex":-1,"duration":60},{"tweenEasing":null,"displayIndex":-1,"duration":0}],"name":"002_guanghuan3"},{"frame":[{"tweenEasing":null,"displayIndex":-1,"duration":60}],"name":"001_guanghuan2"},{"frame":[{"tweenEasing":null,"displayIndex":-1,"duration":60}],"name":"001_guanghuan2_1"},{"frame":[{"tweenEasing":null,"displayIndex":-1,"duration":60}],"name":"003_guanghuan4"},{"frame":[{"tweenEasing":null,"displayIndex":-1,"duration":60}],"name":"003_guanghuan4_1"},{"frame":[{"tweenEasing":null,"displayIndex":-1,"duration":60}],"name":"003_guanghuan4_2"},{"frame":[{"tweenEasing":null,"displayIndex":-1,"duration":60}],"name":"004_guanghuan5"},{"frame":[{"tweenEasing":null,"displayIndex":-1,"duration":60}],"name":"004_guanghuan5_1"},{"frame":[{"tweenEasing":null,"displayIndex":-1,"duration":60}],"name":"004_guanghuan5_2"},{"frame":[{"tweenEasing":null,"displayIndex":-1,"duration":60}],"name":"005_guanghuan6"},{"frame":[{"tweenEasing":null,"displayIndex":-1,"duration":60}],"name":"005_guanghuan6_1"},{"frame":[{"tweenEasing":null,"displayIndex":-1,"duration":60}],"name":"005_guanghuan6_3"},{"frame":[{"tweenEasing":null,"displayIndex":-1,"duration":60}],"name":"005_guanghuan6_4"},{"frame":[{"tweenEasing":null,"displayIndex":-1,"duration":60}],"name":"005_kulou01"},{"frame":[{"tweenEasing":null,"displayIndex":-1,"duration":60}],"name":"005_kulou02"},{"frame":[{"tweenEasing":null,"displayIndex":-1,"duration":60}],"name":"005_kulou03"},{"frame":[{"tweenEasing":null,"displayIndex":-1,"duration":60}],"name":"000_guanghuan1"},{"frame":[{"tweenEasing":null,"displayIndex":-1,"duration":60}],"name":"000_guanghuan1_1"}],"ffd":[],"bone":[{"frame":[{"tweenEasing":0,"duration":10,"transform":{"y":-25}},{"tweenEasing":0,"duration":10,"transform":{"y":-25}},{"tweenEasing":0,"duration":10,"transform":{"y":-25}},{"tweenEasing":0,"duration":10,"transform":{"y":-25}},{"tweenEasing":0,"duration":10,"transform":{"y":-25}},{"tweenEasing":0,"duration":10,"transform":{"y":-25}},{"duration":0,"transform":{"y":-25}}],"name":"002_guanghuan3_1"},{"frame":[{"tweenEasing":0,"duration":60,"transform":{"y":25.25055,"x":74.28445}},{"duration":0,"transform":{"y":25.25055,"x":74.28445}}],"name":"002_guanghuan3"},{"frame":[{"duration":60,"transform":{}}],"name":"root"},{"frame":[{"duration":60,"transform":{}}],"name":"003_guanghuan4"},{"frame":[{"duration":60,"transform":{}}],"name":"005_guanghuan6"},{"frame":[{"duration":60,"transform":{}}],"name":"000_guanghuan1"},{"frame":[{"duration":60,"transform":{}}],"name":"001_guanghuan2"},{"frame":[{"duration":60,"transform":{}}],"name":"004_guanghuan5"},{"frame":[{"duration":60,"transform":{}}],"name":"001_guanghuan2_1"},{"frame":[{"duration":60,"transform":{}}],"name":"003_guanghuan4_2"},{"frame":[{"duration":60,"transform":{}}],"name":"003_guanghuan4_1"},{"frame":[{"duration":60,"transform":{}}],"name":"004_guanghuan5_1"},{"frame":[{"duration":60,"transform":{}}],"name":"005_guanghuan6_1"},{"frame":[{"duration":60,"transform":{}}],"name":"005_guanghuan6_3"},{"frame":[{"duration":60,"transform":{}}],"name":"005_guanghuan6_4"},{"frame":[{"duration":60,"transform":{}}],"name":"005_kulou01"},{"frame":[{"duration":60,"transform":{}}],"name":"005_kulou02"},{"frame":[{"duration":60,"transform":{}}],"name":"005_kulou03"},{"frame":[{"duration":60,"transform":{}}],"name":"004_guanghuan5_2"},{"frame":[{"duration":60,"transform":{}}],"name":"000_guanghuan1_1"}],"name":"007_guanghuan3_1","ik":[],"playTimes":0},{"frame":[],"duration":60,"slot":[{"frame":[{"tweenEasing":0,"displayIndex":-1,"duration":60},{"tweenEasing":null,"displayIndex":-1,"duration":0}],"name":"002_guanghuan3"},{"frame":[{"tweenEasing":null,"displayIndex":-1,"duration":60}],"name":"001_guanghuan2"},{"frame":[{"tweenEasing":null,"displayIndex":-1,"duration":60}],"name":"001_guanghuan2_1"},{"frame":[{"tweenEasing":null,"displayIndex":-1,"duration":60}],"name":"002_guanghuan3_1"},{"frame":[{"tweenEasing":null,"displayIndex":-1,"duration":60}],"name":"003_guanghuan4"},{"frame":[{"tweenEasing":null,"displayIndex":-1,"duration":60}],"name":"003_guanghuan4_1"},{"frame":[{"tweenEasing":null,"displayIndex":-1,"duration":60}],"name":"003_guanghuan4_2"},{"frame":[{"tweenEasing":null,"displayIndex":-1,"duration":60}],"name":"004_guanghuan5"},{"frame":[{"tweenEasing":null,"displayIndex":-1,"duration":60}],"name":"004_guanghuan5_1"},{"frame":[{"tweenEasing":null,"displayIndex":-1,"duration":60}],"name":"004_guanghuan5_2"},{"frame":[{"tweenEasing":null,"displayIndex":-1,"duration":60}],"name":"005_guanghuan6"},{"frame":[{"tweenEasing":null,"displayIndex":-1,"duration":60}],"name":"005_guanghuan6_1"},{"frame":[{"tweenEasing":null,"displayIndex":-1,"duration":60}],"name":"005_guanghuan6_3"},{"frame":[{"tweenEasing":null,"displayIndex":-1,"duration":60}],"name":"005_guanghuan6_4"},{"frame":[{"tweenEasing":null,"displayIndex":-1,"duration":60}],"name":"005_kulou01"},{"frame":[{"tweenEasing":null,"displayIndex":-1,"duration":60}],"name":"005_kulou02"},{"frame":[{"tweenEasing":null,"displayIndex":-1,"duration":60}],"name":"005_kulou03"},{"frame":[{"tweenEasing":null,"displayIndex":-1,"duration":60}],"name":"000_guanghuan1"},{"frame":[{"tweenEasing":null,"displayIndex":-1,"duration":60}],"name":"000_guanghuan1_1"}],"ffd":[],"bone":[{"frame":[{"tweenEasing":0,"duration":60,"transform":{}},{"duration":0,"transform":{}}],"name":"002_guanghuan3"},{"frame":[{"duration":60,"transform":{}}],"name":"root"},{"frame":[{"duration":60,"transform":{}}],"name":"003_guanghuan4"},{"frame":[{"duration":60,"transform":{}}],"name":"005_guanghuan6"},{"frame":[{"duration":60,"transform":{}}],"name":"000_guanghuan1"},{"frame":[{"duration":60,"transform":{}}],"name":"001_guanghuan2"},{"frame":[{"duration":60,"transform":{}}],"name":"004_guanghuan5"},{"frame":[{"duration":60,"transform":{}}],"name":"002_guanghuan3_1"},{"frame":[{"duration":60,"transform":{}}],"name":"001_guanghuan2_1"},{"frame":[{"duration":60,"transform":{}}],"name":"003_guanghuan4_2"},{"frame":[{"duration":60,"transform":{}}],"name":"003_guanghuan4_1"},{"frame":[{"duration":60,"transform":{}}],"name":"004_guanghuan5_1"},{"frame":[{"duration":60,"transform":{}}],"name":"005_guanghuan6_1"},{"frame":[{"duration":60,"transform":{}}],"name":"005_guanghuan6_3"},{"frame":[{"duration":60,"transform":{}}],"name":"005_guanghuan6_4"},{"frame":[{"duration":60,"transform":{}}],"name":"005_kulou01"},{"frame":[{"duration":60,"transform":{}}],"name":"005_kulou02"},{"frame":[{"duration":60,"transform":{}}],"name":"005_kulou03"},{"frame":[{"duration":60,"transform":{}}],"name":"004_guanghuan5_2"},{"frame":[{"duration":60,"transform":{}}],"name":"000_guanghuan1_1"}],"name":"008_guanghuan3_2","ik":[],"playTimes":0},{"frame":[],"duration":60,"slot":[{"frame":[{"tweenEasing":0,"duration":10,"color":{"aM":19}},{"tweenEasing":0,"displayIndex":1,"duration":10,"color":{"aM":39}},{"tweenEasing":0,"displayIndex":2,"duration":10,"color":{"aM":56}},{"tweenEasing":0,"displayIndex":3,"duration":10},{"tweenEasing":0,"displayIndex":4,"duration":10,"color":{"aM":56}},{"tweenEasing":0,"displayIndex":5,"duration":10,"color":{"aM":39}},{"tweenEasing":null,"displayIndex":6,"duration":0,"color":{"aM":19}}],"name":"003_guanghuan4_2"},{"frame":[{"tweenEasing":0,"displayIndex":-1,"duration":60},{"tweenEasing":null,"displayIndex":-1,"duration":0}],"name":"003_guanghuan4"},{"frame":[{"tweenEasing":null,"displayIndex":-1,"duration":60}],"name":"001_guanghuan2"},{"frame":[{"tweenEasing":null,"displayIndex":-1,"duration":60}],"name":"001_guanghuan2_1"},{"frame":[{"tweenEasing":null,"displayIndex":-1,"duration":60}],"name":"002_guanghuan3"},{"frame":[{"tweenEasing":null,"displayIndex":-1,"duration":60}],"name":"002_guanghuan3_1"},{"frame":[{"tweenEasing":null,"displayIndex":-1,"duration":60}],"name":"003_guanghuan4_1"},{"frame":[{"tweenEasing":null,"displayIndex":-1,"duration":60}],"name":"004_guanghuan5"},{"frame":[{"tweenEasing":null,"displayIndex":-1,"duration":60}],"name":"004_guanghuan5_1"},{"frame":[{"tweenEasing":null,"displayIndex":-1,"duration":60}],"name":"004_guanghuan5_2"},{"frame":[{"tweenEasing":null,"displayIndex":-1,"duration":60}],"name":"005_guanghuan6"},{"frame":[{"tweenEasing":null,"displayIndex":-1,"duration":60}],"name":"005_guanghuan6_1"},{"frame":[{"tweenEasing":null,"displayIndex":-1,"duration":60}],"name":"005_guanghuan6_3"},{"frame":[{"tweenEasing":null,"displayIndex":-1,"duration":60}],"name":"005_guanghuan6_4"},{"frame":[{"tweenEasing":null,"displayIndex":-1,"duration":60}],"name":"005_kulou01"},{"frame":[{"tweenEasing":null,"displayIndex":-1,"duration":60}],"name":"005_kulou02"},{"frame":[{"tweenEasing":null,"displayIndex":-1,"duration":60}],"name":"005_kulou03"},{"frame":[{"tweenEasing":null,"displayIndex":-1,"duration":60}],"name":"000_guanghuan1"},{"frame":[{"tweenEasing":null,"displayIndex":-1,"duration":60}],"name":"000_guanghuan1_1"}],"ffd":[],"bone":[{"frame":[{"tweenEasing":0,"duration":10,"transform":{"y":-38.9286,"x":-1.07145}},{"tweenEasing":0,"duration":10,"transform":{"y":-38.9286,"x":-1.07145}},{"tweenEasing":0,"duration":10,"transform":{"y":-38.9286,"x":-1.07145}},{"tweenEasing":0,"duration":10,"transform":{"y":-38.9286,"x":-1.07145}},{"tweenEasing":0,"duration":10,"transform":{"y":-38.9286,"x":-1.07145}},{"tweenEasing":0,"duration":10,"transform":{"y":-38.9286,"x":-1.07145}},{"duration":0,"transform":{"y":-38.9286,"x":-1.07145}}],"name":"003_guanghuan4_2"},{"frame":[{"tweenEasing":0,"duration":60,"transform":{"y":39.6647,"x":-84.709}},{"duration":0,"transform":{"y":39.6647,"x":-84.709}}],"name":"003_guanghuan4"},{"frame":[{"duration":60,"transform":{}}],"name":"root"},{"frame":[{"duration":60,"transform":{}}],"name":"005_guanghuan6"},{"frame":[{"duration":60,"transform":{}}],"name":"002_guanghuan3"},{"frame":[{"duration":60,"transform":{}}],"name":"000_guanghuan1"},{"frame":[{"duration":60,"transform":{}}],"name":"001_guanghuan2"},{"frame":[{"duration":60,"transform":{}}],"name":"004_guanghuan5"},{"frame":[{"duration":60,"transform":{}}],"name":"002_guanghuan3_1"},{"frame":[{"duration":60,"transform":{}}],"name":"001_guanghuan2_1"},{"frame":[{"duration":60,"transform":{}}],"name":"003_guanghuan4_1"},{"frame":[{"duration":60,"transform":{}}],"name":"004_guanghuan5_1"},{"frame":[{"duration":60,"transform":{}}],"name":"005_guanghuan6_1"},{"frame":[{"duration":60,"transform":{}}],"name":"005_guanghuan6_3"},{"frame":[{"duration":60,"transform":{}}],"name":"005_guanghuan6_4"},{"frame":[{"duration":60,"transform":{}}],"name":"005_kulou01"},{"frame":[{"duration":60,"transform":{}}],"name":"005_kulou02"},{"frame":[{"duration":60,"transform":{}}],"name":"005_kulou03"},{"frame":[{"duration":60,"transform":{}}],"name":"004_guanghuan5_2"},{"frame":[{"duration":60,"transform":{}}],"name":"000_guanghuan1_1"}],"name":"009_guanghuan4","ik":[],"playTimes":0},{"frame":[],"duration":60,"slot":[{"frame":[{"tweenEasing":0,"duration":10},{"tweenEasing":0,"displayIndex":1,"duration":10},{"tweenEasing":0,"displayIndex":2,"duration":10},{"tweenEasing":0,"displayIndex":3,"duration":10},{"tweenEasing":0,"displayIndex":4,"duration":10},{"tweenEasing":0,"displayIndex":5,"duration":10},{"tweenEasing":null,"displayIndex":6,"duration":0}],"name":"003_guanghuan4_1"},{"frame":[{"tweenEasing":0,"displayIndex":-1,"duration":60},{"tweenEasing":null,"displayIndex":-1,"duration":0}],"name":"003_guanghuan4"},{"frame":[{"tweenEasing":null,"displayIndex":-1,"duration":60}],"name":"001_guanghuan2"},{"frame":[{"tweenEasing":null,"displayIndex":-1,"duration":60}],"name":"001_guanghuan2_1"},{"frame":[{"tweenEasing":null,"displayIndex":-1,"duration":60}],"name":"002_guanghuan3"},{"frame":[{"tweenEasing":null,"displayIndex":-1,"duration":60}],"name":"002_guanghuan3_1"},{"frame":[{"tweenEasing":null,"displayIndex":-1,"duration":60}],"name":"003_guanghuan4_2"},{"frame":[{"tweenEasing":null,"displayIndex":-1,"duration":60}],"name":"004_guanghuan5"},{"frame":[{"tweenEasing":null,"displayIndex":-1,"duration":60}],"name":"004_guanghuan5_1"},{"frame":[{"tweenEasing":null,"displayIndex":-1,"duration":60}],"name":"004_guanghuan5_2"},{"frame":[{"tweenEasing":null,"displayIndex":-1,"duration":60}],"name":"005_guanghuan6"},{"frame":[{"tweenEasing":null,"displayIndex":-1,"duration":60}],"name":"005_guanghuan6_1"},{"frame":[{"tweenEasing":null,"displayIndex":-1,"duration":60}],"name":"005_guanghuan6_3"},{"frame":[{"tweenEasing":null,"displayIndex":-1,"duration":60}],"name":"005_guanghuan6_4"},{"frame":[{"tweenEasing":null,"displayIndex":-1,"duration":60}],"name":"005_kulou01"},{"frame":[{"tweenEasing":null,"displayIndex":-1,"duration":60}],"name":"005_kulou02"},{"frame":[{"tweenEasing":null,"displayIndex":-1,"duration":60}],"name":"005_kulou03"},{"frame":[{"tweenEasing":null,"displayIndex":-1,"duration":60}],"name":"000_guanghuan1"},{"frame":[{"tweenEasing":null,"displayIndex":-1,"duration":60}],"name":"000_guanghuan1_1"}],"ffd":[],"bone":[{"frame":[{"tweenEasing":0,"duration":10,"transform":{"y":-25}},{"tweenEasing":0,"duration":10,"transform":{"y":-25}},{"tweenEasing":0,"duration":10,"transform":{"y":-25}},{"tweenEasing":0,"duration":10,"transform":{"y":-25}},{"tweenEasing":0,"duration":10,"transform":{"y":-25}},{"tweenEasing":0,"duration":10,"transform":{"y":-25}},{"duration":0,"transform":{"y":-25}}],"name":"003_guanghuan4_1"},{"frame":[{"tweenEasing":0,"duration":60,"transform":{"y":25.2741,"x":-84.86345}},{"duration":0,"transform":{"y":25.2741,"x":-84.86345}}],"name":"003_guanghuan4"},{"frame":[{"duration":60,"transform":{}}],"name":"root"},{"frame":[{"duration":60,"transform":{}}],"name":"005_guanghuan6"},{"frame":[{"duration":60,"transform":{}}],"name":"002_guanghuan3"},{"frame":[{"duration":60,"transform":{}}],"name":"000_guanghuan1"},{"frame":[{"duration":60,"transform":{}}],"name":"001_guanghuan2"},{"frame":[{"duration":60,"transform":{}}],"name":"004_guanghuan5"},{"frame":[{"duration":60,"transform":{}}],"name":"002_guanghuan3_1"},{"frame":[{"duration":60,"transform":{}}],"name":"001_guanghuan2_1"},{"frame":[{"duration":60,"transform":{}}],"name":"003_guanghuan4_2"},{"frame":[{"duration":60,"transform":{}}],"name":"004_guanghuan5_1"},{"frame":[{"duration":60,"transform":{}}],"name":"005_guanghuan6_1"},{"frame":[{"duration":60,"transform":{}}],"name":"005_guanghuan6_3"},{"frame":[{"duration":60,"transform":{}}],"name":"005_guanghuan6_4"},{"frame":[{"duration":60,"transform":{}}],"name":"005_kulou01"},{"frame":[{"duration":60,"transform":{}}],"name":"005_kulou02"},{"frame":[{"duration":60,"transform":{}}],"name":"005_kulou03"},{"frame":[{"duration":60,"transform":{}}],"name":"004_guanghuan5_2"},{"frame":[{"duration":60,"transform":{}}],"name":"000_guanghuan1_1"}],"name":"010_guanghuan4_1","ik":[],"playTimes":0},{"frame":[],"duration":60,"slot":[{"frame":[{"tweenEasing":0,"duration":10,"color":{"aM":19}},{"tweenEasing":0,"displayIndex":1,"duration":10,"color":{"aM":39}},{"tweenEasing":0,"displayIndex":2,"duration":10,"color":{"aM":56}},{"tweenEasing":0,"displayIndex":3,"duration":10},{"tweenEasing":0,"displayIndex":4,"duration":10,"color":{"aM":56}},{"tweenEasing":0,"displayIndex":5,"duration":10,"color":{"aM":39}},{"tweenEasing":null,"displayIndex":6,"duration":0,"color":{"aM":19}}],"name":"003_guanghuan4_2"},{"frame":[{"tweenEasing":0,"displayIndex":-1,"duration":60},{"tweenEasing":null,"displayIndex":-1,"duration":0}],"name":"003_guanghuan4"},{"frame":[{"tweenEasing":null,"displayIndex":-1,"duration":60}],"name":"001_guanghuan2"},{"frame":[{"tweenEasing":null,"displayIndex":-1,"duration":60}],"name":"001_guanghuan2_1"},{"frame":[{"tweenEasing":null,"displayIndex":-1,"duration":60}],"name":"002_guanghuan3"},{"frame":[{"tweenEasing":null,"displayIndex":-1,"duration":60}],"name":"002_guanghuan3_1"},{"frame":[{"tweenEasing":null,"displayIndex":-1,"duration":60}],"name":"003_guanghuan4_1"},{"frame":[{"tweenEasing":null,"displayIndex":-1,"duration":60}],"name":"004_guanghuan5"},{"frame":[{"tweenEasing":null,"displayIndex":-1,"duration":60}],"name":"004_guanghuan5_1"},{"frame":[{"tweenEasing":null,"displayIndex":-1,"duration":60}],"name":"004_guanghuan5_2"},{"frame":[{"tweenEasing":null,"displayIndex":-1,"duration":60}],"name":"005_guanghuan6"},{"frame":[{"tweenEasing":null,"displayIndex":-1,"duration":60}],"name":"005_guanghuan6_1"},{"frame":[{"tweenEasing":null,"displayIndex":-1,"duration":60}],"name":"005_guanghuan6_3"},{"frame":[{"tweenEasing":null,"displayIndex":-1,"duration":60}],"name":"005_guanghuan6_4"},{"frame":[{"tweenEasing":null,"displayIndex":-1,"duration":60}],"name":"005_kulou01"},{"frame":[{"tweenEasing":null,"displayIndex":-1,"duration":60}],"name":"005_kulou02"},{"frame":[{"tweenEasing":null,"displayIndex":-1,"duration":60}],"name":"005_kulou03"},{"frame":[{"tweenEasing":null,"displayIndex":-1,"duration":60}],"name":"000_guanghuan1"},{"frame":[{"tweenEasing":null,"displayIndex":-1,"duration":60}],"name":"000_guanghuan1_1"}],"ffd":[],"bone":[{"frame":[{"tweenEasing":0,"duration":10,"transform":{"y":-38.9286,"x":-1.07145}},{"tweenEasing":0,"duration":10,"transform":{"y":-38.9286,"x":-1.07145}},{"tweenEasing":0,"duration":10,"transform":{"y":-38.9286,"x":-1.07145}},{"tweenEasing":0,"duration":10,"transform":{"y":-38.9286,"x":-1.07145}},{"tweenEasing":0,"duration":10,"transform":{"y":-38.9286,"x":-1.07145}},{"tweenEasing":0,"duration":10,"transform":{"y":-38.9286,"x":-1.07145}},{"duration":0,"transform":{"y":-38.9286,"x":-1.07145}}],"name":"003_guanghuan4_2"},{"frame":[{"tweenEasing":0,"duration":60,"transform":{"y":39.1015,"x":-84.06405}},{"duration":0,"transform":{"y":39.1015,"x":-84.06405}}],"name":"003_guanghuan4"},{"frame":[{"duration":60,"transform":{}}],"name":"root"},{"frame":[{"duration":60,"transform":{}}],"name":"005_guanghuan6"},{"frame":[{"duration":60,"transform":{}}],"name":"002_guanghuan3"},{"frame":[{"duration":60,"transform":{}}],"name":"000_guanghuan1"},{"frame":[{"duration":60,"transform":{}}],"name":"001_guanghuan2"},{"frame":[{"duration":60,"transform":{}}],"name":"004_guanghuan5"},{"frame":[{"duration":60,"transform":{}}],"name":"002_guanghuan3_1"},{"frame":[{"duration":60,"transform":{}}],"name":"001_guanghuan2_1"},{"frame":[{"duration":60,"transform":{}}],"name":"003_guanghuan4_1"},{"frame":[{"duration":60,"transform":{}}],"name":"004_guanghuan5_1"},{"frame":[{"duration":60,"transform":{}}],"name":"005_guanghuan6_1"},{"frame":[{"duration":60,"transform":{}}],"name":"005_guanghuan6_3"},{"frame":[{"duration":60,"transform":{}}],"name":"005_guanghuan6_4"},{"frame":[{"duration":60,"transform":{}}],"name":"005_kulou01"},{"frame":[{"duration":60,"transform":{}}],"name":"005_kulou02"},{"frame":[{"duration":60,"transform":{}}],"name":"005_kulou03"},{"frame":[{"duration":60,"transform":{}}],"name":"004_guanghuan5_2"},{"frame":[{"duration":60,"transform":{}}],"name":"000_guanghuan1_1"}],"name":"011_guanghuan4_2","ik":[],"playTimes":0},{"frame":[],"duration":60,"slot":[{"frame":[{"tweenEasing":0,"duration":10,"color":{"aM":0}},{"tweenEasing":0,"displayIndex":1,"duration":10,"color":{"aM":19}},{"tweenEasing":0,"displayIndex":2,"duration":10,"color":{"aM":39}},{"tweenEasing":0,"displayIndex":3,"duration":10,"color":{"aM":56}},{"tweenEasing":0,"displayIndex":4,"duration":10,"color":{"aM":39}},{"tweenEasing":0,"displayIndex":5,"duration":10,"color":{"aM":19}},{"tweenEasing":null,"displayIndex":6,"duration":0,"color":{"aM":0}}],"name":"004_guanghuan5_2"},{"frame":[{"tweenEasing":null,"displayIndex":-1,"duration":60}],"name":"004_guanghuan5"},{"frame":[{"tweenEasing":null,"displayIndex":-1,"duration":60}],"name":"001_guanghuan2"},{"frame":[{"tweenEasing":null,"displayIndex":-1,"duration":60}],"name":"001_guanghuan2_1"},{"frame":[{"tweenEasing":null,"displayIndex":-1,"duration":60}],"name":"002_guanghuan3"},{"frame":[{"tweenEasing":null,"displayIndex":-1,"duration":60}],"name":"002_guanghuan3_1"},{"frame":[{"tweenEasing":null,"displayIndex":-1,"duration":60}],"name":"003_guanghuan4"},{"frame":[{"tweenEasing":null,"displayIndex":-1,"duration":60}],"name":"003_guanghuan4_1"},{"frame":[{"tweenEasing":null,"displayIndex":-1,"duration":60}],"name":"003_guanghuan4_2"},{"frame":[{"tweenEasing":null,"displayIndex":-1,"duration":60}],"name":"004_guanghuan5_1"},{"frame":[{"tweenEasing":null,"displayIndex":-1,"duration":60}],"name":"005_guanghuan6"},{"frame":[{"tweenEasing":null,"displayIndex":-1,"duration":60}],"name":"005_guanghuan6_1"},{"frame":[{"tweenEasing":null,"displayIndex":-1,"duration":60}],"name":"005_guanghuan6_3"},{"frame":[{"tweenEasing":null,"displayIndex":-1,"duration":60}],"name":"005_guanghuan6_4"},{"frame":[{"tweenEasing":null,"displayIndex":-1,"duration":60}],"name":"005_kulou01"},{"frame":[{"tweenEasing":null,"displayIndex":-1,"duration":60}],"name":"005_kulou02"},{"frame":[{"tweenEasing":null,"displayIndex":-1,"duration":60}],"name":"005_kulou03"},{"frame":[{"tweenEasing":null,"displayIndex":-1,"duration":60}],"name":"000_guanghuan1"},{"frame":[{"tweenEasing":null,"displayIndex":-1,"duration":60}],"name":"000_guanghuan1_1"}],"ffd":[],"bone":[{"frame":[{"tweenEasing":0,"duration":10,"transform":{"y":-52.5,"scX":-1}},{"tweenEasing":0,"duration":10,"transform":{"y":-52.5,"scX":-1}},{"tweenEasing":0,"duration":10,"transform":{"y":-52.5,"scX":-1}},{"tweenEasing":0,"duration":10,"transform":{"y":-52.5,"scX":-1}},{"tweenEasing":0,"duration":10,"transform":{"y":-52.5,"scX":-1}},{"tweenEasing":0,"duration":10,"transform":{"y":-52.5,"scX":-1}},{"duration":0,"transform":{"y":-52.5,"scX":-1}}],"name":"004_guanghuan5_2"},{"frame":[{"duration":60,"transform":{"y":52.6409}}],"name":"004_guanghuan5"},{"frame":[{"duration":60,"transform":{}}],"name":"root"},{"frame":[{"duration":60,"transform":{}}],"name":"003_guanghuan4"},{"frame":[{"duration":60,"transform":{}}],"name":"005_guanghuan6"},{"frame":[{"duration":60,"transform":{}}],"name":"002_guanghuan3"},{"frame":[{"duration":60,"transform":{}}],"name":"000_guanghuan1"},{"frame":[{"duration":60,"transform":{}}],"name":"001_guanghuan2"},{"frame":[{"duration":60,"transform":{}}],"name":"002_guanghuan3_1"},{"frame":[{"duration":60,"transform":{}}],"name":"001_guanghuan2_1"},{"frame":[{"duration":60,"transform":{}}],"name":"003_guanghuan4_2"},{"frame":[{"duration":60,"transform":{}}],"name":"003_guanghuan4_1"},{"frame":[{"duration":60,"transform":{}}],"name":"004_guanghuan5_1"},{"frame":[{"duration":60,"transform":{}}],"name":"005_guanghuan6_1"},{"frame":[{"duration":60,"transform":{}}],"name":"005_guanghuan6_3"},{"frame":[{"duration":60,"transform":{}}],"name":"005_guanghuan6_4"},{"frame":[{"duration":60,"transform":{}}],"name":"005_kulou01"},{"frame":[{"duration":60,"transform":{}}],"name":"005_kulou02"},{"frame":[{"duration":60,"transform":{}}],"name":"005_kulou03"},{"frame":[{"duration":60,"transform":{}}],"name":"000_guanghuan1_1"}],"name":"012_guanghuan5","ik":[],"playTimes":0},{"frame":[],"duration":130,"slot":[{"frame":[{"tweenEasing":0,"duration":10,"color":{"aM":0}},{"tweenEasing":0,"displayIndex":1,"duration":10,"color":{"aM":19}},{"tweenEasing":0,"displayIndex":2,"duration":10,"color":{"aM":56}},{"tweenEasing":0,"displayIndex":3,"duration":10,"color":{"aM":78}},{"tweenEasing":0,"displayIndex":4,"duration":10,"color":{"aM":56}},{"tweenEasing":0,"displayIndex":5,"duration":10,"color":{"aM":19}},{"tweenEasing":null,"displayIndex":6,"duration":70,"color":{"aM":0}}],"name":"004_guanghuan5_2"},{"frame":[{"tweenEasing":0,"duration":10},{"tweenEasing":0,"displayIndex":1,"duration":10},{"tweenEasing":0,"displayIndex":2,"duration":10},{"tweenEasing":0,"displayIndex":3,"duration":10},{"tweenEasing":0,"displayIndex":4,"duration":10},{"tweenEasing":0,"displayIndex":5,"duration":10},{"tweenEasing":0,"displayIndex":6,"duration":10},{"tweenEasing":0,"duration":10},{"tweenEasing":0,"displayIndex":1,"duration":10},{"tweenEasing":0,"displayIndex":2,"duration":10},{"tweenEasing":0,"displayIndex":3,"duration":10},{"tweenEasing":0,"displayIndex":4,"duration":10},{"tweenEasing":0,"displayIndex":5,"duration":10},{"tweenEasing":null,"displayIndex":6,"duration":0}],"name":"004_guanghuan5_1"},{"frame":[{"tweenEasing":0,"displayIndex":-1,"duration":60},{"tweenEasing":0,"displayIndex":-1,"duration":10},{"tweenEasing":0,"displayIndex":-1,"duration":60},{"tweenEasing":null,"displayIndex":-1,"duration":0}],"name":"004_guanghuan5"},{"frame":[{"tweenEasing":null,"displayIndex":-1,"duration":130}],"name":"001_guanghuan2"},{"frame":[{"tweenEasing":null,"displayIndex":-1,"duration":130}],"name":"001_guanghuan2_1"},{"frame":[{"tweenEasing":null,"displayIndex":-1,"duration":130}],"name":"002_guanghuan3"},{"frame":[{"tweenEasing":null,"displayIndex":-1,"duration":130}],"name":"002_guanghuan3_1"},{"frame":[{"tweenEasing":null,"displayIndex":-1,"duration":130}],"name":"003_guanghuan4"},{"frame":[{"tweenEasing":null,"displayIndex":-1,"duration":130}],"name":"003_guanghuan4_1"},{"frame":[{"tweenEasing":null,"displayIndex":-1,"duration":130}],"name":"003_guanghuan4_2"},{"frame":[{"tweenEasing":null,"displayIndex":-1,"duration":130}],"name":"005_guanghuan6"},{"frame":[{"tweenEasing":null,"displayIndex":-1,"duration":130}],"name":"005_guanghuan6_1"},{"frame":[{"tweenEasing":null,"displayIndex":-1,"duration":130}],"name":"005_guanghuan6_3"},{"frame":[{"tweenEasing":null,"displayIndex":-1,"duration":130}],"name":"005_guanghuan6_4"},{"frame":[{"tweenEasing":null,"displayIndex":-1,"duration":130}],"name":"005_kulou01"},{"frame":[{"tweenEasing":null,"displayIndex":-1,"duration":130}],"name":"005_kulou02"},{"frame":[{"tweenEasing":null,"displayIndex":-1,"duration":130}],"name":"005_kulou03"},{"frame":[{"tweenEasing":null,"displayIndex":-1,"duration":130}],"name":"000_guanghuan1"},{"frame":[{"tweenEasing":null,"displayIndex":-1,"duration":130}],"name":"000_guanghuan1_1"}],"ffd":[],"bone":[{"frame":[{"tweenEasing":0,"duration":10,"transform":{"scY":0.7,"y":-25.19065,"x":0.47155}},{"tweenEasing":0,"duration":10,"transform":{"scY":0.7,"y":-25.19065,"x":0.47155}},{"tweenEasing":0,"duration":10,"transform":{"scY":0.7,"y":-25.19065,"x":0.47155}},{"tweenEasing":0,"duration":10,"transform":{"scY":0.7,"y":-25.19065,"x":0.47155}},{"tweenEasing":0,"duration":10,"transform":{"scY":0.7,"y":-25.19065,"x":0.47155}},{"tweenEasing":0,"duration":10,"transform":{"scY":0.7,"y":-25.19065,"x":0.47155}},{"duration":70,"transform":{"scY":0.7,"y":-25.19065,"x":0.47155}}],"name":"004_guanghuan5_2"},{"frame":[{"tweenEasing":0,"duration":10,"transform":{"y":-25}},{"tweenEasing":0,"duration":10,"transform":{"y":-25}},{"tweenEasing":0,"duration":10,"transform":{"y":-25}},{"tweenEasing":0,"duration":10,"transform":{"y":-25}},{"tweenEasing":0,"duration":10,"transform":{"y":-25}},{"tweenEasing":0,"duration":10,"transform":{"y":-25}},{"tweenEasing":0,"duration":10,"transform":{"y":-25}},{"tweenEasing":0,"duration":10,"transform":{"y":-25}},{"tweenEasing":0,"duration":10,"transform":{"y":-25}},{"tweenEasing":0,"duration":10,"transform":{"y":-25}},{"tweenEasing":0,"duration":10,"transform":{"y":-25}},{"tweenEasing":0,"duration":10,"transform":{"y":-25}},{"tweenEasing":0,"duration":10,"transform":{"y":-25}},{"duration":0,"transform":{"y":-25}}],"name":"004_guanghuan5_1"},{"frame":[{"tweenEasing":0,"duration":60,"transform":{"y":25.32905}},{"tweenEasing":0,"duration":10,"transform":{"y":25.32905}},{"tweenEasing":0,"duration":60,"transform":{"y":25.32905}},{"duration":0,"transform":{"y":25.32905}}],"name":"004_guanghuan5"},{"frame":[{"duration":130,"transform":{}}],"name":"root"},{"frame":[{"duration":130,"transform":{}}],"name":"003_guanghuan4"},{"frame":[{"duration":130,"transform":{}}],"name":"005_guanghuan6"},{"frame":[{"duration":130,"transform":{}}],"name":"002_guanghuan3"},{"frame":[{"duration":130,"transform":{}}],"name":"000_guanghuan1"},{"frame":[{"duration":130,"transform":{}}],"name":"001_guanghuan2"},{"frame":[{"duration":130,"transform":{}}],"name":"002_guanghuan3_1"},{"frame":[{"duration":130,"transform":{}}],"name":"001_guanghuan2_1"},{"frame":[{"duration":130,"transform":{}}],"name":"003_guanghuan4_2"},{"frame":[{"duration":130,"transform":{}}],"name":"003_guanghuan4_1"},{"frame":[{"duration":130,"transform":{}}],"name":"005_guanghuan6_1"},{"frame":[{"duration":130,"transform":{}}],"name":"005_guanghuan6_3"},{"frame":[{"duration":130,"transform":{}}],"name":"005_guanghuan6_4"},{"frame":[{"duration":130,"transform":{}}],"name":"005_kulou01"},{"frame":[{"duration":130,"transform":{}}],"name":"005_kulou02"},{"frame":[{"duration":130,"transform":{}}],"name":"005_kulou03"},{"frame":[{"duration":130,"transform":{}}],"name":"000_guanghuan1_1"}],"name":"013_guanghuan5_1","ik":[],"playTimes":0},{"frame":[],"duration":130,"slot":[{"frame":[{"tweenEasing":0,"displayIndex":-1,"duration":69,"color":{"aM":19}},{"tweenEasing":0,"displayIndex":-1,"duration":1,"color":{"aM":19}},{"tweenEasing":0,"duration":10,"color":{"aM":19}},{"tweenEasing":0,"displayIndex":1,"duration":10,"color":{"aM":19}},{"tweenEasing":0,"displayIndex":2,"duration":10,"color":{"aM":39}},{"tweenEasing":0,"displayIndex":3,"duration":10,"color":{"aM":56}},{"tweenEasing":0,"displayIndex":4,"duration":10,"color":{"aM":39}},{"tweenEasing":0,"displayIndex":5,"duration":10,"color":{"aM":19}},{"tweenEasing":null,"displayIndex":6,"duration":0,"color":{"aM":19}}],"name":"004_guanghuan5_2"},{"frame":[{"tweenEasing":0,"displayIndex":-1,"duration":60},{"tweenEasing":0,"displayIndex":-1,"duration":10},{"tweenEasing":0,"displayIndex":-1,"duration":60},{"tweenEasing":null,"displayIndex":-1,"duration":0}],"name":"004_guanghuan5"},{"frame":[{"tweenEasing":null,"displayIndex":-1,"duration":130}],"name":"001_guanghuan2"},{"frame":[{"tweenEasing":null,"displayIndex":-1,"duration":130}],"name":"001_guanghuan2_1"},{"frame":[{"tweenEasing":null,"displayIndex":-1,"duration":130}],"name":"002_guanghuan3"},{"frame":[{"tweenEasing":null,"displayIndex":-1,"duration":130}],"name":"002_guanghuan3_1"},{"frame":[{"tweenEasing":null,"displayIndex":-1,"duration":130}],"name":"003_guanghuan4"},{"frame":[{"tweenEasing":null,"displayIndex":-1,"duration":130}],"name":"003_guanghuan4_1"},{"frame":[{"tweenEasing":null,"displayIndex":-1,"duration":130}],"name":"003_guanghuan4_2"},{"frame":[{"tweenEasing":null,"displayIndex":-1,"duration":130}],"name":"004_guanghuan5_1"},{"frame":[{"tweenEasing":null,"displayIndex":-1,"duration":130}],"name":"005_guanghuan6"},{"frame":[{"tweenEasing":null,"displayIndex":-1,"duration":130}],"name":"005_guanghuan6_1"},{"frame":[{"tweenEasing":null,"displayIndex":-1,"duration":130}],"name":"005_guanghuan6_3"},{"frame":[{"tweenEasing":null,"displayIndex":-1,"duration":130}],"name":"005_guanghuan6_4"},{"frame":[{"tweenEasing":null,"displayIndex":-1,"duration":130}],"name":"005_kulou01"},{"frame":[{"tweenEasing":null,"displayIndex":-1,"duration":130}],"name":"005_kulou02"},{"frame":[{"tweenEasing":null,"displayIndex":-1,"duration":130}],"name":"005_kulou03"},{"frame":[{"tweenEasing":null,"displayIndex":-1,"duration":130}],"name":"000_guanghuan1"},{"frame":[{"tweenEasing":null,"displayIndex":-1,"duration":130}],"name":"000_guanghuan1_1"}],"ffd":[],"bone":[{"frame":[{"tweenEasing":0,"duration":69,"transform":{"scY":0.8,"y":-46.5}},{"tweenEasing":0,"duration":1,"transform":{"scY":0.8,"y":-46.5}},{"tweenEasing":0,"duration":10,"transform":{"scY":0.8,"y":-46.5}},{"tweenEasing":0,"duration":10,"transform":{"scY":0.8,"y":-46.5}},{"tweenEasing":0,"duration":10,"transform":{"scY":0.8,"y":-46.5}},{"tweenEasing":0,"duration":10,"transform":{"scY":0.8,"y":-46.5}},{"tweenEasing":0,"duration":10,"transform":{"scY":0.8,"y":-46.5}},{"tweenEasing":0,"duration":10,"transform":{"scY":0.8,"y":-46.5}},{"duration":0,"transform":{"scY":0.8,"y":-46.5}}],"name":"004_guanghuan5_2"},{"frame":[{"tweenEasing":0,"duration":60,"transform":{"y":46.58415}},{"tweenEasing":0,"duration":10,"transform":{"y":46.58415}},{"tweenEasing":0,"duration":60,"transform":{"y":46.58415}},{"duration":0,"transform":{"y":46.58415}}],"name":"004_guanghuan5"},{"frame":[{"duration":130,"transform":{}}],"name":"root"},{"frame":[{"duration":130,"transform":{}}],"name":"003_guanghuan4"},{"frame":[{"duration":130,"transform":{}}],"name":"005_guanghuan6"},{"frame":[{"duration":130,"transform":{}}],"name":"002_guanghuan3"},{"frame":[{"duration":130,"transform":{}}],"name":"000_guanghuan1"},{"frame":[{"duration":130,"transform":{}}],"name":"001_guanghuan2"},{"frame":[{"duration":130,"transform":{}}],"name":"002_guanghuan3_1"},{"frame":[{"duration":130,"transform":{}}],"name":"001_guanghuan2_1"},{"frame":[{"duration":130,"transform":{}}],"name":"003_guanghuan4_2"},{"frame":[{"duration":130,"transform":{}}],"name":"003_guanghuan4_1"},{"frame":[{"duration":130,"transform":{}}],"name":"004_guanghuan5_1"},{"frame":[{"duration":130,"transform":{}}],"name":"005_guanghuan6_1"},{"frame":[{"duration":130,"transform":{}}],"name":"005_guanghuan6_3"},{"frame":[{"duration":130,"transform":{}}],"name":"005_guanghuan6_4"},{"frame":[{"duration":130,"transform":{}}],"name":"005_kulou01"},{"frame":[{"duration":130,"transform":{}}],"name":"005_kulou02"},{"frame":[{"duration":130,"transform":{}}],"name":"005_kulou03"},{"frame":[{"duration":130,"transform":{}}],"name":"000_guanghuan1_1"}],"name":"014_guanghuan5_2","ik":[],"playTimes":0},{"frame":[],"duration":60,"slot":[{"frame":[{"tweenEasing":0,"duration":30,"color":{"aM":0}},{"tweenEasing":0,"duration":30},{"tweenEasing":null,"duration":0,"color":{"aM":0}}],"name":"005_kulou01"},{"frame":[{"tweenEasing":0,"duration":10,"color":{"aM":0}},{"tweenEasing":0,"duration":10,"color":{"aM":56}},{"tweenEasing":0,"displayIndex":1,"duration":10},{"tweenEasing":0,"displayIndex":2,"duration":10},{"tweenEasing":0,"displayIndex":3,"duration":10},{"tweenEasing":0,"displayIndex":4,"duration":10,"color":{"aM":56}},{"tweenEasing":null,"displayIndex":4,"duration":0,"color":{"aM":0}}],"name":"005_guanghuan6_4"},{"frame":[{"tweenEasing":0,"duration":10,"color":{"aM":19}},{"tweenEasing":0,"displayIndex":1,"duration":10,"color":{"aM":39}},{"tweenEasing":0,"displayIndex":2,"duration":10,"color":{"aM":56}},{"tweenEasing":0,"displayIndex":3,"duration":10,"color":{"aM":78}},{"tweenEasing":0,"displayIndex":4,"duration":10,"color":{"aM":98}},{"tweenEasing":0,"displayIndex":5,"duration":10,"color":{"aM":56}},{"tweenEasing":null,"displayIndex":5,"duration":0,"color":{"aM":0}}],"name":"005_guanghuan6_3"},{"frame":[{"tweenEasing":0,"duration":10},{"tweenEasing":0,"displayIndex":1,"duration":10},{"tweenEasing":0,"displayIndex":2,"duration":10},{"tweenEasing":0,"displayIndex":3,"duration":10},{"tweenEasing":0,"displayIndex":4,"duration":10},{"tweenEasing":0,"displayIndex":5,"duration":10},{"tweenEasing":null,"displayIndex":6,"duration":0}],"name":"005_guanghuan6_1"},{"frame":[{"tweenEasing":0,"displayIndex":-1,"duration":60},{"tweenEasing":null,"displayIndex":-1,"duration":0}],"name":"005_guanghuan6"},{"frame":[{"tweenEasing":null,"displayIndex":-1,"duration":60}],"name":"001_guanghuan2"},{"frame":[{"tweenEasing":null,"displayIndex":-1,"duration":60}],"name":"001_guanghuan2_1"},{"frame":[{"tweenEasing":null,"displayIndex":-1,"duration":60}],"name":"002_guanghuan3"},{"frame":[{"tweenEasing":null,"displayIndex":-1,"duration":60}],"name":"002_guanghuan3_1"},{"frame":[{"tweenEasing":null,"displayIndex":-1,"duration":60}],"name":"003_guanghuan4"},{"frame":[{"tweenEasing":null,"displayIndex":-1,"duration":60}],"name":"003_guanghuan4_1"},{"frame":[{"tweenEasing":null,"displayIndex":-1,"duration":60}],"name":"003_guanghuan4_2"},{"frame":[{"tweenEasing":null,"displayIndex":-1,"duration":60}],"name":"004_guanghuan5"},{"frame":[{"tweenEasing":null,"displayIndex":-1,"duration":60}],"name":"004_guanghuan5_1"},{"frame":[{"tweenEasing":null,"displayIndex":-1,"duration":60}],"name":"004_guanghuan5_2"},{"frame":[{"tweenEasing":null,"displayIndex":-1,"duration":60}],"name":"005_kulou02"},{"frame":[{"tweenEasing":null,"displayIndex":-1,"duration":60}],"name":"005_kulou03"},{"frame":[{"tweenEasing":null,"displayIndex":-1,"duration":60}],"name":"000_guanghuan1"},{"frame":[{"tweenEasing":null,"displayIndex":-1,"duration":60}],"name":"000_guanghuan1_1"}],"ffd":[],"bone":[{"frame":[{"tweenEasing":0,"duration":30,"transform":{"scY":0.6,"y":-20.67235,"scX":0.6,"x":1.43355}},{"tweenEasing":0,"duration":30,"transform":{"y":-20.67235,"x":1.43355}},{"duration":0,"transform":{"scY":1.2,"y":-20.67235,"scX":1.2,"x":1.43355}}],"name":"005_kulou01"},{"frame":[{"tweenEasing":0,"duration":10,"transform":{"scY":1.1,"y":-31.5123,"scX":1.3,"x":2.17285}},{"tweenEasing":0,"duration":10,"transform":{"scY":1.1,"y":-31.5123,"scX":1.3,"x":2.17285}},{"tweenEasing":0,"duration":10,"transform":{"scY":1.1,"y":-31.5123,"scX":1.3,"x":2.17285}},{"tweenEasing":0,"duration":10,"transform":{"scY":1.1,"y":-31.5123,"scX":1.3,"x":2.17285}},{"tweenEasing":0,"duration":10,"transform":{"scY":1.1,"y":-31.5123,"scX":1.3,"x":2.17285}},{"tweenEasing":0,"duration":10,"transform":{"scY":1.1,"y":-31.5123,"scX":1.3,"x":2.17285}},{"duration":0,"transform":{"scY":1.1,"y":-31.5123,"scX":1.3,"x":2.17285}}],"name":"005_guanghuan6_4"},{"frame":[{"tweenEasing":0,"duration":10,"transform":{"scY":0.4,"y":45.30545,"scX":1.4}},{"tweenEasing":0,"duration":10,"transform":{"scY":0.4,"y":45.30545,"scX":1.4}},{"tweenEasing":0,"duration":10,"transform":{"scY":0.4,"y":45.30545,"scX":1.4}},{"tweenEasing":0,"duration":10,"transform":{"scY":0.4,"y":45.30545,"scX":1.4}},{"tweenEasing":0,"duration":10,"transform":{"scY":0.4,"y":45.30545,"scX":1.4}},{"tweenEasing":0,"duration":10,"transform":{"scY":0.4,"y":45.30545,"scX":1.4}},{"duration":0,"transform":{"scY":0.4,"y":45.30545,"scX":1.4}}],"name":"005_guanghuan6_3"},{"frame":[{"tweenEasing":0,"duration":10,"transform":{"y":-25}},{"tweenEasing":0,"duration":10,"transform":{"y":-25}},{"tweenEasing":0,"duration":10,"transform":{"y":-25}},{"tweenEasing":0,"duration":10,"transform":{"y":-25}},{"tweenEasing":0,"duration":10,"transform":{"y":-25}},{"tweenEasing":0,"duration":10,"transform":{"y":-25}},{"duration":0,"transform":{"y":-25}}],"name":"005_guanghuan6_1"},{"frame":[{"tweenEasing":0,"duration":60,"transform":{"y":25.10735,"x":-160.33995}},{"duration":0,"transform":{"y":25.10735,"x":-160.33995}}],"name":"005_guanghuan6"},{"frame":[{"duration":60,"transform":{}}],"name":"root"},{"frame":[{"duration":60,"transform":{}}],"name":"003_guanghuan4"},{"frame":[{"duration":60,"transform":{}}],"name":"002_guanghuan3"},{"frame":[{"duration":60,"transform":{}}],"name":"000_guanghuan1"},{"frame":[{"duration":60,"transform":{}}],"name":"001_guanghuan2"},{"frame":[{"duration":60,"transform":{}}],"name":"004_guanghuan5"},{"frame":[{"duration":60,"transform":{}}],"name":"002_guanghuan3_1"},{"frame":[{"duration":60,"transform":{}}],"name":"001_guanghuan2_1"},{"frame":[{"duration":60,"transform":{}}],"name":"003_guanghuan4_2"},{"frame":[{"duration":60,"transform":{}}],"name":"003_guanghuan4_1"},{"frame":[{"duration":60,"transform":{}}],"name":"004_guanghuan5_1"},{"frame":[{"duration":60,"transform":{}}],"name":"005_kulou02"},{"frame":[{"duration":60,"transform":{}}],"name":"005_kulou03"},{"frame":[{"duration":60,"transform":{}}],"name":"004_guanghuan5_2"},{"frame":[{"duration":60,"transform":{}}],"name":"000_guanghuan1_1"}],"name":"015_guanghuan6","ik":[],"playTimes":0},{"frame":[],"duration":130,"slot":[{"frame":[{"tweenEasing":0,"duration":10,"color":{"aM":0}},{"tweenEasing":0,"duration":10,"color":{"aM":19}},{"tweenEasing":0,"displayIndex":1,"duration":10,"color":{"aM":56}},{"tweenEasing":0,"displayIndex":2,"duration":10,"color":{"aM":78}},{"tweenEasing":0,"displayIndex":3,"duration":10,"color":{"aM":56}},{"tweenEasing":0,"displayIndex":4,"duration":10,"color":{"aM":19}},{"tweenEasing":null,"displayIndex":4,"duration":70,"color":{"aM":0}}],"name":"005_guanghuan6_4"},{"frame":[{"tweenEasing":0,"duration":10,"color":{"aM":19}},{"tweenEasing":0,"displayIndex":1,"duration":10,"color":{"aM":39}},{"tweenEasing":0,"displayIndex":2,"duration":10,"color":{"aM":56}},{"tweenEasing":0,"displayIndex":3,"duration":10,"color":{"aM":78}},{"tweenEasing":0,"displayIndex":4,"duration":10,"color":{"aM":98}},{"tweenEasing":0,"displayIndex":5,"duration":10,"color":{"aM":56}},{"tweenEasing":0,"displayIndex":5,"duration":10,"color":{"aM":0}},{"tweenEasing":0,"duration":10,"color":{"aM":19}},{"tweenEasing":0,"displayIndex":1,"duration":10,"color":{"aM":39}},{"tweenEasing":0,"displayIndex":2,"duration":10,"color":{"aM":56}},{"tweenEasing":0,"displayIndex":3,"duration":10,"color":{"aM":78}},{"tweenEasing":0,"displayIndex":4,"duration":10,"color":{"aM":98}},{"tweenEasing":0,"displayIndex":5,"duration":10,"color":{"aM":56}},{"tweenEasing":null,"displayIndex":5,"duration":0,"color":{"aM":0}}],"name":"005_guanghuan6_3"},{"frame":[{"tweenEasing":0,"duration":10},{"tweenEasing":0,"displayIndex":1,"duration":10},{"tweenEasing":0,"displayIndex":2,"duration":10},{"tweenEasing":0,"displayIndex":3,"duration":10},{"tweenEasing":0,"displayIndex":4,"duration":10},{"tweenEasing":0,"displayIndex":5,"duration":10},{"tweenEasing":0,"displayIndex":6,"duration":10},{"tweenEasing":0,"duration":10},{"tweenEasing":0,"displayIndex":1,"duration":10},{"tweenEasing":0,"displayIndex":2,"duration":10},{"tweenEasing":0,"displayIndex":3,"duration":10},{"tweenEasing":0,"displayIndex":4,"duration":10},{"tweenEasing":0,"displayIndex":5,"duration":10},{"tweenEasing":null,"displayIndex":6,"duration":0}],"name":"005_guanghuan6_1"},{"frame":[{"tweenEasing":0,"displayIndex":-1,"duration":60},{"tweenEasing":0,"displayIndex":-1,"duration":10},{"tweenEasing":0,"displayIndex":-1,"duration":60},{"tweenEasing":null,"displayIndex":-1,"duration":0}],"name":"005_guanghuan6"},{"frame":[{"tweenEasing":null,"displayIndex":-1,"duration":130}],"name":"001_guanghuan2"},{"frame":[{"tweenEasing":null,"displayIndex":-1,"duration":130}],"name":"001_guanghuan2_1"},{"frame":[{"tweenEasing":null,"displayIndex":-1,"duration":130}],"name":"002_guanghuan3"},{"frame":[{"tweenEasing":null,"displayIndex":-1,"duration":130}],"name":"002_guanghuan3_1"},{"frame":[{"tweenEasing":null,"displayIndex":-1,"duration":130}],"name":"003_guanghuan4"},{"frame":[{"tweenEasing":null,"displayIndex":-1,"duration":130}],"name":"003_guanghuan4_1"},{"frame":[{"tweenEasing":null,"displayIndex":-1,"duration":130}],"name":"003_guanghuan4_2"},{"frame":[{"tweenEasing":null,"displayIndex":-1,"duration":130}],"name":"004_guanghuan5"},{"frame":[{"tweenEasing":null,"displayIndex":-1,"duration":130}],"name":"004_guanghuan5_1"},{"frame":[{"tweenEasing":null,"displayIndex":-1,"duration":130}],"name":"004_guanghuan5_2"},{"frame":[{"tweenEasing":null,"displayIndex":-1,"duration":130}],"name":"005_kulou01"},{"frame":[{"tweenEasing":null,"displayIndex":-1,"duration":130}],"name":"005_kulou02"},{"frame":[{"tweenEasing":null,"displayIndex":-1,"duration":130}],"name":"005_kulou03"},{"frame":[{"tweenEasing":null,"displayIndex":-1,"duration":130}],"name":"000_guanghuan1"},{"frame":[{"tweenEasing":null,"displayIndex":-1,"duration":130}],"name":"000_guanghuan1_1"}],"ffd":[],"bone":[{"frame":[{"tweenEasing":0,"duration":10,"transform":{"scY":1.1,"y":-29.69465,"scX":1.3,"x":2.75755}},{"tweenEasing":0,"duration":10,"transform":{"scY":1.1,"y":-29.69465,"scX":1.3,"x":2.75755}},{"tweenEasing":0,"duration":10,"transform":{"scY":1.1,"y":-29.69465,"scX":1.3,"x":2.75755}},{"tweenEasing":0,"duration":10,"transform":{"scY":1.1,"y":-29.69465,"scX":1.3,"x":2.75755}},{"tweenEasing":0,"duration":10,"transform":{"scY":1.1,"y":-29.69465,"scX":1.3,"x":2.75755}},{"tweenEasing":0,"duration":10,"transform":{"scY":1.1,"y":-29.69465,"scX":1.3,"x":2.75755}},{"duration":70,"transform":{"scY":1.1,"y":-29.69465,"scX":1.3,"x":2.75755}}],"name":"005_guanghuan6_4"},{"frame":[{"tweenEasing":0,"duration":10,"transform":{"scY":0.4,"y":45.73175,"scX":1.4}},{"tweenEasing":0,"duration":10,"transform":{"scY":0.4,"y":45.73175,"scX":1.4}},{"tweenEasing":0,"duration":10,"transform":{"scY":0.4,"y":45.73175,"scX":1.4}},{"tweenEasing":0,"duration":10,"transform":{"scY":0.4,"y":45.73175,"scX":1.4}},{"tweenEasing":0,"duration":10,"transform":{"scY":0.4,"y":45.73175,"scX":1.4}},{"tweenEasing":0,"duration":10,"transform":{"scY":0.4,"y":45.73175,"scX":1.4}},{"tweenEasing":0,"duration":10,"transform":{"scY":0.4,"y":45.73175,"scX":1.4}},{"tweenEasing":0,"duration":10,"transform":{"scY":0.4,"y":45.73175,"scX":1.4}},{"tweenEasing":0,"duration":10,"transform":{"scY":0.4,"y":45.73175,"scX":1.4}},{"tweenEasing":0,"duration":10,"transform":{"scY":0.4,"y":45.73175,"scX":1.4}},{"tweenEasing":0,"duration":10,"transform":{"scY":0.4,"y":45.73175,"scX":1.4}},{"tweenEasing":0,"duration":10,"transform":{"scY":0.4,"y":45.73175,"scX":1.4}},{"tweenEasing":0,"duration":10,"transform":{"scY":0.4,"y":45.73175,"scX":1.4}},{"duration":0,"transform":{"scY":0.4,"y":45.73175,"scX":1.4}}],"name":"005_guanghuan6_3"},{"frame":[{"tweenEasing":0,"duration":10,"transform":{"y":-25}},{"tweenEasing":0,"duration":10,"transform":{"y":-25}},{"tweenEasing":0,"duration":10,"transform":{"y":-25}},{"tweenEasing":0,"duration":10,"transform":{"y":-25}},{"tweenEasing":0,"duration":10,"transform":{"y":-25}},{"tweenEasing":0,"duration":10,"transform":{"y":-25}},{"tweenEasing":0,"duration":10,"transform":{"y":-25}},{"tweenEasing":0,"duration":10,"transform":{"y":-25}},{"tweenEasing":0,"duration":10,"transform":{"y":-25}},{"tweenEasing":0,"duration":10,"transform":{"y":-25}},{"tweenEasing":0,"duration":10,"transform":{"y":-25}},{"tweenEasing":0,"duration":10,"transform":{"y":-25}},{"tweenEasing":0,"duration":10,"transform":{"y":-25}},{"duration":0,"transform":{"y":-25}}],"name":"005_guanghuan6_1"},{"frame":[{"tweenEasing":0,"duration":60,"transform":{"y":25.2347,"x":-160.18595}},{"tweenEasing":0,"duration":10,"transform":{"y":25.2347,"x":-160.18595}},{"tweenEasing":0,"duration":60,"transform":{"y":25.2347,"x":-160.18595}},{"duration":0,"transform":{"y":25.2347,"x":-160.18595}}],"name":"005_guanghuan6"},{"frame":[{"duration":130,"transform":{}}],"name":"root"},{"frame":[{"duration":130,"transform":{}}],"name":"003_guanghuan4"},{"frame":[{"duration":130,"transform":{}}],"name":"002_guanghuan3"},{"frame":[{"duration":130,"transform":{}}],"name":"000_guanghuan1"},{"frame":[{"duration":130,"transform":{}}],"name":"001_guanghuan2"},{"frame":[{"duration":130,"transform":{}}],"name":"004_guanghuan5"},{"frame":[{"duration":130,"transform":{}}],"name":"002_guanghuan3_1"},{"frame":[{"duration":130,"transform":{}}],"name":"001_guanghuan2_1"},{"frame":[{"duration":130,"transform":{}}],"name":"003_guanghuan4_2"},{"frame":[{"duration":130,"transform":{}}],"name":"003_guanghuan4_1"},{"frame":[{"duration":130,"transform":{}}],"name":"004_guanghuan5_1"},{"frame":[{"duration":130,"transform":{}}],"name":"005_kulou01"},{"frame":[{"duration":130,"transform":{}}],"name":"005_kulou02"},{"frame":[{"duration":130,"transform":{}}],"name":"005_kulou03"},{"frame":[{"duration":130,"transform":{}}],"name":"004_guanghuan5_2"},{"frame":[{"duration":130,"transform":{}}],"name":"000_guanghuan1_1"}],"name":"016_guanghuan6_1","ik":[],"playTimes":0},{"frame":[],"duration":130,"slot":[{"frame":[{"tweenEasing":0,"displayIndex":-1,"duration":79,"color":{"aM":0}},{"tweenEasing":0,"displayIndex":-1,"duration":1,"color":{"aM":0}},{"tweenEasing":0,"duration":25,"color":{"aM":0}},{"tweenEasing":0,"duration":25,"color":{"aM":56}},{"tweenEasing":null,"duration":0,"color":{"aM":0}}],"name":"005_kulou03"},{"frame":[{"tweenEasing":0,"displayIndex":-1,"duration":39,"color":{"aM":0}},{"tweenEasing":0,"displayIndex":-1,"duration":1,"color":{"aM":0}},{"tweenEasing":0,"duration":30,"color":{"aM":0}},{"tweenEasing":0,"duration":35,"color":{"aM":56}},{"tweenEasing":0,"duration":1,"color":{"aM":0}},{"tweenEasing":null,"displayIndex":-1,"duration":24,"color":{"aM":0}}],"name":"005_kulou02"},{"frame":[{"tweenEasing":0,"duration":40,"color":{"aM":0}},{"tweenEasing":0,"duration":30,"color":{"aM":56}},{"tweenEasing":0,"duration":1,"color":{"aM":0}},{"tweenEasing":null,"displayIndex":-1,"duration":59,"color":{"aM":0}}],"name":"005_kulou01"},{"frame":[{"tweenEasing":0,"displayIndex":-1,"duration":130},{"tweenEasing":null,"displayIndex":-1,"duration":0}],"name":"005_guanghuan6"},{"frame":[{"tweenEasing":null,"displayIndex":-1,"duration":130}],"name":"001_guanghuan2"},{"frame":[{"tweenEasing":null,"displayIndex":-1,"duration":130}],"name":"001_guanghuan2_1"},{"frame":[{"tweenEasing":null,"displayIndex":-1,"duration":130}],"name":"002_guanghuan3"},{"frame":[{"tweenEasing":null,"displayIndex":-1,"duration":130}],"name":"002_guanghuan3_1"},{"frame":[{"tweenEasing":null,"displayIndex":-1,"duration":130}],"name":"003_guanghuan4"},{"frame":[{"tweenEasing":null,"displayIndex":-1,"duration":130}],"name":"003_guanghuan4_1"},{"frame":[{"tweenEasing":null,"displayIndex":-1,"duration":130}],"name":"003_guanghuan4_2"},{"frame":[{"tweenEasing":null,"displayIndex":-1,"duration":130}],"name":"004_guanghuan5"},{"frame":[{"tweenEasing":null,"displayIndex":-1,"duration":130}],"name":"004_guanghuan5_1"},{"frame":[{"tweenEasing":null,"displayIndex":-1,"duration":130}],"name":"004_guanghuan5_2"},{"frame":[{"tweenEasing":null,"displayIndex":-1,"duration":130}],"name":"005_guanghuan6_1"},{"frame":[{"tweenEasing":null,"displayIndex":-1,"duration":130}],"name":"005_guanghuan6_3"},{"frame":[{"tweenEasing":null,"displayIndex":-1,"duration":130}],"name":"005_guanghuan6_4"},{"frame":[{"tweenEasing":null,"displayIndex":-1,"duration":130}],"name":"000_guanghuan1"},{"frame":[{"tweenEasing":null,"displayIndex":-1,"duration":130}],"name":"000_guanghuan1_1"}],"ffd":[],"bone":[{"frame":[{"tweenEasing":0,"duration":79,"transform":{"scY":0.3,"y":-59.5,"scX":0.3,"x":-12.5}},{"tweenEasing":0,"duration":1,"transform":{"scY":0.3,"y":-59.5,"scX":0.3,"x":-12.5}},{"tweenEasing":0,"duration":25,"transform":{"scY":0.3,"y":-59.5,"scX":0.3,"x":-12.5}},{"tweenEasing":0,"duration":25,"transform":{"scY":0.4,"y":-59.5,"scX":0.4,"x":-12.5}},{"duration":0,"transform":{"scY":0.44,"y":-59.5,"scX":0.44,"x":-12.5}}],"name":"005_kulou03"},{"frame":[{"tweenEasing":0,"duration":39,"transform":{"scY":0.5,"y":-36.5,"scX":0.5,"x":19.5}},{"tweenEasing":0,"duration":1,"transform":{"scY":0.5,"y":-36.5,"scX":0.5,"x":19.5}},{"tweenEasing":0,"duration":30,"transform":{"scY":0.5,"y":-36.5,"scX":0.5,"x":19.5}},{"tweenEasing":0,"duration":35,"transform":{"scY":0.6,"y":-36.5,"scX":0.6,"x":19.5}},{"tweenEasing":0,"duration":1,"transform":{"scY":0.66,"y":-36.5,"scX":0.66,"x":19.5}},{"duration":24,"transform":{"scY":0.66,"y":-36.5,"scX":0.66,"x":19.5}}],"name":"005_kulou02"},{"frame":[{"tweenEasing":0,"duration":40,"transform":{"scY":0.4,"y":-20.16665,"scX":0.4,"x":-14.58335}},{"tweenEasing":0,"duration":30,"transform":{"scY":0.5,"y":-20.16665,"scX":0.5,"x":-14.58335}},{"tweenEasing":0,"duration":1,"transform":{"scY":0.55,"y":-20.16665,"scX":0.55,"x":-14.58335}},{"duration":59,"transform":{"scY":0.55,"y":-20.16665,"scX":0.55,"x":-14.58335}}],"name":"005_kulou01"},{"frame":[{"tweenEasing":0,"duration":130,"transform":{"y":31.5781,"x":-159.27805}},{"duration":0,"transform":{"y":31.5781,"x":-159.27805}}],"name":"005_guanghuan6"},{"frame":[{"duration":130,"transform":{}}],"name":"root"},{"frame":[{"duration":130,"transform":{}}],"name":"003_guanghuan4"},{"frame":[{"duration":130,"transform":{}}],"name":"002_guanghuan3"},{"frame":[{"duration":130,"transform":{}}],"name":"000_guanghuan1"},{"frame":[{"duration":130,"transform":{}}],"name":"001_guanghuan2"},{"frame":[{"duration":130,"transform":{}}],"name":"004_guanghuan5"},{"frame":[{"duration":130,"transform":{}}],"name":"002_guanghuan3_1"},{"frame":[{"duration":130,"transform":{}}],"name":"001_guanghuan2_1"},{"frame":[{"duration":130,"transform":{}}],"name":"003_guanghuan4_2"},{"frame":[{"duration":130,"transform":{}}],"name":"003_guanghuan4_1"},{"frame":[{"duration":130,"transform":{}}],"name":"004_guanghuan5_1"},{"frame":[{"duration":130,"transform":{}}],"name":"005_guanghuan6_1"},{"frame":[{"duration":130,"transform":{}}],"name":"005_guanghuan6_3"},{"frame":[{"duration":130,"transform":{}}],"name":"005_guanghuan6_4"},{"frame":[{"duration":130,"transform":{}}],"name":"004_guanghuan5_2"},{"frame":[{"duration":130,"transform":{}}],"name":"000_guanghuan1_1"}],"name":"017_guanghuan6_2","ik":[],"playTimes":0}],"type":"Armature","frameRate":60,"ik":[],"bone":[{"name":"root","transform":{}},{"inheritScale":false,"transform":{"x":85.13245},"name":"003_guanghuan4","parent":"root"},{"inheritScale":false,"transform":{"y":0.1718,"x":159.4763},"name":"005_guanghuan6","parent":"root"},{"inheritScale":false,"transform":{"x":-74.07625},"name":"002_guanghuan3","parent":"root"},{"inheritScale":false,"transform":{"y":0.12365,"x":-142.60865},"name":"000_guanghuan1","parent":"root"},{"inheritScale":false,"transform":{"x":-218.3839},"name":"001_guanghuan2","parent":"root"},{"inheritScale":false,"transform":{},"name":"004_guanghuan5","parent":"root"},{"inheritScale":false,"transform":{},"name":"002_guanghuan3_1","parent":"002_guanghuan3"},{"inheritScale":false,"transform":{},"name":"001_guanghuan2_1","parent":"001_guanghuan2"},{"inheritScale":false,"transform":{"y":-31.5341,"x":6.95155},"name":"003_guanghuan4_2","parent":"003_guanghuan4"},{"inheritScale":false,"transform":{"y":0.16445,"x":0.0085},"name":"003_guanghuan4_1","parent":"003_guanghuan4"},{"inheritScale":false,"transform":{},"name":"004_guanghuan5_1","parent":"004_guanghuan5"},{"inheritScale":false,"transform":{},"name":"005_guanghuan6_1","parent":"005_guanghuan6"},{"inheritScale":false,"transform":{"y":-72.3231},"name":"005_guanghuan6_3","parent":"005_guanghuan6"},{"inheritScale":false,"transform":{"y":-48.3154},"name":"005_guanghuan6_4","parent":"005_guanghuan6"},{"inheritScale":false,"transform":{"y":-37.89105},"name":"005_kulou01","parent":"005_guanghuan6"},{"inheritScale":false,"transform":{"y":-37.25925},"name":"005_kulou02","parent":"005_guanghuan6"},{"inheritScale":false,"transform":{"y":-37.25925},"name":"005_kulou03","parent":"005_guanghuan6"},{"inheritScale":false,"transform":{},"name":"004_guanghuan5_2","parent":"004_guanghuan5"},{"inheritScale":false,"transform":{},"name":"000_guanghuan1_1","parent":"000_guanghuan1"}],"aabb":{"width":442.78075,"y":-144.65879999999999,"height":170,"x":-241.8839},"skin":[{"slot":[{"display":[{"path":"gz_guanghuan05/0_00000","type":"image","name":"gz_guanghuan05/0_00000","transform":{"y":-59.6588}},{"path":"gz_guanghuan05/0_00001","type":"image","name":"gz_guanghuan05/0_00001","transform":{"y":-59.21175,"x":-1.34115}},{"path":"gz_guanghuan05/0_00002","type":"image","name":"gz_guanghuan05/0_00002","transform":{"y":-57.42355,"x":-2.23525}},{"path":"gz_guanghuan05/0_00003","type":"image","name":"gz_guanghuan05/0_00003","transform":{"y":-59.63645}},{"path":"gz_guanghuan05/0_00004","type":"image","name":"gz_guanghuan05/0_00004","transform":{"y":-59.9047}},{"path":"gz_guanghuan05/0_00005","type":"image","name":"gz_guanghuan05/0_00005","transform":{"y":-60.10585,"x":-2.23525}},{"path":"gz_guanghuan05/0_00006","type":"image","name":"gz_guanghuan05/0_00006","transform":{"y":-60.5529,"x":-2.23525}}],"blendMode":"add","name":"004_guanghuan5_2"},{"display":[{"path":"gz_guanghuan06/04/hong_fazhen_01_eff_01","type":"image","name":"gz_guanghuan06/04/hong_fazhen_01_eff_01","transform":{"x":3.4748}},{"path":"gz_guanghuan06/04/hong_fazhen_01_eff_02","type":"image","name":"gz_guanghuan06/04/hong_fazhen_01_eff_02","transform":{"y":1.26355,"x":0.94765}},{"path":"gz_guanghuan06/04/hong_fazhen_01_eff_03","type":"image","name":"gz_guanghuan06/04/hong_fazhen_01_eff_03","transform":{"y":9.4767,"x":1.26355}},{"path":"gz_guanghuan06/04/hong_fazhen_01_eff_04","type":"image","name":"gz_guanghuan06/04/hong_fazhen_01_eff_04","transform":{"y":9.4767,"x":1.26355}},{"path":"gz_guanghuan06/04/hong_fazhen_01_eff_05","type":"image","name":"gz_guanghuan06/04/hong_fazhen_01_eff_05","transform":{"y":8.84495,"x":-1.57945}}],"name":"005_guanghuan6_4"},{"display":[{"path":"gz_guanghuan06/01/0_00000","type":"image","name":"gz_guanghuan06/01/0_00000","transform":{}},{"path":"gz_guanghuan06/01/0_00001","type":"image","name":"gz_guanghuan06/01/0_00001","transform":{}},{"path":"gz_guanghuan06/01/0_00002","type":"image","name":"gz_guanghuan06/01/0_00002","transform":{"y":-3.815,"skX":-0.1168,"skY":-0.1168}},{"path":"gz_guanghuan06/01/0_00003","type":"image","name":"gz_guanghuan06/01/0_00003","transform":{"y":-27.1}},{"path":"gz_guanghuan06/01/0_00004","type":"image","name":"gz_guanghuan06/01/0_00004","transform":{"y":-27.1}},{"path":"gz_guanghuan06/01/0_00005","type":"image","name":"gz_guanghuan06/01/0_00005","transform":{"y":-26.41}},{"path":"gz_guanghuan06/01/0_00006","type":"image","name":"gz_guanghuan06/01/0_00006","transform":{}}],"name":"005_guanghuan6_1"},{"display":[{"path":"gz_guanghuan05/01/0_00000","type":"image","name":"gz_guanghuan05/01/0_00000","transform":{}},{"path":"gz_guanghuan05/01/0_00001","type":"image","name":"gz_guanghuan05/01/0_00001","transform":{}},{"path":"gz_guanghuan05/01/0_00002","type":"image","name":"gz_guanghuan05/01/0_00002","transform":{"y":-3.815}},{"path":"gz_guanghuan05/01/0_00003","type":"image","name":"gz_guanghuan05/01/0_00003","transform":{"y":-27.1}},{"path":"gz_guanghuan05/01/0_00004","type":"image","name":"gz_guanghuan05/01/0_00004","transform":{"y":-27.1}},{"path":"gz_guanghuan05/01/0_00005","type":"image","name":"gz_guanghuan05/01/0_00005","transform":{"y":-26.41}},{"path":"gz_guanghuan05/01/0_00006","type":"image","name":"gz_guanghuan05/01/0_00006","transform":{}}],"blendMode":"add","name":"004_guanghuan5_1"},{"display":[{"path":"gz_guanghuan03/01/0_00000","type":"image","name":"gz_guanghuan03/01/0_00000","transform":{}},{"path":"gz_guanghuan03/01/0_00001","type":"image","name":"gz_guanghuan03/01/0_00001","transform":{}},{"path":"gz_guanghuan03/01/0_00002","type":"image","name":"gz_guanghuan03/01/0_00002","transform":{"y":-3.815}},{"path":"gz_guanghuan03/01/0_00003","type":"image","name":"gz_guanghuan03/01/0_00003","transform":{"y":-27.1}},{"path":"gz_guanghuan03/01/0_00004","type":"image","name":"gz_guanghuan03/01/0_00004","transform":{"y":-27.15}},{"path":"gz_guanghuan03/01/0_00005","type":"image","name":"gz_guanghuan03/01/0_00005","transform":{"y":-26.41}},{"path":"gz_guanghuan03/01/0_00006","type":"image","name":"gz_guanghuan03/01/0_00006","transform":{}}],"blendMode":"add","name":"002_guanghuan3_1"},{"display":[{"path":"gz_guanghuan04/02/0_00000","type":"image","name":"gz_guanghuan04/02/0_00000","transform":{"y":-5.0987,"x":-17.04545}},{"path":"gz_guanghuan04/02/0_00001","type":"image","name":"gz_guanghuan04/02/0_00001","transform":{"y":-2.0933,"x":-6.564}},{"path":"gz_guanghuan04/02/0_00002","type":"image","name":"gz_guanghuan04/02/0_00002","transform":{}},{"path":"gz_guanghuan04/02/0_00003","type":"image","name":"gz_guanghuan04/02/0_00003","transform":{"y":-6.2799,"x":-4.1866}},{"path":"gz_guanghuan04/02/0_00004","type":"image","name":"gz_guanghuan04/02/0_00004","transform":{"y":2.6914,"x":-0.5981}},{"path":"gz_guanghuan04/02/0_00005","type":"image","name":"gz_guanghuan04/02/0_00005","transform":{"y":-6.57895,"x":-11.94675}},{"path":"gz_guanghuan04/02/0_00006","type":"image","name":"gz_guanghuan04/02/0_00006","transform":{"y":-6.878,"x":-6.86305}}],"name":"003_guanghuan4_2"},{"display":[{"path":"gz_guanghuan02/01/0_00000","type":"image","name":"gz_guanghuan02/01/0_00000","transform":{}},{"path":"gz_guanghuan02/01/0_00001","type":"image","name":"gz_guanghuan02/01/0_00001","transform":{}},{"path":"gz_guanghuan02/01/0_00002","type":"image","name":"gz_guanghuan02/01/0_00002","transform":{"y":-3.815}},{"path":"gz_guanghuan02/01/0_00003","type":"image","name":"gz_guanghuan02/01/0_00003","transform":{"y":-27.1}},{"path":"gz_guanghuan02/01/0_00004","type":"image","name":"gz_guanghuan02/01/0_00004","transform":{"y":-27.1}},{"path":"gz_guanghuan02/01/0_00005","type":"image","name":"gz_guanghuan02/01/0_00005","transform":{"y":-26.41}},{"path":"gz_guanghuan02/01/0_00006","type":"image","name":"gz_guanghuan02/01/0_00006","transform":{}}],"blendMode":"add","name":"001_guanghuan2_1"},{"display":[{"path":"gz_guanghuan04/03/0_00000","type":"image","name":"gz_guanghuan04/03/0_00000","transform":{}},{"path":"gz_guanghuan04/03/0_00001","type":"image","name":"gz_guanghuan04/03/0_00001","transform":{}},{"path":"gz_guanghuan04/03/0_00002","type":"image","name":"gz_guanghuan04/03/0_00002","transform":{"y":-3.815}},{"path":"gz_guanghuan04/03/0_00003","type":"image","name":"gz_guanghuan04/03/0_00003","transform":{"y":-27.1}},{"path":"gz_guanghuan04/03/0_00004","type":"image","name":"gz_guanghuan04/03/0_00004","transform":{"y":-27.1}},{"path":"gz_guanghuan04/03/0_00005","type":"image","name":"gz_guanghuan04/03/0_00005","transform":{"y":-26.41}},{"path":"gz_guanghuan04/03/0_00006","type":"image","name":"gz_guanghuan04/03/0_00006","transform":{}}],"blendMode":"add","name":"003_guanghuan4_1"},{"display":[{"path":"gz_guanghuan01/01/0_00000","type":"image","name":"gz_guanghuan01/01/0_00000","transform":{}},{"path":"gz_guanghuan01/01/0_00001","type":"image","name":"gz_guanghuan01/01/0_00001","transform":{}},{"path":"gz_guanghuan01/01/0_00002","type":"image","name":"gz_guanghuan01/01/0_00002","transform":{"y":-3.8139}},{"path":"gz_guanghuan01/01/0_00003","type":"image","name":"gz_guanghuan01/01/0_00003","transform":{"y":-27.10215}},{"path":"gz_guanghuan01/01/0_00004","type":"image","name":"gz_guanghuan01/01/0_00004","transform":{"y":-27.10215}},{"path":"gz_guanghuan01/01/0_00005","type":"image","name":"gz_guanghuan01/01/0_00005","transform":{"y":-26.42715}},{"path":"gz_guanghuan01/01/0_00006","type":"image","name":"gz_guanghuan01/01/0_00006","transform":{}}],"blendMode":"add","name":"000_guanghuan1"},{"display":[{"path":"gz_guanghuan06/03/zi_fangshe_03_eff_01","type":"image","name":"gz_guanghuan06/03/zi_fangshe_03_eff_01","transform":{}},{"path":"gz_guanghuan06/03/zi_fangshe_03_eff_02","type":"image","name":"gz_guanghuan06/03/zi_fangshe_03_eff_02","transform":{}},{"path":"gz_guanghuan06/03/zi_fangshe_03_eff_03","type":"image","name":"gz_guanghuan06/03/zi_fangshe_03_eff_03","transform":{"x":2.843}},{"path":"gz_guanghuan06/03/zi_fangshe_03_eff_04","type":"image","name":"gz_guanghuan06/03/zi_fangshe_03_eff_04","transform":{}},{"path":"gz_guanghuan06/03/zi_fangshe_03_eff_05","type":"image","name":"gz_guanghuan06/03/zi_fangshe_03_eff_05","transform":{"y":-3.4748,"x":6.0019}},{"path":"gz_guanghuan06/03/zi_fangshe_03_eff_06","type":"image","name":"gz_guanghuan06/03/zi_fangshe_03_eff_06","transform":{"y":2.5271,"x":-4.42245}}],"name":"005_guanghuan6_3"},{"display":[{"path":"gz_guanghuan06/ys_kulou_eff_02","type":"image","name":"gz_guanghuan06/ys_kulou_eff_02","transform":{}}],"name":"005_kulou02"},{"display":[{"path":"gz_guanghuan06/ys_kulou_eff_02","type":"image","name":"gz_guanghuan06/ys_kulou_eff_02","transform":{}}],"blendMode":"add","name":"005_kulou01"},{"display":[{"path":"gz_guanghuan06/ys_kulou_eff_02","type":"image","name":"gz_guanghuan06/ys_kulou_eff_02","transform":{}}],"name":"005_kulou03"}],"name":""}],"slot":[{"displayIndex":-1,"name":"001_guanghuan2","parent":"001_guanghuan2","color":{}},{"blendMode":"add","z":1,"parent":"001_guanghuan2_1","name":"001_guanghuan2_1","color":{}},{"displayIndex":-1,"z":2,"name":"002_guanghuan3","parent":"002_guanghuan3","color":{}},{"blendMode":"add","z":3,"parent":"002_guanghuan3_1","displayIndex":4,"name":"002_guanghuan3_1","color":{}},{"displayIndex":-1,"z":4,"name":"003_guanghuan4","parent":"003_guanghuan4","color":{}},{"blendMode":"add","z":5,"parent":"003_guanghuan4_1","displayIndex":6,"name":"003_guanghuan4_1","color":{}},{"displayIndex":6,"z":6,"name":"003_guanghuan4_2","parent":"003_guanghuan4_2","color":{}},{"displayIndex":-1,"z":7,"name":"004_guanghuan5","parent":"004_guanghuan5","color":{}},{"blendMode":"add","z":8,"parent":"004_guanghuan5_1","displayIndex":6,"name":"004_guanghuan5_1","color":{}},{"blendMode":"add","z":9,"parent":"004_guanghuan5_2","name":"004_guanghuan5_2","color":{}},{"displayIndex":-1,"z":10,"name":"005_guanghuan6","parent":"005_guanghuan6","color":{}},{"displayIndex":6,"z":11,"name":"005_guanghuan6_1","parent":"005_guanghuan6_1","color":{}},{"displayIndex":5,"z":12,"name":"005_guanghuan6_3","parent":"005_guanghuan6_3","color":{}},{"displayIndex":4,"z":13,"name":"005_guanghuan6_4","parent":"005_guanghuan6_4","color":{}},{"blendMode":"add","z":14,"parent":"005_kulou01","name":"005_kulou01","color":{}},{"z":15,"name":"005_kulou02","parent":"005_kulou02","color":{}},{"z":16,"name":"005_kulou03","parent":"005_kulou03","color":{}},{"blendMode":"add","z":17,"parent":"000_guanghuan1","name":"000_guanghuan1","color":{}},{"displayIndex":-1,"z":18,"name":"000_guanghuan1_1","parent":"000_guanghuan1_1","color":{}}],"name":"armatureName"}],"name":"guanghuan_eff_2","version":"4.0"}