{"frameRate":30,"isGlobal":0,"armature":[{"defaultActions":[{"gotoAndPlay":"000close1"}],"animation":[{"frame":[],"duration":120,"slot":[{"frame":[{"tweenEasing":null,"duration":20,"color":{"aM":0}},{"curve":[0,0.54,0.75,1],"duration":4,"color":{"aM":0}},{"tweenEasing":0,"duration":16,"color":{"aM":32}},{"tweenEasing":null,"duration":40,"color":{"aM":0}},{"curve":[0,0.54,0.75,1],"duration":4,"color":{"aM":0}},{"tweenEasing":0,"duration":16,"color":{"aM":21}},{"tweenEasing":null,"duration":20,"color":{"aM":0}}],"name":"38/0_2"},{"frame":[{"curve":[0,0.54,0.75,1],"duration":4,"color":{"aM":0}},{"tweenEasing":0,"duration":16,"color":{"aM":30}},{"tweenEasing":null,"duration":40,"color":{"aM":0}},{"curve":[0,0.54,0.75,1],"duration":4,"color":{"aM":0}},{"tweenEasing":0,"duration":16,"color":{"aM":28}},{"tweenEasing":null,"duration":40,"color":{"aM":0}}],"name":"38/0_00002"},{"frame":[{"tweenEasing":null,"duration":40,"color":{"aM":0}},{"curve":[0,0.54,0.75,1],"duration":4,"color":{"aM":0}},{"tweenEasing":0,"duration":16,"color":{"aM":32}},{"tweenEasing":null,"duration":40,"color":{"aM":0}},{"curve":[0,0.54,0.75,1],"duration":4,"color":{"aM":0}},{"tweenEasing":0,"duration":16,"color":{"aM":22}},{"tweenEasing":null,"duration":0,"color":{"aM":0}}],"name":"38/0_3"},{"frame":[{"curve":[0,0.54,0.75,1],"duration":4,"color":{"aM":0}},{"tweenEasing":0,"duration":16,"color":{"aM":30}},{"tweenEasing":null,"duration":40,"color":{"aM":0}},{"curve":[0,0.54,0.75,1],"duration":4,"color":{"aM":0}},{"tweenEasing":0,"duration":16,"color":{"aM":28}},{"tweenEasing":null,"duration":40,"color":{"aM":0}}],"name":"38/0_4"},{"frame":[{"tweenEasing":null,"duration":20,"color":{"aM":0}},{"curve":[0,0.54,0.75,1],"duration":4,"color":{"aM":0}},{"tweenEasing":0,"duration":16,"color":{"aM":32}},{"tweenEasing":null,"duration":40,"color":{"aM":0}},{"curve":[0,0.54,0.75,1],"duration":4,"color":{"aM":0}},{"tweenEasing":0,"duration":16,"color":{"aM":21}},{"tweenEasing":null,"duration":20,"color":{"aM":0}}],"name":"38/0_5"},{"frame":[{"tweenEasing":null,"duration":40,"color":{"aM":0}},{"curve":[0,0.54,0.75,1],"duration":4,"color":{"aM":0}},{"tweenEasing":0,"duration":16,"color":{"aM":32}},{"tweenEasing":null,"duration":40,"color":{"aM":0}},{"curve":[0,0.54,0.75,1],"duration":4,"color":{"aM":0}},{"tweenEasing":0,"duration":16,"color":{"aM":22}},{"tweenEasing":null,"duration":0,"color":{"aM":0}}],"name":"38/0_6"},{"frame":[{"curve":[0,0.54,0.75,1],"duration":4,"color":{"aM":0}},{"tweenEasing":0,"duration":16,"color":{"aM":30}},{"tweenEasing":null,"duration":40,"color":{"aM":0}},{"curve":[0,0.54,0.75,1],"duration":4,"color":{"aM":0}},{"tweenEasing":0,"duration":16,"color":{"aM":28}},{"tweenEasing":null,"duration":40,"color":{"aM":0}}],"name":"38/0_7"},{"frame":[{"tweenEasing":null,"duration":20,"color":{"aM":0}},{"curve":[0,0.54,0.75,1],"duration":4,"color":{"aM":0}},{"tweenEasing":0,"duration":16,"color":{"aM":32}},{"tweenEasing":null,"duration":40,"color":{"aM":0}},{"curve":[0,0.54,0.75,1],"duration":4,"color":{"aM":0}},{"tweenEasing":0,"duration":16,"color":{"aM":21}},{"tweenEasing":null,"duration":20,"color":{"aM":0}}],"name":"38/0_8"},{"frame":[{"tweenEasing":null,"duration":40,"color":{"aM":0}},{"curve":[0,0.54,0.75,1],"duration":4,"color":{"aM":0}},{"tweenEasing":0,"duration":16,"color":{"aM":32}},{"tweenEasing":null,"duration":40,"color":{"aM":0}},{"curve":[0,0.54,0.75,1],"duration":4,"color":{"aM":0}},{"tweenEasing":0,"duration":16,"color":{"aM":22}},{"tweenEasing":null,"duration":0,"color":{"aM":0}}],"name":"38/0_9"},{"frame":[{"curve":[0,0.54,0.75,1],"duration":4,"color":{"aM":0}},{"tweenEasing":0,"duration":16,"color":{"aM":30}},{"tweenEasing":null,"duration":40,"color":{"aM":0}},{"curve":[0,0.54,0.75,1],"duration":4,"color":{"aM":0}},{"tweenEasing":0,"duration":16,"color":{"aM":28}},{"tweenEasing":null,"duration":40,"color":{"aM":0}}],"name":"38/0_10"},{"frame":[{"tweenEasing":null,"duration":20,"color":{"aM":0}},{"curve":[0,0.54,0.75,1],"duration":4,"color":{"aM":0}},{"tweenEasing":0,"duration":16,"color":{"aM":32}},{"tweenEasing":null,"duration":40,"color":{"aM":0}},{"curve":[0,0.54,0.75,1],"duration":4,"color":{"aM":0}},{"tweenEasing":0,"duration":16,"color":{"aM":21}},{"tweenEasing":null,"duration":20,"color":{"aM":0}}],"name":"38/0_11"},{"frame":[{"tweenEasing":null,"duration":40,"color":{"aM":0}},{"curve":[0,0.54,0.75,1],"duration":4,"color":{"aM":0}},{"tweenEasing":0,"duration":16,"color":{"aM":32}},{"tweenEasing":null,"duration":40,"color":{"aM":0}},{"curve":[0,0.54,0.75,1],"duration":4,"color":{"aM":0}},{"tweenEasing":0,"duration":16,"color":{"aM":22}},{"tweenEasing":null,"duration":0,"color":{"aM":0}}],"name":"38/0_12"},{"frame":[{"curve":[0,0.54,0.75,1],"duration":4,"color":{"aM":0}},{"tweenEasing":0,"duration":16,"color":{"aM":30}},{"tweenEasing":null,"duration":40,"color":{"aM":0}},{"curve":[0,0.54,0.75,1],"duration":4,"color":{"aM":0}},{"tweenEasing":0,"duration":16,"color":{"aM":28}},{"tweenEasing":null,"duration":40,"color":{"aM":0}}],"name":"38/0_13"},{"frame":[{"tweenEasing":null,"duration":20,"color":{"aM":0}},{"curve":[0,0.54,0.75,1],"duration":4,"color":{"aM":0}},{"tweenEasing":0,"duration":16,"color":{"aM":32}},{"tweenEasing":null,"duration":40,"color":{"aM":0}},{"curve":[0,0.54,0.75,1],"duration":4,"color":{"aM":0}},{"tweenEasing":0,"duration":16,"color":{"aM":21}},{"tweenEasing":null,"duration":20,"color":{"aM":0}}],"name":"38/0_14"},{"frame":[{"tweenEasing":null,"displayIndex":-1,"duration":120,"color":{"aM":0}}],"name":"38/0_15"},{"frame":[{"tweenEasing":null,"displayIndex":-1,"duration":120}],"name":"38/close2"},{"frame":[{"tweenEasing":null,"displayIndex":-1,"duration":120}],"name":"38/close3"},{"frame":[{"tweenEasing":null,"displayIndex":-1,"duration":120}],"name":"38/close6"},{"frame":[{"tweenEasing":null,"displayIndex":-1,"duration":120}],"name":"38/close7"},{"frame":[{"tweenEasing":null,"displayIndex":-1,"duration":120}],"name":"38/far_dc9"},{"frame":[{"tweenEasing":0,"duration":20,"color":{"aM":0}},{"tweenEasing":0,"duration":40},{"tweenEasing":null,"duration":60,"color":{"aM":0}}],"name":"38/guangban1"},{"frame":[{"tweenEasing":null,"duration":20,"color":{"aM":0}},{"tweenEasing":0,"duration":20,"color":{"aM":0}},{"tweenEasing":0,"duration":40},{"tweenEasing":null,"duration":40,"color":{"aM":0}}],"name":"38/guangban01"},{"frame":[{"tweenEasing":null,"displayIndex":-1,"duration":120}],"name":"38/guangban02"},{"frame":[{"tweenEasing":null,"displayIndex":-1,"duration":120,"color":{"bM":52,"rM":52,"gM":52}}],"name":"38/zhuye"},{"frame":[{"tweenEasing":null,"displayIndex":-1,"duration":120}],"name":"38/zhuye2"},{"frame":[{"tweenEasing":null,"duration":120,"color":{"bM":52,"rM":52,"gM":52}}],"name":"38/zhuye3"}],"ffd":[{"skin":"","frame":[{"duration":30,"offset":0,"vertices":[],"curve":[0.25,0,0.75,1]},{"duration":30,"offset":0,"vertices":[2.025,-7.27,-1.015,2.035,0,0,0,-2.71,-4.065,-0.68,-3.045,0.02,0,0,0,0,0,0,0,0,0,0,0,0,0,0,0,0,0,0,0,0,0,0,0,0,0,0,-0.205,3.06,-0.205,3.06,-0.205,3.06,-0.205,3.06,-0.205,3.06,-2.655,6.095,-7.98,2.75,-7.2,2.745,-7.22,0.05,-0.01,-7.255,1.345,-7.265,0,0,3.08,-1.485,0,0,0,0,-3.93,-0.33,-0.2,-4.395,-3.43,-5.725,-1.22,-3.04,-6.64,1.025,0,0,0,0,-1.56,0.01,0,0,0,0,-5.975,0.04,0,0,-3.84,-5.325,-1.56,0.01,2.85,-2.36,-1.56,0.01,-1.56,0.01],"curve":[0.25,0,0.75,1]},{"duration":30,"offset":0,"vertices":[],"curve":[0.25,0,0.75,1]},{"duration":30,"offset":0,"vertices":[2.025,-7.27,-1.015,2.035,0,0,0,-2.71,-4.065,-0.68,-3.045,0.02,0,0,0,0,0,0,0,0,0,0,0,0,0,0,0,0,0,0,0,0,0,0,0,0,0,0,-0.205,3.06,-0.205,3.06,-0.205,3.06,-0.205,3.06,-0.205,3.06,-2.655,6.095,-7.98,2.75,-7.2,2.745,-7.22,0.05,-0.01,-7.255,1.345,-7.265,0,0,3.08,-1.485,0,0,0,0,-3.93,-0.33,-0.2,-4.395,-3.43,-5.725,-1.22,-3.04,-6.64,1.025,0,0,0,0,-1.56,0.01,0,0,0,0,-5.975,0.04,0,0,-3.84,-5.325,-1.56,0.01,2.85,-2.36,-1.56,0.01,-1.56,0.01],"curve":[0.25,0,0.75,1]},{"tweenEasing":null,"duration":0,"offset":0,"vertices":[]}],"slot":"38/ysg_close1_cao1","scale":1,"offset":0,"name":"38/ysg_close1_cao1"}],"bone":[{"frame":[{"tweenEasing":0,"duration":15,"transform":{"y":165.975,"x":-6.3}},{"tweenEasing":0,"duration":45,"transform":{"scY":-2.6,"y":165.975,"skX":-14.02,"skY":-14.02,"scX":0.81,"x":-6.3}},{"duration":2,"transform":{"y":320.4,"skX":146.15,"skY":146.15,"x":295.19}},{"tweenEasing":0,"duration":15,"transform":{"y":165.975,"x":-6.3}},{"tweenEasing":0,"duration":43,"transform":{"scY":-2.6,"y":165.975,"skX":-14.02,"skY":-14.02,"scX":0.81,"x":-6.3}},{"duration":0,"transform":{"y":320.4,"skX":146.15,"skY":146.15,"x":295.19}}],"name":"38/zhuye3"},{"frame":[{"curve":[0,0.52,0.75,1],"duration":20,"transform":{"y":33.73}},{"duration":40,"transform":{"y":33.73}},{"duration":60,"transform":{"y":4.965}}],"name":"38/guangban1"},{"frame":[{"duration":20,"transform":{"y":15.1}},{"curve":[0,0.325,0.875,1],"duration":60,"transform":{"y":15.1}},{"duration":40,"transform":{"scY":1.92,"y":-19.52,"scX":1.92}}],"name":"38/guangban01"},{"frame":[{"duration":120,"transform":{"scY":0.62,"scX":0.62}}],"name":"38/0_15"},{"frame":[{"duration":20,"transform":{"scY":0.62,"scX":0.62}},{"curve":[0,0.54,0.75,1],"duration":20,"transform":{"scY":0.62,"scX":0.62}},{"tweenEasing":0,"duration":20,"transform":{}},{"duration":20,"transform":{"scY":0.62,"scX":0.62}},{"curve":[0,0.54,0.75,1],"duration":20,"transform":{"scY":0.62,"scX":0.62}},{"duration":20,"transform":{}}],"name":"38/0_14"},{"frame":[{"curve":[0,0.54,0.75,1],"duration":20,"transform":{"scY":0.62,"scX":0.62}},{"duration":20,"transform":{}},{"tweenEasing":0,"duration":20,"transform":{}},{"curve":[0,0.54,0.75,1],"duration":20,"transform":{"scY":0.62,"scX":0.62}},{"duration":40,"transform":{}}],"name":"38/0_13"},{"frame":[{"duration":100,"transform":{"scY":0.62,"scX":0.62}},{"curve":[0,0.54,0.75,1],"duration":20,"transform":{"scY":0.62,"scX":0.62}},{"duration":0,"transform":{}}],"name":"38/0_12"},{"frame":[{"duration":20,"transform":{"scY":0.62,"scX":0.62}},{"curve":[0,0.54,0.75,1],"duration":20,"transform":{"scY":0.62,"scX":0.62}},{"tweenEasing":0,"duration":20,"transform":{}},{"duration":20,"transform":{"scY":0.62,"scX":0.62}},{"curve":[0,0.54,0.75,1],"duration":20,"transform":{"scY":0.62,"scX":0.62}},{"duration":20,"transform":{}}],"name":"38/0_11"},{"frame":[{"curve":[0,0.54,0.75,1],"duration":20,"transform":{"scY":0.62,"scX":0.62}},{"duration":20,"transform":{}},{"tweenEasing":0,"duration":20,"transform":{}},{"curve":[0,0.54,0.75,1],"duration":20,"transform":{"scY":0.62,"scX":0.62}},{"duration":40,"transform":{}}],"name":"38/0_10"},{"frame":[{"duration":100,"transform":{"scY":0.62,"scX":0.62}},{"curve":[0,0.54,0.75,1],"duration":20,"transform":{"scY":0.62,"scX":0.62}},{"duration":0,"transform":{}}],"name":"38/0_9"},{"frame":[{"duration":20,"transform":{"scY":0.62,"scX":0.62}},{"curve":[0,0.54,0.75,1],"duration":20,"transform":{"scY":0.62,"scX":0.62}},{"tweenEasing":0,"duration":20,"transform":{}},{"duration":20,"transform":{"scY":0.62,"scX":0.62}},{"curve":[0,0.54,0.75,1],"duration":20,"transform":{"scY":0.62,"scX":0.62}},{"duration":20,"transform":{}}],"name":"38/0_8"},{"frame":[{"curve":[0,0.54,0.75,1],"duration":20,"transform":{"scY":0.62,"scX":0.62}},{"duration":20,"transform":{}},{"tweenEasing":0,"duration":20,"transform":{}},{"curve":[0,0.54,0.75,1],"duration":20,"transform":{"scY":0.62,"scX":0.62}},{"duration":40,"transform":{}}],"name":"38/0_7"},{"frame":[{"duration":100,"transform":{"scY":0.62,"scX":0.62}},{"curve":[0,0.54,0.75,1],"duration":20,"transform":{"scY":0.62,"scX":0.62}},{"duration":0,"transform":{}}],"name":"38/0_6"},{"frame":[{"duration":20,"transform":{"scY":0.62,"scX":0.62}},{"curve":[0,0.54,0.75,1],"duration":20,"transform":{"scY":0.62,"scX":0.62}},{"tweenEasing":0,"duration":20,"transform":{}},{"duration":20,"transform":{"scY":0.62,"scX":0.62}},{"curve":[0,0.54,0.75,1],"duration":20,"transform":{"scY":0.62,"scX":0.62}},{"duration":20,"transform":{}}],"name":"38/0_5"},{"frame":[{"curve":[0,0.54,0.75,1],"duration":20,"transform":{"scY":0.62,"scX":0.62}},{"duration":20,"transform":{}},{"tweenEasing":0,"duration":20,"transform":{}},{"curve":[0,0.54,0.75,1],"duration":20,"transform":{"scY":0.62,"scX":0.62}},{"duration":40,"transform":{}}],"name":"38/0_4"},{"frame":[{"duration":100,"transform":{"scY":0.62,"scX":0.62}},{"curve":[0,0.54,0.75,1],"duration":20,"transform":{"scY":0.62,"scX":0.62}},{"duration":0,"transform":{}}],"name":"38/0_3"},{"frame":[{"duration":20,"transform":{"scY":0.62,"scX":0.62}},{"curve":[0,0.54,0.75,1],"duration":20,"transform":{"scY":0.62,"scX":0.62}},{"tweenEasing":0,"duration":20,"transform":{}},{"duration":20,"transform":{"scY":0.62,"scX":0.62}},{"curve":[0,0.54,0.75,1],"duration":20,"transform":{"scY":0.62,"scX":0.62}},{"duration":20,"transform":{}}],"name":"38/0_2"},{"frame":[{"curve":[0,0.54,0.75,1],"duration":20,"transform":{"scY":0.62,"scX":0.62}},{"duration":20,"transform":{}},{"tweenEasing":0,"duration":20,"transform":{}},{"curve":[0,0.54,0.75,1],"duration":20,"transform":{"scY":0.62,"scX":0.62}},{"duration":40,"transform":{}}],"name":"38/0_1"},{"frame":[{"duration":120,"transform":{}}],"name":"root"},{"frame":[{"duration":120,"transform":{}}],"name":"38/close2"},{"frame":[{"duration":120,"transform":{}}],"name":"38/close3"},{"frame":[{"duration":120,"transform":{}}],"name":"38/close5"},{"frame":[{"duration":120,"transform":{}}],"name":"38/close6"},{"frame":[{"duration":120,"transform":{}}],"name":"38/far_dc9"},{"frame":[{"duration":120,"transform":{}}],"name":"38/guangban02"},{"frame":[{"duration":120,"transform":{}}],"name":"38/ysg_close1_cao1"},{"frame":[{"duration":120,"transform":{}}],"name":"38/zhuye"},{"frame":[{"duration":120,"transform":{}}],"name":"38/zhuye2"}],"name":"000close1","ik":[]},{"frame":[],"duration":120,"slot":[{"frame":[{"tweenEasing":null,"duration":120,"color":{"aM":0}}],"name":"38/0_2"},{"frame":[{"tweenEasing":null,"duration":120,"color":{"aM":0}}],"name":"38/0_00002"},{"frame":[{"tweenEasing":null,"duration":120,"color":{"aM":0}}],"name":"38/0_3"},{"frame":[{"tweenEasing":null,"duration":120,"color":{"aM":0}}],"name":"38/0_4"},{"frame":[{"tweenEasing":null,"duration":120,"color":{"aM":0}}],"name":"38/0_5"},{"frame":[{"tweenEasing":null,"duration":120,"color":{"aM":0}}],"name":"38/0_6"},{"frame":[{"tweenEasing":null,"duration":120,"color":{"aM":0}}],"name":"38/0_7"},{"frame":[{"tweenEasing":null,"duration":120,"color":{"aM":0}}],"name":"38/0_8"},{"frame":[{"tweenEasing":null,"duration":120,"color":{"aM":0}}],"name":"38/0_9"},{"frame":[{"tweenEasing":null,"duration":120,"color":{"aM":0}}],"name":"38/0_10"},{"frame":[{"tweenEasing":null,"duration":120,"color":{"aM":0}}],"name":"38/0_11"},{"frame":[{"tweenEasing":null,"duration":120,"color":{"aM":0}}],"name":"38/0_12"},{"frame":[{"tweenEasing":null,"duration":120,"color":{"aM":0}}],"name":"38/0_13"},{"frame":[{"tweenEasing":null,"duration":120,"color":{"aM":0}}],"name":"38/0_14"},{"frame":[{"tweenEasing":null,"duration":120,"color":{"aM":0}}],"name":"38/0_15"},{"frame":[{"tweenEasing":0,"duration":30,"color":{"aM":32}},{"tweenEasing":0,"duration":30},{"tweenEasing":0,"duration":30,"color":{"aM":32}},{"tweenEasing":0,"duration":30},{"tweenEasing":null,"duration":0,"color":{"aM":32}}],"name":"38/close6"},{"frame":[{"tweenEasing":0,"duration":30},{"tweenEasing":0,"duration":30,"color":{"aM":24}},{"tweenEasing":0,"duration":30},{"tweenEasing":0,"duration":30,"color":{"aM":24}},{"tweenEasing":null,"duration":0}],"name":"38/close7"},{"frame":[{"tweenEasing":null,"duration":120,"color":{"aM":0}}],"name":"38/far_dc9"},{"frame":[{"tweenEasing":null,"displayIndex":-1,"duration":120,"color":{"aM":0}}],"name":"38/guangban1"},{"frame":[{"tweenEasing":null,"displayIndex":-1,"duration":120,"color":{"aM":0}}],"name":"38/guangban01"},{"frame":[{"tweenEasing":null,"duration":120,"color":{"aM":0}}],"name":"38/guangban02"},{"frame":[{"tweenEasing":null,"displayIndex":-1,"duration":120}],"name":"38/ysg_close1_cao1"},{"frame":[{"tweenEasing":null,"duration":120,"color":{"bM":52,"rM":52,"gM":52}}],"name":"38/zhuye"},{"frame":[{"tweenEasing":null,"duration":120,"color":{"bM":34,"rM":34,"gM":34}}],"name":"38/zhuye2"},{"frame":[{"tweenEasing":null,"displayIndex":-1,"duration":120,"color":{"bM":52,"rM":52,"gM":52}}],"name":"38/zhuye3"}],"ffd":[{"skin":"","frame":[{"tweenEasing":0,"duration":30,"offset":0,"vertices":[]},{"tweenEasing":0,"duration":30,"offset":8,"vertices":[-0.55,16.925,-0.685,21.155,0,0,0.345,-10.575,0,0,0,0,0,0,0.64,-19.745,0.275,-8.46,13.395,0.435,-0.23,7.05,12.985,13.125,0.205,-6.345,0.365,-11.28,0,0,-1.41,-0.045,-0.41,12.69,14.44,11.76,-0.295,9.165,-7.755,-0.25,0.135,-4.23,0,0,0.16,-4.935,0.16,-4.935,0.16,-4.935,0,0,0,0,0,0,0,0,0,0,0,0,0,0,0,0,0,0,0,0,0,0,0,0,0,0,0,0,0,0,0,0,0,0,0,0,0,0,0,0,0,0,0.23,-7.05]},{"tweenEasing":0,"duration":30,"offset":0,"vertices":[]},{"tweenEasing":0,"duration":30,"offset":8,"vertices":[-0.55,16.925,-0.685,21.155,0,0,0.345,-10.575,0,0,0,0,0,0,0.64,-19.745,0.275,-8.46,13.395,0.435,-0.23,7.05,12.985,13.125,0.205,-6.345,0.365,-11.28,0,0,-1.41,-0.045,-0.41,12.69,14.44,11.76,-0.295,9.165,-7.755,-0.25,0.135,-4.23,0,0,0.16,-4.935,0.16,-4.935,0.16,-4.935,0,0,0,0,0,0,0,0,0,0,0,0,0,0,0,0,0,0,0,0,0,0,0,0,0,0,0,0,0,0,0,0,0,0,0,0,0,0,0,0,0,0,0.23,-7.05]},{"tweenEasing":null,"duration":0,"offset":0,"vertices":[]}],"slot":"38/close2","scale":1,"offset":0,"name":"38/close2"},{"skin":"","frame":[{"tweenEasing":null,"duration":60,"offset":0,"vertices":[]},{"tweenEasing":0,"duration":20,"offset":0,"vertices":[]},{"tweenEasing":0,"duration":20,"offset":24,"vertices":[-2.605,-0.57,-2.605,-0.57,-2.605,-0.57,-2.605,-0.57]},{"tweenEasing":null,"duration":20,"offset":0,"vertices":[2.075,1.15,2.075,1.15,-2.24,-0.3,0,0,0,-0.09,0,0,0,0,0,0,0,0,0,0,0,0,0,0,1.57,0.72,1.57,0.72,1.57,0.72,1.57,0.72]}],"slot":"38/zhuye2","scale":1,"offset":0,"name":"38/zhuye"}],"bone":[{"frame":[{"tweenEasing":0,"duration":30,"transform":{}},{"tweenEasing":0,"duration":30,"transform":{"scY":1.31,"scX":0.75}},{"tweenEasing":0,"duration":30,"transform":{}},{"tweenEasing":0,"duration":30,"transform":{"scY":1.31,"scX":0.75}},{"duration":0,"transform":{}}],"name":"38/close5"},{"frame":[{"duration":120,"transform":{"y":165.975,"x":-6.3}}],"name":"38/zhuye3"},{"frame":[{"tweenEasing":0,"duration":30,"transform":{"y":-7.48,"x":355.33}},{"tweenEasing":0,"duration":27,"transform":{"scY":-2.39,"y":-7.48,"skX":133.89,"skY":133.89,"x":355.33}},{"duration":3,"transform":{"y":189.51,"x":662.04}},{"tweenEasing":0,"duration":30,"transform":{"y":-7.48,"x":355.33}},{"tweenEasing":0,"duration":30,"transform":{"scY":-2.39,"y":-7.48,"skX":133.89,"skY":133.89,"x":355.33}},{"duration":0,"transform":{"y":189.51,"x":662.04}}],"name":"38/zhuye"},{"frame":[{"duration":60,"transform":{"scY":5.59,"scX":1.52}},{"tweenEasing":0,"duration":20,"transform":{"scY":5.59,"scX":1.52}},{"tweenEasing":0,"duration":20,"transform":{"scY":5.59,"skX":63.11,"skY":63.11,"scX":-1.72}},{"tweenEasing":0,"duration":20,"transform":{"scY":-5.21,"skX":-75.74,"skY":-75.74,"scX":1.28}},{"duration":0,"transform":{"scY":5.59,"y":401.31,"scX":1.52,"x":625.36}}],"name":"38/zhuye2"},{"frame":[{"duration":120,"transform":{"y":33.73}}],"name":"38/guangban1"},{"frame":[{"duration":120,"transform":{"y":15.1}}],"name":"38/guangban01"},{"frame":[{"duration":120,"transform":{"scY":0.62,"scX":0.62}}],"name":"38/0_15"},{"frame":[{"duration":120,"transform":{"scY":0.62,"scX":0.62}}],"name":"38/0_14"},{"frame":[{"duration":120,"transform":{"scY":0.62,"scX":0.62}}],"name":"38/0_13"},{"frame":[{"duration":120,"transform":{"scY":0.62,"scX":0.62}}],"name":"38/0_12"},{"frame":[{"duration":120,"transform":{"scY":0.62,"scX":0.62}}],"name":"38/0_11"},{"frame":[{"duration":120,"transform":{"scY":0.62,"scX":0.62}}],"name":"38/0_10"},{"frame":[{"duration":120,"transform":{"scY":0.62,"scX":0.62}}],"name":"38/0_9"},{"frame":[{"duration":120,"transform":{"scY":0.62,"scX":0.62}}],"name":"38/0_8"},{"frame":[{"duration":120,"transform":{"scY":0.62,"scX":0.62}}],"name":"38/0_7"},{"frame":[{"duration":120,"transform":{"scY":0.62,"scX":0.62}}],"name":"38/0_6"},{"frame":[{"duration":120,"transform":{"scY":0.62,"scX":0.62}}],"name":"38/0_5"},{"frame":[{"duration":120,"transform":{"scY":0.62,"scX":0.62}}],"name":"38/0_4"},{"frame":[{"duration":120,"transform":{"scY":0.62,"scX":0.62}}],"name":"38/0_3"},{"frame":[{"duration":120,"transform":{"scY":0.62,"scX":0.62}}],"name":"38/0_2"},{"frame":[{"duration":120,"transform":{"scY":0.62,"scX":0.62}}],"name":"38/0_1"},{"frame":[{"duration":120,"transform":{}}],"name":"root"},{"frame":[{"duration":120,"transform":{}}],"name":"38/close2"},{"frame":[{"duration":120,"transform":{}}],"name":"38/close3"},{"frame":[{"duration":120,"transform":{}}],"name":"38/close6"},{"frame":[{"duration":120,"transform":{}}],"name":"38/far_dc9"},{"frame":[{"duration":120,"transform":{}}],"name":"38/guangban02"},{"frame":[{"duration":120,"transform":{}}],"name":"38/ysg_close1_cao1"}],"name":"001close2","ik":[]},{"frame":[],"duration":120,"slot":[{"frame":[{"tweenEasing":null,"duration":120,"color":{"aM":0}}],"name":"38/0_2"},{"frame":[{"tweenEasing":null,"duration":120,"color":{"aM":0}}],"name":"38/0_00002"},{"frame":[{"tweenEasing":null,"duration":40,"color":{"aM":0}},{"curve":[0,0.54,0.75,1],"duration":4,"color":{"aM":0}},{"tweenEasing":0,"duration":16,"color":{"aM":32}},{"tweenEasing":null,"duration":40,"color":{"aM":0}},{"curve":[0,0.54,0.75,1],"duration":4,"color":{"aM":0}},{"tweenEasing":0,"duration":16,"color":{"aM":22}},{"tweenEasing":null,"duration":0,"color":{"aM":0}}],"name":"38/0_3"},{"frame":[{"tweenEasing":null,"duration":120,"color":{"aM":0}}],"name":"38/0_4"},{"frame":[{"tweenEasing":null,"duration":120,"color":{"aM":0}}],"name":"38/0_5"},{"frame":[{"tweenEasing":null,"duration":120,"color":{"aM":0}}],"name":"38/0_6"},{"frame":[{"tweenEasing":null,"duration":120,"color":{"aM":0}}],"name":"38/0_7"},{"frame":[{"tweenEasing":null,"duration":120,"color":{"aM":0}}],"name":"38/0_8"},{"frame":[{"tweenEasing":null,"duration":120,"color":{"aM":0}}],"name":"38/0_9"},{"frame":[{"tweenEasing":null,"duration":120,"color":{"aM":0}}],"name":"38/0_10"},{"frame":[{"tweenEasing":null,"duration":120,"color":{"aM":0}}],"name":"38/0_11"},{"frame":[{"tweenEasing":null,"duration":120,"color":{"aM":0}}],"name":"38/0_12"},{"frame":[{"tweenEasing":null,"duration":120,"color":{"aM":0}}],"name":"38/0_13"},{"frame":[{"tweenEasing":null,"duration":120,"color":{"aM":0}}],"name":"38/0_14"},{"frame":[{"tweenEasing":null,"duration":40,"color":{"aM":0}},{"curve":[0,0.54,0.75,1],"duration":4,"color":{"aM":0}},{"tweenEasing":0,"duration":16,"color":{"aM":32}},{"tweenEasing":null,"duration":40,"color":{"aM":0}},{"curve":[0,0.54,0.75,1],"duration":4,"color":{"aM":0}},{"tweenEasing":0,"duration":16,"color":{"aM":22}},{"tweenEasing":null,"duration":0,"color":{"aM":0}}],"name":"38/0_15"},{"frame":[{"tweenEasing":null,"displayIndex":-1,"duration":120}],"name":"38/close2"},{"frame":[{"tweenEasing":null,"displayIndex":-1,"duration":120}],"name":"38/close3"},{"frame":[{"tweenEasing":null,"displayIndex":-1,"duration":120,"color":{"aM":32}}],"name":"38/close6"},{"frame":[{"tweenEasing":null,"displayIndex":-1,"duration":120}],"name":"38/close7"},{"frame":[{"tweenEasing":null,"duration":120,"color":{"aM":0}}],"name":"38/far_dc9"},{"frame":[{"tweenEasing":null,"duration":120,"color":{"aM":0}}],"name":"38/guangban1"},{"frame":[{"tweenEasing":null,"duration":120,"color":{"aM":0}}],"name":"38/guangban01"},{"frame":[{"tweenEasing":0,"duration":60,"color":{"aM":0}},{"tweenEasing":0,"duration":60},{"tweenEasing":null,"duration":0,"color":{"aM":0}}],"name":"38/guangban02"},{"frame":[{"tweenEasing":null,"displayIndex":-1,"duration":120}],"name":"38/ysg_close1_cao1"},{"frame":[{"tweenEasing":null,"duration":120,"color":{"bM":52,"rM":52,"gM":52}}],"name":"38/zhuye"},{"frame":[{"tweenEasing":null,"displayIndex":-1,"duration":120}],"name":"38/zhuye2"},{"frame":[{"tweenEasing":null,"duration":120,"color":{"bM":52,"rM":52,"gM":52}}],"name":"38/zhuye3"}],"ffd":[],"bone":[{"frame":[{"duration":120,"transform":{"y":40.94,"x":-0.24}}],"name":"38/far_dc9"},{"frame":[{"duration":120,"transform":{"y":165.975,"x":-6.3}}],"name":"38/zhuye3"},{"frame":[{"duration":120,"transform":{"y":33.73}}],"name":"38/guangban1"},{"frame":[{"duration":120,"transform":{"y":15.1}}],"name":"38/guangban01"},{"frame":[{"duration":100,"transform":{"scY":0.62,"scX":0.62}},{"curve":[0,0.54,0.75,1],"duration":20,"transform":{"scY":0.62,"scX":0.62}},{"duration":0,"transform":{}}],"name":"38/0_15"},{"frame":[{"duration":120,"transform":{"scY":0.62,"scX":0.62}}],"name":"38/0_14"},{"frame":[{"duration":120,"transform":{"scY":0.62,"scX":0.62}}],"name":"38/0_13"},{"frame":[{"duration":120,"transform":{"scY":0.62,"scX":0.62}}],"name":"38/0_12"},{"frame":[{"duration":120,"transform":{"scY":0.62,"scX":0.62}}],"name":"38/0_11"},{"frame":[{"duration":120,"transform":{"scY":0.62,"scX":0.62}}],"name":"38/0_10"},{"frame":[{"duration":120,"transform":{"scY":0.62,"scX":0.62}}],"name":"38/0_9"},{"frame":[{"duration":120,"transform":{"scY":0.62,"scX":0.62}}],"name":"38/0_8"},{"frame":[{"duration":120,"transform":{"scY":0.62,"scX":0.62}}],"name":"38/0_7"},{"frame":[{"duration":120,"transform":{"scY":0.62,"scX":0.62}}],"name":"38/0_6"},{"frame":[{"duration":120,"transform":{"scY":0.62,"scX":0.62}}],"name":"38/0_5"},{"frame":[{"duration":120,"transform":{"scY":0.62,"scX":0.62}}],"name":"38/0_4"},{"frame":[{"duration":100,"transform":{"scY":0.62,"scX":0.62}},{"curve":[0,0.54,0.75,1],"duration":20,"transform":{"scY":0.62,"scX":0.62}},{"duration":0,"transform":{}}],"name":"38/0_3"},{"frame":[{"duration":120,"transform":{"scY":0.62,"scX":0.62}}],"name":"38/0_2"},{"frame":[{"duration":120,"transform":{"scY":0.62,"scX":0.62}}],"name":"38/0_1"},{"frame":[{"duration":120,"transform":{}}],"name":"root"},{"frame":[{"duration":120,"transform":{}}],"name":"38/close2"},{"frame":[{"duration":120,"transform":{}}],"name":"38/close3"},{"frame":[{"duration":120,"transform":{}}],"name":"38/close5"},{"frame":[{"duration":120,"transform":{}}],"name":"38/close6"},{"frame":[{"duration":120,"transform":{}}],"name":"38/guangban02"},{"frame":[{"duration":120,"transform":{}}],"name":"38/ysg_close1_cao1"},{"frame":[{"duration":120,"transform":{}}],"name":"38/zhuye"},{"frame":[{"duration":120,"transform":{}}],"name":"38/zhuye2"}],"name":"002group","ik":[]},{"frame":[],"duration":120,"slot":[{"frame":[{"tweenEasing":null,"duration":120,"color":{"aM":0}}],"name":"38/0_2"},{"frame":[{"tweenEasing":null,"duration":120,"color":{"aM":0}}],"name":"38/0_00002"},{"frame":[{"tweenEasing":null,"duration":40,"color":{"aM":0}},{"curve":[0,0.54,0.75,1],"duration":4,"color":{"aM":0}},{"tweenEasing":0,"duration":16,"color":{"aM":32}},{"tweenEasing":null,"duration":40,"color":{"aM":0}},{"curve":[0,0.54,0.75,1],"duration":4,"color":{"aM":0}},{"tweenEasing":0,"duration":16,"color":{"aM":22}},{"tweenEasing":null,"duration":0,"color":{"aM":0}}],"name":"38/0_3"},{"frame":[{"tweenEasing":null,"duration":120,"color":{"aM":0}}],"name":"38/0_4"},{"frame":[{"tweenEasing":null,"duration":120,"color":{"aM":0}}],"name":"38/0_5"},{"frame":[{"tweenEasing":null,"duration":120,"color":{"aM":0}}],"name":"38/0_6"},{"frame":[{"tweenEasing":null,"duration":120,"color":{"aM":0}}],"name":"38/0_7"},{"frame":[{"tweenEasing":null,"duration":120,"color":{"aM":0}}],"name":"38/0_8"},{"frame":[{"tweenEasing":null,"duration":120,"color":{"aM":0}}],"name":"38/0_9"},{"frame":[{"tweenEasing":null,"duration":120,"color":{"aM":0}}],"name":"38/0_10"},{"frame":[{"tweenEasing":null,"duration":120,"color":{"aM":0}}],"name":"38/0_11"},{"frame":[{"tweenEasing":null,"duration":120,"color":{"aM":0}}],"name":"38/0_12"},{"frame":[{"tweenEasing":null,"duration":120,"color":{"aM":0}}],"name":"38/0_13"},{"frame":[{"tweenEasing":null,"duration":120,"color":{"aM":0}}],"name":"38/0_14"},{"frame":[{"tweenEasing":null,"duration":40,"color":{"aM":0}},{"curve":[0,0.54,0.75,1],"duration":4,"color":{"aM":0}},{"tweenEasing":0,"duration":16,"color":{"aM":32}},{"tweenEasing":null,"duration":40,"color":{"aM":0}},{"curve":[0,0.54,0.75,1],"duration":4,"color":{"aM":0}},{"tweenEasing":0,"duration":16,"color":{"aM":22}},{"tweenEasing":null,"duration":0,"color":{"aM":0}}],"name":"38/0_15"},{"frame":[{"tweenEasing":null,"displayIndex":-1,"duration":120}],"name":"38/close2"},{"frame":[{"tweenEasing":null,"displayIndex":-1,"duration":120}],"name":"38/close3"},{"frame":[{"tweenEasing":null,"displayIndex":-1,"duration":120,"color":{"aM":32}}],"name":"38/close6"},{"frame":[{"tweenEasing":null,"displayIndex":-1,"duration":120}],"name":"38/close7"},{"frame":[{"tweenEasing":0,"duration":30,"color":{"aM":0}},{"tweenEasing":0,"duration":29,"color":{"aM":86}},{"tweenEasing":null,"duration":27,"color":{"aM":0}},{"tweenEasing":0,"duration":2,"color":{"aM":0}},{"tweenEasing":0,"duration":2,"color":{"aM":80}},{"tweenEasing":0,"duration":2,"color":{"aM":0}},{"tweenEasing":0,"duration":28},{"tweenEasing":null,"duration":0,"color":{"aM":0}}],"name":"38/far_dc9"},{"frame":[{"tweenEasing":null,"duration":120,"color":{"aM":0}}],"name":"38/guangban1"},{"frame":[{"tweenEasing":null,"duration":120,"color":{"aM":0}}],"name":"38/guangban01"},{"frame":[{"tweenEasing":null,"duration":120,"color":{"aM":0}}],"name":"38/guangban02"},{"frame":[{"tweenEasing":null,"displayIndex":-1,"duration":120}],"name":"38/ysg_close1_cao1"},{"frame":[{"tweenEasing":null,"duration":120,"color":{"bM":52,"rM":52,"gM":52}}],"name":"38/zhuye"},{"frame":[{"tweenEasing":null,"displayIndex":-1,"duration":120}],"name":"38/zhuye2"},{"frame":[{"tweenEasing":null,"duration":120,"color":{"bM":52,"rM":52,"gM":52}}],"name":"38/zhuye3"}],"ffd":[],"bone":[{"frame":[{"tweenEasing":0,"duration":59,"transform":{"y":40.94,"x":-0.24}},{"duration":1,"transform":{"y":-59.875,"x":0.355}},{"tweenEasing":0,"duration":30,"transform":{}},{"duration":30,"transform":{}},{"duration":0,"transform":{"y":-59.875,"x":0.355}}],"name":"38/far_dc9"},{"frame":[{"duration":120,"transform":{"y":165.975,"x":-6.3}}],"name":"38/zhuye3"},{"frame":[{"duration":120,"transform":{"y":33.73}}],"name":"38/guangban1"},{"frame":[{"duration":120,"transform":{"y":15.1}}],"name":"38/guangban01"},{"frame":[{"duration":100,"transform":{"scY":0.62,"scX":0.62}},{"curve":[0,0.54,0.75,1],"duration":20,"transform":{"scY":0.62,"scX":0.62}},{"duration":0,"transform":{}}],"name":"38/0_15"},{"frame":[{"duration":120,"transform":{"scY":0.62,"scX":0.62}}],"name":"38/0_14"},{"frame":[{"duration":120,"transform":{"scY":0.62,"scX":0.62}}],"name":"38/0_13"},{"frame":[{"duration":120,"transform":{"scY":0.62,"scX":0.62}}],"name":"38/0_12"},{"frame":[{"duration":120,"transform":{"scY":0.62,"scX":0.62}}],"name":"38/0_11"},{"frame":[{"duration":120,"transform":{"scY":0.62,"scX":0.62}}],"name":"38/0_10"},{"frame":[{"duration":120,"transform":{"scY":0.62,"scX":0.62}}],"name":"38/0_9"},{"frame":[{"duration":120,"transform":{"scY":0.62,"scX":0.62}}],"name":"38/0_8"},{"frame":[{"duration":120,"transform":{"scY":0.62,"scX":0.62}}],"name":"38/0_7"},{"frame":[{"duration":120,"transform":{"scY":0.62,"scX":0.62}}],"name":"38/0_6"},{"frame":[{"duration":120,"transform":{"scY":0.62,"scX":0.62}}],"name":"38/0_5"},{"frame":[{"duration":120,"transform":{"scY":0.62,"scX":0.62}}],"name":"38/0_4"},{"frame":[{"duration":100,"transform":{"scY":0.62,"scX":0.62}},{"curve":[0,0.54,0.75,1],"duration":20,"transform":{"scY":0.62,"scX":0.62}},{"duration":0,"transform":{}}],"name":"38/0_3"},{"frame":[{"duration":120,"transform":{"scY":0.62,"scX":0.62}}],"name":"38/0_2"},{"frame":[{"duration":120,"transform":{"scY":0.62,"scX":0.62}}],"name":"38/0_1"},{"frame":[{"duration":120,"transform":{}}],"name":"root"},{"frame":[{"duration":120,"transform":{}}],"name":"38/close2"},{"frame":[{"duration":120,"transform":{}}],"name":"38/close3"},{"frame":[{"duration":120,"transform":{}}],"name":"38/close5"},{"frame":[{"duration":120,"transform":{}}],"name":"38/close6"},{"frame":[{"duration":120,"transform":{}}],"name":"38/guangban02"},{"frame":[{"duration":120,"transform":{}}],"name":"38/ysg_close1_cao1"},{"frame":[{"duration":120,"transform":{}}],"name":"38/zhuye"},{"frame":[{"duration":120,"transform":{}}],"name":"38/zhuye2"}],"name":"003far","ik":[]}],"type":"Armature","frameRate":30,"ik":[],"bone":[{"name":"root","transform":{}},{"transform":{"y":-74.28,"x":84.47},"name":"38/0_1","parent":"root"},{"transform":{"y":-96.73,"x":135.145},"name":"38/0_2","parent":"root"},{"transform":{"y":-105.715,"x":164.655},"name":"38/0_3","parent":"root"},{"transform":{"y":-51.185,"x":238.43},"name":"38/0_4","parent":"root"},{"transform":{"y":-50.545,"x":264.73},"name":"38/0_5","parent":"root"},{"transform":{"y":-73.64,"x":289.75},"name":"38/0_6","parent":"root"},{"transform":{"y":-42.205,"x":288.465},"name":"38/0_7","parent":"root"},{"transform":{"y":-76.845,"x":323.105},"name":"38/0_8","parent":"root"},{"transform":{"y":-80.695,"x":397.52},"name":"38/0_9","parent":"root"},{"transform":{"y":-81.98,"x":459.745},"name":"38/0_10","parent":"root"},{"transform":{"y":-83.9,"x":489.255},"name":"38/0_11","parent":"root"},{"transform":{"y":-83.9,"x":506.575},"name":"38/0_12","parent":"root"},{"transform":{"y":-65.3,"x":585.48},"name":"38/0_13","parent":"root"},{"transform":{"y":-53.11,"x":338.505},"name":"38/0_14","parent":"root"},{"transform":{"scY":0.707,"y":-148.695,"scX":0.707,"x":195.45},"name":"38/0_15","parent":"root"},{"length":53,"transform":{"y":-341.37,"skX":88.15,"skY":88.15,"x":293.825},"parent":"root","name":"38/close2"},{"length":97.5,"transform":{"y":-351.395,"skX":124.08,"skY":124.08,"x":538.09},"parent":"root","name":"38/close3"},{"length":97.5,"transform":{"scY":1.695,"y":-350.58,"skX":124.08,"skY":124.08,"scX":1.695,"x":400.93},"parent":"root","name":"38/close5"},{"length":97.5,"transform":{"y":-350.58,"skX":124.08,"skY":124.08,"x":129.05},"parent":"root","name":"38/close6"},{"length":182,"transform":{"y":-219.785,"skX":0.36,"skY":0.36,"x":-72.36},"parent":"root","name":"38/far_dc9"},{"transform":{"y":-27.29,"x":426.855},"name":"38/guangban01","parent":"root"},{"transform":{"y":-38.75,"x":156.985},"name":"38/guangban1","parent":"root"},{"transform":{"y":-218.83,"x":335.165},"name":"38/guangban02","parent":"root"},{"length":43,"transform":{"y":-12.55,"skX":-141.32,"skY":-141.32,"x":184.84},"parent":"root","name":"38/ysg_close1_cao1"},{"transform":{"y":-353.23,"x":-37.625},"name":"38/zhuye","parent":"root"},{"transform":{"scY":1.399,"y":-389.13,"skX":-120.16,"skY":-120.16,"scX":1.399,"x":21.03},"name":"38/zhuye2","parent":"root"},{"transform":{"scY":1.399,"y":-302.61,"skX":-143.74,"skY":-143.74,"scX":1.399,"x":-26.775},"name":"38/zhuye3","parent":"root"}],"aabb":{"width":664.1800000000001,"y":-392.13,"height":414.83,"x":-45.49},"skin":[{"slot":[{"display":[{"path":"38/0_00002","type":"image","name":"38/0_00002","transform":{"scY":0.569,"y":-5.04,"scX":0.569,"x":0.46}}],"blendMode":"add","name":"38/0_4"},{"display":[{"path":"38/guangban01","type":"image","name":"38/guangban01","transform":{"y":0.835,"x":-0.835}}],"blendMode":"add","name":"38/guangban01"},{"display":[{"path":"38/zhuye","type":"image","name":"38/zhuye","transform":{"y":-0.07,"x":0.135}}],"name":"38/zhuye"},{"display":[{"path":"38/0_00002","type":"image","name":"38/0_00002","transform":{"scY":0.569,"y":-5.04,"scX":0.569,"x":0.46}}],"blendMode":"add","name":"38/0_10"},{"display":[{"path":"38/0_00002","type":"image","name":"38/0_00002","transform":{"scY":0.569,"y":-5.04,"scX":0.569,"x":0.46}}],"blendMode":"add","name":"38/0_12"},{"display":[{"userEdges":[],"width":592,"height":77,"type":"mesh","vertices":[-25,-25,25,-25,-25,25,25,25],"transform":{},"edges":[0,1,1,3,3,2,2,0],"path":"38/close2","uvs":[0.45777,0.17532,0.54223,0.17532,0.45777,0.82468,0.54223,0.82468],"name":"38/close2","triangles":[1,0,3,0,2,3]}],"name":"38/close2"},{"display":[{"path":"38/zhuye","type":"image","name":"38/zhuye","transform":{"y":-0.07,"x":0.135}}],"name":"38/zhuye3"},{"display":[{"path":"38/0_00002","type":"image","name":"38/0_00002","transform":{"scY":0.569,"y":-5.04,"scX":0.569,"x":0.46}}],"blendMode":"add","name":"38/0_00002"},{"display":[{"path":"38/close3","type":"image","name":"38/close3","transform":{"y":-11.33,"skX":-124.37,"skY":-124.37,"x":67.805}}],"blendMode":"add","name":"38/close6"},{"display":[{"path":"38/0_00002","type":"image","name":"38/0_00002","transform":{"scY":0.569,"y":-5.04,"scX":0.569,"x":0.46}}],"blendMode":"add","name":"38/0_5"},{"display":[{"userEdges":[],"width":210,"height":70,"type":"mesh","vertices":[-25,-25,25,-25,-25,25,25,25],"transform":{},"edges":[0,1,1,3,3,2,2,0],"path":"38/ysg_close1_cao1","uvs":[0.38124,0.14539,0.61876,0.14539,0.38124,0.85461,0.61876,0.85461],"name":"38/ysg_close1_cao1","triangles":[1,0,3,0,2,3]}],"name":"38/ysg_close1_cao1"},{"display":[{"path":"38/0_00002","type":"image","name":"38/0_00002","transform":{"scY":0.569,"y":-5.04,"scX":0.569,"x":0.46}}],"blendMode":"add","name":"38/0_8"},{"display":[{"path":"38/close3","type":"image","name":"38/close3","transform":{"y":-11.33,"skX":-124.37,"skY":-124.37,"x":67.805}}],"blendMode":"add","name":"38/close3"},{"display":[{"path":"38/guangban01","type":"image","name":"38/guangban01","transform":{"scY":3.731,"y":3.92,"scX":-3.73,"x":-0.575}}],"blendMode":"add","name":"38/guangban1"},{"display":[{"userEdges":[],"width":16,"height":6,"type":"mesh","vertices":[-25,-25,25,-25,-25,25,25,25],"transform":{},"edges":[0,1,1,3,3,2,2,0],"path":"38/zhuye","uvs":[-1.0625,-3.66667,2.0625,-3.66667,-1.0625,4.66667,2.0625,4.66667],"name":"38/zhuye","triangles":[1,0,3,0,2,3]}],"name":"38/zhuye2"},{"display":[{"path":"38/guangban02","type":"image","name":"38/guangban02","transform":{"y":-0.675,"x":0.205}}],"blendMode":"add","name":"38/guangban02"},{"display":[{"path":"38/0_00002","type":"image","name":"38/0_00002","transform":{"scY":0.569,"y":-5.04,"scX":0.569,"x":0.46}}],"blendMode":"add","name":"38/0_13"},{"display":[{"path":"38/0_00002","type":"image","name":"38/0_00002","transform":{"scY":0.569,"y":-5.04,"scX":0.569,"x":0.46}}],"blendMode":"add","name":"38/0_7"},{"display":[{"path":"38/0_00002","type":"image","name":"38/0_00002","transform":{"scY":0.569,"y":-5.04,"scX":0.569,"x":0.46}}],"blendMode":"add","name":"38/0_9"},{"display":[{"path":"38/0_00002","type":"image","name":"38/0_00002","transform":{"scY":0.569,"y":-5.04,"scX":0.569,"x":0.46}}],"blendMode":"add","name":"38/0_3"},{"display":[{"path":"38/0_00002","type":"image","name":"38/0_00002","transform":{"scY":0.569,"y":-5.04,"scX":0.569,"x":0.46}}],"blendMode":"add","name":"38/0_6"},{"display":[{"path":"38/0_00002","type":"image","name":"38/0_00002","transform":{"scY":0.569,"y":-5.04,"scX":0.569,"x":0.46}}],"blendMode":"add","name":"38/0_14"},{"display":[{"path":"38/far_dc9","type":"image","name":"38/far_dc9","transform":{"scY":2,"y":-36.265,"skX":-0.34,"skY":-0.34,"scX":2,"x":428.125}}],"blendMode":"add","name":"38/far_dc9"},{"display":[{"path":"38/0_00002","type":"image","name":"38/0_00002","transform":{"scY":0.569,"y":-5.04,"scX":0.569,"x":0.46}}],"blendMode":"add","name":"38/0_11"},{"display":[{"path":"38/close3","type":"image","name":"38/close3","transform":{"y":-11.33,"skX":-124.37,"skY":-124.37,"x":67.805}}],"blendMode":"add","name":"38/close7"},{"display":[{"path":"38/0_00002","type":"image","name":"38/0_00002","transform":{"scY":0.569,"y":-5.04,"scX":0.569,"x":0.46}}],"blendMode":"add","name":"38/0_15"},{"display":[{"path":"38/0_00002","type":"image","name":"38/0_00002","transform":{"scY":0.569,"y":-5.04,"scX":0.569,"x":0.46}}],"blendMode":"add","name":"38/0_2"}],"name":""}],"slot":[{"blendMode":"add","parent":"38/far_dc9","name":"38/far_dc9","color":{}},{"blendMode":"add","z":1,"parent":"38/close3","name":"38/close3","color":{}},{"blendMode":"add","z":2,"parent":"38/close5","name":"38/close6","color":{}},{"blendMode":"add","z":3,"parent":"38/close6","name":"38/close7","color":{}},{"z":4,"name":"38/ysg_close1_cao1","parent":"38/ysg_close1_cao1","color":{}},{"blendMode":"add","z":5,"parent":"38/guangban01","name":"38/guangban01","color":{}},{"blendMode":"add","z":6,"parent":"38/guangban1","name":"38/guangban1","color":{}},{"z":7,"name":"38/zhuye","parent":"38/zhuye","color":{}},{"z":8,"name":"38/zhuye2","parent":"38/zhuye2","color":{}},{"z":9,"name":"38/zhuye3","parent":"38/zhuye3","color":{}},{"z":10,"name":"38/close2","parent":"38/close2","color":{}},{"blendMode":"add","z":11,"parent":"38/guangban02","name":"38/guangban02","color":{}},{"blendMode":"add","z":12,"parent":"38/0_1","name":"38/0_00002","color":{"aM":22}},{"blendMode":"add","z":13,"parent":"38/0_2","name":"38/0_2","color":{"aM":22}},{"blendMode":"add","z":14,"parent":"38/0_3","name":"38/0_3","color":{"aM":22}},{"blendMode":"add","z":15,"parent":"38/0_4","name":"38/0_4","color":{"aM":22}},{"blendMode":"add","z":16,"parent":"38/0_5","name":"38/0_5","color":{"aM":22}},{"blendMode":"add","z":17,"parent":"38/0_6","name":"38/0_6","color":{"aM":22}},{"blendMode":"add","z":18,"parent":"38/0_7","name":"38/0_7","color":{"aM":22}},{"blendMode":"add","z":19,"parent":"38/0_8","name":"38/0_8","color":{"aM":22}},{"blendMode":"add","z":20,"parent":"38/0_9","name":"38/0_9","color":{"aM":22}},{"blendMode":"add","z":21,"parent":"38/0_10","name":"38/0_10","color":{"aM":22}},{"blendMode":"add","z":22,"parent":"38/0_11","name":"38/0_11","color":{"aM":22}},{"blendMode":"add","z":23,"parent":"38/0_12","name":"38/0_12","color":{"aM":22}},{"blendMode":"add","z":24,"parent":"38/0_13","name":"38/0_13","color":{"aM":22}},{"blendMode":"add","z":25,"parent":"38/0_14","name":"38/0_14","color":{"aM":22}},{"blendMode":"add","z":26,"parent":"38/0_15","name":"38/0_15","color":{"aM":22}}],"name":"armatureName"}],"name":"cj_ysg_eff","version":"4.0"}