{"frameRate":60,"isGlobal":0,"armature":[{"slot":[{"displayIndex":-1,"name":"000_jineng_fuji","parent":"000_jineng_fuji","color":{}},{"z":1,"name":"000_jineng_kuang","parent":"000_jineng_kuang","color":{}},{"z":2,"name":"000_jineng_kuang2","parent":"000_jineng_kuang2","color":{}},{"z":3,"name":"000_jineng_gaoguang","parent":"000_jineng_gaoguang","color":{}},{"z":4,"name":"000_jineng_baozha","parent":"000_jineng_baozha","color":{}},{"z":5,"displayIndex":-1,"name":"001_yuanhu_fuji","parent":"001_yuanhu_fuji","color":{}},{"z":6,"name":"001_yuanhu_kuang","parent":"001_yuanhu_kuang","color":{}},{"z":7,"name":"001_yanhu_yanshi","parent":"001_yanhu_yanshi","color":{}},{"z":8,"name":"001_yuanhu_kuang2","parent":"001_yuanhu_kuang2","color":{}},{"z":9,"name":"001_yuanhu_gaoguang","parent":"001_yuanhu_gaoguang","color":{}},{"z":10,"name":"001_yuanhu_wenzi_eff","parent":"001_yuanhu_wenzi_eff","color":{}},{"z":11,"name":"001_yuanhu_wenzi","parent":"001_yuanhu_wenzi","color":{}},{"z":12,"displayIndex":-1,"name":"002_canxue_fuji","parent":"002_canxue_fuji","color":{}},{"z":13,"name":"002_canxue_kuang","parent":"002_canxue_kuang","color":{}}],"animation":[{"slot":[{"frame":[{"tweenEasing":0,"duration":5},{"displayIndex":1,"tweenEasing":0,"duration":5},{"displayIndex":2,"tweenEasing":0,"duration":5},{"displayIndex":3,"tweenEasing":0,"duration":5},{"displayIndex":4,"tweenEasing":0,"duration":15},{"displayIndex":4,"tweenEasing":0,"color":{"aM":0},"duration":1},{"displayIndex":-1,"tweenEasing":null,"color":{"aM":0},"duration":24}],"name":"000_jineng_baozha"},{"frame":[{"tweenEasing":0,"color":{"aM":57},"duration":5},{"tweenEasing":0,"color":{"aM":57},"duration":55},{"tweenEasing":null,"color":{"aM":0},"duration":0}],"name":"000_jineng_gaoguang"},{"frame":[{"tweenEasing":0,"color":{"aM":0},"duration":5},{"tweenEasing":0,"duration":55},{"tweenEasing":null,"color":{"aM":0},"duration":0}],"name":"000_jineng_kuang2"},{"frame":[{"tweenEasing":0,"duration":5},{"tweenEasing":0,"color":{"aM":57},"duration":55},{"tweenEasing":null,"duration":0}],"name":"000_jineng_kuang"},{"frame":[{"displayIndex":-1,"tweenEasing":null,"duration":60}],"name":"000_jineng_fuji"},{"frame":[{"displayIndex":-1,"tweenEasing":null,"duration":60}],"name":"001_yuanhu_fuji"},{"frame":[{"displayIndex":-1,"tweenEasing":null,"duration":60}],"name":"001_yuanhu_kuang"},{"frame":[{"displayIndex":-1,"tweenEasing":null,"duration":60}],"name":"001_yanhu_yanshi"},{"frame":[{"displayIndex":-1,"tweenEasing":null,"duration":60}],"name":"001_yuanhu_kuang2"},{"frame":[{"displayIndex":-1,"tweenEasing":null,"duration":60}],"name":"001_yuanhu_gaoguang"},{"frame":[{"displayIndex":-1,"tweenEasing":null,"duration":60}],"name":"001_yuanhu_wenzi_eff"},{"frame":[{"displayIndex":-1,"tweenEasing":null,"duration":60}],"name":"001_yuanhu_wenzi"},{"frame":[{"displayIndex":-1,"tweenEasing":null,"duration":60}],"name":"002_canxue_fuji"},{"frame":[{"displayIndex":-1,"tweenEasing":null,"duration":60}],"name":"002_canxue_kuang"}],"ffd":[],"frame":[],"duration":60,"ik":[],"bone":[{"frame":[{"tweenEasing":0,"transform":{},"duration":5},{"tweenEasing":0,"transform":{},"duration":5},{"tweenEasing":0,"transform":{},"duration":5},{"tweenEasing":0,"transform":{},"duration":5},{"tweenEasing":0,"transform":{},"duration":15},{"tweenEasing":0,"transform":{},"duration":1},{"transform":{},"duration":24}],"name":"000_jineng_baozha"},{"frame":[{"tweenEasing":0,"transform":{"y":39,"scX":0.8,"scY":0.3,"x":1},"duration":5},{"tweenEasing":0,"transform":{"y":-3.2609,"scY":0.3,"x":2.5652},"duration":55},{"transform":{"y":-42,"scX":0.8,"scY":0.3,"x":4},"duration":0}],"name":"000_jineng_gaoguang"},{"frame":[{"tweenEasing":0,"transform":{"scX":0.8,"scY":0.8},"duration":5},{"tweenEasing":0,"transform":{"scX":0.8868,"scY":0.8868},"duration":55},{"transform":{"scX":1.3,"scY":1.3},"duration":0}],"name":"000_jineng_kuang2"},{"frame":[{"tweenEasing":0,"transform":{},"duration":5},{"tweenEasing":0,"transform":{},"duration":55},{"transform":{},"duration":0}],"name":"000_jineng_kuang"},{"frame":[{"transform":{},"duration":60}],"name":"000_jineng_fuji"},{"frame":[{"transform":{},"duration":60}],"name":"root"},{"frame":[{"transform":{},"duration":60}],"name":"001_yanhu_yanshi"},{"frame":[{"transform":{},"duration":60}],"name":"001_yuanhu_fuji"},{"frame":[{"transform":{},"duration":60}],"name":"002_canxue_fuji"},{"frame":[{"transform":{},"duration":60}],"name":"001_yuanhu_kuang"},{"frame":[{"transform":{},"duration":60}],"name":"001_yuanhu_gaoguang"},{"frame":[{"transform":{},"duration":60}],"name":"001_yuanhu_wenzi_eff"},{"frame":[{"transform":{},"duration":60}],"name":"001_yuanhu_wenzi"},{"frame":[{"transform":{},"duration":60}],"name":"001_yuanhu_kuang2"},{"frame":[{"transform":{},"duration":60}],"name":"002_canxue_kuang"}],"name":"000_jineng_chuxian"},{"slot":[{"frame":[{"tweenEasing":0,"color":{"aM":0},"duration":15},{"tweenEasing":0,"color":{"aM":0},"duration":45},{"tweenEasing":0,"color":{"aM":98},"duration":40},{"tweenEasing":0,"color":{"aM":0},"duration":15},{"tweenEasing":null,"color":{"aM":0},"duration":0}],"name":"000_jineng_gaoguang"},{"frame":[{"tweenEasing":0,"duration":60},{"tweenEasing":0,"color":{"aM":57},"duration":55},{"tweenEasing":null,"duration":0}],"name":"000_jineng_kuang"},{"frame":[{"displayIndex":-1,"tweenEasing":null,"duration":115}],"name":"000_jineng_fuji"},{"frame":[{"displayIndex":-1,"tweenEasing":null,"duration":115}],"name":"000_jineng_kuang2"},{"frame":[{"displayIndex":-1,"tweenEasing":null,"duration":115}],"name":"000_jineng_baozha"},{"frame":[{"displayIndex":-1,"tweenEasing":null,"duration":115}],"name":"001_yuanhu_fuji"},{"frame":[{"displayIndex":-1,"tweenEasing":null,"duration":115}],"name":"001_yuanhu_kuang"},{"frame":[{"displayIndex":-1,"tweenEasing":null,"duration":115}],"name":"001_yanhu_yanshi"},{"frame":[{"displayIndex":-1,"tweenEasing":null,"duration":115}],"name":"001_yuanhu_kuang2"},{"frame":[{"displayIndex":-1,"tweenEasing":null,"duration":115}],"name":"001_yuanhu_gaoguang"},{"frame":[{"displayIndex":-1,"tweenEasing":null,"duration":115}],"name":"001_yuanhu_wenzi_eff"},{"frame":[{"displayIndex":-1,"tweenEasing":null,"duration":115}],"name":"001_yuanhu_wenzi"},{"frame":[{"displayIndex":-1,"tweenEasing":null,"duration":115}],"name":"002_canxue_fuji"},{"frame":[{"displayIndex":-1,"tweenEasing":null,"duration":115}],"name":"002_canxue_kuang"}],"ffd":[],"frame":[],"duration":115,"ik":[],"bone":[{"frame":[{"tweenEasing":0,"transform":{"y":39,"scX":0.8,"scY":0.1,"x":1},"duration":15},{"tweenEasing":0,"transform":{"y":39,"scX":0.8,"scY":0.1,"x":1},"duration":45},{"tweenEasing":0,"transform":{"y":-3.2609,"scY":0.1,"x":2.5652},"duration":40},{"tweenEasing":0,"transform":{"y":-42,"scX":0.8,"scY":0.1,"x":4},"duration":15},{"transform":{"y":-42,"scX":0.8,"scY":0.1,"x":4},"duration":0}],"name":"000_jineng_gaoguang"},{"frame":[{"tweenEasing":0,"transform":{},"duration":60},{"tweenEasing":0,"transform":{},"duration":55},{"transform":{},"duration":0}],"name":"000_jineng_kuang"},{"frame":[{"transform":{},"duration":115}],"name":"000_jineng_fuji"},{"frame":[{"transform":{},"duration":115}],"name":"root"},{"frame":[{"transform":{},"duration":115}],"name":"001_yanhu_yanshi"},{"frame":[{"transform":{},"duration":115}],"name":"001_yuanhu_fuji"},{"frame":[{"transform":{},"duration":115}],"name":"002_canxue_fuji"},{"frame":[{"transform":{},"duration":115}],"name":"000_jineng_baozha"},{"frame":[{"transform":{},"duration":115}],"name":"001_yuanhu_kuang"},{"frame":[{"transform":{},"duration":115}],"name":"000_jineng_kuang2"},{"frame":[{"transform":{},"duration":115}],"name":"001_yuanhu_gaoguang"},{"frame":[{"transform":{},"duration":115}],"name":"001_yuanhu_wenzi_eff"},{"frame":[{"transform":{},"duration":115}],"name":"001_yuanhu_wenzi"},{"frame":[{"transform":{},"duration":115}],"name":"001_yuanhu_kuang2"},{"frame":[{"transform":{},"duration":115}],"name":"002_canxue_kuang"}],"name":"001_jineng_xunhuan","playTimes":0},{"slot":[{"frame":[{"tweenEasing":0,"duration":15},{"tweenEasing":0,"duration":10},{"tweenEasing":0,"duration":20},{"tweenEasing":null,"duration":0}],"name":"001_yuanhu_wenzi"},{"frame":[{"tweenEasing":0,"color":{"aM":39},"duration":45},{"tweenEasing":null,"color":{"aM":39},"duration":0}],"name":"001_yuanhu_wenzi_eff"},{"frame":[{"tweenEasing":0,"color":{"aM":57},"duration":5},{"tweenEasing":0,"color":{"aM":98},"duration":40},{"tweenEasing":null,"color":{"aM":0},"duration":0}],"name":"001_yuanhu_gaoguang"},{"frame":[{"tweenEasing":0,"color":{"aM":0},"duration":5},{"tweenEasing":0,"duration":40},{"tweenEasing":null,"color":{"aM":0},"duration":0}],"name":"001_yuanhu_kuang2"},{"frame":[{"tweenEasing":0,"duration":5},{"tweenEasing":0,"color":{"aM":57},"duration":40},{"tweenEasing":null,"duration":0}],"name":"001_yuanhu_kuang"},{"frame":[{"displayIndex":-1,"tweenEasing":0,"duration":15},{"displayIndex":-1,"tweenEasing":0,"duration":15},{"displayIndex":-1,"tweenEasing":0,"duration":15},{"displayIndex":-1,"tweenEasing":null,"duration":0}],"name":"001_yuanhu_fuji"},{"frame":[{"displayIndex":-1,"tweenEasing":null,"duration":45}],"name":"000_jineng_fuji"},{"frame":[{"displayIndex":-1,"tweenEasing":null,"duration":45}],"name":"000_jineng_kuang"},{"frame":[{"displayIndex":-1,"tweenEasing":null,"duration":45}],"name":"000_jineng_kuang2"},{"frame":[{"displayIndex":-1,"tweenEasing":null,"duration":45}],"name":"000_jineng_gaoguang"},{"frame":[{"displayIndex":-1,"tweenEasing":null,"duration":45}],"name":"000_jineng_baozha"},{"frame":[{"displayIndex":-1,"tweenEasing":null,"duration":45}],"name":"001_yanhu_yanshi"},{"frame":[{"displayIndex":-1,"tweenEasing":null,"duration":45}],"name":"002_canxue_fuji"},{"frame":[{"displayIndex":-1,"tweenEasing":null,"duration":45}],"name":"002_canxue_kuang"}],"ffd":[],"frame":[],"duration":45,"ik":[],"bone":[{"frame":[{"tweenEasing":0,"transform":{"scX":3,"scY":3},"duration":15},{"tweenEasing":0,"transform":{"scX":0.9,"scY":0.9},"duration":10},{"tweenEasing":0,"transform":{},"duration":20},{"transform":{},"duration":0}],"name":"001_yuanhu_wenzi"},{"frame":[{"tweenEasing":0,"transform":{},"duration":45},{"transform":{"skX":360,"skY":360},"duration":0}],"name":"001_yuanhu_wenzi_eff"},{"frame":[{"tweenEasing":0,"transform":{"y":34,"scX":0.8,"scY":0.1,"x":-6},"duration":5},{"tweenEasing":0,"transform":{"y":-2.5217,"scX":0.8,"scY":0.1,"x":-0.7826},"duration":40},{"transform":{"y":-36,"scX":0.8,"scY":0.1,"x":4},"duration":0}],"name":"001_yuanhu_gaoguang"},{"frame":[{"tweenEasing":0,"transform":{"scX":0.8,"scY":0.8},"duration":5},{"tweenEasing":0,"transform":{"scX":0.8653,"scY":0.8653},"duration":40},{"transform":{"scX":1.3,"scY":1.3},"duration":0}],"name":"001_yuanhu_kuang2"},{"frame":[{"tweenEasing":0,"transform":{},"duration":5},{"tweenEasing":0,"transform":{},"duration":40},{"transform":{},"duration":0}],"name":"001_yuanhu_kuang"},{"frame":[{"tweenEasing":0,"transform":{},"duration":15},{"tweenEasing":0,"transform":{"scX":0.9,"scY":0.9},"duration":15},{"tweenEasing":0,"transform":{},"duration":15},{"transform":{},"duration":0}],"name":"001_yuanhu_fuji"},{"frame":[{"transform":{},"duration":45}],"name":"root"},{"frame":[{"transform":{},"duration":45}],"name":"001_yanhu_yanshi"},{"frame":[{"transform":{},"duration":45}],"name":"000_jineng_fuji"},{"frame":[{"transform":{},"duration":45}],"name":"002_canxue_fuji"},{"frame":[{"transform":{},"duration":45}],"name":"000_jineng_gaoguang"},{"frame":[{"transform":{},"duration":45}],"name":"000_jineng_baozha"},{"frame":[{"transform":{},"duration":45}],"name":"000_jineng_kuang"},{"frame":[{"transform":{},"duration":45}],"name":"000_jineng_kuang2"},{"frame":[{"transform":{},"duration":45}],"name":"002_canxue_kuang"}],"name":"002_yuanhu_chuxian"},{"slot":[{"frame":[{"tweenEasing":0,"duration":120},{"tweenEasing":null,"duration":0}],"name":"001_yuanhu_wenzi"},{"frame":[{"tweenEasing":0,"color":{"aM":39},"duration":120},{"tweenEasing":null,"color":{"aM":39},"duration":0}],"name":"001_yuanhu_wenzi_eff"},{"frame":[{"tweenEasing":0,"color":{"aM":0},"duration":15},{"tweenEasing":0,"color":{"aM":0},"duration":45},{"tweenEasing":0,"color":{"aM":57},"duration":45},{"tweenEasing":0,"color":{"aM":0},"duration":15},{"tweenEasing":null,"color":{"aM":0},"duration":0}],"name":"001_yuanhu_gaoguang"},{"frame":[{"tweenEasing":0,"duration":60},{"tweenEasing":0,"color":{"aM":57},"duration":60},{"tweenEasing":null,"duration":0}],"name":"001_yuanhu_kuang"},{"frame":[{"displayIndex":-1,"tweenEasing":null,"duration":120}],"name":"001_yuanhu_fuji"},{"frame":[{"displayIndex":-1,"tweenEasing":null,"duration":120}],"name":"000_jineng_fuji"},{"frame":[{"displayIndex":-1,"tweenEasing":null,"duration":120}],"name":"000_jineng_kuang"},{"frame":[{"displayIndex":-1,"tweenEasing":null,"duration":120}],"name":"000_jineng_kuang2"},{"frame":[{"displayIndex":-1,"tweenEasing":null,"duration":120}],"name":"000_jineng_gaoguang"},{"frame":[{"displayIndex":-1,"tweenEasing":null,"duration":120}],"name":"000_jineng_baozha"},{"frame":[{"displayIndex":-1,"tweenEasing":null,"duration":120}],"name":"001_yanhu_yanshi"},{"frame":[{"displayIndex":-1,"tweenEasing":null,"duration":120}],"name":"001_yuanhu_kuang2"},{"frame":[{"displayIndex":-1,"tweenEasing":null,"duration":120}],"name":"002_canxue_fuji"},{"frame":[{"displayIndex":-1,"tweenEasing":null,"duration":120}],"name":"002_canxue_kuang"}],"ffd":[],"frame":[],"duration":120,"ik":[],"bone":[{"frame":[{"tweenEasing":0,"transform":{},"duration":120},{"transform":{},"duration":0}],"name":"001_yuanhu_wenzi"},{"frame":[{"tweenEasing":0,"transform":{},"duration":120},{"transform":{"skX":360,"skY":360},"duration":0}],"name":"001_yuanhu_wenzi_eff"},{"frame":[{"tweenEasing":0,"transform":{"y":34,"scX":0.8,"scY":0.1,"x":-6},"duration":15},{"tweenEasing":0,"transform":{"y":34,"scX":0.8,"scY":0.1,"x":-6},"duration":45},{"tweenEasing":0,"transform":{"y":-2.5217,"scX":0.8,"scY":0.1,"x":-0.7826},"duration":45},{"tweenEasing":0,"transform":{"y":-36,"scX":0.8,"scY":0.1,"x":4},"duration":15},{"transform":{"y":-36,"scX":0.8,"scY":0.1,"x":4},"duration":0}],"name":"001_yuanhu_gaoguang"},{"frame":[{"tweenEasing":0,"transform":{},"duration":60},{"tweenEasing":0,"transform":{},"duration":60},{"transform":{},"duration":0}],"name":"001_yuanhu_kuang"},{"frame":[{"transform":{},"duration":120}],"name":"001_yuanhu_fuji"},{"frame":[{"transform":{},"duration":120}],"name":"root"},{"frame":[{"transform":{},"duration":120}],"name":"001_yanhu_yanshi"},{"frame":[{"transform":{},"duration":120}],"name":"000_jineng_fuji"},{"frame":[{"transform":{},"duration":120}],"name":"002_canxue_fuji"},{"frame":[{"transform":{},"duration":120}],"name":"000_jineng_gaoguang"},{"frame":[{"transform":{},"duration":120}],"name":"000_jineng_baozha"},{"frame":[{"transform":{},"duration":120}],"name":"000_jineng_kuang"},{"frame":[{"transform":{},"duration":120}],"name":"000_jineng_kuang2"},{"frame":[{"transform":{},"duration":120}],"name":"001_yuanhu_kuang2"},{"frame":[{"transform":{},"duration":120}],"name":"002_canxue_kuang"}],"name":"003_yuanhu_xunhuan","playTimes":0},{"slot":[{"frame":[{"tweenEasing":0,"color":{"aM":57},"duration":5},{"tweenEasing":0,"duration":55},{"tweenEasing":null,"color":{"aM":57},"duration":0}],"name":"002_canxue_kuang"},{"frame":[{"displayIndex":-1,"tweenEasing":null,"duration":60}],"name":"002_canxue_fuji"},{"frame":[{"displayIndex":-1,"tweenEasing":null,"duration":60}],"name":"000_jineng_fuji"},{"frame":[{"displayIndex":-1,"tweenEasing":null,"duration":60}],"name":"000_jineng_kuang"},{"frame":[{"displayIndex":-1,"tweenEasing":null,"duration":60}],"name":"000_jineng_kuang2"},{"frame":[{"displayIndex":-1,"tweenEasing":null,"duration":60}],"name":"000_jineng_gaoguang"},{"frame":[{"displayIndex":-1,"tweenEasing":null,"duration":60}],"name":"000_jineng_baozha"},{"frame":[{"displayIndex":-1,"tweenEasing":null,"duration":60}],"name":"001_yuanhu_fuji"},{"frame":[{"displayIndex":-1,"tweenEasing":null,"duration":60}],"name":"001_yuanhu_kuang"},{"frame":[{"displayIndex":-1,"tweenEasing":null,"duration":60}],"name":"001_yanhu_yanshi"},{"frame":[{"displayIndex":-1,"tweenEasing":null,"duration":60}],"name":"001_yuanhu_kuang2"},{"frame":[{"displayIndex":-1,"tweenEasing":null,"duration":60}],"name":"001_yuanhu_gaoguang"},{"frame":[{"displayIndex":-1,"tweenEasing":null,"duration":60}],"name":"001_yuanhu_wenzi_eff"},{"frame":[{"displayIndex":-1,"tweenEasing":null,"duration":60}],"name":"001_yuanhu_wenzi"}],"ffd":[],"frame":[],"duration":60,"ik":[],"bone":[{"frame":[{"tweenEasing":0,"transform":{},"duration":5},{"tweenEasing":0,"transform":{},"duration":55},{"transform":{},"duration":0}],"name":"002_canxue_kuang"},{"frame":[{"transform":{},"duration":60}],"name":"002_canxue_fuji"},{"frame":[{"transform":{},"duration":60}],"name":"root"},{"frame":[{"transform":{},"duration":60}],"name":"001_yanhu_yanshi"},{"frame":[{"transform":{},"duration":60}],"name":"000_jineng_fuji"},{"frame":[{"transform":{},"duration":60}],"name":"001_yuanhu_fuji"},{"frame":[{"transform":{},"duration":60}],"name":"000_jineng_gaoguang"},{"frame":[{"transform":{},"duration":60}],"name":"000_jineng_baozha"},{"frame":[{"transform":{},"duration":60}],"name":"001_yuanhu_kuang"},{"frame":[{"transform":{},"duration":60}],"name":"000_jineng_kuang"},{"frame":[{"transform":{},"duration":60}],"name":"000_jineng_kuang2"},{"frame":[{"transform":{},"duration":60}],"name":"001_yuanhu_gaoguang"},{"frame":[{"transform":{},"duration":60}],"name":"001_yuanhu_wenzi_eff"},{"frame":[{"transform":{},"duration":60}],"name":"001_yuanhu_wenzi"},{"frame":[{"transform":{},"duration":60}],"name":"001_yuanhu_kuang2"}],"name":"004_canxue_chuxian"},{"slot":[{"frame":[{"tweenEasing":0,"color":{"aM":57},"duration":60},{"tweenEasing":0,"duration":60},{"tweenEasing":null,"color":{"aM":57},"duration":0}],"name":"002_canxue_kuang"},{"frame":[{"displayIndex":-1,"tweenEasing":null,"duration":120}],"name":"002_canxue_fuji"},{"frame":[{"displayIndex":-1,"tweenEasing":null,"duration":120}],"name":"000_jineng_fuji"},{"frame":[{"displayIndex":-1,"tweenEasing":null,"duration":120}],"name":"000_jineng_kuang"},{"frame":[{"displayIndex":-1,"tweenEasing":null,"duration":120}],"name":"000_jineng_kuang2"},{"frame":[{"displayIndex":-1,"tweenEasing":null,"duration":120}],"name":"000_jineng_gaoguang"},{"frame":[{"displayIndex":-1,"tweenEasing":null,"duration":120}],"name":"000_jineng_baozha"},{"frame":[{"displayIndex":-1,"tweenEasing":null,"duration":120}],"name":"001_yuanhu_fuji"},{"frame":[{"displayIndex":-1,"tweenEasing":null,"duration":120}],"name":"001_yuanhu_kuang"},{"frame":[{"displayIndex":-1,"tweenEasing":null,"duration":120}],"name":"001_yanhu_yanshi"},{"frame":[{"displayIndex":-1,"tweenEasing":null,"duration":120}],"name":"001_yuanhu_kuang2"},{"frame":[{"displayIndex":-1,"tweenEasing":null,"duration":120}],"name":"001_yuanhu_gaoguang"},{"frame":[{"displayIndex":-1,"tweenEasing":null,"duration":120}],"name":"001_yuanhu_wenzi_eff"},{"frame":[{"displayIndex":-1,"tweenEasing":null,"duration":120}],"name":"001_yuanhu_wenzi"}],"ffd":[],"frame":[],"duration":120,"ik":[],"bone":[{"frame":[{"tweenEasing":0,"transform":{},"duration":60},{"tweenEasing":0,"transform":{},"duration":60},{"transform":{},"duration":0}],"name":"002_canxue_kuang"},{"frame":[{"transform":{},"duration":120}],"name":"002_canxue_fuji"},{"frame":[{"transform":{},"duration":120}],"name":"root"},{"frame":[{"transform":{},"duration":120}],"name":"001_yanhu_yanshi"},{"frame":[{"transform":{},"duration":120}],"name":"000_jineng_fuji"},{"frame":[{"transform":{},"duration":120}],"name":"001_yuanhu_fuji"},{"frame":[{"transform":{},"duration":120}],"name":"000_jineng_gaoguang"},{"frame":[{"transform":{},"duration":120}],"name":"000_jineng_baozha"},{"frame":[{"transform":{},"duration":120}],"name":"001_yuanhu_kuang"},{"frame":[{"transform":{},"duration":120}],"name":"000_jineng_kuang"},{"frame":[{"transform":{},"duration":120}],"name":"000_jineng_kuang2"},{"frame":[{"transform":{},"duration":120}],"name":"001_yuanhu_gaoguang"},{"frame":[{"transform":{},"duration":120}],"name":"001_yuanhu_wenzi_eff"},{"frame":[{"transform":{},"duration":120}],"name":"001_yuanhu_wenzi"},{"frame":[{"transform":{},"duration":120}],"name":"001_yuanhu_kuang2"}],"name":"005_canxue_xunhuan","playTimes":0},{"slot":[{"frame":[{"tweenEasing":0,"color":{"aM":57},"duration":20},{"tweenEasing":0,"color":{"aM":98},"duration":20},{"tweenEasing":null,"color":{"aM":0},"duration":0}],"name":"001_yuanhu_gaoguang"},{"frame":[{"displayIndex":-1,"tweenEasing":0,"duration":40},{"displayIndex":-1,"tweenEasing":null,"duration":0}],"name":"001_yuanhu_fuji"},{"frame":[{"displayIndex":-1,"tweenEasing":null,"duration":40}],"name":"000_jineng_fuji"},{"frame":[{"displayIndex":-1,"tweenEasing":null,"duration":40}],"name":"000_jineng_kuang"},{"frame":[{"displayIndex":-1,"tweenEasing":null,"duration":40}],"name":"000_jineng_kuang2"},{"frame":[{"displayIndex":-1,"tweenEasing":null,"duration":40}],"name":"000_jineng_gaoguang"},{"frame":[{"displayIndex":-1,"tweenEasing":null,"duration":40}],"name":"000_jineng_baozha"},{"frame":[{"displayIndex":-1,"tweenEasing":null,"duration":40}],"name":"001_yuanhu_kuang"},{"frame":[{"displayIndex":-1,"tweenEasing":null,"duration":40}],"name":"001_yanhu_yanshi"},{"frame":[{"displayIndex":-1,"tweenEasing":null,"duration":40}],"name":"001_yuanhu_kuang2"},{"frame":[{"displayIndex":-1,"tweenEasing":null,"duration":40}],"name":"001_yuanhu_wenzi_eff"},{"frame":[{"displayIndex":-1,"tweenEasing":null,"duration":40}],"name":"001_yuanhu_wenzi"},{"frame":[{"displayIndex":-1,"tweenEasing":null,"duration":40}],"name":"002_canxue_fuji"},{"frame":[{"displayIndex":-1,"tweenEasing":null,"duration":40}],"name":"002_canxue_kuang"}],"ffd":[],"frame":[],"duration":40,"ik":[],"bone":[{"frame":[{"tweenEasing":0,"transform":{"scX":0.8,"scY":0.1},"duration":20},{"tweenEasing":0,"transform":{"scX":0.8,"scY":0.3},"duration":20},{"transform":{"scX":0.8,"scY":0.1},"duration":0}],"name":"001_yuanhu_gaoguang"},{"frame":[{"tweenEasing":0,"transform":{},"duration":40},{"transform":{},"duration":0}],"name":"001_yuanhu_fuji"},{"frame":[{"transform":{},"duration":40}],"name":"root"},{"frame":[{"transform":{},"duration":40}],"name":"001_yanhu_yanshi"},{"frame":[{"transform":{},"duration":40}],"name":"000_jineng_fuji"},{"frame":[{"transform":{},"duration":40}],"name":"002_canxue_fuji"},{"frame":[{"transform":{},"duration":40}],"name":"000_jineng_gaoguang"},{"frame":[{"transform":{},"duration":40}],"name":"000_jineng_baozha"},{"frame":[{"transform":{},"duration":40}],"name":"001_yuanhu_kuang"},{"frame":[{"transform":{},"duration":40}],"name":"000_jineng_kuang"},{"frame":[{"transform":{},"duration":40}],"name":"000_jineng_kuang2"},{"frame":[{"transform":{},"duration":40}],"name":"001_yuanhu_wenzi_eff"},{"frame":[{"transform":{},"duration":40}],"name":"001_yuanhu_wenzi"},{"frame":[{"transform":{},"duration":40}],"name":"001_yuanhu_kuang2"},{"frame":[{"transform":{},"duration":40}],"name":"002_canxue_kuang"}],"name":"006_yuanhu_shanshuo","playTimes":0}],"type":"Armature","name":"armatureName","defaultActions":[{"gotoAndPlay":"000_jineng_chuxian"}],"aabb":{"width":125,"y":-60,"height":120,"x":-62.5},"skin":[{"slot":[{"display":[{"path":"baozha_eff/0_00001","type":"image","name":"baozha_eff/0_00001","transform":{}},{"path":"baozha_eff/0_00002","type":"image","name":"baozha_eff/0_00002","transform":{}},{"path":"baozha_eff/0_00003","type":"image","name":"baozha_eff/0_00003","transform":{}},{"path":"baozha_eff/0_00004","type":"image","name":"baozha_eff/0_00004","transform":{}},{"path":"baozha_eff/0_00005","type":"image","name":"baozha_eff/0_00005","transform":{}}],"name":"000_jineng_baozha"},{"display":[{"path":"ui_zhandou_02_ima/yuan_eff","type":"image","name":"ui_zhandou_02_ima/yuan_eff","transform":{}}],"name":"001_yuanhu_wenzi_eff"},{"display":[{"path":"ui_zhandou_02_ima/gaoguang1","type":"image","name":"ui_zhandou_02_ima/gaoguang1","transform":{}}],"name":"001_yuanhu_gaoguang"},{"display":[{"path":"ui_zhandou_02_ima/yuanhu_kuang_01","type":"image","name":"ui_zhandou_02_ima/yuanhu_kuang_01","transform":{}}],"name":"001_yuanhu_kuang2"},{"display":[{"path":"ui_zhandou_02_ima/jineng_kuang_01","type":"image","name":"ui_zhandou_02_ima/jineng_kuang_01","transform":{}}],"name":"000_jineng_kuang"},{"display":[{"path":"ui_zhandou_02_ima/yuanhu_kuang_02","type":"image","name":"ui_zhandou_02_ima/yuanhu_kuang_02","transform":{}}],"name":"001_yanhu_yanshi"},{"display":[{"path":"ui_zhandou_02_ima/jineng_kuang_01","type":"image","name":"ui_zhandou_02_ima/jineng_kuang_01","transform":{}}],"name":"000_jineng_kuang2"},{"display":[{"path":"ui_zhandou_02_ima/gaoguang2","type":"image","name":"ui_zhandou_02_ima/gaoguang2","transform":{}}],"name":"000_jineng_gaoguang"},{"display":[{"path":"ui_zhandou_02_ima/siwang_kuang_01","type":"image","name":"ui_zhandou_02_ima/siwang_kuang_01","transform":{}}],"name":"002_canxue_kuang"},{"display":[{"path":"ui_zhandou_02_ima/yuanhu_kuang_01","type":"image","name":"ui_zhandou_02_ima/yuanhu_kuang_01","transform":{}}],"name":"001_yuanhu_kuang"},{"display":[{"path":"ui_zhandou_02_ima/yuan","type":"image","name":"ui_zhandou_02_ima/yuan","transform":{}}],"name":"001_yuanhu_wenzi"}],"name":""}],"bone":[{"name":"root","transform":{}},{"inheritScale":false,"transform":{},"name":"001_yanhu_yanshi","parent":"root"},{"inheritScale":false,"transform":{},"name":"000_jineng_fuji","parent":"root"},{"inheritScale":false,"transform":{},"name":"001_yuanhu_fuji","parent":"root"},{"inheritScale":false,"transform":{},"name":"002_canxue_fuji","parent":"root"},{"inheritScale":false,"transform":{},"name":"000_jineng_gaoguang","parent":"000_jineng_fuji"},{"inheritScale":false,"transform":{},"name":"000_jineng_baozha","parent":"000_jineng_fuji"},{"inheritScale":false,"transform":{},"name":"001_yuanhu_kuang","parent":"001_yuanhu_fuji"},{"inheritScale":false,"transform":{},"name":"000_jineng_kuang","parent":"000_jineng_fuji"},{"inheritScale":false,"transform":{},"name":"000_jineng_kuang2","parent":"000_jineng_fuji"},{"inheritScale":false,"transform":{},"name":"001_yuanhu_gaoguang","parent":"001_yuanhu_fuji"},{"inheritScale":false,"transform":{},"name":"001_yuanhu_wenzi_eff","parent":"001_yuanhu_fuji"},{"inheritScale":false,"transform":{},"name":"001_yuanhu_wenzi","parent":"001_yuanhu_fuji"},{"inheritScale":false,"transform":{},"name":"001_yuanhu_kuang2","parent":"001_yuanhu_fuji"},{"inheritScale":false,"transform":{},"name":"002_canxue_kuang","parent":"002_canxue_fuji"}],"frameRate":60,"ik":[]}],"name":"ui_zhandou_02_eff","version":"4.0"}