{"frameRate":60,"isGlobal":0,"armature":[{"bone":[{"name":"root","transform":{}},{"inheritScale":false,"transform":{},"name":"001_kobgbai1","parent":"root"},{"inheritScale":false,"transform":{},"name":"002_kongbai2","parent":"root"}],"type":"Armature","frameRate":60,"animation":[{"playTimes":0,"bone":[{"frame":[{"tweenEasing":0,"transform":{},"duration":30},{"tweenEasing":0,"transform":{},"duration":30},{"transform":{},"duration":0}],"name":"002_kongbai2"},{"frame":[{"tweenEasing":0,"transform":{},"duration":30},{"tweenEasing":0,"transform":{"scY":2,"scX":2},"duration":30},{"transform":{},"duration":0}],"name":"001_kobgbai1"},{"frame":[{"transform":{},"duration":60}],"name":"root"}],"slot":[{"frame":[{"tweenEasing":0,"duration":30},{"tweenEasing":0,"duration":30},{"tweenEasing":null,"duration":0}],"name":"002_kongbai2"},{"frame":[{"tweenEasing":0,"duration":30},{"tweenEasing":0,"duration":30},{"tweenEasing":null,"duration":0}],"name":"001_kobgbai1"}],"ffd":[],"ik":[],"frame":[],"name":"000","duration":60},{"playTimes":0,"bone":[{"frame":[{"tweenEasing":0,"transform":{},"duration":30},{"tweenEasing":0,"transform":{},"duration":30},{"transform":{},"duration":0}],"name":"002_kongbai2"},{"frame":[{"tweenEasing":0,"transform":{},"duration":30},{"tweenEasing":0,"transform":{"scY":2,"scX":2},"duration":30},{"transform":{},"duration":0}],"name":"001_kobgbai1"},{"frame":[{"transform":{},"duration":60}],"name":"root"}],"slot":[{"frame":[{"tweenEasing":0,"duration":30},{"tweenEasing":0,"duration":30},{"tweenEasing":null,"duration":0}],"name":"002_kongbai2"},{"frame":[{"tweenEasing":0,"duration":30},{"tweenEasing":0,"duration":30},{"tweenEasing":null,"duration":0}],"name":"001_kobgbai1"}],"ffd":[],"ik":[],"frame":[],"name":"000_Copy1","duration":60},{"playTimes":0,"bone":[{"frame":[{"tweenEasing":0,"transform":{},"duration":30},{"tweenEasing":0,"transform":{},"duration":30},{"transform":{},"duration":0}],"name":"002_kongbai2"},{"frame":[{"tweenEasing":0,"transform":{},"duration":30},{"tweenEasing":0,"transform":{"scY":2,"scX":2},"duration":30},{"transform":{},"duration":0}],"name":"001_kobgbai1"},{"frame":[{"transform":{},"duration":60}],"name":"root"}],"slot":[{"frame":[{"tweenEasing":0,"duration":30},{"tweenEasing":0,"duration":30},{"tweenEasing":null,"duration":0}],"name":"002_kongbai2"},{"frame":[{"tweenEasing":0,"duration":30},{"tweenEasing":0,"duration":30},{"tweenEasing":null,"duration":0}],"name":"001_kobgbai1"}],"ffd":[],"ik":[],"frame":[],"name":"000_Copy2","duration":60},{"playTimes":0,"bone":[{"frame":[{"tweenEasing":0,"transform":{},"duration":30},{"tweenEasing":0,"transform":{},"duration":30},{"transform":{},"duration":0}],"name":"002_kongbai2"},{"frame":[{"tweenEasing":0,"transform":{},"duration":30},{"tweenEasing":0,"transform":{"scY":2,"scX":2},"duration":30},{"transform":{},"duration":0}],"name":"001_kobgbai1"},{"frame":[{"transform":{},"duration":60}],"name":"root"}],"slot":[{"frame":[{"tweenEasing":0,"duration":30},{"tweenEasing":0,"duration":30},{"tweenEasing":null,"duration":0}],"name":"002_kongbai2"},{"frame":[{"tweenEasing":0,"duration":30},{"tweenEasing":0,"duration":30},{"tweenEasing":null,"duration":0}],"name":"001_kobgbai1"}],"ffd":[],"ik":[],"frame":[],"name":"000_Copy3","duration":60},{"playTimes":0,"bone":[{"frame":[{"tweenEasing":0,"transform":{},"duration":30},{"tweenEasing":0,"transform":{},"duration":30},{"transform":{},"duration":0}],"name":"002_kongbai2"},{"frame":[{"tweenEasing":0,"transform":{},"duration":30},{"tweenEasing":0,"transform":{"scY":2,"scX":2},"duration":30},{"transform":{},"duration":0}],"name":"001_kobgbai1"},{"frame":[{"transform":{},"duration":60}],"name":"root"}],"slot":[{"frame":[{"tweenEasing":0,"duration":30},{"tweenEasing":0,"duration":30},{"tweenEasing":null,"duration":0}],"name":"002_kongbai2"},{"frame":[{"tweenEasing":0,"duration":30},{"tweenEasing":0,"duration":30},{"tweenEasing":null,"duration":0}],"name":"001_kobgbai1"}],"ffd":[],"ik":[],"frame":[],"name":"000_Copy4","duration":60},{"playTimes":0,"bone":[{"frame":[{"tweenEasing":0,"transform":{},"duration":30},{"tweenEasing":0,"transform":{},"duration":30},{"transform":{},"duration":0}],"name":"002_kongbai2"},{"frame":[{"tweenEasing":0,"transform":{},"duration":30},{"tweenEasing":0,"transform":{"scY":2,"scX":2},"duration":30},{"transform":{},"duration":0}],"name":"001_kobgbai1"},{"frame":[{"transform":{},"duration":60}],"name":"root"}],"slot":[{"frame":[{"tweenEasing":0,"duration":30},{"tweenEasing":0,"duration":30},{"tweenEasing":null,"duration":0}],"name":"002_kongbai2"},{"frame":[{"tweenEasing":0,"duration":30},{"tweenEasing":0,"duration":30},{"tweenEasing":null,"duration":0}],"name":"001_kobgbai1"}],"ffd":[],"ik":[],"frame":[],"name":"000_Copy5","duration":60},{"playTimes":0,"bone":[{"frame":[{"tweenEasing":0,"transform":{},"duration":30},{"tweenEasing":0,"transform":{},"duration":30},{"transform":{},"duration":0}],"name":"002_kongbai2"},{"frame":[{"tweenEasing":0,"transform":{},"duration":30},{"tweenEasing":0,"transform":{"scY":2,"scX":2},"duration":30},{"transform":{},"duration":0}],"name":"001_kobgbai1"},{"frame":[{"transform":{},"duration":60}],"name":"root"}],"slot":[{"frame":[{"tweenEasing":0,"duration":30},{"tweenEasing":0,"duration":30},{"tweenEasing":null,"duration":0}],"name":"002_kongbai2"},{"frame":[{"tweenEasing":0,"duration":30},{"tweenEasing":0,"duration":30},{"tweenEasing":null,"duration":0}],"name":"001_kobgbai1"}],"ffd":[],"ik":[],"frame":[],"name":"000_Copy6","duration":60},{"playTimes":0,"bone":[{"frame":[{"tweenEasing":0,"transform":{},"duration":30},{"tweenEasing":0,"transform":{},"duration":30},{"transform":{},"duration":0}],"name":"002_kongbai2"},{"frame":[{"tweenEasing":0,"transform":{},"duration":30},{"tweenEasing":0,"transform":{"scY":2,"scX":2},"duration":30},{"transform":{},"duration":0}],"name":"001_kobgbai1"},{"frame":[{"transform":{},"duration":60}],"name":"root"}],"slot":[{"frame":[{"tweenEasing":0,"duration":30},{"tweenEasing":0,"duration":30},{"tweenEasing":null,"duration":0}],"name":"002_kongbai2"},{"frame":[{"tweenEasing":0,"duration":30},{"tweenEasing":0,"duration":30},{"tweenEasing":null,"duration":0}],"name":"001_kobgbai1"}],"ffd":[],"ik":[],"frame":[],"name":"000_Copy7","duration":60},{"playTimes":0,"bone":[{"frame":[{"tweenEasing":0,"transform":{},"duration":30},{"tweenEasing":0,"transform":{},"duration":30},{"transform":{},"duration":0}],"name":"002_kongbai2"},{"frame":[{"tweenEasing":0,"transform":{},"duration":30},{"tweenEasing":0,"transform":{"scY":2,"scX":2},"duration":30},{"transform":{},"duration":0}],"name":"001_kobgbai1"},{"frame":[{"transform":{},"duration":60}],"name":"root"}],"slot":[{"frame":[{"tweenEasing":0,"duration":30},{"tweenEasing":0,"duration":30},{"tweenEasing":null,"duration":0}],"name":"002_kongbai2"},{"frame":[{"tweenEasing":0,"duration":30},{"tweenEasing":0,"duration":30},{"tweenEasing":null,"duration":0}],"name":"001_kobgbai1"}],"ffd":[],"ik":[],"frame":[],"name":"000_Copy8","duration":60},{"playTimes":0,"bone":[{"frame":[{"tweenEasing":0,"transform":{},"duration":30},{"tweenEasing":0,"transform":{},"duration":30},{"transform":{},"duration":0}],"name":"002_kongbai2"},{"frame":[{"tweenEasing":0,"transform":{},"duration":30},{"tweenEasing":0,"transform":{"scY":2,"scX":2},"duration":30},{"transform":{},"duration":0}],"name":"001_kobgbai1"},{"frame":[{"transform":{},"duration":60}],"name":"root"}],"slot":[{"frame":[{"tweenEasing":0,"duration":30},{"tweenEasing":0,"duration":30},{"tweenEasing":null,"duration":0}],"name":"002_kongbai2"},{"frame":[{"tweenEasing":0,"duration":30},{"tweenEasing":0,"duration":30},{"tweenEasing":null,"duration":0}],"name":"001_kobgbai1"}],"ffd":[],"ik":[],"frame":[],"name":"000_Copy9","duration":60},{"playTimes":0,"bone":[{"frame":[{"tweenEasing":0,"transform":{},"duration":30},{"tweenEasing":0,"transform":{},"duration":30},{"transform":{},"duration":0}],"name":"002_kongbai2"},{"frame":[{"tweenEasing":0,"transform":{},"duration":30},{"tweenEasing":0,"transform":{"scY":2,"scX":2},"duration":30},{"transform":{},"duration":0}],"name":"001_kobgbai1"},{"frame":[{"transform":{},"duration":60}],"name":"root"}],"slot":[{"frame":[{"tweenEasing":0,"duration":30},{"tweenEasing":0,"duration":30},{"tweenEasing":null,"duration":0}],"name":"002_kongbai2"},{"frame":[{"tweenEasing":0,"duration":30},{"tweenEasing":0,"duration":30},{"tweenEasing":null,"duration":0}],"name":"001_kobgbai1"}],"ffd":[],"ik":[],"frame":[],"name":"000_Copy10","duration":60},{"playTimes":0,"bone":[{"frame":[{"tweenEasing":0,"transform":{},"duration":30},{"tweenEasing":0,"transform":{},"duration":30},{"transform":{},"duration":0}],"name":"002_kongbai2"},{"frame":[{"tweenEasing":0,"transform":{},"duration":30},{"tweenEasing":0,"transform":{"scY":2,"scX":2},"duration":30},{"transform":{},"duration":0}],"name":"001_kobgbai1"},{"frame":[{"transform":{},"duration":60}],"name":"root"}],"slot":[{"frame":[{"tweenEasing":0,"duration":30},{"tweenEasing":0,"duration":30},{"tweenEasing":null,"duration":0}],"name":"002_kongbai2"},{"frame":[{"tweenEasing":0,"duration":30},{"tweenEasing":0,"duration":30},{"tweenEasing":null,"duration":0}],"name":"001_kobgbai1"}],"ffd":[],"ik":[],"frame":[],"name":"000_Copy11","duration":60},{"playTimes":0,"bone":[{"frame":[{"tweenEasing":0,"transform":{},"duration":30},{"tweenEasing":0,"transform":{},"duration":30},{"transform":{},"duration":0}],"name":"002_kongbai2"},{"frame":[{"tweenEasing":0,"transform":{},"duration":30},{"tweenEasing":0,"transform":{"scY":2,"scX":2},"duration":30},{"transform":{},"duration":0}],"name":"001_kobgbai1"},{"frame":[{"transform":{},"duration":60}],"name":"root"}],"slot":[{"frame":[{"tweenEasing":0,"duration":30},{"tweenEasing":0,"duration":30},{"tweenEasing":null,"duration":0}],"name":"002_kongbai2"},{"frame":[{"tweenEasing":0,"duration":30},{"tweenEasing":0,"duration":30},{"tweenEasing":null,"duration":0}],"name":"001_kobgbai1"}],"ffd":[],"ik":[],"frame":[],"name":"000_Copy12","duration":60},{"playTimes":0,"bone":[{"frame":[{"tweenEasing":0,"transform":{},"duration":30},{"tweenEasing":0,"transform":{},"duration":30},{"transform":{},"duration":0}],"name":"002_kongbai2"},{"frame":[{"tweenEasing":0,"transform":{},"duration":30},{"tweenEasing":0,"transform":{"scY":2,"scX":2},"duration":30},{"transform":{},"duration":0}],"name":"001_kobgbai1"},{"frame":[{"transform":{},"duration":60}],"name":"root"}],"slot":[{"frame":[{"tweenEasing":0,"duration":30},{"tweenEasing":0,"duration":30},{"tweenEasing":null,"duration":0}],"name":"002_kongbai2"},{"frame":[{"tweenEasing":0,"duration":30},{"tweenEasing":0,"duration":30},{"tweenEasing":null,"duration":0}],"name":"001_kobgbai1"}],"ffd":[],"ik":[],"frame":[],"name":"000_Copy13","duration":60},{"playTimes":0,"bone":[{"frame":[{"tweenEasing":0,"transform":{},"duration":30},{"tweenEasing":0,"transform":{},"duration":30},{"transform":{},"duration":0}],"name":"002_kongbai2"},{"frame":[{"tweenEasing":0,"transform":{},"duration":30},{"tweenEasing":0,"transform":{"scY":2,"scX":2},"duration":30},{"transform":{},"duration":0}],"name":"001_kobgbai1"},{"frame":[{"transform":{},"duration":60}],"name":"root"}],"slot":[{"frame":[{"tweenEasing":0,"duration":30},{"tweenEasing":0,"duration":30},{"tweenEasing":null,"duration":0}],"name":"002_kongbai2"},{"frame":[{"tweenEasing":0,"duration":30},{"tweenEasing":0,"duration":30},{"tweenEasing":null,"duration":0}],"name":"001_kobgbai1"}],"ffd":[],"ik":[],"frame":[],"name":"000_Copy14","duration":60},{"playTimes":0,"bone":[{"frame":[{"tweenEasing":0,"transform":{},"duration":30},{"tweenEasing":0,"transform":{},"duration":30},{"transform":{},"duration":0}],"name":"002_kongbai2"},{"frame":[{"tweenEasing":0,"transform":{},"duration":30},{"tweenEasing":0,"transform":{"scY":2,"scX":2},"duration":30},{"transform":{},"duration":0}],"name":"001_kobgbai1"},{"frame":[{"transform":{},"duration":60}],"name":"root"}],"slot":[{"frame":[{"tweenEasing":0,"duration":30},{"tweenEasing":0,"duration":30},{"tweenEasing":null,"duration":0}],"name":"002_kongbai2"},{"frame":[{"tweenEasing":0,"duration":30},{"tweenEasing":0,"duration":30},{"tweenEasing":null,"duration":0}],"name":"001_kobgbai1"}],"ffd":[],"ik":[],"frame":[],"name":"000_Copy15","duration":60},{"playTimes":0,"bone":[{"frame":[{"tweenEasing":0,"transform":{},"duration":30},{"tweenEasing":0,"transform":{},"duration":30},{"transform":{},"duration":0}],"name":"002_kongbai2"},{"frame":[{"tweenEasing":0,"transform":{},"duration":30},{"tweenEasing":0,"transform":{"scY":2,"scX":2},"duration":30},{"transform":{},"duration":0}],"name":"001_kobgbai1"},{"frame":[{"transform":{},"duration":60}],"name":"root"}],"slot":[{"frame":[{"tweenEasing":0,"duration":30},{"tweenEasing":0,"duration":30},{"tweenEasing":null,"duration":0}],"name":"002_kongbai2"},{"frame":[{"tweenEasing":0,"duration":30},{"tweenEasing":0,"duration":30},{"tweenEasing":null,"duration":0}],"name":"001_kobgbai1"}],"ffd":[],"ik":[],"frame":[],"name":"000_Copy16","duration":60},{"playTimes":0,"bone":[{"frame":[{"tweenEasing":0,"transform":{},"duration":30},{"tweenEasing":0,"transform":{},"duration":30},{"transform":{},"duration":0}],"name":"002_kongbai2"},{"frame":[{"tweenEasing":0,"transform":{},"duration":30},{"tweenEasing":0,"transform":{"scY":2,"scX":2},"duration":30},{"transform":{},"duration":0}],"name":"001_kobgbai1"},{"frame":[{"transform":{},"duration":60}],"name":"root"}],"slot":[{"frame":[{"tweenEasing":0,"duration":30},{"tweenEasing":0,"duration":30},{"tweenEasing":null,"duration":0}],"name":"002_kongbai2"},{"frame":[{"tweenEasing":0,"duration":30},{"tweenEasing":0,"duration":30},{"tweenEasing":null,"duration":0}],"name":"001_kobgbai1"}],"ffd":[],"ik":[],"frame":[],"name":"000_Copy17","duration":60},{"playTimes":0,"bone":[{"frame":[{"tweenEasing":0,"transform":{},"duration":30},{"tweenEasing":0,"transform":{},"duration":30},{"transform":{},"duration":0}],"name":"002_kongbai2"},{"frame":[{"tweenEasing":0,"transform":{},"duration":30},{"tweenEasing":0,"transform":{"scY":2,"scX":2},"duration":30},{"transform":{},"duration":0}],"name":"001_kobgbai1"},{"frame":[{"transform":{},"duration":60}],"name":"root"}],"slot":[{"frame":[{"tweenEasing":0,"duration":30},{"tweenEasing":0,"duration":30},{"tweenEasing":null,"duration":0}],"name":"002_kongbai2"},{"frame":[{"tweenEasing":0,"duration":30},{"tweenEasing":0,"duration":30},{"tweenEasing":null,"duration":0}],"name":"001_kobgbai1"}],"ffd":[],"ik":[],"frame":[],"name":"000_Copy18","duration":60},{"playTimes":0,"bone":[{"frame":[{"tweenEasing":0,"transform":{},"duration":30},{"tweenEasing":0,"transform":{},"duration":30},{"transform":{},"duration":0}],"name":"002_kongbai2"},{"frame":[{"tweenEasing":0,"transform":{},"duration":30},{"tweenEasing":0,"transform":{"scY":2,"scX":2},"duration":30},{"transform":{},"duration":0}],"name":"001_kobgbai1"},{"frame":[{"transform":{},"duration":60}],"name":"root"}],"slot":[{"frame":[{"tweenEasing":0,"duration":30},{"tweenEasing":0,"duration":30},{"tweenEasing":null,"duration":0}],"name":"002_kongbai2"},{"frame":[{"tweenEasing":0,"duration":30},{"tweenEasing":0,"duration":30},{"tweenEasing":null,"duration":0}],"name":"001_kobgbai1"}],"ffd":[],"ik":[],"frame":[],"name":"000_Copy19","duration":60},{"playTimes":0,"bone":[{"frame":[{"tweenEasing":0,"transform":{},"duration":30},{"tweenEasing":0,"transform":{},"duration":30},{"transform":{},"duration":0}],"name":"002_kongbai2"},{"frame":[{"tweenEasing":0,"transform":{},"duration":30},{"tweenEasing":0,"transform":{"scY":2,"scX":2},"duration":30},{"transform":{},"duration":0}],"name":"001_kobgbai1"},{"frame":[{"transform":{},"duration":60}],"name":"root"}],"slot":[{"frame":[{"tweenEasing":0,"duration":30},{"tweenEasing":0,"duration":30},{"tweenEasing":null,"duration":0}],"name":"002_kongbai2"},{"frame":[{"tweenEasing":0,"duration":30},{"tweenEasing":0,"duration":30},{"tweenEasing":null,"duration":0}],"name":"001_kobgbai1"}],"ffd":[],"ik":[],"frame":[],"name":"000_Copy20","duration":60}],"defaultActions":[{"gotoAndPlay":"000"}],"aabb":{"width":16,"y":-8,"height":16,"x":-8},"ik":[],"name":"armatureName","skin":[{"slot":[{"display":[{"path":"kongbai","type":"image","name":"kongbai","transform":{}}],"name":"002_kongbai2"},{"display":[{"path":"kongbai","type":"image","name":"kongbai","transform":{}}],"name":"001_kobgbai1"}],"name":""}],"slot":[{"name":"001_kobgbai1","parent":"001_kobgbai1","color":{}},{"z":1,"name":"002_kongbai2","parent":"002_kongbai2","color":{}}]}],"name":"ui_tongyong_kongbai","version":"4.0"}