{"frameRate":30,"isGlobal":0,"armature":[{"skin":[{"name":"","slot":[{"display":[{"path":"zi_fazhen_07_eff_pz","type":"image","name":"zi_fazhen_07_eff_pz","transform":{"scX":11.607,"y":43.21,"scY":16.965,"x":1.95}}],"name":"zi_fazhen_07_eff_pz"},{"display":[{"path":"hong_fazhen_01_eff_01","type":"image","name":"hong_fazhen_01_eff_01","transform":{"skX":89.35,"skY":89.35,"y":-7.61,"x":98.42}},{"path":"hong_fazhen_01_eff_02","type":"image","name":"hong_fazhen_01_eff_02","transform":{"skX":89.35,"skY":89.35,"y":-7.61,"x":98.42}},{"path":"hong_fazhen_01_eff_03","type":"image","name":"hong_fazhen_01_eff_03","transform":{"skX":89.35,"skY":89.35,"y":-7.61,"x":98.42}},{"path":"hong_fazhen_01_eff_04","type":"image","name":"hong_fazhen_01_eff_04","transform":{"skX":89.35,"skY":89.35,"y":-7.61,"x":98.42}},{"path":"hong_fazhen_01_eff_05","type":"image","name":"hong_fazhen_01_eff_05","transform":{"skX":89.35,"skY":89.35,"y":-7.61,"x":98.42}}],"name":"hong_fazhen_01_eff_5"},{"display":[{"path":"hong_fazhen_01_eff_01","type":"image","name":"hong_fazhen_01_eff_01","transform":{"skX":89.35,"skY":89.35,"y":-7.61,"x":98.42}},{"path":"hong_fazhen_01_eff_02","type":"image","name":"hong_fazhen_01_eff_02","transform":{"skX":89.35,"skY":89.35,"y":-7.61,"x":98.42}},{"path":"hong_fazhen_01_eff_03","type":"image","name":"hong_fazhen_01_eff_03","transform":{"skX":89.35,"skY":89.35,"y":-7.61,"x":98.42}},{"path":"hong_fazhen_01_eff_04","type":"image","name":"hong_fazhen_01_eff_04","transform":{"skX":89.35,"skY":89.35,"y":-7.61,"x":98.42}},{"path":"hong_fazhen_01_eff_05","type":"image","name":"hong_fazhen_01_eff_05","transform":{"skX":89.35,"skY":89.35,"y":-7.61,"x":98.42}}],"name":"hong_fazhen_01_eff_4"},{"display":[{"path":"hong_fazhen_01_eff_01","type":"image","name":"hong_fazhen_01_eff_01","transform":{"skX":89.35,"skY":89.35,"y":-7.61,"x":98.42}},{"path":"hong_fazhen_01_eff_02","type":"image","name":"hong_fazhen_01_eff_02","transform":{"skX":89.35,"skY":89.35,"y":-7.61,"x":98.42}},{"path":"hong_fazhen_01_eff_03","type":"image","name":"hong_fazhen_01_eff_03","transform":{"skX":89.35,"skY":89.35,"y":-7.61,"x":98.42}},{"path":"hong_fazhen_01_eff_04","type":"image","name":"hong_fazhen_01_eff_04","transform":{"skX":89.35,"skY":89.35,"y":-7.61,"x":98.42}},{"path":"hong_fazhen_01_eff_05","type":"image","name":"hong_fazhen_01_eff_05","transform":{"skX":89.35,"skY":89.35,"y":-7.61,"x":98.42}}],"name":"hong_fazhen_01_eff_3"},{"display":[{"path":"hong_fazhen_01_eff_01","type":"image","name":"hong_fazhen_01_eff_01","transform":{"skX":89.35,"skY":89.35,"y":-7.61,"x":98.42}},{"path":"hong_fazhen_01_eff_02","type":"image","name":"hong_fazhen_01_eff_02","transform":{"skX":89.35,"skY":89.35,"y":-7.61,"x":98.42}},{"path":"hong_fazhen_01_eff_03","type":"image","name":"hong_fazhen_01_eff_03","transform":{"skX":89.35,"skY":89.35,"y":-7.61,"x":98.42}},{"path":"hong_fazhen_01_eff_04","type":"image","name":"hong_fazhen_01_eff_04","transform":{"skX":89.35,"skY":89.35,"y":-7.61,"x":98.42}},{"path":"hong_fazhen_01_eff_05","type":"image","name":"hong_fazhen_01_eff_05","transform":{"skX":89.35,"skY":89.35,"y":-7.61,"x":98.42}}],"name":"hong_fazhen_01_eff_6"},{"display":[{"path":"hong_fazhen_01_eff_01","type":"image","name":"hong_fazhen_01_eff_01","transform":{"skX":89.35,"skY":89.35,"y":-7.61,"x":98.42}},{"path":"hong_fazhen_01_eff_02","type":"image","name":"hong_fazhen_01_eff_02","transform":{"skX":89.35,"skY":89.35,"y":-7.61,"x":98.42}},{"path":"hong_fazhen_01_eff_03","type":"image","name":"hong_fazhen_01_eff_03","transform":{"skX":89.35,"skY":89.35,"y":-7.61,"x":98.42}},{"path":"hong_fazhen_01_eff_04","type":"image","name":"hong_fazhen_01_eff_04","transform":{"skX":89.35,"skY":89.35,"y":-7.61,"x":98.42}},{"path":"hong_fazhen_01_eff_05","type":"image","name":"hong_fazhen_01_eff_05","transform":{"skX":89.35,"skY":89.35,"y":-7.61,"x":98.42}}],"name":"hong_fazhen_01_eff_2"},{"display":[{"path":"hong_fazhen_01_eff_01","type":"image","name":"hong_fazhen_01_eff_01","transform":{"skX":89.35,"skY":89.35,"y":-7.61,"x":98.42}},{"path":"hong_fazhen_01_eff_02","type":"image","name":"hong_fazhen_01_eff_02","transform":{"skX":89.35,"skY":89.35,"y":-7.61,"x":98.42}},{"path":"hong_fazhen_01_eff_03","type":"image","name":"hong_fazhen_01_eff_03","transform":{"skX":89.35,"skY":89.35,"y":-7.61,"x":98.42}},{"path":"hong_fazhen_01_eff_04","type":"image","name":"hong_fazhen_01_eff_04","transform":{"skX":89.35,"skY":89.35,"y":-7.61,"x":98.42}},{"path":"hong_fazhen_01_eff_05","type":"image","name":"hong_fazhen_01_eff_05","transform":{"skX":89.35,"skY":89.35,"y":-7.61,"x":98.42}}],"name":"hong_fazhen_01_eff_1"},{"display":[{"path":"hong_fazhen_01_eff_01","type":"image","name":"hong_fazhen_01_eff_01","transform":{"skX":89.35,"skY":89.35,"y":-7.61,"x":98.42}},{"path":"hong_fazhen_01_eff_02","type":"image","name":"hong_fazhen_01_eff_02","transform":{"skX":89.35,"skY":89.35,"y":-7.61,"x":98.42}},{"path":"hong_fazhen_01_eff_03","type":"image","name":"hong_fazhen_01_eff_03","transform":{"skX":89.35,"skY":89.35,"y":-7.61,"x":98.42}},{"path":"hong_fazhen_01_eff_04","type":"image","name":"hong_fazhen_01_eff_04","transform":{"skX":89.35,"skY":89.35,"y":-7.61,"x":98.42}},{"path":"hong_fazhen_01_eff_05","type":"image","name":"hong_fazhen_01_eff_05","transform":{"skX":89.35,"skY":89.35,"y":-7.61,"x":98.42}}],"name":"hong_fazhen_01_eff_01"}]}],"slot":[{"name":"zi_fazhen_07_eff_pz","parent":"zi_fazhen_07_eff_pz","color":{}},{"z":1,"displayIndex":1,"name":"hong_fazhen_01_eff_01","parent":"hong_fazhen_01_eff_01","color":{}},{"z":2,"displayIndex":-1,"name":"hong_fazhen_01_eff_1","parent":"hong_fazhen_01_eff_1","color":{}},{"z":3,"displayIndex":-1,"name":"hong_fazhen_01_eff_2","parent":"hong_fazhen_01_eff_2","color":{}},{"z":4,"displayIndex":-1,"name":"hong_fazhen_01_eff_3","parent":"hong_fazhen_01_eff_3","color":{}},{"z":5,"displayIndex":-1,"name":"hong_fazhen_01_eff_4","parent":"hong_fazhen_01_eff_4","color":{}},{"z":6,"displayIndex":-1,"name":"hong_fazhen_01_eff_5","parent":"hong_fazhen_01_eff_5","color":{}},{"z":7,"displayIndex":-1,"name":"hong_fazhen_01_eff_6","parent":"hong_fazhen_01_eff_6","color":{}}],"type":"Armature","ik":[],"defaultActions":[{"gotoAndPlay":"000_chuanci1"}],"animation":[{"ffd":[],"frame":[],"duration":20,"ik":[],"bone":[{"frame":[{"duration":20,"transform":{}}],"name":"hong_fazhen_01_eff_01"},{"frame":[{"duration":20,"transform":{}}],"name":"root"},{"frame":[{"duration":20,"transform":{}}],"name":"hong_fazhen_01_eff_1"},{"frame":[{"duration":20,"transform":{}}],"name":"hong_fazhen_01_eff_2"},{"frame":[{"duration":20,"transform":{}}],"name":"hong_fazhen_01_eff_3"},{"frame":[{"duration":20,"transform":{}}],"name":"hong_fazhen_01_eff_4"},{"frame":[{"duration":20,"transform":{}}],"name":"hong_fazhen_01_eff_5"},{"frame":[{"duration":20,"transform":{}}],"name":"hong_fazhen_01_eff_6"},{"frame":[{"duration":20,"transform":{}}],"name":"zi_fazhen_07_eff_pz"}],"slot":[{"frame":[{"tweenEasing":0,"duration":3},{"tweenEasing":0,"displayIndex":1,"duration":3},{"tweenEasing":0,"displayIndex":2,"duration":3},{"tweenEasing":0,"displayIndex":3,"duration":3},{"tweenEasing":0,"displayIndex":4,"duration":8},{"tweenEasing":null,"displayIndex":4,"duration":0,"color":{"aM":0}}],"name":"hong_fazhen_01_eff_01"}],"name":"000_chuanci1"},{"ffd":[],"frame":[],"duration":15,"ik":[],"bone":[{"frame":[{"duration":15,"transform":{}}],"name":"hong_fazhen_01_eff_01"},{"frame":[{"duration":15,"transform":{}}],"name":"hong_fazhen_01_eff_1"},{"frame":[{"duration":15,"transform":{}}],"name":"hong_fazhen_01_eff_2"},{"frame":[{"duration":15,"transform":{}}],"name":"hong_fazhen_01_eff_3"},{"frame":[{"duration":15,"transform":{}}],"name":"hong_fazhen_01_eff_4"},{"frame":[{"duration":15,"transform":{}}],"name":"hong_fazhen_01_eff_5"},{"frame":[{"duration":15,"transform":{}}],"name":"hong_fazhen_01_eff_6"},{"frame":[{"duration":15,"transform":{"scX":4.879,"y":-51.99,"scY":1.613}}],"name":"zi_fazhen_07_eff_pz"},{"frame":[{"duration":15,"transform":{}}],"name":"root"}],"slot":[{"frame":[{"tweenEasing":0,"duration":2},{"tweenEasing":0,"displayIndex":1,"duration":2},{"tweenEasing":0,"displayIndex":2,"duration":2},{"tweenEasing":0,"displayIndex":3,"duration":2},{"tweenEasing":0,"displayIndex":4,"duration":7},{"tweenEasing":null,"displayIndex":4,"duration":0,"color":{"aM":0}}],"name":"hong_fazhen_01_eff_01"},{"frame":[{"tweenEasing":0,"duration":2},{"tweenEasing":0,"displayIndex":1,"duration":2},{"tweenEasing":0,"displayIndex":2,"duration":2},{"tweenEasing":0,"displayIndex":3,"duration":2},{"tweenEasing":0,"displayIndex":4,"duration":7},{"tweenEasing":null,"displayIndex":4,"duration":0,"color":{"aM":0}}],"name":"hong_fazhen_01_eff_1"},{"frame":[{"tweenEasing":0,"duration":2},{"tweenEasing":0,"displayIndex":1,"duration":2},{"tweenEasing":0,"displayIndex":2,"duration":2},{"tweenEasing":0,"displayIndex":3,"duration":2},{"tweenEasing":0,"displayIndex":4,"duration":7},{"tweenEasing":null,"displayIndex":4,"duration":0,"color":{"aM":0}}],"name":"hong_fazhen_01_eff_2"},{"frame":[{"tweenEasing":0,"duration":2},{"tweenEasing":0,"displayIndex":1,"duration":2},{"tweenEasing":0,"displayIndex":2,"duration":2},{"tweenEasing":0,"displayIndex":3,"duration":2},{"tweenEasing":0,"displayIndex":4,"duration":7},{"tweenEasing":null,"displayIndex":4,"duration":0,"color":{"aM":0}}],"name":"hong_fazhen_01_eff_3"},{"frame":[{"tweenEasing":0,"duration":2},{"tweenEasing":0,"displayIndex":1,"duration":2},{"tweenEasing":0,"displayIndex":2,"duration":2},{"tweenEasing":0,"displayIndex":3,"duration":2},{"tweenEasing":0,"displayIndex":4,"duration":7},{"tweenEasing":null,"displayIndex":4,"duration":0,"color":{"aM":0}}],"name":"hong_fazhen_01_eff_4"},{"frame":[{"tweenEasing":0,"duration":2},{"tweenEasing":0,"displayIndex":1,"duration":2},{"tweenEasing":0,"displayIndex":2,"duration":2},{"tweenEasing":0,"displayIndex":3,"duration":2},{"tweenEasing":0,"displayIndex":4,"duration":7},{"tweenEasing":null,"displayIndex":4,"duration":0,"color":{"aM":0}}],"name":"hong_fazhen_01_eff_5"},{"frame":[{"tweenEasing":0,"duration":2},{"tweenEasing":0,"displayIndex":1,"duration":2},{"tweenEasing":0,"displayIndex":2,"duration":2},{"tweenEasing":0,"displayIndex":3,"duration":2},{"tweenEasing":0,"displayIndex":4,"duration":7},{"tweenEasing":null,"displayIndex":4,"duration":0,"color":{"aM":0}}],"name":"hong_fazhen_01_eff_6"}],"name":"001_chuanci2"}],"bone":[{"name":"root","transform":{}},{"length":87,"transform":{"skX":-89.34,"skY":-89.34,"y":7.45,"x":6.54},"parent":"root","name":"hong_fazhen_01_eff_01"},{"length":87,"transform":{"skX":-89.34,"skY":-89.34,"scX":0.9,"y":16.43,"scY":0.9,"x":90.53},"parent":"root","name":"hong_fazhen_01_eff_1"},{"length":87,"transform":{"skX":-89.34,"skY":-89.34,"scX":0.9,"y":17.53,"scY":0.9,"x":-74.45},"parent":"root","name":"hong_fazhen_01_eff_2"},{"length":87,"transform":{"skX":-89.34,"skY":-89.34,"scX":0.8,"y":-3.22,"scY":0.8,"x":-146.19},"parent":"root","name":"hong_fazhen_01_eff_3"},{"length":87,"transform":{"skX":-89.34,"skY":-89.34,"scX":0.8,"y":-5.58,"scY":0.8,"x":176.1},"parent":"root","name":"hong_fazhen_01_eff_4"},{"length":87,"transform":{"skX":-89.34,"skY":-89.34,"scX":0.7,"y":3.34,"scY":0.7,"x":257.11},"parent":"root","name":"hong_fazhen_01_eff_5"},{"length":87,"transform":{"skX":-89.34,"skY":-89.34,"scX":0.7,"y":6.85,"scY":0.7,"x":-222.99},"parent":"root","name":"hong_fazhen_01_eff_6"},{"transform":{"y":-112.71,"x":3.54},"name":"zi_fazhen_07_eff_pz","parent":"root"}],"aabb":{"width":300,"y":-241.0511292993479,"height":300,"x":-149.93580317436715},"name":"armatureName","frameRate":30}],"name":"zi_fazhen_07_eff","version":"4.0"}