{"frameRate":30,"name":"island","version":"5.5","compatibleVersion":"5.5","armature":[{"type":"Armature","frameRate":30,"name":"armatureName","aabb":{"x":48.04,"y":-587.99,"width":930.95,"height":493.31},"bone":[{"name":"root"},{"name":"b1","parent":"root","transform":{"x":564.04,"y":-510.31}},{"name":"b2","parent":"root","transform":{"x":595.14,"y":-469.19}},{"name":"b3","parent":"root","transform":{"x":584.1,"y":-399.98}},{"name":"b4","parent":"root","transform":{"x":519.91,"y":-435.09}},{"name":"b5","parent":"root","transform":{"x":468.63,"y":-449.96}},{"name":"c7","parent":"root","transform":{"x":333.54,"y":-346.48}},{"length":24,"name":"tree9","parent":"root","transform":{"x":308.83,"y":-272.32,"skX":-86.98,"skY":-86.98}},{"length":16,"name":"tree5","parent":"root","transform":{"x":280.62,"y":-256.3,"skX":-87.79,"skY":-87.79}},{"length":16,"name":"tree4","parent":"root","transform":{"x":307.55,"y":-266.55,"skX":-83.15,"skY":-83.15}},{"name":"gambling","parent":"root","transform":{"x":922.76,"y":-533.22}},{"length":29,"name":"tree8","parent":"root","transform":{"x":367.8,"y":-272.32,"skX":-78.66,"skY":-78.66}},{"length":13,"name":"leaf2","parent":"root","transform":{"x":616.52,"y":-114.18,"skX":-51.12,"skY":-51.12}},{"length":33,"name":"tree7","parent":"root","transform":{"x":338.96,"y":-273.61,"skX":-82.32,"skY":-82.32}},{"length":43,"name":"tree6","parent":"root","transform":{"x":362.67,"y":-278.09,"skX":-77.99,"skY":-77.99}},{"length":46,"name":"tree1","parent":"root","transform":{"x":625.3,"y":-116.64,"skX":-88.41,"skY":-88.41}},{"length":15,"name":"tree3","parent":"root","transform":{"x":270.37,"y":-265.91,"skX":-85.23,"skY":-85.23}},{"length":22,"name":"leaf4","parent":"tree1","transform":{"x":51.09,"y":1.15,"skX":-119.11,"skY":-119.11}},{"name":"c6","parent":"c7","transform":{"x":347.03,"y":-188.56}},{"name":"c2","parent":"c7","transform":{"x":360.07,"y":48.14}},{"name":"c1","parent":"c7","transform":{"x":108.32,"y":-212.63}},{"length":24,"name":"leaf1","parent":"tree1","transform":{"x":50.5,"y":3.08,"skX":158.18,"skY":158.18}},{"name":"c5","parent":"c7","transform":{"x":-184.55,"y":96.28}},{"length":18,"name":"leaf3","parent":"tree1","transform":{"x":53.76,"y":5.54,"skX":103.2,"skY":103.2}},{"name":"c3","parent":"c7","transform":{"x":-81.24,"y":-135.4}},{"name":"c4","parent":"c7","transform":{"x":144.43,"y":104.31}},{"name":"c7s","parent":"c7","transform":{"x":-8.02,"y":95.28}},{"name":"gamblinglight","parent":"gambling","transform":{"x":0.63,"y":2.12}},{"name":"c4s","parent":"c4","transform":{"x":-53.15,"y":112.33}},{"name":"c2s","parent":"c2","transform":{"x":-22.06,"y":94.28}},{"name":"c3s","parent":"c3","transform":{"x":-17.05,"y":84.25}},{"name":"c5s","parent":"c5","transform":{"x":-11.03,"y":85.25}}],"slot":[{"name":"tree6","parent":"tree6"},{"name":"tree7","parent":"tree7"},{"name":"tree8","parent":"tree8"},{"name":"tree9","parent":"tree9"},{"name":"tree3","parent":"tree3"},{"name":"tree4","parent":"tree4"},{"name":"tree5","parent":"tree5"},{"name":"tree1","parent":"tree1"},{"name":"leaf1","parent":"leaf4"},{"name":"leaf2","parent":"leaf2"},{"name":"gambling","parent":"gambling"},{"blendMode":"add","name":"gamblinglight","parent":"gamblinglight"},{"name":"b1","parent":"b1"},{"name":"b2","parent":"b2"},{"name":"b3","parent":"b3"},{"name":"b4","parent":"b4"},{"name":"b5","parent":"b5"},{"name":"c7s","parent":"c7s"},{"name":"c7","parent":"c7"},{"name":"c6","parent":"c6"},{"name":"c5s","parent":"c5s"},{"name":"c5","parent":"c5"},{"name":"c4s","parent":"c4s"},{"name":"c4","parent":"c4"},{"name":"c3s","parent":"c3s"},{"name":"c3","parent":"c3"},{"name":"c2s","parent":"c2s"},{"name":"c2","parent":"c2"},{"name":"c1","parent":"c1"}],"skin":[{"slot":[{"name":"tree5","display":[{"name":"tree5","transform":{"x":11.74,"y":0.91,"skX":87.79,"skY":87.79}}]},{"name":"b3","display":[{"name":"b3","transform":{"x":-3.1,"y":0.98}}]},{"name":"b2","display":[{"name":"b2","transform":{"x":-2.64,"y":3.19}}]},{"name":"c5s","display":[{"name":"c5s","transform":{"x":-7.41,"y":-6.22}}]},{"name":"c4","display":[{"name":"c4","transform":{"x":-39.43,"y":-3.99}}]},{"name":"tree8","display":[{"name":"tree8","transform":{"x":11.58,"y":0.93,"skX":78.65,"skY":78.65}}]},{"name":"leaf2","display":[{"name":"leaf2","transform":{"x":3.04,"y":0.08,"skX":50.91,"skY":50.91}}]},{"name":"b5","display":[{"name":"b5","transform":{"x":2.86,"y":-1.03}}]},{"name":"c2","display":[{"name":"c2","transform":{"x":-33.08,"y":1.17}}]},{"name":"tree4","display":[{"name":"tree4","transform":{"x":10.59,"y":0.69,"skX":83.15,"skY":83.15}}]},{"name":"b1","display":[{"name":"b1","transform":{"x":0.45,"y":0.81}}]},{"name":"c6","display":[{"name":"c6","transform":{"x":-6.54,"y":7.87}}]},{"name":"c3s","display":[{"name":"c3s","transform":{"x":-12.21,"y":0.96}}]},{"name":"tree7","display":[{"name":"tree7","transform":{"x":17.66,"y":-2.84,"skX":82.31,"skY":82.31}}]},{"name":"leaf1","display":[{"type":"mesh","name":"leaf1","width":60,"height":47,"vertices":[660.01,-162.21,660.77,-149.31,645.61,-154.88,641.44,-134.95,637.07,-134.97,625.35,-149.3,614.74,-142.22,613.34,-156.5,601,-155.5,603.11,-168.28,613.06,-179.7,621.08,-181.32,641.08,-181.94,650.18,-180.81,659.28,-174.94,629.62,-167.87,650.73,-166.23],"uvs":[0.98344,0.41826,0.99693,0.69259,0.74385,0.57536,0.67566,1,0.60285,0.99998,0.40652,0.69611,0.23005,0.84779,0.20562,0.5441,0,0.56642,0.03429,0.29412,0.19934,0.0503,0.33306,0.01509,0.6664,0,0.8181,0.02323,0.97012,0.1473,0.47622,0.30039,0.8282,0.33344],"triangles":[14,16,0,2,1,0,16,2,0,15,2,16,4,3,2,5,4,2,15,5,2,11,15,12,11,10,15,10,7,15,7,5,15,10,9,7,7,6,5,9,8,7,16,15,14,13,15,14,15,12,13],"weights":[1,23,0.99999,1,23,1,2,21,0.5507,23,0.44929,1,21,0.99999,2,17,0.00001,21,0.99998,2,17,0.20341,21,0.79658,2,17,0.52963,21,0.47036,2,17,0.93587,21,0.06412,2,17,0.99998,21,0.00001,2,17,0.99847,23,0.00152,2,17,0.91062,23,0.08937,2,17,0.75905,23,0.24094,2,17,0.01582,23,0.98417,1,23,1,1,23,0.99999,1,21,1,1,23,1],"slotPose":[1,0,0,1,0,0],"bonePose":[17,-0.88685,0.462058,-0.462058,-0.88685,627.86716,-167.67842,23,0.966868,0.255277,-0.255277,0.966868,632.329555,-170.225582,21,0.34579,0.938312,-0.938312,0.34579,629.780046,-167.035095],"edges":[8,7,7,6,6,5,5,4,4,3,3,2,2,1,1,0,0,14,14,13,13,12,12,11,11,10,10,9,9,8],"userEdges":[15,14]}]},{"name":"b4","display":[{"name":"b4","transform":{"x":4.08,"y":0.59}}]},{"name":"c4s","display":[{"name":"c4s","transform":{"x":-2.27,"y":2.66}}]},{"name":"tree3","display":[{"name":"tree3","transform":{"x":9.64,"y":0.32,"skX":85.24,"skY":85.24}}]},{"name":"gamblinglight","display":[{"name":"gamblinglight","transform":{"x":-0.4,"y":-0.39}}]},{"name":"c1","display":[{"name":"c1","transform":{"x":-20.82,"y":1.95}}]},{"name":"c3","display":[{"name":"c3","transform":{"x":-16.26,"y":1.72}}]},{"name":"tree6","display":[{"name":"tree6","transform":{"x":20.58,"y":-6.09,"skX":77.96,"skY":77.96}}]},{"name":"tree1","display":[{"name":"tree1","transform":{"x":22.71,"y":-5.42,"skX":88.42,"skY":88.42}}]},{"name":"c7","display":[{"name":"c7","transform":{"x":9.49,"y":6.81}}]},{"name":"c5","display":[{"name":"c5","transform":{"x":-17.45,"y":4.02}}]},{"name":"tree9","display":[{"name":"tree9","transform":{"x":16.07,"y":-2.18,"skX":86.97,"skY":86.97}}]},{"name":"gambling","display":[{"name":"gambling","transform":{"x":-0.26,"y":1.22}}]},{"name":"c7s","display":[{"name":"c7s","transform":{"x":-0.98,"y":4.53}}]},{"name":"c2s","display":[{"name":"c2s","transform":{"x":-9.01,"y":-1.11}}]}]}],"animation":[{"duration":960,"name":"animation","bone":[{"name":"gambling","translateFrame":[{"duration":30,"tweenEasing":0},{"duration":30,"tweenEasing":0},{"duration":60,"tweenEasing":0,"y":9.4},{"duration":30,"tweenEasing":0},{"duration":30,"tweenEasing":0},{"duration":60,"tweenEasing":0,"y":9.4},{"duration":30,"tweenEasing":0},{"duration":30,"tweenEasing":0},{"duration":60,"tweenEasing":0,"y":9.4},{"duration":30,"tweenEasing":0},{"duration":30,"tweenEasing":0},{"duration":60,"tweenEasing":0,"y":9.4},{"duration":30,"tweenEasing":0},{"duration":30,"tweenEasing":0},{"duration":60,"tweenEasing":0,"y":9.4},{"duration":30,"tweenEasing":0},{"duration":30,"tweenEasing":0},{"duration":60,"tweenEasing":0,"y":9.4},{"duration":30,"tweenEasing":0},{"duration":30,"tweenEasing":0},{"duration":60,"tweenEasing":0,"y":9.4},{"duration":30,"tweenEasing":0},{"duration":30,"tweenEasing":0},{"duration":60,"tweenEasing":0,"y":9.4},{"duration":0}],"rotateFrame":[{"duration":30,"tweenEasing":0},{"duration":30,"tweenEasing":0,"rotate":90},{"duration":60,"tweenEasing":0,"rotate":180},{"duration":30,"tweenEasing":0},{"duration":30,"tweenEasing":0,"rotate":90},{"duration":60,"tweenEasing":0,"rotate":180},{"duration":30,"tweenEasing":0},{"duration":30,"tweenEasing":0,"rotate":90},{"duration":60,"tweenEasing":0,"rotate":180},{"duration":30,"tweenEasing":0},{"duration":30,"tweenEasing":0,"rotate":90},{"duration":60,"tweenEasing":0,"rotate":180},{"duration":30,"tweenEasing":0},{"duration":30,"tweenEasing":0,"rotate":90},{"duration":60,"tweenEasing":0,"rotate":180},{"duration":30,"tweenEasing":0},{"duration":30,"tweenEasing":0,"rotate":90},{"duration":60,"tweenEasing":0,"rotate":180},{"duration":30,"tweenEasing":0},{"duration":30,"tweenEasing":0,"rotate":90},{"duration":60,"tweenEasing":0,"rotate":180},{"duration":30,"tweenEasing":0},{"duration":30,"tweenEasing":0,"rotate":90},{"duration":60,"tweenEasing":0,"rotate":180},{"duration":0}]},{"name":"gamblinglight","scaleFrame":[{"duration":60,"tweenEasing":0},{"duration":60,"tweenEasing":0,"x":1.38,"y":1.38},{"duration":60,"tweenEasing":0},{"duration":60,"tweenEasing":0,"x":1.38,"y":1.38},{"duration":60,"tweenEasing":0},{"duration":60,"tweenEasing":0,"x":1.38,"y":1.38},{"duration":60,"tweenEasing":0},{"duration":60,"tweenEasing":0,"x":1.38,"y":1.38},{"duration":60,"tweenEasing":0},{"duration":60,"tweenEasing":0,"x":1.38,"y":1.38},{"duration":60,"tweenEasing":0},{"duration":60,"tweenEasing":0,"x":1.38,"y":1.38},{"duration":60,"tweenEasing":0},{"duration":60,"tweenEasing":0,"x":1.38,"y":1.38},{"duration":60,"tweenEasing":0},{"duration":60,"tweenEasing":0,"x":1.38,"y":1.38},{"duration":0}]},{"name":"leaf2","rotateFrame":[{"duration":60,"tweenEasing":0},{"duration":60,"tweenEasing":0,"rotate":-24.68},{"duration":60,"tweenEasing":0},{"duration":60,"tweenEasing":0,"rotate":-24.68},{"duration":60,"tweenEasing":0},{"duration":60,"tweenEasing":0,"rotate":-24.68},{"duration":60,"tweenEasing":0},{"duration":60,"tweenEasing":0,"rotate":-24.68},{"duration":60,"tweenEasing":0},{"duration":60,"tweenEasing":0,"rotate":-24.68},{"duration":60,"tweenEasing":0},{"duration":60,"tweenEasing":0,"rotate":-24.68},{"duration":60,"tweenEasing":0},{"duration":60,"tweenEasing":0,"rotate":-24.68},{"duration":60,"tweenEasing":0},{"duration":60,"tweenEasing":0,"rotate":-24.68},{"duration":0}],"scaleFrame":[{"duration":60,"tweenEasing":0},{"duration":60,"tweenEasing":0,"x":1.14,"y":1.14},{"duration":60,"tweenEasing":0},{"duration":60,"tweenEasing":0,"x":1.14,"y":1.14},{"duration":60,"tweenEasing":0},{"duration":60,"tweenEasing":0,"x":1.14,"y":1.14},{"duration":60,"tweenEasing":0},{"duration":60,"tweenEasing":0,"x":1.14,"y":1.14},{"duration":60,"tweenEasing":0},{"duration":60,"tweenEasing":0,"x":1.14,"y":1.14},{"duration":60,"tweenEasing":0},{"duration":60,"tweenEasing":0,"x":1.14,"y":1.14},{"duration":60,"tweenEasing":0},{"duration":60,"tweenEasing":0,"x":1.14,"y":1.14},{"duration":60,"tweenEasing":0},{"duration":60,"tweenEasing":0,"x":1.14,"y":1.14},{"duration":0}]},{"name":"tree1","rotateFrame":[{"duration":60,"tweenEasing":0},{"duration":60,"tweenEasing":0,"rotate":8.39},{"duration":60,"tweenEasing":0},{"duration":60,"tweenEasing":0,"rotate":8.39},{"duration":60,"tweenEasing":0},{"duration":60,"tweenEasing":0,"rotate":8.39},{"duration":60,"tweenEasing":0},{"duration":60,"tweenEasing":0,"rotate":8.39},{"duration":60,"tweenEasing":0},{"duration":60,"tweenEasing":0,"rotate":8.39},{"duration":60,"tweenEasing":0},{"duration":60,"tweenEasing":0,"rotate":8.39},{"duration":60,"tweenEasing":0},{"duration":60,"tweenEasing":0,"rotate":8.39},{"duration":60,"tweenEasing":0},{"duration":60,"tweenEasing":0,"rotate":8.39},{"duration":0}]},{"name":"leaf1","translateFrame":[{"duration":60,"tweenEasing":0},{"duration":60,"tweenEasing":0,"x":-4.05,"y":1.18},{"duration":60,"tweenEasing":0},{"duration":60,"tweenEasing":0,"x":-4.05,"y":1.18},{"duration":60,"tweenEasing":0},{"duration":60,"tweenEasing":0,"x":-4.05,"y":1.18},{"duration":60,"tweenEasing":0},{"duration":60,"tweenEasing":0,"x":-4.05,"y":1.18},{"duration":60,"tweenEasing":0},{"duration":60,"tweenEasing":0,"x":-4.05,"y":1.18},{"duration":60,"tweenEasing":0},{"duration":60,"tweenEasing":0,"x":-4.05,"y":1.18},{"duration":60,"tweenEasing":0},{"duration":60,"tweenEasing":0,"x":-4.05,"y":1.18},{"duration":60,"tweenEasing":0},{"duration":60,"tweenEasing":0,"x":-4.05,"y":1.18},{"duration":0}],"rotateFrame":[{"duration":60,"tweenEasing":0},{"duration":60,"tweenEasing":0,"rotate":15.47},{"duration":60,"tweenEasing":0},{"duration":60,"tweenEasing":0,"rotate":15.47},{"duration":60,"tweenEasing":0},{"duration":60,"tweenEasing":0,"rotate":15.47},{"duration":60,"tweenEasing":0},{"duration":60,"tweenEasing":0,"rotate":15.47},{"duration":60,"tweenEasing":0},{"duration":60,"tweenEasing":0,"rotate":15.47},{"duration":60,"tweenEasing":0},{"duration":60,"tweenEasing":0,"rotate":15.47},{"duration":60,"tweenEasing":0},{"duration":60,"tweenEasing":0,"rotate":15.47},{"duration":60,"tweenEasing":0},{"duration":60,"tweenEasing":0,"rotate":15.47},{"duration":0}]},{"name":"leaf3","translateFrame":[{"duration":60,"tweenEasing":0},{"duration":60,"tweenEasing":0,"x":-9.84,"y":-2.05},{"duration":60,"tweenEasing":0},{"duration":60,"tweenEasing":0,"x":-9.84,"y":-2.05},{"duration":60,"tweenEasing":0},{"duration":60,"tweenEasing":0,"x":-9.84,"y":-2.05},{"duration":60,"tweenEasing":0},{"duration":60,"tweenEasing":0,"x":-9.84,"y":-2.05},{"duration":60,"tweenEasing":0},{"duration":60,"tweenEasing":0,"x":-9.84,"y":-2.05},{"duration":60,"tweenEasing":0},{"duration":60,"tweenEasing":0,"x":-9.84,"y":-2.05},{"duration":60,"tweenEasing":0},{"duration":60,"tweenEasing":0,"x":-9.84,"y":-2.05},{"duration":60,"tweenEasing":0},{"duration":60,"tweenEasing":0,"x":-9.84,"y":-2.05},{"duration":0}],"rotateFrame":[{"duration":60,"tweenEasing":0},{"duration":60,"tweenEasing":0,"rotate":-8.16},{"duration":60,"tweenEasing":0},{"duration":60,"tweenEasing":0,"rotate":-8.16},{"duration":60,"tweenEasing":0},{"duration":60,"tweenEasing":0,"rotate":-8.16},{"duration":60,"tweenEasing":0},{"duration":60,"tweenEasing":0,"rotate":-8.16},{"duration":60,"tweenEasing":0},{"duration":60,"tweenEasing":0,"rotate":-8.16},{"duration":60,"tweenEasing":0},{"duration":60,"tweenEasing":0,"rotate":-8.16},{"duration":60,"tweenEasing":0},{"duration":60,"tweenEasing":0,"rotate":-8.16},{"duration":60,"tweenEasing":0},{"duration":60,"tweenEasing":0,"rotate":-8.16},{"duration":0}]},{"name":"leaf4","translateFrame":[{"duration":60,"tweenEasing":0},{"duration":60,"tweenEasing":0,"x":-4.05,"y":1.18},{"duration":60,"tweenEasing":0},{"duration":60,"tweenEasing":0,"x":-4.05,"y":1.18},{"duration":60,"tweenEasing":0},{"duration":60,"tweenEasing":0,"x":-4.05,"y":1.18},{"duration":60,"tweenEasing":0},{"duration":60,"tweenEasing":0,"x":-4.05,"y":1.18},{"duration":60,"tweenEasing":0},{"duration":60,"tweenEasing":0,"x":-4.05,"y":1.18},{"duration":60,"tweenEasing":0},{"duration":60,"tweenEasing":0,"x":-4.05,"y":1.18},{"duration":60,"tweenEasing":0},{"duration":60,"tweenEasing":0,"x":-4.05,"y":1.18},{"duration":60,"tweenEasing":0},{"duration":60,"tweenEasing":0,"x":-4.05,"y":1.18},{"duration":0}],"rotateFrame":[{"duration":60,"tweenEasing":0},{"duration":60,"tweenEasing":0,"rotate":10.84},{"duration":60,"tweenEasing":0},{"duration":60,"tweenEasing":0,"rotate":10.84},{"duration":60,"tweenEasing":0},{"duration":60,"tweenEasing":0,"rotate":10.84},{"duration":60,"tweenEasing":0},{"duration":60,"tweenEasing":0,"rotate":10.84},{"duration":60,"tweenEasing":0},{"duration":60,"tweenEasing":0,"rotate":10.84},{"duration":60,"tweenEasing":0},{"duration":60,"tweenEasing":0,"rotate":10.84},{"duration":60,"tweenEasing":0},{"duration":60,"tweenEasing":0,"rotate":10.84},{"duration":60,"tweenEasing":0},{"duration":60,"tweenEasing":0,"rotate":10.84},{"duration":0}]},{"name":"tree6","translateFrame":[{"duration":60,"tweenEasing":0},{"duration":60,"tweenEasing":0,"x":-3.25},{"duration":60,"tweenEasing":0},{"duration":60,"tweenEasing":0,"x":-3.25},{"duration":60,"tweenEasing":0},{"duration":60,"tweenEasing":0,"x":-3.25},{"duration":60,"tweenEasing":0},{"duration":60,"tweenEasing":0,"x":-3.25},{"duration":60,"tweenEasing":0},{"duration":60,"tweenEasing":0,"x":-3.25},{"duration":60,"tweenEasing":0},{"duration":60,"tweenEasing":0,"x":-3.25},{"duration":60,"tweenEasing":0},{"duration":60,"tweenEasing":0,"x":-3.25},{"duration":60,"tweenEasing":0},{"duration":60,"tweenEasing":0,"x":-3.25},{"duration":0}]},{"name":"tree8","rotateFrame":[{"duration":60,"tweenEasing":0},{"duration":60,"tweenEasing":0,"rotate":10.23},{"duration":60,"tweenEasing":0},{"duration":60,"tweenEasing":0,"rotate":10.23},{"duration":60,"tweenEasing":0},{"duration":60,"tweenEasing":0,"rotate":10.23},{"duration":60,"tweenEasing":0},{"duration":60,"tweenEasing":0,"rotate":10.23},{"duration":60,"tweenEasing":0},{"duration":60,"tweenEasing":0,"rotate":10.23},{"duration":60,"tweenEasing":0},{"duration":60,"tweenEasing":0,"rotate":10.23},{"duration":60,"tweenEasing":0},{"duration":60,"tweenEasing":0,"rotate":10.23},{"duration":60,"tweenEasing":0},{"duration":60,"tweenEasing":0,"rotate":10.23},{"duration":0}]},{"name":"tree7","rotateFrame":[{"duration":60,"tweenEasing":0},{"duration":60,"tweenEasing":0,"rotate":-3.22},{"duration":60,"tweenEasing":0},{"duration":60,"tweenEasing":0,"rotate":-3.22},{"duration":60,"tweenEasing":0},{"duration":60,"tweenEasing":0,"rotate":-3.22},{"duration":60,"tweenEasing":0},{"duration":60,"tweenEasing":0,"rotate":-3.22},{"duration":60,"tweenEasing":0},{"duration":60,"tweenEasing":0,"rotate":-3.22},{"duration":60,"tweenEasing":0},{"duration":60,"tweenEasing":0,"rotate":-3.22},{"duration":60,"tweenEasing":0},{"duration":60,"tweenEasing":0,"rotate":-3.22},{"duration":60,"tweenEasing":0},{"duration":60,"tweenEasing":0,"rotate":-3.22},{"duration":0}]},{"name":"tree9","rotateFrame":[{"duration":60,"tweenEasing":0},{"duration":60,"tweenEasing":0,"rotate":12.5},{"duration":60,"tweenEasing":0},{"duration":60,"tweenEasing":0,"rotate":12.5},{"duration":60,"tweenEasing":0},{"duration":60,"tweenEasing":0,"rotate":12.5},{"duration":60,"tweenEasing":0},{"duration":60,"tweenEasing":0,"rotate":12.5},{"duration":60,"tweenEasing":0},{"duration":60,"tweenEasing":0,"rotate":12.5},{"duration":60,"tweenEasing":0},{"duration":60,"tweenEasing":0,"rotate":12.5},{"duration":60,"tweenEasing":0},{"duration":60,"tweenEasing":0,"rotate":12.5},{"duration":60,"tweenEasing":0},{"duration":60,"tweenEasing":0,"rotate":12.5},{"duration":0}]},{"name":"tree4","rotateFrame":[{"duration":60,"tweenEasing":0},{"duration":60,"tweenEasing":0,"rotate":-9.28},{"duration":60,"tweenEasing":0},{"duration":60,"tweenEasing":0,"rotate":-9.28},{"duration":60,"tweenEasing":0},{"duration":60,"tweenEasing":0,"rotate":-9.28},{"duration":60,"tweenEasing":0},{"duration":60,"tweenEasing":0,"rotate":-9.28},{"duration":60,"tweenEasing":0},{"duration":60,"tweenEasing":0,"rotate":-9.28},{"duration":60,"tweenEasing":0},{"duration":60,"tweenEasing":0,"rotate":-9.28},{"duration":60,"tweenEasing":0},{"duration":60,"tweenEasing":0,"rotate":-9.28},{"duration":60,"tweenEasing":0},{"duration":60,"tweenEasing":0,"rotate":-9.28},{"duration":0}]},{"name":"tree5","rotateFrame":[{"duration":60,"tweenEasing":0,"rotate":-8.34},{"duration":60,"tweenEasing":0,"rotate":11.32},{"duration":60,"tweenEasing":0,"rotate":-8.34},{"duration":60,"tweenEasing":0,"rotate":11.32},{"duration":60,"tweenEasing":0,"rotate":-8.34},{"duration":60,"tweenEasing":0,"rotate":11.32},{"duration":60,"tweenEasing":0,"rotate":-8.34},{"duration":60,"tweenEasing":0,"rotate":11.32},{"duration":60,"tweenEasing":0,"rotate":-8.34},{"duration":60,"tweenEasing":0,"rotate":11.32},{"duration":60,"tweenEasing":0,"rotate":-8.34},{"duration":60,"tweenEasing":0,"rotate":11.32},{"duration":60,"tweenEasing":0,"rotate":-8.34},{"duration":60,"tweenEasing":0,"rotate":11.32},{"duration":60,"tweenEasing":0,"rotate":-8.34},{"duration":60,"tweenEasing":0,"rotate":11.32},{"duration":0,"rotate":-8.34}]},{"name":"tree3","rotateFrame":[{"duration":60,"tweenEasing":0},{"duration":60,"tweenEasing":0,"rotate":-13.93},{"duration":60,"tweenEasing":0},{"duration":60,"tweenEasing":0,"rotate":-13.93},{"duration":60,"tweenEasing":0},{"duration":60,"tweenEasing":0,"rotate":-13.93},{"duration":60,"tweenEasing":0},{"duration":60,"tweenEasing":0,"rotate":-13.93},{"duration":60,"tweenEasing":0},{"duration":60,"tweenEasing":0,"rotate":-13.93},{"duration":60,"tweenEasing":0},{"duration":60,"tweenEasing":0,"rotate":-13.93},{"duration":60,"tweenEasing":0},{"duration":60,"tweenEasing":0,"rotate":-13.93},{"duration":60,"tweenEasing":0},{"duration":60,"tweenEasing":0,"rotate":-13.93},{"duration":0}]},{"name":"b5","translateFrame":[{"duration":60,"tweenEasing":0},{"duration":60,"tweenEasing":0,"y":14.57},{"duration":60,"tweenEasing":0},{"duration":60,"tweenEasing":0,"y":14.57},{"duration":60,"tweenEasing":0},{"duration":60,"tweenEasing":0,"y":14.57},{"duration":60,"tweenEasing":0},{"duration":60,"tweenEasing":0,"y":14.57},{"duration":60,"tweenEasing":0},{"duration":60,"tweenEasing":0,"y":14.57},{"duration":60,"tweenEasing":0},{"duration":60,"tweenEasing":0,"y":14.57},{"duration":60,"tweenEasing":0},{"duration":60,"tweenEasing":0,"y":14.57},{"duration":60,"tweenEasing":0},{"duration":60,"tweenEasing":0,"y":14.57},{"duration":0}],"rotateFrame":[{"duration":60,"tweenEasing":0},{"duration":60,"tweenEasing":0,"rotate":9.01},{"duration":60,"tweenEasing":0},{"duration":60,"tweenEasing":0,"rotate":9.01},{"duration":60,"tweenEasing":0},{"duration":60,"tweenEasing":0,"rotate":9.01},{"duration":60,"tweenEasing":0},{"duration":60,"tweenEasing":0,"rotate":9.01},{"duration":60,"tweenEasing":0},{"duration":60,"tweenEasing":0,"rotate":9.01},{"duration":60,"tweenEasing":0},{"duration":60,"tweenEasing":0,"rotate":9.01},{"duration":60,"tweenEasing":0},{"duration":60,"tweenEasing":0,"rotate":9.01},{"duration":60,"tweenEasing":0},{"duration":60,"tweenEasing":0,"rotate":9.01},{"duration":0}]},{"name":"b4","translateFrame":[{"duration":60,"tweenEasing":0},{"duration":60,"tweenEasing":0,"y":-10.6},{"duration":60,"tweenEasing":0},{"duration":60,"tweenEasing":0,"y":-10.6},{"duration":60,"tweenEasing":0},{"duration":60,"tweenEasing":0,"y":-10.6},{"duration":60,"tweenEasing":0},{"duration":60,"tweenEasing":0,"y":-10.6},{"duration":60,"tweenEasing":0},{"duration":60,"tweenEasing":0,"y":-10.6},{"duration":60,"tweenEasing":0},{"duration":60,"tweenEasing":0,"y":-10.6},{"duration":60,"tweenEasing":0},{"duration":60,"tweenEasing":0,"y":-10.6},{"duration":60,"tweenEasing":0},{"duration":60,"tweenEasing":0,"y":-10.6},{"duration":0}]},{"name":"b3","translateFrame":[{"duration":60,"tweenEasing":0},{"duration":60,"tweenEasing":0,"y":13.11},{"duration":60,"tweenEasing":0},{"duration":60,"tweenEasing":0,"y":13.11},{"duration":60,"tweenEasing":0},{"duration":60,"tweenEasing":0,"y":13.11},{"duration":60,"tweenEasing":0},{"duration":60,"tweenEasing":0,"y":13.11},{"duration":60,"tweenEasing":0},{"duration":60,"tweenEasing":0,"y":13.11},{"duration":60,"tweenEasing":0},{"duration":60,"tweenEasing":0,"y":13.11},{"duration":60,"tweenEasing":0},{"duration":60,"tweenEasing":0,"y":13.11},{"duration":60,"tweenEasing":0},{"duration":60,"tweenEasing":0,"y":13.11},{"duration":0}],"rotateFrame":[{"duration":60,"tweenEasing":0},{"duration":60,"tweenEasing":0,"rotate":-6.71},{"duration":60,"tweenEasing":0},{"duration":60,"tweenEasing":0,"rotate":-6.71},{"duration":60,"tweenEasing":0},{"duration":60,"tweenEasing":0,"rotate":-6.71},{"duration":60,"tweenEasing":0},{"duration":60,"tweenEasing":0,"rotate":-6.71},{"duration":60,"tweenEasing":0},{"duration":60,"tweenEasing":0,"rotate":-6.71},{"duration":60,"tweenEasing":0},{"duration":60,"tweenEasing":0,"rotate":-6.71},{"duration":60,"tweenEasing":0},{"duration":60,"tweenEasing":0,"rotate":-6.71},{"duration":60,"tweenEasing":0},{"duration":60,"tweenEasing":0,"rotate":-6.71},{"duration":0}]},{"name":"b2","translateFrame":[{"duration":60,"tweenEasing":0},{"duration":60,"tweenEasing":0,"y":-7.95},{"duration":60,"tweenEasing":0},{"duration":60,"tweenEasing":0,"y":-7.95},{"duration":60,"tweenEasing":0},{"duration":60,"tweenEasing":0,"y":-7.95},{"duration":60,"tweenEasing":0},{"duration":60,"tweenEasing":0,"y":-7.95},{"duration":60,"tweenEasing":0},{"duration":60,"tweenEasing":0,"y":-7.95},{"duration":60,"tweenEasing":0},{"duration":60,"tweenEasing":0,"y":-7.95},{"duration":60,"tweenEasing":0},{"duration":60,"tweenEasing":0,"y":-7.95},{"duration":60,"tweenEasing":0},{"duration":60,"tweenEasing":0,"y":-7.95},{"duration":0}]},{"name":"b1","translateFrame":[{"duration":60,"tweenEasing":0},{"duration":60,"tweenEasing":0,"y":-6.62},{"duration":60,"tweenEasing":0},{"duration":60,"tweenEasing":0,"y":-6.62},{"duration":60,"tweenEasing":0},{"duration":60,"tweenEasing":0,"y":-6.62},{"duration":60,"tweenEasing":0},{"duration":60,"tweenEasing":0,"y":-6.62},{"duration":60,"tweenEasing":0},{"duration":60,"tweenEasing":0,"y":-6.62},{"duration":60,"tweenEasing":0},{"duration":60,"tweenEasing":0,"y":-6.62},{"duration":60,"tweenEasing":0},{"duration":60,"tweenEasing":0,"y":-6.62},{"duration":60,"tweenEasing":0},{"duration":60,"tweenEasing":0,"y":-6.62},{"duration":0}]},{"name":"c7","translateFrame":[{"duration":480,"tweenEasing":0},{"duration":480,"tweenEasing":0,"x":55.36,"y":11.65},{"duration":0}],"scaleFrame":[{"duration":480,"tweenEasing":0},{"duration":480,"tweenEasing":0,"x":1.02,"y":1.02},{"duration":0}]},{"name":"c5","translateFrame":[{"duration":480,"tweenEasing":0},{"duration":480,"tweenEasing":0,"x":47.46,"y":29.52},{"duration":0}],"scaleFrame":[{"duration":480,"tweenEasing":0},{"duration":480,"tweenEasing":0,"x":1.15,"y":1.15},{"duration":0}]},{"name":"c3","translateFrame":[{"duration":480,"tweenEasing":0},{"duration":480,"tweenEasing":0,"x":-14.83,"y":2.96},{"duration":0}]},{"name":"c1","translateFrame":[{"duration":480,"tweenEasing":0},{"duration":480,"tweenEasing":0,"x":-22.33},{"duration":0}],"scaleFrame":[{"duration":480,"tweenEasing":0},{"duration":480,"tweenEasing":0,"x":0.97,"y":0.97},{"duration":0}]},{"name":"c4","translateFrame":[{"duration":480,"tweenEasing":0},{"duration":480,"tweenEasing":0,"x":79.57,"y":29.87},{"duration":0}],"scaleFrame":[{"duration":480,"tweenEasing":0},{"duration":480,"tweenEasing":0,"x":1.17,"y":1.17},{"duration":0}]},{"name":"c2","translateFrame":[{"duration":480,"tweenEasing":0},{"duration":480,"tweenEasing":0,"x":29.31,"y":-4.35},{"duration":0}],"scaleFrame":[{"duration":480,"tweenEasing":0},{"duration":480,"tweenEasing":0,"x":1.08,"y":1.08},{"duration":0}]},{"name":"c6","translateFrame":[{"duration":480,"tweenEasing":0},{"duration":480,"tweenEasing":0,"x":-12.56,"y":-7.34},{"duration":0}],"scaleFrame":[{"duration":480,"tweenEasing":0},{"duration":480,"tweenEasing":0,"x":0.9,"y":0.9},{"duration":0}]}],"slot":[{"name":"gamblinglight","colorFrame":[{"duration":60,"tweenEasing":0,"value":{"aM":47}},{"duration":60,"tweenEasing":0},{"duration":60,"tweenEasing":0,"value":{"aM":47}},{"duration":60,"tweenEasing":0},{"duration":60,"tweenEasing":0,"value":{"aM":47}},{"duration":60,"tweenEasing":0},{"duration":60,"tweenEasing":0,"value":{"aM":47}},{"duration":60,"tweenEasing":0},{"duration":60,"tweenEasing":0,"value":{"aM":47}},{"duration":60,"tweenEasing":0},{"duration":60,"tweenEasing":0,"value":{"aM":47}},{"duration":60,"tweenEasing":0},{"duration":60,"tweenEasing":0,"value":{"aM":47}},{"duration":60,"tweenEasing":0},{"duration":60,"tweenEasing":0,"value":{"aM":47}},{"duration":60,"tweenEasing":0},{"duration":0,"value":{"aM":47}}]}]}],"defaultActions":[{"gotoAndPlay":"animation"}]}]}