{"frameRate":30,"isGlobal":0,"armature":[{"bone":[{"name":"root","transform":{}},{"transform":{},"name":"saoguang","parent":"root"},{"transform":{},"name":"fuji","parent":"root"},{"transform":{"scY":1.2,"y":265.49,"scX":1.2,"x":234.49},"name":"bone5","parent":"fuji"},{"transform":{"scY":0.6,"y":-88.01,"scX":0.6,"x":-2.93},"name":"bone6","parent":"fuji"},{"transform":{"scY":0.5,"y":-47.59,"scX":0.5,"x":22.86},"name":"bone7","parent":"fuji"},{"transform":{"y":-3.79,"x":22.86},"name":"bone8","parent":"fuji"},{"transform":{"y":-43.89,"x":-49.54},"name":"bone9","parent":"fuji"},{"transform":{"y":17.35,"x":-41.43},"name":"bone10","parent":"fuji"},{"transform":{},"name":"bone12","parent":"fuji"},{"transform":{"y":27.17,"x":7.98},"name":"bone4","parent":"fuji"},{"transform":{},"name":"bone13","parent":"fuji"},{"transform":{},"name":"bone14","parent":"fuji"},{"transform":{},"name":"bone15","parent":"fuji"},{"transform":{},"name":"bone16","parent":"fuji"},{"transform":{},"name":"bone17","parent":"fuji"},{"transform":{},"name":"bone21","parent":"fuji"},{"transform":{},"name":"bone22","parent":"fuji"},{"transform":{"scY":0.6,"y":64.09,"scX":0.6,"x":-43.11},"name":"bone11","parent":"fuji"}],"aabb":{"width":416.49,"y":-136,"height":426.99,"x":-109.5},"type":"Armature","name":"armatureName","skin":[{"slot":[{"display":[{"path":"Resources/shengxingjiemaintu/kuang01","type":"image","name":"Resources/shengxingjiemaintu/kuang01","transform":{"scX":-1}}],"blendMode":"add","name":"Resources/shengxingjiemaintu/kuang3"},{"display":[{"path":"Resources/shengxingjiemaintu/fangkuai01","type":"image","name":"Resources/shengxingjiemaintu/fangkuai01","transform":{}}],"blendMode":"add","name":"Resources/shengxingjiemaintu/fangkuai5"},{"display":[{"path":"Resources/shengxingjiemaintu/kuang01","type":"image","name":"Resources/shengxingjiemaintu/kuang01","transform":{"scX":-1}}],"blendMode":"add","name":"Resources/shengxingjiemaintu/kuang2"},{"display":[{"path":"Resources/shengxingjiemaintu/fangkuai01","type":"image","name":"Resources/shengxingjiemaintu/fangkuai01","transform":{}}],"blendMode":"add","name":"Resources/shengxingjiemaintu/fangkuai2"},{"display":[{"path":"Resources/shengxingjiemaintu/kuang01","type":"image","name":"Resources/shengxingjiemaintu/kuang01","transform":{}}],"blendMode":"add","name":"Resources/shengxingjiemaintu/kuang01"},{"display":[{"path":"Resources/shengxingjiemaintu/fangkuai01","type":"image","name":"Resources/shengxingjiemaintu/fangkuai01","transform":{}}],"blendMode":"add","name":"Resources/shengxingjiemaintu/fangkuai1"},{"display":[{"path":"Resources/shengxingjiemaintu/light02","type":"image","name":"Resources/shengxingjiemaintu/light02","transform":{}}],"blendMode":"add","name":"Resources/shengxingjiemaintu/light1"},{"display":[{"path":"Resources/shengxingjiemaintu/light01","type":"image","name":"Resources/shengxingjiemaintu/light01","transform":{}}],"blendMode":"add","name":"Resources/shengxingjiemaintu/light2"},{"display":[{"path":"Resources/shengxingjiemaintu/xiaohao/xh_000","type":"image","name":"Resources/shengxingjiemaintu/xiaohao/xh_000","transform":{}},{"path":"Resources/shengxingjiemaintu/xiaohao/xh_001","type":"image","name":"Resources/shengxingjiemaintu/xiaohao/xh_001","transform":{}},{"path":"Resources/shengxingjiemaintu/xiaohao/xh_002","type":"image","name":"Resources/shengxingjiemaintu/xiaohao/xh_002","transform":{}},{"path":"Resources/shengxingjiemaintu/xiaohao/xh_003","type":"image","name":"Resources/shengxingjiemaintu/xiaohao/xh_003","transform":{}},{"path":"Resources/shengxingjiemaintu/xiaohao/xh_004","type":"image","name":"Resources/shengxingjiemaintu/xiaohao/xh_004","transform":{}},{"path":"Resources/shengxingjiemaintu/xiaohao/xh_005","type":"image","name":"Resources/shengxingjiemaintu/xiaohao/xh_005","transform":{}},{"path":"Resources/shengxingjiemaintu/xiaohao/xh_006","type":"image","name":"Resources/shengxingjiemaintu/xiaohao/xh_006","transform":{}},{"path":"Resources/shengxingjiemaintu/xiaohao/xh_007","type":"image","name":"Resources/shengxingjiemaintu/xiaohao/xh_007","transform":{}}],"blendMode":"add","name":"Resources/shengxingjiemaintu/xiaohao/xh_000"},{"display":[{"path":"Resources/shengxingjiemaintu/baiseguangpian","type":"image","name":"Resources/shengxingjiemaintu/baiseguangpian","transform":{}}],"blendMode":"add","name":"Resources/shengxingjiemaintu/baiseguangpian"},{"display":[{"path":"Resources/shengxingjiemaintu/fangkuai01","type":"image","name":"Resources/shengxingjiemaintu/fangkuai01","transform":{}}],"blendMode":"add","name":"Resources/shengxingjiemaintu/fangkuai3"},{"display":[{"path":"Resources/shengxingjiemaintu/kuang01","type":"image","name":"Resources/shengxingjiemaintu/kuang01","transform":{}}],"blendMode":"add","name":"Resources/shengxingjiemaintu/kuang1"},{"display":[{"path":"Resources/shengxingjiemaintu/fangkuai01","type":"image","name":"Resources/shengxingjiemaintu/fangkuai01","transform":{}}],"blendMode":"add","name":"Resources/shengxingjiemaintu/fangkuai6"},{"display":[{"path":"Resources/shengxingjiemaintu/fangkuai01","type":"image","name":"Resources/shengxingjiemaintu/fangkuai01","transform":{}}],"blendMode":"add","name":"Resources/shengxingjiemaintu/fangkuai01"},{"display":[{"path":"Resources/shengxingjiemaintu/fangkuai01","type":"image","name":"Resources/shengxingjiemaintu/fangkuai01","transform":{}}],"blendMode":"add","name":"Resources/shengxingjiemaintu/fangkuai4"},{"display":[{"path":"Resources/shengxingjiemaintu/diwenxulie/xiantiao01_000","type":"image","name":"Resources/shengxingjiemaintu/diwenxulie/xiantiao01_000","transform":{}},{"path":"Resources/shengxingjiemaintu/diwenxulie/xiantiao01_001","type":"image","name":"Resources/shengxingjiemaintu/diwenxulie/xiantiao01_001","transform":{}},{"path":"Resources/shengxingjiemaintu/diwenxulie/xiantiao01_002","type":"image","name":"Resources/shengxingjiemaintu/diwenxulie/xiantiao01_002","transform":{}},{"path":"Resources/shengxingjiemaintu/diwenxulie/xiantiao01_003","type":"image","name":"Resources/shengxingjiemaintu/diwenxulie/xiantiao01_003","transform":{}},{"path":"Resources/shengxingjiemaintu/diwenxulie/xiantiao01_004","type":"image","name":"Resources/shengxingjiemaintu/diwenxulie/xiantiao01_004","transform":{}},{"path":"Resources/shengxingjiemaintu/diwenxulie/xiantiao01_005","type":"image","name":"Resources/shengxingjiemaintu/diwenxulie/xiantiao01_005","transform":{}},{"path":"Resources/shengxingjiemaintu/diwenxulie/xiantiao01_006","type":"image","name":"Resources/shengxingjiemaintu/diwenxulie/xiantiao01_006","transform":{}},{"path":"Resources/shengxingjiemaintu/diwenxulie/xiantiao01_007","type":"image","name":"Resources/shengxingjiemaintu/diwenxulie/xiantiao01_007","transform":{}},{"path":"Resources/shengxingjiemaintu/diwenxulie/xiantiao01_008","type":"image","name":"Resources/shengxingjiemaintu/diwenxulie/xiantiao01_008","transform":{}},{"path":"Resources/shengxingjiemaintu/diwenxulie/xiantiao01_009","type":"image","name":"Resources/shengxingjiemaintu/diwenxulie/xiantiao01_009","transform":{}},{"path":"Resources/shengxingjiemaintu/diwenxulie/xiantiao01_010","type":"image","name":"Resources/shengxingjiemaintu/diwenxulie/xiantiao01_010","transform":{}},{"path":"Resources/shengxingjiemaintu/diwenxulie/xiantiao01_011","type":"image","name":"Resources/shengxingjiemaintu/diwenxulie/xiantiao01_011","transform":{}},{"path":"Resources/shengxingjiemaintu/diwenxulie/xiantiao01_012","type":"image","name":"Resources/shengxingjiemaintu/diwenxulie/xiantiao01_012","transform":{}},{"path":"Resources/shengxingjiemaintu/diwenxulie/xiantiao01_013","type":"image","name":"Resources/shengxingjiemaintu/diwenxulie/xiantiao01_013","transform":{}},{"path":"Resources/shengxingjiemaintu/diwenxulie/xiantiao01_014","type":"image","name":"Resources/shengxingjiemaintu/diwenxulie/xiantiao01_014","transform":{}},{"path":"Resources/shengxingjiemaintu/diwenxulie/xiantiao01_015","type":"image","name":"Resources/shengxingjiemaintu/diwenxulie/xiantiao01_015","transform":{}},{"path":"Resources/shengxingjiemaintu/diwenxulie/xiantiao01_016","type":"image","name":"Resources/shengxingjiemaintu/diwenxulie/xiantiao01_016","transform":{}},{"path":"Resources/shengxingjiemaintu/diwenxulie/xiantiao01_017","type":"image","name":"Resources/shengxingjiemaintu/diwenxulie/xiantiao01_017","transform":{}},{"path":"Resources/shengxingjiemaintu/diwenxulie/xiantiao01_018","type":"image","name":"Resources/shengxingjiemaintu/diwenxulie/xiantiao01_018","transform":{}},{"path":"Resources/shengxingjiemaintu/diwenxulie/xiantiao01_019","type":"image","name":"Resources/shengxingjiemaintu/diwenxulie/xiantiao01_019","transform":{}}],"blendMode":"add","name":"Resources/shengxingjiemaintu/diwenxulie/xiantiao01_000"},{"display":[{"path":"Resources/shengxingjiemaintu/light01","type":"image","name":"Resources/shengxingjiemaintu/light01","transform":{}}],"blendMode":"add","name":"Resources/shengxingjiemaintu/light01"}],"name":""}],"ik":[],"animation":[{"bone":[{"frame":[{"transform":{},"duration":14},{"transform":{},"duration":1},{"transform":{},"duration":19}],"name":"bone4"},{"frame":[{"transform":{},"duration":14},{"transform":{},"duration":1},{"transform":{},"duration":19}],"name":"bone5"},{"frame":[{"transform":{},"duration":14},{"transform":{},"duration":1},{"transform":{},"duration":19}],"name":"bone6"},{"frame":[{"transform":{},"duration":14},{"transform":{},"duration":1},{"transform":{},"duration":19}],"name":"bone7"},{"frame":[{"transform":{},"duration":14},{"transform":{},"duration":1},{"transform":{},"duration":19}],"name":"bone8"},{"frame":[{"transform":{},"duration":14},{"transform":{},"duration":1},{"transform":{},"duration":19}],"name":"bone9"},{"frame":[{"transform":{},"duration":14},{"transform":{},"duration":1},{"tweenEasing":0,"transform":{},"duration":2},{"tweenEasing":0,"transform":{"scY":3,"y":-17.35,"skX":-45,"skY":-45,"scX":3,"x":41.43},"duration":7},{"transform":{"scY":14,"y":-17.35,"skX":-45,"skY":-45,"scX":14,"x":41.43},"duration":10}],"name":"bone10"},{"frame":[{"tweenEasing":0,"transform":{},"duration":14},{"tweenEasing":0,"transform":{"scY":1.622,"y":-59.82,"skX":-42,"skY":-42,"scX":1.622,"x":40.24},"duration":1},{"tweenEasing":0,"transform":{"scY":1.666,"y":-64.09,"skX":-45,"skY":-45,"scX":1.666,"x":43.11},"duration":5},{"transform":{"scY":33.333,"y":-64.09,"skX":-45,"skY":-45,"scX":33.333,"x":43.11},"duration":14}],"name":"bone11"},{"frame":[{"transform":{},"duration":14},{"transform":{},"duration":1},{"transform":{},"duration":19}],"name":"bone12"},{"frame":[{"transform":{"scY":2.5,"scX":2.5},"duration":14,"curve":[0,0.96,0.75,1]},{"transform":{"scY":4,"scX":4},"duration":1},{"transform":{"scY":4,"scX":4},"duration":19}],"name":"bone13"},{"frame":[{"transform":{},"duration":14},{"transform":{},"duration":1},{"tweenEasing":0,"transform":{},"duration":3},{"tweenEasing":0,"transform":{"scY":3,"scX":3,"x":-32},"duration":7},{"transform":{"scY":3,"scX":3,"x":-100},"duration":9}],"name":"bone14"},{"frame":[{"transform":{},"duration":14},{"transform":{},"duration":1},{"tweenEasing":0,"transform":{},"duration":6},{"tweenEasing":0,"transform":{"scY":2.5,"scX":2.5,"x":-20},"duration":13},{"transform":{"scY":2.5,"scX":2.5,"x":-60},"duration":0}],"name":"bone15"},{"frame":[{"transform":{},"duration":14},{"transform":{},"duration":1},{"tweenEasing":0,"transform":{},"duration":3},{"tweenEasing":0,"transform":{"scY":3,"scX":3,"x":32},"duration":7},{"transform":{"scY":3,"scX":3,"x":100},"duration":9}],"name":"bone16"},{"frame":[{"transform":{},"duration":14},{"transform":{},"duration":1},{"tweenEasing":0,"transform":{},"duration":6},{"tweenEasing":0,"transform":{"scY":2.5,"scX":2.5,"x":20},"duration":13},{"transform":{"scY":2.5,"scX":2.5,"x":60},"duration":0}],"name":"bone17"},{"frame":[{"tweenEasing":0,"transform":{},"duration":14},{"tweenEasing":0,"transform":{"scY":2.866,"scX":2.866},"duration":1},{"tweenEasing":0,"transform":{"scY":3,"scX":3},"duration":2},{"transform":{"scY":2,"scX":2},"duration":17}],"name":"bone21"},{"frame":[{"tweenEasing":0,"transform":{},"duration":14},{"tweenEasing":0,"transform":{"scY":1.466,"scX":2.4},"duration":1},{"transform":{"scY":1.5,"scX":2.5},"duration":14,"curve":[0.071,0.28,0.8725,0.97]},{"transform":{"scY":2.5,"scX":5},"duration":5}],"name":"bone22"},{"frame":[{"transform":{},"duration":14},{"transform":{},"duration":1},{"transform":{},"duration":19}],"name":"root"},{"frame":[{"transform":{},"duration":14},{"transform":{},"duration":1},{"transform":{},"duration":19}],"name":"fuji"},{"frame":[{"transform":{"scY":5.023,"scX":3.62},"duration":15},{"transform":{"scY":5.023,"scX":3.62},"duration":19}],"name":"saoguang"}],"slot":[{"frame":[{"tweenEasing":0,"color":{"rM":96,"aM":0,"bM":97},"duration":10},{"tweenEasing":null,"duration":5},{"tweenEasing":0,"duration":5},{"tweenEasing":null,"color":{"aM":0},"duration":14}],"name":"Resources/shengxingjiemaintu/baiseguangpian"},{"frame":[{"displayIndex":-1,"tweenEasing":null,"duration":34}],"name":"Resources/shengxingjiemaintu/diwenxulie/xiantiao01_000"},{"frame":[{"displayIndex":-1,"tweenEasing":null,"duration":34}],"name":"Resources/shengxingjiemaintu/fangkuai01"},{"frame":[{"displayIndex":-1,"tweenEasing":null,"duration":34}],"name":"Resources/shengxingjiemaintu/fangkuai1"},{"frame":[{"displayIndex":-1,"tweenEasing":null,"duration":34}],"name":"Resources/shengxingjiemaintu/fangkuai2"},{"frame":[{"displayIndex":-1,"tweenEasing":null,"duration":34}],"name":"Resources/shengxingjiemaintu/fangkuai3"},{"frame":[{"displayIndex":-1,"tweenEasing":null,"duration":34}],"name":"Resources/shengxingjiemaintu/fangkuai4"},{"frame":[{"displayIndex":-1,"tweenEasing":0,"duration":17},{"duration":7,"curve":[0.142,0.01,1,0.835]},{"tweenEasing":null,"color":{"rM":21,"gM":40,"aM":0},"duration":10}],"name":"Resources/shengxingjiemaintu/fangkuai5"},{"frame":[{"displayIndex":-1,"tweenEasing":0,"duration":15},{"tweenEasing":0,"duration":5},{"displayIndex":-1,"tweenEasing":null,"color":{"rM":37,"gM":53,"aM":0},"duration":14}],"name":"Resources/shengxingjiemaintu/fangkuai6"},{"frame":[{"displayIndex":-1,"tweenEasing":0,"duration":18},{"tweenEasing":0,"color":{"aM":0},"duration":3},{"tweenEasing":0,"color":{"rM":61,"gM":86,"aM":50},"duration":4},{"tweenEasing":null,"color":{"rM":18,"gM":27,"aM":0},"duration":9}],"name":"Resources/shengxingjiemaintu/kuang01"},{"frame":[{"displayIndex":-1,"tweenEasing":0,"duration":21},{"tweenEasing":0,"color":{"aM":0},"duration":3},{"tweenEasing":0,"color":{"aM":50},"duration":10},{"tweenEasing":null,"color":{"rM":38,"gM":41,"aM":0},"duration":0}],"name":"Resources/shengxingjiemaintu/kuang1"},{"frame":[{"displayIndex":-1,"tweenEasing":0,"duration":18},{"tweenEasing":0,"color":{"aM":0},"duration":3},{"tweenEasing":0,"color":{"rM":61,"gM":86,"aM":50},"duration":4},{"tweenEasing":null,"color":{"rM":18,"gM":27,"aM":0},"duration":9}],"name":"Resources/shengxingjiemaintu/kuang2"},{"frame":[{"displayIndex":-1,"tweenEasing":0,"duration":21},{"tweenEasing":0,"color":{"aM":0},"duration":3},{"tweenEasing":0,"color":{"aM":50},"duration":10},{"tweenEasing":null,"color":{"rM":38,"gM":41,"aM":0},"duration":0}],"name":"Resources/shengxingjiemaintu/kuang3"},{"frame":[{"tweenEasing":0,"color":{"aM":0},"duration":5},{"tweenEasing":null,"duration":5},{"tweenEasing":0,"duration":4},{"tweenEasing":null,"color":{"aM":0},"duration":20}],"name":"Resources/shengxingjiemaintu/light01"},{"frame":[{"displayIndex":-1,"tweenEasing":0,"duration":15},{"tweenEasing":0,"duration":2},{"displayIndex":-1,"tweenEasing":null,"color":{"aM":0},"duration":17}],"name":"Resources/shengxingjiemaintu/light1"},{"frame":[{"displayIndex":-1,"tweenEasing":0,"duration":15},{"tweenEasing":0,"duration":1},{"tweenEasing":0,"duration":13},{"displayIndex":-1,"tweenEasing":null,"color":{"aM":0},"duration":5}],"name":"Resources/shengxingjiemaintu/light2"},{"frame":[{"displayIndex":-1,"tweenEasing":0,"duration":15},{"tweenEasing":0,"duration":2},{"displayIndex":1,"tweenEasing":0,"duration":2},{"displayIndex":2,"tweenEasing":0,"duration":2},{"displayIndex":3,"tweenEasing":0,"duration":2},{"displayIndex":4,"tweenEasing":0,"duration":2},{"displayIndex":5,"tweenEasing":0,"duration":2},{"displayIndex":6,"tweenEasing":0,"duration":2},{"displayIndex":7,"tweenEasing":0,"duration":2},{"displayIndex":-1,"tweenEasing":null,"duration":3}],"name":"Resources/shengxingjiemaintu/xiaohao/xh_000"}],"ffd":[],"ik":[],"frame":[],"name":"000_chuxian","duration":34},{"bone":[{"frame":[{"transform":{"scY":2,"y":-265.49,"scX":2,"x":-234.49},"duration":279}],"name":"bone5"},{"frame":[{"tweenEasing":0,"transform":{},"duration":29},{"tweenEasing":0,"transform":{"x":268.1},"duration":15},{"tweenEasing":0,"transform":{},"duration":29},{"tweenEasing":0,"transform":{"x":268.1},"duration":8},{"tweenEasing":0,"transform":{},"duration":29},{"tweenEasing":0,"transform":{"x":268.1},"duration":29},{"tweenEasing":0,"transform":{},"duration":29},{"tweenEasing":0,"transform":{"x":268.1},"duration":13},{"tweenEasing":0,"transform":{},"duration":29},{"tweenEasing":0,"transform":{"x":268.1},"duration":30},{"tweenEasing":0,"transform":{},"duration":29},{"transform":{"x":268.1},"duration":10}],"name":"bone4"},{"frame":[{"tweenEasing":0,"transform":{},"duration":24},{"tweenEasing":0,"transform":{"x":300.87},"duration":18},{"tweenEasing":0,"transform":{},"duration":24},{"tweenEasing":0,"transform":{"x":300.87},"duration":28},{"tweenEasing":0,"transform":{},"duration":15},{"tweenEasing":0,"transform":{"x":300.87},"duration":27},{"tweenEasing":0,"transform":{},"duration":20},{"tweenEasing":0,"transform":{"x":300.87},"duration":35},{"tweenEasing":0,"transform":{},"duration":19},{"tweenEasing":0,"transform":{"x":300.87},"duration":46},{"tweenEasing":0,"transform":{},"duration":13},{"transform":{"x":300.87},"duration":10}],"name":"bone6"},{"frame":[{"tweenEasing":0,"transform":{},"duration":14},{"tweenEasing":0,"transform":{"x":35.25},"duration":26},{"tweenEasing":0,"transform":{"x":204.67},"duration":19},{"tweenEasing":0,"transform":{"x":35.25},"duration":20},{"tweenEasing":0,"transform":{"x":204.67},"duration":27},{"tweenEasing":0,"transform":{"x":35.25},"duration":26},{"tweenEasing":0,"transform":{"x":204.67},"duration":16},{"tweenEasing":0,"transform":{"x":35.25},"duration":26},{"tweenEasing":0,"transform":{"x":204.67},"duration":33},{"tweenEasing":0,"transform":{"x":35.25},"duration":26},{"transform":{"x":204.67},"duration":46}],"name":"bone7"},{"frame":[{"tweenEasing":0,"transform":{},"duration":14},{"tweenEasing":0,"transform":{"x":280.74},"duration":8},{"tweenEasing":0,"transform":{},"duration":14},{"tweenEasing":0,"transform":{"x":280.74},"duration":12},{"tweenEasing":0,"transform":{},"duration":14},{"tweenEasing":0,"transform":{"x":280.74},"duration":32},{"tweenEasing":0,"transform":{},"duration":14},{"tweenEasing":0,"transform":{"x":280.74},"duration":18},{"tweenEasing":0,"transform":{},"duration":14},{"tweenEasing":0,"transform":{"x":280.74},"duration":56},{"tweenEasing":0,"transform":{},"duration":14},{"tweenEasing":0,"transform":{"x":280.74},"duration":25},{"tweenEasing":0,"transform":{},"duration":14},{"transform":{"x":280.74},"duration":30}],"name":"bone8"},{"frame":[{"tweenEasing":0,"transform":{},"duration":17},{"tweenEasing":0,"transform":{},"duration":26},{"tweenEasing":0,"transform":{"x":-260.66},"duration":17},{"tweenEasing":0,"transform":{},"duration":26},{"tweenEasing":0,"transform":{"x":-260.66},"duration":23},{"tweenEasing":0,"transform":{},"duration":23},{"tweenEasing":0,"transform":{"x":-260.66},"duration":24},{"tweenEasing":0,"transform":{},"duration":30},{"tweenEasing":0,"transform":{"x":-260.66},"duration":28},{"tweenEasing":0,"transform":{},"duration":25},{"tweenEasing":0,"transform":{"x":-260.66},"duration":14},{"tweenEasing":0,"transform":{},"duration":26},{"transform":{"x":-260.66},"duration":0}],"name":"bone9"},{"frame":[{"tweenEasing":0,"transform":{},"duration":10},{"tweenEasing":0,"transform":{},"duration":14},{"tweenEasing":0,"transform":{"x":-240.26},"duration":20},{"tweenEasing":0,"transform":{},"duration":13},{"tweenEasing":0,"transform":{"x":-240.26},"duration":28},{"tweenEasing":0,"transform":{},"duration":13},{"tweenEasing":0,"transform":{"x":-240.26},"duration":20},{"tweenEasing":0,"transform":{},"duration":14},{"tweenEasing":0,"transform":{"x":-240.26},"duration":20},{"tweenEasing":0,"transform":{},"duration":10},{"tweenEasing":0,"transform":{"x":-240.26},"duration":33},{"tweenEasing":0,"transform":{},"duration":17},{"tweenEasing":0,"transform":{"x":-240.26},"duration":46},{"tweenEasing":0,"transform":{},"duration":17},{"transform":{"x":-240.26},"duration":4}],"name":"bone10"},{"frame":[{"tweenEasing":0,"transform":{},"duration":5},{"tweenEasing":0,"transform":{},"duration":18},{"tweenEasing":0,"transform":{"x":-274.43},"duration":11},{"tweenEasing":0,"transform":{},"duration":18},{"tweenEasing":0,"transform":{"x":-274.43},"duration":41},{"tweenEasing":0,"transform":{},"duration":18},{"tweenEasing":0,"transform":{"x":-274.43},"duration":20},{"tweenEasing":0,"transform":{},"duration":18},{"tweenEasing":0,"transform":{"x":-274.43},"duration":13},{"tweenEasing":0,"transform":{},"duration":18},{"tweenEasing":0,"transform":{"x":-274.43},"duration":26},{"tweenEasing":0,"transform":{},"duration":18},{"tweenEasing":0,"transform":{"x":-274.43},"duration":17},{"tweenEasing":0,"transform":{},"duration":18},{"transform":{"x":-274.43},"duration":20}],"name":"bone11"},{"frame":[{"transform":{"scY":0.618,"scX":0.54},"duration":279}],"name":"fuji"},{"frame":[{"transform":{},"duration":279}],"name":"root"},{"frame":[{"transform":{},"duration":279}],"name":"saoguang"},{"frame":[{"transform":{},"duration":279}],"name":"bone12"},{"frame":[{"transform":{},"duration":279}],"name":"bone13"},{"frame":[{"transform":{},"duration":279}],"name":"bone14"},{"frame":[{"transform":{},"duration":279}],"name":"bone15"},{"frame":[{"transform":{},"duration":279}],"name":"bone16"},{"frame":[{"transform":{},"duration":279}],"name":"bone17"},{"frame":[{"transform":{},"duration":279}],"name":"bone21"},{"frame":[{"transform":{},"duration":279}],"name":"bone22"}],"slot":[{"frame":[{"displayIndex":-1,"tweenEasing":null,"duration":279}],"name":"Resources/shengxingjiemaintu/baiseguangpian"},{"frame":[{"tweenEasing":0,"color":{"aM":70},"duration":2},{"displayIndex":1,"tweenEasing":0,"duration":2},{"displayIndex":2,"tweenEasing":0,"duration":2},{"displayIndex":3,"tweenEasing":0,"duration":2},{"displayIndex":4,"tweenEasing":0,"duration":2},{"displayIndex":5,"tweenEasing":0,"duration":2},{"displayIndex":6,"tweenEasing":0,"duration":2},{"displayIndex":7,"tweenEasing":0,"duration":2},{"displayIndex":8,"tweenEasing":0,"duration":2},{"displayIndex":9,"tweenEasing":0,"duration":2},{"displayIndex":10,"tweenEasing":0,"duration":2},{"displayIndex":11,"tweenEasing":0,"duration":2},{"displayIndex":12,"tweenEasing":0,"duration":2},{"displayIndex":13,"tweenEasing":0,"duration":2},{"displayIndex":14,"tweenEasing":0,"duration":2},{"displayIndex":15,"tweenEasing":0,"duration":2},{"displayIndex":16,"tweenEasing":0,"duration":2},{"displayIndex":17,"tweenEasing":0,"duration":2},{"displayIndex":18,"tweenEasing":0,"duration":2},{"displayIndex":19,"tweenEasing":0,"duration":2},{"tweenEasing":0,"duration":2},{"displayIndex":1,"tweenEasing":0,"duration":2},{"displayIndex":2,"tweenEasing":0,"duration":2},{"displayIndex":3,"tweenEasing":0,"duration":2},{"displayIndex":4,"tweenEasing":0,"duration":2},{"displayIndex":5,"tweenEasing":0,"duration":2},{"displayIndex":6,"tweenEasing":0,"duration":2},{"displayIndex":7,"tweenEasing":0,"duration":2},{"displayIndex":8,"tweenEasing":0,"duration":2},{"displayIndex":9,"tweenEasing":0,"duration":2},{"displayIndex":10,"tweenEasing":0,"duration":2},{"displayIndex":11,"tweenEasing":0,"duration":2},{"displayIndex":12,"tweenEasing":0,"duration":2},{"displayIndex":13,"tweenEasing":0,"duration":2},{"displayIndex":14,"tweenEasing":0,"duration":2},{"displayIndex":15,"tweenEasing":0,"duration":2},{"displayIndex":16,"tweenEasing":0,"duration":2},{"displayIndex":17,"tweenEasing":0,"duration":2},{"displayIndex":18,"tweenEasing":0,"duration":2},{"displayIndex":19,"tweenEasing":0,"duration":2},{"tweenEasing":0,"duration":2},{"displayIndex":1,"tweenEasing":0,"duration":2},{"displayIndex":2,"tweenEasing":0,"duration":2},{"displayIndex":3,"tweenEasing":0,"duration":2},{"displayIndex":4,"tweenEasing":0,"duration":2},{"displayIndex":5,"tweenEasing":0,"duration":2},{"displayIndex":6,"tweenEasing":0,"duration":2},{"displayIndex":7,"tweenEasing":0,"duration":2},{"displayIndex":8,"tweenEasing":0,"duration":2},{"displayIndex":9,"tweenEasing":0,"duration":2},{"displayIndex":10,"tweenEasing":0,"duration":2},{"displayIndex":11,"tweenEasing":0,"duration":2},{"displayIndex":12,"tweenEasing":0,"duration":2},{"displayIndex":13,"tweenEasing":0,"duration":2},{"displayIndex":14,"tweenEasing":0,"duration":2},{"displayIndex":15,"tweenEasing":0,"duration":2},{"displayIndex":16,"tweenEasing":0,"duration":2},{"displayIndex":17,"tweenEasing":0,"duration":2},{"displayIndex":18,"tweenEasing":0,"duration":2},{"displayIndex":19,"tweenEasing":0,"duration":2},{"tweenEasing":0,"duration":2},{"displayIndex":1,"tweenEasing":0,"duration":2},{"displayIndex":2,"tweenEasing":0,"duration":2},{"displayIndex":3,"tweenEasing":0,"duration":2},{"displayIndex":4,"tweenEasing":0,"duration":2},{"displayIndex":5,"tweenEasing":0,"duration":2},{"displayIndex":6,"tweenEasing":0,"duration":2},{"displayIndex":7,"tweenEasing":0,"duration":2},{"displayIndex":8,"tweenEasing":0,"duration":2},{"displayIndex":9,"tweenEasing":0,"duration":2},{"displayIndex":10,"tweenEasing":0,"duration":2},{"displayIndex":11,"tweenEasing":0,"duration":2},{"displayIndex":12,"tweenEasing":0,"duration":2},{"displayIndex":13,"tweenEasing":0,"duration":2},{"displayIndex":14,"tweenEasing":0,"duration":2},{"displayIndex":15,"tweenEasing":0,"duration":2},{"displayIndex":16,"tweenEasing":0,"duration":2},{"displayIndex":17,"tweenEasing":0,"duration":2},{"displayIndex":18,"tweenEasing":0,"duration":2},{"displayIndex":19,"tweenEasing":0,"duration":2},{"tweenEasing":0,"duration":2},{"displayIndex":1,"tweenEasing":0,"duration":2},{"displayIndex":2,"tweenEasing":0,"duration":2},{"displayIndex":3,"tweenEasing":0,"duration":2},{"displayIndex":4,"tweenEasing":0,"duration":2},{"displayIndex":5,"tweenEasing":0,"duration":2},{"displayIndex":6,"tweenEasing":0,"duration":2},{"displayIndex":7,"tweenEasing":0,"duration":2},{"displayIndex":8,"tweenEasing":0,"duration":2},{"displayIndex":9,"tweenEasing":0,"duration":2},{"displayIndex":10,"tweenEasing":0,"duration":2},{"displayIndex":11,"tweenEasing":0,"duration":2},{"displayIndex":12,"tweenEasing":0,"duration":2},{"displayIndex":13,"tweenEasing":0,"duration":2},{"displayIndex":14,"tweenEasing":0,"duration":2},{"displayIndex":15,"tweenEasing":0,"duration":2},{"displayIndex":16,"tweenEasing":0,"duration":2},{"displayIndex":17,"tweenEasing":0,"duration":2},{"displayIndex":18,"tweenEasing":0,"duration":2},{"displayIndex":19,"tweenEasing":0,"duration":2},{"tweenEasing":0,"duration":2},{"displayIndex":1,"tweenEasing":0,"duration":2},{"displayIndex":2,"tweenEasing":0,"duration":2},{"displayIndex":3,"tweenEasing":0,"duration":2},{"displayIndex":4,"tweenEasing":0,"duration":2},{"displayIndex":5,"tweenEasing":0,"duration":2},{"displayIndex":6,"tweenEasing":0,"duration":2},{"displayIndex":7,"tweenEasing":0,"duration":2},{"displayIndex":8,"tweenEasing":0,"duration":2},{"displayIndex":9,"tweenEasing":0,"duration":2},{"displayIndex":10,"tweenEasing":0,"duration":2},{"displayIndex":11,"tweenEasing":0,"duration":2},{"displayIndex":12,"tweenEasing":0,"duration":2},{"displayIndex":13,"tweenEasing":0,"duration":2},{"displayIndex":14,"tweenEasing":0,"duration":2},{"displayIndex":15,"tweenEasing":0,"duration":2},{"displayIndex":16,"tweenEasing":0,"duration":2},{"displayIndex":17,"tweenEasing":0,"duration":2},{"displayIndex":18,"tweenEasing":0,"duration":2},{"displayIndex":19,"tweenEasing":0,"duration":2},{"tweenEasing":0,"duration":2},{"displayIndex":1,"tweenEasing":0,"duration":2},{"displayIndex":2,"tweenEasing":0,"duration":2},{"displayIndex":3,"tweenEasing":0,"duration":2},{"displayIndex":4,"tweenEasing":0,"duration":2},{"displayIndex":5,"tweenEasing":0,"duration":2},{"displayIndex":6,"tweenEasing":0,"duration":2},{"displayIndex":7,"tweenEasing":0,"duration":2},{"displayIndex":8,"tweenEasing":0,"duration":2},{"displayIndex":9,"tweenEasing":0,"duration":2},{"displayIndex":10,"tweenEasing":0,"duration":2},{"displayIndex":11,"tweenEasing":0,"duration":2},{"displayIndex":12,"tweenEasing":0,"duration":2},{"displayIndex":13,"tweenEasing":0,"duration":2},{"displayIndex":14,"tweenEasing":0,"duration":2},{"displayIndex":15,"tweenEasing":0,"duration":2},{"displayIndex":16,"tweenEasing":0,"duration":2},{"displayIndex":17,"tweenEasing":0,"duration":2},{"displayIndex":18,"tweenEasing":0,"duration":2},{"displayIndex":19,"tweenEasing":null,"duration":1}],"name":"Resources/shengxingjiemaintu/diwenxulie/xiantiao01_000"},{"frame":[{"tweenEasing":0,"duration":19},{"tweenEasing":0,"duration":10},{"displayIndex":-1,"tweenEasing":0,"color":{"aM":0},"duration":15},{"tweenEasing":0,"duration":19},{"tweenEasing":0,"duration":10},{"displayIndex":-1,"tweenEasing":0,"color":{"aM":0},"duration":8},{"tweenEasing":0,"duration":19},{"tweenEasing":0,"duration":10},{"displayIndex":-1,"tweenEasing":0,"color":{"aM":0},"duration":29},{"tweenEasing":0,"duration":19},{"tweenEasing":0,"duration":10},{"displayIndex":-1,"tweenEasing":0,"color":{"aM":0},"duration":13},{"tweenEasing":0,"duration":19},{"tweenEasing":0,"duration":10},{"displayIndex":-1,"tweenEasing":0,"color":{"aM":0},"duration":30},{"tweenEasing":0,"duration":19},{"tweenEasing":0,"duration":10},{"displayIndex":-1,"tweenEasing":null,"color":{"aM":0},"duration":10}],"name":"Resources/shengxingjiemaintu/fangkuai01"},{"frame":[{"tweenEasing":0,"duration":24},{"displayIndex":-1,"tweenEasing":0,"color":{"aM":0},"duration":18},{"tweenEasing":0,"duration":24},{"displayIndex":-1,"tweenEasing":0,"color":{"aM":0},"duration":28},{"tweenEasing":0,"duration":15},{"displayIndex":-1,"tweenEasing":0,"color":{"aM":0},"duration":27},{"tweenEasing":0,"duration":20},{"displayIndex":-1,"tweenEasing":0,"color":{"aM":0},"duration":35},{"tweenEasing":0,"duration":19},{"displayIndex":-1,"tweenEasing":0,"color":{"aM":0},"duration":46},{"tweenEasing":0,"duration":13},{"displayIndex":-1,"tweenEasing":null,"color":{"aM":0},"duration":10}],"name":"Resources/shengxingjiemaintu/fangkuai1"},{"frame":[{"tweenEasing":0,"duration":14},{"tweenEasing":0,"duration":20},{"tweenEasing":0,"duration":6},{"displayIndex":-1,"tweenEasing":0,"color":{"aM":0},"duration":19},{"tweenEasing":0,"duration":14},{"tweenEasing":0,"duration":6},{"displayIndex":-1,"tweenEasing":0,"color":{"aM":0},"duration":27},{"tweenEasing":0,"duration":20},{"tweenEasing":0,"duration":6},{"displayIndex":-1,"tweenEasing":0,"color":{"aM":0},"duration":16},{"tweenEasing":0,"duration":20},{"tweenEasing":0,"duration":6},{"displayIndex":-1,"tweenEasing":0,"color":{"aM":0},"duration":33},{"tweenEasing":0,"duration":20},{"tweenEasing":0,"duration":6},{"displayIndex":-1,"tweenEasing":null,"color":{"aM":0},"duration":46}],"name":"Resources/shengxingjiemaintu/fangkuai2"},{"frame":[{"tweenEasing":0,"color":{"aM":56},"duration":10},{"tweenEasing":0,"color":{"aM":56},"duration":4},{"displayIndex":-1,"tweenEasing":0,"color":{"aM":0},"duration":8},{"tweenEasing":0,"color":{"aM":56},"duration":10},{"tweenEasing":0,"color":{"aM":56},"duration":4},{"displayIndex":-1,"tweenEasing":0,"color":{"aM":0},"duration":12},{"tweenEasing":0,"color":{"aM":56},"duration":10},{"tweenEasing":0,"color":{"aM":56},"duration":4},{"displayIndex":-1,"tweenEasing":0,"color":{"aM":0},"duration":32},{"tweenEasing":0,"color":{"aM":56},"duration":10},{"tweenEasing":0,"color":{"aM":56},"duration":4},{"displayIndex":-1,"tweenEasing":0,"color":{"aM":0},"duration":18},{"tweenEasing":0,"color":{"aM":56},"duration":10},{"tweenEasing":0,"color":{"aM":56},"duration":4},{"displayIndex":-1,"tweenEasing":0,"color":{"aM":0},"duration":56},{"tweenEasing":0,"color":{"aM":56},"duration":10},{"tweenEasing":0,"color":{"aM":56},"duration":4},{"displayIndex":-1,"tweenEasing":0,"color":{"aM":0},"duration":25},{"tweenEasing":0,"color":{"aM":56},"duration":10},{"tweenEasing":0,"color":{"aM":56},"duration":4},{"displayIndex":-1,"tweenEasing":null,"color":{"aM":0},"duration":30}],"name":"Resources/shengxingjiemaintu/fangkuai3"},{"frame":[{"tweenEasing":0,"duration":17},{"tweenEasing":0,"duration":18},{"tweenEasing":0,"duration":8},{"displayIndex":-1,"tweenEasing":0,"color":{"aM":0},"duration":17},{"tweenEasing":0,"duration":18},{"tweenEasing":0,"duration":8},{"displayIndex":-1,"tweenEasing":0,"color":{"aM":0},"duration":23},{"tweenEasing":0,"duration":15},{"tweenEasing":0,"duration":8},{"displayIndex":-1,"tweenEasing":0,"color":{"aM":0},"duration":24},{"tweenEasing":0,"duration":22},{"tweenEasing":0,"duration":8},{"displayIndex":-1,"tweenEasing":0,"color":{"aM":0},"duration":28},{"tweenEasing":0,"duration":17},{"tweenEasing":0,"duration":8},{"displayIndex":-1,"tweenEasing":0,"color":{"aM":0},"duration":14},{"tweenEasing":0,"duration":18},{"tweenEasing":0,"duration":8},{"displayIndex":-1,"tweenEasing":null,"color":{"aM":0},"duration":0}],"name":"Resources/shengxingjiemaintu/fangkuai4"},{"frame":[{"tweenEasing":0,"duration":10},{"tweenEasing":0,"duration":10},{"tweenEasing":0,"duration":4},{"displayIndex":-1,"tweenEasing":0,"color":{"aM":0},"duration":20},{"tweenEasing":0,"duration":9},{"tweenEasing":0,"duration":4},{"displayIndex":-1,"tweenEasing":0,"color":{"aM":0},"duration":28},{"tweenEasing":0,"duration":7},{"tweenEasing":0,"duration":6},{"displayIndex":-1,"tweenEasing":0,"color":{"aM":0},"duration":20},{"tweenEasing":0,"duration":8},{"tweenEasing":0,"duration":6},{"displayIndex":-1,"tweenEasing":0,"color":{"aM":0},"duration":20},{"tweenEasing":0,"duration":4},{"tweenEasing":0,"duration":6},{"displayIndex":-1,"tweenEasing":0,"color":{"aM":0},"duration":33},{"tweenEasing":0,"duration":11},{"tweenEasing":0,"duration":6},{"displayIndex":-1,"tweenEasing":0,"color":{"aM":0},"duration":46},{"tweenEasing":0,"duration":11},{"tweenEasing":0,"duration":6},{"displayIndex":-1,"tweenEasing":null,"color":{"aM":0},"duration":4}],"name":"Resources/shengxingjiemaintu/fangkuai5"},{"frame":[{"displayIndex":-1,"tweenEasing":0,"duration":5},{"tweenEasing":0,"duration":13},{"tweenEasing":0,"duration":5},{"displayIndex":-1,"tweenEasing":0,"color":{"aM":0},"duration":11},{"tweenEasing":0,"duration":13},{"tweenEasing":0,"duration":5},{"displayIndex":-1,"tweenEasing":0,"color":{"aM":0},"duration":41},{"tweenEasing":0,"duration":13},{"tweenEasing":0,"duration":5},{"displayIndex":-1,"tweenEasing":0,"color":{"aM":0},"duration":20},{"tweenEasing":0,"duration":13},{"tweenEasing":0,"duration":5},{"displayIndex":-1,"tweenEasing":0,"color":{"aM":0},"duration":13},{"tweenEasing":0,"duration":13},{"tweenEasing":0,"duration":5},{"displayIndex":-1,"tweenEasing":0,"color":{"aM":0},"duration":26},{"tweenEasing":0,"duration":13},{"tweenEasing":0,"duration":5},{"displayIndex":-1,"tweenEasing":0,"color":{"aM":0},"duration":17},{"tweenEasing":0,"duration":13},{"tweenEasing":0,"duration":5},{"displayIndex":-1,"tweenEasing":null,"color":{"aM":0},"duration":20}],"name":"Resources/shengxingjiemaintu/fangkuai6"},{"frame":[{"displayIndex":-1,"tweenEasing":null,"duration":279}],"name":"Resources/shengxingjiemaintu/kuang01"},{"frame":[{"displayIndex":-1,"tweenEasing":null,"duration":279}],"name":"Resources/shengxingjiemaintu/kuang1"},{"frame":[{"displayIndex":-1,"tweenEasing":null,"duration":279}],"name":"Resources/shengxingjiemaintu/kuang2"},{"frame":[{"displayIndex":-1,"tweenEasing":null,"duration":279}],"name":"Resources/shengxingjiemaintu/kuang3"},{"frame":[{"displayIndex":-1,"tweenEasing":null,"duration":279}],"name":"Resources/shengxingjiemaintu/light01"},{"frame":[{"displayIndex":-1,"tweenEasing":null,"duration":279}],"name":"Resources/shengxingjiemaintu/light1"},{"frame":[{"displayIndex":-1,"tweenEasing":null,"duration":279}],"name":"Resources/shengxingjiemaintu/light2"},{"frame":[{"displayIndex":-1,"tweenEasing":null,"duration":279}],"name":"Resources/shengxingjiemaintu/xiaohao/xh_000"}],"ffd":[],"ik":[],"frame":[],"name":"001_xunhuan_qian","duration":279},{"bone":[{"frame":[{"transform":{},"duration":120},{"transform":{},"duration":0}],"name":"bone12"},{"frame":[{"transform":{},"duration":120}],"name":"root"},{"frame":[{"transform":{},"duration":120}],"name":"saoguang"},{"frame":[{"transform":{},"duration":120}],"name":"fuji"},{"frame":[{"transform":{},"duration":120}],"name":"bone5"},{"frame":[{"transform":{},"duration":120}],"name":"bone6"},{"frame":[{"transform":{},"duration":120}],"name":"bone7"},{"frame":[{"transform":{},"duration":120}],"name":"bone8"},{"frame":[{"transform":{},"duration":120}],"name":"bone9"},{"frame":[{"transform":{},"duration":120}],"name":"bone10"},{"frame":[{"transform":{},"duration":120}],"name":"bone4"},{"frame":[{"transform":{},"duration":120}],"name":"bone13"},{"frame":[{"transform":{},"duration":120}],"name":"bone14"},{"frame":[{"transform":{},"duration":120}],"name":"bone15"},{"frame":[{"transform":{},"duration":120}],"name":"bone16"},{"frame":[{"transform":{},"duration":120}],"name":"bone17"},{"frame":[{"transform":{},"duration":120}],"name":"bone21"},{"frame":[{"transform":{},"duration":120}],"name":"bone22"},{"frame":[{"transform":{},"duration":120}],"name":"bone11"}],"slot":[{"frame":[{"tweenEasing":0,"color":{"aM":46},"duration":60},{"tweenEasing":0,"duration":60},{"tweenEasing":null,"color":{"aM":46},"duration":0}],"name":"Resources/shengxingjiemaintu/baiseguangpian"},{"frame":[{"displayIndex":-1,"tweenEasing":null,"duration":120}],"name":"Resources/shengxingjiemaintu/diwenxulie/xiantiao01_000"},{"frame":[{"displayIndex":-1,"tweenEasing":null,"duration":120}],"name":"Resources/shengxingjiemaintu/fangkuai01"},{"frame":[{"displayIndex":-1,"tweenEasing":null,"duration":120}],"name":"Resources/shengxingjiemaintu/fangkuai1"},{"frame":[{"displayIndex":-1,"tweenEasing":null,"duration":120}],"name":"Resources/shengxingjiemaintu/fangkuai2"},{"frame":[{"displayIndex":-1,"tweenEasing":null,"duration":120}],"name":"Resources/shengxingjiemaintu/fangkuai3"},{"frame":[{"displayIndex":-1,"tweenEasing":null,"duration":120}],"name":"Resources/shengxingjiemaintu/fangkuai4"},{"frame":[{"displayIndex":-1,"tweenEasing":null,"duration":120}],"name":"Resources/shengxingjiemaintu/fangkuai5"},{"frame":[{"displayIndex":-1,"tweenEasing":null,"duration":120}],"name":"Resources/shengxingjiemaintu/fangkuai6"},{"frame":[{"displayIndex":-1,"tweenEasing":null,"duration":120}],"name":"Resources/shengxingjiemaintu/kuang01"},{"frame":[{"displayIndex":-1,"tweenEasing":null,"duration":120}],"name":"Resources/shengxingjiemaintu/kuang1"},{"frame":[{"displayIndex":-1,"tweenEasing":null,"duration":120}],"name":"Resources/shengxingjiemaintu/kuang2"},{"frame":[{"displayIndex":-1,"tweenEasing":null,"duration":120}],"name":"Resources/shengxingjiemaintu/kuang3"},{"frame":[{"displayIndex":-1,"tweenEasing":null,"duration":120}],"name":"Resources/shengxingjiemaintu/light01"},{"frame":[{"displayIndex":-1,"tweenEasing":null,"duration":120}],"name":"Resources/shengxingjiemaintu/light1"},{"frame":[{"displayIndex":-1,"tweenEasing":null,"duration":120}],"name":"Resources/shengxingjiemaintu/light2"},{"frame":[{"displayIndex":-1,"tweenEasing":null,"duration":120}],"name":"Resources/shengxingjiemaintu/xiaohao/xh_000"}],"ffd":[],"ik":[],"frame":[],"name":"002_xunhuan_hou","duration":120}],"slot":[{"blendMode":"add","displayIndex":19,"parent":"bone5","name":"Resources/shengxingjiemaintu/diwenxulie/xiantiao01_000","color":{}},{"blendMode":"add","z":1,"parent":"bone4","name":"Resources/shengxingjiemaintu/fangkuai01","color":{}},{"blendMode":"add","z":2,"parent":"bone9","name":"Resources/shengxingjiemaintu/fangkuai4","color":{}},{"blendMode":"add","z":3,"parent":"bone6","name":"Resources/shengxingjiemaintu/fangkuai1","color":{}},{"blendMode":"add","z":4,"parent":"bone11","name":"Resources/shengxingjiemaintu/fangkuai6","color":{}},{"blendMode":"add","z":5,"parent":"bone7","name":"Resources/shengxingjiemaintu/fangkuai2","color":{}},{"blendMode":"add","z":6,"parent":"bone8","name":"Resources/shengxingjiemaintu/fangkuai3","color":{}},{"blendMode":"add","z":7,"parent":"bone10","name":"Resources/shengxingjiemaintu/fangkuai5","color":{}},{"blendMode":"add","z":8,"parent":"bone12","name":"Resources/shengxingjiemaintu/baiseguangpian","color":{}},{"blendMode":"add","z":9,"parent":"bone13","name":"Resources/shengxingjiemaintu/light01","color":{}},{"blendMode":"add","z":10,"parent":"bone22","name":"Resources/shengxingjiemaintu/light2","color":{}},{"blendMode":"add","z":11,"parent":"bone21","name":"Resources/shengxingjiemaintu/light1","color":{}},{"blendMode":"add","z":12,"parent":"bone14","name":"Resources/shengxingjiemaintu/kuang01","color":{}},{"blendMode":"add","z":13,"parent":"bone15","name":"Resources/shengxingjiemaintu/kuang1","color":{}},{"blendMode":"add","z":14,"parent":"bone16","name":"Resources/shengxingjiemaintu/kuang2","color":{}},{"blendMode":"add","z":15,"parent":"bone17","name":"Resources/shengxingjiemaintu/kuang3","color":{}},{"blendMode":"add","z":16,"parent":"saoguang","name":"Resources/shengxingjiemaintu/xiaohao/xh_000","color":{}}],"frameRate":30,"defaultActions":[{"gotoAndPlay":"000_chuxian"}]}],"name":"kapai_chengse","version":"4.0"}