{"frameRate":60,"isGlobal":0,"armature":[{"slot":[{"name":"000_juexing_bg","parent":"000_juexing_bg","color":{}},{"z":1,"displayIndex":-1,"name":"001_fuji","parent":"001_fuji","color":{}},{"z":2,"displayIndex":-1,"name":"003_yidong_fuji","parent":"003_yidong_fuji","color":{}},{"z":3,"displayIndex":-1,"name":"001_fazhen_fuji","parent":"001_fazhen_fuji","color":{}},{"z":4,"name":"001_nianli_fazhen01","parent":"001_nianli_fazhen01","color":{}},{"z":5,"displayIndex":-1,"name":"002_fuji2","parent":"002_fuji2","color":{}},{"z":6,"name":"002_fazhen01","parent":"002_fazhen01","color":{}},{"z":7,"name":"002_juese","parent":"002_juese","color":{}},{"z":8,"name":"001_xuli02","parent":"001_xuli02","color":{}},{"z":9,"name":"001_xuli01","parent":"001_xuli01","color":{}},{"z":10,"displayIndex":-1,"name":"001_xuili_fuji","parent":"001_xuili_fuji","color":{}},{"z":11,"displayIndex":-1,"name":"002_xingxing_fuji","parent":"002_xingxing_fuji","color":{}},{"z":12,"name":"002_xingxing01","parent":"002_xingxing01","color":{}},{"z":13,"name":"001_faguang_eff","parent":"001_faguang_eff","color":{}},{"z":14,"displayIndex":-1,"name":"003_mianban_fuji","parent":"003_mianban_fuji","color":{}},{"z":15,"name":"003_mianban_eff","parent":"003_mianban_eff","color":{}},{"z":16,"displayIndex":-1,"name":"004_shuxing_fuji","parent":"004_shuxing_fuji","color":{}},{"z":17,"name":"004_shuxing01","parent":"004_shuxing01","color":{}},{"z":18,"name":"004_shuxing02","parent":"004_shuxing02","color":{}},{"z":19,"name":"004_shuxing03","parent":"004_shuxing03","color":{}},{"z":20,"name":"004_shuxing04","parent":"004_shuxing04","color":{}},{"z":21,"name":"003_tishi","parent":"003_tishi","color":{}},{"z":22,"displayIndex":-1,"name":"005_tubiao_fuji","parent":"005_tubiao_fuji","color":{}},{"z":23,"name":"005_tubiao","parent":"005_tubiao","color":{}},{"z":24,"name":"005_wenzi","parent":"005_wenzi","color":{}},{"z":25,"name":"005_zhanli","parent":"005_zhanli","color":{}},{"z":26,"displayIndex":-1,"name":"006_zhanli","parent":"006_zhanli","color":{}}],"animation":[{"slot":[{"frame":[{"displayIndex":-1,"tweenEasing":0,"duration":100},{"displayIndex":-1,"tweenEasing":null,"duration":70}],"name":"006_zhanli"},{"frame":[{"displayIndex":-1,"tweenEasing":0,"duration":149},{"displayIndex":-1,"tweenEasing":0,"duration":1},{"tweenEasing":0,"color":{"aM":0},"duration":15},{"tweenEasing":0,"duration":5},{"tweenEasing":null,"duration":0}],"name":"005_zhanli"},{"frame":[{"displayIndex":-1,"tweenEasing":0,"duration":99},{"displayIndex":-1,"tweenEasing":0,"duration":1},{"displayIndex":1,"tweenEasing":0,"color":{"aM":0},"duration":30},{"displayIndex":1,"tweenEasing":0,"duration":20},{"displayIndex":1,"tweenEasing":0,"duration":20},{"displayIndex":1,"tweenEasing":null,"duration":0}],"name":"003_tishi"},{"frame":[{"displayIndex":-1,"tweenEasing":0,"color":{"aM":0},"duration":114},{"displayIndex":-1,"tweenEasing":0,"color":{"aM":0},"duration":1},{"tweenEasing":0,"color":{"aM":0},"duration":15},{"tweenEasing":0,"duration":20},{"tweenEasing":0,"duration":20},{"tweenEasing":null,"duration":0}],"name":"004_shuxing04"},{"frame":[{"displayIndex":-1,"tweenEasing":0,"color":{"aM":0},"duration":119},{"displayIndex":-1,"tweenEasing":0,"color":{"aM":0},"duration":1},{"tweenEasing":0,"color":{"aM":0},"duration":15},{"tweenEasing":0,"duration":15},{"tweenEasing":0,"duration":20},{"tweenEasing":null,"duration":0}],"name":"004_shuxing03"},{"frame":[{"displayIndex":-1,"tweenEasing":0,"color":{"aM":0},"duration":124},{"displayIndex":-1,"tweenEasing":0,"color":{"aM":0},"duration":1},{"tweenEasing":0,"color":{"aM":0},"duration":15},{"tweenEasing":0,"duration":10},{"tweenEasing":0,"duration":20},{"tweenEasing":null,"duration":0}],"name":"004_shuxing02"},{"frame":[{"displayIndex":-1,"tweenEasing":0,"color":{"aM":0},"duration":129},{"displayIndex":-1,"tweenEasing":0,"color":{"aM":0},"duration":1},{"tweenEasing":0,"color":{"aM":0},"duration":15},{"tweenEasing":0,"duration":5},{"tweenEasing":0,"duration":20},{"tweenEasing":null,"duration":0}],"name":"004_shuxing01"},{"frame":[{"displayIndex":-1,"tweenEasing":0,"duration":100},{"displayIndex":-1,"tweenEasing":0,"duration":45},{"displayIndex":-1,"tweenEasing":0,"duration":5},{"displayIndex":-1,"tweenEasing":0,"duration":20},{"displayIndex":-1,"tweenEasing":null,"duration":0}],"name":"004_shuxing_fuji"},{"frame":[{"displayIndex":-1,"tweenEasing":0,"duration":99},{"displayIndex":-1,"tweenEasing":0,"duration":1},{"displayIndex":1,"tweenEasing":0,"color":{"aM":0},"duration":30},{"displayIndex":1,"tweenEasing":0,"duration":20},{"displayIndex":1,"tweenEasing":0,"duration":20},{"displayIndex":1,"tweenEasing":null,"duration":0}],"name":"003_mianban_eff"},{"frame":[{"displayIndex":-1,"tweenEasing":0,"duration":100},{"displayIndex":-1,"tweenEasing":0,"duration":30},{"displayIndex":-1,"tweenEasing":0,"duration":20},{"displayIndex":-1,"tweenEasing":0,"duration":20},{"displayIndex":-1,"tweenEasing":null,"duration":0}],"name":"003_mianban_fuji"},{"frame":[{"displayIndex":-1,"tweenEasing":0,"duration":29},{"displayIndex":-1,"tweenEasing":0,"duration":1},{"displayIndex":1,"tweenEasing":0,"color":{"aM":0},"duration":30},{"displayIndex":1,"tweenEasing":0,"duration":15},{"displayIndex":1,"tweenEasing":0,"duration":25},{"displayIndex":1,"tweenEasing":0,"color":{"aM":0},"duration":30},{"displayIndex":1,"tweenEasing":0,"color":{"aM":0},"duration":20},{"displayIndex":1,"tweenEasing":0,"color":{"aM":0},"duration":20},{"displayIndex":1,"tweenEasing":null,"color":{"aM":0},"duration":0}],"name":"001_faguang_eff"},{"frame":[{"tweenEasing":0,"duration":30},{"tweenEasing":0,"duration":30},{"tweenEasing":0,"color":{"aM":0},"duration":40},{"tweenEasing":0,"duration":70},{"tweenEasing":null,"duration":0}],"name":"002_xingxing01"},{"frame":[{"displayIndex":-1,"tweenEasing":0,"duration":30},{"displayIndex":-1,"tweenEasing":0,"duration":30},{"displayIndex":-1,"tweenEasing":0,"duration":15},{"displayIndex":-1,"tweenEasing":0,"duration":20},{"displayIndex":-1,"tweenEasing":0,"duration":5},{"displayIndex":-1,"tweenEasing":0,"duration":30},{"displayIndex":-1,"tweenEasing":0,"duration":20},{"displayIndex":-1,"tweenEasing":0,"duration":20},{"displayIndex":-1,"tweenEasing":null,"duration":0}],"name":"002_xingxing_fuji"},{"frame":[{"displayIndex":-1,"tweenEasing":0,"duration":60},{"displayIndex":-1,"tweenEasing":0,"duration":40},{"displayIndex":-1,"tweenEasing":0,"duration":30},{"displayIndex":-1,"tweenEasing":0,"duration":20},{"displayIndex":-1,"tweenEasing":0,"duration":20},{"displayIndex":-1,"tweenEasing":null,"duration":0}],"name":"001_xuili_fuji"},{"frame":[{"tweenEasing":0,"color":{"bM":0,"aM":0},"duration":30},{"tweenEasing":0,"color":{"bM":0,"aM":0},"duration":30},{"tweenEasing":0,"color":{"bM":0},"duration":3},{"displayIndex":1,"tweenEasing":0,"color":{"bM":0,"aM":57},"duration":3},{"displayIndex":2,"tweenEasing":0,"color":{"bM":0,"aM":19},"duration":34},{"displayIndex":2,"tweenEasing":0,"color":{"bM":0,"aM":0},"duration":30},{"displayIndex":2,"tweenEasing":0,"color":{"bM":0,"aM":0},"duration":20},{"displayIndex":2,"tweenEasing":0,"color":{"bM":0,"aM":0},"duration":20},{"displayIndex":2,"tweenEasing":null,"color":{"bM":0,"aM":0},"duration":0}],"name":"001_xuli01"},{"frame":[{"tweenEasing":0,"color":{"bM":0,"aM":0},"duration":30},{"tweenEasing":0,"color":{"bM":0},"duration":30},{"tweenEasing":0,"color":{"bM":0,"aM":0},"duration":3},{"displayIndex":1,"tweenEasing":0,"color":{"bM":0,"aM":57},"duration":3},{"displayIndex":2,"tweenEasing":0,"color":{"bM":0,"aM":19},"duration":34},{"displayIndex":2,"tweenEasing":0,"color":{"bM":0,"aM":0},"duration":30},{"displayIndex":2,"tweenEasing":0,"color":{"bM":0,"aM":0},"duration":20},{"displayIndex":2,"tweenEasing":0,"color":{"bM":0,"aM":0},"duration":20},{"displayIndex":2,"tweenEasing":null,"color":{"bM":0,"aM":0},"duration":0}],"name":"001_xuli02"},{"frame":[{"tweenEasing":0,"duration":100},{"tweenEasing":0,"duration":30},{"tweenEasing":0,"duration":20},{"tweenEasing":0,"duration":20},{"tweenEasing":null,"duration":0}],"name":"002_juese"},{"frame":[{"tweenEasing":0,"color":{"bM":0,"aM":0},"duration":30},{"tweenEasing":0,"color":{"bM":0},"duration":30},{"tweenEasing":0,"color":{"bM":0},"duration":40},{"tweenEasing":0,"color":{"bM":0},"duration":30},{"tweenEasing":0,"color":{"bM":0},"duration":20},{"tweenEasing":0,"color":{"bM":0},"duration":20},{"tweenEasing":null,"color":{"bM":0},"duration":0}],"name":"002_fazhen01"},{"frame":[{"displayIndex":-1,"tweenEasing":0,"duration":100},{"displayIndex":-1,"tweenEasing":0,"duration":30},{"displayIndex":-1,"tweenEasing":0,"duration":20},{"displayIndex":-1,"tweenEasing":0,"duration":20},{"displayIndex":-1,"tweenEasing":null,"duration":0}],"name":"002_fuji2"},{"frame":[{"tweenEasing":0,"color":{"aM":19},"duration":100},{"tweenEasing":0,"color":{"aM":19},"duration":30},{"tweenEasing":0,"color":{"aM":19},"duration":20},{"tweenEasing":0,"color":{"aM":19},"duration":20},{"tweenEasing":null,"color":{"aM":19},"duration":0}],"name":"001_nianli_fazhen01"},{"frame":[{"displayIndex":-1,"tweenEasing":0,"duration":100},{"displayIndex":-1,"tweenEasing":0,"duration":30},{"displayIndex":-1,"tweenEasing":0,"duration":20},{"displayIndex":-1,"tweenEasing":0,"duration":20},{"displayIndex":-1,"tweenEasing":null,"duration":0}],"name":"001_fazhen_fuji"},{"frame":[{"displayIndex":-1,"tweenEasing":0,"duration":100},{"displayIndex":-1,"tweenEasing":0,"duration":30},{"displayIndex":-1,"tweenEasing":0,"duration":20},{"displayIndex":-1,"tweenEasing":0,"duration":20},{"displayIndex":-1,"tweenEasing":null,"duration":0}],"name":"003_yidong_fuji"},{"frame":[{"displayIndex":-1,"tweenEasing":0,"duration":100},{"displayIndex":-1,"tweenEasing":0,"duration":30},{"displayIndex":-1,"tweenEasing":0,"duration":20},{"displayIndex":-1,"tweenEasing":0,"duration":20},{"displayIndex":-1,"tweenEasing":null,"duration":0}],"name":"001_fuji"},{"frame":[{"tweenEasing":0,"color":{"gM":36,"bM":36,"rM":36},"duration":100},{"tweenEasing":0,"color":{"gM":36,"bM":36,"rM":36},"duration":30},{"tweenEasing":0,"color":{"gM":36,"bM":36,"rM":36},"duration":20},{"tweenEasing":0,"color":{"gM":36,"bM":36,"rM":36},"duration":20},{"tweenEasing":null,"color":{"gM":36,"bM":36,"rM":36},"duration":0}],"name":"000_juexing_bg"},{"frame":[{"displayIndex":-1,"tweenEasing":null,"duration":170}],"name":"005_tubiao_fuji"},{"frame":[{"displayIndex":-1,"tweenEasing":null,"duration":170}],"name":"005_tubiao"},{"frame":[{"displayIndex":-1,"tweenEasing":null,"duration":170}],"name":"005_wenzi"}],"ffd":[],"frame":[],"duration":170,"bone":[{"frame":[{"tweenEasing":0,"transform":{},"duration":100},{"transform":{},"duration":70}],"name":"006_zhanli"},{"frame":[{"tweenEasing":0,"transform":{"y":214},"duration":149},{"tweenEasing":0,"transform":{"y":214},"duration":1},{"tweenEasing":0,"transform":{"y":214,"scX":3,"scY":3,"x":233.3333},"duration":15},{"tweenEasing":0,"transform":{"y":214,"scX":0.9,"scY":0.9,"x":233.3333},"duration":5},{"transform":{"y":214,"x":233.3333},"duration":0}],"name":"005_zhanli"},{"frame":[{"tweenEasing":0,"transform":{"y":-320},"duration":99},{"tweenEasing":0,"transform":{"y":-320},"duration":1},{"tweenEasing":0,"transform":{"y":-320},"duration":30},{"tweenEasing":0,"transform":{"y":-320},"duration":20},{"tweenEasing":0,"transform":{"y":-320},"duration":20},{"transform":{"y":-320},"duration":0}],"name":"003_tishi"},{"frame":[{"tweenEasing":0,"transform":{"x":400},"duration":114},{"tweenEasing":0,"transform":{"x":400},"duration":1},{"tweenEasing":0,"transform":{"x":400},"duration":15},{"tweenEasing":0,"transform":{},"duration":20},{"tweenEasing":0,"transform":{},"duration":20},{"transform":{},"duration":0}],"name":"004_shuxing04"},{"frame":[{"tweenEasing":0,"transform":{"x":400},"duration":119},{"tweenEasing":0,"transform":{"x":400},"duration":1},{"tweenEasing":0,"transform":{"y":40,"x":400},"duration":15},{"tweenEasing":0,"transform":{"y":40},"duration":15},{"tweenEasing":0,"transform":{"y":40},"duration":20},{"transform":{"y":40},"duration":0}],"name":"004_shuxing03"},{"frame":[{"tweenEasing":0,"transform":{"x":400},"duration":124},{"tweenEasing":0,"transform":{"x":400},"duration":1},{"tweenEasing":0,"transform":{"y":80,"x":400},"duration":15},{"tweenEasing":0,"transform":{"y":80},"duration":10},{"tweenEasing":0,"transform":{"y":80},"duration":20},{"transform":{"y":80},"duration":0}],"name":"004_shuxing02"},{"frame":[{"tweenEasing":0,"transform":{"x":400},"duration":129},{"tweenEasing":0,"transform":{"x":400},"duration":1},{"tweenEasing":0,"transform":{"y":120,"x":400},"duration":15},{"tweenEasing":0,"transform":{"y":120},"duration":5},{"tweenEasing":0,"transform":{"y":120},"duration":20},{"transform":{"y":120},"duration":0}],"name":"004_shuxing01"},{"frame":[{"tweenEasing":0,"transform":{"y":-50,"x":230},"duration":100},{"tweenEasing":0,"transform":{"y":-50,"x":230},"duration":45},{"tweenEasing":0,"transform":{"y":-50,"x":230},"duration":5},{"tweenEasing":0,"transform":{"y":-50,"x":230},"duration":20},{"transform":{"y":-50,"x":230},"duration":0}],"name":"004_shuxing_fuji"},{"frame":[{"tweenEasing":0,"transform":{"y":-82},"duration":99},{"tweenEasing":0,"transform":{"y":-82},"duration":1},{"tweenEasing":0,"transform":{"y":-82},"duration":30},{"tweenEasing":0,"transform":{"y":-82},"duration":20},{"tweenEasing":0,"transform":{"y":-82},"duration":20},{"transform":{"y":-82},"duration":0}],"name":"003_mianban_eff"},{"frame":[{"tweenEasing":0,"transform":{"y":150,"x":230},"duration":100},{"tweenEasing":0,"transform":{"y":150,"x":230},"duration":30},{"tweenEasing":0,"transform":{"y":150,"x":230},"duration":20},{"tweenEasing":0,"transform":{"y":150,"x":230},"duration":20},{"transform":{"y":150,"x":230},"duration":0}],"name":"003_mianban_fuji"},{"frame":[{"tweenEasing":0,"transform":{"scX":15,"scY":15},"duration":29},{"tweenEasing":0,"transform":{"scX":15,"scY":15},"duration":1},{"tweenEasing":0,"transform":{"scX":15,"scY":15},"duration":30},{"tweenEasing":0,"transform":{"scX":15,"scY":15},"duration":15},{"tweenEasing":0,"transform":{"scX":15,"scY":15},"duration":25},{"tweenEasing":0,"transform":{"scX":15,"scY":15},"duration":30},{"tweenEasing":0,"transform":{"scX":15,"scY":15},"duration":20},{"tweenEasing":0,"transform":{"scX":15,"scY":15},"duration":20},{"transform":{"scX":15,"scY":15},"duration":0}],"name":"001_faguang_eff"},{"frame":[{"tweenEasing":0,"transform":{"scX":1.5,"scY":1.5},"duration":30},{"tweenEasing":0,"transform":{"scX":1.5,"scY":1.5},"duration":30},{"tweenEasing":0,"transform":{"scX":1.5,"scY":1.5},"duration":40},{"tweenEasing":0,"transform":{"scX":1.5,"scY":1.5},"duration":70},{"transform":{"scX":1.5,"scY":1.5},"duration":0}],"name":"002_xingxing01"},{"frame":[{"tweenEasing":0,"transform":{"y":-250},"duration":30},{"tweenEasing":0,"transform":{"y":-250},"duration":30},{"tweenEasing":0,"transform":{"y":-250,"scX":3,"scY":3},"duration":15},{"tweenEasing":0,"transform":{"y":-250,"scX":3,"scY":3},"duration":20},{"tweenEasing":0,"transform":{"y":-250,"scX":0.9,"scY":0.9},"duration":5},{"tweenEasing":0,"transform":{"y":-250},"duration":30},{"tweenEasing":0,"transform":{"y":-250},"duration":20},{"tweenEasing":0,"transform":{"y":-250},"duration":20},{"transform":{"y":-250},"duration":0}],"name":"002_xingxing_fuji"},{"frame":[{"tweenEasing":0,"transform":{"y":-150,"scX":2,"scY":2},"duration":60},{"tweenEasing":0,"transform":{"y":-150,"scX":2,"scY":2},"duration":40},{"tweenEasing":0,"transform":{"y":-150,"scX":3,"scY":3},"duration":30},{"tweenEasing":0,"transform":{"y":-150,"scX":3,"scY":3},"duration":20},{"tweenEasing":0,"transform":{"y":-150,"scX":3,"scY":3},"duration":20},{"transform":{"y":-150,"scX":3,"scY":3},"duration":0}],"name":"001_xuili_fuji"},{"frame":[{"tweenEasing":0,"transform":{},"duration":30},{"tweenEasing":0,"transform":{"skX":45,"skY":45,"scX":2,"scY":2},"duration":30},{"tweenEasing":0,"transform":{"skX":90,"skY":90},"duration":3},{"tweenEasing":0,"transform":{"skX":90,"skY":90},"duration":3},{"tweenEasing":0,"transform":{"skX":90,"skY":90},"duration":34},{"tweenEasing":0,"transform":{"skX":90,"skY":90},"duration":30},{"tweenEasing":0,"transform":{"skX":90,"skY":90},"duration":20},{"tweenEasing":0,"transform":{"skX":90,"skY":90},"duration":20},{"transform":{"skX":90,"skY":90},"duration":0}],"name":"001_xuli01"},{"frame":[{"tweenEasing":0,"transform":{"skX":90,"y":-11.875,"skY":90,"scX":2,"scY":2,"x":-0.625},"duration":30},{"tweenEasing":0,"transform":{"skX":45,"skY":45},"duration":30},{"tweenEasing":0,"transform":{"scX":2,"scY":2},"duration":3},{"tweenEasing":0,"transform":{"scX":2,"scY":2},"duration":3},{"tweenEasing":0,"transform":{"scX":2,"scY":2},"duration":34},{"tweenEasing":0,"transform":{"scX":2,"scY":2},"duration":30},{"tweenEasing":0,"transform":{"scX":2,"scY":2},"duration":20},{"tweenEasing":0,"transform":{"scX":2,"scY":2},"duration":20},{"transform":{"scX":2,"scY":2},"duration":0}],"name":"001_xuli02"},{"frame":[{"tweenEasing":0,"transform":{"y":-156},"duration":100},{"tweenEasing":0,"transform":{"y":-156},"duration":30},{"tweenEasing":0,"transform":{"y":-156},"duration":20},{"tweenEasing":0,"transform":{"y":-156},"duration":20},{"transform":{"y":-156},"duration":0}],"name":"002_juese"},{"frame":[{"tweenEasing":0,"transform":{"y":-55,"scX":0.7,"scY":0.7},"duration":30},{"tweenEasing":0,"transform":{"y":-55,"scX":1.2,"scY":1.2},"duration":30},{"tweenEasing":0,"transform":{"y":-55},"duration":40},{"tweenEasing":0,"transform":{"y":-55},"duration":30},{"tweenEasing":0,"transform":{"y":-55},"duration":20},{"tweenEasing":0,"transform":{"y":-55},"duration":20},{"transform":{"y":-55},"duration":0}],"name":"002_fazhen01"},{"frame":[{"tweenEasing":0,"transform":{"y":200},"duration":100},{"tweenEasing":0,"transform":{"y":200},"duration":30},{"tweenEasing":0,"transform":{"y":200},"duration":20},{"tweenEasing":0,"transform":{"y":200},"duration":20},{"transform":{"y":200},"duration":0}],"name":"002_fuji2"},{"frame":[{"tweenEasing":0,"transform":{"scX":2,"scY":2,"x":30},"duration":100},{"tweenEasing":0,"transform":{"scX":2,"scY":2,"x":30},"duration":30},{"tweenEasing":0,"transform":{"scX":2,"scY":2,"x":30},"duration":20},{"tweenEasing":0,"transform":{"scX":2,"scY":2,"x":30},"duration":20},{"transform":{"scX":2,"scY":2,"x":30},"duration":0}],"name":"001_nianli_fazhen01"},{"frame":[{"tweenEasing":0,"transform":{},"duration":100},{"tweenEasing":0,"transform":{},"duration":30},{"tweenEasing":0,"transform":{},"duration":20},{"tweenEasing":0,"transform":{},"duration":20},{"transform":{},"duration":0}],"name":"001_fazhen_fuji"},{"frame":[{"tweenEasing":0,"transform":{"y":50},"duration":100},{"tweenEasing":0,"transform":{"y":50},"duration":30},{"tweenEasing":0,"transform":{"y":50,"x":-200},"duration":20},{"tweenEasing":0,"transform":{"y":50,"x":-200},"duration":20},{"transform":{"y":50,"x":-200},"duration":0}],"name":"003_yidong_fuji"},{"frame":[{"tweenEasing":0,"transform":{},"duration":100},{"tweenEasing":0,"transform":{},"duration":30},{"tweenEasing":0,"transform":{},"duration":20},{"tweenEasing":0,"transform":{},"duration":20},{"transform":{},"duration":0}],"name":"001_fuji"},{"frame":[{"tweenEasing":0,"transform":{"scX":2.5,"scY":2.5},"duration":100},{"tweenEasing":0,"transform":{"scX":2.5,"scY":2.5},"duration":30},{"tweenEasing":0,"transform":{"scX":2.5,"scY":2.5},"duration":20},{"tweenEasing":0,"transform":{"scX":2.5,"scY":2.5},"duration":20},{"transform":{"scX":2.5,"scY":2.5},"duration":0}],"name":"000_juexing_bg"},{"frame":[{"transform":{},"duration":170}],"name":"root"},{"frame":[{"transform":{},"duration":170}],"name":"005_tubiao_fuji"},{"frame":[{"transform":{},"duration":170}],"name":"005_wenzi"},{"frame":[{"transform":{},"duration":170}],"name":"005_tubiao"}],"name":"000_shengxing","ik":[]},{"slot":[{"frame":[{"displayIndex":-1,"tweenEasing":0,"color":{"aM":0},"duration":139},{"displayIndex":-1,"tweenEasing":0,"color":{"aM":0},"duration":1},{"tweenEasing":0,"color":{"aM":0},"duration":15},{"tweenEasing":0,"duration":5},{"tweenEasing":0,"duration":10},{"tweenEasing":null,"duration":0}],"name":"005_zhanli"},{"frame":[{"displayIndex":-1,"tweenEasing":0,"duration":99},{"displayIndex":-1,"tweenEasing":0,"duration":1},{"tweenEasing":0,"color":{"aM":0},"duration":20},{"tweenEasing":0,"duration":20},{"tweenEasing":0,"duration":20},{"tweenEasing":0,"duration":10},{"tweenEasing":null,"duration":0}],"name":"005_wenzi"},{"frame":[{"displayIndex":-1,"tweenEasing":0,"duration":99},{"displayIndex":-1,"tweenEasing":0,"duration":1},{"tweenEasing":0,"color":{"aM":0},"duration":20},{"tweenEasing":0,"duration":20},{"tweenEasing":0,"duration":20},{"tweenEasing":0,"duration":10},{"tweenEasing":null,"duration":0}],"name":"005_tubiao"},{"frame":[{"displayIndex":-1,"tweenEasing":0,"duration":100},{"displayIndex":-1,"tweenEasing":0,"duration":20},{"displayIndex":-1,"tweenEasing":0,"duration":20},{"displayIndex":-1,"tweenEasing":0,"duration":20},{"displayIndex":-1,"tweenEasing":0,"duration":10},{"displayIndex":-1,"tweenEasing":null,"duration":0}],"name":"005_tubiao_fuji"},{"frame":[{"displayIndex":-1,"tweenEasing":0,"duration":89},{"displayIndex":-1,"tweenEasing":0,"duration":1},{"tweenEasing":0,"color":{"aM":0},"duration":30},{"tweenEasing":0,"duration":20},{"tweenEasing":0,"duration":20},{"tweenEasing":0,"duration":10},{"tweenEasing":null,"duration":0}],"name":"003_tishi"},{"frame":[{"displayIndex":-1,"tweenEasing":0,"color":{"aM":0},"duration":99},{"displayIndex":-1,"tweenEasing":0,"color":{"aM":0},"duration":1},{"tweenEasing":0,"color":{"aM":0},"duration":20},{"tweenEasing":0,"duration":20},{"tweenEasing":0,"duration":20},{"tweenEasing":0,"duration":10},{"tweenEasing":null,"duration":0}],"name":"004_shuxing04"},{"frame":[{"displayIndex":-1,"tweenEasing":0,"color":{"aM":0},"duration":104},{"displayIndex":-1,"tweenEasing":0,"color":{"aM":0},"duration":1},{"tweenEasing":0,"color":{"aM":0},"duration":20},{"tweenEasing":0,"duration":15},{"tweenEasing":0,"duration":20},{"tweenEasing":0,"duration":10},{"tweenEasing":null,"duration":0}],"name":"004_shuxing03"},{"frame":[{"displayIndex":-1,"tweenEasing":0,"color":{"aM":0},"duration":109},{"displayIndex":-1,"tweenEasing":0,"color":{"aM":0},"duration":1},{"tweenEasing":0,"color":{"aM":0},"duration":20},{"tweenEasing":0,"duration":10},{"tweenEasing":0,"duration":20},{"tweenEasing":0,"duration":10},{"tweenEasing":null,"duration":0}],"name":"004_shuxing02"},{"frame":[{"displayIndex":-1,"tweenEasing":0,"duration":100},{"displayIndex":-1,"tweenEasing":0,"duration":20},{"displayIndex":-1,"tweenEasing":0,"duration":20},{"displayIndex":-1,"tweenEasing":0,"duration":20},{"displayIndex":-1,"tweenEasing":0,"duration":10},{"displayIndex":-1,"tweenEasing":null,"duration":0}],"name":"004_shuxing_fuji"},{"frame":[{"displayIndex":-1,"tweenEasing":0,"duration":99},{"displayIndex":-1,"tweenEasing":0,"duration":1},{"displayIndex":1,"tweenEasing":0,"color":{"aM":0},"duration":30},{"displayIndex":1,"tweenEasing":0,"duration":20},{"displayIndex":1,"tweenEasing":0,"duration":20},{"displayIndex":1,"tweenEasing":null,"duration":0}],"name":"003_mianban_eff"},{"frame":[{"displayIndex":-1,"tweenEasing":0,"duration":100},{"displayIndex":-1,"tweenEasing":0,"duration":30},{"displayIndex":-1,"tweenEasing":0,"duration":20},{"displayIndex":-1,"tweenEasing":0,"duration":20},{"displayIndex":-1,"tweenEasing":null,"duration":0}],"name":"003_mianban_fuji"},{"frame":[{"displayIndex":-1,"tweenEasing":0,"duration":29},{"displayIndex":-1,"tweenEasing":0,"duration":1},{"displayIndex":1,"tweenEasing":0,"color":{"aM":0},"duration":30},{"displayIndex":1,"tweenEasing":0,"duration":15},{"displayIndex":1,"tweenEasing":0,"duration":25},{"displayIndex":1,"tweenEasing":0,"color":{"aM":0},"duration":30},{"displayIndex":1,"tweenEasing":0,"color":{"aM":0},"duration":20},{"displayIndex":1,"tweenEasing":0,"color":{"aM":0},"duration":20},{"displayIndex":1,"tweenEasing":null,"color":{"aM":0},"duration":0}],"name":"001_faguang_eff"},{"frame":[{"tweenEasing":0,"duration":30},{"tweenEasing":0,"duration":30},{"tweenEasing":0,"color":{"aM":0},"duration":40},{"tweenEasing":0,"duration":70},{"tweenEasing":null,"duration":0}],"name":"002_xingxing01"},{"frame":[{"displayIndex":-1,"tweenEasing":0,"duration":30},{"displayIndex":-1,"tweenEasing":0,"duration":30},{"displayIndex":-1,"tweenEasing":0,"duration":15},{"displayIndex":-1,"tweenEasing":0,"duration":20},{"displayIndex":-1,"tweenEasing":0,"duration":5},{"displayIndex":-1,"tweenEasing":0,"duration":30},{"displayIndex":-1,"tweenEasing":0,"duration":20},{"displayIndex":-1,"tweenEasing":0,"duration":20},{"displayIndex":-1,"tweenEasing":null,"duration":0}],"name":"002_xingxing_fuji"},{"frame":[{"displayIndex":-1,"tweenEasing":0,"duration":60},{"displayIndex":-1,"tweenEasing":0,"duration":40},{"displayIndex":-1,"tweenEasing":0,"duration":30},{"displayIndex":-1,"tweenEasing":0,"duration":20},{"displayIndex":-1,"tweenEasing":0,"duration":20},{"displayIndex":-1,"tweenEasing":null,"duration":0}],"name":"001_xuili_fuji"},{"frame":[{"tweenEasing":0,"color":{"bM":0,"aM":0},"duration":30},{"tweenEasing":0,"color":{"gM":0,"aM":0},"duration":30},{"tweenEasing":0,"color":{"gM":0},"duration":3},{"displayIndex":1,"tweenEasing":0,"color":{"gM":0,"aM":57},"duration":3},{"displayIndex":2,"tweenEasing":0,"color":{"gM":0,"aM":19},"duration":34},{"displayIndex":2,"tweenEasing":0,"color":{"gM":0,"aM":0},"duration":30},{"displayIndex":2,"tweenEasing":0,"color":{"gM":0,"aM":0},"duration":20},{"displayIndex":2,"tweenEasing":0,"color":{"gM":0,"aM":0},"duration":20},{"displayIndex":2,"tweenEasing":null,"color":{"gM":0,"aM":0},"duration":0}],"name":"001_xuli01"},{"frame":[{"tweenEasing":0,"color":{"bM":0,"aM":0},"duration":30},{"tweenEasing":0,"color":{"gM":0},"duration":30},{"tweenEasing":0,"color":{"gM":0,"aM":0},"duration":3},{"displayIndex":1,"tweenEasing":0,"color":{"gM":0,"aM":57},"duration":3},{"displayIndex":2,"tweenEasing":0,"color":{"gM":0,"aM":19},"duration":34},{"displayIndex":2,"tweenEasing":0,"color":{"gM":0,"aM":0},"duration":30},{"displayIndex":2,"tweenEasing":0,"color":{"gM":0,"aM":0},"duration":20},{"displayIndex":2,"tweenEasing":0,"color":{"gM":0,"aM":0},"duration":20},{"displayIndex":2,"tweenEasing":null,"color":{"gM":0,"aM":0},"duration":0}],"name":"001_xuli02"},{"frame":[{"tweenEasing":0,"duration":100},{"tweenEasing":0,"duration":30},{"tweenEasing":0,"duration":20},{"tweenEasing":0,"duration":20},{"tweenEasing":null,"duration":0}],"name":"002_juese"},{"frame":[{"tweenEasing":0,"color":{"bM":0,"aM":0},"duration":30},{"tweenEasing":0,"color":{"gM":0},"duration":30},{"tweenEasing":0,"color":{"gM":0},"duration":40},{"tweenEasing":0,"color":{"gM":0},"duration":30},{"tweenEasing":0,"color":{"gM":0},"duration":20},{"tweenEasing":0,"color":{"gM":0},"duration":20},{"tweenEasing":null,"color":{"gM":0},"duration":0}],"name":"002_fazhen01"},{"frame":[{"displayIndex":-1,"tweenEasing":0,"duration":100},{"displayIndex":-1,"tweenEasing":0,"duration":30},{"displayIndex":-1,"tweenEasing":0,"duration":20},{"displayIndex":-1,"tweenEasing":0,"duration":20},{"displayIndex":-1,"tweenEasing":null,"duration":0}],"name":"002_fuji2"},{"frame":[{"tweenEasing":0,"color":{"aM":19},"duration":100},{"tweenEasing":0,"color":{"aM":19},"duration":30},{"tweenEasing":0,"color":{"aM":19},"duration":20},{"tweenEasing":0,"color":{"aM":19},"duration":20},{"tweenEasing":null,"color":{"aM":19},"duration":0}],"name":"001_nianli_fazhen01"},{"frame":[{"displayIndex":-1,"tweenEasing":0,"duration":100},{"displayIndex":-1,"tweenEasing":0,"duration":30},{"displayIndex":-1,"tweenEasing":0,"duration":20},{"displayIndex":-1,"tweenEasing":0,"duration":20},{"displayIndex":-1,"tweenEasing":null,"duration":0}],"name":"001_fazhen_fuji"},{"frame":[{"displayIndex":-1,"tweenEasing":0,"duration":100},{"displayIndex":-1,"tweenEasing":0,"duration":30},{"displayIndex":-1,"tweenEasing":0,"duration":20},{"displayIndex":-1,"tweenEasing":0,"duration":20},{"displayIndex":-1,"tweenEasing":null,"duration":0}],"name":"003_yidong_fuji"},{"frame":[{"displayIndex":-1,"tweenEasing":0,"duration":100},{"displayIndex":-1,"tweenEasing":0,"duration":30},{"displayIndex":-1,"tweenEasing":0,"duration":20},{"displayIndex":-1,"tweenEasing":0,"duration":20},{"displayIndex":-1,"tweenEasing":null,"duration":0}],"name":"001_fuji"},{"frame":[{"tweenEasing":0,"color":{"gM":36,"bM":36,"rM":36},"duration":100},{"tweenEasing":0,"color":{"gM":36,"bM":36,"rM":36},"duration":30},{"tweenEasing":0,"color":{"gM":36,"bM":36,"rM":36},"duration":20},{"tweenEasing":0,"color":{"gM":36,"bM":36,"rM":36},"duration":20},{"tweenEasing":null,"color":{"gM":36,"bM":36,"rM":36},"duration":0}],"name":"000_juexing_bg"},{"frame":[{"displayIndex":-1,"tweenEasing":null,"duration":170}],"name":"004_shuxing01"},{"frame":[{"displayIndex":-1,"tweenEasing":null,"duration":170}],"name":"006_zhanli"}],"ffd":[],"frame":[],"duration":170,"bone":[{"frame":[{"tweenEasing":0,"transform":{"y":215,"scX":3,"scY":3,"x":220},"duration":139},{"tweenEasing":0,"transform":{"y":215,"scX":3,"scY":3,"x":220},"duration":1},{"tweenEasing":0,"transform":{"y":215,"scX":3,"scY":3,"x":220},"duration":15},{"tweenEasing":0,"transform":{"y":215,"scX":0.9,"scY":0.9,"x":220},"duration":5},{"tweenEasing":0,"transform":{"y":215,"x":220},"duration":10},{"transform":{"y":215,"x":220},"duration":0}],"name":"005_zhanli"},{"frame":[{"tweenEasing":0,"transform":{"y":115},"duration":99},{"tweenEasing":0,"transform":{"y":115},"duration":1},{"tweenEasing":0,"transform":{"y":115,"x":400},"duration":20},{"tweenEasing":0,"transform":{"y":115,"x":281.4286},"duration":20},{"tweenEasing":0,"transform":{"y":115,"x":281.4286},"duration":20},{"tweenEasing":0,"transform":{"y":115,"x":281.4286},"duration":10},{"transform":{"y":115,"x":281.4286},"duration":0}],"name":"005_wenzi"},{"frame":[{"tweenEasing":0,"transform":{"y":116},"duration":99},{"tweenEasing":0,"transform":{"y":116},"duration":1},{"tweenEasing":0,"transform":{"y":116,"x":400},"duration":20},{"tweenEasing":0,"transform":{"y":116,"x":146},"duration":20},{"tweenEasing":0,"transform":{"y":116,"x":146},"duration":20},{"tweenEasing":0,"transform":{"y":116,"x":146},"duration":10},{"transform":{"y":116,"x":146},"duration":0}],"name":"005_tubiao"},{"frame":[{"tweenEasing":0,"transform":{"y":-23},"duration":100},{"tweenEasing":0,"transform":{"y":-23},"duration":20},{"tweenEasing":0,"transform":{"y":-23},"duration":20},{"tweenEasing":0,"transform":{"y":-23},"duration":20},{"tweenEasing":0,"transform":{"y":-23},"duration":10},{"transform":{"y":-23},"duration":0}],"name":"005_tubiao_fuji"},{"frame":[{"tweenEasing":0,"transform":{"y":-323},"duration":89},{"tweenEasing":0,"transform":{"y":-323},"duration":1},{"tweenEasing":0,"transform":{"y":-323},"duration":30},{"tweenEasing":0,"transform":{"y":-323},"duration":20},{"tweenEasing":0,"transform":{"y":-323},"duration":20},{"tweenEasing":0,"transform":{"y":-323},"duration":10},{"transform":{"y":-323},"duration":0}],"name":"003_tishi"},{"frame":[{"tweenEasing":0,"transform":{"x":400},"duration":99},{"tweenEasing":0,"transform":{"x":400},"duration":1},{"tweenEasing":0,"transform":{"x":400},"duration":20},{"tweenEasing":0,"transform":{},"duration":20},{"tweenEasing":0,"transform":{},"duration":20},{"tweenEasing":0,"transform":{},"duration":10},{"transform":{},"duration":0}],"name":"004_shuxing04"},{"frame":[{"tweenEasing":0,"transform":{"y":40,"x":400},"duration":104},{"tweenEasing":0,"transform":{"y":40,"x":400},"duration":1},{"tweenEasing":0,"transform":{"y":40,"x":400},"duration":20},{"tweenEasing":0,"transform":{"y":40},"duration":15},{"tweenEasing":0,"transform":{"y":40},"duration":20},{"tweenEasing":0,"transform":{"y":40},"duration":10},{"transform":{"y":40},"duration":0}],"name":"004_shuxing03"},{"frame":[{"tweenEasing":0,"transform":{"y":80,"x":400},"duration":109},{"tweenEasing":0,"transform":{"y":80,"x":400},"duration":1},{"tweenEasing":0,"transform":{"y":80,"x":400},"duration":20},{"tweenEasing":0,"transform":{"y":80},"duration":10},{"tweenEasing":0,"transform":{"y":80},"duration":20},{"tweenEasing":0,"transform":{"y":80},"duration":10},{"transform":{"y":80},"duration":0}],"name":"004_shuxing02"},{"frame":[{"tweenEasing":0,"transform":{"y":-51,"x":230},"duration":100},{"tweenEasing":0,"transform":{"y":-51,"x":230},"duration":20},{"tweenEasing":0,"transform":{"y":-51,"x":230},"duration":20},{"tweenEasing":0,"transform":{"y":-51,"x":230},"duration":20},{"tweenEasing":0,"transform":{"y":-51,"x":230},"duration":10},{"transform":{"y":-51,"x":230},"duration":0}],"name":"004_shuxing_fuji"},{"frame":[{"tweenEasing":0,"transform":{"y":-82},"duration":99},{"tweenEasing":0,"transform":{"y":-82},"duration":1},{"tweenEasing":0,"transform":{"y":-82},"duration":30},{"tweenEasing":0,"transform":{"y":-82},"duration":20},{"tweenEasing":0,"transform":{"y":-82},"duration":20},{"transform":{"y":-82},"duration":0}],"name":"003_mianban_eff"},{"frame":[{"tweenEasing":0,"transform":{"y":150,"x":230},"duration":100},{"tweenEasing":0,"transform":{"y":150,"x":230},"duration":30},{"tweenEasing":0,"transform":{"y":150,"x":230},"duration":20},{"tweenEasing":0,"transform":{"y":150,"x":230},"duration":20},{"transform":{"y":150,"x":230},"duration":0}],"name":"003_mianban_fuji"},{"frame":[{"tweenEasing":0,"transform":{"scX":15,"scY":15},"duration":29},{"tweenEasing":0,"transform":{"scX":15,"scY":15},"duration":1},{"tweenEasing":0,"transform":{"scX":15,"scY":15},"duration":30},{"tweenEasing":0,"transform":{"scX":15,"scY":15},"duration":15},{"tweenEasing":0,"transform":{"scX":15,"scY":15},"duration":25},{"tweenEasing":0,"transform":{"scX":15,"scY":15},"duration":30},{"tweenEasing":0,"transform":{"scX":15,"scY":15},"duration":20},{"tweenEasing":0,"transform":{"scX":15,"scY":15},"duration":20},{"transform":{"scX":15,"scY":15},"duration":0}],"name":"001_faguang_eff"},{"frame":[{"tweenEasing":0,"transform":{"scX":1.5,"scY":1.5},"duration":30},{"tweenEasing":0,"transform":{"scX":1.5,"scY":1.5},"duration":30},{"tweenEasing":0,"transform":{"scX":1.5,"scY":1.5},"duration":40},{"tweenEasing":0,"transform":{"scX":1.5,"scY":1.5},"duration":70},{"transform":{"scX":1.5,"scY":1.5},"duration":0}],"name":"002_xingxing01"},{"frame":[{"tweenEasing":0,"transform":{"y":-250},"duration":30},{"tweenEasing":0,"transform":{"y":-250},"duration":30},{"tweenEasing":0,"transform":{"y":-250,"scX":3,"scY":3},"duration":15},{"tweenEasing":0,"transform":{"y":-250,"scX":3,"scY":3},"duration":20},{"tweenEasing":0,"transform":{"y":-250,"scX":0.9,"scY":0.9},"duration":5},{"tweenEasing":0,"transform":{"y":-250},"duration":30},{"tweenEasing":0,"transform":{"y":-250},"duration":20},{"tweenEasing":0,"transform":{"y":-250},"duration":20},{"transform":{"y":-250},"duration":0}],"name":"002_xingxing_fuji"},{"frame":[{"tweenEasing":0,"transform":{"y":-150,"scX":2,"scY":2},"duration":60},{"tweenEasing":0,"transform":{"y":-150,"scX":2,"scY":2},"duration":40},{"tweenEasing":0,"transform":{"y":-150,"scX":3,"scY":3},"duration":30},{"tweenEasing":0,"transform":{"y":-150,"scX":3,"scY":3},"duration":20},{"tweenEasing":0,"transform":{"y":-150,"scX":3,"scY":3},"duration":20},{"transform":{"y":-150,"scX":3,"scY":3},"duration":0}],"name":"001_xuili_fuji"},{"frame":[{"tweenEasing":0,"transform":{},"duration":30},{"tweenEasing":0,"transform":{"skX":45,"skY":45,"scX":2,"scY":2},"duration":30},{"tweenEasing":0,"transform":{"skX":90,"skY":90},"duration":3},{"tweenEasing":0,"transform":{"skX":90,"skY":90},"duration":3},{"tweenEasing":0,"transform":{"skX":90,"skY":90},"duration":34},{"tweenEasing":0,"transform":{"skX":90,"skY":90},"duration":30},{"tweenEasing":0,"transform":{"skX":90,"skY":90},"duration":20},{"tweenEasing":0,"transform":{"skX":90,"skY":90},"duration":20},{"transform":{"skX":90,"skY":90},"duration":0}],"name":"001_xuli01"},{"frame":[{"tweenEasing":0,"transform":{"skX":90,"y":-11.875,"skY":90,"scX":2,"scY":2,"x":-0.625},"duration":30},{"tweenEasing":0,"transform":{"skX":45,"skY":45},"duration":30},{"tweenEasing":0,"transform":{"scX":2,"scY":2},"duration":3},{"tweenEasing":0,"transform":{"scX":2,"scY":2},"duration":3},{"tweenEasing":0,"transform":{"scX":2,"scY":2},"duration":34},{"tweenEasing":0,"transform":{"scX":2,"scY":2},"duration":30},{"tweenEasing":0,"transform":{"scX":2,"scY":2},"duration":20},{"tweenEasing":0,"transform":{"scX":2,"scY":2},"duration":20},{"transform":{"scX":2,"scY":2},"duration":0}],"name":"001_xuli02"},{"frame":[{"tweenEasing":0,"transform":{"y":-156},"duration":100},{"tweenEasing":0,"transform":{"y":-156},"duration":30},{"tweenEasing":0,"transform":{"y":-156},"duration":20},{"tweenEasing":0,"transform":{"y":-156},"duration":20},{"transform":{"y":-156},"duration":0}],"name":"002_juese"},{"frame":[{"tweenEasing":0,"transform":{"y":-55,"scX":0.7,"scY":0.7},"duration":30},{"tweenEasing":0,"transform":{"y":-55,"scX":1.2,"scY":1.2},"duration":30},{"tweenEasing":0,"transform":{"y":-55},"duration":40},{"tweenEasing":0,"transform":{"y":-55},"duration":30},{"tweenEasing":0,"transform":{"y":-55},"duration":20},{"tweenEasing":0,"transform":{"y":-55},"duration":20},{"transform":{"y":-55},"duration":0}],"name":"002_fazhen01"},{"frame":[{"tweenEasing":0,"transform":{"y":200},"duration":100},{"tweenEasing":0,"transform":{"y":200},"duration":30},{"tweenEasing":0,"transform":{"y":200},"duration":20},{"tweenEasing":0,"transform":{"y":200},"duration":20},{"transform":{"y":200},"duration":0}],"name":"002_fuji2"},{"frame":[{"tweenEasing":0,"transform":{"scX":2,"scY":2,"x":30},"duration":100},{"tweenEasing":0,"transform":{"scX":2,"scY":2,"x":30},"duration":30},{"tweenEasing":0,"transform":{"scX":2,"scY":2,"x":30},"duration":20},{"tweenEasing":0,"transform":{"scX":2,"scY":2,"x":30},"duration":20},{"transform":{"scX":2,"scY":2,"x":30},"duration":0}],"name":"001_nianli_fazhen01"},{"frame":[{"tweenEasing":0,"transform":{},"duration":100},{"tweenEasing":0,"transform":{},"duration":30},{"tweenEasing":0,"transform":{},"duration":20},{"tweenEasing":0,"transform":{},"duration":20},{"transform":{},"duration":0}],"name":"001_fazhen_fuji"},{"frame":[{"tweenEasing":0,"transform":{"y":50},"duration":100},{"tweenEasing":0,"transform":{"y":50},"duration":30},{"tweenEasing":0,"transform":{"y":50,"x":-200},"duration":20},{"tweenEasing":0,"transform":{"y":50,"x":-200},"duration":20},{"transform":{"y":50,"x":-200},"duration":0}],"name":"003_yidong_fuji"},{"frame":[{"tweenEasing":0,"transform":{},"duration":100},{"tweenEasing":0,"transform":{},"duration":30},{"tweenEasing":0,"transform":{},"duration":20},{"tweenEasing":0,"transform":{},"duration":20},{"transform":{},"duration":0}],"name":"001_fuji"},{"frame":[{"tweenEasing":0,"transform":{"scX":2.5,"scY":2.5},"duration":100},{"tweenEasing":0,"transform":{"scX":2.5,"scY":2.5},"duration":30},{"tweenEasing":0,"transform":{"scX":2.5,"scY":2.5},"duration":20},{"tweenEasing":0,"transform":{"scX":2.5,"scY":2.5},"duration":20},{"transform":{"scX":2.5,"scY":2.5},"duration":0}],"name":"000_juexing_bg"},{"frame":[{"transform":{},"duration":170}],"name":"root"},{"frame":[{"transform":{},"duration":170}],"name":"006_zhanli"},{"frame":[{"transform":{},"duration":170}],"name":"004_shuxing01"}],"name":"001_juexing","ik":[]}],"type":"Armature","name":"armatureName","aabb":{"width":570,"y":-160,"height":320,"x":-285},"skin":[{"slot":[{"display":[{"path":"juexing_eff/jx_fazhen01","type":"image","name":"juexing_eff/jx_fazhen01","transform":{}}],"name":"001_nianli_fazhen01"},{"display":[{"path":"juexing_eff/juese","type":"image","name":"juexing_eff/juese","transform":{}}],"name":"002_juese"},{"display":[{"path":"juexing_eff/jineng_eff","type":"image","name":"juexing_eff/jineng_eff","transform":{}}],"name":"005_tubiao"},{"display":[{"path":"juexing_eff/shuxing_eff","type":"image","name":"juexing_eff/shuxing_eff","transform":{}}],"name":"004_shuxing03"},{"display":[{"path":"juexing_eff/zhandouli_eff","type":"image","name":"juexing_eff/zhandouli_eff","transform":{}}],"name":"005_zhanli"},{"display":[{"path":"juexing_eff/xingxing01","type":"image","name":"juexing_eff/xingxing01","transform":{}}],"name":"002_xingxing01"},{"display":[{"path":"juexing_eff/shuxing_eff","type":"image","name":"juexing_eff/shuxing_eff","transform":{}}],"name":"004_shuxing04"},{"display":[{"path":"juexing_eff/shuxing_eff","type":"image","name":"juexing_eff/shuxing_eff","transform":{}}],"name":"004_shuxing02"},{"display":[{"path":"bg","type":"image","name":"bg","transform":{}}],"name":"000_juexing_bg"},{"display":[{"path":"bg2","type":"image","name":"bg2","transform":{}},{"path":"juexing_eff/mianban01","type":"image","name":"juexing_eff/mianban01","transform":{}},{"path":"juexing_eff/mianban02","type":"image","name":"juexing_eff/mianban02","transform":{}},{"path":"juexing_eff/juexing_eff","type":"image","name":"juexing_eff/juexing_eff","transform":{}}],"name":"003_mianban_eff"},{"display":[{"path":"juexing_eff/qinzhen","type":"image","name":"juexing_eff/qinzhen","transform":{}}],"name":"002_fazhen01"},{"display":[{"path":"juexing_eff/shuxing_eff","type":"image","name":"juexing_eff/shuxing_eff","transform":{}}],"name":"004_shuxing01"},{"display":[{"path":"bg","type":"image","name":"bg","transform":{}},{"path":"bg2","type":"image","name":"bg2","transform":{}}],"name":"001_faguang_eff"},{"display":[{"path":"juexing_eff/jihuo_eff","type":"image","name":"juexing_eff/jihuo_eff","transform":{}}],"name":"005_wenzi"},{"display":[{"path":"juexing_eff/jx_fangshe/cheng_fangshe_03_eff_02","type":"image","name":"juexing_eff/jx_fangshe/cheng_fangshe_03_eff_02","transform":{}},{"path":"juexing_eff/jx_fangshe/cheng_fangshe_03_eff_03","type":"image","name":"juexing_eff/jx_fangshe/cheng_fangshe_03_eff_03","transform":{}},{"path":"juexing_eff/jx_fangshe/cheng_fangshe_03_eff_04","type":"image","name":"juexing_eff/jx_fangshe/cheng_fangshe_03_eff_04","transform":{}}],"name":"001_xuli01"},{"display":[{"path":"juexing_eff/juexing_eff","type":"image","name":"juexing_eff/juexing_eff","transform":{}},{"path":"juexing_eff/shengxing_eff","type":"image","name":"juexing_eff/shengxing_eff","transform":{}}],"name":"003_tishi"},{"display":[{"path":"juexing_eff/jx_fangshe/cheng_fangshe_03_eff_02","type":"image","name":"juexing_eff/jx_fangshe/cheng_fangshe_03_eff_02","transform":{}},{"path":"juexing_eff/jx_fangshe/cheng_fangshe_03_eff_03","type":"image","name":"juexing_eff/jx_fangshe/cheng_fangshe_03_eff_03","transform":{}},{"path":"juexing_eff/jx_fangshe/cheng_fangshe_03_eff_04","type":"image","name":"juexing_eff/jx_fangshe/cheng_fangshe_03_eff_04","transform":{}}],"name":"001_xuli02"}],"name":""}],"bone":[{"name":"root","transform":{}},{"inheritScale":false,"transform":{},"name":"001_faguang_eff","parent":"root"},{"inheritScale":false,"transform":{},"name":"001_fuji","parent":"root"},{"inheritScale":false,"transform":{},"name":"003_yidong_fuji","parent":"root"},{"inheritScale":false,"transform":{},"name":"005_zhanli","parent":"root"},{"inheritScale":false,"transform":{},"name":"006_zhanli","parent":"root"},{"inheritScale":false,"transform":{},"name":"005_tubiao_fuji","parent":"root"},{"inheritScale":false,"transform":{},"name":"000_juexing_bg","parent":"root"},{"inheritScale":false,"transform":{},"name":"004_shuxing_fuji","parent":"root"},{"inheritScale":false,"transform":{},"name":"003_mianban_fuji","parent":"root"},{"inheritScale":false,"transform":{},"name":"002_fuji2","parent":"003_yidong_fuji"},{"inheritScale":false,"transform":{},"name":"003_mianban_eff","parent":"003_mianban_fuji"},{"inheritScale":false,"transform":{},"name":"002_xingxing_fuji","parent":"003_yidong_fuji"},{"inheritScale":false,"transform":{},"name":"004_shuxing03","parent":"004_shuxing_fuji"},{"inheritScale":false,"transform":{},"name":"004_shuxing04","parent":"004_shuxing_fuji"},{"inheritScale":false,"transform":{},"name":"004_shuxing01","parent":"004_shuxing_fuji"},{"inheritScale":false,"transform":{},"name":"001_fazhen_fuji","parent":"001_fuji"},{"inheritScale":false,"transform":{},"name":"005_wenzi","parent":"005_tubiao_fuji"},{"inheritScale":false,"transform":{},"name":"003_tishi","parent":"003_mianban_fuji"},{"inheritScale":false,"transform":{},"name":"004_shuxing02","parent":"004_shuxing_fuji"},{"inheritScale":false,"transform":{},"name":"005_tubiao","parent":"005_tubiao_fuji"},{"inheritScale":false,"transform":{},"name":"002_xingxing01","parent":"002_xingxing_fuji"},{"inheritScale":false,"transform":{},"name":"001_xuili_fuji","parent":"002_fuji2"},{"inheritScale":false,"transform":{},"name":"002_juese","parent":"002_fuji2"},{"inheritScale":false,"transform":{},"name":"002_fazhen01","parent":"002_fuji2"},{"inheritScale":false,"transform":{},"name":"001_nianli_fazhen01","parent":"001_fazhen_fuji"},{"inheritScale":false,"transform":{},"name":"001_xuli02","parent":"001_xuili_fuji"},{"inheritScale":false,"transform":{},"name":"001_xuli01","parent":"001_xuili_fuji"}],"defaultActions":[{"gotoAndPlay":"000_shengxing"}],"ik":[],"frameRate":60}],"name":"ui_juexing_eff","version":"4.0"}