{"frameRate":30,"name":"beastbokelilin","version":"5.5","compatibleVersion":"5.5","armature":[{"type":"Armature","frameRate":30,"name":"armatureName","aabb":{"x":-111.81,"y":-314.99,"width":242.23,"height":287.04},"bone":[{"name":"root"},{"name":"666_shenti","parent":"root","transform":{"x":-6.32,"y":-78.48}},{"length":31,"name":"666_shenti2","parent":"666_shenti","transform":{"x":9.98,"y":-14.96,"skX":-61.97,"skY":-61.97}},{"length":30,"name":"666_datui1","parent":"666_shenti","transform":{"x":-23.05,"y":-6.19,"skX":133.42,"skY":133.42}},{"length":17,"name":"666_datui2","parent":"666_shenti","transform":{"x":10.28,"y":5.47,"skX":129.41,"skY":129.41}},{"length":29,"name":"666_dabi2","parent":"666_shenti2","transform":{"x":38.79,"y":33.12,"skX":72.2,"skY":72.2}},{"length":25,"name":"666_chibang","parent":"666_shenti2","transform":{"x":36.41,"y":-40.83,"skX":-108.92,"skY":-108.92}},{"length":21,"name":"666_jiao1","parent":"666_datui1","transform":{"x":25.66,"y":5.46,"skX":-16.66,"skY":-16.66}},{"length":110,"name":"666_you","parent":"666_shenti2","transform":{"x":45.49,"y":-1.6,"skX":-18.99,"skY":-18.99}},{"length":16,"name":"666_chibang4","parent":"666_shenti2","transform":{"x":55.03,"y":32.04,"skX":40.1,"skY":40.1}},{"length":28,"name":"666_dabi1","parent":"666_shenti2","transform":{"x":10.41,"y":-53.5,"skX":-140.87,"skY":-140.87}},{"name":"666_lingjie","parent":"666_shenti2","transform":{"x":49.09,"y":34.85}},{"length":15,"name":"666_jiao4","parent":"666_datui2","transform":{"x":20.78,"y":1.53,"skX":-5.69,"skY":-5.69}},{"length":12,"name":"666_zui","parent":"666_you","transform":{"x":38.97,"y":32.98,"skX":168.97,"skY":168.97}},{"length":18,"name":"666_chujiao","parent":"666_you","transform":{"x":121.88,"y":-1.68,"skX":-40.66,"skY":-40.66}},{"length":19,"name":"666_chibang5","parent":"666_chibang4","transform":{"x":20.32,"y":0.17,"skX":-7.58,"skY":-7.58}},{"length":6,"name":"666_lingjie5","parent":"666_lingjie","transform":{"x":4.09,"y":4.45,"skX":50.81,"skY":50.81}},{"name":"666_dabi1_1","parent":"666_dabi1","transform":{"x":24.95,"y":-5.27}},{"length":19,"name":"666_shou1","parent":"666_dabi1","transform":{"x":23.5,"y":3.38,"skX":-13.61,"skY":-13.61}},{"length":6,"name":"666_jiao5","parent":"666_jiao4","transform":{"x":16.72,"y":-0.05,"skX":-47.69,"skY":-47.69}},{"length":13,"name":"666-shou2","parent":"666_dabi2","transform":{"x":26.12,"y":-3.57,"skX":17.11,"skY":17.11}},{"length":8,"name":"666_jiao2","parent":"666_jiao1","transform":{"x":23.37,"y":0.38,"skX":-28.33,"skY":-28.33}},{"length":17,"name":"666_chibang2","parent":"666_chibang","transform":{"x":29.8,"y":3.11,"skX":41.92,"skY":41.92}},{"length":9,"name":"666_lingjie2","parent":"666_lingjie","transform":{"x":-4.16,"y":-7.36,"skX":-147.32,"skY":-147.32}},{"length":7,"name":"666_jiao3","parent":"666_jiao2","transform":{"x":9.63,"y":0.06,"skX":-15.31,"skY":-15.31}},{"length":6,"name":"666_jiao6","parent":"666_jiao5","transform":{"x":7.14,"y":-0.15,"skX":-18.81,"skY":-18.81}},{"length":20,"name":"666_chujiao2","parent":"666_chujiao","transform":{"x":20.14,"y":-0.62,"skX":4.25,"skY":4.25}},{"length":15,"name":"666_chibang6","parent":"666_chibang5","transform":{"x":22.45,"y":-0.51,"skX":-1.94,"skY":-1.94}},{"length":9,"name":"666_lingjie3","parent":"666_lingjie2","transform":{"x":10.3,"y":-0.18,"skX":-24.74,"skY":-24.74}},{"length":13,"name":"666-shou3","parent":"666-shou2","transform":{"x":15.44,"y":0.79,"skX":-0.73,"skY":-0.73}},{"length":40,"name":"666_chibang3","parent":"666_chibang2","transform":{"x":20.33,"y":0.23,"skX":-31.32,"skY":-31.32}},{"length":6,"name":"666_lingjie6","parent":"666_lingjie5","transform":{"x":8.3,"y":0.53,"skX":27.9,"skY":27.9}},{"length":17,"name":"666_shou2","parent":"666_shou1","transform":{"x":20.62,"y":-0.44,"skX":-20.62,"skY":-20.62}},{"length":13,"name":"666_zui2","parent":"666_zui","transform":{"x":13.86,"y":0.05,"skX":7.72,"skY":7.72}},{"length":8,"name":"666_lingjie7","parent":"666_lingjie6","transform":{"x":7.19,"y":0.56,"skX":-21.22,"skY":-21.22}},{"length":13,"name":"666_lingjie4","parent":"666_lingjie3","transform":{"x":10.67,"y":0.3,"skX":20.22,"skY":20.22}},{"length":15,"name":"666_chujiao3","parent":"666_chujiao2","transform":{"x":24.82,"y":-1.99,"skX":-4.2,"skY":-4.2}}],"slot":[{"name":"666_chibang2","parent":"666_chibang6"},{"name":"666_chibang","parent":"666_chibang3"},{"name":"666-shou2","parent":"666-shou3"},{"name":"666_dabi2","parent":"666_dabi2"},{"name":"666_jiao2","parent":"666_jiao6"},{"name":"666_datui2","parent":"666_datui2"},{"name":"666_shenti","parent":"666_shenti2"},{"name":"666_jiao1","parent":"666_jiao3"},{"name":"666_datui1","parent":"666_datui1"},{"name":"666_dabi1_1","parent":"666_dabi1_1"},{"name":"666_shou1","parent":"666_shou2"},{"name":"666_dabi1","parent":"666_dabi1"},{"name":"666_lingjie","parent":"666_lingjie7"},{"name":"666_chujiao","parent":"666_chujiao3"},{"name":"666_you","parent":"666_you"},{"name":"666_zui","parent":"666_zui2"}],"skin":[{"slot":[{"name":"666_jiao2","display":[{"type":"mesh","name":"666_jiao2","width":33,"height":39,"vertices":[5.26,-59.93,5.25,-51.91,-11.81,-41.66,-9.1,-34.72,-9.68,-29.56,-20.28,-29.58,-25.73,-39.89,-27.73,-50.21,-21.42,-68.55,-8.78,-68.54],"uvs":[0.99998,0.22061,1,0.42646,0.48315,0.6895,0.56551,0.86764,0.54813,1,0.2266,1,0.06082,0.73529,0,0.47061,0.19117,0,0.57419,0],"triangles":[9,2,1,9,1,0,7,2,9,8,7,9,5,4,3,2,5,3,7,6,2,6,5,2],"weights":[1,12,1,1,12,1,3,12,0.51667,19,0.13044,25,0.35287,2,12,0.0223,25,0.97769,1,25,1,3,12,0.00001,19,0.01686,25,0.98312,2,19,0.99198,25,0.00801,2,12,0.59595,19,0.40404,1,12,1,1,12,1],"slotPose":[1,0,0,1,0,0],"bonePose":[12,-0.555135,0.83176,-0.83176,-0.555135,-10.414615,-57.926243,19,0.241414,0.970422,-0.970422,0.241414,-19.654881,-43.991452,25,0.541415,0.840756,-0.840756,0.541415,-17.785623,-37.098849],"edges":[7,6,6,5,5,4,4,3,3,2,2,1,1,0,0,9,9,8,8,7],"userEdges":[]}]},{"name":"666_chibang","display":[{"type":"mesh","name":"666_chibang","width":108,"height":59,"vertices":[-11.66,-154.51,-3.62,-142.18,-22.56,-132.61,-48.08,-132.55,-75.53,-132.49,-93.69,-138.9,-106.69,-155.31,-106.76,-191.41,-82.73,-190.71,-52.62,-189.26,-31.93,-166.49],"uvs":[0.88009,0.62897,0.95433,0.83833,0.77867,1,0.54228,0.99999,0.28817,0.99999,0.1201,0.89071,0,0.61221,0,0,0.22247,0.01272,0.5012,0.03801,0.69248,0.42497],"triangles":[0,2,1,10,2,0,10,3,2,4,3,10,9,4,10,8,5,4,8,4,9,6,5,8,7,6,8],"weights":[2,6,0.99077,22,0.00922,2,6,0.99968,22,0.00031,2,6,0.99998,22,0.00001,2,6,0.71646,22,0.28353,3,6,0.13378,22,0.82856,30,0.03765,3,6,0.02572,22,0.68406,30,0.2902,2,22,0.28995,30,0.71004,1,30,1,2,22,0.00064,30,0.99935,2,22,0.00748,30,0.99251,3,6,0.25363,22,0.71556,30,0.0308],"slotPose":[1,0,0,1,0,0],"bonePose":[6,-0.987386,-0.15833,0.15833,-0.987386,-15.270419,-144.766565,22,-0.628913,-0.777475,0.777475,-0.628913,-44.20212,-152.555582,30,-0.941412,-0.33726,0.33726,-0.941412,-56.809109,-168.506306],"edges":[6,5,5,4,4,3,3,2,2,1,1,0,0,10,10,9,9,8,8,7,7,6],"userEdges":[]}]},{"name":"666_you","display":[{"type":"mesh","name":"666_you","width":156,"height":145,"vertices":[113.27,-120.5,-42.72,-120.53,-42.7,-265.52,113.3,-265.5],"uvs":[1,1,0,1,0,0,1,0],"triangles":[1,0,3,2,1,3],"weights":[1,8,1,1,8,1,1,8,1,1,8,1],"slotPose":[1,0,0,1,0,0],"bonePose":[8,0.157124,-0.987579,0.987579,0.157124,23.624966,-134.345992],"edges":[1,0,0,3,3,2,2,1],"userEdges":[]}]},{"name":"666_zui","display":[{"type":"mesh","name":"666_zui","width":40,"height":36,"vertices":[82.26,-137.5,42.27,-137.53,42.28,-173.51,82.28,-173.49],"uvs":[1,1,0,1,0,0,1,0],"triangles":[1,0,3,2,1,3],"weights":[2,13,0.00399,33,0.996,1,33,1,2,13,0.986,33,0.01399,2,13,0.91336,33,0.08663],"slotPose":[1,0,0,1,0,0],"bonePose":[13,0.034725,0.999397,-0.999397,0.034725,62.318439,-167.649993,33,-0.099841,0.995003,-0.995003,-0.099841,62.749759,-153.796616],"edges":[1,0,0,3,3,2,2,1],"userEdges":[]}]},{"name":"666_datui1","display":[{"type":"mesh","name":"666_datui1","width":54,"height":43,"vertices":[-4.74,-54.53,-58.72,-54.54,-58.71,-97.53,-4.73,-97.52],"uvs":[1,1,0,1,0,0,1,0],"triangles":[1,0,3,2,1,3],"weights":[1,3,1,1,3,1,1,3,1,1,3,1],"slotPose":[1,0,0,1,0,0],"bonePose":[3,-0.687341,0.726335,-0.726335,-0.687341,-29.37,-84.67],"edges":[1,0,0,3,3,2,2,1],"userEdges":[]}]},{"name":"666_datui2","display":[{"type":"mesh","name":"666_datui2","width":41,"height":47,"vertices":[19.25,-50.54,-21.74,-50.55,-21.72,-97.54,19.28,-97.53],"uvs":[1,1,0,1,0,0,1,0],"triangles":[1,0,3,2,1,3],"weights":[1,4,1,1,4,1,1,4,1,1,4,1],"slotPose":[1,0,0,1,0,0],"bonePose":[4,-0.634865,0.772623,-0.772623,-0.634865,3.96,-73.01],"edges":[1,0,0,3,3,2,2,1],"userEdges":[]}]},{"name":"666_shou1","display":[{"type":"mesh","name":"666_shou1","width":46,"height":38,"vertices":[-49.72,-97.17,-64.85,-90.54,-95.71,-90.53,-95.71,-114.28,-67.22,-128.52,-49.72,-128.52],"uvs":[0.99999,0.825,0.67105,1,0,1,0.00001,0.37499,0.61942,0,1,0],"triangles":[4,1,0,4,0,5,4,3,1,3,2,1],"weights":[2,18,0.35571,32,0.64428,2,18,0.04339,32,0.9566,1,32,1,2,18,0.21627,32,0.78372,1,18,0.99999,1,18,1],"slotPose":[1,0,0,1,0,0],"bonePose":[18,-0.804376,0.594121,-0.594121,-0.804376,-61.641927,-121.763627,32,-0.543614,0.839335,-0.839335,-0.543614,-77.966739,-109.158925],"edges":[2,1,1,0,0,5,5,4,4,3,3,2],"userEdges":[]}]},{"name":"666_jiao1","display":[{"type":"mesh","name":"666_jiao1","width":36,"height":52,"vertices":[-31.72,-60.21,-35.74,-52.62,-51.5,-40.58,-52.36,-36,-53.8,-30.55,-67.72,-30.56,-67.71,-65.96,-57.96,-82.54,-48.05,-82.53,-38.32,-67.05],"uvs":[0.99999,0.42917,0.88847,0.57536,0.45056,0.80698,0.42666,0.89521,0.38684,0.99998,0,1,0,0.31888,0.27083,0,0.54615,0.00001,0.81678,0.29779],"triangles":[9,1,0,6,2,9,9,2,1,8,7,9,7,6,9,5,3,2,6,5,2,5,4,3],"weights":[2,7,0.99493,21,0.00506,3,7,0.96765,21,0.03223,24,0.00011,3,7,0.2692,21,0.4463,24,0.28448,3,7,0.07371,21,0.28177,24,0.6445,3,7,0.0093,21,0.08676,24,0.90392,1,24,1,2,7,0.98513,21,0.01486,1,7,1,1,7,1,1,7,1],"slotPose":[1,0,0,1,0,0],"bonePose":[7,-0.450254,0.8929,-0.8929,-0.450254,-50.97296,-69.785132,21,0.027398,0.999625,-0.999625,0.027398,-61.834705,-49.089147,24,0.290368,0.956915,-0.956915,0.290368,-61.630838,-39.461118],"edges":[5,4,4,3,3,2,2,1,1,0,0,9,9,8,8,7,7,6,6,5],"userEdges":[]}]},{"name":"666_chibang2","display":[{"type":"mesh","name":"666_chibang2","width":67,"height":53,"vertices":[118.3,-147.6,107.09,-127.12,89.44,-110.5,67.72,-110.6,51.16,-110.68,51.25,-130.49,55.59,-155.27,78.41,-161.63,100.13,-163.41,118.39,-163.31],"uvs":[1,0.2968,0.83395,0.68448,0.57174,0.99998,0.24739,1,0,1,0,0.62599,0.06311,0.15786,0.40328,0.03574,0.72755,0.00001,1,0],"triangles":[8,1,0,8,0,9,8,7,1,7,2,1,5,3,7,7,3,2,6,5,7,5,4,3],"weights":[3,9,0.00001,15,0.02596,27,0.97401,3,9,0.0002,15,0.77063,27,0.22915,2,9,0.19293,15,0.80706,2,9,0.8175,15,0.18249,1,9,1,1,9,1,3,9,0.8831,15,0.10443,27,0.01245,3,9,0.24694,15,0.41253,27,0.34051,3,9,0.00224,15,0.00704,27,0.9907,3,9,0.00007,15,0.00004,27,0.99987],"slotPose":[1,0,0,1,0,0],"bonePose":[9,0.928031,-0.372502,0.372502,0.928031,57.802219,-126.958393,15,0.870785,-0.491664,0.491664,0.870785,76.723142,-134.369867,27,0.853642,-0.520861,0.520861,0.853642,96.021519,-145.85182],"edges":[4,3,3,2,2,1,1,0,0,9,9,8,8,7,7,6,6,5,5,4],"userEdges":[]}]},{"name":"666_chujiao","display":[{"type":"mesh","name":"666_chujiao","width":52,"height":65,"vertices":[38.47,-283.79,55.29,-259.51,46.56,-245.51,21.67,-247.77,9.16,-282.45,3.35,-298.08,3.36,-310.52,18.47,-310.49,26.5,-304.34],"uvs":[0.676,0.41062,0.99999,0.78447,0.83176,0.99999,0.35315,0.9651,0.11215,0.43175,0,0.1913,0,0,0.29085,0,0.44546,0.0947],"triangles":[3,2,1,0,3,1,8,4,0,4,3,0,7,5,8,5,4,8,6,5,7],"weights":[2,14,0.3585,26,0.64149,1,14,0.99999,1,14,1,2,14,0.848,26,0.15199,2,36,0.59608,26,0.40391,1,36,1,1,36,1,2,36,0.90682,26,0.09317,2,36,0.53987,26,0.46012],"slotPose":[1,0,0,1,0,0],"bonePose":[14,-0.524283,-0.851544,0.851544,-0.524283,41.116102,-254.976076,26,-0.459735,-0.888056,0.888056,-0.459735,30.029082,-271.801116,36,-0.52354,-0.852001,0.852001,-0.52354,16.851231,-292.927799],"edges":[5,4,4,3,3,2,2,1,1,0,0,8,8,7,7,6,6,5],"userEdges":[]}]},{"name":"666-shou2","display":[{"type":"mesh","name":"666-shou2","width":37,"height":26,"vertices":[107.25,-91.49,70.25,-91.52,70.27,-117.5,107.27,-117.49],"uvs":[1,1,0,1,0,0,1,0],"triangles":[1,0,3,2,1,3],"weights":[1,29,1,2,20,0.26976,29,0.73023,1,20,1,2,20,0.82065,29,0.17934],"slotPose":[1,0,0,1,0,0],"bonePose":[29,0.894076,0.447915,-0.447915,0.894076,90.815087,-103.197243,20,0.888297,0.45927,-0.45927,0.888297,77.462607,-110.990123],"edges":[1,0,0,3,3,2,2,1],"userEdges":[]}]},{"name":"666_dabi2","display":[{"type":"mesh","name":"666_dabi2","width":52,"height":34,"vertices":[89.26,-96.51,37.27,-96.53,37.27,-130.52,89.27,-130.5],"uvs":[1,1,0,1,0,0,1,0],"triangles":[1,0,3,2,1,3],"weights":[1,5,1,1,5,1,1,5,1,1,5,1],"slotPose":[1,0,0,1,0,0],"bonePose":[5,0.984103,0.1776,-0.1776,0.984103,51.123811,-112.11579],"edges":[1,0,0,3,3,2,2,1],"userEdges":[]}]},{"name":"666_lingjie","display":[{"type":"mesh","name":"666_lingjie","width":72,"height":37,"vertices":[91.25,-120.6,80.7,-113.86,66.61,-114.2,59.14,-111.14,50.65,-106.39,38.87,-98.1,19.27,-96.56,26.71,-115.65,39,-126.38,53.71,-127.39,63.89,-132.15,80.72,-130.45],"uvs":[1,0.34877,0.85361,0.53135,0.65773,0.52216,0.55384,0.60486,0.43579,0.73351,0.27218,0.95774,0,1,0.10303,0.48348,0.27388,0.19297,0.47829,0.1654,0.61995,0.03675,0.85361,0.08271],"triangles":[11,1,0,10,2,11,11,2,1,10,9,2,9,3,2,9,4,3,8,4,9,8,7,4,7,5,4,7,6,5],"weights":[1,34,1,3,16,0.00038,31,0.01828,34,0.98133,5,11,0.25096,28,0.00259,16,0.5563,31,0.08612,34,0.104,5,11,0.68849,23,0.11999,28,0.08863,16,0.10231,34,0.00056,4,11,0.19007,23,0.26005,35,0.01002,28,0.53982,4,11,0.00299,23,0.00529,35,0.51358,28,0.47813,1,35,1,3,23,0.0002,35,0.22616,28,0.77362,2,23,0.90778,28,0.0922,3,11,0.43887,23,0.39222,16,0.1689,3,11,0.0574,16,0.90665,31,0.03594,4,11,0.0004,16,0.024,31,0.96877,34,0.0068],"slotPose":[1,0,0,1,0,0],"bonePose":[34,0.996945,-0.078111,0.078111,0.996945,78.310891,-120.39296,16,0.981091,-0.193549,0.193549,0.981091,63.341255,-121.913675,31,0.957622,0.288029,-0.288029,0.957622,71.586888,-123.000158,11,0.469934,-0.882702,0.882702,0.469934,57.491203,-120.394631,28,-0.587362,0.809325,-0.809325,-0.587362,40.144463,-114.985246,23,-0.872155,0.48923,-0.48923,-0.872155,49.039595,-120.181305,35,-0.830887,0.556441,-0.556441,-0.830887,33.634518,-106.52596],"edges":[6,5,5,4,4,3,3,2,2,1,1,0,0,11,11,10,10,9,9,8,8,7,7,6],"userEdges":[]}]},{"name":"666_dabi1_1","display":[{"type":"mesh","name":"666_dabi1_1","width":39,"height":35,"vertices":[-6.07,-23.93,29.86,-8.78,16.27,23.46,-19.66,8.32],"uvs":[1,1,0,1,0,0,1,0],"triangles":[1,0,3,2,1,3],"edges":[1,0,0,3,3,2,2,1],"userEdges":[]}]},{"name":"666_shenti","display":[{"type":"mesh","name":"666_shenti","width":233,"height":127,"vertices":[51.76,-79.8,18.74,-56.54,-57.72,-56.54,-57.72,-143.62,-30.18,-171.64,30.54,-141.4,75.26,-147.89,80.74,-115.59],"uvs":[0.46995,0.81673,0.32819,0.99998,0,1,0.00001,0.31417,0.11821,0.0935,0.37888,0.33164,0.57078,0.28051,0.59431,0.53484],"triangles":[6,5,7,5,0,7,5,1,0,3,2,1,3,1,5,4,3,5],"weights":[2,1,0.04144,2,0.95855,2,1,0.64119,2,0.3588,2,1,0.9991,2,0.00089,2,1,0.26607,2,0.73392,2,1,0.08255,2,0.91744,1,2,1,1,2,1,1,2,1],"slotPose":[1,0,0,1,0,0],"bonePose":[1,1,0,0,1,-6.32,-78.48,2,0.469934,-0.882702,0.882702,0.469934,3.66,-93.44],"edges":[2,1,1,0,0,7,7,6,6,5,5,4,4,3,3,2],"userEdges":[]}]},{"name":"666_dabi1","display":[{"type":"mesh","name":"666_dabi1","width":59,"height":54,"vertices":[-22.74,-107.77,-59.16,-93.53,-73.66,-108.74,-81.72,-124.11,-61.29,-140.88,-38.26,-147.52,-22.73,-140.39],"uvs":[0.99999,0.73611,0.38251,0.99998,0.13686,0.71851,0,0.43352,0.34618,0.12314,0.73675,0.00001,0.99999,0.13194],"triangles":[6,5,0,5,4,0,4,1,0,4,2,1,3,2,4],"weights":[1,10,1,1,10,1,1,10,1,1,10,1,1,10,1,1,10,1,1,10,1],"slotPose":[1,0,0,1,0,0],"bonePose":[10,-0.921592,0.388159,-0.388159,-0.921592,-38.672528,-127.770383],"edges":[3,2,2,1,1,0,0,6,6,5,5,4,4,3],"userEdges":[]}]}]}],"animation":[{"duration":50,"name":"animation","bone":[{"name":"666_shenti","translateFrame":[{"duration":30,"tweenEasing":0},{"duration":20,"tweenEasing":0,"x":9.49,"y":16.61},{"duration":0}]},{"name":"666_shenti2","rotateFrame":[{"duration":10,"tweenEasing":0},{"duration":20,"tweenEasing":0,"rotate":-1.59},{"duration":20,"tweenEasing":0,"rotate":7.73},{"duration":0}]},{"name":"666_you","rotateFrame":[{"duration":10,"tweenEasing":0},{"duration":20,"tweenEasing":0,"rotate":0.04},{"duration":20,"tweenEasing":0,"rotate":-1.47},{"duration":0}]},{"name":"666_chujiao","rotateFrame":[{"duration":10,"tweenEasing":0},{"duration":10,"tweenEasing":0,"rotate":-6.47},{"duration":10,"tweenEasing":0,"rotate":-12.97},{"duration":10,"tweenEasing":0,"rotate":7.18},{"duration":10,"tweenEasing":0,"rotate":6.81},{"duration":0}]},{"name":"666_chujiao2","rotateFrame":[{"duration":10,"tweenEasing":0},{"duration":10,"tweenEasing":0,"rotate":-13.21},{"duration":10,"tweenEasing":0,"rotate":-17.33},{"duration":10,"tweenEasing":0},{"duration":10,"tweenEasing":0,"rotate":8.18},{"duration":0}]},{"name":"666_chujiao3","rotateFrame":[{"duration":20,"tweenEasing":0},{"duration":10,"tweenEasing":0,"rotate":-7.27},{"duration":10,"tweenEasing":0},{"duration":10,"tweenEasing":0,"rotate":24.68},{"duration":0}]},{"name":"666_zui2","translateFrame":[{"duration":25,"tweenEasing":0},{"duration":25,"tweenEasing":0,"x":-6.06,"y":0.57},{"duration":0}]},{"name":"666_dabi1","rotateFrame":[{"duration":10,"tweenEasing":0},{"duration":20,"tweenEasing":0,"rotate":-7.63},{"duration":20,"tweenEasing":0,"rotate":23.5},{"duration":0}]},{"name":"666_shou1","rotateFrame":[{"duration":10,"tweenEasing":0},{"duration":20,"tweenEasing":0,"rotate":-5.69},{"duration":20,"tweenEasing":0,"rotate":10.54},{"duration":0}]},{"name":"666_shou2","rotateFrame":[{"duration":10,"tweenEasing":0},{"duration":20,"tweenEasing":0,"rotate":-5.39},{"duration":20,"tweenEasing":0,"rotate":11.03},{"duration":0}]},{"name":"666_chibang","rotateFrame":[{"duration":10,"tweenEasing":0},{"duration":10,"tweenEasing":0,"rotate":-8.55},{"duration":10,"tweenEasing":0,"rotate":-12.21},{"duration":10,"tweenEasing":0,"rotate":14.04},{"duration":10,"tweenEasing":0,"rotate":27.89},{"duration":0}]},{"name":"666_chibang2","rotateFrame":[{"duration":10,"tweenEasing":0},{"duration":10,"tweenEasing":0,"rotate":-4.79},{"duration":10,"tweenEasing":0,"rotate":-14.93},{"duration":10,"tweenEasing":0,"rotate":7.73},{"duration":10,"tweenEasing":0,"rotate":13},{"duration":0}]},{"name":"666_chibang3","rotateFrame":[{"duration":20,"tweenEasing":0},{"duration":10,"tweenEasing":0,"rotate":4.04},{"duration":10,"tweenEasing":0,"rotate":14.68},{"duration":10,"tweenEasing":0,"rotate":15.54},{"duration":0}]},{"name":"666_dabi2","rotateFrame":[{"duration":10,"tweenEasing":0},{"duration":20,"tweenEasing":0,"rotate":17.64},{"duration":20,"tweenEasing":0,"rotate":-27.18},{"duration":0}]},{"name":"666-shou2","rotateFrame":[{"duration":10,"tweenEasing":0},{"duration":20,"tweenEasing":0,"rotate":5.63},{"duration":20,"tweenEasing":0,"rotate":-15.14},{"duration":0}]},{"name":"666-shou3","rotateFrame":[{"duration":10,"tweenEasing":0},{"duration":20,"tweenEasing":0,"rotate":6.7},{"duration":20,"tweenEasing":0,"rotate":-5.2},{"duration":0}]},{"name":"666_chibang4","rotateFrame":[{"duration":10,"tweenEasing":0},{"duration":10,"tweenEasing":0,"rotate":17.61},{"duration":10,"tweenEasing":0,"rotate":30.02},{"duration":10,"tweenEasing":0,"rotate":-19},{"duration":10,"tweenEasing":0,"rotate":-39.79},{"duration":0}]},{"name":"666_chibang5","rotateFrame":[{"duration":10,"tweenEasing":0},{"duration":10,"tweenEasing":0,"rotate":5.41},{"duration":10,"tweenEasing":0,"rotate":16.62},{"duration":10,"tweenEasing":0,"rotate":-7.32},{"duration":10,"tweenEasing":0,"rotate":-11.61},{"duration":0}]},{"name":"666_chibang6","rotateFrame":[{"duration":20,"tweenEasing":0},{"duration":10,"tweenEasing":0,"rotate":1.91},{"duration":10,"tweenEasing":0,"rotate":-11.68},{"duration":10,"tweenEasing":0,"rotate":-15.5},{"duration":0}]},{"name":"666_datui1","rotateFrame":[{"duration":10,"tweenEasing":0},{"duration":20,"tweenEasing":0,"rotate":2.69},{"duration":20,"tweenEasing":0,"rotate":-7.75},{"duration":0}]},{"name":"666_jiao1","rotateFrame":[{"duration":30,"tweenEasing":0},{"duration":20,"tweenEasing":0,"rotate":3.99},{"duration":0}]},{"name":"666_jiao2","rotateFrame":[{"duration":10,"tweenEasing":0},{"duration":20,"tweenEasing":0,"rotate":7.9},{"duration":20,"tweenEasing":0,"rotate":4.05},{"duration":0}]},{"name":"666_datui2","rotateFrame":[{"duration":10,"tweenEasing":0},{"duration":20,"tweenEasing":0,"rotate":5.53},{"duration":20,"tweenEasing":0,"rotate":-8.83},{"duration":0}]},{"name":"666_jiao4","rotateFrame":[{"duration":30,"tweenEasing":0},{"duration":20,"tweenEasing":0,"rotate":7.81},{"duration":0}]},{"name":"666_jiao5","rotateFrame":[{"duration":10,"tweenEasing":0},{"duration":20,"tweenEasing":0,"rotate":5.82},{"duration":20,"tweenEasing":0,"rotate":10.02},{"duration":0}]},{"name":"666_lingjie2","rotateFrame":[{"duration":10,"tweenEasing":0},{"duration":10,"tweenEasing":0,"rotate":14.79},{"duration":10,"tweenEasing":0,"rotate":25.3},{"duration":10,"tweenEasing":0,"rotate":5.66},{"duration":10,"tweenEasing":0,"rotate":-13.1},{"duration":0}]},{"name":"666_lingjie3","rotateFrame":[{"duration":20,"tweenEasing":0},{"duration":10,"tweenEasing":0,"rotate":9.23},{"duration":10,"tweenEasing":0},{"duration":10,"tweenEasing":0,"rotate":-8.2},{"duration":0}]},{"name":"666_lingjie4","rotateFrame":[{"duration":30},{"duration":10,"tweenEasing":0},{"duration":10,"tweenEasing":0,"rotate":-18.59},{"duration":0}]},{"name":"666_lingjie5","rotateFrame":[{"duration":10,"tweenEasing":0},{"duration":10,"tweenEasing":0,"rotate":-8.77},{"duration":10,"tweenEasing":0,"rotate":-13.05},{"duration":10,"tweenEasing":0,"rotate":10.41},{"duration":10,"tweenEasing":0,"rotate":25.36},{"duration":0}]},{"name":"666_lingjie6","rotateFrame":[{"duration":20,"tweenEasing":0},{"duration":10,"tweenEasing":0,"rotate":-10.9},{"duration":10,"tweenEasing":0},{"duration":10,"tweenEasing":0,"rotate":14.08},{"duration":0}]},{"name":"666_lingjie7","rotateFrame":[{"duration":30},{"duration":10,"tweenEasing":0},{"duration":10,"tweenEasing":0,"rotate":-1.53},{"duration":0}]}]}],"defaultActions":[{"gotoAndPlay":"animation"}]}]}