{"frameRate":30,"name":"heizi","version":"5.5","compatibleVersion":"5.5","armature":[{"type":"Armature","frameRate":30,"name":"armatureName","aabb":{"x":-204.86,"y":-384.45,"width":404.83,"height":434.26},"bone":[{"name":"root"},{"name":"11","parent":"root","transform":{"x":-36.72,"y":-40.63}},{"name":"22","parent":"root","transform":{"x":13.86,"y":-40.63}},{"name":"heizi_kua","parent":"root","transform":{"x":-5,"y":-220.48}},{"length":29,"name":"heizi_shenti","parent":"heizi_kua","transform":{"x":7.42,"y":-10.81,"skX":-74.69,"skY":-74.69}},{"length":19,"name":"heizi_xiabanshen5","parent":"heizi_kua","transform":{"x":20.17,"y":2.14,"skX":-2.16,"skY":-2.16}},{"length":28,"name":"heizi_xiabanshen","parent":"heizi_kua","transform":{"x":-17.24,"y":-4.52,"skX":-166.46,"skY":-166.46}},{"length":124,"name":"heizii_datui2","parent":"heizi_kua","transform":{"x":21.65,"y":-13.13,"skX":90.68,"skY":90.68}},{"length":129,"name":"heizi_datui1","parent":"heizi_kua","transform":{"x":-26.5,"y":-17.48,"skX":88.03,"skY":88.03}},{"length":63,"name":"heizi_xiaotui2","parent":"heizii_datui2","transform":{"x":126.35,"y":2.22,"skX":-2.69,"skY":-2.69}},{"length":37,"name":"heizi_shenti2","parent":"heizi_shenti","transform":{"x":37.33,"y":1.69,"skX":5.65,"skY":5.65}},{"length":64,"name":"heizi_xiaotui1","parent":"heizi_datui1","transform":{"x":135.69,"y":-0.9,"skX":8.57,"skY":8.57}},{"length":18,"name":"heizi_xiabanshen6","parent":"heizi_xiabanshen5","transform":{"x":22.6,"y":0.11,"skX":-1.2,"skY":-1.2}},{"length":26,"name":"heizi_xiabanshen2","parent":"heizi_xiabanshen","transform":{"x":36.55,"y":1.49,"skX":7.22,"skY":7.22}},{"length":32,"name":"heizi_jiao2","parent":"heizi_xiaotui2","transform":{"x":68.58,"y":-0.17,"skX":-17.93,"skY":-17.93}},{"length":18,"name":"heizi_xiabanshen7","parent":"heizi_xiabanshen6","transform":{"x":29.36,"y":-0.87,"skX":26.61,"skY":26.61}},{"length":41,"name":"heizi_dabi2","parent":"heizi_shenti2","transform":{"x":39.48,"y":38.9,"skX":85.21,"skY":85.21}},{"length":22,"name":"heizi_tou","parent":"heizi_shenti2","transform":{"x":46.48,"y":12.82,"skX":-5.3,"skY":-5.3}},{"length":33,"name":"heizi_jiao1","parent":"heizi_xiaotui1","transform":{"x":67.98,"y":-1.51,"skX":-5.96,"skY":-5.96}},{"length":46,"name":"heizi_dabi1","parent":"heizi_shenti2","transform":{"x":22.89,"y":-60.41,"skX":-121.8,"skY":-121.8}},{"length":28,"name":"heizi_xiabanshen3","parent":"heizi_xiabanshen2","transform":{"x":39.6,"y":-9.43,"skX":-37.02,"skY":-37.02}},{"length":70,"name":"heizi_xiaobi1","parent":"heizi_dabi1","transform":{"x":42.29,"y":1.7,"skX":-5.95,"skY":-5.95}},{"length":22,"name":"heizi_tou2","parent":"heizi_tou","transform":{"x":23.8,"y":36.73,"skX":45.27,"skY":45.27}},{"length":63,"name":"heizi_xiaobi2","parent":"heizi_dabi2","transform":{"x":44.63,"y":0.95,"skX":16.19,"skY":16.19}},{"length":24,"name":"heizi_xiabanshen4","parent":"heizi_xiabanshen3","transform":{"x":36.98,"y":1.56,"skX":17.26,"skY":17.26}},{"length":27,"name":"heizi_tou3","parent":"heizi_tou","transform":{"x":31.36,"y":-24.23,"skX":-54.9,"skY":-54.9}},{"length":25,"name":"heizi_xiabanshen8","parent":"heizi_xiabanshen7","transform":{"x":27.43,"y":1.92,"skX":2.18,"skY":2.18}},{"length":57,"name":"heizi_shou2","parent":"heizi_xiaobi2","transform":{"x":61.65,"y":-7.88,"skX":36.94,"skY":36.94}},{"length":58,"name":"heizi_shou1","parent":"heizi_xiaobi1","transform":{"x":81.97,"y":1.55,"skX":-45.96,"skY":-45.96}}],"slot":[{"name":"heizi_xiaotui1","parent":"heizi_xiaotui1"},{"name":"heizi_jiao1","parent":"heizi_jiao1"},{"name":"heizi_xiaotui2","parent":"heizi_xiaotui2"},{"name":"heizi_kua","parent":"heizi_kua"},{"name":"heizii_datui2","parent":"heizii_datui2"},{"name":"heizi_datui1","parent":"heizi_datui1"},{"name":"heizi_jiao2","parent":"heizi_jiao2"},{"name":"heizi_xiabanshen","parent":"heizi_xiabanshen8"},{"name":"heizi_dabi2","parent":"heizi_dabi2"},{"name":"heizi_shenti","parent":"heizi_shenti2"},{"name":"heizi_dabi1","parent":"heizi_dabi1"},{"name":"heizi_shou1","parent":"heizi_shou1"},{"name":"heizi_shou2","parent":"heizi_shou2"},{"name":"heizi_xiaobi1","parent":"heizi_xiaobi1"},{"name":"heizi_xiaobi2","parent":"heizi_xiaobi2"},{"name":"heizi_tou","parent":"heizi_tou3"}],"ik":[{"chain":1,"name":"22","bone":"heizi_xiaotui2","target":"22"},{"chain":1,"name":"11","bone":"heizi_xiaotui1","target":"11"}],"skin":[{"slot":[{"name":"heizi_jiao1","display":[{"type":"mesh","name":"heizi_jiao1","width":102,"height":140,"vertices":[-27.02,4.39,-39.76,4.39,-41.01,-40.86,-27,-40.43],"uvs":[0.99999,0.94561,0.87502,0.94561,0.86258,0.62241,0.99999,0.62543],"triangles":[1,0,3,2,1,3],"weights":[1,18,1,1,18,1,1,18,1,1,18,1],"slotPose":[1,0,0,1,0,0],"bonePose":[18,-0.01117,0.999938,-0.999938,-0.01117,-32.249458,-34.678101],"edges":[2,1,1,0,0,3,3,2],"userEdges":[]}]},{"name":"heizi_xiaobi1","display":[{"type":"mesh","name":"heizi_xiaobi1","width":101,"height":94,"vertices":[-69.85,-292.86,-133.98,-247.72,-150.11,-243.7,-153.75,-279.06,-169.27,-294.06,-170.83,-306.81,-116.05,-313.72,-69.84,-313.71],"uvs":[0.99999,0.22193,0.36503,0.70233,0.20545,0.74519,0.16919,0.36902,0.01551,0.20939,0.00001,0.07382,0.54233,0,1,0],"triangles":[6,1,0,6,0,7,3,1,6,5,3,6,5,4,3,3,2,1],"weights":[1,21,1,1,21,1,1,21,1,1,21,1,1,21,1,1,21,1,1,21,1,1,21,1],"slotPose":[1,0,0,1,0,0],"bonePose":[21,-0.95737,0.288865,-0.288865,-0.95737,-76.172982,-303.550297],"edges":[5,4,4,3,3,2,2,1,1,0,0,7,7,6,6,5],"userEdges":[]}]},{"name":"heizi_xiabanshen","display":[{"type":"mesh","name":"heizi_xiabanshen","width":306,"height":75,"vertices":[102.84,-212.49,125.45,-197.69,125.98,-187.14,104.31,-193.71,76.26,-200.36,45.89,-203.12,23.24,-197.97,-1.99,-182,-34.43,-206.75,-73.05,-218.57,-110.64,-213.46,-145.68,-217.83,-180.01,-216.62,-179.99,-229.32,-143.21,-241.47,-109.06,-257.04,-69.93,-257,-34.41,-245.66,-8.16,-256.98,24.79,-239.99,47.44,-237.43,85.3,-233.82],"uvs":[0.92439,0.59337,0.99831,0.79058,0.99999,0.93133,0.92919,0.84375,0.83752,0.75515,0.73825,0.71848,0.6642,0.78714,0.58174,1,0.4757,0.66999,0.3495,0.5125,0.22665,0.58116,0.11215,0.52328,0,0.54011,0,0.37077,0.12012,0.20804,0.23169,0,0.35959,0,0.47571,0.15105,0.56154,0,0.66925,0.22658,0.74329,0.26091,0.86705,0.30897],"triangles":[0,3,1,1,3,2,0,4,3,21,4,0,20,5,4,20,4,21,19,6,5,19,5,20,8,7,6,8,6,19,18,8,19,17,8,18,9,8,17,16,9,17,15,10,9,15,9,16,14,11,10,14,10,15,13,11,14,13,12,11],"weights":[1,26,1,1,26,1,1,26,1,1,26,1,4,6,0.00001,12,0.07701,15,0.6684,26,0.25456,4,6,0.00008,5,0.07695,12,0.92085,15,0.0021,4,6,0.02994,5,0.9109,12,0.05895,15,0.00019,3,6,0.28027,5,0.71961,15,0.00011,3,6,0.93356,5,0.06641,15,0.00001,4,6,0.12247,13,0.70715,20,0.17036,24,0.00001,3,13,0.01462,20,0.98419,24,0.00116,1,24,0.99999,2,20,0.00001,24,0.99998,2,20,0.00001,24,0.99998,2,20,0.0246,24,0.97539,2,13,0.01512,20,0.98487,1,13,1,3,6,0.96404,13,0.03468,5,0.00126,2,6,0.76975,5,0.23024,3,6,0.07007,5,0.72625,12,0.20366,2,12,0.9263,15,0.07368,2,5,0.00004,15,0.99995],"slotPose":[1,0,0,1,0,0],"bonePose":[24,-0.999848,-0.017452,0.017452,-0.999848,-133.73435,-231.3678,26,0.903111,0.429408,-0.429408,0.903111,91.461162,-209.079251,6,-0.972207,-0.234124,0.234124,-0.972207,-22.24,-225,12,0.998281,-0.058609,0.058609,0.998281,37.758088,-219.081876,15,0.918791,0.394744,-0.394744,0.918791,67.016628,-221.671154,5,0.999289,-0.03769,0.03769,0.999289,15.17,-218.34,13,-0.935073,-0.354454,0.354454,-0.935073,-57.42531,-235.005826,20,-0.960001,0.279997,-0.279997,-0.960001,-97.796719,-240.224472],"edges":[12,11,11,10,10,9,9,8,8,7,7,6,6,5,5,4,4,3,3,2,2,1,1,0,0,21,21,20,20,19,19,18,18,17,17,16,16,15,15,14,14,13,13,12],"userEdges":[]}]},{"name":"heizi_shou1","display":[{"type":"mesh","name":"heizi_shou1","width":65,"height":105,"vertices":[-139.87,-196.74,-204.87,-196.76,-204.84,-301.75,-139.84,-301.73],"uvs":[1,1,0,1,0,0,1,0],"triangles":[1,0,3,2,1,3],"weights":[1,28,1,1,28,1,1,28,1,1,28,1],"slotPose":[1,0,0,1,0,0],"bonePose":[28,-0.457874,0.889017,-0.889017,-0.457874,-155.096336,-281.35598],"edges":[1,0,0,3,3,2,2,1],"userEdges":[]}]},{"name":"heizi_dabi2","display":[{"type":"mesh","name":"heizi_dabi2","width":54,"height":31,"vertices":[109,-269.96,55,-269.97,55.01,-300.96,109.01,-300.96],"uvs":[1,1,0,1,0,0,1,0],"triangles":[1,0,3,2,1,3],"weights":[1,16,1,1,16,1,1,16,1,1,16,1],"slotPose":[1,0,0,1,0,0],"bonePose":[16,0.96044,0.278488,-0.278488,0.96044,64.355323,-289.801446],"edges":[1,0,0,3,3,2,2,1],"userEdges":[]}]},{"name":"heizii_datui2","display":[{"type":"mesh","name":"heizii_datui2","width":78,"height":148,"vertices":[41.03,-218.3,56.98,-178.13,33.28,-143.77,21.67,-100,8.29,-100,-4.02,-147.9,-13.8,-165.79,-21.01,-178.57,-21,-206.98,-9.15,-248,28.16,-247.98],"uvs":[0.79533,0.20064,0.99999,0.47204,0.6963,0.70424,0.54745,0.99998,0.37579,0.99998,0.21786,0.6764,0.09242,0.55554,0,0.46915,0,0.27718,0.15184,0,0.63028,0.00001],"triangles":[0,6,1,6,2,1,4,3,2,6,5,2,7,6,0,8,7,0,10,9,0,9,8,0,5,4,2],"weights":[1,7,1,1,7,1,1,7,1,1,7,1,1,7,1,1,7,1,1,7,1,1,7,1,1,7,1,1,7,1,1,7,1],"slotPose":[1,0,0,1,0,0],"bonePose":[7,-0.011868,0.99993,-0.99993,-0.011868,16.65,-233.61],"edges":[7,6,6,5,5,4,4,3,3,2,2,1,1,0,0,10,10,9,9,8,8,7],"userEdges":[]}]},{"name":"heizi_dabi1","display":[{"type":"mesh","name":"heizi_dabi1","width":55,"height":26,"vertices":[-29.86,-292.71,-84.84,-292.74,-84.83,-318.72,-29.84,-318.69],"uvs":[1,1,0,1,0,0,1,0],"triangles":[1,0,3,2,1,3],"weights":[1,19,1,1,19,1,1,19,1,1,19,1],"slotPose":[1,0,0,1,0,0],"bonePose":[19,-0.982156,0.188067,-0.188067,-0.982156,-34.317883,-309.833986],"edges":[1,0,0,3,3,2,2,1],"userEdges":[]}]},{"name":"heizi_tou","display":[{"type":"mesh","name":"heizi_tou","width":110,"height":119,"vertices":[111.94,-333.44,95.5,-303.4,68.85,-269.97,38.79,-250.98,7.45,-293.72,4.54,-343.5,0.49,-368.35,8.75,-368.66,35.69,-350.67,56.19,-336.59,82.17,-339.41,111.65,-340.73,57.5,-312.5,52.3,-293.83],"uvs":[1,0.33049,0.83899,0.57567,0.59617,0.84167,0.32554,0.99999,0.03768,0.63901,0.0274,0.21016,0,0,0.07523,0,0.31138,0.16055,0.48469,0.28256,0.72977,0.26915,0.99999,0.26915,0.49522,0.48451,0.44805,0.64104],"triangles":[11,10,0,10,1,0,13,2,1,12,13,1,10,12,1,9,12,10,13,3,2,4,3,13,8,5,12,5,4,12,4,13,12,9,8,12,7,5,8,6,5,7],"weights":[1,22,1,2,17,0.09546,22,0.90453,2,17,0.88608,22,0.11391,1,17,1,2,17,0.7942,25,0.20579,2,17,0.01646,25,0.98353,1,25,1,1,25,1,2,17,0.07884,25,0.92115,3,17,0.67868,22,0.12941,25,0.1919,2,17,0.09228,22,0.90771,1,22,1,3,17,0.75264,22,0.11695,25,0.1304,3,17,0.82699,22,0.08299,25,0.09],"slotPose":[1,0,0,1,0,0],"bonePose":[22,0.874027,-0.485878,0.485878,0.874027,84.295931,-318.669583,17,0.269928,-0.96288,0.96288,0.269928,42.505039,-305.667495,25,-0.63257,-0.774503,0.774503,-0.63257,27.639398,-342.403787],"edges":[6,5,5,4,4,3,3,2,2,1,1,0,0,11,11,10,10,9,9,8,8,7,7,6],"userEdges":[]}]},{"name":"heizi_datui1","display":[{"type":"mesh","name":"heizi_datui1","width":92,"height":156,"vertices":[4,-229.8,4.01,-187.57,-4.75,-159.79,-14.85,-97.99,-42.13,-97.99,-58.63,-154.12,-87.98,-165.77,-87.99,-211.08,-87.99,-253.98,-28.25,-253.98,-2.18,-253.99],"uvs":[0.99999,0.15515,1,0.42582,0.9048,0.60387,0.79498,1,0.49832,1,0.31905,0.64018,0,0.56552,0,0.27502,0,0,0.64945,0,0.93283,0],"triangles":[4,3,2,5,4,2,10,9,0,0,9,1,9,7,1,5,2,1,7,5,1,7,6,5,8,7,9],"weights":[1,8,1,1,8,1,1,8,1,1,8,1,1,8,1,1,8,1,1,8,1,1,8,1,1,8,1,1,8,1,1,8,1],"slotPose":[1,0,0,1,0,0],"bonePose":[8,0.034376,0.999409,-0.999409,0.034376,-31.5,-237.96],"edges":[6,5,5,4,4,3,3,2,2,1,1,0,0,10,10,9,9,8,8,7,7,6],"userEdges":[]}]},{"name":"heizi_xiaotui1","display":[{"type":"mesh","name":"heizi_xiaotui1","width":23,"height":79,"vertices":[-18,-31,-40.99,-31,-40.98,-109.99,-17.99,-109.99],"uvs":[1,1,0,1,0,0,1,0],"triangles":[1,0,3,2,1,3],"weights":[1,11,1,1,11,1,1,11,1,1,11,1],"slotPose":[1,0,0,1,0,0],"bonePose":[11,-0.114937,0.993373,-0.993373,-0.114937,-25.936024,-102.381136],"edges":[1,0,0,3,3,2,2,1],"userEdges":[]}]},{"name":"heizi_xiaobi2","display":[{"type":"mesh","name":"heizi_xiaobi2","width":71,"height":63,"vertices":[172.01,-268.39,171.98,-221.92,147.11,-221.93,101,-263.84,101.01,-284.96,123.07,-284.95],"uvs":[1,0.26234,1,1,0.64974,1,0,0.33534,0,0,0.31075,0.00001],"triangles":[2,1,0,5,2,0,5,3,2,4,3,5],"weights":[1,23,1,1,23,1,1,23,1,1,23,1,1,23,1,1,23,1],"slotPose":[1,0,0,1,0,0],"bonePose":[23,0.844702,0.535237,-0.535237,0.844702,106.95518,-276.460097],"edges":[3,2,2,1,1,0,0,5,5,4,4,3],"userEdges":[]}]},{"name":"heizi_xiaotui2","display":[{"type":"mesh","name":"heizi_xiaotui2","width":21,"height":80,"vertices":[21.97,-38.01,0.97,-38.01,0.99,-118,21.98,-118],"uvs":[1,1,0,1,0,0,1,0],"triangles":[1,0,3,2,1,3],"weights":[1,9,1,1,9,1,1,9,1,1,9,1],"slotPose":[1,0,0,1,0,0],"bonePose":[9,0.035074,0.999385,-0.999385,0.035074,12.93064,-107.295245],"edges":[1,0,0,3,3,2,2,1],"userEdges":[]}]},{"name":"heizi_shou2","display":[{"type":"mesh","name":"heizi_shou2","width":56,"height":86,"vertices":[199.94,-177.88,143.93,-177.92,144,-263.94,200.01,-263.9],"uvs":[1,1,0,1,0,0,1,0],"triangles":[1,0,3,2,1,3],"weights":[1,27,1,1,27,1,1,27,1,1,27,1],"slotPose":[1,0,0,1,0,0],"bonePose":[27,0.353475,0.935444,-0.935444,0.353475,163.248715,-250.118973],"edges":[1,0,0,3,3,2,2,1],"userEdges":[]}]},{"name":"heizi_shenti","display":[{"type":"mesh","name":"heizi_shenti","width":125,"height":121,"vertices":[65.67,-305.99,81.87,-308.29,85.01,-306.02,81.57,-283.99,64.83,-259.27,32.24,-240.98,22.6,-218,-1.51,-218.01,-24.17,-224.79,-24.17,-262.84,-39.99,-295.63,-39.98,-314.47,-33.2,-324.68,-19.15,-339,-12.39,-339,-6.98,-321.58,30.76,-318.25,7.91,-287.14,4.99,-271.47,60.27,-269.67,54.46,-260.71,24.23,-255.58],"uvs":[0.84529,0.27256,0.97486,0.25351,1,0.27221,0.97259,0.45439,0.83866,0.65868,0.57795,0.81003,0.50085,0.99998,0.30792,0.99998,0.12661,0.94394,0.12661,0.62939,0,0.35845,0,0.20274,0.05426,0.11834,0.16661,0.00001,0.22063,0,0.26405,0.14389,0.5659,0.17128,0.3832,0.42849,0.35992,0.55798,0.80225,0.57278,0.75569,0.64678,0.51393,0.68933],"triangles":[19,4,3,1,0,3,1,3,2,0,19,3,16,17,19,16,19,0,20,5,4,19,20,4,21,20,19,17,21,19,21,5,20,17,18,21,15,17,16,21,7,5,7,6,5,9,7,18,18,7,21,9,8,7,15,10,17,9,18,17,10,9,17,11,10,15,12,11,15,14,13,15,13,12,15],"weights":[1,10,1,1,10,0.99999,1,10,0.99999,1,10,1,2,4,0.02383,10,0.97616,2,4,0.59212,10,0.40787,2,4,0.98065,10,0.01933,1,4,1,1,4,1,2,4,0.76103,10,0.23896,2,4,0.21225,10,0.78774,2,4,0.09905,10,0.90094,2,4,0.05396,10,0.94603,2,4,0.0099,10,0.99009,2,4,0.00828,10,0.99171,2,4,0.02253,10,0.97746,1,10,0.99999,2,4,0.00865,10,0.99134,2,4,0.34817,10,0.65182,2,4,0.01214,10,0.98785,2,4,0.03585,10,0.96413,2,4,0.3036,10,0.69639],"slotPose":[1,0,0,1,0,0],"bonePose":[4,0.264041,-0.964511,0.964511,0.264041,2.42,-231.29,10,0.357716,-0.93383,0.93383,0.357716,13.906689,-266.848979],"edges":[10,9,9,8,8,7,7,6,6,5,5,4,4,3,3,2,2,1,1,0,0,16,16,15,15,14,14,13,13,12,12,11,11,10],"userEdges":[]}]},{"name":"heizi_kua","display":[{"type":"mesh","name":"heizi_kua","width":102,"height":79,"vertices":[23.84,-192.19,-37.54,-192.19,-49.8,-241.99,27.23,-241.99],"uvs":[0.90047,0.63054,0.29858,0.63054,0.17832,0,0.93364,0.00001],"triangles":[1,0,3,2,1,3],"weights":[1,3,1,1,3,1,1,3,1,1,3,1],"slotPose":[1,0,0,1,0,0],"bonePose":[3,1,0,0,1,-5,-220.48],"edges":[2,1,1,0,0,3,3,2],"userEdges":[]}]},{"name":"heizi_jiao2","display":[{"type":"mesh","name":"heizi_jiao2","width":24,"height":47,"vertices":[30.95,-1.92,22.18,-2.77,6.98,-43,30.96,-43],"uvs":[0.99999,0.874,0.63449,0.856,0,0,1,0],"triangles":[1,0,3,2,1,3],"weights":[1,14,1,1,14,1,1,14,1,1,14,1],"slotPose":[1,0,0,1,0,0],"bonePose":[14,0.341036,0.94005,-0.94005,0.341036,15.505905,-38.763404],"edges":[2,1,1,0,0,3,3,2],"userEdges":[]}]}]}],"animation":[{"duration":60,"name":"animation","bone":[{"name":"heizi_kua","translateFrame":[{"duration":30,"tweenEasing":0},{"duration":30,"tweenEasing":0,"x":-2.24,"y":-23.15},{"duration":0}]},{"name":"heizi_tou","rotateFrame":[{"duration":30,"tweenEasing":0},{"duration":30,"tweenEasing":0,"rotate":-7.38},{"duration":0}]},{"name":"heizi_dabi1","translateFrame":[{"duration":30,"tweenEasing":0},{"duration":20,"tweenEasing":0,"x":3.04,"y":0.68},{"duration":10,"tweenEasing":0,"x":3.04,"y":0.68},{"duration":0}],"rotateFrame":[{"duration":30,"tweenEasing":0},{"duration":20,"tweenEasing":0,"rotate":51.69},{"duration":10,"tweenEasing":0,"rotate":5.73},{"duration":0}]},{"name":"heizi_xiaobi1","rotateFrame":[{"duration":30,"tweenEasing":0},{"duration":20,"tweenEasing":0,"rotate":-53.9},{"duration":10,"tweenEasing":0,"rotate":11.96},{"duration":0}]},{"name":"heizi_shou1","rotateFrame":[{"duration":30,"tweenEasing":0},{"duration":20,"tweenEasing":0,"rotate":-3.55},{"duration":10,"tweenEasing":0,"rotate":9.54},{"duration":0}]},{"name":"heizi_dabi2","rotateFrame":[{"duration":30,"tweenEasing":0},{"duration":20,"tweenEasing":0,"rotate":-43.31},{"duration":10,"tweenEasing":0,"rotate":6.95},{"duration":0}]},{"name":"heizi_xiaobi2","rotateFrame":[{"duration":30,"tweenEasing":0},{"duration":20,"tweenEasing":0,"rotate":34.2},{"duration":10,"tweenEasing":0,"rotate":-32.84},{"duration":0}]},{"name":"heizi_shou2","rotateFrame":[{"duration":30,"tweenEasing":0},{"duration":20,"tweenEasing":0,"rotate":10.72},{"duration":10,"tweenEasing":0,"rotate":-13.4},{"duration":0}]},{"name":"heizi_xiabanshen","rotateFrame":[{"duration":30,"tweenEasing":0},{"duration":30,"tweenEasing":0,"rotate":-17.33},{"duration":0}]},{"name":"heizi_xiabanshen2","rotateFrame":[{"duration":30,"tweenEasing":0},{"duration":20,"tweenEasing":0,"rotate":-23.39},{"duration":10,"tweenEasing":0,"rotate":10.93},{"duration":0}]},{"name":"heizi_xiabanshen3","rotateFrame":[{"duration":30,"tweenEasing":0},{"duration":30,"tweenEasing":0,"rotate":-15.84},{"duration":0}]},{"name":"heizi_xiabanshen4","rotateFrame":[{"duration":30,"tweenEasing":0},{"duration":30,"tweenEasing":0,"rotate":-22.53},{"duration":0}]},{"name":"heizi_xiabanshen5","rotateFrame":[{"duration":30,"tweenEasing":0},{"duration":30,"tweenEasing":0,"rotate":14.86},{"duration":0}]},{"name":"heizi_xiabanshen6","rotateFrame":[{"duration":30,"tweenEasing":0},{"duration":20,"tweenEasing":0,"rotate":21.33},{"duration":10,"tweenEasing":0,"rotate":-2.04},{"duration":0}]},{"name":"heizi_xiabanshen7","rotateFrame":[{"duration":30,"tweenEasing":0},{"duration":30,"tweenEasing":0,"rotate":10.9},{"duration":0}]},{"name":"heizi_xiabanshen8","rotateFrame":[{"duration":30,"tweenEasing":0},{"duration":30,"tweenEasing":0,"rotate":8.46},{"duration":0}]},{"name":"11","translateFrame":[{"duration":30,"tweenEasing":0},{"duration":30,"tweenEasing":0,"x":26.66,"y":-42.22},{"duration":0}]},{"name":"22","translateFrame":[{"duration":30,"tweenEasing":0,"x":-17.91,"y":-16.86},{"duration":30,"tweenEasing":0,"x":-37.3,"y":-79.12},{"duration":0,"x":-17.91,"y":-16.86}]}],"ffd":[{"name":"heizi_shenti","slot":"heizi_shenti","frame":[{"duration":30,"tweenEasing":0},{"duration":20,"tweenEasing":0,"offset":8,"vertices":[-0.09,-5.6,0,0,0,0,0,0,0,0,0,0,0,0,0,0,0,0,0,0,0,0,0,0,0,0,-0.09,-5.6,-0.09,-5.6,-0.09,-5.6,-0.09,-5.6,-0.09,-5.6]},{"duration":10,"tweenEasing":0,"offset":8,"vertices":[0.52,7.68,0,0,0,0,0,0,0,0,0,0,0,0,0,0,0,0,0,0,0,0,0,0,0,0,0.52,7.68,0.52,7.68,0.52,7.68,0.52,7.68,0.52,7.68]},{"duration":0}]},{"name":"heizi_tou","slot":"heizi_tou","frame":[{"duration":30,"tweenEasing":0},{"duration":30,"tweenEasing":0,"offset":24,"vertices":[0.66,-2.16,0.7,-2.53]},{"duration":0}]}]}],"defaultActions":[{"gotoAndPlay":"animation"}]}]}