{"frameRate":30,"isGlobal":0,"armature":[{"bone":[{"name":"root","transform":{}},{"transform":{},"name":"Fuji","parent":"root"},{"transform":{"y":1.11,"x":-44.93},"name":"foot_r","parent":"root"},{"transform":{"y":-42.23,"x":-103.62},"name":"leg_r","parent":"root"},{"transform":{"y":-59.48,"x":-53.2},"name":"leg_l","parent":"root"},{"transform":{"y":-12.29,"x":-0.12},"name":"foot_l","parent":"root"},{"transform":{"y":-80,"x":-70},"name":"bip","parent":"Fuji"},{"length":68,"transform":{"y":61.39,"skX":-66.17,"skY":-66.17,"x":-3.65},"parent":"bip","name":"Body"},{"length":54,"transform":{"y":-12.92,"skX":64.2,"skY":64.2,"x":38.25},"parent":"bip","name":"Thigh_L"},{"length":52,"transform":{"y":4.93,"skX":68.86,"skY":68.86,"x":-6.16},"parent":"bip","name":"Thigh_R"},{"length":42,"transform":{"y":6.14,"skX":138.91,"skY":138.91,"x":52.73},"parent":"Thigh_L","name":"Leg1_L"},{"length":44,"transform":{"y":4.08,"skX":130.62,"skY":130.62,"x":49.43},"parent":"Thigh_R","name":"Leg1_R"},{"length":71,"transform":{"y":-0.19,"skX":22.48,"skY":22.48,"x":68.23},"parent":"Body","name":"spine"},{"transform":{"y":106.97,"x":50.58},"name":"Belly","parent":"spine"},{"length":30,"transform":{"y":-1.16,"skX":-149.9,"skY":-149.9,"x":41.91},"parent":"Leg1_R","name":"Leg2_R"},{"length":99,"transform":{"y":-0.16,"skX":30.73,"skY":30.73,"x":71.39},"parent":"spine","name":"head"},{"length":39,"transform":{"y":72.11,"skX":104.69,"skY":104.69,"x":92.09},"parent":"spine","name":"UpArm_L"},{"length":60,"transform":{"y":31.38,"skX":142.49,"skY":142.49,"x":41.33},"parent":"spine","name":"UpArm_R"},{"length":31,"transform":{"y":-2.79,"skX":-149.46,"skY":-149.46,"x":38.64},"parent":"Leg1_L","name":"Leg2_L"},{"length":39,"transform":{"y":1.3,"skX":-26.15,"skY":-26.15,"x":32.7},"parent":"Leg2_R","name":"Foot_R"},{"length":31,"transform":{"y":2.51,"skX":17.16,"skY":17.16,"x":42.95},"parent":"UpArm_L","name":"Arm_L"},{"length":32,"transform":{"y":-1.21,"skX":-70.73,"skY":-70.73,"x":66.01},"parent":"UpArm_R","name":"Arm_R"},{"length":36,"transform":{"y":0.4,"skX":-25.33,"skY":-25.33,"x":31.84},"parent":"Leg2_L","name":"Foot_L"},{"length":50,"transform":{"y":-20.75,"skX":-48.08,"skY":-48.08,"x":35.91},"parent":"head","name":"Light"},{"length":31,"transform":{"y":-0.88,"skX":30.23,"skY":30.23,"x":33.16},"parent":"Arm_L","name":"Hand_L"},{"length":44,"transform":{"y":-0.21,"skX":41.85,"skY":41.85,"x":51.36},"parent":"Light","name":"Light2"},{"length":42,"transform":{"y":0.38,"skX":-3.07,"skY":-3.07,"x":31.39},"parent":"Arm_R","name":"Hand_R"},{"length":33,"transform":{"y":-0.02,"skX":39.61,"skY":39.61,"x":44.96},"parent":"Light2","name":"Light3"},{"length":29,"transform":{"y":-0.09,"skX":56.4,"skY":56.4,"x":33.61},"parent":"Light3","name":"Light4"},{"length":33,"transform":{"y":0.14,"skX":14.47,"skY":14.47,"x":29.99},"parent":"Light4","name":"Light5"}],"type":"Armature","frameRate":30,"animation":[{"bone":[{"frame":[{"transform":{},"duration":20},{"transform":{},"duration":20},{"transform":{},"duration":20},{"transform":{},"duration":20},{"transform":{},"duration":0}],"name":"Body"},{"frame":[{"curve":[0.25,0,0.75,1],"transform":{},"duration":20},{"curve":[0.25,0,0.75,1],"transform":{"scY":0.94,"y":-10.19,"scX":1.058,"x":-7.14},"duration":20},{"curve":[0.25,0,0.75,1],"transform":{},"duration":20},{"curve":[0.25,0,0.75,1],"transform":{"scY":0.94,"y":-10.19,"scX":1.058,"x":-7.14},"duration":20},{"transform":{},"duration":0}],"name":"Belly"},{"frame":[{"curve":[0.25,0,0.75,1],"transform":{},"duration":20},{"curve":[0.25,0,0.75,1],"transform":{"scY":1.005,"skX":-13.07,"skY":-13.07,"scX":0.96},"duration":20},{"curve":[0.25,0,0.75,1],"transform":{},"duration":20},{"curve":[0.25,0,0.75,1],"transform":{"scY":1.005,"skX":-13.07,"skY":-13.07,"scX":0.96},"duration":20},{"transform":{},"duration":0}],"name":"UpArm_L"},{"frame":[{"curve":[0.25,0,0.75,1],"transform":{},"duration":20},{"curve":[0.25,0,0.75,1],"transform":{"skX":19.36,"skY":19.36},"duration":20},{"curve":[0.25,0,0.75,1],"transform":{},"duration":20},{"curve":[0.25,0,0.75,1],"transform":{"skX":19.36,"skY":19.36},"duration":20},{"transform":{},"duration":0}],"name":"Arm_L"},{"frame":[{"curve":[0.25,0,0.75,1],"transform":{},"duration":20},{"curve":[0.25,0,0.75,1],"transform":{"scY":1.015,"skX":-7.87,"skY":-7.87,"scX":0.988},"duration":20},{"curve":[0.25,0,0.75,1],"transform":{},"duration":20},{"curve":[0.25,0,0.75,1],"transform":{"scY":1.015,"skX":-7.87,"skY":-7.87,"scX":0.988},"duration":20},{"transform":{},"duration":0}],"name":"Hand_L"},{"frame":[{"curve":[0.25,0,0.75,1],"transform":{},"duration":20},{"curve":[0.25,0,0.75,1],"transform":{"scY":1.026,"skX":-0.85,"skY":-0.85,"scX":0.974},"duration":20},{"curve":[0.25,0,0.75,1],"transform":{},"duration":20},{"curve":[0.25,0,0.75,1],"transform":{"scY":1.026,"skX":-0.85,"skY":-0.85,"scX":0.974},"duration":20},{"transform":{},"duration":0}],"name":"UpArm_R"},{"frame":[{"curve":[0.25,0,0.75,1],"transform":{},"duration":20},{"curve":[0.25,0,0.75,1],"transform":{"skX":-3.15,"skY":-3.15},"duration":20},{"curve":[0.25,0,0.75,1],"transform":{},"duration":20},{"curve":[0.25,0,0.75,1],"transform":{"skX":-3.15,"skY":-3.15},"duration":20},{"transform":{},"duration":0}],"name":"Arm_R"},{"frame":[{"curve":[0.25,0,0.75,1],"transform":{},"duration":20},{"curve":[0.25,0,0.75,1],"transform":{"scY":1.006,"skX":1.6,"skY":1.6,"scX":0.982},"duration":20},{"curve":[0.25,0,0.75,1],"transform":{},"duration":20},{"curve":[0.25,0,0.75,1],"transform":{"scY":1.006,"skX":1.6,"skY":1.6,"scX":0.982},"duration":20},{"transform":{},"duration":0}],"name":"Hand_R"},{"frame":[{"curve":[0.25,0,0.75,1],"transform":{"skX":0.09,"skY":0.09},"duration":2},{"curve":[0.25,0,0.75,1],"transform":{},"duration":20},{"curve":[0.245,0,0.71,0.83],"transform":{"skX":2.29,"skY":2.29},"duration":18},{"curve":[0.25,0,0.75,1],"transform":{"skX":0.09,"skY":0.09},"duration":2},{"curve":[0.25,0,0.75,1],"transform":{},"duration":20},{"curve":[0.245,0,0.71,0.83],"transform":{"skX":2.29,"skY":2.29},"duration":18},{"transform":{"skX":0.09,"skY":0.09},"duration":0}],"name":"head"},{"frame":[{"curve":[0.25,0,0.75,1],"transform":{"skX":-1.46,"skY":-1.46},"duration":4},{"curve":[0.25,0,0.75,1],"transform":{"skX":-1.6,"skY":-1.6},"duration":20},{"curve":[0.242,0,0.679,0.71],"transform":{"skX":-0.57,"skY":-0.57},"duration":16},{"curve":[0.25,0,0.75,1],"transform":{"skX":-1.46,"skY":-1.46},"duration":4},{"curve":[0.25,0,0.75,1],"transform":{"skX":-1.6,"skY":-1.6},"duration":20},{"curve":[0.242,0,0.679,0.71],"transform":{"skX":-0.57,"skY":-0.57},"duration":16},{"transform":{"skX":-1.46,"skY":-1.46},"duration":0}],"name":"Light"},{"frame":[{"curve":[0.25,0,0.75,1],"transform":{"skX":-1.78,"skY":-1.78},"duration":12},{"curve":[0.25,0,0.75,1],"transform":{"skX":-7.92,"skY":-7.92},"duration":20},{"curve":[0.257,0,0.618,0.45],"transform":{"skX":1.78,"skY":1.78},"duration":8},{"curve":[0.25,0,0.75,1],"transform":{"skX":-1.78,"skY":-1.78},"duration":12},{"curve":[0.25,0,0.75,1],"transform":{"skX":-7.92,"skY":-7.92},"duration":20},{"curve":[0.257,0,0.618,0.45],"transform":{"skX":1.78,"skY":1.78},"duration":8},{"transform":{"skX":-1.78,"skY":-1.78},"duration":0}],"name":"Light5"},{"frame":[{"curve":[0.25,0,0.75,1],"transform":{},"duration":20},{"curve":[0.25,0,0.75,1],"transform":{"skX":-0.77,"skY":-0.77},"duration":20},{"curve":[0.25,0,0.75,1],"transform":{},"duration":20},{"curve":[0.25,0,0.75,1],"transform":{"skX":-0.77,"skY":-0.77},"duration":20},{"transform":{},"duration":0}],"name":"Thigh_L"},{"frame":[{"curve":[0.25,0,0.75,1],"transform":{},"duration":20},{"curve":[0.25,0,0.75,1],"transform":{"skX":3.72,"skY":3.72},"duration":20},{"curve":[0.25,0,0.75,1],"transform":{},"duration":20},{"curve":[0.25,0,0.75,1],"transform":{"skX":3.72,"skY":3.72},"duration":20},{"transform":{},"duration":0}],"name":"Leg1_L"},{"frame":[{"curve":[0.25,0,0.75,1],"transform":{},"duration":20},{"curve":[0.25,0,0.75,1],"transform":{"skX":-0.65,"skY":-0.65},"duration":20},{"curve":[0.25,0,0.75,1],"transform":{},"duration":20},{"curve":[0.25,0,0.75,1],"transform":{"skX":-0.65,"skY":-0.65},"duration":20},{"transform":{},"duration":0}],"name":"Leg2_L"},{"frame":[{"curve":[0.25,0,0.75,1],"transform":{},"duration":20},{"curve":[0.25,0,0.75,1],"transform":{"skX":-3.32,"skY":-3.32},"duration":20},{"curve":[0.25,0,0.75,1],"transform":{},"duration":20},{"curve":[0.25,0,0.75,1],"transform":{"skX":-3.32,"skY":-3.32},"duration":20},{"transform":{},"duration":0}],"name":"Foot_L"},{"frame":[{"curve":[0.25,0,0.75,1],"transform":{},"duration":20},{"curve":[0.25,0,0.75,1],"transform":{"skX":-1.07,"skY":-1.07},"duration":20},{"curve":[0.25,0,0.75,1],"transform":{},"duration":20},{"curve":[0.25,0,0.75,1],"transform":{"skX":-1.07,"skY":-1.07},"duration":20},{"transform":{},"duration":0}],"name":"Thigh_R"},{"frame":[{"curve":[0.25,0,0.75,1],"transform":{},"duration":20},{"curve":[0.25,0,0.75,1],"transform":{"skX":5.76,"skY":5.76},"duration":20},{"curve":[0.25,0,0.75,1],"transform":{},"duration":20},{"curve":[0.25,0,0.75,1],"transform":{"skX":5.76,"skY":5.76},"duration":20},{"transform":{},"duration":0}],"name":"Leg1_R"},{"frame":[{"curve":[0.25,0,0.75,1],"transform":{},"duration":20},{"curve":[0.25,0,0.75,1],"transform":{"skX":-0.85,"skY":-0.85},"duration":20},{"curve":[0.25,0,0.75,1],"transform":{},"duration":20},{"curve":[0.25,0,0.75,1],"transform":{"skX":-0.85,"skY":-0.85},"duration":20},{"transform":{},"duration":0}],"name":"Leg2_R"},{"frame":[{"curve":[0.25,0,0.75,1],"transform":{},"duration":20},{"curve":[0.25,0,0.75,1],"transform":{"skX":-4.13,"skY":-4.13},"duration":20},{"curve":[0.25,0,0.75,1],"transform":{},"duration":20},{"curve":[0.25,0,0.75,1],"transform":{"skX":-4.13,"skY":-4.13},"duration":20},{"transform":{},"duration":0}],"name":"Foot_R"},{"frame":[{"curve":[0.25,0,0.75,1],"transform":{},"duration":20},{"curve":[0.25,0,0.75,1],"transform":{"y":1.66,"skX":0.31,"skY":0.31},"duration":20},{"curve":[0.25,0,0.75,1],"transform":{},"duration":20},{"curve":[0.25,0,0.75,1],"transform":{"y":1.66,"skX":0.31,"skY":0.31},"duration":20},{"transform":{},"duration":0}],"name":"bip"},{"frame":[{"curve":[0.25,0,0.75,1],"transform":{},"duration":20},{"curve":[0.25,0,0.75,1],"transform":{"skX":1.85,"skY":1.85},"duration":20},{"curve":[0.25,0,0.75,1],"transform":{},"duration":20},{"curve":[0.25,0,0.75,1],"transform":{"skX":1.85,"skY":1.85},"duration":20},{"transform":{},"duration":0}],"name":"spine"},{"frame":[{"curve":[0.25,0,0.75,1],"transform":{"skX":-1.38,"skY":-1.38},"duration":6},{"curve":[0.25,0,0.75,1],"transform":{"skX":-2,"skY":-2},"duration":20},{"curve":[0.242,0,0.655,0.62],"transform":{"skX":0.55,"skY":0.55},"duration":14},{"curve":[0.25,0,0.75,1],"transform":{"skX":-1.38,"skY":-1.38},"duration":6},{"curve":[0.25,0,0.75,1],"transform":{"skX":-2,"skY":-2},"duration":20},{"curve":[0.242,0,0.655,0.62],"transform":{"skX":0.55,"skY":0.55},"duration":14},{"transform":{"skX":-1.38,"skY":-1.38},"duration":0}],"name":"Light2"},{"frame":[{"curve":[0.25,0,0.75,1],"transform":{"skX":-1.97,"skY":-1.97},"duration":8},{"curve":[0.25,0,0.75,1],"transform":{"skX":-3.41,"skY":-3.41},"duration":20},{"curve":[0.245,0,0.637,0.55],"transform":{"skX":0.51,"skY":0.51},"duration":12},{"curve":[0.25,0,0.75,1],"transform":{"skX":-1.97,"skY":-1.97},"duration":8},{"curve":[0.25,0,0.75,1],"transform":{"skX":-3.41,"skY":-3.41},"duration":20},{"curve":[0.245,0,0.637,0.55],"transform":{"skX":0.51,"skY":0.51},"duration":12},{"transform":{"skX":-1.97,"skY":-1.97},"duration":0}],"name":"Light3"},{"frame":[{"curve":[0.25,0,0.75,1],"transform":{"skX":-2.6,"skY":-2.6},"duration":10},{"curve":[0.25,0,0.75,1],"transform":{"skX":-5.59,"skY":-5.59},"duration":20},{"curve":[0.25,0,0.625,0.5],"transform":{"skX":0.37,"skY":0.37},"duration":10},{"curve":[0.25,0,0.75,1],"transform":{"skX":-2.6,"skY":-2.6},"duration":10},{"curve":[0.25,0,0.75,1],"transform":{"skX":-5.59,"skY":-5.59},"duration":20},{"curve":[0.25,0,0.625,0.5],"transform":{"skX":0.37,"skY":0.37},"duration":10},{"transform":{"skX":-2.6,"skY":-2.6},"duration":0}],"name":"Light4"},{"frame":[{"transform":{},"duration":40},{"transform":{},"duration":40},{"transform":{},"duration":0}],"name":"leg_l"},{"frame":[{"transform":{},"duration":40},{"transform":{},"duration":40},{"transform":{},"duration":0}],"name":"foot_l"},{"frame":[{"transform":{},"duration":40},{"transform":{},"duration":40},{"transform":{},"duration":0}],"name":"leg_r"},{"frame":[{"transform":{},"duration":40},{"transform":{},"duration":40},{"transform":{},"duration":0}],"name":"foot_r"},{"frame":[{"transform":{},"duration":80},{"transform":{},"duration":0}],"name":"Fuji"},{"frame":[{"transform":{},"duration":80}],"name":"root"}],"slot":[{"frame":[{"tweenEasing":0,"duration":40},{"tweenEasing":0,"duration":40},{"tweenEasing":null,"duration":0}],"name":"Arm_L"},{"frame":[{"tweenEasing":0,"duration":40},{"tweenEasing":0,"duration":40},{"tweenEasing":null,"duration":0}],"name":"Arm_R"},{"frame":[{"tweenEasing":0,"duration":40},{"tweenEasing":0,"duration":40},{"tweenEasing":null,"duration":0}],"name":"Belly"},{"frame":[{"tweenEasing":0,"duration":40},{"tweenEasing":0,"duration":40},{"tweenEasing":null,"duration":0}],"name":"Body"},{"frame":[{"displayIndex":-1,"tweenEasing":0,"duration":40},{"displayIndex":-1,"tweenEasing":0,"duration":6},{"tweenEasing":0,"duration":3},{"displayIndex":-1,"tweenEasing":0,"duration":31},{"displayIndex":-1,"tweenEasing":null,"duration":0}],"name":"Eye"},{"frame":[{"tweenEasing":0,"duration":40},{"tweenEasing":0,"duration":40},{"tweenEasing":null,"duration":0}],"name":"Foot_L"},{"frame":[{"tweenEasing":0,"duration":40},{"tweenEasing":0,"duration":40},{"tweenEasing":null,"duration":0}],"name":"Foot_R"},{"frame":[{"tweenEasing":0,"duration":40},{"tweenEasing":0,"duration":40},{"tweenEasing":null,"duration":0}],"name":"Hand_L"},{"frame":[{"tweenEasing":0,"duration":40},{"tweenEasing":0,"duration":40},{"tweenEasing":null,"duration":0}],"name":"Hand_R"},{"frame":[{"tweenEasing":0,"duration":40},{"tweenEasing":0,"duration":40},{"tweenEasing":null,"duration":0}],"name":"Leg1_L"},{"frame":[{"tweenEasing":0,"duration":40},{"tweenEasing":0,"duration":40},{"tweenEasing":null,"duration":0}],"name":"Leg1_R"},{"frame":[{"tweenEasing":0,"duration":40},{"tweenEasing":0,"duration":40},{"tweenEasing":null,"duration":0}],"name":"Leg2_L"},{"frame":[{"tweenEasing":0,"duration":40},{"tweenEasing":0,"duration":40},{"tweenEasing":null,"duration":0}],"name":"Leg2_R"},{"frame":[{"curve":[0.125,0,0.875,1],"duration":20},{"curve":[0.25,0,0.75,1],"color":{"bM":78,"rM":98},"duration":20},{"curve":[0.125,0,0.875,1],"duration":20},{"curve":[0.25,0,0.75,1],"color":{"bM":78,"rM":98},"duration":20},{"tweenEasing":null,"duration":0}],"name":"Light"},{"frame":[{"tweenEasing":0,"duration":40},{"tweenEasing":0,"duration":40},{"tweenEasing":null,"duration":0}],"name":"Thigh_L"},{"frame":[{"tweenEasing":0,"duration":40},{"tweenEasing":0,"duration":40},{"tweenEasing":null,"duration":0}],"name":"Thigh_R"},{"frame":[{"tweenEasing":0,"duration":40},{"tweenEasing":0,"duration":40},{"tweenEasing":null,"duration":0}],"name":"UpArm_L"},{"frame":[{"tweenEasing":0,"duration":40},{"tweenEasing":0,"duration":40},{"tweenEasing":null,"duration":0}],"name":"UpArm_R"}],"ffd":[{"frame":[{"offset":0,"tweenEasing":null,"vertices":[],"duration":80},{"offset":0,"tweenEasing":null,"vertices":[],"duration":0}],"slot":"Belly","scale":1,"offset":0,"skin":"","name":"Belly"},{"frame":[{"offset":0,"tweenEasing":null,"vertices":[],"duration":80},{"offset":0,"tweenEasing":null,"vertices":[],"duration":0}],"slot":"Body","scale":1,"offset":0,"skin":"","name":"Body"},{"frame":[{"offset":0,"tweenEasing":null,"vertices":[],"duration":80},{"offset":0,"tweenEasing":null,"vertices":[],"duration":0}],"slot":"Light","scale":1,"offset":0,"skin":"","name":"Light"}],"frame":[],"name":"0000_daiji","duration":80,"ik":[]},{"bone":[{"frame":[{"curve":[0.25,0,0.75,1],"transform":{"skX":-17.33,"skY":-17.33},"duration":3},{"curve":[0.25,0,0.75,1],"transform":{"skX":-15.36,"skY":-15.36},"duration":3},{"curve":[0.25,0,0.75,1],"transform":{"skX":22.13,"skY":22.13},"duration":9},{"transform":{"skX":-17.33,"skY":-17.33},"duration":0}],"name":"Foot_R"},{"frame":[{"curve":[0.25,0,0.75,1],"transform":{"skX":3.54,"skY":3.54},"duration":3},{"curve":[0.25,0,0.75,1],"transform":{"skX":81.69,"skY":81.69},"duration":3},{"curve":[0.25,0,0.75,1],"transform":{"skX":100.11,"skY":100.11},"duration":9},{"transform":{"skX":3.54,"skY":3.54},"duration":0}],"name":"Leg2_L"},{"frame":[{"curve":[0.25,0,0.75,1],"transform":{"skX":22.01,"skY":22.01},"duration":3},{"curve":[0.25,0,0.75,1],"transform":{"skX":-34.72,"skY":-34.72},"duration":3},{"curve":[0.25,0,0.75,1],"transform":{"skX":-68.82,"skY":-68.82},"duration":9},{"transform":{"skX":22.01,"skY":22.01},"duration":0}],"name":"Leg1_R"},{"frame":[{"curve":[0.25,0,0.75,1],"transform":{"skX":-26.7,"skY":-26.7},"duration":3},{"curve":[0.25,0,0.75,1],"transform":{"skX":-26.39,"skY":-26.39},"duration":3},{"curve":[0.25,0,0.75,1],"transform":{"skX":-24.22,"skY":-24.22},"duration":3},{"curve":[0.25,0,0.75,1],"transform":{"skX":-24.37,"skY":-24.37},"duration":3},{"curve":[0.25,0,0.75,1],"transform":{"skX":-16.18,"skY":-16.18},"duration":3},{"transform":{"skX":-26.7,"skY":-26.7},"duration":0}],"name":"Hand_L"},{"frame":[{"curve":[0.368,0.47,0.753,1],"transform":{"skX":-8.06,"skY":-8.06},"duration":5},{"curve":[0.257,0,0.618,0.45],"transform":{"skX":0.54,"skY":0.54},"duration":6},{"curve":[0.253,0,0.62,0.47],"transform":{"skX":-22.2,"skY":-22.2},"duration":4},{"transform":{"skX":-8.06,"skY":-8.06},"duration":0}],"name":"Light5"},{"frame":[{"curve":[0.25,0,0.75,1],"transform":{"skX":-15.04,"skY":-15.04},"duration":3},{"curve":[0.25,0,0.75,1],"transform":{"skX":-0.82,"skY":-0.82},"duration":3},{"curve":[0.25,0,0.75,1],"transform":{"skX":69.2,"skY":69.2},"duration":9},{"transform":{"skX":-15.04,"skY":-15.04},"duration":0}],"name":"Thigh_R"},{"frame":[{"curve":[0.25,0,0.75,1],"transform":{"skX":-11.92,"skY":-11.92},"duration":3},{"curve":[0.25,0,0.75,1],"transform":{"skX":13.03,"skY":13.03},"duration":3},{"curve":[0.25,0,0.75,1],"transform":{"skX":82.48,"skY":82.48},"duration":9},{"transform":{"skX":-11.92,"skY":-11.92},"duration":0}],"name":"Thigh_L"},{"frame":[{"curve":[0.361,0.64,0.697,1],"transform":{"skX":0.16,"skY":0.16},"duration":1},{"curve":[0.257,0,0.618,0.45],"transform":{"skX":0.85,"skY":0.85},"duration":6},{"curve":[0.244,0,0.706,0.81],"transform":{"skX":-12.53,"skY":-12.53},"duration":8},{"transform":{"skX":0.16,"skY":0.16},"duration":0}],"name":"Light"},{"frame":[{"curve":[0.25,0,0.75,1],"transform":{"skX":-4.43,"skY":-4.43},"duration":3},{"curve":[0.25,0,0.75,1],"transform":{"skX":-14.52,"skY":-14.52},"duration":3},{"curve":[0.25,0,0.75,1],"transform":{"skX":16.12,"skY":16.12},"duration":9},{"transform":{"skX":-4.43,"skY":-4.43},"duration":0}],"name":"Foot_L"},{"frame":[{"curve":[0.25,0,0.75,1],"transform":{"skX":3.31,"skY":3.31},"duration":3},{"curve":[0.25,0,0.75,1],"transform":{"skX":11.93,"skY":11.93},"duration":3},{"curve":[0.25,0,0.75,1],"transform":{"skX":-9.45,"skY":-9.45},"duration":3},{"curve":[0.25,0,0.75,1],"transform":{"skX":-9.92,"skY":-9.92},"duration":3},{"curve":[0.25,0,0.75,1],"transform":{"skX":-13.3,"skY":-13.3},"duration":3},{"transform":{"skX":3.31,"skY":3.31},"duration":0}],"name":"head"},{"frame":[{"curve":[0.25,0,0.75,1],"transform":{"skX":8.44,"skY":8.44},"duration":3},{"curve":[0.25,0,0.75,1],"transform":{"skX":92.52,"skY":92.52},"duration":3},{"curve":[0.25,0,0.75,1],"transform":{"skX":90.95,"skY":90.95},"duration":9},{"transform":{"skX":8.44,"skY":8.44},"duration":0}],"name":"Leg2_R"},{"frame":[{"curve":[0.25,0,0.75,1],"transform":{"skX":2,"skY":2},"duration":3},{"curve":[0.25,0,0.75,1],"transform":{"skX":7.04,"skY":7.04},"duration":3},{"curve":[0.25,0,0.75,1],"transform":{"skX":-15.89,"skY":-15.89},"duration":6},{"curve":[0.25,0,0.75,1],"transform":{"skX":0.45,"skY":0.45},"duration":3},{"transform":{"skX":2,"skY":2},"duration":0}],"name":"spine"},{"frame":[{"curve":[0.25,0,0.75,1],"transform":{"scY":1.101,"skX":10.18,"skY":10.18,"scX":1.067},"duration":3},{"curve":[0.25,0,0.75,1],"transform":{"scY":1.101,"skX":6.66,"skY":6.66,"scX":1.067},"duration":3},{"curve":[0.25,0,0.75,1],"transform":{"scY":1.101,"skX":-0.43,"skY":-0.43,"scX":1.067},"duration":6},{"curve":[0.25,0,0.75,1],"transform":{"scY":1.101,"skX":-17.78,"skY":-17.78,"scX":1.067},"duration":3},{"transform":{"scY":1.101,"skX":10.18,"skY":10.18,"scX":1.067},"duration":0}],"name":"Hand_R"},{"frame":[{"curve":[0.25,0,0.75,1],"transform":{"skX":58.6,"skY":58.6},"duration":3},{"curve":[0.25,0,0.75,1],"transform":{"skX":10.81,"skY":10.81},"duration":3},{"curve":[0.25,0,0.75,1],"transform":{"skX":21.44,"skY":21.44},"duration":3},{"curve":[0.25,0,0.75,1],"transform":{"skX":7.91,"skY":7.91},"duration":3},{"curve":[0.25,0,0.75,1],"transform":{"skX":17.08,"skY":17.08},"duration":3},{"transform":{"skX":58.6,"skY":58.6},"duration":0}],"name":"Arm_L"},{"frame":[{"curve":[0.25,0,0.75,1],"transform":{"y":-8.25,"skX":-34.3,"skY":-34.3,"x":-5.13},"duration":3},{"curve":[0.25,0,0.75,1],"transform":{"scY":0.952,"y":-8.25,"skX":8.21,"skY":8.21,"scX":1.032,"x":-5.13},"duration":3},{"curve":[0.25,0,0.75,1],"transform":{"scY":1.003,"y":-8.25,"skX":-66.94,"skY":-66.94,"scX":0.996,"x":-5.13},"duration":3},{"curve":[0.25,0,0.75,1],"transform":{"scY":1.003,"y":-8.25,"skX":-112.45,"skY":-112.45,"scX":0.996,"x":-5.13},"duration":3},{"curve":[0.25,0,0.75,1],"transform":{"scY":0.97,"y":-8.25,"skX":-91.29,"skY":-91.29,"scX":1.06,"x":-5.13},"duration":3},{"transform":{"y":-8.25,"skX":-34.3,"skY":-34.3,"x":-5.13},"duration":0}],"name":"UpArm_L"},{"frame":[{"curve":[0.382,0.57,0.735,1],"transform":{"skX":-6.38,"skY":-6.38},"duration":3},{"curve":[0.257,0,0.618,0.45],"transform":{"skX":0.35,"skY":0.35},"duration":6},{"curve":[0.243,0,0.648,0.6],"transform":{"skX":-23.38,"skY":-23.38},"duration":6},{"transform":{"skX":-6.38,"skY":-6.38},"duration":0}],"name":"Light3"},{"frame":[{"curve":[0.25,0,0.75,1],"transform":{"skX":3.25,"skY":3.25,"scX":0.904},"duration":3},{"curve":[0.25,0,0.75,1],"transform":{"scY":0.98,"skX":2.88,"skY":2.88,"scX":1.015},"duration":3},{"curve":[0.25,0,0.75,1],"transform":{"scY":0.998,"skX":-55.58,"skY":-55.58,"scX":1.004},"duration":3},{"curve":[0.25,0,0.75,1],"transform":{"scY":0.998,"skX":-92.63,"skY":-92.63,"scX":1.004},"duration":3},{"curve":[0.25,0,0.75,1],"transform":{"scY":0.98,"skX":-65.52,"skY":-65.52,"scX":1.03},"duration":3},{"transform":{"skX":3.25,"skY":3.25,"scX":0.904},"duration":0}],"name":"UpArm_R"},{"frame":[{"curve":[0.382,0.57,0.735,1],"transform":{"y":18.25,"x":8.41},"duration":3},{"curve":[0.25,0,0.75,1],"transform":{"y":36.46,"x":3.96},"duration":6},{"curve":[0.243,0,0.648,0.6],"transform":{"y":-27.69,"x":19.65},"duration":6},{"transform":{"y":18.25,"x":8.41},"duration":0}],"name":"Belly"},{"frame":[{"curve":[0.25,0,0.75,1],"transform":{"skX":7.1,"skY":7.1},"duration":3},{"curve":[0.25,0,0.75,1],"transform":{"scY":0.979,"y":-2.11,"skX":3.71,"skY":3.71,"scX":1.05,"x":-1.05},"duration":3},{"curve":[0.25,0,0.75,1],"transform":{"scY":0.948,"y":-26.88,"skX":35.02,"skY":35.02,"scX":1.06,"x":-16.73},"duration":3},{"curve":[0.25,0,0.75,1],"transform":{"scY":0.948,"y":-16.64,"skX":52.5,"skY":52.5,"scX":1.06,"x":-15.98},"duration":3},{"curve":[0.25,0,0.75,1],"transform":{"scY":1.041,"y":-30.05,"skX":56.46,"skY":56.46,"scX":0.959,"x":-12.94},"duration":3},{"transform":{"skX":7.1,"skY":7.1},"duration":0}],"name":"Body"},{"frame":[{"curve":[0.377,0.6,0.719,1],"transform":{"skX":-1.84,"skY":-1.84},"duration":2},{"curve":[0.257,0,0.618,0.45],"transform":{"skX":0.94,"skY":0.94},"duration":6},{"curve":[0.242,0,0.673,0.69],"transform":{"skX":-17.1,"skY":-17.1},"duration":7},{"transform":{"skX":-1.84,"skY":-1.84},"duration":0}],"name":"Light2"},{"frame":[{"curve":[0.379,0.52,0.746,1],"transform":{"skX":-12.11,"skY":-12.11},"duration":4},{"curve":[0.257,0,0.618,0.45],"transform":{"skX":-0.28,"skY":-0.28},"duration":6},{"curve":[0.246,0,0.631,0.52],"transform":{"skX":-28.02,"skY":-28.02},"duration":5},{"transform":{"skX":-12.11,"skY":-12.11},"duration":0}],"name":"Light4"},{"frame":[{"curve":[0.25,0,0.75,1],"transform":{"skX":-25.14,"skY":-25.14},"duration":3},{"curve":[0.25,0,0.75,1],"transform":{"skX":36.49,"skY":36.49},"duration":3},{"curve":[0.25,0,0.75,1],"transform":{"skX":44.03,"skY":44.03},"duration":3},{"curve":[0.25,0,0.75,1],"transform":{"skX":39.55,"skY":39.55},"duration":3},{"curve":[0.25,0,0.75,1],"transform":{"skX":42.86,"skY":42.86},"duration":3},{"transform":{"skX":-25.14,"skY":-25.14},"duration":0}],"name":"Arm_R"},{"frame":[{"curve":[0.25,0,0.75,1],"transform":{"y":4.4,"x":-1.1},"duration":3},{"curve":[0.25,0,0.75,1],"transform":{"y":-38.44,"skX":-3.2,"skY":-3.2,"x":-3.6},"duration":3},{"curve":[0.25,0,0.75,1],"transform":{"y":-101.85,"skX":-3.2,"skY":-3.2,"x":23.34},"duration":3},{"curve":[0.25,0,0.75,1],"transform":{"y":-127.94,"skX":-3.2,"skY":-3.2,"x":41.74},"duration":3},{"curve":[0.25,0,0.75,1],"transform":{"y":-96.93,"skX":-1.34,"skY":-1.34,"x":56.49},"duration":3},{"transform":{"y":4.4,"x":-1.1},"duration":0}],"name":"bip"},{"frame":[{"curve":[0.25,0,0.75,1],"transform":{"skX":18.45,"skY":18.45},"duration":3},{"curve":[0.25,0,0.75,1],"transform":{"skX":-52.52,"skY":-52.52},"duration":3},{"curve":[0.25,0,0.75,1],"transform":{"skX":-75.1,"skY":-75.1},"duration":9},{"transform":{"skX":18.45,"skY":18.45},"duration":0}],"name":"Leg1_L"},{"frame":[{"transform":{},"duration":15},{"transform":{},"duration":0}],"name":"leg_r"},{"frame":[{"transform":{},"duration":15},{"transform":{},"duration":0}],"name":"foot_r"},{"frame":[{"transform":{},"duration":15},{"transform":{},"duration":0}],"name":"leg_l"},{"frame":[{"transform":{},"duration":15},{"transform":{},"duration":0}],"name":"foot_l"},{"frame":[{"transform":{},"duration":15}],"name":"root"},{"frame":[{"transform":{},"duration":15}],"name":"Fuji"}],"slot":[{"frame":[{"tweenEasing":0,"duration":15},{"tweenEasing":null,"duration":0}],"name":"Arm_L"},{"frame":[{"tweenEasing":0,"duration":15},{"tweenEasing":null,"duration":0}],"name":"Arm_R"},{"frame":[{"displayIndex":-1,"tweenEasing":0,"duration":15},{"displayIndex":-1,"tweenEasing":null,"duration":0}],"name":"Belly"},{"frame":[{"tweenEasing":0,"duration":15},{"tweenEasing":null,"duration":0}],"name":"Body"},{"frame":[{"displayIndex":-1,"tweenEasing":0,"duration":15},{"displayIndex":-1,"tweenEasing":null,"duration":0}],"name":"Eye"},{"frame":[{"tweenEasing":0,"duration":15},{"tweenEasing":null,"duration":0}],"name":"Foot_L"},{"frame":[{"tweenEasing":0,"duration":15},{"tweenEasing":null,"duration":0}],"name":"Foot_R"},{"frame":[{"tweenEasing":0,"duration":15},{"tweenEasing":null,"duration":0}],"name":"Hand_L"},{"frame":[{"tweenEasing":0,"duration":15},{"tweenEasing":null,"duration":0}],"name":"Hand_R"},{"frame":[{"tweenEasing":0,"duration":15},{"tweenEasing":null,"duration":0}],"name":"Leg1_L"},{"frame":[{"tweenEasing":0,"duration":15},{"tweenEasing":null,"duration":0}],"name":"Leg1_R"},{"frame":[{"tweenEasing":0,"duration":15},{"tweenEasing":null,"duration":0}],"name":"Leg2_L"},{"frame":[{"tweenEasing":0,"duration":15},{"tweenEasing":null,"duration":0}],"name":"Leg2_R"},{"frame":[{"tweenEasing":0,"duration":6},{"tweenEasing":0,"color":{"gM":96,"bM":72},"duration":3},{"tweenEasing":0,"color":{"gM":93,"bM":44},"duration":6},{"tweenEasing":null,"color":{"gM":98,"bM":83},"duration":0}],"name":"Light"},{"frame":[{"tweenEasing":0,"duration":15},{"tweenEasing":null,"duration":0}],"name":"Thigh_L"},{"frame":[{"tweenEasing":0,"duration":15},{"tweenEasing":null,"duration":0}],"name":"Thigh_R"},{"frame":[{"tweenEasing":0,"duration":15},{"tweenEasing":null,"duration":0}],"name":"UpArm_L"},{"frame":[{"tweenEasing":0,"duration":15},{"tweenEasing":null,"duration":0}],"name":"UpArm_R"}],"ffd":[{"frame":[{"offset":0,"tweenEasing":null,"vertices":[],"duration":15},{"offset":0,"tweenEasing":null,"vertices":[],"duration":0}],"slot":"Belly","scale":1,"offset":0,"skin":"","name":"Belly"},{"frame":[{"offset":0,"tweenEasing":null,"vertices":[],"duration":15},{"offset":0,"tweenEasing":null,"vertices":[],"duration":0}],"slot":"Body","scale":1,"offset":0,"skin":"","name":"Body"},{"frame":[{"offset":0,"tweenEasing":null,"vertices":[],"duration":15},{"offset":0,"tweenEasing":null,"vertices":[],"duration":0}],"slot":"Light","scale":1,"offset":0,"skin":"","name":"Light"}],"frame":[],"name":"0001_yidong","duration":15,"ik":[]},{"bone":[{"frame":[{"curve":[0.25,0,0.75,1],"transform":{},"duration":4},{"curve":[0.25,0,0.75,1],"transform":{"scY":0.983,"y":-11.36,"skX":13.94,"skY":13.94,"x":-4.7},"duration":3},{"curve":[0.25,0,0.75,1],"transform":{"scY":0.958,"y":-17.08,"skX":-11.87,"skY":-11.87,"scX":1.046,"x":-4.23},"duration":3},{"curve":[0.25,0,0.75,1],"transform":{"scY":0.958,"y":-17.08,"skX":23.74,"skY":23.74,"scX":1.046,"x":-4.23},"duration":2},{"curve":[0.25,0,0.75,1],"transform":{"y":-31.14,"skX":32.57,"skY":32.57,"x":-24.42},"duration":13},{"curve":[0.25,0,0.75,1],"transform":{"y":-8.87,"skX":16.28,"skY":16.28,"x":-14.8},"duration":5},{"transform":{},"duration":0}],"name":"Body"},{"frame":[{"curve":[0.25,0,0.75,1],"transform":{},"duration":2},{"curve":[0.25,0,0.75,1],"transform":{"y":-27.62,"x":-17.51},"duration":1},{"curve":[0.25,0,0.75,1],"transform":{"y":-30.6,"x":-18.13},"duration":1},{"curve":[0.25,0,0.75,1],"transform":{"y":-7.97,"x":-14.91},"duration":3},{"curve":[0.25,0,0.75,1],"transform":{"y":-12.98,"x":-29.08},"duration":3},{"curve":[0.25,0,0.75,1],"transform":{"y":-11.37,"x":-10.68},"duration":2},{"curve":[0.25,0,0.75,1],"transform":{"y":-6.33,"x":-10.49},"duration":13},{"curve":[0.25,0,0.75,1],"transform":{"y":6.63,"x":-8.42},"duration":5},{"transform":{},"duration":0}],"name":"Belly"},{"frame":[{"curve":[0.25,0,0.75,1],"transform":{},"duration":4},{"curve":[0.25,0,0.75,1],"transform":{"skX":-38.42,"skY":-38.42},"duration":2},{"curve":[0.25,0,0.75,1],"transform":{"skX":-42.66,"skY":-42.66},"duration":1},{"curve":[0.25,0,0.75,1],"transform":{"scY":1.368,"skX":-102.32,"skY":-102.32,"scX":1.368},"duration":3},{"curve":[0.25,0,0.75,1],"transform":{"scY":1.368,"skX":-89.84,"skY":-89.84,"scX":1.368},"duration":2},{"curve":[0.25,0,0.75,1],"transform":{"scY":1.368,"skX":-102.8,"skY":-102.8,"scX":1.368},"duration":13},{"curve":[0.25,0,0.75,1],"transform":{"scY":1.244,"skX":-72.28,"skY":-72.28,"scX":1.244},"duration":5},{"transform":{},"duration":0}],"name":"UpArm_L"},{"frame":[{"curve":[0.25,0,0.75,1],"transform":{},"duration":4},{"curve":[0.25,0,0.75,1],"transform":{"skX":62.41,"skY":62.41},"duration":2},{"curve":[0.25,0,0.75,1],"transform":{"skX":6.85,"skY":6.85},"duration":1},{"curve":[0.25,0,0.75,1],"transform":{"skX":-49.23,"skY":-49.23},"duration":3},{"curve":[0.25,0,0.75,1],"transform":{"skX":-44.33,"skY":-44.33},"duration":2},{"curve":[0.25,0,0.75,1],"transform":{"skX":7.25,"skY":7.25},"duration":13},{"curve":[0.25,0,0.75,1],"transform":{"skX":15.09,"skY":15.09},"duration":5},{"transform":{},"duration":0}],"name":"Arm_L"},{"frame":[{"curve":[0.25,0,0.75,1],"transform":{},"duration":4},{"curve":[0.25,0,0.75,1],"transform":{"skX":-33.38,"skY":-33.38},"duration":2},{"curve":[0.25,0,0.75,1],"transform":{"skX":-26.66,"skY":-26.66},"duration":1},{"curve":[0.25,0,0.75,1],"transform":{"skX":-38.26,"skY":-38.26},"duration":3},{"curve":[0.25,0,0.75,1],"transform":{"skX":-54.91,"skY":-54.91},"duration":2},{"curve":[0.25,0,0.75,1],"transform":{"skX":-27.53,"skY":-27.53},"duration":13},{"curve":[0.25,0,0.75,1],"transform":{"skX":-20.21,"skY":-20.21},"duration":5},{"transform":{},"duration":0}],"name":"Hand_L"},{"frame":[{"curve":[0.25,0,0.75,1],"transform":{},"duration":4},{"curve":[0.25,0,0.75,1],"transform":{"skX":-7.61,"skY":-7.61},"duration":2},{"curve":[0.25,0,0.75,1],"transform":{"skX":-80.5,"skY":-80.5},"duration":1},{"curve":[0.25,0,0.75,1],"transform":{"scY":1.418,"skX":-150.97,"skY":-150.97,"scX":1.418},"duration":3},{"curve":[0.25,0,0.75,1],"transform":{"scY":1.418,"skX":-123.24,"skY":-123.24,"scX":1.418},"duration":2},{"curve":[0.25,0,0.75,1],"transform":{"scY":1.418,"skX":-92.17,"skY":-92.17,"scX":1.418},"duration":13},{"curve":[0.25,0,0.75,1],"transform":{"scY":1.219,"skX":-64.79,"skY":-64.79,"scX":1.219},"duration":5},{"transform":{},"duration":0}],"name":"UpArm_R"},{"frame":[{"curve":[0.25,0,0.75,1],"transform":{},"duration":4},{"curve":[0.25,0,0.75,1],"transform":{"skX":-7.5,"skY":-7.5},"duration":2},{"curve":[0.25,0,0.75,1],"transform":{"skX":48.58,"skY":48.58},"duration":1},{"curve":[0.25,0,0.75,1],"transform":{"skX":24.36,"skY":24.36},"duration":3},{"curve":[0.25,0,0.75,1],"transform":{"skX":39.1,"skY":39.1},"duration":2},{"curve":[0.25,0,0.75,1],"transform":{"skX":35.31,"skY":35.31},"duration":13},{"curve":[0.25,0,0.75,1],"transform":{"skX":28.74,"skY":28.74},"duration":5},{"transform":{},"duration":0}],"name":"Arm_R"},{"frame":[{"curve":[0.25,0,0.75,1],"transform":{},"duration":4},{"curve":[0.25,0,0.75,1],"transform":{"skX":1.04,"skY":1.04},"duration":2},{"curve":[0.25,0,0.75,1],"transform":{"skX":4.83,"skY":4.83},"duration":1},{"curve":[0.25,0,0.75,1],"transform":{"skX":-11.83,"skY":-11.83},"duration":3},{"curve":[0.25,0,0.75,1],"transform":{"skX":-14.17,"skY":-14.17},"duration":2},{"curve":[0.25,0,0.75,1],"transform":{"skX":-11.96,"skY":-11.96},"duration":13},{"curve":[0.25,0,0.75,1],"transform":{"skX":-6.46,"skY":-6.46},"duration":5},{"transform":{},"duration":0}],"name":"Hand_R"},{"frame":[{"curve":[0.25,0,0.75,1],"transform":{"skX":0.09,"skY":0.09},"duration":4},{"curve":[0.25,0,0.75,1],"transform":{"skX":6.88,"skY":6.88},"duration":3},{"curve":[0.25,0,0.75,1],"transform":{"skX":10.17,"skY":10.17},"duration":3},{"curve":[0.25,0,0.75,1],"transform":{"skX":-9.09,"skY":-9.09},"duration":2},{"curve":[0.25,0,0.75,1],"transform":{"skX":0.53,"skY":0.53},"duration":13},{"curve":[0.25,0,0.75,1],"transform":{"skX":0.31,"skY":0.31},"duration":5},{"transform":{"skX":0.09,"skY":0.09},"duration":0}],"name":"head"},{"frame":[{"curve":[0.25,0,0.75,1],"transform":{"skX":-1.46,"skY":-1.46},"duration":5},{"curve":[0.25,0,0.75,1],"transform":{"skX":0.48,"skY":0.48},"duration":3},{"curve":[0.25,0,0.75,1],"transform":{"skX":-7.29,"skY":-7.29},"duration":3},{"curve":[0.25,0,0.75,1],"transform":{"skX":-4.29,"skY":-4.29},"duration":2},{"curve":[0.25,0,0.75,1],"transform":{"skX":6.73,"skY":6.73},"duration":17},{"transform":{"skX":-1.46,"skY":-1.46},"duration":0}],"name":"Light"},{"frame":[{"curve":[0.25,0,0.75,1],"transform":{"skX":-1.78,"skY":-1.78},"duration":9},{"curve":[0.25,0,0.75,1],"transform":{"skX":0.16,"skY":0.16},"duration":3},{"curve":[0.25,0,0.75,1],"transform":{"skX":-7.61,"skY":-7.61},"duration":3},{"curve":[0.25,0,0.75,1],"transform":{"skX":-4.61,"skY":-4.61},"duration":2},{"curve":[0.25,0,0.75,1],"transform":{"skX":6.42,"skY":6.42},"duration":13},{"transform":{"skX":-1.78,"skY":-1.78},"duration":0}],"name":"Light5"},{"frame":[{"transform":{},"duration":30},{"transform":{},"duration":0}],"name":"Thigh_L"},{"frame":[{"transform":{},"duration":30},{"transform":{},"duration":0}],"name":"Leg1_L"},{"frame":[{"transform":{},"duration":30},{"transform":{},"duration":0}],"name":"Leg2_L"},{"frame":[{"transform":{},"duration":30},{"transform":{},"duration":0}],"name":"Foot_L"},{"frame":[{"transform":{},"duration":30},{"transform":{},"duration":0}],"name":"Thigh_R"},{"frame":[{"transform":{},"duration":30},{"transform":{},"duration":0}],"name":"Leg1_R"},{"frame":[{"transform":{},"duration":30},{"transform":{},"duration":0}],"name":"Leg2_R"},{"frame":[{"transform":{},"duration":30},{"transform":{},"duration":0}],"name":"Foot_R"},{"frame":[{"curve":[0.25,0,0.75,1],"transform":{},"duration":4},{"curve":[0.25,0,0.75,1],"transform":{"y":3.75,"skX":0.2,"skY":0.2,"x":-1.89},"duration":3},{"curve":[0.25,0,0.75,1],"transform":{"y":-49.68,"skX":-14.56,"skY":-14.56,"x":6.13},"duration":3},{"curve":[0.25,0,0.75,1],"transform":{"y":-52.55,"skX":-3.32,"skY":-3.32,"x":34.53},"duration":2},{"curve":[0.25,0,0.75,1],"transform":{"y":13.63,"skX":5.5,"skY":5.5,"x":86.38},"duration":13},{"curve":[0.25,0,0.75,1],"transform":{"y":5.38,"skX":3.81,"skY":3.81,"x":64.58},"duration":5},{"transform":{},"duration":0}],"name":"bip"},{"frame":[{"curve":[0.25,0,0.75,1],"transform":{},"duration":4},{"curve":[0.25,0,0.75,1],"transform":{"skX":-3.07,"skY":-3.07},"duration":3},{"curve":[0.25,0,0.75,1],"transform":{"skX":-16.09,"skY":-16.09},"duration":3},{"curve":[0.25,0,0.75,1],"transform":{"skX":-21.15,"skY":-21.15},"duration":2},{"curve":[0.25,0,0.75,1],"transform":{"skX":-5.51,"skY":-5.51},"duration":13},{"curve":[0.25,0,0.75,1],"transform":{"skX":-2.75,"skY":-2.75},"duration":5},{"transform":{},"duration":0}],"name":"spine"},{"frame":[{"curve":[0.25,0,0.75,1],"transform":{"skX":-1.38,"skY":-1.38},"duration":6},{"curve":[0.25,0,0.75,1],"transform":{"skX":0.56,"skY":0.56},"duration":3},{"curve":[0.25,0,0.75,1],"transform":{"skX":-7.21,"skY":-7.21},"duration":3},{"curve":[0.25,0,0.75,1],"transform":{"skX":-4.21,"skY":-4.21},"duration":2},{"curve":[0.25,0,0.75,1],"transform":{"skX":6.82,"skY":6.82},"duration":16},{"transform":{"skX":-1.38,"skY":-1.38},"duration":0}],"name":"Light2"},{"frame":[{"curve":[0.25,0,0.75,1],"transform":{"skX":-1.97,"skY":-1.97},"duration":7},{"curve":[0.25,0,0.75,1],"transform":{"skX":-0.01,"skY":-0.01},"duration":3},{"curve":[0.25,0,0.75,1],"transform":{"skX":-7.8,"skY":-7.8},"duration":3},{"curve":[0.25,0,0.75,1],"transform":{"skX":-4.8,"skY":-4.8},"duration":2},{"curve":[0.25,0,0.75,1],"transform":{"skX":6.23,"skY":6.23},"duration":15},{"transform":{"skX":-1.97,"skY":-1.97},"duration":0}],"name":"Light3"},{"frame":[{"curve":[0.25,0,0.75,1],"transform":{"skX":-2.6,"skY":-2.6},"duration":8},{"curve":[0.25,0,0.75,1],"transform":{"skX":-0.65,"skY":-0.65},"duration":3},{"curve":[0.25,0,0.75,1],"transform":{"skX":-8.43,"skY":-8.43},"duration":3},{"curve":[0.25,0,0.75,1],"transform":{"skX":-5.43,"skY":-5.43},"duration":2},{"curve":[0.25,0,0.75,1],"transform":{"skX":5.59,"skY":5.59},"duration":14},{"transform":{"skX":-2.6,"skY":-2.6},"duration":0}],"name":"Light4"},{"frame":[{"transform":{},"duration":4},{"curve":[0.25,0,0.75,1],"transform":{},"duration":3},{"curve":[0.25,0,0.75,1],"transform":{"y":-2.84,"x":10.88},"duration":3},{"curve":[0.25,0,0.75,1],"transform":{"y":-4.63,"x":20.72},"duration":2},{"curve":[0.25,0,0.75,1],"transform":{"y":11.76,"x":57.48},"duration":13},{"curve":[0.25,0,0.75,1],"transform":{"y":0.8,"x":46.89},"duration":3},{"curve":[0.25,0,0.75,1],"transform":{"y":-7.52,"x":22.66},"duration":2},{"transform":{},"duration":0}],"name":"leg_l"},{"frame":[{"transform":{},"duration":30},{"transform":{},"duration":0}],"name":"foot_l"},{"frame":[{"transform":{},"duration":30},{"transform":{},"duration":0}],"name":"foot_r"},{"frame":[{"curve":[0.25,0,0.75,1],"transform":{},"duration":4},{"curve":[0.25,0,0.75,1],"transform":{"y":-0.96,"x":5.32},"duration":3},{"curve":[0.25,0,0.75,1],"transform":{"y":-0.48,"x":1.93},"duration":3},{"curve":[0.25,0,0.75,1],"transform":{"y":-4.92,"x":15.31},"duration":1},{"curve":[0.25,0,0.75,1],"transform":{"y":-5.06,"x":31.37},"duration":1},{"curve":[0.25,0,0.75,1],"transform":{"y":4.82,"x":53.07},"duration":13},{"curve":[0.25,0,0.75,1],"transform":{"y":-5.49,"x":35.67},"duration":5},{"transform":{},"duration":0}],"name":"leg_r"},{"frame":[{"transform":{},"duration":30},{"transform":{},"duration":0}],"name":"Fuji"},{"frame":[{"transform":{},"duration":30}],"name":"root"}],"slot":[{"frame":[{"tweenEasing":0,"duration":30},{"tweenEasing":null,"duration":0}],"name":"Arm_L"},{"frame":[{"tweenEasing":0,"duration":30},{"tweenEasing":null,"duration":0}],"name":"Arm_R"},{"frame":[{"tweenEasing":0,"duration":2},{"curve":[0.25,0,0.75,1],"duration":2},{"tweenEasing":null,"color":{"aM":0},"duration":6},{"curve":[0.25,0,0.75,1],"color":{"aM":0},"duration":2},{"tweenEasing":null,"duration":18},{"tweenEasing":null,"duration":0}],"name":"Belly"},{"frame":[{"tweenEasing":0,"duration":30},{"tweenEasing":null,"duration":0}],"name":"Body"},{"frame":[{"displayIndex":-1,"tweenEasing":0,"duration":30},{"displayIndex":-1,"tweenEasing":null,"duration":0}],"name":"Eye"},{"frame":[{"tweenEasing":0,"duration":30},{"tweenEasing":null,"duration":0}],"name":"Foot_L"},{"frame":[{"tweenEasing":0,"duration":30},{"tweenEasing":null,"duration":0}],"name":"Foot_R"},{"frame":[{"tweenEasing":0,"duration":30},{"tweenEasing":null,"duration":0}],"name":"Hand_L"},{"frame":[{"tweenEasing":0,"duration":30},{"tweenEasing":null,"duration":0}],"name":"Hand_R"},{"frame":[{"tweenEasing":0,"duration":30},{"tweenEasing":null,"duration":0}],"name":"Leg1_L"},{"frame":[{"tweenEasing":0,"duration":30},{"tweenEasing":null,"duration":0}],"name":"Leg1_R"},{"frame":[{"tweenEasing":0,"duration":30},{"tweenEasing":null,"duration":0}],"name":"Leg2_L"},{"frame":[{"tweenEasing":0,"duration":30},{"tweenEasing":null,"duration":0}],"name":"Leg2_R"},{"frame":[{"tweenEasing":0,"duration":30},{"tweenEasing":null,"duration":0}],"name":"Light"},{"frame":[{"tweenEasing":0,"duration":30},{"tweenEasing":null,"duration":0}],"name":"Thigh_L"},{"frame":[{"tweenEasing":0,"duration":30},{"tweenEasing":null,"duration":0}],"name":"Thigh_R"},{"frame":[{"tweenEasing":0,"duration":30},{"tweenEasing":null,"duration":0}],"name":"UpArm_L"},{"frame":[{"tweenEasing":0,"duration":30},{"tweenEasing":null,"duration":0}],"name":"UpArm_R"}],"ffd":[{"frame":[{"offset":0,"tweenEasing":0,"vertices":[],"duration":10},{"offset":8,"tweenEasing":0,"vertices":[-4.32,-6.08,-2.88,-6.51,-1.94,-1.61,0,0,0,0,0,0,0,0,0,0,0,0,0,0,0,0,0,0,0,0,0,0],"duration":2},{"offset":8,"tweenEasing":0,"vertices":[-0.55,2.61,-3.23,-0.86,-0.14,-1.46,0,0,0,0,0,0,0,0,0,0,0,0,0,0,0,0,0,0,0,0,0,0],"duration":13},{"offset":8,"tweenEasing":0,"vertices":[-0.96,2.43,-3.07,2.91,-0.04,-0.41,0,0,0,0,0,0,0,0,2.7,1.73,0,0,0,0,0,0,0,0,0,0,0,0],"duration":5},{"offset":0,"tweenEasing":null,"vertices":[],"duration":0}],"slot":"Belly","scale":1,"offset":0,"skin":"","name":"Belly"},{"frame":[{"offset":0,"tweenEasing":null,"vertices":[],"duration":30},{"offset":0,"tweenEasing":null,"vertices":[],"duration":0}],"slot":"Body","scale":1,"offset":0,"skin":"","name":"Body"},{"frame":[{"offset":0,"tweenEasing":null,"vertices":[],"duration":30},{"offset":0,"tweenEasing":null,"vertices":[],"duration":0}],"slot":"Light","scale":1,"offset":0,"skin":"","name":"Light"}],"frame":[],"name":"0002_shifa","duration":30,"ik":[]}],"skin":[{"slot":[{"display":[{"vertices":[145.67,-180.55,141.44,-209.36,114.53,-221.7,84.32,-221.75,53.38,-207.58,31.65,-182.34,30.73,-157.09,38.47,-155.2,45.08,-162.27,50.52,-182.33,69.18,-200.49,89.5,-209.91,113.58,-210.12,131.05,-198.52,135.51,-181.27,126.3,-173.26,125.09,-152.48,133.58,-144.63,146.33,-144.62,152.74,-152.44,152.76,-169.92,40.61,-181.86,62.35,-204.51,87.62,-216.05,114.3,-216.49,136,-203.47,140.7,-181.03],"uvs":[0.94915,0.53456,0.91375,0.15067,0.68956,-0.01333,0.43782,-0.01333,0.18019,0.17584,-0.00074,0.51253,-0.00833,0.84922,0.05629,0.87439,0.11136,0.77999,0.15659,0.51253,0.31196,0.27024,0.48109,0.14437,0.68169,0.14122,0.82722,0.29541,0.86459,0.52511,0.78789,0.6321,0.77806,0.90901,0.84885,1.01333,0.95505,1.01333,1.00833,0.90901,1.00833,0.67616,0.07399,0.51882,0.25492,0.21674,0.46535,0.06256,0.68759,0.05626,0.86852,0.22933,0.90786,0.52826],"path":"Light","edges":[6,7,7,8,8,9,9,10,10,11,11,12,12,13,13,14,14,15,15,16,16,17,17,18,18,19,19,20,20,0,0,1,1,2,2,3,3,4,4,5,5,6],"triangles":[25,13,26,1,25,0,25,26,0,17,18,19,16,17,19,16,19,20,15,16,20,26,15,20,0,26,20,14,15,26,13,14,26,24,25,1,2,24,1,12,13,25,24,12,25,3,23,2,2,23,24,23,11,24,24,11,12,23,10,11,4,22,3,22,9,10,21,8,9,5,21,4,8,7,21,6,7,21,5,6,21,9,21,22,4,21,22,10,22,23,3,22,23],"type":"mesh","transform":{},"slotPose":[1,0,0,1,0,0],"userEdges":[7,21,21,22,22,23,23,24,24,25,25,26],"width":120,"bonePose":[28,0.22801101305796517,0.9736585530483878,-0.9736585530483878,0.22801101305796517,134.264368689717,-206.998500668268,29,-0.02251284522606753,0.9997465537824208,-0.9997465537824208,-0.02251284522606753,140.96610677389862,-177.76655912051874,27,0.9371602577937552,0.3488991992136731,-0.3488991992136731,0.9371602577937552,102.73501149733966,-218.64065833063813,25,0.9444337539113709,-0.32870181696010786,0.32870181696010786,0.9444337539113709,60.27984395782362,-203.84333596503348,23,0.4841989024070807,-0.8749579549371378,0.8749579549371378,0.4841989024070807,35.59512950073275,-158.80381362995658],"height":75,"name":"Light","weights":[2,28,0.65456,29,0.34543,2,27,0.25371,28,0.74628,2,27,0.99992,28,0.00007,2,25,0.99993,27,0.00006,2,23,0.71624,25,0.28375,1,23,1,1,23,1,1,23,1,1,23,1,1,23,1,2,23,0.07238,25,0.92761,1,25,1,1,27,1,2,27,0.13465,28,0.86534,2,28,0.7431,29,0.25689,2,28,0.04267,29,0.95732,1,29,1,1,29,1,1,29,1,1,29,1,2,28,0.00743,29,0.99256,1,23,1,1,25,1,2,25,0.99987,27,0.00012,2,27,0.99995,28,0.00004,1,28,1,1,28,1]}],"name":"Light"},{"display":[{"vertices":[10.74,-198.5,-40.37,-198.8,-98.83,-197.46,-100.31,-98.76,-100.32,-49.4,-73.65,-18.61,-10.31,-15.79,41.84,-23.47,80.7,-59.5,115.71,-111.28,115.75,-170.44,93.72,-198.76,-49.15,-77.05,8.97,-132.68,88.1,-153.65,-12.75,-57.8,26.45,-100.13,95.07,-110.59,66.37,-113.06,35.19,-55.32,74.76,-91],"uvs":[0.51411,-0.0039,0.27532,-0.00552,0.00219,0.00191,-0.00467,0.54722,-0.00467,0.81987,0.11995,0.99003,0.41598,1.00552,0.65967,0.96296,0.84121,0.76378,1.00467,0.4776,1.00467,0.1508,0.90173,-0.00552,0.23444,0.6671,0.50593,0.35965,0.87556,0.24362,0.40453,0.77346,0.5877,0.53948,0.90827,0.48147,0.77416,0.46793,0.62859,0.78699,0.81341,0.58975],"path":"Body","edges":[3,4,4,5,5,6,6,7,7,8,8,9,9,10,10,11,11,0,0,1,1,2,2,3],"triangles":[20,8,17,14,17,9,17,8,9,14,9,10,11,14,10,0,14,11,14,18,17,18,20,17,13,18,14,0,13,14,20,19,8,19,7,8,18,16,20,16,19,20,13,16,18,16,15,19,19,6,7,15,6,19,13,12,16,12,15,16,1,13,0,1,12,13,3,12,1,2,3,1,12,5,15,15,5,6,4,5,12,3,4,12],"type":"mesh","transform":{},"slotPose":[1,0,0,1,0,0],"userEdges":[5,12,12,13,13,14,6,15,15,16,9,17,17,18,18,16,6,19,19,20,20,17],"width":214,"bonePose":[7,0.4040243127751921,-0.91474824661572,0.91474824661572,0.4040243127751921,-73.65,-18.61,12,0.7230877166257108,-0.6907562189839596,0.6907562189839596,0.7230877166257108,-46.25722330620563,-81.10003748601785,15,0.9745268727865772,-0.22427076094938125,0.22427076094938125,0.9745268727865772,5.253487788666432,-130.52881799394282,13,0.7230877166257108,-0.6907562189839596,0.6907562189839596,0.7230877166257108,64.20674614543697,-38.68979399477424],"height":181,"name":"Body","weights":[2,12,0.26699,15,0.733,2,12,0.78291,15,0.21708,3,7,0.0094,12,0.95151,15,0.03908,2,7,0.49221,12,0.50778,2,7,0.97959,12,0.0204,1,7,1,4,7,0.58712,12,0.11069,15,0.07216,13,0.23,4,7,0.0918,12,0.06934,15,0.10884,13,0.73,4,7,0.02292,12,0.03395,15,0.21312,13,0.73,3,7,0.00185,12,0.00177,15,0.99636,1,15,1,1,15,0.99999,2,7,0.78525,12,0.21474,2,12,0.5,15,0.5,1,15,1,4,7,0.50008,12,0.28516,15,0.04474,13,0.17,4,7,0.03968,12,0.29736,15,0.58295,13,0.08,3,7,0.0028,12,0.00353,15,0.99365,3,7,0.00785,12,0.02028,15,0.97185,4,7,0.15865,12,0.187,15,0.30434,13,0.35,4,7,0.01555,12,0.03379,15,0.60065,13,0.35]}],"name":"Body"},{"display":[{"path":"Arm_L","type":"image","name":"Arm_L","transform":{"y":-0.42,"skX":-78.09,"skY":-78.09,"x":16.97}}],"name":"Arm_L"},{"display":[{"path":"Leg1_L","type":"image","name":"Leg1_L","transform":{"y":-0.72,"skX":156.73,"skY":156.73,"x":20.87}}],"name":"Leg1_L"},{"display":[{"vertices":[67.58,-97.74,45.34,-93.41,25.81,-80.94,10.15,-63.93,0.68,-40.56,0.68,-17.18,21.72,-14.78,52.82,-14.77,81.64,-28.93,93.69,-48.24,95.69,-71.83,93.48,-97.01,84.32,-66.87,71.65,-42.94,46.35,-25.17,58.67,-76.8,39.51,-56.97,20.01,-42.28],"uvs":[0.70855,-0.01235,0.46935,0.0414,0.25944,0.19554,0.09102,0.40573,-0.01075,0.69437,-0.01075,0.98303,0.2155,1.01235,0.5499,1.01235,0.85989,0.8373,0.98925,0.5991,1.01075,0.30763,0.98681,-0.00343,0.88847,0.36892,0.7524,0.66447,0.48027,0.88403,0.61266,0.24648,0.40673,0.49136,0.19711,0.67292],"path":"Belly","edges":[4,5,5,6,6,7,7,8,8,9,9,10,10,11,11,0,0,1,1,2,2,3,3,4],"triangles":[0,12,11,13,8,9,12,9,10,11,12,10,12,13,9,15,13,12,0,15,12,13,7,8,14,7,13,15,16,13,16,14,13,1,15,0,1,2,15,2,16,15,16,17,14,14,6,7,17,6,14,2,3,16,3,17,16,4,5,17,17,5,6,3,4,17],"type":"mesh","transform":{},"slotPose":[1,0,0,1,0,0],"userEdges":[11,12,12,13,13,14,14,6,0,15,15,16,16,17,17,4],"width":93,"bonePose":[15,0.9745268727865772,-0.22427076094938125,0.22427076094938125,0.9745268727865772,5.253487788666432,-130.52881799394282,13,0.7230877166257108,-0.6907562189839596,0.6907562189839596,0.7230877166257108,64.20674614543697,-38.68979399477424,12,0.7230877166257108,-0.6907562189839596,0.6907562189839596,0.7230877166257108,-46.25722330620563,-81.10003748601785,7,0.4040243127751921,-0.91474824661572,0.91474824661572,0.4040243127751921,-73.65,-18.61],"height":81,"name":"Belly","weights":[2,15,0.9,13,0.1,3,12,0.455,15,0.455,13,0.09,4,7,0.1395,12,0.651,15,0.1395,13,0.07,3,7,0.445,12,0.445,13,0.11,2,7,0.85,13,0.15,2,7,0.95,13,0.05,2,7,0.29,13,0.71,1,13,1,1,13,1,1,13,1,2,15,0.29,13,0.71,2,15,0.91,13,0.09,3,12,0.305,15,0.305,13,0.39,4,7,0.0675,12,0.315,15,0.0675,13,0.55,3,7,0.225,12,0.225,13,0.55,3,12,0.355,15,0.355,13,0.29,4,7,0.1065,12,0.497,15,0.1065,13,0.29,3,7,0.355,12,0.355,13,0.29]}],"name":"Belly"},{"display":[{"path":"Leg2_R","type":"image","name":"Leg2_R","transform":{"y":-1.58,"skX":-49.41,"skY":-49.41,"x":18.5}}],"name":"Leg2_R"},{"display":[{"path":"Arm_R","type":"image","name":"Arm_R","transform":{"y":-0.68,"skX":-28.27,"skY":-28.27,"x":13.52}}],"name":"Arm_R"},{"display":[{"path":"Leg1_R","type":"image","name":"Leg1_R","transform":{"y":0.94,"skX":160.43,"skY":160.43,"x":22.27}}],"name":"Leg1_R"},{"display":[{"path":"Thigh_R","type":"image","name":"Thigh_R","transform":{"y":1.73,"skX":-68.72,"skY":-68.72,"x":24.81}}],"name":"Thigh_R"},{"display":[{"path":"Thigh_L","type":"image","name":"Thigh_L","transform":{"y":1.28,"skX":-64.01,"skY":-64.01,"x":30.06}}],"name":"Thigh_L"},{"display":[{"path":"UpArm_L","type":"image","name":"UpArm_L","transform":{"y":2.66,"skX":-60.72,"skY":-60.72,"x":18.3}}],"name":"UpArm_L"},{"display":[{"path":"Hand_L","type":"image","name":"Hand_L","transform":{"y":1.17,"skX":-108.41,"skY":-108.41,"x":14.88}}],"name":"Hand_L"},{"display":[{"path":"Leg2_L","type":"image","name":"Leg2_L","transform":{"y":-0.54,"skX":-53.37,"skY":-53.37,"x":17.24}}],"name":"Leg2_L"},{"display":[{"path":"Eye","type":"image","name":"Eye","transform":{"y":-1.61,"skX":13.02,"skY":13.02,"x":47.53}}],"name":"Eye"},{"display":[{"path":"Foot_L","type":"image","name":"Foot_L","transform":{"y":3.76,"skX":-28.55,"skY":-28.55,"x":19.76}}],"name":"Foot_L"},{"display":[{"path":"Hand_R","type":"image","name":"Hand_R","transform":{"y":3.86,"skX":-25.15,"skY":-25.15,"x":16.95}}],"name":"Hand_R"},{"display":[{"path":"Foot_R","type":"image","name":"Foot_R","transform":{"y":4.3,"skX":-23.55,"skY":-23.55,"x":19.83}}],"name":"Foot_R"},{"display":[{"path":"UpArm_R","type":"image","name":"UpArm_R","transform":{"y":-0.26,"skX":-98.79,"skY":-98.79,"x":32.01}}],"name":"UpArm_R"}],"name":""}],"defaultActions":[{"gotoAndPlay":"0000_daiji"}],"aabb":{"width":270.8738135719627,"y":-219.30049314285716,"height":245.52765396387565,"x":-110.33102982910563},"slot":[{"name":"Foot_L","parent":"Foot_L","color":{}},{"z":1,"name":"Leg2_L","parent":"Leg2_L","color":{}},{"z":2,"name":"Leg1_L","parent":"Leg1_L","color":{}},{"z":3,"name":"Thigh_L","parent":"Thigh_L","color":{}},{"z":4,"name":"Light","parent":"Light","color":{}},{"z":5,"name":"Hand_L","parent":"Hand_L","color":{}},{"z":6,"name":"Arm_L","parent":"Arm_L","color":{}},{"z":7,"name":"UpArm_L","parent":"UpArm_L","color":{}},{"z":8,"name":"Body","parent":"Body","color":{}},{"z":9,"name":"Eye","parent":"head","color":{}},{"z":10,"name":"Belly","parent":"Belly","color":{}},{"z":11,"name":"Hand_R","parent":"Hand_R","color":{}},{"z":12,"name":"Arm_R","parent":"Arm_R","color":{}},{"z":13,"name":"UpArm_R","parent":"UpArm_R","color":{}},{"z":14,"name":"Foot_R","parent":"Foot_R","color":{}},{"z":15,"name":"Leg2_R","parent":"Leg2_R","color":{}},{"z":16,"name":"Leg1_R","parent":"Leg1_R","color":{}},{"z":17,"name":"Thigh_R","parent":"Thigh_R","color":{}}],"name":"armatureName","ik":[{"chain":1,"bone":"Leg1_L","name":"leg_l","target":"leg_l"},{"chain":1,"bone":"Leg1_R","name":"leg_r","target":"leg_r"},{"chain":1,"bone":"Foot_R","name":"foot_r","bendPositive":"false","target":"foot_r"},{"chain":1,"bone":"Foot_L","name":"foot_l","bendPositive":"false","target":"foot_l"}]}],"name":"cw_008_juxingchanchu_gj","version":"4.0"}