{"frameRate":30,"name":"gw_015_liequanren","version":"5.5","compatibleVersion":"5.5","armature":[{"type":"Armature","frameRate":30,"name":"armatureName","aabb":{"x":-62.61,"y":-288.42,"width":144.65,"height":300.23},"bone":[{"name":"root"},{"name":"11","parent":"root","transform":{"x":-43.61,"y":-10.8}},{"name":"22","parent":"root","transform":{"x":28.29,"y":-12.38,"skX":-1.56,"skY":-1.56}},{"name":"buff_flo","parent":"root"},{"name":"buff_mid","parent":"root","transform":{"y":-157.66}},{"name":"buff_up","parent":"root","transform":{"y":-272.19}},{"name":"gw_015_liequanren_pz","parent":"root","transform":{"x":-11.96,"y":-17.67}},{"name":"heiren_kua","parent":"root","transform":{"x":-10.49,"y":-127.64,"skX":-18.77,"skY":-18.77}},{"name":"jiao2","parent":"root","transform":{"x":57.15,"y":-1.52}},{"name":"jiao1","parent":"root","transform":{"x":-14.78,"y":-1.19}},{"length":63,"name":"heiren_datui1","parent":"heiren_kua","transform":{"x":-14.82,"y":-1.9,"skX":96.95,"skY":96.95}},{"length":64,"name":"heiren_datui2","parent":"heiren_kua","transform":{"x":1.88,"y":-0.64,"skX":79.34,"skY":79.34}},{"length":40,"name":"heiren_shenti","parent":"heiren_kua","transform":{"x":-7,"y":3.71,"skX":-80.36,"skY":-80.36}},{"length":51,"name":"heiren_shenti2","parent":"heiren_shenti","transform":{"x":48.04,"y":2.25,"skX":21.2,"skY":21.2}},{"length":67,"name":"heiren_xiaotui1","parent":"heiren_datui1","transform":{"x":57,"y":0.82,"skX":4.53,"skY":4.53}},{"length":67,"name":"heiren_xiaotui2","parent":"heiren_datui2","transform":{"x":57.91,"y":-0.54,"skX":14.77,"skY":14.77}},{"length":47,"name":"heiren_dabi2","parent":"heiren_shenti2","transform":{"x":23.28,"y":15.91,"skX":122.34,"skY":122.34}},{"length":11,"name":"heiren_jiao2","parent":"heiren_xiaotui2","transform":{"x":68.78,"y":-0.39,"skX":-45.11,"skY":-45.11}},{"length":63,"name":"heiren_tou","parent":"heiren_shenti2","transform":{"x":45.37,"y":1.61,"skX":-3.34,"skY":-3.34}},{"length":52,"name":"heiren_dabi1","parent":"heiren_shenti2","transform":{"x":25.04,"y":-27.06,"skX":121.24,"skY":121.24}},{"length":12,"name":"heiren_pb_jiao1","parent":"heiren_xiaotui1","transform":{"x":68.09,"y":0.2,"skX":-37.89,"skY":-37.89}},{"name":"heiren_biyan","parent":"heiren_tou","transform":{"x":28.82,"y":12.91}},{"length":20,"name":"heiren_jiao3","parent":"heiren_jiao2","transform":{"x":11.7,"y":-0.45,"skX":-37.31,"skY":-37.31}},{"length":20,"name":"heiren_pb_jiao2","parent":"heiren_pb_jiao1","transform":{"x":12.98,"y":-1.13,"skX":-49.57,"skY":-49.57}},{"length":43,"name":"heiren_xiaobi1","parent":"heiren_dabi1","transform":{"x":50.25,"y":-1.6,"skX":-68.13,"skY":-68.13}},{"length":20,"name":"heiren_toufa1","parent":"heiren_tou","transform":{"x":22.15,"y":-7.12,"skX":-171.57,"skY":-171.57}},{"length":39,"name":"heiren_xiaobi2","parent":"heiren_dabi2","transform":{"x":46.92,"y":0.51,"skX":-73.67,"skY":-73.67}},{"length":22,"name":"heiren_shou2","parent":"heiren_xiaobi2","transform":{"x":38.73,"y":-1.06,"skX":-12.46,"skY":-12.46}},{"length":27,"name":"heiren_shou1","parent":"heiren_xiaobi1","transform":{"x":39.71,"y":0.08,"skX":-13.21,"skY":-13.21}},{"length":28,"name":"heiren_toufa2","parent":"heiren_toufa1","transform":{"x":26.45,"y":0.93,"skX":-1.3,"skY":-1.3}},{"length":23,"name":"heiren_toufa3","parent":"heiren_toufa2","transform":{"x":30.31,"y":-0.18,"skX":-3.23,"skY":-3.23}}],"slot":[{"blendMode":"erase","name":"gw_015_liequanren_pz","parent":"gw_015_liequanren_pz","color":{"aM":0}},{"blendMode":"erase","name":"buff_flo","parent":"buff_flo","color":{"aM":0}},{"name":"heiren_toufa1","parent":"heiren_toufa3"},{"name":"heiren_jiao2","parent":"heiren_jiao3"},{"name":"heiren_dabi2","parent":"heiren_dabi2"},{"name":"heiren_shou2","parent":"heiren_shou2"},{"name":"heiren_xiaobi2","parent":"heiren_xiaobi2"},{"name":"heiren_xiaotui2","parent":"heiren_xiaotui2"},{"name":"heiren_datui2","parent":"heiren_datui2"},{"name":"heiren_pb_jiao1","parent":"heiren_pb_jiao2"},{"displayIndex":-1,"name":"heiren_jiao1","parent":"root"},{"name":"heiren_xiaotui1","parent":"heiren_xiaotui1"},{"name":"heiren_datui1","parent":"heiren_datui1"},{"name":"heiren_kua","parent":"heiren_kua"},{"name":"heiren_shenti","parent":"heiren_shenti2"},{"name":"heiren_tou","parent":"heiren_tou"},{"displayIndex":-1,"name":"heiren_biyan","parent":"heiren_biyan"},{"name":"heiren_shou1","parent":"heiren_shou1"},{"name":"heiren_xiaobi1","parent":"heiren_xiaobi1"},{"name":"heiren_dabi1","parent":"heiren_dabi1"},{"blendMode":"erase","name":"buff_mid","parent":"buff_mid","color":{"aM":0}},{"blendMode":"erase","name":"buff_up","parent":"buff_up","color":{"aM":0}}],"ik":[{"chain":1,"name":"tui1","bone":"heiren_xiaotui1","target":"11"},{"chain":1,"name":"tui2","bone":"heiren_xiaotui2","target":"22"},{"bendPositive":false,"chain":1,"name":"jiao2","bone":"heiren_jiao3","target":"jiao2"},{"bendPositive":false,"chain":1,"name":"jiao1","bone":"heiren_pb_jiao2","target":"jiao1"}],"skin":[{"slot":[{"name":"heiren_shenti","display":[{"type":"mesh","name":"heiren_shenti","width":65,"height":121,"vertices":[14.8,-189.87,8.79,-169.91,7.45,-150.68,21.33,-120.2,-3.37,-109.2,-45.11,-111.47,-46.05,-148.33,-53.01,-173.22,-52.4,-200.11,-26.46,-216.12,-19.07,-230.94,1.65,-224.01,-1,-204.5,-21.91,-178,2.63,-172.87,-17.17,-157.71,-1.96,-157.89,-13.43,-141.92,2.09,-144.91],"uvs":[0.98228,0.26047,0.96389,0.43631,0.94918,0.65881,1.01538,0.95628,0.6096,1.00825,-0.01538,0.92619,0.07627,0.62721,0.01403,0.42248,-0.01538,0.19526,0.27517,0.12411,0.33374,-0.00826,0.66843,0.00951,0.69539,0.17153,0.47211,0.42351,0.85912,0.42077,0.5485,0.5931,0.81838,0.5849,0.55359,0.72715,0.82348,0.71894],"triangles":[14,16,1,1,16,2,14,1,0,2,18,3,18,4,3,17,4,18,12,14,0,16,18,2,16,15,18,15,17,18,12,13,14,15,16,14,13,15,14,17,5,4,10,9,11,11,9,12,9,13,12,9,8,13,8,7,13,6,5,17,6,17,15,13,6,15,7,6,13],"weights":[1,13,1,2,12,0.04386,13,0.95613,2,12,0.63908,13,0.36091,2,12,0.9971,13,0.00289,1,12,1,1,12,1,2,12,0.98176,13,0.01823,2,12,0.48489,13,0.5151,2,12,0.07926,13,0.92073,2,12,0.00649,13,0.9935,1,13,1,1,13,1,1,13,1,1,13,1,2,12,0.01472,13,0.98527,2,12,0.87402,13,0.12597,2,12,0.48581,13,0.51418,2,12,0.98132,13,0.01867,2,12,0.84637,13,0.15362],"slotPose":[1,0,0,1,0,0],"bonePose":[13,0.209107,-0.977893,0.977893,0.209107,-21.325214,-169.663309,12,-0.158675,-0.987331,0.987331,-0.158675,-15.923958,-121.874916],"edges":[5,4,4,3,3,2,2,1,1,0,0,12,12,11,11,10,10,9,9,8,8,7,7,6,6,5],"userEdges":[]}]},{"name":"heiren_xiaobi2","display":[{"type":"mesh","name":"heiren_xiaobi2","width":33,"height":51,"vertices":[66.66,-188.04,72.62,-161.32,23.42,-144.21,16.39,-174.43],"uvs":[1.0002,1.01311,0.1703,1.01959,-0.03028,0.00635,0.90993,-0.00663],"triangles":[2,1,3,3,1,0],"weights":[1,26,1,1,26,1,1,26,1,1,26,1],"slotPose":[1,0,0,1,0,0],"bonePose":[26,0.872411,-0.488774,0.488774,0.872411,32.261499,-155.903396],"edges":[2,1,1,0,0,3,3,2],"userEdges":[]}]},{"name":"heiren_shou2","display":[{"type":"mesh","name":"heiren_shou2","width":17,"height":32,"vertices":[83.49,-201.58,93,-185.14,63.57,-168.13,54.07,-184.57],"uvs":[1.05882,1.03125,-0.05882,1.03125,-0.05882,-0.03125,1.05882,-0.03125],"triangles":[1,0,3,2,1,3],"weights":[1,27,1,1,27,1,1,27,1,1,27,1],"slotPose":[1,0,0,1,0,0],"bonePose":[27,0.746406,-0.665491,0.665491,0.746406,65.531866,-175.75835],"edges":[1,0,0,3,3,2,2,1],"userEdges":[]}]},{"name":"heiren_shou1","display":[{"type":"mesh","name":"heiren_shou1","width":23,"height":33,"vertices":[50.98,-213,62.54,-190.84,31.52,-174.65,19.95,-196.81],"uvs":[1.04348,1.0303,-0.04348,1.0303,-0.04348,-0.0303,1.04348,-0.0303],"triangles":[1,0,3,2,1,3],"weights":[1,28,1,1,28,1,1,28,1,1,28,1],"slotPose":[1,0,0,1,0,0],"bonePose":[28,0.787688,-0.616074,0.616074,0.787688,31.186721,-183.100074],"edges":[1,0,0,3,3,2,2,1],"userEdges":[]}]},{"name":"heiren_xiaotui2","display":[{"type":"mesh","name":"heiren_xiaotui2","width":30,"height":82,"vertices":[56.02,-12.45,25.72,-2.15,1.2,-79.22,30.17,-88.51],"uvs":[1.03333,1.0122,-0.03333,1.0122,0.01907,0.02614,1.03331,0.03253],"triangles":[3,2,0,2,1,0],"weights":[1,15,1,1,15,1,1,15,1,1,15,1],"slotPose":[1,0,0,1,0,0],"bonePose":[15,0.253083,0.967445,-0.967445,0.253083,20.00905,-78.679125],"edges":[1,0,0,3,3,2,2,1],"userEdges":[]}]},{"name":"heiren_jiao2","display":[{"type":"mesh","name":"heiren_jiao2","width":42,"height":26,"vertices":[53.01,-14.86,58.85,-16.09,63.92,-14.73,69.21,-11.42,66.27,-2.31,58.78,1.24,42.26,4.05,31.3,6.54,23.33,-12.48,41.94,-20.73],"uvs":[0.6998,0.38084,0.8393,0.42445,0.9383,0.54803,1.02379,0.7443,0.87531,1.02392,0.67823,1.03846,0.25523,0.84946,-0.0238,0.75496,-0.02381,-0.03846,0.47931,-0.0312],"triangles":[2,4,3,0,5,1,5,4,2,1,5,2,9,6,0,0,6,5,8,7,6,8,6,9],"weights":[2,17,0.00107,22,0.99891,1,22,1,1,22,1,1,22,1,1,22,1,1,22,1,2,17,0.68382,22,0.31617,2,17,0.99806,22,0.00193,1,17,1,2,17,0.6333,22,0.36669],"slotPose":[1,0,0,1,0,0],"bonePose":[17,0.864011,0.503472,-0.503472,0.864011,37.793375,-12.236983,22,0.992375,-0.123255,0.123255,0.992375,48.12887,-6.735161],"edges":[8,7,7,6,6,5,5,4,4,3,3,2,2,1,1,0,0,9,9,8],"userEdges":[]}]},{"name":"buff_flo","display":[{"name":"buff_flo","transform":{"x":0.6}}]},{"name":"heiren_kua","display":[{"type":"mesh","name":"heiren_kua","width":51,"height":36,"vertices":[16.34,-115.11,-33.83,-98.06,-46.06,-134.03,4.12,-151.08],"uvs":[1.01961,1.02778,-0.01961,1.02778,-0.01961,-0.02778,1.01961,-0.02778],"triangles":[1,0,3,2,1,3],"weights":[1,7,1,1,7,1,1,7,1,1,7,1],"slotPose":[1,0,0,1,0,0],"bonePose":[7,0.946818,-0.32177,0.32177,0.946818,-10.49,-127.64],"edges":[1,0,0,3,3,2,2,1],"userEdges":[]}]},{"name":"heiren_datui1","display":[{"type":"mesh","name":"heiren_datui1","width":38,"height":77,"vertices":[13.16,-62.27,-24.71,-49.41,-50.1,-124.22,-12.24,-137.06],"uvs":[1.02632,1.01299,-0.02632,1.01299,-0.02632,-0.01299,1.02632,-0.01299],"triangles":[1,0,3,2,1,3],"weights":[1,10,1,1,10,1,1,10,1,1,10,1],"slotPose":[1,0,0,1,0,0],"bonePose":[10,0.204838,0.978796,-0.978796,0.204838,-25.133204,-124.670323],"edges":[1,0,0,3,3,2,2,1],"userEdges":[]}]},{"name":"heiren_jiao1","display":[{"type":"mesh","name":"heiren_jiao1","width":38,"height":35,"vertices":[11.5,1.66,14.45,2.51,18.17,3.19,22.4,6.14,26.49,16.91,11.42,25.08,-7.88,16.73,-16.61,-0.82,-0.24,-9.12,4.59,-3.79],"uvs":[0.68811,0.43659,0.74779,0.49599,0.83234,0.52838,0.89202,0.69039,0.86218,1.01777,0.39923,1.02855,-0.02632,0.53177,-0.02632,-0.02857,0.46389,-0.02857,1.02632,-0.02857],"triangles":[8,0,9,2,1,3,5,4,3,1,5,3,0,5,1,8,6,0,6,5,0,7,6,8],"weights":[1,23,1,2,20,0.0001,23,0.99989,2,20,0.00003,23,0.99996,1,23,1,1,23,1,2,20,0.14678,23,0.85321,2,20,0.99521,23,0.00478,1,20,1,2,20,0.91121,23,0.08878,2,20,0.49644,23,0.50355],"slotPose":[1,0,0,1,0,0],"bonePose":[23,0.996566,-0.082808,0.082808,0.996566,4.185144,7.201823,20,0.709325,0.704882,-0.704882,0.709325,-5.818408,-1.146007],"edges":[7,6,6,5,5,4,4,3,3,2,2,1,1,0,0,9,9,8,8,7],"userEdges":[]}]},{"name":"heiren_dabi1","display":[{"type":"mesh","name":"heiren_dabi1","width":31,"height":62,"vertices":[9.03,-177.02,-8.24,-152.37,-56.44,-185.51,-41.66,-210.49],"uvs":[0.93615,0.96274,-0.03225,0.92536,0.09587,-0.01612,1.03226,-0.01613],"triangles":[2,1,0,2,0,3],"weights":[1,19,1,1,19,1,1,19,1,1,19,1],"slotPose":[1,0,0,1,0,0],"bonePose":[19,0.727653,0.685945,-0.685945,0.727653,-42.550966,-199.80817],"edges":[1,0,0,3,3,2,2,1],"userEdges":[]}]},{"name":"buff_up","display":[{"name":"buff_up","transform":{"x":0.6,"y":-1.21}}]},{"name":"heiren_xiaobi1","display":[{"name":"heiren_xiaobi1","transform":{"x":16.31,"y":0.19,"skX":-92.66,"skY":-92.66}}]},{"name":"heiren_pb_jiao1","display":[{"type":"mesh","name":"heiren_pb_jiao1","width":42,"height":30,"vertices":[17.56,-1.66,20.53,-1.01,25.43,1.86,26.63,9.08,11.23,17.83,-2.4,17.19,-13.32,15.72,-19.73,-0.88,-2.59,-9.38,6.32,-1.36],"uvs":[0.89348,0.54592,0.95014,0.60939,1.02381,0.76805,0.9728,1.0016,0.55107,1.03326,0.2054,0.77153,-0.0238,0.55733,0.01585,-0.03332,0.49441,-0.01746,0.64981,0.38713],"triangles":[1,3,2,0,4,3,0,3,1,9,4,0,5,4,9,8,5,9,6,5,8,7,6,8],"weights":[1,23,1,1,23,1,1,23,1,1,23,1,2,20,0.00822,23,0.99177,2,20,0.83602,23,0.16397,1,20,1,1,20,1,2,20,0.69362,23,0.30636,2,20,0.01464,23,0.98535],"slotPose":[1,0,0,1,0,0],"bonePose":[23,0.996566,-0.082808,0.082808,0.996566,4.185144,7.201823,20,0.709325,0.704882,-0.704882,0.709325,-5.818408,-1.146007],"edges":[6,5,5,4,4,3,3,2,2,1,1,0,0,9,9,8,8,7,7,6],"userEdges":[]}]},{"name":"heiren_xiaotui1","display":[{"type":"mesh","name":"heiren_xiaotui1","width":41,"height":79,"vertices":[7.49,-38.41,10.58,0.42,-18.21,10.19,-33.26,-34.2,-30.26,-71.25,-3.52,-80.33],"uvs":[0.95028,0.53472,0.71741,1.01264,-0.02439,1.01266,-0.02439,0.41935,0.33551,-0.01265,1.02439,-0.01266],"triangles":[3,2,1,3,1,0,4,3,0,4,0,5],"weights":[1,14,1,1,14,1,1,14,1,1,14,1,1,14,1,1,14,1],"slotPose":[1,0,0,1,0,0],"bonePose":[14,0.126891,0.991917,-0.991917,0.126891,-14.260066,-68.710987],"edges":[2,1,1,0,0,5,5,4,4,3,3,2],"userEdges":[]}]},{"name":"gw_015_liequanren_pz","display":[{"name":"gw_015_liequanren_pz","transform":{"x":13.33,"y":-130.89,"scX":8.43,"scY":29.6}}]},{"name":"heiren_biyan","display":[{"type":"mesh","name":"heiren_biyan","width":43,"height":19,"vertices":[23.51,-227.06,-21.47,-228.21,-20.94,-249.2,24.05,-248.04],"uvs":[1.02326,1.05263,-0.02326,1.05263,-0.02326,-0.05263,1.02326,-0.05263],"triangles":[1,0,3,2,1,3],"weights":[1,21,1,1,21,1,1,21,1,1,21,1],"slotPose":[1,0,0,1,0,0],"bonePose":[21,0.151778,-0.988415,0.988415,0.151778,6.871043,-240.220295],"edges":[1,0,0,3,3,2,2,1],"userEdges":[]}]},{"name":"heiren_dabi2","display":[{"type":"mesh","name":"heiren_dabi2","width":23,"height":60,"vertices":[47.14,-157.37,29.26,-139.92,-14.04,-184.28,3.84,-201.73],"uvs":[1.04348,1.01667,-0.04348,1.01667,-0.04348,-0.01667,1.04348,-0.01667],"triangles":[1,0,3,2,1,3],"weights":[1,16,1,1,16,1,1,16,1,1,16,1],"slotPose":[1,0,0,1,0,0],"bonePose":[16,0.714351,0.699788,-0.699788,0.714351,-0.898937,-189.101769],"edges":[1,0,0,3,3,2,2,1],"userEdges":[]}]},{"name":"heiren_tou","display":[{"type":"mesh","name":"heiren_tou","width":67,"height":90,"vertices":[32,-196.55,-36.97,-198.32,-34.61,-290.29,34.36,-288.52],"uvs":[1.01493,1.01111,-0.01493,1.01111,-0.01493,-0.01111,1.01493,-0.01111],"triangles":[1,0,3,2,1,3],"weights":[1,18,1,1,18,1,1,18,1,1,18,1],"slotPose":[1,0,0,1,0,0],"bonePose":[18,0.151778,-0.988415,0.988415,0.151778,-10.263641,-213.693647],"edges":[1,0,0,3,3,2,2,1],"userEdges":[]}]},{"name":"heiren_datui2","display":[{"type":"mesh","name":"heiren_datui2","width":37,"height":74,"vertices":[36.23,-70.67,-0.7,-58.13,-25.13,-130.08,11.79,-142.62],"uvs":[1.02703,1.01351,-0.02703,1.01351,-0.02703,-0.01351,1.02703,-0.01351],"triangles":[1,0,3,2,1,3],"weights":[1,11,1,1,11,1,1,11,1,1,11,1],"slotPose":[1,0,0,1,0,0],"bonePose":[11,0.49136,0.870957,-0.870957,0.49136,-8.915915,-128.850891],"edges":[1,0,0,3,3,2,2,1],"userEdges":[]}]},{"name":"buff_mid","display":[{"name":"buff_mid"}]},{"name":"heiren_toufa1","display":[{"type":"mesh","name":"heiren_toufa1","width":72,"height":96,"vertices":[-0.41,-233.45,-4.22,-213.69,2.83,-191.65,2.69,-160.55,-15.65,-147.46,-57.97,-152.52,-70.96,-174.69,-68.67,-199.45,-42.97,-220.35,-28.05,-244.13,-9.37,-245.31],"uvs":[0.94493,0.11073,0.89895,0.3176,1.00469,0.54516,1.01388,0.86904,0.76394,1.01041,0.1746,0.96903,-0.01389,0.74169,0.00909,0.48309,0.35848,0.25851,0.55707,0.00682,0.81621,-0.01042],"triangles":[8,6,2,5,4,2,6,5,2,1,8,2,4,3,2,7,6,8,9,1,0,10,9,0,9,8,1],"weights":[1,25,1,3,25,0.77333,29,0.2162,30,0.01046,3,25,0.10079,29,0.58113,30,0.31807,2,29,0.10028,30,0.89971,2,29,0.00256,30,0.99743,2,29,0.08038,30,0.91961,2,29,0.46676,30,0.53322,2,29,0.83107,30,0.16891,2,25,0.22256,29,0.77743,2,25,0.99113,29,0.00886,1,25,0.99999],"slotPose":[1,0,0,1,0,0],"bonePose":[25,-0.295041,0.955485,-0.955485,-0.295041,-13.939262,-236.667691,29,-0.273288,0.961932,-0.961932,-0.273288,-22.631699,-211.669512,30,-0.218654,0.975802,-0.975802,-0.218654,-30.741902,-182.464151],"edges":[6,5,5,4,4,3,3,2,2,1,1,0,0,10,10,9,9,8,8,7,7,6],"userEdges":[]}]}]}],"animation":[{"duration":20,"name":"0000_chuchang","bone":[{"name":"heiren_kua","translateFrame":[{"duration":5,"curve":[0.25,0,1,0.51],"x":14.49,"y":-53.35},{"duration":5,"curve":[0,0.34,0.75,1],"x":15.08,"y":-4.65},{"duration":10,"curve":[0.25,0,1,0.54],"x":15.08,"y":17.31},{"duration":0}],"rotateFrame":[{"duration":10,"curve":[0.25,0,1,0.51],"rotate":-2.91},{"duration":10,"curve":[0.25,0,1,0.54],"rotate":-2.91},{"duration":0}]},{"name":"heiren_shenti","rotateFrame":[{"duration":10,"rotate":-2.06},{"duration":10,"curve":[0.25,0,1,0.54],"rotate":-2.06},{"duration":0}]},{"name":"heiren_shenti2","translateFrame":[{"duration":10,"x":-1.26,"y":-0.2},{"duration":10,"curve":[0.25,0,1,0.54],"x":-1.26,"y":-0.2},{"duration":0}],"rotateFrame":[{"duration":5,"rotate":-15.73},{"duration":5,"curve":[0,0.34,0.75,1],"rotate":-15.73},{"duration":10,"curve":[0.25,0,1,0.54],"rotate":20.62},{"duration":0}]},{"name":"heiren_dabi1","rotateFrame":[{"duration":5,"rotate":-86.88},{"duration":5,"curve":[0,0.34,0.75,1],"rotate":-86.88},{"duration":10,"curve":[0.25,0,1,0.54],"rotate":7.25},{"duration":0}]},{"name":"heiren_xiaobi1","rotateFrame":[{"duration":5,"rotate":32.1},{"duration":5,"curve":[0,0.34,0.75,1],"rotate":32.1},{"duration":10,"curve":[0.25,0,1,0.54],"rotate":-30.11},{"duration":0}]},{"name":"heiren_dabi2","rotateFrame":[{"duration":5,"rotate":-73.99},{"duration":5,"curve":[0,0.34,0.75,1],"rotate":-73.99},{"duration":10,"curve":[0.25,0,1,0.54],"rotate":17.27},{"duration":0}]},{"name":"heiren_xiaobi2","rotateFrame":[{"duration":5,"rotate":24.45},{"duration":5,"curve":[0,0.34,0.75,1],"rotate":24.45},{"duration":10,"curve":[0.25,0,1,0.54],"rotate":-33.62},{"duration":0}]},{"name":"heiren_tou","rotateFrame":[{"duration":5,"rotate":17.58},{"duration":5,"curve":[0,0.34,0.75,1],"rotate":17.58},{"duration":10,"curve":[0.25,0,1,0.54],"rotate":12.62},{"duration":0}]},{"name":"heiren_biyan","translateFrame":[{"duration":20,"x":-1.92,"y":8.87}]},{"name":"heiren_toufa1","rotateFrame":[{"duration":5,"rotate":7.1},{"duration":5,"curve":[0,0.34,0.75,1],"rotate":7.1},{"duration":10,"curve":[0.25,0,1,0.54],"rotate":-1.59},{"duration":0}]},{"name":"heiren_toufa2","rotateFrame":[{"duration":5,"rotate":13.8},{"duration":5,"curve":[0,0.34,0.75,1],"rotate":13.8},{"duration":10,"curve":[0.25,0,1,0.54],"rotate":-33.12},{"duration":0}]},{"name":"heiren_toufa3","rotateFrame":[{"duration":5,"rotate":35.07},{"duration":5,"curve":[0,0.34,0.75,1],"rotate":35.07},{"duration":10,"curve":[0.25,0,1,0.54],"rotate":-40.97},{"duration":0}]},{"name":"11","translateFrame":[{"duration":5,"curve":[0.25,0,1,0.51],"x":16.85,"y":-71.59},{"duration":5,"curve":[0,0.34,0.75,1],"x":10.09,"y":-13.65},{"duration":10}]},{"name":"22","translateFrame":[{"duration":5,"curve":[0.25,0,1,0.51],"x":4.91,"y":-76.21},{"duration":5,"curve":[0,0.34,0.75,1],"x":7.12,"y":-7.72},{"duration":10}]},{"name":"jiao1","translateFrame":[{"duration":5,"curve":[0.25,0,1,0.51],"x":6.75,"y":-57.93},{"duration":15}]},{"name":"jiao2","translateFrame":[{"duration":5,"curve":[0.25,0,1,0.51],"x":-0.33,"y":-68.53},{"duration":15}]}],"ik":[{"name":"tui2","frame":[{"duration":20}]},{"name":"tui1","frame":[{"duration":20}]},{"name":"jiao1","frame":[{"duration":20,"bendPositive":false}]}],"zOrder":{"frame":[{"duration":20}]}},{"duration":60,"name":"0001_daiji","bone":[{"name":"heiren_kua","translateFrame":[{"duration":30,"curve":[0.25,0,0.75,1]},{"duration":30,"curve":[0.25,0,0.75,1],"x":0.55,"y":1.66},{"duration":0}]},{"name":"heiren_shenti2","translateFrame":[{"duration":30,"curve":[0.25,0,0.75,1]},{"duration":30,"curve":[0.25,0,0.75,1],"x":-1.26,"y":-0.2},{"duration":0}]},{"name":"heiren_dabi1","rotateFrame":[{"duration":28,"curve":[0.25,0,0.75,1]},{"duration":32,"curve":[0.25,0,0.75,1],"rotate":4.25},{"duration":0}]},{"name":"heiren_xiaobi1","rotateFrame":[{"duration":30,"curve":[0.25,0,0.75,1]},{"duration":30,"curve":[0.25,0,0.75,1],"rotate":-3.34},{"duration":0}]},{"name":"heiren_shou1","rotateFrame":[{"duration":33,"curve":[0.25,0,0.75,1]},{"duration":27,"curve":[0.25,0,0.75,1],"rotate":-3.61},{"duration":0}]},{"name":"heiren_dabi2","rotateFrame":[{"duration":27,"curve":[0.25,0,0.75,1]},{"duration":33,"curve":[0.25,0,0.75,1],"rotate":-6.03},{"duration":0}]},{"name":"heiren_xiaobi2","rotateFrame":[{"duration":30,"curve":[0.25,0,0.75,1]},{"duration":30,"curve":[0.25,0,0.75,1],"rotate":6.89},{"duration":0}]},{"name":"heiren_shou2","rotateFrame":[{"duration":33,"curve":[0.25,0,0.75,1]},{"duration":27,"curve":[0.25,0,0.75,1],"rotate":7.22},{"duration":0}]},{"name":"heiren_tou","rotateFrame":[{"duration":35,"curve":[0.25,0,0.75,1]},{"duration":25,"curve":[0.25,0,0.75,1],"rotate":1.67},{"duration":0}]},{"name":"heiren_biyan","translateFrame":[{"duration":60,"x":-1.92,"y":8.87}]},{"name":"heiren_toufa1","rotateFrame":[{"duration":25,"curve":[0.25,0,0.75,1]},{"duration":35,"curve":[0.25,0,0.75,1],"rotate":1.55},{"duration":0}]},{"name":"heiren_toufa2","rotateFrame":[{"duration":30,"curve":[0.25,0,0.75,1]},{"duration":30,"curve":[0.25,0,0.75,1],"rotate":-2.47},{"duration":0}]},{"name":"heiren_toufa3","rotateFrame":[{"duration":35,"curve":[0.25,0,0.75,1]},{"duration":25,"curve":[0.25,0,0.75,1],"rotate":-8.64},{"duration":0}]}],"slot":[{"name":"heiren_biyan","displayFrame":[{"duration":10,"value":-1},{"duration":3},{"duration":47,"value":-1}]}]},{"duration":30,"name":"0002_pao","bone":[{"name":"heiren_kua","translateFrame":[{"duration":8,"tweenEasing":0,"x":6.76,"y":6.09},{"duration":7,"tweenEasing":0,"x":6.76,"y":-1.63},{"duration":8,"tweenEasing":0,"x":6.76,"y":6.09},{"duration":7,"tweenEasing":0,"x":6.76,"y":-1.63},{"duration":0,"x":6.76,"y":6.09}],"rotateFrame":[{"duration":30,"rotate":31.21}]},{"name":"heiren_shenti2","rotateFrame":[{"duration":8,"tweenEasing":0,"rotate":-11.1},{"duration":7,"tweenEasing":0,"rotate":-14.41},{"duration":8,"tweenEasing":0,"rotate":-11.1},{"duration":7,"tweenEasing":0,"rotate":-14.41},{"duration":0,"rotate":-11.1}]},{"name":"heiren_dabi1","rotateFrame":[{"duration":5,"tweenEasing":0,"rotate":50.08},{"duration":5,"tweenEasing":0,"rotate":85.33},{"duration":5,"tweenEasing":0,"rotate":102.57},{"duration":5,"tweenEasing":0,"rotate":65.99},{"duration":5,"tweenEasing":0,"rotate":20.98},{"duration":5,"tweenEasing":0,"rotate":-11.42},{"duration":0,"rotate":50.08}]},{"name":"heiren_xiaobi1","rotateFrame":[{"duration":15},{"duration":10,"tweenEasing":0},{"duration":5,"tweenEasing":0,"rotate":-10.84},{"duration":0}]},{"name":"heiren_dabi2","rotateFrame":[{"duration":5,"tweenEasing":0,"rotate":82.83},{"duration":5,"tweenEasing":0,"rotate":26.43},{"duration":5,"tweenEasing":0,"rotate":-9.93},{"duration":5,"tweenEasing":0,"rotate":56.53},{"duration":5,"tweenEasing":0,"rotate":111.45},{"duration":5,"tweenEasing":0,"rotate":135.76},{"duration":0,"rotate":82.83}]},{"name":"heiren_xiaobi2","rotateFrame":[{"duration":15},{"duration":10,"tweenEasing":0},{"duration":5,"tweenEasing":0,"rotate":10.45},{"duration":0}]},{"name":"heiren_tou","rotateFrame":[{"duration":30,"rotate":-10.6}]},{"name":"heiren_biyan","translateFrame":[{"duration":30,"x":-1.92,"y":8.87}]},{"name":"heiren_toufa1","rotateFrame":[{"duration":5,"tweenEasing":0,"rotate":4.39},{"duration":10,"tweenEasing":0,"rotate":7.61},{"duration":5,"tweenEasing":0,"rotate":4.39},{"duration":10,"tweenEasing":0,"rotate":7.61},{"duration":0,"rotate":4.39}]},{"name":"heiren_toufa2","rotateFrame":[{"duration":8,"tweenEasing":0,"rotate":7.63},{"duration":7,"tweenEasing":0,"rotate":13.76},{"duration":8,"tweenEasing":0,"rotate":7.63},{"duration":7,"tweenEasing":0,"rotate":13.76},{"duration":0,"rotate":7.63}]},{"name":"heiren_toufa3","rotateFrame":[{"duration":10,"tweenEasing":0,"rotate":10.39},{"duration":5,"tweenEasing":0,"rotate":20.94},{"duration":10,"tweenEasing":0,"rotate":10.39},{"duration":5,"tweenEasing":0,"rotate":20.94},{"duration":0,"rotate":10.39}]},{"name":"11","translateFrame":[{"duration":5,"tweenEasing":0,"x":-6.76,"y":-32.49},{"duration":5,"tweenEasing":0,"x":37.17,"y":-19.45},{"duration":5,"tweenEasing":0,"x":101.39,"y":0.06},{"duration":5,"tweenEasing":0,"x":42.87,"y":-3.88},{"duration":5,"tweenEasing":0,"x":-40.35,"y":-5.44},{"duration":5,"tweenEasing":0,"x":-35.61,"y":-55.11},{"duration":0,"x":-6.76,"y":-32.49}]},{"name":"heiren_datui1","translateFrame":[{"duration":5,"tweenEasing":0},{"duration":5,"tweenEasing":0,"x":8.6,"y":12.84},{"duration":5,"tweenEasing":0,"x":9.75,"y":5.42},{"duration":5,"tweenEasing":0},{"duration":10,"tweenEasing":0,"x":1.8,"y":2.65},{"duration":0}]},{"name":"22","translateFrame":[{"duration":5,"tweenEasing":0,"x":-35.19,"y":0.96},{"duration":5,"tweenEasing":0,"x":-116.38,"y":-10.9},{"duration":5,"tweenEasing":0,"x":-98.17,"y":-43.97},{"duration":5,"tweenEasing":0,"x":-67.31,"y":-42.83},{"duration":5,"tweenEasing":0,"x":-34.36,"y":-23.84},{"duration":5,"tweenEasing":0,"x":28.31,"y":0.63},{"duration":0,"x":-35.19,"y":0.96}]},{"name":"heiren_datui2","translateFrame":[{"duration":5,"tweenEasing":0},{"duration":5,"tweenEasing":0,"x":-6.79,"y":5.15},{"duration":5,"tweenEasing":0,"x":-9.88,"y":5.46},{"duration":5,"tweenEasing":0},{"duration":10,"tweenEasing":0,"x":-9.38,"y":4.5},{"duration":0}]},{"name":"jiao1","translateFrame":[{"duration":5,"tweenEasing":0,"x":-35.2,"y":-10.83},{"duration":5,"tweenEasing":0,"x":31.6,"y":-9.31},{"duration":5,"tweenEasing":0,"x":102.86,"y":-17.33},{"duration":5,"tweenEasing":0,"x":43.05,"y":-3.82},{"duration":5,"tweenEasing":0,"x":-48.29,"y":-0.44},{"duration":5,"tweenEasing":0,"x":-82.12,"y":-38.29},{"duration":0,"x":-35.2,"y":-10.83}]},{"name":"jiao2","translateFrame":[{"duration":5,"tweenEasing":0,"x":-35.2},{"duration":5,"tweenEasing":0,"x":-129.69,"y":-0.81},{"duration":5,"tweenEasing":0,"x":-134.56,"y":-24.05},{"duration":5,"tweenEasing":0,"x":-105.87,"y":-23.35},{"duration":5,"tweenEasing":0,"x":-49.46,"y":-8.98},{"duration":5,"tweenEasing":0,"x":29.45,"y":-17.27},{"duration":0,"x":-35.2}]}],"zOrder":{"frame":[{"duration":30}]}},{"duration":30,"name":"0003_chongci","bone":[{"name":"heiren_kua","translateFrame":[{"duration":8,"tweenEasing":0,"x":6.76,"y":6.09},{"duration":7,"tweenEasing":0,"x":6.76,"y":-1.63},{"duration":8,"tweenEasing":0,"x":6.76,"y":6.09},{"duration":7,"tweenEasing":0,"x":6.76,"y":-1.63},{"duration":0,"x":6.76,"y":6.09}],"rotateFrame":[{"duration":30,"rotate":31.21}]},{"name":"heiren_shenti2","rotateFrame":[{"duration":8,"tweenEasing":0,"rotate":-11.1},{"duration":7,"tweenEasing":0,"rotate":-14.41},{"duration":8,"tweenEasing":0,"rotate":-11.1},{"duration":7,"tweenEasing":0,"rotate":-14.41},{"duration":0,"rotate":-11.1}]},{"name":"heiren_dabi1","rotateFrame":[{"duration":5,"tweenEasing":0,"rotate":50.08},{"duration":5,"tweenEasing":0,"rotate":85.33},{"duration":5,"tweenEasing":0,"rotate":102.57},{"duration":5,"tweenEasing":0,"rotate":65.99},{"duration":5,"tweenEasing":0,"rotate":20.98},{"duration":5,"tweenEasing":0,"rotate":-11.42},{"duration":0,"rotate":50.08}]},{"name":"heiren_xiaobi1","rotateFrame":[{"duration":15},{"duration":10,"tweenEasing":0},{"duration":5,"tweenEasing":0,"rotate":-10.84},{"duration":0}]},{"name":"heiren_dabi2","rotateFrame":[{"duration":5,"tweenEasing":0,"rotate":82.83},{"duration":5,"tweenEasing":0,"rotate":26.43},{"duration":5,"tweenEasing":0,"rotate":-9.93},{"duration":5,"tweenEasing":0,"rotate":56.53},{"duration":5,"tweenEasing":0,"rotate":111.45},{"duration":5,"tweenEasing":0,"rotate":135.76},{"duration":0,"rotate":82.83}]},{"name":"heiren_xiaobi2","rotateFrame":[{"duration":15},{"duration":10,"tweenEasing":0},{"duration":5,"tweenEasing":0,"rotate":10.45},{"duration":0}]},{"name":"heiren_tou","rotateFrame":[{"duration":30,"rotate":-10.6}]},{"name":"heiren_biyan","translateFrame":[{"duration":30,"x":-1.92,"y":8.87}]},{"name":"heiren_toufa1","rotateFrame":[{"duration":5,"tweenEasing":0,"rotate":4.39},{"duration":10,"tweenEasing":0,"rotate":7.61},{"duration":5,"tweenEasing":0,"rotate":4.39},{"duration":10,"tweenEasing":0,"rotate":7.61},{"duration":0,"rotate":4.39}]},{"name":"heiren_toufa2","rotateFrame":[{"duration":8,"tweenEasing":0,"rotate":7.63},{"duration":7,"tweenEasing":0,"rotate":13.76},{"duration":8,"tweenEasing":0,"rotate":7.63},{"duration":7,"tweenEasing":0,"rotate":13.76},{"duration":0,"rotate":7.63}]},{"name":"heiren_toufa3","rotateFrame":[{"duration":10,"tweenEasing":0,"rotate":10.39},{"duration":5,"tweenEasing":0,"rotate":20.94},{"duration":10,"tweenEasing":0,"rotate":10.39},{"duration":5,"tweenEasing":0,"rotate":20.94},{"duration":0,"rotate":10.39}]},{"name":"11","translateFrame":[{"duration":5,"tweenEasing":0,"x":-6.76,"y":-32.49},{"duration":5,"tweenEasing":0,"x":37.17,"y":-19.45},{"duration":5,"tweenEasing":0,"x":101.39,"y":0.06},{"duration":5,"tweenEasing":0,"x":42.87,"y":-3.88},{"duration":5,"tweenEasing":0,"x":-40.35,"y":-5.44},{"duration":5,"tweenEasing":0,"x":-35.61,"y":-55.11},{"duration":0,"x":-6.76,"y":-32.49}]},{"name":"heiren_datui1","translateFrame":[{"duration":5,"tweenEasing":0},{"duration":5,"tweenEasing":0,"x":8.6,"y":12.84},{"duration":5,"tweenEasing":0,"x":9.75,"y":5.42},{"duration":5,"tweenEasing":0},{"duration":10,"tweenEasing":0,"x":1.8,"y":2.65},{"duration":0}]},{"name":"22","translateFrame":[{"duration":5,"tweenEasing":0,"x":-35.19,"y":0.96},{"duration":5,"tweenEasing":0,"x":-116.38,"y":-10.9},{"duration":5,"tweenEasing":0,"x":-98.17,"y":-43.97},{"duration":5,"tweenEasing":0,"x":-67.31,"y":-42.83},{"duration":5,"tweenEasing":0,"x":-34.36,"y":-23.84},{"duration":5,"tweenEasing":0,"x":28.31,"y":0.63},{"duration":0,"x":-35.19,"y":0.96}]},{"name":"heiren_datui2","translateFrame":[{"duration":5,"tweenEasing":0},{"duration":5,"tweenEasing":0,"x":-6.79,"y":5.15},{"duration":5,"tweenEasing":0,"x":-9.88,"y":5.46},{"duration":5,"tweenEasing":0},{"duration":10,"tweenEasing":0,"x":-9.38,"y":4.5},{"duration":0}]},{"name":"jiao1","translateFrame":[{"duration":5,"tweenEasing":0,"x":-35.2,"y":-10.83},{"duration":5,"tweenEasing":0,"x":31.6,"y":-9.31},{"duration":5,"tweenEasing":0,"x":102.86,"y":-17.33},{"duration":5,"tweenEasing":0,"x":43.05,"y":-3.82},{"duration":5,"tweenEasing":0,"x":-48.29,"y":-0.44},{"duration":5,"tweenEasing":0,"x":-82.12,"y":-38.29},{"duration":0,"x":-35.2,"y":-10.83}]},{"name":"jiao2","translateFrame":[{"duration":5,"tweenEasing":0,"x":-35.2},{"duration":5,"tweenEasing":0,"x":-129.69,"y":-0.81},{"duration":5,"tweenEasing":0,"x":-134.56,"y":-24.05},{"duration":5,"tweenEasing":0,"x":-105.87,"y":-23.35},{"duration":5,"tweenEasing":0,"x":-49.46,"y":-8.98},{"duration":5,"tweenEasing":0,"x":29.45,"y":-17.27},{"duration":0,"x":-35.2}]}]},{"duration":0,"name":"0004_tiaoyue_yanshi","bone":[{"name":"heiren_kua","translateFrame":[{"duration":0,"x":15.08,"y":-4.65}],"rotateFrame":[{"duration":0,"rotate":-2.91}]},{"name":"heiren_shenti","rotateFrame":[{"duration":0,"rotate":-2.06}]},{"name":"heiren_shenti2","translateFrame":[{"duration":0,"x":-1.26,"y":-0.2}],"rotateFrame":[{"duration":0,"rotate":-15.73}]},{"name":"heiren_dabi1","rotateFrame":[{"duration":0,"rotate":-86.88}]},{"name":"heiren_xiaobi1","rotateFrame":[{"duration":0,"rotate":32.1}]},{"name":"heiren_dabi2","rotateFrame":[{"duration":0,"rotate":-73.99}]},{"name":"heiren_xiaobi2","rotateFrame":[{"duration":0,"rotate":24.45}]},{"name":"heiren_tou","rotateFrame":[{"duration":0,"rotate":17.58}]},{"name":"heiren_biyan","translateFrame":[{"duration":0,"x":-1.92,"y":8.87}]},{"name":"heiren_toufa1","rotateFrame":[{"duration":0,"rotate":7.1}]},{"name":"heiren_toufa2","rotateFrame":[{"duration":0,"rotate":13.8}]},{"name":"heiren_toufa3","rotateFrame":[{"duration":0,"rotate":35.07}]},{"name":"11","translateFrame":[{"duration":0,"x":10.09,"y":-13.65}]},{"name":"22","translateFrame":[{"duration":0,"x":7.12,"y":-7.72}]}]},{"duration":0,"name":"0005_tiaoyue_shang","bone":[{"name":"heiren_kua","translateFrame":[{"duration":0,"x":15.08,"y":-4.65}],"rotateFrame":[{"duration":0,"rotate":-2.91}]},{"name":"heiren_shenti","rotateFrame":[{"duration":0,"rotate":-2.06}]},{"name":"heiren_shenti2","translateFrame":[{"duration":0,"x":-1.26,"y":-0.2}],"rotateFrame":[{"duration":0,"rotate":-15.73}]},{"name":"heiren_dabi1","rotateFrame":[{"duration":0,"rotate":-86.88}]},{"name":"heiren_xiaobi1","rotateFrame":[{"duration":0,"rotate":32.1}]},{"name":"heiren_dabi2","rotateFrame":[{"duration":0,"rotate":-73.99}]},{"name":"heiren_xiaobi2","rotateFrame":[{"duration":0,"rotate":24.45}]},{"name":"heiren_tou","rotateFrame":[{"duration":0,"rotate":17.58}]},{"name":"heiren_biyan","translateFrame":[{"duration":0,"x":-1.92,"y":8.87}]},{"name":"heiren_toufa1","rotateFrame":[{"duration":0,"rotate":7.1}]},{"name":"heiren_toufa2","rotateFrame":[{"duration":0,"rotate":13.8}]},{"name":"heiren_toufa3","rotateFrame":[{"duration":0,"rotate":35.07}]},{"name":"11","translateFrame":[{"duration":0,"x":10.09,"y":-13.65}]},{"name":"22","translateFrame":[{"duration":0,"x":7.12,"y":-7.72}]}]},{"duration":0,"name":"0006_tiaoyue_zhong","bone":[{"name":"heiren_kua","translateFrame":[{"duration":0,"x":15.08,"y":-4.65}],"rotateFrame":[{"duration":0,"rotate":-2.91}]},{"name":"heiren_shenti","rotateFrame":[{"duration":0,"rotate":-2.06}]},{"name":"heiren_shenti2","translateFrame":[{"duration":0,"x":-1.26,"y":-0.2}],"rotateFrame":[{"duration":0,"rotate":-15.73}]},{"name":"heiren_dabi1","rotateFrame":[{"duration":0,"rotate":-86.88}]},{"name":"heiren_xiaobi1","rotateFrame":[{"duration":0,"rotate":32.1}]},{"name":"heiren_dabi2","rotateFrame":[{"duration":0,"rotate":-73.99}]},{"name":"heiren_xiaobi2","rotateFrame":[{"duration":0,"rotate":24.45}]},{"name":"heiren_tou","rotateFrame":[{"duration":0,"rotate":17.58}]},{"name":"heiren_biyan","translateFrame":[{"duration":0,"x":-1.92,"y":8.87}]},{"name":"heiren_toufa1","rotateFrame":[{"duration":0,"rotate":7.1}]},{"name":"heiren_toufa2","rotateFrame":[{"duration":0,"rotate":13.8}]},{"name":"heiren_toufa3","rotateFrame":[{"duration":0,"rotate":35.07}]},{"name":"11","translateFrame":[{"duration":0,"x":10.09,"y":-13.65}]},{"name":"22","translateFrame":[{"duration":0,"x":7.12,"y":-7.72}]}]},{"duration":0,"name":"0007_tiaoyue_xia","bone":[{"name":"heiren_kua","translateFrame":[{"duration":0,"x":15.08,"y":-4.65}],"rotateFrame":[{"duration":0,"rotate":-2.91}]},{"name":"heiren_shenti","rotateFrame":[{"duration":0,"rotate":-2.06}]},{"name":"heiren_shenti2","translateFrame":[{"duration":0,"x":-1.26,"y":-0.2}],"rotateFrame":[{"duration":0,"rotate":-15.73}]},{"name":"heiren_dabi1","rotateFrame":[{"duration":0,"rotate":-86.88}]},{"name":"heiren_xiaobi1","rotateFrame":[{"duration":0,"rotate":32.1}]},{"name":"heiren_dabi2","rotateFrame":[{"duration":0,"rotate":-73.99}]},{"name":"heiren_xiaobi2","rotateFrame":[{"duration":0,"rotate":24.45}]},{"name":"heiren_tou","rotateFrame":[{"duration":0,"rotate":17.58}]},{"name":"heiren_biyan","translateFrame":[{"duration":0,"x":-1.92,"y":8.87}]},{"name":"heiren_toufa1","rotateFrame":[{"duration":0,"rotate":7.1}]},{"name":"heiren_toufa2","rotateFrame":[{"duration":0,"rotate":13.8}]},{"name":"heiren_toufa3","rotateFrame":[{"duration":0,"rotate":35.07}]},{"name":"11","translateFrame":[{"duration":0,"x":10.09,"y":-13.65}]},{"name":"22","translateFrame":[{"duration":0,"x":7.12,"y":-7.72}]}]},{"duration":15,"name":"0008_shouji1","bone":[{"name":"root","translateFrame":[{"duration":3,"curve":[0.268,0,0.618,0.41]},{"duration":12,"curve":[0.344,0.37,0.757,1],"x":-19.35},{"duration":0}]},{"name":"heiren_kua","translateFrame":[{"duration":3,"curve":[0.276,0,0.6214999999999999,0.395]},{"duration":12,"curve":[0.33199999999999996,0.325,0.757,1],"x":-1.38,"y":10.39},{"duration":0}],"rotateFrame":[{"duration":3,"curve":[0.276,0,0.6214999999999999,0.395]},{"duration":12,"curve":[0.33199999999999996,0.325,0.757,1],"rotate":9.92},{"duration":0}]},{"name":"heiren_shenti","rotateFrame":[{"duration":3,"curve":[0.268,0,0.618,0.41]},{"duration":12,"curve":[0.344,0.37,0.757,1],"rotate":0.15},{"duration":0}]},{"name":"heiren_shenti2","rotateFrame":[{"duration":5,"curve":[0.25,0,0.625,0.5]},{"duration":10,"curve":[0.375,0.5,0.75,1],"rotate":7.05},{"duration":0}]},{"name":"heiren_dabi1","rotateFrame":[{"duration":5,"curve":[0.264,0,0.617,0.42]},{"duration":10,"curve":[0.351,0.4,0.756,1],"rotate":16.55},{"duration":0}]},{"name":"heiren_xiaobi1","rotateFrame":[{"duration":10,"curve":[0.243,0,0.648,0.6]},{"duration":5,"curve":[0.382,0.57,0.735,1],"rotate":17.55},{"duration":0}]},{"name":"heiren_dabi2","rotateFrame":[{"duration":5,"curve":[0.264,0,0.617,0.42]},{"duration":10,"curve":[0.351,0.4,0.756,1],"rotate":13.98},{"duration":0}]},{"name":"heiren_xiaobi2","rotateFrame":[{"duration":10,"curve":[0.243,0,0.648,0.6]},{"duration":5,"curve":[0.382,0.57,0.735,1],"rotate":24.75},{"duration":0}]},{"name":"heiren_tou","rotateFrame":[{"duration":7,"curve":[0.242,0,0.655,0.62]},{"duration":8,"curve":[0.381,0.58,0.731,1],"rotate":14.85},{"duration":0}]},{"name":"heiren_biyan","translateFrame":[{"duration":15,"x":-1.92,"y":8.87}]},{"name":"heiren_toufa1","rotateFrame":[{"duration":7,"curve":[0.242,0,0.655,0.62]},{"duration":8,"curve":[0.381,0.58,0.731,1],"rotate":-0.82},{"duration":0}]},{"name":"heiren_toufa2","rotateFrame":[{"duration":9,"curve":[0.245,0,0.637,0.55]},{"duration":6,"curve":[0.381,0.54,0.742,1],"rotate":7.4},{"duration":0}]},{"name":"heiren_toufa3","rotateFrame":[{"duration":12,"curve":[0.242,0,0.679,0.71]},{"duration":3,"curve":[0.374,0.61,0.715,1],"rotate":20.43},{"duration":0}]}],"slot":[{"name":"heiren_biyan","displayFrame":[{"duration":15}]}]},{"duration":15,"name":"0009_shouji2","bone":[{"name":"root","translateFrame":[{"duration":3,"curve":[0.315,0,0.649,0.34]},{"duration":12,"curve":[0.288,0.13,0.631,0.5],"x":-8.84},{"duration":0}]},{"name":"heiren_kua","translateFrame":[{"duration":3,"curve":[0.3175,0,0.6515,0.34]},{"duration":12,"curve":[0.2925,0.125,0.633,0.49],"x":1.1,"y":7.18},{"duration":0}],"rotateFrame":[{"duration":3,"curve":[0.3175,0,0.6515,0.34]},{"duration":12,"curve":[0.2925,0.125,0.633,0.49],"rotate":-2.23},{"duration":0}]},{"name":"heiren_shenti","rotateFrame":[{"duration":3,"curve":[0.315,0,0.649,0.34]},{"duration":12,"curve":[0.288,0.13,0.631,0.5],"rotate":-9.48},{"duration":0}]},{"name":"heiren_shenti2","rotateFrame":[{"duration":5,"curve":[0.29,0,0.629,0.37]},{"duration":10,"curve":[0.298,0.21,0.649,0.6],"rotate":-11.46},{"duration":0}]},{"name":"heiren_dabi1","rotateFrame":[{"duration":3,"curve":[0.313,0,0.647,0.34]},{"duration":12,"curve":[0.286,0.13,0.631,0.51],"rotate":-8.95},{"duration":0}]},{"name":"heiren_xiaobi1","rotateFrame":[{"duration":6,"curve":[0.297,0,0.634,0.36]},{"duration":9,"curve":[0.315,0.27,0.672,0.68],"rotate":-14.32},{"duration":0}]},{"name":"heiren_shou1","rotateFrame":[{"duration":3,"curve":[0.284,0,0.625,0.38]},{"duration":7,"curve":[0.302,0.23,0.669,0.67],"rotate":-0.2},{"duration":5,"curve":[0.382,0.57,0.735,1],"rotate":-5.29},{"duration":0}]},{"name":"heiren_dabi2","rotateFrame":[{"duration":3,"curve":[0.313,0,0.647,0.34]},{"duration":12,"curve":[0.286,0.13,0.631,0.51],"rotate":-12.24},{"duration":0}]},{"name":"heiren_xiaobi2","rotateFrame":[{"duration":6,"curve":[0.273,0,0.619,0.4]},{"duration":9,"curve":[0.315,0.27,0.672,0.68],"rotate":-21.37},{"duration":0}]},{"name":"heiren_shou2","rotateFrame":[{"duration":10,"curve":[0.243,0,0.648,0.6]},{"duration":5,"curve":[0.382,0.57,0.735,1],"rotate":-10.72},{"duration":0}]},{"name":"heiren_tou","rotateFrame":[{"duration":8,"curve":[0.26,0,0.617,0.44]},{"duration":7,"curve":[0.33,0.32,0.68,0.7],"rotate":-5.98},{"duration":0}]},{"name":"heiren_biyan","translateFrame":[{"duration":15,"x":-1.92,"y":8.87}]},{"name":"heiren_toufa1","rotateFrame":[{"duration":8,"curve":[0.26,0,0.617,0.44]},{"duration":7,"curve":[0.33,0.32,0.68,0.7],"rotate":8.3},{"duration":0}]},{"name":"heiren_toufa2","rotateFrame":[{"duration":11,"curve":[0.254,0,0.62,0.47]},{"duration":4,"curve":[0.332,0.33,0.669,0.67],"rotate":7.5},{"duration":0}]}],"slot":[{"name":"heiren_biyan","displayFrame":[{"duration":15}]}]},{"duration":15,"name":"0010_fukongdaodi","bone":[{"name":"heiren_kua","translateFrame":[{"duration":3,"tweenEasing":0,"x":-4.37,"y":-10.93},{"duration":3,"tweenEasing":0,"x":-4.37,"y":-10.93},{"duration":3,"tweenEasing":0,"x":-5.58,"y":16.31},{"duration":6,"tweenEasing":0,"x":11.97,"y":88.38},{"duration":0,"x":12.58,"y":97.47}],"rotateFrame":[{"duration":3,"tweenEasing":0},{"duration":3,"tweenEasing":0,"rotate":-14.64},{"duration":3,"tweenEasing":0,"rotate":-41.23},{"duration":6,"tweenEasing":0,"rotate":-60.5},{"duration":0,"rotate":-72.26}]},{"name":"heiren_shenti","rotateFrame":[{"duration":3,"tweenEasing":0},{"duration":6,"rotate":2.97},{"duration":6,"tweenEasing":0,"rotate":2.97},{"duration":0,"rotate":-11.28}]},{"name":"heiren_shenti2","rotateFrame":[{"duration":3},{"duration":3,"tweenEasing":0},{"duration":3,"tweenEasing":0,"rotate":-12.17},{"duration":6,"tweenEasing":0,"rotate":2.71},{"duration":0,"rotate":-10.99}]},{"name":"heiren_dabi1","rotateFrame":[{"duration":3,"tweenEasing":0,"rotate":13.75},{"duration":3,"tweenEasing":0,"rotate":6.05},{"duration":3,"tweenEasing":0,"rotate":-22.63},{"duration":6,"tweenEasing":0,"rotate":-54.17},{"duration":0,"rotate":63.5}]},{"name":"heiren_xiaobi1","rotateFrame":[{"duration":3,"tweenEasing":0,"rotate":34.17},{"duration":3,"rotate":43.1},{"duration":3,"tweenEasing":0,"rotate":43.1},{"duration":6,"tweenEasing":0,"rotate":27.1},{"duration":0,"rotate":52.56}]},{"name":"heiren_dabi2","rotateFrame":[{"duration":3,"tweenEasing":0},{"duration":3,"tweenEasing":0,"rotate":-23.92},{"duration":3,"tweenEasing":0,"rotate":-31.46},{"duration":6,"tweenEasing":0,"rotate":-54.43},{"duration":0,"rotate":74.41}]},{"name":"heiren_xiaobi2","rotateFrame":[{"duration":3,"tweenEasing":0,"rotate":35.77},{"duration":3,"tweenEasing":0,"rotate":43.6},{"duration":3,"tweenEasing":0,"rotate":61.06},{"duration":6,"tweenEasing":0,"rotate":24},{"duration":0,"rotate":46.38}]},{"name":"heiren_tou","rotateFrame":[{"duration":3,"tweenEasing":0,"rotate":19.02},{"duration":3,"tweenEasing":0,"rotate":13.96},{"duration":3,"rotate":-6.11},{"duration":6,"tweenEasing":0,"rotate":-6.11},{"duration":0,"rotate":-12.99}]},{"name":"heiren_biyan","translateFrame":[{"duration":15,"x":-1.92,"y":8.87}]},{"name":"heiren_toufa1","rotateFrame":[{"duration":3,"tweenEasing":0},{"duration":6,"rotate":-2.6},{"duration":6,"tweenEasing":0,"rotate":-2.6},{"duration":0,"rotate":17.79}]},{"name":"heiren_toufa2","rotateFrame":[{"duration":3,"tweenEasing":0},{"duration":12,"rotate":-13.97}]},{"name":"heiren_toufa3","rotateFrame":[{"duration":3,"tweenEasing":0},{"duration":12,"rotate":-3.79}]},{"name":"heiren_datui1","rotateFrame":[{"duration":3,"rotate":-11.74},{"duration":3,"tweenEasing":0,"rotate":-11.74},{"duration":3,"tweenEasing":0,"rotate":-24.88},{"duration":6,"tweenEasing":0,"rotate":-46.78},{"duration":0,"rotate":-15.56}]},{"name":"heiren_xiaotui1","rotateFrame":[{"duration":3,"tweenEasing":0,"rotate":26.89},{"duration":3,"tweenEasing":0,"rotate":19.55},{"duration":9,"rotate":17.59}]},{"name":"heiren_datui2","rotateFrame":[{"duration":3,"tweenEasing":0,"rotate":-13.17},{"duration":3,"tweenEasing":0,"rotate":-14.69},{"duration":3,"tweenEasing":0,"rotate":-30.48},{"duration":6,"tweenEasing":0,"rotate":-38.14},{"duration":0,"rotate":-0.42}]},{"name":"heiren_xiaotui2","rotateFrame":[{"duration":3,"tweenEasing":0,"rotate":24.55},{"duration":3,"tweenEasing":0,"rotate":17.77},{"duration":3,"tweenEasing":0,"rotate":7.03},{"duration":6,"tweenEasing":0,"rotate":3.35},{"duration":0,"rotate":27.78}]},{"name":"heiren_pb_jiao1","rotateFrame":[{"duration":3,"tweenEasing":0},{"duration":12,"rotate":9.82}]},{"name":"heiren_pb_jiao2","rotateFrame":[{"duration":3},{"duration":3,"tweenEasing":0},{"duration":9,"rotate":13.4}]},{"name":"heiren_jiao2","rotateFrame":[{"duration":3,"tweenEasing":0},{"duration":3,"tweenEasing":0,"rotate":9.01},{"duration":9,"rotate":26.34}]},{"name":"heiren_jiao3","rotateFrame":[{"duration":3},{"duration":3,"tweenEasing":0},{"duration":9,"rotate":-0.52}]},{"name":"gw_015_liequanren_pz","translateFrame":[{"duration":3,"tweenEasing":0},{"duration":3,"tweenEasing":0},{"duration":3,"tweenEasing":0,"x":-24.84,"y":-22.42},{"duration":6,"tweenEasing":0,"x":-24.23,"y":-1.81},{"duration":0,"x":-39.38,"y":30.29}],"scaleFrame":[{"duration":3,"tweenEasing":0},{"duration":3,"tweenEasing":0,"x":1.31},{"duration":3,"tweenEasing":0,"x":2.51,"y":0.74},{"duration":6,"tweenEasing":0,"x":2.94,"y":0.46},{"duration":0,"x":3.54,"y":0.3}]}],"slot":[{"name":"heiren_biyan","displayFrame":[{"duration":15}]}],"ik":[{"name":"tui2","frame":[{"duration":15,"weight":0}]},{"name":"tui1","frame":[{"duration":15,"weight":0}]},{"name":"jiao2","frame":[{"duration":15,"bendPositive":false,"weight":0}]},{"name":"jiao1","frame":[{"duration":15,"bendPositive":false,"weight":0}]}]},{"duration":3,"name":"0011_jifeishangsheng","bone":[{"name":"heiren_kua","translateFrame":[{"duration":3,"x":-4.37,"y":-10.93}],"rotateFrame":[{"duration":3,"tweenEasing":0},{"duration":0,"rotate":-14.64}]},{"name":"heiren_shenti","rotateFrame":[{"duration":3,"tweenEasing":0},{"duration":0,"rotate":2.97}]},{"name":"heiren_dabi1","rotateFrame":[{"duration":3,"tweenEasing":0,"rotate":13.75},{"duration":0,"rotate":6.05}]},{"name":"heiren_xiaobi1","rotateFrame":[{"duration":3,"tweenEasing":0,"rotate":34.17},{"duration":0,"rotate":43.1}]},{"name":"heiren_dabi2","rotateFrame":[{"duration":3,"tweenEasing":0},{"duration":0,"rotate":-23.92}]},{"name":"heiren_xiaobi2","rotateFrame":[{"duration":3,"tweenEasing":0,"rotate":35.77},{"duration":0,"rotate":43.6}]},{"name":"heiren_tou","rotateFrame":[{"duration":3,"tweenEasing":0,"rotate":19.02},{"duration":0,"rotate":13.96}]},{"name":"heiren_biyan","translateFrame":[{"duration":3,"x":-1.92,"y":8.87}]},{"name":"heiren_toufa1","rotateFrame":[{"duration":3,"tweenEasing":0},{"duration":0,"rotate":-2.6}]},{"name":"heiren_toufa2","rotateFrame":[{"duration":3,"tweenEasing":0},{"duration":0,"rotate":-13.97}]},{"name":"heiren_toufa3","rotateFrame":[{"duration":3,"tweenEasing":0},{"duration":0,"rotate":-3.79}]},{"name":"heiren_datui1","rotateFrame":[{"duration":3,"rotate":-11.74}]},{"name":"heiren_xiaotui1","rotateFrame":[{"duration":3,"tweenEasing":0,"rotate":26.89},{"duration":0,"rotate":19.55}]},{"name":"heiren_datui2","rotateFrame":[{"duration":3,"tweenEasing":0,"rotate":-13.17},{"duration":0,"rotate":-14.69}]},{"name":"heiren_xiaotui2","rotateFrame":[{"duration":3,"tweenEasing":0,"rotate":24.55},{"duration":0,"rotate":17.77}]},{"name":"heiren_pb_jiao1","rotateFrame":[{"duration":3,"tweenEasing":0},{"duration":0,"rotate":9.82}]},{"name":"heiren_jiao2","rotateFrame":[{"duration":3,"tweenEasing":0},{"duration":0,"rotate":9.01}]},{"name":"gw_015_liequanren_pz","scaleFrame":[{"duration":3,"tweenEasing":0},{"duration":0,"x":1.31}]}],"slot":[{"name":"heiren_biyan","displayFrame":[{"duration":3}]}],"ik":[{"name":"jiao2","frame":[{"duration":3,"bendPositive":false}]},{"name":"jiao1","frame":[{"duration":3,"bendPositive":false}]}]},{"duration":0,"name":"0012_jifeixialuo","bone":[{"name":"heiren_kua","translateFrame":[{"duration":0,"x":-5.58,"y":16.31}],"rotateFrame":[{"duration":0,"rotate":-41.23}]},{"name":"heiren_shenti","rotateFrame":[{"duration":0,"rotate":2.97}]},{"name":"heiren_shenti2","rotateFrame":[{"duration":0,"rotate":-12.17}]},{"name":"heiren_dabi1","rotateFrame":[{"duration":0,"rotate":-22.63}]},{"name":"heiren_xiaobi1","rotateFrame":[{"duration":0,"rotate":43.1}]},{"name":"heiren_dabi2","rotateFrame":[{"duration":0,"rotate":-31.46}]},{"name":"heiren_xiaobi2","rotateFrame":[{"duration":0,"rotate":61.06}]},{"name":"heiren_tou","rotateFrame":[{"duration":0,"rotate":-6.11}]},{"name":"heiren_biyan","translateFrame":[{"duration":0,"x":-1.92,"y":8.87}]},{"name":"heiren_toufa1","rotateFrame":[{"duration":0,"rotate":-2.6}]},{"name":"heiren_toufa2","rotateFrame":[{"duration":0,"rotate":-13.97}]},{"name":"heiren_toufa3","rotateFrame":[{"duration":0,"rotate":-3.79}]},{"name":"heiren_datui1","rotateFrame":[{"duration":0,"rotate":-24.88}]},{"name":"heiren_xiaotui1","rotateFrame":[{"duration":0,"rotate":17.59}]},{"name":"heiren_datui2","rotateFrame":[{"duration":0,"rotate":-30.48}]},{"name":"heiren_xiaotui2","rotateFrame":[{"duration":0,"rotate":7.03}]},{"name":"heiren_pb_jiao1","rotateFrame":[{"duration":0,"rotate":9.82}]},{"name":"heiren_pb_jiao2","rotateFrame":[{"duration":0,"rotate":13.4}]},{"name":"heiren_jiao2","rotateFrame":[{"duration":0,"rotate":26.34}]},{"name":"heiren_jiao3","rotateFrame":[{"duration":0,"rotate":-0.52}]},{"name":"gw_015_liequanren_pz","translateFrame":[{"duration":0,"x":-24.84,"y":-22.42}],"scaleFrame":[{"duration":0,"x":2.51,"y":0.74}]}],"slot":[{"name":"heiren_biyan","displayFrame":[{"duration":0}]}],"ik":[{"name":"tui2","frame":[{"duration":0,"weight":0}]},{"name":"tui1","frame":[{"duration":0,"weight":0}]},{"name":"jiao2","frame":[{"duration":0,"bendPositive":false,"weight":0}]},{"name":"jiao1","frame":[{"duration":0,"bendPositive":false,"weight":0}]}]},{"duration":6,"name":"0013_daodi","bone":[{"name":"heiren_kua","translateFrame":[{"duration":6,"tweenEasing":0,"x":11.97,"y":88.38},{"duration":0,"x":12.58,"y":97.47}],"rotateFrame":[{"duration":6,"tweenEasing":0,"rotate":-60.5},{"duration":0,"rotate":-72.26}]},{"name":"heiren_shenti","rotateFrame":[{"duration":6,"tweenEasing":0,"rotate":2.97},{"duration":0,"rotate":-11.28}]},{"name":"heiren_shenti2","rotateFrame":[{"duration":6,"tweenEasing":0,"rotate":2.71},{"duration":0,"rotate":-10.99}]},{"name":"heiren_dabi1","rotateFrame":[{"duration":6,"tweenEasing":0,"rotate":-54.17},{"duration":0,"rotate":63.5}]},{"name":"heiren_xiaobi1","rotateFrame":[{"duration":6,"tweenEasing":0,"rotate":27.1},{"duration":0,"rotate":52.56}]},{"name":"heiren_dabi2","rotateFrame":[{"duration":6,"tweenEasing":0,"rotate":-54.43},{"duration":0,"rotate":74.41}]},{"name":"heiren_xiaobi2","rotateFrame":[{"duration":6,"tweenEasing":0,"rotate":24},{"duration":0,"rotate":46.38}]},{"name":"heiren_tou","rotateFrame":[{"duration":6,"tweenEasing":0,"rotate":-6.11},{"duration":0,"rotate":-12.99}]},{"name":"heiren_biyan","translateFrame":[{"duration":6,"x":-1.92,"y":8.87}]},{"name":"heiren_toufa1","rotateFrame":[{"duration":6,"tweenEasing":0,"rotate":-2.6},{"duration":0,"rotate":17.79}]},{"name":"heiren_toufa2","rotateFrame":[{"duration":6,"rotate":-13.97}]},{"name":"heiren_toufa3","rotateFrame":[{"duration":6,"rotate":-3.79}]},{"name":"heiren_datui1","rotateFrame":[{"duration":6,"tweenEasing":0,"rotate":-46.78},{"duration":0,"rotate":-15.56}]},{"name":"heiren_xiaotui1","rotateFrame":[{"duration":6,"rotate":17.59}]},{"name":"heiren_datui2","rotateFrame":[{"duration":6,"tweenEasing":0,"rotate":-38.14},{"duration":0,"rotate":-0.42}]},{"name":"heiren_xiaotui2","rotateFrame":[{"duration":6,"tweenEasing":0,"rotate":3.35},{"duration":0,"rotate":27.78}]},{"name":"heiren_pb_jiao1","rotateFrame":[{"duration":6,"rotate":9.82}]},{"name":"heiren_pb_jiao2","rotateFrame":[{"duration":6,"rotate":13.4}]},{"name":"heiren_jiao2","rotateFrame":[{"duration":6,"rotate":26.34}]},{"name":"heiren_jiao3","rotateFrame":[{"duration":6,"rotate":-0.52}]},{"name":"gw_015_liequanren_pz","translateFrame":[{"duration":6,"tweenEasing":0,"x":-24.23,"y":-1.81},{"duration":0,"x":-39.38,"y":30.29}],"scaleFrame":[{"duration":6,"tweenEasing":0,"x":2.94,"y":0.46},{"duration":0,"x":3.54,"y":0.3}]}],"slot":[{"name":"heiren_biyan","displayFrame":[{"duration":6}]}],"ik":[{"name":"tui2","frame":[{"duration":6,"weight":0}]},{"name":"tui1","frame":[{"duration":6,"weight":0}]},{"name":"jiao2","frame":[{"duration":6,"bendPositive":false,"weight":0}]},{"name":"jiao1","frame":[{"duration":6,"bendPositive":false,"weight":0}]}]},{"name":"0014_siwang","bone":[{"name":"heiren_kua","translateFrame":[{"x":12.58,"y":97.47}],"rotateFrame":[{"rotate":-72.26}]},{"name":"heiren_shenti","rotateFrame":[{"rotate":-11.28}]},{"name":"heiren_shenti2","rotateFrame":[{"rotate":-10.99}]},{"name":"heiren_dabi1","rotateFrame":[{"rotate":63.5}]},{"name":"heiren_xiaobi1","rotateFrame":[{"rotate":52.56}]},{"name":"heiren_dabi2","rotateFrame":[{"rotate":74.41}]},{"name":"heiren_xiaobi2","rotateFrame":[{"rotate":46.38}]},{"name":"heiren_tou","rotateFrame":[{"rotate":-12.99}]},{"name":"heiren_biyan","translateFrame":[{"x":-1.92,"y":8.87}]},{"name":"heiren_toufa1","rotateFrame":[{"rotate":17.79}]},{"name":"heiren_toufa2","rotateFrame":[{"rotate":-13.97}]},{"name":"heiren_toufa3","rotateFrame":[{"rotate":-3.79}]},{"name":"heiren_datui1","rotateFrame":[{"rotate":-15.56}]},{"name":"heiren_xiaotui1","rotateFrame":[{"rotate":17.59}]},{"name":"heiren_datui2","rotateFrame":[{"rotate":-0.42}]},{"name":"heiren_xiaotui2","rotateFrame":[{"rotate":27.78}]},{"name":"heiren_pb_jiao1","rotateFrame":[{"rotate":9.82}]},{"name":"heiren_pb_jiao2","rotateFrame":[{"rotate":13.4}]},{"name":"heiren_jiao2","rotateFrame":[{"rotate":26.34}]},{"name":"heiren_jiao3","rotateFrame":[{"rotate":-0.52}]},{"name":"gw_015_liequanren_pz","translateFrame":[{"x":-39.38,"y":30.29}],"scaleFrame":[{"x":3.54,"y":0.3}]}],"slot":[{"name":"heiren_biyan","displayFrame":[{}]}],"ik":[{"name":"tui2","frame":[{"weight":0}]},{"name":"tui1","frame":[{"weight":0}]},{"name":"jiao2","frame":[{"tweenEasing":0,"bendPositive":false,"weight":0},{"duration":0,"weight":0}]},{"name":"jiao1","frame":[{"bendPositive":false,"weight":0}]}]},{"duration":6,"name":"0015_daodiqishen","bone":[{"name":"heiren_kua","translateFrame":[{"duration":6,"x":12.58,"y":97.47}],"rotateFrame":[{"duration":6,"rotate":-72.26}]},{"name":"heiren_shenti","rotateFrame":[{"duration":6,"curve":[0.315,0,0.649,0.34],"rotate":-11.28},{"duration":0,"rotate":18.36}]},{"name":"heiren_shenti2","rotateFrame":[{"duration":6,"curve":[0.29,0,0.629,0.37],"rotate":-10.99},{"duration":0,"rotate":16.67}]},{"name":"heiren_dabi1","rotateFrame":[{"duration":6,"curve":[0.313,0,0.647,0.34],"rotate":63.5},{"duration":0,"rotate":88.85}]},{"name":"heiren_xiaobi1","rotateFrame":[{"duration":6,"curve":[0.297,0,0.634,0.36],"rotate":52.56},{"duration":0,"rotate":-19.99}]},{"name":"heiren_dabi2","rotateFrame":[{"duration":6,"curve":[0.313,0,0.647,0.34],"rotate":74.41},{"duration":0,"rotate":13.73}]},{"name":"heiren_xiaobi2","rotateFrame":[{"duration":6,"rotate":46.38}]},{"name":"heiren_tou","rotateFrame":[{"duration":6,"curve":[0.26,0,0.617,0.44],"rotate":-12.99},{"duration":0,"rotate":22.07}]},{"name":"heiren_biyan","translateFrame":[{"duration":6,"x":-1.92,"y":8.87}]},{"name":"heiren_toufa1","rotateFrame":[{"duration":6,"rotate":17.79}]},{"name":"heiren_toufa2","rotateFrame":[{"duration":6,"rotate":-13.97}]},{"name":"heiren_toufa3","rotateFrame":[{"duration":6,"rotate":-3.79}]},{"name":"heiren_datui1","rotateFrame":[{"duration":6,"curve":[0.25,0,0.75,1],"rotate":-15.56},{"duration":0,"rotate":-35.72}]},{"name":"heiren_xiaotui1","rotateFrame":[{"duration":6,"curve":[0.25,0,0.75,1],"rotate":17.59},{"duration":0,"rotate":52.66}]},{"name":"heiren_datui2","rotateFrame":[{"duration":6,"curve":[0.25,0,0.75,1],"rotate":-0.42},{"duration":0,"rotate":-21.07}]},{"name":"heiren_xiaotui2","rotateFrame":[{"duration":6,"curve":[0.25,0,0.75,1],"rotate":27.78},{"duration":0,"rotate":64.56}]},{"name":"heiren_pb_jiao1","rotateFrame":[{"duration":6,"rotate":9.82}]},{"name":"heiren_pb_jiao2","rotateFrame":[{"duration":6,"rotate":13.4}]},{"name":"heiren_jiao2","rotateFrame":[{"duration":6,"rotate":26.34}]},{"name":"heiren_jiao3","rotateFrame":[{"duration":6,"rotate":-0.52}]},{"name":"gw_015_liequanren_pz","translateFrame":[{"duration":6,"tweenEasing":0,"x":-39.38,"y":30.29},{"duration":0,"x":-5.96,"y":13.15}],"scaleFrame":[{"duration":6,"tweenEasing":0,"x":3.54,"y":0.3},{"duration":0,"x":2.36,"y":0.55}]}],"slot":[{"name":"heiren_biyan","displayFrame":[{"duration":6}]}],"ik":[{"name":"tui2","frame":[{"duration":6,"weight":0}]},{"name":"tui1","frame":[{"duration":6,"weight":0}]},{"name":"jiao2","frame":[{"duration":6,"bendPositive":false,"weight":0}]},{"name":"jiao1","frame":[{"duration":6,"bendPositive":false,"weight":0}]}]},{"duration":60,"name":"0016_xuruo","bone":[{"name":"heiren_kua","translateFrame":[{"duration":25,"curve":[0.25,0,0.625,0.5],"x":2.5,"y":1.5},{"duration":35,"curve":[0.375,0.5,0.75,1],"x":3.05,"y":5.41},{"duration":0,"x":2.5,"y":1.5}]},{"name":"heiren_shenti","rotateFrame":[{"duration":25,"curve":[0.25,0,0.625,0.5]},{"duration":35,"curve":[0.375,0.5,0.75,1],"rotate":1.21},{"duration":0}]},{"name":"heiren_shenti2","rotateFrame":[{"duration":30,"curve":[0.25,0,0.625,0.5]},{"duration":30,"curve":[0.375,0.5,0.75,1],"rotate":1.53},{"duration":0}]},{"name":"heiren_dabi1","rotateFrame":[{"duration":25,"curve":[0.25,0,0.625,0.5],"rotate":64.08},{"duration":35,"curve":[0.375,0.5,0.75,1],"rotate":65.61},{"duration":0,"rotate":64.08}]},{"name":"heiren_xiaobi1","rotateFrame":[{"duration":30,"curve":[0.25,0,0.625,0.5],"rotate":39.13},{"duration":30,"curve":[0.375,0.5,0.75,1],"rotate":42.48},{"duration":0,"rotate":39.13}]},{"name":"heiren_shou1","rotateFrame":[{"duration":35,"curve":[0.245,0,0.634,0.54]},{"duration":25,"curve":[0.38,0.53,0.743,1],"rotate":1.9},{"duration":0}]},{"name":"heiren_dabi2","rotateFrame":[{"duration":25,"curve":[0.25,0,0.625,0.5],"rotate":44.5},{"duration":35,"curve":[0.375,0.5,0.75,1],"rotate":45.68},{"duration":0,"rotate":44.5}]},{"name":"heiren_xiaobi2","rotateFrame":[{"duration":30,"curve":[0.25,0,0.625,0.5],"rotate":51.08},{"duration":30,"curve":[0.375,0.5,0.75,1],"rotate":53.62},{"duration":0,"rotate":51.08}]},{"name":"heiren_shou2","rotateFrame":[{"duration":35,"curve":[0.245,0,0.634,0.54]},{"duration":25,"curve":[0.38,0.53,0.743,1],"rotate":2.66},{"duration":0}]},{"name":"heiren_tou","rotateFrame":[{"duration":35,"curve":[0.245,0,0.634,0.54],"rotate":19.55},{"duration":25,"curve":[0.38,0.53,0.743,1],"rotate":23.32},{"duration":0,"rotate":19.55}]},{"name":"heiren_biyan","translateFrame":[{"duration":60,"x":-1.92,"y":8.87}]},{"name":"heiren_toufa1","rotateFrame":[{"duration":60,"rotate":-4.18}]},{"name":"heiren_toufa2","rotateFrame":[{"duration":60,"rotate":-25.71}]},{"name":"heiren_toufa3","rotateFrame":[{"duration":60,"rotate":-2.8}]}]},{"duration":30,"name":"0017_shengli","bone":[{"name":"heiren_kua","translateFrame":[{"duration":15,"curve":[0.342,0.36,0.685,0.72],"x":9.5,"y":-6.14},{"duration":15,"curve":[0.379,0.6,0.724,1],"x":7.82,"y":-6.07},{"duration":0,"x":9.5,"y":-6.14}],"rotateFrame":[{"duration":30,"rotate":16.3}]},{"name":"heiren_shenti","rotateFrame":[{"duration":30,"rotate":-9.01}]},{"name":"heiren_shenti2","rotateFrame":[{"duration":15,"curve":[0.25,0,0.625,0.5],"rotate":-16.71},{"duration":15,"curve":[0.375,0.5,0.75,1],"rotate":-16.89},{"duration":0,"rotate":-16.71}]},{"name":"heiren_dabi1","rotateFrame":[{"duration":15,"curve":[0.25,0,0.625,0.5],"rotate":93.1},{"duration":15,"curve":[0.375,0.5,0.75,1],"rotate":94.02},{"duration":0,"rotate":93.1}]},{"name":"heiren_xiaobi1","rotateFrame":[{"duration":15,"curve":[0.25,0,0.625,0.5],"rotate":-11.25},{"duration":15,"curve":[0.375,0.5,0.75,1],"rotate":-13.08},{"duration":0,"rotate":-11.25}]},{"name":"heiren_shou1","rotateFrame":[{"duration":15,"curve":[0.25,0,0.625,0.5],"rotate":38.83},{"duration":15,"curve":[0.375,0.5,0.75,1],"rotate":41.06},{"duration":0,"rotate":38.83}]},{"name":"heiren_dabi2","rotateFrame":[{"duration":30,"rotate":62.61}]},{"name":"heiren_xiaobi2","rotateFrame":[{"duration":30,"rotate":58.99}]},{"name":"heiren_tou","rotateFrame":[{"duration":30,"rotate":5.86}]},{"name":"heiren_biyan","translateFrame":[{"duration":30,"x":-1.92,"y":8.87}]},{"name":"heiren_toufa1","rotateFrame":[{"duration":15,"curve":[0.25,0,0.625,0.5]},{"duration":15,"curve":[0.375,0.5,0.75,1],"rotate":-0.76},{"duration":0}]},{"name":"heiren_toufa2","rotateFrame":[{"duration":15,"curve":[0.25,0,0.625,0.5]},{"duration":15,"curve":[0.375,0.5,0.75,1],"rotate":8.54},{"duration":0}]},{"name":"heiren_toufa3","rotateFrame":[{"duration":15,"curve":[0.25,0,0.625,0.5]},{"duration":15,"curve":[0.375,0.5,0.75,1],"rotate":-1.87},{"duration":0}]},{"name":"11","translateFrame":[{"duration":30,"x":9.5}]},{"name":"22","translateFrame":[{"duration":30,"x":-10.11,"y":0.27}]},{"name":"jiao1","translateFrame":[{"duration":30,"x":9.5}]},{"name":"jiao2","translateFrame":[{"duration":30,"x":-10.11}]}]},{"duration":0,"name":"0018_dingshen","bone":[{"name":"root","translateFrame":[{"duration":0,"x":-19.35}]},{"name":"heiren_kua","translateFrame":[{"duration":0,"x":-1.38,"y":10.39}],"rotateFrame":[{"duration":0,"rotate":9.92}]},{"name":"heiren_shenti","rotateFrame":[{"duration":0,"rotate":0.15}]},{"name":"heiren_shenti2","rotateFrame":[{"duration":0,"rotate":3.41}]},{"name":"heiren_dabi1","rotateFrame":[{"duration":0,"rotate":7.47}]},{"name":"heiren_xiaobi1","rotateFrame":[{"duration":0,"rotate":3.2}]},{"name":"heiren_dabi2","rotateFrame":[{"duration":0,"rotate":6.31}]},{"name":"heiren_xiaobi2","rotateFrame":[{"duration":0,"rotate":4.51}]},{"name":"heiren_tou","rotateFrame":[{"duration":0,"rotate":4.79}]},{"name":"heiren_biyan","translateFrame":[{"duration":0,"x":-1.92,"y":8.87}]},{"name":"heiren_toufa1","rotateFrame":[{"duration":0,"rotate":-0.26}]},{"name":"heiren_toufa2","rotateFrame":[{"duration":0,"rotate":1.51}]},{"name":"heiren_toufa3","rotateFrame":[{"duration":0,"rotate":3.08}]}],"slot":[{"name":"heiren_biyan","displayFrame":[{"duration":0}]}]},{"duration":0,"name":"0019_gedang","bone":[{"name":"heiren_kua","translateFrame":[{"duration":0,"y":9.47}]},{"name":"heiren_dabi1","rotateFrame":[{"duration":0,"rotate":-31.01}]},{"name":"heiren_xiaobi1","rotateFrame":[{"duration":0,"rotate":12.43}]},{"name":"heiren_dabi2","rotateFrame":[{"duration":0,"rotate":-46.23}]},{"name":"heiren_xiaobi2","rotateFrame":[{"duration":0,"rotate":-24.94}]},{"name":"heiren_biyan","translateFrame":[{"duration":0,"x":-1.92,"y":8.87}]},{"name":"11","translateFrame":[{"duration":0,"x":1.51,"y":-10.56}]},{"name":"jiao1","translateFrame":[{"duration":0,"x":-6.03,"y":1.51}]}]},{"duration":0,"name":"0020_wu","bone":[{"name":"heiren_kua","translateFrame":[{"duration":0,"y":9.47}]},{"name":"heiren_dabi1","rotateFrame":[{"duration":0,"rotate":-31.01}]},{"name":"heiren_xiaobi1","rotateFrame":[{"duration":0,"rotate":12.43}]},{"name":"heiren_dabi2","rotateFrame":[{"duration":0,"rotate":-46.23}]},{"name":"heiren_xiaobi2","rotateFrame":[{"duration":0,"rotate":-24.94}]},{"name":"heiren_biyan","translateFrame":[{"duration":0,"x":-1.92,"y":8.87}]},{"name":"11","translateFrame":[{"duration":0,"x":1.51,"y":-10.56}]},{"name":"jiao1","translateFrame":[{"duration":0,"x":-6.03,"y":1.51}]}]},{"duration":0,"name":"0021_wu","bone":[{"name":"heiren_kua","translateFrame":[{"duration":0,"y":9.47}]},{"name":"heiren_dabi1","rotateFrame":[{"duration":0,"rotate":-31.01}]},{"name":"heiren_xiaobi1","rotateFrame":[{"duration":0,"rotate":12.43}]},{"name":"heiren_dabi2","rotateFrame":[{"duration":0,"rotate":-46.23}]},{"name":"heiren_xiaobi2","rotateFrame":[{"duration":0,"rotate":-24.94}]},{"name":"heiren_biyan","translateFrame":[{"duration":0,"x":-1.92,"y":8.87}]},{"name":"11","translateFrame":[{"duration":0,"x":1.51,"y":-10.56}]},{"name":"jiao1","translateFrame":[{"duration":0,"x":-6.03,"y":1.51}]}]},{"duration":0,"name":"0022_wu","bone":[{"name":"heiren_kua","translateFrame":[{"duration":0,"y":9.47}]},{"name":"heiren_dabi1","rotateFrame":[{"duration":0,"rotate":-31.01}]},{"name":"heiren_xiaobi1","rotateFrame":[{"duration":0,"rotate":12.43}]},{"name":"heiren_dabi2","rotateFrame":[{"duration":0,"rotate":-46.23}]},{"name":"heiren_xiaobi2","rotateFrame":[{"duration":0,"rotate":-24.94}]},{"name":"heiren_biyan","translateFrame":[{"duration":0,"x":-1.92,"y":8.87}]},{"name":"11","translateFrame":[{"duration":0,"x":1.51,"y":-10.56}]},{"name":"jiao1","translateFrame":[{"duration":0,"x":-6.03,"y":1.51}]}]},{"duration":0,"name":"0023_wu","bone":[{"name":"heiren_kua","translateFrame":[{"duration":0,"y":9.47}]},{"name":"heiren_dabi1","rotateFrame":[{"duration":0,"rotate":-31.01}]},{"name":"heiren_xiaobi1","rotateFrame":[{"duration":0,"rotate":12.43}]},{"name":"heiren_dabi2","rotateFrame":[{"duration":0,"rotate":-46.23}]},{"name":"heiren_xiaobi2","rotateFrame":[{"duration":0,"rotate":-24.94}]},{"name":"heiren_biyan","translateFrame":[{"duration":0,"x":-1.92,"y":8.87}]},{"name":"11","translateFrame":[{"duration":0,"x":1.51,"y":-10.56}]},{"name":"jiao1","translateFrame":[{"duration":0,"x":-6.03,"y":1.51}]}]},{"duration":0,"name":"0024_wu","bone":[{"name":"heiren_kua","translateFrame":[{"duration":0,"y":9.47}]},{"name":"heiren_dabi1","rotateFrame":[{"duration":0,"rotate":-31.01}]},{"name":"heiren_xiaobi1","rotateFrame":[{"duration":0,"rotate":12.43}]},{"name":"heiren_dabi2","rotateFrame":[{"duration":0,"rotate":-46.23}]},{"name":"heiren_xiaobi2","rotateFrame":[{"duration":0,"rotate":-24.94}]},{"name":"heiren_biyan","translateFrame":[{"duration":0,"x":-1.92,"y":8.87}]},{"name":"11","translateFrame":[{"duration":0,"x":1.51,"y":-10.56}]},{"name":"jiao1","translateFrame":[{"duration":0,"x":-6.03,"y":1.51}]}]},{"duration":45,"name":"0025_gongji1","bone":[{"name":"root","translateFrame":[{"duration":20},{"duration":15,"curve":[0,0.53,0.75,1]},{"duration":10,"curve":[0,0.27,0.72,1],"x":5.04},{"duration":0}],"rotateFrame":[{"duration":20},{"duration":15,"curve":[0,0.53,0.75,1]},{"duration":10,"curve":[0,0.27,0.72,1],"rotate":0.02},{"duration":0}]},{"name":"heiren_kua","translateFrame":[{"duration":15,"curve":[0,0.29,0.75,1]},{"duration":5,"curve":[0.25,0,1,0.62],"x":19,"y":-5.18},{"duration":15,"curve":[0,0.53,0.75,1],"x":22.65,"y":3.33},{"duration":10,"curve":[0,0.27,0.72,1],"x":25.8,"y":3.96},{"duration":0}],"rotateFrame":[{"duration":15,"curve":[0,0.29,0.75,1]},{"duration":5,"curve":[0.25,0,1,0.62],"rotate":-7.36},{"duration":15,"curve":[0,0.53,0.75,1],"rotate":24.82},{"duration":10,"curve":[0,0.27,0.72,1],"rotate":24.82},{"duration":0}]},{"name":"heiren_shenti","rotateFrame":[{"duration":20},{"duration":15,"curve":[0,0.53,0.75,1]},{"duration":10,"curve":[0,0.27,0.72,1],"rotate":-0.05},{"duration":0}]},{"name":"heiren_shenti2","rotateFrame":[{"duration":15,"curve":[0,0.29,0.75,1]},{"duration":5,"curve":[0.25,0,1,0.62],"rotate":-12.16},{"duration":15,"curve":[0,0.53,0.75,1],"rotate":-6.26},{"duration":10,"curve":[0,0.27,0.72,1],"rotate":-6.28},{"duration":0}]},{"name":"heiren_dabi1","rotateFrame":[{"duration":15,"curve":[0,0.29,0.75,1]},{"duration":5,"curve":[0.25,0,1,0.62],"rotate":72.71},{"duration":15,"curve":[0,0.53,0.75,1],"rotate":80.08},{"duration":10,"curve":[0,0.27,0.72,1],"rotate":81.64},{"duration":0}]},{"name":"heiren_xiaobi1","rotateFrame":[{"duration":15,"curve":[0,0.29,0.75,1]},{"duration":5,"rotate":56.83},{"duration":15,"curve":[0,0.53,0.75,1],"rotate":56.83},{"duration":10,"curve":[0,0.27,0.72,1],"rotate":52.59},{"duration":0}]},{"name":"heiren_shou1","rotateFrame":[{"duration":20},{"duration":15,"curve":[0,0.53,0.75,1]},{"duration":10,"curve":[0,0.27,0.72,1],"rotate":-0.13},{"duration":0}]},{"name":"heiren_dabi2","translateFrame":[{"duration":15,"curve":[0,0.29,0.75,1]},{"duration":5,"curve":[0.25,0,1,0.62]},{"duration":15,"curve":[0,0.53,0.75,1],"x":7.09,"y":-4.77},{"duration":10,"curve":[0,0.27,0.72,1],"x":7.09,"y":-4.77},{"duration":0}],"rotateFrame":[{"duration":15,"curve":[0,0.29,0.75,1]},{"duration":5,"curve":[0.25,0,1,0.62],"rotate":-89.91},{"duration":15,"curve":[0,0.53,0.75,1],"rotate":-60.87},{"duration":10,"curve":[0,0.27,0.72,1],"rotate":-59.7},{"duration":0}]},{"name":"heiren_xiaobi2","translateFrame":[{"duration":15,"curve":[0,0.29,0.75,1]},{"duration":5,"curve":[0.25,0,1,0.62]},{"duration":15,"curve":[0,0.53,0.75,1],"x":0.14,"y":4.01},{"duration":10,"curve":[0,0.27,0.72,1],"x":0.14,"y":4.01},{"duration":0}],"rotateFrame":[{"duration":15,"curve":[0,0.29,0.75,1]},{"duration":5,"curve":[0.25,0,1,0.62],"rotate":29.02},{"duration":15,"curve":[0,0.53,0.75,1],"rotate":71.54},{"duration":10,"curve":[0,0.27,0.72,1],"rotate":73.84},{"duration":0}]},{"name":"heiren_shou2","rotateFrame":[{"duration":15},{"duration":5,"curve":[0.25,0,1,0.62]},{"duration":15,"curve":[0,0.53,0.75,1],"rotate":-5.37},{"duration":10,"curve":[0,0.27,0.72,1],"rotate":-7.71},{"duration":0}]},{"name":"heiren_tou","rotateFrame":[{"duration":15,"curve":[0,0.29,0.75,1]},{"duration":5,"curve":[0.25,0,1,0.62],"rotate":14.19},{"duration":15,"curve":[0,0.53,0.75,1],"rotate":-11.06},{"duration":10,"curve":[0,0.27,0.72,1],"rotate":-9.71},{"duration":0}]},{"name":"heiren_biyan","translateFrame":[{"duration":45,"x":-1.92,"y":8.87}]},{"name":"heiren_toufa1","rotateFrame":[{"duration":15},{"duration":5,"curve":[0.25,0,1,0.62]},{"duration":15,"rotate":9.74},{"duration":10,"curve":[0,0.27,0.72,1],"rotate":9.74},{"duration":0}]},{"name":"heiren_toufa2","rotateFrame":[{"duration":15},{"duration":5,"curve":[0.25,0,1,0.62]},{"duration":15,"rotate":12.12},{"duration":10,"curve":[0,0.27,0.72,1],"rotate":12.12},{"duration":0}]},{"name":"heiren_toufa3","rotateFrame":[{"duration":15},{"duration":5,"curve":[0.25,0,1,0.62]},{"duration":15,"rotate":15.88},{"duration":10,"curve":[0,0.27,0.72,1],"rotate":15.88},{"duration":0}]},{"name":"11","translateFrame":[{"duration":15},{"duration":5,"curve":[0.25,0,1,0.62]},{"duration":15,"curve":[0,0.53,0.75,1],"x":-6.93,"y":-5.04},{"duration":10,"curve":[0,0.27,0.72,1],"x":-5.04,"y":-5.67},{"duration":0}]},{"name":"jiao1","translateFrame":[{"duration":15},{"duration":5,"curve":[0.25,0,1,0.62]},{"duration":15,"x":-10.71},{"duration":10,"curve":[0,0.27,0.72,1],"x":-10.71},{"duration":0}]}]},{"duration":45,"name":"0026_gongji2","bone":[{"name":"root","translateFrame":[{"duration":20},{"duration":15,"curve":[0,0.53,0.75,1]},{"duration":10,"curve":[0,0.27,0.72,1],"x":5.04},{"duration":0}],"rotateFrame":[{"duration":20},{"duration":15,"curve":[0,0.53,0.75,1]},{"duration":10,"curve":[0,0.27,0.72,1],"rotate":0.02},{"duration":0}]},{"name":"heiren_kua","translateFrame":[{"duration":15,"curve":[0,0.29,0.75,1]},{"duration":5,"curve":[0.25,0,1,0.62],"x":19,"y":-5.18},{"duration":15,"curve":[0,0.53,0.75,1],"x":22.65,"y":3.33},{"duration":10,"curve":[0,0.27,0.72,1],"x":25.8,"y":3.96},{"duration":0}],"rotateFrame":[{"duration":15,"curve":[0,0.29,0.75,1]},{"duration":5,"curve":[0.25,0,1,0.62],"rotate":-7.36},{"duration":15,"curve":[0,0.53,0.75,1],"rotate":24.82},{"duration":10,"curve":[0,0.27,0.72,1],"rotate":24.82},{"duration":0}]},{"name":"heiren_shenti","rotateFrame":[{"duration":20},{"duration":15,"curve":[0,0.53,0.75,1]},{"duration":10,"curve":[0,0.27,0.72,1],"rotate":-0.05},{"duration":0}]},{"name":"heiren_shenti2","rotateFrame":[{"duration":15,"curve":[0,0.29,0.75,1]},{"duration":5,"curve":[0.25,0,1,0.62],"rotate":-12.16},{"duration":15,"curve":[0,0.53,0.75,1],"rotate":-6.26},{"duration":10,"curve":[0,0.27,0.72,1],"rotate":-6.28},{"duration":0}]},{"name":"heiren_dabi1","rotateFrame":[{"duration":15,"curve":[0,0.29,0.75,1]},{"duration":5,"curve":[0.25,0,1,0.62],"rotate":72.71},{"duration":15,"curve":[0,0.53,0.75,1],"rotate":80.08},{"duration":10,"curve":[0,0.27,0.72,1],"rotate":81.64},{"duration":0}]},{"name":"heiren_xiaobi1","rotateFrame":[{"duration":15,"curve":[0,0.29,0.75,1]},{"duration":5,"rotate":56.83},{"duration":15,"curve":[0,0.53,0.75,1],"rotate":56.83},{"duration":10,"curve":[0,0.27,0.72,1],"rotate":52.59},{"duration":0}]},{"name":"heiren_shou1","rotateFrame":[{"duration":20},{"duration":15,"curve":[0,0.53,0.75,1]},{"duration":10,"curve":[0,0.27,0.72,1],"rotate":-0.13},{"duration":0}]},{"name":"heiren_dabi2","translateFrame":[{"duration":15,"curve":[0,0.29,0.75,1]},{"duration":5,"curve":[0.25,0,1,0.62]},{"duration":15,"curve":[0,0.53,0.75,1],"x":7.09,"y":-4.77},{"duration":10,"curve":[0,0.27,0.72,1],"x":7.09,"y":-4.77},{"duration":0}],"rotateFrame":[{"duration":15,"curve":[0,0.29,0.75,1]},{"duration":5,"curve":[0.25,0,1,0.62],"rotate":-89.91},{"duration":15,"curve":[0,0.53,0.75,1],"rotate":-60.87},{"duration":10,"curve":[0,0.27,0.72,1],"rotate":-59.7},{"duration":0}]},{"name":"heiren_xiaobi2","translateFrame":[{"duration":15,"curve":[0,0.29,0.75,1]},{"duration":5,"curve":[0.25,0,1,0.62]},{"duration":15,"curve":[0,0.53,0.75,1],"x":0.14,"y":4.01},{"duration":10,"curve":[0,0.27,0.72,1],"x":0.14,"y":4.01},{"duration":0}],"rotateFrame":[{"duration":15,"curve":[0,0.29,0.75,1]},{"duration":5,"curve":[0.25,0,1,0.62],"rotate":29.02},{"duration":15,"curve":[0,0.53,0.75,1],"rotate":71.54},{"duration":10,"curve":[0,0.27,0.72,1],"rotate":73.84},{"duration":0}]},{"name":"heiren_shou2","rotateFrame":[{"duration":15},{"duration":5,"curve":[0.25,0,1,0.62]},{"duration":15,"curve":[0,0.53,0.75,1],"rotate":-5.37},{"duration":10,"curve":[0,0.27,0.72,1],"rotate":-7.71},{"duration":0}]},{"name":"heiren_tou","rotateFrame":[{"duration":15,"curve":[0,0.29,0.75,1]},{"duration":5,"curve":[0.25,0,1,0.62],"rotate":14.19},{"duration":15,"curve":[0,0.53,0.75,1],"rotate":-11.06},{"duration":10,"curve":[0,0.27,0.72,1],"rotate":-9.71},{"duration":0}]},{"name":"heiren_biyan","translateFrame":[{"duration":45,"x":-1.92,"y":8.87}]},{"name":"heiren_toufa1","rotateFrame":[{"duration":15},{"duration":5,"curve":[0.25,0,1,0.62]},{"duration":15,"rotate":9.74},{"duration":10,"curve":[0,0.27,0.72,1],"rotate":9.74},{"duration":0}]},{"name":"heiren_toufa2","rotateFrame":[{"duration":15},{"duration":5,"curve":[0.25,0,1,0.62]},{"duration":15,"rotate":12.12},{"duration":10,"curve":[0,0.27,0.72,1],"rotate":12.12},{"duration":0}]},{"name":"heiren_toufa3","rotateFrame":[{"duration":15},{"duration":5,"curve":[0.25,0,1,0.62]},{"duration":15,"rotate":15.88},{"duration":10,"curve":[0,0.27,0.72,1],"rotate":15.88},{"duration":0}]},{"name":"11","translateFrame":[{"duration":15},{"duration":5,"curve":[0.25,0,1,0.62]},{"duration":15,"curve":[0,0.53,0.75,1],"x":-6.93,"y":-5.04},{"duration":10,"curve":[0,0.27,0.72,1],"x":-5.04,"y":-5.67},{"duration":0}]},{"name":"jiao1","translateFrame":[{"duration":15},{"duration":5,"curve":[0.25,0,1,0.62]},{"duration":15,"x":-10.71},{"duration":10,"curve":[0,0.27,0.72,1],"x":-10.71},{"duration":0}]}]}],"defaultActions":[{"gotoAndPlay":"0000_chuchang"}]}]}