{"frameRate":30,"isGlobal":0,"armature":[{"defaultActions":[{"gotoAndPlay":"normal"}],"animation":[{"frame":[],"duration":160,"slot":[{"frame":[{"tweenEasing":0,"displayIndex":-1,"duration":160},{"tweenEasing":null,"displayIndex":-1,"duration":0}],"name":"e1"},{"frame":[{"tweenEasing":0,"displayIndex":-1,"duration":160},{"tweenEasing":null,"displayIndex":-1,"duration":0}],"name":"e2"},{"frame":[{"tweenEasing":0,"duration":40},{"tweenEasing":0,"duration":40,"color":{"aM":76}},{"tweenEasing":0,"duration":40},{"tweenEasing":0,"duration":40,"color":{"aM":76}},{"tweenEasing":null,"duration":0}],"name":"e7"},{"frame":[{"tweenEasing":0,"duration":40,"color":{"aM":63}},{"tweenEasing":0,"duration":40},{"tweenEasing":0,"duration":40,"color":{"aM":63}},{"tweenEasing":0,"duration":40},{"tweenEasing":null,"duration":0,"color":{"aM":63}}],"name":"e8"}],"ffd":[],"bone":[{"frame":[{"tweenEasing":0,"duration":80,"transform":{}},{"tweenEasing":0,"duration":80,"transform":{"skX":-2.49,"skY":-2.49}},{"duration":0,"transform":{}}],"name":"s4"},{"frame":[{"tweenEasing":0,"duration":80,"transform":{}},{"tweenEasing":0,"duration":80,"transform":{"skX":5.71,"skY":5.71}},{"duration":0,"transform":{}}],"name":"bone"},{"frame":[{"tweenEasing":0,"duration":80,"transform":{}},{"tweenEasing":0,"duration":80,"transform":{"skX":-6.26,"skY":-6.26}},{"duration":0,"transform":{}}],"name":"bone2"},{"frame":[{"tweenEasing":0,"duration":80,"transform":{}},{"tweenEasing":0,"duration":80,"transform":{"y":1.075,"skX":-7.59,"skY":-7.59,"x":-4.385}},{"duration":0,"transform":{}}],"name":"s3"},{"frame":[{"tweenEasing":0,"duration":80,"transform":{}},{"tweenEasing":0,"duration":80,"transform":{"y":1.26,"x":3.995}},{"duration":0,"transform":{}}],"name":"s5"},{"frame":[{"tweenEasing":0,"duration":80,"transform":{}},{"tweenEasing":0,"duration":80,"transform":{"skX":5.47,"skY":5.47}},{"duration":0,"transform":{}}],"name":"s1"},{"frame":[{"tweenEasing":0,"duration":80,"transform":{}},{"tweenEasing":0,"duration":80,"transform":{"skX":7.71,"skY":7.71}},{"duration":0,"transform":{}}],"name":"s2"},{"frame":[{"tweenEasing":0,"duration":80,"transform":{}},{"tweenEasing":0,"duration":80,"transform":{"y":-6,"skX":-3.7,"skY":-3.7,"x":6}},{"duration":0,"transform":{}}],"name":"s6"},{"frame":[{"tweenEasing":0,"duration":80,"transform":{}},{"tweenEasing":0,"duration":80,"transform":{"skX":-6.39,"skY":-6.39}},{"duration":0,"transform":{}}],"name":"s7"},{"frame":[{"tweenEasing":0,"duration":80,"transform":{}},{"tweenEasing":0,"duration":80,"transform":{"skX":6.49,"skY":6.49}},{"duration":0,"transform":{}}],"name":"s8"},{"frame":[{"duration":160,"transform":{}},{"duration":0,"transform":{}}],"name":"w"},{"frame":[{"duration":160,"transform":{}},{"duration":0,"transform":{}}],"name":"c1"},{"frame":[{"duration":160,"transform":{}},{"duration":0,"transform":{}}],"name":"c3"},{"frame":[{"duration":160,"transform":{}},{"duration":0,"transform":{}}],"name":"y"},{"frame":[{"curve":[0.25,0,0.75,1],"duration":80,"transform":{"skX":3.81,"skY":3.81}},{"curve":[0.25,0,0.75,1],"duration":80,"transform":{"skX":-4.36,"skY":-4.36}},{"duration":0,"transform":{"skX":3.81,"skY":3.81}}],"name":"sz2"},{"frame":[{"duration":160,"transform":{"skX":1.93,"skY":1.93}},{"duration":0,"transform":{"skX":1.93,"skY":1.93}}],"name":"l2"},{"frame":[{"curve":[0.25,0,0.75,1],"duration":80,"transform":{"skX":6.85,"skY":6.85}},{"curve":[0.25,0,0.75,1],"duration":80,"transform":{"skX":-4.78,"skY":-4.78}},{"duration":0,"transform":{"skX":6.85,"skY":6.85}}],"name":"sz1"},{"frame":[{"curve":[0.25,0,0.75,1],"duration":80,"transform":{"y":0.26,"skX":5.11,"skY":5.11,"x":-2.12}},{"curve":[0.25,0,0.75,1],"duration":80,"transform":{"y":-2.26,"skX":-9.46,"skY":-9.46,"x":-0.24}},{"duration":0,"transform":{"y":0.26,"skX":5.11,"skY":5.11,"x":-2.12}}],"name":"bone3"},{"frame":[{"tweenEasing":0,"duration":10,"transform":{}},{"curve":[0.25,0,0.75,1],"duration":70,"transform":{"skX":3.02,"skY":3.02}},{"curve":[0.25,0,0.75,1],"duration":10,"transform":{"skX":-2.59,"skY":-2.59}},{"curve":[0.25,0,0.75,1],"duration":70,"transform":{"skX":-4.87,"skY":-4.87}},{"duration":0,"transform":{}}],"name":"l1"},{"frame":[{"tweenEasing":0,"duration":30,"transform":{}},{"tweenEasing":0,"duration":50,"transform":{"y":1.49,"skX":8.54,"skY":8.54,"x":-1.01}},{"tweenEasing":0,"duration":30,"transform":{"skX":8.54,"skY":8.54}},{"tweenEasing":0,"duration":50,"transform":{"y":-2.535,"skX":-9.6,"skY":-9.6,"x":-1.075}},{"duration":0,"transform":{}}],"name":"bone4"},{"frame":[{"tweenEasing":0,"duration":40,"transform":{"skX":4.41,"skY":4.41}},{"tweenEasing":0,"duration":40,"transform":{"skX":-4.33,"skY":-4.33}},{"tweenEasing":0,"duration":40,"transform":{"skX":4.41,"skY":4.41}},{"tweenEasing":0,"duration":40,"transform":{"skX":-4.33,"skY":-4.33}},{"duration":0,"transform":{"skX":4.41,"skY":4.41}}],"name":"d2"},{"frame":[{"duration":160,"transform":{}},{"duration":0,"transform":{}}],"name":"s"},{"frame":[{"duration":160,"transform":{}},{"duration":0,"transform":{}}],"name":"s9"},{"frame":[{"tweenEasing":0,"duration":80,"transform":{"y":3.16,"x":0.86}},{"tweenEasing":0,"duration":80,"transform":{"y":-7.125,"x":-0.445}},{"duration":0,"transform":{"y":3.16,"x":0.86}}],"name":"s10"},{"frame":[{"tweenEasing":0,"duration":40,"transform":{}},{"tweenEasing":0,"duration":40,"transform":{"skX":-7.11,"skY":-7.11}},{"tweenEasing":0,"duration":40,"transform":{}},{"tweenEasing":0,"duration":40,"transform":{"skX":-7.11,"skY":-7.11}},{"duration":0,"transform":{}}],"name":"r1"},{"frame":[{"tweenEasing":0,"duration":40,"transform":{"skX":-14.11,"skY":-14.11}},{"tweenEasing":0,"duration":40,"transform":{}},{"tweenEasing":0,"duration":40,"transform":{"skX":-8.78,"skY":-8.78}},{"tweenEasing":0,"duration":40,"transform":{"skX":4.39,"skY":4.39}},{"duration":0,"transform":{"skX":-14.11,"skY":-14.11}}],"name":"r2"},{"frame":[{"tweenEasing":0,"duration":40,"transform":{"skX":5.86,"skY":5.86}},{"tweenEasing":0,"duration":40,"transform":{"skX":-7.11,"skY":-7.11}},{"tweenEasing":0,"duration":40,"transform":{"skX":5.7,"skY":5.7}},{"tweenEasing":0,"duration":40,"transform":{"skX":-7.11,"skY":-7.11}},{"duration":0,"transform":{"skX":5.86,"skY":5.86}}],"name":"r3"},{"frame":[{"tweenEasing":0,"duration":40,"transform":{"skX":-8.78,"skY":-8.78}},{"tweenEasing":0,"duration":40,"transform":{}},{"tweenEasing":0,"duration":40,"transform":{"skX":-8.78,"skY":-8.78}},{"tweenEasing":0,"duration":40,"transform":{"skX":2.95,"skY":2.95}},{"duration":0,"transform":{"skX":-8.78,"skY":-8.78}}],"name":"r4"},{"frame":[{"tweenEasing":0,"duration":40,"transform":{}},{"tweenEasing":0,"duration":40,"transform":{"skX":-7.11,"skY":-7.11}},{"tweenEasing":0,"duration":40,"transform":{}},{"tweenEasing":0,"duration":40,"transform":{"skX":-7.11,"skY":-7.11}},{"duration":0,"transform":{}}],"name":"r5"},{"frame":[{"tweenEasing":0,"duration":40,"transform":{"skX":-7.3,"skY":-7.3}},{"tweenEasing":0,"duration":40,"transform":{}},{"tweenEasing":0,"duration":40,"transform":{"skX":-7.3,"skY":-7.3}},{"tweenEasing":0,"duration":40,"transform":{}},{"duration":0,"transform":{"skX":-7.3,"skY":-7.3}}],"name":"d1"},{"frame":[{"duration":160,"transform":{}},{"duration":0,"transform":{}}],"name":"root"},{"frame":[{"tweenEasing":0,"duration":80,"transform":{"y":2.24,"x":-0.475}},{"tweenEasing":0,"duration":80,"transform":{"y":-1.63,"x":2.51}},{"duration":0,"transform":{"y":2.24,"x":-0.475}}],"name":"s13"},{"frame":[{"tweenEasing":0,"duration":80,"transform":{"y":1.795,"x":-0.02}},{"tweenEasing":0,"duration":80,"transform":{"y":-4.985,"x":0.055}},{"duration":0,"transform":{"y":1.795,"x":-0.02}}],"name":"s11"},{"frame":[{"tweenEasing":0,"duration":80,"transform":{"y":4.055,"x":0.4}},{"tweenEasing":0,"duration":80,"transform":{"y":-5.255,"x":-0.46}},{"duration":0,"transform":{"y":4.055,"x":0.4}}],"name":"s12"},{"frame":[{"tweenEasing":0,"duration":80,"transform":{"y":0.455,"x":0.44}},{"tweenEasing":0,"duration":80,"transform":{"y":-2.555,"x":-0.295}},{"duration":0,"transform":{"y":0.455,"x":0.44}}],"name":"s14"},{"frame":[{"tweenEasing":0,"duration":80,"transform":{}},{"duration":80,"transform":{}},{"duration":0,"transform":{}}],"name":"e7"},{"frame":[{"duration":160,"transform":{}}],"name":"0"},{"frame":[{"duration":160,"transform":{}}],"name":"baozha/00001"},{"frame":[{"duration":160,"transform":{}}],"name":"guang/cheng_fangshe_03_eff_02"},{"frame":[{"duration":160,"transform":{}}],"name":"guang/cheng_fangshe_03_eff_2"},{"frame":[{"duration":160,"transform":{}}],"name":"shandian02"},{"frame":[{"duration":160,"transform":{}}],"name":"shandian01"},{"frame":[{"duration":160,"transform":{}}],"name":"e1"},{"frame":[{"duration":160,"transform":{}}],"name":"e2"},{"frame":[{"duration":160,"transform":{}}],"name":"e8"}],"name":"normal","ik":[]},{"frame":[],"duration":120,"slot":[{"frame":[{"tweenEasing":0,"duration":45},{"tweenEasing":0,"duration":15},{"tweenEasing":null,"duration":60,"color":{"aM":0}}],"name":"0"},{"frame":[{"tweenEasing":0,"duration":45},{"tweenEasing":0,"duration":2},{"tweenEasing":0,"duration":2},{"tweenEasing":0,"displayIndex":1,"duration":3},{"tweenEasing":0,"displayIndex":2,"duration":3},{"tweenEasing":0,"displayIndex":3,"duration":10},{"tweenEasing":null,"displayIndex":3,"duration":55,"color":{"aM":0}}],"name":"baozha/00001"},{"frame":[{"tweenEasing":0,"duration":20,"color":{"aM":0}},{"tweenEasing":0,"duration":7},{"tweenEasing":0,"duration":7,"color":{"aM":37}},{"tweenEasing":0,"duration":16,"color":{"aM":22}},{"tweenEasing":null,"duration":50},{"tweenEasing":0,"duration":6},{"tweenEasing":0,"duration":14,"color":{"aM":38}},{"tweenEasing":null,"duration":0,"color":{"aM":0}}],"name":"e1"},{"frame":[{"tweenEasing":0,"displayIndex":-1,"duration":36,"color":{"bM":0,"aM":25,"gM":65}},{"tweenEasing":0,"displayIndex":-1,"duration":10,"color":{"bM":0,"gM":70}},{"tweenEasing":0,"displayIndex":-1,"duration":74,"color":{"bM":0,"aM":0,"gM":98}},{"tweenEasing":null,"displayIndex":-1,"duration":0,"color":{"aM":0}}],"name":"e2"},{"frame":[{"tweenEasing":0,"duration":13,"color":{"aM":65}},{"tweenEasing":0,"duration":10},{"tweenEasing":0,"duration":14,"color":{"aM":84}},{"tweenEasing":0,"duration":11},{"tweenEasing":0,"duration":6,"color":{"aM":37}},{"tweenEasing":0,"duration":26},{"tweenEasing":0,"duration":16,"color":{"aM":56}},{"tweenEasing":null,"duration":14},{"tweenEasing":0,"duration":10},{"tweenEasing":null,"duration":0,"color":{"aM":65}}],"name":"e7"},{"frame":[{"tweenEasing":0,"duration":13,"color":{"aM":65}},{"tweenEasing":0,"duration":10},{"tweenEasing":0,"duration":14,"color":{"aM":84}},{"tweenEasing":0,"duration":11},{"tweenEasing":0,"duration":6,"color":{"aM":37}},{"tweenEasing":0,"duration":26},{"tweenEasing":0,"duration":16,"color":{"aM":56}},{"tweenEasing":null,"duration":14},{"tweenEasing":0,"duration":10},{"tweenEasing":null,"duration":0,"color":{"aM":65}}],"name":"e8"},{"frame":[{"tweenEasing":0,"duration":10,"color":{"aM":0}},{"tweenEasing":0,"duration":24},{"tweenEasing":0,"duration":16,"color":{"aM":35}},{"tweenEasing":0,"duration":70},{"tweenEasing":null,"duration":0,"color":{"aM":0}}],"name":"e9"},{"frame":[{"curve":[0.993103448275862,0,1,1],"duration":15,"color":{"aM":0}},{"curve":[0.993103448275862,0,1,1],"duration":10,"color":{"aM":17}},{"tweenEasing":null,"duration":5},{"tweenEasing":null,"duration":5},{"tweenEasing":0,"duration":20},{"tweenEasing":null,"duration":65,"color":{"aM":0}}],"name":"guang/cheng_fangshe_03_eff_02"},{"frame":[{"curve":[0.9620689655172414,0.02760736196319018,1,1],"duration":10,"color":{"aM":0}},{"curve":[0.9620689655172414,0.02760736196319018,1,1],"duration":15,"color":{"aM":4}},{"tweenEasing":null,"duration":5,"color":{"aM":56}},{"tweenEasing":null,"duration":15},{"tweenEasing":0,"duration":10},{"tweenEasing":null,"duration":65,"color":{"aM":0}}],"name":"guang/cheng_fangshe_03_eff_2"}],"ffd":[],"bone":[{"frame":[{"duration":120,"transform":{}},{"duration":0,"transform":{}}],"name":"root"},{"frame":[{"duration":20,"transform":{}},{"duration":20,"transform":{}},{"duration":10,"transform":{}},{"tweenEasing":0,"duration":10,"transform":{}},{"tweenEasing":0,"duration":30,"transform":{"y":7.745,"skX":7.54,"skY":7.54,"x":13.11}},{"duration":30,"transform":{}},{"duration":0,"transform":{}}],"name":"s4"},{"frame":[{"tweenEasing":0,"duration":10,"transform":{}},{"tweenEasing":0,"duration":10,"transform":{"skX":-1.82,"skY":-1.82}},{"tweenEasing":0,"duration":10,"transform":{}},{"tweenEasing":0,"duration":10,"transform":{"skX":-1.82,"skY":-1.82}},{"tweenEasing":0,"duration":10,"transform":{}},{"tweenEasing":0,"duration":10,"transform":{"skX":-1.82,"skY":-1.82}},{"tweenEasing":0,"duration":30,"transform":{"y":-5.23,"skX":-2.52,"skY":-2.52,"x":-4.595}},{"duration":30,"transform":{}},{"duration":0,"transform":{}}],"name":"bone"},{"frame":[{"tweenEasing":0,"duration":10,"transform":{}},{"tweenEasing":0,"duration":10,"transform":{"skX":2.51,"skY":2.51}},{"tweenEasing":0,"duration":10,"transform":{}},{"tweenEasing":0,"duration":10,"transform":{"skX":2.51,"skY":2.51}},{"tweenEasing":0,"duration":10,"transform":{}},{"tweenEasing":0,"duration":10,"transform":{"skX":2.51,"skY":2.51}},{"tweenEasing":0,"duration":30,"transform":{"skX":-7.61,"skY":-7.61}},{"duration":30,"transform":{}},{"duration":0,"transform":{}}],"name":"bone2"},{"frame":[{"tweenEasing":0,"duration":10,"transform":{}},{"tweenEasing":0,"duration":10,"transform":{"skX":-2.55,"skY":-2.55}},{"tweenEasing":0,"duration":10,"transform":{}},{"tweenEasing":0,"duration":10,"transform":{"skX":-2.55,"skY":-2.55}},{"tweenEasing":0,"duration":10,"transform":{}},{"tweenEasing":0,"duration":10,"transform":{"skX":-2.55,"skY":-2.55}},{"tweenEasing":0,"duration":30,"transform":{"y":3.73,"skX":-13.8,"skY":-13.8,"x":-3.51}},{"duration":30,"transform":{}},{"duration":0,"transform":{}}],"name":"s3"},{"frame":[{"tweenEasing":0,"duration":10,"transform":{}},{"tweenEasing":0,"duration":10,"transform":{"skX":6.96,"skY":6.96}},{"tweenEasing":0,"duration":10,"transform":{}},{"tweenEasing":0,"duration":10,"transform":{"skX":6.96,"skY":6.96}},{"tweenEasing":0,"duration":10,"transform":{}},{"tweenEasing":0,"duration":10,"transform":{"skX":6.96,"skY":6.96}},{"tweenEasing":0,"duration":30,"transform":{"y":5.315,"skX":6.02,"skY":6.02,"x":-0.715}},{"duration":30,"transform":{}},{"duration":0,"transform":{}}],"name":"s5"},{"frame":[{"tweenEasing":0,"duration":10,"transform":{}},{"tweenEasing":0,"duration":10,"transform":{"skX":3.93,"skY":3.93}},{"tweenEasing":0,"duration":10,"transform":{}},{"tweenEasing":0,"duration":10,"transform":{"skX":3.93,"skY":3.93}},{"tweenEasing":0,"duration":10,"transform":{}},{"tweenEasing":0,"duration":10,"transform":{"skX":3.93,"skY":3.93}},{"tweenEasing":0,"duration":30,"transform":{"y":4.17,"skX":-7.22,"skY":-7.22,"x":-4.765}},{"duration":30,"transform":{}},{"duration":0,"transform":{}}],"name":"s1"},{"frame":[{"tweenEasing":0,"duration":10,"transform":{}},{"tweenEasing":0,"duration":10,"transform":{"skX":1.99,"skY":1.99}},{"tweenEasing":0,"duration":10,"transform":{}},{"tweenEasing":0,"duration":10,"transform":{"skX":1.99,"skY":1.99}},{"tweenEasing":0,"duration":10,"transform":{}},{"tweenEasing":0,"duration":10,"transform":{"skX":1.99,"skY":1.99}},{"tweenEasing":0,"duration":30,"transform":{"y":4.17,"skX":-4.11,"skY":-4.11,"x":-4.765}},{"duration":30,"transform":{}},{"duration":0,"transform":{}}],"name":"s2"},{"frame":[{"tweenEasing":0,"duration":10,"transform":{}},{"tweenEasing":0,"duration":10,"transform":{"skX":-8.29,"skY":-8.29}},{"tweenEasing":0,"duration":10,"transform":{}},{"tweenEasing":0,"duration":10,"transform":{"skX":-8.29,"skY":-8.29}},{"tweenEasing":0,"duration":10,"transform":{}},{"tweenEasing":0,"duration":10,"transform":{"skX":-8.29,"skY":-8.29}},{"tweenEasing":0,"duration":30,"transform":{"y":-5.96,"skX":-13.96,"skY":-13.96,"x":7.745}},{"duration":30,"transform":{}},{"duration":0,"transform":{}}],"name":"s6"},{"frame":[{"tweenEasing":0,"duration":10,"transform":{}},{"tweenEasing":0,"duration":10,"transform":{"skX":-0.92,"skY":-0.92}},{"tweenEasing":0,"duration":10,"transform":{}},{"tweenEasing":0,"duration":10,"transform":{"skX":-0.92,"skY":-0.92}},{"tweenEasing":0,"duration":10,"transform":{}},{"tweenEasing":0,"duration":10,"transform":{"skX":-0.92,"skY":-0.92}},{"tweenEasing":0,"duration":30,"transform":{"skX":-13.19,"skY":-13.19}},{"duration":30,"transform":{}},{"duration":0,"transform":{}}],"name":"s7"},{"frame":[{"tweenEasing":0,"duration":10,"transform":{}},{"tweenEasing":0,"duration":10,"transform":{"skX":1.83,"skY":1.83}},{"tweenEasing":0,"duration":10,"transform":{}},{"tweenEasing":0,"duration":10,"transform":{"skX":1.83,"skY":1.83}},{"tweenEasing":0,"duration":10,"transform":{}},{"tweenEasing":0,"duration":10,"transform":{"skX":1.83,"skY":1.83}},{"tweenEasing":0,"duration":30,"transform":{"skX":13.29,"skY":13.29}},{"duration":30,"transform":{}},{"duration":0,"transform":{}}],"name":"s8"},{"frame":[{"duration":120,"transform":{}},{"duration":0,"transform":{}}],"name":"w"},{"frame":[{"duration":44,"transform":{}},{"tweenEasing":0,"duration":6,"transform":{}},{"duration":50,"transform":{"scY":1.035,"y":27.135,"scX":1.035,"x":0.105}},{"tweenEasing":0,"duration":20,"transform":{"scY":1.035,"y":27.135,"scX":1.035,"x":0.105}},{"duration":0,"transform":{}}],"name":"c1"},{"frame":[{"duration":44,"transform":{}},{"tweenEasing":0,"duration":6,"transform":{}},{"duration":50,"transform":{"scY":0.987,"y":-36.795,"scX":0.987,"x":-0.145}},{"tweenEasing":0,"duration":20,"transform":{"scY":0.987,"y":-36.795,"scX":0.987,"x":-0.145}},{"duration":0,"transform":{}}],"name":"c3"},{"frame":[{"duration":120,"transform":{}},{"duration":0,"transform":{}}],"name":"y"},{"frame":[{"tweenEasing":0,"duration":4,"transform":{}},{"tweenEasing":0,"duration":6,"transform":{"skX":-6.17,"skY":-6.17,"scX":0.881}},{"tweenEasing":0,"duration":4,"transform":{"skX":6.42,"skY":6.42,"scX":1.099}},{"tweenEasing":0,"duration":6,"transform":{}},{"tweenEasing":0,"duration":6,"transform":{"skX":-5.21,"skY":-5.21}},{"tweenEasing":0,"duration":6,"transform":{"skX":-9.65,"skY":-9.65}},{"tweenEasing":0,"duration":6,"transform":{"skX":-5.21,"skY":-5.21}},{"tweenEasing":0,"duration":4,"transform":{"skX":-9.65,"skY":-9.65}},{"tweenEasing":0,"duration":6,"transform":{"skX":-5.21,"skY":-5.21}},{"tweenEasing":0,"duration":2,"transform":{"skX":-9.65,"skY":-9.65}},{"tweenEasing":0,"duration":6,"transform":{"skX":-5.21,"skY":-5.21}},{"tweenEasing":0,"duration":24,"transform":{"skX":21.21,"skY":21.21}},{"tweenEasing":0,"duration":40,"transform":{"skX":-15.4,"skY":-15.4}},{"duration":0,"transform":{}}],"name":"sz2"},{"frame":[{"tweenEasing":0,"duration":7,"transform":{}},{"tweenEasing":0,"duration":3,"transform":{"skX":26.15,"skY":26.15}},{"tweenEasing":0,"duration":10,"transform":{"skX":-10.53,"skY":-10.53}},{"tweenEasing":0,"duration":6,"transform":{}},{"tweenEasing":0,"duration":6,"transform":{"skX":0.35,"skY":0.35}},{"tweenEasing":0,"duration":6,"transform":{}},{"tweenEasing":0,"duration":4,"transform":{"skX":0.35,"skY":0.35}},{"tweenEasing":0,"duration":6,"transform":{}},{"tweenEasing":0,"duration":2,"transform":{"skX":0.35,"skY":0.35}},{"tweenEasing":0,"duration":6,"transform":{}},{"tweenEasing":0,"duration":24,"transform":{"skX":16.33,"skY":16.33}},{"tweenEasing":0,"duration":34,"transform":{"skX":-18.35,"skY":-18.35}},{"tweenEasing":0,"duration":6,"transform":{"skX":4.49,"skY":4.49}},{"duration":0,"transform":{}}],"name":"l2"},{"frame":[{"tweenEasing":0,"duration":4,"transform":{}},{"tweenEasing":0,"duration":6,"transform":{"skX":10.77,"skY":10.77}},{"tweenEasing":0,"duration":10,"transform":{"skX":-5.48,"skY":-5.48,"scX":1.08}},{"duration":12,"transform":{"skX":-7.4,"skY":-7.4}},{"duration":10,"transform":{"skX":-7.4,"skY":-7.4}},{"duration":8,"transform":{"skX":-7.4,"skY":-7.4}},{"tweenEasing":0,"duration":6,"transform":{"skX":-7.4,"skY":-7.4}},{"tweenEasing":0,"duration":30,"transform":{"skX":17.23,"skY":17.23}},{"tweenEasing":0,"duration":28,"transform":{"skX":-9.88,"skY":-9.88}},{"tweenEasing":0,"duration":6,"transform":{"skX":1.05,"skY":1.05}},{"duration":0,"transform":{}}],"name":"sz1"},{"frame":[{"tweenEasing":0,"duration":4,"transform":{}},{"tweenEasing":0,"duration":3,"transform":{"skX":-34.32,"skY":-34.32}},{"tweenEasing":0,"duration":3,"transform":{"y":1.455,"skX":-40.95,"skY":-40.95,"x":0.845}},{"tweenEasing":0,"duration":4,"transform":{"y":1.455,"skX":-5.09,"skY":-5.09,"x":0.845}},{"tweenEasing":0,"duration":6,"transform":{"y":1.455,"skX":6.91,"skY":6.91,"x":0.845}},{"tweenEasing":0,"duration":6,"transform":{"skX":-5.59,"skY":-5.59}},{"tweenEasing":0,"duration":6,"transform":{"y":-0.755,"skX":-5.59,"skY":-5.59,"x":-2.165}},{"tweenEasing":0,"duration":6,"transform":{"skX":-5.59,"skY":-5.59}},{"tweenEasing":0,"duration":4,"transform":{"y":-0.755,"skX":-5.59,"skY":-5.59,"x":-2.165}},{"tweenEasing":0,"duration":6,"transform":{"skX":-5.59,"skY":-5.59}},{"tweenEasing":0,"duration":2,"transform":{"y":-0.755,"skX":-5.59,"skY":-5.59,"x":-2.165}},{"tweenEasing":0,"duration":6,"transform":{"skX":-5.59,"skY":-5.59}},{"tweenEasing":0,"duration":4,"transform":{"y":0.29,"skX":-5.59,"skY":-5.59,"x":-3.025}},{"tweenEasing":0,"duration":26,"transform":{"y":0.29,"skX":9.72,"skY":9.72,"x":-3.025}},{"tweenEasing":0,"duration":28,"transform":{"y":-1.27,"skX":-13.06,"skY":-13.06,"x":-2.82}},{"tweenEasing":0,"duration":6,"transform":{"y":-1.27,"skX":-0.18,"skY":-0.18,"x":-2.82}},{"duration":0,"transform":{}}],"name":"bone3"},{"frame":[{"tweenEasing":0,"duration":7,"transform":{}},{"tweenEasing":0,"duration":3,"transform":{"skX":-8.37,"skY":-8.37}},{"tweenEasing":0,"duration":4,"transform":{"skX":7.93,"skY":7.93}},{"tweenEasing":0,"duration":6,"transform":{"skX":14.68,"skY":14.68}},{"duration":12,"transform":{}},{"duration":10,"transform":{}},{"duration":8,"transform":{}},{"tweenEasing":0,"duration":10,"transform":{}},{"tweenEasing":0,"duration":26,"transform":{"skX":20.83,"skY":20.83}},{"tweenEasing":0,"duration":28,"transform":{"skX":-7.19,"skY":-7.19}},{"tweenEasing":0,"duration":6,"transform":{"skX":5.26,"skY":5.26}},{"duration":0,"transform":{}}],"name":"l1"},{"frame":[{"tweenEasing":0,"duration":4,"transform":{}},{"tweenEasing":0,"duration":3,"transform":{"skX":22.44,"skY":22.44}},{"tweenEasing":0,"duration":3,"transform":{"y":-2.405,"skX":-19.03,"skY":-19.03,"x":-1.615}},{"tweenEasing":0,"duration":10,"transform":{"y":-2.405,"skX":13.25,"skY":13.25,"x":-1.615}},{"tweenEasing":0,"duration":6,"transform":{}},{"tweenEasing":0,"duration":6,"transform":{"skX":-5.87,"skY":-5.87}},{"tweenEasing":0,"duration":6,"transform":{}},{"tweenEasing":0,"duration":4,"transform":{"skX":-5.87,"skY":-5.87}},{"tweenEasing":0,"duration":6,"transform":{}},{"tweenEasing":0,"duration":2,"transform":{"skX":-5.87,"skY":-5.87}},{"tweenEasing":0,"duration":10,"transform":{}},{"tweenEasing":0,"duration":32,"transform":{"skX":9.59,"skY":9.59}},{"tweenEasing":0,"duration":28,"transform":{"skX":-13,"skY":-13}},{"duration":0,"transform":{}}],"name":"bone4"},{"frame":[{"curve":[0.25,0,0.75,1],"duration":8,"transform":{}},{"curve":[0.25,0,0.75,1],"duration":7,"transform":{"skX":-18.69,"skY":-18.69}},{"curve":[0.25,0,0.75,1],"duration":5,"transform":{"skX":-22.57,"skY":-22.57}},{"curve":[0.25,0,0.75,1],"duration":5,"transform":{"skX":-18.69,"skY":-18.69}},{"curve":[0.25,0,0.75,1],"duration":5,"transform":{"skX":-22.57,"skY":-22.57}},{"curve":[0.25,0,0.75,1],"duration":5,"transform":{"skX":-18.69,"skY":-18.69}},{"curve":[0.25,0,0.75,1],"duration":5,"transform":{"skX":-22.57,"skY":-22.57}},{"curve":[0.25,0,0.75,1],"duration":5,"transform":{"skX":-18.69,"skY":-18.69}},{"curve":[0.25,0,0.75,1],"duration":5,"transform":{"skX":-22.57,"skY":-22.57}},{"curve":[0.25,0,0.75,1],"duration":6,"transform":{"skX":-18.69,"skY":-18.69}},{"curve":[0.25,0,0.75,1],"duration":28,"transform":{"skX":45.59,"skY":45.59}},{"curve":[0.25,0,0.75,1],"duration":19,"transform":{"skX":-19.43,"skY":-19.43}},{"curve":[0.25,0,0.75,1],"duration":17,"transform":{"skX":16.57,"skY":16.57}},{"duration":0,"transform":{}}],"name":"d2"},{"frame":[{"duration":120,"transform":{}},{"duration":0,"transform":{}}],"name":"s"},{"frame":[{"duration":120,"transform":{}},{"duration":0,"transform":{}}],"name":"s9"},{"frame":[{"curve":[0.25,0,0.75,1],"duration":10,"transform":{}},{"curve":[0.25,0,0.75,1],"duration":6,"transform":{"y":-1.995,"x":5.145}},{"curve":[0.25,0,0.75,1],"duration":6,"transform":{"y":-2.025,"x":2.84}},{"curve":[0.25,0,0.75,1],"duration":6,"transform":{"y":-1.995,"x":5.145}},{"curve":[0.25,0,0.75,1],"duration":6,"transform":{"y":-2.025,"x":2.84}},{"curve":[0.25,0,0.75,1],"duration":6,"transform":{"y":-1.995,"x":5.145}},{"curve":[0.25,0,0.75,1],"duration":4,"transform":{"y":-2.025,"x":2.84}},{"curve":[0.25,0,0.75,1],"duration":12,"transform":{"y":-1.995,"x":5.145}},{"curve":[0.25,0,0.75,1],"duration":64,"transform":{"y":5.975,"x":0.935}},{"duration":0,"transform":{}}],"name":"s10"},{"frame":[{"duration":10,"transform":{}},{"curve":[0.25,0,0.75,1],"duration":6,"transform":{}},{"curve":[0.25,0,0.75,1],"duration":6,"transform":{"y":-0.005,"x":-0.46}},{"curve":[0.25,0,0.75,1],"duration":6,"transform":{}},{"curve":[0.25,0,0.75,1],"duration":6,"transform":{"y":-0.005,"x":-0.46}},{"curve":[0.25,0,0.75,1],"duration":6,"transform":{}},{"curve":[0.25,0,0.75,1],"duration":4,"transform":{"y":-0.005,"x":-0.46}},{"curve":[0.25,0,0.75,1],"duration":12,"transform":{}},{"curve":[0.25,0,0.75,1],"duration":64,"transform":{"y":3.885,"x":-0.045}},{"duration":0,"transform":{}}],"name":"s13"},{"frame":[{"curve":[0.25,0,0.75,1],"duration":10,"transform":{}},{"curve":[0.25,0,0.75,1],"duration":7,"transform":{"skX":-30.69,"skY":-30.69}},{"curve":[0.25,0,0.75,1],"duration":6,"transform":{"skX":-35,"skY":-35}},{"curve":[0.25,0,0.75,1],"duration":7,"transform":{"skX":-30.69,"skY":-30.69}},{"curve":[0.25,0,0.75,1],"duration":7,"transform":{"skX":-35,"skY":-35}},{"curve":[0.25,0,0.75,1],"duration":7,"transform":{"skX":-30.69,"skY":-30.69}},{"curve":[0.25,0,0.75,1],"duration":6,"transform":{"skX":-35,"skY":-35}},{"curve":[0.25,0,0.75,1],"duration":6,"transform":{"skX":-30.69,"skY":-30.69}},{"curve":[0.25,0,0.75,1],"duration":24,"transform":{"skX":29.18,"skY":29.18}},{"curve":[0.25,0,0.75,1],"duration":20,"transform":{"skX":-4.59,"skY":-4.59}},{"curve":[0.25,0,0.75,1],"duration":20,"transform":{"skX":11.32,"skY":11.32}},{"duration":0,"transform":{}}],"name":"r1"},{"frame":[{"curve":[0.25,0,0.75,1],"duration":10,"transform":{}},{"curve":[0.25,0,0.75,1],"duration":6,"transform":{"y":0.54,"x":2.275}},{"curve":[0.25,0,0.75,1],"duration":6,"transform":{"y":0.515,"x":-0.025}},{"curve":[0.25,0,0.75,1],"duration":6,"transform":{"y":0.54,"x":2.275}},{"curve":[0.25,0,0.75,1],"duration":6,"transform":{"y":0.515,"x":-0.025}},{"curve":[0.25,0,0.75,1],"duration":6,"transform":{"y":0.54,"x":2.275}},{"curve":[0.25,0,0.75,1],"duration":4,"transform":{"y":0.515,"x":-0.025}},{"curve":[0.25,0,0.75,1],"duration":12,"transform":{"y":0.54,"x":2.275}},{"curve":[0.25,0,0.75,1],"duration":64,"transform":{"y":7.715,"x":-0.515}},{"duration":0,"transform":{}}],"name":"s11"},{"frame":[{"curve":[0.25,0,0.75,1],"duration":10,"transform":{}},{"curve":[0.25,0,0.75,1],"duration":7,"transform":{"skX":-33.05,"skY":-33.05}},{"curve":[0.25,0,0.75,1],"duration":6,"transform":{"skX":-29.82,"skY":-29.82}},{"curve":[0.25,0,0.75,1],"duration":7,"transform":{"skX":-33.05,"skY":-33.05}},{"curve":[0.25,0,0.75,1],"duration":7,"transform":{"skX":-29.82,"skY":-29.82}},{"curve":[0.25,0,0.75,1],"duration":7,"transform":{"skX":-33.05,"skY":-33.05}},{"curve":[0.25,0,0.75,1],"duration":6,"transform":{"skX":-29.82,"skY":-29.82}},{"curve":[0.25,0,0.75,1],"duration":6,"transform":{"skX":-33.05,"skY":-33.05}},{"curve":[0.25,0,0.75,1],"duration":24,"transform":{"skX":24.02,"skY":24.02}},{"curve":[0.25,0,0.75,1],"duration":20,"transform":{"skX":-2.21,"skY":-2.21}},{"curve":[0.25,0,0.75,1],"duration":20,"transform":{"skX":14.15,"skY":14.15}},{"duration":0,"transform":{}}],"name":"r2"},{"frame":[{"curve":[0.25,0,0.75,1],"duration":10,"transform":{}},{"curve":[0.25,0,0.75,1],"duration":7,"transform":{"skX":-0.68,"skY":-0.68}},{"curve":[0.25,0,0.75,1],"duration":6,"transform":{"skX":-6.45,"skY":-6.45}},{"curve":[0.25,0,0.75,1],"duration":7,"transform":{"skX":-0.68,"skY":-0.68}},{"curve":[0.25,0,0.75,1],"duration":7,"transform":{"skX":-6.45,"skY":-6.45}},{"curve":[0.25,0,0.75,1],"duration":7,"transform":{"skX":-0.68,"skY":-0.68}},{"curve":[0.25,0,0.75,1],"duration":6,"transform":{"skX":-6.45,"skY":-6.45}},{"curve":[0.25,0,0.75,1],"duration":6,"transform":{"skX":-0.68,"skY":-0.68}},{"curve":[0.25,0,0.75,1],"duration":24,"transform":{"skX":14.1,"skY":14.1}},{"curve":[0.25,0,0.75,1],"duration":20,"transform":{"skX":-4.79,"skY":-4.79}},{"curve":[0.25,0,0.75,1],"duration":20,"transform":{"skX":9.23,"skY":9.23}},{"duration":0,"transform":{}}],"name":"r3"},{"frame":[{"curve":[0.25,0,0.75,1],"duration":10,"transform":{}},{"curve":[0.25,0,0.75,1],"duration":6,"transform":{"y":-0.85,"x":2.395}},{"curve":[0.25,0,0.75,1],"duration":6,"transform":{"y":-0.875,"x":0.085}},{"curve":[0.25,0,0.75,1],"duration":6,"transform":{"y":-0.85,"x":2.395}},{"curve":[0.25,0,0.75,1],"duration":6,"transform":{"y":-0.875,"x":0.085}},{"curve":[0.25,0,0.75,1],"duration":6,"transform":{"y":-0.85,"x":2.395}},{"curve":[0.25,0,0.75,1],"duration":4,"transform":{"y":-0.875,"x":0.085}},{"curve":[0.25,0,0.75,1],"duration":12,"transform":{"y":-0.85,"x":2.395}},{"curve":[0.25,0,0.75,1],"duration":64,"transform":{"y":-2.93,"x":0.82}},{"duration":0,"transform":{}}],"name":"s12"},{"frame":[{"curve":[0.25,0,0.75,1],"duration":10,"transform":{}},{"curve":[0.25,0,0.75,1],"duration":7,"transform":{"skX":34.29,"skY":34.29}},{"curve":[0.25,0,0.75,1],"duration":6,"transform":{"skX":37.52,"skY":37.52}},{"curve":[0.25,0,0.75,1],"duration":7,"transform":{"skX":34.29,"skY":34.29}},{"curve":[0.25,0,0.75,1],"duration":7,"transform":{"skX":37.52,"skY":37.52}},{"curve":[0.25,0,0.75,1],"duration":7,"transform":{"skX":34.29,"skY":34.29}},{"curve":[0.25,0,0.75,1],"duration":6,"transform":{"skX":37.52,"skY":37.52}},{"curve":[0.25,0,0.75,1],"duration":6,"transform":{"skX":34.29,"skY":34.29}},{"curve":[0.25,0,0.75,1],"duration":24,"transform":{"skX":-15.46,"skY":-15.46}},{"curve":[0.25,0,0.75,1],"duration":20,"transform":{"skX":1.67,"skY":1.67}},{"curve":[0.25,0,0.75,1],"duration":20,"transform":{"skX":-10.71,"skY":-10.71}},{"duration":0,"transform":{}}],"name":"r4"},{"frame":[{"curve":[0.25,0,0.75,1],"duration":10,"transform":{}},{"curve":[0.25,0,0.75,1],"duration":6,"transform":{"y":5.74,"x":4.03}},{"curve":[0.25,0,0.75,1],"duration":6,"transform":{"y":5.72,"x":2.185}},{"curve":[0.25,0,0.75,1],"duration":6,"transform":{"y":5.74,"x":4.03}},{"curve":[0.25,0,0.75,1],"duration":6,"transform":{"y":5.72,"x":2.185}},{"curve":[0.25,0,0.75,1],"duration":6,"transform":{"y":5.74,"x":4.03}},{"curve":[0.25,0,0.75,1],"duration":4,"transform":{"y":5.72,"x":2.185}},{"curve":[0.25,0,0.75,1],"duration":12,"transform":{"y":5.74,"x":4.03}},{"curve":[0.25,0,0.75,1],"duration":64,"transform":{"y":-0.75,"x":2.17}},{"duration":0,"transform":{}}],"name":"s14"},{"frame":[{"curve":[0.25,0,0.75,1],"duration":10,"transform":{}},{"curve":[0.25,0,0.75,1],"duration":7,"transform":{"skX":27.2,"skY":27.2}},{"curve":[0.25,0,0.75,1],"duration":6,"transform":{"skX":22.89,"skY":22.89}},{"curve":[0.25,0,0.75,1],"duration":7,"transform":{"skX":27.2,"skY":27.2}},{"curve":[0.25,0,0.75,1],"duration":7,"transform":{"skX":22.89,"skY":22.89}},{"curve":[0.25,0,0.75,1],"duration":7,"transform":{"skX":27.2,"skY":27.2}},{"curve":[0.25,0,0.75,1],"duration":6,"transform":{"skX":22.89,"skY":22.89}},{"curve":[0.25,0,0.75,1],"duration":6,"transform":{"skX":27.2,"skY":27.2}},{"curve":[0.25,0,0.75,1],"duration":24,"transform":{"skX":-44.05,"skY":-44.05}},{"curve":[0.25,0,0.75,1],"duration":20,"transform":{"skX":7.26,"skY":7.26}},{"curve":[0.25,0,0.75,1],"duration":20,"transform":{"skX":-11.13,"skY":-11.13}},{"duration":0,"transform":{}}],"name":"r5"},{"frame":[{"curve":[0.25,0,0.75,1],"duration":8,"transform":{}},{"curve":[0.25,0,0.75,1],"duration":7,"transform":{"skX":28.89,"skY":28.89}},{"curve":[0.25,0,0.75,1],"duration":5,"transform":{"skX":25.25,"skY":25.25}},{"curve":[0.25,0,0.75,1],"duration":5,"transform":{"skX":28.89,"skY":28.89}},{"curve":[0.25,0,0.75,1],"duration":5,"transform":{"skX":25.25,"skY":25.25}},{"curve":[0.25,0,0.75,1],"duration":5,"transform":{"skX":28.89,"skY":28.89}},{"curve":[0.25,0,0.75,1],"duration":5,"transform":{"skX":25.25,"skY":25.25}},{"curve":[0.25,0,0.75,1],"duration":5,"transform":{"skX":28.89,"skY":28.89}},{"curve":[0.25,0,0.75,1],"duration":5,"transform":{"skX":25.25,"skY":25.25}},{"curve":[0.25,0,0.75,1],"duration":6,"transform":{"skX":28.89,"skY":28.89}},{"curve":[0.25,0,0.75,1],"duration":24,"transform":{"skX":-62.68,"skY":-62.68}},{"curve":[0.25,0,0.75,1],"duration":22,"transform":{"skX":25.54,"skY":25.54}},{"curve":[0.25,0,0.75,1],"duration":18,"transform":{"skX":-23.83,"skY":-23.83}},{"duration":0,"transform":{}}],"name":"d1"},{"frame":[{"duration":120,"transform":{}},{"duration":0,"transform":{}}],"name":"e7"},{"frame":[{"duration":120,"transform":{}},{"duration":0,"transform":{}}],"name":"e8"},{"frame":[{"tweenEasing":0,"duration":34,"transform":{"scX":0.702}},{"tweenEasing":0,"duration":16,"transform":{"scX":0.664}},{"tweenEasing":0,"duration":56,"transform":{"scY":1.209,"scX":1.209}},{"tweenEasing":0,"duration":14,"transform":{"scY":0.815,"scX":0.815}},{"duration":0,"transform":{}}],"name":"e1"},{"frame":[{"tweenEasing":0,"duration":10,"transform":{"scY":1.556,"skX":89.76,"skY":89.76,"scX":1.556}},{"tweenEasing":0,"duration":10,"transform":{"scY":1.556,"skX":179.76,"skY":179.76,"scX":1.556}},{"tweenEasing":0,"duration":10,"transform":{"scY":1.556,"skX":269.76,"skY":269.76,"scX":1.556}},{"tweenEasing":0,"duration":10,"transform":{"scY":1.556,"skX":359.76,"skY":359.76,"scX":1.556}},{"tweenEasing":0,"duration":6,"transform":{"scY":1.556,"skX":89.76,"skY":89.76,"scX":1.556}},{"tweenEasing":0,"duration":4,"transform":{"scY":0.816,"skX":89.76,"skY":89.76,"scX":0.816}},{"tweenEasing":0,"duration":10,"transform":{"scY":0.816,"skX":179.76,"skY":179.76,"scX":0.816}},{"tweenEasing":0,"duration":10,"transform":{"scY":0.816,"skX":269.76,"skY":269.76,"scX":0.816}},{"tweenEasing":0,"duration":50,"transform":{"scY":0.816,"skX":359.76,"skY":359.76,"scX":0.816}},{"duration":0,"transform":{}}],"name":"e2"},{"frame":[{"duration":45,"transform":{"scY":0.624,"scX":0.624}},{"curve":[0,1,0.75,1],"duration":2,"transform":{"scY":0.624,"scX":0.624}},{"duration":8,"transform":{"scY":1.7406,"scX":1.7406}},{"duration":10,"transform":{"scY":1.7406,"scX":1.7406}},{"duration":55,"transform":{"scY":2.534,"scX":2.534}}],"name":"baozha/00001"},{"frame":[{"curve":[0,0.435,0.875,1],"duration":25,"transform":{"scY":3.967,"scX":3.967}},{"tweenEasing":0,"duration":30,"transform":{"scY":1.7969,"skX":-212.14,"skY":-212.14,"scX":1.7969}},{"duration":65,"transform":{"scY":0.654,"skX":-103.11,"skY":-103.11,"scX":0.654}}],"name":"guang/cheng_fangshe_03_eff_02"},{"frame":[{"curve":[0,0.5,0.875,1],"duration":25,"transform":{"scY":4.906,"scX":4.906}},{"tweenEasing":0,"duration":30,"transform":{"scY":1.4852,"skX":226.1,"skY":226.1,"scX":1.4852}},{"duration":65,"transform":{"scY":0.12,"skX":69,"skY":69,"scX":0.12}}],"name":"guang/cheng_fangshe_03_eff_2"},{"frame":[{"tweenEasing":0,"duration":45,"transform":{"scY":2.713,"y":-135.345,"scX":2.713,"x":488.655}},{"tweenEasing":0,"duration":15,"transform":{"scY":1.082,"y":-135.345,"scX":1.082,"x":488.655}},{"duration":60,"transform":{"scY":4.006,"y":-135.345,"scX":4.006,"x":488.655}}],"name":"0"},{"frame":[{"duration":120,"transform":{}}],"name":"shandian02"},{"frame":[{"duration":120,"transform":{}}],"name":"shandian01"}],"name":"summon1","ik":[]},{"frame":[],"duration":120,"slot":[{"frame":[{"tweenEasing":0,"duration":45},{"tweenEasing":0,"duration":15},{"tweenEasing":null,"duration":60,"color":{"aM":0}}],"name":"0"},{"frame":[{"tweenEasing":0,"displayIndex":-1,"duration":45},{"tweenEasing":0,"duration":2},{"tweenEasing":0,"duration":2},{"tweenEasing":0,"displayIndex":1,"duration":3},{"tweenEasing":0,"displayIndex":2,"duration":3},{"tweenEasing":0,"displayIndex":3,"duration":10},{"tweenEasing":null,"displayIndex":3,"duration":55,"color":{"aM":0}}],"name":"baozha/00001"},{"frame":[{"tweenEasing":0,"duration":20,"color":{"aM":0}},{"tweenEasing":0,"duration":7},{"tweenEasing":0,"duration":7,"color":{"aM":37}},{"tweenEasing":0,"duration":16,"color":{"aM":22}},{"tweenEasing":null,"duration":50},{"tweenEasing":0,"duration":6},{"tweenEasing":0,"duration":14,"color":{"aM":38}},{"tweenEasing":null,"duration":0,"color":{"aM":0}}],"name":"e1"},{"frame":[{"tweenEasing":0,"duration":36,"color":{"bM":0,"aM":25,"gM":65}},{"tweenEasing":0,"duration":10,"color":{"bM":0,"gM":70}},{"tweenEasing":0,"duration":74,"color":{"bM":0,"aM":0,"gM":98}},{"tweenEasing":null,"duration":0,"color":{"aM":0}}],"name":"e2"},{"frame":[{"tweenEasing":0,"duration":13,"color":{"aM":65}},{"tweenEasing":0,"duration":10},{"tweenEasing":0,"duration":14,"color":{"aM":84}},{"tweenEasing":0,"duration":11},{"tweenEasing":0,"duration":6,"color":{"aM":37}},{"tweenEasing":0,"duration":26},{"tweenEasing":0,"duration":16,"color":{"aM":56}},{"tweenEasing":null,"duration":14},{"tweenEasing":0,"duration":10},{"tweenEasing":null,"duration":0,"color":{"aM":65}}],"name":"e7"},{"frame":[{"tweenEasing":0,"duration":13,"color":{"aM":65}},{"tweenEasing":0,"duration":10},{"tweenEasing":0,"duration":14,"color":{"aM":84}},{"tweenEasing":0,"duration":11},{"tweenEasing":0,"duration":6,"color":{"aM":37}},{"tweenEasing":0,"duration":26},{"tweenEasing":0,"duration":16,"color":{"aM":56}},{"tweenEasing":null,"duration":14},{"tweenEasing":0,"duration":10},{"tweenEasing":null,"duration":0,"color":{"aM":65}}],"name":"e8"},{"frame":[{"tweenEasing":0,"duration":10,"color":{"aM":0}},{"tweenEasing":0,"duration":24},{"tweenEasing":0,"duration":16,"color":{"aM":35}},{"tweenEasing":0,"duration":70},{"tweenEasing":null,"duration":0,"color":{"aM":0}}],"name":"e9"},{"frame":[{"curve":[0.9379310344827586,0.018404907975460124,1,1],"duration":15,"color":{"aM":0}},{"curve":[0.9379310344827586,0.018404907975460124,1,1],"duration":10,"color":{"aM":19}},{"tweenEasing":null,"duration":5},{"tweenEasing":null,"duration":5},{"tweenEasing":0,"duration":15},{"tweenEasing":null,"duration":70,"color":{"aM":0}}],"name":"guang/cheng_fangshe_03_eff_02"},{"frame":[{"tweenEasing":0,"duration":10,"color":{"aM":0}},{"tweenEasing":0,"duration":15,"color":{"aM":40}},{"tweenEasing":null,"duration":5},{"tweenEasing":null,"duration":15},{"tweenEasing":0,"duration":10},{"tweenEasing":null,"duration":65,"color":{"aM":0}}],"name":"guang/cheng_fangshe_03_eff_2"},{"frame":[{"tweenEasing":null,"displayIndex":-1,"duration":10},{"tweenEasing":0,"duration":10,"color":{"bM":67,"rM":98}},{"tweenEasing":null,"duration":10,"color":{"bM":67,"rM":98,"aM":0}},{"tweenEasing":0,"duration":10,"color":{"bM":67,"rM":98}},{"tweenEasing":null,"duration":80,"color":{"bM":67,"rM":98,"aM":0}}],"name":"shandian01"},{"frame":[{"tweenEasing":0,"duration":10,"color":{"bM":67,"rM":98}},{"tweenEasing":null,"duration":10,"color":{"bM":67,"rM":98,"aM":0}},{"tweenEasing":0,"duration":10,"color":{"bM":67,"rM":98}},{"tweenEasing":null,"duration":61,"color":{"bM":67,"rM":98,"aM":0}},{"tweenEasing":null,"duration":29,"color":{"bM":67,"rM":98,"aM":0}}],"name":"shandian02"}],"ffd":[],"bone":[{"frame":[{"duration":120,"transform":{}},{"duration":0,"transform":{}}],"name":"root"},{"frame":[{"duration":20,"transform":{}},{"duration":20,"transform":{}},{"duration":10,"transform":{}},{"tweenEasing":0,"duration":10,"transform":{}},{"tweenEasing":0,"duration":30,"transform":{"y":7.745,"skX":7.54,"skY":7.54,"x":13.11}},{"duration":30,"transform":{}},{"duration":0,"transform":{}}],"name":"s4"},{"frame":[{"tweenEasing":0,"duration":10,"transform":{}},{"tweenEasing":0,"duration":10,"transform":{"skX":-1.82,"skY":-1.82}},{"tweenEasing":0,"duration":10,"transform":{}},{"tweenEasing":0,"duration":10,"transform":{"skX":-1.82,"skY":-1.82}},{"tweenEasing":0,"duration":10,"transform":{}},{"tweenEasing":0,"duration":10,"transform":{"skX":-1.82,"skY":-1.82}},{"tweenEasing":0,"duration":30,"transform":{"y":-5.23,"skX":-2.52,"skY":-2.52,"x":-4.595}},{"duration":30,"transform":{}},{"duration":0,"transform":{}}],"name":"bone"},{"frame":[{"tweenEasing":0,"duration":10,"transform":{}},{"tweenEasing":0,"duration":10,"transform":{"skX":2.51,"skY":2.51}},{"tweenEasing":0,"duration":10,"transform":{}},{"tweenEasing":0,"duration":10,"transform":{"skX":2.51,"skY":2.51}},{"tweenEasing":0,"duration":10,"transform":{}},{"tweenEasing":0,"duration":10,"transform":{"skX":2.51,"skY":2.51}},{"tweenEasing":0,"duration":30,"transform":{"skX":-7.61,"skY":-7.61}},{"duration":30,"transform":{}},{"duration":0,"transform":{}}],"name":"bone2"},{"frame":[{"tweenEasing":0,"duration":10,"transform":{}},{"tweenEasing":0,"duration":10,"transform":{"skX":-2.55,"skY":-2.55}},{"tweenEasing":0,"duration":10,"transform":{}},{"tweenEasing":0,"duration":10,"transform":{"skX":-2.55,"skY":-2.55}},{"tweenEasing":0,"duration":10,"transform":{}},{"tweenEasing":0,"duration":10,"transform":{"skX":-2.55,"skY":-2.55}},{"tweenEasing":0,"duration":30,"transform":{"y":3.73,"skX":-13.8,"skY":-13.8,"x":-3.51}},{"duration":30,"transform":{}},{"duration":0,"transform":{}}],"name":"s3"},{"frame":[{"tweenEasing":0,"duration":10,"transform":{}},{"tweenEasing":0,"duration":10,"transform":{"skX":6.96,"skY":6.96}},{"tweenEasing":0,"duration":10,"transform":{}},{"tweenEasing":0,"duration":10,"transform":{"skX":6.96,"skY":6.96}},{"tweenEasing":0,"duration":10,"transform":{}},{"tweenEasing":0,"duration":10,"transform":{"skX":6.96,"skY":6.96}},{"tweenEasing":0,"duration":30,"transform":{"y":5.315,"skX":6.02,"skY":6.02,"x":-0.715}},{"duration":30,"transform":{}},{"duration":0,"transform":{}}],"name":"s5"},{"frame":[{"tweenEasing":0,"duration":10,"transform":{}},{"tweenEasing":0,"duration":10,"transform":{"skX":3.93,"skY":3.93}},{"tweenEasing":0,"duration":10,"transform":{}},{"tweenEasing":0,"duration":10,"transform":{"skX":3.93,"skY":3.93}},{"tweenEasing":0,"duration":10,"transform":{}},{"tweenEasing":0,"duration":10,"transform":{"skX":3.93,"skY":3.93}},{"tweenEasing":0,"duration":30,"transform":{"y":4.17,"skX":-7.22,"skY":-7.22,"x":-4.765}},{"duration":30,"transform":{}},{"duration":0,"transform":{}}],"name":"s1"},{"frame":[{"tweenEasing":0,"duration":10,"transform":{}},{"tweenEasing":0,"duration":10,"transform":{"skX":1.99,"skY":1.99}},{"tweenEasing":0,"duration":10,"transform":{}},{"tweenEasing":0,"duration":10,"transform":{"skX":1.99,"skY":1.99}},{"tweenEasing":0,"duration":10,"transform":{}},{"tweenEasing":0,"duration":10,"transform":{"skX":1.99,"skY":1.99}},{"tweenEasing":0,"duration":30,"transform":{"y":4.17,"skX":-4.11,"skY":-4.11,"x":-4.765}},{"duration":30,"transform":{}},{"duration":0,"transform":{}}],"name":"s2"},{"frame":[{"tweenEasing":0,"duration":10,"transform":{}},{"tweenEasing":0,"duration":10,"transform":{"skX":-8.29,"skY":-8.29}},{"tweenEasing":0,"duration":10,"transform":{}},{"tweenEasing":0,"duration":10,"transform":{"skX":-8.29,"skY":-8.29}},{"tweenEasing":0,"duration":10,"transform":{}},{"tweenEasing":0,"duration":10,"transform":{"skX":-8.29,"skY":-8.29}},{"tweenEasing":0,"duration":30,"transform":{"y":-5.96,"skX":-13.96,"skY":-13.96,"x":7.745}},{"duration":30,"transform":{}},{"duration":0,"transform":{}}],"name":"s6"},{"frame":[{"tweenEasing":0,"duration":10,"transform":{}},{"tweenEasing":0,"duration":10,"transform":{"skX":-0.92,"skY":-0.92}},{"tweenEasing":0,"duration":10,"transform":{}},{"tweenEasing":0,"duration":10,"transform":{"skX":-0.92,"skY":-0.92}},{"tweenEasing":0,"duration":10,"transform":{}},{"tweenEasing":0,"duration":10,"transform":{"skX":-0.92,"skY":-0.92}},{"tweenEasing":0,"duration":30,"transform":{"skX":-13.19,"skY":-13.19}},{"duration":30,"transform":{}},{"duration":0,"transform":{}}],"name":"s7"},{"frame":[{"tweenEasing":0,"duration":10,"transform":{}},{"tweenEasing":0,"duration":10,"transform":{"skX":1.83,"skY":1.83}},{"tweenEasing":0,"duration":10,"transform":{}},{"tweenEasing":0,"duration":10,"transform":{"skX":1.83,"skY":1.83}},{"tweenEasing":0,"duration":10,"transform":{}},{"tweenEasing":0,"duration":10,"transform":{"skX":1.83,"skY":1.83}},{"tweenEasing":0,"duration":30,"transform":{"skX":13.29,"skY":13.29}},{"duration":30,"transform":{}},{"duration":0,"transform":{}}],"name":"s8"},{"frame":[{"duration":120,"transform":{}},{"duration":0,"transform":{}}],"name":"w"},{"frame":[{"duration":44,"transform":{}},{"tweenEasing":0,"duration":6,"transform":{}},{"duration":50,"transform":{"scY":1.035,"y":27.135,"scX":1.035,"x":0.105}},{"tweenEasing":0,"duration":20,"transform":{"scY":1.035,"y":27.135,"scX":1.035,"x":0.105}},{"duration":0,"transform":{}}],"name":"c1"},{"frame":[{"duration":44,"transform":{}},{"tweenEasing":0,"duration":6,"transform":{}},{"duration":50,"transform":{"scY":0.987,"y":-36.795,"scX":0.987,"x":-0.145}},{"tweenEasing":0,"duration":20,"transform":{"scY":0.987,"y":-36.795,"scX":0.987,"x":-0.145}},{"duration":0,"transform":{}}],"name":"c3"},{"frame":[{"duration":120,"transform":{}},{"duration":0,"transform":{}}],"name":"y"},{"frame":[{"tweenEasing":0,"duration":4,"transform":{}},{"tweenEasing":0,"duration":6,"transform":{"skX":-6.17,"skY":-6.17,"scX":0.881}},{"tweenEasing":0,"duration":4,"transform":{"skX":6.42,"skY":6.42,"scX":1.099}},{"tweenEasing":0,"duration":6,"transform":{}},{"tweenEasing":0,"duration":6,"transform":{"skX":-5.21,"skY":-5.21}},{"tweenEasing":0,"duration":6,"transform":{"skX":-9.65,"skY":-9.65}},{"tweenEasing":0,"duration":6,"transform":{"skX":-5.21,"skY":-5.21}},{"tweenEasing":0,"duration":4,"transform":{"skX":-9.65,"skY":-9.65}},{"tweenEasing":0,"duration":6,"transform":{"skX":-5.21,"skY":-5.21}},{"tweenEasing":0,"duration":2,"transform":{"skX":-9.65,"skY":-9.65}},{"tweenEasing":0,"duration":6,"transform":{"skX":-5.21,"skY":-5.21}},{"tweenEasing":0,"duration":24,"transform":{"skX":21.21,"skY":21.21}},{"tweenEasing":0,"duration":40,"transform":{"skX":-15.4,"skY":-15.4}},{"duration":0,"transform":{}}],"name":"sz2"},{"frame":[{"tweenEasing":0,"duration":7,"transform":{}},{"tweenEasing":0,"duration":3,"transform":{"skX":26.15,"skY":26.15}},{"tweenEasing":0,"duration":10,"transform":{"skX":-10.53,"skY":-10.53}},{"tweenEasing":0,"duration":6,"transform":{}},{"tweenEasing":0,"duration":6,"transform":{"skX":0.35,"skY":0.35}},{"tweenEasing":0,"duration":6,"transform":{}},{"tweenEasing":0,"duration":4,"transform":{"skX":0.35,"skY":0.35}},{"tweenEasing":0,"duration":6,"transform":{}},{"tweenEasing":0,"duration":2,"transform":{"skX":0.35,"skY":0.35}},{"tweenEasing":0,"duration":6,"transform":{}},{"tweenEasing":0,"duration":24,"transform":{"skX":16.33,"skY":16.33}},{"tweenEasing":0,"duration":34,"transform":{"skX":-18.35,"skY":-18.35}},{"tweenEasing":0,"duration":6,"transform":{"skX":4.49,"skY":4.49}},{"duration":0,"transform":{}}],"name":"l2"},{"frame":[{"tweenEasing":0,"duration":4,"transform":{}},{"tweenEasing":0,"duration":6,"transform":{"skX":10.77,"skY":10.77}},{"tweenEasing":0,"duration":10,"transform":{"skX":-5.48,"skY":-5.48,"scX":1.08}},{"duration":12,"transform":{"skX":-7.4,"skY":-7.4}},{"duration":10,"transform":{"skX":-7.4,"skY":-7.4}},{"duration":8,"transform":{"skX":-7.4,"skY":-7.4}},{"tweenEasing":0,"duration":6,"transform":{"skX":-7.4,"skY":-7.4}},{"tweenEasing":0,"duration":30,"transform":{"skX":17.23,"skY":17.23}},{"tweenEasing":0,"duration":28,"transform":{"skX":-9.88,"skY":-9.88}},{"tweenEasing":0,"duration":6,"transform":{"skX":1.05,"skY":1.05}},{"duration":0,"transform":{}}],"name":"sz1"},{"frame":[{"tweenEasing":0,"duration":4,"transform":{}},{"tweenEasing":0,"duration":3,"transform":{"skX":-34.32,"skY":-34.32}},{"tweenEasing":0,"duration":3,"transform":{"y":1.455,"skX":-40.95,"skY":-40.95,"x":0.845}},{"tweenEasing":0,"duration":4,"transform":{"y":1.455,"skX":-5.09,"skY":-5.09,"x":0.845}},{"tweenEasing":0,"duration":6,"transform":{"y":1.455,"skX":6.91,"skY":6.91,"x":0.845}},{"tweenEasing":0,"duration":6,"transform":{"skX":-5.59,"skY":-5.59}},{"tweenEasing":0,"duration":6,"transform":{"y":-0.755,"skX":-5.59,"skY":-5.59,"x":-2.165}},{"tweenEasing":0,"duration":6,"transform":{"skX":-5.59,"skY":-5.59}},{"tweenEasing":0,"duration":4,"transform":{"y":-0.755,"skX":-5.59,"skY":-5.59,"x":-2.165}},{"tweenEasing":0,"duration":6,"transform":{"skX":-5.59,"skY":-5.59}},{"tweenEasing":0,"duration":2,"transform":{"y":-0.755,"skX":-5.59,"skY":-5.59,"x":-2.165}},{"tweenEasing":0,"duration":6,"transform":{"skX":-5.59,"skY":-5.59}},{"tweenEasing":0,"duration":4,"transform":{"y":0.29,"skX":-5.59,"skY":-5.59,"x":-3.025}},{"tweenEasing":0,"duration":26,"transform":{"y":0.29,"skX":9.72,"skY":9.72,"x":-3.025}},{"tweenEasing":0,"duration":28,"transform":{"y":-1.27,"skX":-13.06,"skY":-13.06,"x":-2.82}},{"tweenEasing":0,"duration":6,"transform":{"y":-1.27,"skX":-0.18,"skY":-0.18,"x":-2.82}},{"duration":0,"transform":{}}],"name":"bone3"},{"frame":[{"tweenEasing":0,"duration":7,"transform":{}},{"tweenEasing":0,"duration":3,"transform":{"skX":-8.37,"skY":-8.37}},{"tweenEasing":0,"duration":4,"transform":{"skX":7.93,"skY":7.93}},{"tweenEasing":0,"duration":6,"transform":{"skX":14.68,"skY":14.68}},{"duration":12,"transform":{}},{"duration":10,"transform":{}},{"duration":8,"transform":{}},{"tweenEasing":0,"duration":10,"transform":{}},{"tweenEasing":0,"duration":26,"transform":{"skX":20.83,"skY":20.83}},{"tweenEasing":0,"duration":28,"transform":{"skX":-7.19,"skY":-7.19}},{"tweenEasing":0,"duration":6,"transform":{"skX":5.26,"skY":5.26}},{"duration":0,"transform":{}}],"name":"l1"},{"frame":[{"tweenEasing":0,"duration":4,"transform":{}},{"tweenEasing":0,"duration":3,"transform":{"skX":22.44,"skY":22.44}},{"tweenEasing":0,"duration":3,"transform":{"y":-2.405,"skX":-19.03,"skY":-19.03,"x":-1.615}},{"tweenEasing":0,"duration":10,"transform":{"y":-2.405,"skX":13.25,"skY":13.25,"x":-1.615}},{"tweenEasing":0,"duration":6,"transform":{}},{"tweenEasing":0,"duration":6,"transform":{"skX":-5.87,"skY":-5.87}},{"tweenEasing":0,"duration":6,"transform":{}},{"tweenEasing":0,"duration":4,"transform":{"skX":-5.87,"skY":-5.87}},{"tweenEasing":0,"duration":6,"transform":{}},{"tweenEasing":0,"duration":2,"transform":{"skX":-5.87,"skY":-5.87}},{"tweenEasing":0,"duration":10,"transform":{}},{"tweenEasing":0,"duration":32,"transform":{"skX":9.59,"skY":9.59}},{"tweenEasing":0,"duration":28,"transform":{"skX":-13,"skY":-13}},{"duration":0,"transform":{}}],"name":"bone4"},{"frame":[{"curve":[0.25,0,0.75,1],"duration":8,"transform":{}},{"curve":[0.25,0,0.75,1],"duration":7,"transform":{"skX":-18.69,"skY":-18.69}},{"curve":[0.25,0,0.75,1],"duration":5,"transform":{"skX":-22.57,"skY":-22.57}},{"curve":[0.25,0,0.75,1],"duration":5,"transform":{"skX":-18.69,"skY":-18.69}},{"curve":[0.25,0,0.75,1],"duration":5,"transform":{"skX":-22.57,"skY":-22.57}},{"curve":[0.25,0,0.75,1],"duration":5,"transform":{"skX":-18.69,"skY":-18.69}},{"curve":[0.25,0,0.75,1],"duration":5,"transform":{"skX":-22.57,"skY":-22.57}},{"curve":[0.25,0,0.75,1],"duration":5,"transform":{"skX":-18.69,"skY":-18.69}},{"curve":[0.25,0,0.75,1],"duration":5,"transform":{"skX":-22.57,"skY":-22.57}},{"curve":[0.25,0,0.75,1],"duration":6,"transform":{"skX":-18.69,"skY":-18.69}},{"curve":[0.25,0,0.75,1],"duration":28,"transform":{"skX":45.59,"skY":45.59}},{"curve":[0.25,0,0.75,1],"duration":19,"transform":{"skX":-19.43,"skY":-19.43}},{"curve":[0.25,0,0.75,1],"duration":17,"transform":{"skX":16.57,"skY":16.57}},{"duration":0,"transform":{}}],"name":"d2"},{"frame":[{"duration":120,"transform":{}},{"duration":0,"transform":{}}],"name":"s"},{"frame":[{"duration":120,"transform":{}},{"duration":0,"transform":{}}],"name":"s9"},{"frame":[{"curve":[0.25,0,0.75,1],"duration":10,"transform":{}},{"curve":[0.25,0,0.75,1],"duration":6,"transform":{"y":-1.995,"x":5.145}},{"curve":[0.25,0,0.75,1],"duration":6,"transform":{"y":-2.025,"x":2.84}},{"curve":[0.25,0,0.75,1],"duration":6,"transform":{"y":-1.995,"x":5.145}},{"curve":[0.25,0,0.75,1],"duration":6,"transform":{"y":-2.025,"x":2.84}},{"curve":[0.25,0,0.75,1],"duration":6,"transform":{"y":-1.995,"x":5.145}},{"curve":[0.25,0,0.75,1],"duration":4,"transform":{"y":-2.025,"x":2.84}},{"curve":[0.25,0,0.75,1],"duration":12,"transform":{"y":-1.995,"x":5.145}},{"curve":[0.25,0,0.75,1],"duration":64,"transform":{"y":5.975,"x":0.935}},{"duration":0,"transform":{}}],"name":"s10"},{"frame":[{"duration":10,"transform":{}},{"curve":[0.25,0,0.75,1],"duration":6,"transform":{}},{"curve":[0.25,0,0.75,1],"duration":6,"transform":{"y":-0.005,"x":-0.46}},{"curve":[0.25,0,0.75,1],"duration":6,"transform":{}},{"curve":[0.25,0,0.75,1],"duration":6,"transform":{"y":-0.005,"x":-0.46}},{"curve":[0.25,0,0.75,1],"duration":6,"transform":{}},{"curve":[0.25,0,0.75,1],"duration":4,"transform":{"y":-0.005,"x":-0.46}},{"curve":[0.25,0,0.75,1],"duration":12,"transform":{}},{"curve":[0.25,0,0.75,1],"duration":64,"transform":{"y":3.885,"x":-0.045}},{"duration":0,"transform":{}}],"name":"s13"},{"frame":[{"curve":[0.25,0,0.75,1],"duration":10,"transform":{}},{"curve":[0.25,0,0.75,1],"duration":7,"transform":{"skX":-30.69,"skY":-30.69}},{"curve":[0.25,0,0.75,1],"duration":6,"transform":{"skX":-35,"skY":-35}},{"curve":[0.25,0,0.75,1],"duration":7,"transform":{"skX":-30.69,"skY":-30.69}},{"curve":[0.25,0,0.75,1],"duration":7,"transform":{"skX":-35,"skY":-35}},{"curve":[0.25,0,0.75,1],"duration":7,"transform":{"skX":-30.69,"skY":-30.69}},{"curve":[0.25,0,0.75,1],"duration":6,"transform":{"skX":-35,"skY":-35}},{"curve":[0.25,0,0.75,1],"duration":6,"transform":{"skX":-30.69,"skY":-30.69}},{"curve":[0.25,0,0.75,1],"duration":24,"transform":{"skX":29.18,"skY":29.18}},{"curve":[0.25,0,0.75,1],"duration":20,"transform":{"skX":-4.59,"skY":-4.59}},{"curve":[0.25,0,0.75,1],"duration":20,"transform":{"skX":11.32,"skY":11.32}},{"duration":0,"transform":{}}],"name":"r1"},{"frame":[{"curve":[0.25,0,0.75,1],"duration":10,"transform":{}},{"curve":[0.25,0,0.75,1],"duration":6,"transform":{"y":0.54,"x":2.275}},{"curve":[0.25,0,0.75,1],"duration":6,"transform":{"y":0.515,"x":-0.025}},{"curve":[0.25,0,0.75,1],"duration":6,"transform":{"y":0.54,"x":2.275}},{"curve":[0.25,0,0.75,1],"duration":6,"transform":{"y":0.515,"x":-0.025}},{"curve":[0.25,0,0.75,1],"duration":6,"transform":{"y":0.54,"x":2.275}},{"curve":[0.25,0,0.75,1],"duration":4,"transform":{"y":0.515,"x":-0.025}},{"curve":[0.25,0,0.75,1],"duration":12,"transform":{"y":0.54,"x":2.275}},{"curve":[0.25,0,0.75,1],"duration":64,"transform":{"y":7.715,"x":-0.515}},{"duration":0,"transform":{}}],"name":"s11"},{"frame":[{"curve":[0.25,0,0.75,1],"duration":10,"transform":{}},{"curve":[0.25,0,0.75,1],"duration":7,"transform":{"skX":-33.05,"skY":-33.05}},{"curve":[0.25,0,0.75,1],"duration":6,"transform":{"skX":-29.82,"skY":-29.82}},{"curve":[0.25,0,0.75,1],"duration":7,"transform":{"skX":-33.05,"skY":-33.05}},{"curve":[0.25,0,0.75,1],"duration":7,"transform":{"skX":-29.82,"skY":-29.82}},{"curve":[0.25,0,0.75,1],"duration":7,"transform":{"skX":-33.05,"skY":-33.05}},{"curve":[0.25,0,0.75,1],"duration":6,"transform":{"skX":-29.82,"skY":-29.82}},{"curve":[0.25,0,0.75,1],"duration":6,"transform":{"skX":-33.05,"skY":-33.05}},{"curve":[0.25,0,0.75,1],"duration":24,"transform":{"skX":24.02,"skY":24.02}},{"curve":[0.25,0,0.75,1],"duration":20,"transform":{"skX":-2.21,"skY":-2.21}},{"curve":[0.25,0,0.75,1],"duration":20,"transform":{"skX":14.15,"skY":14.15}},{"duration":0,"transform":{}}],"name":"r2"},{"frame":[{"curve":[0.25,0,0.75,1],"duration":10,"transform":{}},{"curve":[0.25,0,0.75,1],"duration":7,"transform":{"skX":-0.68,"skY":-0.68}},{"curve":[0.25,0,0.75,1],"duration":6,"transform":{"skX":-6.45,"skY":-6.45}},{"curve":[0.25,0,0.75,1],"duration":7,"transform":{"skX":-0.68,"skY":-0.68}},{"curve":[0.25,0,0.75,1],"duration":7,"transform":{"skX":-6.45,"skY":-6.45}},{"curve":[0.25,0,0.75,1],"duration":7,"transform":{"skX":-0.68,"skY":-0.68}},{"curve":[0.25,0,0.75,1],"duration":6,"transform":{"skX":-6.45,"skY":-6.45}},{"curve":[0.25,0,0.75,1],"duration":6,"transform":{"skX":-0.68,"skY":-0.68}},{"curve":[0.25,0,0.75,1],"duration":24,"transform":{"skX":14.1,"skY":14.1}},{"curve":[0.25,0,0.75,1],"duration":20,"transform":{"skX":-4.79,"skY":-4.79}},{"curve":[0.25,0,0.75,1],"duration":20,"transform":{"skX":9.23,"skY":9.23}},{"duration":0,"transform":{}}],"name":"r3"},{"frame":[{"curve":[0.25,0,0.75,1],"duration":10,"transform":{}},{"curve":[0.25,0,0.75,1],"duration":6,"transform":{"y":-0.85,"x":2.395}},{"curve":[0.25,0,0.75,1],"duration":6,"transform":{"y":-0.875,"x":0.085}},{"curve":[0.25,0,0.75,1],"duration":6,"transform":{"y":-0.85,"x":2.395}},{"curve":[0.25,0,0.75,1],"duration":6,"transform":{"y":-0.875,"x":0.085}},{"curve":[0.25,0,0.75,1],"duration":6,"transform":{"y":-0.85,"x":2.395}},{"curve":[0.25,0,0.75,1],"duration":4,"transform":{"y":-0.875,"x":0.085}},{"curve":[0.25,0,0.75,1],"duration":12,"transform":{"y":-0.85,"x":2.395}},{"curve":[0.25,0,0.75,1],"duration":64,"transform":{"y":-2.93,"x":0.82}},{"duration":0,"transform":{}}],"name":"s12"},{"frame":[{"curve":[0.25,0,0.75,1],"duration":10,"transform":{}},{"curve":[0.25,0,0.75,1],"duration":7,"transform":{"skX":34.29,"skY":34.29}},{"curve":[0.25,0,0.75,1],"duration":6,"transform":{"skX":37.52,"skY":37.52}},{"curve":[0.25,0,0.75,1],"duration":7,"transform":{"skX":34.29,"skY":34.29}},{"curve":[0.25,0,0.75,1],"duration":7,"transform":{"skX":37.52,"skY":37.52}},{"curve":[0.25,0,0.75,1],"duration":7,"transform":{"skX":34.29,"skY":34.29}},{"curve":[0.25,0,0.75,1],"duration":6,"transform":{"skX":37.52,"skY":37.52}},{"curve":[0.25,0,0.75,1],"duration":6,"transform":{"skX":34.29,"skY":34.29}},{"curve":[0.25,0,0.75,1],"duration":24,"transform":{"skX":-15.46,"skY":-15.46}},{"curve":[0.25,0,0.75,1],"duration":20,"transform":{"skX":1.67,"skY":1.67}},{"curve":[0.25,0,0.75,1],"duration":20,"transform":{"skX":-10.71,"skY":-10.71}},{"duration":0,"transform":{}}],"name":"r4"},{"frame":[{"curve":[0.25,0,0.75,1],"duration":10,"transform":{}},{"curve":[0.25,0,0.75,1],"duration":6,"transform":{"y":5.74,"x":4.03}},{"curve":[0.25,0,0.75,1],"duration":6,"transform":{"y":5.72,"x":2.185}},{"curve":[0.25,0,0.75,1],"duration":6,"transform":{"y":5.74,"x":4.03}},{"curve":[0.25,0,0.75,1],"duration":6,"transform":{"y":5.72,"x":2.185}},{"curve":[0.25,0,0.75,1],"duration":6,"transform":{"y":5.74,"x":4.03}},{"curve":[0.25,0,0.75,1],"duration":4,"transform":{"y":5.72,"x":2.185}},{"curve":[0.25,0,0.75,1],"duration":12,"transform":{"y":5.74,"x":4.03}},{"curve":[0.25,0,0.75,1],"duration":64,"transform":{"y":-0.75,"x":2.17}},{"duration":0,"transform":{}}],"name":"s14"},{"frame":[{"curve":[0.25,0,0.75,1],"duration":10,"transform":{}},{"curve":[0.25,0,0.75,1],"duration":7,"transform":{"skX":27.2,"skY":27.2}},{"curve":[0.25,0,0.75,1],"duration":6,"transform":{"skX":22.89,"skY":22.89}},{"curve":[0.25,0,0.75,1],"duration":7,"transform":{"skX":27.2,"skY":27.2}},{"curve":[0.25,0,0.75,1],"duration":7,"transform":{"skX":22.89,"skY":22.89}},{"curve":[0.25,0,0.75,1],"duration":7,"transform":{"skX":27.2,"skY":27.2}},{"curve":[0.25,0,0.75,1],"duration":6,"transform":{"skX":22.89,"skY":22.89}},{"curve":[0.25,0,0.75,1],"duration":6,"transform":{"skX":27.2,"skY":27.2}},{"curve":[0.25,0,0.75,1],"duration":24,"transform":{"skX":-44.05,"skY":-44.05}},{"curve":[0.25,0,0.75,1],"duration":20,"transform":{"skX":7.26,"skY":7.26}},{"curve":[0.25,0,0.75,1],"duration":20,"transform":{"skX":-11.13,"skY":-11.13}},{"duration":0,"transform":{}}],"name":"r5"},{"frame":[{"curve":[0.25,0,0.75,1],"duration":8,"transform":{}},{"curve":[0.25,0,0.75,1],"duration":7,"transform":{"skX":28.89,"skY":28.89}},{"curve":[0.25,0,0.75,1],"duration":5,"transform":{"skX":25.25,"skY":25.25}},{"curve":[0.25,0,0.75,1],"duration":5,"transform":{"skX":28.89,"skY":28.89}},{"curve":[0.25,0,0.75,1],"duration":5,"transform":{"skX":25.25,"skY":25.25}},{"curve":[0.25,0,0.75,1],"duration":5,"transform":{"skX":28.89,"skY":28.89}},{"curve":[0.25,0,0.75,1],"duration":5,"transform":{"skX":25.25,"skY":25.25}},{"curve":[0.25,0,0.75,1],"duration":5,"transform":{"skX":28.89,"skY":28.89}},{"curve":[0.25,0,0.75,1],"duration":5,"transform":{"skX":25.25,"skY":25.25}},{"curve":[0.25,0,0.75,1],"duration":6,"transform":{"skX":28.89,"skY":28.89}},{"curve":[0.25,0,0.75,1],"duration":24,"transform":{"skX":-62.68,"skY":-62.68}},{"curve":[0.25,0,0.75,1],"duration":22,"transform":{"skX":25.54,"skY":25.54}},{"curve":[0.25,0,0.75,1],"duration":18,"transform":{"skX":-23.83,"skY":-23.83}},{"duration":0,"transform":{}}],"name":"d1"},{"frame":[{"duration":120,"transform":{}},{"duration":0,"transform":{}}],"name":"e7"},{"frame":[{"duration":120,"transform":{}},{"duration":0,"transform":{}}],"name":"e8"},{"frame":[{"tweenEasing":0,"duration":34,"transform":{"scX":0.702}},{"tweenEasing":0,"duration":16,"transform":{"scX":0.664}},{"tweenEasing":0,"duration":56,"transform":{"scY":1.209,"scX":1.209}},{"tweenEasing":0,"duration":14,"transform":{"scY":0.815,"scX":0.815}},{"duration":0,"transform":{}}],"name":"e1"},{"frame":[{"tweenEasing":0,"duration":10,"transform":{"scY":1.556,"skX":89.76,"skY":89.76,"scX":1.556}},{"tweenEasing":0,"duration":10,"transform":{"scY":1.556,"skX":179.76,"skY":179.76,"scX":1.556}},{"tweenEasing":0,"duration":10,"transform":{"scY":1.556,"skX":269.76,"skY":269.76,"scX":1.556}},{"tweenEasing":0,"duration":10,"transform":{"scY":1.556,"skX":359.76,"skY":359.76,"scX":1.556}},{"tweenEasing":0,"duration":6,"transform":{"scY":1.556,"skX":89.76,"skY":89.76,"scX":1.556}},{"tweenEasing":0,"duration":4,"transform":{"scY":0.816,"skX":89.76,"skY":89.76,"scX":0.816}},{"tweenEasing":0,"duration":10,"transform":{"scY":0.816,"skX":179.76,"skY":179.76,"scX":0.816}},{"tweenEasing":0,"duration":10,"transform":{"scY":0.816,"skX":269.76,"skY":269.76,"scX":0.816}},{"tweenEasing":0,"duration":50,"transform":{"scY":0.816,"skX":359.76,"skY":359.76,"scX":0.816}},{"duration":0,"transform":{}}],"name":"e2"},{"frame":[{"duration":20,"transform":{"y":-8.7165,"x":-2.62195}},{"duration":100,"transform":{"y":-8.7165,"x":-2.62195}}],"name":"shandian02"},{"frame":[{"duration":10,"transform":{}},{"duration":20,"transform":{}},{"tweenEasing":0,"duration":77,"transform":{}},{"duration":13,"transform":{}}],"name":"shandian01"},{"frame":[{"tweenEasing":0,"duration":45,"transform":{}},{"curve":[0,1,0.75,1],"duration":2,"transform":{"scY":0.624,"scX":0.624}},{"duration":18,"transform":{"scY":2.826,"skX":-8.0832,"skY":-8.0832,"scX":2.826}},{"duration":55,"transform":{"scY":2.826,"skX":-8.0832,"skY":-8.0832,"scX":2.826}}],"name":"baozha/00001"},{"frame":[{"tweenEasing":0,"duration":45,"transform":{"scY":2.713,"y":-135.345,"scX":2.713,"x":488.655}},{"tweenEasing":0,"duration":15,"transform":{"scY":1.082,"y":-135.345,"scX":1.082,"x":488.655}},{"duration":60,"transform":{"scY":4.006,"y":-135.345,"scX":4.006,"x":488.655}}],"name":"0"},{"frame":[{"curve":[0,0.435,0.875,1],"duration":25,"transform":{"scY":3.967,"scX":3.967}},{"tweenEasing":0,"duration":25,"transform":{"scY":1.2815,"skX":-212.14,"skY":-212.14,"scX":1.2815}},{"duration":70,"transform":{"scY":0.654,"skX":-103.11,"skY":-103.11,"scX":0.654}}],"name":"guang/cheng_fangshe_03_eff_02"},{"frame":[{"curve":[0,0.5,0.875,1],"duration":25,"transform":{"scY":4.906,"scX":4.906}},{"tweenEasing":0,"duration":30,"transform":{"scY":0.6022,"skX":226.1,"skY":226.1,"scX":0.6022}},{"duration":65,"transform":{"scY":0.12,"skX":69,"skY":69,"scX":0.12}}],"name":"guang/cheng_fangshe_03_eff_2"}],"name":"summon2","ik":[]}],"type":"Armature","frameRate":30,"ik":[],"bone":[{"name":"root","transform":{}},{"length":52.5,"transform":{"skX":30.98,"skY":30.98},"parent":"root","name":"0"},{"length":56,"transform":{"y":-134.41,"skX":-15.15,"skY":-15.15,"x":489.74},"parent":"root","name":"baozha/00001"},{"length":77,"transform":{"y":-6.65,"skX":-80.6,"skY":-80.6,"x":630.205},"parent":"root","name":"s4"},{"length":73,"transform":{"y":-129.34295,"skX":88.21,"skY":88.21,"x":488.4096},"parent":"root","name":"guang/cheng_fangshe_03_eff_02"},{"length":76.5,"transform":{"y":-9.17,"skX":-62.37,"skY":-62.37,"x":315.205},"parent":"root","name":"s2"},{"length":161,"transform":{"y":-7.91,"skX":-89.77,"skY":-89.77,"x":524.365},"parent":"root","name":"w"},{"length":73,"transform":{"y":-133.625,"skX":-115.68,"skY":-115.68,"x":487.1381},"parent":"root","name":"guang/cheng_fangshe_03_eff_2"},{"length":73,"transform":{"y":-317.24,"skX":146.98,"skY":146.98,"x":655.405},"parent":"root","name":"s6"},{"length":64.5,"transform":{"y":-330.47,"skX":157.01,"skY":157.01,"x":634.615},"parent":"root","name":"s8"},{"length":75.5,"transform":{"y":-314.09,"skX":106.53,"skY":106.53,"x":679.345},"parent":"root","name":"s7"},{"length":56.5,"transform":{"y":-7.28,"skX":-113.01,"skY":-113.01,"x":310.165},"parent":"root","name":"s1"},{"length":92.5,"transform":{"y":-20.515,"skX":-22.05,"skY":-22.05,"x":-7.225},"parent":"s4","name":"bone"},{"transform":{"y":-55.665,"x":159.015},"name":"shandian02","parent":"w"},{"length":27,"transform":{"y":-50.28,"skX":92.43,"skY":92.43,"x":127.055},"parent":"w","name":"c1"},{"length":29.5,"transform":{"y":-24.485,"skX":-85.36,"skY":-85.36,"x":135.98},"parent":"w","name":"c3"},{"transform":{"y":-90.995,"x":38.4},"name":"shandian01","parent":"w"},{"length":55,"transform":{"y":-4.955,"skX":179.11,"skY":179.11,"x":292.93},"parent":"w","name":"y"},{"transform":{"y":-36.56,"x":120.63},"name":"e1","parent":"w"},{"transform":{"scY":1.932,"y":-46.475,"scX":1.932,"x":124.58},"name":"e2","parent":"w"},{"transform":{"y":6.89,"x":85.19},"name":"s12","parent":"y"},{"length":23,"transform":{"y":-17.08,"skX":15.8,"skY":15.8,"x":30.305},"parent":"bone","name":"s5"},{"length":66,"transform":{"y":207.82,"skX":1.77,"skY":1.77,"x":45.41},"parent":"y","name":"d2"},{"length":67,"transform":{"y":-82.055,"skX":1.75,"skY":1.75,"x":40.035},"parent":"y","name":"d1"},{"transform":{"y":167.665,"x":61.41},"name":"s13","parent":"y"},{"length":69,"transform":{"y":-27.245,"skX":-51.26,"skY":-51.26,"x":8.055},"parent":"bone","name":"bone2"},{"transform":{"y":122.38,"x":80.27},"name":"s11","parent":"y"},{"transform":{"y":-44.75,"x":66.3},"name":"s14","parent":"y"},{"transform":{"y":61.535,"x":88.73},"name":"s10","parent":"y"},{"length":37.5,"transform":{"y":-31.495,"skX":-18.72,"skY":-18.72,"x":32.255},"parent":"bone","name":"s3"},{"length":33,"transform":{"y":64.89,"skX":2.84,"skY":2.84,"x":105.705},"parent":"y","name":"sz2"},{"transform":{"y":191.45,"x":46.235},"name":"s","parent":"y"},{"transform":{"y":-81.345,"x":46.96},"name":"s9","parent":"y"},{"transform":{"y":-3.235,"x":33.24},"name":"e7","parent":"d2"},{"length":41.5,"transform":{"y":0.22,"skX":5.01,"skY":5.01,"x":4.585},"parent":"s11","name":"r2"},{"length":40,"transform":{"y":0.49,"skX":-2,"skY":-2,"x":6.075},"parent":"s12","name":"r4"},{"length":17.5,"transform":{"y":-0.545,"skX":-0.09,"skY":-0.09,"x":31.5},"parent":"sz2","name":"l2"},{"length":41.5,"transform":{"y":5.735,"skX":-4.51,"skY":-4.51,"x":5.6},"parent":"s10","name":"r3"},{"transform":{"y":-4.625,"x":33.65},"name":"e8","parent":"d1"},{"length":42,"transform":{"y":0.2,"skX":-5.28,"skY":-5.28,"x":2.27},"parent":"s14","name":"r5"},{"length":41,"transform":{"y":1.32,"skX":5.08,"skY":5.08,"x":3.36},"parent":"s13","name":"r1"},{"length":14.5,"transform":{"y":-0.65,"skX":0.44,"skY":0.44,"x":18.255},"parent":"l2","name":"sz1"},{"length":11.5,"transform":{"skX":-2.47,"skY":-2.47,"x":14.5},"parent":"sz1","name":"bone3"},{"length":28,"transform":{"y":0.63,"x":8.19},"parent":"bone3","name":"l1"},{"length":22.5,"transform":{"x":28.35},"parent":"l1","name":"bone4"}],"aabb":{"width":440.84024088590905,"y":-320.52034185506244,"height":325.6193360100624,"x":244.30337950909092},"skin":[{"slot":[{"display":[{"path":"e1","type":"image","name":"e1","transform":{"scY":1.255,"y":-15.58,"skX":89.76,"skY":89.76,"scX":1.103,"x":5.79}}],"blendMode":"add","name":"e1"},{"display":[{"path":"e2","type":"image","name":"e2","transform":{"scY":2.643,"y":-0.335,"skX":89.76,"skY":89.76,"scX":2.643,"x":-0.975}}],"blendMode":"add","name":"e2"},{"display":[{"path":"0","type":"image","name":"0","transform":{"skX":-31.24,"skY":-31.24}}],"blendMode":"add","name":"0"},{"display":[{"path":"d2","type":"image","name":"d2","transform":{"y":-2.1,"skX":-91.06,"skY":-91.06,"x":35.95}}],"name":"d2"},{"display":[{"uvs":[0.84201,0.42652,0.84347,0.49277,1.01587,0.81187,1.01585,0.9567,0.79733,0.99412,0.46041,1.00033,0.21778,0.99412,-0.01587,0.9347,-0.01586,0.8053,0.11983,0.48617,0.12032,0.4224,0.12355,-0.00952,0.48923,-0.00952,0.83246,-0.00952,0.45988,0.52139,0.46355,0.45977],"vertices":[466.9,-101.625,466.94,-98.14,472.35,-81.39,472.35,-73.785,465.46,-71.825,454.85,-71.51,447.21,-71.845,439.855,-74.975,439.86,-81.765,444.15,-98.515,444.17,-101.865,444.295,-124.545,455.81,-124.525,466.62,-124.515,454.865,-96.655,454.975,-99.89],"edges":[7,6,6,5,5,4,4,3,3,2,2,1,1,0,0,13,13,12,12,11,11,10,10,9,9,8,8,7],"path":"l1","userEdges":[],"bonePose":[43,-0.0010471973598002587,0.9999994516886944,-0.9999994516886944,-0.0010471973598002587,454.9694011323656,-121.97238432539936,44,-0.0010471973598002587,0.9999994516886944,-0.9999994516886944,-0.0010471973598002587,454.9397130872153,-93.62239987002488],"triangles":[12,0,13,5,4,2,14,5,2,1,14,2,4,3,2,12,15,0,0,15,1,15,14,1,9,8,14,14,8,5,8,6,5,10,15,12,11,10,12,10,9,15,15,9,14,8,7,6],"type":"mesh","transform":{},"slotPose":[1,0,0,1,0,0],"width":31,"height":52,"name":"l1","weights":[2,43,0.88809,44,0.1119,2,43,0.70401,44,0.29598,2,43,0.01175,44,0.98824,1,44,1,1,44,1,1,44,1,1,44,1,1,44,1,2,43,0.00648,44,0.99351,2,43,0.77382,44,0.22617,2,43,0.9312,44,0.06879,1,43,1,1,43,1,1,43,1,1,43,1,1,43,1]}],"name":"l1"},{"display":[{"path":"guang/cheng_fangshe_03_eff_02","type":"image","name":"guang/cheng_fangshe_03_eff_02","transform":{"y":7,"skX":115.86,"skY":115.86,"x":2}}],"blendMode":"add","name":"guang/cheng_fangshe_03_eff_02"},{"display":[{"path":"r4","type":"image","name":"r4","transform":{"y":-0.73,"skX":-87.3,"skY":-87.3,"x":20.82}}],"name":"r4"},{"display":[{"path":"c3","type":"image","name":"c3","transform":{"y":-11.45,"skX":175.14,"skY":175.14,"x":13.755}}],"name":"c3"},{"display":[{"uvs":[1.00179,0.15885,0.93502,0.3435,0.87531,0.50868,0.78102,0.72244,0.68938,0.91549,0.5823,0.99019,0.48222,1.00892,0.36191,0.972,0.26155,0.85557,0.17053,0.68081,0.08699,0.47678,-0.00179,0.18615,-0.00179,-0.00893,0.10013,0.21231,0.1777,0.39623,0.26665,0.52537,0.3639,0.60664,0.48517,0.64037,0.57958,0.59683,0.67421,0.5703,0.76977,0.42482,0.85826,0.2901,0.92565,0.14969,1.00179,-0.00893],"vertices":[604.975,-248.54,586.345,-238.205,569.675,-228.975,543.37,-217.01,517.795,-206.22,487.92,-202.055,460,-201.025,426.425,-203.105,398.44,-209.645,373.045,-219.44,349.75,-230.88,324.985,-247.17,324.99,-258.09,353.425,-245.685,375.055,-235.375,399.865,-228.125,426.995,-223.56,460.83,-221.66,487.17,-224.075,513.585,-225.545,540.235,-233.68,564.93,-241.21,583.735,-249.06,604.98,-257.93],"edges":[11,10,10,9,9,8,8,7,7,6,6,5,5,4,4,3,3,2,2,1,1,0,0,23,23,22,22,21,21,20,20,19,19,18,18,17,17,16,16,15,15,14,14,13,13,12,12,11],"path":"s","userEdges":[],"bonePose":[28,0.011518918315751909,0.999933655059592,-0.999933655059592,0.011518918315751909,460.077089307889,-211.4246005672603,27,0.011518918315751909,0.999933655059592,-0.999933655059592,0.011518918315751909,566.0966684980755,-235.07740068343665,32,0.011518918315751909,0.999933655059592,-0.999933655059592,0.011518918315751909,602.4664647247546,-254.83765238805404,20,0.011518918315751909,0.999933655059592,-0.999933655059592,0.011518918315751909,514.6776869177826,-215.59381699753553,26,0.011518918315751909,0.999933655059592,-0.999933655059592,0.011518918315751909,399.1386760168368,-219.18317070414247,24,0.011518918315751909,0.999933655059592,-0.999933655059592,0.011518918315751909,353.6394336480281,-237.52028522263765,31,0.011518918315751909,0.999933655059592,-0.999933655059592,0.011518918315751909,329.68121207699426,-252.42030096602673],"triangles":[22,1,0,22,0,23,22,21,1,21,2,1,21,20,2,20,3,2,20,19,3,19,4,3,18,5,19,19,5,4,18,17,5,17,6,5,7,6,17,16,7,17,8,7,16,15,8,16,9,8,15,14,9,15,10,9,14,13,10,14,11,10,13,12,11,13],"type":"mesh","transform":{},"slotPose":[1,0,0,1,0,0],"width":279,"height":56,"name":"s","weights":[2,27,0.01333,32,0.98666,2,27,0.54605,32,0.45394,1,27,1,2,20,0.51052,27,0.48947,1,20,1,2,28,0.50997,20,0.49002,1,28,1,3,26,0.52111,28,0.47874,20,0.00013,1,26,1,2,24,0.54091,26,0.45908,1,24,1,2,31,0.97835,24,0.02164,1,31,1,1,24,1,2,24,0.64652,26,0.35347,1,26,1,3,26,0.56414,28,0.43576,20,0.00008,1,28,1,2,28,0.48513,20,0.51485,1,20,1,2,20,0.44307,27,0.55692,1,27,1,2,27,0.46432,32,0.53567,1,32,1]}],"name":"s"},{"display":[{"path":"l2","type":"image","name":"l2","transform":{"y":-0.755,"skX":-92.04,"skY":-92.04,"x":9.37}}],"name":"l2"},{"display":[{"path":"baozha/00001","type":"image","name":"baozha/00001","transform":{"y":-2.17,"skX":15.2,"skY":15.2,"x":-0.675}},{"path":"baozha/00002","type":"image","name":"baozha/00002","transform":{"y":-2.17,"skX":15.2,"skY":15.2,"x":-0.675}},{"path":"baozha/00003","type":"image","name":"baozha/00003","transform":{"y":-2.17,"skX":15.2,"skY":15.2,"x":-0.675}},{"path":"baozha/00004","type":"image","name":"baozha/00004","transform":{"y":-2.17,"skX":15.2,"skY":15.2,"x":-0.675}}],"blendMode":"add","name":"baozha/00001"},{"display":[{"uvs":[1.00351,0.53664,0.98864,0.78514,0.91401,1.00484,0.5174,1.00484,0.03434,1.00483,-0.00352,0.65408,-0.00352,0.4579,0.21915,0.27017,0.47806,0.1218,0.69906,-0.00485,0.9465,0.25269],"vertices":[382.99,-48.5,380.98,-22.9,370.47,-0.235,314.165,-0.015,245.59,0.25,240.08,-35.85,240,-56.06,271.54,-75.51,308.23,-90.925,339.55,-104.09,374.78,-77.71],"edges":[5,4,4,3,3,2,2,1,1,0,0,10,10,9,9,8,8,7,7,6,6,5],"path":"s1","userEdges":[3,9],"bonePose":[5,0.4637599867000582,-0.8859608765267019,0.8859608765267019,0.4637599867000582,315.205,-9.17,11,-0.390891780942016,-0.9204366439858742,0.9204366439858742,-0.390891780942016,310.165,-7.28],"triangles":[3,1,0,3,2,1,8,7,3,7,5,3,5,4,3,6,5,7,10,3,0,9,3,10,8,3,9],"type":"mesh","transform":{},"slotPose":[1,0,0,1,0,0],"width":142,"height":103,"name":"s1","weights":[2,5,0.99985,11,0.00014,2,5,0.99991,11,0.00008,2,5,0.99994,11,0.00005,2,5,0.49619,11,0.50379,1,11,0.99999,1,11,0.99999,1,11,0.99999,2,5,0.00159,11,0.9984,2,5,0.59441,11,0.40558,2,5,0.98059,11,0.0194,1,5,0.99999]}],"name":"s1"},{"display":[{"path":"y","type":"image","name":"y","transform":{"y":63.5,"skX":-89.31,"skY":-89.31,"x":139.615}}],"name":"y"},{"display":[{"path":"e7","type":"image","name":"e7","transform":{"y":3.98,"skX":-91.04,"skY":-91.04,"scX":-1,"x":4.255}}],"blendMode":"add","name":"e8"},{"display":[{"path":"r3","type":"image","name":"r3","transform":{"y":-0.31,"skX":-84.8,"skY":-84.8,"x":22.1}}],"name":"r3"},{"display":[{"path":"e8","type":"image","name":"e8","transform":{"scY":1.009,"y":-86.25,"skX":0.5,"skY":0.5,"x":457.02}}],"blendMode":"add","name":"e9"},{"display":[{"uvs":[1.04762,0.53346,1.04762,1.02273,-0.04762,1.02273,-0.04762,0.53346,-0.04762,-0.02273,1.04762,-0.02273],"vertices":[461.4,-132.78,461.4,-122.025,449.905,-122.04,449.905,-132.795,449.925,-145.025,461.42,-145.015],"edges":[2,1,1,0,0,5,5,4,4,3,3,2],"path":"sz1","userEdges":[],"bonePose":[41,-0.0441424817877673,0.9990252455777164,-0.9990252455777164,-0.0441424817877673,456.248043319229,-144.64758616127,42,-0.0010471973598002587,0.9999994516886944,-0.9999994516886944,-0.0010471973598002587,455.6079773333064,-130.1617201003931],"triangles":[5,4,0,4,3,0,2,1,0,3,2,0],"type":"mesh","transform":{},"slotPose":[1,0,0,1,0,0],"width":10,"height":22,"name":"sz1","weights":[2,41,0.84932,42,0.15067,1,42,1,1,42,1,2,41,0.82889,42,0.1711,1,41,1,1,41,1]}],"name":"sz1"},{"display":[{"path":"w","type":"image","name":"w","transform":{"y":-37.21,"skX":89.76,"skY":89.76,"x":84.935}}],"name":"w"},{"display":[{"uvs":[1.00401,0.5523,0.78663,1.00933,0.76968,1.00935,0.59825,1.00931,0.41092,1.00933,0.13029,0.92708,-0.00402,0.73744,-0.00402,0.66752,0.16741,0.16337,0.30134,-0.00935,0.39324,-0.00935,0.50104,-0.00935,0.70251,0.26619,0.82729,0.35257],"vertices":[631.5,-46.935,604.43,-22.495,602.315,-22.495,580.98,-22.505,557.67,-22.51,522.73,-26.925,506.02,-37.07,506.015,-40.81,527.365,-67.775,544.035,-77.005,555.475,-77,568.895,-76.995,593.97,-62.25,609.505,-57.625],"edges":[6,5,5,4,4,3,3,2,2,1,1,0,0,13,13,12,12,11,11,10,10,9,9,8,8,7,7,6],"path":"s3","userEdges":[3,10],"bonePose":[29,-0.52056264228976,-0.8538234802652731,0.8538234802652731,-0.52056264228976,570.9912734107446,-27.447449743882306,21,0.0549501799124458,-0.9984890974505378,0.9984890974505378,0.0549501799124458,585.4834039257074,-28.701594128426223],"triangles":[13,1,0,12,3,2,2,1,13,12,2,13,10,9,4,9,8,4,8,5,4,7,5,8,7,6,5,11,3,12,11,10,3,10,4,3],"type":"mesh","transform":{},"slotPose":[1,0,0,1,0,0],"width":124,"height":53,"name":"s3","weights":[1,21,0.99999,1,21,0.99999,1,21,0.99999,2,29,0.2937,21,0.70629,1,29,1,1,29,1,1,29,1,1,29,1,1,29,1,2,29,0.99792,21,0.00207,2,29,0.94421,21,0.05578,2,29,0.71045,21,0.28954,2,29,0.00338,21,0.99661,1,21,0.99999]}],"name":"s3"},{"display":[{"path":"r2","type":"image","name":"r2","transform":{"y":0.755,"skX":-94.31,"skY":-94.31,"x":23.175}}],"name":"r2"},{"display":[{"path":"shandian02","type":"image","name":"shandian02","transform":{"y":-13.905,"skX":89.76,"skY":89.76,"x":-16.525}}],"blendMode":"add","name":"shandian02"},{"display":[{"path":"r5","type":"image","name":"r5","transform":{"y":-0.71,"skX":-84.03,"skY":-84.03,"x":22.52}}],"name":"r5"},{"display":[{"uvs":[1.00242,1.00465,0.76793,1.00465,0.6946,1.00465,-0.00242,1.00465,-0.00242,0.87247,0.18883,0.30044,0.45458,0.02195,0.82554,-0.00464,0.92118,0.05477,1.00241,0.25736],"vertices":[668,-0.035,619.47,-0.025,604.295,-0.02,460.03,0.04,460.025,-14.17,499.58,-75.67,554.585,-105.63,631.365,-108.515,651.155,-102.13,667.98,-80.36],"edges":[3,2,2,1,1,0,0,9,9,8,8,7,7,6,6,5,5,4,4,3],"path":"s4","userEdges":[2,6,1,7],"bonePose":[12,-0.21899480626172568,-0.9757260244712084,0.9757260244712084,-0.21899480626172568,608.7854420274373,-2.872648247776528,3,0.16332596224162232,-0.9865721616069694,0.9865721616069694,0.16332596224162232,630.205,-6.65,25,-0.8981043459527083,-0.439782427776347,0.439782427776347,-0.8981043459527083,580.437783326281,-4.765607878291394],"triangles":[2,1,7,8,7,9,7,1,9,1,0,9,6,2,7,5,4,2,4,3,2,6,5,2],"type":"mesh","transform":{},"slotPose":[1,0,0,1,0,0],"width":207,"height":107,"name":"s4","weights":[1,3,0.99999,3,25,0.00328,12,0.57109,3,0.42562,2,25,0.07912,12,0.92087,1,25,1,1,25,1,3,25,0.82336,12,0.1764,3,0.00023,3,25,0.16788,12,0.83197,3,0.00014,3,25,0.0025,12,0.26044,3,0.73705,3,25,0.00103,12,0.02379,3,0.97516,1,3,1]}],"name":"s4"},{"display":[{"path":"c1","type":"image","name":"c1","transform":{"y":0.905,"skX":-2.63,"skY":-2.63,"x":11.205}}],"name":"c1"},{"display":[{"path":"e7","type":"image","name":"e7","transform":{"y":-0.055,"skX":-91.06,"skY":-91.06,"x":2.7}}],"blendMode":"add","name":"e7"},{"display":[{"path":"sz2","type":"image","name":"sz2","transform":{"y":-0.145,"skX":-92.14,"skY":-92.14,"x":16.15}}],"name":"sz2"},{"display":[{"path":"wb","type":"image","name":"wb","transform":{"y":-135.705,"x":490.93}}],"name":"wb"},{"display":[{"path":"r1","type":"image","name":"r1","transform":{"y":1.2,"skX":-94.38,"skY":-94.38,"x":21.99}}],"name":"r1"},{"display":[{"path":"guang/cheng_fangshe_03_eff_02","type":"image","name":"guang/cheng_fangshe_03_eff_02","transform":{"y":7.1227,"skX":115.86,"skY":115.86,"x":2.1805}}],"blendMode":"add","name":"guang/cheng_fangshe_03_eff_2"},{"display":[{"path":"shandian01","type":"image","name":"shandian01","transform":{"y":1.275,"skX":89.76,"skY":89.76,"x":-0.725}}],"blendMode":"add","name":"shandian01"},{"display":[{"uvs":[1.00444,1.00524,0.82688,1.00523,0.65125,0.86371,0.41814,0.73512,0.23281,0.55374,0.01966,0.21702,-0.00444,-0.00524,1.00444,-0.00524],"vertices":[667.835,-224.35,647.855,-224.405,628.145,-237.975,601.955,-250.335,581.145,-267.71,557.265,-299.945,554.625,-321.185,668.11,-320.835],"edges":[6,5,5,4,4,3,3,2,2,1,1,0,0,7,7,6],"path":"s2","userEdges":[],"bonePose":[10,-0.2845173425879709,0.9586708933553156,-0.9586708933553156,-0.2845173425879709,679.345,-314.09,8,-0.8384804019666344,0.5449317530827793,-0.5449317530827793,-0.8384804019666344,655.405,-317.24,9,-0.9205730348788252,0.39057046413418073,-0.39057046413418073,-0.9205730348788252,634.615,-330.47],"triangles":[5,4,7,6,5,7,4,3,7,3,2,7,7,2,0,2,1,0],"type":"mesh","transform":{},"slotPose":[1,0,0,1,0,0],"width":112,"height":95,"name":"s2","weights":[1,10,1,2,8,0.04036,10,0.95962,2,8,0.40017,10,0.59982,2,8,0.85141,10,0.14858,3,8,0.95197,9,0.04362,10,0.00439,2,8,0.01378,9,0.98621,1,9,1,3,8,0.98335,9,0.00525,10,0.01138]}],"name":"s2"},{"display":[{"path":"d1","type":"image","name":"d1","transform":{"y":-1.845,"skX":-91.04,"skY":-91.04,"x":39.275}}],"name":"d1"}],"name":""}],"slot":[{"name":"wb","parent":"root","color":{}},{"z":1,"name":"w","parent":"w","color":{}},{"z":2,"name":"c3","parent":"c3","color":{}},{"blendMode":"add","z":3,"parent":"e1","name":"e1","color":{}},{"z":4,"name":"c1","parent":"c1","color":{}},{"z":5,"name":"l2","parent":"l2","color":{}},{"z":6,"name":"sz2","parent":"sz2","color":{}},{"z":7,"name":"sz1","parent":"sz1","color":{}},{"blendMode":"add","z":8,"parent":"root","displayIndex":-1,"name":"e9","color":{}},{"blendMode":"add","z":9,"parent":"shandian01","displayIndex":-1,"name":"shandian01","color":{"bM":68,"rM":98}},{"blendMode":"add","z":10,"parent":"shandian02","displayIndex":-1,"name":"shandian02","color":{"bM":68,"rM":98}},{"z":11,"name":"y","parent":"y","color":{}},{"z":12,"name":"l1","parent":"l1","color":{}},{"z":13,"name":"s","parent":"s14","color":{}},{"z":14,"name":"r1","parent":"r1","color":{}},{"z":15,"name":"r2","parent":"r2","color":{}},{"z":16,"name":"r3","parent":"r3","color":{}},{"z":17,"name":"r4","parent":"r4","color":{}},{"z":18,"name":"r5","parent":"r5","color":{}},{"z":19,"name":"d2","parent":"d2","color":{}},{"z":20,"name":"d1","parent":"d1","color":{}},{"z":21,"name":"s4","parent":"s4","color":{}},{"z":22,"name":"s3","parent":"s5","color":{}},{"z":23,"name":"s2","parent":"s8","color":{}},{"z":24,"name":"s1","parent":"s2","color":{}},{"blendMode":"add","z":25,"parent":"e7","name":"e7","color":{}},{"blendMode":"add","z":26,"parent":"e8","name":"e8","color":{}},{"blendMode":"add","z":27,"parent":"e2","displayIndex":-1,"name":"e2","color":{}},{"blendMode":"add","z":28,"parent":"baozha/00001","displayIndex":-1,"name":"baozha/00001","color":{}},{"blendMode":"add","z":29,"parent":"guang/cheng_fangshe_03_eff_02","displayIndex":-1,"name":"guang/cheng_fangshe_03_eff_02","color":{}},{"blendMode":"add","z":30,"parent":"guang/cheng_fangshe_03_eff_2","displayIndex":-1,"name":"guang/cheng_fangshe_03_eff_2","color":{}},{"blendMode":"add","z":31,"parent":"0","displayIndex":-1,"name":"0","color":{}}],"name":"armatureName"}],"name":"wishspine","version":"4.0"}