{"frameRate":60,"isGlobal":0,"armature":[{"aabb":{"width":226,"y":-68,"height":136,"x":-113},"defaultActions":[{"gotoAndPlay":"000_topo_dj"}],"type":"Armature","bone":[{"name":"root","transform":{}},{"inheritScale":false,"transform":{},"name":"000_tupo_fuji","parent":"root"},{"inheritScale":false,"transform":{},"name":"000_saoguang3","parent":"root"},{"inheritScale":false,"transform":{},"name":"001_jiesuo_fuji","parent":"root"},{"inheritScale":false,"transform":{},"name":"000_saoguang4","parent":"root"},{"inheritScale":false,"transform":{},"name":"000_saoguang1","parent":"root"},{"inheritScale":false,"transform":{},"name":"002_faguang","parent":"root"},{"inheritScale":false,"transform":{},"name":"002_faguang2","parent":"root"},{"inheritScale":false,"transform":{},"name":"000_saoguang2","parent":"root"},{"inheritScale":false,"transform":{},"name":"000_tipo_diban_fuji","parent":"000_tupo_fuji"},{"inheritScale":false,"transform":{},"name":"001_jiesuo_jineng_fuji","parent":"001_jiesuo_fuji"},{"inheritScale":false,"transform":{},"name":"001_jiesuo_tubiao_fuji","parent":"001_jiesuo_fuji"},{"inheritScale":false,"transform":{},"name":"000_tupo_jiantou","parent":"000_tipo_diban_fuji"},{"inheritScale":false,"transform":{"scX":0.5,"scY":0.5},"name":"001_jiesuo_wenzi","parent":"001_jiesuo_jineng_fuji"},{"inheritScale":false,"transform":{"scX":0.5,"scY":0.5},"name":"001_jiesuo_jineng3","parent":"001_jiesuo_jineng_fuji"},{"inheritScale":false,"transform":{"scX":0.5,"scY":0.5},"name":"001_jiesuo_tubiao2","parent":"001_jiesuo_tubiao_fuji"},{"inheritScale":false,"transform":{},"name":"001_jiesuo_tubiao1","parent":"001_jiesuo_tubiao_fuji"},{"inheritScale":false,"transform":{},"name":"000_tupo_diban1","parent":"000_tipo_diban_fuji"},{"inheritScale":false,"transform":{"scX":0.5,"scY":0.5},"name":"001_jiesuo_jineng2","parent":"001_jiesuo_jineng_fuji"},{"inheritScale":false,"transform":{"scX":0.5,"scY":0.5},"name":"001_jiesuo_jineng1","parent":"001_jiesuo_jineng_fuji"},{"inheritScale":false,"transform":{},"name":"000_tupo_jiantou1","parent":"000_tupo_jiantou"},{"inheritScale":false,"transform":{},"name":"000_tupo_jiantou4","parent":"000_tupo_jiantou"},{"inheritScale":false,"transform":{},"name":"000_diban_guang","parent":"000_tupo_diban1"},{"inheritScale":false,"transform":{},"name":"000_tupo_jiantou2","parent":"000_tupo_jiantou"},{"inheritScale":false,"transform":{},"name":"000_tupo_diban2","parent":"000_tupo_diban1"},{"inheritScale":false,"transform":{},"name":"000_tupo_diban3","parent":"000_tupo_diban1"},{"inheritScale":false,"transform":{"y":5},"name":"000_tupo_dikuang2","parent":"000_tupo_diban1"},{"inheritScale":false,"transform":{"y":5},"name":"000_tupo_dikuang1","parent":"000_tupo_diban1"},{"inheritScale":false,"transform":{},"name":"001_jiesuo_suo1","parent":"001_jiesuo_tubiao1"},{"inheritScale":false,"transform":{},"name":"000_tupo_jiantou3","parent":"000_tupo_jiantou"},{"inheritScale":false,"transform":{},"name":"000_wenzi_diban","parent":"000_tupo_diban1"},{"inheritScale":false,"transform":{},"name":"001_guangxiao_fuji","parent":"001_jiesuo_tubiao2"},{"inheritScale":false,"transform":{"scX":0.5,"scY":0.5},"name":"000_wenzi_qian","parent":"000_wenzi_diban"},{"inheritScale":false,"transform":{},"name":"000_tupo_dikuangguang2","parent":"000_tupo_dikuang2"},{"inheritScale":false,"transform":{},"name":"001_xuli2","parent":"001_guangxiao_fuji"},{"inheritScale":false,"transform":{},"name":"001_xuli1","parent":"001_guangxiao_fuji"},{"inheritScale":false,"transform":{},"name":"000_wenzi_hou","parent":"000_wenzi_diban"},{"inheritScale":false,"transform":{},"name":"001_luoxuan1","parent":"001_guangxiao_fuji"},{"inheritScale":false,"transform":{},"name":"001_baozha1","parent":"001_guangxiao_fuji"},{"inheritScale":false,"transform":{"scX":0.5,"scY":0.5},"name":"000_touxiang2","parent":"000_tupo_dikuang2"},{"inheritScale":false,"transform":{},"name":"000_tupo_dikuangguang1","parent":"000_tupo_dikuang1"},{"inheritScale":false,"transform":{"scX":0.5,"scY":0.5},"name":"000_touxiang1","parent":"000_tupo_dikuang1"}],"ik":[],"slot":[{"color":{},"name":"000_tupo_fuji","parent":"000_tupo_fuji","displayIndex":-1},{"z":1,"color":{},"name":"000_tipo_diban_fuji","parent":"000_tipo_diban_fuji","displayIndex":-1},{"z":2,"color":{},"name":"000_tupo_diban1","parent":"000_tupo_diban1"},{"z":3,"color":{},"name":"000_tupo_diban2","parent":"000_tupo_diban2"},{"z":4,"color":{},"name":"000_tupo_diban3","parent":"000_tupo_diban3"},{"z":5,"color":{},"name":"000_tupo_dikuang1","parent":"000_tupo_dikuang1"},{"z":6,"color":{},"name":"000_touxiang1","parent":"000_touxiang1"},{"z":7,"color":{},"name":"000_tupo_dikuangguang1","parent":"000_tupo_dikuangguang1"},{"z":8,"color":{},"name":"000_tupo_dikuang2","parent":"000_tupo_dikuang2"},{"z":9,"color":{},"name":"000_touxiang2","parent":"000_touxiang2"},{"z":10,"color":{},"name":"000_tupo_dikuangguang2","parent":"000_tupo_dikuangguang2"},{"z":11,"color":{},"name":"000_tupo_jiantou","parent":"000_tupo_jiantou"},{"z":12,"color":{},"name":"000_tupo_jiantou1","parent":"000_tupo_jiantou1"},{"z":13,"color":{},"name":"000_tupo_jiantou2","parent":"000_tupo_jiantou2"},{"z":14,"color":{},"name":"000_tupo_jiantou3","parent":"000_tupo_jiantou3"},{"z":15,"color":{},"name":"000_tupo_jiantou4","parent":"000_tupo_jiantou4"},{"z":16,"color":{},"name":"000_diban_guang","parent":"000_diban_guang"},{"z":17,"color":{},"name":"000_saoguang1","parent":"000_saoguang1"},{"z":18,"color":{},"name":"000_saoguang2","parent":"000_saoguang2"},{"z":19,"color":{},"name":"000_saoguang3","parent":"000_saoguang3"},{"z":20,"color":{},"name":"000_wenzi_diban","parent":"000_wenzi_diban"},{"z":21,"color":{},"name":"000_wenzi_qian","parent":"000_wenzi_qian"},{"z":22,"color":{},"name":"000_wenzi_hou","parent":"000_wenzi_hou"},{"z":23,"color":{},"name":"000_saoguang4","parent":"000_saoguang4"},{"z":24,"color":{},"name":"001_jiesuo_fuji","parent":"001_jiesuo_fuji","displayIndex":-1},{"z":25,"color":{},"name":"001_jiesuo_tubiao_fuji","parent":"001_jiesuo_tubiao_fuji","displayIndex":-1},{"z":26,"color":{},"name":"001_jiesuo_tubiao1","parent":"001_jiesuo_tubiao1"},{"z":27,"color":{},"name":"001_jiesuo_suo1","parent":"001_jiesuo_suo1"},{"z":28,"color":{},"name":"001_jiesuo_tubiao2","parent":"001_jiesuo_tubiao2"},{"z":29,"color":{},"name":"001_jiesuo_jineng_fuji","parent":"001_jiesuo_jineng_fuji","displayIndex":-1},{"z":30,"color":{},"name":"001_jiesuo_jineng1","parent":"001_jiesuo_jineng1"},{"z":31,"color":{},"name":"001_jiesuo_jineng2","parent":"001_jiesuo_jineng2"},{"z":32,"color":{},"name":"001_jiesuo_jineng3","parent":"001_jiesuo_jineng3"},{"z":33,"color":{},"name":"001_guangxiao_fuji","parent":"001_guangxiao_fuji","displayIndex":-1},{"z":34,"color":{},"name":"001_xuli1","parent":"001_xuli1"},{"z":35,"color":{},"name":"001_xuli2","parent":"001_xuli2"},{"z":36,"color":{},"name":"001_luoxuan1","parent":"001_luoxuan1"},{"z":37,"color":{},"name":"001_baozha1","parent":"001_baozha1"},{"z":38,"color":{},"name":"001_jiesuo_wenzi","parent":"001_jiesuo_wenzi"},{"z":39,"color":{},"name":"002_faguang","parent":"002_faguang"},{"z":40,"color":{},"name":"002_faguang2","parent":"002_faguang2"}],"animation":[{"duration":40,"frame":[],"bone":[{"frame":[{"duration":40,"transform":{},"tweenEasing":0},{"duration":0,"transform":{}}],"name":"000_wenzi_qian"},{"frame":[{"duration":40,"transform":{"y":-29.5},"tweenEasing":0},{"duration":0,"transform":{"y":-29.5}}],"name":"000_wenzi_diban"},{"frame":[{"duration":20,"transform":{"x":17.5},"tweenEasing":0},{"duration":20,"transform":{"x":17.5},"tweenEasing":0},{"duration":0,"transform":{"x":17.5}}],"name":"000_tupo_jiantou4"},{"frame":[{"duration":20,"transform":{"x":6},"tweenEasing":0},{"duration":20,"transform":{"x":6},"tweenEasing":0},{"duration":0,"transform":{"x":6}}],"name":"000_tupo_jiantou3"},{"frame":[{"duration":20,"transform":{"x":-6},"tweenEasing":0},{"duration":20,"transform":{"x":-6},"tweenEasing":0},{"duration":0,"transform":{"x":-6}}],"name":"000_tupo_jiantou2"},{"frame":[{"duration":20,"transform":{"x":-17.5},"tweenEasing":0},{"duration":20,"transform":{"x":-17.5},"tweenEasing":0},{"duration":0,"transform":{"x":-17.5}}],"name":"000_tupo_jiantou1"},{"frame":[{"duration":40,"transform":{},"tweenEasing":0},{"duration":0,"transform":{}}],"name":"000_tupo_jiantou"},{"frame":[{"duration":40,"transform":{"y":-5.5,"x":-1},"tweenEasing":0},{"duration":0,"transform":{"y":-5.5,"x":-1}}],"name":"000_touxiang2"},{"frame":[{"duration":40,"transform":{"x":60},"tweenEasing":0},{"duration":0,"transform":{"x":60}}],"name":"000_tupo_dikuang2"},{"frame":[{"duration":40,"transform":{"y":-5.75,"x":-1.25},"tweenEasing":0},{"duration":0,"transform":{"y":-5.75,"x":-1.25}}],"name":"000_touxiang1"},{"frame":[{"duration":40,"transform":{"x":-60},"tweenEasing":0},{"duration":0,"transform":{"x":-60}}],"name":"000_tupo_dikuang1"},{"frame":[{"duration":40,"transform":{},"tweenEasing":0},{"duration":0,"transform":{}}],"name":"000_tupo_diban2"},{"frame":[{"duration":40,"transform":{},"tweenEasing":0},{"duration":0,"transform":{}}],"name":"000_tupo_diban1"},{"frame":[{"duration":40,"transform":{},"tweenEasing":0},{"duration":0,"transform":{}}],"name":"000_tipo_diban_fuji"},{"frame":[{"duration":40,"transform":{},"tweenEasing":0},{"duration":0,"transform":{}}],"name":"000_tupo_fuji"},{"frame":[{"duration":40,"transform":{}}],"name":"root"},{"frame":[{"duration":40,"transform":{}}],"name":"000_saoguang3"},{"frame":[{"duration":40,"transform":{}}],"name":"001_jiesuo_fuji"},{"frame":[{"duration":40,"transform":{}}],"name":"000_saoguang4"},{"frame":[{"duration":40,"transform":{}}],"name":"000_saoguang1"},{"frame":[{"duration":40,"transform":{}}],"name":"002_faguang"},{"frame":[{"duration":40,"transform":{}}],"name":"002_faguang2"},{"frame":[{"duration":40,"transform":{}}],"name":"000_saoguang2"},{"frame":[{"duration":40,"transform":{}}],"name":"001_jiesuo_jineng_fuji"},{"frame":[{"duration":40,"transform":{}}],"name":"001_jiesuo_tubiao_fuji"},{"frame":[{"duration":40,"transform":{}}],"name":"001_jiesuo_tubiao1"},{"frame":[{"duration":40,"transform":{}}],"name":"001_jiesuo_wenzi"},{"frame":[{"duration":40,"transform":{}}],"name":"001_jiesuo_jineng3"},{"frame":[{"duration":40,"transform":{}}],"name":"001_jiesuo_tubiao2"},{"frame":[{"duration":40,"transform":{}}],"name":"001_jiesuo_jineng2"},{"frame":[{"duration":40,"transform":{}}],"name":"001_jiesuo_jineng1"},{"frame":[{"duration":40,"transform":{}}],"name":"000_diban_guang"},{"frame":[{"duration":40,"transform":{}}],"name":"000_tupo_diban3"},{"frame":[{"duration":40,"transform":{}}],"name":"001_jiesuo_suo1"},{"frame":[{"duration":40,"transform":{}}],"name":"001_guangxiao_fuji"},{"frame":[{"duration":40,"transform":{}}],"name":"001_luoxuan1"},{"frame":[{"duration":40,"transform":{}}],"name":"000_tupo_dikuangguang2"},{"frame":[{"duration":40,"transform":{}}],"name":"001_xuli2"},{"frame":[{"duration":40,"transform":{}}],"name":"001_xuli1"},{"frame":[{"duration":40,"transform":{}}],"name":"000_wenzi_hou"},{"frame":[{"duration":40,"transform":{}}],"name":"001_baozha1"},{"frame":[{"duration":40,"transform":{}}],"name":"000_tupo_dikuangguang1"}],"slot":[{"frame":[{"tweenEasing":0,"duration":40},{"tweenEasing":null,"duration":0}],"name":"000_wenzi_qian"},{"frame":[{"tweenEasing":0,"duration":40},{"tweenEasing":null,"duration":0}],"name":"000_wenzi_diban"},{"frame":[{"tweenEasing":0,"duration":20,"color":{"aM":0}},{"tweenEasing":0,"duration":20,"color":{"aM":39}},{"tweenEasing":null,"duration":0,"color":{"aM":0}}],"name":"000_tupo_jiantou4"},{"frame":[{"tweenEasing":0,"duration":20,"color":{"aM":0}},{"tweenEasing":0,"duration":20,"color":{"aM":39}},{"tweenEasing":null,"duration":0,"color":{"aM":0}}],"name":"000_tupo_jiantou3"},{"frame":[{"tweenEasing":0,"duration":20,"color":{"aM":0}},{"tweenEasing":0,"duration":20,"color":{"aM":39}},{"tweenEasing":null,"duration":0,"color":{"aM":0}}],"name":"000_tupo_jiantou2"},{"frame":[{"tweenEasing":0,"duration":20,"color":{"aM":0}},{"tweenEasing":0,"duration":20,"color":{"aM":39}},{"tweenEasing":null,"duration":0,"color":{"aM":0}}],"name":"000_tupo_jiantou1"},{"frame":[{"tweenEasing":0,"duration":40,"color":{"aM":56}},{"tweenEasing":null,"duration":0,"color":{"aM":56}}],"name":"000_tupo_jiantou"},{"frame":[{"tweenEasing":0,"duration":40},{"tweenEasing":null,"duration":0}],"name":"000_touxiang2"},{"frame":[{"tweenEasing":0,"duration":40},{"tweenEasing":null,"duration":0}],"name":"000_tupo_dikuang2"},{"frame":[{"tweenEasing":0,"duration":40},{"tweenEasing":null,"duration":0}],"name":"000_touxiang1"},{"frame":[{"tweenEasing":0,"duration":40},{"tweenEasing":null,"duration":0}],"name":"000_tupo_dikuang1"},{"frame":[{"tweenEasing":0,"duration":40,"color":{"aM":0}},{"tweenEasing":null,"duration":0,"color":{"aM":0}}],"name":"000_tupo_diban2"},{"frame":[{"tweenEasing":0,"duration":40},{"tweenEasing":null,"duration":0}],"name":"000_tupo_diban1"},{"frame":[{"tweenEasing":0,"duration":40,"displayIndex":-1},{"tweenEasing":null,"duration":0,"displayIndex":-1}],"name":"000_tipo_diban_fuji"},{"frame":[{"tweenEasing":0,"duration":40,"displayIndex":-1},{"tweenEasing":null,"duration":0,"displayIndex":-1}],"name":"000_tupo_fuji"},{"frame":[{"tweenEasing":null,"duration":40,"displayIndex":-1}],"name":"000_tupo_diban3"},{"frame":[{"tweenEasing":null,"duration":40,"displayIndex":-1}],"name":"000_tupo_dikuangguang1"},{"frame":[{"tweenEasing":null,"duration":40,"displayIndex":-1}],"name":"000_tupo_dikuangguang2"},{"frame":[{"tweenEasing":null,"duration":40,"displayIndex":-1}],"name":"000_diban_guang"},{"frame":[{"tweenEasing":null,"duration":40,"displayIndex":-1}],"name":"000_saoguang1"},{"frame":[{"tweenEasing":null,"duration":40,"displayIndex":-1}],"name":"000_saoguang2"},{"frame":[{"tweenEasing":null,"duration":40,"displayIndex":-1}],"name":"000_saoguang3"},{"frame":[{"tweenEasing":null,"duration":40,"displayIndex":-1}],"name":"000_wenzi_hou"},{"frame":[{"tweenEasing":null,"duration":40,"displayIndex":-1}],"name":"000_saoguang4"},{"frame":[{"tweenEasing":null,"duration":40,"displayIndex":-1}],"name":"001_jiesuo_fuji"},{"frame":[{"tweenEasing":null,"duration":40,"displayIndex":-1}],"name":"001_jiesuo_tubiao_fuji"},{"frame":[{"tweenEasing":null,"duration":40,"displayIndex":-1}],"name":"001_jiesuo_tubiao1"},{"frame":[{"tweenEasing":null,"duration":40,"displayIndex":-1}],"name":"001_jiesuo_suo1"},{"frame":[{"tweenEasing":null,"duration":40,"displayIndex":-1}],"name":"001_jiesuo_tubiao2"},{"frame":[{"tweenEasing":null,"duration":40,"displayIndex":-1}],"name":"001_jiesuo_jineng_fuji"},{"frame":[{"tweenEasing":null,"duration":40,"displayIndex":-1}],"name":"001_jiesuo_jineng1"},{"frame":[{"tweenEasing":null,"duration":40,"displayIndex":-1}],"name":"001_jiesuo_jineng2"},{"frame":[{"tweenEasing":null,"duration":40,"displayIndex":-1}],"name":"001_jiesuo_jineng3"},{"frame":[{"tweenEasing":null,"duration":40,"displayIndex":-1}],"name":"001_guangxiao_fuji"},{"frame":[{"tweenEasing":null,"duration":40,"displayIndex":-1}],"name":"001_xuli1"},{"frame":[{"tweenEasing":null,"duration":40,"displayIndex":-1}],"name":"001_xuli2"},{"frame":[{"tweenEasing":null,"duration":40,"displayIndex":-1}],"name":"001_luoxuan1"},{"frame":[{"tweenEasing":null,"duration":40,"displayIndex":-1}],"name":"001_baozha1"},{"frame":[{"tweenEasing":null,"duration":40,"displayIndex":-1}],"name":"001_jiesuo_wenzi"},{"frame":[{"tweenEasing":null,"duration":40,"displayIndex":-1}],"name":"002_faguang"},{"frame":[{"tweenEasing":null,"duration":40,"displayIndex":-1}],"name":"002_faguang2"}],"ffd":[],"ik":[],"playTimes":0,"name":"000_topo_dj"},{"duration":75,"frame":[],"bone":[{"frame":[{"duration":39,"transform":{},"tweenEasing":0},{"duration":1,"transform":{},"tweenEasing":0},{"duration":5,"transform":{},"tweenEasing":0},{"duration":30,"transform":{"scX":1.2,"scY":1.2},"tweenEasing":0},{"duration":0,"transform":{}}],"name":"000_wenzi_hou"},{"frame":[{"duration":39,"transform":{},"tweenEasing":0},{"duration":1,"transform":{},"tweenEasing":0},{"duration":35,"transform":{}}],"name":"000_wenzi_qian"},{"frame":[{"duration":75,"transform":{"y":-29.5},"tweenEasing":0},{"duration":0,"transform":{"y":-29.5}}],"name":"000_wenzi_diban"},{"frame":[{"duration":39,"transform":{},"tweenEasing":0},{"duration":1,"transform":{},"tweenEasing":0},{"duration":10,"transform":{},"tweenEasing":0},{"duration":25,"transform":{"scX":1.1053,"scY":1.1053},"tweenEasing":0},{"duration":0,"transform":{"scX":1.2,"scY":1.2}}],"name":"000_diban_guang"},{"frame":[{"duration":29,"transform":{"x":17.5},"tweenEasing":0},{"duration":1,"transform":{"x":17.5},"tweenEasing":0},{"duration":4,"transform":{"x":17.5},"tweenEasing":0},{"duration":5,"transform":{"x":17.5},"tweenEasing":0},{"duration":1,"transform":{"x":17.5},"tweenEasing":0},{"duration":2,"transform":{"x":17.5},"tweenEasing":0},{"duration":8,"transform":{"x":17.5},"tweenEasing":0},{"duration":25,"transform":{"x":17.5},"tweenEasing":0},{"duration":0,"transform":{"x":17.5}}],"name":"000_tupo_jiantou4"},{"frame":[{"duration":19,"transform":{"x":6},"tweenEasing":0},{"duration":1,"transform":{"x":6},"tweenEasing":0},{"duration":3,"transform":{"x":6},"tweenEasing":0},{"duration":7,"transform":{"x":6},"tweenEasing":0},{"duration":10,"transform":{"x":6},"tweenEasing":0},{"duration":2,"transform":{"x":6},"tweenEasing":0},{"duration":8,"transform":{"x":6},"tweenEasing":0},{"duration":25,"transform":{"x":6},"tweenEasing":0},{"duration":0,"transform":{"x":6}}],"name":"000_tupo_jiantou3"},{"frame":[{"duration":9,"transform":{"x":-6},"tweenEasing":0},{"duration":1,"transform":{"x":-6},"tweenEasing":0},{"duration":3,"transform":{"x":-6},"tweenEasing":0},{"duration":7,"transform":{"x":-6},"tweenEasing":0},{"duration":20,"transform":{"x":-6},"tweenEasing":0},{"duration":2,"transform":{"x":-6},"tweenEasing":0},{"duration":8,"transform":{"x":-6},"tweenEasing":0},{"duration":25,"transform":{"x":-6},"tweenEasing":0},{"duration":0,"transform":{"x":-6}}],"name":"000_tupo_jiantou2"},{"frame":[{"duration":3,"transform":{"x":-17.5},"tweenEasing":0},{"duration":7,"transform":{"x":-17.5},"tweenEasing":0},{"duration":30,"transform":{"x":-17.5},"tweenEasing":0},{"duration":2,"transform":{"x":-17.5},"tweenEasing":0},{"duration":8,"transform":{"x":-17.5},"tweenEasing":0},{"duration":25,"transform":{"x":-17.5},"tweenEasing":0},{"duration":0,"transform":{"x":-17.5}}],"name":"000_tupo_jiantou1"},{"frame":[{"duration":40,"transform":{},"tweenEasing":0},{"duration":35,"transform":{},"tweenEasing":0},{"duration":0,"transform":{}}],"name":"000_tupo_jiantou"},{"frame":[{"duration":39,"transform":{},"tweenEasing":0},{"duration":1,"transform":{},"tweenEasing":0},{"duration":35,"transform":{},"tweenEasing":0},{"duration":0,"transform":{}}],"name":"000_tupo_dikuangguang2"},{"frame":[{"duration":40,"transform":{"y":-5.5,"x":-1},"tweenEasing":0},{"duration":3,"transform":{"y":-5.5,"x":-1},"tweenEasing":0},{"duration":12,"transform":{"scX":1.1,"y":-5.5,"scY":1.1,"x":-1},"tweenEasing":0},{"duration":20,"transform":{"scX":1.15,"y":-5.5,"scY":1.15,"x":-1},"tweenEasing":0},{"duration":0,"transform":{"y":-5.5,"x":-1}}],"name":"000_touxiang2"},{"frame":[{"duration":40,"transform":{"x":60},"tweenEasing":0},{"duration":35,"transform":{"x":60},"tweenEasing":0},{"duration":0,"transform":{"x":60}}],"name":"000_tupo_dikuang2"},{"frame":[{"duration":15,"transform":{"y":-5.75,"x":-1.25},"tweenEasing":0},{"duration":25,"transform":{"y":-5.75,"x":-1.25},"tweenEasing":0},{"duration":35,"transform":{"y":-5.75,"x":-1.25},"tweenEasing":0},{"duration":0,"transform":{"y":-5.75,"x":-1.25}}],"name":"000_touxiang1"},{"frame":[{"duration":40,"transform":{"x":-60},"tweenEasing":0},{"duration":35,"transform":{"x":-60},"tweenEasing":0},{"duration":0,"transform":{"x":-60}}],"name":"000_tupo_dikuang1"},{"frame":[{"duration":13,"transform":{},"tweenEasing":0},{"duration":1,"transform":{},"tweenEasing":0},{"duration":4,"transform":{},"tweenEasing":0},{"duration":4,"transform":{},"tweenEasing":0},{"duration":1,"transform":{},"tweenEasing":0},{"duration":4,"transform":{},"tweenEasing":0},{"duration":4,"transform":{},"tweenEasing":0},{"duration":1,"transform":{},"tweenEasing":0},{"duration":4,"transform":{},"tweenEasing":0},{"duration":4,"transform":{},"tweenEasing":0},{"duration":1,"transform":{},"tweenEasing":0},{"duration":5,"transform":{},"tweenEasing":0},{"duration":6,"transform":{},"tweenEasing":0},{"duration":1,"transform":{},"tweenEasing":0},{"duration":22,"transform":{}}],"name":"000_tupo_diban3"},{"frame":[{"duration":9,"transform":{},"tweenEasing":0},{"duration":1,"transform":{},"tweenEasing":0},{"duration":4,"transform":{},"tweenEasing":0},{"duration":4,"transform":{},"tweenEasing":0},{"duration":1,"transform":{},"tweenEasing":0},{"duration":4,"transform":{},"tweenEasing":0},{"duration":4,"transform":{},"tweenEasing":0},{"duration":1,"transform":{},"tweenEasing":0},{"duration":4,"transform":{},"tweenEasing":0},{"duration":4,"transform":{},"tweenEasing":0},{"duration":1,"transform":{},"tweenEasing":0},{"duration":4,"transform":{},"tweenEasing":0},{"duration":4,"transform":{},"tweenEasing":0},{"duration":1,"transform":{},"tweenEasing":0},{"duration":6,"transform":{},"tweenEasing":0},{"duration":23,"transform":{},"tweenEasing":0},{"duration":0,"transform":{}}],"name":"000_tupo_diban2"},{"frame":[{"duration":40,"transform":{},"tweenEasing":0},{"duration":35,"transform":{},"tweenEasing":0},{"duration":0,"transform":{}}],"name":"000_tupo_diban1"},{"frame":[{"duration":40,"transform":{},"tweenEasing":0},{"duration":35,"transform":{},"tweenEasing":0},{"duration":0,"transform":{}}],"name":"000_tipo_diban_fuji"},{"frame":[{"duration":40,"transform":{},"tweenEasing":0},{"duration":35,"transform":{},"tweenEasing":0},{"duration":0,"transform":{}}],"name":"000_tupo_fuji"},{"frame":[{"duration":75,"transform":{}}],"name":"root"},{"frame":[{"duration":75,"transform":{}}],"name":"000_saoguang3"},{"frame":[{"duration":75,"transform":{}}],"name":"001_jiesuo_fuji"},{"frame":[{"duration":75,"transform":{}}],"name":"000_saoguang4"},{"frame":[{"duration":75,"transform":{}}],"name":"000_saoguang1"},{"frame":[{"duration":75,"transform":{}}],"name":"002_faguang"},{"frame":[{"duration":75,"transform":{}}],"name":"002_faguang2"},{"frame":[{"duration":75,"transform":{}}],"name":"000_saoguang2"},{"frame":[{"duration":75,"transform":{}}],"name":"001_jiesuo_jineng_fuji"},{"frame":[{"duration":75,"transform":{}}],"name":"001_jiesuo_tubiao_fuji"},{"frame":[{"duration":75,"transform":{}}],"name":"001_jiesuo_tubiao1"},{"frame":[{"duration":75,"transform":{}}],"name":"001_jiesuo_wenzi"},{"frame":[{"duration":75,"transform":{}}],"name":"001_jiesuo_jineng3"},{"frame":[{"duration":75,"transform":{}}],"name":"001_jiesuo_tubiao2"},{"frame":[{"duration":75,"transform":{}}],"name":"001_jiesuo_jineng2"},{"frame":[{"duration":75,"transform":{}}],"name":"001_jiesuo_jineng1"},{"frame":[{"duration":75,"transform":{}}],"name":"001_jiesuo_suo1"},{"frame":[{"duration":75,"transform":{}}],"name":"001_guangxiao_fuji"},{"frame":[{"duration":75,"transform":{}}],"name":"001_luoxuan1"},{"frame":[{"duration":75,"transform":{}}],"name":"001_xuli2"},{"frame":[{"duration":75,"transform":{}}],"name":"001_xuli1"},{"frame":[{"duration":75,"transform":{}}],"name":"001_baozha1"},{"frame":[{"duration":75,"transform":{}}],"name":"000_tupo_dikuangguang1"}],"slot":[{"frame":[{"tweenEasing":0,"duration":39,"displayIndex":-1},{"tweenEasing":0,"duration":1,"displayIndex":-1},{"tweenEasing":0,"duration":5},{"tweenEasing":0,"duration":30},{"tweenEasing":null,"duration":0}],"name":"000_wenzi_hou"},{"frame":[{"tweenEasing":0,"duration":39},{"tweenEasing":0,"duration":1},{"tweenEasing":null,"duration":35,"displayIndex":-1}],"name":"000_wenzi_qian"},{"frame":[{"tweenEasing":0,"duration":75},{"tweenEasing":null,"duration":0}],"name":"000_wenzi_diban"},{"frame":[{"tweenEasing":0,"duration":39,"displayIndex":-1},{"tweenEasing":0,"duration":1,"displayIndex":-1},{"tweenEasing":0,"duration":10},{"tweenEasing":0,"duration":25},{"tweenEasing":null,"duration":0,"color":{"aM":0}}],"name":"000_diban_guang"},{"frame":[{"tweenEasing":0,"duration":29,"displayIndex":-1},{"tweenEasing":0,"duration":1,"displayIndex":-1},{"tweenEasing":0,"duration":4,"color":{"aM":0}},{"tweenEasing":0,"duration":5},{"tweenEasing":0,"duration":1,"color":{"aM":56}},{"tweenEasing":0,"duration":2,"displayIndex":1,"color":{"aM":0}},{"tweenEasing":0,"duration":8,"displayIndex":1},{"tweenEasing":0,"duration":25,"displayIndex":1},{"tweenEasing":null,"duration":0,"displayIndex":1,"color":{"aM":0}}],"name":"000_tupo_jiantou4"},{"frame":[{"tweenEasing":0,"duration":19,"displayIndex":-1},{"tweenEasing":0,"duration":1,"displayIndex":-1},{"tweenEasing":0,"duration":3,"color":{"aM":0}},{"tweenEasing":0,"duration":7},{"tweenEasing":0,"duration":10,"color":{"aM":56}},{"tweenEasing":0,"duration":2,"displayIndex":1,"color":{"aM":0}},{"tweenEasing":0,"duration":8,"displayIndex":1},{"tweenEasing":0,"duration":25,"displayIndex":1},{"tweenEasing":null,"duration":0,"displayIndex":1,"color":{"aM":0}}],"name":"000_tupo_jiantou3"},{"frame":[{"tweenEasing":0,"duration":9,"displayIndex":-1},{"tweenEasing":0,"duration":1,"displayIndex":-1},{"tweenEasing":0,"duration":3},{"tweenEasing":0,"duration":7},{"tweenEasing":0,"duration":20,"color":{"aM":56}},{"tweenEasing":0,"duration":2,"displayIndex":1,"color":{"aM":0}},{"tweenEasing":0,"duration":8,"displayIndex":1},{"tweenEasing":0,"duration":25,"displayIndex":1},{"tweenEasing":null,"duration":0,"displayIndex":1,"color":{"aM":0}}],"name":"000_tupo_jiantou2"},{"frame":[{"tweenEasing":0,"duration":3,"color":{"aM":0}},{"tweenEasing":0,"duration":7},{"tweenEasing":0,"duration":30,"color":{"aM":56}},{"tweenEasing":0,"duration":2,"displayIndex":1,"color":{"aM":0}},{"tweenEasing":0,"duration":8,"displayIndex":1},{"tweenEasing":0,"duration":25,"displayIndex":1},{"tweenEasing":null,"duration":0,"displayIndex":1,"color":{"aM":0}}],"name":"000_tupo_jiantou1"},{"frame":[{"tweenEasing":0,"duration":40},{"tweenEasing":0,"duration":35},{"tweenEasing":null,"duration":0}],"name":"000_tupo_jiantou"},{"frame":[{"tweenEasing":0,"duration":39,"displayIndex":-1,"color":{"aM":0}},{"tweenEasing":0,"duration":1,"displayIndex":-1,"color":{"aM":0}},{"tweenEasing":0,"duration":35},{"tweenEasing":null,"duration":0,"color":{"aM":0}}],"name":"000_tupo_dikuangguang2"},{"frame":[{"tweenEasing":0,"duration":40},{"tweenEasing":0,"duration":3},{"tweenEasing":0,"duration":12},{"tweenEasing":0,"duration":20},{"tweenEasing":null,"duration":0}],"name":"000_touxiang2"},{"frame":[{"tweenEasing":0,"duration":40},{"tweenEasing":0,"duration":35},{"tweenEasing":null,"duration":0}],"name":"000_tupo_dikuang2"},{"frame":[{"tweenEasing":0,"duration":15},{"tweenEasing":0,"duration":25},{"tweenEasing":0,"duration":35},{"tweenEasing":null,"duration":0}],"name":"000_touxiang1"},{"frame":[{"tweenEasing":0,"duration":40},{"tweenEasing":0,"duration":35},{"tweenEasing":null,"duration":0}],"name":"000_tupo_dikuang1"},{"frame":[{"tweenEasing":0,"duration":13,"displayIndex":-1,"color":{"aM":0}},{"tweenEasing":0,"duration":1,"displayIndex":-1,"color":{"aM":0}},{"tweenEasing":0,"duration":4,"color":{"aM":0}},{"tweenEasing":0,"duration":4,"color":{"aM":39}},{"tweenEasing":0,"duration":1,"color":{"aM":0}},{"tweenEasing":0,"duration":4,"color":{"aM":0}},{"tweenEasing":0,"duration":4,"color":{"aM":39}},{"tweenEasing":0,"duration":1,"color":{"aM":0}},{"tweenEasing":0,"duration":4,"color":{"aM":0}},{"tweenEasing":0,"duration":4,"color":{"aM":39}},{"tweenEasing":0,"duration":1,"color":{"aM":0}},{"tweenEasing":0,"duration":5,"color":{"aM":0}},{"tweenEasing":0,"duration":6,"color":{"aM":39}},{"tweenEasing":0,"duration":1,"color":{"aM":0}},{"tweenEasing":null,"duration":22,"displayIndex":-1,"color":{"aM":0}}],"name":"000_tupo_diban3"},{"frame":[{"tweenEasing":0,"duration":9,"displayIndex":-1,"color":{"aM":0}},{"tweenEasing":0,"duration":1,"displayIndex":-1,"color":{"aM":0}},{"tweenEasing":0,"duration":4,"color":{"aM":0}},{"tweenEasing":0,"duration":4,"color":{"aM":39}},{"tweenEasing":0,"duration":1,"color":{"aM":0}},{"tweenEasing":0,"duration":4,"color":{"aM":0}},{"tweenEasing":0,"duration":4,"color":{"aM":39}},{"tweenEasing":0,"duration":1,"color":{"aM":0}},{"tweenEasing":0,"duration":4,"color":{"aM":0}},{"tweenEasing":0,"duration":4,"color":{"aM":39}},{"tweenEasing":0,"duration":1,"color":{"aM":0}},{"tweenEasing":0,"duration":4,"color":{"aM":0}},{"tweenEasing":0,"duration":4,"color":{"aM":39}},{"tweenEasing":0,"duration":1,"color":{"aM":0}},{"tweenEasing":0,"duration":6,"color":{"aM":0}},{"tweenEasing":0,"duration":23,"color":{"aM":39}},{"tweenEasing":null,"duration":0,"color":{"aM":0}}],"name":"000_tupo_diban2"},{"frame":[{"tweenEasing":0,"duration":40},{"tweenEasing":0,"duration":35},{"tweenEasing":null,"duration":0}],"name":"000_tupo_diban1"},{"frame":[{"tweenEasing":0,"duration":40,"displayIndex":-1},{"tweenEasing":0,"duration":35,"displayIndex":-1},{"tweenEasing":null,"duration":0,"displayIndex":-1}],"name":"000_tipo_diban_fuji"},{"frame":[{"tweenEasing":0,"duration":40,"displayIndex":-1},{"tweenEasing":0,"duration":35,"displayIndex":-1},{"tweenEasing":null,"duration":0,"displayIndex":-1}],"name":"000_tupo_fuji"},{"frame":[{"tweenEasing":null,"duration":75,"displayIndex":-1}],"name":"000_tupo_dikuangguang1"},{"frame":[{"tweenEasing":null,"duration":75,"displayIndex":-1}],"name":"000_saoguang1"},{"frame":[{"tweenEasing":null,"duration":75,"displayIndex":-1}],"name":"000_saoguang2"},{"frame":[{"tweenEasing":null,"duration":75,"displayIndex":-1}],"name":"000_saoguang3"},{"frame":[{"tweenEasing":null,"duration":75,"displayIndex":-1}],"name":"000_saoguang4"},{"frame":[{"tweenEasing":null,"duration":75,"displayIndex":-1}],"name":"001_jiesuo_fuji"},{"frame":[{"tweenEasing":null,"duration":75,"displayIndex":-1}],"name":"001_jiesuo_tubiao_fuji"},{"frame":[{"tweenEasing":null,"duration":75,"displayIndex":-1}],"name":"001_jiesuo_tubiao1"},{"frame":[{"tweenEasing":null,"duration":75,"displayIndex":-1}],"name":"001_jiesuo_suo1"},{"frame":[{"tweenEasing":null,"duration":75,"displayIndex":-1}],"name":"001_jiesuo_tubiao2"},{"frame":[{"tweenEasing":null,"duration":75,"displayIndex":-1}],"name":"001_jiesuo_jineng_fuji"},{"frame":[{"tweenEasing":null,"duration":75,"displayIndex":-1}],"name":"001_jiesuo_jineng1"},{"frame":[{"tweenEasing":null,"duration":75,"displayIndex":-1}],"name":"001_jiesuo_jineng2"},{"frame":[{"tweenEasing":null,"duration":75,"displayIndex":-1}],"name":"001_jiesuo_jineng3"},{"frame":[{"tweenEasing":null,"duration":75,"displayIndex":-1}],"name":"001_guangxiao_fuji"},{"frame":[{"tweenEasing":null,"duration":75,"displayIndex":-1}],"name":"001_xuli1"},{"frame":[{"tweenEasing":null,"duration":75,"displayIndex":-1}],"name":"001_xuli2"},{"frame":[{"tweenEasing":null,"duration":75,"displayIndex":-1}],"name":"001_luoxuan1"},{"frame":[{"tweenEasing":null,"duration":75,"displayIndex":-1}],"name":"001_baozha1"},{"frame":[{"tweenEasing":null,"duration":75,"displayIndex":-1}],"name":"001_jiesuo_wenzi"},{"frame":[{"tweenEasing":null,"duration":75,"displayIndex":-1}],"name":"002_faguang"},{"frame":[{"tweenEasing":null,"duration":75,"displayIndex":-1}],"name":"002_faguang2"}],"ffd":[],"ik":[],"name":"001_tupo_kaishi"},{"duration":40,"frame":[],"bone":[{"frame":[{"duration":40,"transform":{"y":-33.5},"tweenEasing":0},{"duration":0,"transform":{"y":-33.5}}],"name":"000_wenzi_diban"},{"frame":[{"duration":40,"transform":{},"tweenEasing":0},{"duration":0,"transform":{}}],"name":"000_tupo_dikuangguang2"},{"frame":[{"duration":40,"transform":{"y":-5.5,"x":-1},"tweenEasing":0},{"duration":0,"transform":{"y":-5.5,"x":-1}}],"name":"000_touxiang2"},{"frame":[{"duration":40,"transform":{},"tweenEasing":0},{"duration":0,"transform":{}}],"name":"000_tupo_dikuang2"},{"frame":[{"duration":40,"transform":{},"tweenEasing":0},{"duration":0,"transform":{}}],"name":"000_tupo_diban1"},{"frame":[{"duration":40,"transform":{},"tweenEasing":0},{"duration":0,"transform":{}}],"name":"000_tipo_diban_fuji"},{"frame":[{"duration":40,"transform":{},"tweenEasing":0},{"duration":0,"transform":{}}],"name":"000_tupo_fuji"},{"frame":[{"duration":40,"transform":{}}],"name":"root"},{"frame":[{"duration":40,"transform":{}}],"name":"000_saoguang3"},{"frame":[{"duration":40,"transform":{}}],"name":"001_jiesuo_fuji"},{"frame":[{"duration":40,"transform":{}}],"name":"000_saoguang4"},{"frame":[{"duration":40,"transform":{}}],"name":"000_saoguang1"},{"frame":[{"duration":40,"transform":{}}],"name":"002_faguang"},{"frame":[{"duration":40,"transform":{}}],"name":"002_faguang2"},{"frame":[{"duration":40,"transform":{}}],"name":"000_saoguang2"},{"frame":[{"duration":40,"transform":{}}],"name":"001_jiesuo_jineng_fuji"},{"frame":[{"duration":40,"transform":{}}],"name":"001_jiesuo_tubiao_fuji"},{"frame":[{"duration":40,"transform":{}}],"name":"001_jiesuo_tubiao1"},{"frame":[{"duration":40,"transform":{}}],"name":"001_jiesuo_wenzi"},{"frame":[{"duration":40,"transform":{}}],"name":"001_jiesuo_jineng3"},{"frame":[{"duration":40,"transform":{}}],"name":"001_jiesuo_tubiao2"},{"frame":[{"duration":40,"transform":{}}],"name":"000_tupo_jiantou"},{"frame":[{"duration":40,"transform":{}}],"name":"001_jiesuo_jineng2"},{"frame":[{"duration":40,"transform":{}}],"name":"001_jiesuo_jineng1"},{"frame":[{"duration":40,"transform":{}}],"name":"000_tupo_jiantou1"},{"frame":[{"duration":40,"transform":{}}],"name":"000_tupo_jiantou4"},{"frame":[{"duration":40,"transform":{}}],"name":"000_diban_guang"},{"frame":[{"duration":40,"transform":{}}],"name":"000_tupo_jiantou2"},{"frame":[{"duration":40,"transform":{}}],"name":"000_tupo_diban2"},{"frame":[{"duration":40,"transform":{}}],"name":"000_tupo_diban3"},{"frame":[{"duration":40,"transform":{}}],"name":"000_tupo_dikuang1"},{"frame":[{"duration":40,"transform":{}}],"name":"001_jiesuo_suo1"},{"frame":[{"duration":40,"transform":{}}],"name":"000_tupo_jiantou3"},{"frame":[{"duration":40,"transform":{}}],"name":"001_guangxiao_fuji"},{"frame":[{"duration":40,"transform":{}}],"name":"001_luoxuan1"},{"frame":[{"duration":40,"transform":{}}],"name":"001_xuli2"},{"frame":[{"duration":40,"transform":{}}],"name":"001_xuli1"},{"frame":[{"duration":40,"transform":{}}],"name":"000_wenzi_hou"},{"frame":[{"duration":40,"transform":{}}],"name":"000_wenzi_qian"},{"frame":[{"duration":40,"transform":{}}],"name":"001_baozha1"},{"frame":[{"duration":40,"transform":{}}],"name":"000_tupo_dikuangguang1"},{"frame":[{"duration":40,"transform":{}}],"name":"000_touxiang1"}],"slot":[{"frame":[{"tweenEasing":0,"duration":40,"displayIndex":1},{"tweenEasing":null,"duration":0,"displayIndex":1}],"name":"000_wenzi_diban"},{"frame":[{"tweenEasing":0,"duration":40,"color":{"aM":0}},{"tweenEasing":null,"duration":0,"color":{"aM":0}}],"name":"000_tupo_dikuangguang2"},{"frame":[{"tweenEasing":0,"duration":40},{"tweenEasing":null,"duration":0}],"name":"000_touxiang2"},{"frame":[{"tweenEasing":0,"duration":40},{"tweenEasing":null,"duration":0}],"name":"000_tupo_dikuang2"},{"frame":[{"tweenEasing":0,"duration":40},{"tweenEasing":null,"duration":0}],"name":"000_tupo_diban1"},{"frame":[{"tweenEasing":0,"duration":40,"displayIndex":-1},{"tweenEasing":null,"duration":0,"displayIndex":-1}],"name":"000_tipo_diban_fuji"},{"frame":[{"tweenEasing":0,"duration":40,"displayIndex":-1},{"tweenEasing":null,"duration":0,"displayIndex":-1}],"name":"000_tupo_fuji"},{"frame":[{"tweenEasing":null,"duration":40,"displayIndex":-1}],"name":"000_tupo_diban2"},{"frame":[{"tweenEasing":null,"duration":40,"displayIndex":-1}],"name":"000_tupo_diban3"},{"frame":[{"tweenEasing":null,"duration":40,"displayIndex":-1}],"name":"000_tupo_dikuang1"},{"frame":[{"tweenEasing":null,"duration":40,"displayIndex":-1}],"name":"000_touxiang1"},{"frame":[{"tweenEasing":null,"duration":40,"displayIndex":-1}],"name":"000_tupo_dikuangguang1"},{"frame":[{"tweenEasing":null,"duration":40,"displayIndex":-1}],"name":"000_tupo_jiantou"},{"frame":[{"tweenEasing":null,"duration":40,"displayIndex":-1}],"name":"000_tupo_jiantou1"},{"frame":[{"tweenEasing":null,"duration":40,"displayIndex":-1}],"name":"000_tupo_jiantou2"},{"frame":[{"tweenEasing":null,"duration":40,"displayIndex":-1}],"name":"000_tupo_jiantou3"},{"frame":[{"tweenEasing":null,"duration":40,"displayIndex":-1}],"name":"000_tupo_jiantou4"},{"frame":[{"tweenEasing":null,"duration":40,"displayIndex":-1}],"name":"000_diban_guang"},{"frame":[{"tweenEasing":null,"duration":40,"displayIndex":-1}],"name":"000_saoguang1"},{"frame":[{"tweenEasing":null,"duration":40,"displayIndex":-1}],"name":"000_saoguang2"},{"frame":[{"tweenEasing":null,"duration":40,"displayIndex":-1}],"name":"000_saoguang3"},{"frame":[{"tweenEasing":null,"duration":40,"displayIndex":-1}],"name":"000_wenzi_qian"},{"frame":[{"tweenEasing":null,"duration":40,"displayIndex":-1}],"name":"000_wenzi_hou"},{"frame":[{"tweenEasing":null,"duration":40,"displayIndex":-1}],"name":"000_saoguang4"},{"frame":[{"tweenEasing":null,"duration":40,"displayIndex":-1}],"name":"001_jiesuo_fuji"},{"frame":[{"tweenEasing":null,"duration":40,"displayIndex":-1}],"name":"001_jiesuo_tubiao_fuji"},{"frame":[{"tweenEasing":null,"duration":40,"displayIndex":-1}],"name":"001_jiesuo_tubiao1"},{"frame":[{"tweenEasing":null,"duration":40,"displayIndex":-1}],"name":"001_jiesuo_suo1"},{"frame":[{"tweenEasing":null,"duration":40,"displayIndex":-1}],"name":"001_jiesuo_tubiao2"},{"frame":[{"tweenEasing":null,"duration":40,"displayIndex":-1}],"name":"001_jiesuo_jineng_fuji"},{"frame":[{"tweenEasing":null,"duration":40,"displayIndex":-1}],"name":"001_jiesuo_jineng1"},{"frame":[{"tweenEasing":null,"duration":40,"displayIndex":-1}],"name":"001_jiesuo_jineng2"},{"frame":[{"tweenEasing":null,"duration":40,"displayIndex":-1}],"name":"001_jiesuo_jineng3"},{"frame":[{"tweenEasing":null,"duration":40,"displayIndex":-1}],"name":"001_guangxiao_fuji"},{"frame":[{"tweenEasing":null,"duration":40,"displayIndex":-1}],"name":"001_xuli1"},{"frame":[{"tweenEasing":null,"duration":40,"displayIndex":-1}],"name":"001_xuli2"},{"frame":[{"tweenEasing":null,"duration":40,"displayIndex":-1}],"name":"001_luoxuan1"},{"frame":[{"tweenEasing":null,"duration":40,"displayIndex":-1}],"name":"001_baozha1"},{"frame":[{"tweenEasing":null,"duration":40,"displayIndex":-1}],"name":"001_jiesuo_wenzi"},{"frame":[{"tweenEasing":null,"duration":40,"displayIndex":-1}],"name":"002_faguang"},{"frame":[{"tweenEasing":null,"duration":40,"displayIndex":-1}],"name":"002_faguang2"}],"ffd":[],"ik":[],"playTimes":0,"name":"002_tupo_manji"},{"duration":21,"frame":[],"bone":[{"frame":[{"duration":3,"transform":{},"tweenEasing":0},{"duration":7,"transform":{"scX":1.2},"tweenEasing":0},{"duration":10,"transform":{"scX":1.2824,"scY":0.6294},"tweenEasing":0},{"duration":1,"transform":{"scX":1.4,"scY":0.1},"tweenEasing":0},{"duration":0,"transform":{}}],"name":"000_saoguang1"},{"frame":[{"duration":21,"transform":{}}],"name":"root"},{"frame":[{"duration":21,"transform":{}}],"name":"000_tupo_fuji"},{"frame":[{"duration":21,"transform":{}}],"name":"000_saoguang3"},{"frame":[{"duration":21,"transform":{}}],"name":"001_jiesuo_fuji"},{"frame":[{"duration":21,"transform":{}}],"name":"000_saoguang4"},{"frame":[{"duration":21,"transform":{}}],"name":"002_faguang"},{"frame":[{"duration":21,"transform":{}}],"name":"002_faguang2"},{"frame":[{"duration":21,"transform":{}}],"name":"000_saoguang2"},{"frame":[{"duration":21,"transform":{}}],"name":"000_tipo_diban_fuji"},{"frame":[{"duration":21,"transform":{}}],"name":"001_jiesuo_jineng_fuji"},{"frame":[{"duration":21,"transform":{}}],"name":"001_jiesuo_tubiao_fuji"},{"frame":[{"duration":21,"transform":{}}],"name":"001_jiesuo_tubiao1"},{"frame":[{"duration":21,"transform":{}}],"name":"001_jiesuo_wenzi"},{"frame":[{"duration":21,"transform":{}}],"name":"001_jiesuo_jineng3"},{"frame":[{"duration":21,"transform":{}}],"name":"001_jiesuo_tubiao2"},{"frame":[{"duration":21,"transform":{}}],"name":"000_tupo_jiantou"},{"frame":[{"duration":21,"transform":{}}],"name":"000_tupo_diban1"},{"frame":[{"duration":21,"transform":{}}],"name":"001_jiesuo_jineng2"},{"frame":[{"duration":21,"transform":{}}],"name":"001_jiesuo_jineng1"},{"frame":[{"duration":21,"transform":{}}],"name":"000_tupo_jiantou1"},{"frame":[{"duration":21,"transform":{}}],"name":"000_tupo_jiantou4"},{"frame":[{"duration":21,"transform":{}}],"name":"000_diban_guang"},{"frame":[{"duration":21,"transform":{}}],"name":"000_tupo_jiantou2"},{"frame":[{"duration":21,"transform":{}}],"name":"000_tupo_diban2"},{"frame":[{"duration":21,"transform":{}}],"name":"000_tupo_diban3"},{"frame":[{"duration":21,"transform":{}}],"name":"000_tupo_dikuang2"},{"frame":[{"duration":21,"transform":{}}],"name":"000_tupo_dikuang1"},{"frame":[{"duration":21,"transform":{}}],"name":"001_jiesuo_suo1"},{"frame":[{"duration":21,"transform":{}}],"name":"000_tupo_jiantou3"},{"frame":[{"duration":21,"transform":{}}],"name":"000_wenzi_diban"},{"frame":[{"duration":21,"transform":{}}],"name":"001_guangxiao_fuji"},{"frame":[{"duration":21,"transform":{}}],"name":"001_luoxuan1"},{"frame":[{"duration":21,"transform":{}}],"name":"000_tupo_dikuangguang2"},{"frame":[{"duration":21,"transform":{}}],"name":"001_xuli2"},{"frame":[{"duration":21,"transform":{}}],"name":"001_xuli1"},{"frame":[{"duration":21,"transform":{}}],"name":"000_wenzi_hou"},{"frame":[{"duration":21,"transform":{}}],"name":"000_wenzi_qian"},{"frame":[{"duration":21,"transform":{}}],"name":"001_baozha1"},{"frame":[{"duration":21,"transform":{}}],"name":"000_touxiang2"},{"frame":[{"duration":21,"transform":{}}],"name":"000_tupo_dikuangguang1"},{"frame":[{"duration":21,"transform":{}}],"name":"000_touxiang1"}],"slot":[{"frame":[{"tweenEasing":0,"duration":3,"color":{"aM":0}},{"tweenEasing":0,"duration":7},{"tweenEasing":0,"duration":10},{"tweenEasing":0,"duration":1,"color":{"aM":0}},{"tweenEasing":null,"duration":0,"displayIndex":-1}],"name":"000_saoguang1"},{"frame":[{"tweenEasing":null,"duration":21,"displayIndex":-1}],"name":"000_tupo_fuji"},{"frame":[{"tweenEasing":null,"duration":21,"displayIndex":-1}],"name":"000_tipo_diban_fuji"},{"frame":[{"tweenEasing":null,"duration":21,"displayIndex":-1}],"name":"000_tupo_diban1"},{"frame":[{"tweenEasing":null,"duration":21,"displayIndex":-1}],"name":"000_tupo_diban2"},{"frame":[{"tweenEasing":null,"duration":21,"displayIndex":-1}],"name":"000_tupo_diban3"},{"frame":[{"tweenEasing":null,"duration":21,"displayIndex":-1}],"name":"000_tupo_dikuang1"},{"frame":[{"tweenEasing":null,"duration":21,"displayIndex":-1}],"name":"000_touxiang1"},{"frame":[{"tweenEasing":null,"duration":21,"displayIndex":-1}],"name":"000_tupo_dikuangguang1"},{"frame":[{"tweenEasing":null,"duration":21,"displayIndex":-1}],"name":"000_tupo_dikuang2"},{"frame":[{"tweenEasing":null,"duration":21,"displayIndex":-1}],"name":"000_touxiang2"},{"frame":[{"tweenEasing":null,"duration":21,"displayIndex":-1}],"name":"000_tupo_dikuangguang2"},{"frame":[{"tweenEasing":null,"duration":21,"displayIndex":-1}],"name":"000_tupo_jiantou"},{"frame":[{"tweenEasing":null,"duration":21,"displayIndex":-1}],"name":"000_tupo_jiantou1"},{"frame":[{"tweenEasing":null,"duration":21,"displayIndex":-1}],"name":"000_tupo_jiantou2"},{"frame":[{"tweenEasing":null,"duration":21,"displayIndex":-1}],"name":"000_tupo_jiantou3"},{"frame":[{"tweenEasing":null,"duration":21,"displayIndex":-1}],"name":"000_tupo_jiantou4"},{"frame":[{"tweenEasing":null,"duration":21,"displayIndex":-1}],"name":"000_diban_guang"},{"frame":[{"tweenEasing":null,"duration":21,"displayIndex":-1}],"name":"000_saoguang2"},{"frame":[{"tweenEasing":null,"duration":21,"displayIndex":-1}],"name":"000_saoguang3"},{"frame":[{"tweenEasing":null,"duration":21,"displayIndex":-1}],"name":"000_wenzi_diban"},{"frame":[{"tweenEasing":null,"duration":21,"displayIndex":-1}],"name":"000_wenzi_qian"},{"frame":[{"tweenEasing":null,"duration":21,"displayIndex":-1}],"name":"000_wenzi_hou"},{"frame":[{"tweenEasing":null,"duration":21,"displayIndex":-1}],"name":"000_saoguang4"},{"frame":[{"tweenEasing":null,"duration":21,"displayIndex":-1}],"name":"001_jiesuo_fuji"},{"frame":[{"tweenEasing":null,"duration":21,"displayIndex":-1}],"name":"001_jiesuo_tubiao_fuji"},{"frame":[{"tweenEasing":null,"duration":21,"displayIndex":-1}],"name":"001_jiesuo_tubiao1"},{"frame":[{"tweenEasing":null,"duration":21,"displayIndex":-1}],"name":"001_jiesuo_suo1"},{"frame":[{"tweenEasing":null,"duration":21,"displayIndex":-1}],"name":"001_jiesuo_tubiao2"},{"frame":[{"tweenEasing":null,"duration":21,"displayIndex":-1}],"name":"001_jiesuo_jineng_fuji"},{"frame":[{"tweenEasing":null,"duration":21,"displayIndex":-1}],"name":"001_jiesuo_jineng1"},{"frame":[{"tweenEasing":null,"duration":21,"displayIndex":-1}],"name":"001_jiesuo_jineng2"},{"frame":[{"tweenEasing":null,"duration":21,"displayIndex":-1}],"name":"001_jiesuo_jineng3"},{"frame":[{"tweenEasing":null,"duration":21,"displayIndex":-1}],"name":"001_guangxiao_fuji"},{"frame":[{"tweenEasing":null,"duration":21,"displayIndex":-1}],"name":"001_xuli1"},{"frame":[{"tweenEasing":null,"duration":21,"displayIndex":-1}],"name":"001_xuli2"},{"frame":[{"tweenEasing":null,"duration":21,"displayIndex":-1}],"name":"001_luoxuan1"},{"frame":[{"tweenEasing":null,"duration":21,"displayIndex":-1}],"name":"001_baozha1"},{"frame":[{"tweenEasing":null,"duration":21,"displayIndex":-1}],"name":"001_jiesuo_wenzi"},{"frame":[{"tweenEasing":null,"duration":21,"displayIndex":-1}],"name":"002_faguang"},{"frame":[{"tweenEasing":null,"duration":21,"displayIndex":-1}],"name":"002_faguang2"}],"ffd":[],"ik":[],"name":"003_shuxing"},{"duration":100,"frame":[],"bone":[{"frame":[{"duration":64,"transform":{"y":-37.5},"tweenEasing":0},{"duration":1,"transform":{"y":-37.5},"tweenEasing":0},{"duration":5,"transform":{"y":-37.5},"tweenEasing":0},{"duration":30,"transform":{"y":-37.5},"tweenEasing":0},{"duration":0,"transform":{"y":-37.5}}],"name":"001_jiesuo_wenzi"},{"frame":[{"duration":39,"transform":{},"tweenEasing":0},{"duration":1,"transform":{},"tweenEasing":0},{"duration":3,"transform":{},"tweenEasing":0},{"duration":3,"transform":{},"tweenEasing":0},{"duration":3,"transform":{},"tweenEasing":0},{"duration":2,"transform":{},"tweenEasing":0},{"duration":2,"transform":{},"tweenEasing":0},{"duration":2,"transform":{},"tweenEasing":0},{"duration":5,"transform":{},"tweenEasing":0},{"duration":1,"transform":{},"tweenEasing":0},{"duration":39,"transform":{}}],"name":"001_baozha1"},{"frame":[{"duration":39,"transform":{"scX":1.5,"scY":1.5},"tweenEasing":0},{"duration":1,"transform":{"scX":1.1,"scY":1.1,"skX":180,"skY":180},"tweenEasing":0},{"duration":60,"transform":{"scX":1.5,"scY":1.5,"skX":360,"skY":360}}],"name":"001_luoxuan1"},{"frame":[{"duration":5,"transform":{},"tweenEasing":0},{"duration":5,"transform":{},"tweenEasing":0},{"duration":5,"transform":{},"tweenEasing":0},{"duration":1,"transform":{},"tweenEasing":0},{"duration":84,"transform":{}}],"name":"001_xuli2"},{"frame":[{"duration":5,"transform":{},"tweenEasing":0},{"duration":5,"transform":{},"tweenEasing":0},{"duration":5,"transform":{},"tweenEasing":0},{"duration":5,"transform":{},"tweenEasing":0},{"duration":1,"transform":{},"tweenEasing":0},{"duration":79,"transform":{}}],"name":"001_xuli1"},{"frame":[{"duration":100,"transform":{}}],"name":"001_guangxiao_fuji"},{"frame":[{"duration":64,"transform":{"x":75},"tweenEasing":0},{"duration":1,"transform":{"x":75},"tweenEasing":0},{"duration":5,"transform":{"x":75},"tweenEasing":0},{"duration":30,"transform":{"x":75},"tweenEasing":0},{"duration":0,"transform":{"x":75}}],"name":"001_jiesuo_jineng3"},{"frame":[{"duration":64,"transform":{"x":-5},"tweenEasing":0},{"duration":1,"transform":{"x":-5},"tweenEasing":0},{"duration":5,"transform":{"x":-5},"tweenEasing":0},{"duration":30,"transform":{},"tweenEasing":0},{"duration":0,"transform":{}}],"name":"001_jiesuo_jineng2"},{"frame":[{"duration":64,"transform":{"x":-75},"tweenEasing":0},{"duration":1,"transform":{"x":-75},"tweenEasing":0},{"duration":5,"transform":{"x":-75},"tweenEasing":0},{"duration":30,"transform":{"x":-75},"tweenEasing":0},{"duration":0,"transform":{"x":-75}}],"name":"001_jiesuo_jineng1"},{"frame":[{"duration":65,"transform":{"y":45,"x":-250},"tweenEasing":0},{"duration":5,"transform":{"y":45,"x":-250},"tweenEasing":0},{"duration":5,"transform":{"y":45,"x":5},"tweenEasing":0},{"duration":5,"transform":{"y":45,"x":-2.5},"tweenEasing":0},{"duration":20,"transform":{"y":45},"tweenEasing":0},{"duration":0,"transform":{"y":45}}],"name":"001_jiesuo_jineng_fuji"},{"frame":[{"duration":39,"transform":{},"tweenEasing":0},{"duration":1,"transform":{},"tweenEasing":0},{"duration":5,"transform":{"scX":0.9,"scY":0.9},"tweenEasing":0},{"duration":15,"transform":{"scX":1.2,"scY":1.2},"tweenEasing":0},{"duration":5,"transform":{},"tweenEasing":0},{"duration":10,"transform":{"y":-37.5},"tweenEasing":0},{"duration":2,"transform":{"y":-33.5},"tweenEasing":0},{"duration":23,"transform":{"y":-33.5},"tweenEasing":0},{"duration":0,"transform":{"y":-33.5}}],"name":"001_jiesuo_tubiao2"},{"frame":[{"duration":39,"transform":{"scX":1.5,"scY":1.5},"tweenEasing":0},{"duration":1,"transform":{"scX":1.5,"scY":1.5},"tweenEasing":0},{"duration":35,"transform":{"scX":1.5,"scY":1.5},"tweenEasing":0},{"duration":25,"transform":{"scX":1.5,"scY":1.5},"tweenEasing":0},{"duration":0,"transform":{"scX":1.5,"scY":1.5}}],"name":"001_jiesuo_suo1"},{"frame":[{"duration":3,"transform":{},"tweenEasing":0},{"duration":3,"transform":{"skX":-3,"skY":-3},"tweenEasing":0},{"duration":3,"transform":{"skX":3,"skY":3},"tweenEasing":0},{"duration":3,"transform":{"skX":-3,"skY":-3},"tweenEasing":0},{"duration":3,"transform":{"skX":3,"skY":3},"tweenEasing":0},{"duration":3,"transform":{"skX":-3,"skY":-3},"tweenEasing":0},{"duration":3,"transform":{"skX":3,"skY":3},"tweenEasing":0},{"duration":3,"transform":{"skX":-3,"skY":-3},"tweenEasing":0},{"duration":3,"transform":{"skX":3,"skY":3},"tweenEasing":0},{"duration":3,"transform":{"skX":-3,"skY":-3},"tweenEasing":0},{"duration":3,"transform":{"skX":3,"skY":3},"tweenEasing":0},{"duration":3,"transform":{"skX":-3,"skY":-3},"tweenEasing":0},{"duration":3,"transform":{"skX":3,"skY":3},"tweenEasing":0},{"duration":1,"transform":{},"tweenEasing":0},{"duration":35,"transform":{},"tweenEasing":0},{"duration":25,"transform":{"scX":0.9,"scY":0.9},"tweenEasing":0},{"duration":0,"transform":{"scX":0.9,"scY":0.9}}],"name":"001_jiesuo_tubiao1"},{"frame":[{"duration":40,"transform":{"scX":2,"scY":2},"tweenEasing":0},{"duration":5,"transform":{"scX":0.8,"scY":0.8},"tweenEasing":0},{"duration":55,"transform":{},"tweenEasing":0},{"duration":0,"transform":{}}],"name":"001_jiesuo_tubiao_fuji"},{"frame":[{"duration":100,"transform":{},"tweenEasing":0},{"duration":0,"transform":{}}],"name":"001_jiesuo_fuji"},{"frame":[{"duration":100,"transform":{}}],"name":"root"},{"frame":[{"duration":100,"transform":{}}],"name":"000_tupo_fuji"},{"frame":[{"duration":100,"transform":{}}],"name":"000_saoguang3"},{"frame":[{"duration":100,"transform":{}}],"name":"000_saoguang4"},{"frame":[{"duration":100,"transform":{}}],"name":"000_saoguang1"},{"frame":[{"duration":100,"transform":{}}],"name":"002_faguang"},{"frame":[{"duration":100,"transform":{}}],"name":"002_faguang2"},{"frame":[{"duration":100,"transform":{}}],"name":"000_saoguang2"},{"frame":[{"duration":100,"transform":{}}],"name":"000_tipo_diban_fuji"},{"frame":[{"duration":100,"transform":{}}],"name":"000_tupo_jiantou"},{"frame":[{"duration":100,"transform":{}}],"name":"000_tupo_diban1"},{"frame":[{"duration":100,"transform":{}}],"name":"000_tupo_jiantou1"},{"frame":[{"duration":100,"transform":{}}],"name":"000_tupo_jiantou4"},{"frame":[{"duration":100,"transform":{}}],"name":"000_diban_guang"},{"frame":[{"duration":100,"transform":{}}],"name":"000_tupo_jiantou2"},{"frame":[{"duration":100,"transform":{}}],"name":"000_tupo_diban2"},{"frame":[{"duration":100,"transform":{}}],"name":"000_tupo_diban3"},{"frame":[{"duration":100,"transform":{}}],"name":"000_tupo_dikuang2"},{"frame":[{"duration":100,"transform":{}}],"name":"000_tupo_dikuang1"},{"frame":[{"duration":100,"transform":{}}],"name":"000_tupo_jiantou3"},{"frame":[{"duration":100,"transform":{}}],"name":"000_wenzi_diban"},{"frame":[{"duration":100,"transform":{}}],"name":"000_tupo_dikuangguang2"},{"frame":[{"duration":100,"transform":{}}],"name":"000_wenzi_hou"},{"frame":[{"duration":100,"transform":{}}],"name":"000_wenzi_qian"},{"frame":[{"duration":100,"transform":{}}],"name":"000_touxiang2"},{"frame":[{"duration":100,"transform":{}}],"name":"000_tupo_dikuangguang1"},{"frame":[{"duration":100,"transform":{}}],"name":"000_touxiang1"}],"slot":[{"frame":[{"tweenEasing":0,"duration":64,"displayIndex":-1},{"tweenEasing":0,"duration":1,"displayIndex":-1},{"tweenEasing":0,"duration":5,"color":{"aM":0}},{"tweenEasing":0,"duration":30},{"tweenEasing":null,"duration":0}],"name":"001_jiesuo_wenzi"},{"frame":[{"tweenEasing":0,"duration":39,"displayIndex":-1},{"tweenEasing":0,"duration":1,"displayIndex":-1},{"tweenEasing":0,"duration":3},{"tweenEasing":0,"duration":3,"displayIndex":1},{"tweenEasing":0,"duration":3,"displayIndex":2},{"tweenEasing":0,"duration":2,"displayIndex":3},{"tweenEasing":0,"duration":2,"displayIndex":4},{"tweenEasing":0,"duration":2,"displayIndex":5},{"tweenEasing":0,"duration":5,"displayIndex":6},{"tweenEasing":0,"duration":1,"displayIndex":6,"color":{"aM":0}},{"tweenEasing":null,"duration":39,"displayIndex":-1}],"name":"001_baozha1"},{"frame":[{"tweenEasing":0,"duration":39,"color":{"aM":0}},{"tweenEasing":0,"duration":1},{"tweenEasing":null,"duration":60,"displayIndex":-1}],"name":"001_luoxuan1"},{"frame":[{"tweenEasing":0,"duration":5,"color":{"aM":0}},{"tweenEasing":0,"duration":5,"displayIndex":1},{"tweenEasing":0,"duration":5,"displayIndex":2},{"tweenEasing":0,"duration":1,"displayIndex":2,"color":{"aM":0}},{"tweenEasing":null,"duration":84,"displayIndex":-1,"color":{"aM":0}}],"name":"001_xuli2"},{"frame":[{"tweenEasing":0,"duration":5,"color":{"aM":0}},{"tweenEasing":0,"duration":5,"displayIndex":1},{"tweenEasing":0,"duration":5,"displayIndex":2},{"tweenEasing":0,"duration":5,"displayIndex":3},{"tweenEasing":0,"duration":1,"displayIndex":4,"color":{"aM":0}},{"tweenEasing":null,"duration":79,"displayIndex":-1,"color":{"aM":0}}],"name":"001_xuli1"},{"frame":[{"tweenEasing":null,"duration":100,"displayIndex":-1}],"name":"001_guangxiao_fuji"},{"frame":[{"tweenEasing":0,"duration":64,"displayIndex":-1},{"tweenEasing":0,"duration":1,"displayIndex":-1},{"tweenEasing":0,"duration":5,"color":{"aM":0}},{"tweenEasing":0,"duration":30},{"tweenEasing":null,"duration":0}],"name":"001_jiesuo_jineng3"},{"frame":[{"tweenEasing":0,"duration":64,"displayIndex":-1},{"tweenEasing":0,"duration":1,"displayIndex":-1},{"tweenEasing":0,"duration":5,"color":{"aM":0}},{"tweenEasing":0,"duration":30},{"tweenEasing":null,"duration":0}],"name":"001_jiesuo_jineng2"},{"frame":[{"tweenEasing":0,"duration":64,"displayIndex":-1},{"tweenEasing":0,"duration":1,"displayIndex":-1},{"tweenEasing":0,"duration":5,"color":{"aM":0}},{"tweenEasing":0,"duration":30},{"tweenEasing":null,"duration":0}],"name":"001_jiesuo_jineng1"},{"frame":[{"tweenEasing":0,"duration":65,"displayIndex":-1},{"tweenEasing":0,"duration":5,"displayIndex":-1},{"tweenEasing":0,"duration":5,"displayIndex":-1},{"tweenEasing":0,"duration":5,"displayIndex":-1},{"tweenEasing":0,"duration":20,"displayIndex":-1},{"tweenEasing":null,"duration":0,"displayIndex":-1}],"name":"001_jiesuo_jineng_fuji"},{"frame":[{"tweenEasing":0,"duration":39},{"tweenEasing":0,"duration":1,"displayIndex":-1},{"tweenEasing":0,"duration":5},{"tweenEasing":0,"duration":15},{"tweenEasing":0,"duration":5},{"tweenEasing":0,"duration":10},{"tweenEasing":0,"duration":25},{"tweenEasing":null,"duration":0}],"name":"001_jiesuo_tubiao2"},{"frame":[{"tweenEasing":0,"duration":39},{"tweenEasing":0,"duration":1},{"tweenEasing":0,"duration":35,"displayIndex":-1},{"tweenEasing":0,"duration":25,"displayIndex":-1},{"tweenEasing":null,"duration":0,"displayIndex":-1}],"name":"001_jiesuo_suo1"},{"frame":[{"tweenEasing":0,"duration":3},{"tweenEasing":0,"duration":3},{"tweenEasing":0,"duration":3},{"tweenEasing":0,"duration":3},{"tweenEasing":0,"duration":3},{"tweenEasing":0,"duration":3},{"tweenEasing":0,"duration":3},{"tweenEasing":0,"duration":3},{"tweenEasing":0,"duration":3},{"tweenEasing":0,"duration":3},{"tweenEasing":0,"duration":3},{"tweenEasing":0,"duration":3},{"tweenEasing":0,"duration":3},{"tweenEasing":0,"duration":1},{"tweenEasing":0,"duration":35,"displayIndex":-1},{"tweenEasing":0,"duration":25,"displayIndex":-1},{"tweenEasing":null,"duration":0,"displayIndex":-1}],"name":"001_jiesuo_tubiao1"},{"frame":[{"tweenEasing":0,"duration":40,"displayIndex":-1},{"tweenEasing":0,"duration":5,"displayIndex":-1},{"tweenEasing":0,"duration":55,"displayIndex":-1},{"tweenEasing":null,"duration":0,"displayIndex":-1}],"name":"001_jiesuo_tubiao_fuji"},{"frame":[{"tweenEasing":0,"duration":100,"displayIndex":-1},{"tweenEasing":null,"duration":0,"displayIndex":-1}],"name":"001_jiesuo_fuji"},{"frame":[{"tweenEasing":null,"duration":100,"displayIndex":-1}],"name":"000_tupo_fuji"},{"frame":[{"tweenEasing":null,"duration":100,"displayIndex":-1}],"name":"000_tipo_diban_fuji"},{"frame":[{"tweenEasing":null,"duration":100,"displayIndex":-1}],"name":"000_tupo_diban1"},{"frame":[{"tweenEasing":null,"duration":100,"displayIndex":-1}],"name":"000_tupo_diban2"},{"frame":[{"tweenEasing":null,"duration":100,"displayIndex":-1}],"name":"000_tupo_diban3"},{"frame":[{"tweenEasing":null,"duration":100,"displayIndex":-1}],"name":"000_tupo_dikuang1"},{"frame":[{"tweenEasing":null,"duration":100,"displayIndex":-1}],"name":"000_touxiang1"},{"frame":[{"tweenEasing":null,"duration":100,"displayIndex":-1}],"name":"000_tupo_dikuangguang1"},{"frame":[{"tweenEasing":null,"duration":100,"displayIndex":-1}],"name":"000_tupo_dikuang2"},{"frame":[{"tweenEasing":null,"duration":100,"displayIndex":-1}],"name":"000_touxiang2"},{"frame":[{"tweenEasing":null,"duration":100,"displayIndex":-1}],"name":"000_tupo_dikuangguang2"},{"frame":[{"tweenEasing":null,"duration":100,"displayIndex":-1}],"name":"000_tupo_jiantou"},{"frame":[{"tweenEasing":null,"duration":100,"displayIndex":-1}],"name":"000_tupo_jiantou1"},{"frame":[{"tweenEasing":null,"duration":100,"displayIndex":-1}],"name":"000_tupo_jiantou2"},{"frame":[{"tweenEasing":null,"duration":100,"displayIndex":-1}],"name":"000_tupo_jiantou3"},{"frame":[{"tweenEasing":null,"duration":100,"displayIndex":-1}],"name":"000_tupo_jiantou4"},{"frame":[{"tweenEasing":null,"duration":100,"displayIndex":-1}],"name":"000_diban_guang"},{"frame":[{"tweenEasing":null,"duration":100,"displayIndex":-1}],"name":"000_saoguang1"},{"frame":[{"tweenEasing":null,"duration":100,"displayIndex":-1}],"name":"000_saoguang2"},{"frame":[{"tweenEasing":null,"duration":100,"displayIndex":-1}],"name":"000_saoguang3"},{"frame":[{"tweenEasing":null,"duration":100,"displayIndex":-1}],"name":"000_wenzi_diban"},{"frame":[{"tweenEasing":null,"duration":100,"displayIndex":-1}],"name":"000_wenzi_qian"},{"frame":[{"tweenEasing":null,"duration":100,"displayIndex":-1}],"name":"000_wenzi_hou"},{"frame":[{"tweenEasing":null,"duration":100,"displayIndex":-1}],"name":"000_saoguang4"},{"frame":[{"tweenEasing":null,"duration":100,"displayIndex":-1}],"name":"002_faguang"},{"frame":[{"tweenEasing":null,"duration":100,"displayIndex":-1}],"name":"002_faguang2"}],"ffd":[],"ik":[],"name":"004_jineng_jiesuo"},{"duration":90,"frame":[],"bone":[{"frame":[{"duration":10,"transform":{},"tweenEasing":0},{"duration":35,"transform":{"scX":1.0444,"scY":1.0444},"tweenEasing":0},{"duration":1,"transform":{"scX":1.2,"scY":1.2},"tweenEasing":0},{"duration":44,"transform":{"scX":1.2,"scY":1.2}}],"name":"002_faguang2"},{"frame":[{"duration":45,"transform":{},"tweenEasing":0},{"duration":45,"transform":{},"tweenEasing":0},{"duration":0,"transform":{}}],"name":"002_faguang"},{"frame":[{"duration":90,"transform":{}}],"name":"root"},{"frame":[{"duration":90,"transform":{}}],"name":"000_tupo_fuji"},{"frame":[{"duration":90,"transform":{}}],"name":"000_saoguang3"},{"frame":[{"duration":90,"transform":{}}],"name":"001_jiesuo_fuji"},{"frame":[{"duration":90,"transform":{}}],"name":"000_saoguang4"},{"frame":[{"duration":90,"transform":{}}],"name":"000_saoguang1"},{"frame":[{"duration":90,"transform":{}}],"name":"000_saoguang2"},{"frame":[{"duration":90,"transform":{}}],"name":"000_tipo_diban_fuji"},{"frame":[{"duration":90,"transform":{}}],"name":"001_jiesuo_jineng_fuji"},{"frame":[{"duration":90,"transform":{}}],"name":"001_jiesuo_tubiao_fuji"},{"frame":[{"duration":90,"transform":{}}],"name":"001_jiesuo_tubiao1"},{"frame":[{"duration":90,"transform":{}}],"name":"001_jiesuo_wenzi"},{"frame":[{"duration":90,"transform":{}}],"name":"001_jiesuo_jineng3"},{"frame":[{"duration":90,"transform":{}}],"name":"001_jiesuo_tubiao2"},{"frame":[{"duration":90,"transform":{}}],"name":"000_tupo_jiantou"},{"frame":[{"duration":90,"transform":{}}],"name":"000_tupo_diban1"},{"frame":[{"duration":90,"transform":{}}],"name":"001_jiesuo_jineng2"},{"frame":[{"duration":90,"transform":{}}],"name":"001_jiesuo_jineng1"},{"frame":[{"duration":90,"transform":{}}],"name":"000_tupo_jiantou1"},{"frame":[{"duration":90,"transform":{}}],"name":"000_tupo_jiantou4"},{"frame":[{"duration":90,"transform":{}}],"name":"000_diban_guang"},{"frame":[{"duration":90,"transform":{}}],"name":"000_tupo_jiantou2"},{"frame":[{"duration":90,"transform":{}}],"name":"000_tupo_diban2"},{"frame":[{"duration":90,"transform":{}}],"name":"000_tupo_diban3"},{"frame":[{"duration":90,"transform":{}}],"name":"000_tupo_dikuang2"},{"frame":[{"duration":90,"transform":{}}],"name":"000_tupo_dikuang1"},{"frame":[{"duration":90,"transform":{}}],"name":"001_jiesuo_suo1"},{"frame":[{"duration":90,"transform":{}}],"name":"000_tupo_jiantou3"},{"frame":[{"duration":90,"transform":{}}],"name":"000_wenzi_diban"},{"frame":[{"duration":90,"transform":{}}],"name":"001_guangxiao_fuji"},{"frame":[{"duration":90,"transform":{}}],"name":"001_luoxuan1"},{"frame":[{"duration":90,"transform":{}}],"name":"000_tupo_dikuangguang2"},{"frame":[{"duration":90,"transform":{}}],"name":"001_xuli2"},{"frame":[{"duration":90,"transform":{}}],"name":"001_xuli1"},{"frame":[{"duration":90,"transform":{}}],"name":"000_wenzi_hou"},{"frame":[{"duration":90,"transform":{}}],"name":"000_wenzi_qian"},{"frame":[{"duration":90,"transform":{}}],"name":"001_baozha1"},{"frame":[{"duration":90,"transform":{}}],"name":"000_touxiang2"},{"frame":[{"duration":90,"transform":{}}],"name":"000_tupo_dikuangguang1"},{"frame":[{"duration":90,"transform":{}}],"name":"000_touxiang1"}],"slot":[{"frame":[{"tweenEasing":0,"duration":10,"color":{"aM":0}},{"tweenEasing":0,"duration":35},{"tweenEasing":0,"duration":1,"color":{"aM":0}},{"tweenEasing":null,"duration":44,"displayIndex":-1,"color":{"aM":0}}],"name":"002_faguang2"},{"frame":[{"tweenEasing":0,"duration":45},{"tweenEasing":0,"duration":45,"color":{"aM":56}},{"tweenEasing":null,"duration":0}],"name":"002_faguang"},{"frame":[{"tweenEasing":null,"duration":90,"displayIndex":-1}],"name":"000_tupo_fuji"},{"frame":[{"tweenEasing":null,"duration":90,"displayIndex":-1}],"name":"000_tipo_diban_fuji"},{"frame":[{"tweenEasing":null,"duration":90,"displayIndex":-1}],"name":"000_tupo_diban1"},{"frame":[{"tweenEasing":null,"duration":90,"displayIndex":-1}],"name":"000_tupo_diban2"},{"frame":[{"tweenEasing":null,"duration":90,"displayIndex":-1}],"name":"000_tupo_diban3"},{"frame":[{"tweenEasing":null,"duration":90,"displayIndex":-1}],"name":"000_tupo_dikuang1"},{"frame":[{"tweenEasing":null,"duration":90,"displayIndex":-1}],"name":"000_touxiang1"},{"frame":[{"tweenEasing":null,"duration":90,"displayIndex":-1}],"name":"000_tupo_dikuangguang1"},{"frame":[{"tweenEasing":null,"duration":90,"displayIndex":-1}],"name":"000_tupo_dikuang2"},{"frame":[{"tweenEasing":null,"duration":90,"displayIndex":-1}],"name":"000_touxiang2"},{"frame":[{"tweenEasing":null,"duration":90,"displayIndex":-1}],"name":"000_tupo_dikuangguang2"},{"frame":[{"tweenEasing":null,"duration":90,"displayIndex":-1}],"name":"000_tupo_jiantou"},{"frame":[{"tweenEasing":null,"duration":90,"displayIndex":-1}],"name":"000_tupo_jiantou1"},{"frame":[{"tweenEasing":null,"duration":90,"displayIndex":-1}],"name":"000_tupo_jiantou2"},{"frame":[{"tweenEasing":null,"duration":90,"displayIndex":-1}],"name":"000_tupo_jiantou3"},{"frame":[{"tweenEasing":null,"duration":90,"displayIndex":-1}],"name":"000_tupo_jiantou4"},{"frame":[{"tweenEasing":null,"duration":90,"displayIndex":-1}],"name":"000_diban_guang"},{"frame":[{"tweenEasing":null,"duration":90,"displayIndex":-1}],"name":"000_saoguang1"},{"frame":[{"tweenEasing":null,"duration":90,"displayIndex":-1}],"name":"000_saoguang2"},{"frame":[{"tweenEasing":null,"duration":90,"displayIndex":-1}],"name":"000_saoguang3"},{"frame":[{"tweenEasing":null,"duration":90,"displayIndex":-1}],"name":"000_wenzi_diban"},{"frame":[{"tweenEasing":null,"duration":90,"displayIndex":-1}],"name":"000_wenzi_qian"},{"frame":[{"tweenEasing":null,"duration":90,"displayIndex":-1}],"name":"000_wenzi_hou"},{"frame":[{"tweenEasing":null,"duration":90,"displayIndex":-1}],"name":"000_saoguang4"},{"frame":[{"tweenEasing":null,"duration":90,"displayIndex":-1}],"name":"001_jiesuo_fuji"},{"frame":[{"tweenEasing":null,"duration":90,"displayIndex":-1}],"name":"001_jiesuo_tubiao_fuji"},{"frame":[{"tweenEasing":null,"duration":90,"displayIndex":-1}],"name":"001_jiesuo_tubiao1"},{"frame":[{"tweenEasing":null,"duration":90,"displayIndex":-1}],"name":"001_jiesuo_suo1"},{"frame":[{"tweenEasing":null,"duration":90,"displayIndex":-1}],"name":"001_jiesuo_tubiao2"},{"frame":[{"tweenEasing":null,"duration":90,"displayIndex":-1}],"name":"001_jiesuo_jineng_fuji"},{"frame":[{"tweenEasing":null,"duration":90,"displayIndex":-1}],"name":"001_jiesuo_jineng1"},{"frame":[{"tweenEasing":null,"duration":90,"displayIndex":-1}],"name":"001_jiesuo_jineng2"},{"frame":[{"tweenEasing":null,"duration":90,"displayIndex":-1}],"name":"001_jiesuo_jineng3"},{"frame":[{"tweenEasing":null,"duration":90,"displayIndex":-1}],"name":"001_guangxiao_fuji"},{"frame":[{"tweenEasing":null,"duration":90,"displayIndex":-1}],"name":"001_xuli1"},{"frame":[{"tweenEasing":null,"duration":90,"displayIndex":-1}],"name":"001_xuli2"},{"frame":[{"tweenEasing":null,"duration":90,"displayIndex":-1}],"name":"001_luoxuan1"},{"frame":[{"tweenEasing":null,"duration":90,"displayIndex":-1}],"name":"001_baozha1"},{"frame":[{"tweenEasing":null,"duration":90,"displayIndex":-1}],"name":"001_jiesuo_wenzi"}],"ffd":[],"ik":[],"playTimes":0,"name":"005_jineng_faguang"}],"name":"armatureName","frameRate":60,"skin":[{"name":"","slot":[{"display":[{"path":"jineng/saoguang","type":"image","name":"jineng/saoguang","transform":{}}],"name":"000_saoguang1"},{"display":[{"path":"jineng/tubiao1","type":"image","name":"jineng/tubiao1","transform":{}}],"name":"000_touxiang2"},{"display":[{"path":"jineng/wenzi1","type":"image","name":"jineng/wenzi1","transform":{}}],"name":"001_jiesuo_wenzi"},{"display":[{"path":"tupo/jiesuo","type":"image","name":"tupo/jiesuo","transform":{}}],"name":"001_jiesuo_jineng2"},{"display":[{"path":"tupo/jiesuo","type":"image","name":"tupo/jiesuo","transform":{}}],"name":"001_jiesuo_tubiao2"},{"display":[{"path":"jineng/wenzi1","type":"image","name":"jineng/wenzi1","transform":{}}],"name":"000_wenzi_qian"},{"display":[{"path":"jineng/jiantou1","type":"image","name":"jineng/jiantou1","transform":{}},{"path":"jineng/jiantou2","type":"image","name":"jineng/jiantou2","transform":{}}],"name":"000_tupo_jiantou3"},{"display":[{"path":"jineng/tubiao1","type":"image","name":"jineng/tubiao1","transform":{}}],"name":"000_touxiang1"},{"display":[{"path":"xuli2_eff/cheng_fangshe_03_eff_02","type":"image","name":"xuli2_eff/cheng_fangshe_03_eff_02","transform":{}},{"path":"xuli2_eff/cheng_fangshe_03_eff_03","type":"image","name":"xuli2_eff/cheng_fangshe_03_eff_03","transform":{}},{"path":"xuli2_eff/cheng_fangshe_03_eff_04","type":"image","name":"xuli2_eff/cheng_fangshe_03_eff_04","transform":{}}],"name":"001_xuli2"},{"display":[{"path":"jineng/saoguang","type":"image","name":"jineng/saoguang","transform":{}}],"name":"000_saoguang2"},{"display":[{"path":"jineng/dikuang4","type":"image","name":"jineng/dikuang4","transform":{}}],"name":"000_tupo_dikuangguang2"},{"display":[{"path":"tupo/gaguang","type":"image","name":"tupo/gaguang","transform":{}}],"name":"002_faguang"},{"display":[{"path":"jineng/diban2","type":"image","name":"jineng/diban2","transform":{}}],"name":"000_tupo_diban2"},{"display":[{"path":"jineng/diban3","type":"image","name":"jineng/diban3","transform":{}}],"name":"000_tupo_diban3"},{"display":[{"path":"jineng/wenzi2","type":"image","name":"jineng/wenzi2","transform":{}}],"name":"000_wenzi_hou"},{"display":[{"path":"jineng/jiantou1","type":"image","name":"jineng/jiantou1","transform":{}},{"path":"jineng/jiantou2","type":"image","name":"jineng/jiantou2","transform":{}}],"name":"000_tupo_jiantou4"},{"display":[{"path":"jineng/dikuang4","type":"image","name":"jineng/dikuang4","transform":{}}],"name":"000_tupo_dikuangguang1"},{"display":[{"path":"jineng/dikuang","type":"image","name":"jineng/dikuang","transform":{}}],"name":"000_tupo_dikuang2"},{"display":[{"path":"tupo/suoding","type":"image","name":"tupo/suoding","transform":{}}],"name":"001_jiesuo_tubiao1"},{"display":[{"path":"jineng/saoguang","type":"image","name":"jineng/saoguang","transform":{}}],"name":"000_saoguang3"},{"display":[{"path":"jineng/jiantou","type":"image","name":"jineng/jiantou","transform":{}}],"name":"000_tupo_jiantou"},{"display":[{"path":"jineng/jiantou1","type":"image","name":"jineng/jiantou1","transform":{}},{"path":"jineng/jiantou2","type":"image","name":"jineng/jiantou2","transform":{}}],"name":"000_tupo_jiantou1"},{"display":[{"path":"tupo/jiesuo","type":"image","name":"tupo/jiesuo","transform":{}}],"name":"001_jiesuo_jineng3"},{"display":[{"path":"jineng/dikuang","type":"image","name":"jineng/dikuang","transform":{}}],"name":"000_tupo_dikuang1"},{"display":[{"path":"tupo/jiesuo","type":"image","name":"tupo/jiesuo","transform":{}}],"name":"001_jiesuo_jineng1"},{"display":[{"path":"jineng/saoguang","type":"image","name":"jineng/saoguang","transform":{}}],"name":"000_saoguang4"},{"display":[{"path":"jineng/diban4","type":"image","name":"jineng/diban4","transform":{}}],"name":"000_diban_guang"},{"display":[{"path":"luoxuan_eff/juji_00003","type":"image","name":"luoxuan_eff/juji_00003","transform":{"y":-3.9617,"x":1.2255}}],"name":"001_luoxuan1"},{"display":[{"path":"baozha_eff/bao_00029","type":"image","name":"baozha_eff/bao_00029","transform":{}},{"path":"baozha_eff/bao_00030","type":"image","name":"baozha_eff/bao_00030","transform":{}},{"path":"baozha_eff/bao_00031","type":"image","name":"baozha_eff/bao_00031","transform":{}},{"path":"baozha_eff/bao_00032","type":"image","name":"baozha_eff/bao_00032","transform":{}},{"path":"baozha_eff/bao_00033","type":"image","name":"baozha_eff/bao_00033","transform":{}},{"path":"baozha_eff/bao_00034","type":"image","name":"baozha_eff/bao_00034","transform":{}},{"path":"baozha_eff/bao_00035","type":"image","name":"baozha_eff/bao_00035","transform":{}}],"name":"001_baozha1"},{"display":[{"path":"jineng/diban","type":"image","name":"jineng/diban","transform":{}}],"name":"000_tupo_diban1"},{"display":[{"path":"tupo/suo","type":"image","name":"tupo/suo","transform":{}}],"name":"001_jiesuo_suo1"},{"display":[{"path":"jineng/wenzi_diban","type":"image","name":"jineng/wenzi_diban","transform":{}},{"path":"jineng/lianxian","type":"image","name":"jineng/lianxian","transform":{}}],"name":"000_wenzi_diban"},{"display":[{"path":"tupo/gaguang","type":"image","name":"tupo/gaguang","transform":{}}],"name":"002_faguang2"},{"display":[{"path":"jineng/jiantou1","type":"image","name":"jineng/jiantou1","transform":{}},{"path":"jineng/jiantou2","type":"image","name":"jineng/jiantou2","transform":{}}],"name":"000_tupo_jiantou2"},{"display":[{"path":"xuli_eff/xiaoxuqi_001_eff","type":"image","name":"xuli_eff/xiaoxuqi_001_eff","transform":{}},{"path":"xuli_eff/xiaoxuqi_002_eff","type":"image","name":"xuli_eff/xiaoxuqi_002_eff","transform":{}},{"path":"xuli_eff/xiaoxuqi_003_eff","type":"image","name":"xuli_eff/xiaoxuqi_003_eff","transform":{}},{"path":"xuli_eff/xiaoxuqi_004_eff","type":"image","name":"xuli_eff/xiaoxuqi_004_eff","transform":{}},{"path":"xuli_eff/xiaoxuqi_005_eff","type":"image","name":"xuli_eff/xiaoxuqi_005_eff","transform":{}}],"name":"001_xuli1"}]}]}],"name":"tupo_eff","version":"4.0"}