{"frameRate":30,"isGlobal":0,"armature":[{"bone":[{"name":"root","transform":{}},{"transform":{},"name":"Fuji","parent":"root"},{"transform":{"y":7.13,"x":-25.06},"name":"foot_r","parent":"root"},{"transform":{"y":-25.92,"x":-18.46},"name":"leg_l","parent":"root"},{"transform":{},"name":"buff_flo","parent":"root"},{"transform":{"y":-14.03,"x":-51.85},"name":"leg_r","parent":"root"},{"transform":{"y":-186.9},"name":"buff_up","parent":"root"},{"transform":{"y":-1.96,"x":8.09},"name":"foot_l","parent":"root"},{"transform":{"y":-89.85},"name":"buff_mid","parent":"root"},{"transform":{"y":-30,"x":-45},"name":"bip","parent":"Fuji"},{"length":36,"transform":{"y":-0.76,"skX":-45.23,"skY":-45.23,"x":0.94},"parent":"bip","name":"Body"},{"length":43,"transform":{"y":-20.2,"skX":41.54,"skY":41.54,"x":21.63},"parent":"bip","name":"Thigh_L"},{"length":39,"transform":{"y":-9.05,"skX":41.64,"skY":41.64,"x":-13.41},"parent":"bip","name":"Thigh_R"},{"length":38,"transform":{"y":0.14,"skX":8.8,"skY":8.8,"x":36.08},"parent":"Body","name":"spine"},{"length":21,"transform":{"y":0.58,"skX":141.05,"skY":141.05,"x":38.58},"parent":"Thigh_R","name":"Leg1_R"},{"length":25,"transform":{"y":0.51,"skX":145.22,"skY":145.22,"x":40.43},"parent":"Thigh_L","name":"Leg1_L"},{"length":15,"transform":{"y":-0.79,"skX":-139.81,"skY":-139.81,"x":25.73},"parent":"Leg1_L","name":"Leg2_L"},{"length":31,"transform":{"y":10.68,"skX":137.9,"skY":137.9,"x":8.84},"parent":"spine","name":"UpArm_R"},{"transform":{"y":74.52,"x":30.74},"name":"Belly","parent":"spine"},{"length":20,"transform":{"y":36.55,"skX":95,"skY":95,"x":49.05},"parent":"spine","name":"UpArm_L"},{"length":12,"transform":{"y":-0.47,"skX":-132.56,"skY":-132.56,"x":23.7},"parent":"Leg1_R","name":"Leg2_R"},{"length":70,"transform":{"skX":29.57,"skY":29.57,"x":38.56},"parent":"spine","name":"head"},{"length":19,"transform":{"y":-0.29,"skX":-10.64,"skY":-10.64,"x":15.96},"parent":"Leg2_L","name":"Foot_L"},{"length":20,"transform":{"skX":-38.23,"skY":-38.23,"x":31.05},"parent":"UpArm_R","name":"Arm_R"},{"length":23,"transform":{"y":0.1,"skX":-22.27,"skY":-22.27,"x":12.68},"parent":"Leg2_R","name":"Foot_R"},{"length":22,"transform":{"y":0.74,"skX":15.4,"skY":15.4,"x":21.19},"parent":"UpArm_L","name":"Arm_L"},{"length":21,"transform":{"y":0.31,"skX":-44.67,"skY":-44.67,"x":20.72},"parent":"Arm_R","name":"Hand_R"},{"length":17,"transform":{"y":0.66,"skX":-0.72,"skY":-0.72,"x":22.05},"parent":"Arm_L","name":"Hand_L"}],"type":"Armature","frameRate":30,"animation":[{"bone":[{"frame":[{"transform":{},"duration":20},{"transform":{},"duration":20},{"transform":{},"duration":20},{"transform":{},"duration":20},{"transform":{},"duration":0}],"name":"Body"},{"frame":[{"curve":[0.25,0,0.75,1],"transform":{},"duration":20},{"curve":[0.25,0,0.75,1],"transform":{"scY":0.94,"y":-13.44,"scX":1.058,"x":-4.11},"duration":20},{"curve":[0.25,0,0.75,1],"transform":{},"duration":20},{"curve":[0.25,0,0.75,1],"transform":{"scY":0.94,"y":-13.44,"scX":1.058,"x":-4.11},"duration":20},{"transform":{},"duration":0}],"name":"Belly"},{"frame":[{"curve":[0.25,0,0.75,1],"transform":{},"duration":20},{"curve":[0.25,0,0.75,1],"transform":{"scY":1.005,"skX":-13.07,"skY":-13.07,"scX":0.96},"duration":20},{"curve":[0.25,0,0.75,1],"transform":{},"duration":20},{"curve":[0.25,0,0.75,1],"transform":{"scY":1.005,"skX":-13.07,"skY":-13.07,"scX":0.96},"duration":20},{"transform":{},"duration":0}],"name":"UpArm_L"},{"frame":[{"curve":[0.25,0,0.75,1],"transform":{},"duration":20},{"curve":[0.25,0,0.75,1],"transform":{"skX":19.36,"skY":19.36},"duration":20},{"curve":[0.25,0,0.75,1],"transform":{},"duration":20},{"curve":[0.25,0,0.75,1],"transform":{"skX":19.36,"skY":19.36},"duration":20},{"transform":{},"duration":0}],"name":"Arm_L"},{"frame":[{"curve":[0.25,0,0.75,1],"transform":{},"duration":20},{"curve":[0.25,0,0.75,1],"transform":{"scY":1.015,"skX":-7.87,"skY":-7.87,"scX":0.988},"duration":20},{"curve":[0.25,0,0.75,1],"transform":{},"duration":20},{"curve":[0.25,0,0.75,1],"transform":{"scY":1.015,"skX":-7.87,"skY":-7.87,"scX":0.988},"duration":20},{"transform":{},"duration":0}],"name":"Hand_L"},{"frame":[{"curve":[0.25,0,0.75,1],"transform":{},"duration":20},{"curve":[0.25,0,0.75,1],"transform":{"scY":1.026,"skX":-0.85,"skY":-0.85,"scX":0.974},"duration":20},{"curve":[0.25,0,0.75,1],"transform":{},"duration":20},{"curve":[0.25,0,0.75,1],"transform":{"scY":1.026,"skX":-0.85,"skY":-0.85,"scX":0.974},"duration":20},{"transform":{},"duration":0}],"name":"UpArm_R"},{"frame":[{"curve":[0.25,0,0.75,1],"transform":{},"duration":20},{"curve":[0.25,0,0.75,1],"transform":{"skX":-3.15,"skY":-3.15},"duration":20},{"curve":[0.25,0,0.75,1],"transform":{},"duration":20},{"curve":[0.25,0,0.75,1],"transform":{"skX":-3.15,"skY":-3.15},"duration":20},{"transform":{},"duration":0}],"name":"Arm_R"},{"frame":[{"curve":[0.25,0,0.75,1],"transform":{},"duration":20},{"curve":[0.25,0,0.75,1],"transform":{"scY":1.006,"skX":1.6,"skY":1.6,"scX":0.982},"duration":20},{"curve":[0.25,0,0.75,1],"transform":{},"duration":20},{"curve":[0.25,0,0.75,1],"transform":{"scY":1.006,"skX":1.6,"skY":1.6,"scX":0.982},"duration":20},{"transform":{},"duration":0}],"name":"Hand_R"},{"frame":[{"curve":[0.359,0.64,0.695,1],"transform":{"skX":0.09,"skY":0.09},"duration":2},{"curve":[0.25,0,0.75,1],"transform":{},"duration":20},{"curve":[0.245,0,0.71,0.83],"transform":{"skX":2.29,"skY":2.29},"duration":18},{"curve":[0.359,0.64,0.695,1],"transform":{"skX":0.09,"skY":0.09},"duration":2},{"curve":[0.25,0,0.75,1],"transform":{},"duration":20},{"curve":[0.245,0,0.71,0.83],"transform":{"skX":2.29,"skY":2.29},"duration":18},{"transform":{"skX":0.09,"skY":0.09},"duration":0}],"name":"head"},{"frame":[{"curve":[0.25,0,0.75,1],"transform":{},"duration":20},{"curve":[0.25,0,0.75,1],"transform":{"skX":-0.77,"skY":-0.77},"duration":20},{"curve":[0.25,0,0.75,1],"transform":{},"duration":20},{"curve":[0.25,0,0.75,1],"transform":{"skX":-0.77,"skY":-0.77},"duration":20},{"transform":{},"duration":0}],"name":"Thigh_L"},{"frame":[{"curve":[0.25,0,0.75,1],"transform":{},"duration":20},{"curve":[0.25,0,0.75,1],"transform":{"skX":3.72,"skY":3.72},"duration":20},{"curve":[0.25,0,0.75,1],"transform":{},"duration":20},{"curve":[0.25,0,0.75,1],"transform":{"skX":3.72,"skY":3.72},"duration":20},{"transform":{},"duration":0}],"name":"Leg1_L"},{"frame":[{"curve":[0.25,0,0.75,1],"transform":{},"duration":20},{"curve":[0.25,0,0.75,1],"transform":{"skX":-0.65,"skY":-0.65},"duration":20},{"curve":[0.25,0,0.75,1],"transform":{},"duration":20},{"curve":[0.25,0,0.75,1],"transform":{"skX":-0.65,"skY":-0.65},"duration":20},{"transform":{},"duration":0}],"name":"Leg2_L"},{"frame":[{"curve":[0.25,0,0.75,1],"transform":{},"duration":20},{"curve":[0.25,0,0.75,1],"transform":{"skX":-3.32,"skY":-3.32},"duration":20},{"curve":[0.25,0,0.75,1],"transform":{},"duration":20},{"curve":[0.25,0,0.75,1],"transform":{"skX":-3.32,"skY":-3.32},"duration":20},{"transform":{},"duration":0}],"name":"Foot_L"},{"frame":[{"curve":[0.25,0,0.75,1],"transform":{},"duration":20},{"curve":[0.25,0,0.75,1],"transform":{"skX":-1.07,"skY":-1.07},"duration":20},{"curve":[0.25,0,0.75,1],"transform":{},"duration":20},{"curve":[0.25,0,0.75,1],"transform":{"skX":-1.07,"skY":-1.07},"duration":20},{"transform":{},"duration":0}],"name":"Thigh_R"},{"frame":[{"curve":[0.25,0,0.75,1],"transform":{},"duration":20},{"curve":[0.25,0,0.75,1],"transform":{"skX":5.76,"skY":5.76},"duration":20},{"curve":[0.25,0,0.75,1],"transform":{},"duration":20},{"curve":[0.25,0,0.75,1],"transform":{"skX":5.76,"skY":5.76},"duration":20},{"transform":{},"duration":0}],"name":"Leg1_R"},{"frame":[{"curve":[0.25,0,0.75,1],"transform":{},"duration":20},{"curve":[0.25,0,0.75,1],"transform":{"skX":-0.85,"skY":-0.85},"duration":20},{"curve":[0.25,0,0.75,1],"transform":{},"duration":20},{"curve":[0.25,0,0.75,1],"transform":{"skX":-0.85,"skY":-0.85},"duration":20},{"transform":{},"duration":0}],"name":"Leg2_R"},{"frame":[{"curve":[0.25,0,0.75,1],"transform":{},"duration":20},{"curve":[0.25,0,0.75,1],"transform":{"skX":-4.13,"skY":-4.13},"duration":20},{"curve":[0.25,0,0.75,1],"transform":{},"duration":20},{"curve":[0.25,0,0.75,1],"transform":{"skX":-4.13,"skY":-4.13},"duration":20},{"transform":{},"duration":0}],"name":"Foot_R"},{"frame":[{"curve":[0.25,0,0.75,1],"transform":{},"duration":20},{"curve":[0.25,0,0.75,1],"transform":{"y":1.66,"skX":0.31,"skY":0.31},"duration":20},{"curve":[0.25,0,0.75,1],"transform":{},"duration":20},{"curve":[0.25,0,0.75,1],"transform":{"y":1.66,"skX":0.31,"skY":0.31},"duration":20},{"transform":{},"duration":0}],"name":"bip"},{"frame":[{"curve":[0.25,0,0.75,1],"transform":{},"duration":20},{"curve":[0.25,0,0.75,1],"transform":{"skX":1.85,"skY":1.85},"duration":20},{"curve":[0.25,0,0.75,1],"transform":{},"duration":20},{"curve":[0.25,0,0.75,1],"transform":{"skX":1.85,"skY":1.85},"duration":20},{"transform":{},"duration":0}],"name":"spine"},{"frame":[{"transform":{},"duration":40},{"transform":{},"duration":40},{"transform":{},"duration":0}],"name":"leg_l"},{"frame":[{"transform":{},"duration":40},{"transform":{},"duration":40},{"transform":{},"duration":0}],"name":"foot_l"},{"frame":[{"transform":{},"duration":40},{"transform":{},"duration":40},{"transform":{},"duration":0}],"name":"leg_r"},{"frame":[{"transform":{},"duration":40},{"transform":{},"duration":40},{"transform":{},"duration":0}],"name":"foot_r"},{"frame":[{"transform":{},"duration":80}],"name":"root"},{"frame":[{"transform":{},"duration":80}],"name":"Fuji"},{"frame":[{"transform":{},"duration":80}],"name":"buff_flo"},{"frame":[{"transform":{},"duration":80}],"name":"buff_up"},{"frame":[{"transform":{},"duration":80}],"name":"buff_mid"}],"slot":[{"frame":[{"tweenEasing":0,"duration":40},{"tweenEasing":0,"duration":40},{"tweenEasing":null,"duration":0}],"name":"Arm_L"},{"frame":[{"tweenEasing":0,"duration":40},{"tweenEasing":0,"duration":40},{"tweenEasing":null,"duration":0}],"name":"Arm_R"},{"frame":[{"tweenEasing":0,"duration":40},{"tweenEasing":0,"duration":40},{"tweenEasing":null,"duration":0}],"name":"Belly"},{"frame":[{"tweenEasing":0,"duration":40},{"tweenEasing":0,"duration":40},{"tweenEasing":null,"duration":0}],"name":"Body"},{"frame":[{"displayIndex":-1,"tweenEasing":0,"duration":40},{"displayIndex":-1,"tweenEasing":0,"duration":7},{"tweenEasing":0,"duration":3},{"displayIndex":-1,"tweenEasing":0,"duration":30},{"displayIndex":-1,"tweenEasing":null,"duration":0}],"name":"Eye"},{"frame":[{"tweenEasing":0,"duration":40},{"tweenEasing":0,"duration":40},{"tweenEasing":null,"duration":0}],"name":"Foot_L"},{"frame":[{"tweenEasing":0,"duration":40},{"tweenEasing":0,"duration":40},{"tweenEasing":null,"duration":0}],"name":"Foot_R"},{"frame":[{"tweenEasing":0,"duration":40},{"tweenEasing":0,"duration":40},{"tweenEasing":null,"duration":0}],"name":"Hand_L"},{"frame":[{"tweenEasing":0,"duration":40},{"tweenEasing":0,"duration":40},{"tweenEasing":null,"duration":0}],"name":"Hand_R"},{"frame":[{"tweenEasing":0,"duration":40},{"tweenEasing":0,"duration":40},{"tweenEasing":null,"duration":0}],"name":"Leg1_L"},{"frame":[{"tweenEasing":0,"duration":40},{"tweenEasing":0,"duration":40},{"tweenEasing":null,"duration":0}],"name":"Leg1_R"},{"frame":[{"tweenEasing":0,"duration":40},{"tweenEasing":0,"duration":40},{"tweenEasing":null,"duration":0}],"name":"Leg2_L"},{"frame":[{"tweenEasing":0,"duration":40},{"tweenEasing":0,"duration":40},{"tweenEasing":null,"duration":0}],"name":"Leg2_R"},{"frame":[{"tweenEasing":0,"duration":40},{"tweenEasing":0,"duration":40},{"tweenEasing":null,"duration":0}],"name":"Thigh_L"},{"frame":[{"tweenEasing":0,"duration":40},{"tweenEasing":0,"duration":40},{"tweenEasing":null,"duration":0}],"name":"Thigh_R"},{"frame":[{"tweenEasing":0,"duration":40},{"tweenEasing":0,"duration":40},{"tweenEasing":null,"duration":0}],"name":"UpArm_L"},{"frame":[{"tweenEasing":0,"duration":40},{"tweenEasing":0,"duration":40},{"tweenEasing":null,"duration":0}],"name":"UpArm_R"}],"ffd":[{"frame":[{"offset":0,"tweenEasing":0,"vertices":[],"duration":20},{"offset":6,"tweenEasing":0,"vertices":[0.13,1.47,0,0,1.4,2.8,-2.37,-5.53,0,0,0,0,0,0,0,0,-2.19,-3.69,-2.78,-5.05,0,0,-1.57,-2.04,-3.32,-2.21],"duration":20},{"offset":0,"tweenEasing":0,"vertices":[],"duration":20},{"offset":6,"tweenEasing":0,"vertices":[0.13,1.47,0,0,1.4,2.8,-2.37,-5.53,0,0,0,0,0,0,0,0,-2.19,-3.69,-2.78,-5.05,0,0,-1.57,-2.04,-3.32,-2.21],"duration":20},{"offset":0,"tweenEasing":null,"vertices":[],"duration":0}],"slot":"Belly","scale":1,"offset":0,"skin":"","name":"Belly"},{"frame":[{"offset":0,"tweenEasing":null,"vertices":[],"duration":80},{"offset":0,"tweenEasing":null,"vertices":[],"duration":0}],"slot":"Body","scale":1,"offset":0,"skin":"","name":"Body"}],"frame":[],"name":"0000_daiji","duration":80,"ik":[]},{"bone":[{"frame":[{"curve":[0.25,0,0.75,1],"transform":{"skX":-17.33,"skY":-17.33},"duration":3},{"curve":[0.25,0,0.75,1],"transform":{"skX":-15.36,"skY":-15.36},"duration":3},{"curve":[0.25,0,0.75,1],"transform":{"skX":22.13,"skY":22.13},"duration":9},{"transform":{"skX":-17.33,"skY":-17.33},"duration":0}],"name":"Foot_R"},{"frame":[{"curve":[0.25,0,0.75,1],"transform":{"skX":3.54,"skY":3.54},"duration":3},{"curve":[0.25,0,0.75,1],"transform":{"skX":81.69,"skY":81.69},"duration":3},{"curve":[0.25,0,0.75,1],"transform":{"skX":100.11,"skY":100.11},"duration":9},{"transform":{"skX":3.54,"skY":3.54},"duration":0}],"name":"Leg2_L"},{"frame":[{"curve":[0.25,0,0.75,1],"transform":{"skX":22.01,"skY":22.01},"duration":3},{"curve":[0.25,0,0.75,1],"transform":{"skX":-34.72,"skY":-34.72},"duration":3},{"curve":[0.25,0,0.75,1],"transform":{"skX":-68.82,"skY":-68.82},"duration":9},{"transform":{"skX":22.01,"skY":22.01},"duration":0}],"name":"Leg1_R"},{"frame":[{"curve":[0.25,0,0.75,1],"transform":{"skX":-26.7,"skY":-26.7},"duration":3},{"curve":[0.25,0,0.75,1],"transform":{"skX":2.12,"skY":2.12},"duration":3},{"curve":[0.25,0,0.75,1],"transform":{"skX":13.31,"skY":13.31},"duration":3},{"curve":[0.25,0,0.75,1],"transform":{"skX":-24.37,"skY":-24.37},"duration":3},{"curve":[0.25,0,0.75,1],"transform":{"skX":-16.18,"skY":-16.18},"duration":3},{"transform":{"skX":-26.7,"skY":-26.7},"duration":0}],"name":"Hand_L"},{"frame":[{"curve":[0.25,0,0.75,1],"transform":{"skX":-15.04,"skY":-15.04},"duration":3},{"curve":[0.25,0,0.75,1],"transform":{"skX":-0.82,"skY":-0.82},"duration":3},{"curve":[0.25,0,0.75,1],"transform":{"skX":69.2,"skY":69.2},"duration":9},{"transform":{"skX":-15.04,"skY":-15.04},"duration":0}],"name":"Thigh_R"},{"frame":[{"curve":[0.25,0,0.75,1],"transform":{"skX":-11.92,"skY":-11.92},"duration":3},{"curve":[0.25,0,0.75,1],"transform":{"skX":13.03,"skY":13.03},"duration":3},{"curve":[0.25,0,0.75,1],"transform":{"skX":82.48,"skY":82.48},"duration":9},{"transform":{"skX":-11.92,"skY":-11.92},"duration":0}],"name":"Thigh_L"},{"frame":[{"curve":[0.25,0,0.75,1],"transform":{"skX":-4.43,"skY":-4.43},"duration":3},{"curve":[0.25,0,0.75,1],"transform":{"skX":-14.52,"skY":-14.52},"duration":3},{"curve":[0.25,0,0.75,1],"transform":{"skX":16.12,"skY":16.12},"duration":9},{"transform":{"skX":-4.43,"skY":-4.43},"duration":0}],"name":"Foot_L"},{"frame":[{"curve":[0.25,0,0.75,1],"transform":{"skX":-1.72,"skY":-1.72},"duration":3},{"curve":[0.25,0,0.75,1],"transform":{"skX":6.9,"skY":6.9},"duration":3},{"curve":[0.25,0,0.75,1],"transform":{"skX":-9.56,"skY":-9.56},"duration":3},{"curve":[0.25,0,0.75,1],"transform":{"skX":-22.33,"skY":-22.33},"duration":3},{"curve":[0.25,0,0.75,1],"transform":{"skX":-27.67,"skY":-27.67},"duration":3},{"transform":{"skX":-1.72,"skY":-1.72},"duration":0}],"name":"head"},{"frame":[{"curve":[0.25,0,0.75,1],"transform":{"skX":8.44,"skY":8.44},"duration":3},{"curve":[0.25,0,0.75,1],"transform":{"skX":92.52,"skY":92.52},"duration":3},{"curve":[0.25,0,0.75,1],"transform":{"skX":90.95,"skY":90.95},"duration":9},{"transform":{"skX":8.44,"skY":8.44},"duration":0}],"name":"Leg2_R"},{"frame":[{"curve":[0.25,0,0.75,1],"transform":{"skX":2,"skY":2},"duration":3},{"curve":[0.25,0,0.75,1],"transform":{"skX":7.04,"skY":7.04},"duration":3},{"curve":[0.25,0,0.625,0.5],"transform":{"skX":-15.89,"skY":-15.89},"duration":3},{"curve":[0.375,0.5,0.75,1],"transform":{"skX":-9.18,"skY":-9.18},"duration":3},{"curve":[0.25,0,0.75,1],"transform":{"skX":0.45,"skY":0.45},"duration":3},{"transform":{"skX":2,"skY":2},"duration":0}],"name":"spine"},{"frame":[{"curve":[0.25,0,0.75,1],"transform":{"scY":1.101,"skX":10.18,"skY":10.18,"scX":1.067},"duration":3},{"curve":[0.25,0,0.75,1],"transform":{"scY":1.101,"skX":41.14,"skY":41.14,"scX":1.067},"duration":3},{"curve":[0.25,0,0.625,0.5],"transform":{"scY":1.101,"skX":56.97,"skY":56.97,"scX":1.067},"duration":3},{"curve":[0.375,0.5,0.75,1],"transform":{"scY":1.101,"skX":5.02,"skY":5.02,"scX":1.067},"duration":3},{"curve":[0.25,0,0.75,1],"transform":{"scY":1.101,"skX":-5.01,"skY":-5.01,"scX":1.067},"duration":3},{"transform":{"scY":1.101,"skX":10.18,"skY":10.18,"scX":1.067},"duration":0}],"name":"Hand_R"},{"frame":[{"curve":[0.25,0,0.75,1],"transform":{"skX":58.6,"skY":58.6},"duration":3},{"curve":[0.25,0,0.75,1],"transform":{"skX":-3.02,"skY":-3.02},"duration":3},{"curve":[0.25,0,0.75,1],"transform":{"skX":40.53,"skY":40.53},"duration":3},{"curve":[0.25,0,0.75,1],"transform":{"skX":7.91,"skY":7.91},"duration":3},{"curve":[0.25,0,0.75,1],"transform":{"skX":5.59,"skY":5.59},"duration":3},{"transform":{"skX":58.6,"skY":58.6},"duration":0}],"name":"Arm_L"},{"frame":[{"curve":[0.25,0,0.75,1],"transform":{"y":-8.25,"skX":-34.3,"skY":-34.3,"x":-5.13},"duration":3},{"curve":[0.25,0,0.75,1],"transform":{"scY":0.952,"y":-8.25,"skX":50.13,"skY":50.13,"scX":1.032,"x":-5.13},"duration":3},{"curve":[0.25,0,0.75,1],"transform":{"scY":1.003,"y":-8.25,"skX":-52.33,"skY":-52.33,"scX":0.996,"x":-5.13},"duration":3},{"curve":[0.25,0,0.75,1],"transform":{"scY":1.003,"y":-8.25,"skX":-92.23,"skY":-92.23,"scX":0.996,"x":-5.13},"duration":3},{"curve":[0.25,0,0.75,1],"transform":{"scY":0.97,"y":-8.25,"skX":-95.32,"skY":-95.32,"scX":1.06,"x":-5.13},"duration":3},{"transform":{"y":-8.25,"skX":-34.3,"skY":-34.3,"x":-5.13},"duration":0}],"name":"UpArm_L"},{"frame":[{"curve":[0.25,0,0.75,1],"transform":{"skX":3.25,"skY":3.25,"scX":0.904},"duration":3},{"curve":[0.25,0,0.75,1],"transform":{"scY":0.98,"skX":24.36,"skY":24.36,"scX":1.015},"duration":3},{"curve":[0.25,0,0.75,1],"transform":{"scY":0.998,"skX":-45.46,"skY":-45.46,"scX":1.004},"duration":3},{"curve":[0.25,0,0.75,1],"transform":{"scY":0.998,"skX":-83.16,"skY":-83.16,"scX":1.004},"duration":3},{"curve":[0.25,0,0.75,1],"transform":{"scY":0.98,"skX":-65.52,"skY":-65.52,"scX":1.03},"duration":3},{"transform":{"skX":3.25,"skY":3.25,"scX":0.904},"duration":0}],"name":"UpArm_R"},{"frame":[{"curve":[0.25,0,0.75,1],"transform":{"y":18.25,"x":8.41},"duration":3},{"curve":[0.25,0,0.75,1],"transform":{"y":36.46,"x":3.96},"duration":6},{"curve":[0.243,0,0.648,0.6],"transform":{"y":-27.69,"x":19.65},"duration":6},{"transform":{"y":18.25,"x":8.41},"duration":0}],"name":"Belly"},{"frame":[{"curve":[0.25,0,0.75,1],"transform":{"skX":3.7,"skY":3.7},"duration":3},{"curve":[0.25,0,0.75,1],"transform":{"scY":0.979,"y":-2.11,"skX":0.31,"skY":0.31,"scX":1.05,"x":-1.05},"duration":3},{"curve":[0.25,0,0.75,1],"transform":{"scY":0.948,"y":-12.48,"skX":31.62,"skY":31.62,"scX":1.06,"x":-10.62},"duration":3},{"curve":[0.25,0,0.75,1],"transform":{"scY":0.948,"y":-8.73,"skX":49.1,"skY":49.1,"scX":1.06,"x":-15.68},"duration":3},{"curve":[0.25,0,0.75,1],"transform":{"scY":1.041,"y":-13.16,"skX":53.06,"skY":53.06,"scX":0.959,"x":-14.47},"duration":3},{"transform":{"skX":3.7,"skY":3.7},"duration":0}],"name":"Body"},{"frame":[{"curve":[0.25,0,0.75,1],"transform":{"skX":-25.14,"skY":-25.14},"duration":3},{"curve":[0.25,0,0.75,1],"transform":{"skX":38.01,"skY":38.01},"duration":3},{"curve":[0.25,0,0.75,1],"transform":{"skX":41.3,"skY":41.3},"duration":3},{"curve":[0.25,0,0.75,1],"transform":{"skX":19.22,"skY":19.22},"duration":3},{"curve":[0.25,0,0.75,1],"transform":{"skX":3.51,"skY":3.51},"duration":3},{"transform":{"skX":-25.14,"skY":-25.14},"duration":0}],"name":"Arm_R"},{"frame":[{"curve":[0.25,0,0.75,1],"transform":{"y":4.4,"x":-1.1},"duration":3},{"curve":[0.25,0,0.75,1],"transform":{"y":-38.44,"skX":-3.2,"skY":-3.2,"x":-3.6},"duration":3},{"curve":[0.25,0,0.75,1],"transform":{"y":-80.98,"skX":-3.2,"skY":-3.2,"x":22.21},"duration":3},{"curve":[0.25,0,0.75,1],"transform":{"y":-106.5,"skX":-3.2,"skY":-3.2,"x":42.3},"duration":3},{"curve":[0.25,0,0.75,1],"transform":{"y":-56.32,"skX":-1.34,"skY":-1.34,"x":55.36},"duration":3},{"transform":{"y":4.4,"x":-1.1},"duration":0}],"name":"bip"},{"frame":[{"curve":[0.25,0,0.75,1],"transform":{"skX":18.45,"skY":18.45},"duration":3},{"curve":[0.25,0,0.75,1],"transform":{"skX":-52.52,"skY":-52.52},"duration":3},{"curve":[0.25,0,0.75,1],"transform":{"skX":-75.1,"skY":-75.1},"duration":9},{"transform":{"skX":18.45,"skY":18.45},"duration":0}],"name":"Leg1_L"},{"frame":[{"transform":{},"duration":15},{"transform":{},"duration":0}],"name":"leg_r"},{"frame":[{"transform":{},"duration":15},{"transform":{},"duration":0}],"name":"foot_r"},{"frame":[{"transform":{},"duration":15},{"transform":{},"duration":0}],"name":"leg_l"},{"frame":[{"transform":{},"duration":15},{"transform":{},"duration":0}],"name":"foot_l"},{"frame":[{"transform":{},"duration":15}],"name":"root"},{"frame":[{"transform":{},"duration":15}],"name":"Fuji"},{"frame":[{"transform":{},"duration":15}],"name":"buff_flo"},{"frame":[{"transform":{},"duration":15}],"name":"buff_up"},{"frame":[{"transform":{},"duration":15}],"name":"buff_mid"}],"slot":[{"frame":[{"tweenEasing":0,"duration":15},{"tweenEasing":null,"duration":0}],"name":"Arm_L"},{"frame":[{"tweenEasing":0,"duration":15},{"tweenEasing":null,"duration":0}],"name":"Arm_R"},{"frame":[{"displayIndex":-1,"tweenEasing":0,"duration":15},{"displayIndex":-1,"tweenEasing":null,"duration":0}],"name":"Belly"},{"frame":[{"tweenEasing":0,"duration":15},{"tweenEasing":null,"duration":0}],"name":"Body"},{"frame":[{"displayIndex":-1,"tweenEasing":0,"duration":15},{"displayIndex":-1,"tweenEasing":null,"duration":0}],"name":"Eye"},{"frame":[{"tweenEasing":0,"duration":15},{"tweenEasing":null,"duration":0}],"name":"Foot_L"},{"frame":[{"tweenEasing":0,"duration":15},{"tweenEasing":null,"duration":0}],"name":"Foot_R"},{"frame":[{"tweenEasing":0,"duration":15},{"tweenEasing":null,"duration":0}],"name":"Hand_L"},{"frame":[{"tweenEasing":0,"duration":15},{"tweenEasing":null,"duration":0}],"name":"Hand_R"},{"frame":[{"tweenEasing":0,"duration":15},{"tweenEasing":null,"duration":0}],"name":"Leg1_L"},{"frame":[{"tweenEasing":0,"duration":15},{"tweenEasing":null,"duration":0}],"name":"Leg1_R"},{"frame":[{"tweenEasing":0,"duration":15},{"tweenEasing":null,"duration":0}],"name":"Leg2_L"},{"frame":[{"tweenEasing":0,"duration":15},{"tweenEasing":null,"duration":0}],"name":"Leg2_R"},{"frame":[{"tweenEasing":0,"duration":15},{"tweenEasing":null,"duration":0}],"name":"Thigh_L"},{"frame":[{"tweenEasing":0,"duration":15},{"tweenEasing":null,"duration":0}],"name":"Thigh_R"},{"frame":[{"tweenEasing":0,"duration":15},{"tweenEasing":null,"duration":0}],"name":"UpArm_L"},{"frame":[{"tweenEasing":0,"duration":15},{"tweenEasing":null,"duration":0}],"name":"UpArm_R"}],"ffd":[{"frame":[{"offset":0,"tweenEasing":null,"vertices":[],"duration":15},{"offset":0,"tweenEasing":null,"vertices":[],"duration":0}],"slot":"Belly","scale":1,"offset":0,"skin":"","name":"Belly"},{"frame":[{"offset":0,"tweenEasing":null,"vertices":[],"duration":15},{"offset":0,"tweenEasing":null,"vertices":[],"duration":0}],"slot":"Body","scale":1,"offset":0,"skin":"","name":"Body"}],"frame":[],"name":"0001_yidong","duration":15,"ik":[]},{"bone":[{"frame":[{"curve":[0.25,0,0.75,1],"transform":{},"duration":4},{"curve":[0.25,0,0.75,1],"transform":{"scY":0.983,"y":-3.78,"skX":12.28,"skY":12.28,"x":-7.21},"duration":3},{"curve":[0.25,0,0.75,1],"transform":{"scY":0.958,"y":-6.55,"skX":-10.89,"skY":-10.89,"scX":1.046,"x":-8.92},"duration":3},{"curve":[0.25,0,0.75,1],"transform":{"scY":0.958,"y":-6.55,"skX":29.81,"skY":29.81,"scX":1.046,"x":-8.92},"duration":2},{"curve":[0.25,0,0.75,1],"transform":{"y":-7.16,"skX":36.13,"skY":36.13,"x":-15.83},"duration":13},{"curve":[0.25,0,0.75,1],"transform":{"y":0.6,"skX":15.57,"skY":15.57,"x":-14.18},"duration":5},{"transform":{},"duration":0}],"name":"Body"},{"frame":[{"curve":[0.25,0,0.75,1],"transform":{},"duration":2},{"curve":[0.25,0,0.75,1],"transform":{"y":-9.16,"x":-2.53},"duration":1},{"curve":[0.25,0,0.75,1],"transform":{"y":-11.78,"x":-1.55},"duration":1},{"curve":[0.25,0,0.75,1],"transform":{},"duration":3},{"curve":[0.25,0,0.75,1],"transform":{"y":-12.64,"x":-23.06},"duration":3},{"curve":[0.25,0,0.75,1],"transform":{"y":-9.53,"x":-8.51},"duration":2},{"curve":[0.25,0,0.75,1],"transform":{"y":-19.29,"x":-10.99},"duration":13},{"curve":[0.25,0,0.75,1],"transform":{"y":-9.14,"x":-5.08},"duration":5},{"transform":{},"duration":0}],"name":"Belly"},{"frame":[{"curve":[0.25,0,0.75,1],"transform":{},"duration":4},{"curve":[0.315,0.265,0.747,1],"transform":{"skX":-75.9,"skY":-75.9},"duration":2},{"curve":[0.25,0,0.75,1],"transform":{"skX":-39.13,"skY":-39.13},"duration":1},{"curve":[0.25,0,0.75,1],"transform":{"scY":1.368,"skX":-105.88,"skY":-105.88,"scX":1.368},"duration":3},{"curve":[0.25,0,0.75,1],"transform":{"scY":1.368,"skX":-76.26,"skY":-76.26,"scX":1.368},"duration":2},{"curve":[0.25,0,0.75,1],"transform":{"scY":1.298,"skX":-96.75,"skY":-96.75,"scX":1.298},"duration":13},{"curve":[0.25,0,0.75,1],"transform":{"scY":1.244,"skX":-55.77,"skY":-55.77,"scX":1.244},"duration":5},{"transform":{},"duration":0}],"name":"UpArm_L"},{"frame":[{"curve":[0.25,0,0.75,1],"transform":{},"duration":4},{"curve":[0.25,0,0.75,1],"transform":{"skX":68.69,"skY":68.69},"duration":2},{"curve":[0.25,0,0.75,1],"transform":{"skX":10.22,"skY":10.22},"duration":1},{"curve":[0.25,0,0.75,1],"transform":{"skX":-51.31,"skY":-51.31},"duration":3},{"curve":[0.25,0,0.75,1],"transform":{"skX":-46.93,"skY":-46.93},"duration":2},{"curve":[0.25,0,0.75,1],"transform":{"skX":6.11,"skY":6.11},"duration":13},{"curve":[0.25,0,0.75,1],"transform":{"skX":-3.75,"skY":-3.75},"duration":5},{"transform":{},"duration":0}],"name":"Arm_L"},{"frame":[{"curve":[0.25,0,0.75,1],"transform":{},"duration":4},{"curve":[0.25,0,0.75,1],"transform":{"skX":3.94,"skY":3.94},"duration":2},{"curve":[0.25,0,0.75,1],"transform":{"skX":-0.85,"skY":-0.85},"duration":1},{"curve":[0.25,0,0.75,1],"transform":{"skX":-21.81,"skY":-21.81},"duration":3},{"curve":[0.25,0,0.75,1],"transform":{"skX":-35.34,"skY":-35.34},"duration":2},{"curve":[0.25,0,0.75,1],"transform":{"skX":-12.08,"skY":-12.08},"duration":13},{"curve":[0.25,0,0.75,1],"transform":{"skX":-11.57,"skY":-11.57},"duration":5},{"transform":{},"duration":0}],"name":"Hand_L"},{"frame":[{"curve":[0.25,0,0.75,1],"transform":{},"duration":4},{"curve":[0.315,0.265,0.747,1],"transform":{"skX":-18.34,"skY":-18.34},"duration":2},{"curve":[0.25,0,0.75,1],"transform":{"skX":-68.58,"skY":-68.58},"duration":1},{"curve":[0.25,0,0.75,1],"transform":{"scY":1.418,"skX":-161.98,"skY":-161.98,"scX":1.418},"duration":3},{"curve":[0.25,0,0.75,1],"transform":{"scY":1.418,"skX":-110.23,"skY":-110.23,"scX":1.418},"duration":2},{"curve":[0.25,0,0.75,1],"transform":{"scY":1.311,"skX":-82.99,"skY":-82.99,"scX":1.311},"duration":13},{"curve":[0.25,0,0.75,1],"transform":{"scY":1.219,"skX":-70.82,"skY":-70.82,"scX":1.219},"duration":5},{"transform":{},"duration":0}],"name":"UpArm_R"},{"frame":[{"curve":[0.25,0,0.75,1],"transform":{},"duration":4},{"curve":[0.25,0,0.75,1],"transform":{"skX":-14.28,"skY":-14.28},"duration":2},{"curve":[0.25,0,0.75,1],"transform":{"skX":30.45,"skY":30.45},"duration":1},{"curve":[0.25,0,0.75,1],"transform":{"skX":8.74,"skY":8.74},"duration":3},{"curve":[0.25,0,0.75,1],"transform":{"skX":23.87,"skY":23.87},"duration":2},{"curve":[0.25,0,0.75,1],"transform":{"skX":5.87,"skY":5.87},"duration":13},{"curve":[0.25,0,0.75,1],"transform":{"skX":22.13,"skY":22.13},"duration":5},{"transform":{},"duration":0}],"name":"Arm_R"},{"frame":[{"curve":[0.25,0,0.75,1],"transform":{},"duration":4},{"curve":[0.25,0,0.75,1],"transform":{"skX":13.08,"skY":13.08},"duration":2},{"curve":[0.25,0,0.75,1],"transform":{"skX":4.83,"skY":4.83},"duration":1},{"curve":[0.25,0,0.75,1],"transform":{"skX":4.36,"skY":4.36},"duration":3},{"curve":[0.25,0,0.75,1],"transform":{"skX":2.11,"skY":2.11},"duration":2},{"curve":[0.25,0,0.75,1],"transform":{"skX":36.38,"skY":36.38},"duration":13},{"curve":[0.25,0,0.75,1],"transform":{"skX":30.06,"skY":30.06},"duration":5},{"transform":{},"duration":0}],"name":"Hand_R"},{"frame":[{"curve":[0.25,0,0.75,1],"transform":{"skX":0.09,"skY":0.09},"duration":4},{"curve":[0.25,0,0.75,1],"transform":{"skX":11.91,"skY":11.91},"duration":3},{"curve":[0.25,0,0.75,1],"transform":{"skX":0.93,"skY":0.93},"duration":3},{"curve":[0.25,0,0.75,1],"transform":{"skX":-14.96,"skY":-14.96},"duration":2},{"curve":[0.25,0,0.75,1],"transform":{"skX":-18.99,"skY":-18.99},"duration":13},{"curve":[0.25,0,0.75,1],"transform":{"skX":-1.58,"skY":-1.58},"duration":5},{"transform":{"skX":0.09,"skY":0.09},"duration":0}],"name":"head"},{"frame":[{"transform":{},"duration":30},{"transform":{},"duration":0}],"name":"Thigh_L"},{"frame":[{"transform":{},"duration":30},{"transform":{},"duration":0}],"name":"Leg1_L"},{"frame":[{"transform":{},"duration":30},{"transform":{},"duration":0}],"name":"Leg2_L"},{"frame":[{"transform":{},"duration":30},{"transform":{},"duration":0}],"name":"Foot_L"},{"frame":[{"transform":{},"duration":30},{"transform":{},"duration":0}],"name":"Thigh_R"},{"frame":[{"transform":{},"duration":30},{"transform":{},"duration":0}],"name":"Leg1_R"},{"frame":[{"transform":{},"duration":30},{"transform":{},"duration":0}],"name":"Leg2_R"},{"frame":[{"transform":{},"duration":30},{"transform":{},"duration":0}],"name":"Foot_R"},{"frame":[{"curve":[0.25,0,0.75,1],"transform":{},"duration":4},{"curve":[0.25,0,0.75,1],"transform":{"y":3.75,"skX":0.2,"skY":0.2,"x":-1.89},"duration":3},{"curve":[0.25,0,0.75,1],"transform":{"y":-32.53,"skX":-14.56,"skY":-14.56,"x":3.85},"duration":3},{"curve":[0.25,0,0.75,1],"transform":{"y":-43.98,"skX":-3.32,"skY":-3.32,"x":19.66},"duration":2},{"curve":[0.25,0,0.75,1],"transform":{"y":-9.8,"skX":5.5,"skY":5.5,"x":72.09},"duration":13},{"curve":[0.25,0,0.75,1],"transform":{"y":-5.47,"skX":3.81,"skY":3.81,"x":60.01},"duration":5},{"transform":{},"duration":0}],"name":"bip"},{"frame":[{"curve":[0.25,0,0.75,1],"transform":{},"duration":4},{"curve":[0.25,0,0.75,1],"transform":{"skX":1.51,"skY":1.51},"duration":3},{"curve":[0.25,0,0.75,1],"transform":{"skX":-24.11,"skY":-24.11},"duration":3},{"curve":[0.25,0,0.75,1],"transform":{"skX":-27.95,"skY":-27.95},"duration":2},{"curve":[0.25,0,0.75,1],"transform":{"skX":-4.89,"skY":-4.89},"duration":13},{"curve":[0.25,0,0.75,1],"transform":{"skX":-1.5,"skY":-1.5},"duration":5},{"transform":{},"duration":0}],"name":"spine"},{"frame":[{"transform":{},"duration":4},{"curve":[0.25,0,0.75,1],"transform":{},"duration":3},{"curve":[0.25,0,0.75,1],"transform":{"y":-5.13,"x":9.17},"duration":3},{"curve":[0.25,0,0.75,1],"transform":{"y":-5.41,"x":16.07},"duration":2},{"curve":[0.25,0,0.75,1],"transform":{"y":2.13,"x":28.92},"duration":13},{"curve":[0.25,0,0.75,1],"transform":{"y":0.44,"x":27.5},"duration":3},{"curve":[0.25,0,0.75,1],"transform":{"y":-4.29,"x":21.95},"duration":2},{"transform":{},"duration":0}],"name":"leg_l"},{"frame":[{"transform":{},"duration":30},{"transform":{},"duration":0}],"name":"foot_l"},{"frame":[{"transform":{},"duration":30},{"transform":{},"duration":0}],"name":"foot_r"},{"frame":[{"curve":[0.25,0,0.75,1],"transform":{},"duration":4},{"curve":[0.25,0,0.75,1],"transform":{"y":-4.3,"x":5.99},"duration":3},{"curve":[0.25,0,0.75,1],"transform":{"y":-3.49,"x":6.94},"duration":3},{"curve":[0.25,0,0.75,1],"transform":{"y":-1.48,"x":17.06},"duration":2},{"curve":[0.25,0,0.75,1],"transform":{"y":-1.63,"x":24.71},"duration":13},{"curve":[0.245,0,0.637,0.55],"transform":{"y":-1.18,"x":27.41},"duration":3},{"curve":[0.381,0.54,0.742,1],"transform":{"y":-3.75,"x":10.08},"duration":2},{"transform":{},"duration":0}],"name":"leg_r"},{"frame":[{"transform":{},"duration":30}],"name":"root"},{"frame":[{"transform":{},"duration":30}],"name":"Fuji"},{"frame":[{"transform":{},"duration":30}],"name":"buff_flo"},{"frame":[{"transform":{},"duration":30}],"name":"buff_up"},{"frame":[{"transform":{},"duration":30}],"name":"buff_mid"}],"slot":[{"frame":[{"tweenEasing":0,"duration":30},{"tweenEasing":null,"duration":0}],"name":"Arm_L"},{"frame":[{"tweenEasing":0,"duration":30},{"tweenEasing":null,"duration":0}],"name":"Arm_R"},{"frame":[{"tweenEasing":0,"duration":2},{"curve":[0.25,0,0.75,1],"duration":2},{"tweenEasing":null,"color":{"aM":0},"duration":6},{"curve":[0.25,0,0.75,1],"color":{"aM":0},"duration":2},{"tweenEasing":null,"duration":18},{"tweenEasing":null,"duration":0}],"name":"Belly"},{"frame":[{"tweenEasing":0,"duration":30},{"tweenEasing":null,"duration":0}],"name":"Body"},{"frame":[{"displayIndex":-1,"tweenEasing":0,"duration":30},{"displayIndex":-1,"tweenEasing":null,"duration":0}],"name":"Eye"},{"frame":[{"tweenEasing":0,"duration":30},{"tweenEasing":null,"duration":0}],"name":"Foot_L"},{"frame":[{"tweenEasing":0,"duration":30},{"tweenEasing":null,"duration":0}],"name":"Foot_R"},{"frame":[{"tweenEasing":0,"duration":30},{"tweenEasing":null,"duration":0}],"name":"Hand_L"},{"frame":[{"tweenEasing":0,"duration":30},{"tweenEasing":null,"duration":0}],"name":"Hand_R"},{"frame":[{"tweenEasing":0,"duration":30},{"tweenEasing":null,"duration":0}],"name":"Leg1_L"},{"frame":[{"tweenEasing":0,"duration":30},{"tweenEasing":null,"duration":0}],"name":"Leg1_R"},{"frame":[{"tweenEasing":0,"duration":30},{"tweenEasing":null,"duration":0}],"name":"Leg2_L"},{"frame":[{"tweenEasing":0,"duration":30},{"tweenEasing":null,"duration":0}],"name":"Leg2_R"},{"frame":[{"tweenEasing":0,"duration":30},{"tweenEasing":null,"duration":0}],"name":"Thigh_L"},{"frame":[{"tweenEasing":0,"duration":30},{"tweenEasing":null,"duration":0}],"name":"Thigh_R"},{"frame":[{"tweenEasing":0,"duration":30},{"tweenEasing":null,"duration":0}],"name":"UpArm_L"},{"frame":[{"tweenEasing":0,"duration":30},{"tweenEasing":null,"duration":0}],"name":"UpArm_R"}],"ffd":[{"frame":[{"offset":0,"tweenEasing":0,"vertices":[],"duration":10},{"offset":0,"tweenEasing":0,"vertices":[-4.43,-10.6,-3.98,-13.48,-6.22,-14.85,-0.21,-2.59,0,0,0,0,0,0,0,0,0,0,0,0,-3.15,-4.48,0.61,-9.97,0,0,0.57,-7.9,-0.77,-5.75,0,0],"duration":2},{"offset":0,"tweenEasing":0,"vertices":[-3.48,-1.83,-3.71,-6.77,-6.25,-7.99,0,0,0,0,2.49,1.64,0,0,0,0,0,0,0,0,0,0,0,0,0,0,0.12,-2.35,-0.4,-0.64,0,0],"duration":13},{"offset":0,"tweenEasing":0,"vertices":[-0.97,-0.51,-1.95,-5.34,-3.7,-4.78,-0.63,-1.14,-0.63,-1.14,0.69,0.46,-2.66,-2.67,0,0,0,0,0,0,0,0,0,0,0,0,-0.2,-2.99,-1.44,-2.7,-3.57,-4],"duration":5},{"offset":0,"tweenEasing":null,"vertices":[],"duration":0}],"slot":"Belly","scale":1,"offset":0,"skin":"","name":"Belly"},{"frame":[{"offset":0,"tweenEasing":null,"vertices":[],"duration":30},{"offset":0,"tweenEasing":null,"vertices":[],"duration":0}],"slot":"Body","scale":1,"offset":0,"skin":"","name":"Body"}],"frame":[],"name":"0002_shifa","duration":30,"ik":[]}],"skin":[{"slot":[{"display":[{"path":"Thigh_L","type":"image","name":"Thigh_L","transform":{"y":-2.52,"skX":-41.7,"skY":-41.7,"x":18.42}}],"name":"Thigh_R"},{"display":[{"vertices":[23.31,-119.68,-10.18,-109.51,-39.89,-91.69,-57.98,-64.69,-57.97,-31.76,-28.55,-11.7,23.53,-11.67,54.57,-20.92,75.37,-43.04,82.02,-68.96,82.04,-97.58,64.62,-119.65,20.57,-63.33,41.36,-61.97,62.69,-68.71,-0.49,-46.6,-3.19,-23.11,26.5,-32.28,54.04,-45.76],"uvs":[0.58162,-0.00943,0.339,0.08655,0.12379,0.25467,-0.00725,0.50938,-0.00725,0.82014,0.20596,1.00943,0.58357,1.00943,0.80857,0.92203,0.95922,0.71316,1.00725,0.46863,1.00725,0.19863,0.88096,-0.00943,0.56205,0.52212,0.7127,0.53486,0.86727,0.47118,0.40944,0.68004,0.38988,0.90165,0.60509,0.81504,0.80465,0.68769],"path":"Body","edges":[3,4,4,5,5,6,6,7,7,8,8,9,9,10,10,11,11,0,0,1,1,2,2,3],"triangles":[11,14,10,10,14,9,14,8,9,0,14,11,14,18,8,18,7,8,13,18,14,0,13,14,0,12,13,18,17,7,17,6,7,13,17,18,1,12,0,12,17,13,16,5,6,12,15,17,16,6,17,15,16,17,1,15,12,1,2,15,2,3,15,5,16,15,4,5,15,3,4,15],"type":"mesh","transform":{},"slotPose":[1,0,0,1,0,0],"userEdges":[12,13,13,14,14,9,12,15,15,16,16,6,16,17,17,18,18,14],"width":138,"bonePose":[13,0.8045829736345691,-0.5938402466466501,0.5938402466466501,0.8045829736345691,-18.5508144626859,-56.27602346022759,21,0.9928409713293224,-0.11944373424272786,0.11944373424272786,0.9928409713293224,12.473905000663088,-79.17450337092242,10,0.7042625830219875,-0.7099395848628235,0.7099395848628235,0.7042625830219875,-44.06,-30.76,18,0.8045829736345691,-0.5938402466466501,0.5938402466466501,0.8045829736345691,50.43504132694912,-14.573149446897528],"height":106,"name":"Body","weights":[2,13,0.1357,21,0.86429,3,10,0.00973,13,0.7195,21,0.27076,3,10,0.28051,13,0.71857,21,0.0009,2,10,0.82292,13,0.17707,2,10,0.99988,21,0.00011,3,10,0.98253,13,0.01398,21,0.00347,4,10,0.15845,13,0.1532,21,0.16834,18,0.52,4,10,0.02787,13,0.06308,21,0.26903,18,0.64,4,10,0.00428,13,0.02301,21,0.5827,18,0.39,2,13,0.00031,21,0.99968,1,21,1,1,21,1,4,10,0.01909,13,0.39281,21,0.52808,18,0.06,4,10,0.01056,13,0.09319,21,0.88624,18,0.01,3,10,0.00051,13,0.00693,21,0.99254,4,10,0.22926,13,0.58062,21,0.07011,18,0.12,4,10,0.37116,13,0.11614,21,0.03269,18,0.48,4,10,0.09206,13,0.19478,21,0.26314,18,0.45,4,10,0.01552,13,0.05752,21,0.52695,18,0.4]}],"name":"Body"},{"display":[{"path":"Leg1_L","type":"image","name":"Leg1_L","transform":{"y":0.25,"skX":173.26,"skY":173.26,"x":12.14}}],"name":"Leg1_L"},{"display":[{"path":"Eye","type":"image","name":"Eye","transform":{"y":0.41,"skX":6.9,"skY":6.9,"x":36.76}}],"name":"Eye"},{"display":[{"path":"Arm_R","type":"image","name":"Arm_R","transform":{"y":-3.16,"skX":-62.98,"skY":-62.98,"x":13.14}}],"name":"Arm_R"},{"display":[{"path":"Hand_R","type":"image","name":"Hand_R","transform":{"y":1.82,"skX":-18.6,"skY":-18.6,"x":12.41}}],"name":"Hand_R"},{"display":[{"path":"Leg1_L","type":"image","name":"Leg1_L","transform":{"y":0.75,"skX":177.33,"skY":177.33,"x":10.04}}],"name":"Leg1_R"},{"display":[{"path":"Foot_L","type":"image","name":"Foot_L","transform":{"y":-1.35,"skX":-28.05,"skY":-28.05,"x":12.45}}],"name":"Foot_R"},{"display":[{"path":"UpArm_R","type":"image","name":"UpArm_R","transform":{"y":-0.57,"skX":-101.46,"skY":-101.46,"x":14.92}}],"name":"UpArm_R"},{"display":[{"path":"Hand_L","type":"image","name":"Hand_L","transform":{"y":0.74,"skX":-73.11,"skY":-73.11,"x":7.59}}],"name":"Hand_L"},{"display":[{"path":"buff_up","type":"image","name":"buff_up","transform":{}}],"name":"buff_up"},{"display":[{"path":"Leg2_L","type":"image","name":"Leg2_L","transform":{"y":-1.68,"skX":-46.95,"skY":-46.95,"x":6.42}}],"name":"Leg2_L"},{"display":[{"path":"Thigh_L","type":"image","name":"Thigh_L","transform":{"y":-1.96,"skX":-41.6,"skY":-41.6,"x":18.82}}],"name":"Thigh_L"},{"display":[{"path":"UpArm_L","type":"image","name":"UpArm_L","transform":{"y":0.27,"skX":-58.25,"skY":-58.25,"x":10.76}}],"name":"UpArm_L"},{"display":[{"path":"buff_mid","type":"image","name":"buff_mid","transform":{}}],"name":"buff_mid"},{"display":[{"vertices":[-4.99,-26.41,-3.11,-13.3,4.23,-5.69,34.25,-5.67,56.8,-10.73,72.31,-25.96,74.99,-40.74,73.74,-61.64,54.27,-59.51,24.38,-52.62,-4.99,-41.92,20.86,-29.79,49.05,-39.35,28.75,-15.54,55.11,-24.12,68.65,-40.32],"uvs":[-0.01282,0.6348,0.0113,0.87764,0.1053,1.01852,0.49034,1.01852,0.77957,0.92464,0.97842,0.64263,1.01282,0.36847,0.99649,-0.01852,0.74704,0.02119,0.36381,0.14914,-0.01282,0.34759,0.31861,0.57214,0.68014,0.39459,0.41984,0.83587,0.75788,0.67659,0.93142,0.3763],"path":"Belly","edges":[0,1,1,2,2,3,3,4,4,5,5,6,6,7,7,8,8,9,9,10,10,0],"triangles":[14,4,5,8,15,7,7,15,6,15,5,6,15,14,5,8,12,15,12,14,15,13,3,14,14,3,4,12,13,14,9,12,8,11,13,12,9,11,12,13,2,3,10,11,9,0,1,11,10,0,11,2,1,13,11,1,13],"type":"mesh","transform":{},"slotPose":[1,0,0,1,0,0],"userEdges":[0,11,11,12,12,8,1,13,13,14,14,15,15,7],"width":78,"bonePose":[10,0.7042625830219875,-0.7099395848628235,0.7099395848628235,0.7042625830219875,-44.06,-30.76,18,0.8045829736345691,-0.5938402466466501,0.5938402466466501,0.8045829736345691,50.43504132694912,-14.573149446897528,21,0.9928409713293224,-0.11944373424272786,0.11944373424272786,0.9928409713293224,12.473905000663088,-79.17450337092242,13,0.8045829736345691,-0.5938402466466501,0.5938402466466501,0.8045829736345691,-18.5508144626859,-56.27602346022759],"height":54,"name":"Belly","weights":[2,10,0.84,18,0.16,2,10,0.76,18,0.24,2,10,0.81,18,0.19,1,18,1,1,18,1,1,18,1,2,21,0.81,18,0.19,1,21,1,1,21,1,3,13,0.425,21,0.425,18,0.15,2,10,0.91,18,0.09,3,10,0.365,13,0.365,18,0.27,3,13,0.38,21,0.38,18,0.24,3,10,0.21,13,0.21,18,0.58,3,13,0.26,21,0.26,18,0.48,2,21,0.9,18,0.1]}],"name":"Belly"},{"display":[{"path":"Leg2_L","type":"image","name":"Leg2_L","transform":{"y":-2.44,"skX":-49.93,"skY":-49.93,"x":5.18}}],"name":"Leg2_R"},{"display":[{"path":"buff_flo","type":"image","name":"buff_flo","transform":{}}],"name":"buff_flo"},{"display":[{"path":"Arm_L","type":"image","name":"Arm_L","transform":{"y":-0.51,"skX":-73.85,"skY":-73.85,"x":12.49}}],"name":"Arm_L"},{"display":[{"path":"Foot_L","type":"image","name":"Foot_L","transform":{"y":-1.73,"skX":-36.52,"skY":-36.52,"x":9.27}}],"name":"Foot_L"}],"name":""}],"defaultActions":[{"gotoAndPlay":"0000_daiji"}],"aabb":{"width":151.94038277996327,"y":-194.9,"height":208.2151168927004,"x":-65.36625807996322},"slot":[{"name":"Hand_L","parent":"Hand_L","color":{}},{"z":1,"name":"UpArm_L","parent":"UpArm_L","color":{}},{"z":2,"name":"Arm_L","parent":"Arm_L","color":{}},{"z":3,"name":"Foot_L","parent":"Foot_L","color":{}},{"z":4,"name":"Leg2_L","parent":"Leg2_L","color":{}},{"z":5,"name":"Leg1_L","parent":"Leg1_L","color":{}},{"z":6,"name":"Thigh_L","parent":"Thigh_L","color":{}},{"z":7,"name":"Body","parent":"Body","color":{}},{"z":8,"displayIndex":-1,"name":"Eye","parent":"head","color":{}},{"z":9,"name":"Belly","parent":"Belly","color":{}},{"z":10,"name":"Hand_R","parent":"Hand_R","color":{}},{"z":11,"name":"UpArm_R","parent":"UpArm_R","color":{}},{"z":12,"name":"Arm_R","parent":"Arm_R","color":{}},{"z":13,"name":"Foot_R","parent":"Foot_R","color":{}},{"z":14,"name":"Leg2_R","parent":"Leg2_R","color":{}},{"z":15,"name":"Leg1_R","parent":"Leg1_R","color":{}},{"z":16,"name":"Thigh_R","parent":"Thigh_R","color":{}},{"z":17,"name":"buff_up","parent":"buff_up","color":{"aM":0}},{"z":18,"name":"buff_mid","parent":"buff_mid","color":{"aM":0}},{"z":19,"name":"buff_flo","parent":"buff_flo","color":{"aM":0}}],"name":"armatureName","ik":[{"chain":1,"bone":"Leg1_L","name":"leg_l","target":"leg_l"},{"chain":1,"bone":"Leg1_R","name":"leg_r","target":"leg_r"},{"chain":1,"bone":"Foot_L","name":"foot_l","bendPositive":"false","target":"foot_l"},{"chain":1,"bone":"Foot_R","name":"foot_r","bendPositive":"false","target":"foot_r"}]}],"name":"cw_008_juxingchanchu_cj","version":"4.0"}