{"frameRate":30,"name":"map","version":"5.5","compatibleVersion":"5.5","armature":[{"type":"Armature","frameRate":30,"name":"armatureName","aabb":{"x":267.65,"y":-891.31,"width":1467.36,"height":781.45},"bone":[{"name":"root"},{"length":49,"name":"boat","parent":"root","transform":{"x":290.11,"y":-751.85,"skX":-91.54,"skY":-91.54,"scX":0.748,"scY":0.748}},{"length":70,"name":"boat2","parent":"root","transform":{"x":741.71,"y":-131.43,"skX":-92.68,"skY":-92.68}},{"length":18,"name":"light2","parent":"root","transform":{"x":651.53,"y":-639.65,"skX":-46.7,"skY":-46.7}},{"length":30,"name":"treef","parent":"root","transform":{"x":392.96,"y":-837.91,"skX":-85.14,"skY":-85.14}},{"length":167,"name":"sand1","parent":"root","transform":{"x":1671.93,"y":-626.76,"skX":178.6,"skY":178.6}},{"length":23,"name":"tree10","parent":"root","transform":{"x":1334.56,"y":-550.03,"skX":-86.63,"skY":-86.63}},{"length":20,"name":"tree8","parent":"root","transform":{"x":1292.65,"y":-532.46,"skX":-91.9,"skY":-91.9}},{"length":18,"name":"flag","parent":"root","transform":{"x":1555.77,"y":-544.08,"skX":97.39,"skY":97.39}},{"length":26,"name":"tree6","parent":"root","transform":{"x":1192.66,"y":-285.84,"skX":-86.81,"skY":-86.81}},{"length":108,"name":"flog1","parent":"root","transform":{"x":749.23,"y":-706.3,"skX":179.44,"skY":179.44}},{"length":84,"name":"flog2","parent":"root","transform":{"x":564.44,"y":-724.21,"skX":-1.41,"skY":-1.41}},{"length":21,"name":"tree9","parent":"root","transform":{"x":1323.07,"y":-536.51,"skX":-129.97,"skY":-129.97}},{"length":25,"name":"tree5","parent":"root","transform":{"x":1204.5,"y":-281.4,"skX":-93.36,"skY":-93.36}},{"length":17,"name":"tree7","parent":"root","transform":{"x":1196.66,"y":-540.49,"skX":-94.4,"skY":-94.4}},{"length":20,"name":"tree2","parent":"root","transform":{"x":1455.51,"y":-604.04,"skX":-90,"skY":-90}},{"length":122,"name":"sand2","parent":"root","transform":{"x":1413.8,"y":-704.96,"skX":1.27,"skY":1.27}},{"length":29,"name":"tree1","parent":"root","transform":{"x":1469.64,"y":-604.49,"skX":-79.09,"skY":-79.09}},{"length":19,"name":"tree3","parent":"root","transform":{"x":1036.87,"y":-325.27,"skX":-85.59,"skY":-85.59}},{"length":32,"name":"tree4","parent":"root","transform":{"x":1007.81,"y":-332.54,"skX":-95.19,"skY":-95.19}},{"length":18,"name":"bone4","parent":"flag","transform":{"x":8.48,"y":-4.1,"skX":-86.06,"skY":-86.06}},{"length":16,"name":"bone","parent":"light2","transform":{"x":18.71,"y":0.02,"skX":-27.57,"skY":-27.57}},{"length":36,"name":"tree","parent":"bone","transform":{"x":13.05,"y":-5.24,"skX":-76.46,"skY":-76.46}},{"length":26,"name":"bone2","parent":"bone","transform":{"x":19.72,"y":0.33,"skX":-34.19,"skY":-34.19}},{"length":47,"name":"bone3","parent":"tree","transform":{"x":36.38,"y":-0.01,"skX":-51.51,"skY":-51.51}},{"inheritRotation":false,"length":13,"name":"light3","parent":"tree","transform":{"x":18.74,"y":-4.43,"skX":89.75,"skY":89.75}},{"inheritRotation":false,"length":12,"name":"light4","parent":"tree","transform":{"x":36.5,"y":13.34,"skX":96.57,"skY":96.57}},{"inheritRotation":false,"length":12,"name":"light","parent":"bone3","transform":{"x":50.07,"y":-3.6,"skX":86.62,"skY":86.62}}],"slot":[{"name":"sand1","parent":"sand1"},{"name":"sand2","parent":"sand2"},{"name":"tree6","parent":"tree6"},{"name":"tree5","parent":"tree5"},{"name":"tree4","parent":"tree4"},{"name":"tree3","parent":"tree3"},{"name":"tree2","parent":"tree2"},{"name":"tree1","parent":"tree1"},{"name":"flag","parent":"flag"},{"name":"flog2","parent":"flog2"},{"name":"flog1","parent":"flog1"},{"name":"boat","parent":"boat"},{"name":"tree","parent":"tree"},{"name":"light","parent":"light"},{"name":"light2","parent":"light3"},{"name":"light3","parent":"light4"},{"name":"boat2","parent":"boat2"},{"name":"tree7","parent":"tree7"},{"name":"tree9","parent":"tree10"},{"name":"tree8","parent":"tree8"},{"name":"treef","parent":"treef"}],"skin":[{"slot":[{"name":"flag","display":[{"type":"mesh","name":"flag","width":23,"height":20,"vertices":[1577.03,-526.79,1559.62,-526.79,1554.03,-526.79,1554.04,-546.78,1560.01,-546.78,1576.45,-534.99],"uvs":[1,1,0.24408,1,0,1,0,0,0.26034,0,0.9756,0.58904],"triangles":[1,0,5,4,1,5,4,3,1,3,2,1],"weights":[1,20,1,2,8,0.45937,20,0.54062,1,8,1,1,8,1,2,8,0.81526,20,0.18473,1,20,0.99999],"slotPose":[1,0,0,1,0,0],"bonePose":[8,-0.128623,0.991694,-0.991694,-0.128623,1555.77,-544.08,20,0.980512,0.19646,-0.19646,0.980512,1558.745225,-535.143086],"edges":[2,1,1,0,0,5,5,4,4,3,3,2],"userEdges":[]}]},{"name":"sand1","display":[{"name":"sand1","transform":{"x":102.88,"y":2.85,"skX":-178.58,"skY":-178.58,"scX":0.718,"scY":0.718}}]},{"name":"tree7","display":[{"name":"tree7","transform":{"x":0.43,"y":12.98,"skX":94.4,"skY":94.4}}]},{"name":"flog1","display":[{"name":"flog1","transform":{"x":67.6,"y":-3.25,"skX":-179.41,"skY":-179.41}}]},{"name":"tree6","display":[{"name":"tree6","transform":{"x":12.73,"y":0.43,"skX":86.82,"skY":86.82}}]},{"name":"tree8","display":[{"name":"tree8","transform":{"x":13.35,"y":-2.84,"skX":91.9,"skY":91.9}}]},{"name":"tree","display":[{"type":"mesh","name":"tree","width":111,"height":114,"vertices":[681.75,-700.23,678.51,-672.69,682.93,-654.91,670.2,-641.39,650,-641.22,640.33,-647.92,658.24,-665.92,631.98,-673.12,607.1,-668.47,579.9,-657.8,593.47,-681.82,638.35,-698.71,659.93,-679.77,639.37,-731.28,668.36,-750.14,683.64,-738.91],"uvs":[0.96144,0.48141,0.93114,0.72286,0.97024,0.87907,0.85488,0.99726,0.67284,0.99784,0.58596,0.93871,0.7481,0.78145,0.51181,0.71727,0.28737,0.75731,0.04206,0.84987,0.16514,0.63958,0.57017,0.49299,0.76395,0.65999,0.58071,0.20739,0.84278,0.04305,0.98002,0.14217],"triangles":[12,1,0,1,6,2,13,0,15,14,13,15,6,3,2,12,6,1,6,4,3,5,4,6,7,6,12,11,7,12,8,7,11,10,8,11,10,9,8,13,12,0],"weights":[1,23,1,2,21,0.16879,23,0.8312,3,3,0.04316,21,0.94531,23,0.01152,1,3,1,1,3,1,1,3,1,2,3,0.05428,22,0.94571,2,22,0.62167,24,0.37832,1,24,1,2,22,0.00015,24,0.99984,2,22,0.00415,24,0.99584,2,22,0.82555,24,0.17444,2,23,0.46939,22,0.5306,1,23,1,1,23,1,1,23,1],"slotPose":[1,0,0,1,0,0],"bonePose":[23,-0.316643,-0.948545,0.948545,-0.316643,670.040039,-672.144932,21,0.271104,-0.96255,0.96255,0.271104,664.376217,-653.252912,3,0.685818,-0.727773,0.727773,0.685818,651.53,-639.65,22,-0.872325,-0.488926,0.488926,-0.872325,662.870369,-667.234776,24,-0.925607,0.378487,-0.378487,-0.925607,631.130282,-685.013172],"edges":[9,8,8,7,7,6,6,5,5,4,4,3,3,2,2,1,1,0,0,15,15,14,14,13,13,12,12,11,11,10,10,9],"userEdges":[]}]},{"name":"tree4","display":[{"name":"tree4","transform":{"x":15.86,"y":0.98,"skX":95.19,"skY":95.19}}]},{"name":"sand2","display":[{"name":"sand2","transform":{"x":35.72,"y":-13.31,"skX":-1.24,"skY":-1.24,"scX":0.795,"scY":0.795}}]},{"name":"light2","display":[{"name":"light","transform":{"x":5.36,"y":1.36,"skX":-89.75,"skY":-89.75}}]},{"name":"tree1","display":[{"name":"tree1","transform":{"x":15.08,"y":-0.15,"skX":79.07,"skY":79.07}}]},{"name":"boat2","display":[{"name":"boat2","transform":{"x":30.49,"y":20.85,"skX":92.69,"skY":92.69}}]},{"name":"flog2","display":[{"name":"flog2","transform":{"x":29.34,"y":3.67,"skX":1.41,"skY":1.41}}]},{"name":"tree9","display":[{"type":"mesh","name":"tree9","width":59,"height":45,"vertices":[1345.99,-546.36,1334.67,-536.52,1321.88,-530.96,1307.67,-530.95,1299.54,-535.18,1296.24,-541.32,1302.64,-551.16,1308.9,-555.39,1314.04,-565.09,1329.35,-575.93,1340.86,-574.41,1350.81,-565.38,1332.04,-552.38,1315.74,-542.22,1341.63,-566.4],"uvs":[0.87597,0.65759,0.68433,0.87626,0.46718,1,0.22636,1,0.08832,0.90613,0.03254,0.76959,0.14098,0.55097,0.24732,0.45654,0.3345,0.24109,0.5941,0,0.78935,0.03413,0.95769,0.23467,0.63966,0.52357,0.36304,0.74971,0.80237,0.2121],"triangles":[14,12,0,14,0,11,10,14,11,12,1,0,9,12,14,9,14,10,9,8,12,12,13,1,13,2,1,7,13,12,8,7,12,13,3,2,4,3,13,6,4,13,7,6,13,5,4,6],"weights":[1,6,1,2,12,0.42618,6,0.57381,1,12,1,1,12,1,1,12,1,1,12,1,1,12,1,2,12,0.97775,6,0.02224,2,12,0.54252,6,0.45747,2,12,0.0141,6,0.98589,2,12,0.00017,6,0.99982,1,6,1,2,12,0.10685,6,0.89314,1,12,1,1,6,0.99999],"slotPose":[1,0,0,1,0,0],"bonePose":[6,0.058784,-0.998271,0.998271,0.058784,1334.56,-550.03,12,-0.642386,-0.766381,0.766381,-0.642386,1323.07,-536.51],"edges":[5,4,4,3,3,2,2,1,1,0,0,11,11,10,10,9,9,8,8,7,7,6,6,5],"userEdges":[]}]},{"name":"boat","display":[{"name":"boat","transform":{"x":15.49,"y":8.5,"skX":91.54,"skY":91.54}}]},{"name":"tree5","display":[{"name":"tree5","transform":{"x":7.65,"y":-0.24,"skX":93.37,"skY":93.37}}]},{"name":"treef","display":[{"name":"treef","transform":{"x":22.35,"y":4.31,"skX":85.15,"skY":85.15}}]},{"name":"light","display":[{"name":"light","transform":{"x":5.05,"y":1.8,"skX":-86.62,"skY":-86.62}}]},{"name":"tree3","display":[{"name":"tree3","transform":{"x":8.92,"y":0.1,"skX":85.59,"skY":85.59}}]},{"name":"tree2","display":[{"name":"tree2","transform":{"x":10.08,"skX":90,"skY":90}}]},{"name":"light3","display":[{"name":"light","transform":{"x":5.25,"y":2.01,"skX":-96.57,"skY":-96.57}}]}]}],"animation":[{"duration":120,"name":"animation","bone":[{"name":"boat","translateFrame":[{"duration":30,"tweenEasing":0},{"duration":30,"tweenEasing":0,"y":1.17},{"duration":30,"tweenEasing":0},{"duration":30,"tweenEasing":0,"y":1.17},{"duration":0}],"scaleFrame":[{"duration":30,"tweenEasing":0},{"duration":30,"tweenEasing":0,"x":0.96,"y":1.05},{"duration":30,"tweenEasing":0},{"duration":30,"tweenEasing":0,"x":0.96,"y":1.05},{"duration":0}]},{"name":"flog2","translateFrame":[{"duration":60,"tweenEasing":0},{"duration":60,"tweenEasing":0,"x":25.59},{"duration":0}],"scaleFrame":[{"duration":60,"tweenEasing":0},{"duration":60,"tweenEasing":0,"x":1.72},{"duration":0}]},{"name":"flog1","translateFrame":[{"duration":60,"tweenEasing":0},{"duration":60,"tweenEasing":0,"x":-23.88},{"duration":0}],"scaleFrame":[{"duration":60,"tweenEasing":0},{"duration":60,"tweenEasing":0,"x":1.52},{"duration":0}]},{"name":"tree4","rotateFrame":[{"duration":60,"tweenEasing":0},{"duration":60,"tweenEasing":0,"rotate":-11.61},{"duration":0}]},{"name":"tree3","rotateFrame":[{"duration":60,"tweenEasing":0},{"duration":60,"tweenEasing":0,"rotate":8.8},{"duration":0}]},{"name":"tree6","rotateFrame":[{"duration":60,"tweenEasing":0},{"duration":60,"tweenEasing":0,"rotate":-12.36},{"duration":0}]},{"name":"tree5","rotateFrame":[{"duration":60,"tweenEasing":0},{"duration":60,"tweenEasing":0,"rotate":10.44},{"duration":0}]},{"name":"bone4","rotateFrame":[{"duration":15,"tweenEasing":0,"rotate":-12.64},{"duration":15,"tweenEasing":0,"rotate":17.62},{"duration":15,"tweenEasing":0,"rotate":-12.64},{"duration":15,"tweenEasing":0,"rotate":17.62},{"duration":15,"tweenEasing":0,"rotate":-12.64},{"duration":15,"tweenEasing":0,"rotate":17.62},{"duration":15,"tweenEasing":0,"rotate":-12.64},{"duration":15,"tweenEasing":0,"rotate":17.62},{"duration":0,"rotate":-12.64}]},{"name":"sand2","translateFrame":[{"duration":60,"tweenEasing":0},{"duration":60,"tweenEasing":0,"x":97.6},{"duration":0}]},{"name":"sand1","translateFrame":[{"duration":60,"tweenEasing":0},{"duration":60,"tweenEasing":0,"x":-91.63},{"duration":0}]},{"name":"tree1","rotateFrame":[{"duration":60,"tweenEasing":0},{"duration":60,"tweenEasing":0,"rotate":-15.8},{"duration":0}]},{"name":"tree2","rotateFrame":[{"duration":60,"tweenEasing":0},{"duration":60,"tweenEasing":0,"rotate":-14.92},{"duration":0}]},{"name":"treef","rotateFrame":[{"duration":60,"tweenEasing":0},{"duration":60,"tweenEasing":0,"rotate":15.74},{"duration":0}]},{"name":"light2","rotateFrame":[{"duration":60,"tweenEasing":0},{"duration":60,"tweenEasing":0,"rotate":-1.11},{"duration":0}]},{"name":"bone","translateFrame":[{"duration":60,"tweenEasing":0},{"duration":60,"tweenEasing":0,"x":-2.29,"y":-2.53},{"duration":0}]},{"name":"bone2","translateFrame":[{"duration":60,"tweenEasing":0},{"duration":60,"tweenEasing":0,"x":-2.63,"y":0.29},{"duration":0}],"rotateFrame":[{"duration":60,"tweenEasing":0},{"duration":60,"tweenEasing":0,"rotate":-3.21},{"duration":0}]},{"name":"tree","rotateFrame":[{"duration":60,"tweenEasing":0},{"duration":60,"tweenEasing":0,"rotate":6.73},{"duration":0}]},{"name":"bone3","rotateFrame":[{"duration":60,"tweenEasing":0},{"duration":60,"tweenEasing":0,"rotate":-5.12},{"duration":0}]},{"name":"light3","rotateFrame":[{"duration":30,"tweenEasing":0,"rotate":-16.43},{"duration":30,"tweenEasing":0,"rotate":21.37},{"duration":30,"tweenEasing":0,"rotate":-16.43},{"duration":30,"tweenEasing":0,"rotate":21.37},{"duration":0,"rotate":-16.43}]},{"name":"light4","rotateFrame":[{"duration":30,"tweenEasing":0,"rotate":16.21},{"duration":30,"tweenEasing":0,"rotate":-15.81},{"duration":30,"tweenEasing":0,"rotate":16.21},{"duration":30,"tweenEasing":0,"rotate":-15.81},{"duration":0,"rotate":16.21}]},{"name":"light","rotateFrame":[{"duration":30,"tweenEasing":0,"rotate":-17.91},{"duration":30,"tweenEasing":0,"rotate":16.48},{"duration":30,"tweenEasing":0,"rotate":-17.91},{"duration":30,"tweenEasing":0,"rotate":16.48},{"duration":0,"rotate":-17.91}]},{"name":"boat2","translateFrame":[{"duration":30,"tweenEasing":0},{"duration":30,"tweenEasing":0,"y":2.92},{"duration":30,"tweenEasing":0},{"duration":30,"tweenEasing":0,"y":2.92},{"duration":0}],"rotateFrame":[{"duration":30,"tweenEasing":0},{"duration":30,"tweenEasing":0,"rotate":1.38},{"duration":30,"tweenEasing":0},{"duration":30,"tweenEasing":0,"rotate":1.38},{"duration":0}],"scaleFrame":[{"duration":30,"tweenEasing":0},{"duration":30,"tweenEasing":0,"x":0.97,"y":1.02},{"duration":30,"tweenEasing":0},{"duration":30,"tweenEasing":0,"x":0.97,"y":1.02},{"duration":0}]},{"name":"tree7","rotateFrame":[{"duration":60,"tweenEasing":0},{"duration":60,"tweenEasing":0,"rotate":-11.54},{"duration":0}]},{"name":"tree8","rotateFrame":[{"duration":60,"tweenEasing":0},{"duration":60,"tweenEasing":0,"rotate":-5.75},{"duration":0}]},{"name":"tree9","rotateFrame":[{"duration":60,"tweenEasing":0},{"duration":60,"tweenEasing":0,"rotate":16.15},{"duration":0}]},{"name":"tree10","translateFrame":[{"duration":60,"tweenEasing":0},{"duration":60,"tweenEasing":0,"x":3.51},{"duration":0}],"rotateFrame":[{"duration":60,"tweenEasing":0},{"duration":60,"tweenEasing":0,"rotate":6.02},{"duration":0}]}],"slot":[{"name":"flog1","colorFrame":[{"duration":60,"tweenEasing":0},{"duration":60,"tweenEasing":0,"value":{"aM":51}},{"duration":0}]},{"name":"flog2","colorFrame":[{"duration":60,"tweenEasing":0},{"duration":60,"tweenEasing":0,"value":{"aM":51}},{"duration":0}]}]}],"defaultActions":[{"gotoAndPlay":"animation"}]}]}