{"frameRate":30,"isGlobal":0,"armature":[{"bone":[{"name":"root","transform":{}},{"transform":{},"name":"Fuji","parent":"root"},{"transform":{},"name":"buff_flo","parent":"root"},{"transform":{"y":9.19,"x":26.52},"name":"hand_r","parent":"root"},{"transform":{"y":-11.77,"x":21.28},"name":"arm_r","parent":"root"},{"transform":{"y":-13.48,"x":69.76},"name":"arm_l","parent":"root"},{"transform":{"y":-184.12},"name":"buff_up","parent":"root"},{"transform":{"y":-87.37},"name":"buff_mid","parent":"root"},{"transform":{"y":6.4,"x":-73.67},"name":"foot_r","parent":"root"},{"transform":{"y":-8.1,"x":-86.4},"name":"leg_r","parent":"root"},{"transform":{"y":-0.32,"x":-43.71},"name":"foot_l","parent":"root"},{"transform":{"y":-13.76,"x":-58.59},"name":"leg_l","parent":"root"},{"transform":{"y":4.18,"x":80},"name":"hand_l","parent":"root"},{"transform":{"y":-114.83,"x":-84.75},"name":"bip","parent":"Fuji"},{"length":76,"transform":{"y":16.09,"skX":111.93,"skY":111.93,"x":18.74},"parent":"bip","name":"Thigh_R"},{"length":40,"transform":{"y":-11.01,"skX":150.81,"skY":150.81,"x":-5.8},"parent":"bip","name":"Tail"},{"length":73,"transform":{"y":-1.43,"skX":11.33,"skY":11.33,"x":0.47},"parent":"bip","name":"Body"},{"length":73,"transform":{"y":14.83,"skX":110.34,"skY":110.34,"x":47.23},"parent":"bip","name":"Thigh_L"},{"length":63,"transform":{"y":1.22,"skX":-29.85,"skY":-29.85,"x":79.25},"parent":"Body","name":"spine"},{"length":18,"transform":{"y":0.36,"skX":-34.93,"skY":-34.93,"x":73.3},"parent":"Thigh_L","name":"Leg_L"},{"transform":{"y":59.54,"x":77.52},"name":"belly","parent":"Body"},{"length":20,"transform":{"y":0.46,"skX":-46.47,"skY":-46.47,"x":77.41},"parent":"Thigh_R","name":"Leg_R"},{"length":43,"transform":{"y":0.19,"skX":-3.55,"skY":-3.55,"x":40.69},"parent":"Tail","name":"Tail2"},{"length":18,"transform":{"y":-0.03,"skX":-16.92,"skY":-16.92,"x":20.74},"parent":"Leg_R","name":"Foot_R"},{"length":32,"transform":{"y":1.19,"skX":7.4,"skY":7.4,"x":71.22},"parent":"spine","name":"Neck"},{"length":57,"transform":{"skX":-13.74,"skY":-13.74,"x":43.35},"parent":"Tail2","name":"Tail3"},{"length":20,"transform":{"y":-0.07,"skX":-33.28,"skY":-33.28,"x":18.2},"parent":"Leg_L","name":"Foot_L"},{"length":66,"transform":{"y":6.09,"skX":121.51,"skY":121.51,"x":43.34},"parent":"spine","name":"UpArm_R"},{"length":63,"transform":{"y":17.23,"skX":92.35,"skY":92.35,"x":47.56},"parent":"spine","name":"UpArm_L"},{"length":69,"transform":{"y":-2.7,"skX":19.15,"skY":19.15,"x":28.31},"parent":"Neck","name":"Head"},{"length":31,"transform":{"y":0.23,"skX":-12.37,"skY":-12.37,"x":66.27},"parent":"UpArm_R","name":"Arm_R"},{"length":25,"transform":{"y":0.05,"skX":-3,"skY":-3,"x":63.25},"parent":"UpArm_L","name":"Arm_L"},{"length":20,"transform":{"y":0.13,"skX":-10.99,"skY":-10.99,"x":24.92},"parent":"Arm_L","name":"Hand_L"},{"length":22,"transform":{"y":0.12,"skX":-15.95,"skY":-15.95,"x":31.01},"parent":"Arm_R","name":"Hand_R"},{"length":17,"transform":{"y":-21.94,"skX":-67.58,"skY":-67.58,"x":19.6},"parent":"Head","name":"Ear_L"},{"length":20,"transform":{"y":-18.59,"skX":-126.38,"skY":-126.38,"x":7.79},"parent":"Head","name":"Ear_R"},{"length":22,"transform":{"y":0.29,"skX":-0.02,"skY":-0.02,"x":20.8},"parent":"Ear_R","name":"Ear_R2"},{"length":17,"transform":{"y":-0.04,"skX":3.67,"skY":3.67,"x":17.46},"parent":"Ear_L","name":"Ear_L2"}],"type":"Armature","frameRate":30,"animation":[{"bone":[{"frame":[{"transform":{},"duration":40},{"transform":{},"duration":0}],"name":"Fuji"},{"frame":[{"curve":[0.25,0,0.75,1],"transform":{},"duration":20},{"curve":[0.25,0,0.75,1],"transform":{"y":1.67,"skX":0.56,"skY":0.56,"x":-1.79},"duration":20},{"transform":{},"duration":0}],"name":"bip"},{"frame":[{"curve":[0.25,0,0.75,1],"transform":{},"duration":20},{"curve":[0.25,0,0.75,1],"transform":{"skX":4.32,"skY":4.32},"duration":20},{"transform":{},"duration":0}],"name":"Body"},{"frame":[{"curve":[0.25,0,0.75,1],"transform":{},"duration":20},{"curve":[0.25,0,0.75,1],"transform":{"skX":-7.38,"skY":-7.38},"duration":20},{"transform":{},"duration":0}],"name":"spine"},{"frame":[{"curve":[0.25,0,0.75,1],"transform":{},"duration":20},{"curve":[0.25,0,0.75,1],"transform":{"skX":-2.26,"skY":-2.26},"duration":20},{"transform":{},"duration":0}],"name":"Neck"},{"frame":[{"curve":[0.25,0,0.75,1],"transform":{},"duration":20},{"curve":[0.25,0,0.75,1],"transform":{"skX":4.07,"skY":4.07},"duration":20},{"transform":{},"duration":0}],"name":"Head"},{"frame":[{"curve":[0.25,0,0.75,1],"transform":{},"duration":20},{"curve":[0.25,0,0.75,1],"transform":{"skX":-11.11,"skY":-11.11},"duration":20},{"transform":{},"duration":0}],"name":"Ear_R"},{"frame":[{"curve":[0.25,0,0.75,1],"transform":{},"duration":20},{"curve":[0.25,0,0.75,1],"transform":{"skX":-11.11,"skY":-11.11},"duration":20},{"transform":{},"duration":0}],"name":"Ear_R2"},{"frame":[{"curve":[0.25,0,0.75,1],"transform":{},"duration":20},{"curve":[0.25,0,0.75,1],"transform":{"skX":18.41,"skY":18.41},"duration":20},{"transform":{},"duration":0}],"name":"Ear_L"},{"frame":[{"curve":[0.25,0,0.75,1],"transform":{},"duration":20},{"curve":[0.25,0,0.75,1],"transform":{"skX":10.9,"skY":10.9},"duration":20},{"transform":{},"duration":0}],"name":"Ear_L2"},{"frame":[{"transform":{},"duration":40},{"transform":{},"duration":0}],"name":"UpArm_R"},{"frame":[{"transform":{},"duration":40},{"transform":{},"duration":0}],"name":"Arm_R"},{"frame":[{"transform":{},"duration":40},{"transform":{},"duration":0}],"name":"Hand_R"},{"frame":[{"transform":{},"duration":40},{"transform":{},"duration":0}],"name":"UpArm_L"},{"frame":[{"transform":{},"duration":40},{"transform":{},"duration":0}],"name":"Arm_L"},{"frame":[{"transform":{},"duration":40},{"transform":{},"duration":0}],"name":"Hand_L"},{"frame":[{"transform":{},"duration":40},{"transform":{},"duration":0}],"name":"Thigh_R"},{"frame":[{"transform":{},"duration":40},{"transform":{},"duration":0}],"name":"Leg_R"},{"frame":[{"transform":{},"duration":40},{"transform":{},"duration":0}],"name":"Foot_R"},{"frame":[{"transform":{},"duration":40},{"transform":{},"duration":0}],"name":"Thigh_L"},{"frame":[{"transform":{},"duration":40},{"transform":{},"duration":0}],"name":"Leg_L"},{"frame":[{"transform":{},"duration":40},{"transform":{},"duration":0}],"name":"Foot_L"},{"frame":[{"curve":[0.25,0,0.75,1],"transform":{},"duration":20},{"curve":[0.25,0,0.75,1],"transform":{"skX":-7.56,"skY":-7.56},"duration":20},{"transform":{},"duration":0}],"name":"Tail"},{"frame":[{"curve":[0.25,0,0.75,1],"transform":{},"duration":20},{"curve":[0.25,0,0.75,1],"transform":{"skX":-8.47,"skY":-8.47},"duration":20},{"transform":{},"duration":0}],"name":"Tail2"},{"frame":[{"curve":[0.25,0,0.75,1],"transform":{},"duration":20},{"curve":[0.25,0,0.75,1],"transform":{"skX":-18.67,"skY":-18.67},"duration":20},{"transform":{},"duration":0}],"name":"Tail3"},{"frame":[{"transform":{},"duration":40},{"transform":{},"duration":0}],"name":"hand_r"},{"frame":[{"transform":{},"duration":40},{"transform":{},"duration":0}],"name":"hand_l"},{"frame":[{"transform":{},"duration":40},{"transform":{},"duration":0}],"name":"leg_r"},{"frame":[{"transform":{},"duration":40},{"transform":{},"duration":0}],"name":"leg_l"},{"frame":[{"transform":{},"duration":40},{"transform":{},"duration":0}],"name":"arm_l"},{"frame":[{"transform":{},"duration":40},{"transform":{},"duration":0}],"name":"foot_l"},{"frame":[{"transform":{},"duration":40},{"transform":{},"duration":0}],"name":"arm_r"},{"frame":[{"transform":{},"duration":40},{"transform":{},"duration":0}],"name":"foot_r"},{"frame":[{"curve":[0.25,0,0.75,1],"transform":{},"duration":20},{"curve":[0.25,0,0.75,1],"transform":{"scY":1.141,"y":5.72,"skX":-0.74,"skY":-0.74,"scX":1.141,"x":-2.69},"duration":20},{"transform":{},"duration":0}],"name":"belly"},{"frame":[{"transform":{},"duration":40}],"name":"root"},{"frame":[{"transform":{},"duration":40}],"name":"buff_flo"},{"frame":[{"transform":{},"duration":40}],"name":"buff_up"},{"frame":[{"transform":{},"duration":40}],"name":"buff_mid"}],"slot":[{"frame":[{"displayIndex":-1,"tweenEasing":0,"duration":40},{"displayIndex":-1,"tweenEasing":null,"duration":0}],"name":"Eye"}],"ffd":[],"frame":[],"name":"0000_daiji","duration":40,"ik":[]},{"bone":[{"frame":[{"transform":{},"duration":32},{"transform":{},"duration":0}],"name":"Fuji"},{"frame":[{"curve":[0.25,0,0.75,1],"transform":{"y":-2},"duration":4},{"curve":[0.25,0,0.75,1],"transform":{"y":-5.4},"duration":4},{"curve":[0.25,0,0.75,1],"transform":{"y":-16.33,"skX":3.07,"skY":3.07},"duration":4},{"curve":[0.25,0,0.75,1],"transform":{"y":-5.08,"skX":3.07,"skY":3.07},"duration":4},{"curve":[0.25,0,0.75,1],"transform":{"y":-2},"duration":4},{"curve":[0.25,0,0.75,1],"transform":{"y":-5.4},"duration":4},{"curve":[0.25,0,0.75,1],"transform":{"y":-16.33,"skX":3.07,"skY":3.07},"duration":4},{"curve":[0.25,0,0.75,1],"transform":{"y":-5.08,"skX":3.07,"skY":3.07},"duration":4},{"transform":{"y":-2},"duration":0}],"name":"bip"},{"frame":[{"curve":[0.25,0,0.75,1],"transform":{"skX":5.23,"skY":5.23},"duration":4},{"curve":[0.25,0,0.75,1],"transform":{"skX":7.44,"skY":7.44},"duration":4},{"curve":[0.25,0,0.75,1],"transform":{"skX":-3.27,"skY":-3.27},"duration":4},{"curve":[0.25,0,0.75,1],"transform":{"skX":-5.53,"skY":-5.53},"duration":4},{"curve":[0.25,0,0.75,1],"transform":{"skX":5.23,"skY":5.23},"duration":4},{"curve":[0.25,0,0.75,1],"transform":{"skX":7.44,"skY":7.44},"duration":4},{"curve":[0.25,0,0.75,1],"transform":{"skX":-3.27,"skY":-3.27},"duration":4},{"curve":[0.25,0,0.75,1],"transform":{"skX":-5.53,"skY":-5.53},"duration":4},{"transform":{"skX":5.23,"skY":5.23},"duration":0}],"name":"Body"},{"frame":[{"curve":[0.25,0,0.75,1],"transform":{"skX":-5.05,"skY":-5.05},"duration":2},{"curve":[0.25,0,0.75,1],"transform":{"skX":-3.74,"skY":-3.74},"duration":2},{"curve":[0.25,0,0.75,1],"transform":{"skX":-5.04,"skY":-5.04},"duration":2},{"curve":[0.25,0,0.75,1],"transform":{"skX":4.8,"skY":4.8},"duration":2},{"curve":[0.25,0,0.75,1],"transform":{"skX":13.58,"skY":13.58},"duration":2},{"curve":[0.25,0,0.75,1],"transform":{"skX":10.88,"skY":10.88},"duration":2},{"curve":[0.25,0,0.75,1],"transform":{"skX":6.74,"skY":6.74},"duration":2},{"curve":[0.25,0,0.75,1],"transform":{"skX":-0.34,"skY":-0.34},"duration":2},{"curve":[0.25,0,0.75,1],"transform":{"skX":-5.05,"skY":-5.05},"duration":2},{"curve":[0.25,0,0.75,1],"transform":{"skX":-3.74,"skY":-3.74},"duration":2},{"curve":[0.25,0,0.75,1],"transform":{"skX":-5.04,"skY":-5.04},"duration":2},{"curve":[0.25,0,0.75,1],"transform":{"skX":4.8,"skY":4.8},"duration":2},{"curve":[0.25,0,0.75,1],"transform":{"skX":13.58,"skY":13.58},"duration":2},{"curve":[0.25,0,0.75,1],"transform":{"skX":10.88,"skY":10.88},"duration":2},{"curve":[0.25,0,0.75,1],"transform":{"skX":6.74,"skY":6.74},"duration":2},{"curve":[0.25,0,0.75,1],"transform":{"skX":-0.34,"skY":-0.34},"duration":2},{"transform":{"skX":-5.05,"skY":-5.05},"duration":0}],"name":"spine"},{"frame":[{"curve":[0.25,0,0.75,1],"transform":{"skX":3.62,"skY":3.62},"duration":2},{"curve":[0.25,0,0.75,1],"transform":{"skX":3.38,"skY":3.38},"duration":2},{"curve":[0.25,0,0.75,1],"transform":{"skX":3.67,"skY":3.67},"duration":2},{"curve":[0.25,0,0.75,1],"transform":{"skX":5.71,"skY":5.71},"duration":2},{"curve":[0.25,0,0.75,1],"transform":{"skX":3.96,"skY":3.96},"duration":2},{"curve":[0.25,0,0.75,1],"transform":{"skX":4.41,"skY":4.41},"duration":2},{"curve":[0.25,0,0.75,1],"transform":{"skX":4.9,"skY":4.9},"duration":2},{"curve":[0.25,0,0.75,1],"transform":{"skX":1.94,"skY":1.94},"duration":2},{"curve":[0.25,0,0.75,1],"transform":{"skX":3.62,"skY":3.62},"duration":2},{"curve":[0.25,0,0.75,1],"transform":{"skX":3.38,"skY":3.38},"duration":2},{"curve":[0.25,0,0.75,1],"transform":{"skX":3.67,"skY":3.67},"duration":2},{"curve":[0.25,0,0.75,1],"transform":{"skX":5.71,"skY":5.71},"duration":2},{"curve":[0.25,0,0.75,1],"transform":{"skX":3.96,"skY":3.96},"duration":2},{"curve":[0.25,0,0.75,1],"transform":{"skX":4.41,"skY":4.41},"duration":2},{"curve":[0.25,0,0.75,1],"transform":{"skX":4.9,"skY":4.9},"duration":2},{"curve":[0.25,0,0.75,1],"transform":{"skX":1.94,"skY":1.94},"duration":2},{"transform":{"skX":3.62,"skY":3.62},"duration":0}],"name":"Neck"},{"frame":[{"curve":[0.25,0,0.75,1],"transform":{"skX":1.19,"skY":1.19},"duration":2},{"curve":[0.25,0,0.75,1],"transform":{"skX":-0.5,"skY":-0.5},"duration":2},{"curve":[0.25,0,0.75,1],"transform":{"skX":-0.65,"skY":-0.65},"duration":2},{"curve":[0.25,0,0.75,1],"transform":{"skX":-3.98,"skY":-3.98},"duration":2},{"curve":[0.25,0,0.75,1],"transform":{"skX":-0.74,"skY":-0.74},"duration":2},{"curve":[0.25,0,0.75,1],"transform":{"skX":3.79,"skY":3.79},"duration":2},{"curve":[0.25,0,0.75,1],"transform":{"skX":1.59,"skY":1.59},"duration":2},{"curve":[0.25,0,0.75,1],"transform":{"skX":1.59,"skY":1.59},"duration":2},{"curve":[0.25,0,0.75,1],"transform":{"skX":1.19,"skY":1.19},"duration":2},{"curve":[0.25,0,0.75,1],"transform":{"skX":-0.5,"skY":-0.5},"duration":2},{"curve":[0.25,0,0.75,1],"transform":{"skX":-0.65,"skY":-0.65},"duration":2},{"curve":[0.25,0,0.75,1],"transform":{"skX":-3.98,"skY":-3.98},"duration":2},{"curve":[0.25,0,0.75,1],"transform":{"skX":-0.74,"skY":-0.74},"duration":2},{"curve":[0.25,0,0.75,1],"transform":{"skX":3.79,"skY":3.79},"duration":2},{"curve":[0.25,0,0.75,1],"transform":{"skX":1.59,"skY":1.59},"duration":2},{"curve":[0.25,0,0.75,1],"transform":{"skX":1.59,"skY":1.59},"duration":2},{"transform":{"skX":1.19,"skY":1.19},"duration":0}],"name":"Head"},{"frame":[{"curve":[0.25,0,0.75,1],"transform":{},"duration":8},{"curve":[0.25,0,0.75,1],"transform":{"skX":-9.12,"skY":-9.12},"duration":8},{"curve":[0.25,0,0.75,1],"transform":{},"duration":8},{"curve":[0.25,0,0.75,1],"transform":{"skX":-9.12,"skY":-9.12},"duration":8},{"transform":{},"duration":0}],"name":"Ear_R"},{"frame":[{"curve":[0.25,0,0.75,1],"transform":{},"duration":8},{"curve":[0.25,0,0.75,1],"transform":{"skX":-12.88,"skY":-12.88},"duration":8},{"curve":[0.25,0,0.75,1],"transform":{},"duration":8},{"curve":[0.25,0,0.75,1],"transform":{"skX":-12.88,"skY":-12.88},"duration":8},{"transform":{},"duration":0}],"name":"Ear_R2"},{"frame":[{"curve":[0.25,0,0.75,1],"transform":{},"duration":8},{"curve":[0.25,0,0.75,1],"transform":{"skX":8.87,"skY":8.87},"duration":8},{"curve":[0.25,0,0.75,1],"transform":{},"duration":8},{"curve":[0.25,0,0.75,1],"transform":{"skX":8.87,"skY":8.87},"duration":8},{"transform":{},"duration":0}],"name":"Ear_L"},{"frame":[{"curve":[0.25,0,0.75,1],"transform":{},"duration":8},{"curve":[0.25,0,0.75,1],"transform":{"skX":11.94,"skY":11.94},"duration":8},{"curve":[0.25,0,0.75,1],"transform":{},"duration":8},{"curve":[0.25,0,0.75,1],"transform":{"skX":11.94,"skY":11.94},"duration":8},{"transform":{},"duration":0}],"name":"Ear_L2"},{"frame":[{"curve":[0.25,0,0.75,1],"transform":{"skX":-44.14,"skY":-44.14,"scX":1.006},"duration":2},{"curve":[0.25,0,0.75,1],"transform":{"skX":-22.39,"skY":-22.39,"scX":0.886},"duration":2},{"curve":[0.25,0,0.75,1],"transform":{"skX":-2.54,"skY":-2.54,"scX":0.853},"duration":1},{"curve":[0.25,0,0.75,1],"transform":{"skX":9.96,"skY":9.96,"scX":0.853},"duration":1},{"curve":[0.25,0,0.75,1],"transform":{"skX":8.41,"skY":8.41,"scX":1.008},"duration":2},{"curve":[0.25,0,0.75,1],"transform":{"scY":0.983,"skX":27.61,"skY":27.61,"scX":1.051},"duration":1},{"curve":[0.25,0,0.75,1],"transform":{"scY":0.983,"skX":18.4,"skY":18.4,"scX":1.051},"duration":1},{"curve":[0.25,0,0.75,1],"transform":{"scY":0.987,"skX":19.21,"skY":19.21,"scX":1.011},"duration":2},{"curve":[0.25,0,0.75,1],"transform":{"scY":0.991,"skX":-15.86,"skY":-15.86,"scX":0.903},"duration":2},{"curve":[0.25,0,0.75,1],"transform":{"scY":0.995,"skX":-50.25,"skY":-50.25,"scX":1.002},"duration":2},{"curve":[0.25,0,0.75,1],"transform":{"skX":-44.14,"skY":-44.14,"scX":1.006},"duration":2},{"curve":[0.25,0,0.75,1],"transform":{"skX":-22.39,"skY":-22.39,"scX":0.886},"duration":2},{"curve":[0.25,0,0.75,1],"transform":{"skX":-2.54,"skY":-2.54,"scX":0.853},"duration":1},{"curve":[0.25,0,0.75,1],"transform":{"skX":9.96,"skY":9.96,"scX":0.853},"duration":1},{"curve":[0.25,0,0.75,1],"transform":{"skX":8.41,"skY":8.41,"scX":1.008},"duration":2},{"curve":[0.25,0,0.75,1],"transform":{"scY":0.983,"skX":27.61,"skY":27.61,"scX":1.051},"duration":1},{"curve":[0.25,0,0.75,1],"transform":{"scY":0.983,"skX":18.4,"skY":18.4,"scX":1.051},"duration":1},{"curve":[0.25,0,0.75,1],"transform":{"scY":0.987,"skX":19.21,"skY":19.21,"scX":1.011},"duration":2},{"curve":[0.25,0,0.75,1],"transform":{"scY":0.991,"skX":-15.86,"skY":-15.86,"scX":0.903},"duration":2},{"curve":[0.25,0,0.75,1],"transform":{"scY":0.995,"skX":-50.25,"skY":-50.25,"scX":1.002},"duration":2},{"transform":{"skX":-44.14,"skY":-44.14,"scX":1.006},"duration":0}],"name":"UpArm_R"},{"frame":[{"curve":[0.25,0,0.75,1],"transform":{"skX":20.1,"skY":20.1},"duration":1},{"curve":[0.25,0,0.75,1],"transform":{"skX":13.82,"skY":13.82},"duration":1},{"curve":[0.25,0,0.75,1],"transform":{"skX":2.61,"skY":2.61},"duration":2},{"curve":[0.25,0,0.75,1],"transform":{"skX":3.26,"skY":3.26},"duration":1},{"curve":[0.25,0,0.75,1],"transform":{"skX":1.54,"skY":1.54},"duration":1},{"curve":[0.25,0,0.75,1],"transform":{"skX":16.09,"skY":16.09},"duration":1},{"curve":[0.25,0,0.75,1],"transform":{"skX":17.87,"skY":17.87},"duration":1},{"curve":[0.25,0,0.75,1],"transform":{"skX":28.85,"skY":28.85},"duration":1},{"curve":[0.25,0,0.75,1],"transform":{"skX":27.33,"skY":27.33},"duration":1},{"curve":[0.25,0,0.75,1],"transform":{"skX":-3.16,"skY":-3.16},"duration":2},{"curve":[0.25,0,0.75,1],"transform":{"skX":-27.39,"skY":-27.39},"duration":2},{"curve":[0.25,0,0.75,1],"transform":{"skX":5.8,"skY":5.8},"duration":2},{"curve":[0.25,0,0.75,1],"transform":{"skX":20.1,"skY":20.1},"duration":1},{"curve":[0.25,0,0.75,1],"transform":{"skX":13.82,"skY":13.82},"duration":1},{"curve":[0.25,0,0.75,1],"transform":{"skX":2.61,"skY":2.61},"duration":2},{"curve":[0.25,0,0.75,1],"transform":{"skX":3.26,"skY":3.26},"duration":1},{"curve":[0.25,0,0.75,1],"transform":{"skX":1.54,"skY":1.54},"duration":1},{"curve":[0.25,0,0.75,1],"transform":{"skX":16.09,"skY":16.09},"duration":1},{"curve":[0.25,0,0.75,1],"transform":{"skX":17.87,"skY":17.87},"duration":1},{"curve":[0.25,0,0.75,1],"transform":{"skX":28.85,"skY":28.85},"duration":1},{"curve":[0.25,0,0.75,1],"transform":{"skX":27.33,"skY":27.33},"duration":1},{"curve":[0.25,0,0.75,1],"transform":{"skX":-3.16,"skY":-3.16},"duration":2},{"curve":[0.25,0,0.75,1],"transform":{"skX":-27.39,"skY":-27.39},"duration":2},{"curve":[0.25,0,0.75,1],"transform":{"skX":5.8,"skY":5.8},"duration":2},{"transform":{"skX":20.1,"skY":20.1},"duration":0}],"name":"Arm_R"},{"frame":[{"curve":[0.25,0,0.75,1],"transform":{"skX":14.32,"skY":14.32},"duration":1},{"curve":[0.25,0,0.75,1],"transform":{"skX":21.08,"skY":21.08},"duration":1},{"curve":[0.25,0,0.75,1],"transform":{"skX":17.99,"skY":17.99},"duration":2},{"curve":[0.25,0,0.75,1],"transform":{"skX":-8.64,"skY":-8.64},"duration":1},{"curve":[0.25,0,0.75,1],"transform":{"skX":-20.74,"skY":-20.74},"duration":1},{"curve":[0.25,0,0.75,1],"transform":{"skX":-33.02,"skY":-33.02},"duration":1},{"curve":[0.25,0,0.75,1],"transform":{"skX":-0.36,"skY":-0.36},"duration":1},{"curve":[0.25,0,0.75,1],"transform":{"skX":48.18,"skY":48.18},"duration":1},{"curve":[0.25,0,0.75,1],"transform":{"skX":39.93,"skY":39.93},"duration":1},{"curve":[0.25,0,0.75,1],"transform":{"skX":55.97,"skY":55.97},"duration":2},{"curve":[0.25,0,0.75,1],"transform":{"skX":56.98,"skY":56.98},"duration":2},{"curve":[0.25,0,0.75,1],"transform":{"skX":20.99,"skY":20.99},"duration":2},{"curve":[0.25,0,0.75,1],"transform":{"skX":14.32,"skY":14.32},"duration":1},{"curve":[0.25,0,0.75,1],"transform":{"skX":21.08,"skY":21.08},"duration":1},{"curve":[0.25,0,0.75,1],"transform":{"skX":17.99,"skY":17.99},"duration":2},{"curve":[0.25,0,0.75,1],"transform":{"skX":-8.64,"skY":-8.64},"duration":1},{"curve":[0.25,0,0.75,1],"transform":{"skX":-20.74,"skY":-20.74},"duration":1},{"curve":[0.25,0,0.75,1],"transform":{"skX":-33.02,"skY":-33.02},"duration":1},{"curve":[0.25,0,0.75,1],"transform":{"skX":-0.36,"skY":-0.36},"duration":1},{"curve":[0.25,0,0.75,1],"transform":{"skX":48.18,"skY":48.18},"duration":1},{"curve":[0.25,0,0.75,1],"transform":{"skX":39.93,"skY":39.93},"duration":1},{"curve":[0.25,0,0.75,1],"transform":{"skX":55.97,"skY":55.97},"duration":2},{"curve":[0.25,0,0.75,1],"transform":{"skX":56.98,"skY":56.98},"duration":2},{"curve":[0.25,0,0.75,1],"transform":{"skX":20.99,"skY":20.99},"duration":2},{"transform":{"skX":14.32,"skY":14.32},"duration":0}],"name":"Hand_R"},{"frame":[{"curve":[0.25,0,0.75,1],"transform":{"skX":31.2,"skY":31.2,"scX":0.845},"duration":1},{"curve":[0.25,0,0.75,1],"transform":{"skX":-7.32,"skY":-7.32,"scX":0.739},"duration":1},{"curve":[0.25,0,0.75,1],"transform":{"skX":-27.78,"skY":-27.78,"scX":0.735},"duration":1},{"curve":[0.25,0,0.75,1],"transform":{"skX":-43.83,"skY":-43.83,"scX":1.005},"duration":1},{"curve":[0.25,0,0.75,1],"transform":{"skX":-29.44,"skY":-29.44,"scX":1.075},"duration":1},{"curve":[0.25,0,0.75,1],"transform":{"skX":-22.58,"skY":-22.58,"scX":0.975},"duration":1},{"curve":[0.25,0,0.75,1],"transform":{"skX":-19.84,"skY":-19.84,"scX":1.009},"duration":1},{"curve":[0.25,0,0.75,1],"transform":{"skX":-3.86,"skY":-3.86,"scX":1.016},"duration":1},{"curve":[0.25,0,0.75,1],"transform":{"skX":3.15,"skY":3.15,"scX":1.056},"duration":1},{"curve":[0.25,0,0.75,1],"transform":{"skX":10.48,"skY":10.48,"scX":1.076},"duration":1},{"curve":[0.25,0,0.75,1],"transform":{"skX":24.41,"skY":24.41,"scX":1.155},"duration":1},{"curve":[0.25,0,0.75,1],"transform":{"skX":32.42,"skY":32.42,"scX":1.173},"duration":1},{"curve":[0.25,0,0.75,1],"transform":{"skX":33.31,"skY":33.31,"scX":1.122},"duration":1},{"curve":[0.25,0,0.75,1],"transform":{"skX":39.16,"skY":39.16,"scX":1.122},"duration":1},{"curve":[0.25,0,0.75,1],"transform":{"skX":41.5,"skY":41.5,"scX":1.122},"duration":1},{"curve":[0.25,0,0.75,1],"transform":{"skX":31.67,"skY":31.67,"scX":0.909},"duration":1},{"curve":[0.25,0,0.75,1],"transform":{"skX":31.2,"skY":31.2,"scX":0.845},"duration":1},{"curve":[0.25,0,0.75,1],"transform":{"skX":-7.32,"skY":-7.32,"scX":0.739},"duration":1},{"curve":[0.25,0,0.75,1],"transform":{"skX":-27.78,"skY":-27.78,"scX":0.735},"duration":1},{"curve":[0.25,0,0.75,1],"transform":{"skX":-43.83,"skY":-43.83,"scX":1.005},"duration":1},{"curve":[0.25,0,0.75,1],"transform":{"skX":-29.44,"skY":-29.44,"scX":1.075},"duration":1},{"curve":[0.25,0,0.75,1],"transform":{"skX":-22.58,"skY":-22.58,"scX":0.975},"duration":1},{"curve":[0.25,0,0.75,1],"transform":{"skX":-19.84,"skY":-19.84,"scX":1.009},"duration":1},{"curve":[0.25,0,0.75,1],"transform":{"skX":-3.86,"skY":-3.86,"scX":1.016},"duration":1},{"curve":[0.25,0,0.75,1],"transform":{"skX":3.15,"skY":3.15,"scX":1.056},"duration":1},{"curve":[0.25,0,0.75,1],"transform":{"skX":10.48,"skY":10.48,"scX":1.076},"duration":1},{"curve":[0.25,0,0.75,1],"transform":{"skX":24.41,"skY":24.41,"scX":1.155},"duration":1},{"curve":[0.25,0,0.75,1],"transform":{"skX":32.42,"skY":32.42,"scX":1.173},"duration":1},{"curve":[0.25,0,0.75,1],"transform":{"skX":33.31,"skY":33.31,"scX":1.122},"duration":1},{"curve":[0.25,0,0.75,1],"transform":{"skX":39.16,"skY":39.16,"scX":1.122},"duration":1},{"curve":[0.25,0,0.75,1],"transform":{"skX":41.5,"skY":41.5,"scX":1.122},"duration":1},{"curve":[0.25,0,0.75,1],"transform":{"skX":31.67,"skY":31.67,"scX":0.909},"duration":1},{"transform":{"skX":31.2,"skY":31.2,"scX":0.845},"duration":0}],"name":"UpArm_L"},{"frame":[{"curve":[0.25,0,0.75,1],"transform":{"skX":-6.67,"skY":-6.67},"duration":1},{"curve":[0.25,0,0.75,1],"transform":{"skX":22.29,"skY":22.29},"duration":1},{"curve":[0.25,0,0.75,1],"transform":{"skX":5.86,"skY":5.86},"duration":1},{"curve":[0.25,0,0.75,1],"transform":{"skX":-10.84,"skY":-10.84},"duration":1},{"curve":[0.25,0,0.75,1],"transform":{"skX":-10.97,"skY":-10.97},"duration":1},{"curve":[0.25,0,0.75,1],"transform":{"skX":-7.08,"skY":-7.08},"duration":1},{"curve":[0.25,0,0.75,1],"transform":{"skX":0.73,"skY":0.73},"duration":1},{"curve":[0.25,0,0.75,1],"transform":{"skX":2.82,"skY":2.82},"duration":1},{"curve":[0.25,0,0.75,1],"transform":{"skX":5.82,"skY":5.82},"duration":1},{"curve":[0.25,0,0.75,1],"transform":{"skX":10.14,"skY":10.14},"duration":1},{"curve":[0.25,0,0.75,1],"transform":{"skX":8.47,"skY":8.47},"duration":1},{"curve":[0.25,0,0.75,1],"transform":{"skX":19.98,"skY":19.98},"duration":1},{"curve":[0.25,0,0.75,1],"transform":{"skX":31.77,"skY":31.77},"duration":1},{"curve":[0.25,0,0.75,1],"transform":{"skX":15.25,"skY":15.25},"duration":1},{"curve":[0.25,0,0.75,1],"transform":{"skX":11.23,"skY":11.23},"duration":1},{"curve":[0.25,0,0.75,1],"transform":{"skX":3.12,"skY":3.12},"duration":1},{"curve":[0.25,0,0.75,1],"transform":{"skX":-6.67,"skY":-6.67},"duration":1},{"curve":[0.25,0,0.75,1],"transform":{"skX":22.29,"skY":22.29},"duration":1},{"curve":[0.25,0,0.75,1],"transform":{"skX":5.86,"skY":5.86},"duration":1},{"curve":[0.25,0,0.75,1],"transform":{"skX":-10.84,"skY":-10.84},"duration":1},{"curve":[0.25,0,0.75,1],"transform":{"skX":-10.97,"skY":-10.97},"duration":1},{"curve":[0.25,0,0.75,1],"transform":{"skX":-7.08,"skY":-7.08},"duration":1},{"curve":[0.25,0,0.75,1],"transform":{"skX":0.73,"skY":0.73},"duration":1},{"curve":[0.25,0,0.75,1],"transform":{"skX":2.82,"skY":2.82},"duration":1},{"curve":[0.25,0,0.75,1],"transform":{"skX":5.82,"skY":5.82},"duration":1},{"curve":[0.25,0,0.75,1],"transform":{"skX":10.14,"skY":10.14},"duration":1},{"curve":[0.25,0,0.75,1],"transform":{"skX":8.47,"skY":8.47},"duration":1},{"curve":[0.25,0,0.75,1],"transform":{"skX":19.98,"skY":19.98},"duration":1},{"curve":[0.25,0,0.75,1],"transform":{"skX":31.77,"skY":31.77},"duration":1},{"curve":[0.25,0,0.75,1],"transform":{"skX":15.25,"skY":15.25},"duration":1},{"curve":[0.25,0,0.75,1],"transform":{"skX":11.23,"skY":11.23},"duration":1},{"curve":[0.25,0,0.75,1],"transform":{"skX":3.12,"skY":3.12},"duration":1},{"transform":{"skX":-6.67,"skY":-6.67},"duration":0}],"name":"Arm_L"},{"frame":[{"curve":[0.25,0,0.75,1],"transform":{"skX":-2.03,"skY":-2.03},"duration":1},{"curve":[0.25,0,0.75,1],"transform":{"skX":22.86,"skY":22.86},"duration":1},{"curve":[0.25,0,0.75,1],"transform":{"skX":30.57,"skY":30.57},"duration":1},{"curve":[0.25,0,0.75,1],"transform":{"skX":2.25,"skY":2.25},"duration":1},{"curve":[0.25,0,0.75,1],"transform":{"skX":31.88,"skY":31.88},"duration":1},{"curve":[0.25,0,0.75,1],"transform":{"skX":20.19,"skY":20.19},"duration":1},{"curve":[0.25,0,0.75,1],"transform":{"skX":7.29,"skY":7.29},"duration":1},{"curve":[0.25,0,0.75,1],"transform":{"skX":-7.74,"skY":-7.74},"duration":1},{"curve":[0.25,0,0.75,1],"transform":{"skX":-20.97,"skY":-20.97},"duration":1},{"curve":[0.25,0,0.75,1],"transform":{"skX":-31.47,"skY":-31.47},"duration":1},{"curve":[0.25,0,0.75,1],"transform":{"skX":-36.36,"skY":-36.36},"duration":1},{"curve":[0.25,0,0.75,1],"transform":{"skX":-34.73,"skY":-34.73},"duration":1},{"curve":[0.25,0,0.75,1],"transform":{"skX":-12.55,"skY":-12.55},"duration":1},{"curve":[0.25,0,0.75,1],"transform":{"skX":11.56,"skY":11.56},"duration":1},{"curve":[0.25,0,0.75,1],"transform":{"skX":4.8,"skY":4.8},"duration":1},{"curve":[0.25,0,0.75,1],"transform":{"skX":-6.15,"skY":-6.15},"duration":1},{"curve":[0.25,0,0.75,1],"transform":{"skX":-2.03,"skY":-2.03},"duration":1},{"curve":[0.25,0,0.75,1],"transform":{"skX":22.86,"skY":22.86},"duration":1},{"curve":[0.25,0,0.75,1],"transform":{"skX":30.57,"skY":30.57},"duration":1},{"curve":[0.25,0,0.75,1],"transform":{"skX":2.25,"skY":2.25},"duration":1},{"curve":[0.25,0,0.75,1],"transform":{"skX":31.88,"skY":31.88},"duration":1},{"curve":[0.25,0,0.75,1],"transform":{"skX":20.19,"skY":20.19},"duration":1},{"curve":[0.25,0,0.75,1],"transform":{"skX":7.29,"skY":7.29},"duration":1},{"curve":[0.25,0,0.75,1],"transform":{"skX":-7.74,"skY":-7.74},"duration":1},{"curve":[0.25,0,0.75,1],"transform":{"skX":-20.97,"skY":-20.97},"duration":1},{"curve":[0.25,0,0.75,1],"transform":{"skX":-31.47,"skY":-31.47},"duration":1},{"curve":[0.25,0,0.75,1],"transform":{"skX":-36.36,"skY":-36.36},"duration":1},{"curve":[0.25,0,0.75,1],"transform":{"skX":-34.73,"skY":-34.73},"duration":1},{"curve":[0.25,0,0.75,1],"transform":{"skX":-12.55,"skY":-12.55},"duration":1},{"curve":[0.25,0,0.75,1],"transform":{"skX":11.56,"skY":11.56},"duration":1},{"curve":[0.25,0,0.75,1],"transform":{"skX":4.8,"skY":4.8},"duration":1},{"curve":[0.25,0,0.75,1],"transform":{"skX":-6.15,"skY":-6.15},"duration":1},{"transform":{"skX":-2.03,"skY":-2.03},"duration":0}],"name":"Hand_L"},{"frame":[{"curve":[0.25,0,0.75,1],"transform":{},"duration":2},{"curve":[0.25,0,0.75,1],"transform":{"skX":12.55,"skY":12.55},"duration":2},{"curve":[0.25,0,0.75,1],"transform":{"scY":0.982,"skX":21.23,"skY":21.23,"scX":1.029},"duration":2},{"curve":[0.25,0,0.75,1],"transform":{"scY":0.991,"skX":40.16,"skY":40.16,"scX":1.049},"duration":2},{"curve":[0.25,0,0.75,1],"transform":{"skX":28.29,"skY":28.29,"scX":0.998},"duration":2},{"curve":[0.25,0,0.75,1],"transform":{"skX":-6.58,"skY":-6.58,"scX":0.933},"duration":2},{"curve":[0.25,0,0.75,1],"transform":{"skX":-52.8,"skY":-52.8,"scX":1.055},"duration":2},{"curve":[0.25,0,0.75,1],"transform":{"skX":-37.7,"skY":-37.7,"scX":1.002},"duration":1},{"curve":[0.25,0,0.75,1],"transform":{"skX":-16.92,"skY":-16.92,"scX":0.983},"duration":1},{"curve":[0.25,0,0.75,1],"transform":{},"duration":2},{"curve":[0.25,0,0.75,1],"transform":{"skX":12.55,"skY":12.55},"duration":2},{"curve":[0.25,0,0.75,1],"transform":{"scY":0.982,"skX":21.23,"skY":21.23,"scX":1.029},"duration":2},{"curve":[0.25,0,0.75,1],"transform":{"scY":0.991,"skX":40.16,"skY":40.16,"scX":1.049},"duration":2},{"curve":[0.25,0,0.75,1],"transform":{"skX":28.29,"skY":28.29,"scX":0.998},"duration":2},{"curve":[0.25,0,0.75,1],"transform":{"skX":-6.58,"skY":-6.58,"scX":0.933},"duration":2},{"curve":[0.25,0,0.75,1],"transform":{"skX":-52.8,"skY":-52.8,"scX":1.055},"duration":2},{"curve":[0.25,0,0.75,1],"transform":{"skX":-37.7,"skY":-37.7,"scX":1.002},"duration":1},{"curve":[0.25,0,0.75,1],"transform":{"skX":-16.92,"skY":-16.92,"scX":0.983},"duration":1},{"transform":{},"duration":0}],"name":"Thigh_R"},{"frame":[{"curve":[0.25,0,0.75,1],"transform":{"skX":17.94,"skY":17.94},"duration":2},{"curve":[0.25,0,0.75,1],"transform":{"skX":39.34,"skY":39.34},"duration":2},{"curve":[0.25,0,0.75,1],"transform":{"skX":33.69,"skY":33.69},"duration":2},{"curve":[0.25,0,0.75,1],"transform":{"skX":6.46,"skY":6.46},"duration":2},{"curve":[0.25,0,0.75,1],"transform":{"skX":-5.49,"skY":-5.49},"duration":2},{"curve":[0.25,0,0.75,1],"transform":{"skX":-6.75,"skY":-6.75},"duration":2},{"curve":[0.25,0,0.75,1],"transform":{"skX":-5.35,"skY":-5.35},"duration":2},{"curve":[0.25,0,0.75,1],"transform":{"skX":29.47,"skY":29.47},"duration":1},{"curve":[0.25,0,0.75,1],"transform":{"skX":17.36,"skY":17.36},"duration":1},{"curve":[0.25,0,0.75,1],"transform":{"skX":17.94,"skY":17.94},"duration":2},{"curve":[0.25,0,0.75,1],"transform":{"skX":39.34,"skY":39.34},"duration":2},{"curve":[0.25,0,0.75,1],"transform":{"skX":33.69,"skY":33.69},"duration":2},{"curve":[0.25,0,0.75,1],"transform":{"skX":6.46,"skY":6.46},"duration":2},{"curve":[0.25,0,0.75,1],"transform":{"skX":-5.49,"skY":-5.49},"duration":2},{"curve":[0.25,0,0.75,1],"transform":{"skX":-6.75,"skY":-6.75},"duration":2},{"curve":[0.25,0,0.75,1],"transform":{"skX":-5.35,"skY":-5.35},"duration":2},{"curve":[0.25,0,0.75,1],"transform":{"skX":29.47,"skY":29.47},"duration":1},{"curve":[0.25,0,0.75,1],"transform":{"skX":17.36,"skY":17.36},"duration":1},{"transform":{"skX":17.94,"skY":17.94},"duration":0}],"name":"Leg_R"},{"frame":[{"curve":[0.25,0,0.75,1],"transform":{"skX":-17.42,"skY":-17.42},"duration":2},{"curve":[0.25,0,0.75,1],"transform":{"skX":-26.7,"skY":-26.7},"duration":2},{"curve":[0.25,0,0.75,1],"transform":{"skX":17.3,"skY":17.3},"duration":2},{"curve":[0.25,0,0.75,1],"transform":{"skX":34.76,"skY":34.76},"duration":2},{"curve":[0.25,0,0.75,1],"transform":{"skX":9.22,"skY":9.22},"duration":2},{"curve":[0.25,0,0.75,1],"transform":{"skX":9.62,"skY":9.62},"duration":2},{"curve":[0.25,0,0.75,1],"transform":{"skX":4.45,"skY":4.45},"duration":2},{"curve":[0.25,0,0.75,1],"transform":{"skX":-4.19,"skY":-4.19},"duration":1},{"curve":[0.25,0,0.75,1],"transform":{"skX":-1.94,"skY":-1.94},"duration":1},{"curve":[0.25,0,0.75,1],"transform":{"skX":-17.42,"skY":-17.42},"duration":2},{"curve":[0.25,0,0.75,1],"transform":{"skX":-26.7,"skY":-26.7},"duration":2},{"curve":[0.25,0,0.75,1],"transform":{"skX":17.3,"skY":17.3},"duration":2},{"curve":[0.25,0,0.75,1],"transform":{"skX":34.76,"skY":34.76},"duration":2},{"curve":[0.25,0,0.75,1],"transform":{"skX":9.22,"skY":9.22},"duration":2},{"curve":[0.25,0,0.75,1],"transform":{"skX":9.62,"skY":9.62},"duration":2},{"curve":[0.25,0,0.75,1],"transform":{"skX":4.45,"skY":4.45},"duration":2},{"curve":[0.25,0,0.75,1],"transform":{"skX":-4.19,"skY":-4.19},"duration":1},{"curve":[0.25,0,0.75,1],"transform":{"skX":-1.94,"skY":-1.94},"duration":1},{"transform":{"skX":-17.42,"skY":-17.42},"duration":0}],"name":"Foot_R"},{"frame":[{"curve":[0.25,0,0.75,1],"transform":{"skX":-32.44,"skY":-32.44,"scX":0.953},"duration":2},{"curve":[0.25,0,0.75,1],"transform":{"scY":0.972,"skX":-28.38,"skY":-28.38,"scX":1.062},"duration":2},{"curve":[0.25,0,0.75,1],"transform":{"skX":-7.87,"skY":-7.87,"scX":1.057},"duration":1},{"curve":[0.25,0,0.75,1],"transform":{"skX":-7.87,"skY":-7.87,"scX":1.105},"duration":1},{"curve":[0.25,0,0.75,1],"transform":{"skX":9.38,"skY":9.38,"scX":1.118},"duration":2},{"curve":[0.25,0,0.75,1],"transform":{"skX":29.83,"skY":29.83},"duration":2},{"curve":[0.25,0,0.75,1],"transform":{"skX":6.88,"skY":6.88},"duration":2},{"curve":[0.25,0,0.75,1],"transform":{"skX":-17.41,"skY":-17.41,"scX":0.923},"duration":2},{"curve":[0.25,0,0.75,1],"transform":{"skX":-40.65,"skY":-40.65,"scX":0.956},"duration":2},{"curve":[0.25,0,0.75,1],"transform":{"skX":-32.44,"skY":-32.44,"scX":0.953},"duration":2},{"curve":[0.25,0,0.75,1],"transform":{"scY":0.972,"skX":-28.38,"skY":-28.38,"scX":1.062},"duration":2},{"curve":[0.25,0,0.75,1],"transform":{"skX":-7.87,"skY":-7.87,"scX":1.057},"duration":1},{"curve":[0.25,0,0.75,1],"transform":{"skX":-7.87,"skY":-7.87,"scX":1.105},"duration":1},{"curve":[0.25,0,0.75,1],"transform":{"skX":9.38,"skY":9.38,"scX":1.118},"duration":2},{"curve":[0.25,0,0.75,1],"transform":{"skX":29.83,"skY":29.83},"duration":2},{"curve":[0.25,0,0.75,1],"transform":{"skX":6.88,"skY":6.88},"duration":2},{"curve":[0.25,0,0.75,1],"transform":{"skX":-17.41,"skY":-17.41,"scX":0.923},"duration":2},{"curve":[0.25,0,0.75,1],"transform":{"skX":-40.65,"skY":-40.65,"scX":0.956},"duration":2},{"transform":{"skX":-32.44,"skY":-32.44,"scX":0.953},"duration":0}],"name":"Thigh_L"},{"frame":[{"curve":[0.25,0,0.75,1],"transform":{"skX":4.46,"skY":4.46},"duration":2},{"curve":[0.25,0,0.75,1],"transform":{"skX":18.02,"skY":18.02},"duration":2},{"curve":[0.25,0,0.75,1],"transform":{"skX":26.81,"skY":26.81},"duration":1},{"curve":[0.25,0,0.75,1],"transform":{"skX":30.01,"skY":30.01},"duration":1},{"curve":[0.25,0,0.75,1],"transform":{"skX":39.51,"skY":39.51},"duration":2},{"curve":[0.25,0,0.75,1],"transform":{"skX":17.78,"skY":17.78},"duration":2},{"curve":[0.25,0,0.75,1],"transform":{"skX":39.14,"skY":39.14},"duration":2},{"curve":[0.25,0,0.75,1],"transform":{"skX":1.15,"skY":1.15},"duration":2},{"curve":[0.25,0,0.75,1],"transform":{"skX":-1.82,"skY":-1.82},"duration":2},{"curve":[0.25,0,0.75,1],"transform":{"skX":4.46,"skY":4.46},"duration":2},{"curve":[0.25,0,0.75,1],"transform":{"skX":18.02,"skY":18.02},"duration":2},{"curve":[0.25,0,0.75,1],"transform":{"skX":26.81,"skY":26.81},"duration":1},{"curve":[0.25,0,0.75,1],"transform":{"skX":30.01,"skY":30.01},"duration":1},{"curve":[0.25,0,0.75,1],"transform":{"skX":39.51,"skY":39.51},"duration":2},{"curve":[0.25,0,0.75,1],"transform":{"skX":17.78,"skY":17.78},"duration":2},{"curve":[0.25,0,0.75,1],"transform":{"skX":39.14,"skY":39.14},"duration":2},{"curve":[0.25,0,0.75,1],"transform":{"skX":1.15,"skY":1.15},"duration":2},{"curve":[0.25,0,0.75,1],"transform":{"skX":-1.82,"skY":-1.82},"duration":2},{"transform":{"skX":4.46,"skY":4.46},"duration":0}],"name":"Leg_L"},{"frame":[{"curve":[0.25,0,0.75,1],"transform":{"skX":-0.61,"skY":-0.61},"duration":2},{"curve":[0.25,0,0.75,1],"transform":{"skX":-2.42,"skY":-2.42},"duration":1},{"curve":[0.25,0,0.75,1],"transform":{"skX":-5.43,"skY":-5.43},"duration":1},{"curve":[0.25,0,0.75,1],"transform":{"skX":-20.51,"skY":-20.51},"duration":1},{"curve":[0.25,0,0.75,1],"transform":{"skX":-31.06,"skY":-31.06},"duration":1},{"curve":[0.25,0,0.75,1],"transform":{"skX":-26.8,"skY":-26.8},"duration":2},{"curve":[0.25,0,0.75,1],"transform":{"skX":17.29,"skY":17.29},"duration":2},{"curve":[0.25,0,0.75,1],"transform":{"skX":14.18,"skY":14.18},"duration":2},{"curve":[0.25,0,0.75,1],"transform":{"skX":-0.58,"skY":-0.58},"duration":2},{"curve":[0.25,0,0.75,1],"transform":{"skX":4.91,"skY":4.91},"duration":2},{"curve":[0.25,0,0.75,1],"transform":{"skX":-0.61,"skY":-0.61},"duration":2},{"curve":[0.25,0,0.75,1],"transform":{"skX":-2.42,"skY":-2.42},"duration":1},{"curve":[0.25,0,0.75,1],"transform":{"skX":-5.43,"skY":-5.43},"duration":1},{"curve":[0.25,0,0.75,1],"transform":{"skX":-20.51,"skY":-20.51},"duration":1},{"curve":[0.25,0,0.75,1],"transform":{"skX":-31.06,"skY":-31.06},"duration":1},{"curve":[0.25,0,0.75,1],"transform":{"skX":-26.8,"skY":-26.8},"duration":2},{"curve":[0.25,0,0.75,1],"transform":{"skX":17.29,"skY":17.29},"duration":2},{"curve":[0.25,0,0.75,1],"transform":{"skX":14.18,"skY":14.18},"duration":2},{"curve":[0.25,0,0.75,1],"transform":{"skX":-0.58,"skY":-0.58},"duration":2},{"curve":[0.25,0,0.75,1],"transform":{"skX":4.91,"skY":4.91},"duration":2},{"transform":{"skX":-0.61,"skY":-0.61},"duration":0}],"name":"Foot_L"},{"frame":[{"curve":[0.25,0,0.75,1],"transform":{"skX":13.21,"skY":13.21},"duration":1},{"curve":[0.25,0,0.75,1],"transform":{"skX":11.96,"skY":11.96},"duration":8},{"curve":[0.25,0,0.75,1],"transform":{"skX":-340.56,"skY":-340.56},"duration":7},{"curve":[0.25,0,0.75,1],"transform":{"skX":13.21,"skY":13.21},"duration":1},{"curve":[0.25,0,0.75,1],"transform":{"skX":11.96,"skY":11.96},"duration":8},{"curve":[0.25,0,0.75,1],"transform":{"skX":-340.56,"skY":-340.56},"duration":7},{"transform":{"skX":13.21,"skY":13.21},"duration":0}],"name":"Tail"},{"frame":[{"curve":[0.25,0,0.75,1],"transform":{},"duration":3},{"curve":[0.25,0,0.75,1],"transform":{"skX":-1.66,"skY":-1.66},"duration":8},{"curve":[0.25,0,0.75,1],"transform":{"skX":9.76,"skY":9.76},"duration":5},{"curve":[0.25,0,0.75,1],"transform":{},"duration":3},{"curve":[0.25,0,0.75,1],"transform":{"skX":-1.66,"skY":-1.66},"duration":8},{"curve":[0.25,0,0.75,1],"transform":{"skX":9.76,"skY":9.76},"duration":5},{"transform":{},"duration":0}],"name":"Tail2"},{"frame":[{"curve":[0.25,0,0.75,1],"transform":{},"duration":5},{"curve":[0.25,0,0.75,1],"transform":{"skX":-7.82,"skY":-7.82},"duration":8},{"curve":[0.25,0,0.75,1],"transform":{"skX":14.57,"skY":14.57},"duration":3},{"curve":[0.25,0,0.75,1],"transform":{},"duration":5},{"curve":[0.25,0,0.75,1],"transform":{"skX":-7.82,"skY":-7.82},"duration":8},{"curve":[0.25,0,0.75,1],"transform":{"skX":14.57,"skY":14.57},"duration":3},{"transform":{},"duration":0}],"name":"Tail3"},{"frame":[{"transform":{},"duration":32}],"name":"foot_r"},{"frame":[{"transform":{},"duration":32}],"name":"hand_r"},{"frame":[{"transform":{},"duration":32}],"name":"arm_r"},{"frame":[{"transform":{},"duration":32}],"name":"leg_r"},{"frame":[{"transform":{},"duration":32}],"name":"leg_l"},{"frame":[{"transform":{},"duration":32}],"name":"hand_l"},{"frame":[{"transform":{},"duration":32}],"name":"foot_l"},{"frame":[{"transform":{},"duration":16},{"transform":{},"duration":16},{"transform":{},"duration":0}],"name":"belly"},{"frame":[{"transform":{},"duration":32}],"name":"arm_l"},{"frame":[{"transform":{},"duration":32}],"name":"root"},{"frame":[{"transform":{},"duration":32}],"name":"buff_flo"},{"frame":[{"transform":{},"duration":32}],"name":"buff_up"},{"frame":[{"transform":{},"duration":32}],"name":"buff_mid"}],"slot":[{"frame":[{"displayIndex":-1,"tweenEasing":0,"duration":32},{"displayIndex":-1,"tweenEasing":null,"duration":0}],"name":"Eye"}],"ffd":[],"frame":[],"name":"0001_yidong","duration":32,"ik":[{"frame":[{"tweenEasing":null,"bendPositive":false,"weight":0,"duration":32}],"offset":0,"name":"leg_r","scale":1},{"frame":[{"tweenEasing":null,"bendPositive":false,"weight":0,"duration":32}],"offset":0,"name":"leg_l","scale":1},{"frame":[{"tweenEasing":null,"bendPositive":false,"weight":0,"duration":32}],"offset":0,"name":"foot_l","scale":1},{"frame":[{"tweenEasing":null,"bendPositive":false,"weight":0,"duration":32}],"offset":0,"name":"foot_r","scale":1},{"frame":[{"tweenEasing":null,"bendPositive":false,"weight":0,"duration":32}],"offset":0,"name":"arm_r","scale":1},{"frame":[{"tweenEasing":null,"bendPositive":false,"weight":0,"duration":32}],"offset":0,"name":"arm_l","scale":1},{"frame":[{"tweenEasing":null,"bendPositive":false,"weight":0,"duration":32}],"offset":0,"name":"hand_r","scale":1},{"frame":[{"tweenEasing":null,"bendPositive":false,"weight":0,"duration":32}],"offset":0,"name":"hand_l","scale":1}]},{"bone":[{"frame":[{"transform":{},"duration":30},{"transform":{},"duration":0}],"name":"Fuji"},{"frame":[{"curve":[0.29,0,0.629,0.37],"transform":{},"duration":5},{"curve":[0.314,0.26,0.6505000000000001,0.6],"transform":{"y":11.53,"skX":-19.58,"skY":-19.58,"x":-8.48},"duration":3},{"curve":[0.326,0.31,0.66,0.64],"transform":{"y":6.16,"skX":-19.58,"skY":-19.58,"x":-10.33},"duration":2},{"curve":[0.351,0.4,0.756,1],"transform":{"y":4.03,"skX":1.75,"skY":1.75,"x":5.64},"duration":15},{"curve":[0.351,0.4,0.756,1],"transform":{"y":3.99,"skX":1.19,"skY":1.19,"x":4.34},"duration":5},{"transform":{},"duration":0}],"name":"bip"},{"frame":[{"curve":[0.3065,0,0.6415,0.35],"transform":{},"duration":3},{"curve":[0.319,0.26,0.653,0.59],"transform":{"skX":-37.75,"skY":-37.75},"duration":2},{"curve":[0.3165,0.25,0.6515,0.59],"transform":{"y":1.76,"skX":-53.35,"skY":-53.35,"x":-1.9},"duration":3},{"curve":[0.329,0.32,0.663,0.65],"transform":{"y":1.76,"skX":-31.99,"skY":-31.99,"x":-1.9},"duration":1},{"curve":[0.33,0.32,0.663,0.65],"transform":{"y":1.76,"skX":-6.25,"skY":-6.25,"x":-1.9},"duration":1},{"curve":[0.351,0.4,0.756,1],"transform":{"skX":12.36,"skY":12.36},"duration":15},{"curve":[0.351,0.4,0.756,1],"transform":{"skX":14.68,"skY":14.68},"duration":5},{"transform":{},"duration":0}],"name":"Body"},{"frame":[{"curve":[0.304,0,0.64,0.35],"transform":{},"duration":3},{"curve":[0.319,0.26,0.653,0.59],"transform":{"skX":13.81,"skY":13.81},"duration":2},{"curve":[0.318,0.27,0.653,0.61],"transform":{"skX":-0.89,"skY":-0.89},"duration":3},{"curve":[0.329,0.32,0.663,0.65],"transform":{"skX":-24.77,"skY":-24.77},"duration":1},{"curve":[0.33,0.32,0.663,0.65],"transform":{"skX":-17.66,"skY":-17.66},"duration":1},{"curve":[0.351,0.4,0.756,1],"transform":{"skX":-1.54,"skY":-1.54},"duration":15},{"curve":[0.351,0.4,0.756,1],"transform":{"skX":-2.32,"skY":-2.32},"duration":5},{"transform":{},"duration":0}],"name":"spine"},{"frame":[{"curve":[0.304,0,0.64,0.35],"transform":{},"duration":3},{"curve":[0.319,0.26,0.653,0.59],"transform":{"skX":13,"skY":13},"duration":2},{"curve":[0.318,0.27,0.653,0.61],"transform":{"skX":15.3,"skY":15.3},"duration":3},{"curve":[0.326,0.31,0.66,0.64],"transform":{"skX":4.66,"skY":4.66},"duration":2},{"curve":[0.351,0.4,0.756,1],"transform":{"skX":-2,"skY":-2},"duration":15},{"curve":[0.351,0.4,0.756,1],"transform":{"skX":-2.26,"skY":-2.26},"duration":5},{"transform":{},"duration":0}],"name":"Neck"},{"frame":[{"curve":[0.304,0,0.64,0.35],"transform":{},"duration":3},{"curve":[0.319,0.26,0.653,0.59],"transform":{"skX":24.12,"skY":24.12},"duration":2},{"curve":[0.318,0.27,0.653,0.61],"transform":{"skX":38.62,"skY":38.62},"duration":3},{"curve":[0.326,0.31,0.66,0.64],"transform":{"skX":12.33,"skY":12.33},"duration":2},{"curve":[0.351,0.4,0.756,1],"transform":{"skX":-3.97,"skY":-3.97},"duration":15},{"curve":[0.351,0.4,0.756,1],"transform":{"skX":-5.76,"skY":-5.76},"duration":5},{"transform":{},"duration":0}],"name":"Head"},{"frame":[{"curve":[0.273,0,0.619,0.4],"transform":{},"duration":8},{"curve":[0.326,0.31,0.66,0.64],"transform":{"skX":9.97,"skY":9.97},"duration":2},{"curve":[0.351,0.4,0.756,1],"transform":{"skX":344.92,"skY":344.92},"duration":15},{"curve":[0.351,0.4,0.756,1],"transform":{"skX":347.81,"skY":347.81},"duration":5},{"transform":{},"duration":0}],"name":"Ear_R"},{"frame":[{"curve":[0.29,0,0.629,0.37],"transform":{},"duration":5},{"curve":[0.318,0.27,0.653,0.61],"transform":{"skX":-4.97,"skY":-4.97},"duration":3},{"curve":[0.329,0.32,0.663,0.65],"transform":{"skX":16.74,"skY":16.74},"duration":1},{"curve":[0.33,0.32,0.663,0.65],"transform":{"skX":15.97,"skY":15.97},"duration":1},{"curve":[0.351,0.4,0.756,1],"transform":{"skX":-10.32,"skY":-10.32},"duration":15},{"curve":[0.351,0.4,0.756,1],"transform":{"skX":-16.81,"skY":-16.81},"duration":5},{"transform":{},"duration":0}],"name":"Ear_R2"},{"frame":[{"curve":[0.273,0,0.619,0.4],"transform":{},"duration":8},{"curve":[0.326,0.31,0.66,0.64],"transform":{"skX":-2.87,"skY":-2.87},"duration":2},{"curve":[0.351,0.4,0.756,1],"transform":{"skX":20.08,"skY":20.08},"duration":15},{"curve":[0.351,0.4,0.756,1],"transform":{"skX":14.01,"skY":14.01},"duration":5},{"transform":{},"duration":0}],"name":"Ear_L"},{"frame":[{"curve":[0.29,0,0.629,0.37],"transform":{},"duration":5},{"curve":[0.318,0.27,0.653,0.61],"transform":{"skX":4.19,"skY":4.19},"duration":3},{"curve":[0.329,0.32,0.663,0.65],"transform":{"skX":-20.08,"skY":-20.08},"duration":1},{"curve":[0.33,0.32,0.663,0.65],"transform":{"skX":-19.12,"skY":-19.12},"duration":1},{"curve":[0.351,0.4,0.756,1],"transform":{"skX":16.43,"skY":16.43},"duration":15},{"curve":[0.351,0.4,0.756,1],"transform":{"skX":22.84,"skY":22.84},"duration":5},{"transform":{},"duration":0}],"name":"Ear_L2"},{"frame":[{"curve":[0.2815,0,0.624,0.385],"transform":{},"duration":5},{"curve":[0.318,0.27,0.653,0.61],"transform":{"skX":20.56,"skY":20.56},"duration":3},{"curve":[0.329,0.32,0.663,0.65],"transform":{"scY":1.096,"skX":-84.18,"skY":-84.18,"scX":1.303},"duration":1},{"curve":[0.33,0.32,0.663,0.65],"transform":{"scY":1.096,"skX":-111.46,"skY":-111.46,"scX":1.303},"duration":1},{"transform":{"scY":1.096,"scX":1.0072},"duration":15},{"curve":[0.337,0.34,0.757,1],"transform":{"scY":1.096,"scX":1.0185},"duration":5},{"transform":{},"duration":0}],"name":"UpArm_R"},{"frame":[{"curve":[0.29,0,0.629,0.37],"transform":{},"duration":5},{"curve":[0.318,0.27,0.653,0.61],"transform":{"skX":-21.59,"skY":-21.59},"duration":3},{"curve":[0.329,0.32,0.663,0.65],"transform":{"skX":-8.96,"skY":-8.96},"duration":1},{"curve":[0.33,0.32,0.663,0.65],"transform":{"skX":-14.93,"skY":-14.93},"duration":1},{"transform":{},"duration":15},{"transform":{},"duration":5},{"transform":{},"duration":0}],"name":"Arm_R"},{"frame":[{"curve":[0.29,0,0.629,0.37],"transform":{},"duration":5},{"curve":[0.318,0.27,0.653,0.61],"transform":{"skX":63.59,"skY":63.59},"duration":3},{"curve":[0.329,0.32,0.663,0.65],"transform":{"skX":7.27,"skY":7.27},"duration":1},{"curve":[0.33,0.32,0.663,0.65],"transform":{"skX":-53.97,"skY":-53.97},"duration":1},{"transform":{},"duration":15},{"transform":{},"duration":5},{"transform":{},"duration":0}],"name":"Hand_R"},{"frame":[{"curve":[0.2815,0,0.624,0.385],"transform":{},"duration":5},{"curve":[0.318,0.27,0.653,0.61],"transform":{"skX":37.8,"skY":37.8},"duration":3},{"curve":[0.329,0.32,0.663,0.65],"transform":{"scY":1.096,"skX":-98.31,"skY":-98.31,"scX":1.295},"duration":1},{"curve":[0.33,0.32,0.663,0.65],"transform":{"scY":1.096,"skX":-103.39,"skY":-103.39,"scX":1.295},"duration":1},{"transform":{"scY":0.9505,"scX":1.1231},"duration":15},{"curve":[0.337,0.34,0.757,1],"transform":{"scY":0.9754,"scX":1.1525},"duration":5},{"transform":{},"duration":0}],"name":"UpArm_L"},{"frame":[{"curve":[0.29,0,0.629,0.37],"transform":{},"duration":5},{"curve":[0.318,0.27,0.653,0.61],"transform":{"skX":-36.01,"skY":-36.01},"duration":3},{"curve":[0.329,0.32,0.663,0.65],"transform":{"skX":-22.67,"skY":-22.67},"duration":1},{"curve":[0.33,0.32,0.663,0.65],"transform":{"skX":-56.79,"skY":-56.79},"duration":1},{"transform":{},"duration":15},{"transform":{},"duration":5},{"transform":{},"duration":0}],"name":"Arm_L"},{"frame":[{"curve":[0.29,0,0.629,0.37],"transform":{},"duration":5},{"curve":[0.318,0.27,0.653,0.61],"transform":{"skX":44.3,"skY":44.3},"duration":3},{"curve":[0.329,0.32,0.663,0.65],"transform":{"skX":4.14,"skY":4.14},"duration":1},{"curve":[0.33,0.32,0.663,0.65],"transform":{"skX":-84.11,"skY":-84.11},"duration":1},{"transform":{},"duration":15},{"transform":{},"duration":5},{"transform":{},"duration":0}],"name":"Hand_L"},{"frame":[{"curve":[0.303,0,0.639,0.35],"transform":{},"duration":5},{"curve":[0.32,0.26,0.654,0.6],"transform":{"y":-6.74,"x":0.32},"duration":3},{"curve":[0.337,0.34,0.757,1],"transform":{"y":-2.22,"x":1.11},"duration":2},{"transform":{},"duration":20},{"transform":{},"duration":0}],"name":"Thigh_R"},{"frame":[{"transform":{},"duration":30},{"transform":{},"duration":0}],"name":"Leg_R"},{"frame":[{"transform":{},"duration":30},{"transform":{},"duration":0}],"name":"Foot_R"},{"frame":[{"transform":{},"duration":8},{"transform":{},"duration":22},{"transform":{},"duration":0}],"name":"Thigh_L"},{"frame":[{"transform":{},"duration":30},{"transform":{},"duration":0}],"name":"Leg_L"},{"frame":[{"transform":{},"duration":30},{"transform":{},"duration":0}],"name":"Foot_L"},{"frame":[{"curve":[0.332,0,0.665,0.33],"transform":{},"duration":2},{"curve":[0.331,0.18,0.665,0.51],"transform":{"skX":-3.52,"skY":-3.52},"duration":5},{"curve":[0.328,0.22,0.661,0.55],"transform":{"skX":-336.53,"skY":-336.53},"duration":5},{"curve":[0.315,0.17,0.649,0.51],"transform":{"skX":-2.68,"skY":-2.68},"duration":12},{"curve":[0.315,0.17,0.649,0.51],"transform":{"skX":-3.82,"skY":-3.82},"duration":6},{"transform":{},"duration":0}],"name":"Tail"},{"frame":[{"curve":[0.331,0,0.665,0.33],"transform":{},"duration":3},{"curve":[0.331,0.2,0.664,0.53],"transform":{"skX":0.78,"skY":0.78},"duration":5},{"curve":[0.328,0.23,0.661,0.57],"transform":{"skX":33,"skY":33},"duration":5},{"curve":[0.316,0.18,0.65,0.52],"transform":{"skX":1.53,"skY":1.53},"duration":12},{"curve":[0.316,0.18,0.65,0.52],"transform":{"skX":-1.13,"skY":-1.13},"duration":5},{"transform":{},"duration":0}],"name":"Tail2"},{"frame":[{"curve":[0.33,0,0.663,0.33],"transform":{},"duration":4},{"curve":[0.33,0.22,0.663,0.55],"transform":{"skX":-12.91,"skY":-12.91},"duration":5},{"curve":[0.326,0.24,0.659,0.58],"transform":{"skX":25,"skY":25},"duration":5},{"curve":[0.312,0.2,0.647,0.54],"transform":{"skX":-22.24,"skY":-22.24},"duration":12},{"curve":[0.312,0.2,0.647,0.54],"transform":{"skX":-24.81,"skY":-24.81},"duration":4},{"transform":{},"duration":0}],"name":"Tail3"},{"frame":[{"curve":[0.264,0,0.617,0.42],"transform":{},"duration":10},{"transform":{"x":74.86},"duration":15},{"curve":[0.351,0.4,0.756,1],"transform":{"x":74.86},"duration":5},{"transform":{},"duration":0}],"name":"arm_r"},{"frame":[{"curve":[0.264,0,0.617,0.42],"transform":{},"duration":10},{"transform":{"x":74.86},"duration":15},{"curve":[0.351,0.4,0.756,1],"transform":{"x":74.86},"duration":5},{"transform":{},"duration":0}],"name":"hand_r"},{"frame":[{"curve":[0.264,0,0.617,0.42],"transform":{},"duration":10},{"transform":{"x":54.03},"duration":15},{"curve":[0.351,0.4,0.756,1],"transform":{"x":54.03},"duration":5},{"transform":{},"duration":0}],"name":"arm_l"},{"frame":[{"curve":[0.264,0,0.617,0.42],"transform":{},"duration":10},{"transform":{"x":54.03},"duration":15},{"curve":[0.351,0.4,0.756,1],"transform":{"x":54.03},"duration":5},{"transform":{},"duration":0}],"name":"hand_l"},{"frame":[{"transform":{},"duration":30},{"transform":{},"duration":0}],"name":"leg_r"},{"frame":[{"transform":{},"duration":30},{"transform":{},"duration":0}],"name":"foot_r"},{"frame":[{"transform":{},"duration":30},{"transform":{},"duration":0}],"name":"leg_l"},{"frame":[{"transform":{},"duration":30},{"transform":{},"duration":0}],"name":"foot_l"},{"frame":[{"transform":{},"duration":30},{"transform":{},"duration":0}],"name":"belly"},{"frame":[{"transform":{},"duration":30}],"name":"root"},{"frame":[{"transform":{},"duration":30}],"name":"buff_flo"},{"frame":[{"transform":{},"duration":30}],"name":"buff_up"},{"frame":[{"transform":{},"duration":30}],"name":"buff_mid"}],"slot":[{"frame":[{"displayIndex":-1,"tweenEasing":0,"duration":30},{"displayIndex":-1,"tweenEasing":null,"duration":0}],"name":"Eye"}],"ffd":[],"frame":[],"name":"0002_shifa","duration":30,"ik":[]}],"skin":[{"slot":[{"display":[{"path":"Foot_L","type":"image","name":"Foot_L","transform":{"y":-3.48,"skX":-42.14,"skY":-42.14,"x":11.48}}],"name":"Foot_L"},{"display":[{"vertices":[78.56,-157.24,85.38,-139.63,97.69,-139.57,106.16,-146.6,103.45,-167.86,85.1,-183.62,78.36,-183.65,89.34,-163.57],"uvs":[-0.02545,0.60534,0.24059,1.02381,0.71356,1.02381,1.03846,0.85544,0.93035,0.34914,0.22088,-0.02381,-0.03846,-0.02381,0.38808,0.4531],"path":"Ear_R","edges":[6,0,0,1,1,2,2,3,3,4,4,5,5,6],"triangles":[4,7,3,7,2,3,7,1,2,5,7,4,0,1,7,5,6,7,6,0,7],"type":"mesh","transform":{},"slotPose":[1,0,0,1,0,0],"userEdges":[],"width":26,"bonePose":[35,-0.4748563898705946,-0.8800632982911318,0.8800632982911318,-0.4748563898705946,98.66383733640218,-146.4168246603829,36,-0.47516356097807344,-0.8798974885284288,0.8798974885284288,-0.47516356097807344,89.04204278359825,-164.85984961790092],"height":42,"name":"Ear_R","weights":[2,35,0.5,36,0.5,1,35,0.99999,1,35,0.99999,2,35,0.98667,36,0.01332,2,35,0.5,36,0.5,1,36,1,1,36,1,2,35,0.5,36,0.5]}],"name":"Ear_R"},{"display":[{"path":"Thigh_R","type":"image","name":"Thigh_R","transform":{"y":-4.57,"skX":-112.02,"skY":-112.02,"x":37.57}}],"name":"Thigh_R"},{"display":[{"path":"Thigh_L","type":"image","name":"Thigh_L","transform":{"y":-1.05,"skX":-110.4,"skY":-110.4,"x":36.74}}],"name":"Thigh_L"},{"display":[{"path":"Hand_R","type":"image","name":"Hand_R","transform":{"y":-7.77,"skX":-74.55,"skY":-74.55,"x":11.3}}],"name":"Hand_R"},{"display":[{"path":"buff_up","type":"image","name":"buff_up","transform":{"y":-1.16}}],"name":"buff_up"},{"display":[{"path":"Foot_R","type":"image","name":"Foot_R","transform":{"y":-7.21,"skX":-48.42,"skY":-48.42,"x":9.8}}],"name":"Foot_R"},{"display":[{"vertices":[-111.79,-76.19,-84.84,-36.64,-3.43,-36.64,68.64,-61.34,89.19,-84.66,89.2,-127.05,79.25,-153.34,33.88,-167.63,-2.58,-158.43,-41.59,-167.62,-65.76,-167.63,-111.78,-139.35,-6.4,-99.92,58.82,-121.03,-64.27,-105.39],"uvs":[-0.00503,0.70118,0.13041,1.00775,0.5395,1.00775,0.90172,0.81622,1.00503,0.63544,1.00503,0.30676,0.95498,0.10298,0.727,-0.00775,0.54377,0.06354,0.34775,-0.00775,0.2263,-0.00775,-0.00503,0.21144,0.52458,0.51713,0.85236,0.35351,0.23375,0.47482],"path":"Body","edges":[0,1,1,2,2,3,3,4,4,5,5,6,6,7,7,8,8,9,9,10,10,11,11,0],"triangles":[13,3,4,13,4,5,6,13,5,7,13,6,13,12,3,12,2,3,7,8,13,8,12,13,9,14,12,12,14,2,14,1,2,9,12,8,0,1,14,10,14,9,10,11,14,11,0,14],"type":"mesh","transform":{},"slotPose":[1,0,0,1,0,0],"userEdges":[13,3],"width":199,"bonePose":[16,0.9805119269695572,0.19645956599373224,-0.19645956599373224,0.9805119269695572,-84.28,-116.26,20,0.9805119269695572,0.19645956599373224,-0.19645956599373224,0.9805119269695572,-19.967917980586737,-42.65077431239845,18,0.9482128372135448,-0.3176356644702226,0.3176356644702226,0.9482128372135448,-6.814110458174948,-99.49435484409386,24,0.9812254013658768,-0.19286449054808907,0.19286449054808907,0.9812254013658768,61.09559424889326,-120.987993591379],"height":129,"name":"Body","weights":[1,16,1,2,16,0.64,20,0.36,3,16,0.18776,18,0.36223,20,0.45,3,18,0.524,24,0.30599,20,0.17,2,18,0.25667,24,0.74332,2,18,0.17,24,0.83,2,18,0.32,24,0.68,2,18,0.88,24,0.12,2,16,0.70893,18,0.29106,2,16,0.99197,18,0.00801,1,16,1,1,16,0.99999,3,16,0.368,18,0.432,20,0.2,2,18,0.64999,24,0.35,3,16,0.93408,18,0.00591,20,0.06]}],"name":"Body"},{"display":[{"path":"buff_flo","type":"image","name":"buff_flo","transform":{"y":-0.58,"x":0.58}}],"name":"buff_flo"},{"display":[{"path":"Leg_L","type":"image","name":"Leg_L","transform":{"y":0.86,"skX":-75.22,"skY":-75.22,"x":11.35}}],"name":"Leg_L"},{"display":[{"path":"UpArm_L","type":"image","name":"UpArm_L","transform":{"y":0.09,"skX":-73.73,"skY":-73.73,"x":32.41}}],"name":"UpArm_L"},{"display":[{"path":"Hand_L","type":"image","name":"Hand_L","transform":{"y":-4.66,"skX":-59.54,"skY":-59.54,"x":9.44}}],"name":"Hand_L"},{"display":[{"path":"Leg_R","type":"image","name":"Leg_R","transform":{"y":-3.2,"skX":-65.25,"skY":-65.25,"x":12.37}}],"name":"Leg_R"},{"display":[{"path":"Arm_L","type":"image","name":"Arm_L","transform":{"y":2.18,"skX":-70.69,"skY":-70.69,"x":13.42}}],"name":"Arm_L"},{"display":[{"vertices":[122.39,-175.58,111.83,-166.28,103.27,-154.14,108.81,-145.7,120.18,-145.59,129.25,-156.57,129.18,-175.61,119.99,-161.78],"uvs":[0.75831,-0.03571,0.31656,0.29536,-0.04167,0.72788,0.18751,1.03031,0.66201,1.03571,1.04166,0.64446,1.04166,-0.03571,0.65635,0.45745],"path":"Ear_L","edges":[2,3,3,4,4,5,5,6,6,0,0,1,1,2],"triangles":[7,4,5,7,5,6,0,7,6,2,3,7,7,3,4,1,7,0,1,2,7],"type":"mesh","transform":{},"slotPose":[1,0,0,1,0,0],"userEdges":[],"width":24,"bonePose":[37,0.560928007986178,-0.8278645842507446,0.8278645842507446,0.560928007986178,119.64001299895624,-163.15626458398785,34,0.5067862565108241,-0.8620717430769582,0.8620717430769582,0.5067862565108241,110.82600783000032,-148.08422049960373],"height":28,"name":"Ear_L","weights":[1,37,1,2,34,0.6844,37,0.31559,1,34,1,1,34,1,1,34,1,2,34,0.58813,37,0.41186,1,37,1,2,34,0.62135,37,0.37864]}],"name":"Ear_L"},{"display":[{"path":"Arm_R","type":"image","name":"Arm_R","transform":{"y":-3.26,"skX":-90.56,"skY":-90.56,"x":19.81}}],"name":"Arm_R"},{"display":[{"path":"Neck","type":"image","name":"Neck","transform":{"y":11.46,"skX":11.17,"skY":11.17,"x":4.48}}],"name":"Neck"},{"display":[{"path":"Head","type":"image","name":"Head","transform":{"y":2.35,"skX":-7.98,"skY":-7.98,"x":22.91}}],"name":"Head"},{"display":[{"path":"buff_mid","type":"image","name":"buff_mid","transform":{"y":-0.58}}],"name":"buff_mid"},{"display":[{"path":"UpArm_R","type":"image","name":"UpArm_R","transform":{"y":1.08,"skX":-102.97,"skY":-102.97,"x":42.18}}],"name":"UpArm_R"},{"display":[{"vertices":[-109.37,-132.52,-139.81,-126.46,-187.37,-110.73,-201.86,-68.14,-202,-40.96,-168.77,-40.81,-139.41,-54.5,-107.4,-78.08,-83.69,-109.52,-83.59,-132.41,-125.15,-104.58,-162.63,-81.6,-95.47,-121.64],"uvs":[0.78629,-0.01111,0.52404,0.05785,0.11466,0.2351,-0.00862,0.70916,-0.00862,1.01111,0.27776,1.01111,0.53044,0.85755,0.80548,0.59373,1.00862,0.24334,1.00862,-0.01111,0.65131,0.30023,0.32912,0.55756,0.90655,0.10921],"path":"Tail","edges":[3,4,4,5,5,6,6,7,7,8,8,9,9,0,0,1,1,2,2,3],"triangles":[0,12,9,12,10,8,10,7,8,9,12,8,0,10,12,1,10,0,10,6,7,1,11,10,11,6,10,11,5,6,2,11,1,3,5,11,2,3,11,3,4,5],"type":"mesh","transform":{},"slotPose":[1,0,0,1,0,0],"userEdges":[],"width":116,"bonePose":[15,-0.8730072115474102,0.4877072980653616,-0.4877072980653616,-0.8730072115474102,-90.55,-125.84,22,-0.8411334180111026,0.5408276741300873,-0.5408276741300873,-0.8411334180111026,-126.16532782449654,-106.16106141191446,25,-0.6886077371733286,0.7251340457494934,-0.7251340457494934,-0.6886077371733286,-162.62846149527786,-82.71618173837518,13,1,0,0,1,-84.75,-114.83],"height":90,"name":"Tail","weights":[1,15,1,2,15,0.5,22,0.5,2,22,0.5,25,0.5,1,25,1,1,25,1,1,25,1,2,22,0.5,25,0.5,2,15,0.5,22,0.5,2,15,0.8,13,0.2,2,15,0.5,13,0.5,2,15,0.5,22,0.5,2,22,0.5,25,0.5,1,15,1]}],"name":"Tail"},{"display":[{"path":"Eye","type":"image","name":"Eye","transform":{"y":-15.52,"skX":-7.98,"skY":-7.98,"x":27.98}}],"name":"Eye"}],"name":""}],"defaultActions":[{"gotoAndPlay":"0000_daiji"}],"aabb":{"width":356.53744488584664,"y":-193.28,"height":203.0389900296593,"x":-200.327},"slot":[{"name":"Tail","parent":"Tail","color":{}},{"z":1,"name":"UpArm_L","parent":"UpArm_L","color":{}},{"z":2,"name":"Hand_L","parent":"Hand_L","color":{}},{"z":3,"name":"Arm_L","parent":"Arm_L","color":{}},{"z":4,"name":"Thigh_L","parent":"Thigh_L","color":{}},{"z":5,"name":"Leg_L","parent":"Leg_L","color":{}},{"z":6,"name":"Foot_L","parent":"Foot_L","color":{}},{"z":7,"name":"Body","parent":"Body","color":{}},{"z":8,"name":"UpArm_R","parent":"UpArm_R","color":{}},{"z":9,"name":"Hand_R","parent":"Hand_R","color":{}},{"z":10,"name":"Arm_R","parent":"Arm_R","color":{}},{"z":11,"name":"Thigh_R","parent":"Thigh_R","color":{}},{"z":12,"name":"Leg_R","parent":"Leg_R","color":{}},{"z":13,"name":"Foot_R","parent":"Foot_R","color":{}},{"z":14,"name":"Neck","parent":"Neck","color":{}},{"z":15,"name":"Ear_L","parent":"Ear_L","color":{}},{"z":16,"name":"Ear_R","parent":"Ear_R","color":{}},{"z":17,"name":"Head","parent":"Head","color":{}},{"z":18,"name":"Eye","parent":"Head","color":{}},{"z":19,"name":"buff_flo","parent":"buff_flo","color":{"aM":0}},{"z":20,"name":"buff_mid","parent":"buff_mid","color":{"aM":0}},{"z":21,"name":"buff_up","parent":"buff_up","color":{"aM":0}}],"name":"armatureName","ik":[{"chain":1,"bone":"Leg_R","name":"leg_r","bendPositive":"false","target":"leg_r"},{"chain":1,"bone":"Leg_L","name":"leg_l","bendPositive":"false","target":"leg_l"},{"bone":"Foot_R","name":"foot_r","bendPositive":"false","target":"foot_r"},{"bone":"Foot_L","name":"foot_l","bendPositive":"false","target":"foot_l"},{"chain":1,"bone":"Arm_R","name":"arm_r","bendPositive":"false","target":"arm_r"},{"chain":1,"bone":"Arm_L","name":"arm_l","bendPositive":"false","target":"arm_l"},{"bone":"Hand_L","name":"hand_l","bendPositive":"false","target":"hand_l"},{"bone":"Hand_R","name":"hand_r","bendPositive":"false","target":"hand_r"}]}],"name":"cw_002_huxiong_gj","version":"4.0"}