{"frameRate":30,"isGlobal":0,"armature":[{"bone":[{"name":"root","transform":{"scY":1.2,"scX":1.2}},{"transform":{"scY":0.033,"scX":0.033},"name":"balllight","parent":"root"},{"transform":{},"name":"particle02","parent":"root"},{"length":35,"transform":{"y":-27.21,"skX":90,"skY":90},"parent":"root","name":"particle01a"},{"length":35,"transform":{"y":-26.39,"skX":119.97,"skY":119.97,"x":15.21},"parent":"root","name":"particle01b"},{"length":35,"transform":{"y":-7.42,"skX":167.11,"skY":167.11,"x":32.39},"parent":"root","name":"particle01c"},{"length":35,"transform":{"y":17.98,"skX":-145.5,"skY":-145.5,"x":26.18},"parent":"root","name":"particle01d"},{"length":35,"transform":{"y":29.02,"skX":-79.71,"skY":-79.71,"x":-5.27},"parent":"root","name":"particle01e"},{"length":35,"transform":{"y":18.69,"skX":-33.11,"skY":-33.11,"x":-28.64},"parent":"root","name":"particle01f"},{"length":35,"transform":{"y":-7.97,"skX":14.93,"skY":14.93,"x":-29.94},"parent":"root","name":"particle01g"},{"length":35,"transform":{"y":-26.46,"skX":61.09,"skY":61.09,"x":-14.61},"parent":"root","name":"particle01h"},{"transform":{"scY":0.03,"scX":0.03},"name":"ring01","parent":"root"},{"transform":{"scY":0.041,"scX":0.041},"name":"ring02","parent":"root"},{"transform":{"scY":0.057,"scX":0.057},"name":"slash","parent":"root"},{"transform":{},"name":"star02","parent":"root"},{"transform":{},"name":"star03","parent":"root"},{"transform":{},"name":"star01","parent":"root"},{"transform":{},"name":"star04","parent":"root"},{"transform":{},"name":"star05","parent":"root"},{"transform":{},"name":"slash02","parent":"slash"},{"transform":{},"name":"slash01","parent":"slash"}],"type":"Armature","frameRate":30,"animation":[{"bone":[{"frame":[{"curve":[0.25,0,0.738,0.21],"transform":{"scY":0.999,"scX":0.999},"duration":8},{"tweenEasing":0,"transform":{"scY":9.878,"scX":9.878},"duration":2},{"transform":{"scY":10.454,"scX":10.454},"duration":20},{"transform":{"scY":10.454,"scX":10.454},"duration":0}],"name":"balllight"},{"frame":[{"transform":{},"duration":10},{"curve":[0.085,0.5,0.875,1],"transform":{},"duration":6},{"tweenEasing":0,"transform":{"scX":1.2},"duration":5},{"transform":{"y":-41.62,"scX":0.5},"duration":9},{"transform":{"y":-41.62,"scX":0.5},"duration":0}],"name":"particle01a"},{"frame":[{"curve":[0.347,0.06,0.707,0],"transform":{},"duration":8},{"transform":{"scY":0,"scX":0},"duration":2},{"transform":{"scY":0,"scX":0},"duration":20},{"transform":{"scY":0,"scX":0},"duration":0}],"name":"particle02"},{"frame":[{"transform":{},"duration":10},{"curve":[0.085,0.5,0.875,1],"transform":{},"duration":6},{"tweenEasing":0,"transform":{"scX":1.2},"duration":5},{"transform":{"y":-54.7,"scX":0.5,"x":31.54},"duration":9},{"transform":{"y":-54.7,"scX":0.5,"x":31.54},"duration":0}],"name":"particle01b"},{"frame":[{"transform":{},"duration":10},{"curve":[0.085,0.5,0.875,1],"transform":{},"duration":6},{"tweenEasing":0,"transform":{"scX":1.2},"duration":5},{"transform":{"y":-17.54,"scX":0.5,"x":76.6},"duration":9},{"transform":{"y":-17.54,"scX":0.5,"x":76.6},"duration":0}],"name":"particle01c"},{"frame":[{"transform":{},"duration":10},{"curve":[0.085,0.5,0.875,1],"transform":{},"duration":6},{"tweenEasing":0,"transform":{"scX":1.2},"duration":5},{"transform":{"y":22.34,"scX":0.5,"x":32.52},"duration":9},{"transform":{"y":22.34,"scX":0.5,"x":32.52},"duration":0}],"name":"particle01d"},{"frame":[{"transform":{},"duration":10},{"curve":[0.085,0.5,0.875,1],"transform":{},"duration":6},{"tweenEasing":0,"transform":{"scX":1.2},"duration":5},{"transform":{"y":64.25,"scX":0.5,"x":-11.66},"duration":9},{"transform":{"y":64.25,"scX":0.5,"x":-11.66},"duration":0}],"name":"particle01e"},{"frame":[{"transform":{},"duration":10},{"curve":[0.085,0.5,0.875,1],"transform":{},"duration":6},{"tweenEasing":0,"transform":{"scX":1.2},"duration":5},{"transform":{"y":19.54,"scX":0.5,"x":-29.95},"duration":9},{"transform":{"y":19.54,"scX":0.5,"x":-29.95},"duration":0}],"name":"particle01f"},{"frame":[{"transform":{},"duration":10},{"curve":[0.085,0.5,0.875,1],"transform":{},"duration":6},{"tweenEasing":0,"transform":{"scX":1.2},"duration":5},{"transform":{"y":-20.43,"scX":0.5,"x":-76.69},"duration":9},{"transform":{"y":-20.43,"scX":0.5,"x":-76.69},"duration":0}],"name":"particle01g"},{"frame":[{"transform":{},"duration":10},{"curve":[0.085,0.5,0.875,1],"transform":{},"duration":6},{"tweenEasing":0,"transform":{"scX":1.2},"duration":5},{"transform":{"y":-68.65,"scX":0.5,"x":-41.07},"duration":9},{"transform":{"y":-68.65,"scX":0.5,"x":-41.07},"duration":0}],"name":"particle01h"},{"frame":[{"tweenEasing":0,"transform":{"scY":0.999,"scX":0.999},"duration":10},{"curve":[0.085,0.5,0.75,1],"transform":{"scY":11.099,"scX":11.099},"duration":6},{"tweenEasing":0,"transform":{"scY":11.099,"skX":180,"skY":180,"scX":11.099},"duration":5},{"tweenEasing":0,"transform":{"scY":11.099,"skX":-90,"skY":-90,"scX":11.099},"duration":4},{"tweenEasing":0,"transform":{"scY":11.099,"scX":11.099},"duration":3},{"tweenEasing":0,"transform":{"scY":11.099,"skX":90,"skY":90,"scX":11.099},"duration":2},{"transform":{"scY":35,"skX":120,"skY":120,"scX":35},"duration":0}],"name":"ring01"},{"frame":[{"transform":{},"duration":10},{"curve":[0.17,1,0.75,1],"transform":{},"duration":8},{"transform":{"scY":21.146,"scX":21.146},"duration":12},{"transform":{"scY":21.146,"scX":21.146},"duration":0}],"name":"ring02"},{"frame":[{"tweenEasing":0,"transform":{},"duration":10},{"curve":[0.17,1,0.75,1],"transform":{"scY":5.093,"scX":5.093},"duration":1},{"curve":[0.564,0,0.875,0.12],"transform":{"scY":13.41,"scX":13.41},"duration":4},{"tweenEasing":0,"transform":{"scY":0,"scX":0},"duration":8},{"transform":{"scY":0.054,"scX":0.054},"duration":7},{"transform":{"scY":0.054,"scX":0.054},"duration":0}],"name":"slash01"},{"frame":[{"tweenEasing":0,"transform":{},"duration":10},{"curve":[0.17,1,0.75,1],"transform":{"scY":5.093,"scX":5.093},"duration":1},{"curve":[0.189,0,0.504,0],"transform":{"scY":13.41,"scX":13.41},"duration":4},{"tweenEasing":0,"transform":{"scY":0,"scX":0},"duration":8},{"transform":{"scY":0.054,"scX":0.054},"duration":7},{"transform":{"scY":0.054,"scX":0.054},"duration":0}],"name":"slash02"},{"frame":[{"transform":{},"duration":10},{"curve":[0.287,1,0.75,1],"transform":{},"duration":7},{"curve":[0.247,0.15,0.75,1],"transform":{"y":-73.75,"x":11.85},"duration":6},{"transform":{"y":-71.76,"x":14.48},"duration":7},{"transform":{"y":-71.76,"x":14.48},"duration":0}],"name":"star01"},{"frame":[{"transform":{},"duration":10},{"tweenEasing":0,"transform":{},"duration":4},{"tweenEasing":0,"transform":{"y":-13.33,"x":28.78},"duration":2},{"tweenEasing":0,"transform":{"y":-18.95,"x":42.11},"duration":1},{"tweenEasing":0,"transform":{"y":-18.95,"x":51.24},"duration":3},{"tweenEasing":0,"transform":{"y":-15.44,"x":65.98},"duration":1},{"tweenEasing":0,"transform":{"y":-9.82,"x":77.92},"duration":2},{"tweenEasing":0,"transform":{"y":0.7,"x":87.74},"duration":1},{"transform":{"y":15.44,"x":103.19},"duration":6},{"transform":{"y":15.44,"x":103.19},"duration":0}],"name":"star02"},{"frame":[{"transform":{},"duration":10},{"curve":[0.292,0.36,0.63,0.69],"transform":{},"duration":2},{"curve":[0.31,0.37,0.648,0.7],"transform":{"y":27.94,"x":35.75},"duration":2},{"curve":[0.347,0.69,0.757,1],"transform":{"y":49.74,"x":60.24},"duration":10},{"transform":{"y":119.15,"x":105.42},"duration":6},{"transform":{"y":119.15,"x":105.42},"duration":0}],"name":"star03"},{"frame":[{"transform":{},"duration":10},{"curve":[0.259,0.39,0.605,0.72],"transform":{},"duration":3},{"curve":[0.302,0.44,0.651,0.76],"transform":{"y":9.47,"x":-54.96},"duration":4},{"curve":[0.377,0.72,0.753,1],"transform":{"y":26.26,"x":-88.34},"duration":6},{"transform":{"y":48.2,"x":-107.41},"duration":7},{"transform":{"y":48.2,"x":-107.41},"duration":0}],"name":"star04"},{"frame":[{"transform":{},"duration":10},{"curve":[0.312,0.34,0.646,0.68],"transform":{},"duration":1},{"curve":[0.291,0.38,0.629,0.71],"transform":{"y":-29.16,"x":-19.31},"duration":2},{"curve":[0.311,0.39,0.649,0.72],"transform":{"y":-61.86,"x":-60.17},"duration":2},{"curve":[0.353,0.8,0.759,1],"transform":{"y":-72.06,"x":-85.35},"duration":9},{"transform":{"y":-72.47,"x":-120.4},"duration":6},{"transform":{"y":-72.47,"x":-120.4},"duration":0}],"name":"star05"},{"frame":[{"transform":{},"duration":10},{"transform":{},"duration":20},{"transform":{},"duration":0}],"name":"root"},{"frame":[{"transform":{"scY":0.999,"scX":0.999},"duration":10},{"transform":{"scY":0.999,"scX":0.999},"duration":20},{"transform":{"scY":0.999,"scX":0.999},"duration":0}],"name":"slash"}],"slot":[{"frame":[{"tweenEasing":0,"color":{"aM":0},"duration":5},{"tweenEasing":null,"duration":3},{"tweenEasing":0,"duration":3},{"tweenEasing":null,"color":{"aM":0},"duration":18},{"tweenEasing":0,"color":{"aM":0},"duration":1},{"tweenEasing":null,"color":{"aM":0},"duration":0}],"name":"balllight01"},{"frame":[{"tweenEasing":0,"color":{"aM":0},"duration":10},{"curve":[0.085,0.5,0.875,1],"color":{"aM":0},"duration":1},{"tweenEasing":null,"duration":5},{"tweenEasing":0,"duration":5},{"tweenEasing":null,"color":{"aM":0},"duration":8},{"tweenEasing":0,"color":{"aM":0},"duration":1},{"tweenEasing":null,"color":{"aM":0},"duration":0}],"name":"particle01"},{"frame":[{"tweenEasing":0,"color":{"aM":0},"duration":5},{"tweenEasing":null,"duration":24},{"tweenEasing":0,"duration":1},{"tweenEasing":null,"color":{"aM":0},"duration":0}],"name":"particle02"},{"frame":[{"tweenEasing":0,"color":{"aM":0},"duration":10},{"curve":[0.085,0.5,0.875,1],"color":{"aM":0},"duration":1},{"tweenEasing":null,"duration":5},{"tweenEasing":0,"duration":5},{"tweenEasing":null,"color":{"aM":0},"duration":8},{"tweenEasing":0,"color":{"aM":0},"duration":1},{"tweenEasing":null,"color":{"aM":0},"duration":0}],"name":"particle012"},{"frame":[{"tweenEasing":0,"color":{"aM":0},"duration":10},{"curve":[0.085,0.5,0.875,1],"color":{"aM":0},"duration":1},{"tweenEasing":null,"duration":5},{"tweenEasing":0,"duration":5},{"tweenEasing":null,"color":{"aM":0},"duration":8},{"tweenEasing":0,"color":{"aM":0},"duration":1},{"tweenEasing":null,"color":{"aM":0},"duration":0}],"name":"particle013"},{"frame":[{"tweenEasing":0,"color":{"aM":0},"duration":10},{"curve":[0.085,0.5,0.875,1],"color":{"aM":0},"duration":1},{"tweenEasing":null,"duration":5},{"tweenEasing":0,"duration":5},{"tweenEasing":null,"color":{"aM":0},"duration":8},{"tweenEasing":0,"color":{"aM":0},"duration":1},{"tweenEasing":null,"color":{"aM":0},"duration":0}],"name":"particle014"},{"frame":[{"tweenEasing":0,"color":{"aM":0},"duration":10},{"curve":[0.085,0.5,0.875,1],"color":{"aM":0},"duration":1},{"tweenEasing":null,"duration":5},{"tweenEasing":0,"duration":5},{"tweenEasing":null,"color":{"aM":0},"duration":8},{"tweenEasing":0,"color":{"aM":0},"duration":1},{"tweenEasing":null,"color":{"aM":0},"duration":0}],"name":"particle015"},{"frame":[{"tweenEasing":0,"color":{"aM":0},"duration":10},{"curve":[0.085,0.5,0.875,1],"color":{"aM":0},"duration":1},{"tweenEasing":null,"duration":5},{"tweenEasing":0,"duration":5},{"tweenEasing":null,"color":{"aM":0},"duration":8},{"tweenEasing":0,"color":{"aM":0},"duration":1},{"tweenEasing":null,"color":{"aM":0},"duration":0}],"name":"particle016"},{"frame":[{"tweenEasing":0,"color":{"aM":0},"duration":10},{"curve":[0.085,0.5,0.875,1],"color":{"aM":0},"duration":1},{"tweenEasing":null,"duration":5},{"tweenEasing":0,"duration":5},{"tweenEasing":null,"color":{"aM":0},"duration":8},{"tweenEasing":0,"color":{"aM":0},"duration":1},{"tweenEasing":null,"color":{"aM":0},"duration":0}],"name":"particle017"},{"frame":[{"tweenEasing":0,"color":{"aM":0},"duration":10},{"curve":[0.085,0.5,0.875,1],"color":{"aM":0},"duration":1},{"tweenEasing":null,"duration":5},{"tweenEasing":0,"duration":5},{"tweenEasing":null,"color":{"aM":0},"duration":8},{"tweenEasing":0,"color":{"aM":0},"duration":1},{"tweenEasing":null,"color":{"aM":0},"duration":0}],"name":"particle018"},{"frame":[{"tweenEasing":0,"color":{"aM":0},"duration":10},{"curve":[0.17,1,0.75,1],"color":{"aM":0},"duration":1},{"tweenEasing":null,"duration":4},{"tweenEasing":0,"duration":13},{"tweenEasing":null,"color":{"aM":0},"duration":1},{"tweenEasing":0,"color":{"aM":0},"duration":1},{"tweenEasing":null,"color":{"aM":0},"duration":0}],"name":"ring01"},{"frame":[{"tweenEasing":0,"color":{"aM":0},"duration":10},{"curve":[0.17,1,0.75,1],"color":{"aM":0},"duration":1},{"curve":[0.25,0,0.438,0],"duration":7},{"tweenEasing":null,"color":{"aM":0},"duration":11},{"tweenEasing":0,"color":{"aM":0},"duration":1},{"tweenEasing":null,"color":{"aM":0},"duration":0}],"name":"ring02"},{"frame":[{"tweenEasing":0,"color":{"aM":0},"duration":10},{"curve":[0.17,1,0.75,1],"color":{"aM":0},"duration":1},{"tweenEasing":null,"duration":18},{"tweenEasing":0,"duration":1},{"tweenEasing":null,"color":{"aM":0},"duration":0}],"name":"slash"},{"frame":[{"tweenEasing":0,"color":{"aM":0},"duration":10},{"curve":[0.17,1,0.75,1],"color":{"aM":0},"duration":1},{"tweenEasing":0,"duration":18},{"tweenEasing":0,"color":{"aM":5},"duration":1},{"tweenEasing":null,"color":{"aM":0},"duration":0}],"name":"slash2"},{"frame":[{"tweenEasing":0,"color":{"aM":0},"duration":10},{"tweenEasing":0,"color":{"aM":0},"duration":1},{"tweenEasing":null,"duration":6},{"tweenEasing":0,"duration":6},{"tweenEasing":null,"color":{"aM":0},"duration":6},{"tweenEasing":0,"color":{"aM":0},"duration":1},{"tweenEasing":null,"color":{"aM":0},"duration":0}],"name":"star"},{"frame":[{"tweenEasing":0,"color":{"aM":0},"duration":10},{"tweenEasing":0,"color":{"aM":0},"duration":1},{"tweenEasing":null,"duration":8},{"tweenEasing":0,"duration":5},{"tweenEasing":null,"color":{"aM":0},"duration":5},{"tweenEasing":0,"color":{"aM":0},"duration":1},{"tweenEasing":null,"color":{"aM":0},"duration":0}],"name":"star2"},{"frame":[{"tweenEasing":0,"color":{"aM":0},"duration":10},{"tweenEasing":0,"color":{"aM":0},"duration":1},{"tweenEasing":null,"duration":6},{"tweenEasing":0,"duration":7},{"tweenEasing":null,"color":{"aM":0},"duration":5},{"tweenEasing":0,"color":{"aM":0},"duration":1},{"tweenEasing":null,"color":{"aM":0},"duration":0}],"name":"star3"},{"frame":[{"tweenEasing":0,"color":{"aM":0},"duration":10},{"tweenEasing":0,"color":{"aM":0},"duration":1},{"tweenEasing":null,"duration":6},{"tweenEasing":0,"duration":6},{"tweenEasing":null,"color":{"aM":0},"duration":6},{"tweenEasing":0,"color":{"aM":0},"duration":1},{"tweenEasing":null,"color":{"aM":0},"duration":0}],"name":"star4"},{"frame":[{"tweenEasing":0,"color":{"aM":0},"duration":10},{"tweenEasing":0,"color":{"aM":0},"duration":1},{"tweenEasing":null,"duration":7},{"tweenEasing":0,"duration":5},{"tweenEasing":null,"color":{"aM":0},"duration":6},{"tweenEasing":0,"color":{"aM":0},"duration":1},{"tweenEasing":null,"color":{"aM":0},"duration":0}],"name":"star5"}],"ffd":[],"ik":[],"frame":[],"name":"animation1","duration":30}],"skin":[{"slot":[{"display":[{"path":"slash","type":"image","name":"slash","transform":{}}],"name":"slash"},{"display":[{"path":"particle01","type":"image","name":"particle01","transform":{"skX":-90,"skY":-90,"x":4.39}}],"name":"particle013"},{"display":[{"path":"star","type":"image","name":"star","transform":{}}],"name":"star"},{"display":[{"path":"particle01","type":"image","name":"particle01","transform":{"skX":-90,"skY":-90,"x":4.39}}],"name":"particle012"},{"display":[{"path":"star","type":"image","name":"star","transform":{}}],"name":"star4"},{"display":[{"path":"star","type":"image","name":"star","transform":{}}],"name":"star3"},{"display":[{"path":"ring01","type":"image","name":"ring01","transform":{}}],"name":"ring01"},{"display":[{"path":"particle01","type":"image","name":"particle01","transform":{"skX":-90,"skY":-90,"x":4.39}}],"name":"particle015"},{"display":[{"path":"particle01","type":"image","name":"particle01","transform":{"skX":-90,"skY":-90,"x":4.39}}],"name":"particle01"},{"display":[{"path":"particle01","type":"image","name":"particle01","transform":{"skX":-90,"skY":-90,"x":4.39}}],"name":"particle014"},{"display":[{"path":"particle01","type":"image","name":"particle01","transform":{"skX":-90,"skY":-90,"x":4.39}}],"name":"particle018"},{"display":[{"path":"star","type":"image","name":"star","transform":{}}],"name":"star5"},{"display":[{"path":"slash","type":"image","name":"slash","transform":{"skX":90,"skY":90}}],"name":"slash2"},{"display":[{"path":"ring02","type":"image","name":"ring02","transform":{}}],"name":"ring02"},{"display":[{"path":"particle01","type":"image","name":"particle01","transform":{"skX":-90,"skY":-90,"x":4.39}}],"name":"particle016"},{"display":[{"path":"star","type":"image","name":"star","transform":{}}],"name":"star2"},{"display":[{"path":"balllight01","type":"image","name":"balllight01","transform":{}}],"name":"balllight01"},{"display":[{"path":"particle01","type":"image","name":"particle01","transform":{"skX":-90,"skY":-90,"x":4.39}}],"name":"particle017"},{"display":[{"path":"particle02","type":"image","name":"particle02","transform":{"scY":2.187,"scX":2.187}}],"name":"particle02"}],"name":""}],"defaultActions":[{"gotoAndPlay":"animation1"}],"aabb":{"width":249,"y":-124,"height":248,"x":-124.5},"ik":[],"name":"armatureName","slot":[{"name":"particle02","parent":"particle02","color":{"aM":0}},{"z":1,"name":"balllight01","parent":"balllight","color":{"aM":0}},{"z":2,"name":"ring01","parent":"ring01","color":{"aM":0}},{"z":3,"name":"ring02","parent":"ring02","color":{"aM":0}},{"z":4,"name":"particle01","parent":"particle01a","color":{"aM":0}},{"z":5,"name":"particle012","parent":"particle01b","color":{"aM":0}},{"z":6,"name":"particle013","parent":"particle01c","color":{"aM":0}},{"z":7,"name":"particle014","parent":"particle01d","color":{"aM":0}},{"z":8,"name":"particle015","parent":"particle01e","color":{"aM":0}},{"z":9,"name":"particle016","parent":"particle01f","color":{"aM":0}},{"z":10,"name":"particle017","parent":"particle01g","color":{"aM":0}},{"z":11,"name":"particle018","parent":"particle01h","color":{"aM":0}},{"z":12,"name":"slash","parent":"slash01","color":{"aM":0}},{"z":13,"name":"slash2","parent":"slash02","color":{"aM":0}},{"z":14,"name":"star","parent":"star01","color":{"aM":0}},{"z":15,"name":"star2","parent":"star02","color":{"aM":0}},{"z":16,"name":"star3","parent":"star03","color":{"aM":0}},{"z":17,"name":"star4","parent":"star04","color":{"aM":0}},{"z":18,"name":"star5","parent":"star05","color":{"aM":0}}]}],"name":"states_restore","version":"4.0"}