{"frameRate":30,"name":"hong_daoguang_04_eff","version":"5.5","compatibleVersion":"5.5","armature":[{"type":"Armature","frameRate":30,"name":"armatureName","aabb":{"x":-199.5,"y":-179.34,"width":585.01,"height":387.59},"bone":[{"name":"root"},{"length":100,"name":"hong_daoguang3_eff/hong_daoguang3_eff_01","parent":"root","transform":{"x":235.26,"y":-79.78,"skX":179.42,"skY":179.42}},{"name":"hong_daoguang_04_eff_pz","parent":"root","transform":{"x":-41.58,"y":7.73}},{"length":145,"name":"hong_leidian_01_eff/lan_daoguang_02_eff_01","parent":"root","transform":{"x":169.75,"y":80.74}},{"length":124,"name":"lan_daoguang_01_eff_01","parent":"root","transform":{"skX":-0.92,"skY":-0.92}},{"length":124,"name":"lan_daoguang_01_eff_1","parent":"root","transform":{"skX":-0.92,"skY":-0.92}},{"length":124,"name":"lan_daoguang_01_eff_2","parent":"root","transform":{"skX":-0.92,"skY":-0.92}},{"length":124,"name":"lan_daoguang_01_eff_3","parent":"root","transform":{"skX":-0.92,"skY":-0.92}},{"name":"ys_kulou_eff_02","parent":"root","transform":{"x":401.52,"y":-10.81}}],"slot":[{"name":"hong_daoguang_04_eff_pz","parent":"hong_daoguang_04_eff_pz"},{"displayIndex":-1,"name":"ys_kulou_eff_02","parent":"ys_kulou_eff_02"},{"blendMode":"add","name":"lan_daoguang_01_eff_01","parent":"lan_daoguang_01_eff_01"},{"blendMode":"add","displayIndex":-1,"name":"lan_daoguang_01_eff_1","parent":"lan_daoguang_01_eff_1"},{"blendMode":"add","displayIndex":-1,"name":"lan_daoguang_01_eff_2","parent":"lan_daoguang_01_eff_2"},{"blendMode":"add","displayIndex":-1,"name":"lan_daoguang_01_eff_3","parent":"lan_daoguang_01_eff_3"},{"name":"hong_daoguang3_eff/hong_daoguang3_eff_01","parent":"hong_daoguang3_eff/hong_daoguang3_eff_01"},{"blendMode":"add","name":"hong_leidian_01_eff/lan_daoguang_02_eff_01","parent":"hong_leidian_01_eff/lan_daoguang_02_eff_01"}],"skin":[{"slot":[{"name":"lan_daoguang_01_eff_2","display":[{"name":"lan_daoguang_01_eff_01","transform":{"x":0.54,"y":-2.49,"skX":0.93,"skY":0.93}}]},{"name":"hong_daoguang3_eff/hong_daoguang3_eff_01","display":[{"name":"hong_daoguang3_eff/hong_daoguang3_eff_01","transform":{"x":-0.25,"y":-0.44,"skX":-179.41,"skY":-179.41}},{"name":"hong_daoguang3_eff/hong_daoguang3_eff_02","transform":{"x":-0.25,"y":-0.44,"skX":-179.41,"skY":-179.41}},{"name":"hong_daoguang3_eff/hong_daoguang3_eff_03","transform":{"x":-0.25,"y":-0.44,"skX":-179.41,"skY":-179.41}},{"name":"hong_daoguang3_eff/hong_daoguang3_eff_04","transform":{"x":-0.25,"y":-0.44,"skX":-179.41,"skY":-179.41}}]},{"name":"lan_daoguang_01_eff_3","display":[{"name":"lan_daoguang_01_eff_01","transform":{"x":0.54,"y":-2.49,"skX":0.93,"skY":0.93}}]},{"name":"lan_daoguang_01_eff_1","display":[{"name":"lan_daoguang_01_eff_01","transform":{"x":0.54,"y":-2.49,"skX":0.93,"skY":0.93}}]},{"name":"lan_daoguang_01_eff_01","display":[{"name":"lan_daoguang_01_eff_01","transform":{"x":0.54,"y":-2.49,"skX":0.93,"skY":0.93}}]},{"name":"ys_kulou_eff_02","display":[{"name":"ys_kulou_eff_02","transform":{"x":2.25,"y":-19.19}}]},{"name":"hong_daoguang_04_eff_pz","display":[{"name":"hong_daoguang_04_eff_pz","transform":{"x":42.26,"y":-10.83,"scX":27.978,"scY":4.541}}]},{"name":"hong_leidian_01_eff/lan_daoguang_02_eff_01","display":[{"name":"hong_leidian_01_eff/lan_daoguang_02_eff_01","transform":{"x":75.28,"y":-0.49,"skX":90,"skY":90}},{"name":"hong_leidian_01_eff/lan_daoguang_02_eff_02","transform":{"x":75.28,"y":-0.49,"skX":90,"skY":90}},{"name":"hong_leidian_01_eff/lan_daoguang_02_eff_03","transform":{"x":75.28,"y":-0.49,"skX":90,"skY":90}},{"name":"hong_leidian_01_eff/lan_daoguang_02_eff_04","transform":{"x":75.28,"y":-0.49,"skX":90,"skY":90}}]}]}],"animation":[{"duration":45,"name":"000_yanshi","bone":[{"name":"lan_daoguang_01_eff_01","rotateFrame":[{"duration":45,"rotate":-137.03}],"scaleFrame":[{"duration":15,"tweenEasing":0},{"duration":15,"x":1.53,"y":0.17},{"duration":15,"tweenEasing":0},{"duration":0,"x":1.53,"y":0.17}]},{"name":"hong_daoguang_04_eff_pz","translateFrame":[{"duration":45,"x":7.18,"y":37.78}],"scaleFrame":[{"duration":45,"x":0.85,"y":4.37}]},{"name":"lan_daoguang_01_eff_1","rotateFrame":[{"duration":5,"tweenEasing":0},{"duration":40,"rotate":-32.96}],"scaleFrame":[{"duration":5,"tweenEasing":0},{"duration":15,"tweenEasing":0},{"duration":10,"x":1.53,"y":0.17},{"duration":15,"tweenEasing":0},{"duration":0,"x":1.53,"y":0.17}]},{"name":"lan_daoguang_01_eff_2","rotateFrame":[{"duration":10,"tweenEasing":0},{"duration":35,"rotate":-163.95}],"scaleFrame":[{"duration":10,"tweenEasing":0},{"duration":15,"tweenEasing":0},{"duration":5,"x":1.53,"y":0.17},{"duration":15,"tweenEasing":0},{"duration":0,"x":1.53,"y":0.17}]}],"slot":[{"name":"lan_daoguang_01_eff_01","colorFrame":[{"duration":5},{"duration":10,"tweenEasing":0},{"duration":15,"value":{"aM":0}},{"duration":5},{"duration":10,"tweenEasing":0},{"duration":0,"value":{"aM":0}}]},{"name":"lan_daoguang_01_eff_1","displayFrame":[{"duration":5,"value":-1},{"duration":40}],"colorFrame":[{"duration":10,"tweenEasing":0},{"duration":10,"tweenEasing":0},{"duration":10,"value":{"aM":0}},{"duration":5,"tweenEasing":0},{"duration":10,"tweenEasing":0},{"duration":0,"value":{"aM":0}}]},{"name":"lan_daoguang_01_eff_2","displayFrame":[{"duration":10,"value":-1},{"duration":35}],"colorFrame":[{"duration":17,"tweenEasing":0},{"duration":8,"tweenEasing":0},{"duration":5,"value":{"aM":0}},{"duration":7,"tweenEasing":0},{"duration":8,"tweenEasing":0},{"duration":0,"value":{"aM":0}}]}]},{"duration":15,"name":"001_daoguang1","bone":[{"name":"lan_daoguang_01_eff_01","rotateFrame":[{"duration":15,"rotate":-137.03}],"scaleFrame":[{"duration":15,"tweenEasing":0},{"duration":0,"x":1.53,"y":0.17}]},{"name":"hong_daoguang_04_eff_pz","translateFrame":[{"duration":15,"x":7.18,"y":37.78}],"scaleFrame":[{"duration":15,"x":0.85,"y":4.37}]},{"name":"hong_leidian_01_eff/lan_daoguang_02_eff_01","translateFrame":[{"duration":15,"x":-218.36,"y":-123.76}],"rotateFrame":[{"duration":15,"rotate":42.54}]},{"name":"hong_daoguang3_eff/hong_daoguang3_eff_01","translateFrame":[{"duration":15,"x":-236.87,"y":83.02}],"rotateFrame":[{"duration":15,"rotate":-39.81}]}],"slot":[{"name":"hong_daoguang3_eff/hong_daoguang3_eff_01","displayFrame":[{"duration":3},{"duration":3,"value":1},{"duration":3,"value":2},{"duration":6,"value":3}],"colorFrame":[{"duration":9,"tweenEasing":0},{"duration":6,"tweenEasing":0},{"duration":0,"value":{"aM":0}}]},{"name":"hong_daoguang_04_eff_pz","displayFrame":[{"duration":5},{"duration":10,"value":-1}]},{"name":"hong_leidian_01_eff/lan_daoguang_02_eff_01","displayFrame":[{"duration":3},{"duration":3,"value":1},{"duration":3,"value":2},{"duration":6,"value":3}],"colorFrame":[{"duration":9,"tweenEasing":0},{"duration":6,"tweenEasing":0},{"duration":0,"value":{"aM":0}}]},{"name":"lan_daoguang_01_eff_01","colorFrame":[{"duration":5},{"duration":10,"tweenEasing":0},{"duration":0,"value":{"aM":0}}]}]},{"duration":15,"name":"002_daoguang2","bone":[{"name":"hong_daoguang_04_eff_pz","translateFrame":[{"duration":15,"x":7.18,"y":37.78}],"scaleFrame":[{"duration":15,"x":0.85,"y":4.37}]},{"name":"lan_daoguang_01_eff_1","rotateFrame":[{"duration":15,"rotate":-32.96}],"scaleFrame":[{"duration":15,"tweenEasing":0},{"duration":0,"x":1.53,"y":0.17}]},{"name":"hong_leidian_01_eff/lan_daoguang_02_eff_01","translateFrame":[{"duration":15,"x":-220.55,"y":-47.04}],"rotateFrame":[{"duration":15,"rotate":-34.01}]},{"name":"hong_daoguang3_eff/hong_daoguang3_eff_01","translateFrame":[{"duration":15,"x":-239.31,"y":74.5}],"rotateFrame":[{"duration":15,"rotate":17.52}]}],"slot":[{"name":"hong_daoguang3_eff/hong_daoguang3_eff_01","displayFrame":[{"duration":3},{"duration":3,"value":1},{"duration":3,"value":2},{"duration":6,"value":3}],"colorFrame":[{"duration":9,"tweenEasing":0},{"duration":6,"tweenEasing":0},{"duration":0,"value":{"aM":0}}]},{"name":"hong_daoguang_04_eff_pz","displayFrame":[{"duration":5},{"duration":10,"value":-1}]},{"name":"hong_leidian_01_eff/lan_daoguang_02_eff_01","displayFrame":[{"duration":3},{"duration":3,"value":1},{"duration":3,"value":2},{"duration":6,"value":3}],"colorFrame":[{"duration":9,"tweenEasing":0},{"duration":6,"tweenEasing":0},{"duration":0,"value":{"aM":0}}]},{"name":"lan_daoguang_01_eff_1","displayFrame":[{"duration":15}],"colorFrame":[{"duration":5,"tweenEasing":0},{"duration":10,"tweenEasing":0},{"duration":0,"value":{"aM":0}}]},{"name":"lan_daoguang_01_eff_01","displayFrame":[{"duration":15,"value":-1}]}]},{"duration":15,"name":"003_daoguang3","bone":[{"name":"hong_daoguang_04_eff_pz","translateFrame":[{"duration":15,"x":7.18,"y":37.78}],"scaleFrame":[{"duration":15,"x":0.85,"y":4.37}]},{"name":"lan_daoguang_01_eff_2","rotateFrame":[{"duration":15,"rotate":-163.95}],"scaleFrame":[{"duration":15,"tweenEasing":0},{"duration":0,"x":1.53,"y":0.17}]},{"name":"hong_leidian_01_eff/lan_daoguang_02_eff_01","translateFrame":[{"duration":15,"x":-240.44,"y":-100.46}],"rotateFrame":[{"duration":15,"rotate":16.37}]},{"name":"hong_daoguang3_eff/hong_daoguang3_eff_01","translateFrame":[{"duration":15,"x":-240.44,"y":85.79}],"rotateFrame":[{"duration":15,"rotate":-35.43}]}],"slot":[{"name":"hong_daoguang3_eff/hong_daoguang3_eff_01","displayFrame":[{"duration":3},{"duration":3,"value":1},{"duration":3,"value":2},{"duration":6,"value":3}],"colorFrame":[{"duration":9,"tweenEasing":0},{"duration":6,"tweenEasing":0},{"duration":0,"value":{"aM":0}}]},{"name":"hong_daoguang_04_eff_pz","displayFrame":[{"duration":7},{"duration":8,"value":-1}]},{"name":"hong_leidian_01_eff/lan_daoguang_02_eff_01","displayFrame":[{"duration":3},{"duration":3,"value":1},{"duration":3,"value":2},{"duration":6,"value":3}],"colorFrame":[{"duration":9,"tweenEasing":0},{"duration":6,"tweenEasing":0},{"duration":0,"value":{"aM":0}}]},{"name":"lan_daoguang_01_eff_01","displayFrame":[{"duration":15,"value":-1}]},{"name":"lan_daoguang_01_eff_2","displayFrame":[{"duration":15}],"colorFrame":[{"duration":7,"tweenEasing":0},{"duration":8,"tweenEasing":0},{"duration":0,"value":{"aM":0}}]}]},{"duration":20,"name":"004_dadaoguang","bone":[{"name":"lan_daoguang_01_eff_01","rotateFrame":[{"duration":20,"rotate":-137.03}],"scaleFrame":[{"duration":15,"tweenEasing":0},{"duration":5,"x":1.53,"y":0.17}]},{"name":"hong_daoguang_04_eff_pz","translateFrame":[{"duration":20,"x":7.18,"y":37.78}],"scaleFrame":[{"duration":20,"x":0.85,"y":4.37}]},{"name":"lan_daoguang_01_eff_1","rotateFrame":[{"duration":20,"rotate":-32.96}],"scaleFrame":[{"duration":15,"tweenEasing":0},{"duration":5,"x":1.53,"y":0.17}]},{"name":"lan_daoguang_01_eff_2","rotateFrame":[{"duration":20,"rotate":-163.95}],"scaleFrame":[{"duration":15,"tweenEasing":0},{"duration":5,"x":1.53,"y":0.17}]},{"name":"ys_kulou_eff_02","translateFrame":[{"duration":20,"x":-400.15,"y":27.29}],"scaleFrame":[{"duration":20,"curve":[0,0.67,0.75,1],"x":0.5,"y":0.5},{"duration":0}]}],"slot":[{"name":"hong_daoguang3_eff/hong_daoguang3_eff_01","displayFrame":[{"duration":20,"value":-1}]},{"name":"hong_daoguang_04_eff_pz","displayFrame":[{"duration":5},{"duration":15,"value":-1}]},{"name":"hong_leidian_01_eff/lan_daoguang_02_eff_01","displayFrame":[{"duration":20,"value":-1}]},{"name":"lan_daoguang_01_eff_01","colorFrame":[{"duration":5},{"duration":10,"tweenEasing":0},{"duration":5,"value":{"aM":0}}]},{"name":"lan_daoguang_01_eff_1","displayFrame":[{"duration":20}],"colorFrame":[{"duration":5,"tweenEasing":0},{"duration":10,"tweenEasing":0},{"duration":5,"value":{"aM":0}}]},{"name":"lan_daoguang_01_eff_2","displayFrame":[{"duration":20}],"colorFrame":[{"duration":7,"tweenEasing":0},{"duration":8,"tweenEasing":0},{"duration":5,"value":{"aM":0}}]},{"name":"ys_kulou_eff_02","displayFrame":[{"duration":20}],"colorFrame":[{"duration":20,"curve":[0.2,0.33,0.8875,1]},{"duration":0,"value":{"aM":0}}]}]}],"defaultActions":[{"gotoAndPlay":"000_yanshi"}]}]}